ISO-10303-21;
HEADER;
/* Generated by software containing ST-Developer
 * from STEP Tools, Inc. (www.steptools.com) 
 */

FILE_DESCRIPTION(
/* description */ (''),
/* implementation_level */ '2;1');

FILE_NAME(
/* name */ 'C:\\Users\\Zack\\Downloads\\FUSC2612X75L_Green.stp',
/* time_stamp */ '2023-02-04T00:21:20-06:00',
/* author */ ('Zack'),
/* organization */ (''),
/* preprocessor_version */ 'ST-DEVELOPER v19',
/* originating_system */ 'Autodesk Inventor 2023',
/* authorisation */ '');

FILE_SCHEMA (('AUTOMOTIVE_DESIGN { 1 0 10303 214 3 1 1 }'));
ENDSEC;

DATA;
#10=MECHANICAL_DESIGN_GEOMETRIC_PRESENTATION_REPRESENTATION('',(#1913,#1914,
#1915,#1916,#1917,#1918,#1919,#1920,#1921,#1922,#1923,#1924,#1925,#1926,
#1927,#1928,#1929,#1930,#1931,#1932,#1933,#1934,#1935,#1936,#1937,#1938,
#1939,#1940,#1941,#1942,#1943,#1944,#1945,#1946,#1947,#1948,#1949,#1950,
#1951,#1952,#1953,#1954,#1955,#1956,#1957,#1958,#1959,#1960,#1961,#1962,
#1963,#1964,#1965,#1966,#1967,#1968,#1969,#1970,#1971,#1972,#1973,#1974,
#1975,#1976,#1977,#1978,#1979,#1980,#1981,#1982,#1983,#1984,#1985,#1986,
#1987,#1988,#1989,#1990,#1991,#1992,#1993,#1994,#1995,#1996,#1997,#1998,
#1999,#2000,#2001,#2002,#2003,#2004,#2005,#2006,#2007,#2008,#2009,#2010,
#2011,#2012,#2013,#2014,#2015,#2016,#2017,#2018,#2019,#2020,#2021,#2022,
#2023,#2024,#2025,#2026,#2027,#2028,#2029,#2030,#2031,#2032,#2033),#3679);
#11=SHAPE_REPRESENTATION_RELATIONSHIP('SRR','None',#3686,#12);
#12=ADVANCED_BREP_SHAPE_REPRESENTATION('',(#13),#3678);
#13=MANIFOLD_SOLID_BREP('Solid1',#2154);
#14=CYLINDRICAL_SURFACE('',#2221,0.04);
#15=CYLINDRICAL_SURFACE('',#2238,0.04);
#16=CYLINDRICAL_SURFACE('',#2239,0.04);
#17=CYLINDRICAL_SURFACE('',#2248,0.04);
#18=CYLINDRICAL_SURFACE('',#2249,0.04);
#19=CYLINDRICAL_SURFACE('',#2250,0.04);
#20=CYLINDRICAL_SURFACE('',#2251,0.04);
#21=CYLINDRICAL_SURFACE('',#2252,0.04);
#22=CYLINDRICAL_SURFACE('',#2253,0.04);
#23=CYLINDRICAL_SURFACE('',#2254,0.04);
#24=CYLINDRICAL_SURFACE('',#2255,0.04);
#25=CYLINDRICAL_SURFACE('',#2256,0.04);
#26=CYLINDRICAL_SURFACE('',#2270,0.04);
#27=CYLINDRICAL_SURFACE('',#2287,0.04);
#28=CYLINDRICAL_SURFACE('',#2288,0.04);
#29=CYLINDRICAL_SURFACE('',#2297,0.04);
#30=CYLINDRICAL_SURFACE('',#2298,0.04);
#31=CYLINDRICAL_SURFACE('',#2299,0.04);
#32=CYLINDRICAL_SURFACE('',#2300,0.04);
#33=CYLINDRICAL_SURFACE('',#2301,0.04);
#34=CYLINDRICAL_SURFACE('',#2302,0.04);
#35=CYLINDRICAL_SURFACE('',#2303,0.04);
#36=CYLINDRICAL_SURFACE('',#2304,0.04);
#37=CYLINDRICAL_SURFACE('',#2305,0.04);
#38=CIRCLE('',#2214,0.04);
#39=CIRCLE('',#2215,0.04);
#40=CIRCLE('',#2216,0.04);
#41=CIRCLE('',#2218,0.04);
#42=CIRCLE('',#2219,0.04);
#43=CIRCLE('',#2220,0.04);
#44=CIRCLE('',#2223,0.04);
#45=CIRCLE('',#2224,0.04);
#46=CIRCLE('',#2225,0.04);
#47=CIRCLE('',#2227,0.04);
#48=CIRCLE('',#2228,0.04);
#49=CIRCLE('',#2229,0.04);
#50=CIRCLE('',#2231,0.04);
#51=CIRCLE('',#2232,0.04);
#52=CIRCLE('',#2233,0.04);
#53=CIRCLE('',#2235,0.04);
#54=CIRCLE('',#2236,0.04);
#55=CIRCLE('',#2237,0.04);
#56=CIRCLE('',#2241,0.04);
#57=CIRCLE('',#2242,0.04);
#58=CIRCLE('',#2243,0.04);
#59=CIRCLE('',#2245,0.04);
#60=CIRCLE('',#2246,0.04);
#61=CIRCLE('',#2247,0.04);
#62=CIRCLE('',#2263,0.04);
#63=CIRCLE('',#2264,0.04);
#64=CIRCLE('',#2265,0.04);
#65=CIRCLE('',#2267,0.04);
#66=CIRCLE('',#2268,0.04);
#67=CIRCLE('',#2269,0.04);
#68=CIRCLE('',#2272,0.04);
#69=CIRCLE('',#2273,0.04);
#70=CIRCLE('',#2274,0.04);
#71=CIRCLE('',#2276,0.04);
#72=CIRCLE('',#2277,0.04);
#73=CIRCLE('',#2278,0.04);
#74=CIRCLE('',#2280,0.04);
#75=CIRCLE('',#2281,0.04);
#76=CIRCLE('',#2282,0.04);
#77=CIRCLE('',#2284,0.04);
#78=CIRCLE('',#2285,0.04);
#79=CIRCLE('',#2286,0.04);
#80=CIRCLE('',#2290,0.04);
#81=CIRCLE('',#2291,0.04);
#82=CIRCLE('',#2292,0.04);
#83=CIRCLE('',#2294,0.04);
#84=CIRCLE('',#2295,0.04);
#85=CIRCLE('',#2296,0.04);
#86=SPHERICAL_SURFACE('',#2213,0.04);
#87=SPHERICAL_SURFACE('',#2217,0.04);
#88=SPHERICAL_SURFACE('',#2222,0.04);
#89=SPHERICAL_SURFACE('',#2226,0.04);
#90=SPHERICAL_SURFACE('',#2230,0.04);
#91=SPHERICAL_SURFACE('',#2234,0.04);
#92=SPHERICAL_SURFACE('',#2240,0.04);
#93=SPHERICAL_SURFACE('',#2244,0.04);
#94=SPHERICAL_SURFACE('',#2262,0.04);
#95=SPHERICAL_SURFACE('',#2266,0.04);
#96=SPHERICAL_SURFACE('',#2271,0.04);
#97=SPHERICAL_SURFACE('',#2275,0.04);
#98=SPHERICAL_SURFACE('',#2279,0.04);
#99=SPHERICAL_SURFACE('',#2283,0.04);
#100=SPHERICAL_SURFACE('',#2289,0.04);
#101=SPHERICAL_SURFACE('',#2293,0.04);
#102=FACE_BOUND('',#328,.T.);
#103=FACE_BOUND('',#376,.T.);
#104=FACE_BOUND('',#377,.T.);
#105=FACE_BOUND('',#431,.T.);
#106=FACE_BOUND('',#434,.T.);
#107=B_SPLINE_CURVE_WITH_KNOTS('',2,(#2803,#2804,#2805),.UNSPECIFIED.,.F.,
 .F.,(3,3),(0.,1.),.UNSPECIFIED.);
#108=B_SPLINE_CURVE_WITH_KNOTS('',2,(#2807,#2808,#2809),.UNSPECIFIED.,.F.,
 .F.,(3,3),(-1.,0.),.UNSPECIFIED.);
#109=B_SPLINE_CURVE_WITH_KNOTS('',2,(#2824,#2825,#2826),.UNSPECIFIED.,.F.,
 .F.,(3,3),(0.,1.),.UNSPECIFIED.);
#110=B_SPLINE_CURVE_WITH_KNOTS('',2,(#2828,#2829,#2830),.UNSPECIFIED.,.F.,
 .F.,(3,3),(-1.,0.),.UNSPECIFIED.);
#111=B_SPLINE_CURVE_WITH_KNOTS('',2,(#2845,#2846,#2847),.UNSPECIFIED.,.F.,
 .F.,(3,3),(0.,1.),.UNSPECIFIED.);
#112=B_SPLINE_CURVE_WITH_KNOTS('',2,(#2849,#2850,#2851),.UNSPECIFIED.,.F.,
 .F.,(3,3),(-1.,0.),.UNSPECIFIED.);
#113=B_SPLINE_CURVE_WITH_KNOTS('',2,(#2866,#2867,#2868),.UNSPECIFIED.,.F.,
 .F.,(3,3),(0.,1.),.UNSPECIFIED.);
#114=B_SPLINE_CURVE_WITH_KNOTS('',2,(#2870,#2871,#2872),.UNSPECIFIED.,.F.,
 .F.,(3,3),(-1.,0.),.UNSPECIFIED.);
#115=B_SPLINE_CURVE_WITH_KNOTS('',2,(#2887,#2888,#2889),.UNSPECIFIED.,.F.,
 .F.,(3,3),(0.,1.),.UNSPECIFIED.);
#116=B_SPLINE_CURVE_WITH_KNOTS('',2,(#2891,#2892,#2893),.UNSPECIFIED.,.F.,
 .F.,(3,3),(-1.,0.),.UNSPECIFIED.);
#117=B_SPLINE_CURVE_WITH_KNOTS('',2,(#2908,#2909,#2910),.UNSPECIFIED.,.F.,
 .F.,(3,3),(0.,1.),.UNSPECIFIED.);
#118=B_SPLINE_CURVE_WITH_KNOTS('',2,(#2912,#2913,#2914),.UNSPECIFIED.,.F.,
 .F.,(3,3),(-1.,0.),.UNSPECIFIED.);
#119=B_SPLINE_CURVE_WITH_KNOTS('',2,(#2929,#2930,#2931),.UNSPECIFIED.,.F.,
 .F.,(3,3),(0.,1.),.UNSPECIFIED.);
#120=B_SPLINE_CURVE_WITH_KNOTS('',2,(#2933,#2934,#2935),.UNSPECIFIED.,.F.,
 .F.,(3,3),(-1.,0.),.UNSPECIFIED.);
#121=B_SPLINE_CURVE_WITH_KNOTS('',2,(#2949,#2950,#2951),.UNSPECIFIED.,.F.,
 .F.,(3,3),(0.,1.),.UNSPECIFIED.);
#122=B_SPLINE_CURVE_WITH_KNOTS('',2,(#2952,#2953,#2954),.UNSPECIFIED.,.F.,
 .F.,(3,3),(-1.,0.),.UNSPECIFIED.);
#123=B_SPLINE_CURVE_WITH_KNOTS('',2,(#2960,#2961,#2962,#2963),
 .UNSPECIFIED.,.F.,.F.,(3,1,3),(0.,1.,2.),.UNSPECIFIED.);
#124=B_SPLINE_CURVE_WITH_KNOTS('',2,(#2965,#2966,#2967,#2968),
 .UNSPECIFIED.,.F.,.F.,(3,1,3),(0.,1.,2.),.UNSPECIFIED.);
#125=B_SPLINE_CURVE_WITH_KNOTS('',2,(#2972,#2973,#2974,#2975),
 .UNSPECIFIED.,.F.,.F.,(3,1,3),(0.,1.,2.),.UNSPECIFIED.);
#126=B_SPLINE_CURVE_WITH_KNOTS('',2,(#2977,#2978,#2979,#2980),
 .UNSPECIFIED.,.F.,.F.,(3,1,3),(0.,1.,2.),.UNSPECIFIED.);
#127=B_SPLINE_CURVE_WITH_KNOTS('',2,(#2984,#2985,#2986),.UNSPECIFIED.,.F.,
 .F.,(3,3),(0.,1.),.UNSPECIFIED.);
#128=B_SPLINE_CURVE_WITH_KNOTS('',2,(#2990,#2991,#2992),.UNSPECIFIED.,.F.,
 .F.,(3,3),(0.,1.),.UNSPECIFIED.);
#129=B_SPLINE_CURVE_WITH_KNOTS('',2,(#2996,#2997,#2998),.UNSPECIFIED.,.F.,
 .F.,(3,3),(0.,1.),.UNSPECIFIED.);
#130=B_SPLINE_CURVE_WITH_KNOTS('',2,(#3002,#3003,#3004,#3005),
 .UNSPECIFIED.,.F.,.F.,(3,1,3),(0.,1.,2.),.UNSPECIFIED.);
#131=B_SPLINE_CURVE_WITH_KNOTS('',2,(#3009,#3010,#3011),.UNSPECIFIED.,.F.,
 .F.,(3,3),(0.,1.),.UNSPECIFIED.);
#132=B_SPLINE_CURVE_WITH_KNOTS('',2,(#3015,#3016,#3017),.UNSPECIFIED.,.F.,
 .F.,(3,3),(0.,1.),.UNSPECIFIED.);
#133=B_SPLINE_CURVE_WITH_KNOTS('',2,(#3034,#3035,#3036,#3037),
 .UNSPECIFIED.,.F.,.F.,(3,1,3),(0.,1.,2.),.UNSPECIFIED.);
#134=B_SPLINE_CURVE_WITH_KNOTS('',2,(#3048,#3049,#3050,#3051),
 .UNSPECIFIED.,.F.,.F.,(3,1,3),(0.,1.,2.),.UNSPECIFIED.);
#135=B_SPLINE_CURVE_WITH_KNOTS('',2,(#3066,#3067,#3068,#3069),
 .UNSPECIFIED.,.F.,.F.,(3,1,3),(0.,1.,2.),.UNSPECIFIED.);
#136=B_SPLINE_CURVE_WITH_KNOTS('',2,(#3080,#3081,#3082,#3083),
 .UNSPECIFIED.,.F.,.F.,(3,1,3),(0.,1.,2.),.UNSPECIFIED.);
#137=B_SPLINE_CURVE_WITH_KNOTS('',2,(#3096,#3097,#3098),.UNSPECIFIED.,.F.,
 .F.,(3,3),(0.,1.),.UNSPECIFIED.);
#138=B_SPLINE_CURVE_WITH_KNOTS('',2,(#3111,#3112,#3113),.UNSPECIFIED.,.F.,
 .F.,(3,3),(0.,1.),.UNSPECIFIED.);
#139=B_SPLINE_CURVE_WITH_KNOTS('',2,(#3126,#3127,#3128),.UNSPECIFIED.,.F.,
 .F.,(3,3),(0.,1.),.UNSPECIFIED.);
#140=B_SPLINE_CURVE_WITH_KNOTS('',2,(#3143,#3144,#3145,#3146),
 .UNSPECIFIED.,.F.,.F.,(3,1,3),(0.,1.,2.),.UNSPECIFIED.);
#141=B_SPLINE_CURVE_WITH_KNOTS('',2,(#3159,#3160,#3161),.UNSPECIFIED.,.F.,
 .F.,(3,3),(0.,1.),.UNSPECIFIED.);
#142=B_SPLINE_CURVE_WITH_KNOTS('',2,(#3174,#3175,#3176),.UNSPECIFIED.,.F.,
 .F.,(3,3),(0.,1.),.UNSPECIFIED.);
#143=B_SPLINE_CURVE_WITH_KNOTS('',2,(#3185,#3186,#3187,#3188),
 .UNSPECIFIED.,.F.,.F.,(3,1,3),(0.,1.,2.),.UNSPECIFIED.);
#144=B_SPLINE_CURVE_WITH_KNOTS('',2,(#3190,#3191,#3192,#3193),
 .UNSPECIFIED.,.F.,.F.,(3,1,3),(0.,1.,2.),.UNSPECIFIED.);
#145=B_SPLINE_CURVE_WITH_KNOTS('',2,(#3203,#3204,#3205,#3206),
 .UNSPECIFIED.,.F.,.F.,(3,1,3),(0.,1.,2.),.UNSPECIFIED.);
#146=B_SPLINE_CURVE_WITH_KNOTS('',2,(#3208,#3209,#3210,#3211),
 .UNSPECIFIED.,.F.,.F.,(3,1,3),(0.,1.,2.),.UNSPECIFIED.);
#147=B_SPLINE_CURVE_WITH_KNOTS('',2,(#3217,#3218,#3219,#3220),
 .UNSPECIFIED.,.F.,.F.,(3,1,3),(0.,1.,2.),.UNSPECIFIED.);
#148=B_SPLINE_CURVE_WITH_KNOTS('',2,(#3224,#3225,#3226),.UNSPECIFIED.,.F.,
 .F.,(3,3),(0.,1.),.UNSPECIFIED.);
#149=B_SPLINE_CURVE_WITH_KNOTS('',2,(#3232,#3233,#3234),.UNSPECIFIED.,.F.,
 .F.,(3,3),(0.,1.),.UNSPECIFIED.);
#150=B_SPLINE_CURVE_WITH_KNOTS('',2,(#3238,#3239,#3240),.UNSPECIFIED.,.F.,
 .F.,(3,3),(0.,1.),.UNSPECIFIED.);
#151=B_SPLINE_CURVE_WITH_KNOTS('',2,(#3246,#3247,#3248,#3249),
 .UNSPECIFIED.,.F.,.F.,(3,1,3),(0.,1.,2.),.UNSPECIFIED.);
#152=B_SPLINE_CURVE_WITH_KNOTS('',2,(#3251,#3252,#3253,#3254),
 .UNSPECIFIED.,.F.,.F.,(3,1,3),(0.,1.,2.),.UNSPECIFIED.);
#153=B_SPLINE_CURVE_WITH_KNOTS('',2,(#3275,#3276,#3277,#3278),
 .UNSPECIFIED.,.F.,.F.,(3,1,3),(0.,1.,2.),.UNSPECIFIED.);
#154=B_SPLINE_CURVE_WITH_KNOTS('',2,(#3289,#3290,#3291,#3292),
 .UNSPECIFIED.,.F.,.F.,(3,1,3),(0.,1.,2.),.UNSPECIFIED.);
#155=B_SPLINE_CURVE_WITH_KNOTS('',2,(#3319,#3320,#3321,#3322),
 .UNSPECIFIED.,.F.,.F.,(3,1,3),(0.,1.,2.),.UNSPECIFIED.);
#156=B_SPLINE_CURVE_WITH_KNOTS('',2,(#3333,#3334,#3335,#3336),
 .UNSPECIFIED.,.F.,.F.,(3,1,3),(0.,1.,2.),.UNSPECIFIED.);
#157=B_SPLINE_CURVE_WITH_KNOTS('',2,(#3355,#3356,#3357,#3358),
 .UNSPECIFIED.,.F.,.F.,(3,1,3),(0.,1.,2.),.UNSPECIFIED.);
#158=B_SPLINE_CURVE_WITH_KNOTS('',2,(#3371,#3372,#3373),.UNSPECIFIED.,.F.,
 .F.,(3,3),(0.,1.),.UNSPECIFIED.);
#159=B_SPLINE_CURVE_WITH_KNOTS('',2,(#3390,#3391,#3392),.UNSPECIFIED.,.F.,
 .F.,(3,3),(0.,1.),.UNSPECIFIED.);
#160=B_SPLINE_CURVE_WITH_KNOTS('',2,(#3405,#3406,#3407),.UNSPECIFIED.,.F.,
 .F.,(3,3),(0.,1.),.UNSPECIFIED.);
#161=B_SPLINE_CURVE_WITH_KNOTS('',2,(#3426,#3427,#3428,#3429),
 .UNSPECIFIED.,.F.,.F.,(3,1,3),(0.,1.,2.),.UNSPECIFIED.);
#162=B_SPLINE_CURVE_WITH_KNOTS('',2,(#3440,#3441,#3442,#3443),
 .UNSPECIFIED.,.F.,.F.,(3,1,3),(0.,1.,2.),.UNSPECIFIED.);
#163=B_SPLINE_SURFACE_WITH_KNOTS('',2,1,((#2796,#2797),(#2798,#2799),(#2800,
#2801)),.UNSPECIFIED.,.F.,.F.,.F.,(3,3),(2,2),(0.,1.),(0.,0.0001),
 .UNSPECIFIED.);
#164=B_SPLINE_SURFACE_WITH_KNOTS('',2,1,((#2817,#2818),(#2819,#2820),(#2821,
#2822)),.UNSPECIFIED.,.F.,.F.,.F.,(3,3),(2,2),(0.,1.),(0.,0.0001),
 .UNSPECIFIED.);
#165=B_SPLINE_SURFACE_WITH_KNOTS('',2,1,((#2838,#2839),(#2840,#2841),(#2842,
#2843)),.UNSPECIFIED.,.F.,.F.,.F.,(3,3),(2,2),(0.,1.),(0.,0.0001),
 .UNSPECIFIED.);
#166=B_SPLINE_SURFACE_WITH_KNOTS('',2,1,((#2859,#2860),(#2861,#2862),(#2863,
#2864)),.UNSPECIFIED.,.F.,.F.,.F.,(3,3),(2,2),(0.,1.),(0.,0.0001),
 .UNSPECIFIED.);
#167=B_SPLINE_SURFACE_WITH_KNOTS('',2,1,((#2880,#2881),(#2882,#2883),(#2884,
#2885)),.UNSPECIFIED.,.F.,.F.,.F.,(3,3),(2,2),(0.,1.),(0.,0.0001),
 .UNSPECIFIED.);
#168=B_SPLINE_SURFACE_WITH_KNOTS('',2,1,((#2901,#2902),(#2903,#2904),(#2905,
#2906)),.UNSPECIFIED.,.F.,.F.,.F.,(3,3),(2,2),(0.,1.),(0.,0.0001),
 .UNSPECIFIED.);
#169=B_SPLINE_SURFACE_WITH_KNOTS('',2,1,((#2922,#2923),(#2924,#2925),(#2926,
#2927)),.UNSPECIFIED.,.F.,.F.,.F.,(3,3),(2,2),(0.,1.),(0.,0.0001),
 .UNSPECIFIED.);
#170=B_SPLINE_SURFACE_WITH_KNOTS('',2,1,((#2943,#2944),(#2945,#2946),(#2947,
#2948)),.UNSPECIFIED.,.F.,.F.,.F.,(3,3),(2,2),(0.,1.),(0.,0.0001),
 .UNSPECIFIED.);
#171=B_SPLINE_SURFACE_WITH_KNOTS('',2,1,((#3025,#3026),(#3027,#3028),(#3029,
#3030),(#3031,#3032)),.UNSPECIFIED.,.F.,.F.,.F.,(3,1,3),(2,2),(0.,1.,2.),
(0.,0.0001),.UNSPECIFIED.);
#172=B_SPLINE_SURFACE_WITH_KNOTS('',2,1,((#3039,#3040),(#3041,#3042),(#3043,
#3044),(#3045,#3046)),.UNSPECIFIED.,.F.,.F.,.F.,(3,1,3),(2,2),(0.,1.,2.),
(0.,0.0001),.UNSPECIFIED.);
#173=B_SPLINE_SURFACE_WITH_KNOTS('',2,1,((#3057,#3058),(#3059,#3060),(#3061,
#3062),(#3063,#3064)),.UNSPECIFIED.,.F.,.F.,.F.,(3,1,3),(2,2),(0.,1.,2.),
(0.,0.0001),.UNSPECIFIED.);
#174=B_SPLINE_SURFACE_WITH_KNOTS('',2,1,((#3071,#3072),(#3073,#3074),(#3075,
#3076),(#3077,#3078)),.UNSPECIFIED.,.F.,.F.,.F.,(3,1,3),(2,2),(0.,1.,2.),
(0.,0.0001),.UNSPECIFIED.);
#175=B_SPLINE_SURFACE_WITH_KNOTS('',2,1,((#3089,#3090),(#3091,#3092),(#3093,
#3094)),.UNSPECIFIED.,.F.,.F.,.F.,(3,3),(2,2),(0.,1.),(0.,0.0001),
 .UNSPECIFIED.);
#176=B_SPLINE_SURFACE_WITH_KNOTS('',2,1,((#3104,#3105),(#3106,#3107),(#3108,
#3109)),.UNSPECIFIED.,.F.,.F.,.F.,(3,3),(2,2),(0.,1.),(0.,0.0001),
 .UNSPECIFIED.);
#177=B_SPLINE_SURFACE_WITH_KNOTS('',2,1,((#3119,#3120),(#3121,#3122),(#3123,
#3124)),.UNSPECIFIED.,.F.,.F.,.F.,(3,3),(2,2),(0.,1.),(0.,0.0001),
 .UNSPECIFIED.);
#178=B_SPLINE_SURFACE_WITH_KNOTS('',2,1,((#3134,#3135),(#3136,#3137),(#3138,
#3139),(#3140,#3141)),.UNSPECIFIED.,.F.,.F.,.F.,(3,1,3),(2,2),(0.,1.,2.),
(0.,0.0001),.UNSPECIFIED.);
#179=B_SPLINE_SURFACE_WITH_KNOTS('',2,1,((#3152,#3153),(#3154,#3155),(#3156,
#3157)),.UNSPECIFIED.,.F.,.F.,.F.,(3,3),(2,2),(0.,1.),(0.,0.0001),
 .UNSPECIFIED.);
#180=B_SPLINE_SURFACE_WITH_KNOTS('',2,1,((#3167,#3168),(#3169,#3170),(#3171,
#3172)),.UNSPECIFIED.,.F.,.F.,.F.,(3,3),(2,2),(0.,1.),(0.,0.0001),
 .UNSPECIFIED.);
#181=B_SPLINE_SURFACE_WITH_KNOTS('',2,1,((#3266,#3267),(#3268,#3269),(#3270,
#3271),(#3272,#3273)),.UNSPECIFIED.,.F.,.F.,.F.,(3,1,3),(2,2),(0.,1.,2.),
(0.,0.0001),.UNSPECIFIED.);
#182=B_SPLINE_SURFACE_WITH_KNOTS('',2,1,((#3280,#3281),(#3282,#3283),(#3284,
#3285),(#3286,#3287)),.UNSPECIFIED.,.F.,.F.,.F.,(3,1,3),(2,2),(0.,1.,2.),
(0.,0.0001),.UNSPECIFIED.);
#183=B_SPLINE_SURFACE_WITH_KNOTS('',2,1,((#3310,#3311),(#3312,#3313),(#3314,
#3315),(#3316,#3317)),.UNSPECIFIED.,.F.,.F.,.F.,(3,1,3),(2,2),(0.,1.,2.),
(0.,0.0001),.UNSPECIFIED.);
#184=B_SPLINE_SURFACE_WITH_KNOTS('',2,1,((#3324,#3325),(#3326,#3327),(#3328,
#3329),(#3330,#3331)),.UNSPECIFIED.,.F.,.F.,.F.,(3,1,3),(2,2),(0.,1.,2.),
(0.,0.0001),.UNSPECIFIED.);
#185=B_SPLINE_SURFACE_WITH_KNOTS('',2,1,((#3346,#3347),(#3348,#3349),(#3350,
#3351),(#3352,#3353)),.UNSPECIFIED.,.F.,.F.,.F.,(3,1,3),(2,2),(0.,1.,2.),
(0.,0.0001),.UNSPECIFIED.);
#186=B_SPLINE_SURFACE_WITH_KNOTS('',2,1,((#3364,#3365),(#3366,#3367),(#3368,
#3369)),.UNSPECIFIED.,.F.,.F.,.F.,(3,3),(2,2),(0.,1.),(0.,0.0001),
 .UNSPECIFIED.);
#187=B_SPLINE_SURFACE_WITH_KNOTS('',2,1,((#3383,#3384),(#3385,#3386),(#3387,
#3388)),.UNSPECIFIED.,.F.,.F.,.F.,(3,3),(2,2),(0.,1.),(0.,0.0001),
 .UNSPECIFIED.);
#188=B_SPLINE_SURFACE_WITH_KNOTS('',2,1,((#3398,#3399),(#3400,#3401),(#3402,
#3403)),.UNSPECIFIED.,.F.,.F.,.F.,(3,3),(2,2),(0.,1.),(0.,0.0001),
 .UNSPECIFIED.);
#189=B_SPLINE_SURFACE_WITH_KNOTS('',2,1,((#3417,#3418),(#3419,#3420),(#3421,
#3422),(#3423,#3424)),.UNSPECIFIED.,.F.,.F.,.F.,(3,1,3),(2,2),(0.,1.,2.),
(0.,0.0001),.UNSPECIFIED.);
#190=B_SPLINE_SURFACE_WITH_KNOTS('',2,1,((#3431,#3432),(#3433,#3434),(#3435,
#3436),(#3437,#3438)),.UNSPECIFIED.,.F.,.F.,.F.,(3,1,3),(2,2),(0.,1.,2.),
(0.,0.0001),.UNSPECIFIED.);
#191=FACE_OUTER_BOUND('',#311,.T.);
#192=FACE_OUTER_BOUND('',#312,.T.);
#193=FACE_OUTER_BOUND('',#313,.T.);
#194=FACE_OUTER_BOUND('',#314,.T.);
#195=FACE_OUTER_BOUND('',#315,.T.);
#196=FACE_OUTER_BOUND('',#316,.T.);
#197=FACE_OUTER_BOUND('',#317,.T.);
#198=FACE_OUTER_BOUND('',#318,.T.);
#199=FACE_OUTER_BOUND('',#319,.T.);
#200=FACE_OUTER_BOUND('',#320,.T.);
#201=FACE_OUTER_BOUND('',#321,.T.);
#202=FACE_OUTER_BOUND('',#322,.T.);
#203=FACE_OUTER_BOUND('',#323,.T.);
#204=FACE_OUTER_BOUND('',#324,.T.);
#205=FACE_OUTER_BOUND('',#325,.T.);
#206=FACE_OUTER_BOUND('',#326,.T.);
#207=FACE_OUTER_BOUND('',#327,.T.);
#208=FACE_OUTER_BOUND('',#329,.T.);
#209=FACE_OUTER_BOUND('',#330,.T.);
#210=FACE_OUTER_BOUND('',#331,.T.);
#211=FACE_OUTER_BOUND('',#332,.T.);
#212=FACE_OUTER_BOUND('',#333,.T.);
#213=FACE_OUTER_BOUND('',#334,.T.);
#214=FACE_OUTER_BOUND('',#335,.T.);
#215=FACE_OUTER_BOUND('',#336,.T.);
#216=FACE_OUTER_BOUND('',#337,.T.);
#217=FACE_OUTER_BOUND('',#338,.T.);
#218=FACE_OUTER_BOUND('',#339,.T.);
#219=FACE_OUTER_BOUND('',#340,.T.);
#220=FACE_OUTER_BOUND('',#341,.T.);
#221=FACE_OUTER_BOUND('',#342,.T.);
#222=FACE_OUTER_BOUND('',#343,.T.);
#223=FACE_OUTER_BOUND('',#344,.T.);
#224=FACE_OUTER_BOUND('',#345,.T.);
#225=FACE_OUTER_BOUND('',#346,.T.);
#226=FACE_OUTER_BOUND('',#347,.T.);
#227=FACE_OUTER_BOUND('',#348,.T.);
#228=FACE_OUTER_BOUND('',#349,.T.);
#229=FACE_OUTER_BOUND('',#350,.T.);
#230=FACE_OUTER_BOUND('',#351,.T.);
#231=FACE_OUTER_BOUND('',#352,.T.);
#232=FACE_OUTER_BOUND('',#353,.T.);
#233=FACE_OUTER_BOUND('',#354,.T.);
#234=FACE_OUTER_BOUND('',#355,.T.);
#235=FACE_OUTER_BOUND('',#356,.T.);
#236=FACE_OUTER_BOUND('',#357,.T.);
#237=FACE_OUTER_BOUND('',#358,.T.);
#238=FACE_OUTER_BOUND('',#359,.T.);
#239=FACE_OUTER_BOUND('',#360,.T.);
#240=FACE_OUTER_BOUND('',#361,.T.);
#241=FACE_OUTER_BOUND('',#362,.T.);
#242=FACE_OUTER_BOUND('',#363,.T.);
#243=FACE_OUTER_BOUND('',#364,.T.);
#244=FACE_OUTER_BOUND('',#365,.T.);
#245=FACE_OUTER_BOUND('',#366,.T.);
#246=FACE_OUTER_BOUND('',#367,.T.);
#247=FACE_OUTER_BOUND('',#368,.T.);
#248=FACE_OUTER_BOUND('',#369,.T.);
#249=FACE_OUTER_BOUND('',#370,.T.);
#250=FACE_OUTER_BOUND('',#371,.T.);
#251=FACE_OUTER_BOUND('',#372,.T.);
#252=FACE_OUTER_BOUND('',#373,.T.);
#253=FACE_OUTER_BOUND('',#374,.T.);
#254=FACE_OUTER_BOUND('',#375,.T.);
#255=FACE_OUTER_BOUND('',#378,.T.);
#256=FACE_OUTER_BOUND('',#379,.T.);
#257=FACE_OUTER_BOUND('',#380,.T.);
#258=FACE_OUTER_BOUND('',#381,.T.);
#259=FACE_OUTER_BOUND('',#382,.T.);
#260=FACE_OUTER_BOUND('',#383,.T.);
#261=FACE_OUTER_BOUND('',#384,.T.);
#262=FACE_OUTER_BOUND('',#385,.T.);
#263=FACE_OUTER_BOUND('',#386,.T.);
#264=FACE_OUTER_BOUND('',#387,.T.);
#265=FACE_OUTER_BOUND('',#388,.T.);
#266=FACE_OUTER_BOUND('',#389,.T.);
#267=FACE_OUTER_BOUND('',#390,.T.);
#268=FACE_OUTER_BOUND('',#391,.T.);
#269=FACE_OUTER_BOUND('',#392,.T.);
#270=FACE_OUTER_BOUND('',#393,.T.);
#271=FACE_OUTER_BOUND('',#394,.T.);
#272=FACE_OUTER_BOUND('',#395,.T.);
#273=FACE_OUTER_BOUND('',#396,.T.);
#274=FACE_OUTER_BOUND('',#397,.T.);
#275=FACE_OUTER_BOUND('',#398,.T.);
#276=FACE_OUTER_BOUND('',#399,.T.);
#277=FACE_OUTER_BOUND('',#400,.T.);
#278=FACE_OUTER_BOUND('',#401,.T.);
#279=FACE_OUTER_BOUND('',#402,.T.);
#280=FACE_OUTER_BOUND('',#403,.T.);
#281=FACE_OUTER_BOUND('',#404,.T.);
#282=FACE_OUTER_BOUND('',#405,.T.);
#283=FACE_OUTER_BOUND('',#406,.T.);
#284=FACE_OUTER_BOUND('',#407,.T.);
#285=FACE_OUTER_BOUND('',#408,.T.);
#286=FACE_OUTER_BOUND('',#409,.T.);
#287=FACE_OUTER_BOUND('',#410,.T.);
#288=FACE_OUTER_BOUND('',#411,.T.);
#289=FACE_OUTER_BOUND('',#412,.T.);
#290=FACE_OUTER_BOUND('',#413,.T.);
#291=FACE_OUTER_BOUND('',#414,.T.);
#292=FACE_OUTER_BOUND('',#415,.T.);
#293=FACE_OUTER_BOUND('',#416,.T.);
#294=FACE_OUTER_BOUND('',#417,.T.);
#295=FACE_OUTER_BOUND('',#418,.T.);
#296=FACE_OUTER_BOUND('',#419,.T.);
#297=FACE_OUTER_BOUND('',#420,.T.);
#298=FACE_OUTER_BOUND('',#421,.T.);
#299=FACE_OUTER_BOUND('',#422,.T.);
#300=FACE_OUTER_BOUND('',#423,.T.);
#301=FACE_OUTER_BOUND('',#424,.T.);
#302=FACE_OUTER_BOUND('',#425,.T.);
#303=FACE_OUTER_BOUND('',#426,.T.);
#304=FACE_OUTER_BOUND('',#427,.T.);
#305=FACE_OUTER_BOUND('',#428,.T.);
#306=FACE_OUTER_BOUND('',#429,.T.);
#307=FACE_OUTER_BOUND('',#430,.T.);
#308=FACE_OUTER_BOUND('',#432,.T.);
#309=FACE_OUTER_BOUND('',#433,.T.);
#310=FACE_OUTER_BOUND('',#435,.T.);
#311=EDGE_LOOP('',(#1279,#1280,#1281,#1282));
#312=EDGE_LOOP('',(#1283,#1284,#1285,#1286));
#313=EDGE_LOOP('',(#1287,#1288,#1289,#1290));
#314=EDGE_LOOP('',(#1291,#1292,#1293,#1294));
#315=EDGE_LOOP('',(#1295,#1296,#1297,#1298));
#316=EDGE_LOOP('',(#1299,#1300,#1301,#1302));
#317=EDGE_LOOP('',(#1303,#1304,#1305,#1306));
#318=EDGE_LOOP('',(#1307,#1308,#1309,#1310));
#319=EDGE_LOOP('',(#1311,#1312,#1313,#1314));
#320=EDGE_LOOP('',(#1315,#1316,#1317,#1318));
#321=EDGE_LOOP('',(#1319,#1320,#1321,#1322));
#322=EDGE_LOOP('',(#1323,#1324,#1325,#1326));
#323=EDGE_LOOP('',(#1327,#1328,#1329,#1330));
#324=EDGE_LOOP('',(#1331,#1332,#1333,#1334));
#325=EDGE_LOOP('',(#1335,#1336,#1337,#1338));
#326=EDGE_LOOP('',(#1339,#1340,#1341,#1342));
#327=EDGE_LOOP('',(#1343,#1344,#1345,#1346,#1347,#1348,#1349,#1350,#1351,
#1352,#1353,#1354,#1355,#1356,#1357,#1358,#1359,#1360,#1361));
#328=EDGE_LOOP('',(#1362,#1363,#1364,#1365,#1366,#1367,#1368,#1369,#1370,
#1371,#1372,#1373,#1374,#1375,#1376,#1377));
#329=EDGE_LOOP('',(#1378,#1379,#1380,#1381));
#330=EDGE_LOOP('',(#1382,#1383,#1384,#1385));
#331=EDGE_LOOP('',(#1386,#1387,#1388,#1389));
#332=EDGE_LOOP('',(#1390,#1391,#1392,#1393));
#333=EDGE_LOOP('',(#1394,#1395,#1396,#1397));
#334=EDGE_LOOP('',(#1398,#1399,#1400,#1401));
#335=EDGE_LOOP('',(#1402,#1403,#1404,#1405));
#336=EDGE_LOOP('',(#1406,#1407,#1408,#1409));
#337=EDGE_LOOP('',(#1410,#1411,#1412,#1413));
#338=EDGE_LOOP('',(#1414,#1415,#1416,#1417));
#339=EDGE_LOOP('',(#1418,#1419,#1420,#1421));
#340=EDGE_LOOP('',(#1422,#1423,#1424,#1425));
#341=EDGE_LOOP('',(#1426,#1427,#1428,#1429));
#342=EDGE_LOOP('',(#1430,#1431,#1432,#1433));
#343=EDGE_LOOP('',(#1434,#1435,#1436,#1437));
#344=EDGE_LOOP('',(#1438,#1439,#1440,#1441));
#345=EDGE_LOOP('',(#1442,#1443,#1444,#1445));
#346=EDGE_LOOP('',(#1446,#1447,#1448,#1449));
#347=EDGE_LOOP('',(#1450,#1451,#1452,#1453));
#348=EDGE_LOOP('',(#1454,#1455,#1456,#1457,#1458,#1459,#1460,#1461,#1462,
#1463,#1464,#1465,#1466,#1467,#1468,#1469,#1470,#1471,#1472,#1473,#1474,
#1475,#1476,#1477,#1478,#1479));
#349=EDGE_LOOP('',(#1480,#1481,#1482,#1483));
#350=EDGE_LOOP('',(#1484,#1485,#1486,#1487));
#351=EDGE_LOOP('',(#1488,#1489,#1490,#1491));
#352=EDGE_LOOP('',(#1492,#1493,#1494,#1495));
#353=EDGE_LOOP('',(#1496,#1497,#1498,#1499));
#354=EDGE_LOOP('',(#1500,#1501,#1502,#1503));
#355=EDGE_LOOP('',(#1504,#1505,#1506,#1507));
#356=EDGE_LOOP('',(#1508,#1509,#1510,#1511));
#357=EDGE_LOOP('',(#1512,#1513,#1514,#1515));
#358=EDGE_LOOP('',(#1516,#1517,#1518,#1519));
#359=EDGE_LOOP('',(#1520,#1521,#1522,#1523));
#360=EDGE_LOOP('',(#1524,#1525,#1526,#1527));
#361=EDGE_LOOP('',(#1528,#1529,#1530,#1531));
#362=EDGE_LOOP('',(#1532,#1533,#1534,#1535));
#363=EDGE_LOOP('',(#1536,#1537,#1538,#1539));
#364=EDGE_LOOP('',(#1540,#1541,#1542,#1543));
#365=EDGE_LOOP('',(#1544,#1545,#1546,#1547));
#366=EDGE_LOOP('',(#1548,#1549,#1550,#1551));
#367=EDGE_LOOP('',(#1552,#1553,#1554,#1555));
#368=EDGE_LOOP('',(#1556,#1557,#1558,#1559));
#369=EDGE_LOOP('',(#1560,#1561,#1562,#1563));
#370=EDGE_LOOP('',(#1564,#1565,#1566,#1567));
#371=EDGE_LOOP('',(#1568,#1569,#1570,#1571));
#372=EDGE_LOOP('',(#1572,#1573,#1574,#1575));
#373=EDGE_LOOP('',(#1576,#1577,#1578,#1579));
#374=EDGE_LOOP('',(#1580,#1581,#1582,#1583));
#375=EDGE_LOOP('',(#1584,#1585,#1586,#1587));
#376=EDGE_LOOP('',(#1588,#1589,#1590,#1591,#1592,#1593,#1594,#1595,#1596,
#1597,#1598,#1599,#1600,#1601,#1602,#1603,#1604,#1605,#1606,#1607,#1608,
#1609,#1610,#1611,#1612,#1613));
#377=EDGE_LOOP('',(#1614,#1615,#1616,#1617,#1618,#1619,#1620,#1621,#1622,
#1623,#1624,#1625,#1626,#1627,#1628,#1629,#1630,#1631,#1632));
#378=EDGE_LOOP('',(#1633,#1634,#1635));
#379=EDGE_LOOP('',(#1636,#1637,#1638));
#380=EDGE_LOOP('',(#1639,#1640,#1641,#1642));
#381=EDGE_LOOP('',(#1643,#1644,#1645));
#382=EDGE_LOOP('',(#1646,#1647,#1648));
#383=EDGE_LOOP('',(#1649,#1650,#1651));
#384=EDGE_LOOP('',(#1652,#1653,#1654));
#385=EDGE_LOOP('',(#1655,#1656,#1657,#1658));
#386=EDGE_LOOP('',(#1659,#1660,#1661,#1662));
#387=EDGE_LOOP('',(#1663,#1664,#1665));
#388=EDGE_LOOP('',(#1666,#1667,#1668));
#389=EDGE_LOOP('',(#1669,#1670,#1671,#1672));
#390=EDGE_LOOP('',(#1673,#1674,#1675,#1676));
#391=EDGE_LOOP('',(#1677,#1678,#1679,#1680));
#392=EDGE_LOOP('',(#1681,#1682,#1683,#1684));
#393=EDGE_LOOP('',(#1685,#1686,#1687,#1688));
#394=EDGE_LOOP('',(#1689,#1690,#1691,#1692));
#395=EDGE_LOOP('',(#1693,#1694,#1695,#1696));
#396=EDGE_LOOP('',(#1697,#1698,#1699,#1700));
#397=EDGE_LOOP('',(#1701,#1702,#1703,#1704));
#398=EDGE_LOOP('',(#1705,#1706,#1707,#1708));
#399=EDGE_LOOP('',(#1709,#1710,#1711,#1712));
#400=EDGE_LOOP('',(#1713,#1714,#1715,#1716));
#401=EDGE_LOOP('',(#1717,#1718,#1719,#1720));
#402=EDGE_LOOP('',(#1721,#1722,#1723,#1724));
#403=EDGE_LOOP('',(#1725,#1726,#1727));
#404=EDGE_LOOP('',(#1728,#1729,#1730));
#405=EDGE_LOOP('',(#1731,#1732,#1733,#1734));
#406=EDGE_LOOP('',(#1735,#1736,#1737));
#407=EDGE_LOOP('',(#1738,#1739,#1740));
#408=EDGE_LOOP('',(#1741,#1742,#1743));
#409=EDGE_LOOP('',(#1744,#1745,#1746));
#410=EDGE_LOOP('',(#1747,#1748,#1749,#1750));
#411=EDGE_LOOP('',(#1751,#1752,#1753,#1754));
#412=EDGE_LOOP('',(#1755,#1756,#1757));
#413=EDGE_LOOP('',(#1758,#1759,#1760));
#414=EDGE_LOOP('',(#1761,#1762,#1763,#1764));
#415=EDGE_LOOP('',(#1765,#1766,#1767,#1768));
#416=EDGE_LOOP('',(#1769,#1770,#1771,#1772));
#417=EDGE_LOOP('',(#1773,#1774,#1775,#1776));
#418=EDGE_LOOP('',(#1777,#1778,#1779,#1780));
#419=EDGE_LOOP('',(#1781,#1782,#1783,#1784));
#420=EDGE_LOOP('',(#1785,#1786,#1787,#1788));
#421=EDGE_LOOP('',(#1789,#1790,#1791,#1792));
#422=EDGE_LOOP('',(#1793,#1794,#1795,#1796));
#423=EDGE_LOOP('',(#1797,#1798,#1799,#1800));
#424=EDGE_LOOP('',(#1801,#1802,#1803,#1804));
#425=EDGE_LOOP('',(#1805,#1806,#1807,#1808));
#426=EDGE_LOOP('',(#1809,#1810,#1811,#1812));
#427=EDGE_LOOP('',(#1813,#1814,#1815,#1816));
#428=EDGE_LOOP('',(#1817,#1818,#1819,#1820));
#429=EDGE_LOOP('',(#1821,#1822,#1823,#1824,#1825,#1826,#1827,#1828,#1829,
#1830,#1831,#1832,#1833,#1834,#1835,#1836));
#430=EDGE_LOOP('',(#1837,#1838,#1839,#1840));
#431=EDGE_LOOP('',(#1841,#1842,#1843,#1844));
#432=EDGE_LOOP('',(#1845,#1846,#1847,#1848));
#433=EDGE_LOOP('',(#1849,#1850,#1851,#1852));
#434=EDGE_LOOP('',(#1853,#1854,#1855,#1856));
#435=EDGE_LOOP('',(#1857,#1858,#1859,#1860));
#436=LINE('',#2790,#623);
#437=LINE('',#2792,#624);
#438=LINE('',#2794,#625);
#439=LINE('',#2795,#626);
#440=LINE('',#2810,#627);
#441=LINE('',#2813,#628);
#442=LINE('',#2815,#629);
#443=LINE('',#2816,#630);
#444=LINE('',#2831,#631);
#445=LINE('',#2834,#632);
#446=LINE('',#2836,#633);
#447=LINE('',#2837,#634);
#448=LINE('',#2852,#635);
#449=LINE('',#2855,#636);
#450=LINE('',#2857,#637);
#451=LINE('',#2858,#638);
#452=LINE('',#2873,#639);
#453=LINE('',#2876,#640);
#454=LINE('',#2878,#641);
#455=LINE('',#2879,#642);
#456=LINE('',#2894,#643);
#457=LINE('',#2897,#644);
#458=LINE('',#2899,#645);
#459=LINE('',#2900,#646);
#460=LINE('',#2915,#647);
#461=LINE('',#2918,#648);
#462=LINE('',#2920,#649);
#463=LINE('',#2921,#650);
#464=LINE('',#2936,#651);
#465=LINE('',#2939,#652);
#466=LINE('',#2941,#653);
#467=LINE('',#2942,#654);
#468=LINE('',#2958,#655);
#469=LINE('',#2970,#656);
#470=LINE('',#2982,#657);
#471=LINE('',#2988,#658);
#472=LINE('',#2994,#659);
#473=LINE('',#3000,#660);
#474=LINE('',#3007,#661);
#475=LINE('',#3013,#662);
#476=LINE('',#3018,#663);
#477=LINE('',#3022,#664);
#478=LINE('',#3023,#665);
#479=LINE('',#3024,#666);
#480=LINE('',#3038,#667);
#481=LINE('',#3052,#668);
#482=LINE('',#3055,#669);
#483=LINE('',#3056,#670);
#484=LINE('',#3070,#671);
#485=LINE('',#3084,#672);
#486=LINE('',#3087,#673);
#487=LINE('',#3088,#674);
#488=LINE('',#3099,#675);
#489=LINE('',#3102,#676);
#490=LINE('',#3103,#677);
#491=LINE('',#3114,#678);
#492=LINE('',#3117,#679);
#493=LINE('',#3118,#680);
#494=LINE('',#3129,#681);
#495=LINE('',#3132,#682);
#496=LINE('',#3133,#683);
#497=LINE('',#3147,#684);
#498=LINE('',#3150,#685);
#499=LINE('',#3151,#686);
#500=LINE('',#3162,#687);
#501=LINE('',#3165,#688);
#502=LINE('',#3166,#689);
#503=LINE('',#3177,#690);
#504=LINE('',#3179,#691);
#505=LINE('',#3183,#692);
#506=LINE('',#3195,#693);
#507=LINE('',#3197,#694);
#508=LINE('',#3199,#695);
#509=LINE('',#3201,#696);
#510=LINE('',#3213,#697);
#511=LINE('',#3215,#698);
#512=LINE('',#3222,#699);
#513=LINE('',#3228,#700);
#514=LINE('',#3230,#701);
#515=LINE('',#3236,#702);
#516=LINE('',#3242,#703);
#517=LINE('',#3244,#704);
#518=LINE('',#3256,#705);
#519=LINE('',#3258,#706);
#520=LINE('',#3259,#707);
#521=LINE('',#3263,#708);
#522=LINE('',#3264,#709);
#523=LINE('',#3265,#710);
#524=LINE('',#3279,#711);
#525=LINE('',#3293,#712);
#526=LINE('',#3296,#713);
#527=LINE('',#3297,#714);
#528=LINE('',#3300,#715);
#529=LINE('',#3301,#716);
#530=LINE('',#3304,#717);
#531=LINE('',#3305,#718);
#532=LINE('',#3308,#719);
#533=LINE('',#3309,#720);
#534=LINE('',#3323,#721);
#535=LINE('',#3337,#722);
#536=LINE('',#3340,#723);
#537=LINE('',#3341,#724);
#538=LINE('',#3344,#725);
#539=LINE('',#3345,#726);
#540=LINE('',#3359,#727);
#541=LINE('',#3362,#728);
#542=LINE('',#3363,#729);
#543=LINE('',#3374,#730);
#544=LINE('',#3377,#731);
#545=LINE('',#3378,#732);
#546=LINE('',#3381,#733);
#547=LINE('',#3382,#734);
#548=LINE('',#3393,#735);
#549=LINE('',#3396,#736);
#550=LINE('',#3397,#737);
#551=LINE('',#3408,#738);
#552=LINE('',#3411,#739);
#553=LINE('',#3412,#740);
#554=LINE('',#3415,#741);
#555=LINE('',#3416,#742);
#556=LINE('',#3430,#743);
#557=LINE('',#3444,#744);
#558=LINE('',#3447,#745);
#559=LINE('',#3448,#746);
#560=LINE('',#3451,#747);
#561=LINE('',#3452,#748);
#562=LINE('',#3454,#749);
#563=LINE('',#3458,#750);
#564=LINE('',#3460,#751);
#565=LINE('',#3462,#752);
#566=LINE('',#3463,#753);
#567=LINE('',#3479,#754);
#568=LINE('',#3480,#755);
#569=LINE('',#3510,#756);
#570=LINE('',#3511,#757);
#571=LINE('',#3513,#758);
#572=LINE('',#3514,#759);
#573=LINE('',#3530,#760);
#574=LINE('',#3531,#761);
#575=LINE('',#3533,#762);
#576=LINE('',#3534,#763);
#577=LINE('',#3536,#764);
#578=LINE('',#3537,#765);
#579=LINE('',#3539,#766);
#580=LINE('',#3540,#767);
#581=LINE('',#3542,#768);
#582=LINE('',#3543,#769);
#583=LINE('',#3545,#770);
#584=LINE('',#3546,#771);
#585=LINE('',#3548,#772);
#586=LINE('',#3549,#773);
#587=LINE('',#3551,#774);
#588=LINE('',#3552,#775);
#589=LINE('',#3554,#776);
#590=LINE('',#3555,#777);
#591=LINE('',#3576,#778);
#592=LINE('',#3577,#779);
#593=LINE('',#3607,#780);
#594=LINE('',#3608,#781);
#595=LINE('',#3610,#782);
#596=LINE('',#3611,#783);
#597=LINE('',#3627,#784);
#598=LINE('',#3628,#785);
#599=LINE('',#3630,#786);
#600=LINE('',#3631,#787);
#601=LINE('',#3633,#788);
#602=LINE('',#3634,#789);
#603=LINE('',#3636,#790);
#604=LINE('',#3637,#791);
#605=LINE('',#3639,#792);
#606=LINE('',#3640,#793);
#607=LINE('',#3642,#794);
#608=LINE('',#3643,#795);
#609=LINE('',#3645,#796);
#610=LINE('',#3646,#797);
#611=LINE('',#3648,#798);
#612=LINE('',#3649,#799);
#613=LINE('',#3651,#800);
#614=LINE('',#3652,#801);
#615=LINE('',#3661,#802);
#616=LINE('',#3663,#803);
#617=LINE('',#3665,#804);
#618=LINE('',#3666,#805);
#619=LINE('',#3669,#806);
#620=LINE('',#3670,#807);
#621=LINE('',#3672,#808);
#622=LINE('',#3674,#809);
#623=VECTOR('',#2321,10.);
#624=VECTOR('',#2322,10.);
#625=VECTOR('',#2323,10.);
#626=VECTOR('',#2324,10.);
#627=VECTOR('',#2325,10.);
#628=VECTOR('',#2328,10.);
#629=VECTOR('',#2329,10.);
#630=VECTOR('',#2330,10.);
#631=VECTOR('',#2331,10.);
#632=VECTOR('',#2334,10.);
#633=VECTOR('',#2335,10.);
#634=VECTOR('',#2336,10.);
#635=VECTOR('',#2337,10.);
#636=VECTOR('',#2340,10.);
#637=VECTOR('',#2341,10.);
#638=VECTOR('',#2342,10.);
#639=VECTOR('',#2343,10.);
#640=VECTOR('',#2346,10.);
#641=VECTOR('',#2347,10.);
#642=VECTOR('',#2348,10.);
#643=VECTOR('',#2349,10.);
#644=VECTOR('',#2352,10.);
#645=VECTOR('',#2353,10.);
#646=VECTOR('',#2354,10.);
#647=VECTOR('',#2355,10.);
#648=VECTOR('',#2358,10.);
#649=VECTOR('',#2359,10.);
#650=VECTOR('',#2360,10.);
#651=VECTOR('',#2361,10.);
#652=VECTOR('',#2364,10.);
#653=VECTOR('',#2365,10.);
#654=VECTOR('',#2366,10.);
#655=VECTOR('',#2369,10.);
#656=VECTOR('',#2370,10.);
#657=VECTOR('',#2371,10.);
#658=VECTOR('',#2372,10.);
#659=VECTOR('',#2373,10.);
#660=VECTOR('',#2374,10.);
#661=VECTOR('',#2375,10.);
#662=VECTOR('',#2376,10.);
#663=VECTOR('',#2377,10.);
#664=VECTOR('',#2380,10.);
#665=VECTOR('',#2381,10.);
#666=VECTOR('',#2382,10.);
#667=VECTOR('',#2383,10.);
#668=VECTOR('',#2384,10.);
#669=VECTOR('',#2387,10.);
#670=VECTOR('',#2388,10.);
#671=VECTOR('',#2389,10.);
#672=VECTOR('',#2390,10.);
#673=VECTOR('',#2393,10.);
#674=VECTOR('',#2394,10.);
#675=VECTOR('',#2395,10.);
#676=VECTOR('',#2398,10.);
#677=VECTOR('',#2399,10.);
#678=VECTOR('',#2400,10.);
#679=VECTOR('',#2403,10.);
#680=VECTOR('',#2404,10.);
#681=VECTOR('',#2405,10.);
#682=VECTOR('',#2408,10.);
#683=VECTOR('',#2409,10.);
#684=VECTOR('',#2410,10.);
#685=VECTOR('',#2413,10.);
#686=VECTOR('',#2414,10.);
#687=VECTOR('',#2415,10.);
#688=VECTOR('',#2418,10.);
#689=VECTOR('',#2419,10.);
#690=VECTOR('',#2420,10.);
#691=VECTOR('',#2423,10.);
#692=VECTOR('',#2426,10.);
#693=VECTOR('',#2427,10.);
#694=VECTOR('',#2428,10.);
#695=VECTOR('',#2429,10.);
#696=VECTOR('',#2430,10.);
#697=VECTOR('',#2431,10.);
#698=VECTOR('',#2432,10.);
#699=VECTOR('',#2433,10.);
#700=VECTOR('',#2434,10.);
#701=VECTOR('',#2435,10.);
#702=VECTOR('',#2436,10.);
#703=VECTOR('',#2437,10.);
#704=VECTOR('',#2438,10.);
#705=VECTOR('',#2439,10.);
#706=VECTOR('',#2440,10.);
#707=VECTOR('',#2441,10.);
#708=VECTOR('',#2444,10.);
#709=VECTOR('',#2445,10.);
#710=VECTOR('',#2446,10.);
#711=VECTOR('',#2447,10.);
#712=VECTOR('',#2448,10.);
#713=VECTOR('',#2451,10.);
#714=VECTOR('',#2452,10.);
#715=VECTOR('',#2455,10.);
#716=VECTOR('',#2456,10.);
#717=VECTOR('',#2459,10.);
#718=VECTOR('',#2460,10.);
#719=VECTOR('',#2463,10.);
#720=VECTOR('',#2464,10.);
#721=VECTOR('',#2465,10.);
#722=VECTOR('',#2466,10.);
#723=VECTOR('',#2469,10.);
#724=VECTOR('',#2470,10.);
#725=VECTOR('',#2473,10.);
#726=VECTOR('',#2474,10.);
#727=VECTOR('',#2475,10.);
#728=VECTOR('',#2478,10.);
#729=VECTOR('',#2479,10.);
#730=VECTOR('',#2480,10.);
#731=VECTOR('',#2483,10.);
#732=VECTOR('',#2484,10.);
#733=VECTOR('',#2487,10.);
#734=VECTOR('',#2488,10.);
#735=VECTOR('',#2489,10.);
#736=VECTOR('',#2492,10.);
#737=VECTOR('',#2493,10.);
#738=VECTOR('',#2494,10.);
#739=VECTOR('',#2497,10.);
#740=VECTOR('',#2498,10.);
#741=VECTOR('',#2501,10.);
#742=VECTOR('',#2502,10.);
#743=VECTOR('',#2503,10.);
#744=VECTOR('',#2504,10.);
#745=VECTOR('',#2507,10.);
#746=VECTOR('',#2508,10.);
#747=VECTOR('',#2511,10.);
#748=VECTOR('',#2512,10.);
#749=VECTOR('',#2515,10.);
#750=VECTOR('',#2518,1.);
#751=VECTOR('',#2519,1.);
#752=VECTOR('',#2520,1.);
#753=VECTOR('',#2521,1.);
#754=VECTOR('',#2540,1.);
#755=VECTOR('',#2541,1.);
#756=VECTOR('',#2576,1.);
#757=VECTOR('',#2577,1.);
#758=VECTOR('',#2580,1.);
#759=VECTOR('',#2581,1.);
#760=VECTOR('',#2600,1.);
#761=VECTOR('',#2601,1.);
#762=VECTOR('',#2604,1.);
#763=VECTOR('',#2605,1.);
#764=VECTOR('',#2608,1.);
#765=VECTOR('',#2609,1.);
#766=VECTOR('',#2612,1.);
#767=VECTOR('',#2613,1.);
#768=VECTOR('',#2616,1.);
#769=VECTOR('',#2617,1.);
#770=VECTOR('',#2620,1.);
#771=VECTOR('',#2621,1.);
#772=VECTOR('',#2624,1.);
#773=VECTOR('',#2625,1.);
#774=VECTOR('',#2628,1.);
#775=VECTOR('',#2629,1.);
#776=VECTOR('',#2632,1.);
#777=VECTOR('',#2633,1.);
#778=VECTOR('',#2662,1.);
#779=VECTOR('',#2663,1.);
#780=VECTOR('',#2698,1.);
#781=VECTOR('',#2699,1.);
#782=VECTOR('',#2702,1.);
#783=VECTOR('',#2703,1.);
#784=VECTOR('',#2722,1.);
#785=VECTOR('',#2723,1.);
#786=VECTOR('',#2726,1.);
#787=VECTOR('',#2727,1.);
#788=VECTOR('',#2730,1.);
#789=VECTOR('',#2731,1.);
#790=VECTOR('',#2734,1.);
#791=VECTOR('',#2735,1.);
#792=VECTOR('',#2738,1.);
#793=VECTOR('',#2739,1.);
#794=VECTOR('',#2742,1.);
#795=VECTOR('',#2743,1.);
#796=VECTOR('',#2746,1.);
#797=VECTOR('',#2747,1.);
#798=VECTOR('',#2750,1.);
#799=VECTOR('',#2751,1.);
#800=VECTOR('',#2754,1.);
#801=VECTOR('',#2755,1.);
#802=VECTOR('',#2768,1.);
#803=VECTOR('',#2769,1.);
#804=VECTOR('',#2770,1.);
#805=VECTOR('',#2771,1.);
#806=VECTOR('',#2776,1.);
#807=VECTOR('',#2777,1.);
#808=VECTOR('',#2780,1.);
#809=VECTOR('',#2783,1.);
#810=VERTEX_POINT('',#2788);
#811=VERTEX_POINT('',#2789);
#812=VERTEX_POINT('',#2791);
#813=VERTEX_POINT('',#2793);
#814=VERTEX_POINT('',#2802);
#815=VERTEX_POINT('',#2806);
#816=VERTEX_POINT('',#2812);
#817=VERTEX_POINT('',#2814);
#818=VERTEX_POINT('',#2823);
#819=VERTEX_POINT('',#2827);
#820=VERTEX_POINT('',#2833);
#821=VERTEX_POINT('',#2835);
#822=VERTEX_POINT('',#2844);
#823=VERTEX_POINT('',#2848);
#824=VERTEX_POINT('',#2854);
#825=VERTEX_POINT('',#2856);
#826=VERTEX_POINT('',#2865);
#827=VERTEX_POINT('',#2869);
#828=VERTEX_POINT('',#2875);
#829=VERTEX_POINT('',#2877);
#830=VERTEX_POINT('',#2886);
#831=VERTEX_POINT('',#2890);
#832=VERTEX_POINT('',#2896);
#833=VERTEX_POINT('',#2898);
#834=VERTEX_POINT('',#2907);
#835=VERTEX_POINT('',#2911);
#836=VERTEX_POINT('',#2917);
#837=VERTEX_POINT('',#2919);
#838=VERTEX_POINT('',#2928);
#839=VERTEX_POINT('',#2932);
#840=VERTEX_POINT('',#2938);
#841=VERTEX_POINT('',#2940);
#842=VERTEX_POINT('',#2956);
#843=VERTEX_POINT('',#2957);
#844=VERTEX_POINT('',#2959);
#845=VERTEX_POINT('',#2964);
#846=VERTEX_POINT('',#2969);
#847=VERTEX_POINT('',#2971);
#848=VERTEX_POINT('',#2976);
#849=VERTEX_POINT('',#2981);
#850=VERTEX_POINT('',#2983);
#851=VERTEX_POINT('',#2987);
#852=VERTEX_POINT('',#2989);
#853=VERTEX_POINT('',#2993);
#854=VERTEX_POINT('',#2995);
#855=VERTEX_POINT('',#2999);
#856=VERTEX_POINT('',#3001);
#857=VERTEX_POINT('',#3006);
#858=VERTEX_POINT('',#3008);
#859=VERTEX_POINT('',#3012);
#860=VERTEX_POINT('',#3014);
#861=VERTEX_POINT('',#3020);
#862=VERTEX_POINT('',#3021);
#863=VERTEX_POINT('',#3033);
#864=VERTEX_POINT('',#3047);
#865=VERTEX_POINT('',#3054);
#866=VERTEX_POINT('',#3065);
#867=VERTEX_POINT('',#3079);
#868=VERTEX_POINT('',#3086);
#869=VERTEX_POINT('',#3095);
#870=VERTEX_POINT('',#3101);
#871=VERTEX_POINT('',#3110);
#872=VERTEX_POINT('',#3116);
#873=VERTEX_POINT('',#3125);
#874=VERTEX_POINT('',#3131);
#875=VERTEX_POINT('',#3142);
#876=VERTEX_POINT('',#3149);
#877=VERTEX_POINT('',#3158);
#878=VERTEX_POINT('',#3164);
#879=VERTEX_POINT('',#3173);
#880=VERTEX_POINT('',#3181);
#881=VERTEX_POINT('',#3182);
#882=VERTEX_POINT('',#3184);
#883=VERTEX_POINT('',#3189);
#884=VERTEX_POINT('',#3194);
#885=VERTEX_POINT('',#3196);
#886=VERTEX_POINT('',#3198);
#887=VERTEX_POINT('',#3200);
#888=VERTEX_POINT('',#3202);
#889=VERTEX_POINT('',#3207);
#890=VERTEX_POINT('',#3212);
#891=VERTEX_POINT('',#3214);
#892=VERTEX_POINT('',#3216);
#893=VERTEX_POINT('',#3221);
#894=VERTEX_POINT('',#3223);
#895=VERTEX_POINT('',#3227);
#896=VERTEX_POINT('',#3229);
#897=VERTEX_POINT('',#3231);
#898=VERTEX_POINT('',#3235);
#899=VERTEX_POINT('',#3237);
#900=VERTEX_POINT('',#3241);
#901=VERTEX_POINT('',#3243);
#902=VERTEX_POINT('',#3245);
#903=VERTEX_POINT('',#3250);
#904=VERTEX_POINT('',#3255);
#905=VERTEX_POINT('',#3257);
#906=VERTEX_POINT('',#3261);
#907=VERTEX_POINT('',#3262);
#908=VERTEX_POINT('',#3274);
#909=VERTEX_POINT('',#3288);
#910=VERTEX_POINT('',#3295);
#911=VERTEX_POINT('',#3299);
#912=VERTEX_POINT('',#3303);
#913=VERTEX_POINT('',#3307);
#914=VERTEX_POINT('',#3318);
#915=VERTEX_POINT('',#3332);
#916=VERTEX_POINT('',#3339);
#917=VERTEX_POINT('',#3343);
#918=VERTEX_POINT('',#3354);
#919=VERTEX_POINT('',#3361);
#920=VERTEX_POINT('',#3370);
#921=VERTEX_POINT('',#3376);
#922=VERTEX_POINT('',#3380);
#923=VERTEX_POINT('',#3389);
#924=VERTEX_POINT('',#3395);
#925=VERTEX_POINT('',#3404);
#926=VERTEX_POINT('',#3410);
#927=VERTEX_POINT('',#3414);
#928=VERTEX_POINT('',#3425);
#929=VERTEX_POINT('',#3439);
#930=VERTEX_POINT('',#3446);
#931=VERTEX_POINT('',#3450);
#932=VERTEX_POINT('',#3456);
#933=VERTEX_POINT('',#3457);
#934=VERTEX_POINT('',#3459);
#935=VERTEX_POINT('',#3461);
#936=VERTEX_POINT('',#3465);
#937=VERTEX_POINT('',#3466);
#938=VERTEX_POINT('',#3468);
#939=VERTEX_POINT('',#3472);
#940=VERTEX_POINT('',#3473);
#941=VERTEX_POINT('',#3475);
#942=VERTEX_POINT('',#3482);
#943=VERTEX_POINT('',#3483);
#944=VERTEX_POINT('',#3485);
#945=VERTEX_POINT('',#3489);
#946=VERTEX_POINT('',#3490);
#947=VERTEX_POINT('',#3492);
#948=VERTEX_POINT('',#3496);
#949=VERTEX_POINT('',#3497);
#950=VERTEX_POINT('',#3499);
#951=VERTEX_POINT('',#3503);
#952=VERTEX_POINT('',#3504);
#953=VERTEX_POINT('',#3506);
#954=VERTEX_POINT('',#3516);
#955=VERTEX_POINT('',#3517);
#956=VERTEX_POINT('',#3519);
#957=VERTEX_POINT('',#3523);
#958=VERTEX_POINT('',#3524);
#959=VERTEX_POINT('',#3526);
#960=VERTEX_POINT('',#3562);
#961=VERTEX_POINT('',#3563);
#962=VERTEX_POINT('',#3565);
#963=VERTEX_POINT('',#3569);
#964=VERTEX_POINT('',#3570);
#965=VERTEX_POINT('',#3572);
#966=VERTEX_POINT('',#3579);
#967=VERTEX_POINT('',#3580);
#968=VERTEX_POINT('',#3582);
#969=VERTEX_POINT('',#3586);
#970=VERTEX_POINT('',#3587);
#971=VERTEX_POINT('',#3589);
#972=VERTEX_POINT('',#3593);
#973=VERTEX_POINT('',#3594);
#974=VERTEX_POINT('',#3596);
#975=VERTEX_POINT('',#3600);
#976=VERTEX_POINT('',#3601);
#977=VERTEX_POINT('',#3603);
#978=VERTEX_POINT('',#3613);
#979=VERTEX_POINT('',#3614);
#980=VERTEX_POINT('',#3616);
#981=VERTEX_POINT('',#3620);
#982=VERTEX_POINT('',#3621);
#983=VERTEX_POINT('',#3623);
#984=VERTEX_POINT('',#3659);
#985=VERTEX_POINT('',#3660);
#986=VERTEX_POINT('',#3662);
#987=VERTEX_POINT('',#3664);
#988=EDGE_CURVE('',#810,#811,#436,.T.);
#989=EDGE_CURVE('',#810,#812,#437,.T.);
#990=EDGE_CURVE('',#813,#812,#438,.T.);
#991=EDGE_CURVE('',#811,#813,#439,.T.);
#992=EDGE_CURVE('',#811,#814,#107,.T.);
#993=EDGE_CURVE('',#815,#813,#108,.T.);
#994=EDGE_CURVE('',#814,#815,#440,.T.);
#995=EDGE_CURVE('',#814,#816,#441,.T.);
#996=EDGE_CURVE('',#817,#815,#442,.T.);
#997=EDGE_CURVE('',#816,#817,#443,.T.);
#998=EDGE_CURVE('',#816,#818,#109,.T.);
#999=EDGE_CURVE('',#819,#817,#110,.T.);
#1000=EDGE_CURVE('',#818,#819,#444,.T.);
#1001=EDGE_CURVE('',#818,#820,#445,.T.);
#1002=EDGE_CURVE('',#821,#819,#446,.T.);
#1003=EDGE_CURVE('',#820,#821,#447,.T.);
#1004=EDGE_CURVE('',#820,#822,#111,.T.);
#1005=EDGE_CURVE('',#823,#821,#112,.T.);
#1006=EDGE_CURVE('',#822,#823,#448,.T.);
#1007=EDGE_CURVE('',#822,#824,#449,.T.);
#1008=EDGE_CURVE('',#825,#823,#450,.T.);
#1009=EDGE_CURVE('',#824,#825,#451,.T.);
#1010=EDGE_CURVE('',#824,#826,#113,.T.);
#1011=EDGE_CURVE('',#827,#825,#114,.T.);
#1012=EDGE_CURVE('',#826,#827,#452,.T.);
#1013=EDGE_CURVE('',#826,#828,#453,.T.);
#1014=EDGE_CURVE('',#829,#827,#454,.T.);
#1015=EDGE_CURVE('',#828,#829,#455,.T.);
#1016=EDGE_CURVE('',#828,#830,#115,.T.);
#1017=EDGE_CURVE('',#831,#829,#116,.T.);
#1018=EDGE_CURVE('',#830,#831,#456,.T.);
#1019=EDGE_CURVE('',#830,#832,#457,.T.);
#1020=EDGE_CURVE('',#833,#831,#458,.T.);
#1021=EDGE_CURVE('',#832,#833,#459,.T.);
#1022=EDGE_CURVE('',#832,#834,#117,.T.);
#1023=EDGE_CURVE('',#835,#833,#118,.T.);
#1024=EDGE_CURVE('',#834,#835,#460,.T.);
#1025=EDGE_CURVE('',#834,#836,#461,.T.);
#1026=EDGE_CURVE('',#837,#835,#462,.T.);
#1027=EDGE_CURVE('',#836,#837,#463,.T.);
#1028=EDGE_CURVE('',#836,#838,#119,.T.);
#1029=EDGE_CURVE('',#839,#837,#120,.T.);
#1030=EDGE_CURVE('',#838,#839,#464,.T.);
#1031=EDGE_CURVE('',#838,#840,#465,.T.);
#1032=EDGE_CURVE('',#841,#839,#466,.T.);
#1033=EDGE_CURVE('',#840,#841,#467,.T.);
#1034=EDGE_CURVE('',#840,#810,#121,.T.);
#1035=EDGE_CURVE('',#812,#841,#122,.T.);
#1036=EDGE_CURVE('',#842,#843,#468,.T.);
#1037=EDGE_CURVE('',#844,#842,#123,.T.);
#1038=EDGE_CURVE('',#845,#844,#124,.T.);
#1039=EDGE_CURVE('',#846,#845,#469,.T.);
#1040=EDGE_CURVE('',#847,#846,#125,.T.);
#1041=EDGE_CURVE('',#848,#847,#126,.T.);
#1042=EDGE_CURVE('',#849,#848,#470,.T.);
#1043=EDGE_CURVE('',#850,#849,#127,.T.);
#1044=EDGE_CURVE('',#851,#850,#471,.T.);
#1045=EDGE_CURVE('',#852,#851,#128,.T.);
#1046=EDGE_CURVE('',#853,#852,#472,.T.);
#1047=EDGE_CURVE('',#854,#853,#129,.T.);
#1048=EDGE_CURVE('',#855,#854,#473,.T.);
#1049=EDGE_CURVE('',#856,#855,#130,.T.);
#1050=EDGE_CURVE('',#857,#856,#474,.T.);
#1051=EDGE_CURVE('',#858,#857,#131,.T.);
#1052=EDGE_CURVE('',#859,#858,#475,.T.);
#1053=EDGE_CURVE('',#860,#859,#132,.T.);
#1054=EDGE_CURVE('',#843,#860,#476,.T.);
#1055=EDGE_CURVE('',#861,#862,#477,.T.);
#1056=EDGE_CURVE('',#861,#842,#478,.T.);
#1057=EDGE_CURVE('',#862,#843,#479,.T.);
#1058=EDGE_CURVE('',#863,#861,#133,.T.);
#1059=EDGE_CURVE('',#863,#844,#480,.T.);
#1060=EDGE_CURVE('',#864,#863,#134,.T.);
#1061=EDGE_CURVE('',#864,#845,#481,.T.);
#1062=EDGE_CURVE('',#865,#864,#482,.T.);
#1063=EDGE_CURVE('',#865,#846,#483,.T.);
#1064=EDGE_CURVE('',#866,#865,#135,.T.);
#1065=EDGE_CURVE('',#866,#847,#484,.T.);
#1066=EDGE_CURVE('',#867,#866,#136,.T.);
#1067=EDGE_CURVE('',#867,#848,#485,.T.);
#1068=EDGE_CURVE('',#868,#867,#486,.T.);
#1069=EDGE_CURVE('',#868,#849,#487,.T.);
#1070=EDGE_CURVE('',#869,#868,#137,.T.);
#1071=EDGE_CURVE('',#869,#850,#488,.T.);
#1072=EDGE_CURVE('',#870,#869,#489,.T.);
#1073=EDGE_CURVE('',#870,#851,#490,.T.);
#1074=EDGE_CURVE('',#871,#870,#138,.T.);
#1075=EDGE_CURVE('',#871,#852,#491,.T.);
#1076=EDGE_CURVE('',#872,#871,#492,.T.);
#1077=EDGE_CURVE('',#872,#853,#493,.T.);
#1078=EDGE_CURVE('',#873,#872,#139,.T.);
#1079=EDGE_CURVE('',#873,#854,#494,.T.);
#1080=EDGE_CURVE('',#874,#873,#495,.T.);
#1081=EDGE_CURVE('',#874,#855,#496,.T.);
#1082=EDGE_CURVE('',#875,#874,#140,.T.);
#1083=EDGE_CURVE('',#875,#856,#497,.T.);
#1084=EDGE_CURVE('',#876,#875,#498,.T.);
#1085=EDGE_CURVE('',#876,#857,#499,.T.);
#1086=EDGE_CURVE('',#877,#876,#141,.T.);
#1087=EDGE_CURVE('',#877,#858,#500,.T.);
#1088=EDGE_CURVE('',#878,#877,#501,.T.);
#1089=EDGE_CURVE('',#878,#859,#502,.T.);
#1090=EDGE_CURVE('',#879,#878,#142,.T.);
#1091=EDGE_CURVE('',#879,#860,#503,.T.);
#1092=EDGE_CURVE('',#862,#879,#504,.T.);
#1093=EDGE_CURVE('',#880,#881,#505,.T.);
#1094=EDGE_CURVE('',#882,#880,#143,.T.);
#1095=EDGE_CURVE('',#883,#882,#144,.T.);
#1096=EDGE_CURVE('',#884,#883,#506,.T.);
#1097=EDGE_CURVE('',#885,#884,#507,.T.);
#1098=EDGE_CURVE('',#886,#885,#508,.T.);
#1099=EDGE_CURVE('',#887,#886,#509,.T.);
#1100=EDGE_CURVE('',#888,#887,#145,.T.);
#1101=EDGE_CURVE('',#889,#888,#146,.T.);
#1102=EDGE_CURVE('',#890,#889,#510,.T.);
#1103=EDGE_CURVE('',#891,#890,#511,.T.);
#1104=EDGE_CURVE('',#892,#891,#147,.T.);
#1105=EDGE_CURVE('',#893,#892,#512,.T.);
#1106=EDGE_CURVE('',#894,#893,#148,.T.);
#1107=EDGE_CURVE('',#895,#894,#513,.T.);
#1108=EDGE_CURVE('',#896,#895,#514,.T.);
#1109=EDGE_CURVE('',#897,#896,#149,.T.);
#1110=EDGE_CURVE('',#898,#897,#515,.T.);
#1111=EDGE_CURVE('',#899,#898,#150,.T.);
#1112=EDGE_CURVE('',#900,#899,#516,.T.);
#1113=EDGE_CURVE('',#901,#900,#517,.T.);
#1114=EDGE_CURVE('',#902,#901,#151,.T.);
#1115=EDGE_CURVE('',#903,#902,#152,.T.);
#1116=EDGE_CURVE('',#904,#903,#518,.T.);
#1117=EDGE_CURVE('',#905,#904,#519,.T.);
#1118=EDGE_CURVE('',#881,#905,#520,.T.);
#1119=EDGE_CURVE('',#906,#907,#521,.T.);
#1120=EDGE_CURVE('',#906,#880,#522,.T.);
#1121=EDGE_CURVE('',#907,#881,#523,.T.);
#1122=EDGE_CURVE('',#908,#906,#153,.T.);
#1123=EDGE_CURVE('',#908,#882,#524,.T.);
#1124=EDGE_CURVE('',#909,#908,#154,.T.);
#1125=EDGE_CURVE('',#909,#883,#525,.T.);
#1126=EDGE_CURVE('',#910,#909,#526,.T.);
#1127=EDGE_CURVE('',#910,#884,#527,.T.);
#1128=EDGE_CURVE('',#911,#910,#528,.T.);
#1129=EDGE_CURVE('',#911,#885,#529,.T.);
#1130=EDGE_CURVE('',#912,#911,#530,.T.);
#1131=EDGE_CURVE('',#912,#886,#531,.T.);
#1132=EDGE_CURVE('',#913,#912,#532,.T.);
#1133=EDGE_CURVE('',#913,#887,#533,.T.);
#1134=EDGE_CURVE('',#914,#913,#155,.T.);
#1135=EDGE_CURVE('',#914,#888,#534,.T.);
#1136=EDGE_CURVE('',#915,#914,#156,.T.);
#1137=EDGE_CURVE('',#915,#889,#535,.T.);
#1138=EDGE_CURVE('',#916,#915,#536,.T.);
#1139=EDGE_CURVE('',#916,#890,#537,.T.);
#1140=EDGE_CURVE('',#917,#916,#538,.T.);
#1141=EDGE_CURVE('',#917,#891,#539,.T.);
#1142=EDGE_CURVE('',#918,#917,#157,.T.);
#1143=EDGE_CURVE('',#918,#892,#540,.T.);
#1144=EDGE_CURVE('',#919,#918,#541,.T.);
#1145=EDGE_CURVE('',#919,#893,#542,.T.);
#1146=EDGE_CURVE('',#920,#919,#158,.T.);
#1147=EDGE_CURVE('',#920,#894,#543,.T.);
#1148=EDGE_CURVE('',#921,#920,#544,.T.);
#1149=EDGE_CURVE('',#921,#895,#545,.T.);
#1150=EDGE_CURVE('',#922,#921,#546,.T.);
#1151=EDGE_CURVE('',#922,#896,#547,.T.);
#1152=EDGE_CURVE('',#923,#922,#159,.T.);
#1153=EDGE_CURVE('',#923,#897,#548,.T.);
#1154=EDGE_CURVE('',#924,#923,#549,.T.);
#1155=EDGE_CURVE('',#924,#898,#550,.T.);
#1156=EDGE_CURVE('',#925,#924,#160,.T.);
#1157=EDGE_CURVE('',#925,#899,#551,.T.);
#1158=EDGE_CURVE('',#926,#925,#552,.T.);
#1159=EDGE_CURVE('',#926,#900,#553,.T.);
#1160=EDGE_CURVE('',#927,#926,#554,.T.);
#1161=EDGE_CURVE('',#927,#901,#555,.T.);
#1162=EDGE_CURVE('',#928,#927,#161,.T.);
#1163=EDGE_CURVE('',#928,#902,#556,.T.);
#1164=EDGE_CURVE('',#929,#928,#162,.T.);
#1165=EDGE_CURVE('',#929,#903,#557,.T.);
#1166=EDGE_CURVE('',#930,#929,#558,.T.);
#1167=EDGE_CURVE('',#930,#904,#559,.T.);
#1168=EDGE_CURVE('',#931,#930,#560,.T.);
#1169=EDGE_CURVE('',#931,#905,#561,.T.);
#1170=EDGE_CURVE('',#907,#931,#562,.T.);
#1171=EDGE_CURVE('',#932,#933,#563,.T.);
#1172=EDGE_CURVE('',#933,#934,#564,.T.);
#1173=EDGE_CURVE('',#934,#935,#565,.T.);
#1174=EDGE_CURVE('',#935,#932,#566,.T.);
#1175=EDGE_CURVE('',#936,#937,#38,.F.);
#1176=EDGE_CURVE('',#938,#936,#39,.F.);
#1177=EDGE_CURVE('',#937,#938,#40,.F.);
#1178=EDGE_CURVE('',#939,#940,#41,.F.);
#1179=EDGE_CURVE('',#941,#939,#42,.F.);
#1180=EDGE_CURVE('',#940,#941,#43,.F.);
#1181=EDGE_CURVE('',#938,#941,#567,.T.);
#1182=EDGE_CURVE('',#939,#937,#568,.T.);
#1183=EDGE_CURVE('',#942,#943,#44,.F.);
#1184=EDGE_CURVE('',#944,#942,#45,.F.);
#1185=EDGE_CURVE('',#943,#944,#46,.F.);
#1186=EDGE_CURVE('',#945,#946,#47,.F.);
#1187=EDGE_CURVE('',#947,#945,#48,.F.);
#1188=EDGE_CURVE('',#946,#947,#49,.F.);
#1189=EDGE_CURVE('',#948,#949,#50,.F.);
#1190=EDGE_CURVE('',#950,#948,#51,.F.);
#1191=EDGE_CURVE('',#949,#950,#52,.F.);
#1192=EDGE_CURVE('',#951,#952,#53,.F.);
#1193=EDGE_CURVE('',#953,#951,#54,.F.);
#1194=EDGE_CURVE('',#952,#953,#55,.F.);
#1195=EDGE_CURVE('',#951,#945,#569,.T.);
#1196=EDGE_CURVE('',#946,#953,#570,.T.);
#1197=EDGE_CURVE('',#952,#940,#571,.T.);
#1198=EDGE_CURVE('',#953,#939,#572,.T.);
#1199=EDGE_CURVE('',#954,#955,#56,.F.);
#1200=EDGE_CURVE('',#956,#954,#57,.F.);
#1201=EDGE_CURVE('',#955,#956,#58,.F.);
#1202=EDGE_CURVE('',#957,#958,#59,.F.);
#1203=EDGE_CURVE('',#959,#957,#60,.F.);
#1204=EDGE_CURVE('',#958,#959,#61,.F.);
#1205=EDGE_CURVE('',#954,#959,#573,.T.);
#1206=EDGE_CURVE('',#957,#956,#574,.T.);
#1207=EDGE_CURVE('',#959,#951,#575,.T.);
#1208=EDGE_CURVE('',#952,#958,#576,.T.);
#1209=EDGE_CURVE('',#948,#957,#577,.T.);
#1210=EDGE_CURVE('',#958,#950,#578,.T.);
#1211=EDGE_CURVE('',#943,#955,#579,.T.);
#1212=EDGE_CURVE('',#956,#942,#580,.T.);
#1213=EDGE_CURVE('',#945,#954,#581,.T.);
#1214=EDGE_CURVE('',#955,#947,#582,.T.);
#1215=EDGE_CURVE('',#941,#949,#583,.T.);
#1216=EDGE_CURVE('',#950,#940,#584,.T.);
#1217=EDGE_CURVE('',#949,#944,#585,.T.);
#1218=EDGE_CURVE('',#942,#948,#586,.T.);
#1219=EDGE_CURVE('',#937,#946,#587,.T.);
#1220=EDGE_CURVE('',#947,#936,#588,.T.);
#1221=EDGE_CURVE('',#944,#938,#589,.T.);
#1222=EDGE_CURVE('',#936,#943,#590,.T.);
#1223=EDGE_CURVE('',#960,#961,#62,.F.);
#1224=EDGE_CURVE('',#962,#960,#63,.F.);
#1225=EDGE_CURVE('',#961,#962,#64,.F.);
#1226=EDGE_CURVE('',#963,#964,#65,.F.);
#1227=EDGE_CURVE('',#965,#963,#66,.F.);
#1228=EDGE_CURVE('',#964,#965,#67,.F.);
#1229=EDGE_CURVE('',#962,#965,#591,.T.);
#1230=EDGE_CURVE('',#963,#961,#592,.T.);
#1231=EDGE_CURVE('',#966,#967,#68,.F.);
#1232=EDGE_CURVE('',#968,#966,#69,.F.);
#1233=EDGE_CURVE('',#967,#968,#70,.F.);
#1234=EDGE_CURVE('',#969,#970,#71,.F.);
#1235=EDGE_CURVE('',#971,#969,#72,.F.);
#1236=EDGE_CURVE('',#970,#971,#73,.F.);
#1237=EDGE_CURVE('',#972,#973,#74,.F.);
#1238=EDGE_CURVE('',#974,#972,#75,.F.);
#1239=EDGE_CURVE('',#973,#974,#76,.F.);
#1240=EDGE_CURVE('',#975,#976,#77,.F.);
#1241=EDGE_CURVE('',#977,#975,#78,.F.);
#1242=EDGE_CURVE('',#976,#977,#79,.F.);
#1243=EDGE_CURVE('',#975,#969,#593,.T.);
#1244=EDGE_CURVE('',#970,#977,#594,.T.);
#1245=EDGE_CURVE('',#964,#976,#595,.T.);
#1246=EDGE_CURVE('',#977,#963,#596,.T.);
#1247=EDGE_CURVE('',#978,#979,#80,.F.);
#1248=EDGE_CURVE('',#980,#978,#81,.F.);
#1249=EDGE_CURVE('',#979,#980,#82,.F.);
#1250=EDGE_CURVE('',#981,#982,#83,.F.);
#1251=EDGE_CURVE('',#983,#981,#84,.F.);
#1252=EDGE_CURVE('',#982,#983,#85,.F.);
#1253=EDGE_CURVE('',#978,#983,#597,.T.);
#1254=EDGE_CURVE('',#981,#980,#598,.T.);
#1255=EDGE_CURVE('',#983,#975,#599,.T.);
#1256=EDGE_CURVE('',#976,#982,#600,.T.);
#1257=EDGE_CURVE('',#972,#981,#601,.T.);
#1258=EDGE_CURVE('',#982,#974,#602,.T.);
#1259=EDGE_CURVE('',#979,#967,#603,.T.);
#1260=EDGE_CURVE('',#980,#966,#604,.T.);
#1261=EDGE_CURVE('',#969,#978,#605,.T.);
#1262=EDGE_CURVE('',#979,#971,#606,.T.);
#1263=EDGE_CURVE('',#965,#973,#607,.T.);
#1264=EDGE_CURVE('',#974,#964,#608,.T.);
#1265=EDGE_CURVE('',#973,#968,#609,.T.);
#1266=EDGE_CURVE('',#966,#972,#610,.T.);
#1267=EDGE_CURVE('',#961,#970,#611,.T.);
#1268=EDGE_CURVE('',#971,#960,#612,.T.);
#1269=EDGE_CURVE('',#968,#962,#613,.T.);
#1270=EDGE_CURVE('',#960,#967,#614,.T.);
#1271=EDGE_CURVE('',#984,#985,#615,.T.);
#1272=EDGE_CURVE('',#985,#986,#616,.T.);
#1273=EDGE_CURVE('',#986,#987,#617,.T.);
#1274=EDGE_CURVE('',#987,#984,#618,.T.);
#1275=EDGE_CURVE('',#987,#934,#619,.T.);
#1276=EDGE_CURVE('',#984,#933,#620,.T.);
#1277=EDGE_CURVE('',#986,#935,#621,.T.);
#1278=EDGE_CURVE('',#985,#932,#622,.T.);
#1279=ORIENTED_EDGE('',*,*,#988,.F.);
#1280=ORIENTED_EDGE('',*,*,#989,.T.);
#1281=ORIENTED_EDGE('',*,*,#990,.F.);
#1282=ORIENTED_EDGE('',*,*,#991,.F.);
#1283=ORIENTED_EDGE('',*,*,#992,.F.);
#1284=ORIENTED_EDGE('',*,*,#991,.T.);
#1285=ORIENTED_EDGE('',*,*,#993,.F.);
#1286=ORIENTED_EDGE('',*,*,#994,.F.);
#1287=ORIENTED_EDGE('',*,*,#995,.F.);
#1288=ORIENTED_EDGE('',*,*,#994,.T.);
#1289=ORIENTED_EDGE('',*,*,#996,.F.);
#1290=ORIENTED_EDGE('',*,*,#997,.F.);
#1291=ORIENTED_EDGE('',*,*,#998,.F.);
#1292=ORIENTED_EDGE('',*,*,#997,.T.);
#1293=ORIENTED_EDGE('',*,*,#999,.F.);
#1294=ORIENTED_EDGE('',*,*,#1000,.F.);
#1295=ORIENTED_EDGE('',*,*,#1001,.F.);
#1296=ORIENTED_EDGE('',*,*,#1000,.T.);
#1297=ORIENTED_EDGE('',*,*,#1002,.F.);
#1298=ORIENTED_EDGE('',*,*,#1003,.F.);
#1299=ORIENTED_EDGE('',*,*,#1004,.F.);
#1300=ORIENTED_EDGE('',*,*,#1003,.T.);
#1301=ORIENTED_EDGE('',*,*,#1005,.F.);
#1302=ORIENTED_EDGE('',*,*,#1006,.F.);
#1303=ORIENTED_EDGE('',*,*,#1007,.F.);
#1304=ORIENTED_EDGE('',*,*,#1006,.T.);
#1305=ORIENTED_EDGE('',*,*,#1008,.F.);
#1306=ORIENTED_EDGE('',*,*,#1009,.F.);
#1307=ORIENTED_EDGE('',*,*,#1010,.F.);
#1308=ORIENTED_EDGE('',*,*,#1009,.T.);
#1309=ORIENTED_EDGE('',*,*,#1011,.F.);
#1310=ORIENTED_EDGE('',*,*,#1012,.F.);
#1311=ORIENTED_EDGE('',*,*,#1013,.F.);
#1312=ORIENTED_EDGE('',*,*,#1012,.T.);
#1313=ORIENTED_EDGE('',*,*,#1014,.F.);
#1314=ORIENTED_EDGE('',*,*,#1015,.F.);
#1315=ORIENTED_EDGE('',*,*,#1016,.F.);
#1316=ORIENTED_EDGE('',*,*,#1015,.T.);
#1317=ORIENTED_EDGE('',*,*,#1017,.F.);
#1318=ORIENTED_EDGE('',*,*,#1018,.F.);
#1319=ORIENTED_EDGE('',*,*,#1019,.F.);
#1320=ORIENTED_EDGE('',*,*,#1018,.T.);
#1321=ORIENTED_EDGE('',*,*,#1020,.F.);
#1322=ORIENTED_EDGE('',*,*,#1021,.F.);
#1323=ORIENTED_EDGE('',*,*,#1022,.F.);
#1324=ORIENTED_EDGE('',*,*,#1021,.T.);
#1325=ORIENTED_EDGE('',*,*,#1023,.F.);
#1326=ORIENTED_EDGE('',*,*,#1024,.F.);
#1327=ORIENTED_EDGE('',*,*,#1025,.F.);
#1328=ORIENTED_EDGE('',*,*,#1024,.T.);
#1329=ORIENTED_EDGE('',*,*,#1026,.F.);
#1330=ORIENTED_EDGE('',*,*,#1027,.F.);
#1331=ORIENTED_EDGE('',*,*,#1028,.F.);
#1332=ORIENTED_EDGE('',*,*,#1027,.T.);
#1333=ORIENTED_EDGE('',*,*,#1029,.F.);
#1334=ORIENTED_EDGE('',*,*,#1030,.F.);
#1335=ORIENTED_EDGE('',*,*,#1031,.F.);
#1336=ORIENTED_EDGE('',*,*,#1030,.T.);
#1337=ORIENTED_EDGE('',*,*,#1032,.F.);
#1338=ORIENTED_EDGE('',*,*,#1033,.F.);
#1339=ORIENTED_EDGE('',*,*,#1034,.F.);
#1340=ORIENTED_EDGE('',*,*,#1033,.T.);
#1341=ORIENTED_EDGE('',*,*,#1035,.F.);
#1342=ORIENTED_EDGE('',*,*,#989,.F.);
#1343=ORIENTED_EDGE('',*,*,#1036,.F.);
#1344=ORIENTED_EDGE('',*,*,#1037,.F.);
#1345=ORIENTED_EDGE('',*,*,#1038,.F.);
#1346=ORIENTED_EDGE('',*,*,#1039,.F.);
#1347=ORIENTED_EDGE('',*,*,#1040,.F.);
#1348=ORIENTED_EDGE('',*,*,#1041,.F.);
#1349=ORIENTED_EDGE('',*,*,#1042,.F.);
#1350=ORIENTED_EDGE('',*,*,#1043,.F.);
#1351=ORIENTED_EDGE('',*,*,#1044,.F.);
#1352=ORIENTED_EDGE('',*,*,#1045,.F.);
#1353=ORIENTED_EDGE('',*,*,#1046,.F.);
#1354=ORIENTED_EDGE('',*,*,#1047,.F.);
#1355=ORIENTED_EDGE('',*,*,#1048,.F.);
#1356=ORIENTED_EDGE('',*,*,#1049,.F.);
#1357=ORIENTED_EDGE('',*,*,#1050,.F.);
#1358=ORIENTED_EDGE('',*,*,#1051,.F.);
#1359=ORIENTED_EDGE('',*,*,#1052,.F.);
#1360=ORIENTED_EDGE('',*,*,#1053,.F.);
#1361=ORIENTED_EDGE('',*,*,#1054,.F.);
#1362=ORIENTED_EDGE('',*,*,#990,.T.);
#1363=ORIENTED_EDGE('',*,*,#1035,.T.);
#1364=ORIENTED_EDGE('',*,*,#1032,.T.);
#1365=ORIENTED_EDGE('',*,*,#1029,.T.);
#1366=ORIENTED_EDGE('',*,*,#1026,.T.);
#1367=ORIENTED_EDGE('',*,*,#1023,.T.);
#1368=ORIENTED_EDGE('',*,*,#1020,.T.);
#1369=ORIENTED_EDGE('',*,*,#1017,.T.);
#1370=ORIENTED_EDGE('',*,*,#1014,.T.);
#1371=ORIENTED_EDGE('',*,*,#1011,.T.);
#1372=ORIENTED_EDGE('',*,*,#1008,.T.);
#1373=ORIENTED_EDGE('',*,*,#1005,.T.);
#1374=ORIENTED_EDGE('',*,*,#1002,.T.);
#1375=ORIENTED_EDGE('',*,*,#999,.T.);
#1376=ORIENTED_EDGE('',*,*,#996,.T.);
#1377=ORIENTED_EDGE('',*,*,#993,.T.);
#1378=ORIENTED_EDGE('',*,*,#1055,.F.);
#1379=ORIENTED_EDGE('',*,*,#1056,.T.);
#1380=ORIENTED_EDGE('',*,*,#1036,.T.);
#1381=ORIENTED_EDGE('',*,*,#1057,.F.);
#1382=ORIENTED_EDGE('',*,*,#1058,.F.);
#1383=ORIENTED_EDGE('',*,*,#1059,.T.);
#1384=ORIENTED_EDGE('',*,*,#1037,.T.);
#1385=ORIENTED_EDGE('',*,*,#1056,.F.);
#1386=ORIENTED_EDGE('',*,*,#1060,.F.);
#1387=ORIENTED_EDGE('',*,*,#1061,.T.);
#1388=ORIENTED_EDGE('',*,*,#1038,.T.);
#1389=ORIENTED_EDGE('',*,*,#1059,.F.);
#1390=ORIENTED_EDGE('',*,*,#1062,.F.);
#1391=ORIENTED_EDGE('',*,*,#1063,.T.);
#1392=ORIENTED_EDGE('',*,*,#1039,.T.);
#1393=ORIENTED_EDGE('',*,*,#1061,.F.);
#1394=ORIENTED_EDGE('',*,*,#1064,.F.);
#1395=ORIENTED_EDGE('',*,*,#1065,.T.);
#1396=ORIENTED_EDGE('',*,*,#1040,.T.);
#1397=ORIENTED_EDGE('',*,*,#1063,.F.);
#1398=ORIENTED_EDGE('',*,*,#1066,.F.);
#1399=ORIENTED_EDGE('',*,*,#1067,.T.);
#1400=ORIENTED_EDGE('',*,*,#1041,.T.);
#1401=ORIENTED_EDGE('',*,*,#1065,.F.);
#1402=ORIENTED_EDGE('',*,*,#1068,.F.);
#1403=ORIENTED_EDGE('',*,*,#1069,.T.);
#1404=ORIENTED_EDGE('',*,*,#1042,.T.);
#1405=ORIENTED_EDGE('',*,*,#1067,.F.);
#1406=ORIENTED_EDGE('',*,*,#1070,.F.);
#1407=ORIENTED_EDGE('',*,*,#1071,.T.);
#1408=ORIENTED_EDGE('',*,*,#1043,.T.);
#1409=ORIENTED_EDGE('',*,*,#1069,.F.);
#1410=ORIENTED_EDGE('',*,*,#1072,.F.);
#1411=ORIENTED_EDGE('',*,*,#1073,.T.);
#1412=ORIENTED_EDGE('',*,*,#1044,.T.);
#1413=ORIENTED_EDGE('',*,*,#1071,.F.);
#1414=ORIENTED_EDGE('',*,*,#1074,.F.);
#1415=ORIENTED_EDGE('',*,*,#1075,.T.);
#1416=ORIENTED_EDGE('',*,*,#1045,.T.);
#1417=ORIENTED_EDGE('',*,*,#1073,.F.);
#1418=ORIENTED_EDGE('',*,*,#1076,.F.);
#1419=ORIENTED_EDGE('',*,*,#1077,.T.);
#1420=ORIENTED_EDGE('',*,*,#1046,.T.);
#1421=ORIENTED_EDGE('',*,*,#1075,.F.);
#1422=ORIENTED_EDGE('',*,*,#1078,.F.);
#1423=ORIENTED_EDGE('',*,*,#1079,.T.);
#1424=ORIENTED_EDGE('',*,*,#1047,.T.);
#1425=ORIENTED_EDGE('',*,*,#1077,.F.);
#1426=ORIENTED_EDGE('',*,*,#1080,.F.);
#1427=ORIENTED_EDGE('',*,*,#1081,.T.);
#1428=ORIENTED_EDGE('',*,*,#1048,.T.);
#1429=ORIENTED_EDGE('',*,*,#1079,.F.);
#1430=ORIENTED_EDGE('',*,*,#1082,.F.);
#1431=ORIENTED_EDGE('',*,*,#1083,.T.);
#1432=ORIENTED_EDGE('',*,*,#1049,.T.);
#1433=ORIENTED_EDGE('',*,*,#1081,.F.);
#1434=ORIENTED_EDGE('',*,*,#1084,.F.);
#1435=ORIENTED_EDGE('',*,*,#1085,.T.);
#1436=ORIENTED_EDGE('',*,*,#1050,.T.);
#1437=ORIENTED_EDGE('',*,*,#1083,.F.);
#1438=ORIENTED_EDGE('',*,*,#1086,.F.);
#1439=ORIENTED_EDGE('',*,*,#1087,.T.);
#1440=ORIENTED_EDGE('',*,*,#1051,.T.);
#1441=ORIENTED_EDGE('',*,*,#1085,.F.);
#1442=ORIENTED_EDGE('',*,*,#1088,.F.);
#1443=ORIENTED_EDGE('',*,*,#1089,.T.);
#1444=ORIENTED_EDGE('',*,*,#1052,.T.);
#1445=ORIENTED_EDGE('',*,*,#1087,.F.);
#1446=ORIENTED_EDGE('',*,*,#1090,.F.);
#1447=ORIENTED_EDGE('',*,*,#1091,.T.);
#1448=ORIENTED_EDGE('',*,*,#1053,.T.);
#1449=ORIENTED_EDGE('',*,*,#1089,.F.);
#1450=ORIENTED_EDGE('',*,*,#1092,.F.);
#1451=ORIENTED_EDGE('',*,*,#1057,.T.);
#1452=ORIENTED_EDGE('',*,*,#1054,.T.);
#1453=ORIENTED_EDGE('',*,*,#1091,.F.);
#1454=ORIENTED_EDGE('',*,*,#1093,.F.);
#1455=ORIENTED_EDGE('',*,*,#1094,.F.);
#1456=ORIENTED_EDGE('',*,*,#1095,.F.);
#1457=ORIENTED_EDGE('',*,*,#1096,.F.);
#1458=ORIENTED_EDGE('',*,*,#1097,.F.);
#1459=ORIENTED_EDGE('',*,*,#1098,.F.);
#1460=ORIENTED_EDGE('',*,*,#1099,.F.);
#1461=ORIENTED_EDGE('',*,*,#1100,.F.);
#1462=ORIENTED_EDGE('',*,*,#1101,.F.);
#1463=ORIENTED_EDGE('',*,*,#1102,.F.);
#1464=ORIENTED_EDGE('',*,*,#1103,.F.);
#1465=ORIENTED_EDGE('',*,*,#1104,.F.);
#1466=ORIENTED_EDGE('',*,*,#1105,.F.);
#1467=ORIENTED_EDGE('',*,*,#1106,.F.);
#1468=ORIENTED_EDGE('',*,*,#1107,.F.);
#1469=ORIENTED_EDGE('',*,*,#1108,.F.);
#1470=ORIENTED_EDGE('',*,*,#1109,.F.);
#1471=ORIENTED_EDGE('',*,*,#1110,.F.);
#1472=ORIENTED_EDGE('',*,*,#1111,.F.);
#1473=ORIENTED_EDGE('',*,*,#1112,.F.);
#1474=ORIENTED_EDGE('',*,*,#1113,.F.);
#1475=ORIENTED_EDGE('',*,*,#1114,.F.);
#1476=ORIENTED_EDGE('',*,*,#1115,.F.);
#1477=ORIENTED_EDGE('',*,*,#1116,.F.);
#1478=ORIENTED_EDGE('',*,*,#1117,.F.);
#1479=ORIENTED_EDGE('',*,*,#1118,.F.);
#1480=ORIENTED_EDGE('',*,*,#1119,.F.);
#1481=ORIENTED_EDGE('',*,*,#1120,.T.);
#1482=ORIENTED_EDGE('',*,*,#1093,.T.);
#1483=ORIENTED_EDGE('',*,*,#1121,.F.);
#1484=ORIENTED_EDGE('',*,*,#1122,.F.);
#1485=ORIENTED_EDGE('',*,*,#1123,.T.);
#1486=ORIENTED_EDGE('',*,*,#1094,.T.);
#1487=ORIENTED_EDGE('',*,*,#1120,.F.);
#1488=ORIENTED_EDGE('',*,*,#1124,.F.);
#1489=ORIENTED_EDGE('',*,*,#1125,.T.);
#1490=ORIENTED_EDGE('',*,*,#1095,.T.);
#1491=ORIENTED_EDGE('',*,*,#1123,.F.);
#1492=ORIENTED_EDGE('',*,*,#1126,.F.);
#1493=ORIENTED_EDGE('',*,*,#1127,.T.);
#1494=ORIENTED_EDGE('',*,*,#1096,.T.);
#1495=ORIENTED_EDGE('',*,*,#1125,.F.);
#1496=ORIENTED_EDGE('',*,*,#1128,.F.);
#1497=ORIENTED_EDGE('',*,*,#1129,.T.);
#1498=ORIENTED_EDGE('',*,*,#1097,.T.);
#1499=ORIENTED_EDGE('',*,*,#1127,.F.);
#1500=ORIENTED_EDGE('',*,*,#1130,.F.);
#1501=ORIENTED_EDGE('',*,*,#1131,.T.);
#1502=ORIENTED_EDGE('',*,*,#1098,.T.);
#1503=ORIENTED_EDGE('',*,*,#1129,.F.);
#1504=ORIENTED_EDGE('',*,*,#1132,.F.);
#1505=ORIENTED_EDGE('',*,*,#1133,.T.);
#1506=ORIENTED_EDGE('',*,*,#1099,.T.);
#1507=ORIENTED_EDGE('',*,*,#1131,.F.);
#1508=ORIENTED_EDGE('',*,*,#1134,.F.);
#1509=ORIENTED_EDGE('',*,*,#1135,.T.);
#1510=ORIENTED_EDGE('',*,*,#1100,.T.);
#1511=ORIENTED_EDGE('',*,*,#1133,.F.);
#1512=ORIENTED_EDGE('',*,*,#1136,.F.);
#1513=ORIENTED_EDGE('',*,*,#1137,.T.);
#1514=ORIENTED_EDGE('',*,*,#1101,.T.);
#1515=ORIENTED_EDGE('',*,*,#1135,.F.);
#1516=ORIENTED_EDGE('',*,*,#1138,.F.);
#1517=ORIENTED_EDGE('',*,*,#1139,.T.);
#1518=ORIENTED_EDGE('',*,*,#1102,.T.);
#1519=ORIENTED_EDGE('',*,*,#1137,.F.);
#1520=ORIENTED_EDGE('',*,*,#1140,.F.);
#1521=ORIENTED_EDGE('',*,*,#1141,.T.);
#1522=ORIENTED_EDGE('',*,*,#1103,.T.);
#1523=ORIENTED_EDGE('',*,*,#1139,.F.);
#1524=ORIENTED_EDGE('',*,*,#1142,.F.);
#1525=ORIENTED_EDGE('',*,*,#1143,.T.);
#1526=ORIENTED_EDGE('',*,*,#1104,.T.);
#1527=ORIENTED_EDGE('',*,*,#1141,.F.);
#1528=ORIENTED_EDGE('',*,*,#1144,.F.);
#1529=ORIENTED_EDGE('',*,*,#1145,.T.);
#1530=ORIENTED_EDGE('',*,*,#1105,.T.);
#1531=ORIENTED_EDGE('',*,*,#1143,.F.);
#1532=ORIENTED_EDGE('',*,*,#1146,.F.);
#1533=ORIENTED_EDGE('',*,*,#1147,.T.);
#1534=ORIENTED_EDGE('',*,*,#1106,.T.);
#1535=ORIENTED_EDGE('',*,*,#1145,.F.);
#1536=ORIENTED_EDGE('',*,*,#1148,.F.);
#1537=ORIENTED_EDGE('',*,*,#1149,.T.);
#1538=ORIENTED_EDGE('',*,*,#1107,.T.);
#1539=ORIENTED_EDGE('',*,*,#1147,.F.);
#1540=ORIENTED_EDGE('',*,*,#1150,.F.);
#1541=ORIENTED_EDGE('',*,*,#1151,.T.);
#1542=ORIENTED_EDGE('',*,*,#1108,.T.);
#1543=ORIENTED_EDGE('',*,*,#1149,.F.);
#1544=ORIENTED_EDGE('',*,*,#1152,.F.);
#1545=ORIENTED_EDGE('',*,*,#1153,.T.);
#1546=ORIENTED_EDGE('',*,*,#1109,.T.);
#1547=ORIENTED_EDGE('',*,*,#1151,.F.);
#1548=ORIENTED_EDGE('',*,*,#1154,.F.);
#1549=ORIENTED_EDGE('',*,*,#1155,.T.);
#1550=ORIENTED_EDGE('',*,*,#1110,.T.);
#1551=ORIENTED_EDGE('',*,*,#1153,.F.);
#1552=ORIENTED_EDGE('',*,*,#1156,.F.);
#1553=ORIENTED_EDGE('',*,*,#1157,.T.);
#1554=ORIENTED_EDGE('',*,*,#1111,.T.);
#1555=ORIENTED_EDGE('',*,*,#1155,.F.);
#1556=ORIENTED_EDGE('',*,*,#1158,.F.);
#1557=ORIENTED_EDGE('',*,*,#1159,.T.);
#1558=ORIENTED_EDGE('',*,*,#1112,.T.);
#1559=ORIENTED_EDGE('',*,*,#1157,.F.);
#1560=ORIENTED_EDGE('',*,*,#1160,.F.);
#1561=ORIENTED_EDGE('',*,*,#1161,.T.);
#1562=ORIENTED_EDGE('',*,*,#1113,.T.);
#1563=ORIENTED_EDGE('',*,*,#1159,.F.);
#1564=ORIENTED_EDGE('',*,*,#1162,.F.);
#1565=ORIENTED_EDGE('',*,*,#1163,.T.);
#1566=ORIENTED_EDGE('',*,*,#1114,.T.);
#1567=ORIENTED_EDGE('',*,*,#1161,.F.);
#1568=ORIENTED_EDGE('',*,*,#1164,.F.);
#1569=ORIENTED_EDGE('',*,*,#1165,.T.);
#1570=ORIENTED_EDGE('',*,*,#1115,.T.);
#1571=ORIENTED_EDGE('',*,*,#1163,.F.);
#1572=ORIENTED_EDGE('',*,*,#1166,.F.);
#1573=ORIENTED_EDGE('',*,*,#1167,.T.);
#1574=ORIENTED_EDGE('',*,*,#1116,.T.);
#1575=ORIENTED_EDGE('',*,*,#1165,.F.);
#1576=ORIENTED_EDGE('',*,*,#1168,.F.);
#1577=ORIENTED_EDGE('',*,*,#1169,.T.);
#1578=ORIENTED_EDGE('',*,*,#1117,.T.);
#1579=ORIENTED_EDGE('',*,*,#1167,.F.);
#1580=ORIENTED_EDGE('',*,*,#1170,.F.);
#1581=ORIENTED_EDGE('',*,*,#1121,.T.);
#1582=ORIENTED_EDGE('',*,*,#1118,.T.);
#1583=ORIENTED_EDGE('',*,*,#1169,.F.);
#1584=ORIENTED_EDGE('',*,*,#1171,.T.);
#1585=ORIENTED_EDGE('',*,*,#1172,.T.);
#1586=ORIENTED_EDGE('',*,*,#1173,.T.);
#1587=ORIENTED_EDGE('',*,*,#1174,.T.);
#1588=ORIENTED_EDGE('',*,*,#1119,.T.);
#1589=ORIENTED_EDGE('',*,*,#1170,.T.);
#1590=ORIENTED_EDGE('',*,*,#1168,.T.);
#1591=ORIENTED_EDGE('',*,*,#1166,.T.);
#1592=ORIENTED_EDGE('',*,*,#1164,.T.);
#1593=ORIENTED_EDGE('',*,*,#1162,.T.);
#1594=ORIENTED_EDGE('',*,*,#1160,.T.);
#1595=ORIENTED_EDGE('',*,*,#1158,.T.);
#1596=ORIENTED_EDGE('',*,*,#1156,.T.);
#1597=ORIENTED_EDGE('',*,*,#1154,.T.);
#1598=ORIENTED_EDGE('',*,*,#1152,.T.);
#1599=ORIENTED_EDGE('',*,*,#1150,.T.);
#1600=ORIENTED_EDGE('',*,*,#1148,.T.);
#1601=ORIENTED_EDGE('',*,*,#1146,.T.);
#1602=ORIENTED_EDGE('',*,*,#1144,.T.);
#1603=ORIENTED_EDGE('',*,*,#1142,.T.);
#1604=ORIENTED_EDGE('',*,*,#1140,.T.);
#1605=ORIENTED_EDGE('',*,*,#1138,.T.);
#1606=ORIENTED_EDGE('',*,*,#1136,.T.);
#1607=ORIENTED_EDGE('',*,*,#1134,.T.);
#1608=ORIENTED_EDGE('',*,*,#1132,.T.);
#1609=ORIENTED_EDGE('',*,*,#1130,.T.);
#1610=ORIENTED_EDGE('',*,*,#1128,.T.);
#1611=ORIENTED_EDGE('',*,*,#1126,.T.);
#1612=ORIENTED_EDGE('',*,*,#1124,.T.);
#1613=ORIENTED_EDGE('',*,*,#1122,.T.);
#1614=ORIENTED_EDGE('',*,*,#1055,.T.);
#1615=ORIENTED_EDGE('',*,*,#1092,.T.);
#1616=ORIENTED_EDGE('',*,*,#1090,.T.);
#1617=ORIENTED_EDGE('',*,*,#1088,.T.);
#1618=ORIENTED_EDGE('',*,*,#1086,.T.);
#1619=ORIENTED_EDGE('',*,*,#1084,.T.);
#1620=ORIENTED_EDGE('',*,*,#1082,.T.);
#1621=ORIENTED_EDGE('',*,*,#1080,.T.);
#1622=ORIENTED_EDGE('',*,*,#1078,.T.);
#1623=ORIENTED_EDGE('',*,*,#1076,.T.);
#1624=ORIENTED_EDGE('',*,*,#1074,.T.);
#1625=ORIENTED_EDGE('',*,*,#1072,.T.);
#1626=ORIENTED_EDGE('',*,*,#1070,.T.);
#1627=ORIENTED_EDGE('',*,*,#1068,.T.);
#1628=ORIENTED_EDGE('',*,*,#1066,.T.);
#1629=ORIENTED_EDGE('',*,*,#1064,.T.);
#1630=ORIENTED_EDGE('',*,*,#1062,.T.);
#1631=ORIENTED_EDGE('',*,*,#1060,.T.);
#1632=ORIENTED_EDGE('',*,*,#1058,.T.);
#1633=ORIENTED_EDGE('',*,*,#1175,.F.);
#1634=ORIENTED_EDGE('',*,*,#1176,.F.);
#1635=ORIENTED_EDGE('',*,*,#1177,.F.);
#1636=ORIENTED_EDGE('',*,*,#1178,.F.);
#1637=ORIENTED_EDGE('',*,*,#1179,.F.);
#1638=ORIENTED_EDGE('',*,*,#1180,.F.);
#1639=ORIENTED_EDGE('',*,*,#1177,.T.);
#1640=ORIENTED_EDGE('',*,*,#1181,.T.);
#1641=ORIENTED_EDGE('',*,*,#1179,.T.);
#1642=ORIENTED_EDGE('',*,*,#1182,.T.);
#1643=ORIENTED_EDGE('',*,*,#1183,.F.);
#1644=ORIENTED_EDGE('',*,*,#1184,.F.);
#1645=ORIENTED_EDGE('',*,*,#1185,.F.);
#1646=ORIENTED_EDGE('',*,*,#1186,.F.);
#1647=ORIENTED_EDGE('',*,*,#1187,.F.);
#1648=ORIENTED_EDGE('',*,*,#1188,.F.);
#1649=ORIENTED_EDGE('',*,*,#1189,.F.);
#1650=ORIENTED_EDGE('',*,*,#1190,.F.);
#1651=ORIENTED_EDGE('',*,*,#1191,.F.);
#1652=ORIENTED_EDGE('',*,*,#1192,.F.);
#1653=ORIENTED_EDGE('',*,*,#1193,.F.);
#1654=ORIENTED_EDGE('',*,*,#1194,.F.);
#1655=ORIENTED_EDGE('',*,*,#1193,.T.);
#1656=ORIENTED_EDGE('',*,*,#1195,.T.);
#1657=ORIENTED_EDGE('',*,*,#1186,.T.);
#1658=ORIENTED_EDGE('',*,*,#1196,.T.);
#1659=ORIENTED_EDGE('',*,*,#1178,.T.);
#1660=ORIENTED_EDGE('',*,*,#1197,.F.);
#1661=ORIENTED_EDGE('',*,*,#1194,.T.);
#1662=ORIENTED_EDGE('',*,*,#1198,.T.);
#1663=ORIENTED_EDGE('',*,*,#1199,.F.);
#1664=ORIENTED_EDGE('',*,*,#1200,.F.);
#1665=ORIENTED_EDGE('',*,*,#1201,.F.);
#1666=ORIENTED_EDGE('',*,*,#1202,.F.);
#1667=ORIENTED_EDGE('',*,*,#1203,.F.);
#1668=ORIENTED_EDGE('',*,*,#1204,.F.);
#1669=ORIENTED_EDGE('',*,*,#1200,.T.);
#1670=ORIENTED_EDGE('',*,*,#1205,.T.);
#1671=ORIENTED_EDGE('',*,*,#1203,.T.);
#1672=ORIENTED_EDGE('',*,*,#1206,.T.);
#1673=ORIENTED_EDGE('',*,*,#1204,.T.);
#1674=ORIENTED_EDGE('',*,*,#1207,.T.);
#1675=ORIENTED_EDGE('',*,*,#1192,.T.);
#1676=ORIENTED_EDGE('',*,*,#1208,.T.);
#1677=ORIENTED_EDGE('',*,*,#1190,.T.);
#1678=ORIENTED_EDGE('',*,*,#1209,.T.);
#1679=ORIENTED_EDGE('',*,*,#1202,.T.);
#1680=ORIENTED_EDGE('',*,*,#1210,.T.);
#1681=ORIENTED_EDGE('',*,*,#1183,.T.);
#1682=ORIENTED_EDGE('',*,*,#1211,.T.);
#1683=ORIENTED_EDGE('',*,*,#1201,.T.);
#1684=ORIENTED_EDGE('',*,*,#1212,.T.);
#1685=ORIENTED_EDGE('',*,*,#1187,.T.);
#1686=ORIENTED_EDGE('',*,*,#1213,.T.);
#1687=ORIENTED_EDGE('',*,*,#1199,.T.);
#1688=ORIENTED_EDGE('',*,*,#1214,.T.);
#1689=ORIENTED_EDGE('',*,*,#1180,.T.);
#1690=ORIENTED_EDGE('',*,*,#1215,.T.);
#1691=ORIENTED_EDGE('',*,*,#1191,.T.);
#1692=ORIENTED_EDGE('',*,*,#1216,.T.);
#1693=ORIENTED_EDGE('',*,*,#1189,.T.);
#1694=ORIENTED_EDGE('',*,*,#1217,.T.);
#1695=ORIENTED_EDGE('',*,*,#1184,.T.);
#1696=ORIENTED_EDGE('',*,*,#1218,.T.);
#1697=ORIENTED_EDGE('',*,*,#1175,.T.);
#1698=ORIENTED_EDGE('',*,*,#1219,.T.);
#1699=ORIENTED_EDGE('',*,*,#1188,.T.);
#1700=ORIENTED_EDGE('',*,*,#1220,.T.);
#1701=ORIENTED_EDGE('',*,*,#1185,.T.);
#1702=ORIENTED_EDGE('',*,*,#1221,.T.);
#1703=ORIENTED_EDGE('',*,*,#1176,.T.);
#1704=ORIENTED_EDGE('',*,*,#1222,.T.);
#1705=ORIENTED_EDGE('',*,*,#1181,.F.);
#1706=ORIENTED_EDGE('',*,*,#1221,.F.);
#1707=ORIENTED_EDGE('',*,*,#1217,.F.);
#1708=ORIENTED_EDGE('',*,*,#1215,.F.);
#1709=ORIENTED_EDGE('',*,*,#1196,.F.);
#1710=ORIENTED_EDGE('',*,*,#1219,.F.);
#1711=ORIENTED_EDGE('',*,*,#1182,.F.);
#1712=ORIENTED_EDGE('',*,*,#1198,.F.);
#1713=ORIENTED_EDGE('',*,*,#1205,.F.);
#1714=ORIENTED_EDGE('',*,*,#1213,.F.);
#1715=ORIENTED_EDGE('',*,*,#1195,.F.);
#1716=ORIENTED_EDGE('',*,*,#1207,.F.);
#1717=ORIENTED_EDGE('',*,*,#1206,.F.);
#1718=ORIENTED_EDGE('',*,*,#1209,.F.);
#1719=ORIENTED_EDGE('',*,*,#1218,.F.);
#1720=ORIENTED_EDGE('',*,*,#1212,.F.);
#1721=ORIENTED_EDGE('',*,*,#1211,.F.);
#1722=ORIENTED_EDGE('',*,*,#1222,.F.);
#1723=ORIENTED_EDGE('',*,*,#1220,.F.);
#1724=ORIENTED_EDGE('',*,*,#1214,.F.);
#1725=ORIENTED_EDGE('',*,*,#1223,.F.);
#1726=ORIENTED_EDGE('',*,*,#1224,.F.);
#1727=ORIENTED_EDGE('',*,*,#1225,.F.);
#1728=ORIENTED_EDGE('',*,*,#1226,.F.);
#1729=ORIENTED_EDGE('',*,*,#1227,.F.);
#1730=ORIENTED_EDGE('',*,*,#1228,.F.);
#1731=ORIENTED_EDGE('',*,*,#1225,.T.);
#1732=ORIENTED_EDGE('',*,*,#1229,.T.);
#1733=ORIENTED_EDGE('',*,*,#1227,.T.);
#1734=ORIENTED_EDGE('',*,*,#1230,.T.);
#1735=ORIENTED_EDGE('',*,*,#1231,.F.);
#1736=ORIENTED_EDGE('',*,*,#1232,.F.);
#1737=ORIENTED_EDGE('',*,*,#1233,.F.);
#1738=ORIENTED_EDGE('',*,*,#1234,.F.);
#1739=ORIENTED_EDGE('',*,*,#1235,.F.);
#1740=ORIENTED_EDGE('',*,*,#1236,.F.);
#1741=ORIENTED_EDGE('',*,*,#1237,.F.);
#1742=ORIENTED_EDGE('',*,*,#1238,.F.);
#1743=ORIENTED_EDGE('',*,*,#1239,.F.);
#1744=ORIENTED_EDGE('',*,*,#1240,.F.);
#1745=ORIENTED_EDGE('',*,*,#1241,.F.);
#1746=ORIENTED_EDGE('',*,*,#1242,.F.);
#1747=ORIENTED_EDGE('',*,*,#1241,.T.);
#1748=ORIENTED_EDGE('',*,*,#1243,.T.);
#1749=ORIENTED_EDGE('',*,*,#1234,.T.);
#1750=ORIENTED_EDGE('',*,*,#1244,.T.);
#1751=ORIENTED_EDGE('',*,*,#1226,.T.);
#1752=ORIENTED_EDGE('',*,*,#1245,.T.);
#1753=ORIENTED_EDGE('',*,*,#1242,.T.);
#1754=ORIENTED_EDGE('',*,*,#1246,.T.);
#1755=ORIENTED_EDGE('',*,*,#1247,.F.);
#1756=ORIENTED_EDGE('',*,*,#1248,.F.);
#1757=ORIENTED_EDGE('',*,*,#1249,.F.);
#1758=ORIENTED_EDGE('',*,*,#1250,.F.);
#1759=ORIENTED_EDGE('',*,*,#1251,.F.);
#1760=ORIENTED_EDGE('',*,*,#1252,.F.);
#1761=ORIENTED_EDGE('',*,*,#1248,.T.);
#1762=ORIENTED_EDGE('',*,*,#1253,.T.);
#1763=ORIENTED_EDGE('',*,*,#1251,.T.);
#1764=ORIENTED_EDGE('',*,*,#1254,.T.);
#1765=ORIENTED_EDGE('',*,*,#1252,.T.);
#1766=ORIENTED_EDGE('',*,*,#1255,.T.);
#1767=ORIENTED_EDGE('',*,*,#1240,.T.);
#1768=ORIENTED_EDGE('',*,*,#1256,.T.);
#1769=ORIENTED_EDGE('',*,*,#1238,.T.);
#1770=ORIENTED_EDGE('',*,*,#1257,.T.);
#1771=ORIENTED_EDGE('',*,*,#1250,.T.);
#1772=ORIENTED_EDGE('',*,*,#1258,.T.);
#1773=ORIENTED_EDGE('',*,*,#1231,.T.);
#1774=ORIENTED_EDGE('',*,*,#1259,.F.);
#1775=ORIENTED_EDGE('',*,*,#1249,.T.);
#1776=ORIENTED_EDGE('',*,*,#1260,.T.);
#1777=ORIENTED_EDGE('',*,*,#1235,.T.);
#1778=ORIENTED_EDGE('',*,*,#1261,.T.);
#1779=ORIENTED_EDGE('',*,*,#1247,.T.);
#1780=ORIENTED_EDGE('',*,*,#1262,.T.);
#1781=ORIENTED_EDGE('',*,*,#1228,.T.);
#1782=ORIENTED_EDGE('',*,*,#1263,.T.);
#1783=ORIENTED_EDGE('',*,*,#1239,.T.);
#1784=ORIENTED_EDGE('',*,*,#1264,.T.);
#1785=ORIENTED_EDGE('',*,*,#1237,.T.);
#1786=ORIENTED_EDGE('',*,*,#1265,.T.);
#1787=ORIENTED_EDGE('',*,*,#1232,.T.);
#1788=ORIENTED_EDGE('',*,*,#1266,.T.);
#1789=ORIENTED_EDGE('',*,*,#1223,.T.);
#1790=ORIENTED_EDGE('',*,*,#1267,.T.);
#1791=ORIENTED_EDGE('',*,*,#1236,.T.);
#1792=ORIENTED_EDGE('',*,*,#1268,.T.);
#1793=ORIENTED_EDGE('',*,*,#1233,.T.);
#1794=ORIENTED_EDGE('',*,*,#1269,.T.);
#1795=ORIENTED_EDGE('',*,*,#1224,.T.);
#1796=ORIENTED_EDGE('',*,*,#1270,.T.);
#1797=ORIENTED_EDGE('',*,*,#1229,.F.);
#1798=ORIENTED_EDGE('',*,*,#1269,.F.);
#1799=ORIENTED_EDGE('',*,*,#1265,.F.);
#1800=ORIENTED_EDGE('',*,*,#1263,.F.);
#1801=ORIENTED_EDGE('',*,*,#1244,.F.);
#1802=ORIENTED_EDGE('',*,*,#1267,.F.);
#1803=ORIENTED_EDGE('',*,*,#1230,.F.);
#1804=ORIENTED_EDGE('',*,*,#1246,.F.);
#1805=ORIENTED_EDGE('',*,*,#1245,.F.);
#1806=ORIENTED_EDGE('',*,*,#1264,.F.);
#1807=ORIENTED_EDGE('',*,*,#1258,.F.);
#1808=ORIENTED_EDGE('',*,*,#1256,.F.);
#1809=ORIENTED_EDGE('',*,*,#1253,.F.);
#1810=ORIENTED_EDGE('',*,*,#1261,.F.);
#1811=ORIENTED_EDGE('',*,*,#1243,.F.);
#1812=ORIENTED_EDGE('',*,*,#1255,.F.);
#1813=ORIENTED_EDGE('',*,*,#1254,.F.);
#1814=ORIENTED_EDGE('',*,*,#1257,.F.);
#1815=ORIENTED_EDGE('',*,*,#1266,.F.);
#1816=ORIENTED_EDGE('',*,*,#1260,.F.);
#1817=ORIENTED_EDGE('',*,*,#1271,.T.);
#1818=ORIENTED_EDGE('',*,*,#1272,.T.);
#1819=ORIENTED_EDGE('',*,*,#1273,.T.);
#1820=ORIENTED_EDGE('',*,*,#1274,.T.);
#1821=ORIENTED_EDGE('',*,*,#988,.T.);
#1822=ORIENTED_EDGE('',*,*,#992,.T.);
#1823=ORIENTED_EDGE('',*,*,#995,.T.);
#1824=ORIENTED_EDGE('',*,*,#998,.T.);
#1825=ORIENTED_EDGE('',*,*,#1001,.T.);
#1826=ORIENTED_EDGE('',*,*,#1004,.T.);
#1827=ORIENTED_EDGE('',*,*,#1007,.T.);
#1828=ORIENTED_EDGE('',*,*,#1010,.T.);
#1829=ORIENTED_EDGE('',*,*,#1013,.T.);
#1830=ORIENTED_EDGE('',*,*,#1016,.T.);
#1831=ORIENTED_EDGE('',*,*,#1019,.T.);
#1832=ORIENTED_EDGE('',*,*,#1022,.T.);
#1833=ORIENTED_EDGE('',*,*,#1025,.T.);
#1834=ORIENTED_EDGE('',*,*,#1028,.T.);
#1835=ORIENTED_EDGE('',*,*,#1031,.T.);
#1836=ORIENTED_EDGE('',*,*,#1034,.T.);
#1837=ORIENTED_EDGE('',*,*,#1275,.T.);
#1838=ORIENTED_EDGE('',*,*,#1172,.F.);
#1839=ORIENTED_EDGE('',*,*,#1276,.F.);
#1840=ORIENTED_EDGE('',*,*,#1274,.F.);
#1841=ORIENTED_EDGE('',*,*,#1259,.T.);
#1842=ORIENTED_EDGE('',*,*,#1270,.F.);
#1843=ORIENTED_EDGE('',*,*,#1268,.F.);
#1844=ORIENTED_EDGE('',*,*,#1262,.F.);
#1845=ORIENTED_EDGE('',*,*,#1277,.T.);
#1846=ORIENTED_EDGE('',*,*,#1173,.F.);
#1847=ORIENTED_EDGE('',*,*,#1275,.F.);
#1848=ORIENTED_EDGE('',*,*,#1273,.F.);
#1849=ORIENTED_EDGE('',*,*,#1278,.T.);
#1850=ORIENTED_EDGE('',*,*,#1174,.F.);
#1851=ORIENTED_EDGE('',*,*,#1277,.F.);
#1852=ORIENTED_EDGE('',*,*,#1272,.F.);
#1853=ORIENTED_EDGE('',*,*,#1197,.T.);
#1854=ORIENTED_EDGE('',*,*,#1216,.F.);
#1855=ORIENTED_EDGE('',*,*,#1210,.F.);
#1856=ORIENTED_EDGE('',*,*,#1208,.F.);
#1857=ORIENTED_EDGE('',*,*,#1276,.T.);
#1858=ORIENTED_EDGE('',*,*,#1171,.F.);
#1859=ORIENTED_EDGE('',*,*,#1278,.F.);
#1860=ORIENTED_EDGE('',*,*,#1271,.F.);
#1861=PLANE('',#2177);
#1862=PLANE('',#2178);
#1863=PLANE('',#2179);
#1864=PLANE('',#2180);
#1865=PLANE('',#2181);
#1866=PLANE('',#2182);
#1867=PLANE('',#2183);
#1868=PLANE('',#2184);
#1869=PLANE('',#2185);
#1870=PLANE('',#2186);
#1871=PLANE('',#2187);
#1872=PLANE('',#2188);
#1873=PLANE('',#2189);
#1874=PLANE('',#2190);
#1875=PLANE('',#2191);
#1876=PLANE('',#2192);
#1877=PLANE('',#2193);
#1878=PLANE('',#2194);
#1879=PLANE('',#2195);
#1880=PLANE('',#2196);
#1881=PLANE('',#2197);
#1882=PLANE('',#2198);
#1883=PLANE('',#2199);
#1884=PLANE('',#2200);
#1885=PLANE('',#2201);
#1886=PLANE('',#2202);
#1887=PLANE('',#2203);
#1888=PLANE('',#2204);
#1889=PLANE('',#2205);
#1890=PLANE('',#2206);
#1891=PLANE('',#2207);
#1892=PLANE('',#2208);
#1893=PLANE('',#2209);
#1894=PLANE('',#2210);
#1895=PLANE('',#2211);
#1896=PLANE('',#2212);
#1897=PLANE('',#2257);
#1898=PLANE('',#2258);
#1899=PLANE('',#2259);
#1900=PLANE('',#2260);
#1901=PLANE('',#2261);
#1902=PLANE('',#2306);
#1903=PLANE('',#2307);
#1904=PLANE('',#2308);
#1905=PLANE('',#2309);
#1906=PLANE('',#2310);
#1907=PLANE('',#2311);
#1908=PLANE('',#2312);
#1909=PLANE('',#2313);
#1910=PLANE('',#2314);
#1911=PLANE('',#2315);
#1912=PLANE('',#2316);
#1913=STYLED_ITEM('',(#3697),#2034);
#1914=STYLED_ITEM('',(#3697),#2035);
#1915=STYLED_ITEM('',(#3697),#2036);
#1916=STYLED_ITEM('',(#3697),#2037);
#1917=STYLED_ITEM('',(#3697),#2038);
#1918=STYLED_ITEM('',(#3697),#2039);
#1919=STYLED_ITEM('',(#3697),#2040);
#1920=STYLED_ITEM('',(#3697),#2041);
#1921=STYLED_ITEM('',(#3697),#2042);
#1922=STYLED_ITEM('',(#3697),#2043);
#1923=STYLED_ITEM('',(#3697),#2044);
#1924=STYLED_ITEM('',(#3697),#2045);
#1925=STYLED_ITEM('',(#3697),#2046);
#1926=STYLED_ITEM('',(#3697),#2047);
#1927=STYLED_ITEM('',(#3697),#2048);
#1928=STYLED_ITEM('',(#3697),#2049);
#1929=STYLED_ITEM('',(#3697),#2050);
#1930=STYLED_ITEM('',(#3697),#2051);
#1931=STYLED_ITEM('',(#3697),#2052);
#1932=STYLED_ITEM('',(#3697),#2053);
#1933=STYLED_ITEM('',(#3697),#2054);
#1934=STYLED_ITEM('',(#3697),#2055);
#1935=STYLED_ITEM('',(#3697),#2056);
#1936=STYLED_ITEM('',(#3697),#2057);
#1937=STYLED_ITEM('',(#3697),#2058);
#1938=STYLED_ITEM('',(#3697),#2059);
#1939=STYLED_ITEM('',(#3697),#2060);
#1940=STYLED_ITEM('',(#3697),#2061);
#1941=STYLED_ITEM('',(#3697),#2062);
#1942=STYLED_ITEM('',(#3697),#2063);
#1943=STYLED_ITEM('',(#3697),#2064);
#1944=STYLED_ITEM('',(#3697),#2065);
#1945=STYLED_ITEM('',(#3697),#2066);
#1946=STYLED_ITEM('',(#3697),#2067);
#1947=STYLED_ITEM('',(#3697),#2068);
#1948=STYLED_ITEM('',(#3697),#2069);
#1949=STYLED_ITEM('',(#3697),#2070);
#1950=STYLED_ITEM('',(#3697),#2071);
#1951=STYLED_ITEM('',(#3697),#2072);
#1952=STYLED_ITEM('',(#3697),#2073);
#1953=STYLED_ITEM('',(#3697),#2074);
#1954=STYLED_ITEM('',(#3697),#2075);
#1955=STYLED_ITEM('',(#3697),#2076);
#1956=STYLED_ITEM('',(#3697),#2077);
#1957=STYLED_ITEM('',(#3697),#2078);
#1958=STYLED_ITEM('',(#3697),#2079);
#1959=STYLED_ITEM('',(#3697),#2080);
#1960=STYLED_ITEM('',(#3697),#2081);
#1961=STYLED_ITEM('',(#3697),#2082);
#1962=STYLED_ITEM('',(#3697),#2083);
#1963=STYLED_ITEM('',(#3697),#2084);
#1964=STYLED_ITEM('',(#3697),#2085);
#1965=STYLED_ITEM('',(#3697),#2086);
#1966=STYLED_ITEM('',(#3697),#2087);
#1967=STYLED_ITEM('',(#3697),#2088);
#1968=STYLED_ITEM('',(#3697),#2089);
#1969=STYLED_ITEM('',(#3697),#2090);
#1970=STYLED_ITEM('',(#3697),#2091);
#1971=STYLED_ITEM('',(#3697),#2092);
#1972=STYLED_ITEM('',(#3697),#2093);
#1973=STYLED_ITEM('',(#3697),#2094);
#1974=STYLED_ITEM('',(#3697),#2095);
#1975=STYLED_ITEM('',(#3697),#2096);
#1976=STYLED_ITEM('',(#3698),#2097);
#1977=STYLED_ITEM('',(#3695),#2098);
#1978=STYLED_ITEM('',(#3695),#2099);
#1979=STYLED_ITEM('',(#3695),#2100);
#1980=STYLED_ITEM('',(#3695),#2101);
#1981=STYLED_ITEM('',(#3695),#2102);
#1982=STYLED_ITEM('',(#3695),#2103);
#1983=STYLED_ITEM('',(#3695),#2104);
#1984=STYLED_ITEM('',(#3695),#2105);
#1985=STYLED_ITEM('',(#3695),#2106);
#1986=STYLED_ITEM('',(#3695),#2107);
#1987=STYLED_ITEM('',(#3695),#2108);
#1988=STYLED_ITEM('',(#3695),#2109);
#1989=STYLED_ITEM('',(#3695),#2110);
#1990=STYLED_ITEM('',(#3695),#2111);
#1991=STYLED_ITEM('',(#3695),#2112);
#1992=STYLED_ITEM('',(#3695),#2113);
#1993=STYLED_ITEM('',(#3695),#2114);
#1994=STYLED_ITEM('',(#3695),#2115);
#1995=STYLED_ITEM('',(#3695),#2116);
#1996=STYLED_ITEM('',(#3695),#2117);
#1997=STYLED_ITEM('',(#3695),#2118);
#1998=STYLED_ITEM('',(#3695),#2119);
#1999=STYLED_ITEM('',(#3695),#2120);
#2000=STYLED_ITEM('',(#3695),#2121);
#2001=STYLED_ITEM('',(#3695),#2122);
#2002=STYLED_ITEM('',(#3695),#2123);
#2003=STYLED_ITEM('',(#3695),#2124);
#2004=STYLED_ITEM('',(#3695),#2125);
#2005=STYLED_ITEM('',(#3695),#2126);
#2006=STYLED_ITEM('',(#3695),#2127);
#2007=STYLED_ITEM('',(#3695),#2128);
#2008=STYLED_ITEM('',(#3695),#2129);
#2009=STYLED_ITEM('',(#3695),#2130);
#2010=STYLED_ITEM('',(#3695),#2131);
#2011=STYLED_ITEM('',(#3695),#2132);
#2012=STYLED_ITEM('',(#3695),#2133);
#2013=STYLED_ITEM('',(#3695),#2134);
#2014=STYLED_ITEM('',(#3695),#2135);
#2015=STYLED_ITEM('',(#3695),#2136);
#2016=STYLED_ITEM('',(#3695),#2137);
#2017=STYLED_ITEM('',(#3695),#2138);
#2018=STYLED_ITEM('',(#3695),#2139);
#2019=STYLED_ITEM('',(#3695),#2140);
#2020=STYLED_ITEM('',(#3695),#2141);
#2021=STYLED_ITEM('',(#3695),#2142);
#2022=STYLED_ITEM('',(#3695),#2143);
#2023=STYLED_ITEM('',(#3695),#2144);
#2024=STYLED_ITEM('',(#3695),#2145);
#2025=STYLED_ITEM('',(#3695),#2146);
#2026=STYLED_ITEM('',(#3695),#2147);
#2027=STYLED_ITEM('',(#3698),#2148);
#2028=STYLED_ITEM('',(#3698),#2149);
#2029=STYLED_ITEM('',(#3698),#2150);
#2030=STYLED_ITEM('',(#3698),#2151);
#2031=STYLED_ITEM('',(#3698),#2152);
#2032=STYLED_ITEM('',(#3698),#2153);
#2033=STYLED_ITEM('',(#3696),#13);
#2034=ADVANCED_FACE('',(#191),#1861,.T.);
#2035=ADVANCED_FACE('',(#192),#163,.F.);
#2036=ADVANCED_FACE('',(#193),#1862,.T.);
#2037=ADVANCED_FACE('',(#194),#164,.F.);
#2038=ADVANCED_FACE('',(#195),#1863,.T.);
#2039=ADVANCED_FACE('',(#196),#165,.F.);
#2040=ADVANCED_FACE('',(#197),#1864,.T.);
#2041=ADVANCED_FACE('',(#198),#166,.F.);
#2042=ADVANCED_FACE('',(#199),#1865,.T.);
#2043=ADVANCED_FACE('',(#200),#167,.F.);
#2044=ADVANCED_FACE('',(#201),#1866,.T.);
#2045=ADVANCED_FACE('',(#202),#168,.F.);
#2046=ADVANCED_FACE('',(#203),#1867,.T.);
#2047=ADVANCED_FACE('',(#204),#169,.F.);
#2048=ADVANCED_FACE('',(#205),#1868,.T.);
#2049=ADVANCED_FACE('',(#206),#170,.F.);
#2050=ADVANCED_FACE('',(#207,#102),#1869,.F.);
#2051=ADVANCED_FACE('',(#208),#1870,.F.);
#2052=ADVANCED_FACE('',(#209),#171,.F.);
#2053=ADVANCED_FACE('',(#210),#172,.F.);
#2054=ADVANCED_FACE('',(#211),#1871,.F.);
#2055=ADVANCED_FACE('',(#212),#173,.F.);
#2056=ADVANCED_FACE('',(#213),#174,.F.);
#2057=ADVANCED_FACE('',(#214),#1872,.F.);
#2058=ADVANCED_FACE('',(#215),#175,.F.);
#2059=ADVANCED_FACE('',(#216),#1873,.F.);
#2060=ADVANCED_FACE('',(#217),#176,.F.);
#2061=ADVANCED_FACE('',(#218),#1874,.F.);
#2062=ADVANCED_FACE('',(#219),#177,.F.);
#2063=ADVANCED_FACE('',(#220),#1875,.F.);
#2064=ADVANCED_FACE('',(#221),#178,.F.);
#2065=ADVANCED_FACE('',(#222),#1876,.F.);
#2066=ADVANCED_FACE('',(#223),#179,.F.);
#2067=ADVANCED_FACE('',(#224),#1877,.F.);
#2068=ADVANCED_FACE('',(#225),#180,.F.);
#2069=ADVANCED_FACE('',(#226),#1878,.F.);
#2070=ADVANCED_FACE('',(#227),#1879,.F.);
#2071=ADVANCED_FACE('',(#228),#1880,.F.);
#2072=ADVANCED_FACE('',(#229),#181,.F.);
#2073=ADVANCED_FACE('',(#230),#182,.F.);
#2074=ADVANCED_FACE('',(#231),#1881,.F.);
#2075=ADVANCED_FACE('',(#232),#1882,.F.);
#2076=ADVANCED_FACE('',(#233),#1883,.F.);
#2077=ADVANCED_FACE('',(#234),#1884,.F.);
#2078=ADVANCED_FACE('',(#235),#183,.F.);
#2079=ADVANCED_FACE('',(#236),#184,.F.);
#2080=ADVANCED_FACE('',(#237),#1885,.F.);
#2081=ADVANCED_FACE('',(#238),#1886,.F.);
#2082=ADVANCED_FACE('',(#239),#185,.F.);
#2083=ADVANCED_FACE('',(#240),#1887,.F.);
#2084=ADVANCED_FACE('',(#241),#186,.F.);
#2085=ADVANCED_FACE('',(#242),#1888,.F.);
#2086=ADVANCED_FACE('',(#243),#1889,.F.);
#2087=ADVANCED_FACE('',(#244),#187,.F.);
#2088=ADVANCED_FACE('',(#245),#1890,.F.);
#2089=ADVANCED_FACE('',(#246),#188,.F.);
#2090=ADVANCED_FACE('',(#247),#1891,.F.);
#2091=ADVANCED_FACE('',(#248),#1892,.F.);
#2092=ADVANCED_FACE('',(#249),#189,.F.);
#2093=ADVANCED_FACE('',(#250),#190,.F.);
#2094=ADVANCED_FACE('',(#251),#1893,.F.);
#2095=ADVANCED_FACE('',(#252),#1894,.F.);
#2096=ADVANCED_FACE('',(#253),#1895,.F.);
#2097=ADVANCED_FACE('',(#254,#103,#104),#1896,.F.);
#2098=ADVANCED_FACE('',(#255),#86,.T.);
#2099=ADVANCED_FACE('',(#256),#87,.T.);
#2100=ADVANCED_FACE('',(#257),#14,.T.);
#2101=ADVANCED_FACE('',(#258),#88,.T.);
#2102=ADVANCED_FACE('',(#259),#89,.T.);
#2103=ADVANCED_FACE('',(#260),#90,.T.);
#2104=ADVANCED_FACE('',(#261),#91,.T.);
#2105=ADVANCED_FACE('',(#262),#15,.T.);
#2106=ADVANCED_FACE('',(#263),#16,.T.);
#2107=ADVANCED_FACE('',(#264),#92,.T.);
#2108=ADVANCED_FACE('',(#265),#93,.T.);
#2109=ADVANCED_FACE('',(#266),#17,.T.);
#2110=ADVANCED_FACE('',(#267),#18,.T.);
#2111=ADVANCED_FACE('',(#268),#19,.T.);
#2112=ADVANCED_FACE('',(#269),#20,.T.);
#2113=ADVANCED_FACE('',(#270),#21,.T.);
#2114=ADVANCED_FACE('',(#271),#22,.T.);
#2115=ADVANCED_FACE('',(#272),#23,.T.);
#2116=ADVANCED_FACE('',(#273),#24,.T.);
#2117=ADVANCED_FACE('',(#274),#25,.T.);
#2118=ADVANCED_FACE('',(#275),#1897,.F.);
#2119=ADVANCED_FACE('',(#276),#1898,.F.);
#2120=ADVANCED_FACE('',(#277),#1899,.T.);
#2121=ADVANCED_FACE('',(#278),#1900,.F.);
#2122=ADVANCED_FACE('',(#279),#1901,.F.);
#2123=ADVANCED_FACE('',(#280),#94,.T.);
#2124=ADVANCED_FACE('',(#281),#95,.T.);
#2125=ADVANCED_FACE('',(#282),#26,.T.);
#2126=ADVANCED_FACE('',(#283),#96,.T.);
#2127=ADVANCED_FACE('',(#284),#97,.T.);
#2128=ADVANCED_FACE('',(#285),#98,.T.);
#2129=ADVANCED_FACE('',(#286),#99,.T.);
#2130=ADVANCED_FACE('',(#287),#27,.T.);
#2131=ADVANCED_FACE('',(#288),#28,.T.);
#2132=ADVANCED_FACE('',(#289),#100,.T.);
#2133=ADVANCED_FACE('',(#290),#101,.T.);
#2134=ADVANCED_FACE('',(#291),#29,.T.);
#2135=ADVANCED_FACE('',(#292),#30,.T.);
#2136=ADVANCED_FACE('',(#293),#31,.T.);
#2137=ADVANCED_FACE('',(#294),#32,.T.);
#2138=ADVANCED_FACE('',(#295),#33,.T.);
#2139=ADVANCED_FACE('',(#296),#34,.T.);
#2140=ADVANCED_FACE('',(#297),#35,.T.);
#2141=ADVANCED_FACE('',(#298),#36,.T.);
#2142=ADVANCED_FACE('',(#299),#37,.T.);
#2143=ADVANCED_FACE('',(#300),#1902,.F.);
#2144=ADVANCED_FACE('',(#301),#1903,.F.);
#2145=ADVANCED_FACE('',(#302),#1904,.F.);
#2146=ADVANCED_FACE('',(#303),#1905,.T.);
#2147=ADVANCED_FACE('',(#304),#1906,.F.);
#2148=ADVANCED_FACE('',(#305),#1907,.T.);
#2149=ADVANCED_FACE('',(#306),#1908,.F.);
#2150=ADVANCED_FACE('',(#307,#105),#1909,.F.);
#2151=ADVANCED_FACE('',(#308),#1910,.F.);
#2152=ADVANCED_FACE('',(#309,#106),#1911,.F.);
#2153=ADVANCED_FACE('',(#310),#1912,.F.);
#2154=CLOSED_SHELL('',(#2034,#2035,#2036,#2037,#2038,#2039,#2040,#2041,
#2042,#2043,#2044,#2045,#2046,#2047,#2048,#2049,#2050,#2051,#2052,#2053,
#2054,#2055,#2056,#2057,#2058,#2059,#2060,#2061,#2062,#2063,#2064,#2065,
#2066,#2067,#2068,#2069,#2070,#2071,#2072,#2073,#2074,#2075,#2076,#2077,
#2078,#2079,#2080,#2081,#2082,#2083,#2084,#2085,#2086,#2087,#2088,#2089,
#2090,#2091,#2092,#2093,#2094,#2095,#2096,#2097,#2098,#2099,#2100,#2101,
#2102,#2103,#2104,#2105,#2106,#2107,#2108,#2109,#2110,#2111,#2112,#2113,
#2114,#2115,#2116,#2117,#2118,#2119,#2120,#2121,#2122,#2123,#2124,#2125,
#2126,#2127,#2128,#2129,#2130,#2131,#2132,#2133,#2134,#2135,#2136,#2137,
#2138,#2139,#2140,#2141,#2142,#2143,#2144,#2145,#2146,#2147,#2148,#2149,
#2150,#2151,#2152,#2153));
#2155=DERIVED_UNIT_ELEMENT(#2158,1.);
#2156=DERIVED_UNIT_ELEMENT(#3681,-3.);
#2157=DIMENSIONAL_EXPONENTS(1.,0.,0.,0.,0.,0.,0.);
#2158=(
CONVERSION_BASED_UNIT('gram',#2160)
MASS_UNIT()
NAMED_UNIT(#2157)
);
#2159=(
MASS_UNIT()
NAMED_UNIT(*)
SI_UNIT(.KILO.,.GRAM.)
);
#2160=MASS_MEASURE_WITH_UNIT(MASS_MEASURE(0.001),#2159);
#2161=DERIVED_UNIT((#2155,#2156));
#2162=MEASURE_REPRESENTATION_ITEM('density measure',
POSITIVE_RATIO_MEASURE(1.),#2161);
#2163=PROPERTY_DEFINITION_REPRESENTATION(#2168,#2165);
#2164=PROPERTY_DEFINITION_REPRESENTATION(#2169,#2166);
#2165=REPRESENTATION('material name',(#2167),#3678);
#2166=REPRESENTATION('density',(#2162),#3678);
#2167=DESCRIPTIVE_REPRESENTATION_ITEM('Generic','Generic');
#2168=PROPERTY_DEFINITION('material property','material name',#3688);
#2169=PROPERTY_DEFINITION('material property','density of part',#3688);
#2170=DATE_TIME_ROLE('creation_date');
#2171=APPLIED_DATE_AND_TIME_ASSIGNMENT(#2172,#2170,(#3688));
#2172=DATE_AND_TIME(#2173,#2174);
#2173=CALENDAR_DATE(2023,4,2);
#2174=LOCAL_TIME(0,0,0.,#2175);
#2175=COORDINATED_UNIVERSAL_TIME_OFFSET(0,0,.BEHIND.);
#2176=AXIS2_PLACEMENT_3D('placement',#2786,#2317,#2318);
#2177=AXIS2_PLACEMENT_3D('',#2787,#2319,#2320);
#2178=AXIS2_PLACEMENT_3D('',#2811,#2326,#2327);
#2179=AXIS2_PLACEMENT_3D('',#2832,#2332,#2333);
#2180=AXIS2_PLACEMENT_3D('',#2853,#2338,#2339);
#2181=AXIS2_PLACEMENT_3D('',#2874,#2344,#2345);
#2182=AXIS2_PLACEMENT_3D('',#2895,#2350,#2351);
#2183=AXIS2_PLACEMENT_3D('',#2916,#2356,#2357);
#2184=AXIS2_PLACEMENT_3D('',#2937,#2362,#2363);
#2185=AXIS2_PLACEMENT_3D('',#2955,#2367,#2368);
#2186=AXIS2_PLACEMENT_3D('',#3019,#2378,#2379);
#2187=AXIS2_PLACEMENT_3D('',#3053,#2385,#2386);
#2188=AXIS2_PLACEMENT_3D('',#3085,#2391,#2392);
#2189=AXIS2_PLACEMENT_3D('',#3100,#2396,#2397);
#2190=AXIS2_PLACEMENT_3D('',#3115,#2401,#2402);
#2191=AXIS2_PLACEMENT_3D('',#3130,#2406,#2407);
#2192=AXIS2_PLACEMENT_3D('',#3148,#2411,#2412);
#2193=AXIS2_PLACEMENT_3D('',#3163,#2416,#2417);
#2194=AXIS2_PLACEMENT_3D('',#3178,#2421,#2422);
#2195=AXIS2_PLACEMENT_3D('',#3180,#2424,#2425);
#2196=AXIS2_PLACEMENT_3D('',#3260,#2442,#2443);
#2197=AXIS2_PLACEMENT_3D('',#3294,#2449,#2450);
#2198=AXIS2_PLACEMENT_3D('',#3298,#2453,#2454);
#2199=AXIS2_PLACEMENT_3D('',#3302,#2457,#2458);
#2200=AXIS2_PLACEMENT_3D('',#3306,#2461,#2462);
#2201=AXIS2_PLACEMENT_3D('',#3338,#2467,#2468);
#2202=AXIS2_PLACEMENT_3D('',#3342,#2471,#2472);
#2203=AXIS2_PLACEMENT_3D('',#3360,#2476,#2477);
#2204=AXIS2_PLACEMENT_3D('',#3375,#2481,#2482);
#2205=AXIS2_PLACEMENT_3D('',#3379,#2485,#2486);
#2206=AXIS2_PLACEMENT_3D('',#3394,#2490,#2491);
#2207=AXIS2_PLACEMENT_3D('',#3409,#2495,#2496);
#2208=AXIS2_PLACEMENT_3D('',#3413,#2499,#2500);
#2209=AXIS2_PLACEMENT_3D('',#3445,#2505,#2506);
#2210=AXIS2_PLACEMENT_3D('',#3449,#2509,#2510);
#2211=AXIS2_PLACEMENT_3D('',#3453,#2513,#2514);
#2212=AXIS2_PLACEMENT_3D('',#3455,#2516,#2517);
#2213=AXIS2_PLACEMENT_3D('',#3464,#2522,#2523);
#2214=AXIS2_PLACEMENT_3D('',#3467,#2524,#2525);
#2215=AXIS2_PLACEMENT_3D('',#3469,#2526,#2527);
#2216=AXIS2_PLACEMENT_3D('',#3470,#2528,#2529);
#2217=AXIS2_PLACEMENT_3D('',#3471,#2530,#2531);
#2218=AXIS2_PLACEMENT_3D('',#3474,#2532,#2533);
#2219=AXIS2_PLACEMENT_3D('',#3476,#2534,#2535);
#2220=AXIS2_PLACEMENT_3D('',#3477,#2536,#2537);
#2221=AXIS2_PLACEMENT_3D('',#3478,#2538,#2539);
#2222=AXIS2_PLACEMENT_3D('',#3481,#2542,#2543);
#2223=AXIS2_PLACEMENT_3D('',#3484,#2544,#2545);
#2224=AXIS2_PLACEMENT_3D('',#3486,#2546,#2547);
#2225=AXIS2_PLACEMENT_3D('',#3487,#2548,#2549);
#2226=AXIS2_PLACEMENT_3D('',#3488,#2550,#2551);
#2227=AXIS2_PLACEMENT_3D('',#3491,#2552,#2553);
#2228=AXIS2_PLACEMENT_3D('',#3493,#2554,#2555);
#2229=AXIS2_PLACEMENT_3D('',#3494,#2556,#2557);
#2230=AXIS2_PLACEMENT_3D('',#3495,#2558,#2559);
#2231=AXIS2_PLACEMENT_3D('',#3498,#2560,#2561);
#2232=AXIS2_PLACEMENT_3D('',#3500,#2562,#2563);
#2233=AXIS2_PLACEMENT_3D('',#3501,#2564,#2565);
#2234=AXIS2_PLACEMENT_3D('',#3502,#2566,#2567);
#2235=AXIS2_PLACEMENT_3D('',#3505,#2568,#2569);
#2236=AXIS2_PLACEMENT_3D('',#3507,#2570,#2571);
#2237=AXIS2_PLACEMENT_3D('',#3508,#2572,#2573);
#2238=AXIS2_PLACEMENT_3D('',#3509,#2574,#2575);
#2239=AXIS2_PLACEMENT_3D('',#3512,#2578,#2579);
#2240=AXIS2_PLACEMENT_3D('',#3515,#2582,#2583);
#2241=AXIS2_PLACEMENT_3D('',#3518,#2584,#2585);
#2242=AXIS2_PLACEMENT_3D('',#3520,#2586,#2587);
#2243=AXIS2_PLACEMENT_3D('',#3521,#2588,#2589);
#2244=AXIS2_PLACEMENT_3D('',#3522,#2590,#2591);
#2245=AXIS2_PLACEMENT_3D('',#3525,#2592,#2593);
#2246=AXIS2_PLACEMENT_3D('',#3527,#2594,#2595);
#2247=AXIS2_PLACEMENT_3D('',#3528,#2596,#2597);
#2248=AXIS2_PLACEMENT_3D('',#3529,#2598,#2599);
#2249=AXIS2_PLACEMENT_3D('',#3532,#2602,#2603);
#2250=AXIS2_PLACEMENT_3D('',#3535,#2606,#2607);
#2251=AXIS2_PLACEMENT_3D('',#3538,#2610,#2611);
#2252=AXIS2_PLACEMENT_3D('',#3541,#2614,#2615);
#2253=AXIS2_PLACEMENT_3D('',#3544,#2618,#2619);
#2254=AXIS2_PLACEMENT_3D('',#3547,#2622,#2623);
#2255=AXIS2_PLACEMENT_3D('',#3550,#2626,#2627);
#2256=AXIS2_PLACEMENT_3D('',#3553,#2630,#2631);
#2257=AXIS2_PLACEMENT_3D('',#3556,#2634,#2635);
#2258=AXIS2_PLACEMENT_3D('',#3557,#2636,#2637);
#2259=AXIS2_PLACEMENT_3D('',#3558,#2638,#2639);
#2260=AXIS2_PLACEMENT_3D('',#3559,#2640,#2641);
#2261=AXIS2_PLACEMENT_3D('',#3560,#2642,#2643);
#2262=AXIS2_PLACEMENT_3D('',#3561,#2644,#2645);
#2263=AXIS2_PLACEMENT_3D('',#3564,#2646,#2647);
#2264=AXIS2_PLACEMENT_3D('',#3566,#2648,#2649);
#2265=AXIS2_PLACEMENT_3D('',#3567,#2650,#2651);
#2266=AXIS2_PLACEMENT_3D('',#3568,#2652,#2653);
#2267=AXIS2_PLACEMENT_3D('',#3571,#2654,#2655);
#2268=AXIS2_PLACEMENT_3D('',#3573,#2656,#2657);
#2269=AXIS2_PLACEMENT_3D('',#3574,#2658,#2659);
#2270=AXIS2_PLACEMENT_3D('',#3575,#2660,#2661);
#2271=AXIS2_PLACEMENT_3D('',#3578,#2664,#2665);
#2272=AXIS2_PLACEMENT_3D('',#3581,#2666,#2667);
#2273=AXIS2_PLACEMENT_3D('',#3583,#2668,#2669);
#2274=AXIS2_PLACEMENT_3D('',#3584,#2670,#2671);
#2275=AXIS2_PLACEMENT_3D('',#3585,#2672,#2673);
#2276=AXIS2_PLACEMENT_3D('',#3588,#2674,#2675);
#2277=AXIS2_PLACEMENT_3D('',#3590,#2676,#2677);
#2278=AXIS2_PLACEMENT_3D('',#3591,#2678,#2679);
#2279=AXIS2_PLACEMENT_3D('',#3592,#2680,#2681);
#2280=AXIS2_PLACEMENT_3D('',#3595,#2682,#2683);
#2281=AXIS2_PLACEMENT_3D('',#3597,#2684,#2685);
#2282=AXIS2_PLACEMENT_3D('',#3598,#2686,#2687);
#2283=AXIS2_PLACEMENT_3D('',#3599,#2688,#2689);
#2284=AXIS2_PLACEMENT_3D('',#3602,#2690,#2691);
#2285=AXIS2_PLACEMENT_3D('',#3604,#2692,#2693);
#2286=AXIS2_PLACEMENT_3D('',#3605,#2694,#2695);
#2287=AXIS2_PLACEMENT_3D('',#3606,#2696,#2697);
#2288=AXIS2_PLACEMENT_3D('',#3609,#2700,#2701);
#2289=AXIS2_PLACEMENT_3D('',#3612,#2704,#2705);
#2290=AXIS2_PLACEMENT_3D('',#3615,#2706,#2707);
#2291=AXIS2_PLACEMENT_3D('',#3617,#2708,#2709);
#2292=AXIS2_PLACEMENT_3D('',#3618,#2710,#2711);
#2293=AXIS2_PLACEMENT_3D('',#3619,#2712,#2713);
#2294=AXIS2_PLACEMENT_3D('',#3622,#2714,#2715);
#2295=AXIS2_PLACEMENT_3D('',#3624,#2716,#2717);
#2296=AXIS2_PLACEMENT_3D('',#3625,#2718,#2719);
#2297=AXIS2_PLACEMENT_3D('',#3626,#2720,#2721);
#2298=AXIS2_PLACEMENT_3D('',#3629,#2724,#2725);
#2299=AXIS2_PLACEMENT_3D('',#3632,#2728,#2729);
#2300=AXIS2_PLACEMENT_3D('',#3635,#2732,#2733);
#2301=AXIS2_PLACEMENT_3D('',#3638,#2736,#2737);
#2302=AXIS2_PLACEMENT_3D('',#3641,#2740,#2741);
#2303=AXIS2_PLACEMENT_3D('',#3644,#2744,#2745);
#2304=AXIS2_PLACEMENT_3D('',#3647,#2748,#2749);
#2305=AXIS2_PLACEMENT_3D('',#3650,#2752,#2753);
#2306=AXIS2_PLACEMENT_3D('',#3653,#2756,#2757);
#2307=AXIS2_PLACEMENT_3D('',#3654,#2758,#2759);
#2308=AXIS2_PLACEMENT_3D('',#3655,#2760,#2761);
#2309=AXIS2_PLACEMENT_3D('',#3656,#2762,#2763);
#2310=AXIS2_PLACEMENT_3D('',#3657,#2764,#2765);
#2311=AXIS2_PLACEMENT_3D('',#3658,#2766,#2767);
#2312=AXIS2_PLACEMENT_3D('',#3667,#2772,#2773);
#2313=AXIS2_PLACEMENT_3D('',#3668,#2774,#2775);
#2314=AXIS2_PLACEMENT_3D('',#3671,#2778,#2779);
#2315=AXIS2_PLACEMENT_3D('',#3673,#2781,#2782);
#2316=AXIS2_PLACEMENT_3D('',#3675,#2784,#2785);
#2317=DIRECTION('axis',(0.,0.,1.));
#2318=DIRECTION('refdir',(1.,0.,0.));
#2319=DIRECTION('center_axis',(9.18338008663385E-49,1.,7.49879891330929E-33));
#2320=DIRECTION('ref_axis',(0.,-7.49879891330929E-33,1.));
#2321=DIRECTION('',(1.,0.,-1.22464679914735E-16));
#2322=DIRECTION('',(1.22464679914735E-16,-7.49879891330929E-33,1.));
#2323=DIRECTION('',(-1.,0.,1.22464679914735E-16));
#2324=DIRECTION('',(1.22464679914735E-16,-7.49879891330929E-33,1.));
#2325=DIRECTION('',(1.22464679914735E-16,-7.49879891330929E-33,1.));
#2326=DIRECTION('center_axis',(-0.65334982412686,0.757056145416839,8.00122770840443E-17));
#2327=DIRECTION('ref_axis',(1.22464679914735E-16,0.,1.));
#2328=DIRECTION('',(0.757056145416839,0.65334982412686,-9.27126385259562E-17));
#2329=DIRECTION('',(-0.757056145416839,-0.65334982412686,9.27126385259562E-17));
#2330=DIRECTION('',(1.22464679914735E-16,-7.49879891330929E-33,1.));
#2331=DIRECTION('',(1.22464679914735E-16,-7.49879891330929E-33,1.));
#2332=DIRECTION('center_axis',(-1.,9.18338008663385E-49,1.22464679914735E-16));
#2333=DIRECTION('ref_axis',(1.22464679914735E-16,0.,1.));
#2334=DIRECTION('',(1.83667601732677E-48,1.,7.49879891330929E-33));
#2335=DIRECTION('',(-1.83667601732677E-48,-1.,-7.49879891330929E-33));
#2336=DIRECTION('',(1.22464679914735E-16,-7.49879891330929E-33,1.));
#2337=DIRECTION('',(1.22464679914735E-16,-7.49879891330929E-33,1.));
#2338=DIRECTION('center_axis',(-0.663230066188226,-0.748415579276622,8.12222577655696E-17));
#2339=DIRECTION('ref_axis',(1.22464679914735E-16,0.,1.));
#2340=DIRECTION('',(-0.748415579276622,0.663230066188226,9.16544743593125E-17));
#2341=DIRECTION('',(0.748415579276622,-0.663230066188226,-9.16544743593125E-17));
#2342=DIRECTION('',(1.22464679914735E-16,-7.49879891330929E-33,1.));
#2343=DIRECTION('',(1.22464679914735E-16,-7.49879891330929E-33,1.));
#2344=DIRECTION('center_axis',(-9.18338008663385E-49,-1.,-7.49879891330929E-33));
#2345=DIRECTION('ref_axis',(0.,7.49879891330929E-33,-1.));
#2346=DIRECTION('',(-1.,0.,1.22464679914735E-16));
#2347=DIRECTION('',(1.,0.,-1.22464679914735E-16));
#2348=DIRECTION('',(1.22464679914735E-16,-7.49879891330929E-33,1.));
#2349=DIRECTION('',(1.22464679914735E-16,-7.49879891330929E-33,1.));
#2350=DIRECTION('center_axis',(0.662838691032716,-0.748762225055482,-8.11743281324235E-17));
#2351=DIRECTION('ref_axis',(-1.22464679914735E-16,0.,-1.));
#2352=DIRECTION('',(-0.748762225055481,-0.662838691032716,9.16969262236643E-17));
#2353=DIRECTION('',(0.748762225055481,0.662838691032716,-9.16969262236643E-17));
#2354=DIRECTION('',(1.22464679914735E-16,-7.49879891330929E-33,1.));
#2355=DIRECTION('',(1.22464679914735E-16,-7.49879891330929E-33,1.));
#2356=DIRECTION('center_axis',(1.,-9.18338008663385E-49,-1.22464679914735E-16));
#2357=DIRECTION('ref_axis',(-1.22464679914735E-16,0.,-1.));
#2358=DIRECTION('',(-1.83667601732677E-48,-1.,-7.49879891330929E-33));
#2359=DIRECTION('',(1.83667601732677E-48,1.,7.49879891330929E-33));
#2360=DIRECTION('',(1.22464679914735E-16,-7.49879891330929E-33,1.));
#2361=DIRECTION('',(1.22464679914735E-16,-7.49879891330929E-33,1.));
#2362=DIRECTION('center_axis',(0.671279432626471,0.741204373525065,-8.22080208499457E-17));
#2363=DIRECTION('ref_axis',(-1.22464679914735E-16,0.,-1.));
#2364=DIRECTION('',(0.741204373525065,-0.671279432626471,-9.07713563551487E-17));
#2365=DIRECTION('',(-0.741204373525065,0.671279432626471,9.07713563551487E-17));
#2366=DIRECTION('',(1.22464679914735E-16,-7.49879891330929E-33,1.));
#2367=DIRECTION('center_axis',(-1.22464679914735E-16,7.49879891330929E-33,
-1.));
#2368=DIRECTION('ref_axis',(6.12323399573677E-17,1.,1.64214663788065E-47));
#2369=DIRECTION('',(9.18338008663385E-49,1.,0.));
#2370=DIRECTION('',(-9.18338008663385E-49,-1.,0.));
#2371=DIRECTION('',(9.18338008663385E-49,1.,0.));
#2372=DIRECTION('',(1.,-9.18338008663385E-49,0.));
#2373=DIRECTION('',(0.750208809520371,0.661200984662023,0.));
#2374=DIRECTION('',(9.18338008663385E-49,1.,0.));
#2375=DIRECTION('',(-0.764911198117051,0.64413574578278,0.));
#2376=DIRECTION('',(-1.,9.18338008663385E-49,0.));
#2377=DIRECTION('',(-0.772289675009112,-0.635270539120397,0.));
#2378=DIRECTION('center_axis',(1.,-9.18338008663385E-49,-1.22464679914735E-16));
#2379=DIRECTION('ref_axis',(-1.22464679914735E-16,0.,-1.));
#2380=DIRECTION('',(1.83667601732677E-48,1.,7.49879891330929E-33));
#2381=DIRECTION('',(1.22464679914735E-16,-7.49879891330929E-33,1.));
#2382=DIRECTION('',(1.22464679914735E-16,-7.49879891330929E-33,1.));
#2383=DIRECTION('',(1.22464679914735E-16,-7.49879891330929E-33,1.));
#2384=DIRECTION('',(1.22464679914735E-16,-7.49879891330929E-33,1.));
#2385=DIRECTION('center_axis',(-1.,9.18338008663385E-49,1.22464679914735E-16));
#2386=DIRECTION('ref_axis',(1.22464679914735E-16,0.,1.));
#2387=DIRECTION('',(-1.83667601732677E-48,-1.,-7.49879891330929E-33));
#2388=DIRECTION('',(1.22464679914735E-16,-7.49879891330929E-33,1.));
#2389=DIRECTION('',(1.22464679914735E-16,-7.49879891330929E-33,1.));
#2390=DIRECTION('',(1.22464679914735E-16,-7.49879891330929E-33,1.));
#2391=DIRECTION('center_axis',(1.,-9.18338008663385E-49,-1.22464679914735E-16));
#2392=DIRECTION('ref_axis',(-1.22464679914735E-16,0.,-1.));
#2393=DIRECTION('',(1.83667601732677E-48,1.,7.49879891330929E-33));
#2394=DIRECTION('',(1.22464679914735E-16,-7.49879891330929E-33,1.));
#2395=DIRECTION('',(1.22464679914735E-16,-7.49879891330929E-33,1.));
#2396=DIRECTION('center_axis',(-9.18338008663385E-49,-1.,-7.49879891330929E-33));
#2397=DIRECTION('ref_axis',(0.,7.49879891330929E-33,-1.));
#2398=DIRECTION('',(1.,0.,-1.22464679914735E-16));
#2399=DIRECTION('',(1.22464679914735E-16,-7.49879891330929E-33,1.));
#2400=DIRECTION('',(1.22464679914735E-16,-7.49879891330929E-33,1.));
#2401=DIRECTION('center_axis',(0.661200984662023,-0.750208809520371,-8.09737669459422E-17));
#2402=DIRECTION('ref_axis',(-1.22464679914735E-16,0.,-1.));
#2403=DIRECTION('',(0.750208809520371,0.661200984662023,-9.18740817271266E-17));
#2404=DIRECTION('',(1.22464679914735E-16,-7.49879891330929E-33,1.));
#2405=DIRECTION('',(1.22464679914735E-16,-7.49879891330929E-33,1.));
#2406=DIRECTION('center_axis',(1.,-9.18338008663385E-49,-1.22464679914735E-16));
#2407=DIRECTION('ref_axis',(-1.22464679914735E-16,0.,-1.));
#2408=DIRECTION('',(1.83667601732677E-48,1.,7.49879891330929E-33));
#2409=DIRECTION('',(1.22464679914735E-16,-7.49879891330929E-33,1.));
#2410=DIRECTION('',(1.22464679914735E-16,-7.49879891330929E-33,1.));
#2411=DIRECTION('center_axis',(0.64413574578278,0.764911198117051,-7.88838779289272E-17));
#2412=DIRECTION('ref_axis',(-1.22464679914735E-16,0.,-1.));
#2413=DIRECTION('',(-0.764911198117051,0.64413574578278,9.36746050406011E-17));
#2414=DIRECTION('',(1.22464679914735E-16,-7.49879891330929E-33,1.));
#2415=DIRECTION('',(1.22464679914735E-16,-7.49879891330929E-33,1.));
#2416=DIRECTION('center_axis',(9.18338008663385E-49,1.,7.49879891330929E-33));
#2417=DIRECTION('ref_axis',(0.,-7.49879891330929E-33,1.));
#2418=DIRECTION('',(-1.,0.,1.22464679914735E-16));
#2419=DIRECTION('',(1.22464679914735E-16,-7.49879891330929E-33,1.));
#2420=DIRECTION('',(1.22464679914735E-16,-7.49879891330929E-33,1.));
#2421=DIRECTION('center_axis',(-0.635270539120397,0.772289675009113,7.77982032326405E-17));
#2422=DIRECTION('ref_axis',(1.22464679914735E-16,0.,1.));
#2423=DIRECTION('',(-0.772289675009113,-0.635270539120397,9.45782078514457E-17));
#2424=DIRECTION('center_axis',(-1.22464679914735E-16,7.49879891330929E-33,
-1.));
#2425=DIRECTION('ref_axis',(6.12323399573677E-17,1.,1.64214663788065E-47));
#2426=DIRECTION('',(-9.18338008663385E-49,-1.,0.));
#2427=DIRECTION('',(9.18338008663385E-49,1.,0.));
#2428=DIRECTION('',(0.503317040097881,0.864101821052999,0.));
#2429=DIRECTION('',(0.274721127897379,-0.961523947640823,0.));
#2430=DIRECTION('',(0.0399680383488713,-0.999200958721789,0.));
#2431=DIRECTION('',(-0.0360486986369581,0.999350034435673,0.));
#2432=DIRECTION('',(-0.27514863468987,0.961401700034018,0.));
#2433=DIRECTION('',(-1.,9.18338008663385E-49,0.));
#2434=DIRECTION('',(-0.503515225445754,-0.863986352753509,0.));
#2435=DIRECTION('',(-0.498577567737078,0.866845089361057,0.));
#2436=DIRECTION('',(-1.,9.18338008663385E-49,0.));
#2437=DIRECTION('',(-0.290099940527794,-0.956996355534215,0.));
#2438=DIRECTION('',(-0.0336443084950952,-0.999433870001356,0.));
#2439=DIRECTION('',(0.0359176127365831,0.999354754376695,0.));
#2440=DIRECTION('',(0.288292347232289,0.957542439021528,0.));
#2441=DIRECTION('',(0.496138938356834,-0.868243142124459,0.));
#2442=DIRECTION('center_axis',(-1.,9.18338008663385E-49,1.22464679914735E-16));
#2443=DIRECTION('ref_axis',(1.22464679914735E-16,0.,1.));
#2444=DIRECTION('',(-1.83667601732677E-48,-1.,-7.49879891330929E-33));
#2445=DIRECTION('',(1.22464679914735E-16,-7.49879891330929E-33,1.));
#2446=DIRECTION('',(1.22464679914735E-16,-7.49879891330929E-33,1.));
#2447=DIRECTION('',(1.22464679914735E-16,-7.49879891330929E-33,1.));
#2448=DIRECTION('',(1.22464679914735E-16,-7.49879891330929E-33,1.));
#2449=DIRECTION('center_axis',(1.,-9.18338008663385E-49,-1.22464679914735E-16));
#2450=DIRECTION('ref_axis',(-1.22464679914735E-16,0.,-1.));
#2451=DIRECTION('',(1.83667601732677E-48,1.,7.49879891330929E-33));
#2452=DIRECTION('',(1.22464679914735E-16,-7.49879891330929E-33,1.));
#2453=DIRECTION('center_axis',(0.864101821052999,-0.503317040097881,-1.05821952928995E-16));
#2454=DIRECTION('ref_axis',(-1.22464679914735E-16,0.,-1.));
#2455=DIRECTION('',(0.503317040097881,0.864101821052999,-6.16385602112188E-17));
#2456=DIRECTION('',(1.22464679914735E-16,-7.49879891330929E-33,1.));
#2457=DIRECTION('center_axis',(-0.961523947640823,-0.274721127897379,1.17752722478186E-16));
#2458=DIRECTION('ref_axis',(1.22464679914735E-16,0.,1.));
#2459=DIRECTION('',(0.274721127897379,-0.961523947640823,-3.36436349937675E-17));
#2460=DIRECTION('',(1.22464679914735E-16,-7.49879891330929E-33,1.));
#2461=DIRECTION('center_axis',(-0.999200958721789,-0.0399680383488713,1.2236682558036E-16));
#2462=DIRECTION('ref_axis',(1.22464679914735E-16,0.,1.));
#2463=DIRECTION('',(0.0399680383488713,-0.999200958721789,-4.89467302321439E-18));
#2464=DIRECTION('',(1.22464679914735E-16,-7.49879891330929E-33,1.));
#2465=DIRECTION('',(1.22464679914735E-16,-7.49879891330929E-33,1.));
#2466=DIRECTION('',(1.22464679914735E-16,-7.49879891330929E-33,1.));
#2467=DIRECTION('center_axis',(0.999350034435673,0.0360486986369581,-1.22385082089944E-16));
#2468=DIRECTION('ref_axis',(-1.22464679914735E-16,0.,-1.));
#2469=DIRECTION('',(-0.0360486986369581,0.999350034435673,4.41469233991782E-18));
#2470=DIRECTION('',(1.22464679914735E-16,-7.49879891330929E-33,1.));
#2471=DIRECTION('center_axis',(0.961401700034018,0.27514863468987,-1.17737751464148E-16));
#2472=DIRECTION('ref_axis',(-1.22464679914735E-16,0.,-1.));
#2473=DIRECTION('',(-0.27514863468987,0.961401700034018,3.36959894762713E-17));
#2474=DIRECTION('',(1.22464679914735E-16,-7.49879891330929E-33,1.));
#2475=DIRECTION('',(1.22464679914735E-16,-7.49879891330929E-33,1.));
#2476=DIRECTION('center_axis',(9.18338008663385E-49,1.,7.49879891330929E-33));
#2477=DIRECTION('ref_axis',(0.,-7.49879891330929E-33,1.));
#2478=DIRECTION('',(-1.,0.,1.22464679914735E-16));
#2479=DIRECTION('',(1.22464679914735E-16,-7.49879891330929E-33,1.));
#2480=DIRECTION('',(1.22464679914735E-16,-7.49879891330929E-33,1.));
#2481=DIRECTION('center_axis',(-0.863986352753509,0.503515225445754,1.05807812140658E-16));
#2482=DIRECTION('ref_axis',(1.22464679914735E-16,0.,1.));
#2483=DIRECTION('',(-0.503515225445754,-0.863986352753509,6.16628309164099E-17));
#2484=DIRECTION('',(1.22464679914735E-16,-7.49879891330929E-33,1.));
#2485=DIRECTION('center_axis',(0.866845089361057,0.498577567737078,-1.06157906404262E-16));
#2486=DIRECTION('ref_axis',(-1.22464679914735E-16,0.,-1.));
#2487=DIRECTION('',(-0.498577567737078,0.866845089361057,6.10581422455884E-17));
#2488=DIRECTION('',(1.22464679914735E-16,-7.49879891330929E-33,1.));
#2489=DIRECTION('',(1.22464679914735E-16,-7.49879891330929E-33,1.));
#2490=DIRECTION('center_axis',(9.18338008663385E-49,1.,7.49879891330929E-33));
#2491=DIRECTION('ref_axis',(0.,-7.49879891330929E-33,1.));
#2492=DIRECTION('',(-1.,0.,1.22464679914735E-16));
#2493=DIRECTION('',(1.22464679914735E-16,-7.49879891330929E-33,1.));
#2494=DIRECTION('',(1.22464679914735E-16,-7.49879891330929E-33,1.));
#2495=DIRECTION('center_axis',(-0.956996355534215,0.290099940527794,1.17198252360066E-16));
#2496=DIRECTION('ref_axis',(1.22464679914735E-16,0.,1.));
#2497=DIRECTION('',(-0.290099940527794,-0.956996355534215,3.55269963600199E-17));
#2498=DIRECTION('',(1.22464679914735E-16,-7.49879891330929E-33,1.));
#2499=DIRECTION('center_axis',(-0.999433870001356,0.0336443084950952,1.22395348985661E-16));
#2500=DIRECTION('ref_axis',(1.22464679914735E-16,0.,1.));
#2501=DIRECTION('',(-0.0336443084950952,-0.999433870001356,4.12023947080442E-18));
#2502=DIRECTION('',(1.22464679914735E-16,-7.49879891330929E-33,1.));
#2503=DIRECTION('',(1.22464679914735E-16,-7.49879891330929E-33,1.));
#2504=DIRECTION('',(1.22464679914735E-16,-7.49879891330929E-33,1.));
#2505=DIRECTION('center_axis',(0.999354754376695,-0.0359176127365831,-1.22385660116011E-16));
#2506=DIRECTION('ref_axis',(-1.22464679914735E-16,0.,-1.));
#2507=DIRECTION('',(0.0359176127365831,0.999354754376695,-4.39863894708706E-18));
#2508=DIRECTION('',(1.22464679914735E-16,-7.49879891330929E-33,1.));
#2509=DIRECTION('center_axis',(0.957542439021528,-0.288292347232289,-1.17265128299546E-16));
#2510=DIRECTION('ref_axis',(-1.22464679914735E-16,0.,-1.));
#2511=DIRECTION('',(0.288292347232289,0.957542439021528,-3.53056300256698E-17));
#2512=DIRECTION('',(1.22464679914735E-16,-7.49879891330929E-33,1.));
#2513=DIRECTION('center_axis',(-0.868243142124459,-0.496138938356834,1.06329118488436E-16));
#2514=DIRECTION('ref_axis',(1.22464679914735E-16,0.,1.));
#2515=DIRECTION('',(0.496138938356834,-0.868243142124459,-6.07594962791061E-17));
#2516=DIRECTION('center_axis',(-1.22464679914735E-16,7.49879891330929E-33,
-1.));
#2517=DIRECTION('ref_axis',(6.12323399573677E-17,1.,1.64214663788065E-47));
#2518=DIRECTION('',(-1.,6.12323399573677E-17,1.22464679914735E-16));
#2519=DIRECTION('',(-6.12323399573677E-17,-1.,0.));
#2520=DIRECTION('',(1.,-6.12323399573677E-17,-1.22464679914735E-16));
#2521=DIRECTION('',(6.12323399573677E-17,1.,0.));
#2522=DIRECTION('center_axis',(-0.408248290463864,-0.816496580927727,-0.408248290463861));
#2523=DIRECTION('ref_axis',(0.577350269189626,-0.577350269189626,0.577350269189626));
#2524=DIRECTION('center_axis',(1.22464679914735E-16,-7.49879891330929E-33,
1.));
#2525=DIRECTION('ref_axis',(1.,-6.12323399573677E-17,-1.22464679914735E-16));
#2526=DIRECTION('center_axis',(2.71432522160552E-15,-1.,-3.39907768361722E-31));
#2527=DIRECTION('ref_axis',(1.22464679914735E-16,-7.49879891330985E-33,
1.));
#2528=DIRECTION('center_axis',(1.,-6.12323399573677E-17,-1.22464679914735E-16));
#2529=DIRECTION('ref_axis',(-6.12323399573677E-17,-1.,0.));
#2530=DIRECTION('center_axis',(0.408248290463864,-0.816496580927725,-0.408248290463864));
#2531=DIRECTION('ref_axis',(-0.577350269189625,-0.577350269189628,0.577350269189625));
#2532=DIRECTION('center_axis',(1.22464679914735E-16,-7.49879891330929E-33,
1.));
#2533=DIRECTION('ref_axis',(-6.12323399573677E-17,-1.,-1.64214663788065E-47));
#2534=DIRECTION('center_axis',(-1.,6.12323399573677E-17,1.22464679914735E-16));
#2535=DIRECTION('ref_axis',(1.22464679914735E-16,-7.49879891330929E-33,
1.));
#2536=DIRECTION('center_axis',(-6.12323399573677E-17,-1.,0.));
#2537=DIRECTION('ref_axis',(-1.,6.12323399573677E-17,1.22464679914735E-16));
#2538=DIRECTION('center_axis',(1.,-6.12323399573677E-17,-1.22464679914735E-16));
#2539=DIRECTION('ref_axis',(4.32978028117744E-17,-0.707106781186547,0.707106781186547));
#2540=DIRECTION('',(-1.,6.12323399573677E-17,1.22464679914735E-16));
#2541=DIRECTION('',(1.,-6.12323399573677E-17,-1.22464679914735E-16));
#2542=DIRECTION('center_axis',(0.408248290463864,-0.816496580927725,0.408248290463864));
#2543=DIRECTION('ref_axis',(0.577350269189625,0.577350269189628,0.577350269189625));
#2544=DIRECTION('center_axis',(1.22464679914735E-16,-7.49879891330929E-33,
1.));
#2545=DIRECTION('ref_axis',(6.12323399573677E-17,1.,1.64214663788065E-47));
#2546=DIRECTION('center_axis',(1.,-6.12323399573677E-17,-1.22464679914735E-16));
#2547=DIRECTION('ref_axis',(1.22464679914735E-16,-7.49879891330929E-33,
1.));
#2548=DIRECTION('center_axis',(6.12323399573677E-17,1.,0.));
#2549=DIRECTION('ref_axis',(1.,-6.12323399573677E-17,-1.22464679914735E-16));
#2550=DIRECTION('center_axis',(0.408248290463864,-0.408248290463864,0.816496580927725));
#2551=DIRECTION('ref_axis',(0.577350269189625,-0.577350269189627,-0.577350269189626));
#2552=DIRECTION('center_axis',(1.,-6.12323399573677E-17,-1.22464679914735E-16));
#2553=DIRECTION('ref_axis',(-1.22464679914735E-16,7.49879891330929E-33,
-1.));
#2554=DIRECTION('center_axis',(-6.12323399573673E-17,-1.,2.77555756156289E-15));
#2555=DIRECTION('ref_axis',(1.,-6.12323399573677E-17,-1.22464679914735E-16));
#2556=DIRECTION('center_axis',(-1.22464679914735E-16,7.49879891330929E-33,
-1.));
#2557=DIRECTION('ref_axis',(-6.12323399573677E-17,-1.,-1.64214663788065E-47));
#2558=DIRECTION('center_axis',(-0.408248290463864,-0.816496580927725,0.408248290463864));
#2559=DIRECTION('ref_axis',(-0.577350269189627,0.577350269189627,0.577350269189624));
#2560=DIRECTION('center_axis',(-1.,6.12323399573677E-17,1.22464679914735E-16));
#2561=DIRECTION('ref_axis',(6.12323399573677E-17,1.,0.));
#2562=DIRECTION('center_axis',(1.22464679914735E-16,-7.49879891330929E-33,
1.));
#2563=DIRECTION('ref_axis',(-1.,6.12323399573677E-17,1.22464679914735E-16));
#2564=DIRECTION('center_axis',(6.12323399573677E-17,1.,0.));
#2565=DIRECTION('ref_axis',(1.22464679914735E-16,-7.49879891330927E-33,
1.));
#2566=DIRECTION('center_axis',(-0.816496580927725,0.408248290463864,0.408248290463863));
#2567=DIRECTION('ref_axis',(-0.577350269189627,-0.577350269189625,-0.577350269189625));
#2568=DIRECTION('center_axis',(-6.12323399573677E-17,-1.,0.));
#2569=DIRECTION('ref_axis',(-1.22464679914735E-16,7.49879891330927E-33,
-1.));
#2570=DIRECTION('center_axis',(-1.,6.12323399573677E-17,1.22464679914735E-16));
#2571=DIRECTION('ref_axis',(-6.12323399573677E-17,-1.,0.));
#2572=DIRECTION('center_axis',(-1.22464679914735E-16,7.49879891330929E-33,
-1.));
#2573=DIRECTION('ref_axis',(-1.,6.12323399573677E-17,1.22464679914735E-16));
#2574=DIRECTION('center_axis',(-1.,6.12323399573677E-17,1.22464679914735E-16));
#2575=DIRECTION('ref_axis',(-1.29893408435324E-16,-0.707106781186547,-0.707106781186548));
#2576=DIRECTION('',(1.,-6.12323399573677E-17,-1.22464679914735E-16));
#2577=DIRECTION('',(-1.,6.12323399573677E-17,1.22464679914735E-16));
#2578=DIRECTION('center_axis',(1.22464679914735E-16,-7.49879891330929E-33,
1.));
#2579=DIRECTION('ref_axis',(-0.707106781186548,-0.707106781186547,8.65956056235492E-17));
#2580=DIRECTION('',(1.22464679914735E-16,-7.49879891330929E-33,1.));
#2581=DIRECTION('',(1.22464679914735E-16,-7.49879891330929E-33,1.));
#2582=DIRECTION('center_axis',(-0.816496580927727,0.408248290463863,-0.408248290463862));
#2583=DIRECTION('ref_axis',(0.577350269189625,0.577350269189627,-0.577350269189625));
#2584=DIRECTION('center_axis',(6.12323399573677E-17,1.,0.));
#2585=DIRECTION('ref_axis',(-1.22464679914735E-16,7.49879891330927E-33,
-1.));
#2586=DIRECTION('center_axis',(1.,-6.12323399573677E-17,-1.22464679914735E-16));
#2587=DIRECTION('ref_axis',(6.12323399573677E-17,1.,0.));
#2588=DIRECTION('center_axis',(-1.22464679914735E-16,7.49879891330929E-33,
-1.));
#2589=DIRECTION('ref_axis',(1.,-6.12323399573677E-17,-1.22464679914735E-16));
#2590=DIRECTION('center_axis',(-0.816496580927725,-0.408248290463864,0.408248290463863));
#2591=DIRECTION('ref_axis',(-0.577350269189625,0.577350269189628,-0.577350269189625));
#2592=DIRECTION('center_axis',(-1.22464679914735E-16,7.49879891330929E-33,
-1.));
#2593=DIRECTION('ref_axis',(6.12323399573677E-17,1.,1.64214663788065E-47));
#2594=DIRECTION('center_axis',(-1.,6.12323399573677E-17,1.22464679914735E-16));
#2595=DIRECTION('ref_axis',(-1.22464679914735E-16,7.49879891330929E-33,
-1.));
#2596=DIRECTION('center_axis',(6.12323399573677E-17,1.,0.));
#2597=DIRECTION('ref_axis',(-1.,6.12323399573677E-17,1.22464679914735E-16));
#2598=DIRECTION('center_axis',(1.,-6.12323399573677E-17,-1.22464679914735E-16));
#2599=DIRECTION('ref_axis',(-4.32978028117744E-17,0.707106781186547,-0.707106781186547));
#2600=DIRECTION('',(-1.,6.12323399573677E-17,1.22464679914735E-16));
#2601=DIRECTION('',(1.,-6.12323399573677E-17,-1.22464679914735E-16));
#2602=DIRECTION('center_axis',(6.12323399573677E-17,1.,0.));
#2603=DIRECTION('ref_axis',(-0.707106781186548,4.32978028117747E-17,-0.707106781186547));
#2604=DIRECTION('',(-6.12323399573677E-17,-1.,0.));
#2605=DIRECTION('',(6.12323399573677E-17,1.,0.));
#2606=DIRECTION('center_axis',(1.22464679914735E-16,-7.49879891330929E-33,
1.));
#2607=DIRECTION('ref_axis',(-0.707106781186547,0.707106781186547,8.65956056235491E-17));
#2608=DIRECTION('',(-1.22464679914735E-16,7.49879891330929E-33,-1.));
#2609=DIRECTION('',(1.22464679914735E-16,-7.49879891330929E-33,1.));
#2610=DIRECTION('center_axis',(1.22464679914735E-16,-7.49879891330929E-33,
1.));
#2611=DIRECTION('ref_axis',(0.707106781186547,0.707106781186547,-8.65956056235491E-17));
#2612=DIRECTION('',(-1.22464679914735E-16,7.49879891330929E-33,-1.));
#2613=DIRECTION('',(1.22464679914735E-16,-7.49879891330929E-33,1.));
#2614=DIRECTION('center_axis',(-6.12323399573677E-17,-1.,0.));
#2615=DIRECTION('ref_axis',(0.707106781186547,-4.32978028117747E-17,-0.707106781186548));
#2616=DIRECTION('',(6.12323399573677E-17,1.,0.));
#2617=DIRECTION('',(-6.12323399573677E-17,-1.,0.));
#2618=DIRECTION('center_axis',(-6.12323399573677E-17,-1.,0.));
#2619=DIRECTION('ref_axis',(-0.707106781186548,4.32978028117747E-17,0.707106781186547));
#2620=DIRECTION('',(6.12323399573677E-17,1.,0.));
#2621=DIRECTION('',(-6.12323399573677E-17,-1.,0.));
#2622=DIRECTION('center_axis',(-1.,6.12323399573677E-17,1.22464679914735E-16));
#2623=DIRECTION('ref_axis',(1.29893408435324E-16,0.707106781186548,0.707106781186547));
#2624=DIRECTION('',(1.,-6.12323399573677E-17,-1.22464679914735E-16));
#2625=DIRECTION('',(-1.,6.12323399573677E-17,1.22464679914735E-16));
#2626=DIRECTION('center_axis',(1.22464679914735E-16,-7.49879891330929E-33,
1.));
#2627=DIRECTION('ref_axis',(0.707106781186547,-0.707106781186547,-8.65956056235491E-17));
#2628=DIRECTION('',(-1.22464679914735E-16,7.49879891330929E-33,-1.));
#2629=DIRECTION('',(1.22464679914735E-16,-7.49879891330929E-33,1.));
#2630=DIRECTION('center_axis',(6.12323399573677E-17,1.,0.));
#2631=DIRECTION('ref_axis',(0.707106781186548,-4.32978028117747E-17,0.707106781186547));
#2632=DIRECTION('',(-6.12323399573677E-17,-1.,0.));
#2633=DIRECTION('',(6.12323399573677E-17,1.,0.));
#2634=DIRECTION('center_axis',(-1.22464679914735E-16,7.49879891330929E-33,
-1.));
#2635=DIRECTION('ref_axis',(6.12323399573677E-17,1.,1.64214663788065E-47));
#2636=DIRECTION('center_axis',(6.12323399573677E-17,1.,0.));
#2637=DIRECTION('ref_axis',(1.22464679914735E-16,-7.49879891330927E-33,
1.));
#2638=DIRECTION('center_axis',(-1.22464679914735E-16,7.49879891330929E-33,
-1.));
#2639=DIRECTION('ref_axis',(6.12323399573677E-17,1.,1.64214663788065E-47));
#2640=DIRECTION('center_axis',(-6.12323399573677E-17,-1.,0.));
#2641=DIRECTION('ref_axis',(-1.22464679914735E-16,7.49879891330927E-33,
-1.));
#2642=DIRECTION('center_axis',(-1.,6.12323399573677E-17,1.22464679914735E-16));
#2643=DIRECTION('ref_axis',(1.22464679914735E-16,-7.49879891330929E-33,
1.));
#2644=DIRECTION('center_axis',(-0.816496580927726,-0.408248290463862,0.408248290463864));
#2645=DIRECTION('ref_axis',(0.577350269189626,-0.577350269189623,0.577350269189629));
#2646=DIRECTION('center_axis',(1.22464679914735E-16,-7.49879891330929E-33,
1.));
#2647=DIRECTION('ref_axis',(1.,-6.12323399573677E-17,-1.22464679914735E-16));
#2648=DIRECTION('center_axis',(2.71432522160552E-15,-1.,-3.39907768361723E-31));
#2649=DIRECTION('ref_axis',(1.22464679914735E-16,-7.49879891331085E-33,
1.));
#2650=DIRECTION('center_axis',(1.,-6.12323399573677E-17,-1.22464679914735E-16));
#2651=DIRECTION('ref_axis',(-6.12323399573677E-17,-1.,0.));
#2652=DIRECTION('center_axis',(0.408248290463864,-0.816496580927725,-0.408248290463864));
#2653=DIRECTION('ref_axis',(-0.577350269189625,-0.577350269189628,0.577350269189625));
#2654=DIRECTION('center_axis',(1.22464679914735E-16,-7.49879891330929E-33,
1.));
#2655=DIRECTION('ref_axis',(-6.12323399573677E-17,-1.,-1.64214663788065E-47));
#2656=DIRECTION('center_axis',(-1.,6.12323399573677E-17,1.22464679914735E-16));
#2657=DIRECTION('ref_axis',(1.22464679914735E-16,-7.49879891330929E-33,
1.));
#2658=DIRECTION('center_axis',(-6.12323399573677E-17,-1.,0.));
#2659=DIRECTION('ref_axis',(-1.,6.12323399573677E-17,1.22464679914735E-16));
#2660=DIRECTION('center_axis',(1.,-6.12323399573677E-17,-1.22464679914735E-16));
#2661=DIRECTION('ref_axis',(4.32978028117744E-17,-0.707106781186547,0.707106781186547));
#2662=DIRECTION('',(-1.,6.12323399573677E-17,1.22464679914735E-16));
#2663=DIRECTION('',(1.,-6.12323399573677E-17,-1.22464679914735E-16));
#2664=DIRECTION('center_axis',(0.408248290463864,-0.816496580927726,0.408248290463862));
#2665=DIRECTION('ref_axis',(0.577350269189628,0.577350269189625,0.577350269189625));
#2666=DIRECTION('center_axis',(1.22464679914735E-16,-7.49879891330929E-33,
1.));
#2667=DIRECTION('ref_axis',(6.12323399573677E-17,1.,1.64214663788065E-47));
#2668=DIRECTION('center_axis',(1.,-1.44901112073881E-15,-1.22464679914735E-16));
#2669=DIRECTION('ref_axis',(1.22464679914735E-16,-7.4987989133093E-33,1.));
#2670=DIRECTION('center_axis',(6.12323399573677E-17,1.,0.));
#2671=DIRECTION('ref_axis',(1.,-6.12323399573677E-17,-1.22464679914735E-16));
#2672=DIRECTION('center_axis',(0.408248290463861,-0.408248290463864,0.816496580927726));
#2673=DIRECTION('ref_axis',(0.577350269189625,-0.577350269189628,-0.577350269189625));
#2674=DIRECTION('center_axis',(1.,-6.12323399573677E-17,-1.22464679914735E-16));
#2675=DIRECTION('ref_axis',(-1.22464679914735E-16,7.49879891330929E-33,
-1.));
#2676=DIRECTION('center_axis',(-6.12323399573673E-17,-1.,2.77555756156289E-15));
#2677=DIRECTION('ref_axis',(1.,-6.12323399573677E-17,-1.22464679914735E-16));
#2678=DIRECTION('center_axis',(-1.22464679914735E-16,7.49879891330929E-33,
-1.));
#2679=DIRECTION('ref_axis',(-6.12323399573677E-17,-1.,-1.64214663788065E-47));
#2680=DIRECTION('center_axis',(-0.408248290463864,-0.816496580927725,0.408248290463864));
#2681=DIRECTION('ref_axis',(-0.577350269189625,0.577350269189628,0.577350269189625));
#2682=DIRECTION('center_axis',(-1.,6.12323399573677E-17,1.22464679914735E-16));
#2683=DIRECTION('ref_axis',(6.12323399573677E-17,1.,0.));
#2684=DIRECTION('center_axis',(1.22464679914735E-16,-7.49879891330929E-33,
1.));
#2685=DIRECTION('ref_axis',(-1.,6.12323399573677E-17,1.22464679914735E-16));
#2686=DIRECTION('center_axis',(6.12323399573677E-17,1.,0.));
#2687=DIRECTION('ref_axis',(1.22464679914735E-16,-7.49879891330927E-33,
1.));
#2688=DIRECTION('center_axis',(-0.816496580927727,0.408248290463863,0.408248290463862));
#2689=DIRECTION('ref_axis',(-0.577350269189625,-0.577350269189625,-0.577350269189627));
#2690=DIRECTION('center_axis',(-6.12323399573677E-17,-1.,0.));
#2691=DIRECTION('ref_axis',(-1.22464679914735E-16,7.49879891330927E-33,
-1.));
#2692=DIRECTION('center_axis',(-1.,6.12323399573677E-17,1.22464679914735E-16));
#2693=DIRECTION('ref_axis',(-6.12323399573677E-17,-1.,0.));
#2694=DIRECTION('center_axis',(-1.22464679914735E-16,7.49879891330929E-33,
-1.));
#2695=DIRECTION('ref_axis',(-1.,6.12323399573677E-17,1.22464679914735E-16));
#2696=DIRECTION('center_axis',(-1.,6.12323399573677E-17,1.22464679914735E-16));
#2697=DIRECTION('ref_axis',(-1.29893408435324E-16,-0.707106781186547,-0.707106781186548));
#2698=DIRECTION('',(1.,-6.12323399573677E-17,-1.22464679914735E-16));
#2699=DIRECTION('',(-1.,6.12323399573677E-17,1.22464679914735E-16));
#2700=DIRECTION('center_axis',(1.22464679914735E-16,-7.49879891330929E-33,
1.));
#2701=DIRECTION('ref_axis',(-0.707106781186548,-0.707106781186547,8.65956056235492E-17));
#2702=DIRECTION('',(-1.22464679914735E-16,7.49879891330929E-33,-1.));
#2703=DIRECTION('',(1.22464679914735E-16,-7.49879891330929E-33,1.));
#2704=DIRECTION('center_axis',(-0.816496580927726,0.408248290463864,-0.408248290463862));
#2705=DIRECTION('ref_axis',(0.577350269189625,0.577350269189627,-0.577350269189626));
#2706=DIRECTION('center_axis',(6.12323399573677E-17,1.,0.));
#2707=DIRECTION('ref_axis',(-1.22464679914735E-16,7.49879891330927E-33,
-1.));
#2708=DIRECTION('center_axis',(1.,-6.12323399573677E-17,-1.51024346069618E-15));
#2709=DIRECTION('ref_axis',(6.12323399573677E-17,1.,0.));
#2710=DIRECTION('center_axis',(-1.22464679914735E-16,7.49879891330929E-33,
-1.));
#2711=DIRECTION('ref_axis',(1.,-6.12323399573677E-17,-1.22464679914735E-16));
#2712=DIRECTION('center_axis',(-0.816496580927726,-0.408248290463863,0.408248290463862));
#2713=DIRECTION('ref_axis',(-0.577350269189625,0.577350269189628,-0.577350269189625));
#2714=DIRECTION('center_axis',(-1.22464679914735E-16,7.49879891330929E-33,
-1.));
#2715=DIRECTION('ref_axis',(6.12323399573677E-17,1.,1.64214663788065E-47));
#2716=DIRECTION('center_axis',(-1.,6.12323399573677E-17,1.22464679914735E-16));
#2717=DIRECTION('ref_axis',(-1.22464679914735E-16,7.49879891330929E-33,
-1.));
#2718=DIRECTION('center_axis',(6.12323399573677E-17,1.,0.));
#2719=DIRECTION('ref_axis',(-1.,6.12323399573677E-17,1.22464679914735E-16));
#2720=DIRECTION('center_axis',(1.,-6.12323399573677E-17,-1.22464679914735E-16));
#2721=DIRECTION('ref_axis',(-4.32978028117744E-17,0.707106781186547,-0.707106781186547));
#2722=DIRECTION('',(-1.,6.12323399573677E-17,1.22464679914735E-16));
#2723=DIRECTION('',(1.,-6.12323399573677E-17,-1.22464679914735E-16));
#2724=DIRECTION('center_axis',(6.12323399573677E-17,1.,0.));
#2725=DIRECTION('ref_axis',(-0.707106781186548,4.32978028117747E-17,-0.707106781186547));
#2726=DIRECTION('',(-6.12323399573677E-17,-1.,0.));
#2727=DIRECTION('',(6.12323399573677E-17,1.,0.));
#2728=DIRECTION('center_axis',(1.22464679914735E-16,-7.49879891330929E-33,
1.));
#2729=DIRECTION('ref_axis',(-0.707106781186547,0.707106781186547,8.65956056235491E-17));
#2730=DIRECTION('',(-1.22464679914735E-16,7.49879891330929E-33,-1.));
#2731=DIRECTION('',(1.22464679914735E-16,-7.49879891330929E-33,1.));
#2732=DIRECTION('center_axis',(1.22464679914735E-16,-7.49879891330929E-33,
1.));
#2733=DIRECTION('ref_axis',(0.707106781186547,0.707106781186548,-8.6595605623549E-17));
#2734=DIRECTION('',(1.22464679914735E-16,-7.49879891330929E-33,1.));
#2735=DIRECTION('',(1.22464679914735E-16,-7.49879891330929E-33,1.));
#2736=DIRECTION('center_axis',(-6.12323399573677E-17,-1.,0.));
#2737=DIRECTION('ref_axis',(0.707106781186547,-4.32978028117747E-17,-0.707106781186548));
#2738=DIRECTION('',(6.12323399573677E-17,1.,0.));
#2739=DIRECTION('',(-6.12323399573677E-17,-1.,0.));
#2740=DIRECTION('center_axis',(-6.12323399573677E-17,-1.,0.));
#2741=DIRECTION('ref_axis',(-0.707106781186548,4.32978028117747E-17,0.707106781186547));
#2742=DIRECTION('',(6.12323399573677E-17,1.,0.));
#2743=DIRECTION('',(-6.12323399573677E-17,-1.,0.));
#2744=DIRECTION('center_axis',(-1.,6.12323399573677E-17,1.22464679914735E-16));
#2745=DIRECTION('ref_axis',(1.29893408435324E-16,0.707106781186548,0.707106781186547));
#2746=DIRECTION('',(1.,-6.12323399573677E-17,-1.22464679914735E-16));
#2747=DIRECTION('',(-1.,6.12323399573677E-17,1.22464679914735E-16));
#2748=DIRECTION('center_axis',(1.22464679914735E-16,-7.49879891330929E-33,
1.));
#2749=DIRECTION('ref_axis',(0.707106781186547,-0.707106781186548,-8.6595605623549E-17));
#2750=DIRECTION('',(-1.22464679914735E-16,7.49879891330929E-33,-1.));
#2751=DIRECTION('',(1.22464679914735E-16,-7.49879891330929E-33,1.));
#2752=DIRECTION('center_axis',(6.12323399573677E-17,1.,0.));
#2753=DIRECTION('ref_axis',(0.707106781186548,-4.32978028117747E-17,0.707106781186547));
#2754=DIRECTION('',(-6.12323399573677E-17,-1.,0.));
#2755=DIRECTION('',(6.12323399573677E-17,1.,0.));
#2756=DIRECTION('center_axis',(-1.22464679914735E-16,7.49879891330929E-33,
-1.));
#2757=DIRECTION('ref_axis',(6.12323399573677E-17,1.,1.64214663788065E-47));
#2758=DIRECTION('center_axis',(6.12323399573677E-17,1.,0.));
#2759=DIRECTION('ref_axis',(1.22464679914735E-16,-7.49879891330927E-33,
1.));
#2760=DIRECTION('center_axis',(1.,-6.12323399573677E-17,-1.22464679914735E-16));
#2761=DIRECTION('ref_axis',(-1.22464679914735E-16,7.49879891330929E-33,
-1.));
#2762=DIRECTION('center_axis',(-1.22464679914735E-16,7.49879891330929E-33,
-1.));
#2763=DIRECTION('ref_axis',(6.12323399573677E-17,1.,1.64214663788065E-47));
#2764=DIRECTION('center_axis',(-6.12323399573677E-17,-1.,0.));
#2765=DIRECTION('ref_axis',(-1.22464679914735E-16,7.49879891330927E-33,
-1.));
#2766=DIRECTION('center_axis',(-1.22464679914735E-16,7.49879891330929E-33,
-1.));
#2767=DIRECTION('ref_axis',(6.12323399573677E-17,1.,1.64214663788065E-47));
#2768=DIRECTION('',(1.,-6.12323399573677E-17,-1.22464679914735E-16));
#2769=DIRECTION('',(-6.12323399573677E-17,-1.,0.));
#2770=DIRECTION('',(-1.,6.12323399573677E-17,1.22464679914735E-16));
#2771=DIRECTION('',(6.12323399573677E-17,1.,0.));
#2772=DIRECTION('center_axis',(-1.22464679914735E-16,7.49879891330929E-33,
-1.));
#2773=DIRECTION('ref_axis',(6.12323399573677E-17,1.,1.64214663788065E-47));
#2774=DIRECTION('center_axis',(1.,-6.12323399573677E-17,-1.22464679914735E-16));
#2775=DIRECTION('ref_axis',(-1.22464679914735E-16,7.49879891330929E-33,
-1.));
#2776=DIRECTION('',(1.22464679914735E-16,-7.49879891330929E-33,1.));
#2777=DIRECTION('',(1.22464679914735E-16,-7.49879891330929E-33,1.));
#2778=DIRECTION('center_axis',(6.12323399573677E-17,1.,0.));
#2779=DIRECTION('ref_axis',(1.22464679914735E-16,-7.49879891330927E-33,
1.));
#2780=DIRECTION('',(1.22464679914735E-16,-7.49879891330929E-33,1.));
#2781=DIRECTION('center_axis',(-1.,6.12323399573677E-17,1.22464679914735E-16));
#2782=DIRECTION('ref_axis',(1.22464679914735E-16,-7.49879891330929E-33,
1.));
#2783=DIRECTION('',(1.22464679914735E-16,-7.49879891330929E-33,1.));
#2784=DIRECTION('center_axis',(-6.12323399573677E-17,-1.,0.));
#2785=DIRECTION('ref_axis',(-1.22464679914735E-16,7.49879891330927E-33,
-1.));
#2786=CARTESIAN_POINT('',(0.,0.,0.));
#2787=CARTESIAN_POINT('Origin',(0.210304403502216,-0.0905005681579023,0.75));
#2788=CARTESIAN_POINT('',(0.188302845541968,-0.0905005681579023,0.75));
#2789=CARTESIAN_POINT('',(0.232305961462463,-0.0905005681579023,0.75));
#2790=CARTESIAN_POINT('',(0.105152201751108,-0.0905005681579023,0.75));
#2791=CARTESIAN_POINT('',(0.188302845541968,-0.0905005681579023,0.751));
#2792=CARTESIAN_POINT('',(0.188302845541968,-0.0905005681579023,0.75));
#2793=CARTESIAN_POINT('',(0.232305961462463,-0.0905005681579023,0.751));
#2794=CARTESIAN_POINT('',(0.105152201751108,-0.0905005681579023,0.751));
#2795=CARTESIAN_POINT('',(0.232305961462463,-0.0905005681579023,0.75));
#2796=CARTESIAN_POINT('Ctrl Pts',(0.232305961462463,-0.0905005681579023,
0.75));
#2797=CARTESIAN_POINT('Ctrl Pts',(0.232305961462463,-0.0905005681579023,
0.751));
#2798=CARTESIAN_POINT('Ctrl Pts',(0.249050509998581,-0.0905005681579023,
0.75));
#2799=CARTESIAN_POINT('Ctrl Pts',(0.249050509998581,-0.0905005681579023,
0.751));
#2800=CARTESIAN_POINT('Ctrl Pts',(0.257228080213894,-0.0838806303645535,
0.75));
#2801=CARTESIAN_POINT('Ctrl Pts',(0.257228080213894,-0.0838806303645535,
0.751));
#2802=CARTESIAN_POINT('',(0.257228080213894,-0.0838806303645535,0.75));
#2803=CARTESIAN_POINT('Ctrl Pts',(0.232305961462463,-0.0905005681579023,
0.75));
#2804=CARTESIAN_POINT('Ctrl Pts',(0.249050509998581,-0.0905005681579023,
0.75));
#2805=CARTESIAN_POINT('Ctrl Pts',(0.257228080213894,-0.0838806303645535,
0.75));
#2806=CARTESIAN_POINT('',(0.257228080213894,-0.0838806303645535,0.751));
#2807=CARTESIAN_POINT('Ctrl Pts',(0.257228080213894,-0.0838806303645535,
0.751));
#2808=CARTESIAN_POINT('Ctrl Pts',(0.249050509998581,-0.0905005681579023,
0.751));
#2809=CARTESIAN_POINT('Ctrl Pts',(0.232305961462463,-0.0905005681579023,
0.751));
#2810=CARTESIAN_POINT('',(0.257228080213894,-0.0838806303645535,0.75));
#2811=CARTESIAN_POINT('Origin',(0.285654871914745,-0.0593479197186138,0.75));
#2812=CARTESIAN_POINT('',(0.314081663615596,-0.0348152090726742,0.75));
#2813=CARTESIAN_POINT('',(0.218473019384751,-0.117326778751348,0.75));
#2814=CARTESIAN_POINT('',(0.314081663615596,-0.0348152090726742,0.751));
#2815=CARTESIAN_POINT('',(0.218473019384751,-0.117326778751348,0.751));
#2816=CARTESIAN_POINT('',(0.314081663615596,-0.0348152090726742,0.75));
#2817=CARTESIAN_POINT('Ctrl Pts',(0.314081663615596,-0.0348152090726742,
0.75));
#2818=CARTESIAN_POINT('Ctrl Pts',(0.314081663615596,-0.0348152090726742,
0.751));
#2819=CARTESIAN_POINT('Ctrl Pts',(0.324206274358364,-0.0258588226463786,
0.75));
#2820=CARTESIAN_POINT('Ctrl Pts',(0.324206274358364,-0.0258588226463786,
0.751));
#2821=CARTESIAN_POINT('Ctrl Pts',(0.324206274358364,-0.00560960116084113,
0.75));
#2822=CARTESIAN_POINT('Ctrl Pts',(0.324206274358364,-0.00560960116084113,
0.751));
#2823=CARTESIAN_POINT('',(0.324206274358364,-0.00560960116084113,0.75));
#2824=CARTESIAN_POINT('Ctrl Pts',(0.314081663615596,-0.0348152090726742,
0.75));
#2825=CARTESIAN_POINT('Ctrl Pts',(0.324206274358364,-0.0258588226463786,
0.75));
#2826=CARTESIAN_POINT('Ctrl Pts',(0.324206274358364,-0.00560960116084113,
0.75));
#2827=CARTESIAN_POINT('',(0.324206274358364,-0.00560960116084113,0.751));
#2828=CARTESIAN_POINT('Ctrl Pts',(0.324206274358364,-0.00560960116084113,
0.751));
#2829=CARTESIAN_POINT('Ctrl Pts',(0.324206274358364,-0.0258588226463786,
0.751));
#2830=CARTESIAN_POINT('Ctrl Pts',(0.314081663615596,-0.0348152090726742,
0.751));
#2831=CARTESIAN_POINT('',(0.324206274358364,-0.00560960116084113,0.75));
#2832=CARTESIAN_POINT('Origin',(0.324206274358364,0.0306053526498318,0.75));
#2833=CARTESIAN_POINT('',(0.324206274358364,0.0668203064605047,0.75));
#2834=CARTESIAN_POINT('',(0.324206274358364,0.0153026763249159,0.75));
#2835=CARTESIAN_POINT('',(0.324206274358364,0.0668203064605047,0.751));
#2836=CARTESIAN_POINT('',(0.324206274358364,0.0153026763249159,0.751));
#2837=CARTESIAN_POINT('',(0.324206274358364,0.0668203064605047,0.75));
#2838=CARTESIAN_POINT('Ctrl Pts',(0.324206274358364,0.0668203064605047,
0.75));
#2839=CARTESIAN_POINT('Ctrl Pts',(0.324206274358364,0.0668203064605047,
0.751));
#2840=CARTESIAN_POINT('Ctrl Pts',(0.324206274358364,0.0796707739417112,
0.75));
#2841=CARTESIAN_POINT('Ctrl Pts',(0.324206274358364,0.0796707739417112,
0.751));
#2842=CARTESIAN_POINT('Ctrl Pts',(0.310966398771667,0.0913530171064444,
0.75));
#2843=CARTESIAN_POINT('Ctrl Pts',(0.310966398771667,0.0913530171064444,
0.751));
#2844=CARTESIAN_POINT('',(0.310966398771667,0.0913530171064444,0.75));
#2845=CARTESIAN_POINT('Ctrl Pts',(0.324206274358364,0.0668203064605047,
0.75));
#2846=CARTESIAN_POINT('Ctrl Pts',(0.324206274358364,0.0796707739417112,
0.75));
#2847=CARTESIAN_POINT('Ctrl Pts',(0.310966398771667,0.0913530171064444,
0.75));
#2848=CARTESIAN_POINT('',(0.310966398771667,0.0913530171064444,0.751));
#2849=CARTESIAN_POINT('Ctrl Pts',(0.310966398771667,0.0913530171064444,
0.751));
#2850=CARTESIAN_POINT('Ctrl Pts',(0.324206274358364,0.0796707739417112,
0.751));
#2851=CARTESIAN_POINT('Ctrl Pts',(0.324206274358364,0.0668203064605047,
0.751));
#2852=CARTESIAN_POINT('',(0.310966398771667,0.0913530171064444,0.75));
#2853=CARTESIAN_POINT('Origin',(0.287017800283964,0.11257575885571,0.75));
#2854=CARTESIAN_POINT('',(0.263069201796261,0.133798500604975,0.75));
#2855=CARTESIAN_POINT('',(0.234574462603149,0.15904993615009,0.75));
#2856=CARTESIAN_POINT('',(0.263069201796261,0.133798500604975,0.751));
#2857=CARTESIAN_POINT('',(0.234574462603149,0.15904993615009,0.751));
#2858=CARTESIAN_POINT('',(0.263069201796261,0.133798500604975,0.75));
#2859=CARTESIAN_POINT('Ctrl Pts',(0.263069201796261,0.133798500604975,0.75));
#2860=CARTESIAN_POINT('Ctrl Pts',(0.263069201796261,0.133798500604975,0.751));
#2861=CARTESIAN_POINT('Ctrl Pts',(0.251386958631527,0.145480743769708,0.75));
#2862=CARTESIAN_POINT('Ctrl Pts',(0.251386958631527,0.145480743769708,0.751));
#2863=CARTESIAN_POINT('Ctrl Pts',(0.237757674939339,0.145480743769708,0.75));
#2864=CARTESIAN_POINT('Ctrl Pts',(0.237757674939339,0.145480743769708,0.751));
#2865=CARTESIAN_POINT('',(0.237757674939339,0.145480743769708,0.75));
#2866=CARTESIAN_POINT('Ctrl Pts',(0.263069201796261,0.133798500604975,0.75));
#2867=CARTESIAN_POINT('Ctrl Pts',(0.251386958631527,0.145480743769708,0.75));
#2868=CARTESIAN_POINT('Ctrl Pts',(0.237757674939339,0.145480743769708,0.75));
#2869=CARTESIAN_POINT('',(0.237757674939339,0.145480743769708,0.751));
#2870=CARTESIAN_POINT('Ctrl Pts',(0.237757674939339,0.145480743769708,0.751));
#2871=CARTESIAN_POINT('Ctrl Pts',(0.251386958631527,0.145480743769708,0.751));
#2872=CARTESIAN_POINT('Ctrl Pts',(0.263069201796261,0.133798500604975,0.751));
#2873=CARTESIAN_POINT('',(0.237757674939339,0.145480743769708,0.75));
#2874=CARTESIAN_POINT('Origin',(0.21186203592418,0.145480743769708,0.75));
#2875=CARTESIAN_POINT('',(0.185966396909022,0.145480743769708,0.75));
#2876=CARTESIAN_POINT('',(0.10593101796209,0.145480743769708,0.75));
#2877=CARTESIAN_POINT('',(0.185966396909022,0.145480743769708,0.751));
#2878=CARTESIAN_POINT('',(0.10593101796209,0.145480743769708,0.751));
#2879=CARTESIAN_POINT('',(0.185966396909022,0.145480743769708,0.75));
#2880=CARTESIAN_POINT('Ctrl Pts',(0.185966396909022,0.145480743769708,0.75));
#2881=CARTESIAN_POINT('Ctrl Pts',(0.185966396909022,0.145480743769708,0.751));
#2882=CARTESIAN_POINT('Ctrl Pts',(0.175452378060762,0.145480743769708,0.75));
#2883=CARTESIAN_POINT('Ctrl Pts',(0.175452378060762,0.145480743769708,0.751));
#2884=CARTESIAN_POINT('Ctrl Pts',(0.16766421595094,0.138471397870868,0.75));
#2885=CARTESIAN_POINT('Ctrl Pts',(0.16766421595094,0.138471397870868,0.751));
#2886=CARTESIAN_POINT('',(0.16766421595094,0.138471397870868,0.75));
#2887=CARTESIAN_POINT('Ctrl Pts',(0.185966396909022,0.145480743769708,0.75));
#2888=CARTESIAN_POINT('Ctrl Pts',(0.175452378060762,0.145480743769708,0.75));
#2889=CARTESIAN_POINT('Ctrl Pts',(0.16766421595094,0.138471397870868,0.75));
#2890=CARTESIAN_POINT('',(0.16766421595094,0.138471397870868,0.751));
#2891=CARTESIAN_POINT('Ctrl Pts',(0.16766421595094,0.138471397870868,0.751));
#2892=CARTESIAN_POINT('Ctrl Pts',(0.175452378060762,0.145480743769708,0.751));
#2893=CARTESIAN_POINT('Ctrl Pts',(0.185966396909022,0.145480743769708,0.751));
#2894=CARTESIAN_POINT('',(0.16766421595094,0.138471397870868,0.75));
#2895=CARTESIAN_POINT('Origin',(0.155787268733461,0.127957379022608,0.75));
#2896=CARTESIAN_POINT('',(0.143910321515982,0.117443360174349,0.75));
#2897=CARTESIAN_POINT('',(0.0803634301424044,0.0611887350239688,0.75));
#2898=CARTESIAN_POINT('',(0.143910321515982,0.117443360174349,0.751));
#2899=CARTESIAN_POINT('',(0.0803634301424044,0.0611887350239688,0.751));
#2900=CARTESIAN_POINT('',(0.143910321515982,0.117443360174349,0.75));
#2901=CARTESIAN_POINT('Ctrl Pts',(0.143910321515982,0.117443360174349,0.75));
#2902=CARTESIAN_POINT('Ctrl Pts',(0.143910321515982,0.117443360174349,0.751));
#2903=CARTESIAN_POINT('Ctrl Pts',(0.132228078351249,0.10731874943158,0.75));
#2904=CARTESIAN_POINT('Ctrl Pts',(0.132228078351249,0.10731874943158,0.751));
#2905=CARTESIAN_POINT('Ctrl Pts',(0.132228078351249,0.0948576900558643,
0.75));
#2906=CARTESIAN_POINT('Ctrl Pts',(0.132228078351249,0.0948576900558643,
0.751));
#2907=CARTESIAN_POINT('',(0.132228078351249,0.0948576900558644,0.75));
#2908=CARTESIAN_POINT('Ctrl Pts',(0.143910321515982,0.117443360174349,0.75));
#2909=CARTESIAN_POINT('Ctrl Pts',(0.132228078351249,0.10731874943158,0.75));
#2910=CARTESIAN_POINT('Ctrl Pts',(0.132228078351249,0.0948576900558643,
0.75));
#2911=CARTESIAN_POINT('',(0.132228078351249,0.0948576900558644,0.751));
#2912=CARTESIAN_POINT('Ctrl Pts',(0.132228078351249,0.0948576900558643,
0.751));
#2913=CARTESIAN_POINT('Ctrl Pts',(0.132228078351249,0.10731874943158,0.751));
#2914=CARTESIAN_POINT('Ctrl Pts',(0.143910321515982,0.117443360174349,0.751));
#2915=CARTESIAN_POINT('',(0.132228078351249,0.0948576900558644,0.75));
#2916=CARTESIAN_POINT('Origin',(0.132228078351249,0.027879495911394,0.75));
#2917=CARTESIAN_POINT('',(0.132228078351249,-0.0390986982330763,0.75));
#2918=CARTESIAN_POINT('',(0.132228078351249,0.013939747955697,0.75));
#2919=CARTESIAN_POINT('',(0.132228078351249,-0.0390986982330763,0.751));
#2920=CARTESIAN_POINT('',(0.132228078351249,0.013939747955697,0.751));
#2921=CARTESIAN_POINT('',(0.132228078351249,-0.0390986982330763,0.75));
#2922=CARTESIAN_POINT('Ctrl Pts',(0.132228078351249,-0.0390986982330763,
0.75));
#2923=CARTESIAN_POINT('Ctrl Pts',(0.132228078351249,-0.0390986982330763,
0.751));
#2924=CARTESIAN_POINT('Ctrl Pts',(0.132228078351249,-0.0515597576087917,
0.75));
#2925=CARTESIAN_POINT('Ctrl Pts',(0.132228078351249,-0.0515597576087917,
0.751));
#2926=CARTESIAN_POINT('Ctrl Pts',(0.145467953937946,-0.0632420007735249,
0.75));
#2927=CARTESIAN_POINT('Ctrl Pts',(0.145467953937946,-0.0632420007735249,
0.751));
#2928=CARTESIAN_POINT('',(0.145467953937946,-0.0632420007735249,0.75));
#2929=CARTESIAN_POINT('Ctrl Pts',(0.132228078351249,-0.0390986982330763,
0.75));
#2930=CARTESIAN_POINT('Ctrl Pts',(0.132228078351249,-0.0515597576087917,
0.75));
#2931=CARTESIAN_POINT('Ctrl Pts',(0.145467953937946,-0.0632420007735249,
0.75));
#2932=CARTESIAN_POINT('',(0.145467953937946,-0.0632420007735249,0.751));
#2933=CARTESIAN_POINT('Ctrl Pts',(0.145467953937946,-0.0632420007735249,
0.751));
#2934=CARTESIAN_POINT('Ctrl Pts',(0.132228078351249,-0.0515597576087917,
0.751));
#2935=CARTESIAN_POINT('Ctrl Pts',(0.132228078351249,-0.0390986982330763,
0.751));
#2936=CARTESIAN_POINT('',(0.145467953937946,-0.0632420007735249,0.75));
#2937=CARTESIAN_POINT('Origin',(0.155787268733461,-0.0725877953053114,0.75));
#2938=CARTESIAN_POINT('',(0.166106583528975,-0.0819335898370979,0.75));
#2939=CARTESIAN_POINT('',(0.0949355389144695,-0.017476794714527,0.75));
#2940=CARTESIAN_POINT('',(0.166106583528975,-0.0819335898370979,0.751));
#2941=CARTESIAN_POINT('',(0.0949355389144695,-0.017476794714527,0.751));
#2942=CARTESIAN_POINT('',(0.166106583528975,-0.0819335898370979,0.75));
#2943=CARTESIAN_POINT('Ctrl Pts',(0.166106583528975,-0.0819335898370979,
0.75));
#2944=CARTESIAN_POINT('Ctrl Pts',(0.166106583528975,-0.0819335898370979,
0.751));
#2945=CARTESIAN_POINT('Ctrl Pts',(0.176620602377235,-0.0905005681579023,
0.75));
#2946=CARTESIAN_POINT('Ctrl Pts',(0.176620602377235,-0.0905005681579023,
0.751));
#2947=CARTESIAN_POINT('Ctrl Pts',(0.188302845541968,-0.0905005681579023,
0.75));
#2948=CARTESIAN_POINT('Ctrl Pts',(0.188302845541968,-0.0905005681579023,
0.751));
#2949=CARTESIAN_POINT('Ctrl Pts',(0.166106583528975,-0.0819335898370979,
0.75));
#2950=CARTESIAN_POINT('Ctrl Pts',(0.176620602377235,-0.0905005681579023,
0.75));
#2951=CARTESIAN_POINT('Ctrl Pts',(0.188302845541968,-0.0905005681579023,
0.75));
#2952=CARTESIAN_POINT('Ctrl Pts',(0.188302845541968,-0.0905005681579023,
0.751));
#2953=CARTESIAN_POINT('Ctrl Pts',(0.176620602377235,-0.0905005681579023,
0.751));
#2954=CARTESIAN_POINT('Ctrl Pts',(0.166106583528975,-0.0819335898370979,
0.751));
#2955=CARTESIAN_POINT('Origin',(1.22464679914735E-19,-7.49879891330929E-36,
0.751));
#2956=CARTESIAN_POINT('',(0.324206274358364,-0.257556645413587,0.751));
#2957=CARTESIAN_POINT('',(0.324206274358364,-0.108802749115984,0.751));
#2958=CARTESIAN_POINT('',(0.324206274358364,-0.257556645413587,0.751));
#2959=CARTESIAN_POINT('',(0.355748330903144,-0.289877518169349,0.751));
#2960=CARTESIAN_POINT('Ctrl Pts',(0.355748330903144,-0.289877518169349,
0.751));
#2961=CARTESIAN_POINT('Ctrl Pts',(0.342508455316446,-0.289877518169349,
0.751));
#2962=CARTESIAN_POINT('Ctrl Pts',(0.324206274358364,-0.271185929105776,
0.751));
#2963=CARTESIAN_POINT('Ctrl Pts',(0.324206274358364,-0.257556645413587,
0.751));
#2964=CARTESIAN_POINT('',(0.387290387447924,-0.257556645413587,0.751));
#2965=CARTESIAN_POINT('Ctrl Pts',(0.387290387447924,-0.257556645413587,
0.751));
#2966=CARTESIAN_POINT('Ctrl Pts',(0.387290387447924,-0.271185929105776,
0.751));
#2967=CARTESIAN_POINT('Ctrl Pts',(0.368988206489842,-0.289877518169349,
0.751));
#2968=CARTESIAN_POINT('Ctrl Pts',(0.355748330903144,-0.289877518169349,
0.751));
#2969=CARTESIAN_POINT('',(0.387290387447924,0.17780161652547,0.751));
#2970=CARTESIAN_POINT('',(0.387290387447924,0.17780161652547,0.751));
#2971=CARTESIAN_POINT('',(0.355748330903144,0.20934367307025,0.751));
#2972=CARTESIAN_POINT('Ctrl Pts',(0.355748330903144,0.20934367307025,0.751));
#2973=CARTESIAN_POINT('Ctrl Pts',(0.368988206489842,0.20934367307025,0.751));
#2974=CARTESIAN_POINT('Ctrl Pts',(0.387290387447924,0.191041492112168,0.751));
#2975=CARTESIAN_POINT('Ctrl Pts',(0.387290387447924,0.17780161652547,0.751));
#2976=CARTESIAN_POINT('',(0.324206274358364,0.17780161652547,0.751));
#2977=CARTESIAN_POINT('Ctrl Pts',(0.324206274358364,0.17780161652547,0.751));
#2978=CARTESIAN_POINT('Ctrl Pts',(0.324206274358364,0.191041492112168,0.751));
#2979=CARTESIAN_POINT('Ctrl Pts',(0.342508455316446,0.20934367307025,0.751));
#2980=CARTESIAN_POINT('Ctrl Pts',(0.355748330903144,0.20934367307025,0.751));
#2981=CARTESIAN_POINT('',(0.324206274358364,0.164561740938772,0.751));
#2982=CARTESIAN_POINT('',(0.324206274358364,0.164561740938772,0.751));
#2983=CARTESIAN_POINT('',(0.236978858728357,0.20934367307025,0.751));
#2984=CARTESIAN_POINT('Ctrl Pts',(0.236978858728357,0.20934367307025,0.751));
#2985=CARTESIAN_POINT('Ctrl Pts',(0.276698485488449,0.20934367307025,0.751));
#2986=CARTESIAN_POINT('Ctrl Pts',(0.324206274358364,0.164561740938772,0.751));
#2987=CARTESIAN_POINT('',(0.190639294174915,0.20934367307025,0.751));
#2988=CARTESIAN_POINT('',(0.190639294174915,0.20934367307025,0.751));
#2989=CARTESIAN_POINT('',(0.119767018975534,0.180916881369399,0.751));
#2990=CARTESIAN_POINT('Ctrl Pts',(0.119767018975534,0.180916881369399,0.751));
#2991=CARTESIAN_POINT('Ctrl Pts',(0.151309075520313,0.20934367307025,0.751));
#2992=CARTESIAN_POINT('Ctrl Pts',(0.190639294174915,0.20934367307025,0.751));
#2993=CARTESIAN_POINT('',(0.0967919407515583,0.160667659883861,0.751));
#2994=CARTESIAN_POINT('',(0.0967919407515583,0.160667659883861,0.751));
#2995=CARTESIAN_POINT('',(0.0691439652616896,0.0913530171064444,0.751));
#2996=CARTESIAN_POINT('Ctrl Pts',(0.0691439652616896,0.0913530171064444,
0.751));
#2997=CARTESIAN_POINT('Ctrl Pts',(0.0691439652616896,0.136913765448904,
0.751));
#2998=CARTESIAN_POINT('Ctrl Pts',(0.0967919407515583,0.160667659883861,
0.751));
#2999=CARTESIAN_POINT('',(0.0691439652616896,-0.0402669225495496,0.751));
#3000=CARTESIAN_POINT('',(0.0691439652616896,-0.0402669225495496,0.751));
#3001=CARTESIAN_POINT('',(0.0991283893845049,-0.108023932905002,0.751));
#3002=CARTESIAN_POINT('Ctrl Pts',(0.0991283893845049,-0.108023932905002,
0.751));
#3003=CARTESIAN_POINT('Ctrl Pts',(0.0858885137978073,-0.0971205059512512,
0.751));
#3004=CARTESIAN_POINT('Ctrl Pts',(0.0691439652616896,-0.0585691035076316,
0.751));
#3005=CARTESIAN_POINT('Ctrl Pts',(0.0691439652616896,-0.0402669225495496,
0.751));
#3006=CARTESIAN_POINT('',(0.128723405401829,-0.132946051656433,0.751));
#3007=CARTESIAN_POINT('',(0.128723405401829,-0.132946051656433,0.751));
#3008=CARTESIAN_POINT('',(0.191418110385897,-0.154363497458444,0.751));
#3009=CARTESIAN_POINT('Ctrl Pts',(0.191418110385897,-0.154363497458444,
0.751));
#3010=CARTESIAN_POINT('Ctrl Pts',(0.154034932258751,-0.154363497458444,
0.751));
#3011=CARTESIAN_POINT('Ctrl Pts',(0.128723405401829,-0.132946051656433,
0.751));
#3012=CARTESIAN_POINT('',(0.233863593884428,-0.154363497458444,0.751));
#3013=CARTESIAN_POINT('',(0.233863593884428,-0.154363497458444,0.751));
#3014=CARTESIAN_POINT('',(0.300062971817916,-0.128662562496031,0.751));
#3015=CARTESIAN_POINT('Ctrl Pts',(0.300062971817916,-0.128662562496031,
0.751));
#3016=CARTESIAN_POINT('Ctrl Pts',(0.268910323378627,-0.154363497458444,
0.751));
#3017=CARTESIAN_POINT('Ctrl Pts',(0.233863593884428,-0.154363497458444,
0.751));
#3018=CARTESIAN_POINT('',(0.324206274358364,-0.108802749115984,0.751));
#3019=CARTESIAN_POINT('Origin',(0.324206274358364,-0.183179697264786,0.75));
#3020=CARTESIAN_POINT('',(0.324206274358364,-0.257556645413587,0.75));
#3021=CARTESIAN_POINT('',(0.324206274358364,-0.108802749115984,0.75));
#3022=CARTESIAN_POINT('',(0.324206274358364,-0.0915898486323928,0.75));
#3023=CARTESIAN_POINT('',(0.324206274358364,-0.257556645413587,0.75));
#3024=CARTESIAN_POINT('',(0.324206274358364,-0.108802749115984,0.75));
#3025=CARTESIAN_POINT('Ctrl Pts',(0.355748330903144,-0.289877518169349,
0.75));
#3026=CARTESIAN_POINT('Ctrl Pts',(0.355748330903144,-0.289877518169349,
0.751));
#3027=CARTESIAN_POINT('Ctrl Pts',(0.342508455316446,-0.289877518169349,
0.75));
#3028=CARTESIAN_POINT('Ctrl Pts',(0.342508455316446,-0.289877518169349,
0.751));
#3029=CARTESIAN_POINT('Ctrl Pts',(0.324206274358364,-0.271185929105776,
0.75));
#3030=CARTESIAN_POINT('Ctrl Pts',(0.324206274358364,-0.271185929105776,
0.751));
#3031=CARTESIAN_POINT('Ctrl Pts',(0.324206274358364,-0.257556645413587,
0.75));
#3032=CARTESIAN_POINT('Ctrl Pts',(0.324206274358364,-0.257556645413587,
0.751));
#3033=CARTESIAN_POINT('',(0.355748330903144,-0.289877518169349,0.75));
#3034=CARTESIAN_POINT('Ctrl Pts',(0.355748330903144,-0.289877518169349,
0.75));
#3035=CARTESIAN_POINT('Ctrl Pts',(0.342508455316446,-0.289877518169349,
0.75));
#3036=CARTESIAN_POINT('Ctrl Pts',(0.324206274358364,-0.271185929105776,
0.75));
#3037=CARTESIAN_POINT('Ctrl Pts',(0.324206274358364,-0.257556645413587,
0.75));
#3038=CARTESIAN_POINT('',(0.355748330903144,-0.289877518169349,0.75));
#3039=CARTESIAN_POINT('Ctrl Pts',(0.387290387447924,-0.257556645413587,
0.75));
#3040=CARTESIAN_POINT('Ctrl Pts',(0.387290387447924,-0.257556645413587,
0.751));
#3041=CARTESIAN_POINT('Ctrl Pts',(0.387290387447924,-0.271185929105776,
0.75));
#3042=CARTESIAN_POINT('Ctrl Pts',(0.387290387447924,-0.271185929105776,
0.751));
#3043=CARTESIAN_POINT('Ctrl Pts',(0.368988206489842,-0.289877518169349,
0.75));
#3044=CARTESIAN_POINT('Ctrl Pts',(0.368988206489842,-0.289877518169349,
0.751));
#3045=CARTESIAN_POINT('Ctrl Pts',(0.355748330903144,-0.289877518169349,
0.75));
#3046=CARTESIAN_POINT('Ctrl Pts',(0.355748330903144,-0.289877518169349,
0.751));
#3047=CARTESIAN_POINT('',(0.387290387447924,-0.257556645413587,0.75));
#3048=CARTESIAN_POINT('Ctrl Pts',(0.387290387447924,-0.257556645413587,
0.75));
#3049=CARTESIAN_POINT('Ctrl Pts',(0.387290387447924,-0.271185929105776,
0.75));
#3050=CARTESIAN_POINT('Ctrl Pts',(0.368988206489842,-0.289877518169349,
0.75));
#3051=CARTESIAN_POINT('Ctrl Pts',(0.355748330903144,-0.289877518169349,
0.75));
#3052=CARTESIAN_POINT('',(0.387290387447924,-0.257556645413587,0.75));
#3053=CARTESIAN_POINT('Origin',(0.387290387447924,-0.0398775144440585,0.75));
#3054=CARTESIAN_POINT('',(0.387290387447924,0.17780161652547,0.75));
#3055=CARTESIAN_POINT('',(0.387290387447924,-0.0199387572220293,0.75));
#3056=CARTESIAN_POINT('',(0.387290387447924,0.17780161652547,0.75));
#3057=CARTESIAN_POINT('Ctrl Pts',(0.355748330903144,0.20934367307025,0.75));
#3058=CARTESIAN_POINT('Ctrl Pts',(0.355748330903144,0.20934367307025,0.751));
#3059=CARTESIAN_POINT('Ctrl Pts',(0.368988206489842,0.20934367307025,0.75));
#3060=CARTESIAN_POINT('Ctrl Pts',(0.368988206489842,0.20934367307025,0.751));
#3061=CARTESIAN_POINT('Ctrl Pts',(0.387290387447924,0.191041492112168,0.75));
#3062=CARTESIAN_POINT('Ctrl Pts',(0.387290387447924,0.191041492112168,0.751));
#3063=CARTESIAN_POINT('Ctrl Pts',(0.387290387447924,0.17780161652547,0.75));
#3064=CARTESIAN_POINT('Ctrl Pts',(0.387290387447924,0.17780161652547,0.751));
#3065=CARTESIAN_POINT('',(0.355748330903144,0.20934367307025,0.75));
#3066=CARTESIAN_POINT('Ctrl Pts',(0.355748330903144,0.20934367307025,0.75));
#3067=CARTESIAN_POINT('Ctrl Pts',(0.368988206489842,0.20934367307025,0.75));
#3068=CARTESIAN_POINT('Ctrl Pts',(0.387290387447924,0.191041492112168,0.75));
#3069=CARTESIAN_POINT('Ctrl Pts',(0.387290387447924,0.17780161652547,0.75));
#3070=CARTESIAN_POINT('',(0.355748330903144,0.20934367307025,0.75));
#3071=CARTESIAN_POINT('Ctrl Pts',(0.324206274358364,0.17780161652547,0.75));
#3072=CARTESIAN_POINT('Ctrl Pts',(0.324206274358364,0.17780161652547,0.751));
#3073=CARTESIAN_POINT('Ctrl Pts',(0.324206274358364,0.191041492112168,0.75));
#3074=CARTESIAN_POINT('Ctrl Pts',(0.324206274358364,0.191041492112168,0.751));
#3075=CARTESIAN_POINT('Ctrl Pts',(0.342508455316446,0.20934367307025,0.75));
#3076=CARTESIAN_POINT('Ctrl Pts',(0.342508455316446,0.20934367307025,0.751));
#3077=CARTESIAN_POINT('Ctrl Pts',(0.355748330903144,0.20934367307025,0.75));
#3078=CARTESIAN_POINT('Ctrl Pts',(0.355748330903144,0.20934367307025,0.751));
#3079=CARTESIAN_POINT('',(0.324206274358364,0.17780161652547,0.75));
#3080=CARTESIAN_POINT('Ctrl Pts',(0.324206274358364,0.17780161652547,0.75));
#3081=CARTESIAN_POINT('Ctrl Pts',(0.324206274358364,0.191041492112168,0.75));
#3082=CARTESIAN_POINT('Ctrl Pts',(0.342508455316446,0.20934367307025,0.75));
#3083=CARTESIAN_POINT('Ctrl Pts',(0.355748330903144,0.20934367307025,0.75));
#3084=CARTESIAN_POINT('',(0.324206274358364,0.17780161652547,0.75));
#3085=CARTESIAN_POINT('Origin',(0.324206274358364,0.171181678732121,0.75));
#3086=CARTESIAN_POINT('',(0.324206274358364,0.164561740938772,0.75));
#3087=CARTESIAN_POINT('',(0.324206274358364,0.0855908393660606,0.75));
#3088=CARTESIAN_POINT('',(0.324206274358364,0.164561740938772,0.75));
#3089=CARTESIAN_POINT('Ctrl Pts',(0.236978858728357,0.20934367307025,0.75));
#3090=CARTESIAN_POINT('Ctrl Pts',(0.236978858728357,0.20934367307025,0.751));
#3091=CARTESIAN_POINT('Ctrl Pts',(0.276698485488449,0.20934367307025,0.75));
#3092=CARTESIAN_POINT('Ctrl Pts',(0.276698485488449,0.20934367307025,0.751));
#3093=CARTESIAN_POINT('Ctrl Pts',(0.324206274358364,0.164561740938772,0.75));
#3094=CARTESIAN_POINT('Ctrl Pts',(0.324206274358364,0.164561740938772,0.751));
#3095=CARTESIAN_POINT('',(0.236978858728357,0.20934367307025,0.75));
#3096=CARTESIAN_POINT('Ctrl Pts',(0.236978858728357,0.20934367307025,0.75));
#3097=CARTESIAN_POINT('Ctrl Pts',(0.276698485488449,0.20934367307025,0.75));
#3098=CARTESIAN_POINT('Ctrl Pts',(0.324206274358364,0.164561740938772,0.75));
#3099=CARTESIAN_POINT('',(0.236978858728357,0.20934367307025,0.75));
#3100=CARTESIAN_POINT('Origin',(0.213809076451636,0.20934367307025,0.75));
#3101=CARTESIAN_POINT('',(0.190639294174915,0.20934367307025,0.75));
#3102=CARTESIAN_POINT('',(0.106904538225818,0.20934367307025,0.75));
#3103=CARTESIAN_POINT('',(0.190639294174915,0.20934367307025,0.75));
#3104=CARTESIAN_POINT('Ctrl Pts',(0.119767018975534,0.180916881369399,0.75));
#3105=CARTESIAN_POINT('Ctrl Pts',(0.119767018975534,0.180916881369399,0.751));
#3106=CARTESIAN_POINT('Ctrl Pts',(0.151309075520313,0.20934367307025,0.75));
#3107=CARTESIAN_POINT('Ctrl Pts',(0.151309075520313,0.20934367307025,0.751));
#3108=CARTESIAN_POINT('Ctrl Pts',(0.190639294174915,0.20934367307025,0.75));
#3109=CARTESIAN_POINT('Ctrl Pts',(0.190639294174915,0.20934367307025,0.751));
#3110=CARTESIAN_POINT('',(0.119767018975534,0.180916881369399,0.75));
#3111=CARTESIAN_POINT('Ctrl Pts',(0.119767018975534,0.180916881369399,0.75));
#3112=CARTESIAN_POINT('Ctrl Pts',(0.151309075520313,0.20934367307025,0.75));
#3113=CARTESIAN_POINT('Ctrl Pts',(0.190639294174915,0.20934367307025,0.75));
#3114=CARTESIAN_POINT('',(0.119767018975534,0.180916881369399,0.75));
#3115=CARTESIAN_POINT('Origin',(0.108279479863546,0.17079227062663,0.75));
#3116=CARTESIAN_POINT('',(0.0967919407515583,0.160667659883861,0.75));
#3117=CARTESIAN_POINT('',(0.0354491196624542,0.106602800618888,0.75));
#3118=CARTESIAN_POINT('',(0.0967919407515583,0.160667659883861,0.75));
#3119=CARTESIAN_POINT('Ctrl Pts',(0.0691439652616896,0.0913530171064444,
0.75));
#3120=CARTESIAN_POINT('Ctrl Pts',(0.0691439652616896,0.0913530171064444,
0.751));
#3121=CARTESIAN_POINT('Ctrl Pts',(0.0691439652616896,0.136913765448904,
0.75));
#3122=CARTESIAN_POINT('Ctrl Pts',(0.0691439652616896,0.136913765448904,
0.751));
#3123=CARTESIAN_POINT('Ctrl Pts',(0.0967919407515583,0.160667659883861,
0.75));
#3124=CARTESIAN_POINT('Ctrl Pts',(0.0967919407515583,0.160667659883861,
0.751));
#3125=CARTESIAN_POINT('',(0.0691439652616896,0.0913530171064444,0.75));
#3126=CARTESIAN_POINT('Ctrl Pts',(0.0691439652616896,0.0913530171064444,
0.75));
#3127=CARTESIAN_POINT('Ctrl Pts',(0.0691439652616896,0.136913765448904,
0.75));
#3128=CARTESIAN_POINT('Ctrl Pts',(0.0967919407515583,0.160667659883861,
0.75));
#3129=CARTESIAN_POINT('',(0.0691439652616896,0.0913530171064444,0.75));
#3130=CARTESIAN_POINT('Origin',(0.0691439652616896,0.0255430472784474,0.75));
#3131=CARTESIAN_POINT('',(0.0691439652616896,-0.0402669225495496,0.75));
#3132=CARTESIAN_POINT('',(0.0691439652616896,0.0127715236392237,0.75));
#3133=CARTESIAN_POINT('',(0.0691439652616896,-0.0402669225495496,0.75));
#3134=CARTESIAN_POINT('Ctrl Pts',(0.0991283893845049,-0.108023932905002,
0.75));
#3135=CARTESIAN_POINT('Ctrl Pts',(0.0991283893845049,-0.108023932905002,
0.751));
#3136=CARTESIAN_POINT('Ctrl Pts',(0.0858885137978073,-0.0971205059512512,
0.75));
#3137=CARTESIAN_POINT('Ctrl Pts',(0.0858885137978073,-0.0971205059512512,
0.751));
#3138=CARTESIAN_POINT('Ctrl Pts',(0.0691439652616896,-0.0585691035076316,
0.75));
#3139=CARTESIAN_POINT('Ctrl Pts',(0.0691439652616896,-0.0585691035076316,
0.751));
#3140=CARTESIAN_POINT('Ctrl Pts',(0.0691439652616896,-0.0402669225495496,
0.75));
#3141=CARTESIAN_POINT('Ctrl Pts',(0.0691439652616896,-0.0402669225495496,
0.751));
#3142=CARTESIAN_POINT('',(0.0991283893845049,-0.108023932905002,0.75));
#3143=CARTESIAN_POINT('Ctrl Pts',(0.0991283893845049,-0.108023932905002,
0.75));
#3144=CARTESIAN_POINT('Ctrl Pts',(0.0858885137978073,-0.0971205059512512,
0.75));
#3145=CARTESIAN_POINT('Ctrl Pts',(0.0691439652616896,-0.0585691035076316,
0.75));
#3146=CARTESIAN_POINT('Ctrl Pts',(0.0691439652616896,-0.0402669225495496,
0.75));
#3147=CARTESIAN_POINT('',(0.0991283893845049,-0.108023932905002,0.75));
#3148=CARTESIAN_POINT('Origin',(0.113925897393167,-0.120484992280718,0.75));
#3149=CARTESIAN_POINT('',(0.128723405401829,-0.132946051656433,0.75));
#3150=CARTESIAN_POINT('',(0.0509156165080199,-0.0674237031142779,0.75));
#3151=CARTESIAN_POINT('',(0.128723405401829,-0.132946051656433,0.75));
#3152=CARTESIAN_POINT('Ctrl Pts',(0.191418110385897,-0.154363497458444,
0.75));
#3153=CARTESIAN_POINT('Ctrl Pts',(0.191418110385897,-0.154363497458444,
0.751));
#3154=CARTESIAN_POINT('Ctrl Pts',(0.154034932258751,-0.154363497458444,
0.75));
#3155=CARTESIAN_POINT('Ctrl Pts',(0.154034932258751,-0.154363497458444,
0.751));
#3156=CARTESIAN_POINT('Ctrl Pts',(0.128723405401829,-0.132946051656433,
0.75));
#3157=CARTESIAN_POINT('Ctrl Pts',(0.128723405401829,-0.132946051656433,
0.751));
#3158=CARTESIAN_POINT('',(0.191418110385897,-0.154363497458444,0.75));
#3159=CARTESIAN_POINT('Ctrl Pts',(0.191418110385897,-0.154363497458444,
0.75));
#3160=CARTESIAN_POINT('Ctrl Pts',(0.154034932258751,-0.154363497458444,
0.75));
#3161=CARTESIAN_POINT('Ctrl Pts',(0.128723405401829,-0.132946051656433,
0.75));
#3162=CARTESIAN_POINT('',(0.191418110385897,-0.154363497458444,0.75));
#3163=CARTESIAN_POINT('Origin',(0.212640852135162,-0.154363497458444,0.75));
#3164=CARTESIAN_POINT('',(0.233863593884428,-0.154363497458444,0.75));
#3165=CARTESIAN_POINT('',(0.106320426067581,-0.154363497458444,0.75));
#3166=CARTESIAN_POINT('',(0.233863593884428,-0.154363497458444,0.75));
#3167=CARTESIAN_POINT('Ctrl Pts',(0.300062971817916,-0.128662562496031,
0.75));
#3168=CARTESIAN_POINT('Ctrl Pts',(0.300062971817916,-0.128662562496031,
0.751));
#3169=CARTESIAN_POINT('Ctrl Pts',(0.268910323378627,-0.154363497458444,
0.75));
#3170=CARTESIAN_POINT('Ctrl Pts',(0.268910323378627,-0.154363497458444,
0.751));
#3171=CARTESIAN_POINT('Ctrl Pts',(0.233863593884428,-0.154363497458444,
0.75));
#3172=CARTESIAN_POINT('Ctrl Pts',(0.233863593884428,-0.154363497458444,
0.751));
#3173=CARTESIAN_POINT('',(0.300062971817916,-0.128662562496031,0.75));
#3174=CARTESIAN_POINT('Ctrl Pts',(0.300062971817916,-0.128662562496031,
0.75));
#3175=CARTESIAN_POINT('Ctrl Pts',(0.268910323378627,-0.154363497458444,
0.75));
#3176=CARTESIAN_POINT('Ctrl Pts',(0.233863593884428,-0.154363497458444,
0.75));
#3177=CARTESIAN_POINT('',(0.300062971817916,-0.128662562496031,0.75));
#3178=CARTESIAN_POINT('Origin',(0.31213462308814,-0.118732655806007,0.75));
#3179=CARTESIAN_POINT('',(0.248177072002631,-0.171342899440862,0.75));
#3180=CARTESIAN_POINT('Origin',(1.22464679914735E-19,-7.49879891330929E-36,
0.751));
#3181=CARTESIAN_POINT('',(-0.205778157215031,0.0687673469879602,0.751));
#3182=CARTESIAN_POINT('',(-0.205778157215031,-0.00599900926633221,0.751));
#3183=CARTESIAN_POINT('',(-0.205778157215031,0.0687673469879602,0.751));
#3184=CARTESIAN_POINT('',(-0.237320213759811,0.0999199954272487,0.751));
#3185=CARTESIAN_POINT('Ctrl Pts',(-0.237320213759811,0.0999199954272487,
0.751));
#3186=CARTESIAN_POINT('Ctrl Pts',(-0.224469746278605,0.0999199954272487,
0.751));
#3187=CARTESIAN_POINT('Ctrl Pts',(-0.205778157215031,0.0816178144691667,
0.751));
#3188=CARTESIAN_POINT('Ctrl Pts',(-0.205778157215031,0.0687673469879602,
0.751));
#3189=CARTESIAN_POINT('',(-0.269641086515573,0.0687673469879602,0.751));
#3190=CARTESIAN_POINT('Ctrl Pts',(-0.269641086515573,0.0687673469879602,
0.751));
#3191=CARTESIAN_POINT('Ctrl Pts',(-0.269641086515573,0.0816178144691667,
0.751));
#3192=CARTESIAN_POINT('Ctrl Pts',(-0.250949497452,0.0999199954272487,0.751));
#3193=CARTESIAN_POINT('Ctrl Pts',(-0.237320213759811,0.0999199954272487,
0.751));
#3194=CARTESIAN_POINT('',(-0.269641086515573,-0.0032731525278945,0.751));
#3195=CARTESIAN_POINT('',(-0.269641086515573,-0.0032731525278945,0.751));
#3196=CARTESIAN_POINT('',(-0.313644202436068,-0.0788183249931691,0.751));
#3197=CARTESIAN_POINT('',(-0.313644202436068,-0.0788183249931691,0.751));
#3198=CARTESIAN_POINT('',(-0.333893423921605,-0.00794604979378776,0.751));
#3199=CARTESIAN_POINT('',(-0.333893423921605,-0.00794604979378776,0.751));
#3200=CARTESIAN_POINT('',(-0.341292177925936,0.177022800314488,0.751));
#3201=CARTESIAN_POINT('',(-0.341292177925936,0.177022800314488,0.751));
#3202=CARTESIAN_POINT('',(-0.372055418259734,0.208564856859267,0.751));
#3203=CARTESIAN_POINT('Ctrl Pts',(-0.372055418259734,0.208564856859267,
0.751));
#3204=CARTESIAN_POINT('Ctrl Pts',(-0.35998376698951,0.208564856859267,0.751));
#3205=CARTESIAN_POINT('Ctrl Pts',(-0.341681586031428,0.191041492112168,
0.751));
#3206=CARTESIAN_POINT('Ctrl Pts',(-0.341292177925936,0.177022800314488,
0.751));
#3207=CARTESIAN_POINT('',(-0.404376291015496,0.177022800314488,0.751));
#3208=CARTESIAN_POINT('Ctrl Pts',(-0.404376291015496,0.177022800314488,
0.751));
#3209=CARTESIAN_POINT('Ctrl Pts',(-0.404765699120987,0.189483859690203,
0.751));
#3210=CARTESIAN_POINT('Ctrl Pts',(-0.385295293846431,0.208564856859267,
0.751));
#3211=CARTESIAN_POINT('Ctrl Pts',(-0.372055418259734,0.208564856859267,
0.751));
#3212=CARTESIAN_POINT('',(-0.397366945116656,-0.0172918443255743,0.751));
#3213=CARTESIAN_POINT('',(-0.397366945116656,-0.0172918443255743,0.751));
#3214=CARTESIAN_POINT('',(-0.364267256149912,-0.132946051656433,0.751));
#3215=CARTESIAN_POINT('',(-0.364267256149912,-0.132946051656433,0.751));
#3216=CARTESIAN_POINT('',(-0.333504015816114,-0.154363497458444,0.751));
#3217=CARTESIAN_POINT('Ctrl Pts',(-0.333504015816114,-0.154363497458444,
0.751));
#3218=CARTESIAN_POINT('Ctrl Pts',(-0.344407442769865,-0.154363497458444,
0.751));
#3219=CARTESIAN_POINT('Ctrl Pts',(-0.362320215622456,-0.141513029977237,
0.751));
#3220=CARTESIAN_POINT('Ctrl Pts',(-0.364267256149912,-0.132946051656433,
0.751));
#3221=CARTESIAN_POINT('',(-0.30040432684937,-0.154363497458444,0.751));
#3222=CARTESIAN_POINT('',(-0.30040432684937,-0.154363497458444,0.751));
#3223=CARTESIAN_POINT('',(-0.272366943254011,-0.136061316500362,0.751));
#3224=CARTESIAN_POINT('Ctrl Pts',(-0.272366943254011,-0.136061316500362,
0.751));
#3225=CARTESIAN_POINT('Ctrl Pts',(-0.284049186418744,-0.154363497458444,
0.751));
#3226=CARTESIAN_POINT('Ctrl Pts',(-0.30040432684937,-0.154363497458444,
0.751));
#3227=CARTESIAN_POINT('',(-0.238099029970793,-0.0772606925712046,0.751));
#3228=CARTESIAN_POINT('',(-0.238099029970793,-0.0772606925712046,0.751));
#3229=CARTESIAN_POINT('',(-0.203831116687576,-0.136840132711344,0.751));
#3230=CARTESIAN_POINT('',(-0.203831116687576,-0.136840132711344,0.751));
#3231=CARTESIAN_POINT('',(-0.175793733092216,-0.154363497458444,0.751));
#3232=CARTESIAN_POINT('Ctrl Pts',(-0.175793733092216,-0.154363497458444,
0.751));
#3233=CARTESIAN_POINT('Ctrl Pts',(-0.193706505944807,-0.154363497458444,
0.751));
#3234=CARTESIAN_POINT('Ctrl Pts',(-0.203831116687576,-0.136840132711344,
0.751));
#3235=CARTESIAN_POINT('',(-0.14191522791449,-0.154363497458444,0.751));
#3236=CARTESIAN_POINT('',(-0.14191522791449,-0.154363497458444,0.751));
#3237=CARTESIAN_POINT('',(-0.112709620002657,-0.131388419234468,0.751));
#3238=CARTESIAN_POINT('Ctrl Pts',(-0.112709620002657,-0.131388419234468,
0.751));
#3239=CARTESIAN_POINT('Ctrl Pts',(-0.119718965901497,-0.154363497458444,
0.751));
#3240=CARTESIAN_POINT('Ctrl Pts',(-0.14191522791449,-0.154363497458444,
0.751));
#3241=CARTESIAN_POINT('',(-0.0788311148249307,-0.0196282929585209,0.751));
#3242=CARTESIAN_POINT('',(-0.0788311148249307,-0.0196282929585209,0.751));
#3243=CARTESIAN_POINT('',(-0.0722111770315819,0.177022800314488,0.751));
#3244=CARTESIAN_POINT('',(-0.0722111770315819,0.177022800314488,0.751));
#3245=CARTESIAN_POINT('',(-0.103753233576362,0.208564856859267,0.751));
#3246=CARTESIAN_POINT('Ctrl Pts',(-0.103753233576362,0.208564856859267,
0.751));
#3247=CARTESIAN_POINT('Ctrl Pts',(-0.090513357989664,0.208564856859267,
0.751));
#3248=CARTESIAN_POINT('Ctrl Pts',(-0.0718217689260908,0.190262675901185,
0.751));
#3249=CARTESIAN_POINT('Ctrl Pts',(-0.0722111770315819,0.177022800314488,
0.751));
#3250=CARTESIAN_POINT('',(-0.135295290121141,0.177022800314488,0.751));
#3251=CARTESIAN_POINT('Ctrl Pts',(-0.135295290121141,0.177022800314488,
0.751));
#3252=CARTESIAN_POINT('Ctrl Pts',(-0.134516473910159,0.189873267795694,
0.751));
#3253=CARTESIAN_POINT('Ctrl Pts',(-0.116214292952077,0.208564856859267,
0.751));
#3254=CARTESIAN_POINT('Ctrl Pts',(-0.103753233576362,0.208564856859267,
0.751));
#3255=CARTESIAN_POINT('',(-0.14191522791449,-0.00716723358280553,0.751));
#3256=CARTESIAN_POINT('',(-0.14191522791449,-0.00716723358280553,0.751));
#3257=CARTESIAN_POINT('',(-0.163722081821992,-0.0795971412041513,0.751));
#3258=CARTESIAN_POINT('',(-0.163722081821992,-0.0795971412041513,0.751));
#3259=CARTESIAN_POINT('',(-0.205778157215031,-0.00599900926633221,0.751));
#3260=CARTESIAN_POINT('Origin',(-0.205778157215031,0.031384168860814,0.75));
#3261=CARTESIAN_POINT('',(-0.205778157215031,0.0687673469879602,0.75));
#3262=CARTESIAN_POINT('',(-0.205778157215031,-0.00599900926633221,0.75));
#3263=CARTESIAN_POINT('',(-0.205778157215031,0.015692084430407,0.75));
#3264=CARTESIAN_POINT('',(-0.205778157215031,0.0687673469879602,0.75));
#3265=CARTESIAN_POINT('',(-0.205778157215031,-0.00599900926633221,0.75));
#3266=CARTESIAN_POINT('Ctrl Pts',(-0.237320213759811,0.0999199954272487,
0.75));
#3267=CARTESIAN_POINT('Ctrl Pts',(-0.237320213759811,0.0999199954272487,
0.751));
#3268=CARTESIAN_POINT('Ctrl Pts',(-0.224469746278605,0.0999199954272487,
0.75));
#3269=CARTESIAN_POINT('Ctrl Pts',(-0.224469746278605,0.0999199954272487,
0.751));
#3270=CARTESIAN_POINT('Ctrl Pts',(-0.205778157215031,0.0816178144691667,
0.75));
#3271=CARTESIAN_POINT('Ctrl Pts',(-0.205778157215031,0.0816178144691667,
0.751));
#3272=CARTESIAN_POINT('Ctrl Pts',(-0.205778157215031,0.0687673469879602,
0.75));
#3273=CARTESIAN_POINT('Ctrl Pts',(-0.205778157215031,0.0687673469879602,
0.751));
#3274=CARTESIAN_POINT('',(-0.237320213759811,0.0999199954272487,0.75));
#3275=CARTESIAN_POINT('Ctrl Pts',(-0.237320213759811,0.0999199954272487,
0.75));
#3276=CARTESIAN_POINT('Ctrl Pts',(-0.224469746278605,0.0999199954272487,
0.75));
#3277=CARTESIAN_POINT('Ctrl Pts',(-0.205778157215031,0.0816178144691667,
0.75));
#3278=CARTESIAN_POINT('Ctrl Pts',(-0.205778157215031,0.0687673469879602,
0.75));
#3279=CARTESIAN_POINT('',(-0.237320213759811,0.0999199954272487,0.75));
#3280=CARTESIAN_POINT('Ctrl Pts',(-0.269641086515573,0.0687673469879602,
0.75));
#3281=CARTESIAN_POINT('Ctrl Pts',(-0.269641086515573,0.0687673469879602,
0.751));
#3282=CARTESIAN_POINT('Ctrl Pts',(-0.269641086515573,0.0816178144691667,
0.75));
#3283=CARTESIAN_POINT('Ctrl Pts',(-0.269641086515573,0.0816178144691667,
0.751));
#3284=CARTESIAN_POINT('Ctrl Pts',(-0.250949497452,0.0999199954272487,0.75));
#3285=CARTESIAN_POINT('Ctrl Pts',(-0.250949497452,0.0999199954272487,0.751));
#3286=CARTESIAN_POINT('Ctrl Pts',(-0.237320213759811,0.0999199954272487,
0.75));
#3287=CARTESIAN_POINT('Ctrl Pts',(-0.237320213759811,0.0999199954272487,
0.751));
#3288=CARTESIAN_POINT('',(-0.269641086515573,0.0687673469879602,0.75));
#3289=CARTESIAN_POINT('Ctrl Pts',(-0.269641086515573,0.0687673469879602,
0.75));
#3290=CARTESIAN_POINT('Ctrl Pts',(-0.269641086515573,0.0816178144691667,
0.75));
#3291=CARTESIAN_POINT('Ctrl Pts',(-0.250949497452,0.0999199954272487,0.75));
#3292=CARTESIAN_POINT('Ctrl Pts',(-0.237320213759811,0.0999199954272487,
0.75));
#3293=CARTESIAN_POINT('',(-0.269641086515573,0.0687673469879602,0.75));
#3294=CARTESIAN_POINT('Origin',(-0.269641086515573,0.0327470972300328,0.75));
#3295=CARTESIAN_POINT('',(-0.269641086515573,-0.0032731525278945,0.75));
#3296=CARTESIAN_POINT('',(-0.269641086515573,0.0163735486150164,0.75));
#3297=CARTESIAN_POINT('',(-0.269641086515573,-0.0032731525278945,0.75));
#3298=CARTESIAN_POINT('Origin',(-0.29164264447582,-0.0410457387605318,0.75));
#3299=CARTESIAN_POINT('',(-0.313644202436068,-0.0788183249931691,0.75));
#3300=CARTESIAN_POINT('',(-0.245776266017134,0.0376983092127874,0.75));
#3301=CARTESIAN_POINT('',(-0.313644202436068,-0.0788183249931691,0.75));
#3302=CARTESIAN_POINT('Origin',(-0.323768813178837,-0.0433821873934784,
0.75));
#3303=CARTESIAN_POINT('',(-0.333893423921605,-0.00794604979378776,0.75));
#3304=CARTESIAN_POINT('',(-0.317280844978774,-0.0660900760936981,0.75));
#3305=CARTESIAN_POINT('',(-0.333893423921605,-0.00794604979378776,0.75));
#3306=CARTESIAN_POINT('Origin',(-0.337592800923771,0.08453837526035,0.75));
#3307=CARTESIAN_POINT('',(-0.341292177925936,0.177022800314488,0.75));
#3308=CARTESIAN_POINT('',(-0.335635091512882,0.0355956399881352,0.75));
#3309=CARTESIAN_POINT('',(-0.341292177925936,0.177022800314488,0.75));
#3310=CARTESIAN_POINT('Ctrl Pts',(-0.372055418259734,0.208564856859267,
0.75));
#3311=CARTESIAN_POINT('Ctrl Pts',(-0.372055418259734,0.208564856859267,
0.751));
#3312=CARTESIAN_POINT('Ctrl Pts',(-0.35998376698951,0.208564856859267,0.75));
#3313=CARTESIAN_POINT('Ctrl Pts',(-0.35998376698951,0.208564856859267,0.751));
#3314=CARTESIAN_POINT('Ctrl Pts',(-0.341681586031428,0.191041492112168,
0.75));
#3315=CARTESIAN_POINT('Ctrl Pts',(-0.341681586031428,0.191041492112168,
0.751));
#3316=CARTESIAN_POINT('Ctrl Pts',(-0.341292177925936,0.177022800314488,
0.75));
#3317=CARTESIAN_POINT('Ctrl Pts',(-0.341292177925936,0.177022800314488,
0.751));
#3318=CARTESIAN_POINT('',(-0.372055418259734,0.208564856859267,0.75));
#3319=CARTESIAN_POINT('Ctrl Pts',(-0.372055418259734,0.208564856859267,
0.75));
#3320=CARTESIAN_POINT('Ctrl Pts',(-0.35998376698951,0.208564856859267,0.75));
#3321=CARTESIAN_POINT('Ctrl Pts',(-0.341681586031428,0.191041492112168,
0.75));
#3322=CARTESIAN_POINT('Ctrl Pts',(-0.341292177925936,0.177022800314488,
0.75));
#3323=CARTESIAN_POINT('',(-0.372055418259734,0.208564856859267,0.75));
#3324=CARTESIAN_POINT('Ctrl Pts',(-0.404376291015496,0.177022800314488,
0.75));
#3325=CARTESIAN_POINT('Ctrl Pts',(-0.404376291015496,0.177022800314488,
0.751));
#3326=CARTESIAN_POINT('Ctrl Pts',(-0.404765699120987,0.189483859690203,
0.75));
#3327=CARTESIAN_POINT('Ctrl Pts',(-0.404765699120987,0.189483859690203,
0.751));
#3328=CARTESIAN_POINT('Ctrl Pts',(-0.385295293846431,0.208564856859267,
0.75));
#3329=CARTESIAN_POINT('Ctrl Pts',(-0.385295293846431,0.208564856859267,
0.751));
#3330=CARTESIAN_POINT('Ctrl Pts',(-0.372055418259734,0.208564856859267,
0.75));
#3331=CARTESIAN_POINT('Ctrl Pts',(-0.372055418259734,0.208564856859267,
0.751));
#3332=CARTESIAN_POINT('',(-0.404376291015496,0.177022800314488,0.75));
#3333=CARTESIAN_POINT('Ctrl Pts',(-0.404376291015496,0.177022800314488,
0.75));
#3334=CARTESIAN_POINT('Ctrl Pts',(-0.404765699120987,0.189483859690203,
0.75));
#3335=CARTESIAN_POINT('Ctrl Pts',(-0.385295293846431,0.208564856859267,
0.75));
#3336=CARTESIAN_POINT('Ctrl Pts',(-0.372055418259734,0.208564856859267,
0.75));
#3337=CARTESIAN_POINT('',(-0.404376291015496,0.177022800314488,0.75));
#3338=CARTESIAN_POINT('Origin',(-0.400871618066076,0.0798654779944567,0.75));
#3339=CARTESIAN_POINT('',(-0.397366945116656,-0.0172918443255743,0.75));
#3340=CARTESIAN_POINT('',(-0.399172562360471,0.0327638781557578,0.75));
#3341=CARTESIAN_POINT('',(-0.397366945116656,-0.0172918443255743,0.75));
#3342=CARTESIAN_POINT('Origin',(-0.380817100633284,-0.0751189479910036,
0.75));
#3343=CARTESIAN_POINT('',(-0.364267256149912,-0.132946051656433,0.75));
#3344=CARTESIAN_POINT('',(-0.376337430337359,-0.0907714430249999,0.75));
#3345=CARTESIAN_POINT('',(-0.364267256149912,-0.132946051656433,0.75));
#3346=CARTESIAN_POINT('Ctrl Pts',(-0.333504015816114,-0.154363497458444,
0.75));
#3347=CARTESIAN_POINT('Ctrl Pts',(-0.333504015816114,-0.154363497458444,
0.751));
#3348=CARTESIAN_POINT('Ctrl Pts',(-0.344407442769865,-0.154363497458444,
0.75));
#3349=CARTESIAN_POINT('Ctrl Pts',(-0.344407442769865,-0.154363497458444,
0.751));
#3350=CARTESIAN_POINT('Ctrl Pts',(-0.362320215622456,-0.141513029977237,
0.75));
#3351=CARTESIAN_POINT('Ctrl Pts',(-0.362320215622456,-0.141513029977237,
0.751));
#3352=CARTESIAN_POINT('Ctrl Pts',(-0.364267256149912,-0.132946051656433,
0.75));
#3353=CARTESIAN_POINT('Ctrl Pts',(-0.364267256149912,-0.132946051656433,
0.751));
#3354=CARTESIAN_POINT('',(-0.333504015816114,-0.154363497458444,0.75));
#3355=CARTESIAN_POINT('Ctrl Pts',(-0.333504015816114,-0.154363497458444,
0.75));
#3356=CARTESIAN_POINT('Ctrl Pts',(-0.344407442769865,-0.154363497458444,
0.75));
#3357=CARTESIAN_POINT('Ctrl Pts',(-0.362320215622456,-0.141513029977237,
0.75));
#3358=CARTESIAN_POINT('Ctrl Pts',(-0.364267256149912,-0.132946051656433,
0.75));
#3359=CARTESIAN_POINT('',(-0.333504015816114,-0.154363497458444,0.75));
#3360=CARTESIAN_POINT('Origin',(-0.316954171332742,-0.154363497458444,0.75));
#3361=CARTESIAN_POINT('',(-0.30040432684937,-0.154363497458444,0.75));
#3362=CARTESIAN_POINT('',(-0.158477085666371,-0.154363497458444,0.75));
#3363=CARTESIAN_POINT('',(-0.30040432684937,-0.154363497458444,0.75));
#3364=CARTESIAN_POINT('Ctrl Pts',(-0.272366943254011,-0.136061316500362,
0.75));
#3365=CARTESIAN_POINT('Ctrl Pts',(-0.272366943254011,-0.136061316500362,
0.751));
#3366=CARTESIAN_POINT('Ctrl Pts',(-0.284049186418744,-0.154363497458444,
0.75));
#3367=CARTESIAN_POINT('Ctrl Pts',(-0.284049186418744,-0.154363497458444,
0.751));
#3368=CARTESIAN_POINT('Ctrl Pts',(-0.30040432684937,-0.154363497458444,
0.75));
#3369=CARTESIAN_POINT('Ctrl Pts',(-0.30040432684937,-0.154363497458444,
0.751));
#3370=CARTESIAN_POINT('',(-0.272366943254011,-0.136061316500362,0.75));
#3371=CARTESIAN_POINT('Ctrl Pts',(-0.272366943254011,-0.136061316500362,
0.75));
#3372=CARTESIAN_POINT('Ctrl Pts',(-0.284049186418744,-0.154363497458444,
0.75));
#3373=CARTESIAN_POINT('Ctrl Pts',(-0.30040432684937,-0.154363497458444,
0.75));
#3374=CARTESIAN_POINT('',(-0.272366943254011,-0.136061316500362,0.75));
#3375=CARTESIAN_POINT('Origin',(-0.255232986612402,-0.106661004535783,0.75));
#3376=CARTESIAN_POINT('',(-0.238099029970793,-0.0772606925712046,0.75));
#3377=CARTESIAN_POINT('',(-0.199678302104333,-0.0113342163458014,0.75));
#3378=CARTESIAN_POINT('',(-0.238099029970793,-0.0772606925712046,0.75));
#3379=CARTESIAN_POINT('Origin',(-0.220965073329185,-0.107050412641274,0.75));
#3380=CARTESIAN_POINT('',(-0.203831116687576,-0.136840132711344,0.75));
#3381=CARTESIAN_POINT('',(-0.216634402574216,-0.1145798742948,0.75));
#3382=CARTESIAN_POINT('',(-0.203831116687576,-0.136840132711344,0.75));
#3383=CARTESIAN_POINT('Ctrl Pts',(-0.175793733092216,-0.154363497458444,
0.75));
#3384=CARTESIAN_POINT('Ctrl Pts',(-0.175793733092216,-0.154363497458444,
0.751));
#3385=CARTESIAN_POINT('Ctrl Pts',(-0.193706505944807,-0.154363497458444,
0.75));
#3386=CARTESIAN_POINT('Ctrl Pts',(-0.193706505944807,-0.154363497458444,
0.751));
#3387=CARTESIAN_POINT('Ctrl Pts',(-0.203831116687576,-0.136840132711344,
0.75));
#3388=CARTESIAN_POINT('Ctrl Pts',(-0.203831116687576,-0.136840132711344,
0.751));
#3389=CARTESIAN_POINT('',(-0.175793733092216,-0.154363497458444,0.75));
#3390=CARTESIAN_POINT('Ctrl Pts',(-0.175793733092216,-0.154363497458444,
0.75));
#3391=CARTESIAN_POINT('Ctrl Pts',(-0.193706505944807,-0.154363497458444,
0.75));
#3392=CARTESIAN_POINT('Ctrl Pts',(-0.203831116687576,-0.136840132711344,
0.75));
#3393=CARTESIAN_POINT('',(-0.175793733092216,-0.154363497458444,0.75));
#3394=CARTESIAN_POINT('Origin',(-0.158854480503353,-0.154363497458444,0.75));
#3395=CARTESIAN_POINT('',(-0.14191522791449,-0.154363497458444,0.75));
#3396=CARTESIAN_POINT('',(-0.0794272402516766,-0.154363497458444,0.75));
#3397=CARTESIAN_POINT('',(-0.14191522791449,-0.154363497458444,0.75));
#3398=CARTESIAN_POINT('Ctrl Pts',(-0.112709620002657,-0.131388419234468,
0.75));
#3399=CARTESIAN_POINT('Ctrl Pts',(-0.112709620002657,-0.131388419234468,
0.751));
#3400=CARTESIAN_POINT('Ctrl Pts',(-0.119718965901497,-0.154363497458444,
0.75));
#3401=CARTESIAN_POINT('Ctrl Pts',(-0.119718965901497,-0.154363497458444,
0.751));
#3402=CARTESIAN_POINT('Ctrl Pts',(-0.14191522791449,-0.154363497458444,
0.75));
#3403=CARTESIAN_POINT('Ctrl Pts',(-0.14191522791449,-0.154363497458444,
0.751));
#3404=CARTESIAN_POINT('',(-0.112709620002657,-0.131388419234468,0.75));
#3405=CARTESIAN_POINT('Ctrl Pts',(-0.112709620002657,-0.131388419234468,
0.75));
#3406=CARTESIAN_POINT('Ctrl Pts',(-0.119718965901497,-0.154363497458444,
0.75));
#3407=CARTESIAN_POINT('Ctrl Pts',(-0.14191522791449,-0.154363497458444,
0.75));
#3408=CARTESIAN_POINT('',(-0.112709620002657,-0.131388419234468,0.75));
#3409=CARTESIAN_POINT('Origin',(-0.0957703674137939,-0.0755083560964947,
0.75));
#3410=CARTESIAN_POINT('',(-0.0788311148249307,-0.0196282929585209,0.75));
#3411=CARTESIAN_POINT('',(-0.0812589592530143,-0.0276373889454173,0.75));
#3412=CARTESIAN_POINT('',(-0.0788311148249307,-0.0196282929585209,0.75));
#3413=CARTESIAN_POINT('Origin',(-0.0755211459282563,0.0786972536779834,
0.75));
#3414=CARTESIAN_POINT('',(-0.0722111770315819,0.177022800314488,0.75));
#3415=CARTESIAN_POINT('',(-0.0768015111092731,0.0406628762418976,0.75));
#3416=CARTESIAN_POINT('',(-0.0722111770315819,0.177022800314488,0.75));
#3417=CARTESIAN_POINT('Ctrl Pts',(-0.103753233576362,0.208564856859267,
0.75));
#3418=CARTESIAN_POINT('Ctrl Pts',(-0.103753233576362,0.208564856859267,
0.751));
#3419=CARTESIAN_POINT('Ctrl Pts',(-0.090513357989664,0.208564856859267,
0.75));
#3420=CARTESIAN_POINT('Ctrl Pts',(-0.090513357989664,0.208564856859267,
0.751));
#3421=CARTESIAN_POINT('Ctrl Pts',(-0.0718217689260908,0.190262675901185,
0.75));
#3422=CARTESIAN_POINT('Ctrl Pts',(-0.0718217689260908,0.190262675901185,
0.751));
#3423=CARTESIAN_POINT('Ctrl Pts',(-0.0722111770315819,0.177022800314488,
0.75));
#3424=CARTESIAN_POINT('Ctrl Pts',(-0.0722111770315819,0.177022800314488,
0.751));
#3425=CARTESIAN_POINT('',(-0.103753233576362,0.208564856859267,0.75));
#3426=CARTESIAN_POINT('Ctrl Pts',(-0.103753233576362,0.208564856859267,
0.75));
#3427=CARTESIAN_POINT('Ctrl Pts',(-0.090513357989664,0.208564856859267,
0.75));
#3428=CARTESIAN_POINT('Ctrl Pts',(-0.0718217689260908,0.190262675901185,
0.75));
#3429=CARTESIAN_POINT('Ctrl Pts',(-0.0722111770315819,0.177022800314488,
0.75));
#3430=CARTESIAN_POINT('',(-0.103753233576362,0.208564856859267,0.75));
#3431=CARTESIAN_POINT('Ctrl Pts',(-0.135295290121141,0.177022800314488,
0.75));
#3432=CARTESIAN_POINT('Ctrl Pts',(-0.135295290121141,0.177022800314488,
0.751));
#3433=CARTESIAN_POINT('Ctrl Pts',(-0.134516473910159,0.189873267795694,
0.75));
#3434=CARTESIAN_POINT('Ctrl Pts',(-0.134516473910159,0.189873267795694,
0.751));
#3435=CARTESIAN_POINT('Ctrl Pts',(-0.116214292952077,0.208564856859267,
0.75));
#3436=CARTESIAN_POINT('Ctrl Pts',(-0.116214292952077,0.208564856859267,
0.751));
#3437=CARTESIAN_POINT('Ctrl Pts',(-0.103753233576362,0.208564856859267,
0.75));
#3438=CARTESIAN_POINT('Ctrl Pts',(-0.103753233576362,0.208564856859267,
0.751));
#3439=CARTESIAN_POINT('',(-0.135295290121141,0.177022800314488,0.75));
#3440=CARTESIAN_POINT('Ctrl Pts',(-0.135295290121141,0.177022800314488,
0.75));
#3441=CARTESIAN_POINT('Ctrl Pts',(-0.134516473910159,0.189873267795694,
0.75));
#3442=CARTESIAN_POINT('Ctrl Pts',(-0.116214292952077,0.208564856859267,
0.75));
#3443=CARTESIAN_POINT('Ctrl Pts',(-0.103753233576362,0.208564856859267,
0.75));
#3444=CARTESIAN_POINT('',(-0.135295290121141,0.177022800314488,0.75));
#3445=CARTESIAN_POINT('Origin',(-0.138605259017816,0.0849277833658411,0.75));
#3446=CARTESIAN_POINT('',(-0.14191522791449,-0.00716723358280553,0.75));
#3447=CARTESIAN_POINT('',(-0.140040070921744,0.045006252156532,0.75));
#3448=CARTESIAN_POINT('',(-0.14191522791449,-0.00716723358280553,0.75));
#3449=CARTESIAN_POINT('Origin',(-0.152818654868241,-0.0433821873934784,
0.75));
#3450=CARTESIAN_POINT('',(-0.163722081821992,-0.0795971412041513,0.75));
#3451=CARTESIAN_POINT('',(-0.140480213153552,-0.00240093455540491,0.75));
#3452=CARTESIAN_POINT('',(-0.163722081821992,-0.0795971412041513,0.75));
#3453=CARTESIAN_POINT('Origin',(-0.184750119518512,-0.0427980752352417,
0.75));
#3454=CARTESIAN_POINT('',(-0.171229690243824,-0.0664588264659455,0.75));
#3455=CARTESIAN_POINT('Origin',(0.,0.,0.75));
#3456=CARTESIAN_POINT('',(0.55,0.6,0.75));
#3457=CARTESIAN_POINT('',(-0.55,0.6,0.75));
#3458=CARTESIAN_POINT('',(1.11022302462516E-16,0.6,0.75));
#3459=CARTESIAN_POINT('',(-0.55,-0.6,0.75));
#3460=CARTESIAN_POINT('',(-0.55,0.,0.75));
#3461=CARTESIAN_POINT('',(0.55,-0.6,0.75));
#3462=CARTESIAN_POINT('',(0.,-0.6,0.75));
#3463=CARTESIAN_POINT('',(0.55,-1.11022302462516E-16,0.75));
#3464=CARTESIAN_POINT('Origin',(1.26,-0.56,0.71));
#3465=CARTESIAN_POINT('',(1.3,-0.56,0.71));
#3466=CARTESIAN_POINT('',(1.26,-0.6,0.71));
#3467=CARTESIAN_POINT('Origin',(1.26,-0.56,0.71));
#3468=CARTESIAN_POINT('',(1.26,-0.56,0.75));
#3469=CARTESIAN_POINT('Origin',(1.26,-0.56,0.71));
#3470=CARTESIAN_POINT('Origin',(1.26,-0.56,0.71));
#3471=CARTESIAN_POINT('Origin',(0.59,-0.56,0.71));
#3472=CARTESIAN_POINT('',(0.59,-0.6,0.71));
#3473=CARTESIAN_POINT('',(0.55,-0.56,0.71));
#3474=CARTESIAN_POINT('Origin',(0.59,-0.56,0.71));
#3475=CARTESIAN_POINT('',(0.59,-0.56,0.75));
#3476=CARTESIAN_POINT('Origin',(0.59,-0.56,0.71));
#3477=CARTESIAN_POINT('Origin',(0.59,-0.56,0.71));
#3478=CARTESIAN_POINT('Origin',(0.925,-0.56,0.71));
#3479=CARTESIAN_POINT('',(0.925,-0.56,0.75));
#3480=CARTESIAN_POINT('',(0.925,-0.6,0.71));
#3481=CARTESIAN_POINT('Origin',(1.26,0.56,0.71));
#3482=CARTESIAN_POINT('',(1.26,0.6,0.71));
#3483=CARTESIAN_POINT('',(1.3,0.56,0.71));
#3484=CARTESIAN_POINT('Origin',(1.26,0.56,0.71));
#3485=CARTESIAN_POINT('',(1.26,0.56,0.75));
#3486=CARTESIAN_POINT('Origin',(1.26,0.56,0.71));
#3487=CARTESIAN_POINT('Origin',(1.26,0.56,0.71));
#3488=CARTESIAN_POINT('Origin',(1.26,-0.56,0.0399999999999998));
#3489=CARTESIAN_POINT('',(1.26,-0.56,-2.22044604925031E-16));
#3490=CARTESIAN_POINT('',(1.26,-0.6,0.0399999999999998));
#3491=CARTESIAN_POINT('Origin',(1.26,-0.56,0.0399999999999998));
#3492=CARTESIAN_POINT('',(1.3,-0.56,0.0399999999999998));
#3493=CARTESIAN_POINT('Origin',(1.26,-0.56,0.0399999999999998));
#3494=CARTESIAN_POINT('Origin',(1.26,-0.56,0.0399999999999998));
#3495=CARTESIAN_POINT('Origin',(0.59,0.56,0.71));
#3496=CARTESIAN_POINT('',(0.59,0.6,0.71));
#3497=CARTESIAN_POINT('',(0.59,0.56,0.75));
#3498=CARTESIAN_POINT('Origin',(0.59,0.56,0.71));
#3499=CARTESIAN_POINT('',(0.55,0.56,0.71));
#3500=CARTESIAN_POINT('Origin',(0.59,0.56,0.71));
#3501=CARTESIAN_POINT('Origin',(0.59,0.56,0.71));
#3502=CARTESIAN_POINT('Origin',(0.59,-0.56,0.0399999999999999));
#3503=CARTESIAN_POINT('',(0.59,-0.56,-1.11022302462516E-16));
#3504=CARTESIAN_POINT('',(0.55,-0.56,0.0399999999999999));
#3505=CARTESIAN_POINT('Origin',(0.59,-0.56,0.0399999999999999));
#3506=CARTESIAN_POINT('',(0.59,-0.6,0.0399999999999999));
#3507=CARTESIAN_POINT('Origin',(0.59,-0.56,0.0399999999999999));
#3508=CARTESIAN_POINT('Origin',(0.59,-0.56,0.0399999999999999));
#3509=CARTESIAN_POINT('Origin',(0.925,-0.56,0.0399999999999998));
#3510=CARTESIAN_POINT('',(0.925,-0.56,-2.22044604925031E-16));
#3511=CARTESIAN_POINT('',(0.925,-0.6,0.0399999999999998));
#3512=CARTESIAN_POINT('Origin',(0.59,-0.56,0.375));
#3513=CARTESIAN_POINT('',(0.55,-0.56,0.375));
#3514=CARTESIAN_POINT('',(0.59,-0.6,0.375));
#3515=CARTESIAN_POINT('Origin',(1.26,0.56,0.0399999999999998));
#3516=CARTESIAN_POINT('',(1.26,0.56,-2.22044604925031E-16));
#3517=CARTESIAN_POINT('',(1.3,0.56,0.0399999999999998));
#3518=CARTESIAN_POINT('Origin',(1.26,0.56,0.0399999999999998));
#3519=CARTESIAN_POINT('',(1.26,0.6,0.0399999999999998));
#3520=CARTESIAN_POINT('Origin',(1.26,0.56,0.0399999999999998));
#3521=CARTESIAN_POINT('Origin',(1.26,0.56,0.0399999999999998));
#3522=CARTESIAN_POINT('Origin',(0.59,0.56,0.0399999999999999));
#3523=CARTESIAN_POINT('',(0.59,0.6,0.0399999999999999));
#3524=CARTESIAN_POINT('',(0.55,0.56,0.0399999999999999));
#3525=CARTESIAN_POINT('Origin',(0.59,0.56,0.0399999999999999));
#3526=CARTESIAN_POINT('',(0.59,0.56,-1.11022302462516E-16));
#3527=CARTESIAN_POINT('Origin',(0.59,0.56,0.0399999999999999));
#3528=CARTESIAN_POINT('Origin',(0.59,0.56,0.0399999999999999));
#3529=CARTESIAN_POINT('Origin',(0.925,0.56,0.0399999999999998));
#3530=CARTESIAN_POINT('',(0.925,0.56,-2.22044604925031E-16));
#3531=CARTESIAN_POINT('',(0.925,0.6,0.0399999999999998));
#3532=CARTESIAN_POINT('Origin',(0.59,-1.11022302462516E-16,0.0399999999999999));
#3533=CARTESIAN_POINT('',(0.59,-1.11022302462516E-16,-1.11022302462516E-16));
#3534=CARTESIAN_POINT('',(0.55,-1.11022302462516E-16,0.0399999999999999));
#3535=CARTESIAN_POINT('Origin',(0.59,0.56,0.375));
#3536=CARTESIAN_POINT('',(0.59,0.6,0.375));
#3537=CARTESIAN_POINT('',(0.55,0.56,0.375));
#3538=CARTESIAN_POINT('Origin',(1.26,0.56,0.375));
#3539=CARTESIAN_POINT('',(1.3,0.56,0.375));
#3540=CARTESIAN_POINT('',(1.26,0.6,0.375));
#3541=CARTESIAN_POINT('Origin',(1.26,-1.11022302462516E-16,0.0399999999999998));
#3542=CARTESIAN_POINT('',(1.26,-1.11022302462516E-16,-2.22044604925031E-16));
#3543=CARTESIAN_POINT('',(1.3,-1.11022302462516E-16,0.0399999999999998));
#3544=CARTESIAN_POINT('Origin',(0.59,-1.11022302462516E-16,0.71));
#3545=CARTESIAN_POINT('',(0.59,-1.11022302462516E-16,0.75));
#3546=CARTESIAN_POINT('',(0.55,-1.11022302462516E-16,0.71));
#3547=CARTESIAN_POINT('Origin',(0.925,0.56,0.71));
#3548=CARTESIAN_POINT('',(0.925,0.56,0.75));
#3549=CARTESIAN_POINT('',(0.925,0.6,0.71));
#3550=CARTESIAN_POINT('Origin',(1.26,-0.56,0.375));
#3551=CARTESIAN_POINT('',(1.26,-0.6,0.375));
#3552=CARTESIAN_POINT('',(1.3,-0.56,0.375));
#3553=CARTESIAN_POINT('Origin',(1.26,-1.11022302462516E-16,0.71));
#3554=CARTESIAN_POINT('',(1.26,-1.11022302462516E-16,0.75));
#3555=CARTESIAN_POINT('',(1.3,-1.11022302462516E-16,0.71));
#3556=CARTESIAN_POINT('Origin',(0.925,-1.11022302462516E-16,0.75));
#3557=CARTESIAN_POINT('Origin',(0.925,-0.6,0.375));
#3558=CARTESIAN_POINT('Origin',(0.925,-1.11022302462516E-16,-2.22044604925031E-16));
#3559=CARTESIAN_POINT('Origin',(0.925,0.6,0.375));
#3560=CARTESIAN_POINT('Origin',(1.3,-1.11022302462516E-16,0.375));
#3561=CARTESIAN_POINT('Origin',(-0.59,-0.56,0.71));
#3562=CARTESIAN_POINT('',(-0.55,-0.56,0.71));
#3563=CARTESIAN_POINT('',(-0.59,-0.6,0.71));
#3564=CARTESIAN_POINT('Origin',(-0.59,-0.56,0.71));
#3565=CARTESIAN_POINT('',(-0.59,-0.56,0.75));
#3566=CARTESIAN_POINT('Origin',(-0.59,-0.56,0.71));
#3567=CARTESIAN_POINT('Origin',(-0.59,-0.56,0.71));
#3568=CARTESIAN_POINT('Origin',(-1.26,-0.56,0.71));
#3569=CARTESIAN_POINT('',(-1.26,-0.6,0.71));
#3570=CARTESIAN_POINT('',(-1.3,-0.56,0.71));
#3571=CARTESIAN_POINT('Origin',(-1.26,-0.56,0.71));
#3572=CARTESIAN_POINT('',(-1.26,-0.56,0.75));
#3573=CARTESIAN_POINT('Origin',(-1.26,-0.56,0.71));
#3574=CARTESIAN_POINT('Origin',(-1.26,-0.56,0.71));
#3575=CARTESIAN_POINT('Origin',(-0.925,-0.56,0.71));
#3576=CARTESIAN_POINT('',(-0.925,-0.56,0.75));
#3577=CARTESIAN_POINT('',(-0.925,-0.6,0.71));
#3578=CARTESIAN_POINT('Origin',(-0.59,0.56,0.71));
#3579=CARTESIAN_POINT('',(-0.59,0.6,0.71));
#3580=CARTESIAN_POINT('',(-0.55,0.56,0.71));
#3581=CARTESIAN_POINT('Origin',(-0.59,0.56,0.71));
#3582=CARTESIAN_POINT('',(-0.59,0.56,0.75));
#3583=CARTESIAN_POINT('Origin',(-0.59,0.56,0.71));
#3584=CARTESIAN_POINT('Origin',(-0.59,0.56,0.71));
#3585=CARTESIAN_POINT('Origin',(-0.59,-0.56,0.04));
#3586=CARTESIAN_POINT('',(-0.59,-0.56,0.));
#3587=CARTESIAN_POINT('',(-0.59,-0.6,0.04));
#3588=CARTESIAN_POINT('Origin',(-0.59,-0.56,0.04));
#3589=CARTESIAN_POINT('',(-0.55,-0.56,0.04));
#3590=CARTESIAN_POINT('Origin',(-0.59,-0.56,0.04));
#3591=CARTESIAN_POINT('Origin',(-0.59,-0.56,0.04));
#3592=CARTESIAN_POINT('Origin',(-1.26,0.56,0.71));
#3593=CARTESIAN_POINT('',(-1.26,0.6,0.71));
#3594=CARTESIAN_POINT('',(-1.26,0.56,0.75));
#3595=CARTESIAN_POINT('Origin',(-1.26,0.56,0.71));
#3596=CARTESIAN_POINT('',(-1.3,0.56,0.71));
#3597=CARTESIAN_POINT('Origin',(-1.26,0.56,0.71));
#3598=CARTESIAN_POINT('Origin',(-1.26,0.56,0.71));
#3599=CARTESIAN_POINT('Origin',(-1.26,-0.56,0.0400000000000001));
#3600=CARTESIAN_POINT('',(-1.26,-0.56,1.11022302462516E-16));
#3601=CARTESIAN_POINT('',(-1.3,-0.56,0.0400000000000001));
#3602=CARTESIAN_POINT('Origin',(-1.26,-0.56,0.0400000000000001));
#3603=CARTESIAN_POINT('',(-1.26,-0.6,0.0400000000000001));
#3604=CARTESIAN_POINT('Origin',(-1.26,-0.56,0.0400000000000001));
#3605=CARTESIAN_POINT('Origin',(-1.26,-0.56,0.0400000000000001));
#3606=CARTESIAN_POINT('Origin',(-0.925,-0.56,0.04));
#3607=CARTESIAN_POINT('',(-0.925,-0.56,0.));
#3608=CARTESIAN_POINT('',(-0.925,-0.6,0.04));
#3609=CARTESIAN_POINT('Origin',(-1.26,-0.56,0.375));
#3610=CARTESIAN_POINT('',(-1.3,-0.56,0.375));
#3611=CARTESIAN_POINT('',(-1.26,-0.6,0.375));
#3612=CARTESIAN_POINT('Origin',(-0.59,0.56,0.04));
#3613=CARTESIAN_POINT('',(-0.59,0.56,0.));
#3614=CARTESIAN_POINT('',(-0.55,0.56,0.04));
#3615=CARTESIAN_POINT('Origin',(-0.59,0.56,0.04));
#3616=CARTESIAN_POINT('',(-0.59,0.6,0.04));
#3617=CARTESIAN_POINT('Origin',(-0.59,0.56,0.04));
#3618=CARTESIAN_POINT('Origin',(-0.59,0.56,0.04));
#3619=CARTESIAN_POINT('Origin',(-1.26,0.56,0.0400000000000001));
#3620=CARTESIAN_POINT('',(-1.26,0.6,0.0400000000000001));
#3621=CARTESIAN_POINT('',(-1.3,0.56,0.0400000000000001));
#3622=CARTESIAN_POINT('Origin',(-1.26,0.56,0.0400000000000001));
#3623=CARTESIAN_POINT('',(-1.26,0.56,1.11022302462516E-16));
#3624=CARTESIAN_POINT('Origin',(-1.26,0.56,0.0400000000000001));
#3625=CARTESIAN_POINT('Origin',(-1.26,0.56,0.0400000000000001));
#3626=CARTESIAN_POINT('Origin',(-0.925,0.56,0.04));
#3627=CARTESIAN_POINT('',(-0.925,0.56,0.));
#3628=CARTESIAN_POINT('',(-0.925,0.6,0.04));
#3629=CARTESIAN_POINT('Origin',(-1.26,0.,0.0400000000000001));
#3630=CARTESIAN_POINT('',(-1.26,0.,1.11022302462516E-16));
#3631=CARTESIAN_POINT('',(-1.3,0.,0.0400000000000001));
#3632=CARTESIAN_POINT('Origin',(-1.26,0.56,0.375));
#3633=CARTESIAN_POINT('',(-1.26,0.6,0.375));
#3634=CARTESIAN_POINT('',(-1.3,0.56,0.375));
#3635=CARTESIAN_POINT('Origin',(-0.59,0.56,0.375));
#3636=CARTESIAN_POINT('',(-0.55,0.56,0.375));
#3637=CARTESIAN_POINT('',(-0.59,0.6,0.375));
#3638=CARTESIAN_POINT('Origin',(-0.59,0.,0.04));
#3639=CARTESIAN_POINT('',(-0.59,0.,0.));
#3640=CARTESIAN_POINT('',(-0.55,0.,0.04));
#3641=CARTESIAN_POINT('Origin',(-1.26,0.,0.71));
#3642=CARTESIAN_POINT('',(-1.26,0.,0.75));
#3643=CARTESIAN_POINT('',(-1.3,0.,0.71));
#3644=CARTESIAN_POINT('Origin',(-0.925,0.56,0.71));
#3645=CARTESIAN_POINT('',(-0.925,0.56,0.75));
#3646=CARTESIAN_POINT('',(-0.925,0.6,0.71));
#3647=CARTESIAN_POINT('Origin',(-0.59,-0.56,0.375));
#3648=CARTESIAN_POINT('',(-0.59,-0.6,0.375));
#3649=CARTESIAN_POINT('',(-0.55,-0.56,0.375));
#3650=CARTESIAN_POINT('Origin',(-0.59,0.,0.71));
#3651=CARTESIAN_POINT('',(-0.59,0.,0.75));
#3652=CARTESIAN_POINT('',(-0.55,0.,0.71));
#3653=CARTESIAN_POINT('Origin',(-0.925,0.,0.75));
#3654=CARTESIAN_POINT('Origin',(-0.925,-0.6,0.375));
#3655=CARTESIAN_POINT('Origin',(-1.3,0.,0.375));
#3656=CARTESIAN_POINT('Origin',(-0.925,0.,0.));
#3657=CARTESIAN_POINT('Origin',(-0.925,0.6,0.375));
#3658=CARTESIAN_POINT('Origin',(-1.11022302462516E-16,0.,-1.11022302462516E-16));
#3659=CARTESIAN_POINT('',(-0.55,0.6,0.));
#3660=CARTESIAN_POINT('',(0.55,0.6,-1.11022302462516E-16));
#3661=CARTESIAN_POINT('',(0.,0.6,-1.11022302462516E-16));
#3662=CARTESIAN_POINT('',(0.55,-0.6,-1.11022302462516E-16));
#3663=CARTESIAN_POINT('',(0.55,-1.11022302462516E-16,-1.11022302462516E-16));
#3664=CARTESIAN_POINT('',(-0.55,-0.6,0.));
#3665=CARTESIAN_POINT('',(-1.11022302462516E-16,-0.6,-1.11022302462516E-16));
#3666=CARTESIAN_POINT('',(-0.55,0.,0.));
#3667=CARTESIAN_POINT('Origin',(0.,0.,0.75));
#3668=CARTESIAN_POINT('Origin',(-0.55,0.,0.375));
#3669=CARTESIAN_POINT('',(-0.55,-0.6,0.375));
#3670=CARTESIAN_POINT('',(-0.55,0.6,0.375));
#3671=CARTESIAN_POINT('Origin',(0.,-0.6,0.375));
#3672=CARTESIAN_POINT('',(0.55,-0.6,0.375));
#3673=CARTESIAN_POINT('Origin',(0.55,-1.11022302462516E-16,0.375));
#3674=CARTESIAN_POINT('',(0.55,0.6,0.375));
#3675=CARTESIAN_POINT('Origin',(1.11022302462516E-16,0.6,0.375));
#3676=UNCERTAINTY_MEASURE_WITH_UNIT(LENGTH_MEASURE(0.01),#3680,
'DISTANCE_ACCURACY_VALUE',
'Maximum model space distance between geometric entities at asserted c
onnectivities');
#3677=UNCERTAINTY_MEASURE_WITH_UNIT(LENGTH_MEASURE(0.01),#3680,
'DISTANCE_ACCURACY_VALUE',
'Maximum model space distance between geometric entities at asserted c
onnectivities');
#3678=(
GEOMETRIC_REPRESENTATION_CONTEXT(3)
GLOBAL_UNCERTAINTY_ASSIGNED_CONTEXT((#3676))
GLOBAL_UNIT_ASSIGNED_CONTEXT((#3680,#3682,#3683))
REPRESENTATION_CONTEXT('','3D')
);
#3679=(
GEOMETRIC_REPRESENTATION_CONTEXT(3)
GLOBAL_UNCERTAINTY_ASSIGNED_CONTEXT((#3677))
GLOBAL_UNIT_ASSIGNED_CONTEXT((#3680,#3682,#3683))
REPRESENTATION_CONTEXT('','3D')
);
#3680=(
LENGTH_UNIT()
NAMED_UNIT(*)
SI_UNIT(.MILLI.,.METRE.)
);
#3681=(
LENGTH_UNIT()
NAMED_UNIT(*)
SI_UNIT(.CENTI.,.METRE.)
);
#3682=(
NAMED_UNIT(*)
PLANE_ANGLE_UNIT()
SI_UNIT($,.RADIAN.)
);
#3683=(
NAMED_UNIT(*)
SI_UNIT($,.STERADIAN.)
SOLID_ANGLE_UNIT()
);
#3684=SHAPE_DEFINITION_REPRESENTATION(#3685,#3686);
#3685=PRODUCT_DEFINITION_SHAPE('',$,#3688);
#3686=SHAPE_REPRESENTATION('',(#2176),#3678);
#3687=PRODUCT_DEFINITION_CONTEXT('part definition',#3692,'design');
#3688=PRODUCT_DEFINITION('chip_1675490931402','FUSC2612X75L_Green',#3689,
#3687);
#3689=PRODUCT_DEFINITION_FORMATION('',$,#3694);
#3690=PRODUCT_RELATED_PRODUCT_CATEGORY('FUSC2612X75L_Green',
'FUSC2612X75L_Green',(#3694));
#3691=APPLICATION_PROTOCOL_DEFINITION('international standard',
'automotive_design',2009,#3692);
#3692=APPLICATION_CONTEXT(
'Core Data for Automotive Mechanical Design Process');
#3693=PRODUCT_CONTEXT('part definition',#3692,'mechanical');
#3694=PRODUCT('chip_1675490931402','FUSC2612X75L_Green',$,(#3693));
#3695=PRESENTATION_STYLE_ASSIGNMENT((#3699));
#3696=PRESENTATION_STYLE_ASSIGNMENT((#3700));
#3697=PRESENTATION_STYLE_ASSIGNMENT((#3701));
#3698=PRESENTATION_STYLE_ASSIGNMENT((#3702));
#3699=SURFACE_STYLE_USAGE(.BOTH.,#3711);
#3700=SURFACE_STYLE_USAGE(.BOTH.,#3712);
#3701=SURFACE_STYLE_USAGE(.BOTH.,#3713);
#3702=SURFACE_STYLE_USAGE(.BOTH.,#3714);
#3703=SURFACE_STYLE_RENDERING_WITH_PROPERTIES($,#3727,(#3707));
#3704=SURFACE_STYLE_RENDERING_WITH_PROPERTIES($,#3728,(#3708));
#3705=SURFACE_STYLE_RENDERING_WITH_PROPERTIES($,#3729,(#3709));
#3706=SURFACE_STYLE_RENDERING_WITH_PROPERTIES($,#3730,(#3710));
#3707=SURFACE_STYLE_TRANSPARENT(0.);
#3708=SURFACE_STYLE_TRANSPARENT(0.);
#3709=SURFACE_STYLE_TRANSPARENT(0.);
#3710=SURFACE_STYLE_TRANSPARENT(0.);
#3711=SURFACE_SIDE_STYLE('',(#3715,#3703));
#3712=SURFACE_SIDE_STYLE('',(#3716,#3704));
#3713=SURFACE_SIDE_STYLE('',(#3717,#3705));
#3714=SURFACE_SIDE_STYLE('',(#3718,#3706));
#3715=SURFACE_STYLE_FILL_AREA(#3719);
#3716=SURFACE_STYLE_FILL_AREA(#3720);
#3717=SURFACE_STYLE_FILL_AREA(#3721);
#3718=SURFACE_STYLE_FILL_AREA(#3722);
#3719=FILL_AREA_STYLE('',(#3723));
#3720=FILL_AREA_STYLE('',(#3724));
#3721=FILL_AREA_STYLE('',(#3725));
#3722=FILL_AREA_STYLE('',(#3726));
#3723=FILL_AREA_STYLE_COLOUR('',#3727);
#3724=FILL_AREA_STYLE_COLOUR('',#3728);
#3725=FILL_AREA_STYLE_COLOUR('',#3729);
#3726=FILL_AREA_STYLE_COLOUR('',#3730);
#3727=COLOUR_RGB('',0.749019607843137,0.749019607843137,0.749019607843137);
#3728=COLOUR_RGB('',0.0392156862745098,0.0392156862745098,0.0392156862745098);
#3729=COLOUR_RGB('',0.96078431372549,0.96078431372549,0.96078431372549);
#3730=COLOUR_RGB('',0.0509803921568627,0.615686274509804,0.0509803921568627);
ENDSEC;
END-ISO-10303-21;
