time	V(N016,N024)	V(N048,out_1)	V(N074,N084)
0.000000000000000e+00	-3.485669e+00	-3.625517e+00	-2.788812e+00
9.142856630514224e-10	-3.485669e+00	-3.625517e+00	-2.788812e+00
1.828571326102845e-09	-3.485670e+00	-3.625517e+00	-2.788812e+00
2.742856989154267e-09	-3.485669e+00	-3.625517e+00	-2.788812e+00
3.657142652205690e-09	-3.485669e+00	-3.625517e+00	-2.788812e+00
4.571428315257112e-09	-3.485669e+00	-3.625517e+00	-2.788812e+00
5.485713978308534e-09	-3.485669e+00	-3.625517e+00	-2.788812e+00
6.399999641359955e-09	-3.485669e+00	-3.625517e+00	-2.788812e+00
1.279999928271991e-08	-3.485669e+00	-3.625518e+00	-2.788811e+00
2.559999856543982e-08	-3.485669e+00	-3.625521e+00	-2.788808e+00
4.747226798751930e-08	-3.485669e+00	-3.625531e+00	-2.788798e+00
8.141002406898424e-08	-3.485667e+00	-3.625546e+00	-2.788785e+00
9.999999999999989e-08	-3.485667e+00	-3.625551e+00	-2.788781e+00
1.385913905200772e-07	-3.485666e+00	-3.625563e+00	-2.788770e+00
1.783642652638334e-07	-3.485662e+00	-3.625609e+00	-2.788727e+00
1.999999999999999e-07	-3.485659e+00	-3.625660e+00	-2.788679e+00
2.427685173538487e-07	-3.485648e+00	-3.625810e+00	-2.788540e+00
2.888306313527577e-07	-3.485630e+00	-3.626026e+00	-2.788342e+00
3.649197306117161e-07	-3.485595e+00	-3.626441e+00	-2.787962e+00
3.822848572945417e-07	-3.485587e+00	-3.626543e+00	-2.787868e+00
4.170151106601928e-07	-3.485569e+00	-3.626753e+00	-2.787677e+00
4.864756173914952e-07	-3.485531e+00	-3.627202e+00	-2.787266e+00
6.253966308541000e-07	-3.485446e+00	-3.628230e+00	-2.786323e+00
9.032386577793095e-07	-3.485245e+00	-3.630718e+00	-2.784035e+00
1.458922711629729e-06	-3.484819e+00	-3.636236e+00	-2.778944e+00
2.166803869896213e-06	-3.484382e+00	-3.642361e+00	-2.773256e+00
3.176440321077360e-06	-3.484030e+00	-3.648446e+00	-2.767523e+00
4.795424596830990e-06	-3.483823e+00	-3.655015e+00	-2.761161e+00
8.033393148338250e-06	-3.483944e+00	-3.664948e+00	-2.751106e+00
1.450933025135277e-05	-3.482242e+00	-3.679765e+00	-2.737991e+00
2.450933025135277e-05	-3.480242e+00	-3.701936e+00	-2.717821e+00
3.450933025135277e-05	-3.496474e+00	-3.718087e+00	-2.685439e+00
4.450933025135277e-05	-3.518471e+00	-3.716731e+00	-2.664799e+00
5.450933025135277e-05	-3.536343e+00	-3.714052e+00	-2.649609e+00
5.987741246299063e-05	-3.800357e+00	-2.726853e+00	-3.372780e+00
6.281402363711916e-05	-3.644345e+00	-2.224391e+00	-4.014715e+00
6.469000921168700e-05	-3.567463e+00	-2.203892e+00	-4.070981e+00
6.638415620998637e-05	-3.457229e+00	-2.203101e+00	-4.113422e+00
6.823317355184832e-05	-3.312429e+00	-2.204619e+00	-4.147065e+00
7.026634156688898e-05	-3.139723e+00	-2.196711e+00	-4.171750e+00
7.433267759697031e-05	-2.775375e+00	-2.148518e+00	-4.197996e+00
7.871779704029981e-05	-2.465509e+00	-2.014880e+00	-4.177264e+00
8.323557732638818e-05	-2.250371e+00	-1.818262e+00	-4.123442e+00
8.711789048470452e-05	-2.081310e+00	-1.657183e+00	-4.068648e+00
9.128924101637544e-05	-1.910842e+00	-1.493142e+00	-3.996199e+00
9.359249085522219e-05	-1.823233e+00	-1.408685e+00	-3.944120e+00
9.549284099783988e-05	-1.765822e+00	-1.353827e+00	-3.866371e+00
9.736152558820724e-05	-1.719345e+00	-1.309626e+00	-3.763747e+00
9.813273415312344e-05	-1.701911e+00	-1.293188e+00	-3.715653e+00
9.889221816652003e-05	-1.683357e+00	-1.275458e+00	-3.670849e+00
1.004111861933132e-04	-1.648717e+00	-1.242620e+00	-3.573130e+00
1.034491222468996e-04	-1.578466e+00	-1.175583e+00	-3.373395e+00
1.095249943540723e-04	-1.442488e+00	-1.045737e+00	-2.946581e+00
1.195249943540723e-04	-1.159429e+00	-7.721863e-01	-2.399603e+00
1.295249943540723e-04	-8.239727e-01	-4.470735e-01	-2.049997e+00
1.395249943540723e-04	-4.496565e-01	-2.733409e-01	-1.684520e+00
1.495249943540723e-04	-2.342649e-01	-1.977057e-01	-1.195729e+00
1.595249943540723e-04	-1.685677e-01	-1.590438e-01	-6.571438e-01
1.695249943540723e-04	-1.296229e-01	-1.270986e-01	-2.257837e-01
1.795249943540723e-04	-7.137871e-02	-7.098675e-02	-9.402670e-02
1.895249943540722e-04	-5.192423e-02	-5.191278e-02	-6.164723e-02
1.995249943540722e-04	-4.701042e-02	-4.704499e-02	-5.282036e-02
2.095249943540722e-04	-4.563046e-02	-4.567313e-02	-4.937813e-02
2.195249943540722e-04	-4.512596e-02	-4.514480e-02	-4.762925e-02
2.295249943540722e-04	-4.491377e-02	-4.493308e-02	-4.658828e-02
2.395249943540722e-04	-4.481173e-02	-4.481387e-02	-4.597613e-02
2.495249943540723e-04	-4.476643e-02	-4.477525e-02	-4.553763e-02
2.595249943540722e-04	-4.473400e-02	-4.473042e-02	-4.528625e-02
2.695249943540723e-04	-4.472256e-02	-4.472852e-02	-4.507740e-02
2.795249943540722e-04	-4.470778e-02	-4.470301e-02	-4.497572e-02
2.895249943540723e-04	-4.470634e-02	-4.471183e-02	-4.486643e-02
2.995249943540722e-04	-4.469728e-02	-4.469228e-02	-4.483145e-02
3.095249943540723e-04	-4.469919e-02	-4.470444e-02	-4.476761e-02
3.195249943540722e-04	-4.469299e-02	-4.468775e-02	-4.476342e-02
3.295249943540723e-04	-4.469633e-02	-4.470134e-02	-4.472086e-02
3.395249943540722e-04	-4.469061e-02	-4.468536e-02	-4.473110e-02
3.495249943540723e-04	-4.469442e-02	-4.469991e-02	-4.469865e-02
3.595249943540722e-04	-4.469013e-02	-4.468441e-02	-4.471568e-02
3.695249943540723e-04	-4.469395e-02	-4.469919e-02	-4.468810e-02
3.795249943540722e-04	-4.468966e-02	-4.468393e-02	-4.470829e-02
3.895249943540723e-04	-4.469395e-02	-4.469895e-02	-4.468309e-02
3.995249943540722e-04	-4.468918e-02	-4.468369e-02	-4.470474e-02
4.095249943540723e-04	-4.469347e-02	-4.469872e-02	-4.468072e-02
4.195249943540722e-04	-4.468918e-02	-4.468346e-02	-4.470301e-02
4.295249943540723e-04	-4.469347e-02	-4.469872e-02	-4.467961e-02
4.395249943540722e-04	-4.468918e-02	-4.468369e-02	-4.470216e-02
4.495249943540723e-04	-4.469347e-02	-4.469848e-02	-4.467911e-02
4.595249943540722e-04	-4.468918e-02	-4.468369e-02	-4.470173e-02
4.695249943540723e-04	-4.469347e-02	-4.469848e-02	-4.467890e-02
4.795249943540722e-04	-4.468918e-02	-4.468369e-02	-4.470150e-02
4.895249943540723e-04	-4.469299e-02	-4.469848e-02	-4.467882e-02
4.995249943540723e-04	-4.468918e-02	-4.468346e-02	-4.470136e-02
5.095249943540722e-04	-4.469299e-02	-4.469848e-02	-4.467880e-02
5.195249943540722e-04	-4.468918e-02	-4.468346e-02	-4.470126e-02
5.295249943540722e-04	-4.469299e-02	-4.469848e-02	-4.467882e-02
5.395249943540723e-04	-4.468918e-02	-4.468346e-02	-4.470119e-02
5.495249943540722e-04	-4.469299e-02	-4.469824e-02	-4.467885e-02
5.595249943540722e-04	-4.468918e-02	-4.468346e-02	-4.470114e-02
5.695249943540722e-04	-4.469299e-02	-4.469824e-02	-4.467889e-02
5.795249943540723e-04	-4.468918e-02	-4.468346e-02	-4.470109e-02
5.895249943540722e-04	-4.469299e-02	-4.469824e-02	-4.467893e-02
5.995249943540722e-04	-4.468966e-02	-4.468346e-02	-4.470104e-02
6.095249943540722e-04	-4.469299e-02	-4.469824e-02	-4.467898e-02
6.195249943540723e-04	-4.468918e-02	-4.468346e-02	-4.470099e-02
6.295249943540722e-04	-4.469347e-02	-4.469824e-02	-4.467902e-02
6.395249943540722e-04	-4.468918e-02	-4.468346e-02	-4.470094e-02
6.495249943540722e-04	-4.469299e-02	-4.469824e-02	-4.467906e-02
6.595249943540723e-04	-4.468918e-02	-4.468369e-02	-4.470090e-02
6.695249943540722e-04	-4.469299e-02	-4.469824e-02	-4.467910e-02
6.795249943540722e-04	-4.468918e-02	-4.468369e-02	-4.470085e-02
6.895249943540722e-04	-4.469299e-02	-4.469824e-02	-4.467914e-02
6.995249943540723e-04	-4.468918e-02	-4.468369e-02	-4.470081e-02
7.095249943540722e-04	-4.469299e-02	-4.469824e-02	-4.467919e-02
7.195249943540722e-04	-4.468918e-02	-4.468369e-02	-4.470077e-02
7.295249943540722e-04	-4.469299e-02	-4.469848e-02	-4.467923e-02
7.395249943540723e-04	-4.468918e-02	-4.468369e-02	-4.470073e-02
7.495249943540722e-04	-4.469299e-02	-4.469824e-02	-4.467927e-02
7.595249943540722e-04	-4.468918e-02	-4.468369e-02	-4.470069e-02
7.695249943540722e-04	-4.469299e-02	-4.469824e-02	-4.467930e-02
7.795249943540723e-04	-4.468918e-02	-4.468369e-02	-4.470065e-02
7.895249943540722e-04	-4.469299e-02	-4.469824e-02	-4.467934e-02
7.995249943540722e-04	-4.468918e-02	-4.468369e-02	-4.470061e-02
8.095249943540722e-04	-4.469299e-02	-4.469824e-02	-4.467938e-02
8.195249943540722e-04	-4.468918e-02	-4.468369e-02	-4.470057e-02
8.295249943540722e-04	-4.469299e-02	-4.469824e-02	-4.467942e-02
8.395249943540722e-04	-4.468918e-02	-4.468369e-02	-4.470053e-02
8.495249943540722e-04	-4.469299e-02	-4.469824e-02	-4.467946e-02
8.595249943540722e-04	-4.468918e-02	-4.468369e-02	-4.470049e-02
8.695249943540722e-04	-4.469299e-02	-4.469824e-02	-4.467950e-02
8.795249943540722e-04	-4.468918e-02	-4.468369e-02	-4.470046e-02
8.895249943540722e-04	-4.469252e-02	-4.469824e-02	-4.467953e-02
8.995249943540722e-04	-4.468966e-02	-4.468369e-02	-4.470042e-02
9.095249943540722e-04	-4.469252e-02	-4.469824e-02	-4.467957e-02
9.195249943540722e-04	-4.468966e-02	-4.468369e-02	-4.470038e-02
9.295249943540722e-04	-4.469252e-02	-4.469824e-02	-4.467960e-02
9.395249943540722e-04	-4.468966e-02	-4.468393e-02	-4.470035e-02
9.495249943540722e-04	-4.469252e-02	-4.469824e-02	-4.467964e-02
9.595249943540722e-04	-4.468966e-02	-4.468393e-02	-4.470031e-02
9.695249943540722e-04	-4.469252e-02	-4.469824e-02	-4.467967e-02
9.795249943540722e-04	-4.468966e-02	-4.468393e-02	-4.470028e-02
9.895249943540723e-04	-4.469252e-02	-4.469824e-02	-4.467971e-02
9.995249943540723e-04	-4.468966e-02	-4.468393e-02	-4.470024e-02
1.009524994354072e-03	-4.469299e-02	-4.469800e-02	-4.467974e-02
1.019524994354072e-03	-4.468966e-02	-4.468393e-02	-4.470021e-02
1.029524994354072e-03	-4.469299e-02	-4.469800e-02	-4.467977e-02
1.039524994354072e-03	-4.468966e-02	-4.468393e-02	-4.470018e-02
1.049524994354072e-03	-4.469299e-02	-4.469800e-02	-4.467981e-02
1.059524994354072e-03	-4.468918e-02	-4.468393e-02	-4.470014e-02
1.069524994354072e-03	-4.469299e-02	-4.469800e-02	-4.467984e-02
1.079524994354072e-03	-4.468918e-02	-4.468393e-02	-4.470011e-02
1.089524994354072e-03	-4.469299e-02	-4.469800e-02	-4.467987e-02
1.099524994354072e-03	-4.468918e-02	-4.468393e-02	-4.470008e-02
1.109524994354072e-03	-4.469299e-02	-4.469800e-02	-4.467991e-02
1.119524994354072e-03	-4.468918e-02	-4.468393e-02	-4.470005e-02
1.129524994354072e-03	-4.469299e-02	-4.469800e-02	-4.467993e-02
1.139524994354072e-03	-4.468918e-02	-4.468393e-02	-4.470002e-02
1.149524994354072e-03	-4.469299e-02	-4.469800e-02	-4.467997e-02
1.159524994354072e-03	-4.468918e-02	-4.468393e-02	-4.469999e-02
1.169524994354072e-03	-4.469252e-02	-4.469800e-02	-4.468000e-02
1.179524994354072e-03	-4.468918e-02	-4.468393e-02	-4.469996e-02
1.189524994354072e-03	-4.469252e-02	-4.469800e-02	-4.468002e-02
1.199524994354072e-03	-4.468918e-02	-4.468393e-02	-4.469993e-02
1.209524994354072e-03	-4.469252e-02	-4.469800e-02	-4.468005e-02
1.219524994354072e-03	-4.468918e-02	-4.468393e-02	-4.469990e-02
1.229524994354072e-03	-4.469252e-02	-4.469800e-02	-4.468008e-02
1.239524994354072e-03	-4.468918e-02	-4.468393e-02	-4.469987e-02
1.249524994354072e-03	-4.469252e-02	-4.469800e-02	-4.468011e-02
1.259524994354072e-03	-4.468966e-02	-4.468417e-02	-4.469984e-02
1.269524994354072e-03	-4.469252e-02	-4.469800e-02	-4.468014e-02
1.279524994354072e-03	-4.468966e-02	-4.468417e-02	-4.469982e-02
1.289524994354072e-03	-4.469252e-02	-4.469800e-02	-4.468017e-02
1.299524994354072e-03	-4.468966e-02	-4.468417e-02	-4.469979e-02
1.309524994354072e-03	-4.469252e-02	-4.469776e-02	-4.468020e-02
1.319524994354072e-03	-4.468966e-02	-4.468417e-02	-4.469976e-02
1.329524994354072e-03	-4.469252e-02	-4.469776e-02	-4.468022e-02
1.339524994354072e-03	-4.468966e-02	-4.468417e-02	-4.469973e-02
1.349524994354072e-03	-4.469252e-02	-4.469776e-02	-4.468025e-02
1.359524994354072e-03	-4.468966e-02	-4.468417e-02	-4.469971e-02
1.369524994354072e-03	-4.469252e-02	-4.469776e-02	-4.468028e-02
1.379524994354072e-03	-4.468966e-02	-4.468417e-02	-4.469968e-02
1.389524994354072e-03	-4.469252e-02	-4.469776e-02	-4.468030e-02
1.399524994354072e-03	-4.468966e-02	-4.468417e-02	-4.469965e-02
1.409524994354072e-03	-4.469252e-02	-4.469776e-02	-4.468033e-02
1.419524994354072e-03	-4.468966e-02	-4.468393e-02	-4.469963e-02
1.429524994354072e-03	-4.469252e-02	-4.469776e-02	-4.468035e-02
1.439524994354072e-03	-4.468966e-02	-4.468393e-02	-4.469960e-02
1.449524994354072e-03	-4.469252e-02	-4.469776e-02	-4.468038e-02
1.459524994354072e-03	-4.468966e-02	-4.468393e-02	-4.469958e-02
1.469524994354072e-03	-4.469252e-02	-4.469776e-02	-4.468040e-02
1.479524994354072e-03	-4.468966e-02	-4.468393e-02	-4.469956e-02
1.489524994354072e-03	-4.469252e-02	-4.469776e-02	-4.468043e-02
1.499524994354072e-03	-4.468966e-02	-4.468393e-02	-4.469953e-02
1.509524994354072e-03	-4.469252e-02	-4.469776e-02	-4.468045e-02
1.519524994354072e-03	-4.468966e-02	-4.468393e-02	-4.469951e-02
1.529524994354072e-03	-4.469252e-02	-4.469776e-02	-4.468048e-02
1.539524994354072e-03	-4.468966e-02	-4.468393e-02	-4.469949e-02
1.549524994354072e-03	-4.469299e-02	-4.469776e-02	-4.468050e-02
1.559524994354072e-03	-4.468966e-02	-4.468393e-02	-4.469946e-02
1.569524994354072e-03	-4.469252e-02	-4.469776e-02	-4.468052e-02
1.579524994354072e-03	-4.468966e-02	-4.468393e-02	-4.469944e-02
1.589524994354072e-03	-4.469252e-02	-4.469776e-02	-4.468054e-02
1.599524994354072e-03	-4.468966e-02	-4.468393e-02	-4.469942e-02
1.609524994354072e-03	-4.469252e-02	-4.469776e-02	-4.468057e-02
1.619524994354072e-03	-4.468966e-02	-4.468393e-02	-4.469940e-02
1.629524994354072e-03	-4.469252e-02	-4.469776e-02	-4.468059e-02
1.639524994354072e-03	-4.468918e-02	-4.468393e-02	-4.469937e-02
1.649524994354072e-03	-4.469252e-02	-4.469776e-02	-4.468061e-02
1.659524994354072e-03	-4.468918e-02	-4.468417e-02	-4.469935e-02
1.669524994354072e-03	-4.469252e-02	-4.469776e-02	-4.468063e-02
1.679524994354072e-03	-4.468918e-02	-4.468417e-02	-4.469933e-02
1.689524994354072e-03	-4.469252e-02	-4.469776e-02	-4.468065e-02
1.699524994354072e-03	-4.468966e-02	-4.468417e-02	-4.469931e-02
1.709524994354072e-03	-4.469252e-02	-4.469752e-02	-4.468067e-02
1.719524994354072e-03	-4.468966e-02	-4.468417e-02	-4.469929e-02
1.729524994354072e-03	-4.469252e-02	-4.469752e-02	-4.468069e-02
1.739524994354072e-03	-4.468966e-02	-4.468417e-02	-4.469927e-02
1.749524994354072e-03	-4.469252e-02	-4.469752e-02	-4.468071e-02
1.759524994354072e-03	-4.468966e-02	-4.468417e-02	-4.469925e-02
1.769524994354072e-03	-4.469252e-02	-4.469752e-02	-4.468074e-02
1.779524994354072e-03	-4.468966e-02	-4.468417e-02	-4.469923e-02
1.789524994354072e-03	-4.469252e-02	-4.469752e-02	-4.468075e-02
1.799524994354072e-03	-4.468966e-02	-4.468417e-02	-4.469921e-02
1.809524994354072e-03	-4.469252e-02	-4.469752e-02	-4.468077e-02
1.819524994354072e-03	-4.468966e-02	-4.468417e-02	-4.469919e-02
1.829524994354072e-03	-4.469252e-02	-4.469752e-02	-4.468079e-02
1.839524994354072e-03	-4.468966e-02	-4.468417e-02	-4.469917e-02
1.849524994354072e-03	-4.469252e-02	-4.469752e-02	-4.468081e-02
1.859524994354072e-03	-4.468966e-02	-4.468417e-02	-4.469915e-02
1.869524994354072e-03	-4.469252e-02	-4.469776e-02	-4.468083e-02
1.879524994354072e-03	-4.468966e-02	-4.468417e-02	-4.469914e-02
1.889524994354072e-03	-4.469252e-02	-4.469776e-02	-4.468085e-02
1.899524994354072e-03	-4.468966e-02	-4.468417e-02	-4.469912e-02
1.909524994354072e-03	-4.469252e-02	-4.469776e-02	-4.468087e-02
1.919524994354072e-03	-4.468966e-02	-4.468417e-02	-4.469910e-02
1.929524994354072e-03	-4.469252e-02	-4.469776e-02	-4.468088e-02
1.939524994354072e-03	-4.468966e-02	-4.468417e-02	-4.469908e-02
1.949524994354072e-03	-4.469252e-02	-4.469776e-02	-4.468090e-02
1.959524994354072e-03	-4.468966e-02	-4.468417e-02	-4.469906e-02
1.969524994354072e-03	-4.469252e-02	-4.469776e-02	-4.468092e-02
1.979524994354072e-03	-4.468966e-02	-4.468417e-02	-4.469905e-02
1.989524994354072e-03	-4.469252e-02	-4.469776e-02	-4.468094e-02
1.999524994354072e-03	-4.468966e-02	-4.468417e-02	-4.469903e-02
2.009524994354072e-03	-4.469252e-02	-4.469776e-02	-4.468095e-02
2.019524994354072e-03	-4.468966e-02	-4.468417e-02	-4.469901e-02
2.029524994354072e-03	-4.469252e-02	-4.469776e-02	-4.468097e-02
2.039524994354072e-03	-4.468966e-02	-4.468417e-02	-4.469900e-02
2.049524994354072e-03	-4.469252e-02	-4.469776e-02	-4.468099e-02
2.059524994354072e-03	-4.468966e-02	-4.468417e-02	-4.469898e-02
2.069524994354072e-03	-4.469252e-02	-4.469776e-02	-4.468100e-02
2.079524994354072e-03	-4.468966e-02	-4.468417e-02	-4.469897e-02
2.089524994354072e-03	-4.469252e-02	-4.469776e-02	-4.468102e-02
2.099524994354072e-03	-4.468966e-02	-4.468417e-02	-4.469895e-02
2.109524994354072e-03	-4.469204e-02	-4.469776e-02	-4.468103e-02
2.119524994354072e-03	-4.468966e-02	-4.468417e-02	-4.469894e-02
2.129524994354072e-03	-4.469204e-02	-4.469776e-02	-4.468105e-02
2.139524994354072e-03	-4.468966e-02	-4.468417e-02	-4.469892e-02
2.149524994354072e-03	-4.469204e-02	-4.469776e-02	-4.468107e-02
2.159524994354072e-03	-4.468966e-02	-4.468441e-02	-4.469891e-02
2.169524994354072e-03	-4.469204e-02	-4.469776e-02	-4.468108e-02
2.179524994354072e-03	-4.468966e-02	-4.468441e-02	-4.469889e-02
2.189524994354072e-03	-4.469204e-02	-4.469776e-02	-4.468110e-02
2.199524994354072e-03	-4.468966e-02	-4.468441e-02	-4.469887e-02
2.209524994354072e-03	-4.469204e-02	-4.469776e-02	-4.468111e-02
2.219524994354072e-03	-4.468966e-02	-4.468441e-02	-4.469886e-02
2.229524994354072e-03	-4.469204e-02	-4.469776e-02	-4.468112e-02
2.239524994354072e-03	-4.468966e-02	-4.468441e-02	-4.469885e-02
2.249524994354072e-03	-4.469204e-02	-4.469752e-02	-4.468114e-02
2.259524994354072e-03	-4.468966e-02	-4.468441e-02	-4.469883e-02
2.269524994354072e-03	-4.469204e-02	-4.469752e-02	-4.468115e-02
2.279524994354072e-03	-4.468966e-02	-4.468441e-02	-4.469882e-02
2.289524994354072e-03	-4.469204e-02	-4.469752e-02	-4.468117e-02
2.299524994354072e-03	-4.468966e-02	-4.468441e-02	-4.469881e-02
2.309524994354072e-03	-4.469204e-02	-4.469752e-02	-4.468118e-02
2.319524994354072e-03	-4.469013e-02	-4.468441e-02	-4.469879e-02
2.329524994354072e-03	-4.469204e-02	-4.469752e-02	-4.468119e-02
2.339524994354072e-03	-4.469013e-02	-4.468441e-02	-4.469878e-02
2.349524994354072e-03	-4.469204e-02	-4.469752e-02	-4.468121e-02
2.359524994354072e-03	-4.469013e-02	-4.468441e-02	-4.469877e-02
2.369524994354072e-03	-4.469204e-02	-4.469752e-02	-4.468122e-02
2.379524994354072e-03	-4.469013e-02	-4.468441e-02	-4.469875e-02
2.389524994354072e-03	-4.469252e-02	-4.469752e-02	-4.468123e-02
2.399524994354072e-03	-4.469013e-02	-4.468441e-02	-4.469874e-02
2.409524994354072e-03	-4.469252e-02	-4.469752e-02	-4.468125e-02
2.419524994354072e-03	-4.469013e-02	-4.468441e-02	-4.469873e-02
2.429524994354072e-03	-4.469252e-02	-4.469752e-02	-4.468126e-02
2.439524994354072e-03	-4.469013e-02	-4.468441e-02	-4.469871e-02
2.449524994354072e-03	-4.469252e-02	-4.469752e-02	-4.468127e-02
2.459524994354072e-03	-4.469013e-02	-4.468441e-02	-4.469870e-02
2.469524994354072e-03	-4.469252e-02	-4.469752e-02	-4.468128e-02
2.479524994354072e-03	-4.469013e-02	-4.468441e-02	-4.469869e-02
2.489524994354072e-03	-4.469252e-02	-4.469752e-02	-4.468130e-02
2.499524994354072e-03	-4.469013e-02	-4.468441e-02	-4.469868e-02
2.509524994354072e-03	-4.469252e-02	-4.469752e-02	-4.468131e-02
2.519524994354072e-03	-4.469013e-02	-4.468441e-02	-4.469867e-02
2.529524994354072e-03	-4.469252e-02	-4.469752e-02	-4.468132e-02
2.539524994354072e-03	-4.469013e-02	-4.468441e-02	-4.469866e-02
2.549524994354072e-03	-4.469252e-02	-4.469752e-02	-4.468133e-02
2.559524994354072e-03	-4.468966e-02	-4.468441e-02	-4.469865e-02
2.569524994354072e-03	-4.469252e-02	-4.469752e-02	-4.468134e-02
2.579524994354072e-03	-4.468966e-02	-4.468441e-02	-4.469863e-02
2.589524994354072e-03	-4.469252e-02	-4.469752e-02	-4.468135e-02
2.599524994354072e-03	-4.468966e-02	-4.468441e-02	-4.469862e-02
2.609524994354072e-03	-4.469252e-02	-4.469752e-02	-4.468137e-02
2.619524994354072e-03	-4.468966e-02	-4.468441e-02	-4.469861e-02
2.629524994354072e-03	-4.469252e-02	-4.469752e-02	-4.468138e-02
2.639524994354072e-03	-4.468966e-02	-4.468441e-02	-4.469860e-02
2.649524994354072e-03	-4.469252e-02	-4.469752e-02	-4.468139e-02
2.659524994354072e-03	-4.468966e-02	-4.468441e-02	-4.469859e-02
2.669524994354072e-03	-4.469252e-02	-4.469752e-02	-4.468140e-02
2.679524994354072e-03	-4.468966e-02	-4.468441e-02	-4.469858e-02
2.689524994354072e-03	-4.469252e-02	-4.469752e-02	-4.468141e-02
2.699524994354072e-03	-4.468966e-02	-4.468441e-02	-4.469857e-02
2.709524994354072e-03	-4.469252e-02	-4.469752e-02	-4.468142e-02
2.719524994354072e-03	-4.468966e-02	-4.468441e-02	-4.469856e-02
2.729524994354072e-03	-4.469252e-02	-4.469752e-02	-4.468143e-02
2.739524994354072e-03	-4.468966e-02	-4.468441e-02	-4.469855e-02
2.749524994354072e-03	-4.469252e-02	-4.469752e-02	-4.468144e-02
2.759524994354072e-03	-4.468966e-02	-4.468441e-02	-4.469854e-02
2.769524994354072e-03	-4.469252e-02	-4.469752e-02	-4.468145e-02
2.779524994354072e-03	-4.468966e-02	-4.468441e-02	-4.469853e-02
2.789524994354072e-03	-4.469252e-02	-4.469752e-02	-4.468146e-02
2.799524994354072e-03	-4.468966e-02	-4.468441e-02	-4.469852e-02
2.809524994354072e-03	-4.469252e-02	-4.469752e-02	-4.468147e-02
2.819524994354072e-03	-4.468966e-02	-4.468441e-02	-4.469851e-02
2.829524994354072e-03	-4.469252e-02	-4.469752e-02	-4.468148e-02
2.839524994354072e-03	-4.468966e-02	-4.468441e-02	-4.469850e-02
2.849524994354072e-03	-4.469252e-02	-4.469752e-02	-4.468149e-02
2.859524994354072e-03	-4.468966e-02	-4.468441e-02	-4.469849e-02
2.869524994354072e-03	-4.469252e-02	-4.469752e-02	-4.468150e-02
2.879524994354072e-03	-4.468966e-02	-4.468441e-02	-4.469848e-02
2.889524994354072e-03	-4.469252e-02	-4.469752e-02	-4.468150e-02
2.899524994354072e-03	-4.468966e-02	-4.468441e-02	-4.469847e-02
2.909524994354072e-03	-4.469252e-02	-4.469752e-02	-4.468152e-02
2.919524994354072e-03	-4.468966e-02	-4.468465e-02	-4.469846e-02
2.929524994354072e-03	-4.469252e-02	-4.469752e-02	-4.468152e-02
2.939524994354072e-03	-4.468966e-02	-4.468465e-02	-4.469845e-02
2.949524994354072e-03	-4.469252e-02	-4.469752e-02	-4.468153e-02
2.959524994354072e-03	-4.468966e-02	-4.468465e-02	-4.469844e-02
2.969524994354072e-03	-4.469252e-02	-4.469752e-02	-4.468154e-02
2.979524994354072e-03	-4.468966e-02	-4.468465e-02	-4.469844e-02
2.989524994354072e-03	-4.469204e-02	-4.469752e-02	-4.468155e-02
2.999524994354072e-03	-4.468966e-02	-4.468465e-02	-4.469843e-02
3.009524994354072e-03	-4.469204e-02	-4.469752e-02	-4.468156e-02
3.019524994354072e-03	-4.468966e-02	-4.468465e-02	-4.469842e-02
3.029524994354072e-03	-4.469204e-02	-4.469752e-02	-4.468157e-02
3.039524994354072e-03	-4.468966e-02	-4.468465e-02	-4.469841e-02
3.049524994354072e-03	-4.469204e-02	-4.469728e-02	-4.468157e-02
3.059524994354072e-03	-4.468966e-02	-4.468465e-02	-4.469840e-02
3.069524994354072e-03	-4.469204e-02	-4.469728e-02	-4.468158e-02
3.079524994354072e-03	-4.468966e-02	-4.468465e-02	-4.469839e-02
3.089524994354072e-03	-4.469204e-02	-4.469728e-02	-4.468159e-02
3.099524994354072e-03	-4.468966e-02	-4.468465e-02	-4.469839e-02
3.109524994354072e-03	-4.469204e-02	-4.469728e-02	-4.468160e-02
3.119524994354072e-03	-4.468966e-02	-4.468465e-02	-4.469838e-02
3.129524994354072e-03	-4.469204e-02	-4.469728e-02	-4.468161e-02
3.139524994354072e-03	-4.468966e-02	-4.468465e-02	-4.469837e-02
3.149524994354072e-03	-4.469204e-02	-4.469728e-02	-4.468161e-02
3.159524994354072e-03	-4.468966e-02	-4.468465e-02	-4.469837e-02
3.169524994354072e-03	-4.469204e-02	-4.469728e-02	-4.468162e-02
3.179524994354072e-03	-4.468966e-02	-4.468465e-02	-4.469836e-02
3.189524994354072e-03	-4.469204e-02	-4.469728e-02	-4.468163e-02
3.199524994354072e-03	-4.468966e-02	-4.468465e-02	-4.469835e-02
3.209524994354072e-03	-4.469204e-02	-4.469728e-02	-4.468164e-02
3.219524994354072e-03	-4.468966e-02	-4.468465e-02	-4.469834e-02
3.229524994354072e-03	-4.469204e-02	-4.469728e-02	-4.468164e-02
3.239524994354072e-03	-4.468966e-02	-4.468465e-02	-4.469833e-02
3.249524994354072e-03	-4.469204e-02	-4.469728e-02	-4.468165e-02
3.259524994354072e-03	-4.468966e-02	-4.468465e-02	-4.469833e-02
3.269524994354072e-03	-4.469204e-02	-4.469728e-02	-4.468166e-02
3.279524994354072e-03	-4.468966e-02	-4.468465e-02	-4.469832e-02
3.289524994354072e-03	-4.469204e-02	-4.469728e-02	-4.468167e-02
3.299524994354072e-03	-4.468966e-02	-4.468465e-02	-4.469832e-02
3.309524994354072e-03	-4.469204e-02	-4.469728e-02	-4.468167e-02
3.319524994354072e-03	-4.468966e-02	-4.468465e-02	-4.469831e-02
3.329524994354072e-03	-4.469204e-02	-4.469728e-02	-4.468168e-02
3.339524994354072e-03	-4.468966e-02	-4.468465e-02	-4.469830e-02
3.349524994354072e-03	-4.469204e-02	-4.469728e-02	-4.468168e-02
3.359524994354072e-03	-4.468966e-02	-4.468465e-02	-4.469830e-02
3.369524994354072e-03	-4.469204e-02	-4.469728e-02	-4.468169e-02
3.379524994354072e-03	-4.468966e-02	-4.468465e-02	-4.469829e-02
3.389524994354072e-03	-4.469204e-02	-4.469728e-02	-4.468170e-02
3.399524994354072e-03	-4.468966e-02	-4.468465e-02	-4.469828e-02
3.409524994354072e-03	-4.469204e-02	-4.469728e-02	-4.468171e-02
3.419524994354072e-03	-4.468966e-02	-4.468465e-02	-4.469828e-02
3.429524994354072e-03	-4.469204e-02	-4.469728e-02	-4.468171e-02
3.439524994354072e-03	-4.469013e-02	-4.468465e-02	-4.469827e-02
3.449524994354072e-03	-4.469204e-02	-4.469728e-02	-4.468172e-02
3.459524994354072e-03	-4.469013e-02	-4.468465e-02	-4.469826e-02
3.469524994354072e-03	-4.469204e-02	-4.469728e-02	-4.468172e-02
3.479524994354072e-03	-4.469013e-02	-4.468465e-02	-4.469826e-02
3.489524994354072e-03	-4.469204e-02	-4.469728e-02	-4.468173e-02
3.499524994354072e-03	-4.469013e-02	-4.468465e-02	-4.469825e-02
3.509524994354072e-03	-4.469204e-02	-4.469728e-02	-4.468173e-02
3.519524994354072e-03	-4.469013e-02	-4.468465e-02	-4.469825e-02
3.529524994354072e-03	-4.469204e-02	-4.469728e-02	-4.468174e-02
3.539524994354072e-03	-4.469013e-02	-4.468465e-02	-4.469824e-02
3.549524994354072e-03	-4.469204e-02	-4.469728e-02	-4.468175e-02
3.559524994354072e-03	-4.469013e-02	-4.468465e-02	-4.469824e-02
3.569524994354072e-03	-4.469204e-02	-4.469728e-02	-4.468175e-02
3.579524994354072e-03	-4.469013e-02	-4.468465e-02	-4.469823e-02
3.589524994354072e-03	-4.469204e-02	-4.469728e-02	-4.468176e-02
3.599524994354072e-03	-4.469013e-02	-4.468465e-02	-4.469822e-02
3.609524994354072e-03	-4.469204e-02	-4.469728e-02	-4.468176e-02
3.619524994354072e-03	-4.469013e-02	-4.468465e-02	-4.469822e-02
3.629524994354072e-03	-4.469204e-02	-4.469728e-02	-4.468177e-02
3.639524994354072e-03	-4.469013e-02	-4.468465e-02	-4.469821e-02
3.649524994354072e-03	-4.469204e-02	-4.469728e-02	-4.468177e-02
3.659524994354072e-03	-4.469013e-02	-4.468465e-02	-4.469821e-02
3.669524994354072e-03	-4.469204e-02	-4.469728e-02	-4.468178e-02
3.679524994354072e-03	-4.469013e-02	-4.468465e-02	-4.469820e-02
3.689524994354072e-03	-4.469204e-02	-4.469728e-02	-4.468178e-02
3.699524994354072e-03	-4.469013e-02	-4.468465e-02	-4.469820e-02
3.709524994354072e-03	-4.469204e-02	-4.469728e-02	-4.468179e-02
3.719524994354072e-03	-4.469013e-02	-4.468465e-02	-4.469819e-02
3.729524994354072e-03	-4.469204e-02	-4.469728e-02	-4.468179e-02
3.739524994354072e-03	-4.469013e-02	-4.468465e-02	-4.469819e-02
3.749524994354072e-03	-4.469204e-02	-4.469728e-02	-4.468180e-02
3.759524994354072e-03	-4.469013e-02	-4.468465e-02	-4.469818e-02
3.769524994354072e-03	-4.469204e-02	-4.469728e-02	-4.468180e-02
3.779524994354072e-03	-4.469013e-02	-4.468465e-02	-4.469818e-02
3.789524994354072e-03	-4.469204e-02	-4.469728e-02	-4.468181e-02
3.799524994354072e-03	-4.469013e-02	-4.468441e-02	-4.469817e-02
3.809524994354072e-03	-4.469204e-02	-4.469728e-02	-4.468182e-02
3.819524994354072e-03	-4.469013e-02	-4.468441e-02	-4.469817e-02
3.829524994354072e-03	-4.469204e-02	-4.469728e-02	-4.468182e-02
3.839524994354072e-03	-4.469013e-02	-4.468441e-02	-4.469816e-02
3.849524994354072e-03	-4.469204e-02	-4.469728e-02	-4.468182e-02
3.859524994354072e-03	-4.469013e-02	-4.468441e-02	-4.469816e-02
3.869524994354072e-03	-4.469204e-02	-4.469728e-02	-4.468183e-02
3.879524994354072e-03	-4.469013e-02	-4.468441e-02	-4.469815e-02
3.889524994354072e-03	-4.469204e-02	-4.469728e-02	-4.468183e-02
3.899524994354072e-03	-4.469013e-02	-4.468441e-02	-4.469815e-02
3.909524994354072e-03	-4.469204e-02	-4.469728e-02	-4.468184e-02
3.919524994354072e-03	-4.469013e-02	-4.468441e-02	-4.469815e-02
3.929524994354072e-03	-4.469204e-02	-4.469728e-02	-4.468184e-02
3.939524994354072e-03	-4.469013e-02	-4.468441e-02	-4.469814e-02
3.949524994354072e-03	-4.469204e-02	-4.469728e-02	-4.468185e-02
3.959524994354072e-03	-4.469013e-02	-4.468441e-02	-4.469814e-02
3.969524994354072e-03	-4.469204e-02	-4.469728e-02	-4.468185e-02
3.979524994354072e-03	-4.469013e-02	-4.468441e-02	-4.469813e-02
3.989524994354072e-03	-4.469204e-02	-4.469728e-02	-4.468185e-02
3.999524994354072e-03	-4.469013e-02	-4.468441e-02	-4.469813e-02
4.009524994354072e-03	-4.469204e-02	-4.469728e-02	-4.468186e-02
4.019524994354072e-03	-4.469013e-02	-4.468441e-02	-4.469813e-02
4.029524994354072e-03	-4.469204e-02	-4.469728e-02	-4.468186e-02
4.039524994354072e-03	-4.469013e-02	-4.468441e-02	-4.469812e-02
4.049524994354072e-03	-4.469204e-02	-4.469728e-02	-4.468187e-02
4.059524994354072e-03	-4.469013e-02	-4.468441e-02	-4.469812e-02
4.069524994354072e-03	-4.469204e-02	-4.469728e-02	-4.468187e-02
4.079524994354072e-03	-4.469013e-02	-4.468441e-02	-4.469811e-02
4.089524994354072e-03	-4.469204e-02	-4.469728e-02	-4.468188e-02
4.099524994354072e-03	-4.469013e-02	-4.468441e-02	-4.469811e-02
4.109524994354072e-03	-4.469204e-02	-4.469728e-02	-4.468188e-02
4.119524994354072e-03	-4.469013e-02	-4.468441e-02	-4.469810e-02
4.129524994354072e-03	-4.469204e-02	-4.469728e-02	-4.468188e-02
4.139524994354072e-03	-4.469013e-02	-4.468441e-02	-4.469810e-02
4.149524994354072e-03	-4.469204e-02	-4.469728e-02	-4.468189e-02
4.159524994354072e-03	-4.469013e-02	-4.468441e-02	-4.469810e-02
4.169524994354072e-03	-4.469204e-02	-4.469728e-02	-4.468189e-02
4.179524994354072e-03	-4.469013e-02	-4.468441e-02	-4.469809e-02
4.189524994354072e-03	-4.469204e-02	-4.469728e-02	-4.468189e-02
4.199524994354072e-03	-4.469013e-02	-4.468441e-02	-4.469809e-02
4.209524994354072e-03	-4.469204e-02	-4.469728e-02	-4.468190e-02
4.219524994354072e-03	-4.469013e-02	-4.468441e-02	-4.469809e-02
4.229524994354072e-03	-4.469204e-02	-4.469728e-02	-4.468190e-02
4.239524994354072e-03	-4.469013e-02	-4.468441e-02	-4.469808e-02
4.249524994354071e-03	-4.469252e-02	-4.469728e-02	-4.468190e-02
4.259524994354072e-03	-4.469013e-02	-4.468441e-02	-4.469808e-02
4.269524994354072e-03	-4.469252e-02	-4.469728e-02	-4.468191e-02
4.279524994354072e-03	-4.469013e-02	-4.468465e-02	-4.469808e-02
4.289524994354072e-03	-4.469252e-02	-4.469728e-02	-4.468191e-02
4.299524994354072e-03	-4.469013e-02	-4.468465e-02	-4.469807e-02
4.309524994354072e-03	-4.469252e-02	-4.469728e-02	-4.468191e-02
4.319524994354072e-03	-4.469013e-02	-4.468465e-02	-4.469807e-02
4.329524994354072e-03	-4.469252e-02	-4.469728e-02	-4.468192e-02
4.339524994354072e-03	-4.469013e-02	-4.468465e-02	-4.469807e-02
4.349524994354072e-03	-4.469252e-02	-4.469728e-02	-4.468192e-02
4.359524994354072e-03	-4.469013e-02	-4.468465e-02	-4.469806e-02
4.369524994354072e-03	-4.469252e-02	-4.469728e-02	-4.468192e-02
4.379524994354072e-03	-4.469013e-02	-4.468465e-02	-4.469806e-02
4.389524994354072e-03	-4.469252e-02	-4.469728e-02	-4.468193e-02
4.399524994354072e-03	-4.469013e-02	-4.468465e-02	-4.469806e-02
4.409524994354072e-03	-4.469252e-02	-4.469728e-02	-4.468193e-02
4.419524994354071e-03	-4.469013e-02	-4.468465e-02	-4.469805e-02
4.429524994354072e-03	-4.469252e-02	-4.469728e-02	-4.468193e-02
4.439524994354072e-03	-4.469013e-02	-4.468465e-02	-4.469805e-02
4.449524994354072e-03	-4.469252e-02	-4.469728e-02	-4.468193e-02
4.459524994354072e-03	-4.469013e-02	-4.468465e-02	-4.469805e-02
4.469524994354072e-03	-4.469252e-02	-4.469728e-02	-4.468194e-02
4.479524994354072e-03	-4.469013e-02	-4.468465e-02	-4.469805e-02
4.489524994354072e-03	-4.469252e-02	-4.469728e-02	-4.468194e-02
4.499524994354072e-03	-4.469013e-02	-4.468465e-02	-4.469804e-02
4.509524994354072e-03	-4.469252e-02	-4.469728e-02	-4.468195e-02
4.519524994354072e-03	-4.469013e-02	-4.468465e-02	-4.469804e-02
4.529524994354072e-03	-4.469252e-02	-4.469728e-02	-4.468195e-02
4.539524994354072e-03	-4.469013e-02	-4.468465e-02	-4.469803e-02
4.549524994354072e-03	-4.469252e-02	-4.469728e-02	-4.468195e-02
4.559524994354072e-03	-4.469013e-02	-4.468465e-02	-4.469803e-02
4.569524994354071e-03	-4.469252e-02	-4.469705e-02	-4.468195e-02
4.579524994354072e-03	-4.469013e-02	-4.468465e-02	-4.469803e-02
4.589524994354072e-03	-4.469252e-02	-4.469705e-02	-4.468196e-02
4.599524994354072e-03	-4.469013e-02	-4.468465e-02	-4.469803e-02
4.609524994354072e-03	-4.469252e-02	-4.469705e-02	-4.468196e-02
4.619524994354072e-03	-4.469013e-02	-4.468465e-02	-4.469802e-02
4.629524994354072e-03	-4.469252e-02	-4.469705e-02	-4.468196e-02
4.639524994354072e-03	-4.469013e-02	-4.468465e-02	-4.469802e-02
4.649524994354072e-03	-4.469252e-02	-4.469705e-02	-4.468197e-02
4.659524994354072e-03	-4.469013e-02	-4.468465e-02	-4.469802e-02
4.669524994354072e-03	-4.469252e-02	-4.469705e-02	-4.468197e-02
4.679524994354072e-03	-4.469013e-02	-4.468465e-02	-4.469802e-02
4.689524994354072e-03	-4.469252e-02	-4.469705e-02	-4.468197e-02
4.699524994354072e-03	-4.469013e-02	-4.468465e-02	-4.469801e-02
4.709524994354072e-03	-4.469252e-02	-4.469705e-02	-4.468197e-02
4.719524994354072e-03	-4.469013e-02	-4.468465e-02	-4.469801e-02
4.729524994354072e-03	-4.469252e-02	-4.469705e-02	-4.468198e-02
4.739524994354071e-03	-4.469013e-02	-4.468465e-02	-4.469801e-02
4.749524994354072e-03	-4.469252e-02	-4.469705e-02	-4.468198e-02
4.759524994354072e-03	-4.469013e-02	-4.468465e-02	-4.469801e-02
4.769524994354072e-03	-4.469252e-02	-4.469705e-02	-4.468198e-02
4.779524994354072e-03	-4.468966e-02	-4.468465e-02	-4.469800e-02
4.789524994354072e-03	-4.469252e-02	-4.469705e-02	-4.468198e-02
4.799524994354072e-03	-4.468966e-02	-4.468465e-02	-4.469800e-02
4.809524994354072e-03	-4.469252e-02	-4.469705e-02	-4.468198e-02
4.819524994354072e-03	-4.468966e-02	-4.468465e-02	-4.469800e-02
4.829524994354072e-03	-4.469252e-02	-4.469705e-02	-4.468199e-02
4.839524994354072e-03	-4.468966e-02	-4.468465e-02	-4.469800e-02
4.849524994354072e-03	-4.469252e-02	-4.469705e-02	-4.468199e-02
4.859524994354072e-03	-4.468966e-02	-4.468465e-02	-4.469800e-02
4.869524994354072e-03	-4.469252e-02	-4.469705e-02	-4.468199e-02
4.879524994354072e-03	-4.468966e-02	-4.468465e-02	-4.469799e-02
4.889524994354071e-03	-4.469252e-02	-4.469705e-02	-4.468199e-02
4.899524994354072e-03	-4.468966e-02	-4.468465e-02	-4.469799e-02
4.909524994354071e-03	-4.469252e-02	-4.469705e-02	-4.468200e-02
4.919524994354072e-03	-4.468966e-02	-4.468465e-02	-4.469799e-02
4.929524994354072e-03	-4.469252e-02	-4.469705e-02	-4.468200e-02
4.939524994354072e-03	-4.468966e-02	-4.468465e-02	-4.469799e-02
4.949524994354072e-03	-4.469252e-02	-4.469705e-02	-4.468200e-02
4.959524994354072e-03	-4.468966e-02	-4.468465e-02	-4.469798e-02
4.969524994354072e-03	-4.469252e-02	-4.469705e-02	-4.468200e-02
4.979524994354072e-03	-4.468966e-02	-4.468465e-02	-4.469798e-02
4.989524994354072e-03	-4.469252e-02	-4.469705e-02	-4.468200e-02
4.999524994354072e-03	-4.468966e-02	-4.468465e-02	-4.469798e-02
5.009524994354072e-03	-4.469252e-02	-4.469705e-02	-4.468201e-02
5.019524994354072e-03	-4.468966e-02	-4.468465e-02	-4.469798e-02
5.029524994354072e-03	-4.469252e-02	-4.469705e-02	-4.468201e-02
5.039524994354072e-03	-4.468966e-02	-4.468465e-02	-4.469798e-02
5.049524994354072e-03	-4.469252e-02	-4.469705e-02	-4.468201e-02
5.059524994354071e-03	-4.468966e-02	-4.468465e-02	-4.469797e-02
5.069524994354072e-03	-4.469252e-02	-4.469705e-02	-4.468201e-02
5.079524994354071e-03	-4.468966e-02	-4.468465e-02	-4.469797e-02
5.089524994354072e-03	-4.469252e-02	-4.469705e-02	-4.468201e-02
5.099524994354072e-03	-4.468966e-02	-4.468465e-02	-4.469797e-02
5.109524994354072e-03	-4.469252e-02	-4.469705e-02	-4.468201e-02
5.119524994354072e-03	-4.468966e-02	-4.468465e-02	-4.469797e-02
5.129524994354072e-03	-4.469252e-02	-4.469705e-02	-4.468202e-02
5.139524994354072e-03	-4.468966e-02	-4.468465e-02	-4.469797e-02
5.149524994354072e-03	-4.469252e-02	-4.469705e-02	-4.468202e-02
5.159524994354072e-03	-4.468966e-02	-4.468465e-02	-4.469797e-02
5.169524994354072e-03	-4.469252e-02	-4.469705e-02	-4.468202e-02
5.179524994354072e-03	-4.468966e-02	-4.468465e-02	-4.469796e-02
5.189524994354072e-03	-4.469252e-02	-4.469705e-02	-4.468202e-02
5.199524994354072e-03	-4.468966e-02	-4.468465e-02	-4.469796e-02
5.209524994354071e-03	-4.469252e-02	-4.469705e-02	-4.468202e-02
5.219524994354072e-03	-4.468966e-02	-4.468465e-02	-4.469796e-02
5.229524994354071e-03	-4.469252e-02	-4.469705e-02	-4.468203e-02
5.239524994354072e-03	-4.468966e-02	-4.468465e-02	-4.469796e-02
5.249524994354072e-03	-4.469252e-02	-4.469705e-02	-4.468203e-02
5.259524994354072e-03	-4.468966e-02	-4.468465e-02	-4.469796e-02
5.269524994354072e-03	-4.469252e-02	-4.469705e-02	-4.468203e-02
5.279524994354072e-03	-4.468966e-02	-4.468465e-02	-4.469796e-02
5.289524994354072e-03	-4.469252e-02	-4.469705e-02	-4.468203e-02
5.299524994354072e-03	-4.468966e-02	-4.468465e-02	-4.469795e-02
5.309524994354072e-03	-4.469252e-02	-4.469705e-02	-4.468203e-02
5.319524994354072e-03	-4.468966e-02	-4.468465e-02	-4.469795e-02
5.329524994354072e-03	-4.469252e-02	-4.469705e-02	-4.468203e-02
5.339524994354072e-03	-4.468966e-02	-4.468465e-02	-4.469795e-02
5.349524994354072e-03	-4.469252e-02	-4.469705e-02	-4.468204e-02
5.359524994354072e-03	-4.468966e-02	-4.468465e-02	-4.469795e-02
5.369524994354072e-03	-4.469252e-02	-4.469705e-02	-4.468204e-02
5.379524994354071e-03	-4.468966e-02	-4.468465e-02	-4.469795e-02
5.389524994354072e-03	-4.469252e-02	-4.469705e-02	-4.468204e-02
5.399524994354071e-03	-4.468966e-02	-4.468465e-02	-4.469795e-02
5.409524994354072e-03	-4.469252e-02	-4.469705e-02	-4.468204e-02
5.419524994354072e-03	-4.468966e-02	-4.468465e-02	-4.469794e-02
5.429524994354072e-03	-4.469252e-02	-4.469705e-02	-4.468204e-02
5.439524994354072e-03	-4.468966e-02	-4.468465e-02	-4.469794e-02
5.449524994354072e-03	-4.469252e-02	-4.469705e-02	-4.468204e-02
5.459524994354072e-03	-4.468966e-02	-4.468465e-02	-4.469794e-02
5.469524994354072e-03	-4.469252e-02	-4.469705e-02	-4.468204e-02
5.479524994354072e-03	-4.468966e-02	-4.468465e-02	-4.469794e-02
5.489524994354072e-03	-4.469252e-02	-4.469705e-02	-4.468205e-02
5.499524994354072e-03	-4.468966e-02	-4.468465e-02	-4.469794e-02
5.509524994354072e-03	-4.469252e-02	-4.469705e-02	-4.468205e-02
5.519524994354072e-03	-4.468966e-02	-4.468465e-02	-4.469794e-02
5.529524994354071e-03	-4.469252e-02	-4.469705e-02	-4.468205e-02
5.539524994354072e-03	-4.468966e-02	-4.468465e-02	-4.469794e-02
5.549524994354071e-03	-4.469252e-02	-4.469705e-02	-4.468205e-02
5.559524994354072e-03	-4.468966e-02	-4.468465e-02	-4.469793e-02
5.569524994354071e-03	-4.469252e-02	-4.469705e-02	-4.468205e-02
5.579524994354072e-03	-4.468966e-02	-4.468465e-02	-4.469793e-02
5.589524994354072e-03	-4.469252e-02	-4.469705e-02	-4.468205e-02
5.599524994354072e-03	-4.468966e-02	-4.468465e-02	-4.469793e-02
5.609524994354072e-03	-4.469252e-02	-4.469705e-02	-4.468205e-02
5.619524994354072e-03	-4.468966e-02	-4.468465e-02	-4.469793e-02
5.629524994354072e-03	-4.469252e-02	-4.469705e-02	-4.468206e-02
5.639524994354072e-03	-4.468966e-02	-4.468465e-02	-4.469793e-02
5.649524994354072e-03	-4.469204e-02	-4.469705e-02	-4.468206e-02
5.659524994354072e-03	-4.468966e-02	-4.468465e-02	-4.469793e-02
5.669524994354072e-03	-4.469204e-02	-4.469705e-02	-4.468206e-02
5.679524994354072e-03	-4.468966e-02	-4.468465e-02	-4.469793e-02
5.689524994354072e-03	-4.469204e-02	-4.469705e-02	-4.468206e-02
5.699524994354071e-03	-4.468966e-02	-4.468465e-02	-4.469793e-02
5.709524994354072e-03	-4.469204e-02	-4.469705e-02	-4.468206e-02
5.719524994354071e-03	-4.468966e-02	-4.468465e-02	-4.469792e-02
5.729524994354072e-03	-4.469204e-02	-4.469705e-02	-4.468206e-02
5.739524994354071e-03	-4.468966e-02	-4.468465e-02	-4.469792e-02
5.749524994354072e-03	-4.469204e-02	-4.469705e-02	-4.468206e-02
5.759524994354072e-03	-4.468966e-02	-4.468465e-02	-4.469792e-02
5.769524994354072e-03	-4.469204e-02	-4.469705e-02	-4.468206e-02
5.779524994354072e-03	-4.468966e-02	-4.468465e-02	-4.469792e-02
5.789524994354072e-03	-4.469204e-02	-4.469705e-02	-4.468206e-02
5.799524994354072e-03	-4.468966e-02	-4.468465e-02	-4.469792e-02
5.809524994354072e-03	-4.469204e-02	-4.469705e-02	-4.468207e-02
5.819524994354072e-03	-4.468966e-02	-4.468465e-02	-4.469792e-02
5.829524994354072e-03	-4.469204e-02	-4.469705e-02	-4.468207e-02
5.839524994354072e-03	-4.468966e-02	-4.468465e-02	-4.469792e-02
5.849524994354071e-03	-4.469204e-02	-4.469705e-02	-4.468207e-02
5.859524994354072e-03	-4.468966e-02	-4.468465e-02	-4.469792e-02
5.869524994354071e-03	-4.469204e-02	-4.469705e-02	-4.468207e-02
5.879524994354072e-03	-4.468966e-02	-4.468465e-02	-4.469792e-02
5.889524994354071e-03	-4.469204e-02	-4.469705e-02	-4.468207e-02
5.899524994354072e-03	-4.468966e-02	-4.468465e-02	-4.469791e-02
5.909524994354072e-03	-4.469204e-02	-4.469705e-02	-4.468207e-02
5.919524994354072e-03	-4.468966e-02	-4.468465e-02	-4.469791e-02
5.929524994354072e-03	-4.469204e-02	-4.469705e-02	-4.468207e-02
5.939524994354072e-03	-4.468966e-02	-4.468465e-02	-4.469791e-02
5.949524994354072e-03	-4.469204e-02	-4.469705e-02	-4.468207e-02
5.959524994354072e-03	-4.468966e-02	-4.468465e-02	-4.469791e-02
5.969524994354072e-03	-4.469204e-02	-4.469705e-02	-4.468207e-02
5.979524994354072e-03	-4.468966e-02	-4.468465e-02	-4.469791e-02
5.989524994354072e-03	-4.469204e-02	-4.469705e-02	-4.468208e-02
5.999524994354072e-03	-4.468966e-02	-4.468465e-02	-4.469791e-02
6.009524994354072e-03	-4.469204e-02	-4.469705e-02	-4.468208e-02
6.019524994354071e-03	-4.468966e-02	-4.468465e-02	-4.469791e-02
6.029524994354072e-03	-4.469204e-02	-4.469705e-02	-4.468208e-02
6.039524994354071e-03	-4.468966e-02	-4.468465e-02	-4.469791e-02
6.049524994354072e-03	-4.469204e-02	-4.469705e-02	-4.468208e-02
6.059524994354071e-03	-4.468966e-02	-4.468465e-02	-4.469791e-02
6.069524994354072e-03	-4.469204e-02	-4.469705e-02	-4.468208e-02
6.079524994354072e-03	-4.468966e-02	-4.468465e-02	-4.469791e-02
6.089524994354072e-03	-4.469204e-02	-4.469705e-02	-4.468208e-02
6.099524994354072e-03	-4.468966e-02	-4.468465e-02	-4.469790e-02
6.109524994354072e-03	-4.469204e-02	-4.469705e-02	-4.468208e-02
6.119524994354072e-03	-4.468966e-02	-4.468465e-02	-4.469790e-02
6.129524994354072e-03	-4.469204e-02	-4.469705e-02	-4.468208e-02
6.139524994354072e-03	-4.468966e-02	-4.468465e-02	-4.469790e-02
6.149524994354072e-03	-4.469204e-02	-4.469705e-02	-4.468208e-02
6.159524994354072e-03	-4.468966e-02	-4.468465e-02	-4.469790e-02
6.169524994354071e-03	-4.469204e-02	-4.469705e-02	-4.468208e-02
6.179524994354072e-03	-4.468966e-02	-4.468465e-02	-4.469790e-02
6.189524994354071e-03	-4.469204e-02	-4.469705e-02	-4.468209e-02
6.199524994354072e-03	-4.468966e-02	-4.468465e-02	-4.469790e-02
6.209524994354071e-03	-4.469204e-02	-4.469705e-02	-4.468209e-02
6.219524994354072e-03	-4.468966e-02	-4.468465e-02	-4.469790e-02
6.229524994354071e-03	-4.469204e-02	-4.469705e-02	-4.468209e-02
6.239524994354072e-03	-4.468966e-02	-4.468465e-02	-4.469790e-02
6.249524994354072e-03	-4.469204e-02	-4.469705e-02	-4.468209e-02
6.259524994354072e-03	-4.468966e-02	-4.468465e-02	-4.469790e-02
6.269524994354072e-03	-4.469204e-02	-4.469705e-02	-4.468209e-02
6.279524994354072e-03	-4.468966e-02	-4.468465e-02	-4.469790e-02
6.289524994354072e-03	-4.469204e-02	-4.469705e-02	-4.468209e-02
6.299524994354072e-03	-4.468966e-02	-4.468465e-02	-4.469790e-02
6.309524994354072e-03	-4.469204e-02	-4.469705e-02	-4.468209e-02
6.319524994354072e-03	-4.468966e-02	-4.468465e-02	-4.469789e-02
6.329524994354072e-03	-4.469204e-02	-4.469705e-02	-4.468209e-02
6.339524994354071e-03	-4.468966e-02	-4.468465e-02	-4.469789e-02
6.349524994354072e-03	-4.469204e-02	-4.469705e-02	-4.468209e-02
6.359524994354071e-03	-4.468966e-02	-4.468465e-02	-4.469789e-02
6.369524994354072e-03	-4.469204e-02	-4.469705e-02	-4.468209e-02
6.379524994354071e-03	-4.468966e-02	-4.468465e-02	-4.469789e-02
6.389524994354072e-03	-4.469204e-02	-4.469705e-02	-4.468209e-02
6.399524994354071e-03	-4.468966e-02	-4.468465e-02	-4.469789e-02
6.409524994354072e-03	-4.469204e-02	-4.469705e-02	-4.468209e-02
6.419524994354072e-03	-4.468966e-02	-4.468465e-02	-4.469789e-02
6.429524994354072e-03	-4.469204e-02	-4.469705e-02	-4.468209e-02
6.439524994354072e-03	-4.468966e-02	-4.468465e-02	-4.469789e-02
6.449524994354072e-03	-4.469204e-02	-4.469705e-02	-4.468210e-02
6.459524994354072e-03	-4.468966e-02	-4.468465e-02	-4.469789e-02
6.469524994354072e-03	-4.469204e-02	-4.469705e-02	-4.468210e-02
6.479524994354072e-03	-4.468966e-02	-4.468465e-02	-4.469789e-02
6.489524994354071e-03	-4.469204e-02	-4.469705e-02	-4.468210e-02
6.499524994354072e-03	-4.468966e-02	-4.468465e-02	-4.469789e-02
6.509524994354071e-03	-4.469204e-02	-4.469705e-02	-4.468210e-02
6.519524994354072e-03	-4.468966e-02	-4.468465e-02	-4.469789e-02
6.529524994354071e-03	-4.469204e-02	-4.469705e-02	-4.468210e-02
6.539524994354072e-03	-4.468966e-02	-4.468465e-02	-4.469789e-02
6.549524994354071e-03	-4.469204e-02	-4.469705e-02	-4.468210e-02
6.559524994354072e-03	-4.468966e-02	-4.468465e-02	-4.469789e-02
6.569524994354072e-03	-4.469204e-02	-4.469705e-02	-4.468210e-02
6.579524994354072e-03	-4.468966e-02	-4.468465e-02	-4.469789e-02
6.589524994354072e-03	-4.469204e-02	-4.469705e-02	-4.468210e-02
6.599524994354072e-03	-4.468966e-02	-4.468465e-02	-4.469788e-02
6.609524994354072e-03	-4.469204e-02	-4.469705e-02	-4.468210e-02
6.619524994354072e-03	-4.468966e-02	-4.468465e-02	-4.469788e-02
6.629524994354072e-03	-4.469204e-02	-4.469705e-02	-4.468210e-02
6.639524994354072e-03	-4.468966e-02	-4.468465e-02	-4.469788e-02
6.649524994354072e-03	-4.469204e-02	-4.469705e-02	-4.468210e-02
6.659524994354071e-03	-4.468966e-02	-4.468465e-02	-4.469788e-02
6.669524994354072e-03	-4.469204e-02	-4.469705e-02	-4.468210e-02
6.679524994354071e-03	-4.468966e-02	-4.468465e-02	-4.469788e-02
6.689524994354072e-03	-4.469204e-02	-4.469705e-02	-4.468210e-02
6.699524994354071e-03	-4.468966e-02	-4.468465e-02	-4.469788e-02
6.709524994354072e-03	-4.469204e-02	-4.469705e-02	-4.468210e-02
6.719524994354071e-03	-4.468966e-02	-4.468465e-02	-4.469788e-02
6.729524994354072e-03	-4.469204e-02	-4.469705e-02	-4.468211e-02
6.739524994354072e-03	-4.468966e-02	-4.468465e-02	-4.469788e-02
6.749524994354072e-03	-4.469204e-02	-4.469705e-02	-4.468211e-02
6.759524994354072e-03	-4.468966e-02	-4.468465e-02	-4.469788e-02
6.769524994354072e-03	-4.469204e-02	-4.469705e-02	-4.468211e-02
6.779524994354072e-03	-4.468966e-02	-4.468465e-02	-4.469788e-02
6.789524994354072e-03	-4.469204e-02	-4.469705e-02	-4.468211e-02
6.799524994354072e-03	-4.468966e-02	-4.468465e-02	-4.469788e-02
6.809524994354071e-03	-4.469204e-02	-4.469705e-02	-4.468211e-02
6.819524994354072e-03	-4.468966e-02	-4.468465e-02	-4.469788e-02
6.829524994354071e-03	-4.469204e-02	-4.469705e-02	-4.468211e-02
6.839524994354072e-03	-4.468966e-02	-4.468465e-02	-4.469788e-02
6.849524994354071e-03	-4.469204e-02	-4.469705e-02	-4.468211e-02
6.859524994354072e-03	-4.468966e-02	-4.468465e-02	-4.469788e-02
6.869524994354071e-03	-4.469204e-02	-4.469705e-02	-4.468211e-02
6.879524994354072e-03	-4.468966e-02	-4.468465e-02	-4.469788e-02
6.889524994354071e-03	-4.469204e-02	-4.469705e-02	-4.468211e-02
6.899524994354072e-03	-4.468966e-02	-4.468465e-02	-4.469788e-02
6.909524994354072e-03	-4.469204e-02	-4.469705e-02	-4.468211e-02
6.919524994354072e-03	-4.468966e-02	-4.468465e-02	-4.469787e-02
6.929524994354072e-03	-4.469204e-02	-4.469705e-02	-4.468211e-02
6.939524994354072e-03	-4.468966e-02	-4.468465e-02	-4.469787e-02
6.949524994354072e-03	-4.469204e-02	-4.469705e-02	-4.468211e-02
6.959524994354072e-03	-4.468966e-02	-4.468465e-02	-4.469788e-02
6.969524994354072e-03	-4.469204e-02	-4.469705e-02	-4.468211e-02
6.979524994354071e-03	-4.468966e-02	-4.468465e-02	-4.469788e-02
6.989524994354072e-03	-4.469204e-02	-4.469705e-02	-4.468211e-02
6.999524994354071e-03	-4.468966e-02	-4.468465e-02	-4.469788e-02
7.009524994354072e-03	-4.469204e-02	-4.469705e-02	-4.468211e-02
7.019524994354071e-03	-4.468966e-02	-4.468465e-02	-4.469788e-02
7.029524994354072e-03	-4.469204e-02	-4.469705e-02	-4.468211e-02
7.039524994354071e-03	-4.468966e-02	-4.468465e-02	-4.469787e-02
7.049524994354072e-03	-4.469204e-02	-4.469705e-02	-4.468211e-02
7.059524994354071e-03	-4.468966e-02	-4.468465e-02	-4.469787e-02
7.069524994354072e-03	-4.469204e-02	-4.469705e-02	-4.468211e-02
7.079524994354072e-03	-4.468966e-02	-4.468465e-02	-4.469787e-02
7.089524994354072e-03	-4.469204e-02	-4.469705e-02	-4.468212e-02
7.099524994354072e-03	-4.468966e-02	-4.468465e-02	-4.469787e-02
7.109524994354072e-03	-4.469204e-02	-4.469705e-02	-4.468212e-02
7.119524994354072e-03	-4.468966e-02	-4.468465e-02	-4.469787e-02
7.129524994354071e-03	-4.469204e-02	-4.469705e-02	-4.468212e-02
7.139524994354072e-03	-4.468966e-02	-4.468465e-02	-4.469787e-02
7.149524994354071e-03	-4.469204e-02	-4.469705e-02	-4.468212e-02
7.159524994354072e-03	-4.468966e-02	-4.468465e-02	-4.469787e-02
7.169524994354071e-03	-4.469204e-02	-4.469728e-02	-4.468211e-02
7.179524994354072e-03	-4.468966e-02	-4.468465e-02	-4.469787e-02
7.189524994354071e-03	-4.469204e-02	-4.469728e-02	-4.468211e-02
7.199524994354072e-03	-4.468966e-02	-4.468465e-02	-4.469787e-02
7.209524994354071e-03	-4.469204e-02	-4.469728e-02	-4.468211e-02
7.219524994354072e-03	-4.468966e-02	-4.468465e-02	-4.469787e-02
7.229524994354071e-03	-4.469204e-02	-4.469728e-02	-4.468211e-02
7.239524994354072e-03	-4.468966e-02	-4.468465e-02	-4.469787e-02
7.249524994354072e-03	-4.469204e-02	-4.469728e-02	-4.468212e-02
7.259524994354072e-03	-4.468966e-02	-4.468465e-02	-4.469787e-02
7.269524994354072e-03	-4.469204e-02	-4.469728e-02	-4.468212e-02
7.279524994354072e-03	-4.468966e-02	-4.468465e-02	-4.469787e-02
7.289524994354072e-03	-4.469204e-02	-4.469728e-02	-4.468212e-02
7.299524994354071e-03	-4.468966e-02	-4.468465e-02	-4.469787e-02
7.309524994354072e-03	-4.469204e-02	-4.469728e-02	-4.468212e-02
7.319524994354071e-03	-4.468966e-02	-4.468465e-02	-4.469787e-02
7.329524994354072e-03	-4.469204e-02	-4.469728e-02	-4.468212e-02
7.339524994354071e-03	-4.468966e-02	-4.468465e-02	-4.469787e-02
7.349524994354072e-03	-4.469204e-02	-4.469728e-02	-4.468212e-02
7.359524994354071e-03	-4.468966e-02	-4.468465e-02	-4.469787e-02
7.369524994354072e-03	-4.469204e-02	-4.469728e-02	-4.468212e-02
7.379524994354071e-03	-4.468966e-02	-4.468465e-02	-4.469787e-02
7.389524994354072e-03	-4.469204e-02	-4.469728e-02	-4.468212e-02
7.399524994354072e-03	-4.468966e-02	-4.468465e-02	-4.469787e-02
7.409524994354072e-03	-4.469204e-02	-4.469728e-02	-4.468212e-02
7.419524994354072e-03	-4.468966e-02	-4.468465e-02	-4.469787e-02
7.429524994354072e-03	-4.469204e-02	-4.469728e-02	-4.468212e-02
7.439524994354072e-03	-4.468966e-02	-4.468465e-02	-4.469787e-02
7.449524994354071e-03	-4.469204e-02	-4.469728e-02	-4.468212e-02
7.459524994354072e-03	-4.468966e-02	-4.468465e-02	-4.469787e-02
7.469524994354071e-03	-4.469204e-02	-4.469728e-02	-4.468212e-02
7.479524994354072e-03	-4.468966e-02	-4.468465e-02	-4.469787e-02
7.489524994354071e-03	-4.469204e-02	-4.469728e-02	-4.468212e-02
7.499524994354072e-03	-4.468966e-02	-4.468465e-02	-4.469786e-02
7.509524994354071e-03	-4.469204e-02	-4.469728e-02	-4.468212e-02
7.519524994354072e-03	-4.468966e-02	-4.468465e-02	-4.469786e-02
7.529524994354071e-03	-4.469204e-02	-4.469728e-02	-4.468212e-02
7.539524994354072e-03	-4.468966e-02	-4.468465e-02	-4.469786e-02
7.549524994354071e-03	-4.469204e-02	-4.469728e-02	-4.468212e-02
7.559524994354072e-03	-4.468966e-02	-4.468465e-02	-4.469786e-02
7.569524994354072e-03	-4.469204e-02	-4.469728e-02	-4.468212e-02
7.579524994354072e-03	-4.468966e-02	-4.468465e-02	-4.469786e-02
7.589524994354072e-03	-4.469204e-02	-4.469728e-02	-4.468212e-02
7.599524994354072e-03	-4.468966e-02	-4.468465e-02	-4.469786e-02
7.609524994354072e-03	-4.469204e-02	-4.469728e-02	-4.468212e-02
7.619524994354071e-03	-4.468966e-02	-4.468465e-02	-4.469786e-02
7.629524994354072e-03	-4.469204e-02	-4.469728e-02	-4.468212e-02
7.639524994354071e-03	-4.468966e-02	-4.468465e-02	-4.469786e-02
7.649524994354072e-03	-4.469204e-02	-4.469728e-02	-4.468212e-02
7.659524994354071e-03	-4.468966e-02	-4.468465e-02	-4.469786e-02
7.669524994354072e-03	-4.469204e-02	-4.469728e-02	-4.468212e-02
7.679524994354071e-03	-4.468966e-02	-4.468465e-02	-4.469786e-02
7.689524994354072e-03	-4.469204e-02	-4.469728e-02	-4.468212e-02
7.699524994354071e-03	-4.468966e-02	-4.468465e-02	-4.469786e-02
7.709524994354072e-03	-4.469204e-02	-4.469728e-02	-4.468212e-02
7.719524994354071e-03	-4.468966e-02	-4.468465e-02	-4.469786e-02
7.729524994354072e-03	-4.469204e-02	-4.469728e-02	-4.468212e-02
7.739524994354072e-03	-4.468966e-02	-4.468465e-02	-4.469786e-02
7.749524994354072e-03	-4.469204e-02	-4.469728e-02	-4.468213e-02
7.759524994354072e-03	-4.468966e-02	-4.468465e-02	-4.469786e-02
7.769524994354071e-03	-4.469204e-02	-4.469728e-02	-4.468213e-02
7.779524994354072e-03	-4.468966e-02	-4.468465e-02	-4.469786e-02
7.789524994354071e-03	-4.469204e-02	-4.469728e-02	-4.468213e-02
7.799524994354072e-03	-4.468966e-02	-4.468465e-02	-4.469786e-02
7.809524994354071e-03	-4.469204e-02	-4.469728e-02	-4.468213e-02
7.819524994354071e-03	-4.468966e-02	-4.468465e-02	-4.469786e-02
7.829524994354072e-03	-4.469204e-02	-4.469728e-02	-4.468213e-02
7.839524994354072e-03	-4.468966e-02	-4.468465e-02	-4.469786e-02
7.849524994354071e-03	-4.469204e-02	-4.469728e-02	-4.468213e-02
7.859524994354071e-03	-4.468966e-02	-4.468465e-02	-4.469786e-02
7.869524994354072e-03	-4.469204e-02	-4.469728e-02	-4.468213e-02
7.879524994354072e-03	-4.468966e-02	-4.468465e-02	-4.469786e-02
7.889524994354071e-03	-4.469204e-02	-4.469728e-02	-4.468213e-02
7.899524994354071e-03	-4.468966e-02	-4.468465e-02	-4.469786e-02
7.909524994354072e-03	-4.469204e-02	-4.469728e-02	-4.468213e-02
7.919524994354072e-03	-4.468966e-02	-4.468465e-02	-4.469786e-02
7.929524994354072e-03	-4.469204e-02	-4.469728e-02	-4.468213e-02
7.939524994354071e-03	-4.468966e-02	-4.468465e-02	-4.469786e-02
7.949524994354071e-03	-4.469204e-02	-4.469728e-02	-4.468213e-02
7.959524994354072e-03	-4.468966e-02	-4.468465e-02	-4.469786e-02
7.969524994354072e-03	-4.469204e-02	-4.469728e-02	-4.468213e-02
7.979524994354071e-03	-4.468966e-02	-4.468465e-02	-4.469786e-02
7.989524994354071e-03	-4.469204e-02	-4.469728e-02	-4.468213e-02
7.999524994354072e-03	-4.468966e-02	-4.468465e-02	-4.469786e-02
8.009524994354072e-03	-4.469204e-02	-4.469728e-02	-4.468213e-02
8.019524994354071e-03	-4.468966e-02	-4.468465e-02	-4.469786e-02
8.029524994354071e-03	-4.469204e-02	-4.469728e-02	-4.468213e-02
8.039524994354072e-03	-4.468966e-02	-4.468465e-02	-4.469786e-02
8.049524994354072e-03	-4.469204e-02	-4.469728e-02	-4.468213e-02
8.059524994354072e-03	-4.468966e-02	-4.468465e-02	-4.469786e-02
8.069524994354071e-03	-4.469204e-02	-4.469728e-02	-4.468213e-02
8.079524994354072e-03	-4.468966e-02	-4.468465e-02	-4.469786e-02
8.089524994354072e-03	-4.469204e-02	-4.469728e-02	-4.468213e-02
8.099524994354072e-03	-4.468966e-02	-4.468465e-02	-4.469786e-02
8.109524994354071e-03	-4.469204e-02	-4.469728e-02	-4.468213e-02
8.119524994354071e-03	-4.468966e-02	-4.468465e-02	-4.469786e-02
8.129524994354072e-03	-4.469204e-02	-4.469728e-02	-4.468213e-02
8.139524994354072e-03	-4.468966e-02	-4.468465e-02	-4.469786e-02
8.149524994354071e-03	-4.469204e-02	-4.469728e-02	-4.468213e-02
8.159524994354071e-03	-4.468966e-02	-4.468465e-02	-4.469786e-02
8.169524994354072e-03	-4.469204e-02	-4.469728e-02	-4.468213e-02
8.179524994354072e-03	-4.468966e-02	-4.468465e-02	-4.469786e-02
8.189524994354071e-03	-4.469204e-02	-4.469728e-02	-4.468213e-02
8.199524994354071e-03	-4.468966e-02	-4.468465e-02	-4.469786e-02
8.209524994354072e-03	-4.469204e-02	-4.469728e-02	-4.468213e-02
8.219524994354072e-03	-4.468966e-02	-4.468465e-02	-4.469786e-02
8.229524994354072e-03	-4.469204e-02	-4.469728e-02	-4.468213e-02
8.239524994354071e-03	-4.468966e-02	-4.468489e-02	-4.469786e-02
8.249524994354071e-03	-4.469204e-02	-4.469728e-02	-4.468213e-02
8.259524994354072e-03	-4.468966e-02	-4.468489e-02	-4.469786e-02
8.269524994354072e-03	-4.469204e-02	-4.469728e-02	-4.468213e-02
8.279524994354071e-03	-4.468966e-02	-4.468489e-02	-4.469786e-02
8.289524994354071e-03	-4.469204e-02	-4.469728e-02	-4.468213e-02
8.299524994354072e-03	-4.468966e-02	-4.468489e-02	-4.469786e-02
8.309524994354072e-03	-4.469204e-02	-4.469728e-02	-4.468213e-02
8.319524994354071e-03	-4.468966e-02	-4.468489e-02	-4.469786e-02
8.329524994354071e-03	-4.469204e-02	-4.469728e-02	-4.468213e-02
8.339524994354072e-03	-4.468966e-02	-4.468489e-02	-4.469786e-02
8.349524994354072e-03	-4.469204e-02	-4.469728e-02	-4.468213e-02
8.359524994354071e-03	-4.468966e-02	-4.468489e-02	-4.469786e-02
8.369524994354071e-03	-4.469204e-02	-4.469728e-02	-4.468213e-02
8.379524994354072e-03	-4.468966e-02	-4.468489e-02	-4.469786e-02
8.389524994354072e-03	-4.469204e-02	-4.469728e-02	-4.468213e-02
8.399524994354072e-03	-4.468966e-02	-4.468489e-02	-4.469785e-02
8.409524994354071e-03	-4.469204e-02	-4.469728e-02	-4.468213e-02
8.419524994354071e-03	-4.468966e-02	-4.468489e-02	-4.469785e-02
8.429524994354072e-03	-4.469204e-02	-4.469728e-02	-4.468213e-02
8.439524994354072e-03	-4.468966e-02	-4.468489e-02	-4.469785e-02
8.449524994354071e-03	-4.469204e-02	-4.469728e-02	-4.468213e-02
8.459524994354071e-03	-4.468966e-02	-4.468489e-02	-4.469785e-02
8.469524994354072e-03	-4.469204e-02	-4.469728e-02	-4.468213e-02
8.479524994354072e-03	-4.468966e-02	-4.468489e-02	-4.469785e-02
8.489524994354071e-03	-4.469204e-02	-4.469728e-02	-4.468213e-02
8.499524994354071e-03	-4.468966e-02	-4.468489e-02	-4.469785e-02
8.509524994354072e-03	-4.469204e-02	-4.469728e-02	-4.468213e-02
8.519524994354072e-03	-4.468966e-02	-4.468489e-02	-4.469785e-02
8.529524994354071e-03	-4.469204e-02	-4.469728e-02	-4.468213e-02
8.539524994354071e-03	-4.468966e-02	-4.468489e-02	-4.469785e-02
8.549524994354072e-03	-4.469204e-02	-4.469728e-02	-4.468213e-02
8.559524994354072e-03	-4.468966e-02	-4.468489e-02	-4.469785e-02
8.569524994354072e-03	-4.469204e-02	-4.469728e-02	-4.468213e-02
8.579524994354071e-03	-4.468966e-02	-4.468489e-02	-4.469786e-02
8.589524994354071e-03	-4.469204e-02	-4.469728e-02	-4.468213e-02
8.599524994354072e-03	-4.468966e-02	-4.468489e-02	-4.469786e-02
8.609524994354072e-03	-4.469204e-02	-4.469728e-02	-4.468213e-02
8.619524994354071e-03	-4.468966e-02	-4.468489e-02	-4.469786e-02
8.629524994354071e-03	-4.469204e-02	-4.469728e-02	-4.468213e-02
8.639524994354072e-03	-4.468966e-02	-4.468489e-02	-4.469786e-02
8.649524994354072e-03	-4.469204e-02	-4.469728e-02	-4.468213e-02
8.659524994354071e-03	-4.468966e-02	-4.468489e-02	-4.469786e-02
8.669524994354071e-03	-4.469204e-02	-4.469728e-02	-4.468213e-02
8.679524994354072e-03	-4.468966e-02	-4.468489e-02	-4.469786e-02
8.689524994354072e-03	-4.469204e-02	-4.469728e-02	-4.468213e-02
8.699524994354071e-03	-4.468966e-02	-4.468489e-02	-4.469785e-02
8.709524994354071e-03	-4.469204e-02	-4.469728e-02	-4.468213e-02
8.719524994354072e-03	-4.468966e-02	-4.468489e-02	-4.469785e-02
8.729524994354072e-03	-4.469204e-02	-4.469728e-02	-4.468213e-02
8.739524994354072e-03	-4.468966e-02	-4.468489e-02	-4.469785e-02
8.749524994354071e-03	-4.469204e-02	-4.469728e-02	-4.468213e-02
8.759524994354071e-03	-4.468966e-02	-4.468489e-02	-4.469785e-02
8.769524994354072e-03	-4.469204e-02	-4.469728e-02	-4.468213e-02
8.779524994354072e-03	-4.468966e-02	-4.468489e-02	-4.469785e-02
8.789524994354071e-03	-4.469204e-02	-4.469728e-02	-4.468213e-02
8.799524994354071e-03	-4.468966e-02	-4.468489e-02	-4.469785e-02
8.809524994354072e-03	-4.469204e-02	-4.469728e-02	-4.468213e-02
8.819524994354072e-03	-4.468966e-02	-4.468489e-02	-4.469785e-02
8.829524994354071e-03	-4.469204e-02	-4.469728e-02	-4.468213e-02
8.839524994354071e-03	-4.468966e-02	-4.468489e-02	-4.469785e-02
8.849524994354072e-03	-4.469204e-02	-4.469728e-02	-4.468213e-02
8.859524994354072e-03	-4.468966e-02	-4.468489e-02	-4.469785e-02
8.869524994354071e-03	-4.469204e-02	-4.469728e-02	-4.468213e-02
8.879524994354071e-03	-4.468966e-02	-4.468489e-02	-4.469785e-02
8.889524994354071e-03	-4.469204e-02	-4.469728e-02	-4.468213e-02
8.899524994354072e-03	-4.468966e-02	-4.468489e-02	-4.469785e-02
8.909524994354072e-03	-4.469204e-02	-4.469728e-02	-4.468213e-02
8.919524994354071e-03	-4.468966e-02	-4.468489e-02	-4.469785e-02
8.929524994354071e-03	-4.469204e-02	-4.469728e-02	-4.468213e-02
8.939524994354072e-03	-4.468966e-02	-4.468489e-02	-4.469785e-02
8.949524994354072e-03	-4.469204e-02	-4.469728e-02	-4.468213e-02
8.959524994354071e-03	-4.468966e-02	-4.468489e-02	-4.469785e-02
8.969524994354071e-03	-4.469204e-02	-4.469728e-02	-4.468213e-02
8.979524994354072e-03	-4.468966e-02	-4.468489e-02	-4.469785e-02
8.989524994354072e-03	-4.469204e-02	-4.469728e-02	-4.468213e-02
8.999524994354071e-03	-4.468966e-02	-4.468489e-02	-4.469785e-02
9.009524994354071e-03	-4.469204e-02	-4.469728e-02	-4.468213e-02
9.019524994354072e-03	-4.468966e-02	-4.468489e-02	-4.469785e-02
9.029524994354072e-03	-4.469204e-02	-4.469728e-02	-4.468213e-02
9.039524994354071e-03	-4.468966e-02	-4.468489e-02	-4.469785e-02
9.049524994354071e-03	-4.469204e-02	-4.469728e-02	-4.468213e-02
9.059524994354071e-03	-4.468966e-02	-4.468489e-02	-4.469785e-02
9.069524994354072e-03	-4.469204e-02	-4.469728e-02	-4.468213e-02
9.079524994354072e-03	-4.468966e-02	-4.468489e-02	-4.469785e-02
9.089524994354071e-03	-4.469204e-02	-4.469728e-02	-4.468213e-02
9.099524994354071e-03	-4.468966e-02	-4.468489e-02	-4.469785e-02
9.109524994354072e-03	-4.469204e-02	-4.469728e-02	-4.468213e-02
9.119524994354072e-03	-4.468966e-02	-4.468489e-02	-4.469785e-02
9.129524994354071e-03	-4.469204e-02	-4.469728e-02	-4.468213e-02
9.139524994354071e-03	-4.468966e-02	-4.468489e-02	-4.469785e-02
9.149524994354072e-03	-4.469204e-02	-4.469728e-02	-4.468213e-02
9.159524994354072e-03	-4.468966e-02	-4.468489e-02	-4.469785e-02
9.169524994354071e-03	-4.469204e-02	-4.469728e-02	-4.468213e-02
9.179524994354071e-03	-4.468966e-02	-4.468489e-02	-4.469785e-02
9.189524994354072e-03	-4.469204e-02	-4.469728e-02	-4.468213e-02
9.199524994354072e-03	-4.468966e-02	-4.468489e-02	-4.469785e-02
9.209524994354071e-03	-4.469204e-02	-4.469728e-02	-4.468214e-02
9.219524994354071e-03	-4.468966e-02	-4.468489e-02	-4.469785e-02
9.229524994354071e-03	-4.469204e-02	-4.469728e-02	-4.468214e-02
9.239524994354072e-03	-4.468966e-02	-4.468489e-02	-4.469785e-02
9.249524994354072e-03	-4.469204e-02	-4.469728e-02	-4.468214e-02
9.259524994354071e-03	-4.468966e-02	-4.468489e-02	-4.469785e-02
9.269524994354071e-03	-4.469204e-02	-4.469705e-02	-4.468214e-02
9.279524994354072e-03	-4.468966e-02	-4.468489e-02	-4.469785e-02
9.289524994354072e-03	-4.469204e-02	-4.469705e-02	-4.468214e-02
9.299524994354071e-03	-4.468966e-02	-4.468489e-02	-4.469785e-02
9.309524994354071e-03	-4.469204e-02	-4.469705e-02	-4.468214e-02
9.319524994354072e-03	-4.468966e-02	-4.468489e-02	-4.469785e-02
9.329524994354072e-03	-4.469204e-02	-4.469705e-02	-4.468214e-02
9.339524994354071e-03	-4.468966e-02	-4.468489e-02	-4.469785e-02
9.349524994354071e-03	-4.469204e-02	-4.469705e-02	-4.468214e-02
9.359524994354072e-03	-4.468966e-02	-4.468489e-02	-4.469785e-02
9.369524994354072e-03	-4.469204e-02	-4.469705e-02	-4.468214e-02
9.379524994354071e-03	-4.468966e-02	-4.468489e-02	-4.469785e-02
9.389524994354071e-03	-4.469204e-02	-4.469705e-02	-4.468214e-02
9.399524994354071e-03	-4.468966e-02	-4.468489e-02	-4.469785e-02
9.409524994354072e-03	-4.469204e-02	-4.469705e-02	-4.468214e-02
9.419524994354072e-03	-4.468966e-02	-4.468489e-02	-4.469785e-02
9.429524994354071e-03	-4.469204e-02	-4.469705e-02	-4.468214e-02
9.439524994354071e-03	-4.468966e-02	-4.468489e-02	-4.469785e-02
9.449524994354072e-03	-4.469204e-02	-4.469705e-02	-4.468214e-02
9.459524994354072e-03	-4.468966e-02	-4.468489e-02	-4.469785e-02
9.469524994354071e-03	-4.469204e-02	-4.469705e-02	-4.468214e-02
9.479524994354071e-03	-4.468966e-02	-4.468489e-02	-4.469785e-02
9.489524994354072e-03	-4.469204e-02	-4.469705e-02	-4.468214e-02
9.499524994354072e-03	-4.468966e-02	-4.468489e-02	-4.469785e-02
9.509524994354071e-03	-4.469204e-02	-4.469705e-02	-4.468213e-02
9.519524994354071e-03	-4.468966e-02	-4.468489e-02	-4.469785e-02
9.529524994354071e-03	-4.469204e-02	-4.469705e-02	-4.468213e-02
9.539524994354072e-03	-4.468966e-02	-4.468489e-02	-4.469785e-02
9.549524994354072e-03	-4.469204e-02	-4.469705e-02	-4.468213e-02
9.559524994354071e-03	-4.468966e-02	-4.468489e-02	-4.469785e-02
9.569524994354071e-03	-4.469204e-02	-4.469705e-02	-4.468213e-02
9.579524994354072e-03	-4.468966e-02	-4.468489e-02	-4.469785e-02
9.589524994354072e-03	-4.469204e-02	-4.469705e-02	-4.468213e-02
9.599524994354071e-03	-4.468966e-02	-4.468489e-02	-4.469785e-02
9.609524994354071e-03	-4.469204e-02	-4.469705e-02	-4.468213e-02
9.619524994354072e-03	-4.468966e-02	-4.468489e-02	-4.469785e-02
9.629524994354072e-03	-4.469204e-02	-4.469705e-02	-4.468213e-02
9.639524994354071e-03	-4.468966e-02	-4.468489e-02	-4.469785e-02
9.649524994354071e-03	-4.469204e-02	-4.469705e-02	-4.468214e-02
9.659524994354072e-03	-4.468966e-02	-4.468489e-02	-4.469785e-02
9.669524994354072e-03	-4.469204e-02	-4.469705e-02	-4.468214e-02
9.679524994354071e-03	-4.468966e-02	-4.468489e-02	-4.469785e-02
9.689524994354071e-03	-4.469204e-02	-4.469705e-02	-4.468214e-02
9.699524994354071e-03	-4.468966e-02	-4.468489e-02	-4.469785e-02
9.709524994354072e-03	-4.469204e-02	-4.469705e-02	-4.468214e-02
9.719524994354072e-03	-4.468966e-02	-4.468489e-02	-4.469785e-02
9.729524994354071e-03	-4.469204e-02	-4.469705e-02	-4.468214e-02
9.739524994354071e-03	-4.468966e-02	-4.468489e-02	-4.469785e-02
9.749524994354072e-03	-4.469204e-02	-4.469705e-02	-4.468214e-02
9.759524994354072e-03	-4.468966e-02	-4.468489e-02	-4.469785e-02
9.769524994354071e-03	-4.469204e-02	-4.469705e-02	-4.468214e-02
9.779524994354071e-03	-4.468966e-02	-4.468489e-02	-4.469785e-02
9.789524994354072e-03	-4.469204e-02	-4.469705e-02	-4.468214e-02
9.799524994354072e-03	-4.468966e-02	-4.468489e-02	-4.469785e-02
9.809524994354071e-03	-4.469204e-02	-4.469705e-02	-4.468214e-02
9.819524994354071e-03	-4.468966e-02	-4.468489e-02	-4.469785e-02
9.829524994354072e-03	-4.469204e-02	-4.469705e-02	-4.468214e-02
9.839524994354072e-03	-4.468966e-02	-4.468489e-02	-4.469785e-02
9.849524994354071e-03	-4.469204e-02	-4.469705e-02	-4.468214e-02
9.859524994354071e-03	-4.468966e-02	-4.468489e-02	-4.469785e-02
9.869524994354071e-03	-4.469204e-02	-4.469705e-02	-4.468214e-02
9.879524994354072e-03	-4.468966e-02	-4.468489e-02	-4.469785e-02
9.889524994354072e-03	-4.469204e-02	-4.469705e-02	-4.468214e-02
9.899524994354071e-03	-4.468966e-02	-4.468489e-02	-4.469785e-02
9.909524994354071e-03	-4.469204e-02	-4.469705e-02	-4.468214e-02
9.919524994354072e-03	-4.468966e-02	-4.468489e-02	-4.469785e-02
9.929524994354072e-03	-4.469204e-02	-4.469705e-02	-4.468214e-02
9.939524994354071e-03	-4.468966e-02	-4.468489e-02	-4.469785e-02
9.949524994354071e-03	-4.469204e-02	-4.469705e-02	-4.468214e-02
9.959524994354072e-03	-4.468966e-02	-4.468489e-02	-4.469785e-02
9.969524994354072e-03	-4.469204e-02	-4.469705e-02	-4.468214e-02
9.979524994354071e-03	-4.468966e-02	-4.468489e-02	-4.469785e-02
9.989524994354071e-03	-4.469204e-02	-4.469705e-02	-4.468214e-02
9.999524994354072e-03	-4.468966e-02	-4.468489e-02	-4.469785e-02
1.000000000000000e-02	-4.469204e-02	-4.469705e-02	-4.468214e-02
1.000010000000000e-02	-4.468966e-02	-4.468465e-02	-4.469817e-02
1.000020000000000e-02	-4.469109e-02	-4.469824e-02	-4.467906e-02
1.000020473874906e-02	-4.468966e-02	-4.469228e-02	-4.468662e-02
1.000021421624719e-02	-4.468966e-02	-4.469228e-02	-4.468612e-02
1.000023317124344e-02	-4.468870e-02	-4.469252e-02	-4.468503e-02
1.000026872789086e-02	-4.468727e-02	-4.469228e-02	-4.468332e-02
1.000032964241738e-02	-4.468489e-02	-4.469156e-02	-4.468061e-02
1.000034034888055e-02	-4.468393e-02	-4.469132e-02	-4.468025e-02
1.000036176180689e-02	-4.468298e-02	-4.469061e-02	-4.467949e-02
1.000040458765956e-02	-4.468107e-02	-4.468894e-02	-4.467825e-02
1.000049023936492e-02	-4.467773e-02	-4.468489e-02	-4.467689e-02
1.000062813967659e-02	-4.467297e-02	-4.467821e-02	-4.467582e-02
1.000079504375817e-02	-4.468107e-02	-4.467964e-02	-4.466910e-02
1.000109806588051e-02	-4.478693e-02	-4.474998e-02	-4.462515e-02
1.000168606918661e-02	-5.628443e-02	-4.055333e-02	-3.964689e-02
1.000241258881210e-02	-1.015081e-01	-3.145146e-02	-1.581479e-02
1.000348555253395e-02	-2.310448e-01	-1.937366e-02	4.692703e-02
1.000366443199066e-02	-2.622080e-01	-1.676250e-02	5.977279e-02
1.000402219090409e-02	-3.345428e-01	-9.832144e-03	8.790394e-02
1.000473770873095e-02	-4.692812e-01	-1.543570e-02	1.329431e-01
1.000547572611750e-02	-5.791888e-01	-5.233073e-02	1.650130e-01
1.000640777036515e-02	-7.055960e-01	-1.240752e-01	2.017641e-01
1.000740365486758e-02	-8.274722e-01	-2.218912e-01	2.312596e-01
1.000939542387244e-02	-1.085750e+00	-4.045558e-01	2.626772e-01
1.001161715349749e-02	-1.350252e+00	-6.104329e-01	2.745697e-01
1.001365243786110e-02	-1.532167e+00	-8.434954e-01	2.785135e-01
1.001772300658832e-02	-1.835145e+00	-1.287945e+00	2.624729e-01
1.002482323391073e-02	-2.221688e+00	-1.981883e+00	2.188922e-01
1.003482323391073e-02	-2.657700e+00	-2.625178e+00	1.526080e-01
1.004482323391073e-02	-2.960916e+00	-2.931675e+00	5.630295e-02
1.005482323391073e-02	-2.983095e+00	-2.938542e+00	-4.240682e-01
1.006482323391073e-02	-2.999226e+00	-2.954682e+00	-8.488108e-01
1.007482323391073e-02	-3.014600e+00	-2.974646e+00	-1.230602e+00
1.008482323391073e-02	-3.021964e+00	-2.984111e+00	-1.603390e+00
1.009482323391073e-02	-3.025989e+00	-2.989359e+00	-1.964424e+00
1.010482323391073e-02	-3.028060e+00	-2.992073e+00	-2.314929e+00
1.011482323391073e-02	-3.046565e+00	-3.014538e+00	-2.605783e+00
1.012482323391073e-02	-3.085439e+00	-3.061675e+00	-2.806581e+00
1.013482323391073e-02	-3.126355e+00	-3.110508e+00	-2.947234e+00
1.014482323391073e-02	-3.163327e+00	-3.153332e+00	-3.045907e+00
1.015482323391073e-02	-3.194239e+00	-3.188204e+00	-3.115810e+00
1.016482323391073e-02	-3.219113e+00	-3.215536e+00	-3.165734e+00
1.017482323391073e-02	-3.238613e+00	-3.236562e+00	-3.201667e+00
1.018482323391073e-02	-3.253679e+00	-3.252490e+00	-3.227743e+00
1.019482323391073e-02	-3.265183e+00	-3.264532e+00	-3.246727e+00
1.020482323391073e-02	-3.273909e+00	-3.273526e+00	-3.260671e+00
1.021482323391073e-02	-3.280488e+00	-3.280297e+00	-3.270882e+00
1.022482323391073e-02	-3.285432e+00	-3.285309e+00	-3.278453e+00
1.023482323391073e-02	-3.289137e+00	-3.289091e+00	-3.284002e+00
1.024482323391073e-02	-3.291906e+00	-3.291864e+00	-3.288154e+00
1.025482323391073e-02	-3.293974e+00	-3.293974e+00	-3.291184e+00
1.026482323391073e-02	-3.295516e+00	-3.295500e+00	-3.293477e+00
1.027482323391073e-02	-3.296666e+00	-3.296680e+00	-3.295131e+00
1.028482323391073e-02	-3.297521e+00	-3.297513e+00	-3.296406e+00
1.029482323391073e-02	-3.298159e+00	-3.298177e+00	-3.297306e+00
1.030482323391073e-02	-3.298632e+00	-3.298626e+00	-3.298021e+00
1.031482323391073e-02	-3.298985e+00	-3.299005e+00	-3.298506e+00
1.032482323391073e-02	-3.299247e+00	-3.299242e+00	-3.298913e+00
1.033482323391073e-02	-3.299443e+00	-3.299462e+00	-3.299168e+00
1.034482323391073e-02	-3.299587e+00	-3.299582e+00	-3.299405e+00
1.035482323391073e-02	-3.299695e+00	-3.299715e+00	-3.299534e+00
1.036482323391073e-02	-3.299774e+00	-3.299770e+00	-3.299677e+00
1.037482323391073e-02	-3.299835e+00	-3.299855e+00	-3.299736e+00
1.038482323391073e-02	-3.299878e+00	-3.299873e+00	-3.299826e+00
1.039482323391073e-02	-3.299912e+00	-3.299932e+00	-3.299847e+00
1.040482323391073e-02	-3.299936e+00	-3.299931e+00	-3.299909e+00
1.041482323391073e-02	-3.299955e+00	-3.299975e+00	-3.299909e+00
1.042482323391073e-02	-3.299967e+00	-3.299963e+00	-3.299955e+00
1.043482323391073e-02	-3.299978e+00	-3.299998e+00	-3.299943e+00
1.044482323391073e-02	-3.299985e+00	-3.299980e+00	-3.299980e+00
1.045482323391073e-02	-3.299991e+00	-3.300011e+00	-3.299961e+00
1.046482323391073e-02	-3.299994e+00	-3.299990e+00	-3.299994e+00
1.047482323391073e-02	-3.299998e+00	-3.300018e+00	-3.299972e+00
1.048482323391073e-02	-3.300000e+00	-3.299995e+00	-3.300002e+00
1.049482323391073e-02	-3.300002e+00	-3.300022e+00	-3.299977e+00
1.050482323391073e-02	-3.300003e+00	-3.299998e+00	-3.300006e+00
1.051482323391073e-02	-3.300005e+00	-3.300025e+00	-3.299981e+00
1.052482323391073e-02	-3.300004e+00	-3.300000e+00	-3.300008e+00
1.053482323391073e-02	-3.300006e+00	-3.300026e+00	-3.299982e+00
1.054482323391073e-02	-3.300005e+00	-3.300000e+00	-3.300010e+00
1.055482323391073e-02	-3.300007e+00	-3.300026e+00	-3.299983e+00
1.056482323391073e-02	-3.300006e+00	-3.300001e+00	-3.300010e+00
1.057482323391073e-02	-3.300007e+00	-3.300027e+00	-3.299984e+00
1.058482323391073e-02	-3.300006e+00	-3.300001e+00	-3.300011e+00
1.059482323391073e-02	-3.300007e+00	-3.300027e+00	-3.299984e+00
1.060482323391073e-02	-3.300006e+00	-3.300001e+00	-3.300011e+00
1.061482323391073e-02	-3.300007e+00	-3.300027e+00	-3.299984e+00
1.062482323391073e-02	-3.300006e+00	-3.300001e+00	-3.300011e+00
1.063482323391073e-02	-3.300007e+00	-3.300027e+00	-3.299984e+00
1.064482323391073e-02	-3.300006e+00	-3.300002e+00	-3.300011e+00
1.065482323391073e-02	-3.300007e+00	-3.300027e+00	-3.299984e+00
1.066482323391073e-02	-3.300006e+00	-3.300002e+00	-3.300011e+00
1.067482323391073e-02	-3.300007e+00	-3.300027e+00	-3.299985e+00
1.068482323391073e-02	-3.300006e+00	-3.300002e+00	-3.300011e+00
1.069482323391073e-02	-3.300007e+00	-3.300027e+00	-3.299985e+00
1.070482323391073e-02	-3.300006e+00	-3.300002e+00	-3.300011e+00
1.071482323391073e-02	-3.300007e+00	-3.300027e+00	-3.299985e+00
1.072482323391073e-02	-3.300006e+00	-3.300002e+00	-3.300011e+00
1.073482323391073e-02	-3.300007e+00	-3.300027e+00	-3.299985e+00
1.074482323391073e-02	-3.300006e+00	-3.300002e+00	-3.300011e+00
1.075482323391073e-02	-3.300007e+00	-3.300027e+00	-3.299985e+00
1.076482323391073e-02	-3.300006e+00	-3.300002e+00	-3.300011e+00
1.077482323391073e-02	-3.300007e+00	-3.300027e+00	-3.299985e+00
1.078482323391073e-02	-3.300006e+00	-3.300002e+00	-3.300011e+00
1.079482323391073e-02	-3.300007e+00	-3.300027e+00	-3.299985e+00
1.080482323391073e-02	-3.300006e+00	-3.300002e+00	-3.300011e+00
1.081482323391073e-02	-3.300007e+00	-3.300027e+00	-3.299985e+00
1.082482323391073e-02	-3.300006e+00	-3.300002e+00	-3.300011e+00
1.083482323391073e-02	-3.300007e+00	-3.300027e+00	-3.299985e+00
1.084482323391073e-02	-3.300006e+00	-3.300002e+00	-3.300011e+00
1.085482323391073e-02	-3.300007e+00	-3.300027e+00	-3.299985e+00
1.086482323391073e-02	-3.300006e+00	-3.300002e+00	-3.300011e+00
1.087482323391073e-02	-3.300007e+00	-3.300027e+00	-3.299985e+00
1.088482323391073e-02	-3.300006e+00	-3.300002e+00	-3.300011e+00
1.089482323391073e-02	-3.300007e+00	-3.300027e+00	-3.299985e+00
1.090482323391073e-02	-3.300006e+00	-3.300002e+00	-3.300011e+00
1.091482323391073e-02	-3.300007e+00	-3.300027e+00	-3.299985e+00
1.092482323391073e-02	-3.300006e+00	-3.300002e+00	-3.300011e+00
1.093482323391073e-02	-3.300007e+00	-3.300027e+00	-3.299985e+00
1.094482323391073e-02	-3.300006e+00	-3.300002e+00	-3.300011e+00
1.095482323391073e-02	-3.300007e+00	-3.300027e+00	-3.299985e+00
1.096482323391073e-02	-3.300006e+00	-3.300002e+00	-3.300011e+00
1.097482323391073e-02	-3.300007e+00	-3.300027e+00	-3.299985e+00
1.098482323391073e-02	-3.300006e+00	-3.300002e+00	-3.300011e+00
1.099482323391073e-02	-3.300007e+00	-3.300027e+00	-3.299985e+00
1.100482323391073e-02	-3.300006e+00	-3.300002e+00	-3.300011e+00
1.101482323391073e-02	-3.300007e+00	-3.300027e+00	-3.299985e+00
1.102482323391073e-02	-3.300006e+00	-3.300002e+00	-3.300011e+00
1.103482323391073e-02	-3.300007e+00	-3.300027e+00	-3.299985e+00
1.104482323391073e-02	-3.300006e+00	-3.300002e+00	-3.300011e+00
1.105482323391073e-02	-3.300007e+00	-3.300027e+00	-3.299985e+00
1.106482323391073e-02	-3.300006e+00	-3.300002e+00	-3.300011e+00
1.107482323391073e-02	-3.300007e+00	-3.300027e+00	-3.299985e+00
1.108482323391073e-02	-3.300006e+00	-3.300002e+00	-3.300011e+00
1.109482323391073e-02	-3.300007e+00	-3.300027e+00	-3.299985e+00
1.110482323391073e-02	-3.300006e+00	-3.300002e+00	-3.300011e+00
1.111482323391073e-02	-3.300007e+00	-3.300027e+00	-3.299985e+00
1.112482323391073e-02	-3.300006e+00	-3.300002e+00	-3.300011e+00
1.113482323391073e-02	-3.300007e+00	-3.300027e+00	-3.299985e+00
1.114482323391073e-02	-3.300006e+00	-3.300002e+00	-3.300011e+00
1.115482323391073e-02	-3.300007e+00	-3.300027e+00	-3.299985e+00
1.116482323391073e-02	-3.300006e+00	-3.300002e+00	-3.300011e+00
1.117482323391073e-02	-3.300007e+00	-3.300027e+00	-3.299985e+00
1.118482323391073e-02	-3.300006e+00	-3.300002e+00	-3.300011e+00
1.119482323391073e-02	-3.300007e+00	-3.300027e+00	-3.299985e+00
1.120482323391073e-02	-3.300006e+00	-3.300002e+00	-3.300011e+00
1.121482323391073e-02	-3.300007e+00	-3.300027e+00	-3.299985e+00
1.122482323391073e-02	-3.300006e+00	-3.300002e+00	-3.300011e+00
1.123482323391073e-02	-3.300007e+00	-3.300027e+00	-3.299985e+00
1.124482323391073e-02	-3.300006e+00	-3.300002e+00	-3.300011e+00
1.125482323391073e-02	-3.300007e+00	-3.300027e+00	-3.299985e+00
1.126482323391073e-02	-3.300006e+00	-3.300002e+00	-3.300011e+00
1.127482323391073e-02	-3.300007e+00	-3.300027e+00	-3.299985e+00
1.128482323391073e-02	-3.300006e+00	-3.300002e+00	-3.300011e+00
1.129482323391073e-02	-3.300007e+00	-3.300027e+00	-3.299985e+00
1.130482323391073e-02	-3.300006e+00	-3.300002e+00	-3.300011e+00
1.131482323391073e-02	-3.300007e+00	-3.300027e+00	-3.299985e+00
1.132482323391073e-02	-3.300006e+00	-3.300002e+00	-3.300011e+00
1.133482323391073e-02	-3.300007e+00	-3.300027e+00	-3.299985e+00
1.134482323391073e-02	-3.300006e+00	-3.300002e+00	-3.300011e+00
1.135482323391073e-02	-3.300007e+00	-3.300027e+00	-3.299985e+00
1.136482323391073e-02	-3.300006e+00	-3.300002e+00	-3.300011e+00
1.137482323391073e-02	-3.300007e+00	-3.300027e+00	-3.299985e+00
1.138482323391073e-02	-3.300006e+00	-3.300002e+00	-3.300011e+00
1.139482323391073e-02	-3.300007e+00	-3.300027e+00	-3.299985e+00
1.140482323391073e-02	-3.300006e+00	-3.300002e+00	-3.300011e+00
1.141482323391073e-02	-3.300007e+00	-3.300027e+00	-3.299985e+00
1.142482323391073e-02	-3.300006e+00	-3.300002e+00	-3.300011e+00
1.143482323391073e-02	-3.300007e+00	-3.300027e+00	-3.299985e+00
1.144482323391073e-02	-3.300006e+00	-3.300002e+00	-3.300011e+00
1.145482323391073e-02	-3.300007e+00	-3.300027e+00	-3.299985e+00
1.146482323391073e-02	-3.300006e+00	-3.300002e+00	-3.300011e+00
1.147482323391073e-02	-3.300007e+00	-3.300027e+00	-3.299985e+00
1.148482323391073e-02	-3.300006e+00	-3.300002e+00	-3.300011e+00
1.149482323391073e-02	-3.300007e+00	-3.300027e+00	-3.299985e+00
1.150482323391073e-02	-3.300006e+00	-3.300002e+00	-3.300011e+00
1.151482323391073e-02	-3.300007e+00	-3.300027e+00	-3.299985e+00
1.152482323391073e-02	-3.300006e+00	-3.300002e+00	-3.300011e+00
1.153482323391073e-02	-3.300007e+00	-3.300027e+00	-3.299985e+00
1.154482323391073e-02	-3.300006e+00	-3.300002e+00	-3.300011e+00
1.155482323391073e-02	-3.300007e+00	-3.300027e+00	-3.299985e+00
1.156482323391073e-02	-3.300006e+00	-3.300002e+00	-3.300011e+00
1.157482323391073e-02	-3.300007e+00	-3.300027e+00	-3.299985e+00
1.158482323391073e-02	-3.300006e+00	-3.300002e+00	-3.300011e+00
1.159482323391073e-02	-3.300007e+00	-3.300027e+00	-3.299985e+00
1.160482323391073e-02	-3.300006e+00	-3.300002e+00	-3.300011e+00
1.161482323391073e-02	-3.300007e+00	-3.300027e+00	-3.299985e+00
1.162482323391073e-02	-3.300006e+00	-3.300002e+00	-3.300011e+00
1.163482323391073e-02	-3.300007e+00	-3.300027e+00	-3.299985e+00
1.164482323391073e-02	-3.300006e+00	-3.300002e+00	-3.300011e+00
1.165482323391073e-02	-3.300007e+00	-3.300027e+00	-3.299985e+00
1.166482323391073e-02	-3.300006e+00	-3.300002e+00	-3.300011e+00
1.167482323391073e-02	-3.300007e+00	-3.300027e+00	-3.299985e+00
1.168482323391073e-02	-3.300006e+00	-3.300002e+00	-3.300011e+00
1.169482323391073e-02	-3.300007e+00	-3.300027e+00	-3.299985e+00
1.170482323391073e-02	-3.300006e+00	-3.300002e+00	-3.300011e+00
1.171482323391073e-02	-3.300007e+00	-3.300027e+00	-3.299985e+00
1.172482323391073e-02	-3.300006e+00	-3.300002e+00	-3.300011e+00
1.173482323391073e-02	-3.300007e+00	-3.300027e+00	-3.299985e+00
1.174482323391073e-02	-3.300006e+00	-3.300002e+00	-3.300011e+00
1.175482323391073e-02	-3.300007e+00	-3.300027e+00	-3.299985e+00
1.176482323391073e-02	-3.300006e+00	-3.300002e+00	-3.300011e+00
1.177482323391073e-02	-3.300007e+00	-3.300027e+00	-3.299985e+00
1.178482323391073e-02	-3.300006e+00	-3.300002e+00	-3.300011e+00
1.179482323391073e-02	-3.300007e+00	-3.300027e+00	-3.299985e+00
1.180482323391073e-02	-3.300006e+00	-3.300002e+00	-3.300011e+00
1.181482323391073e-02	-3.300007e+00	-3.300027e+00	-3.299985e+00
1.182482323391073e-02	-3.300006e+00	-3.300002e+00	-3.300011e+00
1.183482323391073e-02	-3.300007e+00	-3.300027e+00	-3.299985e+00
1.184482323391073e-02	-3.300006e+00	-3.300002e+00	-3.300011e+00
1.185482323391073e-02	-3.300007e+00	-3.300027e+00	-3.299985e+00
1.186482323391073e-02	-3.300006e+00	-3.300002e+00	-3.300011e+00
1.187482323391073e-02	-3.300007e+00	-3.300027e+00	-3.299985e+00
1.188482323391073e-02	-3.300006e+00	-3.300002e+00	-3.300011e+00
1.189482323391073e-02	-3.300007e+00	-3.300027e+00	-3.299985e+00
1.190482323391073e-02	-3.300006e+00	-3.300002e+00	-3.300011e+00
1.191482323391073e-02	-3.300007e+00	-3.300027e+00	-3.299985e+00
1.192482323391073e-02	-3.300006e+00	-3.300002e+00	-3.300011e+00
1.193482323391073e-02	-3.300007e+00	-3.300027e+00	-3.299985e+00
1.194482323391073e-02	-3.300006e+00	-3.300002e+00	-3.300011e+00
1.195482323391073e-02	-3.300007e+00	-3.300027e+00	-3.299985e+00
1.196482323391073e-02	-3.300006e+00	-3.300002e+00	-3.300011e+00
1.197482323391073e-02	-3.300007e+00	-3.300027e+00	-3.299985e+00
1.198482323391073e-02	-3.300006e+00	-3.300002e+00	-3.300011e+00
1.199482323391073e-02	-3.300007e+00	-3.300027e+00	-3.299985e+00
1.200482323391073e-02	-3.300006e+00	-3.300002e+00	-3.300011e+00
1.201482323391073e-02	-3.300007e+00	-3.300027e+00	-3.299985e+00
1.202482323391073e-02	-3.300006e+00	-3.300002e+00	-3.300011e+00
1.203482323391073e-02	-3.300007e+00	-3.300027e+00	-3.299985e+00
1.204482323391073e-02	-3.300006e+00	-3.300002e+00	-3.300011e+00
1.205482323391073e-02	-3.300007e+00	-3.300027e+00	-3.299985e+00
1.206482323391073e-02	-3.300006e+00	-3.300002e+00	-3.300011e+00
1.207482323391073e-02	-3.300007e+00	-3.300027e+00	-3.299985e+00
1.208482323391073e-02	-3.300006e+00	-3.300002e+00	-3.300011e+00
1.209482323391073e-02	-3.300007e+00	-3.300027e+00	-3.299985e+00
1.210482323391073e-02	-3.300006e+00	-3.300002e+00	-3.300011e+00
1.211482323391073e-02	-3.300007e+00	-3.300026e+00	-3.299985e+00
1.212482323391073e-02	-3.300006e+00	-3.300002e+00	-3.300011e+00
1.213482323391073e-02	-3.300007e+00	-3.300026e+00	-3.299985e+00
1.214482323391073e-02	-3.300006e+00	-3.300002e+00	-3.300011e+00
1.215482323391073e-02	-3.300007e+00	-3.300027e+00	-3.299985e+00
1.216482323391073e-02	-3.300006e+00	-3.300002e+00	-3.300011e+00
1.217482323391073e-02	-3.300007e+00	-3.300027e+00	-3.299985e+00
1.218482323391073e-02	-3.300006e+00	-3.300002e+00	-3.300011e+00
1.219482323391073e-02	-3.300007e+00	-3.300027e+00	-3.299985e+00
1.220482323391073e-02	-3.300006e+00	-3.300002e+00	-3.300011e+00
1.221482323391073e-02	-3.300007e+00	-3.300027e+00	-3.299985e+00
1.222482323391073e-02	-3.300006e+00	-3.300002e+00	-3.300011e+00
1.223482323391073e-02	-3.300007e+00	-3.300027e+00	-3.299985e+00
1.224482323391073e-02	-3.300006e+00	-3.300002e+00	-3.300011e+00
1.225482323391073e-02	-3.300007e+00	-3.300026e+00	-3.299985e+00
1.226482323391073e-02	-3.300006e+00	-3.300002e+00	-3.300011e+00
1.227482323391073e-02	-3.300007e+00	-3.300026e+00	-3.299985e+00
1.228482323391073e-02	-3.300006e+00	-3.300002e+00	-3.300011e+00
1.229482323391073e-02	-3.300007e+00	-3.300027e+00	-3.299985e+00
1.230482323391073e-02	-3.300006e+00	-3.300002e+00	-3.300011e+00
1.231482323391073e-02	-3.300007e+00	-3.300027e+00	-3.299985e+00
1.232482323391073e-02	-3.300006e+00	-3.300002e+00	-3.300011e+00
1.233482323391073e-02	-3.300007e+00	-3.300027e+00	-3.299985e+00
1.234482323391073e-02	-3.300006e+00	-3.300002e+00	-3.300011e+00
1.235482323391073e-02	-3.300007e+00	-3.300026e+00	-3.299985e+00
1.236482323391073e-02	-3.300006e+00	-3.300002e+00	-3.300011e+00
1.237482323391073e-02	-3.300007e+00	-3.300026e+00	-3.299985e+00
1.238482323391073e-02	-3.300006e+00	-3.300002e+00	-3.300011e+00
1.239482323391073e-02	-3.300007e+00	-3.300026e+00	-3.299985e+00
1.240482323391073e-02	-3.300006e+00	-3.300002e+00	-3.300011e+00
1.241482323391073e-02	-3.300007e+00	-3.300027e+00	-3.299985e+00
1.242482323391073e-02	-3.300006e+00	-3.300002e+00	-3.300011e+00
1.243482323391073e-02	-3.300007e+00	-3.300027e+00	-3.299985e+00
1.244482323391073e-02	-3.300006e+00	-3.300002e+00	-3.300011e+00
1.245482323391073e-02	-3.300007e+00	-3.300026e+00	-3.299985e+00
1.246482323391073e-02	-3.300006e+00	-3.300002e+00	-3.300011e+00
1.247482323391073e-02	-3.300007e+00	-3.300026e+00	-3.299985e+00
1.248482323391073e-02	-3.300006e+00	-3.300002e+00	-3.300011e+00
1.249482323391073e-02	-3.300007e+00	-3.300026e+00	-3.299985e+00
1.250482323391073e-02	-3.300006e+00	-3.300002e+00	-3.300011e+00
1.251482323391073e-02	-3.300007e+00	-3.300026e+00	-3.299985e+00
1.252482323391073e-02	-3.300006e+00	-3.300002e+00	-3.300011e+00
1.253482323391073e-02	-3.300007e+00	-3.300027e+00	-3.299985e+00
1.254482323391073e-02	-3.300006e+00	-3.300002e+00	-3.300011e+00
1.255482323391073e-02	-3.300007e+00	-3.300026e+00	-3.299985e+00
1.256482323391073e-02	-3.300006e+00	-3.300002e+00	-3.300011e+00
1.257482323391073e-02	-3.300007e+00	-3.300026e+00	-3.299985e+00
1.258482323391073e-02	-3.300006e+00	-3.300002e+00	-3.300011e+00
1.259482323391073e-02	-3.300007e+00	-3.300026e+00	-3.299985e+00
1.260482323391073e-02	-3.300006e+00	-3.300002e+00	-3.300011e+00
1.261482323391073e-02	-3.300007e+00	-3.300026e+00	-3.299985e+00
1.262482323391073e-02	-3.300006e+00	-3.300002e+00	-3.300011e+00
1.263482323391073e-02	-3.300007e+00	-3.300026e+00	-3.299985e+00
1.264482323391073e-02	-3.300006e+00	-3.300002e+00	-3.300011e+00
1.265482323391073e-02	-3.300007e+00	-3.300026e+00	-3.299985e+00
1.266482323391073e-02	-3.300006e+00	-3.300002e+00	-3.300011e+00
1.267482323391073e-02	-3.300007e+00	-3.300026e+00	-3.299985e+00
1.268482323391073e-02	-3.300006e+00	-3.300002e+00	-3.300011e+00
1.269482323391073e-02	-3.300007e+00	-3.300026e+00	-3.299985e+00
1.270482323391073e-02	-3.300006e+00	-3.300002e+00	-3.300011e+00
1.271482323391073e-02	-3.300007e+00	-3.300026e+00	-3.299985e+00
1.272482323391073e-02	-3.300006e+00	-3.300002e+00	-3.300011e+00
1.273482323391073e-02	-3.300007e+00	-3.300026e+00	-3.299985e+00
1.274482323391073e-02	-3.300006e+00	-3.300002e+00	-3.300011e+00
1.275482323391073e-02	-3.300007e+00	-3.300026e+00	-3.299985e+00
1.276482323391073e-02	-3.300006e+00	-3.300002e+00	-3.300011e+00
1.277482323391073e-02	-3.300007e+00	-3.300026e+00	-3.299985e+00
1.278482323391073e-02	-3.300006e+00	-3.300002e+00	-3.300011e+00
1.279482323391073e-02	-3.300007e+00	-3.300026e+00	-3.299985e+00
1.280482323391073e-02	-3.300006e+00	-3.300002e+00	-3.300011e+00
1.281482323391073e-02	-3.300007e+00	-3.300026e+00	-3.299985e+00
1.282482323391073e-02	-3.300006e+00	-3.300002e+00	-3.300011e+00
1.283482323391073e-02	-3.300007e+00	-3.300026e+00	-3.299985e+00
1.284482323391073e-02	-3.300006e+00	-3.300002e+00	-3.300011e+00
1.285482323391073e-02	-3.300007e+00	-3.300026e+00	-3.299985e+00
1.286482323391073e-02	-3.300006e+00	-3.300002e+00	-3.300011e+00
1.287482323391073e-02	-3.300007e+00	-3.300026e+00	-3.299985e+00
1.288482323391073e-02	-3.300006e+00	-3.300002e+00	-3.300011e+00
1.289482323391073e-02	-3.300007e+00	-3.300026e+00	-3.299985e+00
1.290482323391073e-02	-3.300006e+00	-3.300002e+00	-3.300011e+00
1.291482323391073e-02	-3.300007e+00	-3.300026e+00	-3.299985e+00
1.292482323391073e-02	-3.300006e+00	-3.300002e+00	-3.300011e+00
1.293482323391073e-02	-3.300007e+00	-3.300026e+00	-3.299985e+00
1.294482323391073e-02	-3.300006e+00	-3.300002e+00	-3.300011e+00
1.295482323391073e-02	-3.300007e+00	-3.300026e+00	-3.299985e+00
1.296482323391073e-02	-3.300006e+00	-3.300002e+00	-3.300011e+00
1.297482323391073e-02	-3.300007e+00	-3.300026e+00	-3.299985e+00
1.298482323391073e-02	-3.300006e+00	-3.300002e+00	-3.300011e+00
1.299482323391073e-02	-3.300007e+00	-3.300026e+00	-3.299985e+00
1.300482323391073e-02	-3.300006e+00	-3.300002e+00	-3.300011e+00
1.301482323391073e-02	-3.300007e+00	-3.300026e+00	-3.299985e+00
1.302482323391073e-02	-3.300006e+00	-3.300002e+00	-3.300011e+00
1.303482323391073e-02	-3.300007e+00	-3.300026e+00	-3.299985e+00
1.304482323391073e-02	-3.300006e+00	-3.300002e+00	-3.300011e+00
1.305482323391073e-02	-3.300007e+00	-3.300026e+00	-3.299985e+00
1.306482323391073e-02	-3.300006e+00	-3.300002e+00	-3.300011e+00
1.307482323391073e-02	-3.300007e+00	-3.300026e+00	-3.299985e+00
1.308482323391073e-02	-3.300006e+00	-3.300002e+00	-3.300011e+00
1.309482323391073e-02	-3.300007e+00	-3.300026e+00	-3.299985e+00
1.310482323391073e-02	-3.300006e+00	-3.300003e+00	-3.300011e+00
1.311482323391073e-02	-3.300007e+00	-3.300026e+00	-3.299986e+00
1.312482323391073e-02	-3.300006e+00	-3.300002e+00	-3.300011e+00
1.313482323391073e-02	-3.300007e+00	-3.300026e+00	-3.299985e+00
1.314482323391073e-02	-3.300006e+00	-3.300002e+00	-3.300011e+00
1.315482323391073e-02	-3.300007e+00	-3.300026e+00	-3.299985e+00
1.316482323391073e-02	-3.300006e+00	-3.300003e+00	-3.300011e+00
1.317482323391073e-02	-3.300007e+00	-3.300026e+00	-3.299986e+00
1.318482323391073e-02	-3.300006e+00	-3.300003e+00	-3.300011e+00
1.319482323391073e-02	-3.300007e+00	-3.300026e+00	-3.299985e+00
1.320482323391073e-02	-3.300006e+00	-3.300002e+00	-3.300011e+00
1.321482323391073e-02	-3.300007e+00	-3.300026e+00	-3.299985e+00
1.322482323391073e-02	-3.300006e+00	-3.300003e+00	-3.300011e+00
1.323482323391073e-02	-3.300007e+00	-3.300026e+00	-3.299986e+00
1.324482323391073e-02	-3.300006e+00	-3.300003e+00	-3.300011e+00
1.325482323391073e-02	-3.300007e+00	-3.300026e+00	-3.299985e+00
1.326482323391073e-02	-3.300006e+00	-3.300002e+00	-3.300011e+00
1.327482323391073e-02	-3.300007e+00	-3.300026e+00	-3.299986e+00
1.328482323391073e-02	-3.300006e+00	-3.300003e+00	-3.300010e+00
1.329482323391073e-02	-3.300007e+00	-3.300026e+00	-3.299986e+00
1.330482323391073e-02	-3.300006e+00	-3.300003e+00	-3.300011e+00
1.331482323391073e-02	-3.300007e+00	-3.300026e+00	-3.299985e+00
1.332482323391073e-02	-3.300006e+00	-3.300002e+00	-3.300011e+00
1.333482323391073e-02	-3.300007e+00	-3.300026e+00	-3.299986e+00
1.334482323391073e-02	-3.300006e+00	-3.300003e+00	-3.300010e+00
1.335482323391073e-02	-3.300007e+00	-3.300026e+00	-3.299985e+00
1.336482323391073e-02	-3.300006e+00	-3.300003e+00	-3.300011e+00
1.337482323391073e-02	-3.300007e+00	-3.300026e+00	-3.299985e+00
1.338482323391073e-02	-3.300006e+00	-3.300002e+00	-3.300010e+00
1.339482323391073e-02	-3.300007e+00	-3.300026e+00	-3.299986e+00
1.340482323391073e-02	-3.300006e+00	-3.300003e+00	-3.300010e+00
1.341482323391073e-02	-3.300007e+00	-3.300026e+00	-3.299985e+00
1.342482323391073e-02	-3.300006e+00	-3.300003e+00	-3.300011e+00
1.343482323391073e-02	-3.300007e+00	-3.300026e+00	-3.299986e+00
1.344482323391073e-02	-3.300006e+00	-3.300002e+00	-3.300010e+00
1.345482323391073e-02	-3.300007e+00	-3.300026e+00	-3.299986e+00
1.346482323391073e-02	-3.300006e+00	-3.300003e+00	-3.300010e+00
1.347482323391073e-02	-3.300007e+00	-3.300026e+00	-3.299985e+00
1.348482323391073e-02	-3.300006e+00	-3.300003e+00	-3.300011e+00
1.349482323391073e-02	-3.300007e+00	-3.300026e+00	-3.299986e+00
1.350482323391073e-02	-3.300006e+00	-3.300003e+00	-3.300010e+00
1.351482323391073e-02	-3.300007e+00	-3.300026e+00	-3.299985e+00
1.352482323391073e-02	-3.300006e+00	-3.300003e+00	-3.300011e+00
1.353482323391073e-02	-3.300007e+00	-3.300026e+00	-3.299986e+00
1.354482323391073e-02	-3.300006e+00	-3.300003e+00	-3.300010e+00
1.355482323391073e-02	-3.300007e+00	-3.300026e+00	-3.299986e+00
1.356482323391073e-02	-3.300006e+00	-3.300003e+00	-3.300010e+00
1.357482323391073e-02	-3.300007e+00	-3.300026e+00	-3.299986e+00
1.358482323391073e-02	-3.300006e+00	-3.300003e+00	-3.300011e+00
1.359482323391073e-02	-3.300007e+00	-3.300026e+00	-3.299986e+00
1.360482323391073e-02	-3.300006e+00	-3.300003e+00	-3.300010e+00
1.361482323391073e-02	-3.300007e+00	-3.300026e+00	-3.299985e+00
1.362482323391073e-02	-3.300006e+00	-3.300003e+00	-3.300010e+00
1.363482323391073e-02	-3.300007e+00	-3.300026e+00	-3.299986e+00
1.364482323391073e-02	-3.300006e+00	-3.300003e+00	-3.300010e+00
1.365482323391073e-02	-3.300007e+00	-3.300026e+00	-3.299986e+00
1.366482323391073e-02	-3.300006e+00	-3.300003e+00	-3.300010e+00
1.367482323391073e-02	-3.300007e+00	-3.300026e+00	-3.299986e+00
1.368482323391073e-02	-3.300006e+00	-3.300003e+00	-3.300011e+00
1.369482323391073e-02	-3.300007e+00	-3.300026e+00	-3.299986e+00
1.370482323391073e-02	-3.300006e+00	-3.300003e+00	-3.300010e+00
1.371482323391073e-02	-3.300007e+00	-3.300026e+00	-3.299986e+00
1.372482323391073e-02	-3.300006e+00	-3.300003e+00	-3.300010e+00
1.373482323391073e-02	-3.300007e+00	-3.300026e+00	-3.299986e+00
1.374482323391073e-02	-3.300006e+00	-3.300003e+00	-3.300010e+00
1.375482323391073e-02	-3.300007e+00	-3.300026e+00	-3.299986e+00
1.376482323391073e-02	-3.300006e+00	-3.300003e+00	-3.300010e+00
1.377482323391073e-02	-3.300007e+00	-3.300026e+00	-3.299986e+00
1.378482323391073e-02	-3.300006e+00	-3.300003e+00	-3.300010e+00
1.379482323391073e-02	-3.300007e+00	-3.300026e+00	-3.299986e+00
1.380482323391073e-02	-3.300006e+00	-3.300003e+00	-3.300010e+00
1.381482323391073e-02	-3.300007e+00	-3.300026e+00	-3.299986e+00
1.382482323391073e-02	-3.300006e+00	-3.300003e+00	-3.300010e+00
1.383482323391073e-02	-3.300007e+00	-3.300026e+00	-3.299986e+00
1.384482323391073e-02	-3.300006e+00	-3.300003e+00	-3.300010e+00
1.385482323391073e-02	-3.300007e+00	-3.300026e+00	-3.299986e+00
1.386482323391073e-02	-3.300006e+00	-3.300003e+00	-3.300010e+00
1.387482323391073e-02	-3.300007e+00	-3.300026e+00	-3.299986e+00
1.388482323391073e-02	-3.300006e+00	-3.300003e+00	-3.300010e+00
1.389482323391073e-02	-3.300007e+00	-3.300026e+00	-3.299986e+00
1.390482323391073e-02	-3.300006e+00	-3.300003e+00	-3.300010e+00
1.391482323391073e-02	-3.300007e+00	-3.300026e+00	-3.299986e+00
1.392482323391073e-02	-3.300006e+00	-3.300003e+00	-3.300010e+00
1.393482323391073e-02	-3.300007e+00	-3.300026e+00	-3.299986e+00
1.394482323391073e-02	-3.300006e+00	-3.300003e+00	-3.300010e+00
1.395482323391073e-02	-3.300007e+00	-3.300026e+00	-3.299986e+00
1.396482323391073e-02	-3.300006e+00	-3.300003e+00	-3.300010e+00
1.397482323391073e-02	-3.300007e+00	-3.300026e+00	-3.299986e+00
1.398482323391073e-02	-3.300006e+00	-3.300003e+00	-3.300010e+00
1.399482323391073e-02	-3.300007e+00	-3.300026e+00	-3.299986e+00
1.400482323391073e-02	-3.300006e+00	-3.300003e+00	-3.300010e+00
1.401482323391073e-02	-3.300007e+00	-3.300026e+00	-3.299986e+00
1.402482323391073e-02	-3.300006e+00	-3.300003e+00	-3.300010e+00
1.403482323391073e-02	-3.300007e+00	-3.300026e+00	-3.299986e+00
1.404482323391073e-02	-3.300006e+00	-3.300003e+00	-3.300010e+00
1.405482323391073e-02	-3.300007e+00	-3.300026e+00	-3.299986e+00
1.406482323391073e-02	-3.300006e+00	-3.300003e+00	-3.300010e+00
1.407482323391073e-02	-3.300007e+00	-3.300026e+00	-3.299986e+00
1.408482323391073e-02	-3.300006e+00	-3.300003e+00	-3.300010e+00
1.409482323391073e-02	-3.300007e+00	-3.300026e+00	-3.299986e+00
1.410482323391073e-02	-3.300006e+00	-3.300003e+00	-3.300010e+00
1.411482323391073e-02	-3.300007e+00	-3.300026e+00	-3.299986e+00
1.412482323391073e-02	-3.300006e+00	-3.300003e+00	-3.300010e+00
1.413482323391073e-02	-3.300007e+00	-3.300026e+00	-3.299986e+00
1.414482323391073e-02	-3.300006e+00	-3.300003e+00	-3.300010e+00
1.415482323391073e-02	-3.300007e+00	-3.300026e+00	-3.299986e+00
1.416482323391073e-02	-3.300006e+00	-3.300003e+00	-3.300010e+00
1.417482323391073e-02	-3.300007e+00	-3.300026e+00	-3.299986e+00
1.418482323391073e-02	-3.300006e+00	-3.300003e+00	-3.300010e+00
1.419482323391073e-02	-3.300007e+00	-3.300026e+00	-3.299986e+00
1.420482323391073e-02	-3.300006e+00	-3.300003e+00	-3.300010e+00
1.421482323391073e-02	-3.300007e+00	-3.300026e+00	-3.299986e+00
1.422482323391073e-02	-3.300006e+00	-3.300003e+00	-3.300010e+00
1.423482323391073e-02	-3.300008e+00	-3.300026e+00	-3.299986e+00
1.424482323391073e-02	-3.300006e+00	-3.300003e+00	-3.300010e+00
1.425482323391073e-02	-3.300007e+00	-3.300026e+00	-3.299986e+00
1.426482323391073e-02	-3.300006e+00	-3.300003e+00	-3.300010e+00
1.427482323391073e-02	-3.300008e+00	-3.300026e+00	-3.299986e+00
1.428482323391073e-02	-3.300006e+00	-3.300003e+00	-3.300010e+00
1.429482323391073e-02	-3.300007e+00	-3.300026e+00	-3.299986e+00
1.430482323391073e-02	-3.300006e+00	-3.300003e+00	-3.300010e+00
1.431482323391073e-02	-3.300007e+00	-3.300026e+00	-3.299986e+00
1.432482323391073e-02	-3.300006e+00	-3.300003e+00	-3.300010e+00
1.433482323391073e-02	-3.300007e+00	-3.300026e+00	-3.299986e+00
1.434482323391073e-02	-3.300006e+00	-3.300003e+00	-3.300010e+00
1.435482323391073e-02	-3.300007e+00	-3.300026e+00	-3.299986e+00
1.436482323391073e-02	-3.300006e+00	-3.300003e+00	-3.300010e+00
1.437482323391073e-02	-3.300007e+00	-3.300026e+00	-3.299986e+00
1.438482323391073e-02	-3.300006e+00	-3.300003e+00	-3.300010e+00
1.439482323391073e-02	-3.300007e+00	-3.300026e+00	-3.299986e+00
1.440482323391073e-02	-3.300006e+00	-3.300003e+00	-3.300010e+00
1.441482323391073e-02	-3.300008e+00	-3.300026e+00	-3.299986e+00
1.442482323391073e-02	-3.300006e+00	-3.300003e+00	-3.300010e+00
1.443482323391073e-02	-3.300007e+00	-3.300026e+00	-3.299986e+00
1.444482323391073e-02	-3.300006e+00	-3.300003e+00	-3.300010e+00
1.445482323391073e-02	-3.300007e+00	-3.300026e+00	-3.299986e+00
1.446482323391073e-02	-3.300006e+00	-3.300003e+00	-3.300010e+00
1.447482323391073e-02	-3.300007e+00	-3.300026e+00	-3.299986e+00
1.448482323391073e-02	-3.300006e+00	-3.300003e+00	-3.300010e+00
1.449482323391073e-02	-3.300007e+00	-3.300026e+00	-3.299986e+00
1.450482323391073e-02	-3.300006e+00	-3.300003e+00	-3.300010e+00
1.451482323391073e-02	-3.300007e+00	-3.300026e+00	-3.299986e+00
1.452482323391073e-02	-3.300006e+00	-3.300003e+00	-3.300010e+00
1.453482323391073e-02	-3.300007e+00	-3.300026e+00	-3.299986e+00
1.454482323391073e-02	-3.300006e+00	-3.300003e+00	-3.300010e+00
1.455482323391073e-02	-3.300008e+00	-3.300026e+00	-3.299986e+00
1.456482323391073e-02	-3.300006e+00	-3.300003e+00	-3.300010e+00
1.457482323391073e-02	-3.300007e+00	-3.300026e+00	-3.299986e+00
1.458482323391073e-02	-3.300006e+00	-3.300003e+00	-3.300010e+00
1.459482323391073e-02	-3.300007e+00	-3.300026e+00	-3.299986e+00
1.460482323391073e-02	-3.300006e+00	-3.300003e+00	-3.300010e+00
1.461482323391073e-02	-3.300007e+00	-3.300026e+00	-3.299986e+00
1.462482323391073e-02	-3.300006e+00	-3.300003e+00	-3.300010e+00
1.463482323391073e-02	-3.300007e+00	-3.300026e+00	-3.299986e+00
1.464482323391073e-02	-3.300006e+00	-3.300003e+00	-3.300010e+00
1.465482323391073e-02	-3.300008e+00	-3.300026e+00	-3.299986e+00
1.466482323391073e-02	-3.300006e+00	-3.300003e+00	-3.300010e+00
1.467482323391073e-02	-3.300007e+00	-3.300026e+00	-3.299986e+00
1.468482323391073e-02	-3.300006e+00	-3.300003e+00	-3.300010e+00
1.469482323391073e-02	-3.300007e+00	-3.300026e+00	-3.299986e+00
1.470482323391073e-02	-3.300006e+00	-3.300003e+00	-3.300010e+00
1.471482323391073e-02	-3.300007e+00	-3.300026e+00	-3.299986e+00
1.472482323391073e-02	-3.300006e+00	-3.300003e+00	-3.300010e+00
1.473482323391073e-02	-3.300007e+00	-3.300026e+00	-3.299986e+00
1.474482323391073e-02	-3.300006e+00	-3.300003e+00	-3.300010e+00
1.475482323391073e-02	-3.300008e+00	-3.300026e+00	-3.299986e+00
1.476482323391073e-02	-3.300006e+00	-3.300003e+00	-3.300010e+00
1.477482323391073e-02	-3.300007e+00	-3.300026e+00	-3.299986e+00
1.478482323391073e-02	-3.300006e+00	-3.300003e+00	-3.300010e+00
1.479482323391073e-02	-3.300007e+00	-3.300026e+00	-3.299986e+00
1.480482323391073e-02	-3.300006e+00	-3.300003e+00	-3.300010e+00
1.481482323391073e-02	-3.300007e+00	-3.300026e+00	-3.299986e+00
1.482482323391073e-02	-3.300006e+00	-3.300003e+00	-3.300010e+00
1.483482323391073e-02	-3.300007e+00	-3.300026e+00	-3.299986e+00
1.484482323391073e-02	-3.300006e+00	-3.300003e+00	-3.300010e+00
1.485482323391073e-02	-3.300008e+00	-3.300026e+00	-3.299986e+00
1.486482323391073e-02	-3.300006e+00	-3.300003e+00	-3.300010e+00
1.487482323391073e-02	-3.300007e+00	-3.300026e+00	-3.299986e+00
1.488482323391073e-02	-3.300006e+00	-3.300003e+00	-3.300010e+00
1.489482323391073e-02	-3.300007e+00	-3.300026e+00	-3.299986e+00
1.490482323391073e-02	-3.300006e+00	-3.300003e+00	-3.300010e+00
1.491482323391073e-02	-3.300008e+00	-3.300026e+00	-3.299986e+00
1.492482323391073e-02	-3.300006e+00	-3.300003e+00	-3.300010e+00
1.493482323391073e-02	-3.300007e+00	-3.300026e+00	-3.299986e+00
1.494482323391073e-02	-3.300006e+00	-3.300003e+00	-3.300010e+00
1.495482323391073e-02	-3.300007e+00	-3.300026e+00	-3.299986e+00
1.496482323391073e-02	-3.300006e+00	-3.300003e+00	-3.300010e+00
1.497482323391073e-02	-3.300008e+00	-3.300026e+00	-3.299986e+00
1.498482323391073e-02	-3.300006e+00	-3.300003e+00	-3.300010e+00
1.499482323391073e-02	-3.300007e+00	-3.300026e+00	-3.299986e+00
1.500482323391073e-02	-3.300006e+00	-3.300003e+00	-3.300010e+00
1.501482323391073e-02	-3.300007e+00	-3.300026e+00	-3.299986e+00
1.502482323391073e-02	-3.300006e+00	-3.300003e+00	-3.300010e+00
1.503482323391073e-02	-3.300007e+00	-3.300026e+00	-3.299986e+00
1.504482323391073e-02	-3.300006e+00	-3.300003e+00	-3.300010e+00
1.505482323391073e-02	-3.300007e+00	-3.300026e+00	-3.299986e+00
1.506482323391073e-02	-3.300006e+00	-3.300003e+00	-3.300010e+00
1.507482323391073e-02	-3.300007e+00	-3.300026e+00	-3.299986e+00
1.508482323391073e-02	-3.300006e+00	-3.300003e+00	-3.300010e+00
1.509482323391073e-02	-3.300007e+00	-3.300026e+00	-3.299986e+00
1.510482323391073e-02	-3.300006e+00	-3.300003e+00	-3.300010e+00
1.511482323391073e-02	-3.300007e+00	-3.300026e+00	-3.299986e+00
1.512482323391073e-02	-3.300006e+00	-3.300003e+00	-3.300010e+00
1.513482323391073e-02	-3.300008e+00	-3.300026e+00	-3.299986e+00
1.514482323391073e-02	-3.300006e+00	-3.300003e+00	-3.300010e+00
1.515482323391073e-02	-3.300007e+00	-3.300026e+00	-3.299986e+00
1.516482323391073e-02	-3.300006e+00	-3.300003e+00	-3.300010e+00
1.517482323391073e-02	-3.300007e+00	-3.300026e+00	-3.299986e+00
1.518482323391073e-02	-3.300006e+00	-3.300003e+00	-3.300010e+00
1.519482323391073e-02	-3.300008e+00	-3.300026e+00	-3.299986e+00
1.520482323391073e-02	-3.300006e+00	-3.300003e+00	-3.300010e+00
1.521482323391073e-02	-3.300007e+00	-3.300025e+00	-3.299986e+00
1.522482323391073e-02	-3.300006e+00	-3.300003e+00	-3.300010e+00
1.523482323391073e-02	-3.300007e+00	-3.300026e+00	-3.299986e+00
1.524482323391073e-02	-3.300006e+00	-3.300003e+00	-3.300010e+00
1.525482323391073e-02	-3.300008e+00	-3.300026e+00	-3.299986e+00
1.526482323391073e-02	-3.300006e+00	-3.300003e+00	-3.300010e+00
1.527482323391073e-02	-3.300007e+00	-3.300025e+00	-3.299986e+00
1.528482323391073e-02	-3.300006e+00	-3.300003e+00	-3.300010e+00
1.529482323391073e-02	-3.300007e+00	-3.300026e+00	-3.299986e+00
1.530482323391073e-02	-3.300006e+00	-3.300003e+00	-3.300010e+00
1.531482323391073e-02	-3.300007e+00	-3.300026e+00	-3.299986e+00
1.532482323391073e-02	-3.300006e+00	-3.300003e+00	-3.300010e+00
1.533482323391073e-02	-3.300007e+00	-3.300025e+00	-3.299986e+00
1.534482323391073e-02	-3.300006e+00	-3.300003e+00	-3.300010e+00
1.535482323391073e-02	-3.300007e+00	-3.300026e+00	-3.299986e+00
1.536482323391073e-02	-3.300006e+00	-3.300003e+00	-3.300010e+00
1.537482323391073e-02	-3.300007e+00	-3.300026e+00	-3.299986e+00
1.538482323391073e-02	-3.300006e+00	-3.300003e+00	-3.300010e+00
1.539482323391073e-02	-3.300008e+00	-3.300025e+00	-3.299986e+00
1.540482323391073e-02	-3.300006e+00	-3.300003e+00	-3.300010e+00
1.541482323391073e-02	-3.300007e+00	-3.300026e+00	-3.299986e+00
1.542482323391073e-02	-3.300006e+00	-3.300003e+00	-3.300010e+00
1.543482323391073e-02	-3.300007e+00	-3.300026e+00	-3.299986e+00
1.544482323391073e-02	-3.300006e+00	-3.300003e+00	-3.300010e+00
1.545482323391073e-02	-3.300008e+00	-3.300025e+00	-3.299986e+00
1.546482323391073e-02	-3.300006e+00	-3.300003e+00	-3.300010e+00
1.547482323391073e-02	-3.300007e+00	-3.300025e+00	-3.299986e+00
1.548482323391073e-02	-3.300006e+00	-3.300003e+00	-3.300010e+00
1.549482323391073e-02	-3.300007e+00	-3.300026e+00	-3.299986e+00
1.550482323391073e-02	-3.300006e+00	-3.300003e+00	-3.300010e+00
1.551482323391073e-02	-3.300008e+00	-3.300025e+00	-3.299986e+00
1.552482323391073e-02	-3.300006e+00	-3.300003e+00	-3.300010e+00
1.553482323391073e-02	-3.300007e+00	-3.300025e+00	-3.299986e+00
1.554482323391073e-02	-3.300006e+00	-3.300003e+00	-3.300010e+00
1.555482323391073e-02	-3.300007e+00	-3.300026e+00	-3.299986e+00
1.556482323391073e-02	-3.300006e+00	-3.300003e+00	-3.300010e+00
1.557482323391073e-02	-3.300007e+00	-3.300025e+00	-3.299986e+00
1.558482323391073e-02	-3.300006e+00	-3.300003e+00	-3.300010e+00
1.559482323391073e-02	-3.300008e+00	-3.300025e+00	-3.299986e+00
1.560482323391073e-02	-3.300006e+00	-3.300003e+00	-3.300010e+00
1.561482323391073e-02	-3.300007e+00	-3.300025e+00	-3.299986e+00
1.562482323391073e-02	-3.300006e+00	-3.300003e+00	-3.300010e+00
1.563482323391073e-02	-3.300007e+00	-3.300026e+00	-3.299986e+00
1.564482323391073e-02	-3.300006e+00	-3.300003e+00	-3.300010e+00
1.565482323391073e-02	-3.300008e+00	-3.300025e+00	-3.299986e+00
1.566482323391073e-02	-3.300006e+00	-3.300003e+00	-3.300010e+00
1.567482323391073e-02	-3.300007e+00	-3.300025e+00	-3.299986e+00
1.568482323391073e-02	-3.300006e+00	-3.300003e+00	-3.300010e+00
1.569482323391073e-02	-3.300007e+00	-3.300026e+00	-3.299986e+00
1.570482323391073e-02	-3.300006e+00	-3.300003e+00	-3.300010e+00
1.571482323391073e-02	-3.300007e+00	-3.300025e+00	-3.299986e+00
1.572482323391073e-02	-3.300006e+00	-3.300003e+00	-3.300010e+00
1.573482323391073e-02	-3.300008e+00	-3.300025e+00	-3.299986e+00
1.574482323391073e-02	-3.300006e+00	-3.300003e+00	-3.300010e+00
1.575482323391073e-02	-3.300007e+00	-3.300025e+00	-3.299986e+00
1.576482323391073e-02	-3.300006e+00	-3.300003e+00	-3.300010e+00
1.577482323391073e-02	-3.300007e+00	-3.300025e+00	-3.299986e+00
1.578482323391073e-02	-3.300006e+00	-3.300003e+00	-3.300010e+00
1.579482323391073e-02	-3.300008e+00	-3.300025e+00	-3.299986e+00
1.580482323391073e-02	-3.300006e+00	-3.300003e+00	-3.300010e+00
1.581482323391073e-02	-3.300008e+00	-3.300025e+00	-3.299986e+00
1.582482323391073e-02	-3.300006e+00	-3.300003e+00	-3.300010e+00
1.583482323391073e-02	-3.300007e+00	-3.300025e+00	-3.299986e+00
1.584482323391073e-02	-3.300006e+00	-3.300003e+00	-3.300010e+00
1.585482323391073e-02	-3.300007e+00	-3.300025e+00	-3.299986e+00
1.586482323391073e-02	-3.300006e+00	-3.300003e+00	-3.300010e+00
1.587482323391073e-02	-3.300008e+00	-3.300025e+00	-3.299986e+00
1.588482323391073e-02	-3.300006e+00	-3.300003e+00	-3.300010e+00
1.589482323391073e-02	-3.300007e+00	-3.300025e+00	-3.299986e+00
1.590482323391073e-02	-3.300006e+00	-3.300003e+00	-3.300010e+00
1.591482323391073e-02	-3.300007e+00	-3.300025e+00	-3.299986e+00
1.592482323391073e-02	-3.300006e+00	-3.300003e+00	-3.300010e+00
1.593482323391073e-02	-3.300007e+00	-3.300025e+00	-3.299986e+00
1.594482323391073e-02	-3.300006e+00	-3.300003e+00	-3.300010e+00
1.595482323391073e-02	-3.300008e+00	-3.300025e+00	-3.299986e+00
1.596482323391073e-02	-3.300006e+00	-3.300003e+00	-3.300010e+00
1.597482323391073e-02	-3.300007e+00	-3.300025e+00	-3.299986e+00
1.598482323391073e-02	-3.300006e+00	-3.300003e+00	-3.300010e+00
1.599482323391073e-02	-3.300007e+00	-3.300025e+00	-3.299986e+00
1.600482323391073e-02	-3.300006e+00	-3.300003e+00	-3.300010e+00
1.601482323391073e-02	-3.300007e+00	-3.300025e+00	-3.299986e+00
1.602482323391073e-02	-3.300006e+00	-3.300003e+00	-3.300010e+00
1.603482323391073e-02	-3.300008e+00	-3.300025e+00	-3.299986e+00
1.604482323391073e-02	-3.300006e+00	-3.300003e+00	-3.300010e+00
1.605482323391073e-02	-3.300007e+00	-3.300025e+00	-3.299986e+00
1.606482323391073e-02	-3.300006e+00	-3.300003e+00	-3.300010e+00
1.607482323391073e-02	-3.300007e+00	-3.300025e+00	-3.299986e+00
1.608482323391073e-02	-3.300006e+00	-3.300003e+00	-3.300010e+00
1.609482323391073e-02	-3.300007e+00	-3.300025e+00	-3.299986e+00
1.610482323391073e-02	-3.300006e+00	-3.300003e+00	-3.300010e+00
1.611482323391073e-02	-3.300008e+00	-3.300025e+00	-3.299986e+00
1.612482323391073e-02	-3.300006e+00	-3.300003e+00	-3.300010e+00
1.613482323391073e-02	-3.300008e+00	-3.300025e+00	-3.299986e+00
1.614482323391073e-02	-3.300006e+00	-3.300003e+00	-3.300010e+00
1.615482323391073e-02	-3.300007e+00	-3.300025e+00	-3.299986e+00
1.616482323391073e-02	-3.300006e+00	-3.300003e+00	-3.300010e+00
1.617482323391073e-02	-3.300007e+00	-3.300025e+00	-3.299986e+00
1.618482323391073e-02	-3.300006e+00	-3.300003e+00	-3.300010e+00
1.619482323391073e-02	-3.300008e+00	-3.300025e+00	-3.299986e+00
1.620482323391073e-02	-3.300006e+00	-3.300003e+00	-3.300010e+00
1.621482323391073e-02	-3.300008e+00	-3.300025e+00	-3.299986e+00
1.622482323391073e-02	-3.300006e+00	-3.300003e+00	-3.300010e+00
1.623482323391073e-02	-3.300007e+00	-3.300025e+00	-3.299986e+00
1.624482323391073e-02	-3.300006e+00	-3.300003e+00	-3.300010e+00
1.625482323391073e-02	-3.300007e+00	-3.300025e+00	-3.299986e+00
1.626482323391073e-02	-3.300006e+00	-3.300003e+00	-3.300010e+00
1.627482323391073e-02	-3.300008e+00	-3.300025e+00	-3.299986e+00
1.628482323391073e-02	-3.300006e+00	-3.300003e+00	-3.300010e+00
1.629482323391073e-02	-3.300008e+00	-3.300025e+00	-3.299986e+00
1.630482323391073e-02	-3.300006e+00	-3.300003e+00	-3.300010e+00
1.631482323391073e-02	-3.300007e+00	-3.300025e+00	-3.299986e+00
1.632482323391073e-02	-3.300006e+00	-3.300003e+00	-3.300010e+00
1.633482323391073e-02	-3.300007e+00	-3.300025e+00	-3.299986e+00
1.634482323391073e-02	-3.300006e+00	-3.300003e+00	-3.300010e+00
1.635482323391073e-02	-3.300007e+00	-3.300025e+00	-3.299986e+00
1.636482323391073e-02	-3.300006e+00	-3.300003e+00	-3.300010e+00
1.637482323391073e-02	-3.300008e+00	-3.300025e+00	-3.299986e+00
1.638482323391073e-02	-3.300006e+00	-3.300004e+00	-3.300010e+00
1.639482323391073e-02	-3.300008e+00	-3.300025e+00	-3.299986e+00
1.640482323391073e-02	-3.300006e+00	-3.300003e+00	-3.300010e+00
1.641482323391073e-02	-3.300007e+00	-3.300025e+00	-3.299986e+00
1.642482323391073e-02	-3.300006e+00	-3.300003e+00	-3.300010e+00
1.643482323391073e-02	-3.300007e+00	-3.300025e+00	-3.299986e+00
1.644482323391073e-02	-3.300006e+00	-3.300003e+00	-3.300010e+00
1.645482323391073e-02	-3.300008e+00	-3.300025e+00	-3.299986e+00
1.646482323391073e-02	-3.300006e+00	-3.300004e+00	-3.300010e+00
1.647482323391073e-02	-3.300008e+00	-3.300025e+00	-3.299986e+00
1.648482323391073e-02	-3.300006e+00	-3.300004e+00	-3.300010e+00
1.649482323391073e-02	-3.300008e+00	-3.300025e+00	-3.299986e+00
1.650482323391073e-02	-3.300006e+00	-3.300003e+00	-3.300010e+00
1.651482323391073e-02	-3.300007e+00	-3.300025e+00	-3.299986e+00
1.652482323391073e-02	-3.300006e+00	-3.300003e+00	-3.300010e+00
1.653482323391073e-02	-3.300007e+00	-3.300025e+00	-3.299986e+00
1.654482323391073e-02	-3.300006e+00	-3.300004e+00	-3.300010e+00
1.655482323391073e-02	-3.300008e+00	-3.300025e+00	-3.299986e+00
1.656482323391073e-02	-3.300006e+00	-3.300004e+00	-3.300010e+00
1.657482323391073e-02	-3.300008e+00	-3.300025e+00	-3.299986e+00
1.658482323391073e-02	-3.300006e+00	-3.300004e+00	-3.300010e+00
1.659482323391073e-02	-3.300007e+00	-3.300025e+00	-3.299986e+00
1.660482323391073e-02	-3.300006e+00	-3.300003e+00	-3.300010e+00
1.661482323391073e-02	-3.300007e+00	-3.300025e+00	-3.299986e+00
1.662482323391073e-02	-3.300006e+00	-3.300003e+00	-3.300010e+00
1.663482323391073e-02	-3.300007e+00	-3.300025e+00	-3.299986e+00
1.664482323391073e-02	-3.300006e+00	-3.300004e+00	-3.300010e+00
1.665482323391073e-02	-3.300008e+00	-3.300025e+00	-3.299986e+00
1.666482323391073e-02	-3.300006e+00	-3.300004e+00	-3.300010e+00
1.667482323391073e-02	-3.300008e+00	-3.300025e+00	-3.299986e+00
1.668482323391073e-02	-3.300006e+00	-3.300004e+00	-3.300010e+00
1.669482323391073e-02	-3.300008e+00	-3.300025e+00	-3.299986e+00
1.670482323391073e-02	-3.300006e+00	-3.300003e+00	-3.300010e+00
1.671482323391073e-02	-3.300007e+00	-3.300025e+00	-3.299986e+00
1.672482323391073e-02	-3.300006e+00	-3.300003e+00	-3.300010e+00
1.673482323391073e-02	-3.300007e+00	-3.300025e+00	-3.299986e+00
1.674482323391073e-02	-3.300006e+00	-3.300004e+00	-3.300010e+00
1.675482323391073e-02	-3.300008e+00	-3.300025e+00	-3.299986e+00
1.676482323391073e-02	-3.300006e+00	-3.300004e+00	-3.300010e+00
1.677482323391073e-02	-3.300008e+00	-3.300025e+00	-3.299987e+00
1.678482323391073e-02	-3.300006e+00	-3.300004e+00	-3.300010e+00
1.679482323391073e-02	-3.300008e+00	-3.300025e+00	-3.299986e+00
1.680482323391073e-02	-3.300006e+00	-3.300003e+00	-3.300010e+00
1.681482323391073e-02	-3.300007e+00	-3.300025e+00	-3.299986e+00
1.682482323391073e-02	-3.300006e+00	-3.300004e+00	-3.300010e+00
1.683482323391073e-02	-3.300007e+00	-3.300025e+00	-3.299986e+00
1.684482323391073e-02	-3.300006e+00	-3.300004e+00	-3.300010e+00
1.685482323391073e-02	-3.300007e+00	-3.300025e+00	-3.299986e+00
1.686482323391073e-02	-3.300006e+00	-3.300004e+00	-3.300010e+00
1.687482323391073e-02	-3.300008e+00	-3.300025e+00	-3.299987e+00
1.688482323391073e-02	-3.300006e+00	-3.300004e+00	-3.300009e+00
1.689482323391073e-02	-3.300008e+00	-3.300025e+00	-3.299986e+00
1.690482323391073e-02	-3.300006e+00	-3.300003e+00	-3.300010e+00
1.691482323391073e-02	-3.300007e+00	-3.300025e+00	-3.299986e+00
1.692482323391073e-02	-3.300006e+00	-3.300004e+00	-3.300010e+00
1.693482323391073e-02	-3.300007e+00	-3.300025e+00	-3.299986e+00
1.694482323391073e-02	-3.300006e+00	-3.300004e+00	-3.300010e+00
1.695482323391073e-02	-3.300007e+00	-3.300025e+00	-3.299987e+00
1.696482323391073e-02	-3.300006e+00	-3.300004e+00	-3.300010e+00
1.697482323391073e-02	-3.300008e+00	-3.300025e+00	-3.299987e+00
1.698482323391073e-02	-3.300006e+00	-3.300004e+00	-3.300009e+00
1.699482323391073e-02	-3.300008e+00	-3.300025e+00	-3.299987e+00
1.700482323391073e-02	-3.300006e+00	-3.300004e+00	-3.300010e+00
1.701482323391073e-02	-3.300008e+00	-3.300025e+00	-3.299986e+00
1.702482323391073e-02	-3.300006e+00	-3.300004e+00	-3.300010e+00
1.703482323391073e-02	-3.300007e+00	-3.300025e+00	-3.299986e+00
1.704482323391073e-02	-3.300006e+00	-3.300004e+00	-3.300010e+00
1.705482323391073e-02	-3.300007e+00	-3.300025e+00	-3.299986e+00
1.706482323391073e-02	-3.300006e+00	-3.300004e+00	-3.300010e+00
1.707482323391073e-02	-3.300007e+00	-3.300025e+00	-3.299987e+00
1.708482323391073e-02	-3.300006e+00	-3.300004e+00	-3.300009e+00
1.709482323391073e-02	-3.300008e+00	-3.300025e+00	-3.299987e+00
1.710482323391073e-02	-3.300006e+00	-3.300004e+00	-3.300009e+00
1.711482323391073e-02	-3.300008e+00	-3.300025e+00	-3.299986e+00
1.712482323391073e-02	-3.300006e+00	-3.300004e+00	-3.300010e+00
1.713482323391073e-02	-3.300008e+00	-3.300025e+00	-3.299986e+00
1.714482323391073e-02	-3.300006e+00	-3.300004e+00	-3.300010e+00
1.715482323391073e-02	-3.300007e+00	-3.300025e+00	-3.299986e+00
1.716482323391073e-02	-3.300006e+00	-3.300004e+00	-3.300010e+00
1.717482323391073e-02	-3.300007e+00	-3.300025e+00	-3.299987e+00
1.718482323391073e-02	-3.300006e+00	-3.300004e+00	-3.300009e+00
1.719482323391073e-02	-3.300007e+00	-3.300025e+00	-3.299987e+00
1.720482323391073e-02	-3.300006e+00	-3.300004e+00	-3.300009e+00
1.721482323391073e-02	-3.300008e+00	-3.300025e+00	-3.299987e+00
1.722482323391073e-02	-3.300006e+00	-3.300004e+00	-3.300009e+00
1.723482323391073e-02	-3.300008e+00	-3.300025e+00	-3.299987e+00
1.724482323391073e-02	-3.300006e+00	-3.300004e+00	-3.300010e+00
1.725482323391073e-02	-3.300008e+00	-3.300025e+00	-3.299986e+00
1.726482323391073e-02	-3.300006e+00	-3.300004e+00	-3.300010e+00
1.727482323391073e-02	-3.300008e+00	-3.300025e+00	-3.299987e+00
1.728482323391073e-02	-3.300006e+00	-3.300004e+00	-3.300010e+00
1.729482323391073e-02	-3.300007e+00	-3.300025e+00	-3.299987e+00
1.730482323391073e-02	-3.300006e+00	-3.300004e+00	-3.300009e+00
1.731482323391073e-02	-3.300007e+00	-3.300025e+00	-3.299987e+00
1.732482323391073e-02	-3.300006e+00	-3.300004e+00	-3.300009e+00
1.733482323391073e-02	-3.300008e+00	-3.300025e+00	-3.299987e+00
1.734482323391073e-02	-3.300006e+00	-3.300004e+00	-3.300009e+00
1.735482323391073e-02	-3.300008e+00	-3.300025e+00	-3.299987e+00
1.736482323391073e-02	-3.300006e+00	-3.300004e+00	-3.300009e+00
1.737482323391073e-02	-3.300008e+00	-3.300025e+00	-3.299986e+00
1.738482323391073e-02	-3.300006e+00	-3.300004e+00	-3.300010e+00
1.739482323391073e-02	-3.300008e+00	-3.300025e+00	-3.299987e+00
1.740482323391073e-02	-3.300006e+00	-3.300004e+00	-3.300010e+00
1.741482323391073e-02	-3.300007e+00	-3.300025e+00	-3.299987e+00
1.742482323391073e-02	-3.300006e+00	-3.300004e+00	-3.300009e+00
1.743482323391073e-02	-3.300007e+00	-3.300025e+00	-3.299987e+00
1.744482323391073e-02	-3.300006e+00	-3.300004e+00	-3.300009e+00
1.745482323391073e-02	-3.300007e+00	-3.300025e+00	-3.299987e+00
1.746482323391073e-02	-3.300006e+00	-3.300004e+00	-3.300009e+00
1.747482323391073e-02	-3.300008e+00	-3.300025e+00	-3.299987e+00
1.748482323391073e-02	-3.300006e+00	-3.300004e+00	-3.300009e+00
1.749482323391073e-02	-3.300008e+00	-3.300025e+00	-3.299987e+00
1.750482323391073e-02	-3.300006e+00	-3.300004e+00	-3.300010e+00
1.751482323391073e-02	-3.300008e+00	-3.300025e+00	-3.299987e+00
1.752482323391073e-02	-3.300006e+00	-3.300004e+00	-3.300010e+00
1.753482323391073e-02	-3.300008e+00	-3.300025e+00	-3.299987e+00
1.754482323391073e-02	-3.300006e+00	-3.300004e+00	-3.300009e+00
1.755482323391073e-02	-3.300007e+00	-3.300025e+00	-3.299987e+00
1.756482323391073e-02	-3.300006e+00	-3.300004e+00	-3.300009e+00
1.757482323391073e-02	-3.300007e+00	-3.300025e+00	-3.299987e+00
1.758482323391073e-02	-3.300006e+00	-3.300004e+00	-3.300009e+00
1.759482323391073e-02	-3.300007e+00	-3.300025e+00	-3.299987e+00
1.760482323391073e-02	-3.300006e+00	-3.300004e+00	-3.300009e+00
1.761482323391073e-02	-3.300008e+00	-3.300025e+00	-3.299987e+00
1.762482323391073e-02	-3.300006e+00	-3.300004e+00	-3.300009e+00
1.763482323391073e-02	-3.300008e+00	-3.300025e+00	-3.299987e+00
1.764482323391073e-02	-3.300006e+00	-3.300004e+00	-3.300010e+00
1.765482323391073e-02	-3.300008e+00	-3.300025e+00	-3.299987e+00
1.766482323391073e-02	-3.300006e+00	-3.300004e+00	-3.300009e+00
1.767482323391073e-02	-3.300008e+00	-3.300025e+00	-3.299987e+00
1.768482323391073e-02	-3.300006e+00	-3.300004e+00	-3.300009e+00
1.769482323391073e-02	-3.300008e+00	-3.300025e+00	-3.299987e+00
1.770482323391073e-02	-3.300006e+00	-3.300004e+00	-3.300009e+00
1.771482323391073e-02	-3.300007e+00	-3.300025e+00	-3.299987e+00
1.772482323391073e-02	-3.300006e+00	-3.300004e+00	-3.300009e+00
1.773482323391073e-02	-3.300007e+00	-3.300025e+00	-3.299987e+00
1.774482323391073e-02	-3.300006e+00	-3.300004e+00	-3.300009e+00
1.775482323391073e-02	-3.300008e+00	-3.300025e+00	-3.299987e+00
1.776482323391073e-02	-3.300006e+00	-3.300004e+00	-3.300009e+00
1.777482323391073e-02	-3.300008e+00	-3.300025e+00	-3.299987e+00
1.778482323391073e-02	-3.300006e+00	-3.300004e+00	-3.300009e+00
1.779482323391073e-02	-3.300008e+00	-3.300025e+00	-3.299987e+00
1.780482323391073e-02	-3.300006e+00	-3.300004e+00	-3.300009e+00
1.781482323391073e-02	-3.300008e+00	-3.300025e+00	-3.299987e+00
1.782482323391073e-02	-3.300006e+00	-3.300004e+00	-3.300009e+00
1.783482323391073e-02	-3.300008e+00	-3.300025e+00	-3.299987e+00
1.784482323391073e-02	-3.300006e+00	-3.300004e+00	-3.300009e+00
1.785482323391073e-02	-3.300007e+00	-3.300025e+00	-3.299987e+00
1.786482323391073e-02	-3.300006e+00	-3.300004e+00	-3.300009e+00
1.787482323391073e-02	-3.300007e+00	-3.300025e+00	-3.299987e+00
1.788482323391073e-02	-3.300006e+00	-3.300004e+00	-3.300009e+00
1.789482323391073e-02	-3.300007e+00	-3.300025e+00	-3.299987e+00
1.790482323391073e-02	-3.300006e+00	-3.300004e+00	-3.300009e+00
1.791482323391073e-02	-3.300008e+00	-3.300025e+00	-3.299987e+00
1.792482323391073e-02	-3.300006e+00	-3.300004e+00	-3.300009e+00
1.793482323391073e-02	-3.300008e+00	-3.300025e+00	-3.299987e+00
1.794482323391073e-02	-3.300006e+00	-3.300004e+00	-3.300009e+00
1.795482323391073e-02	-3.300008e+00	-3.300025e+00	-3.299987e+00
1.796482323391073e-02	-3.300006e+00	-3.300004e+00	-3.300009e+00
1.797482323391073e-02	-3.300008e+00	-3.300025e+00	-3.299987e+00
1.798482323391073e-02	-3.300006e+00	-3.300004e+00	-3.300009e+00
1.799482323391073e-02	-3.300008e+00	-3.300025e+00	-3.299987e+00
1.800482323391073e-02	-3.300006e+00	-3.300004e+00	-3.300009e+00
1.801482323391073e-02	-3.300008e+00	-3.300025e+00	-3.299987e+00
1.802482323391073e-02	-3.300006e+00	-3.300004e+00	-3.300009e+00
1.803482323391073e-02	-3.300007e+00	-3.300025e+00	-3.299987e+00
1.804482323391073e-02	-3.300006e+00	-3.300004e+00	-3.300009e+00
1.805482323391073e-02	-3.300007e+00	-3.300025e+00	-3.299987e+00
1.806482323391073e-02	-3.300006e+00	-3.300004e+00	-3.300009e+00
1.807482323391073e-02	-3.300007e+00	-3.300025e+00	-3.299987e+00
1.808482323391073e-02	-3.300006e+00	-3.300004e+00	-3.300009e+00
1.809482323391073e-02	-3.300008e+00	-3.300025e+00	-3.299987e+00
1.810482323391073e-02	-3.300006e+00	-3.300004e+00	-3.300009e+00
1.811482323391073e-02	-3.300008e+00	-3.300025e+00	-3.299987e+00
1.812482323391073e-02	-3.300006e+00	-3.300004e+00	-3.300009e+00
1.813482323391073e-02	-3.300008e+00	-3.300025e+00	-3.299987e+00
1.814482323391073e-02	-3.300006e+00	-3.300004e+00	-3.300009e+00
1.815482323391073e-02	-3.300008e+00	-3.300025e+00	-3.299987e+00
1.816482323391073e-02	-3.300006e+00	-3.300004e+00	-3.300009e+00
1.817482323391073e-02	-3.300008e+00	-3.300025e+00	-3.299987e+00
1.818482323391073e-02	-3.300006e+00	-3.300004e+00	-3.300009e+00
1.819482323391073e-02	-3.300008e+00	-3.300025e+00	-3.299987e+00
1.820482323391073e-02	-3.300006e+00	-3.300004e+00	-3.300009e+00
1.821482323391073e-02	-3.300007e+00	-3.300025e+00	-3.299987e+00
1.822482323391073e-02	-3.300006e+00	-3.300004e+00	-3.300009e+00
1.823482323391073e-02	-3.300007e+00	-3.300025e+00	-3.299987e+00
1.824482323391073e-02	-3.300006e+00	-3.300004e+00	-3.300009e+00
1.825482323391073e-02	-3.300007e+00	-3.300025e+00	-3.299987e+00
1.826482323391073e-02	-3.300006e+00	-3.300004e+00	-3.300009e+00
1.827482323391073e-02	-3.300008e+00	-3.300025e+00	-3.299987e+00
1.828482323391073e-02	-3.300006e+00	-3.300004e+00	-3.300009e+00
1.829482323391073e-02	-3.300008e+00	-3.300025e+00	-3.299987e+00
1.830482323391073e-02	-3.300006e+00	-3.300004e+00	-3.300009e+00
1.831482323391073e-02	-3.300008e+00	-3.300025e+00	-3.299987e+00
1.832482323391073e-02	-3.300006e+00	-3.300004e+00	-3.300009e+00
1.833482323391073e-02	-3.300008e+00	-3.300025e+00	-3.299987e+00
1.834482323391073e-02	-3.300006e+00	-3.300004e+00	-3.300009e+00
1.835482323391073e-02	-3.300008e+00	-3.300025e+00	-3.299987e+00
1.836482323391073e-02	-3.300006e+00	-3.300004e+00	-3.300009e+00
1.837482323391073e-02	-3.300008e+00	-3.300025e+00	-3.299987e+00
1.838482323391073e-02	-3.300006e+00	-3.300004e+00	-3.300009e+00
1.839482323391073e-02	-3.300008e+00	-3.300025e+00	-3.299987e+00
1.840482323391073e-02	-3.300006e+00	-3.300004e+00	-3.300009e+00
1.841482323391073e-02	-3.300007e+00	-3.300025e+00	-3.299987e+00
1.842482323391073e-02	-3.300006e+00	-3.300004e+00	-3.300009e+00
1.843482323391073e-02	-3.300007e+00	-3.300025e+00	-3.299987e+00
1.844482323391073e-02	-3.300006e+00	-3.300004e+00	-3.300009e+00
1.845482323391073e-02	-3.300007e+00	-3.300025e+00	-3.299987e+00
1.846482323391073e-02	-3.300006e+00	-3.300004e+00	-3.300009e+00
1.847482323391073e-02	-3.300008e+00	-3.300025e+00	-3.299987e+00
1.848482323391073e-02	-3.300006e+00	-3.300004e+00	-3.300009e+00
1.849482323391073e-02	-3.300008e+00	-3.300025e+00	-3.299987e+00
1.850482323391073e-02	-3.300006e+00	-3.300004e+00	-3.300009e+00
1.851482323391073e-02	-3.300008e+00	-3.300025e+00	-3.299987e+00
1.852482323391073e-02	-3.300006e+00	-3.300004e+00	-3.300009e+00
1.853482323391073e-02	-3.300008e+00	-3.300025e+00	-3.299987e+00
1.854482323391073e-02	-3.300006e+00	-3.300004e+00	-3.300009e+00
1.855482323391073e-02	-3.300008e+00	-3.300025e+00	-3.299987e+00
1.856482323391073e-02	-3.300006e+00	-3.300004e+00	-3.300009e+00
1.857482323391073e-02	-3.300008e+00	-3.300025e+00	-3.299987e+00
1.858482323391073e-02	-3.300006e+00	-3.300004e+00	-3.300009e+00
1.859482323391073e-02	-3.300008e+00	-3.300025e+00	-3.299987e+00
1.860482323391073e-02	-3.300006e+00	-3.300004e+00	-3.300009e+00
1.861482323391073e-02	-3.300007e+00	-3.300025e+00	-3.299987e+00
1.862482323391073e-02	-3.300006e+00	-3.300004e+00	-3.300009e+00
1.863482323391073e-02	-3.300007e+00	-3.300025e+00	-3.299987e+00
1.864482323391073e-02	-3.300006e+00	-3.300004e+00	-3.300009e+00
1.865482323391073e-02	-3.300007e+00	-3.300025e+00	-3.299987e+00
1.866482323391073e-02	-3.300006e+00	-3.300004e+00	-3.300009e+00
1.867482323391073e-02	-3.300008e+00	-3.300025e+00	-3.299987e+00
1.868482323391073e-02	-3.300006e+00	-3.300004e+00	-3.300009e+00
1.869482323391073e-02	-3.300008e+00	-3.300025e+00	-3.299987e+00
1.870482323391073e-02	-3.300006e+00	-3.300004e+00	-3.300009e+00
1.871482323391073e-02	-3.300008e+00	-3.300025e+00	-3.299987e+00
1.872482323391073e-02	-3.300006e+00	-3.300004e+00	-3.300009e+00
1.873482323391073e-02	-3.300008e+00	-3.300025e+00	-3.299987e+00
1.874482323391073e-02	-3.300006e+00	-3.300004e+00	-3.300009e+00
1.875482323391073e-02	-3.300008e+00	-3.300025e+00	-3.299987e+00
1.876482323391073e-02	-3.300006e+00	-3.300004e+00	-3.300009e+00
1.877482323391073e-02	-3.300008e+00	-3.300025e+00	-3.299987e+00
1.878482323391073e-02	-3.300006e+00	-3.300004e+00	-3.300009e+00
1.879482323391073e-02	-3.300008e+00	-3.300025e+00	-3.299987e+00
1.880482323391073e-02	-3.300006e+00	-3.300004e+00	-3.300009e+00
1.881482323391073e-02	-3.300008e+00	-3.300025e+00	-3.299987e+00
1.882482323391073e-02	-3.300006e+00	-3.300004e+00	-3.300009e+00
1.883482323391073e-02	-3.300008e+00	-3.300025e+00	-3.299987e+00
1.884482323391073e-02	-3.300006e+00	-3.300004e+00	-3.300009e+00
1.885482323391073e-02	-3.300007e+00	-3.300024e+00	-3.299987e+00
1.886482323391073e-02	-3.300006e+00	-3.300004e+00	-3.300009e+00
1.887482323391073e-02	-3.300007e+00	-3.300024e+00	-3.299987e+00
1.888482323391073e-02	-3.300006e+00	-3.300004e+00	-3.300009e+00
1.889482323391073e-02	-3.300007e+00	-3.300025e+00	-3.299987e+00
1.890482323391073e-02	-3.300006e+00	-3.300004e+00	-3.300009e+00
1.891482323391073e-02	-3.300008e+00	-3.300025e+00	-3.299987e+00
1.892482323391073e-02	-3.300006e+00	-3.300004e+00	-3.300009e+00
1.893482323391073e-02	-3.300008e+00	-3.300025e+00	-3.299987e+00
1.894482323391073e-02	-3.300006e+00	-3.300004e+00	-3.300009e+00
1.895482323391073e-02	-3.300008e+00	-3.300025e+00	-3.299987e+00
1.896482323391073e-02	-3.300006e+00	-3.300004e+00	-3.300009e+00
1.897482323391073e-02	-3.300008e+00	-3.300025e+00	-3.299987e+00
1.898482323391073e-02	-3.300006e+00	-3.300004e+00	-3.300009e+00
1.899482323391073e-02	-3.300008e+00	-3.300025e+00	-3.299987e+00
1.900482323391073e-02	-3.300006e+00	-3.300004e+00	-3.300009e+00
1.901482323391073e-02	-3.300008e+00	-3.300025e+00	-3.299987e+00
1.902482323391073e-02	-3.300006e+00	-3.300004e+00	-3.300009e+00
1.903482323391073e-02	-3.300008e+00	-3.300025e+00	-3.299987e+00
1.904482323391073e-02	-3.300006e+00	-3.300004e+00	-3.300009e+00
1.905482323391073e-02	-3.300008e+00	-3.300024e+00	-3.299987e+00
1.906482323391073e-02	-3.300006e+00	-3.300004e+00	-3.300009e+00
1.907482323391073e-02	-3.300008e+00	-3.300024e+00	-3.299987e+00
1.908482323391073e-02	-3.300006e+00	-3.300004e+00	-3.300009e+00
1.909482323391073e-02	-3.300008e+00	-3.300024e+00	-3.299987e+00
1.910482323391073e-02	-3.300006e+00	-3.300004e+00	-3.300009e+00
1.911482323391073e-02	-3.300007e+00	-3.300024e+00	-3.299987e+00
1.912482323391073e-02	-3.300006e+00	-3.300004e+00	-3.300009e+00
1.913482323391073e-02	-3.300007e+00	-3.300024e+00	-3.299987e+00
1.914482323391073e-02	-3.300006e+00	-3.300004e+00	-3.300009e+00
1.915482323391073e-02	-3.300007e+00	-3.300024e+00	-3.299987e+00
1.916482323391073e-02	-3.300006e+00	-3.300004e+00	-3.300009e+00
1.917482323391073e-02	-3.300008e+00	-3.300025e+00	-3.299987e+00
1.918482323391073e-02	-3.300006e+00	-3.300004e+00	-3.300009e+00
1.919482323391073e-02	-3.300008e+00	-3.300025e+00	-3.299987e+00
1.920482323391073e-02	-3.300006e+00	-3.300004e+00	-3.300009e+00
1.921482323391073e-02	-3.300008e+00	-3.300025e+00	-3.299987e+00
1.922482323391073e-02	-3.300006e+00	-3.300004e+00	-3.300009e+00
1.923482323391073e-02	-3.300008e+00	-3.300025e+00	-3.299987e+00
1.924482323391073e-02	-3.300006e+00	-3.300004e+00	-3.300009e+00
1.925482323391073e-02	-3.300008e+00	-3.300025e+00	-3.299987e+00
1.926482323391073e-02	-3.300006e+00	-3.300004e+00	-3.300009e+00
1.927482323391073e-02	-3.300008e+00	-3.300024e+00	-3.299987e+00
1.928482323391073e-02	-3.300006e+00	-3.300004e+00	-3.300009e+00
1.929482323391073e-02	-3.300008e+00	-3.300024e+00	-3.299987e+00
1.930482323391073e-02	-3.300006e+00	-3.300004e+00	-3.300009e+00
1.931482323391073e-02	-3.300008e+00	-3.300024e+00	-3.299987e+00
1.932482323391073e-02	-3.300006e+00	-3.300004e+00	-3.300009e+00
1.933482323391073e-02	-3.300008e+00	-3.300024e+00	-3.299987e+00
1.934482323391073e-02	-3.300006e+00	-3.300004e+00	-3.300009e+00
1.935482323391073e-02	-3.300008e+00	-3.300024e+00	-3.299987e+00
1.936482323391073e-02	-3.300006e+00	-3.300004e+00	-3.300009e+00
1.937482323391073e-02	-3.300008e+00	-3.300024e+00	-3.299987e+00
1.938482323391073e-02	-3.300006e+00	-3.300004e+00	-3.300009e+00
1.939482323391073e-02	-3.300008e+00	-3.300024e+00	-3.299987e+00
1.940482323391073e-02	-3.300006e+00	-3.300004e+00	-3.300009e+00
1.941482323391073e-02	-3.300007e+00	-3.300024e+00	-3.299987e+00
1.942482323391073e-02	-3.300006e+00	-3.300004e+00	-3.300009e+00
1.943482323391073e-02	-3.300007e+00	-3.300024e+00	-3.299987e+00
1.944482323391073e-02	-3.300006e+00	-3.300004e+00	-3.300009e+00
1.945482323391073e-02	-3.300008e+00	-3.300024e+00	-3.299987e+00
1.946482323391073e-02	-3.300006e+00	-3.300004e+00	-3.300009e+00
1.947482323391073e-02	-3.300008e+00	-3.300024e+00	-3.299987e+00
1.948482323391073e-02	-3.300006e+00	-3.300004e+00	-3.300009e+00
1.949482323391073e-02	-3.300008e+00	-3.300025e+00	-3.299987e+00
1.950482323391073e-02	-3.300006e+00	-3.300004e+00	-3.300009e+00
1.951482323391073e-02	-3.300008e+00	-3.300024e+00	-3.299987e+00
1.952482323391073e-02	-3.300006e+00	-3.300004e+00	-3.300009e+00
1.953482323391073e-02	-3.300008e+00	-3.300024e+00	-3.299987e+00
1.954482323391073e-02	-3.300006e+00	-3.300004e+00	-3.300009e+00
1.955482323391073e-02	-3.300008e+00	-3.300024e+00	-3.299987e+00
1.956482323391073e-02	-3.300006e+00	-3.300004e+00	-3.300009e+00
1.957482323391073e-02	-3.300008e+00	-3.300024e+00	-3.299987e+00
1.958482323391073e-02	-3.300006e+00	-3.300004e+00	-3.300009e+00
1.959482323391073e-02	-3.300008e+00	-3.300024e+00	-3.299987e+00
1.960482323391073e-02	-3.300006e+00	-3.300004e+00	-3.300009e+00
1.961482323391073e-02	-3.300008e+00	-3.300024e+00	-3.299987e+00
1.962482323391073e-02	-3.300006e+00	-3.300004e+00	-3.300009e+00
1.963482323391073e-02	-3.300008e+00	-3.300024e+00	-3.299987e+00
1.964482323391073e-02	-3.300006e+00	-3.300004e+00	-3.300009e+00
1.965482323391073e-02	-3.300008e+00	-3.300024e+00	-3.299987e+00
1.966482323391073e-02	-3.300006e+00	-3.300004e+00	-3.300009e+00
1.967482323391073e-02	-3.300008e+00	-3.300024e+00	-3.299987e+00
1.968482323391073e-02	-3.300006e+00	-3.300004e+00	-3.300009e+00
1.969482323391073e-02	-3.300008e+00	-3.300024e+00	-3.299987e+00
1.970482323391073e-02	-3.300006e+00	-3.300004e+00	-3.300009e+00
1.971482323391073e-02	-3.300008e+00	-3.300024e+00	-3.299987e+00
1.972482323391073e-02	-3.300006e+00	-3.300004e+00	-3.300009e+00
1.973482323391073e-02	-3.300008e+00	-3.300024e+00	-3.299987e+00
1.974482323391073e-02	-3.300006e+00	-3.300004e+00	-3.300009e+00
1.975482323391073e-02	-3.300008e+00	-3.300024e+00	-3.299987e+00
1.976482323391073e-02	-3.300006e+00	-3.300004e+00	-3.300009e+00
1.977482323391073e-02	-3.300007e+00	-3.300024e+00	-3.299987e+00
1.978482323391073e-02	-3.300006e+00	-3.300004e+00	-3.300009e+00
1.979482323391073e-02	-3.300007e+00	-3.300024e+00	-3.299987e+00
1.980482323391073e-02	-3.300006e+00	-3.300004e+00	-3.300009e+00
1.981482323391073e-02	-3.300008e+00	-3.300024e+00	-3.299987e+00
1.982482323391073e-02	-3.300006e+00	-3.300004e+00	-3.300009e+00
1.983482323391073e-02	-3.300008e+00	-3.300024e+00	-3.299987e+00
1.984482323391073e-02	-3.300006e+00	-3.300004e+00	-3.300009e+00
1.985482323391073e-02	-3.300008e+00	-3.300024e+00	-3.299987e+00
1.986482323391073e-02	-3.300006e+00	-3.300004e+00	-3.300009e+00
1.987482323391073e-02	-3.300008e+00	-3.300024e+00	-3.299987e+00
1.988482323391073e-02	-3.300006e+00	-3.300004e+00	-3.300009e+00
1.989482323391073e-02	-3.300008e+00	-3.300024e+00	-3.299987e+00
1.990482323391073e-02	-3.300006e+00	-3.300004e+00	-3.300009e+00
1.991482323391073e-02	-3.300008e+00	-3.300024e+00	-3.299987e+00
1.992482323391073e-02	-3.300006e+00	-3.300004e+00	-3.300009e+00
1.993482323391073e-02	-3.300008e+00	-3.300024e+00	-3.299987e+00
1.994482323391073e-02	-3.300006e+00	-3.300004e+00	-3.300009e+00
1.995482323391073e-02	-3.300008e+00	-3.300024e+00	-3.299987e+00
1.996482323391073e-02	-3.300006e+00	-3.300004e+00	-3.300009e+00
1.997482323391073e-02	-3.300008e+00	-3.300024e+00	-3.299987e+00
1.998482323391073e-02	-3.300006e+00	-3.300004e+00	-3.300009e+00
1.999482323391073e-02	-3.300008e+00	-3.300024e+00	-3.299987e+00
2.000000000000000e-02	-3.300006e+00	-3.300004e+00	-3.300009e+00
2.000010000000000e-02	-3.300008e+00	-3.300024e+00	-3.299987e+00
2.000020000000000e-02	-3.300006e+00	-3.300005e+00	-3.300008e+00
2.000020776211837e-02	-3.300007e+00	-3.300014e+00	-3.299998e+00
2.000022328635512e-02	-3.300007e+00	-3.300015e+00	-3.299997e+00
2.000025433482861e-02	-3.300007e+00	-3.300015e+00	-3.299997e+00
2.000031156507536e-02	-3.300007e+00	-3.300016e+00	-3.299996e+00
2.000041333368548e-02	-3.300007e+00	-3.300015e+00	-3.299997e+00
2.000060324641045e-02	-3.300007e+00	-3.300016e+00	-3.299996e+00
2.000091036867369e-02	-3.300007e+00	-3.300015e+00	-3.299997e+00
2.000149570698709e-02	-3.300007e+00	-3.300014e+00	-3.299998e+00
2.000219552367261e-02	-3.300008e+00	-3.300010e+00	-3.300003e+00
2.000314643274344e-02	-3.300007e+00	-3.300013e+00	-3.300000e+00
2.000409852950721e-02	-3.298984e+00	-3.301133e+00	-3.299903e+00
2.000521435008001e-02	-3.297170e+00	-3.308267e+00	-3.294583e+00
2.000677687346336e-02	-3.296485e+00	-3.316869e+00	-3.286667e+00
2.000842144619399e-02	-3.296279e+00	-3.323878e+00	-3.279864e+00
2.001019524611905e-02	-3.296489e+00	-3.331578e+00	-3.271955e+00
2.001207819637473e-02	-3.296679e+00	-3.339279e+00	-3.264064e+00
2.001584409688608e-02	-3.298291e+00	-3.355976e+00	-3.245753e+00
2.002337589790877e-02	-3.308859e+00	-3.398888e+00	-3.192272e+00
2.003337589790877e-02	-3.330274e+00	-3.465503e+00	-3.104245e+00
2.004337589790877e-02	-3.344781e+00	-3.522545e+00	-3.032697e+00
2.004462589790877e-02	-3.346097e+00	-3.529024e+00	-3.024902e+00
2.004712589790877e-02	-3.348534e+00	-3.541581e+00	-3.009909e+00
2.005212589790877e-02	-3.352116e+00	-3.564473e+00	-2.983435e+00
2.005426093864494e-02	-3.165261e+00	-3.103394e+00	-3.631347e+00
2.005549434851650e-02	-3.012835e+00	-2.919214e+00	-3.965522e+00
2.005619479196142e-02	-2.996690e+00	-2.895599e+00	-4.000065e+00
2.005687856475187e-02	-2.980840e+00	-2.876139e+00	-4.026212e+00
2.005754866669208e-02	-2.962332e+00	-2.858218e+00	-4.049023e+00
2.005858771724752e-02	-2.927613e+00	-2.828607e+00	-4.081798e+00
2.005993100813360e-02	-2.873955e+00	-2.785377e+00	-4.117889e+00
2.006147994286853e-02	-2.805202e+00	-2.726032e+00	-4.148862e+00
2.006362253536963e-02	-2.698585e+00	-2.629113e+00	-4.177845e+00
2.006722093352949e-02	-2.492274e+00	-2.472820e+00	-4.197843e+00
2.007107233750001e-02	-2.304410e+00	-2.291405e+00	-4.196285e+00
2.007487621844363e-02	-2.126710e+00	-2.117785e+00	-4.192238e+00
2.007879632714308e-02	-1.953125e+00	-1.948496e+00	-4.167935e+00
2.008429123794810e-02	-1.720643e+00	-1.722091e+00	-4.107894e+00
2.008988687562881e-02	-1.493732e+00	-1.501933e+00	-4.026062e+00
2.009347624924177e-02	-1.357088e+00	-1.369646e+00	-3.953483e+00
2.009544428990920e-02	-1.293196e+00	-1.308304e+00	-3.887649e+00
2.009727013551520e-02	-1.248995e+00	-1.266358e+00	-3.788728e+00
2.009792291716966e-02	-1.232267e+00	-1.250507e+00	-3.754166e+00
2.009853924469958e-02	-1.218942e+00	-1.237871e+00	-3.715332e+00
2.009947704968844e-02	-1.196041e+00	-1.216167e+00	-3.661128e+00
2.010135265966615e-02	-1.153769e+00	-1.176026e+00	-3.541478e+00
2.010510387962157e-02	-1.067762e+00	-1.094269e+00	-3.295608e+00
2.011260631953241e-02	-9.017944e-01	-9.360101e-01	-2.769045e+00
2.012260631953241e-02	-5.927410e-01	-6.372573e-01	-2.308873e+00
2.013260631953241e-02	-3.183651e-01	-3.401046e-01	-1.929906e+00
2.014260631953241e-02	-2.016044e-01	-2.079685e-01	-1.399494e+00
2.015260631953241e-02	-1.584597e-01	-1.609735e-01	-8.552017e-01
2.016260631953241e-02	-1.412916e-01	-1.425276e-01	-3.370747e-01
2.017260631953241e-02	-8.501530e-02	-8.543897e-02	-1.225555e-01
2.018260631953241e-02	-5.558014e-02	-5.578518e-02	-6.874949e-02
2.019260631953241e-02	-4.793835e-02	-4.805422e-02	-5.500945e-02
2.020260631953241e-02	-4.589939e-02	-4.597592e-02	-5.041147e-02
2.021260631953241e-02	-4.524612e-02	-4.528165e-02	-4.814294e-02
2.022260631953241e-02	-4.495287e-02	-4.497862e-02	-4.694583e-02
2.023260631953241e-02	-4.484653e-02	-4.485250e-02	-4.616124e-02
2.024260631953241e-02	-4.477072e-02	-4.478049e-02	-4.570594e-02
2.025260631953241e-02	-4.475164e-02	-4.474950e-02	-4.535200e-02
2.026260631953241e-02	-4.471779e-02	-4.472375e-02	-4.516830e-02
2.027260631953241e-02	-4.472065e-02	-4.471636e-02	-4.499097e-02
2.028260631953241e-02	-4.469872e-02	-4.470348e-02	-4.492314e-02
2.029260631953241e-02	-4.470825e-02	-4.470348e-02	-4.482413e-02
2.030260631953241e-02	-4.469061e-02	-4.469538e-02	-4.480849e-02
2.031260631953241e-02	-4.470301e-02	-4.469800e-02	-4.474575e-02
2.032260631953241e-02	-4.468727e-02	-4.469180e-02	-4.475419e-02
2.033260631953241e-02	-4.470062e-02	-4.469538e-02	-4.470870e-02
2.034260631953241e-02	-4.468536e-02	-4.469013e-02	-4.472828e-02
2.035260631953241e-02	-4.469919e-02	-4.469442e-02	-4.469117e-02
2.036260631953241e-02	-4.468489e-02	-4.468942e-02	-4.471583e-02
2.037260631953241e-02	-4.469824e-02	-4.469371e-02	-4.468292e-02
2.038260631953241e-02	-4.468441e-02	-4.468918e-02	-4.470979e-02
2.039260631953241e-02	-4.469824e-02	-4.469323e-02	-4.467909e-02
2.040260631953241e-02	-4.468441e-02	-4.468894e-02	-4.470681e-02
2.041260631953241e-02	-4.469776e-02	-4.469299e-02	-4.467737e-02
2.042260631953241e-02	-4.468393e-02	-4.468894e-02	-4.470528e-02
2.043260631953241e-02	-4.469824e-02	-4.469299e-02	-4.467664e-02
2.044260631953241e-02	-4.468441e-02	-4.468894e-02	-4.470446e-02
2.045260631953241e-02	-4.469776e-02	-4.469299e-02	-4.467640e-02
2.046260631953241e-02	-4.468441e-02	-4.468894e-02	-4.470397e-02
2.047260631953241e-02	-4.469776e-02	-4.469299e-02	-4.467638e-02
2.048260631953241e-02	-4.468441e-02	-4.468918e-02	-4.470363e-02
2.049260631953241e-02	-4.469776e-02	-4.469275e-02	-4.467647e-02
2.050260631953241e-02	-4.468441e-02	-4.468918e-02	-4.470338e-02
2.051260631953241e-02	-4.469776e-02	-4.469275e-02	-4.467661e-02
2.052260631953241e-02	-4.468441e-02	-4.468918e-02	-4.470317e-02
2.053260631953241e-02	-4.469776e-02	-4.469275e-02	-4.467677e-02
2.054260631953241e-02	-4.468441e-02	-4.468942e-02	-4.470298e-02
2.055260631953241e-02	-4.469728e-02	-4.469252e-02	-4.467694e-02
2.056260631953241e-02	-4.468441e-02	-4.468942e-02	-4.470280e-02
2.057260631953241e-02	-4.469728e-02	-4.469252e-02	-4.467711e-02
2.058260631953241e-02	-4.468489e-02	-4.468918e-02	-4.470262e-02
2.059260631953241e-02	-4.469776e-02	-4.469252e-02	-4.467729e-02
2.060260631953241e-02	-4.468441e-02	-4.468942e-02	-4.470245e-02
2.061260631953241e-02	-4.469728e-02	-4.469228e-02	-4.467746e-02
2.062260631953241e-02	-4.468441e-02	-4.468942e-02	-4.470228e-02
2.063260631953241e-02	-4.469728e-02	-4.469252e-02	-4.467763e-02
2.064260631953241e-02	-4.468489e-02	-4.468942e-02	-4.470211e-02
2.065260631953241e-02	-4.469728e-02	-4.469252e-02	-4.467780e-02
2.066260631953241e-02	-4.468489e-02	-4.468966e-02	-4.470195e-02
2.067260631953241e-02	-4.469681e-02	-4.469228e-02	-4.467797e-02
2.068260631953241e-02	-4.468489e-02	-4.468966e-02	-4.470179e-02
2.069260631953241e-02	-4.469728e-02	-4.469228e-02	-4.467813e-02
2.070260631953241e-02	-4.468489e-02	-4.468966e-02	-4.470163e-02
2.071260631953241e-02	-4.469728e-02	-4.469228e-02	-4.467829e-02
2.072260631953241e-02	-4.468489e-02	-4.468989e-02	-4.470147e-02
2.073260631953241e-02	-4.469681e-02	-4.469204e-02	-4.467845e-02
2.074260631953241e-02	-4.468489e-02	-4.468989e-02	-4.470131e-02
2.075260631953241e-02	-4.469681e-02	-4.469204e-02	-4.467861e-02
2.076260631953241e-02	-4.468536e-02	-4.468989e-02	-4.470116e-02
2.077260631953241e-02	-4.469681e-02	-4.469204e-02	-4.467876e-02
2.078260631953241e-02	-4.468536e-02	-4.468989e-02	-4.470101e-02
2.079260631953241e-02	-4.469728e-02	-4.469180e-02	-4.467892e-02
2.080260631953241e-02	-4.468536e-02	-4.468989e-02	-4.470086e-02
2.081260631953241e-02	-4.469681e-02	-4.469180e-02	-4.467907e-02
2.082260631953241e-02	-4.468489e-02	-4.468989e-02	-4.470072e-02
2.083260631953241e-02	-4.469681e-02	-4.469180e-02	-4.467922e-02
2.084260631953241e-02	-4.468536e-02	-4.468989e-02	-4.470057e-02
2.085260631953241e-02	-4.469681e-02	-4.469204e-02	-4.467936e-02
2.086260631953241e-02	-4.468536e-02	-4.469013e-02	-4.470043e-02
2.087260631953241e-02	-4.469681e-02	-4.469180e-02	-4.467951e-02
2.088260631953241e-02	-4.468536e-02	-4.469013e-02	-4.470029e-02
2.089260631953241e-02	-4.469633e-02	-4.469180e-02	-4.467965e-02
2.090260631953241e-02	-4.468584e-02	-4.469013e-02	-4.470015e-02
2.091260631953241e-02	-4.469681e-02	-4.469180e-02	-4.467979e-02
2.092260631953241e-02	-4.468536e-02	-4.469013e-02	-4.470001e-02
2.093260631953241e-02	-4.469681e-02	-4.469180e-02	-4.467993e-02
2.094260631953241e-02	-4.468536e-02	-4.469037e-02	-4.469988e-02
2.095260631953241e-02	-4.469633e-02	-4.469156e-02	-4.468007e-02
2.096260631953241e-02	-4.468536e-02	-4.469037e-02	-4.469975e-02
2.097260631953241e-02	-4.469633e-02	-4.469156e-02	-4.468020e-02
2.098260631953241e-02	-4.468584e-02	-4.469037e-02	-4.469962e-02
2.099260631953241e-02	-4.469633e-02	-4.469156e-02	-4.468034e-02
2.100260631953241e-02	-4.468584e-02	-4.469037e-02	-4.469949e-02
2.101260631953241e-02	-4.469633e-02	-4.469132e-02	-4.468047e-02
2.102260631953241e-02	-4.468584e-02	-4.469061e-02	-4.469936e-02
2.103260631953241e-02	-4.469633e-02	-4.469132e-02	-4.468060e-02
2.104260631953241e-02	-4.468584e-02	-4.469037e-02	-4.469923e-02
2.105260631953241e-02	-4.469633e-02	-4.469132e-02	-4.468073e-02
2.106260631953241e-02	-4.468584e-02	-4.469037e-02	-4.469911e-02
2.107260631953241e-02	-4.469633e-02	-4.469132e-02	-4.468085e-02
2.108260631953241e-02	-4.468584e-02	-4.469037e-02	-4.469898e-02
2.109260631953241e-02	-4.469633e-02	-4.469132e-02	-4.468098e-02
2.110260631953241e-02	-4.468584e-02	-4.469061e-02	-4.469886e-02
2.111260631953241e-02	-4.469633e-02	-4.469132e-02	-4.468110e-02
2.112260631953241e-02	-4.468584e-02	-4.469061e-02	-4.469874e-02
2.113260631953241e-02	-4.469585e-02	-4.469132e-02	-4.468122e-02
2.114260631953241e-02	-4.468584e-02	-4.469061e-02	-4.469863e-02
2.115260631953241e-02	-4.469585e-02	-4.469132e-02	-4.468134e-02
2.116260631953241e-02	-4.468632e-02	-4.469061e-02	-4.469851e-02
2.117260631953241e-02	-4.469633e-02	-4.469132e-02	-4.468146e-02
2.118260631953241e-02	-4.468632e-02	-4.469085e-02	-4.469840e-02
2.119260631953241e-02	-4.469633e-02	-4.469109e-02	-4.468157e-02
2.120260631953241e-02	-4.468584e-02	-4.469085e-02	-4.469828e-02
2.121260631953241e-02	-4.469585e-02	-4.469109e-02	-4.468169e-02
2.122260631953241e-02	-4.468584e-02	-4.469085e-02	-4.469817e-02
2.123260631953241e-02	-4.469585e-02	-4.469109e-02	-4.468180e-02
2.124260631953241e-02	-4.468632e-02	-4.469085e-02	-4.469806e-02
2.125260631953241e-02	-4.469585e-02	-4.469109e-02	-4.468191e-02
2.126260631953241e-02	-4.468632e-02	-4.469085e-02	-4.469795e-02
2.127260631953241e-02	-4.469585e-02	-4.469109e-02	-4.468202e-02
2.128260631953241e-02	-4.468632e-02	-4.469109e-02	-4.469785e-02
2.129260631953241e-02	-4.469585e-02	-4.469085e-02	-4.468213e-02
2.130260631953241e-02	-4.468632e-02	-4.469109e-02	-4.469774e-02
2.131260631953241e-02	-4.469585e-02	-4.469085e-02	-4.468223e-02
2.132260631953241e-02	-4.468632e-02	-4.469109e-02	-4.469764e-02
2.133260631953241e-02	-4.469585e-02	-4.469085e-02	-4.468234e-02
2.134260631953241e-02	-4.468632e-02	-4.469085e-02	-4.469753e-02
2.135260631953241e-02	-4.469585e-02	-4.469085e-02	-4.468245e-02
2.136260631953241e-02	-4.468632e-02	-4.469085e-02	-4.469743e-02
2.137260631953241e-02	-4.469585e-02	-4.469085e-02	-4.468255e-02
2.138260631953241e-02	-4.468632e-02	-4.469109e-02	-4.469733e-02
2.139260631953241e-02	-4.469585e-02	-4.469061e-02	-4.468265e-02
2.140260631953241e-02	-4.468632e-02	-4.469109e-02	-4.469723e-02
2.141260631953241e-02	-4.469538e-02	-4.469085e-02	-4.468275e-02
2.142260631953241e-02	-4.468632e-02	-4.469109e-02	-4.469714e-02
2.143260631953241e-02	-4.469538e-02	-4.469085e-02	-4.468284e-02
2.144260631953241e-02	-4.468632e-02	-4.469109e-02	-4.469704e-02
2.145260631953241e-02	-4.469538e-02	-4.469085e-02	-4.468294e-02
2.146260631953241e-02	-4.468679e-02	-4.469109e-02	-4.469694e-02
2.147260631953241e-02	-4.469538e-02	-4.469085e-02	-4.468304e-02
2.148260631953241e-02	-4.468679e-02	-4.469109e-02	-4.469685e-02
2.149260631953241e-02	-4.469585e-02	-4.469061e-02	-4.468313e-02
2.150260631953241e-02	-4.468679e-02	-4.469132e-02	-4.469676e-02
2.151260631953241e-02	-4.469585e-02	-4.469061e-02	-4.468322e-02
2.152260631953241e-02	-4.468632e-02	-4.469132e-02	-4.469667e-02
2.153260631953241e-02	-4.469538e-02	-4.469061e-02	-4.468332e-02
2.154260631953241e-02	-4.468632e-02	-4.469132e-02	-4.469658e-02
2.155260631953241e-02	-4.469538e-02	-4.469061e-02	-4.468341e-02
2.156260631953241e-02	-4.468679e-02	-4.469132e-02	-4.469649e-02
2.157260631953241e-02	-4.469538e-02	-4.469061e-02	-4.468349e-02
2.158260631953241e-02	-4.468679e-02	-4.469132e-02	-4.469641e-02
2.159260631953241e-02	-4.469538e-02	-4.469061e-02	-4.468358e-02
2.160260631953241e-02	-4.468679e-02	-4.469156e-02	-4.469632e-02
2.161260631953241e-02	-4.469538e-02	-4.469037e-02	-4.468367e-02
2.162260631953241e-02	-4.468679e-02	-4.469156e-02	-4.469623e-02
2.163260631953241e-02	-4.469538e-02	-4.469037e-02	-4.468375e-02
2.164260631953241e-02	-4.468679e-02	-4.469156e-02	-4.469615e-02
2.165260631953241e-02	-4.469490e-02	-4.469037e-02	-4.468384e-02
2.166260631953241e-02	-4.468679e-02	-4.469156e-02	-4.469607e-02
2.167260631953241e-02	-4.469538e-02	-4.469037e-02	-4.468392e-02
2.168260631953241e-02	-4.468679e-02	-4.469156e-02	-4.469599e-02
2.169260631953241e-02	-4.469538e-02	-4.469037e-02	-4.468400e-02
2.170260631953241e-02	-4.468679e-02	-4.469132e-02	-4.469590e-02
2.171260631953241e-02	-4.469538e-02	-4.469037e-02	-4.468408e-02
2.172260631953241e-02	-4.468679e-02	-4.469132e-02	-4.469583e-02
2.173260631953241e-02	-4.469538e-02	-4.469037e-02	-4.468416e-02
2.174260631953241e-02	-4.468679e-02	-4.469156e-02	-4.469575e-02
2.175260631953241e-02	-4.469538e-02	-4.469013e-02	-4.468424e-02
2.176260631953241e-02	-4.468679e-02	-4.469156e-02	-4.469567e-02
2.177260631953241e-02	-4.469490e-02	-4.469013e-02	-4.468432e-02
2.178260631953241e-02	-4.468679e-02	-4.469156e-02	-4.469559e-02
2.179260631953241e-02	-4.469490e-02	-4.469013e-02	-4.468440e-02
2.180260631953241e-02	-4.468679e-02	-4.469156e-02	-4.469552e-02
2.181260631953241e-02	-4.469490e-02	-4.469037e-02	-4.468447e-02
2.182260631953241e-02	-4.468727e-02	-4.469156e-02	-4.469545e-02
2.183260631953241e-02	-4.469490e-02	-4.469037e-02	-4.468455e-02
2.184260631953241e-02	-4.468727e-02	-4.469156e-02	-4.469537e-02
2.185260631953241e-02	-4.469490e-02	-4.469037e-02	-4.468462e-02
2.186260631953241e-02	-4.468727e-02	-4.469156e-02	-4.469530e-02
2.187260631953241e-02	-4.469490e-02	-4.469037e-02	-4.468469e-02
2.188260631953241e-02	-4.468727e-02	-4.469180e-02	-4.469523e-02
2.189260631953241e-02	-4.469538e-02	-4.469013e-02	-4.468476e-02
2.190260631953241e-02	-4.468727e-02	-4.469180e-02	-4.469516e-02
2.191260631953241e-02	-4.469538e-02	-4.469013e-02	-4.468483e-02
2.192260631953241e-02	-4.468679e-02	-4.469180e-02	-4.469509e-02
2.193260631953241e-02	-4.469490e-02	-4.469013e-02	-4.468490e-02
2.194260631953241e-02	-4.468679e-02	-4.469180e-02	-4.469502e-02
2.195260631953241e-02	-4.469490e-02	-4.469013e-02	-4.468497e-02
2.196260631953241e-02	-4.468679e-02	-4.469180e-02	-4.469496e-02
2.197260631953241e-02	-4.469490e-02	-4.469013e-02	-4.468504e-02
2.198260631953241e-02	-4.468727e-02	-4.469180e-02	-4.469489e-02
2.199260631953241e-02	-4.469490e-02	-4.469013e-02	-4.468511e-02
2.200260631953241e-02	-4.468727e-02	-4.469180e-02	-4.469482e-02
2.201260631953241e-02	-4.469490e-02	-4.469013e-02	-4.468517e-02
2.202260631953241e-02	-4.468727e-02	-4.469204e-02	-4.469476e-02
2.203260631953241e-02	-4.469490e-02	-4.468989e-02	-4.468524e-02
2.204260631953241e-02	-4.468727e-02	-4.469204e-02	-4.469470e-02
2.205260631953241e-02	-4.469490e-02	-4.468989e-02	-4.468530e-02
2.206260631953241e-02	-4.468727e-02	-4.469204e-02	-4.469463e-02
2.207260631953241e-02	-4.469490e-02	-4.468989e-02	-4.468536e-02
2.208260631953241e-02	-4.468727e-02	-4.469204e-02	-4.469457e-02
2.209260631953241e-02	-4.469442e-02	-4.468989e-02	-4.468542e-02
2.210260631953241e-02	-4.468727e-02	-4.469204e-02	-4.469451e-02
2.211260631953241e-02	-4.469442e-02	-4.468989e-02	-4.468549e-02
2.212260631953241e-02	-4.468727e-02	-4.469204e-02	-4.469445e-02
2.213260631953241e-02	-4.469442e-02	-4.468989e-02	-4.468554e-02
2.214260631953241e-02	-4.468775e-02	-4.469204e-02	-4.469439e-02
2.215260631953241e-02	-4.469490e-02	-4.468989e-02	-4.468561e-02
2.216260631953241e-02	-4.468775e-02	-4.469204e-02	-4.469433e-02
2.217260631953241e-02	-4.469490e-02	-4.468989e-02	-4.468566e-02
2.218260631953241e-02	-4.468775e-02	-4.469180e-02	-4.469428e-02
2.219260631953241e-02	-4.469490e-02	-4.468989e-02	-4.468572e-02
2.220260631953241e-02	-4.468727e-02	-4.469204e-02	-4.469422e-02
2.221260631953241e-02	-4.469490e-02	-4.468966e-02	-4.468578e-02
2.222260631953241e-02	-4.468727e-02	-4.469204e-02	-4.469416e-02
2.223260631953241e-02	-4.469490e-02	-4.468966e-02	-4.468583e-02
2.224260631953241e-02	-4.468727e-02	-4.469204e-02	-4.469411e-02
2.225260631953241e-02	-4.469490e-02	-4.468966e-02	-4.468589e-02
2.226260631953241e-02	-4.468727e-02	-4.469204e-02	-4.469405e-02
2.227260631953241e-02	-4.469442e-02	-4.468966e-02	-4.468595e-02
2.228260631953241e-02	-4.468727e-02	-4.469204e-02	-4.469400e-02
2.229260631953241e-02	-4.469442e-02	-4.468966e-02	-4.468600e-02
2.230260631953241e-02	-4.468727e-02	-4.469204e-02	-4.469394e-02
2.231260631953241e-02	-4.469442e-02	-4.468966e-02	-4.468605e-02
2.232260631953241e-02	-4.468727e-02	-4.469204e-02	-4.469389e-02
2.233260631953241e-02	-4.469442e-02	-4.468966e-02	-4.468610e-02
2.234260631953241e-02	-4.468775e-02	-4.469204e-02	-4.469384e-02
2.235260631953241e-02	-4.469442e-02	-4.468966e-02	-4.468616e-02
2.236260631953241e-02	-4.468775e-02	-4.469204e-02	-4.469379e-02
2.237260631953241e-02	-4.469442e-02	-4.468989e-02	-4.468621e-02
2.238260631953241e-02	-4.468775e-02	-4.469204e-02	-4.469374e-02
2.239260631953241e-02	-4.469442e-02	-4.468989e-02	-4.468626e-02
2.240260631953241e-02	-4.468775e-02	-4.469228e-02	-4.469369e-02
2.241260631953241e-02	-4.469442e-02	-4.468966e-02	-4.468631e-02
2.242260631953241e-02	-4.468775e-02	-4.469228e-02	-4.469364e-02
2.243260631953241e-02	-4.469442e-02	-4.468966e-02	-4.468635e-02
2.244260631953241e-02	-4.468775e-02	-4.469228e-02	-4.469359e-02
2.245260631953241e-02	-4.469490e-02	-4.468966e-02	-4.468641e-02
2.246260631953241e-02	-4.468775e-02	-4.469228e-02	-4.469355e-02
2.247260631953241e-02	-4.469442e-02	-4.468966e-02	-4.468645e-02
2.248260631953241e-02	-4.468775e-02	-4.469228e-02	-4.469350e-02
2.249260631953241e-02	-4.469442e-02	-4.468966e-02	-4.468650e-02
2.250260631953241e-02	-4.468775e-02	-4.469228e-02	-4.469345e-02
2.251260631953241e-02	-4.469442e-02	-4.468966e-02	-4.468655e-02
2.252260631953241e-02	-4.468727e-02	-4.469228e-02	-4.469341e-02
2.253260631953241e-02	-4.469442e-02	-4.468966e-02	-4.468659e-02
2.254260631953241e-02	-4.468727e-02	-4.469228e-02	-4.469336e-02
2.255260631953241e-02	-4.469442e-02	-4.468966e-02	-4.468664e-02
2.256260631953241e-02	-4.468775e-02	-4.469228e-02	-4.469332e-02
2.257260631953241e-02	-4.469442e-02	-4.468966e-02	-4.468668e-02
2.258260631953241e-02	-4.468775e-02	-4.469228e-02	-4.469327e-02
2.259260631953241e-02	-4.469442e-02	-4.468966e-02	-4.468672e-02
2.260260631953241e-02	-4.468775e-02	-4.469228e-02	-4.469323e-02
2.261260631953241e-02	-4.469442e-02	-4.468966e-02	-4.468677e-02
2.262260631953241e-02	-4.468775e-02	-4.469252e-02	-4.469319e-02
2.263260631953241e-02	-4.469442e-02	-4.468966e-02	-4.468681e-02
2.264260631953241e-02	-4.468775e-02	-4.469252e-02	-4.469315e-02
2.265260631953241e-02	-4.469442e-02	-4.468942e-02	-4.468685e-02
2.266260631953241e-02	-4.468775e-02	-4.469252e-02	-4.469310e-02
2.267260631953241e-02	-4.469442e-02	-4.468942e-02	-4.468689e-02
2.268260631953241e-02	-4.468775e-02	-4.469252e-02	-4.469306e-02
2.269260631953241e-02	-4.469442e-02	-4.468942e-02	-4.468693e-02
2.270260631953241e-02	-4.468775e-02	-4.469252e-02	-4.469302e-02
2.271260631953241e-02	-4.469442e-02	-4.468942e-02	-4.468697e-02
2.272260631953241e-02	-4.468775e-02	-4.469252e-02	-4.469298e-02
2.273260631953241e-02	-4.469395e-02	-4.468942e-02	-4.468701e-02
2.274260631953241e-02	-4.468775e-02	-4.469252e-02	-4.469294e-02
2.275260631953241e-02	-4.469395e-02	-4.468942e-02	-4.468705e-02
2.276260631953241e-02	-4.468775e-02	-4.469252e-02	-4.469290e-02
2.277260631953241e-02	-4.469395e-02	-4.468942e-02	-4.468709e-02
2.278260631953241e-02	-4.468775e-02	-4.469252e-02	-4.469287e-02
2.279260631953241e-02	-4.469395e-02	-4.468942e-02	-4.468713e-02
2.280260631953241e-02	-4.468775e-02	-4.469252e-02	-4.469283e-02
2.281260631953241e-02	-4.469395e-02	-4.468942e-02	-4.468717e-02
2.282260631953241e-02	-4.468822e-02	-4.469252e-02	-4.469279e-02
2.283260631953241e-02	-4.469395e-02	-4.468942e-02	-4.468720e-02
2.284260631953241e-02	-4.468822e-02	-4.469252e-02	-4.469276e-02
2.285260631953241e-02	-4.469442e-02	-4.468942e-02	-4.468724e-02
2.286260631953241e-02	-4.468822e-02	-4.469252e-02	-4.469272e-02
2.287260631953241e-02	-4.469442e-02	-4.468942e-02	-4.468728e-02
2.288260631953241e-02	-4.468822e-02	-4.469252e-02	-4.469268e-02
2.289260631953241e-02	-4.469442e-02	-4.468942e-02	-4.468731e-02
2.290260631953241e-02	-4.468822e-02	-4.469275e-02	-4.469265e-02
2.291260631953241e-02	-4.469442e-02	-4.468942e-02	-4.468735e-02
2.292260631953241e-02	-4.468775e-02	-4.469252e-02	-4.469261e-02
2.293260631953241e-02	-4.469442e-02	-4.468918e-02	-4.468738e-02
2.294260631953241e-02	-4.468775e-02	-4.469252e-02	-4.469258e-02
2.295260631953241e-02	-4.469442e-02	-4.468918e-02	-4.468742e-02
2.296260631953241e-02	-4.468775e-02	-4.469252e-02	-4.469255e-02
2.297260631953241e-02	-4.469442e-02	-4.468918e-02	-4.468745e-02
2.298260631953241e-02	-4.468775e-02	-4.469252e-02	-4.469251e-02
2.299260631953241e-02	-4.469442e-02	-4.468918e-02	-4.468748e-02
2.300260631953241e-02	-4.468775e-02	-4.469252e-02	-4.469248e-02
2.301260631953241e-02	-4.469395e-02	-4.468918e-02	-4.468752e-02
2.302260631953241e-02	-4.468775e-02	-4.469252e-02	-4.469245e-02
2.303260631953241e-02	-4.469395e-02	-4.468918e-02	-4.468755e-02
2.304260631953241e-02	-4.468775e-02	-4.469252e-02	-4.469241e-02
2.305260631953241e-02	-4.469395e-02	-4.468918e-02	-4.468758e-02
2.306260631953241e-02	-4.468775e-02	-4.469252e-02	-4.469239e-02
2.307260631953241e-02	-4.469395e-02	-4.468918e-02	-4.468761e-02
2.308260631953241e-02	-4.468775e-02	-4.469252e-02	-4.469235e-02
2.309260631953241e-02	-4.469395e-02	-4.468918e-02	-4.468764e-02
2.310260631953241e-02	-4.468775e-02	-4.469252e-02	-4.469232e-02
2.311260631953241e-02	-4.469395e-02	-4.468918e-02	-4.468767e-02
2.312260631953241e-02	-4.468822e-02	-4.469252e-02	-4.469229e-02
2.313260631953241e-02	-4.469395e-02	-4.468918e-02	-4.468770e-02
2.314260631953241e-02	-4.468822e-02	-4.469252e-02	-4.469226e-02
2.315260631953241e-02	-4.469395e-02	-4.468918e-02	-4.468773e-02
2.316260631953241e-02	-4.468822e-02	-4.469252e-02	-4.469223e-02
2.317260631953241e-02	-4.469395e-02	-4.468918e-02	-4.468776e-02
2.318260631953241e-02	-4.468822e-02	-4.469252e-02	-4.469221e-02
2.319260631953241e-02	-4.469395e-02	-4.468918e-02	-4.468779e-02
2.320260631953241e-02	-4.468822e-02	-4.469252e-02	-4.469218e-02
2.321260631953241e-02	-4.469395e-02	-4.468918e-02	-4.468782e-02
2.322260631953241e-02	-4.468822e-02	-4.469275e-02	-4.469215e-02
2.323260631953241e-02	-4.469395e-02	-4.468942e-02	-4.468785e-02
2.324260631953241e-02	-4.468822e-02	-4.469275e-02	-4.469212e-02
2.325260631953241e-02	-4.469395e-02	-4.468942e-02	-4.468787e-02
2.326260631953241e-02	-4.468822e-02	-4.469275e-02	-4.469209e-02
2.327260631953241e-02	-4.469395e-02	-4.468918e-02	-4.468790e-02
2.328260631953241e-02	-4.468822e-02	-4.469275e-02	-4.469206e-02
2.329260631953241e-02	-4.469395e-02	-4.468918e-02	-4.468793e-02
2.330260631953241e-02	-4.468822e-02	-4.469275e-02	-4.469204e-02
2.331260631953241e-02	-4.469395e-02	-4.468918e-02	-4.468796e-02
2.332260631953241e-02	-4.468822e-02	-4.469275e-02	-4.469201e-02
2.333260631953241e-02	-4.469395e-02	-4.468918e-02	-4.468798e-02
2.334260631953241e-02	-4.468822e-02	-4.469275e-02	-4.469199e-02
2.335260631953241e-02	-4.469395e-02	-4.468918e-02	-4.468801e-02
2.336260631953241e-02	-4.468822e-02	-4.469275e-02	-4.469196e-02
2.337260631953241e-02	-4.469395e-02	-4.468918e-02	-4.468803e-02
2.338260631953241e-02	-4.468822e-02	-4.469275e-02	-4.469194e-02
2.339260631953241e-02	-4.469347e-02	-4.468918e-02	-4.468806e-02
2.340260631953241e-02	-4.468822e-02	-4.469275e-02	-4.469191e-02
2.341260631953241e-02	-4.469395e-02	-4.468918e-02	-4.468808e-02
2.342260631953241e-02	-4.468822e-02	-4.469275e-02	-4.469189e-02
2.343260631953241e-02	-4.469395e-02	-4.468918e-02	-4.468811e-02
2.344260631953241e-02	-4.468822e-02	-4.469275e-02	-4.469186e-02
2.345260631953241e-02	-4.469395e-02	-4.468918e-02	-4.468813e-02
2.346260631953241e-02	-4.468822e-02	-4.469275e-02	-4.469184e-02
2.347260631953241e-02	-4.469395e-02	-4.468918e-02	-4.468816e-02
2.348260631953241e-02	-4.468822e-02	-4.469275e-02	-4.469182e-02
2.349260631953241e-02	-4.469395e-02	-4.468918e-02	-4.468818e-02
2.350260631953241e-02	-4.468822e-02	-4.469275e-02	-4.469179e-02
2.351260631953241e-02	-4.469395e-02	-4.468918e-02	-4.468820e-02
2.352260631953241e-02	-4.468822e-02	-4.469275e-02	-4.469177e-02
2.353260631953241e-02	-4.469395e-02	-4.468918e-02	-4.468822e-02
2.354260631953241e-02	-4.468822e-02	-4.469275e-02	-4.469175e-02
2.355260631953241e-02	-4.469395e-02	-4.468918e-02	-4.468825e-02
2.356260631953241e-02	-4.468822e-02	-4.469275e-02	-4.469173e-02
2.357260631953241e-02	-4.469395e-02	-4.468918e-02	-4.468827e-02
2.358260631953241e-02	-4.468822e-02	-4.469275e-02	-4.469170e-02
2.359260631953241e-02	-4.469395e-02	-4.468918e-02	-4.468829e-02
2.360260631953241e-02	-4.468822e-02	-4.469275e-02	-4.469168e-02
2.361260631953241e-02	-4.469395e-02	-4.468918e-02	-4.468831e-02
2.362260631953241e-02	-4.468822e-02	-4.469275e-02	-4.469166e-02
2.363260631953241e-02	-4.469395e-02	-4.468918e-02	-4.468833e-02
2.364260631953241e-02	-4.468822e-02	-4.469275e-02	-4.469164e-02
2.365260631953241e-02	-4.469395e-02	-4.468918e-02	-4.468835e-02
2.366260631953241e-02	-4.468822e-02	-4.469299e-02	-4.469162e-02
2.367260631953241e-02	-4.469395e-02	-4.468918e-02	-4.468838e-02
2.368260631953241e-02	-4.468822e-02	-4.469299e-02	-4.469160e-02
2.369260631953241e-02	-4.469395e-02	-4.468918e-02	-4.468840e-02
2.370260631953241e-02	-4.468822e-02	-4.469299e-02	-4.469158e-02
2.371260631953241e-02	-4.469395e-02	-4.468918e-02	-4.468842e-02
2.372260631953241e-02	-4.468822e-02	-4.469299e-02	-4.469156e-02
2.373260631953241e-02	-4.469395e-02	-4.468894e-02	-4.468844e-02
2.374260631953241e-02	-4.468822e-02	-4.469299e-02	-4.469154e-02
2.375260631953241e-02	-4.469395e-02	-4.468894e-02	-4.468845e-02
2.376260631953241e-02	-4.468822e-02	-4.469299e-02	-4.469152e-02
2.377260631953241e-02	-4.469395e-02	-4.468894e-02	-4.468847e-02
2.378260631953241e-02	-4.468822e-02	-4.469299e-02	-4.469150e-02
2.379260631953241e-02	-4.469395e-02	-4.468894e-02	-4.468849e-02
2.380260631953241e-02	-4.468822e-02	-4.469299e-02	-4.469148e-02
2.381260631953241e-02	-4.469395e-02	-4.468894e-02	-4.468851e-02
2.382260631953241e-02	-4.468822e-02	-4.469299e-02	-4.469146e-02
2.383260631953241e-02	-4.469395e-02	-4.468894e-02	-4.468853e-02
2.384260631953241e-02	-4.468822e-02	-4.469299e-02	-4.469145e-02
2.385260631953241e-02	-4.469395e-02	-4.468894e-02	-4.468855e-02
2.386260631953241e-02	-4.468822e-02	-4.469299e-02	-4.469143e-02
2.387260631953241e-02	-4.469395e-02	-4.468894e-02	-4.468857e-02
2.388260631953241e-02	-4.468822e-02	-4.469299e-02	-4.469141e-02
2.389260631953241e-02	-4.469347e-02	-4.468894e-02	-4.468858e-02
2.390260631953241e-02	-4.468822e-02	-4.469299e-02	-4.469139e-02
2.391260631953241e-02	-4.469347e-02	-4.468894e-02	-4.468860e-02
2.392260631953241e-02	-4.468822e-02	-4.469299e-02	-4.469137e-02
2.393260631953241e-02	-4.469347e-02	-4.468894e-02	-4.468862e-02
2.394260631953241e-02	-4.468822e-02	-4.469299e-02	-4.469136e-02
2.395260631953241e-02	-4.469347e-02	-4.468894e-02	-4.468864e-02
2.396260631953241e-02	-4.468822e-02	-4.469299e-02	-4.469134e-02
2.397260631953241e-02	-4.469347e-02	-4.468894e-02	-4.468865e-02
2.398260631953241e-02	-4.468822e-02	-4.469299e-02	-4.469132e-02
2.399260631953241e-02	-4.469347e-02	-4.468894e-02	-4.468867e-02
2.400260631953241e-02	-4.468822e-02	-4.469299e-02	-4.469131e-02
2.401260631953241e-02	-4.469347e-02	-4.468894e-02	-4.468869e-02
2.402260631953241e-02	-4.468822e-02	-4.469299e-02	-4.469129e-02
2.403260631953241e-02	-4.469347e-02	-4.468894e-02	-4.468870e-02
2.404260631953241e-02	-4.468822e-02	-4.469299e-02	-4.469127e-02
2.405260631953241e-02	-4.469347e-02	-4.468894e-02	-4.468872e-02
2.406260631953241e-02	-4.468822e-02	-4.469299e-02	-4.469126e-02
2.407260631953241e-02	-4.469347e-02	-4.468894e-02	-4.468873e-02
2.408260631953241e-02	-4.468822e-02	-4.469299e-02	-4.469124e-02
2.409260631953241e-02	-4.469347e-02	-4.468894e-02	-4.468875e-02
2.410260631953241e-02	-4.468870e-02	-4.469299e-02	-4.469123e-02
2.411260631953241e-02	-4.469347e-02	-4.468894e-02	-4.468876e-02
2.412260631953241e-02	-4.468870e-02	-4.469299e-02	-4.469121e-02
2.413260631953241e-02	-4.469347e-02	-4.468894e-02	-4.468878e-02
2.414260631953241e-02	-4.468870e-02	-4.469299e-02	-4.469120e-02
2.415260631953241e-02	-4.469347e-02	-4.468894e-02	-4.468879e-02
2.416260631953241e-02	-4.468870e-02	-4.469299e-02	-4.469118e-02
2.417260631953241e-02	-4.469347e-02	-4.468894e-02	-4.468881e-02
2.418260631953241e-02	-4.468870e-02	-4.469299e-02	-4.469117e-02
2.419260631953241e-02	-4.469347e-02	-4.468894e-02	-4.468882e-02
2.420260631953241e-02	-4.468870e-02	-4.469299e-02	-4.469116e-02
2.421260631953241e-02	-4.469347e-02	-4.468894e-02	-4.468884e-02
2.422260631953241e-02	-4.468870e-02	-4.469299e-02	-4.469114e-02
2.423260631953241e-02	-4.469347e-02	-4.468894e-02	-4.468885e-02
2.424260631953241e-02	-4.468870e-02	-4.469299e-02	-4.469113e-02
2.425260631953241e-02	-4.469347e-02	-4.468894e-02	-4.468887e-02
2.426260631953241e-02	-4.468870e-02	-4.469299e-02	-4.469112e-02
2.427260631953241e-02	-4.469347e-02	-4.468894e-02	-4.468888e-02
2.428260631953241e-02	-4.468870e-02	-4.469299e-02	-4.469110e-02
2.429260631953241e-02	-4.469347e-02	-4.468894e-02	-4.468889e-02
2.430260631953241e-02	-4.468870e-02	-4.469299e-02	-4.469109e-02
2.431260631953241e-02	-4.469347e-02	-4.468894e-02	-4.468891e-02
2.432260631953241e-02	-4.468870e-02	-4.469323e-02	-4.469108e-02
2.433260631953241e-02	-4.469347e-02	-4.468894e-02	-4.468892e-02
2.434260631953241e-02	-4.468870e-02	-4.469299e-02	-4.469106e-02
2.435260631953241e-02	-4.469395e-02	-4.468894e-02	-4.468893e-02
2.436260631953241e-02	-4.468870e-02	-4.469299e-02	-4.469105e-02
2.437260631953241e-02	-4.469395e-02	-4.468894e-02	-4.468894e-02
2.438260631953241e-02	-4.468870e-02	-4.469299e-02	-4.469104e-02
2.439260631953241e-02	-4.469395e-02	-4.468894e-02	-4.468896e-02
2.440260631953241e-02	-4.468870e-02	-4.469299e-02	-4.469102e-02
2.441260631953241e-02	-4.469395e-02	-4.468894e-02	-4.468897e-02
2.442260631953241e-02	-4.468870e-02	-4.469299e-02	-4.469101e-02
2.443260631953241e-02	-4.469395e-02	-4.468870e-02	-4.468898e-02
2.444260631953241e-02	-4.468870e-02	-4.469299e-02	-4.469100e-02
2.445260631953241e-02	-4.469395e-02	-4.468870e-02	-4.468899e-02
2.446260631953241e-02	-4.468870e-02	-4.469299e-02	-4.469099e-02
2.447260631953241e-02	-4.469395e-02	-4.468870e-02	-4.468900e-02
2.448260631953241e-02	-4.468870e-02	-4.469299e-02	-4.469098e-02
2.449260631953241e-02	-4.469395e-02	-4.468870e-02	-4.468901e-02
2.450260631953241e-02	-4.468870e-02	-4.469299e-02	-4.469097e-02
2.451260631953241e-02	-4.469395e-02	-4.468870e-02	-4.468903e-02
2.452260631953241e-02	-4.468870e-02	-4.469299e-02	-4.469095e-02
2.453260631953241e-02	-4.469395e-02	-4.468870e-02	-4.468904e-02
2.454260631953241e-02	-4.468870e-02	-4.469299e-02	-4.469094e-02
2.455260631953241e-02	-4.469395e-02	-4.468870e-02	-4.468905e-02
2.456260631953241e-02	-4.468822e-02	-4.469299e-02	-4.469093e-02
2.457260631953241e-02	-4.469395e-02	-4.468870e-02	-4.468906e-02
2.458260631953241e-02	-4.468822e-02	-4.469299e-02	-4.469092e-02
2.459260631953241e-02	-4.469395e-02	-4.468870e-02	-4.468907e-02
2.460260631953241e-02	-4.468822e-02	-4.469299e-02	-4.469091e-02
2.461260631953241e-02	-4.469395e-02	-4.468870e-02	-4.468908e-02
2.462260631953241e-02	-4.468822e-02	-4.469299e-02	-4.469090e-02
2.463260631953241e-02	-4.469395e-02	-4.468870e-02	-4.468909e-02
2.464260631953241e-02	-4.468822e-02	-4.469299e-02	-4.469089e-02
2.465260631953241e-02	-4.469347e-02	-4.468870e-02	-4.468910e-02
2.466260631953241e-02	-4.468822e-02	-4.469299e-02	-4.469088e-02
2.467260631953241e-02	-4.469347e-02	-4.468870e-02	-4.468911e-02
2.468260631953241e-02	-4.468822e-02	-4.469299e-02	-4.469087e-02
2.469260631953241e-02	-4.469347e-02	-4.468870e-02	-4.468912e-02
2.470260631953241e-02	-4.468822e-02	-4.469299e-02	-4.469086e-02
2.471260631953241e-02	-4.469347e-02	-4.468870e-02	-4.468913e-02
2.472260631953241e-02	-4.468822e-02	-4.469299e-02	-4.469085e-02
2.473260631953241e-02	-4.469347e-02	-4.468870e-02	-4.468914e-02
2.474260631953241e-02	-4.468822e-02	-4.469299e-02	-4.469084e-02
2.475260631953241e-02	-4.469347e-02	-4.468870e-02	-4.468915e-02
2.476260631953241e-02	-4.468822e-02	-4.469299e-02	-4.469083e-02
2.477260631953241e-02	-4.469347e-02	-4.468870e-02	-4.468916e-02
2.478260631953241e-02	-4.468822e-02	-4.469299e-02	-4.469082e-02
2.479260631953241e-02	-4.469347e-02	-4.468870e-02	-4.468917e-02
2.480260631953241e-02	-4.468822e-02	-4.469299e-02	-4.469081e-02
2.481260631953241e-02	-4.469347e-02	-4.468870e-02	-4.468918e-02
2.482260631953241e-02	-4.468822e-02	-4.469299e-02	-4.469080e-02
2.483260631953241e-02	-4.469347e-02	-4.468870e-02	-4.468919e-02
2.484260631953241e-02	-4.468822e-02	-4.469299e-02	-4.469079e-02
2.485260631953241e-02	-4.469347e-02	-4.468870e-02	-4.468920e-02
2.486260631953241e-02	-4.468822e-02	-4.469299e-02	-4.469078e-02
2.487260631953241e-02	-4.469347e-02	-4.468870e-02	-4.468921e-02
2.488260631953241e-02	-4.468822e-02	-4.469299e-02	-4.469078e-02
2.489260631953241e-02	-4.469347e-02	-4.468870e-02	-4.468921e-02
2.490260631953241e-02	-4.468822e-02	-4.469299e-02	-4.469077e-02
2.491260631953241e-02	-4.469347e-02	-4.468870e-02	-4.468922e-02
2.492260631953241e-02	-4.468822e-02	-4.469299e-02	-4.469076e-02
2.493260631953241e-02	-4.469347e-02	-4.468870e-02	-4.468923e-02
2.494260631953241e-02	-4.468822e-02	-4.469299e-02	-4.469075e-02
2.495260631953241e-02	-4.469347e-02	-4.468870e-02	-4.468924e-02
2.496260631953241e-02	-4.468822e-02	-4.469299e-02	-4.469074e-02
2.497260631953241e-02	-4.469347e-02	-4.468870e-02	-4.468925e-02
2.498260631953241e-02	-4.468822e-02	-4.469299e-02	-4.469073e-02
2.499260631953241e-02	-4.469347e-02	-4.468870e-02	-4.468926e-02
2.500260631953241e-02	-4.468822e-02	-4.469299e-02	-4.469073e-02
2.501260631953241e-02	-4.469347e-02	-4.468870e-02	-4.468926e-02
2.502260631953241e-02	-4.468870e-02	-4.469299e-02	-4.469072e-02
2.503260631953241e-02	-4.469347e-02	-4.468870e-02	-4.468927e-02
2.504260631953241e-02	-4.468870e-02	-4.469299e-02	-4.469071e-02
2.505260631953241e-02	-4.469347e-02	-4.468870e-02	-4.468928e-02
2.506260631953241e-02	-4.468870e-02	-4.469299e-02	-4.469070e-02
2.507260631953241e-02	-4.469347e-02	-4.468870e-02	-4.468929e-02
2.508260631953241e-02	-4.468870e-02	-4.469299e-02	-4.469069e-02
2.509260631953241e-02	-4.469347e-02	-4.468870e-02	-4.468930e-02
2.510260631953241e-02	-4.468870e-02	-4.469299e-02	-4.469069e-02
2.511260631953241e-02	-4.469347e-02	-4.468870e-02	-4.468930e-02
2.512260631953241e-02	-4.468870e-02	-4.469299e-02	-4.469068e-02
2.513260631953241e-02	-4.469347e-02	-4.468870e-02	-4.468931e-02
2.514260631953241e-02	-4.468870e-02	-4.469299e-02	-4.469067e-02
2.515260631953241e-02	-4.469347e-02	-4.468870e-02	-4.468932e-02
2.516260631953241e-02	-4.468870e-02	-4.469299e-02	-4.469067e-02
2.517260631953241e-02	-4.469347e-02	-4.468870e-02	-4.468932e-02
2.518260631953241e-02	-4.468870e-02	-4.469299e-02	-4.469066e-02
2.519260631953241e-02	-4.469347e-02	-4.468870e-02	-4.468933e-02
2.520260631953241e-02	-4.468870e-02	-4.469299e-02	-4.469065e-02
2.521260631953241e-02	-4.469347e-02	-4.468870e-02	-4.468934e-02
2.522260631953241e-02	-4.468870e-02	-4.469299e-02	-4.469064e-02
2.523260631953241e-02	-4.469347e-02	-4.468870e-02	-4.468935e-02
2.524260631953241e-02	-4.468870e-02	-4.469299e-02	-4.469064e-02
2.525260631953241e-02	-4.469347e-02	-4.468870e-02	-4.468935e-02
2.526260631953241e-02	-4.468870e-02	-4.469299e-02	-4.469063e-02
2.527260631953241e-02	-4.469347e-02	-4.468870e-02	-4.468936e-02
2.528260631953241e-02	-4.468870e-02	-4.469299e-02	-4.469062e-02
2.529260631953241e-02	-4.469347e-02	-4.468870e-02	-4.468937e-02
2.530260631953241e-02	-4.468870e-02	-4.469299e-02	-4.469062e-02
2.531260631953241e-02	-4.469347e-02	-4.468870e-02	-4.468937e-02
2.532260631953241e-02	-4.468870e-02	-4.469299e-02	-4.469061e-02
2.533260631953241e-02	-4.469347e-02	-4.468870e-02	-4.468938e-02
2.534260631953241e-02	-4.468870e-02	-4.469299e-02	-4.469060e-02
2.535260631953241e-02	-4.469347e-02	-4.468870e-02	-4.468938e-02
2.536260631953241e-02	-4.468870e-02	-4.469299e-02	-4.469060e-02
2.537260631953241e-02	-4.469347e-02	-4.468870e-02	-4.468939e-02
2.538260631953241e-02	-4.468870e-02	-4.469299e-02	-4.469059e-02
2.539260631953241e-02	-4.469347e-02	-4.468894e-02	-4.468940e-02
2.540260631953241e-02	-4.468870e-02	-4.469299e-02	-4.469058e-02
2.541260631953241e-02	-4.469347e-02	-4.468894e-02	-4.468940e-02
2.542260631953241e-02	-4.468870e-02	-4.469299e-02	-4.469058e-02
2.543260631953241e-02	-4.469347e-02	-4.468894e-02	-4.468941e-02
2.544260631953241e-02	-4.468870e-02	-4.469299e-02	-4.469057e-02
2.545260631953241e-02	-4.469347e-02	-4.468894e-02	-4.468942e-02
2.546260631953241e-02	-4.468870e-02	-4.469299e-02	-4.469057e-02
2.547260631953241e-02	-4.469347e-02	-4.468894e-02	-4.468942e-02
2.548260631953241e-02	-4.468870e-02	-4.469299e-02	-4.469056e-02
2.549260631953241e-02	-4.469347e-02	-4.468894e-02	-4.468943e-02
2.550260631953241e-02	-4.468870e-02	-4.469299e-02	-4.469056e-02
2.551260631953241e-02	-4.469347e-02	-4.468894e-02	-4.468943e-02
2.552260631953241e-02	-4.468870e-02	-4.469299e-02	-4.469055e-02
2.553260631953241e-02	-4.469347e-02	-4.468894e-02	-4.468944e-02
2.554260631953241e-02	-4.468870e-02	-4.469299e-02	-4.469054e-02
2.555260631953241e-02	-4.469347e-02	-4.468894e-02	-4.468944e-02
2.556260631953241e-02	-4.468870e-02	-4.469299e-02	-4.469054e-02
2.557260631953241e-02	-4.469347e-02	-4.468894e-02	-4.468945e-02
2.558260631953241e-02	-4.468870e-02	-4.469299e-02	-4.469053e-02
2.559260631953241e-02	-4.469347e-02	-4.468894e-02	-4.468945e-02
2.560260631953241e-02	-4.468870e-02	-4.469323e-02	-4.469053e-02
2.561260631953241e-02	-4.469347e-02	-4.468894e-02	-4.468946e-02
2.562260631953241e-02	-4.468870e-02	-4.469323e-02	-4.469052e-02
2.563260631953241e-02	-4.469347e-02	-4.468894e-02	-4.468946e-02
2.564260631953241e-02	-4.468870e-02	-4.469323e-02	-4.469052e-02
2.565260631953241e-02	-4.469347e-02	-4.468894e-02	-4.468947e-02
2.566260631953241e-02	-4.468870e-02	-4.469323e-02	-4.469051e-02
2.567260631953241e-02	-4.469347e-02	-4.468894e-02	-4.468947e-02
2.568260631953241e-02	-4.468870e-02	-4.469323e-02	-4.469051e-02
2.569260631953241e-02	-4.469347e-02	-4.468894e-02	-4.468948e-02
2.570260631953241e-02	-4.468870e-02	-4.469323e-02	-4.469051e-02
2.571260631953241e-02	-4.469347e-02	-4.468894e-02	-4.468948e-02
2.572260631953241e-02	-4.468870e-02	-4.469323e-02	-4.469050e-02
2.573260631953241e-02	-4.469347e-02	-4.468894e-02	-4.468949e-02
2.574260631953241e-02	-4.468870e-02	-4.469323e-02	-4.469050e-02
2.575260631953241e-02	-4.469347e-02	-4.468894e-02	-4.468950e-02
2.576260631953241e-02	-4.468870e-02	-4.469323e-02	-4.469049e-02
2.577260631953241e-02	-4.469347e-02	-4.468894e-02	-4.468950e-02
2.578260631953241e-02	-4.468870e-02	-4.469323e-02	-4.469048e-02
2.579260631953241e-02	-4.469347e-02	-4.468894e-02	-4.468950e-02
2.580260631953241e-02	-4.468870e-02	-4.469323e-02	-4.469048e-02
2.581260631953241e-02	-4.469347e-02	-4.468894e-02	-4.468951e-02
2.582260631953241e-02	-4.468870e-02	-4.469323e-02	-4.469048e-02
2.583260631953241e-02	-4.469347e-02	-4.468894e-02	-4.468951e-02
2.584260631953241e-02	-4.468870e-02	-4.469323e-02	-4.469047e-02
2.585260631953241e-02	-4.469347e-02	-4.468894e-02	-4.468952e-02
2.586260631953241e-02	-4.468870e-02	-4.469323e-02	-4.469047e-02
2.587260631953241e-02	-4.469347e-02	-4.468894e-02	-4.468952e-02
2.588260631953241e-02	-4.468870e-02	-4.469323e-02	-4.469046e-02
2.589260631953241e-02	-4.469347e-02	-4.468894e-02	-4.468952e-02
2.590260631953241e-02	-4.468870e-02	-4.469323e-02	-4.469046e-02
2.591260631953241e-02	-4.469347e-02	-4.468894e-02	-4.468953e-02
2.592260631953241e-02	-4.468870e-02	-4.469323e-02	-4.469046e-02
2.593260631953241e-02	-4.469347e-02	-4.468870e-02	-4.468953e-02
2.594260631953241e-02	-4.468870e-02	-4.469323e-02	-4.469045e-02
2.595260631953241e-02	-4.469347e-02	-4.468870e-02	-4.468954e-02
2.596260631953241e-02	-4.468870e-02	-4.469323e-02	-4.469045e-02
2.597260631953241e-02	-4.469347e-02	-4.468870e-02	-4.468954e-02
2.598260631953241e-02	-4.468870e-02	-4.469323e-02	-4.469044e-02
2.599260631953241e-02	-4.469347e-02	-4.468870e-02	-4.468954e-02
2.600260631953241e-02	-4.468870e-02	-4.469323e-02	-4.469044e-02
2.601260631953241e-02	-4.469347e-02	-4.468870e-02	-4.468955e-02
2.602260631953241e-02	-4.468870e-02	-4.469323e-02	-4.469044e-02
2.603260631953241e-02	-4.469347e-02	-4.468870e-02	-4.468955e-02
2.604260631953241e-02	-4.468870e-02	-4.469323e-02	-4.469043e-02
2.605260631953241e-02	-4.469347e-02	-4.468870e-02	-4.468955e-02
2.606260631953241e-02	-4.468870e-02	-4.469323e-02	-4.469043e-02
2.607260631953241e-02	-4.469347e-02	-4.468870e-02	-4.468956e-02
2.608260631953241e-02	-4.468870e-02	-4.469323e-02	-4.469042e-02
2.609260631953241e-02	-4.469347e-02	-4.468870e-02	-4.468957e-02
2.610260631953241e-02	-4.468870e-02	-4.469323e-02	-4.469042e-02
2.611260631953241e-02	-4.469347e-02	-4.468870e-02	-4.468957e-02
2.612260631953241e-02	-4.468870e-02	-4.469323e-02	-4.469042e-02
2.613260631953241e-02	-4.469347e-02	-4.468870e-02	-4.468957e-02
2.614260631953241e-02	-4.468870e-02	-4.469323e-02	-4.469041e-02
2.615260631953241e-02	-4.469347e-02	-4.468870e-02	-4.468958e-02
2.616260631953241e-02	-4.468870e-02	-4.469323e-02	-4.469041e-02
2.617260631953241e-02	-4.469347e-02	-4.468870e-02	-4.468958e-02
2.618260631953241e-02	-4.468870e-02	-4.469323e-02	-4.469041e-02
2.619260631953241e-02	-4.469347e-02	-4.468870e-02	-4.468958e-02
2.620260631953241e-02	-4.468870e-02	-4.469323e-02	-4.469040e-02
2.621260631953241e-02	-4.469347e-02	-4.468870e-02	-4.468959e-02
2.622260631953241e-02	-4.468870e-02	-4.469323e-02	-4.469040e-02
2.623260631953241e-02	-4.469347e-02	-4.468870e-02	-4.468959e-02
2.624260631953241e-02	-4.468870e-02	-4.469323e-02	-4.469040e-02
2.625260631953241e-02	-4.469347e-02	-4.468870e-02	-4.468959e-02
2.626260631953241e-02	-4.468870e-02	-4.469323e-02	-4.469039e-02
2.627260631953241e-02	-4.469347e-02	-4.468870e-02	-4.468959e-02
2.628260631953241e-02	-4.468870e-02	-4.469323e-02	-4.469039e-02
2.629260631953241e-02	-4.469347e-02	-4.468870e-02	-4.468960e-02
2.630260631953241e-02	-4.468870e-02	-4.469323e-02	-4.469039e-02
2.631260631953241e-02	-4.469347e-02	-4.468870e-02	-4.468960e-02
2.632260631953241e-02	-4.468870e-02	-4.469323e-02	-4.469038e-02
2.633260631953241e-02	-4.469347e-02	-4.468870e-02	-4.468960e-02
2.634260631953241e-02	-4.468870e-02	-4.469323e-02	-4.469038e-02
2.635260631953241e-02	-4.469347e-02	-4.468870e-02	-4.468961e-02
2.636260631953241e-02	-4.468870e-02	-4.469323e-02	-4.469038e-02
2.637260631953241e-02	-4.469347e-02	-4.468870e-02	-4.468961e-02
2.638260631953241e-02	-4.468870e-02	-4.469323e-02	-4.469038e-02
2.639260631953241e-02	-4.469347e-02	-4.468870e-02	-4.468961e-02
2.640260631953241e-02	-4.468870e-02	-4.469323e-02	-4.469037e-02
2.641260631953241e-02	-4.469347e-02	-4.468870e-02	-4.468961e-02
2.642260631953241e-02	-4.468870e-02	-4.469323e-02	-4.469037e-02
2.643260631953241e-02	-4.469347e-02	-4.468870e-02	-4.468962e-02
2.644260631953241e-02	-4.468870e-02	-4.469323e-02	-4.469037e-02
2.645260631953241e-02	-4.469347e-02	-4.468870e-02	-4.468962e-02
2.646260631953241e-02	-4.468870e-02	-4.469323e-02	-4.469036e-02
2.647260631953241e-02	-4.469347e-02	-4.468870e-02	-4.468963e-02
2.648260631953241e-02	-4.468870e-02	-4.469323e-02	-4.469036e-02
2.649260631953241e-02	-4.469347e-02	-4.468870e-02	-4.468963e-02
2.650260631953241e-02	-4.468870e-02	-4.469323e-02	-4.469036e-02
2.651260631953241e-02	-4.469299e-02	-4.468870e-02	-4.468963e-02
2.652260631953241e-02	-4.468870e-02	-4.469323e-02	-4.469036e-02
2.653260631953241e-02	-4.469299e-02	-4.468870e-02	-4.468963e-02
2.654260631953241e-02	-4.468870e-02	-4.469323e-02	-4.469035e-02
2.655260631953241e-02	-4.469299e-02	-4.468870e-02	-4.468964e-02
2.656260631953241e-02	-4.468870e-02	-4.469323e-02	-4.469035e-02
2.657260631953241e-02	-4.469299e-02	-4.468870e-02	-4.468964e-02
2.658260631953241e-02	-4.468870e-02	-4.469323e-02	-4.469035e-02
2.659260631953241e-02	-4.469299e-02	-4.468870e-02	-4.468964e-02
2.660260631953241e-02	-4.468870e-02	-4.469323e-02	-4.469034e-02
2.661260631953241e-02	-4.469299e-02	-4.468870e-02	-4.468964e-02
2.662260631953241e-02	-4.468870e-02	-4.469323e-02	-4.469034e-02
2.663260631953241e-02	-4.469299e-02	-4.468870e-02	-4.468965e-02
2.664260631953241e-02	-4.468870e-02	-4.469323e-02	-4.469034e-02
2.665260631953241e-02	-4.469299e-02	-4.468870e-02	-4.468965e-02
2.666260631953241e-02	-4.468870e-02	-4.469323e-02	-4.469034e-02
2.667260631953241e-02	-4.469299e-02	-4.468870e-02	-4.468965e-02
2.668260631953241e-02	-4.468870e-02	-4.469323e-02	-4.469033e-02
2.669260631953241e-02	-4.469299e-02	-4.468870e-02	-4.468965e-02
2.670260631953241e-02	-4.468870e-02	-4.469323e-02	-4.469033e-02
2.671260631953241e-02	-4.469299e-02	-4.468870e-02	-4.468965e-02
2.672260631953241e-02	-4.468870e-02	-4.469323e-02	-4.469033e-02
2.673260631953241e-02	-4.469299e-02	-4.468870e-02	-4.468966e-02
2.674260631953241e-02	-4.468870e-02	-4.469323e-02	-4.469033e-02
2.675260631953241e-02	-4.469299e-02	-4.468870e-02	-4.468966e-02
2.676260631953241e-02	-4.468870e-02	-4.469323e-02	-4.469033e-02
2.677260631953241e-02	-4.469299e-02	-4.468870e-02	-4.468966e-02
2.678260631953241e-02	-4.468870e-02	-4.469323e-02	-4.469032e-02
2.679260631953241e-02	-4.469299e-02	-4.468870e-02	-4.468966e-02
2.680260631953241e-02	-4.468870e-02	-4.469323e-02	-4.469032e-02
2.681260631953241e-02	-4.469299e-02	-4.468870e-02	-4.468967e-02
2.682260631953241e-02	-4.468870e-02	-4.469323e-02	-4.469032e-02
2.683260631953241e-02	-4.469299e-02	-4.468870e-02	-4.468967e-02
2.684260631953241e-02	-4.468870e-02	-4.469323e-02	-4.469032e-02
2.685260631953241e-02	-4.469299e-02	-4.468870e-02	-4.468967e-02
2.686260631953241e-02	-4.468870e-02	-4.469323e-02	-4.469031e-02
2.687260631953241e-02	-4.469299e-02	-4.468870e-02	-4.468967e-02
2.688260631953241e-02	-4.468870e-02	-4.469323e-02	-4.469031e-02
2.689260631953241e-02	-4.469299e-02	-4.468870e-02	-4.468967e-02
2.690260631953241e-02	-4.468870e-02	-4.469323e-02	-4.469031e-02
2.691260631953241e-02	-4.469299e-02	-4.468870e-02	-4.468968e-02
2.692260631953241e-02	-4.468870e-02	-4.469323e-02	-4.469031e-02
2.693260631953241e-02	-4.469299e-02	-4.468870e-02	-4.468968e-02
2.694260631953241e-02	-4.468870e-02	-4.469323e-02	-4.469031e-02
2.695260631953241e-02	-4.469299e-02	-4.468870e-02	-4.468968e-02
2.696260631953241e-02	-4.468870e-02	-4.469323e-02	-4.469031e-02
2.697260631953241e-02	-4.469299e-02	-4.468870e-02	-4.468968e-02
2.698260631953241e-02	-4.468870e-02	-4.469323e-02	-4.469030e-02
2.699260631953241e-02	-4.469299e-02	-4.468870e-02	-4.468968e-02
2.700260631953241e-02	-4.468870e-02	-4.469323e-02	-4.469030e-02
2.701260631953241e-02	-4.469299e-02	-4.468870e-02	-4.468968e-02
2.702260631953241e-02	-4.468870e-02	-4.469323e-02	-4.469030e-02
2.703260631953241e-02	-4.469299e-02	-4.468870e-02	-4.468969e-02
2.704260631953241e-02	-4.468870e-02	-4.469323e-02	-4.469030e-02
2.705260631953241e-02	-4.469299e-02	-4.468870e-02	-4.468969e-02
2.706260631953241e-02	-4.468870e-02	-4.469323e-02	-4.469030e-02
2.707260631953241e-02	-4.469299e-02	-4.468870e-02	-4.468969e-02
2.708260631953241e-02	-4.468870e-02	-4.469323e-02	-4.469029e-02
2.709260631953241e-02	-4.469299e-02	-4.468870e-02	-4.468969e-02
2.710260631953241e-02	-4.468870e-02	-4.469323e-02	-4.469029e-02
2.711260631953241e-02	-4.469299e-02	-4.468870e-02	-4.468969e-02
2.712260631953241e-02	-4.468870e-02	-4.469323e-02	-4.469029e-02
2.713260631953241e-02	-4.469299e-02	-4.468870e-02	-4.468969e-02
2.714260631953241e-02	-4.468870e-02	-4.469323e-02	-4.469029e-02
2.715260631953241e-02	-4.469299e-02	-4.468870e-02	-4.468970e-02
2.716260631953241e-02	-4.468870e-02	-4.469323e-02	-4.469029e-02
2.717260631953241e-02	-4.469299e-02	-4.468870e-02	-4.468970e-02
2.718260631953241e-02	-4.468870e-02	-4.469323e-02	-4.469029e-02
2.719260631953241e-02	-4.469299e-02	-4.468870e-02	-4.468970e-02
2.720260631953241e-02	-4.468870e-02	-4.469323e-02	-4.469029e-02
2.721260631953241e-02	-4.469299e-02	-4.468870e-02	-4.468970e-02
2.722260631953241e-02	-4.468870e-02	-4.469323e-02	-4.469028e-02
2.723260631953241e-02	-4.469299e-02	-4.468870e-02	-4.468970e-02
2.724260631953241e-02	-4.468870e-02	-4.469323e-02	-4.469028e-02
2.725260631953241e-02	-4.469299e-02	-4.468870e-02	-4.468970e-02
2.726260631953241e-02	-4.468870e-02	-4.469323e-02	-4.469028e-02
2.727260631953241e-02	-4.469299e-02	-4.468870e-02	-4.468971e-02
2.728260631953241e-02	-4.468870e-02	-4.469323e-02	-4.469028e-02
2.729260631953241e-02	-4.469299e-02	-4.468870e-02	-4.468971e-02
2.730260631953241e-02	-4.468870e-02	-4.469323e-02	-4.469028e-02
2.731260631953241e-02	-4.469299e-02	-4.468870e-02	-4.468971e-02
2.732260631953241e-02	-4.468870e-02	-4.469323e-02	-4.469028e-02
2.733260631953241e-02	-4.469299e-02	-4.468870e-02	-4.468971e-02
2.734260631953241e-02	-4.468870e-02	-4.469323e-02	-4.469027e-02
2.735260631953241e-02	-4.469299e-02	-4.468870e-02	-4.468971e-02
2.736260631953241e-02	-4.468870e-02	-4.469323e-02	-4.469027e-02
2.737260631953241e-02	-4.469299e-02	-4.468870e-02	-4.468971e-02
2.738260631953241e-02	-4.468870e-02	-4.469323e-02	-4.469027e-02
2.739260631953241e-02	-4.469299e-02	-4.468870e-02	-4.468971e-02
2.740260631953241e-02	-4.468870e-02	-4.469323e-02	-4.469027e-02
2.741260631953241e-02	-4.469299e-02	-4.468870e-02	-4.468972e-02
2.742260631953241e-02	-4.468870e-02	-4.469323e-02	-4.469027e-02
2.743260631953241e-02	-4.469299e-02	-4.468870e-02	-4.468972e-02
2.744260631953241e-02	-4.468870e-02	-4.469323e-02	-4.469027e-02
2.745260631953241e-02	-4.469299e-02	-4.468870e-02	-4.468972e-02
2.746260631953241e-02	-4.468870e-02	-4.469323e-02	-4.469027e-02
2.747260631953241e-02	-4.469299e-02	-4.468870e-02	-4.468972e-02
2.748260631953241e-02	-4.468870e-02	-4.469323e-02	-4.469027e-02
2.749260631953241e-02	-4.469299e-02	-4.468870e-02	-4.468972e-02
2.750260631953241e-02	-4.468870e-02	-4.469323e-02	-4.469026e-02
2.751260631953241e-02	-4.469299e-02	-4.468870e-02	-4.468972e-02
2.752260631953241e-02	-4.468870e-02	-4.469323e-02	-4.469026e-02
2.753260631953241e-02	-4.469299e-02	-4.468870e-02	-4.468972e-02
2.754260631953241e-02	-4.468870e-02	-4.469323e-02	-4.469026e-02
2.755260631953241e-02	-4.469299e-02	-4.468870e-02	-4.468972e-02
2.756260631953241e-02	-4.468870e-02	-4.469323e-02	-4.469026e-02
2.757260631953241e-02	-4.469299e-02	-4.468870e-02	-4.468973e-02
2.758260631953241e-02	-4.468870e-02	-4.469323e-02	-4.469026e-02
2.759260631953241e-02	-4.469299e-02	-4.468870e-02	-4.468973e-02
2.760260631953241e-02	-4.468870e-02	-4.469323e-02	-4.469026e-02
2.761260631953241e-02	-4.469299e-02	-4.468870e-02	-4.468973e-02
2.762260631953241e-02	-4.468870e-02	-4.469323e-02	-4.469026e-02
2.763260631953241e-02	-4.469299e-02	-4.468870e-02	-4.468973e-02
2.764260631953241e-02	-4.468870e-02	-4.469323e-02	-4.469026e-02
2.765260631953241e-02	-4.469299e-02	-4.468870e-02	-4.468973e-02
2.766260631953241e-02	-4.468870e-02	-4.469323e-02	-4.469026e-02
2.767260631953241e-02	-4.469299e-02	-4.468870e-02	-4.468973e-02
2.768260631953241e-02	-4.468870e-02	-4.469323e-02	-4.469025e-02
2.769260631953241e-02	-4.469299e-02	-4.468870e-02	-4.468973e-02
2.770260631953241e-02	-4.468870e-02	-4.469323e-02	-4.469025e-02
2.771260631953241e-02	-4.469299e-02	-4.468870e-02	-4.468973e-02
2.772260631953241e-02	-4.468870e-02	-4.469323e-02	-4.469025e-02
2.773260631953241e-02	-4.469299e-02	-4.468870e-02	-4.468973e-02
2.774260631953241e-02	-4.468870e-02	-4.469323e-02	-4.469025e-02
2.775260631953241e-02	-4.469299e-02	-4.468870e-02	-4.468974e-02
2.776260631953241e-02	-4.468870e-02	-4.469323e-02	-4.469025e-02
2.777260631953241e-02	-4.469299e-02	-4.468870e-02	-4.468974e-02
2.778260631953241e-02	-4.468870e-02	-4.469323e-02	-4.469025e-02
2.779260631953241e-02	-4.469299e-02	-4.468870e-02	-4.468974e-02
2.780260631953241e-02	-4.468870e-02	-4.469323e-02	-4.469025e-02
2.781260631953241e-02	-4.469299e-02	-4.468870e-02	-4.468974e-02
2.782260631953241e-02	-4.468870e-02	-4.469323e-02	-4.469025e-02
2.783260631953241e-02	-4.469299e-02	-4.468870e-02	-4.468974e-02
2.784260631953241e-02	-4.468870e-02	-4.469323e-02	-4.469025e-02
2.785260631953241e-02	-4.469299e-02	-4.468870e-02	-4.468974e-02
2.786260631953241e-02	-4.468870e-02	-4.469323e-02	-4.469024e-02
2.787260631953241e-02	-4.469299e-02	-4.468870e-02	-4.468974e-02
2.788260631953241e-02	-4.468870e-02	-4.469323e-02	-4.469024e-02
2.789260631953241e-02	-4.469299e-02	-4.468870e-02	-4.468974e-02
2.790260631953241e-02	-4.468870e-02	-4.469323e-02	-4.469024e-02
2.791260631953241e-02	-4.469299e-02	-4.468870e-02	-4.468974e-02
2.792260631953241e-02	-4.468870e-02	-4.469323e-02	-4.469024e-02
2.793260631953241e-02	-4.469299e-02	-4.468870e-02	-4.468974e-02
2.794260631953241e-02	-4.468870e-02	-4.469323e-02	-4.469024e-02
2.795260631953241e-02	-4.469299e-02	-4.468870e-02	-4.468974e-02
2.796260631953241e-02	-4.468870e-02	-4.469323e-02	-4.469024e-02
2.797260631953241e-02	-4.469299e-02	-4.468870e-02	-4.468975e-02
2.798260631953241e-02	-4.468870e-02	-4.469323e-02	-4.469024e-02
2.799260631953241e-02	-4.469299e-02	-4.468870e-02	-4.468975e-02
2.800260631953241e-02	-4.468870e-02	-4.469323e-02	-4.469024e-02
2.801260631953241e-02	-4.469299e-02	-4.468870e-02	-4.468975e-02
2.802260631953241e-02	-4.468870e-02	-4.469323e-02	-4.469024e-02
2.803260631953241e-02	-4.469299e-02	-4.468870e-02	-4.468975e-02
2.804260631953241e-02	-4.468870e-02	-4.469323e-02	-4.469024e-02
2.805260631953241e-02	-4.469299e-02	-4.468870e-02	-4.468975e-02
2.806260631953241e-02	-4.468870e-02	-4.469323e-02	-4.469024e-02
2.807260631953241e-02	-4.469299e-02	-4.468870e-02	-4.468975e-02
2.808260631953241e-02	-4.468870e-02	-4.469323e-02	-4.469024e-02
2.809260631953241e-02	-4.469299e-02	-4.468870e-02	-4.468975e-02
2.810260631953241e-02	-4.468870e-02	-4.469323e-02	-4.469023e-02
2.811260631953241e-02	-4.469299e-02	-4.468870e-02	-4.468975e-02
2.812260631953241e-02	-4.468870e-02	-4.469323e-02	-4.469023e-02
2.813260631953241e-02	-4.469299e-02	-4.468870e-02	-4.468975e-02
2.814260631953241e-02	-4.468870e-02	-4.469323e-02	-4.469023e-02
2.815260631953241e-02	-4.469299e-02	-4.468870e-02	-4.468975e-02
2.816260631953241e-02	-4.468870e-02	-4.469323e-02	-4.469023e-02
2.817260631953241e-02	-4.469299e-02	-4.468870e-02	-4.468975e-02
2.818260631953241e-02	-4.468870e-02	-4.469323e-02	-4.469023e-02
2.819260631953241e-02	-4.469299e-02	-4.468870e-02	-4.468975e-02
2.820260631953241e-02	-4.468870e-02	-4.469323e-02	-4.469023e-02
2.821260631953241e-02	-4.469299e-02	-4.468870e-02	-4.468975e-02
2.822260631953241e-02	-4.468870e-02	-4.469323e-02	-4.469023e-02
2.823260631953241e-02	-4.469299e-02	-4.468870e-02	-4.468976e-02
2.824260631953241e-02	-4.468870e-02	-4.469323e-02	-4.469023e-02
2.825260631953241e-02	-4.469299e-02	-4.468870e-02	-4.468976e-02
2.826260631953241e-02	-4.468870e-02	-4.469323e-02	-4.469023e-02
2.827260631953241e-02	-4.469299e-02	-4.468870e-02	-4.468976e-02
2.828260631953241e-02	-4.468870e-02	-4.469323e-02	-4.469023e-02
2.829260631953241e-02	-4.469299e-02	-4.468870e-02	-4.468976e-02
2.830260631953241e-02	-4.468870e-02	-4.469323e-02	-4.469023e-02
2.831260631953241e-02	-4.469299e-02	-4.468870e-02	-4.468976e-02
2.832260631953241e-02	-4.468870e-02	-4.469323e-02	-4.469023e-02
2.833260631953241e-02	-4.469299e-02	-4.468870e-02	-4.468976e-02
2.834260631953241e-02	-4.468870e-02	-4.469323e-02	-4.469023e-02
2.835260631953241e-02	-4.469299e-02	-4.468870e-02	-4.468976e-02
2.836260631953241e-02	-4.468870e-02	-4.469323e-02	-4.469023e-02
2.837260631953241e-02	-4.469299e-02	-4.468870e-02	-4.468976e-02
2.838260631953241e-02	-4.468870e-02	-4.469323e-02	-4.469022e-02
2.839260631953241e-02	-4.469299e-02	-4.468870e-02	-4.468976e-02
2.840260631953241e-02	-4.468870e-02	-4.469323e-02	-4.469022e-02
2.841260631953241e-02	-4.469299e-02	-4.468870e-02	-4.468976e-02
2.842260631953241e-02	-4.468870e-02	-4.469323e-02	-4.469023e-02
2.843260631953241e-02	-4.469299e-02	-4.468870e-02	-4.468976e-02
2.844260631953241e-02	-4.468870e-02	-4.469323e-02	-4.469023e-02
2.845260631953241e-02	-4.469299e-02	-4.468870e-02	-4.468976e-02
2.846260631953241e-02	-4.468870e-02	-4.469323e-02	-4.469023e-02
2.847260631953241e-02	-4.469299e-02	-4.468870e-02	-4.468976e-02
2.848260631953241e-02	-4.468870e-02	-4.469323e-02	-4.469023e-02
2.849260631953241e-02	-4.469299e-02	-4.468870e-02	-4.468976e-02
2.850260631953241e-02	-4.468870e-02	-4.469323e-02	-4.469022e-02
2.851260631953241e-02	-4.469299e-02	-4.468870e-02	-4.468976e-02
2.852260631953241e-02	-4.468870e-02	-4.469323e-02	-4.469022e-02
2.853260631953241e-02	-4.469299e-02	-4.468870e-02	-4.468976e-02
2.854260631953241e-02	-4.468870e-02	-4.469323e-02	-4.469022e-02
2.855260631953241e-02	-4.469299e-02	-4.468870e-02	-4.468977e-02
2.856260631953241e-02	-4.468870e-02	-4.469323e-02	-4.469022e-02
2.857260631953241e-02	-4.469299e-02	-4.468870e-02	-4.468977e-02
2.858260631953241e-02	-4.468870e-02	-4.469323e-02	-4.469022e-02
2.859260631953241e-02	-4.469299e-02	-4.468870e-02	-4.468977e-02
2.860260631953241e-02	-4.468870e-02	-4.469323e-02	-4.469022e-02
2.861260631953241e-02	-4.469299e-02	-4.468870e-02	-4.468977e-02
2.862260631953241e-02	-4.468870e-02	-4.469323e-02	-4.469022e-02
2.863260631953241e-02	-4.469299e-02	-4.468870e-02	-4.468976e-02
2.864260631953241e-02	-4.468870e-02	-4.469323e-02	-4.469022e-02
2.865260631953241e-02	-4.469299e-02	-4.468870e-02	-4.468976e-02
2.866260631953241e-02	-4.468870e-02	-4.469323e-02	-4.469022e-02
2.867260631953241e-02	-4.469299e-02	-4.468870e-02	-4.468976e-02
2.868260631953241e-02	-4.468870e-02	-4.469323e-02	-4.469022e-02
2.869260631953241e-02	-4.469299e-02	-4.468870e-02	-4.468977e-02
2.870260631953241e-02	-4.468870e-02	-4.469323e-02	-4.469022e-02
2.871260631953241e-02	-4.469299e-02	-4.468870e-02	-4.468977e-02
2.872260631953241e-02	-4.468870e-02	-4.469323e-02	-4.469022e-02
2.873260631953241e-02	-4.469299e-02	-4.468870e-02	-4.468977e-02
2.874260631953241e-02	-4.468870e-02	-4.469323e-02	-4.469022e-02
2.875260631953241e-02	-4.469299e-02	-4.468870e-02	-4.468977e-02
2.876260631953241e-02	-4.468870e-02	-4.469323e-02	-4.469022e-02
2.877260631953241e-02	-4.469299e-02	-4.468870e-02	-4.468977e-02
2.878260631953241e-02	-4.468870e-02	-4.469323e-02	-4.469022e-02
2.879260631953241e-02	-4.469299e-02	-4.468870e-02	-4.468977e-02
2.880260631953241e-02	-4.468870e-02	-4.469323e-02	-4.469022e-02
2.881260631953241e-02	-4.469299e-02	-4.468870e-02	-4.468977e-02
2.882260631953241e-02	-4.468870e-02	-4.469323e-02	-4.469022e-02
2.883260631953241e-02	-4.469299e-02	-4.468870e-02	-4.468977e-02
2.884260631953241e-02	-4.468870e-02	-4.469323e-02	-4.469022e-02
2.885260631953241e-02	-4.469299e-02	-4.468870e-02	-4.468977e-02
2.886260631953241e-02	-4.468870e-02	-4.469323e-02	-4.469022e-02
2.887260631953241e-02	-4.469299e-02	-4.468870e-02	-4.468977e-02
2.888260631953241e-02	-4.468870e-02	-4.469323e-02	-4.469022e-02
2.889260631953241e-02	-4.469299e-02	-4.468870e-02	-4.468977e-02
2.890260631953241e-02	-4.468870e-02	-4.469323e-02	-4.469022e-02
2.891260631953241e-02	-4.469299e-02	-4.468870e-02	-4.468977e-02
2.892260631953241e-02	-4.468870e-02	-4.469323e-02	-4.469021e-02
2.893260631953241e-02	-4.469299e-02	-4.468870e-02	-4.468977e-02
2.894260631953241e-02	-4.468870e-02	-4.469323e-02	-4.469021e-02
2.895260631953241e-02	-4.469299e-02	-4.468870e-02	-4.468977e-02
2.896260631953241e-02	-4.468870e-02	-4.469323e-02	-4.469021e-02
2.897260631953241e-02	-4.469299e-02	-4.468870e-02	-4.468977e-02
2.898260631953241e-02	-4.468870e-02	-4.469323e-02	-4.469021e-02
2.899260631953241e-02	-4.469299e-02	-4.468870e-02	-4.468977e-02
2.900260631953241e-02	-4.468870e-02	-4.469323e-02	-4.469021e-02
2.901260631953241e-02	-4.469299e-02	-4.468870e-02	-4.468977e-02
2.902260631953241e-02	-4.468870e-02	-4.469323e-02	-4.469021e-02
2.903260631953241e-02	-4.469299e-02	-4.468870e-02	-4.468977e-02
2.904260631953241e-02	-4.468870e-02	-4.469323e-02	-4.469021e-02
2.905260631953241e-02	-4.469299e-02	-4.468870e-02	-4.468977e-02
2.906260631953241e-02	-4.468870e-02	-4.469323e-02	-4.469021e-02
2.907260631953241e-02	-4.469299e-02	-4.468870e-02	-4.468977e-02
2.908260631953241e-02	-4.468870e-02	-4.469323e-02	-4.469021e-02
2.909260631953241e-02	-4.469299e-02	-4.468870e-02	-4.468977e-02
2.910260631953241e-02	-4.468870e-02	-4.469323e-02	-4.469021e-02
2.911260631953241e-02	-4.469299e-02	-4.468870e-02	-4.468977e-02
2.912260631953241e-02	-4.468870e-02	-4.469323e-02	-4.469021e-02
2.913260631953241e-02	-4.469299e-02	-4.468870e-02	-4.468977e-02
2.914260631953241e-02	-4.468870e-02	-4.469323e-02	-4.469021e-02
2.915260631953241e-02	-4.469299e-02	-4.468870e-02	-4.468977e-02
2.916260631953241e-02	-4.468870e-02	-4.469323e-02	-4.469021e-02
2.917260631953241e-02	-4.469299e-02	-4.468870e-02	-4.468977e-02
2.918260631953241e-02	-4.468870e-02	-4.469323e-02	-4.469021e-02
2.919260631953241e-02	-4.469299e-02	-4.468870e-02	-4.468978e-02
2.920260631953241e-02	-4.468870e-02	-4.469323e-02	-4.469021e-02
2.921260631953241e-02	-4.469299e-02	-4.468870e-02	-4.468978e-02
2.922260631953241e-02	-4.468870e-02	-4.469323e-02	-4.469021e-02
2.923260631953241e-02	-4.469299e-02	-4.468870e-02	-4.468978e-02
2.924260631953241e-02	-4.468870e-02	-4.469323e-02	-4.469021e-02
2.925260631953241e-02	-4.469299e-02	-4.468870e-02	-4.468978e-02
2.926260631953241e-02	-4.468870e-02	-4.469323e-02	-4.469021e-02
2.927260631953241e-02	-4.469299e-02	-4.468870e-02	-4.468978e-02
2.928260631953241e-02	-4.468870e-02	-4.469323e-02	-4.469021e-02
2.929260631953241e-02	-4.469299e-02	-4.468870e-02	-4.468978e-02
2.930260631953241e-02	-4.468870e-02	-4.469323e-02	-4.469021e-02
2.931260631953241e-02	-4.469299e-02	-4.468870e-02	-4.468978e-02
2.932260631953241e-02	-4.468870e-02	-4.469323e-02	-4.469021e-02
2.933260631953241e-02	-4.469299e-02	-4.468870e-02	-4.468978e-02
2.934260631953241e-02	-4.468870e-02	-4.469323e-02	-4.469021e-02
2.935260631953241e-02	-4.469299e-02	-4.468870e-02	-4.468978e-02
2.936260631953241e-02	-4.468870e-02	-4.469323e-02	-4.469021e-02
2.937260631953241e-02	-4.469299e-02	-4.468870e-02	-4.468978e-02
2.938260631953241e-02	-4.468870e-02	-4.469323e-02	-4.469021e-02
2.939260631953241e-02	-4.469299e-02	-4.468870e-02	-4.468978e-02
2.940260631953241e-02	-4.468870e-02	-4.469323e-02	-4.469021e-02
2.941260631953241e-02	-4.469299e-02	-4.468870e-02	-4.468978e-02
2.942260631953241e-02	-4.468870e-02	-4.469323e-02	-4.469021e-02
2.943260631953241e-02	-4.469299e-02	-4.468870e-02	-4.468978e-02
2.944260631953241e-02	-4.468870e-02	-4.469323e-02	-4.469021e-02
2.945260631953241e-02	-4.469299e-02	-4.468870e-02	-4.468978e-02
2.946260631953241e-02	-4.468870e-02	-4.469323e-02	-4.469021e-02
2.947260631953241e-02	-4.469299e-02	-4.468870e-02	-4.468978e-02
2.948260631953241e-02	-4.468870e-02	-4.469323e-02	-4.469021e-02
2.949260631953241e-02	-4.469299e-02	-4.468870e-02	-4.468978e-02
2.950260631953241e-02	-4.468870e-02	-4.469323e-02	-4.469021e-02
2.951260631953241e-02	-4.469299e-02	-4.468870e-02	-4.468978e-02
2.952260631953241e-02	-4.468870e-02	-4.469323e-02	-4.469021e-02
2.953260631953241e-02	-4.469299e-02	-4.468870e-02	-4.468978e-02
2.954260631953241e-02	-4.468870e-02	-4.469323e-02	-4.469021e-02
2.955260631953241e-02	-4.469299e-02	-4.468870e-02	-4.468978e-02
2.956260631953241e-02	-4.468870e-02	-4.469323e-02	-4.469021e-02
2.957260631953241e-02	-4.469299e-02	-4.468870e-02	-4.468978e-02
2.958260631953241e-02	-4.468870e-02	-4.469323e-02	-4.469021e-02
2.959260631953241e-02	-4.469299e-02	-4.468870e-02	-4.468978e-02
2.960260631953241e-02	-4.468870e-02	-4.469323e-02	-4.469021e-02
2.961260631953241e-02	-4.469299e-02	-4.468870e-02	-4.468978e-02
2.962260631953241e-02	-4.468870e-02	-4.469323e-02	-4.469021e-02
2.963260631953241e-02	-4.469299e-02	-4.468870e-02	-4.468978e-02
2.964260631953241e-02	-4.468870e-02	-4.469323e-02	-4.469021e-02
2.965260631953241e-02	-4.469299e-02	-4.468870e-02	-4.468978e-02
2.966260631953241e-02	-4.468870e-02	-4.469323e-02	-4.469021e-02
2.967260631953241e-02	-4.469299e-02	-4.468870e-02	-4.468978e-02
2.968260631953241e-02	-4.468870e-02	-4.469323e-02	-4.469021e-02
2.969260631953241e-02	-4.469299e-02	-4.468870e-02	-4.468978e-02
2.970260631953241e-02	-4.468870e-02	-4.469323e-02	-4.469021e-02
2.971260631953241e-02	-4.469299e-02	-4.468870e-02	-4.468978e-02
2.972260631953241e-02	-4.468870e-02	-4.469323e-02	-4.469021e-02
2.973260631953241e-02	-4.469299e-02	-4.468870e-02	-4.468978e-02
2.974260631953241e-02	-4.468870e-02	-4.469323e-02	-4.469021e-02
2.975260631953241e-02	-4.469299e-02	-4.468870e-02	-4.468978e-02
2.976260631953241e-02	-4.468870e-02	-4.469323e-02	-4.469021e-02
2.977260631953241e-02	-4.469299e-02	-4.468870e-02	-4.468978e-02
2.978260631953241e-02	-4.468870e-02	-4.469323e-02	-4.469021e-02
2.979260631953241e-02	-4.469299e-02	-4.468870e-02	-4.468978e-02
2.980260631953241e-02	-4.468870e-02	-4.469323e-02	-4.469021e-02
2.981260631953241e-02	-4.469299e-02	-4.468870e-02	-4.468978e-02
2.982260631953241e-02	-4.468870e-02	-4.469323e-02	-4.469021e-02
2.983260631953241e-02	-4.469299e-02	-4.468870e-02	-4.468978e-02
2.984260631953241e-02	-4.468870e-02	-4.469323e-02	-4.469021e-02
2.985260631953241e-02	-4.469299e-02	-4.468870e-02	-4.468978e-02
2.986260631953241e-02	-4.468870e-02	-4.469323e-02	-4.469021e-02
2.987260631953241e-02	-4.469299e-02	-4.468870e-02	-4.468978e-02
2.988260631953241e-02	-4.468870e-02	-4.469323e-02	-4.469021e-02
2.989260631953241e-02	-4.469299e-02	-4.468870e-02	-4.468978e-02
2.990260631953241e-02	-4.468870e-02	-4.469323e-02	-4.469021e-02
2.991260631953241e-02	-4.469299e-02	-4.468870e-02	-4.468978e-02
2.992260631953241e-02	-4.468870e-02	-4.469323e-02	-4.469020e-02
2.993260631953241e-02	-4.469299e-02	-4.468870e-02	-4.468978e-02
2.994260631953241e-02	-4.468870e-02	-4.469323e-02	-4.469020e-02
2.995260631953241e-02	-4.469299e-02	-4.468870e-02	-4.468978e-02
2.996260631953241e-02	-4.468870e-02	-4.469323e-02	-4.469020e-02
2.997260631953241e-02	-4.469299e-02	-4.468870e-02	-4.468978e-02
2.998260631953241e-02	-4.468870e-02	-4.469323e-02	-4.469020e-02
2.999260631953241e-02	-4.469299e-02	-4.468870e-02	-4.468978e-02
3.000000000000000e-02	-4.468870e-02	-4.469323e-02	-4.469020e-02
3.000010000000000e-02	-4.469347e-02	-4.468846e-02	-4.469010e-02
3.000020000000000e-02	-4.468727e-02	-4.469419e-02	-4.468714e-02
3.000020383965100e-02	-4.468966e-02	-4.469228e-02	-4.468664e-02
3.000021151895299e-02	-4.468918e-02	-4.469228e-02	-4.468625e-02
3.000022687755697e-02	-4.468918e-02	-4.469252e-02	-4.468539e-02
3.000025759476494e-02	-4.468775e-02	-4.469252e-02	-4.468383e-02
3.000030532882402e-02	-4.468536e-02	-4.469204e-02	-4.468164e-02
3.000040079694219e-02	-4.468155e-02	-4.468918e-02	-4.467834e-02
3.000042000671127e-02	-4.468012e-02	-4.468846e-02	-4.467788e-02
3.000045842624943e-02	-4.467869e-02	-4.468656e-02	-4.467722e-02
3.000053526532575e-02	-4.467583e-02	-4.468250e-02	-4.467666e-02
3.000068894347839e-02	-4.467344e-02	-4.467678e-02	-4.467437e-02
3.000090059412232e-02	-4.470253e-02	-4.469275e-02	-4.465874e-02
3.000132389541018e-02	-4.603863e-02	-4.439664e-02	-4.408596e-02
3.000194227196450e-02	-6.872272e-02	-3.708792e-02	-3.340247e-02
3.000278535120198e-02	-1.371255e-01	-2.734613e-02	2.834831e-03
3.000294356261094e-02	-1.549926e-01	-2.574944e-02	1.167099e-02
3.000325998542885e-02	-1.963267e-01	-2.208066e-02	3.148765e-02
3.000389283106467e-02	-3.066683e-01	-1.210904e-02	7.773712e-02
3.000405104247363e-02	-3.404078e-01	-9.205818e-03	9.006603e-02
3.000436746529154e-02	-4.070144e-01	-6.379843e-03	1.131949e-01
3.000500031092736e-02	-5.144296e-01	-2.426600e-02	1.460032e-01
3.000569103716200e-02	-6.104465e-01	-6.634879e-02	1.737511e-01
3.000652484190388e-02	-7.219987e-01	-1.347699e-01	2.061917e-01
3.000790201248849e-02	-8.940854e-01	-2.664874e-01	2.415131e-01
3.000987363437175e-02	-1.152812e+00	-4.399416e-01	2.658706e-01
3.001211494684503e-02	-1.394587e+00	-6.707780e-01	2.769503e-01
3.001437406886615e-02	-1.595987e+00	-9.202237e-01	2.768605e-01
3.001889231290838e-02	-1.904578e+00	-1.414193e+00	2.553681e-01
3.002792880099285e-02	-2.362324e+00	-2.236015e+00	1.998939e-01
3.003792880099285e-02	-2.774276e+00	-2.744468e+00	1.268647e-01
3.003917880099285e-02	-2.813982e+00	-2.783600e+00	1.178121e-01
3.004167880099285e-02	-2.886218e+00	-2.855184e+00	9.677090e-02
3.004667880099285e-02	-2.984453e+00	-2.953228e+00	1.505872e-02
3.004792880099285e-02	-2.984404e+00	-2.951168e+00	-5.007022e-02
3.005042880099285e-02	-2.982387e+00	-2.944846e+00	-1.839379e-01
3.005542880099285e-02	-2.984535e+00	-2.939918e+00	-4.302858e-01
3.006542880099285e-02	-3.001945e+00	-2.956935e+00	-8.474341e-01
3.007542880099285e-02	-3.017087e+00	-2.978194e+00	-1.223984e+00
3.008542880099285e-02	-3.022714e+00	-2.984968e+00	-1.599323e+00
3.009542880099285e-02	-3.026517e+00	-2.990069e+00	-1.959887e+00
3.010542880099285e-02	-3.028242e+00	-2.992308e+00	-2.310903e+00
3.011542880099285e-02	-3.046252e+00	-3.014156e+00	-2.603051e+00
3.012542880099285e-02	-3.084998e+00	-3.061159e+00	-2.804680e+00
3.013542880099285e-02	-3.125916e+00	-3.109980e+00	-2.945955e+00
3.014542880099285e-02	-3.162956e+00	-3.152921e+00	-3.044974e+00
3.015542880099285e-02	-3.193929e+00	-3.187847e+00	-3.115185e+00
3.016542880099285e-02	-3.218873e+00	-3.215288e+00	-3.165255e+00
3.017542880099285e-02	-3.238423e+00	-3.236347e+00	-3.201353e+00
3.018542880099285e-02	-3.253538e+00	-3.252354e+00	-3.227485e+00
3.019542880099285e-02	-3.265073e+00	-3.264404e+00	-3.246567e+00
3.020542880099285e-02	-3.273828e+00	-3.273455e+00	-3.260526e+00
3.021542880099285e-02	-3.280425e+00	-3.280220e+00	-3.270803e+00
3.022542880099285e-02	-3.285387e+00	-3.285276e+00	-3.278368e+00
3.023542880099285e-02	-3.289101e+00	-3.289042e+00	-3.283966e+00
3.024542880099285e-02	-3.291881e+00	-3.291852e+00	-3.288101e+00
3.025542880099285e-02	-3.293954e+00	-3.293941e+00	-3.291171e+00
3.026542880099285e-02	-3.295502e+00	-3.295499e+00	-3.293441e+00
3.027542880099285e-02	-3.296654e+00	-3.296656e+00	-3.295130e+00
3.028542880099285e-02	-3.297514e+00	-3.297518e+00	-3.296380e+00
3.029542880099285e-02	-3.298152e+00	-3.298158e+00	-3.297312e+00
3.030542880099285e-02	-3.298629e+00	-3.298635e+00	-3.298000e+00
3.031542880099285e-02	-3.298981e+00	-3.298988e+00	-3.298516e+00
3.032542880099285e-02	-3.299245e+00	-3.299252e+00	-3.298895e+00
3.033542880099285e-02	-3.299440e+00	-3.299447e+00	-3.299180e+00
3.034542880099285e-02	-3.299586e+00	-3.299594e+00	-3.299388e+00
3.035542880099285e-02	-3.299694e+00	-3.299701e+00	-3.299547e+00
3.036542880099285e-02	-3.299775e+00	-3.299782e+00	-3.299661e+00
3.037542880099285e-02	-3.299834e+00	-3.299841e+00	-3.299749e+00
3.038542880099285e-02	-3.299879e+00	-3.299886e+00	-3.299811e+00
3.039542880099285e-02	-3.299911e+00	-3.299918e+00	-3.299861e+00
3.040542880099285e-02	-3.299936e+00	-3.299944e+00	-3.299894e+00
3.041542880099285e-02	-3.299954e+00	-3.299961e+00	-3.299923e+00
3.042542880099285e-02	-3.299968e+00	-3.299976e+00	-3.299940e+00
3.043542880099285e-02	-3.299977e+00	-3.299985e+00	-3.299957e+00
3.044542880099285e-02	-3.299986e+00	-3.299993e+00	-3.299966e+00
3.045542880099285e-02	-3.299990e+00	-3.299998e+00	-3.299976e+00
3.046542880099285e-02	-3.299995e+00	-3.300003e+00	-3.299980e+00
3.047542880099285e-02	-3.299997e+00	-3.300005e+00	-3.299986e+00
3.048542880099285e-02	-3.300001e+00	-3.300008e+00	-3.299987e+00
3.049542880099285e-02	-3.300001e+00	-3.300009e+00	-3.299992e+00
3.050542880099285e-02	-3.300004e+00	-3.300011e+00	-3.299992e+00
3.051542880099285e-02	-3.300004e+00	-3.300011e+00	-3.299995e+00
3.052542880099285e-02	-3.300005e+00	-3.300013e+00	-3.299994e+00
3.053542880099285e-02	-3.300005e+00	-3.300012e+00	-3.299997e+00
3.054542880099285e-02	-3.300006e+00	-3.300014e+00	-3.299995e+00
3.055542880099285e-02	-3.300006e+00	-3.300013e+00	-3.299998e+00
3.056542880099285e-02	-3.300007e+00	-3.300014e+00	-3.299996e+00
3.057542880099285e-02	-3.300006e+00	-3.300013e+00	-3.299998e+00
3.058542880099285e-02	-3.300007e+00	-3.300015e+00	-3.299996e+00
3.059542880099285e-02	-3.300006e+00	-3.300014e+00	-3.299999e+00
3.060542880099285e-02	-3.300007e+00	-3.300015e+00	-3.299997e+00
3.061542880099285e-02	-3.300006e+00	-3.300014e+00	-3.299999e+00
3.062542880099285e-02	-3.300007e+00	-3.300015e+00	-3.299997e+00
3.063542880099285e-02	-3.300006e+00	-3.300014e+00	-3.299999e+00
3.064542880099285e-02	-3.300007e+00	-3.300015e+00	-3.299997e+00
3.065542880099285e-02	-3.300006e+00	-3.300014e+00	-3.299999e+00
3.066542880099285e-02	-3.300007e+00	-3.300015e+00	-3.299997e+00
3.067542880099285e-02	-3.300006e+00	-3.300014e+00	-3.299999e+00
3.068542880099285e-02	-3.300007e+00	-3.300015e+00	-3.299997e+00
3.069542880099285e-02	-3.300006e+00	-3.300014e+00	-3.299999e+00
3.070542880099285e-02	-3.300007e+00	-3.300015e+00	-3.299997e+00
3.071542880099285e-02	-3.300006e+00	-3.300014e+00	-3.299999e+00
3.072542880099285e-02	-3.300007e+00	-3.300015e+00	-3.299997e+00
3.073542880099285e-02	-3.300006e+00	-3.300014e+00	-3.299999e+00
3.074542880099285e-02	-3.300007e+00	-3.300015e+00	-3.299997e+00
3.075542880099285e-02	-3.300006e+00	-3.300014e+00	-3.299999e+00
3.076542880099285e-02	-3.300007e+00	-3.300015e+00	-3.299997e+00
3.077542880099285e-02	-3.300006e+00	-3.300014e+00	-3.299999e+00
3.078542880099285e-02	-3.300007e+00	-3.300015e+00	-3.299997e+00
3.079542880099285e-02	-3.300006e+00	-3.300014e+00	-3.299999e+00
3.080542880099285e-02	-3.300007e+00	-3.300015e+00	-3.299997e+00
3.081542880099285e-02	-3.300006e+00	-3.300014e+00	-3.299999e+00
3.082542880099285e-02	-3.300007e+00	-3.300015e+00	-3.299997e+00
3.083542880099285e-02	-3.300006e+00	-3.300014e+00	-3.299999e+00
3.084542880099285e-02	-3.300007e+00	-3.300015e+00	-3.299997e+00
3.085542880099285e-02	-3.300006e+00	-3.300014e+00	-3.299999e+00
3.086542880099285e-02	-3.300007e+00	-3.300015e+00	-3.299997e+00
3.087542880099285e-02	-3.300006e+00	-3.300014e+00	-3.299999e+00
3.088542880099285e-02	-3.300007e+00	-3.300015e+00	-3.299997e+00
3.089542880099285e-02	-3.300006e+00	-3.300014e+00	-3.299999e+00
3.090542880099285e-02	-3.300007e+00	-3.300015e+00	-3.299997e+00
3.091542880099285e-02	-3.300006e+00	-3.300014e+00	-3.299999e+00
3.092542880099285e-02	-3.300007e+00	-3.300015e+00	-3.299997e+00
3.093542880099285e-02	-3.300006e+00	-3.300014e+00	-3.299999e+00
3.094542880099285e-02	-3.300007e+00	-3.300015e+00	-3.299997e+00
3.095542880099285e-02	-3.300006e+00	-3.300014e+00	-3.299999e+00
3.096542880099285e-02	-3.300007e+00	-3.300015e+00	-3.299997e+00
3.097542880099285e-02	-3.300006e+00	-3.300014e+00	-3.299999e+00
3.098542880099285e-02	-3.300007e+00	-3.300015e+00	-3.299997e+00
3.099542880099285e-02	-3.300006e+00	-3.300014e+00	-3.299999e+00
3.100542880099285e-02	-3.300007e+00	-3.300015e+00	-3.299997e+00
3.101542880099285e-02	-3.300006e+00	-3.300014e+00	-3.299999e+00
3.102542880099285e-02	-3.300007e+00	-3.300015e+00	-3.299997e+00
3.103542880099285e-02	-3.300006e+00	-3.300014e+00	-3.299999e+00
3.104542880099285e-02	-3.300007e+00	-3.300015e+00	-3.299997e+00
3.105542880099285e-02	-3.300006e+00	-3.300014e+00	-3.299999e+00
3.106542880099285e-02	-3.300007e+00	-3.300015e+00	-3.299997e+00
3.107542880099285e-02	-3.300006e+00	-3.300014e+00	-3.299999e+00
3.108542880099285e-02	-3.300007e+00	-3.300015e+00	-3.299997e+00
3.109542880099285e-02	-3.300006e+00	-3.300014e+00	-3.299999e+00
3.110542880099285e-02	-3.300007e+00	-3.300015e+00	-3.299997e+00
3.111542880099285e-02	-3.300006e+00	-3.300014e+00	-3.299999e+00
3.112542880099285e-02	-3.300007e+00	-3.300015e+00	-3.299997e+00
3.113542880099285e-02	-3.300006e+00	-3.300014e+00	-3.299999e+00
3.114542880099285e-02	-3.300007e+00	-3.300015e+00	-3.299997e+00
3.115542880099285e-02	-3.300006e+00	-3.300014e+00	-3.299999e+00
3.116542880099285e-02	-3.300007e+00	-3.300015e+00	-3.299997e+00
3.117542880099285e-02	-3.300006e+00	-3.300014e+00	-3.299999e+00
3.118542880099285e-02	-3.300007e+00	-3.300015e+00	-3.299997e+00
3.119542880099285e-02	-3.300006e+00	-3.300014e+00	-3.299999e+00
3.120542880099285e-02	-3.300007e+00	-3.300015e+00	-3.299997e+00
3.121542880099285e-02	-3.300006e+00	-3.300014e+00	-3.299999e+00
3.122542880099285e-02	-3.300007e+00	-3.300015e+00	-3.299997e+00
3.123542880099285e-02	-3.300006e+00	-3.300014e+00	-3.299999e+00
3.124542880099285e-02	-3.300007e+00	-3.300015e+00	-3.299997e+00
3.125542880099285e-02	-3.300006e+00	-3.300014e+00	-3.299999e+00
3.126542880099285e-02	-3.300007e+00	-3.300015e+00	-3.299997e+00
3.127542880099285e-02	-3.300006e+00	-3.300014e+00	-3.299999e+00
3.128542880099285e-02	-3.300007e+00	-3.300015e+00	-3.299997e+00
3.129542880099285e-02	-3.300006e+00	-3.300014e+00	-3.299999e+00
3.130542880099285e-02	-3.300007e+00	-3.300015e+00	-3.299997e+00
3.131542880099285e-02	-3.300006e+00	-3.300014e+00	-3.299999e+00
3.132542880099285e-02	-3.300007e+00	-3.300015e+00	-3.299997e+00
3.133542880099285e-02	-3.300006e+00	-3.300014e+00	-3.299999e+00
3.134542880099285e-02	-3.300007e+00	-3.300015e+00	-3.299997e+00
3.135542880099285e-02	-3.300006e+00	-3.300014e+00	-3.299999e+00
3.136542880099285e-02	-3.300007e+00	-3.300015e+00	-3.299997e+00
3.137542880099285e-02	-3.300006e+00	-3.300014e+00	-3.299999e+00
3.138542880099285e-02	-3.300007e+00	-3.300015e+00	-3.299997e+00
3.139542880099285e-02	-3.300006e+00	-3.300014e+00	-3.299999e+00
3.140542880099285e-02	-3.300007e+00	-3.300015e+00	-3.299997e+00
3.141542880099285e-02	-3.300006e+00	-3.300014e+00	-3.299999e+00
3.142542880099285e-02	-3.300007e+00	-3.300015e+00	-3.299997e+00
3.143542880099285e-02	-3.300006e+00	-3.300014e+00	-3.299999e+00
3.144542880099285e-02	-3.300007e+00	-3.300015e+00	-3.299997e+00
3.145542880099285e-02	-3.300006e+00	-3.300014e+00	-3.299999e+00
3.146542880099285e-02	-3.300007e+00	-3.300015e+00	-3.299997e+00
3.147542880099285e-02	-3.300006e+00	-3.300014e+00	-3.299999e+00
3.148542880099285e-02	-3.300007e+00	-3.300015e+00	-3.299997e+00
3.149542880099285e-02	-3.300006e+00	-3.300014e+00	-3.299999e+00
3.150542880099285e-02	-3.300007e+00	-3.300015e+00	-3.299997e+00
3.151542880099285e-02	-3.300006e+00	-3.300014e+00	-3.299999e+00
3.152542880099285e-02	-3.300007e+00	-3.300015e+00	-3.299997e+00
3.153542880099285e-02	-3.300006e+00	-3.300014e+00	-3.299999e+00
3.154542880099285e-02	-3.300007e+00	-3.300015e+00	-3.299997e+00
3.155542880099285e-02	-3.300006e+00	-3.300014e+00	-3.299999e+00
3.156542880099285e-02	-3.300007e+00	-3.300015e+00	-3.299997e+00
3.157542880099285e-02	-3.300006e+00	-3.300014e+00	-3.299999e+00
3.158542880099285e-02	-3.300007e+00	-3.300015e+00	-3.299997e+00
3.159542880099285e-02	-3.300006e+00	-3.300014e+00	-3.299999e+00
3.160542880099285e-02	-3.300007e+00	-3.300015e+00	-3.299997e+00
3.161542880099285e-02	-3.300006e+00	-3.300014e+00	-3.299999e+00
3.162542880099285e-02	-3.300007e+00	-3.300015e+00	-3.299997e+00
3.163542880099285e-02	-3.300006e+00	-3.300014e+00	-3.299999e+00
3.164542880099285e-02	-3.300007e+00	-3.300015e+00	-3.299997e+00
3.165542880099285e-02	-3.300006e+00	-3.300014e+00	-3.299999e+00
3.166542880099285e-02	-3.300007e+00	-3.300015e+00	-3.299997e+00
3.167542880099285e-02	-3.300006e+00	-3.300014e+00	-3.299999e+00
3.168542880099285e-02	-3.300007e+00	-3.300015e+00	-3.299997e+00
3.169542880099285e-02	-3.300006e+00	-3.300014e+00	-3.299999e+00
3.170542880099285e-02	-3.300007e+00	-3.300015e+00	-3.299997e+00
3.171542880099285e-02	-3.300006e+00	-3.300014e+00	-3.299999e+00
3.172542880099285e-02	-3.300007e+00	-3.300015e+00	-3.299997e+00
3.173542880099285e-02	-3.300006e+00	-3.300014e+00	-3.299999e+00
3.174542880099285e-02	-3.300007e+00	-3.300015e+00	-3.299997e+00
3.175542880099285e-02	-3.300006e+00	-3.300014e+00	-3.299999e+00
3.176542880099285e-02	-3.300007e+00	-3.300015e+00	-3.299997e+00
3.177542880099285e-02	-3.300006e+00	-3.300014e+00	-3.299999e+00
3.178542880099285e-02	-3.300007e+00	-3.300015e+00	-3.299997e+00
3.179542880099285e-02	-3.300006e+00	-3.300014e+00	-3.299999e+00
3.180542880099285e-02	-3.300007e+00	-3.300015e+00	-3.299997e+00
3.181542880099285e-02	-3.300006e+00	-3.300014e+00	-3.299999e+00
3.182542880099285e-02	-3.300007e+00	-3.300015e+00	-3.299997e+00
3.183542880099285e-02	-3.300006e+00	-3.300014e+00	-3.299999e+00
3.184542880099285e-02	-3.300007e+00	-3.300015e+00	-3.299997e+00
3.185542880099285e-02	-3.300006e+00	-3.300014e+00	-3.299999e+00
3.186542880099285e-02	-3.300007e+00	-3.300015e+00	-3.299997e+00
3.187542880099285e-02	-3.300006e+00	-3.300014e+00	-3.299999e+00
3.188542880099285e-02	-3.300007e+00	-3.300015e+00	-3.299997e+00
3.189542880099285e-02	-3.300006e+00	-3.300014e+00	-3.299999e+00
3.190542880099285e-02	-3.300007e+00	-3.300015e+00	-3.299997e+00
3.191542880099285e-02	-3.300006e+00	-3.300014e+00	-3.299999e+00
3.192542880099285e-02	-3.300007e+00	-3.300015e+00	-3.299997e+00
3.193542880099285e-02	-3.300006e+00	-3.300014e+00	-3.299999e+00
3.194542880099285e-02	-3.300007e+00	-3.300015e+00	-3.299997e+00
3.195542880099285e-02	-3.300006e+00	-3.300014e+00	-3.299999e+00
3.196542880099285e-02	-3.300007e+00	-3.300015e+00	-3.299997e+00
3.197542880099285e-02	-3.300006e+00	-3.300014e+00	-3.299999e+00
3.198542880099285e-02	-3.300007e+00	-3.300015e+00	-3.299997e+00
3.199542880099285e-02	-3.300006e+00	-3.300014e+00	-3.299999e+00
3.200542880099285e-02	-3.300007e+00	-3.300015e+00	-3.299997e+00
3.201542880099285e-02	-3.300006e+00	-3.300014e+00	-3.299999e+00
3.202542880099285e-02	-3.300007e+00	-3.300015e+00	-3.299997e+00
3.203542880099285e-02	-3.300006e+00	-3.300014e+00	-3.299999e+00
3.204542880099285e-02	-3.300007e+00	-3.300015e+00	-3.299997e+00
3.205542880099285e-02	-3.300006e+00	-3.300014e+00	-3.299999e+00
3.206542880099285e-02	-3.300007e+00	-3.300015e+00	-3.299997e+00
3.207542880099285e-02	-3.300006e+00	-3.300014e+00	-3.299999e+00
3.208542880099285e-02	-3.300007e+00	-3.300015e+00	-3.299997e+00
3.209542880099285e-02	-3.300006e+00	-3.300014e+00	-3.299999e+00
3.210542880099285e-02	-3.300007e+00	-3.300015e+00	-3.299997e+00
3.211542880099285e-02	-3.300006e+00	-3.300014e+00	-3.299999e+00
3.212542880099285e-02	-3.300007e+00	-3.300015e+00	-3.299997e+00
3.213542880099285e-02	-3.300006e+00	-3.300014e+00	-3.299999e+00
3.214542880099285e-02	-3.300007e+00	-3.300015e+00	-3.299997e+00
3.215542880099285e-02	-3.300006e+00	-3.300014e+00	-3.299999e+00
3.216542880099285e-02	-3.300007e+00	-3.300015e+00	-3.299997e+00
3.217542880099285e-02	-3.300006e+00	-3.300014e+00	-3.299999e+00
3.218542880099285e-02	-3.300007e+00	-3.300015e+00	-3.299997e+00
3.219542880099285e-02	-3.300006e+00	-3.300014e+00	-3.299999e+00
3.220542880099285e-02	-3.300007e+00	-3.300015e+00	-3.299997e+00
3.221542880099285e-02	-3.300006e+00	-3.300014e+00	-3.299999e+00
3.222542880099285e-02	-3.300007e+00	-3.300015e+00	-3.299997e+00
3.223542880099285e-02	-3.300006e+00	-3.300014e+00	-3.299999e+00
3.224542880099285e-02	-3.300007e+00	-3.300015e+00	-3.299997e+00
3.225542880099285e-02	-3.300006e+00	-3.300014e+00	-3.299999e+00
3.226542880099285e-02	-3.300007e+00	-3.300015e+00	-3.299997e+00
3.227542880099285e-02	-3.300006e+00	-3.300014e+00	-3.299999e+00
3.228542880099285e-02	-3.300007e+00	-3.300015e+00	-3.299997e+00
3.229542880099285e-02	-3.300006e+00	-3.300014e+00	-3.299999e+00
3.230542880099285e-02	-3.300007e+00	-3.300015e+00	-3.299997e+00
3.231542880099285e-02	-3.300006e+00	-3.300014e+00	-3.299999e+00
3.232542880099285e-02	-3.300007e+00	-3.300015e+00	-3.299997e+00
3.233542880099285e-02	-3.300006e+00	-3.300014e+00	-3.299999e+00
3.234542880099285e-02	-3.300007e+00	-3.300015e+00	-3.299997e+00
3.235542880099285e-02	-3.300006e+00	-3.300014e+00	-3.299999e+00
3.236542880099285e-02	-3.300007e+00	-3.300015e+00	-3.299997e+00
3.237542880099285e-02	-3.300006e+00	-3.300014e+00	-3.299999e+00
3.238542880099285e-02	-3.300007e+00	-3.300015e+00	-3.299997e+00
3.239542880099285e-02	-3.300006e+00	-3.300014e+00	-3.299999e+00
3.240542880099285e-02	-3.300007e+00	-3.300015e+00	-3.299997e+00
3.241542880099285e-02	-3.300006e+00	-3.300014e+00	-3.299999e+00
3.242542880099285e-02	-3.300007e+00	-3.300015e+00	-3.299997e+00
3.243542880099285e-02	-3.300006e+00	-3.300014e+00	-3.299999e+00
3.244542880099285e-02	-3.300007e+00	-3.300015e+00	-3.299997e+00
3.245542880099285e-02	-3.300006e+00	-3.300014e+00	-3.299999e+00
3.246542880099285e-02	-3.300007e+00	-3.300015e+00	-3.299997e+00
3.247542880099285e-02	-3.300006e+00	-3.300014e+00	-3.299999e+00
3.248542880099285e-02	-3.300007e+00	-3.300015e+00	-3.299997e+00
3.249542880099285e-02	-3.300006e+00	-3.300014e+00	-3.299999e+00
3.250542880099285e-02	-3.300007e+00	-3.300015e+00	-3.299997e+00
3.251542880099285e-02	-3.300006e+00	-3.300014e+00	-3.299999e+00
3.252542880099285e-02	-3.300007e+00	-3.300015e+00	-3.299997e+00
3.253542880099285e-02	-3.300006e+00	-3.300014e+00	-3.299999e+00
3.254542880099285e-02	-3.300007e+00	-3.300015e+00	-3.299997e+00
3.255542880099285e-02	-3.300006e+00	-3.300014e+00	-3.299999e+00
3.256542880099285e-02	-3.300007e+00	-3.300015e+00	-3.299997e+00
3.257542880099285e-02	-3.300006e+00	-3.300014e+00	-3.299999e+00
3.258542880099285e-02	-3.300007e+00	-3.300015e+00	-3.299997e+00
3.259542880099285e-02	-3.300006e+00	-3.300014e+00	-3.299999e+00
3.260542880099285e-02	-3.300007e+00	-3.300015e+00	-3.299997e+00
3.261542880099285e-02	-3.300006e+00	-3.300014e+00	-3.299999e+00
3.262542880099285e-02	-3.300007e+00	-3.300015e+00	-3.299997e+00
3.263542880099285e-02	-3.300006e+00	-3.300014e+00	-3.299999e+00
3.264542880099285e-02	-3.300007e+00	-3.300015e+00	-3.299997e+00
3.265542880099285e-02	-3.300006e+00	-3.300014e+00	-3.299999e+00
3.266542880099285e-02	-3.300007e+00	-3.300015e+00	-3.299997e+00
3.267542880099285e-02	-3.300006e+00	-3.300014e+00	-3.299999e+00
3.268542880099285e-02	-3.300007e+00	-3.300015e+00	-3.299997e+00
3.269542880099285e-02	-3.300006e+00	-3.300014e+00	-3.299999e+00
3.270542880099285e-02	-3.300007e+00	-3.300015e+00	-3.299997e+00
3.271542880099285e-02	-3.300006e+00	-3.300014e+00	-3.299999e+00
3.272542880099285e-02	-3.300007e+00	-3.300015e+00	-3.299997e+00
3.273542880099285e-02	-3.300006e+00	-3.300014e+00	-3.299999e+00
3.274542880099285e-02	-3.300007e+00	-3.300015e+00	-3.299997e+00
3.275542880099285e-02	-3.300006e+00	-3.300014e+00	-3.299999e+00
3.276542880099285e-02	-3.300007e+00	-3.300015e+00	-3.299997e+00
3.277542880099285e-02	-3.300006e+00	-3.300014e+00	-3.299999e+00
3.278542880099285e-02	-3.300007e+00	-3.300015e+00	-3.299997e+00
3.279542880099285e-02	-3.300006e+00	-3.300014e+00	-3.299999e+00
3.280542880099285e-02	-3.300007e+00	-3.300015e+00	-3.299997e+00
3.281542880099285e-02	-3.300006e+00	-3.300014e+00	-3.299999e+00
3.282542880099285e-02	-3.300007e+00	-3.300015e+00	-3.299997e+00
3.283542880099285e-02	-3.300006e+00	-3.300014e+00	-3.299999e+00
3.284542880099285e-02	-3.300007e+00	-3.300015e+00	-3.299997e+00
3.285542880099285e-02	-3.300006e+00	-3.300014e+00	-3.299999e+00
3.286542880099285e-02	-3.300007e+00	-3.300015e+00	-3.299997e+00
3.287542880099285e-02	-3.300006e+00	-3.300014e+00	-3.299999e+00
3.288542880099285e-02	-3.300007e+00	-3.300015e+00	-3.299997e+00
3.289542880099285e-02	-3.300006e+00	-3.300014e+00	-3.299999e+00
3.290542880099285e-02	-3.300007e+00	-3.300015e+00	-3.299997e+00
3.291542880099285e-02	-3.300006e+00	-3.300014e+00	-3.299999e+00
3.292542880099285e-02	-3.300007e+00	-3.300015e+00	-3.299997e+00
3.293542880099285e-02	-3.300006e+00	-3.300014e+00	-3.299999e+00
3.294542880099285e-02	-3.300007e+00	-3.300015e+00	-3.299997e+00
3.295542880099285e-02	-3.300006e+00	-3.300014e+00	-3.299999e+00
3.296542880099285e-02	-3.300007e+00	-3.300015e+00	-3.299997e+00
3.297542880099285e-02	-3.300006e+00	-3.300014e+00	-3.299999e+00
3.298542880099285e-02	-3.300007e+00	-3.300015e+00	-3.299997e+00
3.299542880099285e-02	-3.300006e+00	-3.300014e+00	-3.299999e+00
3.300542880099285e-02	-3.300007e+00	-3.300015e+00	-3.299997e+00
3.301542880099285e-02	-3.300006e+00	-3.300014e+00	-3.299999e+00
3.302542880099285e-02	-3.300007e+00	-3.300015e+00	-3.299997e+00
3.303542880099285e-02	-3.300006e+00	-3.300014e+00	-3.299999e+00
3.304542880099285e-02	-3.300007e+00	-3.300015e+00	-3.299997e+00
3.305542880099285e-02	-3.300006e+00	-3.300014e+00	-3.299999e+00
3.306542880099285e-02	-3.300007e+00	-3.300015e+00	-3.299997e+00
3.307542880099285e-02	-3.300006e+00	-3.300014e+00	-3.299999e+00
3.308542880099285e-02	-3.300007e+00	-3.300015e+00	-3.299997e+00
3.309542880099285e-02	-3.300006e+00	-3.300014e+00	-3.299999e+00
3.310542880099285e-02	-3.300007e+00	-3.300015e+00	-3.299997e+00
3.311542880099285e-02	-3.300006e+00	-3.300014e+00	-3.299999e+00
3.312542880099285e-02	-3.300007e+00	-3.300015e+00	-3.299997e+00
3.313542880099285e-02	-3.300006e+00	-3.300014e+00	-3.299999e+00
3.314542880099285e-02	-3.300007e+00	-3.300015e+00	-3.299997e+00
3.315542880099285e-02	-3.300006e+00	-3.300014e+00	-3.299999e+00
3.316542880099285e-02	-3.300007e+00	-3.300015e+00	-3.299997e+00
3.317542880099285e-02	-3.300006e+00	-3.300014e+00	-3.299999e+00
3.318542880099285e-02	-3.300007e+00	-3.300015e+00	-3.299997e+00
3.319542880099285e-02	-3.300006e+00	-3.300014e+00	-3.299999e+00
3.320542880099285e-02	-3.300007e+00	-3.300015e+00	-3.299997e+00
3.321542880099285e-02	-3.300006e+00	-3.300014e+00	-3.299999e+00
3.322542880099285e-02	-3.300007e+00	-3.300015e+00	-3.299997e+00
3.323542880099285e-02	-3.300006e+00	-3.300014e+00	-3.299999e+00
3.324542880099285e-02	-3.300007e+00	-3.300015e+00	-3.299997e+00
3.325542880099285e-02	-3.300006e+00	-3.300014e+00	-3.299999e+00
3.326542880099285e-02	-3.300007e+00	-3.300015e+00	-3.299997e+00
3.327542880099285e-02	-3.300006e+00	-3.300014e+00	-3.299999e+00
3.328542880099285e-02	-3.300007e+00	-3.300015e+00	-3.299997e+00
3.329542880099285e-02	-3.300006e+00	-3.300014e+00	-3.299999e+00
3.330542880099285e-02	-3.300007e+00	-3.300015e+00	-3.299997e+00
3.331542880099285e-02	-3.300006e+00	-3.300014e+00	-3.299999e+00
3.332542880099285e-02	-3.300007e+00	-3.300015e+00	-3.299997e+00
3.333542880099285e-02	-3.300006e+00	-3.300014e+00	-3.299999e+00
3.334542880099285e-02	-3.300007e+00	-3.300015e+00	-3.299997e+00
3.335542880099285e-02	-3.300006e+00	-3.300014e+00	-3.299999e+00
3.336542880099285e-02	-3.300007e+00	-3.300015e+00	-3.299997e+00
3.337542880099285e-02	-3.300006e+00	-3.300014e+00	-3.299999e+00
3.338542880099285e-02	-3.300007e+00	-3.300015e+00	-3.299997e+00
3.339542880099285e-02	-3.300006e+00	-3.300014e+00	-3.299999e+00
3.340542880099285e-02	-3.300007e+00	-3.300015e+00	-3.299997e+00
3.341542880099285e-02	-3.300006e+00	-3.300014e+00	-3.299999e+00
3.342542880099285e-02	-3.300007e+00	-3.300015e+00	-3.299997e+00
3.343542880099285e-02	-3.300006e+00	-3.300014e+00	-3.299999e+00
3.344542880099285e-02	-3.300007e+00	-3.300015e+00	-3.299997e+00
3.345542880099285e-02	-3.300006e+00	-3.300014e+00	-3.299999e+00
3.346542880099285e-02	-3.300007e+00	-3.300015e+00	-3.299997e+00
3.347542880099285e-02	-3.300006e+00	-3.300014e+00	-3.299999e+00
3.348542880099285e-02	-3.300007e+00	-3.300015e+00	-3.299997e+00
3.349542880099285e-02	-3.300006e+00	-3.300014e+00	-3.299999e+00
3.350542880099285e-02	-3.300007e+00	-3.300015e+00	-3.299997e+00
3.351542880099285e-02	-3.300006e+00	-3.300014e+00	-3.299999e+00
3.352542880099285e-02	-3.300007e+00	-3.300015e+00	-3.299997e+00
3.353542880099285e-02	-3.300006e+00	-3.300014e+00	-3.299999e+00
3.354542880099285e-02	-3.300007e+00	-3.300015e+00	-3.299997e+00
3.355542880099285e-02	-3.300006e+00	-3.300014e+00	-3.299999e+00
3.356542880099285e-02	-3.300007e+00	-3.300015e+00	-3.299997e+00
3.357542880099285e-02	-3.300006e+00	-3.300014e+00	-3.299999e+00
3.358542880099285e-02	-3.300007e+00	-3.300015e+00	-3.299997e+00
3.359542880099285e-02	-3.300006e+00	-3.300014e+00	-3.299999e+00
3.360542880099285e-02	-3.300007e+00	-3.300015e+00	-3.299997e+00
3.361542880099285e-02	-3.300006e+00	-3.300014e+00	-3.299999e+00
3.362542880099285e-02	-3.300007e+00	-3.300015e+00	-3.299997e+00
3.363542880099285e-02	-3.300006e+00	-3.300014e+00	-3.299999e+00
3.364542880099285e-02	-3.300007e+00	-3.300015e+00	-3.299997e+00
3.365542880099285e-02	-3.300006e+00	-3.300014e+00	-3.299999e+00
3.366542880099285e-02	-3.300007e+00	-3.300015e+00	-3.299997e+00
3.367542880099285e-02	-3.300006e+00	-3.300014e+00	-3.299999e+00
3.368542880099285e-02	-3.300007e+00	-3.300015e+00	-3.299997e+00
3.369542880099285e-02	-3.300006e+00	-3.300014e+00	-3.299999e+00
3.370542880099285e-02	-3.300007e+00	-3.300015e+00	-3.299997e+00
3.371542880099285e-02	-3.300006e+00	-3.300014e+00	-3.299999e+00
3.372542880099285e-02	-3.300007e+00	-3.300015e+00	-3.299997e+00
3.373542880099285e-02	-3.300006e+00	-3.300014e+00	-3.299999e+00
3.374542880099285e-02	-3.300007e+00	-3.300015e+00	-3.299997e+00
3.375542880099285e-02	-3.300006e+00	-3.300014e+00	-3.299999e+00
3.376542880099285e-02	-3.300007e+00	-3.300015e+00	-3.299997e+00
3.377542880099285e-02	-3.300006e+00	-3.300014e+00	-3.299999e+00
3.378542880099285e-02	-3.300007e+00	-3.300015e+00	-3.299997e+00
3.379542880099285e-02	-3.300006e+00	-3.300014e+00	-3.299999e+00
3.380542880099285e-02	-3.300007e+00	-3.300015e+00	-3.299997e+00
3.381542880099285e-02	-3.300006e+00	-3.300014e+00	-3.299999e+00
3.382542880099285e-02	-3.300007e+00	-3.300015e+00	-3.299997e+00
3.383542880099285e-02	-3.300006e+00	-3.300014e+00	-3.299999e+00
3.384542880099285e-02	-3.300007e+00	-3.300015e+00	-3.299997e+00
3.385542880099285e-02	-3.300006e+00	-3.300014e+00	-3.299999e+00
3.386542880099285e-02	-3.300007e+00	-3.300015e+00	-3.299997e+00
3.387542880099285e-02	-3.300006e+00	-3.300014e+00	-3.299999e+00
3.388542880099285e-02	-3.300007e+00	-3.300015e+00	-3.299997e+00
3.389542880099285e-02	-3.300006e+00	-3.300014e+00	-3.299999e+00
3.390542880099285e-02	-3.300007e+00	-3.300015e+00	-3.299997e+00
3.391542880099285e-02	-3.300006e+00	-3.300014e+00	-3.299999e+00
3.392542880099285e-02	-3.300007e+00	-3.300015e+00	-3.299997e+00
3.393542880099285e-02	-3.300006e+00	-3.300014e+00	-3.299999e+00
3.394542880099285e-02	-3.300007e+00	-3.300015e+00	-3.299997e+00
3.395542880099285e-02	-3.300006e+00	-3.300014e+00	-3.299999e+00
3.396542880099285e-02	-3.300007e+00	-3.300015e+00	-3.299997e+00
3.397542880099285e-02	-3.300006e+00	-3.300014e+00	-3.299999e+00
3.398542880099285e-02	-3.300007e+00	-3.300015e+00	-3.299997e+00
3.399542880099285e-02	-3.300006e+00	-3.300014e+00	-3.299999e+00
3.400542880099285e-02	-3.300007e+00	-3.300015e+00	-3.299997e+00
3.401542880099285e-02	-3.300006e+00	-3.300014e+00	-3.299999e+00
3.402542880099285e-02	-3.300007e+00	-3.300015e+00	-3.299997e+00
3.403542880099285e-02	-3.300006e+00	-3.300014e+00	-3.299999e+00
3.404542880099285e-02	-3.300007e+00	-3.300015e+00	-3.299997e+00
3.405542880099285e-02	-3.300006e+00	-3.300014e+00	-3.299999e+00
3.406542880099285e-02	-3.300007e+00	-3.300015e+00	-3.299997e+00
3.407542880099285e-02	-3.300006e+00	-3.300014e+00	-3.299999e+00
3.408542880099285e-02	-3.300007e+00	-3.300015e+00	-3.299997e+00
3.409542880099285e-02	-3.300006e+00	-3.300014e+00	-3.299999e+00
3.410542880099285e-02	-3.300007e+00	-3.300015e+00	-3.299997e+00
3.411542880099285e-02	-3.300006e+00	-3.300014e+00	-3.299999e+00
3.412542880099285e-02	-3.300007e+00	-3.300015e+00	-3.299997e+00
3.413542880099285e-02	-3.300006e+00	-3.300014e+00	-3.299999e+00
3.414542880099285e-02	-3.300007e+00	-3.300015e+00	-3.299997e+00
3.415542880099285e-02	-3.300006e+00	-3.300014e+00	-3.299999e+00
3.416542880099285e-02	-3.300007e+00	-3.300015e+00	-3.299997e+00
3.417542880099285e-02	-3.300006e+00	-3.300014e+00	-3.299999e+00
3.418542880099285e-02	-3.300007e+00	-3.300015e+00	-3.299997e+00
3.419542880099285e-02	-3.300006e+00	-3.300014e+00	-3.299999e+00
3.420542880099285e-02	-3.300007e+00	-3.300015e+00	-3.299997e+00
3.421542880099285e-02	-3.300006e+00	-3.300014e+00	-3.299999e+00
3.422542880099285e-02	-3.300007e+00	-3.300015e+00	-3.299997e+00
3.423542880099285e-02	-3.300006e+00	-3.300014e+00	-3.299999e+00
3.424542880099285e-02	-3.300007e+00	-3.300015e+00	-3.299997e+00
3.425542880099285e-02	-3.300006e+00	-3.300014e+00	-3.299999e+00
3.426542880099285e-02	-3.300007e+00	-3.300015e+00	-3.299997e+00
3.427542880099285e-02	-3.300006e+00	-3.300014e+00	-3.299999e+00
3.428542880099285e-02	-3.300007e+00	-3.300015e+00	-3.299997e+00
3.429542880099285e-02	-3.300006e+00	-3.300014e+00	-3.299999e+00
3.430542880099285e-02	-3.300007e+00	-3.300015e+00	-3.299997e+00
3.431542880099285e-02	-3.300006e+00	-3.300014e+00	-3.299999e+00
3.432542880099285e-02	-3.300007e+00	-3.300015e+00	-3.299997e+00
3.433542880099285e-02	-3.300006e+00	-3.300014e+00	-3.299999e+00
3.434542880099285e-02	-3.300007e+00	-3.300015e+00	-3.299997e+00
3.435542880099285e-02	-3.300006e+00	-3.300014e+00	-3.299999e+00
3.436542880099285e-02	-3.300007e+00	-3.300015e+00	-3.299997e+00
3.437542880099285e-02	-3.300006e+00	-3.300014e+00	-3.299999e+00
3.438542880099285e-02	-3.300007e+00	-3.300015e+00	-3.299997e+00
3.439542880099285e-02	-3.300006e+00	-3.300014e+00	-3.299999e+00
3.440542880099285e-02	-3.300007e+00	-3.300015e+00	-3.299997e+00
3.441542880099285e-02	-3.300006e+00	-3.300014e+00	-3.299999e+00
3.442542880099285e-02	-3.300007e+00	-3.300015e+00	-3.299997e+00
3.443542880099285e-02	-3.300006e+00	-3.300014e+00	-3.299999e+00
3.444542880099285e-02	-3.300007e+00	-3.300015e+00	-3.299997e+00
3.445542880099285e-02	-3.300006e+00	-3.300014e+00	-3.299999e+00
3.446542880099285e-02	-3.300007e+00	-3.300015e+00	-3.299997e+00
3.447542880099285e-02	-3.300006e+00	-3.300014e+00	-3.299999e+00
3.448542880099285e-02	-3.300007e+00	-3.300015e+00	-3.299997e+00
3.449542880099285e-02	-3.300006e+00	-3.300014e+00	-3.299999e+00
3.450542880099285e-02	-3.300007e+00	-3.300015e+00	-3.299997e+00
3.451542880099285e-02	-3.300006e+00	-3.300014e+00	-3.299999e+00
3.452542880099285e-02	-3.300007e+00	-3.300015e+00	-3.299997e+00
3.453542880099285e-02	-3.300006e+00	-3.300014e+00	-3.299999e+00
3.454542880099285e-02	-3.300007e+00	-3.300015e+00	-3.299997e+00
3.455542880099285e-02	-3.300006e+00	-3.300014e+00	-3.299999e+00
3.456542880099285e-02	-3.300007e+00	-3.300015e+00	-3.299997e+00
3.457542880099285e-02	-3.300006e+00	-3.300014e+00	-3.299999e+00
3.458542880099285e-02	-3.300007e+00	-3.300015e+00	-3.299997e+00
3.459542880099285e-02	-3.300006e+00	-3.300014e+00	-3.299999e+00
3.460542880099285e-02	-3.300007e+00	-3.300015e+00	-3.299997e+00
3.461542880099285e-02	-3.300006e+00	-3.300014e+00	-3.299999e+00
3.462542880099285e-02	-3.300007e+00	-3.300015e+00	-3.299997e+00
3.463542880099285e-02	-3.300006e+00	-3.300014e+00	-3.299999e+00
3.464542880099285e-02	-3.300007e+00	-3.300015e+00	-3.299997e+00
3.465542880099285e-02	-3.300006e+00	-3.300014e+00	-3.299999e+00
3.466542880099285e-02	-3.300007e+00	-3.300015e+00	-3.299997e+00
3.467542880099285e-02	-3.300006e+00	-3.300014e+00	-3.299999e+00
3.468542880099285e-02	-3.300007e+00	-3.300015e+00	-3.299997e+00
3.469542880099285e-02	-3.300006e+00	-3.300014e+00	-3.299999e+00
3.470542880099285e-02	-3.300007e+00	-3.300015e+00	-3.299997e+00
3.471542880099285e-02	-3.300006e+00	-3.300014e+00	-3.299999e+00
3.472542880099285e-02	-3.300007e+00	-3.300015e+00	-3.299997e+00
3.473542880099285e-02	-3.300006e+00	-3.300014e+00	-3.299999e+00
3.474542880099285e-02	-3.300007e+00	-3.300015e+00	-3.299997e+00
3.475542880099285e-02	-3.300006e+00	-3.300014e+00	-3.299999e+00
3.476542880099285e-02	-3.300007e+00	-3.300015e+00	-3.299997e+00
3.477542880099285e-02	-3.300006e+00	-3.300014e+00	-3.299999e+00
3.478542880099285e-02	-3.300007e+00	-3.300015e+00	-3.299997e+00
3.479542880099285e-02	-3.300006e+00	-3.300014e+00	-3.299999e+00
3.480542880099285e-02	-3.300007e+00	-3.300015e+00	-3.299997e+00
3.481542880099285e-02	-3.300006e+00	-3.300014e+00	-3.299999e+00
3.482542880099285e-02	-3.300007e+00	-3.300015e+00	-3.299997e+00
3.483542880099285e-02	-3.300006e+00	-3.300014e+00	-3.299999e+00
3.484542880099285e-02	-3.300007e+00	-3.300015e+00	-3.299997e+00
3.485542880099285e-02	-3.300006e+00	-3.300014e+00	-3.299999e+00
3.486542880099285e-02	-3.300007e+00	-3.300015e+00	-3.299997e+00
3.487542880099285e-02	-3.300006e+00	-3.300014e+00	-3.299999e+00
3.488542880099285e-02	-3.300007e+00	-3.300015e+00	-3.299997e+00
3.489542880099285e-02	-3.300006e+00	-3.300014e+00	-3.299999e+00
3.490542880099285e-02	-3.300007e+00	-3.300015e+00	-3.299997e+00
3.491542880099285e-02	-3.300006e+00	-3.300014e+00	-3.299999e+00
3.492542880099285e-02	-3.300007e+00	-3.300015e+00	-3.299997e+00
3.493542880099285e-02	-3.300006e+00	-3.300014e+00	-3.299999e+00
3.494542880099285e-02	-3.300007e+00	-3.300015e+00	-3.299997e+00
3.495542880099285e-02	-3.300006e+00	-3.300014e+00	-3.299999e+00
3.496542880099285e-02	-3.300007e+00	-3.300015e+00	-3.299997e+00
3.497542880099285e-02	-3.300006e+00	-3.300014e+00	-3.299999e+00
3.498542880099285e-02	-3.300007e+00	-3.300015e+00	-3.299997e+00
3.499542880099285e-02	-3.300006e+00	-3.300014e+00	-3.299999e+00
3.500542880099285e-02	-3.300007e+00	-3.300015e+00	-3.299997e+00
3.501542880099285e-02	-3.300006e+00	-3.300014e+00	-3.299999e+00
3.502542880099285e-02	-3.300007e+00	-3.300015e+00	-3.299997e+00
3.503542880099285e-02	-3.300006e+00	-3.300014e+00	-3.299999e+00
3.504542880099285e-02	-3.300007e+00	-3.300015e+00	-3.299997e+00
3.505542880099285e-02	-3.300006e+00	-3.300014e+00	-3.299999e+00
3.506542880099285e-02	-3.300007e+00	-3.300015e+00	-3.299997e+00
3.507542880099285e-02	-3.300006e+00	-3.300014e+00	-3.299999e+00
3.508542880099285e-02	-3.300007e+00	-3.300015e+00	-3.299997e+00
3.509542880099285e-02	-3.300006e+00	-3.300014e+00	-3.299999e+00
3.510542880099285e-02	-3.300007e+00	-3.300015e+00	-3.299997e+00
3.511542880099285e-02	-3.300006e+00	-3.300014e+00	-3.299999e+00
3.512542880099285e-02	-3.300007e+00	-3.300015e+00	-3.299997e+00
3.513542880099285e-02	-3.300006e+00	-3.300014e+00	-3.299999e+00
3.514542880099285e-02	-3.300007e+00	-3.300015e+00	-3.299997e+00
3.515542880099285e-02	-3.300006e+00	-3.300014e+00	-3.299999e+00
3.516542880099285e-02	-3.300007e+00	-3.300015e+00	-3.299997e+00
3.517542880099285e-02	-3.300006e+00	-3.300014e+00	-3.299999e+00
3.518542880099285e-02	-3.300007e+00	-3.300015e+00	-3.299997e+00
3.519542880099285e-02	-3.300006e+00	-3.300014e+00	-3.299999e+00
3.520542880099285e-02	-3.300007e+00	-3.300015e+00	-3.299997e+00
3.521542880099285e-02	-3.300006e+00	-3.300014e+00	-3.299999e+00
3.522542880099285e-02	-3.300007e+00	-3.300015e+00	-3.299997e+00
3.523542880099285e-02	-3.300006e+00	-3.300014e+00	-3.299999e+00
3.524542880099285e-02	-3.300007e+00	-3.300015e+00	-3.299997e+00
3.525542880099285e-02	-3.300006e+00	-3.300014e+00	-3.299999e+00
3.526542880099285e-02	-3.300007e+00	-3.300015e+00	-3.299997e+00
3.527542880099285e-02	-3.300006e+00	-3.300014e+00	-3.299999e+00
3.528542880099285e-02	-3.300007e+00	-3.300015e+00	-3.299997e+00
3.529542880099285e-02	-3.300006e+00	-3.300014e+00	-3.299999e+00
3.530542880099285e-02	-3.300007e+00	-3.300015e+00	-3.299997e+00
3.531542880099285e-02	-3.300006e+00	-3.300014e+00	-3.299999e+00
3.532542880099285e-02	-3.300007e+00	-3.300015e+00	-3.299997e+00
3.533542880099285e-02	-3.300006e+00	-3.300014e+00	-3.299999e+00
3.534542880099285e-02	-3.300007e+00	-3.300015e+00	-3.299997e+00
3.535542880099285e-02	-3.300006e+00	-3.300014e+00	-3.299999e+00
3.536542880099285e-02	-3.300007e+00	-3.300015e+00	-3.299997e+00
3.537542880099285e-02	-3.300006e+00	-3.300014e+00	-3.299999e+00
3.538542880099285e-02	-3.300007e+00	-3.300015e+00	-3.299997e+00
3.539542880099285e-02	-3.300006e+00	-3.300014e+00	-3.299999e+00
3.540542880099285e-02	-3.300007e+00	-3.300015e+00	-3.299997e+00
3.541542880099285e-02	-3.300006e+00	-3.300014e+00	-3.299999e+00
3.542542880099285e-02	-3.300007e+00	-3.300015e+00	-3.299997e+00
3.543542880099285e-02	-3.300006e+00	-3.300014e+00	-3.299999e+00
3.544542880099285e-02	-3.300007e+00	-3.300015e+00	-3.299997e+00
3.545542880099285e-02	-3.300006e+00	-3.300014e+00	-3.299999e+00
3.546542880099285e-02	-3.300007e+00	-3.300015e+00	-3.299997e+00
3.547542880099285e-02	-3.300006e+00	-3.300014e+00	-3.299999e+00
3.548542880099285e-02	-3.300007e+00	-3.300015e+00	-3.299997e+00
3.549542880099285e-02	-3.300006e+00	-3.300014e+00	-3.299999e+00
3.550542880099285e-02	-3.300007e+00	-3.300015e+00	-3.299997e+00
3.551542880099285e-02	-3.300006e+00	-3.300014e+00	-3.299999e+00
3.552542880099285e-02	-3.300007e+00	-3.300015e+00	-3.299997e+00
3.553542880099285e-02	-3.300006e+00	-3.300014e+00	-3.299999e+00
3.554542880099285e-02	-3.300007e+00	-3.300015e+00	-3.299997e+00
3.555542880099285e-02	-3.300006e+00	-3.300014e+00	-3.299999e+00
3.556542880099285e-02	-3.300007e+00	-3.300015e+00	-3.299997e+00
3.557542880099285e-02	-3.300006e+00	-3.300014e+00	-3.299999e+00
3.558542880099285e-02	-3.300007e+00	-3.300015e+00	-3.299997e+00
3.559542880099285e-02	-3.300006e+00	-3.300014e+00	-3.299999e+00
3.560542880099285e-02	-3.300007e+00	-3.300015e+00	-3.299997e+00
3.561542880099285e-02	-3.300006e+00	-3.300014e+00	-3.299999e+00
3.562542880099285e-02	-3.300007e+00	-3.300015e+00	-3.299997e+00
3.563542880099285e-02	-3.300006e+00	-3.300014e+00	-3.299999e+00
3.564542880099285e-02	-3.300007e+00	-3.300015e+00	-3.299997e+00
3.565542880099285e-02	-3.300006e+00	-3.300014e+00	-3.299999e+00
3.566542880099285e-02	-3.300007e+00	-3.300015e+00	-3.299997e+00
3.567542880099285e-02	-3.300006e+00	-3.300014e+00	-3.299999e+00
3.568542880099285e-02	-3.300007e+00	-3.300015e+00	-3.299997e+00
3.569542880099285e-02	-3.300006e+00	-3.300014e+00	-3.299999e+00
3.570542880099285e-02	-3.300007e+00	-3.300015e+00	-3.299997e+00
3.571542880099285e-02	-3.300006e+00	-3.300014e+00	-3.299999e+00
3.572542880099285e-02	-3.300007e+00	-3.300015e+00	-3.299997e+00
3.573542880099285e-02	-3.300006e+00	-3.300014e+00	-3.299999e+00
3.574542880099285e-02	-3.300007e+00	-3.300015e+00	-3.299997e+00
3.575542880099285e-02	-3.300006e+00	-3.300014e+00	-3.299999e+00
3.576542880099285e-02	-3.300007e+00	-3.300015e+00	-3.299997e+00
3.577542880099285e-02	-3.300007e+00	-3.300014e+00	-3.299999e+00
3.578542880099285e-02	-3.300007e+00	-3.300015e+00	-3.299997e+00
3.579542880099285e-02	-3.300006e+00	-3.300014e+00	-3.299999e+00
3.580542880099285e-02	-3.300007e+00	-3.300015e+00	-3.299997e+00
3.581542880099285e-02	-3.300006e+00	-3.300014e+00	-3.299999e+00
3.582542880099285e-02	-3.300007e+00	-3.300015e+00	-3.299997e+00
3.583542880099285e-02	-3.300006e+00	-3.300014e+00	-3.299999e+00
3.584542880099285e-02	-3.300007e+00	-3.300015e+00	-3.299997e+00
3.585542880099285e-02	-3.300006e+00	-3.300014e+00	-3.299999e+00
3.586542880099285e-02	-3.300007e+00	-3.300015e+00	-3.299997e+00
3.587542880099285e-02	-3.300006e+00	-3.300014e+00	-3.299999e+00
3.588542880099285e-02	-3.300007e+00	-3.300015e+00	-3.299997e+00
3.589542880099285e-02	-3.300006e+00	-3.300014e+00	-3.299999e+00
3.590542880099285e-02	-3.300007e+00	-3.300015e+00	-3.299997e+00
3.591542880099285e-02	-3.300006e+00	-3.300014e+00	-3.299999e+00
3.592542880099285e-02	-3.300007e+00	-3.300015e+00	-3.299997e+00
3.593542880099285e-02	-3.300006e+00	-3.300014e+00	-3.299999e+00
3.594542880099285e-02	-3.300007e+00	-3.300015e+00	-3.299997e+00
3.595542880099285e-02	-3.300006e+00	-3.300014e+00	-3.299999e+00
3.596542880099285e-02	-3.300007e+00	-3.300015e+00	-3.299997e+00
3.597542880099285e-02	-3.300006e+00	-3.300014e+00	-3.299999e+00
3.598542880099285e-02	-3.300007e+00	-3.300015e+00	-3.299997e+00
3.599542880099285e-02	-3.300006e+00	-3.300014e+00	-3.299999e+00
3.600542880099285e-02	-3.300007e+00	-3.300015e+00	-3.299997e+00
3.601542880099285e-02	-3.300006e+00	-3.300014e+00	-3.299999e+00
3.602542880099285e-02	-3.300007e+00	-3.300015e+00	-3.299997e+00
3.603542880099285e-02	-3.300007e+00	-3.300014e+00	-3.299999e+00
3.604542880099285e-02	-3.300007e+00	-3.300015e+00	-3.299997e+00
3.605542880099285e-02	-3.300006e+00	-3.300014e+00	-3.299999e+00
3.606542880099285e-02	-3.300007e+00	-3.300015e+00	-3.299997e+00
3.607542880099285e-02	-3.300006e+00	-3.300014e+00	-3.299999e+00
3.608542880099285e-02	-3.300007e+00	-3.300015e+00	-3.299997e+00
3.609542880099285e-02	-3.300006e+00	-3.300014e+00	-3.299999e+00
3.610542880099285e-02	-3.300007e+00	-3.300015e+00	-3.299997e+00
3.611542880099285e-02	-3.300006e+00	-3.300014e+00	-3.299999e+00
3.612542880099285e-02	-3.300007e+00	-3.300015e+00	-3.299997e+00
3.613542880099285e-02	-3.300006e+00	-3.300014e+00	-3.299999e+00
3.614542880099285e-02	-3.300007e+00	-3.300015e+00	-3.299997e+00
3.615542880099285e-02	-3.300006e+00	-3.300014e+00	-3.299999e+00
3.616542880099285e-02	-3.300007e+00	-3.300015e+00	-3.299997e+00
3.617542880099285e-02	-3.300006e+00	-3.300014e+00	-3.299999e+00
3.618542880099285e-02	-3.300007e+00	-3.300015e+00	-3.299997e+00
3.619542880099285e-02	-3.300006e+00	-3.300014e+00	-3.299999e+00
3.620542880099285e-02	-3.300007e+00	-3.300015e+00	-3.299997e+00
3.621542880099285e-02	-3.300006e+00	-3.300014e+00	-3.299999e+00
3.622542880099285e-02	-3.300007e+00	-3.300015e+00	-3.299997e+00
3.623542880099285e-02	-3.300006e+00	-3.300014e+00	-3.299999e+00
3.624542880099285e-02	-3.300007e+00	-3.300015e+00	-3.299997e+00
3.625542880099285e-02	-3.300006e+00	-3.300014e+00	-3.299999e+00
3.626542880099285e-02	-3.300007e+00	-3.300015e+00	-3.299997e+00
3.627542880099285e-02	-3.300006e+00	-3.300014e+00	-3.299999e+00
3.628542880099285e-02	-3.300007e+00	-3.300015e+00	-3.299997e+00
3.629542880099285e-02	-3.300006e+00	-3.300014e+00	-3.299999e+00
3.630542880099285e-02	-3.300007e+00	-3.300015e+00	-3.299997e+00
3.631542880099285e-02	-3.300007e+00	-3.300014e+00	-3.299999e+00
3.632542880099285e-02	-3.300007e+00	-3.300015e+00	-3.299997e+00
3.633542880099285e-02	-3.300006e+00	-3.300014e+00	-3.299999e+00
3.634542880099285e-02	-3.300007e+00	-3.300015e+00	-3.299997e+00
3.635542880099285e-02	-3.300006e+00	-3.300014e+00	-3.299999e+00
3.636542880099285e-02	-3.300007e+00	-3.300015e+00	-3.299997e+00
3.637542880099285e-02	-3.300006e+00	-3.300014e+00	-3.299999e+00
3.638542880099285e-02	-3.300007e+00	-3.300015e+00	-3.299997e+00
3.639542880099285e-02	-3.300006e+00	-3.300014e+00	-3.299999e+00
3.640542880099285e-02	-3.300007e+00	-3.300015e+00	-3.299997e+00
3.641542880099285e-02	-3.300006e+00	-3.300014e+00	-3.299999e+00
3.642542880099285e-02	-3.300007e+00	-3.300015e+00	-3.299997e+00
3.643542880099285e-02	-3.300006e+00	-3.300014e+00	-3.299999e+00
3.644542880099285e-02	-3.300007e+00	-3.300015e+00	-3.299997e+00
3.645542880099285e-02	-3.300006e+00	-3.300014e+00	-3.299999e+00
3.646542880099285e-02	-3.300007e+00	-3.300015e+00	-3.299997e+00
3.647542880099285e-02	-3.300006e+00	-3.300014e+00	-3.299999e+00
3.648542880099285e-02	-3.300007e+00	-3.300015e+00	-3.299997e+00
3.649542880099285e-02	-3.300006e+00	-3.300014e+00	-3.299999e+00
3.650542880099285e-02	-3.300007e+00	-3.300015e+00	-3.299997e+00
3.651542880099285e-02	-3.300006e+00	-3.300014e+00	-3.299999e+00
3.652542880099285e-02	-3.300007e+00	-3.300015e+00	-3.299997e+00
3.653542880099285e-02	-3.300006e+00	-3.300014e+00	-3.299999e+00
3.654542880099285e-02	-3.300007e+00	-3.300015e+00	-3.299997e+00
3.655542880099285e-02	-3.300006e+00	-3.300014e+00	-3.299999e+00
3.656542880099285e-02	-3.300007e+00	-3.300015e+00	-3.299997e+00
3.657542880099285e-02	-3.300006e+00	-3.300014e+00	-3.299999e+00
3.658542880099285e-02	-3.300007e+00	-3.300015e+00	-3.299997e+00
3.659542880099285e-02	-3.300006e+00	-3.300014e+00	-3.299999e+00
3.660542880099285e-02	-3.300007e+00	-3.300015e+00	-3.299997e+00
3.661542880099285e-02	-3.300006e+00	-3.300014e+00	-3.299999e+00
3.662542880099285e-02	-3.300007e+00	-3.300015e+00	-3.299997e+00
3.663542880099285e-02	-3.300007e+00	-3.300014e+00	-3.299999e+00
3.664542880099285e-02	-3.300007e+00	-3.300015e+00	-3.299997e+00
3.665542880099285e-02	-3.300006e+00	-3.300014e+00	-3.299999e+00
3.666542880099285e-02	-3.300007e+00	-3.300015e+00	-3.299997e+00
3.667542880099285e-02	-3.300006e+00	-3.300014e+00	-3.299999e+00
3.668542880099285e-02	-3.300007e+00	-3.300015e+00	-3.299997e+00
3.669542880099285e-02	-3.300006e+00	-3.300014e+00	-3.299999e+00
3.670542880099285e-02	-3.300007e+00	-3.300015e+00	-3.299997e+00
3.671542880099285e-02	-3.300006e+00	-3.300014e+00	-3.299999e+00
3.672542880099285e-02	-3.300007e+00	-3.300015e+00	-3.299997e+00
3.673542880099285e-02	-3.300006e+00	-3.300014e+00	-3.299999e+00
3.674542880099285e-02	-3.300007e+00	-3.300015e+00	-3.299997e+00
3.675542880099285e-02	-3.300006e+00	-3.300014e+00	-3.299999e+00
3.676542880099285e-02	-3.300007e+00	-3.300015e+00	-3.299997e+00
3.677542880099285e-02	-3.300006e+00	-3.300014e+00	-3.299999e+00
3.678542880099285e-02	-3.300007e+00	-3.300015e+00	-3.299997e+00
3.679542880099285e-02	-3.300006e+00	-3.300014e+00	-3.299999e+00
3.680542880099285e-02	-3.300007e+00	-3.300015e+00	-3.299997e+00
3.681542880099285e-02	-3.300006e+00	-3.300014e+00	-3.299999e+00
3.682542880099285e-02	-3.300007e+00	-3.300015e+00	-3.299997e+00
3.683542880099285e-02	-3.300006e+00	-3.300014e+00	-3.299999e+00
3.684542880099285e-02	-3.300007e+00	-3.300015e+00	-3.299997e+00
3.685542880099285e-02	-3.300006e+00	-3.300014e+00	-3.299999e+00
3.686542880099285e-02	-3.300007e+00	-3.300015e+00	-3.299997e+00
3.687542880099285e-02	-3.300006e+00	-3.300014e+00	-3.299999e+00
3.688542880099285e-02	-3.300007e+00	-3.300015e+00	-3.299997e+00
3.689542880099285e-02	-3.300006e+00	-3.300014e+00	-3.299999e+00
3.690542880099285e-02	-3.300007e+00	-3.300015e+00	-3.299997e+00
3.691542880099285e-02	-3.300006e+00	-3.300014e+00	-3.299999e+00
3.692542880099285e-02	-3.300007e+00	-3.300015e+00	-3.299997e+00
3.693542880099285e-02	-3.300006e+00	-3.300014e+00	-3.299999e+00
3.694542880099285e-02	-3.300007e+00	-3.300015e+00	-3.299997e+00
3.695542880099285e-02	-3.300006e+00	-3.300014e+00	-3.299999e+00
3.696542880099285e-02	-3.300007e+00	-3.300015e+00	-3.299997e+00
3.697542880099285e-02	-3.300007e+00	-3.300014e+00	-3.299999e+00
3.698542880099285e-02	-3.300007e+00	-3.300015e+00	-3.299997e+00
3.699542880099285e-02	-3.300006e+00	-3.300014e+00	-3.299999e+00
3.700542880099285e-02	-3.300007e+00	-3.300015e+00	-3.299997e+00
3.701542880099285e-02	-3.300006e+00	-3.300014e+00	-3.299999e+00
3.702542880099285e-02	-3.300007e+00	-3.300015e+00	-3.299997e+00
3.703542880099285e-02	-3.300006e+00	-3.300014e+00	-3.299999e+00
3.704542880099285e-02	-3.300007e+00	-3.300015e+00	-3.299997e+00
3.705542880099285e-02	-3.300006e+00	-3.300014e+00	-3.299999e+00
3.706542880099285e-02	-3.300007e+00	-3.300015e+00	-3.299997e+00
3.707542880099285e-02	-3.300006e+00	-3.300014e+00	-3.299999e+00
3.708542880099285e-02	-3.300007e+00	-3.300015e+00	-3.299997e+00
3.709542880099285e-02	-3.300006e+00	-3.300014e+00	-3.299999e+00
3.710542880099285e-02	-3.300007e+00	-3.300015e+00	-3.299997e+00
3.711542880099285e-02	-3.300006e+00	-3.300014e+00	-3.299999e+00
3.712542880099285e-02	-3.300007e+00	-3.300015e+00	-3.299997e+00
3.713542880099285e-02	-3.300006e+00	-3.300014e+00	-3.299999e+00
3.714542880099285e-02	-3.300007e+00	-3.300015e+00	-3.299997e+00
3.715542880099285e-02	-3.300006e+00	-3.300014e+00	-3.299999e+00
3.716542880099285e-02	-3.300007e+00	-3.300015e+00	-3.299997e+00
3.717542880099285e-02	-3.300006e+00	-3.300014e+00	-3.299999e+00
3.718542880099285e-02	-3.300007e+00	-3.300015e+00	-3.299997e+00
3.719542880099285e-02	-3.300006e+00	-3.300014e+00	-3.299999e+00
3.720542880099285e-02	-3.300007e+00	-3.300015e+00	-3.299997e+00
3.721542880099285e-02	-3.300006e+00	-3.300014e+00	-3.299999e+00
3.722542880099285e-02	-3.300007e+00	-3.300015e+00	-3.299997e+00
3.723542880099285e-02	-3.300006e+00	-3.300014e+00	-3.299999e+00
3.724542880099285e-02	-3.300007e+00	-3.300015e+00	-3.299997e+00
3.725542880099285e-02	-3.300006e+00	-3.300014e+00	-3.299999e+00
3.726542880099285e-02	-3.300007e+00	-3.300015e+00	-3.299997e+00
3.727542880099285e-02	-3.300006e+00	-3.300014e+00	-3.299999e+00
3.728542880099285e-02	-3.300007e+00	-3.300015e+00	-3.299997e+00
3.729542880099285e-02	-3.300006e+00	-3.300014e+00	-3.299999e+00
3.730542880099285e-02	-3.300007e+00	-3.300015e+00	-3.299997e+00
3.731542880099285e-02	-3.300006e+00	-3.300014e+00	-3.299999e+00
3.732542880099285e-02	-3.300007e+00	-3.300015e+00	-3.299997e+00
3.733542880099285e-02	-3.300006e+00	-3.300014e+00	-3.299999e+00
3.734542880099285e-02	-3.300007e+00	-3.300015e+00	-3.299997e+00
3.735542880099285e-02	-3.300007e+00	-3.300014e+00	-3.299999e+00
3.736542880099285e-02	-3.300007e+00	-3.300015e+00	-3.299997e+00
3.737542880099285e-02	-3.300007e+00	-3.300014e+00	-3.299999e+00
3.738542880099285e-02	-3.300007e+00	-3.300015e+00	-3.299997e+00
3.739542880099285e-02	-3.300006e+00	-3.300014e+00	-3.299999e+00
3.740542880099285e-02	-3.300007e+00	-3.300015e+00	-3.299997e+00
3.741542880099285e-02	-3.300006e+00	-3.300014e+00	-3.299999e+00
3.742542880099285e-02	-3.300007e+00	-3.300015e+00	-3.299997e+00
3.743542880099285e-02	-3.300006e+00	-3.300014e+00	-3.299999e+00
3.744542880099285e-02	-3.300007e+00	-3.300015e+00	-3.299997e+00
3.745542880099285e-02	-3.300006e+00	-3.300014e+00	-3.299999e+00
3.746542880099285e-02	-3.300007e+00	-3.300015e+00	-3.299997e+00
3.747542880099285e-02	-3.300006e+00	-3.300014e+00	-3.299999e+00
3.748542880099285e-02	-3.300007e+00	-3.300015e+00	-3.299997e+00
3.749542880099285e-02	-3.300006e+00	-3.300014e+00	-3.299999e+00
3.750542880099285e-02	-3.300007e+00	-3.300015e+00	-3.299997e+00
3.751542880099285e-02	-3.300006e+00	-3.300014e+00	-3.299999e+00
3.752542880099285e-02	-3.300007e+00	-3.300015e+00	-3.299997e+00
3.753542880099285e-02	-3.300006e+00	-3.300014e+00	-3.299999e+00
3.754542880099285e-02	-3.300007e+00	-3.300015e+00	-3.299997e+00
3.755542880099285e-02	-3.300006e+00	-3.300014e+00	-3.299999e+00
3.756542880099285e-02	-3.300007e+00	-3.300015e+00	-3.299997e+00
3.757542880099285e-02	-3.300006e+00	-3.300014e+00	-3.299999e+00
3.758542880099285e-02	-3.300007e+00	-3.300015e+00	-3.299997e+00
3.759542880099285e-02	-3.300006e+00	-3.300014e+00	-3.299999e+00
3.760542880099285e-02	-3.300007e+00	-3.300015e+00	-3.299997e+00
3.761542880099285e-02	-3.300006e+00	-3.300014e+00	-3.299999e+00
3.762542880099285e-02	-3.300007e+00	-3.300015e+00	-3.299997e+00
3.763542880099285e-02	-3.300006e+00	-3.300014e+00	-3.299999e+00
3.764542880099285e-02	-3.300007e+00	-3.300015e+00	-3.299997e+00
3.765542880099285e-02	-3.300006e+00	-3.300014e+00	-3.299999e+00
3.766542880099285e-02	-3.300007e+00	-3.300015e+00	-3.299997e+00
3.767542880099285e-02	-3.300006e+00	-3.300014e+00	-3.299999e+00
3.768542880099285e-02	-3.300007e+00	-3.300015e+00	-3.299997e+00
3.769542880099285e-02	-3.300006e+00	-3.300014e+00	-3.299999e+00
3.770542880099285e-02	-3.300007e+00	-3.300015e+00	-3.299997e+00
3.771542880099285e-02	-3.300006e+00	-3.300014e+00	-3.299999e+00
3.772542880099285e-02	-3.300007e+00	-3.300015e+00	-3.299997e+00
3.773542880099285e-02	-3.300006e+00	-3.300014e+00	-3.299999e+00
3.774542880099285e-02	-3.300007e+00	-3.300015e+00	-3.299997e+00
3.775542880099285e-02	-3.300006e+00	-3.300014e+00	-3.299999e+00
3.776542880099285e-02	-3.300007e+00	-3.300015e+00	-3.299997e+00
3.777542880099285e-02	-3.300006e+00	-3.300014e+00	-3.299999e+00
3.778542880099285e-02	-3.300007e+00	-3.300015e+00	-3.299997e+00
3.779542880099285e-02	-3.300007e+00	-3.300014e+00	-3.299999e+00
3.780542880099285e-02	-3.300007e+00	-3.300015e+00	-3.299997e+00
3.781542880099285e-02	-3.300007e+00	-3.300014e+00	-3.299999e+00
3.782542880099285e-02	-3.300007e+00	-3.300015e+00	-3.299997e+00
3.783542880099285e-02	-3.300007e+00	-3.300014e+00	-3.299999e+00
3.784542880099285e-02	-3.300007e+00	-3.300015e+00	-3.299997e+00
3.785542880099285e-02	-3.300006e+00	-3.300014e+00	-3.299999e+00
3.786542880099285e-02	-3.300007e+00	-3.300015e+00	-3.299997e+00
3.787542880099285e-02	-3.300006e+00	-3.300014e+00	-3.299999e+00
3.788542880099285e-02	-3.300007e+00	-3.300015e+00	-3.299997e+00
3.789542880099285e-02	-3.300006e+00	-3.300014e+00	-3.299999e+00
3.790542880099285e-02	-3.300007e+00	-3.300015e+00	-3.299997e+00
3.791542880099285e-02	-3.300006e+00	-3.300014e+00	-3.299999e+00
3.792542880099285e-02	-3.300007e+00	-3.300015e+00	-3.299997e+00
3.793542880099285e-02	-3.300006e+00	-3.300014e+00	-3.299999e+00
3.794542880099285e-02	-3.300007e+00	-3.300015e+00	-3.299997e+00
3.795542880099285e-02	-3.300006e+00	-3.300014e+00	-3.299999e+00
3.796542880099285e-02	-3.300007e+00	-3.300015e+00	-3.299997e+00
3.797542880099285e-02	-3.300006e+00	-3.300014e+00	-3.299999e+00
3.798542880099285e-02	-3.300007e+00	-3.300015e+00	-3.299997e+00
3.799542880099285e-02	-3.300006e+00	-3.300014e+00	-3.299999e+00
3.800542880099285e-02	-3.300007e+00	-3.300015e+00	-3.299997e+00
3.801542880099285e-02	-3.300006e+00	-3.300014e+00	-3.299999e+00
3.802542880099285e-02	-3.300007e+00	-3.300015e+00	-3.299997e+00
3.803542880099285e-02	-3.300006e+00	-3.300014e+00	-3.299999e+00
3.804542880099285e-02	-3.300007e+00	-3.300015e+00	-3.299997e+00
3.805542880099285e-02	-3.300006e+00	-3.300014e+00	-3.299999e+00
3.806542880099285e-02	-3.300007e+00	-3.300015e+00	-3.299997e+00
3.807542880099285e-02	-3.300006e+00	-3.300014e+00	-3.299999e+00
3.808542880099285e-02	-3.300007e+00	-3.300015e+00	-3.299997e+00
3.809542880099285e-02	-3.300006e+00	-3.300014e+00	-3.299999e+00
3.810542880099285e-02	-3.300007e+00	-3.300015e+00	-3.299997e+00
3.811542880099285e-02	-3.300006e+00	-3.300014e+00	-3.299999e+00
3.812542880099285e-02	-3.300007e+00	-3.300015e+00	-3.299997e+00
3.813542880099285e-02	-3.300006e+00	-3.300014e+00	-3.299999e+00
3.814542880099285e-02	-3.300007e+00	-3.300015e+00	-3.299997e+00
3.815542880099285e-02	-3.300006e+00	-3.300014e+00	-3.299999e+00
3.816542880099285e-02	-3.300007e+00	-3.300015e+00	-3.299997e+00
3.817542880099285e-02	-3.300006e+00	-3.300014e+00	-3.299999e+00
3.818542880099285e-02	-3.300007e+00	-3.300015e+00	-3.299997e+00
3.819542880099285e-02	-3.300006e+00	-3.300014e+00	-3.299999e+00
3.820542880099285e-02	-3.300007e+00	-3.300015e+00	-3.299997e+00
3.821542880099285e-02	-3.300006e+00	-3.300014e+00	-3.299999e+00
3.822542880099285e-02	-3.300007e+00	-3.300015e+00	-3.299997e+00
3.823542880099285e-02	-3.300006e+00	-3.300014e+00	-3.299999e+00
3.824542880099285e-02	-3.300007e+00	-3.300015e+00	-3.299997e+00
3.825542880099285e-02	-3.300006e+00	-3.300014e+00	-3.299999e+00
3.826542880099285e-02	-3.300007e+00	-3.300015e+00	-3.299997e+00
3.827542880099285e-02	-3.300006e+00	-3.300014e+00	-3.299999e+00
3.828542880099285e-02	-3.300007e+00	-3.300015e+00	-3.299997e+00
3.829542880099285e-02	-3.300007e+00	-3.300014e+00	-3.299999e+00
3.830542880099285e-02	-3.300007e+00	-3.300015e+00	-3.299997e+00
3.831542880099285e-02	-3.300007e+00	-3.300014e+00	-3.299999e+00
3.832542880099285e-02	-3.300007e+00	-3.300015e+00	-3.299997e+00
3.833542880099285e-02	-3.300007e+00	-3.300014e+00	-3.299999e+00
3.834542880099285e-02	-3.300007e+00	-3.300015e+00	-3.299997e+00
3.835542880099285e-02	-3.300007e+00	-3.300014e+00	-3.299999e+00
3.836542880099285e-02	-3.300007e+00	-3.300015e+00	-3.299997e+00
3.837542880099285e-02	-3.300006e+00	-3.300014e+00	-3.299999e+00
3.838542880099285e-02	-3.300007e+00	-3.300015e+00	-3.299997e+00
3.839542880099285e-02	-3.300006e+00	-3.300014e+00	-3.299999e+00
3.840542880099285e-02	-3.300007e+00	-3.300015e+00	-3.299997e+00
3.841542880099285e-02	-3.300006e+00	-3.300014e+00	-3.299999e+00
3.842542880099285e-02	-3.300007e+00	-3.300015e+00	-3.299997e+00
3.843542880099285e-02	-3.300006e+00	-3.300014e+00	-3.299999e+00
3.844542880099285e-02	-3.300007e+00	-3.300015e+00	-3.299997e+00
3.845542880099285e-02	-3.300006e+00	-3.300014e+00	-3.299999e+00
3.846542880099285e-02	-3.300007e+00	-3.300015e+00	-3.299997e+00
3.847542880099285e-02	-3.300006e+00	-3.300014e+00	-3.299999e+00
3.848542880099285e-02	-3.300007e+00	-3.300015e+00	-3.299997e+00
3.849542880099285e-02	-3.300006e+00	-3.300014e+00	-3.299999e+00
3.850542880099285e-02	-3.300007e+00	-3.300015e+00	-3.299997e+00
3.851542880099285e-02	-3.300006e+00	-3.300014e+00	-3.299999e+00
3.852542880099285e-02	-3.300007e+00	-3.300015e+00	-3.299997e+00
3.853542880099285e-02	-3.300006e+00	-3.300014e+00	-3.299999e+00
3.854542880099285e-02	-3.300007e+00	-3.300015e+00	-3.299997e+00
3.855542880099285e-02	-3.300006e+00	-3.300014e+00	-3.299999e+00
3.856542880099285e-02	-3.300007e+00	-3.300015e+00	-3.299997e+00
3.857542880099285e-02	-3.300006e+00	-3.300014e+00	-3.299999e+00
3.858542880099285e-02	-3.300007e+00	-3.300015e+00	-3.299997e+00
3.859542880099285e-02	-3.300006e+00	-3.300014e+00	-3.299999e+00
3.860542880099285e-02	-3.300007e+00	-3.300015e+00	-3.299997e+00
3.861542880099285e-02	-3.300006e+00	-3.300014e+00	-3.299999e+00
3.862542880099285e-02	-3.300007e+00	-3.300015e+00	-3.299997e+00
3.863542880099285e-02	-3.300006e+00	-3.300014e+00	-3.299999e+00
3.864542880099285e-02	-3.300007e+00	-3.300015e+00	-3.299997e+00
3.865542880099285e-02	-3.300006e+00	-3.300014e+00	-3.299999e+00
3.866542880099285e-02	-3.300007e+00	-3.300015e+00	-3.299997e+00
3.867542880099285e-02	-3.300006e+00	-3.300014e+00	-3.299999e+00
3.868542880099285e-02	-3.300007e+00	-3.300015e+00	-3.299997e+00
3.869542880099285e-02	-3.300006e+00	-3.300014e+00	-3.299999e+00
3.870542880099285e-02	-3.300007e+00	-3.300015e+00	-3.299997e+00
3.871542880099285e-02	-3.300006e+00	-3.300014e+00	-3.299999e+00
3.872542880099285e-02	-3.300007e+00	-3.300015e+00	-3.299997e+00
3.873542880099285e-02	-3.300006e+00	-3.300014e+00	-3.299999e+00
3.874542880099285e-02	-3.300007e+00	-3.300015e+00	-3.299997e+00
3.875542880099285e-02	-3.300006e+00	-3.300014e+00	-3.299999e+00
3.876542880099285e-02	-3.300007e+00	-3.300015e+00	-3.299997e+00
3.877542880099285e-02	-3.300006e+00	-3.300014e+00	-3.299999e+00
3.878542880099285e-02	-3.300007e+00	-3.300015e+00	-3.299997e+00
3.879542880099285e-02	-3.300006e+00	-3.300014e+00	-3.299999e+00
3.880542880099285e-02	-3.300007e+00	-3.300015e+00	-3.299997e+00
3.881542880099285e-02	-3.300006e+00	-3.300014e+00	-3.299999e+00
3.882542880099285e-02	-3.300007e+00	-3.300015e+00	-3.299997e+00
3.883542880099285e-02	-3.300006e+00	-3.300014e+00	-3.299999e+00
3.884542880099285e-02	-3.300007e+00	-3.300015e+00	-3.299997e+00
3.885542880099285e-02	-3.300006e+00	-3.300014e+00	-3.299999e+00
3.886542880099285e-02	-3.300007e+00	-3.300015e+00	-3.299997e+00
3.887542880099285e-02	-3.300006e+00	-3.300014e+00	-3.299999e+00
3.888542880099285e-02	-3.300007e+00	-3.300015e+00	-3.299997e+00
3.889542880099285e-02	-3.300006e+00	-3.300014e+00	-3.299999e+00
3.890542880099285e-02	-3.300007e+00	-3.300015e+00	-3.299997e+00
3.891542880099285e-02	-3.300007e+00	-3.300014e+00	-3.299999e+00
3.892542880099285e-02	-3.300007e+00	-3.300015e+00	-3.299997e+00
3.893542880099285e-02	-3.300007e+00	-3.300014e+00	-3.299999e+00
3.894542880099285e-02	-3.300007e+00	-3.300015e+00	-3.299997e+00
3.895542880099285e-02	-3.300007e+00	-3.300014e+00	-3.299999e+00
3.896542880099285e-02	-3.300007e+00	-3.300015e+00	-3.299997e+00
3.897542880099285e-02	-3.300007e+00	-3.300014e+00	-3.299999e+00
3.898542880099285e-02	-3.300007e+00	-3.300015e+00	-3.299997e+00
3.899542880099285e-02	-3.300007e+00	-3.300014e+00	-3.299999e+00
3.900542880099285e-02	-3.300007e+00	-3.300015e+00	-3.299997e+00
3.901542880099285e-02	-3.300006e+00	-3.300014e+00	-3.299999e+00
3.902542880099285e-02	-3.300007e+00	-3.300015e+00	-3.299997e+00
3.903542880099285e-02	-3.300006e+00	-3.300014e+00	-3.299999e+00
3.904542880099285e-02	-3.300007e+00	-3.300015e+00	-3.299997e+00
3.905542880099285e-02	-3.300006e+00	-3.300014e+00	-3.299999e+00
3.906542880099285e-02	-3.300007e+00	-3.300015e+00	-3.299997e+00
3.907542880099285e-02	-3.300006e+00	-3.300014e+00	-3.299999e+00
3.908542880099285e-02	-3.300007e+00	-3.300015e+00	-3.299997e+00
3.909542880099285e-02	-3.300006e+00	-3.300014e+00	-3.299999e+00
3.910542880099285e-02	-3.300007e+00	-3.300015e+00	-3.299997e+00
3.911542880099285e-02	-3.300006e+00	-3.300014e+00	-3.299999e+00
3.912542880099285e-02	-3.300007e+00	-3.300015e+00	-3.299997e+00
3.913542880099285e-02	-3.300006e+00	-3.300014e+00	-3.299999e+00
3.914542880099285e-02	-3.300007e+00	-3.300015e+00	-3.299997e+00
3.915542880099285e-02	-3.300006e+00	-3.300014e+00	-3.299999e+00
3.916542880099285e-02	-3.300007e+00	-3.300015e+00	-3.299997e+00
3.917542880099285e-02	-3.300006e+00	-3.300014e+00	-3.299999e+00
3.918542880099285e-02	-3.300007e+00	-3.300015e+00	-3.299997e+00
3.919542880099285e-02	-3.300006e+00	-3.300014e+00	-3.299999e+00
3.920542880099285e-02	-3.300007e+00	-3.300015e+00	-3.299997e+00
3.921542880099285e-02	-3.300006e+00	-3.300014e+00	-3.299999e+00
3.922542880099285e-02	-3.300007e+00	-3.300015e+00	-3.299997e+00
3.923542880099285e-02	-3.300006e+00	-3.300014e+00	-3.299999e+00
3.924542880099285e-02	-3.300007e+00	-3.300015e+00	-3.299997e+00
3.925542880099285e-02	-3.300006e+00	-3.300014e+00	-3.299999e+00
3.926542880099285e-02	-3.300007e+00	-3.300015e+00	-3.299997e+00
3.927542880099285e-02	-3.300006e+00	-3.300014e+00	-3.299999e+00
3.928542880099285e-02	-3.300007e+00	-3.300015e+00	-3.299997e+00
3.929542880099285e-02	-3.300006e+00	-3.300014e+00	-3.299999e+00
3.930542880099285e-02	-3.300007e+00	-3.300015e+00	-3.299997e+00
3.931542880099285e-02	-3.300006e+00	-3.300014e+00	-3.299999e+00
3.932542880099285e-02	-3.300007e+00	-3.300015e+00	-3.299997e+00
3.933542880099285e-02	-3.300006e+00	-3.300014e+00	-3.299999e+00
3.934542880099285e-02	-3.300007e+00	-3.300015e+00	-3.299997e+00
3.935542880099285e-02	-3.300006e+00	-3.300014e+00	-3.299999e+00
3.936542880099285e-02	-3.300007e+00	-3.300015e+00	-3.299997e+00
3.937542880099285e-02	-3.300006e+00	-3.300014e+00	-3.299999e+00
3.938542880099285e-02	-3.300007e+00	-3.300015e+00	-3.299997e+00
3.939542880099285e-02	-3.300006e+00	-3.300014e+00	-3.299999e+00
3.940542880099285e-02	-3.300007e+00	-3.300015e+00	-3.299997e+00
3.941542880099285e-02	-3.300006e+00	-3.300014e+00	-3.299999e+00
3.942542880099285e-02	-3.300007e+00	-3.300015e+00	-3.299997e+00
3.943542880099285e-02	-3.300006e+00	-3.300014e+00	-3.299999e+00
3.944542880099285e-02	-3.300007e+00	-3.300015e+00	-3.299997e+00
3.945542880099285e-02	-3.300006e+00	-3.300014e+00	-3.299999e+00
3.946542880099285e-02	-3.300007e+00	-3.300015e+00	-3.299997e+00
3.947542880099285e-02	-3.300006e+00	-3.300014e+00	-3.299999e+00
3.948542880099285e-02	-3.300007e+00	-3.300015e+00	-3.299997e+00
3.949542880099285e-02	-3.300006e+00	-3.300014e+00	-3.299999e+00
3.950542880099285e-02	-3.300007e+00	-3.300015e+00	-3.299997e+00
3.951542880099285e-02	-3.300006e+00	-3.300014e+00	-3.299999e+00
3.952542880099285e-02	-3.300007e+00	-3.300015e+00	-3.299997e+00
3.953542880099285e-02	-3.300006e+00	-3.300014e+00	-3.299999e+00
3.954542880099285e-02	-3.300007e+00	-3.300015e+00	-3.299997e+00
3.955542880099285e-02	-3.300006e+00	-3.300014e+00	-3.299999e+00
3.956542880099285e-02	-3.300007e+00	-3.300015e+00	-3.299997e+00
3.957542880099285e-02	-3.300006e+00	-3.300014e+00	-3.299999e+00
3.958542880099285e-02	-3.300007e+00	-3.300015e+00	-3.299997e+00
3.959542880099285e-02	-3.300006e+00	-3.300014e+00	-3.299999e+00
3.960542880099285e-02	-3.300007e+00	-3.300015e+00	-3.299997e+00
3.961542880099285e-02	-3.300006e+00	-3.300014e+00	-3.299999e+00
3.962542880099285e-02	-3.300007e+00	-3.300015e+00	-3.299997e+00
3.963542880099285e-02	-3.300006e+00	-3.300014e+00	-3.299999e+00
3.964542880099285e-02	-3.300007e+00	-3.300015e+00	-3.299997e+00
3.965542880099285e-02	-3.300007e+00	-3.300014e+00	-3.299999e+00
3.966542880099285e-02	-3.300007e+00	-3.300015e+00	-3.299997e+00
3.967542880099285e-02	-3.300007e+00	-3.300014e+00	-3.299999e+00
3.968542880099285e-02	-3.300007e+00	-3.300015e+00	-3.299997e+00
3.969542880099285e-02	-3.300007e+00	-3.300014e+00	-3.299999e+00
3.970542880099285e-02	-3.300007e+00	-3.300015e+00	-3.299997e+00
3.971542880099285e-02	-3.300007e+00	-3.300014e+00	-3.299999e+00
3.972542880099285e-02	-3.300007e+00	-3.300015e+00	-3.299997e+00
3.973542880099285e-02	-3.300007e+00	-3.300014e+00	-3.299999e+00
3.974542880099285e-02	-3.300007e+00	-3.300015e+00	-3.299997e+00
3.975542880099285e-02	-3.300007e+00	-3.300014e+00	-3.299999e+00
3.976542880099285e-02	-3.300007e+00	-3.300015e+00	-3.299997e+00
3.977542880099285e-02	-3.300007e+00	-3.300014e+00	-3.299999e+00
3.978542880099285e-02	-3.300007e+00	-3.300015e+00	-3.299997e+00
3.979542880099285e-02	-3.300007e+00	-3.300014e+00	-3.299999e+00
3.980542880099285e-02	-3.300007e+00	-3.300015e+00	-3.299997e+00
3.981542880099285e-02	-3.300006e+00	-3.300014e+00	-3.299999e+00
3.982542880099285e-02	-3.300007e+00	-3.300015e+00	-3.299997e+00
3.983542880099285e-02	-3.300006e+00	-3.300014e+00	-3.299999e+00
3.984542880099285e-02	-3.300007e+00	-3.300015e+00	-3.299997e+00
3.985542880099285e-02	-3.300006e+00	-3.300014e+00	-3.299999e+00
3.986542880099285e-02	-3.300007e+00	-3.300015e+00	-3.299997e+00
3.987542880099285e-02	-3.300006e+00	-3.300014e+00	-3.299999e+00
3.988542880099285e-02	-3.300007e+00	-3.300015e+00	-3.299997e+00
3.989542880099285e-02	-3.300006e+00	-3.300014e+00	-3.299999e+00
3.990542880099285e-02	-3.300007e+00	-3.300015e+00	-3.299997e+00
3.991542880099285e-02	-3.300006e+00	-3.300014e+00	-3.299999e+00
3.992542880099285e-02	-3.300007e+00	-3.300015e+00	-3.299997e+00
3.993542880099285e-02	-3.300006e+00	-3.300014e+00	-3.299999e+00
3.994542880099285e-02	-3.300007e+00	-3.300015e+00	-3.299997e+00
3.995542880099285e-02	-3.300006e+00	-3.300014e+00	-3.299999e+00
3.996542880099285e-02	-3.300007e+00	-3.300015e+00	-3.299997e+00
3.997542880099285e-02	-3.300006e+00	-3.300014e+00	-3.299999e+00
3.998542880099285e-02	-3.300007e+00	-3.300015e+00	-3.299997e+00
3.999542880099285e-02	-3.300006e+00	-3.300014e+00	-3.299999e+00
4.000000000000000e-02	-3.300007e+00	-3.300015e+00	-3.299997e+00
