time	V(out_1,N084)	V(out_2,out_1)	V(out_pos,N024)
0.000000000000000e+00	5.111883e-01	-3.255172e-01	-1.856694e-01
9.142856630514224e-10	5.111882e-01	-3.255172e-01	-1.856694e-01
1.828571326102845e-09	5.111882e-01	-3.255171e-01	-1.856694e-01
2.742856989154267e-09	5.111883e-01	-3.255172e-01	-1.856694e-01
3.657142652205690e-09	5.111883e-01	-3.255172e-01	-1.856694e-01
4.571428315257112e-09	5.111883e-01	-3.255173e-01	-1.856694e-01
5.485713978308534e-09	5.111884e-01	-3.255173e-01	-1.856694e-01
6.399999641359955e-09	5.111885e-01	-3.255174e-01	-1.856694e-01
1.279999928271991e-08	5.111887e-01	-3.255177e-01	-1.856694e-01
2.559999856543982e-08	5.111921e-01	-3.255212e-01	-1.856692e-01
4.747226798751930e-08	5.112016e-01	-3.255312e-01	-1.856687e-01
8.141002406898424e-08	5.112147e-01	-3.255458e-01	-1.856673e-01
9.999999999999989e-08	5.112193e-01	-3.255508e-01	-1.856668e-01
1.385913905200772e-07	5.112302e-01	-3.255630e-01	-1.856656e-01
1.783642652638334e-07	5.112731e-01	-3.256092e-01	-1.856625e-01
1.999999999999999e-07	5.113206e-01	-3.256602e-01	-1.856589e-01
2.427685173538487e-07	5.114596e-01	-3.258104e-01	-1.856477e-01
2.888306313527577e-07	5.116577e-01	-3.260257e-01	-1.856303e-01
3.649197306117161e-07	5.120378e-01	-3.264408e-01	-1.855953e-01
3.822848572945417e-07	5.121315e-01	-3.265431e-01	-1.855867e-01
4.170151106601928e-07	5.123229e-01	-3.267527e-01	-1.855688e-01
4.864756173914952e-07	5.127342e-01	-3.272016e-01	-1.855311e-01
6.253966308541000e-07	5.136774e-01	-3.282299e-01	-1.854458e-01
9.032386577793095e-07	5.159647e-01	-3.307178e-01	-1.852453e-01
1.458922711629729e-06	5.210562e-01	-3.362362e-01	-1.848185e-01
2.166803869896213e-06	5.267441e-01	-3.423610e-01	-1.843817e-01
3.176440321077360e-06	5.324767e-01	-3.484457e-01	-1.840296e-01
4.795424596830990e-06	5.388386e-01	-3.550146e-01	-1.838229e-01
8.033393148338250e-06	5.488935e-01	-3.649483e-01	-1.839442e-01
1.450933025135277e-05	5.620084e-01	-3.797653e-01	-1.822424e-01
2.450933025135277e-05	5.821784e-01	-4.019361e-01	-1.802428e-01
3.450933025135277e-05	6.145597e-01	-4.180875e-01	-1.964746e-01
4.450933025135277e-05	6.351995e-01	-4.167318e-01	-2.184718e-01
5.450933025135277e-05	6.503901e-01	-4.140525e-01	-2.363434e-01
5.987741246299063e-05	-7.278228e-02	5.731444e-01	-5.003579e-01
6.281402363711916e-05	-7.147171e-01	1.072441e+00	-3.475130e-01
6.469000921168700e-05	-7.709811e-01	1.085905e+00	-2.776659e-01
6.638415620998637e-05	-8.134239e-01	1.078095e+00	-1.760335e-01
6.823317355184832e-05	-8.470654e-01	1.066721e+00	-4.108810e-02
7.026634156688898e-05	-8.717518e-01	1.065172e+00	1.221595e-01
7.433267759697031e-05	-8.985918e-01	1.100475e+00	4.736180e-01
7.871779704029981e-05	-8.866425e-01	1.231044e+00	7.804146e-01
8.323557732638818e-05	-8.464949e-01	1.430232e+00	9.981236e-01
8.711789048470452e-05	-8.030338e-01	1.592087e+00	1.167960e+00
9.128924101637544e-05	-7.412584e-01	1.755941e+00	1.338241e+00
9.359249085522219e-05	-6.939011e-01	1.839827e+00	1.425279e+00
9.549284099783988e-05	-6.193824e-01	1.893033e+00	1.481038e+00
9.736152558820724e-05	-5.190618e-01	1.935062e+00	1.525343e+00
9.813273415312344e-05	-4.719064e-01	1.950553e+00	1.541830e+00
9.889221816652003e-05	-4.278266e-01	1.967570e+00	1.559670e+00
1.004111861933132e-04	-3.316011e-01	1.998904e+00	1.592807e+00
1.034491222468996e-04	-1.341305e-01	2.063687e+00	1.660804e+00
1.095249943540723e-04	2.895553e-01	2.190394e+00	1.793643e+00
1.195249943540723e-04	8.382344e-01	2.465657e+00	2.078414e+00
1.295249943540723e-04	1.191510e+00	2.794428e+00	2.417530e+00
1.395249943540723e-04	1.560119e+00	2.971304e+00	2.794989e+00
1.495249943540723e-04	2.055368e+00	3.053386e+00	3.016827e+00
1.595249943540723e-04	2.599276e+00	3.097382e+00	3.087859e+00
1.695249943540723e-04	3.037152e+00	3.135832e+00	3.133307e+00
1.795249943540723e-04	3.183929e+00	3.206975e+00	3.206582e+00
1.895249943540722e-04	3.221478e+00	3.231207e+00	3.231196e+00
1.995249943540722e-04	3.231503e+00	3.237284e+00	3.237318e+00
2.095249943540722e-04	3.235245e+00	3.238944e+00	3.238987e+00
2.195249943540722e-04	3.237083e+00	3.239573e+00	3.239592e+00
2.295249943540722e-04	3.238176e+00	3.239826e+00	3.239845e+00
2.395249943540722e-04	3.238803e+00	3.239971e+00	3.239973e+00
2.495249943540723e-04	3.239260e+00	3.240016e+00	3.240026e+00
2.595249943540722e-04	3.239512e+00	3.240073e+00	3.240069e+00
2.695249943540723e-04	3.239731e+00	3.240075e+00	3.240081e+00
2.795249943540722e-04	3.239830e+00	3.240108e+00	3.240102e+00
2.895249943540723e-04	3.239947e+00	3.240096e+00	3.240102e+00
2.995249943540722e-04	3.239977e+00	3.240122e+00	3.240116e+00
3.095249943540723e-04	3.240048e+00	3.240106e+00	3.240111e+00
3.195249943540722e-04	3.240046e+00	3.240128e+00	3.240122e+00
3.295249943540723e-04	3.240095e+00	3.240109e+00	3.240115e+00
3.395249943540722e-04	3.240079e+00	3.240131e+00	3.240125e+00
3.495249943540723e-04	3.240118e+00	3.240111e+00	3.240118e+00
3.595249943540722e-04	3.240095e+00	3.240132e+00	3.240126e+00
3.695249943540723e-04	3.240129e+00	3.240113e+00	3.240119e+00
3.795249943540722e-04	3.240103e+00	3.240133e+00	3.240127e+00
3.895249943540723e-04	3.240134e+00	3.240113e+00	3.240119e+00
3.995249943540722e-04	3.240106e+00	3.240133e+00	3.240127e+00
4.095249943540723e-04	3.240137e+00	3.240113e+00	3.240119e+00
4.195249943540722e-04	3.240108e+00	3.240133e+00	3.240127e+00
4.295249943540723e-04	3.240138e+00	3.240113e+00	3.240119e+00
4.395249943540722e-04	3.240109e+00	3.240133e+00	3.240127e+00
4.495249943540723e-04	3.240138e+00	3.240113e+00	3.240119e+00
4.595249943540722e-04	3.240109e+00	3.240133e+00	3.240127e+00
4.695249943540723e-04	3.240138e+00	3.240113e+00	3.240119e+00
4.795249943540722e-04	3.240110e+00	3.240133e+00	3.240127e+00
4.895249943540723e-04	3.240138e+00	3.240113e+00	3.240119e+00
4.995249943540723e-04	3.240109e+00	3.240133e+00	3.240127e+00
5.095249943540722e-04	3.240138e+00	3.240113e+00	3.240119e+00
5.195249943540722e-04	3.240110e+00	3.240133e+00	3.240127e+00
5.295249943540722e-04	3.240138e+00	3.240113e+00	3.240119e+00
5.395249943540723e-04	3.240110e+00	3.240133e+00	3.240127e+00
5.495249943540722e-04	3.240138e+00	3.240113e+00	3.240119e+00
5.595249943540722e-04	3.240110e+00	3.240133e+00	3.240127e+00
5.695249943540722e-04	3.240138e+00	3.240114e+00	3.240119e+00
5.795249943540723e-04	3.240110e+00	3.240133e+00	3.240127e+00
5.895249943540722e-04	3.240138e+00	3.240114e+00	3.240119e+00
5.995249943540722e-04	3.240110e+00	3.240133e+00	3.240127e+00
6.095249943540722e-04	3.240138e+00	3.240114e+00	3.240119e+00
6.195249943540723e-04	3.240110e+00	3.240133e+00	3.240128e+00
6.295249943540722e-04	3.240138e+00	3.240114e+00	3.240119e+00
6.395249943540722e-04	3.240110e+00	3.240133e+00	3.240128e+00
6.495249943540722e-04	3.240138e+00	3.240114e+00	3.240119e+00
6.595249943540723e-04	3.240110e+00	3.240133e+00	3.240128e+00
6.695249943540722e-04	3.240138e+00	3.240114e+00	3.240119e+00
6.795249943540722e-04	3.240110e+00	3.240133e+00	3.240127e+00
6.895249943540722e-04	3.240138e+00	3.240114e+00	3.240119e+00
6.995249943540723e-04	3.240110e+00	3.240133e+00	3.240127e+00
7.095249943540722e-04	3.240138e+00	3.240114e+00	3.240119e+00
7.195249943540722e-04	3.240110e+00	3.240133e+00	3.240127e+00
7.295249943540722e-04	3.240138e+00	3.240113e+00	3.240119e+00
7.395249943540723e-04	3.240110e+00	3.240133e+00	3.240127e+00
7.495249943540722e-04	3.240138e+00	3.240113e+00	3.240119e+00
7.595249943540722e-04	3.240110e+00	3.240133e+00	3.240127e+00
7.695249943540722e-04	3.240138e+00	3.240113e+00	3.240119e+00
7.795249943540723e-04	3.240110e+00	3.240133e+00	3.240127e+00
7.895249943540722e-04	3.240138e+00	3.240113e+00	3.240119e+00
7.995249943540722e-04	3.240110e+00	3.240133e+00	3.240127e+00
8.095249943540722e-04	3.240138e+00	3.240113e+00	3.240119e+00
8.195249943540722e-04	3.240110e+00	3.240133e+00	3.240127e+00
8.295249943540722e-04	3.240138e+00	3.240113e+00	3.240119e+00
8.395249943540722e-04	3.240110e+00	3.240133e+00	3.240127e+00
8.495249943540722e-04	3.240138e+00	3.240113e+00	3.240119e+00
8.595249943540722e-04	3.240110e+00	3.240133e+00	3.240127e+00
8.695249943540722e-04	3.240138e+00	3.240113e+00	3.240119e+00
8.795249943540722e-04	3.240110e+00	3.240133e+00	3.240127e+00
8.895249943540722e-04	3.240138e+00	3.240113e+00	3.240119e+00
8.995249943540722e-04	3.240110e+00	3.240133e+00	3.240127e+00
9.095249943540722e-04	3.240138e+00	3.240113e+00	3.240119e+00
9.195249943540722e-04	3.240110e+00	3.240133e+00	3.240127e+00
9.295249943540722e-04	3.240138e+00	3.240114e+00	3.240119e+00
9.395249943540722e-04	3.240111e+00	3.240133e+00	3.240127e+00
9.495249943540722e-04	3.240138e+00	3.240114e+00	3.240119e+00
9.595249943540722e-04	3.240111e+00	3.240133e+00	3.240127e+00
9.695249943540722e-04	3.240138e+00	3.240114e+00	3.240119e+00
9.795249943540722e-04	3.240111e+00	3.240133e+00	3.240127e+00
9.895249943540723e-04	3.240138e+00	3.240114e+00	3.240119e+00
9.995249943540723e-04	3.240111e+00	3.240133e+00	3.240127e+00
1.009524994354072e-03	3.240138e+00	3.240114e+00	3.240119e+00
1.019524994354072e-03	3.240111e+00	3.240133e+00	3.240127e+00
1.029524994354072e-03	3.240138e+00	3.240114e+00	3.240119e+00
1.039524994354072e-03	3.240111e+00	3.240133e+00	3.240127e+00
1.049524994354072e-03	3.240138e+00	3.240114e+00	3.240119e+00
1.059524994354072e-03	3.240111e+00	3.240133e+00	3.240127e+00
1.069524994354072e-03	3.240138e+00	3.240114e+00	3.240119e+00
1.079524994354072e-03	3.240111e+00	3.240133e+00	3.240127e+00
1.089524994354072e-03	3.240138e+00	3.240114e+00	3.240120e+00
1.099524994354072e-03	3.240111e+00	3.240133e+00	3.240127e+00
1.109524994354072e-03	3.240138e+00	3.240114e+00	3.240120e+00
1.119524994354072e-03	3.240111e+00	3.240133e+00	3.240127e+00
1.129524994354072e-03	3.240138e+00	3.240114e+00	3.240120e+00
1.139524994354072e-03	3.240111e+00	3.240133e+00	3.240127e+00
1.149524994354072e-03	3.240137e+00	3.240114e+00	3.240120e+00
1.159524994354072e-03	3.240111e+00	3.240132e+00	3.240127e+00
1.169524994354072e-03	3.240137e+00	3.240114e+00	3.240120e+00
1.179524994354072e-03	3.240111e+00	3.240132e+00	3.240127e+00
1.189524994354072e-03	3.240137e+00	3.240114e+00	3.240120e+00
1.199524994354072e-03	3.240111e+00	3.240132e+00	3.240127e+00
1.209524994354072e-03	3.240137e+00	3.240114e+00	3.240120e+00
1.219524994354072e-03	3.240111e+00	3.240132e+00	3.240127e+00
1.229524994354072e-03	3.240137e+00	3.240114e+00	3.240120e+00
1.239524994354072e-03	3.240111e+00	3.240132e+00	3.240127e+00
1.249524994354072e-03	3.240137e+00	3.240114e+00	3.240120e+00
1.259524994354072e-03	3.240111e+00	3.240132e+00	3.240126e+00
1.269524994354072e-03	3.240137e+00	3.240114e+00	3.240120e+00
1.279524994354072e-03	3.240111e+00	3.240132e+00	3.240126e+00
1.289524994354072e-03	3.240137e+00	3.240114e+00	3.240120e+00
1.299524994354072e-03	3.240111e+00	3.240132e+00	3.240126e+00
1.309524994354072e-03	3.240137e+00	3.240114e+00	3.240120e+00
1.319524994354072e-03	3.240111e+00	3.240132e+00	3.240126e+00
1.329524994354072e-03	3.240137e+00	3.240114e+00	3.240120e+00
1.339524994354072e-03	3.240111e+00	3.240132e+00	3.240126e+00
1.349524994354072e-03	3.240137e+00	3.240114e+00	3.240120e+00
1.359524994354072e-03	3.240111e+00	3.240132e+00	3.240126e+00
1.369524994354072e-03	3.240137e+00	3.240114e+00	3.240120e+00
1.379524994354072e-03	3.240111e+00	3.240132e+00	3.240126e+00
1.389524994354072e-03	3.240137e+00	3.240114e+00	3.240120e+00
1.399524994354072e-03	3.240111e+00	3.240132e+00	3.240126e+00
1.409524994354072e-03	3.240137e+00	3.240114e+00	3.240120e+00
1.419524994354072e-03	3.240111e+00	3.240132e+00	3.240126e+00
1.429524994354072e-03	3.240137e+00	3.240114e+00	3.240120e+00
1.439524994354072e-03	3.240111e+00	3.240132e+00	3.240126e+00
1.449524994354072e-03	3.240137e+00	3.240114e+00	3.240120e+00
1.459524994354072e-03	3.240111e+00	3.240132e+00	3.240126e+00
1.469524994354072e-03	3.240137e+00	3.240114e+00	3.240120e+00
1.479524994354072e-03	3.240111e+00	3.240132e+00	3.240126e+00
1.489524994354072e-03	3.240137e+00	3.240114e+00	3.240120e+00
1.499524994354072e-03	3.240111e+00	3.240132e+00	3.240126e+00
1.509524994354072e-03	3.240137e+00	3.240114e+00	3.240120e+00
1.519524994354072e-03	3.240111e+00	3.240132e+00	3.240126e+00
1.529524994354072e-03	3.240137e+00	3.240114e+00	3.240120e+00
1.539524994354072e-03	3.240111e+00	3.240132e+00	3.240126e+00
1.549524994354072e-03	3.240137e+00	3.240114e+00	3.240119e+00
1.559524994354072e-03	3.240111e+00	3.240132e+00	3.240126e+00
1.569524994354072e-03	3.240137e+00	3.240114e+00	3.240119e+00
1.579524994354072e-03	3.240111e+00	3.240132e+00	3.240126e+00
1.589524994354072e-03	3.240137e+00	3.240114e+00	3.240119e+00
1.599524994354072e-03	3.240111e+00	3.240132e+00	3.240126e+00
1.609524994354072e-03	3.240137e+00	3.240114e+00	3.240119e+00
1.619524994354072e-03	3.240111e+00	3.240132e+00	3.240126e+00
1.629524994354072e-03	3.240137e+00	3.240114e+00	3.240119e+00
1.639524994354072e-03	3.240111e+00	3.240132e+00	3.240127e+00
1.649524994354072e-03	3.240137e+00	3.240114e+00	3.240119e+00
1.659524994354072e-03	3.240111e+00	3.240132e+00	3.240127e+00
1.669524994354072e-03	3.240137e+00	3.240114e+00	3.240119e+00
1.679524994354072e-03	3.240111e+00	3.240132e+00	3.240127e+00
1.689524994354072e-03	3.240137e+00	3.240114e+00	3.240119e+00
1.699524994354072e-03	3.240111e+00	3.240132e+00	3.240127e+00
1.709524994354072e-03	3.240137e+00	3.240114e+00	3.240119e+00
1.719524994354072e-03	3.240111e+00	3.240132e+00	3.240127e+00
1.729524994354072e-03	3.240137e+00	3.240114e+00	3.240119e+00
1.739524994354072e-03	3.240111e+00	3.240132e+00	3.240127e+00
1.749524994354072e-03	3.240137e+00	3.240114e+00	3.240119e+00
1.759524994354072e-03	3.240111e+00	3.240132e+00	3.240127e+00
1.769524994354072e-03	3.240137e+00	3.240114e+00	3.240119e+00
1.779524994354072e-03	3.240111e+00	3.240132e+00	3.240127e+00
1.789524994354072e-03	3.240137e+00	3.240114e+00	3.240119e+00
1.799524994354072e-03	3.240111e+00	3.240132e+00	3.240127e+00
1.809524994354072e-03	3.240137e+00	3.240114e+00	3.240119e+00
1.819524994354072e-03	3.240111e+00	3.240132e+00	3.240127e+00
1.829524994354072e-03	3.240137e+00	3.240114e+00	3.240120e+00
1.839524994354072e-03	3.240111e+00	3.240132e+00	3.240127e+00
1.849524994354072e-03	3.240137e+00	3.240114e+00	3.240120e+00
1.859524994354072e-03	3.240112e+00	3.240132e+00	3.240127e+00
1.869524994354072e-03	3.240137e+00	3.240114e+00	3.240120e+00
1.879524994354072e-03	3.240112e+00	3.240132e+00	3.240127e+00
1.889524994354072e-03	3.240137e+00	3.240114e+00	3.240120e+00
1.899524994354072e-03	3.240112e+00	3.240132e+00	3.240127e+00
1.909524994354072e-03	3.240137e+00	3.240114e+00	3.240120e+00
1.919524994354072e-03	3.240112e+00	3.240132e+00	3.240127e+00
1.929524994354072e-03	3.240137e+00	3.240114e+00	3.240120e+00
1.939524994354072e-03	3.240112e+00	3.240132e+00	3.240127e+00
1.949524994354072e-03	3.240137e+00	3.240114e+00	3.240120e+00
1.959524994354072e-03	3.240112e+00	3.240132e+00	3.240127e+00
1.969524994354072e-03	3.240137e+00	3.240114e+00	3.240120e+00
1.979524994354072e-03	3.240112e+00	3.240132e+00	3.240127e+00
1.989524994354072e-03	3.240137e+00	3.240114e+00	3.240120e+00
1.999524994354072e-03	3.240112e+00	3.240132e+00	3.240127e+00
2.009524994354072e-03	3.240137e+00	3.240114e+00	3.240120e+00
2.019524994354072e-03	3.240112e+00	3.240132e+00	3.240127e+00
2.029524994354072e-03	3.240137e+00	3.240114e+00	3.240120e+00
2.039524994354072e-03	3.240112e+00	3.240132e+00	3.240127e+00
2.049524994354072e-03	3.240137e+00	3.240114e+00	3.240120e+00
2.059524994354072e-03	3.240112e+00	3.240132e+00	3.240127e+00
2.069524994354072e-03	3.240137e+00	3.240114e+00	3.240120e+00
2.079524994354072e-03	3.240112e+00	3.240132e+00	3.240127e+00
2.089524994354072e-03	3.240137e+00	3.240114e+00	3.240120e+00
2.099524994354072e-03	3.240112e+00	3.240132e+00	3.240127e+00
2.109524994354072e-03	3.240137e+00	3.240114e+00	3.240120e+00
2.119524994354072e-03	3.240112e+00	3.240132e+00	3.240127e+00
2.129524994354072e-03	3.240137e+00	3.240114e+00	3.240120e+00
2.139524994354072e-03	3.240112e+00	3.240132e+00	3.240127e+00
2.149524994354072e-03	3.240137e+00	3.240114e+00	3.240120e+00
2.159524994354072e-03	3.240112e+00	3.240132e+00	3.240127e+00
2.169524994354072e-03	3.240137e+00	3.240114e+00	3.240120e+00
2.179524994354072e-03	3.240112e+00	3.240132e+00	3.240126e+00
2.189524994354072e-03	3.240137e+00	3.240114e+00	3.240120e+00
2.199524994354072e-03	3.240112e+00	3.240132e+00	3.240126e+00
2.209524994354072e-03	3.240137e+00	3.240114e+00	3.240120e+00
2.219524994354072e-03	3.240112e+00	3.240132e+00	3.240126e+00
2.229524994354072e-03	3.240137e+00	3.240115e+00	3.240120e+00
2.239524994354072e-03	3.240112e+00	3.240132e+00	3.240126e+00
2.249524994354072e-03	3.240137e+00	3.240115e+00	3.240120e+00
2.259524994354072e-03	3.240112e+00	3.240132e+00	3.240126e+00
2.269524994354072e-03	3.240136e+00	3.240115e+00	3.240120e+00
2.279524994354072e-03	3.240112e+00	3.240132e+00	3.240126e+00
2.289524994354072e-03	3.240136e+00	3.240115e+00	3.240120e+00
2.299524994354072e-03	3.240112e+00	3.240132e+00	3.240126e+00
2.309524994354072e-03	3.240136e+00	3.240115e+00	3.240120e+00
2.319524994354072e-03	3.240112e+00	3.240132e+00	3.240126e+00
2.329524994354072e-03	3.240136e+00	3.240115e+00	3.240120e+00
2.339524994354072e-03	3.240112e+00	3.240132e+00	3.240126e+00
2.349524994354072e-03	3.240136e+00	3.240115e+00	3.240120e+00
2.359524994354072e-03	3.240112e+00	3.240132e+00	3.240126e+00
2.369524994354072e-03	3.240136e+00	3.240115e+00	3.240120e+00
2.379524994354072e-03	3.240112e+00	3.240132e+00	3.240126e+00
2.389524994354072e-03	3.240136e+00	3.240115e+00	3.240120e+00
2.399524994354072e-03	3.240112e+00	3.240132e+00	3.240126e+00
2.409524994354072e-03	3.240136e+00	3.240115e+00	3.240120e+00
2.419524994354072e-03	3.240112e+00	3.240132e+00	3.240126e+00
2.429524994354072e-03	3.240136e+00	3.240115e+00	3.240120e+00
2.439524994354072e-03	3.240112e+00	3.240132e+00	3.240126e+00
2.449524994354072e-03	3.240136e+00	3.240115e+00	3.240120e+00
2.459524994354072e-03	3.240112e+00	3.240132e+00	3.240126e+00
2.469524994354072e-03	3.240136e+00	3.240115e+00	3.240120e+00
2.479524994354072e-03	3.240112e+00	3.240132e+00	3.240126e+00
2.489524994354072e-03	3.240136e+00	3.240115e+00	3.240120e+00
2.499524994354072e-03	3.240112e+00	3.240132e+00	3.240126e+00
2.509524994354072e-03	3.240136e+00	3.240115e+00	3.240120e+00
2.519524994354072e-03	3.240112e+00	3.240132e+00	3.240126e+00
2.529524994354072e-03	3.240136e+00	3.240115e+00	3.240120e+00
2.539524994354072e-03	3.240112e+00	3.240132e+00	3.240126e+00
2.549524994354072e-03	3.240136e+00	3.240115e+00	3.240120e+00
2.559524994354072e-03	3.240112e+00	3.240132e+00	3.240126e+00
2.569524994354072e-03	3.240136e+00	3.240115e+00	3.240120e+00
2.579524994354072e-03	3.240112e+00	3.240132e+00	3.240126e+00
2.589524994354072e-03	3.240136e+00	3.240115e+00	3.240120e+00
2.599524994354072e-03	3.240112e+00	3.240132e+00	3.240126e+00
2.609524994354072e-03	3.240136e+00	3.240115e+00	3.240120e+00
2.619524994354072e-03	3.240112e+00	3.240132e+00	3.240126e+00
2.629524994354072e-03	3.240136e+00	3.240115e+00	3.240120e+00
2.639524994354072e-03	3.240112e+00	3.240132e+00	3.240126e+00
2.649524994354072e-03	3.240136e+00	3.240115e+00	3.240120e+00
2.659524994354072e-03	3.240112e+00	3.240132e+00	3.240126e+00
2.669524994354072e-03	3.240136e+00	3.240115e+00	3.240120e+00
2.679524994354072e-03	3.240112e+00	3.240132e+00	3.240126e+00
2.689524994354072e-03	3.240136e+00	3.240115e+00	3.240120e+00
2.699524994354072e-03	3.240112e+00	3.240132e+00	3.240126e+00
2.709524994354072e-03	3.240136e+00	3.240115e+00	3.240120e+00
2.719524994354072e-03	3.240112e+00	3.240132e+00	3.240126e+00
2.729524994354072e-03	3.240136e+00	3.240115e+00	3.240120e+00
2.739524994354072e-03	3.240112e+00	3.240132e+00	3.240126e+00
2.749524994354072e-03	3.240136e+00	3.240115e+00	3.240120e+00
2.759524994354072e-03	3.240112e+00	3.240132e+00	3.240126e+00
2.769524994354072e-03	3.240136e+00	3.240115e+00	3.240120e+00
2.779524994354072e-03	3.240112e+00	3.240132e+00	3.240126e+00
2.789524994354072e-03	3.240136e+00	3.240115e+00	3.240120e+00
2.799524994354072e-03	3.240112e+00	3.240132e+00	3.240126e+00
2.809524994354072e-03	3.240136e+00	3.240115e+00	3.240120e+00
2.819524994354072e-03	3.240112e+00	3.240132e+00	3.240126e+00
2.829524994354072e-03	3.240136e+00	3.240115e+00	3.240120e+00
2.839524994354072e-03	3.240112e+00	3.240132e+00	3.240126e+00
2.849524994354072e-03	3.240136e+00	3.240115e+00	3.240120e+00
2.859524994354072e-03	3.240112e+00	3.240132e+00	3.240126e+00
2.869524994354072e-03	3.240136e+00	3.240115e+00	3.240120e+00
2.879524994354072e-03	3.240112e+00	3.240132e+00	3.240126e+00
2.889524994354072e-03	3.240136e+00	3.240115e+00	3.240120e+00
2.899524994354072e-03	3.240112e+00	3.240131e+00	3.240126e+00
2.909524994354072e-03	3.240136e+00	3.240115e+00	3.240120e+00
2.919524994354072e-03	3.240112e+00	3.240131e+00	3.240126e+00
2.929524994354072e-03	3.240136e+00	3.240115e+00	3.240120e+00
2.939524994354072e-03	3.240112e+00	3.240131e+00	3.240126e+00
2.949524994354072e-03	3.240136e+00	3.240115e+00	3.240120e+00
2.959524994354072e-03	3.240112e+00	3.240131e+00	3.240126e+00
2.969524994354072e-03	3.240136e+00	3.240115e+00	3.240120e+00
2.979524994354072e-03	3.240112e+00	3.240131e+00	3.240126e+00
2.989524994354072e-03	3.240136e+00	3.240115e+00	3.240120e+00
2.999524994354072e-03	3.240112e+00	3.240131e+00	3.240126e+00
3.009524994354072e-03	3.240136e+00	3.240115e+00	3.240120e+00
3.019524994354072e-03	3.240112e+00	3.240131e+00	3.240126e+00
3.029524994354072e-03	3.240136e+00	3.240115e+00	3.240120e+00
3.039524994354072e-03	3.240112e+00	3.240131e+00	3.240126e+00
3.049524994354072e-03	3.240136e+00	3.240115e+00	3.240120e+00
3.059524994354072e-03	3.240112e+00	3.240131e+00	3.240126e+00
3.069524994354072e-03	3.240136e+00	3.240115e+00	3.240120e+00
3.079524994354072e-03	3.240112e+00	3.240131e+00	3.240126e+00
3.089524994354072e-03	3.240136e+00	3.240115e+00	3.240120e+00
3.099524994354072e-03	3.240112e+00	3.240131e+00	3.240126e+00
3.109524994354072e-03	3.240136e+00	3.240115e+00	3.240120e+00
3.119524994354072e-03	3.240112e+00	3.240131e+00	3.240126e+00
3.129524994354072e-03	3.240136e+00	3.240115e+00	3.240120e+00
3.139524994354072e-03	3.240112e+00	3.240131e+00	3.240126e+00
3.149524994354072e-03	3.240136e+00	3.240115e+00	3.240120e+00
3.159524994354072e-03	3.240112e+00	3.240131e+00	3.240126e+00
3.169524994354072e-03	3.240136e+00	3.240115e+00	3.240120e+00
3.179524994354072e-03	3.240112e+00	3.240131e+00	3.240126e+00
3.189524994354072e-03	3.240136e+00	3.240115e+00	3.240120e+00
3.199524994354072e-03	3.240112e+00	3.240131e+00	3.240126e+00
3.209524994354072e-03	3.240136e+00	3.240115e+00	3.240120e+00
3.219524994354072e-03	3.240112e+00	3.240131e+00	3.240126e+00
3.229524994354072e-03	3.240136e+00	3.240115e+00	3.240120e+00
3.239524994354072e-03	3.240112e+00	3.240131e+00	3.240126e+00
3.249524994354072e-03	3.240136e+00	3.240115e+00	3.240120e+00
3.259524994354072e-03	3.240112e+00	3.240131e+00	3.240126e+00
3.269524994354072e-03	3.240136e+00	3.240115e+00	3.240120e+00
3.279524994354072e-03	3.240112e+00	3.240131e+00	3.240126e+00
3.289524994354072e-03	3.240136e+00	3.240115e+00	3.240120e+00
3.299524994354072e-03	3.240112e+00	3.240131e+00	3.240126e+00
3.309524994354072e-03	3.240136e+00	3.240115e+00	3.240120e+00
3.319524994354072e-03	3.240112e+00	3.240131e+00	3.240126e+00
3.329524994354072e-03	3.240136e+00	3.240115e+00	3.240120e+00
3.339524994354072e-03	3.240112e+00	3.240131e+00	3.240126e+00
3.349524994354072e-03	3.240136e+00	3.240115e+00	3.240120e+00
3.359524994354072e-03	3.240112e+00	3.240131e+00	3.240126e+00
3.369524994354072e-03	3.240136e+00	3.240115e+00	3.240120e+00
3.379524994354072e-03	3.240112e+00	3.240131e+00	3.240126e+00
3.389524994354072e-03	3.240136e+00	3.240115e+00	3.240120e+00
3.399524994354072e-03	3.240112e+00	3.240131e+00	3.240126e+00
3.409524994354072e-03	3.240136e+00	3.240115e+00	3.240120e+00
3.419524994354072e-03	3.240112e+00	3.240131e+00	3.240126e+00
3.429524994354072e-03	3.240136e+00	3.240115e+00	3.240120e+00
3.439524994354072e-03	3.240112e+00	3.240131e+00	3.240126e+00
3.449524994354072e-03	3.240136e+00	3.240115e+00	3.240121e+00
3.459524994354072e-03	3.240112e+00	3.240131e+00	3.240126e+00
3.469524994354072e-03	3.240136e+00	3.240115e+00	3.240121e+00
3.479524994354072e-03	3.240112e+00	3.240131e+00	3.240126e+00
3.489524994354072e-03	3.240136e+00	3.240115e+00	3.240121e+00
3.499524994354072e-03	3.240112e+00	3.240131e+00	3.240126e+00
3.509524994354072e-03	3.240136e+00	3.240115e+00	3.240121e+00
3.519524994354072e-03	3.240112e+00	3.240131e+00	3.240126e+00
3.529524994354072e-03	3.240136e+00	3.240115e+00	3.240121e+00
3.539524994354072e-03	3.240112e+00	3.240131e+00	3.240126e+00
3.549524994354072e-03	3.240136e+00	3.240115e+00	3.240121e+00
3.559524994354072e-03	3.240112e+00	3.240131e+00	3.240126e+00
3.569524994354072e-03	3.240136e+00	3.240115e+00	3.240121e+00
3.579524994354072e-03	3.240112e+00	3.240131e+00	3.240126e+00
3.589524994354072e-03	3.240136e+00	3.240115e+00	3.240121e+00
3.599524994354072e-03	3.240112e+00	3.240131e+00	3.240126e+00
3.609524994354072e-03	3.240136e+00	3.240115e+00	3.240121e+00
3.619524994354072e-03	3.240112e+00	3.240131e+00	3.240126e+00
3.629524994354072e-03	3.240136e+00	3.240115e+00	3.240121e+00
3.639524994354072e-03	3.240112e+00	3.240131e+00	3.240126e+00
3.649524994354072e-03	3.240136e+00	3.240115e+00	3.240121e+00
3.659524994354072e-03	3.240112e+00	3.240131e+00	3.240126e+00
3.669524994354072e-03	3.240136e+00	3.240115e+00	3.240121e+00
3.679524994354072e-03	3.240112e+00	3.240131e+00	3.240126e+00
3.689524994354072e-03	3.240136e+00	3.240115e+00	3.240121e+00
3.699524994354072e-03	3.240112e+00	3.240131e+00	3.240126e+00
3.709524994354072e-03	3.240136e+00	3.240115e+00	3.240121e+00
3.719524994354072e-03	3.240113e+00	3.240131e+00	3.240126e+00
3.729524994354072e-03	3.240136e+00	3.240115e+00	3.240121e+00
3.739524994354072e-03	3.240113e+00	3.240131e+00	3.240126e+00
3.749524994354072e-03	3.240136e+00	3.240115e+00	3.240121e+00
3.759524994354072e-03	3.240113e+00	3.240131e+00	3.240126e+00
3.769524994354072e-03	3.240136e+00	3.240115e+00	3.240121e+00
3.779524994354072e-03	3.240113e+00	3.240131e+00	3.240126e+00
3.789524994354072e-03	3.240136e+00	3.240115e+00	3.240121e+00
3.799524994354072e-03	3.240112e+00	3.240132e+00	3.240126e+00
3.809524994354072e-03	3.240136e+00	3.240115e+00	3.240121e+00
3.819524994354072e-03	3.240112e+00	3.240132e+00	3.240126e+00
3.829524994354072e-03	3.240136e+00	3.240115e+00	3.240121e+00
3.839524994354072e-03	3.240112e+00	3.240132e+00	3.240126e+00
3.849524994354072e-03	3.240136e+00	3.240115e+00	3.240121e+00
3.859524994354072e-03	3.240112e+00	3.240132e+00	3.240126e+00
3.869524994354072e-03	3.240136e+00	3.240115e+00	3.240121e+00
3.879524994354072e-03	3.240112e+00	3.240132e+00	3.240126e+00
3.889524994354072e-03	3.240136e+00	3.240115e+00	3.240121e+00
3.899524994354072e-03	3.240112e+00	3.240132e+00	3.240126e+00
3.909524994354072e-03	3.240136e+00	3.240115e+00	3.240121e+00
3.919524994354072e-03	3.240112e+00	3.240132e+00	3.240126e+00
3.929524994354072e-03	3.240136e+00	3.240115e+00	3.240121e+00
3.939524994354072e-03	3.240112e+00	3.240132e+00	3.240126e+00
3.949524994354072e-03	3.240136e+00	3.240115e+00	3.240121e+00
3.959524994354072e-03	3.240112e+00	3.240132e+00	3.240126e+00
3.969524994354072e-03	3.240136e+00	3.240115e+00	3.240121e+00
3.979524994354072e-03	3.240112e+00	3.240132e+00	3.240126e+00
3.989524994354072e-03	3.240136e+00	3.240115e+00	3.240121e+00
3.999524994354072e-03	3.240112e+00	3.240132e+00	3.240126e+00
4.009524994354072e-03	3.240136e+00	3.240115e+00	3.240121e+00
4.019524994354072e-03	3.240112e+00	3.240132e+00	3.240126e+00
4.029524994354072e-03	3.240136e+00	3.240115e+00	3.240121e+00
4.039524994354072e-03	3.240112e+00	3.240132e+00	3.240126e+00
4.049524994354072e-03	3.240136e+00	3.240115e+00	3.240121e+00
4.059524994354072e-03	3.240112e+00	3.240132e+00	3.240126e+00
4.069524994354072e-03	3.240136e+00	3.240115e+00	3.240121e+00
4.079524994354072e-03	3.240112e+00	3.240132e+00	3.240126e+00
4.089524994354072e-03	3.240136e+00	3.240115e+00	3.240121e+00
4.099524994354072e-03	3.240112e+00	3.240132e+00	3.240126e+00
4.109524994354072e-03	3.240136e+00	3.240115e+00	3.240121e+00
4.119524994354072e-03	3.240112e+00	3.240132e+00	3.240126e+00
4.129524994354072e-03	3.240136e+00	3.240115e+00	3.240121e+00
4.139524994354072e-03	3.240112e+00	3.240132e+00	3.240126e+00
4.149524994354072e-03	3.240136e+00	3.240115e+00	3.240121e+00
4.159524994354072e-03	3.240112e+00	3.240132e+00	3.240126e+00
4.169524994354072e-03	3.240136e+00	3.240115e+00	3.240121e+00
4.179524994354072e-03	3.240112e+00	3.240132e+00	3.240126e+00
4.189524994354072e-03	3.240136e+00	3.240115e+00	3.240121e+00
4.199524994354072e-03	3.240112e+00	3.240132e+00	3.240126e+00
4.209524994354072e-03	3.240136e+00	3.240115e+00	3.240121e+00
4.219524994354072e-03	3.240112e+00	3.240132e+00	3.240126e+00
4.229524994354072e-03	3.240136e+00	3.240115e+00	3.240121e+00
4.239524994354072e-03	3.240112e+00	3.240132e+00	3.240126e+00
4.249524994354071e-03	3.240136e+00	3.240115e+00	3.240120e+00
4.259524994354072e-03	3.240112e+00	3.240132e+00	3.240126e+00
4.269524994354072e-03	3.240136e+00	3.240115e+00	3.240120e+00
4.279524994354072e-03	3.240112e+00	3.240132e+00	3.240126e+00
4.289524994354072e-03	3.240136e+00	3.240115e+00	3.240120e+00
4.299524994354072e-03	3.240112e+00	3.240132e+00	3.240126e+00
4.309524994354072e-03	3.240136e+00	3.240115e+00	3.240120e+00
4.319524994354072e-03	3.240112e+00	3.240132e+00	3.240126e+00
4.329524994354072e-03	3.240136e+00	3.240115e+00	3.240120e+00
4.339524994354072e-03	3.240112e+00	3.240132e+00	3.240126e+00
4.349524994354072e-03	3.240136e+00	3.240115e+00	3.240120e+00
4.359524994354072e-03	3.240112e+00	3.240132e+00	3.240126e+00
4.369524994354072e-03	3.240136e+00	3.240115e+00	3.240120e+00
4.379524994354072e-03	3.240112e+00	3.240132e+00	3.240126e+00
4.389524994354072e-03	3.240136e+00	3.240115e+00	3.240120e+00
4.399524994354072e-03	3.240112e+00	3.240132e+00	3.240126e+00
4.409524994354072e-03	3.240136e+00	3.240115e+00	3.240120e+00
4.419524994354071e-03	3.240112e+00	3.240132e+00	3.240126e+00
4.429524994354072e-03	3.240136e+00	3.240115e+00	3.240120e+00
4.439524994354072e-03	3.240112e+00	3.240132e+00	3.240126e+00
4.449524994354072e-03	3.240136e+00	3.240115e+00	3.240120e+00
4.459524994354072e-03	3.240112e+00	3.240132e+00	3.240126e+00
4.469524994354072e-03	3.240136e+00	3.240115e+00	3.240120e+00
4.479524994354072e-03	3.240112e+00	3.240132e+00	3.240126e+00
4.489524994354072e-03	3.240136e+00	3.240115e+00	3.240120e+00
4.499524994354072e-03	3.240112e+00	3.240132e+00	3.240126e+00
4.509524994354072e-03	3.240136e+00	3.240115e+00	3.240120e+00
4.519524994354072e-03	3.240112e+00	3.240132e+00	3.240126e+00
4.529524994354072e-03	3.240136e+00	3.240115e+00	3.240120e+00
4.539524994354072e-03	3.240112e+00	3.240132e+00	3.240126e+00
4.549524994354072e-03	3.240136e+00	3.240115e+00	3.240120e+00
4.559524994354072e-03	3.240112e+00	3.240132e+00	3.240126e+00
4.569524994354071e-03	3.240136e+00	3.240115e+00	3.240120e+00
4.579524994354072e-03	3.240112e+00	3.240132e+00	3.240126e+00
4.589524994354072e-03	3.240136e+00	3.240115e+00	3.240120e+00
4.599524994354072e-03	3.240112e+00	3.240132e+00	3.240126e+00
4.609524994354072e-03	3.240136e+00	3.240115e+00	3.240120e+00
4.619524994354072e-03	3.240112e+00	3.240132e+00	3.240126e+00
4.629524994354072e-03	3.240136e+00	3.240115e+00	3.240120e+00
4.639524994354072e-03	3.240112e+00	3.240132e+00	3.240126e+00
4.649524994354072e-03	3.240136e+00	3.240115e+00	3.240120e+00
4.659524994354072e-03	3.240112e+00	3.240132e+00	3.240126e+00
4.669524994354072e-03	3.240136e+00	3.240115e+00	3.240120e+00
4.679524994354072e-03	3.240112e+00	3.240132e+00	3.240126e+00
4.689524994354072e-03	3.240136e+00	3.240115e+00	3.240120e+00
4.699524994354072e-03	3.240112e+00	3.240132e+00	3.240126e+00
4.709524994354072e-03	3.240136e+00	3.240115e+00	3.240120e+00
4.719524994354072e-03	3.240112e+00	3.240132e+00	3.240126e+00
4.729524994354072e-03	3.240136e+00	3.240115e+00	3.240120e+00
4.739524994354071e-03	3.240112e+00	3.240132e+00	3.240126e+00
4.749524994354072e-03	3.240136e+00	3.240115e+00	3.240120e+00
4.759524994354072e-03	3.240112e+00	3.240132e+00	3.240126e+00
4.769524994354072e-03	3.240136e+00	3.240115e+00	3.240120e+00
4.779524994354072e-03	3.240112e+00	3.240132e+00	3.240127e+00
4.789524994354072e-03	3.240136e+00	3.240115e+00	3.240120e+00
4.799524994354072e-03	3.240112e+00	3.240132e+00	3.240127e+00
4.809524994354072e-03	3.240136e+00	3.240115e+00	3.240120e+00
4.819524994354072e-03	3.240112e+00	3.240132e+00	3.240127e+00
4.829524994354072e-03	3.240136e+00	3.240115e+00	3.240120e+00
4.839524994354072e-03	3.240112e+00	3.240132e+00	3.240127e+00
4.849524994354072e-03	3.240136e+00	3.240115e+00	3.240120e+00
4.859524994354072e-03	3.240112e+00	3.240132e+00	3.240127e+00
4.869524994354072e-03	3.240136e+00	3.240115e+00	3.240120e+00
4.879524994354072e-03	3.240112e+00	3.240132e+00	3.240127e+00
4.889524994354071e-03	3.240136e+00	3.240115e+00	3.240120e+00
4.899524994354072e-03	3.240112e+00	3.240132e+00	3.240127e+00
4.909524994354071e-03	3.240136e+00	3.240115e+00	3.240120e+00
4.919524994354072e-03	3.240112e+00	3.240132e+00	3.240127e+00
4.929524994354072e-03	3.240136e+00	3.240115e+00	3.240120e+00
4.939524994354072e-03	3.240112e+00	3.240132e+00	3.240127e+00
4.949524994354072e-03	3.240136e+00	3.240115e+00	3.240120e+00
4.959524994354072e-03	3.240112e+00	3.240132e+00	3.240127e+00
4.969524994354072e-03	3.240136e+00	3.240115e+00	3.240120e+00
4.979524994354072e-03	3.240112e+00	3.240132e+00	3.240127e+00
4.989524994354072e-03	3.240136e+00	3.240115e+00	3.240120e+00
4.999524994354072e-03	3.240112e+00	3.240132e+00	3.240127e+00
5.009524994354072e-03	3.240136e+00	3.240115e+00	3.240120e+00
5.019524994354072e-03	3.240112e+00	3.240132e+00	3.240127e+00
5.029524994354072e-03	3.240136e+00	3.240115e+00	3.240120e+00
5.039524994354072e-03	3.240112e+00	3.240132e+00	3.240127e+00
5.049524994354072e-03	3.240136e+00	3.240115e+00	3.240120e+00
5.059524994354071e-03	3.240112e+00	3.240132e+00	3.240127e+00
5.069524994354072e-03	3.240136e+00	3.240115e+00	3.240120e+00
5.079524994354071e-03	3.240112e+00	3.240132e+00	3.240127e+00
5.089524994354072e-03	3.240136e+00	3.240115e+00	3.240120e+00
5.099524994354072e-03	3.240113e+00	3.240132e+00	3.240126e+00
5.109524994354072e-03	3.240136e+00	3.240115e+00	3.240120e+00
5.119524994354072e-03	3.240113e+00	3.240132e+00	3.240126e+00
5.129524994354072e-03	3.240136e+00	3.240115e+00	3.240120e+00
5.139524994354072e-03	3.240113e+00	3.240132e+00	3.240126e+00
5.149524994354072e-03	3.240136e+00	3.240115e+00	3.240120e+00
5.159524994354072e-03	3.240113e+00	3.240132e+00	3.240126e+00
5.169524994354072e-03	3.240136e+00	3.240115e+00	3.240120e+00
5.179524994354072e-03	3.240113e+00	3.240132e+00	3.240126e+00
5.189524994354072e-03	3.240136e+00	3.240115e+00	3.240120e+00
5.199524994354072e-03	3.240113e+00	3.240132e+00	3.240126e+00
5.209524994354071e-03	3.240136e+00	3.240115e+00	3.240120e+00
5.219524994354072e-03	3.240113e+00	3.240132e+00	3.240126e+00
5.229524994354071e-03	3.240136e+00	3.240115e+00	3.240120e+00
5.239524994354072e-03	3.240113e+00	3.240132e+00	3.240126e+00
5.249524994354072e-03	3.240136e+00	3.240115e+00	3.240120e+00
5.259524994354072e-03	3.240113e+00	3.240132e+00	3.240126e+00
5.269524994354072e-03	3.240136e+00	3.240115e+00	3.240120e+00
5.279524994354072e-03	3.240113e+00	3.240132e+00	3.240126e+00
5.289524994354072e-03	3.240136e+00	3.240115e+00	3.240120e+00
5.299524994354072e-03	3.240113e+00	3.240132e+00	3.240126e+00
5.309524994354072e-03	3.240136e+00	3.240115e+00	3.240120e+00
5.319524994354072e-03	3.240113e+00	3.240132e+00	3.240126e+00
5.329524994354072e-03	3.240136e+00	3.240115e+00	3.240120e+00
5.339524994354072e-03	3.240113e+00	3.240132e+00	3.240126e+00
5.349524994354072e-03	3.240136e+00	3.240115e+00	3.240120e+00
5.359524994354072e-03	3.240113e+00	3.240132e+00	3.240126e+00
5.369524994354072e-03	3.240136e+00	3.240115e+00	3.240120e+00
5.379524994354071e-03	3.240113e+00	3.240132e+00	3.240126e+00
5.389524994354072e-03	3.240136e+00	3.240115e+00	3.240120e+00
5.399524994354071e-03	3.240113e+00	3.240132e+00	3.240126e+00
5.409524994354072e-03	3.240136e+00	3.240115e+00	3.240120e+00
5.419524994354072e-03	3.240113e+00	3.240132e+00	3.240126e+00
5.429524994354072e-03	3.240136e+00	3.240115e+00	3.240120e+00
5.439524994354072e-03	3.240113e+00	3.240132e+00	3.240126e+00
5.449524994354072e-03	3.240136e+00	3.240115e+00	3.240120e+00
5.459524994354072e-03	3.240113e+00	3.240132e+00	3.240126e+00
5.469524994354072e-03	3.240136e+00	3.240115e+00	3.240120e+00
5.479524994354072e-03	3.240113e+00	3.240132e+00	3.240126e+00
5.489524994354072e-03	3.240136e+00	3.240115e+00	3.240120e+00
5.499524994354072e-03	3.240113e+00	3.240132e+00	3.240126e+00
5.509524994354072e-03	3.240136e+00	3.240115e+00	3.240120e+00
5.519524994354072e-03	3.240113e+00	3.240132e+00	3.240126e+00
5.529524994354071e-03	3.240136e+00	3.240115e+00	3.240120e+00
5.539524994354072e-03	3.240113e+00	3.240132e+00	3.240126e+00
5.549524994354071e-03	3.240136e+00	3.240115e+00	3.240120e+00
5.559524994354072e-03	3.240113e+00	3.240132e+00	3.240126e+00
5.569524994354071e-03	3.240136e+00	3.240115e+00	3.240120e+00
5.579524994354072e-03	3.240113e+00	3.240132e+00	3.240126e+00
5.589524994354072e-03	3.240136e+00	3.240115e+00	3.240120e+00
5.599524994354072e-03	3.240113e+00	3.240132e+00	3.240126e+00
5.609524994354072e-03	3.240136e+00	3.240115e+00	3.240120e+00
5.619524994354072e-03	3.240113e+00	3.240132e+00	3.240126e+00
5.629524994354072e-03	3.240136e+00	3.240115e+00	3.240120e+00
5.639524994354072e-03	3.240113e+00	3.240132e+00	3.240126e+00
5.649524994354072e-03	3.240136e+00	3.240115e+00	3.240120e+00
5.659524994354072e-03	3.240113e+00	3.240132e+00	3.240126e+00
5.669524994354072e-03	3.240136e+00	3.240115e+00	3.240120e+00
5.679524994354072e-03	3.240113e+00	3.240132e+00	3.240126e+00
5.689524994354072e-03	3.240136e+00	3.240115e+00	3.240120e+00
5.699524994354071e-03	3.240113e+00	3.240132e+00	3.240126e+00
5.709524994354072e-03	3.240136e+00	3.240115e+00	3.240120e+00
5.719524994354071e-03	3.240113e+00	3.240132e+00	3.240126e+00
5.729524994354072e-03	3.240136e+00	3.240115e+00	3.240120e+00
5.739524994354071e-03	3.240113e+00	3.240132e+00	3.240126e+00
5.749524994354072e-03	3.240136e+00	3.240115e+00	3.240120e+00
5.759524994354072e-03	3.240113e+00	3.240132e+00	3.240126e+00
5.769524994354072e-03	3.240136e+00	3.240115e+00	3.240120e+00
5.779524994354072e-03	3.240113e+00	3.240132e+00	3.240126e+00
5.789524994354072e-03	3.240136e+00	3.240115e+00	3.240120e+00
5.799524994354072e-03	3.240113e+00	3.240132e+00	3.240126e+00
5.809524994354072e-03	3.240136e+00	3.240115e+00	3.240120e+00
5.819524994354072e-03	3.240113e+00	3.240132e+00	3.240126e+00
5.829524994354072e-03	3.240136e+00	3.240115e+00	3.240120e+00
5.839524994354072e-03	3.240113e+00	3.240132e+00	3.240126e+00
5.849524994354071e-03	3.240136e+00	3.240115e+00	3.240120e+00
5.859524994354072e-03	3.240113e+00	3.240132e+00	3.240126e+00
5.869524994354071e-03	3.240136e+00	3.240115e+00	3.240120e+00
5.879524994354072e-03	3.240113e+00	3.240132e+00	3.240126e+00
5.889524994354071e-03	3.240136e+00	3.240115e+00	3.240120e+00
5.899524994354072e-03	3.240113e+00	3.240132e+00	3.240126e+00
5.909524994354072e-03	3.240136e+00	3.240115e+00	3.240120e+00
5.919524994354072e-03	3.240113e+00	3.240132e+00	3.240126e+00
5.929524994354072e-03	3.240136e+00	3.240115e+00	3.240120e+00
5.939524994354072e-03	3.240113e+00	3.240132e+00	3.240126e+00
5.949524994354072e-03	3.240136e+00	3.240115e+00	3.240120e+00
5.959524994354072e-03	3.240113e+00	3.240132e+00	3.240126e+00
5.969524994354072e-03	3.240136e+00	3.240115e+00	3.240120e+00
5.979524994354072e-03	3.240113e+00	3.240132e+00	3.240126e+00
5.989524994354072e-03	3.240136e+00	3.240115e+00	3.240120e+00
5.999524994354072e-03	3.240113e+00	3.240132e+00	3.240126e+00
6.009524994354072e-03	3.240136e+00	3.240115e+00	3.240120e+00
6.019524994354071e-03	3.240113e+00	3.240132e+00	3.240126e+00
6.029524994354072e-03	3.240136e+00	3.240115e+00	3.240120e+00
6.039524994354071e-03	3.240113e+00	3.240132e+00	3.240126e+00
6.049524994354072e-03	3.240136e+00	3.240115e+00	3.240120e+00
6.059524994354071e-03	3.240113e+00	3.240132e+00	3.240126e+00
6.069524994354072e-03	3.240136e+00	3.240115e+00	3.240120e+00
6.079524994354072e-03	3.240113e+00	3.240132e+00	3.240126e+00
6.089524994354072e-03	3.240136e+00	3.240115e+00	3.240120e+00
6.099524994354072e-03	3.240113e+00	3.240132e+00	3.240126e+00
6.109524994354072e-03	3.240136e+00	3.240115e+00	3.240120e+00
6.119524994354072e-03	3.240113e+00	3.240132e+00	3.240126e+00
6.129524994354072e-03	3.240136e+00	3.240115e+00	3.240120e+00
6.139524994354072e-03	3.240113e+00	3.240132e+00	3.240126e+00
6.149524994354072e-03	3.240136e+00	3.240115e+00	3.240120e+00
6.159524994354072e-03	3.240113e+00	3.240132e+00	3.240126e+00
6.169524994354071e-03	3.240136e+00	3.240115e+00	3.240120e+00
6.179524994354072e-03	3.240113e+00	3.240132e+00	3.240126e+00
6.189524994354071e-03	3.240136e+00	3.240115e+00	3.240120e+00
6.199524994354072e-03	3.240113e+00	3.240132e+00	3.240126e+00
6.209524994354071e-03	3.240136e+00	3.240115e+00	3.240120e+00
6.219524994354072e-03	3.240113e+00	3.240132e+00	3.240126e+00
6.229524994354071e-03	3.240136e+00	3.240115e+00	3.240120e+00
6.239524994354072e-03	3.240113e+00	3.240132e+00	3.240126e+00
6.249524994354072e-03	3.240136e+00	3.240115e+00	3.240120e+00
6.259524994354072e-03	3.240113e+00	3.240132e+00	3.240126e+00
6.269524994354072e-03	3.240135e+00	3.240115e+00	3.240120e+00
6.279524994354072e-03	3.240113e+00	3.240132e+00	3.240126e+00
6.289524994354072e-03	3.240135e+00	3.240115e+00	3.240120e+00
6.299524994354072e-03	3.240113e+00	3.240131e+00	3.240126e+00
6.309524994354072e-03	3.240135e+00	3.240115e+00	3.240120e+00
6.319524994354072e-03	3.240113e+00	3.240131e+00	3.240126e+00
6.329524994354072e-03	3.240135e+00	3.240115e+00	3.240120e+00
6.339524994354071e-03	3.240113e+00	3.240131e+00	3.240126e+00
6.349524994354072e-03	3.240135e+00	3.240115e+00	3.240120e+00
6.359524994354071e-03	3.240113e+00	3.240131e+00	3.240126e+00
6.369524994354072e-03	3.240135e+00	3.240115e+00	3.240120e+00
6.379524994354071e-03	3.240113e+00	3.240131e+00	3.240126e+00
6.389524994354072e-03	3.240135e+00	3.240115e+00	3.240120e+00
6.399524994354071e-03	3.240113e+00	3.240131e+00	3.240126e+00
6.409524994354072e-03	3.240135e+00	3.240115e+00	3.240120e+00
6.419524994354072e-03	3.240113e+00	3.240131e+00	3.240126e+00
6.429524994354072e-03	3.240135e+00	3.240115e+00	3.240120e+00
6.439524994354072e-03	3.240113e+00	3.240131e+00	3.240126e+00
6.449524994354072e-03	3.240135e+00	3.240115e+00	3.240120e+00
6.459524994354072e-03	3.240113e+00	3.240131e+00	3.240126e+00
6.469524994354072e-03	3.240135e+00	3.240115e+00	3.240120e+00
6.479524994354072e-03	3.240113e+00	3.240131e+00	3.240126e+00
6.489524994354071e-03	3.240135e+00	3.240115e+00	3.240120e+00
6.499524994354072e-03	3.240113e+00	3.240131e+00	3.240126e+00
6.509524994354071e-03	3.240135e+00	3.240115e+00	3.240120e+00
6.519524994354072e-03	3.240113e+00	3.240131e+00	3.240126e+00
6.529524994354071e-03	3.240135e+00	3.240115e+00	3.240120e+00
6.539524994354072e-03	3.240113e+00	3.240131e+00	3.240126e+00
6.549524994354071e-03	3.240135e+00	3.240115e+00	3.240120e+00
6.559524994354072e-03	3.240113e+00	3.240131e+00	3.240126e+00
6.569524994354072e-03	3.240135e+00	3.240115e+00	3.240120e+00
6.579524994354072e-03	3.240113e+00	3.240131e+00	3.240126e+00
6.589524994354072e-03	3.240135e+00	3.240115e+00	3.240120e+00
6.599524994354072e-03	3.240113e+00	3.240131e+00	3.240126e+00
6.609524994354072e-03	3.240135e+00	3.240115e+00	3.240120e+00
6.619524994354072e-03	3.240113e+00	3.240131e+00	3.240126e+00
6.629524994354072e-03	3.240135e+00	3.240115e+00	3.240120e+00
6.639524994354072e-03	3.240113e+00	3.240131e+00	3.240126e+00
6.649524994354072e-03	3.240135e+00	3.240115e+00	3.240120e+00
6.659524994354071e-03	3.240113e+00	3.240131e+00	3.240126e+00
6.669524994354072e-03	3.240135e+00	3.240115e+00	3.240120e+00
6.679524994354071e-03	3.240113e+00	3.240131e+00	3.240126e+00
6.689524994354072e-03	3.240135e+00	3.240115e+00	3.240120e+00
6.699524994354071e-03	3.240113e+00	3.240131e+00	3.240126e+00
6.709524994354072e-03	3.240135e+00	3.240115e+00	3.240120e+00
6.719524994354071e-03	3.240113e+00	3.240131e+00	3.240126e+00
6.729524994354072e-03	3.240135e+00	3.240115e+00	3.240120e+00
6.739524994354072e-03	3.240113e+00	3.240131e+00	3.240126e+00
6.749524994354072e-03	3.240135e+00	3.240115e+00	3.240120e+00
6.759524994354072e-03	3.240113e+00	3.240131e+00	3.240126e+00
6.769524994354072e-03	3.240135e+00	3.240115e+00	3.240120e+00
6.779524994354072e-03	3.240113e+00	3.240131e+00	3.240126e+00
6.789524994354072e-03	3.240135e+00	3.240115e+00	3.240120e+00
6.799524994354072e-03	3.240113e+00	3.240131e+00	3.240126e+00
6.809524994354071e-03	3.240135e+00	3.240115e+00	3.240120e+00
6.819524994354072e-03	3.240113e+00	3.240131e+00	3.240126e+00
6.829524994354071e-03	3.240135e+00	3.240115e+00	3.240120e+00
6.839524994354072e-03	3.240113e+00	3.240131e+00	3.240126e+00
6.849524994354071e-03	3.240135e+00	3.240115e+00	3.240120e+00
6.859524994354072e-03	3.240113e+00	3.240131e+00	3.240126e+00
6.869524994354071e-03	3.240135e+00	3.240115e+00	3.240120e+00
6.879524994354072e-03	3.240113e+00	3.240131e+00	3.240126e+00
6.889524994354071e-03	3.240135e+00	3.240115e+00	3.240120e+00
6.899524994354072e-03	3.240113e+00	3.240131e+00	3.240126e+00
6.909524994354072e-03	3.240135e+00	3.240115e+00	3.240120e+00
6.919524994354072e-03	3.240113e+00	3.240131e+00	3.240126e+00
6.929524994354072e-03	3.240135e+00	3.240115e+00	3.240120e+00
6.939524994354072e-03	3.240113e+00	3.240131e+00	3.240126e+00
6.949524994354072e-03	3.240135e+00	3.240115e+00	3.240120e+00
6.959524994354072e-03	3.240113e+00	3.240131e+00	3.240126e+00
6.969524994354072e-03	3.240135e+00	3.240115e+00	3.240120e+00
6.979524994354071e-03	3.240113e+00	3.240131e+00	3.240126e+00
6.989524994354072e-03	3.240135e+00	3.240115e+00	3.240120e+00
6.999524994354071e-03	3.240113e+00	3.240131e+00	3.240126e+00
7.009524994354072e-03	3.240135e+00	3.240115e+00	3.240120e+00
7.019524994354071e-03	3.240113e+00	3.240131e+00	3.240126e+00
7.029524994354072e-03	3.240135e+00	3.240115e+00	3.240120e+00
7.039524994354071e-03	3.240113e+00	3.240131e+00	3.240126e+00
7.049524994354072e-03	3.240135e+00	3.240115e+00	3.240120e+00
7.059524994354071e-03	3.240113e+00	3.240131e+00	3.240126e+00
7.069524994354072e-03	3.240135e+00	3.240115e+00	3.240120e+00
7.079524994354072e-03	3.240113e+00	3.240131e+00	3.240126e+00
7.089524994354072e-03	3.240135e+00	3.240115e+00	3.240120e+00
7.099524994354072e-03	3.240113e+00	3.240131e+00	3.240126e+00
7.109524994354072e-03	3.240135e+00	3.240115e+00	3.240120e+00
7.119524994354072e-03	3.240113e+00	3.240131e+00	3.240126e+00
7.129524994354071e-03	3.240135e+00	3.240115e+00	3.240120e+00
7.139524994354072e-03	3.240113e+00	3.240131e+00	3.240126e+00
7.149524994354071e-03	3.240135e+00	3.240115e+00	3.240120e+00
7.159524994354072e-03	3.240113e+00	3.240131e+00	3.240126e+00
7.169524994354071e-03	3.240136e+00	3.240115e+00	3.240120e+00
7.179524994354072e-03	3.240113e+00	3.240131e+00	3.240126e+00
7.189524994354071e-03	3.240136e+00	3.240115e+00	3.240120e+00
7.199524994354072e-03	3.240113e+00	3.240131e+00	3.240126e+00
7.209524994354071e-03	3.240136e+00	3.240115e+00	3.240120e+00
7.219524994354072e-03	3.240113e+00	3.240131e+00	3.240126e+00
7.229524994354071e-03	3.240136e+00	3.240115e+00	3.240120e+00
7.239524994354072e-03	3.240113e+00	3.240131e+00	3.240126e+00
7.249524994354072e-03	3.240136e+00	3.240115e+00	3.240120e+00
7.259524994354072e-03	3.240113e+00	3.240131e+00	3.240126e+00
7.269524994354072e-03	3.240136e+00	3.240115e+00	3.240120e+00
7.279524994354072e-03	3.240113e+00	3.240131e+00	3.240126e+00
7.289524994354072e-03	3.240136e+00	3.240115e+00	3.240120e+00
7.299524994354071e-03	3.240113e+00	3.240131e+00	3.240126e+00
7.309524994354072e-03	3.240136e+00	3.240115e+00	3.240120e+00
7.319524994354071e-03	3.240113e+00	3.240131e+00	3.240126e+00
7.329524994354072e-03	3.240136e+00	3.240115e+00	3.240120e+00
7.339524994354071e-03	3.240113e+00	3.240131e+00	3.240126e+00
7.349524994354072e-03	3.240136e+00	3.240115e+00	3.240120e+00
7.359524994354071e-03	3.240113e+00	3.240131e+00	3.240126e+00
7.369524994354072e-03	3.240136e+00	3.240115e+00	3.240120e+00
7.379524994354071e-03	3.240113e+00	3.240131e+00	3.240126e+00
7.389524994354072e-03	3.240136e+00	3.240115e+00	3.240120e+00
7.399524994354072e-03	3.240113e+00	3.240131e+00	3.240126e+00
7.409524994354072e-03	3.240136e+00	3.240115e+00	3.240120e+00
7.419524994354072e-03	3.240113e+00	3.240131e+00	3.240126e+00
7.429524994354072e-03	3.240136e+00	3.240115e+00	3.240120e+00
7.439524994354072e-03	3.240113e+00	3.240131e+00	3.240126e+00
7.449524994354071e-03	3.240136e+00	3.240115e+00	3.240120e+00
7.459524994354072e-03	3.240113e+00	3.240131e+00	3.240126e+00
7.469524994354071e-03	3.240136e+00	3.240115e+00	3.240120e+00
7.479524994354072e-03	3.240113e+00	3.240131e+00	3.240126e+00
7.489524994354071e-03	3.240136e+00	3.240115e+00	3.240120e+00
7.499524994354072e-03	3.240113e+00	3.240131e+00	3.240126e+00
7.509524994354071e-03	3.240136e+00	3.240115e+00	3.240120e+00
7.519524994354072e-03	3.240113e+00	3.240131e+00	3.240126e+00
7.529524994354071e-03	3.240136e+00	3.240115e+00	3.240120e+00
7.539524994354072e-03	3.240113e+00	3.240131e+00	3.240126e+00
7.549524994354071e-03	3.240136e+00	3.240115e+00	3.240120e+00
7.559524994354072e-03	3.240113e+00	3.240131e+00	3.240126e+00
7.569524994354072e-03	3.240136e+00	3.240115e+00	3.240120e+00
7.579524994354072e-03	3.240113e+00	3.240131e+00	3.240126e+00
7.589524994354072e-03	3.240136e+00	3.240115e+00	3.240120e+00
7.599524994354072e-03	3.240113e+00	3.240131e+00	3.240126e+00
7.609524994354072e-03	3.240136e+00	3.240115e+00	3.240120e+00
7.619524994354071e-03	3.240113e+00	3.240131e+00	3.240126e+00
7.629524994354072e-03	3.240136e+00	3.240115e+00	3.240120e+00
7.639524994354071e-03	3.240113e+00	3.240131e+00	3.240126e+00
7.649524994354072e-03	3.240136e+00	3.240115e+00	3.240120e+00
7.659524994354071e-03	3.240113e+00	3.240131e+00	3.240126e+00
7.669524994354072e-03	3.240136e+00	3.240115e+00	3.240120e+00
7.679524994354071e-03	3.240113e+00	3.240131e+00	3.240126e+00
7.689524994354072e-03	3.240136e+00	3.240115e+00	3.240120e+00
7.699524994354071e-03	3.240113e+00	3.240131e+00	3.240126e+00
7.709524994354072e-03	3.240136e+00	3.240115e+00	3.240120e+00
7.719524994354071e-03	3.240113e+00	3.240131e+00	3.240126e+00
7.729524994354072e-03	3.240136e+00	3.240115e+00	3.240120e+00
7.739524994354072e-03	3.240113e+00	3.240131e+00	3.240126e+00
7.749524994354072e-03	3.240136e+00	3.240115e+00	3.240120e+00
7.759524994354072e-03	3.240113e+00	3.240131e+00	3.240126e+00
7.769524994354071e-03	3.240136e+00	3.240115e+00	3.240120e+00
7.779524994354072e-03	3.240113e+00	3.240131e+00	3.240126e+00
7.789524994354071e-03	3.240136e+00	3.240115e+00	3.240120e+00
7.799524994354072e-03	3.240113e+00	3.240131e+00	3.240126e+00
7.809524994354071e-03	3.240136e+00	3.240115e+00	3.240120e+00
7.819524994354071e-03	3.240113e+00	3.240131e+00	3.240126e+00
7.829524994354072e-03	3.240136e+00	3.240115e+00	3.240120e+00
7.839524994354072e-03	3.240113e+00	3.240131e+00	3.240126e+00
7.849524994354071e-03	3.240136e+00	3.240115e+00	3.240120e+00
7.859524994354071e-03	3.240113e+00	3.240131e+00	3.240126e+00
7.869524994354072e-03	3.240136e+00	3.240115e+00	3.240120e+00
7.879524994354072e-03	3.240113e+00	3.240131e+00	3.240126e+00
7.889524994354071e-03	3.240136e+00	3.240115e+00	3.240120e+00
7.899524994354071e-03	3.240113e+00	3.240131e+00	3.240126e+00
7.909524994354072e-03	3.240136e+00	3.240115e+00	3.240120e+00
7.919524994354072e-03	3.240113e+00	3.240131e+00	3.240126e+00
7.929524994354072e-03	3.240136e+00	3.240115e+00	3.240120e+00
7.939524994354071e-03	3.240113e+00	3.240131e+00	3.240126e+00
7.949524994354071e-03	3.240136e+00	3.240115e+00	3.240120e+00
7.959524994354072e-03	3.240113e+00	3.240131e+00	3.240126e+00
7.969524994354072e-03	3.240136e+00	3.240115e+00	3.240120e+00
7.979524994354071e-03	3.240113e+00	3.240131e+00	3.240126e+00
7.989524994354071e-03	3.240136e+00	3.240115e+00	3.240120e+00
7.999524994354072e-03	3.240113e+00	3.240131e+00	3.240126e+00
8.009524994354072e-03	3.240136e+00	3.240115e+00	3.240120e+00
8.019524994354071e-03	3.240113e+00	3.240131e+00	3.240126e+00
8.029524994354071e-03	3.240136e+00	3.240115e+00	3.240120e+00
8.039524994354072e-03	3.240113e+00	3.240131e+00	3.240126e+00
8.049524994354072e-03	3.240136e+00	3.240115e+00	3.240120e+00
8.059524994354072e-03	3.240113e+00	3.240131e+00	3.240126e+00
8.069524994354071e-03	3.240136e+00	3.240115e+00	3.240120e+00
8.079524994354072e-03	3.240113e+00	3.240131e+00	3.240126e+00
8.089524994354072e-03	3.240136e+00	3.240115e+00	3.240120e+00
8.099524994354072e-03	3.240113e+00	3.240131e+00	3.240126e+00
8.109524994354071e-03	3.240136e+00	3.240115e+00	3.240120e+00
8.119524994354071e-03	3.240113e+00	3.240131e+00	3.240126e+00
8.129524994354072e-03	3.240136e+00	3.240115e+00	3.240120e+00
8.139524994354072e-03	3.240113e+00	3.240131e+00	3.240126e+00
8.149524994354071e-03	3.240136e+00	3.240115e+00	3.240120e+00
8.159524994354071e-03	3.240113e+00	3.240131e+00	3.240126e+00
8.169524994354072e-03	3.240136e+00	3.240115e+00	3.240120e+00
8.179524994354072e-03	3.240113e+00	3.240131e+00	3.240126e+00
8.189524994354071e-03	3.240136e+00	3.240115e+00	3.240120e+00
8.199524994354071e-03	3.240113e+00	3.240131e+00	3.240126e+00
8.209524994354072e-03	3.240136e+00	3.240115e+00	3.240120e+00
8.219524994354072e-03	3.240113e+00	3.240131e+00	3.240126e+00
8.229524994354072e-03	3.240136e+00	3.240115e+00	3.240120e+00
8.239524994354071e-03	3.240113e+00	3.240131e+00	3.240126e+00
8.249524994354071e-03	3.240136e+00	3.240115e+00	3.240120e+00
8.259524994354072e-03	3.240113e+00	3.240131e+00	3.240126e+00
8.269524994354072e-03	3.240136e+00	3.240115e+00	3.240120e+00
8.279524994354071e-03	3.240113e+00	3.240131e+00	3.240126e+00
8.289524994354071e-03	3.240136e+00	3.240115e+00	3.240120e+00
8.299524994354072e-03	3.240113e+00	3.240131e+00	3.240126e+00
8.309524994354072e-03	3.240136e+00	3.240115e+00	3.240120e+00
8.319524994354071e-03	3.240113e+00	3.240131e+00	3.240126e+00
8.329524994354071e-03	3.240136e+00	3.240115e+00	3.240120e+00
8.339524994354072e-03	3.240113e+00	3.240131e+00	3.240126e+00
8.349524994354072e-03	3.240136e+00	3.240115e+00	3.240120e+00
8.359524994354071e-03	3.240113e+00	3.240131e+00	3.240126e+00
8.369524994354071e-03	3.240136e+00	3.240115e+00	3.240120e+00
8.379524994354072e-03	3.240113e+00	3.240131e+00	3.240126e+00
8.389524994354072e-03	3.240136e+00	3.240115e+00	3.240120e+00
8.399524994354072e-03	3.240113e+00	3.240131e+00	3.240126e+00
8.409524994354071e-03	3.240136e+00	3.240115e+00	3.240120e+00
8.419524994354071e-03	3.240113e+00	3.240131e+00	3.240126e+00
8.429524994354072e-03	3.240136e+00	3.240115e+00	3.240120e+00
8.439524994354072e-03	3.240113e+00	3.240131e+00	3.240126e+00
8.449524994354071e-03	3.240136e+00	3.240115e+00	3.240120e+00
8.459524994354071e-03	3.240113e+00	3.240131e+00	3.240126e+00
8.469524994354072e-03	3.240136e+00	3.240115e+00	3.240120e+00
8.479524994354072e-03	3.240113e+00	3.240131e+00	3.240126e+00
8.489524994354071e-03	3.240136e+00	3.240115e+00	3.240120e+00
8.499524994354071e-03	3.240113e+00	3.240131e+00	3.240126e+00
8.509524994354072e-03	3.240136e+00	3.240115e+00	3.240120e+00
8.519524994354072e-03	3.240113e+00	3.240131e+00	3.240126e+00
8.529524994354071e-03	3.240136e+00	3.240115e+00	3.240120e+00
8.539524994354071e-03	3.240113e+00	3.240131e+00	3.240126e+00
8.549524994354072e-03	3.240136e+00	3.240115e+00	3.240120e+00
8.559524994354072e-03	3.240113e+00	3.240131e+00	3.240126e+00
8.569524994354072e-03	3.240136e+00	3.240115e+00	3.240120e+00
8.579524994354071e-03	3.240113e+00	3.240131e+00	3.240126e+00
8.589524994354071e-03	3.240136e+00	3.240115e+00	3.240120e+00
8.599524994354072e-03	3.240113e+00	3.240131e+00	3.240126e+00
8.609524994354072e-03	3.240136e+00	3.240115e+00	3.240120e+00
8.619524994354071e-03	3.240113e+00	3.240131e+00	3.240126e+00
8.629524994354071e-03	3.240136e+00	3.240115e+00	3.240120e+00
8.639524994354072e-03	3.240113e+00	3.240131e+00	3.240126e+00
8.649524994354072e-03	3.240136e+00	3.240115e+00	3.240120e+00
8.659524994354071e-03	3.240113e+00	3.240131e+00	3.240126e+00
8.669524994354071e-03	3.240136e+00	3.240115e+00	3.240120e+00
8.679524994354072e-03	3.240113e+00	3.240131e+00	3.240126e+00
8.689524994354072e-03	3.240136e+00	3.240115e+00	3.240120e+00
8.699524994354071e-03	3.240113e+00	3.240131e+00	3.240126e+00
8.709524994354071e-03	3.240136e+00	3.240115e+00	3.240120e+00
8.719524994354072e-03	3.240113e+00	3.240131e+00	3.240126e+00
8.729524994354072e-03	3.240136e+00	3.240115e+00	3.240120e+00
8.739524994354072e-03	3.240113e+00	3.240131e+00	3.240126e+00
8.749524994354071e-03	3.240136e+00	3.240115e+00	3.240120e+00
8.759524994354071e-03	3.240113e+00	3.240131e+00	3.240126e+00
8.769524994354072e-03	3.240136e+00	3.240115e+00	3.240120e+00
8.779524994354072e-03	3.240113e+00	3.240131e+00	3.240126e+00
8.789524994354071e-03	3.240136e+00	3.240115e+00	3.240120e+00
8.799524994354071e-03	3.240113e+00	3.240131e+00	3.240126e+00
8.809524994354072e-03	3.240136e+00	3.240115e+00	3.240120e+00
8.819524994354072e-03	3.240113e+00	3.240131e+00	3.240126e+00
8.829524994354071e-03	3.240136e+00	3.240115e+00	3.240120e+00
8.839524994354071e-03	3.240113e+00	3.240131e+00	3.240126e+00
8.849524994354072e-03	3.240136e+00	3.240115e+00	3.240120e+00
8.859524994354072e-03	3.240113e+00	3.240131e+00	3.240126e+00
8.869524994354071e-03	3.240136e+00	3.240115e+00	3.240120e+00
8.879524994354071e-03	3.240113e+00	3.240131e+00	3.240126e+00
8.889524994354071e-03	3.240136e+00	3.240115e+00	3.240120e+00
8.899524994354072e-03	3.240113e+00	3.240131e+00	3.240126e+00
8.909524994354072e-03	3.240136e+00	3.240115e+00	3.240120e+00
8.919524994354071e-03	3.240113e+00	3.240131e+00	3.240126e+00
8.929524994354071e-03	3.240136e+00	3.240115e+00	3.240120e+00
8.939524994354072e-03	3.240113e+00	3.240131e+00	3.240126e+00
8.949524994354072e-03	3.240136e+00	3.240115e+00	3.240120e+00
8.959524994354071e-03	3.240113e+00	3.240131e+00	3.240126e+00
8.969524994354071e-03	3.240136e+00	3.240115e+00	3.240120e+00
8.979524994354072e-03	3.240113e+00	3.240131e+00	3.240126e+00
8.989524994354072e-03	3.240136e+00	3.240115e+00	3.240120e+00
8.999524994354071e-03	3.240113e+00	3.240131e+00	3.240126e+00
9.009524994354071e-03	3.240136e+00	3.240115e+00	3.240120e+00
9.019524994354072e-03	3.240113e+00	3.240131e+00	3.240126e+00
9.029524994354072e-03	3.240136e+00	3.240115e+00	3.240120e+00
9.039524994354071e-03	3.240113e+00	3.240131e+00	3.240126e+00
9.049524994354071e-03	3.240136e+00	3.240115e+00	3.240120e+00
9.059524994354071e-03	3.240113e+00	3.240131e+00	3.240126e+00
9.069524994354072e-03	3.240136e+00	3.240115e+00	3.240120e+00
9.079524994354072e-03	3.240113e+00	3.240131e+00	3.240126e+00
9.089524994354071e-03	3.240136e+00	3.240115e+00	3.240120e+00
9.099524994354071e-03	3.240113e+00	3.240131e+00	3.240126e+00
9.109524994354072e-03	3.240136e+00	3.240115e+00	3.240120e+00
9.119524994354072e-03	3.240113e+00	3.240131e+00	3.240126e+00
9.129524994354071e-03	3.240136e+00	3.240115e+00	3.240120e+00
9.139524994354071e-03	3.240113e+00	3.240131e+00	3.240126e+00
9.149524994354072e-03	3.240136e+00	3.240115e+00	3.240120e+00
9.159524994354072e-03	3.240113e+00	3.240131e+00	3.240126e+00
9.169524994354071e-03	3.240136e+00	3.240115e+00	3.240120e+00
9.179524994354071e-03	3.240113e+00	3.240131e+00	3.240126e+00
9.189524994354072e-03	3.240136e+00	3.240115e+00	3.240120e+00
9.199524994354072e-03	3.240113e+00	3.240131e+00	3.240126e+00
9.209524994354071e-03	3.240136e+00	3.240115e+00	3.240120e+00
9.219524994354071e-03	3.240113e+00	3.240131e+00	3.240126e+00
9.229524994354071e-03	3.240136e+00	3.240115e+00	3.240120e+00
9.239524994354072e-03	3.240113e+00	3.240131e+00	3.240126e+00
9.249524994354072e-03	3.240136e+00	3.240115e+00	3.240120e+00
9.259524994354071e-03	3.240113e+00	3.240131e+00	3.240126e+00
9.269524994354071e-03	3.240136e+00	3.240115e+00	3.240120e+00
9.279524994354072e-03	3.240113e+00	3.240131e+00	3.240126e+00
9.289524994354072e-03	3.240136e+00	3.240115e+00	3.240120e+00
9.299524994354071e-03	3.240113e+00	3.240131e+00	3.240126e+00
9.309524994354071e-03	3.240136e+00	3.240115e+00	3.240120e+00
9.319524994354072e-03	3.240113e+00	3.240131e+00	3.240126e+00
9.329524994354072e-03	3.240136e+00	3.240115e+00	3.240120e+00
9.339524994354071e-03	3.240113e+00	3.240131e+00	3.240126e+00
9.349524994354071e-03	3.240136e+00	3.240115e+00	3.240120e+00
9.359524994354072e-03	3.240113e+00	3.240131e+00	3.240126e+00
9.369524994354072e-03	3.240136e+00	3.240115e+00	3.240120e+00
9.379524994354071e-03	3.240113e+00	3.240131e+00	3.240126e+00
9.389524994354071e-03	3.240136e+00	3.240115e+00	3.240120e+00
9.399524994354071e-03	3.240113e+00	3.240131e+00	3.240126e+00
9.409524994354072e-03	3.240136e+00	3.240115e+00	3.240120e+00
9.419524994354072e-03	3.240113e+00	3.240131e+00	3.240126e+00
9.429524994354071e-03	3.240136e+00	3.240115e+00	3.240120e+00
9.439524994354071e-03	3.240113e+00	3.240131e+00	3.240126e+00
9.449524994354072e-03	3.240136e+00	3.240115e+00	3.240120e+00
9.459524994354072e-03	3.240113e+00	3.240131e+00	3.240126e+00
9.469524994354071e-03	3.240136e+00	3.240115e+00	3.240120e+00
9.479524994354071e-03	3.240113e+00	3.240131e+00	3.240126e+00
9.489524994354072e-03	3.240136e+00	3.240115e+00	3.240120e+00
9.499524994354072e-03	3.240113e+00	3.240131e+00	3.240126e+00
9.509524994354071e-03	3.240136e+00	3.240115e+00	3.240120e+00
9.519524994354071e-03	3.240113e+00	3.240131e+00	3.240126e+00
9.529524994354071e-03	3.240136e+00	3.240115e+00	3.240120e+00
9.539524994354072e-03	3.240113e+00	3.240131e+00	3.240126e+00
9.549524994354072e-03	3.240136e+00	3.240115e+00	3.240120e+00
9.559524994354071e-03	3.240113e+00	3.240131e+00	3.240126e+00
9.569524994354071e-03	3.240136e+00	3.240115e+00	3.240120e+00
9.579524994354072e-03	3.240113e+00	3.240131e+00	3.240126e+00
9.589524994354072e-03	3.240136e+00	3.240115e+00	3.240120e+00
9.599524994354071e-03	3.240113e+00	3.240131e+00	3.240126e+00
9.609524994354071e-03	3.240136e+00	3.240115e+00	3.240120e+00
9.619524994354072e-03	3.240113e+00	3.240131e+00	3.240126e+00
9.629524994354072e-03	3.240136e+00	3.240115e+00	3.240120e+00
9.639524994354071e-03	3.240113e+00	3.240131e+00	3.240126e+00
9.649524994354071e-03	3.240136e+00	3.240115e+00	3.240120e+00
9.659524994354072e-03	3.240113e+00	3.240131e+00	3.240126e+00
9.669524994354072e-03	3.240136e+00	3.240115e+00	3.240120e+00
9.679524994354071e-03	3.240113e+00	3.240131e+00	3.240126e+00
9.689524994354071e-03	3.240136e+00	3.240115e+00	3.240120e+00
9.699524994354071e-03	3.240113e+00	3.240131e+00	3.240126e+00
9.709524994354072e-03	3.240136e+00	3.240115e+00	3.240120e+00
9.719524994354072e-03	3.240113e+00	3.240131e+00	3.240126e+00
9.729524994354071e-03	3.240136e+00	3.240115e+00	3.240120e+00
9.739524994354071e-03	3.240113e+00	3.240131e+00	3.240126e+00
9.749524994354072e-03	3.240136e+00	3.240115e+00	3.240120e+00
9.759524994354072e-03	3.240113e+00	3.240131e+00	3.240126e+00
9.769524994354071e-03	3.240136e+00	3.240115e+00	3.240120e+00
9.779524994354071e-03	3.240113e+00	3.240131e+00	3.240126e+00
9.789524994354072e-03	3.240136e+00	3.240115e+00	3.240120e+00
9.799524994354072e-03	3.240113e+00	3.240131e+00	3.240126e+00
9.809524994354071e-03	3.240136e+00	3.240115e+00	3.240120e+00
9.819524994354071e-03	3.240113e+00	3.240131e+00	3.240126e+00
9.829524994354072e-03	3.240136e+00	3.240115e+00	3.240120e+00
9.839524994354072e-03	3.240113e+00	3.240131e+00	3.240126e+00
9.849524994354071e-03	3.240136e+00	3.240115e+00	3.240120e+00
9.859524994354071e-03	3.240113e+00	3.240131e+00	3.240126e+00
9.869524994354071e-03	3.240136e+00	3.240115e+00	3.240120e+00
9.879524994354072e-03	3.240113e+00	3.240131e+00	3.240126e+00
9.889524994354072e-03	3.240136e+00	3.240115e+00	3.240120e+00
9.899524994354071e-03	3.240113e+00	3.240131e+00	3.240126e+00
9.909524994354071e-03	3.240136e+00	3.240115e+00	3.240120e+00
9.919524994354072e-03	3.240113e+00	3.240131e+00	3.240126e+00
9.929524994354072e-03	3.240136e+00	3.240115e+00	3.240120e+00
9.939524994354071e-03	3.240113e+00	3.240131e+00	3.240126e+00
9.949524994354071e-03	3.240136e+00	3.240115e+00	3.240120e+00
9.959524994354072e-03	3.240113e+00	3.240131e+00	3.240126e+00
9.969524994354072e-03	3.240136e+00	3.240115e+00	3.240120e+00
9.979524994354071e-03	3.240113e+00	3.240131e+00	3.240126e+00
9.989524994354071e-03	3.240136e+00	3.240115e+00	3.240120e+00
9.999524994354072e-03	3.240113e+00	3.240131e+00	3.240126e+00
1.000000000000000e-02	3.240136e+00	3.240115e+00	3.240120e+00
1.000010000000000e-02	3.240112e+00	3.240131e+00	3.240126e+00
1.000020000000000e-02	3.240137e+00	3.240113e+00	3.240121e+00
1.000020473874906e-02	3.240126e+00	3.240121e+00	3.240124e+00
1.000021421624719e-02	3.240126e+00	3.240120e+00	3.240124e+00
1.000023317124344e-02	3.240126e+00	3.240119e+00	3.240125e+00
1.000026872789086e-02	3.240127e+00	3.240118e+00	3.240126e+00
1.000032964241738e-02	3.240127e+00	3.240117e+00	3.240127e+00
1.000034034888055e-02	3.240127e+00	3.240117e+00	3.240127e+00
1.000036176180689e-02	3.240127e+00	3.240117e+00	3.240128e+00
1.000040458765956e-02	3.240127e+00	3.240117e+00	3.240128e+00
1.000049023936492e-02	3.240126e+00	3.240118e+00	3.240129e+00
1.000062813967659e-02	3.240123e+00	3.240121e+00	3.240130e+00
1.000079504375817e-02	3.240131e+00	3.240121e+00	3.240124e+00
1.000109806588051e-02	3.240213e+00	3.240089e+00	3.240055e+00
1.000168606918661e-02	3.246978e+00	3.246020e+00	3.225249e+00
1.000241258881210e-02	3.278890e+00	3.258687e+00	3.167805e+00
1.000348555253395e-02	3.362558e+00	3.275267e+00	3.013256e+00
1.000366443199066e-02	3.379707e+00	3.278718e+00	2.978015e+00
1.000402219090409e-02	3.417331e+00	3.287652e+00	2.898526e+00
1.000473770873095e-02	3.477613e+00	3.281051e+00	2.764287e+00
1.000547572611750e-02	3.520351e+00	3.237356e+00	2.666467e+00
1.000640777036515e-02	3.569287e+00	3.156382e+00	2.553137e+00
1.000740365486758e-02	3.608281e+00	3.052719e+00	2.442532e+00
1.000939542387244e-02	3.648501e+00	2.875386e+00	2.197560e+00
1.001161715349749e-02	3.661664e+00	2.674304e+00	1.941361e+00
1.001365243786110e-02	3.664289e+00	2.441854e+00	1.764628e+00
1.001772300658832e-02	3.637372e+00	1.998640e+00	1.464855e+00
1.002482323391073e-02	3.570909e+00	1.310106e+00	1.078313e+00
1.003482323391073e-02	3.475541e+00	6.748226e-01	6.423001e-01
1.004482323391073e-02	3.358140e+00	3.683252e-01	3.390846e-01
1.005482323391073e-02	2.875927e+00	3.614590e-01	3.169048e-01
1.006482323391073e-02	2.451187e+00	3.453181e-01	3.007743e-01
1.007482323391073e-02	2.069396e+00	3.253548e-01	2.853997e-01
1.008482323391073e-02	1.696608e+00	3.158884e-01	2.780364e-01
1.009482323391073e-02	1.335574e+00	3.106420e-01	2.740107e-01
1.010482323391073e-02	9.850698e-01	3.079264e-01	2.719398e-01
1.011482323391073e-02	6.942151e-01	2.854629e-01	2.534347e-01
1.012482323391073e-02	4.934185e-01	2.383246e-01	2.145605e-01
1.013482323391073e-02	3.527641e-01	1.894927e-01	1.736455e-01
1.014482323391073e-02	2.540920e-01	1.466680e-01	1.366727e-01
1.015482323391073e-02	1.841886e-01	1.117961e-01	1.057613e-01
1.016482323391073e-02	1.342657e-01	8.446383e-02	8.088756e-02
1.017482323391073e-02	9.833145e-02	6.343865e-02	6.138706e-02
1.018482323391073e-02	7.225657e-02	4.750967e-02	4.632068e-02
1.019482323391073e-02	5.327153e-02	3.546882e-02	3.481674e-02
1.020482323391073e-02	3.932858e-02	2.647400e-02	2.609134e-02
1.021482323391073e-02	2.911639e-02	1.970387e-02	1.951146e-02
1.022482323391073e-02	2.154613e-02	1.469064e-02	1.456785e-02
1.023482323391073e-02	1.599622e-02	1.090956e-02	1.086307e-02
1.024482323391073e-02	1.184535e-02	8.135080e-03	8.094072e-03
1.025482323391073e-02	8.814573e-03	6.026030e-03	6.025553e-03
1.026482323391073e-02	6.522417e-03	4.499912e-03	4.484415e-03
1.027482323391073e-02	4.867554e-03	3.320456e-03	3.334045e-03
1.028482323391073e-02	3.593445e-03	2.486944e-03	2.479076e-03
1.029482323391073e-02	2.692699e-03	1.823425e-03	1.840830e-03
1.030482323391073e-02	1.978397e-03	1.373529e-03	1.368046e-03
1.031482323391073e-02	1.492977e-03	9.956360e-04	1.014471e-03
1.032482323391073e-02	1.086950e-03	7.579327e-04	7.534027e-04
1.033482323391073e-02	8.306503e-04	5.378723e-04	5.571842e-04
1.034482323391073e-02	5.948544e-04	4.179478e-04	4.134178e-04
1.035482323391073e-02	4.651546e-04	2.851486e-04	3.046989e-04
1.036482323391073e-02	3.230572e-04	2.298355e-04	2.255440e-04
1.037482323391073e-02	2.629757e-04	1.454353e-04	1.647472e-04
1.038482323391073e-02	1.730919e-04	1.261234e-04	1.215935e-04
1.039482323391073e-02	1.516342e-04	6.842613e-05	8.797646e-05
1.040482323391073e-02	9.012222e-05	6.890297e-05	6.461143e-05
1.041482323391073e-02	9.012222e-05	2.574921e-05	4.506111e-05
1.042482323391073e-02	4.458427e-05	3.695488e-05	3.266335e-05
1.043482323391073e-02	5.602837e-05	2.384186e-06	2.145767e-05
1.044482323391073e-02	1.931190e-05	1.955032e-05	1.525879e-05
1.045482323391073e-02	3.743172e-05	-1.072884e-05	8.583069e-06
1.046482323391073e-02	5.245209e-06	1.001358e-05	5.722046e-06
1.047482323391073e-02	2.694130e-05	-1.788139e-05	1.430511e-06
1.048482323391073e-02	-2.384186e-06	4.529953e-06	2.384186e-07
1.049482323391073e-02	2.121925e-05	-2.193451e-05	-2.384186e-06
1.050482323391073e-02	-6.675720e-06	1.668930e-06	-2.622604e-06
1.051482323391073e-02	1.811981e-05	-2.408028e-05	-4.768372e-06
1.052482323391073e-02	-8.821487e-06	0.000000e+00	-4.291534e-06
1.053482323391073e-02	1.621246e-05	-2.527237e-05	-5.722046e-06
1.054482323391073e-02	-1.025200e-05	-7.152557e-07	-5.245209e-06
1.055482323391073e-02	1.525879e-05	-2.598763e-05	-6.675720e-06
1.056482323391073e-02	-1.096725e-05	-1.430511e-06	-5.483627e-06
1.057482323391073e-02	1.478195e-05	-2.646446e-05	-6.914139e-06
1.058482323391073e-02	-1.144409e-05	-1.668930e-06	-5.960464e-06
1.059482323391073e-02	1.454353e-05	-2.646446e-05	-6.914139e-06
1.060482323391073e-02	-1.168251e-05	-1.668930e-06	-6.198883e-06
1.061482323391073e-02	1.430511e-05	-2.670288e-05	-7.152557e-06
1.062482323391073e-02	-1.192093e-05	-1.668930e-06	-5.960464e-06
1.063482323391073e-02	1.430511e-05	-2.670288e-05	-7.390976e-06
1.064482323391073e-02	-1.168251e-05	-1.907349e-06	-5.960464e-06
1.065482323391073e-02	1.406670e-05	-2.646446e-05	-7.152557e-06
1.066482323391073e-02	-1.168251e-05	-2.145767e-06	-6.198883e-06
1.067482323391073e-02	1.406670e-05	-2.670288e-05	-7.390976e-06
1.068482323391073e-02	-1.168251e-05	-2.145767e-06	-6.198883e-06
1.069482323391073e-02	1.406670e-05	-2.670288e-05	-7.390976e-06
1.070482323391073e-02	-1.168251e-05	-2.145767e-06	-6.198883e-06
1.071482323391073e-02	1.406670e-05	-2.670288e-05	-7.390976e-06
1.072482323391073e-02	-1.168251e-05	-2.145767e-06	-6.198883e-06
1.073482323391073e-02	1.406670e-05	-2.670288e-05	-7.390976e-06
1.074482323391073e-02	-1.192093e-05	-2.145767e-06	-6.198883e-06
1.075482323391073e-02	1.406670e-05	-2.670288e-05	-7.390976e-06
1.076482323391073e-02	-1.168251e-05	-2.145767e-06	-6.198883e-06
1.077482323391073e-02	1.406670e-05	-2.670288e-05	-7.390976e-06
1.078482323391073e-02	-1.168251e-05	-2.145767e-06	-6.198883e-06
1.079482323391073e-02	1.382828e-05	-2.646446e-05	-7.152557e-06
1.080482323391073e-02	-1.168251e-05	-2.145767e-06	-6.198883e-06
1.081482323391073e-02	1.406670e-05	-2.670288e-05	-7.390976e-06
1.082482323391073e-02	-1.192093e-05	-1.907349e-06	-6.198883e-06
1.083482323391073e-02	1.382828e-05	-2.646446e-05	-7.390976e-06
1.084482323391073e-02	-1.192093e-05	-1.907349e-06	-6.198883e-06
1.085482323391073e-02	1.382828e-05	-2.646446e-05	-7.152557e-06
1.086482323391073e-02	-1.192093e-05	-1.907349e-06	-6.198883e-06
1.087482323391073e-02	1.406670e-05	-2.670288e-05	-7.390976e-06
1.088482323391073e-02	-1.192093e-05	-1.907349e-06	-6.198883e-06
1.089482323391073e-02	1.406670e-05	-2.670288e-05	-7.390976e-06
1.090482323391073e-02	-1.192093e-05	-2.145767e-06	-6.198883e-06
1.091482323391073e-02	1.406670e-05	-2.670288e-05	-7.390976e-06
1.092482323391073e-02	-1.168251e-05	-2.145767e-06	-6.198883e-06
1.093482323391073e-02	1.382828e-05	-2.670288e-05	-7.390976e-06
1.094482323391073e-02	-1.168251e-05	-2.145767e-06	-6.198883e-06
1.095482323391073e-02	1.382828e-05	-2.646446e-05	-7.390976e-06
1.096482323391073e-02	-1.168251e-05	-2.145767e-06	-6.437302e-06
1.097482323391073e-02	1.382828e-05	-2.646446e-05	-7.390976e-06
1.098482323391073e-02	-1.192093e-05	-1.907349e-06	-6.198883e-06
1.099482323391073e-02	1.382828e-05	-2.646446e-05	-7.390976e-06
1.100482323391073e-02	-1.168251e-05	-2.145767e-06	-6.198883e-06
1.101482323391073e-02	1.382828e-05	-2.646446e-05	-7.152557e-06
1.102482323391073e-02	-1.168251e-05	-2.145767e-06	-6.198883e-06
1.103482323391073e-02	1.382828e-05	-2.646446e-05	-7.152557e-06
1.104482323391073e-02	-1.168251e-05	-2.145767e-06	-6.198883e-06
1.105482323391073e-02	1.382828e-05	-2.646446e-05	-7.390976e-06
1.106482323391073e-02	-1.192093e-05	-2.145767e-06	-6.198883e-06
1.107482323391073e-02	1.382828e-05	-2.646446e-05	-7.390976e-06
1.108482323391073e-02	-1.168251e-05	-2.145767e-06	-6.198883e-06
1.109482323391073e-02	1.382828e-05	-2.646446e-05	-7.390976e-06
1.110482323391073e-02	-1.168251e-05	-2.145767e-06	-6.198883e-06
1.111482323391073e-02	1.382828e-05	-2.646446e-05	-7.390976e-06
1.112482323391073e-02	-1.168251e-05	-2.145767e-06	-6.198883e-06
1.113482323391073e-02	1.382828e-05	-2.646446e-05	-7.390976e-06
1.114482323391073e-02	-1.168251e-05	-2.145767e-06	-6.437302e-06
1.115482323391073e-02	1.382828e-05	-2.646446e-05	-7.390976e-06
1.116482323391073e-02	-1.168251e-05	-2.384186e-06	-6.198883e-06
1.117482323391073e-02	1.382828e-05	-2.646446e-05	-7.390976e-06
1.118482323391073e-02	-1.168251e-05	-2.145767e-06	-6.198883e-06
1.119482323391073e-02	1.382828e-05	-2.646446e-05	-7.390976e-06
1.120482323391073e-02	-1.168251e-05	-2.145767e-06	-6.198883e-06
1.121482323391073e-02	1.382828e-05	-2.646446e-05	-7.390976e-06
1.122482323391073e-02	-1.168251e-05	-2.145767e-06	-6.198883e-06
1.123482323391073e-02	1.382828e-05	-2.646446e-05	-7.390976e-06
1.124482323391073e-02	-1.168251e-05	-2.145767e-06	-6.198883e-06
1.125482323391073e-02	1.382828e-05	-2.646446e-05	-7.390976e-06
1.126482323391073e-02	-1.168251e-05	-2.145767e-06	-6.198883e-06
1.127482323391073e-02	1.382828e-05	-2.646446e-05	-7.390976e-06
1.128482323391073e-02	-1.168251e-05	-2.145767e-06	-6.198883e-06
1.129482323391073e-02	1.382828e-05	-2.646446e-05	-7.390976e-06
1.130482323391073e-02	-1.168251e-05	-2.145767e-06	-6.198883e-06
1.131482323391073e-02	1.382828e-05	-2.646446e-05	-7.390976e-06
1.132482323391073e-02	-1.168251e-05	-2.384186e-06	-6.198883e-06
1.133482323391073e-02	1.358986e-05	-2.646446e-05	-7.390976e-06
1.134482323391073e-02	-1.168251e-05	-2.145767e-06	-6.198883e-06
1.135482323391073e-02	1.358986e-05	-2.646446e-05	-7.390976e-06
1.136482323391073e-02	-1.168251e-05	-2.384186e-06	-6.198883e-06
1.137482323391073e-02	1.358986e-05	-2.646446e-05	-7.390976e-06
1.138482323391073e-02	-1.168251e-05	-2.145767e-06	-6.437302e-06
1.139482323391073e-02	1.358986e-05	-2.646446e-05	-7.390976e-06
1.140482323391073e-02	-1.144409e-05	-2.384186e-06	-6.198883e-06
1.141482323391073e-02	1.358986e-05	-2.622604e-05	-7.390976e-06
1.142482323391073e-02	-1.168251e-05	-2.145767e-06	-6.198883e-06
1.143482323391073e-02	1.358986e-05	-2.622604e-05	-7.390976e-06
1.144482323391073e-02	-1.168251e-05	-2.145767e-06	-6.198883e-06
1.145482323391073e-02	1.358986e-05	-2.622604e-05	-7.390976e-06
1.146482323391073e-02	-1.144409e-05	-2.384186e-06	-6.198883e-06
1.147482323391073e-02	1.358986e-05	-2.622604e-05	-7.390976e-06
1.148482323391073e-02	-1.168251e-05	-2.145767e-06	-6.198883e-06
1.149482323391073e-02	1.358986e-05	-2.622604e-05	-7.390976e-06
1.150482323391073e-02	-1.144409e-05	-2.384186e-06	-6.198883e-06
1.151482323391073e-02	1.358986e-05	-2.622604e-05	-7.152557e-06
1.152482323391073e-02	-1.144409e-05	-2.384186e-06	-6.198883e-06
1.153482323391073e-02	1.358986e-05	-2.622604e-05	-7.152557e-06
1.154482323391073e-02	-1.168251e-05	-2.145767e-06	-6.198883e-06
1.155482323391073e-02	1.358986e-05	-2.622604e-05	-7.390976e-06
1.156482323391073e-02	-1.144409e-05	-2.384186e-06	-6.198883e-06
1.157482323391073e-02	1.358986e-05	-2.622604e-05	-7.390976e-06
1.158482323391073e-02	-1.144409e-05	-2.384186e-06	-6.198883e-06
1.159482323391073e-02	1.382828e-05	-2.646446e-05	-7.390976e-06
1.160482323391073e-02	-1.168251e-05	-2.145767e-06	-6.198883e-06
1.161482323391073e-02	1.382828e-05	-2.646446e-05	-7.390976e-06
1.162482323391073e-02	-1.144409e-05	-2.384186e-06	-6.437302e-06
1.163482323391073e-02	1.382828e-05	-2.646446e-05	-7.390976e-06
1.164482323391073e-02	-1.144409e-05	-2.384186e-06	-6.198883e-06
1.165482323391073e-02	1.382828e-05	-2.646446e-05	-7.390976e-06
1.166482323391073e-02	-1.144409e-05	-2.384186e-06	-6.198883e-06
1.167482323391073e-02	1.382828e-05	-2.646446e-05	-7.390976e-06
1.168482323391073e-02	-1.168251e-05	-2.145767e-06	-6.198883e-06
1.169482323391073e-02	1.382828e-05	-2.646446e-05	-7.390976e-06
1.170482323391073e-02	-1.144409e-05	-2.384186e-06	-6.437302e-06
1.171482323391073e-02	1.382828e-05	-2.646446e-05	-7.390976e-06
1.172482323391073e-02	-1.144409e-05	-2.384186e-06	-6.198883e-06
1.173482323391073e-02	1.358986e-05	-2.646446e-05	-7.390976e-06
1.174482323391073e-02	-1.144409e-05	-2.384186e-06	-6.198883e-06
1.175482323391073e-02	1.358986e-05	-2.622604e-05	-7.390976e-06
1.176482323391073e-02	-1.168251e-05	-2.384186e-06	-6.198883e-06
1.177482323391073e-02	1.358986e-05	-2.622604e-05	-7.390976e-06
1.178482323391073e-02	-1.144409e-05	-2.384186e-06	-6.198883e-06
1.179482323391073e-02	1.358986e-05	-2.622604e-05	-7.390976e-06
1.180482323391073e-02	-1.144409e-05	-2.384186e-06	-6.198883e-06
1.181482323391073e-02	1.358986e-05	-2.622604e-05	-7.152557e-06
1.182482323391073e-02	-1.144409e-05	-2.384186e-06	-6.198883e-06
1.183482323391073e-02	1.358986e-05	-2.622604e-05	-7.390976e-06
1.184482323391073e-02	-1.144409e-05	-2.384186e-06	-6.198883e-06
1.185482323391073e-02	1.358986e-05	-2.622604e-05	-7.390976e-06
1.186482323391073e-02	-1.144409e-05	-2.384186e-06	-6.198883e-06
1.187482323391073e-02	1.358986e-05	-2.622604e-05	-7.390976e-06
1.188482323391073e-02	-1.144409e-05	-2.384186e-06	-6.198883e-06
1.189482323391073e-02	1.358986e-05	-2.622604e-05	-7.390976e-06
1.190482323391073e-02	-1.144409e-05	-2.622604e-06	-6.198883e-06
1.191482323391073e-02	1.358986e-05	-2.622604e-05	-7.390976e-06
1.192482323391073e-02	-1.144409e-05	-2.384186e-06	-6.198883e-06
1.193482323391073e-02	1.358986e-05	-2.622604e-05	-7.390976e-06
1.194482323391073e-02	-1.144409e-05	-2.384186e-06	-6.198883e-06
1.195482323391073e-02	1.358986e-05	-2.646446e-05	-7.390976e-06
1.196482323391073e-02	-1.144409e-05	-2.384186e-06	-6.437302e-06
1.197482323391073e-02	1.358986e-05	-2.622604e-05	-7.390976e-06
1.198482323391073e-02	-1.144409e-05	-2.384186e-06	-6.198883e-06
1.199482323391073e-02	1.358986e-05	-2.622604e-05	-7.390976e-06
1.200482323391073e-02	-1.144409e-05	-2.384186e-06	-6.198883e-06
1.201482323391073e-02	1.358986e-05	-2.622604e-05	-7.390976e-06
1.202482323391073e-02	-1.144409e-05	-2.384186e-06	-6.198883e-06
1.203482323391073e-02	1.358986e-05	-2.622604e-05	-7.390976e-06
1.204482323391073e-02	-1.144409e-05	-2.384186e-06	-6.198883e-06
1.205482323391073e-02	1.358986e-05	-2.622604e-05	-7.390976e-06
1.206482323391073e-02	-1.120567e-05	-2.622604e-06	-6.198883e-06
1.207482323391073e-02	1.358986e-05	-2.622604e-05	-7.390976e-06
1.208482323391073e-02	-1.120567e-05	-2.622604e-06	-6.198883e-06
1.209482323391073e-02	1.358986e-05	-2.622604e-05	-7.390976e-06
1.210482323391073e-02	-1.120567e-05	-2.622604e-06	-6.198883e-06
1.211482323391073e-02	1.335144e-05	-2.598763e-05	-7.390976e-06
1.212482323391073e-02	-1.120567e-05	-2.622604e-06	-6.198883e-06
1.213482323391073e-02	1.335144e-05	-2.598763e-05	-7.390976e-06
1.214482323391073e-02	-1.120567e-05	-2.622604e-06	-6.198883e-06
1.215482323391073e-02	1.358986e-05	-2.622604e-05	-7.152557e-06
1.216482323391073e-02	-1.120567e-05	-2.622604e-06	-6.198883e-06
1.217482323391073e-02	1.358986e-05	-2.622604e-05	-7.390976e-06
1.218482323391073e-02	-1.120567e-05	-2.622604e-06	-6.198883e-06
1.219482323391073e-02	1.358986e-05	-2.622604e-05	-7.390976e-06
1.220482323391073e-02	-1.120567e-05	-2.622604e-06	-6.198883e-06
1.221482323391073e-02	1.358986e-05	-2.622604e-05	-7.390976e-06
1.222482323391073e-02	-1.120567e-05	-2.622604e-06	-6.198883e-06
1.223482323391073e-02	1.335144e-05	-2.622604e-05	-7.390976e-06
1.224482323391073e-02	-1.120567e-05	-2.622604e-06	-6.198883e-06
1.225482323391073e-02	1.335144e-05	-2.598763e-05	-7.390976e-06
1.226482323391073e-02	-1.120567e-05	-2.622604e-06	-6.198883e-06
1.227482323391073e-02	1.335144e-05	-2.598763e-05	-7.390976e-06
1.228482323391073e-02	-1.120567e-05	-2.622604e-06	-6.198883e-06
1.229482323391073e-02	1.358986e-05	-2.622604e-05	-7.390976e-06
1.230482323391073e-02	-1.120567e-05	-2.622604e-06	-6.198883e-06
1.231482323391073e-02	1.358986e-05	-2.622604e-05	-7.390976e-06
1.232482323391073e-02	-1.120567e-05	-2.622604e-06	-6.198883e-06
1.233482323391073e-02	1.358986e-05	-2.622604e-05	-7.390976e-06
1.234482323391073e-02	-1.120567e-05	-2.622604e-06	-6.198883e-06
1.235482323391073e-02	1.335144e-05	-2.598763e-05	-7.390976e-06
1.236482323391073e-02	-1.120567e-05	-2.622604e-06	-6.198883e-06
1.237482323391073e-02	1.335144e-05	-2.598763e-05	-7.390976e-06
1.238482323391073e-02	-1.120567e-05	-2.622604e-06	-6.198883e-06
1.239482323391073e-02	1.335144e-05	-2.598763e-05	-7.390976e-06
1.240482323391073e-02	-1.120567e-05	-2.622604e-06	-6.198883e-06
1.241482323391073e-02	1.358986e-05	-2.622604e-05	-7.390976e-06
1.242482323391073e-02	-1.120567e-05	-2.622604e-06	-6.198883e-06
1.243482323391073e-02	1.358986e-05	-2.622604e-05	-7.390976e-06
1.244482323391073e-02	-1.144409e-05	-2.384186e-06	-6.198883e-06
1.245482323391073e-02	1.335144e-05	-2.598763e-05	-7.390976e-06
1.246482323391073e-02	-1.144409e-05	-2.622604e-06	-6.198883e-06
1.247482323391073e-02	1.335144e-05	-2.598763e-05	-7.390976e-06
1.248482323391073e-02	-1.144409e-05	-2.622604e-06	-6.198883e-06
1.249482323391073e-02	1.335144e-05	-2.598763e-05	-7.390976e-06
1.250482323391073e-02	-1.120567e-05	-2.622604e-06	-6.198883e-06
1.251482323391073e-02	1.335144e-05	-2.598763e-05	-7.390976e-06
1.252482323391073e-02	-1.120567e-05	-2.622604e-06	-6.198883e-06
1.253482323391073e-02	1.358986e-05	-2.622604e-05	-7.390976e-06
1.254482323391073e-02	-1.120567e-05	-2.622604e-06	-6.198883e-06
1.255482323391073e-02	1.335144e-05	-2.598763e-05	-7.390976e-06
1.256482323391073e-02	-1.120567e-05	-2.622604e-06	-6.198883e-06
1.257482323391073e-02	1.335144e-05	-2.598763e-05	-7.390976e-06
1.258482323391073e-02	-1.120567e-05	-2.622604e-06	-6.198883e-06
1.259482323391073e-02	1.335144e-05	-2.598763e-05	-7.390976e-06
1.260482323391073e-02	-1.120567e-05	-2.861023e-06	-6.198883e-06
1.261482323391073e-02	1.335144e-05	-2.598763e-05	-7.390976e-06
1.262482323391073e-02	-1.120567e-05	-2.861023e-06	-6.198883e-06
1.263482323391073e-02	1.335144e-05	-2.598763e-05	-7.390976e-06
1.264482323391073e-02	-1.120567e-05	-2.622604e-06	-6.198883e-06
1.265482323391073e-02	1.335144e-05	-2.598763e-05	-7.629395e-06
1.266482323391073e-02	-1.120567e-05	-2.622604e-06	-6.198883e-06
1.267482323391073e-02	1.335144e-05	-2.598763e-05	-7.390976e-06
1.268482323391073e-02	-1.120567e-05	-2.622604e-06	-6.198883e-06
1.269482323391073e-02	1.335144e-05	-2.598763e-05	-7.390976e-06
1.270482323391073e-02	-1.120567e-05	-2.622604e-06	-6.198883e-06
1.271482323391073e-02	1.335144e-05	-2.598763e-05	-7.390976e-06
1.272482323391073e-02	-1.120567e-05	-2.861023e-06	-6.198883e-06
1.273482323391073e-02	1.335144e-05	-2.598763e-05	-7.390976e-06
1.274482323391073e-02	-1.120567e-05	-2.861023e-06	-6.198883e-06
1.275482323391073e-02	1.335144e-05	-2.598763e-05	-7.390976e-06
1.276482323391073e-02	-1.120567e-05	-2.622604e-06	-6.198883e-06
1.277482323391073e-02	1.335144e-05	-2.598763e-05	-7.390976e-06
1.278482323391073e-02	-1.120567e-05	-2.622604e-06	-6.198883e-06
1.279482323391073e-02	1.335144e-05	-2.598763e-05	-7.390976e-06
1.280482323391073e-02	-1.120567e-05	-2.622604e-06	-6.198883e-06
1.281482323391073e-02	1.335144e-05	-2.598763e-05	-7.390976e-06
1.282482323391073e-02	-1.120567e-05	-2.861023e-06	-6.198883e-06
1.283482323391073e-02	1.335144e-05	-2.598763e-05	-7.390976e-06
1.284482323391073e-02	-1.096725e-05	-2.861023e-06	-6.198883e-06
1.285482323391073e-02	1.311302e-05	-2.574921e-05	-7.390976e-06
1.286482323391073e-02	-1.096725e-05	-2.861023e-06	-6.198883e-06
1.287482323391073e-02	1.335144e-05	-2.598763e-05	-7.629395e-06
1.288482323391073e-02	-1.120567e-05	-2.622604e-06	-6.198883e-06
1.289482323391073e-02	1.335144e-05	-2.598763e-05	-7.390976e-06
1.290482323391073e-02	-1.120567e-05	-2.861023e-06	-6.198883e-06
1.291482323391073e-02	1.335144e-05	-2.598763e-05	-7.390976e-06
1.292482323391073e-02	-1.120567e-05	-2.861023e-06	-6.198883e-06
1.293482323391073e-02	1.311302e-05	-2.574921e-05	-7.390976e-06
1.294482323391073e-02	-1.096725e-05	-2.861023e-06	-6.198883e-06
1.295482323391073e-02	1.335144e-05	-2.598763e-05	-7.390976e-06
1.296482323391073e-02	-1.120567e-05	-2.622604e-06	-6.198883e-06
1.297482323391073e-02	1.335144e-05	-2.598763e-05	-7.390976e-06
1.298482323391073e-02	-1.120567e-05	-2.861023e-06	-6.198883e-06
1.299482323391073e-02	1.311302e-05	-2.574921e-05	-7.390976e-06
1.300482323391073e-02	-1.120567e-05	-2.861023e-06	-6.198883e-06
1.301482323391073e-02	1.335144e-05	-2.598763e-05	-7.390976e-06
1.302482323391073e-02	-1.096725e-05	-2.861023e-06	-6.198883e-06
1.303482323391073e-02	1.335144e-05	-2.598763e-05	-7.390976e-06
1.304482323391073e-02	-1.120567e-05	-2.622604e-06	-6.198883e-06
1.305482323391073e-02	1.311302e-05	-2.574921e-05	-7.390976e-06
1.306482323391073e-02	-1.120567e-05	-2.861023e-06	-6.198883e-06
1.307482323391073e-02	1.335144e-05	-2.598763e-05	-7.390976e-06
1.308482323391073e-02	-1.096725e-05	-2.861023e-06	-6.198883e-06
1.309482323391073e-02	1.335144e-05	-2.598763e-05	-7.390976e-06
1.310482323391073e-02	-1.096725e-05	-2.861023e-06	-6.198883e-06
1.311482323391073e-02	1.311302e-05	-2.574921e-05	-7.390976e-06
1.312482323391073e-02	-1.120567e-05	-2.861023e-06	-6.198883e-06
1.313482323391073e-02	1.311302e-05	-2.574921e-05	-7.390976e-06
1.314482323391073e-02	-1.120567e-05	-2.861023e-06	-6.198883e-06
1.315482323391073e-02	1.335144e-05	-2.598763e-05	-7.390976e-06
1.316482323391073e-02	-1.096725e-05	-2.861023e-06	-6.198883e-06
1.317482323391073e-02	1.311302e-05	-2.574921e-05	-7.390976e-06
1.318482323391073e-02	-1.096725e-05	-2.861023e-06	-6.198883e-06
1.319482323391073e-02	1.311302e-05	-2.574921e-05	-7.390976e-06
1.320482323391073e-02	-1.120567e-05	-2.861023e-06	-6.198883e-06
1.321482323391073e-02	1.335144e-05	-2.574921e-05	-7.390976e-06
1.322482323391073e-02	-1.096725e-05	-2.861023e-06	-6.198883e-06
1.323482323391073e-02	1.311302e-05	-2.574921e-05	-7.629395e-06
1.324482323391073e-02	-1.096725e-05	-2.861023e-06	-6.198883e-06
1.325482323391073e-02	1.311302e-05	-2.574921e-05	-7.390976e-06
1.326482323391073e-02	-1.120567e-05	-2.861023e-06	-6.198883e-06
1.327482323391073e-02	1.311302e-05	-2.574921e-05	-7.390976e-06
1.328482323391073e-02	-1.096725e-05	-2.861023e-06	-6.198883e-06
1.329482323391073e-02	1.311302e-05	-2.574921e-05	-7.390976e-06
1.330482323391073e-02	-1.096725e-05	-2.861023e-06	-6.198883e-06
1.331482323391073e-02	1.335144e-05	-2.598763e-05	-7.390976e-06
1.332482323391073e-02	-1.120567e-05	-2.861023e-06	-6.198883e-06
1.333482323391073e-02	1.311302e-05	-2.574921e-05	-7.390976e-06
1.334482323391073e-02	-1.096725e-05	-2.861023e-06	-6.198883e-06
1.335482323391073e-02	1.311302e-05	-2.574921e-05	-7.390976e-06
1.336482323391073e-02	-1.096725e-05	-3.099442e-06	-6.198883e-06
1.337482323391073e-02	1.335144e-05	-2.574921e-05	-7.390976e-06
1.338482323391073e-02	-1.096725e-05	-2.861023e-06	-6.198883e-06
1.339482323391073e-02	1.311302e-05	-2.574921e-05	-7.390976e-06
1.340482323391073e-02	-1.096725e-05	-2.861023e-06	-6.198883e-06
1.341482323391073e-02	1.311302e-05	-2.574921e-05	-7.390976e-06
1.342482323391073e-02	-1.096725e-05	-3.099442e-06	-6.198883e-06
1.343482323391073e-02	1.311302e-05	-2.574921e-05	-7.390976e-06
1.344482323391073e-02	-1.096725e-05	-2.861023e-06	-6.198883e-06
1.345482323391073e-02	1.311302e-05	-2.574921e-05	-7.390976e-06
1.346482323391073e-02	-1.096725e-05	-2.861023e-06	-5.960464e-06
1.347482323391073e-02	1.335144e-05	-2.574921e-05	-7.390976e-06
1.348482323391073e-02	-1.096725e-05	-3.099442e-06	-6.198883e-06
1.349482323391073e-02	1.311302e-05	-2.574921e-05	-7.390976e-06
1.350482323391073e-02	-1.096725e-05	-2.861023e-06	-6.198883e-06
1.351482323391073e-02	1.311302e-05	-2.574921e-05	-7.390976e-06
1.352482323391073e-02	-1.096725e-05	-3.099442e-06	-6.198883e-06
1.353482323391073e-02	1.311302e-05	-2.574921e-05	-7.629395e-06
1.354482323391073e-02	-1.072884e-05	-3.099442e-06	-6.198883e-06
1.355482323391073e-02	1.311302e-05	-2.574921e-05	-7.390976e-06
1.356482323391073e-02	-1.096725e-05	-2.861023e-06	-5.960464e-06
1.357482323391073e-02	1.311302e-05	-2.574921e-05	-7.390976e-06
1.358482323391073e-02	-1.096725e-05	-3.099442e-06	-6.198883e-06
1.359482323391073e-02	1.311302e-05	-2.574921e-05	-7.390976e-06
1.360482323391073e-02	-1.096725e-05	-2.861023e-06	-6.198883e-06
1.361482323391073e-02	1.311302e-05	-2.551079e-05	-7.390976e-06
1.362482323391073e-02	-1.096725e-05	-3.099442e-06	-6.198883e-06
1.363482323391073e-02	1.311302e-05	-2.574921e-05	-7.390976e-06
1.364482323391073e-02	-1.072884e-05	-3.099442e-06	-6.198883e-06
1.365482323391073e-02	1.311302e-05	-2.574921e-05	-7.390976e-06
1.366482323391073e-02	-1.096725e-05	-2.861023e-06	-6.198883e-06
1.367482323391073e-02	1.311302e-05	-2.574921e-05	-7.629395e-06
1.368482323391073e-02	-1.096725e-05	-3.099442e-06	-6.198883e-06
1.369482323391073e-02	1.311302e-05	-2.574921e-05	-7.390976e-06
1.370482323391073e-02	-1.096725e-05	-2.861023e-06	-6.198883e-06
1.371482323391073e-02	1.287460e-05	-2.551079e-05	-7.390976e-06
1.372482323391073e-02	-1.096725e-05	-3.099442e-06	-6.198883e-06
1.373482323391073e-02	1.311302e-05	-2.574921e-05	-7.390976e-06
1.374482323391073e-02	-1.072884e-05	-3.099442e-06	-6.198883e-06
1.375482323391073e-02	1.287460e-05	-2.551079e-05	-7.390976e-06
1.376482323391073e-02	-1.096725e-05	-3.099442e-06	-6.198883e-06
1.377482323391073e-02	1.311302e-05	-2.574921e-05	-7.390976e-06
1.378482323391073e-02	-1.072884e-05	-3.099442e-06	-6.198883e-06
1.379482323391073e-02	1.287460e-05	-2.551079e-05	-7.390976e-06
1.380482323391073e-02	-1.096725e-05	-2.861023e-06	-6.198883e-06
1.381482323391073e-02	1.311302e-05	-2.574921e-05	-7.390976e-06
1.382482323391073e-02	-1.072884e-05	-3.099442e-06	-6.198883e-06
1.383482323391073e-02	1.311302e-05	-2.551079e-05	-7.390976e-06
1.384482323391073e-02	-1.096725e-05	-2.861023e-06	-5.960464e-06
1.385482323391073e-02	1.311302e-05	-2.574921e-05	-7.390976e-06
1.386482323391073e-02	-1.096725e-05	-3.099442e-06	-6.198883e-06
1.387482323391073e-02	1.311302e-05	-2.551079e-05	-7.390976e-06
1.388482323391073e-02	-1.072884e-05	-3.099442e-06	-5.960464e-06
1.389482323391073e-02	1.287460e-05	-2.551079e-05	-7.390976e-06
1.390482323391073e-02	-1.096725e-05	-3.099442e-06	-6.198883e-06
1.391482323391073e-02	1.311302e-05	-2.551079e-05	-7.390976e-06
1.392482323391073e-02	-1.072884e-05	-3.099442e-06	-5.960464e-06
1.393482323391073e-02	1.287460e-05	-2.551079e-05	-7.390976e-06
1.394482323391073e-02	-1.096725e-05	-3.099442e-06	-6.198883e-06
1.395482323391073e-02	1.311302e-05	-2.551079e-05	-7.390976e-06
1.396482323391073e-02	-1.072884e-05	-3.099442e-06	-6.198883e-06
1.397482323391073e-02	1.287460e-05	-2.551079e-05	-7.390976e-06
1.398482323391073e-02	-1.096725e-05	-3.099442e-06	-6.198883e-06
1.399482323391073e-02	1.311302e-05	-2.551079e-05	-7.390976e-06
1.400482323391073e-02	-1.072884e-05	-3.099442e-06	-6.198883e-06
1.401482323391073e-02	1.287460e-05	-2.551079e-05	-7.390976e-06
1.402482323391073e-02	-1.096725e-05	-3.099442e-06	-6.198883e-06
1.403482323391073e-02	1.311302e-05	-2.551079e-05	-7.390976e-06
1.404482323391073e-02	-1.072884e-05	-3.099442e-06	-6.198883e-06
1.405482323391073e-02	1.287460e-05	-2.551079e-05	-7.390976e-06
1.406482323391073e-02	-1.096725e-05	-3.099442e-06	-6.198883e-06
1.407482323391073e-02	1.311302e-05	-2.551079e-05	-7.390976e-06
1.408482323391073e-02	-1.072884e-05	-3.099442e-06	-6.198883e-06
1.409482323391073e-02	1.287460e-05	-2.551079e-05	-7.390976e-06
1.410482323391073e-02	-1.096725e-05	-3.099442e-06	-6.198883e-06
1.411482323391073e-02	1.311302e-05	-2.551079e-05	-7.390976e-06
1.412482323391073e-02	-1.072884e-05	-3.099442e-06	-6.198883e-06
1.413482323391073e-02	1.287460e-05	-2.551079e-05	-7.390976e-06
1.414482323391073e-02	-1.096725e-05	-3.099442e-06	-6.198883e-06
1.415482323391073e-02	1.311302e-05	-2.551079e-05	-7.390976e-06
1.416482323391073e-02	-1.072884e-05	-3.099442e-06	-6.198883e-06
1.417482323391073e-02	1.287460e-05	-2.551079e-05	-7.390976e-06
1.418482323391073e-02	-1.072884e-05	-3.337860e-06	-6.198883e-06
1.419482323391073e-02	1.287460e-05	-2.551079e-05	-7.390976e-06
1.420482323391073e-02	-1.072884e-05	-3.099442e-06	-5.960464e-06
1.421482323391073e-02	1.287460e-05	-2.551079e-05	-7.390976e-06
1.422482323391073e-02	-1.072884e-05	-3.337860e-06	-6.198883e-06
1.423482323391073e-02	1.287460e-05	-2.551079e-05	-7.629395e-06
1.424482323391073e-02	-1.072884e-05	-3.099442e-06	-5.960464e-06
1.425482323391073e-02	1.287460e-05	-2.551079e-05	-7.390976e-06
1.426482323391073e-02	-1.096725e-05	-3.099442e-06	-6.198883e-06
1.427482323391073e-02	1.287460e-05	-2.551079e-05	-7.629395e-06
1.428482323391073e-02	-1.072884e-05	-3.099442e-06	-5.960464e-06
1.429482323391073e-02	1.287460e-05	-2.551079e-05	-7.390976e-06
1.430482323391073e-02	-1.096725e-05	-3.099442e-06	-6.198883e-06
1.431482323391073e-02	1.287460e-05	-2.551079e-05	-7.629395e-06
1.432482323391073e-02	-1.072884e-05	-3.337860e-06	-6.198883e-06
1.433482323391073e-02	1.287460e-05	-2.527237e-05	-7.390976e-06
1.434482323391073e-02	-1.072884e-05	-3.099442e-06	-6.198883e-06
1.435482323391073e-02	1.287460e-05	-2.551079e-05	-7.390976e-06
1.436482323391073e-02	-1.072884e-05	-3.337860e-06	-6.198883e-06
1.437482323391073e-02	1.287460e-05	-2.527237e-05	-7.390976e-06
1.438482323391073e-02	-1.072884e-05	-3.099442e-06	-6.198883e-06
1.439482323391073e-02	1.287460e-05	-2.551079e-05	-7.390976e-06
1.440482323391073e-02	-1.072884e-05	-3.337860e-06	-6.198883e-06
1.441482323391073e-02	1.287460e-05	-2.551079e-05	-7.629395e-06
1.442482323391073e-02	-1.072884e-05	-3.099442e-06	-6.198883e-06
1.443482323391073e-02	1.287460e-05	-2.551079e-05	-7.390976e-06
1.444482323391073e-02	-1.072884e-05	-3.337860e-06	-6.198883e-06
1.445482323391073e-02	1.287460e-05	-2.551079e-05	-7.629395e-06
1.446482323391073e-02	-1.072884e-05	-3.099442e-06	-5.960464e-06
1.447482323391073e-02	1.287460e-05	-2.527237e-05	-7.390976e-06
1.448482323391073e-02	-1.072884e-05	-3.337860e-06	-6.198883e-06
1.449482323391073e-02	1.287460e-05	-2.551079e-05	-7.390976e-06
1.450482323391073e-02	-1.072884e-05	-3.337860e-06	-6.198883e-06
1.451482323391073e-02	1.287460e-05	-2.527237e-05	-7.390976e-06
1.452482323391073e-02	-1.049042e-05	-3.337860e-06	-6.198883e-06
1.453482323391073e-02	1.287460e-05	-2.551079e-05	-7.390976e-06
1.454482323391073e-02	-1.072884e-05	-3.337860e-06	-6.198883e-06
1.455482323391073e-02	1.263618e-05	-2.527237e-05	-7.629395e-06
1.456482323391073e-02	-1.072884e-05	-3.099442e-06	-6.198883e-06
1.457482323391073e-02	1.287460e-05	-2.551079e-05	-7.390976e-06
1.458482323391073e-02	-1.072884e-05	-3.337860e-06	-6.198883e-06
1.459482323391073e-02	1.287460e-05	-2.551079e-05	-7.629395e-06
1.460482323391073e-02	-1.072884e-05	-3.099442e-06	-5.960464e-06
1.461482323391073e-02	1.287460e-05	-2.527237e-05	-7.390976e-06
1.462482323391073e-02	-1.049042e-05	-3.337860e-06	-6.198883e-06
1.463482323391073e-02	1.287460e-05	-2.551079e-05	-7.390976e-06
1.464482323391073e-02	-1.072884e-05	-3.337860e-06	-6.198883e-06
1.465482323391073e-02	1.263618e-05	-2.527237e-05	-7.629395e-06
1.466482323391073e-02	-1.049042e-05	-3.337860e-06	-6.198883e-06
1.467482323391073e-02	1.287460e-05	-2.551079e-05	-7.390976e-06
1.468482323391073e-02	-1.072884e-05	-3.337860e-06	-6.198883e-06
1.469482323391073e-02	1.263618e-05	-2.527237e-05	-7.629395e-06
1.470482323391073e-02	-1.049042e-05	-3.337860e-06	-5.960464e-06
1.471482323391073e-02	1.287460e-05	-2.527237e-05	-7.390976e-06
1.472482323391073e-02	-1.072884e-05	-3.337860e-06	-6.198883e-06
1.473482323391073e-02	1.287460e-05	-2.551079e-05	-7.390976e-06
1.474482323391073e-02	-1.072884e-05	-3.337860e-06	-6.198883e-06
1.475482323391073e-02	1.263618e-05	-2.527237e-05	-7.629395e-06
1.476482323391073e-02	-1.049042e-05	-3.337860e-06	-6.198883e-06
1.477482323391073e-02	1.287460e-05	-2.551079e-05	-7.390976e-06
1.478482323391073e-02	-1.072884e-05	-3.337860e-06	-6.198883e-06
1.479482323391073e-02	1.263618e-05	-2.527237e-05	-7.629395e-06
1.480482323391073e-02	-1.049042e-05	-3.337860e-06	-5.960464e-06
1.481482323391073e-02	1.287460e-05	-2.527237e-05	-7.390976e-06
1.482482323391073e-02	-1.049042e-05	-3.337860e-06	-6.198883e-06
1.483482323391073e-02	1.287460e-05	-2.551079e-05	-7.390976e-06
1.484482323391073e-02	-1.072884e-05	-3.337860e-06	-6.198883e-06
1.485482323391073e-02	1.263618e-05	-2.527237e-05	-7.629395e-06
1.486482323391073e-02	-1.049042e-05	-3.337860e-06	-5.960464e-06
1.487482323391073e-02	1.287460e-05	-2.527237e-05	-7.390976e-06
1.488482323391073e-02	-1.072884e-05	-3.337860e-06	-6.198883e-06
1.489482323391073e-02	1.263618e-05	-2.527237e-05	-7.390976e-06
1.490482323391073e-02	-1.049042e-05	-3.576279e-06	-6.198883e-06
1.491482323391073e-02	1.263618e-05	-2.527237e-05	-7.629395e-06
1.492482323391073e-02	-1.049042e-05	-3.337860e-06	-6.198883e-06
1.493482323391073e-02	1.287460e-05	-2.527237e-05	-7.390976e-06
1.494482323391073e-02	-1.072884e-05	-3.337860e-06	-6.198883e-06
1.495482323391073e-02	1.263618e-05	-2.527237e-05	-7.390976e-06
1.496482323391073e-02	-1.049042e-05	-3.337860e-06	-5.960464e-06
1.497482323391073e-02	1.263618e-05	-2.527237e-05	-7.629395e-06
1.498482323391073e-02	-1.049042e-05	-3.337860e-06	-6.198883e-06
1.499482323391073e-02	1.263618e-05	-2.527237e-05	-7.390976e-06
1.500482323391073e-02	-1.049042e-05	-3.576279e-06	-6.198883e-06
1.501482323391073e-02	1.263618e-05	-2.527237e-05	-7.629395e-06
1.502482323391073e-02	-1.049042e-05	-3.337860e-06	-5.960464e-06
1.503482323391073e-02	1.287460e-05	-2.527237e-05	-7.390976e-06
1.504482323391073e-02	-1.072884e-05	-3.337860e-06	-6.198883e-06
1.505482323391073e-02	1.263618e-05	-2.527237e-05	-7.390976e-06
1.506482323391073e-02	-1.049042e-05	-3.576279e-06	-6.198883e-06
1.507482323391073e-02	1.263618e-05	-2.527237e-05	-7.629395e-06
1.508482323391073e-02	-1.049042e-05	-3.337860e-06	-5.960464e-06
1.509482323391073e-02	1.287460e-05	-2.527237e-05	-7.390976e-06
1.510482323391073e-02	-1.072884e-05	-3.337860e-06	-6.198883e-06
1.511482323391073e-02	1.263618e-05	-2.527237e-05	-7.390976e-06
1.512482323391073e-02	-1.049042e-05	-3.576279e-06	-6.198883e-06
1.513482323391073e-02	1.263618e-05	-2.527237e-05	-7.629395e-06
1.514482323391073e-02	-1.049042e-05	-3.337860e-06	-5.960464e-06
1.515482323391073e-02	1.287460e-05	-2.527237e-05	-7.390976e-06
1.516482323391073e-02	-1.049042e-05	-3.576279e-06	-6.198883e-06
1.517482323391073e-02	1.263618e-05	-2.527237e-05	-7.390976e-06
1.518482323391073e-02	-1.049042e-05	-3.576279e-06	-6.198883e-06
1.519482323391073e-02	1.263618e-05	-2.527237e-05	-7.629395e-06
1.520482323391073e-02	-1.049042e-05	-3.337860e-06	-5.960464e-06
1.521482323391073e-02	1.263618e-05	-2.503395e-05	-7.390976e-06
1.522482323391073e-02	-1.049042e-05	-3.576279e-06	-6.198883e-06
1.523482323391073e-02	1.263618e-05	-2.527237e-05	-7.390976e-06
1.524482323391073e-02	-1.049042e-05	-3.576279e-06	-6.198883e-06
1.525482323391073e-02	1.263618e-05	-2.527237e-05	-7.629395e-06
1.526482323391073e-02	-1.049042e-05	-3.337860e-06	-5.960464e-06
1.527482323391073e-02	1.263618e-05	-2.503395e-05	-7.390976e-06
1.528482323391073e-02	-1.049042e-05	-3.576279e-06	-6.198883e-06
1.529482323391073e-02	1.263618e-05	-2.527237e-05	-7.390976e-06
1.530482323391073e-02	-1.049042e-05	-3.576279e-06	-6.198883e-06
1.531482323391073e-02	1.263618e-05	-2.527237e-05	-7.629395e-06
1.532482323391073e-02	-1.049042e-05	-3.337860e-06	-5.960464e-06
1.533482323391073e-02	1.263618e-05	-2.503395e-05	-7.390976e-06
1.534482323391073e-02	-1.049042e-05	-3.576279e-06	-6.198883e-06
1.535482323391073e-02	1.263618e-05	-2.527237e-05	-7.390976e-06
1.536482323391073e-02	-1.049042e-05	-3.576279e-06	-6.198883e-06
1.537482323391073e-02	1.263618e-05	-2.527237e-05	-7.629395e-06
1.538482323391073e-02	-1.049042e-05	-3.337860e-06	-5.960464e-06
1.539482323391073e-02	1.263618e-05	-2.503395e-05	-7.629395e-06
1.540482323391073e-02	-1.049042e-05	-3.576279e-06	-6.198883e-06
1.541482323391073e-02	1.263618e-05	-2.503395e-05	-7.390976e-06
1.542482323391073e-02	-1.049042e-05	-3.576279e-06	-6.198883e-06
1.543482323391073e-02	1.263618e-05	-2.527237e-05	-7.390976e-06
1.544482323391073e-02	-1.049042e-05	-3.337860e-06	-5.960464e-06
1.545482323391073e-02	1.239777e-05	-2.503395e-05	-7.629395e-06
1.546482323391073e-02	-1.025200e-05	-3.576279e-06	-6.198883e-06
1.547482323391073e-02	1.263618e-05	-2.503395e-05	-7.390976e-06
1.548482323391073e-02	-1.049042e-05	-3.576279e-06	-6.198883e-06
1.549482323391073e-02	1.263618e-05	-2.527237e-05	-7.390976e-06
1.550482323391073e-02	-1.049042e-05	-3.576279e-06	-5.960464e-06
1.551482323391073e-02	1.239777e-05	-2.503395e-05	-7.629395e-06
1.552482323391073e-02	-1.025200e-05	-3.576279e-06	-5.960464e-06
1.553482323391073e-02	1.263618e-05	-2.503395e-05	-7.390976e-06
1.554482323391073e-02	-1.049042e-05	-3.576279e-06	-6.198883e-06
1.555482323391073e-02	1.263618e-05	-2.527237e-05	-7.390976e-06
1.556482323391073e-02	-1.049042e-05	-3.576279e-06	-6.198883e-06
1.557482323391073e-02	1.239777e-05	-2.503395e-05	-7.629395e-06
1.558482323391073e-02	-1.025200e-05	-3.576279e-06	-5.960464e-06
1.559482323391073e-02	1.263618e-05	-2.503395e-05	-7.629395e-06
1.560482323391073e-02	-1.049042e-05	-3.576279e-06	-6.198883e-06
1.561482323391073e-02	1.263618e-05	-2.503395e-05	-7.390976e-06
1.562482323391073e-02	-1.049042e-05	-3.576279e-06	-6.198883e-06
1.563482323391073e-02	1.263618e-05	-2.527237e-05	-7.390976e-06
1.564482323391073e-02	-1.025200e-05	-3.814697e-06	-5.960464e-06
1.565482323391073e-02	1.239777e-05	-2.503395e-05	-7.629395e-06
1.566482323391073e-02	-1.025200e-05	-3.576279e-06	-6.198883e-06
1.567482323391073e-02	1.263618e-05	-2.503395e-05	-7.390976e-06
1.568482323391073e-02	-1.049042e-05	-3.576279e-06	-6.198883e-06
1.569482323391073e-02	1.263618e-05	-2.527237e-05	-7.390976e-06
1.570482323391073e-02	-1.049042e-05	-3.576279e-06	-6.198883e-06
1.571482323391073e-02	1.239777e-05	-2.503395e-05	-7.629395e-06
1.572482323391073e-02	-1.025200e-05	-3.576279e-06	-5.960464e-06
1.573482323391073e-02	1.239777e-05	-2.503395e-05	-7.629395e-06
1.574482323391073e-02	-1.049042e-05	-3.576279e-06	-6.198883e-06
1.575482323391073e-02	1.263618e-05	-2.503395e-05	-7.390976e-06
1.576482323391073e-02	-1.049042e-05	-3.576279e-06	-6.198883e-06
1.577482323391073e-02	1.239777e-05	-2.503395e-05	-7.390976e-06
1.578482323391073e-02	-1.025200e-05	-3.814697e-06	-5.960464e-06
1.579482323391073e-02	1.239777e-05	-2.503395e-05	-7.629395e-06
1.580482323391073e-02	-1.025200e-05	-3.576279e-06	-5.960464e-06
1.581482323391073e-02	1.263618e-05	-2.503395e-05	-7.629395e-06
1.582482323391073e-02	-1.049042e-05	-3.576279e-06	-6.198883e-06
1.583482323391073e-02	1.263618e-05	-2.503395e-05	-7.390976e-06
1.584482323391073e-02	-1.025200e-05	-3.814697e-06	-6.198883e-06
1.585482323391073e-02	1.239777e-05	-2.503395e-05	-7.390976e-06
1.586482323391073e-02	-1.025200e-05	-3.814697e-06	-5.960464e-06
1.587482323391073e-02	1.239777e-05	-2.503395e-05	-7.629395e-06
1.588482323391073e-02	-1.025200e-05	-3.576279e-06	-6.198883e-06
1.589482323391073e-02	1.263618e-05	-2.503395e-05	-7.390976e-06
1.590482323391073e-02	-1.049042e-05	-3.576279e-06	-6.198883e-06
1.591482323391073e-02	1.239777e-05	-2.479553e-05	-7.390976e-06
1.592482323391073e-02	-1.025200e-05	-3.814697e-06	-6.198883e-06
1.593482323391073e-02	1.239777e-05	-2.503395e-05	-7.629395e-06
1.594482323391073e-02	-1.025200e-05	-3.576279e-06	-5.960464e-06
1.595482323391073e-02	1.239777e-05	-2.503395e-05	-7.629395e-06
1.596482323391073e-02	-1.025200e-05	-3.576279e-06	-6.198883e-06
1.597482323391073e-02	1.263618e-05	-2.503395e-05	-7.390976e-06
1.598482323391073e-02	-1.049042e-05	-3.576279e-06	-6.198883e-06
1.599482323391073e-02	1.239777e-05	-2.479553e-05	-7.390976e-06
1.600482323391073e-02	-1.025200e-05	-3.814697e-06	-6.198883e-06
1.601482323391073e-02	1.239777e-05	-2.503395e-05	-7.629395e-06
1.602482323391073e-02	-1.025200e-05	-3.576279e-06	-5.960464e-06
1.603482323391073e-02	1.239777e-05	-2.503395e-05	-7.629395e-06
1.604482323391073e-02	-1.025200e-05	-3.576279e-06	-6.198883e-06
1.605482323391073e-02	1.263618e-05	-2.503395e-05	-7.390976e-06
1.606482323391073e-02	-1.025200e-05	-3.814697e-06	-6.198883e-06
1.607482323391073e-02	1.239777e-05	-2.479553e-05	-7.390976e-06
1.608482323391073e-02	-1.025200e-05	-3.814697e-06	-6.198883e-06
1.609482323391073e-02	1.239777e-05	-2.503395e-05	-7.629395e-06
1.610482323391073e-02	-1.025200e-05	-3.814697e-06	-5.960464e-06
1.611482323391073e-02	1.239777e-05	-2.503395e-05	-7.629395e-06
1.612482323391073e-02	-1.025200e-05	-3.576279e-06	-6.198883e-06
1.613482323391073e-02	1.239777e-05	-2.479553e-05	-7.629395e-06
1.614482323391073e-02	-1.025200e-05	-3.814697e-06	-6.198883e-06
1.615482323391073e-02	1.239777e-05	-2.479553e-05	-7.390976e-06
1.616482323391073e-02	-1.025200e-05	-3.814697e-06	-6.198883e-06
1.617482323391073e-02	1.239777e-05	-2.503395e-05	-7.390976e-06
1.618482323391073e-02	-1.025200e-05	-3.814697e-06	-5.960464e-06
1.619482323391073e-02	1.239777e-05	-2.503395e-05	-7.629395e-06
1.620482323391073e-02	-1.025200e-05	-3.576279e-06	-5.960464e-06
1.621482323391073e-02	1.239777e-05	-2.479553e-05	-7.629395e-06
1.622482323391073e-02	-1.025200e-05	-3.814697e-06	-6.198883e-06
1.623482323391073e-02	1.239777e-05	-2.479553e-05	-7.390976e-06
1.624482323391073e-02	-1.025200e-05	-3.814697e-06	-6.198883e-06
1.625482323391073e-02	1.239777e-05	-2.503395e-05	-7.390976e-06
1.626482323391073e-02	-1.025200e-05	-3.814697e-06	-5.960464e-06
1.627482323391073e-02	1.239777e-05	-2.503395e-05	-7.629395e-06
1.628482323391073e-02	-1.025200e-05	-3.576279e-06	-5.960464e-06
1.629482323391073e-02	1.215935e-05	-2.479553e-05	-7.629395e-06
1.630482323391073e-02	-1.025200e-05	-3.814697e-06	-6.198883e-06
1.631482323391073e-02	1.239777e-05	-2.479553e-05	-7.390976e-06
1.632482323391073e-02	-1.025200e-05	-3.814697e-06	-6.198883e-06
1.633482323391073e-02	1.239777e-05	-2.479553e-05	-7.390976e-06
1.634482323391073e-02	-1.025200e-05	-3.814697e-06	-5.960464e-06
1.635482323391073e-02	1.239777e-05	-2.503395e-05	-7.629395e-06
1.636482323391073e-02	-1.025200e-05	-3.814697e-06	-5.960464e-06
1.637482323391073e-02	1.215935e-05	-2.479553e-05	-7.629395e-06
1.638482323391073e-02	-1.001358e-05	-3.814697e-06	-5.960464e-06
1.639482323391073e-02	1.239777e-05	-2.479553e-05	-7.629395e-06
1.640482323391073e-02	-1.025200e-05	-3.814697e-06	-6.198883e-06
1.641482323391073e-02	1.239777e-05	-2.479553e-05	-7.390976e-06
1.642482323391073e-02	-1.025200e-05	-3.814697e-06	-6.198883e-06
1.643482323391073e-02	1.239777e-05	-2.503395e-05	-7.390976e-06
1.644482323391073e-02	-1.025200e-05	-3.814697e-06	-5.960464e-06
1.645482323391073e-02	1.239777e-05	-2.503395e-05	-7.629395e-06
1.646482323391073e-02	-1.001358e-05	-3.814697e-06	-5.960464e-06
1.647482323391073e-02	1.215935e-05	-2.479553e-05	-7.629395e-06
1.648482323391073e-02	-1.025200e-05	-3.814697e-06	-6.198883e-06
1.649482323391073e-02	1.239777e-05	-2.479553e-05	-7.629395e-06
1.650482323391073e-02	-1.025200e-05	-3.814697e-06	-6.198883e-06
1.651482323391073e-02	1.239777e-05	-2.479553e-05	-7.390976e-06
1.652482323391073e-02	-1.025200e-05	-3.814697e-06	-6.198883e-06
1.653482323391073e-02	1.239777e-05	-2.503395e-05	-7.390976e-06
1.654482323391073e-02	-1.001358e-05	-4.053116e-06	-5.960464e-06
1.655482323391073e-02	1.215935e-05	-2.479553e-05	-7.629395e-06
1.656482323391073e-02	-1.001358e-05	-3.814697e-06	-5.960464e-06
1.657482323391073e-02	1.239777e-05	-2.479553e-05	-7.629395e-06
1.658482323391073e-02	-1.025200e-05	-3.814697e-06	-6.198883e-06
1.659482323391073e-02	1.239777e-05	-2.479553e-05	-7.390976e-06
1.660482323391073e-02	-1.025200e-05	-3.814697e-06	-6.198883e-06
1.661482323391073e-02	1.239777e-05	-2.479553e-05	-7.390976e-06
1.662482323391073e-02	-1.025200e-05	-3.814697e-06	-6.198883e-06
1.663482323391073e-02	1.215935e-05	-2.479553e-05	-7.390976e-06
1.664482323391073e-02	-1.001358e-05	-4.053116e-06	-5.960464e-06
1.665482323391073e-02	1.215935e-05	-2.479553e-05	-7.629395e-06
1.666482323391073e-02	-1.001358e-05	-3.814697e-06	-5.960464e-06
1.667482323391073e-02	1.239777e-05	-2.479553e-05	-7.629395e-06
1.668482323391073e-02	-1.025200e-05	-3.814697e-06	-6.198883e-06
1.669482323391073e-02	1.239777e-05	-2.479553e-05	-7.629395e-06
1.670482323391073e-02	-1.025200e-05	-3.814697e-06	-6.198883e-06
1.671482323391073e-02	1.239777e-05	-2.479553e-05	-7.390976e-06
1.672482323391073e-02	-1.025200e-05	-3.814697e-06	-6.198883e-06
1.673482323391073e-02	1.215935e-05	-2.479553e-05	-7.390976e-06
1.674482323391073e-02	-1.001358e-05	-4.053116e-06	-5.960464e-06
1.675482323391073e-02	1.215935e-05	-2.479553e-05	-7.629395e-06
1.676482323391073e-02	-1.001358e-05	-3.814697e-06	-5.960464e-06
1.677482323391073e-02	1.215935e-05	-2.479553e-05	-7.629395e-06
1.678482323391073e-02	-1.025200e-05	-3.814697e-06	-5.960464e-06
1.679482323391073e-02	1.239777e-05	-2.479553e-05	-7.629395e-06
1.680482323391073e-02	-1.025200e-05	-3.814697e-06	-6.198883e-06
1.681482323391073e-02	1.239777e-05	-2.479553e-05	-7.390976e-06
1.682482323391073e-02	-1.001358e-05	-4.053116e-06	-6.198883e-06
1.683482323391073e-02	1.215935e-05	-2.455711e-05	-7.390976e-06
1.684482323391073e-02	-1.001358e-05	-4.053116e-06	-5.960464e-06
1.685482323391073e-02	1.215935e-05	-2.479553e-05	-7.629395e-06
1.686482323391073e-02	-1.001358e-05	-4.053116e-06	-5.960464e-06
1.687482323391073e-02	1.215935e-05	-2.479553e-05	-7.629395e-06
1.688482323391073e-02	-1.001358e-05	-3.814697e-06	-5.960464e-06
1.689482323391073e-02	1.239777e-05	-2.479553e-05	-7.629395e-06
1.690482323391073e-02	-1.025200e-05	-3.814697e-06	-6.198883e-06
1.691482323391073e-02	1.239777e-05	-2.479553e-05	-7.390976e-06
1.692482323391073e-02	-1.001358e-05	-4.053116e-06	-6.198883e-06
1.693482323391073e-02	1.215935e-05	-2.455711e-05	-7.390976e-06
1.694482323391073e-02	-1.001358e-05	-4.053116e-06	-5.960464e-06
1.695482323391073e-02	1.215935e-05	-2.479553e-05	-7.390976e-06
1.696482323391073e-02	-1.001358e-05	-4.053116e-06	-5.960464e-06
1.697482323391073e-02	1.215935e-05	-2.479553e-05	-7.629395e-06
1.698482323391073e-02	-1.001358e-05	-3.814697e-06	-5.960464e-06
1.699482323391073e-02	1.215935e-05	-2.479553e-05	-7.629395e-06
1.700482323391073e-02	-1.025200e-05	-3.814697e-06	-5.960464e-06
1.701482323391073e-02	1.239777e-05	-2.479553e-05	-7.629395e-06
1.702482323391073e-02	-1.001358e-05	-4.053116e-06	-6.198883e-06
1.703482323391073e-02	1.215935e-05	-2.455711e-05	-7.390976e-06
1.704482323391073e-02	-1.001358e-05	-4.053116e-06	-6.198883e-06
1.705482323391073e-02	1.215935e-05	-2.455711e-05	-7.390976e-06
1.706482323391073e-02	-1.001358e-05	-4.053116e-06	-5.960464e-06
1.707482323391073e-02	1.215935e-05	-2.479553e-05	-7.629395e-06
1.708482323391073e-02	-1.001358e-05	-4.053116e-06	-5.960464e-06
1.709482323391073e-02	1.215935e-05	-2.479553e-05	-7.629395e-06
1.710482323391073e-02	-1.001358e-05	-3.814697e-06	-5.960464e-06
1.711482323391073e-02	1.239777e-05	-2.479553e-05	-7.629395e-06
1.712482323391073e-02	-1.025200e-05	-3.814697e-06	-5.960464e-06
1.713482323391073e-02	1.215935e-05	-2.455711e-05	-7.629395e-06
1.714482323391073e-02	-1.001358e-05	-4.053116e-06	-6.198883e-06
1.715482323391073e-02	1.215935e-05	-2.455711e-05	-7.390976e-06
1.716482323391073e-02	-1.001358e-05	-4.053116e-06	-6.198883e-06
1.717482323391073e-02	1.215935e-05	-2.455711e-05	-7.390976e-06
1.718482323391073e-02	-1.001358e-05	-4.053116e-06	-5.960464e-06
1.719482323391073e-02	1.215935e-05	-2.479553e-05	-7.629395e-06
1.720482323391073e-02	-1.001358e-05	-4.053116e-06	-5.960464e-06
1.721482323391073e-02	1.215935e-05	-2.479553e-05	-7.629395e-06
1.722482323391073e-02	-1.001358e-05	-4.053116e-06	-5.960464e-06
1.723482323391073e-02	1.215935e-05	-2.479553e-05	-7.629395e-06
1.724482323391073e-02	-1.001358e-05	-4.053116e-06	-5.960464e-06
1.725482323391073e-02	1.215935e-05	-2.455711e-05	-7.629395e-06
1.726482323391073e-02	-1.001358e-05	-4.053116e-06	-6.198883e-06
1.727482323391073e-02	1.215935e-05	-2.455711e-05	-7.629395e-06
1.728482323391073e-02	-1.001358e-05	-4.053116e-06	-6.198883e-06
1.729482323391073e-02	1.215935e-05	-2.455711e-05	-7.390976e-06
1.730482323391073e-02	-1.001358e-05	-4.053116e-06	-5.960464e-06
1.731482323391073e-02	1.215935e-05	-2.455711e-05	-7.390976e-06
1.732482323391073e-02	-1.001358e-05	-4.053116e-06	-5.960464e-06
1.733482323391073e-02	1.215935e-05	-2.479553e-05	-7.629395e-06
1.734482323391073e-02	-1.001358e-05	-4.053116e-06	-5.960464e-06
1.735482323391073e-02	1.192093e-05	-2.455711e-05	-7.629395e-06
1.736482323391073e-02	-9.775162e-06	-4.053116e-06	-5.960464e-06
1.737482323391073e-02	1.215935e-05	-2.455711e-05	-7.629395e-06
1.738482323391073e-02	-1.001358e-05	-4.053116e-06	-5.960464e-06
1.739482323391073e-02	1.215935e-05	-2.455711e-05	-7.629395e-06
1.740482323391073e-02	-1.001358e-05	-4.053116e-06	-6.198883e-06
1.741482323391073e-02	1.215935e-05	-2.455711e-05	-7.390976e-06
1.742482323391073e-02	-1.001358e-05	-4.053116e-06	-6.198883e-06
1.743482323391073e-02	1.215935e-05	-2.455711e-05	-7.390976e-06
1.744482323391073e-02	-1.001358e-05	-4.053116e-06	-5.960464e-06
1.745482323391073e-02	1.215935e-05	-2.479553e-05	-7.629395e-06
1.746482323391073e-02	-1.001358e-05	-4.053116e-06	-5.960464e-06
1.747482323391073e-02	1.192093e-05	-2.455711e-05	-7.629395e-06
1.748482323391073e-02	-9.775162e-06	-4.291534e-06	-5.960464e-06
1.749482323391073e-02	1.192093e-05	-2.455711e-05	-7.629395e-06
1.750482323391073e-02	-1.001358e-05	-4.053116e-06	-5.960464e-06
1.751482323391073e-02	1.215935e-05	-2.455711e-05	-7.629395e-06
1.752482323391073e-02	-1.001358e-05	-4.053116e-06	-6.198883e-06
1.753482323391073e-02	1.215935e-05	-2.455711e-05	-7.629395e-06
1.754482323391073e-02	-1.001358e-05	-4.053116e-06	-6.198883e-06
1.755482323391073e-02	1.215935e-05	-2.455711e-05	-7.390976e-06
1.756482323391073e-02	-1.001358e-05	-4.053116e-06	-6.198883e-06
1.757482323391073e-02	1.215935e-05	-2.455711e-05	-7.390976e-06
1.758482323391073e-02	-1.001358e-05	-4.053116e-06	-5.960464e-06
1.759482323391073e-02	1.192093e-05	-2.455711e-05	-7.629395e-06
1.760482323391073e-02	-9.775162e-06	-4.291534e-06	-5.960464e-06
1.761482323391073e-02	1.192093e-05	-2.455711e-05	-7.629395e-06
1.762482323391073e-02	-9.775162e-06	-4.291534e-06	-5.960464e-06
1.763482323391073e-02	1.192093e-05	-2.455711e-05	-7.629395e-06
1.764482323391073e-02	-1.001358e-05	-4.053116e-06	-5.960464e-06
1.765482323391073e-02	1.215935e-05	-2.455711e-05	-7.629395e-06
1.766482323391073e-02	-1.001358e-05	-4.053116e-06	-5.960464e-06
1.767482323391073e-02	1.215935e-05	-2.455711e-05	-7.629395e-06
1.768482323391073e-02	-1.001358e-05	-4.053116e-06	-6.198883e-06
1.769482323391073e-02	1.215935e-05	-2.455711e-05	-7.629395e-06
1.770482323391073e-02	-1.001358e-05	-4.053116e-06	-6.198883e-06
1.771482323391073e-02	1.215935e-05	-2.455711e-05	-7.390976e-06
1.772482323391073e-02	-9.775162e-06	-4.291534e-06	-5.960464e-06
1.773482323391073e-02	1.192093e-05	-2.431870e-05	-7.390976e-06
1.774482323391073e-02	-9.775162e-06	-4.291534e-06	-5.960464e-06
1.775482323391073e-02	1.192093e-05	-2.455711e-05	-7.629395e-06
1.776482323391073e-02	-9.775162e-06	-4.291534e-06	-5.960464e-06
1.777482323391073e-02	1.192093e-05	-2.455711e-05	-7.629395e-06
1.778482323391073e-02	-9.775162e-06	-4.291534e-06	-5.960464e-06
1.779482323391073e-02	1.215935e-05	-2.455711e-05	-7.629395e-06
1.780482323391073e-02	-1.001358e-05	-4.053116e-06	-5.960464e-06
1.781482323391073e-02	1.215935e-05	-2.455711e-05	-7.629395e-06
1.782482323391073e-02	-1.001358e-05	-4.053116e-06	-5.960464e-06
1.783482323391073e-02	1.215935e-05	-2.455711e-05	-7.629395e-06
1.784482323391073e-02	-1.001358e-05	-4.053116e-06	-6.198883e-06
1.785482323391073e-02	1.215935e-05	-2.455711e-05	-7.390976e-06
1.786482323391073e-02	-9.775162e-06	-4.291534e-06	-6.198883e-06
1.787482323391073e-02	1.192093e-05	-2.431870e-05	-7.390976e-06
1.788482323391073e-02	-9.775162e-06	-4.291534e-06	-5.960464e-06
1.789482323391073e-02	1.192093e-05	-2.431870e-05	-7.629395e-06
1.790482323391073e-02	-9.775162e-06	-4.291534e-06	-5.960464e-06
1.791482323391073e-02	1.192093e-05	-2.455711e-05	-7.629395e-06
1.792482323391073e-02	-9.775162e-06	-4.291534e-06	-5.960464e-06
1.793482323391073e-02	1.192093e-05	-2.455711e-05	-7.629395e-06
1.794482323391073e-02	-9.775162e-06	-4.291534e-06	-5.960464e-06
1.795482323391073e-02	1.215935e-05	-2.455711e-05	-7.629395e-06
1.796482323391073e-02	-1.001358e-05	-4.053116e-06	-5.960464e-06
1.797482323391073e-02	1.215935e-05	-2.455711e-05	-7.629395e-06
1.798482323391073e-02	-1.001358e-05	-4.053116e-06	-5.960464e-06
1.799482323391073e-02	1.215935e-05	-2.455711e-05	-7.629395e-06
1.800482323391073e-02	-9.775162e-06	-4.291534e-06	-6.198883e-06
1.801482323391073e-02	1.192093e-05	-2.431870e-05	-7.629395e-06
1.802482323391073e-02	-9.775162e-06	-4.291534e-06	-6.198883e-06
1.803482323391073e-02	1.192093e-05	-2.431870e-05	-7.390976e-06
1.804482323391073e-02	-9.775162e-06	-4.291534e-06	-5.960464e-06
1.805482323391073e-02	1.192093e-05	-2.431870e-05	-7.390976e-06
1.806482323391073e-02	-9.775162e-06	-4.291534e-06	-5.960464e-06
1.807482323391073e-02	1.192093e-05	-2.431870e-05	-7.629395e-06
1.808482323391073e-02	-9.775162e-06	-4.291534e-06	-5.960464e-06
1.809482323391073e-02	1.192093e-05	-2.455711e-05	-7.629395e-06
1.810482323391073e-02	-9.775162e-06	-4.291534e-06	-5.960464e-06
1.811482323391073e-02	1.192093e-05	-2.455711e-05	-7.629395e-06
1.812482323391073e-02	-9.775162e-06	-4.291534e-06	-5.960464e-06
1.813482323391073e-02	1.215935e-05	-2.455711e-05	-7.629395e-06
1.814482323391073e-02	-1.001358e-05	-4.053116e-06	-5.960464e-06
1.815482323391073e-02	1.192093e-05	-2.431870e-05	-7.629395e-06
1.816482323391073e-02	-9.775162e-06	-4.291534e-06	-5.960464e-06
1.817482323391073e-02	1.192093e-05	-2.431870e-05	-7.629395e-06
1.818482323391073e-02	-9.775162e-06	-4.291534e-06	-6.198883e-06
1.819482323391073e-02	1.192093e-05	-2.431870e-05	-7.629395e-06
1.820482323391073e-02	-9.775162e-06	-4.291534e-06	-6.198883e-06
1.821482323391073e-02	1.192093e-05	-2.431870e-05	-7.390976e-06
1.822482323391073e-02	-9.775162e-06	-4.291534e-06	-5.960464e-06
1.823482323391073e-02	1.192093e-05	-2.431870e-05	-7.390976e-06
1.824482323391073e-02	-9.775162e-06	-4.291534e-06	-5.960464e-06
1.825482323391073e-02	1.192093e-05	-2.431870e-05	-7.629395e-06
1.826482323391073e-02	-9.775162e-06	-4.291534e-06	-5.960464e-06
1.827482323391073e-02	1.192093e-05	-2.455711e-05	-7.629395e-06
1.828482323391073e-02	-9.775162e-06	-4.291534e-06	-5.960464e-06
1.829482323391073e-02	1.192093e-05	-2.455711e-05	-7.629395e-06
1.830482323391073e-02	-9.536743e-06	-4.529953e-06	-5.960464e-06
1.831482323391073e-02	1.192093e-05	-2.431870e-05	-7.629395e-06
1.832482323391073e-02	-9.775162e-06	-4.291534e-06	-5.960464e-06
1.833482323391073e-02	1.192093e-05	-2.431870e-05	-7.629395e-06
1.834482323391073e-02	-9.775162e-06	-4.291534e-06	-5.960464e-06
1.835482323391073e-02	1.192093e-05	-2.431870e-05	-7.629395e-06
1.836482323391073e-02	-9.775162e-06	-4.291534e-06	-5.960464e-06
1.837482323391073e-02	1.192093e-05	-2.431870e-05	-7.629395e-06
1.838482323391073e-02	-9.775162e-06	-4.291534e-06	-6.198883e-06
1.839482323391073e-02	1.192093e-05	-2.431870e-05	-7.629395e-06
1.840482323391073e-02	-9.775162e-06	-4.291534e-06	-6.198883e-06
1.841482323391073e-02	1.192093e-05	-2.431870e-05	-7.390976e-06
1.842482323391073e-02	-9.775162e-06	-4.291534e-06	-5.960464e-06
1.843482323391073e-02	1.192093e-05	-2.431870e-05	-7.629395e-06
1.844482323391073e-02	-9.775162e-06	-4.291534e-06	-5.960464e-06
1.845482323391073e-02	1.192093e-05	-2.431870e-05	-7.629395e-06
1.846482323391073e-02	-9.775162e-06	-4.291534e-06	-5.960464e-06
1.847482323391073e-02	1.168251e-05	-2.431870e-05	-7.629395e-06
1.848482323391073e-02	-9.536743e-06	-4.529953e-06	-5.960464e-06
1.849482323391073e-02	1.168251e-05	-2.431870e-05	-7.629395e-06
1.850482323391073e-02	-9.536743e-06	-4.529953e-06	-5.960464e-06
1.851482323391073e-02	1.192093e-05	-2.431870e-05	-7.629395e-06
1.852482323391073e-02	-9.775162e-06	-4.529953e-06	-5.960464e-06
1.853482323391073e-02	1.192093e-05	-2.431870e-05	-7.629395e-06
1.854482323391073e-02	-9.775162e-06	-4.291534e-06	-5.960464e-06
1.855482323391073e-02	1.192093e-05	-2.431870e-05	-7.629395e-06
1.856482323391073e-02	-9.775162e-06	-4.291534e-06	-5.960464e-06
1.857482323391073e-02	1.192093e-05	-2.431870e-05	-7.629395e-06
1.858482323391073e-02	-9.775162e-06	-4.291534e-06	-6.198883e-06
1.859482323391073e-02	1.192093e-05	-2.431870e-05	-7.629395e-06
1.860482323391073e-02	-9.775162e-06	-4.291534e-06	-6.198883e-06
1.861482323391073e-02	1.192093e-05	-2.431870e-05	-7.390976e-06
1.862482323391073e-02	-9.775162e-06	-4.291534e-06	-5.960464e-06
1.863482323391073e-02	1.192093e-05	-2.431870e-05	-7.390976e-06
1.864482323391073e-02	-9.775162e-06	-4.291534e-06	-5.960464e-06
1.865482323391073e-02	1.168251e-05	-2.408028e-05	-7.629395e-06
1.866482323391073e-02	-9.536743e-06	-4.529953e-06	-5.960464e-06
1.867482323391073e-02	1.168251e-05	-2.408028e-05	-7.629395e-06
1.868482323391073e-02	-9.536743e-06	-4.529953e-06	-5.960464e-06
1.869482323391073e-02	1.168251e-05	-2.431870e-05	-7.629395e-06
1.870482323391073e-02	-9.536743e-06	-4.529953e-06	-5.960464e-06
1.871482323391073e-02	1.168251e-05	-2.431870e-05	-7.629395e-06
1.872482323391073e-02	-9.536743e-06	-4.529953e-06	-5.960464e-06
1.873482323391073e-02	1.192093e-05	-2.431870e-05	-7.629395e-06
1.874482323391073e-02	-9.775162e-06	-4.529953e-06	-5.960464e-06
1.875482323391073e-02	1.192093e-05	-2.431870e-05	-7.629395e-06
1.876482323391073e-02	-9.775162e-06	-4.291534e-06	-5.960464e-06
1.877482323391073e-02	1.192093e-05	-2.431870e-05	-7.629395e-06
1.878482323391073e-02	-9.775162e-06	-4.291534e-06	-5.960464e-06
1.879482323391073e-02	1.192093e-05	-2.431870e-05	-7.629395e-06
1.880482323391073e-02	-9.775162e-06	-4.291534e-06	-5.960464e-06
1.881482323391073e-02	1.192093e-05	-2.431870e-05	-7.629395e-06
1.882482323391073e-02	-9.775162e-06	-4.291534e-06	-6.198883e-06
1.883482323391073e-02	1.192093e-05	-2.431870e-05	-7.629395e-06
1.884482323391073e-02	-9.536743e-06	-4.529953e-06	-5.960464e-06
1.885482323391073e-02	1.168251e-05	-2.408028e-05	-7.390976e-06
1.886482323391073e-02	-9.536743e-06	-4.529953e-06	-5.960464e-06
1.887482323391073e-02	1.168251e-05	-2.408028e-05	-7.390976e-06
1.888482323391073e-02	-9.536743e-06	-4.529953e-06	-5.960464e-06
1.889482323391073e-02	1.168251e-05	-2.408028e-05	-7.629395e-06
1.890482323391073e-02	-9.536743e-06	-4.529953e-06	-5.960464e-06
1.891482323391073e-02	1.168251e-05	-2.408028e-05	-7.629395e-06
1.892482323391073e-02	-9.536743e-06	-4.529953e-06	-5.960464e-06
1.893482323391073e-02	1.168251e-05	-2.431870e-05	-7.629395e-06
1.894482323391073e-02	-9.536743e-06	-4.529953e-06	-5.960464e-06
1.895482323391073e-02	1.168251e-05	-2.431870e-05	-7.629395e-06
1.896482323391073e-02	-9.536743e-06	-4.529953e-06	-5.960464e-06
1.897482323391073e-02	1.192093e-05	-2.431870e-05	-7.629395e-06
1.898482323391073e-02	-9.775162e-06	-4.529953e-06	-5.960464e-06
1.899482323391073e-02	1.192093e-05	-2.431870e-05	-7.629395e-06
1.900482323391073e-02	-9.775162e-06	-4.529953e-06	-5.960464e-06
1.901482323391073e-02	1.192093e-05	-2.431870e-05	-7.629395e-06
1.902482323391073e-02	-9.775162e-06	-4.291534e-06	-5.960464e-06
1.903482323391073e-02	1.192093e-05	-2.431870e-05	-7.629395e-06
1.904482323391073e-02	-9.536743e-06	-4.529953e-06	-5.960464e-06
1.905482323391073e-02	1.168251e-05	-2.408028e-05	-7.629395e-06
1.906482323391073e-02	-9.536743e-06	-4.529953e-06	-5.960464e-06
1.907482323391073e-02	1.168251e-05	-2.408028e-05	-7.629395e-06
1.908482323391073e-02	-9.536743e-06	-4.529953e-06	-6.198883e-06
1.909482323391073e-02	1.168251e-05	-2.408028e-05	-7.629395e-06
1.910482323391073e-02	-9.536743e-06	-4.529953e-06	-5.960464e-06
1.911482323391073e-02	1.168251e-05	-2.408028e-05	-7.390976e-06
1.912482323391073e-02	-9.536743e-06	-4.529953e-06	-5.960464e-06
1.913482323391073e-02	1.168251e-05	-2.408028e-05	-7.629395e-06
1.914482323391073e-02	-9.536743e-06	-4.529953e-06	-5.960464e-06
1.915482323391073e-02	1.168251e-05	-2.408028e-05	-7.629395e-06
1.916482323391073e-02	-9.536743e-06	-4.529953e-06	-5.960464e-06
1.917482323391073e-02	1.168251e-05	-2.408028e-05	-7.629395e-06
1.918482323391073e-02	-9.536743e-06	-4.529953e-06	-5.960464e-06
1.919482323391073e-02	1.168251e-05	-2.408028e-05	-7.629395e-06
1.920482323391073e-02	-9.536743e-06	-4.529953e-06	-5.960464e-06
1.921482323391073e-02	1.168251e-05	-2.431870e-05	-7.629395e-06
1.922482323391073e-02	-9.536743e-06	-4.529953e-06	-5.960464e-06
1.923482323391073e-02	1.168251e-05	-2.431870e-05	-7.629395e-06
1.924482323391073e-02	-9.775162e-06	-4.529953e-06	-5.960464e-06
1.925482323391073e-02	1.192093e-05	-2.431870e-05	-7.629395e-06
1.926482323391073e-02	-9.536743e-06	-4.768372e-06	-5.960464e-06
1.927482323391073e-02	1.168251e-05	-2.408028e-05	-7.629395e-06
1.928482323391073e-02	-9.536743e-06	-4.768372e-06	-5.960464e-06
1.929482323391073e-02	1.168251e-05	-2.408028e-05	-7.629395e-06
1.930482323391073e-02	-9.536743e-06	-4.529953e-06	-5.960464e-06
1.931482323391073e-02	1.168251e-05	-2.408028e-05	-7.629395e-06
1.932482323391073e-02	-9.536743e-06	-4.529953e-06	-5.960464e-06
1.933482323391073e-02	1.168251e-05	-2.408028e-05	-7.629395e-06
1.934482323391073e-02	-9.536743e-06	-4.529953e-06	-5.960464e-06
1.935482323391073e-02	1.168251e-05	-2.408028e-05	-7.629395e-06
1.936482323391073e-02	-9.536743e-06	-4.529953e-06	-6.198883e-06
1.937482323391073e-02	1.168251e-05	-2.408028e-05	-7.629395e-06
1.938482323391073e-02	-9.536743e-06	-4.529953e-06	-5.960464e-06
1.939482323391073e-02	1.168251e-05	-2.408028e-05	-7.629395e-06
1.940482323391073e-02	-9.536743e-06	-4.529953e-06	-5.960464e-06
1.941482323391073e-02	1.168251e-05	-2.408028e-05	-7.390976e-06
1.942482323391073e-02	-9.536743e-06	-4.529953e-06	-5.960464e-06
1.943482323391073e-02	1.168251e-05	-2.408028e-05	-7.629395e-06
1.944482323391073e-02	-9.536743e-06	-4.529953e-06	-5.960464e-06
1.945482323391073e-02	1.168251e-05	-2.408028e-05	-7.629395e-06
1.946482323391073e-02	-9.536743e-06	-4.529953e-06	-5.960464e-06
1.947482323391073e-02	1.168251e-05	-2.408028e-05	-7.629395e-06
1.948482323391073e-02	-9.536743e-06	-4.529953e-06	-5.960464e-06
1.949482323391073e-02	1.168251e-05	-2.408028e-05	-7.629395e-06
1.950482323391073e-02	-9.298325e-06	-4.768372e-06	-5.960464e-06
1.951482323391073e-02	1.144409e-05	-2.384186e-05	-7.629395e-06
1.952482323391073e-02	-9.298325e-06	-4.768372e-06	-5.960464e-06
1.953482323391073e-02	1.144409e-05	-2.408028e-05	-7.629395e-06
1.954482323391073e-02	-9.298325e-06	-4.768372e-06	-5.960464e-06
1.955482323391073e-02	1.168251e-05	-2.408028e-05	-7.629395e-06
1.956482323391073e-02	-9.536743e-06	-4.768372e-06	-5.960464e-06
1.957482323391073e-02	1.168251e-05	-2.408028e-05	-7.629395e-06
1.958482323391073e-02	-9.536743e-06	-4.768372e-06	-5.960464e-06
1.959482323391073e-02	1.168251e-05	-2.408028e-05	-7.629395e-06
1.960482323391073e-02	-9.536743e-06	-4.768372e-06	-5.960464e-06
1.961482323391073e-02	1.168251e-05	-2.408028e-05	-7.629395e-06
1.962482323391073e-02	-9.536743e-06	-4.529953e-06	-5.960464e-06
1.963482323391073e-02	1.168251e-05	-2.408028e-05	-7.629395e-06
1.964482323391073e-02	-9.536743e-06	-4.529953e-06	-5.960464e-06
1.965482323391073e-02	1.168251e-05	-2.408028e-05	-7.629395e-06
1.966482323391073e-02	-9.536743e-06	-4.529953e-06	-5.960464e-06
1.967482323391073e-02	1.168251e-05	-2.408028e-05	-7.629395e-06
1.968482323391073e-02	-9.536743e-06	-4.529953e-06	-5.960464e-06
1.969482323391073e-02	1.168251e-05	-2.408028e-05	-7.629395e-06
1.970482323391073e-02	-9.536743e-06	-4.529953e-06	-6.198883e-06
1.971482323391073e-02	1.168251e-05	-2.408028e-05	-7.629395e-06
1.972482323391073e-02	-9.536743e-06	-4.529953e-06	-5.960464e-06
1.973482323391073e-02	1.168251e-05	-2.408028e-05	-7.629395e-06
1.974482323391073e-02	-9.536743e-06	-4.529953e-06	-5.960464e-06
1.975482323391073e-02	1.168251e-05	-2.408028e-05	-7.629395e-06
1.976482323391073e-02	-9.298325e-06	-4.768372e-06	-5.960464e-06
1.977482323391073e-02	1.144409e-05	-2.384186e-05	-7.629395e-06
1.978482323391073e-02	-9.298325e-06	-4.768372e-06	-5.960464e-06
1.979482323391073e-02	1.144409e-05	-2.384186e-05	-7.629395e-06
1.980482323391073e-02	-9.298325e-06	-4.768372e-06	-5.960464e-06
1.981482323391073e-02	1.144409e-05	-2.384186e-05	-7.629395e-06
1.982482323391073e-02	-9.298325e-06	-4.768372e-06	-5.960464e-06
1.983482323391073e-02	1.144409e-05	-2.384186e-05	-7.629395e-06
1.984482323391073e-02	-9.298325e-06	-4.768372e-06	-5.960464e-06
1.985482323391073e-02	1.144409e-05	-2.384186e-05	-7.629395e-06
1.986482323391073e-02	-9.298325e-06	-4.768372e-06	-5.960464e-06
1.987482323391073e-02	1.144409e-05	-2.384186e-05	-7.629395e-06
1.988482323391073e-02	-9.298325e-06	-4.768372e-06	-5.960464e-06
1.989482323391073e-02	1.144409e-05	-2.408028e-05	-7.629395e-06
1.990482323391073e-02	-9.298325e-06	-4.768372e-06	-5.960464e-06
1.991482323391073e-02	1.168251e-05	-2.408028e-05	-7.629395e-06
1.992482323391073e-02	-9.536743e-06	-4.768372e-06	-5.960464e-06
1.993482323391073e-02	1.168251e-05	-2.408028e-05	-7.629395e-06
1.994482323391073e-02	-9.536743e-06	-4.768372e-06	-5.960464e-06
1.995482323391073e-02	1.168251e-05	-2.408028e-05	-7.629395e-06
1.996482323391073e-02	-9.536743e-06	-4.768372e-06	-5.960464e-06
1.997482323391073e-02	1.168251e-05	-2.408028e-05	-7.629395e-06
1.998482323391073e-02	-9.536743e-06	-4.768372e-06	-5.960464e-06
1.999482323391073e-02	1.168251e-05	-2.408028e-05	-7.629395e-06
2.000000000000000e-02	-9.536743e-06	-4.768372e-06	-5.960464e-06
2.000010000000000e-02	1.144409e-05	-2.384186e-05	-7.629395e-06
2.000020000000000e-02	-8.344650e-06	-5.722046e-06	-5.960464e-06
2.000020776211837e-02	1.192093e-06	-1.430511e-05	-6.914139e-06
2.000022328635512e-02	2.145767e-06	-1.549721e-05	-6.675720e-06
2.000025433482861e-02	1.430511e-06	-1.454353e-05	-6.914139e-06
2.000031156507536e-02	2.622604e-06	-1.597404e-05	-6.914139e-06
2.000041333368548e-02	1.907349e-06	-1.502037e-05	-6.914139e-06
2.000060324641045e-02	2.861023e-06	-1.621246e-05	-6.914139e-06
2.000091036867369e-02	2.384186e-06	-1.549721e-05	-7.152557e-06
2.000149570698709e-02	9.536743e-07	-1.382828e-05	-7.152557e-06
2.000219552367261e-02	-2.861023e-06	-9.536743e-06	-7.629395e-06
2.000314643274344e-02	-4.768372e-07	-1.263618e-05	-6.914139e-06
2.000409852950721e-02	9.632111e-05	-1.132488e-03	1.015663e-03
2.000521435008001e-02	5.416393e-03	-8.267164e-03	2.830029e-03
2.000677687346336e-02	1.333261e-02	-1.686859e-02	3.514767e-03
2.000842144619399e-02	2.013588e-02	-2.387810e-02	3.721237e-03
2.001019524611905e-02	2.804518e-02	-3.157759e-02	3.511429e-03
2.001207819637473e-02	3.593636e-02	-3.927851e-02	3.321171e-03
2.001584409688608e-02	5.424643e-02	-5.597663e-02	1.709223e-03
2.002337589790877e-02	1.077268e-01	-9.888935e-02	-8.859396e-03
2.003337589790877e-02	1.957541e-01	-1.655033e-01	-3.027463e-02
2.004337589790877e-02	2.673016e-01	-2.225454e-01	-4.478168e-02
2.004462589790877e-02	2.750969e-01	-2.290251e-01	-4.609752e-02
2.004712589790877e-02	2.900898e-01	-2.415812e-01	-4.853487e-02
2.005212589790877e-02	3.165636e-01	-2.644737e-01	-5.211687e-02
2.005426093864494e-02	-3.313520e-01	1.966012e-01	1.347342e-01
2.005549434851650e-02	-6.655228e-01	3.800943e-01	2.864733e-01
2.005619479196142e-02	-7.000678e-01	4.022920e-01	3.012013e-01
2.005687856475187e-02	-7.262130e-01	4.196427e-01	3.149412e-01
2.005754866669208e-02	-7.490256e-01	4.348726e-01	3.307593e-01
2.005858771724752e-02	-7.817986e-01	4.593050e-01	3.602993e-01
2.005993100813360e-02	-8.178914e-01	4.946895e-01	4.061124e-01
2.006147994286853e-02	-8.488624e-01	5.446863e-01	4.655166e-01
2.006362253536963e-02	-8.778470e-01	6.301959e-01	5.607240e-01
2.006722093352949e-02	-8.978436e-01	7.771385e-01	7.576835e-01
2.007107233750001e-02	-8.962872e-01	9.593101e-01	9.463062e-01
2.007487621844363e-02	-8.928893e-01	1.133922e+00	1.124997e+00
2.007879632714308e-02	-8.762021e-01	1.303223e+00	1.298594e+00
2.008429123794810e-02	-8.328335e-01	1.528902e+00	1.530349e+00
2.008988687562881e-02	-7.666845e-01	1.748015e+00	1.756217e+00
2.009347624924177e-02	-7.024121e-01	1.879197e+00	1.891755e+00
2.009544428990920e-02	-6.399102e-01	1.939169e+00	1.954278e+00
2.009727013551520e-02	-5.436068e-01	1.978755e+00	1.996118e+00
2.009792291716966e-02	-5.096979e-01	1.993961e+00	2.012201e+00
2.009853924469958e-02	-4.716663e-01	2.005793e+00	2.024722e+00
2.009947704968844e-02	-4.183443e-01	2.026618e+00	2.046744e+00
2.010135265966615e-02	-3.005209e-01	2.064929e+00	2.087187e+00
2.010510387962157e-02	-5.724072e-02	2.144099e+00	2.170607e+00
2.011260631953241e-02	4.660094e-01	2.299043e+00	2.333259e+00
2.012260631953241e-02	9.302850e-01	2.601902e+00	2.646418e+00
2.013260631953241e-02	1.313619e+00	2.903419e+00	2.925159e+00
2.014260631953241e-02	1.852626e+00	3.044153e+00	3.050517e+00
2.015260631953241e-02	2.401776e+00	3.096003e+00	3.098517e+00
2.016260631953241e-02	2.922103e+00	3.116651e+00	3.117887e+00
2.017260631953241e-02	3.151403e+00	3.188519e+00	3.188942e+00
2.018260631953241e-02	3.213331e+00	3.226297e+00	3.226502e+00
2.019260631953241e-02	3.229079e+00	3.236033e+00	3.236148e+00
2.020260631953241e-02	3.234145e+00	3.238582e+00	3.238659e+00
2.021260631953241e-02	3.236546e+00	3.239406e+00	3.239441e+00
2.022260631953241e-02	3.237805e+00	3.239774e+00	3.239800e+00
2.023260631953241e-02	3.238614e+00	3.239922e+00	3.239927e+00
2.024260631953241e-02	3.239086e+00	3.240012e+00	3.240022e+00
2.025260631953241e-02	3.239446e+00	3.240047e+00	3.240045e+00
2.026260631953241e-02	3.239637e+00	3.240083e+00	3.240089e+00
2.027260631953241e-02	3.239816e+00	3.240089e+00	3.240084e+00
2.028260631953241e-02	3.239887e+00	3.240108e+00	3.240113e+00
2.029260631953241e-02	3.239986e+00	3.240105e+00	3.240100e+00
2.030260631953241e-02	3.240004e+00	3.240119e+00	3.240124e+00
2.031260631953241e-02	3.240066e+00	3.240113e+00	3.240108e+00
2.032260631953241e-02	3.240060e+00	3.240123e+00	3.240129e+00
2.033260631953241e-02	3.240104e+00	3.240116e+00	3.240111e+00
2.034260631953241e-02	3.240086e+00	3.240126e+00	3.240131e+00
2.035260631953241e-02	3.240122e+00	3.240117e+00	3.240113e+00
2.036260631953241e-02	3.240099e+00	3.240126e+00	3.240131e+00
2.037260631953241e-02	3.240130e+00	3.240119e+00	3.240114e+00
2.038260631953241e-02	3.240105e+00	3.240127e+00	3.240132e+00
2.039260631953241e-02	3.240134e+00	3.240119e+00	3.240114e+00
2.040260631953241e-02	3.240108e+00	3.240127e+00	3.240132e+00
2.041260631953241e-02	3.240136e+00	3.240119e+00	3.240114e+00
2.042260631953241e-02	3.240109e+00	3.240127e+00	3.240132e+00
2.043260631953241e-02	3.240137e+00	3.240119e+00	3.240114e+00
2.044260631953241e-02	3.240110e+00	3.240127e+00	3.240132e+00
2.045260631953241e-02	3.240137e+00	3.240119e+00	3.240114e+00
2.046260631953241e-02	3.240111e+00	3.240127e+00	3.240132e+00
2.047260631953241e-02	3.240137e+00	3.240119e+00	3.240114e+00
2.048260631953241e-02	3.240111e+00	3.240127e+00	3.240132e+00
2.049260631953241e-02	3.240137e+00	3.240120e+00	3.240115e+00
2.050260631953241e-02	3.240111e+00	3.240127e+00	3.240132e+00
2.051260631953241e-02	3.240137e+00	3.240120e+00	3.240115e+00
2.052260631953241e-02	3.240112e+00	3.240127e+00	3.240132e+00
2.053260631953241e-02	3.240137e+00	3.240120e+00	3.240115e+00
2.054260631953241e-02	3.240112e+00	3.240126e+00	3.240131e+00
2.055260631953241e-02	3.240137e+00	3.240120e+00	3.240115e+00
2.056260631953241e-02	3.240112e+00	3.240126e+00	3.240131e+00
2.057260631953241e-02	3.240136e+00	3.240120e+00	3.240115e+00
2.058260631953241e-02	3.240112e+00	3.240127e+00	3.240131e+00
2.059260631953241e-02	3.240136e+00	3.240120e+00	3.240114e+00
2.060260631953241e-02	3.240112e+00	3.240127e+00	3.240132e+00
2.061260631953241e-02	3.240136e+00	3.240120e+00	3.240115e+00
2.062260631953241e-02	3.240112e+00	3.240127e+00	3.240132e+00
2.063260631953241e-02	3.240136e+00	3.240120e+00	3.240115e+00
2.064260631953241e-02	3.240112e+00	3.240126e+00	3.240131e+00
2.065260631953241e-02	3.240136e+00	3.240120e+00	3.240115e+00
2.066260631953241e-02	3.240113e+00	3.240126e+00	3.240131e+00
2.067260631953241e-02	3.240136e+00	3.240120e+00	3.240115e+00
2.068260631953241e-02	3.240113e+00	3.240126e+00	3.240131e+00
2.069260631953241e-02	3.240136e+00	3.240120e+00	3.240115e+00
2.070260631953241e-02	3.240113e+00	3.240126e+00	3.240131e+00
2.071260631953241e-02	3.240135e+00	3.240120e+00	3.240116e+00
2.072260631953241e-02	3.240113e+00	3.240126e+00	3.240131e+00
2.073260631953241e-02	3.240135e+00	3.240120e+00	3.240116e+00
2.074260631953241e-02	3.240113e+00	3.240126e+00	3.240131e+00
2.075260631953241e-02	3.240135e+00	3.240120e+00	3.240116e+00
2.076260631953241e-02	3.240113e+00	3.240126e+00	3.240130e+00
2.077260631953241e-02	3.240135e+00	3.240120e+00	3.240116e+00
2.078260631953241e-02	3.240114e+00	3.240126e+00	3.240130e+00
2.079260631953241e-02	3.240135e+00	3.240121e+00	3.240115e+00
2.080260631953241e-02	3.240113e+00	3.240126e+00	3.240130e+00
2.081260631953241e-02	3.240135e+00	3.240121e+00	3.240115e+00
2.082260631953241e-02	3.240114e+00	3.240126e+00	3.240131e+00
2.083260631953241e-02	3.240134e+00	3.240121e+00	3.240115e+00
2.084260631953241e-02	3.240114e+00	3.240126e+00	3.240131e+00
2.085260631953241e-02	3.240135e+00	3.240121e+00	3.240116e+00
2.086260631953241e-02	3.240114e+00	3.240125e+00	3.240131e+00
2.087260631953241e-02	3.240134e+00	3.240121e+00	3.240116e+00
2.088260631953241e-02	3.240114e+00	3.240125e+00	3.240130e+00
2.089260631953241e-02	3.240134e+00	3.240121e+00	3.240116e+00
2.090260631953241e-02	3.240114e+00	3.240125e+00	3.240130e+00
2.091260631953241e-02	3.240134e+00	3.240121e+00	3.240116e+00
2.092260631953241e-02	3.240114e+00	3.240125e+00	3.240130e+00
2.093260631953241e-02	3.240134e+00	3.240121e+00	3.240116e+00
2.094260631953241e-02	3.240114e+00	3.240125e+00	3.240130e+00
2.095260631953241e-02	3.240134e+00	3.240121e+00	3.240116e+00
2.096260631953241e-02	3.240115e+00	3.240125e+00	3.240130e+00
2.097260631953241e-02	3.240134e+00	3.240121e+00	3.240117e+00
2.098260631953241e-02	3.240115e+00	3.240125e+00	3.240130e+00
2.099260631953241e-02	3.240134e+00	3.240121e+00	3.240117e+00
2.100260631953241e-02	3.240115e+00	3.240125e+00	3.240130e+00
2.101260631953241e-02	3.240133e+00	3.240121e+00	3.240117e+00
2.102260631953241e-02	3.240115e+00	3.240125e+00	3.240129e+00
2.103260631953241e-02	3.240133e+00	3.240122e+00	3.240116e+00
2.104260631953241e-02	3.240115e+00	3.240125e+00	3.240129e+00
2.105260631953241e-02	3.240133e+00	3.240122e+00	3.240116e+00
2.106260631953241e-02	3.240115e+00	3.240125e+00	3.240130e+00
2.107260631953241e-02	3.240133e+00	3.240122e+00	3.240116e+00
2.108260631953241e-02	3.240115e+00	3.240125e+00	3.240130e+00
2.109260631953241e-02	3.240133e+00	3.240122e+00	3.240116e+00
2.110260631953241e-02	3.240115e+00	3.240125e+00	3.240130e+00
2.111260631953241e-02	3.240133e+00	3.240121e+00	3.240116e+00
2.112260631953241e-02	3.240115e+00	3.240125e+00	3.240130e+00
2.113260631953241e-02	3.240133e+00	3.240121e+00	3.240117e+00
2.114260631953241e-02	3.240116e+00	3.240125e+00	3.240130e+00
2.115260631953241e-02	3.240133e+00	3.240121e+00	3.240117e+00
2.116260631953241e-02	3.240116e+00	3.240125e+00	3.240130e+00
2.117260631953241e-02	3.240133e+00	3.240122e+00	3.240117e+00
2.118260631953241e-02	3.240116e+00	3.240125e+00	3.240129e+00
2.119260631953241e-02	3.240133e+00	3.240122e+00	3.240117e+00
2.120260631953241e-02	3.240116e+00	3.240125e+00	3.240129e+00
2.121260631953241e-02	3.240132e+00	3.240122e+00	3.240117e+00
2.122260631953241e-02	3.240116e+00	3.240125e+00	3.240129e+00
2.123260631953241e-02	3.240132e+00	3.240122e+00	3.240117e+00
2.124260631953241e-02	3.240116e+00	3.240125e+00	3.240129e+00
2.125260631953241e-02	3.240132e+00	3.240122e+00	3.240117e+00
2.126260631953241e-02	3.240116e+00	3.240124e+00	3.240129e+00
2.127260631953241e-02	3.240132e+00	3.240122e+00	3.240117e+00
2.128260631953241e-02	3.240116e+00	3.240124e+00	3.240129e+00
2.129260631953241e-02	3.240132e+00	3.240122e+00	3.240118e+00
2.130260631953241e-02	3.240116e+00	3.240124e+00	3.240129e+00
2.131260631953241e-02	3.240132e+00	3.240122e+00	3.240117e+00
2.132260631953241e-02	3.240117e+00	3.240124e+00	3.240129e+00
2.133260631953241e-02	3.240132e+00	3.240122e+00	3.240117e+00
2.134260631953241e-02	3.240116e+00	3.240124e+00	3.240130e+00
2.135260631953241e-02	3.240132e+00	3.240122e+00	3.240117e+00
2.136260631953241e-02	3.240117e+00	3.240124e+00	3.240129e+00
2.137260631953241e-02	3.240132e+00	3.240122e+00	3.240117e+00
2.138260631953241e-02	3.240117e+00	3.240124e+00	3.240129e+00
2.139260631953241e-02	3.240131e+00	3.240122e+00	3.240117e+00
2.140260631953241e-02	3.240117e+00	3.240124e+00	3.240129e+00
2.141260631953241e-02	3.240132e+00	3.240122e+00	3.240117e+00
2.142260631953241e-02	3.240117e+00	3.240124e+00	3.240129e+00
2.143260631953241e-02	3.240131e+00	3.240122e+00	3.240117e+00
2.144260631953241e-02	3.240117e+00	3.240124e+00	3.240129e+00
2.145260631953241e-02	3.240131e+00	3.240122e+00	3.240117e+00
2.146260631953241e-02	3.240117e+00	3.240124e+00	3.240129e+00
2.147260631953241e-02	3.240131e+00	3.240122e+00	3.240117e+00
2.148260631953241e-02	3.240117e+00	3.240124e+00	3.240129e+00
2.149260631953241e-02	3.240131e+00	3.240123e+00	3.240118e+00
2.150260631953241e-02	3.240117e+00	3.240124e+00	3.240129e+00
2.151260631953241e-02	3.240131e+00	3.240123e+00	3.240118e+00
2.152260631953241e-02	3.240117e+00	3.240124e+00	3.240129e+00
2.153260631953241e-02	3.240131e+00	3.240123e+00	3.240118e+00
2.154260631953241e-02	3.240117e+00	3.240124e+00	3.240129e+00
2.155260631953241e-02	3.240131e+00	3.240123e+00	3.240118e+00
2.156260631953241e-02	3.240118e+00	3.240124e+00	3.240129e+00
2.157260631953241e-02	3.240131e+00	3.240123e+00	3.240118e+00
2.158260631953241e-02	3.240118e+00	3.240124e+00	3.240129e+00
2.159260631953241e-02	3.240131e+00	3.240123e+00	3.240118e+00
2.160260631953241e-02	3.240118e+00	3.240124e+00	3.240129e+00
2.161260631953241e-02	3.240131e+00	3.240123e+00	3.240118e+00
2.162260631953241e-02	3.240118e+00	3.240124e+00	3.240129e+00
2.163260631953241e-02	3.240131e+00	3.240123e+00	3.240118e+00
2.164260631953241e-02	3.240118e+00	3.240124e+00	3.240129e+00
2.165260631953241e-02	3.240130e+00	3.240123e+00	3.240118e+00
2.166260631953241e-02	3.240118e+00	3.240124e+00	3.240129e+00
2.167260631953241e-02	3.240130e+00	3.240123e+00	3.240117e+00
2.168260631953241e-02	3.240118e+00	3.240124e+00	3.240129e+00
2.169260631953241e-02	3.240130e+00	3.240123e+00	3.240118e+00
2.170260631953241e-02	3.240118e+00	3.240124e+00	3.240129e+00
2.171260631953241e-02	3.240130e+00	3.240123e+00	3.240118e+00
2.172260631953241e-02	3.240118e+00	3.240124e+00	3.240129e+00
2.173260631953241e-02	3.240130e+00	3.240123e+00	3.240118e+00
2.174260631953241e-02	3.240118e+00	3.240124e+00	3.240129e+00
2.175260631953241e-02	3.240130e+00	3.240123e+00	3.240118e+00
2.176260631953241e-02	3.240118e+00	3.240124e+00	3.240129e+00
2.177260631953241e-02	3.240130e+00	3.240123e+00	3.240118e+00
2.178260631953241e-02	3.240118e+00	3.240124e+00	3.240128e+00
2.179260631953241e-02	3.240130e+00	3.240123e+00	3.240118e+00
2.180260631953241e-02	3.240118e+00	3.240123e+00	3.240128e+00
2.181260631953241e-02	3.240130e+00	3.240123e+00	3.240118e+00
2.182260631953241e-02	3.240118e+00	3.240123e+00	3.240128e+00
2.183260631953241e-02	3.240130e+00	3.240123e+00	3.240118e+00
2.184260631953241e-02	3.240118e+00	3.240123e+00	3.240128e+00
2.185260631953241e-02	3.240130e+00	3.240123e+00	3.240118e+00
2.186260631953241e-02	3.240119e+00	3.240123e+00	3.240128e+00
2.187260631953241e-02	3.240130e+00	3.240123e+00	3.240118e+00
2.188260631953241e-02	3.240119e+00	3.240123e+00	3.240128e+00
2.189260631953241e-02	3.240130e+00	3.240123e+00	3.240118e+00
2.190260631953241e-02	3.240119e+00	3.240123e+00	3.240128e+00
2.191260631953241e-02	3.240130e+00	3.240123e+00	3.240118e+00
2.192260631953241e-02	3.240119e+00	3.240123e+00	3.240129e+00
2.193260631953241e-02	3.240130e+00	3.240123e+00	3.240118e+00
2.194260631953241e-02	3.240119e+00	3.240123e+00	3.240129e+00
2.195260631953241e-02	3.240130e+00	3.240123e+00	3.240119e+00
2.196260631953241e-02	3.240119e+00	3.240123e+00	3.240129e+00
2.197260631953241e-02	3.240129e+00	3.240123e+00	3.240119e+00
2.198260631953241e-02	3.240119e+00	3.240123e+00	3.240129e+00
2.199260631953241e-02	3.240129e+00	3.240123e+00	3.240119e+00
2.200260631953241e-02	3.240119e+00	3.240123e+00	3.240129e+00
2.201260631953241e-02	3.240129e+00	3.240123e+00	3.240119e+00
2.202260631953241e-02	3.240119e+00	3.240123e+00	3.240129e+00
2.203260631953241e-02	3.240129e+00	3.240123e+00	3.240119e+00
2.204260631953241e-02	3.240119e+00	3.240123e+00	3.240128e+00
2.205260631953241e-02	3.240129e+00	3.240123e+00	3.240119e+00
2.206260631953241e-02	3.240119e+00	3.240123e+00	3.240128e+00
2.207260631953241e-02	3.240129e+00	3.240123e+00	3.240119e+00
2.208260631953241e-02	3.240119e+00	3.240123e+00	3.240128e+00
2.209260631953241e-02	3.240129e+00	3.240123e+00	3.240119e+00
2.210260631953241e-02	3.240119e+00	3.240123e+00	3.240128e+00
2.211260631953241e-02	3.240129e+00	3.240123e+00	3.240119e+00
2.212260631953241e-02	3.240119e+00	3.240123e+00	3.240128e+00
2.213260631953241e-02	3.240129e+00	3.240123e+00	3.240119e+00
2.214260631953241e-02	3.240119e+00	3.240123e+00	3.240128e+00
2.215260631953241e-02	3.240129e+00	3.240123e+00	3.240118e+00
2.216260631953241e-02	3.240120e+00	3.240123e+00	3.240128e+00
2.217260631953241e-02	3.240129e+00	3.240124e+00	3.240118e+00
2.218260631953241e-02	3.240119e+00	3.240123e+00	3.240128e+00
2.219260631953241e-02	3.240129e+00	3.240124e+00	3.240118e+00
2.220260631953241e-02	3.240119e+00	3.240123e+00	3.240128e+00
2.221260631953241e-02	3.240129e+00	3.240124e+00	3.240118e+00
2.222260631953241e-02	3.240119e+00	3.240123e+00	3.240128e+00
2.223260631953241e-02	3.240129e+00	3.240124e+00	3.240118e+00
2.224260631953241e-02	3.240120e+00	3.240123e+00	3.240128e+00
2.225260631953241e-02	3.240129e+00	3.240124e+00	3.240119e+00
2.226260631953241e-02	3.240120e+00	3.240123e+00	3.240128e+00
2.227260631953241e-02	3.240129e+00	3.240124e+00	3.240119e+00
2.228260631953241e-02	3.240120e+00	3.240123e+00	3.240128e+00
2.229260631953241e-02	3.240128e+00	3.240124e+00	3.240119e+00
2.230260631953241e-02	3.240120e+00	3.240123e+00	3.240128e+00
2.231260631953241e-02	3.240128e+00	3.240124e+00	3.240119e+00
2.232260631953241e-02	3.240120e+00	3.240123e+00	3.240128e+00
2.233260631953241e-02	3.240128e+00	3.240124e+00	3.240119e+00
2.234260631953241e-02	3.240120e+00	3.240123e+00	3.240128e+00
2.235260631953241e-02	3.240128e+00	3.240124e+00	3.240119e+00
2.236260631953241e-02	3.240120e+00	3.240123e+00	3.240128e+00
2.237260631953241e-02	3.240128e+00	3.240124e+00	3.240119e+00
2.238260631953241e-02	3.240120e+00	3.240123e+00	3.240127e+00
2.239260631953241e-02	3.240128e+00	3.240124e+00	3.240119e+00
2.240260631953241e-02	3.240120e+00	3.240123e+00	3.240127e+00
2.241260631953241e-02	3.240128e+00	3.240124e+00	3.240119e+00
2.242260631953241e-02	3.240120e+00	3.240123e+00	3.240127e+00
2.243260631953241e-02	3.240128e+00	3.240124e+00	3.240119e+00
2.244260631953241e-02	3.240120e+00	3.240123e+00	3.240127e+00
2.245260631953241e-02	3.240128e+00	3.240124e+00	3.240119e+00
2.246260631953241e-02	3.240120e+00	3.240123e+00	3.240127e+00
2.247260631953241e-02	3.240128e+00	3.240124e+00	3.240119e+00
2.248260631953241e-02	3.240120e+00	3.240123e+00	3.240127e+00
2.249260631953241e-02	3.240128e+00	3.240124e+00	3.240119e+00
2.250260631953241e-02	3.240120e+00	3.240123e+00	3.240127e+00
2.251260631953241e-02	3.240128e+00	3.240124e+00	3.240119e+00
2.252260631953241e-02	3.240120e+00	3.240123e+00	3.240128e+00
2.253260631953241e-02	3.240128e+00	3.240124e+00	3.240119e+00
2.254260631953241e-02	3.240120e+00	3.240123e+00	3.240128e+00
2.255260631953241e-02	3.240128e+00	3.240124e+00	3.240119e+00
2.256260631953241e-02	3.240120e+00	3.240123e+00	3.240128e+00
2.257260631953241e-02	3.240128e+00	3.240124e+00	3.240119e+00
2.258260631953241e-02	3.240120e+00	3.240123e+00	3.240128e+00
2.259260631953241e-02	3.240128e+00	3.240124e+00	3.240119e+00
2.260260631953241e-02	3.240120e+00	3.240123e+00	3.240128e+00
2.261260631953241e-02	3.240128e+00	3.240124e+00	3.240119e+00
2.262260631953241e-02	3.240120e+00	3.240123e+00	3.240128e+00
2.263260631953241e-02	3.240128e+00	3.240124e+00	3.240119e+00
2.264260631953241e-02	3.240120e+00	3.240123e+00	3.240128e+00
2.265260631953241e-02	3.240128e+00	3.240124e+00	3.240119e+00
2.266260631953241e-02	3.240121e+00	3.240123e+00	3.240128e+00
2.267260631953241e-02	3.240128e+00	3.240124e+00	3.240119e+00
2.268260631953241e-02	3.240121e+00	3.240123e+00	3.240128e+00
2.269260631953241e-02	3.240128e+00	3.240124e+00	3.240119e+00
2.270260631953241e-02	3.240121e+00	3.240123e+00	3.240128e+00
2.271260631953241e-02	3.240128e+00	3.240124e+00	3.240119e+00
2.272260631953241e-02	3.240121e+00	3.240122e+00	3.240128e+00
2.273260631953241e-02	3.240128e+00	3.240124e+00	3.240119e+00
2.274260631953241e-02	3.240121e+00	3.240122e+00	3.240128e+00
2.275260631953241e-02	3.240128e+00	3.240124e+00	3.240119e+00
2.276260631953241e-02	3.240121e+00	3.240122e+00	3.240128e+00
2.277260631953241e-02	3.240128e+00	3.240124e+00	3.240119e+00
2.278260631953241e-02	3.240121e+00	3.240122e+00	3.240128e+00
2.279260631953241e-02	3.240128e+00	3.240124e+00	3.240119e+00
2.280260631953241e-02	3.240121e+00	3.240122e+00	3.240128e+00
2.281260631953241e-02	3.240127e+00	3.240124e+00	3.240119e+00
2.282260631953241e-02	3.240121e+00	3.240122e+00	3.240127e+00
2.283260631953241e-02	3.240127e+00	3.240124e+00	3.240119e+00
2.284260631953241e-02	3.240121e+00	3.240122e+00	3.240127e+00
2.285260631953241e-02	3.240127e+00	3.240124e+00	3.240119e+00
2.286260631953241e-02	3.240121e+00	3.240122e+00	3.240127e+00
2.287260631953241e-02	3.240127e+00	3.240124e+00	3.240119e+00
2.288260631953241e-02	3.240121e+00	3.240122e+00	3.240127e+00
2.289260631953241e-02	3.240127e+00	3.240124e+00	3.240119e+00
2.290260631953241e-02	3.240121e+00	3.240122e+00	3.240127e+00
2.291260631953241e-02	3.240127e+00	3.240124e+00	3.240119e+00
2.292260631953241e-02	3.240121e+00	3.240122e+00	3.240127e+00
2.293260631953241e-02	3.240127e+00	3.240124e+00	3.240119e+00
2.294260631953241e-02	3.240121e+00	3.240122e+00	3.240127e+00
2.295260631953241e-02	3.240127e+00	3.240124e+00	3.240119e+00
2.296260631953241e-02	3.240121e+00	3.240122e+00	3.240127e+00
2.297260631953241e-02	3.240127e+00	3.240124e+00	3.240119e+00
2.298260631953241e-02	3.240121e+00	3.240122e+00	3.240127e+00
2.299260631953241e-02	3.240127e+00	3.240124e+00	3.240119e+00
2.300260631953241e-02	3.240121e+00	3.240122e+00	3.240127e+00
2.301260631953241e-02	3.240127e+00	3.240124e+00	3.240119e+00
2.302260631953241e-02	3.240121e+00	3.240122e+00	3.240127e+00
2.303260631953241e-02	3.240127e+00	3.240124e+00	3.240119e+00
2.304260631953241e-02	3.240121e+00	3.240122e+00	3.240127e+00
2.305260631953241e-02	3.240127e+00	3.240124e+00	3.240119e+00
2.306260631953241e-02	3.240121e+00	3.240122e+00	3.240127e+00
2.307260631953241e-02	3.240127e+00	3.240124e+00	3.240119e+00
2.308260631953241e-02	3.240121e+00	3.240122e+00	3.240127e+00
2.309260631953241e-02	3.240127e+00	3.240124e+00	3.240119e+00
2.310260631953241e-02	3.240121e+00	3.240122e+00	3.240127e+00
2.311260631953241e-02	3.240127e+00	3.240124e+00	3.240119e+00
2.312260631953241e-02	3.240121e+00	3.240122e+00	3.240127e+00
2.313260631953241e-02	3.240127e+00	3.240124e+00	3.240119e+00
2.314260631953241e-02	3.240121e+00	3.240122e+00	3.240127e+00
2.315260631953241e-02	3.240127e+00	3.240124e+00	3.240119e+00
2.316260631953241e-02	3.240121e+00	3.240122e+00	3.240127e+00
2.317260631953241e-02	3.240127e+00	3.240124e+00	3.240119e+00
2.318260631953241e-02	3.240121e+00	3.240122e+00	3.240127e+00
2.319260631953241e-02	3.240127e+00	3.240124e+00	3.240120e+00
2.320260631953241e-02	3.240121e+00	3.240122e+00	3.240127e+00
2.321260631953241e-02	3.240127e+00	3.240124e+00	3.240120e+00
2.322260631953241e-02	3.240121e+00	3.240122e+00	3.240127e+00
2.323260631953241e-02	3.240127e+00	3.240124e+00	3.240120e+00
2.324260631953241e-02	3.240121e+00	3.240122e+00	3.240127e+00
2.325260631953241e-02	3.240127e+00	3.240124e+00	3.240120e+00
2.326260631953241e-02	3.240121e+00	3.240122e+00	3.240127e+00
2.327260631953241e-02	3.240127e+00	3.240124e+00	3.240120e+00
2.328260631953241e-02	3.240121e+00	3.240122e+00	3.240127e+00
2.329260631953241e-02	3.240127e+00	3.240124e+00	3.240120e+00
2.330260631953241e-02	3.240121e+00	3.240122e+00	3.240127e+00
2.331260631953241e-02	3.240127e+00	3.240124e+00	3.240120e+00
2.332260631953241e-02	3.240121e+00	3.240122e+00	3.240127e+00
2.333260631953241e-02	3.240127e+00	3.240124e+00	3.240120e+00
2.334260631953241e-02	3.240121e+00	3.240122e+00	3.240127e+00
2.335260631953241e-02	3.240127e+00	3.240124e+00	3.240120e+00
2.336260631953241e-02	3.240121e+00	3.240122e+00	3.240127e+00
2.337260631953241e-02	3.240127e+00	3.240124e+00	3.240120e+00
2.338260631953241e-02	3.240122e+00	3.240122e+00	3.240127e+00
2.339260631953241e-02	3.240127e+00	3.240124e+00	3.240120e+00
2.340260631953241e-02	3.240122e+00	3.240122e+00	3.240127e+00
2.341260631953241e-02	3.240127e+00	3.240124e+00	3.240119e+00
2.342260631953241e-02	3.240122e+00	3.240122e+00	3.240127e+00
2.343260631953241e-02	3.240127e+00	3.240124e+00	3.240119e+00
2.344260631953241e-02	3.240122e+00	3.240122e+00	3.240126e+00
2.345260631953241e-02	3.240127e+00	3.240124e+00	3.240119e+00
2.346260631953241e-02	3.240122e+00	3.240122e+00	3.240126e+00
2.347260631953241e-02	3.240127e+00	3.240124e+00	3.240119e+00
2.348260631953241e-02	3.240122e+00	3.240122e+00	3.240126e+00
2.349260631953241e-02	3.240127e+00	3.240124e+00	3.240119e+00
2.350260631953241e-02	3.240122e+00	3.240122e+00	3.240126e+00
2.351260631953241e-02	3.240127e+00	3.240124e+00	3.240119e+00
2.352260631953241e-02	3.240122e+00	3.240122e+00	3.240127e+00
2.353260631953241e-02	3.240127e+00	3.240125e+00	3.240119e+00
2.354260631953241e-02	3.240122e+00	3.240122e+00	3.240127e+00
2.355260631953241e-02	3.240127e+00	3.240125e+00	3.240119e+00
2.356260631953241e-02	3.240122e+00	3.240122e+00	3.240127e+00
2.357260631953241e-02	3.240127e+00	3.240125e+00	3.240119e+00
2.358260631953241e-02	3.240122e+00	3.240122e+00	3.240127e+00
2.359260631953241e-02	3.240127e+00	3.240125e+00	3.240119e+00
2.360260631953241e-02	3.240122e+00	3.240122e+00	3.240127e+00
2.361260631953241e-02	3.240127e+00	3.240125e+00	3.240119e+00
2.362260631953241e-02	3.240122e+00	3.240122e+00	3.240127e+00
2.363260631953241e-02	3.240127e+00	3.240125e+00	3.240119e+00
2.364260631953241e-02	3.240122e+00	3.240122e+00	3.240127e+00
2.365260631953241e-02	3.240126e+00	3.240125e+00	3.240119e+00
2.366260631953241e-02	3.240122e+00	3.240122e+00	3.240127e+00
2.367260631953241e-02	3.240126e+00	3.240125e+00	3.240119e+00
2.368260631953241e-02	3.240122e+00	3.240122e+00	3.240127e+00
2.369260631953241e-02	3.240126e+00	3.240125e+00	3.240119e+00
2.370260631953241e-02	3.240122e+00	3.240122e+00	3.240127e+00
2.371260631953241e-02	3.240126e+00	3.240125e+00	3.240119e+00
2.372260631953241e-02	3.240122e+00	3.240122e+00	3.240127e+00
2.373260631953241e-02	3.240126e+00	3.240125e+00	3.240119e+00
2.374260631953241e-02	3.240122e+00	3.240122e+00	3.240127e+00
2.375260631953241e-02	3.240126e+00	3.240125e+00	3.240119e+00
2.376260631953241e-02	3.240122e+00	3.240122e+00	3.240127e+00
2.377260631953241e-02	3.240126e+00	3.240125e+00	3.240119e+00
2.378260631953241e-02	3.240122e+00	3.240122e+00	3.240127e+00
2.379260631953241e-02	3.240126e+00	3.240125e+00	3.240119e+00
2.380260631953241e-02	3.240122e+00	3.240122e+00	3.240127e+00
2.381260631953241e-02	3.240126e+00	3.240125e+00	3.240119e+00
2.382260631953241e-02	3.240122e+00	3.240122e+00	3.240127e+00
2.383260631953241e-02	3.240126e+00	3.240125e+00	3.240119e+00
2.384260631953241e-02	3.240122e+00	3.240122e+00	3.240127e+00
2.385260631953241e-02	3.240126e+00	3.240125e+00	3.240119e+00
2.386260631953241e-02	3.240122e+00	3.240122e+00	3.240127e+00
2.387260631953241e-02	3.240126e+00	3.240125e+00	3.240119e+00
2.388260631953241e-02	3.240122e+00	3.240122e+00	3.240127e+00
2.389260631953241e-02	3.240126e+00	3.240125e+00	3.240119e+00
2.390260631953241e-02	3.240122e+00	3.240122e+00	3.240127e+00
2.391260631953241e-02	3.240126e+00	3.240125e+00	3.240119e+00
2.392260631953241e-02	3.240122e+00	3.240122e+00	3.240127e+00
2.393260631953241e-02	3.240126e+00	3.240125e+00	3.240119e+00
2.394260631953241e-02	3.240122e+00	3.240122e+00	3.240127e+00
2.395260631953241e-02	3.240126e+00	3.240125e+00	3.240119e+00
2.396260631953241e-02	3.240122e+00	3.240122e+00	3.240127e+00
2.397260631953241e-02	3.240126e+00	3.240125e+00	3.240119e+00
2.398260631953241e-02	3.240122e+00	3.240122e+00	3.240127e+00
2.399260631953241e-02	3.240126e+00	3.240125e+00	3.240119e+00
2.400260631953241e-02	3.240122e+00	3.240121e+00	3.240127e+00
2.401260631953241e-02	3.240126e+00	3.240125e+00	3.240119e+00
2.402260631953241e-02	3.240122e+00	3.240121e+00	3.240127e+00
2.403260631953241e-02	3.240126e+00	3.240125e+00	3.240119e+00
2.404260631953241e-02	3.240122e+00	3.240121e+00	3.240127e+00
2.405260631953241e-02	3.240126e+00	3.240125e+00	3.240119e+00
2.406260631953241e-02	3.240122e+00	3.240121e+00	3.240127e+00
2.407260631953241e-02	3.240126e+00	3.240125e+00	3.240120e+00
2.408260631953241e-02	3.240122e+00	3.240121e+00	3.240127e+00
2.409260631953241e-02	3.240126e+00	3.240125e+00	3.240120e+00
2.410260631953241e-02	3.240122e+00	3.240121e+00	3.240127e+00
2.411260631953241e-02	3.240126e+00	3.240125e+00	3.240120e+00
2.412260631953241e-02	3.240122e+00	3.240121e+00	3.240127e+00
2.413260631953241e-02	3.240126e+00	3.240125e+00	3.240120e+00
2.414260631953241e-02	3.240122e+00	3.240121e+00	3.240127e+00
2.415260631953241e-02	3.240126e+00	3.240125e+00	3.240120e+00
2.416260631953241e-02	3.240122e+00	3.240121e+00	3.240127e+00
2.417260631953241e-02	3.240126e+00	3.240125e+00	3.240120e+00
2.418260631953241e-02	3.240122e+00	3.240121e+00	3.240127e+00
2.419260631953241e-02	3.240126e+00	3.240125e+00	3.240120e+00
2.420260631953241e-02	3.240122e+00	3.240121e+00	3.240127e+00
2.421260631953241e-02	3.240126e+00	3.240125e+00	3.240120e+00
2.422260631953241e-02	3.240122e+00	3.240121e+00	3.240127e+00
2.423260631953241e-02	3.240126e+00	3.240125e+00	3.240120e+00
2.424260631953241e-02	3.240122e+00	3.240121e+00	3.240127e+00
2.425260631953241e-02	3.240126e+00	3.240125e+00	3.240120e+00
2.426260631953241e-02	3.240122e+00	3.240121e+00	3.240127e+00
2.427260631953241e-02	3.240126e+00	3.240125e+00	3.240120e+00
2.428260631953241e-02	3.240122e+00	3.240121e+00	3.240127e+00
2.429260631953241e-02	3.240126e+00	3.240125e+00	3.240120e+00
2.430260631953241e-02	3.240122e+00	3.240121e+00	3.240127e+00
2.431260631953241e-02	3.240126e+00	3.240125e+00	3.240120e+00
2.432260631953241e-02	3.240122e+00	3.240121e+00	3.240127e+00
2.433260631953241e-02	3.240126e+00	3.240125e+00	3.240120e+00
2.434260631953241e-02	3.240122e+00	3.240122e+00	3.240127e+00
2.435260631953241e-02	3.240126e+00	3.240125e+00	3.240120e+00
2.436260631953241e-02	3.240122e+00	3.240122e+00	3.240127e+00
2.437260631953241e-02	3.240126e+00	3.240125e+00	3.240120e+00
2.438260631953241e-02	3.240122e+00	3.240122e+00	3.240127e+00
2.439260631953241e-02	3.240126e+00	3.240125e+00	3.240120e+00
2.440260631953241e-02	3.240122e+00	3.240122e+00	3.240127e+00
2.441260631953241e-02	3.240126e+00	3.240125e+00	3.240120e+00
2.442260631953241e-02	3.240122e+00	3.240122e+00	3.240127e+00
2.443260631953241e-02	3.240126e+00	3.240125e+00	3.240120e+00
2.444260631953241e-02	3.240122e+00	3.240122e+00	3.240127e+00
2.445260631953241e-02	3.240126e+00	3.240125e+00	3.240120e+00
2.446260631953241e-02	3.240122e+00	3.240122e+00	3.240127e+00
2.447260631953241e-02	3.240126e+00	3.240125e+00	3.240120e+00
2.448260631953241e-02	3.240122e+00	3.240122e+00	3.240127e+00
2.449260631953241e-02	3.240126e+00	3.240125e+00	3.240120e+00
2.450260631953241e-02	3.240122e+00	3.240122e+00	3.240127e+00
2.451260631953241e-02	3.240126e+00	3.240125e+00	3.240120e+00
2.452260631953241e-02	3.240122e+00	3.240122e+00	3.240127e+00
2.453260631953241e-02	3.240126e+00	3.240125e+00	3.240120e+00
2.454260631953241e-02	3.240122e+00	3.240122e+00	3.240126e+00
2.455260631953241e-02	3.240126e+00	3.240125e+00	3.240120e+00
2.456260631953241e-02	3.240122e+00	3.240122e+00	3.240126e+00
2.457260631953241e-02	3.240126e+00	3.240125e+00	3.240120e+00
2.458260631953241e-02	3.240122e+00	3.240122e+00	3.240126e+00
2.459260631953241e-02	3.240126e+00	3.240125e+00	3.240120e+00
2.460260631953241e-02	3.240122e+00	3.240122e+00	3.240126e+00
2.461260631953241e-02	3.240126e+00	3.240125e+00	3.240120e+00
2.462260631953241e-02	3.240122e+00	3.240122e+00	3.240126e+00
2.463260631953241e-02	3.240126e+00	3.240125e+00	3.240120e+00
2.464260631953241e-02	3.240122e+00	3.240122e+00	3.240126e+00
2.465260631953241e-02	3.240126e+00	3.240125e+00	3.240120e+00
2.466260631953241e-02	3.240122e+00	3.240122e+00	3.240126e+00
2.467260631953241e-02	3.240126e+00	3.240125e+00	3.240120e+00
2.468260631953241e-02	3.240122e+00	3.240122e+00	3.240126e+00
2.469260631953241e-02	3.240126e+00	3.240125e+00	3.240120e+00
2.470260631953241e-02	3.240122e+00	3.240122e+00	3.240126e+00
2.471260631953241e-02	3.240126e+00	3.240125e+00	3.240120e+00
2.472260631953241e-02	3.240122e+00	3.240122e+00	3.240126e+00
2.473260631953241e-02	3.240126e+00	3.240125e+00	3.240120e+00
2.474260631953241e-02	3.240122e+00	3.240122e+00	3.240126e+00
2.475260631953241e-02	3.240126e+00	3.240125e+00	3.240120e+00
2.476260631953241e-02	3.240122e+00	3.240122e+00	3.240126e+00
2.477260631953241e-02	3.240126e+00	3.240125e+00	3.240120e+00
2.478260631953241e-02	3.240122e+00	3.240122e+00	3.240126e+00
2.479260631953241e-02	3.240126e+00	3.240125e+00	3.240120e+00
2.480260631953241e-02	3.240122e+00	3.240122e+00	3.240126e+00
2.481260631953241e-02	3.240126e+00	3.240125e+00	3.240120e+00
2.482260631953241e-02	3.240122e+00	3.240122e+00	3.240126e+00
2.483260631953241e-02	3.240126e+00	3.240125e+00	3.240120e+00
2.484260631953241e-02	3.240122e+00	3.240122e+00	3.240126e+00
2.485260631953241e-02	3.240126e+00	3.240125e+00	3.240120e+00
2.486260631953241e-02	3.240122e+00	3.240122e+00	3.240126e+00
2.487260631953241e-02	3.240126e+00	3.240125e+00	3.240120e+00
2.488260631953241e-02	3.240122e+00	3.240122e+00	3.240126e+00
2.489260631953241e-02	3.240126e+00	3.240125e+00	3.240120e+00
2.490260631953241e-02	3.240122e+00	3.240122e+00	3.240126e+00
2.491260631953241e-02	3.240126e+00	3.240125e+00	3.240120e+00
2.492260631953241e-02	3.240122e+00	3.240122e+00	3.240126e+00
2.493260631953241e-02	3.240126e+00	3.240125e+00	3.240120e+00
2.494260631953241e-02	3.240122e+00	3.240122e+00	3.240126e+00
2.495260631953241e-02	3.240126e+00	3.240125e+00	3.240120e+00
2.496260631953241e-02	3.240123e+00	3.240122e+00	3.240126e+00
2.497260631953241e-02	3.240126e+00	3.240125e+00	3.240120e+00
2.498260631953241e-02	3.240123e+00	3.240122e+00	3.240126e+00
2.499260631953241e-02	3.240126e+00	3.240125e+00	3.240120e+00
2.500260631953241e-02	3.240123e+00	3.240122e+00	3.240126e+00
2.501260631953241e-02	3.240126e+00	3.240125e+00	3.240120e+00
2.502260631953241e-02	3.240123e+00	3.240122e+00	3.240126e+00
2.503260631953241e-02	3.240126e+00	3.240125e+00	3.240120e+00
2.504260631953241e-02	3.240123e+00	3.240122e+00	3.240126e+00
2.505260631953241e-02	3.240126e+00	3.240125e+00	3.240120e+00
2.506260631953241e-02	3.240123e+00	3.240122e+00	3.240126e+00
2.507260631953241e-02	3.240126e+00	3.240125e+00	3.240120e+00
2.508260631953241e-02	3.240123e+00	3.240122e+00	3.240126e+00
2.509260631953241e-02	3.240126e+00	3.240125e+00	3.240120e+00
2.510260631953241e-02	3.240123e+00	3.240122e+00	3.240126e+00
2.511260631953241e-02	3.240126e+00	3.240125e+00	3.240120e+00
2.512260631953241e-02	3.240123e+00	3.240122e+00	3.240126e+00
2.513260631953241e-02	3.240126e+00	3.240125e+00	3.240120e+00
2.514260631953241e-02	3.240123e+00	3.240122e+00	3.240126e+00
2.515260631953241e-02	3.240125e+00	3.240125e+00	3.240120e+00
2.516260631953241e-02	3.240123e+00	3.240122e+00	3.240126e+00
2.517260631953241e-02	3.240125e+00	3.240125e+00	3.240120e+00
2.518260631953241e-02	3.240123e+00	3.240122e+00	3.240126e+00
2.519260631953241e-02	3.240125e+00	3.240125e+00	3.240120e+00
2.520260631953241e-02	3.240123e+00	3.240122e+00	3.240126e+00
2.521260631953241e-02	3.240125e+00	3.240125e+00	3.240120e+00
2.522260631953241e-02	3.240123e+00	3.240122e+00	3.240126e+00
2.523260631953241e-02	3.240125e+00	3.240125e+00	3.240120e+00
2.524260631953241e-02	3.240123e+00	3.240122e+00	3.240126e+00
2.525260631953241e-02	3.240125e+00	3.240125e+00	3.240120e+00
2.526260631953241e-02	3.240123e+00	3.240122e+00	3.240126e+00
2.527260631953241e-02	3.240125e+00	3.240125e+00	3.240120e+00
2.528260631953241e-02	3.240123e+00	3.240122e+00	3.240126e+00
2.529260631953241e-02	3.240125e+00	3.240125e+00	3.240120e+00
2.530260631953241e-02	3.240123e+00	3.240122e+00	3.240126e+00
2.531260631953241e-02	3.240125e+00	3.240125e+00	3.240120e+00
2.532260631953241e-02	3.240123e+00	3.240122e+00	3.240126e+00
2.533260631953241e-02	3.240125e+00	3.240125e+00	3.240120e+00
2.534260631953241e-02	3.240123e+00	3.240122e+00	3.240126e+00
2.535260631953241e-02	3.240125e+00	3.240125e+00	3.240120e+00
2.536260631953241e-02	3.240123e+00	3.240122e+00	3.240126e+00
2.537260631953241e-02	3.240125e+00	3.240125e+00	3.240120e+00
2.538260631953241e-02	3.240123e+00	3.240122e+00	3.240126e+00
2.539260631953241e-02	3.240126e+00	3.240125e+00	3.240120e+00
2.540260631953241e-02	3.240123e+00	3.240122e+00	3.240126e+00
2.541260631953241e-02	3.240126e+00	3.240125e+00	3.240120e+00
2.542260631953241e-02	3.240123e+00	3.240122e+00	3.240126e+00
2.543260631953241e-02	3.240126e+00	3.240125e+00	3.240120e+00
2.544260631953241e-02	3.240123e+00	3.240122e+00	3.240126e+00
2.545260631953241e-02	3.240126e+00	3.240125e+00	3.240120e+00
2.546260631953241e-02	3.240123e+00	3.240122e+00	3.240126e+00
2.547260631953241e-02	3.240126e+00	3.240125e+00	3.240120e+00
2.548260631953241e-02	3.240123e+00	3.240122e+00	3.240126e+00
2.549260631953241e-02	3.240126e+00	3.240125e+00	3.240120e+00
2.550260631953241e-02	3.240123e+00	3.240122e+00	3.240126e+00
2.551260631953241e-02	3.240126e+00	3.240125e+00	3.240120e+00
2.552260631953241e-02	3.240123e+00	3.240122e+00	3.240126e+00
2.553260631953241e-02	3.240126e+00	3.240125e+00	3.240120e+00
2.554260631953241e-02	3.240123e+00	3.240122e+00	3.240126e+00
2.555260631953241e-02	3.240126e+00	3.240125e+00	3.240120e+00
2.556260631953241e-02	3.240123e+00	3.240122e+00	3.240126e+00
2.557260631953241e-02	3.240126e+00	3.240125e+00	3.240120e+00
2.558260631953241e-02	3.240123e+00	3.240122e+00	3.240126e+00
2.559260631953241e-02	3.240126e+00	3.240125e+00	3.240120e+00
2.560260631953241e-02	3.240123e+00	3.240122e+00	3.240126e+00
2.561260631953241e-02	3.240126e+00	3.240125e+00	3.240120e+00
2.562260631953241e-02	3.240123e+00	3.240122e+00	3.240126e+00
2.563260631953241e-02	3.240126e+00	3.240125e+00	3.240120e+00
2.564260631953241e-02	3.240123e+00	3.240122e+00	3.240126e+00
2.565260631953241e-02	3.240126e+00	3.240125e+00	3.240120e+00
2.566260631953241e-02	3.240123e+00	3.240122e+00	3.240126e+00
2.567260631953241e-02	3.240126e+00	3.240125e+00	3.240120e+00
2.568260631953241e-02	3.240123e+00	3.240122e+00	3.240126e+00
2.569260631953241e-02	3.240126e+00	3.240125e+00	3.240120e+00
2.570260631953241e-02	3.240123e+00	3.240122e+00	3.240126e+00
2.571260631953241e-02	3.240126e+00	3.240125e+00	3.240120e+00
2.572260631953241e-02	3.240123e+00	3.240122e+00	3.240126e+00
2.573260631953241e-02	3.240126e+00	3.240125e+00	3.240120e+00
2.574260631953241e-02	3.240123e+00	3.240122e+00	3.240126e+00
2.575260631953241e-02	3.240126e+00	3.240125e+00	3.240120e+00
2.576260631953241e-02	3.240123e+00	3.240122e+00	3.240126e+00
2.577260631953241e-02	3.240126e+00	3.240125e+00	3.240120e+00
2.578260631953241e-02	3.240123e+00	3.240122e+00	3.240126e+00
2.579260631953241e-02	3.240126e+00	3.240125e+00	3.240120e+00
2.580260631953241e-02	3.240123e+00	3.240122e+00	3.240126e+00
2.581260631953241e-02	3.240126e+00	3.240125e+00	3.240120e+00
2.582260631953241e-02	3.240123e+00	3.240122e+00	3.240126e+00
2.583260631953241e-02	3.240126e+00	3.240125e+00	3.240120e+00
2.584260631953241e-02	3.240123e+00	3.240122e+00	3.240126e+00
2.585260631953241e-02	3.240126e+00	3.240125e+00	3.240120e+00
2.586260631953241e-02	3.240123e+00	3.240122e+00	3.240126e+00
2.587260631953241e-02	3.240126e+00	3.240125e+00	3.240120e+00
2.588260631953241e-02	3.240123e+00	3.240122e+00	3.240126e+00
2.589260631953241e-02	3.240126e+00	3.240125e+00	3.240120e+00
2.590260631953241e-02	3.240123e+00	3.240122e+00	3.240126e+00
2.591260631953241e-02	3.240126e+00	3.240125e+00	3.240120e+00
2.592260631953241e-02	3.240123e+00	3.240122e+00	3.240126e+00
2.593260631953241e-02	3.240126e+00	3.240125e+00	3.240120e+00
2.594260631953241e-02	3.240123e+00	3.240122e+00	3.240126e+00
2.595260631953241e-02	3.240126e+00	3.240125e+00	3.240120e+00
2.596260631953241e-02	3.240123e+00	3.240122e+00	3.240126e+00
2.597260631953241e-02	3.240126e+00	3.240125e+00	3.240120e+00
2.598260631953241e-02	3.240123e+00	3.240122e+00	3.240126e+00
2.599260631953241e-02	3.240125e+00	3.240125e+00	3.240120e+00
2.600260631953241e-02	3.240123e+00	3.240122e+00	3.240126e+00
2.601260631953241e-02	3.240125e+00	3.240125e+00	3.240120e+00
2.602260631953241e-02	3.240123e+00	3.240122e+00	3.240126e+00
2.603260631953241e-02	3.240125e+00	3.240125e+00	3.240120e+00
2.604260631953241e-02	3.240123e+00	3.240121e+00	3.240126e+00
2.605260631953241e-02	3.240125e+00	3.240125e+00	3.240120e+00
2.606260631953241e-02	3.240123e+00	3.240121e+00	3.240126e+00
2.607260631953241e-02	3.240125e+00	3.240125e+00	3.240120e+00
2.608260631953241e-02	3.240123e+00	3.240121e+00	3.240126e+00
2.609260631953241e-02	3.240125e+00	3.240125e+00	3.240120e+00
2.610260631953241e-02	3.240123e+00	3.240121e+00	3.240126e+00
2.611260631953241e-02	3.240125e+00	3.240125e+00	3.240120e+00
2.612260631953241e-02	3.240123e+00	3.240121e+00	3.240126e+00
2.613260631953241e-02	3.240125e+00	3.240125e+00	3.240120e+00
2.614260631953241e-02	3.240123e+00	3.240121e+00	3.240126e+00
2.615260631953241e-02	3.240125e+00	3.240125e+00	3.240120e+00
2.616260631953241e-02	3.240123e+00	3.240121e+00	3.240126e+00
2.617260631953241e-02	3.240125e+00	3.240125e+00	3.240120e+00
2.618260631953241e-02	3.240123e+00	3.240121e+00	3.240126e+00
2.619260631953241e-02	3.240125e+00	3.240125e+00	3.240120e+00
2.620260631953241e-02	3.240123e+00	3.240121e+00	3.240126e+00
2.621260631953241e-02	3.240125e+00	3.240125e+00	3.240120e+00
2.622260631953241e-02	3.240123e+00	3.240121e+00	3.240126e+00
2.623260631953241e-02	3.240125e+00	3.240125e+00	3.240120e+00
2.624260631953241e-02	3.240123e+00	3.240121e+00	3.240126e+00
2.625260631953241e-02	3.240125e+00	3.240125e+00	3.240120e+00
2.626260631953241e-02	3.240123e+00	3.240121e+00	3.240126e+00
2.627260631953241e-02	3.240125e+00	3.240125e+00	3.240120e+00
2.628260631953241e-02	3.240123e+00	3.240121e+00	3.240126e+00
2.629260631953241e-02	3.240125e+00	3.240125e+00	3.240120e+00
2.630260631953241e-02	3.240123e+00	3.240121e+00	3.240126e+00
2.631260631953241e-02	3.240125e+00	3.240125e+00	3.240120e+00
2.632260631953241e-02	3.240123e+00	3.240121e+00	3.240126e+00
2.633260631953241e-02	3.240125e+00	3.240125e+00	3.240120e+00
2.634260631953241e-02	3.240123e+00	3.240121e+00	3.240126e+00
2.635260631953241e-02	3.240125e+00	3.240125e+00	3.240120e+00
2.636260631953241e-02	3.240123e+00	3.240121e+00	3.240126e+00
2.637260631953241e-02	3.240125e+00	3.240125e+00	3.240120e+00
2.638260631953241e-02	3.240123e+00	3.240121e+00	3.240126e+00
2.639260631953241e-02	3.240125e+00	3.240125e+00	3.240120e+00
2.640260631953241e-02	3.240123e+00	3.240121e+00	3.240126e+00
2.641260631953241e-02	3.240125e+00	3.240125e+00	3.240120e+00
2.642260631953241e-02	3.240123e+00	3.240121e+00	3.240126e+00
2.643260631953241e-02	3.240125e+00	3.240125e+00	3.240120e+00
2.644260631953241e-02	3.240123e+00	3.240121e+00	3.240126e+00
2.645260631953241e-02	3.240125e+00	3.240125e+00	3.240120e+00
2.646260631953241e-02	3.240123e+00	3.240121e+00	3.240126e+00
2.647260631953241e-02	3.240125e+00	3.240125e+00	3.240120e+00
2.648260631953241e-02	3.240123e+00	3.240121e+00	3.240126e+00
2.649260631953241e-02	3.240125e+00	3.240125e+00	3.240120e+00
2.650260631953241e-02	3.240123e+00	3.240121e+00	3.240126e+00
2.651260631953241e-02	3.240125e+00	3.240125e+00	3.240120e+00
2.652260631953241e-02	3.240123e+00	3.240121e+00	3.240126e+00
2.653260631953241e-02	3.240125e+00	3.240125e+00	3.240120e+00
2.654260631953241e-02	3.240123e+00	3.240121e+00	3.240126e+00
2.655260631953241e-02	3.240125e+00	3.240125e+00	3.240120e+00
2.656260631953241e-02	3.240123e+00	3.240121e+00	3.240126e+00
2.657260631953241e-02	3.240125e+00	3.240125e+00	3.240120e+00
2.658260631953241e-02	3.240123e+00	3.240121e+00	3.240126e+00
2.659260631953241e-02	3.240125e+00	3.240125e+00	3.240120e+00
2.660260631953241e-02	3.240123e+00	3.240121e+00	3.240126e+00
2.661260631953241e-02	3.240125e+00	3.240125e+00	3.240120e+00
2.662260631953241e-02	3.240123e+00	3.240121e+00	3.240126e+00
2.663260631953241e-02	3.240125e+00	3.240125e+00	3.240120e+00
2.664260631953241e-02	3.240123e+00	3.240121e+00	3.240126e+00
2.665260631953241e-02	3.240125e+00	3.240125e+00	3.240120e+00
2.666260631953241e-02	3.240123e+00	3.240121e+00	3.240126e+00
2.667260631953241e-02	3.240125e+00	3.240125e+00	3.240120e+00
2.668260631953241e-02	3.240123e+00	3.240121e+00	3.240126e+00
2.669260631953241e-02	3.240125e+00	3.240125e+00	3.240120e+00
2.670260631953241e-02	3.240123e+00	3.240121e+00	3.240126e+00
2.671260631953241e-02	3.240125e+00	3.240125e+00	3.240120e+00
2.672260631953241e-02	3.240123e+00	3.240121e+00	3.240126e+00
2.673260631953241e-02	3.240125e+00	3.240125e+00	3.240121e+00
2.674260631953241e-02	3.240123e+00	3.240121e+00	3.240126e+00
2.675260631953241e-02	3.240125e+00	3.240125e+00	3.240121e+00
2.676260631953241e-02	3.240123e+00	3.240121e+00	3.240126e+00
2.677260631953241e-02	3.240125e+00	3.240125e+00	3.240121e+00
2.678260631953241e-02	3.240123e+00	3.240121e+00	3.240126e+00
2.679260631953241e-02	3.240125e+00	3.240125e+00	3.240121e+00
2.680260631953241e-02	3.240123e+00	3.240121e+00	3.240126e+00
2.681260631953241e-02	3.240125e+00	3.240125e+00	3.240121e+00
2.682260631953241e-02	3.240123e+00	3.240121e+00	3.240126e+00
2.683260631953241e-02	3.240125e+00	3.240125e+00	3.240121e+00
2.684260631953241e-02	3.240123e+00	3.240121e+00	3.240126e+00
2.685260631953241e-02	3.240125e+00	3.240125e+00	3.240121e+00
2.686260631953241e-02	3.240123e+00	3.240121e+00	3.240126e+00
2.687260631953241e-02	3.240125e+00	3.240125e+00	3.240121e+00
2.688260631953241e-02	3.240123e+00	3.240121e+00	3.240126e+00
2.689260631953241e-02	3.240125e+00	3.240125e+00	3.240121e+00
2.690260631953241e-02	3.240123e+00	3.240121e+00	3.240126e+00
2.691260631953241e-02	3.240125e+00	3.240125e+00	3.240121e+00
2.692260631953241e-02	3.240123e+00	3.240121e+00	3.240126e+00
2.693260631953241e-02	3.240125e+00	3.240125e+00	3.240121e+00
2.694260631953241e-02	3.240123e+00	3.240121e+00	3.240126e+00
2.695260631953241e-02	3.240125e+00	3.240125e+00	3.240121e+00
2.696260631953241e-02	3.240123e+00	3.240121e+00	3.240126e+00
2.697260631953241e-02	3.240125e+00	3.240125e+00	3.240121e+00
2.698260631953241e-02	3.240123e+00	3.240121e+00	3.240126e+00
2.699260631953241e-02	3.240125e+00	3.240125e+00	3.240121e+00
2.700260631953241e-02	3.240123e+00	3.240121e+00	3.240126e+00
2.701260631953241e-02	3.240125e+00	3.240125e+00	3.240121e+00
2.702260631953241e-02	3.240123e+00	3.240121e+00	3.240126e+00
2.703260631953241e-02	3.240125e+00	3.240125e+00	3.240121e+00
2.704260631953241e-02	3.240123e+00	3.240121e+00	3.240126e+00
2.705260631953241e-02	3.240125e+00	3.240125e+00	3.240121e+00
2.706260631953241e-02	3.240123e+00	3.240121e+00	3.240126e+00
2.707260631953241e-02	3.240125e+00	3.240125e+00	3.240121e+00
2.708260631953241e-02	3.240123e+00	3.240121e+00	3.240126e+00
2.709260631953241e-02	3.240125e+00	3.240125e+00	3.240121e+00
2.710260631953241e-02	3.240123e+00	3.240121e+00	3.240126e+00
2.711260631953241e-02	3.240125e+00	3.240125e+00	3.240121e+00
2.712260631953241e-02	3.240123e+00	3.240121e+00	3.240126e+00
2.713260631953241e-02	3.240125e+00	3.240125e+00	3.240121e+00
2.714260631953241e-02	3.240123e+00	3.240121e+00	3.240126e+00
2.715260631953241e-02	3.240125e+00	3.240125e+00	3.240121e+00
2.716260631953241e-02	3.240123e+00	3.240121e+00	3.240126e+00
2.717260631953241e-02	3.240125e+00	3.240125e+00	3.240121e+00
2.718260631953241e-02	3.240123e+00	3.240121e+00	3.240126e+00
2.719260631953241e-02	3.240125e+00	3.240125e+00	3.240121e+00
2.720260631953241e-02	3.240123e+00	3.240121e+00	3.240126e+00
2.721260631953241e-02	3.240125e+00	3.240125e+00	3.240121e+00
2.722260631953241e-02	3.240123e+00	3.240121e+00	3.240126e+00
2.723260631953241e-02	3.240125e+00	3.240125e+00	3.240121e+00
2.724260631953241e-02	3.240123e+00	3.240121e+00	3.240126e+00
2.725260631953241e-02	3.240125e+00	3.240125e+00	3.240121e+00
2.726260631953241e-02	3.240123e+00	3.240121e+00	3.240126e+00
2.727260631953241e-02	3.240125e+00	3.240125e+00	3.240121e+00
2.728260631953241e-02	3.240123e+00	3.240121e+00	3.240126e+00
2.729260631953241e-02	3.240125e+00	3.240125e+00	3.240121e+00
2.730260631953241e-02	3.240123e+00	3.240121e+00	3.240126e+00
2.731260631953241e-02	3.240125e+00	3.240125e+00	3.240121e+00
2.732260631953241e-02	3.240123e+00	3.240121e+00	3.240126e+00
2.733260631953241e-02	3.240125e+00	3.240125e+00	3.240121e+00
2.734260631953241e-02	3.240123e+00	3.240121e+00	3.240126e+00
2.735260631953241e-02	3.240125e+00	3.240125e+00	3.240121e+00
2.736260631953241e-02	3.240123e+00	3.240121e+00	3.240126e+00
2.737260631953241e-02	3.240125e+00	3.240125e+00	3.240121e+00
2.738260631953241e-02	3.240123e+00	3.240121e+00	3.240126e+00
2.739260631953241e-02	3.240125e+00	3.240125e+00	3.240121e+00
2.740260631953241e-02	3.240123e+00	3.240121e+00	3.240126e+00
2.741260631953241e-02	3.240125e+00	3.240125e+00	3.240121e+00
2.742260631953241e-02	3.240123e+00	3.240121e+00	3.240126e+00
2.743260631953241e-02	3.240125e+00	3.240125e+00	3.240121e+00
2.744260631953241e-02	3.240123e+00	3.240121e+00	3.240126e+00
2.745260631953241e-02	3.240125e+00	3.240125e+00	3.240121e+00
2.746260631953241e-02	3.240123e+00	3.240121e+00	3.240126e+00
2.747260631953241e-02	3.240125e+00	3.240125e+00	3.240121e+00
2.748260631953241e-02	3.240123e+00	3.240121e+00	3.240126e+00
2.749260631953241e-02	3.240125e+00	3.240125e+00	3.240121e+00
2.750260631953241e-02	3.240123e+00	3.240121e+00	3.240126e+00
2.751260631953241e-02	3.240125e+00	3.240125e+00	3.240121e+00
2.752260631953241e-02	3.240123e+00	3.240121e+00	3.240126e+00
2.753260631953241e-02	3.240125e+00	3.240125e+00	3.240121e+00
2.754260631953241e-02	3.240123e+00	3.240121e+00	3.240126e+00
2.755260631953241e-02	3.240125e+00	3.240125e+00	3.240121e+00
2.756260631953241e-02	3.240123e+00	3.240121e+00	3.240126e+00
2.757260631953241e-02	3.240125e+00	3.240125e+00	3.240121e+00
2.758260631953241e-02	3.240123e+00	3.240121e+00	3.240126e+00
2.759260631953241e-02	3.240125e+00	3.240125e+00	3.240121e+00
2.760260631953241e-02	3.240123e+00	3.240121e+00	3.240126e+00
2.761260631953241e-02	3.240125e+00	3.240125e+00	3.240121e+00
2.762260631953241e-02	3.240123e+00	3.240121e+00	3.240126e+00
2.763260631953241e-02	3.240125e+00	3.240125e+00	3.240121e+00
2.764260631953241e-02	3.240123e+00	3.240121e+00	3.240126e+00
2.765260631953241e-02	3.240125e+00	3.240125e+00	3.240121e+00
2.766260631953241e-02	3.240123e+00	3.240121e+00	3.240126e+00
2.767260631953241e-02	3.240125e+00	3.240125e+00	3.240121e+00
2.768260631953241e-02	3.240123e+00	3.240121e+00	3.240126e+00
2.769260631953241e-02	3.240125e+00	3.240125e+00	3.240121e+00
2.770260631953241e-02	3.240123e+00	3.240121e+00	3.240126e+00
2.771260631953241e-02	3.240125e+00	3.240125e+00	3.240121e+00
2.772260631953241e-02	3.240123e+00	3.240121e+00	3.240126e+00
2.773260631953241e-02	3.240125e+00	3.240125e+00	3.240121e+00
2.774260631953241e-02	3.240123e+00	3.240121e+00	3.240126e+00
2.775260631953241e-02	3.240125e+00	3.240125e+00	3.240121e+00
2.776260631953241e-02	3.240123e+00	3.240121e+00	3.240126e+00
2.777260631953241e-02	3.240125e+00	3.240125e+00	3.240121e+00
2.778260631953241e-02	3.240123e+00	3.240121e+00	3.240126e+00
2.779260631953241e-02	3.240125e+00	3.240125e+00	3.240121e+00
2.780260631953241e-02	3.240123e+00	3.240121e+00	3.240126e+00
2.781260631953241e-02	3.240125e+00	3.240125e+00	3.240121e+00
2.782260631953241e-02	3.240123e+00	3.240121e+00	3.240126e+00
2.783260631953241e-02	3.240125e+00	3.240125e+00	3.240121e+00
2.784260631953241e-02	3.240123e+00	3.240121e+00	3.240126e+00
2.785260631953241e-02	3.240125e+00	3.240125e+00	3.240121e+00
2.786260631953241e-02	3.240123e+00	3.240121e+00	3.240126e+00
2.787260631953241e-02	3.240125e+00	3.240125e+00	3.240121e+00
2.788260631953241e-02	3.240123e+00	3.240121e+00	3.240126e+00
2.789260631953241e-02	3.240125e+00	3.240125e+00	3.240121e+00
2.790260631953241e-02	3.240123e+00	3.240121e+00	3.240126e+00
2.791260631953241e-02	3.240125e+00	3.240125e+00	3.240121e+00
2.792260631953241e-02	3.240123e+00	3.240121e+00	3.240126e+00
2.793260631953241e-02	3.240125e+00	3.240125e+00	3.240121e+00
2.794260631953241e-02	3.240123e+00	3.240121e+00	3.240126e+00
2.795260631953241e-02	3.240125e+00	3.240125e+00	3.240121e+00
2.796260631953241e-02	3.240123e+00	3.240121e+00	3.240126e+00
2.797260631953241e-02	3.240125e+00	3.240125e+00	3.240121e+00
2.798260631953241e-02	3.240123e+00	3.240121e+00	3.240126e+00
2.799260631953241e-02	3.240125e+00	3.240125e+00	3.240121e+00
2.800260631953241e-02	3.240123e+00	3.240121e+00	3.240126e+00
2.801260631953241e-02	3.240125e+00	3.240125e+00	3.240121e+00
2.802260631953241e-02	3.240123e+00	3.240121e+00	3.240126e+00
2.803260631953241e-02	3.240125e+00	3.240125e+00	3.240121e+00
2.804260631953241e-02	3.240123e+00	3.240121e+00	3.240126e+00
2.805260631953241e-02	3.240125e+00	3.240125e+00	3.240121e+00
2.806260631953241e-02	3.240123e+00	3.240121e+00	3.240126e+00
2.807260631953241e-02	3.240125e+00	3.240125e+00	3.240121e+00
2.808260631953241e-02	3.240123e+00	3.240121e+00	3.240126e+00
2.809260631953241e-02	3.240125e+00	3.240125e+00	3.240121e+00
2.810260631953241e-02	3.240123e+00	3.240121e+00	3.240126e+00
2.811260631953241e-02	3.240125e+00	3.240125e+00	3.240121e+00
2.812260631953241e-02	3.240123e+00	3.240121e+00	3.240126e+00
2.813260631953241e-02	3.240125e+00	3.240125e+00	3.240121e+00
2.814260631953241e-02	3.240123e+00	3.240121e+00	3.240126e+00
2.815260631953241e-02	3.240125e+00	3.240125e+00	3.240121e+00
2.816260631953241e-02	3.240123e+00	3.240121e+00	3.240126e+00
2.817260631953241e-02	3.240125e+00	3.240125e+00	3.240121e+00
2.818260631953241e-02	3.240123e+00	3.240121e+00	3.240126e+00
2.819260631953241e-02	3.240125e+00	3.240125e+00	3.240121e+00
2.820260631953241e-02	3.240123e+00	3.240121e+00	3.240126e+00
2.821260631953241e-02	3.240125e+00	3.240125e+00	3.240121e+00
2.822260631953241e-02	3.240123e+00	3.240121e+00	3.240126e+00
2.823260631953241e-02	3.240125e+00	3.240125e+00	3.240121e+00
2.824260631953241e-02	3.240123e+00	3.240121e+00	3.240126e+00
2.825260631953241e-02	3.240125e+00	3.240125e+00	3.240121e+00
2.826260631953241e-02	3.240123e+00	3.240121e+00	3.240126e+00
2.827260631953241e-02	3.240125e+00	3.240125e+00	3.240121e+00
2.828260631953241e-02	3.240123e+00	3.240121e+00	3.240126e+00
2.829260631953241e-02	3.240125e+00	3.240125e+00	3.240121e+00
2.830260631953241e-02	3.240123e+00	3.240121e+00	3.240126e+00
2.831260631953241e-02	3.240125e+00	3.240125e+00	3.240121e+00
2.832260631953241e-02	3.240123e+00	3.240121e+00	3.240126e+00
2.833260631953241e-02	3.240125e+00	3.240125e+00	3.240121e+00
2.834260631953241e-02	3.240123e+00	3.240121e+00	3.240126e+00
2.835260631953241e-02	3.240125e+00	3.240125e+00	3.240121e+00
2.836260631953241e-02	3.240123e+00	3.240121e+00	3.240126e+00
2.837260631953241e-02	3.240125e+00	3.240125e+00	3.240121e+00
2.838260631953241e-02	3.240123e+00	3.240121e+00	3.240126e+00
2.839260631953241e-02	3.240125e+00	3.240125e+00	3.240121e+00
2.840260631953241e-02	3.240123e+00	3.240121e+00	3.240126e+00
2.841260631953241e-02	3.240125e+00	3.240125e+00	3.240121e+00
2.842260631953241e-02	3.240123e+00	3.240121e+00	3.240126e+00
2.843260631953241e-02	3.240125e+00	3.240125e+00	3.240121e+00
2.844260631953241e-02	3.240123e+00	3.240121e+00	3.240126e+00
2.845260631953241e-02	3.240125e+00	3.240125e+00	3.240121e+00
2.846260631953241e-02	3.240123e+00	3.240121e+00	3.240126e+00
2.847260631953241e-02	3.240125e+00	3.240125e+00	3.240121e+00
2.848260631953241e-02	3.240123e+00	3.240121e+00	3.240126e+00
2.849260631953241e-02	3.240125e+00	3.240125e+00	3.240121e+00
2.850260631953241e-02	3.240123e+00	3.240121e+00	3.240126e+00
2.851260631953241e-02	3.240125e+00	3.240125e+00	3.240121e+00
2.852260631953241e-02	3.240123e+00	3.240121e+00	3.240126e+00
2.853260631953241e-02	3.240125e+00	3.240125e+00	3.240121e+00
2.854260631953241e-02	3.240123e+00	3.240121e+00	3.240126e+00
2.855260631953241e-02	3.240125e+00	3.240125e+00	3.240121e+00
2.856260631953241e-02	3.240123e+00	3.240121e+00	3.240126e+00
2.857260631953241e-02	3.240125e+00	3.240125e+00	3.240121e+00
2.858260631953241e-02	3.240123e+00	3.240121e+00	3.240126e+00
2.859260631953241e-02	3.240125e+00	3.240125e+00	3.240121e+00
2.860260631953241e-02	3.240123e+00	3.240121e+00	3.240126e+00
2.861260631953241e-02	3.240125e+00	3.240125e+00	3.240121e+00
2.862260631953241e-02	3.240123e+00	3.240121e+00	3.240126e+00
2.863260631953241e-02	3.240125e+00	3.240125e+00	3.240121e+00
2.864260631953241e-02	3.240123e+00	3.240121e+00	3.240126e+00
2.865260631953241e-02	3.240125e+00	3.240125e+00	3.240121e+00
2.866260631953241e-02	3.240123e+00	3.240121e+00	3.240126e+00
2.867260631953241e-02	3.240125e+00	3.240125e+00	3.240121e+00
2.868260631953241e-02	3.240123e+00	3.240121e+00	3.240126e+00
2.869260631953241e-02	3.240125e+00	3.240125e+00	3.240121e+00
2.870260631953241e-02	3.240123e+00	3.240121e+00	3.240126e+00
2.871260631953241e-02	3.240125e+00	3.240125e+00	3.240121e+00
2.872260631953241e-02	3.240123e+00	3.240121e+00	3.240126e+00
2.873260631953241e-02	3.240125e+00	3.240125e+00	3.240121e+00
2.874260631953241e-02	3.240123e+00	3.240121e+00	3.240126e+00
2.875260631953241e-02	3.240125e+00	3.240125e+00	3.240121e+00
2.876260631953241e-02	3.240123e+00	3.240121e+00	3.240126e+00
2.877260631953241e-02	3.240125e+00	3.240125e+00	3.240121e+00
2.878260631953241e-02	3.240123e+00	3.240121e+00	3.240126e+00
2.879260631953241e-02	3.240125e+00	3.240125e+00	3.240121e+00
2.880260631953241e-02	3.240123e+00	3.240121e+00	3.240126e+00
2.881260631953241e-02	3.240125e+00	3.240125e+00	3.240121e+00
2.882260631953241e-02	3.240123e+00	3.240121e+00	3.240126e+00
2.883260631953241e-02	3.240125e+00	3.240125e+00	3.240121e+00
2.884260631953241e-02	3.240123e+00	3.240121e+00	3.240126e+00
2.885260631953241e-02	3.240125e+00	3.240125e+00	3.240121e+00
2.886260631953241e-02	3.240123e+00	3.240121e+00	3.240126e+00
2.887260631953241e-02	3.240125e+00	3.240125e+00	3.240121e+00
2.888260631953241e-02	3.240123e+00	3.240121e+00	3.240126e+00
2.889260631953241e-02	3.240125e+00	3.240125e+00	3.240121e+00
2.890260631953241e-02	3.240123e+00	3.240121e+00	3.240126e+00
2.891260631953241e-02	3.240125e+00	3.240125e+00	3.240121e+00
2.892260631953241e-02	3.240123e+00	3.240121e+00	3.240126e+00
2.893260631953241e-02	3.240125e+00	3.240125e+00	3.240121e+00
2.894260631953241e-02	3.240123e+00	3.240121e+00	3.240126e+00
2.895260631953241e-02	3.240125e+00	3.240125e+00	3.240121e+00
2.896260631953241e-02	3.240123e+00	3.240121e+00	3.240126e+00
2.897260631953241e-02	3.240125e+00	3.240125e+00	3.240121e+00
2.898260631953241e-02	3.240123e+00	3.240121e+00	3.240126e+00
2.899260631953241e-02	3.240125e+00	3.240125e+00	3.240121e+00
2.900260631953241e-02	3.240123e+00	3.240121e+00	3.240126e+00
2.901260631953241e-02	3.240125e+00	3.240125e+00	3.240121e+00
2.902260631953241e-02	3.240123e+00	3.240121e+00	3.240126e+00
2.903260631953241e-02	3.240125e+00	3.240125e+00	3.240121e+00
2.904260631953241e-02	3.240123e+00	3.240121e+00	3.240126e+00
2.905260631953241e-02	3.240125e+00	3.240125e+00	3.240121e+00
2.906260631953241e-02	3.240123e+00	3.240121e+00	3.240126e+00
2.907260631953241e-02	3.240125e+00	3.240125e+00	3.240121e+00
2.908260631953241e-02	3.240123e+00	3.240121e+00	3.240126e+00
2.909260631953241e-02	3.240125e+00	3.240125e+00	3.240121e+00
2.910260631953241e-02	3.240123e+00	3.240121e+00	3.240126e+00
2.911260631953241e-02	3.240125e+00	3.240125e+00	3.240121e+00
2.912260631953241e-02	3.240123e+00	3.240121e+00	3.240126e+00
2.913260631953241e-02	3.240125e+00	3.240125e+00	3.240121e+00
2.914260631953241e-02	3.240123e+00	3.240121e+00	3.240126e+00
2.915260631953241e-02	3.240125e+00	3.240125e+00	3.240121e+00
2.916260631953241e-02	3.240123e+00	3.240121e+00	3.240126e+00
2.917260631953241e-02	3.240125e+00	3.240125e+00	3.240121e+00
2.918260631953241e-02	3.240123e+00	3.240121e+00	3.240126e+00
2.919260631953241e-02	3.240125e+00	3.240125e+00	3.240121e+00
2.920260631953241e-02	3.240123e+00	3.240121e+00	3.240126e+00
2.921260631953241e-02	3.240125e+00	3.240125e+00	3.240121e+00
2.922260631953241e-02	3.240123e+00	3.240121e+00	3.240126e+00
2.923260631953241e-02	3.240125e+00	3.240125e+00	3.240121e+00
2.924260631953241e-02	3.240123e+00	3.240121e+00	3.240126e+00
2.925260631953241e-02	3.240125e+00	3.240125e+00	3.240121e+00
2.926260631953241e-02	3.240123e+00	3.240121e+00	3.240126e+00
2.927260631953241e-02	3.240125e+00	3.240125e+00	3.240121e+00
2.928260631953241e-02	3.240123e+00	3.240121e+00	3.240126e+00
2.929260631953241e-02	3.240125e+00	3.240125e+00	3.240121e+00
2.930260631953241e-02	3.240123e+00	3.240121e+00	3.240126e+00
2.931260631953241e-02	3.240125e+00	3.240125e+00	3.240121e+00
2.932260631953241e-02	3.240123e+00	3.240121e+00	3.240126e+00
2.933260631953241e-02	3.240125e+00	3.240125e+00	3.240121e+00
2.934260631953241e-02	3.240123e+00	3.240121e+00	3.240126e+00
2.935260631953241e-02	3.240125e+00	3.240125e+00	3.240121e+00
2.936260631953241e-02	3.240123e+00	3.240121e+00	3.240126e+00
2.937260631953241e-02	3.240125e+00	3.240125e+00	3.240121e+00
2.938260631953241e-02	3.240123e+00	3.240121e+00	3.240126e+00
2.939260631953241e-02	3.240125e+00	3.240125e+00	3.240121e+00
2.940260631953241e-02	3.240123e+00	3.240121e+00	3.240126e+00
2.941260631953241e-02	3.240125e+00	3.240125e+00	3.240121e+00
2.942260631953241e-02	3.240123e+00	3.240121e+00	3.240126e+00
2.943260631953241e-02	3.240125e+00	3.240125e+00	3.240121e+00
2.944260631953241e-02	3.240123e+00	3.240121e+00	3.240126e+00
2.945260631953241e-02	3.240125e+00	3.240125e+00	3.240121e+00
2.946260631953241e-02	3.240123e+00	3.240121e+00	3.240126e+00
2.947260631953241e-02	3.240125e+00	3.240125e+00	3.240121e+00
2.948260631953241e-02	3.240123e+00	3.240121e+00	3.240126e+00
2.949260631953241e-02	3.240125e+00	3.240125e+00	3.240121e+00
2.950260631953241e-02	3.240123e+00	3.240121e+00	3.240126e+00
2.951260631953241e-02	3.240125e+00	3.240125e+00	3.240121e+00
2.952260631953241e-02	3.240123e+00	3.240121e+00	3.240126e+00
2.953260631953241e-02	3.240125e+00	3.240125e+00	3.240121e+00
2.954260631953241e-02	3.240123e+00	3.240121e+00	3.240126e+00
2.955260631953241e-02	3.240125e+00	3.240125e+00	3.240121e+00
2.956260631953241e-02	3.240123e+00	3.240121e+00	3.240126e+00
2.957260631953241e-02	3.240125e+00	3.240125e+00	3.240121e+00
2.958260631953241e-02	3.240123e+00	3.240121e+00	3.240126e+00
2.959260631953241e-02	3.240125e+00	3.240125e+00	3.240121e+00
2.960260631953241e-02	3.240123e+00	3.240121e+00	3.240126e+00
2.961260631953241e-02	3.240125e+00	3.240125e+00	3.240121e+00
2.962260631953241e-02	3.240123e+00	3.240121e+00	3.240126e+00
2.963260631953241e-02	3.240125e+00	3.240125e+00	3.240121e+00
2.964260631953241e-02	3.240123e+00	3.240121e+00	3.240126e+00
2.965260631953241e-02	3.240125e+00	3.240125e+00	3.240121e+00
2.966260631953241e-02	3.240123e+00	3.240121e+00	3.240126e+00
2.967260631953241e-02	3.240125e+00	3.240125e+00	3.240121e+00
2.968260631953241e-02	3.240123e+00	3.240121e+00	3.240126e+00
2.969260631953241e-02	3.240125e+00	3.240125e+00	3.240121e+00
2.970260631953241e-02	3.240123e+00	3.240121e+00	3.240126e+00
2.971260631953241e-02	3.240125e+00	3.240125e+00	3.240121e+00
2.972260631953241e-02	3.240123e+00	3.240121e+00	3.240126e+00
2.973260631953241e-02	3.240125e+00	3.240125e+00	3.240121e+00
2.974260631953241e-02	3.240123e+00	3.240121e+00	3.240126e+00
2.975260631953241e-02	3.240125e+00	3.240125e+00	3.240121e+00
2.976260631953241e-02	3.240123e+00	3.240121e+00	3.240126e+00
2.977260631953241e-02	3.240125e+00	3.240125e+00	3.240121e+00
2.978260631953241e-02	3.240123e+00	3.240121e+00	3.240126e+00
2.979260631953241e-02	3.240125e+00	3.240125e+00	3.240121e+00
2.980260631953241e-02	3.240123e+00	3.240121e+00	3.240126e+00
2.981260631953241e-02	3.240125e+00	3.240125e+00	3.240121e+00
2.982260631953241e-02	3.240123e+00	3.240121e+00	3.240126e+00
2.983260631953241e-02	3.240125e+00	3.240125e+00	3.240121e+00
2.984260631953241e-02	3.240123e+00	3.240121e+00	3.240126e+00
2.985260631953241e-02	3.240125e+00	3.240125e+00	3.240121e+00
2.986260631953241e-02	3.240123e+00	3.240121e+00	3.240126e+00
2.987260631953241e-02	3.240125e+00	3.240125e+00	3.240121e+00
2.988260631953241e-02	3.240123e+00	3.240121e+00	3.240126e+00
2.989260631953241e-02	3.240125e+00	3.240125e+00	3.240121e+00
2.990260631953241e-02	3.240123e+00	3.240121e+00	3.240126e+00
2.991260631953241e-02	3.240125e+00	3.240125e+00	3.240121e+00
2.992260631953241e-02	3.240123e+00	3.240121e+00	3.240126e+00
2.993260631953241e-02	3.240125e+00	3.240125e+00	3.240121e+00
2.994260631953241e-02	3.240123e+00	3.240121e+00	3.240126e+00
2.995260631953241e-02	3.240125e+00	3.240125e+00	3.240121e+00
2.996260631953241e-02	3.240123e+00	3.240121e+00	3.240126e+00
2.997260631953241e-02	3.240125e+00	3.240125e+00	3.240121e+00
2.998260631953241e-02	3.240123e+00	3.240121e+00	3.240126e+00
2.999260631953241e-02	3.240125e+00	3.240125e+00	3.240121e+00
3.000000000000000e-02	3.240123e+00	3.240121e+00	3.240126e+00
3.000010000000000e-02	3.240125e+00	3.240125e+00	3.240120e+00
3.000020000000000e-02	3.240125e+00	3.240119e+00	3.240127e+00
3.000020383965100e-02	3.240126e+00	3.240120e+00	3.240124e+00
3.000021151895299e-02	3.240126e+00	3.240120e+00	3.240125e+00
3.000022687755697e-02	3.240126e+00	3.240120e+00	3.240124e+00
3.000025759476494e-02	3.240127e+00	3.240119e+00	3.240125e+00
3.000030532882402e-02	3.240127e+00	3.240118e+00	3.240127e+00
3.000040079694219e-02	3.240127e+00	3.240117e+00	3.240128e+00
3.000042000671127e-02	3.240127e+00	3.240117e+00	3.240129e+00
3.000045842624943e-02	3.240126e+00	3.240117e+00	3.240128e+00
3.000053526532575e-02	3.240124e+00	3.240119e+00	3.240129e+00
3.000068894347839e-02	3.240124e+00	3.240123e+00	3.240129e+00
3.000090059412232e-02	3.240149e+00	3.240116e+00	3.240110e+00
3.000132389541018e-02	3.240972e+00	3.240662e+00	3.238508e+00
3.000194227196450e-02	3.255366e+00	3.250828e+00	3.209249e+00
3.000278535120198e-02	3.303770e+00	3.264402e+00	3.123925e+00
3.000294356261094e-02	3.315549e+00	3.266627e+00	3.102379e+00
3.000325998542885e-02	3.341964e+00	3.271640e+00	3.053476e+00
3.000389283106467e-02	3.403721e+00	3.284741e+00	2.928872e+00
3.000405104247363e-02	3.420224e+00	3.288455e+00	2.892416e+00
3.000436746529154e-02	3.451213e+00	3.292077e+00	2.823328e+00
3.000500031092736e-02	3.495061e+00	3.270481e+00	2.723355e+00
3.000569103716200e-02	3.531988e+00	3.221203e+00	2.638629e+00
3.000652484190388e-02	3.575187e+00	3.144735e+00	2.538286e+00
3.000790201248849e-02	3.621631e+00	3.008666e+00	2.380127e+00
3.000987363437175e-02	3.652205e+00	2.841768e+00	2.132444e+00
3.001211494684503e-02	3.664250e+00	2.613976e+00	1.898748e+00
3.001437406886615e-02	3.661120e+00	2.365489e+00	1.701863e+00
3.001889231290838e-02	3.626440e+00	1.872616e+00	1.395422e+00
3.002792880099285e-02	3.542645e+00	1.060201e+00	9.376760e-01
3.003792880099285e-02	3.441800e+00	5.555325e-01	5.257239e-01
3.003917880099285e-02	3.430030e+00	5.164003e-01	4.860187e-01
3.004167880099285e-02	3.403957e+00	4.448161e-01	4.137826e-01
3.004667880099285e-02	3.315161e+00	3.467724e-01	3.155477e-01
3.004792880099285e-02	3.249924e+00	3.488321e-01	3.155961e-01
3.005042880099285e-02	3.116057e+00	3.551543e-01	3.176138e-01
3.005542880099285e-02	2.869711e+00	3.600826e-01	3.154650e-01
3.006542880099285e-02	2.452563e+00	3.430657e-01	2.980554e-01
3.007542880099285e-02	2.076014e+00	3.218062e-01	2.829132e-01
3.008542880099285e-02	1.700675e+00	3.150318e-01	2.772856e-01
3.009542880099285e-02	1.340111e+00	3.099313e-01	2.734830e-01
3.010542880099285e-02	9.890952e-01	3.076918e-01	2.717586e-01
3.011542880099285e-02	6.969481e-01	2.858441e-01	2.537484e-01
3.012542880099285e-02	4.953184e-01	2.388413e-01	2.150023e-01
3.013542880099285e-02	3.540442e-01	1.900206e-01	1.740837e-01
3.014542880099285e-02	2.550249e-01	1.470790e-01	1.370444e-01
3.015542880099285e-02	1.848140e-01	1.121526e-01	1.060708e-01
3.016542880099285e-02	1.347439e-01	8.471203e-02	8.112693e-02
3.017542880099285e-02	9.864640e-02	6.365347e-02	6.157684e-02
3.018542880099285e-02	7.251382e-02	4.764652e-02	4.646230e-02
3.019542880099285e-02	5.343175e-02	3.559589e-02	3.492737e-02
3.020542880099285e-02	3.947258e-02	2.654481e-02	2.617192e-02
3.021542880099285e-02	2.919626e-02	1.978040e-02	1.957464e-02
3.022542880099285e-02	2.163053e-02	1.472449e-02	1.461291e-02
3.023542880099285e-02	1.603341e-02	1.095748e-02	1.089883e-02
3.024542880099285e-02	1.189780e-02	8.147955e-03	8.118868e-03
3.025542880099285e-02	8.828402e-03	6.058693e-03	6.046057e-03
3.026542880099285e-02	6.557703e-03	4.501104e-03	4.497766e-03
3.027542880099285e-02	4.868984e-03	3.344297e-03	3.345728e-03
3.028542880099285e-02	3.618956e-03	2.481699e-03	2.485991e-03
3.029542880099285e-02	2.687216e-03	1.842260e-03	1.847982e-03
3.030542880099285e-02	1.998663e-03	1.364946e-03	1.371384e-03
3.031542880099285e-02	1.483679e-03	1.011610e-03	1.018763e-03
3.032542880099285e-02	1.104355e-03	7.474422e-04	7.548332e-04
3.033542880099285e-02	8.192062e-04	5.528927e-04	5.600452e-04
3.034542880099285e-02	6.108284e-04	4.062653e-04	4.136562e-04
3.035542880099285e-02	4.522800e-04	2.992153e-04	3.063679e-04
3.036542880099285e-02	3.380775e-04	2.176762e-04	2.253056e-04
3.037542880099285e-02	2.498627e-04	1.590252e-04	1.664162e-04
3.038542880099285e-02	1.876354e-04	1.134872e-04	1.211166e-04
3.039542880099285e-02	1.380444e-04	8.153915e-05	8.916855e-05
3.040542880099285e-02	1.046658e-04	5.602837e-05	6.365776e-05
3.041542880099285e-02	7.629395e-05	3.886223e-05	4.625320e-05
3.042542880099285e-02	5.865097e-05	2.431870e-05	3.194809e-05
3.043542880099285e-02	4.220009e-05	1.525879e-05	2.288818e-05
3.044542880099285e-02	3.337860e-05	6.914139e-06	1.430511e-05
3.045542880099285e-02	2.312660e-05	2.384186e-06	9.775162e-06
3.046542880099285e-02	1.931190e-05	-2.861023e-06	4.768372e-06
3.047542880099285e-02	1.287460e-05	-5.006790e-06	2.622604e-06
3.048542880099285e-02	1.168251e-05	-8.344650e-06	-7.152557e-07
3.049542880099285e-02	7.152557e-06	-8.821487e-06	-1.430511e-06
3.050542880099285e-02	7.390976e-06	-1.120567e-05	-3.814697e-06
3.051542880099285e-02	3.814697e-06	-1.096725e-05	-3.814697e-06
3.052542880099285e-02	5.006790e-06	-1.287460e-05	-5.483627e-06
3.053542880099285e-02	2.145767e-06	-1.239777e-05	-4.768372e-06
3.054542880099285e-02	3.576279e-06	-1.358986e-05	-5.960464e-06
3.055542880099285e-02	1.430511e-06	-1.311302e-05	-5.483627e-06
3.056542880099285e-02	2.861023e-06	-1.430511e-05	-6.675720e-06
3.057542880099285e-02	7.152557e-07	-1.335144e-05	-5.960464e-06
3.058542880099285e-02	2.622604e-06	-1.454353e-05	-6.914139e-06
3.059542880099285e-02	4.768372e-07	-1.358986e-05	-5.960464e-06
3.060542880099285e-02	2.384186e-06	-1.454353e-05	-7.152557e-06
3.061542880099285e-02	2.384186e-07	-1.358986e-05	-6.198883e-06
3.062542880099285e-02	2.145767e-06	-1.454353e-05	-7.152557e-06
3.063542880099285e-02	2.384186e-07	-1.382828e-05	-6.198883e-06
3.064542880099285e-02	2.145767e-06	-1.478195e-05	-7.152557e-06
3.065542880099285e-02	2.384186e-07	-1.382828e-05	-6.198883e-06
3.066542880099285e-02	2.145767e-06	-1.478195e-05	-7.152557e-06
3.067542880099285e-02	0.000000e+00	-1.382828e-05	-6.198883e-06
3.068542880099285e-02	2.145767e-06	-1.478195e-05	-7.152557e-06
3.069542880099285e-02	0.000000e+00	-1.382828e-05	-6.198883e-06
3.070542880099285e-02	2.145767e-06	-1.478195e-05	-7.152557e-06
3.071542880099285e-02	2.384186e-07	-1.382828e-05	-6.198883e-06
3.072542880099285e-02	2.145767e-06	-1.478195e-05	-7.152557e-06
3.073542880099285e-02	0.000000e+00	-1.382828e-05	-6.437302e-06
3.074542880099285e-02	1.907349e-06	-1.478195e-05	-7.390976e-06
3.075542880099285e-02	0.000000e+00	-1.382828e-05	-6.437302e-06
3.076542880099285e-02	1.907349e-06	-1.478195e-05	-7.390976e-06
3.077542880099285e-02	2.384186e-07	-1.382828e-05	-6.198883e-06
3.078542880099285e-02	1.907349e-06	-1.478195e-05	-7.390976e-06
3.079542880099285e-02	0.000000e+00	-1.382828e-05	-6.437302e-06
3.080542880099285e-02	2.145767e-06	-1.502037e-05	-7.152557e-06
3.081542880099285e-02	0.000000e+00	-1.382828e-05	-6.198883e-06
3.082542880099285e-02	2.145767e-06	-1.478195e-05	-7.390976e-06
3.083542880099285e-02	0.000000e+00	-1.382828e-05	-6.198883e-06
3.084542880099285e-02	1.907349e-06	-1.478195e-05	-7.390976e-06
3.085542880099285e-02	2.384186e-07	-1.406670e-05	-6.198883e-06
3.086542880099285e-02	2.145767e-06	-1.502037e-05	-7.152557e-06
3.087542880099285e-02	0.000000e+00	-1.382828e-05	-6.198883e-06
3.088542880099285e-02	2.145767e-06	-1.478195e-05	-7.152557e-06
3.089542880099285e-02	0.000000e+00	-1.382828e-05	-6.198883e-06
3.090542880099285e-02	2.145767e-06	-1.478195e-05	-7.152557e-06
3.091542880099285e-02	0.000000e+00	-1.382828e-05	-6.437302e-06
3.092542880099285e-02	2.145767e-06	-1.478195e-05	-7.152557e-06
3.093542880099285e-02	0.000000e+00	-1.382828e-05	-6.437302e-06
3.094542880099285e-02	2.145767e-06	-1.478195e-05	-7.390976e-06
3.095542880099285e-02	2.384186e-07	-1.382828e-05	-6.198883e-06
3.096542880099285e-02	1.907349e-06	-1.478195e-05	-7.390976e-06
3.097542880099285e-02	2.384186e-07	-1.382828e-05	-6.198883e-06
3.098542880099285e-02	1.907349e-06	-1.478195e-05	-7.390976e-06
3.099542880099285e-02	0.000000e+00	-1.382828e-05	-6.437302e-06
3.100542880099285e-02	1.907349e-06	-1.478195e-05	-7.390976e-06
3.101542880099285e-02	0.000000e+00	-1.382828e-05	-6.437302e-06
3.102542880099285e-02	1.907349e-06	-1.478195e-05	-7.390976e-06
3.103542880099285e-02	2.384186e-07	-1.382828e-05	-6.198883e-06
3.104542880099285e-02	1.907349e-06	-1.478195e-05	-7.390976e-06
3.105542880099285e-02	0.000000e+00	-1.382828e-05	-6.198883e-06
3.106542880099285e-02	1.907349e-06	-1.478195e-05	-7.390976e-06
3.107542880099285e-02	0.000000e+00	-1.382828e-05	-6.437302e-06
3.108542880099285e-02	1.907349e-06	-1.478195e-05	-7.390976e-06
3.109542880099285e-02	2.384186e-07	-1.382828e-05	-6.198883e-06
3.110542880099285e-02	2.145767e-06	-1.478195e-05	-7.390976e-06
3.111542880099285e-02	0.000000e+00	-1.382828e-05	-6.198883e-06
3.112542880099285e-02	2.145767e-06	-1.478195e-05	-7.390976e-06
3.113542880099285e-02	0.000000e+00	-1.382828e-05	-6.437302e-06
3.114542880099285e-02	2.145767e-06	-1.478195e-05	-7.152557e-06
3.115542880099285e-02	2.384186e-07	-1.382828e-05	-6.198883e-06
3.116542880099285e-02	2.145767e-06	-1.478195e-05	-7.152557e-06
3.117542880099285e-02	0.000000e+00	-1.382828e-05	-6.437302e-06
3.118542880099285e-02	2.145767e-06	-1.478195e-05	-7.152557e-06
3.119542880099285e-02	0.000000e+00	-1.382828e-05	-6.437302e-06
3.120542880099285e-02	2.145767e-06	-1.478195e-05	-7.152557e-06
3.121542880099285e-02	2.384186e-07	-1.382828e-05	-6.198883e-06
3.122542880099285e-02	2.145767e-06	-1.502037e-05	-7.152557e-06
3.123542880099285e-02	0.000000e+00	-1.382828e-05	-6.437302e-06
3.124542880099285e-02	2.145767e-06	-1.502037e-05	-7.152557e-06
3.125542880099285e-02	2.384186e-07	-1.382828e-05	-6.198883e-06
3.126542880099285e-02	2.145767e-06	-1.502037e-05	-7.152557e-06
3.127542880099285e-02	0.000000e+00	-1.382828e-05	-6.437302e-06
3.128542880099285e-02	1.907349e-06	-1.478195e-05	-7.390976e-06
3.129542880099285e-02	2.384186e-07	-1.382828e-05	-6.437302e-06
3.130542880099285e-02	1.907349e-06	-1.478195e-05	-7.390976e-06
3.131542880099285e-02	0.000000e+00	-1.382828e-05	-6.198883e-06
3.132542880099285e-02	1.907349e-06	-1.478195e-05	-7.390976e-06
3.133542880099285e-02	0.000000e+00	-1.382828e-05	-6.437302e-06
3.134542880099285e-02	1.907349e-06	-1.478195e-05	-7.390976e-06
3.135542880099285e-02	2.384186e-07	-1.406670e-05	-6.198883e-06
3.136542880099285e-02	2.145767e-06	-1.478195e-05	-7.390976e-06
3.137542880099285e-02	0.000000e+00	-1.382828e-05	-6.437302e-06
3.138542880099285e-02	2.145767e-06	-1.478195e-05	-7.152557e-06
3.139542880099285e-02	2.384186e-07	-1.382828e-05	-6.198883e-06
3.140542880099285e-02	2.145767e-06	-1.478195e-05	-7.152557e-06
3.141542880099285e-02	0.000000e+00	-1.382828e-05	-6.437302e-06
3.142542880099285e-02	2.145767e-06	-1.502037e-05	-7.152557e-06
3.143542880099285e-02	2.384186e-07	-1.382828e-05	-6.198883e-06
3.144542880099285e-02	2.145767e-06	-1.502037e-05	-7.152557e-06
3.145542880099285e-02	0.000000e+00	-1.382828e-05	-6.437302e-06
3.146542880099285e-02	1.907349e-06	-1.478195e-05	-7.390976e-06
3.147542880099285e-02	2.384186e-07	-1.382828e-05	-6.198883e-06
3.148542880099285e-02	1.907349e-06	-1.478195e-05	-7.390976e-06
3.149542880099285e-02	0.000000e+00	-1.382828e-05	-6.437302e-06
3.150542880099285e-02	1.907349e-06	-1.478195e-05	-7.390976e-06
3.151542880099285e-02	2.384186e-07	-1.382828e-05	-6.198883e-06
3.152542880099285e-02	1.907349e-06	-1.478195e-05	-7.390976e-06
3.153542880099285e-02	0.000000e+00	-1.382828e-05	-6.437302e-06
3.154542880099285e-02	2.145767e-06	-1.478195e-05	-7.152557e-06
3.155542880099285e-02	2.384186e-07	-1.406670e-05	-6.198883e-06
3.156542880099285e-02	2.145767e-06	-1.478195e-05	-7.152557e-06
3.157542880099285e-02	0.000000e+00	-1.382828e-05	-6.437302e-06
3.158542880099285e-02	2.145767e-06	-1.502037e-05	-7.152557e-06
3.159542880099285e-02	2.384186e-07	-1.406670e-05	-6.198883e-06
3.160542880099285e-02	2.145767e-06	-1.502037e-05	-7.152557e-06
3.161542880099285e-02	2.384186e-07	-1.382828e-05	-6.437302e-06
3.162542880099285e-02	1.907349e-06	-1.478195e-05	-7.390976e-06
3.163542880099285e-02	0.000000e+00	-1.382828e-05	-6.437302e-06
3.164542880099285e-02	1.907349e-06	-1.478195e-05	-7.390976e-06
3.165542880099285e-02	2.384186e-07	-1.382828e-05	-6.437302e-06
3.166542880099285e-02	1.907349e-06	-1.478195e-05	-7.390976e-06
3.167542880099285e-02	0.000000e+00	-1.382828e-05	-6.437302e-06
3.168542880099285e-02	2.145767e-06	-1.478195e-05	-7.152557e-06
3.169542880099285e-02	2.384186e-07	-1.382828e-05	-6.198883e-06
3.170542880099285e-02	2.145767e-06	-1.502037e-05	-7.152557e-06
3.171542880099285e-02	0.000000e+00	-1.382828e-05	-6.437302e-06
3.172542880099285e-02	2.145767e-06	-1.502037e-05	-7.152557e-06
3.173542880099285e-02	2.384186e-07	-1.406670e-05	-6.198883e-06
3.174542880099285e-02	1.907349e-06	-1.478195e-05	-7.390976e-06
3.175542880099285e-02	2.384186e-07	-1.382828e-05	-6.437302e-06
3.176542880099285e-02	1.907349e-06	-1.478195e-05	-7.390976e-06
3.177542880099285e-02	0.000000e+00	-1.382828e-05	-6.437302e-06
3.178542880099285e-02	1.907349e-06	-1.478195e-05	-7.390976e-06
3.179542880099285e-02	2.384186e-07	-1.382828e-05	-6.198883e-06
3.180542880099285e-02	2.145767e-06	-1.478195e-05	-7.152557e-06
3.181542880099285e-02	0.000000e+00	-1.382828e-05	-6.437302e-06
3.182542880099285e-02	2.145767e-06	-1.478195e-05	-7.152557e-06
3.183542880099285e-02	2.384186e-07	-1.406670e-05	-6.198883e-06
3.184542880099285e-02	2.145767e-06	-1.502037e-05	-7.152557e-06
3.185542880099285e-02	2.384186e-07	-1.382828e-05	-6.437302e-06
3.186542880099285e-02	1.907349e-06	-1.478195e-05	-7.390976e-06
3.187542880099285e-02	0.000000e+00	-1.382828e-05	-6.437302e-06
3.188542880099285e-02	1.907349e-06	-1.478195e-05	-7.390976e-06
3.189542880099285e-02	2.384186e-07	-1.382828e-05	-6.198883e-06
3.190542880099285e-02	1.907349e-06	-1.478195e-05	-7.390976e-06
3.191542880099285e-02	0.000000e+00	-1.382828e-05	-6.437302e-06
3.192542880099285e-02	2.145767e-06	-1.478195e-05	-7.152557e-06
3.193542880099285e-02	0.000000e+00	-1.382828e-05	-6.437302e-06
3.194542880099285e-02	2.145767e-06	-1.502037e-05	-7.152557e-06
3.195542880099285e-02	2.384186e-07	-1.382828e-05	-6.198883e-06
3.196542880099285e-02	2.145767e-06	-1.502037e-05	-7.152557e-06
3.197542880099285e-02	0.000000e+00	-1.382828e-05	-6.437302e-06
3.198542880099285e-02	1.907349e-06	-1.478195e-05	-7.390976e-06
3.199542880099285e-02	2.384186e-07	-1.406670e-05	-6.198883e-06
3.200542880099285e-02	1.907349e-06	-1.478195e-05	-7.390976e-06
3.201542880099285e-02	2.384186e-07	-1.382828e-05	-6.437302e-06
3.202542880099285e-02	1.907349e-06	-1.478195e-05	-7.390976e-06
3.203542880099285e-02	0.000000e+00	-1.382828e-05	-6.437302e-06
3.204542880099285e-02	2.145767e-06	-1.478195e-05	-7.152557e-06
3.205542880099285e-02	2.384186e-07	-1.406670e-05	-6.198883e-06
3.206542880099285e-02	2.145767e-06	-1.502037e-05	-7.152557e-06
3.207542880099285e-02	2.384186e-07	-1.382828e-05	-6.437302e-06
3.208542880099285e-02	1.907349e-06	-1.478195e-05	-7.152557e-06
3.209542880099285e-02	0.000000e+00	-1.382828e-05	-6.437302e-06
3.210542880099285e-02	1.907349e-06	-1.478195e-05	-7.390976e-06
3.211542880099285e-02	2.384186e-07	-1.406670e-05	-6.198883e-06
3.212542880099285e-02	1.907349e-06	-1.478195e-05	-7.390976e-06
3.213542880099285e-02	2.384186e-07	-1.382828e-05	-6.437302e-06
3.214542880099285e-02	2.145767e-06	-1.478195e-05	-7.152557e-06
3.215542880099285e-02	0.000000e+00	-1.382828e-05	-6.437302e-06
3.216542880099285e-02	2.145767e-06	-1.478195e-05	-7.152557e-06
3.217542880099285e-02	2.384186e-07	-1.406670e-05	-6.198883e-06
3.218542880099285e-02	2.145767e-06	-1.502037e-05	-7.152557e-06
3.219542880099285e-02	2.384186e-07	-1.382828e-05	-6.437302e-06
3.220542880099285e-02	1.907349e-06	-1.478195e-05	-7.390976e-06
3.221542880099285e-02	0.000000e+00	-1.382828e-05	-6.437302e-06
3.222542880099285e-02	1.907349e-06	-1.478195e-05	-7.390976e-06
3.223542880099285e-02	2.384186e-07	-1.406670e-05	-6.198883e-06
3.224542880099285e-02	1.907349e-06	-1.478195e-05	-7.390976e-06
3.225542880099285e-02	2.384186e-07	-1.382828e-05	-6.198883e-06
3.226542880099285e-02	2.145767e-06	-1.478195e-05	-7.152557e-06
3.227542880099285e-02	0.000000e+00	-1.382828e-05	-6.437302e-06
3.228542880099285e-02	2.145767e-06	-1.502037e-05	-7.152557e-06
3.229542880099285e-02	0.000000e+00	-1.382828e-05	-6.437302e-06
3.230542880099285e-02	1.907349e-06	-1.478195e-05	-7.152557e-06
3.231542880099285e-02	2.384186e-07	-1.382828e-05	-6.198883e-06
3.232542880099285e-02	1.907349e-06	-1.478195e-05	-7.390976e-06
3.233542880099285e-02	2.384186e-07	-1.382828e-05	-6.437302e-06
3.234542880099285e-02	1.907349e-06	-1.478195e-05	-7.390976e-06
3.235542880099285e-02	0.000000e+00	-1.382828e-05	-6.437302e-06
3.236542880099285e-02	2.145767e-06	-1.478195e-05	-7.152557e-06
3.237542880099285e-02	2.384186e-07	-1.406670e-05	-6.198883e-06
3.238542880099285e-02	2.145767e-06	-1.478195e-05	-7.152557e-06
3.239542880099285e-02	2.384186e-07	-1.382828e-05	-6.198883e-06
3.240542880099285e-02	2.145767e-06	-1.502037e-05	-7.152557e-06
3.241542880099285e-02	0.000000e+00	-1.382828e-05	-6.437302e-06
3.242542880099285e-02	1.907349e-06	-1.478195e-05	-7.390976e-06
3.243542880099285e-02	0.000000e+00	-1.382828e-05	-6.437302e-06
3.244542880099285e-02	1.907349e-06	-1.478195e-05	-7.390976e-06
3.245542880099285e-02	2.384186e-07	-1.382828e-05	-6.198883e-06
3.246542880099285e-02	1.907349e-06	-1.478195e-05	-7.390976e-06
3.247542880099285e-02	2.384186e-07	-1.382828e-05	-6.437302e-06
3.248542880099285e-02	2.145767e-06	-1.478195e-05	-7.152557e-06
3.249542880099285e-02	0.000000e+00	-1.382828e-05	-6.437302e-06
3.250542880099285e-02	2.145767e-06	-1.502037e-05	-7.152557e-06
3.251542880099285e-02	2.384186e-07	-1.406670e-05	-6.198883e-06
3.252542880099285e-02	1.907349e-06	-1.478195e-05	-7.152557e-06
3.253542880099285e-02	2.384186e-07	-1.382828e-05	-6.198883e-06
3.254542880099285e-02	1.907349e-06	-1.478195e-05	-7.390976e-06
3.255542880099285e-02	2.384186e-07	-1.382828e-05	-6.437302e-06
3.256542880099285e-02	1.907349e-06	-1.478195e-05	-7.390976e-06
3.257542880099285e-02	0.000000e+00	-1.382828e-05	-6.437302e-06
3.258542880099285e-02	2.145767e-06	-1.478195e-05	-7.152557e-06
3.259542880099285e-02	2.384186e-07	-1.406670e-05	-6.198883e-06
3.260542880099285e-02	2.145767e-06	-1.478195e-05	-7.152557e-06
3.261542880099285e-02	2.384186e-07	-1.382828e-05	-6.198883e-06
3.262542880099285e-02	1.907349e-06	-1.478195e-05	-7.152557e-06
3.263542880099285e-02	2.384186e-07	-1.382828e-05	-6.437302e-06
3.264542880099285e-02	1.907349e-06	-1.478195e-05	-7.390976e-06
3.265542880099285e-02	0.000000e+00	-1.382828e-05	-6.437302e-06
3.266542880099285e-02	1.907349e-06	-1.478195e-05	-7.390976e-06
3.267542880099285e-02	2.384186e-07	-1.406670e-05	-6.198883e-06
3.268542880099285e-02	1.907349e-06	-1.478195e-05	-7.390976e-06
3.269542880099285e-02	2.384186e-07	-1.382828e-05	-6.198883e-06
3.270542880099285e-02	2.145767e-06	-1.478195e-05	-7.152557e-06
3.271542880099285e-02	2.384186e-07	-1.382828e-05	-6.437302e-06
3.272542880099285e-02	2.145767e-06	-1.502037e-05	-7.152557e-06
3.273542880099285e-02	0.000000e+00	-1.382828e-05	-6.437302e-06
3.274542880099285e-02	1.907349e-06	-1.478195e-05	-7.152557e-06
3.275542880099285e-02	2.384186e-07	-1.406670e-05	-6.198883e-06
3.276542880099285e-02	1.907349e-06	-1.478195e-05	-7.390976e-06
3.277542880099285e-02	2.384186e-07	-1.382828e-05	-6.198883e-06
3.278542880099285e-02	1.907349e-06	-1.478195e-05	-7.390976e-06
3.279542880099285e-02	2.384186e-07	-1.382828e-05	-6.437302e-06
3.280542880099285e-02	2.145767e-06	-1.478195e-05	-7.152557e-06
3.281542880099285e-02	0.000000e+00	-1.382828e-05	-6.437302e-06
3.282542880099285e-02	2.145767e-06	-1.478195e-05	-7.152557e-06
3.283542880099285e-02	2.384186e-07	-1.406670e-05	-6.437302e-06
3.284542880099285e-02	2.145767e-06	-1.502037e-05	-7.152557e-06
3.285542880099285e-02	2.384186e-07	-1.382828e-05	-6.198883e-06
3.286542880099285e-02	1.907349e-06	-1.478195e-05	-7.152557e-06
3.287542880099285e-02	2.384186e-07	-1.382828e-05	-6.437302e-06
3.288542880099285e-02	1.907349e-06	-1.478195e-05	-7.390976e-06
3.289542880099285e-02	0.000000e+00	-1.382828e-05	-6.437302e-06
3.290542880099285e-02	1.907349e-06	-1.478195e-05	-7.390976e-06
3.291542880099285e-02	0.000000e+00	-1.382828e-05	-6.437302e-06
3.292542880099285e-02	2.145767e-06	-1.478195e-05	-7.152557e-06
3.293542880099285e-02	2.384186e-07	-1.406670e-05	-6.198883e-06
3.294542880099285e-02	2.145767e-06	-1.502037e-05	-7.152557e-06
3.295542880099285e-02	2.384186e-07	-1.382828e-05	-6.198883e-06
3.296542880099285e-02	1.907349e-06	-1.478195e-05	-7.152557e-06
3.297542880099285e-02	2.384186e-07	-1.382828e-05	-6.437302e-06
3.298542880099285e-02	1.907349e-06	-1.478195e-05	-7.390976e-06
3.299542880099285e-02	0.000000e+00	-1.382828e-05	-6.437302e-06
3.300542880099285e-02	1.907349e-06	-1.478195e-05	-7.390976e-06
3.301542880099285e-02	2.384186e-07	-1.406670e-05	-6.437302e-06
3.302542880099285e-02	1.907349e-06	-1.478195e-05	-7.390976e-06
3.303542880099285e-02	2.384186e-07	-1.382828e-05	-6.198883e-06
3.304542880099285e-02	2.145767e-06	-1.478195e-05	-7.152557e-06
3.305542880099285e-02	2.384186e-07	-1.382828e-05	-6.437302e-06
3.306542880099285e-02	2.145767e-06	-1.502037e-05	-7.152557e-06
3.307542880099285e-02	2.384186e-07	-1.382828e-05	-6.437302e-06
3.308542880099285e-02	1.907349e-06	-1.478195e-05	-7.152557e-06
3.309542880099285e-02	0.000000e+00	-1.382828e-05	-6.437302e-06
3.310542880099285e-02	1.907349e-06	-1.478195e-05	-7.390976e-06
3.311542880099285e-02	2.384186e-07	-1.406670e-05	-6.437302e-06
3.312542880099285e-02	1.907349e-06	-1.478195e-05	-7.390976e-06
3.313542880099285e-02	2.384186e-07	-1.382828e-05	-6.198883e-06
3.314542880099285e-02	1.907349e-06	-1.478195e-05	-7.152557e-06
3.315542880099285e-02	2.384186e-07	-1.382828e-05	-6.437302e-06
3.316542880099285e-02	2.145767e-06	-1.478195e-05	-7.152557e-06
3.317542880099285e-02	2.384186e-07	-1.382828e-05	-6.437302e-06
3.318542880099285e-02	2.145767e-06	-1.502037e-05	-7.152557e-06
3.319542880099285e-02	0.000000e+00	-1.382828e-05	-6.437302e-06
3.320542880099285e-02	1.907349e-06	-1.478195e-05	-7.152557e-06
3.321542880099285e-02	2.384186e-07	-1.406670e-05	-6.437302e-06
3.322542880099285e-02	1.907349e-06	-1.478195e-05	-7.390976e-06
3.323542880099285e-02	2.384186e-07	-1.382828e-05	-6.198883e-06
3.324542880099285e-02	1.907349e-06	-1.478195e-05	-7.390976e-06
3.325542880099285e-02	2.384186e-07	-1.382828e-05	-6.437302e-06
3.326542880099285e-02	1.907349e-06	-1.478195e-05	-7.390976e-06
3.327542880099285e-02	2.384186e-07	-1.382828e-05	-6.437302e-06
3.328542880099285e-02	2.145767e-06	-1.478195e-05	-7.152557e-06
3.329542880099285e-02	0.000000e+00	-1.382828e-05	-6.437302e-06
3.330542880099285e-02	2.145767e-06	-1.502037e-05	-7.152557e-06
3.331542880099285e-02	2.384186e-07	-1.406670e-05	-6.437302e-06
3.332542880099285e-02	1.907349e-06	-1.478195e-05	-7.152557e-06
3.333542880099285e-02	2.384186e-07	-1.382828e-05	-6.198883e-06
3.334542880099285e-02	1.907349e-06	-1.478195e-05	-7.152557e-06
3.335542880099285e-02	2.384186e-07	-1.382828e-05	-6.198883e-06
3.336542880099285e-02	1.907349e-06	-1.478195e-05	-7.390976e-06
3.337542880099285e-02	2.384186e-07	-1.382828e-05	-6.437302e-06
3.338542880099285e-02	1.907349e-06	-1.478195e-05	-7.390976e-06
3.339542880099285e-02	0.000000e+00	-1.382828e-05	-6.437302e-06
3.340542880099285e-02	2.145767e-06	-1.478195e-05	-7.152557e-06
3.341542880099285e-02	0.000000e+00	-1.382828e-05	-6.437302e-06
3.342542880099285e-02	2.145767e-06	-1.502037e-05	-7.152557e-06
3.343542880099285e-02	2.384186e-07	-1.406670e-05	-6.198883e-06
3.344542880099285e-02	1.907349e-06	-1.478195e-05	-7.152557e-06
3.345542880099285e-02	2.384186e-07	-1.382828e-05	-6.198883e-06
3.346542880099285e-02	1.907349e-06	-1.478195e-05	-7.152557e-06
3.347542880099285e-02	2.384186e-07	-1.382828e-05	-6.437302e-06
3.348542880099285e-02	1.907349e-06	-1.478195e-05	-7.390976e-06
3.349542880099285e-02	2.384186e-07	-1.382828e-05	-6.437302e-06
3.350542880099285e-02	1.907349e-06	-1.478195e-05	-7.390976e-06
3.351542880099285e-02	0.000000e+00	-1.382828e-05	-6.437302e-06
3.352542880099285e-02	1.907349e-06	-1.478195e-05	-7.152557e-06
3.353542880099285e-02	2.384186e-07	-1.406670e-05	-6.437302e-06
3.354542880099285e-02	2.145767e-06	-1.478195e-05	-7.152557e-06
3.355542880099285e-02	2.384186e-07	-1.382828e-05	-6.198883e-06
3.356542880099285e-02	2.145767e-06	-1.502037e-05	-7.152557e-06
3.357542880099285e-02	2.384186e-07	-1.382828e-05	-6.198883e-06
3.358542880099285e-02	1.907349e-06	-1.478195e-05	-7.152557e-06
3.359542880099285e-02	2.384186e-07	-1.382828e-05	-6.437302e-06
3.360542880099285e-02	1.907349e-06	-1.478195e-05	-7.152557e-06
3.361542880099285e-02	2.384186e-07	-1.382828e-05	-6.437302e-06
3.362542880099285e-02	1.907349e-06	-1.478195e-05	-7.390976e-06
3.363542880099285e-02	0.000000e+00	-1.382828e-05	-6.437302e-06
3.364542880099285e-02	1.907349e-06	-1.478195e-05	-7.390976e-06
3.365542880099285e-02	2.384186e-07	-1.406670e-05	-6.437302e-06
3.366542880099285e-02	2.145767e-06	-1.478195e-05	-7.152557e-06
3.367542880099285e-02	2.384186e-07	-1.382828e-05	-6.198883e-06
3.368542880099285e-02	2.145767e-06	-1.478195e-05	-7.152557e-06
3.369542880099285e-02	2.384186e-07	-1.382828e-05	-6.198883e-06
3.370542880099285e-02	1.907349e-06	-1.478195e-05	-7.152557e-06
3.371542880099285e-02	2.384186e-07	-1.382828e-05	-6.437302e-06
3.372542880099285e-02	1.907349e-06	-1.478195e-05	-7.152557e-06
3.373542880099285e-02	2.384186e-07	-1.382828e-05	-6.437302e-06
3.374542880099285e-02	1.907349e-06	-1.478195e-05	-7.390976e-06
3.375542880099285e-02	0.000000e+00	-1.382828e-05	-6.437302e-06
3.376542880099285e-02	1.907349e-06	-1.478195e-05	-7.390976e-06
3.377542880099285e-02	2.384186e-07	-1.406670e-05	-6.437302e-06
3.378542880099285e-02	1.907349e-06	-1.478195e-05	-7.390976e-06
3.379542880099285e-02	2.384186e-07	-1.406670e-05	-6.198883e-06
3.380542880099285e-02	2.145767e-06	-1.478195e-05	-7.152557e-06
3.381542880099285e-02	2.384186e-07	-1.382828e-05	-6.198883e-06
3.382542880099285e-02	2.145767e-06	-1.502037e-05	-7.152557e-06
3.383542880099285e-02	2.384186e-07	-1.382828e-05	-6.437302e-06
3.384542880099285e-02	1.907349e-06	-1.478195e-05	-7.152557e-06
3.385542880099285e-02	2.384186e-07	-1.382828e-05	-6.437302e-06
3.386542880099285e-02	1.907349e-06	-1.478195e-05	-7.152557e-06
3.387542880099285e-02	0.000000e+00	-1.382828e-05	-6.437302e-06
3.388542880099285e-02	1.907349e-06	-1.478195e-05	-7.390976e-06
3.389542880099285e-02	0.000000e+00	-1.382828e-05	-6.437302e-06
3.390542880099285e-02	1.907349e-06	-1.478195e-05	-7.390976e-06
3.391542880099285e-02	2.384186e-07	-1.406670e-05	-6.437302e-06
3.392542880099285e-02	1.907349e-06	-1.478195e-05	-7.390976e-06
3.393542880099285e-02	2.384186e-07	-1.382828e-05	-6.198883e-06
3.394542880099285e-02	2.145767e-06	-1.478195e-05	-7.152557e-06
3.395542880099285e-02	2.384186e-07	-1.382828e-05	-6.198883e-06
3.396542880099285e-02	2.145767e-06	-1.478195e-05	-7.152557e-06
3.397542880099285e-02	2.384186e-07	-1.382828e-05	-6.437302e-06
3.398542880099285e-02	1.907349e-06	-1.478195e-05	-7.152557e-06
3.399542880099285e-02	2.384186e-07	-1.382828e-05	-6.437302e-06
3.400542880099285e-02	1.907349e-06	-1.478195e-05	-7.152557e-06
3.401542880099285e-02	0.000000e+00	-1.382828e-05	-6.437302e-06
3.402542880099285e-02	1.907349e-06	-1.478195e-05	-7.152557e-06
3.403542880099285e-02	2.384186e-07	-1.406670e-05	-6.437302e-06
3.404542880099285e-02	1.907349e-06	-1.478195e-05	-7.390976e-06
3.405542880099285e-02	2.384186e-07	-1.406670e-05	-6.437302e-06
3.406542880099285e-02	1.907349e-06	-1.478195e-05	-7.390976e-06
3.407542880099285e-02	2.384186e-07	-1.382828e-05	-6.198883e-06
3.408542880099285e-02	1.907349e-06	-1.478195e-05	-7.152557e-06
3.409542880099285e-02	2.384186e-07	-1.382828e-05	-6.198883e-06
3.410542880099285e-02	2.145767e-06	-1.478195e-05	-7.152557e-06
3.411542880099285e-02	2.384186e-07	-1.382828e-05	-6.437302e-06
3.412542880099285e-02	2.145767e-06	-1.502037e-05	-7.152557e-06
3.413542880099285e-02	2.384186e-07	-1.382828e-05	-6.437302e-06
3.414542880099285e-02	1.907349e-06	-1.478195e-05	-7.152557e-06
3.415542880099285e-02	0.000000e+00	-1.382828e-05	-6.437302e-06
3.416542880099285e-02	1.907349e-06	-1.478195e-05	-7.152557e-06
3.417542880099285e-02	2.384186e-07	-1.406670e-05	-6.437302e-06
3.418542880099285e-02	1.907349e-06	-1.478195e-05	-7.390976e-06
3.419542880099285e-02	2.384186e-07	-1.406670e-05	-6.437302e-06
3.420542880099285e-02	1.907349e-06	-1.478195e-05	-7.390976e-06
3.421542880099285e-02	2.384186e-07	-1.382828e-05	-6.198883e-06
3.422542880099285e-02	1.907349e-06	-1.478195e-05	-7.390976e-06
3.423542880099285e-02	2.384186e-07	-1.382828e-05	-6.198883e-06
3.424542880099285e-02	1.907349e-06	-1.478195e-05	-7.152557e-06
3.425542880099285e-02	2.384186e-07	-1.382828e-05	-6.437302e-06
3.426542880099285e-02	2.145767e-06	-1.478195e-05	-7.152557e-06
3.427542880099285e-02	2.384186e-07	-1.382828e-05	-6.437302e-06
3.428542880099285e-02	1.907349e-06	-1.478195e-05	-7.152557e-06
3.429542880099285e-02	0.000000e+00	-1.382828e-05	-6.437302e-06
3.430542880099285e-02	1.907349e-06	-1.478195e-05	-7.152557e-06
3.431542880099285e-02	0.000000e+00	-1.382828e-05	-6.437302e-06
3.432542880099285e-02	1.907349e-06	-1.478195e-05	-7.152557e-06
3.433542880099285e-02	2.384186e-07	-1.406670e-05	-6.437302e-06
3.434542880099285e-02	1.907349e-06	-1.478195e-05	-7.390976e-06
3.435542880099285e-02	2.384186e-07	-1.406670e-05	-6.437302e-06
3.436542880099285e-02	1.907349e-06	-1.478195e-05	-7.390976e-06
3.437542880099285e-02	2.384186e-07	-1.382828e-05	-6.198883e-06
3.438542880099285e-02	1.907349e-06	-1.478195e-05	-7.390976e-06
3.439542880099285e-02	2.384186e-07	-1.382828e-05	-6.198883e-06
3.440542880099285e-02	1.907349e-06	-1.478195e-05	-7.152557e-06
3.441542880099285e-02	2.384186e-07	-1.382828e-05	-6.437302e-06
3.442542880099285e-02	2.145767e-06	-1.478195e-05	-7.152557e-06
3.443542880099285e-02	2.384186e-07	-1.382828e-05	-6.437302e-06
3.444542880099285e-02	2.145767e-06	-1.502037e-05	-7.152557e-06
3.445542880099285e-02	0.000000e+00	-1.382828e-05	-6.437302e-06
3.446542880099285e-02	1.907349e-06	-1.478195e-05	-7.152557e-06
3.447542880099285e-02	0.000000e+00	-1.382828e-05	-6.437302e-06
3.448542880099285e-02	1.907349e-06	-1.478195e-05	-7.152557e-06
3.449542880099285e-02	2.384186e-07	-1.406670e-05	-6.437302e-06
3.450542880099285e-02	1.907349e-06	-1.478195e-05	-7.152557e-06
3.451542880099285e-02	2.384186e-07	-1.406670e-05	-6.437302e-06
3.452542880099285e-02	1.907349e-06	-1.478195e-05	-7.390976e-06
3.453542880099285e-02	2.384186e-07	-1.382828e-05	-6.198883e-06
3.454542880099285e-02	1.907349e-06	-1.478195e-05	-7.390976e-06
3.455542880099285e-02	2.384186e-07	-1.382828e-05	-6.198883e-06
3.456542880099285e-02	1.907349e-06	-1.478195e-05	-7.152557e-06
3.457542880099285e-02	2.384186e-07	-1.382828e-05	-6.437302e-06
3.458542880099285e-02	2.145767e-06	-1.478195e-05	-7.152557e-06
3.459542880099285e-02	2.384186e-07	-1.382828e-05	-6.437302e-06
3.460542880099285e-02	2.145767e-06	-1.478195e-05	-7.152557e-06
3.461542880099285e-02	2.384186e-07	-1.382828e-05	-6.437302e-06
3.462542880099285e-02	1.907349e-06	-1.478195e-05	-7.152557e-06
3.463542880099285e-02	0.000000e+00	-1.382828e-05	-6.437302e-06
3.464542880099285e-02	1.907349e-06	-1.478195e-05	-7.152557e-06
3.465542880099285e-02	2.384186e-07	-1.406670e-05	-6.437302e-06
3.466542880099285e-02	1.907349e-06	-1.478195e-05	-7.152557e-06
3.467542880099285e-02	2.384186e-07	-1.406670e-05	-6.437302e-06
3.468542880099285e-02	1.907349e-06	-1.478195e-05	-7.152557e-06
3.469542880099285e-02	2.384186e-07	-1.382828e-05	-6.198883e-06
3.470542880099285e-02	1.907349e-06	-1.478195e-05	-7.390976e-06
3.471542880099285e-02	2.384186e-07	-1.382828e-05	-6.198883e-06
3.472542880099285e-02	1.907349e-06	-1.478195e-05	-7.390976e-06
3.473542880099285e-02	2.384186e-07	-1.382828e-05	-6.437302e-06
3.474542880099285e-02	1.907349e-06	-1.478195e-05	-7.152557e-06
3.475542880099285e-02	2.384186e-07	-1.382828e-05	-6.437302e-06
3.476542880099285e-02	1.907349e-06	-1.478195e-05	-7.152557e-06
3.477542880099285e-02	2.384186e-07	-1.382828e-05	-6.437302e-06
3.478542880099285e-02	2.145767e-06	-1.478195e-05	-7.152557e-06
3.479542880099285e-02	0.000000e+00	-1.382828e-05	-6.437302e-06
3.480542880099285e-02	1.907349e-06	-1.478195e-05	-7.152557e-06
3.481542880099285e-02	0.000000e+00	-1.382828e-05	-6.437302e-06
3.482542880099285e-02	1.907349e-06	-1.478195e-05	-7.152557e-06
3.483542880099285e-02	2.384186e-07	-1.406670e-05	-6.437302e-06
3.484542880099285e-02	1.907349e-06	-1.478195e-05	-7.152557e-06
3.485542880099285e-02	2.384186e-07	-1.406670e-05	-6.437302e-06
3.486542880099285e-02	1.907349e-06	-1.478195e-05	-7.152557e-06
3.487542880099285e-02	2.384186e-07	-1.382828e-05	-6.198883e-06
3.488542880099285e-02	1.907349e-06	-1.478195e-05	-7.390976e-06
3.489542880099285e-02	2.384186e-07	-1.382828e-05	-6.198883e-06
3.490542880099285e-02	1.907349e-06	-1.478195e-05	-7.390976e-06
3.491542880099285e-02	2.384186e-07	-1.382828e-05	-6.437302e-06
3.492542880099285e-02	1.907349e-06	-1.478195e-05	-7.152557e-06
3.493542880099285e-02	2.384186e-07	-1.382828e-05	-6.437302e-06
3.494542880099285e-02	1.907349e-06	-1.478195e-05	-7.152557e-06
3.495542880099285e-02	2.384186e-07	-1.382828e-05	-6.437302e-06
3.496542880099285e-02	2.145767e-06	-1.478195e-05	-7.152557e-06
3.497542880099285e-02	2.384186e-07	-1.382828e-05	-6.437302e-06
3.498542880099285e-02	1.907349e-06	-1.478195e-05	-7.152557e-06
3.499542880099285e-02	0.000000e+00	-1.382828e-05	-6.437302e-06
3.500542880099285e-02	1.907349e-06	-1.478195e-05	-7.152557e-06
3.501542880099285e-02	2.384186e-07	-1.406670e-05	-6.437302e-06
3.502542880099285e-02	1.907349e-06	-1.478195e-05	-7.152557e-06
3.503542880099285e-02	2.384186e-07	-1.406670e-05	-6.437302e-06
3.504542880099285e-02	1.907349e-06	-1.478195e-05	-7.152557e-06
3.505542880099285e-02	2.384186e-07	-1.406670e-05	-6.437302e-06
3.506542880099285e-02	1.907349e-06	-1.478195e-05	-7.152557e-06
3.507542880099285e-02	2.384186e-07	-1.382828e-05	-6.198883e-06
3.508542880099285e-02	1.907349e-06	-1.478195e-05	-7.390976e-06
3.509542880099285e-02	2.384186e-07	-1.382828e-05	-6.198883e-06
3.510542880099285e-02	1.907349e-06	-1.478195e-05	-7.390976e-06
3.511542880099285e-02	2.384186e-07	-1.382828e-05	-6.437302e-06
3.512542880099285e-02	1.907349e-06	-1.478195e-05	-7.152557e-06
3.513542880099285e-02	2.384186e-07	-1.382828e-05	-6.437302e-06
3.514542880099285e-02	1.907349e-06	-1.478195e-05	-7.152557e-06
3.515542880099285e-02	2.384186e-07	-1.382828e-05	-6.437302e-06
3.516542880099285e-02	2.145767e-06	-1.478195e-05	-7.152557e-06
3.517542880099285e-02	2.384186e-07	-1.382828e-05	-6.437302e-06
3.518542880099285e-02	1.907349e-06	-1.478195e-05	-7.152557e-06
3.519542880099285e-02	0.000000e+00	-1.382828e-05	-6.437302e-06
3.520542880099285e-02	1.907349e-06	-1.478195e-05	-7.152557e-06
3.521542880099285e-02	2.384186e-07	-1.406670e-05	-6.437302e-06
3.522542880099285e-02	1.907349e-06	-1.478195e-05	-7.152557e-06
3.523542880099285e-02	2.384186e-07	-1.406670e-05	-6.437302e-06
3.524542880099285e-02	1.907349e-06	-1.478195e-05	-7.152557e-06
3.525542880099285e-02	2.384186e-07	-1.406670e-05	-6.437302e-06
3.526542880099285e-02	1.907349e-06	-1.478195e-05	-7.152557e-06
3.527542880099285e-02	2.384186e-07	-1.382828e-05	-6.198883e-06
3.528542880099285e-02	1.907349e-06	-1.478195e-05	-7.390976e-06
3.529542880099285e-02	2.384186e-07	-1.382828e-05	-6.198883e-06
3.530542880099285e-02	1.907349e-06	-1.478195e-05	-7.390976e-06
3.531542880099285e-02	2.384186e-07	-1.382828e-05	-6.437302e-06
3.532542880099285e-02	1.907349e-06	-1.478195e-05	-7.390976e-06
3.533542880099285e-02	2.384186e-07	-1.382828e-05	-6.437302e-06
3.534542880099285e-02	1.907349e-06	-1.478195e-05	-7.152557e-06
3.535542880099285e-02	2.384186e-07	-1.382828e-05	-6.437302e-06
3.536542880099285e-02	1.907349e-06	-1.478195e-05	-7.152557e-06
3.537542880099285e-02	2.384186e-07	-1.382828e-05	-6.437302e-06
3.538542880099285e-02	2.145767e-06	-1.478195e-05	-7.152557e-06
3.539542880099285e-02	2.384186e-07	-1.382828e-05	-6.437302e-06
3.540542880099285e-02	1.907349e-06	-1.478195e-05	-7.152557e-06
3.541542880099285e-02	2.384186e-07	-1.406670e-05	-6.437302e-06
3.542542880099285e-02	1.907349e-06	-1.478195e-05	-7.152557e-06
3.543542880099285e-02	2.384186e-07	-1.406670e-05	-6.437302e-06
3.544542880099285e-02	1.907349e-06	-1.478195e-05	-7.152557e-06
3.545542880099285e-02	2.384186e-07	-1.406670e-05	-6.437302e-06
3.546542880099285e-02	1.907349e-06	-1.478195e-05	-7.152557e-06
3.547542880099285e-02	2.384186e-07	-1.406670e-05	-6.437302e-06
3.548542880099285e-02	1.907349e-06	-1.478195e-05	-7.152557e-06
3.549542880099285e-02	2.384186e-07	-1.382828e-05	-6.198883e-06
3.550542880099285e-02	1.907349e-06	-1.478195e-05	-7.152557e-06
3.551542880099285e-02	2.384186e-07	-1.382828e-05	-6.198883e-06
3.552542880099285e-02	1.907349e-06	-1.478195e-05	-7.390976e-06
3.553542880099285e-02	2.384186e-07	-1.382828e-05	-6.198883e-06
3.554542880099285e-02	1.907349e-06	-1.478195e-05	-7.390976e-06
3.555542880099285e-02	2.384186e-07	-1.382828e-05	-6.437302e-06
3.556542880099285e-02	1.907349e-06	-1.478195e-05	-7.152557e-06
3.557542880099285e-02	2.384186e-07	-1.382828e-05	-6.437302e-06
3.558542880099285e-02	1.907349e-06	-1.478195e-05	-7.152557e-06
3.559542880099285e-02	2.384186e-07	-1.382828e-05	-6.437302e-06
3.560542880099285e-02	1.907349e-06	-1.478195e-05	-7.152557e-06
3.561542880099285e-02	2.384186e-07	-1.382828e-05	-6.437302e-06
3.562542880099285e-02	2.145767e-06	-1.478195e-05	-7.152557e-06
3.563542880099285e-02	2.384186e-07	-1.406670e-05	-6.437302e-06
3.564542880099285e-02	1.907349e-06	-1.478195e-05	-7.152557e-06
3.565542880099285e-02	2.384186e-07	-1.406670e-05	-6.437302e-06
3.566542880099285e-02	1.907349e-06	-1.478195e-05	-7.152557e-06
3.567542880099285e-02	2.384186e-07	-1.406670e-05	-6.437302e-06
3.568542880099285e-02	1.907349e-06	-1.478195e-05	-7.152557e-06
3.569542880099285e-02	2.384186e-07	-1.406670e-05	-6.437302e-06
3.570542880099285e-02	1.907349e-06	-1.478195e-05	-7.152557e-06
3.571542880099285e-02	2.384186e-07	-1.382828e-05	-6.437302e-06
3.572542880099285e-02	1.907349e-06	-1.478195e-05	-7.152557e-06
3.573542880099285e-02	2.384186e-07	-1.382828e-05	-6.198883e-06
3.574542880099285e-02	1.907349e-06	-1.478195e-05	-7.152557e-06
3.575542880099285e-02	2.384186e-07	-1.382828e-05	-6.198883e-06
3.576542880099285e-02	1.907349e-06	-1.478195e-05	-7.390976e-06
3.577542880099285e-02	2.384186e-07	-1.382828e-05	-6.437302e-06
3.578542880099285e-02	1.907349e-06	-1.478195e-05	-7.390976e-06
3.579542880099285e-02	2.384186e-07	-1.382828e-05	-6.437302e-06
3.580542880099285e-02	1.907349e-06	-1.478195e-05	-7.152557e-06
3.581542880099285e-02	2.384186e-07	-1.382828e-05	-6.437302e-06
3.582542880099285e-02	1.907349e-06	-1.478195e-05	-7.152557e-06
3.583542880099285e-02	2.384186e-07	-1.382828e-05	-6.437302e-06
3.584542880099285e-02	1.907349e-06	-1.478195e-05	-7.152557e-06
3.585542880099285e-02	2.384186e-07	-1.382828e-05	-6.437302e-06
3.586542880099285e-02	2.145767e-06	-1.478195e-05	-7.152557e-06
3.587542880099285e-02	0.000000e+00	-1.382828e-05	-6.437302e-06
3.588542880099285e-02	1.907349e-06	-1.478195e-05	-7.152557e-06
3.589542880099285e-02	2.384186e-07	-1.406670e-05	-6.437302e-06
3.590542880099285e-02	1.907349e-06	-1.478195e-05	-7.152557e-06
3.591542880099285e-02	2.384186e-07	-1.406670e-05	-6.437302e-06
3.592542880099285e-02	1.907349e-06	-1.478195e-05	-7.152557e-06
3.593542880099285e-02	2.384186e-07	-1.406670e-05	-6.437302e-06
3.594542880099285e-02	1.907349e-06	-1.478195e-05	-7.152557e-06
3.595542880099285e-02	2.384186e-07	-1.406670e-05	-6.437302e-06
3.596542880099285e-02	1.907349e-06	-1.478195e-05	-7.152557e-06
3.597542880099285e-02	2.384186e-07	-1.382828e-05	-6.437302e-06
3.598542880099285e-02	1.907349e-06	-1.478195e-05	-7.152557e-06
3.599542880099285e-02	2.384186e-07	-1.382828e-05	-6.198883e-06
3.600542880099285e-02	1.907349e-06	-1.478195e-05	-7.152557e-06
3.601542880099285e-02	2.384186e-07	-1.382828e-05	-6.198883e-06
3.602542880099285e-02	1.907349e-06	-1.478195e-05	-7.390976e-06
3.603542880099285e-02	2.384186e-07	-1.382828e-05	-6.437302e-06
3.604542880099285e-02	1.907349e-06	-1.478195e-05	-7.390976e-06
3.605542880099285e-02	2.384186e-07	-1.382828e-05	-6.437302e-06
3.606542880099285e-02	1.907349e-06	-1.478195e-05	-7.390976e-06
3.607542880099285e-02	2.384186e-07	-1.382828e-05	-6.437302e-06
3.608542880099285e-02	1.907349e-06	-1.478195e-05	-7.152557e-06
3.609542880099285e-02	2.384186e-07	-1.382828e-05	-6.437302e-06
3.610542880099285e-02	1.907349e-06	-1.478195e-05	-7.152557e-06
3.611542880099285e-02	2.384186e-07	-1.382828e-05	-6.437302e-06
3.612542880099285e-02	1.907349e-06	-1.478195e-05	-7.152557e-06
3.613542880099285e-02	2.384186e-07	-1.382828e-05	-6.437302e-06
3.614542880099285e-02	1.907349e-06	-1.478195e-05	-7.152557e-06
3.615542880099285e-02	2.384186e-07	-1.406670e-05	-6.437302e-06
3.616542880099285e-02	1.907349e-06	-1.478195e-05	-7.152557e-06
3.617542880099285e-02	2.384186e-07	-1.406670e-05	-6.437302e-06
3.618542880099285e-02	1.907349e-06	-1.478195e-05	-7.152557e-06
3.619542880099285e-02	2.384186e-07	-1.406670e-05	-6.437302e-06
3.620542880099285e-02	1.907349e-06	-1.478195e-05	-7.152557e-06
3.621542880099285e-02	2.384186e-07	-1.406670e-05	-6.437302e-06
3.622542880099285e-02	1.907349e-06	-1.478195e-05	-7.152557e-06
3.623542880099285e-02	2.384186e-07	-1.406670e-05	-6.437302e-06
3.624542880099285e-02	1.907349e-06	-1.478195e-05	-7.152557e-06
3.625542880099285e-02	2.384186e-07	-1.382828e-05	-6.437302e-06
3.626542880099285e-02	1.907349e-06	-1.478195e-05	-7.152557e-06
3.627542880099285e-02	2.384186e-07	-1.382828e-05	-6.198883e-06
3.628542880099285e-02	1.907349e-06	-1.478195e-05	-7.152557e-06
3.629542880099285e-02	2.384186e-07	-1.382828e-05	-6.198883e-06
3.630542880099285e-02	1.907349e-06	-1.478195e-05	-7.390976e-06
3.631542880099285e-02	2.384186e-07	-1.382828e-05	-6.437302e-06
3.632542880099285e-02	1.907349e-06	-1.478195e-05	-7.390976e-06
3.633542880099285e-02	2.384186e-07	-1.382828e-05	-6.437302e-06
3.634542880099285e-02	1.907349e-06	-1.478195e-05	-7.390976e-06
3.635542880099285e-02	2.384186e-07	-1.382828e-05	-6.437302e-06
3.636542880099285e-02	1.907349e-06	-1.478195e-05	-7.152557e-06
3.637542880099285e-02	2.384186e-07	-1.382828e-05	-6.437302e-06
3.638542880099285e-02	1.907349e-06	-1.478195e-05	-7.152557e-06
3.639542880099285e-02	2.384186e-07	-1.382828e-05	-6.437302e-06
3.640542880099285e-02	1.907349e-06	-1.478195e-05	-7.152557e-06
3.641542880099285e-02	2.384186e-07	-1.382828e-05	-6.437302e-06
3.642542880099285e-02	1.907349e-06	-1.478195e-05	-7.152557e-06
3.643542880099285e-02	4.768372e-07	-1.406670e-05	-6.437302e-06
3.644542880099285e-02	1.907349e-06	-1.478195e-05	-7.152557e-06
3.645542880099285e-02	2.384186e-07	-1.406670e-05	-6.437302e-06
3.646542880099285e-02	1.907349e-06	-1.478195e-05	-7.152557e-06
3.647542880099285e-02	2.384186e-07	-1.406670e-05	-6.437302e-06
3.648542880099285e-02	1.907349e-06	-1.478195e-05	-7.152557e-06
3.649542880099285e-02	2.384186e-07	-1.406670e-05	-6.437302e-06
3.650542880099285e-02	1.907349e-06	-1.478195e-05	-7.152557e-06
3.651542880099285e-02	2.384186e-07	-1.406670e-05	-6.437302e-06
3.652542880099285e-02	1.907349e-06	-1.478195e-05	-7.152557e-06
3.653542880099285e-02	2.384186e-07	-1.406670e-05	-6.437302e-06
3.654542880099285e-02	1.907349e-06	-1.478195e-05	-7.152557e-06
3.655542880099285e-02	2.384186e-07	-1.382828e-05	-6.437302e-06
3.656542880099285e-02	1.907349e-06	-1.478195e-05	-7.152557e-06
3.657542880099285e-02	2.384186e-07	-1.382828e-05	-6.437302e-06
3.658542880099285e-02	1.907349e-06	-1.478195e-05	-7.152557e-06
3.659542880099285e-02	2.384186e-07	-1.382828e-05	-6.198883e-06
3.660542880099285e-02	1.907349e-06	-1.478195e-05	-7.152557e-06
3.661542880099285e-02	2.384186e-07	-1.382828e-05	-6.198883e-06
3.662542880099285e-02	1.907349e-06	-1.478195e-05	-7.390976e-06
3.663542880099285e-02	2.384186e-07	-1.382828e-05	-6.437302e-06
3.664542880099285e-02	1.907349e-06	-1.478195e-05	-7.390976e-06
3.665542880099285e-02	2.384186e-07	-1.382828e-05	-6.437302e-06
3.666542880099285e-02	1.907349e-06	-1.478195e-05	-7.390976e-06
3.667542880099285e-02	2.384186e-07	-1.382828e-05	-6.437302e-06
3.668542880099285e-02	1.907349e-06	-1.478195e-05	-7.152557e-06
3.669542880099285e-02	2.384186e-07	-1.382828e-05	-6.437302e-06
3.670542880099285e-02	1.907349e-06	-1.478195e-05	-7.152557e-06
3.671542880099285e-02	2.384186e-07	-1.382828e-05	-6.437302e-06
3.672542880099285e-02	1.907349e-06	-1.478195e-05	-7.152557e-06
3.673542880099285e-02	2.384186e-07	-1.382828e-05	-6.437302e-06
3.674542880099285e-02	1.668930e-06	-1.454353e-05	-7.152557e-06
3.675542880099285e-02	4.768372e-07	-1.406670e-05	-6.437302e-06
3.676542880099285e-02	1.907349e-06	-1.478195e-05	-7.152557e-06
3.677542880099285e-02	2.384186e-07	-1.406670e-05	-6.437302e-06
3.678542880099285e-02	1.907349e-06	-1.478195e-05	-7.152557e-06
3.679542880099285e-02	2.384186e-07	-1.406670e-05	-6.437302e-06
3.680542880099285e-02	1.907349e-06	-1.478195e-05	-7.152557e-06
3.681542880099285e-02	2.384186e-07	-1.406670e-05	-6.437302e-06
3.682542880099285e-02	1.907349e-06	-1.478195e-05	-7.152557e-06
3.683542880099285e-02	2.384186e-07	-1.406670e-05	-6.437302e-06
3.684542880099285e-02	1.907349e-06	-1.478195e-05	-7.152557e-06
3.685542880099285e-02	2.384186e-07	-1.406670e-05	-6.437302e-06
3.686542880099285e-02	1.907349e-06	-1.478195e-05	-7.152557e-06
3.687542880099285e-02	2.384186e-07	-1.382828e-05	-6.437302e-06
3.688542880099285e-02	1.907349e-06	-1.478195e-05	-7.152557e-06
3.689542880099285e-02	2.384186e-07	-1.382828e-05	-6.437302e-06
3.690542880099285e-02	1.907349e-06	-1.478195e-05	-7.152557e-06
3.691542880099285e-02	2.384186e-07	-1.382828e-05	-6.437302e-06
3.692542880099285e-02	1.907349e-06	-1.478195e-05	-7.152557e-06
3.693542880099285e-02	2.384186e-07	-1.382828e-05	-6.198883e-06
3.694542880099285e-02	1.907349e-06	-1.478195e-05	-7.152557e-06
3.695542880099285e-02	2.384186e-07	-1.382828e-05	-6.198883e-06
3.696542880099285e-02	1.907349e-06	-1.478195e-05	-7.390976e-06
3.697542880099285e-02	2.384186e-07	-1.382828e-05	-6.437302e-06
3.698542880099285e-02	1.907349e-06	-1.478195e-05	-7.390976e-06
3.699542880099285e-02	2.384186e-07	-1.382828e-05	-6.437302e-06
3.700542880099285e-02	1.907349e-06	-1.478195e-05	-7.390976e-06
3.701542880099285e-02	2.384186e-07	-1.382828e-05	-6.437302e-06
3.702542880099285e-02	1.907349e-06	-1.478195e-05	-7.152557e-06
3.703542880099285e-02	2.384186e-07	-1.382828e-05	-6.437302e-06
3.704542880099285e-02	1.907349e-06	-1.478195e-05	-7.152557e-06
3.705542880099285e-02	2.384186e-07	-1.382828e-05	-6.437302e-06
3.706542880099285e-02	1.907349e-06	-1.478195e-05	-7.152557e-06
3.707542880099285e-02	2.384186e-07	-1.382828e-05	-6.437302e-06
3.708542880099285e-02	1.907349e-06	-1.478195e-05	-7.152557e-06
3.709542880099285e-02	4.768372e-07	-1.406670e-05	-6.437302e-06
3.710542880099285e-02	1.668930e-06	-1.454353e-05	-7.152557e-06
3.711542880099285e-02	4.768372e-07	-1.406670e-05	-6.437302e-06
3.712542880099285e-02	1.907349e-06	-1.478195e-05	-7.152557e-06
3.713542880099285e-02	2.384186e-07	-1.406670e-05	-6.437302e-06
3.714542880099285e-02	1.907349e-06	-1.478195e-05	-7.152557e-06
3.715542880099285e-02	2.384186e-07	-1.406670e-05	-6.437302e-06
3.716542880099285e-02	1.907349e-06	-1.478195e-05	-7.152557e-06
3.717542880099285e-02	2.384186e-07	-1.406670e-05	-6.437302e-06
3.718542880099285e-02	1.907349e-06	-1.478195e-05	-7.152557e-06
3.719542880099285e-02	2.384186e-07	-1.406670e-05	-6.437302e-06
3.720542880099285e-02	1.907349e-06	-1.478195e-05	-7.152557e-06
3.721542880099285e-02	2.384186e-07	-1.406670e-05	-6.437302e-06
3.722542880099285e-02	1.907349e-06	-1.478195e-05	-7.152557e-06
3.723542880099285e-02	2.384186e-07	-1.406670e-05	-6.437302e-06
3.724542880099285e-02	1.907349e-06	-1.478195e-05	-7.152557e-06
3.725542880099285e-02	2.384186e-07	-1.382828e-05	-6.437302e-06
3.726542880099285e-02	1.907349e-06	-1.478195e-05	-7.152557e-06
3.727542880099285e-02	2.384186e-07	-1.382828e-05	-6.437302e-06
3.728542880099285e-02	1.907349e-06	-1.478195e-05	-7.152557e-06
3.729542880099285e-02	2.384186e-07	-1.382828e-05	-6.437302e-06
3.730542880099285e-02	1.907349e-06	-1.478195e-05	-7.152557e-06
3.731542880099285e-02	2.384186e-07	-1.382828e-05	-6.198883e-06
3.732542880099285e-02	1.907349e-06	-1.478195e-05	-7.152557e-06
3.733542880099285e-02	2.384186e-07	-1.382828e-05	-6.198883e-06
3.734542880099285e-02	1.907349e-06	-1.478195e-05	-7.152557e-06
3.735542880099285e-02	2.384186e-07	-1.382828e-05	-6.437302e-06
3.736542880099285e-02	1.907349e-06	-1.478195e-05	-7.390976e-06
3.737542880099285e-02	2.384186e-07	-1.382828e-05	-6.437302e-06
3.738542880099285e-02	1.907349e-06	-1.478195e-05	-7.390976e-06
3.739542880099285e-02	2.384186e-07	-1.382828e-05	-6.437302e-06
3.740542880099285e-02	1.907349e-06	-1.478195e-05	-7.390976e-06
3.741542880099285e-02	2.384186e-07	-1.382828e-05	-6.437302e-06
3.742542880099285e-02	1.907349e-06	-1.478195e-05	-7.152557e-06
3.743542880099285e-02	2.384186e-07	-1.382828e-05	-6.437302e-06
3.744542880099285e-02	1.907349e-06	-1.478195e-05	-7.152557e-06
3.745542880099285e-02	2.384186e-07	-1.382828e-05	-6.437302e-06
3.746542880099285e-02	1.907349e-06	-1.478195e-05	-7.152557e-06
3.747542880099285e-02	2.384186e-07	-1.382828e-05	-6.437302e-06
3.748542880099285e-02	1.907349e-06	-1.478195e-05	-7.152557e-06
3.749542880099285e-02	4.768372e-07	-1.406670e-05	-6.437302e-06
3.750542880099285e-02	1.668930e-06	-1.454353e-05	-7.152557e-06
3.751542880099285e-02	4.768372e-07	-1.406670e-05	-6.437302e-06
3.752542880099285e-02	1.668930e-06	-1.454353e-05	-7.152557e-06
3.753542880099285e-02	4.768372e-07	-1.406670e-05	-6.437302e-06
3.754542880099285e-02	1.907349e-06	-1.478195e-05	-7.152557e-06
3.755542880099285e-02	2.384186e-07	-1.406670e-05	-6.437302e-06
3.756542880099285e-02	1.907349e-06	-1.478195e-05	-7.152557e-06
3.757542880099285e-02	2.384186e-07	-1.406670e-05	-6.437302e-06
3.758542880099285e-02	1.907349e-06	-1.478195e-05	-7.152557e-06
3.759542880099285e-02	2.384186e-07	-1.406670e-05	-6.437302e-06
3.760542880099285e-02	1.907349e-06	-1.478195e-05	-7.152557e-06
3.761542880099285e-02	2.384186e-07	-1.406670e-05	-6.437302e-06
3.762542880099285e-02	1.907349e-06	-1.478195e-05	-7.152557e-06
3.763542880099285e-02	2.384186e-07	-1.406670e-05	-6.437302e-06
3.764542880099285e-02	1.907349e-06	-1.478195e-05	-7.152557e-06
3.765542880099285e-02	2.384186e-07	-1.406670e-05	-6.437302e-06
3.766542880099285e-02	1.907349e-06	-1.478195e-05	-7.152557e-06
3.767542880099285e-02	2.384186e-07	-1.382828e-05	-6.437302e-06
3.768542880099285e-02	1.907349e-06	-1.478195e-05	-7.152557e-06
3.769542880099285e-02	2.384186e-07	-1.382828e-05	-6.437302e-06
3.770542880099285e-02	1.907349e-06	-1.478195e-05	-7.152557e-06
3.771542880099285e-02	2.384186e-07	-1.382828e-05	-6.437302e-06
3.772542880099285e-02	1.907349e-06	-1.478195e-05	-7.152557e-06
3.773542880099285e-02	2.384186e-07	-1.382828e-05	-6.437302e-06
3.774542880099285e-02	1.907349e-06	-1.478195e-05	-7.152557e-06
3.775542880099285e-02	2.384186e-07	-1.382828e-05	-6.198883e-06
3.776542880099285e-02	1.907349e-06	-1.478195e-05	-7.152557e-06
3.777542880099285e-02	2.384186e-07	-1.382828e-05	-6.198883e-06
3.778542880099285e-02	1.907349e-06	-1.478195e-05	-7.152557e-06
3.779542880099285e-02	2.384186e-07	-1.382828e-05	-6.437302e-06
3.780542880099285e-02	1.907349e-06	-1.478195e-05	-7.390976e-06
3.781542880099285e-02	2.384186e-07	-1.382828e-05	-6.437302e-06
3.782542880099285e-02	1.907349e-06	-1.478195e-05	-7.390976e-06
3.783542880099285e-02	2.384186e-07	-1.382828e-05	-6.437302e-06
3.784542880099285e-02	1.907349e-06	-1.478195e-05	-7.390976e-06
3.785542880099285e-02	2.384186e-07	-1.382828e-05	-6.437302e-06
3.786542880099285e-02	1.907349e-06	-1.478195e-05	-7.152557e-06
3.787542880099285e-02	2.384186e-07	-1.382828e-05	-6.437302e-06
3.788542880099285e-02	1.907349e-06	-1.478195e-05	-7.152557e-06
3.789542880099285e-02	2.384186e-07	-1.382828e-05	-6.437302e-06
3.790542880099285e-02	1.907349e-06	-1.478195e-05	-7.152557e-06
3.791542880099285e-02	2.384186e-07	-1.382828e-05	-6.437302e-06
3.792542880099285e-02	1.907349e-06	-1.478195e-05	-7.152557e-06
3.793542880099285e-02	2.384186e-07	-1.382828e-05	-6.437302e-06
3.794542880099285e-02	1.668930e-06	-1.454353e-05	-7.152557e-06
3.795542880099285e-02	4.768372e-07	-1.406670e-05	-6.437302e-06
3.796542880099285e-02	1.668930e-06	-1.454353e-05	-7.152557e-06
3.797542880099285e-02	4.768372e-07	-1.406670e-05	-6.437302e-06
3.798542880099285e-02	1.668930e-06	-1.454353e-05	-7.152557e-06
3.799542880099285e-02	4.768372e-07	-1.406670e-05	-6.437302e-06
3.800542880099285e-02	1.668930e-06	-1.478195e-05	-7.152557e-06
3.801542880099285e-02	4.768372e-07	-1.406670e-05	-6.437302e-06
3.802542880099285e-02	1.907349e-06	-1.478195e-05	-7.152557e-06
3.803542880099285e-02	2.384186e-07	-1.406670e-05	-6.437302e-06
3.804542880099285e-02	1.907349e-06	-1.478195e-05	-7.152557e-06
3.805542880099285e-02	2.384186e-07	-1.406670e-05	-6.437302e-06
3.806542880099285e-02	1.907349e-06	-1.478195e-05	-7.152557e-06
3.807542880099285e-02	2.384186e-07	-1.406670e-05	-6.437302e-06
3.808542880099285e-02	1.907349e-06	-1.478195e-05	-7.152557e-06
3.809542880099285e-02	2.384186e-07	-1.406670e-05	-6.437302e-06
3.810542880099285e-02	1.907349e-06	-1.478195e-05	-7.152557e-06
3.811542880099285e-02	2.384186e-07	-1.406670e-05	-6.437302e-06
3.812542880099285e-02	1.907349e-06	-1.478195e-05	-7.152557e-06
3.813542880099285e-02	2.384186e-07	-1.406670e-05	-6.437302e-06
3.814542880099285e-02	1.907349e-06	-1.478195e-05	-7.152557e-06
3.815542880099285e-02	2.384186e-07	-1.406670e-05	-6.437302e-06
3.816542880099285e-02	1.907349e-06	-1.478195e-05	-7.152557e-06
3.817542880099285e-02	2.384186e-07	-1.382828e-05	-6.437302e-06
3.818542880099285e-02	1.907349e-06	-1.478195e-05	-7.152557e-06
3.819542880099285e-02	2.384186e-07	-1.382828e-05	-6.437302e-06
3.820542880099285e-02	1.907349e-06	-1.478195e-05	-7.152557e-06
3.821542880099285e-02	2.384186e-07	-1.382828e-05	-6.437302e-06
3.822542880099285e-02	1.907349e-06	-1.478195e-05	-7.152557e-06
3.823542880099285e-02	2.384186e-07	-1.382828e-05	-6.437302e-06
3.824542880099285e-02	1.907349e-06	-1.478195e-05	-7.152557e-06
3.825542880099285e-02	2.384186e-07	-1.382828e-05	-6.437302e-06
3.826542880099285e-02	1.907349e-06	-1.478195e-05	-7.152557e-06
3.827542880099285e-02	2.384186e-07	-1.382828e-05	-6.198883e-06
3.828542880099285e-02	1.907349e-06	-1.478195e-05	-7.152557e-06
3.829542880099285e-02	2.384186e-07	-1.382828e-05	-6.437302e-06
3.830542880099285e-02	1.907349e-06	-1.478195e-05	-7.152557e-06
3.831542880099285e-02	2.384186e-07	-1.382828e-05	-6.437302e-06
3.832542880099285e-02	1.907349e-06	-1.478195e-05	-7.152557e-06
3.833542880099285e-02	2.384186e-07	-1.382828e-05	-6.437302e-06
3.834542880099285e-02	1.907349e-06	-1.478195e-05	-7.390976e-06
3.835542880099285e-02	2.384186e-07	-1.382828e-05	-6.437302e-06
3.836542880099285e-02	1.907349e-06	-1.478195e-05	-7.390976e-06
3.837542880099285e-02	2.384186e-07	-1.382828e-05	-6.437302e-06
3.838542880099285e-02	1.907349e-06	-1.478195e-05	-7.152557e-06
3.839542880099285e-02	2.384186e-07	-1.382828e-05	-6.437302e-06
3.840542880099285e-02	1.907349e-06	-1.478195e-05	-7.152557e-06
3.841542880099285e-02	2.384186e-07	-1.382828e-05	-6.437302e-06
3.842542880099285e-02	1.907349e-06	-1.478195e-05	-7.152557e-06
3.843542880099285e-02	2.384186e-07	-1.382828e-05	-6.437302e-06
3.844542880099285e-02	1.907349e-06	-1.478195e-05	-7.152557e-06
3.845542880099285e-02	2.384186e-07	-1.382828e-05	-6.437302e-06
3.846542880099285e-02	1.907349e-06	-1.478195e-05	-7.152557e-06
3.847542880099285e-02	4.768372e-07	-1.406670e-05	-6.437302e-06
3.848542880099285e-02	1.668930e-06	-1.454353e-05	-7.152557e-06
3.849542880099285e-02	4.768372e-07	-1.406670e-05	-6.437302e-06
3.850542880099285e-02	1.668930e-06	-1.454353e-05	-7.152557e-06
3.851542880099285e-02	4.768372e-07	-1.406670e-05	-6.437302e-06
3.852542880099285e-02	1.668930e-06	-1.454353e-05	-7.152557e-06
3.853542880099285e-02	4.768372e-07	-1.406670e-05	-6.437302e-06
3.854542880099285e-02	1.668930e-06	-1.478195e-05	-7.152557e-06
3.855542880099285e-02	4.768372e-07	-1.406670e-05	-6.437302e-06
3.856542880099285e-02	1.668930e-06	-1.478195e-05	-7.152557e-06
3.857542880099285e-02	4.768372e-07	-1.406670e-05	-6.437302e-06
3.858542880099285e-02	1.907349e-06	-1.478195e-05	-7.152557e-06
3.859542880099285e-02	2.384186e-07	-1.406670e-05	-6.437302e-06
3.860542880099285e-02	1.907349e-06	-1.478195e-05	-7.152557e-06
3.861542880099285e-02	2.384186e-07	-1.406670e-05	-6.437302e-06
3.862542880099285e-02	1.907349e-06	-1.478195e-05	-7.152557e-06
3.863542880099285e-02	2.384186e-07	-1.406670e-05	-6.437302e-06
3.864542880099285e-02	1.907349e-06	-1.478195e-05	-7.152557e-06
3.865542880099285e-02	2.384186e-07	-1.406670e-05	-6.437302e-06
3.866542880099285e-02	1.907349e-06	-1.478195e-05	-7.152557e-06
3.867542880099285e-02	2.384186e-07	-1.406670e-05	-6.437302e-06
3.868542880099285e-02	1.907349e-06	-1.478195e-05	-7.152557e-06
3.869542880099285e-02	2.384186e-07	-1.406670e-05	-6.437302e-06
3.870542880099285e-02	1.907349e-06	-1.478195e-05	-7.152557e-06
3.871542880099285e-02	2.384186e-07	-1.406670e-05	-6.437302e-06
3.872542880099285e-02	1.907349e-06	-1.478195e-05	-7.152557e-06
3.873542880099285e-02	2.384186e-07	-1.406670e-05	-6.437302e-06
3.874542880099285e-02	1.907349e-06	-1.478195e-05	-7.152557e-06
3.875542880099285e-02	2.384186e-07	-1.382828e-05	-6.437302e-06
3.876542880099285e-02	1.907349e-06	-1.478195e-05	-7.152557e-06
3.877542880099285e-02	2.384186e-07	-1.382828e-05	-6.437302e-06
3.878542880099285e-02	1.907349e-06	-1.478195e-05	-7.152557e-06
3.879542880099285e-02	2.384186e-07	-1.382828e-05	-6.437302e-06
3.880542880099285e-02	1.907349e-06	-1.478195e-05	-7.152557e-06
3.881542880099285e-02	2.384186e-07	-1.382828e-05	-6.437302e-06
3.882542880099285e-02	1.907349e-06	-1.478195e-05	-7.152557e-06
3.883542880099285e-02	2.384186e-07	-1.382828e-05	-6.437302e-06
3.884542880099285e-02	1.907349e-06	-1.478195e-05	-7.152557e-06
3.885542880099285e-02	2.384186e-07	-1.382828e-05	-6.437302e-06
3.886542880099285e-02	1.907349e-06	-1.478195e-05	-7.152557e-06
3.887542880099285e-02	2.384186e-07	-1.382828e-05	-6.198883e-06
3.888542880099285e-02	1.907349e-06	-1.478195e-05	-7.152557e-06
3.889542880099285e-02	2.384186e-07	-1.382828e-05	-6.198883e-06
3.890542880099285e-02	1.907349e-06	-1.478195e-05	-7.152557e-06
3.891542880099285e-02	2.384186e-07	-1.382828e-05	-6.437302e-06
3.892542880099285e-02	1.907349e-06	-1.478195e-05	-7.152557e-06
3.893542880099285e-02	2.384186e-07	-1.382828e-05	-6.437302e-06
3.894542880099285e-02	1.907349e-06	-1.478195e-05	-7.152557e-06
3.895542880099285e-02	2.384186e-07	-1.382828e-05	-6.437302e-06
3.896542880099285e-02	1.907349e-06	-1.478195e-05	-7.390976e-06
3.897542880099285e-02	2.384186e-07	-1.382828e-05	-6.437302e-06
3.898542880099285e-02	1.907349e-06	-1.478195e-05	-7.390976e-06
3.899542880099285e-02	2.384186e-07	-1.382828e-05	-6.437302e-06
3.900542880099285e-02	1.907349e-06	-1.478195e-05	-7.390976e-06
3.901542880099285e-02	2.384186e-07	-1.382828e-05	-6.437302e-06
3.902542880099285e-02	1.907349e-06	-1.478195e-05	-7.152557e-06
3.903542880099285e-02	2.384186e-07	-1.382828e-05	-6.437302e-06
3.904542880099285e-02	1.907349e-06	-1.478195e-05	-7.152557e-06
3.905542880099285e-02	2.384186e-07	-1.382828e-05	-6.437302e-06
3.906542880099285e-02	1.907349e-06	-1.478195e-05	-7.152557e-06
3.907542880099285e-02	2.384186e-07	-1.382828e-05	-6.437302e-06
3.908542880099285e-02	1.907349e-06	-1.478195e-05	-7.152557e-06
3.909542880099285e-02	4.768372e-07	-1.406670e-05	-6.437302e-06
3.910542880099285e-02	1.668930e-06	-1.454353e-05	-7.152557e-06
3.911542880099285e-02	4.768372e-07	-1.406670e-05	-6.437302e-06
3.912542880099285e-02	1.668930e-06	-1.454353e-05	-7.152557e-06
3.913542880099285e-02	4.768372e-07	-1.406670e-05	-6.437302e-06
3.914542880099285e-02	1.668930e-06	-1.454353e-05	-7.152557e-06
3.915542880099285e-02	4.768372e-07	-1.406670e-05	-6.437302e-06
3.916542880099285e-02	1.668930e-06	-1.454353e-05	-7.152557e-06
3.917542880099285e-02	4.768372e-07	-1.406670e-05	-6.437302e-06
3.918542880099285e-02	1.668930e-06	-1.454353e-05	-7.152557e-06
3.919542880099285e-02	4.768372e-07	-1.406670e-05	-6.437302e-06
3.920542880099285e-02	1.668930e-06	-1.454353e-05	-7.152557e-06
3.921542880099285e-02	4.768372e-07	-1.406670e-05	-6.437302e-06
3.922542880099285e-02	1.668930e-06	-1.478195e-05	-7.152557e-06
3.923542880099285e-02	4.768372e-07	-1.406670e-05	-6.437302e-06
3.924542880099285e-02	1.668930e-06	-1.478195e-05	-7.152557e-06
3.925542880099285e-02	4.768372e-07	-1.406670e-05	-6.437302e-06
3.926542880099285e-02	1.668930e-06	-1.478195e-05	-7.152557e-06
3.927542880099285e-02	4.768372e-07	-1.406670e-05	-6.437302e-06
3.928542880099285e-02	1.907349e-06	-1.478195e-05	-7.152557e-06
3.929542880099285e-02	2.384186e-07	-1.406670e-05	-6.437302e-06
3.930542880099285e-02	1.907349e-06	-1.478195e-05	-7.152557e-06
3.931542880099285e-02	2.384186e-07	-1.406670e-05	-6.437302e-06
3.932542880099285e-02	1.907349e-06	-1.478195e-05	-7.152557e-06
3.933542880099285e-02	2.384186e-07	-1.406670e-05	-6.437302e-06
3.934542880099285e-02	1.907349e-06	-1.478195e-05	-7.152557e-06
3.935542880099285e-02	2.384186e-07	-1.406670e-05	-6.437302e-06
3.936542880099285e-02	1.907349e-06	-1.478195e-05	-7.152557e-06
3.937542880099285e-02	2.384186e-07	-1.406670e-05	-6.437302e-06
3.938542880099285e-02	1.907349e-06	-1.478195e-05	-7.152557e-06
3.939542880099285e-02	2.384186e-07	-1.406670e-05	-6.437302e-06
3.940542880099285e-02	1.907349e-06	-1.478195e-05	-7.152557e-06
3.941542880099285e-02	2.384186e-07	-1.406670e-05	-6.437302e-06
3.942542880099285e-02	1.907349e-06	-1.478195e-05	-7.152557e-06
3.943542880099285e-02	2.384186e-07	-1.406670e-05	-6.437302e-06
3.944542880099285e-02	1.907349e-06	-1.478195e-05	-7.152557e-06
3.945542880099285e-02	2.384186e-07	-1.382828e-05	-6.437302e-06
3.946542880099285e-02	1.907349e-06	-1.478195e-05	-7.152557e-06
3.947542880099285e-02	2.384186e-07	-1.382828e-05	-6.437302e-06
3.948542880099285e-02	1.907349e-06	-1.478195e-05	-7.152557e-06
3.949542880099285e-02	2.384186e-07	-1.382828e-05	-6.437302e-06
3.950542880099285e-02	1.907349e-06	-1.478195e-05	-7.152557e-06
3.951542880099285e-02	2.384186e-07	-1.382828e-05	-6.437302e-06
3.952542880099285e-02	1.907349e-06	-1.478195e-05	-7.152557e-06
3.953542880099285e-02	2.384186e-07	-1.382828e-05	-6.437302e-06
3.954542880099285e-02	1.907349e-06	-1.478195e-05	-7.152557e-06
3.955542880099285e-02	2.384186e-07	-1.382828e-05	-6.437302e-06
3.956542880099285e-02	1.907349e-06	-1.478195e-05	-7.152557e-06
3.957542880099285e-02	2.384186e-07	-1.382828e-05	-6.437302e-06
3.958542880099285e-02	1.907349e-06	-1.478195e-05	-7.152557e-06
3.959542880099285e-02	2.384186e-07	-1.382828e-05	-6.437302e-06
3.960542880099285e-02	1.907349e-06	-1.478195e-05	-7.152557e-06
3.961542880099285e-02	2.384186e-07	-1.382828e-05	-6.437302e-06
3.962542880099285e-02	1.907349e-06	-1.478195e-05	-7.152557e-06
3.963542880099285e-02	2.384186e-07	-1.382828e-05	-6.437302e-06
3.964542880099285e-02	1.907349e-06	-1.478195e-05	-7.152557e-06
3.965542880099285e-02	2.384186e-07	-1.382828e-05	-6.437302e-06
3.966542880099285e-02	1.907349e-06	-1.478195e-05	-7.152557e-06
3.967542880099285e-02	2.384186e-07	-1.382828e-05	-6.437302e-06
3.968542880099285e-02	1.907349e-06	-1.478195e-05	-7.152557e-06
3.969542880099285e-02	2.384186e-07	-1.382828e-05	-6.437302e-06
3.970542880099285e-02	1.907349e-06	-1.478195e-05	-7.152557e-06
3.971542880099285e-02	2.384186e-07	-1.382828e-05	-6.437302e-06
3.972542880099285e-02	1.907349e-06	-1.478195e-05	-7.152557e-06
3.973542880099285e-02	2.384186e-07	-1.382828e-05	-6.437302e-06
3.974542880099285e-02	1.907349e-06	-1.478195e-05	-7.152557e-06
3.975542880099285e-02	2.384186e-07	-1.382828e-05	-6.437302e-06
3.976542880099285e-02	1.907349e-06	-1.478195e-05	-7.390976e-06
3.977542880099285e-02	2.384186e-07	-1.382828e-05	-6.437302e-06
3.978542880099285e-02	1.907349e-06	-1.478195e-05	-7.390976e-06
3.979542880099285e-02	2.384186e-07	-1.382828e-05	-6.437302e-06
3.980542880099285e-02	1.907349e-06	-1.478195e-05	-7.152557e-06
3.981542880099285e-02	2.384186e-07	-1.382828e-05	-6.437302e-06
3.982542880099285e-02	1.907349e-06	-1.478195e-05	-7.152557e-06
3.983542880099285e-02	2.384186e-07	-1.382828e-05	-6.437302e-06
3.984542880099285e-02	1.907349e-06	-1.478195e-05	-7.152557e-06
3.985542880099285e-02	2.384186e-07	-1.382828e-05	-6.437302e-06
3.986542880099285e-02	1.907349e-06	-1.478195e-05	-7.152557e-06
3.987542880099285e-02	4.768372e-07	-1.406670e-05	-6.437302e-06
3.988542880099285e-02	1.668930e-06	-1.454353e-05	-7.152557e-06
3.989542880099285e-02	4.768372e-07	-1.406670e-05	-6.437302e-06
3.990542880099285e-02	1.668930e-06	-1.454353e-05	-7.152557e-06
3.991542880099285e-02	4.768372e-07	-1.406670e-05	-6.437302e-06
3.992542880099285e-02	1.668930e-06	-1.454353e-05	-7.152557e-06
3.993542880099285e-02	4.768372e-07	-1.406670e-05	-6.437302e-06
3.994542880099285e-02	1.668930e-06	-1.454353e-05	-7.152557e-06
3.995542880099285e-02	4.768372e-07	-1.406670e-05	-6.437302e-06
3.996542880099285e-02	1.668930e-06	-1.454353e-05	-7.152557e-06
3.997542880099285e-02	4.768372e-07	-1.406670e-05	-6.437302e-06
3.998542880099285e-02	1.668930e-06	-1.454353e-05	-7.152557e-06
3.999542880099285e-02	4.768372e-07	-1.406670e-05	-6.437302e-06
4.000000000000000e-02	1.668930e-06	-1.454353e-05	-7.152557e-06
