time	V(N018,N016)	V(N050,N048)	V(N082,N074)
0.000000000000000e+00	6.271852e-01	4.460097e-01	2.141994e-01
9.142856630514224e-10	6.271852e-01	4.460097e-01	2.141994e-01
1.828571326102845e-09	6.271852e-01	4.460097e-01	2.141994e-01
2.742856989154267e-09	6.271852e-01	4.460097e-01	2.141994e-01
3.657142652205690e-09	6.271852e-01	4.460097e-01	2.141994e-01
4.571428315257112e-09	6.271852e-01	4.460097e-01	2.141994e-01
5.485713978308534e-09	6.271852e-01	4.460097e-01	2.141994e-01
6.399999641359955e-09	6.271852e-01	4.460097e-01	2.141994e-01
1.279999928271991e-08	6.271845e-01	4.460091e-01	2.141992e-01
2.559999856543982e-08	6.271808e-01	4.460057e-01	2.141993e-01
4.747226798751930e-08	6.271732e-01	4.459994e-01	2.142010e-01
8.141002406898424e-08	6.271606e-01	4.459886e-01	2.142011e-01
9.999999999999989e-08	6.271533e-01	4.459820e-01	2.141991e-01
1.385913905200772e-07	6.271375e-01	4.459676e-01	2.141960e-01
1.783642652638334e-07	6.271176e-01	4.459532e-01	2.142129e-01
1.999999999999999e-07	6.271044e-01	4.459461e-01	2.142370e-01
2.427685173538487e-07	6.270713e-01	4.459313e-01	2.143092e-01
2.888306313527577e-07	6.270253e-01	4.459119e-01	2.144122e-01
3.649197306117161e-07	6.269282e-01	4.458660e-01	2.146034e-01
3.822848572945417e-07	6.269018e-01	4.458523e-01	2.146486e-01
4.170151106601928e-07	6.268464e-01	4.458228e-01	2.147401e-01
4.864756173914952e-07	6.267184e-01	4.457503e-01	2.149296e-01
6.253966308541000e-07	6.263898e-01	4.455494e-01	2.153372e-01
9.032386577793095e-07	6.254939e-01	4.449660e-01	2.162483e-01
1.458922711629729e-06	6.233983e-01	4.435755e-01	2.181474e-01
2.166803869896213e-06	6.211988e-01	4.421783e-01	2.202116e-01
3.176440321077360e-06	6.194549e-01	4.412615e-01	2.222613e-01
4.795424596830990e-06	6.182964e-01	4.410319e-01	2.243548e-01
8.033393148338250e-06	6.173625e-01	4.415308e-01	2.271540e-01
1.450933025135277e-05	6.257136e-01	4.640428e-01	2.722972e-01
2.450933025135277e-05	8.931590e-01	8.105449e-01	5.941878e-01
3.450933025135277e-05	1.412969e+00	1.420934e+00	1.045947e+00
4.450933025135277e-05	1.921881e+00	1.991587e+00	1.506832e+00
5.450933025135277e-05	2.381270e+00	2.502383e+00	1.949224e+00
5.987741246299063e-05	2.640923e+00	2.655980e+00	2.212933e+00
6.281402363711916e-05	2.751299e+00	2.751426e+00	2.358436e+00
6.469000921168700e-05	2.831918e+00	2.832128e+00	2.426399e+00
6.638415620998637e-05	2.898425e+00	2.898393e+00	2.488344e+00
6.823317355184832e-05	2.958320e+00	2.958407e+00	2.553842e+00
7.026634156688898e-05	3.007446e+00	3.007373e+00	2.623127e+00
7.433267759697031e-05	3.065903e+00	3.065978e+00	2.694383e+00
7.871779704029981e-05	3.078965e+00	3.078887e+00	2.824298e+00
8.323557732638818e-05	3.068066e+00	3.068135e+00	2.925262e+00
8.711789048470452e-05	3.064870e+00	3.064790e+00	2.988750e+00
9.128924101637544e-05	3.065562e+00	3.065630e+00	3.039553e+00
9.359249085522219e-05	3.068095e+00	3.068014e+00	3.060713e+00
9.549284099783988e-05	3.074937e+00	3.075004e+00	3.074177e+00
9.736152558820724e-05	3.084054e+00	3.083973e+00	3.084046e+00
9.813273415312344e-05	3.087820e+00	3.087885e+00	3.087627e+00
9.889221816652003e-05	3.090838e+00	3.090759e+00	3.090816e+00
1.004111861933132e-04	3.096784e+00	3.096848e+00	3.096633e+00
1.034491222468996e-04	3.105872e+00	3.105794e+00	3.105865e+00
1.095249943540723e-04	3.118007e+00	3.118071e+00	3.117903e+00
1.195249943540723e-04	3.111475e+00	3.111398e+00	3.111552e+00
1.295249943540723e-04	3.096888e+00	3.096951e+00	3.096805e+00
1.395249943540723e-04	3.084269e+00	3.135059e+00	3.084326e+00
1.495249943540723e-04	3.125554e+00	3.179082e+00	3.056900e+00
1.595249943540723e-04	3.184725e+00	3.209694e+00	3.033319e+00
1.695249943540723e-04	3.217064e+00	3.227092e+00	3.039208e+00
1.795249943540723e-04	3.230355e+00	3.233462e+00	3.097464e+00
1.895249943540722e-04	3.252439e+00	3.252719e+00	3.154678e+00
1.995249943540722e-04	3.266969e+00	3.266331e+00	3.195723e+00
2.095249943540722e-04	3.273701e+00	3.273231e+00	3.223196e+00
2.195249943540722e-04	3.276780e+00	3.276350e+00	3.241250e+00
2.295249943540722e-04	3.277891e+00	3.277759e+00	3.253379e+00
2.395249943540722e-04	3.278533e+00	3.278354e+00	3.261423e+00
2.495249943540723e-04	3.278634e+00	3.278652e+00	3.266980e+00
2.595249943540722e-04	3.278850e+00	3.278754e+00	3.270654e+00
2.695249943540723e-04	3.278773e+00	3.278835e+00	3.273279e+00
2.795249943540722e-04	3.278913e+00	3.278840e+00	3.274968e+00
2.895249943540723e-04	3.278804e+00	3.278877e+00	3.276242e+00
2.995249943540722e-04	3.278929e+00	3.278861e+00	3.277007e+00
3.095249943540723e-04	3.278813e+00	3.278888e+00	3.277647e+00
3.195249943540722e-04	3.278934e+00	3.278868e+00	3.277976e+00
3.295249943540723e-04	3.278817e+00	3.278891e+00	3.278315e+00
3.395249943540722e-04	3.278936e+00	3.278870e+00	3.278437e+00
3.495249943540723e-04	3.278818e+00	3.278893e+00	3.278634e+00
3.595249943540722e-04	3.278936e+00	3.278871e+00	3.278657e+00
3.695249943540723e-04	3.278820e+00	3.278894e+00	3.278786e+00
3.795249943540722e-04	3.278937e+00	3.278872e+00	3.278762e+00
3.895249943540723e-04	3.278820e+00	3.278894e+00	3.278859e+00
3.995249943540722e-04	3.278937e+00	3.278872e+00	3.278813e+00
4.095249943540723e-04	3.278820e+00	3.278894e+00	3.278893e+00
4.195249943540722e-04	3.278937e+00	3.278872e+00	3.278837e+00
4.295249943540723e-04	3.278821e+00	3.278894e+00	3.278910e+00
4.395249943540722e-04	3.278937e+00	3.278873e+00	3.278848e+00
4.495249943540723e-04	3.278821e+00	3.278895e+00	3.278918e+00
4.595249943540722e-04	3.278937e+00	3.278873e+00	3.278854e+00
4.695249943540723e-04	3.278821e+00	3.278895e+00	3.278922e+00
4.795249943540722e-04	3.278937e+00	3.278873e+00	3.278856e+00
4.895249943540723e-04	3.278821e+00	3.278895e+00	3.278924e+00
4.995249943540723e-04	3.278937e+00	3.278873e+00	3.278858e+00
5.095249943540722e-04	3.278821e+00	3.278895e+00	3.278924e+00
5.195249943540722e-04	3.278937e+00	3.278873e+00	3.278858e+00
5.295249943540722e-04	3.278822e+00	3.278895e+00	3.278925e+00
5.395249943540723e-04	3.278937e+00	3.278873e+00	3.278859e+00
5.495249943540722e-04	3.278822e+00	3.278894e+00	3.278925e+00
5.595249943540722e-04	3.278937e+00	3.278873e+00	3.278859e+00
5.695249943540722e-04	3.278822e+00	3.278895e+00	3.278925e+00
5.795249943540723e-04	3.278937e+00	3.278873e+00	3.278859e+00
5.895249943540722e-04	3.278822e+00	3.278895e+00	3.278925e+00
5.995249943540722e-04	3.278936e+00	3.278874e+00	3.278859e+00
6.095249943540722e-04	3.278823e+00	3.278895e+00	3.278925e+00
6.195249943540723e-04	3.278936e+00	3.278874e+00	3.278859e+00
6.295249943540722e-04	3.278823e+00	3.278895e+00	3.278925e+00
6.395249943540722e-04	3.278936e+00	3.278874e+00	3.278859e+00
6.495249943540722e-04	3.278822e+00	3.278895e+00	3.278925e+00
6.595249943540723e-04	3.278936e+00	3.278874e+00	3.278859e+00
6.695249943540722e-04	3.278822e+00	3.278895e+00	3.278925e+00
6.795249943540722e-04	3.278936e+00	3.278874e+00	3.278859e+00
6.895249943540722e-04	3.278822e+00	3.278895e+00	3.278925e+00
6.995249943540723e-04	3.278936e+00	3.278874e+00	3.278859e+00
7.095249943540722e-04	3.278823e+00	3.278895e+00	3.278925e+00
7.195249943540722e-04	3.278936e+00	3.278874e+00	3.278859e+00
7.295249943540722e-04	3.278823e+00	3.278895e+00	3.278925e+00
7.395249943540723e-04	3.278936e+00	3.278874e+00	3.278859e+00
7.495249943540722e-04	3.278823e+00	3.278895e+00	3.278925e+00
7.595249943540722e-04	3.278936e+00	3.278874e+00	3.278860e+00
7.695249943540722e-04	3.278823e+00	3.278895e+00	3.278925e+00
7.795249943540723e-04	3.278936e+00	3.278874e+00	3.278860e+00
7.895249943540722e-04	3.278823e+00	3.278895e+00	3.278925e+00
7.995249943540722e-04	3.278935e+00	3.278874e+00	3.278860e+00
8.095249943540722e-04	3.278824e+00	3.278895e+00	3.278925e+00
8.195249943540722e-04	3.278935e+00	3.278874e+00	3.278860e+00
8.295249943540722e-04	3.278824e+00	3.278895e+00	3.278925e+00
8.395249943540722e-04	3.278935e+00	3.278874e+00	3.278860e+00
8.495249943540722e-04	3.278824e+00	3.278895e+00	3.278925e+00
8.595249943540722e-04	3.278935e+00	3.278874e+00	3.278860e+00
8.695249943540722e-04	3.278824e+00	3.278895e+00	3.278925e+00
8.795249943540722e-04	3.278935e+00	3.278874e+00	3.278860e+00
8.895249943540722e-04	3.278824e+00	3.278895e+00	3.278925e+00
8.995249943540722e-04	3.278936e+00	3.278874e+00	3.278860e+00
9.095249943540722e-04	3.278825e+00	3.278895e+00	3.278925e+00
9.195249943540722e-04	3.278936e+00	3.278874e+00	3.278860e+00
9.295249943540722e-04	3.278825e+00	3.278895e+00	3.278925e+00
9.395249943540722e-04	3.278936e+00	3.278875e+00	3.278860e+00
9.495249943540722e-04	3.278825e+00	3.278895e+00	3.278925e+00
9.595249943540722e-04	3.278936e+00	3.278875e+00	3.278860e+00
9.695249943540722e-04	3.278825e+00	3.278895e+00	3.278925e+00
9.795249943540722e-04	3.278935e+00	3.278875e+00	3.278860e+00
9.895249943540723e-04	3.278825e+00	3.278895e+00	3.278925e+00
9.995249943540723e-04	3.278935e+00	3.278875e+00	3.278860e+00
1.009524994354072e-03	3.278825e+00	3.278894e+00	3.278925e+00
1.019524994354072e-03	3.278935e+00	3.278875e+00	3.278860e+00
1.029524994354072e-03	3.278826e+00	3.278894e+00	3.278925e+00
1.039524994354072e-03	3.278935e+00	3.278875e+00	3.278860e+00
1.049524994354072e-03	3.278826e+00	3.278894e+00	3.278925e+00
1.059524994354072e-03	3.278935e+00	3.278875e+00	3.278860e+00
1.069524994354072e-03	3.278826e+00	3.278894e+00	3.278925e+00
1.079524994354072e-03	3.278935e+00	3.278875e+00	3.278860e+00
1.089524994354072e-03	3.278826e+00	3.278894e+00	3.278925e+00
1.099524994354072e-03	3.278935e+00	3.278875e+00	3.278860e+00
1.109524994354072e-03	3.278826e+00	3.278894e+00	3.278925e+00
1.119524994354072e-03	3.278935e+00	3.278875e+00	3.278860e+00
1.129524994354072e-03	3.278826e+00	3.278894e+00	3.278924e+00
1.139524994354072e-03	3.278935e+00	3.278875e+00	3.278860e+00
1.149524994354072e-03	3.278827e+00	3.278894e+00	3.278924e+00
1.159524994354072e-03	3.278934e+00	3.278875e+00	3.278860e+00
1.169524994354072e-03	3.278826e+00	3.278894e+00	3.278924e+00
1.179524994354072e-03	3.278934e+00	3.278875e+00	3.278860e+00
1.189524994354072e-03	3.278826e+00	3.278894e+00	3.278924e+00
1.199524994354072e-03	3.278934e+00	3.278875e+00	3.278860e+00
1.209524994354072e-03	3.278826e+00	3.278894e+00	3.278924e+00
1.219524994354072e-03	3.278934e+00	3.278875e+00	3.278860e+00
1.229524994354072e-03	3.278826e+00	3.278894e+00	3.278924e+00
1.239524994354072e-03	3.278934e+00	3.278875e+00	3.278860e+00
1.249524994354072e-03	3.278826e+00	3.278894e+00	3.278924e+00
1.259524994354072e-03	3.278934e+00	3.278875e+00	3.278860e+00
1.269524994354072e-03	3.278826e+00	3.278894e+00	3.278924e+00
1.279524994354072e-03	3.278934e+00	3.278875e+00	3.278860e+00
1.289524994354072e-03	3.278827e+00	3.278894e+00	3.278924e+00
1.299524994354072e-03	3.278934e+00	3.278875e+00	3.278860e+00
1.309524994354072e-03	3.278827e+00	3.278894e+00	3.278924e+00
1.319524994354072e-03	3.278934e+00	3.278875e+00	3.278860e+00
1.329524994354072e-03	3.278827e+00	3.278894e+00	3.278924e+00
1.339524994354072e-03	3.278934e+00	3.278875e+00	3.278861e+00
1.349524994354072e-03	3.278827e+00	3.278894e+00	3.278924e+00
1.359524994354072e-03	3.278934e+00	3.278875e+00	3.278861e+00
1.369524994354072e-03	3.278827e+00	3.278894e+00	3.278924e+00
1.379524994354072e-03	3.278934e+00	3.278875e+00	3.278861e+00
1.389524994354072e-03	3.278827e+00	3.278894e+00	3.278924e+00
1.399524994354072e-03	3.278934e+00	3.278876e+00	3.278861e+00
1.409524994354072e-03	3.278827e+00	3.278894e+00	3.278924e+00
1.419524994354072e-03	3.278934e+00	3.278876e+00	3.278861e+00
1.429524994354072e-03	3.278828e+00	3.278894e+00	3.278924e+00
1.439524994354072e-03	3.278934e+00	3.278876e+00	3.278861e+00
1.449524994354072e-03	3.278828e+00	3.278894e+00	3.278924e+00
1.459524994354072e-03	3.278934e+00	3.278876e+00	3.278861e+00
1.469524994354072e-03	3.278828e+00	3.278894e+00	3.278924e+00
1.479524994354072e-03	3.278934e+00	3.278876e+00	3.278861e+00
1.489524994354072e-03	3.278828e+00	3.278894e+00	3.278924e+00
1.499524994354072e-03	3.278933e+00	3.278876e+00	3.278861e+00
1.509524994354072e-03	3.278828e+00	3.278894e+00	3.278924e+00
1.519524994354072e-03	3.278933e+00	3.278876e+00	3.278861e+00
1.529524994354072e-03	3.278828e+00	3.278894e+00	3.278924e+00
1.539524994354072e-03	3.278933e+00	3.278876e+00	3.278861e+00
1.549524994354072e-03	3.278828e+00	3.278894e+00	3.278924e+00
1.559524994354072e-03	3.278933e+00	3.278876e+00	3.278861e+00
1.569524994354072e-03	3.278828e+00	3.278894e+00	3.278924e+00
1.579524994354072e-03	3.278933e+00	3.278876e+00	3.278861e+00
1.589524994354072e-03	3.278829e+00	3.278894e+00	3.278924e+00
1.599524994354072e-03	3.278933e+00	3.278876e+00	3.278861e+00
1.609524994354072e-03	3.278829e+00	3.278894e+00	3.278924e+00
1.619524994354072e-03	3.278933e+00	3.278876e+00	3.278861e+00
1.629524994354072e-03	3.278829e+00	3.278894e+00	3.278924e+00
1.639524994354072e-03	3.278933e+00	3.278876e+00	3.278861e+00
1.649524994354072e-03	3.278829e+00	3.278894e+00	3.278924e+00
1.659524994354072e-03	3.278933e+00	3.278876e+00	3.278861e+00
1.669524994354072e-03	3.278829e+00	3.278894e+00	3.278924e+00
1.679524994354072e-03	3.278932e+00	3.278876e+00	3.278861e+00
1.689524994354072e-03	3.278829e+00	3.278894e+00	3.278924e+00
1.699524994354072e-03	3.278932e+00	3.278876e+00	3.278861e+00
1.709524994354072e-03	3.278829e+00	3.278894e+00	3.278924e+00
1.719524994354072e-03	3.278932e+00	3.278876e+00	3.278861e+00
1.729524994354072e-03	3.278829e+00	3.278894e+00	3.278924e+00
1.739524994354072e-03	3.278932e+00	3.278876e+00	3.278861e+00
1.749524994354072e-03	3.278830e+00	3.278894e+00	3.278924e+00
1.759524994354072e-03	3.278932e+00	3.278876e+00	3.278861e+00
1.769524994354072e-03	3.278830e+00	3.278894e+00	3.278924e+00
1.779524994354072e-03	3.278932e+00	3.278876e+00	3.278861e+00
1.789524994354072e-03	3.278830e+00	3.278894e+00	3.278924e+00
1.799524994354072e-03	3.278932e+00	3.278876e+00	3.278861e+00
1.809524994354072e-03	3.278830e+00	3.278894e+00	3.278924e+00
1.819524994354072e-03	3.278932e+00	3.278876e+00	3.278861e+00
1.829524994354072e-03	3.278830e+00	3.278894e+00	3.278923e+00
1.839524994354072e-03	3.278931e+00	3.278876e+00	3.278861e+00
1.849524994354072e-03	3.278830e+00	3.278894e+00	3.278923e+00
1.859524994354072e-03	3.278931e+00	3.278876e+00	3.278861e+00
1.869524994354072e-03	3.278830e+00	3.278894e+00	3.278923e+00
1.879524994354072e-03	3.278931e+00	3.278876e+00	3.278861e+00
1.889524994354072e-03	3.278830e+00	3.278893e+00	3.278923e+00
1.899524994354072e-03	3.278931e+00	3.278876e+00	3.278861e+00
1.909524994354072e-03	3.278831e+00	3.278893e+00	3.278923e+00
1.919524994354072e-03	3.278931e+00	3.278876e+00	3.278861e+00
1.929524994354072e-03	3.278831e+00	3.278893e+00	3.278923e+00
1.939524994354072e-03	3.278931e+00	3.278876e+00	3.278861e+00
1.949524994354072e-03	3.278831e+00	3.278893e+00	3.278923e+00
1.959524994354072e-03	3.278931e+00	3.278877e+00	3.278861e+00
1.969524994354072e-03	3.278831e+00	3.278893e+00	3.278923e+00
1.979524994354072e-03	3.278931e+00	3.278877e+00	3.278861e+00
1.989524994354072e-03	3.278831e+00	3.278893e+00	3.278923e+00
1.999524994354072e-03	3.278931e+00	3.278877e+00	3.278861e+00
2.009524994354072e-03	3.278831e+00	3.278893e+00	3.278923e+00
2.019524994354072e-03	3.278930e+00	3.278877e+00	3.278862e+00
2.029524994354072e-03	3.278831e+00	3.278893e+00	3.278923e+00
2.039524994354072e-03	3.278930e+00	3.278877e+00	3.278862e+00
2.049524994354072e-03	3.278831e+00	3.278893e+00	3.278923e+00
2.059524994354072e-03	3.278930e+00	3.278877e+00	3.278862e+00
2.069524994354072e-03	3.278831e+00	3.278893e+00	3.278923e+00
2.079524994354072e-03	3.278930e+00	3.278877e+00	3.278862e+00
2.089524994354072e-03	3.278831e+00	3.278893e+00	3.278923e+00
2.099524994354072e-03	3.278930e+00	3.278877e+00	3.278862e+00
2.109524994354072e-03	3.278831e+00	3.278893e+00	3.278923e+00
2.119524994354072e-03	3.278930e+00	3.278877e+00	3.278862e+00
2.129524994354072e-03	3.278831e+00	3.278893e+00	3.278923e+00
2.139524994354072e-03	3.278930e+00	3.278877e+00	3.278862e+00
2.149524994354072e-03	3.278831e+00	3.278893e+00	3.278923e+00
2.159524994354072e-03	3.278930e+00	3.278877e+00	3.278862e+00
2.169524994354072e-03	3.278831e+00	3.278893e+00	3.278923e+00
2.179524994354072e-03	3.278930e+00	3.278877e+00	3.278862e+00
2.189524994354072e-03	3.278831e+00	3.278893e+00	3.278923e+00
2.199524994354072e-03	3.278929e+00	3.278877e+00	3.278862e+00
2.209524994354072e-03	3.278831e+00	3.278893e+00	3.278923e+00
2.219524994354072e-03	3.278929e+00	3.278877e+00	3.278862e+00
2.229524994354072e-03	3.278831e+00	3.278893e+00	3.278923e+00
2.239524994354072e-03	3.278929e+00	3.278877e+00	3.278862e+00
2.249524994354072e-03	3.278831e+00	3.278893e+00	3.278923e+00
2.259524994354072e-03	3.278929e+00	3.278877e+00	3.278862e+00
2.269524994354072e-03	3.278832e+00	3.278893e+00	3.278923e+00
2.279524994354072e-03	3.278929e+00	3.278877e+00	3.278862e+00
2.289524994354072e-03	3.278832e+00	3.278893e+00	3.278923e+00
2.299524994354072e-03	3.278929e+00	3.278877e+00	3.278862e+00
2.309524994354072e-03	3.278832e+00	3.278893e+00	3.278923e+00
2.319524994354072e-03	3.278930e+00	3.278877e+00	3.278862e+00
2.329524994354072e-03	3.278832e+00	3.278893e+00	3.278923e+00
2.339524994354072e-03	3.278930e+00	3.278877e+00	3.278862e+00
2.349524994354072e-03	3.278832e+00	3.278893e+00	3.278923e+00
2.359524994354072e-03	3.278930e+00	3.278877e+00	3.278862e+00
2.369524994354072e-03	3.278832e+00	3.278893e+00	3.278923e+00
2.379524994354072e-03	3.278930e+00	3.278877e+00	3.278862e+00
2.389524994354072e-03	3.278832e+00	3.278893e+00	3.278923e+00
2.399524994354072e-03	3.278929e+00	3.278877e+00	3.278862e+00
2.409524994354072e-03	3.278832e+00	3.278893e+00	3.278923e+00
2.419524994354072e-03	3.278929e+00	3.278877e+00	3.278862e+00
2.429524994354072e-03	3.278832e+00	3.278893e+00	3.278923e+00
2.439524994354072e-03	3.278929e+00	3.278877e+00	3.278862e+00
2.449524994354072e-03	3.278833e+00	3.278893e+00	3.278923e+00
2.459524994354072e-03	3.278929e+00	3.278877e+00	3.278862e+00
2.469524994354072e-03	3.278833e+00	3.278893e+00	3.278923e+00
2.479524994354072e-03	3.278929e+00	3.278877e+00	3.278862e+00
2.489524994354072e-03	3.278833e+00	3.278893e+00	3.278923e+00
2.499524994354072e-03	3.278929e+00	3.278877e+00	3.278862e+00
2.509524994354072e-03	3.278833e+00	3.278893e+00	3.278922e+00
2.519524994354072e-03	3.278929e+00	3.278877e+00	3.278862e+00
2.529524994354072e-03	3.278833e+00	3.278893e+00	3.278922e+00
2.539524994354072e-03	3.278929e+00	3.278877e+00	3.278862e+00
2.549524994354072e-03	3.278833e+00	3.278893e+00	3.278922e+00
2.559524994354072e-03	3.278929e+00	3.278877e+00	3.278862e+00
2.569524994354072e-03	3.278833e+00	3.278893e+00	3.278922e+00
2.579524994354072e-03	3.278928e+00	3.278877e+00	3.278862e+00
2.589524994354072e-03	3.278833e+00	3.278893e+00	3.278922e+00
2.599524994354072e-03	3.278928e+00	3.278877e+00	3.278862e+00
2.609524994354072e-03	3.278833e+00	3.278893e+00	3.278922e+00
2.619524994354072e-03	3.278928e+00	3.278877e+00	3.278862e+00
2.629524994354072e-03	3.278834e+00	3.278893e+00	3.278922e+00
2.639524994354072e-03	3.278928e+00	3.278877e+00	3.278862e+00
2.649524994354072e-03	3.278834e+00	3.278893e+00	3.278922e+00
2.659524994354072e-03	3.278928e+00	3.278877e+00	3.278862e+00
2.669524994354072e-03	3.278834e+00	3.278893e+00	3.278922e+00
2.679524994354072e-03	3.278928e+00	3.278877e+00	3.278862e+00
2.689524994354072e-03	3.278834e+00	3.278893e+00	3.278922e+00
2.699524994354072e-03	3.278928e+00	3.278877e+00	3.278863e+00
2.709524994354072e-03	3.278834e+00	3.278893e+00	3.278922e+00
2.719524994354072e-03	3.278928e+00	3.278877e+00	3.278863e+00
2.729524994354072e-03	3.278834e+00	3.278893e+00	3.278922e+00
2.739524994354072e-03	3.278928e+00	3.278877e+00	3.278863e+00
2.749524994354072e-03	3.278834e+00	3.278893e+00	3.278922e+00
2.759524994354072e-03	3.278928e+00	3.278877e+00	3.278863e+00
2.769524994354072e-03	3.278834e+00	3.278893e+00	3.278922e+00
2.779524994354072e-03	3.278927e+00	3.278877e+00	3.278863e+00
2.789524994354072e-03	3.278834e+00	3.278893e+00	3.278922e+00
2.799524994354072e-03	3.278927e+00	3.278877e+00	3.278863e+00
2.809524994354072e-03	3.278834e+00	3.278893e+00	3.278922e+00
2.819524994354072e-03	3.278927e+00	3.278877e+00	3.278863e+00
2.829524994354072e-03	3.278835e+00	3.278893e+00	3.278922e+00
2.839524994354072e-03	3.278927e+00	3.278877e+00	3.278863e+00
2.849524994354072e-03	3.278835e+00	3.278893e+00	3.278922e+00
2.859524994354072e-03	3.278927e+00	3.278877e+00	3.278863e+00
2.869524994354072e-03	3.278835e+00	3.278893e+00	3.278922e+00
2.879524994354072e-03	3.278927e+00	3.278877e+00	3.278863e+00
2.889524994354072e-03	3.278835e+00	3.278893e+00	3.278922e+00
2.899524994354072e-03	3.278927e+00	3.278877e+00	3.278863e+00
2.909524994354072e-03	3.278835e+00	3.278893e+00	3.278922e+00
2.919524994354072e-03	3.278927e+00	3.278877e+00	3.278863e+00
2.929524994354072e-03	3.278835e+00	3.278893e+00	3.278922e+00
2.939524994354072e-03	3.278927e+00	3.278877e+00	3.278863e+00
2.949524994354072e-03	3.278835e+00	3.278893e+00	3.278922e+00
2.959524994354072e-03	3.278927e+00	3.278877e+00	3.278863e+00
2.969524994354072e-03	3.278835e+00	3.278893e+00	3.278922e+00
2.979524994354072e-03	3.278926e+00	3.278877e+00	3.278863e+00
2.989524994354072e-03	3.278834e+00	3.278893e+00	3.278922e+00
2.999524994354072e-03	3.278926e+00	3.278877e+00	3.278863e+00
3.009524994354072e-03	3.278834e+00	3.278893e+00	3.278922e+00
3.019524994354072e-03	3.278926e+00	3.278877e+00	3.278863e+00
3.029524994354072e-03	3.278835e+00	3.278893e+00	3.278922e+00
3.039524994354072e-03	3.278926e+00	3.278877e+00	3.278863e+00
3.049524994354072e-03	3.278835e+00	3.278893e+00	3.278922e+00
3.059524994354072e-03	3.278926e+00	3.278877e+00	3.278863e+00
3.069524994354072e-03	3.278835e+00	3.278893e+00	3.278922e+00
3.079524994354072e-03	3.278926e+00	3.278877e+00	3.278863e+00
3.089524994354072e-03	3.278835e+00	3.278893e+00	3.278922e+00
3.099524994354072e-03	3.278926e+00	3.278877e+00	3.278863e+00
3.109524994354072e-03	3.278835e+00	3.278893e+00	3.278922e+00
3.119524994354072e-03	3.278926e+00	3.278877e+00	3.278863e+00
3.129524994354072e-03	3.278835e+00	3.278893e+00	3.278922e+00
3.139524994354072e-03	3.278926e+00	3.278877e+00	3.278863e+00
3.149524994354072e-03	3.278835e+00	3.278893e+00	3.278922e+00
3.159524994354072e-03	3.278926e+00	3.278877e+00	3.278863e+00
3.169524994354072e-03	3.278835e+00	3.278893e+00	3.278922e+00
3.179524994354072e-03	3.278925e+00	3.278877e+00	3.278863e+00
3.189524994354072e-03	3.278835e+00	3.278892e+00	3.278922e+00
3.199524994354072e-03	3.278925e+00	3.278877e+00	3.278863e+00
3.209524994354072e-03	3.278835e+00	3.278892e+00	3.278922e+00
3.219524994354072e-03	3.278925e+00	3.278878e+00	3.278863e+00
3.229524994354072e-03	3.278835e+00	3.278892e+00	3.278922e+00
3.239524994354072e-03	3.278925e+00	3.278878e+00	3.278863e+00
3.249524994354072e-03	3.278836e+00	3.278892e+00	3.278922e+00
3.259524994354072e-03	3.278925e+00	3.278878e+00	3.278863e+00
3.269524994354072e-03	3.278836e+00	3.278892e+00	3.278922e+00
3.279524994354072e-03	3.278925e+00	3.278878e+00	3.278863e+00
3.289524994354072e-03	3.278836e+00	3.278892e+00	3.278922e+00
3.299524994354072e-03	3.278925e+00	3.278878e+00	3.278863e+00
3.309524994354072e-03	3.278836e+00	3.278892e+00	3.278922e+00
3.319524994354072e-03	3.278925e+00	3.278878e+00	3.278863e+00
3.329524994354072e-03	3.278836e+00	3.278892e+00	3.278922e+00
3.339524994354072e-03	3.278925e+00	3.278878e+00	3.278863e+00
3.349524994354072e-03	3.278836e+00	3.278892e+00	3.278921e+00
3.359524994354072e-03	3.278925e+00	3.278878e+00	3.278863e+00
3.369524994354072e-03	3.278836e+00	3.278892e+00	3.278921e+00
3.379524994354072e-03	3.278925e+00	3.278878e+00	3.278863e+00
3.389524994354072e-03	3.278836e+00	3.278892e+00	3.278921e+00
3.399524994354072e-03	3.278924e+00	3.278878e+00	3.278864e+00
3.409524994354072e-03	3.278836e+00	3.278892e+00	3.278921e+00
3.419524994354072e-03	3.278924e+00	3.278878e+00	3.278864e+00
3.429524994354072e-03	3.278836e+00	3.278892e+00	3.278921e+00
3.439524994354072e-03	3.278924e+00	3.278878e+00	3.278864e+00
3.449524994354072e-03	3.278837e+00	3.278892e+00	3.278921e+00
3.459524994354072e-03	3.278924e+00	3.278878e+00	3.278864e+00
3.469524994354072e-03	3.278837e+00	3.278892e+00	3.278921e+00
3.479524994354072e-03	3.278924e+00	3.278878e+00	3.278864e+00
3.489524994354072e-03	3.278837e+00	3.278892e+00	3.278921e+00
3.499524994354072e-03	3.278924e+00	3.278878e+00	3.278864e+00
3.509524994354072e-03	3.278837e+00	3.278892e+00	3.278921e+00
3.519524994354072e-03	3.278924e+00	3.278878e+00	3.278864e+00
3.529524994354072e-03	3.278837e+00	3.278892e+00	3.278921e+00
3.539524994354072e-03	3.278924e+00	3.278878e+00	3.278864e+00
3.549524994354072e-03	3.278837e+00	3.278892e+00	3.278921e+00
3.559524994354072e-03	3.278924e+00	3.278878e+00	3.278864e+00
3.569524994354072e-03	3.278837e+00	3.278892e+00	3.278921e+00
3.579524994354072e-03	3.278924e+00	3.278878e+00	3.278864e+00
3.589524994354072e-03	3.278837e+00	3.278892e+00	3.278921e+00
3.599524994354072e-03	3.278924e+00	3.278878e+00	3.278864e+00
3.609524994354072e-03	3.278837e+00	3.278892e+00	3.278921e+00
3.619524994354072e-03	3.278924e+00	3.278878e+00	3.278864e+00
3.629524994354072e-03	3.278837e+00	3.278892e+00	3.278921e+00
3.639524994354072e-03	3.278924e+00	3.278878e+00	3.278864e+00
3.649524994354072e-03	3.278837e+00	3.278892e+00	3.278921e+00
3.659524994354072e-03	3.278924e+00	3.278878e+00	3.278864e+00
3.669524994354072e-03	3.278838e+00	3.278892e+00	3.278921e+00
3.679524994354072e-03	3.278924e+00	3.278878e+00	3.278864e+00
3.689524994354072e-03	3.278838e+00	3.278892e+00	3.278921e+00
3.699524994354072e-03	3.278924e+00	3.278878e+00	3.278864e+00
3.709524994354072e-03	3.278838e+00	3.278892e+00	3.278921e+00
3.719524994354072e-03	3.278924e+00	3.278878e+00	3.278864e+00
3.729524994354072e-03	3.278838e+00	3.278892e+00	3.278921e+00
3.739524994354072e-03	3.278924e+00	3.278878e+00	3.278864e+00
3.749524994354072e-03	3.278838e+00	3.278892e+00	3.278921e+00
3.759524994354072e-03	3.278924e+00	3.278878e+00	3.278864e+00
3.769524994354072e-03	3.278838e+00	3.278892e+00	3.278921e+00
3.779524994354072e-03	3.278924e+00	3.278878e+00	3.278864e+00
3.789524994354072e-03	3.278838e+00	3.278892e+00	3.278921e+00
3.799524994354072e-03	3.278924e+00	3.278878e+00	3.278864e+00
3.809524994354072e-03	3.278838e+00	3.278892e+00	3.278921e+00
3.819524994354072e-03	3.278924e+00	3.278878e+00	3.278864e+00
3.829524994354072e-03	3.278838e+00	3.278892e+00	3.278921e+00
3.839524994354072e-03	3.278923e+00	3.278878e+00	3.278864e+00
3.849524994354072e-03	3.278838e+00	3.278892e+00	3.278921e+00
3.859524994354072e-03	3.278923e+00	3.278878e+00	3.278864e+00
3.869524994354072e-03	3.278838e+00	3.278892e+00	3.278921e+00
3.879524994354072e-03	3.278923e+00	3.278878e+00	3.278864e+00
3.889524994354072e-03	3.278839e+00	3.278892e+00	3.278921e+00
3.899524994354072e-03	3.278923e+00	3.278878e+00	3.278864e+00
3.909524994354072e-03	3.278839e+00	3.278892e+00	3.278921e+00
3.919524994354072e-03	3.278923e+00	3.278878e+00	3.278864e+00
3.929524994354072e-03	3.278839e+00	3.278892e+00	3.278921e+00
3.939524994354072e-03	3.278923e+00	3.278878e+00	3.278864e+00
3.949524994354072e-03	3.278839e+00	3.278892e+00	3.278921e+00
3.959524994354072e-03	3.278923e+00	3.278878e+00	3.278864e+00
3.969524994354072e-03	3.278839e+00	3.278892e+00	3.278921e+00
3.979524994354072e-03	3.278923e+00	3.278878e+00	3.278864e+00
3.989524994354072e-03	3.278839e+00	3.278892e+00	3.278921e+00
3.999524994354072e-03	3.278923e+00	3.278878e+00	3.278864e+00
4.009524994354072e-03	3.278839e+00	3.278892e+00	3.278921e+00
4.019524994354072e-03	3.278923e+00	3.278878e+00	3.278864e+00
4.029524994354072e-03	3.278839e+00	3.278892e+00	3.278921e+00
4.039524994354072e-03	3.278923e+00	3.278878e+00	3.278864e+00
4.049524994354072e-03	3.278839e+00	3.278892e+00	3.278920e+00
4.059524994354072e-03	3.278922e+00	3.278878e+00	3.278864e+00
4.069524994354072e-03	3.278839e+00	3.278892e+00	3.278920e+00
4.079524994354072e-03	3.278922e+00	3.278878e+00	3.278864e+00
4.089524994354072e-03	3.278839e+00	3.278892e+00	3.278920e+00
4.099524994354072e-03	3.278922e+00	3.278878e+00	3.278865e+00
4.109524994354072e-03	3.278839e+00	3.278892e+00	3.278920e+00
4.119524994354072e-03	3.278922e+00	3.278878e+00	3.278865e+00
4.129524994354072e-03	3.278840e+00	3.278892e+00	3.278920e+00
4.139524994354072e-03	3.278922e+00	3.278878e+00	3.278865e+00
4.149524994354072e-03	3.278840e+00	3.278892e+00	3.278920e+00
4.159524994354072e-03	3.278922e+00	3.278878e+00	3.278865e+00
4.169524994354072e-03	3.278840e+00	3.278892e+00	3.278920e+00
4.179524994354072e-03	3.278922e+00	3.278878e+00	3.278865e+00
4.189524994354072e-03	3.278840e+00	3.278892e+00	3.278920e+00
4.199524994354072e-03	3.278922e+00	3.278878e+00	3.278865e+00
4.209524994354072e-03	3.278840e+00	3.278892e+00	3.278920e+00
4.219524994354072e-03	3.278922e+00	3.278878e+00	3.278865e+00
4.229524994354072e-03	3.278840e+00	3.278892e+00	3.278920e+00
4.239524994354072e-03	3.278922e+00	3.278878e+00	3.278865e+00
4.249524994354071e-03	3.278840e+00	3.278892e+00	3.278920e+00
4.259524994354072e-03	3.278922e+00	3.278878e+00	3.278865e+00
4.269524994354072e-03	3.278840e+00	3.278892e+00	3.278920e+00
4.279524994354072e-03	3.278922e+00	3.278879e+00	3.278865e+00
4.289524994354072e-03	3.278840e+00	3.278892e+00	3.278920e+00
4.299524994354072e-03	3.278921e+00	3.278879e+00	3.278865e+00
4.309524994354072e-03	3.278840e+00	3.278892e+00	3.278920e+00
4.319524994354072e-03	3.278921e+00	3.278879e+00	3.278865e+00
4.329524994354072e-03	3.278840e+00	3.278892e+00	3.278920e+00
4.339524994354072e-03	3.278921e+00	3.278879e+00	3.278865e+00
4.349524994354072e-03	3.278840e+00	3.278892e+00	3.278920e+00
4.359524994354072e-03	3.278921e+00	3.278879e+00	3.278865e+00
4.369524994354072e-03	3.278841e+00	3.278892e+00	3.278920e+00
4.379524994354072e-03	3.278921e+00	3.278879e+00	3.278865e+00
4.389524994354072e-03	3.278841e+00	3.278892e+00	3.278920e+00
4.399524994354072e-03	3.278921e+00	3.278879e+00	3.278865e+00
4.409524994354072e-03	3.278841e+00	3.278892e+00	3.278920e+00
4.419524994354071e-03	3.278921e+00	3.278879e+00	3.278865e+00
4.429524994354072e-03	3.278841e+00	3.278892e+00	3.278920e+00
4.439524994354072e-03	3.278921e+00	3.278879e+00	3.278865e+00
4.449524994354072e-03	3.278841e+00	3.278892e+00	3.278920e+00
4.459524994354072e-03	3.278921e+00	3.278879e+00	3.278865e+00
4.469524994354072e-03	3.278841e+00	3.278892e+00	3.278920e+00
4.479524994354072e-03	3.278921e+00	3.278879e+00	3.278865e+00
4.489524994354072e-03	3.278841e+00	3.278892e+00	3.278920e+00
4.499524994354072e-03	3.278921e+00	3.278879e+00	3.278865e+00
4.509524994354072e-03	3.278841e+00	3.278891e+00	3.278920e+00
4.519524994354072e-03	3.278921e+00	3.278879e+00	3.278865e+00
4.529524994354072e-03	3.278841e+00	3.278891e+00	3.278920e+00
4.539524994354072e-03	3.278920e+00	3.278879e+00	3.278865e+00
4.549524994354072e-03	3.278841e+00	3.278891e+00	3.278920e+00
4.559524994354072e-03	3.278920e+00	3.278879e+00	3.278865e+00
4.569524994354071e-03	3.278841e+00	3.278891e+00	3.278920e+00
4.579524994354072e-03	3.278920e+00	3.278879e+00	3.278865e+00
4.589524994354072e-03	3.278841e+00	3.278891e+00	3.278920e+00
4.599524994354072e-03	3.278920e+00	3.278879e+00	3.278865e+00
4.609524994354072e-03	3.278842e+00	3.278891e+00	3.278920e+00
4.619524994354072e-03	3.278920e+00	3.278879e+00	3.278865e+00
4.629524994354072e-03	3.278842e+00	3.278891e+00	3.278920e+00
4.639524994354072e-03	3.278920e+00	3.278879e+00	3.278865e+00
4.649524994354072e-03	3.278842e+00	3.278891e+00	3.278920e+00
4.659524994354072e-03	3.278920e+00	3.278879e+00	3.278865e+00
4.669524994354072e-03	3.278842e+00	3.278891e+00	3.278920e+00
4.679524994354072e-03	3.278920e+00	3.278879e+00	3.278865e+00
4.689524994354072e-03	3.278842e+00	3.278891e+00	3.278920e+00
4.699524994354072e-03	3.278920e+00	3.278879e+00	3.278865e+00
4.709524994354072e-03	3.278842e+00	3.278891e+00	3.278920e+00
4.719524994354072e-03	3.278920e+00	3.278879e+00	3.278865e+00
4.729524994354072e-03	3.278842e+00	3.278891e+00	3.278920e+00
4.739524994354071e-03	3.278920e+00	3.278879e+00	3.278865e+00
4.749524994354072e-03	3.278842e+00	3.278891e+00	3.278920e+00
4.759524994354072e-03	3.278920e+00	3.278879e+00	3.278865e+00
4.769524994354072e-03	3.278842e+00	3.278891e+00	3.278919e+00
4.779524994354072e-03	3.278920e+00	3.278879e+00	3.278865e+00
4.789524994354072e-03	3.278842e+00	3.278891e+00	3.278919e+00
4.799524994354072e-03	3.278919e+00	3.278879e+00	3.278866e+00
4.809524994354072e-03	3.278842e+00	3.278891e+00	3.278919e+00
4.819524994354072e-03	3.278919e+00	3.278879e+00	3.278866e+00
4.829524994354072e-03	3.278842e+00	3.278891e+00	3.278919e+00
4.839524994354072e-03	3.278919e+00	3.278879e+00	3.278866e+00
4.849524994354072e-03	3.278842e+00	3.278891e+00	3.278919e+00
4.859524994354072e-03	3.278919e+00	3.278879e+00	3.278866e+00
4.869524994354072e-03	3.278843e+00	3.278891e+00	3.278919e+00
4.879524994354072e-03	3.278919e+00	3.278879e+00	3.278866e+00
4.889524994354071e-03	3.278843e+00	3.278891e+00	3.278919e+00
4.899524994354072e-03	3.278919e+00	3.278879e+00	3.278866e+00
4.909524994354071e-03	3.278843e+00	3.278891e+00	3.278919e+00
4.919524994354072e-03	3.278919e+00	3.278879e+00	3.278866e+00
4.929524994354072e-03	3.278843e+00	3.278891e+00	3.278919e+00
4.939524994354072e-03	3.278919e+00	3.278879e+00	3.278866e+00
4.949524994354072e-03	3.278843e+00	3.278891e+00	3.278919e+00
4.959524994354072e-03	3.278919e+00	3.278879e+00	3.278866e+00
4.969524994354072e-03	3.278843e+00	3.278891e+00	3.278919e+00
4.979524994354072e-03	3.278919e+00	3.278879e+00	3.278866e+00
4.989524994354072e-03	3.278843e+00	3.278891e+00	3.278919e+00
4.999524994354072e-03	3.278919e+00	3.278879e+00	3.278866e+00
5.009524994354072e-03	3.278843e+00	3.278891e+00	3.278919e+00
5.019524994354072e-03	3.278919e+00	3.278879e+00	3.278866e+00
5.029524994354072e-03	3.278843e+00	3.278891e+00	3.278919e+00
5.039524994354072e-03	3.278918e+00	3.278879e+00	3.278866e+00
5.049524994354072e-03	3.278843e+00	3.278891e+00	3.278919e+00
5.059524994354071e-03	3.278918e+00	3.278879e+00	3.278866e+00
5.069524994354072e-03	3.278843e+00	3.278891e+00	3.278919e+00
5.079524994354071e-03	3.278918e+00	3.278879e+00	3.278866e+00
5.089524994354072e-03	3.278843e+00	3.278891e+00	3.278919e+00
5.099524994354072e-03	3.278918e+00	3.278879e+00	3.278866e+00
5.109524994354072e-03	3.278843e+00	3.278891e+00	3.278919e+00
5.119524994354072e-03	3.278918e+00	3.278879e+00	3.278866e+00
5.129524994354072e-03	3.278844e+00	3.278891e+00	3.278919e+00
5.139524994354072e-03	3.278918e+00	3.278879e+00	3.278866e+00
5.149524994354072e-03	3.278844e+00	3.278891e+00	3.278919e+00
5.159524994354072e-03	3.278918e+00	3.278879e+00	3.278866e+00
5.169524994354072e-03	3.278844e+00	3.278891e+00	3.278919e+00
5.179524994354072e-03	3.278918e+00	3.278879e+00	3.278866e+00
5.189524994354072e-03	3.278844e+00	3.278891e+00	3.278919e+00
5.199524994354072e-03	3.278918e+00	3.278879e+00	3.278866e+00
5.209524994354071e-03	3.278844e+00	3.278890e+00	3.278919e+00
5.219524994354072e-03	3.278918e+00	3.278879e+00	3.278866e+00
5.229524994354071e-03	3.278844e+00	3.278890e+00	3.278919e+00
5.239524994354072e-03	3.278918e+00	3.278879e+00	3.278866e+00
5.249524994354072e-03	3.278844e+00	3.278890e+00	3.278919e+00
5.259524994354072e-03	3.278918e+00	3.278880e+00	3.278866e+00
5.269524994354072e-03	3.278844e+00	3.278890e+00	3.278919e+00
5.279524994354072e-03	3.278918e+00	3.278880e+00	3.278866e+00
5.289524994354072e-03	3.278844e+00	3.278890e+00	3.278919e+00
5.299524994354072e-03	3.278918e+00	3.278880e+00	3.278866e+00
5.309524994354072e-03	3.278844e+00	3.278890e+00	3.278919e+00
5.319524994354072e-03	3.278917e+00	3.278880e+00	3.278866e+00
5.329524994354072e-03	3.278844e+00	3.278890e+00	3.278919e+00
5.339524994354072e-03	3.278917e+00	3.278880e+00	3.278866e+00
5.349524994354072e-03	3.278844e+00	3.278890e+00	3.278919e+00
5.359524994354072e-03	3.278917e+00	3.278880e+00	3.278866e+00
5.369524994354072e-03	3.278844e+00	3.278890e+00	3.278919e+00
5.379524994354071e-03	3.278917e+00	3.278880e+00	3.278866e+00
5.389524994354072e-03	3.278845e+00	3.278890e+00	3.278919e+00
5.399524994354071e-03	3.278917e+00	3.278880e+00	3.278866e+00
5.409524994354072e-03	3.278845e+00	3.278890e+00	3.278919e+00
5.419524994354072e-03	3.278917e+00	3.278880e+00	3.278866e+00
5.429524994354072e-03	3.278845e+00	3.278890e+00	3.278919e+00
5.439524994354072e-03	3.278917e+00	3.278880e+00	3.278866e+00
5.449524994354072e-03	3.278845e+00	3.278890e+00	3.278919e+00
5.459524994354072e-03	3.278917e+00	3.278880e+00	3.278866e+00
5.469524994354072e-03	3.278845e+00	3.278890e+00	3.278919e+00
5.479524994354072e-03	3.278917e+00	3.278880e+00	3.278866e+00
5.489524994354072e-03	3.278845e+00	3.278890e+00	3.278919e+00
5.499524994354072e-03	3.278917e+00	3.278880e+00	3.278866e+00
5.509524994354072e-03	3.278845e+00	3.278890e+00	3.278918e+00
5.519524994354072e-03	3.278917e+00	3.278880e+00	3.278866e+00
5.529524994354071e-03	3.278845e+00	3.278890e+00	3.278918e+00
5.539524994354072e-03	3.278917e+00	3.278880e+00	3.278866e+00
5.549524994354071e-03	3.278845e+00	3.278890e+00	3.278918e+00
5.559524994354072e-03	3.278917e+00	3.278880e+00	3.278866e+00
5.569524994354071e-03	3.278845e+00	3.278890e+00	3.278918e+00
5.579524994354072e-03	3.278916e+00	3.278880e+00	3.278866e+00
5.589524994354072e-03	3.278845e+00	3.278890e+00	3.278918e+00
5.599524994354072e-03	3.278916e+00	3.278880e+00	3.278866e+00
5.609524994354072e-03	3.278845e+00	3.278890e+00	3.278918e+00
5.619524994354072e-03	3.278916e+00	3.278880e+00	3.278866e+00
5.629524994354072e-03	3.278845e+00	3.278890e+00	3.278918e+00
5.639524994354072e-03	3.278916e+00	3.278880e+00	3.278866e+00
5.649524994354072e-03	3.278844e+00	3.278890e+00	3.278918e+00
5.659524994354072e-03	3.278916e+00	3.278880e+00	3.278866e+00
5.669524994354072e-03	3.278845e+00	3.278890e+00	3.278918e+00
5.679524994354072e-03	3.278916e+00	3.278880e+00	3.278866e+00
5.689524994354072e-03	3.278845e+00	3.278890e+00	3.278918e+00
5.699524994354071e-03	3.278916e+00	3.278880e+00	3.278866e+00
5.709524994354072e-03	3.278845e+00	3.278890e+00	3.278918e+00
5.719524994354071e-03	3.278916e+00	3.278880e+00	3.278867e+00
5.729524994354072e-03	3.278845e+00	3.278890e+00	3.278918e+00
5.739524994354071e-03	3.278916e+00	3.278880e+00	3.278867e+00
5.749524994354072e-03	3.278845e+00	3.278890e+00	3.278918e+00
5.759524994354072e-03	3.278916e+00	3.278880e+00	3.278867e+00
5.769524994354072e-03	3.278845e+00	3.278890e+00	3.278918e+00
5.779524994354072e-03	3.278916e+00	3.278880e+00	3.278867e+00
5.789524994354072e-03	3.278845e+00	3.278890e+00	3.278918e+00
5.799524994354072e-03	3.278916e+00	3.278880e+00	3.278867e+00
5.809524994354072e-03	3.278845e+00	3.278890e+00	3.278918e+00
5.819524994354072e-03	3.278916e+00	3.278880e+00	3.278867e+00
5.829524994354072e-03	3.278845e+00	3.278890e+00	3.278918e+00
5.839524994354072e-03	3.278916e+00	3.278880e+00	3.278867e+00
5.849524994354071e-03	3.278845e+00	3.278890e+00	3.278918e+00
5.859524994354072e-03	3.278915e+00	3.278880e+00	3.278867e+00
5.869524994354071e-03	3.278845e+00	3.278890e+00	3.278918e+00
5.879524994354072e-03	3.278915e+00	3.278880e+00	3.278867e+00
5.889524994354071e-03	3.278845e+00	3.278890e+00	3.278918e+00
5.899524994354072e-03	3.278915e+00	3.278880e+00	3.278867e+00
5.909524994354072e-03	3.278845e+00	3.278890e+00	3.278918e+00
5.919524994354072e-03	3.278915e+00	3.278880e+00	3.278867e+00
5.929524994354072e-03	3.278845e+00	3.278890e+00	3.278918e+00
5.939524994354072e-03	3.278915e+00	3.278880e+00	3.278867e+00
5.949524994354072e-03	3.278846e+00	3.278890e+00	3.278918e+00
5.959524994354072e-03	3.278915e+00	3.278880e+00	3.278867e+00
5.969524994354072e-03	3.278846e+00	3.278890e+00	3.278918e+00
5.979524994354072e-03	3.278915e+00	3.278880e+00	3.278867e+00
5.989524994354072e-03	3.278846e+00	3.278890e+00	3.278918e+00
5.999524994354072e-03	3.278915e+00	3.278880e+00	3.278867e+00
6.009524994354072e-03	3.278846e+00	3.278890e+00	3.278918e+00
6.019524994354071e-03	3.278915e+00	3.278880e+00	3.278867e+00
6.029524994354072e-03	3.278846e+00	3.278890e+00	3.278918e+00
6.039524994354071e-03	3.278915e+00	3.278880e+00	3.278867e+00
6.049524994354072e-03	3.278846e+00	3.278890e+00	3.278918e+00
6.059524994354071e-03	3.278915e+00	3.278880e+00	3.278867e+00
6.069524994354072e-03	3.278846e+00	3.278890e+00	3.278918e+00
6.079524994354072e-03	3.278915e+00	3.278880e+00	3.278867e+00
6.089524994354072e-03	3.278846e+00	3.278890e+00	3.278918e+00
6.099524994354072e-03	3.278915e+00	3.278880e+00	3.278867e+00
6.109524994354072e-03	3.278846e+00	3.278890e+00	3.278918e+00
6.119524994354072e-03	3.278915e+00	3.278880e+00	3.278867e+00
6.129524994354072e-03	3.278846e+00	3.278890e+00	3.278918e+00
6.139524994354072e-03	3.278915e+00	3.278880e+00	3.278867e+00
6.149524994354072e-03	3.278846e+00	3.278890e+00	3.278918e+00
6.159524994354072e-03	3.278914e+00	3.278880e+00	3.278867e+00
6.169524994354071e-03	3.278846e+00	3.278890e+00	3.278918e+00
6.179524994354072e-03	3.278914e+00	3.278880e+00	3.278867e+00
6.189524994354071e-03	3.278846e+00	3.278890e+00	3.278918e+00
6.199524994354072e-03	3.278914e+00	3.278880e+00	3.278867e+00
6.209524994354071e-03	3.278846e+00	3.278890e+00	3.278918e+00
6.219524994354072e-03	3.278914e+00	3.278880e+00	3.278867e+00
6.229524994354071e-03	3.278847e+00	3.278890e+00	3.278918e+00
6.239524994354072e-03	3.278914e+00	3.278880e+00	3.278867e+00
6.249524994354072e-03	3.278847e+00	3.278890e+00	3.278918e+00
6.259524994354072e-03	3.278914e+00	3.278880e+00	3.278867e+00
6.269524994354072e-03	3.278847e+00	3.278890e+00	3.278917e+00
6.279524994354072e-03	3.278914e+00	3.278880e+00	3.278867e+00
6.289524994354072e-03	3.278847e+00	3.278890e+00	3.278917e+00
6.299524994354072e-03	3.278914e+00	3.278880e+00	3.278867e+00
6.309524994354072e-03	3.278847e+00	3.278890e+00	3.278917e+00
6.319524994354072e-03	3.278914e+00	3.278880e+00	3.278867e+00
6.329524994354072e-03	3.278847e+00	3.278890e+00	3.278917e+00
6.339524994354071e-03	3.278914e+00	3.278880e+00	3.278867e+00
6.349524994354072e-03	3.278847e+00	3.278890e+00	3.278917e+00
6.359524994354071e-03	3.278914e+00	3.278880e+00	3.278867e+00
6.369524994354072e-03	3.278847e+00	3.278890e+00	3.278917e+00
6.379524994354071e-03	3.278914e+00	3.278880e+00	3.278867e+00
6.389524994354072e-03	3.278847e+00	3.278890e+00	3.278917e+00
6.399524994354071e-03	3.278914e+00	3.278880e+00	3.278867e+00
6.409524994354072e-03	3.278847e+00	3.278890e+00	3.278917e+00
6.419524994354072e-03	3.278914e+00	3.278880e+00	3.278867e+00
6.429524994354072e-03	3.278847e+00	3.278890e+00	3.278917e+00
6.439524994354072e-03	3.278914e+00	3.278880e+00	3.278867e+00
6.449524994354072e-03	3.278847e+00	3.278890e+00	3.278917e+00
6.459524994354072e-03	3.278913e+00	3.278880e+00	3.278867e+00
6.469524994354072e-03	3.278847e+00	3.278890e+00	3.278917e+00
6.479524994354072e-03	3.278913e+00	3.278880e+00	3.278867e+00
6.489524994354071e-03	3.278847e+00	3.278890e+00	3.278917e+00
6.499524994354072e-03	3.278913e+00	3.278880e+00	3.278868e+00
6.509524994354071e-03	3.278847e+00	3.278890e+00	3.278917e+00
6.519524994354072e-03	3.278913e+00	3.278880e+00	3.278868e+00
6.529524994354071e-03	3.278848e+00	3.278890e+00	3.278917e+00
6.539524994354072e-03	3.278913e+00	3.278880e+00	3.278868e+00
6.549524994354071e-03	3.278848e+00	3.278890e+00	3.278917e+00
6.559524994354072e-03	3.278913e+00	3.278880e+00	3.278868e+00
6.569524994354072e-03	3.278848e+00	3.278890e+00	3.278917e+00
6.579524994354072e-03	3.278913e+00	3.278880e+00	3.278868e+00
6.589524994354072e-03	3.278848e+00	3.278890e+00	3.278917e+00
6.599524994354072e-03	3.278913e+00	3.278880e+00	3.278868e+00
6.609524994354072e-03	3.278848e+00	3.278890e+00	3.278917e+00
6.619524994354072e-03	3.278913e+00	3.278880e+00	3.278868e+00
6.629524994354072e-03	3.278848e+00	3.278890e+00	3.278917e+00
6.639524994354072e-03	3.278913e+00	3.278880e+00	3.278868e+00
6.649524994354072e-03	3.278848e+00	3.278890e+00	3.278917e+00
6.659524994354071e-03	3.278913e+00	3.278880e+00	3.278868e+00
6.669524994354072e-03	3.278848e+00	3.278890e+00	3.278917e+00
6.679524994354071e-03	3.278913e+00	3.278880e+00	3.278868e+00
6.689524994354072e-03	3.278848e+00	3.278890e+00	3.278917e+00
6.699524994354071e-03	3.278913e+00	3.278880e+00	3.278868e+00
6.709524994354072e-03	3.278848e+00	3.278890e+00	3.278917e+00
6.719524994354071e-03	3.278913e+00	3.278880e+00	3.278868e+00
6.729524994354072e-03	3.278848e+00	3.278890e+00	3.278917e+00
6.739524994354072e-03	3.278913e+00	3.278880e+00	3.278868e+00
6.749524994354072e-03	3.278848e+00	3.278889e+00	3.278917e+00
6.759524994354072e-03	3.278912e+00	3.278880e+00	3.278868e+00
6.769524994354072e-03	3.278848e+00	3.278889e+00	3.278917e+00
6.779524994354072e-03	3.278912e+00	3.278880e+00	3.278868e+00
6.789524994354072e-03	3.278848e+00	3.278889e+00	3.278917e+00
6.799524994354072e-03	3.278912e+00	3.278881e+00	3.278868e+00
6.809524994354071e-03	3.278848e+00	3.278889e+00	3.278917e+00
6.819524994354072e-03	3.278912e+00	3.278881e+00	3.278868e+00
6.829524994354071e-03	3.278848e+00	3.278889e+00	3.278917e+00
6.839524994354072e-03	3.278912e+00	3.278881e+00	3.278868e+00
6.849524994354071e-03	3.278849e+00	3.278889e+00	3.278917e+00
6.859524994354072e-03	3.278912e+00	3.278881e+00	3.278868e+00
6.869524994354071e-03	3.278849e+00	3.278889e+00	3.278917e+00
6.879524994354072e-03	3.278912e+00	3.278881e+00	3.278868e+00
6.889524994354071e-03	3.278849e+00	3.278889e+00	3.278917e+00
6.899524994354072e-03	3.278912e+00	3.278881e+00	3.278868e+00
6.909524994354072e-03	3.278849e+00	3.278889e+00	3.278917e+00
6.919524994354072e-03	3.278912e+00	3.278881e+00	3.278868e+00
6.929524994354072e-03	3.278849e+00	3.278889e+00	3.278917e+00
6.939524994354072e-03	3.278912e+00	3.278881e+00	3.278868e+00
6.949524994354072e-03	3.278849e+00	3.278889e+00	3.278917e+00
6.959524994354072e-03	3.278912e+00	3.278881e+00	3.278868e+00
6.969524994354072e-03	3.278849e+00	3.278889e+00	3.278917e+00
6.979524994354071e-03	3.278912e+00	3.278881e+00	3.278868e+00
6.989524994354072e-03	3.278849e+00	3.278889e+00	3.278917e+00
6.999524994354071e-03	3.278912e+00	3.278881e+00	3.278868e+00
7.009524994354072e-03	3.278849e+00	3.278889e+00	3.278917e+00
7.019524994354071e-03	3.278912e+00	3.278881e+00	3.278868e+00
7.029524994354072e-03	3.278849e+00	3.278889e+00	3.278917e+00
7.039524994354071e-03	3.278912e+00	3.278881e+00	3.278868e+00
7.049524994354072e-03	3.278849e+00	3.278889e+00	3.278916e+00
7.059524994354071e-03	3.278912e+00	3.278881e+00	3.278868e+00
7.069524994354072e-03	3.278849e+00	3.278889e+00	3.278916e+00
7.079524994354072e-03	3.278911e+00	3.278881e+00	3.278868e+00
7.089524994354072e-03	3.278849e+00	3.278889e+00	3.278916e+00
7.099524994354072e-03	3.278911e+00	3.278881e+00	3.278868e+00
7.109524994354072e-03	3.278849e+00	3.278889e+00	3.278916e+00
7.119524994354072e-03	3.278911e+00	3.278881e+00	3.278868e+00
7.129524994354071e-03	3.278849e+00	3.278889e+00	3.278916e+00
7.139524994354072e-03	3.278911e+00	3.278881e+00	3.278868e+00
7.149524994354071e-03	3.278849e+00	3.278889e+00	3.278916e+00
7.159524994354072e-03	3.278911e+00	3.278881e+00	3.278868e+00
7.169524994354071e-03	3.278850e+00	3.278889e+00	3.278916e+00
7.179524994354072e-03	3.278911e+00	3.278881e+00	3.278868e+00
7.189524994354071e-03	3.278850e+00	3.278889e+00	3.278916e+00
7.199524994354072e-03	3.278911e+00	3.278881e+00	3.278868e+00
7.209524994354071e-03	3.278850e+00	3.278889e+00	3.278916e+00
7.219524994354072e-03	3.278911e+00	3.278881e+00	3.278868e+00
7.229524994354071e-03	3.278850e+00	3.278889e+00	3.278916e+00
7.239524994354072e-03	3.278911e+00	3.278881e+00	3.278868e+00
7.249524994354072e-03	3.278850e+00	3.278889e+00	3.278916e+00
7.259524994354072e-03	3.278911e+00	3.278881e+00	3.278868e+00
7.269524994354072e-03	3.278850e+00	3.278889e+00	3.278916e+00
7.279524994354072e-03	3.278911e+00	3.278881e+00	3.278868e+00
7.289524994354072e-03	3.278850e+00	3.278889e+00	3.278916e+00
7.299524994354071e-03	3.278911e+00	3.278881e+00	3.278869e+00
7.309524994354072e-03	3.278850e+00	3.278889e+00	3.278916e+00
7.319524994354071e-03	3.278911e+00	3.278881e+00	3.278869e+00
7.329524994354072e-03	3.278850e+00	3.278889e+00	3.278916e+00
7.339524994354071e-03	3.278911e+00	3.278881e+00	3.278869e+00
7.349524994354072e-03	3.278850e+00	3.278889e+00	3.278916e+00
7.359524994354071e-03	3.278911e+00	3.278881e+00	3.278869e+00
7.369524994354072e-03	3.278850e+00	3.278889e+00	3.278916e+00
7.379524994354071e-03	3.278911e+00	3.278881e+00	3.278869e+00
7.389524994354072e-03	3.278850e+00	3.278889e+00	3.278916e+00
7.399524994354072e-03	3.278910e+00	3.278881e+00	3.278869e+00
7.409524994354072e-03	3.278850e+00	3.278889e+00	3.278916e+00
7.419524994354072e-03	3.278910e+00	3.278881e+00	3.278869e+00
7.429524994354072e-03	3.278850e+00	3.278889e+00	3.278916e+00
7.439524994354072e-03	3.278910e+00	3.278881e+00	3.278869e+00
7.449524994354071e-03	3.278850e+00	3.278889e+00	3.278916e+00
7.459524994354072e-03	3.278910e+00	3.278881e+00	3.278869e+00
7.469524994354071e-03	3.278850e+00	3.278889e+00	3.278916e+00
7.479524994354072e-03	3.278910e+00	3.278881e+00	3.278869e+00
7.489524994354071e-03	3.278851e+00	3.278889e+00	3.278916e+00
7.499524994354072e-03	3.278910e+00	3.278881e+00	3.278869e+00
7.509524994354071e-03	3.278851e+00	3.278889e+00	3.278916e+00
7.519524994354072e-03	3.278910e+00	3.278881e+00	3.278869e+00
7.529524994354071e-03	3.278851e+00	3.278889e+00	3.278916e+00
7.539524994354072e-03	3.278910e+00	3.278881e+00	3.278869e+00
7.549524994354071e-03	3.278851e+00	3.278889e+00	3.278916e+00
7.559524994354072e-03	3.278910e+00	3.278881e+00	3.278869e+00
7.569524994354072e-03	3.278851e+00	3.278889e+00	3.278916e+00
7.579524994354072e-03	3.278910e+00	3.278881e+00	3.278869e+00
7.589524994354072e-03	3.278851e+00	3.278889e+00	3.278916e+00
7.599524994354072e-03	3.278910e+00	3.278881e+00	3.278869e+00
7.609524994354072e-03	3.278851e+00	3.278889e+00	3.278916e+00
7.619524994354071e-03	3.278910e+00	3.278881e+00	3.278869e+00
7.629524994354072e-03	3.278851e+00	3.278889e+00	3.278916e+00
7.639524994354071e-03	3.278910e+00	3.278881e+00	3.278869e+00
7.649524994354072e-03	3.278851e+00	3.278889e+00	3.278916e+00
7.659524994354071e-03	3.278910e+00	3.278881e+00	3.278869e+00
7.669524994354072e-03	3.278851e+00	3.278889e+00	3.278916e+00
7.679524994354071e-03	3.278910e+00	3.278881e+00	3.278869e+00
7.689524994354072e-03	3.278851e+00	3.278889e+00	3.278916e+00
7.699524994354071e-03	3.278910e+00	3.278881e+00	3.278869e+00
7.709524994354072e-03	3.278851e+00	3.278889e+00	3.278916e+00
7.719524994354071e-03	3.278910e+00	3.278881e+00	3.278869e+00
7.729524994354072e-03	3.278851e+00	3.278889e+00	3.278916e+00
7.739524994354072e-03	3.278909e+00	3.278881e+00	3.278869e+00
7.749524994354072e-03	3.278851e+00	3.278889e+00	3.278916e+00
7.759524994354072e-03	3.278909e+00	3.278881e+00	3.278869e+00
7.769524994354071e-03	3.278851e+00	3.278889e+00	3.278916e+00
7.779524994354072e-03	3.278909e+00	3.278881e+00	3.278869e+00
7.789524994354071e-03	3.278851e+00	3.278889e+00	3.278916e+00
7.799524994354072e-03	3.278909e+00	3.278881e+00	3.278869e+00
7.809524994354071e-03	3.278851e+00	3.278889e+00	3.278916e+00
7.819524994354071e-03	3.278909e+00	3.278881e+00	3.278869e+00
7.829524994354072e-03	3.278851e+00	3.278889e+00	3.278916e+00
7.839524994354072e-03	3.278909e+00	3.278881e+00	3.278869e+00
7.849524994354071e-03	3.278852e+00	3.278889e+00	3.278916e+00
7.859524994354071e-03	3.278909e+00	3.278881e+00	3.278869e+00
7.869524994354072e-03	3.278852e+00	3.278889e+00	3.278916e+00
7.879524994354072e-03	3.278909e+00	3.278881e+00	3.278869e+00
7.889524994354071e-03	3.278852e+00	3.278889e+00	3.278916e+00
7.899524994354071e-03	3.278909e+00	3.278881e+00	3.278869e+00
7.909524994354072e-03	3.278852e+00	3.278889e+00	3.278916e+00
7.919524994354072e-03	3.278909e+00	3.278881e+00	3.278869e+00
7.929524994354072e-03	3.278852e+00	3.278889e+00	3.278916e+00
7.939524994354071e-03	3.278909e+00	3.278881e+00	3.278869e+00
7.949524994354071e-03	3.278852e+00	3.278889e+00	3.278916e+00
7.959524994354072e-03	3.278909e+00	3.278881e+00	3.278869e+00
7.969524994354072e-03	3.278852e+00	3.278889e+00	3.278916e+00
7.979524994354071e-03	3.278909e+00	3.278881e+00	3.278869e+00
7.989524994354071e-03	3.278852e+00	3.278889e+00	3.278916e+00
7.999524994354072e-03	3.278909e+00	3.278881e+00	3.278869e+00
8.009524994354072e-03	3.278852e+00	3.278889e+00	3.278916e+00
8.019524994354071e-03	3.278909e+00	3.278881e+00	3.278869e+00
8.029524994354071e-03	3.278852e+00	3.278889e+00	3.278916e+00
8.039524994354072e-03	3.278909e+00	3.278881e+00	3.278869e+00
8.049524994354072e-03	3.278852e+00	3.278889e+00	3.278916e+00
8.059524994354072e-03	3.278909e+00	3.278881e+00	3.278869e+00
8.069524994354071e-03	3.278852e+00	3.278889e+00	3.278916e+00
8.079524994354072e-03	3.278909e+00	3.278881e+00	3.278869e+00
8.089524994354072e-03	3.278852e+00	3.278889e+00	3.278915e+00
8.099524994354072e-03	3.278908e+00	3.278881e+00	3.278869e+00
8.109524994354071e-03	3.278852e+00	3.278889e+00	3.278915e+00
8.119524994354071e-03	3.278908e+00	3.278881e+00	3.278869e+00
8.129524994354072e-03	3.278852e+00	3.278889e+00	3.278915e+00
8.139524994354072e-03	3.278908e+00	3.278881e+00	3.278870e+00
8.149524994354071e-03	3.278852e+00	3.278889e+00	3.278915e+00
8.159524994354071e-03	3.278908e+00	3.278881e+00	3.278870e+00
8.169524994354072e-03	3.278852e+00	3.278889e+00	3.278915e+00
8.179524994354072e-03	3.278908e+00	3.278881e+00	3.278870e+00
8.189524994354071e-03	3.278853e+00	3.278889e+00	3.278915e+00
8.199524994354071e-03	3.278908e+00	3.278881e+00	3.278870e+00
8.209524994354072e-03	3.278853e+00	3.278889e+00	3.278915e+00
8.219524994354072e-03	3.278908e+00	3.278881e+00	3.278870e+00
8.229524994354072e-03	3.278853e+00	3.278889e+00	3.278915e+00
8.239524994354071e-03	3.278908e+00	3.278881e+00	3.278870e+00
8.249524994354071e-03	3.278853e+00	3.278889e+00	3.278915e+00
8.259524994354072e-03	3.278908e+00	3.278881e+00	3.278870e+00
8.269524994354072e-03	3.278853e+00	3.278889e+00	3.278915e+00
8.279524994354071e-03	3.278908e+00	3.278881e+00	3.278870e+00
8.289524994354071e-03	3.278853e+00	3.278889e+00	3.278915e+00
8.299524994354072e-03	3.278908e+00	3.278881e+00	3.278870e+00
8.309524994354072e-03	3.278853e+00	3.278889e+00	3.278915e+00
8.319524994354071e-03	3.278908e+00	3.278881e+00	3.278870e+00
8.329524994354071e-03	3.278853e+00	3.278889e+00	3.278915e+00
8.339524994354072e-03	3.278908e+00	3.278881e+00	3.278870e+00
8.349524994354072e-03	3.278853e+00	3.278889e+00	3.278915e+00
8.359524994354071e-03	3.278908e+00	3.278881e+00	3.278870e+00
8.369524994354071e-03	3.278853e+00	3.278889e+00	3.278915e+00
8.379524994354072e-03	3.278908e+00	3.278881e+00	3.278870e+00
8.389524994354072e-03	3.278853e+00	3.278889e+00	3.278915e+00
8.399524994354072e-03	3.278908e+00	3.278881e+00	3.278870e+00
8.409524994354071e-03	3.278853e+00	3.278889e+00	3.278915e+00
8.419524994354071e-03	3.278908e+00	3.278881e+00	3.278870e+00
8.429524994354072e-03	3.278853e+00	3.278889e+00	3.278915e+00
8.439524994354072e-03	3.278908e+00	3.278881e+00	3.278870e+00
8.449524994354071e-03	3.278853e+00	3.278889e+00	3.278915e+00
8.459524994354071e-03	3.278907e+00	3.278881e+00	3.278870e+00
8.469524994354072e-03	3.278853e+00	3.278889e+00	3.278915e+00
8.479524994354072e-03	3.278907e+00	3.278881e+00	3.278870e+00
8.489524994354071e-03	3.278853e+00	3.278889e+00	3.278915e+00
8.499524994354071e-03	3.278907e+00	3.278881e+00	3.278870e+00
8.509524994354072e-03	3.278853e+00	3.278889e+00	3.278915e+00
8.519524994354072e-03	3.278907e+00	3.278881e+00	3.278870e+00
8.529524994354071e-03	3.278853e+00	3.278888e+00	3.278915e+00
8.539524994354071e-03	3.278907e+00	3.278881e+00	3.278870e+00
8.549524994354072e-03	3.278853e+00	3.278888e+00	3.278915e+00
8.559524994354072e-03	3.278907e+00	3.278881e+00	3.278870e+00
8.569524994354072e-03	3.278854e+00	3.278888e+00	3.278915e+00
8.579524994354071e-03	3.278907e+00	3.278881e+00	3.278870e+00
8.589524994354071e-03	3.278854e+00	3.278888e+00	3.278915e+00
8.599524994354072e-03	3.278907e+00	3.278882e+00	3.278870e+00
8.609524994354072e-03	3.278854e+00	3.278888e+00	3.278915e+00
8.619524994354071e-03	3.278907e+00	3.278882e+00	3.278870e+00
8.629524994354071e-03	3.278854e+00	3.278888e+00	3.278915e+00
8.639524994354072e-03	3.278907e+00	3.278882e+00	3.278870e+00
8.649524994354072e-03	3.278854e+00	3.278888e+00	3.278915e+00
8.659524994354071e-03	3.278907e+00	3.278882e+00	3.278870e+00
8.669524994354071e-03	3.278854e+00	3.278888e+00	3.278915e+00
8.679524994354072e-03	3.278907e+00	3.278882e+00	3.278870e+00
8.689524994354072e-03	3.278854e+00	3.278888e+00	3.278915e+00
8.699524994354071e-03	3.278907e+00	3.278882e+00	3.278870e+00
8.709524994354071e-03	3.278854e+00	3.278888e+00	3.278915e+00
8.719524994354072e-03	3.278907e+00	3.278882e+00	3.278870e+00
8.729524994354072e-03	3.278854e+00	3.278888e+00	3.278915e+00
8.739524994354072e-03	3.278907e+00	3.278882e+00	3.278870e+00
8.749524994354071e-03	3.278854e+00	3.278888e+00	3.278915e+00
8.759524994354071e-03	3.278907e+00	3.278882e+00	3.278870e+00
8.769524994354072e-03	3.278854e+00	3.278888e+00	3.278915e+00
8.779524994354072e-03	3.278907e+00	3.278882e+00	3.278870e+00
8.789524994354071e-03	3.278854e+00	3.278888e+00	3.278915e+00
8.799524994354071e-03	3.278907e+00	3.278882e+00	3.278870e+00
8.809524994354072e-03	3.278854e+00	3.278888e+00	3.278915e+00
8.819524994354072e-03	3.278907e+00	3.278882e+00	3.278870e+00
8.829524994354071e-03	3.278854e+00	3.278888e+00	3.278915e+00
8.839524994354071e-03	3.278906e+00	3.278882e+00	3.278870e+00
8.849524994354072e-03	3.278854e+00	3.278888e+00	3.278915e+00
8.859524994354072e-03	3.278906e+00	3.278882e+00	3.278870e+00
8.869524994354071e-03	3.278854e+00	3.278888e+00	3.278915e+00
8.879524994354071e-03	3.278906e+00	3.278882e+00	3.278870e+00
8.889524994354071e-03	3.278854e+00	3.278888e+00	3.278915e+00
8.899524994354072e-03	3.278906e+00	3.278882e+00	3.278870e+00
8.909524994354072e-03	3.278854e+00	3.278888e+00	3.278915e+00
8.919524994354071e-03	3.278906e+00	3.278882e+00	3.278870e+00
8.929524994354071e-03	3.278854e+00	3.278888e+00	3.278915e+00
8.939524994354072e-03	3.278906e+00	3.278882e+00	3.278870e+00
8.949524994354072e-03	3.278855e+00	3.278888e+00	3.278915e+00
8.959524994354071e-03	3.278906e+00	3.278882e+00	3.278870e+00
8.969524994354071e-03	3.278855e+00	3.278888e+00	3.278914e+00
8.979524994354072e-03	3.278906e+00	3.278882e+00	3.278870e+00
8.989524994354072e-03	3.278855e+00	3.278888e+00	3.278914e+00
8.999524994354071e-03	3.278906e+00	3.278882e+00	3.278870e+00
9.009524994354071e-03	3.278855e+00	3.278888e+00	3.278914e+00
9.019524994354072e-03	3.278906e+00	3.278882e+00	3.278871e+00
9.029524994354072e-03	3.278855e+00	3.278888e+00	3.278914e+00
9.039524994354071e-03	3.278906e+00	3.278882e+00	3.278871e+00
9.049524994354071e-03	3.278855e+00	3.278888e+00	3.278914e+00
9.059524994354071e-03	3.278906e+00	3.278882e+00	3.278871e+00
9.069524994354072e-03	3.278855e+00	3.278888e+00	3.278914e+00
9.079524994354072e-03	3.278906e+00	3.278882e+00	3.278871e+00
9.089524994354071e-03	3.278855e+00	3.278888e+00	3.278914e+00
9.099524994354071e-03	3.278906e+00	3.278882e+00	3.278871e+00
9.109524994354072e-03	3.278855e+00	3.278888e+00	3.278914e+00
9.119524994354072e-03	3.278906e+00	3.278882e+00	3.278871e+00
9.129524994354071e-03	3.278855e+00	3.278888e+00	3.278914e+00
9.139524994354071e-03	3.278906e+00	3.278882e+00	3.278871e+00
9.149524994354072e-03	3.278855e+00	3.278888e+00	3.278914e+00
9.159524994354072e-03	3.278906e+00	3.278882e+00	3.278871e+00
9.169524994354071e-03	3.278855e+00	3.278888e+00	3.278914e+00
9.179524994354071e-03	3.278906e+00	3.278882e+00	3.278871e+00
9.189524994354072e-03	3.278855e+00	3.278888e+00	3.278914e+00
9.199524994354072e-03	3.278906e+00	3.278882e+00	3.278871e+00
9.209524994354071e-03	3.278855e+00	3.278888e+00	3.278914e+00
9.219524994354071e-03	3.278906e+00	3.278882e+00	3.278871e+00
9.229524994354071e-03	3.278855e+00	3.278888e+00	3.278914e+00
9.239524994354072e-03	3.278905e+00	3.278882e+00	3.278871e+00
9.249524994354072e-03	3.278855e+00	3.278888e+00	3.278914e+00
9.259524994354071e-03	3.278905e+00	3.278882e+00	3.278871e+00
9.269524994354071e-03	3.278855e+00	3.278888e+00	3.278914e+00
9.279524994354072e-03	3.278905e+00	3.278882e+00	3.278871e+00
9.289524994354072e-03	3.278855e+00	3.278888e+00	3.278914e+00
9.299524994354071e-03	3.278905e+00	3.278882e+00	3.278871e+00
9.309524994354071e-03	3.278855e+00	3.278888e+00	3.278914e+00
9.319524994354072e-03	3.278905e+00	3.278882e+00	3.278871e+00
9.329524994354072e-03	3.278855e+00	3.278888e+00	3.278914e+00
9.339524994354071e-03	3.278905e+00	3.278882e+00	3.278871e+00
9.349524994354071e-03	3.278856e+00	3.278888e+00	3.278914e+00
9.359524994354072e-03	3.278905e+00	3.278882e+00	3.278871e+00
9.369524994354072e-03	3.278856e+00	3.278888e+00	3.278914e+00
9.379524994354071e-03	3.278905e+00	3.278882e+00	3.278871e+00
9.389524994354071e-03	3.278856e+00	3.278888e+00	3.278914e+00
9.399524994354071e-03	3.278905e+00	3.278882e+00	3.278871e+00
9.409524994354072e-03	3.278856e+00	3.278888e+00	3.278914e+00
9.419524994354072e-03	3.278905e+00	3.278882e+00	3.278871e+00
9.429524994354071e-03	3.278856e+00	3.278888e+00	3.278914e+00
9.439524994354071e-03	3.278905e+00	3.278882e+00	3.278871e+00
9.449524994354072e-03	3.278856e+00	3.278888e+00	3.278914e+00
9.459524994354072e-03	3.278905e+00	3.278882e+00	3.278871e+00
9.469524994354071e-03	3.278856e+00	3.278888e+00	3.278914e+00
9.479524994354071e-03	3.278905e+00	3.278882e+00	3.278871e+00
9.489524994354072e-03	3.278856e+00	3.278888e+00	3.278914e+00
9.499524994354072e-03	3.278905e+00	3.278882e+00	3.278871e+00
9.509524994354071e-03	3.278856e+00	3.278888e+00	3.278914e+00
9.519524994354071e-03	3.278905e+00	3.278882e+00	3.278871e+00
9.529524994354071e-03	3.278856e+00	3.278888e+00	3.278914e+00
9.539524994354072e-03	3.278905e+00	3.278882e+00	3.278871e+00
9.549524994354072e-03	3.278856e+00	3.278888e+00	3.278914e+00
9.559524994354071e-03	3.278905e+00	3.278882e+00	3.278871e+00
9.569524994354071e-03	3.278856e+00	3.278888e+00	3.278914e+00
9.579524994354072e-03	3.278905e+00	3.278882e+00	3.278871e+00
9.589524994354072e-03	3.278856e+00	3.278888e+00	3.278914e+00
9.599524994354071e-03	3.278905e+00	3.278882e+00	3.278871e+00
9.609524994354071e-03	3.278856e+00	3.278888e+00	3.278914e+00
9.619524994354072e-03	3.278905e+00	3.278882e+00	3.278871e+00
9.629524994354072e-03	3.278856e+00	3.278888e+00	3.278914e+00
9.639524994354071e-03	3.278904e+00	3.278882e+00	3.278871e+00
9.649524994354071e-03	3.278856e+00	3.278888e+00	3.278914e+00
9.659524994354072e-03	3.278904e+00	3.278882e+00	3.278871e+00
9.669524994354072e-03	3.278856e+00	3.278888e+00	3.278914e+00
9.679524994354071e-03	3.278904e+00	3.278882e+00	3.278871e+00
9.689524994354071e-03	3.278856e+00	3.278888e+00	3.278914e+00
9.699524994354071e-03	3.278904e+00	3.278882e+00	3.278871e+00
9.709524994354072e-03	3.278856e+00	3.278888e+00	3.278914e+00
9.719524994354072e-03	3.278904e+00	3.278882e+00	3.278871e+00
9.729524994354071e-03	3.278856e+00	3.278888e+00	3.278914e+00
9.739524994354071e-03	3.278904e+00	3.278882e+00	3.278871e+00
9.749524994354072e-03	3.278857e+00	3.278888e+00	3.278914e+00
9.759524994354072e-03	3.278904e+00	3.278882e+00	3.278871e+00
9.769524994354071e-03	3.278857e+00	3.278888e+00	3.278914e+00
9.779524994354071e-03	3.278904e+00	3.278882e+00	3.278871e+00
9.789524994354072e-03	3.278857e+00	3.278888e+00	3.278914e+00
9.799524994354072e-03	3.278904e+00	3.278882e+00	3.278871e+00
9.809524994354071e-03	3.278857e+00	3.278888e+00	3.278914e+00
9.819524994354071e-03	3.278904e+00	3.278882e+00	3.278871e+00
9.829524994354072e-03	3.278857e+00	3.278888e+00	3.278914e+00
9.839524994354072e-03	3.278904e+00	3.278882e+00	3.278871e+00
9.849524994354071e-03	3.278857e+00	3.278888e+00	3.278914e+00
9.859524994354071e-03	3.278904e+00	3.278882e+00	3.278871e+00
9.869524994354071e-03	3.278857e+00	3.278888e+00	3.278914e+00
9.879524994354072e-03	3.278904e+00	3.278882e+00	3.278871e+00
9.889524994354072e-03	3.278857e+00	3.278888e+00	3.278913e+00
9.899524994354071e-03	3.278904e+00	3.278882e+00	3.278871e+00
9.909524994354071e-03	3.278857e+00	3.278888e+00	3.278913e+00
9.919524994354072e-03	3.278904e+00	3.278882e+00	3.278871e+00
9.929524994354072e-03	3.278857e+00	3.278888e+00	3.278913e+00
9.939524994354071e-03	3.278904e+00	3.278882e+00	3.278871e+00
9.949524994354071e-03	3.278857e+00	3.278888e+00	3.278913e+00
9.959524994354072e-03	3.278904e+00	3.278882e+00	3.278871e+00
9.969524994354072e-03	3.278857e+00	3.278888e+00	3.278913e+00
9.979524994354071e-03	3.278904e+00	3.278882e+00	3.278871e+00
9.989524994354071e-03	3.278857e+00	3.278888e+00	3.278913e+00
9.999524994354072e-03	3.278904e+00	3.278882e+00	3.278871e+00
1.000000000000000e-02	3.278858e+00	3.278888e+00	3.278913e+00
1.000010000000000e-02	3.278902e+00	3.278883e+00	3.278873e+00
1.000020000000000e-02	3.278917e+00	3.278945e+00	3.278944e+00
1.000020473874906e-02	3.278935e+00	3.278950e+00	3.278932e+00
1.000021421624719e-02	3.278956e+00	3.278961e+00	3.278934e+00
1.000023317124344e-02	3.278980e+00	3.278990e+00	3.278953e+00
1.000026872789086e-02	3.279040e+00	3.279051e+00	3.278986e+00
1.000032964241738e-02	3.279156e+00	3.279175e+00	3.279062e+00
1.000034034888055e-02	3.279179e+00	3.279199e+00	3.279074e+00
1.000036176180689e-02	3.279224e+00	3.279246e+00	3.279103e+00
1.000040458765956e-02	3.279314e+00	3.279342e+00	3.279161e+00
1.000049023936492e-02	3.279488e+00	3.279532e+00	3.279279e+00
1.000062813967659e-02	3.279702e+00	3.279780e+00	3.279446e+00
1.000079504375817e-02	3.279436e+00	3.279626e+00	3.279456e+00
1.000109806588051e-02	3.275787e+00	3.276560e+00	3.278255e+00
1.000168606918661e-02	3.260317e+00	3.257815e+00	3.270229e+00
1.000241258881210e-02	3.232639e+00	3.216388e+00	3.250668e+00
1.000348555253395e-02	3.183087e+00	3.135885e+00	3.213271e+00
1.000366443199066e-02	3.174903e+00	3.120859e+00	3.206730e+00
1.000402219090409e-02	3.161182e+00	3.090508e+00	3.193297e+00
1.000473770873095e-02	3.125490e+00	3.040187e+00	3.169936e+00
1.000547572611750e-02	3.077607e+00	3.004129e+00	3.150353e+00
1.000640777036515e-02	3.020174e+00	2.971765e+00	3.127986e+00
1.000740365486758e-02	2.963503e+00	2.948447e+00	3.107902e+00
1.000939542387244e-02	2.881624e+00	2.905224e+00	3.077295e+00
1.001161715349749e-02	2.812995e+00	2.871821e+00	3.051646e+00
1.001365243786110e-02	2.750230e+00	2.867239e+00	3.031289e+00
1.001772300658832e-02	2.643871e+00	2.857708e+00	2.996531e+00
1.002482323391073e-02	2.354508e+00	2.809676e+00	2.931353e+00
1.003482323391073e-02	1.842605e+00	2.440903e+00	2.813059e+00
1.004482323391073e-02	1.392160e+00	2.019592e+00	2.672752e+00
1.005482323391073e-02	1.030497e+00	1.654321e+00	2.653444e+00
1.006482323391073e-02	7.627516e-01	1.364067e+00	2.579630e+00
1.007482323391073e-02	5.560589e-01	1.123729e+00	2.482836e+00
1.008482323391073e-02	3.929504e-01	9.226697e-01	2.393281e+00
1.009482323391073e-02	2.663253e-01	7.546393e-01	2.267569e+00
1.010482323391073e-02	1.779131e-01	6.133434e-01	2.114091e+00
1.011482323391073e-02	1.337271e-01	4.997858e-01	1.966159e+00
1.012482323391073e-02	1.259688e-01	4.140528e-01	1.829628e+00
1.013482323391073e-02	1.352018e-01	3.531325e-01	1.697804e+00
1.014482323391073e-02	1.498467e-01	3.121354e-01	1.577889e+00
1.015482323391073e-02	1.658481e-01	2.872229e-01	1.463566e+00
1.016482323391073e-02	1.817373e-01	2.732937e-01	1.360123e+00
1.017482323391073e-02	1.967370e-01	2.671333e-01	1.262460e+00
1.018482323391073e-02	2.105232e-01	2.651627e-01	1.174236e+00
1.019482323391073e-02	2.228294e-01	2.659985e-01	1.091576e+00
1.020482323391073e-02	2.336783e-01	2.677590e-01	1.016905e+00
1.021482323391073e-02	2.429916e-01	2.702890e-01	9.473588e-01
1.022482323391073e-02	2.509640e-01	2.725764e-01	8.844864e-01
1.023482323391073e-02	2.575896e-01	2.749755e-01	8.261870e-01
1.024482323391073e-02	2.631398e-01	2.768188e-01	7.734189e-01
1.025482323391073e-02	2.676191e-01	2.786359e-01	7.246398e-01
1.026482323391073e-02	2.713170e-01	2.798817e-01	6.804005e-01
1.027482323391073e-02	2.742078e-01	2.811231e-01	6.395296e-01
1.028482323391073e-02	2.765715e-01	2.818557e-01	6.023510e-01
1.029482323391073e-02	2.783521e-01	2.826525e-01	5.679140e-01
1.030482323391073e-02	2.798071e-01	2.830148e-01	5.363555e-01
1.031482323391073e-02	2.808461e-01	2.835037e-01	5.069017e-01
1.032482323391073e-02	2.817072e-01	2.836202e-01	4.797770e-01
1.033482323391073e-02	2.822738e-01	2.839147e-01	4.546211e-01
1.034482323391073e-02	2.827683e-01	2.838858e-01	4.320306e-01
1.035482323391073e-02	2.830536e-01	2.840739e-01	4.116901e-01
1.036482323391073e-02	2.833349e-01	2.839698e-01	3.938946e-01
1.037482323391073e-02	2.834583e-01	2.841044e-01	3.781117e-01
1.038482323391073e-02	2.836191e-01	2.839645e-01	3.644915e-01
1.039482323391073e-02	2.836528e-01	2.840752e-01	3.524966e-01
1.040482323391073e-02	2.837477e-01	2.839206e-01	3.422646e-01
1.041482323391073e-02	2.837335e-01	2.840230e-01	3.332955e-01
1.042482323391073e-02	2.837943e-01	2.838652e-01	3.257361e-01
1.043482323391073e-02	2.837562e-01	2.839673e-01	3.191252e-01
1.044482323391073e-02	2.838009e-01	2.838114e-01	3.136258e-01
1.045482323391073e-02	2.837522e-01	2.839167e-01	3.088120e-01
1.046482323391073e-02	2.837901e-01	2.837650e-01	3.048662e-01
1.047482323391073e-02	2.837375e-01	2.838745e-01	3.013938e-01
1.048482323391073e-02	2.837735e-01	2.837272e-01	2.985970e-01
1.049482323391073e-02	2.837203e-01	2.838408e-01	2.961083e-01
1.050482323391073e-02	2.837565e-01	2.836975e-01	2.941475e-01
1.051482323391073e-02	2.837041e-01	2.838146e-01	2.923697e-01
1.052482323391073e-02	2.837414e-01	2.836746e-01	2.910094e-01
1.053482323391073e-02	2.836903e-01	2.837946e-01	2.897395e-01
1.054482323391073e-02	2.837288e-01	2.836571e-01	2.888062e-01
1.055482323391073e-02	2.836790e-01	2.837792e-01	2.878962e-01
1.056482323391073e-02	2.837186e-01	2.836438e-01	2.872643e-01
1.057482323391073e-02	2.836699e-01	2.837676e-01	2.866078e-01
1.058482323391073e-02	2.837105e-01	2.836337e-01	2.861876e-01
1.059482323391073e-02	2.836627e-01	2.837586e-01	2.857088e-01
1.060482323391073e-02	2.837040e-01	2.836258e-01	2.854366e-01
1.061482323391073e-02	2.836570e-01	2.837515e-01	2.850821e-01
1.062482323391073e-02	2.836989e-01	2.836197e-01	2.849132e-01
1.063482323391073e-02	2.836524e-01	2.837459e-01	2.846454e-01
1.064482323391073e-02	2.836947e-01	2.836147e-01	2.845483e-01
1.065482323391073e-02	2.836487e-01	2.837414e-01	2.843410e-01
1.066482323391073e-02	2.836913e-01	2.836107e-01	2.842938e-01
1.067482323391073e-02	2.836456e-01	2.837377e-01	2.841287e-01
1.068482323391073e-02	2.836884e-01	2.836073e-01	2.841161e-01
1.069482323391073e-02	2.836430e-01	2.837345e-01	2.839803e-01
1.070482323391073e-02	2.836859e-01	2.836045e-01	2.839918e-01
1.071482323391073e-02	2.836408e-01	2.837317e-01	2.838765e-01
1.072482323391073e-02	2.836838e-01	2.836020e-01	2.839045e-01
1.073482323391073e-02	2.836388e-01	2.837292e-01	2.838037e-01
1.074482323391073e-02	2.836818e-01	2.835997e-01	2.838432e-01
1.075482323391073e-02	2.836370e-01	2.837270e-01	2.837523e-01
1.076482323391073e-02	2.836801e-01	2.835977e-01	2.837997e-01
1.077482323391073e-02	2.836353e-01	2.837250e-01	2.837160e-01
1.078482323391073e-02	2.836784e-01	2.835958e-01	2.837688e-01
1.079482323391073e-02	2.836338e-01	2.837231e-01	2.836901e-01
1.080482323391073e-02	2.836769e-01	2.835941e-01	2.837466e-01
1.081482323391073e-02	2.836323e-01	2.837213e-01	2.836714e-01
1.082482323391073e-02	2.836755e-01	2.835925e-01	2.837304e-01
1.083482323391073e-02	2.836310e-01	2.837196e-01	2.836578e-01
1.084482323391073e-02	2.836741e-01	2.835909e-01	2.837185e-01
1.085482323391073e-02	2.836297e-01	2.837180e-01	2.836479e-01
1.086482323391073e-02	2.836728e-01	2.835895e-01	2.837096e-01
1.087482323391073e-02	2.836285e-01	2.837164e-01	2.836403e-01
1.088482323391073e-02	2.836715e-01	2.835881e-01	2.837028e-01
1.089482323391073e-02	2.836273e-01	2.837150e-01	2.836346e-01
1.090482323391073e-02	2.836703e-01	2.835867e-01	2.836974e-01
1.091482323391073e-02	2.836261e-01	2.837135e-01	2.836301e-01
1.092482323391073e-02	2.836691e-01	2.835854e-01	2.836931e-01
1.093482323391073e-02	2.836250e-01	2.837121e-01	2.836265e-01
1.094482323391073e-02	2.836680e-01	2.835842e-01	2.836896e-01
1.095482323391073e-02	2.836240e-01	2.837108e-01	2.836235e-01
1.096482323391073e-02	2.836669e-01	2.835830e-01	2.836866e-01
1.097482323391073e-02	2.836229e-01	2.837095e-01	2.836210e-01
1.098482323391073e-02	2.836658e-01	2.835818e-01	2.836840e-01
1.099482323391073e-02	2.836219e-01	2.837082e-01	2.836188e-01
1.100482323391073e-02	2.836648e-01	2.835807e-01	2.836817e-01
1.101482323391073e-02	2.836209e-01	2.837070e-01	2.836168e-01
1.102482323391073e-02	2.836638e-01	2.835796e-01	2.836796e-01
1.103482323391073e-02	2.836200e-01	2.837058e-01	2.836151e-01
1.104482323391073e-02	2.836628e-01	2.835786e-01	2.836776e-01
1.105482323391073e-02	2.836191e-01	2.837046e-01	2.836135e-01
1.106482323391073e-02	2.836618e-01	2.835776e-01	2.836758e-01
1.107482323391073e-02	2.836182e-01	2.837035e-01	2.836120e-01
1.108482323391073e-02	2.836609e-01	2.835766e-01	2.836741e-01
1.109482323391073e-02	2.836173e-01	2.837024e-01	2.836106e-01
1.110482323391073e-02	2.836600e-01	2.835756e-01	2.836725e-01
1.111482323391073e-02	2.836165e-01	2.837013e-01	2.836092e-01
1.112482323391073e-02	2.836591e-01	2.835747e-01	2.836709e-01
1.113482323391073e-02	2.836157e-01	2.837003e-01	2.836080e-01
1.114482323391073e-02	2.836582e-01	2.835738e-01	2.836694e-01
1.115482323391073e-02	2.836149e-01	2.836992e-01	2.836068e-01
1.116482323391073e-02	2.836574e-01	2.835729e-01	2.836680e-01
1.117482323391073e-02	2.836141e-01	2.836982e-01	2.836056e-01
1.118482323391073e-02	2.836566e-01	2.835721e-01	2.836666e-01
1.119482323391073e-02	2.836134e-01	2.836973e-01	2.836045e-01
1.120482323391073e-02	2.836558e-01	2.835713e-01	2.836653e-01
1.121482323391073e-02	2.836126e-01	2.836963e-01	2.836034e-01
1.122482323391073e-02	2.836550e-01	2.835705e-01	2.836640e-01
1.123482323391073e-02	2.836119e-01	2.836954e-01	2.836024e-01
1.124482323391073e-02	2.836543e-01	2.835697e-01	2.836627e-01
1.125482323391073e-02	2.836112e-01	2.836945e-01	2.836014e-01
1.126482323391073e-02	2.836535e-01	2.835690e-01	2.836614e-01
1.127482323391073e-02	2.836106e-01	2.836936e-01	2.836004e-01
1.128482323391073e-02	2.836528e-01	2.835683e-01	2.836602e-01
1.129482323391073e-02	2.836099e-01	2.836928e-01	2.835995e-01
1.130482323391073e-02	2.836521e-01	2.835676e-01	2.836591e-01
1.131482323391073e-02	2.836093e-01	2.836920e-01	2.835986e-01
1.132482323391073e-02	2.836515e-01	2.835669e-01	2.836579e-01
1.133482323391073e-02	2.836087e-01	2.836911e-01	2.835977e-01
1.134482323391073e-02	2.836508e-01	2.835662e-01	2.836568e-01
1.135482323391073e-02	2.836081e-01	2.836904e-01	2.835969e-01
1.136482323391073e-02	2.836502e-01	2.835656e-01	2.836558e-01
1.137482323391073e-02	2.836075e-01	2.836896e-01	2.835961e-01
1.138482323391073e-02	2.836495e-01	2.835650e-01	2.836547e-01
1.139482323391073e-02	2.836070e-01	2.836888e-01	2.835953e-01
1.140482323391073e-02	2.836489e-01	2.835644e-01	2.836537e-01
1.141482323391073e-02	2.836064e-01	2.836881e-01	2.835945e-01
1.142482323391073e-02	2.836484e-01	2.835638e-01	2.836527e-01
1.143482323391073e-02	2.836059e-01	2.836874e-01	2.835938e-01
1.144482323391073e-02	2.836478e-01	2.835632e-01	2.836517e-01
1.145482323391073e-02	2.836054e-01	2.836867e-01	2.835931e-01
1.146482323391073e-02	2.836472e-01	2.835627e-01	2.836508e-01
1.147482323391073e-02	2.836049e-01	2.836860e-01	2.835923e-01
1.148482323391073e-02	2.836467e-01	2.835622e-01	2.836498e-01
1.149482323391073e-02	2.836044e-01	2.836853e-01	2.835917e-01
1.150482323391073e-02	2.836462e-01	2.835617e-01	2.836489e-01
1.151482323391073e-02	2.836039e-01	2.836847e-01	2.835910e-01
1.152482323391073e-02	2.836456e-01	2.835612e-01	2.836480e-01
1.153482323391073e-02	2.836035e-01	2.836840e-01	2.835904e-01
1.154482323391073e-02	2.836451e-01	2.835607e-01	2.836472e-01
1.155482323391073e-02	2.836030e-01	2.836834e-01	2.835898e-01
1.156482323391073e-02	2.836446e-01	2.835602e-01	2.836463e-01
1.157482323391073e-02	2.836026e-01	2.836828e-01	2.835892e-01
1.158482323391073e-02	2.836442e-01	2.835598e-01	2.836455e-01
1.159482323391073e-02	2.836022e-01	2.836822e-01	2.835886e-01
1.160482323391073e-02	2.836437e-01	2.835594e-01	2.836447e-01
1.161482323391073e-02	2.836018e-01	2.836816e-01	2.835881e-01
1.162482323391073e-02	2.836432e-01	2.835590e-01	2.836439e-01
1.163482323391073e-02	2.836014e-01	2.836811e-01	2.835875e-01
1.164482323391073e-02	2.836428e-01	2.835586e-01	2.836432e-01
1.165482323391073e-02	2.836010e-01	2.836805e-01	2.835870e-01
1.166482323391073e-02	2.836424e-01	2.835582e-01	2.836424e-01
1.167482323391073e-02	2.836007e-01	2.836800e-01	2.835865e-01
1.168482323391073e-02	2.836419e-01	2.835578e-01	2.836417e-01
1.169482323391073e-02	2.836003e-01	2.836795e-01	2.835860e-01
1.170482323391073e-02	2.836416e-01	2.835574e-01	2.836410e-01
1.171482323391073e-02	2.835999e-01	2.836789e-01	2.835855e-01
1.172482323391073e-02	2.836411e-01	2.835571e-01	2.836403e-01
1.173482323391073e-02	2.835996e-01	2.836784e-01	2.835851e-01
1.174482323391073e-02	2.836408e-01	2.835567e-01	2.836396e-01
1.175482323391073e-02	2.835993e-01	2.836780e-01	2.835846e-01
1.176482323391073e-02	2.836404e-01	2.835564e-01	2.836390e-01
1.177482323391073e-02	2.835990e-01	2.836775e-01	2.835842e-01
1.178482323391073e-02	2.836400e-01	2.835561e-01	2.836383e-01
1.179482323391073e-02	2.835987e-01	2.836770e-01	2.835838e-01
1.180482323391073e-02	2.836397e-01	2.835558e-01	2.836377e-01
1.181482323391073e-02	2.835984e-01	2.836766e-01	2.835834e-01
1.182482323391073e-02	2.836393e-01	2.835555e-01	2.836371e-01
1.183482323391073e-02	2.835981e-01	2.836761e-01	2.835830e-01
1.184482323391073e-02	2.836390e-01	2.835552e-01	2.836365e-01
1.185482323391073e-02	2.835978e-01	2.836757e-01	2.835826e-01
1.186482323391073e-02	2.836386e-01	2.835549e-01	2.836359e-01
1.187482323391073e-02	2.835975e-01	2.836752e-01	2.835823e-01
1.188482323391073e-02	2.836383e-01	2.835547e-01	2.836353e-01
1.189482323391073e-02	2.835973e-01	2.836748e-01	2.835819e-01
1.190482323391073e-02	2.836380e-01	2.835544e-01	2.836348e-01
1.191482323391073e-02	2.835970e-01	2.836744e-01	2.835816e-01
1.192482323391073e-02	2.836377e-01	2.835542e-01	2.836342e-01
1.193482323391073e-02	2.835968e-01	2.836740e-01	2.835813e-01
1.194482323391073e-02	2.836374e-01	2.835539e-01	2.836337e-01
1.195482323391073e-02	2.835965e-01	2.836736e-01	2.835810e-01
1.196482323391073e-02	2.836371e-01	2.835537e-01	2.836332e-01
1.197482323391073e-02	2.835963e-01	2.836733e-01	2.835807e-01
1.198482323391073e-02	2.836368e-01	2.835535e-01	2.836327e-01
1.199482323391073e-02	2.835961e-01	2.836729e-01	2.835804e-01
1.200482323391073e-02	2.836366e-01	2.835533e-01	2.836322e-01
1.201482323391073e-02	2.835959e-01	2.836725e-01	2.835801e-01
1.202482323391073e-02	2.836363e-01	2.835531e-01	2.836317e-01
1.203482323391073e-02	2.835956e-01	2.836722e-01	2.835798e-01
1.204482323391073e-02	2.836360e-01	2.835529e-01	2.836312e-01
1.205482323391073e-02	2.835954e-01	2.836718e-01	2.835796e-01
1.206482323391073e-02	2.836358e-01	2.835527e-01	2.836308e-01
1.207482323391073e-02	2.835952e-01	2.836715e-01	2.835793e-01
1.208482323391073e-02	2.836355e-01	2.835525e-01	2.836303e-01
1.209482323391073e-02	2.835951e-01	2.836712e-01	2.835791e-01
1.210482323391073e-02	2.836353e-01	2.835523e-01	2.836299e-01
1.211482323391073e-02	2.835949e-01	2.836708e-01	2.835789e-01
1.212482323391073e-02	2.836350e-01	2.835522e-01	2.836295e-01
1.213482323391073e-02	2.835947e-01	2.836705e-01	2.835786e-01
1.214482323391073e-02	2.836348e-01	2.835520e-01	2.836290e-01
1.215482323391073e-02	2.835945e-01	2.836702e-01	2.835784e-01
1.216482323391073e-02	2.836346e-01	2.835519e-01	2.836286e-01
1.217482323391073e-02	2.835943e-01	2.836699e-01	2.835782e-01
1.218482323391073e-02	2.836344e-01	2.835517e-01	2.836282e-01
1.219482323391073e-02	2.835942e-01	2.836696e-01	2.835780e-01
1.220482323391073e-02	2.836341e-01	2.835516e-01	2.836278e-01
1.221482323391073e-02	2.835940e-01	2.836693e-01	2.835778e-01
1.222482323391073e-02	2.836339e-01	2.835515e-01	2.836274e-01
1.223482323391073e-02	2.835939e-01	2.836690e-01	2.835776e-01
1.224482323391073e-02	2.836337e-01	2.835513e-01	2.836271e-01
1.225482323391073e-02	2.835937e-01	2.836687e-01	2.835775e-01
1.226482323391073e-02	2.836335e-01	2.835512e-01	2.836267e-01
1.227482323391073e-02	2.835936e-01	2.836685e-01	2.835773e-01
1.228482323391073e-02	2.836333e-01	2.835511e-01	2.836263e-01
1.229482323391073e-02	2.835935e-01	2.836682e-01	2.835771e-01
1.230482323391073e-02	2.836332e-01	2.835510e-01	2.836260e-01
1.231482323391073e-02	2.835933e-01	2.836679e-01	2.835770e-01
1.232482323391073e-02	2.836330e-01	2.835509e-01	2.836256e-01
1.233482323391073e-02	2.835932e-01	2.836677e-01	2.835768e-01
1.234482323391073e-02	2.836328e-01	2.835508e-01	2.836253e-01
1.235482323391073e-02	2.835931e-01	2.836674e-01	2.835767e-01
1.236482323391073e-02	2.836326e-01	2.835507e-01	2.836250e-01
1.237482323391073e-02	2.835929e-01	2.836672e-01	2.835766e-01
1.238482323391073e-02	2.836324e-01	2.835506e-01	2.836246e-01
1.239482323391073e-02	2.835928e-01	2.836669e-01	2.835764e-01
1.240482323391073e-02	2.836323e-01	2.835505e-01	2.836243e-01
1.241482323391073e-02	2.835927e-01	2.836667e-01	2.835763e-01
1.242482323391073e-02	2.836321e-01	2.835504e-01	2.836240e-01
1.243482323391073e-02	2.835926e-01	2.836664e-01	2.835762e-01
1.244482323391073e-02	2.836319e-01	2.835504e-01	2.836237e-01
1.245482323391073e-02	2.835925e-01	2.836662e-01	2.835761e-01
1.246482323391073e-02	2.836318e-01	2.835503e-01	2.836234e-01
1.247482323391073e-02	2.835924e-01	2.836660e-01	2.835760e-01
1.248482323391073e-02	2.836316e-01	2.835502e-01	2.836231e-01
1.249482323391073e-02	2.835923e-01	2.836658e-01	2.835759e-01
1.250482323391073e-02	2.836315e-01	2.835502e-01	2.836229e-01
1.251482323391073e-02	2.835922e-01	2.836655e-01	2.835758e-01
1.252482323391073e-02	2.836313e-01	2.835501e-01	2.836226e-01
1.253482323391073e-02	2.835921e-01	2.836653e-01	2.835757e-01
1.254482323391073e-02	2.836312e-01	2.835501e-01	2.836223e-01
1.255482323391073e-02	2.835920e-01	2.836651e-01	2.835756e-01
1.256482323391073e-02	2.836311e-01	2.835500e-01	2.836220e-01
1.257482323391073e-02	2.835920e-01	2.836649e-01	2.835755e-01
1.258482323391073e-02	2.836309e-01	2.835500e-01	2.836218e-01
1.259482323391073e-02	2.835919e-01	2.836647e-01	2.835755e-01
1.260482323391073e-02	2.836308e-01	2.835499e-01	2.836215e-01
1.261482323391073e-02	2.835918e-01	2.836645e-01	2.835754e-01
1.262482323391073e-02	2.836307e-01	2.835499e-01	2.836213e-01
1.263482323391073e-02	2.835917e-01	2.836643e-01	2.835753e-01
1.264482323391073e-02	2.836305e-01	2.835498e-01	2.836210e-01
1.265482323391073e-02	2.835917e-01	2.836641e-01	2.835752e-01
1.266482323391073e-02	2.836304e-01	2.835498e-01	2.836208e-01
1.267482323391073e-02	2.835916e-01	2.836639e-01	2.835752e-01
1.268482323391073e-02	2.836303e-01	2.835498e-01	2.836205e-01
1.269482323391073e-02	2.835915e-01	2.836638e-01	2.835751e-01
1.270482323391073e-02	2.836302e-01	2.835498e-01	2.836203e-01
1.271482323391073e-02	2.835915e-01	2.836636e-01	2.835751e-01
1.272482323391073e-02	2.836301e-01	2.835497e-01	2.836201e-01
1.273482323391073e-02	2.835914e-01	2.836634e-01	2.835750e-01
1.274482323391073e-02	2.836299e-01	2.835497e-01	2.836199e-01
1.275482323391073e-02	2.835913e-01	2.836632e-01	2.835750e-01
1.276482323391073e-02	2.836298e-01	2.835497e-01	2.836197e-01
1.277482323391073e-02	2.835913e-01	2.836630e-01	2.835749e-01
1.278482323391073e-02	2.836297e-01	2.835497e-01	2.836194e-01
1.279482323391073e-02	2.835912e-01	2.836629e-01	2.835749e-01
1.280482323391073e-02	2.836296e-01	2.835497e-01	2.836192e-01
1.281482323391073e-02	2.835912e-01	2.836627e-01	2.835749e-01
1.282482323391073e-02	2.836295e-01	2.835496e-01	2.836190e-01
1.283482323391073e-02	2.835911e-01	2.836625e-01	2.835748e-01
1.284482323391073e-02	2.836294e-01	2.835496e-01	2.836188e-01
1.285482323391073e-02	2.835911e-01	2.836624e-01	2.835748e-01
1.286482323391073e-02	2.836293e-01	2.835496e-01	2.836186e-01
1.287482323391073e-02	2.835910e-01	2.836622e-01	2.835748e-01
1.288482323391073e-02	2.836292e-01	2.835496e-01	2.836184e-01
1.289482323391073e-02	2.835910e-01	2.836620e-01	2.835747e-01
1.290482323391073e-02	2.836291e-01	2.835496e-01	2.836182e-01
1.291482323391073e-02	2.835910e-01	2.836619e-01	2.835747e-01
1.292482323391073e-02	2.836290e-01	2.835496e-01	2.836181e-01
1.293482323391073e-02	2.835909e-01	2.836617e-01	2.835747e-01
1.294482323391073e-02	2.836289e-01	2.835496e-01	2.836179e-01
1.295482323391073e-02	2.835909e-01	2.836616e-01	2.835747e-01
1.296482323391073e-02	2.836289e-01	2.835496e-01	2.836177e-01
1.297482323391073e-02	2.835908e-01	2.836615e-01	2.835746e-01
1.298482323391073e-02	2.836288e-01	2.835496e-01	2.836175e-01
1.299482323391073e-02	2.835908e-01	2.836613e-01	2.835746e-01
1.300482323391073e-02	2.836287e-01	2.835496e-01	2.836173e-01
1.301482323391073e-02	2.835908e-01	2.836611e-01	2.835746e-01
1.302482323391073e-02	2.836286e-01	2.835497e-01	2.836172e-01
1.303482323391073e-02	2.835907e-01	2.836610e-01	2.835746e-01
1.304482323391073e-02	2.836285e-01	2.835497e-01	2.836170e-01
1.305482323391073e-02	2.835907e-01	2.836609e-01	2.835746e-01
1.306482323391073e-02	2.836284e-01	2.835497e-01	2.836168e-01
1.307482323391073e-02	2.835907e-01	2.836607e-01	2.835746e-01
1.308482323391073e-02	2.836283e-01	2.835497e-01	2.836167e-01
1.309482323391073e-02	2.835907e-01	2.836606e-01	2.835746e-01
1.310482323391073e-02	2.836283e-01	2.835497e-01	2.836165e-01
1.311482323391073e-02	2.835906e-01	2.836605e-01	2.835746e-01
1.312482323391073e-02	2.836282e-01	2.835497e-01	2.836164e-01
1.313482323391073e-02	2.835906e-01	2.836603e-01	2.835746e-01
1.314482323391073e-02	2.836281e-01	2.835498e-01	2.836162e-01
1.315482323391073e-02	2.835906e-01	2.836602e-01	2.835746e-01
1.316482323391073e-02	2.836281e-01	2.835498e-01	2.836161e-01
1.317482323391073e-02	2.835906e-01	2.836601e-01	2.835746e-01
1.318482323391073e-02	2.836280e-01	2.835498e-01	2.836159e-01
1.319482323391073e-02	2.835905e-01	2.836599e-01	2.835746e-01
1.320482323391073e-02	2.836279e-01	2.835498e-01	2.836158e-01
1.321482323391073e-02	2.835905e-01	2.836598e-01	2.835746e-01
1.322482323391073e-02	2.836278e-01	2.835499e-01	2.836156e-01
1.323482323391073e-02	2.835905e-01	2.836597e-01	2.835746e-01
1.324482323391073e-02	2.836278e-01	2.835499e-01	2.836155e-01
1.325482323391073e-02	2.835905e-01	2.836596e-01	2.835746e-01
1.326482323391073e-02	2.836277e-01	2.835499e-01	2.836154e-01
1.327482323391073e-02	2.835905e-01	2.836594e-01	2.835746e-01
1.328482323391073e-02	2.836276e-01	2.835499e-01	2.836152e-01
1.329482323391073e-02	2.835905e-01	2.836593e-01	2.835747e-01
1.330482323391073e-02	2.836276e-01	2.835500e-01	2.836151e-01
1.331482323391073e-02	2.835905e-01	2.836592e-01	2.835747e-01
1.332482323391073e-02	2.836275e-01	2.835500e-01	2.836149e-01
1.333482323391073e-02	2.835905e-01	2.836591e-01	2.835747e-01
1.334482323391073e-02	2.836274e-01	2.835500e-01	2.836148e-01
1.335482323391073e-02	2.835904e-01	2.836590e-01	2.835747e-01
1.336482323391073e-02	2.836274e-01	2.835501e-01	2.836147e-01
1.337482323391073e-02	2.835904e-01	2.836588e-01	2.835747e-01
1.338482323391073e-02	2.836273e-01	2.835501e-01	2.836146e-01
1.339482323391073e-02	2.835904e-01	2.836587e-01	2.835747e-01
1.340482323391073e-02	2.836273e-01	2.835501e-01	2.836144e-01
1.341482323391073e-02	2.835904e-01	2.836586e-01	2.835748e-01
1.342482323391073e-02	2.836272e-01	2.835502e-01	2.836143e-01
1.343482323391073e-02	2.835904e-01	2.836585e-01	2.835748e-01
1.344482323391073e-02	2.836272e-01	2.835502e-01	2.836142e-01
1.345482323391073e-02	2.835904e-01	2.836584e-01	2.835748e-01
1.346482323391073e-02	2.836271e-01	2.835503e-01	2.836141e-01
1.347482323391073e-02	2.835904e-01	2.836583e-01	2.835748e-01
1.348482323391073e-02	2.836270e-01	2.835503e-01	2.836140e-01
1.349482323391073e-02	2.835904e-01	2.836582e-01	2.835749e-01
1.350482323391073e-02	2.836270e-01	2.835504e-01	2.836139e-01
1.351482323391073e-02	2.835904e-01	2.836581e-01	2.835749e-01
1.352482323391073e-02	2.836269e-01	2.835504e-01	2.836137e-01
1.353482323391073e-02	2.835904e-01	2.836580e-01	2.835749e-01
1.354482323391073e-02	2.836269e-01	2.835504e-01	2.836136e-01
1.355482323391073e-02	2.835904e-01	2.836579e-01	2.835749e-01
1.356482323391073e-02	2.836268e-01	2.835505e-01	2.836135e-01
1.357482323391073e-02	2.835904e-01	2.836578e-01	2.835749e-01
1.358482323391073e-02	2.836268e-01	2.835505e-01	2.836134e-01
1.359482323391073e-02	2.835904e-01	2.836576e-01	2.835750e-01
1.360482323391073e-02	2.836267e-01	2.835506e-01	2.836133e-01
1.361482323391073e-02	2.835904e-01	2.836575e-01	2.835750e-01
1.362482323391073e-02	2.836267e-01	2.835506e-01	2.836132e-01
1.363482323391073e-02	2.835904e-01	2.836574e-01	2.835750e-01
1.364482323391073e-02	2.836266e-01	2.835507e-01	2.836131e-01
1.365482323391073e-02	2.835904e-01	2.836573e-01	2.835751e-01
1.366482323391073e-02	2.836266e-01	2.835507e-01	2.836130e-01
1.367482323391073e-02	2.835904e-01	2.836572e-01	2.835751e-01
1.368482323391073e-02	2.836265e-01	2.835508e-01	2.836129e-01
1.369482323391073e-02	2.835904e-01	2.836571e-01	2.835751e-01
1.370482323391073e-02	2.836265e-01	2.835508e-01	2.836128e-01
1.371482323391073e-02	2.835904e-01	2.836570e-01	2.835752e-01
1.372482323391073e-02	2.836264e-01	2.835509e-01	2.836127e-01
1.373482323391073e-02	2.835904e-01	2.836569e-01	2.835752e-01
1.374482323391073e-02	2.836264e-01	2.835509e-01	2.836126e-01
1.375482323391073e-02	2.835904e-01	2.836568e-01	2.835752e-01
1.376482323391073e-02	2.836264e-01	2.835510e-01	2.836125e-01
1.377482323391073e-02	2.835904e-01	2.836568e-01	2.835753e-01
1.378482323391073e-02	2.836263e-01	2.835510e-01	2.836124e-01
1.379482323391073e-02	2.835904e-01	2.836566e-01	2.835753e-01
1.380482323391073e-02	2.836263e-01	2.835511e-01	2.836123e-01
1.381482323391073e-02	2.835904e-01	2.836565e-01	2.835753e-01
1.382482323391073e-02	2.836262e-01	2.835511e-01	2.836122e-01
1.383482323391073e-02	2.835904e-01	2.836565e-01	2.835754e-01
1.384482323391073e-02	2.836262e-01	2.835512e-01	2.836121e-01
1.385482323391073e-02	2.835904e-01	2.836564e-01	2.835754e-01
1.386482323391073e-02	2.836261e-01	2.835512e-01	2.836120e-01
1.387482323391073e-02	2.835905e-01	2.836563e-01	2.835754e-01
1.388482323391073e-02	2.836261e-01	2.835513e-01	2.836120e-01
1.389482323391073e-02	2.835905e-01	2.836562e-01	2.835755e-01
1.390482323391073e-02	2.836260e-01	2.835513e-01	2.836119e-01
1.391482323391073e-02	2.835905e-01	2.836561e-01	2.835755e-01
1.392482323391073e-02	2.836260e-01	2.835514e-01	2.836118e-01
1.393482323391073e-02	2.835905e-01	2.836560e-01	2.835755e-01
1.394482323391073e-02	2.836260e-01	2.835515e-01	2.836117e-01
1.395482323391073e-02	2.835905e-01	2.836559e-01	2.835756e-01
1.396482323391073e-02	2.836259e-01	2.835515e-01	2.836116e-01
1.397482323391073e-02	2.835905e-01	2.836558e-01	2.835756e-01
1.398482323391073e-02	2.836259e-01	2.835516e-01	2.836115e-01
1.399482323391073e-02	2.835905e-01	2.836557e-01	2.835757e-01
1.400482323391073e-02	2.836258e-01	2.835516e-01	2.836114e-01
1.401482323391073e-02	2.835905e-01	2.836556e-01	2.835757e-01
1.402482323391073e-02	2.836258e-01	2.835517e-01	2.836114e-01
1.403482323391073e-02	2.835905e-01	2.836556e-01	2.835757e-01
1.404482323391073e-02	2.836258e-01	2.835517e-01	2.836113e-01
1.405482323391073e-02	2.835905e-01	2.836555e-01	2.835758e-01
1.406482323391073e-02	2.836257e-01	2.835518e-01	2.836112e-01
1.407482323391073e-02	2.835905e-01	2.836554e-01	2.835758e-01
1.408482323391073e-02	2.836257e-01	2.835518e-01	2.836111e-01
1.409482323391073e-02	2.835906e-01	2.836553e-01	2.835759e-01
1.410482323391073e-02	2.836257e-01	2.835519e-01	2.836110e-01
1.411482323391073e-02	2.835906e-01	2.836552e-01	2.835759e-01
1.412482323391073e-02	2.836256e-01	2.835520e-01	2.836110e-01
1.413482323391073e-02	2.835906e-01	2.836551e-01	2.835759e-01
1.414482323391073e-02	2.836256e-01	2.835520e-01	2.836109e-01
1.415482323391073e-02	2.835906e-01	2.836550e-01	2.835760e-01
1.416482323391073e-02	2.836255e-01	2.835521e-01	2.836108e-01
1.417482323391073e-02	2.835906e-01	2.836550e-01	2.835760e-01
1.418482323391073e-02	2.836255e-01	2.835521e-01	2.836107e-01
1.419482323391073e-02	2.835906e-01	2.836549e-01	2.835761e-01
1.420482323391073e-02	2.836255e-01	2.835522e-01	2.836107e-01
1.421482323391073e-02	2.835907e-01	2.836548e-01	2.835761e-01
1.422482323391073e-02	2.836254e-01	2.835523e-01	2.836106e-01
1.423482323391073e-02	2.835907e-01	2.836547e-01	2.835761e-01
1.424482323391073e-02	2.836254e-01	2.835523e-01	2.836105e-01
1.425482323391073e-02	2.835907e-01	2.836546e-01	2.835762e-01
1.426482323391073e-02	2.836254e-01	2.835524e-01	2.836105e-01
1.427482323391073e-02	2.835907e-01	2.836545e-01	2.835762e-01
1.428482323391073e-02	2.836253e-01	2.835524e-01	2.836104e-01
1.429482323391073e-02	2.835907e-01	2.836545e-01	2.835763e-01
1.430482323391073e-02	2.836253e-01	2.835525e-01	2.836103e-01
1.431482323391073e-02	2.835907e-01	2.836544e-01	2.835763e-01
1.432482323391073e-02	2.836253e-01	2.835526e-01	2.836102e-01
1.433482323391073e-02	2.835907e-01	2.836543e-01	2.835764e-01
1.434482323391073e-02	2.836252e-01	2.835526e-01	2.836102e-01
1.435482323391073e-02	2.835907e-01	2.836542e-01	2.835764e-01
1.436482323391073e-02	2.836252e-01	2.835527e-01	2.836101e-01
1.437482323391073e-02	2.835908e-01	2.836541e-01	2.835764e-01
1.438482323391073e-02	2.836252e-01	2.835527e-01	2.836100e-01
1.439482323391073e-02	2.835908e-01	2.836540e-01	2.835765e-01
1.440482323391073e-02	2.836251e-01	2.835528e-01	2.836100e-01
1.441482323391073e-02	2.835908e-01	2.836540e-01	2.835765e-01
1.442482323391073e-02	2.836251e-01	2.835529e-01	2.836099e-01
1.443482323391073e-02	2.835908e-01	2.836539e-01	2.835766e-01
1.444482323391073e-02	2.836251e-01	2.835529e-01	2.836098e-01
1.445482323391073e-02	2.835908e-01	2.836538e-01	2.835766e-01
1.446482323391073e-02	2.836250e-01	2.835530e-01	2.836098e-01
1.447482323391073e-02	2.835908e-01	2.836537e-01	2.835767e-01
1.448482323391073e-02	2.836250e-01	2.835531e-01	2.836097e-01
1.449482323391073e-02	2.835909e-01	2.836536e-01	2.835767e-01
1.450482323391073e-02	2.836250e-01	2.835531e-01	2.836097e-01
1.451482323391073e-02	2.835909e-01	2.836536e-01	2.835767e-01
1.452482323391073e-02	2.836249e-01	2.835532e-01	2.836096e-01
1.453482323391073e-02	2.835909e-01	2.836535e-01	2.835768e-01
1.454482323391073e-02	2.836249e-01	2.835533e-01	2.836095e-01
1.455482323391073e-02	2.835909e-01	2.836534e-01	2.835768e-01
1.456482323391073e-02	2.836249e-01	2.835533e-01	2.836095e-01
1.457482323391073e-02	2.835909e-01	2.836533e-01	2.835769e-01
1.458482323391073e-02	2.836249e-01	2.835534e-01	2.836094e-01
1.459482323391073e-02	2.835910e-01	2.836533e-01	2.835769e-01
1.460482323391073e-02	2.836248e-01	2.835534e-01	2.836093e-01
1.461482323391073e-02	2.835910e-01	2.836532e-01	2.835769e-01
1.462482323391073e-02	2.836248e-01	2.835535e-01	2.836093e-01
1.463482323391073e-02	2.835910e-01	2.836531e-01	2.835770e-01
1.464482323391073e-02	2.836248e-01	2.835536e-01	2.836092e-01
1.465482323391073e-02	2.835910e-01	2.836530e-01	2.835770e-01
1.466482323391073e-02	2.836247e-01	2.835536e-01	2.836092e-01
1.467482323391073e-02	2.835910e-01	2.836530e-01	2.835771e-01
1.468482323391073e-02	2.836247e-01	2.835537e-01	2.836091e-01
1.469482323391073e-02	2.835910e-01	2.836529e-01	2.835771e-01
1.470482323391073e-02	2.836247e-01	2.835538e-01	2.836091e-01
1.471482323391073e-02	2.835911e-01	2.836528e-01	2.835771e-01
1.472482323391073e-02	2.836246e-01	2.835538e-01	2.836090e-01
1.473482323391073e-02	2.835911e-01	2.836527e-01	2.835772e-01
1.474482323391073e-02	2.836246e-01	2.835539e-01	2.836090e-01
1.475482323391073e-02	2.835911e-01	2.836527e-01	2.835772e-01
1.476482323391073e-02	2.836246e-01	2.835540e-01	2.836089e-01
1.477482323391073e-02	2.835911e-01	2.836526e-01	2.835773e-01
1.478482323391073e-02	2.836246e-01	2.835540e-01	2.836088e-01
1.479482323391073e-02	2.835911e-01	2.836525e-01	2.835773e-01
1.480482323391073e-02	2.836245e-01	2.835541e-01	2.836088e-01
1.481482323391073e-02	2.835912e-01	2.836524e-01	2.835774e-01
1.482482323391073e-02	2.836245e-01	2.835542e-01	2.836087e-01
1.483482323391073e-02	2.835912e-01	2.836524e-01	2.835774e-01
1.484482323391073e-02	2.836245e-01	2.835542e-01	2.836087e-01
1.485482323391073e-02	2.835912e-01	2.836523e-01	2.835774e-01
1.486482323391073e-02	2.836245e-01	2.835543e-01	2.836086e-01
1.487482323391073e-02	2.835912e-01	2.836522e-01	2.835775e-01
1.488482323391073e-02	2.836244e-01	2.835544e-01	2.836086e-01
1.489482323391073e-02	2.835912e-01	2.836521e-01	2.835775e-01
1.490482323391073e-02	2.836244e-01	2.835544e-01	2.836085e-01
1.491482323391073e-02	2.835912e-01	2.836521e-01	2.835776e-01
1.492482323391073e-02	2.836244e-01	2.835545e-01	2.836085e-01
1.493482323391073e-02	2.835913e-01	2.836520e-01	2.835776e-01
1.494482323391073e-02	2.836244e-01	2.835545e-01	2.836084e-01
1.495482323391073e-02	2.835913e-01	2.836519e-01	2.835776e-01
1.496482323391073e-02	2.836243e-01	2.835546e-01	2.836084e-01
1.497482323391073e-02	2.835913e-01	2.836518e-01	2.835777e-01
1.498482323391073e-02	2.836243e-01	2.835547e-01	2.836083e-01
1.499482323391073e-02	2.835913e-01	2.836518e-01	2.835777e-01
1.500482323391073e-02	2.836243e-01	2.835547e-01	2.836082e-01
1.501482323391073e-02	2.835913e-01	2.836517e-01	2.835778e-01
1.502482323391073e-02	2.836242e-01	2.835548e-01	2.836082e-01
1.503482323391073e-02	2.835914e-01	2.836516e-01	2.835778e-01
1.504482323391073e-02	2.836242e-01	2.835549e-01	2.836081e-01
1.505482323391073e-02	2.835914e-01	2.836516e-01	2.835778e-01
1.506482323391073e-02	2.836242e-01	2.835549e-01	2.836081e-01
1.507482323391073e-02	2.835914e-01	2.836515e-01	2.835779e-01
1.508482323391073e-02	2.836242e-01	2.835550e-01	2.836080e-01
1.509482323391073e-02	2.835914e-01	2.836514e-01	2.835779e-01
1.510482323391073e-02	2.836241e-01	2.835550e-01	2.836080e-01
1.511482323391073e-02	2.835914e-01	2.836513e-01	2.835780e-01
1.512482323391073e-02	2.836241e-01	2.835551e-01	2.836080e-01
1.513482323391073e-02	2.835915e-01	2.836513e-01	2.835780e-01
1.514482323391073e-02	2.836241e-01	2.835552e-01	2.836079e-01
1.515482323391073e-02	2.835915e-01	2.836512e-01	2.835780e-01
1.516482323391073e-02	2.836241e-01	2.835553e-01	2.836079e-01
1.517482323391073e-02	2.835915e-01	2.836511e-01	2.835781e-01
1.518482323391073e-02	2.836240e-01	2.835553e-01	2.836078e-01
1.519482323391073e-02	2.835915e-01	2.836511e-01	2.835781e-01
1.520482323391073e-02	2.836240e-01	2.835554e-01	2.836078e-01
1.521482323391073e-02	2.835915e-01	2.836510e-01	2.835782e-01
1.522482323391073e-02	2.836240e-01	2.835554e-01	2.836077e-01
1.523482323391073e-02	2.835916e-01	2.836509e-01	2.835782e-01
1.524482323391073e-02	2.836240e-01	2.835555e-01	2.836077e-01
1.525482323391073e-02	2.835916e-01	2.836509e-01	2.835782e-01
1.526482323391073e-02	2.836239e-01	2.835556e-01	2.836076e-01
1.527482323391073e-02	2.835916e-01	2.836508e-01	2.835783e-01
1.528482323391073e-02	2.836239e-01	2.835556e-01	2.836076e-01
1.529482323391073e-02	2.835916e-01	2.836507e-01	2.835783e-01
1.530482323391073e-02	2.836239e-01	2.835557e-01	2.836075e-01
1.531482323391073e-02	2.835917e-01	2.836506e-01	2.835784e-01
1.532482323391073e-02	2.836239e-01	2.835558e-01	2.836075e-01
1.533482323391073e-02	2.835917e-01	2.836506e-01	2.835784e-01
1.534482323391073e-02	2.836238e-01	2.835558e-01	2.836074e-01
1.535482323391073e-02	2.835917e-01	2.836505e-01	2.835784e-01
1.536482323391073e-02	2.836238e-01	2.835559e-01	2.836074e-01
1.537482323391073e-02	2.835917e-01	2.836504e-01	2.835785e-01
1.538482323391073e-02	2.836238e-01	2.835560e-01	2.836074e-01
1.539482323391073e-02	2.835917e-01	2.836504e-01	2.835785e-01
1.540482323391073e-02	2.836238e-01	2.835560e-01	2.836073e-01
1.541482323391073e-02	2.835918e-01	2.836503e-01	2.835785e-01
1.542482323391073e-02	2.836237e-01	2.835561e-01	2.836073e-01
1.543482323391073e-02	2.835918e-01	2.836502e-01	2.835786e-01
1.544482323391073e-02	2.836237e-01	2.835562e-01	2.836072e-01
1.545482323391073e-02	2.835918e-01	2.836502e-01	2.835786e-01
1.546482323391073e-02	2.836237e-01	2.835562e-01	2.836072e-01
1.547482323391073e-02	2.835918e-01	2.836501e-01	2.835787e-01
1.548482323391073e-02	2.836237e-01	2.835563e-01	2.836071e-01
1.549482323391073e-02	2.835918e-01	2.836500e-01	2.835787e-01
1.550482323391073e-02	2.836236e-01	2.835564e-01	2.836071e-01
1.551482323391073e-02	2.835919e-01	2.836500e-01	2.835787e-01
1.552482323391073e-02	2.836236e-01	2.835564e-01	2.836071e-01
1.553482323391073e-02	2.835919e-01	2.836499e-01	2.835788e-01
1.554482323391073e-02	2.836236e-01	2.835565e-01	2.836070e-01
1.555482323391073e-02	2.835919e-01	2.836498e-01	2.835788e-01
1.556482323391073e-02	2.836236e-01	2.835566e-01	2.836070e-01
1.557482323391073e-02	2.835919e-01	2.836498e-01	2.835789e-01
1.558482323391073e-02	2.836235e-01	2.835566e-01	2.836069e-01
1.559482323391073e-02	2.835919e-01	2.836497e-01	2.835789e-01
1.560482323391073e-02	2.836235e-01	2.835567e-01	2.836069e-01
1.561482323391073e-02	2.835920e-01	2.836496e-01	2.835789e-01
1.562482323391073e-02	2.836235e-01	2.835567e-01	2.836068e-01
1.563482323391073e-02	2.835920e-01	2.836496e-01	2.835790e-01
1.564482323391073e-02	2.836235e-01	2.835568e-01	2.836068e-01
1.565482323391073e-02	2.835920e-01	2.836495e-01	2.835790e-01
1.566482323391073e-02	2.836234e-01	2.835569e-01	2.836068e-01
1.567482323391073e-02	2.835920e-01	2.836494e-01	2.835790e-01
1.568482323391073e-02	2.836234e-01	2.835569e-01	2.836067e-01
1.569482323391073e-02	2.835920e-01	2.836493e-01	2.835791e-01
1.570482323391073e-02	2.836234e-01	2.835570e-01	2.836067e-01
1.571482323391073e-02	2.835921e-01	2.836493e-01	2.835791e-01
1.572482323391073e-02	2.836234e-01	2.835571e-01	2.836067e-01
1.573482323391073e-02	2.835921e-01	2.836492e-01	2.835791e-01
1.574482323391073e-02	2.836234e-01	2.835571e-01	2.836066e-01
1.575482323391073e-02	2.835921e-01	2.836491e-01	2.835792e-01
1.576482323391073e-02	2.836233e-01	2.835572e-01	2.836066e-01
1.577482323391073e-02	2.835921e-01	2.836491e-01	2.835792e-01
1.578482323391073e-02	2.836233e-01	2.835573e-01	2.836065e-01
1.579482323391073e-02	2.835922e-01	2.836490e-01	2.835792e-01
1.580482323391073e-02	2.836233e-01	2.835573e-01	2.836065e-01
1.581482323391073e-02	2.835922e-01	2.836489e-01	2.835793e-01
1.582482323391073e-02	2.836233e-01	2.835574e-01	2.836065e-01
1.583482323391073e-02	2.835922e-01	2.836489e-01	2.835793e-01
1.584482323391073e-02	2.836232e-01	2.835574e-01	2.836064e-01
1.585482323391073e-02	2.835922e-01	2.836488e-01	2.835794e-01
1.586482323391073e-02	2.836232e-01	2.835575e-01	2.836064e-01
1.587482323391073e-02	2.835922e-01	2.836488e-01	2.835794e-01
1.588482323391073e-02	2.836232e-01	2.835576e-01	2.836063e-01
1.589482323391073e-02	2.835923e-01	2.836487e-01	2.835794e-01
1.590482323391073e-02	2.836232e-01	2.835576e-01	2.836063e-01
1.591482323391073e-02	2.835923e-01	2.836486e-01	2.835794e-01
1.592482323391073e-02	2.836231e-01	2.835577e-01	2.836063e-01
1.593482323391073e-02	2.835923e-01	2.836486e-01	2.835795e-01
1.594482323391073e-02	2.836231e-01	2.835578e-01	2.836062e-01
1.595482323391073e-02	2.835923e-01	2.836485e-01	2.835795e-01
1.596482323391073e-02	2.836231e-01	2.835578e-01	2.836062e-01
1.597482323391073e-02	2.835923e-01	2.836484e-01	2.835796e-01
1.598482323391073e-02	2.836231e-01	2.835579e-01	2.836062e-01
1.599482323391073e-02	2.835924e-01	2.836484e-01	2.835796e-01
1.600482323391073e-02	2.836231e-01	2.835580e-01	2.836061e-01
1.601482323391073e-02	2.835924e-01	2.836483e-01	2.835796e-01
1.602482323391073e-02	2.836230e-01	2.835580e-01	2.836061e-01
1.603482323391073e-02	2.835924e-01	2.836482e-01	2.835797e-01
1.604482323391073e-02	2.836230e-01	2.835581e-01	2.836061e-01
1.605482323391073e-02	2.835924e-01	2.836482e-01	2.835797e-01
1.606482323391073e-02	2.836230e-01	2.835581e-01	2.836060e-01
1.607482323391073e-02	2.835925e-01	2.836481e-01	2.835797e-01
1.608482323391073e-02	2.836230e-01	2.835582e-01	2.836060e-01
1.609482323391073e-02	2.835925e-01	2.836480e-01	2.835798e-01
1.610482323391073e-02	2.836229e-01	2.835583e-01	2.836060e-01
1.611482323391073e-02	2.835925e-01	2.836480e-01	2.835798e-01
1.612482323391073e-02	2.836229e-01	2.835583e-01	2.836059e-01
1.613482323391073e-02	2.835925e-01	2.836479e-01	2.835798e-01
1.614482323391073e-02	2.836229e-01	2.835584e-01	2.836059e-01
1.615482323391073e-02	2.835925e-01	2.836478e-01	2.835799e-01
1.616482323391073e-02	2.836229e-01	2.835585e-01	2.836058e-01
1.617482323391073e-02	2.835926e-01	2.836478e-01	2.835799e-01
1.618482323391073e-02	2.836228e-01	2.835585e-01	2.836058e-01
1.619482323391073e-02	2.835926e-01	2.836477e-01	2.835799e-01
1.620482323391073e-02	2.836228e-01	2.835586e-01	2.836058e-01
1.621482323391073e-02	2.835926e-01	2.836476e-01	2.835800e-01
1.622482323391073e-02	2.836228e-01	2.835587e-01	2.836057e-01
1.623482323391073e-02	2.835926e-01	2.836476e-01	2.835800e-01
1.624482323391073e-02	2.836228e-01	2.835587e-01	2.836057e-01
1.625482323391073e-02	2.835926e-01	2.836475e-01	2.835800e-01
1.626482323391073e-02	2.836227e-01	2.835588e-01	2.836057e-01
1.627482323391073e-02	2.835927e-01	2.836475e-01	2.835801e-01
1.628482323391073e-02	2.836227e-01	2.835588e-01	2.836056e-01
1.629482323391073e-02	2.835927e-01	2.836474e-01	2.835801e-01
1.630482323391073e-02	2.836227e-01	2.835589e-01	2.836056e-01
1.631482323391073e-02	2.835927e-01	2.836473e-01	2.835801e-01
1.632482323391073e-02	2.836227e-01	2.835590e-01	2.836056e-01
1.633482323391073e-02	2.835927e-01	2.836473e-01	2.835801e-01
1.634482323391073e-02	2.836227e-01	2.835590e-01	2.836055e-01
1.635482323391073e-02	2.835927e-01	2.836472e-01	2.835802e-01
1.636482323391073e-02	2.836226e-01	2.835591e-01	2.836055e-01
1.637482323391073e-02	2.835928e-01	2.836471e-01	2.835802e-01
1.638482323391073e-02	2.836226e-01	2.835591e-01	2.836055e-01
1.639482323391073e-02	2.835928e-01	2.836471e-01	2.835802e-01
1.640482323391073e-02	2.836226e-01	2.835592e-01	2.836054e-01
1.641482323391073e-02	2.835928e-01	2.836470e-01	2.835803e-01
1.642482323391073e-02	2.836226e-01	2.835593e-01	2.836054e-01
1.643482323391073e-02	2.835928e-01	2.836470e-01	2.835803e-01
1.644482323391073e-02	2.836226e-01	2.835593e-01	2.836054e-01
1.645482323391073e-02	2.835929e-01	2.836469e-01	2.835803e-01
1.646482323391073e-02	2.836225e-01	2.835594e-01	2.836054e-01
1.647482323391073e-02	2.835929e-01	2.836468e-01	2.835804e-01
1.648482323391073e-02	2.836225e-01	2.835595e-01	2.836053e-01
1.649482323391073e-02	2.835929e-01	2.836468e-01	2.835804e-01
1.650482323391073e-02	2.836225e-01	2.835595e-01	2.836053e-01
1.651482323391073e-02	2.835929e-01	2.836467e-01	2.835804e-01
1.652482323391073e-02	2.836225e-01	2.835596e-01	2.836053e-01
1.653482323391073e-02	2.835929e-01	2.836466e-01	2.835804e-01
1.654482323391073e-02	2.836225e-01	2.835596e-01	2.836052e-01
1.655482323391073e-02	2.835929e-01	2.836466e-01	2.835805e-01
1.656482323391073e-02	2.836224e-01	2.835597e-01	2.836052e-01
1.657482323391073e-02	2.835930e-01	2.836465e-01	2.835805e-01
1.658482323391073e-02	2.836224e-01	2.835598e-01	2.836052e-01
1.659482323391073e-02	2.835930e-01	2.836465e-01	2.835805e-01
1.660482323391073e-02	2.836224e-01	2.835598e-01	2.836051e-01
1.661482323391073e-02	2.835930e-01	2.836464e-01	2.835806e-01
1.662482323391073e-02	2.836224e-01	2.835599e-01	2.836051e-01
1.663482323391073e-02	2.835930e-01	2.836463e-01	2.835806e-01
1.664482323391073e-02	2.836223e-01	2.835599e-01	2.836051e-01
1.665482323391073e-02	2.835930e-01	2.836463e-01	2.835806e-01
1.666482323391073e-02	2.836223e-01	2.835600e-01	2.836050e-01
1.667482323391073e-02	2.835931e-01	2.836462e-01	2.835806e-01
1.668482323391073e-02	2.836223e-01	2.835601e-01	2.836050e-01
1.669482323391073e-02	2.835931e-01	2.836462e-01	2.835807e-01
1.670482323391073e-02	2.836223e-01	2.835601e-01	2.836050e-01
1.671482323391073e-02	2.835931e-01	2.836461e-01	2.835807e-01
1.672482323391073e-02	2.836223e-01	2.835602e-01	2.836049e-01
1.673482323391073e-02	2.835931e-01	2.836460e-01	2.835807e-01
1.674482323391073e-02	2.836222e-01	2.835603e-01	2.836049e-01
1.675482323391073e-02	2.835932e-01	2.836460e-01	2.835808e-01
1.676482323391073e-02	2.836222e-01	2.835603e-01	2.836049e-01
1.677482323391073e-02	2.835932e-01	2.836459e-01	2.835808e-01
1.678482323391073e-02	2.836222e-01	2.835604e-01	2.836049e-01
1.679482323391073e-02	2.835932e-01	2.836458e-01	2.835808e-01
1.680482323391073e-02	2.836222e-01	2.835604e-01	2.836048e-01
1.681482323391073e-02	2.835932e-01	2.836458e-01	2.835809e-01
1.682482323391073e-02	2.836221e-01	2.835605e-01	2.836048e-01
1.683482323391073e-02	2.835932e-01	2.836457e-01	2.835809e-01
1.684482323391073e-02	2.836221e-01	2.835606e-01	2.836048e-01
1.685482323391073e-02	2.835933e-01	2.836457e-01	2.835809e-01
1.686482323391073e-02	2.836221e-01	2.835606e-01	2.836048e-01
1.687482323391073e-02	2.835933e-01	2.836456e-01	2.835809e-01
1.688482323391073e-02	2.836221e-01	2.835607e-01	2.836047e-01
1.689482323391073e-02	2.835933e-01	2.836455e-01	2.835810e-01
1.690482323391073e-02	2.836221e-01	2.835607e-01	2.836047e-01
1.691482323391073e-02	2.835933e-01	2.836455e-01	2.835810e-01
1.692482323391073e-02	2.836221e-01	2.835608e-01	2.836047e-01
1.693482323391073e-02	2.835933e-01	2.836454e-01	2.835810e-01
1.694482323391073e-02	2.836220e-01	2.835609e-01	2.836046e-01
1.695482323391073e-02	2.835934e-01	2.836454e-01	2.835810e-01
1.696482323391073e-02	2.836220e-01	2.835609e-01	2.836046e-01
1.697482323391073e-02	2.835934e-01	2.836453e-01	2.835811e-01
1.698482323391073e-02	2.836220e-01	2.835610e-01	2.836046e-01
1.699482323391073e-02	2.835934e-01	2.836452e-01	2.835811e-01
1.700482323391073e-02	2.836220e-01	2.835610e-01	2.836046e-01
1.701482323391073e-02	2.835934e-01	2.836452e-01	2.835811e-01
1.702482323391073e-02	2.836220e-01	2.835611e-01	2.836045e-01
1.703482323391073e-02	2.835934e-01	2.836451e-01	2.835811e-01
1.704482323391073e-02	2.836219e-01	2.835612e-01	2.836045e-01
1.705482323391073e-02	2.835935e-01	2.836450e-01	2.835812e-01
1.706482323391073e-02	2.836219e-01	2.835612e-01	2.836045e-01
1.707482323391073e-02	2.835935e-01	2.836450e-01	2.835812e-01
1.708482323391073e-02	2.836219e-01	2.835613e-01	2.836045e-01
1.709482323391073e-02	2.835935e-01	2.836449e-01	2.835812e-01
1.710482323391073e-02	2.836219e-01	2.835613e-01	2.836044e-01
1.711482323391073e-02	2.835935e-01	2.836449e-01	2.835812e-01
1.712482323391073e-02	2.836218e-01	2.835614e-01	2.836044e-01
1.713482323391073e-02	2.835935e-01	2.836448e-01	2.835813e-01
1.714482323391073e-02	2.836218e-01	2.835615e-01	2.836044e-01
1.715482323391073e-02	2.835936e-01	2.836448e-01	2.835813e-01
1.716482323391073e-02	2.836218e-01	2.835615e-01	2.836043e-01
1.717482323391073e-02	2.835936e-01	2.836447e-01	2.835813e-01
1.718482323391073e-02	2.836218e-01	2.835616e-01	2.836043e-01
1.719482323391073e-02	2.835936e-01	2.836446e-01	2.835814e-01
1.720482323391073e-02	2.836218e-01	2.835616e-01	2.836043e-01
1.721482323391073e-02	2.835936e-01	2.836446e-01	2.835814e-01
1.722482323391073e-02	2.836217e-01	2.835617e-01	2.836043e-01
1.723482323391073e-02	2.835936e-01	2.836445e-01	2.835814e-01
1.724482323391073e-02	2.836217e-01	2.835618e-01	2.836042e-01
1.725482323391073e-02	2.835937e-01	2.836445e-01	2.835814e-01
1.726482323391073e-02	2.836217e-01	2.835618e-01	2.836042e-01
1.727482323391073e-02	2.835937e-01	2.836444e-01	2.835815e-01
1.728482323391073e-02	2.836217e-01	2.835619e-01	2.836042e-01
1.729482323391073e-02	2.835937e-01	2.836443e-01	2.835815e-01
1.730482323391073e-02	2.836217e-01	2.835619e-01	2.836042e-01
1.731482323391073e-02	2.835937e-01	2.836443e-01	2.835815e-01
1.732482323391073e-02	2.836216e-01	2.835620e-01	2.836041e-01
1.733482323391073e-02	2.835937e-01	2.836442e-01	2.835815e-01
1.734482323391073e-02	2.836216e-01	2.835621e-01	2.836041e-01
1.735482323391073e-02	2.835938e-01	2.836442e-01	2.835816e-01
1.736482323391073e-02	2.836216e-01	2.835621e-01	2.836041e-01
1.737482323391073e-02	2.835938e-01	2.836441e-01	2.835816e-01
1.738482323391073e-02	2.836216e-01	2.835622e-01	2.836041e-01
1.739482323391073e-02	2.835938e-01	2.836440e-01	2.835816e-01
1.740482323391073e-02	2.836216e-01	2.835622e-01	2.836040e-01
1.741482323391073e-02	2.835938e-01	2.836440e-01	2.835816e-01
1.742482323391073e-02	2.836215e-01	2.835623e-01	2.836040e-01
1.743482323391073e-02	2.835938e-01	2.836439e-01	2.835817e-01
1.744482323391073e-02	2.836215e-01	2.835624e-01	2.836040e-01
1.745482323391073e-02	2.835939e-01	2.836439e-01	2.835817e-01
1.746482323391073e-02	2.836215e-01	2.835624e-01	2.836040e-01
1.747482323391073e-02	2.835939e-01	2.836438e-01	2.835817e-01
1.748482323391073e-02	2.836215e-01	2.835625e-01	2.836040e-01
1.749482323391073e-02	2.835939e-01	2.836438e-01	2.835817e-01
1.750482323391073e-02	2.836215e-01	2.835625e-01	2.836039e-01
1.751482323391073e-02	2.835939e-01	2.836437e-01	2.835817e-01
1.752482323391073e-02	2.836214e-01	2.835626e-01	2.836039e-01
1.753482323391073e-02	2.835939e-01	2.836436e-01	2.835818e-01
1.754482323391073e-02	2.836214e-01	2.835626e-01	2.836039e-01
1.755482323391073e-02	2.835940e-01	2.836436e-01	2.835818e-01
1.756482323391073e-02	2.836214e-01	2.835627e-01	2.836039e-01
1.757482323391073e-02	2.835940e-01	2.836435e-01	2.835818e-01
1.758482323391073e-02	2.836214e-01	2.835628e-01	2.836038e-01
1.759482323391073e-02	2.835940e-01	2.836435e-01	2.835818e-01
1.760482323391073e-02	2.836214e-01	2.835628e-01	2.836038e-01
1.761482323391073e-02	2.835940e-01	2.836434e-01	2.835819e-01
1.762482323391073e-02	2.836213e-01	2.835629e-01	2.836038e-01
1.763482323391073e-02	2.835940e-01	2.836433e-01	2.835819e-01
1.764482323391073e-02	2.836213e-01	2.835629e-01	2.836038e-01
1.765482323391073e-02	2.835941e-01	2.836433e-01	2.835819e-01
1.766482323391073e-02	2.836213e-01	2.835630e-01	2.836037e-01
1.767482323391073e-02	2.835941e-01	2.836432e-01	2.835819e-01
1.768482323391073e-02	2.836213e-01	2.835631e-01	2.836037e-01
1.769482323391073e-02	2.835941e-01	2.836432e-01	2.835820e-01
1.770482323391073e-02	2.836213e-01	2.835631e-01	2.836037e-01
1.771482323391073e-02	2.835941e-01	2.836431e-01	2.835820e-01
1.772482323391073e-02	2.836212e-01	2.835632e-01	2.836037e-01
1.773482323391073e-02	2.835941e-01	2.836431e-01	2.835820e-01
1.774482323391073e-02	2.836212e-01	2.835632e-01	2.836036e-01
1.775482323391073e-02	2.835942e-01	2.836430e-01	2.835820e-01
1.776482323391073e-02	2.836212e-01	2.835633e-01	2.836036e-01
1.777482323391073e-02	2.835942e-01	2.836429e-01	2.835821e-01
1.778482323391073e-02	2.836212e-01	2.835633e-01	2.836036e-01
1.779482323391073e-02	2.835942e-01	2.836429e-01	2.835821e-01
1.780482323391073e-02	2.836212e-01	2.835634e-01	2.836036e-01
1.781482323391073e-02	2.835942e-01	2.836428e-01	2.835821e-01
1.782482323391073e-02	2.836211e-01	2.835635e-01	2.836036e-01
1.783482323391073e-02	2.835942e-01	2.836428e-01	2.835821e-01
1.784482323391073e-02	2.836211e-01	2.835635e-01	2.836035e-01
1.785482323391073e-02	2.835943e-01	2.836427e-01	2.835821e-01
1.786482323391073e-02	2.836211e-01	2.835636e-01	2.836035e-01
1.787482323391073e-02	2.835943e-01	2.836427e-01	2.835822e-01
1.788482323391073e-02	2.836211e-01	2.835636e-01	2.836035e-01
1.789482323391073e-02	2.835943e-01	2.836426e-01	2.835822e-01
1.790482323391073e-02	2.836211e-01	2.835637e-01	2.836035e-01
1.791482323391073e-02	2.835943e-01	2.836425e-01	2.835822e-01
1.792482323391073e-02	2.836210e-01	2.835637e-01	2.836035e-01
1.793482323391073e-02	2.835943e-01	2.836425e-01	2.835822e-01
1.794482323391073e-02	2.836210e-01	2.835638e-01	2.836034e-01
1.795482323391073e-02	2.835944e-01	2.836424e-01	2.835822e-01
1.796482323391073e-02	2.836210e-01	2.835638e-01	2.836034e-01
1.797482323391073e-02	2.835944e-01	2.836424e-01	2.835823e-01
1.798482323391073e-02	2.836210e-01	2.835639e-01	2.836034e-01
1.799482323391073e-02	2.835944e-01	2.836423e-01	2.835823e-01
1.800482323391073e-02	2.836210e-01	2.835640e-01	2.836034e-01
1.801482323391073e-02	2.835944e-01	2.836423e-01	2.835823e-01
1.802482323391073e-02	2.836210e-01	2.835640e-01	2.836033e-01
1.803482323391073e-02	2.835944e-01	2.836422e-01	2.835823e-01
1.804482323391073e-02	2.836209e-01	2.835641e-01	2.836033e-01
1.805482323391073e-02	2.835944e-01	2.836421e-01	2.835824e-01
1.806482323391073e-02	2.836209e-01	2.835641e-01	2.836033e-01
1.807482323391073e-02	2.835945e-01	2.836421e-01	2.835824e-01
1.808482323391073e-02	2.836209e-01	2.835642e-01	2.836033e-01
1.809482323391073e-02	2.835945e-01	2.836420e-01	2.835824e-01
1.810482323391073e-02	2.836209e-01	2.835642e-01	2.836033e-01
1.811482323391073e-02	2.835945e-01	2.836420e-01	2.835824e-01
1.812482323391073e-02	2.836208e-01	2.835643e-01	2.836032e-01
1.813482323391073e-02	2.835945e-01	2.836419e-01	2.835824e-01
1.814482323391073e-02	2.836208e-01	2.835644e-01	2.836032e-01
1.815482323391073e-02	2.835945e-01	2.836419e-01	2.835824e-01
1.816482323391073e-02	2.836208e-01	2.835644e-01	2.836032e-01
1.817482323391073e-02	2.835946e-01	2.836418e-01	2.835825e-01
1.818482323391073e-02	2.836208e-01	2.835645e-01	2.836032e-01
1.819482323391073e-02	2.835946e-01	2.836418e-01	2.835825e-01
1.820482323391073e-02	2.836208e-01	2.835645e-01	2.836032e-01
1.821482323391073e-02	2.835946e-01	2.836417e-01	2.835825e-01
1.822482323391073e-02	2.836208e-01	2.835646e-01	2.836031e-01
1.823482323391073e-02	2.835946e-01	2.836417e-01	2.835825e-01
1.824482323391073e-02	2.836207e-01	2.835646e-01	2.836031e-01
1.825482323391073e-02	2.835946e-01	2.836416e-01	2.835826e-01
1.826482323391073e-02	2.836207e-01	2.835647e-01	2.836031e-01
1.827482323391073e-02	2.835947e-01	2.836415e-01	2.835826e-01
1.828482323391073e-02	2.836207e-01	2.835647e-01	2.836031e-01
1.829482323391073e-02	2.835947e-01	2.836415e-01	2.835826e-01
1.830482323391073e-02	2.836207e-01	2.835648e-01	2.836030e-01
1.831482323391073e-02	2.835947e-01	2.836414e-01	2.835826e-01
1.832482323391073e-02	2.836207e-01	2.835649e-01	2.836030e-01
1.833482323391073e-02	2.835947e-01	2.836414e-01	2.835826e-01
1.834482323391073e-02	2.836206e-01	2.835649e-01	2.836030e-01
1.835482323391073e-02	2.835947e-01	2.836413e-01	2.835827e-01
1.836482323391073e-02	2.836206e-01	2.835650e-01	2.836030e-01
1.837482323391073e-02	2.835947e-01	2.836413e-01	2.835827e-01
1.838482323391073e-02	2.836206e-01	2.835650e-01	2.836030e-01
1.839482323391073e-02	2.835948e-01	2.836412e-01	2.835827e-01
1.840482323391073e-02	2.836206e-01	2.835651e-01	2.836029e-01
1.841482323391073e-02	2.835948e-01	2.836411e-01	2.835827e-01
1.842482323391073e-02	2.836206e-01	2.835651e-01	2.836029e-01
1.843482323391073e-02	2.835948e-01	2.836411e-01	2.835827e-01
1.844482323391073e-02	2.836206e-01	2.835652e-01	2.836029e-01
1.845482323391073e-02	2.835948e-01	2.836410e-01	2.835827e-01
1.846482323391073e-02	2.836205e-01	2.835652e-01	2.836029e-01
1.847482323391073e-02	2.835948e-01	2.836410e-01	2.835828e-01
1.848482323391073e-02	2.836205e-01	2.835653e-01	2.836029e-01
1.849482323391073e-02	2.835949e-01	2.836409e-01	2.835828e-01
1.850482323391073e-02	2.836205e-01	2.835654e-01	2.836029e-01
1.851482323391073e-02	2.835949e-01	2.836409e-01	2.835828e-01
1.852482323391073e-02	2.836205e-01	2.835654e-01	2.836028e-01
1.853482323391073e-02	2.835949e-01	2.836408e-01	2.835828e-01
1.854482323391073e-02	2.836205e-01	2.835655e-01	2.836028e-01
1.855482323391073e-02	2.835949e-01	2.836408e-01	2.835828e-01
1.856482323391073e-02	2.836204e-01	2.835655e-01	2.836028e-01
1.857482323391073e-02	2.835949e-01	2.836407e-01	2.835829e-01
1.858482323391073e-02	2.836204e-01	2.835656e-01	2.836028e-01
1.859482323391073e-02	2.835950e-01	2.836407e-01	2.835829e-01
1.860482323391073e-02	2.836204e-01	2.835656e-01	2.836028e-01
1.861482323391073e-02	2.835950e-01	2.836406e-01	2.835829e-01
1.862482323391073e-02	2.836204e-01	2.835657e-01	2.836027e-01
1.863482323391073e-02	2.835950e-01	2.836405e-01	2.835829e-01
1.864482323391073e-02	2.836204e-01	2.835657e-01	2.836027e-01
1.865482323391073e-02	2.835950e-01	2.836405e-01	2.835829e-01
1.866482323391073e-02	2.836204e-01	2.835658e-01	2.836027e-01
1.867482323391073e-02	2.835950e-01	2.836404e-01	2.835829e-01
1.868482323391073e-02	2.836203e-01	2.835658e-01	2.836027e-01
1.869482323391073e-02	2.835950e-01	2.836404e-01	2.835830e-01
1.870482323391073e-02	2.836203e-01	2.835659e-01	2.836027e-01
1.871482323391073e-02	2.835951e-01	2.836403e-01	2.835830e-01
1.872482323391073e-02	2.836203e-01	2.835659e-01	2.836027e-01
1.873482323391073e-02	2.835951e-01	2.836403e-01	2.835830e-01
1.874482323391073e-02	2.836203e-01	2.835660e-01	2.836026e-01
1.875482323391073e-02	2.835951e-01	2.836402e-01	2.835830e-01
1.876482323391073e-02	2.836203e-01	2.835661e-01	2.836026e-01
1.877482323391073e-02	2.835951e-01	2.836402e-01	2.835830e-01
1.878482323391073e-02	2.836202e-01	2.835661e-01	2.836026e-01
1.879482323391073e-02	2.835951e-01	2.836401e-01	2.835831e-01
1.880482323391073e-02	2.836202e-01	2.835662e-01	2.836026e-01
1.881482323391073e-02	2.835952e-01	2.836401e-01	2.835831e-01
1.882482323391073e-02	2.836202e-01	2.835662e-01	2.836026e-01
1.883482323391073e-02	2.835952e-01	2.836400e-01	2.835831e-01
1.884482323391073e-02	2.836202e-01	2.835663e-01	2.836025e-01
1.885482323391073e-02	2.835952e-01	2.836400e-01	2.835831e-01
1.886482323391073e-02	2.836202e-01	2.835663e-01	2.836025e-01
1.887482323391073e-02	2.835952e-01	2.836399e-01	2.835831e-01
1.888482323391073e-02	2.836201e-01	2.835664e-01	2.836025e-01
1.889482323391073e-02	2.835952e-01	2.836399e-01	2.835831e-01
1.890482323391073e-02	2.836201e-01	2.835664e-01	2.836025e-01
1.891482323391073e-02	2.835952e-01	2.836398e-01	2.835832e-01
1.892482323391073e-02	2.836201e-01	2.835665e-01	2.836025e-01
1.893482323391073e-02	2.835953e-01	2.836397e-01	2.835832e-01
1.894482323391073e-02	2.836201e-01	2.835665e-01	2.836025e-01
1.895482323391073e-02	2.835953e-01	2.836397e-01	2.835832e-01
1.896482323391073e-02	2.836201e-01	2.835666e-01	2.836025e-01
1.897482323391073e-02	2.835953e-01	2.836396e-01	2.835832e-01
1.898482323391073e-02	2.836201e-01	2.835667e-01	2.836024e-01
1.899482323391073e-02	2.835953e-01	2.836396e-01	2.835832e-01
1.900482323391073e-02	2.836200e-01	2.835667e-01	2.836024e-01
1.901482323391073e-02	2.835953e-01	2.836395e-01	2.835832e-01
1.902482323391073e-02	2.836200e-01	2.835667e-01	2.836024e-01
1.903482323391073e-02	2.835954e-01	2.836395e-01	2.835833e-01
1.904482323391073e-02	2.836200e-01	2.835668e-01	2.836024e-01
1.905482323391073e-02	2.835954e-01	2.836394e-01	2.835833e-01
1.906482323391073e-02	2.836200e-01	2.835669e-01	2.836024e-01
1.907482323391073e-02	2.835954e-01	2.836394e-01	2.835833e-01
1.908482323391073e-02	2.836200e-01	2.835669e-01	2.836024e-01
1.909482323391073e-02	2.835954e-01	2.836393e-01	2.835833e-01
1.910482323391073e-02	2.836200e-01	2.835670e-01	2.836023e-01
1.911482323391073e-02	2.835954e-01	2.836393e-01	2.835833e-01
1.912482323391073e-02	2.836199e-01	2.835670e-01	2.836023e-01
1.913482323391073e-02	2.835954e-01	2.836392e-01	2.835833e-01
1.914482323391073e-02	2.836199e-01	2.835671e-01	2.836023e-01
1.915482323391073e-02	2.835955e-01	2.836392e-01	2.835834e-01
1.916482323391073e-02	2.836199e-01	2.835671e-01	2.836023e-01
1.917482323391073e-02	2.835955e-01	2.836391e-01	2.835834e-01
1.918482323391073e-02	2.836199e-01	2.835672e-01	2.836023e-01
1.919482323391073e-02	2.835955e-01	2.836391e-01	2.835834e-01
1.920482323391073e-02	2.836199e-01	2.835672e-01	2.836023e-01
1.921482323391073e-02	2.835955e-01	2.836390e-01	2.835834e-01
1.922482323391073e-02	2.836198e-01	2.835673e-01	2.836022e-01
1.923482323391073e-02	2.835955e-01	2.836390e-01	2.835834e-01
1.924482323391073e-02	2.836198e-01	2.835673e-01	2.836022e-01
1.925482323391073e-02	2.835956e-01	2.836389e-01	2.835834e-01
1.926482323391073e-02	2.836198e-01	2.835674e-01	2.836022e-01
1.927482323391073e-02	2.835956e-01	2.836388e-01	2.835835e-01
1.928482323391073e-02	2.836198e-01	2.835674e-01	2.836022e-01
1.929482323391073e-02	2.835956e-01	2.836388e-01	2.835835e-01
1.930482323391073e-02	2.836198e-01	2.835675e-01	2.836022e-01
1.931482323391073e-02	2.835956e-01	2.836388e-01	2.835835e-01
1.932482323391073e-02	2.836198e-01	2.835675e-01	2.836022e-01
1.933482323391073e-02	2.835956e-01	2.836387e-01	2.835835e-01
1.934482323391073e-02	2.836197e-01	2.835676e-01	2.836021e-01
1.935482323391073e-02	2.835956e-01	2.836387e-01	2.835835e-01
1.936482323391073e-02	2.836197e-01	2.835676e-01	2.836021e-01
1.937482323391073e-02	2.835957e-01	2.836386e-01	2.835835e-01
1.938482323391073e-02	2.836197e-01	2.835677e-01	2.836021e-01
1.939482323391073e-02	2.835957e-01	2.836386e-01	2.835835e-01
1.940482323391073e-02	2.836197e-01	2.835677e-01	2.836021e-01
1.941482323391073e-02	2.835957e-01	2.836385e-01	2.835836e-01
1.942482323391073e-02	2.836197e-01	2.835678e-01	2.836021e-01
1.943482323391073e-02	2.835957e-01	2.836385e-01	2.835836e-01
1.944482323391073e-02	2.836196e-01	2.835678e-01	2.836021e-01
1.945482323391073e-02	2.835957e-01	2.836384e-01	2.835836e-01
1.946482323391073e-02	2.836196e-01	2.835679e-01	2.836020e-01
1.947482323391073e-02	2.835958e-01	2.836383e-01	2.835836e-01
1.948482323391073e-02	2.836196e-01	2.835680e-01	2.836020e-01
1.949482323391073e-02	2.835958e-01	2.836383e-01	2.835836e-01
1.950482323391073e-02	2.836196e-01	2.835680e-01	2.836020e-01
1.951482323391073e-02	2.835958e-01	2.836382e-01	2.835836e-01
1.952482323391073e-02	2.836196e-01	2.835681e-01	2.836020e-01
1.953482323391073e-02	2.835958e-01	2.836382e-01	2.835837e-01
1.954482323391073e-02	2.836196e-01	2.835681e-01	2.836020e-01
1.955482323391073e-02	2.835958e-01	2.836381e-01	2.835837e-01
1.956482323391073e-02	2.836195e-01	2.835682e-01	2.836020e-01
1.957482323391073e-02	2.835958e-01	2.836381e-01	2.835837e-01
1.958482323391073e-02	2.836195e-01	2.835682e-01	2.836020e-01
1.959482323391073e-02	2.835958e-01	2.836380e-01	2.835837e-01
1.960482323391073e-02	2.836195e-01	2.835683e-01	2.836019e-01
1.961482323391073e-02	2.835959e-01	2.836380e-01	2.835837e-01
1.962482323391073e-02	2.836195e-01	2.835683e-01	2.836019e-01
1.963482323391073e-02	2.835959e-01	2.836379e-01	2.835837e-01
1.964482323391073e-02	2.836195e-01	2.835684e-01	2.836019e-01
1.965482323391073e-02	2.835959e-01	2.836379e-01	2.835837e-01
1.966482323391073e-02	2.836195e-01	2.835684e-01	2.836019e-01
1.967482323391073e-02	2.835959e-01	2.836378e-01	2.835838e-01
1.968482323391073e-02	2.836194e-01	2.835685e-01	2.836019e-01
1.969482323391073e-02	2.835959e-01	2.836378e-01	2.835838e-01
1.970482323391073e-02	2.836194e-01	2.835685e-01	2.836019e-01
1.971482323391073e-02	2.835960e-01	2.836377e-01	2.835838e-01
1.972482323391073e-02	2.836194e-01	2.835686e-01	2.836019e-01
1.973482323391073e-02	2.835960e-01	2.836377e-01	2.835838e-01
1.974482323391073e-02	2.836194e-01	2.835686e-01	2.836018e-01
1.975482323391073e-02	2.835960e-01	2.836376e-01	2.835838e-01
1.976482323391073e-02	2.836194e-01	2.835687e-01	2.836018e-01
1.977482323391073e-02	2.835960e-01	2.836376e-01	2.835838e-01
1.978482323391073e-02	2.836194e-01	2.835687e-01	2.836018e-01
1.979482323391073e-02	2.835960e-01	2.836375e-01	2.835838e-01
1.980482323391073e-02	2.836193e-01	2.835688e-01	2.836018e-01
1.981482323391073e-02	2.835960e-01	2.836375e-01	2.835839e-01
1.982482323391073e-02	2.836193e-01	2.835688e-01	2.836018e-01
1.983482323391073e-02	2.835960e-01	2.836374e-01	2.835839e-01
1.984482323391073e-02	2.836193e-01	2.835689e-01	2.836018e-01
1.985482323391073e-02	2.835961e-01	2.836374e-01	2.835839e-01
1.986482323391073e-02	2.836193e-01	2.835689e-01	2.836018e-01
1.987482323391073e-02	2.835961e-01	2.836373e-01	2.835839e-01
1.988482323391073e-02	2.836193e-01	2.835690e-01	2.836017e-01
1.989482323391073e-02	2.835961e-01	2.836373e-01	2.835839e-01
1.990482323391073e-02	2.836193e-01	2.835690e-01	2.836017e-01
1.991482323391073e-02	2.835961e-01	2.836372e-01	2.835839e-01
1.992482323391073e-02	2.836192e-01	2.835691e-01	2.836017e-01
1.993482323391073e-02	2.835961e-01	2.836372e-01	2.835839e-01
1.994482323391073e-02	2.836192e-01	2.835691e-01	2.836017e-01
1.995482323391073e-02	2.835962e-01	2.836371e-01	2.835840e-01
1.996482323391073e-02	2.836192e-01	2.835692e-01	2.836017e-01
1.997482323391073e-02	2.835962e-01	2.836371e-01	2.835840e-01
1.998482323391073e-02	2.836192e-01	2.835692e-01	2.836017e-01
1.999482323391073e-02	2.835962e-01	2.836370e-01	2.835840e-01
2.000000000000000e-02	2.836192e-01	2.835693e-01	2.836017e-01
2.000010000000000e-02	2.835820e-01	2.836195e-01	2.835747e-01
2.000020000000000e-02	2.835563e-01	2.835127e-01	2.836453e-01
2.000020776211837e-02	2.835434e-01	2.835312e-01	2.836498e-01
2.000022328635512e-02	2.835298e-01	2.835303e-01	2.836719e-01
2.000025433482861e-02	2.835085e-01	2.835000e-01	2.837282e-01
2.000031156507536e-02	2.834531e-01	2.834522e-01	2.838409e-01
2.000041333368548e-02	2.833293e-01	2.833216e-01	2.840318e-01
2.000060324641045e-02	2.829829e-01	2.829817e-01	2.842984e-01
2.000091036867369e-02	2.821371e-01	2.821296e-01	2.845032e-01
2.000149570698709e-02	2.801889e-01	2.801873e-01	2.826049e-01
2.000219552367261e-02	2.783672e-01	2.783590e-01	2.762322e-01
2.000314643274344e-02	2.772849e-01	2.772832e-01	2.681705e-01
2.000409852950721e-02	2.770571e-01	2.773030e-01	2.637536e-01
2.000521435008001e-02	2.772209e-01	2.785199e-01	2.599395e-01
2.000677687346336e-02	2.780086e-01	2.803603e-01	2.559197e-01
2.000842144619399e-02	2.790422e-01	2.821836e-01	2.528482e-01
2.001019524611905e-02	2.806574e-01	2.845760e-01	2.511944e-01
2.001207819637473e-02	2.859643e-01	2.905474e-01	2.532297e-01
2.001584409688608e-02	3.570344e-01	3.621660e-01	3.023921e-01
2.002337589790877e-02	7.557494e-01	7.621614e-01	5.629106e-01
2.003337589790877e-02	1.462603e+00	1.475461e+00	9.959474e-01
2.004337589790877e-02	2.102103e+00	2.125570e+00	1.456356e+00
2.004462589790877e-02	2.174608e+00	2.199533e+00	1.512936e+00
2.004712589790877e-02	2.316014e+00	2.343710e+00	1.625467e+00
2.005212589790877e-02	2.576553e+00	2.608296e+00	1.846279e+00
2.005426093864494e-02	2.656180e+00	2.656926e+00	1.976294e+00
2.005549434851650e-02	2.698163e+00	2.698086e+00	2.043575e+00
2.005619479196142e-02	2.732819e+00	2.732924e+00	2.071802e+00
2.005687856475187e-02	2.766826e+00	2.766752e+00	2.099716e+00
2.005754866669208e-02	2.799501e+00	2.799572e+00	2.127195e+00
2.005858771724752e-02	2.848338e+00	2.848256e+00	2.169864e+00
2.005993100813360e-02	2.905869e+00	2.905923e+00	2.224474e+00
2.006147994286853e-02	2.961811e+00	2.961739e+00	2.286256e+00
2.006362253536963e-02	3.019701e+00	3.019759e+00	2.369337e+00
2.006722093352949e-02	3.061868e+00	3.061801e+00	2.501997e+00
2.007107233750001e-02	3.058584e+00	3.058639e+00	2.634443e+00
2.007487621844363e-02	3.054294e+00	3.054224e+00	2.696258e+00
2.007879632714308e-02	3.054228e+00	3.054283e+00	2.813659e+00
2.008429123794810e-02	3.057410e+00	3.057339e+00	2.936520e+00
2.008988687562881e-02	3.061900e+00	3.061952e+00	3.019493e+00
2.009347624924177e-02	3.066646e+00	3.066575e+00	3.056584e+00
2.009544428990920e-02	3.072414e+00	3.072466e+00	3.071424e+00
2.009727013551520e-02	3.082256e+00	3.082186e+00	3.081854e+00
2.009792291716966e-02	3.084904e+00	3.084954e+00	3.085012e+00
2.009853924469958e-02	3.088190e+00	3.088122e+00	3.087894e+00
2.009947704968844e-02	3.091773e+00	3.091822e+00	3.091846e+00
2.010135265966615e-02	3.099111e+00	3.099044e+00	3.098866e+00
2.010510387962157e-02	3.109373e+00	3.109422e+00	3.109463e+00
2.011260631953241e-02	3.122169e+00	3.122105e+00	3.121975e+00
2.012260631953241e-02	3.106273e+00	3.106323e+00	3.106466e+00
2.013260631953241e-02	3.112871e+00	3.103702e+00	3.088579e+00
2.014260631953241e-02	3.162132e+00	3.151819e+00	3.052772e+00
2.015260631953241e-02	3.204471e+00	3.197438e+00	3.030428e+00
2.016260631953241e-02	3.229517e+00	3.225270e+00	3.022218e+00
2.017260631953241e-02	3.233004e+00	3.230088e+00	3.071605e+00
2.018260631953241e-02	3.249075e+00	3.246870e+00	3.133852e+00
2.019260631953241e-02	3.264443e+00	3.262749e+00	3.181623e+00
2.020260631953241e-02	3.272561e+00	3.271554e+00	3.213797e+00
2.021260631953241e-02	3.276190e+00	3.275546e+00	3.235127e+00
2.022260631953241e-02	3.277725e+00	3.277449e+00	3.249191e+00
2.023260631953241e-02	3.278378e+00	3.278174e+00	3.258706e+00
2.024260631953241e-02	3.278654e+00	3.278620e+00	3.265033e+00
2.025260631953241e-02	3.278773e+00	3.278695e+00	3.269430e+00
2.026260631953241e-02	3.278828e+00	3.278855e+00	3.272337e+00
2.027260631953241e-02	3.278851e+00	3.278804e+00	3.274426e+00
2.028260631953241e-02	3.278865e+00	3.278907e+00	3.275765e+00
2.029260631953241e-02	3.278870e+00	3.278829e+00	3.276783e+00
2.030260631953241e-02	3.278875e+00	3.278921e+00	3.277388e+00
2.031260631953241e-02	3.278876e+00	3.278837e+00	3.277902e+00
2.032260631953241e-02	3.278879e+00	3.278925e+00	3.278160e+00
2.033260631953241e-02	3.278878e+00	3.278839e+00	3.278435e+00
2.034260631953241e-02	3.278881e+00	3.278927e+00	3.278528e+00
2.035260631953241e-02	3.278879e+00	3.278841e+00	3.278689e+00
2.036260631953241e-02	3.278882e+00	3.278928e+00	3.278704e+00
2.037260631953241e-02	3.278879e+00	3.278841e+00	3.278810e+00
2.038260631953241e-02	3.278882e+00	3.278928e+00	3.278788e+00
2.039260631953241e-02	3.278879e+00	3.278841e+00	3.278868e+00
2.040260631953241e-02	3.278882e+00	3.278928e+00	3.278828e+00
2.041260631953241e-02	3.278879e+00	3.278841e+00	3.278895e+00
2.042260631953241e-02	3.278882e+00	3.278928e+00	3.278847e+00
2.043260631953241e-02	3.278880e+00	3.278842e+00	3.278908e+00
2.044260631953241e-02	3.278883e+00	3.278928e+00	3.278856e+00
2.045260631953241e-02	3.278879e+00	3.278842e+00	3.278915e+00
2.046260631953241e-02	3.278883e+00	3.278928e+00	3.278860e+00
2.047260631953241e-02	3.278879e+00	3.278842e+00	3.278918e+00
2.048260631953241e-02	3.278882e+00	3.278928e+00	3.278862e+00
2.049260631953241e-02	3.278879e+00	3.278842e+00	3.278919e+00
2.050260631953241e-02	3.278882e+00	3.278928e+00	3.278863e+00
2.051260631953241e-02	3.278879e+00	3.278842e+00	3.278920e+00
2.052260631953241e-02	3.278882e+00	3.278928e+00	3.278864e+00
2.053260631953241e-02	3.278880e+00	3.278842e+00	3.278920e+00
2.054260631953241e-02	3.278882e+00	3.278928e+00	3.278864e+00
2.055260631953241e-02	3.278879e+00	3.278842e+00	3.278920e+00
2.056260631953241e-02	3.278882e+00	3.278928e+00	3.278864e+00
2.057260631953241e-02	3.278879e+00	3.278842e+00	3.278920e+00
2.058260631953241e-02	3.278883e+00	3.278928e+00	3.278864e+00
2.059260631953241e-02	3.278879e+00	3.278842e+00	3.278921e+00
2.060260631953241e-02	3.278883e+00	3.278928e+00	3.278864e+00
2.061260631953241e-02	3.278879e+00	3.278842e+00	3.278920e+00
2.062260631953241e-02	3.278883e+00	3.278928e+00	3.278864e+00
2.063260631953241e-02	3.278879e+00	3.278842e+00	3.278920e+00
2.064260631953241e-02	3.278883e+00	3.278928e+00	3.278864e+00
2.065260631953241e-02	3.278879e+00	3.278842e+00	3.278920e+00
2.066260631953241e-02	3.278882e+00	3.278928e+00	3.278864e+00
2.067260631953241e-02	3.278878e+00	3.278842e+00	3.278920e+00
2.068260631953241e-02	3.278882e+00	3.278928e+00	3.278864e+00
2.069260631953241e-02	3.278879e+00	3.278842e+00	3.278920e+00
2.070260631953241e-02	3.278883e+00	3.278927e+00	3.278864e+00
2.071260631953241e-02	3.278879e+00	3.278843e+00	3.278920e+00
2.072260631953241e-02	3.278883e+00	3.278928e+00	3.278864e+00
2.073260631953241e-02	3.278879e+00	3.278842e+00	3.278920e+00
2.074260631953241e-02	3.278883e+00	3.278928e+00	3.278864e+00
2.075260631953241e-02	3.278879e+00	3.278842e+00	3.278920e+00
2.076260631953241e-02	3.278883e+00	3.278928e+00	3.278864e+00
2.077260631953241e-02	3.278879e+00	3.278842e+00	3.278920e+00
2.078260631953241e-02	3.278883e+00	3.278927e+00	3.278864e+00
2.079260631953241e-02	3.278879e+00	3.278843e+00	3.278920e+00
2.080260631953241e-02	3.278883e+00	3.278927e+00	3.278864e+00
2.081260631953241e-02	3.278878e+00	3.278843e+00	3.278920e+00
2.082260631953241e-02	3.278882e+00	3.278927e+00	3.278864e+00
2.083260631953241e-02	3.278878e+00	3.278843e+00	3.278920e+00
2.084260631953241e-02	3.278883e+00	3.278927e+00	3.278864e+00
2.085260631953241e-02	3.278878e+00	3.278843e+00	3.278920e+00
2.086260631953241e-02	3.278883e+00	3.278927e+00	3.278864e+00
2.087260631953241e-02	3.278879e+00	3.278843e+00	3.278920e+00
2.088260631953241e-02	3.278883e+00	3.278927e+00	3.278864e+00
2.089260631953241e-02	3.278879e+00	3.278843e+00	3.278920e+00
2.090260631953241e-02	3.278883e+00	3.278927e+00	3.278864e+00
2.091260631953241e-02	3.278879e+00	3.278843e+00	3.278920e+00
2.092260631953241e-02	3.278883e+00	3.278927e+00	3.278864e+00
2.093260631953241e-02	3.278879e+00	3.278843e+00	3.278920e+00
2.094260631953241e-02	3.278883e+00	3.278927e+00	3.278864e+00
2.095260631953241e-02	3.278878e+00	3.278843e+00	3.278920e+00
2.096260631953241e-02	3.278883e+00	3.278927e+00	3.278864e+00
2.097260631953241e-02	3.278878e+00	3.278843e+00	3.278920e+00
2.098260631953241e-02	3.278883e+00	3.278927e+00	3.278864e+00
2.099260631953241e-02	3.278878e+00	3.278843e+00	3.278920e+00
2.100260631953241e-02	3.278883e+00	3.278927e+00	3.278864e+00
2.101260631953241e-02	3.278878e+00	3.278843e+00	3.278920e+00
2.102260631953241e-02	3.278883e+00	3.278927e+00	3.278864e+00
2.103260631953241e-02	3.278878e+00	3.278843e+00	3.278920e+00
2.104260631953241e-02	3.278883e+00	3.278927e+00	3.278864e+00
2.105260631953241e-02	3.278879e+00	3.278843e+00	3.278920e+00
2.106260631953241e-02	3.278883e+00	3.278927e+00	3.278864e+00
2.107260631953241e-02	3.278879e+00	3.278843e+00	3.278920e+00
2.108260631953241e-02	3.278883e+00	3.278927e+00	3.278864e+00
2.109260631953241e-02	3.278879e+00	3.278844e+00	3.278920e+00
2.110260631953241e-02	3.278883e+00	3.278926e+00	3.278864e+00
2.111260631953241e-02	3.278879e+00	3.278844e+00	3.278920e+00
2.112260631953241e-02	3.278883e+00	3.278926e+00	3.278864e+00
2.113260631953241e-02	3.278878e+00	3.278844e+00	3.278920e+00
2.114260631953241e-02	3.278883e+00	3.278926e+00	3.278864e+00
2.115260631953241e-02	3.278878e+00	3.278844e+00	3.278920e+00
2.116260631953241e-02	3.278883e+00	3.278926e+00	3.278864e+00
2.117260631953241e-02	3.278878e+00	3.278844e+00	3.278920e+00
2.118260631953241e-02	3.278883e+00	3.278926e+00	3.278864e+00
2.119260631953241e-02	3.278878e+00	3.278844e+00	3.278920e+00
2.120260631953241e-02	3.278883e+00	3.278926e+00	3.278864e+00
2.121260631953241e-02	3.278878e+00	3.278844e+00	3.278920e+00
2.122260631953241e-02	3.278883e+00	3.278926e+00	3.278864e+00
2.123260631953241e-02	3.278878e+00	3.278844e+00	3.278920e+00
2.124260631953241e-02	3.278883e+00	3.278926e+00	3.278865e+00
2.125260631953241e-02	3.278879e+00	3.278844e+00	3.278920e+00
2.126260631953241e-02	3.278883e+00	3.278926e+00	3.278865e+00
2.127260631953241e-02	3.278879e+00	3.278844e+00	3.278920e+00
2.128260631953241e-02	3.278883e+00	3.278926e+00	3.278865e+00
2.129260631953241e-02	3.278879e+00	3.278844e+00	3.278920e+00
2.130260631953241e-02	3.278883e+00	3.278926e+00	3.278865e+00
2.131260631953241e-02	3.278878e+00	3.278844e+00	3.278920e+00
2.132260631953241e-02	3.278883e+00	3.278926e+00	3.278865e+00
2.133260631953241e-02	3.278878e+00	3.278844e+00	3.278920e+00
2.134260631953241e-02	3.278883e+00	3.278925e+00	3.278865e+00
2.135260631953241e-02	3.278878e+00	3.278845e+00	3.278920e+00
2.136260631953241e-02	3.278883e+00	3.278925e+00	3.278865e+00
2.137260631953241e-02	3.278878e+00	3.278845e+00	3.278920e+00
2.138260631953241e-02	3.278883e+00	3.278926e+00	3.278865e+00
2.139260631953241e-02	3.278878e+00	3.278844e+00	3.278920e+00
2.140260631953241e-02	3.278883e+00	3.278926e+00	3.278865e+00
2.141260631953241e-02	3.278878e+00	3.278844e+00	3.278920e+00
2.142260631953241e-02	3.278883e+00	3.278926e+00	3.278865e+00
2.143260631953241e-02	3.278878e+00	3.278845e+00	3.278920e+00
2.144260631953241e-02	3.278883e+00	3.278925e+00	3.278865e+00
2.145260631953241e-02	3.278878e+00	3.278845e+00	3.278920e+00
2.146260631953241e-02	3.278883e+00	3.278925e+00	3.278865e+00
2.147260631953241e-02	3.278878e+00	3.278845e+00	3.278920e+00
2.148260631953241e-02	3.278883e+00	3.278925e+00	3.278865e+00
2.149260631953241e-02	3.278879e+00	3.278845e+00	3.278920e+00
2.150260631953241e-02	3.278883e+00	3.278925e+00	3.278865e+00
2.151260631953241e-02	3.278879e+00	3.278845e+00	3.278920e+00
2.152260631953241e-02	3.278883e+00	3.278925e+00	3.278865e+00
2.153260631953241e-02	3.278878e+00	3.278845e+00	3.278920e+00
2.154260631953241e-02	3.278883e+00	3.278925e+00	3.278865e+00
2.155260631953241e-02	3.278878e+00	3.278845e+00	3.278920e+00
2.156260631953241e-02	3.278883e+00	3.278925e+00	3.278865e+00
2.157260631953241e-02	3.278878e+00	3.278845e+00	3.278920e+00
2.158260631953241e-02	3.278883e+00	3.278925e+00	3.278865e+00
2.159260631953241e-02	3.278878e+00	3.278845e+00	3.278920e+00
2.160260631953241e-02	3.278883e+00	3.278925e+00	3.278865e+00
2.161260631953241e-02	3.278878e+00	3.278845e+00	3.278920e+00
2.162260631953241e-02	3.278883e+00	3.278925e+00	3.278865e+00
2.163260631953241e-02	3.278878e+00	3.278845e+00	3.278920e+00
2.164260631953241e-02	3.278883e+00	3.278925e+00	3.278865e+00
2.165260631953241e-02	3.278878e+00	3.278845e+00	3.278920e+00
2.166260631953241e-02	3.278883e+00	3.278925e+00	3.278865e+00
2.167260631953241e-02	3.278878e+00	3.278845e+00	3.278920e+00
2.168260631953241e-02	3.278883e+00	3.278925e+00	3.278865e+00
2.169260631953241e-02	3.278878e+00	3.278845e+00	3.278920e+00
2.170260631953241e-02	3.278883e+00	3.278924e+00	3.278865e+00
2.171260631953241e-02	3.278878e+00	3.278846e+00	3.278920e+00
2.172260631953241e-02	3.278883e+00	3.278924e+00	3.278865e+00
2.173260631953241e-02	3.278878e+00	3.278846e+00	3.278920e+00
2.174260631953241e-02	3.278883e+00	3.278924e+00	3.278865e+00
2.175260631953241e-02	3.278878e+00	3.278846e+00	3.278920e+00
2.176260631953241e-02	3.278883e+00	3.278924e+00	3.278865e+00
2.177260631953241e-02	3.278877e+00	3.278846e+00	3.278920e+00
2.178260631953241e-02	3.278883e+00	3.278924e+00	3.278865e+00
2.179260631953241e-02	3.278878e+00	3.278846e+00	3.278920e+00
2.180260631953241e-02	3.278883e+00	3.278924e+00	3.278865e+00
2.181260631953241e-02	3.278878e+00	3.278846e+00	3.278920e+00
2.182260631953241e-02	3.278883e+00	3.278924e+00	3.278865e+00
2.183260631953241e-02	3.278878e+00	3.278846e+00	3.278920e+00
2.184260631953241e-02	3.278883e+00	3.278924e+00	3.278865e+00
2.185260631953241e-02	3.278878e+00	3.278846e+00	3.278920e+00
2.186260631953241e-02	3.278883e+00	3.278924e+00	3.278865e+00
2.187260631953241e-02	3.278878e+00	3.278846e+00	3.278920e+00
2.188260631953241e-02	3.278883e+00	3.278924e+00	3.278865e+00
2.189260631953241e-02	3.278878e+00	3.278846e+00	3.278920e+00
2.190260631953241e-02	3.278883e+00	3.278924e+00	3.278865e+00
2.191260631953241e-02	3.278878e+00	3.278846e+00	3.278920e+00
2.192260631953241e-02	3.278883e+00	3.278924e+00	3.278865e+00
2.193260631953241e-02	3.278878e+00	3.278846e+00	3.278920e+00
2.194260631953241e-02	3.278883e+00	3.278924e+00	3.278865e+00
2.195260631953241e-02	3.278878e+00	3.278846e+00	3.278920e+00
2.196260631953241e-02	3.278883e+00	3.278924e+00	3.278865e+00
2.197260631953241e-02	3.278878e+00	3.278846e+00	3.278920e+00
2.198260631953241e-02	3.278884e+00	3.278924e+00	3.278865e+00
2.199260631953241e-02	3.278878e+00	3.278847e+00	3.278920e+00
2.200260631953241e-02	3.278884e+00	3.278923e+00	3.278865e+00
2.201260631953241e-02	3.278878e+00	3.278847e+00	3.278920e+00
2.202260631953241e-02	3.278883e+00	3.278924e+00	3.278865e+00
2.203260631953241e-02	3.278878e+00	3.278847e+00	3.278920e+00
2.204260631953241e-02	3.278883e+00	3.278924e+00	3.278865e+00
2.205260631953241e-02	3.278878e+00	3.278847e+00	3.278920e+00
2.206260631953241e-02	3.278883e+00	3.278924e+00	3.278865e+00
2.207260631953241e-02	3.278878e+00	3.278847e+00	3.278920e+00
2.208260631953241e-02	3.278883e+00	3.278924e+00	3.278865e+00
2.209260631953241e-02	3.278877e+00	3.278847e+00	3.278920e+00
2.210260631953241e-02	3.278883e+00	3.278923e+00	3.278865e+00
2.211260631953241e-02	3.278877e+00	3.278847e+00	3.278920e+00
2.212260631953241e-02	3.278883e+00	3.278923e+00	3.278865e+00
2.213260631953241e-02	3.278878e+00	3.278847e+00	3.278920e+00
2.214260631953241e-02	3.278883e+00	3.278923e+00	3.278865e+00
2.215260631953241e-02	3.278878e+00	3.278847e+00	3.278920e+00
2.216260631953241e-02	3.278883e+00	3.278923e+00	3.278865e+00
2.217260631953241e-02	3.278878e+00	3.278847e+00	3.278920e+00
2.218260631953241e-02	3.278883e+00	3.278923e+00	3.278865e+00
2.219260631953241e-02	3.278878e+00	3.278847e+00	3.278920e+00
2.220260631953241e-02	3.278883e+00	3.278923e+00	3.278865e+00
2.221260631953241e-02	3.278878e+00	3.278847e+00	3.278920e+00
2.222260631953241e-02	3.278883e+00	3.278923e+00	3.278865e+00
2.223260631953241e-02	3.278878e+00	3.278847e+00	3.278920e+00
2.224260631953241e-02	3.278883e+00	3.278923e+00	3.278865e+00
2.225260631953241e-02	3.278878e+00	3.278847e+00	3.278920e+00
2.226260631953241e-02	3.278883e+00	3.278923e+00	3.278865e+00
2.227260631953241e-02	3.278878e+00	3.278847e+00	3.278920e+00
2.228260631953241e-02	3.278883e+00	3.278923e+00	3.278865e+00
2.229260631953241e-02	3.278878e+00	3.278847e+00	3.278920e+00
2.230260631953241e-02	3.278883e+00	3.278922e+00	3.278865e+00
2.231260631953241e-02	3.278878e+00	3.278848e+00	3.278919e+00
2.232260631953241e-02	3.278883e+00	3.278922e+00	3.278865e+00
2.233260631953241e-02	3.278878e+00	3.278848e+00	3.278919e+00
2.234260631953241e-02	3.278884e+00	3.278922e+00	3.278865e+00
2.235260631953241e-02	3.278878e+00	3.278848e+00	3.278919e+00
2.236260631953241e-02	3.278884e+00	3.278922e+00	3.278866e+00
2.237260631953241e-02	3.278878e+00	3.278848e+00	3.278919e+00
2.238260631953241e-02	3.278884e+00	3.278922e+00	3.278866e+00
2.239260631953241e-02	3.278878e+00	3.278848e+00	3.278919e+00
2.240260631953241e-02	3.278884e+00	3.278922e+00	3.278866e+00
2.241260631953241e-02	3.278878e+00	3.278848e+00	3.278919e+00
2.242260631953241e-02	3.278884e+00	3.278922e+00	3.278866e+00
2.243260631953241e-02	3.278878e+00	3.278848e+00	3.278919e+00
2.244260631953241e-02	3.278883e+00	3.278922e+00	3.278866e+00
2.245260631953241e-02	3.278878e+00	3.278848e+00	3.278919e+00
2.246260631953241e-02	3.278883e+00	3.278922e+00	3.278866e+00
2.247260631953241e-02	3.278877e+00	3.278848e+00	3.278919e+00
2.248260631953241e-02	3.278883e+00	3.278922e+00	3.278866e+00
2.249260631953241e-02	3.278877e+00	3.278848e+00	3.278919e+00
2.250260631953241e-02	3.278883e+00	3.278922e+00	3.278866e+00
2.251260631953241e-02	3.278877e+00	3.278848e+00	3.278919e+00
2.252260631953241e-02	3.278883e+00	3.278922e+00	3.278866e+00
2.253260631953241e-02	3.278877e+00	3.278848e+00	3.278919e+00
2.254260631953241e-02	3.278883e+00	3.278922e+00	3.278866e+00
2.255260631953241e-02	3.278877e+00	3.278848e+00	3.278919e+00
2.256260631953241e-02	3.278883e+00	3.278922e+00	3.278866e+00
2.257260631953241e-02	3.278878e+00	3.278848e+00	3.278919e+00
2.258260631953241e-02	3.278883e+00	3.278922e+00	3.278866e+00
2.259260631953241e-02	3.278878e+00	3.278848e+00	3.278919e+00
2.260260631953241e-02	3.278883e+00	3.278922e+00	3.278866e+00
2.261260631953241e-02	3.278878e+00	3.278848e+00	3.278919e+00
2.262260631953241e-02	3.278883e+00	3.278921e+00	3.278866e+00
2.263260631953241e-02	3.278878e+00	3.278849e+00	3.278919e+00
2.264260631953241e-02	3.278883e+00	3.278921e+00	3.278866e+00
2.265260631953241e-02	3.278878e+00	3.278849e+00	3.278919e+00
2.266260631953241e-02	3.278883e+00	3.278921e+00	3.278866e+00
2.267260631953241e-02	3.278878e+00	3.278849e+00	3.278919e+00
2.268260631953241e-02	3.278883e+00	3.278921e+00	3.278866e+00
2.269260631953241e-02	3.278878e+00	3.278849e+00	3.278919e+00
2.270260631953241e-02	3.278883e+00	3.278921e+00	3.278866e+00
2.271260631953241e-02	3.278878e+00	3.278849e+00	3.278919e+00
2.272260631953241e-02	3.278883e+00	3.278921e+00	3.278866e+00
2.273260631953241e-02	3.278878e+00	3.278849e+00	3.278919e+00
2.274260631953241e-02	3.278883e+00	3.278921e+00	3.278866e+00
2.275260631953241e-02	3.278878e+00	3.278849e+00	3.278919e+00
2.276260631953241e-02	3.278883e+00	3.278921e+00	3.278866e+00
2.277260631953241e-02	3.278878e+00	3.278849e+00	3.278919e+00
2.278260631953241e-02	3.278883e+00	3.278921e+00	3.278866e+00
2.279260631953241e-02	3.278878e+00	3.278849e+00	3.278919e+00
2.280260631953241e-02	3.278883e+00	3.278921e+00	3.278866e+00
2.281260631953241e-02	3.278878e+00	3.278849e+00	3.278919e+00
2.282260631953241e-02	3.278884e+00	3.278921e+00	3.278866e+00
2.283260631953241e-02	3.278878e+00	3.278849e+00	3.278919e+00
2.284260631953241e-02	3.278884e+00	3.278921e+00	3.278866e+00
2.285260631953241e-02	3.278878e+00	3.278849e+00	3.278919e+00
2.286260631953241e-02	3.278884e+00	3.278920e+00	3.278866e+00
2.287260631953241e-02	3.278878e+00	3.278850e+00	3.278919e+00
2.288260631953241e-02	3.278884e+00	3.278920e+00	3.278866e+00
2.289260631953241e-02	3.278878e+00	3.278850e+00	3.278919e+00
2.290260631953241e-02	3.278884e+00	3.278921e+00	3.278866e+00
2.291260631953241e-02	3.278878e+00	3.278850e+00	3.278919e+00
2.292260631953241e-02	3.278884e+00	3.278921e+00	3.278866e+00
2.293260631953241e-02	3.278878e+00	3.278849e+00	3.278919e+00
2.294260631953241e-02	3.278884e+00	3.278921e+00	3.278866e+00
2.295260631953241e-02	3.278878e+00	3.278849e+00	3.278919e+00
2.296260631953241e-02	3.278884e+00	3.278921e+00	3.278866e+00
2.297260631953241e-02	3.278878e+00	3.278849e+00	3.278919e+00
2.298260631953241e-02	3.278883e+00	3.278920e+00	3.278866e+00
2.299260631953241e-02	3.278878e+00	3.278850e+00	3.278919e+00
2.300260631953241e-02	3.278883e+00	3.278920e+00	3.278866e+00
2.301260631953241e-02	3.278877e+00	3.278850e+00	3.278919e+00
2.302260631953241e-02	3.278883e+00	3.278920e+00	3.278866e+00
2.303260631953241e-02	3.278877e+00	3.278850e+00	3.278919e+00
2.304260631953241e-02	3.278883e+00	3.278920e+00	3.278866e+00
2.305260631953241e-02	3.278877e+00	3.278850e+00	3.278919e+00
2.306260631953241e-02	3.278883e+00	3.278920e+00	3.278866e+00
2.307260631953241e-02	3.278877e+00	3.278850e+00	3.278919e+00
2.308260631953241e-02	3.278883e+00	3.278920e+00	3.278866e+00
2.309260631953241e-02	3.278877e+00	3.278850e+00	3.278919e+00
2.310260631953241e-02	3.278883e+00	3.278920e+00	3.278866e+00
2.311260631953241e-02	3.278877e+00	3.278850e+00	3.278919e+00
2.312260631953241e-02	3.278883e+00	3.278920e+00	3.278866e+00
2.313260631953241e-02	3.278877e+00	3.278850e+00	3.278919e+00
2.314260631953241e-02	3.278883e+00	3.278920e+00	3.278866e+00
2.315260631953241e-02	3.278878e+00	3.278850e+00	3.278919e+00
2.316260631953241e-02	3.278883e+00	3.278920e+00	3.278866e+00
2.317260631953241e-02	3.278878e+00	3.278850e+00	3.278919e+00
2.318260631953241e-02	3.278883e+00	3.278920e+00	3.278866e+00
2.319260631953241e-02	3.278878e+00	3.278850e+00	3.278919e+00
2.320260631953241e-02	3.278883e+00	3.278920e+00	3.278866e+00
2.321260631953241e-02	3.278878e+00	3.278850e+00	3.278919e+00
2.322260631953241e-02	3.278883e+00	3.278919e+00	3.278866e+00
2.323260631953241e-02	3.278878e+00	3.278851e+00	3.278919e+00
2.324260631953241e-02	3.278883e+00	3.278919e+00	3.278866e+00
2.325260631953241e-02	3.278878e+00	3.278851e+00	3.278918e+00
2.326260631953241e-02	3.278883e+00	3.278919e+00	3.278866e+00
2.327260631953241e-02	3.278878e+00	3.278851e+00	3.278918e+00
2.328260631953241e-02	3.278883e+00	3.278919e+00	3.278866e+00
2.329260631953241e-02	3.278878e+00	3.278851e+00	3.278918e+00
2.330260631953241e-02	3.278883e+00	3.278919e+00	3.278867e+00
2.331260631953241e-02	3.278878e+00	3.278851e+00	3.278918e+00
2.332260631953241e-02	3.278883e+00	3.278919e+00	3.278867e+00
2.333260631953241e-02	3.278878e+00	3.278851e+00	3.278918e+00
2.334260631953241e-02	3.278883e+00	3.278919e+00	3.278867e+00
2.335260631953241e-02	3.278878e+00	3.278851e+00	3.278918e+00
2.336260631953241e-02	3.278883e+00	3.278919e+00	3.278867e+00
2.337260631953241e-02	3.278878e+00	3.278851e+00	3.278918e+00
2.338260631953241e-02	3.278883e+00	3.278919e+00	3.278867e+00
2.339260631953241e-02	3.278878e+00	3.278851e+00	3.278918e+00
2.340260631953241e-02	3.278883e+00	3.278919e+00	3.278867e+00
2.341260631953241e-02	3.278878e+00	3.278851e+00	3.278918e+00
2.342260631953241e-02	3.278883e+00	3.278919e+00	3.278867e+00
2.343260631953241e-02	3.278878e+00	3.278851e+00	3.278918e+00
2.344260631953241e-02	3.278883e+00	3.278919e+00	3.278867e+00
2.345260631953241e-02	3.278878e+00	3.278851e+00	3.278918e+00
2.346260631953241e-02	3.278883e+00	3.278919e+00	3.278867e+00
2.347260631953241e-02	3.278878e+00	3.278851e+00	3.278918e+00
2.348260631953241e-02	3.278883e+00	3.278919e+00	3.278867e+00
2.349260631953241e-02	3.278878e+00	3.278852e+00	3.278918e+00
2.350260631953241e-02	3.278883e+00	3.278919e+00	3.278867e+00
2.351260631953241e-02	3.278878e+00	3.278852e+00	3.278918e+00
2.352260631953241e-02	3.278884e+00	3.278919e+00	3.278867e+00
2.353260631953241e-02	3.278878e+00	3.278852e+00	3.278918e+00
2.354260631953241e-02	3.278884e+00	3.278919e+00	3.278867e+00
2.355260631953241e-02	3.278878e+00	3.278852e+00	3.278918e+00
2.356260631953241e-02	3.278884e+00	3.278919e+00	3.278867e+00
2.357260631953241e-02	3.278878e+00	3.278852e+00	3.278918e+00
2.358260631953241e-02	3.278884e+00	3.278919e+00	3.278867e+00
2.359260631953241e-02	3.278878e+00	3.278852e+00	3.278918e+00
2.360260631953241e-02	3.278884e+00	3.278919e+00	3.278867e+00
2.361260631953241e-02	3.278878e+00	3.278852e+00	3.278918e+00
2.362260631953241e-02	3.278884e+00	3.278918e+00	3.278867e+00
2.363260631953241e-02	3.278878e+00	3.278852e+00	3.278918e+00
2.364260631953241e-02	3.278884e+00	3.278918e+00	3.278867e+00
2.365260631953241e-02	3.278878e+00	3.278852e+00	3.278918e+00
2.366260631953241e-02	3.278884e+00	3.278918e+00	3.278867e+00
2.367260631953241e-02	3.278878e+00	3.278852e+00	3.278918e+00
2.368260631953241e-02	3.278884e+00	3.278918e+00	3.278867e+00
2.369260631953241e-02	3.278878e+00	3.278852e+00	3.278918e+00
2.370260631953241e-02	3.278884e+00	3.278918e+00	3.278867e+00
2.371260631953241e-02	3.278878e+00	3.278852e+00	3.278918e+00
2.372260631953241e-02	3.278884e+00	3.278918e+00	3.278867e+00
2.373260631953241e-02	3.278878e+00	3.278852e+00	3.278918e+00
2.374260631953241e-02	3.278884e+00	3.278918e+00	3.278867e+00
2.375260631953241e-02	3.278878e+00	3.278852e+00	3.278918e+00
2.376260631953241e-02	3.278883e+00	3.278918e+00	3.278867e+00
2.377260631953241e-02	3.278878e+00	3.278852e+00	3.278918e+00
2.378260631953241e-02	3.278883e+00	3.278918e+00	3.278867e+00
2.379260631953241e-02	3.278878e+00	3.278852e+00	3.278918e+00
2.380260631953241e-02	3.278883e+00	3.278918e+00	3.278867e+00
2.381260631953241e-02	3.278878e+00	3.278852e+00	3.278918e+00
2.382260631953241e-02	3.278883e+00	3.278918e+00	3.278867e+00
2.383260631953241e-02	3.278878e+00	3.278852e+00	3.278918e+00
2.384260631953241e-02	3.278883e+00	3.278918e+00	3.278867e+00
2.385260631953241e-02	3.278878e+00	3.278852e+00	3.278918e+00
2.386260631953241e-02	3.278883e+00	3.278918e+00	3.278867e+00
2.387260631953241e-02	3.278878e+00	3.278852e+00	3.278918e+00
2.388260631953241e-02	3.278883e+00	3.278917e+00	3.278867e+00
2.389260631953241e-02	3.278877e+00	3.278853e+00	3.278918e+00
2.390260631953241e-02	3.278883e+00	3.278917e+00	3.278867e+00
2.391260631953241e-02	3.278877e+00	3.278853e+00	3.278918e+00
2.392260631953241e-02	3.278883e+00	3.278917e+00	3.278867e+00
2.393260631953241e-02	3.278877e+00	3.278853e+00	3.278918e+00
2.394260631953241e-02	3.278883e+00	3.278917e+00	3.278867e+00
2.395260631953241e-02	3.278877e+00	3.278853e+00	3.278918e+00
2.396260631953241e-02	3.278883e+00	3.278917e+00	3.278867e+00
2.397260631953241e-02	3.278877e+00	3.278853e+00	3.278918e+00
2.398260631953241e-02	3.278883e+00	3.278917e+00	3.278867e+00
2.399260631953241e-02	3.278877e+00	3.278853e+00	3.278918e+00
2.400260631953241e-02	3.278883e+00	3.278917e+00	3.278867e+00
2.401260631953241e-02	3.278877e+00	3.278853e+00	3.278918e+00
2.402260631953241e-02	3.278883e+00	3.278917e+00	3.278867e+00
2.403260631953241e-02	3.278877e+00	3.278853e+00	3.278918e+00
2.404260631953241e-02	3.278883e+00	3.278917e+00	3.278867e+00
2.405260631953241e-02	3.278877e+00	3.278853e+00	3.278918e+00
2.406260631953241e-02	3.278883e+00	3.278917e+00	3.278867e+00
2.407260631953241e-02	3.278878e+00	3.278853e+00	3.278917e+00
2.408260631953241e-02	3.278883e+00	3.278917e+00	3.278867e+00
2.409260631953241e-02	3.278878e+00	3.278853e+00	3.278917e+00
2.410260631953241e-02	3.278883e+00	3.278917e+00	3.278867e+00
2.411260631953241e-02	3.278878e+00	3.278853e+00	3.278917e+00
2.412260631953241e-02	3.278883e+00	3.278917e+00	3.278868e+00
2.413260631953241e-02	3.278878e+00	3.278853e+00	3.278917e+00
2.414260631953241e-02	3.278883e+00	3.278917e+00	3.278868e+00
2.415260631953241e-02	3.278878e+00	3.278853e+00	3.278917e+00
2.416260631953241e-02	3.278883e+00	3.278916e+00	3.278868e+00
2.417260631953241e-02	3.278878e+00	3.278854e+00	3.278917e+00
2.418260631953241e-02	3.278883e+00	3.278916e+00	3.278868e+00
2.419260631953241e-02	3.278878e+00	3.278854e+00	3.278917e+00
2.420260631953241e-02	3.278883e+00	3.278916e+00	3.278868e+00
2.421260631953241e-02	3.278878e+00	3.278854e+00	3.278917e+00
2.422260631953241e-02	3.278883e+00	3.278916e+00	3.278868e+00
2.423260631953241e-02	3.278878e+00	3.278854e+00	3.278917e+00
2.424260631953241e-02	3.278883e+00	3.278916e+00	3.278868e+00
2.425260631953241e-02	3.278878e+00	3.278854e+00	3.278917e+00
2.426260631953241e-02	3.278883e+00	3.278916e+00	3.278868e+00
2.427260631953241e-02	3.278878e+00	3.278854e+00	3.278917e+00
2.428260631953241e-02	3.278883e+00	3.278916e+00	3.278868e+00
2.429260631953241e-02	3.278878e+00	3.278854e+00	3.278917e+00
2.430260631953241e-02	3.278883e+00	3.278916e+00	3.278868e+00
2.431260631953241e-02	3.278878e+00	3.278854e+00	3.278917e+00
2.432260631953241e-02	3.278883e+00	3.278916e+00	3.278868e+00
2.433260631953241e-02	3.278878e+00	3.278854e+00	3.278917e+00
2.434260631953241e-02	3.278883e+00	3.278916e+00	3.278868e+00
2.435260631953241e-02	3.278878e+00	3.278854e+00	3.278917e+00
2.436260631953241e-02	3.278883e+00	3.278916e+00	3.278868e+00
2.437260631953241e-02	3.278878e+00	3.278854e+00	3.278917e+00
2.438260631953241e-02	3.278883e+00	3.278916e+00	3.278868e+00
2.439260631953241e-02	3.278878e+00	3.278854e+00	3.278917e+00
2.440260631953241e-02	3.278883e+00	3.278916e+00	3.278868e+00
2.441260631953241e-02	3.278878e+00	3.278854e+00	3.278917e+00
2.442260631953241e-02	3.278883e+00	3.278916e+00	3.278868e+00
2.443260631953241e-02	3.278878e+00	3.278854e+00	3.278917e+00
2.444260631953241e-02	3.278883e+00	3.278916e+00	3.278868e+00
2.445260631953241e-02	3.278878e+00	3.278854e+00	3.278917e+00
2.446260631953241e-02	3.278883e+00	3.278916e+00	3.278868e+00
2.447260631953241e-02	3.278878e+00	3.278854e+00	3.278917e+00
2.448260631953241e-02	3.278883e+00	3.278916e+00	3.278868e+00
2.449260631953241e-02	3.278878e+00	3.278854e+00	3.278917e+00
2.450260631953241e-02	3.278883e+00	3.278916e+00	3.278868e+00
2.451260631953241e-02	3.278878e+00	3.278854e+00	3.278917e+00
2.452260631953241e-02	3.278883e+00	3.278916e+00	3.278868e+00
2.453260631953241e-02	3.278878e+00	3.278854e+00	3.278917e+00
2.454260631953241e-02	3.278883e+00	3.278916e+00	3.278868e+00
2.455260631953241e-02	3.278878e+00	3.278854e+00	3.278917e+00
2.456260631953241e-02	3.278883e+00	3.278916e+00	3.278868e+00
2.457260631953241e-02	3.278878e+00	3.278854e+00	3.278917e+00
2.458260631953241e-02	3.278883e+00	3.278916e+00	3.278868e+00
2.459260631953241e-02	3.278878e+00	3.278854e+00	3.278917e+00
2.460260631953241e-02	3.278883e+00	3.278916e+00	3.278868e+00
2.461260631953241e-02	3.278878e+00	3.278855e+00	3.278917e+00
2.462260631953241e-02	3.278883e+00	3.278915e+00	3.278868e+00
2.463260631953241e-02	3.278878e+00	3.278855e+00	3.278917e+00
2.464260631953241e-02	3.278883e+00	3.278915e+00	3.278868e+00
2.465260631953241e-02	3.278878e+00	3.278855e+00	3.278917e+00
2.466260631953241e-02	3.278883e+00	3.278915e+00	3.278868e+00
2.467260631953241e-02	3.278878e+00	3.278855e+00	3.278917e+00
2.468260631953241e-02	3.278883e+00	3.278915e+00	3.278868e+00
2.469260631953241e-02	3.278878e+00	3.278855e+00	3.278917e+00
2.470260631953241e-02	3.278883e+00	3.278915e+00	3.278868e+00
2.471260631953241e-02	3.278878e+00	3.278855e+00	3.278917e+00
2.472260631953241e-02	3.278883e+00	3.278915e+00	3.278868e+00
2.473260631953241e-02	3.278878e+00	3.278855e+00	3.278917e+00
2.474260631953241e-02	3.278883e+00	3.278915e+00	3.278868e+00
2.475260631953241e-02	3.278878e+00	3.278855e+00	3.278917e+00
2.476260631953241e-02	3.278883e+00	3.278915e+00	3.278868e+00
2.477260631953241e-02	3.278878e+00	3.278855e+00	3.278917e+00
2.478260631953241e-02	3.278883e+00	3.278915e+00	3.278868e+00
2.479260631953241e-02	3.278878e+00	3.278855e+00	3.278917e+00
2.480260631953241e-02	3.278883e+00	3.278915e+00	3.278868e+00
2.481260631953241e-02	3.278878e+00	3.278855e+00	3.278917e+00
2.482260631953241e-02	3.278883e+00	3.278915e+00	3.278868e+00
2.483260631953241e-02	3.278878e+00	3.278855e+00	3.278917e+00
2.484260631953241e-02	3.278883e+00	3.278915e+00	3.278868e+00
2.485260631953241e-02	3.278878e+00	3.278855e+00	3.278917e+00
2.486260631953241e-02	3.278883e+00	3.278915e+00	3.278868e+00
2.487260631953241e-02	3.278878e+00	3.278855e+00	3.278916e+00
2.488260631953241e-02	3.278883e+00	3.278915e+00	3.278868e+00
2.489260631953241e-02	3.278878e+00	3.278855e+00	3.278916e+00
2.490260631953241e-02	3.278883e+00	3.278915e+00	3.278868e+00
2.491260631953241e-02	3.278878e+00	3.278855e+00	3.278916e+00
2.492260631953241e-02	3.278883e+00	3.278914e+00	3.278869e+00
2.493260631953241e-02	3.278878e+00	3.278856e+00	3.278916e+00
2.494260631953241e-02	3.278883e+00	3.278914e+00	3.278869e+00
2.495260631953241e-02	3.278878e+00	3.278856e+00	3.278916e+00
2.496260631953241e-02	3.278883e+00	3.278914e+00	3.278869e+00
2.497260631953241e-02	3.278878e+00	3.278856e+00	3.278916e+00
2.498260631953241e-02	3.278883e+00	3.278914e+00	3.278869e+00
2.499260631953241e-02	3.278878e+00	3.278856e+00	3.278916e+00
2.500260631953241e-02	3.278883e+00	3.278914e+00	3.278869e+00
2.501260631953241e-02	3.278878e+00	3.278856e+00	3.278916e+00
2.502260631953241e-02	3.278884e+00	3.278914e+00	3.278869e+00
2.503260631953241e-02	3.278878e+00	3.278856e+00	3.278916e+00
2.504260631953241e-02	3.278884e+00	3.278914e+00	3.278869e+00
2.505260631953241e-02	3.278878e+00	3.278856e+00	3.278916e+00
2.506260631953241e-02	3.278884e+00	3.278914e+00	3.278869e+00
2.507260631953241e-02	3.278878e+00	3.278856e+00	3.278916e+00
2.508260631953241e-02	3.278884e+00	3.278914e+00	3.278869e+00
2.509260631953241e-02	3.278878e+00	3.278856e+00	3.278916e+00
2.510260631953241e-02	3.278884e+00	3.278914e+00	3.278869e+00
2.511260631953241e-02	3.278878e+00	3.278856e+00	3.278916e+00
2.512260631953241e-02	3.278884e+00	3.278914e+00	3.278869e+00
2.513260631953241e-02	3.278878e+00	3.278856e+00	3.278916e+00
2.514260631953241e-02	3.278884e+00	3.278914e+00	3.278869e+00
2.515260631953241e-02	3.278878e+00	3.278856e+00	3.278916e+00
2.516260631953241e-02	3.278883e+00	3.278914e+00	3.278869e+00
2.517260631953241e-02	3.278878e+00	3.278856e+00	3.278916e+00
2.518260631953241e-02	3.278883e+00	3.278914e+00	3.278869e+00
2.519260631953241e-02	3.278878e+00	3.278856e+00	3.278916e+00
2.520260631953241e-02	3.278883e+00	3.278914e+00	3.278869e+00
2.521260631953241e-02	3.278878e+00	3.278856e+00	3.278916e+00
2.522260631953241e-02	3.278883e+00	3.278914e+00	3.278869e+00
2.523260631953241e-02	3.278878e+00	3.278856e+00	3.278916e+00
2.524260631953241e-02	3.278883e+00	3.278913e+00	3.278869e+00
2.525260631953241e-02	3.278878e+00	3.278857e+00	3.278916e+00
2.526260631953241e-02	3.278883e+00	3.278913e+00	3.278869e+00
2.527260631953241e-02	3.278878e+00	3.278857e+00	3.278916e+00
2.528260631953241e-02	3.278883e+00	3.278913e+00	3.278869e+00
2.529260631953241e-02	3.278878e+00	3.278857e+00	3.278916e+00
2.530260631953241e-02	3.278883e+00	3.278913e+00	3.278869e+00
2.531260631953241e-02	3.278878e+00	3.278857e+00	3.278916e+00
2.532260631953241e-02	3.278883e+00	3.278913e+00	3.278869e+00
2.533260631953241e-02	3.278878e+00	3.278857e+00	3.278916e+00
2.534260631953241e-02	3.278883e+00	3.278913e+00	3.278869e+00
2.535260631953241e-02	3.278878e+00	3.278857e+00	3.278916e+00
2.536260631953241e-02	3.278883e+00	3.278913e+00	3.278869e+00
2.537260631953241e-02	3.278878e+00	3.278857e+00	3.278916e+00
2.538260631953241e-02	3.278883e+00	3.278913e+00	3.278869e+00
2.539260631953241e-02	3.278878e+00	3.278857e+00	3.278916e+00
2.540260631953241e-02	3.278883e+00	3.278913e+00	3.278869e+00
2.541260631953241e-02	3.278878e+00	3.278857e+00	3.278916e+00
2.542260631953241e-02	3.278883e+00	3.278913e+00	3.278869e+00
2.543260631953241e-02	3.278878e+00	3.278857e+00	3.278916e+00
2.544260631953241e-02	3.278883e+00	3.278913e+00	3.278869e+00
2.545260631953241e-02	3.278878e+00	3.278857e+00	3.278916e+00
2.546260631953241e-02	3.278883e+00	3.278913e+00	3.278869e+00
2.547260631953241e-02	3.278878e+00	3.278857e+00	3.278916e+00
2.548260631953241e-02	3.278883e+00	3.278913e+00	3.278869e+00
2.549260631953241e-02	3.278878e+00	3.278857e+00	3.278916e+00
2.550260631953241e-02	3.278883e+00	3.278913e+00	3.278869e+00
2.551260631953241e-02	3.278878e+00	3.278857e+00	3.278916e+00
2.552260631953241e-02	3.278883e+00	3.278913e+00	3.278869e+00
2.553260631953241e-02	3.278878e+00	3.278857e+00	3.278916e+00
2.554260631953241e-02	3.278883e+00	3.278913e+00	3.278869e+00
2.555260631953241e-02	3.278878e+00	3.278857e+00	3.278916e+00
2.556260631953241e-02	3.278883e+00	3.278913e+00	3.278869e+00
2.557260631953241e-02	3.278878e+00	3.278857e+00	3.278916e+00
2.558260631953241e-02	3.278883e+00	3.278912e+00	3.278869e+00
2.559260631953241e-02	3.278878e+00	3.278858e+00	3.278916e+00
2.560260631953241e-02	3.278883e+00	3.278913e+00	3.278869e+00
2.561260631953241e-02	3.278878e+00	3.278858e+00	3.278916e+00
2.562260631953241e-02	3.278883e+00	3.278913e+00	3.278869e+00
2.563260631953241e-02	3.278878e+00	3.278858e+00	3.278916e+00
2.564260631953241e-02	3.278883e+00	3.278913e+00	3.278869e+00
2.565260631953241e-02	3.278878e+00	3.278858e+00	3.278916e+00
2.566260631953241e-02	3.278883e+00	3.278913e+00	3.278869e+00
2.567260631953241e-02	3.278878e+00	3.278858e+00	3.278915e+00
2.568260631953241e-02	3.278883e+00	3.278913e+00	3.278869e+00
2.569260631953241e-02	3.278878e+00	3.278858e+00	3.278915e+00
2.570260631953241e-02	3.278883e+00	3.278913e+00	3.278869e+00
2.571260631953241e-02	3.278878e+00	3.278858e+00	3.278915e+00
2.572260631953241e-02	3.278883e+00	3.278913e+00	3.278869e+00
2.573260631953241e-02	3.278878e+00	3.278858e+00	3.278915e+00
2.574260631953241e-02	3.278883e+00	3.278913e+00	3.278869e+00
2.575260631953241e-02	3.278878e+00	3.278858e+00	3.278915e+00
2.576260631953241e-02	3.278883e+00	3.278912e+00	3.278869e+00
2.577260631953241e-02	3.278879e+00	3.278858e+00	3.278915e+00
2.578260631953241e-02	3.278883e+00	3.278912e+00	3.278869e+00
2.579260631953241e-02	3.278879e+00	3.278858e+00	3.278915e+00
2.580260631953241e-02	3.278883e+00	3.278912e+00	3.278869e+00
2.581260631953241e-02	3.278879e+00	3.278858e+00	3.278915e+00
2.582260631953241e-02	3.278883e+00	3.278912e+00	3.278869e+00
2.583260631953241e-02	3.278879e+00	3.278858e+00	3.278915e+00
2.584260631953241e-02	3.278883e+00	3.278912e+00	3.278869e+00
2.585260631953241e-02	3.278879e+00	3.278858e+00	3.278915e+00
2.586260631953241e-02	3.278883e+00	3.278912e+00	3.278869e+00
2.587260631953241e-02	3.278879e+00	3.278858e+00	3.278915e+00
2.588260631953241e-02	3.278883e+00	3.278912e+00	3.278869e+00
2.589260631953241e-02	3.278879e+00	3.278858e+00	3.278915e+00
2.590260631953241e-02	3.278883e+00	3.278912e+00	3.278869e+00
2.591260631953241e-02	3.278879e+00	3.278858e+00	3.278915e+00
2.592260631953241e-02	3.278883e+00	3.278912e+00	3.278870e+00
2.593260631953241e-02	3.278879e+00	3.278858e+00	3.278915e+00
2.594260631953241e-02	3.278883e+00	3.278912e+00	3.278870e+00
2.595260631953241e-02	3.278879e+00	3.278858e+00	3.278915e+00
2.596260631953241e-02	3.278883e+00	3.278912e+00	3.278870e+00
2.597260631953241e-02	3.278879e+00	3.278858e+00	3.278915e+00
2.598260631953241e-02	3.278883e+00	3.278912e+00	3.278870e+00
2.599260631953241e-02	3.278879e+00	3.278858e+00	3.278915e+00
2.600260631953241e-02	3.278883e+00	3.278912e+00	3.278870e+00
2.601260631953241e-02	3.278879e+00	3.278858e+00	3.278915e+00
2.602260631953241e-02	3.278883e+00	3.278912e+00	3.278870e+00
2.603260631953241e-02	3.278879e+00	3.278858e+00	3.278915e+00
2.604260631953241e-02	3.278883e+00	3.278912e+00	3.278870e+00
2.605260631953241e-02	3.278879e+00	3.278858e+00	3.278915e+00
2.606260631953241e-02	3.278883e+00	3.278912e+00	3.278870e+00
2.607260631953241e-02	3.278879e+00	3.278858e+00	3.278915e+00
2.608260631953241e-02	3.278883e+00	3.278912e+00	3.278870e+00
2.609260631953241e-02	3.278879e+00	3.278858e+00	3.278915e+00
2.610260631953241e-02	3.278883e+00	3.278912e+00	3.278870e+00
2.611260631953241e-02	3.278879e+00	3.278858e+00	3.278915e+00
2.612260631953241e-02	3.278883e+00	3.278911e+00	3.278870e+00
2.613260631953241e-02	3.278879e+00	3.278859e+00	3.278915e+00
2.614260631953241e-02	3.278883e+00	3.278911e+00	3.278870e+00
2.615260631953241e-02	3.278879e+00	3.278859e+00	3.278915e+00
2.616260631953241e-02	3.278883e+00	3.278911e+00	3.278870e+00
2.617260631953241e-02	3.278879e+00	3.278859e+00	3.278915e+00
2.618260631953241e-02	3.278883e+00	3.278911e+00	3.278870e+00
2.619260631953241e-02	3.278879e+00	3.278859e+00	3.278915e+00
2.620260631953241e-02	3.278883e+00	3.278911e+00	3.278870e+00
2.621260631953241e-02	3.278879e+00	3.278859e+00	3.278915e+00
2.622260631953241e-02	3.278883e+00	3.278911e+00	3.278870e+00
2.623260631953241e-02	3.278879e+00	3.278859e+00	3.278915e+00
2.624260631953241e-02	3.278883e+00	3.278911e+00	3.278870e+00
2.625260631953241e-02	3.278879e+00	3.278859e+00	3.278915e+00
2.626260631953241e-02	3.278883e+00	3.278911e+00	3.278870e+00
2.627260631953241e-02	3.278879e+00	3.278859e+00	3.278915e+00
2.628260631953241e-02	3.278883e+00	3.278911e+00	3.278870e+00
2.629260631953241e-02	3.278879e+00	3.278859e+00	3.278915e+00
2.630260631953241e-02	3.278883e+00	3.278911e+00	3.278870e+00
2.631260631953241e-02	3.278879e+00	3.278859e+00	3.278915e+00
2.632260631953241e-02	3.278883e+00	3.278911e+00	3.278870e+00
2.633260631953241e-02	3.278879e+00	3.278859e+00	3.278915e+00
2.634260631953241e-02	3.278883e+00	3.278911e+00	3.278870e+00
2.635260631953241e-02	3.278879e+00	3.278859e+00	3.278915e+00
2.636260631953241e-02	3.278883e+00	3.278911e+00	3.278870e+00
2.637260631953241e-02	3.278879e+00	3.278859e+00	3.278915e+00
2.638260631953241e-02	3.278883e+00	3.278911e+00	3.278870e+00
2.639260631953241e-02	3.278879e+00	3.278859e+00	3.278915e+00
2.640260631953241e-02	3.278883e+00	3.278911e+00	3.278870e+00
2.641260631953241e-02	3.278879e+00	3.278859e+00	3.278915e+00
2.642260631953241e-02	3.278883e+00	3.278911e+00	3.278870e+00
2.643260631953241e-02	3.278879e+00	3.278859e+00	3.278915e+00
2.644260631953241e-02	3.278883e+00	3.278911e+00	3.278870e+00
2.645260631953241e-02	3.278879e+00	3.278859e+00	3.278915e+00
2.646260631953241e-02	3.278883e+00	3.278911e+00	3.278870e+00
2.647260631953241e-02	3.278879e+00	3.278859e+00	3.278914e+00
2.648260631953241e-02	3.278883e+00	3.278911e+00	3.278870e+00
2.649260631953241e-02	3.278879e+00	3.278859e+00	3.278914e+00
2.650260631953241e-02	3.278883e+00	3.278910e+00	3.278870e+00
2.651260631953241e-02	3.278878e+00	3.278860e+00	3.278914e+00
2.652260631953241e-02	3.278883e+00	3.278910e+00	3.278870e+00
2.653260631953241e-02	3.278878e+00	3.278860e+00	3.278914e+00
2.654260631953241e-02	3.278883e+00	3.278910e+00	3.278870e+00
2.655260631953241e-02	3.278878e+00	3.278860e+00	3.278914e+00
2.656260631953241e-02	3.278883e+00	3.278910e+00	3.278870e+00
2.657260631953241e-02	3.278878e+00	3.278860e+00	3.278914e+00
2.658260631953241e-02	3.278883e+00	3.278910e+00	3.278870e+00
2.659260631953241e-02	3.278878e+00	3.278860e+00	3.278914e+00
2.660260631953241e-02	3.278883e+00	3.278910e+00	3.278870e+00
2.661260631953241e-02	3.278878e+00	3.278860e+00	3.278914e+00
2.662260631953241e-02	3.278883e+00	3.278910e+00	3.278870e+00
2.663260631953241e-02	3.278878e+00	3.278860e+00	3.278914e+00
2.664260631953241e-02	3.278883e+00	3.278910e+00	3.278870e+00
2.665260631953241e-02	3.278878e+00	3.278860e+00	3.278914e+00
2.666260631953241e-02	3.278883e+00	3.278910e+00	3.278870e+00
2.667260631953241e-02	3.278878e+00	3.278860e+00	3.278914e+00
2.668260631953241e-02	3.278883e+00	3.278910e+00	3.278870e+00
2.669260631953241e-02	3.278878e+00	3.278860e+00	3.278914e+00
2.670260631953241e-02	3.278883e+00	3.278910e+00	3.278870e+00
2.671260631953241e-02	3.278878e+00	3.278860e+00	3.278914e+00
2.672260631953241e-02	3.278883e+00	3.278910e+00	3.278870e+00
2.673260631953241e-02	3.278878e+00	3.278860e+00	3.278914e+00
2.674260631953241e-02	3.278883e+00	3.278910e+00	3.278871e+00
2.675260631953241e-02	3.278878e+00	3.278860e+00	3.278914e+00
2.676260631953241e-02	3.278883e+00	3.278910e+00	3.278871e+00
2.677260631953241e-02	3.278878e+00	3.278860e+00	3.278914e+00
2.678260631953241e-02	3.278883e+00	3.278910e+00	3.278871e+00
2.679260631953241e-02	3.278878e+00	3.278860e+00	3.278914e+00
2.680260631953241e-02	3.278883e+00	3.278910e+00	3.278871e+00
2.681260631953241e-02	3.278878e+00	3.278860e+00	3.278914e+00
2.682260631953241e-02	3.278883e+00	3.278910e+00	3.278871e+00
2.683260631953241e-02	3.278878e+00	3.278860e+00	3.278914e+00
2.684260631953241e-02	3.278883e+00	3.278910e+00	3.278871e+00
2.685260631953241e-02	3.278878e+00	3.278860e+00	3.278914e+00
2.686260631953241e-02	3.278883e+00	3.278910e+00	3.278871e+00
2.687260631953241e-02	3.278878e+00	3.278860e+00	3.278914e+00
2.688260631953241e-02	3.278883e+00	3.278909e+00	3.278871e+00
2.689260631953241e-02	3.278878e+00	3.278861e+00	3.278914e+00
2.690260631953241e-02	3.278883e+00	3.278909e+00	3.278871e+00
2.691260631953241e-02	3.278878e+00	3.278861e+00	3.278914e+00
2.692260631953241e-02	3.278883e+00	3.278909e+00	3.278871e+00
2.693260631953241e-02	3.278878e+00	3.278861e+00	3.278914e+00
2.694260631953241e-02	3.278883e+00	3.278909e+00	3.278871e+00
2.695260631953241e-02	3.278878e+00	3.278861e+00	3.278914e+00
2.696260631953241e-02	3.278883e+00	3.278909e+00	3.278871e+00
2.697260631953241e-02	3.278878e+00	3.278861e+00	3.278914e+00
2.698260631953241e-02	3.278883e+00	3.278909e+00	3.278871e+00
2.699260631953241e-02	3.278878e+00	3.278861e+00	3.278914e+00
2.700260631953241e-02	3.278883e+00	3.278909e+00	3.278871e+00
2.701260631953241e-02	3.278878e+00	3.278861e+00	3.278914e+00
2.702260631953241e-02	3.278883e+00	3.278909e+00	3.278871e+00
2.703260631953241e-02	3.278878e+00	3.278861e+00	3.278914e+00
2.704260631953241e-02	3.278883e+00	3.278909e+00	3.278871e+00
2.705260631953241e-02	3.278878e+00	3.278861e+00	3.278914e+00
2.706260631953241e-02	3.278883e+00	3.278909e+00	3.278871e+00
2.707260631953241e-02	3.278878e+00	3.278861e+00	3.278914e+00
2.708260631953241e-02	3.278883e+00	3.278909e+00	3.278871e+00
2.709260631953241e-02	3.278878e+00	3.278861e+00	3.278914e+00
2.710260631953241e-02	3.278883e+00	3.278909e+00	3.278871e+00
2.711260631953241e-02	3.278878e+00	3.278861e+00	3.278914e+00
2.712260631953241e-02	3.278883e+00	3.278909e+00	3.278871e+00
2.713260631953241e-02	3.278878e+00	3.278861e+00	3.278914e+00
2.714260631953241e-02	3.278883e+00	3.278909e+00	3.278871e+00
2.715260631953241e-02	3.278878e+00	3.278861e+00	3.278914e+00
2.716260631953241e-02	3.278883e+00	3.278909e+00	3.278871e+00
2.717260631953241e-02	3.278878e+00	3.278861e+00	3.278914e+00
2.718260631953241e-02	3.278883e+00	3.278909e+00	3.278871e+00
2.719260631953241e-02	3.278878e+00	3.278861e+00	3.278914e+00
2.720260631953241e-02	3.278883e+00	3.278909e+00	3.278871e+00
2.721260631953241e-02	3.278878e+00	3.278861e+00	3.278914e+00
2.722260631953241e-02	3.278883e+00	3.278909e+00	3.278871e+00
2.723260631953241e-02	3.278878e+00	3.278861e+00	3.278914e+00
2.724260631953241e-02	3.278883e+00	3.278909e+00	3.278871e+00
2.725260631953241e-02	3.278878e+00	3.278861e+00	3.278914e+00
2.726260631953241e-02	3.278883e+00	3.278909e+00	3.278871e+00
2.727260631953241e-02	3.278878e+00	3.278861e+00	3.278914e+00
2.728260631953241e-02	3.278883e+00	3.278908e+00	3.278871e+00
2.729260631953241e-02	3.278878e+00	3.278861e+00	3.278914e+00
2.730260631953241e-02	3.278883e+00	3.278908e+00	3.278871e+00
2.731260631953241e-02	3.278878e+00	3.278862e+00	3.278913e+00
2.732260631953241e-02	3.278883e+00	3.278908e+00	3.278871e+00
2.733260631953241e-02	3.278878e+00	3.278862e+00	3.278913e+00
2.734260631953241e-02	3.278883e+00	3.278908e+00	3.278871e+00
2.735260631953241e-02	3.278878e+00	3.278862e+00	3.278913e+00
2.736260631953241e-02	3.278883e+00	3.278908e+00	3.278871e+00
2.737260631953241e-02	3.278878e+00	3.278862e+00	3.278913e+00
2.738260631953241e-02	3.278883e+00	3.278908e+00	3.278871e+00
2.739260631953241e-02	3.278878e+00	3.278862e+00	3.278913e+00
2.740260631953241e-02	3.278883e+00	3.278908e+00	3.278871e+00
2.741260631953241e-02	3.278878e+00	3.278862e+00	3.278913e+00
2.742260631953241e-02	3.278883e+00	3.278908e+00	3.278871e+00
2.743260631953241e-02	3.278878e+00	3.278862e+00	3.278913e+00
2.744260631953241e-02	3.278883e+00	3.278908e+00	3.278871e+00
2.745260631953241e-02	3.278878e+00	3.278862e+00	3.278913e+00
2.746260631953241e-02	3.278883e+00	3.278908e+00	3.278871e+00
2.747260631953241e-02	3.278878e+00	3.278862e+00	3.278913e+00
2.748260631953241e-02	3.278883e+00	3.278908e+00	3.278871e+00
2.749260631953241e-02	3.278878e+00	3.278862e+00	3.278913e+00
2.750260631953241e-02	3.278883e+00	3.278908e+00	3.278871e+00
2.751260631953241e-02	3.278878e+00	3.278862e+00	3.278913e+00
2.752260631953241e-02	3.278883e+00	3.278908e+00	3.278871e+00
2.753260631953241e-02	3.278878e+00	3.278862e+00	3.278913e+00
2.754260631953241e-02	3.278883e+00	3.278908e+00	3.278871e+00
2.755260631953241e-02	3.278878e+00	3.278862e+00	3.278913e+00
2.756260631953241e-02	3.278883e+00	3.278908e+00	3.278871e+00
2.757260631953241e-02	3.278878e+00	3.278862e+00	3.278913e+00
2.758260631953241e-02	3.278883e+00	3.278908e+00	3.278872e+00
2.759260631953241e-02	3.278878e+00	3.278862e+00	3.278913e+00
2.760260631953241e-02	3.278883e+00	3.278908e+00	3.278872e+00
2.761260631953241e-02	3.278878e+00	3.278862e+00	3.278913e+00
2.762260631953241e-02	3.278883e+00	3.278908e+00	3.278872e+00
2.763260631953241e-02	3.278878e+00	3.278862e+00	3.278913e+00
2.764260631953241e-02	3.278883e+00	3.278908e+00	3.278872e+00
2.765260631953241e-02	3.278878e+00	3.278862e+00	3.278913e+00
2.766260631953241e-02	3.278883e+00	3.278908e+00	3.278872e+00
2.767260631953241e-02	3.278878e+00	3.278862e+00	3.278913e+00
2.768260631953241e-02	3.278883e+00	3.278908e+00	3.278872e+00
2.769260631953241e-02	3.278878e+00	3.278862e+00	3.278913e+00
2.770260631953241e-02	3.278883e+00	3.278908e+00	3.278872e+00
2.771260631953241e-02	3.278878e+00	3.278862e+00	3.278913e+00
2.772260631953241e-02	3.278883e+00	3.278907e+00	3.278872e+00
2.773260631953241e-02	3.278878e+00	3.278863e+00	3.278913e+00
2.774260631953241e-02	3.278883e+00	3.278907e+00	3.278872e+00
2.775260631953241e-02	3.278878e+00	3.278863e+00	3.278913e+00
2.776260631953241e-02	3.278883e+00	3.278907e+00	3.278872e+00
2.777260631953241e-02	3.278878e+00	3.278863e+00	3.278913e+00
2.778260631953241e-02	3.278883e+00	3.278907e+00	3.278872e+00
2.779260631953241e-02	3.278878e+00	3.278863e+00	3.278913e+00
2.780260631953241e-02	3.278883e+00	3.278907e+00	3.278872e+00
2.781260631953241e-02	3.278878e+00	3.278863e+00	3.278913e+00
2.782260631953241e-02	3.278883e+00	3.278907e+00	3.278872e+00
2.783260631953241e-02	3.278878e+00	3.278863e+00	3.278913e+00
2.784260631953241e-02	3.278883e+00	3.278907e+00	3.278872e+00
2.785260631953241e-02	3.278878e+00	3.278863e+00	3.278913e+00
2.786260631953241e-02	3.278883e+00	3.278907e+00	3.278872e+00
2.787260631953241e-02	3.278878e+00	3.278863e+00	3.278913e+00
2.788260631953241e-02	3.278883e+00	3.278907e+00	3.278872e+00
2.789260631953241e-02	3.278878e+00	3.278863e+00	3.278913e+00
2.790260631953241e-02	3.278883e+00	3.278907e+00	3.278872e+00
2.791260631953241e-02	3.278878e+00	3.278863e+00	3.278913e+00
2.792260631953241e-02	3.278883e+00	3.278907e+00	3.278872e+00
2.793260631953241e-02	3.278878e+00	3.278863e+00	3.278913e+00
2.794260631953241e-02	3.278883e+00	3.278907e+00	3.278872e+00
2.795260631953241e-02	3.278878e+00	3.278863e+00	3.278913e+00
2.796260631953241e-02	3.278883e+00	3.278907e+00	3.278872e+00
2.797260631953241e-02	3.278878e+00	3.278863e+00	3.278913e+00
2.798260631953241e-02	3.278883e+00	3.278907e+00	3.278872e+00
2.799260631953241e-02	3.278878e+00	3.278863e+00	3.278913e+00
2.800260631953241e-02	3.278883e+00	3.278907e+00	3.278872e+00
2.801260631953241e-02	3.278878e+00	3.278863e+00	3.278913e+00
2.802260631953241e-02	3.278883e+00	3.278907e+00	3.278872e+00
2.803260631953241e-02	3.278878e+00	3.278863e+00	3.278913e+00
2.804260631953241e-02	3.278883e+00	3.278907e+00	3.278872e+00
2.805260631953241e-02	3.278878e+00	3.278863e+00	3.278913e+00
2.806260631953241e-02	3.278883e+00	3.278907e+00	3.278872e+00
2.807260631953241e-02	3.278878e+00	3.278863e+00	3.278913e+00
2.808260631953241e-02	3.278883e+00	3.278907e+00	3.278872e+00
2.809260631953241e-02	3.278878e+00	3.278863e+00	3.278913e+00
2.810260631953241e-02	3.278883e+00	3.278907e+00	3.278872e+00
2.811260631953241e-02	3.278878e+00	3.278863e+00	3.278913e+00
2.812260631953241e-02	3.278883e+00	3.278907e+00	3.278872e+00
2.813260631953241e-02	3.278878e+00	3.278863e+00	3.278913e+00
2.814260631953241e-02	3.278883e+00	3.278907e+00	3.278872e+00
2.815260631953241e-02	3.278878e+00	3.278863e+00	3.278913e+00
2.816260631953241e-02	3.278883e+00	3.278906e+00	3.278872e+00
2.817260631953241e-02	3.278878e+00	3.278864e+00	3.278913e+00
2.818260631953241e-02	3.278883e+00	3.278906e+00	3.278872e+00
2.819260631953241e-02	3.278878e+00	3.278864e+00	3.278912e+00
2.820260631953241e-02	3.278883e+00	3.278906e+00	3.278872e+00
2.821260631953241e-02	3.278878e+00	3.278864e+00	3.278912e+00
2.822260631953241e-02	3.278883e+00	3.278906e+00	3.278872e+00
2.823260631953241e-02	3.278878e+00	3.278864e+00	3.278912e+00
2.824260631953241e-02	3.278883e+00	3.278906e+00	3.278872e+00
2.825260631953241e-02	3.278878e+00	3.278864e+00	3.278912e+00
2.826260631953241e-02	3.278883e+00	3.278906e+00	3.278872e+00
2.827260631953241e-02	3.278878e+00	3.278864e+00	3.278912e+00
2.828260631953241e-02	3.278883e+00	3.278906e+00	3.278872e+00
2.829260631953241e-02	3.278878e+00	3.278864e+00	3.278912e+00
2.830260631953241e-02	3.278883e+00	3.278906e+00	3.278872e+00
2.831260631953241e-02	3.278878e+00	3.278864e+00	3.278912e+00
2.832260631953241e-02	3.278883e+00	3.278906e+00	3.278872e+00
2.833260631953241e-02	3.278878e+00	3.278864e+00	3.278912e+00
2.834260631953241e-02	3.278883e+00	3.278906e+00	3.278872e+00
2.835260631953241e-02	3.278878e+00	3.278864e+00	3.278912e+00
2.836260631953241e-02	3.278883e+00	3.278906e+00	3.278872e+00
2.837260631953241e-02	3.278878e+00	3.278864e+00	3.278912e+00
2.838260631953241e-02	3.278883e+00	3.278906e+00	3.278872e+00
2.839260631953241e-02	3.278878e+00	3.278864e+00	3.278912e+00
2.840260631953241e-02	3.278883e+00	3.278906e+00	3.278872e+00
2.841260631953241e-02	3.278878e+00	3.278864e+00	3.278912e+00
2.842260631953241e-02	3.278883e+00	3.278906e+00	3.278872e+00
2.843260631953241e-02	3.278878e+00	3.278864e+00	3.278912e+00
2.844260631953241e-02	3.278883e+00	3.278906e+00	3.278872e+00
2.845260631953241e-02	3.278878e+00	3.278864e+00	3.278912e+00
2.846260631953241e-02	3.278883e+00	3.278906e+00	3.278873e+00
2.847260631953241e-02	3.278878e+00	3.278864e+00	3.278912e+00
2.848260631953241e-02	3.278883e+00	3.278906e+00	3.278873e+00
2.849260631953241e-02	3.278878e+00	3.278864e+00	3.278912e+00
2.850260631953241e-02	3.278882e+00	3.278906e+00	3.278873e+00
2.851260631953241e-02	3.278878e+00	3.278864e+00	3.278912e+00
2.852260631953241e-02	3.278882e+00	3.278906e+00	3.278873e+00
2.853260631953241e-02	3.278878e+00	3.278864e+00	3.278912e+00
2.854260631953241e-02	3.278882e+00	3.278906e+00	3.278873e+00
2.855260631953241e-02	3.278878e+00	3.278864e+00	3.278912e+00
2.856260631953241e-02	3.278882e+00	3.278906e+00	3.278873e+00
2.857260631953241e-02	3.278878e+00	3.278864e+00	3.278912e+00
2.858260631953241e-02	3.278882e+00	3.278906e+00	3.278873e+00
2.859260631953241e-02	3.278878e+00	3.278864e+00	3.278912e+00
2.860260631953241e-02	3.278882e+00	3.278906e+00	3.278873e+00
2.861260631953241e-02	3.278878e+00	3.278864e+00	3.278912e+00
2.862260631953241e-02	3.278882e+00	3.278905e+00	3.278873e+00
2.863260631953241e-02	3.278878e+00	3.278865e+00	3.278912e+00
2.864260631953241e-02	3.278882e+00	3.278905e+00	3.278873e+00
2.865260631953241e-02	3.278878e+00	3.278865e+00	3.278912e+00
2.866260631953241e-02	3.278882e+00	3.278905e+00	3.278873e+00
2.867260631953241e-02	3.278878e+00	3.278865e+00	3.278912e+00
2.868260631953241e-02	3.278882e+00	3.278905e+00	3.278873e+00
2.869260631953241e-02	3.278878e+00	3.278865e+00	3.278912e+00
2.870260631953241e-02	3.278882e+00	3.278905e+00	3.278873e+00
2.871260631953241e-02	3.278878e+00	3.278865e+00	3.278912e+00
2.872260631953241e-02	3.278882e+00	3.278905e+00	3.278873e+00
2.873260631953241e-02	3.278878e+00	3.278865e+00	3.278912e+00
2.874260631953241e-02	3.278882e+00	3.278905e+00	3.278873e+00
2.875260631953241e-02	3.278878e+00	3.278865e+00	3.278912e+00
2.876260631953241e-02	3.278882e+00	3.278905e+00	3.278873e+00
2.877260631953241e-02	3.278878e+00	3.278865e+00	3.278912e+00
2.878260631953241e-02	3.278882e+00	3.278905e+00	3.278873e+00
2.879260631953241e-02	3.278878e+00	3.278865e+00	3.278912e+00
2.880260631953241e-02	3.278882e+00	3.278905e+00	3.278873e+00
2.881260631953241e-02	3.278878e+00	3.278865e+00	3.278912e+00
2.882260631953241e-02	3.278882e+00	3.278905e+00	3.278873e+00
2.883260631953241e-02	3.278878e+00	3.278865e+00	3.278912e+00
2.884260631953241e-02	3.278882e+00	3.278905e+00	3.278873e+00
2.885260631953241e-02	3.278878e+00	3.278865e+00	3.278912e+00
2.886260631953241e-02	3.278882e+00	3.278905e+00	3.278873e+00
2.887260631953241e-02	3.278878e+00	3.278865e+00	3.278912e+00
2.888260631953241e-02	3.278882e+00	3.278905e+00	3.278873e+00
2.889260631953241e-02	3.278878e+00	3.278865e+00	3.278912e+00
2.890260631953241e-02	3.278882e+00	3.278905e+00	3.278873e+00
2.891260631953241e-02	3.278878e+00	3.278865e+00	3.278912e+00
2.892260631953241e-02	3.278882e+00	3.278905e+00	3.278873e+00
2.893260631953241e-02	3.278878e+00	3.278865e+00	3.278912e+00
2.894260631953241e-02	3.278882e+00	3.278905e+00	3.278873e+00
2.895260631953241e-02	3.278878e+00	3.278865e+00	3.278912e+00
2.896260631953241e-02	3.278882e+00	3.278905e+00	3.278873e+00
2.897260631953241e-02	3.278878e+00	3.278865e+00	3.278912e+00
2.898260631953241e-02	3.278882e+00	3.278905e+00	3.278873e+00
2.899260631953241e-02	3.278878e+00	3.278865e+00	3.278912e+00
2.900260631953241e-02	3.278882e+00	3.278905e+00	3.278873e+00
2.901260631953241e-02	3.278878e+00	3.278865e+00	3.278912e+00
2.902260631953241e-02	3.278882e+00	3.278905e+00	3.278873e+00
2.903260631953241e-02	3.278878e+00	3.278865e+00	3.278912e+00
2.904260631953241e-02	3.278882e+00	3.278905e+00	3.278873e+00
2.905260631953241e-02	3.278878e+00	3.278865e+00	3.278912e+00
2.906260631953241e-02	3.278882e+00	3.278905e+00	3.278873e+00
2.907260631953241e-02	3.278878e+00	3.278865e+00	3.278912e+00
2.908260631953241e-02	3.278882e+00	3.278905e+00	3.278873e+00
2.909260631953241e-02	3.278878e+00	3.278865e+00	3.278912e+00
2.910260631953241e-02	3.278882e+00	3.278905e+00	3.278873e+00
2.911260631953241e-02	3.278878e+00	3.278865e+00	3.278912e+00
2.912260631953241e-02	3.278882e+00	3.278904e+00	3.278873e+00
2.913260631953241e-02	3.278878e+00	3.278866e+00	3.278912e+00
2.914260631953241e-02	3.278882e+00	3.278904e+00	3.278873e+00
2.915260631953241e-02	3.278878e+00	3.278866e+00	3.278912e+00
2.916260631953241e-02	3.278882e+00	3.278904e+00	3.278873e+00
2.917260631953241e-02	3.278878e+00	3.278866e+00	3.278912e+00
2.918260631953241e-02	3.278882e+00	3.278904e+00	3.278873e+00
2.919260631953241e-02	3.278878e+00	3.278866e+00	3.278912e+00
2.920260631953241e-02	3.278882e+00	3.278904e+00	3.278873e+00
2.921260631953241e-02	3.278878e+00	3.278866e+00	3.278912e+00
2.922260631953241e-02	3.278882e+00	3.278904e+00	3.278873e+00
2.923260631953241e-02	3.278878e+00	3.278866e+00	3.278912e+00
2.924260631953241e-02	3.278882e+00	3.278904e+00	3.278873e+00
2.925260631953241e-02	3.278878e+00	3.278866e+00	3.278912e+00
2.926260631953241e-02	3.278882e+00	3.278904e+00	3.278873e+00
2.927260631953241e-02	3.278878e+00	3.278866e+00	3.278912e+00
2.928260631953241e-02	3.278882e+00	3.278904e+00	3.278873e+00
2.929260631953241e-02	3.278878e+00	3.278866e+00	3.278912e+00
2.930260631953241e-02	3.278882e+00	3.278904e+00	3.278873e+00
2.931260631953241e-02	3.278878e+00	3.278866e+00	3.278912e+00
2.932260631953241e-02	3.278882e+00	3.278904e+00	3.278873e+00
2.933260631953241e-02	3.278878e+00	3.278866e+00	3.278911e+00
2.934260631953241e-02	3.278882e+00	3.278904e+00	3.278873e+00
2.935260631953241e-02	3.278878e+00	3.278866e+00	3.278911e+00
2.936260631953241e-02	3.278882e+00	3.278904e+00	3.278873e+00
2.937260631953241e-02	3.278878e+00	3.278866e+00	3.278911e+00
2.938260631953241e-02	3.278882e+00	3.278904e+00	3.278874e+00
2.939260631953241e-02	3.278878e+00	3.278866e+00	3.278911e+00
2.940260631953241e-02	3.278882e+00	3.278904e+00	3.278874e+00
2.941260631953241e-02	3.278878e+00	3.278866e+00	3.278911e+00
2.942260631953241e-02	3.278882e+00	3.278904e+00	3.278874e+00
2.943260631953241e-02	3.278878e+00	3.278866e+00	3.278911e+00
2.944260631953241e-02	3.278882e+00	3.278904e+00	3.278874e+00
2.945260631953241e-02	3.278878e+00	3.278866e+00	3.278911e+00
2.946260631953241e-02	3.278882e+00	3.278904e+00	3.278874e+00
2.947260631953241e-02	3.278878e+00	3.278866e+00	3.278911e+00
2.948260631953241e-02	3.278882e+00	3.278904e+00	3.278874e+00
2.949260631953241e-02	3.278878e+00	3.278866e+00	3.278911e+00
2.950260631953241e-02	3.278882e+00	3.278904e+00	3.278874e+00
2.951260631953241e-02	3.278878e+00	3.278866e+00	3.278911e+00
2.952260631953241e-02	3.278882e+00	3.278904e+00	3.278874e+00
2.953260631953241e-02	3.278878e+00	3.278866e+00	3.278911e+00
2.954260631953241e-02	3.278882e+00	3.278904e+00	3.278874e+00
2.955260631953241e-02	3.278878e+00	3.278866e+00	3.278911e+00
2.956260631953241e-02	3.278882e+00	3.278904e+00	3.278874e+00
2.957260631953241e-02	3.278878e+00	3.278866e+00	3.278911e+00
2.958260631953241e-02	3.278882e+00	3.278904e+00	3.278874e+00
2.959260631953241e-02	3.278878e+00	3.278866e+00	3.278911e+00
2.960260631953241e-02	3.278882e+00	3.278904e+00	3.278874e+00
2.961260631953241e-02	3.278878e+00	3.278866e+00	3.278911e+00
2.962260631953241e-02	3.278882e+00	3.278903e+00	3.278874e+00
2.963260631953241e-02	3.278878e+00	3.278866e+00	3.278911e+00
2.964260631953241e-02	3.278882e+00	3.278903e+00	3.278874e+00
2.965260631953241e-02	3.278878e+00	3.278867e+00	3.278911e+00
2.966260631953241e-02	3.278882e+00	3.278903e+00	3.278874e+00
2.967260631953241e-02	3.278878e+00	3.278867e+00	3.278911e+00
2.968260631953241e-02	3.278882e+00	3.278903e+00	3.278874e+00
2.969260631953241e-02	3.278878e+00	3.278867e+00	3.278911e+00
2.970260631953241e-02	3.278882e+00	3.278903e+00	3.278874e+00
2.971260631953241e-02	3.278878e+00	3.278867e+00	3.278911e+00
2.972260631953241e-02	3.278882e+00	3.278903e+00	3.278874e+00
2.973260631953241e-02	3.278878e+00	3.278867e+00	3.278911e+00
2.974260631953241e-02	3.278882e+00	3.278903e+00	3.278874e+00
2.975260631953241e-02	3.278878e+00	3.278867e+00	3.278911e+00
2.976260631953241e-02	3.278882e+00	3.278903e+00	3.278874e+00
2.977260631953241e-02	3.278878e+00	3.278867e+00	3.278911e+00
2.978260631953241e-02	3.278882e+00	3.278903e+00	3.278874e+00
2.979260631953241e-02	3.278878e+00	3.278867e+00	3.278911e+00
2.980260631953241e-02	3.278882e+00	3.278903e+00	3.278874e+00
2.981260631953241e-02	3.278878e+00	3.278867e+00	3.278911e+00
2.982260631953241e-02	3.278882e+00	3.278903e+00	3.278874e+00
2.983260631953241e-02	3.278878e+00	3.278867e+00	3.278911e+00
2.984260631953241e-02	3.278882e+00	3.278903e+00	3.278874e+00
2.985260631953241e-02	3.278878e+00	3.278867e+00	3.278911e+00
2.986260631953241e-02	3.278882e+00	3.278903e+00	3.278874e+00
2.987260631953241e-02	3.278878e+00	3.278867e+00	3.278911e+00
2.988260631953241e-02	3.278882e+00	3.278903e+00	3.278874e+00
2.989260631953241e-02	3.278878e+00	3.278867e+00	3.278911e+00
2.990260631953241e-02	3.278882e+00	3.278903e+00	3.278874e+00
2.991260631953241e-02	3.278878e+00	3.278867e+00	3.278911e+00
2.992260631953241e-02	3.278882e+00	3.278903e+00	3.278874e+00
2.993260631953241e-02	3.278878e+00	3.278867e+00	3.278911e+00
2.994260631953241e-02	3.278882e+00	3.278903e+00	3.278874e+00
2.995260631953241e-02	3.278878e+00	3.278867e+00	3.278911e+00
2.996260631953241e-02	3.278882e+00	3.278903e+00	3.278874e+00
2.997260631953241e-02	3.278878e+00	3.278867e+00	3.278911e+00
2.998260631953241e-02	3.278882e+00	3.278903e+00	3.278874e+00
2.999260631953241e-02	3.278878e+00	3.278867e+00	3.278911e+00
3.000000000000000e-02	3.278882e+00	3.278903e+00	3.278874e+00
3.000010000000000e-02	3.278879e+00	3.278868e+00	3.278910e+00
3.000020000000000e-02	3.278937e+00	3.278958e+00	3.278909e+00
3.000020383965100e-02	3.278941e+00	3.278953e+00	3.278924e+00
3.000021151895299e-02	3.278950e+00	3.278956e+00	3.278936e+00
3.000022687755697e-02	3.278971e+00	3.278980e+00	3.278945e+00
3.000025759476494e-02	3.279020e+00	3.279030e+00	3.278977e+00
3.000030532882402e-02	3.279108e+00	3.279124e+00	3.279029e+00
3.000040079694219e-02	3.279304e+00	3.279332e+00	3.279156e+00
3.000042000671127e-02	3.279344e+00	3.279376e+00	3.279181e+00
3.000045842624943e-02	3.279423e+00	3.279462e+00	3.279235e+00
3.000053526532575e-02	3.279574e+00	3.279627e+00	3.279339e+00
3.000068894347839e-02	3.279703e+00	3.279810e+00	3.279487e+00
3.000090059412232e-02	3.278666e+00	3.279000e+00	3.279231e+00
3.000132389541018e-02	3.270529e+00	3.271491e+00	3.276130e+00
3.000194227196450e-02	3.251574e+00	3.244880e+00	3.264264e+00
3.000278535120198e-02	3.215706e+00	3.190118e+00	3.238360e+00
3.000294356261094e-02	3.207676e+00	3.177871e+00	3.232847e+00
3.000325998542885e-02	3.192393e+00	3.152606e+00	3.221466e+00
3.000389283106467e-02	3.165220e+00	3.099987e+00	3.198017e+00
3.000405104247363e-02	3.159244e+00	3.086865e+00	3.192199e+00
3.000436746529154e-02	3.146327e+00	3.062185e+00	3.181037e+00
3.000500031092736e-02	3.109250e+00	3.024361e+00	3.162462e+00
3.000569103716200e-02	3.063242e+00	2.994567e+00	3.145007e+00
3.000652484190388e-02	3.012843e+00	2.967885e+00	3.125370e+00
3.000790201248849e-02	2.939856e+00	2.935615e+00	3.099386e+00
3.000987363437175e-02	2.867367e+00	2.893404e+00	3.071490e+00
3.001211494684503e-02	2.795054e+00	2.871685e+00	3.046382e+00
3.001437406886615e-02	2.731994e+00	2.864498e+00	3.025114e+00
3.001889231290838e-02	2.612907e+00	2.855901e+00	2.987067e+00
3.002792880099285e-02	2.193485e+00	2.759285e+00	2.898632e+00
3.003792880099285e-02	1.703760e+00	2.294637e+00	2.772167e+00
3.003917880099285e-02	1.645718e+00	2.243744e+00	2.753893e+00
3.004167880099285e-02	1.533146e+00	2.143187e+00	2.717359e+00
3.004667880099285e-02	1.328931e+00	1.949966e+00	2.654196e+00
3.004792880099285e-02	1.281010e+00	1.902227e+00	2.654064e+00
3.005042880099285e-02	1.188341e+00	1.809281e+00	2.653992e+00
3.005542880099285e-02	1.025612e+00	1.641689e+00	2.652569e+00
3.006542880099285e-02	7.634135e-01	1.356142e+00	2.569736e+00
3.007542880099285e-02	5.573292e-01	1.116771e+00	2.471990e+00
3.008542880099285e-02	3.945578e-01	9.172558e-01	2.384530e+00
3.009542880099285e-02	2.679169e-01	7.502404e-01	2.258202e+00
3.010542880099285e-02	1.790278e-01	6.098832e-01	2.106294e+00
3.011542880099285e-02	1.342384e-01	4.967511e-01	1.958557e+00
3.012542880099285e-02	1.259858e-01	4.116047e-01	1.823240e+00
3.013542880099285e-02	1.351103e-01	3.509898e-01	1.691520e+00
3.014542880099285e-02	1.496428e-01	3.105220e-01	1.572522e+00
3.015542880099285e-02	1.656844e-01	2.858572e-01	1.458306e+00
3.016542880099285e-02	1.815222e-01	2.723681e-01	1.355599e+00
3.017542880099285e-02	1.965882e-01	2.663392e-01	1.258064e+00
3.018542880099285e-02	2.103350e-01	2.646818e-01	1.170410e+00
3.019542880099285e-02	2.227098e-01	2.655343e-01	1.087910e+00
3.020542880099285e-02	2.335243e-01	2.675217e-01	1.013678e+00
3.021542880099285e-02	2.429040e-01	2.700006e-01	9.443067e-01
3.022542880099285e-02	2.508426e-01	2.724688e-01	8.817717e-01
3.023542880099285e-02	2.575306e-01	2.747812e-01	8.236487e-01
3.024542880099285e-02	2.630456e-01	2.767820e-01	7.711382e-01
3.025542880099285e-02	2.675835e-01	2.784939e-01	7.225305e-01
3.026542880099285e-02	2.712449e-01	2.798857e-01	6.784851e-01
3.027542880099285e-02	2.741897e-01	2.810111e-01	6.377700e-01
3.028542880099285e-02	2.765138e-01	2.818820e-01	6.007321e-01
3.029542880099285e-02	2.783452e-01	2.825566e-01	5.664357e-01
3.030542880099285e-02	2.797592e-01	2.830537e-01	5.349668e-01
3.031542880099285e-02	2.808474e-01	2.834176e-01	5.056458e-01
3.032542880099285e-02	2.816665e-01	2.836670e-01	4.785710e-01
3.033542880099285e-02	2.822810e-01	2.838348e-01	4.535742e-01
3.034542880099285e-02	2.827327e-01	2.839379e-01	4.310287e-01
3.035542880099285e-02	2.830646e-01	2.839980e-01	4.108681e-01
3.036542880099285e-02	2.833028e-01	2.840254e-01	3.931020e-01
3.037542880099285e-02	2.834726e-01	2.840317e-01	3.774892e-01
3.038542880099285e-02	2.835897e-01	2.840227e-01	3.638756e-01
3.039542880099285e-02	2.836690e-01	2.840044e-01	3.520370e-01
3.040542880099285e-02	2.837201e-01	2.839806e-01	3.417921e-01
3.041542880099285e-02	2.837511e-01	2.839537e-01	3.329649e-01
3.042542880099285e-02	2.837681e-01	2.839264e-01	3.253764e-01
3.043542880099285e-02	2.837750e-01	2.838990e-01	3.188944e-01
3.044542880099285e-02	2.837757e-01	2.838736e-01	3.133526e-01
3.045542880099285e-02	2.837717e-01	2.838493e-01	3.086566e-01
3.046542880099285e-02	2.837656e-01	2.838278e-01	3.046579e-01
3.047542880099285e-02	2.837576e-01	2.838077e-01	3.012944e-01
3.048542880099285e-02	2.837495e-01	2.837905e-01	2.984366e-01
3.049542880099285e-02	2.837408e-01	2.837744e-01	2.960497e-01
3.050542880099285e-02	2.837329e-01	2.837611e-01	2.940219e-01
3.051542880099285e-02	2.837249e-01	2.837486e-01	2.923404e-01
3.052542880099285e-02	2.837181e-01	2.837384e-01	2.909087e-01
3.053542880099285e-02	2.837112e-01	2.837288e-01	2.897311e-01
3.054542880099285e-02	2.837057e-01	2.837211e-01	2.887233e-01
3.055542880099285e-02	2.837000e-01	2.837136e-01	2.879025e-01
3.056542880099285e-02	2.836956e-01	2.837079e-01	2.871941e-01
3.057542880099285e-02	2.836910e-01	2.837021e-01	2.866244e-01
3.058542880099285e-02	2.836876e-01	2.836978e-01	2.861262e-01
3.059542880099285e-02	2.836839e-01	2.836932e-01	2.857325e-01
3.060542880099285e-02	2.836812e-01	2.836900e-01	2.853815e-01
3.061542880099285e-02	2.836782e-01	2.836863e-01	2.851108e-01
3.062542880099285e-02	2.836762e-01	2.836838e-01	2.848625e-01
3.063542880099285e-02	2.836737e-01	2.836808e-01	2.846774e-01
3.064542880099285e-02	2.836721e-01	2.836789e-01	2.845008e-01
3.065542880099285e-02	2.836699e-01	2.836763e-01	2.843753e-01
3.066542880099285e-02	2.836687e-01	2.836748e-01	2.842485e-01
3.067542880099285e-02	2.836669e-01	2.836726e-01	2.841645e-01
3.068542880099285e-02	2.836658e-01	2.836714e-01	2.840724e-01
3.069542880099285e-02	2.836642e-01	2.836695e-01	2.840172e-01
3.070542880099285e-02	2.836634e-01	2.836685e-01	2.839492e-01
3.071542880099285e-02	2.836620e-01	2.836668e-01	2.839141e-01
3.072542880099285e-02	2.836613e-01	2.836660e-01	2.838629e-01
3.073542880099285e-02	2.836600e-01	2.836644e-01	2.838417e-01
3.074542880099285e-02	2.836594e-01	2.836637e-01	2.838022e-01
3.075542880099285e-02	2.836582e-01	2.836623e-01	2.837905e-01
3.076542880099285e-02	2.836576e-01	2.836617e-01	2.837592e-01
3.077542880099285e-02	2.836565e-01	2.836603e-01	2.837543e-01
3.078542880099285e-02	2.836560e-01	2.836598e-01	2.837287e-01
3.079542880099285e-02	2.836550e-01	2.836584e-01	2.837284e-01
3.080542880099285e-02	2.836546e-01	2.836580e-01	2.837068e-01
3.081542880099285e-02	2.836535e-01	2.836567e-01	2.837097e-01
3.082542880099285e-02	2.836531e-01	2.836563e-01	2.836910e-01
3.083542880099285e-02	2.836521e-01	2.836551e-01	2.836961e-01
3.084542880099285e-02	2.836518e-01	2.836547e-01	2.836793e-01
3.085542880099285e-02	2.836508e-01	2.836536e-01	2.836860e-01
3.086542880099285e-02	2.836505e-01	2.836532e-01	2.836706e-01
3.087542880099285e-02	2.836496e-01	2.836521e-01	2.836784e-01
3.088542880099285e-02	2.836493e-01	2.836518e-01	2.836641e-01
3.089542880099285e-02	2.836484e-01	2.836507e-01	2.836725e-01
3.090542880099285e-02	2.836481e-01	2.836504e-01	2.836589e-01
3.091542880099285e-02	2.836472e-01	2.836493e-01	2.836679e-01
3.092542880099285e-02	2.836470e-01	2.836490e-01	2.836548e-01
3.093542880099285e-02	2.836461e-01	2.836480e-01	2.836641e-01
3.094542880099285e-02	2.836459e-01	2.836477e-01	2.836514e-01
3.095542880099285e-02	2.836450e-01	2.836467e-01	2.836610e-01
3.096542880099285e-02	2.836448e-01	2.836465e-01	2.836486e-01
3.097542880099285e-02	2.836439e-01	2.836455e-01	2.836583e-01
3.098542880099285e-02	2.836437e-01	2.836452e-01	2.836462e-01
3.099542880099285e-02	2.836429e-01	2.836443e-01	2.836559e-01
3.100542880099285e-02	2.836427e-01	2.836441e-01	2.836440e-01
3.101542880099285e-02	2.836419e-01	2.836431e-01	2.836538e-01
3.102542880099285e-02	2.836418e-01	2.836429e-01	2.836421e-01
3.103542880099285e-02	2.836410e-01	2.836420e-01	2.836519e-01
3.104542880099285e-02	2.836408e-01	2.836418e-01	2.836403e-01
3.105542880099285e-02	2.836400e-01	2.836409e-01	2.836501e-01
3.106542880099285e-02	2.836399e-01	2.836407e-01	2.836387e-01
3.107542880099285e-02	2.836391e-01	2.836398e-01	2.836485e-01
3.108542880099285e-02	2.836390e-01	2.836397e-01	2.836372e-01
3.109542880099285e-02	2.836382e-01	2.836388e-01	2.836469e-01
3.110542880099285e-02	2.836381e-01	2.836387e-01	2.836357e-01
3.111542880099285e-02	2.836374e-01	2.836378e-01	2.836454e-01
3.112542880099285e-02	2.836373e-01	2.836377e-01	2.836343e-01
3.113542880099285e-02	2.836365e-01	2.836368e-01	2.836440e-01
3.114542880099285e-02	2.836365e-01	2.836367e-01	2.836330e-01
3.115542880099285e-02	2.836357e-01	2.836359e-01	2.836427e-01
3.116542880099285e-02	2.836357e-01	2.836358e-01	2.836317e-01
3.117542880099285e-02	2.836349e-01	2.836350e-01	2.836413e-01
3.118542880099285e-02	2.836349e-01	2.836349e-01	2.836305e-01
3.119542880099285e-02	2.836342e-01	2.836341e-01	2.836401e-01
3.120542880099285e-02	2.836341e-01	2.836340e-01	2.836293e-01
3.121542880099285e-02	2.836334e-01	2.836332e-01	2.836388e-01
3.122542880099285e-02	2.836334e-01	2.836331e-01	2.836282e-01
3.123542880099285e-02	2.836327e-01	2.836324e-01	2.836377e-01
3.124542880099285e-02	2.836327e-01	2.836323e-01	2.836271e-01
3.125542880099285e-02	2.836320e-01	2.836315e-01	2.836365e-01
3.126542880099285e-02	2.836320e-01	2.836315e-01	2.836260e-01
3.127542880099285e-02	2.836313e-01	2.836307e-01	2.836354e-01
3.128542880099285e-02	2.836313e-01	2.836307e-01	2.836250e-01
3.129542880099285e-02	2.836306e-01	2.836300e-01	2.836343e-01
3.130542880099285e-02	2.836306e-01	2.836300e-01	2.836240e-01
3.131542880099285e-02	2.836300e-01	2.836292e-01	2.836332e-01
3.132542880099285e-02	2.836300e-01	2.836292e-01	2.836230e-01
3.133542880099285e-02	2.836294e-01	2.836285e-01	2.836322e-01
3.134542880099285e-02	2.836294e-01	2.836285e-01	2.836220e-01
3.135542880099285e-02	2.836288e-01	2.836278e-01	2.836312e-01
3.136542880099285e-02	2.836288e-01	2.836278e-01	2.836211e-01
3.137542880099285e-02	2.836282e-01	2.836271e-01	2.836302e-01
3.138542880099285e-02	2.836282e-01	2.836271e-01	2.836202e-01
3.139542880099285e-02	2.836276e-01	2.836264e-01	2.836293e-01
3.140542880099285e-02	2.836276e-01	2.836264e-01	2.836194e-01
3.141542880099285e-02	2.836270e-01	2.836257e-01	2.836284e-01
3.142542880099285e-02	2.836270e-01	2.836258e-01	2.836185e-01
3.143542880099285e-02	2.836265e-01	2.836251e-01	2.836275e-01
3.144542880099285e-02	2.836265e-01	2.836251e-01	2.836177e-01
3.145542880099285e-02	2.836259e-01	2.836245e-01	2.836266e-01
3.146542880099285e-02	2.836260e-01	2.836245e-01	2.836169e-01
3.147542880099285e-02	2.836254e-01	2.836239e-01	2.836258e-01
3.148542880099285e-02	2.836255e-01	2.836239e-01	2.836161e-01
3.149542880099285e-02	2.836249e-01	2.836233e-01	2.836250e-01
3.150542880099285e-02	2.836250e-01	2.836233e-01	2.836154e-01
3.151542880099285e-02	2.836244e-01	2.836227e-01	2.836241e-01
3.152542880099285e-02	2.836245e-01	2.836228e-01	2.836146e-01
3.153542880099285e-02	2.836239e-01	2.836222e-01	2.836234e-01
3.154542880099285e-02	2.836240e-01	2.836222e-01	2.836139e-01
3.155542880099285e-02	2.836235e-01	2.836216e-01	2.836226e-01
3.156542880099285e-02	2.836236e-01	2.836217e-01	2.836132e-01
3.157542880099285e-02	2.836230e-01	2.836211e-01	2.836219e-01
3.158542880099285e-02	2.836231e-01	2.836212e-01	2.836126e-01
3.159542880099285e-02	2.836226e-01	2.836206e-01	2.836212e-01
3.160542880099285e-02	2.836227e-01	2.836207e-01	2.836119e-01
3.161542880099285e-02	2.836222e-01	2.836201e-01	2.836205e-01
3.162542880099285e-02	2.836222e-01	2.836202e-01	2.836113e-01
3.163542880099285e-02	2.836218e-01	2.836196e-01	2.836198e-01
3.164542880099285e-02	2.836219e-01	2.836197e-01	2.836107e-01
3.165542880099285e-02	2.836213e-01	2.836191e-01	2.836191e-01
3.166542880099285e-02	2.836214e-01	2.836193e-01	2.836101e-01
3.167542880099285e-02	2.836210e-01	2.836187e-01	2.836185e-01
3.168542880099285e-02	2.836211e-01	2.836188e-01	2.836095e-01
3.169542880099285e-02	2.836206e-01	2.836182e-01	2.836178e-01
3.170542880099285e-02	2.836207e-01	2.836184e-01	2.836089e-01
3.171542880099285e-02	2.836202e-01	2.836178e-01	2.836172e-01
3.172542880099285e-02	2.836203e-01	2.836179e-01	2.836084e-01
3.173542880099285e-02	2.836199e-01	2.836174e-01	2.836166e-01
3.174542880099285e-02	2.836200e-01	2.836175e-01	2.836079e-01
3.175542880099285e-02	2.836195e-01	2.836170e-01	2.836161e-01
3.176542880099285e-02	2.836196e-01	2.836171e-01	2.836074e-01
3.177542880099285e-02	2.836192e-01	2.836166e-01	2.836155e-01
3.178542880099285e-02	2.836193e-01	2.836167e-01	2.836068e-01
3.179542880099285e-02	2.836188e-01	2.836162e-01	2.836149e-01
3.180542880099285e-02	2.836190e-01	2.836164e-01	2.836064e-01
3.181542880099285e-02	2.836185e-01	2.836158e-01	2.836144e-01
3.182542880099285e-02	2.836187e-01	2.836160e-01	2.836059e-01
3.183542880099285e-02	2.836182e-01	2.836155e-01	2.836139e-01
3.184542880099285e-02	2.836183e-01	2.836156e-01	2.836054e-01
3.185542880099285e-02	2.836179e-01	2.836151e-01	2.836134e-01
3.186542880099285e-02	2.836180e-01	2.836153e-01	2.836050e-01
3.187542880099285e-02	2.836176e-01	2.836148e-01	2.836129e-01
3.188542880099285e-02	2.836178e-01	2.836149e-01	2.836046e-01
3.189542880099285e-02	2.836173e-01	2.836144e-01	2.836124e-01
3.190542880099285e-02	2.836175e-01	2.836146e-01	2.836041e-01
3.191542880099285e-02	2.836170e-01	2.836141e-01	2.836119e-01
3.192542880099285e-02	2.836172e-01	2.836143e-01	2.836037e-01
3.193542880099285e-02	2.836168e-01	2.836138e-01	2.836115e-01
3.194542880099285e-02	2.836169e-01	2.836140e-01	2.836033e-01
3.195542880099285e-02	2.836165e-01	2.836135e-01	2.836110e-01
3.196542880099285e-02	2.836167e-01	2.836137e-01	2.836030e-01
3.197542880099285e-02	2.836162e-01	2.836132e-01	2.836106e-01
3.198542880099285e-02	2.836164e-01	2.836134e-01	2.836026e-01
3.199542880099285e-02	2.836160e-01	2.836129e-01	2.836102e-01
3.200542880099285e-02	2.836162e-01	2.836131e-01	2.836022e-01
3.201542880099285e-02	2.836158e-01	2.836126e-01	2.836098e-01
3.202542880099285e-02	2.836159e-01	2.836128e-01	2.836019e-01
3.203542880099285e-02	2.836155e-01	2.836123e-01	2.836094e-01
3.204542880099285e-02	2.836157e-01	2.836125e-01	2.836015e-01
3.205542880099285e-02	2.836153e-01	2.836121e-01	2.836090e-01
3.206542880099285e-02	2.836155e-01	2.836123e-01	2.836012e-01
3.207542880099285e-02	2.836151e-01	2.836118e-01	2.836086e-01
3.208542880099285e-02	2.836153e-01	2.836120e-01	2.836009e-01
3.209542880099285e-02	2.836149e-01	2.836116e-01	2.836083e-01
3.210542880099285e-02	2.836150e-01	2.836118e-01	2.836006e-01
3.211542880099285e-02	2.836147e-01	2.836113e-01	2.836079e-01
3.212542880099285e-02	2.836148e-01	2.836115e-01	2.836003e-01
3.213542880099285e-02	2.836144e-01	2.836111e-01	2.836076e-01
3.214542880099285e-02	2.836146e-01	2.836113e-01	2.836000e-01
3.215542880099285e-02	2.836142e-01	2.836109e-01	2.836072e-01
3.216542880099285e-02	2.836144e-01	2.836111e-01	2.835997e-01
3.217542880099285e-02	2.836141e-01	2.836106e-01	2.836069e-01
3.218542880099285e-02	2.836143e-01	2.836108e-01	2.835994e-01
3.219542880099285e-02	2.836139e-01	2.836104e-01	2.836066e-01
3.220542880099285e-02	2.836141e-01	2.836106e-01	2.835991e-01
3.221542880099285e-02	2.836137e-01	2.836102e-01	2.836063e-01
3.222542880099285e-02	2.836139e-01	2.836104e-01	2.835989e-01
3.223542880099285e-02	2.836135e-01	2.836100e-01	2.836060e-01
3.224542880099285e-02	2.836137e-01	2.836102e-01	2.835986e-01
3.225542880099285e-02	2.836134e-01	2.836098e-01	2.836057e-01
3.226542880099285e-02	2.836136e-01	2.836100e-01	2.835984e-01
3.227542880099285e-02	2.836132e-01	2.836096e-01	2.836054e-01
3.228542880099285e-02	2.836134e-01	2.836098e-01	2.835982e-01
3.229542880099285e-02	2.836130e-01	2.836094e-01	2.836051e-01
3.230542880099285e-02	2.836132e-01	2.836097e-01	2.835979e-01
3.231542880099285e-02	2.836129e-01	2.836092e-01	2.836048e-01
3.232542880099285e-02	2.836131e-01	2.836095e-01	2.835977e-01
3.233542880099285e-02	2.836127e-01	2.836091e-01	2.836046e-01
3.234542880099285e-02	2.836129e-01	2.836093e-01	2.835975e-01
3.235542880099285e-02	2.836126e-01	2.836089e-01	2.836043e-01
3.236542880099285e-02	2.836128e-01	2.836091e-01	2.835973e-01
3.237542880099285e-02	2.836124e-01	2.836087e-01	2.836040e-01
3.238542880099285e-02	2.836126e-01	2.836089e-01	2.835971e-01
3.239542880099285e-02	2.836123e-01	2.836085e-01	2.836038e-01
3.240542880099285e-02	2.836125e-01	2.836088e-01	2.835969e-01
3.241542880099285e-02	2.836121e-01	2.836084e-01	2.836036e-01
3.242542880099285e-02	2.836124e-01	2.836086e-01	2.835967e-01
3.243542880099285e-02	2.836120e-01	2.836082e-01	2.836033e-01
3.244542880099285e-02	2.836122e-01	2.836085e-01	2.835965e-01
3.245542880099285e-02	2.836119e-01	2.836081e-01	2.836031e-01
3.246542880099285e-02	2.836121e-01	2.836083e-01	2.835963e-01
3.247542880099285e-02	2.836118e-01	2.836080e-01	2.836029e-01
3.248542880099285e-02	2.836120e-01	2.836082e-01	2.835962e-01
3.249542880099285e-02	2.836116e-01	2.836078e-01	2.836027e-01
3.250542880099285e-02	2.836119e-01	2.836081e-01	2.835960e-01
3.251542880099285e-02	2.836115e-01	2.836077e-01	2.836025e-01
3.252542880099285e-02	2.836117e-01	2.836079e-01	2.835958e-01
3.253542880099285e-02	2.836114e-01	2.836075e-01	2.836022e-01
3.254542880099285e-02	2.836116e-01	2.836078e-01	2.835957e-01
3.255542880099285e-02	2.836113e-01	2.836074e-01	2.836020e-01
3.256542880099285e-02	2.836115e-01	2.836077e-01	2.835955e-01
3.257542880099285e-02	2.836112e-01	2.836073e-01	2.836019e-01
3.258542880099285e-02	2.836114e-01	2.836075e-01	2.835954e-01
3.259542880099285e-02	2.836111e-01	2.836072e-01	2.836017e-01
3.260542880099285e-02	2.836113e-01	2.836074e-01	2.835952e-01
3.261542880099285e-02	2.836110e-01	2.836070e-01	2.836015e-01
3.262542880099285e-02	2.836112e-01	2.836073e-01	2.835951e-01
3.263542880099285e-02	2.836109e-01	2.836069e-01	2.836013e-01
3.264542880099285e-02	2.836111e-01	2.836072e-01	2.835950e-01
3.265542880099285e-02	2.836108e-01	2.836068e-01	2.836011e-01
3.266542880099285e-02	2.836110e-01	2.836071e-01	2.835948e-01
3.267542880099285e-02	2.836107e-01	2.836067e-01	2.836010e-01
3.268542880099285e-02	2.836109e-01	2.836070e-01	2.835947e-01
3.269542880099285e-02	2.836106e-01	2.836066e-01	2.836008e-01
3.270542880099285e-02	2.836108e-01	2.836069e-01	2.835946e-01
3.271542880099285e-02	2.836105e-01	2.836065e-01	2.836006e-01
3.272542880099285e-02	2.836107e-01	2.836068e-01	2.835945e-01
3.273542880099285e-02	2.836104e-01	2.836064e-01	2.836005e-01
3.274542880099285e-02	2.836107e-01	2.836067e-01	2.835944e-01
3.275542880099285e-02	2.836103e-01	2.836063e-01	2.836003e-01
3.276542880099285e-02	2.836106e-01	2.836066e-01	2.835942e-01
3.277542880099285e-02	2.836103e-01	2.836062e-01	2.836002e-01
3.278542880099285e-02	2.836105e-01	2.836065e-01	2.835941e-01
3.279542880099285e-02	2.836102e-01	2.836061e-01	2.836000e-01
3.280542880099285e-02	2.836104e-01	2.836064e-01	2.835940e-01
3.281542880099285e-02	2.836101e-01	2.836060e-01	2.835999e-01
3.282542880099285e-02	2.836104e-01	2.836063e-01	2.835939e-01
3.283542880099285e-02	2.836100e-01	2.836059e-01	2.835997e-01
3.284542880099285e-02	2.836103e-01	2.836062e-01	2.835939e-01
3.285542880099285e-02	2.836100e-01	2.836059e-01	2.835996e-01
3.286542880099285e-02	2.836102e-01	2.836061e-01	2.835938e-01
3.287542880099285e-02	2.836099e-01	2.836058e-01	2.835995e-01
3.288542880099285e-02	2.836101e-01	2.836060e-01	2.835937e-01
3.289542880099285e-02	2.836098e-01	2.836057e-01	2.835994e-01
3.290542880099285e-02	2.836101e-01	2.836060e-01	2.835936e-01
3.291542880099285e-02	2.836098e-01	2.836056e-01	2.835992e-01
3.292542880099285e-02	2.836100e-01	2.836059e-01	2.835935e-01
3.293542880099285e-02	2.836097e-01	2.836056e-01	2.835991e-01
3.294542880099285e-02	2.836099e-01	2.836058e-01	2.835934e-01
3.295542880099285e-02	2.836096e-01	2.836055e-01	2.835990e-01
3.296542880099285e-02	2.836099e-01	2.836057e-01	2.835933e-01
3.297542880099285e-02	2.836096e-01	2.836054e-01	2.835989e-01
3.298542880099285e-02	2.836098e-01	2.836057e-01	2.835933e-01
3.299542880099285e-02	2.836095e-01	2.836053e-01	2.835988e-01
3.300542880099285e-02	2.836098e-01	2.836056e-01	2.835932e-01
3.301542880099285e-02	2.836095e-01	2.836053e-01	2.835987e-01
3.302542880099285e-02	2.836097e-01	2.836055e-01	2.835931e-01
3.303542880099285e-02	2.836094e-01	2.836052e-01	2.835985e-01
3.304542880099285e-02	2.836097e-01	2.836055e-01	2.835931e-01
3.305542880099285e-02	2.836094e-01	2.836051e-01	2.835984e-01
3.306542880099285e-02	2.836096e-01	2.836054e-01	2.835930e-01
3.307542880099285e-02	2.836093e-01	2.836051e-01	2.835983e-01
3.308542880099285e-02	2.836096e-01	2.836053e-01	2.835929e-01
3.309542880099285e-02	2.836093e-01	2.836050e-01	2.835982e-01
3.310542880099285e-02	2.836095e-01	2.836053e-01	2.835929e-01
3.311542880099285e-02	2.836092e-01	2.836050e-01	2.835981e-01
3.312542880099285e-02	2.836095e-01	2.836052e-01	2.835928e-01
3.313542880099285e-02	2.836092e-01	2.836049e-01	2.835980e-01
3.314542880099285e-02	2.836094e-01	2.836052e-01	2.835927e-01
3.315542880099285e-02	2.836091e-01	2.836049e-01	2.835980e-01
3.316542880099285e-02	2.836094e-01	2.836051e-01	2.835927e-01
3.317542880099285e-02	2.836091e-01	2.836048e-01	2.835979e-01
3.318542880099285e-02	2.836093e-01	2.836051e-01	2.835926e-01
3.319542880099285e-02	2.836090e-01	2.836047e-01	2.835978e-01
3.320542880099285e-02	2.836093e-01	2.836050e-01	2.835926e-01
3.321542880099285e-02	2.836090e-01	2.836047e-01	2.835977e-01
3.322542880099285e-02	2.836092e-01	2.836050e-01	2.835925e-01
3.323542880099285e-02	2.836089e-01	2.836047e-01	2.835976e-01
3.324542880099285e-02	2.836092e-01	2.836049e-01	2.835925e-01
3.325542880099285e-02	2.836089e-01	2.836046e-01	2.835975e-01
3.326542880099285e-02	2.836092e-01	2.836049e-01	2.835924e-01
3.327542880099285e-02	2.836089e-01	2.836046e-01	2.835974e-01
3.328542880099285e-02	2.836091e-01	2.836048e-01	2.835924e-01
3.329542880099285e-02	2.836088e-01	2.836045e-01	2.835974e-01
3.330542880099285e-02	2.836091e-01	2.836048e-01	2.835924e-01
3.331542880099285e-02	2.836088e-01	2.836045e-01	2.835973e-01
3.332542880099285e-02	2.836090e-01	2.836048e-01	2.835923e-01
3.333542880099285e-02	2.836088e-01	2.836044e-01	2.835972e-01
3.334542880099285e-02	2.836090e-01	2.836047e-01	2.835923e-01
3.335542880099285e-02	2.836087e-01	2.836044e-01	2.835971e-01
3.336542880099285e-02	2.836090e-01	2.836047e-01	2.835922e-01
3.337542880099285e-02	2.836087e-01	2.836044e-01	2.835971e-01
3.338542880099285e-02	2.836089e-01	2.836046e-01	2.835922e-01
3.339542880099285e-02	2.836087e-01	2.836043e-01	2.835970e-01
3.340542880099285e-02	2.836089e-01	2.836046e-01	2.835922e-01
3.341542880099285e-02	2.836086e-01	2.836043e-01	2.835969e-01
3.342542880099285e-02	2.836089e-01	2.836046e-01	2.835921e-01
3.343542880099285e-02	2.836086e-01	2.836042e-01	2.835969e-01
3.344542880099285e-02	2.836089e-01	2.836045e-01	2.835921e-01
3.345542880099285e-02	2.836086e-01	2.836042e-01	2.835968e-01
3.346542880099285e-02	2.836088e-01	2.836045e-01	2.835921e-01
3.347542880099285e-02	2.836085e-01	2.836042e-01	2.835967e-01
3.348542880099285e-02	2.836088e-01	2.836044e-01	2.835921e-01
3.349542880099285e-02	2.836085e-01	2.836041e-01	2.835967e-01
3.350542880099285e-02	2.836088e-01	2.836044e-01	2.835920e-01
3.351542880099285e-02	2.836085e-01	2.836041e-01	2.835966e-01
3.352542880099285e-02	2.836087e-01	2.836044e-01	2.835920e-01
3.353542880099285e-02	2.836084e-01	2.836041e-01	2.835966e-01
3.354542880099285e-02	2.836087e-01	2.836044e-01	2.835920e-01
3.355542880099285e-02	2.836084e-01	2.836040e-01	2.835965e-01
3.356542880099285e-02	2.836087e-01	2.836043e-01	2.835919e-01
3.357542880099285e-02	2.836084e-01	2.836040e-01	2.835964e-01
3.358542880099285e-02	2.836087e-01	2.836043e-01	2.835919e-01
3.359542880099285e-02	2.836084e-01	2.836040e-01	2.835964e-01
3.360542880099285e-02	2.836086e-01	2.836043e-01	2.835919e-01
3.361542880099285e-02	2.836084e-01	2.836040e-01	2.835963e-01
3.362542880099285e-02	2.836086e-01	2.836042e-01	2.835919e-01
3.363542880099285e-02	2.836083e-01	2.836039e-01	2.835963e-01
3.364542880099285e-02	2.836086e-01	2.836042e-01	2.835919e-01
3.365542880099285e-02	2.836083e-01	2.836039e-01	2.835962e-01
3.366542880099285e-02	2.836086e-01	2.836042e-01	2.835918e-01
3.367542880099285e-02	2.836083e-01	2.836039e-01	2.835962e-01
3.368542880099285e-02	2.836085e-01	2.836042e-01	2.835918e-01
3.369542880099285e-02	2.836083e-01	2.836039e-01	2.835961e-01
3.370542880099285e-02	2.836085e-01	2.836041e-01	2.835918e-01
3.371542880099285e-02	2.836083e-01	2.836038e-01	2.835961e-01
3.372542880099285e-02	2.836085e-01	2.836041e-01	2.835918e-01
3.373542880099285e-02	2.836082e-01	2.836038e-01	2.835960e-01
3.374542880099285e-02	2.836085e-01	2.836041e-01	2.835918e-01
3.375542880099285e-02	2.836082e-01	2.836038e-01	2.835960e-01
3.376542880099285e-02	2.836085e-01	2.836041e-01	2.835917e-01
3.377542880099285e-02	2.836082e-01	2.836038e-01	2.835959e-01
3.378542880099285e-02	2.836084e-01	2.836040e-01	2.835917e-01
3.379542880099285e-02	2.836082e-01	2.836038e-01	2.835959e-01
3.380542880099285e-02	2.836084e-01	2.836040e-01	2.835917e-01
3.381542880099285e-02	2.836082e-01	2.836037e-01	2.835958e-01
3.382542880099285e-02	2.836084e-01	2.836040e-01	2.835917e-01
3.383542880099285e-02	2.836081e-01	2.836037e-01	2.835958e-01
3.384542880099285e-02	2.836084e-01	2.836040e-01	2.835917e-01
3.385542880099285e-02	2.836081e-01	2.836037e-01	2.835958e-01
3.386542880099285e-02	2.836084e-01	2.836040e-01	2.835917e-01
3.387542880099285e-02	2.836081e-01	2.836037e-01	2.835957e-01
3.388542880099285e-02	2.836084e-01	2.836039e-01	2.835917e-01
3.389542880099285e-02	2.836081e-01	2.836036e-01	2.835957e-01
3.390542880099285e-02	2.836083e-01	2.836039e-01	2.835917e-01
3.391542880099285e-02	2.836081e-01	2.836036e-01	2.835956e-01
3.392542880099285e-02	2.836083e-01	2.836039e-01	2.835917e-01
3.393542880099285e-02	2.836081e-01	2.836036e-01	2.835956e-01
3.394542880099285e-02	2.836083e-01	2.836039e-01	2.835917e-01
3.395542880099285e-02	2.836080e-01	2.836036e-01	2.835956e-01
3.396542880099285e-02	2.836083e-01	2.836039e-01	2.835916e-01
3.397542880099285e-02	2.836080e-01	2.836036e-01	2.835955e-01
3.398542880099285e-02	2.836083e-01	2.836039e-01	2.835916e-01
3.399542880099285e-02	2.836080e-01	2.836036e-01	2.835955e-01
3.400542880099285e-02	2.836083e-01	2.836039e-01	2.835916e-01
3.401542880099285e-02	2.836080e-01	2.836036e-01	2.835955e-01
3.402542880099285e-02	2.836083e-01	2.836038e-01	2.835916e-01
3.403542880099285e-02	2.836080e-01	2.836035e-01	2.835954e-01
3.404542880099285e-02	2.836082e-01	2.836038e-01	2.835916e-01
3.405542880099285e-02	2.836080e-01	2.836035e-01	2.835954e-01
3.406542880099285e-02	2.836082e-01	2.836038e-01	2.835916e-01
3.407542880099285e-02	2.836080e-01	2.836035e-01	2.835954e-01
3.408542880099285e-02	2.836082e-01	2.836038e-01	2.835916e-01
3.409542880099285e-02	2.836080e-01	2.836035e-01	2.835953e-01
3.410542880099285e-02	2.836082e-01	2.836038e-01	2.835916e-01
3.411542880099285e-02	2.836079e-01	2.836035e-01	2.835953e-01
3.412542880099285e-02	2.836082e-01	2.836038e-01	2.835916e-01
3.413542880099285e-02	2.836079e-01	2.836035e-01	2.835953e-01
3.414542880099285e-02	2.836082e-01	2.836038e-01	2.835916e-01
3.415542880099285e-02	2.836079e-01	2.836035e-01	2.835952e-01
3.416542880099285e-02	2.836082e-01	2.836037e-01	2.835916e-01
3.417542880099285e-02	2.836079e-01	2.836034e-01	2.835952e-01
3.418542880099285e-02	2.836082e-01	2.836037e-01	2.835916e-01
3.419542880099285e-02	2.836079e-01	2.836034e-01	2.835952e-01
3.420542880099285e-02	2.836082e-01	2.836037e-01	2.835916e-01
3.421542880099285e-02	2.836079e-01	2.836034e-01	2.835952e-01
3.422542880099285e-02	2.836081e-01	2.836037e-01	2.835916e-01
3.423542880099285e-02	2.836079e-01	2.836034e-01	2.835951e-01
3.424542880099285e-02	2.836081e-01	2.836037e-01	2.835916e-01
3.425542880099285e-02	2.836079e-01	2.836034e-01	2.835951e-01
3.426542880099285e-02	2.836081e-01	2.836037e-01	2.835916e-01
3.427542880099285e-02	2.836079e-01	2.836034e-01	2.835951e-01
3.428542880099285e-02	2.836081e-01	2.836037e-01	2.835916e-01
3.429542880099285e-02	2.836079e-01	2.836034e-01	2.835950e-01
3.430542880099285e-02	2.836081e-01	2.836037e-01	2.835916e-01
3.431542880099285e-02	2.836078e-01	2.836034e-01	2.835950e-01
3.432542880099285e-02	2.836081e-01	2.836036e-01	2.835916e-01
3.433542880099285e-02	2.836078e-01	2.836034e-01	2.835950e-01
3.434542880099285e-02	2.836081e-01	2.836036e-01	2.835916e-01
3.435542880099285e-02	2.836078e-01	2.836034e-01	2.835950e-01
3.436542880099285e-02	2.836081e-01	2.836036e-01	2.835916e-01
3.437542880099285e-02	2.836078e-01	2.836033e-01	2.835949e-01
3.438542880099285e-02	2.836081e-01	2.836036e-01	2.835916e-01
3.439542880099285e-02	2.836078e-01	2.836033e-01	2.835949e-01
3.440542880099285e-02	2.836081e-01	2.836036e-01	2.835916e-01
3.441542880099285e-02	2.836078e-01	2.836033e-01	2.835949e-01
3.442542880099285e-02	2.836081e-01	2.836036e-01	2.835916e-01
3.443542880099285e-02	2.836078e-01	2.836033e-01	2.835949e-01
3.444542880099285e-02	2.836080e-01	2.836036e-01	2.835916e-01
3.445542880099285e-02	2.836078e-01	2.836033e-01	2.835948e-01
3.446542880099285e-02	2.836080e-01	2.836036e-01	2.835916e-01
3.447542880099285e-02	2.836078e-01	2.836033e-01	2.835948e-01
3.448542880099285e-02	2.836080e-01	2.836036e-01	2.835916e-01
3.449542880099285e-02	2.836078e-01	2.836033e-01	2.835948e-01
3.450542880099285e-02	2.836080e-01	2.836036e-01	2.835916e-01
3.451542880099285e-02	2.836078e-01	2.836033e-01	2.835948e-01
3.452542880099285e-02	2.836080e-01	2.836036e-01	2.835916e-01
3.453542880099285e-02	2.836078e-01	2.836033e-01	2.835947e-01
3.454542880099285e-02	2.836080e-01	2.836036e-01	2.835916e-01
3.455542880099285e-02	2.836078e-01	2.836033e-01	2.835947e-01
3.456542880099285e-02	2.836080e-01	2.836035e-01	2.835916e-01
3.457542880099285e-02	2.836078e-01	2.836033e-01	2.835947e-01
3.458542880099285e-02	2.836080e-01	2.836035e-01	2.835916e-01
3.459542880099285e-02	2.836078e-01	2.836033e-01	2.835947e-01
3.460542880099285e-02	2.836080e-01	2.836035e-01	2.835916e-01
3.461542880099285e-02	2.836078e-01	2.836033e-01	2.835947e-01
3.462542880099285e-02	2.836080e-01	2.836035e-01	2.835916e-01
3.463542880099285e-02	2.836077e-01	2.836033e-01	2.835946e-01
3.464542880099285e-02	2.836080e-01	2.836035e-01	2.835916e-01
3.465542880099285e-02	2.836077e-01	2.836033e-01	2.835946e-01
3.466542880099285e-02	2.836080e-01	2.836035e-01	2.835916e-01
3.467542880099285e-02	2.836077e-01	2.836032e-01	2.835946e-01
3.468542880099285e-02	2.836080e-01	2.836035e-01	2.835916e-01
3.469542880099285e-02	2.836077e-01	2.836032e-01	2.835946e-01
3.470542880099285e-02	2.836080e-01	2.836035e-01	2.835916e-01
3.471542880099285e-02	2.836077e-01	2.836032e-01	2.835946e-01
3.472542880099285e-02	2.836080e-01	2.836035e-01	2.835916e-01
3.473542880099285e-02	2.836077e-01	2.836032e-01	2.835945e-01
3.474542880099285e-02	2.836080e-01	2.836035e-01	2.835916e-01
3.475542880099285e-02	2.836077e-01	2.836032e-01	2.835945e-01
3.476542880099285e-02	2.836080e-01	2.836035e-01	2.835916e-01
3.477542880099285e-02	2.836077e-01	2.836032e-01	2.835945e-01
3.478542880099285e-02	2.836080e-01	2.836035e-01	2.835916e-01
3.479542880099285e-02	2.836077e-01	2.836032e-01	2.835945e-01
3.480542880099285e-02	2.836080e-01	2.836035e-01	2.835916e-01
3.481542880099285e-02	2.836077e-01	2.836032e-01	2.835945e-01
3.482542880099285e-02	2.836079e-01	2.836035e-01	2.835916e-01
3.483542880099285e-02	2.836077e-01	2.836032e-01	2.835945e-01
3.484542880099285e-02	2.836079e-01	2.836035e-01	2.835916e-01
3.485542880099285e-02	2.836077e-01	2.836032e-01	2.835944e-01
3.486542880099285e-02	2.836079e-01	2.836035e-01	2.835916e-01
3.487542880099285e-02	2.836077e-01	2.836032e-01	2.835944e-01
3.488542880099285e-02	2.836079e-01	2.836035e-01	2.835917e-01
3.489542880099285e-02	2.836077e-01	2.836032e-01	2.835944e-01
3.490542880099285e-02	2.836079e-01	2.836035e-01	2.835917e-01
3.491542880099285e-02	2.836077e-01	2.836032e-01	2.835944e-01
3.492542880099285e-02	2.836079e-01	2.836034e-01	2.835917e-01
3.493542880099285e-02	2.836077e-01	2.836032e-01	2.835944e-01
3.494542880099285e-02	2.836079e-01	2.836034e-01	2.835917e-01
3.495542880099285e-02	2.836077e-01	2.836032e-01	2.835944e-01
3.496542880099285e-02	2.836079e-01	2.836034e-01	2.835917e-01
3.497542880099285e-02	2.836077e-01	2.836032e-01	2.835943e-01
3.498542880099285e-02	2.836079e-01	2.836034e-01	2.835917e-01
3.499542880099285e-02	2.836077e-01	2.836032e-01	2.835943e-01
3.500542880099285e-02	2.836079e-01	2.836034e-01	2.835917e-01
3.501542880099285e-02	2.836077e-01	2.836032e-01	2.835943e-01
3.502542880099285e-02	2.836079e-01	2.836034e-01	2.835917e-01
3.503542880099285e-02	2.836077e-01	2.836032e-01	2.835943e-01
3.504542880099285e-02	2.836079e-01	2.836034e-01	2.835917e-01
3.505542880099285e-02	2.836077e-01	2.836032e-01	2.835943e-01
3.506542880099285e-02	2.836079e-01	2.836034e-01	2.835917e-01
3.507542880099285e-02	2.836077e-01	2.836032e-01	2.835943e-01
3.508542880099285e-02	2.836079e-01	2.836034e-01	2.835917e-01
3.509542880099285e-02	2.836077e-01	2.836031e-01	2.835942e-01
3.510542880099285e-02	2.836079e-01	2.836034e-01	2.835917e-01
3.511542880099285e-02	2.836077e-01	2.836032e-01	2.835942e-01
3.512542880099285e-02	2.836079e-01	2.836034e-01	2.835917e-01
3.513542880099285e-02	2.836077e-01	2.836031e-01	2.835942e-01
3.514542880099285e-02	2.836079e-01	2.836034e-01	2.835917e-01
3.515542880099285e-02	2.836077e-01	2.836031e-01	2.835942e-01
3.516542880099285e-02	2.836079e-01	2.836034e-01	2.835917e-01
3.517542880099285e-02	2.836077e-01	2.836031e-01	2.835942e-01
3.518542880099285e-02	2.836079e-01	2.836034e-01	2.835917e-01
3.519542880099285e-02	2.836076e-01	2.836031e-01	2.835942e-01
3.520542880099285e-02	2.836079e-01	2.836034e-01	2.835918e-01
3.521542880099285e-02	2.836077e-01	2.836031e-01	2.835942e-01
3.522542880099285e-02	2.836079e-01	2.836034e-01	2.835917e-01
3.523542880099285e-02	2.836076e-01	2.836031e-01	2.835941e-01
3.524542880099285e-02	2.836079e-01	2.836034e-01	2.835918e-01
3.525542880099285e-02	2.836076e-01	2.836031e-01	2.835941e-01
3.526542880099285e-02	2.836079e-01	2.836034e-01	2.835918e-01
3.527542880099285e-02	2.836076e-01	2.836031e-01	2.835941e-01
3.528542880099285e-02	2.836079e-01	2.836034e-01	2.835918e-01
3.529542880099285e-02	2.836076e-01	2.836031e-01	2.835941e-01
3.530542880099285e-02	2.836079e-01	2.836034e-01	2.835918e-01
3.531542880099285e-02	2.836076e-01	2.836031e-01	2.835941e-01
3.532542880099285e-02	2.836079e-01	2.836034e-01	2.835918e-01
3.533542880099285e-02	2.836076e-01	2.836031e-01	2.835941e-01
3.534542880099285e-02	2.836079e-01	2.836034e-01	2.835918e-01
3.535542880099285e-02	2.836076e-01	2.836031e-01	2.835941e-01
3.536542880099285e-02	2.836079e-01	2.836034e-01	2.835918e-01
3.537542880099285e-02	2.836076e-01	2.836031e-01	2.835941e-01
3.538542880099285e-02	2.836079e-01	2.836034e-01	2.835918e-01
3.539542880099285e-02	2.836076e-01	2.836031e-01	2.835940e-01
3.540542880099285e-02	2.836079e-01	2.836034e-01	2.835918e-01
3.541542880099285e-02	2.836076e-01	2.836031e-01	2.835940e-01
3.542542880099285e-02	2.836079e-01	2.836034e-01	2.835918e-01
3.543542880099285e-02	2.836076e-01	2.836031e-01	2.835940e-01
3.544542880099285e-02	2.836079e-01	2.836034e-01	2.835918e-01
3.545542880099285e-02	2.836076e-01	2.836031e-01	2.835940e-01
3.546542880099285e-02	2.836079e-01	2.836034e-01	2.835918e-01
3.547542880099285e-02	2.836076e-01	2.836031e-01	2.835940e-01
3.548542880099285e-02	2.836079e-01	2.836034e-01	2.835918e-01
3.549542880099285e-02	2.836076e-01	2.836031e-01	2.835940e-01
3.550542880099285e-02	2.836079e-01	2.836034e-01	2.835918e-01
3.551542880099285e-02	2.836076e-01	2.836031e-01	2.835940e-01
3.552542880099285e-02	2.836079e-01	2.836034e-01	2.835918e-01
3.553542880099285e-02	2.836076e-01	2.836031e-01	2.835940e-01
3.554542880099285e-02	2.836079e-01	2.836034e-01	2.835918e-01
3.555542880099285e-02	2.836076e-01	2.836031e-01	2.835940e-01
3.556542880099285e-02	2.836078e-01	2.836034e-01	2.835919e-01
3.557542880099285e-02	2.836076e-01	2.836031e-01	2.835939e-01
3.558542880099285e-02	2.836079e-01	2.836034e-01	2.835919e-01
3.559542880099285e-02	2.836076e-01	2.836031e-01	2.835939e-01
3.560542880099285e-02	2.836078e-01	2.836033e-01	2.835919e-01
3.561542880099285e-02	2.836076e-01	2.836031e-01	2.835939e-01
3.562542880099285e-02	2.836078e-01	2.836034e-01	2.835919e-01
3.563542880099285e-02	2.836076e-01	2.836031e-01	2.835939e-01
3.564542880099285e-02	2.836079e-01	2.836034e-01	2.835919e-01
3.565542880099285e-02	2.836076e-01	2.836031e-01	2.835939e-01
3.566542880099285e-02	2.836078e-01	2.836033e-01	2.835919e-01
3.567542880099285e-02	2.836076e-01	2.836031e-01	2.835939e-01
3.568542880099285e-02	2.836078e-01	2.836034e-01	2.835919e-01
3.569542880099285e-02	2.836076e-01	2.836031e-01	2.835939e-01
3.570542880099285e-02	2.836078e-01	2.836033e-01	2.835919e-01
3.571542880099285e-02	2.836076e-01	2.836031e-01	2.835939e-01
3.572542880099285e-02	2.836078e-01	2.836033e-01	2.835919e-01
3.573542880099285e-02	2.836076e-01	2.836031e-01	2.835939e-01
3.574542880099285e-02	2.836078e-01	2.836033e-01	2.835919e-01
3.575542880099285e-02	2.836076e-01	2.836031e-01	2.835938e-01
3.576542880099285e-02	2.836078e-01	2.836033e-01	2.835919e-01
3.577542880099285e-02	2.836076e-01	2.836031e-01	2.835938e-01
3.578542880099285e-02	2.836078e-01	2.836033e-01	2.835919e-01
3.579542880099285e-02	2.836076e-01	2.836031e-01	2.835938e-01
3.580542880099285e-02	2.836078e-01	2.836033e-01	2.835919e-01
3.581542880099285e-02	2.836076e-01	2.836031e-01	2.835938e-01
3.582542880099285e-02	2.836078e-01	2.836033e-01	2.835919e-01
3.583542880099285e-02	2.836076e-01	2.836031e-01	2.835938e-01
3.584542880099285e-02	2.836078e-01	2.836033e-01	2.835919e-01
3.585542880099285e-02	2.836076e-01	2.836031e-01	2.835938e-01
3.586542880099285e-02	2.836078e-01	2.836033e-01	2.835920e-01
3.587542880099285e-02	2.836076e-01	2.836031e-01	2.835938e-01
3.588542880099285e-02	2.836078e-01	2.836033e-01	2.835920e-01
3.589542880099285e-02	2.836076e-01	2.836031e-01	2.835938e-01
3.590542880099285e-02	2.836078e-01	2.836033e-01	2.835920e-01
3.591542880099285e-02	2.836076e-01	2.836031e-01	2.835938e-01
3.592542880099285e-02	2.836078e-01	2.836033e-01	2.835920e-01
3.593542880099285e-02	2.836076e-01	2.836031e-01	2.835938e-01
3.594542880099285e-02	2.836078e-01	2.836033e-01	2.835920e-01
3.595542880099285e-02	2.836076e-01	2.836031e-01	2.835938e-01
3.596542880099285e-02	2.836078e-01	2.836033e-01	2.835920e-01
3.597542880099285e-02	2.836076e-01	2.836031e-01	2.835937e-01
3.598542880099285e-02	2.836078e-01	2.836033e-01	2.835920e-01
3.599542880099285e-02	2.836076e-01	2.836031e-01	2.835937e-01
3.600542880099285e-02	2.836078e-01	2.836033e-01	2.835920e-01
3.601542880099285e-02	2.836076e-01	2.836031e-01	2.835937e-01
3.602542880099285e-02	2.836078e-01	2.836033e-01	2.835920e-01
3.603542880099285e-02	2.836076e-01	2.836031e-01	2.835937e-01
3.604542880099285e-02	2.836078e-01	2.836033e-01	2.835920e-01
3.605542880099285e-02	2.836076e-01	2.836031e-01	2.835937e-01
3.606542880099285e-02	2.836078e-01	2.836033e-01	2.835920e-01
3.607542880099285e-02	2.836076e-01	2.836031e-01	2.835937e-01
3.608542880099285e-02	2.836078e-01	2.836033e-01	2.835920e-01
3.609542880099285e-02	2.836076e-01	2.836031e-01	2.835937e-01
3.610542880099285e-02	2.836078e-01	2.836033e-01	2.835920e-01
3.611542880099285e-02	2.836076e-01	2.836031e-01	2.835937e-01
3.612542880099285e-02	2.836078e-01	2.836033e-01	2.835920e-01
3.613542880099285e-02	2.836076e-01	2.836031e-01	2.835937e-01
3.614542880099285e-02	2.836078e-01	2.836033e-01	2.835921e-01
3.615542880099285e-02	2.836076e-01	2.836031e-01	2.835937e-01
3.616542880099285e-02	2.836078e-01	2.836033e-01	2.835921e-01
3.617542880099285e-02	2.836076e-01	2.836031e-01	2.835937e-01
3.618542880099285e-02	2.836078e-01	2.836033e-01	2.835921e-01
3.619542880099285e-02	2.836076e-01	2.836031e-01	2.835937e-01
3.620542880099285e-02	2.836078e-01	2.836033e-01	2.835921e-01
3.621542880099285e-02	2.836076e-01	2.836031e-01	2.835936e-01
3.622542880099285e-02	2.836078e-01	2.836033e-01	2.835921e-01
3.623542880099285e-02	2.836076e-01	2.836031e-01	2.835936e-01
3.624542880099285e-02	2.836078e-01	2.836033e-01	2.835921e-01
3.625542880099285e-02	2.836076e-01	2.836031e-01	2.835936e-01
3.626542880099285e-02	2.836078e-01	2.836033e-01	2.835921e-01
3.627542880099285e-02	2.836076e-01	2.836031e-01	2.835936e-01
3.628542880099285e-02	2.836078e-01	2.836033e-01	2.835921e-01
3.629542880099285e-02	2.836076e-01	2.836031e-01	2.835936e-01
3.630542880099285e-02	2.836078e-01	2.836033e-01	2.835921e-01
3.631542880099285e-02	2.836076e-01	2.836031e-01	2.835936e-01
3.632542880099285e-02	2.836078e-01	2.836033e-01	2.835921e-01
3.633542880099285e-02	2.836076e-01	2.836031e-01	2.835936e-01
3.634542880099285e-02	2.836078e-01	2.836033e-01	2.835921e-01
3.635542880099285e-02	2.836076e-01	2.836031e-01	2.835936e-01
3.636542880099285e-02	2.836078e-01	2.836033e-01	2.835921e-01
3.637542880099285e-02	2.836076e-01	2.836031e-01	2.835936e-01
3.638542880099285e-02	2.836078e-01	2.836033e-01	2.835921e-01
3.639542880099285e-02	2.836076e-01	2.836031e-01	2.835936e-01
3.640542880099285e-02	2.836078e-01	2.836033e-01	2.835921e-01
3.641542880099285e-02	2.836076e-01	2.836031e-01	2.835936e-01
3.642542880099285e-02	2.836078e-01	2.836033e-01	2.835921e-01
3.643542880099285e-02	2.836076e-01	2.836031e-01	2.835936e-01
3.644542880099285e-02	2.836078e-01	2.836033e-01	2.835921e-01
3.645542880099285e-02	2.836076e-01	2.836031e-01	2.835936e-01
3.646542880099285e-02	2.836078e-01	2.836033e-01	2.835922e-01
3.647542880099285e-02	2.836076e-01	2.836031e-01	2.835936e-01
3.648542880099285e-02	2.836078e-01	2.836033e-01	2.835922e-01
3.649542880099285e-02	2.836076e-01	2.836031e-01	2.835935e-01
3.650542880099285e-02	2.836078e-01	2.836033e-01	2.835922e-01
3.651542880099285e-02	2.836076e-01	2.836031e-01	2.835935e-01
3.652542880099285e-02	2.836078e-01	2.836033e-01	2.835922e-01
3.653542880099285e-02	2.836076e-01	2.836031e-01	2.835935e-01
3.654542880099285e-02	2.836078e-01	2.836033e-01	2.835922e-01
3.655542880099285e-02	2.836076e-01	2.836031e-01	2.835935e-01
3.656542880099285e-02	2.836078e-01	2.836033e-01	2.835922e-01
3.657542880099285e-02	2.836076e-01	2.836031e-01	2.835935e-01
3.658542880099285e-02	2.836078e-01	2.836033e-01	2.835922e-01
3.659542880099285e-02	2.836076e-01	2.836031e-01	2.835935e-01
3.660542880099285e-02	2.836078e-01	2.836033e-01	2.835922e-01
3.661542880099285e-02	2.836076e-01	2.836031e-01	2.835935e-01
3.662542880099285e-02	2.836078e-01	2.836033e-01	2.835922e-01
3.663542880099285e-02	2.836076e-01	2.836031e-01	2.835935e-01
3.664542880099285e-02	2.836078e-01	2.836033e-01	2.835922e-01
3.665542880099285e-02	2.836076e-01	2.836031e-01	2.835935e-01
3.666542880099285e-02	2.836078e-01	2.836033e-01	2.835922e-01
3.667542880099285e-02	2.836076e-01	2.836031e-01	2.835935e-01
3.668542880099285e-02	2.836078e-01	2.836033e-01	2.835922e-01
3.669542880099285e-02	2.836076e-01	2.836031e-01	2.835935e-01
3.670542880099285e-02	2.836078e-01	2.836033e-01	2.835922e-01
3.671542880099285e-02	2.836076e-01	2.836031e-01	2.835935e-01
3.672542880099285e-02	2.836078e-01	2.836033e-01	2.835922e-01
3.673542880099285e-02	2.836076e-01	2.836031e-01	2.835935e-01
3.674542880099285e-02	2.836078e-01	2.836033e-01	2.835922e-01
3.675542880099285e-02	2.836076e-01	2.836031e-01	2.835935e-01
3.676542880099285e-02	2.836078e-01	2.836033e-01	2.835922e-01
3.677542880099285e-02	2.836076e-01	2.836031e-01	2.835934e-01
3.678542880099285e-02	2.836078e-01	2.836033e-01	2.835923e-01
3.679542880099285e-02	2.836076e-01	2.836031e-01	2.835934e-01
3.680542880099285e-02	2.836078e-01	2.836033e-01	2.835923e-01
3.681542880099285e-02	2.836076e-01	2.836031e-01	2.835934e-01
3.682542880099285e-02	2.836078e-01	2.836033e-01	2.835923e-01
3.683542880099285e-02	2.836076e-01	2.836031e-01	2.835934e-01
3.684542880099285e-02	2.836078e-01	2.836033e-01	2.835923e-01
3.685542880099285e-02	2.836076e-01	2.836031e-01	2.835934e-01
3.686542880099285e-02	2.836078e-01	2.836033e-01	2.835923e-01
3.687542880099285e-02	2.836076e-01	2.836031e-01	2.835934e-01
3.688542880099285e-02	2.836078e-01	2.836033e-01	2.835923e-01
3.689542880099285e-02	2.836076e-01	2.836031e-01	2.835934e-01
3.690542880099285e-02	2.836078e-01	2.836033e-01	2.835923e-01
3.691542880099285e-02	2.836076e-01	2.836031e-01	2.835934e-01
3.692542880099285e-02	2.836078e-01	2.836033e-01	2.835923e-01
3.693542880099285e-02	2.836076e-01	2.836031e-01	2.835934e-01
3.694542880099285e-02	2.836078e-01	2.836033e-01	2.835923e-01
3.695542880099285e-02	2.836076e-01	2.836031e-01	2.835934e-01
3.696542880099285e-02	2.836078e-01	2.836033e-01	2.835923e-01
3.697542880099285e-02	2.836076e-01	2.836031e-01	2.835934e-01
3.698542880099285e-02	2.836078e-01	2.836033e-01	2.835923e-01
3.699542880099285e-02	2.836076e-01	2.836031e-01	2.835934e-01
3.700542880099285e-02	2.836078e-01	2.836033e-01	2.835923e-01
3.701542880099285e-02	2.836076e-01	2.836031e-01	2.835934e-01
3.702542880099285e-02	2.836078e-01	2.836033e-01	2.835923e-01
3.703542880099285e-02	2.836076e-01	2.836031e-01	2.835934e-01
3.704542880099285e-02	2.836078e-01	2.836033e-01	2.835923e-01
3.705542880099285e-02	2.836076e-01	2.836031e-01	2.835934e-01
3.706542880099285e-02	2.836078e-01	2.836033e-01	2.835923e-01
3.707542880099285e-02	2.836076e-01	2.836031e-01	2.835933e-01
3.708542880099285e-02	2.836078e-01	2.836033e-01	2.835923e-01
3.709542880099285e-02	2.836076e-01	2.836031e-01	2.835933e-01
3.710542880099285e-02	2.836078e-01	2.836033e-01	2.835923e-01
3.711542880099285e-02	2.836076e-01	2.836031e-01	2.835933e-01
3.712542880099285e-02	2.836078e-01	2.836033e-01	2.835923e-01
3.713542880099285e-02	2.836076e-01	2.836031e-01	2.835933e-01
3.714542880099285e-02	2.836078e-01	2.836033e-01	2.835923e-01
3.715542880099285e-02	2.836076e-01	2.836031e-01	2.835933e-01
3.716542880099285e-02	2.836078e-01	2.836033e-01	2.835924e-01
3.717542880099285e-02	2.836076e-01	2.836031e-01	2.835933e-01
3.718542880099285e-02	2.836078e-01	2.836033e-01	2.835924e-01
3.719542880099285e-02	2.836076e-01	2.836031e-01	2.835933e-01
3.720542880099285e-02	2.836078e-01	2.836033e-01	2.835924e-01
3.721542880099285e-02	2.836076e-01	2.836031e-01	2.835933e-01
3.722542880099285e-02	2.836078e-01	2.836033e-01	2.835924e-01
3.723542880099285e-02	2.836076e-01	2.836031e-01	2.835933e-01
3.724542880099285e-02	2.836078e-01	2.836033e-01	2.835924e-01
3.725542880099285e-02	2.836076e-01	2.836031e-01	2.835933e-01
3.726542880099285e-02	2.836078e-01	2.836033e-01	2.835924e-01
3.727542880099285e-02	2.836076e-01	2.836031e-01	2.835933e-01
3.728542880099285e-02	2.836078e-01	2.836033e-01	2.835924e-01
3.729542880099285e-02	2.836076e-01	2.836031e-01	2.835933e-01
3.730542880099285e-02	2.836078e-01	2.836033e-01	2.835924e-01
3.731542880099285e-02	2.836076e-01	2.836031e-01	2.835933e-01
3.732542880099285e-02	2.836078e-01	2.836033e-01	2.835924e-01
3.733542880099285e-02	2.836076e-01	2.836031e-01	2.835933e-01
3.734542880099285e-02	2.836078e-01	2.836033e-01	2.835924e-01
3.735542880099285e-02	2.836076e-01	2.836031e-01	2.835933e-01
3.736542880099285e-02	2.836078e-01	2.836033e-01	2.835924e-01
3.737542880099285e-02	2.836076e-01	2.836031e-01	2.835933e-01
3.738542880099285e-02	2.836078e-01	2.836033e-01	2.835924e-01
3.739542880099285e-02	2.836076e-01	2.836031e-01	2.835933e-01
3.740542880099285e-02	2.836078e-01	2.836033e-01	2.835924e-01
3.741542880099285e-02	2.836076e-01	2.836031e-01	2.835933e-01
3.742542880099285e-02	2.836078e-01	2.836033e-01	2.835924e-01
3.743542880099285e-02	2.836076e-01	2.836031e-01	2.835932e-01
3.744542880099285e-02	2.836078e-01	2.836033e-01	2.835924e-01
3.745542880099285e-02	2.836076e-01	2.836031e-01	2.835932e-01
3.746542880099285e-02	2.836078e-01	2.836033e-01	2.835924e-01
3.747542880099285e-02	2.836076e-01	2.836031e-01	2.835932e-01
3.748542880099285e-02	2.836078e-01	2.836033e-01	2.835924e-01
3.749542880099285e-02	2.836076e-01	2.836031e-01	2.835932e-01
3.750542880099285e-02	2.836078e-01	2.836033e-01	2.835924e-01
3.751542880099285e-02	2.836076e-01	2.836031e-01	2.835932e-01
3.752542880099285e-02	2.836078e-01	2.836033e-01	2.835924e-01
3.753542880099285e-02	2.836076e-01	2.836031e-01	2.835932e-01
3.754542880099285e-02	2.836078e-01	2.836033e-01	2.835924e-01
3.755542880099285e-02	2.836076e-01	2.836031e-01	2.835932e-01
3.756542880099285e-02	2.836078e-01	2.836033e-01	2.835925e-01
3.757542880099285e-02	2.836076e-01	2.836031e-01	2.835932e-01
3.758542880099285e-02	2.836078e-01	2.836033e-01	2.835925e-01
3.759542880099285e-02	2.836076e-01	2.836031e-01	2.835932e-01
3.760542880099285e-02	2.836078e-01	2.836033e-01	2.835925e-01
3.761542880099285e-02	2.836076e-01	2.836031e-01	2.835932e-01
3.762542880099285e-02	2.836078e-01	2.836033e-01	2.835925e-01
3.763542880099285e-02	2.836076e-01	2.836031e-01	2.835932e-01
3.764542880099285e-02	2.836078e-01	2.836033e-01	2.835925e-01
3.765542880099285e-02	2.836076e-01	2.836031e-01	2.835932e-01
3.766542880099285e-02	2.836078e-01	2.836033e-01	2.835925e-01
3.767542880099285e-02	2.836076e-01	2.836031e-01	2.835932e-01
3.768542880099285e-02	2.836078e-01	2.836033e-01	2.835925e-01
3.769542880099285e-02	2.836076e-01	2.836031e-01	2.835932e-01
3.770542880099285e-02	2.836078e-01	2.836033e-01	2.835925e-01
3.771542880099285e-02	2.836076e-01	2.836031e-01	2.835932e-01
3.772542880099285e-02	2.836078e-01	2.836033e-01	2.835925e-01
3.773542880099285e-02	2.836076e-01	2.836031e-01	2.835932e-01
3.774542880099285e-02	2.836078e-01	2.836033e-01	2.835925e-01
3.775542880099285e-02	2.836076e-01	2.836031e-01	2.835932e-01
3.776542880099285e-02	2.836078e-01	2.836033e-01	2.835925e-01
3.777542880099285e-02	2.836076e-01	2.836031e-01	2.835932e-01
3.778542880099285e-02	2.836078e-01	2.836033e-01	2.835925e-01
3.779542880099285e-02	2.836076e-01	2.836031e-01	2.835932e-01
3.780542880099285e-02	2.836078e-01	2.836033e-01	2.835925e-01
3.781542880099285e-02	2.836076e-01	2.836031e-01	2.835932e-01
3.782542880099285e-02	2.836078e-01	2.836033e-01	2.835925e-01
3.783542880099285e-02	2.836076e-01	2.836031e-01	2.835932e-01
3.784542880099285e-02	2.836078e-01	2.836033e-01	2.835925e-01
3.785542880099285e-02	2.836076e-01	2.836031e-01	2.835931e-01
3.786542880099285e-02	2.836078e-01	2.836033e-01	2.835925e-01
3.787542880099285e-02	2.836076e-01	2.836031e-01	2.835931e-01
3.788542880099285e-02	2.836078e-01	2.836033e-01	2.835925e-01
3.789542880099285e-02	2.836076e-01	2.836031e-01	2.835931e-01
3.790542880099285e-02	2.836078e-01	2.836033e-01	2.835925e-01
3.791542880099285e-02	2.836076e-01	2.836031e-01	2.835931e-01
3.792542880099285e-02	2.836078e-01	2.836033e-01	2.835925e-01
3.793542880099285e-02	2.836076e-01	2.836031e-01	2.835931e-01
3.794542880099285e-02	2.836078e-01	2.836033e-01	2.835925e-01
3.795542880099285e-02	2.836076e-01	2.836031e-01	2.835931e-01
3.796542880099285e-02	2.836078e-01	2.836033e-01	2.835925e-01
3.797542880099285e-02	2.836076e-01	2.836031e-01	2.835931e-01
3.798542880099285e-02	2.836078e-01	2.836033e-01	2.835926e-01
3.799542880099285e-02	2.836076e-01	2.836031e-01	2.835931e-01
3.800542880099285e-02	2.836078e-01	2.836033e-01	2.835925e-01
3.801542880099285e-02	2.836076e-01	2.836031e-01	2.835931e-01
3.802542880099285e-02	2.836078e-01	2.836033e-01	2.835926e-01
3.803542880099285e-02	2.836076e-01	2.836031e-01	2.835931e-01
3.804542880099285e-02	2.836078e-01	2.836033e-01	2.835926e-01
3.805542880099285e-02	2.836076e-01	2.836031e-01	2.835931e-01
3.806542880099285e-02	2.836078e-01	2.836033e-01	2.835926e-01
3.807542880099285e-02	2.836076e-01	2.836031e-01	2.835931e-01
3.808542880099285e-02	2.836078e-01	2.836033e-01	2.835926e-01
3.809542880099285e-02	2.836076e-01	2.836031e-01	2.835931e-01
3.810542880099285e-02	2.836078e-01	2.836033e-01	2.835926e-01
3.811542880099285e-02	2.836076e-01	2.836031e-01	2.835931e-01
3.812542880099285e-02	2.836078e-01	2.836033e-01	2.835926e-01
3.813542880099285e-02	2.836076e-01	2.836031e-01	2.835931e-01
3.814542880099285e-02	2.836078e-01	2.836033e-01	2.835926e-01
3.815542880099285e-02	2.836076e-01	2.836031e-01	2.835931e-01
3.816542880099285e-02	2.836078e-01	2.836033e-01	2.835926e-01
3.817542880099285e-02	2.836076e-01	2.836031e-01	2.835931e-01
3.818542880099285e-02	2.836078e-01	2.836033e-01	2.835926e-01
3.819542880099285e-02	2.836076e-01	2.836031e-01	2.835931e-01
3.820542880099285e-02	2.836078e-01	2.836033e-01	2.835926e-01
3.821542880099285e-02	2.836076e-01	2.836031e-01	2.835931e-01
3.822542880099285e-02	2.836078e-01	2.836033e-01	2.835926e-01
3.823542880099285e-02	2.836076e-01	2.836031e-01	2.835931e-01
3.824542880099285e-02	2.836078e-01	2.836033e-01	2.835926e-01
3.825542880099285e-02	2.836076e-01	2.836031e-01	2.835931e-01
3.826542880099285e-02	2.836078e-01	2.836033e-01	2.835926e-01
3.827542880099285e-02	2.836076e-01	2.836031e-01	2.835931e-01
3.828542880099285e-02	2.836078e-01	2.836033e-01	2.835926e-01
3.829542880099285e-02	2.836076e-01	2.836031e-01	2.835931e-01
3.830542880099285e-02	2.836078e-01	2.836033e-01	2.835926e-01
3.831542880099285e-02	2.836076e-01	2.836031e-01	2.835930e-01
3.832542880099285e-02	2.836078e-01	2.836033e-01	2.835926e-01
3.833542880099285e-02	2.836076e-01	2.836031e-01	2.835931e-01
3.834542880099285e-02	2.836078e-01	2.836033e-01	2.835926e-01
3.835542880099285e-02	2.836076e-01	2.836031e-01	2.835930e-01
3.836542880099285e-02	2.836078e-01	2.836033e-01	2.835926e-01
3.837542880099285e-02	2.836076e-01	2.836031e-01	2.835930e-01
3.838542880099285e-02	2.836078e-01	2.836033e-01	2.835926e-01
3.839542880099285e-02	2.836076e-01	2.836031e-01	2.835930e-01
3.840542880099285e-02	2.836078e-01	2.836033e-01	2.835926e-01
3.841542880099285e-02	2.836076e-01	2.836031e-01	2.835930e-01
3.842542880099285e-02	2.836078e-01	2.836033e-01	2.835926e-01
3.843542880099285e-02	2.836076e-01	2.836031e-01	2.835930e-01
3.844542880099285e-02	2.836078e-01	2.836033e-01	2.835926e-01
3.845542880099285e-02	2.836076e-01	2.836031e-01	2.835930e-01
3.846542880099285e-02	2.836078e-01	2.836033e-01	2.835926e-01
3.847542880099285e-02	2.836076e-01	2.836031e-01	2.835930e-01
3.848542880099285e-02	2.836078e-01	2.836033e-01	2.835926e-01
3.849542880099285e-02	2.836076e-01	2.836031e-01	2.835930e-01
3.850542880099285e-02	2.836078e-01	2.836033e-01	2.835926e-01
3.851542880099285e-02	2.836076e-01	2.836031e-01	2.835930e-01
3.852542880099285e-02	2.836078e-01	2.836033e-01	2.835927e-01
3.853542880099285e-02	2.836076e-01	2.836031e-01	2.835930e-01
3.854542880099285e-02	2.836078e-01	2.836033e-01	2.835927e-01
3.855542880099285e-02	2.836076e-01	2.836031e-01	2.835930e-01
3.856542880099285e-02	2.836078e-01	2.836033e-01	2.835927e-01
3.857542880099285e-02	2.836076e-01	2.836031e-01	2.835930e-01
3.858542880099285e-02	2.836078e-01	2.836033e-01	2.835927e-01
3.859542880099285e-02	2.836076e-01	2.836031e-01	2.835930e-01
3.860542880099285e-02	2.836078e-01	2.836033e-01	2.835927e-01
3.861542880099285e-02	2.836076e-01	2.836031e-01	2.835930e-01
3.862542880099285e-02	2.836078e-01	2.836033e-01	2.835927e-01
3.863542880099285e-02	2.836076e-01	2.836031e-01	2.835930e-01
3.864542880099285e-02	2.836078e-01	2.836033e-01	2.835927e-01
3.865542880099285e-02	2.836076e-01	2.836031e-01	2.835930e-01
3.866542880099285e-02	2.836078e-01	2.836033e-01	2.835927e-01
3.867542880099285e-02	2.836076e-01	2.836031e-01	2.835930e-01
3.868542880099285e-02	2.836078e-01	2.836033e-01	2.835927e-01
3.869542880099285e-02	2.836076e-01	2.836031e-01	2.835930e-01
3.870542880099285e-02	2.836078e-01	2.836033e-01	2.835927e-01
3.871542880099285e-02	2.836076e-01	2.836031e-01	2.835930e-01
3.872542880099285e-02	2.836078e-01	2.836033e-01	2.835927e-01
3.873542880099285e-02	2.836076e-01	2.836031e-01	2.835930e-01
3.874542880099285e-02	2.836078e-01	2.836033e-01	2.835927e-01
3.875542880099285e-02	2.836076e-01	2.836031e-01	2.835930e-01
3.876542880099285e-02	2.836078e-01	2.836033e-01	2.835927e-01
3.877542880099285e-02	2.836076e-01	2.836031e-01	2.835930e-01
3.878542880099285e-02	2.836078e-01	2.836033e-01	2.835927e-01
3.879542880099285e-02	2.836076e-01	2.836031e-01	2.835930e-01
3.880542880099285e-02	2.836078e-01	2.836033e-01	2.835927e-01
3.881542880099285e-02	2.836076e-01	2.836031e-01	2.835930e-01
3.882542880099285e-02	2.836078e-01	2.836033e-01	2.835927e-01
3.883542880099285e-02	2.836076e-01	2.836031e-01	2.835930e-01
3.884542880099285e-02	2.836078e-01	2.836033e-01	2.835927e-01
3.885542880099285e-02	2.836076e-01	2.836031e-01	2.835930e-01
3.886542880099285e-02	2.836078e-01	2.836033e-01	2.835927e-01
3.887542880099285e-02	2.836076e-01	2.836031e-01	2.835929e-01
3.888542880099285e-02	2.836078e-01	2.836033e-01	2.835927e-01
3.889542880099285e-02	2.836076e-01	2.836031e-01	2.835930e-01
3.890542880099285e-02	2.836078e-01	2.836033e-01	2.835927e-01
3.891542880099285e-02	2.836076e-01	2.836031e-01	2.835929e-01
3.892542880099285e-02	2.836078e-01	2.836033e-01	2.835927e-01
3.893542880099285e-02	2.836076e-01	2.836031e-01	2.835929e-01
3.894542880099285e-02	2.836078e-01	2.836033e-01	2.835927e-01
3.895542880099285e-02	2.836076e-01	2.836031e-01	2.835929e-01
3.896542880099285e-02	2.836078e-01	2.836033e-01	2.835927e-01
3.897542880099285e-02	2.836076e-01	2.836031e-01	2.835929e-01
3.898542880099285e-02	2.836078e-01	2.836033e-01	2.835927e-01
3.899542880099285e-02	2.836076e-01	2.836031e-01	2.835929e-01
3.900542880099285e-02	2.836078e-01	2.836033e-01	2.835927e-01
3.901542880099285e-02	2.836076e-01	2.836031e-01	2.835929e-01
3.902542880099285e-02	2.836078e-01	2.836033e-01	2.835927e-01
3.903542880099285e-02	2.836076e-01	2.836031e-01	2.835929e-01
3.904542880099285e-02	2.836078e-01	2.836033e-01	2.835927e-01
3.905542880099285e-02	2.836076e-01	2.836031e-01	2.835929e-01
3.906542880099285e-02	2.836078e-01	2.836033e-01	2.835927e-01
3.907542880099285e-02	2.836076e-01	2.836031e-01	2.835929e-01
3.908542880099285e-02	2.836078e-01	2.836033e-01	2.835927e-01
3.909542880099285e-02	2.836076e-01	2.836031e-01	2.835929e-01
3.910542880099285e-02	2.836078e-01	2.836033e-01	2.835927e-01
3.911542880099285e-02	2.836076e-01	2.836031e-01	2.835929e-01
3.912542880099285e-02	2.836078e-01	2.836033e-01	2.835928e-01
3.913542880099285e-02	2.836076e-01	2.836031e-01	2.835929e-01
3.914542880099285e-02	2.836078e-01	2.836033e-01	2.835927e-01
3.915542880099285e-02	2.836076e-01	2.836031e-01	2.835929e-01
3.916542880099285e-02	2.836078e-01	2.836033e-01	2.835928e-01
3.917542880099285e-02	2.836076e-01	2.836031e-01	2.835929e-01
3.918542880099285e-02	2.836078e-01	2.836033e-01	2.835928e-01
3.919542880099285e-02	2.836076e-01	2.836031e-01	2.835929e-01
3.920542880099285e-02	2.836078e-01	2.836033e-01	2.835928e-01
3.921542880099285e-02	2.836076e-01	2.836031e-01	2.835929e-01
3.922542880099285e-02	2.836078e-01	2.836033e-01	2.835928e-01
3.923542880099285e-02	2.836076e-01	2.836031e-01	2.835929e-01
3.924542880099285e-02	2.836078e-01	2.836033e-01	2.835928e-01
3.925542880099285e-02	2.836076e-01	2.836031e-01	2.835929e-01
3.926542880099285e-02	2.836078e-01	2.836033e-01	2.835928e-01
3.927542880099285e-02	2.836076e-01	2.836031e-01	2.835929e-01
3.928542880099285e-02	2.836078e-01	2.836033e-01	2.835928e-01
3.929542880099285e-02	2.836076e-01	2.836031e-01	2.835929e-01
3.930542880099285e-02	2.836078e-01	2.836033e-01	2.835928e-01
3.931542880099285e-02	2.836076e-01	2.836031e-01	2.835929e-01
3.932542880099285e-02	2.836078e-01	2.836033e-01	2.835928e-01
3.933542880099285e-02	2.836076e-01	2.836031e-01	2.835929e-01
3.934542880099285e-02	2.836078e-01	2.836033e-01	2.835928e-01
3.935542880099285e-02	2.836076e-01	2.836031e-01	2.835929e-01
3.936542880099285e-02	2.836078e-01	2.836033e-01	2.835928e-01
3.937542880099285e-02	2.836076e-01	2.836031e-01	2.835929e-01
3.938542880099285e-02	2.836078e-01	2.836033e-01	2.835928e-01
3.939542880099285e-02	2.836076e-01	2.836031e-01	2.835929e-01
3.940542880099285e-02	2.836078e-01	2.836033e-01	2.835928e-01
3.941542880099285e-02	2.836076e-01	2.836031e-01	2.835929e-01
3.942542880099285e-02	2.836078e-01	2.836033e-01	2.835928e-01
3.943542880099285e-02	2.836076e-01	2.836031e-01	2.835929e-01
3.944542880099285e-02	2.836078e-01	2.836033e-01	2.835928e-01
3.945542880099285e-02	2.836076e-01	2.836031e-01	2.835929e-01
3.946542880099285e-02	2.836078e-01	2.836033e-01	2.835928e-01
3.947542880099285e-02	2.836076e-01	2.836031e-01	2.835928e-01
3.948542880099285e-02	2.836078e-01	2.836033e-01	2.835928e-01
3.949542880099285e-02	2.836076e-01	2.836031e-01	2.835929e-01
3.950542880099285e-02	2.836078e-01	2.836033e-01	2.835928e-01
3.951542880099285e-02	2.836076e-01	2.836031e-01	2.835929e-01
3.952542880099285e-02	2.836078e-01	2.836033e-01	2.835928e-01
3.953542880099285e-02	2.836076e-01	2.836031e-01	2.835928e-01
3.954542880099285e-02	2.836078e-01	2.836033e-01	2.835928e-01
3.955542880099285e-02	2.836076e-01	2.836031e-01	2.835928e-01
3.956542880099285e-02	2.836078e-01	2.836033e-01	2.835928e-01
3.957542880099285e-02	2.836076e-01	2.836031e-01	2.835928e-01
3.958542880099285e-02	2.836078e-01	2.836033e-01	2.835928e-01
3.959542880099285e-02	2.836076e-01	2.836031e-01	2.835928e-01
3.960542880099285e-02	2.836078e-01	2.836033e-01	2.835928e-01
3.961542880099285e-02	2.836076e-01	2.836031e-01	2.835928e-01
3.962542880099285e-02	2.836078e-01	2.836033e-01	2.835928e-01
3.963542880099285e-02	2.836076e-01	2.836031e-01	2.835928e-01
3.964542880099285e-02	2.836078e-01	2.836033e-01	2.835928e-01
3.965542880099285e-02	2.836076e-01	2.836031e-01	2.835928e-01
3.966542880099285e-02	2.836078e-01	2.836033e-01	2.835928e-01
3.967542880099285e-02	2.836076e-01	2.836031e-01	2.835928e-01
3.968542880099285e-02	2.836078e-01	2.836033e-01	2.835928e-01
3.969542880099285e-02	2.836076e-01	2.836031e-01	2.835928e-01
3.970542880099285e-02	2.836078e-01	2.836033e-01	2.835928e-01
3.971542880099285e-02	2.836076e-01	2.836031e-01	2.835928e-01
3.972542880099285e-02	2.836078e-01	2.836033e-01	2.835928e-01
3.973542880099285e-02	2.836076e-01	2.836031e-01	2.835928e-01
3.974542880099285e-02	2.836078e-01	2.836033e-01	2.835928e-01
3.975542880099285e-02	2.836076e-01	2.836031e-01	2.835928e-01
3.976542880099285e-02	2.836078e-01	2.836033e-01	2.835928e-01
3.977542880099285e-02	2.836076e-01	2.836031e-01	2.835928e-01
3.978542880099285e-02	2.836078e-01	2.836033e-01	2.835928e-01
3.979542880099285e-02	2.836076e-01	2.836031e-01	2.835928e-01
3.980542880099285e-02	2.836078e-01	2.836033e-01	2.835928e-01
3.981542880099285e-02	2.836076e-01	2.836031e-01	2.835928e-01
3.982542880099285e-02	2.836078e-01	2.836033e-01	2.835928e-01
3.983542880099285e-02	2.836076e-01	2.836031e-01	2.835928e-01
3.984542880099285e-02	2.836078e-01	2.836033e-01	2.835929e-01
3.985542880099285e-02	2.836076e-01	2.836031e-01	2.835928e-01
3.986542880099285e-02	2.836078e-01	2.836033e-01	2.835929e-01
3.987542880099285e-02	2.836076e-01	2.836031e-01	2.835928e-01
3.988542880099285e-02	2.836078e-01	2.836033e-01	2.835928e-01
3.989542880099285e-02	2.836076e-01	2.836031e-01	2.835928e-01
3.990542880099285e-02	2.836078e-01	2.836033e-01	2.835929e-01
3.991542880099285e-02	2.836076e-01	2.836031e-01	2.835928e-01
3.992542880099285e-02	2.836078e-01	2.836033e-01	2.835929e-01
3.993542880099285e-02	2.836076e-01	2.836031e-01	2.835928e-01
3.994542880099285e-02	2.836078e-01	2.836033e-01	2.835929e-01
3.995542880099285e-02	2.836076e-01	2.836031e-01	2.835928e-01
3.996542880099285e-02	2.836078e-01	2.836033e-01	2.835929e-01
3.997542880099285e-02	2.836076e-01	2.836031e-01	2.835928e-01
3.998542880099285e-02	2.836078e-01	2.836033e-01	2.835929e-01
3.999542880099285e-02	2.836076e-01	2.836031e-01	2.835928e-01
4.000000000000000e-02	2.836078e-01	2.836033e-01	2.835929e-01
