time	V(N019,out_pos)	V(N051,out_2)	V(N069,out_1)
0.000000000000000e+00	0.000000e+00	0.000000e+00	0.000000e+00
9.142856630514224e-10	0.000000e+00	0.000000e+00	0.000000e+00
1.828571326102845e-09	0.000000e+00	0.000000e+00	0.000000e+00
2.742856989154267e-09	0.000000e+00	0.000000e+00	0.000000e+00
3.657142652205690e-09	0.000000e+00	0.000000e+00	0.000000e+00
4.571428315257112e-09	0.000000e+00	0.000000e+00	0.000000e+00
5.485713978308534e-09	0.000000e+00	0.000000e+00	0.000000e+00
6.399999641359955e-09	0.000000e+00	0.000000e+00	0.000000e+00
1.279999928271991e-08	0.000000e+00	2.384186e-07	0.000000e+00
2.559999856543982e-08	0.000000e+00	2.384186e-07	-2.384186e-07
4.747226798751930e-08	0.000000e+00	7.152557e-07	-7.152557e-07
8.141002406898424e-08	0.000000e+00	1.907349e-06	-1.430511e-06
9.999999999999989e-08	0.000000e+00	1.907349e-06	-1.668930e-06
1.385913905200772e-07	2.384186e-07	2.861023e-06	-2.145767e-06
1.783642652638334e-07	4.768372e-07	5.483627e-06	-4.529953e-06
1.999999999999999e-07	4.768372e-07	8.583069e-06	-6.675720e-06
2.427685173538487e-07	9.536743e-07	1.788139e-05	-1.406670e-05
2.888306313527577e-07	2.145767e-06	3.123283e-05	-2.360344e-05
3.649197306117161e-07	5.006790e-06	5.602837e-05	-4.005432e-05
3.822848572945417e-07	5.722046e-06	6.175041e-05	-4.386902e-05
4.170151106601928e-07	7.390976e-06	7.367134e-05	-5.125999e-05
4.864756173914952e-07	1.072884e-05	9.727478e-05	-6.604195e-05
6.253966308541000e-07	1.788139e-05	1.471043e-04	-9.679794e-05
9.032386577793095e-07	3.290176e-05	2.472401e-04	-1.571178e-04
1.458922711629729e-06	5.745888e-05	3.883839e-04	-2.379417e-04
2.166803869896213e-06	6.651878e-05	4.134178e-04	-2.479553e-04
3.176440321077360e-06	5.173683e-05	3.077984e-04	-1.897812e-04
4.795424596830990e-06	2.765656e-05	1.761913e-04	-1.287460e-04
8.033393148338250e-06	1.788139e-05	1.182556e-04	-1.084805e-04
1.450933025135277e-05	8.106232e-06	1.044273e-04	-3.814697e-05
2.450933025135277e-05	4.458427e-05	1.339912e-04	-6.246567e-05
3.450933025135277e-05	1.099110e-04	2.598763e-05	-1.635551e-04
4.450933025135277e-05	7.963181e-05	-3.290176e-05	-1.692772e-05
5.450933025135277e-05	7.247925e-05	4.529953e-06	-8.893013e-05
5.987741246299063e-05	2.024174e-03	-1.297092e-02	8.286953e-03
6.281402363711916e-05	-5.001307e-03	-5.444527e-03	8.280754e-03
6.469000921168700e-05	-1.188040e-03	5.464554e-04	-2.095699e-04
6.638415620998637e-05	-2.686262e-03	1.339912e-04	1.104593e-03
6.823317355184832e-05	-3.183365e-03	2.889633e-04	6.170273e-04
7.026634156688898e-05	-3.461838e-03	-3.099442e-05	4.243851e-04
7.433267759697031e-05	-4.210949e-03	-8.573532e-04	-1.604557e-04
7.871779704029981e-05	-2.530575e-03	-1.504898e-03	-1.354218e-04
8.323557732638818e-05	-2.028465e-03	-2.031803e-03	-3.831387e-04
8.711789048470452e-05	-2.008915e-03	-1.649380e-03	-4.649162e-04
9.128924101637544e-05	-1.795292e-03	-1.641750e-03	-5.710125e-04
9.359249085522219e-05	-1.715660e-03	-1.528740e-03	-8.594990e-04
9.549284099783988e-05	-1.273632e-03	-1.094818e-03	-1.581192e-03
9.736152558820724e-05	-1.047611e-03	-9.398460e-04	-2.140522e-03
9.813273415312344e-05	-9.932518e-04	-8.468628e-04	-2.259493e-03
9.889221816652003e-05	-1.044750e-03	-9.355545e-04	-2.231359e-03
1.004111861933132e-04	-9.918213e-04	-8.568764e-04	-2.418756e-03
1.034491222468996e-04	-1.026154e-03	-9.260178e-04	-2.498865e-03
1.095249943540723e-04	-9.756088e-04	-8.502007e-04	-2.757311e-03
1.195249943540723e-04	-1.543522e-03	-1.405716e-03	-1.582623e-03
1.295249943540723e-04	-1.543999e-03	-1.373291e-03	-1.167297e-03
1.395249943540723e-04	-1.720428e-03	-2.703667e-04	-1.591682e-03
1.495249943540723e-04	-3.728867e-04	-4.048347e-04	-2.121687e-03
1.595249943540723e-04	-2.670288e-04	-2.288818e-05	-2.043247e-03
1.695249943540723e-04	-1.573563e-04	-2.703667e-04	-1.386166e-03
1.795249943540723e-04	-4.692078e-04	-3.323555e-04	6.389618e-05
1.895249943540722e-04	1.583099e-04	7.390976e-05	-3.066063e-04
1.995249943540722e-04	-1.697540e-04	-1.039505e-04	1.673698e-04
2.095249943540722e-04	1.144409e-04	6.914139e-05	-1.540184e-04
2.195249943540722e-04	-8.964539e-05	-6.055832e-05	1.058578e-04
2.295249943540722e-04	6.771088e-05	4.339218e-05	-8.869171e-05
2.395249943540722e-04	-4.959106e-05	-3.814697e-05	6.341934e-05
2.495249943540723e-04	3.719330e-05	2.861023e-05	-5.149841e-05
2.595249943540722e-04	-2.670288e-05	-2.527237e-05	3.719330e-05
2.695249943540723e-04	1.907349e-05	2.002716e-05	-2.980232e-05
2.795249943540722e-04	-1.335144e-05	-1.811981e-05	2.169609e-05
2.895249943540723e-04	8.583069e-06	1.430511e-05	-1.692772e-05
2.995249943540722e-04	-4.768372e-06	-1.335144e-05	1.215935e-05
3.095249943540723e-04	2.861023e-06	1.096725e-05	-9.298325e-06
3.195249943540722e-04	-9.536743e-07	-1.096725e-05	6.437302e-06
3.295249943540723e-04	-9.536743e-07	9.536743e-06	-4.529953e-06
3.395249943540722e-04	1.907349e-06	-9.059906e-06	3.099442e-06
3.495249943540723e-04	-2.861023e-06	8.106232e-06	-1.907349e-06
3.595249943540722e-04	3.814697e-06	-7.629395e-06	9.536743e-07
3.695249943540723e-04	-3.814697e-06	7.152557e-06	-2.384186e-07
3.795249943540722e-04	3.814697e-06	-7.152557e-06	-2.384186e-07
3.895249943540723e-04	-4.768372e-06	6.675720e-06	4.768372e-07
3.995249943540722e-04	4.768372e-06	-6.675720e-06	-9.536743e-07
4.095249943540723e-04	-4.768372e-06	6.198883e-06	1.192093e-06
4.195249943540722e-04	4.768372e-06	-6.675720e-06	-1.430511e-06
4.295249943540723e-04	-5.722046e-06	5.722046e-06	1.668930e-06
4.395249943540722e-04	4.768372e-06	-6.198883e-06	-1.907349e-06
4.495249943540723e-04	-5.722046e-06	5.722046e-06	1.907349e-06
4.595249943540722e-04	4.768372e-06	-5.722046e-06	-2.145767e-06
4.695249943540723e-04	-5.722046e-06	5.722046e-06	1.907349e-06
4.795249943540722e-04	4.768372e-06	-5.722046e-06	-2.145767e-06
4.895249943540723e-04	-5.722046e-06	5.722046e-06	2.145767e-06
4.995249943540723e-04	4.768372e-06	-5.722046e-06	-1.907349e-06
5.095249943540722e-04	-4.768372e-06	5.245209e-06	2.145767e-06
5.195249943540722e-04	4.768372e-06	-5.245209e-06	-2.145767e-06
5.295249943540722e-04	-4.768372e-06	5.245209e-06	2.145767e-06
5.395249943540723e-04	4.768372e-06	-5.245209e-06	-2.145767e-06
5.495249943540722e-04	-4.768372e-06	5.245209e-06	2.384186e-06
5.595249943540722e-04	4.768372e-06	-5.245209e-06	-2.145767e-06
5.695249943540722e-04	-4.768372e-06	4.768372e-06	2.384186e-06
5.795249943540723e-04	4.768372e-06	-5.245209e-06	-2.145767e-06
5.895249943540722e-04	-4.768372e-06	4.291534e-06	2.384186e-06
5.995249943540722e-04	4.768372e-06	-4.768372e-06	-2.145767e-06
6.095249943540722e-04	-4.768372e-06	4.291534e-06	2.384186e-06
6.195249943540723e-04	4.768372e-06	-4.768372e-06	-2.145767e-06
6.295249943540722e-04	-5.722046e-06	4.291534e-06	2.384186e-06
6.395249943540722e-04	4.768372e-06	-4.768372e-06	-2.145767e-06
6.495249943540722e-04	-5.722046e-06	4.291534e-06	2.384186e-06
6.595249943540723e-04	4.768372e-06	-4.768372e-06	-2.145767e-06
6.695249943540722e-04	-5.722046e-06	4.291534e-06	2.384186e-06
6.795249943540722e-04	5.722046e-06	-4.291534e-06	-2.145767e-06
6.895249943540722e-04	-5.722046e-06	4.291534e-06	2.384186e-06
6.995249943540723e-04	5.722046e-06	-3.814697e-06	-2.384186e-06
7.095249943540722e-04	-4.768372e-06	3.814697e-06	2.384186e-06
7.195249943540722e-04	4.768372e-06	-3.814697e-06	-2.384186e-06
7.295249943540722e-04	-4.768372e-06	3.814697e-06	2.145767e-06
7.395249943540723e-04	4.768372e-06	-3.814697e-06	-2.384186e-06
7.495249943540722e-04	-4.768372e-06	3.814697e-06	2.145767e-06
7.595249943540722e-04	4.768372e-06	-3.814697e-06	-2.384186e-06
7.695249943540722e-04	-4.768372e-06	3.814697e-06	2.145767e-06
7.795249943540723e-04	4.768372e-06	-3.814697e-06	-2.384186e-06
7.895249943540722e-04	-4.768372e-06	3.814697e-06	2.145767e-06
7.995249943540722e-04	4.768372e-06	-3.337860e-06	-2.384186e-06
8.095249943540722e-04	-4.768372e-06	3.814697e-06	2.145767e-06
8.195249943540722e-04	4.768372e-06	-3.337860e-06	-2.384186e-06
8.295249943540722e-04	-4.768372e-06	3.814697e-06	2.384186e-06
8.395249943540722e-04	4.768372e-06	-3.337860e-06	-2.384186e-06
8.495249943540722e-04	-4.768372e-06	3.337860e-06	2.384186e-06
8.595249943540722e-04	4.768372e-06	-3.337860e-06	-2.384186e-06
8.695249943540722e-04	-4.768372e-06	3.337860e-06	2.384186e-06
8.795249943540722e-04	4.768372e-06	-3.337860e-06	-2.384186e-06
8.895249943540722e-04	-4.768372e-06	3.337860e-06	2.384186e-06
8.995249943540722e-04	4.768372e-06	-3.337860e-06	-2.384186e-06
9.095249943540722e-04	-4.768372e-06	3.337860e-06	2.384186e-06
9.195249943540722e-04	4.768372e-06	-3.337860e-06	-2.384186e-06
9.295249943540722e-04	-4.768372e-06	2.861023e-06	2.384186e-06
9.395249943540722e-04	4.768372e-06	-3.337860e-06	-2.384186e-06
9.495249943540722e-04	-3.814697e-06	2.861023e-06	2.384186e-06
9.595249943540722e-04	4.768372e-06	-2.861023e-06	-2.384186e-06
9.695249943540722e-04	-3.814697e-06	2.861023e-06	2.384186e-06
9.795249943540722e-04	4.768372e-06	-2.861023e-06	-2.384186e-06
9.895249943540723e-04	-3.814697e-06	2.861023e-06	2.384186e-06
9.995249943540723e-04	3.814697e-06	-2.861023e-06	-2.384186e-06
1.009524994354072e-03	-3.814697e-06	2.861023e-06	2.384186e-06
1.019524994354072e-03	3.814697e-06	-2.861023e-06	-2.384186e-06
1.029524994354072e-03	-3.814697e-06	2.861023e-06	2.384186e-06
1.039524994354072e-03	3.814697e-06	-2.861023e-06	-2.384186e-06
1.049524994354072e-03	-3.814697e-06	2.384186e-06	2.384186e-06
1.059524994354072e-03	3.814697e-06	-2.861023e-06	-2.384186e-06
1.069524994354072e-03	-3.814697e-06	2.384186e-06	2.384186e-06
1.079524994354072e-03	3.814697e-06	-2.861023e-06	-2.384186e-06
1.089524994354072e-03	-4.768372e-06	2.384186e-06	2.384186e-06
1.099524994354072e-03	3.814697e-06	-2.861023e-06	-2.384186e-06
1.109524994354072e-03	-4.768372e-06	2.384186e-06	2.384186e-06
1.119524994354072e-03	3.814697e-06	-2.861023e-06	-2.384186e-06
1.129524994354072e-03	-4.768372e-06	2.384186e-06	2.384186e-06
1.139524994354072e-03	3.814697e-06	-2.861023e-06	-2.384186e-06
1.149524994354072e-03	-4.768372e-06	2.384186e-06	2.384186e-06
1.159524994354072e-03	3.814697e-06	-2.384186e-06	-2.384186e-06
1.169524994354072e-03	-4.768372e-06	2.384186e-06	2.384186e-06
1.179524994354072e-03	3.814697e-06	-2.384186e-06	-2.384186e-06
1.189524994354072e-03	-4.768372e-06	2.384186e-06	2.384186e-06
1.199524994354072e-03	3.814697e-06	-2.384186e-06	-2.384186e-06
1.209524994354072e-03	-4.768372e-06	2.384186e-06	2.384186e-06
1.219524994354072e-03	3.814697e-06	-2.384186e-06	-2.384186e-06
1.229524994354072e-03	-4.768372e-06	2.384186e-06	2.384186e-06
1.239524994354072e-03	3.814697e-06	-1.907349e-06	-2.384186e-06
1.249524994354072e-03	-4.768372e-06	2.384186e-06	2.384186e-06
1.259524994354072e-03	4.768372e-06	-1.907349e-06	-2.384186e-06
1.269524994354072e-03	-4.768372e-06	2.384186e-06	2.384186e-06
1.279524994354072e-03	4.768372e-06	-1.907349e-06	-2.384186e-06
1.289524994354072e-03	-3.814697e-06	2.384186e-06	2.384186e-06
1.299524994354072e-03	4.768372e-06	-1.907349e-06	-2.384186e-06
1.309524994354072e-03	-3.814697e-06	2.384186e-06	2.384186e-06
1.319524994354072e-03	4.768372e-06	-1.907349e-06	-2.384186e-06
1.329524994354072e-03	-3.814697e-06	2.384186e-06	2.384186e-06
1.339524994354072e-03	4.768372e-06	-1.907349e-06	-2.622604e-06
1.349524994354072e-03	-3.814697e-06	2.384186e-06	2.384186e-06
1.359524994354072e-03	4.768372e-06	-1.907349e-06	-2.622604e-06
1.369524994354072e-03	-3.814697e-06	2.384186e-06	2.384186e-06
1.379524994354072e-03	4.768372e-06	-1.907349e-06	-2.622604e-06
1.389524994354072e-03	-3.814697e-06	2.384186e-06	2.384186e-06
1.399524994354072e-03	4.768372e-06	-1.907349e-06	-2.622604e-06
1.409524994354072e-03	-3.814697e-06	2.384186e-06	2.384186e-06
1.419524994354072e-03	3.814697e-06	-1.907349e-06	-2.384186e-06
1.429524994354072e-03	-3.814697e-06	2.384186e-06	2.384186e-06
1.439524994354072e-03	3.814697e-06	-1.907349e-06	-2.384186e-06
1.449524994354072e-03	-3.814697e-06	1.907349e-06	2.384186e-06
1.459524994354072e-03	3.814697e-06	-1.907349e-06	-2.384186e-06
1.469524994354072e-03	-3.814697e-06	1.907349e-06	2.384186e-06
1.479524994354072e-03	3.814697e-06	-1.907349e-06	-2.384186e-06
1.489524994354072e-03	-3.814697e-06	1.907349e-06	2.384186e-06
1.499524994354072e-03	3.814697e-06	-1.907349e-06	-2.384186e-06
1.509524994354072e-03	-3.814697e-06	1.907349e-06	2.384186e-06
1.519524994354072e-03	3.814697e-06	-1.907349e-06	-2.384186e-06
1.529524994354072e-03	-3.814697e-06	1.430511e-06	2.384186e-06
1.539524994354072e-03	3.814697e-06	-1.907349e-06	-2.384186e-06
1.549524994354072e-03	-3.814697e-06	1.430511e-06	2.384186e-06
1.559524994354072e-03	3.814697e-06	-1.907349e-06	-2.384186e-06
1.569524994354072e-03	-3.814697e-06	1.430511e-06	2.384186e-06
1.579524994354072e-03	3.814697e-06	-1.907349e-06	-2.384186e-06
1.589524994354072e-03	-3.814697e-06	1.430511e-06	2.384186e-06
1.599524994354072e-03	3.814697e-06	-1.907349e-06	-2.384186e-06
1.609524994354072e-03	-3.814697e-06	1.430511e-06	2.384186e-06
1.619524994354072e-03	3.814697e-06	-1.907349e-06	-2.384186e-06
1.629524994354072e-03	-3.814697e-06	1.430511e-06	2.384186e-06
1.639524994354072e-03	3.814697e-06	-1.907349e-06	-2.384186e-06
1.649524994354072e-03	-3.814697e-06	1.430511e-06	2.384186e-06
1.659524994354072e-03	3.814697e-06	-1.907349e-06	-2.384186e-06
1.669524994354072e-03	-3.814697e-06	1.430511e-06	2.384186e-06
1.679524994354072e-03	3.814697e-06	-1.907349e-06	-2.384186e-06
1.689524994354072e-03	-3.814697e-06	1.430511e-06	2.384186e-06
1.699524994354072e-03	3.814697e-06	-1.907349e-06	-2.384186e-06
1.709524994354072e-03	-3.814697e-06	1.430511e-06	2.384186e-06
1.719524994354072e-03	3.814697e-06	-1.907349e-06	-2.384186e-06
1.729524994354072e-03	-3.814697e-06	1.430511e-06	2.384186e-06
1.739524994354072e-03	3.814697e-06	-1.907349e-06	-2.384186e-06
1.749524994354072e-03	-3.814697e-06	1.430511e-06	2.384186e-06
1.759524994354072e-03	3.814697e-06	-1.907349e-06	-2.384186e-06
1.769524994354072e-03	-3.814697e-06	1.430511e-06	2.384186e-06
1.779524994354072e-03	3.814697e-06	-1.907349e-06	-2.384186e-06
1.789524994354072e-03	-3.814697e-06	1.430511e-06	2.622604e-06
1.799524994354072e-03	3.814697e-06	-1.907349e-06	-2.384186e-06
1.809524994354072e-03	-3.814697e-06	1.430511e-06	2.622604e-06
1.819524994354072e-03	3.814697e-06	-1.430511e-06	-2.384186e-06
1.829524994354072e-03	-3.814697e-06	1.430511e-06	2.622604e-06
1.839524994354072e-03	3.814697e-06	-1.430511e-06	-2.384186e-06
1.849524994354072e-03	-3.814697e-06	1.430511e-06	2.622604e-06
1.859524994354072e-03	3.814697e-06	-1.430511e-06	-2.384186e-06
1.869524994354072e-03	-3.814697e-06	1.430511e-06	2.384186e-06
1.879524994354072e-03	3.814697e-06	-1.430511e-06	-2.384186e-06
1.889524994354072e-03	-3.814697e-06	1.430511e-06	2.384186e-06
1.899524994354072e-03	3.814697e-06	-1.430511e-06	-2.384186e-06
1.909524994354072e-03	-3.814697e-06	1.430511e-06	2.384186e-06
1.919524994354072e-03	3.814697e-06	-1.430511e-06	-2.384186e-06
1.929524994354072e-03	-3.814697e-06	1.430511e-06	2.384186e-06
1.939524994354072e-03	3.814697e-06	-1.430511e-06	-2.384186e-06
1.949524994354072e-03	-3.814697e-06	1.430511e-06	2.384186e-06
1.959524994354072e-03	3.814697e-06	-1.430511e-06	-2.384186e-06
1.969524994354072e-03	-3.814697e-06	1.430511e-06	2.384186e-06
1.979524994354072e-03	3.814697e-06	-1.430511e-06	-2.384186e-06
1.989524994354072e-03	-3.814697e-06	1.430511e-06	2.384186e-06
1.999524994354072e-03	3.814697e-06	-1.430511e-06	-2.384186e-06
2.009524994354072e-03	-3.814697e-06	1.430511e-06	2.384186e-06
2.019524994354072e-03	3.814697e-06	-1.430511e-06	-2.384186e-06
2.029524994354072e-03	-3.814697e-06	1.430511e-06	2.384186e-06
2.039524994354072e-03	3.814697e-06	-1.430511e-06	-2.384186e-06
2.049524994354072e-03	-3.814697e-06	1.430511e-06	2.384186e-06
2.059524994354072e-03	2.861023e-06	-1.430511e-06	-2.384186e-06
2.069524994354072e-03	-3.814697e-06	1.430511e-06	2.384186e-06
2.079524994354072e-03	2.861023e-06	-1.430511e-06	-2.384186e-06
2.089524994354072e-03	-3.814697e-06	1.430511e-06	2.384186e-06
2.099524994354072e-03	2.861023e-06	-1.430511e-06	-2.384186e-06
2.109524994354072e-03	-3.814697e-06	1.430511e-06	2.384186e-06
2.119524994354072e-03	2.861023e-06	-1.430511e-06	-2.384186e-06
2.129524994354072e-03	-3.814697e-06	1.430511e-06	2.384186e-06
2.139524994354072e-03	2.861023e-06	-1.430511e-06	-2.384186e-06
2.149524994354072e-03	-3.814697e-06	1.430511e-06	2.384186e-06
2.159524994354072e-03	2.861023e-06	-1.430511e-06	-2.384186e-06
2.169524994354072e-03	-3.814697e-06	1.430511e-06	2.384186e-06
2.179524994354072e-03	3.814697e-06	-1.430511e-06	-2.384186e-06
2.189524994354072e-03	-3.814697e-06	1.430511e-06	2.384186e-06
2.199524994354072e-03	3.814697e-06	-1.430511e-06	-2.384186e-06
2.209524994354072e-03	-3.814697e-06	1.430511e-06	2.384186e-06
2.219524994354072e-03	3.814697e-06	-1.430511e-06	-2.384186e-06
2.229524994354072e-03	-3.814697e-06	9.536743e-07	2.384186e-06
2.239524994354072e-03	3.814697e-06	-1.430511e-06	-2.384186e-06
2.249524994354072e-03	-3.814697e-06	9.536743e-07	2.384186e-06
2.259524994354072e-03	3.814697e-06	-1.430511e-06	-2.384186e-06
2.269524994354072e-03	-3.814697e-06	9.536743e-07	2.384186e-06
2.279524994354072e-03	3.814697e-06	-1.430511e-06	-2.384186e-06
2.289524994354072e-03	-3.814697e-06	9.536743e-07	2.384186e-06
2.299524994354072e-03	3.814697e-06	-1.430511e-06	-2.384186e-06
2.309524994354072e-03	-3.814697e-06	9.536743e-07	2.384186e-06
2.319524994354072e-03	3.814697e-06	-1.430511e-06	-2.384186e-06
2.329524994354072e-03	-3.814697e-06	9.536743e-07	2.384186e-06
2.339524994354072e-03	3.814697e-06	-1.430511e-06	-2.384186e-06
2.349524994354072e-03	-3.814697e-06	9.536743e-07	2.384186e-06
2.359524994354072e-03	3.814697e-06	-1.430511e-06	-2.384186e-06
2.369524994354072e-03	-3.814697e-06	9.536743e-07	2.384186e-06
2.379524994354072e-03	3.814697e-06	-1.430511e-06	-2.384186e-06
2.389524994354072e-03	-3.814697e-06	9.536743e-07	2.384186e-06
2.399524994354072e-03	3.814697e-06	-1.430511e-06	-2.384186e-06
2.409524994354072e-03	-3.814697e-06	9.536743e-07	2.384186e-06
2.419524994354072e-03	3.814697e-06	-1.430511e-06	-2.384186e-06
2.429524994354072e-03	-3.814697e-06	9.536743e-07	2.384186e-06
2.439524994354072e-03	3.814697e-06	-1.430511e-06	-2.384186e-06
2.449524994354072e-03	-3.814697e-06	9.536743e-07	2.384186e-06
2.459524994354072e-03	3.814697e-06	-1.430511e-06	-2.384186e-06
2.469524994354072e-03	-3.814697e-06	9.536743e-07	2.384186e-06
2.479524994354072e-03	3.814697e-06	-1.430511e-06	-2.384186e-06
2.489524994354072e-03	-3.814697e-06	9.536743e-07	2.384186e-06
2.499524994354072e-03	3.814697e-06	-1.430511e-06	-2.384186e-06
2.509524994354072e-03	-3.814697e-06	9.536743e-07	2.384186e-06
2.519524994354072e-03	3.814697e-06	-1.430511e-06	-2.384186e-06
2.529524994354072e-03	-3.814697e-06	9.536743e-07	2.384186e-06
2.539524994354072e-03	3.814697e-06	-1.430511e-06	-2.384186e-06
2.549524994354072e-03	-3.814697e-06	9.536743e-07	2.384186e-06
2.559524994354072e-03	3.814697e-06	-1.430511e-06	-2.384186e-06
2.569524994354072e-03	-3.814697e-06	9.536743e-07	2.384186e-06
2.579524994354072e-03	3.814697e-06	-1.430511e-06	-2.384186e-06
2.589524994354072e-03	-3.814697e-06	9.536743e-07	2.384186e-06
2.599524994354072e-03	3.814697e-06	-1.430511e-06	-2.384186e-06
2.609524994354072e-03	-3.814697e-06	9.536743e-07	2.384186e-06
2.619524994354072e-03	3.814697e-06	-1.430511e-06	-2.384186e-06
2.629524994354072e-03	-3.814697e-06	9.536743e-07	2.384186e-06
2.639524994354072e-03	3.814697e-06	-1.430511e-06	-2.384186e-06
2.649524994354072e-03	-3.814697e-06	9.536743e-07	2.384186e-06
2.659524994354072e-03	3.814697e-06	-1.430511e-06	-2.384186e-06
2.669524994354072e-03	-3.814697e-06	9.536743e-07	2.384186e-06
2.679524994354072e-03	3.814697e-06	-1.430511e-06	-2.384186e-06
2.689524994354072e-03	-3.814697e-06	9.536743e-07	2.384186e-06
2.699524994354072e-03	3.814697e-06	-1.430511e-06	-2.384186e-06
2.709524994354072e-03	-3.814697e-06	9.536743e-07	2.384186e-06
2.719524994354072e-03	3.814697e-06	-1.430511e-06	-2.384186e-06
2.729524994354072e-03	-3.814697e-06	9.536743e-07	2.384186e-06
2.739524994354072e-03	3.814697e-06	-1.430511e-06	-2.384186e-06
2.749524994354072e-03	-3.814697e-06	9.536743e-07	2.384186e-06
2.759524994354072e-03	3.814697e-06	-1.430511e-06	-2.384186e-06
2.769524994354072e-03	-3.814697e-06	9.536743e-07	2.384186e-06
2.779524994354072e-03	3.814697e-06	-1.430511e-06	-2.384186e-06
2.789524994354072e-03	-3.814697e-06	1.430511e-06	2.384186e-06
2.799524994354072e-03	3.814697e-06	-1.430511e-06	-2.384186e-06
2.809524994354072e-03	-3.814697e-06	1.430511e-06	2.384186e-06
2.819524994354072e-03	3.814697e-06	-1.430511e-06	-2.384186e-06
2.829524994354072e-03	-3.814697e-06	1.430511e-06	2.384186e-06
2.839524994354072e-03	3.814697e-06	-1.430511e-06	-2.384186e-06
2.849524994354072e-03	-3.814697e-06	1.430511e-06	2.384186e-06
2.859524994354072e-03	3.814697e-06	-1.430511e-06	-2.384186e-06
2.869524994354072e-03	-3.814697e-06	1.430511e-06	2.384186e-06
2.879524994354072e-03	3.814697e-06	-1.430511e-06	-2.384186e-06
2.889524994354072e-03	-2.861023e-06	1.430511e-06	2.384186e-06
2.899524994354072e-03	3.814697e-06	-9.536743e-07	-2.384186e-06
2.909524994354072e-03	-2.861023e-06	1.430511e-06	2.384186e-06
2.919524994354072e-03	3.814697e-06	-9.536743e-07	-2.384186e-06
2.929524994354072e-03	-2.861023e-06	1.430511e-06	2.384186e-06
2.939524994354072e-03	3.814697e-06	-9.536743e-07	-2.384186e-06
2.949524994354072e-03	-2.861023e-06	1.430511e-06	2.384186e-06
2.959524994354072e-03	3.814697e-06	-9.536743e-07	-2.384186e-06
2.969524994354072e-03	-2.861023e-06	1.430511e-06	2.384186e-06
2.979524994354072e-03	3.814697e-06	-9.536743e-07	-2.384186e-06
2.989524994354072e-03	-2.861023e-06	1.430511e-06	2.384186e-06
2.999524994354072e-03	3.814697e-06	-9.536743e-07	-2.384186e-06
3.009524994354072e-03	-2.861023e-06	1.430511e-06	2.384186e-06
3.019524994354072e-03	3.814697e-06	-9.536743e-07	-2.384186e-06
3.029524994354072e-03	-2.861023e-06	1.430511e-06	2.384186e-06
3.039524994354072e-03	3.814697e-06	-9.536743e-07	-2.384186e-06
3.049524994354072e-03	-2.861023e-06	1.430511e-06	2.384186e-06
3.059524994354072e-03	3.814697e-06	-9.536743e-07	-2.384186e-06
3.069524994354072e-03	-2.861023e-06	1.430511e-06	2.384186e-06
3.079524994354072e-03	3.814697e-06	-9.536743e-07	-2.384186e-06
3.089524994354072e-03	-2.861023e-06	1.430511e-06	2.384186e-06
3.099524994354072e-03	3.814697e-06	-9.536743e-07	-2.384186e-06
3.109524994354072e-03	-2.861023e-06	1.430511e-06	2.384186e-06
3.119524994354072e-03	3.814697e-06	-9.536743e-07	-2.384186e-06
3.129524994354072e-03	-2.861023e-06	1.430511e-06	2.384186e-06
3.139524994354072e-03	3.814697e-06	-9.536743e-07	-2.384186e-06
3.149524994354072e-03	-2.861023e-06	1.430511e-06	2.384186e-06
3.159524994354072e-03	3.814697e-06	-9.536743e-07	-2.384186e-06
3.169524994354072e-03	-2.861023e-06	1.430511e-06	2.384186e-06
3.179524994354072e-03	3.814697e-06	-9.536743e-07	-2.384186e-06
3.189524994354072e-03	-2.861023e-06	1.430511e-06	2.384186e-06
3.199524994354072e-03	3.814697e-06	-9.536743e-07	-2.384186e-06
3.209524994354072e-03	-2.861023e-06	1.430511e-06	2.384186e-06
3.219524994354072e-03	3.814697e-06	-9.536743e-07	-2.384186e-06
3.229524994354072e-03	-2.861023e-06	1.430511e-06	2.384186e-06
3.239524994354072e-03	3.814697e-06	-9.536743e-07	-2.384186e-06
3.249524994354072e-03	-2.861023e-06	1.430511e-06	2.384186e-06
3.259524994354072e-03	3.814697e-06	-9.536743e-07	-2.384186e-06
3.269524994354072e-03	-2.861023e-06	1.430511e-06	2.384186e-06
3.279524994354072e-03	3.814697e-06	-9.536743e-07	-2.384186e-06
3.289524994354072e-03	-2.861023e-06	1.430511e-06	2.384186e-06
3.299524994354072e-03	3.814697e-06	-9.536743e-07	-2.384186e-06
3.309524994354072e-03	-2.861023e-06	1.430511e-06	2.384186e-06
3.319524994354072e-03	3.814697e-06	-9.536743e-07	-2.384186e-06
3.329524994354072e-03	-2.861023e-06	1.430511e-06	2.384186e-06
3.339524994354072e-03	3.814697e-06	-9.536743e-07	-2.384186e-06
3.349524994354072e-03	-2.861023e-06	1.430511e-06	2.384186e-06
3.359524994354072e-03	3.814697e-06	-9.536743e-07	-2.384186e-06
3.369524994354072e-03	-2.861023e-06	1.430511e-06	2.384186e-06
3.379524994354072e-03	3.814697e-06	-9.536743e-07	-2.384186e-06
3.389524994354072e-03	-2.861023e-06	1.430511e-06	2.384186e-06
3.399524994354072e-03	3.814697e-06	-9.536743e-07	-2.384186e-06
3.409524994354072e-03	-2.861023e-06	1.430511e-06	2.384186e-06
3.419524994354072e-03	3.814697e-06	-9.536743e-07	-2.384186e-06
3.429524994354072e-03	-2.861023e-06	1.430511e-06	2.384186e-06
3.439524994354072e-03	3.814697e-06	-9.536743e-07	-2.384186e-06
3.449524994354072e-03	-3.814697e-06	1.430511e-06	2.384186e-06
3.459524994354072e-03	3.814697e-06	-9.536743e-07	-2.384186e-06
3.469524994354072e-03	-3.814697e-06	1.430511e-06	2.384186e-06
3.479524994354072e-03	3.814697e-06	-9.536743e-07	-2.384186e-06
3.489524994354072e-03	-3.814697e-06	1.430511e-06	2.384186e-06
3.499524994354072e-03	2.861023e-06	-9.536743e-07	-2.384186e-06
3.509524994354072e-03	-3.814697e-06	1.430511e-06	2.384186e-06
3.519524994354072e-03	2.861023e-06	-9.536743e-07	-2.384186e-06
3.529524994354072e-03	-3.814697e-06	1.430511e-06	2.384186e-06
3.539524994354072e-03	2.861023e-06	-9.536743e-07	-2.384186e-06
3.549524994354072e-03	-3.814697e-06	1.430511e-06	2.384186e-06
3.559524994354072e-03	2.861023e-06	-9.536743e-07	-2.384186e-06
3.569524994354072e-03	-3.814697e-06	1.430511e-06	2.384186e-06
3.579524994354072e-03	2.861023e-06	-9.536743e-07	-2.384186e-06
3.589524994354072e-03	-3.814697e-06	1.430511e-06	2.384186e-06
3.599524994354072e-03	2.861023e-06	-9.536743e-07	-2.384186e-06
3.609524994354072e-03	-3.814697e-06	1.430511e-06	2.384186e-06
3.619524994354072e-03	2.861023e-06	-9.536743e-07	-2.384186e-06
3.629524994354072e-03	-3.814697e-06	1.430511e-06	2.384186e-06
3.639524994354072e-03	2.861023e-06	-9.536743e-07	-2.384186e-06
3.649524994354072e-03	-3.814697e-06	1.430511e-06	2.384186e-06
3.659524994354072e-03	2.861023e-06	-9.536743e-07	-2.384186e-06
3.669524994354072e-03	-3.814697e-06	1.430511e-06	2.384186e-06
3.679524994354072e-03	2.861023e-06	-9.536743e-07	-2.384186e-06
3.689524994354072e-03	-3.814697e-06	1.430511e-06	2.384186e-06
3.699524994354072e-03	2.861023e-06	-9.536743e-07	-2.384186e-06
3.709524994354072e-03	-3.814697e-06	1.430511e-06	2.384186e-06
3.719524994354072e-03	2.861023e-06	-9.536743e-07	-2.384186e-06
3.729524994354072e-03	-3.814697e-06	1.430511e-06	2.384186e-06
3.739524994354072e-03	2.861023e-06	-9.536743e-07	-2.384186e-06
3.749524994354072e-03	-3.814697e-06	1.430511e-06	2.384186e-06
3.759524994354072e-03	2.861023e-06	-9.536743e-07	-2.384186e-06
3.769524994354072e-03	-3.814697e-06	1.430511e-06	2.384186e-06
3.779524994354072e-03	2.861023e-06	-9.536743e-07	-2.384186e-06
3.789524994354072e-03	-3.814697e-06	1.430511e-06	2.384186e-06
3.799524994354072e-03	2.861023e-06	-9.536743e-07	-2.145767e-06
3.809524994354072e-03	-3.814697e-06	1.430511e-06	2.384186e-06
3.819524994354072e-03	2.861023e-06	-9.536743e-07	-2.145767e-06
3.829524994354072e-03	-3.814697e-06	1.430511e-06	2.384186e-06
3.839524994354072e-03	2.861023e-06	-9.536743e-07	-2.145767e-06
3.849524994354072e-03	-3.814697e-06	1.430511e-06	2.384186e-06
3.859524994354072e-03	2.861023e-06	-9.536743e-07	-2.145767e-06
3.869524994354072e-03	-3.814697e-06	9.536743e-07	2.384186e-06
3.879524994354072e-03	2.861023e-06	-9.536743e-07	-2.145767e-06
3.889524994354072e-03	-3.814697e-06	9.536743e-07	2.384186e-06
3.899524994354072e-03	2.861023e-06	-9.536743e-07	-2.145767e-06
3.909524994354072e-03	-3.814697e-06	9.536743e-07	2.384186e-06
3.919524994354072e-03	2.861023e-06	-9.536743e-07	-2.145767e-06
3.929524994354072e-03	-3.814697e-06	9.536743e-07	2.384186e-06
3.939524994354072e-03	2.861023e-06	-9.536743e-07	-2.145767e-06
3.949524994354072e-03	-3.814697e-06	9.536743e-07	2.384186e-06
3.959524994354072e-03	2.861023e-06	-9.536743e-07	-2.145767e-06
3.969524994354072e-03	-3.814697e-06	9.536743e-07	2.384186e-06
3.979524994354072e-03	2.861023e-06	-9.536743e-07	-2.145767e-06
3.989524994354072e-03	-3.814697e-06	9.536743e-07	2.384186e-06
3.999524994354072e-03	2.861023e-06	-9.536743e-07	-2.145767e-06
4.009524994354072e-03	-3.814697e-06	9.536743e-07	2.384186e-06
4.019524994354072e-03	2.861023e-06	-9.536743e-07	-2.145767e-06
4.029524994354072e-03	-3.814697e-06	9.536743e-07	2.384186e-06
4.039524994354072e-03	2.861023e-06	-9.536743e-07	-2.145767e-06
4.049524994354072e-03	-3.814697e-06	9.536743e-07	2.384186e-06
4.059524994354072e-03	2.861023e-06	-9.536743e-07	-2.145767e-06
4.069524994354072e-03	-3.814697e-06	9.536743e-07	2.384186e-06
4.079524994354072e-03	2.861023e-06	-9.536743e-07	-2.145767e-06
4.089524994354072e-03	-3.814697e-06	9.536743e-07	2.384186e-06
4.099524994354072e-03	2.861023e-06	-9.536743e-07	-2.145767e-06
4.109524994354072e-03	-3.814697e-06	9.536743e-07	2.384186e-06
4.119524994354072e-03	2.861023e-06	-9.536743e-07	-2.145767e-06
4.129524994354072e-03	-3.814697e-06	9.536743e-07	2.384186e-06
4.139524994354072e-03	2.861023e-06	-9.536743e-07	-2.145767e-06
4.149524994354072e-03	-3.814697e-06	9.536743e-07	2.384186e-06
4.159524994354072e-03	2.861023e-06	-9.536743e-07	-2.145767e-06
4.169524994354072e-03	-3.814697e-06	9.536743e-07	2.384186e-06
4.179524994354072e-03	2.861023e-06	-9.536743e-07	-2.145767e-06
4.189524994354072e-03	-3.814697e-06	9.536743e-07	2.384186e-06
4.199524994354072e-03	2.861023e-06	-9.536743e-07	-2.145767e-06
4.209524994354072e-03	-3.814697e-06	9.536743e-07	2.384186e-06
4.219524994354072e-03	2.861023e-06	-9.536743e-07	-2.145767e-06
4.229524994354072e-03	-3.814697e-06	9.536743e-07	2.384186e-06
4.239524994354072e-03	2.861023e-06	-9.536743e-07	-2.145767e-06
4.249524994354071e-03	-3.814697e-06	9.536743e-07	2.384186e-06
4.259524994354072e-03	2.861023e-06	-9.536743e-07	-2.145767e-06
4.269524994354072e-03	-3.814697e-06	9.536743e-07	2.384186e-06
4.279524994354072e-03	2.861023e-06	-9.536743e-07	-2.145767e-06
4.289524994354072e-03	-3.814697e-06	9.536743e-07	2.384186e-06
4.299524994354072e-03	2.861023e-06	-9.536743e-07	-2.145767e-06
4.309524994354072e-03	-3.814697e-06	9.536743e-07	2.384186e-06
4.319524994354072e-03	2.861023e-06	-9.536743e-07	-2.145767e-06
4.329524994354072e-03	-3.814697e-06	9.536743e-07	2.384186e-06
4.339524994354072e-03	2.861023e-06	-9.536743e-07	-2.145767e-06
4.349524994354072e-03	-3.814697e-06	9.536743e-07	2.384186e-06
4.359524994354072e-03	2.861023e-06	-9.536743e-07	-2.145767e-06
4.369524994354072e-03	-3.814697e-06	9.536743e-07	2.384186e-06
4.379524994354072e-03	2.861023e-06	-9.536743e-07	-2.145767e-06
4.389524994354072e-03	-3.814697e-06	9.536743e-07	2.384186e-06
4.399524994354072e-03	2.861023e-06	-9.536743e-07	-2.145767e-06
4.409524994354072e-03	-3.814697e-06	9.536743e-07	2.384186e-06
4.419524994354071e-03	2.861023e-06	-9.536743e-07	-2.145767e-06
4.429524994354072e-03	-3.814697e-06	9.536743e-07	2.384186e-06
4.439524994354072e-03	2.861023e-06	-9.536743e-07	-2.145767e-06
4.449524994354072e-03	-3.814697e-06	9.536743e-07	2.384186e-06
4.459524994354072e-03	2.861023e-06	-1.430511e-06	-2.145767e-06
4.469524994354072e-03	-3.814697e-06	9.536743e-07	2.384186e-06
4.479524994354072e-03	2.861023e-06	-1.430511e-06	-2.145767e-06
4.489524994354072e-03	-3.814697e-06	9.536743e-07	2.384186e-06
4.499524994354072e-03	2.861023e-06	-1.430511e-06	-2.145767e-06
4.509524994354072e-03	-3.814697e-06	9.536743e-07	2.384186e-06
4.519524994354072e-03	2.861023e-06	-1.430511e-06	-2.145767e-06
4.529524994354072e-03	-3.814697e-06	9.536743e-07	2.384186e-06
4.539524994354072e-03	2.861023e-06	-1.430511e-06	-2.145767e-06
4.549524994354072e-03	-3.814697e-06	9.536743e-07	2.384186e-06
4.559524994354072e-03	2.861023e-06	-1.430511e-06	-2.145767e-06
4.569524994354071e-03	-3.814697e-06	9.536743e-07	2.384186e-06
4.579524994354072e-03	2.861023e-06	-1.430511e-06	-2.145767e-06
4.589524994354072e-03	-3.814697e-06	9.536743e-07	2.384186e-06
4.599524994354072e-03	2.861023e-06	-1.430511e-06	-2.145767e-06
4.609524994354072e-03	-3.814697e-06	9.536743e-07	2.384186e-06
4.619524994354072e-03	2.861023e-06	-1.430511e-06	-2.145767e-06
4.629524994354072e-03	-3.814697e-06	9.536743e-07	2.384186e-06
4.639524994354072e-03	2.861023e-06	-1.430511e-06	-2.145767e-06
4.649524994354072e-03	-3.814697e-06	9.536743e-07	2.384186e-06
4.659524994354072e-03	2.861023e-06	-1.430511e-06	-2.145767e-06
4.669524994354072e-03	-3.814697e-06	9.536743e-07	2.384186e-06
4.679524994354072e-03	2.861023e-06	-1.430511e-06	-2.145767e-06
4.689524994354072e-03	-3.814697e-06	9.536743e-07	2.384186e-06
4.699524994354072e-03	2.861023e-06	-1.430511e-06	-2.145767e-06
4.709524994354072e-03	-3.814697e-06	9.536743e-07	2.384186e-06
4.719524994354072e-03	2.861023e-06	-1.430511e-06	-2.145767e-06
4.729524994354072e-03	-3.814697e-06	9.536743e-07	2.384186e-06
4.739524994354071e-03	2.861023e-06	-1.430511e-06	-2.145767e-06
4.749524994354072e-03	-3.814697e-06	9.536743e-07	2.384186e-06
4.759524994354072e-03	2.861023e-06	-1.430511e-06	-2.145767e-06
4.769524994354072e-03	-3.814697e-06	9.536743e-07	2.384186e-06
4.779524994354072e-03	2.861023e-06	-1.430511e-06	-2.145767e-06
4.789524994354072e-03	-3.814697e-06	9.536743e-07	2.384186e-06
4.799524994354072e-03	2.861023e-06	-1.430511e-06	-2.145767e-06
4.809524994354072e-03	-3.814697e-06	9.536743e-07	2.384186e-06
4.819524994354072e-03	2.861023e-06	-1.430511e-06	-2.145767e-06
4.829524994354072e-03	-3.814697e-06	9.536743e-07	2.384186e-06
4.839524994354072e-03	2.861023e-06	-1.430511e-06	-2.145767e-06
4.849524994354072e-03	-3.814697e-06	9.536743e-07	2.384186e-06
4.859524994354072e-03	2.861023e-06	-1.430511e-06	-2.145767e-06
4.869524994354072e-03	-3.814697e-06	9.536743e-07	2.384186e-06
4.879524994354072e-03	2.861023e-06	-1.430511e-06	-2.145767e-06
4.889524994354071e-03	-3.814697e-06	9.536743e-07	2.384186e-06
4.899524994354072e-03	2.861023e-06	-1.430511e-06	-2.145767e-06
4.909524994354071e-03	-3.814697e-06	9.536743e-07	2.384186e-06
4.919524994354072e-03	2.861023e-06	-1.430511e-06	-2.145767e-06
4.929524994354072e-03	-3.814697e-06	9.536743e-07	2.384186e-06
4.939524994354072e-03	2.861023e-06	-1.430511e-06	-2.145767e-06
4.949524994354072e-03	-3.814697e-06	9.536743e-07	2.384186e-06
4.959524994354072e-03	2.861023e-06	-1.430511e-06	-2.145767e-06
4.969524994354072e-03	-3.814697e-06	9.536743e-07	2.384186e-06
4.979524994354072e-03	2.861023e-06	-1.430511e-06	-2.145767e-06
4.989524994354072e-03	-3.814697e-06	9.536743e-07	2.384186e-06
4.999524994354072e-03	2.861023e-06	-1.430511e-06	-2.145767e-06
5.009524994354072e-03	-3.814697e-06	9.536743e-07	2.384186e-06
5.019524994354072e-03	2.861023e-06	-1.430511e-06	-2.145767e-06
5.029524994354072e-03	-3.814697e-06	9.536743e-07	2.384186e-06
5.039524994354072e-03	2.861023e-06	-1.430511e-06	-2.145767e-06
5.049524994354072e-03	-3.814697e-06	9.536743e-07	2.384186e-06
5.059524994354071e-03	2.861023e-06	-1.430511e-06	-2.145767e-06
5.069524994354072e-03	-3.814697e-06	9.536743e-07	2.384186e-06
5.079524994354071e-03	2.861023e-06	-1.430511e-06	-2.145767e-06
5.089524994354072e-03	-3.814697e-06	9.536743e-07	2.384186e-06
5.099524994354072e-03	3.814697e-06	-1.430511e-06	-2.145767e-06
5.109524994354072e-03	-3.814697e-06	9.536743e-07	2.384186e-06
5.119524994354072e-03	3.814697e-06	-1.430511e-06	-2.145767e-06
5.129524994354072e-03	-3.814697e-06	9.536743e-07	2.384186e-06
5.139524994354072e-03	3.814697e-06	-1.430511e-06	-2.145767e-06
5.149524994354072e-03	-3.814697e-06	9.536743e-07	2.384186e-06
5.159524994354072e-03	3.814697e-06	-1.430511e-06	-2.145767e-06
5.169524994354072e-03	-3.814697e-06	9.536743e-07	2.384186e-06
5.179524994354072e-03	3.814697e-06	-1.430511e-06	-2.145767e-06
5.189524994354072e-03	-3.814697e-06	9.536743e-07	2.384186e-06
5.199524994354072e-03	3.814697e-06	-1.430511e-06	-2.145767e-06
5.209524994354071e-03	-3.814697e-06	9.536743e-07	2.384186e-06
5.219524994354072e-03	3.814697e-06	-1.430511e-06	-2.145767e-06
5.229524994354071e-03	-3.814697e-06	9.536743e-07	2.384186e-06
5.239524994354072e-03	3.814697e-06	-1.430511e-06	-2.145767e-06
5.249524994354072e-03	-3.814697e-06	9.536743e-07	2.384186e-06
5.259524994354072e-03	3.814697e-06	-1.430511e-06	-2.145767e-06
5.269524994354072e-03	-3.814697e-06	9.536743e-07	2.384186e-06
5.279524994354072e-03	3.814697e-06	-1.430511e-06	-2.145767e-06
5.289524994354072e-03	-3.814697e-06	9.536743e-07	2.384186e-06
5.299524994354072e-03	3.814697e-06	-1.430511e-06	-2.145767e-06
5.309524994354072e-03	-3.814697e-06	9.536743e-07	2.384186e-06
5.319524994354072e-03	3.814697e-06	-1.430511e-06	-2.145767e-06
5.329524994354072e-03	-3.814697e-06	9.536743e-07	2.384186e-06
5.339524994354072e-03	3.814697e-06	-1.430511e-06	-2.145767e-06
5.349524994354072e-03	-3.814697e-06	9.536743e-07	2.384186e-06
5.359524994354072e-03	3.814697e-06	-1.430511e-06	-2.145767e-06
5.369524994354072e-03	-3.814697e-06	9.536743e-07	2.384186e-06
5.379524994354071e-03	3.814697e-06	-1.430511e-06	-2.145767e-06
5.389524994354072e-03	-3.814697e-06	9.536743e-07	2.384186e-06
5.399524994354071e-03	3.814697e-06	-1.430511e-06	-2.145767e-06
5.409524994354072e-03	-3.814697e-06	9.536743e-07	2.384186e-06
5.419524994354072e-03	3.814697e-06	-1.430511e-06	-2.145767e-06
5.429524994354072e-03	-3.814697e-06	9.536743e-07	2.384186e-06
5.439524994354072e-03	3.814697e-06	-1.430511e-06	-2.145767e-06
5.449524994354072e-03	-3.814697e-06	9.536743e-07	2.384186e-06
5.459524994354072e-03	3.814697e-06	-1.430511e-06	-2.145767e-06
5.469524994354072e-03	-3.814697e-06	9.536743e-07	2.384186e-06
5.479524994354072e-03	3.814697e-06	-1.430511e-06	-2.145767e-06
5.489524994354072e-03	-3.814697e-06	9.536743e-07	2.384186e-06
5.499524994354072e-03	3.814697e-06	-1.430511e-06	-2.145767e-06
5.509524994354072e-03	-3.814697e-06	9.536743e-07	2.384186e-06
5.519524994354072e-03	3.814697e-06	-1.430511e-06	-2.145767e-06
5.529524994354071e-03	-3.814697e-06	9.536743e-07	2.384186e-06
5.539524994354072e-03	3.814697e-06	-1.430511e-06	-2.145767e-06
5.549524994354071e-03	-3.814697e-06	9.536743e-07	2.384186e-06
5.559524994354072e-03	3.814697e-06	-1.430511e-06	-2.145767e-06
5.569524994354071e-03	-3.814697e-06	9.536743e-07	2.384186e-06
5.579524994354072e-03	3.814697e-06	-1.430511e-06	-2.145767e-06
5.589524994354072e-03	-3.814697e-06	9.536743e-07	2.384186e-06
5.599524994354072e-03	3.814697e-06	-1.430511e-06	-2.145767e-06
5.609524994354072e-03	-3.814697e-06	9.536743e-07	2.384186e-06
5.619524994354072e-03	3.814697e-06	-1.430511e-06	-2.145767e-06
5.629524994354072e-03	-3.814697e-06	9.536743e-07	2.384186e-06
5.639524994354072e-03	3.814697e-06	-1.430511e-06	-2.145767e-06
5.649524994354072e-03	-3.814697e-06	9.536743e-07	2.384186e-06
5.659524994354072e-03	3.814697e-06	-1.430511e-06	-2.145767e-06
5.669524994354072e-03	-3.814697e-06	9.536743e-07	2.384186e-06
5.679524994354072e-03	3.814697e-06	-1.430511e-06	-2.145767e-06
5.689524994354072e-03	-3.814697e-06	9.536743e-07	2.384186e-06
5.699524994354071e-03	3.814697e-06	-1.430511e-06	-2.145767e-06
5.709524994354072e-03	-3.814697e-06	9.536743e-07	2.384186e-06
5.719524994354071e-03	3.814697e-06	-1.430511e-06	-2.145767e-06
5.729524994354072e-03	-3.814697e-06	9.536743e-07	2.384186e-06
5.739524994354071e-03	3.814697e-06	-1.430511e-06	-2.145767e-06
5.749524994354072e-03	-3.814697e-06	9.536743e-07	2.384186e-06
5.759524994354072e-03	3.814697e-06	-1.430511e-06	-2.145767e-06
5.769524994354072e-03	-3.814697e-06	9.536743e-07	2.384186e-06
5.779524994354072e-03	3.814697e-06	-1.430511e-06	-2.145767e-06
5.789524994354072e-03	-3.814697e-06	9.536743e-07	2.384186e-06
5.799524994354072e-03	3.814697e-06	-1.430511e-06	-2.145767e-06
5.809524994354072e-03	-3.814697e-06	9.536743e-07	2.384186e-06
5.819524994354072e-03	3.814697e-06	-1.430511e-06	-2.145767e-06
5.829524994354072e-03	-3.814697e-06	9.536743e-07	2.384186e-06
5.839524994354072e-03	3.814697e-06	-1.430511e-06	-2.145767e-06
5.849524994354071e-03	-3.814697e-06	9.536743e-07	2.384186e-06
5.859524994354072e-03	3.814697e-06	-1.430511e-06	-2.145767e-06
5.869524994354071e-03	-3.814697e-06	9.536743e-07	2.384186e-06
5.879524994354072e-03	3.814697e-06	-1.430511e-06	-2.145767e-06
5.889524994354071e-03	-3.814697e-06	9.536743e-07	2.384186e-06
5.899524994354072e-03	3.814697e-06	-1.430511e-06	-2.145767e-06
5.909524994354072e-03	-3.814697e-06	9.536743e-07	2.384186e-06
5.919524994354072e-03	3.814697e-06	-1.430511e-06	-2.145767e-06
5.929524994354072e-03	-3.814697e-06	9.536743e-07	2.384186e-06
5.939524994354072e-03	3.814697e-06	-1.430511e-06	-2.145767e-06
5.949524994354072e-03	-3.814697e-06	9.536743e-07	2.384186e-06
5.959524994354072e-03	3.814697e-06	-1.430511e-06	-2.145767e-06
5.969524994354072e-03	-3.814697e-06	9.536743e-07	2.384186e-06
5.979524994354072e-03	3.814697e-06	-1.430511e-06	-2.145767e-06
5.989524994354072e-03	-3.814697e-06	9.536743e-07	2.384186e-06
5.999524994354072e-03	3.814697e-06	-1.430511e-06	-2.145767e-06
6.009524994354072e-03	-3.814697e-06	9.536743e-07	2.384186e-06
6.019524994354071e-03	3.814697e-06	-1.430511e-06	-2.145767e-06
6.029524994354072e-03	-3.814697e-06	9.536743e-07	2.384186e-06
6.039524994354071e-03	3.814697e-06	-1.430511e-06	-2.145767e-06
6.049524994354072e-03	-3.814697e-06	9.536743e-07	2.384186e-06
6.059524994354071e-03	3.814697e-06	-1.430511e-06	-2.145767e-06
6.069524994354072e-03	-3.814697e-06	9.536743e-07	2.384186e-06
6.079524994354072e-03	3.814697e-06	-1.430511e-06	-2.145767e-06
6.089524994354072e-03	-3.814697e-06	9.536743e-07	2.384186e-06
6.099524994354072e-03	3.814697e-06	-1.430511e-06	-2.145767e-06
6.109524994354072e-03	-3.814697e-06	9.536743e-07	2.384186e-06
6.119524994354072e-03	3.814697e-06	-1.430511e-06	-2.145767e-06
6.129524994354072e-03	-3.814697e-06	9.536743e-07	2.384186e-06
6.139524994354072e-03	3.814697e-06	-1.430511e-06	-2.145767e-06
6.149524994354072e-03	-3.814697e-06	9.536743e-07	2.384186e-06
6.159524994354072e-03	3.814697e-06	-1.430511e-06	-2.145767e-06
6.169524994354071e-03	-3.814697e-06	9.536743e-07	2.384186e-06
6.179524994354072e-03	3.814697e-06	-1.430511e-06	-2.145767e-06
6.189524994354071e-03	-3.814697e-06	9.536743e-07	2.384186e-06
6.199524994354072e-03	3.814697e-06	-1.430511e-06	-2.145767e-06
6.209524994354071e-03	-3.814697e-06	9.536743e-07	2.384186e-06
6.219524994354072e-03	3.814697e-06	-1.430511e-06	-2.145767e-06
6.229524994354071e-03	-3.814697e-06	9.536743e-07	2.384186e-06
6.239524994354072e-03	3.814697e-06	-1.430511e-06	-2.145767e-06
6.249524994354072e-03	-3.814697e-06	9.536743e-07	2.384186e-06
6.259524994354072e-03	3.814697e-06	-1.430511e-06	-2.145767e-06
6.269524994354072e-03	-3.814697e-06	9.536743e-07	2.384186e-06
6.279524994354072e-03	3.814697e-06	-1.430511e-06	-2.145767e-06
6.289524994354072e-03	-3.814697e-06	9.536743e-07	2.384186e-06
6.299524994354072e-03	3.814697e-06	-9.536743e-07	-2.145767e-06
6.309524994354072e-03	-3.814697e-06	9.536743e-07	2.384186e-06
6.319524994354072e-03	3.814697e-06	-9.536743e-07	-2.145767e-06
6.329524994354072e-03	-3.814697e-06	9.536743e-07	2.384186e-06
6.339524994354071e-03	3.814697e-06	-9.536743e-07	-2.145767e-06
6.349524994354072e-03	-3.814697e-06	9.536743e-07	2.384186e-06
6.359524994354071e-03	3.814697e-06	-9.536743e-07	-2.145767e-06
6.369524994354072e-03	-3.814697e-06	9.536743e-07	2.384186e-06
6.379524994354071e-03	3.814697e-06	-9.536743e-07	-2.145767e-06
6.389524994354072e-03	-3.814697e-06	9.536743e-07	2.384186e-06
6.399524994354071e-03	3.814697e-06	-9.536743e-07	-2.145767e-06
6.409524994354072e-03	-3.814697e-06	9.536743e-07	2.384186e-06
6.419524994354072e-03	3.814697e-06	-9.536743e-07	-2.145767e-06
6.429524994354072e-03	-3.814697e-06	9.536743e-07	2.384186e-06
6.439524994354072e-03	3.814697e-06	-9.536743e-07	-2.145767e-06
6.449524994354072e-03	-3.814697e-06	9.536743e-07	2.384186e-06
6.459524994354072e-03	3.814697e-06	-9.536743e-07	-2.145767e-06
6.469524994354072e-03	-3.814697e-06	9.536743e-07	2.384186e-06
6.479524994354072e-03	3.814697e-06	-9.536743e-07	-2.145767e-06
6.489524994354071e-03	-3.814697e-06	9.536743e-07	2.384186e-06
6.499524994354072e-03	3.814697e-06	-9.536743e-07	-2.145767e-06
6.509524994354071e-03	-3.814697e-06	9.536743e-07	2.384186e-06
6.519524994354072e-03	3.814697e-06	-9.536743e-07	-2.145767e-06
6.529524994354071e-03	-3.814697e-06	9.536743e-07	2.384186e-06
6.539524994354072e-03	3.814697e-06	-9.536743e-07	-2.145767e-06
6.549524994354071e-03	-3.814697e-06	9.536743e-07	2.384186e-06
6.559524994354072e-03	3.814697e-06	-9.536743e-07	-2.145767e-06
6.569524994354072e-03	-3.814697e-06	9.536743e-07	2.384186e-06
6.579524994354072e-03	3.814697e-06	-9.536743e-07	-2.145767e-06
6.589524994354072e-03	-3.814697e-06	9.536743e-07	2.384186e-06
6.599524994354072e-03	3.814697e-06	-9.536743e-07	-2.145767e-06
6.609524994354072e-03	-3.814697e-06	9.536743e-07	2.384186e-06
6.619524994354072e-03	3.814697e-06	-9.536743e-07	-2.145767e-06
6.629524994354072e-03	-3.814697e-06	9.536743e-07	2.384186e-06
6.639524994354072e-03	3.814697e-06	-9.536743e-07	-2.145767e-06
6.649524994354072e-03	-3.814697e-06	9.536743e-07	2.384186e-06
6.659524994354071e-03	3.814697e-06	-9.536743e-07	-2.145767e-06
6.669524994354072e-03	-3.814697e-06	9.536743e-07	2.384186e-06
6.679524994354071e-03	3.814697e-06	-9.536743e-07	-2.145767e-06
6.689524994354072e-03	-3.814697e-06	9.536743e-07	2.384186e-06
6.699524994354071e-03	3.814697e-06	-9.536743e-07	-2.145767e-06
6.709524994354072e-03	-3.814697e-06	9.536743e-07	2.384186e-06
6.719524994354071e-03	3.814697e-06	-9.536743e-07	-2.145767e-06
6.729524994354072e-03	-3.814697e-06	9.536743e-07	2.384186e-06
6.739524994354072e-03	3.814697e-06	-9.536743e-07	-2.145767e-06
6.749524994354072e-03	-3.814697e-06	9.536743e-07	2.384186e-06
6.759524994354072e-03	3.814697e-06	-9.536743e-07	-2.145767e-06
6.769524994354072e-03	-3.814697e-06	9.536743e-07	2.384186e-06
6.779524994354072e-03	3.814697e-06	-9.536743e-07	-2.145767e-06
6.789524994354072e-03	-3.814697e-06	9.536743e-07	2.384186e-06
6.799524994354072e-03	3.814697e-06	-9.536743e-07	-2.145767e-06
6.809524994354071e-03	-3.814697e-06	9.536743e-07	2.384186e-06
6.819524994354072e-03	3.814697e-06	-9.536743e-07	-2.145767e-06
6.829524994354071e-03	-3.814697e-06	9.536743e-07	2.384186e-06
6.839524994354072e-03	3.814697e-06	-9.536743e-07	-2.145767e-06
6.849524994354071e-03	-3.814697e-06	9.536743e-07	2.384186e-06
6.859524994354072e-03	3.814697e-06	-9.536743e-07	-2.145767e-06
6.869524994354071e-03	-3.814697e-06	9.536743e-07	2.384186e-06
6.879524994354072e-03	3.814697e-06	-9.536743e-07	-2.145767e-06
6.889524994354071e-03	-3.814697e-06	9.536743e-07	2.384186e-06
6.899524994354072e-03	3.814697e-06	-9.536743e-07	-2.145767e-06
6.909524994354072e-03	-2.861023e-06	9.536743e-07	2.384186e-06
6.919524994354072e-03	3.814697e-06	-9.536743e-07	-2.145767e-06
6.929524994354072e-03	-2.861023e-06	9.536743e-07	2.384186e-06
6.939524994354072e-03	3.814697e-06	-9.536743e-07	-2.145767e-06
6.949524994354072e-03	-2.861023e-06	9.536743e-07	2.384186e-06
6.959524994354072e-03	3.814697e-06	-9.536743e-07	-2.145767e-06
6.969524994354072e-03	-2.861023e-06	9.536743e-07	2.384186e-06
6.979524994354071e-03	3.814697e-06	-9.536743e-07	-2.145767e-06
6.989524994354072e-03	-2.861023e-06	9.536743e-07	2.384186e-06
6.999524994354071e-03	3.814697e-06	-9.536743e-07	-2.145767e-06
7.009524994354072e-03	-2.861023e-06	9.536743e-07	2.384186e-06
7.019524994354071e-03	3.814697e-06	-9.536743e-07	-2.145767e-06
7.029524994354072e-03	-2.861023e-06	9.536743e-07	2.384186e-06
7.039524994354071e-03	3.814697e-06	-9.536743e-07	-2.145767e-06
7.049524994354072e-03	-2.861023e-06	9.536743e-07	2.384186e-06
7.059524994354071e-03	3.814697e-06	-9.536743e-07	-2.145767e-06
7.069524994354072e-03	-2.861023e-06	9.536743e-07	2.384186e-06
7.079524994354072e-03	3.814697e-06	-9.536743e-07	-2.145767e-06
7.089524994354072e-03	-2.861023e-06	9.536743e-07	2.384186e-06
7.099524994354072e-03	3.814697e-06	-9.536743e-07	-2.145767e-06
7.109524994354072e-03	-2.861023e-06	9.536743e-07	2.384186e-06
7.119524994354072e-03	3.814697e-06	-9.536743e-07	-2.145767e-06
7.129524994354071e-03	-2.861023e-06	9.536743e-07	2.384186e-06
7.139524994354072e-03	3.814697e-06	-9.536743e-07	-2.145767e-06
7.149524994354071e-03	-2.861023e-06	9.536743e-07	2.384186e-06
7.159524994354072e-03	3.814697e-06	-9.536743e-07	-2.145767e-06
7.169524994354071e-03	-2.861023e-06	9.536743e-07	2.145767e-06
7.179524994354072e-03	3.814697e-06	-9.536743e-07	-2.145767e-06
7.189524994354071e-03	-2.861023e-06	9.536743e-07	2.145767e-06
7.199524994354072e-03	3.814697e-06	-9.536743e-07	-2.145767e-06
7.209524994354071e-03	-2.861023e-06	9.536743e-07	2.145767e-06
7.219524994354072e-03	3.814697e-06	-9.536743e-07	-2.145767e-06
7.229524994354071e-03	-2.861023e-06	9.536743e-07	2.145767e-06
7.239524994354072e-03	3.814697e-06	-9.536743e-07	-2.145767e-06
7.249524994354072e-03	-2.861023e-06	9.536743e-07	2.145767e-06
7.259524994354072e-03	3.814697e-06	-9.536743e-07	-2.145767e-06
7.269524994354072e-03	-2.861023e-06	9.536743e-07	2.145767e-06
7.279524994354072e-03	3.814697e-06	-9.536743e-07	-2.145767e-06
7.289524994354072e-03	-2.861023e-06	9.536743e-07	2.145767e-06
7.299524994354071e-03	3.814697e-06	-9.536743e-07	-2.145767e-06
7.309524994354072e-03	-2.861023e-06	9.536743e-07	2.145767e-06
7.319524994354071e-03	3.814697e-06	-9.536743e-07	-2.145767e-06
7.329524994354072e-03	-2.861023e-06	9.536743e-07	2.145767e-06
7.339524994354071e-03	3.814697e-06	-9.536743e-07	-2.145767e-06
7.349524994354072e-03	-2.861023e-06	9.536743e-07	2.145767e-06
7.359524994354071e-03	3.814697e-06	-9.536743e-07	-2.145767e-06
7.369524994354072e-03	-2.861023e-06	9.536743e-07	2.145767e-06
7.379524994354071e-03	3.814697e-06	-9.536743e-07	-2.145767e-06
7.389524994354072e-03	-2.861023e-06	9.536743e-07	2.145767e-06
7.399524994354072e-03	3.814697e-06	-9.536743e-07	-2.145767e-06
7.409524994354072e-03	-2.861023e-06	9.536743e-07	2.145767e-06
7.419524994354072e-03	3.814697e-06	-9.536743e-07	-2.145767e-06
7.429524994354072e-03	-2.861023e-06	9.536743e-07	2.145767e-06
7.439524994354072e-03	3.814697e-06	-9.536743e-07	-2.145767e-06
7.449524994354071e-03	-2.861023e-06	9.536743e-07	2.145767e-06
7.459524994354072e-03	3.814697e-06	-9.536743e-07	-2.145767e-06
7.469524994354071e-03	-2.861023e-06	9.536743e-07	2.145767e-06
7.479524994354072e-03	3.814697e-06	-9.536743e-07	-2.145767e-06
7.489524994354071e-03	-2.861023e-06	9.536743e-07	2.145767e-06
7.499524994354072e-03	3.814697e-06	-9.536743e-07	-2.145767e-06
7.509524994354071e-03	-2.861023e-06	9.536743e-07	2.145767e-06
7.519524994354072e-03	3.814697e-06	-9.536743e-07	-2.145767e-06
7.529524994354071e-03	-2.861023e-06	9.536743e-07	2.145767e-06
7.539524994354072e-03	3.814697e-06	-9.536743e-07	-2.145767e-06
7.549524994354071e-03	-2.861023e-06	9.536743e-07	2.145767e-06
7.559524994354072e-03	3.814697e-06	-9.536743e-07	-2.145767e-06
7.569524994354072e-03	-2.861023e-06	9.536743e-07	2.145767e-06
7.579524994354072e-03	3.814697e-06	-9.536743e-07	-2.145767e-06
7.589524994354072e-03	-2.861023e-06	9.536743e-07	2.145767e-06
7.599524994354072e-03	3.814697e-06	-9.536743e-07	-2.145767e-06
7.609524994354072e-03	-2.861023e-06	9.536743e-07	2.145767e-06
7.619524994354071e-03	3.814697e-06	-9.536743e-07	-2.145767e-06
7.629524994354072e-03	-2.861023e-06	9.536743e-07	2.145767e-06
7.639524994354071e-03	3.814697e-06	-9.536743e-07	-2.145767e-06
7.649524994354072e-03	-2.861023e-06	9.536743e-07	2.145767e-06
7.659524994354071e-03	3.814697e-06	-9.536743e-07	-2.145767e-06
7.669524994354072e-03	-2.861023e-06	9.536743e-07	2.145767e-06
7.679524994354071e-03	3.814697e-06	-9.536743e-07	-2.145767e-06
7.689524994354072e-03	-2.861023e-06	9.536743e-07	2.145767e-06
7.699524994354071e-03	3.814697e-06	-9.536743e-07	-2.145767e-06
7.709524994354072e-03	-2.861023e-06	9.536743e-07	2.145767e-06
7.719524994354071e-03	3.814697e-06	-9.536743e-07	-2.145767e-06
7.729524994354072e-03	-2.861023e-06	9.536743e-07	2.145767e-06
7.739524994354072e-03	3.814697e-06	-9.536743e-07	-2.145767e-06
7.749524994354072e-03	-2.861023e-06	9.536743e-07	2.145767e-06
7.759524994354072e-03	3.814697e-06	-9.536743e-07	-2.145767e-06
7.769524994354071e-03	-2.861023e-06	9.536743e-07	2.145767e-06
7.779524994354072e-03	3.814697e-06	-9.536743e-07	-2.145767e-06
7.789524994354071e-03	-2.861023e-06	9.536743e-07	2.145767e-06
7.799524994354072e-03	3.814697e-06	-9.536743e-07	-2.145767e-06
7.809524994354071e-03	-2.861023e-06	9.536743e-07	2.145767e-06
7.819524994354071e-03	3.814697e-06	-9.536743e-07	-2.145767e-06
7.829524994354072e-03	-2.861023e-06	9.536743e-07	2.145767e-06
7.839524994354072e-03	3.814697e-06	-9.536743e-07	-2.145767e-06
7.849524994354071e-03	-2.861023e-06	9.536743e-07	2.145767e-06
7.859524994354071e-03	3.814697e-06	-9.536743e-07	-2.145767e-06
7.869524994354072e-03	-2.861023e-06	9.536743e-07	2.145767e-06
7.879524994354072e-03	3.814697e-06	-9.536743e-07	-2.145767e-06
7.889524994354071e-03	-2.861023e-06	9.536743e-07	2.145767e-06
7.899524994354071e-03	3.814697e-06	-9.536743e-07	-2.145767e-06
7.909524994354072e-03	-2.861023e-06	9.536743e-07	2.145767e-06
7.919524994354072e-03	3.814697e-06	-9.536743e-07	-2.145767e-06
7.929524994354072e-03	-2.861023e-06	9.536743e-07	2.145767e-06
7.939524994354071e-03	3.814697e-06	-9.536743e-07	-2.145767e-06
7.949524994354071e-03	-2.861023e-06	9.536743e-07	2.145767e-06
7.959524994354072e-03	3.814697e-06	-9.536743e-07	-2.145767e-06
7.969524994354072e-03	-2.861023e-06	9.536743e-07	2.145767e-06
7.979524994354071e-03	3.814697e-06	-9.536743e-07	-2.145767e-06
7.989524994354071e-03	-2.861023e-06	9.536743e-07	2.145767e-06
7.999524994354072e-03	3.814697e-06	-9.536743e-07	-2.145767e-06
8.009524994354072e-03	-2.861023e-06	9.536743e-07	2.145767e-06
8.019524994354071e-03	3.814697e-06	-9.536743e-07	-2.145767e-06
8.029524994354071e-03	-2.861023e-06	9.536743e-07	2.145767e-06
8.039524994354072e-03	3.814697e-06	-9.536743e-07	-2.145767e-06
8.049524994354072e-03	-2.861023e-06	9.536743e-07	2.145767e-06
8.059524994354072e-03	3.814697e-06	-9.536743e-07	-2.145767e-06
8.069524994354071e-03	-2.861023e-06	9.536743e-07	2.145767e-06
8.079524994354072e-03	3.814697e-06	-9.536743e-07	-2.145767e-06
8.089524994354072e-03	-2.861023e-06	9.536743e-07	2.145767e-06
8.099524994354072e-03	3.814697e-06	-9.536743e-07	-2.145767e-06
8.109524994354071e-03	-2.861023e-06	9.536743e-07	2.145767e-06
8.119524994354071e-03	3.814697e-06	-9.536743e-07	-2.145767e-06
8.129524994354072e-03	-2.861023e-06	9.536743e-07	2.145767e-06
8.139524994354072e-03	3.814697e-06	-9.536743e-07	-2.145767e-06
8.149524994354071e-03	-2.861023e-06	9.536743e-07	2.145767e-06
8.159524994354071e-03	3.814697e-06	-9.536743e-07	-2.145767e-06
8.169524994354072e-03	-2.861023e-06	9.536743e-07	2.145767e-06
8.179524994354072e-03	3.814697e-06	-9.536743e-07	-2.145767e-06
8.189524994354071e-03	-2.861023e-06	9.536743e-07	2.145767e-06
8.199524994354071e-03	3.814697e-06	-9.536743e-07	-2.145767e-06
8.209524994354072e-03	-2.861023e-06	9.536743e-07	2.145767e-06
8.219524994354072e-03	3.814697e-06	-9.536743e-07	-2.145767e-06
8.229524994354072e-03	-2.861023e-06	9.536743e-07	2.145767e-06
8.239524994354071e-03	3.814697e-06	-9.536743e-07	-2.145767e-06
8.249524994354071e-03	-2.861023e-06	9.536743e-07	2.145767e-06
8.259524994354072e-03	3.814697e-06	-9.536743e-07	-2.145767e-06
8.269524994354072e-03	-2.861023e-06	9.536743e-07	2.145767e-06
8.279524994354071e-03	3.814697e-06	-9.536743e-07	-2.145767e-06
8.289524994354071e-03	-2.861023e-06	9.536743e-07	2.145767e-06
8.299524994354072e-03	3.814697e-06	-9.536743e-07	-2.145767e-06
8.309524994354072e-03	-2.861023e-06	9.536743e-07	1.907349e-06
8.319524994354071e-03	3.814697e-06	-9.536743e-07	-2.145767e-06
8.329524994354071e-03	-2.861023e-06	9.536743e-07	1.907349e-06
8.339524994354072e-03	3.814697e-06	-9.536743e-07	-2.145767e-06
8.349524994354072e-03	-2.861023e-06	9.536743e-07	1.907349e-06
8.359524994354071e-03	3.814697e-06	-9.536743e-07	-2.145767e-06
8.369524994354071e-03	-2.861023e-06	9.536743e-07	1.907349e-06
8.379524994354072e-03	3.814697e-06	-9.536743e-07	-2.145767e-06
8.389524994354072e-03	-2.861023e-06	9.536743e-07	1.907349e-06
8.399524994354072e-03	3.814697e-06	-9.536743e-07	-2.145767e-06
8.409524994354071e-03	-2.861023e-06	9.536743e-07	1.907349e-06
8.419524994354071e-03	3.814697e-06	-9.536743e-07	-2.145767e-06
8.429524994354072e-03	-2.861023e-06	9.536743e-07	1.907349e-06
8.439524994354072e-03	3.814697e-06	-9.536743e-07	-2.145767e-06
8.449524994354071e-03	-2.861023e-06	9.536743e-07	1.907349e-06
8.459524994354071e-03	3.814697e-06	-9.536743e-07	-2.145767e-06
8.469524994354072e-03	-2.861023e-06	9.536743e-07	1.907349e-06
8.479524994354072e-03	3.814697e-06	-9.536743e-07	-2.145767e-06
8.489524994354071e-03	-2.861023e-06	9.536743e-07	1.907349e-06
8.499524994354071e-03	3.814697e-06	-9.536743e-07	-2.145767e-06
8.509524994354072e-03	-2.861023e-06	9.536743e-07	1.907349e-06
8.519524994354072e-03	3.814697e-06	-9.536743e-07	-2.145767e-06
8.529524994354071e-03	-2.861023e-06	9.536743e-07	1.907349e-06
8.539524994354071e-03	3.814697e-06	-9.536743e-07	-2.145767e-06
8.549524994354072e-03	-2.861023e-06	9.536743e-07	1.907349e-06
8.559524994354072e-03	3.814697e-06	-9.536743e-07	-2.145767e-06
8.569524994354072e-03	-2.861023e-06	9.536743e-07	1.907349e-06
8.579524994354071e-03	3.814697e-06	-9.536743e-07	-2.145767e-06
8.589524994354071e-03	-2.861023e-06	9.536743e-07	1.907349e-06
8.599524994354072e-03	3.814697e-06	-9.536743e-07	-2.145767e-06
8.609524994354072e-03	-2.861023e-06	9.536743e-07	1.907349e-06
8.619524994354071e-03	3.814697e-06	-9.536743e-07	-2.145767e-06
8.629524994354071e-03	-2.861023e-06	9.536743e-07	1.907349e-06
8.639524994354072e-03	3.814697e-06	-9.536743e-07	-2.145767e-06
8.649524994354072e-03	-2.861023e-06	9.536743e-07	1.907349e-06
8.659524994354071e-03	3.814697e-06	-9.536743e-07	-2.145767e-06
8.669524994354071e-03	-2.861023e-06	9.536743e-07	1.907349e-06
8.679524994354072e-03	3.814697e-06	-9.536743e-07	-2.145767e-06
8.689524994354072e-03	-2.861023e-06	9.536743e-07	1.907349e-06
8.699524994354071e-03	3.814697e-06	-9.536743e-07	-2.145767e-06
8.709524994354071e-03	-2.861023e-06	9.536743e-07	1.907349e-06
8.719524994354072e-03	3.814697e-06	-9.536743e-07	-2.145767e-06
8.729524994354072e-03	-2.861023e-06	9.536743e-07	1.907349e-06
8.739524994354072e-03	3.814697e-06	-9.536743e-07	-2.145767e-06
8.749524994354071e-03	-2.861023e-06	9.536743e-07	1.907349e-06
8.759524994354071e-03	3.814697e-06	-9.536743e-07	-2.145767e-06
8.769524994354072e-03	-2.861023e-06	9.536743e-07	1.907349e-06
8.779524994354072e-03	3.814697e-06	-9.536743e-07	-2.145767e-06
8.789524994354071e-03	-2.861023e-06	9.536743e-07	1.907349e-06
8.799524994354071e-03	3.814697e-06	-9.536743e-07	-2.145767e-06
8.809524994354072e-03	-2.861023e-06	9.536743e-07	1.907349e-06
8.819524994354072e-03	3.814697e-06	-9.536743e-07	-2.145767e-06
8.829524994354071e-03	-2.861023e-06	9.536743e-07	1.907349e-06
8.839524994354071e-03	3.814697e-06	-9.536743e-07	-2.145767e-06
8.849524994354072e-03	-2.861023e-06	9.536743e-07	1.907349e-06
8.859524994354072e-03	3.814697e-06	-9.536743e-07	-2.145767e-06
8.869524994354071e-03	-2.861023e-06	9.536743e-07	1.907349e-06
8.879524994354071e-03	3.814697e-06	-9.536743e-07	-2.145767e-06
8.889524994354071e-03	-2.861023e-06	9.536743e-07	1.907349e-06
8.899524994354072e-03	3.814697e-06	-9.536743e-07	-2.145767e-06
8.909524994354072e-03	-2.861023e-06	9.536743e-07	1.907349e-06
8.919524994354071e-03	3.814697e-06	-9.536743e-07	-2.145767e-06
8.929524994354071e-03	-2.861023e-06	9.536743e-07	1.907349e-06
8.939524994354072e-03	3.814697e-06	-9.536743e-07	-2.145767e-06
8.949524994354072e-03	-2.861023e-06	9.536743e-07	1.907349e-06
8.959524994354071e-03	3.814697e-06	-9.536743e-07	-2.145767e-06
8.969524994354071e-03	-2.861023e-06	9.536743e-07	1.907349e-06
8.979524994354072e-03	3.814697e-06	-9.536743e-07	-2.145767e-06
8.989524994354072e-03	-2.861023e-06	9.536743e-07	1.907349e-06
8.999524994354071e-03	3.814697e-06	-9.536743e-07	-2.145767e-06
9.009524994354071e-03	-2.861023e-06	9.536743e-07	1.907349e-06
9.019524994354072e-03	3.814697e-06	-9.536743e-07	-2.145767e-06
9.029524994354072e-03	-2.861023e-06	9.536743e-07	1.907349e-06
9.039524994354071e-03	3.814697e-06	-9.536743e-07	-2.145767e-06
9.049524994354071e-03	-2.861023e-06	9.536743e-07	1.907349e-06
9.059524994354071e-03	3.814697e-06	-9.536743e-07	-2.145767e-06
9.069524994354072e-03	-2.861023e-06	9.536743e-07	1.907349e-06
9.079524994354072e-03	3.814697e-06	-9.536743e-07	-2.145767e-06
9.089524994354071e-03	-2.861023e-06	9.536743e-07	1.907349e-06
9.099524994354071e-03	3.814697e-06	-9.536743e-07	-2.145767e-06
9.109524994354072e-03	-2.861023e-06	9.536743e-07	1.907349e-06
9.119524994354072e-03	3.814697e-06	-9.536743e-07	-2.145767e-06
9.129524994354071e-03	-2.861023e-06	9.536743e-07	1.907349e-06
9.139524994354071e-03	3.814697e-06	-9.536743e-07	-2.145767e-06
9.149524994354072e-03	-2.861023e-06	9.536743e-07	1.907349e-06
9.159524994354072e-03	3.814697e-06	-9.536743e-07	-2.145767e-06
9.169524994354071e-03	-2.861023e-06	9.536743e-07	1.907349e-06
9.179524994354071e-03	3.814697e-06	-9.536743e-07	-2.145767e-06
9.189524994354072e-03	-2.861023e-06	9.536743e-07	1.907349e-06
9.199524994354072e-03	3.814697e-06	-9.536743e-07	-2.145767e-06
9.209524994354071e-03	-2.861023e-06	9.536743e-07	1.907349e-06
9.219524994354071e-03	3.814697e-06	-9.536743e-07	-2.145767e-06
9.229524994354071e-03	-2.861023e-06	9.536743e-07	1.907349e-06
9.239524994354072e-03	3.814697e-06	-9.536743e-07	-2.145767e-06
9.249524994354072e-03	-2.861023e-06	9.536743e-07	1.907349e-06
9.259524994354071e-03	3.814697e-06	-9.536743e-07	-2.145767e-06
9.269524994354071e-03	-2.861023e-06	9.536743e-07	1.907349e-06
9.279524994354072e-03	3.814697e-06	-9.536743e-07	-2.145767e-06
9.289524994354072e-03	-2.861023e-06	9.536743e-07	1.907349e-06
9.299524994354071e-03	3.814697e-06	-9.536743e-07	-2.145767e-06
9.309524994354071e-03	-2.861023e-06	9.536743e-07	1.907349e-06
9.319524994354072e-03	3.814697e-06	-9.536743e-07	-2.145767e-06
9.329524994354072e-03	-2.861023e-06	9.536743e-07	1.907349e-06
9.339524994354071e-03	3.814697e-06	-9.536743e-07	-2.145767e-06
9.349524994354071e-03	-2.861023e-06	9.536743e-07	1.907349e-06
9.359524994354072e-03	3.814697e-06	-9.536743e-07	-2.145767e-06
9.369524994354072e-03	-2.861023e-06	9.536743e-07	1.907349e-06
9.379524994354071e-03	3.814697e-06	-9.536743e-07	-2.145767e-06
9.389524994354071e-03	-2.861023e-06	9.536743e-07	1.907349e-06
9.399524994354071e-03	3.814697e-06	-9.536743e-07	-2.145767e-06
9.409524994354072e-03	-2.861023e-06	9.536743e-07	1.907349e-06
9.419524994354072e-03	3.814697e-06	-9.536743e-07	-2.145767e-06
9.429524994354071e-03	-2.861023e-06	9.536743e-07	1.907349e-06
9.439524994354071e-03	3.814697e-06	-9.536743e-07	-2.145767e-06
9.449524994354072e-03	-2.861023e-06	9.536743e-07	1.907349e-06
9.459524994354072e-03	3.814697e-06	-9.536743e-07	-2.145767e-06
9.469524994354071e-03	-2.861023e-06	9.536743e-07	1.907349e-06
9.479524994354071e-03	3.814697e-06	-9.536743e-07	-2.145767e-06
9.489524994354072e-03	-2.861023e-06	9.536743e-07	1.907349e-06
9.499524994354072e-03	3.814697e-06	-9.536743e-07	-2.145767e-06
9.509524994354071e-03	-2.861023e-06	9.536743e-07	1.907349e-06
9.519524994354071e-03	3.814697e-06	-9.536743e-07	-2.145767e-06
9.529524994354071e-03	-2.861023e-06	9.536743e-07	1.907349e-06
9.539524994354072e-03	3.814697e-06	-9.536743e-07	-2.145767e-06
9.549524994354072e-03	-2.861023e-06	9.536743e-07	1.907349e-06
9.559524994354071e-03	3.814697e-06	-9.536743e-07	-2.145767e-06
9.569524994354071e-03	-2.861023e-06	9.536743e-07	1.907349e-06
9.579524994354072e-03	3.814697e-06	-9.536743e-07	-2.145767e-06
9.589524994354072e-03	-2.861023e-06	9.536743e-07	1.907349e-06
9.599524994354071e-03	3.814697e-06	-9.536743e-07	-2.145767e-06
9.609524994354071e-03	-2.861023e-06	9.536743e-07	1.907349e-06
9.619524994354072e-03	3.814697e-06	-9.536743e-07	-2.145767e-06
9.629524994354072e-03	-2.861023e-06	9.536743e-07	1.907349e-06
9.639524994354071e-03	3.814697e-06	-9.536743e-07	-2.145767e-06
9.649524994354071e-03	-2.861023e-06	9.536743e-07	1.907349e-06
9.659524994354072e-03	3.814697e-06	-9.536743e-07	-2.145767e-06
9.669524994354072e-03	-2.861023e-06	9.536743e-07	1.907349e-06
9.679524994354071e-03	3.814697e-06	-9.536743e-07	-2.145767e-06
9.689524994354071e-03	-2.861023e-06	9.536743e-07	1.907349e-06
9.699524994354071e-03	3.814697e-06	-9.536743e-07	-2.145767e-06
9.709524994354072e-03	-2.861023e-06	9.536743e-07	1.907349e-06
9.719524994354072e-03	3.814697e-06	-9.536743e-07	-2.145767e-06
9.729524994354071e-03	-2.861023e-06	9.536743e-07	1.907349e-06
9.739524994354071e-03	3.814697e-06	-9.536743e-07	-2.145767e-06
9.749524994354072e-03	-2.861023e-06	9.536743e-07	1.907349e-06
9.759524994354072e-03	3.814697e-06	-9.536743e-07	-2.145767e-06
9.769524994354071e-03	-2.861023e-06	9.536743e-07	1.907349e-06
9.779524994354071e-03	3.814697e-06	-9.536743e-07	-2.145767e-06
9.789524994354072e-03	-2.861023e-06	9.536743e-07	1.907349e-06
9.799524994354072e-03	3.814697e-06	-9.536743e-07	-2.145767e-06
9.809524994354071e-03	-2.861023e-06	9.536743e-07	1.907349e-06
9.819524994354071e-03	3.814697e-06	-9.536743e-07	-2.145767e-06
9.829524994354072e-03	-2.861023e-06	9.536743e-07	1.907349e-06
9.839524994354072e-03	3.814697e-06	-9.536743e-07	-2.145767e-06
9.849524994354071e-03	-2.861023e-06	9.536743e-07	1.907349e-06
9.859524994354071e-03	3.814697e-06	-9.536743e-07	-2.145767e-06
9.869524994354071e-03	-2.861023e-06	9.536743e-07	1.907349e-06
9.879524994354072e-03	3.814697e-06	-9.536743e-07	-2.145767e-06
9.889524994354072e-03	-2.861023e-06	9.536743e-07	1.907349e-06
9.899524994354071e-03	3.814697e-06	-9.536743e-07	-2.145767e-06
9.909524994354071e-03	-2.861023e-06	9.536743e-07	1.907349e-06
9.919524994354072e-03	3.814697e-06	-9.536743e-07	-2.145767e-06
9.929524994354072e-03	-2.861023e-06	9.536743e-07	1.907349e-06
9.939524994354071e-03	3.814697e-06	-9.536743e-07	-2.145767e-06
9.949524994354071e-03	-2.861023e-06	9.536743e-07	1.907349e-06
9.959524994354072e-03	3.814697e-06	-9.536743e-07	-2.145767e-06
9.969524994354072e-03	-2.861023e-06	9.536743e-07	1.907349e-06
9.979524994354071e-03	3.814697e-06	-9.536743e-07	-2.145767e-06
9.989524994354071e-03	-2.861023e-06	9.536743e-07	1.907349e-06
9.999524994354072e-03	3.814697e-06	-9.536743e-07	-2.145767e-06
1.000000000000000e-02	-2.861023e-06	9.536743e-07	1.907349e-06
1.000010000000000e-02	8.840561e-04	9.279251e-04	4.870892e-04
1.000020000000000e-02	-9.332657e-03	-7.547855e-03	-1.380682e-03
1.000020473874906e-02	-1.047516e-02	-8.520603e-03	-1.627684e-03
1.000021421624719e-02	-1.294327e-02	-1.061869e-02	-2.158165e-03
1.000023317124344e-02	-1.893902e-02	-1.571560e-02	-3.440619e-03
1.000026872789086e-02	-3.383636e-02	-2.832222e-02	-6.517887e-03
1.000032964241738e-02	-6.961823e-02	-5.801249e-02	-1.299167e-02
1.000034034888055e-02	-7.735729e-02	-6.431150e-02	-1.422405e-02
1.000036176180689e-02	-9.351063e-02	-7.733440e-02	-1.669359e-02
1.000040458765956e-02	-1.295233e-01	-1.052556e-01	-2.164793e-02
1.000049023936492e-02	-2.119226e-01	-1.636915e-01	-3.156662e-02
1.000062813967659e-02	-3.543577e-01	-2.583914e-01	-4.749990e-02
1.000079504375817e-02	-5.269346e-01	-3.720527e-01	-6.668353e-02
1.000109806588051e-02	-8.356600e-01	-5.747027e-01	-1.011767e-01
1.000168606918661e-02	-1.410690e+00	-9.524426e-01	-1.671841e-01
1.000241258881210e-02	-2.068229e+00	-1.388232e+00	-2.477441e-01
1.000348555253395e-02	-2.924025e+00	-1.968518e+00	-3.642149e-01
1.000366443199066e-02	-3.050520e+00	-2.056943e+00	-3.831964e-01
1.000402219090409e-02	-3.287610e+00	-2.230380e+00	-4.210994e-01
1.000473770873095e-02	-3.490975e+00	-2.552684e+00	-4.941900e-01
1.000547572611750e-02	-3.480732e+00	-2.849757e+00	-5.658162e-01
1.000640777036515e-02	-3.482740e+00	-3.171378e+00	-6.522586e-01
1.000740365486758e-02	-3.476800e+00	-3.382681e+00	-7.392924e-01
1.000939542387244e-02	-3.471382e+00	-3.431853e+00	-8.974946e-01
1.001161715349749e-02	-3.461512e+00	-3.396276e+00	-1.051746e+00
1.001365243786110e-02	-3.454485e+00	-3.404763e+00	-1.175288e+00
1.001772300658832e-02	-3.434644e+00	-3.370939e+00	-1.378250e+00
1.002482323391073e-02	-3.398363e+00	-3.331305e+00	-1.625557e+00
1.003482323391073e-02	-3.323690e+00	-3.206974e+00	-1.821275e+00
1.004482323391073e-02	-3.227099e+00	-3.019222e+00	-1.912288e+00
1.005482323391073e-02	-3.080570e+00	-2.787723e+00	-1.903894e+00
1.006482323391073e-02	-2.969537e+00	-2.682680e+00	-1.860431e+00
1.007482323391073e-02	-2.939589e+00	-2.668769e+00	-1.833542e+00
1.008482323391073e-02	-2.921513e+00	-2.659192e+00	-1.821311e+00
1.009482323391073e-02	-2.914849e+00	-2.656940e+00	-1.816578e+00
1.010482323391073e-02	-2.912754e+00	-2.657254e+00	-1.815773e+00
1.011482323391073e-02	-2.888016e+00	-2.643649e+00	-1.818978e+00
1.012482323391073e-02	-2.820337e+00	-2.607468e+00	-1.826006e+00
1.013482323391073e-02	-2.735891e+00	-2.562338e+00	-1.833278e+00
1.014482323391073e-02	-2.661073e+00	-2.523560e+00	-1.839845e+00
1.015482323391073e-02	-2.596980e+00	-2.490265e+00	-1.845114e+00
1.016482323391073e-02	-2.547092e+00	-2.465271e+00	-1.849372e+00
1.017482323391073e-02	-2.507121e+00	-2.444946e+00	-1.852557e+00
1.018482323391073e-02	-2.477569e+00	-2.430595e+00	-1.855078e+00
1.019482323391073e-02	-2.454247e+00	-2.418919e+00	-1.856928e+00
1.020482323391073e-02	-2.437538e+00	-2.411045e+00	-1.858411e+00
1.021482323391073e-02	-2.424344e+00	-2.404526e+00	-1.859506e+00
1.022482323391073e-02	-2.415133e+00	-2.400331e+00	-1.860408e+00
1.023482323391073e-02	-2.407811e+00	-2.396771e+00	-1.861090e+00
1.024482323391073e-02	-2.402834e+00	-2.394607e+00	-1.861670e+00
1.025482323391073e-02	-2.398829e+00	-2.392703e+00	-1.862119e+00
1.026482323391073e-02	-2.396194e+00	-2.391635e+00	-1.862510e+00
1.027482323391073e-02	-2.394071e+00	-2.390680e+00	-1.862832e+00
1.028482323391073e-02	-2.392736e+00	-2.390216e+00	-1.863123e+00
1.029482323391073e-02	-2.391644e+00	-2.389771e+00	-1.863371e+00
1.030482323391073e-02	-2.391017e+00	-2.389626e+00	-1.863599e+00
1.031482323391073e-02	-2.390502e+00	-2.389469e+00	-1.863803e+00
1.032482323391073e-02	-2.390246e+00	-2.389480e+00	-1.863989e+00
1.033482323391073e-02	-2.390026e+00	-2.389458e+00	-1.864157e+00
1.034482323391073e-02	-2.389934e+00	-2.389514e+00	-1.864303e+00
1.035482323391073e-02	-2.389841e+00	-2.389531e+00	-1.864431e+00
1.036482323391073e-02	-2.389823e+00	-2.389594e+00	-1.864537e+00
1.037482323391073e-02	-2.389796e+00	-2.389627e+00	-1.864632e+00
1.038482323391073e-02	-2.389809e+00	-2.389685e+00	-1.864708e+00
1.039482323391073e-02	-2.389811e+00	-2.389721e+00	-1.864777e+00
1.040482323391073e-02	-2.389836e+00	-2.389771e+00	-1.864831e+00
1.041482323391073e-02	-2.389849e+00	-2.389802e+00	-1.864882e+00
1.042482323391073e-02	-2.389875e+00	-2.389841e+00	-1.864920e+00
1.043482323391073e-02	-2.389889e+00	-2.389866e+00	-1.864956e+00
1.044482323391073e-02	-2.389912e+00	-2.389896e+00	-1.864982e+00
1.045482323391073e-02	-2.389925e+00	-2.389915e+00	-1.865010e+00
1.046482323391073e-02	-2.389943e+00	-2.389937e+00	-1.865027e+00
1.047482323391073e-02	-2.389953e+00	-2.389951e+00	-1.865047e+00
1.048482323391073e-02	-2.389968e+00	-2.389967e+00	-1.865058e+00
1.049482323391073e-02	-2.389975e+00	-2.389977e+00	-1.865072e+00
1.050482323391073e-02	-2.389986e+00	-2.389989e+00	-1.865079e+00
1.051482323391073e-02	-2.389992e+00	-2.389995e+00	-1.865090e+00
1.052482323391073e-02	-2.390000e+00	-2.390005e+00	-1.865094e+00
1.053482323391073e-02	-2.390004e+00	-2.390008e+00	-1.865103e+00
1.054482323391073e-02	-2.390010e+00	-2.390016e+00	-1.865104e+00
1.055482323391073e-02	-2.390012e+00	-2.390018e+00	-1.865111e+00
1.056482323391073e-02	-2.390018e+00	-2.390023e+00	-1.865112e+00
1.057482323391073e-02	-2.390019e+00	-2.390024e+00	-1.865117e+00
1.058482323391073e-02	-2.390023e+00	-2.390029e+00	-1.865117e+00
1.059482323391073e-02	-2.390023e+00	-2.390029e+00	-1.865122e+00
1.060482323391073e-02	-2.390026e+00	-2.390033e+00	-1.865120e+00
1.061482323391073e-02	-2.390026e+00	-2.390033e+00	-1.865125e+00
1.062482323391073e-02	-2.390029e+00	-2.390036e+00	-1.865123e+00
1.063482323391073e-02	-2.390029e+00	-2.390035e+00	-1.865127e+00
1.064482323391073e-02	-2.390031e+00	-2.390038e+00	-1.865124e+00
1.065482323391073e-02	-2.390030e+00	-2.390037e+00	-1.865128e+00
1.066482323391073e-02	-2.390033e+00	-2.390039e+00	-1.865126e+00
1.067482323391073e-02	-2.390032e+00	-2.390038e+00	-1.865129e+00
1.068482323391073e-02	-2.390034e+00	-2.390040e+00	-1.865126e+00
1.069482323391073e-02	-2.390033e+00	-2.390039e+00	-1.865130e+00
1.070482323391073e-02	-2.390034e+00	-2.390041e+00	-1.865127e+00
1.071482323391073e-02	-2.390033e+00	-2.390039e+00	-1.865130e+00
1.072482323391073e-02	-2.390035e+00	-2.390041e+00	-1.865128e+00
1.073482323391073e-02	-2.390034e+00	-2.390040e+00	-1.865131e+00
1.074482323391073e-02	-2.390035e+00	-2.390042e+00	-1.865128e+00
1.075482323391073e-02	-2.390034e+00	-2.390040e+00	-1.865131e+00
1.076482323391073e-02	-2.390036e+00	-2.390042e+00	-1.865128e+00
1.077482323391073e-02	-2.390034e+00	-2.390041e+00	-1.865131e+00
1.078482323391073e-02	-2.390036e+00	-2.390042e+00	-1.865129e+00
1.079482323391073e-02	-2.390035e+00	-2.390041e+00	-1.865131e+00
1.080482323391073e-02	-2.390036e+00	-2.390043e+00	-1.865129e+00
1.081482323391073e-02	-2.390035e+00	-2.390041e+00	-1.865132e+00
1.082482323391073e-02	-2.390036e+00	-2.390043e+00	-1.865129e+00
1.083482323391073e-02	-2.390035e+00	-2.390041e+00	-1.865132e+00
1.084482323391073e-02	-2.390036e+00	-2.390043e+00	-1.865129e+00
1.085482323391073e-02	-2.390035e+00	-2.390042e+00	-1.865132e+00
1.086482323391073e-02	-2.390037e+00	-2.390043e+00	-1.865129e+00
1.087482323391073e-02	-2.390035e+00	-2.390042e+00	-1.865132e+00
1.088482323391073e-02	-2.390037e+00	-2.390043e+00	-1.865129e+00
1.089482323391073e-02	-2.390035e+00	-2.390042e+00	-1.865132e+00
1.090482323391073e-02	-2.390037e+00	-2.390043e+00	-1.865129e+00
1.091482323391073e-02	-2.390035e+00	-2.390042e+00	-1.865132e+00
1.092482323391073e-02	-2.390037e+00	-2.390043e+00	-1.865129e+00
1.093482323391073e-02	-2.390036e+00	-2.390042e+00	-1.865132e+00
1.094482323391073e-02	-2.390037e+00	-2.390044e+00	-1.865129e+00
1.095482323391073e-02	-2.390036e+00	-2.390042e+00	-1.865132e+00
1.096482323391073e-02	-2.390037e+00	-2.390044e+00	-1.865129e+00
1.097482323391073e-02	-2.390036e+00	-2.390042e+00	-1.865132e+00
1.098482323391073e-02	-2.390037e+00	-2.390044e+00	-1.865129e+00
1.099482323391073e-02	-2.390036e+00	-2.390042e+00	-1.865132e+00
1.100482323391073e-02	-2.390037e+00	-2.390044e+00	-1.865129e+00
1.101482323391073e-02	-2.390036e+00	-2.390042e+00	-1.865132e+00
1.102482323391073e-02	-2.390038e+00	-2.390044e+00	-1.865129e+00
1.103482323391073e-02	-2.390036e+00	-2.390042e+00	-1.865132e+00
1.104482323391073e-02	-2.390037e+00	-2.390044e+00	-1.865130e+00
1.105482323391073e-02	-2.390036e+00	-2.390043e+00	-1.865133e+00
1.106482323391073e-02	-2.390038e+00	-2.390044e+00	-1.865129e+00
1.107482323391073e-02	-2.390036e+00	-2.390043e+00	-1.865133e+00
1.108482323391073e-02	-2.390038e+00	-2.390044e+00	-1.865130e+00
1.109482323391073e-02	-2.390036e+00	-2.390043e+00	-1.865133e+00
1.110482323391073e-02	-2.390038e+00	-2.390044e+00	-1.865130e+00
1.111482323391073e-02	-2.390036e+00	-2.390043e+00	-1.865133e+00
1.112482323391073e-02	-2.390038e+00	-2.390044e+00	-1.865130e+00
1.113482323391073e-02	-2.390036e+00	-2.390043e+00	-1.865133e+00
1.114482323391073e-02	-2.390038e+00	-2.390044e+00	-1.865130e+00
1.115482323391073e-02	-2.390037e+00	-2.390043e+00	-1.865133e+00
1.116482323391073e-02	-2.390038e+00	-2.390044e+00	-1.865130e+00
1.117482323391073e-02	-2.390037e+00	-2.390043e+00	-1.865133e+00
1.118482323391073e-02	-2.390038e+00	-2.390045e+00	-1.865130e+00
1.119482323391073e-02	-2.390037e+00	-2.390043e+00	-1.865133e+00
1.120482323391073e-02	-2.390038e+00	-2.390045e+00	-1.865130e+00
1.121482323391073e-02	-2.390037e+00	-2.390043e+00	-1.865133e+00
1.122482323391073e-02	-2.390038e+00	-2.390045e+00	-1.865130e+00
1.123482323391073e-02	-2.390037e+00	-2.390043e+00	-1.865133e+00
1.124482323391073e-02	-2.390038e+00	-2.390045e+00	-1.865130e+00
1.125482323391073e-02	-2.390037e+00	-2.390043e+00	-1.865133e+00
1.126482323391073e-02	-2.390038e+00	-2.390045e+00	-1.865130e+00
1.127482323391073e-02	-2.390037e+00	-2.390043e+00	-1.865133e+00
1.128482323391073e-02	-2.390038e+00	-2.390045e+00	-1.865130e+00
1.129482323391073e-02	-2.390037e+00	-2.390043e+00	-1.865133e+00
1.130482323391073e-02	-2.390038e+00	-2.390045e+00	-1.865130e+00
1.131482323391073e-02	-2.390037e+00	-2.390043e+00	-1.865133e+00
1.132482323391073e-02	-2.390038e+00	-2.390045e+00	-1.865130e+00
1.133482323391073e-02	-2.390037e+00	-2.390043e+00	-1.865133e+00
1.134482323391073e-02	-2.390039e+00	-2.390045e+00	-1.865130e+00
1.135482323391073e-02	-2.390037e+00	-2.390043e+00	-1.865133e+00
1.136482323391073e-02	-2.390039e+00	-2.390045e+00	-1.865130e+00
1.137482323391073e-02	-2.390037e+00	-2.390043e+00	-1.865133e+00
1.138482323391073e-02	-2.390038e+00	-2.390045e+00	-1.865130e+00
1.139482323391073e-02	-2.390037e+00	-2.390043e+00	-1.865133e+00
1.140482323391073e-02	-2.390039e+00	-2.390045e+00	-1.865130e+00
1.141482323391073e-02	-2.390037e+00	-2.390044e+00	-1.865133e+00
1.142482323391073e-02	-2.390039e+00	-2.390045e+00	-1.865130e+00
1.143482323391073e-02	-2.390037e+00	-2.390044e+00	-1.865133e+00
1.144482323391073e-02	-2.390039e+00	-2.390045e+00	-1.865130e+00
1.145482323391073e-02	-2.390037e+00	-2.390044e+00	-1.865133e+00
1.146482323391073e-02	-2.390039e+00	-2.390045e+00	-1.865130e+00
1.147482323391073e-02	-2.390037e+00	-2.390044e+00	-1.865133e+00
1.148482323391073e-02	-2.390039e+00	-2.390045e+00	-1.865130e+00
1.149482323391073e-02	-2.390037e+00	-2.390044e+00	-1.865133e+00
1.150482323391073e-02	-2.390039e+00	-2.390045e+00	-1.865131e+00
1.151482323391073e-02	-2.390038e+00	-2.390044e+00	-1.865133e+00
1.152482323391073e-02	-2.390039e+00	-2.390045e+00	-1.865131e+00
1.153482323391073e-02	-2.390038e+00	-2.390044e+00	-1.865133e+00
1.154482323391073e-02	-2.390039e+00	-2.390046e+00	-1.865130e+00
1.155482323391073e-02	-2.390038e+00	-2.390044e+00	-1.865133e+00
1.156482323391073e-02	-2.390039e+00	-2.390046e+00	-1.865131e+00
1.157482323391073e-02	-2.390038e+00	-2.390044e+00	-1.865133e+00
1.158482323391073e-02	-2.390039e+00	-2.390045e+00	-1.865131e+00
1.159482323391073e-02	-2.390038e+00	-2.390044e+00	-1.865134e+00
1.160482323391073e-02	-2.390039e+00	-2.390046e+00	-1.865131e+00
1.161482323391073e-02	-2.390038e+00	-2.390044e+00	-1.865134e+00
1.162482323391073e-02	-2.390039e+00	-2.390046e+00	-1.865131e+00
1.163482323391073e-02	-2.390038e+00	-2.390044e+00	-1.865134e+00
1.164482323391073e-02	-2.390039e+00	-2.390046e+00	-1.865131e+00
1.165482323391073e-02	-2.390038e+00	-2.390044e+00	-1.865134e+00
1.166482323391073e-02	-2.390039e+00	-2.390046e+00	-1.865131e+00
1.167482323391073e-02	-2.390038e+00	-2.390044e+00	-1.865134e+00
1.168482323391073e-02	-2.390039e+00	-2.390046e+00	-1.865131e+00
1.169482323391073e-02	-2.390038e+00	-2.390044e+00	-1.865134e+00
1.170482323391073e-02	-2.390039e+00	-2.390046e+00	-1.865131e+00
1.171482323391073e-02	-2.390038e+00	-2.390044e+00	-1.865134e+00
1.172482323391073e-02	-2.390039e+00	-2.390046e+00	-1.865131e+00
1.173482323391073e-02	-2.390038e+00	-2.390044e+00	-1.865134e+00
1.174482323391073e-02	-2.390039e+00	-2.390046e+00	-1.865131e+00
1.175482323391073e-02	-2.390038e+00	-2.390044e+00	-1.865134e+00
1.176482323391073e-02	-2.390039e+00	-2.390046e+00	-1.865131e+00
1.177482323391073e-02	-2.390038e+00	-2.390044e+00	-1.865134e+00
1.178482323391073e-02	-2.390039e+00	-2.390046e+00	-1.865131e+00
1.179482323391073e-02	-2.390038e+00	-2.390044e+00	-1.865134e+00
1.180482323391073e-02	-2.390039e+00	-2.390046e+00	-1.865131e+00
1.181482323391073e-02	-2.390038e+00	-2.390044e+00	-1.865134e+00
1.182482323391073e-02	-2.390040e+00	-2.390046e+00	-1.865131e+00
1.183482323391073e-02	-2.390038e+00	-2.390044e+00	-1.865134e+00
1.184482323391073e-02	-2.390040e+00	-2.390046e+00	-1.865131e+00
1.185482323391073e-02	-2.390038e+00	-2.390044e+00	-1.865134e+00
1.186482323391073e-02	-2.390039e+00	-2.390046e+00	-1.865131e+00
1.187482323391073e-02	-2.390038e+00	-2.390044e+00	-1.865134e+00
1.188482323391073e-02	-2.390039e+00	-2.390046e+00	-1.865131e+00
1.189482323391073e-02	-2.390038e+00	-2.390044e+00	-1.865134e+00
1.190482323391073e-02	-2.390039e+00	-2.390046e+00	-1.865131e+00
1.191482323391073e-02	-2.390038e+00	-2.390044e+00	-1.865134e+00
1.192482323391073e-02	-2.390039e+00	-2.390046e+00	-1.865131e+00
1.193482323391073e-02	-2.390038e+00	-2.390044e+00	-1.865134e+00
1.194482323391073e-02	-2.390039e+00	-2.390046e+00	-1.865131e+00
1.195482323391073e-02	-2.390038e+00	-2.390044e+00	-1.865134e+00
1.196482323391073e-02	-2.390039e+00	-2.390046e+00	-1.865131e+00
1.197482323391073e-02	-2.390038e+00	-2.390045e+00	-1.865134e+00
1.198482323391073e-02	-2.390040e+00	-2.390046e+00	-1.865131e+00
1.199482323391073e-02	-2.390038e+00	-2.390045e+00	-1.865134e+00
1.200482323391073e-02	-2.390040e+00	-2.390046e+00	-1.865131e+00
1.201482323391073e-02	-2.390038e+00	-2.390045e+00	-1.865134e+00
1.202482323391073e-02	-2.390040e+00	-2.390046e+00	-1.865131e+00
1.203482323391073e-02	-2.390038e+00	-2.390045e+00	-1.865134e+00
1.204482323391073e-02	-2.390040e+00	-2.390046e+00	-1.865131e+00
1.205482323391073e-02	-2.390038e+00	-2.390045e+00	-1.865134e+00
1.206482323391073e-02	-2.390040e+00	-2.390046e+00	-1.865131e+00
1.207482323391073e-02	-2.390038e+00	-2.390045e+00	-1.865134e+00
1.208482323391073e-02	-2.390040e+00	-2.390046e+00	-1.865131e+00
1.209482323391073e-02	-2.390038e+00	-2.390045e+00	-1.865134e+00
1.210482323391073e-02	-2.390040e+00	-2.390046e+00	-1.865131e+00
1.211482323391073e-02	-2.390038e+00	-2.390045e+00	-1.865134e+00
1.212482323391073e-02	-2.390040e+00	-2.390046e+00	-1.865131e+00
1.213482323391073e-02	-2.390038e+00	-2.390045e+00	-1.865134e+00
1.214482323391073e-02	-2.390040e+00	-2.390046e+00	-1.865131e+00
1.215482323391073e-02	-2.390038e+00	-2.390045e+00	-1.865134e+00
1.216482323391073e-02	-2.390040e+00	-2.390046e+00	-1.865131e+00
1.217482323391073e-02	-2.390038e+00	-2.390045e+00	-1.865134e+00
1.218482323391073e-02	-2.390040e+00	-2.390046e+00	-1.865131e+00
1.219482323391073e-02	-2.390038e+00	-2.390045e+00	-1.865134e+00
1.220482323391073e-02	-2.390040e+00	-2.390046e+00	-1.865131e+00
1.221482323391073e-02	-2.390038e+00	-2.390045e+00	-1.865134e+00
1.222482323391073e-02	-2.390040e+00	-2.390046e+00	-1.865131e+00
1.223482323391073e-02	-2.390038e+00	-2.390045e+00	-1.865134e+00
1.224482323391073e-02	-2.390040e+00	-2.390046e+00	-1.865131e+00
1.225482323391073e-02	-2.390038e+00	-2.390045e+00	-1.865134e+00
1.226482323391073e-02	-2.390040e+00	-2.390046e+00	-1.865131e+00
1.227482323391073e-02	-2.390038e+00	-2.390045e+00	-1.865134e+00
1.228482323391073e-02	-2.390040e+00	-2.390046e+00	-1.865131e+00
1.229482323391073e-02	-2.390039e+00	-2.390045e+00	-1.865134e+00
1.230482323391073e-02	-2.390040e+00	-2.390046e+00	-1.865131e+00
1.231482323391073e-02	-2.390039e+00	-2.390045e+00	-1.865134e+00
1.232482323391073e-02	-2.390040e+00	-2.390046e+00	-1.865131e+00
1.233482323391073e-02	-2.390039e+00	-2.390045e+00	-1.865134e+00
1.234482323391073e-02	-2.390040e+00	-2.390046e+00	-1.865131e+00
1.235482323391073e-02	-2.390038e+00	-2.390045e+00	-1.865134e+00
1.236482323391073e-02	-2.390040e+00	-2.390046e+00	-1.865131e+00
1.237482323391073e-02	-2.390038e+00	-2.390045e+00	-1.865134e+00
1.238482323391073e-02	-2.390040e+00	-2.390046e+00	-1.865131e+00
1.239482323391073e-02	-2.390039e+00	-2.390045e+00	-1.865134e+00
1.240482323391073e-02	-2.390040e+00	-2.390046e+00	-1.865131e+00
1.241482323391073e-02	-2.390039e+00	-2.390045e+00	-1.865134e+00
1.242482323391073e-02	-2.390040e+00	-2.390047e+00	-1.865131e+00
1.243482323391073e-02	-2.390039e+00	-2.390045e+00	-1.865134e+00
1.244482323391073e-02	-2.390040e+00	-2.390047e+00	-1.865131e+00
1.245482323391073e-02	-2.390039e+00	-2.390045e+00	-1.865134e+00
1.246482323391073e-02	-2.390040e+00	-2.390046e+00	-1.865131e+00
1.247482323391073e-02	-2.390039e+00	-2.390045e+00	-1.865134e+00
1.248482323391073e-02	-2.390040e+00	-2.390046e+00	-1.865131e+00
1.249482323391073e-02	-2.390039e+00	-2.390045e+00	-1.865134e+00
1.250482323391073e-02	-2.390040e+00	-2.390046e+00	-1.865131e+00
1.251482323391073e-02	-2.390039e+00	-2.390045e+00	-1.865134e+00
1.252482323391073e-02	-2.390040e+00	-2.390046e+00	-1.865131e+00
1.253482323391073e-02	-2.390039e+00	-2.390045e+00	-1.865134e+00
1.254482323391073e-02	-2.390040e+00	-2.390047e+00	-1.865131e+00
1.255482323391073e-02	-2.390039e+00	-2.390045e+00	-1.865134e+00
1.256482323391073e-02	-2.390040e+00	-2.390047e+00	-1.865131e+00
1.257482323391073e-02	-2.390039e+00	-2.390045e+00	-1.865134e+00
1.258482323391073e-02	-2.390040e+00	-2.390047e+00	-1.865131e+00
1.259482323391073e-02	-2.390039e+00	-2.390045e+00	-1.865134e+00
1.260482323391073e-02	-2.390040e+00	-2.390046e+00	-1.865131e+00
1.261482323391073e-02	-2.390039e+00	-2.390045e+00	-1.865134e+00
1.262482323391073e-02	-2.390040e+00	-2.390046e+00	-1.865131e+00
1.263482323391073e-02	-2.390039e+00	-2.390045e+00	-1.865134e+00
1.264482323391073e-02	-2.390040e+00	-2.390046e+00	-1.865131e+00
1.265482323391073e-02	-2.390039e+00	-2.390045e+00	-1.865134e+00
1.266482323391073e-02	-2.390040e+00	-2.390047e+00	-1.865131e+00
1.267482323391073e-02	-2.390039e+00	-2.390045e+00	-1.865134e+00
1.268482323391073e-02	-2.390040e+00	-2.390047e+00	-1.865131e+00
1.269482323391073e-02	-2.390039e+00	-2.390045e+00	-1.865134e+00
1.270482323391073e-02	-2.390040e+00	-2.390047e+00	-1.865131e+00
1.271482323391073e-02	-2.390039e+00	-2.390045e+00	-1.865134e+00
1.272482323391073e-02	-2.390040e+00	-2.390046e+00	-1.865131e+00
1.273482323391073e-02	-2.390039e+00	-2.390045e+00	-1.865134e+00
1.274482323391073e-02	-2.390040e+00	-2.390047e+00	-1.865131e+00
1.275482323391073e-02	-2.390039e+00	-2.390045e+00	-1.865134e+00
1.276482323391073e-02	-2.390040e+00	-2.390047e+00	-1.865131e+00
1.277482323391073e-02	-2.390039e+00	-2.390045e+00	-1.865134e+00
1.278482323391073e-02	-2.390040e+00	-2.390047e+00	-1.865131e+00
1.279482323391073e-02	-2.390039e+00	-2.390045e+00	-1.865134e+00
1.280482323391073e-02	-2.390040e+00	-2.390047e+00	-1.865131e+00
1.281482323391073e-02	-2.390039e+00	-2.390045e+00	-1.865134e+00
1.282482323391073e-02	-2.390040e+00	-2.390046e+00	-1.865131e+00
1.283482323391073e-02	-2.390039e+00	-2.390045e+00	-1.865134e+00
1.284482323391073e-02	-2.390040e+00	-2.390047e+00	-1.865131e+00
1.285482323391073e-02	-2.390039e+00	-2.390045e+00	-1.865134e+00
1.286482323391073e-02	-2.390040e+00	-2.390047e+00	-1.865131e+00
1.287482323391073e-02	-2.390039e+00	-2.390045e+00	-1.865134e+00
1.288482323391073e-02	-2.390040e+00	-2.390047e+00	-1.865131e+00
1.289482323391073e-02	-2.390039e+00	-2.390045e+00	-1.865134e+00
1.290482323391073e-02	-2.390040e+00	-2.390046e+00	-1.865131e+00
1.291482323391073e-02	-2.390039e+00	-2.390045e+00	-1.865134e+00
1.292482323391073e-02	-2.390040e+00	-2.390047e+00	-1.865131e+00
1.293482323391073e-02	-2.390039e+00	-2.390045e+00	-1.865134e+00
1.294482323391073e-02	-2.390040e+00	-2.390047e+00	-1.865131e+00
1.295482323391073e-02	-2.390039e+00	-2.390045e+00	-1.865134e+00
1.296482323391073e-02	-2.390040e+00	-2.390047e+00	-1.865131e+00
1.297482323391073e-02	-2.390039e+00	-2.390045e+00	-1.865134e+00
1.298482323391073e-02	-2.390040e+00	-2.390047e+00	-1.865131e+00
1.299482323391073e-02	-2.390039e+00	-2.390045e+00	-1.865134e+00
1.300482323391073e-02	-2.390040e+00	-2.390047e+00	-1.865131e+00
1.301482323391073e-02	-2.390039e+00	-2.390045e+00	-1.865134e+00
1.302482323391073e-02	-2.390040e+00	-2.390047e+00	-1.865131e+00
1.303482323391073e-02	-2.390039e+00	-2.390045e+00	-1.865134e+00
1.304482323391073e-02	-2.390040e+00	-2.390047e+00	-1.865131e+00
1.305482323391073e-02	-2.390039e+00	-2.390045e+00	-1.865134e+00
1.306482323391073e-02	-2.390040e+00	-2.390047e+00	-1.865131e+00
1.307482323391073e-02	-2.390039e+00	-2.390045e+00	-1.865134e+00
1.308482323391073e-02	-2.390040e+00	-2.390047e+00	-1.865131e+00
1.309482323391073e-02	-2.390039e+00	-2.390045e+00	-1.865134e+00
1.310482323391073e-02	-2.390040e+00	-2.390047e+00	-1.865132e+00
1.311482323391073e-02	-2.390039e+00	-2.390045e+00	-1.865134e+00
1.312482323391073e-02	-2.390040e+00	-2.390047e+00	-1.865131e+00
1.313482323391073e-02	-2.390039e+00	-2.390045e+00	-1.865134e+00
1.314482323391073e-02	-2.390040e+00	-2.390047e+00	-1.865131e+00
1.315482323391073e-02	-2.390039e+00	-2.390045e+00	-1.865134e+00
1.316482323391073e-02	-2.390040e+00	-2.390047e+00	-1.865131e+00
1.317482323391073e-02	-2.390039e+00	-2.390045e+00	-1.865134e+00
1.318482323391073e-02	-2.390040e+00	-2.390047e+00	-1.865132e+00
1.319482323391073e-02	-2.390039e+00	-2.390045e+00	-1.865134e+00
1.320482323391073e-02	-2.390040e+00	-2.390047e+00	-1.865131e+00
1.321482323391073e-02	-2.390039e+00	-2.390045e+00	-1.865134e+00
1.322482323391073e-02	-2.390040e+00	-2.390047e+00	-1.865131e+00
1.323482323391073e-02	-2.390039e+00	-2.390045e+00	-1.865134e+00
1.324482323391073e-02	-2.390040e+00	-2.390047e+00	-1.865132e+00
1.325482323391073e-02	-2.390039e+00	-2.390045e+00	-1.865134e+00
1.326482323391073e-02	-2.390040e+00	-2.390047e+00	-1.865131e+00
1.327482323391073e-02	-2.390039e+00	-2.390045e+00	-1.865134e+00
1.328482323391073e-02	-2.390040e+00	-2.390047e+00	-1.865131e+00
1.329482323391073e-02	-2.390039e+00	-2.390045e+00	-1.865134e+00
1.330482323391073e-02	-2.390040e+00	-2.390047e+00	-1.865132e+00
1.331482323391073e-02	-2.390039e+00	-2.390045e+00	-1.865134e+00
1.332482323391073e-02	-2.390040e+00	-2.390047e+00	-1.865131e+00
1.333482323391073e-02	-2.390039e+00	-2.390045e+00	-1.865134e+00
1.334482323391073e-02	-2.390040e+00	-2.390047e+00	-1.865131e+00
1.335482323391073e-02	-2.390039e+00	-2.390045e+00	-1.865134e+00
1.336482323391073e-02	-2.390040e+00	-2.390047e+00	-1.865132e+00
1.337482323391073e-02	-2.390039e+00	-2.390046e+00	-1.865134e+00
1.338482323391073e-02	-2.390040e+00	-2.390047e+00	-1.865131e+00
1.339482323391073e-02	-2.390039e+00	-2.390045e+00	-1.865134e+00
1.340482323391073e-02	-2.390040e+00	-2.390047e+00	-1.865131e+00
1.341482323391073e-02	-2.390039e+00	-2.390045e+00	-1.865134e+00
1.342482323391073e-02	-2.390040e+00	-2.390047e+00	-1.865132e+00
1.343482323391073e-02	-2.390039e+00	-2.390045e+00	-1.865134e+00
1.344482323391073e-02	-2.390040e+00	-2.390047e+00	-1.865131e+00
1.345482323391073e-02	-2.390039e+00	-2.390045e+00	-1.865134e+00
1.346482323391073e-02	-2.390040e+00	-2.390047e+00	-1.865131e+00
1.347482323391073e-02	-2.390039e+00	-2.390046e+00	-1.865134e+00
1.348482323391073e-02	-2.390040e+00	-2.390047e+00	-1.865132e+00
1.349482323391073e-02	-2.390039e+00	-2.390045e+00	-1.865134e+00
1.350482323391073e-02	-2.390040e+00	-2.390047e+00	-1.865131e+00
1.351482323391073e-02	-2.390039e+00	-2.390045e+00	-1.865134e+00
1.352482323391073e-02	-2.390040e+00	-2.390047e+00	-1.865132e+00
1.353482323391073e-02	-2.390039e+00	-2.390045e+00	-1.865134e+00
1.354482323391073e-02	-2.390040e+00	-2.390047e+00	-1.865132e+00
1.355482323391073e-02	-2.390039e+00	-2.390045e+00	-1.865134e+00
1.356482323391073e-02	-2.390040e+00	-2.390047e+00	-1.865131e+00
1.357482323391073e-02	-2.390039e+00	-2.390046e+00	-1.865134e+00
1.358482323391073e-02	-2.390040e+00	-2.390047e+00	-1.865132e+00
1.359482323391073e-02	-2.390039e+00	-2.390045e+00	-1.865134e+00
1.360482323391073e-02	-2.390040e+00	-2.390047e+00	-1.865131e+00
1.361482323391073e-02	-2.390039e+00	-2.390046e+00	-1.865134e+00
1.362482323391073e-02	-2.390040e+00	-2.390047e+00	-1.865132e+00
1.363482323391073e-02	-2.390039e+00	-2.390045e+00	-1.865134e+00
1.364482323391073e-02	-2.390040e+00	-2.390047e+00	-1.865132e+00
1.365482323391073e-02	-2.390039e+00	-2.390045e+00	-1.865134e+00
1.366482323391073e-02	-2.390040e+00	-2.390047e+00	-1.865131e+00
1.367482323391073e-02	-2.390039e+00	-2.390045e+00	-1.865134e+00
1.368482323391073e-02	-2.390040e+00	-2.390047e+00	-1.865132e+00
1.369482323391073e-02	-2.390039e+00	-2.390045e+00	-1.865134e+00
1.370482323391073e-02	-2.390040e+00	-2.390047e+00	-1.865131e+00
1.371482323391073e-02	-2.390039e+00	-2.390046e+00	-1.865134e+00
1.372482323391073e-02	-2.390040e+00	-2.390047e+00	-1.865132e+00
1.373482323391073e-02	-2.390039e+00	-2.390045e+00	-1.865134e+00
1.374482323391073e-02	-2.390040e+00	-2.390047e+00	-1.865132e+00
1.375482323391073e-02	-2.390039e+00	-2.390046e+00	-1.865134e+00
1.376482323391073e-02	-2.390040e+00	-2.390047e+00	-1.865131e+00
1.377482323391073e-02	-2.390039e+00	-2.390045e+00	-1.865134e+00
1.378482323391073e-02	-2.390040e+00	-2.390047e+00	-1.865132e+00
1.379482323391073e-02	-2.390039e+00	-2.390046e+00	-1.865134e+00
1.380482323391073e-02	-2.390040e+00	-2.390047e+00	-1.865131e+00
1.381482323391073e-02	-2.390039e+00	-2.390045e+00	-1.865134e+00
1.382482323391073e-02	-2.390040e+00	-2.390047e+00	-1.865132e+00
1.383482323391073e-02	-2.390039e+00	-2.390046e+00	-1.865134e+00
1.384482323391073e-02	-2.390040e+00	-2.390047e+00	-1.865131e+00
1.385482323391073e-02	-2.390039e+00	-2.390045e+00	-1.865134e+00
1.386482323391073e-02	-2.390040e+00	-2.390047e+00	-1.865132e+00
1.387482323391073e-02	-2.390039e+00	-2.390046e+00	-1.865134e+00
1.388482323391073e-02	-2.390040e+00	-2.390047e+00	-1.865132e+00
1.389482323391073e-02	-2.390039e+00	-2.390045e+00	-1.865134e+00
1.390482323391073e-02	-2.390040e+00	-2.390047e+00	-1.865132e+00
1.391482323391073e-02	-2.390039e+00	-2.390046e+00	-1.865134e+00
1.392482323391073e-02	-2.390040e+00	-2.390047e+00	-1.865132e+00
1.393482323391073e-02	-2.390039e+00	-2.390045e+00	-1.865134e+00
1.394482323391073e-02	-2.390040e+00	-2.390047e+00	-1.865131e+00
1.395482323391073e-02	-2.390039e+00	-2.390046e+00	-1.865134e+00
1.396482323391073e-02	-2.390040e+00	-2.390047e+00	-1.865132e+00
1.397482323391073e-02	-2.390039e+00	-2.390045e+00	-1.865134e+00
1.398482323391073e-02	-2.390040e+00	-2.390047e+00	-1.865131e+00
1.399482323391073e-02	-2.390039e+00	-2.390046e+00	-1.865134e+00
1.400482323391073e-02	-2.390040e+00	-2.390047e+00	-1.865132e+00
1.401482323391073e-02	-2.390039e+00	-2.390045e+00	-1.865134e+00
1.402482323391073e-02	-2.390040e+00	-2.390047e+00	-1.865131e+00
1.403482323391073e-02	-2.390039e+00	-2.390046e+00	-1.865134e+00
1.404482323391073e-02	-2.390040e+00	-2.390047e+00	-1.865132e+00
1.405482323391073e-02	-2.390039e+00	-2.390045e+00	-1.865134e+00
1.406482323391073e-02	-2.390040e+00	-2.390047e+00	-1.865131e+00
1.407482323391073e-02	-2.390039e+00	-2.390046e+00	-1.865134e+00
1.408482323391073e-02	-2.390040e+00	-2.390047e+00	-1.865132e+00
1.409482323391073e-02	-2.390039e+00	-2.390045e+00	-1.865134e+00
1.410482323391073e-02	-2.390040e+00	-2.390047e+00	-1.865131e+00
1.411482323391073e-02	-2.390039e+00	-2.390046e+00	-1.865134e+00
1.412482323391073e-02	-2.390040e+00	-2.390047e+00	-1.865132e+00
1.413482323391073e-02	-2.390039e+00	-2.390045e+00	-1.865134e+00
1.414482323391073e-02	-2.390040e+00	-2.390047e+00	-1.865131e+00
1.415482323391073e-02	-2.390039e+00	-2.390046e+00	-1.865134e+00
1.416482323391073e-02	-2.390040e+00	-2.390047e+00	-1.865132e+00
1.417482323391073e-02	-2.390039e+00	-2.390045e+00	-1.865134e+00
1.418482323391073e-02	-2.390040e+00	-2.390047e+00	-1.865132e+00
1.419482323391073e-02	-2.390039e+00	-2.390046e+00	-1.865134e+00
1.420482323391073e-02	-2.390040e+00	-2.390047e+00	-1.865132e+00
1.421482323391073e-02	-2.390039e+00	-2.390045e+00	-1.865134e+00
1.422482323391073e-02	-2.390040e+00	-2.390047e+00	-1.865132e+00
1.423482323391073e-02	-2.390039e+00	-2.390046e+00	-1.865134e+00
1.424482323391073e-02	-2.390040e+00	-2.390047e+00	-1.865132e+00
1.425482323391073e-02	-2.390039e+00	-2.390045e+00	-1.865134e+00
1.426482323391073e-02	-2.390040e+00	-2.390047e+00	-1.865131e+00
1.427482323391073e-02	-2.390039e+00	-2.390046e+00	-1.865134e+00
1.428482323391073e-02	-2.390040e+00	-2.390047e+00	-1.865132e+00
1.429482323391073e-02	-2.390039e+00	-2.390045e+00	-1.865134e+00
1.430482323391073e-02	-2.390040e+00	-2.390047e+00	-1.865131e+00
1.431482323391073e-02	-2.390039e+00	-2.390046e+00	-1.865134e+00
1.432482323391073e-02	-2.390040e+00	-2.390047e+00	-1.865132e+00
1.433482323391073e-02	-2.390039e+00	-2.390046e+00	-1.865134e+00
1.434482323391073e-02	-2.390040e+00	-2.390047e+00	-1.865131e+00
1.435482323391073e-02	-2.390039e+00	-2.390046e+00	-1.865134e+00
1.436482323391073e-02	-2.390040e+00	-2.390047e+00	-1.865132e+00
1.437482323391073e-02	-2.390039e+00	-2.390046e+00	-1.865134e+00
1.438482323391073e-02	-2.390040e+00	-2.390047e+00	-1.865131e+00
1.439482323391073e-02	-2.390039e+00	-2.390045e+00	-1.865134e+00
1.440482323391073e-02	-2.390040e+00	-2.390047e+00	-1.865132e+00
1.441482323391073e-02	-2.390039e+00	-2.390046e+00	-1.865134e+00
1.442482323391073e-02	-2.390040e+00	-2.390047e+00	-1.865132e+00
1.443482323391073e-02	-2.390039e+00	-2.390045e+00	-1.865134e+00
1.444482323391073e-02	-2.390040e+00	-2.390047e+00	-1.865132e+00
1.445482323391073e-02	-2.390039e+00	-2.390046e+00	-1.865134e+00
1.446482323391073e-02	-2.390040e+00	-2.390047e+00	-1.865132e+00
1.447482323391073e-02	-2.390039e+00	-2.390046e+00	-1.865134e+00
1.448482323391073e-02	-2.390040e+00	-2.390047e+00	-1.865132e+00
1.449482323391073e-02	-2.390039e+00	-2.390046e+00	-1.865134e+00
1.450482323391073e-02	-2.390040e+00	-2.390047e+00	-1.865132e+00
1.451482323391073e-02	-2.390039e+00	-2.390046e+00	-1.865134e+00
1.452482323391073e-02	-2.390040e+00	-2.390047e+00	-1.865132e+00
1.453482323391073e-02	-2.390039e+00	-2.390045e+00	-1.865134e+00
1.454482323391073e-02	-2.390040e+00	-2.390047e+00	-1.865132e+00
1.455482323391073e-02	-2.390039e+00	-2.390046e+00	-1.865134e+00
1.456482323391073e-02	-2.390040e+00	-2.390047e+00	-1.865131e+00
1.457482323391073e-02	-2.390039e+00	-2.390045e+00	-1.865134e+00
1.458482323391073e-02	-2.390040e+00	-2.390047e+00	-1.865132e+00
1.459482323391073e-02	-2.390039e+00	-2.390046e+00	-1.865134e+00
1.460482323391073e-02	-2.390040e+00	-2.390047e+00	-1.865132e+00
1.461482323391073e-02	-2.390039e+00	-2.390046e+00	-1.865134e+00
1.462482323391073e-02	-2.390040e+00	-2.390047e+00	-1.865132e+00
1.463482323391073e-02	-2.390039e+00	-2.390046e+00	-1.865134e+00
1.464482323391073e-02	-2.390040e+00	-2.390047e+00	-1.865132e+00
1.465482323391073e-02	-2.390039e+00	-2.390046e+00	-1.865134e+00
1.466482323391073e-02	-2.390040e+00	-2.390047e+00	-1.865132e+00
1.467482323391073e-02	-2.390039e+00	-2.390045e+00	-1.865134e+00
1.468482323391073e-02	-2.390040e+00	-2.390047e+00	-1.865132e+00
1.469482323391073e-02	-2.390039e+00	-2.390046e+00	-1.865134e+00
1.470482323391073e-02	-2.390040e+00	-2.390047e+00	-1.865132e+00
1.471482323391073e-02	-2.390039e+00	-2.390046e+00	-1.865134e+00
1.472482323391073e-02	-2.390040e+00	-2.390047e+00	-1.865132e+00
1.473482323391073e-02	-2.390039e+00	-2.390046e+00	-1.865134e+00
1.474482323391073e-02	-2.390040e+00	-2.390047e+00	-1.865132e+00
1.475482323391073e-02	-2.390039e+00	-2.390046e+00	-1.865134e+00
1.476482323391073e-02	-2.390040e+00	-2.390047e+00	-1.865132e+00
1.477482323391073e-02	-2.390039e+00	-2.390045e+00	-1.865134e+00
1.478482323391073e-02	-2.390040e+00	-2.390047e+00	-1.865132e+00
1.479482323391073e-02	-2.390039e+00	-2.390046e+00	-1.865134e+00
1.480482323391073e-02	-2.390040e+00	-2.390047e+00	-1.865132e+00
1.481482323391073e-02	-2.390039e+00	-2.390046e+00	-1.865134e+00
1.482482323391073e-02	-2.390040e+00	-2.390047e+00	-1.865132e+00
1.483482323391073e-02	-2.390039e+00	-2.390045e+00	-1.865134e+00
1.484482323391073e-02	-2.390040e+00	-2.390047e+00	-1.865132e+00
1.485482323391073e-02	-2.390039e+00	-2.390046e+00	-1.865134e+00
1.486482323391073e-02	-2.390040e+00	-2.390047e+00	-1.865132e+00
1.487482323391073e-02	-2.390039e+00	-2.390046e+00	-1.865134e+00
1.488482323391073e-02	-2.390040e+00	-2.390047e+00	-1.865132e+00
1.489482323391073e-02	-2.390039e+00	-2.390046e+00	-1.865134e+00
1.490482323391073e-02	-2.390040e+00	-2.390047e+00	-1.865132e+00
1.491482323391073e-02	-2.390039e+00	-2.390046e+00	-1.865134e+00
1.492482323391073e-02	-2.390040e+00	-2.390047e+00	-1.865132e+00
1.493482323391073e-02	-2.390039e+00	-2.390046e+00	-1.865134e+00
1.494482323391073e-02	-2.390040e+00	-2.390047e+00	-1.865132e+00
1.495482323391073e-02	-2.390039e+00	-2.390046e+00	-1.865134e+00
1.496482323391073e-02	-2.390040e+00	-2.390047e+00	-1.865132e+00
1.497482323391073e-02	-2.390039e+00	-2.390046e+00	-1.865134e+00
1.498482323391073e-02	-2.390040e+00	-2.390047e+00	-1.865132e+00
1.499482323391073e-02	-2.390039e+00	-2.390045e+00	-1.865134e+00
1.500482323391073e-02	-2.390040e+00	-2.390047e+00	-1.865132e+00
1.501482323391073e-02	-2.390039e+00	-2.390046e+00	-1.865134e+00
1.502482323391073e-02	-2.390040e+00	-2.390047e+00	-1.865132e+00
1.503482323391073e-02	-2.390039e+00	-2.390046e+00	-1.865134e+00
1.504482323391073e-02	-2.390040e+00	-2.390047e+00	-1.865132e+00
1.505482323391073e-02	-2.390039e+00	-2.390045e+00	-1.865134e+00
1.506482323391073e-02	-2.390040e+00	-2.390047e+00	-1.865132e+00
1.507482323391073e-02	-2.390039e+00	-2.390046e+00	-1.865134e+00
1.508482323391073e-02	-2.390040e+00	-2.390047e+00	-1.865132e+00
1.509482323391073e-02	-2.390039e+00	-2.390046e+00	-1.865134e+00
1.510482323391073e-02	-2.390040e+00	-2.390047e+00	-1.865132e+00
1.511482323391073e-02	-2.390039e+00	-2.390046e+00	-1.865134e+00
1.512482323391073e-02	-2.390040e+00	-2.390047e+00	-1.865132e+00
1.513482323391073e-02	-2.390039e+00	-2.390046e+00	-1.865134e+00
1.514482323391073e-02	-2.390040e+00	-2.390047e+00	-1.865132e+00
1.515482323391073e-02	-2.390039e+00	-2.390046e+00	-1.865134e+00
1.516482323391073e-02	-2.390040e+00	-2.390047e+00	-1.865132e+00
1.517482323391073e-02	-2.390039e+00	-2.390046e+00	-1.865134e+00
1.518482323391073e-02	-2.390040e+00	-2.390047e+00	-1.865132e+00
1.519482323391073e-02	-2.390039e+00	-2.390046e+00	-1.865134e+00
1.520482323391073e-02	-2.390040e+00	-2.390047e+00	-1.865132e+00
1.521482323391073e-02	-2.390039e+00	-2.390046e+00	-1.865134e+00
1.522482323391073e-02	-2.390040e+00	-2.390047e+00	-1.865132e+00
1.523482323391073e-02	-2.390039e+00	-2.390046e+00	-1.865134e+00
1.524482323391073e-02	-2.390040e+00	-2.390047e+00	-1.865132e+00
1.525482323391073e-02	-2.390039e+00	-2.390046e+00	-1.865134e+00
1.526482323391073e-02	-2.390040e+00	-2.390047e+00	-1.865132e+00
1.527482323391073e-02	-2.390039e+00	-2.390046e+00	-1.865134e+00
1.528482323391073e-02	-2.390040e+00	-2.390047e+00	-1.865132e+00
1.529482323391073e-02	-2.390039e+00	-2.390046e+00	-1.865134e+00
1.530482323391073e-02	-2.390040e+00	-2.390047e+00	-1.865132e+00
1.531482323391073e-02	-2.390039e+00	-2.390046e+00	-1.865134e+00
1.532482323391073e-02	-2.390040e+00	-2.390047e+00	-1.865132e+00
1.533482323391073e-02	-2.390039e+00	-2.390046e+00	-1.865134e+00
1.534482323391073e-02	-2.390040e+00	-2.390047e+00	-1.865132e+00
1.535482323391073e-02	-2.390039e+00	-2.390046e+00	-1.865134e+00
1.536482323391073e-02	-2.390040e+00	-2.390047e+00	-1.865132e+00
1.537482323391073e-02	-2.390039e+00	-2.390046e+00	-1.865134e+00
1.538482323391073e-02	-2.390040e+00	-2.390047e+00	-1.865132e+00
1.539482323391073e-02	-2.390039e+00	-2.390046e+00	-1.865134e+00
1.540482323391073e-02	-2.390040e+00	-2.390047e+00	-1.865132e+00
1.541482323391073e-02	-2.390039e+00	-2.390046e+00	-1.865134e+00
1.542482323391073e-02	-2.390040e+00	-2.390047e+00	-1.865132e+00
1.543482323391073e-02	-2.390039e+00	-2.390046e+00	-1.865134e+00
1.544482323391073e-02	-2.390040e+00	-2.390047e+00	-1.865132e+00
1.545482323391073e-02	-2.390039e+00	-2.390046e+00	-1.865134e+00
1.546482323391073e-02	-2.390040e+00	-2.390047e+00	-1.865132e+00
1.547482323391073e-02	-2.390039e+00	-2.390046e+00	-1.865134e+00
1.548482323391073e-02	-2.390040e+00	-2.390047e+00	-1.865132e+00
1.549482323391073e-02	-2.390039e+00	-2.390046e+00	-1.865134e+00
1.550482323391073e-02	-2.390040e+00	-2.390047e+00	-1.865132e+00
1.551482323391073e-02	-2.390039e+00	-2.390046e+00	-1.865134e+00
1.552482323391073e-02	-2.390040e+00	-2.390047e+00	-1.865132e+00
1.553482323391073e-02	-2.390039e+00	-2.390046e+00	-1.865134e+00
1.554482323391073e-02	-2.390040e+00	-2.390047e+00	-1.865132e+00
1.555482323391073e-02	-2.390039e+00	-2.390046e+00	-1.865134e+00
1.556482323391073e-02	-2.390040e+00	-2.390047e+00	-1.865132e+00
1.557482323391073e-02	-2.390039e+00	-2.390046e+00	-1.865134e+00
1.558482323391073e-02	-2.390040e+00	-2.390047e+00	-1.865132e+00
1.559482323391073e-02	-2.390039e+00	-2.390046e+00	-1.865134e+00
1.560482323391073e-02	-2.390040e+00	-2.390047e+00	-1.865132e+00
1.561482323391073e-02	-2.390039e+00	-2.390046e+00	-1.865134e+00
1.562482323391073e-02	-2.390040e+00	-2.390047e+00	-1.865132e+00
1.563482323391073e-02	-2.390039e+00	-2.390046e+00	-1.865134e+00
1.564482323391073e-02	-2.390040e+00	-2.390047e+00	-1.865132e+00
1.565482323391073e-02	-2.390039e+00	-2.390046e+00	-1.865134e+00
1.566482323391073e-02	-2.390040e+00	-2.390047e+00	-1.865132e+00
1.567482323391073e-02	-2.390039e+00	-2.390046e+00	-1.865134e+00
1.568482323391073e-02	-2.390040e+00	-2.390047e+00	-1.865132e+00
1.569482323391073e-02	-2.390039e+00	-2.390046e+00	-1.865134e+00
1.570482323391073e-02	-2.390040e+00	-2.390047e+00	-1.865132e+00
1.571482323391073e-02	-2.390039e+00	-2.390046e+00	-1.865134e+00
1.572482323391073e-02	-2.390040e+00	-2.390047e+00	-1.865132e+00
1.573482323391073e-02	-2.390039e+00	-2.390046e+00	-1.865134e+00
1.574482323391073e-02	-2.390040e+00	-2.390047e+00	-1.865132e+00
1.575482323391073e-02	-2.390039e+00	-2.390046e+00	-1.865134e+00
1.576482323391073e-02	-2.390040e+00	-2.390047e+00	-1.865132e+00
1.577482323391073e-02	-2.390039e+00	-2.390046e+00	-1.865134e+00
1.578482323391073e-02	-2.390040e+00	-2.390047e+00	-1.865132e+00
1.579482323391073e-02	-2.390039e+00	-2.390046e+00	-1.865134e+00
1.580482323391073e-02	-2.390040e+00	-2.390047e+00	-1.865132e+00
1.581482323391073e-02	-2.390039e+00	-2.390046e+00	-1.865134e+00
1.582482323391073e-02	-2.390040e+00	-2.390047e+00	-1.865132e+00
1.583482323391073e-02	-2.390039e+00	-2.390046e+00	-1.865134e+00
1.584482323391073e-02	-2.390040e+00	-2.390047e+00	-1.865132e+00
1.585482323391073e-02	-2.390039e+00	-2.390046e+00	-1.865134e+00
1.586482323391073e-02	-2.390040e+00	-2.390047e+00	-1.865132e+00
1.587482323391073e-02	-2.390039e+00	-2.390046e+00	-1.865134e+00
1.588482323391073e-02	-2.390040e+00	-2.390047e+00	-1.865132e+00
1.589482323391073e-02	-2.390039e+00	-2.390046e+00	-1.865134e+00
1.590482323391073e-02	-2.390040e+00	-2.390047e+00	-1.865132e+00
1.591482323391073e-02	-2.390039e+00	-2.390046e+00	-1.865134e+00
1.592482323391073e-02	-2.390040e+00	-2.390047e+00	-1.865132e+00
1.593482323391073e-02	-2.390039e+00	-2.390046e+00	-1.865134e+00
1.594482323391073e-02	-2.390040e+00	-2.390047e+00	-1.865132e+00
1.595482323391073e-02	-2.390039e+00	-2.390046e+00	-1.865134e+00
1.596482323391073e-02	-2.390040e+00	-2.390047e+00	-1.865132e+00
1.597482323391073e-02	-2.390039e+00	-2.390046e+00	-1.865134e+00
1.598482323391073e-02	-2.390040e+00	-2.390047e+00	-1.865132e+00
1.599482323391073e-02	-2.390039e+00	-2.390046e+00	-1.865134e+00
1.600482323391073e-02	-2.390040e+00	-2.390047e+00	-1.865132e+00
1.601482323391073e-02	-2.390039e+00	-2.390046e+00	-1.865134e+00
1.602482323391073e-02	-2.390040e+00	-2.390047e+00	-1.865132e+00
1.603482323391073e-02	-2.390039e+00	-2.390046e+00	-1.865134e+00
1.604482323391073e-02	-2.390040e+00	-2.390047e+00	-1.865132e+00
1.605482323391073e-02	-2.390039e+00	-2.390046e+00	-1.865134e+00
1.606482323391073e-02	-2.390040e+00	-2.390047e+00	-1.865132e+00
1.607482323391073e-02	-2.390039e+00	-2.390046e+00	-1.865134e+00
1.608482323391073e-02	-2.390040e+00	-2.390047e+00	-1.865132e+00
1.609482323391073e-02	-2.390039e+00	-2.390046e+00	-1.865134e+00
1.610482323391073e-02	-2.390040e+00	-2.390047e+00	-1.865132e+00
1.611482323391073e-02	-2.390039e+00	-2.390046e+00	-1.865134e+00
1.612482323391073e-02	-2.390040e+00	-2.390047e+00	-1.865132e+00
1.613482323391073e-02	-2.390039e+00	-2.390046e+00	-1.865134e+00
1.614482323391073e-02	-2.390040e+00	-2.390047e+00	-1.865132e+00
1.615482323391073e-02	-2.390039e+00	-2.390046e+00	-1.865134e+00
1.616482323391073e-02	-2.390040e+00	-2.390047e+00	-1.865132e+00
1.617482323391073e-02	-2.390039e+00	-2.390046e+00	-1.865134e+00
1.618482323391073e-02	-2.390040e+00	-2.390047e+00	-1.865132e+00
1.619482323391073e-02	-2.390039e+00	-2.390046e+00	-1.865134e+00
1.620482323391073e-02	-2.390040e+00	-2.390047e+00	-1.865132e+00
1.621482323391073e-02	-2.390039e+00	-2.390046e+00	-1.865134e+00
1.622482323391073e-02	-2.390040e+00	-2.390047e+00	-1.865132e+00
1.623482323391073e-02	-2.390039e+00	-2.390046e+00	-1.865134e+00
1.624482323391073e-02	-2.390040e+00	-2.390047e+00	-1.865132e+00
1.625482323391073e-02	-2.390039e+00	-2.390046e+00	-1.865134e+00
1.626482323391073e-02	-2.390040e+00	-2.390047e+00	-1.865132e+00
1.627482323391073e-02	-2.390039e+00	-2.390046e+00	-1.865134e+00
1.628482323391073e-02	-2.390040e+00	-2.390047e+00	-1.865132e+00
1.629482323391073e-02	-2.390039e+00	-2.390046e+00	-1.865134e+00
1.630482323391073e-02	-2.390040e+00	-2.390047e+00	-1.865132e+00
1.631482323391073e-02	-2.390039e+00	-2.390046e+00	-1.865134e+00
1.632482323391073e-02	-2.390040e+00	-2.390047e+00	-1.865132e+00
1.633482323391073e-02	-2.390039e+00	-2.390046e+00	-1.865134e+00
1.634482323391073e-02	-2.390040e+00	-2.390047e+00	-1.865132e+00
1.635482323391073e-02	-2.390039e+00	-2.390046e+00	-1.865134e+00
1.636482323391073e-02	-2.390040e+00	-2.390047e+00	-1.865132e+00
1.637482323391073e-02	-2.390039e+00	-2.390046e+00	-1.865134e+00
1.638482323391073e-02	-2.390040e+00	-2.390047e+00	-1.865132e+00
1.639482323391073e-02	-2.390039e+00	-2.390046e+00	-1.865134e+00
1.640482323391073e-02	-2.390040e+00	-2.390047e+00	-1.865132e+00
1.641482323391073e-02	-2.390039e+00	-2.390046e+00	-1.865134e+00
1.642482323391073e-02	-2.390040e+00	-2.390047e+00	-1.865132e+00
1.643482323391073e-02	-2.390039e+00	-2.390046e+00	-1.865134e+00
1.644482323391073e-02	-2.390040e+00	-2.390047e+00	-1.865132e+00
1.645482323391073e-02	-2.390039e+00	-2.390046e+00	-1.865134e+00
1.646482323391073e-02	-2.390040e+00	-2.390047e+00	-1.865132e+00
1.647482323391073e-02	-2.390039e+00	-2.390046e+00	-1.865134e+00
1.648482323391073e-02	-2.390040e+00	-2.390047e+00	-1.865132e+00
1.649482323391073e-02	-2.390039e+00	-2.390046e+00	-1.865134e+00
1.650482323391073e-02	-2.390040e+00	-2.390047e+00	-1.865132e+00
1.651482323391073e-02	-2.390039e+00	-2.390046e+00	-1.865134e+00
1.652482323391073e-02	-2.390040e+00	-2.390047e+00	-1.865132e+00
1.653482323391073e-02	-2.390039e+00	-2.390046e+00	-1.865134e+00
1.654482323391073e-02	-2.390040e+00	-2.390047e+00	-1.865132e+00
1.655482323391073e-02	-2.390039e+00	-2.390046e+00	-1.865134e+00
1.656482323391073e-02	-2.390040e+00	-2.390047e+00	-1.865132e+00
1.657482323391073e-02	-2.390039e+00	-2.390046e+00	-1.865134e+00
1.658482323391073e-02	-2.390040e+00	-2.390047e+00	-1.865132e+00
1.659482323391073e-02	-2.390039e+00	-2.390046e+00	-1.865134e+00
1.660482323391073e-02	-2.390040e+00	-2.390047e+00	-1.865132e+00
1.661482323391073e-02	-2.390039e+00	-2.390046e+00	-1.865134e+00
1.662482323391073e-02	-2.390040e+00	-2.390047e+00	-1.865132e+00
1.663482323391073e-02	-2.390039e+00	-2.390046e+00	-1.865134e+00
1.664482323391073e-02	-2.390040e+00	-2.390047e+00	-1.865132e+00
1.665482323391073e-02	-2.390039e+00	-2.390046e+00	-1.865134e+00
1.666482323391073e-02	-2.390040e+00	-2.390047e+00	-1.865132e+00
1.667482323391073e-02	-2.390039e+00	-2.390046e+00	-1.865134e+00
1.668482323391073e-02	-2.390040e+00	-2.390047e+00	-1.865132e+00
1.669482323391073e-02	-2.390039e+00	-2.390046e+00	-1.865134e+00
1.670482323391073e-02	-2.390040e+00	-2.390047e+00	-1.865132e+00
1.671482323391073e-02	-2.390039e+00	-2.390046e+00	-1.865134e+00
1.672482323391073e-02	-2.390040e+00	-2.390047e+00	-1.865132e+00
1.673482323391073e-02	-2.390039e+00	-2.390046e+00	-1.865134e+00
1.674482323391073e-02	-2.390040e+00	-2.390047e+00	-1.865132e+00
1.675482323391073e-02	-2.390039e+00	-2.390046e+00	-1.865134e+00
1.676482323391073e-02	-2.390040e+00	-2.390047e+00	-1.865132e+00
1.677482323391073e-02	-2.390039e+00	-2.390046e+00	-1.865134e+00
1.678482323391073e-02	-2.390040e+00	-2.390047e+00	-1.865132e+00
1.679482323391073e-02	-2.390039e+00	-2.390046e+00	-1.865134e+00
1.680482323391073e-02	-2.390040e+00	-2.390047e+00	-1.865132e+00
1.681482323391073e-02	-2.390039e+00	-2.390046e+00	-1.865134e+00
1.682482323391073e-02	-2.390040e+00	-2.390047e+00	-1.865132e+00
1.683482323391073e-02	-2.390039e+00	-2.390046e+00	-1.865134e+00
1.684482323391073e-02	-2.390040e+00	-2.390047e+00	-1.865132e+00
1.685482323391073e-02	-2.390039e+00	-2.390046e+00	-1.865134e+00
1.686482323391073e-02	-2.390040e+00	-2.390047e+00	-1.865132e+00
1.687482323391073e-02	-2.390039e+00	-2.390046e+00	-1.865134e+00
1.688482323391073e-02	-2.390040e+00	-2.390047e+00	-1.865132e+00
1.689482323391073e-02	-2.390039e+00	-2.390046e+00	-1.865134e+00
1.690482323391073e-02	-2.390040e+00	-2.390047e+00	-1.865132e+00
1.691482323391073e-02	-2.390039e+00	-2.390046e+00	-1.865134e+00
1.692482323391073e-02	-2.390040e+00	-2.390047e+00	-1.865132e+00
1.693482323391073e-02	-2.390039e+00	-2.390046e+00	-1.865134e+00
1.694482323391073e-02	-2.390040e+00	-2.390047e+00	-1.865132e+00
1.695482323391073e-02	-2.390039e+00	-2.390046e+00	-1.865134e+00
1.696482323391073e-02	-2.390040e+00	-2.390047e+00	-1.865132e+00
1.697482323391073e-02	-2.390039e+00	-2.390046e+00	-1.865134e+00
1.698482323391073e-02	-2.390040e+00	-2.390047e+00	-1.865132e+00
1.699482323391073e-02	-2.390039e+00	-2.390046e+00	-1.865134e+00
1.700482323391073e-02	-2.390040e+00	-2.390047e+00	-1.865132e+00
1.701482323391073e-02	-2.390039e+00	-2.390046e+00	-1.865134e+00
1.702482323391073e-02	-2.390040e+00	-2.390047e+00	-1.865132e+00
1.703482323391073e-02	-2.390039e+00	-2.390046e+00	-1.865134e+00
1.704482323391073e-02	-2.390040e+00	-2.390047e+00	-1.865132e+00
1.705482323391073e-02	-2.390039e+00	-2.390046e+00	-1.865134e+00
1.706482323391073e-02	-2.390040e+00	-2.390047e+00	-1.865132e+00
1.707482323391073e-02	-2.390039e+00	-2.390046e+00	-1.865134e+00
1.708482323391073e-02	-2.390040e+00	-2.390047e+00	-1.865132e+00
1.709482323391073e-02	-2.390039e+00	-2.390046e+00	-1.865134e+00
1.710482323391073e-02	-2.390040e+00	-2.390047e+00	-1.865132e+00
1.711482323391073e-02	-2.390039e+00	-2.390046e+00	-1.865134e+00
1.712482323391073e-02	-2.390040e+00	-2.390047e+00	-1.865132e+00
1.713482323391073e-02	-2.390039e+00	-2.390046e+00	-1.865134e+00
1.714482323391073e-02	-2.390040e+00	-2.390047e+00	-1.865132e+00
1.715482323391073e-02	-2.390039e+00	-2.390046e+00	-1.865134e+00
1.716482323391073e-02	-2.390040e+00	-2.390047e+00	-1.865132e+00
1.717482323391073e-02	-2.390039e+00	-2.390046e+00	-1.865134e+00
1.718482323391073e-02	-2.390040e+00	-2.390047e+00	-1.865132e+00
1.719482323391073e-02	-2.390039e+00	-2.390046e+00	-1.865134e+00
1.720482323391073e-02	-2.390040e+00	-2.390047e+00	-1.865132e+00
1.721482323391073e-02	-2.390039e+00	-2.390046e+00	-1.865134e+00
1.722482323391073e-02	-2.390040e+00	-2.390047e+00	-1.865132e+00
1.723482323391073e-02	-2.390039e+00	-2.390046e+00	-1.865134e+00
1.724482323391073e-02	-2.390040e+00	-2.390047e+00	-1.865132e+00
1.725482323391073e-02	-2.390039e+00	-2.390046e+00	-1.865134e+00
1.726482323391073e-02	-2.390040e+00	-2.390047e+00	-1.865132e+00
1.727482323391073e-02	-2.390039e+00	-2.390046e+00	-1.865134e+00
1.728482323391073e-02	-2.390040e+00	-2.390047e+00	-1.865132e+00
1.729482323391073e-02	-2.390039e+00	-2.390046e+00	-1.865134e+00
1.730482323391073e-02	-2.390040e+00	-2.390047e+00	-1.865132e+00
1.731482323391073e-02	-2.390039e+00	-2.390046e+00	-1.865134e+00
1.732482323391073e-02	-2.390040e+00	-2.390047e+00	-1.865132e+00
1.733482323391073e-02	-2.390039e+00	-2.390046e+00	-1.865134e+00
1.734482323391073e-02	-2.390040e+00	-2.390047e+00	-1.865132e+00
1.735482323391073e-02	-2.390039e+00	-2.390046e+00	-1.865134e+00
1.736482323391073e-02	-2.390040e+00	-2.390047e+00	-1.865132e+00
1.737482323391073e-02	-2.390039e+00	-2.390046e+00	-1.865134e+00
1.738482323391073e-02	-2.390040e+00	-2.390047e+00	-1.865132e+00
1.739482323391073e-02	-2.390039e+00	-2.390046e+00	-1.865134e+00
1.740482323391073e-02	-2.390040e+00	-2.390047e+00	-1.865132e+00
1.741482323391073e-02	-2.390039e+00	-2.390046e+00	-1.865134e+00
1.742482323391073e-02	-2.390040e+00	-2.390047e+00	-1.865132e+00
1.743482323391073e-02	-2.390039e+00	-2.390046e+00	-1.865134e+00
1.744482323391073e-02	-2.390040e+00	-2.390047e+00	-1.865132e+00
1.745482323391073e-02	-2.390039e+00	-2.390046e+00	-1.865134e+00
1.746482323391073e-02	-2.390040e+00	-2.390047e+00	-1.865132e+00
1.747482323391073e-02	-2.390039e+00	-2.390046e+00	-1.865134e+00
1.748482323391073e-02	-2.390040e+00	-2.390047e+00	-1.865132e+00
1.749482323391073e-02	-2.390039e+00	-2.390046e+00	-1.865134e+00
1.750482323391073e-02	-2.390040e+00	-2.390047e+00	-1.865132e+00
1.751482323391073e-02	-2.390039e+00	-2.390046e+00	-1.865134e+00
1.752482323391073e-02	-2.390040e+00	-2.390047e+00	-1.865132e+00
1.753482323391073e-02	-2.390039e+00	-2.390046e+00	-1.865134e+00
1.754482323391073e-02	-2.390040e+00	-2.390047e+00	-1.865132e+00
1.755482323391073e-02	-2.390039e+00	-2.390046e+00	-1.865134e+00
1.756482323391073e-02	-2.390040e+00	-2.390047e+00	-1.865132e+00
1.757482323391073e-02	-2.390039e+00	-2.390046e+00	-1.865134e+00
1.758482323391073e-02	-2.390040e+00	-2.390047e+00	-1.865132e+00
1.759482323391073e-02	-2.390039e+00	-2.390046e+00	-1.865134e+00
1.760482323391073e-02	-2.390040e+00	-2.390047e+00	-1.865132e+00
1.761482323391073e-02	-2.390039e+00	-2.390046e+00	-1.865134e+00
1.762482323391073e-02	-2.390040e+00	-2.390047e+00	-1.865132e+00
1.763482323391073e-02	-2.390039e+00	-2.390046e+00	-1.865134e+00
1.764482323391073e-02	-2.390040e+00	-2.390047e+00	-1.865132e+00
1.765482323391073e-02	-2.390039e+00	-2.390046e+00	-1.865134e+00
1.766482323391073e-02	-2.390040e+00	-2.390047e+00	-1.865132e+00
1.767482323391073e-02	-2.390039e+00	-2.390046e+00	-1.865134e+00
1.768482323391073e-02	-2.390040e+00	-2.390047e+00	-1.865132e+00
1.769482323391073e-02	-2.390039e+00	-2.390046e+00	-1.865134e+00
1.770482323391073e-02	-2.390040e+00	-2.390047e+00	-1.865132e+00
1.771482323391073e-02	-2.390039e+00	-2.390046e+00	-1.865134e+00
1.772482323391073e-02	-2.390040e+00	-2.390047e+00	-1.865132e+00
1.773482323391073e-02	-2.390039e+00	-2.390046e+00	-1.865134e+00
1.774482323391073e-02	-2.390040e+00	-2.390047e+00	-1.865132e+00
1.775482323391073e-02	-2.390039e+00	-2.390046e+00	-1.865134e+00
1.776482323391073e-02	-2.390040e+00	-2.390047e+00	-1.865132e+00
1.777482323391073e-02	-2.390039e+00	-2.390046e+00	-1.865134e+00
1.778482323391073e-02	-2.390040e+00	-2.390047e+00	-1.865132e+00
1.779482323391073e-02	-2.390039e+00	-2.390046e+00	-1.865134e+00
1.780482323391073e-02	-2.390040e+00	-2.390047e+00	-1.865132e+00
1.781482323391073e-02	-2.390039e+00	-2.390046e+00	-1.865134e+00
1.782482323391073e-02	-2.390040e+00	-2.390047e+00	-1.865132e+00
1.783482323391073e-02	-2.390039e+00	-2.390046e+00	-1.865134e+00
1.784482323391073e-02	-2.390040e+00	-2.390047e+00	-1.865132e+00
1.785482323391073e-02	-2.390039e+00	-2.390046e+00	-1.865134e+00
1.786482323391073e-02	-2.390040e+00	-2.390047e+00	-1.865132e+00
1.787482323391073e-02	-2.390039e+00	-2.390046e+00	-1.865134e+00
1.788482323391073e-02	-2.390040e+00	-2.390047e+00	-1.865132e+00
1.789482323391073e-02	-2.390039e+00	-2.390046e+00	-1.865134e+00
1.790482323391073e-02	-2.390040e+00	-2.390047e+00	-1.865132e+00
1.791482323391073e-02	-2.390039e+00	-2.390046e+00	-1.865134e+00
1.792482323391073e-02	-2.390040e+00	-2.390047e+00	-1.865132e+00
1.793482323391073e-02	-2.390039e+00	-2.390046e+00	-1.865134e+00
1.794482323391073e-02	-2.390040e+00	-2.390047e+00	-1.865132e+00
1.795482323391073e-02	-2.390039e+00	-2.390046e+00	-1.865134e+00
1.796482323391073e-02	-2.390040e+00	-2.390047e+00	-1.865132e+00
1.797482323391073e-02	-2.390039e+00	-2.390046e+00	-1.865134e+00
1.798482323391073e-02	-2.390040e+00	-2.390047e+00	-1.865132e+00
1.799482323391073e-02	-2.390039e+00	-2.390046e+00	-1.865134e+00
1.800482323391073e-02	-2.390040e+00	-2.390047e+00	-1.865132e+00
1.801482323391073e-02	-2.390039e+00	-2.390046e+00	-1.865134e+00
1.802482323391073e-02	-2.390040e+00	-2.390047e+00	-1.865132e+00
1.803482323391073e-02	-2.390039e+00	-2.390046e+00	-1.865134e+00
1.804482323391073e-02	-2.390040e+00	-2.390047e+00	-1.865132e+00
1.805482323391073e-02	-2.390039e+00	-2.390046e+00	-1.865134e+00
1.806482323391073e-02	-2.390040e+00	-2.390047e+00	-1.865132e+00
1.807482323391073e-02	-2.390039e+00	-2.390046e+00	-1.865134e+00
1.808482323391073e-02	-2.390040e+00	-2.390047e+00	-1.865132e+00
1.809482323391073e-02	-2.390039e+00	-2.390046e+00	-1.865134e+00
1.810482323391073e-02	-2.390040e+00	-2.390047e+00	-1.865132e+00
1.811482323391073e-02	-2.390039e+00	-2.390046e+00	-1.865134e+00
1.812482323391073e-02	-2.390040e+00	-2.390047e+00	-1.865132e+00
1.813482323391073e-02	-2.390039e+00	-2.390046e+00	-1.865134e+00
1.814482323391073e-02	-2.390040e+00	-2.390047e+00	-1.865132e+00
1.815482323391073e-02	-2.390039e+00	-2.390046e+00	-1.865134e+00
1.816482323391073e-02	-2.390040e+00	-2.390047e+00	-1.865132e+00
1.817482323391073e-02	-2.390039e+00	-2.390046e+00	-1.865134e+00
1.818482323391073e-02	-2.390040e+00	-2.390047e+00	-1.865132e+00
1.819482323391073e-02	-2.390039e+00	-2.390046e+00	-1.865134e+00
1.820482323391073e-02	-2.390040e+00	-2.390047e+00	-1.865132e+00
1.821482323391073e-02	-2.390039e+00	-2.390046e+00	-1.865134e+00
1.822482323391073e-02	-2.390040e+00	-2.390047e+00	-1.865132e+00
1.823482323391073e-02	-2.390039e+00	-2.390046e+00	-1.865134e+00
1.824482323391073e-02	-2.390040e+00	-2.390047e+00	-1.865132e+00
1.825482323391073e-02	-2.390039e+00	-2.390046e+00	-1.865134e+00
1.826482323391073e-02	-2.390040e+00	-2.390047e+00	-1.865132e+00
1.827482323391073e-02	-2.390039e+00	-2.390046e+00	-1.865134e+00
1.828482323391073e-02	-2.390040e+00	-2.390047e+00	-1.865132e+00
1.829482323391073e-02	-2.390039e+00	-2.390046e+00	-1.865134e+00
1.830482323391073e-02	-2.390040e+00	-2.390047e+00	-1.865132e+00
1.831482323391073e-02	-2.390039e+00	-2.390046e+00	-1.865134e+00
1.832482323391073e-02	-2.390040e+00	-2.390047e+00	-1.865132e+00
1.833482323391073e-02	-2.390039e+00	-2.390046e+00	-1.865134e+00
1.834482323391073e-02	-2.390040e+00	-2.390047e+00	-1.865132e+00
1.835482323391073e-02	-2.390039e+00	-2.390046e+00	-1.865134e+00
1.836482323391073e-02	-2.390040e+00	-2.390047e+00	-1.865132e+00
1.837482323391073e-02	-2.390039e+00	-2.390046e+00	-1.865134e+00
1.838482323391073e-02	-2.390040e+00	-2.390047e+00	-1.865132e+00
1.839482323391073e-02	-2.390039e+00	-2.390046e+00	-1.865134e+00
1.840482323391073e-02	-2.390040e+00	-2.390047e+00	-1.865132e+00
1.841482323391073e-02	-2.390039e+00	-2.390046e+00	-1.865134e+00
1.842482323391073e-02	-2.390040e+00	-2.390047e+00	-1.865132e+00
1.843482323391073e-02	-2.390039e+00	-2.390046e+00	-1.865134e+00
1.844482323391073e-02	-2.390040e+00	-2.390047e+00	-1.865132e+00
1.845482323391073e-02	-2.390039e+00	-2.390046e+00	-1.865134e+00
1.846482323391073e-02	-2.390040e+00	-2.390047e+00	-1.865132e+00
1.847482323391073e-02	-2.390039e+00	-2.390046e+00	-1.865134e+00
1.848482323391073e-02	-2.390040e+00	-2.390047e+00	-1.865132e+00
1.849482323391073e-02	-2.390039e+00	-2.390046e+00	-1.865134e+00
1.850482323391073e-02	-2.390040e+00	-2.390047e+00	-1.865132e+00
1.851482323391073e-02	-2.390039e+00	-2.390046e+00	-1.865134e+00
1.852482323391073e-02	-2.390040e+00	-2.390047e+00	-1.865132e+00
1.853482323391073e-02	-2.390039e+00	-2.390046e+00	-1.865134e+00
1.854482323391073e-02	-2.390040e+00	-2.390047e+00	-1.865132e+00
1.855482323391073e-02	-2.390039e+00	-2.390046e+00	-1.865134e+00
1.856482323391073e-02	-2.390040e+00	-2.390047e+00	-1.865132e+00
1.857482323391073e-02	-2.390039e+00	-2.390046e+00	-1.865134e+00
1.858482323391073e-02	-2.390040e+00	-2.390047e+00	-1.865132e+00
1.859482323391073e-02	-2.390039e+00	-2.390046e+00	-1.865134e+00
1.860482323391073e-02	-2.390040e+00	-2.390047e+00	-1.865132e+00
1.861482323391073e-02	-2.390039e+00	-2.390046e+00	-1.865134e+00
1.862482323391073e-02	-2.390040e+00	-2.390047e+00	-1.865132e+00
1.863482323391073e-02	-2.390039e+00	-2.390046e+00	-1.865134e+00
1.864482323391073e-02	-2.390040e+00	-2.390047e+00	-1.865132e+00
1.865482323391073e-02	-2.390039e+00	-2.390046e+00	-1.865134e+00
1.866482323391073e-02	-2.390040e+00	-2.390047e+00	-1.865132e+00
1.867482323391073e-02	-2.390039e+00	-2.390046e+00	-1.865134e+00
1.868482323391073e-02	-2.390040e+00	-2.390047e+00	-1.865132e+00
1.869482323391073e-02	-2.390039e+00	-2.390046e+00	-1.865134e+00
1.870482323391073e-02	-2.390040e+00	-2.390047e+00	-1.865132e+00
1.871482323391073e-02	-2.390039e+00	-2.390046e+00	-1.865134e+00
1.872482323391073e-02	-2.390040e+00	-2.390047e+00	-1.865132e+00
1.873482323391073e-02	-2.390039e+00	-2.390046e+00	-1.865134e+00
1.874482323391073e-02	-2.390040e+00	-2.390047e+00	-1.865132e+00
1.875482323391073e-02	-2.390039e+00	-2.390046e+00	-1.865134e+00
1.876482323391073e-02	-2.390040e+00	-2.390047e+00	-1.865132e+00
1.877482323391073e-02	-2.390039e+00	-2.390046e+00	-1.865134e+00
1.878482323391073e-02	-2.390040e+00	-2.390047e+00	-1.865132e+00
1.879482323391073e-02	-2.390039e+00	-2.390046e+00	-1.865134e+00
1.880482323391073e-02	-2.390040e+00	-2.390047e+00	-1.865132e+00
1.881482323391073e-02	-2.390039e+00	-2.390046e+00	-1.865134e+00
1.882482323391073e-02	-2.390040e+00	-2.390047e+00	-1.865132e+00
1.883482323391073e-02	-2.390039e+00	-2.390046e+00	-1.865134e+00
1.884482323391073e-02	-2.390040e+00	-2.390047e+00	-1.865132e+00
1.885482323391073e-02	-2.390039e+00	-2.390046e+00	-1.865134e+00
1.886482323391073e-02	-2.390040e+00	-2.390047e+00	-1.865132e+00
1.887482323391073e-02	-2.390039e+00	-2.390046e+00	-1.865134e+00
1.888482323391073e-02	-2.390040e+00	-2.390047e+00	-1.865132e+00
1.889482323391073e-02	-2.390039e+00	-2.390046e+00	-1.865134e+00
1.890482323391073e-02	-2.390040e+00	-2.390047e+00	-1.865132e+00
1.891482323391073e-02	-2.390039e+00	-2.390046e+00	-1.865134e+00
1.892482323391073e-02	-2.390040e+00	-2.390047e+00	-1.865132e+00
1.893482323391073e-02	-2.390039e+00	-2.390046e+00	-1.865134e+00
1.894482323391073e-02	-2.390040e+00	-2.390047e+00	-1.865132e+00
1.895482323391073e-02	-2.390039e+00	-2.390046e+00	-1.865134e+00
1.896482323391073e-02	-2.390040e+00	-2.390047e+00	-1.865132e+00
1.897482323391073e-02	-2.390039e+00	-2.390046e+00	-1.865134e+00
1.898482323391073e-02	-2.390040e+00	-2.390047e+00	-1.865132e+00
1.899482323391073e-02	-2.390039e+00	-2.390046e+00	-1.865134e+00
1.900482323391073e-02	-2.390040e+00	-2.390047e+00	-1.865132e+00
1.901482323391073e-02	-2.390039e+00	-2.390046e+00	-1.865134e+00
1.902482323391073e-02	-2.390040e+00	-2.390047e+00	-1.865132e+00
1.903482323391073e-02	-2.390039e+00	-2.390046e+00	-1.865134e+00
1.904482323391073e-02	-2.390040e+00	-2.390047e+00	-1.865132e+00
1.905482323391073e-02	-2.390039e+00	-2.390046e+00	-1.865134e+00
1.906482323391073e-02	-2.390040e+00	-2.390047e+00	-1.865132e+00
1.907482323391073e-02	-2.390039e+00	-2.390046e+00	-1.865134e+00
1.908482323391073e-02	-2.390040e+00	-2.390047e+00	-1.865132e+00
1.909482323391073e-02	-2.390039e+00	-2.390046e+00	-1.865134e+00
1.910482323391073e-02	-2.390040e+00	-2.390047e+00	-1.865132e+00
1.911482323391073e-02	-2.390039e+00	-2.390046e+00	-1.865134e+00
1.912482323391073e-02	-2.390040e+00	-2.390047e+00	-1.865132e+00
1.913482323391073e-02	-2.390039e+00	-2.390046e+00	-1.865134e+00
1.914482323391073e-02	-2.390040e+00	-2.390047e+00	-1.865132e+00
1.915482323391073e-02	-2.390039e+00	-2.390046e+00	-1.865134e+00
1.916482323391073e-02	-2.390040e+00	-2.390047e+00	-1.865132e+00
1.917482323391073e-02	-2.390039e+00	-2.390046e+00	-1.865134e+00
1.918482323391073e-02	-2.390040e+00	-2.390047e+00	-1.865132e+00
1.919482323391073e-02	-2.390039e+00	-2.390046e+00	-1.865134e+00
1.920482323391073e-02	-2.390040e+00	-2.390047e+00	-1.865132e+00
1.921482323391073e-02	-2.390039e+00	-2.390046e+00	-1.865134e+00
1.922482323391073e-02	-2.390040e+00	-2.390047e+00	-1.865132e+00
1.923482323391073e-02	-2.390039e+00	-2.390046e+00	-1.865134e+00
1.924482323391073e-02	-2.390040e+00	-2.390047e+00	-1.865132e+00
1.925482323391073e-02	-2.390039e+00	-2.390046e+00	-1.865134e+00
1.926482323391073e-02	-2.390040e+00	-2.390047e+00	-1.865132e+00
1.927482323391073e-02	-2.390039e+00	-2.390046e+00	-1.865134e+00
1.928482323391073e-02	-2.390040e+00	-2.390047e+00	-1.865132e+00
1.929482323391073e-02	-2.390039e+00	-2.390046e+00	-1.865134e+00
1.930482323391073e-02	-2.390040e+00	-2.390047e+00	-1.865132e+00
1.931482323391073e-02	-2.390039e+00	-2.390046e+00	-1.865134e+00
1.932482323391073e-02	-2.390040e+00	-2.390047e+00	-1.865132e+00
1.933482323391073e-02	-2.390039e+00	-2.390046e+00	-1.865134e+00
1.934482323391073e-02	-2.390040e+00	-2.390047e+00	-1.865132e+00
1.935482323391073e-02	-2.390039e+00	-2.390046e+00	-1.865134e+00
1.936482323391073e-02	-2.390040e+00	-2.390047e+00	-1.865132e+00
1.937482323391073e-02	-2.390039e+00	-2.390046e+00	-1.865134e+00
1.938482323391073e-02	-2.390040e+00	-2.390047e+00	-1.865132e+00
1.939482323391073e-02	-2.390039e+00	-2.390046e+00	-1.865134e+00
1.940482323391073e-02	-2.390040e+00	-2.390047e+00	-1.865132e+00
1.941482323391073e-02	-2.390039e+00	-2.390046e+00	-1.865134e+00
1.942482323391073e-02	-2.390040e+00	-2.390047e+00	-1.865132e+00
1.943482323391073e-02	-2.390039e+00	-2.390046e+00	-1.865134e+00
1.944482323391073e-02	-2.390040e+00	-2.390047e+00	-1.865132e+00
1.945482323391073e-02	-2.390039e+00	-2.390046e+00	-1.865134e+00
1.946482323391073e-02	-2.390040e+00	-2.390047e+00	-1.865132e+00
1.947482323391073e-02	-2.390039e+00	-2.390046e+00	-1.865134e+00
1.948482323391073e-02	-2.390040e+00	-2.390047e+00	-1.865132e+00
1.949482323391073e-02	-2.390039e+00	-2.390046e+00	-1.865134e+00
1.950482323391073e-02	-2.390040e+00	-2.390047e+00	-1.865132e+00
1.951482323391073e-02	-2.390039e+00	-2.390046e+00	-1.865134e+00
1.952482323391073e-02	-2.390040e+00	-2.390047e+00	-1.865132e+00
1.953482323391073e-02	-2.390039e+00	-2.390046e+00	-1.865134e+00
1.954482323391073e-02	-2.390040e+00	-2.390047e+00	-1.865132e+00
1.955482323391073e-02	-2.390039e+00	-2.390046e+00	-1.865134e+00
1.956482323391073e-02	-2.390040e+00	-2.390047e+00	-1.865132e+00
1.957482323391073e-02	-2.390039e+00	-2.390046e+00	-1.865134e+00
1.958482323391073e-02	-2.390040e+00	-2.390047e+00	-1.865132e+00
1.959482323391073e-02	-2.390039e+00	-2.390046e+00	-1.865134e+00
1.960482323391073e-02	-2.390040e+00	-2.390047e+00	-1.865132e+00
1.961482323391073e-02	-2.390039e+00	-2.390046e+00	-1.865134e+00
1.962482323391073e-02	-2.390040e+00	-2.390047e+00	-1.865132e+00
1.963482323391073e-02	-2.390039e+00	-2.390046e+00	-1.865134e+00
1.964482323391073e-02	-2.390040e+00	-2.390047e+00	-1.865132e+00
1.965482323391073e-02	-2.390039e+00	-2.390046e+00	-1.865134e+00
1.966482323391073e-02	-2.390040e+00	-2.390047e+00	-1.865132e+00
1.967482323391073e-02	-2.390039e+00	-2.390046e+00	-1.865134e+00
1.968482323391073e-02	-2.390040e+00	-2.390047e+00	-1.865132e+00
1.969482323391073e-02	-2.390039e+00	-2.390046e+00	-1.865134e+00
1.970482323391073e-02	-2.390040e+00	-2.390047e+00	-1.865132e+00
1.971482323391073e-02	-2.390039e+00	-2.390046e+00	-1.865134e+00
1.972482323391073e-02	-2.390040e+00	-2.390047e+00	-1.865132e+00
1.973482323391073e-02	-2.390039e+00	-2.390046e+00	-1.865134e+00
1.974482323391073e-02	-2.390040e+00	-2.390047e+00	-1.865132e+00
1.975482323391073e-02	-2.390039e+00	-2.390046e+00	-1.865134e+00
1.976482323391073e-02	-2.390040e+00	-2.390047e+00	-1.865132e+00
1.977482323391073e-02	-2.390039e+00	-2.390046e+00	-1.865134e+00
1.978482323391073e-02	-2.390040e+00	-2.390047e+00	-1.865132e+00
1.979482323391073e-02	-2.390039e+00	-2.390046e+00	-1.865134e+00
1.980482323391073e-02	-2.390040e+00	-2.390047e+00	-1.865132e+00
1.981482323391073e-02	-2.390039e+00	-2.390046e+00	-1.865134e+00
1.982482323391073e-02	-2.390040e+00	-2.390047e+00	-1.865132e+00
1.983482323391073e-02	-2.390039e+00	-2.390046e+00	-1.865134e+00
1.984482323391073e-02	-2.390040e+00	-2.390047e+00	-1.865132e+00
1.985482323391073e-02	-2.390039e+00	-2.390046e+00	-1.865134e+00
1.986482323391073e-02	-2.390040e+00	-2.390047e+00	-1.865132e+00
1.987482323391073e-02	-2.390039e+00	-2.390046e+00	-1.865134e+00
1.988482323391073e-02	-2.390040e+00	-2.390047e+00	-1.865132e+00
1.989482323391073e-02	-2.390039e+00	-2.390046e+00	-1.865134e+00
1.990482323391073e-02	-2.390040e+00	-2.390047e+00	-1.865132e+00
1.991482323391073e-02	-2.390039e+00	-2.390046e+00	-1.865134e+00
1.992482323391073e-02	-2.390040e+00	-2.390047e+00	-1.865132e+00
1.993482323391073e-02	-2.390039e+00	-2.390046e+00	-1.865134e+00
1.994482323391073e-02	-2.390040e+00	-2.390047e+00	-1.865132e+00
1.995482323391073e-02	-2.390039e+00	-2.390046e+00	-1.865134e+00
1.996482323391073e-02	-2.390040e+00	-2.390047e+00	-1.865132e+00
1.997482323391073e-02	-2.390039e+00	-2.390046e+00	-1.865134e+00
1.998482323391073e-02	-2.390040e+00	-2.390047e+00	-1.865132e+00
1.999482323391073e-02	-2.390039e+00	-2.390046e+00	-1.865134e+00
2.000000000000000e-02	-2.390040e+00	-2.390047e+00	-1.865132e+00
2.000010000000000e-02	-2.390039e+00	-2.390046e+00	-1.865134e+00
2.000020000000000e-02	-2.390164e+00	-2.390171e+00	-1.865145e+00
2.000020776211837e-02	-2.390183e+00	-2.390190e+00	-1.865148e+00
2.000022328635512e-02	-2.390221e+00	-2.390228e+00	-1.865152e+00
2.000025433482861e-02	-2.390295e+00	-2.390301e+00	-1.865160e+00
2.000031156507536e-02	-2.390417e+00	-2.390424e+00	-1.865174e+00
2.000041333368548e-02	-2.390594e+00	-2.390600e+00	-1.865195e+00
2.000060324641045e-02	-2.390767e+00	-2.390773e+00	-1.865227e+00
2.000091036867369e-02	-2.390414e+00	-2.390420e+00	-1.865240e+00
2.000149570698709e-02	-2.331427e+00	-2.331434e+00	-1.862042e+00
2.000219552367261e-02	-2.034008e+00	-2.034015e+00	-1.756466e+00
2.000314643274344e-02	-1.453189e+00	-1.453196e+00	-1.379724e+00
2.000409852950721e-02	-8.783574e-01	-8.781497e-01	-9.192090e-01
2.000521435008001e-02	-3.171113e-01	-3.165336e-01	-4.209301e-01
2.000677687346336e-02	-1.182771e-02	-1.148319e-02	-4.411483e-02
2.000842144619399e-02	1.408100e-03	1.556396e-03	2.978086e-03
2.001019524611905e-02	-2.501011e-04	-8.773804e-05	-6.871223e-04
2.001207819637473e-02	1.173019e-04	2.660751e-04	-8.368492e-05
2.001584409688608e-02	-2.384186e-07	1.513958e-04	-2.050400e-04
2.002337589790877e-02	2.114773e-04	3.724098e-04	-2.729893e-04
2.003337589790877e-02	4.863739e-05	2.112389e-04	-3.776550e-04
2.004337589790877e-02	1.351833e-04	2.834797e-04	-1.943111e-04
2.004462589790877e-02	7.438660e-05	2.255440e-04	-2.202988e-04
2.004712589790877e-02	5.888939e-05	2.074242e-04	-2.310276e-04
2.005212589790877e-02	4.768372e-05	1.878738e-04	-1.862049e-04
2.005426093864494e-02	-5.868912e-03	-1.164055e-02	1.437664e-02
2.005549434851650e-02	-6.235838e-03	-6.844997e-03	1.032043e-02
2.005619479196142e-02	-2.731085e-03	-3.058910e-03	4.345179e-03
2.005687856475187e-02	-1.592875e-03	-1.775265e-03	2.337933e-03
2.005754866669208e-02	-1.276731e-03	-1.224756e-03	1.616716e-03
2.005858771724752e-02	-1.328230e-03	-1.056433e-03	1.243830e-03
2.005993100813360e-02	-1.571655e-03	-1.117468e-03	1.013041e-03
2.006147994286853e-02	-1.798630e-03	-1.411915e-03	7.388592e-04
2.006362253536963e-02	-2.134323e-03	-1.770496e-03	4.560947e-04
2.006722093352949e-02	-2.696514e-03	-1.744032e-03	9.512901e-05
2.007107233750001e-02	-2.093792e-03	-2.153873e-03	-7.486343e-05
2.007487621844363e-02	-2.566338e-03	-2.215862e-03	-3.538132e-04
2.007879632714308e-02	-1.828194e-03	-1.678467e-03	-1.430511e-04
2.008429123794810e-02	-1.982689e-03	-1.748562e-03	-3.340244e-04
2.008988687562881e-02	-1.774788e-03	-1.601219e-03	-5.314350e-04
2.009347624924177e-02	-1.682281e-03	-1.497746e-03	-7.016659e-04
2.009544428990920e-02	-1.420021e-03	-1.255035e-03	-1.338959e-03
2.009727013551520e-02	-9.651184e-04	-8.463860e-04	-2.090454e-03
2.009792291716966e-02	-1.082420e-03	-9.450912e-04	-2.038002e-03
2.009853924469958e-02	-9.698868e-04	-8.535385e-04	-2.223015e-03
2.009947704968844e-02	-1.055717e-03	-9.231567e-04	-2.176523e-03
2.010135265966615e-02	-9.627342e-04	-8.497238e-04	-2.425194e-03
2.010510387962157e-02	-1.033306e-03	-9.088516e-04	-2.492428e-03
2.011260631953241e-02	-9.469986e-04	-8.444786e-04	-2.773523e-03
2.012260631953241e-02	-1.787186e-03	-1.613140e-03	-1.002312e-03
2.013260631953241e-02	-8.831024e-04	-1.012802e-03	-1.818419e-03
2.014260631953241e-02	-3.404617e-04	-2.756119e-04	-2.246141e-03
2.015260631953241e-02	-1.258850e-04	-1.769066e-04	-1.981497e-03
2.016260631953241e-02	-5.912781e-05	-1.859665e-05	-1.988173e-03
2.017260631953241e-02	-5.292892e-04	-5.297661e-04	-2.813339e-05
2.018260631953241e-02	9.822845e-05	1.192093e-04	-4.041195e-04
2.019260631953241e-02	-1.525879e-04	-1.649857e-04	2.045631e-04
2.020260631953241e-02	9.441376e-05	1.072884e-04	-1.931190e-04
2.021260631953241e-02	-7.629395e-05	-8.678436e-05	1.332760e-04
2.022260631953241e-02	5.722046e-05	6.675720e-05	-1.127720e-04
2.023260631953241e-02	-4.196167e-05	-5.054474e-05	8.177757e-05
2.024260631953241e-02	3.242493e-05	3.957748e-05	-6.771088e-05
2.025260631953241e-02	-2.193451e-05	-2.956390e-05	5.030632e-05
2.026260631953241e-02	1.621246e-05	2.336502e-05	-4.124641e-05
2.027260631953241e-02	-1.144409e-05	-1.716614e-05	3.099442e-05
2.028260631953241e-02	7.629395e-06	1.382828e-05	-2.551079e-05
2.029260631953241e-02	-4.768372e-06	-1.049042e-05	1.955032e-05
2.030260631953241e-02	2.861023e-06	8.106232e-06	-1.621246e-05
2.031260631953241e-02	-9.536743e-07	-6.675720e-06	1.263618e-05
2.032260631953241e-02	0.000000e+00	5.245209e-06	-1.072884e-05
2.033260631953241e-02	9.536743e-07	-3.814697e-06	8.583069e-06
2.034260631953241e-02	-1.907349e-06	2.861023e-06	-7.390976e-06
2.035260631953241e-02	1.907349e-06	-2.384186e-06	6.198883e-06
2.036260631953241e-02	-2.861023e-06	2.384186e-06	-5.483627e-06
2.037260631953241e-02	2.861023e-06	-1.907349e-06	4.529953e-06
2.038260631953241e-02	-3.814697e-06	1.430511e-06	-4.053116e-06
2.039260631953241e-02	2.861023e-06	-1.430511e-06	3.814697e-06
2.040260631953241e-02	-2.861023e-06	1.430511e-06	-3.337860e-06
2.041260631953241e-02	3.814697e-06	-9.536743e-07	3.337860e-06
2.042260631953241e-02	-3.814697e-06	1.430511e-06	-2.861023e-06
2.043260631953241e-02	3.814697e-06	-1.430511e-06	2.861023e-06
2.044260631953241e-02	-3.814697e-06	1.430511e-06	-2.622604e-06
2.045260631953241e-02	3.814697e-06	-9.536743e-07	2.622604e-06
2.046260631953241e-02	-3.814697e-06	1.430511e-06	-2.622604e-06
2.047260631953241e-02	3.814697e-06	-9.536743e-07	2.384186e-06
2.048260631953241e-02	-3.814697e-06	9.536743e-07	-2.384186e-06
2.049260631953241e-02	2.861023e-06	-1.430511e-06	2.384186e-06
2.050260631953241e-02	-3.814697e-06	9.536743e-07	-2.384186e-06
2.051260631953241e-02	2.861023e-06	-1.430511e-06	2.384186e-06
2.052260631953241e-02	-3.814697e-06	9.536743e-07	-2.384186e-06
2.053260631953241e-02	3.814697e-06	-1.430511e-06	2.384186e-06
2.054260631953241e-02	-2.861023e-06	1.430511e-06	-2.384186e-06
2.055260631953241e-02	3.814697e-06	-1.430511e-06	2.384186e-06
2.056260631953241e-02	-2.861023e-06	1.430511e-06	-2.384186e-06
2.057260631953241e-02	3.814697e-06	-1.907349e-06	2.384186e-06
2.058260631953241e-02	-3.814697e-06	1.430511e-06	-2.145767e-06
2.059260631953241e-02	3.814697e-06	-1.907349e-06	2.384186e-06
2.060260631953241e-02	-3.814697e-06	1.430511e-06	-2.145767e-06
2.061260631953241e-02	2.861023e-06	-1.430511e-06	2.384186e-06
2.062260631953241e-02	-3.814697e-06	1.430511e-06	-2.145767e-06
2.063260631953241e-02	2.861023e-06	-1.430511e-06	2.145767e-06
2.064260631953241e-02	-2.861023e-06	1.907349e-06	-2.145767e-06
2.065260631953241e-02	2.861023e-06	-1.430511e-06	2.145767e-06
2.066260631953241e-02	-2.861023e-06	1.907349e-06	-2.145767e-06
2.067260631953241e-02	2.861023e-06	-1.907349e-06	2.145767e-06
2.068260631953241e-02	-2.861023e-06	1.907349e-06	-2.145767e-06
2.069260631953241e-02	2.861023e-06	-1.907349e-06	2.145767e-06
2.070260631953241e-02	-2.861023e-06	1.907349e-06	-2.145767e-06
2.071260631953241e-02	2.861023e-06	-1.907349e-06	2.145767e-06
2.072260631953241e-02	-2.861023e-06	1.907349e-06	-2.384186e-06
2.073260631953241e-02	2.861023e-06	-1.907349e-06	2.145767e-06
2.074260631953241e-02	-2.861023e-06	2.384186e-06	-2.384186e-06
2.075260631953241e-02	2.861023e-06	-1.907349e-06	2.384186e-06
2.076260631953241e-02	-1.907349e-06	2.384186e-06	-2.384186e-06
2.077260631953241e-02	2.861023e-06	-1.907349e-06	2.384186e-06
2.078260631953241e-02	-2.861023e-06	2.384186e-06	-2.384186e-06
2.079260631953241e-02	2.861023e-06	-2.384186e-06	2.384186e-06
2.080260631953241e-02	-2.861023e-06	1.907349e-06	-2.145767e-06
2.081260631953241e-02	2.861023e-06	-2.384186e-06	2.384186e-06
2.082260631953241e-02	-2.861023e-06	1.907349e-06	-2.145767e-06
2.083260631953241e-02	2.861023e-06	-2.384186e-06	2.384186e-06
2.084260631953241e-02	-2.861023e-06	1.907349e-06	-2.145767e-06
2.085260631953241e-02	1.907349e-06	-2.384186e-06	2.145767e-06
2.086260631953241e-02	-2.861023e-06	2.384186e-06	-2.145767e-06
2.087260631953241e-02	1.907349e-06	-2.384186e-06	2.145767e-06
2.088260631953241e-02	-1.907349e-06	2.384186e-06	-2.145767e-06
2.089260631953241e-02	1.907349e-06	-2.384186e-06	2.145767e-06
2.090260631953241e-02	-1.907349e-06	2.384186e-06	-2.145767e-06
2.091260631953241e-02	2.861023e-06	-2.384186e-06	2.145767e-06
2.092260631953241e-02	-1.907349e-06	2.384186e-06	-2.384186e-06
2.093260631953241e-02	2.861023e-06	-2.384186e-06	2.145767e-06
2.094260631953241e-02	-1.907349e-06	2.384186e-06	-2.384186e-06
2.095260631953241e-02	2.861023e-06	-2.384186e-06	2.145767e-06
2.096260631953241e-02	-2.861023e-06	2.384186e-06	-2.384186e-06
2.097260631953241e-02	1.907349e-06	-2.384186e-06	2.384186e-06
2.098260631953241e-02	-2.861023e-06	2.861023e-06	-2.384186e-06
2.099260631953241e-02	1.907349e-06	-2.384186e-06	2.384186e-06
2.100260631953241e-02	-2.861023e-06	2.861023e-06	-2.384186e-06
2.101260631953241e-02	1.907349e-06	-2.384186e-06	2.384186e-06
2.102260631953241e-02	-1.907349e-06	2.861023e-06	-2.384186e-06
2.103260631953241e-02	1.907349e-06	-2.861023e-06	2.384186e-06
2.104260631953241e-02	-1.907349e-06	2.861023e-06	-2.145767e-06
2.105260631953241e-02	1.907349e-06	-2.861023e-06	2.384186e-06
2.106260631953241e-02	-1.907349e-06	2.384186e-06	-2.145767e-06
2.107260631953241e-02	1.907349e-06	-2.861023e-06	2.384186e-06
2.108260631953241e-02	-1.907349e-06	2.384186e-06	-2.145767e-06
2.109260631953241e-02	1.907349e-06	-2.861023e-06	2.384186e-06
2.110260631953241e-02	-1.907349e-06	2.861023e-06	-2.145767e-06
2.111260631953241e-02	2.861023e-06	-2.861023e-06	2.145767e-06
2.112260631953241e-02	-1.907349e-06	2.861023e-06	-2.384186e-06
2.113260631953241e-02	1.907349e-06	-2.861023e-06	2.145767e-06
2.114260631953241e-02	-1.907349e-06	2.861023e-06	-2.384186e-06
2.115260631953241e-02	1.907349e-06	-2.861023e-06	2.145767e-06
2.116260631953241e-02	-2.861023e-06	2.861023e-06	-2.384186e-06
2.117260631953241e-02	1.907349e-06	-2.861023e-06	2.384186e-06
2.118260631953241e-02	-1.907349e-06	2.861023e-06	-2.384186e-06
2.119260631953241e-02	1.907349e-06	-2.861023e-06	2.384186e-06
2.120260631953241e-02	-1.907349e-06	2.861023e-06	-2.384186e-06
2.121260631953241e-02	1.907349e-06	-2.861023e-06	2.384186e-06
2.122260631953241e-02	-1.907349e-06	2.861023e-06	-2.384186e-06
2.123260631953241e-02	1.907349e-06	-2.861023e-06	2.384186e-06
2.124260631953241e-02	-1.907349e-06	2.861023e-06	-2.384186e-06
2.125260631953241e-02	1.907349e-06	-2.861023e-06	2.384186e-06
2.126260631953241e-02	-1.907349e-06	3.337860e-06	-2.384186e-06
2.127260631953241e-02	1.907349e-06	-2.861023e-06	2.384186e-06
2.128260631953241e-02	-1.907349e-06	3.337860e-06	-2.384186e-06
2.129260631953241e-02	9.536743e-07	-2.861023e-06	2.384186e-06
2.130260631953241e-02	-1.907349e-06	2.861023e-06	-2.384186e-06
2.131260631953241e-02	1.907349e-06	-3.337860e-06	2.384186e-06
2.132260631953241e-02	-1.907349e-06	2.861023e-06	-2.384186e-06
2.133260631953241e-02	1.907349e-06	-3.337860e-06	2.384186e-06
2.134260631953241e-02	-1.907349e-06	2.861023e-06	-2.145767e-06
2.135260631953241e-02	1.907349e-06	-3.337860e-06	2.384186e-06
2.136260631953241e-02	-9.536743e-07	2.861023e-06	-2.384186e-06
2.137260631953241e-02	1.907349e-06	-3.337860e-06	2.384186e-06
2.138260631953241e-02	-9.536743e-07	2.861023e-06	-2.384186e-06
2.139260631953241e-02	1.907349e-06	-3.337860e-06	2.384186e-06
2.140260631953241e-02	-1.907349e-06	2.861023e-06	-2.384186e-06
2.141260631953241e-02	1.907349e-06	-2.861023e-06	2.145767e-06
2.142260631953241e-02	-1.907349e-06	3.337860e-06	-2.384186e-06
2.143260631953241e-02	1.907349e-06	-2.861023e-06	2.384186e-06
2.144260631953241e-02	-1.907349e-06	3.337860e-06	-2.384186e-06
2.145260631953241e-02	1.907349e-06	-2.861023e-06	2.384186e-06
2.146260631953241e-02	-1.907349e-06	3.337860e-06	-2.384186e-06
2.147260631953241e-02	1.907349e-06	-2.861023e-06	2.384186e-06
2.148260631953241e-02	-1.907349e-06	3.337860e-06	-2.384186e-06
2.149260631953241e-02	9.536743e-07	-3.337860e-06	2.384186e-06
2.150260631953241e-02	-1.907349e-06	3.337860e-06	-2.384186e-06
2.151260631953241e-02	9.536743e-07	-3.337860e-06	2.384186e-06
2.152260631953241e-02	-1.907349e-06	3.337860e-06	-2.384186e-06
2.153260631953241e-02	9.536743e-07	-3.337860e-06	2.384186e-06
2.154260631953241e-02	-1.907349e-06	3.337860e-06	-2.384186e-06
2.155260631953241e-02	1.907349e-06	-3.337860e-06	2.384186e-06
2.156260631953241e-02	-9.536743e-07	2.861023e-06	-2.384186e-06
2.157260631953241e-02	1.907349e-06	-3.337860e-06	2.384186e-06
2.158260631953241e-02	-9.536743e-07	2.861023e-06	-2.384186e-06
2.159260631953241e-02	1.907349e-06	-3.337860e-06	2.384186e-06
2.160260631953241e-02	-9.536743e-07	3.337860e-06	-2.384186e-06
2.161260631953241e-02	1.907349e-06	-3.337860e-06	2.384186e-06
2.162260631953241e-02	-9.536743e-07	3.337860e-06	-2.384186e-06
2.163260631953241e-02	1.907349e-06	-3.337860e-06	2.384186e-06
2.164260631953241e-02	-1.907349e-06	3.337860e-06	-2.622604e-06
2.165260631953241e-02	1.907349e-06	-3.337860e-06	2.384186e-06
2.166260631953241e-02	-1.907349e-06	3.337860e-06	-2.622604e-06
2.167260631953241e-02	1.907349e-06	-2.861023e-06	2.384186e-06
2.168260631953241e-02	-1.907349e-06	3.337860e-06	-2.622604e-06
2.169260631953241e-02	9.536743e-07	-3.337860e-06	2.384186e-06
2.170260631953241e-02	-1.907349e-06	3.337860e-06	-2.384186e-06
2.171260631953241e-02	9.536743e-07	-3.337860e-06	2.384186e-06
2.172260631953241e-02	-1.907349e-06	3.337860e-06	-2.384186e-06
2.173260631953241e-02	9.536743e-07	-3.337860e-06	2.622604e-06
2.174260631953241e-02	-1.907349e-06	3.337860e-06	-2.384186e-06
2.175260631953241e-02	9.536743e-07	-3.337860e-06	2.622604e-06
2.176260631953241e-02	-1.907349e-06	3.337860e-06	-2.384186e-06
2.177260631953241e-02	9.536743e-07	-3.337860e-06	2.622604e-06
2.178260631953241e-02	-9.536743e-07	3.337860e-06	-2.384186e-06
2.179260631953241e-02	9.536743e-07	-3.337860e-06	2.622604e-06
2.180260631953241e-02	-9.536743e-07	3.814697e-06	-2.384186e-06
2.181260631953241e-02	9.536743e-07	-3.337860e-06	2.384186e-06
2.182260631953241e-02	-9.536743e-07	3.337860e-06	-2.384186e-06
2.183260631953241e-02	1.907349e-06	-3.337860e-06	2.384186e-06
2.184260631953241e-02	-9.536743e-07	3.337860e-06	-2.384186e-06
2.185260631953241e-02	1.907349e-06	-3.337860e-06	2.384186e-06
2.186260631953241e-02	-9.536743e-07	3.337860e-06	-2.384186e-06
2.187260631953241e-02	1.907349e-06	-3.337860e-06	2.384186e-06
2.188260631953241e-02	-9.536743e-07	3.337860e-06	-2.384186e-06
2.189260631953241e-02	1.907349e-06	-3.337860e-06	2.384186e-06
2.190260631953241e-02	-9.536743e-07	3.337860e-06	-2.384186e-06
2.191260631953241e-02	1.907349e-06	-3.814697e-06	2.384186e-06
2.192260631953241e-02	-9.536743e-07	3.337860e-06	-2.384186e-06
2.193260631953241e-02	1.907349e-06	-3.814697e-06	2.384186e-06
2.194260631953241e-02	-1.907349e-06	3.337860e-06	-2.384186e-06
2.195260631953241e-02	9.536743e-07	-3.337860e-06	2.384186e-06
2.196260631953241e-02	-1.907349e-06	3.337860e-06	-2.384186e-06
2.197260631953241e-02	9.536743e-07	-3.337860e-06	2.384186e-06
2.198260631953241e-02	-1.907349e-06	3.337860e-06	-2.622604e-06
2.199260631953241e-02	9.536743e-07	-3.337860e-06	2.384186e-06
2.200260631953241e-02	-1.907349e-06	3.337860e-06	-2.622604e-06
2.201260631953241e-02	9.536743e-07	-3.337860e-06	2.384186e-06
2.202260631953241e-02	-1.907349e-06	3.337860e-06	-2.622604e-06
2.203260631953241e-02	9.536743e-07	-3.337860e-06	2.384186e-06
2.204260631953241e-02	-9.536743e-07	3.814697e-06	-2.622604e-06
2.205260631953241e-02	9.536743e-07	-3.337860e-06	2.384186e-06
2.206260631953241e-02	-9.536743e-07	3.814697e-06	-2.622604e-06
2.207260631953241e-02	9.536743e-07	-3.337860e-06	2.384186e-06
2.208260631953241e-02	-9.536743e-07	3.814697e-06	-2.622604e-06
2.209260631953241e-02	9.536743e-07	-3.337860e-06	2.384186e-06
2.210260631953241e-02	-9.536743e-07	3.814697e-06	-2.622604e-06
2.211260631953241e-02	9.536743e-07	-3.337860e-06	2.622604e-06
2.212260631953241e-02	-9.536743e-07	3.337860e-06	-2.622604e-06
2.213260631953241e-02	9.536743e-07	-3.337860e-06	2.622604e-06
2.214260631953241e-02	-9.536743e-07	3.337860e-06	-2.622604e-06
2.215260631953241e-02	9.536743e-07	-3.337860e-06	2.622604e-06
2.216260631953241e-02	-9.536743e-07	3.337860e-06	-2.622604e-06
2.217260631953241e-02	1.907349e-06	-3.814697e-06	2.622604e-06
2.218260631953241e-02	-9.536743e-07	3.337860e-06	-2.384186e-06
2.219260631953241e-02	1.907349e-06	-3.814697e-06	2.622604e-06
2.220260631953241e-02	-9.536743e-07	3.337860e-06	-2.384186e-06
2.221260631953241e-02	1.907349e-06	-3.814697e-06	2.622604e-06
2.222260631953241e-02	-9.536743e-07	3.337860e-06	-2.384186e-06
2.223260631953241e-02	1.907349e-06	-3.814697e-06	2.622604e-06
2.224260631953241e-02	-9.536743e-07	3.337860e-06	-2.384186e-06
2.225260631953241e-02	9.536743e-07	-3.814697e-06	2.622604e-06
2.226260631953241e-02	-9.536743e-07	3.337860e-06	-2.384186e-06
2.227260631953241e-02	9.536743e-07	-3.814697e-06	2.622604e-06
2.228260631953241e-02	-1.907349e-06	3.337860e-06	-2.384186e-06
2.229260631953241e-02	9.536743e-07	-3.337860e-06	2.622604e-06
2.230260631953241e-02	-1.907349e-06	3.337860e-06	-2.384186e-06
2.231260631953241e-02	9.536743e-07	-3.337860e-06	2.622604e-06
2.232260631953241e-02	-1.907349e-06	3.337860e-06	-2.384186e-06
2.233260631953241e-02	9.536743e-07	-3.337860e-06	2.622604e-06
2.234260631953241e-02	-1.907349e-06	3.814697e-06	-2.384186e-06
2.235260631953241e-02	9.536743e-07	-3.337860e-06	2.622604e-06
2.236260631953241e-02	-1.907349e-06	3.814697e-06	-2.384186e-06
2.237260631953241e-02	9.536743e-07	-3.337860e-06	2.384186e-06
2.238260631953241e-02	-9.536743e-07	3.814697e-06	-2.384186e-06
2.239260631953241e-02	9.536743e-07	-3.337860e-06	2.384186e-06
2.240260631953241e-02	-9.536743e-07	3.814697e-06	-2.384186e-06
2.241260631953241e-02	9.536743e-07	-3.337860e-06	2.384186e-06
2.242260631953241e-02	-9.536743e-07	3.814697e-06	-2.384186e-06
2.243260631953241e-02	9.536743e-07	-3.337860e-06	2.384186e-06
2.244260631953241e-02	-9.536743e-07	3.814697e-06	-2.622604e-06
2.245260631953241e-02	9.536743e-07	-3.337860e-06	2.384186e-06
2.246260631953241e-02	-9.536743e-07	3.814697e-06	-2.622604e-06
2.247260631953241e-02	9.536743e-07	-3.337860e-06	2.384186e-06
2.248260631953241e-02	-9.536743e-07	3.337860e-06	-2.622604e-06
2.249260631953241e-02	9.536743e-07	-3.814697e-06	2.384186e-06
2.250260631953241e-02	-9.536743e-07	3.337860e-06	-2.622604e-06
2.251260631953241e-02	9.536743e-07	-3.814697e-06	2.384186e-06
2.252260631953241e-02	-9.536743e-07	3.337860e-06	-2.622604e-06
2.253260631953241e-02	9.536743e-07	-3.814697e-06	2.384186e-06
2.254260631953241e-02	-9.536743e-07	3.337860e-06	-2.622604e-06
2.255260631953241e-02	9.536743e-07	-3.814697e-06	2.384186e-06
2.256260631953241e-02	-9.536743e-07	3.337860e-06	-2.622604e-06
2.257260631953241e-02	1.907349e-06	-3.814697e-06	2.384186e-06
2.258260631953241e-02	-9.536743e-07	3.337860e-06	-2.622604e-06
2.259260631953241e-02	1.907349e-06	-3.814697e-06	2.384186e-06
2.260260631953241e-02	-9.536743e-07	3.337860e-06	-2.622604e-06
2.261260631953241e-02	1.907349e-06	-3.814697e-06	2.384186e-06
2.262260631953241e-02	-9.536743e-07	3.337860e-06	-2.622604e-06
2.263260631953241e-02	1.907349e-06	-3.814697e-06	2.384186e-06
2.264260631953241e-02	-9.536743e-07	3.337860e-06	-2.622604e-06
2.265260631953241e-02	9.536743e-07	-3.814697e-06	2.622604e-06
2.266260631953241e-02	-9.536743e-07	3.337860e-06	-2.622604e-06
2.267260631953241e-02	9.536743e-07	-3.337860e-06	2.622604e-06
2.268260631953241e-02	-9.536743e-07	3.337860e-06	-2.622604e-06
2.269260631953241e-02	9.536743e-07	-3.337860e-06	2.622604e-06
2.270260631953241e-02	-9.536743e-07	3.337860e-06	-2.622604e-06
2.271260631953241e-02	9.536743e-07	-3.337860e-06	2.622604e-06
2.272260631953241e-02	-9.536743e-07	3.814697e-06	-2.622604e-06
2.273260631953241e-02	9.536743e-07	-3.337860e-06	2.622604e-06
2.274260631953241e-02	-1.907349e-06	3.814697e-06	-2.622604e-06
2.275260631953241e-02	9.536743e-07	-3.337860e-06	2.622604e-06
2.276260631953241e-02	-1.907349e-06	3.814697e-06	-2.622604e-06
2.277260631953241e-02	9.536743e-07	-3.337860e-06	2.622604e-06
2.278260631953241e-02	-1.907349e-06	3.814697e-06	-2.622604e-06
2.279260631953241e-02	9.536743e-07	-3.337860e-06	2.622604e-06
2.280260631953241e-02	-1.907349e-06	3.814697e-06	-2.622604e-06
2.281260631953241e-02	9.536743e-07	-3.337860e-06	2.622604e-06
2.282260631953241e-02	-9.536743e-07	3.814697e-06	-2.622604e-06
2.283260631953241e-02	9.536743e-07	-3.337860e-06	2.622604e-06
2.284260631953241e-02	-9.536743e-07	3.814697e-06	-2.622604e-06
2.285260631953241e-02	9.536743e-07	-3.337860e-06	2.622604e-06
2.286260631953241e-02	-9.536743e-07	3.814697e-06	-2.622604e-06
2.287260631953241e-02	9.536743e-07	-3.337860e-06	2.622604e-06
2.288260631953241e-02	-9.536743e-07	3.814697e-06	-2.622604e-06
2.289260631953241e-02	9.536743e-07	-3.337860e-06	2.622604e-06
2.290260631953241e-02	-9.536743e-07	3.814697e-06	-2.622604e-06
2.291260631953241e-02	9.536743e-07	-3.337860e-06	2.622604e-06
2.292260631953241e-02	-9.536743e-07	3.337860e-06	-2.384186e-06
2.293260631953241e-02	9.536743e-07	-3.814697e-06	2.622604e-06
2.294260631953241e-02	-9.536743e-07	3.337860e-06	-2.384186e-06
2.295260631953241e-02	9.536743e-07	-3.814697e-06	2.622604e-06
2.296260631953241e-02	-9.536743e-07	3.337860e-06	-2.384186e-06
2.297260631953241e-02	9.536743e-07	-3.814697e-06	2.622604e-06
2.298260631953241e-02	-9.536743e-07	3.337860e-06	-2.384186e-06
2.299260631953241e-02	9.536743e-07	-3.814697e-06	2.622604e-06
2.300260631953241e-02	-9.536743e-07	3.337860e-06	-2.384186e-06
2.301260631953241e-02	9.536743e-07	-3.814697e-06	2.622604e-06
2.302260631953241e-02	-9.536743e-07	3.337860e-06	-2.384186e-06
2.303260631953241e-02	9.536743e-07	-3.814697e-06	2.622604e-06
2.304260631953241e-02	-9.536743e-07	3.337860e-06	-2.384186e-06
2.305260631953241e-02	9.536743e-07	-3.814697e-06	2.622604e-06
2.306260631953241e-02	-9.536743e-07	3.337860e-06	-2.384186e-06
2.307260631953241e-02	9.536743e-07	-3.814697e-06	2.622604e-06
2.308260631953241e-02	-9.536743e-07	3.337860e-06	-2.384186e-06
2.309260631953241e-02	9.536743e-07	-3.814697e-06	2.622604e-06
2.310260631953241e-02	-9.536743e-07	3.337860e-06	-2.384186e-06
2.311260631953241e-02	9.536743e-07	-3.814697e-06	2.622604e-06
2.312260631953241e-02	-9.536743e-07	3.337860e-06	-2.384186e-06
2.313260631953241e-02	1.907349e-06	-3.814697e-06	2.622604e-06
2.314260631953241e-02	-9.536743e-07	3.337860e-06	-2.384186e-06
2.315260631953241e-02	1.907349e-06	-3.814697e-06	2.622604e-06
2.316260631953241e-02	-9.536743e-07	3.337860e-06	-2.384186e-06
2.317260631953241e-02	1.907349e-06	-3.337860e-06	2.622604e-06
2.318260631953241e-02	-9.536743e-07	3.337860e-06	-2.622604e-06
2.319260631953241e-02	9.536743e-07	-3.337860e-06	2.622604e-06
2.320260631953241e-02	-9.536743e-07	3.337860e-06	-2.622604e-06
2.321260631953241e-02	9.536743e-07	-3.337860e-06	2.622604e-06
2.322260631953241e-02	-9.536743e-07	3.814697e-06	-2.622604e-06
2.323260631953241e-02	9.536743e-07	-3.337860e-06	2.384186e-06
2.324260631953241e-02	-9.536743e-07	3.814697e-06	-2.622604e-06
2.325260631953241e-02	9.536743e-07	-3.337860e-06	2.384186e-06
2.326260631953241e-02	-9.536743e-07	3.814697e-06	-2.622604e-06
2.327260631953241e-02	9.536743e-07	-3.337860e-06	2.384186e-06
2.328260631953241e-02	-9.536743e-07	3.814697e-06	-2.622604e-06
2.329260631953241e-02	9.536743e-07	-3.337860e-06	2.384186e-06
2.330260631953241e-02	-9.536743e-07	3.814697e-06	-2.622604e-06
2.331260631953241e-02	9.536743e-07	-3.337860e-06	2.384186e-06
2.332260631953241e-02	-9.536743e-07	3.814697e-06	-2.622604e-06
2.333260631953241e-02	9.536743e-07	-3.337860e-06	2.384186e-06
2.334260631953241e-02	-9.536743e-07	3.814697e-06	-2.622604e-06
2.335260631953241e-02	9.536743e-07	-3.337860e-06	2.384186e-06
2.336260631953241e-02	-1.907349e-06	3.814697e-06	-2.622604e-06
2.337260631953241e-02	9.536743e-07	-3.337860e-06	2.384186e-06
2.338260631953241e-02	-1.907349e-06	3.814697e-06	-2.622604e-06
2.339260631953241e-02	9.536743e-07	-3.337860e-06	2.384186e-06
2.340260631953241e-02	-1.907349e-06	3.814697e-06	-2.622604e-06
2.341260631953241e-02	9.536743e-07	-3.337860e-06	2.384186e-06
2.342260631953241e-02	-1.907349e-06	3.814697e-06	-2.622604e-06
2.343260631953241e-02	9.536743e-07	-3.337860e-06	2.384186e-06
2.344260631953241e-02	-9.536743e-07	3.814697e-06	-2.622604e-06
2.345260631953241e-02	9.536743e-07	-3.337860e-06	2.384186e-06
2.346260631953241e-02	-9.536743e-07	3.814697e-06	-2.622604e-06
2.347260631953241e-02	9.536743e-07	-3.337860e-06	2.384186e-06
2.348260631953241e-02	-9.536743e-07	3.814697e-06	-2.622604e-06
2.349260631953241e-02	9.536743e-07	-3.337860e-06	2.384186e-06
2.350260631953241e-02	-9.536743e-07	3.337860e-06	-2.622604e-06
2.351260631953241e-02	9.536743e-07	-3.337860e-06	2.384186e-06
2.352260631953241e-02	-9.536743e-07	3.337860e-06	-2.622604e-06
2.353260631953241e-02	9.536743e-07	-3.814697e-06	2.384186e-06
2.354260631953241e-02	-9.536743e-07	3.337860e-06	-2.622604e-06
2.355260631953241e-02	9.536743e-07	-3.814697e-06	2.384186e-06
2.356260631953241e-02	-9.536743e-07	3.337860e-06	-2.622604e-06
2.357260631953241e-02	9.536743e-07	-3.814697e-06	2.384186e-06
2.358260631953241e-02	-9.536743e-07	3.337860e-06	-2.622604e-06
2.359260631953241e-02	9.536743e-07	-3.814697e-06	2.622604e-06
2.360260631953241e-02	-9.536743e-07	3.337860e-06	-2.622604e-06
2.361260631953241e-02	9.536743e-07	-3.814697e-06	2.622604e-06
2.362260631953241e-02	-9.536743e-07	3.337860e-06	-2.622604e-06
2.363260631953241e-02	9.536743e-07	-3.814697e-06	2.622604e-06
2.364260631953241e-02	-9.536743e-07	3.337860e-06	-2.622604e-06
2.365260631953241e-02	9.536743e-07	-3.814697e-06	2.622604e-06
2.366260631953241e-02	-9.536743e-07	3.337860e-06	-2.622604e-06
2.367260631953241e-02	9.536743e-07	-3.814697e-06	2.622604e-06
2.368260631953241e-02	-9.536743e-07	3.337860e-06	-2.622604e-06
2.369260631953241e-02	9.536743e-07	-3.814697e-06	2.622604e-06
2.370260631953241e-02	-9.536743e-07	3.337860e-06	-2.622604e-06
2.371260631953241e-02	9.536743e-07	-3.814697e-06	2.622604e-06
2.372260631953241e-02	-9.536743e-07	3.337860e-06	-2.622604e-06
2.373260631953241e-02	9.536743e-07	-3.814697e-06	2.622604e-06
2.374260631953241e-02	-9.536743e-07	3.337860e-06	-2.622604e-06
2.375260631953241e-02	9.536743e-07	-3.814697e-06	2.622604e-06
2.376260631953241e-02	-9.536743e-07	3.337860e-06	-2.622604e-06
2.377260631953241e-02	9.536743e-07	-3.814697e-06	2.622604e-06
2.378260631953241e-02	-9.536743e-07	3.337860e-06	-2.622604e-06
2.379260631953241e-02	9.536743e-07	-3.814697e-06	2.622604e-06
2.380260631953241e-02	-9.536743e-07	3.337860e-06	-2.622604e-06
2.381260631953241e-02	9.536743e-07	-3.814697e-06	2.622604e-06
2.382260631953241e-02	-9.536743e-07	3.337860e-06	-2.622604e-06
2.383260631953241e-02	9.536743e-07	-3.814697e-06	2.622604e-06
2.384260631953241e-02	-9.536743e-07	3.337860e-06	-2.622604e-06
2.385260631953241e-02	9.536743e-07	-3.814697e-06	2.622604e-06
2.386260631953241e-02	-9.536743e-07	3.337860e-06	-2.622604e-06
2.387260631953241e-02	9.536743e-07	-3.814697e-06	2.622604e-06
2.388260631953241e-02	-9.536743e-07	3.337860e-06	-2.622604e-06
2.389260631953241e-02	9.536743e-07	-3.814697e-06	2.622604e-06
2.390260631953241e-02	-9.536743e-07	3.337860e-06	-2.622604e-06
2.391260631953241e-02	9.536743e-07	-3.337860e-06	2.622604e-06
2.392260631953241e-02	-9.536743e-07	3.337860e-06	-2.622604e-06
2.393260631953241e-02	9.536743e-07	-3.337860e-06	2.622604e-06
2.394260631953241e-02	-9.536743e-07	3.337860e-06	-2.622604e-06
2.395260631953241e-02	9.536743e-07	-3.337860e-06	2.622604e-06
2.396260631953241e-02	-9.536743e-07	3.337860e-06	-2.622604e-06
2.397260631953241e-02	9.536743e-07	-3.337860e-06	2.622604e-06
2.398260631953241e-02	-9.536743e-07	3.337860e-06	-2.622604e-06
2.399260631953241e-02	9.536743e-07	-3.337860e-06	2.622604e-06
2.400260631953241e-02	-9.536743e-07	3.814697e-06	-2.622604e-06
2.401260631953241e-02	9.536743e-07	-3.337860e-06	2.622604e-06
2.402260631953241e-02	-9.536743e-07	3.814697e-06	-2.622604e-06
2.403260631953241e-02	1.907349e-06	-3.337860e-06	2.622604e-06
2.404260631953241e-02	-9.536743e-07	3.814697e-06	-2.622604e-06
2.405260631953241e-02	1.907349e-06	-3.337860e-06	2.622604e-06
2.406260631953241e-02	-9.536743e-07	3.814697e-06	-2.622604e-06
2.407260631953241e-02	9.536743e-07	-3.337860e-06	2.622604e-06
2.408260631953241e-02	-9.536743e-07	3.814697e-06	-2.622604e-06
2.409260631953241e-02	9.536743e-07	-3.337860e-06	2.622604e-06
2.410260631953241e-02	-9.536743e-07	3.814697e-06	-2.622604e-06
2.411260631953241e-02	9.536743e-07	-3.337860e-06	2.622604e-06
2.412260631953241e-02	-9.536743e-07	3.814697e-06	-2.622604e-06
2.413260631953241e-02	9.536743e-07	-3.337860e-06	2.622604e-06
2.414260631953241e-02	-9.536743e-07	3.814697e-06	-2.622604e-06
2.415260631953241e-02	9.536743e-07	-3.337860e-06	2.622604e-06
2.416260631953241e-02	-9.536743e-07	3.814697e-06	-2.622604e-06
2.417260631953241e-02	9.536743e-07	-3.337860e-06	2.622604e-06
2.418260631953241e-02	-9.536743e-07	3.814697e-06	-2.622604e-06
2.419260631953241e-02	9.536743e-07	-3.337860e-06	2.622604e-06
2.420260631953241e-02	-9.536743e-07	3.814697e-06	-2.622604e-06
2.421260631953241e-02	9.536743e-07	-3.337860e-06	2.622604e-06
2.422260631953241e-02	-9.536743e-07	3.814697e-06	-2.622604e-06
2.423260631953241e-02	9.536743e-07	-3.337860e-06	2.622604e-06
2.424260631953241e-02	-9.536743e-07	3.814697e-06	-2.622604e-06
2.425260631953241e-02	9.536743e-07	-3.337860e-06	2.622604e-06
2.426260631953241e-02	-9.536743e-07	3.814697e-06	-2.622604e-06
2.427260631953241e-02	9.536743e-07	-3.337860e-06	2.622604e-06
2.428260631953241e-02	-9.536743e-07	3.814697e-06	-2.622604e-06
2.429260631953241e-02	9.536743e-07	-3.337860e-06	2.622604e-06
2.430260631953241e-02	-9.536743e-07	3.814697e-06	-2.622604e-06
2.431260631953241e-02	9.536743e-07	-3.337860e-06	2.622604e-06
2.432260631953241e-02	-9.536743e-07	3.814697e-06	-2.622604e-06
2.433260631953241e-02	9.536743e-07	-3.337860e-06	2.622604e-06
2.434260631953241e-02	-9.536743e-07	3.814697e-06	-2.384186e-06
2.435260631953241e-02	9.536743e-07	-3.337860e-06	2.622604e-06
2.436260631953241e-02	-9.536743e-07	3.814697e-06	-2.384186e-06
2.437260631953241e-02	9.536743e-07	-3.337860e-06	2.622604e-06
2.438260631953241e-02	-9.536743e-07	3.814697e-06	-2.384186e-06
2.439260631953241e-02	9.536743e-07	-3.337860e-06	2.622604e-06
2.440260631953241e-02	-9.536743e-07	3.814697e-06	-2.384186e-06
2.441260631953241e-02	9.536743e-07	-3.337860e-06	2.622604e-06
2.442260631953241e-02	-9.536743e-07	3.814697e-06	-2.384186e-06
2.443260631953241e-02	9.536743e-07	-3.337860e-06	2.622604e-06
2.444260631953241e-02	-9.536743e-07	3.337860e-06	-2.384186e-06
2.445260631953241e-02	9.536743e-07	-3.337860e-06	2.622604e-06
2.446260631953241e-02	-9.536743e-07	3.337860e-06	-2.384186e-06
2.447260631953241e-02	9.536743e-07	-3.337860e-06	2.622604e-06
2.448260631953241e-02	-9.536743e-07	3.337860e-06	-2.384186e-06
2.449260631953241e-02	9.536743e-07	-3.337860e-06	2.622604e-06
2.450260631953241e-02	-1.907349e-06	3.337860e-06	-2.384186e-06
2.451260631953241e-02	9.536743e-07	-3.337860e-06	2.622604e-06
2.452260631953241e-02	-1.907349e-06	3.337860e-06	-2.384186e-06
2.453260631953241e-02	9.536743e-07	-3.337860e-06	2.622604e-06
2.454260631953241e-02	-9.536743e-07	3.337860e-06	-2.384186e-06
2.455260631953241e-02	9.536743e-07	-3.337860e-06	2.622604e-06
2.456260631953241e-02	-9.536743e-07	3.337860e-06	-2.384186e-06
2.457260631953241e-02	9.536743e-07	-3.337860e-06	2.622604e-06
2.458260631953241e-02	-9.536743e-07	3.337860e-06	-2.384186e-06
2.459260631953241e-02	9.536743e-07	-3.337860e-06	2.622604e-06
2.460260631953241e-02	-9.536743e-07	3.337860e-06	-2.384186e-06
2.461260631953241e-02	9.536743e-07	-3.814697e-06	2.622604e-06
2.462260631953241e-02	-9.536743e-07	3.337860e-06	-2.384186e-06
2.463260631953241e-02	9.536743e-07	-3.814697e-06	2.622604e-06
2.464260631953241e-02	-9.536743e-07	3.337860e-06	-2.384186e-06
2.465260631953241e-02	9.536743e-07	-3.814697e-06	2.622604e-06
2.466260631953241e-02	-9.536743e-07	3.337860e-06	-2.384186e-06
2.467260631953241e-02	9.536743e-07	-3.814697e-06	2.622604e-06
2.468260631953241e-02	-9.536743e-07	3.337860e-06	-2.384186e-06
2.469260631953241e-02	9.536743e-07	-3.814697e-06	2.622604e-06
2.470260631953241e-02	-9.536743e-07	3.337860e-06	-2.384186e-06
2.471260631953241e-02	9.536743e-07	-3.814697e-06	2.622604e-06
2.472260631953241e-02	-9.536743e-07	3.337860e-06	-2.384186e-06
2.473260631953241e-02	9.536743e-07	-3.814697e-06	2.622604e-06
2.474260631953241e-02	-9.536743e-07	3.337860e-06	-2.384186e-06
2.475260631953241e-02	9.536743e-07	-3.814697e-06	2.622604e-06
2.476260631953241e-02	-9.536743e-07	3.337860e-06	-2.384186e-06
2.477260631953241e-02	9.536743e-07	-3.814697e-06	2.622604e-06
2.478260631953241e-02	-9.536743e-07	3.337860e-06	-2.384186e-06
2.479260631953241e-02	9.536743e-07	-3.814697e-06	2.622604e-06
2.480260631953241e-02	-9.536743e-07	3.337860e-06	-2.384186e-06
2.481260631953241e-02	9.536743e-07	-3.814697e-06	2.622604e-06
2.482260631953241e-02	-9.536743e-07	3.337860e-06	-2.384186e-06
2.483260631953241e-02	9.536743e-07	-3.814697e-06	2.622604e-06
2.484260631953241e-02	-9.536743e-07	3.337860e-06	-2.384186e-06
2.485260631953241e-02	9.536743e-07	-3.814697e-06	2.622604e-06
2.486260631953241e-02	-9.536743e-07	3.337860e-06	-2.384186e-06
2.487260631953241e-02	9.536743e-07	-3.814697e-06	2.622604e-06
2.488260631953241e-02	-9.536743e-07	3.337860e-06	-2.384186e-06
2.489260631953241e-02	9.536743e-07	-3.814697e-06	2.622604e-06
2.490260631953241e-02	-9.536743e-07	3.337860e-06	-2.384186e-06
2.491260631953241e-02	9.536743e-07	-3.814697e-06	2.622604e-06
2.492260631953241e-02	-9.536743e-07	3.337860e-06	-2.384186e-06
2.493260631953241e-02	9.536743e-07	-3.814697e-06	2.622604e-06
2.494260631953241e-02	-9.536743e-07	3.337860e-06	-2.384186e-06
2.495260631953241e-02	9.536743e-07	-3.814697e-06	2.622604e-06
2.496260631953241e-02	-9.536743e-07	3.337860e-06	-2.384186e-06
2.497260631953241e-02	9.536743e-07	-3.814697e-06	2.622604e-06
2.498260631953241e-02	-9.536743e-07	3.337860e-06	-2.384186e-06
2.499260631953241e-02	9.536743e-07	-3.814697e-06	2.622604e-06
2.500260631953241e-02	-9.536743e-07	3.337860e-06	-2.384186e-06
2.501260631953241e-02	9.536743e-07	-3.814697e-06	2.622604e-06
2.502260631953241e-02	-9.536743e-07	3.337860e-06	-2.384186e-06
2.503260631953241e-02	9.536743e-07	-3.814697e-06	2.622604e-06
2.504260631953241e-02	-9.536743e-07	3.337860e-06	-2.384186e-06
2.505260631953241e-02	9.536743e-07	-3.814697e-06	2.622604e-06
2.506260631953241e-02	-9.536743e-07	3.337860e-06	-2.384186e-06
2.507260631953241e-02	9.536743e-07	-3.814697e-06	2.622604e-06
2.508260631953241e-02	-9.536743e-07	3.337860e-06	-2.384186e-06
2.509260631953241e-02	9.536743e-07	-3.814697e-06	2.622604e-06
2.510260631953241e-02	-9.536743e-07	3.337860e-06	-2.384186e-06
2.511260631953241e-02	9.536743e-07	-3.814697e-06	2.622604e-06
2.512260631953241e-02	-9.536743e-07	3.337860e-06	-2.384186e-06
2.513260631953241e-02	9.536743e-07	-3.814697e-06	2.622604e-06
2.514260631953241e-02	-9.536743e-07	3.337860e-06	-2.384186e-06
2.515260631953241e-02	9.536743e-07	-3.814697e-06	2.622604e-06
2.516260631953241e-02	-9.536743e-07	3.337860e-06	-2.384186e-06
2.517260631953241e-02	9.536743e-07	-3.814697e-06	2.622604e-06
2.518260631953241e-02	-9.536743e-07	3.337860e-06	-2.384186e-06
2.519260631953241e-02	9.536743e-07	-3.337860e-06	2.622604e-06
2.520260631953241e-02	-9.536743e-07	3.337860e-06	-2.384186e-06
2.521260631953241e-02	9.536743e-07	-3.337860e-06	2.622604e-06
2.522260631953241e-02	-9.536743e-07	3.337860e-06	-2.384186e-06
2.523260631953241e-02	9.536743e-07	-3.337860e-06	2.622604e-06
2.524260631953241e-02	-9.536743e-07	3.337860e-06	-2.384186e-06
2.525260631953241e-02	9.536743e-07	-3.337860e-06	2.622604e-06
2.526260631953241e-02	-9.536743e-07	3.337860e-06	-2.384186e-06
2.527260631953241e-02	9.536743e-07	-3.337860e-06	2.622604e-06
2.528260631953241e-02	-9.536743e-07	3.337860e-06	-2.384186e-06
2.529260631953241e-02	9.536743e-07	-3.337860e-06	2.622604e-06
2.530260631953241e-02	-9.536743e-07	3.337860e-06	-2.384186e-06
2.531260631953241e-02	9.536743e-07	-3.337860e-06	2.622604e-06
2.532260631953241e-02	-9.536743e-07	3.337860e-06	-2.384186e-06
2.533260631953241e-02	9.536743e-07	-3.337860e-06	2.622604e-06
2.534260631953241e-02	-9.536743e-07	3.337860e-06	-2.384186e-06
2.535260631953241e-02	9.536743e-07	-3.337860e-06	2.622604e-06
2.536260631953241e-02	-9.536743e-07	3.337860e-06	-2.384186e-06
2.537260631953241e-02	9.536743e-07	-3.337860e-06	2.622604e-06
2.538260631953241e-02	-9.536743e-07	3.337860e-06	-2.384186e-06
2.539260631953241e-02	9.536743e-07	-3.337860e-06	2.384186e-06
2.540260631953241e-02	-9.536743e-07	3.337860e-06	-2.384186e-06
2.541260631953241e-02	9.536743e-07	-3.337860e-06	2.384186e-06
2.542260631953241e-02	-9.536743e-07	3.337860e-06	-2.384186e-06
2.543260631953241e-02	9.536743e-07	-3.337860e-06	2.384186e-06
2.544260631953241e-02	-9.536743e-07	3.337860e-06	-2.384186e-06
2.545260631953241e-02	9.536743e-07	-3.337860e-06	2.384186e-06
2.546260631953241e-02	-9.536743e-07	3.337860e-06	-2.384186e-06
2.547260631953241e-02	9.536743e-07	-3.337860e-06	2.384186e-06
2.548260631953241e-02	-9.536743e-07	3.337860e-06	-2.384186e-06
2.549260631953241e-02	9.536743e-07	-3.337860e-06	2.384186e-06
2.550260631953241e-02	-9.536743e-07	3.337860e-06	-2.384186e-06
2.551260631953241e-02	9.536743e-07	-3.337860e-06	2.384186e-06
2.552260631953241e-02	-9.536743e-07	3.337860e-06	-2.384186e-06
2.553260631953241e-02	9.536743e-07	-3.337860e-06	2.384186e-06
2.554260631953241e-02	-9.536743e-07	3.337860e-06	-2.384186e-06
2.555260631953241e-02	9.536743e-07	-3.337860e-06	2.384186e-06
2.556260631953241e-02	-9.536743e-07	3.337860e-06	-2.384186e-06
2.557260631953241e-02	9.536743e-07	-3.337860e-06	2.384186e-06
2.558260631953241e-02	-9.536743e-07	3.337860e-06	-2.384186e-06
2.559260631953241e-02	9.536743e-07	-3.337860e-06	2.384186e-06
2.560260631953241e-02	-9.536743e-07	3.337860e-06	-2.384186e-06
2.561260631953241e-02	9.536743e-07	-3.337860e-06	2.384186e-06
2.562260631953241e-02	-9.536743e-07	3.337860e-06	-2.384186e-06
2.563260631953241e-02	9.536743e-07	-3.337860e-06	2.384186e-06
2.564260631953241e-02	-9.536743e-07	3.337860e-06	-2.384186e-06
2.565260631953241e-02	9.536743e-07	-3.337860e-06	2.384186e-06
2.566260631953241e-02	-9.536743e-07	3.337860e-06	-2.384186e-06
2.567260631953241e-02	9.536743e-07	-3.337860e-06	2.384186e-06
2.568260631953241e-02	-9.536743e-07	3.337860e-06	-2.384186e-06
2.569260631953241e-02	9.536743e-07	-3.337860e-06	2.384186e-06
2.570260631953241e-02	-9.536743e-07	3.337860e-06	-2.384186e-06
2.571260631953241e-02	9.536743e-07	-3.337860e-06	2.384186e-06
2.572260631953241e-02	-9.536743e-07	3.337860e-06	-2.384186e-06
2.573260631953241e-02	9.536743e-07	-3.337860e-06	2.384186e-06
2.574260631953241e-02	-9.536743e-07	3.337860e-06	-2.384186e-06
2.575260631953241e-02	9.536743e-07	-3.337860e-06	2.384186e-06
2.576260631953241e-02	-9.536743e-07	3.337860e-06	-2.384186e-06
2.577260631953241e-02	9.536743e-07	-3.337860e-06	2.384186e-06
2.578260631953241e-02	-9.536743e-07	3.337860e-06	-2.384186e-06
2.579260631953241e-02	9.536743e-07	-3.337860e-06	2.384186e-06
2.580260631953241e-02	-9.536743e-07	3.337860e-06	-2.384186e-06
2.581260631953241e-02	9.536743e-07	-3.337860e-06	2.384186e-06
2.582260631953241e-02	-9.536743e-07	3.337860e-06	-2.384186e-06
2.583260631953241e-02	9.536743e-07	-3.337860e-06	2.384186e-06
2.584260631953241e-02	-9.536743e-07	3.337860e-06	-2.384186e-06
2.585260631953241e-02	9.536743e-07	-3.337860e-06	2.384186e-06
2.586260631953241e-02	-9.536743e-07	3.337860e-06	-2.384186e-06
2.587260631953241e-02	9.536743e-07	-3.337860e-06	2.384186e-06
2.588260631953241e-02	-9.536743e-07	3.337860e-06	-2.384186e-06
2.589260631953241e-02	9.536743e-07	-3.337860e-06	2.384186e-06
2.590260631953241e-02	-9.536743e-07	3.337860e-06	-2.384186e-06
2.591260631953241e-02	9.536743e-07	-3.337860e-06	2.384186e-06
2.592260631953241e-02	-9.536743e-07	3.337860e-06	-2.384186e-06
2.593260631953241e-02	9.536743e-07	-3.337860e-06	2.384186e-06
2.594260631953241e-02	-9.536743e-07	3.337860e-06	-2.384186e-06
2.595260631953241e-02	9.536743e-07	-3.337860e-06	2.384186e-06
2.596260631953241e-02	-9.536743e-07	3.337860e-06	-2.384186e-06
2.597260631953241e-02	9.536743e-07	-3.337860e-06	2.384186e-06
2.598260631953241e-02	-9.536743e-07	3.337860e-06	-2.384186e-06
2.599260631953241e-02	9.536743e-07	-3.337860e-06	2.384186e-06
2.600260631953241e-02	-9.536743e-07	3.337860e-06	-2.384186e-06
2.601260631953241e-02	9.536743e-07	-3.337860e-06	2.384186e-06
2.602260631953241e-02	-9.536743e-07	3.337860e-06	-2.384186e-06
2.603260631953241e-02	9.536743e-07	-3.337860e-06	2.384186e-06
2.604260631953241e-02	-9.536743e-07	3.814697e-06	-2.384186e-06
2.605260631953241e-02	9.536743e-07	-3.337860e-06	2.384186e-06
2.606260631953241e-02	-9.536743e-07	3.814697e-06	-2.384186e-06
2.607260631953241e-02	9.536743e-07	-3.337860e-06	2.384186e-06
2.608260631953241e-02	-9.536743e-07	3.814697e-06	-2.384186e-06
2.609260631953241e-02	9.536743e-07	-3.337860e-06	2.384186e-06
2.610260631953241e-02	-9.536743e-07	3.814697e-06	-2.384186e-06
2.611260631953241e-02	9.536743e-07	-3.337860e-06	2.384186e-06
2.612260631953241e-02	-9.536743e-07	3.814697e-06	-2.384186e-06
2.613260631953241e-02	9.536743e-07	-3.337860e-06	2.384186e-06
2.614260631953241e-02	-9.536743e-07	3.814697e-06	-2.384186e-06
2.615260631953241e-02	9.536743e-07	-3.337860e-06	2.384186e-06
2.616260631953241e-02	-9.536743e-07	3.814697e-06	-2.384186e-06
2.617260631953241e-02	9.536743e-07	-3.337860e-06	2.384186e-06
2.618260631953241e-02	-9.536743e-07	3.814697e-06	-2.384186e-06
2.619260631953241e-02	9.536743e-07	-3.337860e-06	2.384186e-06
2.620260631953241e-02	-9.536743e-07	3.814697e-06	-2.384186e-06
2.621260631953241e-02	9.536743e-07	-3.337860e-06	2.384186e-06
2.622260631953241e-02	-9.536743e-07	3.814697e-06	-2.384186e-06
2.623260631953241e-02	9.536743e-07	-3.337860e-06	2.384186e-06
2.624260631953241e-02	-9.536743e-07	3.814697e-06	-2.384186e-06
2.625260631953241e-02	9.536743e-07	-3.337860e-06	2.384186e-06
2.626260631953241e-02	-9.536743e-07	3.814697e-06	-2.384186e-06
2.627260631953241e-02	9.536743e-07	-3.337860e-06	2.384186e-06
2.628260631953241e-02	-9.536743e-07	3.814697e-06	-2.384186e-06
2.629260631953241e-02	9.536743e-07	-3.337860e-06	2.384186e-06
2.630260631953241e-02	-9.536743e-07	3.814697e-06	-2.384186e-06
2.631260631953241e-02	9.536743e-07	-3.337860e-06	2.384186e-06
2.632260631953241e-02	-9.536743e-07	3.814697e-06	-2.384186e-06
2.633260631953241e-02	9.536743e-07	-3.337860e-06	2.384186e-06
2.634260631953241e-02	-9.536743e-07	3.814697e-06	-2.384186e-06
2.635260631953241e-02	9.536743e-07	-3.337860e-06	2.384186e-06
2.636260631953241e-02	-9.536743e-07	3.814697e-06	-2.384186e-06
2.637260631953241e-02	9.536743e-07	-3.337860e-06	2.384186e-06
2.638260631953241e-02	-9.536743e-07	3.814697e-06	-2.384186e-06
2.639260631953241e-02	9.536743e-07	-3.337860e-06	2.384186e-06
2.640260631953241e-02	-9.536743e-07	3.814697e-06	-2.384186e-06
2.641260631953241e-02	9.536743e-07	-3.337860e-06	2.384186e-06
2.642260631953241e-02	-9.536743e-07	3.814697e-06	-2.384186e-06
2.643260631953241e-02	9.536743e-07	-3.337860e-06	2.384186e-06
2.644260631953241e-02	-9.536743e-07	3.814697e-06	-2.384186e-06
2.645260631953241e-02	9.536743e-07	-3.337860e-06	2.384186e-06
2.646260631953241e-02	-9.536743e-07	3.814697e-06	-2.384186e-06
2.647260631953241e-02	9.536743e-07	-3.337860e-06	2.384186e-06
2.648260631953241e-02	-9.536743e-07	3.814697e-06	-2.384186e-06
2.649260631953241e-02	9.536743e-07	-3.337860e-06	2.384186e-06
2.650260631953241e-02	-9.536743e-07	3.337860e-06	-2.384186e-06
2.651260631953241e-02	9.536743e-07	-3.337860e-06	2.384186e-06
2.652260631953241e-02	-9.536743e-07	3.337860e-06	-2.384186e-06
2.653260631953241e-02	9.536743e-07	-3.337860e-06	2.384186e-06
2.654260631953241e-02	-9.536743e-07	3.337860e-06	-2.384186e-06
2.655260631953241e-02	9.536743e-07	-3.337860e-06	2.384186e-06
2.656260631953241e-02	-9.536743e-07	3.337860e-06	-2.384186e-06
2.657260631953241e-02	9.536743e-07	-3.337860e-06	2.384186e-06
2.658260631953241e-02	-9.536743e-07	3.337860e-06	-2.384186e-06
2.659260631953241e-02	9.536743e-07	-3.337860e-06	2.384186e-06
2.660260631953241e-02	-9.536743e-07	3.337860e-06	-2.384186e-06
2.661260631953241e-02	9.536743e-07	-3.337860e-06	2.384186e-06
2.662260631953241e-02	-9.536743e-07	3.337860e-06	-2.384186e-06
2.663260631953241e-02	9.536743e-07	-3.337860e-06	2.384186e-06
2.664260631953241e-02	-9.536743e-07	3.337860e-06	-2.384186e-06
2.665260631953241e-02	9.536743e-07	-3.337860e-06	2.384186e-06
2.666260631953241e-02	-9.536743e-07	3.337860e-06	-2.384186e-06
2.667260631953241e-02	9.536743e-07	-3.337860e-06	2.384186e-06
2.668260631953241e-02	-9.536743e-07	3.337860e-06	-2.384186e-06
2.669260631953241e-02	9.536743e-07	-3.337860e-06	2.384186e-06
2.670260631953241e-02	-9.536743e-07	3.337860e-06	-2.384186e-06
2.671260631953241e-02	9.536743e-07	-3.337860e-06	2.384186e-06
2.672260631953241e-02	-9.536743e-07	3.337860e-06	-2.384186e-06
2.673260631953241e-02	0.000000e+00	-3.337860e-06	2.384186e-06
2.674260631953241e-02	-9.536743e-07	3.337860e-06	-2.384186e-06
2.675260631953241e-02	0.000000e+00	-3.337860e-06	2.384186e-06
2.676260631953241e-02	-9.536743e-07	3.337860e-06	-2.384186e-06
2.677260631953241e-02	0.000000e+00	-3.337860e-06	2.384186e-06
2.678260631953241e-02	-9.536743e-07	3.337860e-06	-2.384186e-06
2.679260631953241e-02	0.000000e+00	-3.337860e-06	2.384186e-06
2.680260631953241e-02	-9.536743e-07	3.337860e-06	-2.384186e-06
2.681260631953241e-02	0.000000e+00	-3.337860e-06	2.384186e-06
2.682260631953241e-02	-9.536743e-07	3.337860e-06	-2.384186e-06
2.683260631953241e-02	0.000000e+00	-3.337860e-06	2.384186e-06
2.684260631953241e-02	-9.536743e-07	3.337860e-06	-2.384186e-06
2.685260631953241e-02	0.000000e+00	-3.337860e-06	2.384186e-06
2.686260631953241e-02	-9.536743e-07	3.337860e-06	-2.384186e-06
2.687260631953241e-02	0.000000e+00	-3.337860e-06	2.384186e-06
2.688260631953241e-02	-9.536743e-07	3.337860e-06	-2.384186e-06
2.689260631953241e-02	0.000000e+00	-3.337860e-06	2.384186e-06
2.690260631953241e-02	-9.536743e-07	3.337860e-06	-2.384186e-06
2.691260631953241e-02	0.000000e+00	-3.337860e-06	2.384186e-06
2.692260631953241e-02	-9.536743e-07	3.337860e-06	-2.384186e-06
2.693260631953241e-02	0.000000e+00	-3.337860e-06	2.384186e-06
2.694260631953241e-02	-9.536743e-07	3.337860e-06	-2.384186e-06
2.695260631953241e-02	0.000000e+00	-3.337860e-06	2.384186e-06
2.696260631953241e-02	-9.536743e-07	3.337860e-06	-2.384186e-06
2.697260631953241e-02	0.000000e+00	-3.337860e-06	2.384186e-06
2.698260631953241e-02	-9.536743e-07	3.337860e-06	-2.384186e-06
2.699260631953241e-02	0.000000e+00	-3.337860e-06	2.384186e-06
2.700260631953241e-02	-9.536743e-07	3.337860e-06	-2.384186e-06
2.701260631953241e-02	0.000000e+00	-3.337860e-06	2.384186e-06
2.702260631953241e-02	-9.536743e-07	3.337860e-06	-2.384186e-06
2.703260631953241e-02	0.000000e+00	-3.337860e-06	2.384186e-06
2.704260631953241e-02	-9.536743e-07	3.337860e-06	-2.384186e-06
2.705260631953241e-02	0.000000e+00	-3.337860e-06	2.384186e-06
2.706260631953241e-02	-9.536743e-07	3.337860e-06	-2.384186e-06
2.707260631953241e-02	0.000000e+00	-3.337860e-06	2.384186e-06
2.708260631953241e-02	-9.536743e-07	3.337860e-06	-2.384186e-06
2.709260631953241e-02	0.000000e+00	-3.337860e-06	2.384186e-06
2.710260631953241e-02	-9.536743e-07	3.337860e-06	-2.384186e-06
2.711260631953241e-02	0.000000e+00	-3.337860e-06	2.384186e-06
2.712260631953241e-02	-9.536743e-07	3.337860e-06	-2.384186e-06
2.713260631953241e-02	0.000000e+00	-3.337860e-06	2.384186e-06
2.714260631953241e-02	-9.536743e-07	3.337860e-06	-2.384186e-06
2.715260631953241e-02	0.000000e+00	-3.337860e-06	2.384186e-06
2.716260631953241e-02	-9.536743e-07	3.337860e-06	-2.384186e-06
2.717260631953241e-02	0.000000e+00	-3.337860e-06	2.384186e-06
2.718260631953241e-02	-9.536743e-07	3.337860e-06	-2.384186e-06
2.719260631953241e-02	0.000000e+00	-3.337860e-06	2.384186e-06
2.720260631953241e-02	-9.536743e-07	3.337860e-06	-2.384186e-06
2.721260631953241e-02	0.000000e+00	-3.337860e-06	2.384186e-06
2.722260631953241e-02	-9.536743e-07	3.337860e-06	-2.384186e-06
2.723260631953241e-02	0.000000e+00	-3.337860e-06	2.384186e-06
2.724260631953241e-02	-9.536743e-07	3.337860e-06	-2.384186e-06
2.725260631953241e-02	0.000000e+00	-3.337860e-06	2.384186e-06
2.726260631953241e-02	-9.536743e-07	3.337860e-06	-2.384186e-06
2.727260631953241e-02	0.000000e+00	-3.337860e-06	2.384186e-06
2.728260631953241e-02	-9.536743e-07	3.337860e-06	-2.384186e-06
2.729260631953241e-02	0.000000e+00	-3.337860e-06	2.384186e-06
2.730260631953241e-02	-9.536743e-07	3.337860e-06	-2.384186e-06
2.731260631953241e-02	0.000000e+00	-3.337860e-06	2.384186e-06
2.732260631953241e-02	-9.536743e-07	3.337860e-06	-2.384186e-06
2.733260631953241e-02	0.000000e+00	-3.337860e-06	2.384186e-06
2.734260631953241e-02	-9.536743e-07	3.337860e-06	-2.384186e-06
2.735260631953241e-02	0.000000e+00	-3.337860e-06	2.384186e-06
2.736260631953241e-02	-9.536743e-07	3.337860e-06	-2.384186e-06
2.737260631953241e-02	0.000000e+00	-3.337860e-06	2.384186e-06
2.738260631953241e-02	-9.536743e-07	3.337860e-06	-2.384186e-06
2.739260631953241e-02	0.000000e+00	-3.337860e-06	2.384186e-06
2.740260631953241e-02	-9.536743e-07	3.337860e-06	-2.384186e-06
2.741260631953241e-02	0.000000e+00	-3.337860e-06	2.384186e-06
2.742260631953241e-02	-9.536743e-07	3.337860e-06	-2.384186e-06
2.743260631953241e-02	0.000000e+00	-3.337860e-06	2.384186e-06
2.744260631953241e-02	-9.536743e-07	3.337860e-06	-2.384186e-06
2.745260631953241e-02	0.000000e+00	-3.337860e-06	2.384186e-06
2.746260631953241e-02	-9.536743e-07	3.337860e-06	-2.384186e-06
2.747260631953241e-02	0.000000e+00	-3.337860e-06	2.384186e-06
2.748260631953241e-02	-9.536743e-07	3.337860e-06	-2.384186e-06
2.749260631953241e-02	9.536743e-07	-3.337860e-06	2.384186e-06
2.750260631953241e-02	-9.536743e-07	3.337860e-06	-2.384186e-06
2.751260631953241e-02	9.536743e-07	-3.337860e-06	2.384186e-06
2.752260631953241e-02	-9.536743e-07	3.337860e-06	-2.384186e-06
2.753260631953241e-02	9.536743e-07	-3.337860e-06	2.384186e-06
2.754260631953241e-02	-9.536743e-07	3.337860e-06	-2.384186e-06
2.755260631953241e-02	9.536743e-07	-3.337860e-06	2.384186e-06
2.756260631953241e-02	-9.536743e-07	3.337860e-06	-2.384186e-06
2.757260631953241e-02	9.536743e-07	-3.337860e-06	2.384186e-06
2.758260631953241e-02	-9.536743e-07	3.337860e-06	-2.384186e-06
2.759260631953241e-02	9.536743e-07	-3.337860e-06	2.384186e-06
2.760260631953241e-02	-9.536743e-07	3.337860e-06	-2.384186e-06
2.761260631953241e-02	9.536743e-07	-3.337860e-06	2.384186e-06
2.762260631953241e-02	-9.536743e-07	3.337860e-06	-2.384186e-06
2.763260631953241e-02	9.536743e-07	-3.337860e-06	2.384186e-06
2.764260631953241e-02	-9.536743e-07	3.337860e-06	-2.384186e-06
2.765260631953241e-02	9.536743e-07	-3.337860e-06	2.384186e-06
2.766260631953241e-02	-9.536743e-07	3.337860e-06	-2.384186e-06
2.767260631953241e-02	9.536743e-07	-3.337860e-06	2.384186e-06
2.768260631953241e-02	-9.536743e-07	3.337860e-06	-2.384186e-06
2.769260631953241e-02	9.536743e-07	-3.337860e-06	2.384186e-06
2.770260631953241e-02	-9.536743e-07	3.337860e-06	-2.384186e-06
2.771260631953241e-02	9.536743e-07	-3.337860e-06	2.384186e-06
2.772260631953241e-02	-9.536743e-07	3.337860e-06	-2.384186e-06
2.773260631953241e-02	9.536743e-07	-3.337860e-06	2.384186e-06
2.774260631953241e-02	-9.536743e-07	3.337860e-06	-2.384186e-06
2.775260631953241e-02	9.536743e-07	-3.337860e-06	2.384186e-06
2.776260631953241e-02	-9.536743e-07	3.337860e-06	-2.384186e-06
2.777260631953241e-02	9.536743e-07	-3.337860e-06	2.384186e-06
2.778260631953241e-02	-9.536743e-07	3.337860e-06	-2.384186e-06
2.779260631953241e-02	9.536743e-07	-3.337860e-06	2.384186e-06
2.780260631953241e-02	-9.536743e-07	3.337860e-06	-2.384186e-06
2.781260631953241e-02	9.536743e-07	-3.337860e-06	2.384186e-06
2.782260631953241e-02	-9.536743e-07	3.337860e-06	-2.384186e-06
2.783260631953241e-02	9.536743e-07	-3.337860e-06	2.384186e-06
2.784260631953241e-02	-9.536743e-07	3.337860e-06	-2.384186e-06
2.785260631953241e-02	9.536743e-07	-3.337860e-06	2.384186e-06
2.786260631953241e-02	-9.536743e-07	3.337860e-06	-2.384186e-06
2.787260631953241e-02	9.536743e-07	-3.337860e-06	2.384186e-06
2.788260631953241e-02	-9.536743e-07	3.337860e-06	-2.384186e-06
2.789260631953241e-02	9.536743e-07	-3.337860e-06	2.384186e-06
2.790260631953241e-02	-9.536743e-07	3.337860e-06	-2.384186e-06
2.791260631953241e-02	9.536743e-07	-3.337860e-06	2.384186e-06
2.792260631953241e-02	-9.536743e-07	3.337860e-06	-2.384186e-06
2.793260631953241e-02	9.536743e-07	-3.337860e-06	2.384186e-06
2.794260631953241e-02	-9.536743e-07	3.337860e-06	-2.384186e-06
2.795260631953241e-02	9.536743e-07	-3.337860e-06	2.384186e-06
2.796260631953241e-02	-9.536743e-07	3.337860e-06	-2.384186e-06
2.797260631953241e-02	9.536743e-07	-3.337860e-06	2.384186e-06
2.798260631953241e-02	-9.536743e-07	3.337860e-06	-2.384186e-06
2.799260631953241e-02	9.536743e-07	-3.337860e-06	2.384186e-06
2.800260631953241e-02	-9.536743e-07	3.337860e-06	-2.384186e-06
2.801260631953241e-02	9.536743e-07	-3.337860e-06	2.384186e-06
2.802260631953241e-02	-9.536743e-07	3.337860e-06	-2.384186e-06
2.803260631953241e-02	9.536743e-07	-3.337860e-06	2.384186e-06
2.804260631953241e-02	-9.536743e-07	3.337860e-06	-2.384186e-06
2.805260631953241e-02	9.536743e-07	-3.337860e-06	2.384186e-06
2.806260631953241e-02	-9.536743e-07	3.337860e-06	-2.384186e-06
2.807260631953241e-02	9.536743e-07	-3.337860e-06	2.384186e-06
2.808260631953241e-02	-9.536743e-07	3.337860e-06	-2.384186e-06
2.809260631953241e-02	9.536743e-07	-3.337860e-06	2.384186e-06
2.810260631953241e-02	-9.536743e-07	3.337860e-06	-2.384186e-06
2.811260631953241e-02	9.536743e-07	-3.337860e-06	2.384186e-06
2.812260631953241e-02	-9.536743e-07	3.337860e-06	-2.384186e-06
2.813260631953241e-02	9.536743e-07	-3.337860e-06	2.384186e-06
2.814260631953241e-02	-9.536743e-07	3.337860e-06	-2.384186e-06
2.815260631953241e-02	9.536743e-07	-3.337860e-06	2.384186e-06
2.816260631953241e-02	-9.536743e-07	3.337860e-06	-2.384186e-06
2.817260631953241e-02	9.536743e-07	-3.337860e-06	2.384186e-06
2.818260631953241e-02	-9.536743e-07	3.337860e-06	-2.384186e-06
2.819260631953241e-02	9.536743e-07	-3.337860e-06	2.384186e-06
2.820260631953241e-02	-9.536743e-07	3.337860e-06	-2.384186e-06
2.821260631953241e-02	9.536743e-07	-3.337860e-06	2.384186e-06
2.822260631953241e-02	-9.536743e-07	3.337860e-06	-2.384186e-06
2.823260631953241e-02	9.536743e-07	-3.337860e-06	2.384186e-06
2.824260631953241e-02	-9.536743e-07	3.337860e-06	-2.384186e-06
2.825260631953241e-02	9.536743e-07	-3.337860e-06	2.384186e-06
2.826260631953241e-02	-9.536743e-07	3.337860e-06	-2.384186e-06
2.827260631953241e-02	9.536743e-07	-3.337860e-06	2.384186e-06
2.828260631953241e-02	-9.536743e-07	3.337860e-06	-2.384186e-06
2.829260631953241e-02	9.536743e-07	-3.337860e-06	2.384186e-06
2.830260631953241e-02	-9.536743e-07	3.337860e-06	-2.384186e-06
2.831260631953241e-02	9.536743e-07	-3.337860e-06	2.384186e-06
2.832260631953241e-02	-9.536743e-07	3.337860e-06	-2.384186e-06
2.833260631953241e-02	9.536743e-07	-3.337860e-06	2.384186e-06
2.834260631953241e-02	-9.536743e-07	3.337860e-06	-2.384186e-06
2.835260631953241e-02	9.536743e-07	-3.337860e-06	2.384186e-06
2.836260631953241e-02	-9.536743e-07	3.337860e-06	-2.384186e-06
2.837260631953241e-02	9.536743e-07	-3.337860e-06	2.384186e-06
2.838260631953241e-02	-9.536743e-07	3.337860e-06	-2.384186e-06
2.839260631953241e-02	9.536743e-07	-3.337860e-06	2.384186e-06
2.840260631953241e-02	-9.536743e-07	3.337860e-06	-2.384186e-06
2.841260631953241e-02	9.536743e-07	-3.337860e-06	2.384186e-06
2.842260631953241e-02	-9.536743e-07	3.337860e-06	-2.384186e-06
2.843260631953241e-02	9.536743e-07	-3.337860e-06	2.384186e-06
2.844260631953241e-02	-9.536743e-07	3.337860e-06	-2.384186e-06
2.845260631953241e-02	9.536743e-07	-3.337860e-06	2.384186e-06
2.846260631953241e-02	-9.536743e-07	3.337860e-06	-2.384186e-06
2.847260631953241e-02	9.536743e-07	-3.337860e-06	2.384186e-06
2.848260631953241e-02	-9.536743e-07	3.337860e-06	-2.384186e-06
2.849260631953241e-02	9.536743e-07	-3.337860e-06	2.384186e-06
2.850260631953241e-02	-9.536743e-07	3.337860e-06	-2.384186e-06
2.851260631953241e-02	9.536743e-07	-3.337860e-06	2.384186e-06
2.852260631953241e-02	-9.536743e-07	3.337860e-06	-2.384186e-06
2.853260631953241e-02	9.536743e-07	-3.337860e-06	2.384186e-06
2.854260631953241e-02	-9.536743e-07	3.337860e-06	-2.384186e-06
2.855260631953241e-02	9.536743e-07	-3.337860e-06	2.384186e-06
2.856260631953241e-02	-9.536743e-07	3.337860e-06	-2.384186e-06
2.857260631953241e-02	9.536743e-07	-3.337860e-06	2.384186e-06
2.858260631953241e-02	-9.536743e-07	3.337860e-06	-2.384186e-06
2.859260631953241e-02	9.536743e-07	-3.337860e-06	2.384186e-06
2.860260631953241e-02	-9.536743e-07	3.337860e-06	-2.384186e-06
2.861260631953241e-02	9.536743e-07	-3.337860e-06	2.384186e-06
2.862260631953241e-02	-9.536743e-07	3.337860e-06	-2.384186e-06
2.863260631953241e-02	9.536743e-07	-3.337860e-06	2.384186e-06
2.864260631953241e-02	-9.536743e-07	3.337860e-06	-2.384186e-06
2.865260631953241e-02	9.536743e-07	-3.337860e-06	2.384186e-06
2.866260631953241e-02	-9.536743e-07	3.337860e-06	-2.384186e-06
2.867260631953241e-02	9.536743e-07	-3.337860e-06	2.384186e-06
2.868260631953241e-02	-9.536743e-07	3.337860e-06	-2.384186e-06
2.869260631953241e-02	9.536743e-07	-3.337860e-06	2.384186e-06
2.870260631953241e-02	-9.536743e-07	3.337860e-06	-2.384186e-06
2.871260631953241e-02	9.536743e-07	-3.337860e-06	2.384186e-06
2.872260631953241e-02	-9.536743e-07	3.337860e-06	-2.384186e-06
2.873260631953241e-02	9.536743e-07	-3.337860e-06	2.384186e-06
2.874260631953241e-02	-9.536743e-07	3.337860e-06	-2.384186e-06
2.875260631953241e-02	9.536743e-07	-3.337860e-06	2.384186e-06
2.876260631953241e-02	-9.536743e-07	3.337860e-06	-2.384186e-06
2.877260631953241e-02	9.536743e-07	-3.337860e-06	2.384186e-06
2.878260631953241e-02	-9.536743e-07	3.337860e-06	-2.384186e-06
2.879260631953241e-02	9.536743e-07	-3.337860e-06	2.384186e-06
2.880260631953241e-02	-9.536743e-07	3.337860e-06	-2.384186e-06
2.881260631953241e-02	9.536743e-07	-3.337860e-06	2.384186e-06
2.882260631953241e-02	-9.536743e-07	3.337860e-06	-2.384186e-06
2.883260631953241e-02	9.536743e-07	-3.337860e-06	2.384186e-06
2.884260631953241e-02	-9.536743e-07	3.337860e-06	-2.384186e-06
2.885260631953241e-02	9.536743e-07	-3.337860e-06	2.384186e-06
2.886260631953241e-02	-9.536743e-07	3.337860e-06	-2.384186e-06
2.887260631953241e-02	9.536743e-07	-3.337860e-06	2.384186e-06
2.888260631953241e-02	-9.536743e-07	3.337860e-06	-2.384186e-06
2.889260631953241e-02	9.536743e-07	-3.337860e-06	2.384186e-06
2.890260631953241e-02	-9.536743e-07	3.337860e-06	-2.384186e-06
2.891260631953241e-02	9.536743e-07	-3.337860e-06	2.384186e-06
2.892260631953241e-02	-9.536743e-07	3.337860e-06	-2.384186e-06
2.893260631953241e-02	9.536743e-07	-3.337860e-06	2.384186e-06
2.894260631953241e-02	-9.536743e-07	3.337860e-06	-2.384186e-06
2.895260631953241e-02	9.536743e-07	-3.337860e-06	2.384186e-06
2.896260631953241e-02	-9.536743e-07	3.337860e-06	-2.384186e-06
2.897260631953241e-02	9.536743e-07	-3.337860e-06	2.384186e-06
2.898260631953241e-02	-9.536743e-07	3.337860e-06	-2.384186e-06
2.899260631953241e-02	9.536743e-07	-3.337860e-06	2.384186e-06
2.900260631953241e-02	-9.536743e-07	3.337860e-06	-2.384186e-06
2.901260631953241e-02	9.536743e-07	-3.337860e-06	2.384186e-06
2.902260631953241e-02	-9.536743e-07	3.337860e-06	-2.384186e-06
2.903260631953241e-02	9.536743e-07	-3.337860e-06	2.384186e-06
2.904260631953241e-02	-9.536743e-07	3.337860e-06	-2.384186e-06
2.905260631953241e-02	9.536743e-07	-3.337860e-06	2.384186e-06
2.906260631953241e-02	-9.536743e-07	3.337860e-06	-2.384186e-06
2.907260631953241e-02	9.536743e-07	-3.337860e-06	2.384186e-06
2.908260631953241e-02	-9.536743e-07	3.337860e-06	-2.384186e-06
2.909260631953241e-02	9.536743e-07	-3.337860e-06	2.384186e-06
2.910260631953241e-02	-9.536743e-07	3.337860e-06	-2.384186e-06
2.911260631953241e-02	9.536743e-07	-3.337860e-06	2.384186e-06
2.912260631953241e-02	-9.536743e-07	3.337860e-06	-2.384186e-06
2.913260631953241e-02	9.536743e-07	-3.337860e-06	2.384186e-06
2.914260631953241e-02	-9.536743e-07	3.337860e-06	-2.384186e-06
2.915260631953241e-02	9.536743e-07	-2.861023e-06	2.384186e-06
2.916260631953241e-02	-9.536743e-07	3.337860e-06	-2.384186e-06
2.917260631953241e-02	9.536743e-07	-2.861023e-06	2.384186e-06
2.918260631953241e-02	-9.536743e-07	3.337860e-06	-2.384186e-06
2.919260631953241e-02	9.536743e-07	-2.861023e-06	2.384186e-06
2.920260631953241e-02	-9.536743e-07	3.337860e-06	-2.384186e-06
2.921260631953241e-02	9.536743e-07	-2.861023e-06	2.384186e-06
2.922260631953241e-02	-9.536743e-07	3.337860e-06	-2.384186e-06
2.923260631953241e-02	9.536743e-07	-2.861023e-06	2.384186e-06
2.924260631953241e-02	-9.536743e-07	3.337860e-06	-2.384186e-06
2.925260631953241e-02	9.536743e-07	-2.861023e-06	2.384186e-06
2.926260631953241e-02	-9.536743e-07	3.337860e-06	-2.384186e-06
2.927260631953241e-02	9.536743e-07	-2.861023e-06	2.384186e-06
2.928260631953241e-02	-9.536743e-07	3.337860e-06	-2.384186e-06
2.929260631953241e-02	9.536743e-07	-2.861023e-06	2.384186e-06
2.930260631953241e-02	-9.536743e-07	3.337860e-06	-2.384186e-06
2.931260631953241e-02	9.536743e-07	-2.861023e-06	2.384186e-06
2.932260631953241e-02	-9.536743e-07	3.337860e-06	-2.384186e-06
2.933260631953241e-02	9.536743e-07	-2.861023e-06	2.384186e-06
2.934260631953241e-02	-9.536743e-07	3.337860e-06	-2.384186e-06
2.935260631953241e-02	9.536743e-07	-2.861023e-06	2.384186e-06
2.936260631953241e-02	-9.536743e-07	3.337860e-06	-2.384186e-06
2.937260631953241e-02	9.536743e-07	-2.861023e-06	2.384186e-06
2.938260631953241e-02	-9.536743e-07	3.337860e-06	-2.384186e-06
2.939260631953241e-02	9.536743e-07	-2.861023e-06	2.384186e-06
2.940260631953241e-02	-9.536743e-07	3.337860e-06	-2.384186e-06
2.941260631953241e-02	9.536743e-07	-2.861023e-06	2.384186e-06
2.942260631953241e-02	-9.536743e-07	3.337860e-06	-2.384186e-06
2.943260631953241e-02	9.536743e-07	-2.861023e-06	2.384186e-06
2.944260631953241e-02	-9.536743e-07	3.337860e-06	-2.384186e-06
2.945260631953241e-02	9.536743e-07	-2.861023e-06	2.384186e-06
2.946260631953241e-02	-9.536743e-07	3.337860e-06	-2.384186e-06
2.947260631953241e-02	9.536743e-07	-2.861023e-06	2.384186e-06
2.948260631953241e-02	-9.536743e-07	3.337860e-06	-2.384186e-06
2.949260631953241e-02	9.536743e-07	-2.861023e-06	2.384186e-06
2.950260631953241e-02	-9.536743e-07	3.337860e-06	-2.384186e-06
2.951260631953241e-02	9.536743e-07	-2.861023e-06	2.384186e-06
2.952260631953241e-02	-9.536743e-07	3.337860e-06	-2.384186e-06
2.953260631953241e-02	9.536743e-07	-2.861023e-06	2.384186e-06
2.954260631953241e-02	-9.536743e-07	3.337860e-06	-2.384186e-06
2.955260631953241e-02	9.536743e-07	-2.861023e-06	2.384186e-06
2.956260631953241e-02	-9.536743e-07	3.337860e-06	-2.384186e-06
2.957260631953241e-02	9.536743e-07	-2.861023e-06	2.384186e-06
2.958260631953241e-02	-9.536743e-07	3.337860e-06	-2.384186e-06
2.959260631953241e-02	9.536743e-07	-2.861023e-06	2.384186e-06
2.960260631953241e-02	-9.536743e-07	3.337860e-06	-2.384186e-06
2.961260631953241e-02	9.536743e-07	-2.861023e-06	2.384186e-06
2.962260631953241e-02	-9.536743e-07	3.337860e-06	-2.384186e-06
2.963260631953241e-02	9.536743e-07	-2.861023e-06	2.384186e-06
2.964260631953241e-02	-9.536743e-07	3.337860e-06	-2.384186e-06
2.965260631953241e-02	9.536743e-07	-2.861023e-06	2.384186e-06
2.966260631953241e-02	-9.536743e-07	3.337860e-06	-2.384186e-06
2.967260631953241e-02	9.536743e-07	-2.861023e-06	2.384186e-06
2.968260631953241e-02	-9.536743e-07	3.337860e-06	-2.384186e-06
2.969260631953241e-02	9.536743e-07	-2.861023e-06	2.384186e-06
2.970260631953241e-02	-9.536743e-07	3.337860e-06	-2.384186e-06
2.971260631953241e-02	9.536743e-07	-2.861023e-06	2.384186e-06
2.972260631953241e-02	-9.536743e-07	3.337860e-06	-2.384186e-06
2.973260631953241e-02	9.536743e-07	-2.861023e-06	2.384186e-06
2.974260631953241e-02	-9.536743e-07	3.337860e-06	-2.384186e-06
2.975260631953241e-02	9.536743e-07	-2.861023e-06	2.384186e-06
2.976260631953241e-02	-9.536743e-07	3.337860e-06	-2.384186e-06
2.977260631953241e-02	9.536743e-07	-2.861023e-06	2.384186e-06
2.978260631953241e-02	-9.536743e-07	3.337860e-06	-2.384186e-06
2.979260631953241e-02	9.536743e-07	-2.861023e-06	2.384186e-06
2.980260631953241e-02	-9.536743e-07	3.337860e-06	-2.384186e-06
2.981260631953241e-02	9.536743e-07	-2.861023e-06	2.384186e-06
2.982260631953241e-02	-9.536743e-07	3.337860e-06	-2.384186e-06
2.983260631953241e-02	9.536743e-07	-2.861023e-06	2.384186e-06
2.984260631953241e-02	-9.536743e-07	3.337860e-06	-2.384186e-06
2.985260631953241e-02	9.536743e-07	-2.861023e-06	2.384186e-06
2.986260631953241e-02	-9.536743e-07	3.337860e-06	-2.384186e-06
2.987260631953241e-02	9.536743e-07	-2.861023e-06	2.384186e-06
2.988260631953241e-02	-9.536743e-07	3.337860e-06	-2.384186e-06
2.989260631953241e-02	9.536743e-07	-2.861023e-06	2.384186e-06
2.990260631953241e-02	-9.536743e-07	3.337860e-06	-2.384186e-06
2.991260631953241e-02	9.536743e-07	-2.861023e-06	2.384186e-06
2.992260631953241e-02	-9.536743e-07	3.337860e-06	-2.384186e-06
2.993260631953241e-02	9.536743e-07	-2.861023e-06	2.384186e-06
2.994260631953241e-02	-9.536743e-07	3.337860e-06	-2.384186e-06
2.995260631953241e-02	9.536743e-07	-2.861023e-06	2.384186e-06
2.996260631953241e-02	-9.536743e-07	3.337860e-06	-2.384186e-06
2.997260631953241e-02	9.536743e-07	-2.861023e-06	2.384186e-06
2.998260631953241e-02	-9.536743e-07	3.337860e-06	-2.384186e-06
2.999260631953241e-02	9.536743e-07	-2.861023e-06	2.384186e-06
3.000000000000000e-02	-9.536743e-07	3.337860e-06	-2.384186e-06
3.000010000000000e-02	8.821487e-04	9.260178e-04	4.913807e-04
3.000020000000000e-02	-9.329796e-03	-7.545471e-03	-1.385450e-03
3.000020383965100e-02	-1.024342e-02	-8.323193e-03	-1.579046e-03
3.000021151895299e-02	-1.218987e-02	-9.977341e-03	-1.996040e-03
3.000022687755697e-02	-1.677990e-02	-1.388025e-02	-2.981424e-03
3.000025759476494e-02	-2.865696e-02	-2.395248e-02	-5.470276e-03
3.000030532882402e-02	-5.386353e-02	-4.506397e-02	-1.031375e-02
3.000040079694219e-02	-1.253824e-01	-1.014671e-01	-2.114630e-02
3.000042000671127e-02	-1.432409e-01	-1.146116e-01	-2.337170e-02
3.000045842624943e-02	-1.802673e-01	-1.409850e-01	-2.782226e-02
3.000053526532575e-02	-2.584629e-01	-1.938639e-01	-3.671598e-02
3.000068894347839e-02	-4.178600e-01	-2.991567e-01	-5.444288e-02
3.000090059412232e-02	-6.357098e-01	-4.424467e-01	-7.868981e-02
3.000132389541018e-02	-1.061168e+00	-7.214947e-01	-1.265669e-01
3.000194227196450e-02	-1.649946e+00	-1.109397e+00	-1.956642e-01
3.000278535120198e-02	-2.381789e+00	-1.597578e+00	-2.885251e-01
3.000294356261094e-02	-2.507903e+00	-1.682909e+00	-3.056481e-01
3.000325998542885e-02	-2.754280e+00	-1.850650e+00	-3.398554e-01
3.000389283106467e-02	-3.205262e+00	-2.167744e+00	-4.074047e-01
3.000405104247363e-02	-3.301139e+00	-2.242455e+00	-4.239964e-01
3.000436746529154e-02	-3.441411e+00	-2.388831e+00	-4.568458e-01
3.000500031092736e-02	-3.496715e+00	-2.661437e+00	-5.200021e-01
3.000569103716200e-02	-3.476589e+00	-2.928848e+00	-5.860622e-01
3.000652484190388e-02	-3.483980e+00	-3.205638e+00	-6.627057e-01
3.000790201248849e-02	-3.473609e+00	-3.417051e+00	-7.806580e-01
3.000987363437175e-02	-3.470711e+00	-3.416507e+00	-9.323843e-01
3.001211494684503e-02	-3.458701e+00	-3.404709e+00	-1.083450e+00
3.001437406886615e-02	-3.451911e+00	-3.396047e+00	-1.215170e+00
3.001889231290838e-02	-3.428358e+00	-3.368399e+00	-1.427137e+00
3.002792880099285e-02	-3.379722e+00	-3.295854e+00	-1.703139e+00
3.003792880099285e-02	-3.293189e+00	-3.158244e+00	-1.858004e+00
3.003917880099285e-02	-3.283170e+00	-3.133530e+00	-1.869356e+00
3.004167880099285e-02	-3.259979e+00	-3.079526e+00	-1.889960e+00
3.004667880099285e-02	-3.200616e+00	-2.966860e+00	-1.917814e+00
3.004792880099285e-02	-3.184790e+00	-2.940344e+00	-1.918506e+00
3.005042880099285e-02	-3.151729e+00	-2.887403e+00	-1.916655e+00
3.005542880099285e-02	-3.058790e+00	-2.768384e+00	-1.897360e+00
3.006542880099285e-02	-2.947930e+00	-2.660094e+00	-1.851843e+00
3.007542880099285e-02	-2.939769e+00	-2.672696e+00	-1.829518e+00
3.008542880099285e-02	-2.917376e+00	-2.655625e+00	-1.819260e+00
3.009542880099285e-02	-2.914607e+00	-2.657405e+00	-1.815611e+00
3.010542880099285e-02	-2.912117e+00	-2.656804e+00	-1.815331e+00
3.011542880099285e-02	-2.888526e+00	-2.644015e+00	-1.818714e+00
3.012542880099285e-02	-2.821328e+00	-2.608073e+00	-1.825881e+00
3.013542880099285e-02	-2.736804e+00	-2.562818e+00	-1.833194e+00
3.014542880099285e-02	-2.662009e+00	-2.524133e+00	-1.839824e+00
3.015542880099285e-02	-2.597603e+00	-2.490579e+00	-1.845099e+00
3.016542880099285e-02	-2.547718e+00	-2.465655e+00	-1.849386e+00
3.017542880099285e-02	-2.507462e+00	-2.445098e+00	-1.852556e+00
3.018542880099285e-02	-2.477977e+00	-2.430858e+00	-1.855098e+00
3.019542880099285e-02	-2.454432e+00	-2.418994e+00	-1.856934e+00
3.020542880099285e-02	-2.437793e+00	-2.411216e+00	-1.858432e+00
3.021542880099285e-02	-2.424445e+00	-2.404565e+00	-1.859514e+00
3.022542880099285e-02	-2.415291e+00	-2.400442e+00	-1.860427e+00
3.023542880099285e-02	-2.407867e+00	-2.396792e+00	-1.861099e+00
3.024542880099285e-02	-2.402934e+00	-2.394680e+00	-1.861686e+00
3.025542880099285e-02	-2.398861e+00	-2.392716e+00	-1.862126e+00
3.026542880099285e-02	-2.396256e+00	-2.391682e+00	-1.862522e+00
3.027542880099285e-02	-2.394093e+00	-2.390692e+00	-1.862838e+00
3.028542880099285e-02	-2.392779e+00	-2.390250e+00	-1.863134e+00
3.029542880099285e-02	-2.391661e+00	-2.389782e+00	-1.863377e+00
3.030542880099285e-02	-2.391047e+00	-2.389651e+00	-1.863609e+00
3.031542880099285e-02	-2.390513e+00	-2.389477e+00	-1.863808e+00
3.032542880099285e-02	-2.390267e+00	-2.389498e+00	-1.863998e+00
3.033542880099285e-02	-2.390034e+00	-2.389464e+00	-1.864162e+00
3.034542880099285e-02	-2.389949e+00	-2.389527e+00	-1.864311e+00
3.035542880099285e-02	-2.389848e+00	-2.389536e+00	-1.864435e+00
3.036542880099285e-02	-2.389833e+00	-2.389603e+00	-1.864544e+00
3.037542880099285e-02	-2.389800e+00	-2.389631e+00	-1.864634e+00
3.038542880099285e-02	-2.389816e+00	-2.389692e+00	-1.864713e+00
3.039542880099285e-02	-2.389815e+00	-2.389724e+00	-1.864779e+00
3.040542880099285e-02	-2.389841e+00	-2.389775e+00	-1.864836e+00
3.041542880099285e-02	-2.389852e+00	-2.389805e+00	-1.864883e+00
3.042542880099285e-02	-2.389878e+00	-2.389844e+00	-1.864923e+00
3.043542880099285e-02	-2.389892e+00	-2.389869e+00	-1.864957e+00
3.044542880099285e-02	-2.389913e+00	-2.389898e+00	-1.864986e+00
3.045542880099285e-02	-2.389927e+00	-2.389917e+00	-1.865009e+00
3.046542880099285e-02	-2.389944e+00	-2.389938e+00	-1.865030e+00
3.047542880099285e-02	-2.389955e+00	-2.389953e+00	-1.865046e+00
3.048542880099285e-02	-2.389968e+00	-2.389968e+00	-1.865060e+00
3.049542880099285e-02	-2.389977e+00	-2.389979e+00	-1.865072e+00
3.050542880099285e-02	-2.389986e+00	-2.389989e+00	-1.865082e+00
3.051542880099285e-02	-2.389993e+00	-2.389997e+00	-1.865089e+00
3.052542880099285e-02	-2.390000e+00	-2.390005e+00	-1.865096e+00
3.053542880099285e-02	-2.390005e+00	-2.390010e+00	-1.865102e+00
3.054542880099285e-02	-2.390010e+00	-2.390015e+00	-1.865106e+00
3.055542880099285e-02	-2.390014e+00	-2.390019e+00	-1.865110e+00
3.056542880099285e-02	-2.390017e+00	-2.390023e+00	-1.865114e+00
3.057542880099285e-02	-2.390020e+00	-2.390026e+00	-1.865116e+00
3.058542880099285e-02	-2.390022e+00	-2.390028e+00	-1.865119e+00
3.059542880099285e-02	-2.390024e+00	-2.390031e+00	-1.865120e+00
3.060542880099285e-02	-2.390026e+00	-2.390032e+00	-1.865122e+00
3.061542880099285e-02	-2.390028e+00	-2.390034e+00	-1.865123e+00
3.062542880099285e-02	-2.390029e+00	-2.390035e+00	-1.865124e+00
3.063542880099285e-02	-2.390030e+00	-2.390036e+00	-1.865125e+00
3.064542880099285e-02	-2.390031e+00	-2.390037e+00	-1.865126e+00
3.065542880099285e-02	-2.390032e+00	-2.390038e+00	-1.865127e+00
3.066542880099285e-02	-2.390032e+00	-2.390039e+00	-1.865128e+00
3.067542880099285e-02	-2.390033e+00	-2.390039e+00	-1.865128e+00
3.068542880099285e-02	-2.390033e+00	-2.390040e+00	-1.865128e+00
3.069542880099285e-02	-2.390034e+00	-2.390040e+00	-1.865128e+00
3.070542880099285e-02	-2.390034e+00	-2.390040e+00	-1.865129e+00
3.071542880099285e-02	-2.390034e+00	-2.390041e+00	-1.865129e+00
3.072542880099285e-02	-2.390034e+00	-2.390041e+00	-1.865129e+00
3.073542880099285e-02	-2.390035e+00	-2.390041e+00	-1.865129e+00
3.074542880099285e-02	-2.390035e+00	-2.390041e+00	-1.865130e+00
3.075542880099285e-02	-2.390035e+00	-2.390042e+00	-1.865130e+00
3.076542880099285e-02	-2.390035e+00	-2.390042e+00	-1.865130e+00
3.077542880099285e-02	-2.390036e+00	-2.390042e+00	-1.865130e+00
3.078542880099285e-02	-2.390035e+00	-2.390042e+00	-1.865130e+00
3.079542880099285e-02	-2.390036e+00	-2.390042e+00	-1.865130e+00
3.080542880099285e-02	-2.390036e+00	-2.390042e+00	-1.865131e+00
3.081542880099285e-02	-2.390036e+00	-2.390042e+00	-1.865130e+00
3.082542880099285e-02	-2.390036e+00	-2.390042e+00	-1.865131e+00
3.083542880099285e-02	-2.390036e+00	-2.390042e+00	-1.865130e+00
3.084542880099285e-02	-2.390036e+00	-2.390042e+00	-1.865131e+00
3.085542880099285e-02	-2.390036e+00	-2.390043e+00	-1.865131e+00
3.086542880099285e-02	-2.390036e+00	-2.390043e+00	-1.865131e+00
3.087542880099285e-02	-2.390036e+00	-2.390043e+00	-1.865131e+00
3.088542880099285e-02	-2.390036e+00	-2.390043e+00	-1.865131e+00
3.089542880099285e-02	-2.390037e+00	-2.390043e+00	-1.865131e+00
3.090542880099285e-02	-2.390036e+00	-2.390043e+00	-1.865131e+00
3.091542880099285e-02	-2.390037e+00	-2.390043e+00	-1.865131e+00
3.092542880099285e-02	-2.390036e+00	-2.390043e+00	-1.865131e+00
3.093542880099285e-02	-2.390037e+00	-2.390043e+00	-1.865131e+00
3.094542880099285e-02	-2.390037e+00	-2.390043e+00	-1.865131e+00
3.095542880099285e-02	-2.390037e+00	-2.390043e+00	-1.865131e+00
3.096542880099285e-02	-2.390037e+00	-2.390043e+00	-1.865131e+00
3.097542880099285e-02	-2.390037e+00	-2.390043e+00	-1.865131e+00
3.098542880099285e-02	-2.390037e+00	-2.390043e+00	-1.865131e+00
3.099542880099285e-02	-2.390037e+00	-2.390043e+00	-1.865131e+00
3.100542880099285e-02	-2.390037e+00	-2.390043e+00	-1.865131e+00
3.101542880099285e-02	-2.390037e+00	-2.390043e+00	-1.865131e+00
3.102542880099285e-02	-2.390037e+00	-2.390043e+00	-1.865131e+00
3.103542880099285e-02	-2.390037e+00	-2.390044e+00	-1.865131e+00
3.104542880099285e-02	-2.390037e+00	-2.390043e+00	-1.865131e+00
3.105542880099285e-02	-2.390037e+00	-2.390044e+00	-1.865131e+00
3.106542880099285e-02	-2.390037e+00	-2.390044e+00	-1.865131e+00
3.107542880099285e-02	-2.390037e+00	-2.390044e+00	-1.865131e+00
3.108542880099285e-02	-2.390037e+00	-2.390044e+00	-1.865131e+00
3.109542880099285e-02	-2.390037e+00	-2.390044e+00	-1.865131e+00
3.110542880099285e-02	-2.390037e+00	-2.390044e+00	-1.865131e+00
3.111542880099285e-02	-2.390037e+00	-2.390044e+00	-1.865131e+00
3.112542880099285e-02	-2.390037e+00	-2.390044e+00	-1.865131e+00
3.113542880099285e-02	-2.390037e+00	-2.390044e+00	-1.865131e+00
3.114542880099285e-02	-2.390037e+00	-2.390044e+00	-1.865132e+00
3.115542880099285e-02	-2.390038e+00	-2.390044e+00	-1.865131e+00
3.116542880099285e-02	-2.390037e+00	-2.390044e+00	-1.865132e+00
3.117542880099285e-02	-2.390037e+00	-2.390044e+00	-1.865131e+00
3.118542880099285e-02	-2.390038e+00	-2.390044e+00	-1.865132e+00
3.119542880099285e-02	-2.390038e+00	-2.390044e+00	-1.865131e+00
3.120542880099285e-02	-2.390038e+00	-2.390044e+00	-1.865132e+00
3.121542880099285e-02	-2.390038e+00	-2.390044e+00	-1.865132e+00
3.122542880099285e-02	-2.390038e+00	-2.390044e+00	-1.865132e+00
3.123542880099285e-02	-2.390038e+00	-2.390044e+00	-1.865131e+00
3.124542880099285e-02	-2.390038e+00	-2.390044e+00	-1.865132e+00
3.125542880099285e-02	-2.390038e+00	-2.390044e+00	-1.865132e+00
3.126542880099285e-02	-2.390038e+00	-2.390044e+00	-1.865132e+00
3.127542880099285e-02	-2.390038e+00	-2.390044e+00	-1.865132e+00
3.128542880099285e-02	-2.390038e+00	-2.390044e+00	-1.865132e+00
3.129542880099285e-02	-2.390038e+00	-2.390044e+00	-1.865132e+00
3.130542880099285e-02	-2.390038e+00	-2.390044e+00	-1.865132e+00
3.131542880099285e-02	-2.390038e+00	-2.390044e+00	-1.865132e+00
3.132542880099285e-02	-2.390038e+00	-2.390044e+00	-1.865132e+00
3.133542880099285e-02	-2.390038e+00	-2.390045e+00	-1.865132e+00
3.134542880099285e-02	-2.390038e+00	-2.390044e+00	-1.865132e+00
3.135542880099285e-02	-2.390038e+00	-2.390044e+00	-1.865132e+00
3.136542880099285e-02	-2.390038e+00	-2.390045e+00	-1.865132e+00
3.137542880099285e-02	-2.390038e+00	-2.390045e+00	-1.865132e+00
3.138542880099285e-02	-2.390038e+00	-2.390045e+00	-1.865132e+00
3.139542880099285e-02	-2.390038e+00	-2.390045e+00	-1.865132e+00
3.140542880099285e-02	-2.390038e+00	-2.390045e+00	-1.865132e+00
3.141542880099285e-02	-2.390038e+00	-2.390045e+00	-1.865132e+00
3.142542880099285e-02	-2.390038e+00	-2.390044e+00	-1.865132e+00
3.143542880099285e-02	-2.390038e+00	-2.390045e+00	-1.865132e+00
3.144542880099285e-02	-2.390038e+00	-2.390045e+00	-1.865132e+00
3.145542880099285e-02	-2.390038e+00	-2.390045e+00	-1.865132e+00
3.146542880099285e-02	-2.390038e+00	-2.390045e+00	-1.865132e+00
3.147542880099285e-02	-2.390038e+00	-2.390045e+00	-1.865132e+00
3.148542880099285e-02	-2.390038e+00	-2.390045e+00	-1.865132e+00
3.149542880099285e-02	-2.390038e+00	-2.390045e+00	-1.865132e+00
3.150542880099285e-02	-2.390038e+00	-2.390045e+00	-1.865132e+00
3.151542880099285e-02	-2.390038e+00	-2.390045e+00	-1.865132e+00
3.152542880099285e-02	-2.390038e+00	-2.390045e+00	-1.865132e+00
3.153542880099285e-02	-2.390038e+00	-2.390045e+00	-1.865132e+00
3.154542880099285e-02	-2.390038e+00	-2.390045e+00	-1.865132e+00
3.155542880099285e-02	-2.390039e+00	-2.390045e+00	-1.865132e+00
3.156542880099285e-02	-2.390038e+00	-2.390045e+00	-1.865132e+00
3.157542880099285e-02	-2.390038e+00	-2.390045e+00	-1.865132e+00
3.158542880099285e-02	-2.390038e+00	-2.390045e+00	-1.865132e+00
3.159542880099285e-02	-2.390039e+00	-2.390045e+00	-1.865132e+00
3.160542880099285e-02	-2.390039e+00	-2.390045e+00	-1.865132e+00
3.161542880099285e-02	-2.390039e+00	-2.390045e+00	-1.865132e+00
3.162542880099285e-02	-2.390038e+00	-2.390045e+00	-1.865132e+00
3.163542880099285e-02	-2.390039e+00	-2.390045e+00	-1.865132e+00
3.164542880099285e-02	-2.390038e+00	-2.390045e+00	-1.865132e+00
3.165542880099285e-02	-2.390039e+00	-2.390045e+00	-1.865132e+00
3.166542880099285e-02	-2.390039e+00	-2.390045e+00	-1.865132e+00
3.167542880099285e-02	-2.390039e+00	-2.390045e+00	-1.865132e+00
3.168542880099285e-02	-2.390039e+00	-2.390045e+00	-1.865132e+00
3.169542880099285e-02	-2.390039e+00	-2.390045e+00	-1.865132e+00
3.170542880099285e-02	-2.390039e+00	-2.390045e+00	-1.865132e+00
3.171542880099285e-02	-2.390039e+00	-2.390045e+00	-1.865132e+00
3.172542880099285e-02	-2.390039e+00	-2.390045e+00	-1.865133e+00
3.173542880099285e-02	-2.390039e+00	-2.390045e+00	-1.865132e+00
3.174542880099285e-02	-2.390039e+00	-2.390045e+00	-1.865132e+00
3.175542880099285e-02	-2.390039e+00	-2.390045e+00	-1.865132e+00
3.176542880099285e-02	-2.390039e+00	-2.390045e+00	-1.865132e+00
3.177542880099285e-02	-2.390039e+00	-2.390045e+00	-1.865132e+00
3.178542880099285e-02	-2.390039e+00	-2.390045e+00	-1.865132e+00
3.179542880099285e-02	-2.390039e+00	-2.390045e+00	-1.865132e+00
3.180542880099285e-02	-2.390039e+00	-2.390045e+00	-1.865133e+00
3.181542880099285e-02	-2.390039e+00	-2.390045e+00	-1.865132e+00
3.182542880099285e-02	-2.390039e+00	-2.390045e+00	-1.865133e+00
3.183542880099285e-02	-2.390039e+00	-2.390045e+00	-1.865132e+00
3.184542880099285e-02	-2.390039e+00	-2.390045e+00	-1.865133e+00
3.185542880099285e-02	-2.390039e+00	-2.390045e+00	-1.865132e+00
3.186542880099285e-02	-2.390039e+00	-2.390045e+00	-1.865132e+00
3.187542880099285e-02	-2.390039e+00	-2.390045e+00	-1.865132e+00
3.188542880099285e-02	-2.390039e+00	-2.390045e+00	-1.865133e+00
3.189542880099285e-02	-2.390039e+00	-2.390046e+00	-1.865132e+00
3.190542880099285e-02	-2.390039e+00	-2.390045e+00	-1.865133e+00
3.191542880099285e-02	-2.390039e+00	-2.390045e+00	-1.865132e+00
3.192542880099285e-02	-2.390039e+00	-2.390045e+00	-1.865133e+00
3.193542880099285e-02	-2.390039e+00	-2.390045e+00	-1.865132e+00
3.194542880099285e-02	-2.390039e+00	-2.390045e+00	-1.865133e+00
3.195542880099285e-02	-2.390039e+00	-2.390046e+00	-1.865132e+00
3.196542880099285e-02	-2.390039e+00	-2.390045e+00	-1.865133e+00
3.197542880099285e-02	-2.390039e+00	-2.390046e+00	-1.865132e+00
3.198542880099285e-02	-2.390039e+00	-2.390045e+00	-1.865133e+00
3.199542880099285e-02	-2.390039e+00	-2.390045e+00	-1.865133e+00
3.200542880099285e-02	-2.390039e+00	-2.390045e+00	-1.865133e+00
3.201542880099285e-02	-2.390039e+00	-2.390046e+00	-1.865132e+00
3.202542880099285e-02	-2.390039e+00	-2.390046e+00	-1.865133e+00
3.203542880099285e-02	-2.390039e+00	-2.390046e+00	-1.865132e+00
3.204542880099285e-02	-2.390039e+00	-2.390046e+00	-1.865133e+00
3.205542880099285e-02	-2.390039e+00	-2.390046e+00	-1.865133e+00
3.206542880099285e-02	-2.390039e+00	-2.390045e+00	-1.865133e+00
3.207542880099285e-02	-2.390039e+00	-2.390046e+00	-1.865133e+00
3.208542880099285e-02	-2.390039e+00	-2.390045e+00	-1.865133e+00
3.209542880099285e-02	-2.390039e+00	-2.390046e+00	-1.865132e+00
3.210542880099285e-02	-2.390039e+00	-2.390046e+00	-1.865133e+00
3.211542880099285e-02	-2.390039e+00	-2.390046e+00	-1.865133e+00
3.212542880099285e-02	-2.390039e+00	-2.390046e+00	-1.865133e+00
3.213542880099285e-02	-2.390039e+00	-2.390046e+00	-1.865133e+00
3.214542880099285e-02	-2.390039e+00	-2.390046e+00	-1.865133e+00
3.215542880099285e-02	-2.390039e+00	-2.390046e+00	-1.865132e+00
3.216542880099285e-02	-2.390039e+00	-2.390046e+00	-1.865133e+00
3.217542880099285e-02	-2.390039e+00	-2.390046e+00	-1.865133e+00
3.218542880099285e-02	-2.390039e+00	-2.390046e+00	-1.865133e+00
3.219542880099285e-02	-2.390039e+00	-2.390046e+00	-1.865133e+00
3.220542880099285e-02	-2.390039e+00	-2.390046e+00	-1.865133e+00
3.221542880099285e-02	-2.390039e+00	-2.390046e+00	-1.865133e+00
3.222542880099285e-02	-2.390039e+00	-2.390046e+00	-1.865133e+00
3.223542880099285e-02	-2.390039e+00	-2.390046e+00	-1.865133e+00
3.224542880099285e-02	-2.390039e+00	-2.390046e+00	-1.865133e+00
3.225542880099285e-02	-2.390039e+00	-2.390046e+00	-1.865133e+00
3.226542880099285e-02	-2.390039e+00	-2.390046e+00	-1.865133e+00
3.227542880099285e-02	-2.390039e+00	-2.390046e+00	-1.865133e+00
3.228542880099285e-02	-2.390039e+00	-2.390046e+00	-1.865133e+00
3.229542880099285e-02	-2.390039e+00	-2.390046e+00	-1.865133e+00
3.230542880099285e-02	-2.390039e+00	-2.390046e+00	-1.865133e+00
3.231542880099285e-02	-2.390039e+00	-2.390046e+00	-1.865133e+00
3.232542880099285e-02	-2.390039e+00	-2.390046e+00	-1.865133e+00
3.233542880099285e-02	-2.390039e+00	-2.390046e+00	-1.865133e+00
3.234542880099285e-02	-2.390039e+00	-2.390046e+00	-1.865133e+00
3.235542880099285e-02	-2.390039e+00	-2.390046e+00	-1.865133e+00
3.236542880099285e-02	-2.390039e+00	-2.390046e+00	-1.865133e+00
3.237542880099285e-02	-2.390040e+00	-2.390046e+00	-1.865133e+00
3.238542880099285e-02	-2.390039e+00	-2.390046e+00	-1.865133e+00
3.239542880099285e-02	-2.390039e+00	-2.390046e+00	-1.865133e+00
3.240542880099285e-02	-2.390039e+00	-2.390046e+00	-1.865133e+00
3.241542880099285e-02	-2.390039e+00	-2.390046e+00	-1.865133e+00
3.242542880099285e-02	-2.390039e+00	-2.390046e+00	-1.865133e+00
3.243542880099285e-02	-2.390039e+00	-2.390046e+00	-1.865133e+00
3.244542880099285e-02	-2.390039e+00	-2.390046e+00	-1.865133e+00
3.245542880099285e-02	-2.390040e+00	-2.390046e+00	-1.865133e+00
3.246542880099285e-02	-2.390039e+00	-2.390046e+00	-1.865133e+00
3.247542880099285e-02	-2.390039e+00	-2.390046e+00	-1.865133e+00
3.248542880099285e-02	-2.390039e+00	-2.390046e+00	-1.865133e+00
3.249542880099285e-02	-2.390039e+00	-2.390046e+00	-1.865133e+00
3.250542880099285e-02	-2.390039e+00	-2.390046e+00	-1.865133e+00
3.251542880099285e-02	-2.390040e+00	-2.390046e+00	-1.865133e+00
3.252542880099285e-02	-2.390039e+00	-2.390046e+00	-1.865133e+00
3.253542880099285e-02	-2.390040e+00	-2.390046e+00	-1.865133e+00
3.254542880099285e-02	-2.390039e+00	-2.390046e+00	-1.865133e+00
3.255542880099285e-02	-2.390040e+00	-2.390046e+00	-1.865133e+00
3.256542880099285e-02	-2.390039e+00	-2.390046e+00	-1.865133e+00
3.257542880099285e-02	-2.390039e+00	-2.390046e+00	-1.865133e+00
3.258542880099285e-02	-2.390039e+00	-2.390046e+00	-1.865133e+00
3.259542880099285e-02	-2.390040e+00	-2.390046e+00	-1.865133e+00
3.260542880099285e-02	-2.390039e+00	-2.390046e+00	-1.865133e+00
3.261542880099285e-02	-2.390040e+00	-2.390046e+00	-1.865133e+00
3.262542880099285e-02	-2.390040e+00	-2.390046e+00	-1.865133e+00
3.263542880099285e-02	-2.390040e+00	-2.390046e+00	-1.865133e+00
3.264542880099285e-02	-2.390039e+00	-2.390046e+00	-1.865133e+00
3.265542880099285e-02	-2.390039e+00	-2.390046e+00	-1.865133e+00
3.266542880099285e-02	-2.390039e+00	-2.390046e+00	-1.865133e+00
3.267542880099285e-02	-2.390040e+00	-2.390046e+00	-1.865133e+00
3.268542880099285e-02	-2.390039e+00	-2.390046e+00	-1.865133e+00
3.269542880099285e-02	-2.390040e+00	-2.390046e+00	-1.865133e+00
3.270542880099285e-02	-2.390039e+00	-2.390046e+00	-1.865133e+00
3.271542880099285e-02	-2.390040e+00	-2.390046e+00	-1.865133e+00
3.272542880099285e-02	-2.390040e+00	-2.390046e+00	-1.865133e+00
3.273542880099285e-02	-2.390040e+00	-2.390046e+00	-1.865133e+00
3.274542880099285e-02	-2.390040e+00	-2.390046e+00	-1.865133e+00
3.275542880099285e-02	-2.390040e+00	-2.390046e+00	-1.865133e+00
3.276542880099285e-02	-2.390039e+00	-2.390046e+00	-1.865133e+00
3.277542880099285e-02	-2.390040e+00	-2.390046e+00	-1.865133e+00
3.278542880099285e-02	-2.390039e+00	-2.390046e+00	-1.865133e+00
3.279542880099285e-02	-2.390040e+00	-2.390046e+00	-1.865133e+00
3.280542880099285e-02	-2.390039e+00	-2.390046e+00	-1.865133e+00
3.281542880099285e-02	-2.390040e+00	-2.390046e+00	-1.865133e+00
3.282542880099285e-02	-2.390040e+00	-2.390046e+00	-1.865133e+00
3.283542880099285e-02	-2.390040e+00	-2.390046e+00	-1.865133e+00
3.284542880099285e-02	-2.390040e+00	-2.390046e+00	-1.865133e+00
3.285542880099285e-02	-2.390040e+00	-2.390046e+00	-1.865133e+00
3.286542880099285e-02	-2.390040e+00	-2.390046e+00	-1.865133e+00
3.287542880099285e-02	-2.390040e+00	-2.390046e+00	-1.865133e+00
3.288542880099285e-02	-2.390039e+00	-2.390046e+00	-1.865133e+00
3.289542880099285e-02	-2.390040e+00	-2.390046e+00	-1.865133e+00
3.290542880099285e-02	-2.390039e+00	-2.390046e+00	-1.865133e+00
3.291542880099285e-02	-2.390040e+00	-2.390046e+00	-1.865133e+00
3.292542880099285e-02	-2.390040e+00	-2.390046e+00	-1.865133e+00
3.293542880099285e-02	-2.390040e+00	-2.390046e+00	-1.865133e+00
3.294542880099285e-02	-2.390040e+00	-2.390046e+00	-1.865133e+00
3.295542880099285e-02	-2.390040e+00	-2.390046e+00	-1.865133e+00
3.296542880099285e-02	-2.390040e+00	-2.390046e+00	-1.865133e+00
3.297542880099285e-02	-2.390040e+00	-2.390046e+00	-1.865133e+00
3.298542880099285e-02	-2.390039e+00	-2.390046e+00	-1.865133e+00
3.299542880099285e-02	-2.390040e+00	-2.390046e+00	-1.865133e+00
3.300542880099285e-02	-2.390039e+00	-2.390046e+00	-1.865133e+00
3.301542880099285e-02	-2.390040e+00	-2.390046e+00	-1.865133e+00
3.302542880099285e-02	-2.390040e+00	-2.390046e+00	-1.865133e+00
3.303542880099285e-02	-2.390040e+00	-2.390046e+00	-1.865133e+00
3.304542880099285e-02	-2.390040e+00	-2.390046e+00	-1.865133e+00
3.305542880099285e-02	-2.390040e+00	-2.390046e+00	-1.865133e+00
3.306542880099285e-02	-2.390040e+00	-2.390046e+00	-1.865133e+00
3.307542880099285e-02	-2.390040e+00	-2.390046e+00	-1.865133e+00
3.308542880099285e-02	-2.390040e+00	-2.390046e+00	-1.865133e+00
3.309542880099285e-02	-2.390040e+00	-2.390046e+00	-1.865133e+00
3.310542880099285e-02	-2.390039e+00	-2.390046e+00	-1.865133e+00
3.311542880099285e-02	-2.390040e+00	-2.390046e+00	-1.865133e+00
3.312542880099285e-02	-2.390040e+00	-2.390046e+00	-1.865133e+00
3.313542880099285e-02	-2.390040e+00	-2.390046e+00	-1.865133e+00
3.314542880099285e-02	-2.390040e+00	-2.390046e+00	-1.865133e+00
3.315542880099285e-02	-2.390040e+00	-2.390046e+00	-1.865133e+00
3.316542880099285e-02	-2.390040e+00	-2.390046e+00	-1.865133e+00
3.317542880099285e-02	-2.390040e+00	-2.390046e+00	-1.865133e+00
3.318542880099285e-02	-2.390040e+00	-2.390046e+00	-1.865133e+00
3.319542880099285e-02	-2.390040e+00	-2.390046e+00	-1.865133e+00
3.320542880099285e-02	-2.390040e+00	-2.390046e+00	-1.865133e+00
3.321542880099285e-02	-2.390040e+00	-2.390046e+00	-1.865133e+00
3.322542880099285e-02	-2.390039e+00	-2.390046e+00	-1.865133e+00
3.323542880099285e-02	-2.390040e+00	-2.390046e+00	-1.865133e+00
3.324542880099285e-02	-2.390040e+00	-2.390046e+00	-1.865133e+00
3.325542880099285e-02	-2.390040e+00	-2.390046e+00	-1.865133e+00
3.326542880099285e-02	-2.390040e+00	-2.390046e+00	-1.865133e+00
3.327542880099285e-02	-2.390040e+00	-2.390046e+00	-1.865133e+00
3.328542880099285e-02	-2.390040e+00	-2.390046e+00	-1.865133e+00
3.329542880099285e-02	-2.390040e+00	-2.390046e+00	-1.865133e+00
3.330542880099285e-02	-2.390040e+00	-2.390046e+00	-1.865133e+00
3.331542880099285e-02	-2.390040e+00	-2.390046e+00	-1.865133e+00
3.332542880099285e-02	-2.390040e+00	-2.390046e+00	-1.865133e+00
3.333542880099285e-02	-2.390040e+00	-2.390046e+00	-1.865133e+00
3.334542880099285e-02	-2.390040e+00	-2.390046e+00	-1.865133e+00
3.335542880099285e-02	-2.390040e+00	-2.390046e+00	-1.865133e+00
3.336542880099285e-02	-2.390040e+00	-2.390046e+00	-1.865133e+00
3.337542880099285e-02	-2.390040e+00	-2.390046e+00	-1.865133e+00
3.338542880099285e-02	-2.390040e+00	-2.390046e+00	-1.865133e+00
3.339542880099285e-02	-2.390040e+00	-2.390046e+00	-1.865133e+00
3.340542880099285e-02	-2.390040e+00	-2.390046e+00	-1.865133e+00
3.341542880099285e-02	-2.390040e+00	-2.390046e+00	-1.865133e+00
3.342542880099285e-02	-2.390040e+00	-2.390046e+00	-1.865133e+00
3.343542880099285e-02	-2.390040e+00	-2.390046e+00	-1.865133e+00
3.344542880099285e-02	-2.390040e+00	-2.390046e+00	-1.865133e+00
3.345542880099285e-02	-2.390040e+00	-2.390046e+00	-1.865133e+00
3.346542880099285e-02	-2.390040e+00	-2.390046e+00	-1.865133e+00
3.347542880099285e-02	-2.390040e+00	-2.390046e+00	-1.865133e+00
3.348542880099285e-02	-2.390040e+00	-2.390046e+00	-1.865133e+00
3.349542880099285e-02	-2.390040e+00	-2.390046e+00	-1.865133e+00
3.350542880099285e-02	-2.390040e+00	-2.390046e+00	-1.865133e+00
3.351542880099285e-02	-2.390040e+00	-2.390046e+00	-1.865133e+00
3.352542880099285e-02	-2.390040e+00	-2.390046e+00	-1.865133e+00
3.353542880099285e-02	-2.390040e+00	-2.390046e+00	-1.865133e+00
3.354542880099285e-02	-2.390040e+00	-2.390046e+00	-1.865133e+00
3.355542880099285e-02	-2.390040e+00	-2.390046e+00	-1.865133e+00
3.356542880099285e-02	-2.390040e+00	-2.390046e+00	-1.865133e+00
3.357542880099285e-02	-2.390040e+00	-2.390046e+00	-1.865133e+00
3.358542880099285e-02	-2.390040e+00	-2.390046e+00	-1.865133e+00
3.359542880099285e-02	-2.390040e+00	-2.390046e+00	-1.865133e+00
3.360542880099285e-02	-2.390040e+00	-2.390046e+00	-1.865133e+00
3.361542880099285e-02	-2.390040e+00	-2.390046e+00	-1.865133e+00
3.362542880099285e-02	-2.390040e+00	-2.390046e+00	-1.865133e+00
3.363542880099285e-02	-2.390040e+00	-2.390046e+00	-1.865133e+00
3.364542880099285e-02	-2.390040e+00	-2.390046e+00	-1.865133e+00
3.365542880099285e-02	-2.390040e+00	-2.390046e+00	-1.865133e+00
3.366542880099285e-02	-2.390040e+00	-2.390046e+00	-1.865133e+00
3.367542880099285e-02	-2.390040e+00	-2.390046e+00	-1.865133e+00
3.368542880099285e-02	-2.390040e+00	-2.390046e+00	-1.865133e+00
3.369542880099285e-02	-2.390040e+00	-2.390046e+00	-1.865133e+00
3.370542880099285e-02	-2.390040e+00	-2.390046e+00	-1.865133e+00
3.371542880099285e-02	-2.390040e+00	-2.390046e+00	-1.865133e+00
3.372542880099285e-02	-2.390040e+00	-2.390046e+00	-1.865133e+00
3.373542880099285e-02	-2.390040e+00	-2.390046e+00	-1.865133e+00
3.374542880099285e-02	-2.390040e+00	-2.390046e+00	-1.865133e+00
3.375542880099285e-02	-2.390040e+00	-2.390046e+00	-1.865133e+00
3.376542880099285e-02	-2.390040e+00	-2.390046e+00	-1.865133e+00
3.377542880099285e-02	-2.390040e+00	-2.390046e+00	-1.865133e+00
3.378542880099285e-02	-2.390040e+00	-2.390046e+00	-1.865133e+00
3.379542880099285e-02	-2.390040e+00	-2.390046e+00	-1.865133e+00
3.380542880099285e-02	-2.390040e+00	-2.390046e+00	-1.865133e+00
3.381542880099285e-02	-2.390040e+00	-2.390046e+00	-1.865133e+00
3.382542880099285e-02	-2.390040e+00	-2.390046e+00	-1.865133e+00
3.383542880099285e-02	-2.390040e+00	-2.390046e+00	-1.865133e+00
3.384542880099285e-02	-2.390040e+00	-2.390046e+00	-1.865133e+00
3.385542880099285e-02	-2.390040e+00	-2.390046e+00	-1.865133e+00
3.386542880099285e-02	-2.390040e+00	-2.390046e+00	-1.865133e+00
3.387542880099285e-02	-2.390040e+00	-2.390046e+00	-1.865133e+00
3.388542880099285e-02	-2.390040e+00	-2.390046e+00	-1.865133e+00
3.389542880099285e-02	-2.390040e+00	-2.390046e+00	-1.865133e+00
3.390542880099285e-02	-2.390040e+00	-2.390046e+00	-1.865133e+00
3.391542880099285e-02	-2.390040e+00	-2.390046e+00	-1.865133e+00
3.392542880099285e-02	-2.390040e+00	-2.390046e+00	-1.865133e+00
3.393542880099285e-02	-2.390040e+00	-2.390046e+00	-1.865133e+00
3.394542880099285e-02	-2.390040e+00	-2.390046e+00	-1.865133e+00
3.395542880099285e-02	-2.390040e+00	-2.390046e+00	-1.865133e+00
3.396542880099285e-02	-2.390040e+00	-2.390046e+00	-1.865133e+00
3.397542880099285e-02	-2.390040e+00	-2.390046e+00	-1.865133e+00
3.398542880099285e-02	-2.390040e+00	-2.390046e+00	-1.865133e+00
3.399542880099285e-02	-2.390040e+00	-2.390046e+00	-1.865133e+00
3.400542880099285e-02	-2.390040e+00	-2.390046e+00	-1.865133e+00
3.401542880099285e-02	-2.390040e+00	-2.390046e+00	-1.865133e+00
3.402542880099285e-02	-2.390040e+00	-2.390046e+00	-1.865133e+00
3.403542880099285e-02	-2.390040e+00	-2.390046e+00	-1.865133e+00
3.404542880099285e-02	-2.390040e+00	-2.390046e+00	-1.865133e+00
3.405542880099285e-02	-2.390040e+00	-2.390046e+00	-1.865133e+00
3.406542880099285e-02	-2.390040e+00	-2.390046e+00	-1.865133e+00
3.407542880099285e-02	-2.390040e+00	-2.390046e+00	-1.865133e+00
3.408542880099285e-02	-2.390040e+00	-2.390046e+00	-1.865133e+00
3.409542880099285e-02	-2.390040e+00	-2.390046e+00	-1.865133e+00
3.410542880099285e-02	-2.390040e+00	-2.390046e+00	-1.865133e+00
3.411542880099285e-02	-2.390040e+00	-2.390046e+00	-1.865133e+00
3.412542880099285e-02	-2.390040e+00	-2.390046e+00	-1.865133e+00
3.413542880099285e-02	-2.390040e+00	-2.390046e+00	-1.865133e+00
3.414542880099285e-02	-2.390040e+00	-2.390046e+00	-1.865133e+00
3.415542880099285e-02	-2.390040e+00	-2.390046e+00	-1.865133e+00
3.416542880099285e-02	-2.390040e+00	-2.390046e+00	-1.865133e+00
3.417542880099285e-02	-2.390040e+00	-2.390046e+00	-1.865133e+00
3.418542880099285e-02	-2.390040e+00	-2.390046e+00	-1.865133e+00
3.419542880099285e-02	-2.390040e+00	-2.390046e+00	-1.865133e+00
3.420542880099285e-02	-2.390040e+00	-2.390046e+00	-1.865133e+00
3.421542880099285e-02	-2.390040e+00	-2.390046e+00	-1.865133e+00
3.422542880099285e-02	-2.390040e+00	-2.390046e+00	-1.865133e+00
3.423542880099285e-02	-2.390040e+00	-2.390046e+00	-1.865133e+00
3.424542880099285e-02	-2.390040e+00	-2.390046e+00	-1.865133e+00
3.425542880099285e-02	-2.390040e+00	-2.390046e+00	-1.865133e+00
3.426542880099285e-02	-2.390040e+00	-2.390046e+00	-1.865133e+00
3.427542880099285e-02	-2.390040e+00	-2.390046e+00	-1.865133e+00
3.428542880099285e-02	-2.390040e+00	-2.390046e+00	-1.865133e+00
3.429542880099285e-02	-2.390040e+00	-2.390046e+00	-1.865133e+00
3.430542880099285e-02	-2.390040e+00	-2.390046e+00	-1.865133e+00
3.431542880099285e-02	-2.390040e+00	-2.390046e+00	-1.865133e+00
3.432542880099285e-02	-2.390040e+00	-2.390046e+00	-1.865133e+00
3.433542880099285e-02	-2.390040e+00	-2.390046e+00	-1.865133e+00
3.434542880099285e-02	-2.390040e+00	-2.390046e+00	-1.865133e+00
3.435542880099285e-02	-2.390040e+00	-2.390046e+00	-1.865133e+00
3.436542880099285e-02	-2.390040e+00	-2.390046e+00	-1.865133e+00
3.437542880099285e-02	-2.390040e+00	-2.390046e+00	-1.865133e+00
3.438542880099285e-02	-2.390040e+00	-2.390046e+00	-1.865133e+00
3.439542880099285e-02	-2.390040e+00	-2.390046e+00	-1.865133e+00
3.440542880099285e-02	-2.390040e+00	-2.390046e+00	-1.865133e+00
3.441542880099285e-02	-2.390040e+00	-2.390046e+00	-1.865133e+00
3.442542880099285e-02	-2.390040e+00	-2.390046e+00	-1.865133e+00
3.443542880099285e-02	-2.390040e+00	-2.390046e+00	-1.865133e+00
3.444542880099285e-02	-2.390040e+00	-2.390046e+00	-1.865133e+00
3.445542880099285e-02	-2.390040e+00	-2.390046e+00	-1.865133e+00
3.446542880099285e-02	-2.390040e+00	-2.390046e+00	-1.865133e+00
3.447542880099285e-02	-2.390040e+00	-2.390046e+00	-1.865133e+00
3.448542880099285e-02	-2.390040e+00	-2.390046e+00	-1.865133e+00
3.449542880099285e-02	-2.390040e+00	-2.390046e+00	-1.865133e+00
3.450542880099285e-02	-2.390040e+00	-2.390046e+00	-1.865133e+00
3.451542880099285e-02	-2.390040e+00	-2.390046e+00	-1.865133e+00
3.452542880099285e-02	-2.390040e+00	-2.390046e+00	-1.865133e+00
3.453542880099285e-02	-2.390040e+00	-2.390046e+00	-1.865133e+00
3.454542880099285e-02	-2.390040e+00	-2.390046e+00	-1.865133e+00
3.455542880099285e-02	-2.390040e+00	-2.390046e+00	-1.865133e+00
3.456542880099285e-02	-2.390040e+00	-2.390046e+00	-1.865133e+00
3.457542880099285e-02	-2.390040e+00	-2.390046e+00	-1.865133e+00
3.458542880099285e-02	-2.390040e+00	-2.390046e+00	-1.865133e+00
3.459542880099285e-02	-2.390040e+00	-2.390046e+00	-1.865133e+00
3.460542880099285e-02	-2.390040e+00	-2.390046e+00	-1.865133e+00
3.461542880099285e-02	-2.390040e+00	-2.390046e+00	-1.865133e+00
3.462542880099285e-02	-2.390040e+00	-2.390046e+00	-1.865133e+00
3.463542880099285e-02	-2.390040e+00	-2.390046e+00	-1.865133e+00
3.464542880099285e-02	-2.390040e+00	-2.390046e+00	-1.865133e+00
3.465542880099285e-02	-2.390040e+00	-2.390046e+00	-1.865133e+00
3.466542880099285e-02	-2.390040e+00	-2.390046e+00	-1.865133e+00
3.467542880099285e-02	-2.390040e+00	-2.390046e+00	-1.865133e+00
3.468542880099285e-02	-2.390040e+00	-2.390046e+00	-1.865133e+00
3.469542880099285e-02	-2.390040e+00	-2.390046e+00	-1.865133e+00
3.470542880099285e-02	-2.390040e+00	-2.390046e+00	-1.865133e+00
3.471542880099285e-02	-2.390040e+00	-2.390046e+00	-1.865133e+00
3.472542880099285e-02	-2.390040e+00	-2.390046e+00	-1.865133e+00
3.473542880099285e-02	-2.390040e+00	-2.390046e+00	-1.865133e+00
3.474542880099285e-02	-2.390040e+00	-2.390046e+00	-1.865133e+00
3.475542880099285e-02	-2.390040e+00	-2.390046e+00	-1.865133e+00
3.476542880099285e-02	-2.390040e+00	-2.390046e+00	-1.865133e+00
3.477542880099285e-02	-2.390040e+00	-2.390046e+00	-1.865133e+00
3.478542880099285e-02	-2.390040e+00	-2.390046e+00	-1.865133e+00
3.479542880099285e-02	-2.390040e+00	-2.390046e+00	-1.865133e+00
3.480542880099285e-02	-2.390040e+00	-2.390046e+00	-1.865133e+00
3.481542880099285e-02	-2.390040e+00	-2.390046e+00	-1.865133e+00
3.482542880099285e-02	-2.390040e+00	-2.390046e+00	-1.865133e+00
3.483542880099285e-02	-2.390040e+00	-2.390046e+00	-1.865133e+00
3.484542880099285e-02	-2.390040e+00	-2.390046e+00	-1.865133e+00
3.485542880099285e-02	-2.390040e+00	-2.390046e+00	-1.865133e+00
3.486542880099285e-02	-2.390040e+00	-2.390046e+00	-1.865133e+00
3.487542880099285e-02	-2.390040e+00	-2.390046e+00	-1.865133e+00
3.488542880099285e-02	-2.390040e+00	-2.390046e+00	-1.865133e+00
3.489542880099285e-02	-2.390040e+00	-2.390046e+00	-1.865133e+00
3.490542880099285e-02	-2.390040e+00	-2.390046e+00	-1.865133e+00
3.491542880099285e-02	-2.390040e+00	-2.390046e+00	-1.865133e+00
3.492542880099285e-02	-2.390040e+00	-2.390046e+00	-1.865133e+00
3.493542880099285e-02	-2.390040e+00	-2.390046e+00	-1.865133e+00
3.494542880099285e-02	-2.390040e+00	-2.390046e+00	-1.865133e+00
3.495542880099285e-02	-2.390040e+00	-2.390046e+00	-1.865133e+00
3.496542880099285e-02	-2.390040e+00	-2.390046e+00	-1.865133e+00
3.497542880099285e-02	-2.390040e+00	-2.390046e+00	-1.865133e+00
3.498542880099285e-02	-2.390040e+00	-2.390046e+00	-1.865133e+00
3.499542880099285e-02	-2.390040e+00	-2.390046e+00	-1.865133e+00
3.500542880099285e-02	-2.390040e+00	-2.390046e+00	-1.865133e+00
3.501542880099285e-02	-2.390040e+00	-2.390046e+00	-1.865133e+00
3.502542880099285e-02	-2.390040e+00	-2.390046e+00	-1.865133e+00
3.503542880099285e-02	-2.390040e+00	-2.390046e+00	-1.865133e+00
3.504542880099285e-02	-2.390040e+00	-2.390046e+00	-1.865133e+00
3.505542880099285e-02	-2.390040e+00	-2.390046e+00	-1.865133e+00
3.506542880099285e-02	-2.390040e+00	-2.390046e+00	-1.865133e+00
3.507542880099285e-02	-2.390040e+00	-2.390046e+00	-1.865133e+00
3.508542880099285e-02	-2.390040e+00	-2.390046e+00	-1.865133e+00
3.509542880099285e-02	-2.390040e+00	-2.390046e+00	-1.865133e+00
3.510542880099285e-02	-2.390040e+00	-2.390046e+00	-1.865133e+00
3.511542880099285e-02	-2.390040e+00	-2.390046e+00	-1.865133e+00
3.512542880099285e-02	-2.390040e+00	-2.390046e+00	-1.865133e+00
3.513542880099285e-02	-2.390040e+00	-2.390046e+00	-1.865133e+00
3.514542880099285e-02	-2.390040e+00	-2.390046e+00	-1.865133e+00
3.515542880099285e-02	-2.390040e+00	-2.390046e+00	-1.865133e+00
3.516542880099285e-02	-2.390040e+00	-2.390046e+00	-1.865133e+00
3.517542880099285e-02	-2.390040e+00	-2.390046e+00	-1.865133e+00
3.518542880099285e-02	-2.390040e+00	-2.390046e+00	-1.865133e+00
3.519542880099285e-02	-2.390040e+00	-2.390046e+00	-1.865133e+00
3.520542880099285e-02	-2.390040e+00	-2.390046e+00	-1.865133e+00
3.521542880099285e-02	-2.390040e+00	-2.390046e+00	-1.865133e+00
3.522542880099285e-02	-2.390040e+00	-2.390046e+00	-1.865133e+00
3.523542880099285e-02	-2.390040e+00	-2.390046e+00	-1.865133e+00
3.524542880099285e-02	-2.390040e+00	-2.390046e+00	-1.865133e+00
3.525542880099285e-02	-2.390040e+00	-2.390046e+00	-1.865133e+00
3.526542880099285e-02	-2.390040e+00	-2.390046e+00	-1.865133e+00
3.527542880099285e-02	-2.390040e+00	-2.390046e+00	-1.865133e+00
3.528542880099285e-02	-2.390040e+00	-2.390046e+00	-1.865133e+00
3.529542880099285e-02	-2.390040e+00	-2.390046e+00	-1.865133e+00
3.530542880099285e-02	-2.390040e+00	-2.390046e+00	-1.865133e+00
3.531542880099285e-02	-2.390040e+00	-2.390046e+00	-1.865133e+00
3.532542880099285e-02	-2.390040e+00	-2.390046e+00	-1.865133e+00
3.533542880099285e-02	-2.390040e+00	-2.390046e+00	-1.865133e+00
3.534542880099285e-02	-2.390040e+00	-2.390046e+00	-1.865133e+00
3.535542880099285e-02	-2.390040e+00	-2.390046e+00	-1.865133e+00
3.536542880099285e-02	-2.390040e+00	-2.390046e+00	-1.865133e+00
3.537542880099285e-02	-2.390040e+00	-2.390046e+00	-1.865133e+00
3.538542880099285e-02	-2.390040e+00	-2.390046e+00	-1.865133e+00
3.539542880099285e-02	-2.390040e+00	-2.390046e+00	-1.865133e+00
3.540542880099285e-02	-2.390040e+00	-2.390046e+00	-1.865133e+00
3.541542880099285e-02	-2.390040e+00	-2.390046e+00	-1.865133e+00
3.542542880099285e-02	-2.390040e+00	-2.390046e+00	-1.865133e+00
3.543542880099285e-02	-2.390040e+00	-2.390046e+00	-1.865133e+00
3.544542880099285e-02	-2.390040e+00	-2.390046e+00	-1.865133e+00
3.545542880099285e-02	-2.390040e+00	-2.390046e+00	-1.865133e+00
3.546542880099285e-02	-2.390040e+00	-2.390046e+00	-1.865133e+00
3.547542880099285e-02	-2.390040e+00	-2.390046e+00	-1.865133e+00
3.548542880099285e-02	-2.390040e+00	-2.390046e+00	-1.865133e+00
3.549542880099285e-02	-2.390040e+00	-2.390046e+00	-1.865133e+00
3.550542880099285e-02	-2.390040e+00	-2.390046e+00	-1.865133e+00
3.551542880099285e-02	-2.390040e+00	-2.390046e+00	-1.865133e+00
3.552542880099285e-02	-2.390040e+00	-2.390046e+00	-1.865133e+00
3.553542880099285e-02	-2.390040e+00	-2.390046e+00	-1.865133e+00
3.554542880099285e-02	-2.390040e+00	-2.390046e+00	-1.865133e+00
3.555542880099285e-02	-2.390040e+00	-2.390046e+00	-1.865133e+00
3.556542880099285e-02	-2.390040e+00	-2.390046e+00	-1.865133e+00
3.557542880099285e-02	-2.390040e+00	-2.390046e+00	-1.865133e+00
3.558542880099285e-02	-2.390040e+00	-2.390046e+00	-1.865133e+00
3.559542880099285e-02	-2.390040e+00	-2.390046e+00	-1.865133e+00
3.560542880099285e-02	-2.390040e+00	-2.390046e+00	-1.865133e+00
3.561542880099285e-02	-2.390040e+00	-2.390046e+00	-1.865133e+00
3.562542880099285e-02	-2.390040e+00	-2.390046e+00	-1.865133e+00
3.563542880099285e-02	-2.390040e+00	-2.390046e+00	-1.865133e+00
3.564542880099285e-02	-2.390040e+00	-2.390046e+00	-1.865133e+00
3.565542880099285e-02	-2.390040e+00	-2.390046e+00	-1.865133e+00
3.566542880099285e-02	-2.390040e+00	-2.390046e+00	-1.865133e+00
3.567542880099285e-02	-2.390040e+00	-2.390046e+00	-1.865133e+00
3.568542880099285e-02	-2.390040e+00	-2.390046e+00	-1.865133e+00
3.569542880099285e-02	-2.390040e+00	-2.390046e+00	-1.865133e+00
3.570542880099285e-02	-2.390040e+00	-2.390046e+00	-1.865133e+00
3.571542880099285e-02	-2.390040e+00	-2.390046e+00	-1.865133e+00
3.572542880099285e-02	-2.390040e+00	-2.390046e+00	-1.865133e+00
3.573542880099285e-02	-2.390040e+00	-2.390046e+00	-1.865133e+00
3.574542880099285e-02	-2.390040e+00	-2.390046e+00	-1.865133e+00
3.575542880099285e-02	-2.390040e+00	-2.390046e+00	-1.865133e+00
3.576542880099285e-02	-2.390040e+00	-2.390046e+00	-1.865133e+00
3.577542880099285e-02	-2.390040e+00	-2.390046e+00	-1.865133e+00
3.578542880099285e-02	-2.390040e+00	-2.390046e+00	-1.865133e+00
3.579542880099285e-02	-2.390040e+00	-2.390046e+00	-1.865133e+00
3.580542880099285e-02	-2.390040e+00	-2.390046e+00	-1.865133e+00
3.581542880099285e-02	-2.390040e+00	-2.390046e+00	-1.865133e+00
3.582542880099285e-02	-2.390040e+00	-2.390046e+00	-1.865133e+00
3.583542880099285e-02	-2.390040e+00	-2.390046e+00	-1.865133e+00
3.584542880099285e-02	-2.390040e+00	-2.390046e+00	-1.865133e+00
3.585542880099285e-02	-2.390040e+00	-2.390046e+00	-1.865133e+00
3.586542880099285e-02	-2.390040e+00	-2.390046e+00	-1.865133e+00
3.587542880099285e-02	-2.390040e+00	-2.390046e+00	-1.865133e+00
3.588542880099285e-02	-2.390040e+00	-2.390046e+00	-1.865133e+00
3.589542880099285e-02	-2.390040e+00	-2.390046e+00	-1.865133e+00
3.590542880099285e-02	-2.390040e+00	-2.390046e+00	-1.865133e+00
3.591542880099285e-02	-2.390040e+00	-2.390046e+00	-1.865133e+00
3.592542880099285e-02	-2.390040e+00	-2.390046e+00	-1.865133e+00
3.593542880099285e-02	-2.390040e+00	-2.390046e+00	-1.865133e+00
3.594542880099285e-02	-2.390040e+00	-2.390046e+00	-1.865133e+00
3.595542880099285e-02	-2.390040e+00	-2.390046e+00	-1.865133e+00
3.596542880099285e-02	-2.390040e+00	-2.390046e+00	-1.865133e+00
3.597542880099285e-02	-2.390040e+00	-2.390046e+00	-1.865133e+00
3.598542880099285e-02	-2.390040e+00	-2.390046e+00	-1.865133e+00
3.599542880099285e-02	-2.390040e+00	-2.390046e+00	-1.865133e+00
3.600542880099285e-02	-2.390040e+00	-2.390046e+00	-1.865133e+00
3.601542880099285e-02	-2.390040e+00	-2.390046e+00	-1.865133e+00
3.602542880099285e-02	-2.390040e+00	-2.390046e+00	-1.865133e+00
3.603542880099285e-02	-2.390040e+00	-2.390046e+00	-1.865133e+00
3.604542880099285e-02	-2.390040e+00	-2.390046e+00	-1.865133e+00
3.605542880099285e-02	-2.390040e+00	-2.390046e+00	-1.865133e+00
3.606542880099285e-02	-2.390040e+00	-2.390046e+00	-1.865133e+00
3.607542880099285e-02	-2.390040e+00	-2.390046e+00	-1.865133e+00
3.608542880099285e-02	-2.390040e+00	-2.390046e+00	-1.865133e+00
3.609542880099285e-02	-2.390040e+00	-2.390046e+00	-1.865133e+00
3.610542880099285e-02	-2.390040e+00	-2.390046e+00	-1.865133e+00
3.611542880099285e-02	-2.390040e+00	-2.390046e+00	-1.865133e+00
3.612542880099285e-02	-2.390040e+00	-2.390046e+00	-1.865133e+00
3.613542880099285e-02	-2.390040e+00	-2.390046e+00	-1.865133e+00
3.614542880099285e-02	-2.390040e+00	-2.390046e+00	-1.865133e+00
3.615542880099285e-02	-2.390040e+00	-2.390046e+00	-1.865133e+00
3.616542880099285e-02	-2.390040e+00	-2.390046e+00	-1.865133e+00
3.617542880099285e-02	-2.390040e+00	-2.390046e+00	-1.865133e+00
3.618542880099285e-02	-2.390040e+00	-2.390046e+00	-1.865133e+00
3.619542880099285e-02	-2.390040e+00	-2.390046e+00	-1.865133e+00
3.620542880099285e-02	-2.390040e+00	-2.390046e+00	-1.865133e+00
3.621542880099285e-02	-2.390040e+00	-2.390046e+00	-1.865133e+00
3.622542880099285e-02	-2.390040e+00	-2.390046e+00	-1.865133e+00
3.623542880099285e-02	-2.390040e+00	-2.390046e+00	-1.865133e+00
3.624542880099285e-02	-2.390040e+00	-2.390046e+00	-1.865133e+00
3.625542880099285e-02	-2.390040e+00	-2.390046e+00	-1.865133e+00
3.626542880099285e-02	-2.390040e+00	-2.390046e+00	-1.865133e+00
3.627542880099285e-02	-2.390040e+00	-2.390046e+00	-1.865133e+00
3.628542880099285e-02	-2.390040e+00	-2.390046e+00	-1.865133e+00
3.629542880099285e-02	-2.390040e+00	-2.390046e+00	-1.865133e+00
3.630542880099285e-02	-2.390040e+00	-2.390046e+00	-1.865133e+00
3.631542880099285e-02	-2.390040e+00	-2.390046e+00	-1.865133e+00
3.632542880099285e-02	-2.390040e+00	-2.390046e+00	-1.865133e+00
3.633542880099285e-02	-2.390040e+00	-2.390046e+00	-1.865133e+00
3.634542880099285e-02	-2.390040e+00	-2.390046e+00	-1.865133e+00
3.635542880099285e-02	-2.390040e+00	-2.390046e+00	-1.865133e+00
3.636542880099285e-02	-2.390040e+00	-2.390046e+00	-1.865133e+00
3.637542880099285e-02	-2.390040e+00	-2.390046e+00	-1.865133e+00
3.638542880099285e-02	-2.390040e+00	-2.390046e+00	-1.865133e+00
3.639542880099285e-02	-2.390040e+00	-2.390046e+00	-1.865133e+00
3.640542880099285e-02	-2.390040e+00	-2.390046e+00	-1.865133e+00
3.641542880099285e-02	-2.390040e+00	-2.390046e+00	-1.865133e+00
3.642542880099285e-02	-2.390040e+00	-2.390046e+00	-1.865133e+00
3.643542880099285e-02	-2.390040e+00	-2.390046e+00	-1.865133e+00
3.644542880099285e-02	-2.390040e+00	-2.390046e+00	-1.865133e+00
3.645542880099285e-02	-2.390040e+00	-2.390046e+00	-1.865133e+00
3.646542880099285e-02	-2.390040e+00	-2.390046e+00	-1.865133e+00
3.647542880099285e-02	-2.390040e+00	-2.390046e+00	-1.865133e+00
3.648542880099285e-02	-2.390040e+00	-2.390046e+00	-1.865133e+00
3.649542880099285e-02	-2.390040e+00	-2.390046e+00	-1.865133e+00
3.650542880099285e-02	-2.390040e+00	-2.390046e+00	-1.865133e+00
3.651542880099285e-02	-2.390040e+00	-2.390046e+00	-1.865133e+00
3.652542880099285e-02	-2.390040e+00	-2.390046e+00	-1.865133e+00
3.653542880099285e-02	-2.390040e+00	-2.390046e+00	-1.865133e+00
3.654542880099285e-02	-2.390040e+00	-2.390046e+00	-1.865133e+00
3.655542880099285e-02	-2.390040e+00	-2.390046e+00	-1.865133e+00
3.656542880099285e-02	-2.390040e+00	-2.390046e+00	-1.865133e+00
3.657542880099285e-02	-2.390040e+00	-2.390046e+00	-1.865133e+00
3.658542880099285e-02	-2.390040e+00	-2.390046e+00	-1.865133e+00
3.659542880099285e-02	-2.390040e+00	-2.390046e+00	-1.865133e+00
3.660542880099285e-02	-2.390040e+00	-2.390046e+00	-1.865133e+00
3.661542880099285e-02	-2.390040e+00	-2.390046e+00	-1.865133e+00
3.662542880099285e-02	-2.390040e+00	-2.390046e+00	-1.865133e+00
3.663542880099285e-02	-2.390040e+00	-2.390046e+00	-1.865133e+00
3.664542880099285e-02	-2.390040e+00	-2.390046e+00	-1.865133e+00
3.665542880099285e-02	-2.390040e+00	-2.390046e+00	-1.865133e+00
3.666542880099285e-02	-2.390040e+00	-2.390046e+00	-1.865133e+00
3.667542880099285e-02	-2.390040e+00	-2.390046e+00	-1.865133e+00
3.668542880099285e-02	-2.390040e+00	-2.390046e+00	-1.865133e+00
3.669542880099285e-02	-2.390040e+00	-2.390046e+00	-1.865133e+00
3.670542880099285e-02	-2.390040e+00	-2.390046e+00	-1.865133e+00
3.671542880099285e-02	-2.390040e+00	-2.390046e+00	-1.865133e+00
3.672542880099285e-02	-2.390040e+00	-2.390046e+00	-1.865133e+00
3.673542880099285e-02	-2.390040e+00	-2.390046e+00	-1.865133e+00
3.674542880099285e-02	-2.390040e+00	-2.390046e+00	-1.865133e+00
3.675542880099285e-02	-2.390040e+00	-2.390046e+00	-1.865133e+00
3.676542880099285e-02	-2.390040e+00	-2.390046e+00	-1.865133e+00
3.677542880099285e-02	-2.390040e+00	-2.390046e+00	-1.865133e+00
3.678542880099285e-02	-2.390040e+00	-2.390046e+00	-1.865133e+00
3.679542880099285e-02	-2.390040e+00	-2.390046e+00	-1.865133e+00
3.680542880099285e-02	-2.390040e+00	-2.390046e+00	-1.865133e+00
3.681542880099285e-02	-2.390040e+00	-2.390046e+00	-1.865133e+00
3.682542880099285e-02	-2.390040e+00	-2.390046e+00	-1.865133e+00
3.683542880099285e-02	-2.390040e+00	-2.390046e+00	-1.865133e+00
3.684542880099285e-02	-2.390040e+00	-2.390046e+00	-1.865133e+00
3.685542880099285e-02	-2.390040e+00	-2.390046e+00	-1.865133e+00
3.686542880099285e-02	-2.390040e+00	-2.390046e+00	-1.865133e+00
3.687542880099285e-02	-2.390040e+00	-2.390046e+00	-1.865133e+00
3.688542880099285e-02	-2.390040e+00	-2.390046e+00	-1.865133e+00
3.689542880099285e-02	-2.390040e+00	-2.390046e+00	-1.865133e+00
3.690542880099285e-02	-2.390040e+00	-2.390046e+00	-1.865133e+00
3.691542880099285e-02	-2.390040e+00	-2.390046e+00	-1.865133e+00
3.692542880099285e-02	-2.390040e+00	-2.390046e+00	-1.865133e+00
3.693542880099285e-02	-2.390040e+00	-2.390046e+00	-1.865133e+00
3.694542880099285e-02	-2.390040e+00	-2.390046e+00	-1.865133e+00
3.695542880099285e-02	-2.390040e+00	-2.390046e+00	-1.865133e+00
3.696542880099285e-02	-2.390040e+00	-2.390046e+00	-1.865133e+00
3.697542880099285e-02	-2.390040e+00	-2.390046e+00	-1.865133e+00
3.698542880099285e-02	-2.390040e+00	-2.390046e+00	-1.865133e+00
3.699542880099285e-02	-2.390040e+00	-2.390046e+00	-1.865133e+00
3.700542880099285e-02	-2.390040e+00	-2.390046e+00	-1.865133e+00
3.701542880099285e-02	-2.390040e+00	-2.390046e+00	-1.865133e+00
3.702542880099285e-02	-2.390040e+00	-2.390046e+00	-1.865133e+00
3.703542880099285e-02	-2.390040e+00	-2.390046e+00	-1.865133e+00
3.704542880099285e-02	-2.390040e+00	-2.390046e+00	-1.865133e+00
3.705542880099285e-02	-2.390040e+00	-2.390046e+00	-1.865133e+00
3.706542880099285e-02	-2.390040e+00	-2.390046e+00	-1.865133e+00
3.707542880099285e-02	-2.390040e+00	-2.390046e+00	-1.865133e+00
3.708542880099285e-02	-2.390040e+00	-2.390046e+00	-1.865133e+00
3.709542880099285e-02	-2.390040e+00	-2.390046e+00	-1.865133e+00
3.710542880099285e-02	-2.390040e+00	-2.390046e+00	-1.865133e+00
3.711542880099285e-02	-2.390040e+00	-2.390046e+00	-1.865133e+00
3.712542880099285e-02	-2.390040e+00	-2.390046e+00	-1.865133e+00
3.713542880099285e-02	-2.390040e+00	-2.390046e+00	-1.865133e+00
3.714542880099285e-02	-2.390040e+00	-2.390046e+00	-1.865133e+00
3.715542880099285e-02	-2.390040e+00	-2.390046e+00	-1.865133e+00
3.716542880099285e-02	-2.390040e+00	-2.390046e+00	-1.865133e+00
3.717542880099285e-02	-2.390040e+00	-2.390046e+00	-1.865133e+00
3.718542880099285e-02	-2.390040e+00	-2.390046e+00	-1.865133e+00
3.719542880099285e-02	-2.390040e+00	-2.390046e+00	-1.865133e+00
3.720542880099285e-02	-2.390040e+00	-2.390046e+00	-1.865133e+00
3.721542880099285e-02	-2.390040e+00	-2.390046e+00	-1.865133e+00
3.722542880099285e-02	-2.390040e+00	-2.390046e+00	-1.865133e+00
3.723542880099285e-02	-2.390040e+00	-2.390046e+00	-1.865133e+00
3.724542880099285e-02	-2.390040e+00	-2.390046e+00	-1.865133e+00
3.725542880099285e-02	-2.390040e+00	-2.390046e+00	-1.865133e+00
3.726542880099285e-02	-2.390040e+00	-2.390046e+00	-1.865133e+00
3.727542880099285e-02	-2.390040e+00	-2.390046e+00	-1.865133e+00
3.728542880099285e-02	-2.390040e+00	-2.390046e+00	-1.865133e+00
3.729542880099285e-02	-2.390040e+00	-2.390046e+00	-1.865133e+00
3.730542880099285e-02	-2.390040e+00	-2.390046e+00	-1.865133e+00
3.731542880099285e-02	-2.390040e+00	-2.390046e+00	-1.865133e+00
3.732542880099285e-02	-2.390040e+00	-2.390046e+00	-1.865133e+00
3.733542880099285e-02	-2.390040e+00	-2.390046e+00	-1.865133e+00
3.734542880099285e-02	-2.390040e+00	-2.390046e+00	-1.865133e+00
3.735542880099285e-02	-2.390040e+00	-2.390046e+00	-1.865133e+00
3.736542880099285e-02	-2.390040e+00	-2.390046e+00	-1.865133e+00
3.737542880099285e-02	-2.390040e+00	-2.390046e+00	-1.865133e+00
3.738542880099285e-02	-2.390040e+00	-2.390046e+00	-1.865133e+00
3.739542880099285e-02	-2.390040e+00	-2.390046e+00	-1.865133e+00
3.740542880099285e-02	-2.390040e+00	-2.390046e+00	-1.865133e+00
3.741542880099285e-02	-2.390040e+00	-2.390046e+00	-1.865133e+00
3.742542880099285e-02	-2.390040e+00	-2.390046e+00	-1.865133e+00
3.743542880099285e-02	-2.390040e+00	-2.390046e+00	-1.865133e+00
3.744542880099285e-02	-2.390040e+00	-2.390046e+00	-1.865133e+00
3.745542880099285e-02	-2.390040e+00	-2.390046e+00	-1.865133e+00
3.746542880099285e-02	-2.390040e+00	-2.390046e+00	-1.865133e+00
3.747542880099285e-02	-2.390040e+00	-2.390046e+00	-1.865133e+00
3.748542880099285e-02	-2.390040e+00	-2.390046e+00	-1.865133e+00
3.749542880099285e-02	-2.390040e+00	-2.390046e+00	-1.865133e+00
3.750542880099285e-02	-2.390040e+00	-2.390046e+00	-1.865133e+00
3.751542880099285e-02	-2.390040e+00	-2.390046e+00	-1.865133e+00
3.752542880099285e-02	-2.390040e+00	-2.390046e+00	-1.865133e+00
3.753542880099285e-02	-2.390040e+00	-2.390046e+00	-1.865133e+00
3.754542880099285e-02	-2.390040e+00	-2.390046e+00	-1.865133e+00
3.755542880099285e-02	-2.390040e+00	-2.390046e+00	-1.865133e+00
3.756542880099285e-02	-2.390040e+00	-2.390046e+00	-1.865133e+00
3.757542880099285e-02	-2.390040e+00	-2.390046e+00	-1.865133e+00
3.758542880099285e-02	-2.390040e+00	-2.390046e+00	-1.865133e+00
3.759542880099285e-02	-2.390040e+00	-2.390046e+00	-1.865133e+00
3.760542880099285e-02	-2.390040e+00	-2.390046e+00	-1.865133e+00
3.761542880099285e-02	-2.390040e+00	-2.390046e+00	-1.865133e+00
3.762542880099285e-02	-2.390040e+00	-2.390046e+00	-1.865133e+00
3.763542880099285e-02	-2.390040e+00	-2.390046e+00	-1.865133e+00
3.764542880099285e-02	-2.390040e+00	-2.390046e+00	-1.865133e+00
3.765542880099285e-02	-2.390040e+00	-2.390046e+00	-1.865133e+00
3.766542880099285e-02	-2.390040e+00	-2.390046e+00	-1.865133e+00
3.767542880099285e-02	-2.390040e+00	-2.390046e+00	-1.865133e+00
3.768542880099285e-02	-2.390040e+00	-2.390046e+00	-1.865133e+00
3.769542880099285e-02	-2.390040e+00	-2.390046e+00	-1.865133e+00
3.770542880099285e-02	-2.390040e+00	-2.390046e+00	-1.865133e+00
3.771542880099285e-02	-2.390040e+00	-2.390046e+00	-1.865133e+00
3.772542880099285e-02	-2.390040e+00	-2.390046e+00	-1.865133e+00
3.773542880099285e-02	-2.390040e+00	-2.390046e+00	-1.865133e+00
3.774542880099285e-02	-2.390040e+00	-2.390046e+00	-1.865133e+00
3.775542880099285e-02	-2.390040e+00	-2.390046e+00	-1.865133e+00
3.776542880099285e-02	-2.390040e+00	-2.390046e+00	-1.865133e+00
3.777542880099285e-02	-2.390040e+00	-2.390046e+00	-1.865133e+00
3.778542880099285e-02	-2.390040e+00	-2.390046e+00	-1.865133e+00
3.779542880099285e-02	-2.390040e+00	-2.390046e+00	-1.865133e+00
3.780542880099285e-02	-2.390040e+00	-2.390046e+00	-1.865133e+00
3.781542880099285e-02	-2.390040e+00	-2.390046e+00	-1.865133e+00
3.782542880099285e-02	-2.390040e+00	-2.390046e+00	-1.865133e+00
3.783542880099285e-02	-2.390040e+00	-2.390046e+00	-1.865133e+00
3.784542880099285e-02	-2.390040e+00	-2.390046e+00	-1.865133e+00
3.785542880099285e-02	-2.390040e+00	-2.390046e+00	-1.865133e+00
3.786542880099285e-02	-2.390040e+00	-2.390046e+00	-1.865133e+00
3.787542880099285e-02	-2.390040e+00	-2.390046e+00	-1.865133e+00
3.788542880099285e-02	-2.390040e+00	-2.390046e+00	-1.865133e+00
3.789542880099285e-02	-2.390040e+00	-2.390046e+00	-1.865133e+00
3.790542880099285e-02	-2.390040e+00	-2.390046e+00	-1.865133e+00
3.791542880099285e-02	-2.390040e+00	-2.390046e+00	-1.865133e+00
3.792542880099285e-02	-2.390040e+00	-2.390046e+00	-1.865133e+00
3.793542880099285e-02	-2.390040e+00	-2.390046e+00	-1.865133e+00
3.794542880099285e-02	-2.390040e+00	-2.390046e+00	-1.865133e+00
3.795542880099285e-02	-2.390040e+00	-2.390046e+00	-1.865133e+00
3.796542880099285e-02	-2.390040e+00	-2.390046e+00	-1.865133e+00
3.797542880099285e-02	-2.390040e+00	-2.390046e+00	-1.865133e+00
3.798542880099285e-02	-2.390040e+00	-2.390046e+00	-1.865133e+00
3.799542880099285e-02	-2.390040e+00	-2.390046e+00	-1.865133e+00
3.800542880099285e-02	-2.390040e+00	-2.390046e+00	-1.865133e+00
3.801542880099285e-02	-2.390040e+00	-2.390046e+00	-1.865133e+00
3.802542880099285e-02	-2.390040e+00	-2.390046e+00	-1.865133e+00
3.803542880099285e-02	-2.390040e+00	-2.390046e+00	-1.865133e+00
3.804542880099285e-02	-2.390040e+00	-2.390046e+00	-1.865133e+00
3.805542880099285e-02	-2.390040e+00	-2.390046e+00	-1.865133e+00
3.806542880099285e-02	-2.390040e+00	-2.390046e+00	-1.865133e+00
3.807542880099285e-02	-2.390040e+00	-2.390046e+00	-1.865133e+00
3.808542880099285e-02	-2.390040e+00	-2.390046e+00	-1.865133e+00
3.809542880099285e-02	-2.390040e+00	-2.390046e+00	-1.865133e+00
3.810542880099285e-02	-2.390040e+00	-2.390046e+00	-1.865133e+00
3.811542880099285e-02	-2.390040e+00	-2.390046e+00	-1.865133e+00
3.812542880099285e-02	-2.390040e+00	-2.390046e+00	-1.865133e+00
3.813542880099285e-02	-2.390040e+00	-2.390046e+00	-1.865133e+00
3.814542880099285e-02	-2.390040e+00	-2.390046e+00	-1.865133e+00
3.815542880099285e-02	-2.390040e+00	-2.390046e+00	-1.865133e+00
3.816542880099285e-02	-2.390040e+00	-2.390046e+00	-1.865133e+00
3.817542880099285e-02	-2.390040e+00	-2.390046e+00	-1.865133e+00
3.818542880099285e-02	-2.390040e+00	-2.390046e+00	-1.865133e+00
3.819542880099285e-02	-2.390040e+00	-2.390046e+00	-1.865133e+00
3.820542880099285e-02	-2.390040e+00	-2.390046e+00	-1.865133e+00
3.821542880099285e-02	-2.390040e+00	-2.390046e+00	-1.865133e+00
3.822542880099285e-02	-2.390040e+00	-2.390046e+00	-1.865133e+00
3.823542880099285e-02	-2.390040e+00	-2.390046e+00	-1.865133e+00
3.824542880099285e-02	-2.390040e+00	-2.390046e+00	-1.865133e+00
3.825542880099285e-02	-2.390040e+00	-2.390046e+00	-1.865133e+00
3.826542880099285e-02	-2.390040e+00	-2.390046e+00	-1.865133e+00
3.827542880099285e-02	-2.390040e+00	-2.390046e+00	-1.865133e+00
3.828542880099285e-02	-2.390040e+00	-2.390046e+00	-1.865133e+00
3.829542880099285e-02	-2.390040e+00	-2.390046e+00	-1.865133e+00
3.830542880099285e-02	-2.390040e+00	-2.390046e+00	-1.865133e+00
3.831542880099285e-02	-2.390040e+00	-2.390046e+00	-1.865133e+00
3.832542880099285e-02	-2.390040e+00	-2.390046e+00	-1.865133e+00
3.833542880099285e-02	-2.390040e+00	-2.390046e+00	-1.865133e+00
3.834542880099285e-02	-2.390040e+00	-2.390046e+00	-1.865133e+00
3.835542880099285e-02	-2.390040e+00	-2.390046e+00	-1.865133e+00
3.836542880099285e-02	-2.390040e+00	-2.390046e+00	-1.865133e+00
3.837542880099285e-02	-2.390040e+00	-2.390046e+00	-1.865133e+00
3.838542880099285e-02	-2.390040e+00	-2.390046e+00	-1.865133e+00
3.839542880099285e-02	-2.390040e+00	-2.390046e+00	-1.865133e+00
3.840542880099285e-02	-2.390040e+00	-2.390046e+00	-1.865133e+00
3.841542880099285e-02	-2.390040e+00	-2.390046e+00	-1.865133e+00
3.842542880099285e-02	-2.390040e+00	-2.390046e+00	-1.865133e+00
3.843542880099285e-02	-2.390040e+00	-2.390046e+00	-1.865133e+00
3.844542880099285e-02	-2.390040e+00	-2.390046e+00	-1.865133e+00
3.845542880099285e-02	-2.390040e+00	-2.390046e+00	-1.865133e+00
3.846542880099285e-02	-2.390040e+00	-2.390046e+00	-1.865133e+00
3.847542880099285e-02	-2.390040e+00	-2.390046e+00	-1.865133e+00
3.848542880099285e-02	-2.390040e+00	-2.390046e+00	-1.865133e+00
3.849542880099285e-02	-2.390040e+00	-2.390046e+00	-1.865133e+00
3.850542880099285e-02	-2.390040e+00	-2.390046e+00	-1.865133e+00
3.851542880099285e-02	-2.390040e+00	-2.390046e+00	-1.865133e+00
3.852542880099285e-02	-2.390040e+00	-2.390046e+00	-1.865133e+00
3.853542880099285e-02	-2.390040e+00	-2.390046e+00	-1.865133e+00
3.854542880099285e-02	-2.390040e+00	-2.390046e+00	-1.865133e+00
3.855542880099285e-02	-2.390040e+00	-2.390046e+00	-1.865133e+00
3.856542880099285e-02	-2.390040e+00	-2.390046e+00	-1.865133e+00
3.857542880099285e-02	-2.390040e+00	-2.390046e+00	-1.865133e+00
3.858542880099285e-02	-2.390040e+00	-2.390046e+00	-1.865133e+00
3.859542880099285e-02	-2.390040e+00	-2.390046e+00	-1.865133e+00
3.860542880099285e-02	-2.390040e+00	-2.390046e+00	-1.865133e+00
3.861542880099285e-02	-2.390040e+00	-2.390046e+00	-1.865133e+00
3.862542880099285e-02	-2.390040e+00	-2.390046e+00	-1.865133e+00
3.863542880099285e-02	-2.390040e+00	-2.390046e+00	-1.865133e+00
3.864542880099285e-02	-2.390040e+00	-2.390046e+00	-1.865133e+00
3.865542880099285e-02	-2.390040e+00	-2.390046e+00	-1.865133e+00
3.866542880099285e-02	-2.390040e+00	-2.390046e+00	-1.865133e+00
3.867542880099285e-02	-2.390040e+00	-2.390046e+00	-1.865133e+00
3.868542880099285e-02	-2.390040e+00	-2.390046e+00	-1.865133e+00
3.869542880099285e-02	-2.390040e+00	-2.390046e+00	-1.865133e+00
3.870542880099285e-02	-2.390040e+00	-2.390046e+00	-1.865133e+00
3.871542880099285e-02	-2.390040e+00	-2.390046e+00	-1.865133e+00
3.872542880099285e-02	-2.390040e+00	-2.390046e+00	-1.865133e+00
3.873542880099285e-02	-2.390040e+00	-2.390046e+00	-1.865133e+00
3.874542880099285e-02	-2.390040e+00	-2.390046e+00	-1.865133e+00
3.875542880099285e-02	-2.390040e+00	-2.390046e+00	-1.865133e+00
3.876542880099285e-02	-2.390040e+00	-2.390046e+00	-1.865133e+00
3.877542880099285e-02	-2.390040e+00	-2.390046e+00	-1.865133e+00
3.878542880099285e-02	-2.390040e+00	-2.390046e+00	-1.865133e+00
3.879542880099285e-02	-2.390040e+00	-2.390046e+00	-1.865133e+00
3.880542880099285e-02	-2.390040e+00	-2.390046e+00	-1.865133e+00
3.881542880099285e-02	-2.390040e+00	-2.390046e+00	-1.865133e+00
3.882542880099285e-02	-2.390040e+00	-2.390046e+00	-1.865133e+00
3.883542880099285e-02	-2.390040e+00	-2.390046e+00	-1.865133e+00
3.884542880099285e-02	-2.390040e+00	-2.390046e+00	-1.865133e+00
3.885542880099285e-02	-2.390040e+00	-2.390046e+00	-1.865133e+00
3.886542880099285e-02	-2.390040e+00	-2.390046e+00	-1.865133e+00
3.887542880099285e-02	-2.390040e+00	-2.390046e+00	-1.865133e+00
3.888542880099285e-02	-2.390040e+00	-2.390046e+00	-1.865133e+00
3.889542880099285e-02	-2.390040e+00	-2.390046e+00	-1.865133e+00
3.890542880099285e-02	-2.390040e+00	-2.390046e+00	-1.865133e+00
3.891542880099285e-02	-2.390040e+00	-2.390046e+00	-1.865133e+00
3.892542880099285e-02	-2.390040e+00	-2.390046e+00	-1.865133e+00
3.893542880099285e-02	-2.390040e+00	-2.390046e+00	-1.865133e+00
3.894542880099285e-02	-2.390040e+00	-2.390046e+00	-1.865133e+00
3.895542880099285e-02	-2.390040e+00	-2.390046e+00	-1.865133e+00
3.896542880099285e-02	-2.390040e+00	-2.390046e+00	-1.865133e+00
3.897542880099285e-02	-2.390040e+00	-2.390046e+00	-1.865133e+00
3.898542880099285e-02	-2.390040e+00	-2.390046e+00	-1.865133e+00
3.899542880099285e-02	-2.390040e+00	-2.390046e+00	-1.865133e+00
3.900542880099285e-02	-2.390040e+00	-2.390046e+00	-1.865133e+00
3.901542880099285e-02	-2.390040e+00	-2.390046e+00	-1.865133e+00
3.902542880099285e-02	-2.390040e+00	-2.390046e+00	-1.865133e+00
3.903542880099285e-02	-2.390040e+00	-2.390046e+00	-1.865133e+00
3.904542880099285e-02	-2.390040e+00	-2.390046e+00	-1.865133e+00
3.905542880099285e-02	-2.390040e+00	-2.390046e+00	-1.865133e+00
3.906542880099285e-02	-2.390040e+00	-2.390046e+00	-1.865133e+00
3.907542880099285e-02	-2.390040e+00	-2.390046e+00	-1.865133e+00
3.908542880099285e-02	-2.390040e+00	-2.390046e+00	-1.865133e+00
3.909542880099285e-02	-2.390040e+00	-2.390046e+00	-1.865133e+00
3.910542880099285e-02	-2.390040e+00	-2.390046e+00	-1.865133e+00
3.911542880099285e-02	-2.390040e+00	-2.390046e+00	-1.865133e+00
3.912542880099285e-02	-2.390040e+00	-2.390046e+00	-1.865133e+00
3.913542880099285e-02	-2.390040e+00	-2.390046e+00	-1.865133e+00
3.914542880099285e-02	-2.390040e+00	-2.390046e+00	-1.865133e+00
3.915542880099285e-02	-2.390040e+00	-2.390046e+00	-1.865133e+00
3.916542880099285e-02	-2.390040e+00	-2.390046e+00	-1.865133e+00
3.917542880099285e-02	-2.390040e+00	-2.390046e+00	-1.865133e+00
3.918542880099285e-02	-2.390040e+00	-2.390046e+00	-1.865133e+00
3.919542880099285e-02	-2.390040e+00	-2.390046e+00	-1.865133e+00
3.920542880099285e-02	-2.390040e+00	-2.390046e+00	-1.865133e+00
3.921542880099285e-02	-2.390040e+00	-2.390046e+00	-1.865133e+00
3.922542880099285e-02	-2.390040e+00	-2.390046e+00	-1.865133e+00
3.923542880099285e-02	-2.390040e+00	-2.390046e+00	-1.865133e+00
3.924542880099285e-02	-2.390040e+00	-2.390046e+00	-1.865133e+00
3.925542880099285e-02	-2.390040e+00	-2.390046e+00	-1.865133e+00
3.926542880099285e-02	-2.390040e+00	-2.390046e+00	-1.865133e+00
3.927542880099285e-02	-2.390040e+00	-2.390046e+00	-1.865133e+00
3.928542880099285e-02	-2.390040e+00	-2.390046e+00	-1.865133e+00
3.929542880099285e-02	-2.390040e+00	-2.390046e+00	-1.865133e+00
3.930542880099285e-02	-2.390040e+00	-2.390046e+00	-1.865133e+00
3.931542880099285e-02	-2.390040e+00	-2.390046e+00	-1.865133e+00
3.932542880099285e-02	-2.390040e+00	-2.390046e+00	-1.865133e+00
3.933542880099285e-02	-2.390040e+00	-2.390046e+00	-1.865133e+00
3.934542880099285e-02	-2.390040e+00	-2.390046e+00	-1.865133e+00
3.935542880099285e-02	-2.390040e+00	-2.390046e+00	-1.865133e+00
3.936542880099285e-02	-2.390040e+00	-2.390046e+00	-1.865133e+00
3.937542880099285e-02	-2.390040e+00	-2.390046e+00	-1.865133e+00
3.938542880099285e-02	-2.390040e+00	-2.390046e+00	-1.865133e+00
3.939542880099285e-02	-2.390040e+00	-2.390046e+00	-1.865133e+00
3.940542880099285e-02	-2.390040e+00	-2.390046e+00	-1.865133e+00
3.941542880099285e-02	-2.390040e+00	-2.390046e+00	-1.865133e+00
3.942542880099285e-02	-2.390040e+00	-2.390046e+00	-1.865133e+00
3.943542880099285e-02	-2.390040e+00	-2.390046e+00	-1.865133e+00
3.944542880099285e-02	-2.390040e+00	-2.390046e+00	-1.865133e+00
3.945542880099285e-02	-2.390040e+00	-2.390046e+00	-1.865133e+00
3.946542880099285e-02	-2.390040e+00	-2.390046e+00	-1.865133e+00
3.947542880099285e-02	-2.390040e+00	-2.390046e+00	-1.865133e+00
3.948542880099285e-02	-2.390040e+00	-2.390046e+00	-1.865133e+00
3.949542880099285e-02	-2.390040e+00	-2.390046e+00	-1.865133e+00
3.950542880099285e-02	-2.390040e+00	-2.390046e+00	-1.865133e+00
3.951542880099285e-02	-2.390040e+00	-2.390046e+00	-1.865133e+00
3.952542880099285e-02	-2.390040e+00	-2.390046e+00	-1.865133e+00
3.953542880099285e-02	-2.390040e+00	-2.390046e+00	-1.865133e+00
3.954542880099285e-02	-2.390040e+00	-2.390046e+00	-1.865133e+00
3.955542880099285e-02	-2.390040e+00	-2.390046e+00	-1.865133e+00
3.956542880099285e-02	-2.390040e+00	-2.390046e+00	-1.865133e+00
3.957542880099285e-02	-2.390040e+00	-2.390046e+00	-1.865133e+00
3.958542880099285e-02	-2.390040e+00	-2.390046e+00	-1.865133e+00
3.959542880099285e-02	-2.390040e+00	-2.390046e+00	-1.865133e+00
3.960542880099285e-02	-2.390040e+00	-2.390046e+00	-1.865133e+00
3.961542880099285e-02	-2.390040e+00	-2.390046e+00	-1.865133e+00
3.962542880099285e-02	-2.390040e+00	-2.390046e+00	-1.865133e+00
3.963542880099285e-02	-2.390040e+00	-2.390046e+00	-1.865133e+00
3.964542880099285e-02	-2.390040e+00	-2.390046e+00	-1.865133e+00
3.965542880099285e-02	-2.390040e+00	-2.390046e+00	-1.865133e+00
3.966542880099285e-02	-2.390040e+00	-2.390046e+00	-1.865133e+00
3.967542880099285e-02	-2.390040e+00	-2.390046e+00	-1.865133e+00
3.968542880099285e-02	-2.390040e+00	-2.390046e+00	-1.865133e+00
3.969542880099285e-02	-2.390040e+00	-2.390046e+00	-1.865133e+00
3.970542880099285e-02	-2.390040e+00	-2.390046e+00	-1.865133e+00
3.971542880099285e-02	-2.390040e+00	-2.390046e+00	-1.865133e+00
3.972542880099285e-02	-2.390040e+00	-2.390046e+00	-1.865133e+00
3.973542880099285e-02	-2.390040e+00	-2.390046e+00	-1.865133e+00
3.974542880099285e-02	-2.390040e+00	-2.390046e+00	-1.865133e+00
3.975542880099285e-02	-2.390040e+00	-2.390046e+00	-1.865133e+00
3.976542880099285e-02	-2.390040e+00	-2.390046e+00	-1.865133e+00
3.977542880099285e-02	-2.390040e+00	-2.390046e+00	-1.865133e+00
3.978542880099285e-02	-2.390040e+00	-2.390046e+00	-1.865133e+00
3.979542880099285e-02	-2.390040e+00	-2.390046e+00	-1.865133e+00
3.980542880099285e-02	-2.390040e+00	-2.390046e+00	-1.865133e+00
3.981542880099285e-02	-2.390040e+00	-2.390046e+00	-1.865133e+00
3.982542880099285e-02	-2.390040e+00	-2.390046e+00	-1.865133e+00
3.983542880099285e-02	-2.390040e+00	-2.390046e+00	-1.865133e+00
3.984542880099285e-02	-2.390040e+00	-2.390046e+00	-1.865133e+00
3.985542880099285e-02	-2.390040e+00	-2.390046e+00	-1.865133e+00
3.986542880099285e-02	-2.390040e+00	-2.390046e+00	-1.865133e+00
3.987542880099285e-02	-2.390040e+00	-2.390046e+00	-1.865133e+00
3.988542880099285e-02	-2.390040e+00	-2.390046e+00	-1.865133e+00
3.989542880099285e-02	-2.390040e+00	-2.390046e+00	-1.865133e+00
3.990542880099285e-02	-2.390040e+00	-2.390046e+00	-1.865133e+00
3.991542880099285e-02	-2.390040e+00	-2.390046e+00	-1.865133e+00
3.992542880099285e-02	-2.390040e+00	-2.390046e+00	-1.865133e+00
3.993542880099285e-02	-2.390040e+00	-2.390046e+00	-1.865133e+00
3.994542880099285e-02	-2.390040e+00	-2.390046e+00	-1.865133e+00
3.995542880099285e-02	-2.390040e+00	-2.390046e+00	-1.865133e+00
3.996542880099285e-02	-2.390040e+00	-2.390046e+00	-1.865133e+00
3.997542880099285e-02	-2.390040e+00	-2.390046e+00	-1.865133e+00
3.998542880099285e-02	-2.390040e+00	-2.390046e+00	-1.865133e+00
3.999542880099285e-02	-2.390040e+00	-2.390046e+00	-1.865133e+00
4.000000000000000e-02	-2.390040e+00	-2.390046e+00	-1.865133e+00
