time	V(out_positive,out_negative)
0.000000000000000e+00	1.215935e-05
9.999999439624929e-11	1.215935e-05
1.014771014473093e-10	1.215935e-05
1.044313155494293e-10	1.215935e-05
1.103397437536694e-10	1.215935e-05
1.221566001621494e-10	1.215935e-05
1.457903129791096e-10	1.215935e-05
1.862538002960903e-10	1.215935e-05
2.286514155064465e-10	1.215935e-05
2.974902980062720e-10	1.215935e-05
3.830724674940455e-10	1.215935e-05
5.064650710027747e-10	1.215935e-05
7.500304056114175e-10	1.215935e-05
1.237161074828703e-09	1.215935e-05
2.211422413263274e-09	1.239777e-05
4.159945090132417e-09	1.239777e-05
8.056990443870703e-09	1.287460e-05
1.343432363044510e-08	1.406670e-05
1.578481599101972e-08	1.454353e-05
1.694387515833071e-08	1.478195e-05
1.754074400603544e-08	1.478195e-05
1.786871078376463e-08	1.502037e-05
1.808417377773276e-08	1.502037e-05
1.824501147193808e-08	1.525879e-05
1.841527239429487e-08	1.502037e-05
1.857744152945779e-08	1.525879e-05
1.878454817171363e-08	1.525879e-05
1.905206130834530e-08	1.525879e-05
1.946264535305032e-08	1.549721e-05
2.021504100493614e-08	1.573563e-05
2.171983230870778e-08	1.597404e-05
2.472941491625106e-08	1.716614e-05
3.074858013133762e-08	1.907349e-05
3.886793624492852e-08	2.312660e-05
4.511437558083093e-08	2.956390e-05
5.036680682738978e-08	4.315376e-05
5.507580187389827e-08	7.081032e-05
6.070069211397353e-08	1.356602e-04
6.659772655385855e-08	2.350807e-04
7.385917243397475e-08	3.588200e-04
8.186582284057346e-08	4.475117e-04
9.116130985682241e-08	4.413128e-04
1.016719947526821e-07	3.237724e-04
1.108636562901699e-07	2.136230e-04
1.215300358442980e-07	1.282692e-04
1.341302564293888e-07	6.413460e-05
1.585321985157005e-07	-8.344650e-06
1.819186977875259e-07	-4.839897e-05
2.186639648926738e-07	-9.465218e-05
2.576463055910207e-07	-1.301765e-04
3.059004585108301e-07	-1.559258e-04
3.326616835837619e-07	-1.611710e-04
3.579310457855401e-07	-1.630783e-04
4.084697701890964e-07	-1.637936e-04
4.762964641313724e-07	-1.647472e-04
5.138946495988644e-07	-1.666546e-04
5.394943422553435e-07	-1.711845e-04
5.646359610813064e-07	-1.792908e-04
5.763027499857613e-07	-1.847744e-04
5.784315949365826e-07	-1.857281e-04
5.792720430926372e-07	-1.859665e-04
5.800816228320757e-07	-1.866817e-04
5.817007823109526e-07	-1.871586e-04
5.849391012687067e-07	-1.890659e-04
5.914157391842147e-07	-1.924038e-04
6.043690150152308e-07	-1.997948e-04
6.302755666772631e-07	-2.148151e-04
6.663184359428029e-07	-2.350807e-04
7.163322413674996e-07	-2.608299e-04
7.673133940087588e-07	-2.837181e-04
7.980611977025156e-07	-2.954006e-04
8.139035855269084e-07	-3.008842e-04
8.232520356010859e-07	-3.039837e-04
8.323231974084142e-07	-3.068447e-04
8.382860101659168e-07	-3.087521e-04
8.459050134530279e-07	-3.108978e-04
8.611430200272503e-07	-3.156662e-04
8.803585922021153e-07	-3.232956e-04
9.116986773223679e-07	-3.643036e-04
9.375869837769641e-07	-4.513264e-04
9.626500951451823e-07	-5.855560e-04
9.964954366232935e-07	-7.987022e-04
1.051544095247821e-06	-1.138926e-03
1.104664484782935e-06	-1.411676e-03
1.159477199149213e-06	-1.589775e-03
1.218891291792220e-06	-1.647711e-03
1.272885576831600e-06	-1.621723e-03
1.376036475831480e-06	-1.522541e-03
1.496322289753082e-06	-1.356363e-03
1.594408033127938e-06	-1.207113e-03
1.664443374203714e-06	-1.118660e-03
1.730765740414123e-06	-1.051426e-03
1.798752343576599e-06	-9.984970e-04
1.865024306242331e-06	-9.603500e-04
1.935999491083157e-06	-9.291172e-04
2.007869099037751e-06	-9.047985e-04
2.082767662191759e-06	-8.835793e-04
2.160917541380914e-06	-8.623600e-04
2.244957037157898e-06	-8.375645e-04
2.340514464443009e-06	-8.051395e-04
2.463442491229043e-06	-7.627010e-04
2.684796590893321e-06	-7.071495e-04
2.985873842168350e-06	-6.768703e-04
3.280666044308297e-06	-6.606579e-04
3.505893107005380e-06	-6.513596e-04
3.731143312223108e-06	-6.434917e-04
3.955727173233360e-06	-6.356239e-04
4.202213943260616e-06	-6.282330e-04
4.556336966503871e-06	-6.170273e-04
4.969881496141599e-06	-6.048679e-04
5.503124290347679e-06	-5.893707e-04
6.112969198440965e-06	-5.724430e-04
6.815379619403903e-06	-5.528927e-04
7.574750376627801e-06	-5.328655e-04
8.403193397731134e-06	-5.109310e-04
9.169864044961656e-06	-4.916191e-04
1.005483414406137e-05	-4.692078e-04
1.101901842267629e-05	-4.453659e-04
1.214599351807249e-05	-4.177094e-04
1.327241126347966e-05	-3.912449e-04
1.467893452761672e-05	-3.592968e-04
1.622531773015429e-05	-3.283024e-04
1.736959226392856e-05	-3.075600e-04
1.852877248369454e-05	-2.889633e-04
1.970656195780775e-05	-2.720356e-04
2.089505920096461e-05	-2.572536e-04
2.173751357178619e-05	-2.474785e-04
2.246731374092343e-05	-2.396107e-04
2.322798979314263e-05	-2.315044e-04
2.393533595514518e-05	-2.243519e-04
2.432442709124979e-05	-2.200603e-04
2.455009357090672e-05	-2.176762e-04
2.466200524327007e-05	1.595259e-03
2.473637722709201e-05	4.593372e-03
2.478573207133915e-05	6.003857e-03
2.482875292780384e-05	6.403208e-03
2.487516483237172e-05	6.842375e-03
2.492346488196540e-05	7.242918e-03
2.495414149680884e-05	7.481337e-03
2.499216814458492e-05	7.766247e-03
2.501709677156989e-05	7.939816e-03
2.504584399966128e-05	8.131504e-03
2.506704275013025e-05	8.263350e-03
2.508886898534977e-05	8.393288e-03
2.510465415975858e-05	8.481979e-03
2.512115277374004e-05	8.571625e-03
2.513691067652692e-05	8.652925e-03
2.515114422742008e-05	8.723974e-03
2.516864841661850e-05	8.807182e-03
2.518503149739232e-05	8.881807e-03
2.520722692111583e-05	8.977652e-03
2.523012495181775e-05	9.070873e-03
2.526438671095678e-05	9.200573e-03
2.529939011886058e-05	9.321451e-03
2.535514462512252e-05	9.494066e-03
2.541257197489710e-05	9.649038e-03
2.551210030011523e-05	9.875298e-03
2.561397027048454e-05	1.006150e-02
2.581507902517945e-05	1.034045e-02
2.602295868771617e-05	1.054335e-02
2.637848658858726e-05	1.081467e-02
2.688463469942356e-05	1.171541e-02
2.726769544715307e-05	1.554918e-02
2.757492521161813e-05	2.202821e-02
2.794465226047521e-05	2.897978e-02
2.807681604560760e-05	3.078961e-02
2.814019051075133e-05	3.553724e-02
2.818895172276712e-05	4.462600e-02
2.820582206549787e-05	4.858828e-02
2.821774941743017e-05	5.135846e-02
2.822591608452256e-05	5.327773e-02
2.823490847586123e-05	5.541706e-02
2.824356173592214e-05	5.749488e-02
2.825585343583754e-05	6.047964e-02
2.827660414840302e-05	6.560516e-02
2.831198906081272e-05	7.460523e-02
2.838275888563211e-05	9.364462e-02
2.844840466729357e-05	1.125615e-01
2.854893251022318e-05	1.436644e-01
2.872484641384945e-05	2.032084e-01
2.890798880820032e-05	2.702696e-01
2.903316949568405e-05	3.182559e-01
2.909990825529328e-05	3.443797e-01
2.914854143189963e-05	3.636026e-01
2.919215556327490e-05	3.809369e-01
2.923729087621531e-05	3.989122e-01
2.928025580066891e-05	4.159577e-01
2.932454734868264e-05	4.332736e-01
2.937016316706859e-05	4.505017e-01
2.941984753242576e-05	4.680321e-01
2.947921600364270e-05	4.866452e-01
2.956718098207831e-05	5.095716e-01
2.970803158304820e-05	5.387695e-01
2.985354124490241e-05	5.642169e-01
3.006776434993021e-05	5.978017e-01
3.041116334599675e-05	6.472902e-01
3.078887538551213e-05	6.989459e-01
3.111901238657419e-05	7.428895e-01
3.147874992358871e-05	7.900560e-01
3.186145116321016e-05	8.397015e-01
3.226644767992070e-05	8.918576e-01
3.267091206931275e-05	9.436685e-01
3.306520976714532e-05	9.939964e-01
3.354862007970831e-05	1.055512e+00
3.435193275086528e-05	1.157435e+00
3.527612027346272e-05	1.274371e+00
3.656622731900937e-05	1.437238e+00
3.779930604531905e-05	1.592609e+00
3.898083084173915e-05	1.741270e+00
4.023486522595082e-05	1.898841e+00
4.177653396859508e-05	2.092276e+00
4.358457989843790e-05	2.318740e+00
4.488419173503146e-05	2.481258e+00
4.570109905527035e-05	2.583237e+00
4.604912706077659e-05	2.599571e+00
4.638375345824434e-05	2.604696e+00
4.658511279142894e-05	2.606840e+00
4.680687182793955e-05	2.608467e+00
4.721644853612396e-05	2.610765e+00
4.768343875326787e-05	2.612475e+00
4.819869429719983e-05	2.613842e+00
4.890140806544442e-05	2.615105e+00
4.953858850956323e-05	2.615947e+00
5.045201193758675e-05	2.616794e+00
5.163148742769179e-05	2.617574e+00
5.399043840790186e-05	2.618501e+00
5.611483178164193e-05	2.619015e+00
5.875274999027278e-05	2.619416e+00
6.165137343800724e-05	2.619720e+00
6.649143153778490e-05	2.620018e+00
7.305620463152779e-05	2.620255e+00
8.164994361060414e-05	2.620409e+00
9.023343522206102e-05	2.620498e+00
9.943068121244918e-05	2.620540e+00
1.094306812124492e-04	2.620571e+00
1.194306812124492e-04	2.620582e+00
1.294306812124492e-04	2.620594e+00
1.394306812124492e-04	2.620653e+00
1.448463824705506e-04	2.623209e+00
1.505664345284539e-04	2.630060e+00
1.563479286134265e-04	2.641848e+00
1.637295302953745e-04	2.666943e+00
1.686097132474251e-04	2.692318e+00
1.732490487598415e-04	2.724020e+00
1.783879966071851e-04	2.765613e+00
1.805881362947039e-04	2.784584e+00
1.830258131610395e-04	2.805934e+00
1.858899171420753e-04	2.831236e+00
1.886418204911099e-04	2.855533e+00
1.917157542924470e-04	2.882578e+00
1.951307908422219e-04	2.912368e+00
1.992359608290434e-04	2.947820e+00
2.041389545993771e-04	2.989550e+00
2.104299173766712e-04	3.042166e+00
2.191206757081293e-04	3.109570e+00
2.233751147549026e-04	3.126722e+00
2.252140093957683e-04	3.131896e+00
2.266739207192656e-04	3.135424e+00
2.280927913641889e-04	3.138438e+00
2.291345891826068e-04	3.140453e+00
2.299846602873470e-04	3.141972e+00
2.307209340462396e-04	3.143224e+00
2.314722034060152e-04	3.144425e+00
2.321728361232670e-04	3.145501e+00
2.329400288508997e-04	3.146612e+00
2.337758933435933e-04	3.147772e+00
2.347508888443246e-04	3.149040e+00
2.359448768502002e-04	3.150505e+00
2.374602568104640e-04	3.152214e+00
2.394300436609937e-04	3.154242e+00
2.421666130152887e-04	3.156728e+00
2.457249780141240e-04	3.159515e+00
2.513731264562959e-04	3.163134e+00
2.577790150651922e-04	3.166386e+00
2.677790150651921e-04	3.170235e+00
2.777790150651922e-04	3.173107e+00
2.877790150651921e-04	3.175334e+00
2.977790150651922e-04	3.177107e+00
3.077790150651921e-04	3.178556e+00
3.177790150651922e-04	3.179759e+00
3.277790150651921e-04	3.180778e+00
3.377790150651922e-04	3.181647e+00
3.477790150651921e-04	3.182401e+00
3.577790150651922e-04	3.183057e+00
3.677790150651921e-04	3.183637e+00
3.777790150651922e-04	3.184149e+00
3.877790150651921e-04	3.184608e+00
3.977790150651922e-04	3.185018e+00
4.077790150651921e-04	3.185390e+00
4.177790150651922e-04	3.185724e+00
4.277790150651921e-04	3.186032e+00
4.377790150651922e-04	3.186309e+00
4.477790150651921e-04	3.186567e+00
4.577790150651922e-04	3.186801e+00
4.677790150651921e-04	3.187020e+00
4.777790150651922e-04	3.187218e+00
4.877790150651921e-04	3.187406e+00
4.977790150651921e-04	3.187577e+00
5.077790150651921e-04	3.187740e+00
5.177790150651922e-04	3.187888e+00
5.277790150651922e-04	3.188030e+00
5.377790150651921e-04	3.188160e+00
5.477790150651921e-04	3.188285e+00
5.577790150651921e-04	3.188399e+00
5.677790150651922e-04	3.188510e+00
5.777790150651921e-04	3.188610e+00
5.877790150651921e-04	3.188709e+00
5.977790150651921e-04	3.188798e+00
6.077790150651922e-04	3.188886e+00
6.177790150651921e-04	3.188965e+00
6.277790150651921e-04	3.189045e+00
6.377790150651921e-04	3.189116e+00
6.477790150651922e-04	3.189187e+00
6.577790150651921e-04	3.189251e+00
6.677790150651921e-04	3.189316e+00
6.777790150651921e-04	3.189373e+00
6.877790150651922e-04	3.189432e+00
6.977790150651921e-04	3.189484e+00
7.077790150651921e-04	3.189538e+00
7.177790150651921e-04	3.189585e+00
7.277790150651922e-04	3.189634e+00
7.377790150651921e-04	3.189676e+00
7.477790150651921e-04	3.189721e+00
7.577790150651921e-04	3.189760e+00
7.677790150651922e-04	3.189801e+00
7.777790150651921e-04	3.189836e+00
7.877790150651921e-04	3.189874e+00
7.977790150651921e-04	3.189906e+00
8.077790150651922e-04	3.189941e+00
8.177790150651921e-04	3.189970e+00
8.277790150651921e-04	3.190003e+00
8.377790150651921e-04	3.190029e+00
8.477790150651922e-04	3.190059e+00
8.577790150651921e-04	3.190084e+00
8.677790150651921e-04	3.190112e+00
8.777790150651921e-04	3.190134e+00
8.877790150651921e-04	3.190160e+00
8.977790150651921e-04	3.190180e+00
9.077790150651921e-04	3.190204e+00
9.177790150651921e-04	3.190223e+00
9.277790150651921e-04	3.190245e+00
9.377790150651921e-04	3.190262e+00
9.477790150651921e-04	3.190283e+00
9.577790150651921e-04	3.190299e+00
9.677790150651921e-04	3.190319e+00
9.777790150651922e-04	3.190333e+00
9.877790150651922e-04	3.190351e+00
9.977790150651920e-04	3.190364e+00
1.007779015065192e-03	3.190382e+00
1.017779015065192e-03	3.190393e+00
1.027779015065192e-03	3.190410e+00
1.037779015065192e-03	3.190420e+00
1.047779015065192e-03	3.190436e+00
1.057779015065192e-03	3.190446e+00
1.067779015065192e-03	3.190460e+00
1.077779015065192e-03	3.190469e+00
1.087779015065192e-03	3.190483e+00
1.097779015065192e-03	3.190491e+00
1.107779015065192e-03	3.190503e+00
1.117779015065192e-03	3.190511e+00
1.127779015065192e-03	3.190523e+00
1.137779015065192e-03	3.190530e+00
1.147779015065192e-03	3.190541e+00
1.157779015065192e-03	3.190548e+00
1.167779015065192e-03	3.190558e+00
1.177779015065192e-03	3.190564e+00
1.187779015065192e-03	3.190574e+00
1.197779015065192e-03	3.190579e+00
1.207779015065192e-03	3.190589e+00
1.217779015065192e-03	3.190594e+00
1.227779015065192e-03	3.190603e+00
1.237779015065192e-03	3.190607e+00
1.247779015065192e-03	3.190616e+00
1.257779015065192e-03	3.190619e+00
1.267779015065192e-03	3.190628e+00
1.277779015065192e-03	3.190631e+00
1.287779015065192e-03	3.190639e+00
1.297779015065192e-03	3.190642e+00
1.307779015065192e-03	3.190649e+00
1.317779015065192e-03	3.190652e+00
1.327779015065192e-03	3.190659e+00
1.337779015065192e-03	3.190661e+00
1.347779015065192e-03	3.190668e+00
1.357779015065192e-03	3.190670e+00
1.367779015065192e-03	3.190677e+00
1.377779015065192e-03	3.190679e+00
1.387779015065192e-03	3.190685e+00
1.397779015065192e-03	3.190686e+00
1.407779015065192e-03	3.190692e+00
1.417779015065192e-03	3.190694e+00
1.427779015065192e-03	3.190700e+00
1.437779015065192e-03	3.190700e+00
1.447779015065192e-03	3.190706e+00
1.457779015065192e-03	3.190707e+00
1.467779015065192e-03	3.190712e+00
1.477779015065192e-03	3.190713e+00
1.487779015065192e-03	3.190718e+00
1.497779015065192e-03	3.190718e+00
1.507779015065192e-03	3.190723e+00
1.517779015065192e-03	3.190723e+00
1.527779015065192e-03	3.190728e+00
1.537779015065192e-03	3.190728e+00
1.547779015065192e-03	3.190733e+00
1.557779015065192e-03	3.190733e+00
1.567779015065192e-03	3.190737e+00
1.577779015065192e-03	3.190737e+00
1.587779015065192e-03	3.190741e+00
1.597779015065192e-03	3.190741e+00
1.607779015065192e-03	3.190746e+00
1.617779015065192e-03	3.190745e+00
1.627779015065192e-03	3.190749e+00
1.637779015065192e-03	3.190748e+00
1.647779015065192e-03	3.190752e+00
1.657779015065192e-03	3.190751e+00
1.667779015065192e-03	3.190756e+00
1.677779015065192e-03	3.190755e+00
1.687779015065192e-03	3.190759e+00
1.697779015065192e-03	3.190758e+00
1.707779015065192e-03	3.190762e+00
1.717779015065192e-03	3.190760e+00
1.727779015065192e-03	3.190764e+00
1.737779015065192e-03	3.190763e+00
1.747779015065192e-03	3.190767e+00
1.757779015065192e-03	3.190765e+00
1.767779015065192e-03	3.190769e+00
1.777779015065192e-03	3.190767e+00
1.787779015065192e-03	3.190771e+00
1.797779015065192e-03	3.190770e+00
1.807779015065192e-03	3.190773e+00
1.817779015065192e-03	3.190772e+00
1.827779015065192e-03	3.190775e+00
1.837779015065192e-03	3.190773e+00
1.847779015065192e-03	3.190777e+00
1.857779015065192e-03	3.190775e+00
1.867779015065192e-03	3.190778e+00
1.877779015065192e-03	3.190777e+00
1.887779015065192e-03	3.190780e+00
1.897779015065192e-03	3.190778e+00
1.907779015065192e-03	3.190781e+00
1.917779015065192e-03	3.190780e+00
1.927779015065192e-03	3.190783e+00
1.937779015065192e-03	3.190781e+00
1.947779015065192e-03	3.190784e+00
1.957779015065192e-03	3.190782e+00
1.967779015065192e-03	3.190785e+00
1.977779015065192e-03	3.190783e+00
1.987779015065192e-03	3.190786e+00
1.997779015065192e-03	3.190784e+00
2.007779015065192e-03	3.190787e+00
2.017779015065192e-03	3.190785e+00
2.027779015065192e-03	3.190788e+00
2.037779015065192e-03	3.190786e+00
2.047779015065192e-03	3.190789e+00
2.057779015065192e-03	3.190787e+00
2.067779015065192e-03	3.190790e+00
2.077779015065192e-03	3.190788e+00
2.087779015065192e-03	3.190791e+00
2.097779015065192e-03	3.190789e+00
2.107779015065192e-03	3.190792e+00
2.117779015065192e-03	3.190790e+00
2.127779015065192e-03	3.190792e+00
2.137779015065192e-03	3.190790e+00
2.147779015065192e-03	3.190793e+00
2.157779015065192e-03	3.190791e+00
2.167779015065192e-03	3.190794e+00
2.177779015065192e-03	3.190792e+00
2.187779015065192e-03	3.190794e+00
2.197779015065192e-03	3.190792e+00
2.207779015065192e-03	3.190795e+00
2.217779015065192e-03	3.190793e+00
2.227779015065192e-03	3.190796e+00
2.237779015065192e-03	3.190793e+00
2.247779015065192e-03	3.190796e+00
2.257779015065192e-03	3.190794e+00
2.267779015065192e-03	3.190797e+00
2.277779015065192e-03	3.190794e+00
2.287779015065192e-03	3.190797e+00
2.297779015065192e-03	3.190795e+00
2.307779015065192e-03	3.190797e+00
2.317779015065192e-03	3.190795e+00
2.327779015065192e-03	3.190798e+00
2.337779015065192e-03	3.190795e+00
2.347779015065192e-03	3.190798e+00
2.357779015065192e-03	3.190796e+00
2.367779015065192e-03	3.190798e+00
2.377779015065192e-03	3.190796e+00
2.387779015065192e-03	3.190799e+00
2.397779015065192e-03	3.190796e+00
2.407779015065192e-03	3.190799e+00
2.417779015065192e-03	3.190797e+00
2.427779015065192e-03	3.190799e+00
2.437779015065192e-03	3.190797e+00
2.447779015065192e-03	3.190799e+00
2.457779015065192e-03	3.190797e+00
2.467779015065192e-03	3.190800e+00
2.477779015065192e-03	3.190797e+00
2.487779015065192e-03	3.190800e+00
2.497779015065192e-03	3.190797e+00
2.507779015065192e-03	3.190800e+00
2.517779015065192e-03	3.190798e+00
2.527779015065192e-03	3.190800e+00
2.537779015065192e-03	3.190798e+00
2.547779015065192e-03	3.190801e+00
2.557779015065192e-03	3.190798e+00
2.567779015065192e-03	3.190801e+00
2.577779015065192e-03	3.190798e+00
2.587779015065192e-03	3.190801e+00
2.597779015065192e-03	3.190798e+00
2.607779015065192e-03	3.190801e+00
2.617779015065192e-03	3.190799e+00
2.627779015065192e-03	3.190801e+00
2.637779015065192e-03	3.190799e+00
2.647779015065192e-03	3.190801e+00
2.657779015065192e-03	3.190799e+00
2.667779015065192e-03	3.190802e+00
2.677779015065192e-03	3.190799e+00
2.687779015065192e-03	3.190802e+00
2.697779015065192e-03	3.190799e+00
2.707779015065192e-03	3.190802e+00
2.717779015065192e-03	3.190799e+00
2.727779015065192e-03	3.190802e+00
2.737779015065192e-03	3.190799e+00
2.747779015065192e-03	3.190802e+00
2.757779015065192e-03	3.190799e+00
2.767779015065192e-03	3.190802e+00
2.777779015065192e-03	3.190800e+00
2.787779015065192e-03	3.190802e+00
2.797779015065192e-03	3.190800e+00
2.807779015065192e-03	3.190802e+00
2.817779015065192e-03	3.190800e+00
2.827779015065192e-03	3.190802e+00
2.837779015065192e-03	3.190800e+00
2.847779015065192e-03	3.190802e+00
2.857779015065192e-03	3.190800e+00
2.867779015065192e-03	3.190802e+00
2.877779015065192e-03	3.190800e+00
2.887779015065192e-03	3.190802e+00
2.897779015065192e-03	3.190800e+00
2.907779015065192e-03	3.190802e+00
2.917779015065192e-03	3.190800e+00
2.927779015065192e-03	3.190802e+00
2.937779015065192e-03	3.190800e+00
2.947779015065192e-03	3.190803e+00
2.957779015065192e-03	3.190800e+00
2.967779015065192e-03	3.190803e+00
2.977779015065192e-03	3.190800e+00
2.987779015065192e-03	3.190803e+00
2.997779015065192e-03	3.190800e+00
3.007779015065192e-03	3.190803e+00
3.017779015065192e-03	3.190800e+00
3.027779015065192e-03	3.190803e+00
3.037779015065192e-03	3.190800e+00
3.047779015065192e-03	3.190803e+00
3.057779015065192e-03	3.190800e+00
3.067779015065192e-03	3.190803e+00
3.077779015065192e-03	3.190800e+00
3.087779015065192e-03	3.190803e+00
3.097779015065192e-03	3.190800e+00
3.107779015065192e-03	3.190803e+00
3.117779015065192e-03	3.190800e+00
3.127779015065192e-03	3.190803e+00
3.137779015065192e-03	3.190801e+00
3.147779015065192e-03	3.190803e+00
3.157779015065192e-03	3.190801e+00
3.167779015065192e-03	3.190803e+00
3.177779015065192e-03	3.190801e+00
3.187779015065192e-03	3.190803e+00
3.197779015065192e-03	3.190801e+00
3.207779015065192e-03	3.190803e+00
3.217779015065192e-03	3.190801e+00
3.227779015065192e-03	3.190803e+00
3.237779015065192e-03	3.190801e+00
3.247779015065192e-03	3.190803e+00
3.257779015065192e-03	3.190801e+00
3.267779015065192e-03	3.190803e+00
3.277779015065192e-03	3.190801e+00
3.287779015065192e-03	3.190803e+00
3.297779015065192e-03	3.190801e+00
3.307779015065192e-03	3.190803e+00
3.317779015065192e-03	3.190801e+00
3.327779015065192e-03	3.190803e+00
3.337779015065192e-03	3.190801e+00
3.347779015065192e-03	3.190803e+00
3.357779015065192e-03	3.190801e+00
3.367779015065192e-03	3.190803e+00
3.377779015065192e-03	3.190801e+00
3.387779015065192e-03	3.190803e+00
3.397779015065192e-03	3.190801e+00
3.407779015065192e-03	3.190803e+00
3.417779015065192e-03	3.190801e+00
3.427779015065192e-03	3.190803e+00
3.437779015065192e-03	3.190801e+00
3.447779015065192e-03	3.190803e+00
3.457779015065192e-03	3.190801e+00
3.467779015065192e-03	3.190803e+00
3.477779015065192e-03	3.190801e+00
3.487779015065192e-03	3.190803e+00
3.497779015065192e-03	3.190801e+00
3.507779015065192e-03	3.190803e+00
3.517779015065192e-03	3.190801e+00
3.527779015065192e-03	3.190803e+00
3.537779015065192e-03	3.190801e+00
3.547779015065192e-03	3.190803e+00
3.557779015065192e-03	3.190801e+00
3.567779015065192e-03	3.190803e+00
3.577779015065192e-03	3.190801e+00
3.587779015065192e-03	3.190803e+00
3.597779015065192e-03	3.190801e+00
3.607779015065192e-03	3.190803e+00
3.617779015065192e-03	3.190801e+00
3.627779015065192e-03	3.190803e+00
3.637779015065192e-03	3.190801e+00
3.647779015065192e-03	3.190803e+00
3.657779015065192e-03	3.190801e+00
3.667779015065192e-03	3.190803e+00
3.677779015065192e-03	3.190801e+00
3.687779015065192e-03	3.190803e+00
3.697779015065192e-03	3.190801e+00
3.707779015065192e-03	3.190803e+00
3.717779015065192e-03	3.190801e+00
3.727779015065192e-03	3.190803e+00
3.737779015065192e-03	3.190801e+00
3.747779015065192e-03	3.190803e+00
3.757779015065192e-03	3.190801e+00
3.767779015065192e-03	3.190803e+00
3.777779015065192e-03	3.190801e+00
3.787779015065192e-03	3.190803e+00
3.797779015065192e-03	3.190801e+00
3.807779015065192e-03	3.190803e+00
3.817779015065192e-03	3.190801e+00
3.827779015065192e-03	3.190803e+00
3.837779015065192e-03	3.190801e+00
3.847779015065192e-03	3.190803e+00
3.857779015065192e-03	3.190801e+00
3.867779015065192e-03	3.190803e+00
3.877779015065192e-03	3.190801e+00
3.887779015065192e-03	3.190803e+00
3.897779015065192e-03	3.190801e+00
3.907779015065192e-03	3.190803e+00
3.917779015065192e-03	3.190801e+00
3.927779015065191e-03	3.190803e+00
3.937779015065192e-03	3.190801e+00
3.947779015065192e-03	3.190803e+00
3.957779015065192e-03	3.190801e+00
3.967779015065192e-03	3.190803e+00
3.977779015065192e-03	3.190801e+00
3.987779015065192e-03	3.190803e+00
3.997779015065192e-03	3.190801e+00
4.007779015065192e-03	3.190803e+00
4.017779015065192e-03	3.190801e+00
4.027779015065192e-03	3.190803e+00
4.037779015065192e-03	3.190801e+00
4.047779015065192e-03	3.190803e+00
4.057779015065192e-03	3.190801e+00
4.067779015065192e-03	3.190803e+00
4.077779015065191e-03	3.190801e+00
4.087779015065192e-03	3.190803e+00
4.097779015065191e-03	3.190801e+00
4.107779015065192e-03	3.190803e+00
4.117779015065192e-03	3.190801e+00
4.127779015065192e-03	3.190803e+00
4.137779015065192e-03	3.190801e+00
4.147779015065192e-03	3.190803e+00
4.157779015065192e-03	3.190801e+00
4.167779015065192e-03	3.190803e+00
4.177779015065192e-03	3.190801e+00
4.187779015065192e-03	3.190803e+00
4.197779015065192e-03	3.190801e+00
4.207779015065192e-03	3.190803e+00
4.217779015065192e-03	3.190801e+00
4.227779015065192e-03	3.190803e+00
4.237779015065192e-03	3.190801e+00
4.247779015065191e-03	3.190803e+00
4.257779015065192e-03	3.190801e+00
4.267779015065191e-03	3.190803e+00
4.277779015065192e-03	3.190801e+00
4.287779015065192e-03	3.190803e+00
4.297779015065192e-03	3.190801e+00
4.307779015065192e-03	3.190803e+00
4.317779015065192e-03	3.190801e+00
4.327779015065192e-03	3.190803e+00
4.337779015065192e-03	3.190801e+00
4.347779015065192e-03	3.190803e+00
4.357779015065192e-03	3.190801e+00
4.367779015065192e-03	3.190803e+00
4.377779015065192e-03	3.190801e+00
4.387779015065192e-03	3.190803e+00
4.397779015065191e-03	3.190801e+00
4.407779015065192e-03	3.190803e+00
4.417779015065191e-03	3.190801e+00
4.427779015065192e-03	3.190803e+00
4.437779015065191e-03	3.190801e+00
4.447779015065192e-03	3.190803e+00
4.457779015065192e-03	3.190801e+00
4.467779015065192e-03	3.190803e+00
4.477779015065192e-03	3.190801e+00
4.487779015065192e-03	3.190803e+00
4.497779015065192e-03	3.190801e+00
4.507779015065192e-03	3.190803e+00
4.517779015065192e-03	3.190801e+00
4.527779015065192e-03	3.190803e+00
4.537779015065192e-03	3.190801e+00
4.547779015065192e-03	3.190803e+00
4.557779015065192e-03	3.190801e+00
4.567779015065191e-03	3.190803e+00
4.577779015065192e-03	3.190801e+00
4.587779015065191e-03	3.190803e+00
4.597779015065192e-03	3.190801e+00
4.607779015065191e-03	3.190803e+00
4.617779015065192e-03	3.190801e+00
4.627779015065192e-03	3.190803e+00
4.637779015065192e-03	3.190801e+00
4.647779015065192e-03	3.190803e+00
4.657779015065192e-03	3.190801e+00
4.667779015065192e-03	3.190803e+00
4.677779015065192e-03	3.190801e+00
4.687779015065192e-03	3.190803e+00
4.697779015065192e-03	3.190801e+00
4.707779015065192e-03	3.190803e+00
4.717779015065191e-03	3.190801e+00
4.727779015065192e-03	3.190803e+00
4.737779015065191e-03	3.190801e+00
4.747779015065192e-03	3.190803e+00
4.757779015065191e-03	3.190801e+00
4.767779015065192e-03	3.190803e+00
4.777779015065192e-03	3.190801e+00
4.787779015065192e-03	3.190803e+00
4.797779015065192e-03	3.190801e+00
4.807779015065192e-03	3.190803e+00
4.817779015065192e-03	3.190801e+00
4.827779015065192e-03	3.190803e+00
4.837779015065192e-03	3.190801e+00
4.847779015065192e-03	3.190803e+00
4.857779015065192e-03	3.190801e+00
4.867779015065192e-03	3.190803e+00
4.877779015065192e-03	3.190801e+00
4.887779015065191e-03	3.190803e+00
4.897779015065192e-03	3.190801e+00
4.907779015065191e-03	3.190803e+00
4.917779015065192e-03	3.190801e+00
4.927779015065191e-03	3.190803e+00
4.937779015065192e-03	3.190801e+00
4.947779015065192e-03	3.190803e+00
4.957779015065192e-03	3.190801e+00
4.967779015065192e-03	3.190803e+00
4.977779015065192e-03	3.190801e+00
4.987779015065192e-03	3.190803e+00
4.997779015065192e-03	3.190801e+00
5.007779015065192e-03	3.190803e+00
5.017779015065192e-03	3.190801e+00
5.027779015065192e-03	3.190803e+00
5.037779015065191e-03	3.190801e+00
5.047779015065192e-03	3.190803e+00
5.057779015065191e-03	3.190801e+00
5.067779015065192e-03	3.190803e+00
5.077779015065191e-03	3.190801e+00
5.087779015065192e-03	3.190803e+00
5.097779015065191e-03	3.190801e+00
5.107779015065192e-03	3.190803e+00
5.117779015065192e-03	3.190801e+00
5.127779015065192e-03	3.190803e+00
5.137779015065192e-03	3.190801e+00
5.147779015065192e-03	3.190803e+00
5.157779015065192e-03	3.190801e+00
5.167779015065192e-03	3.190803e+00
5.177779015065192e-03	3.190801e+00
5.187779015065192e-03	3.190803e+00
5.197779015065192e-03	3.190801e+00
5.207779015065191e-03	3.190803e+00
5.217779015065192e-03	3.190801e+00
5.227779015065191e-03	3.190803e+00
5.237779015065192e-03	3.190801e+00
5.247779015065191e-03	3.190803e+00
5.257779015065192e-03	3.190801e+00
5.267779015065191e-03	3.190803e+00
5.277779015065192e-03	3.190801e+00
5.287779015065192e-03	3.190803e+00
5.297779015065192e-03	3.190801e+00
5.307779015065192e-03	3.190803e+00
5.317779015065192e-03	3.190801e+00
5.327779015065192e-03	3.190803e+00
5.337779015065192e-03	3.190801e+00
5.347779015065192e-03	3.190803e+00
5.357779015065191e-03	3.190801e+00
5.367779015065192e-03	3.190803e+00
5.377779015065191e-03	3.190801e+00
5.387779015065192e-03	3.190803e+00
5.397779015065191e-03	3.190801e+00
5.407779015065192e-03	3.190803e+00
5.417779015065191e-03	3.190801e+00
5.427779015065192e-03	3.190803e+00
5.437779015065192e-03	3.190801e+00
5.447779015065192e-03	3.190803e+00
5.457779015065192e-03	3.190801e+00
5.467779015065192e-03	3.190803e+00
5.477779015065192e-03	3.190801e+00
5.487779015065192e-03	3.190803e+00
5.497779015065192e-03	3.190801e+00
5.507779015065192e-03	3.190803e+00
5.517779015065192e-03	3.190801e+00
5.527779015065191e-03	3.190803e+00
5.537779015065192e-03	3.190801e+00
5.547779015065191e-03	3.190803e+00
5.557779015065192e-03	3.190801e+00
5.567779015065191e-03	3.190803e+00
5.577779015065192e-03	3.190801e+00
5.587779015065191e-03	3.190803e+00
5.597779015065192e-03	3.190801e+00
5.607779015065192e-03	3.190803e+00
5.617779015065192e-03	3.190801e+00
5.627779015065192e-03	3.190803e+00
5.637779015065192e-03	3.190801e+00
5.647779015065192e-03	3.190803e+00
5.657779015065192e-03	3.190801e+00
5.667779015065192e-03	3.190803e+00
5.677779015065191e-03	3.190801e+00
5.687779015065192e-03	3.190803e+00
5.697779015065191e-03	3.190801e+00
5.707779015065192e-03	3.190803e+00
5.717779015065191e-03	3.190801e+00
5.727779015065192e-03	3.190803e+00
5.737779015065191e-03	3.190801e+00
5.747779015065192e-03	3.190803e+00
5.757779015065191e-03	3.190801e+00
5.767779015065192e-03	3.190803e+00
5.777779015065192e-03	3.190801e+00
5.787779015065192e-03	3.190803e+00
5.797779015065192e-03	3.190801e+00
5.807779015065192e-03	3.190803e+00
5.817779015065192e-03	3.190801e+00
5.827779015065192e-03	3.190803e+00
5.837779015065192e-03	3.190801e+00
5.847779015065191e-03	3.190803e+00
5.857779015065192e-03	3.190801e+00
5.867779015065191e-03	3.190803e+00
5.877779015065192e-03	3.190801e+00
5.887779015065191e-03	3.190803e+00
5.897779015065192e-03	3.190801e+00
5.907779015065191e-03	3.190803e+00
5.917779015065192e-03	3.190801e+00
5.927779015065191e-03	3.190803e+00
5.937779015065192e-03	3.190801e+00
5.947779015065192e-03	3.190803e+00
5.957779015065192e-03	3.190801e+00
5.967779015065192e-03	3.190803e+00
5.977779015065192e-03	3.190801e+00
5.987779015065192e-03	3.190803e+00
5.997779015065191e-03	3.190801e+00
6.007779015065192e-03	3.190803e+00
6.017779015065191e-03	3.190801e+00
6.027779015065192e-03	3.190803e+00
6.037779015065191e-03	3.190801e+00
6.047779015065192e-03	3.190803e+00
6.057779015065191e-03	3.190801e+00
6.067779015065192e-03	3.190803e+00
6.077779015065191e-03	3.190801e+00
6.087779015065192e-03	3.190803e+00
6.097779015065192e-03	3.190801e+00
6.107779015065192e-03	3.190803e+00
6.117779015065192e-03	3.190801e+00
6.127779015065192e-03	3.190803e+00
6.137779015065192e-03	3.190801e+00
6.147779015065192e-03	3.190803e+00
6.157779015065192e-03	3.190801e+00
6.167779015065191e-03	3.190803e+00
6.177779015065192e-03	3.190801e+00
6.187779015065191e-03	3.190803e+00
6.197779015065192e-03	3.190801e+00
6.207779015065191e-03	3.190803e+00
6.217779015065192e-03	3.190801e+00
6.227779015065191e-03	3.190803e+00
6.237779015065192e-03	3.190801e+00
6.247779015065191e-03	3.190803e+00
6.257779015065192e-03	3.190801e+00
6.267779015065192e-03	3.190803e+00
6.277779015065192e-03	3.190801e+00
6.287779015065192e-03	3.190803e+00
6.297779015065192e-03	3.190801e+00
6.307779015065192e-03	3.190803e+00
6.317779015065191e-03	3.190801e+00
6.327779015065192e-03	3.190803e+00
6.337779015065191e-03	3.190801e+00
6.347779015065192e-03	3.190803e+00
6.357779015065191e-03	3.190801e+00
6.367779015065192e-03	3.190803e+00
6.377779015065191e-03	3.190801e+00
6.387779015065192e-03	3.190803e+00
6.397779015065191e-03	3.190801e+00
6.407779015065192e-03	3.190803e+00
6.417779015065191e-03	3.190801e+00
6.427779015065192e-03	3.190803e+00
6.437779015065192e-03	3.190801e+00
6.447779015065192e-03	3.190803e+00
6.457779015065192e-03	3.190801e+00
6.467779015065192e-03	3.190803e+00
6.477779015065192e-03	3.190801e+00
6.487779015065191e-03	3.190803e+00
6.497779015065192e-03	3.190801e+00
6.507779015065191e-03	3.190803e+00
6.517779015065192e-03	3.190801e+00
6.527779015065191e-03	3.190803e+00
6.537779015065192e-03	3.190801e+00
6.547779015065191e-03	3.190803e+00
6.557779015065192e-03	3.190801e+00
6.567779015065191e-03	3.190803e+00
6.577779015065192e-03	3.190801e+00
6.587779015065191e-03	3.190803e+00
6.597779015065192e-03	3.190801e+00
6.607779015065192e-03	3.190803e+00
6.617779015065192e-03	3.190801e+00
6.627779015065192e-03	3.190803e+00
6.637779015065191e-03	3.190801e+00
6.647779015065192e-03	3.190803e+00
6.657779015065191e-03	3.190801e+00
6.667779015065192e-03	3.190803e+00
6.677779015065191e-03	3.190801e+00
6.687779015065192e-03	3.190803e+00
6.697779015065191e-03	3.190801e+00
6.707779015065192e-03	3.190803e+00
6.717779015065191e-03	3.190801e+00
6.727779015065192e-03	3.190803e+00
6.737779015065191e-03	3.190801e+00
6.747779015065192e-03	3.190803e+00
6.757779015065191e-03	3.190801e+00
6.767779015065192e-03	3.190803e+00
6.777779015065192e-03	3.190801e+00
6.787779015065192e-03	3.190803e+00
6.797779015065192e-03	3.190801e+00
6.807779015065191e-03	3.190803e+00
6.817779015065192e-03	3.190801e+00
6.827779015065191e-03	3.190803e+00
6.837779015065192e-03	3.190801e+00
6.847779015065191e-03	3.190803e+00
6.857779015065192e-03	3.190801e+00
6.867779015065191e-03	3.190803e+00
6.877779015065192e-03	3.190801e+00
6.887779015065191e-03	3.190803e+00
6.897779015065192e-03	3.190801e+00
6.907779015065191e-03	3.190803e+00
6.917779015065192e-03	3.190801e+00
6.927779015065192e-03	3.190803e+00
6.937779015065192e-03	3.190801e+00
6.947779015065192e-03	3.190803e+00
6.957779015065191e-03	3.190801e+00
6.967779015065192e-03	3.190803e+00
6.977779015065191e-03	3.190801e+00
6.987779015065192e-03	3.190803e+00
6.997779015065191e-03	3.190801e+00
7.007779015065192e-03	3.190803e+00
7.017779015065191e-03	3.190801e+00
7.027779015065192e-03	3.190803e+00
7.037779015065191e-03	3.190801e+00
7.047779015065192e-03	3.190803e+00
7.057779015065191e-03	3.190801e+00
7.067779015065192e-03	3.190803e+00
7.077779015065191e-03	3.190801e+00
7.087779015065192e-03	3.190803e+00
7.097779015065192e-03	3.190801e+00
7.107779015065192e-03	3.190803e+00
7.117779015065192e-03	3.190801e+00
7.127779015065191e-03	3.190803e+00
7.137779015065192e-03	3.190801e+00
7.147779015065191e-03	3.190803e+00
7.157779015065192e-03	3.190801e+00
7.167779015065191e-03	3.190803e+00
7.177779015065192e-03	3.190801e+00
7.187779015065191e-03	3.190803e+00
7.197779015065192e-03	3.190801e+00
7.207779015065191e-03	3.190803e+00
7.217779015065192e-03	3.190801e+00
7.227779015065191e-03	3.190803e+00
7.237779015065192e-03	3.190801e+00
7.247779015065191e-03	3.190803e+00
7.257779015065192e-03	3.190801e+00
7.267779015065192e-03	3.190803e+00
7.277779015065191e-03	3.190801e+00
7.287779015065192e-03	3.190803e+00
7.297779015065191e-03	3.190801e+00
7.307779015065192e-03	3.190803e+00
7.317779015065191e-03	3.190801e+00
7.327779015065192e-03	3.190803e+00
7.337779015065191e-03	3.190801e+00
7.347779015065192e-03	3.190803e+00
7.357779015065191e-03	3.190801e+00
7.367779015065192e-03	3.190803e+00
7.377779015065191e-03	3.190801e+00
7.387779015065192e-03	3.190803e+00
7.397779015065191e-03	3.190801e+00
7.407779015065192e-03	3.190803e+00
7.417779015065191e-03	3.190801e+00
7.427779015065192e-03	3.190803e+00
7.437779015065192e-03	3.190801e+00
7.447779015065191e-03	3.190803e+00
7.457779015065192e-03	3.190801e+00
7.467779015065191e-03	3.190803e+00
7.477779015065192e-03	3.190801e+00
7.487779015065191e-03	3.190803e+00
7.497779015065192e-03	3.190801e+00
7.507779015065191e-03	3.190803e+00
7.517779015065192e-03	3.190801e+00
7.527779015065191e-03	3.190803e+00
7.537779015065192e-03	3.190801e+00
7.547779015065191e-03	3.190803e+00
7.557779015065192e-03	3.190801e+00
7.567779015065191e-03	3.190803e+00
7.577779015065192e-03	3.190801e+00
7.587779015065192e-03	3.190803e+00
7.597779015065191e-03	3.190801e+00
7.607779015065192e-03	3.190803e+00
7.617779015065191e-03	3.190801e+00
7.627779015065192e-03	3.190803e+00
7.637779015065191e-03	3.190801e+00
7.647779015065192e-03	3.190803e+00
7.657779015065191e-03	3.190801e+00
7.667779015065192e-03	3.190803e+00
7.677779015065191e-03	3.190801e+00
7.687779015065192e-03	3.190803e+00
7.697779015065191e-03	3.190801e+00
7.707779015065192e-03	3.190803e+00
7.717779015065191e-03	3.190801e+00
7.727779015065192e-03	3.190803e+00
7.737779015065191e-03	3.190801e+00
7.747779015065192e-03	3.190803e+00
7.757779015065192e-03	3.190801e+00
7.767779015065191e-03	3.190803e+00
7.777779015065192e-03	3.190801e+00
7.787779015065191e-03	3.190803e+00
7.797779015065192e-03	3.190801e+00
7.807779015065191e-03	3.190803e+00
7.817779015065191e-03	3.190801e+00
7.827779015065192e-03	3.190803e+00
7.837779015065192e-03	3.190801e+00
7.847779015065191e-03	3.190803e+00
7.857779015065191e-03	3.190801e+00
7.867779015065192e-03	3.190803e+00
7.877779015065192e-03	3.190801e+00
7.887779015065191e-03	3.190803e+00
7.897779015065191e-03	3.190801e+00
7.907779015065192e-03	3.190803e+00
7.917779015065192e-03	3.190801e+00
7.927779015065192e-03	3.190803e+00
7.937779015065191e-03	3.190801e+00
7.947779015065191e-03	3.190803e+00
7.957779015065192e-03	3.190801e+00
7.967779015065192e-03	3.190803e+00
7.977779015065191e-03	3.190801e+00
7.987779015065191e-03	3.190803e+00
7.997779015065192e-03	3.190801e+00
8.007779015065192e-03	3.190803e+00
8.017779015065191e-03	3.190801e+00
8.027779015065191e-03	3.190803e+00
8.037779015065192e-03	3.190801e+00
8.047779015065192e-03	3.190803e+00
8.057779015065191e-03	3.190801e+00
8.067779015065191e-03	3.190803e+00
8.077779015065191e-03	3.190801e+00
8.087779015065192e-03	3.190803e+00
8.097779015065192e-03	3.190801e+00
8.107779015065191e-03	3.190803e+00
8.117779015065191e-03	3.190801e+00
8.127779015065192e-03	3.190803e+00
8.137779015065192e-03	3.190801e+00
8.147779015065191e-03	3.190803e+00
8.157779015065191e-03	3.190801e+00
8.167779015065192e-03	3.190803e+00
8.177779015065192e-03	3.190801e+00
8.187779015065191e-03	3.190803e+00
8.197779015065191e-03	3.190801e+00
8.207779015065192e-03	3.190803e+00
8.217779015065192e-03	3.190801e+00
8.227779015065191e-03	3.190803e+00
8.237779015065191e-03	3.190801e+00
8.247779015065191e-03	3.190803e+00
8.257779015065192e-03	3.190801e+00
8.267779015065192e-03	3.190803e+00
8.277779015065191e-03	3.190801e+00
8.287779015065191e-03	3.190803e+00
8.297779015065192e-03	3.190801e+00
8.307779015065192e-03	3.190803e+00
8.317779015065191e-03	3.190801e+00
8.327779015065191e-03	3.190803e+00
8.337779015065192e-03	3.190801e+00
8.347779015065192e-03	3.190803e+00
8.357779015065191e-03	3.190801e+00
8.367779015065191e-03	3.190803e+00
8.377779015065192e-03	3.190801e+00
8.387779015065192e-03	3.190803e+00
8.397779015065191e-03	3.190801e+00
8.407779015065191e-03	3.190803e+00
8.417779015065191e-03	3.190801e+00
8.427779015065192e-03	3.190803e+00
8.437779015065192e-03	3.190801e+00
8.447779015065191e-03	3.190803e+00
8.457779015065191e-03	3.190801e+00
8.467779015065192e-03	3.190803e+00
8.477779015065192e-03	3.190801e+00
8.487779015065191e-03	3.190803e+00
8.497779015065191e-03	3.190801e+00
8.507779015065192e-03	3.190803e+00
8.517779015065192e-03	3.190801e+00
8.527779015065191e-03	3.190803e+00
8.537779015065191e-03	3.190801e+00
8.547779015065192e-03	3.190803e+00
8.557779015065192e-03	3.190801e+00
8.567779015065191e-03	3.190803e+00
8.577779015065191e-03	3.190801e+00
8.587779015065191e-03	3.190803e+00
8.597779015065192e-03	3.190801e+00
8.607779015065192e-03	3.190803e+00
8.617779015065191e-03	3.190801e+00
8.627779015065191e-03	3.190803e+00
8.637779015065192e-03	3.190801e+00
8.647779015065192e-03	3.190803e+00
8.657779015065191e-03	3.190801e+00
8.667779015065191e-03	3.190803e+00
8.677779015065192e-03	3.190801e+00
8.687779015065192e-03	3.190803e+00
8.697779015065191e-03	3.190801e+00
8.707779015065191e-03	3.190803e+00
8.717779015065191e-03	3.190801e+00
8.727779015065192e-03	3.190803e+00
8.737779015065191e-03	3.190801e+00
8.747779015065191e-03	3.190803e+00
8.757779015065191e-03	3.190801e+00
8.767779015065192e-03	3.190803e+00
8.777779015065192e-03	3.190801e+00
8.787779015065191e-03	3.190803e+00
8.797779015065191e-03	3.190801e+00
8.807779015065192e-03	3.190803e+00
8.817779015065192e-03	3.190801e+00
8.827779015065191e-03	3.190803e+00
8.837779015065191e-03	3.190801e+00
8.847779015065192e-03	3.190803e+00
8.857779015065192e-03	3.190801e+00
8.867779015065191e-03	3.190803e+00
8.877779015065191e-03	3.190801e+00
8.887779015065191e-03	3.190803e+00
8.897779015065192e-03	3.190801e+00
8.907779015065191e-03	3.190803e+00
8.917779015065191e-03	3.190801e+00
8.927779015065191e-03	3.190803e+00
8.937779015065192e-03	3.190801e+00
8.947779015065192e-03	3.190803e+00
8.957779015065191e-03	3.190801e+00
8.967779015065191e-03	3.190803e+00
8.977779015065192e-03	3.190801e+00
8.987779015065192e-03	3.190803e+00
8.997779015065191e-03	3.190801e+00
9.007779015065191e-03	3.190803e+00
9.017779015065192e-03	3.190801e+00
9.027779015065192e-03	3.190803e+00
9.037779015065191e-03	3.190801e+00
9.047779015065191e-03	3.190803e+00
9.057779015065191e-03	3.190801e+00
9.067779015065192e-03	3.190803e+00
9.077779015065192e-03	3.190801e+00
9.087779015065191e-03	3.190803e+00
9.097779015065191e-03	3.190801e+00
9.107779015065192e-03	3.190803e+00
9.117779015065192e-03	3.190801e+00
9.127779015065191e-03	3.190803e+00
9.137779015065191e-03	3.190801e+00
9.147779015065192e-03	3.190803e+00
9.157779015065192e-03	3.190801e+00
9.167779015065191e-03	3.190803e+00
9.177779015065191e-03	3.190801e+00
9.187779015065192e-03	3.190803e+00
9.197779015065192e-03	3.190801e+00
9.207779015065191e-03	3.190803e+00
9.217779015065191e-03	3.190801e+00
9.227779015065191e-03	3.190803e+00
9.237779015065192e-03	3.190801e+00
9.247779015065192e-03	3.190803e+00
9.257779015065191e-03	3.190801e+00
9.267779015065191e-03	3.190803e+00
9.277779015065192e-03	3.190801e+00
9.287779015065192e-03	3.190803e+00
9.297779015065191e-03	3.190801e+00
9.307779015065191e-03	3.190803e+00
9.317779015065192e-03	3.190801e+00
9.327779015065192e-03	3.190803e+00
9.337779015065191e-03	3.190801e+00
9.347779015065191e-03	3.190803e+00
9.357779015065191e-03	3.190801e+00
9.367779015065192e-03	3.190803e+00
9.377779015065191e-03	3.190801e+00
9.387779015065191e-03	3.190803e+00
9.397779015065191e-03	3.190801e+00
9.407779015065192e-03	3.190803e+00
9.417779015065192e-03	3.190801e+00
9.427779015065191e-03	3.190803e+00
9.437779015065191e-03	3.190801e+00
9.447779015065192e-03	3.190803e+00
9.457779015065192e-03	3.190801e+00
9.467779015065191e-03	3.190803e+00
9.477779015065191e-03	3.190801e+00
9.487779015065192e-03	3.190803e+00
9.497779015065192e-03	3.190801e+00
9.507779015065191e-03	3.190803e+00
9.517779015065191e-03	3.190801e+00
9.527779015065191e-03	3.190803e+00
9.537779015065192e-03	3.190801e+00
9.547779015065191e-03	3.190803e+00
9.557779015065191e-03	3.190801e+00
9.567779015065191e-03	3.190803e+00
9.577779015065192e-03	3.190801e+00
9.587779015065192e-03	3.190803e+00
9.597779015065191e-03	3.190801e+00
9.607779015065191e-03	3.190803e+00
9.617779015065192e-03	3.190801e+00
9.627779015065192e-03	3.190803e+00
9.637779015065191e-03	3.190801e+00
9.647779015065191e-03	3.190803e+00
9.657779015065192e-03	3.190801e+00
9.667779015065192e-03	3.190803e+00
9.677779015065191e-03	3.190801e+00
9.687779015065191e-03	3.190803e+00
9.697779015065191e-03	3.190801e+00
9.707779015065192e-03	3.190803e+00
9.717779015065191e-03	3.190801e+00
9.727779015065191e-03	3.190803e+00
9.737779015065191e-03	3.190801e+00
9.747779015065192e-03	3.190803e+00
9.757779015065192e-03	3.190801e+00
9.767779015065191e-03	3.190803e+00
9.777779015065191e-03	3.190801e+00
9.787779015065192e-03	3.190803e+00
9.797779015065192e-03	3.190801e+00
9.807779015065191e-03	3.190803e+00
9.817779015065191e-03	3.190801e+00
9.827779015065192e-03	3.190803e+00
9.837779015065192e-03	3.190801e+00
9.847779015065191e-03	3.190803e+00
9.857779015065191e-03	3.190801e+00
9.867779015065191e-03	3.190803e+00
9.877779015065192e-03	3.190801e+00
9.887779015065191e-03	3.190803e+00
9.897779015065191e-03	3.190801e+00
9.907779015065191e-03	3.190803e+00
9.917779015065192e-03	3.190801e+00
9.927779015065192e-03	3.190803e+00
9.937779015065191e-03	3.190801e+00
9.947779015065191e-03	3.190803e+00
9.957779015065192e-03	3.190801e+00
9.967779015065192e-03	3.190803e+00
9.977779015065191e-03	3.190801e+00
9.987779015065191e-03	3.190803e+00
9.997779015065190e-03	3.190801e+00
1.000000000000000e-02	3.190803e+00
1.000000000100000e-02	3.190803e+00
1.000000000200000e-02	3.190803e+00
1.000000000304391e-02	3.190803e+00
1.000000000416142e-02	3.190803e+00
1.000000000639644e-02	3.190803e+00
1.000000000868690e-02	3.190803e+00
1.000000001308760e-02	3.190803e+00
1.000000001837645e-02	3.190803e+00
1.000000002895414e-02	3.190803e+00
1.000000004343416e-02	3.190802e+00
1.000000006429359e-02	3.190802e+00
1.000000008671863e-02	3.190802e+00
1.000000011567697e-02	3.190802e+00
1.000000015462422e-02	3.190802e+00
1.000000021391059e-02	3.190802e+00
1.000000028413977e-02	3.190802e+00
1.000000039325883e-02	3.190802e+00
1.000000055495232e-02	3.190802e+00
1.000000087833931e-02	3.190802e+00
1.000000152511329e-02	3.190802e+00
1.000000281866125e-02	3.190802e+00
1.000000540575717e-02	3.190802e+00
1.000001057994901e-02	3.190802e+00
1.000001909741194e-02	3.190802e+00
1.000002671262600e-02	3.190802e+00
1.000003401551544e-02	3.190802e+00
1.000004205644599e-02	3.190802e+00
1.000005115369464e-02	3.190802e+00
1.000006103581040e-02	3.190802e+00
1.000007244186841e-02	3.190802e+00
1.000008573721347e-02	3.190802e+00
1.000010165102682e-02	3.190803e+00
1.000012157228171e-02	3.190803e+00
1.000014190463218e-02	3.190803e+00
1.000016340858075e-02	3.190803e+00
1.000019754634817e-02	3.190803e+00
1.000021452392035e-02	3.190803e+00
1.000023109241757e-02	3.190803e+00
1.000023900285997e-02	3.190803e+00
1.000024686123939e-02	3.190803e+00
1.000025572485245e-02	3.190803e+00
1.000026389193346e-02	3.190803e+00
1.000027200457383e-02	3.190803e+00
1.000027928158745e-02	3.190803e+00
1.000028615395991e-02	3.190803e+00
1.000029194551621e-02	3.190803e+00
1.000029719009061e-02	3.190803e+00
1.000030189690068e-02	3.190803e+00
1.000030636856962e-02	3.190803e+00
1.000031104616321e-02	3.190803e+00
1.000031845225254e-02	3.190803e+00
1.000032576109392e-02	3.190803e+00
1.000034037877669e-02	3.190803e+00
1.000036961414223e-02	3.190803e+00
1.000038798649027e-02	3.190803e+00
1.000040495797296e-02	3.190803e+00
1.000042138380936e-02	3.190803e+00
1.000043976147867e-02	3.190803e+00
1.000047522985269e-02	3.190803e+00
1.000052409892070e-02	3.190802e+00
1.000055694872037e-02	3.190801e+00
1.000057536773340e-02	3.190800e+00
1.000057905382990e-02	3.190800e+00
1.000058093955878e-02	3.190799e+00
1.000058276886604e-02	3.190799e+00
1.000058642748056e-02	3.190799e+00
1.000059374470959e-02	3.190799e+00
1.000060837916766e-02	3.190798e+00
1.000063764808379e-02	3.190796e+00
1.000067417947274e-02	3.190793e+00
1.000072858357352e-02	3.190790e+00
1.000077878236420e-02	3.190787e+00
1.000080102301884e-02	3.190786e+00
1.000081317414046e-02	3.190785e+00
1.000082144657990e-02	3.190785e+00
1.000082895355472e-02	3.190785e+00
1.000083452209022e-02	3.190785e+00
1.000084098665604e-02	3.190784e+00
1.000085330389999e-02	3.190784e+00
1.000087033497679e-02	3.190783e+00
1.000089475717677e-02	3.190782e+00
1.000091149774761e-02	3.190781e+00
1.000092554808782e-02	3.190780e+00
1.000094331829118e-02	3.190779e+00
1.000096086192297e-02	3.190778e+00
1.000099594918655e-02	3.190775e+00
1.000101978846338e-02	3.190774e+00
1.000103688920484e-02	3.190773e+00
1.000104628702434e-02	3.190773e+00
1.000105529657034e-02	3.190772e+00
1.000105879388773e-02	3.190772e+00
1.000106197305942e-02	3.190772e+00
1.000106833140281e-02	3.190772e+00
1.000108104808957e-02	3.190771e+00
1.000110648146311e-02	3.190770e+00
1.000113021033060e-02	3.190770e+00
1.000116433936077e-02	3.190769e+00
1.000119579882952e-02	3.190768e+00
1.000123217399400e-02	3.190766e+00
1.000127271394569e-02	3.190763e+00
1.000132175339640e-02	3.190759e+00
1.000134428939740e-02	3.190758e+00
1.000136490172353e-02	3.190755e+00
1.000138515383983e-02	3.190754e+00
1.000140663524060e-02	3.190752e+00
1.000144930205991e-02	3.190748e+00
1.000151995506221e-02	3.190741e+00
1.000162515597172e-02	3.190731e+00
1.000168939527078e-02	3.190725e+00
1.000175126339293e-02	3.190719e+00
1.000181899000513e-02	3.190713e+00
1.000192760571479e-02	3.190702e+00
1.000214483713411e-02	3.190682e+00
1.000235505952677e-02	3.190662e+00
1.000257104034033e-02	3.190641e+00
1.000279973953785e-02	3.190620e+00
1.000308750466936e-02	3.190592e+00
1.000340435681298e-02	3.190561e+00
1.000372733798940e-02	3.190529e+00
1.000408209365933e-02	3.190493e+00
1.000447947368377e-02	3.190452e+00
1.000485956864757e-02	3.190412e+00
1.000519111815323e-02	3.190377e+00
1.000554009357240e-02	3.190339e+00
1.000584847372033e-02	3.190300e+00
1.000616877771713e-02	3.190250e+00
1.000651341216602e-02	3.190178e+00
1.000696227071629e-02	3.190049e+00
1.000738467294730e-02	3.189887e+00
1.000779044929964e-02	3.189690e+00
1.000814831101897e-02	3.189481e+00
1.000850556462690e-02	3.189239e+00
1.000889365704859e-02	3.188935e+00
1.000926262234932e-02	3.188603e+00
1.000977244895981e-02	3.188070e+00
1.001023451231165e-02	3.187501e+00
1.001084199806890e-02	3.187062e+00
1.001108571815978e-02	3.191287e+00
1.001132745877632e-02	3.199911e+00
1.001157023792704e-02	3.212502e+00
1.001183210520989e-02	3.230068e+00
1.001211003372552e-02	3.252785e+00
1.001241780905362e-02	3.282401e+00
1.001276997227534e-02	3.321553e+00
1.001318643392790e-02	3.374565e+00
1.001370274435933e-02	3.449734e+00
1.001437919933051e-02	3.563350e+00
1.001532053360203e-02	3.749270e+00
1.001569689176274e-02	3.828550e+00
1.001591825065726e-02	3.874083e+00
1.001604566768468e-02	3.899608e+00
1.001615545066688e-02	3.920763e+00
1.001626734816154e-02	3.941038e+00
1.001638252072214e-02	3.960199e+00
1.001649741723307e-02	3.977671e+00
1.001661938647707e-02	3.994806e+00
1.001674947808205e-02	4.011966e+00
1.001689208136788e-02	4.029896e+00
1.001705424313736e-02	4.049572e+00
1.001724467289901e-02	4.072076e+00
1.001747863489083e-02	4.099216e+00
1.001778156176051e-02	4.133924e+00
1.001819858029392e-02	4.181419e+00
1.001881822545522e-02	4.252054e+00
1.001982651681588e-02	4.368413e+00
1.002042363526916e-02	4.440487e+00
1.002069964389541e-02	4.486283e+00
1.002073845731822e-02	4.494496e+00
1.002075197531532e-02	4.497340e+00
1.002076169684032e-02	4.499360e+00
1.002076547585137e-02	4.500149e+00
1.002076791641857e-02	4.500654e+00
1.002076924826749e-02	4.500931e+00
1.002077002827035e-02	4.501092e+00
1.002077048481071e-02	4.501187e+00
1.002077080100730e-02	4.501252e+00
1.002077103463854e-02	4.501301e+00
1.002077125610054e-02	4.501347e+00
1.002077148361312e-02	4.501393e+00
1.002077171820429e-02	4.501442e+00
1.002077195492604e-02	4.501491e+00
1.002077220156084e-02	4.501542e+00
1.002077245896005e-02	4.501595e+00
1.002077273146768e-02	4.501652e+00
1.002077302625395e-02	4.501713e+00
1.002077335132610e-02	4.501780e+00
1.002077372008640e-02	4.501856e+00
1.002077415250422e-02	4.501946e+00
1.002077468018118e-02	4.502054e+00
1.002077535676125e-02	4.502194e+00
1.002077627758436e-02	4.502385e+00
1.002077762541817e-02	4.502662e+00
1.002077978135268e-02	4.503107e+00
1.002078362307742e-02	4.503898e+00
1.002079130652692e-02	4.505475e+00
1.002080667342590e-02	4.508611e+00
1.002082828156551e-02	4.512979e+00
1.002085063325748e-02	4.517449e+00
1.002087950702171e-02	4.523152e+00
1.002091641842154e-02	4.530335e+00
1.002096790533012e-02	4.540169e+00
1.002104232592258e-02	4.554046e+00
1.002116915719893e-02	4.576924e+00
1.002141471893978e-02	4.619121e+00
1.002182763367471e-02	4.685665e+00
1.002239418587975e-02	4.768516e+00
1.002277634034952e-02	4.807510e+00
1.002317491741585e-02	4.833282e+00
1.002361655289606e-02	4.861568e+00
1.002407741354647e-02	4.891603e+00
1.002483057033039e-02	4.940137e+00
1.002563300570840e-02	4.988755e+00
1.002723787646444e-02	5.043799e+00
1.002863601084571e-02	5.077946e+00
1.003011572285425e-02	5.113384e+00
1.003183698134039e-02	5.153978e+00
1.003374659971341e-02	5.177589e+00
1.003429807822742e-02	5.135267e+00
1.003474418453120e-02	5.095290e+00
1.003519249151701e-02	5.053263e+00
1.003563610499517e-02	5.010674e+00
1.003614206050664e-02	4.961420e+00
1.003666300084371e-02	4.910167e+00
1.003713608733598e-02	4.863304e+00
1.003770644798429e-02	4.806441e+00
1.003833785914356e-02	4.743108e+00
1.003919647417625e-02	4.656283e+00
1.004027424851873e-02	4.545905e+00
1.004121955783272e-02	4.447050e+00
1.004212310307322e-02	4.348896e+00
1.004316488367151e-02	4.218717e+00
1.004362593567247e-02	4.115237e+00
1.004376147493231e-02	4.066825e+00
1.004381826143044e-02	4.045426e+00
1.004386792120913e-02	4.026730e+00
1.004391602488325e-02	4.008356e+00
1.004396889884669e-02	3.988266e+00
1.004401672798994e-02	3.969921e+00
1.004407147295463e-02	3.949019e+00
1.004412363839750e-02	3.928965e+00
1.004417937648248e-02	3.907602e+00
1.004423686123678e-02	3.885451e+00
1.004429713641750e-02	3.862262e+00
1.004436132834624e-02	3.837459e+00
1.004443044709843e-02	3.810763e+00
1.004450618470720e-02	3.781401e+00
1.004459115490392e-02	3.748435e+00
1.004468887821374e-02	3.710384e+00
1.004480515123289e-02	3.665019e+00
1.004494916662613e-02	3.608596e+00
1.004513661422916e-02	3.534873e+00
1.004539599034921e-02	3.432240e+00
1.004578271532569e-02	3.278043e+00
1.004641458223805e-02	3.023144e+00
1.004667370496014e-02	2.917866e+00
1.004682037375227e-02	2.858873e+00
1.004690982531862e-02	2.824055e+00
1.004699776443687e-02	2.791436e+00
1.004711120380421e-02	2.754194e+00
1.004722094013400e-02	2.725006e+00
1.004737909152284e-02	2.694105e+00
1.004757933875659e-02	2.668415e+00
1.004784971549316e-02	2.647249e+00
1.004811655864370e-02	2.634621e+00
1.004836692669399e-02	2.627226e+00
1.004854208593706e-02	2.623876e+00
1.004866578259046e-02	2.622254e+00
1.004875032195129e-02	2.621485e+00
1.004881000076840e-02	2.621102e+00
1.004886833942109e-02	2.620869e+00
1.004894612839766e-02	2.620699e+00
1.004901675249421e-02	2.620636e+00
1.004909370427440e-02	2.620599e+00
1.004918801320850e-02	2.620588e+00
1.004929200689342e-02	2.620581e+00
1.004942080747579e-02	2.620587e+00
1.004958461395868e-02	2.620589e+00
1.004980180864340e-02	2.620599e+00
1.005011542344455e-02	2.620605e+00
1.005060241698124e-02	2.620620e+00
1.005125857373456e-02	2.620623e+00
1.005201784030985e-02	2.620588e+00
1.005267798923950e-02	2.620464e+00
1.005315934145544e-02	2.620431e+00
1.005373454744536e-02	2.620450e+00
1.005398204513420e-02	2.620454e+00
1.005428447923504e-02	2.620457e+00
1.005451575420459e-02	2.620464e+00
1.005477942932331e-02	2.620465e+00
1.005503544551363e-02	2.620472e+00
1.005532233078850e-02	2.620473e+00
1.005563721140145e-02	2.620481e+00
1.005600841126037e-02	2.620483e+00
1.005644458596594e-02	2.620492e+00
1.005698578610854e-02	2.620495e+00
1.005762697054517e-02	2.620506e+00
1.005844042211611e-02	2.620511e+00
1.005947389140533e-02	2.620524e+00
1.006048685800629e-02	2.620529e+00
1.006146551639538e-02	2.620539e+00
1.006258151453882e-02	2.620543e+00
1.006392236478122e-02	2.620553e+00
1.006555729148752e-02	2.620557e+00
1.006756574912474e-02	2.620567e+00
1.007015648231977e-02	2.620571e+00
1.007368682637858e-02	2.620581e+00
1.007898786784556e-02	2.620583e+00
1.008520994428171e-02	2.620589e+00
1.009304257636329e-02	2.620588e+00
1.010249916070860e-02	2.620592e+00
1.011249916070860e-02	2.620588e+00
1.012249916070860e-02	2.620591e+00
1.013249916070860e-02	2.620588e+00
1.014249916070860e-02	2.620591e+00
1.015249916070860e-02	2.620588e+00
1.016249916070860e-02	2.620590e+00
1.017249916070860e-02	2.620587e+00
1.018249916070860e-02	2.626259e+00
1.019249916070860e-02	2.649929e+00
1.019768569754547e-02	2.673050e+00
1.020166739148049e-02	2.697746e+00
1.020686458607779e-02	2.739308e+00
1.021019400744335e-02	2.769043e+00
1.021281586289011e-02	2.793389e+00
1.021537814824906e-02	2.816928e+00
1.021802453066267e-02	2.841332e+00
1.022120462574515e-02	2.869806e+00
1.022556354117767e-02	2.908125e+00
1.023144106111998e-02	2.957321e+00
1.024100344192625e-02	3.032684e+00
1.025100344192625e-02	3.103650e+00
1.026100344192625e-02	3.135187e+00
1.027100344192625e-02	3.149071e+00
1.028100344192625e-02	3.157377e+00
1.029100344192625e-02	3.162856e+00
1.030100344192625e-02	3.166880e+00
1.031100344192625e-02	3.169862e+00
1.032100344192625e-02	3.172257e+00
1.033100344192625e-02	3.174133e+00
1.034100344192625e-02	3.175733e+00
1.035100344192625e-02	3.177021e+00
1.036100344192625e-02	3.178166e+00
1.037100344192625e-02	3.179104e+00
1.038100344192625e-02	3.179965e+00
1.039100344192625e-02	3.180675e+00
1.040100344192625e-02	3.181346e+00
1.041100344192625e-02	3.181901e+00
1.042100344192625e-02	3.182440e+00
1.043100344192625e-02	3.182884e+00
1.044100344192625e-02	3.183325e+00
1.045100344192625e-02	3.183687e+00
1.046100344192625e-02	3.184055e+00
1.047100344192625e-02	3.184355e+00
1.048100344192625e-02	3.184667e+00
1.049100344192625e-02	3.184918e+00
1.050100344192625e-02	3.185186e+00
1.051100344192625e-02	3.185399e+00
1.052100344192625e-02	3.185631e+00
1.053100344192625e-02	3.185812e+00
1.054100344192625e-02	3.186016e+00
1.055100344192625e-02	3.186172e+00
1.056100344192625e-02	3.186352e+00
1.057100344192625e-02	3.186487e+00
1.058100344192625e-02	3.186646e+00
1.059100344192625e-02	3.186764e+00
1.060100344192625e-02	3.186907e+00
1.061100344192625e-02	3.187010e+00
1.062100344192625e-02	3.187138e+00
1.063100344192625e-02	3.187229e+00
1.064100344192625e-02	3.187345e+00
1.065100344192625e-02	3.187424e+00
1.066100344192625e-02	3.187530e+00
1.067100344192625e-02	3.187600e+00
1.068100344192625e-02	3.187696e+00
1.069100344192625e-02	3.187758e+00
1.070100344192625e-02	3.187846e+00
1.071100344192625e-02	3.187901e+00
1.072100344192625e-02	3.187982e+00
1.073100344192625e-02	3.188030e+00
1.074100344192625e-02	3.188106e+00
1.075100344192625e-02	3.188148e+00
1.076100344192625e-02	3.188218e+00
1.077100344192625e-02	3.188256e+00
1.078100344192625e-02	3.188320e+00
1.079100344192625e-02	3.188354e+00
1.080100344192625e-02	3.188414e+00
1.081100344192625e-02	3.188443e+00
1.082100344192625e-02	3.188500e+00
1.083100344192625e-02	3.188526e+00
1.084100344192625e-02	3.188578e+00
1.085100344192625e-02	3.188601e+00
1.086100344192625e-02	3.188651e+00
1.087100344192625e-02	3.188670e+00
1.088100344192625e-02	3.188717e+00
1.089100344192625e-02	3.188734e+00
1.090100344192625e-02	3.188779e+00
1.091100344192625e-02	3.188793e+00
1.092100344192625e-02	3.188835e+00
1.093100344192625e-02	3.188848e+00
1.094100344192625e-02	3.188887e+00
1.095100344192625e-02	3.188898e+00
1.096100344192625e-02	3.188936e+00
1.097100344192625e-02	3.188944e+00
1.098100344192625e-02	3.188980e+00
1.099100344192625e-02	3.188987e+00
1.100100344192625e-02	3.189022e+00
1.101100344192625e-02	3.189027e+00
1.102100344192625e-02	3.189059e+00
1.103100344192625e-02	3.189064e+00
1.104100344192625e-02	3.189095e+00
1.105100344192625e-02	3.189098e+00
1.106100344192625e-02	3.189128e+00
1.107100344192625e-02	3.189130e+00
1.108100344192625e-02	3.189159e+00
1.109100344192625e-02	3.189160e+00
1.110100344192625e-02	3.189188e+00
1.111100344192625e-02	3.189188e+00
1.112100344192625e-02	3.189214e+00
1.113100344192625e-02	3.189213e+00
1.114100344192625e-02	3.189239e+00
1.115100344192625e-02	3.189237e+00
1.116100344192625e-02	3.189262e+00
1.117100344192625e-02	3.189259e+00
1.118100344192625e-02	3.189283e+00
1.119100344192625e-02	3.189280e+00
1.120100344192625e-02	3.189303e+00
1.121100344192625e-02	3.189299e+00
1.122100344192625e-02	3.189322e+00
1.123100344192625e-02	3.189317e+00
1.124100344192625e-02	3.189339e+00
1.125100344192625e-02	3.189334e+00
1.126100344192625e-02	3.189355e+00
1.127100344192625e-02	3.189350e+00
1.128100344192625e-02	3.189370e+00
1.129100344192625e-02	3.189364e+00
1.130100344192625e-02	3.189385e+00
1.131100344192625e-02	3.189378e+00
1.132100344192625e-02	3.189398e+00
1.133100344192625e-02	3.189391e+00
1.134100344192625e-02	3.189410e+00
1.135100344192625e-02	3.189403e+00
1.136100344192625e-02	3.189422e+00
1.137100344192625e-02	3.189414e+00
1.138100344192625e-02	3.189432e+00
1.139100344192625e-02	3.189424e+00
1.140100344192625e-02	3.189443e+00
1.141100344192625e-02	3.189434e+00
1.142100344192625e-02	3.189452e+00
1.143100344192625e-02	3.189443e+00
1.144100344192625e-02	3.189461e+00
1.145100344192625e-02	3.189451e+00
1.146100344192625e-02	3.189469e+00
1.147100344192625e-02	3.189460e+00
1.148100344192625e-02	3.189476e+00
1.149100344192625e-02	3.189467e+00
1.150100344192625e-02	3.189484e+00
1.151100344192625e-02	3.189474e+00
1.152100344192625e-02	3.189490e+00
1.153100344192625e-02	3.189480e+00
1.154100344192625e-02	3.189497e+00
1.155100344192625e-02	3.189486e+00
1.156100344192625e-02	3.189503e+00
1.157100344192625e-02	3.189492e+00
1.158100344192625e-02	3.189508e+00
1.159100344192625e-02	3.189498e+00
1.160100344192625e-02	3.189513e+00
1.161100344192625e-02	3.189502e+00
1.162100344192625e-02	3.189518e+00
1.163100344192625e-02	3.189507e+00
1.164100344192625e-02	3.189523e+00
1.165100344192625e-02	3.189511e+00
1.166100344192625e-02	3.189527e+00
1.167100344192625e-02	3.189516e+00
1.168100344192625e-02	3.189531e+00
1.169100344192625e-02	3.189520e+00
1.170100344192625e-02	3.189535e+00
1.171100344192625e-02	3.189523e+00
1.172100344192625e-02	3.189538e+00
1.173100344192625e-02	3.189526e+00
1.174100344192625e-02	3.189541e+00
1.175100344192625e-02	3.189529e+00
1.176100344192625e-02	3.189544e+00
1.177100344192625e-02	3.189533e+00
1.178100344192625e-02	3.189547e+00
1.179100344192625e-02	3.189535e+00
1.180100344192625e-02	3.189550e+00
1.181100344192625e-02	3.189538e+00
1.182100344192625e-02	3.189552e+00
1.183100344192625e-02	3.189540e+00
1.184100344192625e-02	3.189555e+00
1.185100344192625e-02	3.189543e+00
1.186100344192625e-02	3.189557e+00
1.187100344192625e-02	3.189545e+00
1.188100344192625e-02	3.189559e+00
1.189100344192625e-02	3.189547e+00
1.190100344192625e-02	3.189561e+00
1.191100344192625e-02	3.189549e+00
1.192100344192625e-02	3.189563e+00
1.193100344192625e-02	3.189551e+00
1.194100344192625e-02	3.189564e+00
1.195100344192625e-02	3.189552e+00
1.196100344192625e-02	3.189566e+00
1.197100344192625e-02	3.189554e+00
1.198100344192625e-02	3.189567e+00
1.199100344192625e-02	3.189555e+00
1.200100344192625e-02	3.189569e+00
1.201100344192625e-02	3.189557e+00
1.202100344192625e-02	3.189570e+00
1.203100344192625e-02	3.189558e+00
1.204100344192625e-02	3.189572e+00
1.205100344192625e-02	3.189559e+00
1.206100344192625e-02	3.189573e+00
1.207100344192625e-02	3.189560e+00
1.208100344192625e-02	3.189574e+00
1.209100344192625e-02	3.189561e+00
1.210100344192625e-02	3.189575e+00
1.211100344192625e-02	3.189562e+00
1.212100344192625e-02	3.189576e+00
1.213100344192625e-02	3.189563e+00
1.214100344192625e-02	3.189577e+00
1.215100344192625e-02	3.189564e+00
1.216100344192625e-02	3.189578e+00
1.217100344192625e-02	3.189564e+00
1.218100344192625e-02	3.189578e+00
1.219100344192625e-02	3.189566e+00
1.220100344192625e-02	3.189579e+00
1.221100344192625e-02	3.189566e+00
1.222100344192625e-02	3.189580e+00
1.223100344192625e-02	3.189567e+00
1.224100344192625e-02	3.189580e+00
1.225100344192625e-02	3.189568e+00
1.226100344192625e-02	3.189581e+00
1.227100344192625e-02	3.189568e+00
1.228100344192625e-02	3.189581e+00
1.229100344192625e-02	3.189569e+00
1.230100344192625e-02	3.189582e+00
1.231100344192625e-02	3.189569e+00
1.232100344192625e-02	3.189583e+00
1.233100344192625e-02	3.189570e+00
1.234100344192625e-02	3.189583e+00
1.235100344192625e-02	3.189570e+00
1.236100344192625e-02	3.189583e+00
1.237100344192625e-02	3.189571e+00
1.238100344192625e-02	3.189584e+00
1.239100344192625e-02	3.189571e+00
1.240100344192625e-02	3.189584e+00
1.241100344192625e-02	3.189571e+00
1.242100344192625e-02	3.189584e+00
1.243100344192625e-02	3.189572e+00
1.244100344192625e-02	3.189585e+00
1.245100344192625e-02	3.189572e+00
1.246100344192625e-02	3.189585e+00
1.247100344192625e-02	3.189572e+00
1.248100344192625e-02	3.189585e+00
1.249100344192625e-02	3.189573e+00
1.250100344192625e-02	3.189586e+00
1.251100344192625e-02	3.189573e+00
1.252100344192625e-02	3.189586e+00
1.253100344192625e-02	3.189573e+00
1.254100344192625e-02	3.189586e+00
1.255100344192625e-02	3.189573e+00
1.256100344192625e-02	3.189586e+00
1.257100344192625e-02	3.189574e+00
1.258100344192625e-02	3.189587e+00
1.259100344192625e-02	3.189574e+00
1.260100344192625e-02	3.189587e+00
1.261100344192625e-02	3.189574e+00
1.262100344192625e-02	3.189587e+00
1.263100344192625e-02	3.189574e+00
1.264100344192625e-02	3.189587e+00
1.265100344192625e-02	3.189574e+00
1.266100344192625e-02	3.189587e+00
1.267100344192625e-02	3.189574e+00
1.268100344192625e-02	3.189588e+00
1.269100344192625e-02	3.189574e+00
1.270100344192625e-02	3.189588e+00
1.271100344192625e-02	3.189575e+00
1.272100344192625e-02	3.189588e+00
1.273100344192625e-02	3.189575e+00
1.274100344192625e-02	3.189588e+00
1.275100344192625e-02	3.189575e+00
1.276100344192625e-02	3.189588e+00
1.277100344192625e-02	3.189575e+00
1.278100344192625e-02	3.189588e+00
1.279100344192625e-02	3.189575e+00
1.280100344192625e-02	3.189588e+00
1.281100344192625e-02	3.189575e+00
1.282100344192625e-02	3.189588e+00
1.283100344192625e-02	3.189575e+00
1.284100344192625e-02	3.189589e+00
1.285100344192625e-02	3.189575e+00
1.286100344192625e-02	3.189589e+00
1.287100344192625e-02	3.189575e+00
1.288100344192625e-02	3.189589e+00
1.289100344192625e-02	3.189576e+00
1.290100344192625e-02	3.189589e+00
1.291100344192625e-02	3.189576e+00
1.292100344192625e-02	3.189589e+00
1.293100344192625e-02	3.189576e+00
1.294100344192625e-02	3.189589e+00
1.295100344192625e-02	3.189576e+00
1.296100344192625e-02	3.189589e+00
1.297100344192625e-02	3.189576e+00
1.298100344192625e-02	3.189589e+00
1.299100344192625e-02	3.189576e+00
1.300100344192625e-02	3.189589e+00
1.301100344192625e-02	3.189576e+00
1.302100344192625e-02	3.189589e+00
1.303100344192625e-02	3.189576e+00
1.304100344192625e-02	3.189589e+00
1.305100344192625e-02	3.189576e+00
1.306100344192625e-02	3.189589e+00
1.307100344192625e-02	3.189576e+00
1.308100344192625e-02	3.189589e+00
1.309100344192625e-02	3.189576e+00
1.310100344192625e-02	3.189589e+00
1.311100344192625e-02	3.189576e+00
1.312100344192625e-02	3.189589e+00
1.313100344192625e-02	3.189576e+00
1.314100344192625e-02	3.189589e+00
1.315100344192625e-02	3.189576e+00
1.316100344192625e-02	3.189589e+00
1.317100344192625e-02	3.189576e+00
1.318100344192625e-02	3.189589e+00
1.319100344192625e-02	3.189576e+00
1.320100344192625e-02	3.189590e+00
1.321100344192625e-02	3.189576e+00
1.322100344192625e-02	3.189590e+00
1.323100344192625e-02	3.189576e+00
1.324100344192625e-02	3.189590e+00
1.325100344192625e-02	3.189576e+00
1.326100344192625e-02	3.189590e+00
1.327100344192625e-02	3.189576e+00
1.328100344192625e-02	3.189590e+00
1.329100344192625e-02	3.189576e+00
1.330100344192625e-02	3.189590e+00
1.331100344192625e-02	3.189576e+00
1.332100344192625e-02	3.189590e+00
1.333100344192625e-02	3.189576e+00
1.334100344192625e-02	3.189590e+00
1.335100344192625e-02	3.189576e+00
1.336100344192625e-02	3.189590e+00
1.337100344192625e-02	3.189577e+00
1.338100344192625e-02	3.189590e+00
1.339100344192625e-02	3.189577e+00
1.340100344192625e-02	3.189590e+00
1.341100344192625e-02	3.189577e+00
1.342100344192625e-02	3.189590e+00
1.343100344192625e-02	3.189577e+00
1.344100344192625e-02	3.189590e+00
1.345100344192625e-02	3.189577e+00
1.346100344192625e-02	3.189590e+00
1.347100344192625e-02	3.189577e+00
1.348100344192625e-02	3.189590e+00
1.349100344192625e-02	3.189577e+00
1.350100344192625e-02	3.189590e+00
1.351100344192625e-02	3.189577e+00
1.352100344192625e-02	3.189590e+00
1.353100344192625e-02	3.189577e+00
1.354100344192625e-02	3.189590e+00
1.355100344192625e-02	3.189577e+00
1.356100344192625e-02	3.189590e+00
1.357100344192625e-02	3.189577e+00
1.358100344192625e-02	3.189590e+00
1.359100344192625e-02	3.189577e+00
1.360100344192625e-02	3.189590e+00
1.361100344192625e-02	3.189577e+00
1.362100344192625e-02	3.189590e+00
1.363100344192625e-02	3.189577e+00
1.364100344192625e-02	3.189590e+00
1.365100344192625e-02	3.189577e+00
1.366100344192625e-02	3.189590e+00
1.367100344192625e-02	3.189577e+00
1.368100344192625e-02	3.189590e+00
1.369100344192625e-02	3.189577e+00
1.370100344192625e-02	3.189590e+00
1.371100344192625e-02	3.189577e+00
1.372100344192625e-02	3.189590e+00
1.373100344192625e-02	3.189577e+00
1.374100344192625e-02	3.189590e+00
1.375100344192625e-02	3.189577e+00
1.376100344192625e-02	3.189590e+00
1.377100344192625e-02	3.189577e+00
1.378100344192625e-02	3.189590e+00
1.379100344192625e-02	3.189577e+00
1.380100344192625e-02	3.189590e+00
1.381100344192625e-02	3.189577e+00
1.382100344192625e-02	3.189590e+00
1.383100344192625e-02	3.189577e+00
1.384100344192625e-02	3.189590e+00
1.385100344192625e-02	3.189577e+00
1.386100344192625e-02	3.189590e+00
1.387100344192625e-02	3.189577e+00
1.388100344192625e-02	3.189590e+00
1.389100344192625e-02	3.189577e+00
1.390100344192625e-02	3.189590e+00
1.391100344192625e-02	3.189577e+00
1.392100344192625e-02	3.189590e+00
1.393100344192625e-02	3.189577e+00
1.394100344192625e-02	3.189590e+00
1.395100344192625e-02	3.189577e+00
1.396100344192625e-02	3.189590e+00
1.397100344192625e-02	3.189577e+00
1.398100344192625e-02	3.189590e+00
1.399100344192625e-02	3.189577e+00
1.400100344192625e-02	3.189590e+00
1.401100344192625e-02	3.189577e+00
1.402100344192625e-02	3.189590e+00
1.403100344192625e-02	3.189577e+00
1.404100344192625e-02	3.189590e+00
1.405100344192625e-02	3.189577e+00
1.406100344192625e-02	3.189590e+00
1.407100344192625e-02	3.189577e+00
1.408100344192625e-02	3.189590e+00
1.409100344192625e-02	3.189577e+00
1.410100344192625e-02	3.189590e+00
1.411100344192625e-02	3.189577e+00
1.412100344192625e-02	3.189590e+00
1.413100344192625e-02	3.189577e+00
1.414100344192625e-02	3.189590e+00
1.415100344192625e-02	3.189577e+00
1.416100344192625e-02	3.189590e+00
1.417100344192625e-02	3.189577e+00
1.418100344192625e-02	3.189590e+00
1.419100344192625e-02	3.189577e+00
1.420100344192625e-02	3.189590e+00
1.421100344192625e-02	3.189577e+00
1.422100344192625e-02	3.189590e+00
1.423100344192625e-02	3.189577e+00
1.424100344192625e-02	3.189590e+00
1.425100344192625e-02	3.189577e+00
1.426100344192625e-02	3.189590e+00
1.427100344192625e-02	3.189577e+00
1.428100344192625e-02	3.189590e+00
1.429100344192625e-02	3.189577e+00
1.430100344192625e-02	3.189590e+00
1.431100344192625e-02	3.189577e+00
1.432100344192625e-02	3.189590e+00
1.433100344192625e-02	3.189577e+00
1.434100344192625e-02	3.189590e+00
1.435100344192625e-02	3.189577e+00
1.436100344192625e-02	3.189590e+00
1.437100344192625e-02	3.189577e+00
1.438100344192625e-02	3.189590e+00
1.439100344192625e-02	3.189577e+00
1.440100344192625e-02	3.189590e+00
1.441100344192625e-02	3.189577e+00
1.442100344192625e-02	3.189590e+00
1.443100344192625e-02	3.189577e+00
1.444100344192625e-02	3.189590e+00
1.445100344192625e-02	3.189577e+00
1.446100344192625e-02	3.189590e+00
1.447100344192625e-02	3.189577e+00
1.448100344192625e-02	3.189590e+00
1.449100344192625e-02	3.189577e+00
1.450100344192625e-02	3.189590e+00
1.451100344192625e-02	3.189577e+00
1.452100344192625e-02	3.189590e+00
1.453100344192625e-02	3.189577e+00
1.454100344192625e-02	3.189590e+00
1.455100344192625e-02	3.189577e+00
1.456100344192625e-02	3.189590e+00
1.457100344192625e-02	3.189577e+00
1.458100344192625e-02	3.189590e+00
1.459100344192625e-02	3.189577e+00
1.460100344192625e-02	3.189590e+00
1.461100344192625e-02	3.189577e+00
1.462100344192625e-02	3.189590e+00
1.463100344192625e-02	3.189577e+00
1.464100344192625e-02	3.189590e+00
1.465100344192625e-02	3.189577e+00
1.466100344192625e-02	3.189590e+00
1.467100344192625e-02	3.189577e+00
1.468100344192625e-02	3.189590e+00
1.469100344192625e-02	3.189577e+00
1.470100344192625e-02	3.189590e+00
1.471100344192625e-02	3.189577e+00
1.472100344192625e-02	3.189590e+00
1.473100344192625e-02	3.189577e+00
1.474100344192625e-02	3.189590e+00
1.475100344192625e-02	3.189577e+00
1.476100344192625e-02	3.189590e+00
1.477100344192625e-02	3.189577e+00
1.478100344192625e-02	3.189590e+00
1.479100344192625e-02	3.189577e+00
1.480100344192625e-02	3.189590e+00
1.481100344192625e-02	3.189577e+00
1.482100344192625e-02	3.189590e+00
1.483100344192625e-02	3.189577e+00
1.484100344192625e-02	3.189590e+00
1.485100344192625e-02	3.189577e+00
1.486100344192625e-02	3.189590e+00
1.487100344192625e-02	3.189577e+00
1.488100344192625e-02	3.189590e+00
1.489100344192625e-02	3.189577e+00
1.490100344192625e-02	3.189590e+00
1.491100344192625e-02	3.189577e+00
1.492100344192625e-02	3.189590e+00
1.493100344192625e-02	3.189577e+00
1.494100344192625e-02	3.189590e+00
1.495100344192625e-02	3.189577e+00
1.496100344192625e-02	3.189590e+00
1.497100344192625e-02	3.189577e+00
1.498100344192625e-02	3.189590e+00
1.499100344192625e-02	3.189577e+00
1.500100344192625e-02	3.189590e+00
1.501100344192625e-02	3.189577e+00
1.502100344192625e-02	3.189590e+00
1.503100344192625e-02	3.189577e+00
1.504100344192625e-02	3.189590e+00
1.505100344192625e-02	3.189577e+00
1.506100344192625e-02	3.189590e+00
1.507100344192625e-02	3.189577e+00
1.508100344192625e-02	3.189590e+00
1.509100344192625e-02	3.189577e+00
1.510100344192625e-02	3.189590e+00
1.511100344192625e-02	3.189577e+00
1.512100344192625e-02	3.189590e+00
1.513100344192625e-02	3.189577e+00
1.514100344192625e-02	3.189590e+00
1.515100344192625e-02	3.189577e+00
1.516100344192625e-02	3.189590e+00
1.517100344192625e-02	3.189577e+00
1.518100344192625e-02	3.189590e+00
1.519100344192625e-02	3.189577e+00
1.520100344192625e-02	3.189590e+00
1.521100344192625e-02	3.189577e+00
1.522100344192625e-02	3.189590e+00
1.523100344192625e-02	3.189577e+00
1.524100344192625e-02	3.189590e+00
1.525100344192625e-02	3.189577e+00
1.526100344192625e-02	3.189590e+00
1.527100344192625e-02	3.189577e+00
1.528100344192625e-02	3.189590e+00
1.529100344192625e-02	3.189577e+00
1.530100344192625e-02	3.189590e+00
1.531100344192625e-02	3.189577e+00
1.532100344192625e-02	3.189590e+00
1.533100344192625e-02	3.189577e+00
1.534100344192625e-02	3.189590e+00
1.535100344192625e-02	3.189577e+00
1.536100344192625e-02	3.189590e+00
1.537100344192625e-02	3.189577e+00
1.538100344192625e-02	3.189590e+00
1.539100344192625e-02	3.189577e+00
1.540100344192625e-02	3.189590e+00
1.541100344192625e-02	3.189577e+00
1.542100344192625e-02	3.189590e+00
1.543100344192625e-02	3.189577e+00
1.544100344192625e-02	3.189590e+00
1.545100344192625e-02	3.189577e+00
1.546100344192625e-02	3.189590e+00
1.547100344192625e-02	3.189577e+00
1.548100344192625e-02	3.189590e+00
1.549100344192625e-02	3.189577e+00
1.550100344192625e-02	3.189590e+00
1.551100344192625e-02	3.189577e+00
1.552100344192625e-02	3.189590e+00
1.553100344192625e-02	3.189577e+00
1.554100344192625e-02	3.189590e+00
1.555100344192625e-02	3.189577e+00
1.556100344192625e-02	3.189590e+00
1.557100344192625e-02	3.189577e+00
1.558100344192625e-02	3.189590e+00
1.559100344192625e-02	3.189577e+00
1.560100344192625e-02	3.189590e+00
1.561100344192625e-02	3.189577e+00
1.562100344192625e-02	3.189590e+00
1.563100344192625e-02	3.189577e+00
1.564100344192625e-02	3.189590e+00
1.565100344192625e-02	3.189577e+00
1.566100344192625e-02	3.189590e+00
1.567100344192625e-02	3.189577e+00
1.568100344192625e-02	3.189590e+00
1.569100344192625e-02	3.189577e+00
1.570100344192625e-02	3.189590e+00
1.571100344192625e-02	3.189577e+00
1.572100344192625e-02	3.189590e+00
1.573100344192625e-02	3.189577e+00
1.574100344192625e-02	3.189590e+00
1.575100344192625e-02	3.189577e+00
1.576100344192625e-02	3.189590e+00
1.577100344192625e-02	3.189577e+00
1.578100344192625e-02	3.189590e+00
1.579100344192625e-02	3.189577e+00
1.580100344192625e-02	3.189590e+00
1.581100344192625e-02	3.189577e+00
1.582100344192625e-02	3.189590e+00
1.583100344192625e-02	3.189577e+00
1.584100344192625e-02	3.189590e+00
1.585100344192625e-02	3.189577e+00
1.586100344192625e-02	3.189590e+00
1.587100344192625e-02	3.189577e+00
1.588100344192625e-02	3.189590e+00
1.589100344192625e-02	3.189577e+00
1.590100344192625e-02	3.189590e+00
1.591100344192625e-02	3.189577e+00
1.592100344192625e-02	3.189590e+00
1.593100344192625e-02	3.189577e+00
1.594100344192625e-02	3.189590e+00
1.595100344192625e-02	3.189577e+00
1.596100344192625e-02	3.189590e+00
1.597100344192625e-02	3.189577e+00
1.598100344192625e-02	3.189590e+00
1.599100344192625e-02	3.189577e+00
1.600100344192625e-02	3.189590e+00
1.601100344192625e-02	3.189577e+00
1.602100344192625e-02	3.189590e+00
1.603100344192625e-02	3.189577e+00
1.604100344192625e-02	3.189590e+00
1.605100344192625e-02	3.189577e+00
1.606100344192625e-02	3.189590e+00
1.607100344192625e-02	3.189577e+00
1.608100344192625e-02	3.189590e+00
1.609100344192625e-02	3.189577e+00
1.610100344192625e-02	3.189590e+00
1.611100344192625e-02	3.189577e+00
1.612100344192625e-02	3.189590e+00
1.613100344192625e-02	3.189577e+00
1.614100344192625e-02	3.189590e+00
1.615100344192625e-02	3.189577e+00
1.616100344192625e-02	3.189590e+00
1.617100344192625e-02	3.189577e+00
1.618100344192625e-02	3.189590e+00
1.619100344192625e-02	3.189577e+00
1.620100344192625e-02	3.189590e+00
1.621100344192625e-02	3.189577e+00
1.622100344192625e-02	3.189590e+00
1.623100344192625e-02	3.189577e+00
1.624100344192625e-02	3.189590e+00
1.625100344192625e-02	3.189577e+00
1.626100344192625e-02	3.189590e+00
1.627100344192625e-02	3.189577e+00
1.628100344192625e-02	3.189590e+00
1.629100344192625e-02	3.189577e+00
1.630100344192625e-02	3.189590e+00
1.631100344192625e-02	3.189577e+00
1.632100344192625e-02	3.189590e+00
1.633100344192625e-02	3.189577e+00
1.634100344192625e-02	3.189590e+00
1.635100344192625e-02	3.189577e+00
1.636100344192625e-02	3.189590e+00
1.637100344192625e-02	3.189577e+00
1.638100344192625e-02	3.189590e+00
1.639100344192625e-02	3.189577e+00
1.640100344192625e-02	3.189590e+00
1.641100344192625e-02	3.189577e+00
1.642100344192625e-02	3.189590e+00
1.643100344192625e-02	3.189577e+00
1.644100344192625e-02	3.189590e+00
1.645100344192625e-02	3.189577e+00
1.646100344192625e-02	3.189590e+00
1.647100344192625e-02	3.189577e+00
1.648100344192625e-02	3.189590e+00
1.649100344192625e-02	3.189577e+00
1.650100344192625e-02	3.189590e+00
1.651100344192625e-02	3.189577e+00
1.652100344192625e-02	3.189590e+00
1.653100344192625e-02	3.189577e+00
1.654100344192625e-02	3.189590e+00
1.655100344192625e-02	3.189577e+00
1.656100344192625e-02	3.189590e+00
1.657100344192625e-02	3.189577e+00
1.658100344192625e-02	3.189590e+00
1.659100344192625e-02	3.189577e+00
1.660100344192625e-02	3.189590e+00
1.661100344192625e-02	3.189577e+00
1.662100344192625e-02	3.189590e+00
1.663100344192625e-02	3.189577e+00
1.664100344192625e-02	3.189590e+00
1.665100344192625e-02	3.189577e+00
1.666100344192625e-02	3.189590e+00
1.667100344192625e-02	3.189577e+00
1.668100344192625e-02	3.189590e+00
1.669100344192625e-02	3.189577e+00
1.670100344192625e-02	3.189590e+00
1.671100344192625e-02	3.189577e+00
1.672100344192625e-02	3.189590e+00
1.673100344192625e-02	3.189577e+00
1.674100344192625e-02	3.189590e+00
1.675100344192625e-02	3.189577e+00
1.676100344192625e-02	3.189590e+00
1.677100344192625e-02	3.189577e+00
1.678100344192625e-02	3.189590e+00
1.679100344192625e-02	3.189577e+00
1.680100344192625e-02	3.189590e+00
1.681100344192625e-02	3.189577e+00
1.682100344192625e-02	3.189590e+00
1.683100344192625e-02	3.189577e+00
1.684100344192625e-02	3.189590e+00
1.685100344192625e-02	3.189577e+00
1.686100344192625e-02	3.189590e+00
1.687100344192625e-02	3.189577e+00
1.688100344192625e-02	3.189590e+00
1.689100344192625e-02	3.189577e+00
1.690100344192625e-02	3.189590e+00
1.691100344192625e-02	3.189577e+00
1.692100344192625e-02	3.189590e+00
1.693100344192625e-02	3.189577e+00
1.694100344192625e-02	3.189590e+00
1.695100344192625e-02	3.189577e+00
1.696100344192625e-02	3.189590e+00
1.697100344192625e-02	3.189577e+00
1.698100344192625e-02	3.189590e+00
1.699100344192625e-02	3.189577e+00
1.700100344192625e-02	3.189590e+00
1.701100344192625e-02	3.189577e+00
1.702100344192625e-02	3.189590e+00
1.703100344192625e-02	3.189577e+00
1.704100344192625e-02	3.189590e+00
1.705100344192625e-02	3.189577e+00
1.706100344192625e-02	3.189590e+00
1.707100344192625e-02	3.189577e+00
1.708100344192625e-02	3.189590e+00
1.709100344192625e-02	3.189577e+00
1.710100344192625e-02	3.189590e+00
1.711100344192625e-02	3.189577e+00
1.712100344192625e-02	3.189590e+00
1.713100344192625e-02	3.189577e+00
1.714100344192625e-02	3.189590e+00
1.715100344192625e-02	3.189577e+00
1.716100344192625e-02	3.189590e+00
1.717100344192625e-02	3.189577e+00
1.718100344192625e-02	3.189590e+00
1.719100344192625e-02	3.189577e+00
1.720100344192625e-02	3.189590e+00
1.721100344192625e-02	3.189577e+00
1.722100344192625e-02	3.189590e+00
1.723100344192625e-02	3.189577e+00
1.724100344192625e-02	3.189590e+00
1.725100344192625e-02	3.189577e+00
1.726100344192625e-02	3.189590e+00
1.727100344192625e-02	3.189577e+00
1.728100344192625e-02	3.189590e+00
1.729100344192625e-02	3.189577e+00
1.730100344192625e-02	3.189590e+00
1.731100344192625e-02	3.189577e+00
1.732100344192625e-02	3.189590e+00
1.733100344192625e-02	3.189577e+00
1.734100344192625e-02	3.189590e+00
1.735100344192625e-02	3.189577e+00
1.736100344192625e-02	3.189590e+00
1.737100344192625e-02	3.189577e+00
1.738100344192625e-02	3.189590e+00
1.739100344192625e-02	3.189577e+00
1.740100344192625e-02	3.189590e+00
1.741100344192625e-02	3.189577e+00
1.742100344192625e-02	3.189590e+00
1.743100344192625e-02	3.189577e+00
1.744100344192625e-02	3.189590e+00
1.745100344192625e-02	3.189577e+00
1.746100344192625e-02	3.189590e+00
1.747100344192625e-02	3.189577e+00
1.748100344192625e-02	3.189590e+00
1.749100344192625e-02	3.189577e+00
1.750100344192625e-02	3.189590e+00
1.751100344192625e-02	3.189577e+00
1.752100344192625e-02	3.189590e+00
1.753100344192625e-02	3.189577e+00
1.754100344192625e-02	3.189590e+00
1.755100344192625e-02	3.189577e+00
1.756100344192625e-02	3.189590e+00
1.757100344192625e-02	3.189577e+00
1.758100344192625e-02	3.189590e+00
1.759100344192625e-02	3.189577e+00
1.760100344192625e-02	3.189590e+00
1.761100344192625e-02	3.189577e+00
1.762100344192625e-02	3.189590e+00
1.763100344192625e-02	3.189577e+00
1.764100344192625e-02	3.189590e+00
1.765100344192625e-02	3.189577e+00
1.766100344192625e-02	3.189590e+00
1.767100344192625e-02	3.189577e+00
1.768100344192625e-02	3.189590e+00
1.769100344192625e-02	3.189577e+00
1.770100344192625e-02	3.189590e+00
1.771100344192625e-02	3.189577e+00
1.772100344192625e-02	3.189590e+00
1.773100344192625e-02	3.189577e+00
1.774100344192625e-02	3.189590e+00
1.775100344192625e-02	3.189577e+00
1.776100344192625e-02	3.189590e+00
1.777100344192625e-02	3.189577e+00
1.778100344192625e-02	3.189590e+00
1.779100344192625e-02	3.189577e+00
1.780100344192625e-02	3.189590e+00
1.781100344192625e-02	3.189577e+00
1.782100344192625e-02	3.189590e+00
1.783100344192625e-02	3.189577e+00
1.784100344192625e-02	3.189590e+00
1.785100344192625e-02	3.189577e+00
1.786100344192625e-02	3.189590e+00
1.787100344192625e-02	3.189577e+00
1.788100344192625e-02	3.189590e+00
1.789100344192625e-02	3.189577e+00
1.790100344192625e-02	3.189590e+00
1.791100344192625e-02	3.189577e+00
1.792100344192625e-02	3.189590e+00
1.793100344192625e-02	3.189577e+00
1.794100344192625e-02	3.189590e+00
1.795100344192625e-02	3.189577e+00
1.796100344192625e-02	3.189590e+00
1.797100344192625e-02	3.189577e+00
1.798100344192625e-02	3.189590e+00
1.799100344192625e-02	3.189577e+00
1.800100344192625e-02	3.189590e+00
1.801100344192625e-02	3.189577e+00
1.802100344192625e-02	3.189590e+00
1.803100344192625e-02	3.189577e+00
1.804100344192625e-02	3.189590e+00
1.805100344192625e-02	3.189577e+00
1.806100344192625e-02	3.189590e+00
1.807100344192625e-02	3.189577e+00
1.808100344192625e-02	3.189590e+00
1.809100344192625e-02	3.189577e+00
1.810100344192625e-02	3.189590e+00
1.811100344192625e-02	3.189577e+00
1.812100344192625e-02	3.189590e+00
1.813100344192625e-02	3.189577e+00
1.814100344192625e-02	3.189590e+00
1.815100344192625e-02	3.189577e+00
1.816100344192625e-02	3.189590e+00
1.817100344192625e-02	3.189577e+00
1.818100344192625e-02	3.189590e+00
1.819100344192625e-02	3.189577e+00
1.820100344192625e-02	3.189590e+00
1.821100344192625e-02	3.189577e+00
1.822100344192625e-02	3.189590e+00
1.823100344192625e-02	3.189577e+00
1.824100344192625e-02	3.189590e+00
1.825100344192625e-02	3.189577e+00
1.826100344192625e-02	3.189590e+00
1.827100344192625e-02	3.189577e+00
1.828100344192625e-02	3.189590e+00
1.829100344192625e-02	3.189577e+00
1.830100344192625e-02	3.189590e+00
1.831100344192625e-02	3.189577e+00
1.832100344192625e-02	3.189590e+00
1.833100344192625e-02	3.189577e+00
1.834100344192625e-02	3.189590e+00
1.835100344192625e-02	3.189577e+00
1.836100344192625e-02	3.189590e+00
1.837100344192625e-02	3.189577e+00
1.838100344192625e-02	3.189590e+00
1.839100344192625e-02	3.189577e+00
1.840100344192625e-02	3.189590e+00
1.841100344192625e-02	3.189577e+00
1.842100344192625e-02	3.189590e+00
1.843100344192625e-02	3.189577e+00
1.844100344192625e-02	3.189590e+00
1.845100344192625e-02	3.189577e+00
1.846100344192625e-02	3.189590e+00
1.847100344192625e-02	3.189577e+00
1.848100344192625e-02	3.189590e+00
1.849100344192625e-02	3.189577e+00
1.850100344192625e-02	3.189590e+00
1.851100344192625e-02	3.189577e+00
1.852100344192625e-02	3.189590e+00
1.853100344192625e-02	3.189577e+00
1.854100344192625e-02	3.189590e+00
1.855100344192625e-02	3.189577e+00
1.856100344192625e-02	3.189590e+00
1.857100344192625e-02	3.189577e+00
1.858100344192625e-02	3.189590e+00
1.859100344192625e-02	3.189577e+00
1.860100344192625e-02	3.189590e+00
1.861100344192625e-02	3.189577e+00
1.862100344192625e-02	3.189590e+00
1.863100344192625e-02	3.189577e+00
1.864100344192625e-02	3.189590e+00
1.865100344192625e-02	3.189577e+00
1.866100344192625e-02	3.189590e+00
1.867100344192625e-02	3.189577e+00
1.868100344192625e-02	3.189590e+00
1.869100344192625e-02	3.189577e+00
1.870100344192625e-02	3.189590e+00
1.871100344192625e-02	3.189577e+00
1.872100344192625e-02	3.189590e+00
1.873100344192625e-02	3.189577e+00
1.874100344192625e-02	3.189590e+00
1.875100344192625e-02	3.189577e+00
1.876100344192625e-02	3.189590e+00
1.877100344192625e-02	3.189577e+00
1.878100344192625e-02	3.189590e+00
1.879100344192625e-02	3.189577e+00
1.880100344192625e-02	3.189590e+00
1.881100344192625e-02	3.189577e+00
1.882100344192625e-02	3.189590e+00
1.883100344192625e-02	3.189577e+00
1.884100344192625e-02	3.189590e+00
1.885100344192625e-02	3.189577e+00
1.886100344192625e-02	3.189590e+00
1.887100344192625e-02	3.189577e+00
1.888100344192625e-02	3.189590e+00
1.889100344192625e-02	3.189577e+00
1.890100344192625e-02	3.189590e+00
1.891100344192625e-02	3.189577e+00
1.892100344192625e-02	3.189590e+00
1.893100344192625e-02	3.189577e+00
1.894100344192625e-02	3.189590e+00
1.895100344192625e-02	3.189577e+00
1.896100344192625e-02	3.189590e+00
1.897100344192625e-02	3.189577e+00
1.898100344192625e-02	3.189590e+00
1.899100344192625e-02	3.189577e+00
1.900100344192625e-02	3.189590e+00
1.901100344192625e-02	3.189577e+00
1.902100344192625e-02	3.189590e+00
1.903100344192625e-02	3.189577e+00
1.904100344192625e-02	3.189590e+00
1.905100344192625e-02	3.189577e+00
1.906100344192625e-02	3.189590e+00
1.907100344192625e-02	3.189577e+00
1.908100344192625e-02	3.189590e+00
1.909100344192625e-02	3.189577e+00
1.910100344192625e-02	3.189590e+00
1.911100344192625e-02	3.189577e+00
1.912100344192625e-02	3.189590e+00
1.913100344192625e-02	3.189577e+00
1.914100344192625e-02	3.189590e+00
1.915100344192625e-02	3.189577e+00
1.916100344192625e-02	3.189590e+00
1.917100344192625e-02	3.189577e+00
1.918100344192625e-02	3.189590e+00
1.919100344192625e-02	3.189577e+00
1.920100344192625e-02	3.189590e+00
1.921100344192625e-02	3.189577e+00
1.922100344192625e-02	3.189590e+00
1.923100344192625e-02	3.189577e+00
1.924100344192625e-02	3.189590e+00
1.925100344192625e-02	3.189577e+00
1.926100344192625e-02	3.189590e+00
1.927100344192625e-02	3.189577e+00
1.928100344192625e-02	3.189590e+00
1.929100344192625e-02	3.189577e+00
1.930100344192625e-02	3.189590e+00
1.931100344192625e-02	3.189577e+00
1.932100344192625e-02	3.189590e+00
1.933100344192625e-02	3.189577e+00
1.934100344192625e-02	3.189590e+00
1.935100344192625e-02	3.189577e+00
1.936100344192625e-02	3.189590e+00
1.937100344192625e-02	3.189577e+00
1.938100344192625e-02	3.189590e+00
1.939100344192625e-02	3.189577e+00
1.940100344192625e-02	3.189590e+00
1.941100344192625e-02	3.189577e+00
1.942100344192625e-02	3.189590e+00
1.943100344192625e-02	3.189577e+00
1.944100344192625e-02	3.189590e+00
1.945100344192625e-02	3.189577e+00
1.946100344192625e-02	3.189590e+00
1.947100344192625e-02	3.189577e+00
1.948100344192625e-02	3.189590e+00
1.949100344192625e-02	3.189577e+00
1.950100344192625e-02	3.189590e+00
1.951100344192625e-02	3.189577e+00
1.952100344192625e-02	3.189590e+00
1.953100344192625e-02	3.189577e+00
1.954100344192625e-02	3.189590e+00
1.955100344192625e-02	3.189577e+00
1.956100344192625e-02	3.189590e+00
1.957100344192625e-02	3.189577e+00
1.958100344192625e-02	3.189590e+00
1.959100344192625e-02	3.189577e+00
1.960100344192625e-02	3.189590e+00
1.961100344192625e-02	3.189577e+00
1.962100344192625e-02	3.189590e+00
1.963100344192625e-02	3.189577e+00
1.964100344192625e-02	3.189590e+00
1.965100344192625e-02	3.189577e+00
1.966100344192625e-02	3.189590e+00
1.967100344192625e-02	3.189577e+00
1.968100344192625e-02	3.189590e+00
1.969100344192625e-02	3.189577e+00
1.970100344192625e-02	3.189590e+00
1.971100344192625e-02	3.189577e+00
1.972100344192625e-02	3.189590e+00
1.973100344192625e-02	3.189577e+00
1.974100344192625e-02	3.189590e+00
1.975100344192625e-02	3.189577e+00
1.976100344192625e-02	3.189590e+00
1.977100344192625e-02	3.189577e+00
1.978100344192625e-02	3.189590e+00
1.979100344192625e-02	3.189577e+00
1.980100344192625e-02	3.189590e+00
1.981100344192625e-02	3.189577e+00
1.982100344192625e-02	3.189590e+00
1.983100344192625e-02	3.189577e+00
1.984100344192625e-02	3.189590e+00
1.985100344192625e-02	3.189577e+00
1.986100344192625e-02	3.189590e+00
1.987100344192625e-02	3.189577e+00
1.988100344192625e-02	3.189590e+00
1.989100344192625e-02	3.189577e+00
1.990100344192625e-02	3.189590e+00
1.991100344192625e-02	3.189577e+00
1.992100344192625e-02	3.189590e+00
1.993100344192625e-02	3.189577e+00
1.994100344192625e-02	3.189590e+00
1.995100344192625e-02	3.189577e+00
1.996100344192625e-02	3.189590e+00
1.997100344192625e-02	3.189577e+00
1.998100344192625e-02	3.189590e+00
1.999100344192625e-02	3.189577e+00
2.000000000000000e-02	3.189590e+00
2.000000000100000e-02	3.189590e+00
2.000000000200000e-02	3.189590e+00
2.000000000319356e-02	3.189589e+00
2.000000000451940e-02	3.189589e+00
2.000000000675180e-02	3.189589e+00
2.000000000913221e-02	3.189589e+00
2.000000001328632e-02	3.189589e+00
2.000000001887647e-02	3.189588e+00
2.000000003005679e-02	3.189588e+00
2.000000004501103e-02	3.189587e+00
2.000000006354242e-02	3.189586e+00
2.000000008310754e-02	3.189586e+00
2.000000010888025e-02	3.189585e+00
2.000000014333055e-02	3.189585e+00
2.000000019719050e-02	3.189584e+00
2.000000026515991e-02	3.189584e+00
2.000000036111482e-02	3.189584e+00
2.000000050702726e-02	3.189583e+00
2.000000079885213e-02	3.189583e+00
2.000000138250186e-02	3.189584e+00
2.000000254980134e-02	3.189584e+00
2.000000441778943e-02	3.189584e+00
2.000000685772578e-02	3.189583e+00
2.000001113465737e-02	3.189583e+00
2.000001877449932e-02	3.189584e+00
2.000002470326720e-02	3.189583e+00
2.000003006998845e-02	3.189584e+00
2.000003467599622e-02	3.189583e+00
2.000003826335530e-02	3.189583e+00
2.000004032623251e-02	3.189584e+00
2.000004163866296e-02	3.189584e+00
2.000004247869458e-02	3.189583e+00
2.000004306702011e-02	3.189583e+00
2.000004351423679e-02	3.189584e+00
2.000004390253893e-02	3.189584e+00
2.000004430151046e-02	3.189584e+00
2.000004468475998e-02	3.189583e+00
2.000004513048924e-02	3.189583e+00
2.000004564461651e-02	3.189584e+00
2.000004628090683e-02	3.189584e+00
2.000004710655358e-02	3.189583e+00
2.000004823237416e-02	3.189584e+00
2.000005002005163e-02	3.189584e+00
2.000005313053004e-02	3.189584e+00
2.000005934025049e-02	3.189584e+00
2.000007175969138e-02	3.189584e+00
2.000009659857317e-02	3.189584e+00
2.000012188898922e-02	3.189584e+00
2.000014543836579e-02	3.189583e+00
2.000017157789943e-02	3.189583e+00
2.000020276019561e-02	3.189583e+00
2.000022496557751e-02	3.189583e+00
2.000023493583294e-02	3.189583e+00
2.000024511871778e-02	3.189583e+00
2.000025512283040e-02	3.189583e+00
2.000027309960332e-02	3.189583e+00
2.000029636144689e-02	3.189583e+00
2.000030733361662e-02	3.189583e+00
2.000032010797608e-02	3.189583e+00
2.000033185990597e-02	3.189583e+00
2.000035171807688e-02	3.189583e+00
2.000038446901539e-02	3.189583e+00
2.000040007516570e-02	3.189583e+00
2.000041588764405e-02	3.189583e+00
2.000044207651330e-02	3.189583e+00
2.000046882455716e-02	3.189583e+00
2.000051973750557e-02	3.189583e+00
2.000055605290598e-02	3.189583e+00
2.000057512156446e-02	3.189583e+00
2.000058023766550e-02	3.189583e+00
2.000058268835735e-02	3.189583e+00
2.000058505570573e-02	3.189583e+00
2.000058979040251e-02	3.189583e+00
2.000059925979606e-02	3.189583e+00
2.000061819858317e-02	3.189583e+00
2.000065496777951e-02	3.189583e+00
2.000070853723893e-02	3.189584e+00
2.000076445840220e-02	3.189584e+00
2.000079035688470e-02	3.189584e+00
2.000081357017946e-02	3.189584e+00
2.000082298007003e-02	3.189584e+00
2.000083225921549e-02	3.189584e+00
2.000083854130238e-02	3.189584e+00
2.000084589248556e-02	3.189584e+00
2.000086059485191e-02	3.189584e+00
2.000087908068614e-02	3.189585e+00
2.000090397395650e-02	3.189584e+00
2.000091871465061e-02	3.189585e+00
2.000092839200395e-02	3.189584e+00
2.000093530066698e-02	3.189585e+00
2.000094418746817e-02	3.189584e+00
2.000095488069379e-02	3.189584e+00
2.000097577726476e-02	3.189584e+00
2.000101265304997e-02	3.189584e+00
2.000103242987851e-02	3.189583e+00
2.000104626121518e-02	3.189583e+00
2.000105930121468e-02	3.189583e+00
2.000106174565379e-02	3.189583e+00
2.000106417354718e-02	3.189583e+00
2.000106902933397e-02	3.189583e+00
2.000107874090754e-02	3.189583e+00
2.000109816405469e-02	3.189583e+00
2.000112303742045e-02	3.189582e+00
2.000116366967469e-02	3.189579e+00
2.000120038377399e-02	3.189575e+00
2.000123812922270e-02	3.189570e+00
2.000127921483159e-02	3.189562e+00
2.000133024700072e-02	3.189549e+00
2.000135435529579e-02	3.189542e+00
2.000137661520236e-02	3.189535e+00
2.000140499820157e-02	3.189525e+00
2.000143478273314e-02	3.189514e+00
2.000149435179630e-02	3.189492e+00
2.000158052303487e-02	3.189459e+00
2.000167469311413e-02	3.189422e+00
2.000177045950695e-02	3.189384e+00
2.000187291960064e-02	3.189342e+00
2.000197321796258e-02	3.189300e+00
2.000217381468647e-02	3.189212e+00
2.000236926581935e-02	3.189122e+00
2.000258694333323e-02	3.189015e+00
2.000281461704723e-02	3.188897e+00
2.000316727271687e-02	3.188697e+00
2.000348515770779e-02	3.188499e+00
2.000386047797221e-02	3.188241e+00
2.000424831675339e-02	3.187941e+00
2.000463057533702e-02	3.187605e+00
2.000500616905306e-02	3.187228e+00
2.000537726292059e-02	3.186798e+00
2.000573156841767e-02	3.186312e+00
2.000605288205530e-02	3.185782e+00
2.000631724743222e-02	3.185265e+00
2.000660493618133e-02	3.184594e+00
2.000690187784319e-02	3.183746e+00
2.000729832192900e-02	3.182256e+00
2.000767454509233e-02	3.180225e+00
2.000801488281669e-02	3.177414e+00
2.000841618957072e-02	3.171342e+00
2.000872183671992e-02	3.160657e+00
2.000895573035332e-02	3.137210e+00
2.000919083430700e-02	3.103070e+00
2.000935052775007e-02	3.078923e+00
2.000950667190446e-02	3.054517e+00
2.000981896021323e-02	3.003586e+00
2.001014873727763e-02	2.946911e+00
2.001072183061077e-02	2.843519e+00
2.001132955747930e-02	2.730356e+00
2.001192039332868e-02	2.619983e+00
2.001253105446039e-02	2.506712e+00
2.001328383245058e-02	2.367520e+00
2.001389069016348e-02	2.251494e+00
2.001428475115834e-02	2.165402e+00
2.001457053428031e-02	2.069948e+00
2.001483891427045e-02	1.961120e+00
2.001517033887680e-02	1.837204e+00
2.001548490593302e-02	1.726292e+00
2.001576155389738e-02	1.632366e+00
2.001599893073549e-02	1.554148e+00
2.001622244368844e-02	1.483052e+00
2.001645756585856e-02	1.412310e+00
2.001669620550823e-02	1.346393e+00
2.001701978283141e-02	1.267674e+00
2.001727723661821e-02	1.213106e+00
2.001754064935568e-02	1.164445e+00
2.001788040107005e-02	1.111279e+00
2.001823443603000e-02	1.060708e+00
2.001859619103137e-02	1.008974e+00
2.001896223351616e-02	9.574652e-01
2.001969431848572e-02	8.558807e-01
2.002110676933812e-02	6.626096e-01
2.002191625576674e-02	5.401230e-01
2.002231365908875e-02	4.327028e-01
2.002242591842030e-02	3.871388e-01
2.002247177587687e-02	3.682377e-01
2.002251807612920e-02	3.495638e-01
2.002256253035464e-02	3.316567e-01
2.002260702684864e-02	3.140597e-01
2.002264925261468e-02	2.974870e-01
2.002269268056659e-02	2.807090e-01
2.002273371025070e-02	2.650316e-01
2.002277426486162e-02	2.497602e-01
2.002281328077460e-02	2.352540e-01
2.002285058586029e-02	2.215812e-01
2.002288603120912e-02	2.087634e-01
2.002291916779151e-02	1.969483e-01
2.002294969762191e-02	1.862056e-01
2.002297401309475e-02	1.777565e-01
2.002299269070916e-02	1.713288e-01
2.002300372236672e-02	1.675618e-01
2.002300892868689e-02	1.657894e-01
2.002301184265554e-02	1.648006e-01
2.002301400930922e-02	1.640656e-01
2.002301638558206e-02	1.632609e-01
2.002301879543139e-02	1.624455e-01
2.002302178158754e-02	1.614368e-01
2.002302540007162e-02	1.602163e-01
2.002303015733826e-02	1.586156e-01
2.002303704946402e-02	1.563032e-01
2.002304779421974e-02	1.527154e-01
2.002306667452445e-02	1.464617e-01
2.002310443513387e-02	1.341562e-01
2.002317995635271e-02	1.104155e-01
2.002333099879039e-02	6.709194e-02
2.002363308366575e-02	7.915974e-03
2.002380360361948e-02	9.686947e-04
2.002396002048738e-02	1.621008e-03
2.002405322477306e-02	2.575159e-03
2.002416383151859e-02	4.323244e-03
2.002428016786021e-02	4.156113e-03
2.002446470404473e-02	4.951000e-03
2.002466269301110e-02	5.188704e-03
2.002494765244188e-02	5.754471e-03
2.002523944032263e-02	5.995989e-03
2.002540569742473e-02	6.623507e-03
2.002547434711330e-02	7.374525e-03
2.002554267748439e-02	7.680655e-03
2.002555584432935e-02	7.680893e-03
2.002556889139058e-02	7.709742e-03
2.002557372529273e-02	7.709980e-03
2.002557554450903e-02	7.714033e-03
2.002557673669273e-02	7.716417e-03
2.002557817230884e-02	7.717848e-03
2.002557958801912e-02	7.720232e-03
2.002558185491335e-02	7.723093e-03
2.002558484453633e-02	7.727146e-03
2.002558941640634e-02	7.733345e-03
2.002559751657140e-02	7.743835e-03
2.002561280223502e-02	7.762432e-03
2.002563025196186e-02	7.782936e-03
2.002565050435228e-02	7.804871e-03
2.002567504405005e-02	7.830381e-03
2.002570789237344e-02	7.863045e-03
2.002575054355573e-02	7.903576e-03
2.002581622019331e-02	7.962227e-03
2.002591762739844e-02	8.048058e-03
2.002612044180867e-02	8.220434e-03
2.002647878129997e-02	8.901358e-03
2.002662409304807e-02	9.934902e-03
2.002671866732840e-02	1.113319e-02
2.002677880089416e-02	1.223493e-02
2.002683436306826e-02	1.349688e-02
2.002688738036619e-02	1.492214e-02
2.002694907250055e-02	1.680112e-02
2.002703326866735e-02	1.959181e-02
2.002714813670685e-02	2.341366e-02
2.002727551500458e-02	2.720690e-02
2.002742078336487e-02	3.070879e-02
2.002765776791496e-02	3.463459e-02
2.002778189197312e-02	3.611374e-02
2.002783660512268e-02	3.973722e-02
2.002788996777158e-02	4.945230e-02
2.002790787424984e-02	5.382371e-02
2.002792361424657e-02	5.768991e-02
2.002793466914513e-02	6.045461e-02
2.002794661397094e-02	6.348610e-02
2.002795862264624e-02	6.656981e-02
2.002797352829526e-02	7.045007e-02
2.002799551461779e-02	7.627320e-02
2.002802749420446e-02	8.495975e-02
2.002808869666636e-02	1.023054e-01
2.002816922014362e-02	1.265595e-01
2.002833026709814e-02	1.793687e-01
2.002849718482691e-02	2.388306e-01
2.002862423674807e-02	2.864909e-01
2.002872332525795e-02	3.247666e-01
2.002878361652968e-02	3.484356e-01
2.002883053610221e-02	3.670125e-01
2.002887394665398e-02	3.842824e-01
2.002891845341023e-02	4.020078e-01
2.002896155557002e-02	4.190793e-01
2.002900598278292e-02	4.363682e-01
2.002905217159112e-02	4.536400e-01
2.002910309678015e-02	4.712822e-01
2.002916574911316e-02	4.903471e-01
2.002926604750330e-02	5.153069e-01
2.002941165155825e-02	5.442364e-01
2.002956317610359e-02	5.700488e-01
2.002980158028094e-02	6.066961e-01
2.003019235344066e-02	6.621492e-01
2.003057839160524e-02	7.144146e-01
2.003092298058713e-02	7.600032e-01
2.003134498516923e-02	8.150567e-01
2.003173222961687e-02	8.650969e-01
2.003217230724013e-02	9.216044e-01
2.003257441747667e-02	9.730030e-01
2.003302867540730e-02	1.030879e+00
2.003356628665495e-02	1.099186e+00
2.003454677530811e-02	1.223408e+00
2.003555033536168e-02	1.350232e+00
2.003671907940175e-02	1.497652e+00
2.003792479112790e-02	1.649491e+00
2.003920751295446e-02	1.810797e+00
2.004040585334263e-02	1.961291e+00
2.004187434341042e-02	2.145458e+00
2.004354173476445e-02	2.354230e+00
2.004458978570693e-02	2.485269e+00
2.004538960501549e-02	2.584772e+00
2.004571805527768e-02	2.599457e+00
2.004603048707774e-02	2.604344e+00
2.004624292838740e-02	2.606679e+00
2.004645991272663e-02	2.608299e+00
2.004687448558210e-02	2.610669e+00
2.004736672030777e-02	2.612480e+00
2.004789308521884e-02	2.613862e+00
2.004853055675171e-02	2.615010e+00
2.004920011256021e-02	2.615909e+00
2.005007020368377e-02	2.616724e+00
2.005130002372350e-02	2.617548e+00
2.005361110720039e-02	2.618462e+00
2.005577885394801e-02	2.618992e+00
2.005835458483514e-02	2.619387e+00
2.006128091745670e-02	2.619698e+00
2.006600149891693e-02	2.619994e+00
2.007258811647465e-02	2.620238e+00
2.008012174775901e-02	2.620381e+00
2.008869322036480e-02	2.620478e+00
2.009720824441159e-02	2.620525e+00
2.010647944640910e-02	2.620560e+00
2.011647944640910e-02	2.620575e+00
2.012647944640910e-02	2.620589e+00
2.013647944640910e-02	2.620590e+00
2.014647944640910e-02	2.620597e+00
2.015647944640910e-02	2.620595e+00
2.016647944640910e-02	2.620600e+00
2.017647944640910e-02	2.622444e+00
2.018344674564891e-02	2.630316e+00
2.018824268229985e-02	2.639912e+00
2.019258406410798e-02	2.652169e+00
2.019691226891686e-02	2.669160e+00
2.020126427970011e-02	2.692028e+00
2.020706013225902e-02	2.732644e+00
2.021246075229931e-02	2.777373e+00
2.021512715494296e-02	2.800771e+00
2.021791161407974e-02	2.825206e+00
2.022055427858406e-02	2.848687e+00
2.022376082704616e-02	2.876800e+00
2.022803583140663e-02	2.914252e+00
2.023247773502115e-02	2.952431e+00
2.023877423366165e-02	3.005949e+00
2.024555962548567e-02	3.062164e+00
2.025187017978715e-02	3.109903e+00
2.025577366483212e-02	3.125751e+00
2.025747722665112e-02	3.130792e+00
2.025894882351986e-02	3.134425e+00
2.026039750072305e-02	3.137668e+00
2.026196654627086e-02	3.140677e+00
2.026340456295210e-02	3.143223e+00
2.026484339448465e-02	3.145440e+00
2.026623297887905e-02	3.147465e+00
2.026760380990765e-02	3.149222e+00
2.026893429254258e-02	3.150864e+00
2.027030168444248e-02	3.152356e+00
2.027172452237437e-02	3.153860e+00
2.027322413284480e-02	3.155264e+00
2.027487761861529e-02	3.156757e+00
2.027668166833205e-02	3.158194e+00
2.027874786753105e-02	3.159760e+00
2.028109027825635e-02	3.161316e+00
2.028391254334597e-02	3.163056e+00
2.028745978762250e-02	3.164936e+00
2.029216334422598e-02	3.167134e+00
2.029870658748990e-02	3.169630e+00
2.030870658748990e-02	3.172664e+00
2.031870658748990e-02	3.174970e+00
2.032870658748991e-02	3.176826e+00
2.033870658748991e-02	3.178313e+00
2.034870658748991e-02	3.179567e+00
2.035870658748990e-02	3.180604e+00
2.036870658748990e-02	3.181507e+00
2.037870658748990e-02	3.182271e+00
2.038870658748990e-02	3.182951e+00
2.039870658748990e-02	3.183535e+00
2.040870658748991e-02	3.184067e+00
2.041870658748991e-02	3.184527e+00
2.042870658748991e-02	3.184952e+00
2.043870658748990e-02	3.185323e+00
2.044870658748990e-02	3.185671e+00
2.045870658748990e-02	3.185976e+00
2.046870658748990e-02	3.186265e+00
2.047870658748990e-02	3.186520e+00
2.048870658748990e-02	3.186764e+00
2.049870658748991e-02	3.186979e+00
2.050870658748991e-02	3.187187e+00
2.051870658748991e-02	3.187371e+00
2.052870658748990e-02	3.187551e+00
2.053870658748990e-02	3.187709e+00
2.054870658748990e-02	3.187865e+00
2.055870658748990e-02	3.188003e+00
2.056870658748990e-02	3.188140e+00
2.057870658748990e-02	3.188261e+00
2.058870658748991e-02	3.188381e+00
2.059870658748991e-02	3.188488e+00
2.060870658748990e-02	3.188595e+00
2.061870658748990e-02	3.188689e+00
2.062870658748990e-02	3.188784e+00
2.063870658748990e-02	3.188868e+00
2.064870658748990e-02	3.188954e+00
2.065870658748990e-02	3.189029e+00
2.066870658748991e-02	3.189106e+00
2.067870658748991e-02	3.189172e+00
2.068870658748991e-02	3.189242e+00
2.069870658748990e-02	3.189302e+00
2.070870658748990e-02	3.189365e+00
2.071870658748990e-02	3.189420e+00
2.072870658748990e-02	3.189477e+00
2.073870658748990e-02	3.189526e+00
2.074870658748990e-02	3.189578e+00
2.075870658748991e-02	3.189623e+00
2.076870658748991e-02	3.189671e+00
2.077870658748990e-02	3.189711e+00
2.078870658748990e-02	3.189755e+00
2.079870658748990e-02	3.189792e+00
2.080870658748990e-02	3.189832e+00
2.081870658748990e-02	3.189866e+00
2.082870658748990e-02	3.189902e+00
2.083870658748991e-02	3.189933e+00
2.084870658748991e-02	3.189967e+00
2.085870658748991e-02	3.189995e+00
2.086870658748990e-02	3.190027e+00
2.087870658748990e-02	3.190052e+00
2.088870658748990e-02	3.190081e+00
2.089870658748990e-02	3.190105e+00
2.090870658748990e-02	3.190132e+00
2.091870658748990e-02	3.190153e+00
2.092870658748991e-02	3.190178e+00
2.093870658748991e-02	3.190198e+00
2.094870658748990e-02	3.190221e+00
2.095870658748990e-02	3.190239e+00
2.096870658748990e-02	3.190261e+00
2.097870658748990e-02	3.190278e+00
2.098870658748990e-02	3.190298e+00
2.099870658748990e-02	3.190313e+00
2.100870658748991e-02	3.190332e+00
2.101870658748991e-02	3.190346e+00
2.102870658748991e-02	3.190364e+00
2.103870658748990e-02	3.190377e+00
2.104870658748990e-02	3.190393e+00
2.105870658748990e-02	3.190405e+00
2.106870658748990e-02	3.190420e+00
2.107870658748990e-02	3.190431e+00
2.108870658748990e-02	3.190446e+00
2.109870658748991e-02	3.190456e+00
2.110870658748991e-02	3.190469e+00
2.111870658748990e-02	3.190478e+00
2.112870658748990e-02	3.190491e+00
2.113870658748990e-02	3.190500e+00
2.114870658748990e-02	3.190511e+00
2.115870658748990e-02	3.190519e+00
2.116870658748990e-02	3.190531e+00
2.117870658748991e-02	3.190538e+00
2.118870658748991e-02	3.190548e+00
2.119870658748991e-02	3.190555e+00
2.120870658748990e-02	3.190565e+00
2.121870658748990e-02	3.190571e+00
2.122870658748990e-02	3.190580e+00
2.123870658748990e-02	3.190586e+00
2.124870658748990e-02	3.190594e+00
2.125870658748990e-02	3.190599e+00
2.126870658748991e-02	3.190608e+00
2.127870658748991e-02	3.190612e+00
2.128870658748990e-02	3.190620e+00
2.129870658748990e-02	3.190624e+00
2.130870658748990e-02	3.190632e+00
2.131870658748990e-02	3.190636e+00
2.132870658748990e-02	3.190643e+00
2.133870658748990e-02	3.190646e+00
2.134870658748991e-02	3.190653e+00
2.135870658748991e-02	3.190656e+00
2.136870658748991e-02	3.190663e+00
2.137870658748990e-02	3.190665e+00
2.138870658748990e-02	3.190672e+00
2.139870658748990e-02	3.190674e+00
2.140870658748990e-02	3.190680e+00
2.141870658748990e-02	3.190682e+00
2.142870658748990e-02	3.190688e+00
2.143870658748991e-02	3.190690e+00
2.144870658748991e-02	3.190695e+00
2.145870658748990e-02	3.190697e+00
2.146870658748990e-02	3.190702e+00
2.147870658748990e-02	3.190703e+00
2.148870658748990e-02	3.190708e+00
2.149870658748990e-02	3.190709e+00
2.150870658748990e-02	3.190714e+00
2.151870658748991e-02	3.190715e+00
2.152870658748991e-02	3.190720e+00
2.153870658748991e-02	3.190721e+00
2.154870658748990e-02	3.190725e+00
2.155870658748990e-02	3.190726e+00
2.156870658748990e-02	3.190730e+00
2.157870658748990e-02	3.190730e+00
2.158870658748990e-02	3.190734e+00
2.159870658748990e-02	3.190735e+00
2.160870658748991e-02	3.190739e+00
2.161870658748991e-02	3.190739e+00
2.162870658748990e-02	3.190743e+00
2.163870658748990e-02	3.190743e+00
2.164870658748990e-02	3.190747e+00
2.165870658748990e-02	3.190747e+00
2.166870658748990e-02	3.190750e+00
2.167870658748990e-02	3.190750e+00
2.168870658748991e-02	3.190754e+00
2.169870658748991e-02	3.190753e+00
2.170870658748991e-02	3.190757e+00
2.171870658748990e-02	3.190756e+00
2.172870658748990e-02	3.190759e+00
2.173870658748990e-02	3.190759e+00
2.174870658748990e-02	3.190762e+00
2.175870658748990e-02	3.190762e+00
2.176870658748990e-02	3.190765e+00
2.177870658748991e-02	3.190764e+00
2.178870658748991e-02	3.190767e+00
2.179870658748990e-02	3.190767e+00
2.180870658748990e-02	3.190769e+00
2.181870658748990e-02	3.190769e+00
2.182870658748990e-02	3.190771e+00
2.183870658748990e-02	3.190771e+00
2.184870658748990e-02	3.190773e+00
2.185870658748990e-02	3.190773e+00
2.186870658748991e-02	3.190775e+00
2.187870658748991e-02	3.190774e+00
2.188870658748990e-02	3.190777e+00
2.189870658748990e-02	3.190776e+00
2.190870658748990e-02	3.190779e+00
2.191870658748990e-02	3.190778e+00
2.192870658748990e-02	3.190780e+00
2.193870658748990e-02	3.190779e+00
2.194870658748991e-02	3.190782e+00
2.195870658748991e-02	3.190780e+00
2.196870658748990e-02	3.190783e+00
2.197870658748990e-02	3.190782e+00
2.198870658748990e-02	3.190784e+00
2.199870658748990e-02	3.190783e+00
2.200870658748990e-02	3.190785e+00
2.201870658748990e-02	3.190784e+00
2.202870658748990e-02	3.190786e+00
2.203870658748991e-02	3.190785e+00
2.204870658748991e-02	3.190787e+00
2.205870658748990e-02	3.190786e+00
2.206870658748990e-02	3.190788e+00
2.207870658748990e-02	3.190787e+00
2.208870658748990e-02	3.190789e+00
2.209870658748990e-02	3.190788e+00
2.210870658748990e-02	3.190790e+00
2.211870658748991e-02	3.190789e+00
2.212870658748991e-02	3.190791e+00
2.213870658748990e-02	3.190790e+00
2.214870658748990e-02	3.190792e+00
2.215870658748990e-02	3.190790e+00
2.216870658748990e-02	3.190792e+00
2.217870658748990e-02	3.190791e+00
2.218870658748990e-02	3.190793e+00
2.219870658748990e-02	3.190792e+00
2.220870658748991e-02	3.190794e+00
2.221870658748991e-02	3.190792e+00
2.222870658748990e-02	3.190794e+00
2.223870658748990e-02	3.190793e+00
2.224870658748990e-02	3.190795e+00
2.225870658748990e-02	3.190793e+00
2.226870658748990e-02	3.190795e+00
2.227870658748990e-02	3.190794e+00
2.228870658748991e-02	3.190796e+00
2.229870658748991e-02	3.190794e+00
2.230870658748991e-02	3.190796e+00
2.231870658748990e-02	3.190795e+00
2.232870658748990e-02	3.190797e+00
2.233870658748990e-02	3.190795e+00
2.234870658748990e-02	3.190797e+00
2.235870658748990e-02	3.190795e+00
2.236870658748990e-02	3.190797e+00
2.237870658748991e-02	3.190796e+00
2.238870658748991e-02	3.190798e+00
2.239870658748990e-02	3.190796e+00
2.240870658748990e-02	3.190798e+00
2.241870658748990e-02	3.190797e+00
2.242870658748990e-02	3.190798e+00
2.243870658748990e-02	3.190797e+00
2.244870658748990e-02	3.190799e+00
2.245870658748991e-02	3.190797e+00
2.246870658748991e-02	3.190799e+00
2.247870658748991e-02	3.190797e+00
2.248870658748990e-02	3.190799e+00
2.249870658748990e-02	3.190798e+00
2.250870658748990e-02	3.190800e+00
2.251870658748990e-02	3.190798e+00
2.252870658748990e-02	3.190800e+00
2.253870658748990e-02	3.190798e+00
2.254870658748991e-02	3.190800e+00
2.255870658748991e-02	3.190798e+00
2.256870658748990e-02	3.190800e+00
2.257870658748990e-02	3.190799e+00
2.258870658748990e-02	3.190800e+00
2.259870658748990e-02	3.190799e+00
2.260870658748990e-02	3.190800e+00
2.261870658748990e-02	3.190799e+00
2.262870658748991e-02	3.190800e+00
2.263870658748991e-02	3.190799e+00
2.264870658748991e-02	3.190801e+00
2.265870658748990e-02	3.190799e+00
2.266870658748990e-02	3.190801e+00
2.267870658748990e-02	3.190799e+00
2.268870658748990e-02	3.190801e+00
2.269870658748990e-02	3.190799e+00
2.270870658748990e-02	3.190801e+00
2.271870658748991e-02	3.190799e+00
2.272870658748991e-02	3.190801e+00
2.273870658748990e-02	3.190799e+00
2.274870658748990e-02	3.190801e+00
2.275870658748990e-02	3.190800e+00
2.276870658748990e-02	3.190801e+00
2.277870658748990e-02	3.190800e+00
2.278870658748990e-02	3.190801e+00
2.279870658748991e-02	3.190800e+00
2.280870658748991e-02	3.190802e+00
2.281870658748991e-02	3.190800e+00
2.282870658748990e-02	3.190802e+00
2.283870658748990e-02	3.190800e+00
2.284870658748990e-02	3.190802e+00
2.285870658748990e-02	3.190800e+00
2.286870658748990e-02	3.190802e+00
2.287870658748990e-02	3.190800e+00
2.288870658748991e-02	3.190802e+00
2.289870658748991e-02	3.190800e+00
2.290870658748990e-02	3.190802e+00
2.291870658748990e-02	3.190800e+00
2.292870658748990e-02	3.190802e+00
2.293870658748990e-02	3.190800e+00
2.294870658748990e-02	3.190802e+00
2.295870658748990e-02	3.190800e+00
2.296870658748991e-02	3.190802e+00
2.297870658748991e-02	3.190800e+00
2.298870658748991e-02	3.190802e+00
2.299870658748990e-02	3.190801e+00
2.300870658748990e-02	3.190802e+00
2.301870658748990e-02	3.190801e+00
2.302870658748990e-02	3.190802e+00
2.303870658748990e-02	3.190801e+00
2.304870658748990e-02	3.190802e+00
2.305870658748991e-02	3.190801e+00
2.306870658748991e-02	3.190802e+00
2.307870658748990e-02	3.190801e+00
2.308870658748990e-02	3.190802e+00
2.309870658748990e-02	3.190801e+00
2.310870658748990e-02	3.190802e+00
2.311870658748990e-02	3.190801e+00
2.312870658748990e-02	3.190803e+00
2.313870658748990e-02	3.190801e+00
2.314870658748991e-02	3.190803e+00
2.315870658748991e-02	3.190801e+00
2.316870658748990e-02	3.190803e+00
2.317870658748990e-02	3.190801e+00
2.318870658748990e-02	3.190803e+00
2.319870658748990e-02	3.190801e+00
2.320870658748990e-02	3.190803e+00
2.321870658748990e-02	3.190801e+00
2.322870658748991e-02	3.190803e+00
2.323870658748991e-02	3.190801e+00
2.324870658748990e-02	3.190803e+00
2.325870658748990e-02	3.190801e+00
2.326870658748990e-02	3.190803e+00
2.327870658748990e-02	3.190801e+00
2.328870658748990e-02	3.190803e+00
2.329870658748990e-02	3.190801e+00
2.330870658748990e-02	3.190803e+00
2.331870658748991e-02	3.190801e+00
2.332870658748991e-02	3.190803e+00
2.333870658748990e-02	3.190801e+00
2.334870658748990e-02	3.190803e+00
2.335870658748990e-02	3.190801e+00
2.336870658748990e-02	3.190803e+00
2.337870658748990e-02	3.190801e+00
2.338870658748990e-02	3.190803e+00
2.339870658748991e-02	3.190801e+00
2.340870658748991e-02	3.190803e+00
2.341870658748990e-02	3.190801e+00
2.342870658748990e-02	3.190803e+00
2.343870658748990e-02	3.190801e+00
2.344870658748990e-02	3.190803e+00
2.345870658748990e-02	3.190801e+00
2.346870658748990e-02	3.190803e+00
2.347870658748990e-02	3.190801e+00
2.348870658748991e-02	3.190803e+00
2.349870658748991e-02	3.190801e+00
2.350870658748990e-02	3.190803e+00
2.351870658748990e-02	3.190801e+00
2.352870658748990e-02	3.190803e+00
2.353870658748990e-02	3.190801e+00
2.354870658748990e-02	3.190803e+00
2.355870658748990e-02	3.190801e+00
2.356870658748991e-02	3.190803e+00
2.357870658748991e-02	3.190801e+00
2.358870658748990e-02	3.190803e+00
2.359870658748990e-02	3.190801e+00
2.360870658748990e-02	3.190803e+00
2.361870658748990e-02	3.190801e+00
2.362870658748990e-02	3.190803e+00
2.363870658748990e-02	3.190801e+00
2.364870658748990e-02	3.190803e+00
2.365870658748991e-02	3.190801e+00
2.366870658748991e-02	3.190803e+00
2.367870658748990e-02	3.190801e+00
2.368870658748990e-02	3.190803e+00
2.369870658748990e-02	3.190801e+00
2.370870658748990e-02	3.190803e+00
2.371870658748990e-02	3.190801e+00
2.372870658748990e-02	3.190803e+00
2.373870658748991e-02	3.190801e+00
2.374870658748991e-02	3.190803e+00
2.375870658748990e-02	3.190801e+00
2.376870658748990e-02	3.190803e+00
2.377870658748990e-02	3.190801e+00
2.378870658748990e-02	3.190803e+00
2.379870658748990e-02	3.190801e+00
2.380870658748990e-02	3.190803e+00
2.381870658748990e-02	3.190801e+00
2.382870658748991e-02	3.190803e+00
2.383870658748991e-02	3.190801e+00
2.384870658748990e-02	3.190803e+00
2.385870658748990e-02	3.190801e+00
2.386870658748990e-02	3.190803e+00
2.387870658748990e-02	3.190801e+00
2.388870658748990e-02	3.190803e+00
2.389870658748990e-02	3.190801e+00
2.390870658748991e-02	3.190803e+00
2.391870658748991e-02	3.190801e+00
2.392870658748990e-02	3.190803e+00
2.393870658748990e-02	3.190801e+00
2.394870658748990e-02	3.190803e+00
2.395870658748990e-02	3.190801e+00
2.396870658748990e-02	3.190803e+00
2.397870658748990e-02	3.190801e+00
2.398870658748990e-02	3.190803e+00
2.399870658748991e-02	3.190801e+00
2.400870658748991e-02	3.190803e+00
2.401870658748990e-02	3.190801e+00
2.402870658748990e-02	3.190803e+00
2.403870658748990e-02	3.190801e+00
2.404870658748990e-02	3.190803e+00
2.405870658748990e-02	3.190801e+00
2.406870658748990e-02	3.190803e+00
2.407870658748991e-02	3.190801e+00
2.408870658748991e-02	3.190803e+00
2.409870658748990e-02	3.190801e+00
2.410870658748990e-02	3.190803e+00
2.411870658748990e-02	3.190801e+00
2.412870658748990e-02	3.190803e+00
2.413870658748990e-02	3.190801e+00
2.414870658748990e-02	3.190803e+00
2.415870658748990e-02	3.190801e+00
2.416870658748991e-02	3.190803e+00
2.417870658748991e-02	3.190801e+00
2.418870658748990e-02	3.190803e+00
2.419870658748990e-02	3.190801e+00
2.420870658748990e-02	3.190803e+00
2.421870658748990e-02	3.190801e+00
2.422870658748990e-02	3.190803e+00
2.423870658748990e-02	3.190801e+00
2.424870658748991e-02	3.190803e+00
2.425870658748991e-02	3.190801e+00
2.426870658748990e-02	3.190803e+00
2.427870658748990e-02	3.190801e+00
2.428870658748990e-02	3.190803e+00
2.429870658748990e-02	3.190801e+00
2.430870658748990e-02	3.190803e+00
2.431870658748990e-02	3.190801e+00
2.432870658748990e-02	3.190803e+00
2.433870658748991e-02	3.190801e+00
2.434870658748991e-02	3.190803e+00
2.435870658748990e-02	3.190801e+00
2.436870658748990e-02	3.190803e+00
2.437870658748990e-02	3.190801e+00
2.438870658748990e-02	3.190803e+00
2.439870658748990e-02	3.190801e+00
2.440870658748990e-02	3.190803e+00
2.441870658748990e-02	3.190801e+00
2.442870658748991e-02	3.190803e+00
2.443870658748990e-02	3.190801e+00
2.444870658748990e-02	3.190803e+00
2.445870658748990e-02	3.190801e+00
2.446870658748990e-02	3.190803e+00
2.447870658748990e-02	3.190801e+00
2.448870658748990e-02	3.190803e+00
2.449870658748990e-02	3.190801e+00
2.450870658748991e-02	3.190803e+00
2.451870658748991e-02	3.190801e+00
2.452870658748990e-02	3.190803e+00
2.453870658748990e-02	3.190801e+00
2.454870658748990e-02	3.190803e+00
2.455870658748990e-02	3.190801e+00
2.456870658748990e-02	3.190803e+00
2.457870658748990e-02	3.190801e+00
2.458870658748990e-02	3.190803e+00
2.459870658748991e-02	3.190801e+00
2.460870658748990e-02	3.190803e+00
2.461870658748990e-02	3.190801e+00
2.462870658748990e-02	3.190803e+00
2.463870658748990e-02	3.190801e+00
2.464870658748990e-02	3.190803e+00
2.465870658748990e-02	3.190801e+00
2.466870658748990e-02	3.190803e+00
2.467870658748991e-02	3.190801e+00
2.468870658748991e-02	3.190803e+00
2.469870658748990e-02	3.190801e+00
2.470870658748990e-02	3.190803e+00
2.471870658748990e-02	3.190801e+00
2.472870658748990e-02	3.190803e+00
2.473870658748990e-02	3.190801e+00
2.474870658748990e-02	3.190803e+00
2.475870658748990e-02	3.190801e+00
2.476870658748991e-02	3.190803e+00
2.477870658748990e-02	3.190801e+00
2.478870658748990e-02	3.190803e+00
2.479870658748990e-02	3.190801e+00
2.480870658748990e-02	3.190803e+00
2.481870658748990e-02	3.190801e+00
2.482870658748990e-02	3.190803e+00
2.483870658748990e-02	3.190801e+00
2.484870658748991e-02	3.190803e+00
2.485870658748991e-02	3.190801e+00
2.486870658748990e-02	3.190803e+00
2.487870658748990e-02	3.190801e+00
2.488870658748990e-02	3.190803e+00
2.489870658748990e-02	3.190801e+00
2.490870658748990e-02	3.190803e+00
2.491870658748990e-02	3.190801e+00
2.492870658748990e-02	3.190803e+00
2.493870658748991e-02	3.190801e+00
2.494870658748990e-02	3.190803e+00
2.495870658748990e-02	3.190801e+00
2.496870658748990e-02	3.190803e+00
2.497870658748990e-02	3.190801e+00
2.498870658748990e-02	3.190803e+00
2.499870658748990e-02	3.190801e+00
2.500870658748990e-02	3.190803e+00
2.501870658748991e-02	3.190801e+00
2.502870658748991e-02	3.190803e+00
2.503870658748990e-02	3.190801e+00
2.504870658748990e-02	3.190803e+00
2.505870658748990e-02	3.190801e+00
2.506870658748990e-02	3.190803e+00
2.507870658748990e-02	3.190801e+00
2.508870658748990e-02	3.190803e+00
2.509870658748990e-02	3.190801e+00
2.510870658748991e-02	3.190803e+00
2.511870658748991e-02	3.190801e+00
2.512870658748990e-02	3.190803e+00
2.513870658748990e-02	3.190801e+00
2.514870658748990e-02	3.190803e+00
2.515870658748990e-02	3.190801e+00
2.516870658748990e-02	3.190803e+00
2.517870658748990e-02	3.190801e+00
2.518870658748991e-02	3.190803e+00
2.519870658748991e-02	3.190801e+00
2.520870658748990e-02	3.190803e+00
2.521870658748990e-02	3.190801e+00
2.522870658748990e-02	3.190803e+00
2.523870658748990e-02	3.190801e+00
2.524870658748990e-02	3.190803e+00
2.525870658748990e-02	3.190801e+00
2.526870658748990e-02	3.190803e+00
2.527870658748991e-02	3.190801e+00
2.528870658748991e-02	3.190803e+00
2.529870658748990e-02	3.190801e+00
2.530870658748990e-02	3.190803e+00
2.531870658748990e-02	3.190801e+00
2.532870658748990e-02	3.190803e+00
2.533870658748990e-02	3.190801e+00
2.534870658748990e-02	3.190803e+00
2.535870658748991e-02	3.190801e+00
2.536870658748991e-02	3.190803e+00
2.537870658748990e-02	3.190801e+00
2.538870658748990e-02	3.190803e+00
2.539870658748990e-02	3.190801e+00
2.540870658748990e-02	3.190803e+00
2.541870658748990e-02	3.190801e+00
2.542870658748990e-02	3.190803e+00
2.543870658748990e-02	3.190801e+00
2.544870658748991e-02	3.190803e+00
2.545870658748991e-02	3.190801e+00
2.546870658748990e-02	3.190803e+00
2.547870658748990e-02	3.190801e+00
2.548870658748990e-02	3.190803e+00
2.549870658748990e-02	3.190801e+00
2.550870658748990e-02	3.190803e+00
2.551870658748990e-02	3.190801e+00
2.552870658748991e-02	3.190803e+00
2.553870658748991e-02	3.190801e+00
2.554870658748990e-02	3.190803e+00
2.555870658748990e-02	3.190801e+00
2.556870658748990e-02	3.190803e+00
2.557870658748990e-02	3.190801e+00
2.558870658748990e-02	3.190803e+00
2.559870658748990e-02	3.190801e+00
2.560870658748990e-02	3.190803e+00
2.561870658748991e-02	3.190801e+00
2.562870658748991e-02	3.190803e+00
2.563870658748990e-02	3.190801e+00
2.564870658748990e-02	3.190803e+00
2.565870658748990e-02	3.190801e+00
2.566870658748990e-02	3.190803e+00
2.567870658748990e-02	3.190801e+00
2.568870658748990e-02	3.190803e+00
2.569870658748990e-02	3.190801e+00
2.570870658748991e-02	3.190803e+00
2.571870658748990e-02	3.190801e+00
2.572870658748990e-02	3.190803e+00
2.573870658748990e-02	3.190801e+00
2.574870658748990e-02	3.190803e+00
2.575870658748990e-02	3.190801e+00
2.576870658748990e-02	3.190803e+00
2.577870658748990e-02	3.190801e+00
2.578870658748991e-02	3.190803e+00
2.579870658748991e-02	3.190801e+00
2.580870658748990e-02	3.190803e+00
2.581870658748990e-02	3.190801e+00
2.582870658748990e-02	3.190803e+00
2.583870658748990e-02	3.190801e+00
2.584870658748990e-02	3.190803e+00
2.585870658748990e-02	3.190801e+00
2.586870658748990e-02	3.190803e+00
2.587870658748991e-02	3.190801e+00
2.588870658748990e-02	3.190803e+00
2.589870658748990e-02	3.190801e+00
2.590870658748990e-02	3.190803e+00
2.591870658748990e-02	3.190801e+00
2.592870658748990e-02	3.190803e+00
2.593870658748990e-02	3.190801e+00
2.594870658748990e-02	3.190803e+00
2.595870658748991e-02	3.190801e+00
2.596870658748991e-02	3.190803e+00
2.597870658748990e-02	3.190801e+00
2.598870658748990e-02	3.190803e+00
2.599870658748990e-02	3.190801e+00
2.600870658748990e-02	3.190803e+00
2.601870658748990e-02	3.190801e+00
2.602870658748990e-02	3.190803e+00
2.603870658748990e-02	3.190801e+00
2.604870658748991e-02	3.190803e+00
2.605870658748990e-02	3.190801e+00
2.606870658748990e-02	3.190803e+00
2.607870658748990e-02	3.190801e+00
2.608870658748990e-02	3.190803e+00
2.609870658748990e-02	3.190801e+00
2.610870658748990e-02	3.190803e+00
2.611870658748990e-02	3.190801e+00
2.612870658748991e-02	3.190803e+00
2.613870658748991e-02	3.190801e+00
2.614870658748990e-02	3.190803e+00
2.615870658748990e-02	3.190801e+00
2.616870658748990e-02	3.190803e+00
2.617870658748990e-02	3.190801e+00
2.618870658748990e-02	3.190803e+00
2.619870658748990e-02	3.190801e+00
2.620870658748990e-02	3.190803e+00
2.621870658748991e-02	3.190801e+00
2.622870658748990e-02	3.190803e+00
2.623870658748990e-02	3.190801e+00
2.624870658748990e-02	3.190803e+00
2.625870658748990e-02	3.190801e+00
2.626870658748990e-02	3.190803e+00
2.627870658748990e-02	3.190801e+00
2.628870658748990e-02	3.190803e+00
2.629870658748991e-02	3.190801e+00
2.630870658748991e-02	3.190803e+00
2.631870658748990e-02	3.190801e+00
2.632870658748990e-02	3.190803e+00
2.633870658748990e-02	3.190801e+00
2.634870658748990e-02	3.190803e+00
2.635870658748990e-02	3.190801e+00
2.636870658748990e-02	3.190803e+00
2.637870658748990e-02	3.190801e+00
2.638870658748991e-02	3.190803e+00
2.639870658748990e-02	3.190801e+00
2.640870658748990e-02	3.190803e+00
2.641870658748990e-02	3.190801e+00
2.642870658748990e-02	3.190803e+00
2.643870658748990e-02	3.190801e+00
2.644870658748990e-02	3.190803e+00
2.645870658748990e-02	3.190801e+00
2.646870658748991e-02	3.190803e+00
2.647870658748991e-02	3.190801e+00
2.648870658748990e-02	3.190803e+00
2.649870658748990e-02	3.190801e+00
2.650870658748990e-02	3.190803e+00
2.651870658748990e-02	3.190801e+00
2.652870658748990e-02	3.190803e+00
2.653870658748990e-02	3.190801e+00
2.654870658748990e-02	3.190803e+00
2.655870658748991e-02	3.190801e+00
2.656870658748990e-02	3.190803e+00
2.657870658748990e-02	3.190801e+00
2.658870658748990e-02	3.190803e+00
2.659870658748990e-02	3.190801e+00
2.660870658748990e-02	3.190803e+00
2.661870658748990e-02	3.190801e+00
2.662870658748990e-02	3.190803e+00
2.663870658748991e-02	3.190801e+00
2.664870658748991e-02	3.190803e+00
2.665870658748990e-02	3.190801e+00
2.666870658748990e-02	3.190803e+00
2.667870658748990e-02	3.190801e+00
2.668870658748990e-02	3.190803e+00
2.669870658748990e-02	3.190801e+00
2.670870658748990e-02	3.190803e+00
2.671870658748990e-02	3.190801e+00
2.672870658748991e-02	3.190803e+00
2.673870658748990e-02	3.190801e+00
2.674870658748990e-02	3.190803e+00
2.675870658748990e-02	3.190801e+00
2.676870658748990e-02	3.190803e+00
2.677870658748990e-02	3.190801e+00
2.678870658748990e-02	3.190803e+00
2.679870658748990e-02	3.190801e+00
2.680870658748991e-02	3.190803e+00
2.681870658748991e-02	3.190801e+00
2.682870658748990e-02	3.190803e+00
2.683870658748990e-02	3.190801e+00
2.684870658748990e-02	3.190803e+00
2.685870658748990e-02	3.190801e+00
2.686870658748990e-02	3.190803e+00
2.687870658748990e-02	3.190801e+00
2.688870658748990e-02	3.190803e+00
2.689870658748991e-02	3.190801e+00
2.690870658748990e-02	3.190803e+00
2.691870658748990e-02	3.190801e+00
2.692870658748990e-02	3.190803e+00
2.693870658748990e-02	3.190801e+00
2.694870658748990e-02	3.190803e+00
2.695870658748990e-02	3.190801e+00
2.696870658748990e-02	3.190803e+00
2.697870658748990e-02	3.190801e+00
2.698870658748991e-02	3.190803e+00
2.699870658748990e-02	3.190801e+00
2.700870658748990e-02	3.190803e+00
2.701870658748990e-02	3.190801e+00
2.702870658748990e-02	3.190803e+00
2.703870658748990e-02	3.190801e+00
2.704870658748990e-02	3.190803e+00
2.705870658748990e-02	3.190801e+00
2.706870658748991e-02	3.190803e+00
2.707870658748990e-02	3.190801e+00
2.708870658748990e-02	3.190803e+00
2.709870658748990e-02	3.190801e+00
2.710870658748990e-02	3.190803e+00
2.711870658748990e-02	3.190801e+00
2.712870658748990e-02	3.190803e+00
2.713870658748990e-02	3.190801e+00
2.714870658748990e-02	3.190803e+00
2.715870658748991e-02	3.190801e+00
2.716870658748990e-02	3.190803e+00
2.717870658748990e-02	3.190801e+00
2.718870658748990e-02	3.190803e+00
2.719870658748990e-02	3.190801e+00
2.720870658748990e-02	3.190803e+00
2.721870658748990e-02	3.190801e+00
2.722870658748990e-02	3.190803e+00
2.723870658748991e-02	3.190801e+00
2.724870658748990e-02	3.190803e+00
2.725870658748990e-02	3.190801e+00
2.726870658748990e-02	3.190803e+00
2.727870658748990e-02	3.190801e+00
2.728870658748990e-02	3.190803e+00
2.729870658748990e-02	3.190801e+00
2.730870658748990e-02	3.190803e+00
2.731870658748990e-02	3.190801e+00
2.732870658748991e-02	3.190803e+00
2.733870658748990e-02	3.190801e+00
2.734870658748990e-02	3.190803e+00
2.735870658748990e-02	3.190801e+00
2.736870658748990e-02	3.190803e+00
2.737870658748990e-02	3.190801e+00
2.738870658748990e-02	3.190803e+00
2.739870658748990e-02	3.190801e+00
2.740870658748991e-02	3.190803e+00
2.741870658748990e-02	3.190801e+00
2.742870658748990e-02	3.190803e+00
2.743870658748990e-02	3.190801e+00
2.744870658748990e-02	3.190803e+00
2.745870658748990e-02	3.190801e+00
2.746870658748990e-02	3.190803e+00
2.747870658748990e-02	3.190801e+00
2.748870658748990e-02	3.190803e+00
2.749870658748991e-02	3.190801e+00
2.750870658748990e-02	3.190803e+00
2.751870658748990e-02	3.190801e+00
2.752870658748990e-02	3.190803e+00
2.753870658748990e-02	3.190801e+00
2.754870658748990e-02	3.190803e+00
2.755870658748990e-02	3.190801e+00
2.756870658748990e-02	3.190803e+00
2.757870658748991e-02	3.190801e+00
2.758870658748990e-02	3.190803e+00
2.759870658748990e-02	3.190801e+00
2.760870658748990e-02	3.190803e+00
2.761870658748990e-02	3.190801e+00
2.762870658748990e-02	3.190803e+00
2.763870658748990e-02	3.190801e+00
2.764870658748990e-02	3.190803e+00
2.765870658748990e-02	3.190801e+00
2.766870658748991e-02	3.190803e+00
2.767870658748990e-02	3.190801e+00
2.768870658748990e-02	3.190803e+00
2.769870658748990e-02	3.190801e+00
2.770870658748990e-02	3.190803e+00
2.771870658748990e-02	3.190801e+00
2.772870658748990e-02	3.190803e+00
2.773870658748990e-02	3.190801e+00
2.774870658748991e-02	3.190803e+00
2.775870658748990e-02	3.190801e+00
2.776870658748990e-02	3.190803e+00
2.777870658748990e-02	3.190801e+00
2.778870658748990e-02	3.190803e+00
2.779870658748990e-02	3.190801e+00
2.780870658748990e-02	3.190803e+00
2.781870658748990e-02	3.190801e+00
2.782870658748990e-02	3.190803e+00
2.783870658748991e-02	3.190801e+00
2.784870658748990e-02	3.190803e+00
2.785870658748990e-02	3.190801e+00
2.786870658748990e-02	3.190803e+00
2.787870658748990e-02	3.190801e+00
2.788870658748990e-02	3.190803e+00
2.789870658748990e-02	3.190801e+00
2.790870658748990e-02	3.190803e+00
2.791870658748991e-02	3.190801e+00
2.792870658748991e-02	3.190803e+00
2.793870658748990e-02	3.190801e+00
2.794870658748990e-02	3.190803e+00
2.795870658748990e-02	3.190801e+00
2.796870658748990e-02	3.190803e+00
2.797870658748990e-02	3.190801e+00
2.798870658748990e-02	3.190803e+00
2.799870658748990e-02	3.190801e+00
2.800870658748991e-02	3.190803e+00
2.801870658748990e-02	3.190801e+00
2.802870658748990e-02	3.190803e+00
2.803870658748990e-02	3.190801e+00
2.804870658748990e-02	3.190803e+00
2.805870658748990e-02	3.190801e+00
2.806870658748990e-02	3.190803e+00
2.807870658748990e-02	3.190801e+00
2.808870658748991e-02	3.190803e+00
2.809870658748991e-02	3.190801e+00
2.810870658748990e-02	3.190803e+00
2.811870658748990e-02	3.190801e+00
2.812870658748990e-02	3.190803e+00
2.813870658748990e-02	3.190801e+00
2.814870658748990e-02	3.190803e+00
2.815870658748990e-02	3.190801e+00
2.816870658748990e-02	3.190803e+00
2.817870658748991e-02	3.190801e+00
2.818870658748990e-02	3.190803e+00
2.819870658748990e-02	3.190801e+00
2.820870658748990e-02	3.190803e+00
2.821870658748990e-02	3.190801e+00
2.822870658748990e-02	3.190803e+00
2.823870658748990e-02	3.190801e+00
2.824870658748990e-02	3.190803e+00
2.825870658748990e-02	3.190801e+00
2.826870658748991e-02	3.190803e+00
2.827870658748990e-02	3.190801e+00
2.828870658748990e-02	3.190803e+00
2.829870658748990e-02	3.190801e+00
2.830870658748990e-02	3.190803e+00
2.831870658748990e-02	3.190801e+00
2.832870658748990e-02	3.190803e+00
2.833870658748990e-02	3.190801e+00
2.834870658748991e-02	3.190803e+00
2.835870658748990e-02	3.190801e+00
2.836870658748990e-02	3.190803e+00
2.837870658748990e-02	3.190801e+00
2.838870658748990e-02	3.190803e+00
2.839870658748990e-02	3.190801e+00
2.840870658748990e-02	3.190803e+00
2.841870658748990e-02	3.190801e+00
2.842870658748990e-02	3.190803e+00
2.843870658748991e-02	3.190801e+00
2.844870658748990e-02	3.190803e+00
2.845870658748990e-02	3.190801e+00
2.846870658748990e-02	3.190803e+00
2.847870658748990e-02	3.190801e+00
2.848870658748990e-02	3.190803e+00
2.849870658748990e-02	3.190801e+00
2.850870658748990e-02	3.190803e+00
2.851870658748991e-02	3.190801e+00
2.852870658748990e-02	3.190803e+00
2.853870658748990e-02	3.190801e+00
2.854870658748990e-02	3.190803e+00
2.855870658748990e-02	3.190801e+00
2.856870658748990e-02	3.190803e+00
2.857870658748990e-02	3.190801e+00
2.858870658748990e-02	3.190803e+00
2.859870658748990e-02	3.190801e+00
2.860870658748991e-02	3.190803e+00
2.861870658748990e-02	3.190801e+00
2.862870658748990e-02	3.190803e+00
2.863870658748990e-02	3.190801e+00
2.864870658748990e-02	3.190803e+00
2.865870658748990e-02	3.190801e+00
2.866870658748990e-02	3.190803e+00
2.867870658748990e-02	3.190801e+00
2.868870658748991e-02	3.190803e+00
2.869870658748990e-02	3.190801e+00
2.870870658748990e-02	3.190803e+00
2.871870658748990e-02	3.190801e+00
2.872870658748990e-02	3.190803e+00
2.873870658748990e-02	3.190801e+00
2.874870658748990e-02	3.190803e+00
2.875870658748990e-02	3.190801e+00
2.876870658748990e-02	3.190803e+00
2.877870658748991e-02	3.190801e+00
2.878870658748990e-02	3.190803e+00
2.879870658748990e-02	3.190801e+00
2.880870658748990e-02	3.190803e+00
2.881870658748990e-02	3.190801e+00
2.882870658748990e-02	3.190803e+00
2.883870658748990e-02	3.190801e+00
2.884870658748990e-02	3.190803e+00
2.885870658748991e-02	3.190801e+00
2.886870658748990e-02	3.190803e+00
2.887870658748990e-02	3.190801e+00
2.888870658748990e-02	3.190803e+00
2.889870658748990e-02	3.190801e+00
2.890870658748990e-02	3.190803e+00
2.891870658748990e-02	3.190801e+00
2.892870658748990e-02	3.190803e+00
2.893870658748990e-02	3.190801e+00
2.894870658748991e-02	3.190803e+00
2.895870658748990e-02	3.190801e+00
2.896870658748990e-02	3.190803e+00
2.897870658748990e-02	3.190801e+00
2.898870658748990e-02	3.190803e+00
2.899870658748990e-02	3.190801e+00
2.900870658748990e-02	3.190803e+00
2.901870658748990e-02	3.190801e+00
2.902870658748991e-02	3.190803e+00
2.903870658748990e-02	3.190801e+00
2.904870658748990e-02	3.190803e+00
2.905870658748990e-02	3.190801e+00
2.906870658748990e-02	3.190803e+00
2.907870658748990e-02	3.190801e+00
2.908870658748990e-02	3.190803e+00
2.909870658748990e-02	3.190801e+00
2.910870658748990e-02	3.190803e+00
2.911870658748991e-02	3.190801e+00
2.912870658748990e-02	3.190803e+00
2.913870658748990e-02	3.190801e+00
2.914870658748990e-02	3.190803e+00
2.915870658748990e-02	3.190801e+00
2.916870658748990e-02	3.190803e+00
2.917870658748990e-02	3.190801e+00
2.918870658748990e-02	3.190803e+00
2.919870658748991e-02	3.190801e+00
2.920870658748990e-02	3.190803e+00
2.921870658748990e-02	3.190801e+00
2.922870658748990e-02	3.190803e+00
2.923870658748990e-02	3.190801e+00
2.924870658748990e-02	3.190803e+00
2.925870658748990e-02	3.190801e+00
2.926870658748990e-02	3.190803e+00
2.927870658748990e-02	3.190801e+00
2.928870658748991e-02	3.190803e+00
2.929870658748990e-02	3.190801e+00
2.930870658748990e-02	3.190803e+00
2.931870658748990e-02	3.190801e+00
2.932870658748990e-02	3.190803e+00
2.933870658748990e-02	3.190801e+00
2.934870658748990e-02	3.190803e+00
2.935870658748990e-02	3.190801e+00
2.936870658748991e-02	3.190803e+00
2.937870658748990e-02	3.190801e+00
2.938870658748990e-02	3.190803e+00
2.939870658748990e-02	3.190801e+00
2.940870658748990e-02	3.190803e+00
2.941870658748990e-02	3.190801e+00
2.942870658748990e-02	3.190803e+00
2.943870658748990e-02	3.190801e+00
2.944870658748990e-02	3.190803e+00
2.945870658748991e-02	3.190801e+00
2.946870658748990e-02	3.190803e+00
2.947870658748990e-02	3.190801e+00
2.948870658748990e-02	3.190803e+00
2.949870658748990e-02	3.190801e+00
2.950870658748990e-02	3.190803e+00
2.951870658748990e-02	3.190801e+00
2.952870658748990e-02	3.190803e+00
2.953870658748990e-02	3.190801e+00
2.954870658748990e-02	3.190803e+00
2.955870658748990e-02	3.190801e+00
2.956870658748990e-02	3.190803e+00
2.957870658748990e-02	3.190801e+00
2.958870658748990e-02	3.190803e+00
2.959870658748990e-02	3.190801e+00
2.960870658748990e-02	3.190803e+00
2.961870658748990e-02	3.190801e+00
2.962870658748991e-02	3.190803e+00
2.963870658748990e-02	3.190801e+00
2.964870658748990e-02	3.190803e+00
2.965870658748990e-02	3.190801e+00
2.966870658748990e-02	3.190803e+00
2.967870658748990e-02	3.190801e+00
2.968870658748990e-02	3.190803e+00
2.969870658748990e-02	3.190801e+00
2.970870658748990e-02	3.190803e+00
2.971870658748990e-02	3.190801e+00
2.972870658748990e-02	3.190803e+00
2.973870658748990e-02	3.190801e+00
2.974870658748990e-02	3.190803e+00
2.975870658748990e-02	3.190801e+00
2.976870658748990e-02	3.190803e+00
2.977870658748990e-02	3.190801e+00
2.978870658748990e-02	3.190803e+00
2.979870658748991e-02	3.190801e+00
2.980870658748990e-02	3.190803e+00
2.981870658748990e-02	3.190801e+00
2.982870658748990e-02	3.190803e+00
2.983870658748990e-02	3.190801e+00
2.984870658748990e-02	3.190803e+00
2.985870658748990e-02	3.190801e+00
2.986870658748990e-02	3.190803e+00
2.987870658748990e-02	3.190801e+00
2.988870658748990e-02	3.190803e+00
2.989870658748990e-02	3.190801e+00
2.990870658748990e-02	3.190803e+00
2.991870658748990e-02	3.190801e+00
2.992870658748990e-02	3.190803e+00
2.993870658748990e-02	3.190801e+00
2.994870658748990e-02	3.190803e+00
2.995870658748990e-02	3.190801e+00
2.996870658748991e-02	3.190803e+00
2.997870658748990e-02	3.190801e+00
2.998870658748990e-02	3.190803e+00
2.999870658748990e-02	3.190801e+00
3.000000000000000e-02	3.190803e+00
3.000000000100000e-02	3.190803e+00
3.000000000200000e-02	3.190803e+00
3.000000000303976e-02	3.190803e+00
3.000000000424635e-02	3.190803e+00
3.000000000626196e-02	3.190803e+00
3.000000000842243e-02	3.190803e+00
3.000000001198559e-02	3.190803e+00
3.000000001691312e-02	3.190803e+00
3.000000002676818e-02	3.190803e+00
3.000000003986469e-02	3.190803e+00
3.000000005800811e-02	3.190803e+00
3.000000007789124e-02	3.190803e+00
3.000000010277799e-02	3.190803e+00
3.000000013521277e-02	3.190803e+00
3.000000018526346e-02	3.190803e+00
3.000000025038059e-02	3.190802e+00
3.000000034133530e-02	3.190802e+00
3.000000047360145e-02	3.190802e+00
3.000000073813376e-02	3.190802e+00
3.000000126719837e-02	3.190802e+00
3.000000232532760e-02	3.190802e+00
3.000000444158606e-02	3.190802e+00
3.000000867410297e-02	3.190802e+00
3.000001498770704e-02	3.190802e+00
3.000002186691022e-02	3.190802e+00
3.000002559458302e-02	3.190802e+00
3.000002796183395e-02	3.190802e+00
3.000002924275455e-02	3.190802e+00
3.000002999136036e-02	3.190802e+00
3.000003042694969e-02	3.190802e+00
3.000003072608228e-02	3.190802e+00
3.000003093996727e-02	3.190802e+00
3.000003114049244e-02	3.190802e+00
3.000003132368415e-02	3.190802e+00
3.000003152645168e-02	3.190802e+00
3.000003178694760e-02	3.190802e+00
3.000003215641749e-02	3.190802e+00
3.000003278124542e-02	3.190802e+00
3.000003401072197e-02	3.190802e+00
3.000003646967505e-02	3.190802e+00
3.000004138758123e-02	3.190802e+00
3.000005122339358e-02	3.190802e+00
3.000007089501828e-02	3.190802e+00
3.000008921969111e-02	3.190802e+00
3.000010846008797e-02	3.190803e+00
3.000013268534691e-02	3.190803e+00
3.000015871654533e-02	3.190803e+00
3.000018539885164e-02	3.190803e+00
3.000020722557879e-02	3.190803e+00
3.000022483043253e-02	3.190803e+00
3.000023349916078e-02	3.190803e+00
3.000024250633833e-02	3.190803e+00
3.000025072510358e-02	3.190803e+00
3.000026500612446e-02	3.190803e+00
3.000028616378608e-02	3.190803e+00
3.000030939065525e-02	3.190803e+00
3.000033535209499e-02	3.190803e+00
3.000035992933413e-02	3.190803e+00
3.000039317206456e-02	3.190803e+00
3.000041562420142e-02	3.190803e+00
3.000043681207391e-02	3.190803e+00
3.000046099571452e-02	3.190803e+00
3.000050727119859e-02	3.190803e+00
3.000054066263586e-02	3.190802e+00
3.000056339761063e-02	3.190800e+00
3.000057572878303e-02	3.190800e+00
3.000057827427849e-02	3.190800e+00
3.000057942460801e-02	3.190800e+00
3.000058053295333e-02	3.190799e+00
3.000058274964397e-02	3.190799e+00
3.000058718302524e-02	3.190799e+00
3.000059604978779e-02	3.190798e+00
3.000061378331288e-02	3.190797e+00
3.000064925036307e-02	3.190795e+00
3.000069365382198e-02	3.190792e+00
3.000075536028723e-02	3.190788e+00
3.000078584655359e-02	3.190787e+00
3.000080961641724e-02	3.190786e+00
3.000082050296758e-02	3.190785e+00
3.000083043276072e-02	3.190785e+00
3.000083735778169e-02	3.190784e+00
3.000084423203185e-02	3.190784e+00
3.000085798053218e-02	3.190784e+00
3.000087548286786e-02	3.190783e+00
3.000089178428413e-02	3.190782e+00
3.000090451525192e-02	3.190782e+00
3.000091748166845e-02	3.190781e+00
3.000093259090876e-02	3.190780e+00
3.000094919125859e-02	3.190779e+00
3.000097271032716e-02	3.190777e+00
3.000101189065339e-02	3.190774e+00
3.000103423058315e-02	3.190773e+00
3.000104394712034e-02	3.190772e+00
3.000105036233569e-02	3.190772e+00
3.000105247655157e-02	3.190772e+00
3.000105427237407e-02	3.190772e+00
3.000105603745999e-02	3.190772e+00
3.000105956763181e-02	3.190772e+00
3.000106662797546e-02	3.190772e+00
3.000108074866276e-02	3.190771e+00
3.000110525690900e-02	3.190770e+00
3.000113003223908e-02	3.190770e+00
3.000116514533513e-02	3.190769e+00
3.000119708420836e-02	3.190767e+00
3.000123354018137e-02	3.190766e+00
3.000127577493993e-02	3.190763e+00
3.000132517327547e-02	3.190759e+00
3.000134031030951e-02	3.190758e+00
3.000135428779958e-02	3.190757e+00
3.000137023006429e-02	3.190755e+00
3.000138679509679e-02	3.190753e+00
3.000141792678144e-02	3.190751e+00
3.000146708581755e-02	3.190746e+00
3.000153979105295e-02	3.190739e+00
3.000163170962883e-02	3.190731e+00
3.000174821462738e-02	3.190719e+00
3.000183242621876e-02	3.190711e+00
3.000191385595138e-02	3.190704e+00
3.000207671541663e-02	3.190688e+00
3.000225979482453e-02	3.190671e+00
3.000246501103108e-02	3.190652e+00
3.000267986065510e-02	3.190631e+00
3.000295747313970e-02	3.190605e+00
3.000321533616904e-02	3.190580e+00
3.000351968850093e-02	3.190550e+00
3.000391045236687e-02	3.190510e+00
3.000429413226375e-02	3.190471e+00
3.000468533730454e-02	3.190430e+00
3.000505318630064e-02	3.190392e+00
3.000541702050662e-02	3.190353e+00
3.000571273179967e-02	3.190318e+00
3.000602686197221e-02	3.190274e+00
3.000638883673555e-02	3.190207e+00
3.000676989550381e-02	3.190110e+00
3.000715680347578e-02	3.189980e+00
3.000760285145174e-02	3.189787e+00
3.000805816343276e-02	3.189538e+00
3.000848145523480e-02	3.189257e+00
3.000894953853235e-02	3.188888e+00
3.000937137716425e-02	3.188498e+00
3.000989392546027e-02	3.187930e+00
3.001037008520873e-02	3.187318e+00
3.001077891908996e-02	3.186770e+00
3.001098761372908e-02	3.189008e+00
3.001117959538949e-02	3.194130e+00
3.001137233057921e-02	3.201932e+00
3.001175780095865e-02	3.224653e+00
3.001230037200762e-02	3.270596e+00
3.001312959613980e-02	3.367116e+00
3.001410067385295e-02	3.514966e+00
3.001521510033862e-02	3.727452e+00
3.001569308994848e-02	3.828305e+00
3.001596318612577e-02	3.883683e+00
3.001611433671754e-02	3.913440e+00
3.001623950933771e-02	3.936569e+00
3.001636671406355e-02	3.958047e+00
3.001654005322488e-02	3.984119e+00
3.001684305827978e-02	4.024078e+00
3.001715209526199e-02	4.061436e+00
3.001760762962736e-02	4.114249e+00
3.001819790138985e-02	4.181537e+00
3.001899822541272e-02	4.272844e+00
3.001998339759040e-02	4.387036e+00
3.002050315028135e-02	4.451397e+00
3.002072444892906e-02	4.491885e+00
3.002094274472243e-02	4.535893e+00
3.002099890884680e-02	4.546420e+00
3.002105419555086e-02	4.556671e+00
3.002111539280639e-02	4.567705e+00
3.002117308148664e-02	4.578006e+00
3.002123308196830e-02	4.588466e+00
3.002129424889702e-02	4.599044e+00
3.002135595670164e-02	4.609496e+00
3.002141978465924e-02	4.620231e+00
3.002148541918702e-02	4.631066e+00
3.002155359893587e-02	4.642243e+00
3.002162519983027e-02	4.653782e+00
3.002170105103888e-02	4.665907e+00
3.002178264399370e-02	4.678734e+00
3.002187189720625e-02	4.692617e+00
3.002197158594587e-02	4.707828e+00
3.002208589745856e-02	4.724966e+00
3.002222121457183e-02	4.744643e+00
3.002238783493893e-02	4.767757e+00
3.002260317688142e-02	4.794030e+00
3.002289850116894e-02	4.816121e+00
3.002318854692332e-02	4.834127e+00
3.002350344765405e-02	4.854815e+00
3.002387085244496e-02	4.878363e+00
3.002440545177002e-02	4.913301e+00
3.002514792549383e-02	4.960402e+00
3.002633726736057e-02	5.021827e+00
3.002777498912024e-02	5.057908e+00
3.002895466137208e-02	5.086634e+00
3.003039367326435e-02	5.120936e+00
3.003215556252745e-02	5.162378e+00
3.003364173476832e-02	5.184236e+00
3.003412475489904e-02	5.150299e+00
3.003450120418208e-02	5.117705e+00
3.003488357823540e-02	5.082677e+00
3.003527313849859e-02	5.045821e+00
3.003597573738885e-02	4.977926e+00
3.003642279098939e-02	4.934065e+00
3.003688389618278e-02	4.888556e+00
3.003737995045281e-02	4.839237e+00
3.003801506136194e-02	4.775764e+00
3.003871619738546e-02	4.705150e+00
3.003973285854228e-02	4.601805e+00
3.004098185029960e-02	4.472365e+00
3.004194672668756e-02	4.368759e+00
3.004284162246274e-02	4.263987e+00
3.004339980978283e-02	4.177244e+00
3.004366043243709e-02	4.104172e+00
3.004379780871735e-02	4.053896e+00
3.004385403920010e-02	4.032726e+00
3.004390730849054e-02	4.012449e+00
3.004396880124349e-02	3.989045e+00
3.004402488147473e-02	3.967577e+00
3.004408347303949e-02	3.945167e+00
3.004414303140201e-02	3.922295e+00
3.004420236978392e-02	3.899513e+00
3.004426344181441e-02	3.875991e+00
3.004432550648496e-02	3.852074e+00
3.004438911113747e-02	3.827501e+00
3.004445487260477e-02	3.802067e+00
3.004452311903445e-02	3.775612e+00
3.004459473942203e-02	3.747804e+00
3.004467072058772e-02	3.718240e+00
3.004475242762554e-02	3.686381e+00
3.004484185469399e-02	3.651433e+00
3.004494180142810e-02	3.612270e+00
3.004505646521004e-02	3.567221e+00
3.004519231744153e-02	3.513664e+00
3.004535975719140e-02	3.447412e+00
3.004557641353772e-02	3.361266e+00
3.004587398298564e-02	3.242237e+00
3.004631368129239e-02	3.064879e+00
3.004650352339511e-02	2.987840e+00
3.004662036188496e-02	2.940340e+00
3.004667951866308e-02	2.916339e+00
3.004671883138017e-02	2.900416e+00
3.004674920606840e-02	2.888180e+00
3.004677417862660e-02	2.878145e+00
3.004678956933279e-02	2.872002e+00
3.004679751967645e-02	2.868822e+00
3.004680149254833e-02	2.867247e+00
3.004680406331163e-02	2.866219e+00
3.004680633261217e-02	2.865320e+00
3.004680873291934e-02	2.864363e+00
3.004681183543398e-02	2.863133e+00
3.004681791132927e-02	2.860719e+00
3.004682795458330e-02	2.856745e+00
3.004684804109135e-02	2.848819e+00
3.004688821410747e-02	2.833134e+00
3.004696399468196e-02	2.804405e+00
3.004704984119994e-02	2.774220e+00
3.004715646159518e-02	2.741849e+00
3.004728110862195e-02	2.712246e+00
3.004749591225968e-02	2.678030e+00
3.004774460538069e-02	2.654317e+00
3.004801685700664e-02	2.638733e+00
3.004832014695479e-02	2.628410e+00
3.004851751185034e-02	2.624296e+00
3.004865652774009e-02	2.622381e+00
3.004874956973037e-02	2.621503e+00
3.004881365488377e-02	2.621098e+00
3.004887469605197e-02	2.620853e+00
3.004894631761498e-02	2.620706e+00
3.004902086577118e-02	2.620632e+00
3.004909620898698e-02	2.620603e+00
3.004920271524500e-02	2.620585e+00
3.004936803487670e-02	2.620585e+00
3.004964310201897e-02	2.620591e+00
3.005001625859732e-02	2.620606e+00
3.005053966257709e-02	2.620616e+00
3.005114209920363e-02	2.620627e+00
3.005186866348136e-02	2.620600e+00
3.005280916385911e-02	2.620454e+00
3.005333729861947e-02	2.620428e+00
3.005385485262806e-02	2.620458e+00
3.005407915374542e-02	2.620453e+00
3.005436462168897e-02	2.620461e+00
3.005453210530962e-02	2.620461e+00
3.005475870284302e-02	2.620467e+00
3.005504739663094e-02	2.620470e+00
3.005534945372045e-02	2.620476e+00
3.005567897065710e-02	2.620479e+00
3.005604300080893e-02	2.620486e+00
3.005649521235929e-02	2.620490e+00
3.005703557282137e-02	2.620499e+00
3.005770125381177e-02	2.620504e+00
3.005851948053819e-02	2.620515e+00
3.005959604350087e-02	2.620522e+00
3.006058197589555e-02	2.620532e+00
3.006157246891078e-02	2.620537e+00
3.006269475283370e-02	2.620546e+00
3.006407528965123e-02	2.620551e+00
3.006572688755681e-02	2.620561e+00
3.006779519476579e-02	2.620565e+00
3.007043542312363e-02	2.620574e+00
3.007411223042849e-02	2.620579e+00
3.007961362696380e-02	2.620586e+00
3.008590721282816e-02	2.620587e+00
3.009421642948368e-02	2.620591e+00
3.010421642948368e-02	2.620589e+00
3.011421642948368e-02	2.620591e+00
3.012421642948368e-02	2.620589e+00
3.013421642948368e-02	2.620590e+00
3.014421642948368e-02	2.620588e+00
3.015421642948368e-02	2.620590e+00
3.016421642948368e-02	2.620588e+00
3.017421642948368e-02	2.620580e+00
3.018314384707500e-02	2.627158e+00
3.019261405170293e-02	2.650384e+00
3.019747791483117e-02	2.671910e+00
3.020155777053772e-02	2.697041e+00
3.020618617332410e-02	2.733410e+00
3.021009840827973e-02	2.768258e+00
3.021208854393255e-02	2.786618e+00
3.021441444930510e-02	2.808125e+00
3.021700133969771e-02	2.831953e+00
3.021958890858283e-02	2.855429e+00
3.022251244730157e-02	2.881506e+00
3.022577805433614e-02	2.909902e+00
3.022975228322943e-02	2.943495e+00
3.023449884985016e-02	2.982118e+00
3.024139454652909e-02	3.035553e+00
3.025139454652909e-02	3.105760e+00
3.026139454652909e-02	3.135900e+00
3.027139454652909e-02	3.149496e+00
3.028139454652909e-02	3.157612e+00
3.029139454652909e-02	3.163054e+00
3.030139454652909e-02	3.167004e+00
3.031139454652909e-02	3.169980e+00
3.032139454652909e-02	3.172327e+00
3.033139454652909e-02	3.174213e+00
3.034139454652909e-02	3.175775e+00
3.035139454652909e-02	3.177080e+00
3.036139454652909e-02	3.178195e+00
3.037139454652909e-02	3.179150e+00
3.038139454652909e-02	3.179984e+00
3.039139454652909e-02	3.180712e+00
3.040139454652909e-02	3.181359e+00
3.041139454652909e-02	3.181932e+00
3.042139454652909e-02	3.182449e+00
3.043139454652909e-02	3.182911e+00
3.044139454652909e-02	3.183331e+00
3.045139454652909e-02	3.183710e+00
3.046139454652909e-02	3.184059e+00
3.047139454652909e-02	3.184376e+00
3.048139454652909e-02	3.184669e+00
3.049139454652909e-02	3.184937e+00
3.050139454652909e-02	3.185187e+00
3.051139454652909e-02	3.185416e+00
3.052139454652909e-02	3.185630e+00
3.053139454652909e-02	3.185828e+00
3.054139454652909e-02	3.186014e+00
3.055139454652909e-02	3.186187e+00
3.056139454652909e-02	3.186349e+00
3.057139454652909e-02	3.186501e+00
3.058139454652909e-02	3.186644e+00
3.059139454652909e-02	3.186777e+00
3.060139454652909e-02	3.186904e+00
3.061139454652909e-02	3.187022e+00
3.062139454652909e-02	3.187135e+00
3.063139454652909e-02	3.187240e+00
3.064139454652909e-02	3.187341e+00
3.065139454652909e-02	3.187435e+00
3.066139454652909e-02	3.187525e+00
3.067139454652909e-02	3.187610e+00
3.068139454652909e-02	3.187692e+00
3.069139454652909e-02	3.187768e+00
3.070139454652909e-02	3.187841e+00
3.071139454652909e-02	3.187911e+00
3.072139454652909e-02	3.187977e+00
3.073139454652909e-02	3.188040e+00
3.074139454652909e-02	3.188101e+00
3.075139454652909e-02	3.188158e+00
3.076139454652909e-02	3.188213e+00
3.077139454652909e-02	3.188265e+00
3.078139454652909e-02	3.188315e+00
3.079139454652909e-02	3.188363e+00
3.080139454652909e-02	3.188408e+00
3.081139454652909e-02	3.188452e+00
3.082139454652909e-02	3.188494e+00
3.083139454652909e-02	3.188534e+00
3.084139454652909e-02	3.188573e+00
3.085139454652909e-02	3.188610e+00
3.086139454652909e-02	3.188645e+00
3.087139454652909e-02	3.188679e+00
3.088139454652909e-02	3.188711e+00
3.089139454652909e-02	3.188743e+00
3.090139454652909e-02	3.188772e+00
3.091139454652909e-02	3.188801e+00
3.092139454652909e-02	3.188829e+00
3.093139454652909e-02	3.188856e+00
3.094139454652909e-02	3.188881e+00
3.095139454652909e-02	3.188906e+00
3.096139454652909e-02	3.188929e+00
3.097139454652909e-02	3.188952e+00
3.098139454652909e-02	3.188974e+00
3.099139454652909e-02	3.188995e+00
3.100139454652909e-02	3.189015e+00
3.101139454652909e-02	3.189035e+00
3.102139454652909e-02	3.189054e+00
3.103139454652909e-02	3.189072e+00
3.104139454652909e-02	3.189089e+00
3.105139454652909e-02	3.189106e+00
3.106139454652909e-02	3.189122e+00
3.107139454652909e-02	3.189138e+00
3.108139454652909e-02	3.189152e+00
3.109139454652909e-02	3.189167e+00
3.110139454652909e-02	3.189181e+00
3.111139454652909e-02	3.189195e+00
3.112139454652909e-02	3.189208e+00
3.113139454652909e-02	3.189220e+00
3.114139454652909e-02	3.189232e+00
3.115139454652909e-02	3.189244e+00
3.116139454652909e-02	3.189255e+00
3.117139454652909e-02	3.189266e+00
3.118139454652909e-02	3.189276e+00
3.119139454652909e-02	3.189287e+00
3.120139454652909e-02	3.189297e+00
3.121139454652909e-02	3.189306e+00
3.122139454652909e-02	3.189315e+00
3.123139454652909e-02	3.189324e+00
3.124139454652909e-02	3.189332e+00
3.125139454652909e-02	3.189341e+00
3.126139454652909e-02	3.189349e+00
3.127139454652909e-02	3.189357e+00
3.128139454652909e-02	3.189364e+00
3.129139454652909e-02	3.189371e+00
3.130139454652909e-02	3.189378e+00
3.131139454652909e-02	3.189385e+00
3.132139454652909e-02	3.189391e+00
3.133139454652909e-02	3.189398e+00
3.134139454652909e-02	3.189404e+00
3.135139454652909e-02	3.189409e+00
3.136139454652909e-02	3.189415e+00
3.137139454652909e-02	3.189421e+00
3.138139454652909e-02	3.189426e+00
3.139139454652909e-02	3.189431e+00
3.140139454652909e-02	3.189436e+00
3.141139454652910e-02	3.189441e+00
3.142139454652909e-02	3.189445e+00
3.143139454652909e-02	3.189450e+00
3.144139454652909e-02	3.189454e+00
3.145139454652909e-02	3.189458e+00
3.146139454652909e-02	3.189462e+00
3.147139454652909e-02	3.189466e+00
3.148139454652909e-02	3.189470e+00
3.149139454652909e-02	3.189474e+00
3.150139454652909e-02	3.189477e+00
3.151139454652909e-02	3.189481e+00
3.152139454652909e-02	3.189484e+00
3.153139454652909e-02	3.189487e+00
3.154139454652909e-02	3.189490e+00
3.155139454652909e-02	3.189493e+00
3.156139454652909e-02	3.189496e+00
3.157139454652909e-02	3.189499e+00
3.158139454652909e-02	3.189501e+00
3.159139454652909e-02	3.189505e+00
3.160139454652909e-02	3.189506e+00
3.161139454652909e-02	3.189509e+00
3.162139454652909e-02	3.189512e+00
3.163139454652909e-02	3.189514e+00
3.164139454652909e-02	3.189516e+00
3.165139454652909e-02	3.189518e+00
3.166139454652909e-02	3.189520e+00
3.167139454652909e-02	3.189523e+00
3.168139454652909e-02	3.189524e+00
3.169139454652909e-02	3.189526e+00
3.170139454652909e-02	3.189528e+00
3.171139454652909e-02	3.189530e+00
3.172139454652909e-02	3.189531e+00
3.173139454652909e-02	3.189533e+00
3.174139454652909e-02	3.189535e+00
3.175139454652910e-02	3.189536e+00
3.176139454652909e-02	3.189538e+00
3.177139454652909e-02	3.189540e+00
3.178139454652909e-02	3.189540e+00
3.179139454652909e-02	3.189542e+00
3.180139454652909e-02	3.189543e+00
3.181139454652909e-02	3.189545e+00
3.182139454652909e-02	3.189546e+00
3.183139454652909e-02	3.189547e+00
3.184139454652909e-02	3.189548e+00
3.185139454652909e-02	3.189549e+00
3.186139454652909e-02	3.189550e+00
3.187139454652909e-02	3.189552e+00
3.188139454652909e-02	3.189552e+00
3.189139454652909e-02	3.189553e+00
3.190139454652909e-02	3.189554e+00
3.191139454652909e-02	3.189555e+00
3.192139454652909e-02	3.189556e+00
3.193139454652909e-02	3.189558e+00
3.194139454652909e-02	3.189558e+00
3.195139454652909e-02	3.189559e+00
3.196139454652909e-02	3.189559e+00
3.197139454652909e-02	3.189561e+00
3.198139454652909e-02	3.189561e+00
3.199139454652909e-02	3.189562e+00
3.200139454652909e-02	3.189562e+00
3.201139454652909e-02	3.189563e+00
3.202139454652909e-02	3.189564e+00
3.203139454652909e-02	3.189564e+00
3.204139454652909e-02	3.189565e+00
3.205139454652909e-02	3.189566e+00
3.206139454652909e-02	3.189566e+00
3.207139454652909e-02	3.189567e+00
3.208139454652909e-02	3.189567e+00
3.209139454652910e-02	3.189568e+00
3.210139454652909e-02	3.189568e+00
3.211139454652909e-02	3.189569e+00
3.212139454652909e-02	3.189569e+00
3.213139454652909e-02	3.189570e+00
3.214139454652909e-02	3.189570e+00
3.215139454652909e-02	3.189570e+00
3.216139454652909e-02	3.189571e+00
3.217139454652909e-02	3.189571e+00
3.218139454652909e-02	3.189572e+00
3.219139454652909e-02	3.189572e+00
3.220139454652909e-02	3.189572e+00
3.221139454652909e-02	3.189573e+00
3.222139454652909e-02	3.189573e+00
3.223139454652909e-02	3.189573e+00
3.224139454652909e-02	3.189574e+00
3.225139454652909e-02	3.189574e+00
3.226139454652909e-02	3.189574e+00
3.227139454652909e-02	3.189575e+00
3.228139454652909e-02	3.189575e+00
3.229139454652909e-02	3.189575e+00
3.230139454652909e-02	3.189575e+00
3.231139454652909e-02	3.189576e+00
3.232139454652909e-02	3.189576e+00
3.233139454652909e-02	3.189577e+00
3.234139454652909e-02	3.189576e+00
3.235139454652909e-02	3.189577e+00
3.236139454652909e-02	3.189577e+00
3.237139454652909e-02	3.189577e+00
3.238139454652909e-02	3.189577e+00
3.239139454652909e-02	3.189578e+00
3.240139454652909e-02	3.189577e+00
3.241139454652909e-02	3.189578e+00
3.242139454652909e-02	3.189578e+00
3.243139454652910e-02	3.189579e+00
3.244139454652909e-02	3.189578e+00
3.245139454652909e-02	3.189579e+00
3.246139454652909e-02	3.189578e+00
3.247139454652909e-02	3.189579e+00
3.248139454652909e-02	3.189579e+00
3.249139454652909e-02	3.189579e+00
3.250139454652909e-02	3.189579e+00
3.251139454652909e-02	3.189579e+00
3.252139454652909e-02	3.189579e+00
3.253139454652909e-02	3.189580e+00
3.254139454652909e-02	3.189579e+00
3.255139454652909e-02	3.189580e+00
3.256139454652909e-02	3.189580e+00
3.257139454652909e-02	3.189580e+00
3.258139454652909e-02	3.189580e+00
3.259139454652909e-02	3.189580e+00
3.260139454652909e-02	3.189580e+00
3.261139454652909e-02	3.189581e+00
3.262139454652909e-02	3.189580e+00
3.263139454652909e-02	3.189581e+00
3.264139454652909e-02	3.189580e+00
3.265139454652909e-02	3.189581e+00
3.266139454652909e-02	3.189581e+00
3.267139454652909e-02	3.189581e+00
3.268139454652909e-02	3.189581e+00
3.269139454652909e-02	3.189581e+00
3.270139454652909e-02	3.189581e+00
3.271139454652909e-02	3.189581e+00
3.272139454652909e-02	3.189581e+00
3.273139454652909e-02	3.189582e+00
3.274139454652909e-02	3.189581e+00
3.275139454652909e-02	3.189582e+00
3.276139454652909e-02	3.189581e+00
3.277139454652909e-02	3.189582e+00
3.278139454652909e-02	3.189581e+00
3.279139454652909e-02	3.189582e+00
3.280139454652909e-02	3.189581e+00
3.281139454652909e-02	3.189582e+00
3.282139454652909e-02	3.189582e+00
3.283139454652909e-02	3.189582e+00
3.284139454652909e-02	3.189582e+00
3.285139454652909e-02	3.189582e+00
3.286139454652909e-02	3.189582e+00
3.287139454652909e-02	3.189582e+00
3.288139454652909e-02	3.189582e+00
3.289139454652909e-02	3.189582e+00
3.290139454652909e-02	3.189582e+00
3.291139454652909e-02	3.189582e+00
3.292139454652909e-02	3.189582e+00
3.293139454652909e-02	3.189583e+00
3.294139454652909e-02	3.189582e+00
3.295139454652909e-02	3.189583e+00
3.296139454652909e-02	3.189582e+00
3.297139454652909e-02	3.189583e+00
3.298139454652909e-02	3.189582e+00
3.299139454652909e-02	3.189583e+00
3.300139454652909e-02	3.189582e+00
3.301139454652909e-02	3.189583e+00
3.302139454652909e-02	3.189582e+00
3.303139454652909e-02	3.189583e+00
3.304139454652909e-02	3.189582e+00
3.305139454652909e-02	3.189583e+00
3.306139454652909e-02	3.189582e+00
3.307139454652909e-02	3.189583e+00
3.308139454652909e-02	3.189582e+00
3.309139454652909e-02	3.189583e+00
3.310139454652909e-02	3.189583e+00
3.311139454652909e-02	3.189583e+00
3.312139454652909e-02	3.189583e+00
3.313139454652909e-02	3.189583e+00
3.314139454652909e-02	3.189583e+00
3.315139454652909e-02	3.189583e+00
3.316139454652909e-02	3.189583e+00
3.317139454652909e-02	3.189583e+00
3.318139454652909e-02	3.189583e+00
3.319139454652909e-02	3.189583e+00
3.320139454652909e-02	3.189583e+00
3.321139454652909e-02	3.189583e+00
3.322139454652909e-02	3.189583e+00
3.323139454652909e-02	3.189583e+00
3.324139454652909e-02	3.189583e+00
3.325139454652909e-02	3.189583e+00
3.326139454652909e-02	3.189583e+00
3.327139454652909e-02	3.189583e+00
3.328139454652909e-02	3.189583e+00
3.329139454652909e-02	3.189583e+00
3.330139454652909e-02	3.189583e+00
3.331139454652909e-02	3.189583e+00
3.332139454652909e-02	3.189583e+00
3.333139454652909e-02	3.189583e+00
3.334139454652909e-02	3.189583e+00
3.335139454652909e-02	3.189583e+00
3.336139454652909e-02	3.189583e+00
3.337139454652909e-02	3.189583e+00
3.338139454652909e-02	3.189583e+00
3.339139454652909e-02	3.189583e+00
3.340139454652909e-02	3.189583e+00
3.341139454652909e-02	3.189583e+00
3.342139454652909e-02	3.189583e+00
3.343139454652909e-02	3.189583e+00
3.344139454652909e-02	3.189583e+00
3.345139454652909e-02	3.189583e+00
3.346139454652909e-02	3.189583e+00
3.347139454652909e-02	3.189583e+00
3.348139454652909e-02	3.189583e+00
3.349139454652909e-02	3.189583e+00
3.350139454652909e-02	3.189583e+00
3.351139454652909e-02	3.189583e+00
3.352139454652909e-02	3.189583e+00
3.353139454652909e-02	3.189583e+00
3.354139454652909e-02	3.189583e+00
3.355139454652909e-02	3.189583e+00
3.356139454652909e-02	3.189583e+00
3.357139454652909e-02	3.189583e+00
3.358139454652909e-02	3.189583e+00
3.359139454652909e-02	3.189583e+00
3.360139454652909e-02	3.189583e+00
3.361139454652909e-02	3.189583e+00
3.362139454652909e-02	3.189583e+00
3.363139454652909e-02	3.189583e+00
3.364139454652909e-02	3.189583e+00
3.365139454652909e-02	3.189583e+00
3.366139454652909e-02	3.189583e+00
3.367139454652909e-02	3.189583e+00
3.368139454652909e-02	3.189583e+00
3.369139454652909e-02	3.189583e+00
3.370139454652909e-02	3.189583e+00
3.371139454652909e-02	3.189583e+00
3.372139454652909e-02	3.189583e+00
3.373139454652909e-02	3.189584e+00
3.374139454652909e-02	3.189583e+00
3.375139454652909e-02	3.189584e+00
3.376139454652909e-02	3.189583e+00
3.377139454652909e-02	3.189584e+00
3.378139454652909e-02	3.189583e+00
3.379139454652909e-02	3.189584e+00
3.380139454652909e-02	3.189583e+00
3.381139454652909e-02	3.189584e+00
3.382139454652909e-02	3.189583e+00
3.383139454652909e-02	3.189584e+00
3.384139454652909e-02	3.189583e+00
3.385139454652909e-02	3.189584e+00
3.386139454652909e-02	3.189583e+00
3.387139454652909e-02	3.189584e+00
3.388139454652909e-02	3.189583e+00
3.389139454652909e-02	3.189584e+00
3.390139454652909e-02	3.189583e+00
3.391139454652909e-02	3.189584e+00
3.392139454652909e-02	3.189583e+00
3.393139454652909e-02	3.189584e+00
3.394139454652909e-02	3.189583e+00
3.395139454652909e-02	3.189584e+00
3.396139454652909e-02	3.189583e+00
3.397139454652909e-02	3.189584e+00
3.398139454652909e-02	3.189583e+00
3.399139454652909e-02	3.189584e+00
3.400139454652909e-02	3.189583e+00
3.401139454652909e-02	3.189584e+00
3.402139454652909e-02	3.189583e+00
3.403139454652909e-02	3.189584e+00
3.404139454652909e-02	3.189583e+00
3.405139454652909e-02	3.189584e+00
3.406139454652909e-02	3.189583e+00
3.407139454652909e-02	3.189584e+00
3.408139454652909e-02	3.189583e+00
3.409139454652909e-02	3.189584e+00
3.410139454652909e-02	3.189583e+00
3.411139454652909e-02	3.189584e+00
3.412139454652909e-02	3.189583e+00
3.413139454652909e-02	3.189584e+00
3.414139454652909e-02	3.189583e+00
3.415139454652909e-02	3.189584e+00
3.416139454652909e-02	3.189583e+00
3.417139454652909e-02	3.189584e+00
3.418139454652909e-02	3.189583e+00
3.419139454652909e-02	3.189584e+00
3.420139454652909e-02	3.189583e+00
3.421139454652909e-02	3.189584e+00
3.422139454652909e-02	3.189583e+00
3.423139454652909e-02	3.189584e+00
3.424139454652909e-02	3.189583e+00
3.425139454652909e-02	3.189584e+00
3.426139454652909e-02	3.189583e+00
3.427139454652909e-02	3.189584e+00
3.428139454652909e-02	3.189583e+00
3.429139454652909e-02	3.189584e+00
3.430139454652909e-02	3.189583e+00
3.431139454652909e-02	3.189584e+00
3.432139454652909e-02	3.189583e+00
3.433139454652909e-02	3.189584e+00
3.434139454652909e-02	3.189583e+00
3.435139454652909e-02	3.189584e+00
3.436139454652909e-02	3.189583e+00
3.437139454652909e-02	3.189584e+00
3.438139454652909e-02	3.189583e+00
3.439139454652909e-02	3.189584e+00
3.440139454652909e-02	3.189583e+00
3.441139454652909e-02	3.189584e+00
3.442139454652909e-02	3.189583e+00
3.443139454652909e-02	3.189584e+00
3.444139454652909e-02	3.189583e+00
3.445139454652909e-02	3.189584e+00
3.446139454652909e-02	3.189583e+00
3.447139454652909e-02	3.189584e+00
3.448139454652909e-02	3.189583e+00
3.449139454652909e-02	3.189584e+00
3.450139454652909e-02	3.189583e+00
3.451139454652909e-02	3.189584e+00
3.452139454652909e-02	3.189583e+00
3.453139454652909e-02	3.189584e+00
3.454139454652909e-02	3.189583e+00
3.455139454652909e-02	3.189584e+00
3.456139454652909e-02	3.189583e+00
3.457139454652909e-02	3.189584e+00
3.458139454652909e-02	3.189583e+00
3.459139454652909e-02	3.189584e+00
3.460139454652909e-02	3.189583e+00
3.461139454652909e-02	3.189584e+00
3.462139454652909e-02	3.189583e+00
3.463139454652909e-02	3.189584e+00
3.464139454652909e-02	3.189583e+00
3.465139454652909e-02	3.189584e+00
3.466139454652909e-02	3.189583e+00
3.467139454652909e-02	3.189584e+00
3.468139454652909e-02	3.189583e+00
3.469139454652909e-02	3.189584e+00
3.470139454652909e-02	3.189583e+00
3.471139454652909e-02	3.189584e+00
3.472139454652909e-02	3.189583e+00
3.473139454652909e-02	3.189584e+00
3.474139454652909e-02	3.189583e+00
3.475139454652909e-02	3.189584e+00
3.476139454652909e-02	3.189583e+00
3.477139454652909e-02	3.189584e+00
3.478139454652909e-02	3.189583e+00
3.479139454652909e-02	3.189584e+00
3.480139454652909e-02	3.189583e+00
3.481139454652909e-02	3.189584e+00
3.482139454652909e-02	3.189583e+00
3.483139454652909e-02	3.189584e+00
3.484139454652909e-02	3.189583e+00
3.485139454652909e-02	3.189584e+00
3.486139454652909e-02	3.189583e+00
3.487139454652909e-02	3.189584e+00
3.488139454652909e-02	3.189583e+00
3.489139454652909e-02	3.189584e+00
3.490139454652909e-02	3.189583e+00
3.491139454652909e-02	3.189584e+00
3.492139454652909e-02	3.189583e+00
3.493139454652909e-02	3.189584e+00
3.494139454652909e-02	3.189583e+00
3.495139454652909e-02	3.189584e+00
3.496139454652909e-02	3.189583e+00
3.497139454652909e-02	3.189584e+00
3.498139454652909e-02	3.189583e+00
3.499139454652909e-02	3.189584e+00
3.500139454652909e-02	3.189583e+00
3.501139454652909e-02	3.189584e+00
3.502139454652909e-02	3.189583e+00
3.503139454652909e-02	3.189584e+00
3.504139454652909e-02	3.189583e+00
3.505139454652909e-02	3.189584e+00
3.506139454652909e-02	3.189583e+00
3.507139454652909e-02	3.189584e+00
3.508139454652909e-02	3.189583e+00
3.509139454652909e-02	3.189584e+00
3.510139454652909e-02	3.189583e+00
3.511139454652909e-02	3.189584e+00
3.512139454652909e-02	3.189583e+00
3.513139454652909e-02	3.189584e+00
3.514139454652909e-02	3.189583e+00
3.515139454652909e-02	3.189584e+00
3.516139454652909e-02	3.189583e+00
3.517139454652909e-02	3.189584e+00
3.518139454652909e-02	3.189583e+00
3.519139454652909e-02	3.189584e+00
3.520139454652909e-02	3.189583e+00
3.521139454652909e-02	3.189584e+00
3.522139454652909e-02	3.189583e+00
3.523139454652909e-02	3.189584e+00
3.524139454652909e-02	3.189583e+00
3.525139454652909e-02	3.189584e+00
3.526139454652909e-02	3.189583e+00
3.527139454652909e-02	3.189584e+00
3.528139454652909e-02	3.189583e+00
3.529139454652909e-02	3.189584e+00
3.530139454652909e-02	3.189583e+00
3.531139454652909e-02	3.189584e+00
3.532139454652909e-02	3.189583e+00
3.533139454652909e-02	3.189584e+00
3.534139454652909e-02	3.189583e+00
3.535139454652909e-02	3.189584e+00
3.536139454652909e-02	3.189583e+00
3.537139454652909e-02	3.189584e+00
3.538139454652909e-02	3.189583e+00
3.539139454652909e-02	3.189584e+00
3.540139454652909e-02	3.189583e+00
3.541139454652909e-02	3.189584e+00
3.542139454652909e-02	3.189583e+00
3.543139454652909e-02	3.189584e+00
3.544139454652909e-02	3.189583e+00
3.545139454652909e-02	3.189584e+00
3.546139454652909e-02	3.189583e+00
3.547139454652909e-02	3.189584e+00
3.548139454652909e-02	3.189583e+00
3.549139454652909e-02	3.189584e+00
3.550139454652909e-02	3.189583e+00
3.551139454652909e-02	3.189584e+00
3.552139454652909e-02	3.189583e+00
3.553139454652909e-02	3.189584e+00
3.554139454652909e-02	3.189583e+00
3.555139454652909e-02	3.189584e+00
3.556139454652909e-02	3.189583e+00
3.557139454652909e-02	3.189584e+00
3.558139454652909e-02	3.189583e+00
3.559139454652909e-02	3.189584e+00
3.560139454652909e-02	3.189583e+00
3.561139454652909e-02	3.189584e+00
3.562139454652909e-02	3.189583e+00
3.563139454652909e-02	3.189584e+00
3.564139454652909e-02	3.189583e+00
3.565139454652909e-02	3.189584e+00
3.566139454652909e-02	3.189583e+00
3.567139454652909e-02	3.189584e+00
3.568139454652909e-02	3.189583e+00
3.569139454652909e-02	3.189584e+00
3.570139454652909e-02	3.189583e+00
3.571139454652909e-02	3.189584e+00
3.572139454652909e-02	3.189583e+00
3.573139454652909e-02	3.189584e+00
3.574139454652909e-02	3.189583e+00
3.575139454652909e-02	3.189584e+00
3.576139454652909e-02	3.189583e+00
3.577139454652909e-02	3.189584e+00
3.578139454652909e-02	3.189583e+00
3.579139454652909e-02	3.189584e+00
3.580139454652909e-02	3.189583e+00
3.581139454652909e-02	3.189584e+00
3.582139454652909e-02	3.189583e+00
3.583139454652909e-02	3.189584e+00
3.584139454652909e-02	3.189583e+00
3.585139454652909e-02	3.189584e+00
3.586139454652909e-02	3.189583e+00
3.587139454652909e-02	3.189584e+00
3.588139454652909e-02	3.189583e+00
3.589139454652909e-02	3.189584e+00
3.590139454652909e-02	3.189583e+00
3.591139454652909e-02	3.189584e+00
3.592139454652909e-02	3.189583e+00
3.593139454652909e-02	3.189584e+00
3.594139454652909e-02	3.189583e+00
3.595139454652909e-02	3.189584e+00
3.596139454652909e-02	3.189583e+00
3.597139454652909e-02	3.189583e+00
3.598139454652909e-02	3.189583e+00
3.599139454652909e-02	3.189583e+00
3.600139454652909e-02	3.189583e+00
3.601139454652909e-02	3.189583e+00
3.602139454652909e-02	3.189583e+00
3.603139454652909e-02	3.189583e+00
3.604139454652909e-02	3.189583e+00
3.605139454652909e-02	3.189583e+00
3.606139454652909e-02	3.189583e+00
3.607139454652909e-02	3.189583e+00
3.608139454652909e-02	3.189583e+00
3.609139454652909e-02	3.189583e+00
3.610139454652909e-02	3.189583e+00
3.611139454652909e-02	3.189583e+00
3.612139454652909e-02	3.189583e+00
3.613139454652909e-02	3.189583e+00
3.614139454652909e-02	3.189583e+00
3.615139454652909e-02	3.189583e+00
3.616139454652909e-02	3.189583e+00
3.617139454652909e-02	3.189583e+00
3.618139454652909e-02	3.189583e+00
3.619139454652909e-02	3.189583e+00
3.620139454652909e-02	3.189583e+00
3.621139454652909e-02	3.189583e+00
3.622139454652909e-02	3.189583e+00
3.623139454652909e-02	3.189583e+00
3.624139454652909e-02	3.189583e+00
3.625139454652909e-02	3.189583e+00
3.626139454652909e-02	3.189583e+00
3.627139454652909e-02	3.189583e+00
3.628139454652909e-02	3.189583e+00
3.629139454652909e-02	3.189583e+00
3.630139454652909e-02	3.189583e+00
3.631139454652909e-02	3.189583e+00
3.632139454652909e-02	3.189583e+00
3.633139454652909e-02	3.189583e+00
3.634139454652909e-02	3.189583e+00
3.635139454652909e-02	3.189583e+00
3.636139454652909e-02	3.189583e+00
3.637139454652909e-02	3.189583e+00
3.638139454652909e-02	3.189583e+00
3.639139454652909e-02	3.189583e+00
3.640139454652909e-02	3.189583e+00
3.641139454652909e-02	3.189583e+00
3.642139454652909e-02	3.189583e+00
3.643139454652909e-02	3.189583e+00
3.644139454652909e-02	3.189583e+00
3.645139454652909e-02	3.189583e+00
3.646139454652909e-02	3.189583e+00
3.647139454652909e-02	3.189583e+00
3.648139454652909e-02	3.189583e+00
3.649139454652909e-02	3.189583e+00
3.650139454652909e-02	3.189583e+00
3.651139454652909e-02	3.189583e+00
3.652139454652909e-02	3.189583e+00
3.653139454652909e-02	3.189583e+00
3.654139454652909e-02	3.189583e+00
3.655139454652909e-02	3.189583e+00
3.656139454652909e-02	3.189583e+00
3.657139454652909e-02	3.189583e+00
3.658139454652909e-02	3.189583e+00
3.659139454652909e-02	3.189583e+00
3.660139454652909e-02	3.189583e+00
3.661139454652909e-02	3.189583e+00
3.662139454652909e-02	3.189583e+00
3.663139454652909e-02	3.189583e+00
3.664139454652909e-02	3.189583e+00
3.665139454652909e-02	3.189583e+00
3.666139454652909e-02	3.189583e+00
3.667139454652909e-02	3.189583e+00
3.668139454652909e-02	3.189583e+00
3.669139454652909e-02	3.189583e+00
3.670139454652909e-02	3.189583e+00
3.671139454652909e-02	3.189583e+00
3.672139454652909e-02	3.189583e+00
3.673139454652909e-02	3.189583e+00
3.674139454652909e-02	3.189583e+00
3.675139454652909e-02	3.189583e+00
3.676139454652909e-02	3.189583e+00
3.677139454652909e-02	3.189583e+00
3.678139454652909e-02	3.189583e+00
3.679139454652909e-02	3.189583e+00
3.680139454652909e-02	3.189583e+00
3.681139454652909e-02	3.189583e+00
3.682139454652909e-02	3.189583e+00
3.683139454652909e-02	3.189583e+00
3.684139454652909e-02	3.189583e+00
3.685139454652909e-02	3.189583e+00
3.686139454652909e-02	3.189583e+00
3.687139454652909e-02	3.189583e+00
3.688139454652909e-02	3.189583e+00
3.689139454652909e-02	3.189583e+00
3.690139454652909e-02	3.189583e+00
3.691139454652909e-02	3.189583e+00
3.692139454652909e-02	3.189583e+00
3.693139454652909e-02	3.189583e+00
3.694139454652909e-02	3.189583e+00
3.695139454652909e-02	3.189583e+00
3.696139454652909e-02	3.189583e+00
3.697139454652909e-02	3.189583e+00
3.698139454652909e-02	3.189583e+00
3.699139454652909e-02	3.189583e+00
3.700139454652909e-02	3.189583e+00
3.701139454652909e-02	3.189583e+00
3.702139454652909e-02	3.189583e+00
3.703139454652909e-02	3.189583e+00
3.704139454652909e-02	3.189583e+00
3.705139454652909e-02	3.189583e+00
3.706139454652909e-02	3.189583e+00
3.707139454652909e-02	3.189583e+00
3.708139454652909e-02	3.189583e+00
3.709139454652909e-02	3.189583e+00
3.710139454652909e-02	3.189583e+00
3.711139454652909e-02	3.189583e+00
3.712139454652909e-02	3.189583e+00
3.713139454652909e-02	3.189583e+00
3.714139454652909e-02	3.189583e+00
3.715139454652909e-02	3.189583e+00
3.716139454652909e-02	3.189583e+00
3.717139454652909e-02	3.189583e+00
3.718139454652909e-02	3.189583e+00
3.719139454652909e-02	3.189583e+00
3.720139454652909e-02	3.189583e+00
3.721139454652909e-02	3.189583e+00
3.722139454652909e-02	3.189583e+00
3.723139454652909e-02	3.189583e+00
3.724139454652909e-02	3.189583e+00
3.725139454652909e-02	3.189583e+00
3.726139454652909e-02	3.189583e+00
3.727139454652909e-02	3.189583e+00
3.728139454652909e-02	3.189583e+00
3.729139454652909e-02	3.189583e+00
3.730139454652909e-02	3.189583e+00
3.731139454652909e-02	3.189583e+00
3.732139454652909e-02	3.189583e+00
3.733139454652909e-02	3.189583e+00
3.734139454652909e-02	3.189583e+00
3.735139454652909e-02	3.189583e+00
3.736139454652909e-02	3.189583e+00
3.737139454652909e-02	3.189583e+00
3.738139454652909e-02	3.189583e+00
3.739139454652909e-02	3.189584e+00
3.740139454652909e-02	3.189583e+00
3.741139454652909e-02	3.189584e+00
3.742139454652909e-02	3.189583e+00
3.743139454652909e-02	3.189584e+00
3.744139454652909e-02	3.189583e+00
3.745139454652909e-02	3.189584e+00
3.746139454652909e-02	3.189583e+00
3.747139454652909e-02	3.189584e+00
3.748139454652909e-02	3.189583e+00
3.749139454652909e-02	3.189584e+00
3.750139454652909e-02	3.189583e+00
3.751139454652909e-02	3.189584e+00
3.752139454652909e-02	3.189583e+00
3.753139454652909e-02	3.189584e+00
3.754139454652909e-02	3.189583e+00
3.755139454652909e-02	3.189584e+00
3.756139454652909e-02	3.189583e+00
3.757139454652909e-02	3.189584e+00
3.758139454652909e-02	3.189583e+00
3.759139454652909e-02	3.189584e+00
3.760139454652909e-02	3.189583e+00
3.761139454652909e-02	3.189584e+00
3.762139454652909e-02	3.189583e+00
3.763139454652909e-02	3.189584e+00
3.764139454652909e-02	3.189583e+00
3.765139454652909e-02	3.189584e+00
3.766139454652909e-02	3.189583e+00
3.767139454652909e-02	3.189584e+00
3.768139454652909e-02	3.189583e+00
3.769139454652909e-02	3.189584e+00
3.770139454652909e-02	3.189583e+00
3.771139454652909e-02	3.189584e+00
3.772139454652909e-02	3.189583e+00
3.773139454652909e-02	3.189584e+00
3.774139454652909e-02	3.189583e+00
3.775139454652909e-02	3.189584e+00
3.776139454652909e-02	3.189583e+00
3.777139454652909e-02	3.189584e+00
3.778139454652909e-02	3.189583e+00
3.779139454652909e-02	3.189584e+00
3.780139454652909e-02	3.189583e+00
3.781139454652909e-02	3.189584e+00
3.782139454652909e-02	3.189583e+00
3.783139454652909e-02	3.189584e+00
3.784139454652909e-02	3.189583e+00
3.785139454652909e-02	3.189584e+00
3.786139454652909e-02	3.189583e+00
3.787139454652909e-02	3.189584e+00
3.788139454652909e-02	3.189583e+00
3.789139454652909e-02	3.189584e+00
3.790139454652909e-02	3.189583e+00
3.791139454652909e-02	3.189584e+00
3.792139454652909e-02	3.189583e+00
3.793139454652909e-02	3.189584e+00
3.794139454652909e-02	3.189583e+00
3.795139454652909e-02	3.189584e+00
3.796139454652909e-02	3.189583e+00
3.797139454652909e-02	3.189584e+00
3.798139454652909e-02	3.189583e+00
3.799139454652909e-02	3.189584e+00
3.800139454652909e-02	3.189583e+00
3.801139454652909e-02	3.189584e+00
3.802139454652909e-02	3.189583e+00
3.803139454652909e-02	3.189584e+00
3.804139454652909e-02	3.189583e+00
3.805139454652909e-02	3.189584e+00
3.806139454652909e-02	3.189583e+00
3.807139454652909e-02	3.189584e+00
3.808139454652909e-02	3.189583e+00
3.809139454652909e-02	3.189584e+00
3.810139454652909e-02	3.189583e+00
3.811139454652909e-02	3.189584e+00
3.812139454652909e-02	3.189583e+00
3.813139454652909e-02	3.189584e+00
3.814139454652909e-02	3.189583e+00
3.815139454652909e-02	3.189584e+00
3.816139454652909e-02	3.189583e+00
3.817139454652909e-02	3.189584e+00
3.818139454652909e-02	3.189583e+00
3.819139454652909e-02	3.189584e+00
3.820139454652909e-02	3.189583e+00
3.821139454652909e-02	3.189584e+00
3.822139454652909e-02	3.189583e+00
3.823139454652909e-02	3.189584e+00
3.824139454652909e-02	3.189583e+00
3.825139454652909e-02	3.189584e+00
3.826139454652909e-02	3.189583e+00
3.827139454652909e-02	3.189584e+00
3.828139454652909e-02	3.189583e+00
3.829139454652909e-02	3.189584e+00
3.830139454652909e-02	3.189583e+00
3.831139454652909e-02	3.189584e+00
3.832139454652909e-02	3.189583e+00
3.833139454652909e-02	3.189584e+00
3.834139454652909e-02	3.189583e+00
3.835139454652909e-02	3.189584e+00
3.836139454652909e-02	3.189583e+00
3.837139454652909e-02	3.189584e+00
3.838139454652909e-02	3.189583e+00
3.839139454652909e-02	3.189584e+00
3.840139454652909e-02	3.189583e+00
3.841139454652909e-02	3.189584e+00
3.842139454652909e-02	3.189583e+00
3.843139454652909e-02	3.189584e+00
3.844139454652909e-02	3.189583e+00
3.845139454652909e-02	3.189584e+00
3.846139454652909e-02	3.189583e+00
3.847139454652909e-02	3.189584e+00
3.848139454652909e-02	3.189583e+00
3.849139454652909e-02	3.189584e+00
3.850139454652909e-02	3.189583e+00
3.851139454652909e-02	3.189584e+00
3.852139454652909e-02	3.189583e+00
3.853139454652909e-02	3.189584e+00
3.854139454652909e-02	3.189583e+00
3.855139454652909e-02	3.189584e+00
3.856139454652909e-02	3.189583e+00
3.857139454652909e-02	3.189584e+00
3.858139454652909e-02	3.189583e+00
3.859139454652909e-02	3.189584e+00
3.860139454652909e-02	3.189583e+00
3.861139454652909e-02	3.189584e+00
3.862139454652909e-02	3.189583e+00
3.863139454652909e-02	3.189584e+00
3.864139454652909e-02	3.189583e+00
3.865139454652909e-02	3.189584e+00
3.866139454652909e-02	3.189583e+00
3.867139454652909e-02	3.189584e+00
3.868139454652909e-02	3.189583e+00
3.869139454652909e-02	3.189584e+00
3.870139454652909e-02	3.189583e+00
3.871139454652909e-02	3.189584e+00
3.872139454652909e-02	3.189583e+00
3.873139454652909e-02	3.189584e+00
3.874139454652909e-02	3.189583e+00
3.875139454652909e-02	3.189584e+00
3.876139454652909e-02	3.189583e+00
3.877139454652909e-02	3.189584e+00
3.878139454652909e-02	3.189583e+00
3.879139454652909e-02	3.189584e+00
3.880139454652909e-02	3.189583e+00
3.881139454652909e-02	3.189584e+00
3.882139454652909e-02	3.189583e+00
3.883139454652909e-02	3.189584e+00
3.884139454652909e-02	3.189583e+00
3.885139454652909e-02	3.189584e+00
3.886139454652909e-02	3.189583e+00
3.887139454652909e-02	3.189584e+00
3.888139454652909e-02	3.189583e+00
3.889139454652909e-02	3.189584e+00
3.890139454652909e-02	3.189583e+00
3.891139454652909e-02	3.189584e+00
3.892139454652909e-02	3.189583e+00
3.893139454652909e-02	3.189584e+00
3.894139454652909e-02	3.189583e+00
3.895139454652909e-02	3.189584e+00
3.896139454652909e-02	3.189583e+00
3.897139454652909e-02	3.189584e+00
3.898139454652909e-02	3.189583e+00
3.899139454652909e-02	3.189584e+00
3.900139454652909e-02	3.189583e+00
3.901139454652909e-02	3.189584e+00
3.902139454652909e-02	3.189583e+00
3.903139454652909e-02	3.189584e+00
3.904139454652909e-02	3.189583e+00
3.905139454652909e-02	3.189584e+00
3.906139454652909e-02	3.189583e+00
3.907139454652909e-02	3.189584e+00
3.908139454652909e-02	3.189583e+00
3.909139454652909e-02	3.189584e+00
3.910139454652909e-02	3.189583e+00
3.911139454652909e-02	3.189584e+00
3.912139454652909e-02	3.189583e+00
3.913139454652909e-02	3.189584e+00
3.914139454652909e-02	3.189583e+00
3.915139454652909e-02	3.189584e+00
3.916139454652909e-02	3.189583e+00
3.917139454652909e-02	3.189584e+00
3.918139454652909e-02	3.189583e+00
3.919139454652909e-02	3.189584e+00
3.920139454652909e-02	3.189583e+00
3.921139454652909e-02	3.189584e+00
3.922139454652909e-02	3.189583e+00
3.923139454652909e-02	3.189584e+00
3.924139454652909e-02	3.189583e+00
3.925139454652909e-02	3.189584e+00
3.926139454652909e-02	3.189583e+00
3.927139454652909e-02	3.189584e+00
3.928139454652909e-02	3.189583e+00
3.929139454652909e-02	3.189584e+00
3.930139454652909e-02	3.189583e+00
3.931139454652909e-02	3.189584e+00
3.932139454652909e-02	3.189583e+00
3.933139454652909e-02	3.189584e+00
3.934139454652909e-02	3.189583e+00
3.935139454652909e-02	3.189584e+00
3.936139454652909e-02	3.189583e+00
3.937139454652909e-02	3.189584e+00
3.938139454652909e-02	3.189583e+00
3.939139454652909e-02	3.189584e+00
3.940139454652909e-02	3.189583e+00
3.941139454652909e-02	3.189584e+00
3.942139454652909e-02	3.189583e+00
3.943139454652909e-02	3.189584e+00
3.944139454652909e-02	3.189583e+00
3.945139454652909e-02	3.189584e+00
3.946139454652909e-02	3.189583e+00
3.947139454652909e-02	3.189584e+00
3.948139454652909e-02	3.189583e+00
3.949139454652909e-02	3.189584e+00
3.950139454652909e-02	3.189583e+00
3.951139454652909e-02	3.189584e+00
3.952139454652909e-02	3.189583e+00
3.953139454652909e-02	3.189584e+00
3.954139454652909e-02	3.189583e+00
3.955139454652909e-02	3.189584e+00
3.956139454652909e-02	3.189583e+00
3.957139454652909e-02	3.189584e+00
3.958139454652909e-02	3.189583e+00
3.959139454652909e-02	3.189584e+00
3.960139454652909e-02	3.189583e+00
3.961139454652909e-02	3.189584e+00
3.962139454652909e-02	3.189583e+00
3.963139454652909e-02	3.189584e+00
3.964139454652909e-02	3.189583e+00
3.965139454652909e-02	3.189584e+00
3.966139454652909e-02	3.189583e+00
3.967139454652909e-02	3.189584e+00
3.968139454652909e-02	3.189583e+00
3.969139454652909e-02	3.189584e+00
3.970139454652909e-02	3.189583e+00
3.971139454652909e-02	3.189584e+00
3.972139454652909e-02	3.189583e+00
3.973139454652909e-02	3.189584e+00
3.974139454652909e-02	3.189583e+00
3.975139454652909e-02	3.189584e+00
3.976139454652909e-02	3.189583e+00
3.977139454652909e-02	3.189584e+00
3.978139454652909e-02	3.189583e+00
3.979139454652909e-02	3.189584e+00
3.980139454652909e-02	3.189583e+00
3.981139454652909e-02	3.189584e+00
3.982139454652909e-02	3.189583e+00
3.983139454652909e-02	3.189584e+00
3.984139454652909e-02	3.189583e+00
3.985139454652909e-02	3.189584e+00
3.986139454652909e-02	3.189583e+00
3.987139454652909e-02	3.189584e+00
3.988139454652909e-02	3.189583e+00
3.989139454652909e-02	3.189584e+00
3.990139454652909e-02	3.189583e+00
3.991139454652909e-02	3.189584e+00
3.992139454652909e-02	3.189583e+00
3.993139454652909e-02	3.189584e+00
3.994139454652909e-02	3.189583e+00
3.995139454652909e-02	3.189584e+00
3.996139454652909e-02	3.189583e+00
3.997139454652909e-02	3.189584e+00
3.998139454652909e-02	3.189583e+00
3.999139454652909e-02	3.189584e+00
4.000000000000000e-02	3.189583e+00
