config,E_out_mJ
MAS_ON_filas_1,0.43814213572896965
MAS_ON_filas_2,0.43814213572896965
MAS_ON_filas_1-2,0.43814213572896965
