config,E_out_mJ
MAS_MENOS_filas_1,0.44676291290665604
MAS_MENOS_filas_2,0.44676291290665604
MAS_MENOS_filas_1-2,0.44676291290665604
