time	-I(Vcell15)
0.000000000000000e+00	2.600033e-07
9.999999439624929e-11	2.591694e-07
1.999999887924986e-10	2.583683e-07
3.999999775849972e-10	2.567628e-07
7.999999551699943e-10	2.535212e-07
1.599999910339989e-09	2.469131e-07
3.199999820679977e-09	2.332724e-07
6.399999641359955e-09	2.047600e-07
1.279999928271991e-08	1.451659e-07
2.559999856543982e-08	2.477956e-08
5.119999713087964e-08	-1.979268e-07
9.253554529923613e-08	-4.836492e-07
1.510494261028408e-07	2.641445e-07
2.057426377001021e-07	1.985417e-06
2.711914230105473e-07	3.681050e-06
3.308006653849918e-07	4.727874e-06
4.500191501338809e-07	5.371269e-06
4.743573850353746e-07	5.344982e-06
5.230338548383620e-07	5.291907e-06
6.203867944443367e-07	5.250457e-06
8.150926736562861e-07	5.273001e-06
1.204504432080185e-06	5.358973e-06
1.790116944742544e-06	5.397466e-06
2.537169498248037e-06	5.334915e-06
3.609478449165371e-06	5.171628e-06
5.527505858771189e-06	4.876776e-06
9.363560677982827e-06	4.600881e-06
1.703567031640610e-05	1.768174e-05
2.703567031640610e-05	3.708396e-05
3.703567031640610e-05	4.823902e-05
4.703567031640610e-05	5.124575e-05
5.703567031640610e-05	4.894034e-05
6.703567031640610e-05	4.583215e-05
7.703567031640610e-05	4.343375e-05
8.703567031640610e-05	4.074775e-05
9.703567031640610e-05	3.864480e-05
1.000000009999994e-04	3.785694e-05
1.000000019999994e-04	3.791546e-05
1.000000179999994e-04	3.788941e-05
1.000000499999994e-04	3.791492e-05
1.000001139999994e-04	3.789133e-05
1.000002419999994e-04	3.791609e-05
1.000004979999994e-04	3.789265e-05
1.000010099999994e-04	3.791675e-05
1.000020339999994e-04	3.789357e-05
1.000040819999994e-04	3.791828e-05
1.000081779999994e-04	3.789587e-05
1.000163699999994e-04	3.792063e-05
1.000327539999994e-04	3.789603e-05
1.000655219999995e-04	3.791516e-05
1.001310579999995e-04	3.788061e-05
1.002621299999997e-04	3.787879e-05
1.005242740000000e-04	3.779857e-05
1.010485620000006e-04	3.770919e-05
1.020971380000018e-04	3.746176e-05
1.041942900000042e-04	3.704483e-05
1.083885940000089e-04	3.616191e-05
1.167772020000184e-04	3.454574e-05
1.267772020000184e-04	3.269596e-05
1.367772020000184e-04	8.190975e-05
1.467772020000184e-04	2.552888e-05
1.567772020000184e-04	3.823749e-05
1.667772020000184e-04	1.958619e-05
1.767772020000184e-04	3.487123e-05
1.867772020000184e-04	1.739155e-05
1.967772020000184e-04	3.242351e-05
2.067772020000184e-04	1.540802e-05
2.167772020000184e-04	3.042091e-05
2.267772020000184e-04	1.367545e-05
2.367772020000184e-04	2.874254e-05
2.467772020000184e-04	1.218489e-05
2.567772020000184e-04	2.731985e-05
2.667772020000184e-04	1.091189e-05
2.767772020000184e-04	2.611273e-05
2.867772020000184e-04	4.873003e-05
2.967772020000184e-04	2.486648e-03
3.067772020000184e-04	1.405610e-02
3.167772020000184e-04	1.723610e-02
3.267772020000184e-04	2.003925e-02
3.367772020000184e-04	2.153943e-02
3.467772020000184e-04	2.226623e-02
3.567772020000184e-04	2.290650e-02
3.667772020000184e-04	2.356164e-02
3.767772020000184e-04	2.417483e-02
3.867772020000184e-04	2.481555e-02
3.967772020000184e-04	2.541937e-02
4.067772020000184e-04	2.605364e-02
4.167772020000184e-04	2.665249e-02
4.267772020000184e-04	2.728296e-02
4.367772020000184e-04	2.787859e-02
4.467772020000184e-04	2.850645e-02
4.567772020000184e-04	2.909973e-02
4.667772020000184e-04	2.972562e-02
4.767772020000184e-04	3.031706e-02
4.867772020000184e-04	3.094137e-02
4.967772020000184e-04	3.153127e-02
5.067772020000184e-04	3.194766e-02
5.167772020000183e-04	3.196238e-02
5.267772020000184e-04	3.199229e-02
5.367772020000184e-04	3.197917e-02
5.467772020000184e-04	3.200122e-02
5.567772020000183e-04	3.198458e-02
5.667772020000184e-04	3.200479e-02
5.767772020000184e-04	3.198704e-02
5.867772020000184e-04	3.200655e-02
5.967772020000183e-04	3.198831e-02
6.067772020000184e-04	3.200749e-02
6.167772020000184e-04	3.198901e-02
6.267772020000184e-04	3.200802e-02
6.367772020000183e-04	3.198940e-02
6.467772020000183e-04	3.200831e-02
6.567772020000184e-04	3.198960e-02
6.667772020000184e-04	3.200845e-02
6.767772020000183e-04	3.198970e-02
6.867772020000183e-04	3.200851e-02
6.967772020000184e-04	3.198973e-02
7.067772020000184e-04	3.200851e-02
7.167772020000183e-04	3.198971e-02
7.267772020000183e-04	3.200848e-02
7.367772020000184e-04	3.198967e-02
7.467772020000184e-04	3.200844e-02
7.567772020000183e-04	3.198962e-02
7.667772020000183e-04	3.200838e-02
7.767772020000184e-04	3.198955e-02
7.867772020000184e-04	3.200831e-02
7.967772020000183e-04	3.198949e-02
8.067772020000183e-04	3.200824e-02
8.167772020000184e-04	3.198941e-02
8.267772020000184e-04	3.200817e-02
8.367772020000183e-04	3.198935e-02
8.467772020000183e-04	3.200811e-02
8.567772020000184e-04	3.198928e-02
8.667772020000184e-04	3.200804e-02
8.767772020000183e-04	3.198922e-02
8.867772020000183e-04	3.200798e-02
8.967772020000184e-04	3.198916e-02
9.067772020000184e-04	3.200793e-02
9.167772020000183e-04	3.198911e-02
9.267772020000183e-04	3.200788e-02
9.367772020000183e-04	3.198906e-02
9.467772020000184e-04	3.200783e-02
9.567772020000183e-04	3.198902e-02
9.667772020000183e-04	3.200778e-02
9.767772020000183e-04	3.198897e-02
9.867772020000184e-04	3.200774e-02
9.967772020000184e-04	3.198893e-02
1.000000000000000e-03	3.200772e-02
1.000000001000000e-03	3.200568e-02
1.000000017000000e-03	3.199419e-02
1.000000049000000e-03	3.200297e-02
1.000000113000000e-03	3.199418e-02
1.000000241000000e-03	3.200239e-02
1.000000497000000e-03	3.199430e-02
1.000001009000000e-03	3.200232e-02
1.000002033000000e-03	3.199434e-02
1.000004081000000e-03	3.200230e-02
1.000008177000000e-03	3.199434e-02
1.000016369000001e-03	3.200230e-02
1.000032753000001e-03	3.199435e-02
1.000065521000002e-03	3.200230e-02
1.000131057000004e-03	3.199435e-02
1.000262129000007e-03	3.200230e-02
1.000524273000015e-03	3.199435e-02
1.001048561000029e-03	3.200230e-02
1.002097137000058e-03	3.199434e-02
1.004194289000116e-03	3.200229e-02
1.008388593000232e-03	3.199433e-02
1.016777201000463e-03	3.200227e-02
1.026777201000463e-03	3.199430e-02
1.036777201000463e-03	3.200224e-02
1.046777201000463e-03	3.199427e-02
1.056777201000463e-03	3.200221e-02
1.066777201000463e-03	3.199424e-02
1.076777201000463e-03	3.200218e-02
1.086777201000463e-03	3.199422e-02
1.096777201000463e-03	3.200215e-02
1.106777201000463e-03	3.199419e-02
1.116777201000463e-03	3.200213e-02
1.126777201000463e-03	3.199417e-02
1.136777201000463e-03	3.200211e-02
1.146777201000463e-03	3.199415e-02
1.156777201000463e-03	3.200210e-02
1.166777201000463e-03	3.199414e-02
1.176777201000463e-03	3.200208e-02
1.186777201000463e-03	3.199412e-02
1.196777201000463e-03	3.200207e-02
1.206777201000463e-03	3.199411e-02
1.216777201000463e-03	3.200205e-02
1.226777201000463e-03	3.199409e-02
1.236777201000463e-03	3.200204e-02
1.246777201000463e-03	3.199408e-02
1.256777201000463e-03	3.200203e-02
1.266777201000463e-03	3.199407e-02
1.276777201000463e-03	3.200202e-02
1.286777201000463e-03	3.199406e-02
1.296777201000463e-03	3.200201e-02
1.306777201000463e-03	3.199406e-02
1.316777201000463e-03	3.200200e-02
1.326777201000463e-03	3.199405e-02
1.336777201000463e-03	3.200199e-02
1.346777201000463e-03	3.199404e-02
1.356777201000463e-03	3.200199e-02
1.366777201000463e-03	3.199403e-02
1.376777201000463e-03	3.200198e-02
1.386777201000463e-03	3.199403e-02
1.396777201000463e-03	3.200198e-02
1.406777201000463e-03	3.199403e-02
1.416777201000463e-03	3.200197e-02
1.426777201000463e-03	3.199402e-02
1.436777201000463e-03	3.200197e-02
1.446777201000463e-03	3.199401e-02
1.456777201000463e-03	3.200196e-02
1.466777201000463e-03	3.199401e-02
1.476777201000463e-03	3.200196e-02
1.486777201000463e-03	3.199401e-02
1.496777201000463e-03	3.200196e-02
1.506777201000463e-03	3.199401e-02
1.516777201000463e-03	3.200196e-02
1.526777201000463e-03	3.199400e-02
1.536777201000463e-03	3.200195e-02
1.546777201000463e-03	3.199400e-02
1.556777201000463e-03	3.200195e-02
1.566777201000463e-03	3.199400e-02
1.576777201000463e-03	3.200195e-02
1.586777201000463e-03	3.199400e-02
1.596777201000463e-03	3.200195e-02
1.606777201000463e-03	3.199400e-02
1.616777201000463e-03	3.200195e-02
1.626777201000463e-03	3.199399e-02
1.636777201000463e-03	3.200195e-02
1.646777201000463e-03	3.199399e-02
1.656777201000463e-03	3.200194e-02
1.666777201000463e-03	3.199399e-02
1.676777201000463e-03	3.200194e-02
1.686777201000463e-03	3.199399e-02
1.696777201000463e-03	3.200194e-02
1.706777201000463e-03	3.199399e-02
1.716777201000463e-03	3.200194e-02
1.726777201000463e-03	3.199399e-02
1.736777201000463e-03	3.200194e-02
1.746777201000463e-03	3.199399e-02
1.756777201000463e-03	3.200194e-02
1.766777201000463e-03	3.199399e-02
1.776777201000463e-03	3.200194e-02
1.786777201000463e-03	3.199399e-02
1.796777201000463e-03	3.200194e-02
1.806777201000463e-03	3.199399e-02
1.816777201000463e-03	3.200193e-02
1.826777201000463e-03	3.199399e-02
1.836777201000463e-03	3.200193e-02
1.846777201000463e-03	3.199399e-02
1.856777201000463e-03	3.200193e-02
1.866777201000463e-03	3.199399e-02
1.876777201000463e-03	3.200193e-02
1.886777201000463e-03	3.199399e-02
1.896777201000463e-03	3.200193e-02
1.906777201000463e-03	3.199399e-02
1.916777201000463e-03	3.200193e-02
1.926777201000463e-03	3.199399e-02
1.936777201000463e-03	3.200193e-02
1.946777201000463e-03	3.199398e-02
1.956777201000463e-03	3.200193e-02
1.966777201000463e-03	3.199398e-02
1.976777201000463e-03	3.200193e-02
1.986777201000463e-03	3.199398e-02
1.996777201000463e-03	3.200193e-02
2.006777201000463e-03	3.199398e-02
2.016777201000463e-03	3.200193e-02
2.026777201000463e-03	3.199398e-02
2.036777201000463e-03	3.200193e-02
2.046777201000463e-03	3.199398e-02
2.056777201000463e-03	3.200193e-02
2.066777201000463e-03	3.199398e-02
2.076777201000463e-03	3.200193e-02
2.086777201000463e-03	3.199398e-02
2.096777201000463e-03	3.200193e-02
2.106777201000463e-03	3.199398e-02
2.116777201000463e-03	3.200193e-02
2.126777201000463e-03	3.199398e-02
2.136777201000463e-03	3.200193e-02
2.146777201000463e-03	3.199398e-02
2.156777201000463e-03	3.200193e-02
2.166777201000463e-03	3.199398e-02
2.176777201000463e-03	3.200193e-02
2.186777201000463e-03	3.199398e-02
2.196777201000463e-03	3.200193e-02
2.206777201000463e-03	3.199398e-02
2.216777201000463e-03	3.200193e-02
2.226777201000463e-03	3.199398e-02
2.236777201000463e-03	3.200193e-02
2.246777201000463e-03	3.199398e-02
2.256777201000463e-03	3.200193e-02
2.266777201000463e-03	3.199398e-02
2.276777201000463e-03	3.200193e-02
2.286777201000463e-03	3.199398e-02
2.296777201000463e-03	3.200193e-02
2.306777201000463e-03	3.199398e-02
2.316777201000463e-03	3.200193e-02
2.326777201000463e-03	3.199398e-02
2.336777201000463e-03	3.200193e-02
2.346777201000463e-03	3.199398e-02
2.356777201000463e-03	3.200193e-02
2.366777201000463e-03	3.199398e-02
2.376777201000463e-03	3.200193e-02
2.386777201000463e-03	3.199398e-02
2.396777201000463e-03	3.200193e-02
2.406777201000463e-03	3.199398e-02
2.416777201000463e-03	3.200193e-02
2.426777201000463e-03	3.199398e-02
2.436777201000463e-03	3.200193e-02
2.446777201000463e-03	3.199398e-02
2.456777201000463e-03	3.200193e-02
2.466777201000463e-03	3.199398e-02
2.476777201000463e-03	3.200193e-02
2.486777201000463e-03	3.199398e-02
2.496777201000463e-03	3.200193e-02
2.506777201000463e-03	3.199398e-02
2.516777201000463e-03	3.200193e-02
2.526777201000463e-03	3.199398e-02
2.536777201000463e-03	3.200193e-02
2.546777201000463e-03	3.199398e-02
2.556777201000463e-03	3.200193e-02
2.566777201000463e-03	3.199398e-02
2.576777201000463e-03	3.200193e-02
2.586777201000463e-03	3.199398e-02
2.596777201000463e-03	3.200193e-02
2.606777201000463e-03	3.199398e-02
2.616777201000463e-03	3.200193e-02
2.626777201000463e-03	3.199398e-02
2.636777201000463e-03	3.200193e-02
2.646777201000463e-03	3.199398e-02
2.656777201000463e-03	3.200193e-02
2.666777201000463e-03	3.199398e-02
2.676777201000463e-03	3.200193e-02
2.686777201000463e-03	3.199398e-02
2.696777201000463e-03	3.200193e-02
2.706777201000463e-03	3.199398e-02
2.716777201000463e-03	3.200193e-02
2.726777201000463e-03	3.199398e-02
2.736777201000463e-03	3.200193e-02
2.746777201000463e-03	3.199398e-02
2.756777201000463e-03	3.200193e-02
2.766777201000463e-03	3.199398e-02
2.776777201000463e-03	3.200193e-02
2.786777201000463e-03	3.199398e-02
2.796777201000463e-03	3.200193e-02
2.806777201000463e-03	3.199398e-02
2.816777201000463e-03	3.200193e-02
2.826777201000463e-03	3.199398e-02
2.836777201000463e-03	3.200193e-02
2.846777201000463e-03	3.199398e-02
2.856777201000463e-03	3.200193e-02
2.866777201000463e-03	3.199398e-02
2.876777201000463e-03	3.200193e-02
2.886777201000463e-03	3.199398e-02
2.896777201000463e-03	3.200193e-02
2.906777201000463e-03	3.199398e-02
2.916777201000463e-03	3.200193e-02
2.926777201000463e-03	3.199398e-02
2.936777201000463e-03	3.200193e-02
2.946777201000463e-03	3.199398e-02
2.956777201000463e-03	3.200193e-02
2.966777201000463e-03	3.199398e-02
2.976777201000463e-03	3.200193e-02
2.986777201000463e-03	3.199398e-02
2.996777201000463e-03	3.200193e-02
3.006777201000463e-03	3.199398e-02
3.016777201000463e-03	3.200193e-02
3.026777201000463e-03	3.199398e-02
3.036777201000463e-03	3.200193e-02
3.046777201000463e-03	3.199398e-02
3.056777201000463e-03	3.200193e-02
3.066777201000463e-03	3.199398e-02
3.076777201000463e-03	3.200193e-02
3.086777201000463e-03	3.199398e-02
3.096777201000463e-03	3.200193e-02
3.106777201000463e-03	3.199398e-02
3.116777201000463e-03	3.200193e-02
3.126777201000463e-03	3.199398e-02
3.136777201000463e-03	3.200193e-02
3.146777201000463e-03	3.199398e-02
3.156777201000463e-03	3.200193e-02
3.166777201000463e-03	3.199398e-02
3.176777201000463e-03	3.200193e-02
3.186777201000463e-03	3.199398e-02
3.196777201000463e-03	3.200193e-02
3.206777201000463e-03	3.199398e-02
3.216777201000463e-03	3.200193e-02
3.226777201000463e-03	3.199398e-02
3.236777201000463e-03	3.200193e-02
3.246777201000463e-03	3.199398e-02
3.256777201000463e-03	3.200193e-02
3.266777201000463e-03	3.199398e-02
3.276777201000463e-03	3.200193e-02
3.286777201000463e-03	3.199398e-02
3.296777201000463e-03	3.200193e-02
3.306777201000463e-03	3.199398e-02
3.316777201000463e-03	3.200193e-02
3.326777201000463e-03	3.199398e-02
3.336777201000463e-03	3.200193e-02
3.346777201000463e-03	3.199398e-02
3.356777201000463e-03	3.200193e-02
3.366777201000463e-03	3.199398e-02
3.376777201000463e-03	3.200193e-02
3.386777201000463e-03	3.199398e-02
3.396777201000463e-03	3.200193e-02
3.406777201000463e-03	3.199398e-02
3.416777201000463e-03	3.200193e-02
3.426777201000463e-03	3.199398e-02
3.436777201000463e-03	3.200193e-02
3.446777201000463e-03	3.199398e-02
3.456777201000463e-03	3.200193e-02
3.466777201000463e-03	3.199398e-02
3.476777201000463e-03	3.200193e-02
3.486777201000463e-03	3.199398e-02
3.496777201000463e-03	3.200193e-02
3.506777201000463e-03	3.199398e-02
3.516777201000463e-03	3.200193e-02
3.526777201000463e-03	3.199398e-02
3.536777201000463e-03	3.200193e-02
3.546777201000463e-03	3.199398e-02
3.556777201000463e-03	3.200193e-02
3.566777201000463e-03	3.199398e-02
3.576777201000463e-03	3.200193e-02
3.586777201000463e-03	3.199398e-02
3.596777201000463e-03	3.200193e-02
3.606777201000463e-03	3.199398e-02
3.616777201000463e-03	3.200193e-02
3.626777201000463e-03	3.199398e-02
3.636777201000463e-03	3.200193e-02
3.646777201000463e-03	3.199398e-02
3.656777201000463e-03	3.200193e-02
3.666777201000463e-03	3.199398e-02
3.676777201000463e-03	3.200193e-02
3.686777201000463e-03	3.199398e-02
3.696777201000463e-03	3.200193e-02
3.706777201000463e-03	3.199398e-02
3.716777201000463e-03	3.200193e-02
3.726777201000463e-03	3.199398e-02
3.736777201000463e-03	3.200193e-02
3.746777201000463e-03	3.199398e-02
3.756777201000463e-03	3.200193e-02
3.766777201000463e-03	3.199398e-02
3.776777201000463e-03	3.200193e-02
3.786777201000463e-03	3.199398e-02
3.796777201000463e-03	3.200193e-02
3.806777201000463e-03	3.199398e-02
3.816777201000463e-03	3.200193e-02
3.826777201000463e-03	3.199398e-02
3.836777201000463e-03	3.200193e-02
3.846777201000463e-03	3.199398e-02
3.856777201000463e-03	3.200193e-02
3.866777201000463e-03	3.199398e-02
3.876777201000463e-03	3.200193e-02
3.886777201000463e-03	3.199398e-02
3.896777201000463e-03	3.200193e-02
3.906777201000463e-03	3.199398e-02
3.916777201000463e-03	3.200193e-02
3.926777201000463e-03	3.199398e-02
3.936777201000463e-03	3.200193e-02
3.946777201000463e-03	3.199398e-02
3.956777201000463e-03	3.200193e-02
3.966777201000463e-03	3.199398e-02
3.976777201000463e-03	3.200193e-02
3.986777201000463e-03	3.199398e-02
3.996777201000463e-03	3.200193e-02
4.006777201000463e-03	3.199398e-02
4.016777201000463e-03	3.200193e-02
4.026777201000463e-03	3.199398e-02
4.036777201000463e-03	3.200193e-02
4.046777201000462e-03	3.199398e-02
4.056777201000463e-03	3.200193e-02
4.066777201000463e-03	3.199398e-02
4.076777201000463e-03	3.200193e-02
4.086777201000463e-03	3.199398e-02
4.096777201000463e-03	3.200193e-02
4.106777201000463e-03	3.199398e-02
4.116777201000463e-03	3.200193e-02
4.126777201000463e-03	3.199398e-02
4.136777201000463e-03	3.200193e-02
4.146777201000463e-03	3.199398e-02
4.156777201000463e-03	3.200193e-02
4.166777201000463e-03	3.199398e-02
4.176777201000463e-03	3.200193e-02
4.186777201000463e-03	3.199398e-02
4.196777201000462e-03	3.200193e-02
4.206777201000463e-03	3.199398e-02
4.216777201000462e-03	3.200193e-02
4.226777201000463e-03	3.199398e-02
4.236777201000463e-03	3.200193e-02
4.246777201000463e-03	3.199398e-02
4.256777201000463e-03	3.200193e-02
4.266777201000463e-03	3.199398e-02
4.276777201000463e-03	3.200193e-02
4.286777201000463e-03	3.199398e-02
4.296777201000463e-03	3.200193e-02
4.306777201000463e-03	3.199398e-02
4.316777201000463e-03	3.200193e-02
4.326777201000463e-03	3.199398e-02
4.336777201000463e-03	3.200193e-02
4.346777201000463e-03	3.199398e-02
4.356777201000463e-03	3.200193e-02
4.366777201000462e-03	3.199398e-02
4.376777201000463e-03	3.200193e-02
4.386777201000462e-03	3.199398e-02
4.396777201000463e-03	3.200193e-02
4.406777201000463e-03	3.199398e-02
4.416777201000463e-03	3.200193e-02
4.426777201000463e-03	3.199398e-02
4.436777201000463e-03	3.200193e-02
4.446777201000463e-03	3.199398e-02
4.456777201000463e-03	3.200193e-02
4.466777201000463e-03	3.199398e-02
4.476777201000463e-03	3.200193e-02
4.486777201000463e-03	3.199398e-02
4.496777201000463e-03	3.200193e-02
4.506777201000463e-03	3.199398e-02
4.516777201000462e-03	3.200193e-02
4.526777201000463e-03	3.199398e-02
4.536777201000462e-03	3.200193e-02
4.546777201000463e-03	3.199398e-02
4.556777201000463e-03	3.200193e-02
4.566777201000463e-03	3.199398e-02
4.576777201000463e-03	3.200193e-02
4.586777201000463e-03	3.199398e-02
4.596777201000463e-03	3.200193e-02
4.606777201000463e-03	3.199398e-02
4.616777201000463e-03	3.200193e-02
4.626777201000463e-03	3.199398e-02
4.636777201000463e-03	3.200193e-02
4.646777201000463e-03	3.199398e-02
4.656777201000463e-03	3.200193e-02
4.666777201000463e-03	3.199398e-02
4.676777201000463e-03	3.200193e-02
4.686777201000462e-03	3.199398e-02
4.696777201000463e-03	3.200193e-02
4.706777201000462e-03	3.199398e-02
4.716777201000463e-03	3.200193e-02
4.726777201000463e-03	3.199398e-02
4.736777201000463e-03	3.200193e-02
4.746777201000463e-03	3.199398e-02
4.756777201000463e-03	3.200193e-02
4.766777201000463e-03	3.199398e-02
4.776777201000463e-03	3.200193e-02
4.786777201000463e-03	3.199398e-02
4.796777201000463e-03	3.200193e-02
4.806777201000463e-03	3.199398e-02
4.816777201000463e-03	3.200193e-02
4.826777201000463e-03	3.199398e-02
4.836777201000462e-03	3.200193e-02
4.846777201000463e-03	3.199398e-02
4.856777201000462e-03	3.200193e-02
4.866777201000463e-03	3.199398e-02
4.876777201000462e-03	3.200193e-02
4.886777201000463e-03	3.199398e-02
4.896777201000463e-03	3.200193e-02
4.906777201000463e-03	3.199398e-02
4.916777201000463e-03	3.200193e-02
4.926777201000463e-03	3.199398e-02
4.936777201000463e-03	3.200193e-02
4.946777201000463e-03	3.199398e-02
4.956777201000463e-03	3.200193e-02
4.966777201000463e-03	3.199398e-02
4.976777201000463e-03	3.200193e-02
4.986777201000463e-03	3.199398e-02
4.996777201000463e-03	3.200193e-02
5.006777201000462e-03	3.199398e-02
5.016777201000463e-03	3.200193e-02
5.026777201000462e-03	3.199398e-02
5.036777201000463e-03	3.200193e-02
5.046777201000462e-03	3.199398e-02
5.056777201000463e-03	3.200193e-02
5.066777201000463e-03	3.199398e-02
5.076777201000463e-03	3.200193e-02
5.086777201000463e-03	3.199398e-02
5.096777201000463e-03	3.200193e-02
5.106777201000463e-03	3.199398e-02
5.116777201000463e-03	3.200193e-02
5.126777201000463e-03	3.199398e-02
5.136777201000463e-03	3.200193e-02
5.146777201000463e-03	3.199398e-02
5.156777201000462e-03	3.200193e-02
5.166777201000463e-03	3.199398e-02
5.176777201000462e-03	3.200193e-02
5.186777201000463e-03	3.199398e-02
5.196777201000462e-03	3.200193e-02
5.206777201000463e-03	3.199398e-02
5.216777201000463e-03	3.200193e-02
5.226777201000463e-03	3.199398e-02
5.236777201000463e-03	3.200193e-02
5.246777201000463e-03	3.199398e-02
5.256777201000463e-03	3.200193e-02
5.266777201000463e-03	3.199398e-02
5.276777201000463e-03	3.200193e-02
5.286777201000463e-03	3.199398e-02
5.296777201000463e-03	3.200193e-02
5.306777201000463e-03	3.199398e-02
5.316777201000463e-03	3.200193e-02
5.326777201000462e-03	3.199398e-02
5.336777201000463e-03	3.200193e-02
5.346777201000462e-03	3.199398e-02
5.356777201000463e-03	3.200193e-02
5.366777201000462e-03	3.199398e-02
5.376777201000463e-03	3.200193e-02
5.386777201000463e-03	3.199398e-02
5.396777201000463e-03	3.200193e-02
5.406777201000463e-03	3.199398e-02
5.416777201000463e-03	3.200193e-02
5.426777201000463e-03	3.199398e-02
5.436777201000463e-03	3.200193e-02
5.446777201000463e-03	3.199398e-02
5.456777201000463e-03	3.200193e-02
5.466777201000463e-03	3.199398e-02
5.476777201000462e-03	3.200193e-02
5.486777201000463e-03	3.199398e-02
5.496777201000462e-03	3.200193e-02
5.506777201000463e-03	3.199398e-02
5.516777201000462e-03	3.200193e-02
5.526777201000463e-03	3.199398e-02
5.536777201000462e-03	3.200193e-02
5.546777201000463e-03	3.199398e-02
5.556777201000463e-03	3.200193e-02
5.566777201000463e-03	3.199398e-02
5.576777201000463e-03	3.200193e-02
5.586777201000463e-03	3.199398e-02
5.596777201000463e-03	3.200193e-02
5.606777201000463e-03	3.199398e-02
5.616777201000463e-03	3.200193e-02
5.626777201000463e-03	3.199398e-02
5.636777201000463e-03	3.200193e-02
5.646777201000462e-03	3.199398e-02
5.656777201000463e-03	3.200193e-02
5.666777201000462e-03	3.199398e-02
5.676777201000463e-03	3.200193e-02
5.686777201000462e-03	3.199398e-02
5.696777201000463e-03	3.200193e-02
5.706777201000462e-03	3.199398e-02
5.716777201000463e-03	3.200193e-02
5.726777201000463e-03	3.199398e-02
5.736777201000463e-03	3.200193e-02
5.746777201000463e-03	3.199398e-02
5.756777201000463e-03	3.200193e-02
5.766777201000463e-03	3.199398e-02
5.776777201000463e-03	3.200193e-02
5.786777201000463e-03	3.199398e-02
5.796777201000462e-03	3.200193e-02
5.806777201000463e-03	3.199398e-02
5.816777201000462e-03	3.200193e-02
5.826777201000463e-03	3.199398e-02
5.836777201000462e-03	3.200193e-02
5.846777201000463e-03	3.199398e-02
5.856777201000462e-03	3.200193e-02
5.866777201000463e-03	3.199398e-02
5.876777201000462e-03	3.200193e-02
5.886777201000463e-03	3.199398e-02
5.896777201000463e-03	3.200193e-02
5.906777201000463e-03	3.199398e-02
5.916777201000463e-03	3.200193e-02
5.926777201000463e-03	3.199398e-02
5.936777201000463e-03	3.200193e-02
5.946777201000463e-03	3.199398e-02
5.956777201000463e-03	3.200193e-02
5.966777201000462e-03	3.199398e-02
5.976777201000463e-03	3.200193e-02
5.986777201000462e-03	3.199398e-02
5.996777201000463e-03	3.200193e-02
6.006777201000462e-03	3.199398e-02
6.016777201000463e-03	3.200193e-02
6.026777201000462e-03	3.199398e-02
6.036777201000463e-03	3.200193e-02
6.046777201000463e-03	3.199398e-02
6.056777201000463e-03	3.200193e-02
6.066777201000463e-03	3.199398e-02
6.076777201000463e-03	3.200193e-02
6.086777201000463e-03	3.199398e-02
6.096777201000463e-03	3.200193e-02
6.106777201000463e-03	3.199398e-02
6.116777201000462e-03	3.200193e-02
6.126777201000463e-03	3.199398e-02
6.136777201000462e-03	3.200193e-02
6.146777201000463e-03	3.199398e-02
6.156777201000462e-03	3.200193e-02
6.166777201000463e-03	3.199398e-02
6.176777201000462e-03	3.200193e-02
6.186777201000463e-03	3.199398e-02
6.196777201000462e-03	3.200193e-02
6.206777201000463e-03	3.199398e-02
6.216777201000463e-03	3.200193e-02
6.226777201000463e-03	3.199398e-02
6.236777201000463e-03	3.200193e-02
6.246777201000463e-03	3.199398e-02
6.256777201000463e-03	3.200193e-02
6.266777201000463e-03	3.199398e-02
6.276777201000463e-03	3.200193e-02
6.286777201000462e-03	3.199398e-02
6.296777201000463e-03	3.200193e-02
6.306777201000462e-03	3.199398e-02
6.316777201000463e-03	3.200193e-02
6.326777201000462e-03	3.199398e-02
6.336777201000463e-03	3.200193e-02
6.346777201000462e-03	3.199398e-02
6.356777201000463e-03	3.200193e-02
6.366777201000462e-03	3.199398e-02
6.376777201000463e-03	3.200193e-02
6.386777201000463e-03	3.199398e-02
6.396777201000463e-03	3.200193e-02
6.406777201000463e-03	3.199398e-02
6.416777201000463e-03	3.200193e-02
6.426777201000463e-03	3.199398e-02
6.436777201000462e-03	3.200193e-02
6.446777201000463e-03	3.199398e-02
6.456777201000462e-03	3.200193e-02
6.466777201000463e-03	3.199398e-02
6.476777201000462e-03	3.200193e-02
6.486777201000463e-03	3.199398e-02
6.496777201000462e-03	3.200193e-02
6.506777201000463e-03	3.199398e-02
6.516777201000462e-03	3.200193e-02
6.526777201000463e-03	3.199398e-02
6.536777201000462e-03	3.200193e-02
6.546777201000463e-03	3.199398e-02
6.556777201000463e-03	3.200193e-02
6.566777201000463e-03	3.199398e-02
6.576777201000463e-03	3.200193e-02
6.586777201000463e-03	3.199398e-02
6.596777201000463e-03	3.200193e-02
6.606777201000462e-03	3.199398e-02
6.616777201000463e-03	3.200193e-02
6.626777201000462e-03	3.199398e-02
6.636777201000463e-03	3.200193e-02
6.646777201000462e-03	3.199398e-02
6.656777201000463e-03	3.200193e-02
6.666777201000462e-03	3.199398e-02
6.676777201000463e-03	3.200193e-02
6.686777201000462e-03	3.199398e-02
6.696777201000463e-03	3.200193e-02
6.706777201000463e-03	3.199398e-02
6.716777201000463e-03	3.200193e-02
6.726777201000463e-03	3.199398e-02
6.736777201000463e-03	3.200193e-02
6.746777201000463e-03	3.199398e-02
6.756777201000462e-03	3.200193e-02
6.766777201000463e-03	3.199398e-02
6.776777201000462e-03	3.200193e-02
6.786777201000463e-03	3.199398e-02
6.796777201000462e-03	3.200193e-02
6.806777201000463e-03	3.199398e-02
6.816777201000462e-03	3.200193e-02
6.826777201000463e-03	3.199398e-02
6.836777201000462e-03	3.200193e-02
6.846777201000463e-03	3.199398e-02
6.856777201000462e-03	3.200193e-02
6.866777201000463e-03	3.199398e-02
6.876777201000463e-03	3.200193e-02
6.886777201000463e-03	3.199398e-02
6.896777201000463e-03	3.200193e-02
6.906777201000463e-03	3.199398e-02
6.916777201000463e-03	3.200193e-02
6.926777201000462e-03	3.199398e-02
6.936777201000463e-03	3.200193e-02
6.946777201000462e-03	3.199398e-02
6.956777201000463e-03	3.200193e-02
6.966777201000462e-03	3.199398e-02
6.976777201000463e-03	3.200193e-02
6.986777201000462e-03	3.199398e-02
6.996777201000463e-03	3.200193e-02
7.006777201000462e-03	3.199398e-02
7.016777201000463e-03	3.200193e-02
7.026777201000462e-03	3.199398e-02
7.036777201000463e-03	3.200193e-02
7.046777201000463e-03	3.199398e-02
7.056777201000463e-03	3.200193e-02
7.066777201000463e-03	3.199398e-02
7.076777201000462e-03	3.200193e-02
7.086777201000463e-03	3.199398e-02
7.096777201000462e-03	3.200193e-02
7.106777201000463e-03	3.199398e-02
7.116777201000462e-03	3.200193e-02
7.126777201000463e-03	3.199398e-02
7.136777201000462e-03	3.200193e-02
7.146777201000463e-03	3.199398e-02
7.156777201000462e-03	3.200193e-02
7.166777201000463e-03	3.199398e-02
7.176777201000462e-03	3.200193e-02
7.186777201000463e-03	3.199398e-02
7.196777201000462e-03	3.200193e-02
7.206777201000463e-03	3.199398e-02
7.216777201000463e-03	3.200193e-02
7.226777201000463e-03	3.199398e-02
7.236777201000463e-03	3.200193e-02
7.246777201000462e-03	3.199398e-02
7.256777201000463e-03	3.200193e-02
7.266777201000462e-03	3.199398e-02
7.276777201000463e-03	3.200193e-02
7.286777201000462e-03	3.199398e-02
7.296777201000463e-03	3.200193e-02
7.306777201000462e-03	3.199398e-02
7.316777201000463e-03	3.200193e-02
7.326777201000462e-03	3.199398e-02
7.336777201000463e-03	3.200193e-02
7.346777201000462e-03	3.199398e-02
7.356777201000463e-03	3.200193e-02
7.366777201000463e-03	3.199398e-02
7.376777201000463e-03	3.200193e-02
7.386777201000463e-03	3.199398e-02
7.396777201000462e-03	3.200193e-02
7.406777201000463e-03	3.199398e-02
7.416777201000462e-03	3.200193e-02
7.426777201000463e-03	3.199398e-02
7.436777201000462e-03	3.200193e-02
7.446777201000463e-03	3.199398e-02
7.456777201000462e-03	3.200193e-02
7.466777201000463e-03	3.199398e-02
7.476777201000462e-03	3.200193e-02
7.486777201000463e-03	3.199398e-02
7.496777201000462e-03	3.200193e-02
7.506777201000463e-03	3.199398e-02
7.516777201000462e-03	3.200193e-02
7.526777201000463e-03	3.199398e-02
7.536777201000463e-03	3.200193e-02
7.546777201000463e-03	3.199398e-02
7.556777201000463e-03	3.200193e-02
7.566777201000462e-03	3.199398e-02
7.576777201000463e-03	3.200193e-02
7.586777201000462e-03	3.199398e-02
7.596777201000463e-03	3.200193e-02
7.606777201000462e-03	3.199398e-02
7.616777201000463e-03	3.200193e-02
7.626777201000462e-03	3.199398e-02
7.636777201000463e-03	3.200193e-02
7.646777201000462e-03	3.199398e-02
7.656777201000463e-03	3.200193e-02
7.666777201000462e-03	3.199398e-02
7.676777201000463e-03	3.200193e-02
7.686777201000462e-03	3.199398e-02
7.696777201000463e-03	3.200193e-02
7.706777201000463e-03	3.199398e-02
7.716777201000462e-03	3.200193e-02
7.726777201000463e-03	3.199398e-02
7.736777201000462e-03	3.200193e-02
7.746777201000463e-03	3.199398e-02
7.756777201000462e-03	3.200193e-02
7.766777201000463e-03	3.199398e-02
7.776777201000462e-03	3.200193e-02
7.786777201000463e-03	3.199398e-02
7.796777201000462e-03	3.200193e-02
7.806777201000463e-03	3.199398e-02
7.816777201000463e-03	3.200193e-02
7.826777201000463e-03	3.199398e-02
7.836777201000462e-03	3.200193e-02
7.846777201000462e-03	3.199398e-02
7.856777201000463e-03	3.200193e-02
7.866777201000463e-03	3.199398e-02
7.876777201000463e-03	3.200193e-02
7.886777201000462e-03	3.199398e-02
7.896777201000462e-03	3.200193e-02
7.906777201000463e-03	3.199398e-02
7.916777201000463e-03	3.200193e-02
7.926777201000462e-03	3.199398e-02
7.936777201000462e-03	3.200193e-02
7.946777201000463e-03	3.199398e-02
7.956777201000463e-03	3.200193e-02
7.966777201000462e-03	3.199398e-02
7.976777201000462e-03	3.200193e-02
7.986777201000463e-03	3.199398e-02
7.996777201000463e-03	3.200193e-02
8.006777201000462e-03	3.199398e-02
8.016777201000462e-03	3.200193e-02
8.026777201000463e-03	3.199398e-02
8.036777201000463e-03	3.200193e-02
8.046777201000463e-03	3.199398e-02
8.056777201000462e-03	3.200193e-02
8.066777201000462e-03	3.199398e-02
8.076777201000463e-03	3.200193e-02
8.086777201000463e-03	3.199398e-02
8.096777201000462e-03	3.200193e-02
8.106777201000462e-03	3.199398e-02
8.116777201000463e-03	3.200193e-02
8.126777201000463e-03	3.199398e-02
8.136777201000462e-03	3.200193e-02
8.146777201000462e-03	3.199398e-02
8.156777201000463e-03	3.200193e-02
8.166777201000463e-03	3.199398e-02
8.176777201000462e-03	3.200193e-02
8.186777201000462e-03	3.199398e-02
8.196777201000462e-03	3.200193e-02
8.206777201000463e-03	3.199398e-02
8.216777201000463e-03	3.200193e-02
8.226777201000462e-03	3.199398e-02
8.236777201000462e-03	3.200193e-02
8.246777201000463e-03	3.199398e-02
8.256777201000463e-03	3.200193e-02
8.266777201000462e-03	3.199398e-02
8.276777201000462e-03	3.200193e-02
8.286777201000463e-03	3.199398e-02
8.296777201000463e-03	3.200193e-02
8.306777201000462e-03	3.199398e-02
8.316777201000462e-03	3.200193e-02
8.326777201000463e-03	3.199398e-02
8.336777201000463e-03	3.200193e-02
8.346777201000462e-03	3.199398e-02
8.356777201000462e-03	3.200193e-02
8.366777201000462e-03	3.199398e-02
8.376777201000463e-03	3.200193e-02
8.386777201000463e-03	3.199398e-02
8.396777201000462e-03	3.200193e-02
8.406777201000462e-03	3.199398e-02
8.416777201000463e-03	3.200193e-02
8.426777201000463e-03	3.199398e-02
8.436777201000462e-03	3.200193e-02
8.446777201000462e-03	3.199398e-02
8.456777201000463e-03	3.200193e-02
8.466777201000463e-03	3.199398e-02
8.476777201000462e-03	3.200193e-02
8.486777201000462e-03	3.199398e-02
8.496777201000463e-03	3.200193e-02
8.506777201000463e-03	3.199398e-02
8.516777201000462e-03	3.200193e-02
8.526777201000462e-03	3.199398e-02
8.536777201000462e-03	3.200193e-02
8.546777201000463e-03	3.199398e-02
8.556777201000463e-03	3.200193e-02
8.566777201000462e-03	3.199398e-02
8.576777201000462e-03	3.200193e-02
8.586777201000463e-03	3.199398e-02
8.596777201000463e-03	3.200193e-02
8.606777201000462e-03	3.199398e-02
8.616777201000462e-03	3.200193e-02
8.626777201000463e-03	3.199398e-02
8.636777201000463e-03	3.200193e-02
8.646777201000462e-03	3.199398e-02
8.656777201000462e-03	3.200193e-02
8.666777201000463e-03	3.199398e-02
8.676777201000463e-03	3.200193e-02
8.686777201000462e-03	3.199398e-02
8.696777201000462e-03	3.200193e-02
8.706777201000462e-03	3.199398e-02
8.716777201000463e-03	3.200193e-02
8.726777201000463e-03	3.199398e-02
8.736777201000462e-03	3.200193e-02
8.746777201000462e-03	3.199398e-02
8.756777201000463e-03	3.200193e-02
8.766777201000463e-03	3.199398e-02
8.776777201000462e-03	3.200193e-02
8.786777201000462e-03	3.199398e-02
8.796777201000463e-03	3.200193e-02
8.806777201000463e-03	3.199398e-02
8.816777201000462e-03	3.200193e-02
8.826777201000462e-03	3.199398e-02
8.836777201000462e-03	3.200193e-02
8.846777201000463e-03	3.199398e-02
8.856777201000463e-03	3.200193e-02
8.866777201000462e-03	3.199398e-02
8.876777201000462e-03	3.200193e-02
8.886777201000463e-03	3.199398e-02
8.896777201000463e-03	3.200193e-02
8.906777201000462e-03	3.199398e-02
8.916777201000462e-03	3.200193e-02
8.926777201000463e-03	3.199398e-02
8.936777201000463e-03	3.200193e-02
8.946777201000462e-03	3.199398e-02
8.956777201000462e-03	3.200193e-02
8.966777201000463e-03	3.199398e-02
8.976777201000463e-03	3.200193e-02
8.986777201000462e-03	3.199398e-02
8.996777201000462e-03	3.200193e-02
9.006777201000462e-03	3.199398e-02
9.016777201000463e-03	3.200193e-02
9.026777201000463e-03	3.199398e-02
9.036777201000462e-03	3.200193e-02
9.046777201000462e-03	3.199398e-02
9.056777201000463e-03	3.200193e-02
9.066777201000463e-03	3.199398e-02
9.076777201000462e-03	3.200193e-02
9.086777201000462e-03	3.199398e-02
9.096777201000463e-03	3.200193e-02
9.106777201000463e-03	3.199398e-02
9.116777201000462e-03	3.200193e-02
9.126777201000462e-03	3.199398e-02
9.136777201000463e-03	3.200193e-02
9.146777201000463e-03	3.199398e-02
9.156777201000462e-03	3.200193e-02
9.166777201000462e-03	3.199398e-02
9.176777201000462e-03	3.200193e-02
9.186777201000463e-03	3.199398e-02
9.196777201000463e-03	3.200193e-02
9.206777201000462e-03	3.199398e-02
9.216777201000462e-03	3.200193e-02
9.226777201000463e-03	3.199398e-02
9.236777201000463e-03	3.200193e-02
9.246777201000462e-03	3.199398e-02
9.256777201000462e-03	3.200193e-02
9.266777201000463e-03	3.199398e-02
9.276777201000463e-03	3.200193e-02
9.286777201000462e-03	3.199398e-02
9.296777201000462e-03	3.200193e-02
9.306777201000463e-03	3.199398e-02
9.316777201000463e-03	3.200193e-02
9.326777201000462e-03	3.199398e-02
9.336777201000462e-03	3.200193e-02
9.346777201000462e-03	3.199398e-02
9.356777201000463e-03	3.200193e-02
9.366777201000463e-03	3.199398e-02
9.376777201000462e-03	3.200193e-02
9.386777201000462e-03	3.199398e-02
9.396777201000463e-03	3.200193e-02
9.406777201000463e-03	3.199398e-02
9.416777201000462e-03	3.200193e-02
9.426777201000462e-03	3.199398e-02
9.436777201000463e-03	3.200193e-02
9.446777201000463e-03	3.199398e-02
9.456777201000462e-03	3.200193e-02
9.466777201000462e-03	3.199398e-02
9.476777201000462e-03	3.200193e-02
9.486777201000463e-03	3.199398e-02
9.496777201000462e-03	3.200193e-02
9.506777201000462e-03	3.199398e-02
9.516777201000462e-03	3.200193e-02
9.526777201000463e-03	3.199398e-02
9.536777201000463e-03	3.200193e-02
9.546777201000462e-03	3.199398e-02
9.556777201000462e-03	3.200193e-02
9.566777201000463e-03	3.199398e-02
9.576777201000463e-03	3.200193e-02
9.586777201000462e-03	3.199398e-02
9.596777201000462e-03	3.200193e-02
9.606777201000463e-03	3.199398e-02
9.616777201000463e-03	3.200193e-02
9.626777201000462e-03	3.199398e-02
9.636777201000462e-03	3.200193e-02
9.646777201000462e-03	3.199398e-02
9.656777201000463e-03	3.200193e-02
9.666777201000462e-03	3.199398e-02
9.676777201000462e-03	3.200193e-02
9.686777201000462e-03	3.199398e-02
9.696777201000463e-03	3.200193e-02
9.706777201000463e-03	3.199398e-02
9.716777201000462e-03	3.200193e-02
9.726777201000462e-03	3.199398e-02
9.736777201000463e-03	3.200193e-02
9.746777201000463e-03	3.199398e-02
9.756777201000462e-03	3.200193e-02
9.766777201000462e-03	3.199398e-02
9.776777201000463e-03	3.200193e-02
9.786777201000463e-03	3.199398e-02
9.796777201000462e-03	3.200193e-02
9.806777201000462e-03	3.199398e-02
9.816777201000462e-03	3.200193e-02
9.826777201000463e-03	3.199398e-02
9.836777201000462e-03	3.200193e-02
9.846777201000462e-03	3.199398e-02
9.856777201000462e-03	3.200193e-02
9.866777201000463e-03	3.199398e-02
9.876777201000463e-03	3.200193e-02
9.886777201000462e-03	3.199398e-02
9.896777201000462e-03	3.200193e-02
9.906777201000463e-03	3.199398e-02
9.916777201000463e-03	3.200193e-02
9.926777201000462e-03	3.199398e-02
9.936777201000462e-03	3.200193e-02
9.946777201000463e-03	3.199398e-02
9.956777201000463e-03	3.200193e-02
9.966777201000462e-03	3.199398e-02
9.976777201000462e-03	3.200193e-02
9.986777201000462e-03	3.199398e-02
9.996777201000463e-03	3.200193e-02
1.000000000000000e-02	3.199398e-02
1.000000000100000e-02	3.199849e-02
1.000000000200000e-02	3.199637e-02
1.000000000642560e-02	3.199921e-02
1.000000001112437e-02	3.199681e-02
1.000000001861569e-02	3.199906e-02
1.000000003359835e-02	3.199687e-02
1.000000006356365e-02	3.199903e-02
1.000000012349427e-02	3.199688e-02
1.000000024335549e-02	3.199903e-02
1.000000048307794e-02	3.199689e-02
1.000000096252284e-02	3.199902e-02
1.000000192141264e-02	3.199688e-02
1.000000383919223e-02	3.199901e-02
1.000000767475142e-02	3.199686e-02
1.000001534586981e-02	3.199895e-02
1.000002541078513e-02	3.199676e-02
1.000004538884382e-02	3.199878e-02
1.000008534496121e-02	3.199646e-02
1.000016525719598e-02	3.199827e-02
1.000032508166552e-02	3.199571e-02
1.000064473060461e-02	3.199959e-02
1.000111411124195e-02	3.200321e-02
1.000173685792290e-02	3.201203e-02
1.000247234308955e-02	3.201555e-02
1.000261956077214e-02	3.201738e-02
1.000291399613731e-02	3.201837e-02
1.000350286686766e-02	3.201862e-02
1.000365008455025e-02	3.201853e-02
1.000394451991542e-02	3.201832e-02
1.000453339064577e-02	3.201786e-02
1.000571113210647e-02	3.201690e-02
1.000806661502786e-02	3.201503e-02
1.001277758087065e-02	3.201195e-02
1.002219951255622e-02	3.200791e-02
1.003219951255622e-02	3.200411e-02
1.004219951255622e-02	3.199716e-02
1.005219951255622e-02	3.197255e-02
1.005344951255622e-02	3.196365e-02
1.005594951255622e-02	3.192494e-02
1.006094951255622e-02	3.151088e-02
1.007094951255622e-02	3.053201e-02
1.008094951255622e-02	2.951400e-02
1.009094951255622e-02	2.848249e-02
1.010000000000000e-02	2.755880e-02
1.010000000100000e-02	2.755882e-02
1.010000001700000e-02	2.755881e-02
1.010000002442142e-02	2.755881e-02
1.010000003174984e-02	2.755881e-02
1.010000004640667e-02	2.755881e-02
1.010000007572034e-02	2.755880e-02
1.010000013434767e-02	2.755879e-02
1.010000025160235e-02	2.755877e-02
1.010000048611170e-02	2.755873e-02
1.010000095513040e-02	2.755865e-02
1.010000189316781e-02	2.755851e-02
1.010000376924262e-02	2.755826e-02
1.010000752139224e-02	2.755777e-02
1.010001502569149e-02	2.755680e-02
1.010003003428998e-02	2.755470e-02
1.010006005148696e-02	2.752680e-02
1.010009753211051e-02	2.754882e-02
1.010013481468419e-02	2.754855e-02
1.010016932898103e-02	2.754846e-02
1.010020244564704e-02	2.754768e-02
1.010024720838618e-02	2.754588e-02
1.010031209853164e-02	2.754114e-02
1.010032396863817e-02	2.754010e-02
1.010034770885123e-02	2.753783e-02
1.010039518927734e-02	2.753309e-02
1.010049015012957e-02	2.752352e-02
1.010068007183403e-02	2.750435e-02
1.010105991524294e-02	2.746600e-02
1.010149963079779e-02	2.742166e-02
1.010205400780350e-02	2.736582e-02
1.010276888874557e-02	2.729395e-02
1.010395386368687e-02	2.717513e-02
1.010624025612048e-02	2.694704e-02
1.011081304098769e-02	2.649564e-02
1.011995861072211e-02	2.561273e-02
1.012995861072211e-02	2.467755e-02
1.013995861072211e-02	2.377160e-02
1.014995861072211e-02	2.288868e-02
1.015995861072211e-02	2.200957e-02
1.016995861072211e-02	2.089719e-02
1.017995861072211e-02	1.810198e-02
1.018995861072211e-02	1.559248e-02
1.019995861072211e-02	1.434430e-02
1.020995861072211e-02	1.426809e-02
1.021995861072211e-02	1.388380e-02
1.022995861072211e-02	1.350967e-02
1.023995861072211e-02	1.317135e-02
1.024995861072211e-02	1.291124e-02
1.025995861072211e-02	1.282362e-02
1.026995861072211e-02	1.308082e-02
1.027995861072211e-02	1.401127e-02
1.028995861072211e-02	1.618513e-02
1.029995861072211e-02	2.334142e-02
1.030995861072211e-02	3.668746e-02
1.031995861072211e-02	5.354444e-02
1.032995861072211e-02	7.273751e-02
1.033995861072211e-02	9.276076e-02
1.034995861072211e-02	1.106669e-01
1.035995861072211e-02	1.147845e-01
1.036995861072211e-02	1.107882e-01
1.037995861072211e-02	1.049967e-01
1.038995861072211e-02	8.350215e-02
1.039995861072211e-02	4.842763e-02
1.040995861072211e-02	2.252267e-02
1.041995861072211e-02	6.489427e-03
1.042995861072211e-02	-3.578790e-06
1.043995861072211e-02	2.779665e-05
1.044995861072211e-02	-5.991715e-06
1.045995861072211e-02	2.717643e-05
1.046995861072211e-02	-6.277767e-06
1.047995861072211e-02	2.682443e-05
1.048995861072211e-02	-6.606264e-06
1.049995861072211e-02	2.648627e-05
1.050995861072211e-02	-6.918414e-06
1.051995861072211e-02	2.616617e-05
1.052995861072211e-02	-7.213822e-06
1.053995861072211e-02	2.586298e-05
1.054995861072211e-02	-7.493374e-06
1.055995861072211e-02	2.557580e-05
1.056995861072211e-02	-7.759888e-06
1.057995861072211e-02	2.529471e-05
1.058995861072211e-02	-8.027847e-06
1.059995861072211e-02	2.501374e-05
1.060995861072211e-02	-8.291582e-06
1.061995861072211e-02	2.474080e-05
1.062995861072211e-02	-8.545366e-06
1.063995861072211e-02	2.447981e-05
1.064995861072211e-02	-8.786572e-06
1.065995861072211e-02	2.423243e-05
1.066995861072211e-02	-9.017228e-06
1.067995861072211e-02	2.398815e-05
1.068995861072211e-02	-9.250040e-06
1.069995861072211e-02	2.374471e-05
1.070995861072211e-02	-9.477687e-06
1.071995861072211e-02	2.351015e-05
1.072995861072211e-02	-9.694611e-06
1.073995861072211e-02	2.328818e-05
1.074995861072211e-02	-9.898348e-06
1.075995861072211e-02	2.308028e-05
1.076995861072211e-02	-1.008802e-05
1.077995861072211e-02	2.288680e-05
1.078995861072211e-02	-1.026361e-05
1.079995861072211e-02	2.270746e-05
1.080995861072211e-02	-1.042555e-05
1.081995861072211e-02	2.254162e-05
1.082995861072211e-02	-1.057456e-05
1.083995861072211e-02	2.238849e-05
1.084995861072211e-02	-1.071147e-05
1.085995861072211e-02	2.224718e-05
1.086995861072211e-02	-1.083715e-05
1.087995861072211e-02	2.211680e-05
1.088995861072211e-02	-1.095250e-05
1.089995861072211e-02	2.199644e-05
1.090995861072211e-02	-1.105837e-05
1.091995861072211e-02	2.188527e-05
1.092995861072211e-02	-1.115556e-05
1.093995861072211e-02	2.178251e-05
1.094995861072211e-02	-1.124483e-05
1.095995861072211e-02	2.168740e-05
1.096995861072211e-02	-1.132688e-05
1.097995861072211e-02	2.159927e-05
1.098995861072211e-02	-1.140236e-05
1.099995861072211e-02	2.151751e-05
1.100000000100000e-02	-1.097868e-05
1.100000000200000e-02	-1.327264e-05
1.100000001800000e-02	-1.017868e-05
1.100000005000000e-02	-8.052121e-06
1.100000011400000e-02	-2.601882e-06
1.100000024200000e-02	8.373801e-07
1.100000049800000e-02	4.832863e-06
1.100000101000000e-02	4.560636e-06
1.100000203400000e-02	5.466629e-06
1.100000408200000e-02	4.480733e-06
1.100000817800000e-02	5.507007e-06
1.100001637000000e-02	4.513338e-06
1.100003275400001e-02	5.546104e-06
1.100006552200002e-02	4.530321e-06
1.100013105800003e-02	5.548811e-06
1.100026213000006e-02	4.528939e-06
1.100052427400013e-02	5.547616e-06
1.100104856200025e-02	4.525914e-06
1.100209713800050e-02	5.541876e-06
1.100419429000100e-02	4.514349e-06
1.100838859400201e-02	5.519048e-06
1.101677720200402e-02	4.469565e-06
1.102677720200402e-02	5.455364e-06
1.103677720200402e-02	4.402675e-06
1.104677720200402e-02	5.390965e-06
1.105677720200402e-02	4.340641e-06
1.106677720200402e-02	5.331204e-06
1.107677720200402e-02	4.283037e-06
1.108677720200402e-02	5.275677e-06
1.109677720200402e-02	4.229480e-06
1.110677720200402e-02	5.224019e-06
1.111677720200402e-02	4.179624e-06
1.112677720200402e-02	5.175901e-06
1.113677720200402e-02	4.133155e-06
1.114677720200402e-02	5.131025e-06
1.115677720200402e-02	4.089790e-06
1.116677720200402e-02	5.089123e-06
1.117677720200402e-02	4.049275e-06
1.118677720200402e-02	5.049952e-06
1.119677720200402e-02	4.011377e-06
1.120677720200402e-02	5.013291e-06
1.121677720200402e-02	3.975889e-06
1.122677720200402e-02	4.978944e-06
1.123677720200402e-02	3.942622e-06
1.124677720200402e-02	4.946728e-06
1.125677720200402e-02	3.911404e-06
1.126677720200402e-02	4.916483e-06
1.127677720200402e-02	3.882079e-06
1.128677720200402e-02	4.888058e-06
1.129677720200402e-02	3.854506e-06
1.130677720200402e-02	4.861319e-06
1.131677720200402e-02	3.828556e-06
1.132677720200402e-02	4.836144e-06
1.133677720200402e-02	3.804113e-06
1.134677720200402e-02	4.812421e-06
1.135677720200402e-02	3.781069e-06
1.136677720200402e-02	4.790047e-06
1.137677720200402e-02	3.759327e-06
1.138677720200402e-02	4.768929e-06
1.139677720200402e-02	3.738798e-06
1.140677720200402e-02	4.748981e-06
1.141677720200402e-02	3.719399e-06
1.142677720200402e-02	4.730126e-06
1.143677720200402e-02	3.701055e-06
1.144677720200402e-02	4.712291e-06
1.145677720200402e-02	3.683698e-06
1.146677720200402e-02	4.695410e-06
1.147677720200402e-02	3.667264e-06
1.148677720200402e-02	4.679423e-06
1.149677720200402e-02	3.651694e-06
1.150677720200402e-02	4.664272e-06
1.151677720200402e-02	3.636936e-06
1.152677720200402e-02	4.649906e-06
1.153677720200402e-02	3.622938e-06
1.154677720200402e-02	4.636278e-06
1.155677720200402e-02	3.609654e-06
1.156677720200402e-02	4.623343e-06
1.157677720200402e-02	3.597043e-06
1.158677720200402e-02	4.611060e-06
1.159677720200402e-02	3.585065e-06
1.160677720200402e-02	4.599392e-06
1.161677720200402e-02	3.573683e-06
1.162677720200402e-02	4.588302e-06
1.163677720200402e-02	3.562864e-06
1.164677720200402e-02	4.577759e-06
1.165677720200402e-02	3.552576e-06
1.166677720200402e-02	4.567732e-06
1.167677720200402e-02	3.542790e-06
1.168677720200402e-02	4.558194e-06
1.169677720200402e-02	3.533479e-06
1.170677720200402e-02	4.549118e-06
1.171677720200402e-02	3.524619e-06
1.172677720200402e-02	4.540481e-06
1.173677720200402e-02	3.516186e-06
1.174677720200402e-02	4.532260e-06
1.175677720200402e-02	3.508159e-06
1.176677720200402e-02	4.524435e-06
1.177677720200402e-02	3.500518e-06
1.178677720200402e-02	4.516987e-06
1.179677720200402e-02	3.493246e-06
1.180677720200402e-02	4.509900e-06
1.181677720200402e-02	3.486326e-06
1.182677720200402e-02	4.503157e-06
1.183677720200402e-02	3.479744e-06
1.184677720200402e-02	4.496746e-06
1.185677720200402e-02	3.473486e-06
1.186677720200402e-02	4.490653e-06
1.187677720200402e-02	3.467542e-06
1.188677720200402e-02	4.484868e-06
1.189677720200402e-02	3.461902e-06
1.190677720200402e-02	4.479383e-06
1.191677720200402e-02	3.456556e-06
1.192677720200402e-02	4.474189e-06
1.193677720200402e-02	3.451499e-06
1.194677720200402e-02	4.469281e-06
1.195677720200402e-02	3.446726e-06
1.196677720200402e-02	4.464654e-06
1.197677720200402e-02	3.442232e-06
1.198677720200402e-02	4.460305e-06
1.199677720200402e-02	3.438013e-06
1.200677720200402e-02	4.456229e-06
1.201677720200402e-02	3.434067e-06
1.202677720200402e-02	4.452423e-06
1.203677720200402e-02	3.430386e-06
1.204677720200402e-02	4.448877e-06
1.205677720200402e-02	3.426958e-06
1.206677720200402e-02	4.445575e-06
1.207677720200402e-02	3.423763e-06
1.208677720200402e-02	4.442490e-06
1.209677720200402e-02	3.420765e-06
1.210677720200402e-02	4.439579e-06
1.211677720200402e-02	3.417915e-06
1.212677720200402e-02	4.436787e-06
1.213677720200402e-02	3.415149e-06
1.214677720200402e-02	4.434043e-06
1.215677720200402e-02	3.412399e-06
1.216677720200402e-02	4.431283e-06
1.217677720200402e-02	3.409604e-06
1.218677720200402e-02	4.428456e-06
1.219677720200402e-02	3.406725e-06
1.220677720200402e-02	4.425535e-06
1.221677720200402e-02	3.403750e-06
1.222677720200402e-02	4.422522e-06
1.223677720200402e-02	3.400693e-06
1.224677720200402e-02	4.419440e-06
1.225677720200402e-02	3.397582e-06
1.226677720200402e-02	4.416320e-06
1.227677720200402e-02	3.394450e-06
1.228677720200402e-02	4.413197e-06
1.229677720200402e-02	3.391329e-06
1.230677720200402e-02	4.410097e-06
1.231677720200402e-02	3.388245e-06
1.232677720200402e-02	4.407045e-06
1.233677720200402e-02	3.385216e-06
1.234677720200402e-02	4.404055e-06
1.235677720200402e-02	3.382257e-06
1.236677720200402e-02	4.401140e-06
1.237677720200402e-02	3.379376e-06
1.238677720200402e-02	4.398306e-06
1.239677720200402e-02	3.376578e-06
1.240677720200402e-02	4.395557e-06
1.241677720200402e-02	3.373865e-06
1.242677720200402e-02	4.392893e-06
1.243677720200402e-02	3.371239e-06
1.244677720200402e-02	4.390315e-06
1.245677720200402e-02	3.368697e-06
1.246677720200402e-02	4.387822e-06
1.247677720200402e-02	3.366240e-06
1.248677720200402e-02	4.385412e-06
1.249677720200402e-02	3.363865e-06
1.250677720200402e-02	4.383082e-06
1.251677720200402e-02	3.361569e-06
1.252677720200402e-02	4.380832e-06
1.253677720200402e-02	3.359350e-06
1.254677720200402e-02	4.378656e-06
1.255677720200402e-02	3.357206e-06
1.256677720200402e-02	4.376554e-06
1.257677720200402e-02	3.355134e-06
1.258677720200402e-02	4.374524e-06
1.259677720200402e-02	3.353131e-06
1.260677720200402e-02	4.372560e-06
1.261677720200402e-02	3.351195e-06
1.262677720200402e-02	4.370663e-06
1.263677720200402e-02	3.349324e-06
1.264677720200402e-02	4.368828e-06
1.265677720200402e-02	3.347514e-06
1.266677720200402e-02	4.367055e-06
1.267677720200402e-02	3.345765e-06
1.268677720200402e-02	4.365340e-06
1.269677720200402e-02	3.344072e-06
1.270677720200402e-02	4.363681e-06
1.271677720200402e-02	3.342436e-06
1.272677720200402e-02	4.362078e-06
1.273677720200402e-02	3.340852e-06
1.274677720200402e-02	4.360526e-06
1.275677720200402e-02	3.339320e-06
1.276677720200402e-02	4.359024e-06
1.277677720200402e-02	3.337837e-06
1.278677720200402e-02	4.357571e-06
1.279677720200402e-02	3.336402e-06
1.280677720200402e-02	4.356165e-06
1.281677720200402e-02	3.335012e-06
1.282677720200402e-02	4.354804e-06
1.283677720200402e-02	3.333668e-06
1.284677720200402e-02	4.353486e-06
1.285677720200402e-02	3.332365e-06
1.286677720200402e-02	4.352211e-06
1.287677720200402e-02	3.331104e-06
1.288677720200402e-02	4.350976e-06
1.289677720200402e-02	3.329883e-06
1.290677720200402e-02	4.349779e-06
1.291677720200402e-02	3.328700e-06
1.292677720200402e-02	4.348621e-06
1.293677720200402e-02	3.327554e-06
1.294677720200402e-02	4.347499e-06
1.295677720200402e-02	3.326443e-06
1.296677720200402e-02	4.346412e-06
1.297677720200402e-02	3.325368e-06
1.298677720200402e-02	4.345358e-06
1.299677720200402e-02	3.324325e-06
1.300677720200402e-02	4.344337e-06
1.301677720200402e-02	3.323314e-06
1.302677720200402e-02	4.343348e-06
1.303677720200402e-02	3.322335e-06
1.304677720200402e-02	4.342390e-06
1.305677720200402e-02	3.321385e-06
1.306677720200402e-02	4.341461e-06
1.307677720200402e-02	3.320465e-06
1.308677720200402e-02	4.340560e-06
1.309677720200402e-02	3.319572e-06
1.310677720200402e-02	4.339687e-06
1.311677720200402e-02	3.318707e-06
1.312677720200402e-02	4.338840e-06
1.313677720200402e-02	3.317868e-06
1.314677720200402e-02	4.338020e-06
1.315677720200402e-02	3.317053e-06
1.316677720200402e-02	4.337223e-06
1.317677720200402e-02	3.316264e-06
1.318677720200402e-02	4.336452e-06
1.319677720200402e-02	3.315498e-06
1.320677720200402e-02	4.335703e-06
1.321677720200402e-02	3.314755e-06
1.322677720200402e-02	4.334977e-06
1.323677720200402e-02	3.314034e-06
1.324677720200402e-02	4.334272e-06
1.325677720200402e-02	3.313335e-06
1.326677720200402e-02	4.333589e-06
1.327677720200402e-02	3.312656e-06
1.328677720200402e-02	4.332926e-06
1.329677720200402e-02	3.311997e-06
1.330677720200402e-02	4.332283e-06
1.331677720200402e-02	3.311359e-06
1.332677720200402e-02	4.331660e-06
1.333677720200402e-02	3.310738e-06
1.334677720200402e-02	4.331054e-06
1.335677720200402e-02	3.310136e-06
1.336677720200402e-02	4.330466e-06
1.337677720200402e-02	3.309552e-06
1.338677720200402e-02	4.329896e-06
1.339677720200402e-02	3.308984e-06
1.340677720200402e-02	4.329343e-06
1.341677720200402e-02	3.308434e-06
1.342677720200402e-02	4.328806e-06
1.343677720200402e-02	3.307899e-06
1.344677720200402e-02	4.328285e-06
1.345677720200402e-02	3.307380e-06
1.346677720200402e-02	4.327779e-06
1.347677720200402e-02	3.306876e-06
1.348677720200402e-02	4.327288e-06
1.349677720200402e-02	3.306386e-06
1.350677720200402e-02	4.326811e-06
1.351677720200402e-02	3.305911e-06
1.352677720200402e-02	4.326349e-06
1.353677720200402e-02	3.305449e-06
1.354677720200402e-02	4.325899e-06
1.355677720200401e-02	3.305001e-06
1.356677720200402e-02	4.325463e-06
1.357677720200402e-02	3.304566e-06
1.358677720200402e-02	4.325039e-06
1.359677720200402e-02	3.304143e-06
1.360677720200402e-02	4.324628e-06
1.361677720200402e-02	3.303732e-06
1.362677720200402e-02	4.324229e-06
1.363677720200402e-02	3.303333e-06
1.364677720200402e-02	4.323841e-06
1.365677720200402e-02	3.302945e-06
1.366677720200402e-02	4.323465e-06
1.367677720200402e-02	3.302569e-06
1.368677720200402e-02	4.323099e-06
1.369677720200402e-02	3.302203e-06
1.370677720200402e-02	4.322745e-06
1.371677720200402e-02	3.301848e-06
1.372677720200401e-02	4.322400e-06
1.373677720200402e-02	3.301502e-06
1.374677720200402e-02	4.322065e-06
1.375677720200402e-02	3.301167e-06
1.376677720200402e-02	4.321740e-06
1.377677720200402e-02	3.300841e-06
1.378677720200402e-02	4.321424e-06
1.379677720200402e-02	3.300524e-06
1.380677720200402e-02	4.321117e-06
1.381677720200402e-02	3.300216e-06
1.382677720200402e-02	4.320819e-06
1.383677720200402e-02	3.299917e-06
1.384677720200402e-02	4.320530e-06
1.385677720200402e-02	3.299626e-06
1.386677720200402e-02	4.320249e-06
1.387677720200402e-02	3.299344e-06
1.388677720200402e-02	4.319976e-06
1.389677720200401e-02	3.299069e-06
1.390677720200402e-02	4.319711e-06
1.391677720200402e-02	3.298802e-06
1.392677720200402e-02	4.319453e-06
1.393677720200402e-02	3.298543e-06
1.394677720200402e-02	4.319203e-06
1.395677720200402e-02	3.298291e-06
1.396677720200402e-02	4.318960e-06
1.397677720200402e-02	3.298046e-06
1.398677720200402e-02	4.318724e-06
1.399677720200402e-02	3.297808e-06
1.400677720200402e-02	4.318495e-06
1.401677720200402e-02	3.297576e-06
1.402677720200402e-02	4.318272e-06
1.403677720200402e-02	3.297351e-06
1.404677720200402e-02	4.318056e-06
1.405677720200402e-02	3.297132e-06
1.406677720200402e-02	4.317845e-06
1.407677720200402e-02	3.296919e-06
1.408677720200402e-02	4.317641e-06
1.409677720200402e-02	3.296713e-06
1.410677720200402e-02	4.317443e-06
1.411677720200402e-02	3.296512e-06
1.412677720200402e-02	4.317250e-06
1.413677720200402e-02	3.296316e-06
1.414677720200402e-02	4.317063e-06
1.415677720200402e-02	3.296126e-06
1.416677720200402e-02	4.316881e-06
1.417677720200402e-02	3.295941e-06
1.418677720200402e-02	4.316704e-06
1.419677720200401e-02	3.295761e-06
1.420677720200402e-02	4.316532e-06
1.421677720200402e-02	3.295587e-06
1.422677720200402e-02	4.316365e-06
1.423677720200402e-02	3.295417e-06
1.424677720200402e-02	4.316204e-06
1.425677720200402e-02	3.295252e-06
1.426677720200402e-02	4.316046e-06
1.427677720200402e-02	3.295091e-06
1.428677720200402e-02	4.315893e-06
1.429677720200402e-02	3.294935e-06
1.430677720200402e-02	4.315745e-06
1.431677720200402e-02	3.294783e-06
1.432677720200402e-02	4.315600e-06
1.433677720200402e-02	3.294635e-06
1.434677720200402e-02	4.315460e-06
1.435677720200402e-02	3.294491e-06
1.436677720200401e-02	4.315324e-06
1.437677720200402e-02	3.294352e-06
1.438677720200402e-02	4.315191e-06
1.439677720200402e-02	3.294216e-06
1.440677720200402e-02	4.315063e-06
1.441677720200402e-02	3.294084e-06
1.442677720200402e-02	4.314938e-06
1.443677720200402e-02	3.293955e-06
1.444677720200402e-02	4.314817e-06
1.445677720200402e-02	3.293830e-06
1.446677720200402e-02	4.314699e-06
1.447677720200402e-02	3.293708e-06
1.448677720200402e-02	4.314584e-06
1.449677720200402e-02	3.293590e-06
1.450677720200402e-02	4.314473e-06
1.451677720200402e-02	3.293475e-06
1.452677720200402e-02	4.314365e-06
1.453677720200401e-02	3.293363e-06
1.454677720200402e-02	4.314260e-06
1.455677720200402e-02	3.293254e-06
1.456677720200402e-02	4.314158e-06
1.457677720200402e-02	3.293148e-06
1.458677720200402e-02	4.314059e-06
1.459677720200402e-02	3.293045e-06
1.460677720200402e-02	4.313963e-06
1.461677720200402e-02	3.292945e-06
1.462677720200402e-02	4.313869e-06
1.463677720200402e-02	3.292847e-06
1.464677720200402e-02	4.313778e-06
1.465677720200402e-02	3.292752e-06
1.466677720200402e-02	4.313690e-06
1.467677720200402e-02	3.292660e-06
1.468677720200402e-02	4.313604e-06
1.469677720200402e-02	3.292570e-06
1.470677720200401e-02	4.313521e-06
1.471677720200402e-02	3.292482e-06
1.472677720200402e-02	4.313440e-06
1.473677720200402e-02	3.292397e-06
1.474677720200402e-02	4.313361e-06
1.475677720200402e-02	3.292315e-06
1.476677720200402e-02	4.313285e-06
1.477677720200402e-02	3.292234e-06
1.478677720200402e-02	4.313211e-06
1.479677720200402e-02	3.292156e-06
1.480677720200402e-02	4.313139e-06
1.481677720200402e-02	3.292079e-06
1.482677720200402e-02	4.313069e-06
1.483677720200401e-02	3.292005e-06
1.484677720200402e-02	4.313002e-06
1.485677720200402e-02	3.291933e-06
1.486677720200402e-02	4.312936e-06
1.487677720200401e-02	3.291863e-06
1.488677720200402e-02	4.312872e-06
1.489677720200402e-02	3.291794e-06
1.490677720200402e-02	4.312809e-06
1.491677720200402e-02	3.291728e-06
1.492677720200402e-02	4.312749e-06
1.493677720200402e-02	3.291663e-06
1.494677720200402e-02	4.312691e-06
1.495677720200402e-02	3.291600e-06
1.496677720200402e-02	4.312633e-06
1.497677720200402e-02	3.291538e-06
1.498677720200402e-02	4.312578e-06
1.499677720200402e-02	3.291478e-06
1.500677720200401e-02	4.312525e-06
1.501677720200402e-02	3.291420e-06
1.502677720200402e-02	4.312472e-06
1.503677720200402e-02	3.291364e-06
1.504677720200401e-02	4.312422e-06
1.505677720200402e-02	3.291308e-06
1.506677720200402e-02	4.312373e-06
1.507677720200402e-02	3.291255e-06
1.508677720200402e-02	4.312325e-06
1.509677720200402e-02	3.291202e-06
1.510677720200402e-02	4.312279e-06
1.511677720200402e-02	3.291151e-06
1.512677720200402e-02	4.312234e-06
1.513677720200402e-02	3.291102e-06
1.514677720200402e-02	4.312190e-06
1.515677720200402e-02	3.291054e-06
1.516677720200402e-02	4.312148e-06
1.517677720200401e-02	3.291007e-06
1.518677720200402e-02	4.312107e-06
1.519677720200402e-02	3.290961e-06
1.520677720200402e-02	4.312067e-06
1.521677720200401e-02	3.290916e-06
1.522677720200402e-02	4.312029e-06
1.523677720200402e-02	3.290873e-06
1.524677720200402e-02	4.311991e-06
1.525677720200402e-02	3.290830e-06
1.526677720200402e-02	4.311954e-06
1.527677720200402e-02	3.290789e-06
1.528677720200402e-02	4.311919e-06
1.529677720200402e-02	3.290749e-06
1.530677720200402e-02	4.311885e-06
1.531677720200402e-02	3.290710e-06
1.532677720200402e-02	4.311852e-06
1.533677720200402e-02	3.290672e-06
1.534677720200401e-02	4.311819e-06
1.535677720200402e-02	3.290635e-06
1.536677720200402e-02	4.311788e-06
1.537677720200402e-02	3.290599e-06
1.538677720200401e-02	4.311757e-06
1.539677720200402e-02	3.290564e-06
1.540677720200402e-02	4.311728e-06
1.541677720200402e-02	3.290529e-06
1.542677720200402e-02	4.311700e-06
1.543677720200402e-02	3.290496e-06
1.544677720200402e-02	4.311672e-06
1.545677720200402e-02	3.290463e-06
1.546677720200402e-02	4.311645e-06
1.547677720200401e-02	3.290432e-06
1.548677720200402e-02	4.311619e-06
1.549677720200402e-02	3.290401e-06
1.550677720200402e-02	4.311594e-06
1.551677720200401e-02	3.290370e-06
1.552677720200402e-02	4.311569e-06
1.553677720200402e-02	3.290341e-06
1.554677720200402e-02	4.311546e-06
1.555677720200402e-02	3.290312e-06
1.556677720200402e-02	4.311522e-06
1.557677720200402e-02	3.290284e-06
1.558677720200402e-02	4.311500e-06
1.559677720200402e-02	3.290257e-06
1.560677720200402e-02	4.311479e-06
1.561677720200402e-02	3.290231e-06
1.562677720200402e-02	4.311457e-06
1.563677720200402e-02	3.290205e-06
1.564677720200401e-02	4.311437e-06
1.565677720200401e-02	3.290180e-06
1.566677720200401e-02	4.311418e-06
1.567677720200402e-02	3.290155e-06
1.568677720200402e-02	4.311399e-06
1.569677720200402e-02	3.290131e-06
1.570677720200402e-02	4.311380e-06
1.571677720200402e-02	3.290108e-06
1.572677720200402e-02	4.311362e-06
1.573677720200401e-02	3.290085e-06
1.574677720200401e-02	4.311345e-06
1.575677720200402e-02	3.290063e-06
1.576677720200402e-02	4.311328e-06
1.577677720200402e-02	3.290041e-06
1.578677720200402e-02	4.311312e-06
1.579677720200402e-02	3.290020e-06
1.580677720200402e-02	4.311296e-06
1.581677720200401e-02	3.289999e-06
1.582677720200401e-02	4.311281e-06
1.583677720200401e-02	3.289979e-06
1.584677720200402e-02	4.311266e-06
1.585677720200402e-02	3.289959e-06
1.586677720200402e-02	4.311252e-06
1.587677720200402e-02	3.289940e-06
1.588677720200402e-02	4.311238e-06
1.589677720200402e-02	3.289921e-06
1.590677720200401e-02	4.311225e-06
1.591677720200401e-02	3.289903e-06
1.592677720200402e-02	4.311212e-06
1.593677720200402e-02	3.289885e-06
1.594677720200402e-02	4.311200e-06
1.595677720200402e-02	3.289867e-06
1.596677720200402e-02	4.311188e-06
1.597677720200402e-02	3.289850e-06
1.598677720200401e-02	4.311176e-06
1.599677720200401e-02	3.289834e-06
1.600677720200401e-02	4.311165e-06
1.601677720200402e-02	3.289817e-06
1.602677720200402e-02	4.311154e-06
1.603677720200402e-02	3.289802e-06
1.604677720200402e-02	4.311144e-06
1.605677720200402e-02	3.289786e-06
1.606677720200402e-02	4.311134e-06
1.607677720200401e-02	3.289771e-06
1.608677720200401e-02	4.311124e-06
1.609677720200402e-02	3.289756e-06
1.610677720200402e-02	4.311114e-06
1.611677720200402e-02	3.289742e-06
1.612677720200402e-02	4.311105e-06
1.613677720200402e-02	3.289728e-06
1.614677720200402e-02	4.311096e-06
1.615677720200401e-02	3.289714e-06
1.616677720200401e-02	4.311088e-06
1.617677720200401e-02	3.289700e-06
1.618677720200402e-02	4.311080e-06
1.619677720200402e-02	3.289687e-06
1.620677720200402e-02	4.311072e-06
1.621677720200402e-02	3.289674e-06
1.622677720200402e-02	4.311064e-06
1.623677720200402e-02	3.289662e-06
1.624677720200401e-02	4.311057e-06
1.625677720200401e-02	3.289649e-06
1.626677720200402e-02	4.311050e-06
1.627677720200402e-02	3.289637e-06
1.628677720200402e-02	4.311043e-06
1.629677720200402e-02	3.289626e-06
1.630677720200402e-02	4.311037e-06
1.631677720200402e-02	3.289614e-06
1.632677720200401e-02	4.311030e-06
1.633677720200401e-02	3.289603e-06
1.634677720200401e-02	4.311024e-06
1.635677720200402e-02	3.289591e-06
1.636677720200402e-02	4.311019e-06
1.637677720200402e-02	3.289581e-06
1.638677720200402e-02	4.311013e-06
1.639677720200402e-02	3.289570e-06
1.640677720200402e-02	4.311008e-06
1.641677720200401e-02	3.289560e-06
1.642677720200401e-02	4.311003e-06
1.643677720200401e-02	3.289550e-06
1.644677720200402e-02	4.310998e-06
1.645677720200402e-02	3.289540e-06
1.646677720200402e-02	4.310993e-06
1.647677720200402e-02	3.289530e-06
1.648677720200402e-02	4.310989e-06
1.649677720200401e-02	3.289520e-06
1.650677720200401e-02	4.310984e-06
1.651677720200401e-02	3.289511e-06
1.652677720200402e-02	4.310980e-06
1.653677720200402e-02	3.289502e-06
1.654677720200402e-02	4.310976e-06
1.655677720200402e-02	3.289493e-06
1.656677720200402e-02	4.310973e-06
1.657677720200402e-02	3.289484e-06
1.658677720200401e-02	4.310969e-06
1.659677720200401e-02	3.289475e-06
1.660677720200401e-02	4.310966e-06
1.661677720200402e-02	3.289467e-06
1.662677720200402e-02	4.310963e-06
1.663677720200402e-02	3.289459e-06
1.664677720200402e-02	4.310959e-06
1.665677720200402e-02	3.289451e-06
1.666677720200401e-02	4.310957e-06
1.667677720200401e-02	3.289443e-06
1.668677720200401e-02	4.310954e-06
1.669677720200402e-02	3.289435e-06
1.670677720200402e-02	4.310951e-06
1.671677720200402e-02	3.289427e-06
1.672677720200402e-02	4.310948e-06
1.673677720200402e-02	3.289420e-06
1.674677720200402e-02	4.310946e-06
1.675677720200401e-02	3.289412e-06
1.676677720200401e-02	4.310944e-06
1.677677720200401e-02	3.289405e-06
1.678677720200402e-02	4.310942e-06
1.679677720200402e-02	3.289398e-06
1.680677720200402e-02	4.310940e-06
1.681677720200402e-02	3.289391e-06
1.682677720200402e-02	4.310938e-06
1.683677720200401e-02	3.289384e-06
1.684677720200401e-02	4.310937e-06
1.685677720200401e-02	3.289377e-06
1.686677720200402e-02	4.310935e-06
1.687677720200402e-02	3.289371e-06
1.688677720200402e-02	4.310933e-06
1.689677720200402e-02	3.289364e-06
1.690677720200402e-02	4.310932e-06
1.691677720200402e-02	3.289358e-06
1.692677720200401e-02	4.310931e-06
1.693677720200401e-02	3.289351e-06
1.694677720200401e-02	4.310930e-06
1.695677720200402e-02	3.289345e-06
1.696677720200402e-02	4.310928e-06
1.697677720200402e-02	3.289339e-06
1.698677720200402e-02	4.310928e-06
1.699677720200402e-02	3.289333e-06
1.700677720200401e-02	4.310927e-06
1.701677720200401e-02	3.289327e-06
1.702677720200401e-02	4.310926e-06
1.703677720200402e-02	3.289321e-06
1.704677720200402e-02	4.310925e-06
1.705677720200402e-02	3.289316e-06
1.706677720200402e-02	4.310925e-06
1.707677720200402e-02	3.289310e-06
1.708677720200402e-02	4.310924e-06
1.709677720200401e-02	3.289304e-06
1.710677720200401e-02	4.310924e-06
1.711677720200401e-02	3.289299e-06
1.712677720200402e-02	4.310923e-06
1.713677720200402e-02	3.289294e-06
1.714677720200402e-02	4.310923e-06
1.715677720200402e-02	3.289288e-06
1.716677720200402e-02	4.310923e-06
1.717677720200401e-02	3.289283e-06
1.718677720200401e-02	4.310923e-06
1.719677720200401e-02	3.289278e-06
1.720677720200402e-02	4.310923e-06
1.721677720200402e-02	3.289273e-06
1.722677720200402e-02	4.310923e-06
1.723677720200402e-02	3.289268e-06
1.724677720200402e-02	4.310923e-06
1.725677720200402e-02	3.289263e-06
1.726677720200401e-02	4.310923e-06
1.727677720200401e-02	3.289258e-06
1.728677720200401e-02	4.310923e-06
1.729677720200402e-02	3.289253e-06
1.730677720200402e-02	4.310924e-06
1.731677720200402e-02	3.289249e-06
1.732677720200402e-02	4.310924e-06
1.733677720200402e-02	3.289244e-06
1.734677720200401e-02	4.310924e-06
1.735677720200401e-02	3.289239e-06
1.736677720200401e-02	4.310925e-06
1.737677720200402e-02	3.289235e-06
1.738677720200402e-02	4.310926e-06
1.739677720200402e-02	3.289230e-06
1.740677720200402e-02	4.310926e-06
1.741677720200402e-02	3.289226e-06
1.742677720200402e-02	4.310927e-06
1.743677720200401e-02	3.289221e-06
1.744677720200401e-02	4.310928e-06
1.745677720200401e-02	3.289217e-06
1.746677720200402e-02	4.310928e-06
1.747677720200402e-02	3.289213e-06
1.748677720200402e-02	4.310929e-06
1.749677720200402e-02	3.289209e-06
1.750677720200402e-02	4.310930e-06
1.751677720200401e-02	3.289204e-06
1.752677720200401e-02	4.310931e-06
1.753677720200401e-02	3.289200e-06
1.754677720200402e-02	4.310932e-06
1.755677720200402e-02	3.289196e-06
1.756677720200402e-02	4.310933e-06
1.757677720200402e-02	3.289192e-06
1.758677720200402e-02	4.310933e-06
1.759677720200402e-02	3.289188e-06
1.760677720200401e-02	4.310935e-06
1.761677720200401e-02	3.289184e-06
1.762677720200401e-02	4.310936e-06
1.763677720200402e-02	3.289180e-06
1.764677720200402e-02	4.310937e-06
1.765677720200402e-02	3.289176e-06
1.766677720200402e-02	4.310938e-06
1.767677720200402e-02	3.289172e-06
1.768677720200401e-02	4.310939e-06
1.769677720200401e-02	3.289168e-06
1.770677720200401e-02	4.310940e-06
1.771677720200401e-02	3.289165e-06
1.772677720200402e-02	4.310942e-06
1.773677720200402e-02	3.289161e-06
1.774677720200402e-02	4.310943e-06
1.775677720200402e-02	3.289157e-06
1.776677720200402e-02	4.310944e-06
1.777677720200401e-02	3.289154e-06
1.778677720200401e-02	4.310946e-06
1.779677720200401e-02	3.289150e-06
1.780677720200402e-02	4.310947e-06
1.781677720200402e-02	3.289146e-06
1.782677720200402e-02	4.310948e-06
1.783677720200402e-02	3.289143e-06
1.784677720200402e-02	4.310950e-06
1.785677720200401e-02	3.289139e-06
1.786677720200401e-02	4.310952e-06
1.787677720200401e-02	3.289136e-06
1.788677720200401e-02	4.310953e-06
1.789677720200402e-02	3.289132e-06
1.790677720200402e-02	4.310955e-06
1.791677720200402e-02	3.289129e-06
1.792677720200402e-02	4.310956e-06
1.793677720200402e-02	3.289125e-06
1.794677720200401e-02	4.310958e-06
1.795677720200401e-02	3.289122e-06
1.796677720200401e-02	4.310959e-06
1.797677720200402e-02	3.289119e-06
1.798677720200402e-02	4.310961e-06
1.799677720200402e-02	3.289115e-06
1.800677720200402e-02	4.310963e-06
1.801677720200402e-02	3.289112e-06
1.802677720200401e-02	4.310964e-06
1.803677720200401e-02	3.289109e-06
1.804677720200401e-02	4.310966e-06
1.805677720200401e-02	3.289105e-06
1.806677720200402e-02	4.310968e-06
1.807677720200402e-02	3.289102e-06
1.808677720200402e-02	4.310969e-06
1.809677720200402e-02	3.289099e-06
1.810677720200402e-02	4.310971e-06
1.811677720200401e-02	3.289096e-06
1.812677720200401e-02	4.310973e-06
1.813677720200401e-02	3.289093e-06
1.814677720200402e-02	4.310975e-06
1.815677720200402e-02	3.289089e-06
1.816677720200402e-02	4.310977e-06
1.817677720200402e-02	3.289086e-06
1.818677720200402e-02	4.310979e-06
1.819677720200401e-02	3.289083e-06
1.820677720200401e-02	4.310980e-06
1.821677720200401e-02	3.289080e-06
1.822677720200401e-02	4.310983e-06
1.823677720200402e-02	3.289077e-06
1.824677720200402e-02	4.310984e-06
1.825677720200402e-02	3.289074e-06
1.826677720200402e-02	4.310986e-06
1.827677720200402e-02	3.289071e-06
1.828677720200401e-02	4.310988e-06
1.829677720200401e-02	3.289068e-06
1.830677720200401e-02	4.310990e-06
1.831677720200402e-02	3.289065e-06
1.832677720200402e-02	4.310992e-06
1.833677720200402e-02	3.289062e-06
1.834677720200402e-02	4.310994e-06
1.835677720200402e-02	3.289058e-06
1.836677720200402e-02	4.310996e-06
1.837677720200401e-02	3.289055e-06
1.838677720200401e-02	4.310998e-06
1.839677720200401e-02	3.289053e-06
1.840677720200402e-02	4.311000e-06
1.841677720200402e-02	3.289050e-06
1.842677720200402e-02	4.311002e-06
1.843677720200402e-02	3.289047e-06
1.844677720200402e-02	4.311004e-06
1.845677720200401e-02	3.289044e-06
1.846677720200401e-02	4.311006e-06
1.847677720200401e-02	3.289041e-06
1.848677720200402e-02	4.311008e-06
1.849677720200402e-02	3.289038e-06
1.850677720200402e-02	4.311010e-06
1.851677720200402e-02	3.289035e-06
1.852677720200402e-02	4.311012e-06
1.853677720200402e-02	3.289032e-06
1.854677720200401e-02	4.311014e-06
1.855677720200401e-02	3.289029e-06
1.856677720200401e-02	4.311016e-06
1.857677720200402e-02	3.289026e-06
1.858677720200402e-02	4.311019e-06
1.859677720200402e-02	3.289024e-06
1.860677720200402e-02	4.311021e-06
1.861677720200402e-02	3.289021e-06
1.862677720200401e-02	4.311023e-06
1.863677720200401e-02	3.289018e-06
1.864677720200401e-02	4.311025e-06
1.865677720200402e-02	3.289015e-06
1.866677720200402e-02	4.311027e-06
1.867677720200402e-02	3.289012e-06
1.868677720200402e-02	4.311029e-06
1.869677720200402e-02	3.289010e-06
1.870677720200402e-02	4.311031e-06
1.871677720200401e-02	3.289007e-06
1.872677720200401e-02	4.311034e-06
1.873677720200401e-02	3.289004e-06
1.874677720200402e-02	4.311036e-06
1.875677720200402e-02	3.289001e-06
1.876677720200402e-02	4.311038e-06
1.877677720200402e-02	3.288998e-06
1.878677720200402e-02	4.311040e-06
1.879677720200401e-02	3.288996e-06
1.880677720200401e-02	4.311042e-06
1.881677720200401e-02	3.288993e-06
1.882677720200402e-02	4.311044e-06
1.883677720200402e-02	3.288990e-06
1.884677720200402e-02	4.311047e-06
1.885677720200402e-02	3.288988e-06
1.886677720200402e-02	4.311049e-06
1.887677720200402e-02	3.288985e-06
1.888677720200401e-02	4.311051e-06
1.889677720200401e-02	3.288982e-06
1.890677720200401e-02	4.311054e-06
1.891677720200402e-02	3.288979e-06
1.892677720200402e-02	4.311055e-06
1.893677720200402e-02	3.288977e-06
1.894677720200402e-02	4.311058e-06
1.895677720200402e-02	3.288974e-06
1.896677720200401e-02	4.311060e-06
1.897677720200401e-02	3.288971e-06
1.898677720200401e-02	4.311062e-06
1.899677720200401e-02	3.288969e-06
1.900677720200402e-02	4.311064e-06
1.901677720200402e-02	3.288966e-06
1.902677720200402e-02	4.311067e-06
1.903677720200402e-02	3.288963e-06
1.904677720200402e-02	4.311069e-06
1.905677720200401e-02	3.288961e-06
1.906677720200401e-02	4.311071e-06
1.907677720200401e-02	3.288958e-06
1.908677720200402e-02	4.311074e-06
1.909677720200402e-02	3.288955e-06
1.910677720200402e-02	4.311076e-06
1.911677720200402e-02	3.288953e-06
1.912677720200402e-02	4.311078e-06
1.913677720200401e-02	3.288950e-06
1.914677720200401e-02	4.311080e-06
1.915677720200401e-02	3.288947e-06
1.916677720200401e-02	4.311083e-06
1.917677720200402e-02	3.288945e-06
1.918677720200402e-02	4.311085e-06
1.919677720200402e-02	3.288942e-06
1.920677720200402e-02	4.311087e-06
1.921677720200402e-02	3.288940e-06
1.922677720200401e-02	4.311089e-06
1.923677720200401e-02	3.288937e-06
1.924677720200401e-02	4.311092e-06
1.925677720200402e-02	3.288935e-06
1.926677720200402e-02	4.311094e-06
1.927677720200402e-02	3.288932e-06
1.928677720200402e-02	4.311097e-06
1.929677720200402e-02	3.288929e-06
1.930677720200401e-02	4.311099e-06
1.931677720200401e-02	3.288927e-06
1.932677720200401e-02	4.311101e-06
1.933677720200401e-02	3.288924e-06
1.934677720200402e-02	4.311104e-06
1.935677720200402e-02	3.288922e-06
1.936677720200402e-02	4.311106e-06
1.937677720200402e-02	3.288919e-06
1.938677720200402e-02	4.311108e-06
1.939677720200401e-02	3.288916e-06
1.940677720200401e-02	4.311110e-06
1.941677720200401e-02	3.288914e-06
1.942677720200402e-02	4.311113e-06
1.943677720200402e-02	3.288911e-06
1.944677720200402e-02	4.311115e-06
1.945677720200402e-02	3.288909e-06
1.946677720200402e-02	4.311118e-06
1.947677720200401e-02	3.288906e-06
1.948677720200401e-02	4.311120e-06
1.949677720200401e-02	3.288904e-06
1.950677720200401e-02	4.311122e-06
1.951677720200402e-02	3.288901e-06
1.952677720200402e-02	4.311124e-06
1.953677720200402e-02	3.288899e-06
1.954677720200402e-02	4.311127e-06
1.955677720200402e-02	3.288896e-06
1.956677720200401e-02	4.311129e-06
1.957677720200401e-02	3.288893e-06
1.958677720200401e-02	4.311132e-06
1.959677720200402e-02	3.288891e-06
1.960677720200402e-02	4.311134e-06
1.961677720200402e-02	3.288888e-06
1.962677720200402e-02	4.311136e-06
1.963677720200402e-02	3.288886e-06
1.964677720200401e-02	4.311139e-06
1.965677720200401e-02	3.288883e-06
1.966677720200401e-02	4.311141e-06
1.967677720200401e-02	3.288881e-06
1.968677720200402e-02	4.311144e-06
1.969677720200402e-02	3.288878e-06
1.970677720200402e-02	4.311146e-06
1.971677720200402e-02	3.288876e-06
1.972677720200402e-02	4.311148e-06
1.973677720200401e-02	3.288873e-06
1.974677720200401e-02	4.311150e-06
1.975677720200401e-02	3.288871e-06
1.976677720200402e-02	4.311153e-06
1.977677720200402e-02	3.288868e-06
1.978677720200402e-02	4.311155e-06
1.979677720200402e-02	3.288866e-06
1.980677720200402e-02	4.311158e-06
1.981677720200401e-02	3.288863e-06
1.982677720200401e-02	4.311160e-06
1.983677720200401e-02	3.288861e-06
1.984677720200401e-02	4.311162e-06
1.985677720200402e-02	3.288858e-06
1.986677720200402e-02	4.311165e-06
1.987677720200402e-02	3.288856e-06
1.988677720200402e-02	4.311167e-06
1.989677720200402e-02	3.288853e-06
1.990677720200401e-02	4.311170e-06
1.991677720200401e-02	3.288851e-06
1.992677720200401e-02	4.311172e-06
1.993677720200402e-02	3.288848e-06
1.994677720200402e-02	4.311174e-06
1.995677720200402e-02	3.288846e-06
1.996677720200402e-02	4.311177e-06
1.997677720200402e-02	3.288843e-06
1.998677720200401e-02	4.311179e-06
1.999677720200401e-02	3.288841e-06
2.000000000000000e-02	4.311184e-06
2.000000000100000e-02	3.563558e-06
2.000000000200000e-02	3.880798e-06
2.000000000440036e-02	3.707172e-06
2.000000000670974e-02	3.850392e-06
2.000000001132851e-02	3.728019e-06
2.000000002056605e-02	3.843155e-06
2.000000003904113e-02	3.732020e-06
2.000000007599128e-02	3.843191e-06
2.000000014989159e-02	3.736339e-06
2.000000029769220e-02	3.848412e-06
2.000000059329343e-02	3.740686e-06
2.000000118449589e-02	3.844942e-06
2.000000236690080e-02	3.726552e-06
2.000000473171063e-02	3.814930e-06
2.000000946133030e-02	3.663873e-06
2.000001892056961e-02	3.684045e-06
2.000003783904826e-02	3.400267e-06
2.000007000418341e-02	3.237528e-06
2.000012913238032e-02	3.168970e-06
2.000020333591708e-02	5.399535e-06
2.000027718831688e-02	7.523410e-06
2.000034670320864e-02	8.924086e-06
2.000044158799796e-02	9.533330e-06
2.000045664889769e-02	9.600341e-06
2.000048677069716e-02	9.619042e-06
2.000054701429610e-02	9.648888e-06
2.000066750149397e-02	9.706551e-06
2.000090847588972e-02	9.833954e-06
2.000139042468123e-02	1.001930e-05
2.000201550714333e-02	1.007155e-05
2.000285912419203e-02	9.967805e-06
2.000411207989896e-02	9.737862e-06
2.000661799131281e-02	9.324030e-06
2.001162981414053e-02	1.017999e-05
2.002162981414052e-02	3.128715e-05
2.003162981414053e-02	4.745051e-05
2.004162981414053e-02	5.500941e-05
2.005162981414053e-02	5.522379e-05
2.006162981414053e-02	5.153164e-05
2.007162981414053e-02	4.927998e-05
2.008162981414053e-02	4.599999e-05
2.009162981414053e-02	4.415184e-05
2.010000000100000e-02	4.159575e-05
2.010000000200000e-02	4.159561e-05
2.010000001800000e-02	4.159630e-05
2.010000005000000e-02	4.159939e-05
2.010000011400000e-02	4.160702e-05
2.010000024200000e-02	4.162202e-05
2.010000049800000e-02	4.164112e-05
2.010000101000000e-02	4.166005e-05
2.010000203400000e-02	4.168642e-05
2.010000408200000e-02	4.172943e-05
2.010000817800000e-02	4.178825e-05
2.010001422689359e-02	4.184221e-05
2.010002425954507e-02	4.188662e-05
2.010004432484802e-02	4.191184e-05
2.010008445545392e-02	4.190831e-05
2.010016471666572e-02	4.189222e-05
2.010032523908933e-02	4.185802e-05
2.010064628393655e-02	4.179428e-05
2.010103052798854e-02	4.176317e-05
2.010152936941456e-02	4.174885e-05
2.010214456139099e-02	4.189266e-05
2.010300205811787e-02	4.146072e-05
2.010465173366114e-02	4.006387e-05
2.010789846742708e-02	3.830024e-05
2.011112229217126e-02	3.733651e-05
2.011529696270644e-02	3.641229e-05
2.011995902491705e-02	3.440037e-05
2.012486544256658e-02	3.232839e-05
2.012931956287920e-02	4.230603e-05
2.013458553253009e-02	8.447735e-05
2.013934851594685e-02	2.704632e-05
2.014753834848830e-02	4.229042e-05
2.015753834848830e-02	1.840172e-05
2.016753834848830e-02	3.824762e-05
2.017753834848830e-02	1.600668e-05
2.018753834848830e-02	3.565735e-05
2.019753834848830e-02	1.389067e-05
2.020753834848830e-02	3.352939e-05
2.021753834848830e-02	1.204850e-05
2.022753834848830e-02	3.174256e-05
2.023753834848830e-02	1.046436e-05
2.024753834848830e-02	3.022558e-05
2.025753834848830e-02	9.110478e-06
2.026753834848830e-02	2.893653e-05
2.027753834848830e-02	7.958772e-06
2.028753834848830e-02	7.998258e-05
2.029753834848830e-02	6.867403e-03
2.030753834848830e-02	1.492559e-02
2.031753834848830e-02	1.799847e-02
2.032753834848830e-02	2.052640e-02
2.033753834848830e-02	2.169572e-02
2.034753834848830e-02	2.239343e-02
2.035753834848830e-02	2.303868e-02
2.036753834848830e-02	2.368114e-02
2.037753834848830e-02	2.430324e-02
2.038753834848830e-02	2.493268e-02
2.039753834848830e-02	2.554624e-02
2.040753834848830e-02	2.616960e-02
2.041753834848830e-02	2.677850e-02
2.042753834848830e-02	2.739818e-02
2.043753834848830e-02	2.800403e-02
2.044753834848830e-02	2.862114e-02
2.045753834848830e-02	2.922475e-02
2.046753834848830e-02	2.983990e-02
2.047753834848830e-02	3.044175e-02
2.048753834848830e-02	3.105532e-02
2.049753834848830e-02	3.165569e-02
2.050753834848830e-02	3.195260e-02
2.051753834848830e-02	3.197159e-02
2.052753834848830e-02	3.198748e-02
2.053753834848830e-02	3.198619e-02
2.054753834848830e-02	3.199550e-02
2.055753834848830e-02	3.199115e-02
2.056753834848830e-02	3.199880e-02
2.057753834848830e-02	3.199345e-02
2.058753834848830e-02	3.200044e-02
2.059753834848830e-02	3.199464e-02
2.060753834848830e-02	3.200134e-02
2.061753834848830e-02	3.199530e-02
2.062753834848830e-02	3.200183e-02
2.063753834848830e-02	3.199567e-02
2.064753834848830e-02	3.200209e-02
2.065753834848830e-02	3.199586e-02
2.066753834848830e-02	3.200223e-02
2.067753834848830e-02	3.199594e-02
2.068753834848830e-02	3.200228e-02
2.069753834848830e-02	3.199597e-02
2.070753834848830e-02	3.200228e-02
2.071753834848830e-02	3.199595e-02
2.072753834848830e-02	3.200224e-02
2.073753834848830e-02	3.199590e-02
2.074753834848830e-02	3.200220e-02
2.075753834848830e-02	3.199585e-02
2.076753834848830e-02	3.200213e-02
2.077753834848830e-02	3.199578e-02
2.078753834848830e-02	3.200207e-02
2.079753834848830e-02	3.199571e-02
2.080753834848830e-02	3.200200e-02
2.081753834848830e-02	3.199565e-02
2.082753834848830e-02	3.200193e-02
2.083753834848830e-02	3.199558e-02
2.084753834848830e-02	3.200186e-02
2.085753834848830e-02	3.199552e-02
2.086753834848830e-02	3.200180e-02
2.087753834848830e-02	3.199545e-02
2.088753834848830e-02	3.200174e-02
2.089753834848830e-02	3.199540e-02
2.090753834848830e-02	3.200169e-02
2.091753834848830e-02	3.199534e-02
2.092753834848830e-02	3.200163e-02
2.093753834848830e-02	3.199529e-02
2.094753834848830e-02	3.200158e-02
2.095753834848830e-02	3.199525e-02
2.096753834848830e-02	3.200154e-02
2.097753834848830e-02	3.199520e-02
2.098753834848830e-02	3.200150e-02
2.099753834848830e-02	3.199517e-02
2.100000000000000e-02	3.200148e-02
2.100000000100000e-02	3.199550e-02
2.100000001700000e-02	3.200230e-02
2.100000004900000e-02	3.199498e-02
2.100000007962770e-02	3.200183e-02
2.100000014088309e-02	3.199491e-02
2.100000026339387e-02	3.200172e-02
2.100000050841545e-02	3.199493e-02
2.100000099845859e-02	3.200170e-02
2.100000197854487e-02	3.199494e-02
2.100000393871744e-02	3.200170e-02
2.100000785906258e-02	3.199494e-02
2.100001569975285e-02	3.200170e-02
2.100003138113340e-02	3.199494e-02
2.100006274389450e-02	3.200170e-02
2.100012546941669e-02	3.199494e-02
2.100025092046109e-02	3.200170e-02
2.100050182254987e-02	3.199494e-02
2.100100362672744e-02	3.200170e-02
2.100200723508258e-02	3.199494e-02
2.100401445179285e-02	3.200169e-02
2.100802888521340e-02	3.199492e-02
2.101605775205449e-02	3.200167e-02
2.102605775205449e-02	3.199489e-02
2.103605775205449e-02	3.200164e-02
2.104605775205449e-02	3.199486e-02
2.105605775205449e-02	3.200161e-02
2.106605775205449e-02	3.199483e-02
2.107605775205449e-02	3.200158e-02
2.108605775205449e-02	3.199481e-02
2.109605775205449e-02	3.200156e-02
2.110605775205449e-02	3.199479e-02
2.111605775205449e-02	3.200154e-02
2.112605775205449e-02	3.199477e-02
2.113605775205449e-02	3.200152e-02
2.114605775205449e-02	3.199475e-02
2.115605775205449e-02	3.200150e-02
2.116605775205449e-02	3.199473e-02
2.117605775205449e-02	3.200148e-02
2.118605775205449e-02	3.199472e-02
2.119605775205449e-02	3.200147e-02
2.120605775205449e-02	3.199470e-02
2.121605775205449e-02	3.200146e-02
2.122605775205449e-02	3.199469e-02
2.123605775205449e-02	3.200144e-02
2.124605775205449e-02	3.199468e-02
2.125605775205449e-02	3.200144e-02
2.126605775205449e-02	3.199467e-02
2.127605775205449e-02	3.200142e-02
2.128605775205449e-02	3.199466e-02
2.129605775205449e-02	3.200142e-02
2.130605775205449e-02	3.199465e-02
2.131605775205449e-02	3.200141e-02
2.132605775205449e-02	3.199464e-02
2.133605775205449e-02	3.200140e-02
2.134605775205449e-02	3.199464e-02
2.135605775205449e-02	3.200139e-02
2.136605775205449e-02	3.199463e-02
2.137605775205449e-02	3.200139e-02
2.138605775205449e-02	3.199462e-02
2.139605775205449e-02	3.200138e-02
2.140605775205449e-02	3.199462e-02
2.141605775205449e-02	3.200138e-02
2.142605775205449e-02	3.199461e-02
2.143605775205449e-02	3.200138e-02
2.144605775205449e-02	3.199461e-02
2.145605775205449e-02	3.200137e-02
2.146605775205449e-02	3.199461e-02
2.147605775205449e-02	3.200137e-02
2.148605775205449e-02	3.199460e-02
2.149605775205449e-02	3.200136e-02
2.150605775205449e-02	3.199460e-02
2.151605775205449e-02	3.200136e-02
2.152605775205449e-02	3.199460e-02
2.153605775205449e-02	3.200136e-02
2.154605775205449e-02	3.199460e-02
2.155605775205449e-02	3.200136e-02
2.156605775205449e-02	3.199459e-02
2.157605775205449e-02	3.200135e-02
2.158605775205449e-02	3.199459e-02
2.159605775205449e-02	3.200135e-02
2.160605775205449e-02	3.199459e-02
2.161605775205449e-02	3.200135e-02
2.162605775205449e-02	3.199459e-02
2.163605775205449e-02	3.200135e-02
2.164605775205449e-02	3.199459e-02
2.165605775205449e-02	3.200135e-02
2.166605775205449e-02	3.199458e-02
2.167605775205449e-02	3.200135e-02
2.168605775205449e-02	3.199458e-02
2.169605775205449e-02	3.200135e-02
2.170605775205449e-02	3.199458e-02
2.171605775205449e-02	3.200135e-02
2.172605775205449e-02	3.199458e-02
2.173605775205449e-02	3.200135e-02
2.174605775205449e-02	3.199458e-02
2.175605775205449e-02	3.200134e-02
2.176605775205449e-02	3.199458e-02
2.177605775205449e-02	3.200134e-02
2.178605775205449e-02	3.199458e-02
2.179605775205449e-02	3.200134e-02
2.180605775205449e-02	3.199458e-02
2.181605775205449e-02	3.200134e-02
2.182605775205449e-02	3.199458e-02
2.183605775205449e-02	3.200134e-02
2.184605775205449e-02	3.199458e-02
2.185605775205449e-02	3.200134e-02
2.186605775205449e-02	3.199458e-02
2.187605775205449e-02	3.200134e-02
2.188605775205449e-02	3.199458e-02
2.189605775205449e-02	3.200134e-02
2.190605775205449e-02	3.199458e-02
2.191605775205449e-02	3.200134e-02
2.192605775205449e-02	3.199458e-02
2.193605775205449e-02	3.200134e-02
2.194605775205449e-02	3.199458e-02
2.195605775205449e-02	3.200134e-02
2.196605775205449e-02	3.199458e-02
2.197605775205449e-02	3.200134e-02
2.198605775205449e-02	3.199458e-02
2.199605775205449e-02	3.200134e-02
2.200605775205449e-02	3.199458e-02
2.201605775205449e-02	3.200134e-02
2.202605775205449e-02	3.199458e-02
2.203605775205449e-02	3.200134e-02
2.204605775205449e-02	3.199458e-02
2.205605775205449e-02	3.200134e-02
2.206605775205449e-02	3.199458e-02
2.207605775205449e-02	3.200134e-02
2.208605775205449e-02	3.199458e-02
2.209605775205449e-02	3.200134e-02
2.210605775205449e-02	3.199458e-02
2.211605775205449e-02	3.200134e-02
2.212605775205449e-02	3.199458e-02
2.213605775205449e-02	3.200134e-02
2.214605775205449e-02	3.199458e-02
2.215605775205449e-02	3.200134e-02
2.216605775205449e-02	3.199458e-02
2.217605775205449e-02	3.200134e-02
2.218605775205449e-02	3.199458e-02
2.219605775205449e-02	3.200134e-02
2.220605775205449e-02	3.199458e-02
2.221605775205449e-02	3.200134e-02
2.222605775205449e-02	3.199458e-02
2.223605775205449e-02	3.200134e-02
2.224605775205449e-02	3.199458e-02
2.225605775205449e-02	3.200134e-02
2.226605775205449e-02	3.199457e-02
2.227605775205449e-02	3.200134e-02
2.228605775205449e-02	3.199457e-02
2.229605775205449e-02	3.200134e-02
2.230605775205449e-02	3.199457e-02
2.231605775205449e-02	3.200134e-02
2.232605775205449e-02	3.199457e-02
2.233605775205449e-02	3.200134e-02
2.234605775205449e-02	3.199457e-02
2.235605775205449e-02	3.200134e-02
2.236605775205449e-02	3.199457e-02
2.237605775205449e-02	3.200134e-02
2.238605775205449e-02	3.199457e-02
2.239605775205449e-02	3.200134e-02
2.240605775205449e-02	3.199457e-02
2.241605775205449e-02	3.200134e-02
2.242605775205449e-02	3.199457e-02
2.243605775205449e-02	3.200134e-02
2.244605775205449e-02	3.199457e-02
2.245605775205449e-02	3.200134e-02
2.246605775205449e-02	3.199457e-02
2.247605775205449e-02	3.200134e-02
2.248605775205449e-02	3.199457e-02
2.249605775205449e-02	3.200134e-02
2.250605775205449e-02	3.199457e-02
2.251605775205449e-02	3.200134e-02
2.252605775205449e-02	3.199457e-02
2.253605775205449e-02	3.200134e-02
2.254605775205449e-02	3.199457e-02
2.255605775205449e-02	3.200134e-02
2.256605775205449e-02	3.199457e-02
2.257605775205449e-02	3.200134e-02
2.258605775205449e-02	3.199457e-02
2.259605775205449e-02	3.200134e-02
2.260605775205449e-02	3.199457e-02
2.261605775205449e-02	3.200134e-02
2.262605775205449e-02	3.199457e-02
2.263605775205449e-02	3.200134e-02
2.264605775205449e-02	3.199457e-02
2.265605775205449e-02	3.200134e-02
2.266605775205449e-02	3.199457e-02
2.267605775205449e-02	3.200134e-02
2.268605775205449e-02	3.199457e-02
2.269605775205449e-02	3.200134e-02
2.270605775205449e-02	3.199457e-02
2.271605775205449e-02	3.200134e-02
2.272605775205449e-02	3.199457e-02
2.273605775205449e-02	3.200134e-02
2.274605775205449e-02	3.199457e-02
2.275605775205449e-02	3.200134e-02
2.276605775205449e-02	3.199457e-02
2.277605775205449e-02	3.200134e-02
2.278605775205449e-02	3.199457e-02
2.279605775205449e-02	3.200134e-02
2.280605775205449e-02	3.199457e-02
2.281605775205449e-02	3.200134e-02
2.282605775205449e-02	3.199457e-02
2.283605775205449e-02	3.200134e-02
2.284605775205449e-02	3.199457e-02
2.285605775205449e-02	3.200134e-02
2.286605775205449e-02	3.199457e-02
2.287605775205449e-02	3.200134e-02
2.288605775205449e-02	3.199457e-02
2.289605775205449e-02	3.200134e-02
2.290605775205449e-02	3.199457e-02
2.291605775205449e-02	3.200134e-02
2.292605775205449e-02	3.199457e-02
2.293605775205449e-02	3.200134e-02
2.294605775205449e-02	3.199457e-02
2.295605775205449e-02	3.200134e-02
2.296605775205449e-02	3.199457e-02
2.297605775205449e-02	3.200134e-02
2.298605775205449e-02	3.199457e-02
2.299605775205449e-02	3.200134e-02
2.300605775205449e-02	3.199457e-02
2.301605775205449e-02	3.200134e-02
2.302605775205449e-02	3.199457e-02
2.303605775205449e-02	3.200134e-02
2.304605775205449e-02	3.199457e-02
2.305605775205449e-02	3.200134e-02
2.306605775205449e-02	3.199457e-02
2.307605775205449e-02	3.200134e-02
2.308605775205449e-02	3.199457e-02
2.309605775205449e-02	3.200134e-02
2.310605775205449e-02	3.199457e-02
2.311605775205449e-02	3.200134e-02
2.312605775205449e-02	3.199457e-02
2.313605775205449e-02	3.200134e-02
2.314605775205449e-02	3.199457e-02
2.315605775205449e-02	3.200134e-02
2.316605775205449e-02	3.199457e-02
2.317605775205449e-02	3.200134e-02
2.318605775205449e-02	3.199457e-02
2.319605775205449e-02	3.200134e-02
2.320605775205449e-02	3.199457e-02
2.321605775205449e-02	3.200134e-02
2.322605775205449e-02	3.199457e-02
2.323605775205449e-02	3.200134e-02
2.324605775205449e-02	3.199457e-02
2.325605775205449e-02	3.200134e-02
2.326605775205449e-02	3.199457e-02
2.327605775205449e-02	3.200134e-02
2.328605775205449e-02	3.199457e-02
2.329605775205449e-02	3.200134e-02
2.330605775205449e-02	3.199457e-02
2.331605775205449e-02	3.200134e-02
2.332605775205449e-02	3.199457e-02
2.333605775205449e-02	3.200134e-02
2.334605775205449e-02	3.199457e-02
2.335605775205449e-02	3.200134e-02
2.336605775205449e-02	3.199457e-02
2.337605775205449e-02	3.200134e-02
2.338605775205449e-02	3.199457e-02
2.339605775205449e-02	3.200134e-02
2.340605775205449e-02	3.199457e-02
2.341605775205449e-02	3.200134e-02
2.342605775205449e-02	3.199457e-02
2.343605775205449e-02	3.200134e-02
2.344605775205449e-02	3.199457e-02
2.345605775205449e-02	3.200134e-02
2.346605775205449e-02	3.199457e-02
2.347605775205449e-02	3.200134e-02
2.348605775205449e-02	3.199457e-02
2.349605775205449e-02	3.200134e-02
2.350605775205449e-02	3.199457e-02
2.351605775205449e-02	3.200134e-02
2.352605775205449e-02	3.199457e-02
2.353605775205449e-02	3.200134e-02
2.354605775205449e-02	3.199457e-02
2.355605775205449e-02	3.200134e-02
2.356605775205449e-02	3.199457e-02
2.357605775205449e-02	3.200134e-02
2.358605775205449e-02	3.199457e-02
2.359605775205449e-02	3.200134e-02
2.360605775205449e-02	3.199457e-02
2.361605775205449e-02	3.200134e-02
2.362605775205449e-02	3.199457e-02
2.363605775205449e-02	3.200134e-02
2.364605775205449e-02	3.199457e-02
2.365605775205449e-02	3.200134e-02
2.366605775205449e-02	3.199457e-02
2.367605775205449e-02	3.200134e-02
2.368605775205449e-02	3.199457e-02
2.369605775205449e-02	3.200134e-02
2.370605775205449e-02	3.199457e-02
2.371605775205449e-02	3.200134e-02
2.372605775205449e-02	3.199457e-02
2.373605775205449e-02	3.200134e-02
2.374605775205449e-02	3.199457e-02
2.375605775205449e-02	3.200134e-02
2.376605775205449e-02	3.199457e-02
2.377605775205449e-02	3.200134e-02
2.378605775205449e-02	3.199457e-02
2.379605775205449e-02	3.200134e-02
2.380605775205449e-02	3.199457e-02
2.381605775205449e-02	3.200134e-02
2.382605775205449e-02	3.199457e-02
2.383605775205449e-02	3.200134e-02
2.384605775205449e-02	3.199457e-02
2.385605775205449e-02	3.200134e-02
2.386605775205449e-02	3.199457e-02
2.387605775205449e-02	3.200134e-02
2.388605775205449e-02	3.199457e-02
2.389605775205449e-02	3.200134e-02
2.390605775205449e-02	3.199457e-02
2.391605775205449e-02	3.200134e-02
2.392605775205449e-02	3.199457e-02
2.393605775205449e-02	3.200134e-02
2.394605775205449e-02	3.199457e-02
2.395605775205449e-02	3.200134e-02
2.396605775205449e-02	3.199457e-02
2.397605775205449e-02	3.200134e-02
2.398605775205449e-02	3.199457e-02
2.399605775205449e-02	3.200134e-02
2.400605775205449e-02	3.199457e-02
2.401605775205449e-02	3.200134e-02
2.402605775205449e-02	3.199457e-02
2.403605775205449e-02	3.200134e-02
2.404605775205449e-02	3.199457e-02
2.405605775205449e-02	3.200134e-02
2.406605775205449e-02	3.199457e-02
2.407605775205449e-02	3.200134e-02
2.408605775205449e-02	3.199457e-02
2.409605775205449e-02	3.200134e-02
2.410605775205449e-02	3.199457e-02
2.411605775205449e-02	3.200134e-02
2.412605775205449e-02	3.199457e-02
2.413605775205449e-02	3.200134e-02
2.414605775205449e-02	3.199457e-02
2.415605775205449e-02	3.200134e-02
2.416605775205449e-02	3.199457e-02
2.417605775205449e-02	3.200134e-02
2.418605775205449e-02	3.199457e-02
2.419605775205449e-02	3.200134e-02
2.420605775205449e-02	3.199457e-02
2.421605775205449e-02	3.200134e-02
2.422605775205449e-02	3.199457e-02
2.423605775205449e-02	3.200134e-02
2.424605775205449e-02	3.199457e-02
2.425605775205449e-02	3.200134e-02
2.426605775205449e-02	3.199457e-02
2.427605775205449e-02	3.200134e-02
2.428605775205449e-02	3.199457e-02
2.429605775205449e-02	3.200134e-02
2.430605775205449e-02	3.199457e-02
2.431605775205449e-02	3.200134e-02
2.432605775205449e-02	3.199457e-02
2.433605775205449e-02	3.200134e-02
2.434605775205449e-02	3.199457e-02
2.435605775205449e-02	3.200134e-02
2.436605775205449e-02	3.199457e-02
2.437605775205449e-02	3.200134e-02
2.438605775205449e-02	3.199457e-02
2.439605775205449e-02	3.200134e-02
2.440605775205449e-02	3.199457e-02
2.441605775205449e-02	3.200134e-02
2.442605775205449e-02	3.199457e-02
2.443605775205449e-02	3.200134e-02
2.444605775205449e-02	3.199457e-02
2.445605775205449e-02	3.200134e-02
2.446605775205449e-02	3.199457e-02
2.447605775205449e-02	3.200134e-02
2.448605775205449e-02	3.199457e-02
2.449605775205449e-02	3.200134e-02
2.450605775205449e-02	3.199457e-02
2.451605775205449e-02	3.200134e-02
2.452605775205449e-02	3.199457e-02
2.453605775205449e-02	3.200134e-02
2.454605775205449e-02	3.199457e-02
2.455605775205449e-02	3.200134e-02
2.456605775205449e-02	3.199457e-02
2.457605775205449e-02	3.200134e-02
2.458605775205449e-02	3.199457e-02
2.459605775205449e-02	3.200134e-02
2.460605775205449e-02	3.199457e-02
2.461605775205449e-02	3.200134e-02
2.462605775205449e-02	3.199457e-02
2.463605775205449e-02	3.200134e-02
2.464605775205449e-02	3.199457e-02
2.465605775205449e-02	3.200134e-02
2.466605775205449e-02	3.199457e-02
2.467605775205449e-02	3.200134e-02
2.468605775205449e-02	3.199457e-02
2.469605775205449e-02	3.200134e-02
2.470605775205449e-02	3.199457e-02
2.471605775205449e-02	3.200134e-02
2.472605775205449e-02	3.199457e-02
2.473605775205449e-02	3.200134e-02
2.474605775205449e-02	3.199457e-02
2.475605775205449e-02	3.200134e-02
2.476605775205449e-02	3.199457e-02
2.477605775205449e-02	3.200134e-02
2.478605775205449e-02	3.199457e-02
2.479605775205449e-02	3.200134e-02
2.480605775205449e-02	3.199457e-02
2.481605775205449e-02	3.200134e-02
2.482605775205449e-02	3.199457e-02
2.483605775205449e-02	3.200134e-02
2.484605775205449e-02	3.199457e-02
2.485605775205449e-02	3.200134e-02
2.486605775205449e-02	3.199457e-02
2.487605775205449e-02	3.200134e-02
2.488605775205449e-02	3.199457e-02
2.489605775205449e-02	3.200134e-02
2.490605775205449e-02	3.199457e-02
2.491605775205449e-02	3.200134e-02
2.492605775205449e-02	3.199457e-02
2.493605775205449e-02	3.200134e-02
2.494605775205449e-02	3.199457e-02
2.495605775205449e-02	3.200134e-02
2.496605775205449e-02	3.199457e-02
2.497605775205449e-02	3.200134e-02
2.498605775205449e-02	3.199457e-02
2.499605775205449e-02	3.200134e-02
2.500605775205449e-02	3.199457e-02
2.501605775205449e-02	3.200134e-02
2.502605775205449e-02	3.199457e-02
2.503605775205449e-02	3.200134e-02
2.504605775205449e-02	3.199457e-02
2.505605775205449e-02	3.200134e-02
2.506605775205449e-02	3.199457e-02
2.507605775205449e-02	3.200134e-02
2.508605775205449e-02	3.199457e-02
2.509605775205449e-02	3.200134e-02
2.510605775205449e-02	3.199457e-02
2.511605775205449e-02	3.200134e-02
2.512605775205449e-02	3.199457e-02
2.513605775205449e-02	3.200134e-02
2.514605775205449e-02	3.199457e-02
2.515605775205449e-02	3.200134e-02
2.516605775205449e-02	3.199457e-02
2.517605775205449e-02	3.200134e-02
2.518605775205449e-02	3.199457e-02
2.519605775205449e-02	3.200134e-02
2.520605775205449e-02	3.199457e-02
2.521605775205449e-02	3.200134e-02
2.522605775205449e-02	3.199457e-02
2.523605775205449e-02	3.200134e-02
2.524605775205449e-02	3.199457e-02
2.525605775205449e-02	3.200134e-02
2.526605775205449e-02	3.199457e-02
2.527605775205449e-02	3.200134e-02
2.528605775205449e-02	3.199457e-02
2.529605775205449e-02	3.200134e-02
2.530605775205449e-02	3.199457e-02
2.531605775205449e-02	3.200134e-02
2.532605775205449e-02	3.199457e-02
2.533605775205449e-02	3.200134e-02
2.534605775205449e-02	3.199457e-02
2.535605775205449e-02	3.200134e-02
2.536605775205449e-02	3.199457e-02
2.537605775205449e-02	3.200134e-02
2.538605775205449e-02	3.199457e-02
2.539605775205449e-02	3.200134e-02
2.540605775205449e-02	3.199457e-02
2.541605775205449e-02	3.200134e-02
2.542605775205449e-02	3.199457e-02
2.543605775205449e-02	3.200134e-02
2.544605775205449e-02	3.199457e-02
2.545605775205449e-02	3.200134e-02
2.546605775205449e-02	3.199457e-02
2.547605775205449e-02	3.200134e-02
2.548605775205449e-02	3.199457e-02
2.549605775205449e-02	3.200134e-02
2.550605775205449e-02	3.199457e-02
2.551605775205449e-02	3.200134e-02
2.552605775205449e-02	3.199457e-02
2.553605775205449e-02	3.200134e-02
2.554605775205449e-02	3.199457e-02
2.555605775205449e-02	3.200134e-02
2.556605775205449e-02	3.199457e-02
2.557605775205449e-02	3.200134e-02
2.558605775205449e-02	3.199457e-02
2.559605775205449e-02	3.200134e-02
2.560605775205449e-02	3.199457e-02
2.561605775205449e-02	3.200134e-02
2.562605775205449e-02	3.199457e-02
2.563605775205449e-02	3.200134e-02
2.564605775205449e-02	3.199457e-02
2.565605775205449e-02	3.200134e-02
2.566605775205449e-02	3.199457e-02
2.567605775205449e-02	3.200134e-02
2.568605775205449e-02	3.199457e-02
2.569605775205449e-02	3.200134e-02
2.570605775205449e-02	3.199457e-02
2.571605775205449e-02	3.200134e-02
2.572605775205449e-02	3.199457e-02
2.573605775205449e-02	3.200134e-02
2.574605775205449e-02	3.199457e-02
2.575605775205449e-02	3.200134e-02
2.576605775205449e-02	3.199457e-02
2.577605775205449e-02	3.200134e-02
2.578605775205449e-02	3.199457e-02
2.579605775205449e-02	3.200134e-02
2.580605775205449e-02	3.199457e-02
2.581605775205449e-02	3.200134e-02
2.582605775205449e-02	3.199457e-02
2.583605775205449e-02	3.200134e-02
2.584605775205449e-02	3.199457e-02
2.585605775205449e-02	3.200134e-02
2.586605775205449e-02	3.199457e-02
2.587605775205449e-02	3.200134e-02
2.588605775205449e-02	3.199457e-02
2.589605775205449e-02	3.200134e-02
2.590605775205449e-02	3.199457e-02
2.591605775205449e-02	3.200134e-02
2.592605775205449e-02	3.199457e-02
2.593605775205449e-02	3.200134e-02
2.594605775205449e-02	3.199457e-02
2.595605775205449e-02	3.200134e-02
2.596605775205449e-02	3.199457e-02
2.597605775205449e-02	3.200134e-02
2.598605775205449e-02	3.199457e-02
2.599605775205449e-02	3.200134e-02
2.600605775205449e-02	3.199457e-02
2.601605775205449e-02	3.200134e-02
2.602605775205449e-02	3.199457e-02
2.603605775205449e-02	3.200134e-02
2.604605775205449e-02	3.199457e-02
2.605605775205449e-02	3.200134e-02
2.606605775205449e-02	3.199457e-02
2.607605775205449e-02	3.200134e-02
2.608605775205449e-02	3.199457e-02
2.609605775205449e-02	3.200134e-02
2.610605775205449e-02	3.199457e-02
2.611605775205449e-02	3.200134e-02
2.612605775205449e-02	3.199457e-02
2.613605775205449e-02	3.200134e-02
2.614605775205449e-02	3.199457e-02
2.615605775205449e-02	3.200134e-02
2.616605775205449e-02	3.199457e-02
2.617605775205449e-02	3.200134e-02
2.618605775205449e-02	3.199457e-02
2.619605775205449e-02	3.200134e-02
2.620605775205449e-02	3.199457e-02
2.621605775205449e-02	3.200134e-02
2.622605775205449e-02	3.199457e-02
2.623605775205449e-02	3.200134e-02
2.624605775205449e-02	3.199457e-02
2.625605775205449e-02	3.200134e-02
2.626605775205449e-02	3.199457e-02
2.627605775205449e-02	3.200134e-02
2.628605775205449e-02	3.199457e-02
2.629605775205449e-02	3.200134e-02
2.630605775205449e-02	3.199457e-02
2.631605775205449e-02	3.200134e-02
2.632605775205449e-02	3.199457e-02
2.633605775205449e-02	3.200134e-02
2.634605775205449e-02	3.199457e-02
2.635605775205449e-02	3.200134e-02
2.636605775205449e-02	3.199457e-02
2.637605775205449e-02	3.200134e-02
2.638605775205449e-02	3.199457e-02
2.639605775205449e-02	3.200134e-02
2.640605775205449e-02	3.199457e-02
2.641605775205449e-02	3.200134e-02
2.642605775205449e-02	3.199457e-02
2.643605775205449e-02	3.200134e-02
2.644605775205449e-02	3.199457e-02
2.645605775205449e-02	3.200134e-02
2.646605775205449e-02	3.199457e-02
2.647605775205449e-02	3.200134e-02
2.648605775205449e-02	3.199457e-02
2.649605775205449e-02	3.200134e-02
2.650605775205449e-02	3.199457e-02
2.651605775205449e-02	3.200134e-02
2.652605775205449e-02	3.199457e-02
2.653605775205449e-02	3.200134e-02
2.654605775205449e-02	3.199457e-02
2.655605775205449e-02	3.200134e-02
2.656605775205449e-02	3.199457e-02
2.657605775205449e-02	3.200134e-02
2.658605775205449e-02	3.199457e-02
2.659605775205449e-02	3.200134e-02
2.660605775205449e-02	3.199457e-02
2.661605775205449e-02	3.200134e-02
2.662605775205449e-02	3.199457e-02
2.663605775205449e-02	3.200134e-02
2.664605775205449e-02	3.199457e-02
2.665605775205449e-02	3.200134e-02
2.666605775205449e-02	3.199457e-02
2.667605775205449e-02	3.200134e-02
2.668605775205449e-02	3.199457e-02
2.669605775205449e-02	3.200134e-02
2.670605775205449e-02	3.199457e-02
2.671605775205449e-02	3.200134e-02
2.672605775205449e-02	3.199457e-02
2.673605775205449e-02	3.200134e-02
2.674605775205449e-02	3.199457e-02
2.675605775205449e-02	3.200134e-02
2.676605775205449e-02	3.199457e-02
2.677605775205449e-02	3.200134e-02
2.678605775205449e-02	3.199457e-02
2.679605775205449e-02	3.200134e-02
2.680605775205449e-02	3.199457e-02
2.681605775205449e-02	3.200134e-02
2.682605775205449e-02	3.199457e-02
2.683605775205449e-02	3.200134e-02
2.684605775205449e-02	3.199457e-02
2.685605775205449e-02	3.200134e-02
2.686605775205449e-02	3.199457e-02
2.687605775205449e-02	3.200134e-02
2.688605775205449e-02	3.199457e-02
2.689605775205449e-02	3.200134e-02
2.690605775205449e-02	3.199457e-02
2.691605775205449e-02	3.200134e-02
2.692605775205449e-02	3.199457e-02
2.693605775205449e-02	3.200134e-02
2.694605775205449e-02	3.199457e-02
2.695605775205449e-02	3.200134e-02
2.696605775205449e-02	3.199457e-02
2.697605775205449e-02	3.200134e-02
2.698605775205449e-02	3.199457e-02
2.699605775205449e-02	3.200134e-02
2.700605775205449e-02	3.199457e-02
2.701605775205449e-02	3.200134e-02
2.702605775205449e-02	3.199457e-02
2.703605775205449e-02	3.200134e-02
2.704605775205449e-02	3.199457e-02
2.705605775205449e-02	3.200134e-02
2.706605775205449e-02	3.199457e-02
2.707605775205449e-02	3.200134e-02
2.708605775205449e-02	3.199457e-02
2.709605775205449e-02	3.200134e-02
2.710605775205449e-02	3.199457e-02
2.711605775205449e-02	3.200134e-02
2.712605775205449e-02	3.199457e-02
2.713605775205449e-02	3.200134e-02
2.714605775205449e-02	3.199457e-02
2.715605775205449e-02	3.200134e-02
2.716605775205449e-02	3.199457e-02
2.717605775205449e-02	3.200134e-02
2.718605775205449e-02	3.199457e-02
2.719605775205449e-02	3.200134e-02
2.720605775205449e-02	3.199457e-02
2.721605775205449e-02	3.200134e-02
2.722605775205449e-02	3.199457e-02
2.723605775205449e-02	3.200134e-02
2.724605775205449e-02	3.199457e-02
2.725605775205449e-02	3.200134e-02
2.726605775205449e-02	3.199457e-02
2.727605775205449e-02	3.200134e-02
2.728605775205449e-02	3.199457e-02
2.729605775205449e-02	3.200134e-02
2.730605775205449e-02	3.199457e-02
2.731605775205449e-02	3.200134e-02
2.732605775205449e-02	3.199457e-02
2.733605775205449e-02	3.200134e-02
2.734605775205449e-02	3.199457e-02
2.735605775205449e-02	3.200134e-02
2.736605775205449e-02	3.199457e-02
2.737605775205449e-02	3.200134e-02
2.738605775205449e-02	3.199457e-02
2.739605775205449e-02	3.200134e-02
2.740605775205449e-02	3.199457e-02
2.741605775205449e-02	3.200134e-02
2.742605775205449e-02	3.199457e-02
2.743605775205449e-02	3.200134e-02
2.744605775205449e-02	3.199457e-02
2.745605775205449e-02	3.200134e-02
2.746605775205449e-02	3.199457e-02
2.747605775205449e-02	3.200134e-02
2.748605775205449e-02	3.199457e-02
2.749605775205449e-02	3.200134e-02
2.750605775205449e-02	3.199457e-02
2.751605775205449e-02	3.200134e-02
2.752605775205449e-02	3.199457e-02
2.753605775205449e-02	3.200134e-02
2.754605775205449e-02	3.199457e-02
2.755605775205449e-02	3.200134e-02
2.756605775205449e-02	3.199457e-02
2.757605775205449e-02	3.200134e-02
2.758605775205449e-02	3.199457e-02
2.759605775205449e-02	3.200134e-02
2.760605775205449e-02	3.199457e-02
2.761605775205449e-02	3.200134e-02
2.762605775205449e-02	3.199457e-02
2.763605775205449e-02	3.200134e-02
2.764605775205449e-02	3.199457e-02
2.765605775205449e-02	3.200134e-02
2.766605775205449e-02	3.199457e-02
2.767605775205449e-02	3.200134e-02
2.768605775205449e-02	3.199457e-02
2.769605775205449e-02	3.200134e-02
2.770605775205449e-02	3.199457e-02
2.771605775205449e-02	3.200134e-02
2.772605775205449e-02	3.199457e-02
2.773605775205449e-02	3.200134e-02
2.774605775205449e-02	3.199457e-02
2.775605775205449e-02	3.200134e-02
2.776605775205449e-02	3.199457e-02
2.777605775205449e-02	3.200134e-02
2.778605775205449e-02	3.199457e-02
2.779605775205449e-02	3.200134e-02
2.780605775205449e-02	3.199457e-02
2.781605775205449e-02	3.200134e-02
2.782605775205449e-02	3.199457e-02
2.783605775205449e-02	3.200134e-02
2.784605775205449e-02	3.199457e-02
2.785605775205449e-02	3.200134e-02
2.786605775205449e-02	3.199457e-02
2.787605775205449e-02	3.200134e-02
2.788605775205449e-02	3.199457e-02
2.789605775205449e-02	3.200134e-02
2.790605775205449e-02	3.199457e-02
2.791605775205449e-02	3.200134e-02
2.792605775205449e-02	3.199457e-02
2.793605775205449e-02	3.200134e-02
2.794605775205449e-02	3.199457e-02
2.795605775205449e-02	3.200134e-02
2.796605775205449e-02	3.199457e-02
2.797605775205449e-02	3.200134e-02
2.798605775205449e-02	3.199457e-02
2.799605775205449e-02	3.200134e-02
2.800605775205449e-02	3.199457e-02
2.801605775205449e-02	3.200134e-02
2.802605775205449e-02	3.199457e-02
2.803605775205449e-02	3.200134e-02
2.804605775205449e-02	3.199457e-02
2.805605775205449e-02	3.200134e-02
2.806605775205449e-02	3.199457e-02
2.807605775205449e-02	3.200134e-02
2.808605775205449e-02	3.199457e-02
2.809605775205449e-02	3.200134e-02
2.810605775205449e-02	3.199457e-02
2.811605775205449e-02	3.200134e-02
2.812605775205449e-02	3.199457e-02
2.813605775205449e-02	3.200134e-02
2.814605775205449e-02	3.199457e-02
2.815605775205449e-02	3.200134e-02
2.816605775205449e-02	3.199457e-02
2.817605775205449e-02	3.200134e-02
2.818605775205449e-02	3.199457e-02
2.819605775205449e-02	3.200134e-02
2.820605775205449e-02	3.199457e-02
2.821605775205449e-02	3.200134e-02
2.822605775205449e-02	3.199457e-02
2.823605775205449e-02	3.200134e-02
2.824605775205449e-02	3.199457e-02
2.825605775205449e-02	3.200134e-02
2.826605775205449e-02	3.199457e-02
2.827605775205449e-02	3.200134e-02
2.828605775205449e-02	3.199457e-02
2.829605775205449e-02	3.200134e-02
2.830605775205449e-02	3.199457e-02
2.831605775205449e-02	3.200134e-02
2.832605775205449e-02	3.199457e-02
2.833605775205449e-02	3.200134e-02
2.834605775205449e-02	3.199457e-02
2.835605775205449e-02	3.200134e-02
2.836605775205449e-02	3.199457e-02
2.837605775205449e-02	3.200134e-02
2.838605775205449e-02	3.199457e-02
2.839605775205449e-02	3.200134e-02
2.840605775205449e-02	3.199457e-02
2.841605775205449e-02	3.200134e-02
2.842605775205449e-02	3.199457e-02
2.843605775205449e-02	3.200134e-02
2.844605775205449e-02	3.199457e-02
2.845605775205449e-02	3.200134e-02
2.846605775205449e-02	3.199457e-02
2.847605775205449e-02	3.200134e-02
2.848605775205449e-02	3.199457e-02
2.849605775205449e-02	3.200134e-02
2.850605775205449e-02	3.199457e-02
2.851605775205449e-02	3.200134e-02
2.852605775205449e-02	3.199457e-02
2.853605775205449e-02	3.200134e-02
2.854605775205449e-02	3.199457e-02
2.855605775205449e-02	3.200134e-02
2.856605775205449e-02	3.199457e-02
2.857605775205449e-02	3.200134e-02
2.858605775205449e-02	3.199457e-02
2.859605775205449e-02	3.200134e-02
2.860605775205449e-02	3.199457e-02
2.861605775205449e-02	3.200134e-02
2.862605775205449e-02	3.199457e-02
2.863605775205449e-02	3.200134e-02
2.864605775205449e-02	3.199457e-02
2.865605775205449e-02	3.200134e-02
2.866605775205449e-02	3.199457e-02
2.867605775205449e-02	3.200134e-02
2.868605775205449e-02	3.199457e-02
2.869605775205449e-02	3.200134e-02
2.870605775205449e-02	3.199457e-02
2.871605775205449e-02	3.200134e-02
2.872605775205449e-02	3.199457e-02
2.873605775205449e-02	3.200134e-02
2.874605775205449e-02	3.199457e-02
2.875605775205449e-02	3.200134e-02
2.876605775205449e-02	3.199457e-02
2.877605775205449e-02	3.200134e-02
2.878605775205449e-02	3.199457e-02
2.879605775205449e-02	3.200134e-02
2.880605775205449e-02	3.199457e-02
2.881605775205449e-02	3.200134e-02
2.882605775205449e-02	3.199457e-02
2.883605775205449e-02	3.200134e-02
2.884605775205449e-02	3.199457e-02
2.885605775205449e-02	3.200134e-02
2.886605775205449e-02	3.199457e-02
2.887605775205449e-02	3.200134e-02
2.888605775205449e-02	3.199457e-02
2.889605775205449e-02	3.200134e-02
2.890605775205449e-02	3.199457e-02
2.891605775205449e-02	3.200134e-02
2.892605775205449e-02	3.199457e-02
2.893605775205449e-02	3.200134e-02
2.894605775205449e-02	3.199457e-02
2.895605775205449e-02	3.200134e-02
2.896605775205449e-02	3.199457e-02
2.897605775205449e-02	3.200134e-02
2.898605775205449e-02	3.199457e-02
2.899605775205449e-02	3.200134e-02
2.900605775205449e-02	3.199457e-02
2.901605775205449e-02	3.200134e-02
2.902605775205449e-02	3.199457e-02
2.903605775205449e-02	3.200134e-02
2.904605775205449e-02	3.199457e-02
2.905605775205449e-02	3.200134e-02
2.906605775205449e-02	3.199457e-02
2.907605775205449e-02	3.200134e-02
2.908605775205449e-02	3.199457e-02
2.909605775205449e-02	3.200134e-02
2.910605775205449e-02	3.199457e-02
2.911605775205449e-02	3.200134e-02
2.912605775205449e-02	3.199457e-02
2.913605775205449e-02	3.200134e-02
2.914605775205449e-02	3.199457e-02
2.915605775205449e-02	3.200134e-02
2.916605775205449e-02	3.199457e-02
2.917605775205449e-02	3.200134e-02
2.918605775205449e-02	3.199457e-02
2.919605775205449e-02	3.200134e-02
2.920605775205449e-02	3.199457e-02
2.921605775205449e-02	3.200134e-02
2.922605775205449e-02	3.199457e-02
2.923605775205449e-02	3.200134e-02
2.924605775205449e-02	3.199457e-02
2.925605775205449e-02	3.200134e-02
2.926605775205449e-02	3.199457e-02
2.927605775205449e-02	3.200134e-02
2.928605775205449e-02	3.199457e-02
2.929605775205449e-02	3.200134e-02
2.930605775205449e-02	3.199457e-02
2.931605775205449e-02	3.200134e-02
2.932605775205449e-02	3.199457e-02
2.933605775205449e-02	3.200134e-02
2.934605775205449e-02	3.199457e-02
2.935605775205449e-02	3.200134e-02
2.936605775205449e-02	3.199457e-02
2.937605775205449e-02	3.200134e-02
2.938605775205449e-02	3.199457e-02
2.939605775205449e-02	3.200134e-02
2.940605775205449e-02	3.199457e-02
2.941605775205449e-02	3.200134e-02
2.942605775205449e-02	3.199457e-02
2.943605775205449e-02	3.200134e-02
2.944605775205449e-02	3.199457e-02
2.945605775205449e-02	3.200134e-02
2.946605775205449e-02	3.199457e-02
2.947605775205449e-02	3.200134e-02
2.948605775205449e-02	3.199457e-02
2.949605775205449e-02	3.200134e-02
2.950605775205449e-02	3.199457e-02
2.951605775205449e-02	3.200134e-02
2.952605775205449e-02	3.199457e-02
2.953605775205449e-02	3.200134e-02
2.954605775205449e-02	3.199457e-02
2.955605775205449e-02	3.200134e-02
2.956605775205449e-02	3.199457e-02
2.957605775205449e-02	3.200134e-02
2.958605775205449e-02	3.199457e-02
2.959605775205449e-02	3.200134e-02
2.960605775205449e-02	3.199457e-02
2.961605775205449e-02	3.200134e-02
2.962605775205449e-02	3.199457e-02
2.963605775205449e-02	3.200134e-02
2.964605775205449e-02	3.199457e-02
2.965605775205449e-02	3.200134e-02
2.966605775205449e-02	3.199457e-02
2.967605775205449e-02	3.200134e-02
2.968605775205449e-02	3.199457e-02
2.969605775205449e-02	3.200134e-02
2.970605775205449e-02	3.199457e-02
2.971605775205449e-02	3.200134e-02
2.972605775205449e-02	3.199457e-02
2.973605775205449e-02	3.200134e-02
2.974605775205449e-02	3.199457e-02
2.975605775205449e-02	3.200134e-02
2.976605775205449e-02	3.199457e-02
2.977605775205449e-02	3.200134e-02
2.978605775205449e-02	3.199457e-02
2.979605775205449e-02	3.200134e-02
2.980605775205449e-02	3.199457e-02
2.981605775205449e-02	3.200134e-02
2.982605775205449e-02	3.199457e-02
2.983605775205449e-02	3.200134e-02
2.984605775205449e-02	3.199457e-02
2.985605775205449e-02	3.200134e-02
2.986605775205449e-02	3.199457e-02
2.987605775205449e-02	3.200134e-02
2.988605775205449e-02	3.199457e-02
2.989605775205449e-02	3.200134e-02
2.990605775205449e-02	3.199457e-02
2.991605775205449e-02	3.200134e-02
2.992605775205449e-02	3.199457e-02
2.993605775205449e-02	3.200134e-02
2.994605775205449e-02	3.199457e-02
2.995605775205449e-02	3.200134e-02
2.996605775205449e-02	3.199457e-02
2.997605775205449e-02	3.200134e-02
2.998605775205449e-02	3.199457e-02
2.999605775205449e-02	3.200134e-02
3.000000000000000e-02	3.199457e-02
3.000000000100000e-02	3.200036e-02
3.000000000200000e-02	3.199581e-02
3.000000000642560e-02	3.199999e-02
3.000000001112437e-02	3.199602e-02
3.000000001861569e-02	3.199985e-02
3.000000003359835e-02	3.199609e-02
3.000000006356365e-02	3.199981e-02
3.000000012349427e-02	3.199610e-02
3.000000024335549e-02	3.199980e-02
3.000000048307794e-02	3.199611e-02
3.000000096252284e-02	3.199980e-02
3.000000192141264e-02	3.199611e-02
3.000000383919223e-02	3.199979e-02
3.000000767475142e-02	3.199608e-02
3.000001534586980e-02	3.199973e-02
3.000002541078512e-02	3.199598e-02
3.000004538884380e-02	3.199956e-02
3.000008534496116e-02	3.199568e-02
3.000016525719588e-02	3.199905e-02
3.000032508166533e-02	3.199493e-02
3.000064473060423e-02	3.200037e-02
3.000111411124148e-02	3.200243e-02
3.000173685792231e-02	3.201281e-02
3.000247234308875e-02	3.201477e-02
3.000261956077126e-02	3.201738e-02
3.000291399613626e-02	3.201837e-02
3.000350286686627e-02	3.201862e-02
3.000365008454877e-02	3.201853e-02
3.000394451991378e-02	3.201832e-02
3.000453339064379e-02	3.201786e-02
3.000571113210380e-02	3.201690e-02
3.000806661502384e-02	3.201503e-02
3.001277758086392e-02	3.201195e-02
3.002219951254407e-02	3.200791e-02
3.003219951254408e-02	3.200411e-02
3.004219951254408e-02	3.199716e-02
3.005219951254407e-02	3.197255e-02
3.005344951254407e-02	3.196365e-02
3.005594951254408e-02	3.192494e-02
3.006094951254407e-02	3.151088e-02
3.007094951254407e-02	3.053201e-02
3.008094951254408e-02	2.951400e-02
3.009094951254408e-02	2.848249e-02
3.010000000000000e-02	2.755880e-02
3.010000000100000e-02	2.755882e-02
3.010000001700000e-02	2.755881e-02
3.010000002442142e-02	2.755881e-02
3.010000003174983e-02	2.755881e-02
3.010000004640667e-02	2.755881e-02
3.010000007572034e-02	2.755880e-02
3.010000013434768e-02	2.755879e-02
3.010000025160235e-02	2.755877e-02
3.010000048611170e-02	2.755873e-02
3.010000095513041e-02	2.755865e-02
3.010000189316781e-02	2.755851e-02
3.010000376924262e-02	2.755826e-02
3.010000752139224e-02	2.755777e-02
3.010001502569148e-02	2.755680e-02
3.010003003428997e-02	2.755470e-02
3.010006005148694e-02	2.752680e-02
3.010009753211049e-02	2.754882e-02
3.010013481468418e-02	2.754855e-02
3.010016932898102e-02	2.754846e-02
3.010020244564703e-02	2.754768e-02
3.010024720838615e-02	2.754588e-02
3.010031209853156e-02	2.754114e-02
3.010032396863808e-02	2.754010e-02
3.010034770885113e-02	2.753783e-02
3.010039518927722e-02	2.753309e-02
3.010049015012941e-02	2.752352e-02
3.010068007183379e-02	2.750435e-02
3.010105991524253e-02	2.746600e-02
3.010149963079734e-02	2.742166e-02
3.010205400780289e-02	2.736582e-02
3.010276888874474e-02	2.729395e-02
3.010395386368535e-02	2.717513e-02
3.010624025611724e-02	2.694704e-02
3.011081304098103e-02	2.649564e-02
3.011995861070861e-02	2.561273e-02
3.012995861070861e-02	2.467755e-02
3.013995861070861e-02	2.377160e-02
3.014995861070861e-02	2.288868e-02
3.015995861070861e-02	2.200957e-02
3.016995861070861e-02	2.089719e-02
3.017995861070861e-02	1.810198e-02
3.018995861070861e-02	1.559248e-02
3.019995861070861e-02	1.434430e-02
3.020995861070861e-02	1.426809e-02
3.021995861070861e-02	1.388380e-02
3.022995861070861e-02	1.350967e-02
3.023995861070861e-02	1.317135e-02
3.024995861070861e-02	1.291124e-02
3.025995861070861e-02	1.282362e-02
3.026995861070861e-02	1.308082e-02
3.027995861070861e-02	1.401127e-02
3.028995861070861e-02	1.618513e-02
3.029995861070861e-02	2.334142e-02
3.030995861070861e-02	3.668746e-02
3.031995861070861e-02	5.354444e-02
3.032995861070861e-02	7.273751e-02
3.033995861070861e-02	9.276076e-02
3.034995861070861e-02	1.106669e-01
3.035995861070861e-02	1.147845e-01
3.036995861070861e-02	1.107882e-01
3.037995861070861e-02	1.049967e-01
3.038995861070861e-02	8.350215e-02
3.039995861070861e-02	4.842763e-02
3.040995861070861e-02	2.252267e-02
3.041995861070861e-02	6.489427e-03
3.042995861070861e-02	-3.578790e-06
3.043995861070861e-02	2.779665e-05
3.044995861070861e-02	-5.991715e-06
3.045995861070861e-02	2.717643e-05
3.046995861070861e-02	-6.277767e-06
3.047995861070861e-02	2.682443e-05
3.048995861070861e-02	-6.606264e-06
3.049995861070861e-02	2.648627e-05
3.050995861070861e-02	-6.918414e-06
3.051995861070861e-02	2.616617e-05
3.052995861070861e-02	-7.213822e-06
3.053995861070861e-02	2.586298e-05
3.054995861070861e-02	-7.493374e-06
3.055995861070861e-02	2.557580e-05
3.056995861070861e-02	-7.759888e-06
3.057995861070861e-02	2.529471e-05
3.058995861070861e-02	-8.027847e-06
3.059995861070861e-02	2.501374e-05
3.060995861070861e-02	-8.291582e-06
3.061995861070861e-02	2.474080e-05
3.062995861070861e-02	-8.545366e-06
3.063995861070861e-02	2.447981e-05
3.064995861070861e-02	-8.786572e-06
3.065995861070861e-02	2.423243e-05
3.066995861070861e-02	-9.017228e-06
3.067995861070861e-02	2.398815e-05
3.068995861070861e-02	-9.250040e-06
3.069995861070861e-02	2.374471e-05
3.070995861070861e-02	-9.477687e-06
3.071995861070861e-02	2.351015e-05
3.072995861070861e-02	-9.694611e-06
3.073995861070861e-02	2.328818e-05
3.074995861070861e-02	-9.898348e-06
3.075995861070861e-02	2.308028e-05
3.076995861070861e-02	-1.008802e-05
3.077995861070861e-02	2.288680e-05
3.078995861070861e-02	-1.026361e-05
3.079995861070861e-02	2.270746e-05
3.080995861070861e-02	-1.042555e-05
3.081995861070861e-02	2.254162e-05
3.082995861070861e-02	-1.057456e-05
3.083995861070861e-02	2.238849e-05
3.084995861070861e-02	-1.071147e-05
3.085995861070861e-02	2.224718e-05
3.086995861070861e-02	-1.083715e-05
3.087995861070861e-02	2.211680e-05
3.088995861070861e-02	-1.095250e-05
3.089995861070861e-02	2.199644e-05
3.090995861070861e-02	-1.105837e-05
3.091995861070861e-02	2.188527e-05
3.092995861070861e-02	-1.115556e-05
3.093995861070861e-02	2.178251e-05
3.094995861070861e-02	-1.124483e-05
3.095995861070861e-02	2.168740e-05
3.096995861070861e-02	-1.132688e-05
3.097995861070861e-02	2.159927e-05
3.098995861070861e-02	-1.140236e-05
3.099995861070861e-02	2.151751e-05
3.100000000100000e-02	-1.097868e-05
3.100000000200000e-02	-1.327264e-05
3.100000001800000e-02	-1.017868e-05
3.100000005000000e-02	-8.052121e-06
3.100000011400000e-02	-2.601882e-06
3.100000024200000e-02	8.373801e-07
3.100000049800000e-02	4.832863e-06
3.100000101000000e-02	4.560636e-06
3.100000203400000e-02	5.466629e-06
3.100000408200000e-02	4.480733e-06
3.100000817800000e-02	5.507007e-06
3.100001636999999e-02	4.513338e-06
3.100003275399998e-02	5.546104e-06
3.100006552199996e-02	4.530321e-06
3.100013105799992e-02	5.548811e-06
3.100026212999984e-02	4.528939e-06
3.100052427399968e-02	5.547616e-06
3.100104856199936e-02	4.525914e-06
3.100209713799873e-02	5.541876e-06
3.100419428999745e-02	4.514349e-06
3.100838859399490e-02	5.519048e-06
3.101677720198981e-02	4.469565e-06
3.102677720198981e-02	5.455364e-06
3.103677720198980e-02	4.402675e-06
3.104677720198980e-02	5.390965e-06
3.105677720198980e-02	4.340641e-06
3.106677720198981e-02	5.331204e-06
3.107677720198981e-02	4.283037e-06
3.108677720198981e-02	5.275677e-06
3.109677720198981e-02	4.229480e-06
3.110677720198981e-02	5.224019e-06
3.111677720198981e-02	4.179624e-06
3.112677720198980e-02	5.175901e-06
3.113677720198980e-02	4.133155e-06
3.114677720198981e-02	5.131025e-06
3.115677720198981e-02	4.089790e-06
3.116677720198981e-02	5.089123e-06
3.117677720198981e-02	4.049275e-06
3.118677720198981e-02	5.049952e-06
3.119677720198981e-02	4.011377e-06
3.120677720198980e-02	5.013291e-06
3.121677720198980e-02	3.975889e-06
3.122677720198980e-02	4.978944e-06
3.123677720198981e-02	3.942622e-06
3.124677720198981e-02	4.946728e-06
3.125677720198981e-02	3.911404e-06
3.126677720198980e-02	4.916483e-06
3.127677720198981e-02	3.882079e-06
3.128677720198981e-02	4.888058e-06
3.129677720198980e-02	3.854506e-06
3.130677720198981e-02	4.861319e-06
3.131677720198980e-02	3.828556e-06
3.132677720198981e-02	4.836144e-06
3.133677720198980e-02	3.804113e-06
3.134677720198981e-02	4.812421e-06
3.135677720198980e-02	3.781069e-06
3.136677720198981e-02	4.790047e-06
3.137677720198981e-02	3.759327e-06
3.138677720198980e-02	4.768929e-06
3.139677720198981e-02	3.738798e-06
3.140677720198980e-02	4.748981e-06
3.141677720198981e-02	3.719399e-06
3.142677720198980e-02	4.730126e-06
3.143677720198981e-02	3.701055e-06
3.144677720198981e-02	4.712291e-06
3.145677720198981e-02	3.683698e-06
3.146677720198981e-02	4.695410e-06
3.147677720198980e-02	3.667264e-06
3.148677720198981e-02	4.679423e-06
3.149677720198980e-02	3.651694e-06
3.150677720198981e-02	4.664272e-06
3.151677720198980e-02	3.636936e-06
3.152677720198981e-02	4.649906e-06
3.153677720198981e-02	3.622938e-06
3.154677720198980e-02	4.636278e-06
3.155677720198981e-02	3.609654e-06
3.156677720198980e-02	4.623343e-06
3.157677720198981e-02	3.597043e-06
3.158677720198980e-02	4.611060e-06
3.159677720198981e-02	3.585065e-06
3.160677720198980e-02	4.599392e-06
3.161677720198981e-02	3.573683e-06
3.162677720198981e-02	4.588302e-06
3.163677720198980e-02	3.562864e-06
3.164677720198981e-02	4.577759e-06
3.165677720198980e-02	3.552576e-06
3.166677720198981e-02	4.567732e-06
3.167677720198980e-02	3.542790e-06
3.168677720198981e-02	4.558194e-06
3.169677720198980e-02	3.533479e-06
3.170677720198981e-02	4.549118e-06
3.171677720198981e-02	3.524619e-06
3.172677720198980e-02	4.540481e-06
3.173677720198981e-02	3.516186e-06
3.174677720198980e-02	4.532260e-06
3.175677720198981e-02	3.508159e-06
3.176677720198980e-02	4.524435e-06
3.177677720198981e-02	3.500518e-06
3.178677720198981e-02	4.516987e-06
3.179677720198981e-02	3.493246e-06
3.180677720198981e-02	4.509900e-06
3.181677720198980e-02	3.486326e-06
3.182677720198981e-02	4.503157e-06
3.183677720198980e-02	3.479744e-06
3.184677720198981e-02	4.496746e-06
3.185677720198980e-02	3.473486e-06
3.186677720198981e-02	4.490653e-06
3.187677720198981e-02	3.467542e-06
3.188677720198980e-02	4.484868e-06
3.189677720198981e-02	3.461902e-06
3.190677720198980e-02	4.479383e-06
3.191677720198981e-02	3.456556e-06
3.192677720198980e-02	4.474189e-06
3.193677720198981e-02	3.451499e-06
3.194677720198980e-02	4.469281e-06
3.195677720198981e-02	3.446726e-06
3.196677720198981e-02	4.464654e-06
3.197677720198980e-02	3.442232e-06
3.198677720198981e-02	4.460305e-06
3.199677720198980e-02	3.438013e-06
3.200677720198981e-02	4.456229e-06
3.201677720198980e-02	3.434067e-06
3.202677720198981e-02	4.452423e-06
3.203677720198980e-02	3.430386e-06
3.204677720198981e-02	4.448877e-06
3.205677720198981e-02	3.426958e-06
3.206677720198980e-02	4.445575e-06
3.207677720198981e-02	3.423763e-06
3.208677720198980e-02	4.442490e-06
3.209677720198981e-02	3.420765e-06
3.210677720198980e-02	4.439579e-06
3.211677720198981e-02	3.417915e-06
3.212677720198980e-02	4.436787e-06
3.213677720198981e-02	3.415149e-06
3.214677720198981e-02	4.434043e-06
3.215677720198980e-02	3.412399e-06
3.216677720198981e-02	4.431283e-06
3.217677720198980e-02	3.409604e-06
3.218677720198981e-02	4.428456e-06
3.219677720198980e-02	3.406725e-06
3.220677720198981e-02	4.425535e-06
3.221677720198981e-02	3.403750e-06
3.222677720198980e-02	4.422522e-06
3.223677720198981e-02	3.400693e-06
3.224677720198980e-02	4.419440e-06
3.225677720198981e-02	3.397582e-06
3.226677720198980e-02	4.416320e-06
3.227677720198981e-02	3.394450e-06
3.228677720198980e-02	4.413197e-06
3.229677720198981e-02	3.391329e-06
3.230677720198981e-02	4.410097e-06
3.231677720198980e-02	3.388245e-06
3.232677720198981e-02	4.407045e-06
3.233677720198980e-02	3.385216e-06
3.234677720198981e-02	4.404055e-06
3.235677720198980e-02	3.382257e-06
3.236677720198981e-02	4.401140e-06
3.237677720198980e-02	3.379376e-06
3.238677720198981e-02	4.398306e-06
3.239677720198981e-02	3.376578e-06
3.240677720198980e-02	4.395557e-06
3.241677720198981e-02	3.373865e-06
3.242677720198980e-02	4.392893e-06
3.243677720198981e-02	3.371239e-06
3.244677720198980e-02	4.390315e-06
3.245677720198981e-02	3.368697e-06
3.246677720198980e-02	4.387822e-06
3.247677720198981e-02	3.366240e-06
3.248677720198981e-02	4.385412e-06
3.249677720198980e-02	3.363865e-06
3.250677720198981e-02	4.383082e-06
3.251677720198980e-02	3.361569e-06
3.252677720198981e-02	4.380832e-06
3.253677720198980e-02	3.359350e-06
3.254677720198981e-02	4.378656e-06
3.255677720198981e-02	3.357206e-06
3.256677720198980e-02	4.376554e-06
3.257677720198981e-02	3.355134e-06
3.258677720198980e-02	4.374524e-06
3.259677720198981e-02	3.353131e-06
3.260677720198980e-02	4.372560e-06
3.261677720198981e-02	3.351195e-06
3.262677720198980e-02	4.370663e-06
3.263677720198981e-02	3.349324e-06
3.264677720198981e-02	4.368828e-06
3.265677720198980e-02	3.347514e-06
3.266677720198981e-02	4.367055e-06
3.267677720198980e-02	3.345765e-06
3.268677720198981e-02	4.365340e-06
3.269677720198980e-02	3.344072e-06
3.270677720198981e-02	4.363681e-06
3.271677720198980e-02	3.342436e-06
3.272677720198981e-02	4.362078e-06
3.273677720198981e-02	3.340852e-06
3.274677720198980e-02	4.360526e-06
3.275677720198981e-02	3.339320e-06
3.276677720198980e-02	4.359024e-06
3.277677720198981e-02	3.337837e-06
3.278677720198980e-02	4.357571e-06
3.279677720198981e-02	3.336402e-06
3.280677720198980e-02	4.356165e-06
3.281677720198981e-02	3.335012e-06
3.282677720198981e-02	4.354804e-06
3.283677720198980e-02	3.333668e-06
3.284677720198981e-02	4.353486e-06
3.285677720198980e-02	3.332365e-06
3.286677720198981e-02	4.352211e-06
3.287677720198980e-02	3.331104e-06
3.288677720198981e-02	4.350976e-06
3.289677720198981e-02	3.329883e-06
3.290677720198980e-02	4.349779e-06
3.291677720198981e-02	3.328700e-06
3.292677720198980e-02	4.348621e-06
3.293677720198981e-02	3.327554e-06
3.294677720198980e-02	4.347499e-06
3.295677720198981e-02	3.326443e-06
3.296677720198980e-02	4.346412e-06
3.297677720198981e-02	3.325368e-06
3.298677720198981e-02	4.345358e-06
3.299677720198980e-02	3.324325e-06
3.300677720198981e-02	4.344337e-06
3.301677720198980e-02	3.323314e-06
3.302677720198981e-02	4.343348e-06
3.303677720198980e-02	3.322335e-06
3.304677720198981e-02	4.342390e-06
3.305677720198980e-02	3.321385e-06
3.306677720198981e-02	4.341461e-06
3.307677720198981e-02	3.320465e-06
3.308677720198980e-02	4.340560e-06
3.309677720198981e-02	3.319572e-06
3.310677720198980e-02	4.339687e-06
3.311677720198981e-02	3.318707e-06
3.312677720198980e-02	4.338840e-06
3.313677720198981e-02	3.317868e-06
3.314677720198980e-02	4.338020e-06
3.315677720198981e-02	3.317053e-06
3.316677720198981e-02	4.337223e-06
3.317677720198980e-02	3.316264e-06
3.318677720198981e-02	4.336452e-06
3.319677720198980e-02	3.315498e-06
3.320677720198981e-02	4.335703e-06
3.321677720198980e-02	3.314755e-06
3.322677720198981e-02	4.334977e-06
3.323677720198981e-02	3.314034e-06
3.324677720198981e-02	4.334272e-06
3.325677720198981e-02	3.313335e-06
3.326677720198980e-02	4.333589e-06
3.327677720198981e-02	3.312656e-06
3.328677720198980e-02	4.332926e-06
3.329677720198981e-02	3.311997e-06
3.330677720198980e-02	4.332283e-06
3.331677720198981e-02	3.311359e-06
3.332677720198981e-02	4.331660e-06
3.333677720198980e-02	3.310738e-06
3.334677720198981e-02	4.331054e-06
3.335677720198980e-02	3.310136e-06
3.336677720198981e-02	4.330466e-06
3.337677720198980e-02	3.309552e-06
3.338677720198981e-02	4.329896e-06
3.339677720198980e-02	3.308984e-06
3.340677720198981e-02	4.329343e-06
3.341677720198981e-02	3.308434e-06
3.342677720198980e-02	4.328806e-06
3.343677720198981e-02	3.307899e-06
3.344677720198980e-02	4.328285e-06
3.345677720198981e-02	3.307380e-06
3.346677720198980e-02	4.327779e-06
3.347677720198981e-02	3.306876e-06
3.348677720198980e-02	4.327288e-06
3.349677720198981e-02	3.306386e-06
3.350677720198981e-02	4.326811e-06
3.351677720198980e-02	3.305911e-06
3.352677720198981e-02	4.326349e-06
3.353677720198980e-02	3.305449e-06
3.354677720198981e-02	4.325899e-06
3.355677720198980e-02	3.305001e-06
3.356677720198981e-02	4.325463e-06
3.357677720198980e-02	3.304566e-06
3.358677720198981e-02	4.325039e-06
3.359677720198981e-02	3.304143e-06
3.360677720198980e-02	4.324628e-06
3.361677720198981e-02	3.303732e-06
3.362677720198980e-02	4.324229e-06
3.363677720198981e-02	3.303333e-06
3.364677720198980e-02	4.323841e-06
3.365677720198981e-02	3.302945e-06
3.366677720198981e-02	4.323465e-06
3.367677720198980e-02	3.302569e-06
3.368677720198981e-02	4.323099e-06
3.369677720198980e-02	3.302203e-06
3.370677720198981e-02	4.322745e-06
3.371677720198980e-02	3.301848e-06
3.372677720198981e-02	4.322400e-06
3.373677720198980e-02	3.301502e-06
3.374677720198981e-02	4.322065e-06
3.375677720198981e-02	3.301167e-06
3.376677720198980e-02	4.321740e-06
3.377677720198981e-02	3.300841e-06
3.378677720198980e-02	4.321424e-06
3.379677720198981e-02	3.300524e-06
3.380677720198980e-02	4.321117e-06
3.381677720198981e-02	3.300216e-06
3.382677720198980e-02	4.320819e-06
3.383677720198981e-02	3.299917e-06
3.384677720198981e-02	4.320530e-06
3.385677720198980e-02	3.299626e-06
3.386677720198981e-02	4.320249e-06
3.387677720198980e-02	3.299344e-06
3.388677720198981e-02	4.319976e-06
3.389677720198980e-02	3.299069e-06
3.390677720198981e-02	4.319711e-06
3.391677720198980e-02	3.298802e-06
3.392677720198981e-02	4.319453e-06
3.393677720198981e-02	3.298543e-06
3.394677720198980e-02	4.319203e-06
3.395677720198981e-02	3.298291e-06
3.396677720198980e-02	4.318960e-06
3.397677720198981e-02	3.298046e-06
3.398677720198980e-02	4.318724e-06
3.399677720198981e-02	3.297808e-06
3.400677720198981e-02	4.318495e-06
3.401677720198980e-02	3.297576e-06
3.402677720198981e-02	4.318272e-06
3.403677720198980e-02	3.297351e-06
3.404677720198981e-02	4.318056e-06
3.405677720198980e-02	3.297132e-06
3.406677720198981e-02	4.317845e-06
3.407677720198980e-02	3.296919e-06
3.408677720198981e-02	4.317641e-06
3.409677720198981e-02	3.296713e-06
3.410677720198980e-02	4.317443e-06
3.411677720198981e-02	3.296512e-06
3.412677720198980e-02	4.317250e-06
3.413677720198981e-02	3.296316e-06
3.414677720198980e-02	4.317063e-06
3.415677720198981e-02	3.296126e-06
3.416677720198980e-02	4.316881e-06
3.417677720198981e-02	3.295941e-06
3.418677720198981e-02	4.316704e-06
3.419677720198980e-02	3.295761e-06
3.420677720198981e-02	4.316532e-06
3.421677720198980e-02	3.295587e-06
3.422677720198981e-02	4.316365e-06
3.423677720198980e-02	3.295417e-06
3.424677720198981e-02	4.316204e-06
3.425677720198980e-02	3.295252e-06
3.426677720198981e-02	4.316046e-06
3.427677720198981e-02	3.295091e-06
3.428677720198980e-02	4.315893e-06
3.429677720198981e-02	3.294935e-06
3.430677720198980e-02	4.315745e-06
3.431677720198981e-02	3.294783e-06
3.432677720198980e-02	4.315600e-06
3.433677720198981e-02	3.294635e-06
3.434677720198981e-02	4.315460e-06
3.435677720198980e-02	3.294491e-06
3.436677720198981e-02	4.315324e-06
3.437677720198980e-02	3.294352e-06
3.438677720198981e-02	4.315191e-06
3.439677720198980e-02	3.294216e-06
3.440677720198981e-02	4.315063e-06
3.441677720198980e-02	3.294084e-06
3.442677720198981e-02	4.314938e-06
3.443677720198981e-02	3.293955e-06
3.444677720198980e-02	4.314817e-06
3.445677720198981e-02	3.293830e-06
3.446677720198980e-02	4.314699e-06
3.447677720198981e-02	3.293708e-06
3.448677720198980e-02	4.314584e-06
3.449677720198981e-02	3.293590e-06
3.450677720198980e-02	4.314473e-06
3.451677720198981e-02	3.293475e-06
3.452677720198981e-02	4.314365e-06
3.453677720198980e-02	3.293363e-06
3.454677720198981e-02	4.314260e-06
3.455677720198980e-02	3.293254e-06
3.456677720198981e-02	4.314158e-06
3.457677720198980e-02	3.293148e-06
3.458677720198981e-02	4.314059e-06
3.459677720198980e-02	3.293045e-06
3.460677720198981e-02	4.313963e-06
3.461677720198981e-02	3.292945e-06
3.462677720198980e-02	4.313869e-06
3.463677720198981e-02	3.292847e-06
3.464677720198980e-02	4.313778e-06
3.465677720198981e-02	3.292752e-06
3.466677720198980e-02	4.313690e-06
3.467677720198981e-02	3.292660e-06
3.468677720198980e-02	4.313604e-06
3.469677720198980e-02	3.292570e-06
3.470677720198981e-02	4.313521e-06
3.471677720198980e-02	3.292482e-06
3.472677720198981e-02	4.313440e-06
3.473677720198980e-02	3.292397e-06
3.474677720198981e-02	4.313361e-06
3.475677720198980e-02	3.292315e-06
3.476677720198981e-02	4.313285e-06
3.477677720198981e-02	3.292234e-06
3.478677720198980e-02	4.313211e-06
3.479677720198981e-02	3.292156e-06
3.480677720198980e-02	4.313139e-06
3.481677720198981e-02	3.292079e-06
3.482677720198980e-02	4.313069e-06
3.483677720198981e-02	3.292005e-06
3.484677720198980e-02	4.313002e-06
3.485677720198981e-02	3.291933e-06
3.486677720198981e-02	4.312936e-06
3.487677720198980e-02	3.291863e-06
3.488677720198981e-02	4.312872e-06
3.489677720198980e-02	3.291794e-06
3.490677720198981e-02	4.312809e-06
3.491677720198980e-02	3.291728e-06
3.492677720198981e-02	4.312749e-06
3.493677720198980e-02	3.291663e-06
3.494677720198981e-02	4.312691e-06
3.495677720198981e-02	3.291600e-06
3.496677720198980e-02	4.312633e-06
3.497677720198981e-02	3.291538e-06
3.498677720198980e-02	4.312578e-06
3.499677720198981e-02	3.291478e-06
3.500677720198980e-02	4.312525e-06
3.501677720198981e-02	3.291420e-06
3.502677720198980e-02	4.312472e-06
3.503677720198980e-02	3.291364e-06
3.504677720198981e-02	4.312422e-06
3.505677720198980e-02	3.291308e-06
3.506677720198981e-02	4.312373e-06
3.507677720198980e-02	3.291255e-06
3.508677720198981e-02	4.312325e-06
3.509677720198980e-02	3.291202e-06
3.510677720198981e-02	4.312279e-06
3.511677720198981e-02	3.291151e-06
3.512677720198980e-02	4.312234e-06
3.513677720198981e-02	3.291102e-06
3.514677720198980e-02	4.312190e-06
3.515677720198981e-02	3.291054e-06
3.516677720198980e-02	4.312148e-06
3.517677720198981e-02	3.291007e-06
3.518677720198980e-02	4.312107e-06
3.519677720198981e-02	3.290961e-06
3.520677720198981e-02	4.312067e-06
3.521677720198980e-02	3.290916e-06
3.522677720198981e-02	4.312029e-06
3.523677720198980e-02	3.290873e-06
3.524677720198981e-02	4.311991e-06
3.525677720198980e-02	3.290830e-06
3.526677720198981e-02	4.311954e-06
3.527677720198980e-02	3.290789e-06
3.528677720198981e-02	4.311919e-06
3.529677720198981e-02	3.290749e-06
3.530677720198980e-02	4.311885e-06
3.531677720198981e-02	3.290710e-06
3.532677720198980e-02	4.311852e-06
3.533677720198981e-02	3.290672e-06
3.534677720198980e-02	4.311819e-06
3.535677720198981e-02	3.290635e-06
3.536677720198980e-02	4.311788e-06
3.537677720198980e-02	3.290599e-06
3.538677720198981e-02	4.311757e-06
3.539677720198980e-02	3.290564e-06
3.540677720198981e-02	4.311728e-06
3.541677720198980e-02	3.290529e-06
3.542677720198981e-02	4.311700e-06
3.543677720198980e-02	3.290496e-06
3.544677720198981e-02	4.311672e-06
3.545677720198981e-02	3.290463e-06
3.546677720198980e-02	4.311645e-06
3.547677720198981e-02	3.290432e-06
3.548677720198980e-02	4.311619e-06
3.549677720198981e-02	3.290401e-06
3.550677720198980e-02	4.311594e-06
3.551677720198981e-02	3.290370e-06
3.552677720198980e-02	4.311569e-06
3.553677720198981e-02	3.290341e-06
3.554677720198981e-02	4.311546e-06
3.555677720198980e-02	3.290312e-06
3.556677720198981e-02	4.311522e-06
3.557677720198980e-02	3.290284e-06
3.558677720198981e-02	4.311500e-06
3.559677720198980e-02	3.290257e-06
3.560677720198981e-02	4.311479e-06
3.561677720198980e-02	3.290231e-06
3.562677720198981e-02	4.311457e-06
3.563677720198981e-02	3.290205e-06
3.564677720198980e-02	4.311437e-06
3.565677720198981e-02	3.290180e-06
3.566677720198980e-02	4.311418e-06
3.567677720198981e-02	3.290155e-06
3.568677720198980e-02	4.311399e-06
3.569677720198981e-02	3.290131e-06
3.570677720198980e-02	4.311380e-06
3.571677720198980e-02	3.290108e-06
3.572677720198981e-02	4.311362e-06
3.573677720198980e-02	3.290085e-06
3.574677720198981e-02	4.311345e-06
3.575677720198980e-02	3.290063e-06
3.576677720198981e-02	4.311328e-06
3.577677720198980e-02	3.290041e-06
3.578677720198981e-02	4.311312e-06
3.579677720198981e-02	3.290020e-06
3.580677720198980e-02	4.311296e-06
3.581677720198981e-02	3.289999e-06
3.582677720198980e-02	4.311281e-06
3.583677720198981e-02	3.289979e-06
3.584677720198980e-02	4.311266e-06
3.585677720198981e-02	3.289959e-06
3.586677720198980e-02	4.311252e-06
3.587677720198981e-02	3.289940e-06
3.588677720198981e-02	4.311238e-06
3.589677720198980e-02	3.289921e-06
3.590677720198981e-02	4.311225e-06
3.591677720198980e-02	3.289903e-06
3.592677720198981e-02	4.311212e-06
3.593677720198980e-02	3.289885e-06
3.594677720198981e-02	4.311200e-06
3.595677720198980e-02	3.289867e-06
3.596677720198981e-02	4.311188e-06
3.597677720198981e-02	3.289850e-06
3.598677720198980e-02	4.311176e-06
3.599677720198981e-02	3.289834e-06
3.600677720198980e-02	4.311165e-06
3.601677720198981e-02	3.289817e-06
3.602677720198980e-02	4.311154e-06
3.603677720198981e-02	3.289802e-06
3.604677720198980e-02	4.311144e-06
3.605677720198981e-02	3.289786e-06
3.606677720198981e-02	4.311134e-06
3.607677720198980e-02	3.289771e-06
3.608677720198981e-02	4.311124e-06
3.609677720198980e-02	3.289756e-06
3.610677720198981e-02	4.311114e-06
3.611677720198980e-02	3.289742e-06
3.612677720198981e-02	4.311105e-06
3.613677720198980e-02	3.289728e-06
3.614677720198980e-02	4.311096e-06
3.615677720198981e-02	3.289714e-06
3.616677720198980e-02	4.311088e-06
3.617677720198981e-02	3.289700e-06
3.618677720198980e-02	4.311080e-06
3.619677720198981e-02	3.289687e-06
3.620677720198980e-02	4.311072e-06
3.621677720198981e-02	3.289674e-06
3.622677720198981e-02	4.311064e-06
3.623677720198980e-02	3.289662e-06
3.624677720198981e-02	4.311057e-06
3.625677720198980e-02	3.289649e-06
3.626677720198981e-02	4.311050e-06
3.627677720198980e-02	3.289637e-06
3.628677720198981e-02	4.311043e-06
3.629677720198980e-02	3.289626e-06
3.630677720198981e-02	4.311037e-06
3.631677720198981e-02	3.289614e-06
3.632677720198980e-02	4.311030e-06
3.633677720198981e-02	3.289603e-06
3.634677720198980e-02	4.311024e-06
3.635677720198981e-02	3.289591e-06
3.636677720198980e-02	4.311019e-06
3.637677720198981e-02	3.289581e-06
3.638677720198980e-02	4.311013e-06
3.639677720198981e-02	3.289570e-06
3.640677720198981e-02	4.311008e-06
3.641677720198980e-02	3.289560e-06
3.642677720198981e-02	4.311003e-06
3.643677720198980e-02	3.289550e-06
3.644677720198981e-02	4.310998e-06
3.645677720198980e-02	3.289540e-06
3.646677720198981e-02	4.310993e-06
3.647677720198980e-02	3.289530e-06
3.648677720198980e-02	4.310989e-06
3.649677720198981e-02	3.289520e-06
3.650677720198980e-02	4.310984e-06
3.651677720198981e-02	3.289511e-06
3.652677720198980e-02	4.310980e-06
3.653677720198981e-02	3.289502e-06
3.654677720198980e-02	4.310976e-06
3.655677720198981e-02	3.289493e-06
3.656677720198981e-02	4.310973e-06
3.657677720198980e-02	3.289484e-06
3.658677720198981e-02	4.310969e-06
3.659677720198980e-02	3.289475e-06
3.660677720198981e-02	4.310966e-06
3.661677720198980e-02	3.289467e-06
3.662677720198981e-02	4.310963e-06
3.663677720198980e-02	3.289459e-06
3.664677720198981e-02	4.310959e-06
3.665677720198981e-02	3.289451e-06
3.666677720198980e-02	4.310957e-06
3.667677720198981e-02	3.289443e-06
3.668677720198980e-02	4.310954e-06
3.669677720198981e-02	3.289435e-06
3.670677720198980e-02	4.310951e-06
3.671677720198981e-02	3.289427e-06
3.672677720198980e-02	4.310948e-06
3.673677720198981e-02	3.289420e-06
3.674677720198981e-02	4.310946e-06
3.675677720198980e-02	3.289412e-06
3.676677720198981e-02	4.310944e-06
3.677677720198980e-02	3.289405e-06
3.678677720198981e-02	4.310942e-06
3.679677720198980e-02	3.289398e-06
3.680677720198981e-02	4.310940e-06
3.681677720198980e-02	3.289391e-06
3.682677720198980e-02	4.310938e-06
3.683677720198981e-02	3.289384e-06
3.684677720198980e-02	4.310937e-06
3.685677720198981e-02	3.289377e-06
3.686677720198980e-02	4.310935e-06
3.687677720198981e-02	3.289371e-06
3.688677720198980e-02	4.310933e-06
3.689677720198981e-02	3.289364e-06
3.690677720198981e-02	4.310932e-06
3.691677720198980e-02	3.289358e-06
3.692677720198981e-02	4.310931e-06
3.693677720198980e-02	3.289351e-06
3.694677720198981e-02	4.310930e-06
3.695677720198980e-02	3.289345e-06
3.696677720198981e-02	4.310928e-06
3.697677720198980e-02	3.289339e-06
3.698677720198981e-02	4.310928e-06
3.699677720198981e-02	3.289333e-06
3.700677720198980e-02	4.310927e-06
3.701677720198981e-02	3.289327e-06
3.702677720198980e-02	4.310926e-06
3.703677720198981e-02	3.289321e-06
3.704677720198980e-02	4.310925e-06
3.705677720198981e-02	3.289316e-06
3.706677720198980e-02	4.310925e-06
3.707677720198981e-02	3.289310e-06
3.708677720198981e-02	4.310924e-06
3.709677720198980e-02	3.289304e-06
3.710677720198981e-02	4.310924e-06
3.711677720198980e-02	3.289299e-06
3.712677720198981e-02	4.310923e-06
3.713677720198980e-02	3.289294e-06
3.714677720198981e-02	4.310923e-06
3.715677720198980e-02	3.289288e-06
3.716677720198980e-02	4.310923e-06
3.717677720198981e-02	3.289283e-06
3.718677720198980e-02	4.310923e-06
3.719677720198981e-02	3.289278e-06
3.720677720198980e-02	4.310923e-06
3.721677720198981e-02	3.289273e-06
3.722677720198980e-02	4.310923e-06
3.723677720198981e-02	3.289268e-06
3.724677720198980e-02	4.310923e-06
3.725677720198980e-02	3.289263e-06
3.726677720198981e-02	4.310923e-06
3.727677720198980e-02	3.289258e-06
3.728677720198981e-02	4.310923e-06
3.729677720198980e-02	3.289253e-06
3.730677720198981e-02	4.310924e-06
3.731677720198980e-02	3.289249e-06
3.732677720198981e-02	4.310924e-06
3.733677720198981e-02	3.289244e-06
3.734677720198980e-02	4.310924e-06
3.735677720198981e-02	3.289239e-06
3.736677720198980e-02	4.310925e-06
3.737677720198981e-02	3.289235e-06
3.738677720198980e-02	4.310926e-06
3.739677720198981e-02	3.289230e-06
3.740677720198980e-02	4.310926e-06
3.741677720198981e-02	3.289226e-06
3.742677720198981e-02	4.310927e-06
3.743677720198980e-02	3.289221e-06
3.744677720198981e-02	4.310928e-06
3.745677720198980e-02	3.289217e-06
3.746677720198981e-02	4.310928e-06
3.747677720198980e-02	3.289213e-06
3.748677720198981e-02	4.310929e-06
3.749677720198980e-02	3.289209e-06
3.750677720198980e-02	4.310930e-06
3.751677720198981e-02	3.289204e-06
3.752677720198980e-02	4.310931e-06
3.753677720198981e-02	3.289200e-06
3.754677720198980e-02	4.310932e-06
3.755677720198981e-02	3.289196e-06
3.756677720198980e-02	4.310933e-06
3.757677720198981e-02	3.289192e-06
3.758677720198980e-02	4.310933e-06
3.759677720198980e-02	3.289188e-06
3.760677720198981e-02	4.310935e-06
3.761677720198980e-02	3.289184e-06
3.762677720198981e-02	4.310936e-06
3.763677720198980e-02	3.289180e-06
3.764677720198981e-02	4.310937e-06
3.765677720198980e-02	3.289176e-06
3.766677720198981e-02	4.310938e-06
3.767677720198981e-02	3.289172e-06
3.768677720198980e-02	4.310939e-06
3.769677720198981e-02	3.289168e-06
3.770677720198980e-02	4.310940e-06
3.771677720198981e-02	3.289165e-06
3.772677720198980e-02	4.310942e-06
3.773677720198981e-02	3.289161e-06
3.774677720198980e-02	4.310943e-06
3.775677720198981e-02	3.289157e-06
3.776677720198981e-02	4.310944e-06
3.777677720198980e-02	3.289154e-06
3.778677720198981e-02	4.310946e-06
3.779677720198980e-02	3.289150e-06
3.780677720198981e-02	4.310947e-06
3.781677720198980e-02	3.289146e-06
3.782677720198981e-02	4.310948e-06
3.783677720198980e-02	3.289143e-06
3.784677720198980e-02	4.310950e-06
3.785677720198981e-02	3.289139e-06
3.786677720198980e-02	4.310952e-06
3.787677720198981e-02	3.289136e-06
3.788677720198980e-02	4.310953e-06
3.789677720198981e-02	3.289132e-06
3.790677720198980e-02	4.310955e-06
3.791677720198981e-02	3.289129e-06
3.792677720198980e-02	4.310956e-06
3.793677720198980e-02	3.289125e-06
3.794677720198981e-02	4.310958e-06
3.795677720198980e-02	3.289122e-06
3.796677720198981e-02	4.310959e-06
3.797677720198980e-02	3.289119e-06
3.798677720198981e-02	4.310961e-06
3.799677720198980e-02	3.289115e-06
3.800677720198981e-02	4.310963e-06
3.801677720198981e-02	3.289112e-06
3.802677720198980e-02	4.310964e-06
3.803677720198981e-02	3.289109e-06
3.804677720198980e-02	4.310966e-06
3.805677720198981e-02	3.289105e-06
3.806677720198980e-02	4.310968e-06
3.807677720198981e-02	3.289102e-06
3.808677720198980e-02	4.310969e-06
3.809677720198981e-02	3.289099e-06
3.810677720198981e-02	4.310971e-06
3.811677720198980e-02	3.289096e-06
3.812677720198981e-02	4.310973e-06
3.813677720198980e-02	3.289093e-06
3.814677720198981e-02	4.310975e-06
3.815677720198980e-02	3.289089e-06
3.816677720198981e-02	4.310977e-06
3.817677720198980e-02	3.289086e-06
3.818677720198980e-02	4.310979e-06
3.819677720198981e-02	3.289083e-06
3.820677720198980e-02	4.310980e-06
3.821677720198981e-02	3.289080e-06
3.822677720198980e-02	4.310982e-06
3.823677720198981e-02	3.289077e-06
3.824677720198980e-02	4.310984e-06
3.825677720198981e-02	3.289074e-06
3.826677720198980e-02	4.310986e-06
3.827677720198980e-02	3.289071e-06
3.828677720198981e-02	4.310988e-06
3.829677720198980e-02	3.289068e-06
3.830677720198981e-02	4.310990e-06
3.831677720198980e-02	3.289065e-06
3.832677720198981e-02	4.310992e-06
3.833677720198980e-02	3.289062e-06
3.834677720198981e-02	4.310994e-06
3.835677720198981e-02	3.289058e-06
3.836677720198980e-02	4.310996e-06
3.837677720198981e-02	3.289055e-06
3.838677720198980e-02	4.310998e-06
3.839677720198981e-02	3.289053e-06
3.840677720198980e-02	4.311000e-06
3.841677720198981e-02	3.289050e-06
3.842677720198980e-02	4.311002e-06
3.843677720198981e-02	3.289047e-06
3.844677720198981e-02	4.311004e-06
3.845677720198980e-02	3.289044e-06
3.846677720198981e-02	4.311006e-06
3.847677720198980e-02	3.289041e-06
3.848677720198981e-02	4.311008e-06
3.849677720198980e-02	3.289038e-06
3.850677720198981e-02	4.311010e-06
3.851677720198980e-02	3.289035e-06
3.852677720198980e-02	4.311012e-06
3.853677720198981e-02	3.289032e-06
3.854677720198980e-02	4.311014e-06
3.855677720198981e-02	3.289029e-06
3.856677720198980e-02	4.311016e-06
3.857677720198981e-02	3.289026e-06
3.858677720198980e-02	4.311019e-06
3.859677720198981e-02	3.289024e-06
3.860677720198980e-02	4.311021e-06
3.861677720198980e-02	3.289021e-06
3.862677720198981e-02	4.311023e-06
3.863677720198980e-02	3.289018e-06
3.864677720198981e-02	4.311025e-06
3.865677720198980e-02	3.289015e-06
3.866677720198981e-02	4.311027e-06
3.867677720198980e-02	3.289012e-06
3.868677720198981e-02	4.311029e-06
3.869677720198980e-02	3.289010e-06
3.870677720198980e-02	4.311031e-06
3.871677720198981e-02	3.289007e-06
3.872677720198980e-02	4.311034e-06
3.873677720198981e-02	3.289004e-06
3.874677720198980e-02	4.311036e-06
3.875677720198981e-02	3.289001e-06
3.876677720198980e-02	4.311038e-06
3.877677720198981e-02	3.288998e-06
3.878677720198981e-02	4.311040e-06
3.879677720198980e-02	3.288996e-06
3.880677720198981e-02	4.311042e-06
3.881677720198980e-02	3.288993e-06
3.882677720198981e-02	4.311044e-06
3.883677720198980e-02	3.288990e-06
3.884677720198981e-02	4.311047e-06
3.885677720198980e-02	3.288988e-06
3.886677720198981e-02	4.311049e-06
3.887677720198981e-02	3.288985e-06
3.888677720198980e-02	4.311051e-06
3.889677720198981e-02	3.288982e-06
3.890677720198980e-02	4.311054e-06
3.891677720198981e-02	3.288979e-06
3.892677720198980e-02	4.311055e-06
3.893677720198981e-02	3.288977e-06
3.894677720198980e-02	4.311058e-06
3.895677720198980e-02	3.288974e-06
3.896677720198981e-02	4.311060e-06
3.897677720198980e-02	3.288971e-06
3.898677720198981e-02	4.311062e-06
3.899677720198980e-02	3.288969e-06
3.900677720198981e-02	4.311064e-06
3.901677720198980e-02	3.288966e-06
3.902677720198981e-02	4.311067e-06
3.903677720198980e-02	3.288963e-06
3.904677720198980e-02	4.311069e-06
3.905677720198981e-02	3.288961e-06
3.906677720198980e-02	4.311071e-06
3.907677720198981e-02	3.288958e-06
3.908677720198980e-02	4.311074e-06
3.909677720198981e-02	3.288955e-06
3.910677720198980e-02	4.311076e-06
3.911677720198981e-02	3.288953e-06
3.912677720198981e-02	4.311078e-06
3.913677720198980e-02	3.288950e-06
3.914677720198981e-02	4.311080e-06
3.915677720198980e-02	3.288947e-06
3.916677720198981e-02	4.311083e-06
3.917677720198980e-02	3.288945e-06
3.918677720198981e-02	4.311085e-06
3.919677720198980e-02	3.288942e-06
3.920677720198981e-02	4.311087e-06
3.921677720198981e-02	3.288940e-06
3.922677720198980e-02	4.311089e-06
3.923677720198981e-02	3.288937e-06
3.924677720198980e-02	4.311092e-06
3.925677720198981e-02	3.288935e-06
3.926677720198980e-02	4.311094e-06
3.927677720198981e-02	3.288932e-06
3.928677720198980e-02	4.311097e-06
3.929677720198980e-02	3.288929e-06
3.930677720198981e-02	4.311099e-06
3.931677720198980e-02	3.288927e-06
3.932677720198981e-02	4.311101e-06
3.933677720198980e-02	3.288924e-06
3.934677720198981e-02	4.311104e-06
3.935677720198980e-02	3.288922e-06
3.936677720198981e-02	4.311106e-06
3.937677720198980e-02	3.288919e-06
3.938677720198980e-02	4.311108e-06
3.939677720198981e-02	3.288916e-06
3.940677720198980e-02	4.311110e-06
3.941677720198981e-02	3.288914e-06
3.942677720198980e-02	4.311113e-06
3.943677720198981e-02	3.288911e-06
3.944677720198980e-02	4.311115e-06
3.945677720198981e-02	3.288909e-06
3.946677720198981e-02	4.311118e-06
3.947677720198980e-02	3.288906e-06
3.948677720198981e-02	4.311120e-06
3.949677720198980e-02	3.288904e-06
3.950677720198981e-02	4.311122e-06
3.951677720198980e-02	3.288901e-06
3.952677720198981e-02	4.311124e-06
3.953677720198980e-02	3.288899e-06
3.954677720198981e-02	4.311127e-06
3.955677720198981e-02	3.288896e-06
3.956677720198980e-02	4.311129e-06
3.957677720198981e-02	3.288893e-06
3.958677720198980e-02	4.311132e-06
3.959677720198981e-02	3.288891e-06
3.960677720198980e-02	4.311134e-06
3.961677720198981e-02	3.288888e-06
3.962677720198980e-02	4.311136e-06
3.963677720198980e-02	3.288886e-06
3.964677720198981e-02	4.311139e-06
3.965677720198980e-02	3.288883e-06
3.966677720198981e-02	4.311141e-06
3.967677720198980e-02	3.288881e-06
3.968677720198981e-02	4.311144e-06
3.969677720198980e-02	3.288878e-06
3.970677720198981e-02	4.311146e-06
3.971677720198980e-02	3.288876e-06
3.972677720198980e-02	4.311148e-06
3.973677720198981e-02	3.288873e-06
3.974677720198980e-02	4.311150e-06
3.975677720198981e-02	3.288871e-06
3.976677720198980e-02	4.311153e-06
3.977677720198981e-02	3.288868e-06
3.978677720198980e-02	4.311155e-06
3.979677720198981e-02	3.288866e-06
3.980677720198980e-02	4.311158e-06
3.981677720198980e-02	3.288863e-06
3.982677720198981e-02	4.311160e-06
3.983677720198980e-02	3.288861e-06
3.984677720198981e-02	4.311162e-06
3.985677720198980e-02	3.288858e-06
3.986677720198981e-02	4.311165e-06
3.987677720198980e-02	3.288856e-06
3.988677720198981e-02	4.311167e-06
3.989677720198981e-02	3.288853e-06
3.990677720198980e-02	4.311170e-06
3.991677720198981e-02	3.288851e-06
3.992677720198980e-02	4.311172e-06
3.993677720198981e-02	3.288848e-06
3.994677720198980e-02	4.311174e-06
3.995677720198981e-02	3.288846e-06
3.996677720198980e-02	4.311177e-06
3.997677720198980e-02	3.288843e-06
3.998677720198981e-02	4.311179e-06
3.999677720198980e-02	3.288841e-06
4.000000000000000e-02	4.311184e-06
