time	-I(Vcell12)
0.000000000000000e+00	3.299904e-03
9.999999439624929e-11	3.299890e-03
1.999999887924986e-10	3.299893e-03
3.999999775849972e-10	3.299891e-03
1.599999910339989e-09	3.299875e-03
3.199999820679977e-09	3.299853e-03
6.399999641359955e-09	3.299811e-03
1.279999928271991e-08	3.299724e-03
2.559999856543982e-08	3.299551e-03
4.506049402747513e-08	3.299298e-03
6.789718443564509e-08	3.299054e-03
8.024464427925829e-08	3.299059e-03
8.806567868104077e-08	3.299230e-03
9.598095457849907e-08	3.299562e-03
1.070918438378252e-07	3.300156e-03
1.188745258639892e-07	3.300833e-03
1.393839261338200e-07	3.302017e-03
1.613555578468300e-07	3.303238e-03
1.872873169063535e-07	3.304567e-03
2.210676656561633e-07	3.306043e-03
2.625517856988888e-07	3.307375e-03
3.094917891208663e-07	3.308277e-03
3.556191497866631e-07	3.308741e-03
4.075425096043136e-07	3.308839e-03
4.597091402651784e-07	3.308797e-03
5.450760259582277e-07	3.308717e-03
6.544334721349311e-07	3.308638e-03
8.314789886112709e-07	3.308536e-03
1.035043289039527e-06	3.308439e-03
1.343313301529117e-06	3.308318e-03
1.641568448352310e-06	3.308226e-03
2.061758084579403e-06	3.308119e-03
2.508477311244853e-06	3.308026e-03
3.180557693031355e-06	3.307904e-03
3.981860412473831e-06	3.307773e-03
5.358780984319626e-06	3.307557e-03
6.432409186771270e-06	3.307421e-03
7.589923648590402e-06	3.307338e-03
8.705264923328211e-06	3.307296e-03
9.459228764684405e-06	3.307246e-03
1.037053747267230e-05	3.307209e-03
1.128555231049806e-05	3.307171e-03
1.251736241038938e-05	3.307183e-03
1.396951826582984e-05	3.307295e-03
1.574024854072541e-05	3.307581e-03
1.764620372759781e-05	3.307959e-03
2.036512197898202e-05	3.308511e-03
2.330407275459824e-05	3.309040e-03
2.658655250251914e-05	3.309567e-03
3.125463001688862e-05	3.310188e-03
3.910929829390201e-05	3.310993e-03
4.761595204230729e-05	3.311574e-03
5.761595204230729e-05	3.312002e-03
6.761595204230729e-05	3.312222e-03
7.761595204230729e-05	3.312319e-03
8.761595204230729e-05	3.312318e-03
9.761595204230729e-05	3.312268e-03
9.796589060769188e-05	3.312256e-03
9.831582917307648e-05	3.312247e-03
9.866576773846108e-05	3.312241e-03
9.901570630384568e-05	3.312238e-03
9.936564486923028e-05	3.312238e-03
9.971558343461487e-05	3.312241e-03
1.000655219999995e-04	3.312246e-03
1.095957620000022e-04	3.312143e-03
1.191260020000049e-04	3.312035e-03
1.286562420000076e-04	3.311922e-03
1.381864820000103e-04	3.311803e-03
1.477167220000130e-04	3.311680e-03
1.572469620000157e-04	3.311552e-03
1.667772020000184e-04	3.311419e-03
2.324914877143041e-04	3.310764e-03
2.982057734285899e-04	3.310213e-03
3.639200591428756e-04	3.309767e-03
4.296343448571614e-04	3.309426e-03
4.953486305714471e-04	3.309189e-03
5.610629162857328e-04	3.309057e-03
6.267772020000184e-04	3.309029e-03
1.000000000000000e-03	3.308819e-03
1.000000001000000e-03	3.308819e-03
9.356777201000463e-03	3.308784e-03
9.996777201000463e-03	3.308784e-03
1.000000000000000e-02	3.308784e-03
1.000000000100000e-02	3.308781e-03
1.000000000200000e-02	3.308781e-03
1.000000000347517e-02	3.308781e-03
1.000000008095193e-02	3.308757e-03
1.000000015842870e-02	3.308735e-03
1.000000023590547e-02	3.308713e-03
1.000000031338223e-02	3.308692e-03
1.000000039085900e-02	3.308672e-03
1.000000046833576e-02	3.308653e-03
1.000000054581253e-02	3.308635e-03
1.000000109027671e-02	3.308512e-03
1.000000217920506e-02	3.308285e-03
1.000000435706178e-02	3.307836e-03
1.000000871277520e-02	3.306936e-03
1.000001493845933e-02	3.305697e-03
1.000002567084350e-02	3.303697e-03
1.000003385769424e-02	3.302148e-03
1.000003967829176e-02	3.300532e-03
1.000004424642539e-02	3.297987e-03
1.000004805436653e-02	3.293954e-03
1.000005205783873e-02	3.287551e-03
1.000005713277066e-02	3.279231e-03
1.000006382583065e-02	3.273772e-03
1.000007007227567e-02	3.274182e-03
1.000007671729407e-02	3.280133e-03
1.000008401482084e-02	3.292887e-03
1.000009240382227e-02	3.301348e-03
1.000010024114810e-02	3.308317e-03
1.000010886700092e-02	3.316928e-03
1.000012366839440e-02	3.332079e-03
1.000014147710939e-02	3.350119e-03
1.000017709453936e-02	3.384575e-03
1.000021463320874e-02	3.417824e-03
1.000025064537512e-02	3.446298e-03
1.000028748208239e-02	3.471265e-03
1.000033441837895e-02	3.493067e-03
1.000040048487054e-02	3.500719e-03
1.000040973309958e-02	3.500456e-03
1.000042822955768e-02	3.499822e-03
1.000046522247387e-02	3.498107e-03
1.000053920830626e-02	3.493998e-03
1.000068717997104e-02	3.485202e-03
1.000087814395422e-02	3.473622e-03
1.000109144681307e-02	3.460585e-03
1.000129101030463e-02	3.448345e-03
1.000144800871455e-02	3.438701e-03
1.000160599781430e-02	3.428963e-03
1.000177253480394e-02	3.418658e-03
1.000202942175089e-02	3.402669e-03
1.000234333176512e-02	3.382971e-03
1.000261964713835e-02	3.365464e-03
1.000292577159309e-02	3.345899e-03
1.000320747595266e-02	3.327676e-03
1.000354770052622e-02	3.305412e-03
1.000390239817438e-02	3.281734e-03
1.000435077738032e-02	3.251045e-03
1.000485950676129e-02	3.214553e-03
1.000554231918182e-02	3.161679e-03
1.000641452923179e-02	3.079130e-03
1.000710960861340e-02	2.978230e-03
1.000763241406413e-02	2.842663e-03
1.000802362057067e-02	2.642744e-03
1.000832623540993e-02	2.332506e-03
1.000853304742763e-02	1.930172e-03
1.000867724879961e-02	1.462666e-03
1.000880023030771e-02	8.446691e-04
1.000888732886665e-02	2.317061e-04
1.000891616307492e-02	9.745659e-05
1.000894352800294e-02	4.417129e-05
1.000897429993000e-02	4.170996e-05
1.000899655035978e-02	4.183336e-05
1.000902127032209e-02	4.159050e-05
1.000907071024672e-02	4.163913e-05
1.000916959009597e-02	4.121108e-05
1.000932573045910e-02	4.099235e-05
1.000963801118536e-02	4.006104e-05
1.001026257263789e-02	3.880629e-05
1.001151169554294e-02	3.614185e-05
1.001400994135303e-02	3.242210e-05
1.001644793119912e-02	2.962789e-05
1.001861039147331e-02	2.787104e-05
1.002075164795778e-02	2.592625e-05
1.002299510943431e-02	2.377149e-05
1.002538291350948e-02	2.076873e-05
1.002756938872026e-02	1.712631e-05
1.002972455965394e-02	1.212270e-05
1.003172486220182e-02	6.041927e-06
1.003369632710945e-02	-1.442411e-06
1.003530002830622e-02	-8.884791e-06
1.003700104653581e-02	-1.792955e-05
1.003873915199936e-02	-2.901769e-05
1.004081773868569e-02	-2.967244e-05
1.004277117550926e-02	-3.049376e-05
1.004497392803807e-02	-3.088569e-05
1.004797881243609e-02	-3.158583e-05
1.005116858776566e-02	-3.169113e-05
1.005410410634819e-02	-3.192377e-05
1.005518756940470e-02	-3.172834e-05
1.005567657491415e-02	-3.188839e-05
1.005617217987017e-02	-3.169360e-05
1.005627435731883e-02	-3.186168e-05
1.005640406590947e-02	-3.168693e-05
1.005656372539216e-02	-3.184523e-05
1.005668680166510e-02	-3.167618e-05
1.005682311765761e-02	-3.182911e-05
1.005693761733430e-02	-3.166627e-05
1.005705984224582e-02	-3.181326e-05
1.005717566953133e-02	-3.165621e-05
1.005728859797637e-02	-3.179722e-05
1.005741099908874e-02	-3.164544e-05
1.005752896630559e-02	-3.178010e-05
1.005767354298908e-02	-3.163181e-05
1.005780883666149e-02	-3.176021e-05
1.005800279128864e-02	-3.161229e-05
1.005818167746421e-02	-3.173358e-05
1.005845336211509e-02	-3.158216e-05
1.005873231976048e-02	-3.169250e-05
1.005918064268921e-02	-3.152710e-05
1.005971522253213e-02	-3.161187e-05
1.006067444847186e-02	-3.139472e-05
1.006210977111414e-02	-3.137573e-05
1.006498041639872e-02	-3.090138e-05
1.006948942103003e-02	-3.038537e-05
1.007438076659048e-02	-2.946302e-05
1.007904771226112e-02	-2.878559e-05
1.008212873464858e-02	-2.811878e-05
1.008532644601184e-02	-2.769169e-05
1.008694112172049e-02	-2.738630e-05
1.008857129414634e-02	-2.730018e-05
1.009014401149702e-02	-2.686328e-05
1.009163239057437e-02	-2.677521e-05
1.009460914872905e-02	-2.604642e-05
1.009796214693470e-02	-2.551576e-05
1.010000000000000e-02	-2.486657e-05
1.010000000100000e-02	-2.485859e-05
1.010000029128571e-02	-2.489810e-05
1.010000058157143e-02	-2.492867e-05
1.010000087185714e-02	-2.495030e-05
1.010000116214286e-02	-2.496298e-05
1.010000145242857e-02	-2.496672e-05
1.010000174271429e-02	-2.496152e-05
1.010000203300000e-02	-2.494737e-05
1.010000363557684e-02	-2.495211e-05
1.010001559042265e-02	-2.494762e-05
1.010025577772725e-02	-2.488971e-05
1.010049596503185e-02	-2.483109e-05
1.010073615233646e-02	-2.477177e-05
1.010097633964106e-02	-2.471174e-05
1.010121652694566e-02	-2.465101e-05
1.010145671425026e-02	-2.458958e-05
1.010169690155486e-02	-2.452744e-05
1.010339145135741e-02	-2.404769e-05
1.010444862551624e-02	-2.361187e-05
1.010509349659436e-02	-2.311833e-05
1.010574693883192e-02	-2.271055e-05
1.010612028067940e-02	-2.325346e-05
1.010652487343395e-02	-2.276187e-05
1.010733405894304e-02	-2.327675e-05
1.010851652283775e-02	-2.267950e-05
1.010986187230632e-02	-2.305653e-05
1.011142205142124e-02	-2.231828e-05
1.011303821644862e-02	-2.260123e-05
1.011512422840771e-02	-2.173904e-05
1.011726319260557e-02	-2.191893e-05
1.012029289373570e-02	-2.088519e-05
1.012344935178655e-02	-2.089700e-05
1.012819688844569e-02	-1.959017e-05
1.013260602860598e-02	-1.942940e-05
1.013787906926684e-02	-1.807270e-05
1.014313709579062e-02	-1.782451e-05
1.014952421593397e-02	-1.636392e-05
1.015688260922976e-02	-1.589231e-05
1.016006396864090e-02	-1.488585e-05
1.016117052230635e-02	-1.487212e-05
1.016186447620418e-02	-1.459470e-05
1.016237028563661e-02	-1.478848e-05
1.016283899078370e-02	-1.453792e-05
1.016331443605422e-02	-1.474690e-05
1.016379586218308e-02	-1.447463e-05
1.016428801239567e-02	-1.468667e-05
1.016490408204918e-02	-1.438379e-05
1.016558660581173e-02	-1.457698e-05
1.016635940503793e-02	-1.423359e-05
1.016724917307717e-02	-1.439725e-05
1.016827527973740e-02	-1.400552e-05
1.016960365060505e-02	-1.411454e-05
1.017123533795879e-02	-1.364052e-05
1.017351373102535e-02	-1.363849e-05
1.017593609165387e-02	-1.307020e-05
1.017859925471055e-02	-1.303218e-05
1.018149013942028e-02	-1.241340e-05
1.018490986284729e-02	-1.229696e-05
1.018884204636686e-02	-1.156158e-05
1.019204450487737e-02	-1.144806e-05
1.019459916263366e-02	-1.067513e-05
1.019710689318542e-02	-1.078910e-05
1.019938423880643e-02	-1.006252e-05
1.020176661006004e-02	-1.018090e-05
1.020537731377429e-02	-9.262766e-06
1.021001075374465e-02	-9.034895e-06
1.021614400900184e-02	-7.617129e-06
1.022133165873774e-02	-6.965321e-06
1.022505334528345e-02	-5.358678e-06
1.022679824662232e-02	-4.793831e-06
1.022850298253064e-02	-2.783590e-06
1.022947602783841e-02	-1.287644e-06
1.023057083176521e-02	2.159886e-06
1.023108049799379e-02	1.676940e-06
1.023174757909484e-02	3.235707e-06
1.023224256405110e-02	2.398800e-06
1.023275010768976e-02	3.639864e-06
1.023322550005715e-02	2.684444e-06
1.023374152887569e-02	3.861455e-06
1.023425879583052e-02	2.859564e-06
1.023475876209797e-02	4.010412e-06
1.023539689036349e-02	2.990132e-06
1.023603409372947e-02	4.148078e-06
1.023700995072577e-02	3.135356e-06
1.023797652588118e-02	4.316048e-06
1.023970105887465e-02	3.342141e-06
1.024163695216474e-02	4.580519e-06
1.024446748361877e-02	3.647282e-06
1.024698888356177e-02	4.885051e-06
1.024940021420954e-02	3.890817e-06
1.025201679077007e-02	5.106739e-06
1.025440487458885e-02	4.088107e-06
1.025681816033927e-02	5.281257e-06
1.025921803903768e-02	4.248398e-06
1.026167250695546e-02	5.433777e-06
1.026414704644453e-02	4.391989e-06
1.026669801340267e-02	5.572961e-06
1.026927785814812e-02	4.524195e-06
1.027196748212242e-02	5.701987e-06
1.027467140042737e-02	4.646782e-06
1.027753947269471e-02	5.821554e-06
1.028084586599935e-02	4.768219e-06
1.028482306455013e-02	5.953096e-06
1.028965683514075e-02	4.908185e-06
1.029598213862551e-02	6.101598e-06
1.030425340760859e-02	5.050217e-06
1.031425340760859e-02	6.183626e-06
1.032425340760859e-02	4.957161e-06
1.033297873384520e-02	5.680782e-06
1.033759060212146e-02	3.687365e-06
1.034224564275524e-02	3.964102e-06
1.034456019463755e-02	3.532110e-06
1.034599807604614e-02	4.286770e-06
1.034725397723091e-02	3.493648e-06
1.034859072766801e-02	4.371013e-06
1.035038305011589e-02	3.563142e-06
1.035396769501165e-02	4.499704e-06
1.036113698480316e-02	3.821277e-06
1.037113698480316e-02	4.970528e-06
1.038113698480316e-02	4.745482e-06
1.038557061693477e-02	6.820157e-06
1.038788373256692e-02	7.516475e-06
1.038916515717206e-02	9.660665e-06
1.039060321253616e-02	1.009159e-05
1.039100539867866e-02	1.121053e-05
1.039142437194111e-02	1.057862e-05
1.039186944880924e-02	1.163820e-05
1.039228120897049e-02	1.090437e-05
1.039273115348196e-02	1.189259e-05
1.039311650170669e-02	1.108186e-05
1.039352113057893e-02	1.202140e-05
1.039396558439639e-02	1.117282e-05
1.039440772755143e-02	1.209400e-05
1.039504685655815e-02	1.122029e-05
1.039564011738348e-02	1.213003e-05
1.039664425266631e-02	1.123231e-05
1.039762936864305e-02	1.213128e-05
1.039959960059653e-02	1.121086e-05
1.040191895287935e-02	1.209417e-05
1.040655765744499e-02	1.114439e-05
1.041583506657626e-02	1.195879e-05
1.042118143300801e-02	1.050696e-05
1.042294490207720e-02	5.428919e-06
1.042363491420123e-02	4.778359e-06
1.042438906771262e-02	3.909907e-06
1.042522127853112e-02	3.511235e-06
1.042660684757109e-02	2.621087e-06
1.042847436202582e-02	2.142155e-06
1.043024135004224e-02	1.514110e-06
1.043341618619501e-02	1.072096e-06
1.043676011677210e-02	4.654742e-07
1.044136783275245e-02	1.641820e-07
1.044630804135089e-02	-3.579042e-07
1.045006160887099e-02	-4.205189e-07
1.045286438485683e-02	-7.367460e-07
1.045449808997093e-02	-6.477746e-07
1.045586950616197e-02	-8.836893e-07
1.045672209040507e-02	-7.424209e-07
1.045749559482541e-02	-9.456332e-07
1.045797583208247e-02	-7.647436e-07
1.045839790524000e-02	-9.362834e-07
1.045866901518804e-02	-6.894045e-07
1.045889527388215e-02	-7.912069e-07
1.045905149746140e-02	-3.997353e-07
1.045917432643084e-02	-2.879420e-07
1.045926638552527e-02	4.404259e-07
1.045933789033753e-02	1.154360e-06
1.045940890371815e-02	3.122983e-06
1.045947998708689e-02	4.464798e-06
1.045954499720745e-02	5.429503e-06
1.045961191964400e-02	5.955249e-06
1.045967635830060e-02	6.429273e-06
1.045974139272825e-02	6.699057e-06
1.045980714839332e-02	6.941871e-06
1.045987382528699e-02	7.123368e-06
1.045994286433258e-02	7.223907e-06
1.046001437712382e-02	7.371815e-06
1.046008953693643e-02	7.365685e-06
1.046016908929868e-02	7.492145e-06
1.046025398509711e-02	7.386076e-06
1.046034540673112e-02	7.490608e-06
1.046044448851813e-02	7.328161e-06
1.046055269511983e-02	7.458550e-06
1.046067158643410e-02	7.265900e-06
1.046079832569070e-02	7.417229e-06
1.046093462860334e-02	7.199213e-06
1.046107180578282e-02	7.370238e-06
1.046124671937944e-02	7.125640e-06
1.046143348275359e-02	7.304460e-06
1.046165976823605e-02	7.036355e-06
1.046194356649245e-02	7.210263e-06
1.046229615497845e-02	6.910646e-06
1.046274118830274e-02	7.066518e-06
1.046331078084866e-02	6.727993e-06
1.046402459967645e-02	6.852565e-06
1.046493656383058e-02	6.470352e-06
1.046608975597627e-02	6.556175e-06
1.046755507539975e-02	6.133838e-06
1.046941964068145e-02	6.194267e-06
1.047178913858499e-02	5.767680e-06
1.047481227234870e-02	5.869553e-06
1.047866642983459e-02	5.548164e-06
1.048275739434631e-02	5.823420e-06
1.048737456218209e-02	5.686702e-06
1.049038299483802e-02	6.035151e-06
1.049273694124144e-02	5.870237e-06
1.049504310959527e-02	6.205291e-06
1.049735725173595e-02	6.040278e-06
1.049997625489466e-02	6.386284e-06
1.050338143378345e-02	6.253461e-06
1.050732745098308e-02	6.633570e-06
1.051209127860944e-02	6.522147e-06
1.051751788924509e-02	6.915028e-06
1.052406800102433e-02	6.806326e-06
1.053184679572687e-02	7.196395e-06
1.054123143107921e-02	7.068763e-06
1.055123143107921e-02	7.414368e-06
1.056123143107921e-02	7.220922e-06
1.057123143107921e-02	7.506985e-06
1.058123143107921e-02	7.262112e-06
1.059112387769948e-02	7.503523e-06
1.060112387769948e-02	7.223452e-06
1.061112387769948e-02	7.438920e-06
1.062112387769948e-02	7.139432e-06
1.063112387769948e-02	7.341208e-06
1.064112387769948e-02	7.031819e-06
1.065112387769948e-02	7.227225e-06
1.066112387769948e-02	6.913608e-06
1.067112387769948e-02	7.107008e-06
1.068112387769948e-02	6.792530e-06
1.069112387769948e-02	6.986485e-06
1.070112387769948e-02	6.673096e-06
1.071112387769948e-02	6.869058e-06
1.072112387769948e-02	6.557834e-06
1.073112387769948e-02	6.756572e-06
1.074112387769948e-02	6.448053e-06
1.075112387769948e-02	6.649921e-06
1.076112387769948e-02	6.344320e-06
1.077112387769948e-02	6.549416e-06
1.078112387769948e-02	6.246755e-06
1.079112387769948e-02	6.455033e-06
1.080112387769948e-02	6.155217e-06
1.081112387769948e-02	6.366546e-06
1.082112387769948e-02	6.069420e-06
1.083112387769948e-02	6.283626e-06
1.084112387769948e-02	5.989005e-06
1.085112387769948e-02	6.205894e-06
1.086112387769948e-02	5.913583e-06
1.087112387769948e-02	6.132958e-06
1.088112387769948e-02	5.842762e-06
1.089112387769948e-02	6.064431e-06
1.090112387769948e-02	5.776162e-06
1.091112387769948e-02	5.999942e-06
1.092112387769948e-02	5.713423e-06
1.093112387769948e-02	5.939144e-06
1.094112387769948e-02	5.654212e-06
1.095112387769948e-02	5.881717e-06
1.096112387769948e-02	5.598222e-06
1.097112387769948e-02	5.827368e-06
1.098112387769948e-02	5.545172e-06
1.099112387769948e-02	5.775829e-06
1.100000000100000e-02	5.497565e-06
1.100000000200000e-02	6.417091e-06
1.100000001800000e-02	6.448990e-06
1.100000005000000e-02	6.177547e-06
1.100000011400000e-02	5.959952e-06
1.100000024200000e-02	5.718208e-06
1.100000049800000e-02	5.631714e-06
1.100000101000000e-02	5.604461e-06
1.100000203400000e-02	5.631493e-06
1.100000408200000e-02	5.618392e-06
1.100000817800000e-02	5.632795e-06
1.100001637000000e-02	5.618520e-06
1.100003275400001e-02	5.632610e-06
1.100006552200002e-02	5.618493e-06
1.100013105800003e-02	5.632355e-06
1.100026213000006e-02	5.618036e-06
1.100052427400013e-02	5.631391e-06
1.100094210380063e-02	5.616376e-06
1.100164929464694e-02	5.628630e-06
1.100306367633956e-02	5.611188e-06
1.100589243972480e-02	5.618297e-06
1.101154996649527e-02	5.590703e-06
1.102154996649527e-02	5.581086e-06
1.103154996649527e-02	5.544062e-06
1.104154996649527e-02	5.535543e-06
1.105154996649527e-02	5.499570e-06
1.106154996649527e-02	5.492058e-06
1.107154996649527e-02	5.457051e-06
1.108154996649527e-02	5.450465e-06
1.109154996649527e-02	5.416347e-06
1.110154996649527e-02	5.410613e-06
1.111154996649527e-02	5.377313e-06
1.112154996649527e-02	5.372366e-06
1.113154996649527e-02	5.339823e-06
1.114154996649527e-02	5.335604e-06
1.115154996649527e-02	5.303762e-06
1.116154996649527e-02	5.300217e-06
1.117154996649527e-02	5.269026e-06
1.118154996649527e-02	5.266108e-06
1.119154996649527e-02	5.235522e-06
1.120154996649527e-02	5.233188e-06
1.121154996649527e-02	5.203167e-06
1.122154996649527e-02	5.201378e-06
1.123154996649527e-02	5.171886e-06
1.124154996649527e-02	5.170607e-06
1.125154996649527e-02	5.141610e-06
1.126154996649527e-02	5.140811e-06
1.127154996649527e-02	5.112278e-06
1.128154996649527e-02	5.111930e-06
1.129154996649527e-02	5.083835e-06
1.130154996649527e-02	5.083912e-06
1.131154996649527e-02	5.056231e-06
1.132154996649527e-02	5.056709e-06
1.133154996649527e-02	5.029420e-06
1.134154996649527e-02	5.030278e-06
1.135154996649527e-02	5.003360e-06
1.136154996649527e-02	5.004579e-06
1.137154996649527e-02	4.978013e-06
1.138154996649527e-02	4.979576e-06
1.139154996649527e-02	4.953346e-06
1.140154996649527e-02	4.955235e-06
1.141154996649527e-02	4.929325e-06
1.142154996649527e-02	4.931527e-06
1.143154996649527e-02	4.905923e-06
1.144154996649527e-02	4.908423e-06
1.145154996649527e-02	4.883112e-06
1.146154996649527e-02	4.885897e-06
1.147154996649527e-02	4.860866e-06
1.148154996649527e-02	4.863926e-06
1.149154996649527e-02	4.839164e-06
1.150154996649527e-02	4.842487e-06
1.151154996649527e-02	4.817983e-06
1.152154996649527e-02	4.821559e-06
1.153154996649527e-02	4.797304e-06
1.154154996649527e-02	4.801123e-06
1.155154996649527e-02	4.777107e-06
1.156154996649527e-02	4.781161e-06
1.157154996649527e-02	4.757375e-06
1.158154996649527e-02	4.761655e-06
1.159154996649527e-02	4.738091e-06
1.160154996649527e-02	4.742589e-06
1.161154996649527e-02	4.719240e-06
1.162154996649527e-02	4.723947e-06
1.163154996649527e-02	4.700805e-06
1.164154996649527e-02	4.705715e-06
1.165154996649527e-02	4.682772e-06
1.166154996649527e-02	4.687878e-06
1.167154996649527e-02	4.665128e-06
1.168154996649527e-02	4.670422e-06
1.169154996649527e-02	4.647858e-06
1.170154996649527e-02	4.653334e-06
1.171154996649527e-02	4.630949e-06
1.172154996649527e-02	4.636601e-06
1.173154996649527e-02	4.614389e-06
1.174154996649527e-02	4.620209e-06
1.175154996649527e-02	4.598163e-06
1.176154996649527e-02	4.604145e-06
1.177154996649527e-02	4.582259e-06
1.178154996649527e-02	4.588398e-06
1.179154996649527e-02	4.566665e-06
1.180154996649527e-02	4.572953e-06
1.181154996649527e-02	4.551367e-06
1.182154996649527e-02	4.557797e-06
1.183154996649527e-02	4.536350e-06
1.184154996649527e-02	4.542916e-06
1.185154996649527e-02	4.521603e-06
1.186154996649527e-02	4.528298e-06
1.187154996649527e-02	4.507109e-06
1.188154996649527e-02	4.513925e-06
1.189154996649527e-02	4.492854e-06
1.190154996649527e-02	4.499782e-06
1.191154996649527e-02	4.478821e-06
1.192154996649527e-02	4.485853e-06
1.193154996649527e-02	4.464992e-06
1.194154996649527e-02	4.472120e-06
1.195154996649527e-02	4.451349e-06
1.196154996649527e-02	4.458561e-06
1.197154996649527e-02	4.437870e-06
1.198154996649527e-02	4.445156e-06
1.199154996649527e-02	4.424533e-06
1.200154996649527e-02	4.431881e-06
1.201154996649527e-02	4.411314e-06
1.202154996649527e-02	4.418710e-06
1.203154996649527e-02	4.398186e-06
1.204154996649527e-02	4.405619e-06
1.205154996649527e-02	4.385124e-06
1.206154996649527e-02	4.392578e-06
1.207154996649527e-02	4.372099e-06
1.208154996649527e-02	4.379563e-06
1.209154996649527e-02	4.359089e-06
1.210154996649527e-02	4.366553e-06
1.211154996649527e-02	4.346078e-06
1.212154996649527e-02	4.353539e-06
1.213154996649527e-02	4.333064e-06
1.214154996649527e-02	4.340528e-06
1.215154996649527e-02	4.320065e-06
1.216154996649527e-02	4.327553e-06
1.217154996649527e-02	4.307129e-06
1.218154996649527e-02	4.314677e-06
1.219154996649527e-02	4.294336e-06
1.220154996649527e-02	4.301992e-06
1.221154996649527e-02	4.281789e-06
1.222154996649527e-02	4.289611e-06
1.223154996649527e-02	4.269603e-06
1.224154996649527e-02	4.277646e-06
1.225154996649527e-02	4.257881e-06
1.226154996649527e-02	4.266184e-06
1.227154996649527e-02	4.246690e-06
1.228154996649527e-02	4.255271e-06
1.229154996649527e-02	4.236058e-06
1.230154996649527e-02	4.244916e-06
1.231154996649527e-02	4.225973e-06
1.232154996649527e-02	4.235092e-06
1.233154996649527e-02	4.216401e-06
1.234154996649527e-02	4.225757e-06
1.235154996649527e-02	4.207292e-06
1.236154996649527e-02	4.216862e-06
1.237154996649527e-02	4.198598e-06
1.238154996649527e-02	4.208357e-06
1.239154996649527e-02	4.190272e-06
1.240154996649527e-02	4.200199e-06
1.241154996649527e-02	4.182274e-06
1.242154996649527e-02	4.192353e-06
1.243154996649527e-02	4.174572e-06
1.244154996649527e-02	4.184787e-06
1.245154996649527e-02	4.167137e-06
1.246154996649527e-02	4.177477e-06
1.247154996649527e-02	4.159948e-06
1.248154996649527e-02	4.170404e-06
1.249154996649527e-02	4.152988e-06
1.250154996649527e-02	4.163553e-06
1.251154996649527e-02	4.146242e-06
1.252154996649527e-02	4.156908e-06
1.253154996649527e-02	4.139697e-06
1.254154996649527e-02	4.150461e-06
1.255154996649527e-02	4.133345e-06
1.256154996649527e-02	4.144201e-06
1.257154996649527e-02	4.127176e-06
1.258154996649527e-02	4.138121e-06
1.259154996649527e-02	4.121183e-06
1.260154996649527e-02	4.132213e-06
1.261154996649527e-02	4.115359e-06
1.262154996649527e-02	4.126471e-06
1.263154996649527e-02	4.109699e-06
1.264154996649527e-02	4.120890e-06
1.265154996649527e-02	4.104196e-06
1.266154996649527e-02	4.115464e-06
1.267154996649527e-02	4.098847e-06
1.268154996649527e-02	4.110188e-06
1.269154996649527e-02	4.093645e-06
1.270154996649527e-02	4.105059e-06
1.271154996649527e-02	4.088586e-06
1.272154996649527e-02	4.100070e-06
1.273154996649527e-02	4.083668e-06
1.274154996649527e-02	4.095220e-06
1.275154996649527e-02	4.078884e-06
1.276154996649527e-02	4.090502e-06
1.277154996649527e-02	4.074232e-06
1.278154996649527e-02	4.085914e-06
1.279154996649527e-02	4.069707e-06
1.280154996649527e-02	4.081452e-06
1.281154996649527e-02	4.065307e-06
1.282154996649527e-02	4.077111e-06
1.283154996649527e-02	4.061027e-06
1.284154996649527e-02	4.072891e-06
1.285154996649527e-02	4.056865e-06
1.286154996649527e-02	4.068786e-06
1.287154996649527e-02	4.052816e-06
1.288154996649527e-02	4.064792e-06
1.289154996649527e-02	4.048879e-06
1.290154996649527e-02	4.060909e-06
1.291154996649527e-02	4.045049e-06
1.292154996649527e-02	4.057132e-06
1.293154996649527e-02	4.041324e-06
1.294154996649527e-02	4.053458e-06
1.295154996649527e-02	4.037701e-06
1.296154996649527e-02	4.049884e-06
1.297154996649527e-02	4.034177e-06
1.298154996649527e-02	4.046409e-06
1.299154996649527e-02	4.030750e-06
1.300154996649527e-02	4.043028e-06
1.301154996649527e-02	4.027416e-06
1.302154996649527e-02	4.039740e-06
1.303154996649527e-02	4.024173e-06
1.304154996649527e-02	4.036542e-06
1.305154996649527e-02	4.021019e-06
1.306154996649527e-02	4.033431e-06
1.307154996649527e-02	4.017952e-06
1.308154996649527e-02	4.030405e-06
1.309154996649527e-02	4.014968e-06
1.310154996649527e-02	4.027462e-06
1.311154996649527e-02	4.012066e-06
1.312154996649527e-02	4.024600e-06
1.313154996649527e-02	4.009243e-06
1.314154996649527e-02	4.021816e-06
1.315154996649527e-02	4.006497e-06
1.316154996649527e-02	4.019108e-06
1.317154996649527e-02	4.003827e-06
1.318154996649527e-02	4.016474e-06
1.319154996649527e-02	4.001229e-06
1.320154996649527e-02	4.013912e-06
1.321154996649527e-02	3.998703e-06
1.322154996649527e-02	4.011420e-06
1.323154996649527e-02	3.996245e-06
1.324154996649527e-02	4.008996e-06
1.325154996649527e-02	3.993855e-06
1.326154996649527e-02	4.006638e-06
1.327154996649527e-02	3.991530e-06
1.328154996649527e-02	4.004345e-06
1.329154996649527e-02	3.989269e-06
1.330154996649527e-02	4.002115e-06
1.331154996649527e-02	3.987069e-06
1.332154996649527e-02	3.999945e-06
1.333154996649527e-02	3.984930e-06
1.334154996649527e-02	3.997835e-06
1.335154996649527e-02	3.982849e-06
1.336154996649527e-02	3.995782e-06
1.337154996649527e-02	3.980825e-06
1.338154996649527e-02	3.993786e-06
1.339154996649527e-02	3.978857e-06
1.340154996649527e-02	3.991844e-06
1.341154996649527e-02	3.976942e-06
1.342154996649527e-02	3.989956e-06
1.343154996649527e-02	3.975079e-06
1.344154996649527e-02	3.988118e-06
1.345154996649527e-02	3.973268e-06
1.346154996649527e-02	3.986331e-06
1.347154996649527e-02	3.971506e-06
1.348154996649527e-02	3.984593e-06
1.349154996649527e-02	3.969792e-06
1.350154996649527e-02	3.982903e-06
1.351154996649527e-02	3.968124e-06
1.352154996649527e-02	3.981258e-06
1.353154996649527e-02	3.966503e-06
1.354154996649527e-02	3.979659e-06
1.355154996649527e-02	3.964926e-06
1.356154996649527e-02	3.978103e-06
1.357154996649527e-02	3.963392e-06
1.358154996649527e-02	3.976591e-06
1.359154996649527e-02	3.961900e-06
1.360154996649527e-02	3.975118e-06
1.361154996649527e-02	3.960449e-06
1.362154996649527e-02	3.973687e-06
1.363154996649527e-02	3.959037e-06
1.364154996649527e-02	3.972295e-06
1.365154996649527e-02	3.957664e-06
1.366154996649527e-02	3.970940e-06
1.367154996649527e-02	3.956329e-06
1.368154996649527e-02	3.969623e-06
1.369154996649527e-02	3.955030e-06
1.370154996649527e-02	3.968342e-06
1.371154996649527e-02	3.953767e-06
1.372154996649527e-02	3.967095e-06
1.373154996649527e-02	3.952538e-06
1.374154996649527e-02	3.965883e-06
1.375154996649527e-02	3.951342e-06
1.376154996649527e-02	3.964704e-06
1.377154996649527e-02	3.950180e-06
1.378154996649527e-02	3.963557e-06
1.379154996649527e-02	3.949049e-06
1.380154996649527e-02	3.962442e-06
1.381154996649527e-02	3.947949e-06
1.382154996649527e-02	3.961357e-06
1.383154996649527e-02	3.946879e-06
1.384154996649527e-02	3.960301e-06
1.385154996649527e-02	3.945839e-06
1.386154996649527e-02	3.959275e-06
1.387154996649527e-02	3.944827e-06
1.388154996649527e-02	3.958276e-06
1.389154996649527e-02	3.943842e-06
1.390154996649527e-02	3.957306e-06
1.391154996649527e-02	3.942885e-06
1.392154996649527e-02	3.956361e-06
1.393154996649527e-02	3.941953e-06
1.394154996649527e-02	3.955442e-06
1.395154996649527e-02	3.941047e-06
1.396154996649527e-02	3.954548e-06
1.397154996649527e-02	3.940166e-06
1.398154996649527e-02	3.953679e-06
1.399154996649527e-02	3.939309e-06
1.400154996649527e-02	3.952834e-06
1.401154996649527e-02	3.938476e-06
1.402154996649527e-02	3.952011e-06
1.403154996649527e-02	3.937665e-06
1.404154996649527e-02	3.951212e-06
1.405154996649527e-02	3.936877e-06
1.406154996649527e-02	3.950433e-06
1.407154996649527e-02	3.936109e-06
1.408154996649527e-02	3.949677e-06
1.409154996649527e-02	3.935363e-06
1.410154996649527e-02	3.948941e-06
1.411154996649527e-02	3.934637e-06
1.412154996649527e-02	3.948224e-06
1.413154996649527e-02	3.933932e-06
1.414154996649527e-02	3.947528e-06
1.415154996649527e-02	3.933245e-06
1.416154996649527e-02	3.946851e-06
1.417154996649527e-02	3.932577e-06
1.418154996649527e-02	3.946192e-06
1.419154996649527e-02	3.931927e-06
1.420154996649527e-02	3.945551e-06
1.421154996649527e-02	3.931296e-06
1.422154996649527e-02	3.944928e-06
1.423154996649527e-02	3.930681e-06
1.424154996649527e-02	3.944322e-06
1.425154996649527e-02	3.930084e-06
1.426154996649527e-02	3.943732e-06
1.427154996649527e-02	3.929502e-06
1.428154996649527e-02	3.943158e-06
1.429154996649527e-02	3.928937e-06
1.430154996649527e-02	3.942600e-06
1.431154996649527e-02	3.928387e-06
1.432154996649527e-02	3.942057e-06
1.433154996649527e-02	3.927852e-06
1.434154996649527e-02	3.941529e-06
1.435154996649527e-02	3.927332e-06
1.436154996649527e-02	3.941016e-06
1.437154996649527e-02	3.926826e-06
1.438154996649527e-02	3.940517e-06
1.439154996649527e-02	3.926333e-06
1.440154996649527e-02	3.940031e-06
1.441154996649527e-02	3.925854e-06
1.442154996649527e-02	3.939559e-06
1.443154996649527e-02	3.925389e-06
1.444154996649527e-02	3.939099e-06
1.445154996649527e-02	3.924936e-06
1.446154996649527e-02	3.938652e-06
1.447154996649527e-02	3.924495e-06
1.448154996649527e-02	3.938217e-06
1.449154996649527e-02	3.924067e-06
1.450154996649527e-02	3.937794e-06
1.451154996649527e-02	3.923650e-06
1.452154996649527e-02	3.937383e-06
1.453154996649527e-02	3.923245e-06
1.454154996649527e-02	3.936983e-06
1.455154996649527e-02	3.922850e-06
1.456154996649527e-02	3.936594e-06
1.457154996649527e-02	3.922466e-06
1.458154996649527e-02	3.936215e-06
1.459154996649527e-02	3.922093e-06
1.460154996649527e-02	3.935847e-06
1.461154996649527e-02	3.921730e-06
1.462154996649527e-02	3.935489e-06
1.463154996649527e-02	3.921377e-06
1.464154996649527e-02	3.935140e-06
1.465154996649527e-02	3.921034e-06
1.466154996649527e-02	3.934801e-06
1.467154996649527e-02	3.920700e-06
1.468154996649527e-02	3.934472e-06
1.469154996649527e-02	3.920376e-06
1.470154996649527e-02	3.934151e-06
1.471154996649527e-02	3.920059e-06
1.472154996649527e-02	3.933839e-06
1.473154996649527e-02	3.919752e-06
1.474154996649527e-02	3.933536e-06
1.475154996649527e-02	3.919453e-06
1.476154996649527e-02	3.933241e-06
1.477154996649527e-02	3.919163e-06
1.478154996649527e-02	3.932954e-06
1.479154996649527e-02	3.918880e-06
1.480154996649527e-02	3.932675e-06
1.481154996649527e-02	3.918605e-06
1.482154996649527e-02	3.932404e-06
1.483154996649527e-02	3.918337e-06
1.484154996649527e-02	3.932139e-06
1.485154996649527e-02	3.918077e-06
1.486154996649527e-02	3.931882e-06
1.487154996649527e-02	3.917824e-06
1.488154996649527e-02	3.931633e-06
1.489154996649527e-02	3.917578e-06
1.490154996649527e-02	3.931390e-06
1.491154996649527e-02	3.917339e-06
1.492154996649527e-02	3.931153e-06
1.493154996649527e-02	3.917105e-06
1.494154996649527e-02	3.930923e-06
1.495154996649527e-02	3.916879e-06
1.496154996649527e-02	3.930700e-06
1.497154996649527e-02	3.916659e-06
1.498154996649527e-02	3.930482e-06
1.499154996649527e-02	3.916445e-06
1.500154996649527e-02	3.930270e-06
1.501154996649527e-02	3.916236e-06
1.502154996649527e-02	3.930065e-06
1.503154996649527e-02	3.916033e-06
1.504154996649527e-02	3.929864e-06
1.505154996649527e-02	3.915836e-06
1.506154996649527e-02	3.929670e-06
1.507154996649527e-02	3.915644e-06
1.508154996649527e-02	3.929480e-06
1.509154996649527e-02	3.915458e-06
1.510154996649527e-02	3.929296e-06
1.511154996649527e-02	3.915276e-06
1.512154996649527e-02	3.929117e-06
1.513154996649527e-02	3.915100e-06
1.514154996649527e-02	3.928943e-06
1.515154996649527e-02	3.914928e-06
1.516154996649527e-02	3.928773e-06
1.517154996649527e-02	3.914761e-06
1.518154996649527e-02	3.928608e-06
1.519154996649527e-02	3.914599e-06
1.520154996649527e-02	3.928448e-06
1.521154996649527e-02	3.914441e-06
1.522154996649527e-02	3.928291e-06
1.523154996649527e-02	3.914287e-06
1.524154996649527e-02	3.928140e-06
1.525154996649527e-02	3.914138e-06
1.526154996649527e-02	3.927992e-06
1.527154996649527e-02	3.913992e-06
1.528154996649527e-02	3.927848e-06
1.529154996649527e-02	3.913851e-06
1.530154996649527e-02	3.927709e-06
1.531154996649527e-02	3.913713e-06
1.532154996649527e-02	3.927573e-06
1.533154996649527e-02	3.913580e-06
1.534154996649527e-02	3.927441e-06
1.535154996649527e-02	3.913450e-06
1.536154996649527e-02	3.927312e-06
1.537154996649527e-02	3.913323e-06
1.538154996649527e-02	3.927187e-06
1.539154996649527e-02	3.913200e-06
1.540154996649527e-02	3.927065e-06
1.541154996649527e-02	3.913080e-06
1.542154996649527e-02	3.926947e-06
1.543154996649527e-02	3.912964e-06
1.544154996649527e-02	3.926832e-06
1.545154996649527e-02	3.912850e-06
1.546154996649527e-02	3.926720e-06
1.547154996649527e-02	3.912740e-06
1.548154996649527e-02	3.926611e-06
1.549154996649527e-02	3.912633e-06
1.550154996649527e-02	3.926505e-06
1.551154996649527e-02	3.912529e-06
1.552154996649527e-02	3.926402e-06
1.553154996649527e-02	3.912427e-06
1.554154996649527e-02	3.926302e-06
1.555154996649527e-02	3.912329e-06
1.556154996649527e-02	3.926204e-06
1.557154996649527e-02	3.912233e-06
1.558154996649527e-02	3.926109e-06
1.559154996649527e-02	3.912140e-06
1.560154996649527e-02	3.926018e-06
1.561154996649527e-02	3.912049e-06
1.562154996649527e-02	3.925928e-06
1.563154996649527e-02	3.911961e-06
1.564154996649527e-02	3.925840e-06
1.565154996649527e-02	3.911875e-06
1.566154996649527e-02	3.925756e-06
1.567154996649527e-02	3.911792e-06
1.568154996649527e-02	3.925673e-06
1.569154996649527e-02	3.911710e-06
1.570154996649527e-02	3.925592e-06
1.571154996649527e-02	3.911632e-06
1.572154996649527e-02	3.925514e-06
1.573154996649527e-02	3.911555e-06
1.574154996649527e-02	3.925438e-06
1.575154996649527e-02	3.911480e-06
1.576154996649527e-02	3.925365e-06
1.577154996649527e-02	3.911407e-06
1.578154996649527e-02	3.925293e-06
1.579154996649527e-02	3.911337e-06
1.580154996649527e-02	3.925223e-06
1.581154996649527e-02	3.911268e-06
1.582154996649527e-02	3.925154e-06
1.583154996649527e-02	3.911201e-06
1.584154996649527e-02	3.925088e-06
1.585154996649527e-02	3.911136e-06
1.586154996649527e-02	3.925024e-06
1.587154996649527e-02	3.911073e-06
1.588154996649527e-02	3.924961e-06
1.589154996649527e-02	3.911011e-06
1.590154996649527e-02	3.924900e-06
1.591154996649527e-02	3.910951e-06
1.592154996649527e-02	3.924841e-06
1.593154996649527e-02	3.910893e-06
1.594154996649527e-02	3.924783e-06
1.595154996649527e-02	3.910836e-06
1.596154996649527e-02	3.924727e-06
1.597154996649527e-02	3.910781e-06
1.598154996649527e-02	3.924673e-06
1.599154996649527e-02	3.910728e-06
1.600154996649527e-02	3.924620e-06
1.601154996649527e-02	3.910676e-06
1.602154996649527e-02	3.924568e-06
1.603154996649527e-02	3.910625e-06
1.604154996649527e-02	3.924518e-06
1.605154996649527e-02	3.910576e-06
1.606154996649527e-02	3.924469e-06
1.607154996649527e-02	3.910528e-06
1.608154996649527e-02	3.924421e-06
1.609154996649527e-02	3.910481e-06
1.610154996649527e-02	3.924375e-06
1.611154996649527e-02	3.910436e-06
1.612154996649527e-02	3.924330e-06
1.613154996649527e-02	3.910392e-06
1.614154996649527e-02	3.924286e-06
1.615154996649527e-02	3.910349e-06
1.616154996649527e-02	3.924244e-06
1.617154996649527e-02	3.910307e-06
1.618154996649527e-02	3.924203e-06
1.619154996649527e-02	3.910267e-06
1.620154996649527e-02	3.924162e-06
1.621154996649527e-02	3.910227e-06
1.622154996649527e-02	3.924123e-06
1.623154996649527e-02	3.910189e-06
1.624154996649527e-02	3.924085e-06
1.625154996649527e-02	3.910151e-06
1.626154996649527e-02	3.924048e-06
1.627154996649527e-02	3.910116e-06
1.628154996649527e-02	3.924012e-06
1.629154996649527e-02	3.910080e-06
1.630154996649527e-02	3.923977e-06
1.631154996649527e-02	3.910046e-06
1.632154996649527e-02	3.923943e-06
1.633154996649527e-02	3.910012e-06
1.634154996649527e-02	3.923909e-06
1.635154996649527e-02	3.909980e-06
1.636154996649527e-02	3.923877e-06
1.637154996649527e-02	3.909948e-06
1.638154996649527e-02	3.923846e-06
1.639154996649527e-02	3.909917e-06
1.640154996649527e-02	3.923815e-06
1.641154996649527e-02	3.909888e-06
1.642154996649527e-02	3.923785e-06
1.643154996649527e-02	3.909859e-06
1.644154996649527e-02	3.923757e-06
1.645154996649527e-02	3.909830e-06
1.646154996649527e-02	3.923728e-06
1.647154996649527e-02	3.909803e-06
1.648154996649527e-02	3.923701e-06
1.649154996649527e-02	3.909776e-06
1.650154996649527e-02	3.923674e-06
1.651154996649527e-02	3.909750e-06
1.652154996649527e-02	3.923648e-06
1.653154996649527e-02	3.909725e-06
1.654154996649527e-02	3.923623e-06
1.655154996649527e-02	3.909700e-06
1.656154996649527e-02	3.923599e-06
1.657154996649527e-02	3.909676e-06
1.658154996649527e-02	3.923575e-06
1.659154996649527e-02	3.909653e-06
1.660154996649527e-02	3.923552e-06
1.661154996649527e-02	3.909630e-06
1.662154996649527e-02	3.923529e-06
1.663154996649527e-02	3.909608e-06
1.664154996649527e-02	3.923507e-06
1.665154996649527e-02	3.909587e-06
1.666154996649527e-02	3.923486e-06
1.667154996649527e-02	3.909566e-06
1.668154996649527e-02	3.923465e-06
1.669154996649527e-02	3.909546e-06
1.670154996649527e-02	3.923445e-06
1.671154996649527e-02	3.909526e-06
1.672154996649527e-02	3.923425e-06
1.673154996649527e-02	3.909507e-06
1.674154996649527e-02	3.923406e-06
1.675154996649527e-02	3.909488e-06
1.676154996649527e-02	3.923387e-06
1.677154996649527e-02	3.909470e-06
1.678154996649527e-02	3.923369e-06
1.679154996649527e-02	3.909453e-06
1.680154996649527e-02	3.923352e-06
1.681154996649527e-02	3.909436e-06
1.682154996649527e-02	3.923335e-06
1.683154996649527e-02	3.909419e-06
1.684154996649527e-02	3.923318e-06
1.685154996649527e-02	3.909403e-06
1.686154996649527e-02	3.923301e-06
1.687154996649527e-02	3.909387e-06
1.688154996649527e-02	3.923286e-06
1.689154996649527e-02	3.909372e-06
1.690154996649527e-02	3.923270e-06
1.691154996649527e-02	3.909357e-06
1.692154996649527e-02	3.923255e-06
1.693154996649527e-02	3.909342e-06
1.694154996649527e-02	3.923241e-06
1.695154996649527e-02	3.909328e-06
1.696154996649527e-02	3.923227e-06
1.697154996649527e-02	3.909315e-06
1.698154996649527e-02	3.923213e-06
1.699154996649527e-02	3.909301e-06
1.700154996649527e-02	3.923200e-06
1.701154996649527e-02	3.909288e-06
1.702154996649527e-02	3.923187e-06
1.703154996649527e-02	3.909276e-06
1.704154996649527e-02	3.923174e-06
1.705154996649527e-02	3.909263e-06
1.706154996649527e-02	3.923162e-06
1.707154996649527e-02	3.909252e-06
1.708154996649527e-02	3.923150e-06
1.709154996649527e-02	3.909240e-06
1.710154996649527e-02	3.923138e-06
1.711154996649527e-02	3.909229e-06
1.712154996649527e-02	3.923126e-06
1.713154996649527e-02	3.909218e-06
1.714154996649527e-02	3.923115e-06
1.715154996649527e-02	3.909207e-06
1.716154996649527e-02	3.923104e-06
1.717154996649527e-02	3.909196e-06
1.718154996649527e-02	3.923094e-06
1.719154996649527e-02	3.909186e-06
1.720154996649527e-02	3.923084e-06
1.721154996649527e-02	3.909177e-06
1.722154996649527e-02	3.923074e-06
1.723154996649527e-02	3.909167e-06
1.724154996649527e-02	3.923064e-06
1.725154996649527e-02	3.909158e-06
1.726154996649527e-02	3.923055e-06
1.727154996649527e-02	3.909149e-06
1.728154996649527e-02	3.923046e-06
1.729154996649527e-02	3.909140e-06
1.730154996649527e-02	3.923037e-06
1.731154996649527e-02	3.909132e-06
1.732154996649527e-02	3.923029e-06
1.733154996649527e-02	3.909124e-06
1.734154996649527e-02	3.923020e-06
1.735154996649527e-02	3.909116e-06
1.736154996649527e-02	3.923012e-06
1.737154996649527e-02	3.909108e-06
1.738154996649527e-02	3.923004e-06
1.739154996649527e-02	3.909100e-06
1.740154996649527e-02	3.922996e-06
1.741154996649527e-02	3.909093e-06
1.742154996649527e-02	3.922989e-06
1.743154996649527e-02	3.909086e-06
1.744154996649527e-02	3.922981e-06
1.745154996649527e-02	3.909078e-06
1.746154996649527e-02	3.922974e-06
1.747154996649527e-02	3.909072e-06
1.748154996649527e-02	3.922967e-06
1.749154996649527e-02	3.909065e-06
1.750154996649527e-02	3.922960e-06
1.751154996649527e-02	3.909059e-06
1.752154996649527e-02	3.922954e-06
1.753154996649527e-02	3.909052e-06
1.754154996649527e-02	3.922947e-06
1.755154996649527e-02	3.909046e-06
1.756154996649527e-02	3.922941e-06
1.757154996649527e-02	3.909041e-06
1.758154996649527e-02	3.922935e-06
1.759154996649527e-02	3.909035e-06
1.760154996649527e-02	3.922929e-06
1.761154996649527e-02	3.909029e-06
1.762154996649527e-02	3.922923e-06
1.763154996649527e-02	3.909024e-06
1.764154996649527e-02	3.922918e-06
1.765154996649527e-02	3.909018e-06
1.766154996649527e-02	3.922912e-06
1.767154996649527e-02	3.909013e-06
1.768154996649527e-02	3.922907e-06
1.769154996649527e-02	3.909008e-06
1.770154996649527e-02	3.922902e-06
1.771154996649527e-02	3.909004e-06
1.772154996649527e-02	3.922897e-06
1.773154996649527e-02	3.908999e-06
1.774154996649527e-02	3.922892e-06
1.775154996649527e-02	3.908994e-06
1.776154996649527e-02	3.922887e-06
1.777154996649527e-02	3.908990e-06
1.778154996649527e-02	3.922883e-06
1.779154996649527e-02	3.908985e-06
1.780154996649527e-02	3.922878e-06
1.781154996649527e-02	3.908981e-06
1.782154996649527e-02	3.922873e-06
1.783154996649527e-02	3.908977e-06
1.784154996649527e-02	3.922869e-06
1.785154996649527e-02	3.908973e-06
1.786154996649527e-02	3.922865e-06
1.787154996649527e-02	3.908970e-06
1.788154996649527e-02	3.922861e-06
1.789154996649527e-02	3.908965e-06
1.790154996649527e-02	3.922857e-06
1.791154996649527e-02	3.908962e-06
1.792154996649527e-02	3.922853e-06
1.793154996649527e-02	3.908959e-06
1.794154996649527e-02	3.922849e-06
1.795154996649527e-02	3.908955e-06
1.796154996649527e-02	3.922846e-06
1.797154996649527e-02	3.908952e-06
1.798154996649527e-02	3.922842e-06
1.799154996649527e-02	3.908949e-06
1.800154996649527e-02	3.922839e-06
1.801154996649527e-02	3.908945e-06
1.802154996649527e-02	3.922835e-06
1.803154996649527e-02	3.908942e-06
1.804154996649527e-02	3.922832e-06
1.805154996649527e-02	3.908939e-06
1.806154996649527e-02	3.922829e-06
1.807154996649527e-02	3.908936e-06
1.808154996649527e-02	3.922826e-06
1.809154996649527e-02	3.908934e-06
1.810154996649527e-02	3.922823e-06
1.811154996649527e-02	3.908931e-06
1.812154996649527e-02	3.922820e-06
1.813154996649527e-02	3.908928e-06
1.814154996649527e-02	3.922817e-06
1.815154996649527e-02	3.908925e-06
1.816154996649527e-02	3.922814e-06
1.817154996649527e-02	3.908923e-06
1.818154996649527e-02	3.922812e-06
1.819154996649527e-02	3.908921e-06
1.820154996649527e-02	3.922809e-06
1.821154996649527e-02	3.908918e-06
1.822154996649527e-02	3.922806e-06
1.823154996649527e-02	3.908916e-06
1.824154996649527e-02	3.922804e-06
1.825154996649527e-02	3.908914e-06
1.826154996649527e-02	3.922801e-06
1.827154996649527e-02	3.908912e-06
1.828154996649527e-02	3.922799e-06
1.829154996649527e-02	3.908910e-06
1.830154996649527e-02	3.922797e-06
1.831154996649527e-02	3.908908e-06
1.832154996649527e-02	3.922794e-06
1.833154996649527e-02	3.908905e-06
1.834154996649527e-02	3.922792e-06
1.835154996649527e-02	3.908904e-06
1.836154996649527e-02	3.922790e-06
1.837154996649527e-02	3.908902e-06
1.838154996649527e-02	3.922788e-06
1.839154996649527e-02	3.908900e-06
1.840154996649527e-02	3.922786e-06
1.841154996649527e-02	3.908898e-06
1.842154996649527e-02	3.922784e-06
1.843154996649527e-02	3.908896e-06
1.844154996649527e-02	3.922782e-06
1.845154996649527e-02	3.908895e-06
1.846154996649527e-02	3.922780e-06
1.847154996649527e-02	3.908893e-06
1.848154996649527e-02	3.922778e-06
1.849154996649527e-02	3.908892e-06
1.850154996649527e-02	3.922776e-06
1.851154996649527e-02	3.908890e-06
1.852154996649527e-02	3.922775e-06
1.853154996649527e-02	3.908889e-06
1.854154996649527e-02	3.922773e-06
1.855154996649527e-02	3.908887e-06
1.856154996649527e-02	3.922771e-06
1.857154996649527e-02	3.908886e-06
1.858154996649527e-02	3.922770e-06
1.859154996649527e-02	3.908885e-06
1.860154996649527e-02	3.922768e-06
1.861154996649527e-02	3.908883e-06
1.862154996649527e-02	3.922767e-06
1.863154996649527e-02	3.908882e-06
1.864154996649527e-02	3.922765e-06
1.865154996649527e-02	3.908881e-06
1.866154996649527e-02	3.922763e-06
1.867154996649527e-02	3.908880e-06
1.868154996649527e-02	3.922762e-06
1.869154996649527e-02	3.908879e-06
1.870154996649527e-02	3.922761e-06
1.871154996649527e-02	3.908877e-06
1.872154996649527e-02	3.922759e-06
1.873154996649527e-02	3.908876e-06
1.874154996649527e-02	3.922758e-06
1.875154996649527e-02	3.908875e-06
1.876154996649527e-02	3.922757e-06
1.877154996649527e-02	3.908874e-06
1.878154996649527e-02	3.922755e-06
1.879154996649527e-02	3.908873e-06
1.880154996649527e-02	3.922754e-06
1.881154996649527e-02	3.908872e-06
1.882154996649527e-02	3.922753e-06
1.883154996649527e-02	3.908871e-06
1.884154996649527e-02	3.922752e-06
1.885154996649527e-02	3.908870e-06
1.886154996649527e-02	3.922751e-06
1.887154996649527e-02	3.908870e-06
1.888154996649527e-02	3.922750e-06
1.889154996649527e-02	3.908869e-06
1.890154996649527e-02	3.922748e-06
1.891154996649527e-02	3.908868e-06
1.892154996649527e-02	3.922748e-06
1.893154996649527e-02	3.908867e-06
1.894154996649527e-02	3.922746e-06
1.895154996649527e-02	3.908866e-06
1.896154996649527e-02	3.922745e-06
1.897154996649527e-02	3.908865e-06
1.898154996649527e-02	3.922744e-06
1.899154996649527e-02	3.908865e-06
1.900154996649527e-02	3.922743e-06
1.901154996649527e-02	3.908864e-06
1.902154996649527e-02	3.922743e-06
1.903154996649527e-02	3.908864e-06
1.904154996649527e-02	3.922742e-06
1.905154996649527e-02	3.908863e-06
1.906154996649527e-02	3.922741e-06
1.907154996649527e-02	3.908862e-06
1.908154996649527e-02	3.922740e-06
1.909154996649527e-02	3.908862e-06
1.910154996649527e-02	3.922739e-06
1.911154996649527e-02	3.908861e-06
1.912154996649527e-02	3.922738e-06
1.913154996649527e-02	3.908860e-06
1.914154996649527e-02	3.922737e-06
1.915154996649527e-02	3.908860e-06
1.916154996649527e-02	3.922737e-06
1.917154996649527e-02	3.908860e-06
1.918154996649527e-02	3.922736e-06
1.919154996649527e-02	3.908859e-06
1.920154996649527e-02	3.922735e-06
1.921154996649527e-02	3.908859e-06
1.922154996649527e-02	3.922734e-06
1.923154996649527e-02	3.908858e-06
1.924154996649527e-02	3.922733e-06
1.925154996649527e-02	3.908857e-06
1.926154996649527e-02	3.922733e-06
1.927154996649527e-02	3.908857e-06
1.928154996649527e-02	3.922732e-06
1.929154996649527e-02	3.908857e-06
1.930154996649527e-02	3.922731e-06
1.931154996649527e-02	3.908856e-06
1.932154996649527e-02	3.922731e-06
1.933154996649527e-02	3.908856e-06
1.934154996649527e-02	3.922730e-06
1.935154996649527e-02	3.908855e-06
1.936154996649527e-02	3.922729e-06
1.937154996649527e-02	3.908855e-06
1.938154996649527e-02	3.922729e-06
1.939154996649527e-02	3.908855e-06
1.940154996649527e-02	3.922728e-06
1.941154996649527e-02	3.908855e-06
1.942154996649527e-02	3.922728e-06
1.943154996649527e-02	3.908854e-06
1.944154996649527e-02	3.922727e-06
1.945154996649527e-02	3.908854e-06
1.946154996649527e-02	3.922727e-06
1.947154996649527e-02	3.908853e-06
1.948154996649527e-02	3.922726e-06
1.949154996649527e-02	3.908853e-06
1.950154996649527e-02	3.922725e-06
1.951154996649527e-02	3.908853e-06
1.952154996649527e-02	3.922725e-06
1.953154996649527e-02	3.908853e-06
1.954154996649527e-02	3.922724e-06
1.955154996649527e-02	3.908852e-06
1.956154996649527e-02	3.922724e-06
1.957154996649527e-02	3.908852e-06
1.958154996649527e-02	3.922723e-06
1.959154996649527e-02	3.908852e-06
1.960154996649527e-02	3.922722e-06
1.961154996649527e-02	3.908851e-06
1.962154996649527e-02	3.922722e-06
1.963154996649527e-02	3.908851e-06
1.964154996649527e-02	3.922722e-06
1.965154996649527e-02	3.908851e-06
1.966154996649527e-02	3.922721e-06
1.967154996649527e-02	3.908851e-06
1.968154996649527e-02	3.922721e-06
1.969154996649527e-02	3.908851e-06
1.970154996649527e-02	3.922720e-06
1.971154996649527e-02	3.908850e-06
1.972154996649527e-02	3.922720e-06
1.973154996649527e-02	3.908850e-06
1.974154996649527e-02	3.922719e-06
1.975154996649527e-02	3.908850e-06
1.976154996649527e-02	3.922719e-06
1.977154996649527e-02	3.908850e-06
1.978154996649527e-02	3.922719e-06
1.979154996649527e-02	3.908850e-06
1.980154996649527e-02	3.922718e-06
1.981154996649527e-02	3.908850e-06
1.982154996649527e-02	3.922718e-06
1.983154996649527e-02	3.908850e-06
1.984154996649527e-02	3.922717e-06
1.985154996649527e-02	3.908850e-06
1.986154996649527e-02	3.922717e-06
1.987154996649527e-02	3.908850e-06
1.988154996649527e-02	3.922717e-06
1.989154996649527e-02	3.908849e-06
1.990154996649527e-02	3.922716e-06
1.991154996649527e-02	3.908849e-06
1.992154996649527e-02	3.922716e-06
1.993154996649527e-02	3.908849e-06
1.994154996649527e-02	3.922716e-06
1.995154996649527e-02	3.908849e-06
1.996154996649527e-02	3.922715e-06
1.997154996649527e-02	3.908849e-06
1.998154996649527e-02	3.922715e-06
1.999154996649527e-02	3.908849e-06
2.000000000000000e-02	3.922715e-06
2.000000000100000e-02	3.887931e-06
2.000000000200000e-02	4.054346e-06
2.000000000347517e-02	3.827764e-06
2.000000000560198e-02	4.021806e-06
2.000000000985561e-02	3.823734e-06
2.000000001836286e-02	4.013920e-06
2.000000003537736e-02	3.829884e-06
2.000000006940636e-02	4.019441e-06
2.000000013746438e-02	3.843883e-06
2.000000027358040e-02	4.043470e-06
2.000000054581244e-02	3.883878e-06
2.000000109027653e-02	4.097575e-06
2.000000217920470e-02	3.939329e-06
2.000000435706105e-02	4.123132e-06
2.000000871277374e-02	3.880915e-06
2.000001493923406e-02	3.964135e-06
2.000002566348704e-02	3.625293e-06
2.000004711199301e-02	3.535988e-06
2.000006897482092e-02	3.147021e-06
2.000008116338633e-02	3.379168e-06
2.000008989219521e-02	3.448630e-06
2.000009924305840e-02	4.086664e-06
2.000011121411159e-02	4.547121e-06
2.000012599703156e-02	5.489484e-06
2.000014857413367e-02	6.363322e-06
2.000017228103649e-02	7.524325e-06
2.000020198690109e-02	8.346683e-06
2.000024140821284e-02	9.347316e-06
2.000028519663714e-02	9.421403e-06
2.000033730951802e-02	9.598304e-06
2.000040843488080e-02	9.403091e-06
2.000052693604054e-02	9.577559e-06
2.000064078880771e-02	9.398327e-06
2.000079758642789e-02	9.627068e-06
2.000096551080393e-02	9.610134e-06
2.000116732878242e-02	1.038451e-05
2.000134056788177e-02	1.113539e-05
2.000148746676508e-02	1.221511e-05
2.000165815781068e-02	1.281688e-05
2.000183901126339e-02	1.342825e-05
2.000203523475372e-02	1.331111e-05
2.000226878407585e-02	1.323490e-05
2.000252451222720e-02	1.255911e-05
2.000277965441677e-02	1.218279e-05
2.000304924679706e-02	1.141542e-05
2.000331119074928e-02	1.107084e-05
2.000359617974678e-02	1.036634e-05
2.000389955233208e-02	1.006185e-05
2.000424305427627e-02	9.400592e-06
2.000462548381322e-02	9.128274e-06
2.000491290092766e-02	8.645853e-06
2.000509371477033e-02	8.658476e-06
2.000526082673163e-02	8.328324e-06
2.000543953634330e-02	8.367486e-06
2.000575717995992e-02	7.957655e-06
2.000608873489495e-02	7.944593e-06
2.000646693009236e-02	7.579816e-06
2.000688630660766e-02	7.606959e-06
2.000727824865765e-02	7.310722e-06
2.000767198630259e-02	7.407062e-06
2.000805248770187e-02	7.160380e-06
2.000844391546962e-02	7.300830e-06
2.000883028089454e-02	7.100251e-06
2.000922727518865e-02	7.303057e-06
2.000962767988892e-02	7.194940e-06
2.001009198558404e-02	7.577738e-06
2.001063238330395e-02	7.870125e-06
2.001106652994185e-02	8.723123e-06
2.001152042761545e-02	9.641441e-06
2.001174409044065e-02	1.057354e-05
2.001200180708359e-02	1.143411e-05
2.001229165814454e-02	1.305110e-05
2.001287136026646e-02	1.652479e-05
2.001361891253928e-02	2.279114e-05
2.001450945952860e-02	3.106713e-05
2.001518305626266e-02	3.794708e-05
2.001574597644826e-02	4.326448e-05
2.001602942541436e-02	4.613846e-05
2.001629003500868e-02	4.835279e-05
2.001648768674545e-02	5.029922e-05
2.001668114309170e-02	5.177780e-05
2.001687710405542e-02	5.357957e-05
2.001709971064429e-02	5.512809e-05
2.001734030323462e-02	5.706453e-05
2.001763321197079e-02	5.883878e-05
2.001798823076393e-02	6.122437e-05
2.001852985659189e-02	6.424130e-05
2.001895081035387e-02	6.691396e-05
2.001929049952030e-02	6.872525e-05
2.001960156506875e-02	7.073919e-05
2.001992237862677e-02	7.240053e-05
2.002025849136649e-02	7.446879e-05
2.002058277873383e-02	7.603014e-05
2.002090722253065e-02	7.790145e-05
2.002122620610871e-02	7.930458e-05
2.002154237857841e-02	8.101346e-05
2.002185637637931e-02	8.229160e-05
2.002217011146993e-02	8.391962e-05
2.002248648717643e-02	8.518598e-05
2.002281035790605e-02	8.690332e-05
2.002315032731138e-02	8.840293e-05
2.002352272385447e-02	9.055183e-05
2.002395911540611e-02	9.273391e-05
2.002455936645856e-02	9.607821e-05
2.002545794234050e-02	9.995919e-05
2.002623604994372e-02	1.029740e-04
2.002687041439053e-02	1.048839e-04
2.002745693352597e-02	1.067067e-04
2.002811668170373e-02	1.082834e-04
2.002874512652110e-02	1.098698e-04
2.002939902394766e-02	1.111074e-04
2.003013894454830e-02	1.126113e-04
2.003091512034293e-02	1.137559e-04
2.003167472010172e-02	1.149722e-04
2.003243377118851e-02	1.157957e-04
2.003315902273905e-02	1.167082e-04
2.003390831717744e-02	1.172803e-04
2.003464353303482e-02	1.179764e-04
2.003539045007880e-02	1.183219e-04
2.003615389990621e-02	1.188063e-04
2.003695805514369e-02	1.189323e-04
2.003784288986602e-02	1.191851e-04
2.003890254437400e-02	1.190655e-04
2.004039530708963e-02	1.190369e-04
2.004204988862283e-02	1.186535e-04
2.004402967582655e-02	1.183166e-04
2.004636946640122e-02	1.173982e-04
2.004881284763370e-02	1.164233e-04
2.004977397324954e-02	1.158242e-04
2.005169622448121e-02	1.148954e-04
2.005212717169124e-02	1.364076e-04
2.005230076766282e-02	3.726944e-04
2.005238434654389e-02	3.317069e-04
2.005246537887399e-02	3.331059e-04
2.005253905566613e-02	3.326848e-04
2.005265230228082e-02	3.336815e-04
2.005283812869441e-02	3.340314e-04
2.005305360330832e-02	3.360663e-04
2.005335435131920e-02	3.375205e-04
2.005348358727365e-02	3.425380e-04
2.005358097884991e-02	3.412771e-04
2.005367923278941e-02	3.394499e-04
2.005377944771394e-02	3.404365e-04
2.005387450557618e-02	3.341212e-04
2.005394584347949e-02	3.262232e-04
2.005400188365939e-02	3.098249e-04
2.005405921142668e-02	2.910189e-04
2.005411100816907e-02	2.677218e-04
2.005417213969123e-02	2.476802e-04
2.005423495753684e-02	2.268577e-04
2.005430935979166e-02	2.117196e-04
2.005439072194027e-02	1.944622e-04
2.005448813481277e-02	1.827845e-04
2.005460020381309e-02	1.682712e-04
2.005473296957027e-02	1.596360e-04
2.005489444053652e-02	1.475834e-04
2.005511715825260e-02	1.402141e-04
2.005534998047110e-02	1.276747e-04
2.005559386365056e-02	1.288968e-04
2.005570688636115e-02	1.221887e-04
2.005577669436526e-02	1.256371e-04
2.005582254212485e-02	1.211936e-04
2.005586222208327e-02	1.243269e-04
2.005590260047711e-02	1.203463e-04
2.005594679796860e-02	1.233375e-04
2.005598871200242e-02	1.194121e-04
2.005603133510675e-02	1.223762e-04
2.005607309329900e-02	1.184450e-04
2.005611480886738e-02	1.212751e-04
2.005615625353613e-02	1.171689e-04
2.005619795070502e-02	1.195882e-04
2.005624023046469e-02	1.148697e-04
2.005628404357074e-02	1.162239e-04
2.005633092003107e-02	1.099953e-04
2.005638403088695e-02	1.092819e-04
2.005645221737092e-02	1.007166e-04
2.005657545354104e-02	9.781127e-05
2.005670353167396e-02	9.383274e-05
2.005683215453007e-02	9.815994e-05
2.005702103298073e-02	9.746394e-05
2.005732660675114e-02	1.048446e-04
2.005766085926373e-02	1.047194e-04
2.005796619158534e-02	1.097126e-04
2.005831671916389e-02	1.076073e-04
2.005863645855636e-02	1.114662e-04
2.005900814516533e-02	1.084477e-04
2.005939232179774e-02	1.118130e-04
2.005987750556678e-02	1.083460e-04
2.006045383049663e-02	1.113508e-04
2.006123769429081e-02	1.074343e-04
2.006223728013083e-02	1.098875e-04
2.006327785685699e-02	1.054815e-04
2.006441258294928e-02	1.074984e-04
2.006562335576976e-02	1.026253e-04
2.006699543298795e-02	1.041427e-04
2.006854809285588e-02	9.868016e-05
2.007046587082526e-02	9.934256e-05
2.007137955808468e-02	9.466549e-05
2.007193494893240e-02	9.715065e-05
2.007218545849939e-02	8.792494e-05
2.007231078026344e-02	6.376790e-05
2.007242773144266e-02	7.241221e-05
2.007252245642354e-02	6.377717e-05
2.007262168359244e-02	7.091877e-05
2.007270253874884e-02	6.841923e-05
2.007280703861143e-02	7.223884e-05
2.007289436717133e-02	7.647191e-05
2.007299733461406e-02	4.069477e-04
2.007307554785449e-02	6.198117e-04
2.007317062140378e-02	6.960008e-04
2.007326827707041e-02	7.287058e-04
2.007337244811774e-02	7.421340e-04
2.007347387330681e-02	7.645546e-04
2.007358234318788e-02	7.713308e-04
2.007369078813405e-02	7.907402e-04
2.007380081650681e-02	7.928046e-04
2.007392165398684e-02	8.107100e-04
2.007403172716581e-02	8.093865e-04
2.007415557079648e-02	8.258379e-04
2.007426737829430e-02	8.222688e-04
2.007438713580296e-02	8.376387e-04
2.007450010075507e-02	8.324228e-04
2.007461761275475e-02	8.473183e-04
2.007473848463072e-02	8.410749e-04
2.007486697221350e-02	8.561399e-04
2.007490980508425e-02	8.430969e-04
2.007492516817729e-02	8.651761e-04
2.007494161091878e-02	9.466877e-04
2.007494583836816e-02	1.000773e-03
2.007495373852432e-02	1.057817e-03
2.007496127468938e-02	1.162157e-03
2.007496895678193e-02	1.231349e-03
2.007498053108751e-02	1.405265e-03
2.007499283066743e-02	1.555899e-03
2.007501106428824e-02	1.862211e-03
2.007503353105636e-02	2.223391e-03
2.007506533354276e-02	2.860182e-03
2.007510399937179e-02	3.685964e-03
2.007515642263318e-02	5.043440e-03
2.007521551149090e-02	6.768531e-03
2.007528854540446e-02	9.307424e-03
2.007537158401313e-02	1.260456e-02
2.007547405050355e-02	1.737985e-02
2.007559063865520e-02	2.360009e-02
2.007573372410729e-02	3.242990e-02
2.007589641797013e-02	4.382265e-02
2.007609552499334e-02	5.961299e-02
2.007632171757598e-02	7.951032e-02
2.007659325552056e-02	1.056013e-01
2.007696635807155e-02	1.437602e-01
2.007728324335632e-02	1.770220e-01
2.007762670181832e-02	2.125845e-01
2.007806511514754e-02	2.557939e-01
2.007885476372736e-02	3.233751e-01
2.007961837109363e-02	3.731579e-01
2.007986861828236e-02	3.859171e-01
2.008002745971892e-02	3.932226e-01
2.008016788714537e-02	3.991220e-01
2.008031478348107e-02	4.048363e-01
2.008050549914112e-02	4.114731e-01
2.008073395862246e-02	4.184376e-01
2.008090366988272e-02	4.228847e-01
2.008098092471535e-02	4.247520e-01
2.008102536181645e-02	4.257399e-01
2.008105678557543e-02	4.264489e-01
2.008108761124565e-02	4.270816e-01
2.008112132751212e-02	4.277888e-01
2.008115347791361e-02	4.283891e-01
2.008118632622917e-02	4.290005e-01
2.008121899795740e-02	4.295047e-01
2.008125182238936e-02	4.299603e-01
2.008128484521317e-02	4.302311e-01
2.008131820623060e-02	4.303139e-01
2.008135226405619e-02	4.299767e-01
2.008138746433063e-02	4.290574e-01
2.008142489394080e-02	4.270492e-01
2.008146623859464e-02	4.233357e-01
2.008151629776110e-02	4.163806e-01
2.008158793787261e-02	4.025750e-01
2.008168906564896e-02	3.789067e-01
2.008177690602557e-02	3.576955e-01
2.008186695369520e-02	3.366987e-01
2.008196699696964e-02	3.152689e-01
2.008209749427860e-02	2.904527e-01
2.008227213257875e-02	2.627142e-01
2.008255642028014e-02	2.282340e-01
2.008280430545844e-02	2.065534e-01
2.008307103333603e-02	1.891371e-01
2.008337856211678e-02	1.745299e-01
2.008370820878920e-02	1.632668e-01
2.008410267846419e-02	1.539118e-01
2.008456167563926e-02	1.466074e-01
2.008516957057447e-02	1.406675e-01
2.008583679783973e-02	1.369099e-01
2.008630785936809e-02	1.353539e-01
2.008681556864684e-02	1.341740e-01
2.008736336354608e-02	1.333760e-01
2.008801549498887e-02	1.327148e-01
2.008873385498476e-02	1.323101e-01
2.008960988219135e-02	1.319673e-01
2.009008149248315e-02	1.318867e-01
2.009036613616926e-02	1.318075e-01
2.009054272583936e-02	1.318062e-01
2.009066190292746e-02	1.317620e-01
2.009076012692592e-02	1.317750e-01
2.009085441595639e-02	1.317361e-01
2.009095413045376e-02	1.317503e-01
2.009106006096626e-02	1.317114e-01
2.009116444540763e-02	1.317264e-01
2.009127064778114e-02	1.316889e-01
2.009137662436070e-02	1.317050e-01
2.009148338842464e-02	1.316687e-01
2.009159066028157e-02	1.316860e-01
2.009169929932720e-02	1.316506e-01
2.009180981097732e-02	1.316686e-01
2.009192404533974e-02	1.316336e-01
2.009204443933876e-02	1.316518e-01
2.009217639595803e-02	1.316165e-01
2.009233165202500e-02	1.316339e-01
2.009254042231766e-02	1.315973e-01
2.009291095350503e-02	1.316132e-01
2.009329452392785e-02	1.315830e-01
2.009372110278072e-02	1.316095e-01
2.009407530406306e-02	1.315857e-01
2.009447140950073e-02	1.316171e-01
2.009490786921820e-02	1.315982e-01
2.009561868821381e-02	1.316418e-01
2.009678054356186e-02	1.316543e-01
2.009708848682969e-02	1.104449e-01
2.009727312648008e-02	7.725319e-02
2.009739017621752e-02	5.776539e-02
2.009753812964139e-02	3.830726e-02
2.009765594913054e-02	2.746248e-02
2.009776016640037e-02	2.066147e-02
2.009786884082523e-02	1.579740e-02
2.009798472613894e-02	1.233933e-02
2.009809735117709e-02	1.026246e-02
2.009821915147105e-02	8.844106e-03
2.009835220623779e-02	8.001181e-03
2.009852496442168e-02	7.399932e-03
2.009873730146399e-02	7.136087e-03
2.009904842664906e-02	6.967348e-03
2.009950750773455e-02	6.930179e-03
2.010000000100000e-02	6.861467e-03
2.010000000200000e-02	6.868487e-03
2.010000001800000e-02	6.888241e-03
2.010000005000000e-02	6.864965e-03
2.010000009282153e-02	6.886008e-03
2.010000017846460e-02	6.865154e-03
2.010000034975073e-02	6.885216e-03
2.010000069232299e-02	6.865270e-03
2.010000137746751e-02	6.885063e-03
2.010000274775656e-02	6.865190e-03
2.010000548833464e-02	6.884776e-03
2.010001096949083e-02	6.864673e-03
2.010002193180318e-02	6.883710e-03
2.010004385642790e-02	6.862554e-03
2.010008770567732e-02	6.879467e-03
2.010017540417619e-02	6.854140e-03
2.010035080117390e-02	6.863224e-03
2.010070159516934e-02	6.824656e-03
2.010113305885252e-02	6.825826e-03
2.010155623055562e-02	6.791407e-03
2.010200698579091e-02	6.798230e-03
2.010245993021250e-02	6.767630e-03
2.010301886222571e-02	6.776194e-03
2.010363155422576e-02	6.746300e-03
2.010439095503124e-02	6.755740e-03
2.010525976133567e-02	6.726341e-03
2.010638329828433e-02	6.736068e-03
2.010778130395042e-02	6.706327e-03
2.010975921634921e-02	6.715130e-03
2.011259642313130e-02	6.683441e-03
2.011623265757918e-02	6.692014e-03
2.012097069281634e-02	6.661400e-03
2.012643977113622e-02	6.672445e-03
2.013185992417895e-02	6.645678e-03
2.013776333313714e-02	6.660284e-03
2.014415042720387e-02	6.635716e-03
2.015164062999595e-02	6.651869e-03
2.016006902392903e-02	6.628580e-03
2.016992178833573e-02	6.645863e-03
2.017992178833573e-02	6.623771e-03
2.018992178833573e-02	6.642229e-03
2.019992178833573e-02	6.620942e-03
2.020992178833573e-02	6.639949e-03
2.021992178833573e-02	6.619041e-03
2.022992178833573e-02	6.638324e-03
2.023992178833573e-02	6.617616e-03
2.024992178833573e-02	6.637056e-03
2.025992178833573e-02	6.616465e-03
2.026992178833573e-02	6.636005e-03
2.027992178833573e-02	6.615493e-03
2.028992178833573e-02	6.635104e-03
2.029992178833573e-02	6.614648e-03
2.030992178833573e-02	6.634315e-03
2.031992178833573e-02	6.613904e-03
2.032992178833573e-02	6.633617e-03
2.033992178833573e-02	6.273371e-03
2.034992178833573e-02	5.952387e-03
2.035992178833573e-02	5.651175e-03
2.036992178833573e-02	5.430874e-03
2.037992178833573e-02	5.208097e-03
2.038992178833573e-02	5.050390e-03
2.039992178833573e-02	4.878089e-03
2.040992178833573e-02	4.761922e-03
2.041992178833573e-02	4.623992e-03
2.042992178833573e-02	4.536786e-03
2.043992178833573e-02	4.423293e-03
2.044992178833573e-02	4.357067e-03
2.045992178833573e-02	4.261555e-03
2.046992178833573e-02	4.211004e-03
2.047992178833573e-02	4.129091e-03
2.048992178833573e-02	4.090548e-03
2.049992178833573e-02	4.019159e-03
2.050992178833573e-02	3.990010e-03
2.051992178833573e-02	3.926920e-03
2.052992178833573e-02	3.905249e-03
2.053992178833573e-02	3.848811e-03
2.054992178833573e-02	3.833184e-03
2.055992178833573e-02	3.782151e-03
2.056992178833573e-02	3.771471e-03
2.057992178833573e-02	3.724881e-03
2.058992178833573e-02	3.718296e-03
2.059992178833573e-02	3.675398e-03
2.060992178833573e-02	3.672235e-03
2.061992178833573e-02	3.632430e-03
2.062992178833573e-02	3.632152e-03
2.063992178833573e-02	3.594960e-03
2.064992178833573e-02	3.597132e-03
2.065992178833573e-02	3.562162e-03
2.066992178833573e-02	3.566427e-03
2.067992178833573e-02	3.533358e-03
2.068992178833573e-02	3.539423e-03
2.069992178833573e-02	3.507990e-03
2.070992178833573e-02	3.515611e-03
2.071992178833573e-02	3.485590e-03
2.072992178833573e-02	3.494562e-03
2.073992178833573e-02	3.465767e-03
2.074992178833573e-02	3.475917e-03
2.075992178833573e-02	3.448190e-03
2.076992178833573e-02	3.459371e-03
2.077992178833573e-02	3.432577e-03
2.078992178833573e-02	3.444663e-03
2.079992178833573e-02	3.418686e-03
2.080992178833573e-02	3.431569e-03
2.081992178833573e-02	3.406310e-03
2.082992178833573e-02	3.419897e-03
2.083992178833573e-02	3.395271e-03
2.084992178833573e-02	3.409481e-03
2.085992178833573e-02	3.385413e-03
2.086992178833573e-02	3.400176e-03
2.087992178833573e-02	3.376600e-03
2.088992178833573e-02	3.391855e-03
2.089992178833573e-02	3.368716e-03
2.090992178833573e-02	3.384408e-03
2.091992178833573e-02	3.361656e-03
2.092992178833573e-02	3.377739e-03
2.093992178833573e-02	3.355330e-03
2.094992178833573e-02	3.371762e-03
2.095992178833573e-02	3.349658e-03
2.096992178833573e-02	3.366403e-03
2.097992178833573e-02	3.344570e-03
2.098992178833573e-02	3.361594e-03
2.099992178833573e-02	3.340002e-03
2.100000000000000e-02	3.359579e-03
2.100000000100000e-02	3.347936e-03
2.100000001700000e-02	3.351784e-03
2.100000004900000e-02	3.347320e-03
2.100000011300000e-02	3.352038e-03
2.100000024100000e-02	3.347204e-03
2.100000049700000e-02	3.352095e-03
2.100000100900000e-02	3.347177e-03
2.100000203300000e-02	3.352110e-03
2.100000408100000e-02	3.347173e-03
2.100000817700000e-02	3.352118e-03
2.100001636899999e-02	3.347178e-03
2.100003275299998e-02	3.352128e-03
2.100006552099996e-02	3.347183e-03
2.100013105699992e-02	3.352118e-03
2.100026212899984e-02	3.347144e-03
2.102547856785555e-02	3.343767e-03
2.105069500671126e-02	3.340342e-03
2.107591144556697e-02	3.336868e-03
2.110112788442268e-02	3.333347e-03
2.112634432327839e-02	3.329777e-03
2.115156076213410e-02	3.326158e-03
2.117677720098981e-02	3.322491e-03
2.120963434384695e-02	3.320775e-03
2.124249148670409e-02	3.319328e-03
2.127534862956124e-02	3.318152e-03
2.130820577241838e-02	3.317246e-03
2.134106291527552e-02	3.316609e-03
2.137392005813266e-02	3.316242e-03
2.140677720098981e-02	3.316146e-03
2.145820577241838e-02	3.313594e-03
2.150963434384695e-02	3.311696e-03
2.156106291527552e-02	3.310452e-03
2.161249148670409e-02	3.309861e-03
2.166392005813266e-02	3.309924e-03
2.171534862956124e-02	3.310641e-03
2.176677720098981e-02	3.312012e-03
2.189820577241838e-02	3.310230e-03
2.202963434384695e-02	3.309006e-03
2.216106291527552e-02	3.308341e-03
2.229249148670409e-02	3.308234e-03
2.242392005813267e-02	3.308685e-03
2.255534862956124e-02	3.309694e-03
2.268677720098981e-02	3.311262e-03
2.278677720098981e-02	3.311259e-03
2.999677720098980e-02	3.306311e-03
3.000000000000000e-02	3.311256e-03
3.000000000100000e-02	3.304953e-03
3.000000000200000e-02	3.311657e-03
3.000000000347517e-02	3.305927e-03
3.000000000560198e-02	3.311510e-03
3.000000000985561e-02	3.306122e-03
3.000000001836286e-02	3.311405e-03
3.000000003537737e-02	3.306156e-03
3.000000006940638e-02	3.311369e-03
3.000000013746440e-02	3.306136e-03
3.000000027358044e-02	3.311306e-03
3.000000054581253e-02	3.306032e-03
3.000000109027671e-02	3.311114e-03
3.000000217920507e-02	3.305684e-03
3.000000435706178e-02	3.310438e-03
3.000000871277520e-02	3.304335e-03
3.000001493845931e-02	3.308298e-03
3.000002567084347e-02	3.301095e-03
3.000003385769455e-02	3.304749e-03
3.000003967829177e-02	3.297930e-03
3.000004424642546e-02	3.300589e-03
3.000004805436668e-02	3.291353e-03
3.000005205783863e-02	3.290153e-03
3.000005713277039e-02	3.276630e-03
3.000006382583182e-02	3.276373e-03
3.000007007227828e-02	3.271581e-03
3.000007671729626e-02	3.282734e-03
3.000008401482316e-02	3.290286e-03
3.000009240382632e-02	3.303949e-03
3.000010024115218e-02	3.305716e-03
3.000010886700494e-02	3.319529e-03
3.000012366840642e-02	3.329478e-03
3.000014147712274e-02	3.352720e-03
3.000017709455537e-02	3.381974e-03
3.000021462652598e-02	3.420419e-03
3.000025063608413e-02	3.443691e-03
3.000028746912580e-02	3.473857e-03
3.000033440388615e-02	3.490463e-03
3.000040045999284e-02	3.503319e-03
3.000040970938926e-02	3.500457e-03
3.000042820818211e-02	3.499822e-03
3.000046520576779e-02	3.498108e-03
3.000053920093916e-02	3.493999e-03
3.000068719128190e-02	3.485201e-03
3.000087816127139e-02	3.473621e-03
3.000109146061674e-02	3.460584e-03
3.000129102273702e-02	3.448344e-03
3.000144802068864e-02	3.438700e-03
3.000160601293949e-02	3.428962e-03
3.000177255088013e-02	3.418657e-03
3.000202944920691e-02	3.402667e-03
3.000234334933727e-02	3.382970e-03
3.000261966141955e-02	3.365463e-03
3.000292578359944e-02	3.345898e-03
3.000320749153506e-02	3.327675e-03
3.000354771672762e-02	3.305411e-03
3.000390241817713e-02	3.281733e-03
3.000435079906029e-02	3.251043e-03
3.000485953522021e-02	3.214550e-03
3.000554235409065e-02	3.161676e-03
3.000641458068056e-02	3.079124e-03
3.000710965600829e-02	2.978221e-03
3.000763245225696e-02	2.842649e-03
3.000802365015171e-02	2.642723e-03
3.000832625854509e-02	2.332473e-03
3.000853306080076e-02	1.930138e-03
3.000867726183322e-02	1.462613e-03
3.000880024176048e-02	8.445969e-04
3.000888731929394e-02	2.317629e-04
3.000891615141044e-02	9.749406e-05
3.000894351202951e-02	4.418155e-05
3.000897428182503e-02	4.171001e-05
3.000899652156095e-02	4.183343e-05
3.000902123946602e-02	4.159058e-05
3.000907067527616e-02	4.163922e-05
3.000916954689643e-02	4.121119e-05
3.000932567221089e-02	4.099249e-05
3.000963792283982e-02	4.006125e-05
3.001026242409767e-02	3.880661e-05
3.001151142661336e-02	3.614235e-05
3.001400943164476e-02	3.242275e-05
3.001644747425528e-02	2.962832e-05
3.001860999269288e-02	2.787137e-05
3.002075125198790e-02	2.592662e-05
3.002299469567021e-02	2.377194e-05
3.002538251636839e-02	2.076930e-05
3.002756900520392e-02	1.712706e-05
3.002972419546668e-02	1.212368e-05
3.003172451097939e-02	6.043123e-06
3.003369599366815e-02	-1.440993e-06
3.003529974637507e-02	-8.883393e-06
3.003700080581447e-02	-1.792814e-05
3.003873884800728e-02	-2.901756e-05
3.004081742218480e-02	-2.967231e-05
3.004277052647455e-02	-3.049358e-05
3.004497318510769e-02	-3.088552e-05
3.004797820877867e-02	-3.158576e-05
3.005116795468364e-02	-3.169109e-05
3.005410443217470e-02	-3.192377e-05
3.005518794744541e-02	-3.172832e-05
3.005567688347899e-02	-3.188839e-05
3.005617236600418e-02	-3.169358e-05
3.005627450541228e-02	-3.186168e-05
3.005640421821578e-02	-3.168692e-05
3.005656385105759e-02	-3.184523e-05
3.005668691294901e-02	-3.167617e-05
3.005682322468392e-02	-3.182911e-05
3.005693773391063e-02	-3.166626e-05
3.005705994238433e-02	-3.181326e-05
3.005717577531317e-02	-3.165620e-05
3.005728870813286e-02	-3.179722e-05
3.005741112081297e-02	-3.164543e-05
3.005752909966945e-02	-3.178010e-05
3.005767369457485e-02	-3.163180e-05
3.005780901021761e-02	-3.176021e-05
3.005800298983001e-02	-3.161228e-05
3.005818191634562e-02	-3.173357e-05
3.005845365362180e-02	-3.158213e-05
3.005873269629781e-02	-3.169247e-05
3.005918115579419e-02	-3.152706e-05
3.005971597042921e-02	-3.161181e-05
3.006067563891288e-02	-3.139460e-05
3.006211189405328e-02	-3.137550e-05
3.006498440433408e-02	-3.090085e-05
3.006949312016052e-02	-3.038480e-05
3.007438610228768e-02	-2.946211e-05
3.007905200037253e-02	-2.878484e-05
3.008213249153165e-02	-2.811812e-05
3.008532957724372e-02	-2.769116e-05
3.008694362549898e-02	-2.738627e-05
3.008857867886993e-02	-2.729862e-05
3.009015775103442e-02	-2.686129e-05
3.009164928726460e-02	-2.677182e-05
3.009463235972495e-02	-2.604223e-05
3.009798535571939e-02	-2.551024e-05
3.010000000000000e-02	-2.486676e-05
3.010000000100000e-02	-2.485972e-05
3.010000029128572e-02	-2.489867e-05
3.010000058157143e-02	-2.492880e-05
3.010000087185714e-02	-2.495010e-05
3.010000116214286e-02	-2.496258e-05
3.010000145242857e-02	-2.496625e-05
3.010000174271428e-02	-2.496108e-05
3.010000203300000e-02	-2.494710e-05
3.010000363537076e-02	-2.495237e-05
3.010001558850867e-02	-2.494735e-05
3.010025573843564e-02	-2.488956e-05
3.010049588836261e-02	-2.483105e-05
3.010073603828959e-02	-2.477183e-05
3.010097618821656e-02	-2.471189e-05
3.010121633814353e-02	-2.465124e-05
3.010145648807050e-02	-2.458986e-05
3.010169663799747e-02	-2.452778e-05
3.010339092409643e-02	-2.404759e-05
3.010444813255450e-02	-2.361238e-05
3.010509316373616e-02	-2.311847e-05
3.010574678857960e-02	-2.271054e-05
3.010612015497456e-02	-2.325348e-05
3.010652474875227e-02	-2.276185e-05
3.010733393630769e-02	-2.327679e-05
3.010851633398390e-02	-2.267949e-05
3.010986163284167e-02	-2.305659e-05
3.011142184884875e-02	-2.231828e-05
3.011303793434808e-02	-2.260131e-05
3.011512403649838e-02	-2.173905e-05
3.011726280503750e-02	-2.191903e-05
3.012029280262859e-02	-2.088518e-05
3.012344886033846e-02	-2.089711e-05
3.012819709011860e-02	-1.959010e-05
3.013260580682634e-02	-1.942946e-05
3.013787929834491e-02	-1.807263e-05
3.014313690229441e-02	-1.782457e-05
3.014952449120468e-02	-1.636385e-05
3.015688244216990e-02	-1.589236e-05
3.016006371296275e-02	-1.488588e-05
3.016117025298709e-02	-1.487221e-05
3.016186428483467e-02	-1.459465e-05
3.016236999509166e-02	-1.478856e-05
3.016283859946898e-02	-1.453787e-05
3.016331413856450e-02	-1.474699e-05
3.016379566166833e-02	-1.447457e-05
3.016428771372895e-02	-1.468677e-05
3.016490378396547e-02	-1.438373e-05
3.016558622271232e-02	-1.457711e-05
3.016635901333001e-02	-1.423355e-05
3.016724868726202e-02	-1.439739e-05
3.016827472777884e-02	-1.400549e-05
3.016960292140389e-02	-1.411472e-05
3.017123437317454e-02	-1.364054e-05
3.017351293281838e-02	-1.363868e-05
3.017593511452215e-02	-1.307022e-05
3.017859831192512e-02	-1.303239e-05
3.018148890262803e-02	-1.241345e-05
3.018490857952760e-02	-1.229721e-05
3.018884036676443e-02	-1.156167e-05
3.019204370093257e-02	-1.144831e-05
3.019459808561241e-02	-1.067512e-05
3.019710544690259e-02	-1.078943e-05
3.019938228198818e-02	-1.006263e-05
3.020176407998796e-02	-1.018139e-05
3.020537385841131e-02	-9.263091e-06
3.021000634282561e-02	-9.035700e-06
3.021613975050777e-02	-7.617741e-06
3.022131580051255e-02	-6.969130e-06
3.022503727132722e-02	-5.365207e-06
3.022678191048818e-02	-4.805031e-06
3.022848353916649e-02	-2.808769e-06
3.022945737662321e-02	-1.334528e-06
3.023055551472569e-02	2.133176e-06
3.023106952454656e-02	1.666270e-06
3.023173785072016e-02	3.227738e-06
3.023223554918269e-02	2.396763e-06
3.023274304918207e-02	3.636097e-06
3.023321868587861e-02	2.683938e-06
3.023373518096017e-02	3.858960e-06
3.023425263584573e-02	2.859778e-06
3.023475332160728e-02	4.008529e-06
3.023539271903499e-02	2.990796e-06
3.023603110036995e-02	4.146661e-06
3.023700921303959e-02	3.136394e-06
3.023797851616925e-02	4.315107e-06
3.023970960295054e-02	3.343857e-06
3.024165453113908e-02	4.580584e-06
3.024447482889877e-02	3.648745e-06
3.024699476187210e-02	4.884291e-06
3.024940618323524e-02	3.892123e-06
3.025202265550161e-02	5.105928e-06
3.025441055666288e-02	4.089348e-06
3.025682387770515e-02	5.280415e-06
3.025922375900713e-02	4.249605e-06
3.026167839664161e-02	5.432925e-06
3.026415293520785e-02	4.393171e-06
3.026670419908987e-02	5.572104e-06
3.026928396613726e-02	4.525357e-06
3.027197409770259e-02	5.701126e-06
3.027467772659726e-02	4.647925e-06
3.027754671964197e-02	5.820693e-06
3.028086872877441e-02	4.769638e-06
3.028487024713136e-02	5.952854e-06
3.028973506773914e-02	4.910258e-06
3.029611201734523e-02	6.101939e-06
3.030447101240583e-02	5.052386e-06
3.031447101240584e-02	6.181915e-06
3.032447101240584e-02	4.953435e-06
3.033300688668967e-02	5.674262e-06
3.033757709763305e-02	3.692493e-06
3.034219042641156e-02	3.961275e-06
3.034445845223801e-02	3.529278e-06
3.034587881257162e-02	4.283064e-06
3.034712607927791e-02	3.492273e-06
3.034845264212414e-02	4.365923e-06
3.035026331680642e-02	3.562151e-06
3.035388466617097e-02	4.495856e-06
3.036093813326491e-02	3.818163e-06
3.037093813326491e-02	4.961179e-06
3.038093813326491e-02	4.725348e-06
3.038547146841187e-02	6.768817e-06
3.038782469735029e-02	7.466819e-06
3.038911989945138e-02	9.612508e-06
3.039058010322850e-02	1.007819e-05
3.039098783150237e-02	1.119589e-05
3.039140647877438e-02	1.057343e-05
3.039185199142071e-02	1.162751e-05
3.039226392492391e-02	1.090327e-05
3.039271484319637e-02	1.188500e-05
3.039310001967292e-02	1.108341e-05
3.039350488974138e-02	1.201533e-05
3.039395389684327e-02	1.117622e-05
3.039439918212861e-02	1.208924e-05
3.039504511698512e-02	1.122464e-05
3.039564514786700e-02	1.212568e-05
3.039666456459298e-02	1.123673e-05
3.039766749332952e-02	1.212658e-05
3.039967335080261e-02	1.121465e-05
3.040206295758025e-02	1.208832e-05
3.040684217113553e-02	1.114617e-05
3.041640059824610e-02	1.194834e-05
3.042139412216599e-02	1.023378e-05
3.042312962028363e-02	5.061009e-06
3.042377591378753e-02	4.651848e-06
3.042442029101738e-02	3.837907e-06
3.042514778414120e-02	3.600298e-06
3.042660277038883e-02	2.576028e-06
3.042843328779225e-02	2.200325e-06
3.043043095491344e-02	1.422752e-06
3.043348481536809e-02	1.111851e-06
3.043738863145928e-02	3.390219e-07
3.044241653519919e-02	1.288932e-07
3.044724624348661e-02	-4.671365e-07
3.045060606466121e-02	-4.012307e-07
3.045315605252287e-02	-8.005386e-07
3.045468573738702e-02	-6.080071e-07
3.045602330439081e-02	-9.386257e-07
3.045683870438876e-02	-6.981555e-07
3.045758452245069e-02	-9.961140e-07
3.045804332718878e-02	-7.146320e-07
3.045844780067379e-02	-9.802769e-07
3.045870681580919e-02	-6.282070e-07
3.045892297903410e-02	-8.188250e-07
3.045907270171795e-02	-3.121177e-07
3.045919005888700e-02	-2.706459e-07
3.045927849471661e-02	5.951640e-07
3.045934850767478e-02	1.309091e-06
3.045942178732300e-02	3.496720e-06
3.045949065798058e-02	4.588169e-06
3.045955572174109e-02	5.587514e-06
3.045962117565283e-02	5.981536e-06
3.045968403093632e-02	6.512963e-06
3.045974741346599e-02	6.682373e-06
3.045981080093389e-02	6.993028e-06
3.045987507412625e-02	7.087290e-06
3.045994116813232e-02	7.259263e-06
3.046000941365554e-02	7.329402e-06
3.046008090225948e-02	7.395746e-06
3.046015628945650e-02	7.453697e-06
3.046023656954622e-02	7.422519e-06
3.046032279833902e-02	7.462616e-06
3.046041609775270e-02	7.366746e-06
3.046051784809133e-02	7.434659e-06
3.046062952986550e-02	7.305830e-06
3.046075289572253e-02	7.396481e-06
3.046088464375947e-02	7.239717e-06
3.046101532381403e-02	7.352443e-06
3.046118507888554e-02	7.167409e-06
3.046135936921467e-02	7.290579e-06
3.046157066827627e-02	7.082270e-06
3.046183088519268e-02	7.203860e-06
3.046215571078862e-02	6.964619e-06
3.046257077114966e-02	7.069519e-06
3.046308620948737e-02	6.793839e-06
3.046374076358213e-02	6.870943e-06
3.046456382975874e-02	6.552810e-06
3.046560158221595e-02	6.594168e-06
3.046691432323135e-02	6.234637e-06
3.046857049695889e-02	6.246977e-06
3.047071382995802e-02	5.868383e-06
3.047377724429569e-02	5.882795e-06
3.047734820300019e-02	5.587484e-06
3.048140095032932e-02	5.778121e-06
3.048576424125234e-02	5.667482e-06
3.048900793818821e-02	5.961544e-06
3.049151320743366e-02	5.852821e-06
3.049387111988009e-02	6.135222e-06
3.049624454411914e-02	6.026117e-06
3.049857947176603e-02	6.309213e-06
3.050167828376339e-02	6.221704e-06
3.050526431728603e-02	6.541039e-06
3.050971014714384e-02	6.480581e-06
3.051469312904755e-02	6.817667e-06
3.052076640303172e-02	6.763960e-06
3.052778921177438e-02	7.102200e-06
3.053650474912328e-02	7.037521e-06
3.054641413276301e-02	7.347689e-06
3.055641413276301e-02	7.222602e-06
3.056641413276301e-02	7.467394e-06
3.057641413276301e-02	7.287708e-06
3.058641413276300e-02	7.484623e-06
3.059641413276300e-02	7.264390e-06
3.060641413276300e-02	7.431411e-06
3.061641413276300e-02	7.188676e-06
3.062641413276301e-02	7.339653e-06
3.063641413276301e-02	7.085195e-06
3.064641413276301e-02	7.228399e-06
3.065641413276301e-02	6.968626e-06
3.066641413276300e-02	7.108992e-06
3.067641413276300e-02	6.847716e-06
3.068641413276300e-02	6.988156e-06
3.069641413276300e-02	6.727602e-06
3.070641413276300e-02	6.869784e-06
3.071641413276301e-02	6.611196e-06
3.072641413276301e-02	6.756021e-06
3.073641413276301e-02	6.500044e-06
3.074641413276301e-02	6.647946e-06
3.075641413276300e-02	6.394855e-06
3.076641413276300e-02	6.545982e-06
3.077641413276300e-02	6.295835e-06
3.078641413276300e-02	6.450168e-06
3.079641413276301e-02	6.202892e-06
3.080641413276301e-02	6.360316e-06
3.081641413276301e-02	6.115767e-06
3.082641413276301e-02	6.276115e-06
3.083641413276300e-02	6.034113e-06
3.084641413276300e-02	6.197194e-06
3.085641413276300e-02	5.957545e-06
3.086641413276300e-02	6.123163e-06
3.087641413276300e-02	5.885669e-06
3.088641413276301e-02	6.053629e-06
3.089641413276301e-02	5.818103e-06
3.090641413276301e-02	5.988220e-06
3.091641413276301e-02	5.754480e-06
3.092641413276300e-02	5.926582e-06
3.093641413276300e-02	5.694462e-06
3.094641413276300e-02	5.868389e-06
3.095641413276300e-02	5.637735e-06
3.096641413276301e-02	5.813339e-06
3.097641413276301e-02	5.584013e-06
3.098641413276301e-02	5.761161e-06
3.099641413276301e-02	5.533035e-06
3.100000000100000e-02	5.727316e-06
3.100000000200000e-02	4.840327e-06
3.100000001800000e-02	4.779871e-06
3.100000005000000e-02	5.077893e-06
3.100000011400000e-02	5.272846e-06
3.100000024200000e-02	5.541651e-06
3.100000049800000e-02	5.606709e-06
3.100000101000000e-02	5.658409e-06
3.100000203400000e-02	5.607956e-06
3.100000408200000e-02	5.644773e-06
3.100000817800000e-02	5.606739e-06
3.100001636999999e-02	5.644574e-06
3.100003275399998e-02	5.606816e-06
3.100006552199996e-02	5.644357e-06
3.100013105799992e-02	5.606590e-06
3.100026212999984e-02	5.643848e-06
3.100052427399968e-02	5.605624e-06
3.100097060036901e-02	5.642100e-06
3.100173427569943e-02	5.602660e-06
3.100326162636028e-02	5.636497e-06
3.100631632768197e-02	5.591509e-06
3.101242573032535e-02	5.614402e-06
3.102242573032535e-02	5.553284e-06
3.103242573032535e-02	5.567857e-06
3.104242573032535e-02	5.507834e-06
3.105242573032535e-02	5.523454e-06
3.106242573032535e-02	5.464434e-06
3.107242573032535e-02	5.481017e-06
3.108242573032535e-02	5.422919e-06
3.109242573032535e-02	5.440386e-06
3.110242573032535e-02	5.383139e-06
3.111242573032535e-02	5.401422e-06
3.112242573032535e-02	5.344959e-06
3.113242573032535e-02	5.363996e-06
3.114242573032535e-02	5.308259e-06
3.115242573032535e-02	5.327994e-06
3.116242573032535e-02	5.272930e-06
3.117242573032535e-02	5.293312e-06
3.118242573032535e-02	5.238874e-06
3.119242573032535e-02	5.259860e-06
3.120242573032535e-02	5.206004e-06
3.121242573032535e-02	5.227552e-06
3.122242573032535e-02	5.174241e-06
3.123242573032535e-02	5.196316e-06
3.124242573032535e-02	5.143514e-06
3.125242573032535e-02	5.166081e-06
3.126242573032535e-02	5.113759e-06
3.127242573032535e-02	5.136789e-06
3.128242573032535e-02	5.084916e-06
3.129242573032535e-02	5.108383e-06
3.130242573032535e-02	5.056935e-06
3.131242573032535e-02	5.080814e-06
3.132242573032535e-02	5.029767e-06
3.133242573032535e-02	5.054036e-06
3.134242573032535e-02	5.003369e-06
3.135242573032535e-02	5.028008e-06
3.136242573032535e-02	4.977701e-06
3.137242573032535e-02	5.002691e-06
3.138242573032535e-02	4.952728e-06
3.139242573032535e-02	4.978052e-06
3.140242573032535e-02	4.928416e-06
3.141242573032535e-02	4.954059e-06
3.142242573032535e-02	4.904735e-06
3.143242573032535e-02	4.930682e-06
3.144242573032535e-02	4.881657e-06
3.145242573032535e-02	4.907896e-06
3.146242573032535e-02	4.859156e-06
3.147242573032535e-02	4.885674e-06
3.148242573032535e-02	4.837209e-06
3.149242573032535e-02	4.863995e-06
3.150242573032535e-02	4.815793e-06
3.151242573032535e-02	4.842836e-06
3.152242573032535e-02	4.794887e-06
3.153242573032535e-02	4.822178e-06
3.154242573032535e-02	4.774472e-06
3.155242573032535e-02	4.802002e-06
3.156242573032535e-02	4.754530e-06
3.157242573032535e-02	4.782290e-06
3.158242573032535e-02	4.735044e-06
3.159242573032535e-02	4.763025e-06
3.160242573032535e-02	4.715997e-06
3.161242573032535e-02	4.744191e-06
3.162242573032535e-02	4.697374e-06
3.163242573032535e-02	4.725774e-06
3.164242573032535e-02	4.679160e-06
3.165242573032535e-02	4.707758e-06
3.166242573032535e-02	4.661340e-06
3.167242573032535e-02	4.690130e-06
3.168242573032535e-02	4.643901e-06
3.169242573032535e-02	4.672876e-06
3.170242573032535e-02	4.626829e-06
3.171242573032535e-02	4.655983e-06
3.172242573032535e-02	4.610111e-06
3.173242573032535e-02	4.639437e-06
3.174242573032535e-02	4.593734e-06
3.175242573032535e-02	4.623225e-06
3.176242573032535e-02	4.577685e-06
3.177242573032535e-02	4.607335e-06
3.178242573032535e-02	4.561951e-06
3.179242573032535e-02	4.591753e-06
3.180242573032535e-02	4.546519e-06
3.181242573032535e-02	4.576467e-06
3.182242573032535e-02	4.531376e-06
3.183242573032535e-02	4.561463e-06
3.184242573032535e-02	4.516508e-06
3.185242573032535e-02	4.546726e-06
3.186242573032535e-02	4.501900e-06
3.187242573032535e-02	4.532243e-06
3.188242573032535e-02	4.487538e-06
3.189242573032535e-02	4.517998e-06
3.190242573032535e-02	4.473406e-06
3.191242573032535e-02	4.503973e-06
3.192242573032535e-02	4.459486e-06
3.193242573032535e-02	4.490153e-06
3.194242573032535e-02	4.445761e-06
3.195242573032535e-02	4.476517e-06
3.196242573032535e-02	4.432209e-06
3.197242573032535e-02	4.463045e-06
3.198242573032535e-02	4.418810e-06
3.199242573032535e-02	4.449713e-06
3.200242573032535e-02	4.405541e-06
3.201242573032535e-02	4.436498e-06
3.202242573032535e-02	4.392375e-06
3.203242573032535e-02	4.423374e-06
3.204242573032535e-02	4.379286e-06
3.205242573032535e-02	4.410313e-06
3.206242573032535e-02	4.366247e-06
3.207242573032535e-02	4.397289e-06
3.208242573032535e-02	4.353233e-06
3.209242573032535e-02	4.384279e-06
3.210242573032535e-02	4.340224e-06
3.211242573032535e-02	4.371268e-06
3.212242573032535e-02	4.327210e-06
3.213242573032535e-02	4.358253e-06
3.214242573032535e-02	4.314200e-06
3.215242573032535e-02	4.345256e-06
3.216242573032535e-02	4.301228e-06
3.217242573032535e-02	4.332324e-06
3.218242573032535e-02	4.288358e-06
3.219242573032535e-02	4.319539e-06
3.220242573032535e-02	4.275684e-06
3.221242573032535e-02	4.307005e-06
3.222242573032535e-02	4.263320e-06
3.223242573032535e-02	4.294838e-06
3.224242573032535e-02	4.251376e-06
3.225242573032535e-02	4.283137e-06
3.226242573032535e-02	4.239937e-06
3.227242573032535e-02	4.271970e-06
3.228242573032535e-02	4.229049e-06
3.229242573032535e-02	4.261362e-06
3.230242573032535e-02	4.218718e-06
3.231242573032535e-02	4.251301e-06
3.232242573032535e-02	4.208917e-06
3.233242573032535e-02	4.241749e-06
3.234242573032535e-02	4.199603e-06
3.235242573032535e-02	4.232660e-06
3.236242573032535e-02	4.190726e-06
3.237242573032535e-02	4.223982e-06
3.238242573032535e-02	4.182237e-06
3.239242573032535e-02	4.215671e-06
3.240242573032535e-02	4.174094e-06
3.241242573032535e-02	4.207686e-06
3.242242573032535e-02	4.166261e-06
3.243242573032535e-02	4.199996e-06
3.244242573032535e-02	4.158706e-06
3.245242573032535e-02	4.192572e-06
3.246242573032535e-02	4.151408e-06
3.247242573032535e-02	4.185393e-06
3.248242573032535e-02	4.144346e-06
3.249242573032535e-02	4.178442e-06
3.250242573032535e-02	4.137503e-06
3.251242573032535e-02	4.171705e-06
3.252242573032535e-02	4.130869e-06
3.253242573032535e-02	4.165169e-06
3.254242573032535e-02	4.124430e-06
3.255242573032535e-02	4.158825e-06
3.256242573032535e-02	4.118178e-06
3.257242573032535e-02	4.152663e-06
3.258242573032535e-02	4.112106e-06
3.259242573032535e-02	4.146677e-06
3.260242573032535e-02	4.106206e-06
3.261242573032535e-02	4.140861e-06
3.262242573032535e-02	4.100471e-06
3.263242573032535e-02	4.135207e-06
3.264242573032535e-02	4.094897e-06
3.265242573032535e-02	4.129711e-06
3.266242573032535e-02	4.089478e-06
3.267242573032535e-02	4.124367e-06
3.268242573032535e-02	4.084210e-06
3.269242573032535e-02	4.119172e-06
3.270242573032535e-02	4.079086e-06
3.271242573032535e-02	4.114119e-06
3.272242573032535e-02	4.074104e-06
3.273242573032535e-02	4.109206e-06
3.274242573032535e-02	4.069259e-06
3.275242573032535e-02	4.104428e-06
3.276242573032535e-02	4.064548e-06
3.277242573032535e-02	4.099781e-06
3.278242573032535e-02	4.059966e-06
3.279242573032535e-02	4.095262e-06
3.280242573032535e-02	4.055509e-06
3.281242573032535e-02	4.090867e-06
3.282242573032535e-02	4.051175e-06
3.283242573032535e-02	4.086592e-06
3.284242573032535e-02	4.046959e-06
3.285242573032535e-02	4.082434e-06
3.286242573032535e-02	4.042859e-06
3.287242573032535e-02	4.078390e-06
3.288242573032535e-02	4.038871e-06
3.289242573032535e-02	4.074457e-06
3.290242573032535e-02	4.034993e-06
3.291242573032535e-02	4.070632e-06
3.292242573032535e-02	4.031221e-06
3.293242573032535e-02	4.066911e-06
3.294242573032535e-02	4.027551e-06
3.295242573032535e-02	4.063292e-06
3.296242573032535e-02	4.023982e-06
3.297242573032535e-02	4.059772e-06
3.298242573032535e-02	4.020511e-06
3.299242573032535e-02	4.056349e-06
3.300242573032535e-02	4.017135e-06
3.301242573032535e-02	4.053019e-06
3.302242573032535e-02	4.013852e-06
3.303242573032535e-02	4.049780e-06
3.304242573032535e-02	4.010657e-06
3.305242573032535e-02	4.046629e-06
3.306242573032535e-02	4.007551e-06
3.307242573032535e-02	4.043565e-06
3.308242573032535e-02	4.004529e-06
3.309242573032535e-02	4.040585e-06
3.310242573032535e-02	4.001590e-06
3.311242573032535e-02	4.037686e-06
3.312242573032535e-02	3.998731e-06
3.313242573032535e-02	4.034866e-06
3.314242573032535e-02	3.995950e-06
3.315242573032535e-02	4.032123e-06
3.316242573032535e-02	3.993246e-06
3.317242573032535e-02	4.029456e-06
3.318242573032535e-02	3.990615e-06
3.319242573032535e-02	4.026861e-06
3.320242573032535e-02	3.988057e-06
3.321242573032535e-02	4.024338e-06
3.322242573032535e-02	3.985568e-06
3.323242573032535e-02	4.021883e-06
3.324242573032535e-02	3.983148e-06
3.325242573032535e-02	4.019495e-06
3.326242573032535e-02	3.980793e-06
3.327242573032535e-02	4.017173e-06
3.328242573032535e-02	3.978503e-06
3.329242573032535e-02	4.014914e-06
3.330242573032535e-02	3.976275e-06
3.331242573032535e-02	4.012717e-06
3.332242573032535e-02	3.974109e-06
3.333242573032535e-02	4.010580e-06
3.334242573032535e-02	3.972002e-06
3.335242573032535e-02	4.008501e-06
3.336242573032535e-02	3.969952e-06
3.337242573032535e-02	4.006479e-06
3.338242573032535e-02	3.967958e-06
3.339242573032535e-02	4.004513e-06
3.340242573032535e-02	3.966019e-06
3.341242573032535e-02	4.002600e-06
3.342242573032535e-02	3.964133e-06
3.343242573032535e-02	4.000739e-06
3.344242573032535e-02	3.962298e-06
3.345242573032535e-02	3.998930e-06
3.346242573032535e-02	3.960514e-06
3.347242573032535e-02	3.997170e-06
3.348242573032535e-02	3.958778e-06
3.349242573032535e-02	3.995458e-06
3.350242573032535e-02	3.957090e-06
3.351242573032535e-02	3.993792e-06
3.352242573032535e-02	3.955448e-06
3.353242573032535e-02	3.992173e-06
3.354242573032535e-02	3.953851e-06
3.355242573032535e-02	3.990597e-06
3.356242573032535e-02	3.952297e-06
3.357242573032535e-02	3.989065e-06
3.358242573032535e-02	3.950786e-06
3.359242573032535e-02	3.987574e-06
3.360242573032535e-02	3.949317e-06
3.361242573032535e-02	3.986125e-06
3.362242573032535e-02	3.947887e-06
3.363242573032535e-02	3.984715e-06
3.364242573032535e-02	3.946497e-06
3.365242573032535e-02	3.983343e-06
3.366242573032535e-02	3.945144e-06
3.367242573032535e-02	3.982009e-06
3.368242573032535e-02	3.943829e-06
3.369242573032535e-02	3.980711e-06
3.370242573032535e-02	3.942549e-06
3.371242573032535e-02	3.979449e-06
3.372242573032535e-02	3.941305e-06
3.373242573032535e-02	3.978221e-06
3.374242573032535e-02	3.940094e-06
3.375242573032535e-02	3.977027e-06
3.376242573032535e-02	3.938917e-06
3.377242573032535e-02	3.975866e-06
3.378242573032535e-02	3.937772e-06
3.379242573032535e-02	3.974736e-06
3.380242573032535e-02	3.936658e-06
3.381242573032535e-02	3.973637e-06
3.382242573032535e-02	3.935575e-06
3.383242573032535e-02	3.972568e-06
3.384242573032535e-02	3.934521e-06
3.385242573032535e-02	3.971529e-06
3.386242573032535e-02	3.933496e-06
3.387242573032535e-02	3.970518e-06
3.388242573032535e-02	3.932499e-06
3.389242573032535e-02	3.969534e-06
3.390242573032535e-02	3.931529e-06
3.391242573032535e-02	3.968577e-06
3.392242573032535e-02	3.930586e-06
3.393242573032535e-02	3.967647e-06
3.394242573032535e-02	3.929669e-06
3.395242573032535e-02	3.966742e-06
3.396242573032535e-02	3.928777e-06
3.397242573032535e-02	3.965862e-06
3.398242573032535e-02	3.927908e-06
3.399242573032535e-02	3.965005e-06
3.400242573032535e-02	3.927064e-06
3.401242573032535e-02	3.964173e-06
3.402242573032535e-02	3.926243e-06
3.403242573032535e-02	3.963362e-06
3.404242573032535e-02	3.925445e-06
3.405242573032535e-02	3.962574e-06
3.406242573032535e-02	3.924667e-06
3.407242573032535e-02	3.961808e-06
3.408242573032535e-02	3.923912e-06
3.409242573032535e-02	3.961063e-06
3.410242573032535e-02	3.923177e-06
3.411242573032535e-02	3.960337e-06
3.412242573032535e-02	3.922462e-06
3.413242573032535e-02	3.959632e-06
3.414242573032535e-02	3.921767e-06
3.415242573032535e-02	3.958946e-06
3.416242573032535e-02	3.921091e-06
3.417242573032535e-02	3.958279e-06
3.418242573032535e-02	3.920433e-06
3.419242573032535e-02	3.957630e-06
3.420242573032535e-02	3.919793e-06
3.421242573032535e-02	3.956999e-06
3.422242573032535e-02	3.919171e-06
3.423242573032535e-02	3.956385e-06
3.424242573032535e-02	3.918566e-06
3.425242573032535e-02	3.955787e-06
3.426242573032535e-02	3.917977e-06
3.427242573032535e-02	3.955206e-06
3.428242573032535e-02	3.917404e-06
3.429242573032535e-02	3.954641e-06
3.430242573032535e-02	3.916847e-06
3.431242573032535e-02	3.954092e-06
3.432242573032535e-02	3.916306e-06
3.433242573032535e-02	3.953557e-06
3.434242573032535e-02	3.915779e-06
3.435242573032535e-02	3.953037e-06
3.436242573032535e-02	3.915266e-06
3.437242573032535e-02	3.952532e-06
3.438242573032535e-02	3.914768e-06
3.439242573032535e-02	3.952040e-06
3.440242573032535e-02	3.914283e-06
3.441242573032535e-02	3.951561e-06
3.442242573032535e-02	3.913811e-06
3.443242573032535e-02	3.951096e-06
3.444242573032535e-02	3.913352e-06
3.445242573032535e-02	3.950643e-06
3.446242573032535e-02	3.912906e-06
3.447242573032535e-02	3.950202e-06
3.448242573032535e-02	3.912472e-06
3.449242573032535e-02	3.949774e-06
3.450242573032535e-02	3.912050e-06
3.451242573032535e-02	3.949358e-06
3.452242573032535e-02	3.911639e-06
3.453242573032535e-02	3.948952e-06
3.454242573032535e-02	3.911240e-06
3.455242573032535e-02	3.948558e-06
3.456242573032535e-02	3.910852e-06
3.457242573032535e-02	3.948175e-06
3.458242573032535e-02	3.910474e-06
3.459242573032535e-02	3.947802e-06
3.460242573032535e-02	3.910106e-06
3.461242573032535e-02	3.947439e-06
3.462242573032535e-02	3.909749e-06
3.463242573032535e-02	3.947086e-06
3.464242573032535e-02	3.909401e-06
3.465242573032535e-02	3.946743e-06
3.466242573032535e-02	3.909063e-06
3.467242573032535e-02	3.946409e-06
3.468242573032535e-02	3.908734e-06
3.469242573032535e-02	3.946085e-06
3.470242573032535e-02	3.908414e-06
3.471242573032535e-02	3.945769e-06
3.472242573032535e-02	3.908103e-06
3.473242573032535e-02	3.945462e-06
3.474242573032535e-02	3.907800e-06
3.475242573032535e-02	3.945163e-06
3.476242573032535e-02	3.907506e-06
3.477242573032535e-02	3.944872e-06
3.478242573032535e-02	3.907220e-06
3.479242573032535e-02	3.944589e-06
3.480242573032535e-02	3.906941e-06
3.481242573032535e-02	3.944315e-06
3.482242573032535e-02	3.906670e-06
3.483242573032535e-02	3.944047e-06
3.484242573032535e-02	3.906407e-06
3.485242573032535e-02	3.943787e-06
3.486242573032535e-02	3.906151e-06
3.487242573032535e-02	3.943534e-06
3.488242573032535e-02	3.905901e-06
3.489242573032535e-02	3.943288e-06
3.490242573032535e-02	3.905659e-06
3.491242573032535e-02	3.943048e-06
3.492242573032535e-02	3.905423e-06
3.493242573032535e-02	3.942816e-06
3.494242573032535e-02	3.905194e-06
3.495242573032535e-02	3.942589e-06
3.496242573032535e-02	3.904971e-06
3.497242573032535e-02	3.942368e-06
3.498242573032535e-02	3.904754e-06
3.499242573032535e-02	3.942154e-06
3.500242573032535e-02	3.904543e-06
3.501242573032535e-02	3.941946e-06
3.502242573032535e-02	3.904337e-06
3.503242573032535e-02	3.941743e-06
3.504242573032535e-02	3.904137e-06
3.505242573032535e-02	3.941546e-06
3.506242573032535e-02	3.903943e-06
3.507242573032535e-02	3.941354e-06
3.508242573032535e-02	3.903755e-06
3.509242573032535e-02	3.941168e-06
3.510242573032535e-02	3.903571e-06
3.511242573032535e-02	3.940986e-06
3.512242573032535e-02	3.903392e-06
3.513242573032535e-02	3.940809e-06
3.514242573032535e-02	3.903218e-06
3.515242573032535e-02	3.940638e-06
3.516242573032535e-02	3.903049e-06
3.517242573032535e-02	3.940470e-06
3.518242573032535e-02	3.902885e-06
3.519242573032535e-02	3.940308e-06
3.520242573032535e-02	3.902725e-06
3.521242573032535e-02	3.940150e-06
3.522242573032535e-02	3.902569e-06
3.523242573032535e-02	3.939996e-06
3.524242573032535e-02	3.902418e-06
3.525242573032535e-02	3.939846e-06
3.526242573032535e-02	3.902271e-06
3.527242573032535e-02	3.939701e-06
3.528242573032535e-02	3.902127e-06
3.529242573032535e-02	3.939560e-06
3.530242573032535e-02	3.901988e-06
3.531242573032535e-02	3.939422e-06
3.532242573032535e-02	3.901853e-06
3.533242573032535e-02	3.939288e-06
3.534242573032535e-02	3.901721e-06
3.535242573032535e-02	3.939158e-06
3.536242573032535e-02	3.901593e-06
3.537242573032535e-02	3.939031e-06
3.538242573032535e-02	3.901468e-06
3.539242573032535e-02	3.938908e-06
3.540242573032535e-02	3.901347e-06
3.541242573032535e-02	3.938788e-06
3.542242573032535e-02	3.901229e-06
3.543242573032535e-02	3.938672e-06
3.544242573032535e-02	3.901114e-06
3.545242573032535e-02	3.938558e-06
3.546242573032535e-02	3.901003e-06
3.547242573032535e-02	3.938448e-06
3.548242573032535e-02	3.900894e-06
3.549242573032535e-02	3.938341e-06
3.550242573032535e-02	3.900789e-06
3.551242573032535e-02	3.938236e-06
3.552242573032535e-02	3.900686e-06
3.553242573032535e-02	3.938135e-06
3.554242573032535e-02	3.900586e-06
3.555242573032535e-02	3.938036e-06
3.556242573032535e-02	3.900489e-06
3.557242573032535e-02	3.937940e-06
3.558242573032535e-02	3.900395e-06
3.559242573032535e-02	3.937846e-06
3.560242573032535e-02	3.900303e-06
3.561242573032535e-02	3.937756e-06
3.562242573032535e-02	3.900213e-06
3.563242573032535e-02	3.937667e-06
3.564242573032535e-02	3.900127e-06
3.565242573032535e-02	3.937581e-06
3.566242573032535e-02	3.900042e-06
3.567242573032535e-02	3.937498e-06
3.568242573032535e-02	3.899960e-06
3.569242573032535e-02	3.937416e-06
3.570242573032535e-02	3.899880e-06
3.571242573032535e-02	3.937337e-06
3.572242573032535e-02	3.899802e-06
3.573242573032535e-02	3.937260e-06
3.574242573032535e-02	3.899726e-06
3.575242573032535e-02	3.937185e-06
3.576242573032535e-02	3.899653e-06
3.577242573032535e-02	3.937112e-06
3.578242573032535e-02	3.899581e-06
3.579242573032535e-02	3.937042e-06
3.580242573032535e-02	3.899512e-06
3.581242573032535e-02	3.936972e-06
3.582242573032535e-02	3.899444e-06
3.583242573032535e-02	3.936906e-06
3.584242573032535e-02	3.899378e-06
3.585242573032535e-02	3.936840e-06
3.586242573032535e-02	3.899314e-06
3.587242573032535e-02	3.936777e-06
3.588242573032535e-02	3.899252e-06
3.589242573032535e-02	3.936715e-06
3.590242573032535e-02	3.899192e-06
3.591242573032535e-02	3.936655e-06
3.592242573032535e-02	3.899132e-06
3.593242573032535e-02	3.936596e-06
3.594242573032535e-02	3.899075e-06
3.595242573032535e-02	3.936540e-06
3.596242573032535e-02	3.899019e-06
3.597242573032535e-02	3.936485e-06
3.598242573032535e-02	3.898965e-06
3.599242573032535e-02	3.936431e-06
3.600242573032535e-02	3.898912e-06
3.601242573032535e-02	3.936379e-06
3.602242573032535e-02	3.898861e-06
3.603242573032535e-02	3.936328e-06
3.604242573032535e-02	3.898811e-06
3.605242573032535e-02	3.936278e-06
3.606242573032535e-02	3.898763e-06
3.607242573032535e-02	3.936230e-06
3.608242573032535e-02	3.898715e-06
3.609242573032535e-02	3.936183e-06
3.610242573032535e-02	3.898670e-06
3.611242573032535e-02	3.936138e-06
3.612242573032535e-02	3.898625e-06
3.613242573032535e-02	3.936093e-06
3.614242573032535e-02	3.898582e-06
3.615242573032535e-02	3.936050e-06
3.616242573032535e-02	3.898539e-06
3.617242573032535e-02	3.936008e-06
3.618242573032535e-02	3.898499e-06
3.619242573032535e-02	3.935967e-06
3.620242573032535e-02	3.898459e-06
3.621242573032535e-02	3.935927e-06
3.622242573032535e-02	3.898419e-06
3.623242573032535e-02	3.935889e-06
3.624242573032535e-02	3.898382e-06
3.625242573032535e-02	3.935852e-06
3.626242573032535e-02	3.898345e-06
3.627242573032535e-02	3.935815e-06
3.628242573032535e-02	3.898309e-06
3.629242573032535e-02	3.935779e-06
3.630242573032535e-02	3.898274e-06
3.631242573032535e-02	3.935745e-06
3.632242573032535e-02	3.898241e-06
3.633242573032535e-02	3.935711e-06
3.634242573032535e-02	3.898208e-06
3.635242573032535e-02	3.935678e-06
3.636242573032535e-02	3.898176e-06
3.637242573032535e-02	3.935646e-06
3.638242573032535e-02	3.898145e-06
3.639242573032535e-02	3.935615e-06
3.640242573032535e-02	3.898115e-06
3.641242573032535e-02	3.935585e-06
3.642242573032535e-02	3.898085e-06
3.643242573032535e-02	3.935556e-06
3.644242573032535e-02	3.898057e-06
3.645242573032535e-02	3.935528e-06
3.646242573032535e-02	3.898029e-06
3.647242573032535e-02	3.935500e-06
3.648242573032535e-02	3.898002e-06
3.649242573032535e-02	3.935473e-06
3.650242573032535e-02	3.897975e-06
3.651242573032535e-02	3.935447e-06
3.652242573032535e-02	3.897950e-06
3.653242573032535e-02	3.935421e-06
3.654242573032535e-02	3.897925e-06
3.655242573032535e-02	3.935396e-06
3.656242573032535e-02	3.897901e-06
3.657242573032535e-02	3.935372e-06
3.658242573032535e-02	3.897877e-06
3.659242573032535e-02	3.935349e-06
3.660242573032535e-02	3.897854e-06
3.661242573032535e-02	3.935326e-06
3.662242573032535e-02	3.897832e-06
3.663242573032535e-02	3.935304e-06
3.664242573032535e-02	3.897811e-06
3.665242573032535e-02	3.935282e-06
3.666242573032535e-02	3.897789e-06
3.667242573032535e-02	3.935261e-06
3.668242573032535e-02	3.897769e-06
3.669242573032535e-02	3.935240e-06
3.670242573032535e-02	3.897749e-06
3.671242573032535e-02	3.935220e-06
3.672242573032535e-02	3.897730e-06
3.673242573032535e-02	3.935201e-06
3.674242573032535e-02	3.897710e-06
3.675242573032535e-02	3.935182e-06
3.676242573032535e-02	3.897692e-06
3.677242573032535e-02	3.935163e-06
3.678242573032535e-02	3.897675e-06
3.679242573032535e-02	3.935146e-06
3.680242573032535e-02	3.897657e-06
3.681242573032535e-02	3.935128e-06
3.682242573032535e-02	3.897640e-06
3.683242573032535e-02	3.935112e-06
3.684242573032535e-02	3.897624e-06
3.685242573032535e-02	3.935095e-06
3.686242573032535e-02	3.897608e-06
3.687242573032535e-02	3.935079e-06
3.688242573032535e-02	3.897593e-06
3.689242573032535e-02	3.935063e-06
3.690242573032535e-02	3.897578e-06
3.691242573032535e-02	3.935048e-06
3.692242573032535e-02	3.897563e-06
3.693242573032535e-02	3.935033e-06
3.694242573032535e-02	3.897549e-06
3.695242573032535e-02	3.935019e-06
3.696242573032535e-02	3.897535e-06
3.697242573032535e-02	3.935005e-06
3.698242573032535e-02	3.897521e-06
3.699242573032535e-02	3.934992e-06
3.700242573032535e-02	3.897508e-06
3.701242573032535e-02	3.934978e-06
3.702242573032535e-02	3.897495e-06
3.703242573032535e-02	3.934966e-06
3.704242573032535e-02	3.897483e-06
3.705242573032535e-02	3.934953e-06
3.706242573032535e-02	3.897471e-06
3.707242573032535e-02	3.934941e-06
3.708242573032535e-02	3.897459e-06
3.709242573032535e-02	3.934929e-06
3.710242573032535e-02	3.897448e-06
3.711242573032535e-02	3.934917e-06
3.712242573032535e-02	3.897437e-06
3.713242573032535e-02	3.934906e-06
3.714242573032535e-02	3.897426e-06
3.715242573032535e-02	3.934895e-06
3.716242573032535e-02	3.897416e-06
3.717242573032535e-02	3.934885e-06
3.718242573032535e-02	3.897405e-06
3.719242573032535e-02	3.934874e-06
3.720242573032535e-02	3.897395e-06
3.721242573032535e-02	3.934864e-06
3.722242573032535e-02	3.897386e-06
3.723242573032535e-02	3.934855e-06
3.724242573032535e-02	3.897377e-06
3.725242573032535e-02	3.934845e-06
3.726242573032535e-02	3.897368e-06
3.727242573032535e-02	3.934836e-06
3.728242573032535e-02	3.897359e-06
3.729242573032535e-02	3.934827e-06
3.730242573032535e-02	3.897350e-06
3.731242573032535e-02	3.934818e-06
3.732242573032535e-02	3.897342e-06
3.733242573032535e-02	3.934809e-06
3.734242573032535e-02	3.897333e-06
3.735242573032535e-02	3.934801e-06
3.736242573032535e-02	3.897326e-06
3.737242573032535e-02	3.934793e-06
3.738242573032535e-02	3.897318e-06
3.739242573032535e-02	3.934785e-06
3.740242573032535e-02	3.897310e-06
3.741242573032535e-02	3.934777e-06
3.742242573032535e-02	3.897303e-06
3.743242573032535e-02	3.934770e-06
3.744242573032535e-02	3.897296e-06
3.745242573032535e-02	3.934763e-06
3.746242573032535e-02	3.897289e-06
3.747242573032535e-02	3.934756e-06
3.748242573032535e-02	3.897283e-06
3.749242573032535e-02	3.934749e-06
3.750242573032535e-02	3.897276e-06
3.751242573032535e-02	3.934742e-06
3.752242573032535e-02	3.897270e-06
3.753242573032535e-02	3.934736e-06
3.754242573032535e-02	3.897264e-06
3.755242573032535e-02	3.934729e-06
3.756242573032535e-02	3.897258e-06
3.757242573032535e-02	3.934723e-06
3.758242573032535e-02	3.897252e-06
3.759242573032535e-02	3.934717e-06
3.760242573032535e-02	3.897246e-06
3.761242573032535e-02	3.934711e-06
3.762242573032535e-02	3.897241e-06
3.763242573032535e-02	3.934706e-06
3.764242573032535e-02	3.897236e-06
3.765242573032535e-02	3.934700e-06
3.766242573032535e-02	3.897230e-06
3.767242573032535e-02	3.934695e-06
3.768242573032535e-02	3.897225e-06
3.769242573032535e-02	3.934689e-06
3.770242573032535e-02	3.897220e-06
3.771242573032535e-02	3.934684e-06
3.772242573032535e-02	3.897216e-06
3.773242573032535e-02	3.934679e-06
3.774242573032535e-02	3.897211e-06
3.775242573032535e-02	3.934674e-06
3.776242573032535e-02	3.897207e-06
3.777242573032535e-02	3.934670e-06
3.778242573032535e-02	3.897203e-06
3.779242573032535e-02	3.934665e-06
3.780242573032535e-02	3.897198e-06
3.781242573032535e-02	3.934661e-06
3.782242573032535e-02	3.897194e-06
3.783242573032535e-02	3.934656e-06
3.784242573032535e-02	3.897190e-06
3.785242573032535e-02	3.934652e-06
3.786242573032535e-02	3.897186e-06
3.787242573032535e-02	3.934648e-06
3.788242573032535e-02	3.897183e-06
3.789242573032535e-02	3.934644e-06
3.790242573032535e-02	3.897178e-06
3.791242573032535e-02	3.934640e-06
3.792242573032535e-02	3.897175e-06
3.793242573032535e-02	3.934636e-06
3.794242573032535e-02	3.897172e-06
3.795242573032535e-02	3.934632e-06
3.796242573032535e-02	3.897168e-06
3.797242573032535e-02	3.934629e-06
3.798242573032535e-02	3.897165e-06
3.799242573032535e-02	3.934626e-06
3.800242573032535e-02	3.897162e-06
3.801242573032535e-02	3.934622e-06
3.802242573032535e-02	3.897159e-06
3.803242573032535e-02	3.934619e-06
3.804242573032535e-02	3.897156e-06
3.805242573032535e-02	3.934615e-06
3.806242573032535e-02	3.897153e-06
3.807242573032535e-02	3.934612e-06
3.808242573032535e-02	3.897150e-06
3.809242573032535e-02	3.934609e-06
3.810242573032535e-02	3.897148e-06
3.811242573032535e-02	3.934606e-06
3.812242573032535e-02	3.897145e-06
3.813242573032535e-02	3.934603e-06
3.814242573032535e-02	3.897142e-06
3.815242573032535e-02	3.934600e-06
3.816242573032535e-02	3.897139e-06
3.817242573032535e-02	3.934597e-06
3.818242573032535e-02	3.897137e-06
3.819242573032535e-02	3.934595e-06
3.820242573032535e-02	3.897135e-06
3.821242573032535e-02	3.934592e-06
3.822242573032535e-02	3.897133e-06
3.823242573032535e-02	3.934590e-06
3.824242573032535e-02	3.897130e-06
3.825242573032535e-02	3.934587e-06
3.826242573032535e-02	3.897128e-06
3.827242573032535e-02	3.934585e-06
3.828242573032535e-02	3.897126e-06
3.829242573032535e-02	3.934582e-06
3.830242573032535e-02	3.897124e-06
3.831242573032535e-02	3.934580e-06
3.832242573032535e-02	3.897122e-06
3.833242573032535e-02	3.934578e-06
3.834242573032535e-02	3.897120e-06
3.835242573032535e-02	3.934575e-06
3.836242573032535e-02	3.897118e-06
3.837242573032535e-02	3.934573e-06
3.838242573032535e-02	3.897116e-06
3.839242573032535e-02	3.934571e-06
3.840242573032535e-02	3.897114e-06
3.841242573032535e-02	3.934569e-06
3.842242573032535e-02	3.897113e-06
3.843242573032535e-02	3.934567e-06
3.844242573032535e-02	3.897111e-06
3.845242573032535e-02	3.934565e-06
3.846242573032535e-02	3.897110e-06
3.847242573032535e-02	3.934563e-06
3.848242573032535e-02	3.897108e-06
3.849242573032535e-02	3.934561e-06
3.850242573032535e-02	3.897107e-06
3.851242573032535e-02	3.934560e-06
3.852242573032535e-02	3.897105e-06
3.853242573032535e-02	3.934558e-06
3.854242573032535e-02	3.897103e-06
3.855242573032535e-02	3.934556e-06
3.856242573032535e-02	3.897102e-06
3.857242573032535e-02	3.934555e-06
3.858242573032535e-02	3.897101e-06
3.859242573032535e-02	3.934553e-06
3.860242573032535e-02	3.897100e-06
3.861242573032535e-02	3.934551e-06
3.862242573032535e-02	3.897098e-06
3.863242573032535e-02	3.934550e-06
3.864242573032535e-02	3.897097e-06
3.865242573032535e-02	3.934548e-06
3.866242573032535e-02	3.897096e-06
3.867242573032535e-02	3.934547e-06
3.868242573032535e-02	3.897095e-06
3.869242573032535e-02	3.934545e-06
3.870242573032535e-02	3.897094e-06
3.871242573032535e-02	3.934544e-06
3.872242573032535e-02	3.897092e-06
3.873242573032535e-02	3.934543e-06
3.874242573032535e-02	3.897092e-06
3.875242573032535e-02	3.934541e-06
3.876242573032535e-02	3.897091e-06
3.877242573032535e-02	3.934540e-06
3.878242573032535e-02	3.897089e-06
3.879242573032535e-02	3.934539e-06
3.880242573032535e-02	3.897088e-06
3.881242573032535e-02	3.934538e-06
3.882242573032535e-02	3.897087e-06
3.883242573032535e-02	3.934536e-06
3.884242573032535e-02	3.897087e-06
3.885242573032535e-02	3.934535e-06
3.886242573032535e-02	3.897086e-06
3.887242573032535e-02	3.934534e-06
3.888242573032535e-02	3.897085e-06
3.889242573032535e-02	3.934533e-06
3.890242573032535e-02	3.897084e-06
3.891242573032535e-02	3.934532e-06
3.892242573032535e-02	3.897083e-06
3.893242573032535e-02	3.934531e-06
3.894242573032535e-02	3.897083e-06
3.895242573032535e-02	3.934530e-06
3.896242573032535e-02	3.897082e-06
3.897242573032535e-02	3.934529e-06
3.898242573032535e-02	3.897081e-06
3.899242573032535e-02	3.934528e-06
3.900242573032535e-02	3.897081e-06
3.901242573032535e-02	3.934527e-06
3.902242573032535e-02	3.897080e-06
3.903242573032535e-02	3.934526e-06
3.904242573032535e-02	3.897079e-06
3.905242573032535e-02	3.934525e-06
3.906242573032535e-02	3.897079e-06
3.907242573032535e-02	3.934524e-06
3.908242573032535e-02	3.897078e-06
3.909242573032535e-02	3.934523e-06
3.910242573032535e-02	3.897077e-06
3.911242573032535e-02	3.934522e-06
3.912242573032535e-02	3.897077e-06
3.913242573032535e-02	3.934521e-06
3.914242573032535e-02	3.897077e-06
3.915242573032535e-02	3.934520e-06
3.916242573032535e-02	3.897076e-06
3.917242573032535e-02	3.934520e-06
3.918242573032535e-02	3.897075e-06
3.919242573032535e-02	3.934519e-06
3.920242573032535e-02	3.897075e-06
3.921242573032535e-02	3.934518e-06
3.922242573032535e-02	3.897074e-06
3.923242573032535e-02	3.934517e-06
3.924242573032535e-02	3.897074e-06
3.925242573032535e-02	3.934517e-06
3.926242573032535e-02	3.897073e-06
3.927242573032535e-02	3.934516e-06
3.928242573032535e-02	3.897073e-06
3.929242573032535e-02	3.934515e-06
3.930242573032535e-02	3.897073e-06
3.931242573032535e-02	3.934515e-06
3.932242573032535e-02	3.897072e-06
3.933242573032535e-02	3.934514e-06
3.934242573032535e-02	3.897072e-06
3.935242573032535e-02	3.934513e-06
3.936242573032535e-02	3.897072e-06
3.937242573032535e-02	3.934513e-06
3.938242573032535e-02	3.897071e-06
3.939242573032535e-02	3.934512e-06
3.940242573032535e-02	3.897071e-06
3.941242573032535e-02	3.934511e-06
3.942242573032535e-02	3.897071e-06
3.943242573032535e-02	3.934510e-06
3.944242573032535e-02	3.897070e-06
3.945242573032535e-02	3.934510e-06
3.946242573032535e-02	3.897070e-06
3.947242573032535e-02	3.934510e-06
3.948242573032535e-02	3.897070e-06
3.949242573032535e-02	3.934509e-06
3.950242573032535e-02	3.897070e-06
3.951242573032535e-02	3.934508e-06
3.952242573032535e-02	3.897069e-06
3.953242573032535e-02	3.934508e-06
3.954242573032535e-02	3.897069e-06
3.955242573032535e-02	3.934507e-06
3.956242573032535e-02	3.897069e-06
3.957242573032535e-02	3.934507e-06
3.958242573032535e-02	3.897068e-06
3.959242573032535e-02	3.934506e-06
3.960242573032535e-02	3.897068e-06
3.961242573032535e-02	3.934506e-06
3.962242573032535e-02	3.897068e-06
3.963242573032535e-02	3.934505e-06
3.964242573032535e-02	3.897068e-06
3.965242573032535e-02	3.934505e-06
3.966242573032535e-02	3.897068e-06
3.967242573032535e-02	3.934504e-06
3.968242573032535e-02	3.897067e-06
3.969242573032535e-02	3.934504e-06
3.970242573032535e-02	3.897067e-06
3.971242573032535e-02	3.934503e-06
3.972242573032535e-02	3.897067e-06
3.973242573032535e-02	3.934503e-06
3.974242573032535e-02	3.897067e-06
3.975242573032535e-02	3.934502e-06
3.976242573032535e-02	3.897067e-06
3.977242573032535e-02	3.934502e-06
3.978242573032535e-02	3.897067e-06
3.979242573032535e-02	3.934501e-06
3.980242573032535e-02	3.897067e-06
3.981242573032535e-02	3.934501e-06
3.982242573032535e-02	3.897067e-06
3.983242573032535e-02	3.934501e-06
3.984242573032535e-02	3.897067e-06
3.985242573032535e-02	3.934500e-06
3.986242573032535e-02	3.897067e-06
3.987242573032535e-02	3.934500e-06
3.988242573032535e-02	3.897066e-06
3.989242573032535e-02	3.934500e-06
3.990242573032535e-02	3.897066e-06
3.991242573032535e-02	3.934499e-06
3.992242573032535e-02	3.897066e-06
3.993242573032535e-02	3.934499e-06
3.994242573032535e-02	3.897066e-06
3.995242573032535e-02	3.934498e-06
3.996242573032535e-02	3.897066e-06
3.997242573032535e-02	3.934498e-06
3.998242573032535e-02	3.897066e-06
3.999242573032535e-02	3.934498e-06
4.000000000000000e-02	3.897066e-06
