time	I(V1)	I(Vcell12)
0.000000000000000e+00	1.405636e-11	-2.599973e-07
9.999999439624929e-11	-5.746338e-09	-2.542658e-07
1.999999887924986e-10	-1.117476e-08	-2.488748e-07
1.599999910339989e-09	-8.681481e-08	-1.752655e-07
3.199999820679977e-09	-1.724277e-07	-9.514595e-08
6.399999641359955e-09	-3.410215e-07	5.476503e-08
1.279999928271991e-08	-6.679122e-07	3.252806e-07
2.559999856543982e-08	-1.282263e-06	7.980763e-07
4.834420581239311e-08	-2.253245e-06	1.515859e-06
7.268328439162890e-08	-2.930755e-06	1.988193e-06
8.551106390108640e-08	-2.513864e-06	1.569576e-06
9.483010381674297e-08	-1.424280e-06	6.128311e-07
1.055730542483833e-07	2.960905e-07	-7.954471e-07
1.180689290097134e-07	2.340550e-06	-2.370574e-06
1.335781977403828e-07	4.733453e-06	-4.164755e-06
1.606636347962108e-07	8.465790e-06	-6.942793e-06
1.904311335718172e-07	1.173649e-05	-9.356990e-06
2.288348008507521e-07	1.437890e-05	-1.127234e-05
2.717844661221665e-07	1.535034e-05	-1.192263e-05
3.213849004256889e-07	1.549597e-05	-1.198704e-05
3.801398766121268e-07	1.554238e-05	-1.197096e-05
4.790393015713479e-07	1.556704e-05	-1.191807e-05
6.768381514897903e-07	1.556951e-05	-1.180800e-05
8.749291171198209e-07	1.555607e-05	-1.172090e-05
1.168432868784778e-06	1.552841e-05	-1.162563e-05
1.449267261734489e-06	1.549910e-05	-1.156304e-05
1.845112147666679e-06	1.545644e-05	-1.149990e-05
2.268003921715625e-06	1.541068e-05	-1.145189e-05
2.882419028600557e-06	1.534487e-05	-1.139633e-05
3.622156665003390e-06	1.526723e-05	-1.133975e-05
4.805628038643738e-06	1.514657e-05	-1.125535e-05
6.594293885401424e-06	1.497162e-05	-1.113730e-05
8.621287972697528e-06	1.478320e-05	-1.105041e-05
1.116452219787254e-05	1.457147e-05	-1.174425e-05
1.251110596658529e-05	1.447988e-05	-1.310678e-05
1.364550058844883e-05	1.441644e-05	-1.482954e-05
1.504393544566021e-05	1.434842e-05	-1.706115e-05
1.656682791459359e-05	1.428282e-05	-1.939723e-05
1.813510712228023e-05	1.422057e-05	-2.153666e-05
1.994262223934196e-05	1.415229e-05	-2.354737e-05
2.221440297073973e-05	1.406781e-05	-2.537889e-05
2.520644067731159e-05	1.395326e-05	-2.673776e-05
2.739151812609993e-05	1.386333e-05	-2.663061e-05
2.980188442477110e-05	1.376228e-05	-2.604265e-05
3.159989561947079e-05	1.368635e-05	-2.556498e-05
3.423486992014364e-05	1.357447e-05	-2.488522e-05
3.771928893367082e-05	1.342829e-05	-2.406732e-05
4.283081021681472e-05	1.322200e-05	-2.307558e-05
4.863596493188725e-05	1.301125e-05	-2.243274e-05
5.306785468953471e-05	1.287732e-05	-2.234816e-05
5.790260139103044e-05	1.276543e-05	-2.244395e-05
5.969969847158335e-05	1.269208e-05	-3.259049e-05
6.040264610606249e-05	1.250555e-05	-1.189211e-04
6.082402242295629e-05	1.235539e-05	-1.068023e-04
6.111177755518798e-05	1.227866e-05	-1.424056e-04
6.140987009271474e-05	1.219555e-05	-1.756326e-04
6.171454551398275e-05	1.211836e-05	-2.303410e-04
6.230430509959921e-05	1.198422e-05	-3.931435e-04
6.300168505532978e-05	1.185246e-05	-7.208454e-04
6.373542241996035e-05	1.174209e-05	-1.241578e-03
6.456502413368732e-05	1.164501e-05	-2.052299e-03
6.549843640067402e-05	1.156210e-05	-3.197671e-03
6.652129665906679e-05	1.149284e-05	-4.685609e-03
6.778964573978171e-05	1.142772e-05	-6.764903e-03
6.958931004558074e-05	1.137485e-05	-1.015985e-02
7.117683891147320e-05	1.134991e-05	-1.342396e-02
7.200447365589024e-05	1.133662e-05	-1.516125e-02
7.251001961164032e-05	1.132851e-05	-1.622311e-02
7.284609405822548e-05	1.132305e-05	-1.693864e-02
7.312960332759968e-05	1.131850e-05	-1.753574e-02
7.342255415568891e-05	1.131373e-05	-1.816253e-02
7.374163240256286e-05	1.130859e-05	-1.883707e-02
7.404579170510028e-05	1.130364e-05	-1.948895e-02
7.436437764424129e-05	1.129852e-05	-2.016238e-02
7.467569636373050e-05	1.129347e-05	-2.082754e-02
7.499831730621378e-05	1.128833e-05	-2.150409e-02
7.531947569410515e-05	1.128322e-05	-2.217947e-02
7.565789420772497e-05	1.127799e-05	-2.286911e-02
7.600701674125120e-05	1.127271e-05	-2.356797e-02
7.639672023391952e-05	1.126716e-05	-2.430064e-02
7.684392892045745e-05	1.126119e-05	-2.508798e-02
7.745684610529000e-05	1.125392e-05	-2.603616e-02
7.853677314457429e-05	1.124283e-05	-2.744017e-02
7.965426539838463e-05	1.123262e-05	-2.864819e-02
8.089862728011877e-05	1.122163e-05	-2.985258e-02
8.270831258977169e-05	1.120569e-05	-3.144176e-02
8.550432133500765e-05	1.118021e-05	-3.373165e-02
8.856193412687493e-05	1.115120e-05	-3.610057e-02
9.184958919409565e-05	1.111900e-05	-3.857914e-02
9.534604669391004e-05	1.108420e-05	-4.115061e-02
9.944827334649460e-05	1.104301e-05	-4.413136e-02
1.042476389691199e-04	1.099489e-05	-4.756343e-02
1.101629988779451e-04	1.093590e-05	-5.175723e-02
1.174883659227746e-04	1.086372e-05	-5.688557e-02
1.272293913163959e-04	1.076913e-05	-6.364524e-02
1.372293913163959e-04	1.067362e-05	-7.050505e-02
1.472293913163959e-04	1.057946e-05	-7.731397e-02
1.572293913163959e-04	1.048656e-05	-8.405754e-02
1.672293913163959e-04	1.039473e-05	-9.075952e-02
1.772293913163959e-04	1.030396e-05	-9.740239e-02
1.872293913163959e-04	1.021410e-05	-1.040084e-01
1.972293913163959e-04	1.012520e-05	-1.105588e-01
2.072293913163959e-04	1.003715e-05	-1.170755e-01
2.172293913163959e-04	9.949993e-06	-1.235395e-01
2.272293913163959e-04	9.863649e-06	-1.299721e-01
2.372293913163959e-04	9.778185e-06	-1.363541e-01
2.472293913163959e-04	9.691223e-06	-1.426827e-01
2.572293913163959e-04	9.595429e-06	-1.488572e-01
2.612233318233133e-04	9.561324e-06	-1.509618e-01
2.633859183013479e-04	9.551371e-06	-1.515805e-01
2.649112327032235e-04	9.542001e-06	-1.519176e-01
2.660825949105051e-04	9.533832e-06	-1.521286e-01
2.673397077379972e-04	9.524217e-06	-1.523388e-01
2.689024549810399e-04	9.511394e-06	-1.525583e-01
2.720279494671255e-04	9.483709e-06	-1.529423e-01
2.748734558590490e-04	9.456897e-06	-1.532252e-01
2.792609161825067e-04	9.413956e-06	-1.536057e-01
2.833735928425136e-04	9.372543e-06	-1.538991e-01
2.899878331781673e-04	9.304466e-06	-1.543115e-01
2.971812107939184e-04	9.229021e-06	-1.546759e-01
3.057565926749509e-04	9.137892e-06	-1.550512e-01
3.157565926749509e-04	9.030820e-06	-1.554053e-01
3.257565926749509e-04	8.923560e-06	-1.557115e-01
3.357565926749509e-04	8.816723e-06	-1.559615e-01
3.457565926749509e-04	8.710705e-06	-1.561861e-01
3.557565926749509e-04	8.605891e-06	-1.563707e-01
3.657565926749509e-04	8.502485e-06	-1.565419e-01
3.757565926749509e-04	8.400738e-06	-1.566824e-01
3.857565926749509e-04	8.300741e-06	-1.568168e-01
3.957565926749509e-04	8.202654e-06	-1.569263e-01
4.057565926749509e-04	8.106501e-06	-1.570344e-01
4.157565926749509e-04	8.012387e-06	-1.571214e-01
4.257565926749509e-04	7.920294e-06	-1.572102e-01
4.357565926749509e-04	7.830288e-06	-1.572804e-01
4.457565926749509e-04	7.742327e-06	-1.573546e-01
4.557565926749509e-04	7.656455e-06	-1.574119e-01
4.657565926749509e-04	7.572611e-06	-1.574749e-01
4.757565926749509e-04	7.490825e-06	-1.575223e-01
4.857565926749509e-04	7.409600e-06	-1.575792e-01
4.957565926749509e-04	7.324318e-06	-1.576325e-01
5.057565926749509e-04	7.236473e-06	-1.576990e-01
5.157565926749509e-04	7.147745e-06	-1.577535e-01
5.257565926749509e-04	7.059124e-06	-1.578159e-01
5.357565926749509e-04	6.971460e-06	-1.578636e-01
5.457565926749509e-04	6.885273e-06	-1.579180e-01
5.557565926749509e-04	6.801005e-06	-1.579574e-01
5.657565926749509e-04	6.718891e-06	-1.580037e-01
5.757565926749509e-04	6.639165e-06	-1.580353e-01
5.857565926749509e-04	6.561904e-06	-1.580745e-01
5.957565926749509e-04	6.487223e-06	-1.580996e-01
6.057565926749509e-04	6.415109e-06	-1.581328e-01
6.157565926749509e-04	6.345605e-06	-1.581526e-01
6.257565926749509e-04	6.278648e-06	-1.581810e-01
6.357565926749509e-04	6.214239e-06	-1.581964e-01
6.457565926749509e-04	6.152283e-06	-1.582209e-01
6.557565926749509e-04	6.092759e-06	-1.582328e-01
6.657565926749509e-04	6.035556e-06	-1.582540e-01
6.757565926749509e-04	5.980640e-06	-1.582631e-01
6.857565926749509e-04	5.927894e-06	-1.582818e-01
6.957565926749508e-04	5.877280e-06	-1.582885e-01
7.057565926749509e-04	5.828676e-06	-1.583050e-01
7.157565926749509e-04	5.782045e-06	-1.583098e-01
7.257565926749509e-04	5.737268e-06	-1.583246e-01
7.357565926749508e-04	5.694307e-06	-1.583278e-01
7.457565926749509e-04	5.653048e-06	-1.583411e-01
7.557565926749509e-04	5.613459e-06	-1.583430e-01
7.657565926749509e-04	5.575427e-06	-1.583552e-01
7.757565926749508e-04	5.538925e-06	-1.583560e-01
7.857565926749509e-04	5.503847e-06	-1.583671e-01
7.957565926749509e-04	5.470169e-06	-1.583669e-01
8.057565926749509e-04	5.437791e-06	-1.583773e-01
8.157565926749508e-04	5.406695e-06	-1.583763e-01
8.257565926749509e-04	5.376784e-06	-1.583859e-01
8.357565926749509e-04	5.348047e-06	-1.583844e-01
8.457565926749509e-04	5.320391e-06	-1.583934e-01
8.557565926749508e-04	5.293808e-06	-1.583912e-01
8.657565926749509e-04	5.268213e-06	-1.583997e-01
8.757565926749509e-04	5.243601e-06	-1.583971e-01
8.857565926749509e-04	5.219890e-06	-1.584052e-01
8.957565926749508e-04	5.197081e-06	-1.584022e-01
9.057565926749509e-04	5.175094e-06	-1.584098e-01
9.157565926749509e-04	5.153934e-06	-1.584065e-01
9.257565926749509e-04	5.133526e-06	-1.584139e-01
9.357565926749508e-04	5.113877e-06	-1.584102e-01
9.457565926749509e-04	5.094917e-06	-1.584173e-01
9.557565926749509e-04	5.076656e-06	-1.584135e-01
9.657565926749509e-04	5.059024e-06	-1.584203e-01
9.757565926749508e-04	5.042035e-06	-1.584162e-01
9.857565926749510e-04	5.025625e-06	-1.584229e-01
9.957565926749508e-04	5.009807e-06	-1.584186e-01
1.005756592674951e-03	4.994519e-06	-1.584251e-01
1.015756592674951e-03	4.979779e-06	-1.584207e-01
1.025756592674951e-03	4.965525e-06	-1.584270e-01
1.035756592674951e-03	4.951778e-06	-1.584225e-01
1.045756592674951e-03	4.938478e-06	-1.584287e-01
1.055756592674951e-03	4.925646e-06	-1.584240e-01
1.065756592674951e-03	4.913227e-06	-1.584301e-01
1.075756592674951e-03	4.901242e-06	-1.584253e-01
1.085756592674951e-03	4.889636e-06	-1.584313e-01
1.095756592674951e-03	4.878434e-06	-1.584265e-01
1.105756592674951e-03	4.867582e-06	-1.584324e-01
1.115756592674951e-03	4.857104e-06	-1.584274e-01
1.125756592674951e-03	4.846950e-06	-1.584333e-01
1.135756592674951e-03	4.837144e-06	-1.584283e-01
1.145756592674951e-03	4.827636e-06	-1.584341e-01
1.155756592674951e-03	4.818454e-06	-1.584290e-01
1.165756592674951e-03	4.809547e-06	-1.584348e-01
1.175756592674951e-03	4.800944e-06	-1.584297e-01
1.185756592674951e-03	4.792596e-06	-1.584354e-01
1.195756592674951e-03	4.784531e-06	-1.584302e-01
1.205756592674951e-03	4.776702e-06	-1.584359e-01
1.215756592674951e-03	4.769139e-06	-1.584307e-01
1.225756592674951e-03	4.761794e-06	-1.584363e-01
1.235756592674951e-03	4.754697e-06	-1.584311e-01
1.245756592674951e-03	4.747803e-06	-1.584367e-01
1.255756592674951e-03	4.741142e-06	-1.584315e-01
1.265756592674951e-03	4.734668e-06	-1.584371e-01
1.275756592674951e-03	4.728412e-06	-1.584318e-01
1.285756592674951e-03	4.722331e-06	-1.584373e-01
1.295756592674951e-03	4.716455e-06	-1.584320e-01
1.305756592674951e-03	4.710741e-06	-1.584376e-01
1.315756592674951e-03	4.705219e-06	-1.584323e-01
1.325756592674951e-03	4.699847e-06	-1.584378e-01
1.335756592674951e-03	4.694657e-06	-1.584325e-01
1.345756592674951e-03	4.689606e-06	-1.584380e-01
1.355756592674951e-03	4.684726e-06	-1.584326e-01
1.365756592674951e-03	4.679975e-06	-1.584381e-01
1.375756592674951e-03	4.675386e-06	-1.584328e-01
1.385756592674951e-03	4.670915e-06	-1.584383e-01
1.395756592674951e-03	4.666598e-06	-1.584329e-01
1.405756592674951e-03	4.662391e-06	-1.584384e-01
1.415756592674951e-03	4.658329e-06	-1.584330e-01
1.425756592674951e-03	4.654369e-06	-1.584385e-01
1.435756592674951e-03	4.650546e-06	-1.584331e-01
1.445756592674951e-03	4.646818e-06	-1.584386e-01
1.455756592674951e-03	4.643219e-06	-1.584332e-01
1.465756592674951e-03	4.639708e-06	-1.584387e-01
1.475756592674951e-03	4.636319e-06	-1.584333e-01
1.485756592674951e-03	4.633012e-06	-1.584387e-01
1.495756592674951e-03	4.629822e-06	-1.584333e-01
1.505756592674951e-03	4.626706e-06	-1.584388e-01
1.515756592674951e-03	4.623702e-06	-1.584334e-01
1.525756592674951e-03	4.620766e-06	-1.584388e-01
1.535756592674951e-03	4.617936e-06	-1.584334e-01
1.545756592674951e-03	4.615169e-06	-1.584389e-01
1.555756592674951e-03	4.612503e-06	-1.584335e-01
1.565756592674951e-03	4.609896e-06	-1.584389e-01
1.575756592674951e-03	4.607384e-06	-1.584335e-01
1.585756592674951e-03	4.604926e-06	-1.584389e-01
1.595756592674951e-03	4.602559e-06	-1.584335e-01
1.605756592674951e-03	4.600241e-06	-1.584390e-01
1.615756592674951e-03	4.598011e-06	-1.584335e-01
1.625756592674951e-03	4.595826e-06	-1.584390e-01
1.635756592674951e-03	4.593724e-06	-1.584336e-01
1.645756592674951e-03	4.591663e-06	-1.584390e-01
1.655756592674951e-03	4.589682e-06	-1.584336e-01
1.665756592674951e-03	4.587739e-06	-1.584390e-01
1.675756592674951e-03	4.585871e-06	-1.584336e-01
1.685756592674951e-03	4.584037e-06	-1.584390e-01
1.695756592674951e-03	4.582277e-06	-1.584336e-01
1.705756592674951e-03	4.580548e-06	-1.584390e-01
1.715756592674951e-03	4.578887e-06	-1.584336e-01
1.725756592674951e-03	4.577256e-06	-1.584390e-01
1.735756592674951e-03	4.575691e-06	-1.584336e-01
1.745756592674951e-03	4.574152e-06	-1.584391e-01
1.755756592674951e-03	4.572676e-06	-1.584336e-01
1.765756592674951e-03	4.571224e-06	-1.584391e-01
1.775756592674951e-03	4.569832e-06	-1.584336e-01
1.785756592674951e-03	4.568462e-06	-1.584391e-01
1.795756592674951e-03	4.567150e-06	-1.584336e-01
1.805756592674951e-03	4.565856e-06	-1.584391e-01
1.815756592674951e-03	4.564618e-06	-1.584336e-01
1.825756592674951e-03	4.563398e-06	-1.584391e-01
1.835756592674951e-03	4.562231e-06	-1.584336e-01
1.845756592674951e-03	4.561078e-06	-1.584391e-01
1.855756592674951e-03	4.559977e-06	-1.584336e-01
1.865756592674951e-03	4.558889e-06	-1.584391e-01
1.875756592674951e-03	4.557851e-06	-1.584336e-01
1.885756592674951e-03	4.556824e-06	-1.584391e-01
1.895756592674951e-03	4.555845e-06	-1.584337e-01
1.905756592674951e-03	4.554875e-06	-1.584391e-01
1.915756592674951e-03	4.553952e-06	-1.584337e-01
1.925756592674951e-03	4.553036e-06	-1.584391e-01
1.935756592674951e-03	4.552165e-06	-1.584337e-01
1.945756592674951e-03	4.551300e-06	-1.584391e-01
1.955756592674951e-03	4.550479e-06	-1.584337e-01
1.965756592674951e-03	4.549662e-06	-1.584391e-01
1.975756592674951e-03	4.548887e-06	-1.584337e-01
1.985756592674951e-03	4.548116e-06	-1.584391e-01
1.995756592674951e-03	4.547385e-06	-1.584337e-01
2.005756592674951e-03	4.546656e-06	-1.584391e-01
2.015756592674951e-03	4.545966e-06	-1.584337e-01
2.025756592674951e-03	4.545278e-06	-1.584391e-01
2.035756592674951e-03	4.544628e-06	-1.584337e-01
2.045756592674951e-03	4.543977e-06	-1.584391e-01
2.055756592674951e-03	4.543364e-06	-1.584337e-01
2.065756592674951e-03	4.542749e-06	-1.584391e-01
2.075756592674951e-03	4.542171e-06	-1.584337e-01
2.085756592674951e-03	4.541590e-06	-1.584391e-01
2.095756592674951e-03	4.541044e-06	-1.584337e-01
2.105756592674951e-03	4.540495e-06	-1.584391e-01
2.115756592674951e-03	4.539981e-06	-1.584337e-01
2.125756592674951e-03	4.539462e-06	-1.584391e-01
2.135756592674951e-03	4.538976e-06	-1.584337e-01
2.145756592674951e-03	4.538486e-06	-1.584391e-01
2.155756592674951e-03	4.538027e-06	-1.584337e-01
2.165756592674951e-03	4.537564e-06	-1.584391e-01
2.175756592674951e-03	4.537132e-06	-1.584337e-01
2.185756592674951e-03	4.536694e-06	-1.584391e-01
2.195756592674951e-03	4.536286e-06	-1.584337e-01
2.205756592674951e-03	4.535872e-06	-1.584391e-01
2.215756592674951e-03	4.535487e-06	-1.584337e-01
2.225756592674951e-03	4.535096e-06	-1.584391e-01
2.235756592674951e-03	4.534733e-06	-1.584337e-01
2.245756592674951e-03	4.534362e-06	-1.584391e-01
2.255756592674951e-03	4.534020e-06	-1.584337e-01
2.265756592674951e-03	4.533670e-06	-1.584391e-01
2.275756592674951e-03	4.533347e-06	-1.584337e-01
2.285756592674951e-03	4.533016e-06	-1.584391e-01
2.295756592674951e-03	4.532712e-06	-1.584337e-01
2.305756592674951e-03	4.532398e-06	-1.584391e-01
2.315756592674951e-03	4.532111e-06	-1.584337e-01
2.325756592674951e-03	4.531814e-06	-1.584391e-01
2.335756592674951e-03	4.531544e-06	-1.584337e-01
2.345756592674951e-03	4.531263e-06	-1.584391e-01
2.355756592674951e-03	4.531008e-06	-1.584336e-01
2.365756592674951e-03	4.530742e-06	-1.584391e-01
2.375756592674951e-03	4.530501e-06	-1.584336e-01
2.385756592674951e-03	4.530249e-06	-1.584391e-01
2.395756592674951e-03	4.530023e-06	-1.584336e-01
2.405756592674951e-03	4.529784e-06	-1.584391e-01
2.415756592674951e-03	4.529570e-06	-1.584336e-01
2.425756592674951e-03	4.529345e-06	-1.584391e-01
2.435756592674951e-03	4.529143e-06	-1.584336e-01
2.445756592674951e-03	4.528929e-06	-1.584391e-01
2.455756592674951e-03	4.528739e-06	-1.584336e-01
2.465756592674951e-03	4.528536e-06	-1.584391e-01
2.475756592674951e-03	4.528357e-06	-1.584336e-01
2.485756592674951e-03	4.528165e-06	-1.584391e-01
2.495756592674951e-03	4.527997e-06	-1.584336e-01
2.505756592674951e-03	4.527814e-06	-1.584391e-01
2.515756592674951e-03	4.527656e-06	-1.584336e-01
2.525756592674951e-03	4.527483e-06	-1.584391e-01
2.535756592674951e-03	4.527333e-06	-1.584336e-01
2.545756592674951e-03	4.527169e-06	-1.584391e-01
2.555756592674951e-03	4.527029e-06	-1.584336e-01
2.565756592674951e-03	4.526873e-06	-1.584391e-01
2.575756592674951e-03	4.526740e-06	-1.584336e-01
2.585756592674951e-03	4.526593e-06	-1.584391e-01
2.595756592674951e-03	4.526468e-06	-1.584336e-01
2.605756592674951e-03	4.526328e-06	-1.584391e-01
2.615756592674951e-03	4.526210e-06	-1.584336e-01
2.625756592674951e-03	4.526078e-06	-1.584391e-01
2.635756592674951e-03	4.525967e-06	-1.584336e-01
2.645756592674951e-03	4.525841e-06	-1.584391e-01
2.655756592674951e-03	4.525737e-06	-1.584336e-01
2.665756592674951e-03	4.525617e-06	-1.584391e-01
2.675756592674951e-03	4.525519e-06	-1.584336e-01
2.685756592674951e-03	4.525405e-06	-1.584391e-01
2.695756592674951e-03	4.525313e-06	-1.584336e-01
2.705756592674951e-03	4.525205e-06	-1.584391e-01
2.715756592674951e-03	4.525118e-06	-1.584336e-01
2.725756592674951e-03	4.525015e-06	-1.584391e-01
2.735756592674951e-03	4.524934e-06	-1.584336e-01
2.745756592674951e-03	4.524836e-06	-1.584391e-01
2.755756592674951e-03	4.524759e-06	-1.584336e-01
2.765756592674951e-03	4.524667e-06	-1.584391e-01
2.775756592674951e-03	4.524594e-06	-1.584336e-01
2.785756592674951e-03	4.524506e-06	-1.584391e-01
2.795756592674951e-03	4.524438e-06	-1.584336e-01
2.805756592674951e-03	4.524354e-06	-1.584391e-01
2.815756592674951e-03	4.524290e-06	-1.584336e-01
2.825756592674951e-03	4.524210e-06	-1.584391e-01
2.835756592674951e-03	4.524150e-06	-1.584336e-01
2.845756592674951e-03	4.524074e-06	-1.584391e-01
2.855756592674951e-03	4.524018e-06	-1.584336e-01
2.865756592674951e-03	4.523945e-06	-1.584391e-01
2.875756592674950e-03	4.523893e-06	-1.584336e-01
2.885756592674951e-03	4.523823e-06	-1.584391e-01
2.895756592674951e-03	4.523774e-06	-1.584336e-01
2.905756592674951e-03	4.523708e-06	-1.584391e-01
2.915756592674951e-03	4.523662e-06	-1.584336e-01
2.925756592674951e-03	4.523599e-06	-1.584391e-01
2.935756592674951e-03	4.523556e-06	-1.584336e-01
2.945756592674951e-03	4.523496e-06	-1.584391e-01
2.955756592674951e-03	4.523455e-06	-1.584336e-01
2.965756592674951e-03	4.523397e-06	-1.584391e-01
2.975756592674951e-03	4.523359e-06	-1.584336e-01
2.985756592674951e-03	4.523305e-06	-1.584391e-01
2.995756592674951e-03	4.523269e-06	-1.584336e-01
3.005756592674951e-03	4.523217e-06	-1.584391e-01
3.015756592674951e-03	4.523184e-06	-1.584336e-01
3.025756592674951e-03	4.523134e-06	-1.584391e-01
3.035756592674950e-03	4.523102e-06	-1.584336e-01
3.045756592674951e-03	4.523054e-06	-1.584391e-01
3.055756592674951e-03	4.523025e-06	-1.584336e-01
3.065756592674951e-03	4.522980e-06	-1.584391e-01
3.075756592674951e-03	4.522953e-06	-1.584336e-01
3.085756592674951e-03	4.522909e-06	-1.584391e-01
3.095756592674951e-03	4.522884e-06	-1.584336e-01
3.105756592674951e-03	4.522842e-06	-1.584391e-01
3.115756592674951e-03	4.522818e-06	-1.584336e-01
3.125756592674951e-03	4.522778e-06	-1.584391e-01
3.135756592674951e-03	4.522757e-06	-1.584336e-01
3.145756592674951e-03	4.522718e-06	-1.584391e-01
3.155756592674951e-03	4.522698e-06	-1.584336e-01
3.165756592674951e-03	4.522661e-06	-1.584391e-01
3.175756592674951e-03	4.522642e-06	-1.584336e-01
3.185756592674951e-03	4.522607e-06	-1.584391e-01
3.195756592674950e-03	4.522589e-06	-1.584336e-01
3.205756592674950e-03	4.522555e-06	-1.584391e-01
3.215756592674951e-03	4.522539e-06	-1.584336e-01
3.225756592674951e-03	4.522506e-06	-1.584391e-01
3.235756592674951e-03	4.522492e-06	-1.584336e-01
3.245756592674951e-03	4.522460e-06	-1.584391e-01
3.255756592674951e-03	4.522446e-06	-1.584336e-01
3.265756592674951e-03	4.522416e-06	-1.584391e-01
3.275756592674951e-03	4.522404e-06	-1.584336e-01
3.285756592674951e-03	4.522374e-06	-1.584391e-01
3.295756592674951e-03	4.522363e-06	-1.584336e-01
3.305756592674951e-03	4.522335e-06	-1.584391e-01
3.315756592674951e-03	4.522325e-06	-1.584336e-01
3.325756592674951e-03	4.522297e-06	-1.584391e-01
3.335756592674951e-03	4.522288e-06	-1.584336e-01
3.345756592674951e-03	4.522261e-06	-1.584391e-01
3.355756592674950e-03	4.522253e-06	-1.584336e-01
3.365756592674950e-03	4.522228e-06	-1.584391e-01
3.375756592674951e-03	4.522220e-06	-1.584336e-01
3.385756592674951e-03	4.522195e-06	-1.584391e-01
3.395756592674951e-03	4.522189e-06	-1.584336e-01
3.405756592674951e-03	4.522165e-06	-1.584391e-01
3.415756592674951e-03	4.522159e-06	-1.584336e-01
3.425756592674951e-03	4.522136e-06	-1.584391e-01
3.435756592674951e-03	4.522131e-06	-1.584336e-01
3.445756592674951e-03	4.522109e-06	-1.584391e-01
3.455756592674951e-03	4.522104e-06	-1.584336e-01
3.465756592674951e-03	4.522082e-06	-1.584391e-01
3.475756592674951e-03	4.522079e-06	-1.584336e-01
3.485756592674951e-03	4.522058e-06	-1.584391e-01
3.495756592674951e-03	4.522054e-06	-1.584336e-01
3.505756592674951e-03	4.522034e-06	-1.584391e-01
3.515756592674950e-03	4.522031e-06	-1.584336e-01
3.525756592674950e-03	4.522011e-06	-1.584391e-01
3.535756592674950e-03	4.522009e-06	-1.584336e-01
3.545756592674951e-03	4.521990e-06	-1.584391e-01
3.555756592674951e-03	4.521989e-06	-1.584336e-01
3.565756592674951e-03	4.521970e-06	-1.584391e-01
3.575756592674951e-03	4.521969e-06	-1.584336e-01
3.585756592674951e-03	4.521950e-06	-1.584391e-01
3.595756592674951e-03	4.521950e-06	-1.584336e-01
3.605756592674951e-03	4.521932e-06	-1.584391e-01
3.615756592674951e-03	4.521932e-06	-1.584336e-01
3.625756592674951e-03	4.521914e-06	-1.584391e-01
3.635756592674951e-03	4.521915e-06	-1.584336e-01
3.645756592674951e-03	4.521898e-06	-1.584391e-01
3.655756592674951e-03	4.521899e-06	-1.584336e-01
3.665756592674951e-03	4.521882e-06	-1.584391e-01
3.675756592674950e-03	4.521883e-06	-1.584336e-01
3.685756592674950e-03	4.521867e-06	-1.584391e-01
3.695756592674950e-03	4.521868e-06	-1.584336e-01
3.705756592674951e-03	4.521853e-06	-1.584391e-01
3.715756592674951e-03	4.521854e-06	-1.584336e-01
3.725756592674951e-03	4.521839e-06	-1.584391e-01
3.735756592674951e-03	4.521841e-06	-1.584336e-01
3.745756592674951e-03	4.521826e-06	-1.584391e-01
3.755756592674951e-03	4.521828e-06	-1.584336e-01
3.765756592674951e-03	4.521813e-06	-1.584391e-01
3.775756592674951e-03	4.521816e-06	-1.584336e-01
3.785756592674951e-03	4.521802e-06	-1.584391e-01
3.795756592674951e-03	4.521804e-06	-1.584336e-01
3.805756592674951e-03	4.521790e-06	-1.584391e-01
3.815756592674951e-03	4.521793e-06	-1.584336e-01
3.825756592674951e-03	4.521779e-06	-1.584391e-01
3.835756592674950e-03	4.521783e-06	-1.584336e-01
3.845756592674950e-03	4.521769e-06	-1.584391e-01
3.855756592674950e-03	4.521773e-06	-1.584336e-01
3.865756592674950e-03	4.521759e-06	-1.584391e-01
3.875756592674951e-03	4.521763e-06	-1.584336e-01
3.885756592674951e-03	4.521750e-06	-1.584391e-01
3.895756592674951e-03	4.521754e-06	-1.584336e-01
3.905756592674951e-03	4.521741e-06	-1.584391e-01
3.915756592674950e-03	4.521745e-06	-1.584336e-01
3.925756592674951e-03	4.521733e-06	-1.584391e-01
3.935756592674950e-03	4.521737e-06	-1.584336e-01
3.945756592674951e-03	4.521724e-06	-1.584391e-01
3.955756592674950e-03	4.521729e-06	-1.584336e-01
3.965756592674951e-03	4.521717e-06	-1.584391e-01
3.975756592674950e-03	4.521722e-06	-1.584336e-01
3.985756592674951e-03	4.521709e-06	-1.584391e-01
3.995756592674950e-03	4.521714e-06	-1.584336e-01
4.005756592674951e-03	4.521702e-06	-1.584391e-01
4.015756592674950e-03	4.521707e-06	-1.584336e-01
4.025756592674951e-03	4.521696e-06	-1.584391e-01
4.035756592674951e-03	4.521701e-06	-1.584336e-01
4.045756592674951e-03	4.521689e-06	-1.584391e-01
4.055756592674951e-03	4.521694e-06	-1.584336e-01
4.065756592674951e-03	4.521683e-06	-1.584391e-01
4.075756592674951e-03	4.521688e-06	-1.584336e-01
4.085756592674950e-03	4.521677e-06	-1.584391e-01
4.095756592674951e-03	4.521683e-06	-1.584336e-01
4.105756592674950e-03	4.521671e-06	-1.584391e-01
4.115756592674951e-03	4.521677e-06	-1.584336e-01
4.125756592674950e-03	4.521666e-06	-1.584391e-01
4.135756592674951e-03	4.521672e-06	-1.584336e-01
4.145756592674950e-03	4.521661e-06	-1.584391e-01
4.155756592674951e-03	4.521667e-06	-1.584336e-01
4.165756592674950e-03	4.521656e-06	-1.584391e-01
4.175756592674951e-03	4.521662e-06	-1.584336e-01
4.185756592674950e-03	4.521651e-06	-1.584391e-01
4.195756592674951e-03	4.521657e-06	-1.584336e-01
4.205756592674951e-03	4.521647e-06	-1.584391e-01
4.215756592674951e-03	4.521652e-06	-1.584336e-01
4.225756592674951e-03	4.521642e-06	-1.584391e-01
4.235756592674950e-03	4.521648e-06	-1.584336e-01
4.245756592674951e-03	4.521638e-06	-1.584391e-01
4.255756592674950e-03	4.521644e-06	-1.584336e-01
4.265756592674951e-03	4.521634e-06	-1.584391e-01
4.275756592674950e-03	4.521641e-06	-1.584336e-01
4.285756592674951e-03	4.521630e-06	-1.584391e-01
4.295756592674950e-03	4.521637e-06	-1.584336e-01
4.305756592674951e-03	4.521627e-06	-1.584391e-01
4.315756592674950e-03	4.521633e-06	-1.584336e-01
4.325756592674951e-03	4.521623e-06	-1.584391e-01
4.335756592674950e-03	4.521630e-06	-1.584336e-01
4.345756592674951e-03	4.521620e-06	-1.584391e-01
4.355756592674950e-03	4.521627e-06	-1.584336e-01
4.365756592674951e-03	4.521617e-06	-1.584391e-01
4.375756592674951e-03	4.521623e-06	-1.584336e-01
4.385756592674951e-03	4.521613e-06	-1.584391e-01
4.395756592674951e-03	4.521620e-06	-1.584336e-01
4.405756592674950e-03	4.521611e-06	-1.584391e-01
4.415756592674951e-03	4.521617e-06	-1.584336e-01
4.425756592674950e-03	4.521607e-06	-1.584391e-01
4.435756592674951e-03	4.521615e-06	-1.584336e-01
4.445756592674950e-03	4.521605e-06	-1.584391e-01
4.455756592674951e-03	4.521612e-06	-1.584336e-01
4.465756592674950e-03	4.521602e-06	-1.584391e-01
4.475756592674951e-03	4.521609e-06	-1.584336e-01
4.485756592674950e-03	4.521600e-06	-1.584391e-01
4.495756592674951e-03	4.521607e-06	-1.584336e-01
4.505756592674950e-03	4.521597e-06	-1.584391e-01
4.515756592674951e-03	4.521604e-06	-1.584336e-01
4.525756592674950e-03	4.521595e-06	-1.584391e-01
4.535756592674951e-03	4.521602e-06	-1.584336e-01
4.545756592674951e-03	4.521593e-06	-1.584391e-01
4.555756592674950e-03	4.521600e-06	-1.584336e-01
4.565756592674951e-03	4.521591e-06	-1.584391e-01
4.575756592674950e-03	4.521598e-06	-1.584336e-01
4.585756592674951e-03	4.521589e-06	-1.584391e-01
4.595756592674950e-03	4.521596e-06	-1.584336e-01
4.605756592674951e-03	4.521587e-06	-1.584391e-01
4.615756592674950e-03	4.521594e-06	-1.584336e-01
4.625756592674951e-03	4.521585e-06	-1.584391e-01
4.635756592674950e-03	4.521592e-06	-1.584336e-01
4.645756592674951e-03	4.521583e-06	-1.584391e-01
4.655756592674950e-03	4.521590e-06	-1.584336e-01
4.665756592674951e-03	4.521581e-06	-1.584391e-01
4.675756592674950e-03	4.521588e-06	-1.584336e-01
4.685756592674951e-03	4.521579e-06	-1.584391e-01
4.695756592674950e-03	4.521587e-06	-1.584336e-01
4.705756592674951e-03	4.521578e-06	-1.584391e-01
4.715756592674951e-03	4.521585e-06	-1.584336e-01
4.725756592674950e-03	4.521576e-06	-1.584391e-01
4.735756592674951e-03	4.521584e-06	-1.584336e-01
4.745756592674950e-03	4.521575e-06	-1.584391e-01
4.755756592674951e-03	4.521582e-06	-1.584336e-01
4.765756592674950e-03	4.521573e-06	-1.584391e-01
4.775756592674951e-03	4.521581e-06	-1.584336e-01
4.785756592674950e-03	4.521572e-06	-1.584391e-01
4.795756592674951e-03	4.521579e-06	-1.584336e-01
4.805756592674950e-03	4.521571e-06	-1.584391e-01
4.815756592674951e-03	4.521578e-06	-1.584336e-01
4.825756592674950e-03	4.521569e-06	-1.584391e-01
4.835756592674951e-03	4.521577e-06	-1.584336e-01
4.845756592674950e-03	4.521568e-06	-1.584391e-01
4.855756592674951e-03	4.521576e-06	-1.584336e-01
4.865756592674951e-03	4.521567e-06	-1.584391e-01
4.875756592674950e-03	4.521574e-06	-1.584336e-01
4.885756592674951e-03	4.521566e-06	-1.584391e-01
4.895756592674950e-03	4.521573e-06	-1.584336e-01
4.905756592674951e-03	4.521565e-06	-1.584391e-01
4.915756592674950e-03	4.521572e-06	-1.584336e-01
4.925756592674951e-03	4.521563e-06	-1.584391e-01
4.935756592674950e-03	4.521571e-06	-1.584336e-01
4.945756592674951e-03	4.521562e-06	-1.584391e-01
4.955756592674950e-03	4.521570e-06	-1.584336e-01
4.965756592674951e-03	4.521562e-06	-1.584391e-01
4.975756592674950e-03	4.521569e-06	-1.584336e-01
4.985756592674951e-03	4.521560e-06	-1.584391e-01
4.995756592674950e-03	4.521568e-06	-1.584336e-01
5.005756592674951e-03	4.521559e-06	-1.584391e-01
5.015756592674950e-03	4.521567e-06	-1.584336e-01
5.025756592674951e-03	4.521558e-06	-1.584391e-01
5.035756592674951e-03	4.521566e-06	-1.584336e-01
5.045756592674950e-03	4.521558e-06	-1.584391e-01
5.055756592674951e-03	4.521565e-06	-1.584336e-01
5.065756592674950e-03	4.521557e-06	-1.584391e-01
5.075756592674951e-03	4.521564e-06	-1.584336e-01
5.085756592674950e-03	4.521556e-06	-1.584391e-01
5.095756592674951e-03	4.521564e-06	-1.584336e-01
5.105756592674950e-03	4.521555e-06	-1.584391e-01
5.115756592674951e-03	4.521563e-06	-1.584336e-01
5.125756592674950e-03	4.521555e-06	-1.584391e-01
5.135756592674951e-03	4.521562e-06	-1.584336e-01
5.145756592674950e-03	4.521554e-06	-1.584391e-01
5.155756592674951e-03	4.521562e-06	-1.584336e-01
5.165756592674950e-03	4.521553e-06	-1.584391e-01
5.175756592674951e-03	4.521561e-06	-1.584336e-01
5.185756592674950e-03	4.521552e-06	-1.584391e-01
5.195756592674950e-03	4.521560e-06	-1.584336e-01
5.205756592674951e-03	4.521552e-06	-1.584391e-01
5.215756592674950e-03	4.521559e-06	-1.584336e-01
5.225756592674951e-03	4.521551e-06	-1.584391e-01
5.235756592674950e-03	4.521559e-06	-1.584336e-01
5.245756592674951e-03	4.521551e-06	-1.584391e-01
5.255756592674950e-03	4.521558e-06	-1.584336e-01
5.265756592674951e-03	4.521550e-06	-1.584391e-01
5.275756592674950e-03	4.521557e-06	-1.584336e-01
5.285756592674951e-03	4.521549e-06	-1.584391e-01
5.295756592674950e-03	4.521557e-06	-1.584336e-01
5.305756592674951e-03	4.521549e-06	-1.584391e-01
5.315756592674950e-03	4.521557e-06	-1.584336e-01
5.325756592674951e-03	4.521548e-06	-1.584391e-01
5.335756592674950e-03	4.521556e-06	-1.584336e-01
5.345756592674951e-03	4.521548e-06	-1.584391e-01
5.355756592674950e-03	4.521555e-06	-1.584336e-01
5.365756592674950e-03	4.521547e-06	-1.584391e-01
5.375756592674951e-03	4.521555e-06	-1.584336e-01
5.385756592674950e-03	4.521547e-06	-1.584391e-01
5.395756592674951e-03	4.521554e-06	-1.584336e-01
5.405756592674950e-03	4.521546e-06	-1.584391e-01
5.415756592674951e-03	4.521554e-06	-1.584336e-01
5.425756592674950e-03	4.521546e-06	-1.584391e-01
5.435756592674951e-03	4.521553e-06	-1.584336e-01
5.445756592674950e-03	4.521545e-06	-1.584391e-01
5.455756592674951e-03	4.521553e-06	-1.584336e-01
5.465756592674950e-03	4.521545e-06	-1.584391e-01
5.475756592674951e-03	4.521552e-06	-1.584336e-01
5.485756592674950e-03	4.521545e-06	-1.584391e-01
5.495756592674951e-03	4.521552e-06	-1.584336e-01
5.505756592674950e-03	4.521544e-06	-1.584391e-01
5.515756592674950e-03	4.521552e-06	-1.584336e-01
5.525756592674951e-03	4.521544e-06	-1.584391e-01
5.535756592674950e-03	4.521552e-06	-1.584336e-01
5.545756592674951e-03	4.521543e-06	-1.584391e-01
5.555756592674950e-03	4.521551e-06	-1.584336e-01
5.565756592674951e-03	4.521543e-06	-1.584391e-01
5.575756592674950e-03	4.521551e-06	-1.584336e-01
5.585756592674951e-03	4.521542e-06	-1.584391e-01
5.595756592674950e-03	4.521550e-06	-1.584336e-01
5.605756592674951e-03	4.521542e-06	-1.584391e-01
5.615756592674950e-03	4.521550e-06	-1.584336e-01
5.625756592674951e-03	4.521542e-06	-1.584391e-01
5.635756592674950e-03	4.521550e-06	-1.584336e-01
5.645756592674951e-03	4.521542e-06	-1.584391e-01
5.655756592674950e-03	4.521549e-06	-1.584336e-01
5.665756592674951e-03	4.521542e-06	-1.584391e-01
5.675756592674950e-03	4.521549e-06	-1.584336e-01
5.685756592674950e-03	4.521541e-06	-1.584391e-01
5.695756592674951e-03	4.521549e-06	-1.584336e-01
5.705756592674950e-03	4.521541e-06	-1.584391e-01
5.715756592674951e-03	4.521548e-06	-1.584336e-01
5.725756592674950e-03	4.521541e-06	-1.584391e-01
5.735756592674951e-03	4.521548e-06	-1.584336e-01
5.745756592674950e-03	4.521540e-06	-1.584391e-01
5.755756592674951e-03	4.521548e-06	-1.584336e-01
5.765756592674950e-03	4.521540e-06	-1.584391e-01
5.775756592674951e-03	4.521547e-06	-1.584336e-01
5.785756592674950e-03	4.521540e-06	-1.584391e-01
5.795756592674951e-03	4.521547e-06	-1.584336e-01
5.805756592674950e-03	4.521540e-06	-1.584391e-01
5.815756592674951e-03	4.521547e-06	-1.584336e-01
5.825756592674950e-03	4.521539e-06	-1.584391e-01
5.835756592674950e-03	4.521547e-06	-1.584336e-01
5.845756592674950e-03	4.521539e-06	-1.584391e-01
5.855756592674950e-03	4.521547e-06	-1.584336e-01
5.865756592674951e-03	4.521539e-06	-1.584391e-01
5.875756592674950e-03	4.521547e-06	-1.584336e-01
5.885756592674951e-03	4.521539e-06	-1.584391e-01
5.895756592674950e-03	4.521546e-06	-1.584336e-01
5.905756592674951e-03	4.521538e-06	-1.584391e-01
5.915756592674950e-03	4.521546e-06	-1.584336e-01
5.925756592674951e-03	4.521538e-06	-1.584391e-01
5.935756592674950e-03	4.521546e-06	-1.584336e-01
5.945756592674951e-03	4.521538e-06	-1.584391e-01
5.955756592674950e-03	4.521546e-06	-1.584336e-01
5.965756592674951e-03	4.521538e-06	-1.584391e-01
5.975756592674950e-03	4.521545e-06	-1.584336e-01
5.985756592674951e-03	4.521537e-06	-1.584391e-01
5.995756592674950e-03	4.521545e-06	-1.584336e-01
6.005756592674950e-03	4.521537e-06	-1.584391e-01
6.015756592674950e-03	4.521545e-06	-1.584336e-01
6.025756592674950e-03	4.521537e-06	-1.584391e-01
6.035756592674951e-03	4.521545e-06	-1.584336e-01
6.045756592674950e-03	4.521537e-06	-1.584391e-01
6.055756592674951e-03	4.521545e-06	-1.584336e-01
6.065756592674950e-03	4.521537e-06	-1.584391e-01
6.075756592674951e-03	4.521544e-06	-1.584336e-01
6.085756592674950e-03	4.521537e-06	-1.584391e-01
6.095756592674951e-03	4.521544e-06	-1.584336e-01
6.105756592674950e-03	4.521537e-06	-1.584391e-01
6.115756592674951e-03	4.521544e-06	-1.584336e-01
6.125756592674950e-03	4.521537e-06	-1.584391e-01
6.135756592674951e-03	4.521544e-06	-1.584336e-01
6.145756592674950e-03	4.521537e-06	-1.584391e-01
6.155756592674950e-03	4.521544e-06	-1.584336e-01
6.165756592674950e-03	4.521536e-06	-1.584391e-01
6.175756592674950e-03	4.521544e-06	-1.584336e-01
6.185756592674951e-03	4.521536e-06	-1.584391e-01
6.195756592674950e-03	4.521543e-06	-1.584336e-01
6.205756592674951e-03	4.521536e-06	-1.584391e-01
6.215756592674950e-03	4.521543e-06	-1.584336e-01
6.225756592674951e-03	4.521536e-06	-1.584391e-01
6.235756592674950e-03	4.521543e-06	-1.584336e-01
6.245756592674951e-03	4.521536e-06	-1.584391e-01
6.255756592674950e-03	4.521543e-06	-1.584336e-01
6.265756592674951e-03	4.521536e-06	-1.584391e-01
6.275756592674950e-03	4.521543e-06	-1.584336e-01
6.285756592674951e-03	4.521536e-06	-1.584391e-01
6.295756592674950e-03	4.521543e-06	-1.584336e-01
6.305756592674951e-03	4.521535e-06	-1.584391e-01
6.315756592674950e-03	4.521543e-06	-1.584336e-01
6.325756592674950e-03	4.521535e-06	-1.584391e-01
6.335756592674950e-03	4.521542e-06	-1.584336e-01
6.345756592674950e-03	4.521535e-06	-1.584391e-01
6.355756592674951e-03	4.521542e-06	-1.584336e-01
6.365756592674950e-03	4.521535e-06	-1.584391e-01
6.375756592674951e-03	4.521542e-06	-1.584336e-01
6.385756592674950e-03	4.521535e-06	-1.584391e-01
6.395756592674951e-03	4.521542e-06	-1.584336e-01
6.405756592674950e-03	4.521535e-06	-1.584391e-01
6.415756592674951e-03	4.521542e-06	-1.584336e-01
6.425756592674950e-03	4.521535e-06	-1.584391e-01
6.435756592674951e-03	4.521542e-06	-1.584336e-01
6.445756592674950e-03	4.521535e-06	-1.584391e-01
6.455756592674951e-03	4.521542e-06	-1.584336e-01
6.465756592674950e-03	4.521535e-06	-1.584391e-01
6.475756592674950e-03	4.521542e-06	-1.584336e-01
6.485756592674950e-03	4.521534e-06	-1.584391e-01
6.495756592674950e-03	4.521542e-06	-1.584336e-01
6.505756592674950e-03	4.521534e-06	-1.584391e-01
6.515756592674950e-03	4.521542e-06	-1.584336e-01
6.525756592674951e-03	4.521534e-06	-1.584391e-01
6.535756592674950e-03	4.521542e-06	-1.584336e-01
6.545756592674951e-03	4.521534e-06	-1.584391e-01
6.555756592674950e-03	4.521542e-06	-1.584336e-01
6.565756592674951e-03	4.521534e-06	-1.584391e-01
6.575756592674950e-03	4.521542e-06	-1.584336e-01
6.585756592674951e-03	4.521534e-06	-1.584391e-01
6.595756592674950e-03	4.521542e-06	-1.584336e-01
6.605756592674951e-03	4.521534e-06	-1.584391e-01
6.615756592674950e-03	4.521542e-06	-1.584336e-01
6.625756592674951e-03	4.521534e-06	-1.584391e-01
6.635756592674950e-03	4.521541e-06	-1.584336e-01
6.645756592674950e-03	4.521534e-06	-1.584391e-01
6.655756592674950e-03	4.521541e-06	-1.584336e-01
6.665756592674950e-03	4.521534e-06	-1.584391e-01
6.675756592674950e-03	4.521541e-06	-1.584336e-01
6.685756592674950e-03	4.521534e-06	-1.584391e-01
6.695756592674951e-03	4.521541e-06	-1.584336e-01
6.705756592674950e-03	4.521534e-06	-1.584391e-01
6.715756592674951e-03	4.521541e-06	-1.584336e-01
6.725756592674950e-03	4.521534e-06	-1.584391e-01
6.735756592674951e-03	4.521541e-06	-1.584336e-01
6.745756592674950e-03	4.521533e-06	-1.584391e-01
6.755756592674951e-03	4.521541e-06	-1.584336e-01
6.765756592674950e-03	4.521533e-06	-1.584391e-01
6.775756592674951e-03	4.521541e-06	-1.584336e-01
6.785756592674950e-03	4.521533e-06	-1.584391e-01
6.795756592674950e-03	4.521541e-06	-1.584336e-01
6.805756592674950e-03	4.521533e-06	-1.584391e-01
6.815756592674950e-03	4.521541e-06	-1.584336e-01
6.825756592674950e-03	4.521533e-06	-1.584391e-01
6.835756592674950e-03	4.521541e-06	-1.584336e-01
6.845756592674950e-03	4.521533e-06	-1.584391e-01
6.855756592674950e-03	4.521541e-06	-1.584336e-01
6.865756592674951e-03	4.521533e-06	-1.584391e-01
6.875756592674950e-03	4.521541e-06	-1.584336e-01
6.885756592674951e-03	4.521533e-06	-1.584391e-01
6.895756592674950e-03	4.521541e-06	-1.584336e-01
6.905756592674951e-03	4.521533e-06	-1.584391e-01
6.915756592674950e-03	4.521541e-06	-1.584336e-01
6.925756592674951e-03	4.521533e-06	-1.584391e-01
6.935756592674950e-03	4.521540e-06	-1.584336e-01
6.945756592674951e-03	4.521533e-06	-1.584391e-01
6.955756592674950e-03	4.521540e-06	-1.584336e-01
6.965756592674950e-03	4.521533e-06	-1.584391e-01
6.975756592674950e-03	4.521540e-06	-1.584336e-01
6.985756592674950e-03	4.521533e-06	-1.584391e-01
6.995756592674950e-03	4.521540e-06	-1.584336e-01
7.005756592674950e-03	4.521533e-06	-1.584391e-01
7.015756592674951e-03	4.521540e-06	-1.584336e-01
7.025756592674950e-03	4.521533e-06	-1.584391e-01
7.035756592674951e-03	4.521540e-06	-1.584336e-01
7.045756592674950e-03	4.521533e-06	-1.584391e-01
7.055756592674951e-03	4.521540e-06	-1.584336e-01
7.065756592674950e-03	4.521533e-06	-1.584391e-01
7.075756592674951e-03	4.521540e-06	-1.584336e-01
7.085756592674950e-03	4.521533e-06	-1.584391e-01
7.095756592674951e-03	4.521540e-06	-1.584336e-01
7.105756592674950e-03	4.521533e-06	-1.584391e-01
7.115756592674950e-03	4.521540e-06	-1.584336e-01
7.125756592674950e-03	4.521533e-06	-1.584391e-01
7.135756592674950e-03	4.521540e-06	-1.584336e-01
7.145756592674950e-03	4.521533e-06	-1.584391e-01
7.155756592674950e-03	4.521540e-06	-1.584336e-01
7.165756592674950e-03	4.521533e-06	-1.584391e-01
7.175756592674950e-03	4.521540e-06	-1.584336e-01
7.185756592674951e-03	4.521532e-06	-1.584391e-01
7.195756592674950e-03	4.521540e-06	-1.584336e-01
7.205756592674951e-03	4.521532e-06	-1.584391e-01
7.215756592674950e-03	4.521540e-06	-1.584336e-01
7.225756592674951e-03	4.521532e-06	-1.584391e-01
7.235756592674950e-03	4.521540e-06	-1.584336e-01
7.245756592674951e-03	4.521532e-06	-1.584391e-01
7.255756592674950e-03	4.521540e-06	-1.584336e-01
7.265756592674951e-03	4.521532e-06	-1.584391e-01
7.275756592674950e-03	4.521540e-06	-1.584336e-01
7.285756592674950e-03	4.521532e-06	-1.584391e-01
7.295756592674950e-03	4.521540e-06	-1.584336e-01
7.305756592674950e-03	4.521532e-06	-1.584391e-01
7.315756592674950e-03	4.521540e-06	-1.584336e-01
7.325756592674950e-03	4.521532e-06	-1.584391e-01
7.335756592674950e-03	4.521540e-06	-1.584336e-01
7.345756592674950e-03	4.521532e-06	-1.584391e-01
7.355756592674951e-03	4.521540e-06	-1.584336e-01
7.365756592674950e-03	4.521532e-06	-1.584391e-01
7.375756592674951e-03	4.521540e-06	-1.584336e-01
7.385756592674950e-03	4.521532e-06	-1.584391e-01
7.395756592674951e-03	4.521540e-06	-1.584336e-01
7.405756592674950e-03	4.521532e-06	-1.584391e-01
7.415756592674951e-03	4.521540e-06	-1.584336e-01
7.425756592674950e-03	4.521532e-06	-1.584391e-01
7.435756592674950e-03	4.521540e-06	-1.584336e-01
7.445756592674950e-03	4.521532e-06	-1.584391e-01
7.455756592674950e-03	4.521539e-06	-1.584336e-01
7.465756592674950e-03	4.521532e-06	-1.584391e-01
7.475756592674950e-03	4.521539e-06	-1.584336e-01
7.485756592674950e-03	4.521532e-06	-1.584391e-01
7.495756592674950e-03	4.521539e-06	-1.584336e-01
7.505756592674950e-03	4.521532e-06	-1.584391e-01
7.515756592674950e-03	4.521539e-06	-1.584336e-01
7.525756592674951e-03	4.521532e-06	-1.584391e-01
7.535756592674950e-03	4.521539e-06	-1.584336e-01
7.545756592674951e-03	4.521532e-06	-1.584391e-01
7.555756592674950e-03	4.521539e-06	-1.584336e-01
7.565756592674951e-03	4.521532e-06	-1.584391e-01
7.575756592674950e-03	4.521539e-06	-1.584336e-01
7.585756592674951e-03	4.521532e-06	-1.584391e-01
7.595756592674950e-03	4.521539e-06	-1.584336e-01
7.605756592674950e-03	4.521532e-06	-1.584391e-01
7.615756592674950e-03	4.521539e-06	-1.584336e-01
7.625756592674950e-03	4.521532e-06	-1.584391e-01
7.635756592674950e-03	4.521539e-06	-1.584336e-01
7.645756592674950e-03	4.521532e-06	-1.584391e-01
7.655756592674950e-03	4.521539e-06	-1.584336e-01
7.665756592674950e-03	4.521532e-06	-1.584391e-01
7.675756592674951e-03	4.521539e-06	-1.584336e-01
7.685756592674950e-03	4.521532e-06	-1.584391e-01
7.695756592674951e-03	4.521539e-06	-1.584336e-01
7.705756592674950e-03	4.521532e-06	-1.584391e-01
7.715756592674951e-03	4.521539e-06	-1.584336e-01
7.725756592674950e-03	4.521532e-06	-1.584391e-01
7.735756592674951e-03	4.521539e-06	-1.584336e-01
7.745756592674950e-03	4.521532e-06	-1.584391e-01
7.755756592674950e-03	4.521539e-06	-1.584336e-01
7.765756592674950e-03	4.521532e-06	-1.584391e-01
7.775756592674950e-03	4.521539e-06	-1.584336e-01
7.785756592674950e-03	4.521532e-06	-1.584391e-01
7.795756592674950e-03	4.521539e-06	-1.584336e-01
7.805756592674950e-03	4.521532e-06	-1.584391e-01
7.815756592674951e-03	4.521539e-06	-1.584336e-01
7.825756592674950e-03	4.521532e-06	-1.584391e-01
7.835756592674950e-03	4.521539e-06	-1.584336e-01
7.845756592674950e-03	4.521532e-06	-1.584391e-01
7.855756592674951e-03	4.521539e-06	-1.584336e-01
7.865756592674951e-03	4.521532e-06	-1.584391e-01
7.875756592674950e-03	4.521539e-06	-1.584336e-01
7.885756592674950e-03	4.521532e-06	-1.584391e-01
7.895756592674951e-03	4.521539e-06	-1.584336e-01
7.905756592674951e-03	4.521532e-06	-1.584391e-01
7.915756592674950e-03	4.521539e-06	-1.584336e-01
7.925756592674950e-03	4.521532e-06	-1.584391e-01
7.935756592674949e-03	4.521539e-06	-1.584336e-01
7.945756592674951e-03	4.521532e-06	-1.584391e-01
7.955756592674950e-03	4.521539e-06	-1.584336e-01
7.965756592674950e-03	4.521532e-06	-1.584391e-01
7.975756592674950e-03	4.521539e-06	-1.584336e-01
7.985756592674951e-03	4.521532e-06	-1.584391e-01
7.995756592674950e-03	4.521539e-06	-1.584336e-01
8.005756592674950e-03	4.521532e-06	-1.584391e-01
8.015756592674950e-03	4.521539e-06	-1.584336e-01
8.025756592674951e-03	4.521532e-06	-1.584391e-01
8.035756592674951e-03	4.521539e-06	-1.584336e-01
8.045756592674950e-03	4.521532e-06	-1.584391e-01
8.055756592674950e-03	4.521539e-06	-1.584336e-01
8.065756592674951e-03	4.521532e-06	-1.584391e-01
8.075756592674951e-03	4.521539e-06	-1.584336e-01
8.085756592674950e-03	4.521532e-06	-1.584391e-01
8.095756592674950e-03	4.521539e-06	-1.584336e-01
8.105756592674949e-03	4.521532e-06	-1.584391e-01
8.115756592674951e-03	4.521539e-06	-1.584336e-01
8.125756592674950e-03	4.521532e-06	-1.584391e-01
8.135756592674950e-03	4.521539e-06	-1.584336e-01
8.145756592674950e-03	4.521532e-06	-1.584391e-01
8.155756592674951e-03	4.521539e-06	-1.584336e-01
8.165756592674950e-03	4.521532e-06	-1.584391e-01
8.175756592674950e-03	4.521539e-06	-1.584336e-01
8.185756592674950e-03	4.521532e-06	-1.584391e-01
8.195756592674951e-03	4.521539e-06	-1.584336e-01
8.205756592674951e-03	4.521532e-06	-1.584391e-01
8.215756592674950e-03	4.521539e-06	-1.584336e-01
8.225756592674950e-03	4.521532e-06	-1.584391e-01
8.235756592674949e-03	4.521539e-06	-1.584336e-01
8.245756592674951e-03	4.521532e-06	-1.584391e-01
8.255756592674950e-03	4.521539e-06	-1.584336e-01
8.265756592674950e-03	4.521532e-06	-1.584391e-01
8.275756592674949e-03	4.521539e-06	-1.584336e-01
8.285756592674951e-03	4.521532e-06	-1.584391e-01
8.295756592674950e-03	4.521539e-06	-1.584336e-01
8.305756592674950e-03	4.521532e-06	-1.584391e-01
8.315756592674950e-03	4.521539e-06	-1.584336e-01
8.325756592674951e-03	4.521532e-06	-1.584391e-01
8.335756592674951e-03	4.521539e-06	-1.584336e-01
8.345756592674950e-03	4.521532e-06	-1.584391e-01
8.355756592674950e-03	4.521539e-06	-1.584336e-01
8.365756592674951e-03	4.521532e-06	-1.584391e-01
8.375756592674951e-03	4.521539e-06	-1.584336e-01
8.385756592674950e-03	4.521532e-06	-1.584391e-01
8.395756592674950e-03	4.521539e-06	-1.584336e-01
8.405756592674949e-03	4.521532e-06	-1.584391e-01
8.415756592674951e-03	4.521539e-06	-1.584336e-01
8.425756592674950e-03	4.521532e-06	-1.584391e-01
8.435756592674950e-03	4.521539e-06	-1.584336e-01
8.445756592674949e-03	4.521532e-06	-1.584391e-01
8.455756592674951e-03	4.521539e-06	-1.584336e-01
8.465756592674950e-03	4.521532e-06	-1.584391e-01
8.475756592674950e-03	4.521539e-06	-1.584336e-01
8.485756592674950e-03	4.521532e-06	-1.584391e-01
8.495756592674951e-03	4.521539e-06	-1.584336e-01
8.505756592674951e-03	4.521532e-06	-1.584391e-01
8.515756592674950e-03	4.521539e-06	-1.584336e-01
8.525756592674950e-03	4.521532e-06	-1.584391e-01
8.535756592674951e-03	4.521539e-06	-1.584336e-01
8.545756592674951e-03	4.521532e-06	-1.584391e-01
8.555756592674950e-03	4.521539e-06	-1.584336e-01
8.565756592674950e-03	4.521532e-06	-1.584391e-01
8.575756592674949e-03	4.521539e-06	-1.584336e-01
8.585756592674951e-03	4.521532e-06	-1.584391e-01
8.595756592674950e-03	4.521539e-06	-1.584336e-01
8.605756592674950e-03	4.521532e-06	-1.584391e-01
8.615756592674950e-03	4.521539e-06	-1.584336e-01
8.625756592674951e-03	4.521532e-06	-1.584391e-01
8.635756592674950e-03	4.521539e-06	-1.584336e-01
8.645756592674950e-03	4.521532e-06	-1.584391e-01
8.655756592674950e-03	4.521539e-06	-1.584336e-01
8.665756592674951e-03	4.521532e-06	-1.584391e-01
8.675756592674951e-03	4.521539e-06	-1.584336e-01
8.685756592674950e-03	4.521532e-06	-1.584391e-01
8.695756592674950e-03	4.521539e-06	-1.584336e-01
8.705756592674951e-03	4.521532e-06	-1.584391e-01
8.715756592674951e-03	4.521539e-06	-1.584336e-01
8.725756592674950e-03	4.521532e-06	-1.584391e-01
8.735756592674950e-03	4.521539e-06	-1.584336e-01
8.745756592674949e-03	4.521532e-06	-1.584391e-01
8.755756592674951e-03	4.521539e-06	-1.584336e-01
8.765756592674950e-03	4.521532e-06	-1.584391e-01
8.775756592674950e-03	4.521539e-06	-1.584336e-01
8.785756592674950e-03	4.521532e-06	-1.584391e-01
8.795756592674951e-03	4.521539e-06	-1.584336e-01
8.805756592674950e-03	4.521532e-06	-1.584391e-01
8.815756592674950e-03	4.521539e-06	-1.584336e-01
8.825756592674950e-03	4.521532e-06	-1.584391e-01
8.835756592674951e-03	4.521538e-06	-1.584336e-01
8.845756592674951e-03	4.521532e-06	-1.584391e-01
8.855756592674950e-03	4.521538e-06	-1.584336e-01
8.865756592674950e-03	4.521532e-06	-1.584391e-01
8.875756592674949e-03	4.521538e-06	-1.584336e-01
8.885756592674951e-03	4.521532e-06	-1.584391e-01
8.895756592674950e-03	4.521538e-06	-1.584336e-01
8.905756592674950e-03	4.521532e-06	-1.584391e-01
8.915756592674949e-03	4.521538e-06	-1.584336e-01
8.925756592674951e-03	4.521532e-06	-1.584391e-01
8.935756592674950e-03	4.521538e-06	-1.584336e-01
8.945756592674950e-03	4.521532e-06	-1.584391e-01
8.955756592674950e-03	4.521538e-06	-1.584336e-01
8.965756592674951e-03	4.521532e-06	-1.584391e-01
8.975756592674950e-03	4.521538e-06	-1.584336e-01
8.985756592674950e-03	4.521532e-06	-1.584391e-01
8.995756592674950e-03	4.521538e-06	-1.584336e-01
9.005756592674951e-03	4.521532e-06	-1.584391e-01
9.015756592674951e-03	4.521538e-06	-1.584336e-01
9.025756592674950e-03	4.521532e-06	-1.584391e-01
9.035756592674950e-03	4.521538e-06	-1.584336e-01
9.045756592674949e-03	4.521532e-06	-1.584391e-01
9.055756592674951e-03	4.521538e-06	-1.584336e-01
9.065756592674950e-03	4.521532e-06	-1.584391e-01
9.075756592674950e-03	4.521538e-06	-1.584336e-01
9.085756592674949e-03	4.521532e-06	-1.584391e-01
9.095756592674951e-03	4.521538e-06	-1.584336e-01
9.105756592674950e-03	4.521532e-06	-1.584391e-01
9.115756592674950e-03	4.521538e-06	-1.584336e-01
9.125756592674950e-03	4.521532e-06	-1.584391e-01
9.135756592674951e-03	4.521538e-06	-1.584336e-01
9.145756592674950e-03	4.521532e-06	-1.584391e-01
9.155756592674950e-03	4.521538e-06	-1.584336e-01
9.165756592674950e-03	4.521532e-06	-1.584391e-01
9.175756592674951e-03	4.521538e-06	-1.584336e-01
9.185756592674951e-03	4.521532e-06	-1.584391e-01
9.195756592674950e-03	4.521538e-06	-1.584336e-01
9.205756592674950e-03	4.521532e-06	-1.584391e-01
9.215756592674949e-03	4.521538e-06	-1.584336e-01
9.225756592674951e-03	4.521532e-06	-1.584391e-01
9.235756592674950e-03	4.521538e-06	-1.584336e-01
9.245756592674950e-03	4.521532e-06	-1.584391e-01
9.255756592674949e-03	4.521538e-06	-1.584336e-01
9.265756592674951e-03	4.521532e-06	-1.584391e-01
9.275756592674950e-03	4.521538e-06	-1.584336e-01
9.285756592674950e-03	4.521532e-06	-1.584391e-01
9.295756592674950e-03	4.521538e-06	-1.584336e-01
9.305756592674951e-03	4.521532e-06	-1.584391e-01
9.315756592674950e-03	4.521538e-06	-1.584336e-01
9.325756592674950e-03	4.521532e-06	-1.584391e-01
9.335756592674950e-03	4.521538e-06	-1.584336e-01
9.345756592674951e-03	4.521532e-06	-1.584391e-01
9.355756592674951e-03	4.521538e-06	-1.584336e-01
9.365756592674950e-03	4.521532e-06	-1.584391e-01
9.375756592674950e-03	4.521538e-06	-1.584336e-01
9.385756592674949e-03	4.521532e-06	-1.584391e-01
9.395756592674951e-03	4.521538e-06	-1.584336e-01
9.405756592674950e-03	4.521532e-06	-1.584391e-01
9.415756592674950e-03	4.521538e-06	-1.584336e-01
9.425756592674949e-03	4.521532e-06	-1.584391e-01
9.435756592674951e-03	4.521538e-06	-1.584336e-01
9.445756592674950e-03	4.521532e-06	-1.584391e-01
9.455756592674950e-03	4.521538e-06	-1.584336e-01
9.465756592674950e-03	4.521532e-06	-1.584391e-01
9.475756592674951e-03	4.521538e-06	-1.584336e-01
9.485756592674950e-03	4.521532e-06	-1.584391e-01
9.495756592674950e-03	4.521538e-06	-1.584336e-01
9.505756592674950e-03	4.521532e-06	-1.584391e-01
9.515756592674949e-03	4.521538e-06	-1.584336e-01
9.525756592674951e-03	4.521532e-06	-1.584391e-01
9.535756592674950e-03	4.521538e-06	-1.584336e-01
9.545756592674950e-03	4.521532e-06	-1.584391e-01
9.555756592674949e-03	4.521538e-06	-1.584336e-01
9.565756592674951e-03	4.521532e-06	-1.584391e-01
9.575756592674950e-03	4.521538e-06	-1.584336e-01
9.585756592674950e-03	4.521532e-06	-1.584391e-01
9.595756592674949e-03	4.521538e-06	-1.584336e-01
9.605756592674951e-03	4.521532e-06	-1.584391e-01
9.615756592674950e-03	4.521538e-06	-1.584336e-01
9.625756592674950e-03	4.521532e-06	-1.584391e-01
9.635756592674950e-03	4.521538e-06	-1.584336e-01
9.645756592674951e-03	4.521532e-06	-1.584391e-01
9.655756592674950e-03	4.521538e-06	-1.584336e-01
9.665756592674950e-03	4.521532e-06	-1.584391e-01
9.675756592674950e-03	4.521538e-06	-1.584336e-01
9.685756592674949e-03	4.521532e-06	-1.584391e-01
9.695756592674951e-03	4.521538e-06	-1.584336e-01
9.705756592674950e-03	4.521532e-06	-1.584391e-01
9.715756592674950e-03	4.521538e-06	-1.584336e-01
9.725756592674949e-03	4.521532e-06	-1.584391e-01
9.735756592674951e-03	4.521538e-06	-1.584336e-01
9.745756592674950e-03	4.521532e-06	-1.584391e-01
9.755756592674950e-03	4.521538e-06	-1.584336e-01
9.765756592674949e-03	4.521532e-06	-1.584391e-01
9.775756592674951e-03	4.521538e-06	-1.584336e-01
9.785756592674950e-03	4.521532e-06	-1.584391e-01
9.795756592674950e-03	4.521538e-06	-1.584336e-01
9.805756592674950e-03	4.521532e-06	-1.584391e-01
9.815756592674951e-03	4.521538e-06	-1.584336e-01
9.825756592674951e-03	4.521532e-06	-1.584391e-01
9.835756592674950e-03	4.521538e-06	-1.584336e-01
9.845756592674950e-03	4.521532e-06	-1.584391e-01
9.855756592674949e-03	4.521538e-06	-1.584336e-01
9.865756592674951e-03	4.521532e-06	-1.584391e-01
9.875756592674950e-03	4.521538e-06	-1.584336e-01
9.885756592674950e-03	4.521532e-06	-1.584391e-01
9.895756592674949e-03	4.521538e-06	-1.584336e-01
9.905756592674951e-03	4.521532e-06	-1.584391e-01
9.915756592674950e-03	4.521538e-06	-1.584336e-01
9.925756592674950e-03	4.521532e-06	-1.584391e-01
9.935756592674949e-03	4.521538e-06	-1.584336e-01
9.945756592674951e-03	4.521532e-06	-1.584391e-01
9.955756592674950e-03	4.521538e-06	-1.584336e-01
9.965756592674950e-03	4.521532e-06	-1.584391e-01
9.975756592674950e-03	4.521538e-06	-1.584336e-01
9.985756592674951e-03	4.521532e-06	-1.584391e-01
9.995756592674951e-03	4.521538e-06	-1.584336e-01
1.000000000000000e-02	4.521532e-06	-1.584391e-01
1.000000000100000e-02	4.521176e-06	-1.584345e-01
1.000000000200000e-02	4.521462e-06	-1.584382e-01
1.000000000347517e-02	4.521415e-06	-1.584350e-01
1.000000000560198e-02	4.521347e-06	-1.584378e-01
1.000000000985560e-02	4.521212e-06	-1.584352e-01
1.000000001836286e-02	4.520941e-06	-1.584377e-01
1.000000003537736e-02	4.520396e-06	-1.584352e-01
1.000000006940636e-02	4.519296e-06	-1.584376e-01
1.000000013746438e-02	4.517055e-06	-1.584351e-01
1.000000027358040e-02	4.512421e-06	-1.584376e-01
1.000000054581244e-02	4.502599e-06	-1.584351e-01
1.000000109027653e-02	4.481135e-06	-1.584376e-01
1.000000217920470e-02	4.433137e-06	-1.584351e-01
1.000000435706105e-02	4.326847e-06	-1.584375e-01
1.000000871277375e-02	4.103891e-06	-1.584350e-01
1.000001492414046e-02	3.791087e-06	-1.584373e-01
1.000002566035588e-02	3.279998e-06	-1.584346e-01
1.000004713278674e-02	2.360932e-06	-1.584367e-01
1.000007178067183e-02	1.646512e-06	-1.584339e-01
1.000008485455078e-02	2.052052e-06	-1.584366e-01
1.000009415034660e-02	3.168041e-06	-1.584346e-01
1.000010451004814e-02	4.924550e-06	-1.584378e-01
1.000011683986518e-02	7.096760e-06	-1.584363e-01
1.000013358940108e-02	9.909049e-06	-1.584400e-01
1.000016465955616e-02	1.462153e-05	-1.584395e-01
1.000019524773888e-02	1.850360e-05	-1.584437e-01
1.000023612112022e-02	2.196083e-05	-1.584426e-01
1.000027860764871e-02	2.333830e-05	-1.584456e-01
1.000033038270609e-02	2.352010e-05	-1.584431e-01
1.000039594606498e-02	2.357898e-05	-1.584454e-01
1.000051137089991e-02	2.361564e-05	-1.584427e-01
1.000069882600154e-02	2.363640e-05	-1.584448e-01
1.000090765652210e-02	2.366791e-05	-1.584419e-01
1.000110518961722e-02	2.376047e-05	-1.584440e-01
1.000130782691511e-02	2.398077e-05	-1.584413e-01
1.000146825324812e-02	2.423931e-05	-1.584437e-01
1.000164577037110e-02	2.451465e-05	-1.584412e-01
1.000181129770030e-02	2.472192e-05	-1.584435e-01
1.000209619104438e-02	2.494924e-05	-1.584408e-01
1.000236382079438e-02	2.503038e-05	-1.584429e-01
1.000260212996145e-02	2.502312e-05	-1.584399e-01
1.000285204022935e-02	2.495799e-05	-1.584419e-01
1.000311538418983e-02	2.484588e-05	-1.584387e-01
1.000338759239025e-02	2.469562e-05	-1.584405e-01
1.000368020405788e-02	2.450951e-05	-1.584371e-01
1.000399451393794e-02	2.429197e-05	-1.584385e-01
1.000434951433225e-02	2.403564e-05	-1.584348e-01
1.000475384084363e-02	2.373911e-05	-1.584357e-01
1.000523683856659e-02	2.338946e-05	-1.584312e-01
1.000582538564606e-02	2.297811e-05	-1.584309e-01
1.000658594180059e-02	2.248028e-05	-1.584247e-01
1.000761522916914e-02	2.187150e-05	-1.584217e-01
1.000914963276905e-02	2.109873e-05	-1.584104e-01
1.001045247626551e-02	2.056076e-05	-1.584050e-01
1.001156387595454e-02	2.018072e-05	-1.583956e-01
1.001269593248786e-02	1.985948e-05	-1.583909e-01
1.001394914671185e-02	1.956856e-05	-1.583803e-01
1.001516766106820e-02	1.933762e-05	-1.583748e-01
1.001641392478725e-02	1.914455e-05	-1.583640e-01
1.001765753857567e-02	1.898598e-05	-1.583582e-01
1.001898558599232e-02	1.884726e-05	-1.583468e-01
1.002037975791063e-02	1.872756e-05	-1.583397e-01
1.002191956190313e-02	1.861975e-05	-1.583266e-01
1.002361371475410e-02	1.852225e-05	-1.583172e-01
1.002557727717352e-02	1.842943e-05	-1.583007e-01
1.002787664141253e-02	1.833776e-05	-1.582865e-01
1.003072551367804e-02	1.823929e-05	-1.582627e-01
1.003396753780421e-02	1.813563e-05	-1.582401e-01
1.003691507193306e-02	1.804367e-05	-1.582139e-01
1.003987398155077e-02	1.794975e-05	-1.581917e-01
1.004271017885088e-02	1.785774e-05	-1.581645e-01
1.004520995918788e-02	1.777294e-05	-1.581444e-01
1.004784522009604e-02	1.768278e-05	-1.581171e-01
1.005028715272747e-02	1.759928e-05	-1.580956e-01
1.005295812689020e-02	1.751014e-05	-1.580658e-01
1.005711805251512e-02	1.737607e-05	-1.580228e-01
1.006116932298419e-02	1.725189e-05	-1.579722e-01
1.006659324086743e-02	1.709236e-05	-1.579030e-01
1.007224035446788e-02	1.693359e-05	-1.578143e-01
1.008025542025469e-02	1.671680e-05	-1.576652e-01
1.008965974087895e-02	1.647444e-05	-1.574086e-01
1.009809877223561e-02	1.626772e-05	-1.570303e-01
1.010385132393707e-02	1.613634e-05	-1.565599e-01
1.010777814156660e-02	1.605556e-05	-1.559877e-01
1.011073520870567e-02	1.600718e-05	-1.551897e-01
1.011317130251009e-02	1.598258e-05	-1.540620e-01
1.011552797255882e-02	1.596103e-05	-1.528997e-01
1.011815491011796e-02	1.593663e-05	-1.515971e-01
1.012096710008596e-02	1.591107e-05	-1.501853e-01
1.012659148002196e-02	1.586026e-05	-1.473393e-01
1.012927028267286e-02	1.583708e-05	-1.459734e-01
1.013092326328372e-02	1.583096e-05	-1.452429e-01
1.013329507561939e-02	1.583400e-05	-1.444198e-01
1.013539215066405e-02	1.584144e-05	-1.438849e-01
1.013759718507132e-02	1.585203e-05	-1.434773e-01
1.014043463868440e-02	1.586722e-05	-1.431588e-01
1.014392010854149e-02	1.588835e-05	-1.430143e-01
1.014945720259824e-02	1.592599e-05	-1.432517e-01
1.015682849284650e-02	1.598494e-05	-1.442696e-01
1.016629295518753e-02	1.607566e-05	-1.466341e-01
1.017629295518753e-02	1.619386e-05	-1.505635e-01
1.017951399937319e-02	1.623761e-05	-1.522287e-01
1.018095139505279e-02	1.625821e-05	-1.530413e-01
1.018242297947644e-02	1.627734e-05	-1.538942e-01
1.018455410224138e-02	1.630199e-05	-1.551503e-01
1.018678924007829e-02	1.632220e-05	-1.564466e-01
1.018862420966586e-02	1.632880e-05	-1.574168e-01
1.018990735734942e-02	1.632723e-05	-1.580142e-01
1.019225410057774e-02	1.631920e-05	-1.589665e-01
1.019461380153946e-02	1.631256e-05	-1.601052e-01
1.019690773288744e-02	1.631135e-05	-1.621589e-01
1.020026065028636e-02	1.631432e-05	-1.655466e-01
1.020349488800641e-02	1.632112e-05	-1.692538e-01
1.020721457697196e-02	1.633043e-05	-1.740521e-01
1.021127311147511e-02	1.634229e-05	-1.798948e-01
1.021731451523581e-02	1.636117e-05	-1.896744e-01
1.022585191851496e-02	1.639100e-05	-2.053422e-01
1.023585191851496e-02	1.642910e-05	-2.256794e-01
1.024585191851496e-02	1.647127e-05	-2.468735e-01
1.025585191851496e-02	1.651765e-05	-2.665829e-01
1.026289058000373e-02	1.655568e-05	-2.757763e-01
1.026643692884022e-02	1.657934e-05	-2.747762e-01
1.027329219739144e-02	1.662789e-05	-2.698570e-01
1.027807915159336e-02	1.666220e-05	-2.662124e-01
1.028765305999719e-02	1.673111e-05	-2.578198e-01
1.029659765318499e-02	1.679947e-05	-2.446359e-01
1.029940940752560e-02	1.682557e-05	-2.337427e-01
1.030040784533874e-02	1.683710e-05	-2.271764e-01
1.030101761467296e-02	1.684458e-05	-2.224388e-01
1.030162738400718e-02	1.685213e-05	-2.177008e-01
1.030223715334140e-02	1.685975e-05	-2.129625e-01
1.030284692267562e-02	1.686746e-05	-2.082238e-01
1.030345669200984e-02	1.687524e-05	-2.034848e-01
1.030406646134406e-02	1.688309e-05	-1.987454e-01
1.030467623067828e-02	1.689102e-05	-1.940057e-01
1.030609100685982e-02	1.690961e-05	-1.835138e-01
1.030781206161389e-02	1.693218e-05	-1.712925e-01
1.031125417112201e-02	1.697881e-05	-1.486629e-01
1.031813839013827e-02	1.707732e-05	-1.110602e-01
1.032165473754691e-02	1.713266e-05	-9.642524e-02
1.032350883594903e-02	1.715087e-05	-8.323641e-02
1.032424625017522e-02	1.714830e-05	-7.317367e-02
1.032499638418627e-02	1.714209e-05	-6.213773e-02
1.032595305782877e-02	1.713136e-05	-4.810787e-02
1.032720661322981e-02	1.711315e-05	-3.117617e-02
1.032915223418951e-02	1.707855e-05	-1.076693e-02
1.033177823163720e-02	1.701977e-05	-1.443054e-05
1.033335071977394e-02	1.698126e-05	-4.339392e-06
1.033524321702881e-02	1.693527e-05	-1.446520e-05
1.033741960980168e-02	1.688350e-05	-4.392065e-06
1.034177239534742e-02	1.678164e-05	-1.451911e-05
1.034765242101522e-02	1.664816e-05	-4.480456e-06
1.035416927023127e-02	1.650423e-05	-1.460257e-05
1.036264955871099e-02	1.632331e-05	-4.567440e-06
1.036831700501579e-02	1.620641e-05	-1.466727e-05
1.037181047337372e-02	1.614743e-05	-4.642531e-06
1.037520703094256e-02	1.609254e-05	-1.472857e-05
1.037777022034246e-02	1.605128e-05	-4.700956e-06
1.038062060113467e-02	1.600553e-05	-1.476455e-05
1.038470289165942e-02	1.594122e-05	-4.755179e-06
1.039117460123956e-02	1.584146e-05	-1.483078e-05
1.039824250358917e-02	1.573655e-05	-4.839277e-06
1.040824250358917e-02	1.559484e-05	-1.492507e-05
1.041824250358917e-02	1.546077e-05	-4.946981e-06
1.042824250358917e-02	1.533341e-05	-1.502485e-05
1.043824250358917e-02	1.521248e-05	-5.045105e-06
1.044824250358917e-02	1.509681e-05	-1.511616e-05
1.045824250358917e-02	1.498627e-05	-5.134548e-06
1.046824250358917e-02	1.487414e-05	-1.518768e-05
1.047284664437269e-02	1.478640e-05	-5.087389e-06
1.047586275046343e-02	1.473081e-05	-1.511989e-05
1.047801757073974e-02	1.469073e-05	-5.056713e-06
1.047966060115443e-02	1.466012e-05	-1.508907e-05
1.048142530951386e-02	1.462780e-05	-5.043886e-06
1.048322473985976e-02	1.459476e-05	-1.506292e-05
1.048594308163966e-02	1.454532e-05	-5.025311e-06
1.049060589038023e-02	1.446039e-05	-1.502154e-05
1.049495612577350e-02	1.438186e-05	-4.982467e-06
1.050124445623028e-02	1.426871e-05	-1.496628e-05
1.050806591065332e-02	1.414760e-05	-4.918941e-06
1.051806591065332e-02	1.397256e-05	-1.488106e-05
1.052806591065332e-02	1.380166e-05	-4.820381e-06
1.053806591065332e-02	1.363411e-05	-1.477895e-05
1.054806591065332e-02	1.346411e-05	-4.690855e-06
1.055806591065332e-02	1.329163e-05	-1.464149e-05
1.056806591065332e-02	1.311984e-05	-4.559105e-06
1.057806591065332e-02	1.294969e-05	-1.451018e-05
1.058806591065332e-02	1.278282e-05	-4.432133e-06
1.059806591065332e-02	1.261937e-05	-1.438369e-05
1.060806591065332e-02	1.246034e-05	-4.310461e-06
1.061806591065332e-02	1.230546e-05	-1.426328e-05
1.062806591065332e-02	1.215541e-05	-4.195536e-06
1.063806591065332e-02	1.200974e-05	-1.415028e-05
1.064806591065332e-02	1.186899e-05	-4.088451e-06
1.065806591065332e-02	1.173259e-05	-1.404548e-05
1.066806591065332e-02	1.160101e-05	-3.989727e-06
1.067806591065332e-02	1.147363e-05	-1.394916e-05
1.068806591065332e-02	1.135088e-05	-3.899426e-06
1.069806591065332e-02	1.123211e-05	-1.386119e-05
1.070806591065332e-02	1.111773e-05	-3.817294e-06
1.071806591065332e-02	1.100707e-05	-1.378120e-05
1.072806591065332e-02	1.090055e-05	-3.742884e-06
1.073806591065332e-02	1.079748e-05	-1.370869e-05
1.074806591065332e-02	1.069829e-05	-3.675645e-06
1.075806591065332e-02	1.060230e-05	-1.364307e-05
1.076806591065332e-02	1.050992e-05	-3.614986e-06
1.077806591065332e-02	1.042050e-05	-1.358374e-05
1.078806591065332e-02	1.033444e-05	-3.560308e-06
1.079806591065332e-02	1.025108e-05	-1.353008e-05
1.080806591065332e-02	1.017080e-05	-3.510909e-06
1.081806591065332e-02	1.009308e-05	-1.348153e-05
1.082806591065332e-02	1.001828e-05	-3.466502e-06
1.083806591065332e-02	9.945803e-06	-1.343768e-05
1.084806591065332e-02	9.876057e-06	-3.426529e-06
1.085806591065332e-02	9.808432e-06	-1.339806e-05
1.086806591065332e-02	9.743359e-06	-3.390536e-06
1.087806591065332e-02	9.680229e-06	-1.336220e-05
1.088806591065332e-02	9.619482e-06	-3.358103e-06
1.089806591065332e-02	9.560512e-06	-1.332972e-05
1.090806591065332e-02	9.503769e-06	-3.328854e-06
1.091806591065332e-02	9.448654e-06	-1.330025e-05
1.092806591065332e-02	9.395621e-06	-3.302448e-06
1.093806591065332e-02	9.344077e-06	-1.327347e-05
1.094806591065332e-02	9.294482e-06	-3.278582e-06
1.095806591065332e-02	9.246251e-06	-1.324909e-05
1.096806591065332e-02	9.199846e-06	-3.256986e-06
1.097806591065332e-02	9.154688e-06	-1.322687e-05
1.098806591065332e-02	9.111245e-06	-3.237419e-06
1.099806591065332e-02	9.068942e-06	-1.320657e-05
1.100806591065332e-02	9.028251e-06	-3.219666e-06
1.101806591065332e-02	8.988602e-06	-1.318798e-05
1.102806591065332e-02	8.950471e-06	-3.203540e-06
1.103806591065332e-02	8.913291e-06	-1.317094e-05
1.104806591065332e-02	8.877541e-06	-3.188872e-06
1.105806591065332e-02	8.842660e-06	-1.315528e-05
1.106806591065332e-02	8.809129e-06	-3.175513e-06
1.107806591065332e-02	8.776391e-06	-1.314087e-05
1.108806591065332e-02	8.744929e-06	-3.163331e-06
1.109806591065332e-02	8.714188e-06	-1.312757e-05
1.110806591065332e-02	8.684656e-06	-3.152210e-06
1.111806591065332e-02	8.655780e-06	-1.311529e-05
1.112806591065332e-02	8.628049e-06	-3.142044e-06
1.113806591065332e-02	8.600915e-06	-1.310391e-05
1.114806591065332e-02	8.574868e-06	-3.132744e-06
1.115806591065332e-02	8.549361e-06	-1.309336e-05
1.116806591065332e-02	8.524888e-06	-3.124225e-06
1.117806591065332e-02	8.500903e-06	-1.308355e-05
1.118806591065332e-02	8.477902e-06	-3.116416e-06
1.119806591065332e-02	8.455342e-06	-1.307442e-05
1.120806591065332e-02	8.433719e-06	-3.109251e-06
1.121806591065332e-02	8.412493e-06	-1.306590e-05
1.122806591065332e-02	8.392160e-06	-3.102672e-06
1.123806591065332e-02	8.372185e-06	-1.305795e-05
1.124806591065332e-02	8.353061e-06	-3.096627e-06
1.125806591065332e-02	8.334257e-06	-1.305051e-05
1.126806591065332e-02	8.316268e-06	-3.091071e-06
1.127806591065332e-02	8.298562e-06	-1.304353e-05
1.128806591065332e-02	8.281636e-06	-3.085961e-06
1.129806591065332e-02	8.264960e-06	-1.303699e-05
1.130806591065332e-02	8.249033e-06	-3.081259e-06
1.131806591065332e-02	8.233325e-06	-1.303083e-05
1.132806591065332e-02	8.218334e-06	-3.076933e-06
1.133806591065332e-02	8.203535e-06	-1.302504e-05
1.134806591065332e-02	8.189424e-06	-3.072952e-06
1.135806591065332e-02	8.175478e-06	-1.301957e-05
1.136806591065332e-02	8.162194e-06	-3.069289e-06
1.137806591065332e-02	8.149049e-06	-1.301442e-05
1.138806591065332e-02	8.136542e-06	-3.065918e-06
1.139806591065332e-02	8.124150e-06	-1.300955e-05
1.140806591065332e-02	8.112374e-06	-3.062818e-06
1.141806591065332e-02	8.100690e-06	-1.300493e-05
1.142806591065332e-02	8.089600e-06	-3.059967e-06
1.143806591065332e-02	8.078583e-06	-1.300056e-05
1.144806591065332e-02	8.068138e-06	-3.057348e-06
1.145806591065332e-02	8.057748e-06	-1.299641e-05
1.146806591065332e-02	8.047912e-06	-3.054943e-06
1.147806591065332e-02	8.038111e-06	-1.299247e-05
1.148806591065332e-02	8.028846e-06	-3.052738e-06
1.149806591065332e-02	8.019601e-06	-1.298872e-05
1.150806591065332e-02	8.010874e-06	-3.050717e-06
1.151806591065332e-02	8.002151e-06	-1.298515e-05
1.152806591065332e-02	7.993930e-06	-3.048869e-06
1.153806591065332e-02	7.985699e-06	-1.298175e-05
1.154806591065332e-02	7.977955e-06	-3.047181e-06
1.155806591065332e-02	7.970187e-06	-1.297850e-05
1.156806591065332e-02	7.962893e-06	-3.045642e-06
1.157806591065332e-02	7.955560e-06	-1.297540e-05
1.158806591065332e-02	7.948688e-06	-3.044243e-06
1.159806591065332e-02	7.941767e-06	-1.297243e-05
1.160806591065332e-02	7.935293e-06	-3.042974e-06
1.161806591065332e-02	7.928759e-06	-1.296959e-05
1.162806591065332e-02	7.922661e-06	-3.041826e-06
1.163806591065332e-02	7.916491e-06	-1.296687e-05
1.164806591065332e-02	7.910747e-06	-3.040792e-06
1.165806591065332e-02	7.904920e-06	-1.296426e-05
1.166806591065332e-02	7.899509e-06	-3.039865e-06
1.167806591065332e-02	7.894006e-06	-1.296175e-05
1.168806591065332e-02	7.888909e-06	-3.039037e-06
1.169806591065332e-02	7.883711e-06	-1.295934e-05
1.170806591065332e-02	7.878909e-06	-3.038302e-06
1.171806591065332e-02	7.873999e-06	-1.295702e-05
1.172806591065332e-02	7.869477e-06	-3.037655e-06
1.173806591065332e-02	7.864837e-06	-1.295479e-05
1.174806591065332e-02	7.860577e-06	-3.037091e-06
1.175806591065332e-02	7.856194e-06	-1.295263e-05
1.176806591065332e-02	7.852182e-06	-3.036603e-06
1.177806591065332e-02	7.848039e-06	-1.295055e-05
1.178806591065332e-02	7.844261e-06	-3.036188e-06
1.179806591065332e-02	7.840345e-06	-1.294855e-05
1.180806591065332e-02	7.836788e-06	-3.035841e-06
1.181806591065332e-02	7.833086e-06	-1.294660e-05
1.182806591065332e-02	7.829735e-06	-3.035558e-06
1.183806591065332e-02	7.826236e-06	-1.294473e-05
1.184806591065332e-02	7.823081e-06	-3.035335e-06
1.185806591065332e-02	7.819772e-06	-1.294291e-05
1.186806591065332e-02	7.816802e-06	-3.035169e-06
1.187806591065332e-02	7.813673e-06	-1.294114e-05
1.188806591065332e-02	7.810877e-06	-3.035056e-06
1.189806591065332e-02	7.807917e-06	-1.293943e-05
1.190806591065332e-02	7.805284e-06	-3.034993e-06
1.191806591065332e-02	7.802484e-06	-1.293777e-05
1.192806591065332e-02	7.800008e-06	-3.034977e-06
1.193806591065332e-02	7.797357e-06	-1.293616e-05
1.194806591065332e-02	7.795027e-06	-3.035006e-06
1.195806591065332e-02	7.792519e-06	-1.293458e-05
1.196806591065332e-02	7.790326e-06	-3.035077e-06
1.197806591065332e-02	7.787952e-06	-1.293305e-05
1.198806591065332e-02	7.785889e-06	-3.035187e-06
1.199806591065332e-02	7.783642e-06	-1.293156e-05
1.200806591065332e-02	7.781701e-06	-3.035334e-06
1.201806591065332e-02	7.779574e-06	-1.293011e-05
1.202806591065332e-02	7.777749e-06	-3.035516e-06
1.203806591065332e-02	7.775733e-06	-1.292869e-05
1.204806591065332e-02	7.774017e-06	-3.035732e-06
1.205806591065332e-02	7.772108e-06	-1.292730e-05
1.206806591065332e-02	7.770494e-06	-3.035978e-06
1.207806591065332e-02	7.768685e-06	-1.292594e-05
1.208806591065332e-02	7.767169e-06	-3.036254e-06
1.209806591065332e-02	7.765455e-06	-1.292462e-05
1.210806591065332e-02	7.764030e-06	-3.036558e-06
1.211806591065332e-02	7.762404e-06	-1.292332e-05
1.212806591065332e-02	7.761067e-06	-3.036888e-06
1.213806591065332e-02	7.759525e-06	-1.292204e-05
1.214806591065332e-02	7.758268e-06	-3.037243e-06
1.215806591065332e-02	7.756807e-06	-1.292080e-05
1.216806591065332e-02	7.755626e-06	-3.037621e-06
1.217806591065332e-02	7.754240e-06	-1.291957e-05
1.218806591065332e-02	7.753132e-06	-3.038021e-06
1.219806591065332e-02	7.751816e-06	-1.291837e-05
1.220806591065332e-02	7.750777e-06	-3.038441e-06
1.221806591065332e-02	7.749527e-06	-1.291718e-05
1.222806591065332e-02	7.748552e-06	-3.038882e-06
1.223806591065332e-02	7.747366e-06	-1.291602e-05
1.224806591065332e-02	7.746452e-06	-3.039341e-06
1.225806591065332e-02	7.745325e-06	-1.291488e-05
1.226806591065332e-02	7.744468e-06	-3.039817e-06
1.227806591065332e-02	7.743398e-06	-1.291375e-05
1.228806591065332e-02	7.742595e-06	-3.040310e-06
1.229806591065332e-02	7.741577e-06	-1.291264e-05
1.230806591065332e-02	7.740826e-06	-3.040819e-06
1.231806591065332e-02	7.739858e-06	-1.291155e-05
1.232806591065332e-02	7.739155e-06	-3.041342e-06
1.233806591065332e-02	7.738235e-06	-1.291047e-05
1.234806591065332e-02	7.737577e-06	-3.041880e-06
1.235806591065332e-02	7.736700e-06	-1.290940e-05
1.236806591065332e-02	7.736086e-06	-3.042430e-06
1.237806591065332e-02	7.735252e-06	-1.290835e-05
1.238806591065332e-02	7.734678e-06	-3.042993e-06
1.239806591065332e-02	7.733884e-06	-1.290731e-05
1.240806591065332e-02	7.733348e-06	-3.043568e-06
1.241806591065332e-02	7.732590e-06	-1.290629e-05
1.242806591065332e-02	7.732091e-06	-3.044154e-06
1.243806591065332e-02	7.731369e-06	-1.290527e-05
1.244806591065332e-02	7.730903e-06	-3.044750e-06
1.245806591065332e-02	7.730215e-06	-1.290427e-05
1.246806591065332e-02	7.729782e-06	-3.045356e-06
1.247806591065332e-02	7.729125e-06	-1.290327e-05
1.248806591065332e-02	7.728721e-06	-3.045972e-06
1.249806591065332e-02	7.728095e-06	-1.290229e-05
1.250806591065332e-02	7.727720e-06	-3.046597e-06
1.251806591065332e-02	7.727121e-06	-1.290132e-05
1.252806591065332e-02	7.726773e-06	-3.047230e-06
1.253806591065332e-02	7.726201e-06	-1.290035e-05
1.254806591065332e-02	7.725879e-06	-3.047870e-06
1.255806591065332e-02	7.725332e-06	-1.289939e-05
1.256806591065332e-02	7.725033e-06	-3.048519e-06
1.257806591065332e-02	7.724509e-06	-1.289844e-05
1.258806591065332e-02	7.724235e-06	-3.049174e-06
1.259806591065332e-02	7.723734e-06	-1.289750e-05
1.260806591065332e-02	7.723479e-06	-3.049837e-06
1.261806591065332e-02	7.722999e-06	-1.289656e-05
1.262806591065332e-02	7.722765e-06	-3.050505e-06
1.263806591065332e-02	7.722305e-06	-1.289564e-05
1.264806591065332e-02	7.722090e-06	-3.051179e-06
1.265806591065332e-02	7.721649e-06	-1.289471e-05
1.266806591065332e-02	7.721453e-06	-3.051860e-06
1.267806591065332e-02	7.721029e-06	-1.289380e-05
1.268806591065332e-02	7.720849e-06	-3.052545e-06
1.269806591065332e-02	7.720442e-06	-1.289289e-05
1.270806591065332e-02	7.720279e-06	-3.053236e-06
1.271806591065332e-02	7.719888e-06	-1.289198e-05
1.272806591065332e-02	7.719739e-06	-3.053931e-06
1.273806591065332e-02	7.719364e-06	-1.289109e-05
1.274806591065332e-02	7.719229e-06	-3.054631e-06
1.275806591065332e-02	7.718868e-06	-1.289019e-05
1.276806591065332e-02	7.718747e-06	-3.055335e-06
1.277806591065332e-02	7.718399e-06	-1.288930e-05
1.278806591065332e-02	7.718290e-06	-3.056043e-06
1.279806591065332e-02	7.717955e-06	-1.288842e-05
1.280806591065332e-02	7.717859e-06	-3.056755e-06
1.281806591065332e-02	7.717535e-06	-1.288754e-05
1.282806591065332e-02	7.717451e-06	-3.057471e-06
1.283806591065332e-02	7.717138e-06	-1.288666e-05
1.284806591065332e-02	7.717064e-06	-3.058190e-06
1.285806591065332e-02	7.716762e-06	-1.288579e-05
1.286806591065332e-02	7.716699e-06	-3.058912e-06
1.287806591065332e-02	7.716408e-06	-1.288492e-05
1.288806591065332e-02	7.716353e-06	-3.059637e-06
1.289806591065332e-02	7.716071e-06	-1.288405e-05
1.290806591065332e-02	7.716026e-06	-3.060366e-06
1.291806591065332e-02	7.715753e-06	-1.288319e-05
1.292806591065332e-02	7.715716e-06	-3.061097e-06
1.293806591065332e-02	7.715452e-06	-1.288233e-05
1.294806591065332e-02	7.715423e-06	-3.061830e-06
1.295806591065332e-02	7.715166e-06	-1.288148e-05
1.296806591065332e-02	7.715145e-06	-3.062566e-06
1.297806591065332e-02	7.714897e-06	-1.288063e-05
1.298806591065332e-02	7.714882e-06	-3.063304e-06
1.299806591065332e-02	7.714641e-06	-1.287978e-05
1.300806591065332e-02	7.714634e-06	-3.064045e-06
1.301806591065332e-02	7.714400e-06	-1.287893e-05
1.302806591065332e-02	7.714399e-06	-3.064787e-06
1.303806591065332e-02	7.714170e-06	-1.287809e-05
1.304806591065332e-02	7.714176e-06	-3.065531e-06
1.305806591065332e-02	7.713953e-06	-1.287725e-05
1.306806591065332e-02	7.713964e-06	-3.066278e-06
1.307806591065332e-02	7.713748e-06	-1.287641e-05
1.308806591065332e-02	7.713764e-06	-3.067026e-06
1.309806591065332e-02	7.713554e-06	-1.287557e-05
1.310806591065332e-02	7.713575e-06	-3.067775e-06
1.311806591065332e-02	7.713369e-06	-1.287474e-05
1.312806591065332e-02	7.713395e-06	-3.068526e-06
1.313806591065332e-02	7.713194e-06	-1.287390e-05
1.314806591065332e-02	7.713224e-06	-3.069279e-06
1.315806591065332e-02	7.713029e-06	-1.287307e-05
1.316806591065332e-02	7.713063e-06	-3.070033e-06
1.317806591065332e-02	7.712872e-06	-1.287224e-05
1.318806591065332e-02	7.712911e-06	-3.070788e-06
1.319806591065332e-02	7.712723e-06	-1.287142e-05
1.320806591065332e-02	7.712765e-06	-3.071544e-06
1.321806591065332e-02	7.712582e-06	-1.287059e-05
1.322806591065332e-02	7.712628e-06	-3.072301e-06
1.323806591065332e-02	7.712449e-06	-1.286977e-05
1.324806591065332e-02	7.712498e-06	-3.073060e-06
1.325806591065332e-02	7.712322e-06	-1.286895e-05
1.326806591065332e-02	7.712374e-06	-3.073819e-06
1.327806591065332e-02	7.712201e-06	-1.286813e-05
1.328806591065332e-02	7.712258e-06	-3.074580e-06
1.329806591065332e-02	7.712088e-06	-1.286731e-05
1.330806591065332e-02	7.712146e-06	-3.075341e-06
1.331806591065332e-02	7.711979e-06	-1.286649e-05
1.332806591065332e-02	7.712040e-06	-3.076103e-06
1.333806591065332e-02	7.711878e-06	-1.286568e-05
1.334806591065332e-02	7.711940e-06	-3.076867e-06
1.335806591065332e-02	7.711780e-06	-1.286486e-05
1.336806591065332e-02	7.711846e-06	-3.077630e-06
1.337806591065332e-02	7.711687e-06	-1.286405e-05
1.338806591065332e-02	7.711756e-06	-3.078395e-06
1.339806591065332e-02	7.711600e-06	-1.286324e-05
1.340806591065332e-02	7.711670e-06	-3.079160e-06
1.341806591065332e-02	7.711516e-06	-1.286243e-05
1.342806591065332e-02	7.711589e-06	-3.079925e-06
1.343806591065332e-02	7.711437e-06	-1.286162e-05
1.344806591065332e-02	7.711512e-06	-3.080691e-06
1.345806591065332e-02	7.711363e-06	-1.286081e-05
1.346806591065332e-02	7.711438e-06	-3.081458e-06
1.347806591065332e-02	7.711291e-06	-1.286000e-05
1.348806591065332e-02	7.711369e-06	-3.082225e-06
1.349806591065332e-02	7.711224e-06	-1.285920e-05
1.350806591065332e-02	7.711303e-06	-3.082993e-06
1.351806591065332e-02	7.711159e-06	-1.285839e-05
1.352806591065332e-02	7.711240e-06	-3.083761e-06
1.353806591065332e-02	7.711098e-06	-1.285759e-05
1.354806591065332e-02	7.711180e-06	-3.084529e-06
1.355806591065332e-02	7.711040e-06	-1.285679e-05
1.356806591065332e-02	7.711124e-06	-3.085298e-06
1.357806591065332e-02	7.710985e-06	-1.285599e-05
1.358806591065332e-02	7.711070e-06	-3.086067e-06
1.359806591065332e-02	7.710933e-06	-1.285519e-05
1.360806591065332e-02	7.711018e-06	-3.086837e-06
1.361806591065332e-02	7.710883e-06	-1.285439e-05
1.362806591065332e-02	7.710970e-06	-3.087606e-06
1.363806591065332e-02	7.710835e-06	-1.285359e-05
1.364806591065332e-02	7.710923e-06	-3.088376e-06
1.365806591065332e-02	7.710790e-06	-1.285279e-05
1.366806591065332e-02	7.710879e-06	-3.089146e-06
1.367806591065332e-02	7.710747e-06	-1.285199e-05
1.368806591065332e-02	7.710837e-06	-3.089917e-06
1.369806591065332e-02	7.710706e-06	-1.285119e-05
1.370806591065332e-02	7.710797e-06	-3.090687e-06
1.371806591065332e-02	7.710667e-06	-1.285040e-05
1.372806591065332e-02	7.710759e-06	-3.091458e-06
1.373806591065332e-02	7.710631e-06	-1.284960e-05
1.374806591065332e-02	7.710722e-06	-3.092229e-06
1.375806591065332e-02	7.710595e-06	-1.284881e-05
1.376806591065332e-02	7.710688e-06	-3.093000e-06
1.377806591065332e-02	7.710561e-06	-1.284802e-05
1.378806591065332e-02	7.710655e-06	-3.093771e-06
1.379806591065332e-02	7.710530e-06	-1.284722e-05
1.380806591065332e-02	7.710623e-06	-3.094542e-06
1.381806591065332e-02	7.710499e-06	-1.284643e-05
1.382806591065332e-02	7.710594e-06	-3.095313e-06
1.383806591065332e-02	7.710470e-06	-1.284564e-05
1.384806591065332e-02	7.710565e-06	-3.096084e-06
1.385806591065332e-02	7.710442e-06	-1.284485e-05
1.386806591065332e-02	7.710538e-06	-3.096855e-06
1.387806591065332e-02	7.710416e-06	-1.284406e-05
1.388806591065332e-02	7.710512e-06	-3.097627e-06
1.389806591065332e-02	7.710390e-06	-1.284327e-05
1.390806591065332e-02	7.710488e-06	-3.098398e-06
1.391806591065332e-02	7.710367e-06	-1.284248e-05
1.392806591065332e-02	7.710464e-06	-3.099170e-06
1.393806591065332e-02	7.710344e-06	-1.284169e-05
1.394806591065332e-02	7.710441e-06	-3.099941e-06
1.395806591065332e-02	7.710322e-06	-1.284090e-05
1.396806591065332e-02	7.710420e-06	-3.100712e-06
1.397806591065332e-02	7.710301e-06	-1.284012e-05
1.398806591065332e-02	7.710400e-06	-3.101484e-06
1.399806591065332e-02	7.710281e-06	-1.283933e-05
1.400806591065332e-02	7.710380e-06	-3.102255e-06
1.401806591065332e-02	7.710262e-06	-1.283854e-05
1.402806591065332e-02	7.710361e-06	-3.103026e-06
1.403806591065332e-02	7.710244e-06	-1.283776e-05
1.404806591065332e-02	7.710343e-06	-3.103797e-06
1.405806591065332e-02	7.710227e-06	-1.283697e-05
1.406806591065332e-02	7.710326e-06	-3.104568e-06
1.407806591065332e-02	7.710210e-06	-1.283619e-05
1.408806591065332e-02	7.710310e-06	-3.105339e-06
1.409806591065332e-02	7.710194e-06	-1.283540e-05
1.410806591065332e-02	7.710294e-06	-3.106110e-06
1.411806591065332e-02	7.710179e-06	-1.283462e-05
1.412806591065332e-02	7.710280e-06	-3.106881e-06
1.413806591065332e-02	7.710165e-06	-1.283384e-05
1.414806591065332e-02	7.710265e-06	-3.107652e-06
1.415806591065332e-02	7.710151e-06	-1.283306e-05
1.416806591065332e-02	7.710251e-06	-3.108422e-06
1.417806591065332e-02	7.710138e-06	-1.283227e-05
1.418806591065332e-02	7.710239e-06	-3.109193e-06
1.419806591065332e-02	7.710125e-06	-1.283149e-05
1.420806591065332e-02	7.710226e-06	-3.109963e-06
1.421806591065332e-02	7.710113e-06	-1.283071e-05
1.422806591065332e-02	7.710214e-06	-3.110734e-06
1.423806591065332e-02	7.710101e-06	-1.282993e-05
1.424806591065332e-02	7.710202e-06	-3.111504e-06
1.425806591065332e-02	7.710090e-06	-1.282915e-05
1.426806591065332e-02	7.710191e-06	-3.112274e-06
1.427806591065332e-02	7.710079e-06	-1.282837e-05
1.428806591065332e-02	7.710181e-06	-3.113043e-06
1.429806591065332e-02	7.710069e-06	-1.282759e-05
1.430806591065332e-02	7.710171e-06	-3.113813e-06
1.431806591065332e-02	7.710059e-06	-1.282681e-05
1.432806591065332e-02	7.710161e-06	-3.114583e-06
1.433806591065332e-02	7.710050e-06	-1.282604e-05
1.434806591065332e-02	7.710152e-06	-3.115352e-06
1.435806591065332e-02	7.710041e-06	-1.282526e-05
1.436806591065332e-02	7.710143e-06	-3.116121e-06
1.437806591065332e-02	7.710033e-06	-1.282448e-05
1.438806591065332e-02	7.710135e-06	-3.116890e-06
1.439806591065332e-02	7.710025e-06	-1.282370e-05
1.440806591065332e-02	7.710127e-06	-3.117659e-06
1.441806591065332e-02	7.710017e-06	-1.282293e-05
1.442806591065332e-02	7.710119e-06	-3.118428e-06
1.443806591065332e-02	7.710009e-06	-1.282215e-05
1.444806591065332e-02	7.710111e-06	-3.119197e-06
1.445806591065332e-02	7.710002e-06	-1.282138e-05
1.446806591065332e-02	7.710104e-06	-3.119965e-06
1.447806591065332e-02	7.709995e-06	-1.282060e-05
1.448806591065332e-02	7.710097e-06	-3.120733e-06
1.449806591065332e-02	7.709988e-06	-1.281983e-05
1.450806591065332e-02	7.710090e-06	-3.121501e-06
1.451806591065332e-02	7.709982e-06	-1.281905e-05
1.452806591065332e-02	7.710084e-06	-3.122269e-06
1.453806591065332e-02	7.709976e-06	-1.281828e-05
1.454806591065332e-02	7.710078e-06	-3.123036e-06
1.455806591065332e-02	7.709970e-06	-1.281750e-05
1.456806591065332e-02	7.710071e-06	-3.123804e-06
1.457806591065332e-02	7.709964e-06	-1.281673e-05
1.458806591065332e-02	7.710066e-06	-3.124571e-06
1.459806591065332e-02	7.709958e-06	-1.281596e-05
1.460806591065332e-02	7.710060e-06	-3.125338e-06
1.461806591065332e-02	7.709954e-06	-1.281519e-05
1.462806591065332e-02	7.710055e-06	-3.126105e-06
1.463806591065332e-02	7.709948e-06	-1.281441e-05
1.464806591065332e-02	7.710050e-06	-3.126871e-06
1.465806591065332e-02	7.709944e-06	-1.281364e-05
1.466806591065332e-02	7.710045e-06	-3.127637e-06
1.467806591065332e-02	7.709939e-06	-1.281287e-05
1.468806591065332e-02	7.710040e-06	-3.128403e-06
1.469806591065332e-02	7.709935e-06	-1.281210e-05
1.470806591065332e-02	7.710036e-06	-3.129169e-06
1.471806591065332e-02	7.709930e-06	-1.281133e-05
1.472806591065332e-02	7.710031e-06	-3.129935e-06
1.473806591065332e-02	7.709926e-06	-1.281056e-05
1.474806591065332e-02	7.710028e-06	-3.130700e-06
1.475806591065332e-02	7.709922e-06	-1.280979e-05
1.476806591065332e-02	7.710023e-06	-3.131466e-06
1.477806591065332e-02	7.709918e-06	-1.280902e-05
1.478806591065332e-02	7.710019e-06	-3.132231e-06
1.479806591065332e-02	7.709915e-06	-1.280825e-05
1.480806591065332e-02	7.710016e-06	-3.132995e-06
1.481806591065332e-02	7.709911e-06	-1.280748e-05
1.482806591065332e-02	7.710012e-06	-3.133760e-06
1.483806591065332e-02	7.709908e-06	-1.280671e-05
1.484806591065332e-02	7.710009e-06	-3.134524e-06
1.485806591065332e-02	7.709904e-06	-1.280594e-05
1.486806591065332e-02	7.710005e-06	-3.135288e-06
1.487806591065332e-02	7.709901e-06	-1.280518e-05
1.488806591065332e-02	7.710002e-06	-3.136052e-06
1.489806591065332e-02	7.709898e-06	-1.280441e-05
1.490806591065332e-02	7.709998e-06	-3.136815e-06
1.491806591065332e-02	7.709895e-06	-1.280364e-05
1.492806591065332e-02	7.709996e-06	-3.137579e-06
1.493806591065332e-02	7.709892e-06	-1.280288e-05
1.494806591065332e-02	7.709993e-06	-3.138342e-06
1.495806591065332e-02	7.709889e-06	-1.280211e-05
1.496806591065332e-02	7.709989e-06	-3.139105e-06
1.497806591065332e-02	7.709887e-06	-1.280134e-05
1.498806591065332e-02	7.709987e-06	-3.139867e-06
1.499806591065332e-02	7.709884e-06	-1.280058e-05
1.500806591065332e-02	7.709985e-06	-3.140629e-06
1.501806591065332e-02	7.709881e-06	-1.279981e-05
1.502806591065332e-02	7.709982e-06	-3.141392e-06
1.503806591065332e-02	7.709879e-06	-1.279905e-05
1.504806591065332e-02	7.709979e-06	-3.142153e-06
1.505806591065332e-02	7.709877e-06	-1.279828e-05
1.506806591065332e-02	7.709977e-06	-3.142915e-06
1.507806591065332e-02	7.709875e-06	-1.279752e-05
1.508806591065332e-02	7.709975e-06	-3.143676e-06
1.509806591065332e-02	7.709873e-06	-1.279675e-05
1.510806591065332e-02	7.709972e-06	-3.144437e-06
1.511806591065332e-02	7.709870e-06	-1.279599e-05
1.512806591065332e-02	7.709970e-06	-3.145198e-06
1.513806591065332e-02	7.709868e-06	-1.279523e-05
1.514806591065332e-02	7.709968e-06	-3.145959e-06
1.515806591065332e-02	7.709867e-06	-1.279446e-05
1.516806591065332e-02	7.709967e-06	-3.146719e-06
1.517806591065332e-02	7.709865e-06	-1.279370e-05
1.518806591065332e-02	7.709964e-06	-3.147479e-06
1.519806591065332e-02	7.709863e-06	-1.279294e-05
1.520806591065332e-02	7.709962e-06	-3.148239e-06
1.521806591065332e-02	7.709861e-06	-1.279218e-05
1.522806591065332e-02	7.709960e-06	-3.148998e-06
1.523806591065332e-02	7.709859e-06	-1.279142e-05
1.524806591065332e-02	7.709958e-06	-3.149758e-06
1.525806591065332e-02	7.709858e-06	-1.279066e-05
1.526806591065332e-02	7.709957e-06	-3.150516e-06
1.527806591065332e-02	7.709857e-06	-1.278989e-05
1.528806591065332e-02	7.709956e-06	-3.151275e-06
1.529806591065332e-02	7.709855e-06	-1.278913e-05
1.530806591065332e-02	7.709954e-06	-3.152034e-06
1.531806591065332e-02	7.709853e-06	-1.278837e-05
1.532806591065332e-02	7.709952e-06	-3.152792e-06
1.533806591065332e-02	7.709852e-06	-1.278761e-05
1.534806591065332e-02	7.709951e-06	-3.153550e-06
1.535806591065332e-02	7.709850e-06	-1.278685e-05
1.536806591065332e-02	7.709949e-06	-3.154308e-06
1.537806591065332e-02	7.709849e-06	-1.278609e-05
1.538806591065332e-02	7.709948e-06	-3.155065e-06
1.539806591065332e-02	7.709848e-06	-1.278533e-05
1.540806591065332e-02	7.709947e-06	-3.155822e-06
1.541806591065332e-02	7.709847e-06	-1.278458e-05
1.542806591065332e-02	7.709945e-06	-3.156579e-06
1.543806591065332e-02	7.709846e-06	-1.278382e-05
1.544806591065332e-02	7.709944e-06	-3.157336e-06
1.545806591065332e-02	7.709845e-06	-1.278306e-05
1.546806591065332e-02	7.709943e-06	-3.158092e-06
1.547806591065332e-02	7.709843e-06	-1.278230e-05
1.548806591065332e-02	7.709941e-06	-3.158848e-06
1.549806591065332e-02	7.709842e-06	-1.278154e-05
1.550806591065332e-02	7.709940e-06	-3.159604e-06
1.551806591065332e-02	7.709841e-06	-1.278079e-05
1.552806591065332e-02	7.709939e-06	-3.160359e-06
1.553806591065332e-02	7.709840e-06	-1.278003e-05
1.554806591065332e-02	7.709938e-06	-3.161115e-06
1.555806591065332e-02	7.709839e-06	-1.277927e-05
1.556806591065332e-02	7.709937e-06	-3.161870e-06
1.557806591065332e-02	7.709838e-06	-1.277852e-05
1.558806591065332e-02	7.709936e-06	-3.162625e-06
1.559806591065332e-02	7.709838e-06	-1.277776e-05
1.560806591065332e-02	7.709935e-06	-3.163379e-06
1.561806591065332e-02	7.709837e-06	-1.277701e-05
1.562806591065332e-02	7.709934e-06	-3.164133e-06
1.563806591065332e-02	7.709836e-06	-1.277625e-05
1.564806591065332e-02	7.709933e-06	-3.164887e-06
1.565806591065332e-02	7.709835e-06	-1.277549e-05
1.566806591065332e-02	7.709932e-06	-3.165641e-06
1.567806591065332e-02	7.709834e-06	-1.277474e-05
1.568806591065332e-02	7.709931e-06	-3.166394e-06
1.569806591065332e-02	7.709833e-06	-1.277399e-05
1.570806591065332e-02	7.709930e-06	-3.167147e-06
1.571806591065332e-02	7.709833e-06	-1.277323e-05
1.572806591065332e-02	7.709929e-06	-3.167900e-06
1.573806591065332e-02	7.709832e-06	-1.277248e-05
1.574806591065332e-02	7.709928e-06	-3.168653e-06
1.575806591065332e-02	7.709831e-06	-1.277172e-05
1.576806591065332e-02	7.709928e-06	-3.169405e-06
1.577806591065332e-02	7.709830e-06	-1.277097e-05
1.578806591065332e-02	7.709927e-06	-3.170157e-06
1.579806591065332e-02	7.709829e-06	-1.277022e-05
1.580806591065332e-02	7.709926e-06	-3.170909e-06
1.581806591065332e-02	7.709829e-06	-1.276947e-05
1.582806591065332e-02	7.709926e-06	-3.171660e-06
1.583806591065332e-02	7.709828e-06	-1.276871e-05
1.584806591065332e-02	7.709925e-06	-3.172412e-06
1.585806591065332e-02	7.709828e-06	-1.276796e-05
1.586806591065332e-02	7.709924e-06	-3.173163e-06
1.587806591065332e-02	7.709828e-06	-1.276721e-05
1.588806591065332e-02	7.709923e-06	-3.173913e-06
1.589806591065332e-02	7.709827e-06	-1.276646e-05
1.590806591065332e-02	7.709923e-06	-3.174664e-06
1.591806591065332e-02	7.709827e-06	-1.276571e-05
1.592806591065332e-02	7.709922e-06	-3.175414e-06
1.593806591065332e-02	7.709826e-06	-1.276496e-05
1.594806591065332e-02	7.709921e-06	-3.176164e-06
1.595806591065332e-02	7.709826e-06	-1.276421e-05
1.596806591065332e-02	7.709920e-06	-3.176913e-06
1.597806591065332e-02	7.709825e-06	-1.276346e-05
1.598806591065332e-02	7.709920e-06	-3.177662e-06
1.599806591065332e-02	7.709824e-06	-1.276271e-05
1.600806591065332e-02	7.709919e-06	-3.178411e-06
1.601806591065332e-02	7.709824e-06	-1.276196e-05
1.602806591065332e-02	7.709919e-06	-3.179160e-06
1.603806591065332e-02	7.709824e-06	-1.276121e-05
1.604806591065332e-02	7.709918e-06	-3.179909e-06
1.605806591065332e-02	7.709823e-06	-1.276046e-05
1.606806591065332e-02	7.709918e-06	-3.180657e-06
1.607806591065332e-02	7.709823e-06	-1.275971e-05
1.608806591065332e-02	7.709918e-06	-3.181405e-06
1.609806591065332e-02	7.709822e-06	-1.275896e-05
1.610806591065332e-02	7.709917e-06	-3.182152e-06
1.611806591065332e-02	7.709822e-06	-1.275821e-05
1.612806591065332e-02	7.709917e-06	-3.182900e-06
1.613806591065332e-02	7.709821e-06	-1.275746e-05
1.614806591065332e-02	7.709916e-06	-3.183647e-06
1.615806591065332e-02	7.709821e-06	-1.275672e-05
1.616806591065332e-02	7.709916e-06	-3.184394e-06
1.617806591065332e-02	7.709821e-06	-1.275597e-05
1.618806591065332e-02	7.709915e-06	-3.185140e-06
1.619806591065332e-02	7.709820e-06	-1.275522e-05
1.620806591065332e-02	7.709915e-06	-3.185886e-06
1.621806591065332e-02	7.709820e-06	-1.275448e-05
1.622806591065332e-02	7.709914e-06	-3.186633e-06
1.623806591065332e-02	7.709819e-06	-1.275373e-05
1.624806591065332e-02	7.709914e-06	-3.187378e-06
1.625806591065332e-02	7.709819e-06	-1.275298e-05
1.626806591065332e-02	7.709913e-06	-3.188124e-06
1.627806591065332e-02	7.709819e-06	-1.275224e-05
1.628806591065332e-02	7.709913e-06	-3.188869e-06
1.629806591065332e-02	7.709819e-06	-1.275149e-05
1.630806591065332e-02	7.709912e-06	-3.189614e-06
1.631806591065332e-02	7.709818e-06	-1.275075e-05
1.632806591065332e-02	7.709912e-06	-3.190358e-06
1.633806591065332e-02	7.709818e-06	-1.275000e-05
1.634806591065332e-02	7.709912e-06	-3.191102e-06
1.635806591065332e-02	7.709818e-06	-1.274926e-05
1.636806591065332e-02	7.709911e-06	-3.191847e-06
1.637806591065332e-02	7.709818e-06	-1.274851e-05
1.638806591065332e-02	7.709911e-06	-3.192590e-06
1.639806591065332e-02	7.709818e-06	-1.274777e-05
1.640806591065332e-02	7.709910e-06	-3.193334e-06
1.641806591065332e-02	7.709818e-06	-1.274702e-05
1.642806591065332e-02	7.709910e-06	-3.194077e-06
1.643806591065332e-02	7.709818e-06	-1.274628e-05
1.644806591065332e-02	7.709910e-06	-3.194820e-06
1.645806591065332e-02	7.709817e-06	-1.274554e-05
1.646806591065332e-02	7.709909e-06	-3.195563e-06
1.647806591065332e-02	7.709817e-06	-1.274480e-05
1.648806591065332e-02	7.709909e-06	-3.196305e-06
1.649806591065332e-02	7.709817e-06	-1.274405e-05
1.650806591065332e-02	7.709909e-06	-3.197047e-06
1.651806591065332e-02	7.709817e-06	-1.274331e-05
1.652806591065332e-02	7.709908e-06	-3.197789e-06
1.653806591065332e-02	7.709817e-06	-1.274257e-05
1.654806591065332e-02	7.709908e-06	-3.198531e-06
1.655806591065332e-02	7.709816e-06	-1.274183e-05
1.656806591065332e-02	7.709908e-06	-3.199272e-06
1.657806591065332e-02	7.709816e-06	-1.274108e-05
1.658806591065332e-02	7.709908e-06	-3.200013e-06
1.659806591065332e-02	7.709816e-06	-1.274034e-05
1.660806591065332e-02	7.709908e-06	-3.200754e-06
1.661806591065332e-02	7.709816e-06	-1.273960e-05
1.662806591065332e-02	7.709908e-06	-3.201494e-06
1.663806591065332e-02	7.709816e-06	-1.273886e-05
1.664806591065332e-02	7.709907e-06	-3.202234e-06
1.665806591065332e-02	7.709815e-06	-1.273812e-05
1.666806591065332e-02	7.709907e-06	-3.202974e-06
1.667806591065332e-02	7.709815e-06	-1.273738e-05
1.668806591065332e-02	7.709907e-06	-3.203714e-06
1.669806591065332e-02	7.709815e-06	-1.273664e-05
1.670806591065332e-02	7.709907e-06	-3.204453e-06
1.671806591065332e-02	7.709815e-06	-1.273590e-05
1.672806591065332e-02	7.709906e-06	-3.205192e-06
1.673806591065332e-02	7.709815e-06	-1.273516e-05
1.674806591065332e-02	7.709906e-06	-3.205931e-06
1.675806591065332e-02	7.709815e-06	-1.273442e-05
1.676806591065332e-02	7.709906e-06	-3.206669e-06
1.677806591065332e-02	7.709815e-06	-1.273369e-05
1.678806591065332e-02	7.709906e-06	-3.207408e-06
1.679806591065332e-02	7.709815e-06	-1.273295e-05
1.680806591065332e-02	7.709905e-06	-3.208145e-06
1.681806591065332e-02	7.709814e-06	-1.273221e-05
1.682806591065332e-02	7.709905e-06	-3.208883e-06
1.683806591065332e-02	7.709814e-06	-1.273147e-05
1.684806591065332e-02	7.709905e-06	-3.209621e-06
1.685806591065332e-02	7.709814e-06	-1.273073e-05
1.686806591065332e-02	7.709905e-06	-3.210358e-06
1.687806591065332e-02	7.709814e-06	-1.273000e-05
1.688806591065332e-02	7.709904e-06	-3.211095e-06
1.689806591065332e-02	7.709814e-06	-1.272926e-05
1.690806591065332e-02	7.709904e-06	-3.211831e-06
1.691806591065332e-02	7.709814e-06	-1.272852e-05
1.692806591065332e-02	7.709904e-06	-3.212568e-06
1.693806591065332e-02	7.709814e-06	-1.272779e-05
1.694806591065332e-02	7.709904e-06	-3.213304e-06
1.695806591065332e-02	7.709814e-06	-1.272705e-05
1.696806591065332e-02	7.709903e-06	-3.214039e-06
1.697806591065332e-02	7.709814e-06	-1.272631e-05
1.698806591065332e-02	7.709903e-06	-3.214775e-06
1.699806591065332e-02	7.709814e-06	-1.272558e-05
1.700806591065332e-02	7.709903e-06	-3.215510e-06
1.701806591065332e-02	7.709813e-06	-1.272484e-05
1.702806591065332e-02	7.709903e-06	-3.216245e-06
1.703806591065332e-02	7.709813e-06	-1.272411e-05
1.704806591065332e-02	7.709903e-06	-3.216980e-06
1.705806591065332e-02	7.709813e-06	-1.272337e-05
1.706806591065332e-02	7.709903e-06	-3.217714e-06
1.707806591065332e-02	7.709813e-06	-1.272264e-05
1.708806591065332e-02	7.709902e-06	-3.218448e-06
1.709806591065332e-02	7.709813e-06	-1.272191e-05
1.710806591065332e-02	7.709902e-06	-3.219182e-06
1.711806591065332e-02	7.709813e-06	-1.272117e-05
1.712806591065332e-02	7.709902e-06	-3.219915e-06
1.713806591065332e-02	7.709813e-06	-1.272044e-05
1.714806591065332e-02	7.709902e-06	-3.220649e-06
1.715806591065332e-02	7.709813e-06	-1.271970e-05
1.716806591065332e-02	7.709902e-06	-3.221382e-06
1.717806591065332e-02	7.709813e-06	-1.271897e-05
1.718806591065332e-02	7.709901e-06	-3.222115e-06
1.719806591065332e-02	7.709813e-06	-1.271824e-05
1.720806591065332e-02	7.709901e-06	-3.222847e-06
1.721806591065332e-02	7.709813e-06	-1.271751e-05
1.722806591065332e-02	7.709901e-06	-3.223579e-06
1.723806591065332e-02	7.709813e-06	-1.271677e-05
1.724806591065332e-02	7.709901e-06	-3.224311e-06
1.725806591065332e-02	7.709813e-06	-1.271604e-05
1.726806591065332e-02	7.709901e-06	-3.225043e-06
1.727806591065332e-02	7.709813e-06	-1.271531e-05
1.728806591065332e-02	7.709901e-06	-3.225774e-06
1.729806591065332e-02	7.709813e-06	-1.271458e-05
1.730806591065332e-02	7.709901e-06	-3.226505e-06
1.731806591065332e-02	7.709813e-06	-1.271385e-05
1.732806591065332e-02	7.709900e-06	-3.227236e-06
1.733806591065332e-02	7.709813e-06	-1.271312e-05
1.734806591065332e-02	7.709900e-06	-3.227967e-06
1.735806591065332e-02	7.709813e-06	-1.271239e-05
1.736806591065332e-02	7.709900e-06	-3.228697e-06
1.737806591065332e-02	7.709813e-06	-1.271166e-05
1.738806591065332e-02	7.709900e-06	-3.229427e-06
1.739806591065332e-02	7.709813e-06	-1.271093e-05
1.740806591065332e-02	7.709900e-06	-3.230157e-06
1.741806591065332e-02	7.709813e-06	-1.271020e-05
1.742806591065332e-02	7.709900e-06	-3.230886e-06
1.743806591065332e-02	7.709813e-06	-1.270947e-05
1.744806591065332e-02	7.709900e-06	-3.231615e-06
1.745806591065332e-02	7.709813e-06	-1.270874e-05
1.746806591065332e-02	7.709899e-06	-3.232344e-06
1.747806591065332e-02	7.709813e-06	-1.270801e-05
1.748806591065332e-02	7.709899e-06	-3.233073e-06
1.749806591065332e-02	7.709813e-06	-1.270728e-05
1.750806591065332e-02	7.709899e-06	-3.233801e-06
1.751806591065332e-02	7.709813e-06	-1.270655e-05
1.752806591065332e-02	7.709899e-06	-3.234529e-06
1.753806591065332e-02	7.709813e-06	-1.270582e-05
1.754806591065332e-02	7.709899e-06	-3.235257e-06
1.755806591065332e-02	7.709813e-06	-1.270510e-05
1.756806591065332e-02	7.709899e-06	-3.235984e-06
1.757806591065332e-02	7.709813e-06	-1.270437e-05
1.758806591065332e-02	7.709899e-06	-3.236712e-06
1.759806591065332e-02	7.709813e-06	-1.270364e-05
1.760806591065332e-02	7.709899e-06	-3.237439e-06
1.761806591065332e-02	7.709813e-06	-1.270292e-05
1.762806591065332e-02	7.709898e-06	-3.238165e-06
1.763806591065332e-02	7.709813e-06	-1.270219e-05
1.764806591065332e-02	7.709898e-06	-3.238892e-06
1.765806591065332e-02	7.709813e-06	-1.270146e-05
1.766806591065332e-02	7.709898e-06	-3.239618e-06
1.767806591065332e-02	7.709813e-06	-1.270074e-05
1.768806591065332e-02	7.709898e-06	-3.240344e-06
1.769806591065332e-02	7.709813e-06	-1.270001e-05
1.770806591065332e-02	7.709898e-06	-3.241070e-06
1.771806591065332e-02	7.709813e-06	-1.269928e-05
1.772806591065332e-02	7.709898e-06	-3.241795e-06
1.773806591065332e-02	7.709813e-06	-1.269856e-05
1.774806591065332e-02	7.709898e-06	-3.242520e-06
1.775806591065332e-02	7.709813e-06	-1.269783e-05
1.776806591065332e-02	7.709898e-06	-3.243245e-06
1.777806591065332e-02	7.709813e-06	-1.269711e-05
1.778806591065332e-02	7.709898e-06	-3.243970e-06
1.779806591065332e-02	7.709813e-06	-1.269639e-05
1.780806591065332e-02	7.709898e-06	-3.244694e-06
1.781806591065332e-02	7.709813e-06	-1.269566e-05
1.782806591065332e-02	7.709898e-06	-3.245418e-06
1.783806591065332e-02	7.709813e-06	-1.269494e-05
1.784806591065332e-02	7.709898e-06	-3.246141e-06
1.785806591065332e-02	7.709813e-06	-1.269421e-05
1.786806591065332e-02	7.709898e-06	-3.246865e-06
1.787806591065332e-02	7.709813e-06	-1.269349e-05
1.788806591065332e-02	7.709898e-06	-3.247588e-06
1.789806591065332e-02	7.709813e-06	-1.269277e-05
1.790806591065332e-02	7.709898e-06	-3.248311e-06
1.791806591065332e-02	7.709813e-06	-1.269204e-05
1.792806591065332e-02	7.709898e-06	-3.249034e-06
1.793806591065332e-02	7.709813e-06	-1.269132e-05
1.794806591065332e-02	7.709898e-06	-3.249756e-06
1.795806591065332e-02	7.709813e-06	-1.269060e-05
1.796806591065332e-02	7.709898e-06	-3.250478e-06
1.797806591065332e-02	7.709813e-06	-1.268988e-05
1.798806591065332e-02	7.709898e-06	-3.251200e-06
1.799806591065332e-02	7.709813e-06	-1.268916e-05
1.800806591065332e-02	7.709897e-06	-3.251922e-06
1.801806591065332e-02	7.709813e-06	-1.268843e-05
1.802806591065332e-02	7.709897e-06	-3.252643e-06
1.803806591065332e-02	7.709813e-06	-1.268771e-05
1.804806591065332e-02	7.709897e-06	-3.253364e-06
1.805806591065332e-02	7.709813e-06	-1.268699e-05
1.806806591065332e-02	7.709897e-06	-3.254085e-06
1.807806591065332e-02	7.709813e-06	-1.268627e-05
1.808806591065332e-02	7.709897e-06	-3.254805e-06
1.809806591065332e-02	7.709813e-06	-1.268555e-05
1.810806591065332e-02	7.709897e-06	-3.255526e-06
1.811806591065332e-02	7.709813e-06	-1.268483e-05
1.812806591065332e-02	7.709897e-06	-3.256245e-06
1.813806591065332e-02	7.709813e-06	-1.268411e-05
1.814806591065332e-02	7.709897e-06	-3.256965e-06
1.815806591065332e-02	7.709813e-06	-1.268339e-05
1.816806591065332e-02	7.709897e-06	-3.257685e-06
1.817806591065332e-02	7.709813e-06	-1.268267e-05
1.818806591065332e-02	7.709897e-06	-3.258404e-06
1.819806591065332e-02	7.709813e-06	-1.268195e-05
1.820806591065332e-02	7.709897e-06	-3.259123e-06
1.821806591065332e-02	7.709813e-06	-1.268123e-05
1.822806591065332e-02	7.709896e-06	-3.259841e-06
1.823806591065332e-02	7.709813e-06	-1.268052e-05
1.824806591065332e-02	7.709896e-06	-3.260560e-06
1.825806591065332e-02	7.709813e-06	-1.267980e-05
1.826806591065332e-02	7.709896e-06	-3.261278e-06
1.827806591065332e-02	7.709813e-06	-1.267908e-05
1.828806591065332e-02	7.709896e-06	-3.261996e-06
1.829806591065332e-02	7.709813e-06	-1.267836e-05
1.830806591065332e-02	7.709896e-06	-3.262713e-06
1.831806591065332e-02	7.709813e-06	-1.267764e-05
1.832806591065332e-02	7.709896e-06	-3.263430e-06
1.833806591065332e-02	7.709813e-06	-1.267693e-05
1.834806591065332e-02	7.709896e-06	-3.264148e-06
1.835806591065332e-02	7.709813e-06	-1.267621e-05
1.836806591065332e-02	7.709896e-06	-3.264864e-06
1.837806591065332e-02	7.709813e-06	-1.267549e-05
1.838806591065332e-02	7.709896e-06	-3.265581e-06
1.839806591065332e-02	7.709813e-06	-1.267478e-05
1.840806591065332e-02	7.709896e-06	-3.266297e-06
1.841806591065332e-02	7.709813e-06	-1.267406e-05
1.842806591065332e-02	7.709896e-06	-3.267013e-06
1.843806591065332e-02	7.709814e-06	-1.267334e-05
1.844806591065332e-02	7.709896e-06	-3.267729e-06
1.845806591065332e-02	7.709814e-06	-1.267263e-05
1.846806591065332e-02	7.709896e-06	-3.268444e-06
1.847806591065332e-02	7.709814e-06	-1.267191e-05
1.848806591065332e-02	7.709895e-06	-3.269159e-06
1.849806591065332e-02	7.709814e-06	-1.267120e-05
1.850806591065332e-02	7.709895e-06	-3.269874e-06
1.851806591065332e-02	7.709814e-06	-1.267048e-05
1.852806591065332e-02	7.709895e-06	-3.270589e-06
1.853806591065332e-02	7.709814e-06	-1.266977e-05
1.854806591065332e-02	7.709895e-06	-3.271303e-06
1.855806591065332e-02	7.709814e-06	-1.266906e-05
1.856806591065332e-02	7.709895e-06	-3.272017e-06
1.857806591065332e-02	7.709814e-06	-1.266834e-05
1.858806591065332e-02	7.709895e-06	-3.272731e-06
1.859806591065332e-02	7.709814e-06	-1.266763e-05
1.860806591065332e-02	7.709895e-06	-3.273444e-06
1.861806591065332e-02	7.709814e-06	-1.266691e-05
1.862806591065332e-02	7.709895e-06	-3.274158e-06
1.863806591065332e-02	7.709814e-06	-1.266620e-05
1.864806591065332e-02	7.709895e-06	-3.274871e-06
1.865806591065332e-02	7.709814e-06	-1.266549e-05
1.866806591065332e-02	7.709895e-06	-3.275584e-06
1.867806591065332e-02	7.709814e-06	-1.266478e-05
1.868806591065332e-02	7.709895e-06	-3.276296e-06
1.869806591065332e-02	7.709814e-06	-1.266406e-05
1.870806591065332e-02	7.709895e-06	-3.277008e-06
1.871806591065332e-02	7.709814e-06	-1.266335e-05
1.872806591065332e-02	7.709895e-06	-3.277720e-06
1.873806591065332e-02	7.709814e-06	-1.266264e-05
1.874806591065332e-02	7.709895e-06	-3.278432e-06
1.875806591065332e-02	7.709814e-06	-1.266193e-05
1.876806591065332e-02	7.709894e-06	-3.279143e-06
1.877806591065332e-02	7.709814e-06	-1.266122e-05
1.878806591065332e-02	7.709894e-06	-3.279855e-06
1.879806591065332e-02	7.709814e-06	-1.266050e-05
1.880806591065332e-02	7.709894e-06	-3.280566e-06
1.881806591065332e-02	7.709814e-06	-1.265979e-05
1.882806591065332e-02	7.709894e-06	-3.281276e-06
1.883806591065332e-02	7.709814e-06	-1.265908e-05
1.884806591065332e-02	7.709894e-06	-3.281986e-06
1.885806591065332e-02	7.709814e-06	-1.265837e-05
1.886806591065332e-02	7.709894e-06	-3.282697e-06
1.887806591065332e-02	7.709814e-06	-1.265766e-05
1.888806591065332e-02	7.709894e-06	-3.283406e-06
1.889806591065332e-02	7.709814e-06	-1.265695e-05
1.890806591065332e-02	7.709894e-06	-3.284116e-06
1.891806591065332e-02	7.709815e-06	-1.265624e-05
1.892806591065332e-02	7.709894e-06	-3.284825e-06
1.893806591065332e-02	7.709815e-06	-1.265554e-05
1.894806591065332e-02	7.709894e-06	-3.285534e-06
1.895806591065332e-02	7.709815e-06	-1.265483e-05
1.896806591065332e-02	7.709894e-06	-3.286243e-06
1.897806591065332e-02	7.709815e-06	-1.265412e-05
1.898806591065332e-02	7.709894e-06	-3.286952e-06
1.899806591065332e-02	7.709815e-06	-1.265341e-05
1.900806591065332e-02	7.709894e-06	-3.287660e-06
1.901806591065332e-02	7.709815e-06	-1.265270e-05
1.902806591065332e-02	7.709894e-06	-3.288368e-06
1.903806591065332e-02	7.709815e-06	-1.265199e-05
1.904806591065332e-02	7.709894e-06	-3.289076e-06
1.905806591065332e-02	7.709815e-06	-1.265129e-05
1.906806591065332e-02	7.709894e-06	-3.289783e-06
1.907806591065332e-02	7.709815e-06	-1.265058e-05
1.908806591065332e-02	7.709893e-06	-3.290491e-06
1.909806591065332e-02	7.709815e-06	-1.264987e-05
1.910806591065332e-02	7.709893e-06	-3.291198e-06
1.911806591065332e-02	7.709815e-06	-1.264916e-05
1.912806591065332e-02	7.709893e-06	-3.291904e-06
1.913806591065332e-02	7.709815e-06	-1.264846e-05
1.914806591065332e-02	7.709893e-06	-3.292611e-06
1.915806591065332e-02	7.709815e-06	-1.264775e-05
1.916806591065332e-02	7.709893e-06	-3.293317e-06
1.917806591065332e-02	7.709815e-06	-1.264704e-05
1.918806591065332e-02	7.709893e-06	-3.294023e-06
1.919806591065332e-02	7.709815e-06	-1.264634e-05
1.920806591065332e-02	7.709893e-06	-3.294728e-06
1.921806591065332e-02	7.709815e-06	-1.264563e-05
1.922806591065332e-02	7.709893e-06	-3.295434e-06
1.923806591065332e-02	7.709815e-06	-1.264493e-05
1.924806591065332e-02	7.709893e-06	-3.296139e-06
1.925806591065332e-02	7.709815e-06	-1.264422e-05
1.926806591065332e-02	7.709893e-06	-3.296844e-06
1.927806591065332e-02	7.709815e-06	-1.264352e-05
1.928806591065332e-02	7.709893e-06	-3.297549e-06
1.929806591065332e-02	7.709815e-06	-1.264281e-05
1.930806591065332e-02	7.709893e-06	-3.298253e-06
1.931806591065332e-02	7.709815e-06	-1.264211e-05
1.932806591065332e-02	7.709893e-06	-3.298957e-06
1.933806591065332e-02	7.709815e-06	-1.264141e-05
1.934806591065332e-02	7.709893e-06	-3.299661e-06
1.935806591065332e-02	7.709816e-06	-1.264070e-05
1.936806591065332e-02	7.709893e-06	-3.300364e-06
1.937806591065332e-02	7.709816e-06	-1.264000e-05
1.938806591065332e-02	7.709893e-06	-3.301068e-06
1.939806591065332e-02	7.709816e-06	-1.263930e-05
1.940806591065332e-02	7.709893e-06	-3.301771e-06
1.941806591065332e-02	7.709816e-06	-1.263859e-05
1.942806591065332e-02	7.709892e-06	-3.302473e-06
1.943806591065332e-02	7.709816e-06	-1.263789e-05
1.944806591065332e-02	7.709892e-06	-3.303176e-06
1.945806591065332e-02	7.709816e-06	-1.263719e-05
1.946806591065332e-02	7.709892e-06	-3.303878e-06
1.947806591065332e-02	7.709816e-06	-1.263648e-05
1.948806591065332e-02	7.709892e-06	-3.304580e-06
1.949806591065332e-02	7.709816e-06	-1.263578e-05
1.950806591065332e-02	7.709892e-06	-3.305282e-06
1.951806591065332e-02	7.709816e-06	-1.263508e-05
1.952806591065332e-02	7.709892e-06	-3.305984e-06
1.953806591065332e-02	7.709816e-06	-1.263438e-05
1.954806591065332e-02	7.709892e-06	-3.306685e-06
1.955806591065332e-02	7.709816e-06	-1.263368e-05
1.956806591065332e-02	7.709892e-06	-3.307386e-06
1.957806591065332e-02	7.709816e-06	-1.263298e-05
1.958806591065332e-02	7.709892e-06	-3.308087e-06
1.959806591065332e-02	7.709816e-06	-1.263228e-05
1.960806591065332e-02	7.709892e-06	-3.308787e-06
1.961806591065332e-02	7.709816e-06	-1.263158e-05
1.962806591065332e-02	7.709892e-06	-3.309487e-06
1.963806591065332e-02	7.709816e-06	-1.263088e-05
1.964806591065332e-02	7.709892e-06	-3.310187e-06
1.965806591065332e-02	7.709816e-06	-1.263018e-05
1.966806591065332e-02	7.709892e-06	-3.310887e-06
1.967806591065332e-02	7.709816e-06	-1.262948e-05
1.968806591065332e-02	7.709892e-06	-3.311586e-06
1.969806591065332e-02	7.709816e-06	-1.262878e-05
1.970806591065332e-02	7.709892e-06	-3.312286e-06
1.971806591065332e-02	7.709816e-06	-1.262808e-05
1.972806591065332e-02	7.709892e-06	-3.312985e-06
1.973806591065332e-02	7.709816e-06	-1.262738e-05
1.974806591065332e-02	7.709892e-06	-3.313683e-06
1.975806591065332e-02	7.709816e-06	-1.262668e-05
1.976806591065332e-02	7.709891e-06	-3.314382e-06
1.977806591065332e-02	7.709817e-06	-1.262598e-05
1.978806591065332e-02	7.709891e-06	-3.315080e-06
1.979806591065332e-02	7.709817e-06	-1.262529e-05
1.980806591065332e-02	7.709891e-06	-3.315778e-06
1.981806591065332e-02	7.709817e-06	-1.262459e-05
1.982806591065332e-02	7.709891e-06	-3.316475e-06
1.983806591065332e-02	7.709817e-06	-1.262389e-05
1.984806591065332e-02	7.709891e-06	-3.317173e-06
1.985806591065332e-02	7.709817e-06	-1.262319e-05
1.986806591065332e-02	7.709891e-06	-3.317870e-06
1.987806591065332e-02	7.709817e-06	-1.262250e-05
1.988806591065332e-02	7.709891e-06	-3.318567e-06
1.989806591065332e-02	7.709817e-06	-1.262180e-05
1.990806591065332e-02	7.709891e-06	-3.319263e-06
1.991806591065332e-02	7.709817e-06	-1.262110e-05
1.992806591065332e-02	7.709891e-06	-3.319959e-06
1.993806591065332e-02	7.709817e-06	-1.262041e-05
1.994806591065332e-02	7.709891e-06	-3.320656e-06
1.995806591065332e-02	7.709817e-06	-1.261971e-05
1.996806591065332e-02	7.709891e-06	-3.321351e-06
1.997806591065332e-02	7.709817e-06	-1.261902e-05
1.998806591065332e-02	7.709891e-06	-3.322047e-06
1.999806591065332e-02	7.709817e-06	-1.261832e-05
2.000000000000000e-02	7.709891e-06	-3.324194e-06
