time	V(out_pos,out_1)	I(Vcell22)
Step Information: Rtierra=1K  (Step: 1/3)
0.000000000000000e+00	-1.654625e-04	-2.599899e-07
9.999999439624929e-11	-1.654625e-04	-2.600892e-07
1.999999887924986e-10	-1.652241e-04	-2.601008e-07
1.599999910339989e-09	-1.654625e-04	-2.604804e-07
3.199999820679977e-09	-1.654625e-04	-2.639459e-07
6.399999641359955e-09	-1.659393e-04	-2.785554e-07
1.279999928271991e-08	-1.683235e-04	-3.268178e-07
2.559999856543982e-08	-1.754761e-04	-4.525239e-07
4.834918671724490e-08	-2.205372e-04	-6.793682e-07
7.276194635234191e-08	-3.597736e-04	-8.668208e-07
8.562840204968307e-08	-3.187656e-04	-8.857602e-07
9.496503393523153e-08	-1.928806e-04	-7.950005e-07
1.057460384973583e-07	-9.894371e-05	-5.522297e-07
1.182421696756060e-07	-7.128716e-05	-1.732577e-07
1.338192289683046e-07	-5.507469e-05	3.108938e-07
1.610441589058304e-07	-2.837181e-05	1.054223e-06
1.908857620781046e-07	-1.478195e-05	1.645896e-06
2.295104629377914e-07	-1.060963e-04	2.027775e-06
2.724775593542902e-07	-6.027222e-04	2.073941e-06
3.222699151696864e-07	-1.097441e-03	2.077520e-06
3.812899971184478e-07	-1.477718e-03	2.079964e-06
4.814230846731678e-07	-2.097845e-03	2.073584e-06
6.590405667957946e-07	-3.199100e-03	2.061966e-06
8.486658748966618e-07	-4.375696e-03	2.049615e-06
1.063025535002199e-06	-5.704880e-03	2.039538e-06
1.333878438585441e-06	-7.384300e-03	2.029014e-06
1.640340711168272e-06	-9.283543e-03	2.020922e-06
2.013600783430595e-06	-1.159430e-02	2.012847e-06
2.450617021767919e-06	-1.429558e-02	2.005960e-06
3.013662538289538e-06	-1.776791e-02	1.997838e-06
3.750264597732052e-06	-2.229476e-02	1.988732e-06
4.955603026856805e-06	-2.967143e-02	1.973820e-06
6.099699414827018e-06	-3.663611e-02	1.960361e-06
7.514577055750626e-06	-4.519463e-02	1.943689e-06
9.000976087905377e-06	-5.411601e-02	1.929670e-06
1.057411985223565e-05	-6.345415e-02	1.933327e-06
1.178894520181010e-05	-7.053947e-02	1.973409e-06
1.286661152748729e-05	-7.664800e-02	2.044657e-06
1.420925115641586e-05	-8.397269e-02	2.157079e-06
1.560091530412166e-05	-9.121656e-02	2.276211e-06
1.714688473513960e-05	-9.884596e-02	2.399528e-06
1.877751718232370e-05	-1.064487e-01	2.511135e-06
2.077218149015166e-05	-1.152148e-01	2.614790e-06
2.324472870424218e-05	-1.255052e-01	2.701704e-06
2.535982159986944e-05	-1.339276e-01	2.737242e-06
2.736339617172220e-05	-1.416855e-01	2.719872e-06
2.958964462527993e-05	-1.502059e-01	2.678517e-06
3.139072803437019e-05	-1.570592e-01	2.645273e-06
3.396445523960718e-05	-1.667690e-01	2.607182e-06
3.727634051461900e-05	-1.789491e-01	2.585423e-06
4.218414902983123e-05	-1.954751e-01	2.658736e-06
4.878148118608537e-05	-2.134402e-01	3.147421e-06
5.352956270530790e-05	-2.209609e-01	3.871094e-06
5.833865770392739e-05	-2.233057e-01	4.717639e-06
5.965685123769498e-05	-2.312074e-01	3.703372e-06
6.026820027213087e-05	-2.491622e-01	-3.802596e-05
6.068569043800568e-05	-2.707932e-01	-2.313431e-05
6.088022893962399e-05	-2.811987e-01	-2.442544e-05
6.109116797856326e-05	-2.918532e-01	-2.639052e-05
6.133096645146384e-05	-3.037212e-01	-2.274521e-05
6.177800157446859e-05	-3.243973e-01	-2.307692e-05
6.241941580772262e-05	-3.510616e-01	-1.721663e-05
6.311395237018309e-05	-3.757532e-01	-1.552072e-05
6.383382281491284e-05	-3.966184e-01	-9.781314e-06
6.465616181497788e-05	-4.153135e-01	-8.492745e-06
6.564342410836458e-05	-4.324477e-01	-3.591612e-06
6.669251036096248e-05	-4.459357e-01	-3.475449e-06
6.805369661420159e-05	-4.576161e-01	3.261995e-07
6.984309786637221e-05	-4.661031e-01	2.132624e-06
7.106639819523702e-05	-4.688399e-01	3.367260e-06
7.180756160371928e-05	-4.697714e-01	2.431277e-06
7.229632951249498e-05	-4.702952e-01	3.521051e-06
7.265220468123173e-05	-4.706373e-01	2.537109e-06
7.295290181275948e-05	-4.709034e-01	3.580897e-06
7.323000092505437e-05	-4.711308e-01	2.610654e-06
7.352229036145128e-05	-4.713538e-01	3.625605e-06
7.383784216257156e-05	-4.715757e-01	2.683209e-06
7.414360661031357e-05	-4.717727e-01	3.675281e-06
7.446032082631655e-05	-4.719565e-01	2.757704e-06
7.477306305583440e-05	-4.721172e-01	3.731638e-06
7.509422650617609e-05	-4.722581e-01	2.845610e-06
7.541668586841013e-05	-4.723701e-01	3.813737e-06
7.575357974906930e-05	-4.724483e-01	2.976097e-06
7.610394067965533e-05	-4.724753e-01	3.965063e-06
7.649148480030172e-05	-4.724245e-01	3.204515e-06
7.693977971894746e-05	-4.722393e-01	4.252106e-06
7.754638113229793e-05	-4.717581e-01	3.596692e-06
7.863433595998176e-05	-4.704723e-01	4.740271e-06
7.975717132670252e-05	-4.687946e-01	3.989353e-06
8.099757568673832e-05	-4.666548e-01	4.952598e-06
8.281057850094326e-05	-4.632533e-01	4.133125e-06
8.559811819019036e-05	-4.577429e-01	5.048219e-06
8.867757665809192e-05	-4.514503e-01	4.182431e-06
9.196420920814709e-05	-4.445949e-01	5.058585e-06
9.547028181408543e-05	-4.371946e-01	4.174414e-06
9.956533658827807e-05	-4.284933e-01	5.033815e-06
1.043756830601018e-04	-4.182439e-01	4.136535e-06
1.102835956515935e-04	-4.056673e-01	4.977577e-06
1.176246593954581e-04	-3.901217e-01	4.059685e-06
1.273421489163709e-04	-3.697453e-01	4.869163e-06
1.373421489163709e-04	-3.490734e-01	3.927760e-06
1.473421489163709e-04	-3.287692e-01	4.729850e-06
1.573421489163709e-04	-3.088698e-01	3.785894e-06
1.673421489163709e-04	-2.893982e-01	4.585655e-06
1.773421489163709e-04	-2.703671e-01	3.641147e-06
1.873421489163709e-04	-2.517865e-01	4.440032e-06
1.973421489163709e-04	-2.336600e-01	3.495036e-06
2.073421489163709e-04	-2.159882e-01	4.295699e-06
2.173421489163709e-04	-1.987684e-01	3.349787e-06
2.273421489163709e-04	-1.819973e-01	4.152883e-06
2.373421489163709e-04	-1.657524e-01	3.206275e-06
2.473421489163708e-04	-1.506197e-01	3.974040e-06
2.573421489163709e-04	-1.370978e-01	2.823607e-06
2.611319662619012e-04	-1.324046e-01	3.757595e-06
2.632182291999749e-04	-1.298449e-01	2.867033e-06
2.647587534200039e-04	-1.279287e-01	3.738650e-06
2.658795547674471e-04	-1.265442e-01	2.842650e-06
2.670985092650331e-04	-1.250570e-01	3.709087e-06
2.687087760408092e-04	-1.231308e-01	2.806711e-06
2.714743536579167e-04	-1.199150e-01	3.646523e-06
2.744380725836495e-04	-1.166065e-01	2.722504e-06
2.783770127464330e-04	-1.124358e-01	3.542634e-06
2.825960320732950e-04	-1.082656e-01	2.601726e-06
2.889640579006197e-04	-1.024907e-01	3.390066e-06
2.959864032731150e-04	-9.677577e-02	2.419543e-06
3.057716841680767e-04	-8.978724e-02	3.174339e-06
3.157716841680766e-04	-8.358979e-02	2.185245e-06
3.257716841680767e-04	-7.825637e-02	2.956247e-06
3.357716841680766e-04	-7.364345e-02	1.983888e-06
3.457716841680767e-04	-6.962943e-02	2.768642e-06
3.557716841680766e-04	-6.611896e-02	1.807341e-06
3.657716841680767e-04	-6.303072e-02	2.603464e-06
3.757716841680766e-04	-6.029797e-02	1.651281e-06
3.857716841680767e-04	-5.786657e-02	2.454915e-06
3.957716841680766e-04	-5.569363e-02	1.509806e-06
4.057716841680767e-04	-5.374146e-02	2.319351e-06
4.157716841680766e-04	-5.198073e-02	1.379981e-06
4.257716841680767e-04	-5.038619e-02	2.194363e-06
4.357716841680766e-04	-4.893661e-02	1.259825e-06
4.457716841680767e-04	-4.761386e-02	2.078303e-06
4.557716841680766e-04	-4.640341e-02	1.147956e-06
4.657716841680767e-04	-4.529214e-02	1.969999e-06
4.757716841680766e-04	-4.426479e-02	1.043372e-06
4.857716841680767e-04	-4.325795e-02	1.870411e-06
4.957716841680767e-04	-4.218292e-02	9.690004e-07
5.057716841680766e-04	-4.103518e-02	1.793446e-06
5.157716841680766e-04	-3.987694e-02	8.852594e-07
5.257716841680766e-04	-3.875732e-02	1.706558e-06
5.357716841680767e-04	-3.770304e-02	7.979283e-07
5.457716841680766e-04	-3.672504e-02	1.619863e-06
5.557716841680766e-04	-3.582597e-02	7.130056e-07
5.657716841680766e-04	-3.500438e-02	1.536817e-06
5.757716841680767e-04	-3.425598e-02	6.323682e-07
5.857716841680766e-04	-3.357482e-02	1.458361e-06
5.957716841680766e-04	-3.295636e-02	5.564098e-07
6.057716841680766e-04	-3.239369e-02	1.384567e-06
6.157716841680767e-04	-3.188252e-02	4.850198e-07
6.257716841680766e-04	-3.141737e-02	1.315222e-06
6.357716841680766e-04	-3.099346e-02	4.179334e-07
6.457716841680766e-04	-3.060699e-02	1.250037e-06
6.557716841680767e-04	-3.025484e-02	3.548567e-07
6.657716841680766e-04	-2.993274e-02	1.188721e-06
6.757716841680766e-04	-2.963829e-02	2.955088e-07
6.857716841680766e-04	-2.936864e-02	1.131005e-06
6.957716841680767e-04	-2.912164e-02	2.396328e-07
7.057716841680766e-04	-2.889490e-02	1.076644e-06
7.157716841680766e-04	-2.868676e-02	1.869969e-07
7.257716841680766e-04	-2.849579e-02	1.025417e-06
7.357716841680767e-04	-2.831960e-02	1.373915e-07
7.457716841680766e-04	-2.815771e-02	9.771242e-07
7.557716841680766e-04	-2.800822e-02	9.062639e-08
7.657716841680766e-04	-2.787066e-02	9.315844e-07
7.757716841680767e-04	-2.774358e-02	4.652762e-08
7.857716841680766e-04	-2.762651e-02	8.886304e-07
7.957716841680766e-04	-2.751851e-02	4.935240e-09
8.057716841680766e-04	-2.741838e-02	8.481082e-07
8.157716841680767e-04	-2.732563e-02	-3.429873e-08
8.257716841680766e-04	-2.724004e-02	8.098753e-07
8.357716841680766e-04	-2.716088e-02	-7.131175e-08
8.457716841680766e-04	-2.708745e-02	7.737988e-07
8.557716841680766e-04	-2.701950e-02	-1.062321e-07
8.657716841680766e-04	-2.695632e-02	7.397546e-07
8.757716841680766e-04	-2.689791e-02	-1.391795e-07
8.857716841680766e-04	-2.684379e-02	7.076266e-07
8.957716841680766e-04	-2.679348e-02	-1.702666e-07
9.057716841680766e-04	-2.674699e-02	6.773058e-07
9.157716841680766e-04	-2.670360e-02	-1.995989e-07
9.257716841680766e-04	-2.666330e-02	6.486899e-07
9.357716841680766e-04	-2.662611e-02	-2.272755e-07
9.457716841680766e-04	-2.659154e-02	6.216824e-07
9.557716841680766e-04	-2.655935e-02	-2.533900e-07
9.657716841680766e-04	-2.652931e-02	5.961927e-07
9.757716841680766e-04	-2.650118e-02	-2.780303e-07
9.857716841680767e-04	-2.647567e-02	5.721353e-07
9.957716841680767e-04	-2.645135e-02	-3.012794e-07
1.005771684168076e-03	-2.642918e-02	5.494297e-07
1.015771684168077e-03	-2.640820e-02	-3.232157e-07
1.025771684168077e-03	-2.638888e-02	5.279997e-07
1.035771684168077e-03	-2.637100e-02	-3.439127e-07
1.045771684168077e-03	-2.635407e-02	5.077737e-07
1.055771684168077e-03	-2.633858e-02	-3.634403e-07
1.065771684168077e-03	-2.632403e-02	4.886840e-07
1.075771684168077e-03	-2.631068e-02	-3.818641e-07
1.085771684168076e-03	-2.629805e-02	4.706667e-07
1.095771684168077e-03	-2.628636e-02	-3.992461e-07
1.105771684168077e-03	-2.627540e-02	4.536616e-07
1.115771684168077e-03	-2.626514e-02	-4.156449e-07
1.125771684168077e-03	-2.625585e-02	4.376118e-07
1.135771684168077e-03	-2.624702e-02	-4.311159e-07
1.145771684168077e-03	-2.623892e-02	4.224636e-07
1.155771684168077e-03	-2.623129e-02	-4.457110e-07
1.165771684168076e-03	-2.622414e-02	4.081662e-07
1.175771684168077e-03	-2.621746e-02	-4.594797e-07
1.185771684168077e-03	-2.621126e-02	3.946717e-07
1.195771684168077e-03	-2.620578e-02	-4.724684e-07
1.205771684168077e-03	-2.620029e-02	3.819351e-07
1.215771684168077e-03	-2.619529e-02	-4.847210e-07
1.225771684168077e-03	-2.619076e-02	3.699136e-07
1.235771684168077e-03	-2.618647e-02	-4.962789e-07
1.245771684168076e-03	-2.618241e-02	3.585670e-07
1.255771684168077e-03	-2.617860e-02	-5.071813e-07
1.265771684168077e-03	-2.617502e-02	3.478572e-07
1.275771684168077e-03	-2.617192e-02	-5.174651e-07
1.285771684168077e-03	-2.616858e-02	3.377484e-07
1.295771684168077e-03	-2.616572e-02	-5.271651e-07
1.305771684168077e-03	-2.616310e-02	3.282067e-07
1.315771684168077e-03	-2.616096e-02	-5.363143e-07
1.325771684168076e-03	-2.615833e-02	3.192002e-07
1.335771684168076e-03	-2.615619e-02	-5.449436e-07
1.345771684168077e-03	-2.615452e-02	3.106987e-07
1.355771684168077e-03	-2.615237e-02	-5.530825e-07
1.365771684168077e-03	-2.615070e-02	3.026737e-07
1.375771684168077e-03	-2.614927e-02	-5.607585e-07
1.385771684168077e-03	-2.614784e-02	2.950983e-07
1.395771684168077e-03	-2.614617e-02	-5.679978e-07
1.405771684168076e-03	-2.614498e-02	2.879471e-07
1.415771684168076e-03	-2.614379e-02	-5.748250e-07
1.425771684168077e-03	-2.614260e-02	2.811963e-07
1.435771684168077e-03	-2.614141e-02	-5.812634e-07
1.445771684168077e-03	-2.614045e-02	2.748232e-07
1.455771684168077e-03	-2.613950e-02	-5.873348e-07
1.465771684168077e-03	-2.613878e-02	2.688065e-07
1.475771684168077e-03	-2.613783e-02	-5.930601e-07
1.485771684168076e-03	-2.613688e-02	2.631261e-07
1.495771684168076e-03	-2.613640e-02	-5.984588e-07
1.505771684168077e-03	-2.613568e-02	2.577630e-07
1.515771684168077e-03	-2.613473e-02	-6.035493e-07
1.525771684168077e-03	-2.613449e-02	2.526993e-07
1.535771684168077e-03	-2.613401e-02	-6.083490e-07
1.545771684168077e-03	-2.613354e-02	2.479181e-07
1.555771684168077e-03	-2.613282e-02	-6.128743e-07
1.565771684168076e-03	-2.613258e-02	2.434034e-07
1.575771684168076e-03	-2.613235e-02	-6.171408e-07
1.585771684168077e-03	-2.613187e-02	2.391401e-07
1.595771684168077e-03	-2.613139e-02	-6.211629e-07
1.605771684168077e-03	-2.613091e-02	2.351142e-07
1.615771684168077e-03	-2.613068e-02	-6.249547e-07
1.625771684168077e-03	-2.613044e-02	2.313120e-07
1.635771684168077e-03	-2.613020e-02	-6.285291e-07
1.645771684168076e-03	-2.612996e-02	2.277211e-07
1.655771684168076e-03	-2.612972e-02	-6.318983e-07
1.665771684168076e-03	-2.612925e-02	2.243295e-07
1.675771684168077e-03	-2.612925e-02	-6.350740e-07
1.685771684168077e-03	-2.612877e-02	2.211259e-07
1.695771684168077e-03	-2.612877e-02	-6.380671e-07
1.705771684168077e-03	-2.612853e-02	2.180996e-07
1.715771684168077e-03	-2.612829e-02	-6.408879e-07
1.725771684168076e-03	-2.612829e-02	2.152408e-07
1.735771684168076e-03	-2.612805e-02	-6.435461e-07
1.745771684168076e-03	-2.612805e-02	2.125398e-07
1.755771684168077e-03	-2.612782e-02	-6.460510e-07
1.765771684168077e-03	-2.612782e-02	2.099879e-07
1.775771684168077e-03	-2.612782e-02	-6.484111e-07
1.785771684168077e-03	-2.612782e-02	2.075765e-07
1.795771684168077e-03	-2.612758e-02	-6.506348e-07
1.805771684168076e-03	-2.612758e-02	2.052977e-07
1.815771684168076e-03	-2.612734e-02	-6.527296e-07
1.825771684168076e-03	-2.612710e-02	2.031440e-07
1.835771684168077e-03	-2.612710e-02	-6.547029e-07
1.845771684168077e-03	-2.612710e-02	2.011085e-07
1.855771684168077e-03	-2.612686e-02	-6.565616e-07
1.865771684168077e-03	-2.612686e-02	1.991843e-07
1.875771684168077e-03	-2.612686e-02	-6.583120e-07
1.885771684168076e-03	-2.612686e-02	1.973652e-07
1.895771684168076e-03	-2.612662e-02	-6.599604e-07
1.905771684168076e-03	-2.612662e-02	1.956452e-07
1.915771684168076e-03	-2.612662e-02	-6.615126e-07
1.925771684168077e-03	-2.612662e-02	1.940188e-07
1.935771684168077e-03	-2.612662e-02	-6.629738e-07
1.945771684168077e-03	-2.612638e-02	1.924807e-07
1.955771684168077e-03	-2.612638e-02	-6.643494e-07
1.965771684168077e-03	-2.612638e-02	1.910258e-07
1.975771684168077e-03	-2.612638e-02	-6.656441e-07
1.985771684168077e-03	-2.612638e-02	1.896495e-07
1.995771684168077e-03	-2.612615e-02	-6.668624e-07
2.005771684168076e-03	-2.612638e-02	1.883474e-07
2.015771684168076e-03	-2.612615e-02	-6.680088e-07
2.025771684168076e-03	-2.612638e-02	1.871152e-07
2.035771684168076e-03	-2.612615e-02	-6.690872e-07
2.045771684168076e-03	-2.612638e-02	1.859490e-07
2.055771684168076e-03	-2.612591e-02	-6.701016e-07
2.065771684168076e-03	-2.612615e-02	1.848450e-07
2.075771684168076e-03	-2.612591e-02	-6.710555e-07
2.085771684168077e-03	-2.612615e-02	1.837999e-07
2.095771684168077e-03	-2.612591e-02	-6.719523e-07
2.105771684168077e-03	-2.612591e-02	1.828101e-07
2.115771684168077e-03	-2.612615e-02	-6.727953e-07
2.125771684168077e-03	-2.612615e-02	1.818727e-07
2.135771684168077e-03	-2.612615e-02	-6.735875e-07
2.145771684168077e-03	-2.612615e-02	1.809846e-07
2.155771684168077e-03	-2.612615e-02	-6.743318e-07
2.165771684168076e-03	-2.612615e-02	1.801431e-07
2.175771684168076e-03	-2.612615e-02	-6.750309e-07
2.185771684168076e-03	-2.612615e-02	1.793455e-07
2.195771684168076e-03	-2.612591e-02	-6.756873e-07
2.205771684168076e-03	-2.612591e-02	1.785893e-07
2.215771684168076e-03	-2.612591e-02	-6.763034e-07
2.225771684168076e-03	-2.612567e-02	1.778723e-07
2.235771684168076e-03	-2.612591e-02	-6.768816e-07
2.245771684168076e-03	-2.612567e-02	1.771922e-07
2.255771684168077e-03	-2.612591e-02	-6.774239e-07
2.265771684168077e-03	-2.612567e-02	1.765469e-07
2.275771684168077e-03	-2.612591e-02	-6.779325e-07
2.285771684168077e-03	-2.612591e-02	1.759345e-07
2.295771684168077e-03	-2.612591e-02	-6.784091e-07
2.305771684168077e-03	-2.612591e-02	1.753531e-07
2.315771684168077e-03	-2.612591e-02	-6.788556e-07
2.325771684168076e-03	-2.612567e-02	1.748009e-07
2.335771684168076e-03	-2.612591e-02	-6.792737e-07
2.345771684168076e-03	-2.612591e-02	1.742764e-07
2.355771684168076e-03	-2.612567e-02	-6.796650e-07
2.365771684168076e-03	-2.612591e-02	1.737779e-07
2.375771684168076e-03	-2.612567e-02	-6.800310e-07
2.385771684168076e-03	-2.612591e-02	1.733040e-07
2.395771684168076e-03	-2.612567e-02	-6.803731e-07
2.405771684168076e-03	-2.612591e-02	1.728533e-07
2.415771684168077e-03	-2.612567e-02	-6.806927e-07
2.425771684168077e-03	-2.612591e-02	1.724245e-07
2.435771684168077e-03	-2.612567e-02	-6.809911e-07
2.445771684168077e-03	-2.612591e-02	1.720164e-07
2.455771684168077e-03	-2.612567e-02	-6.812694e-07
2.465771684168077e-03	-2.612567e-02	1.716277e-07
2.475771684168077e-03	-2.612567e-02	-6.815288e-07
2.485771684168076e-03	-2.612567e-02	1.712574e-07
2.495771684168076e-03	-2.612591e-02	-6.817703e-07
2.505771684168076e-03	-2.612567e-02	1.709045e-07
2.515771684168076e-03	-2.612567e-02	-6.819949e-07
2.525771684168076e-03	-2.612591e-02	1.705680e-07
2.535771684168076e-03	-2.612567e-02	-6.822037e-07
2.545771684168076e-03	-2.612567e-02	1.702470e-07
2.555771684168076e-03	-2.612567e-02	-6.823975e-07
2.565771684168076e-03	-2.612567e-02	1.699405e-07
2.575771684168076e-03	-2.612567e-02	-6.825771e-07
2.585771684168077e-03	-2.612591e-02	1.696478e-07
2.595771684168077e-03	-2.612567e-02	-6.827433e-07
2.605771684168077e-03	-2.612567e-02	1.693681e-07
2.615771684168077e-03	-2.612567e-02	-6.828970e-07
2.625771684168077e-03	-2.612567e-02	1.691007e-07
2.635771684168077e-03	-2.612567e-02	-6.830387e-07
2.645771684168076e-03	-2.612567e-02	1.688448e-07
2.655771684168076e-03	-2.612567e-02	-6.831692e-07
2.665771684168076e-03	-2.612567e-02	1.685999e-07
2.675771684168076e-03	-2.612567e-02	-6.832892e-07
2.685771684168076e-03	-2.612567e-02	1.683653e-07
2.695771684168076e-03	-2.612567e-02	-6.833990e-07
2.705771684168076e-03	-2.612567e-02	1.681404e-07
2.715771684168076e-03	-2.612567e-02	-6.834995e-07
2.725771684168076e-03	-2.612543e-02	1.679248e-07
2.735771684168076e-03	-2.612567e-02	-6.835911e-07
2.745771684168077e-03	-2.612567e-02	1.677177e-07
2.755771684168077e-03	-2.612567e-02	-6.836742e-07
2.765771684168077e-03	-2.612567e-02	1.675189e-07
2.775771684168077e-03	-2.612543e-02	-6.837494e-07
2.785771684168077e-03	-2.612567e-02	1.673278e-07
2.795771684168077e-03	-2.612567e-02	-6.838171e-07
2.805771684168076e-03	-2.612567e-02	1.671440e-07
2.815771684168076e-03	-2.612567e-02	-6.838777e-07
2.825771684168076e-03	-2.612567e-02	1.669670e-07
2.835771684168076e-03	-2.612543e-02	-6.839317e-07
2.845771684168076e-03	-2.612543e-02	1.667966e-07
2.855771684168076e-03	-2.612567e-02	-6.839794e-07
2.865771684168076e-03	-2.612567e-02	1.666323e-07
2.875771684168076e-03	-2.612567e-02	-6.840211e-07
2.885771684168076e-03	-2.612567e-02	1.664738e-07
2.895771684168076e-03	-2.612567e-02	-6.840572e-07
2.905771684168076e-03	-2.612567e-02	1.663208e-07
2.915771684168077e-03	-2.612543e-02	-6.840880e-07
2.925771684168077e-03	-2.612543e-02	1.661729e-07
2.935771684168077e-03	-2.612567e-02	-6.841138e-07
2.945771684168077e-03	-2.612567e-02	1.660299e-07
2.955771684168077e-03	-2.612567e-02	-6.841349e-07
2.965771684168076e-03	-2.612567e-02	1.658915e-07
2.975771684168076e-03	-2.612591e-02	-6.841515e-07
2.985771684168076e-03	-2.612567e-02	1.657574e-07
2.995771684168076e-03	-2.612567e-02	-6.841639e-07
3.005771684168076e-03	-2.612543e-02	1.656275e-07
3.015771684168076e-03	-2.612543e-02	-6.841724e-07
3.025771684168076e-03	-2.612543e-02	1.655014e-07
3.035771684168076e-03	-2.612567e-02	-6.841771e-07
3.045771684168076e-03	-2.612567e-02	1.653789e-07
3.055771684168076e-03	-2.612567e-02	-6.841782e-07
3.065771684168076e-03	-2.612567e-02	1.652600e-07
3.075771684168077e-03	-2.612567e-02	-6.841761e-07
3.085771684168077e-03	-2.612567e-02	1.651442e-07
3.095771684168077e-03	-2.612591e-02	-6.841708e-07
3.105771684168077e-03	-2.612567e-02	1.650316e-07
3.115771684168077e-03	-2.612567e-02	-6.841625e-07
3.125771684168076e-03	-2.612543e-02	1.649219e-07
3.135771684168076e-03	-2.612543e-02	-6.841514e-07
3.145771684168076e-03	-2.612543e-02	1.648149e-07
3.155771684168076e-03	-2.612543e-02	-6.841376e-07
3.165771684168076e-03	-2.612543e-02	1.647105e-07
3.175771684168076e-03	-2.612567e-02	-6.841213e-07
3.185771684168076e-03	-2.612567e-02	1.646086e-07
3.195771684168076e-03	-2.612567e-02	-6.841027e-07
3.205771684168076e-03	-2.612567e-02	1.645089e-07
3.215771684168076e-03	-2.612567e-02	-6.840818e-07
3.225771684168076e-03	-2.612567e-02	1.644115e-07
3.235771684168076e-03	-2.612567e-02	-6.840588e-07
3.245771684168077e-03	-2.612567e-02	1.643161e-07
3.255771684168077e-03	-2.612567e-02	-6.840339e-07
3.265771684168077e-03	-2.612591e-02	1.642227e-07
3.275771684168077e-03	-2.612567e-02	-6.840070e-07
3.285771684168076e-03	-2.612567e-02	1.641311e-07
3.295771684168076e-03	-2.612543e-02	-6.839784e-07
3.305771684168076e-03	-2.612543e-02	1.640413e-07
3.315771684168076e-03	-2.612543e-02	-6.839481e-07
3.325771684168076e-03	-2.612543e-02	1.639531e-07
3.335771684168076e-03	-2.612543e-02	-6.839162e-07
3.345771684168076e-03	-2.612543e-02	1.638664e-07
3.355771684168076e-03	-2.612543e-02	-6.838828e-07
3.365771684168076e-03	-2.612543e-02	1.637812e-07
3.375771684168076e-03	-2.612543e-02	-6.838480e-07
3.385771684168076e-03	-2.612543e-02	1.636974e-07
3.395771684168076e-03	-2.612567e-02	-6.838119e-07
3.405771684168077e-03	-2.612567e-02	1.636150e-07
3.415771684168077e-03	-2.612567e-02	-6.837745e-07
3.425771684168077e-03	-2.612567e-02	1.635337e-07
3.435771684168077e-03	-2.612567e-02	-6.837359e-07
3.445771684168076e-03	-2.612567e-02	1.634536e-07
3.455771684168076e-03	-2.612567e-02	-6.836962e-07
3.465771684168076e-03	-2.612567e-02	1.633747e-07
3.475771684168076e-03	-2.612567e-02	-6.836555e-07
3.485771684168076e-03	-2.612567e-02	1.632968e-07
3.495771684168076e-03	-2.612567e-02	-6.836137e-07
3.505771684168076e-03	-2.612567e-02	1.632198e-07
3.515771684168076e-03	-2.612567e-02	-6.835710e-07
3.525771684168076e-03	-2.612567e-02	1.631438e-07
3.535771684168076e-03	-2.612567e-02	-6.835274e-07
3.545771684168076e-03	-2.612567e-02	1.630687e-07
3.555771684168076e-03	-2.612567e-02	-6.834829e-07
3.565771684168076e-03	-2.612567e-02	1.629944e-07
3.575771684168077e-03	-2.612567e-02	-6.834377e-07
3.585771684168077e-03	-2.612591e-02	1.629210e-07
3.595771684168077e-03	-2.612591e-02	-6.833916e-07
3.605771684168076e-03	-2.612591e-02	1.628482e-07
3.615771684168076e-03	-2.612567e-02	-6.833449e-07
3.625771684168076e-03	-2.612567e-02	1.627762e-07
3.635771684168076e-03	-2.612567e-02	-6.832976e-07
3.645771684168076e-03	-2.612567e-02	1.627048e-07
3.655771684168076e-03	-2.612543e-02	-6.832495e-07
3.665771684168076e-03	-2.612543e-02	1.626341e-07
3.675771684168076e-03	-2.612543e-02	-6.832009e-07
3.685771684168076e-03	-2.612543e-02	1.625640e-07
3.695771684168076e-03	-2.612543e-02	-6.831517e-07
3.705771684168076e-03	-2.612543e-02	1.624944e-07
3.715771684168076e-03	-2.612543e-02	-6.831020e-07
3.725771684168076e-03	-2.612543e-02	1.624254e-07
3.735771684168077e-03	-2.612543e-02	-6.830518e-07
3.745771684168077e-03	-2.612543e-02	1.623568e-07
3.755771684168077e-03	-2.612543e-02	-6.830011e-07
3.765771684168076e-03	-2.612543e-02	1.622888e-07
3.775771684168076e-03	-2.612543e-02	-6.829499e-07
3.785771684168076e-03	-2.612543e-02	1.622212e-07
3.795771684168076e-03	-2.612543e-02	-6.828983e-07
3.805771684168076e-03	-2.612543e-02	1.621541e-07
3.815771684168076e-03	-2.612543e-02	-6.828463e-07
3.825771684168076e-03	-2.612543e-02	1.620873e-07
3.835771684168076e-03	-2.612543e-02	-6.827939e-07
3.845771684168076e-03	-2.612543e-02	1.620209e-07
3.855771684168076e-03	-2.612543e-02	-6.827412e-07
3.865771684168076e-03	-2.612543e-02	1.619549e-07
3.875771684168076e-03	-2.612543e-02	-6.826881e-07
3.885771684168076e-03	-2.612543e-02	1.618893e-07
3.895771684168076e-03	-2.612543e-02	-6.826347e-07
3.905771684168077e-03	-2.612543e-02	1.618239e-07
3.915771684168077e-03	-2.612543e-02	-6.825810e-07
3.925771684168076e-03	-2.612543e-02	1.617589e-07
3.935771684168077e-03	-2.612543e-02	-6.825271e-07
3.945771684168076e-03	-2.612543e-02	1.616942e-07
3.955771684168077e-03	-2.612567e-02	-6.824728e-07
3.965771684168076e-03	-2.612567e-02	1.616297e-07
3.975771684168077e-03	-2.612567e-02	-6.824183e-07
3.985771684168076e-03	-2.612567e-02	1.615656e-07
3.995771684168077e-03	-2.612567e-02	-6.823635e-07
4.005771684168076e-03	-2.612567e-02	1.615016e-07
4.015771684168076e-03	-2.612567e-02	-6.823085e-07
4.025771684168076e-03	-2.612567e-02	1.614379e-07
4.035771684168076e-03	-2.612567e-02	-6.822533e-07
4.045771684168076e-03	-2.612567e-02	1.613744e-07
4.055771684168076e-03	-2.612567e-02	-6.821979e-07
4.065771684168077e-03	-2.612567e-02	1.613112e-07
4.075771684168076e-03	-2.612567e-02	-6.821423e-07
4.085771684168077e-03	-2.612567e-02	1.612481e-07
4.095771684168076e-03	-2.612567e-02	-6.820865e-07
4.105771684168077e-03	-2.612567e-02	1.611853e-07
4.115771684168076e-03	-2.612567e-02	-6.820305e-07
4.125771684168077e-03	-2.612567e-02	1.611226e-07
4.135771684168076e-03	-2.612567e-02	-6.819744e-07
4.145771684168077e-03	-2.612567e-02	1.610601e-07
4.155771684168076e-03	-2.612567e-02	-6.819182e-07
4.165771684168076e-03	-2.612567e-02	1.609977e-07
4.175771684168076e-03	-2.612567e-02	-6.818618e-07
4.185771684168076e-03	-2.612567e-02	1.609355e-07
4.195771684168076e-03	-2.612567e-02	-6.818052e-07
4.205771684168076e-03	-2.612567e-02	1.608735e-07
4.215771684168076e-03	-2.612567e-02	-6.817485e-07
4.225771684168076e-03	-2.612567e-02	1.608116e-07
4.235771684168077e-03	-2.612567e-02	-6.816917e-07
4.245771684168076e-03	-2.612567e-02	1.607498e-07
4.255771684168077e-03	-2.612567e-02	-6.816348e-07
4.265771684168076e-03	-2.612567e-02	1.606882e-07
4.275771684168077e-03	-2.612567e-02	-6.815778e-07
4.285771684168076e-03	-2.612567e-02	1.606267e-07
4.295771684168077e-03	-2.612567e-02	-6.815206e-07
4.305771684168076e-03	-2.612567e-02	1.605653e-07
4.315771684168077e-03	-2.612567e-02	-6.814633e-07
4.325771684168076e-03	-2.612567e-02	1.605040e-07
4.335771684168076e-03	-2.612567e-02	-6.814060e-07
4.345771684168076e-03	-2.612567e-02	1.604428e-07
4.355771684168076e-03	-2.612567e-02	-6.813486e-07
4.365771684168076e-03	-2.612567e-02	1.603817e-07
4.375771684168076e-03	-2.612567e-02	-6.812912e-07
4.385771684168076e-03	-2.612567e-02	1.603207e-07
4.395771684168076e-03	-2.612567e-02	-6.812336e-07
4.405771684168077e-03	-2.612567e-02	1.602598e-07
4.415771684168076e-03	-2.612567e-02	-6.811759e-07
4.425771684168077e-03	-2.612567e-02	1.601990e-07
4.435771684168076e-03	-2.612567e-02	-6.811182e-07
4.445771684168077e-03	-2.612567e-02	1.601382e-07
4.455771684168076e-03	-2.612567e-02	-6.810604e-07
4.465771684168077e-03	-2.612567e-02	1.600776e-07
4.475771684168076e-03	-2.612567e-02	-6.810026e-07
4.485771684168076e-03	-2.612567e-02	1.600170e-07
4.495771684168076e-03	-2.612567e-02	-6.809447e-07
4.505771684168076e-03	-2.612567e-02	1.599565e-07
4.515771684168076e-03	-2.612567e-02	-6.808867e-07
4.525771684168076e-03	-2.612567e-02	1.598960e-07
4.535771684168076e-03	-2.612567e-02	-6.808287e-07
4.545771684168076e-03	-2.612567e-02	1.598357e-07
4.555771684168076e-03	-2.612567e-02	-6.807707e-07
4.565771684168076e-03	-2.612567e-02	1.597753e-07
4.575771684168077e-03	-2.612567e-02	-6.807126e-07
4.585771684168076e-03	-2.612567e-02	1.597151e-07
4.595771684168077e-03	-2.612567e-02	-6.806544e-07
4.605771684168076e-03	-2.612567e-02	1.596549e-07
4.615771684168077e-03	-2.612567e-02	-6.805963e-07
4.625771684168076e-03	-2.612567e-02	1.595947e-07
4.635771684168077e-03	-2.612567e-02	-6.805381e-07
4.645771684168076e-03	-2.612567e-02	1.595346e-07
4.655771684168076e-03	-2.612567e-02	-6.804798e-07
4.665771684168076e-03	-2.612567e-02	1.594746e-07
4.675771684168076e-03	-2.612567e-02	-6.804215e-07
4.685771684168076e-03	-2.612567e-02	1.594146e-07
4.695771684168076e-03	-2.612567e-02	-6.803631e-07
4.705771684168076e-03	-2.612567e-02	1.593546e-07
4.715771684168076e-03	-2.612567e-02	-6.803048e-07
4.725771684168076e-03	-2.612567e-02	1.592947e-07
4.735771684168076e-03	-2.612567e-02	-6.802464e-07
4.745771684168077e-03	-2.612567e-02	1.592348e-07
4.755771684168076e-03	-2.612567e-02	-6.801880e-07
4.765771684168077e-03	-2.612567e-02	1.591750e-07
4.775771684168076e-03	-2.612567e-02	-6.801296e-07
4.785771684168077e-03	-2.612567e-02	1.591152e-07
4.795771684168076e-03	-2.612567e-02	-6.800711e-07
4.805771684168076e-03	-2.612567e-02	1.590554e-07
4.815771684168076e-03	-2.612567e-02	-6.800126e-07
4.825771684168076e-03	-2.612567e-02	1.589957e-07
4.835771684168076e-03	-2.612567e-02	-6.799542e-07
4.845771684168076e-03	-2.612567e-02	1.589360e-07
4.855771684168076e-03	-2.612567e-02	-6.798957e-07
4.865771684168076e-03	-2.612567e-02	1.588764e-07
4.875771684168076e-03	-2.612567e-02	-6.798371e-07
4.885771684168076e-03	-2.612567e-02	1.588167e-07
4.895771684168077e-03	-2.612567e-02	-6.797786e-07
4.905771684168076e-03	-2.612567e-02	1.587571e-07
4.915771684168077e-03	-2.612567e-02	-6.797200e-07
4.925771684168076e-03	-2.612567e-02	1.586976e-07
4.935771684168077e-03	-2.612567e-02	-6.796614e-07
4.945771684168076e-03	-2.612567e-02	1.586381e-07
4.955771684168077e-03	-2.612567e-02	-6.796028e-07
4.965771684168076e-03	-2.612567e-02	1.585785e-07
4.975771684168076e-03	-2.612567e-02	-6.795442e-07
4.985771684168076e-03	-2.612567e-02	1.585191e-07
4.995771684168076e-03	-2.612567e-02	-6.794856e-07
5.005771684168076e-03	-2.612567e-02	1.584596e-07
5.015771684168076e-03	-2.612567e-02	-6.794270e-07
5.025771684168076e-03	-2.612567e-02	1.584002e-07
5.035771684168076e-03	-2.612567e-02	-6.793683e-07
5.045771684168076e-03	-2.612567e-02	1.583408e-07
5.055771684168076e-03	-2.612567e-02	-6.793097e-07
5.065771684168077e-03	-2.612567e-02	1.582814e-07
5.075771684168076e-03	-2.612567e-02	-6.792511e-07
5.085771684168077e-03	-2.612567e-02	1.582220e-07
5.095771684168076e-03	-2.612567e-02	-6.791924e-07
5.105771684168077e-03	-2.612567e-02	1.581627e-07
5.115771684168076e-03	-2.612567e-02	-6.791337e-07
5.125771684168076e-03	-2.612567e-02	1.581034e-07
5.135771684168076e-03	-2.612567e-02	-6.790750e-07
5.145771684168076e-03	-2.612567e-02	1.580441e-07
5.155771684168076e-03	-2.612567e-02	-6.790164e-07
5.165771684168076e-03	-2.612567e-02	1.579848e-07
5.175771684168076e-03	-2.612567e-02	-6.789577e-07
5.185771684168076e-03	-2.612567e-02	1.579255e-07
5.195771684168076e-03	-2.612567e-02	-6.788990e-07
5.205771684168076e-03	-2.612567e-02	1.578663e-07
5.215771684168076e-03	-2.612567e-02	-6.788403e-07
5.225771684168076e-03	-2.612567e-02	1.578071e-07
5.235771684168077e-03	-2.612567e-02	-6.787816e-07
5.245771684168076e-03	-2.612567e-02	1.577479e-07
5.255771684168077e-03	-2.612567e-02	-6.787229e-07
5.265771684168076e-03	-2.612567e-02	1.576887e-07
5.275771684168077e-03	-2.612567e-02	-6.786642e-07
5.285771684168076e-03	-2.612567e-02	1.576295e-07
5.295771684168076e-03	-2.612567e-02	-6.786055e-07
5.305771684168076e-03	-2.612567e-02	1.575704e-07
5.315771684168076e-03	-2.612567e-02	-6.785468e-07
5.325771684168076e-03	-2.612567e-02	1.575112e-07
5.335771684168076e-03	-2.612567e-02	-6.784881e-07
5.345771684168076e-03	-2.612567e-02	1.574521e-07
5.355771684168076e-03	-2.612567e-02	-6.784294e-07
5.365771684168076e-03	-2.612567e-02	1.573930e-07
5.375771684168076e-03	-2.612567e-02	-6.783707e-07
5.385771684168076e-03	-2.612567e-02	1.573339e-07
5.395771684168076e-03	-2.612567e-02	-6.783119e-07
5.405771684168077e-03	-2.612567e-02	1.572748e-07
5.415771684168076e-03	-2.612567e-02	-6.782533e-07
5.425771684168077e-03	-2.612567e-02	1.572158e-07
5.435771684168076e-03	-2.612567e-02	-6.781946e-07
5.445771684168076e-03	-2.612567e-02	1.571567e-07
5.455771684168076e-03	-2.612567e-02	-6.781358e-07
5.465771684168076e-03	-2.612567e-02	1.570977e-07
5.475771684168076e-03	-2.612567e-02	-6.780771e-07
5.485771684168076e-03	-2.612567e-02	1.570386e-07
5.495771684168076e-03	-2.612567e-02	-6.780184e-07
5.505771684168076e-03	-2.612567e-02	1.569796e-07
5.515771684168076e-03	-2.612567e-02	-6.779597e-07
5.525771684168076e-03	-2.612567e-02	1.569206e-07
5.535771684168076e-03	-2.612567e-02	-6.779010e-07
5.545771684168076e-03	-2.612567e-02	1.568617e-07
5.555771684168077e-03	-2.612567e-02	-6.778423e-07
5.565771684168076e-03	-2.612567e-02	1.568027e-07
5.575771684168077e-03	-2.612567e-02	-6.777836e-07
5.585771684168076e-03	-2.612567e-02	1.567437e-07
5.595771684168077e-03	-2.612567e-02	-6.777249e-07
5.605771684168076e-03	-2.612567e-02	1.566848e-07
5.615771684168076e-03	-2.612567e-02	-6.776663e-07
5.625771684168076e-03	-2.612567e-02	1.566258e-07
5.635771684168076e-03	-2.612567e-02	-6.776075e-07
5.645771684168076e-03	-2.612567e-02	1.565669e-07
5.655771684168076e-03	-2.612567e-02	-6.775489e-07
5.665771684168076e-03	-2.612567e-02	1.565080e-07
5.675771684168076e-03	-2.612567e-02	-6.774902e-07
5.685771684168076e-03	-2.612567e-02	1.564491e-07
5.695771684168076e-03	-2.612567e-02	-6.774315e-07
5.705771684168076e-03	-2.612567e-02	1.563902e-07
5.715771684168076e-03	-2.612567e-02	-6.773728e-07
5.725771684168077e-03	-2.612567e-02	1.563313e-07
5.735771684168076e-03	-2.612567e-02	-6.773142e-07
5.745771684168077e-03	-2.612567e-02	1.562725e-07
5.755771684168076e-03	-2.612567e-02	-6.772555e-07
5.765771684168076e-03	-2.612567e-02	1.562136e-07
5.775771684168076e-03	-2.612567e-02	-6.771969e-07
5.785771684168076e-03	-2.612567e-02	1.561548e-07
5.795771684168076e-03	-2.612567e-02	-6.771382e-07
5.805771684168076e-03	-2.612567e-02	1.560959e-07
5.815771684168076e-03	-2.612567e-02	-6.770795e-07
5.825771684168076e-03	-2.612567e-02	1.560371e-07
5.835771684168076e-03	-2.612567e-02	-6.770209e-07
5.845771684168076e-03	-2.612567e-02	1.559783e-07
5.855771684168076e-03	-2.612567e-02	-6.769622e-07
5.865771684168076e-03	-2.612567e-02	1.559195e-07
5.875771684168076e-03	-2.612567e-02	-6.769035e-07
5.885771684168076e-03	-2.612567e-02	1.558607e-07
5.895771684168077e-03	-2.612567e-02	-6.768449e-07
5.905771684168076e-03	-2.612567e-02	1.558019e-07
5.915771684168077e-03	-2.612567e-02	-6.767863e-07
5.925771684168076e-03	-2.612567e-02	1.557431e-07
5.935771684168076e-03	-2.612567e-02	-6.767277e-07
5.945771684168076e-03	-2.612567e-02	1.556844e-07
5.955771684168076e-03	-2.612567e-02	-6.766691e-07
5.965771684168076e-03	-2.612567e-02	1.556256e-07
5.975771684168076e-03	-2.612567e-02	-6.766104e-07
5.985771684168076e-03	-2.612567e-02	1.555669e-07
5.995771684168076e-03	-2.612567e-02	-6.765518e-07
6.005771684168076e-03	-2.612567e-02	1.555081e-07
6.015771684168076e-03	-2.612567e-02	-6.764932e-07
6.025771684168076e-03	-2.612567e-02	1.554494e-07
6.035771684168076e-03	-2.612567e-02	-6.764346e-07
6.045771684168076e-03	-2.612567e-02	1.553907e-07
6.055771684168076e-03	-2.612567e-02	-6.763760e-07
6.065771684168077e-03	-2.612567e-02	1.553320e-07
6.075771684168076e-03	-2.612567e-02	-6.763174e-07
6.085771684168076e-03	-2.612567e-02	1.552733e-07
6.095771684168076e-03	-2.612567e-02	-6.762588e-07
6.105771684168076e-03	-2.612567e-02	1.552146e-07
6.115771684168076e-03	-2.612567e-02	-6.762002e-07
6.125771684168076e-03	-2.612567e-02	1.551559e-07
6.135771684168076e-03	-2.612567e-02	-6.761417e-07
6.145771684168076e-03	-2.612567e-02	1.550972e-07
6.155771684168076e-03	-2.612567e-02	-6.760831e-07
6.165771684168076e-03	-2.612567e-02	1.550386e-07
6.175771684168076e-03	-2.612567e-02	-6.760245e-07
6.185771684168076e-03	-2.612567e-02	1.549799e-07
6.195771684168076e-03	-2.612567e-02	-6.759660e-07
6.205771684168076e-03	-2.612567e-02	1.549213e-07
6.215771684168077e-03	-2.612567e-02	-6.759074e-07
6.225771684168076e-03	-2.612567e-02	1.548626e-07
6.235771684168077e-03	-2.612567e-02	-6.758489e-07
6.245771684168076e-03	-2.612567e-02	1.548040e-07
6.255771684168076e-03	-2.612567e-02	-6.757903e-07
6.265771684168076e-03	-2.612567e-02	1.547454e-07
6.275771684168076e-03	-2.612567e-02	-6.757318e-07
6.285771684168076e-03	-2.612567e-02	1.546867e-07
6.295771684168076e-03	-2.612567e-02	-6.756732e-07
6.305771684168076e-03	-2.612567e-02	1.546282e-07
6.315771684168076e-03	-2.612567e-02	-6.756147e-07
6.325771684168076e-03	-2.612567e-02	1.545695e-07
6.335771684168076e-03	-2.612567e-02	-6.755562e-07
6.345771684168076e-03	-2.612567e-02	1.545110e-07
6.355771684168076e-03	-2.612567e-02	-6.754977e-07
6.365771684168076e-03	-2.612567e-02	1.544524e-07
6.375771684168076e-03	-2.612567e-02	-6.754392e-07
6.385771684168077e-03	-2.612567e-02	1.543938e-07
6.395771684168076e-03	-2.612567e-02	-6.753806e-07
6.405771684168076e-03	-2.612567e-02	1.543353e-07
6.415771684168076e-03	-2.612567e-02	-6.753222e-07
6.425771684168076e-03	-2.612567e-02	1.542767e-07
6.435771684168076e-03	-2.612567e-02	-6.752637e-07
6.445771684168076e-03	-2.612567e-02	1.542182e-07
6.455771684168076e-03	-2.612567e-02	-6.752052e-07
6.465771684168076e-03	-2.612567e-02	1.541596e-07
6.475771684168076e-03	-2.612567e-02	-6.751467e-07
6.485771684168076e-03	-2.612567e-02	1.541011e-07
6.495771684168076e-03	-2.612567e-02	-6.750882e-07
6.505771684168076e-03	-2.612567e-02	1.540426e-07
6.515771684168076e-03	-2.612567e-02	-6.750298e-07
6.525771684168076e-03	-2.612567e-02	1.539840e-07
6.535771684168076e-03	-2.612567e-02	-6.749713e-07
6.545771684168076e-03	-2.612567e-02	1.539255e-07
6.555771684168077e-03	-2.612567e-02	-6.749129e-07
6.565771684168076e-03	-2.612567e-02	1.538670e-07
6.575771684168076e-03	-2.612567e-02	-6.748544e-07
6.585771684168076e-03	-2.612567e-02	1.538086e-07
6.595771684168076e-03	-2.612567e-02	-6.747960e-07
6.605771684168076e-03	-2.612567e-02	1.537501e-07
6.615771684168076e-03	-2.612567e-02	-6.747376e-07
6.625771684168076e-03	-2.612567e-02	1.536916e-07
6.635771684168076e-03	-2.612567e-02	-6.746791e-07
6.645771684168076e-03	-2.612567e-02	1.536331e-07
6.655771684168076e-03	-2.612567e-02	-6.746207e-07
6.665771684168076e-03	-2.612567e-02	1.535747e-07
6.675771684168076e-03	-2.612567e-02	-6.745623e-07
6.685771684168076e-03	-2.612567e-02	1.535162e-07
6.695771684168076e-03	-2.612567e-02	-6.745039e-07
6.705771684168076e-03	-2.612567e-02	1.534578e-07
6.715771684168076e-03	-2.612567e-02	-6.744455e-07
6.725771684168076e-03	-2.612567e-02	1.533994e-07
6.735771684168076e-03	-2.612567e-02	-6.743871e-07
6.745771684168076e-03	-2.612567e-02	1.533409e-07
6.755771684168076e-03	-2.612567e-02	-6.743288e-07
6.765771684168076e-03	-2.612567e-02	1.532825e-07
6.775771684168076e-03	-2.612567e-02	-6.742704e-07
6.785771684168076e-03	-2.612567e-02	1.532241e-07
6.795771684168076e-03	-2.612567e-02	-6.742120e-07
6.805771684168076e-03	-2.612567e-02	1.531657e-07
6.815771684168076e-03	-2.612567e-02	-6.741536e-07
6.825771684168076e-03	-2.612567e-02	1.531073e-07
6.835771684168076e-03	-2.612567e-02	-6.740952e-07
6.845771684168076e-03	-2.612567e-02	1.530489e-07
6.855771684168076e-03	-2.612567e-02	-6.740369e-07
6.865771684168076e-03	-2.612567e-02	1.529905e-07
6.875771684168076e-03	-2.612567e-02	-6.739785e-07
6.885771684168076e-03	-2.612567e-02	1.529322e-07
6.895771684168076e-03	-2.612567e-02	-6.739202e-07
6.905771684168076e-03	-2.612567e-02	1.528738e-07
6.915771684168076e-03	-2.612567e-02	-6.738619e-07
6.925771684168076e-03	-2.612567e-02	1.528154e-07
6.935771684168076e-03	-2.612567e-02	-6.738036e-07
6.945771684168076e-03	-2.612567e-02	1.527571e-07
6.955771684168076e-03	-2.612567e-02	-6.737453e-07
6.965771684168076e-03	-2.612567e-02	1.526987e-07
6.975771684168076e-03	-2.612567e-02	-6.736869e-07
6.985771684168076e-03	-2.612567e-02	1.526404e-07
6.995771684168076e-03	-2.612567e-02	-6.736286e-07
7.005771684168076e-03	-2.612567e-02	1.525821e-07
7.015771684168076e-03	-2.612567e-02	-6.735704e-07
7.025771684168076e-03	-2.612567e-02	1.525238e-07
7.035771684168076e-03	-2.612567e-02	-6.735120e-07
7.045771684168076e-03	-2.612567e-02	1.524655e-07
7.055771684168076e-03	-2.612567e-02	-6.734538e-07
7.065771684168076e-03	-2.612567e-02	1.524072e-07
7.075771684168076e-03	-2.612567e-02	-6.733955e-07
7.085771684168076e-03	-2.612567e-02	1.523489e-07
7.095771684168076e-03	-2.612567e-02	-6.733372e-07
7.105771684168076e-03	-2.612567e-02	1.522906e-07
7.115771684168076e-03	-2.612567e-02	-6.732790e-07
7.125771684168076e-03	-2.612567e-02	1.522323e-07
7.135771684168076e-03	-2.612567e-02	-6.732207e-07
7.145771684168076e-03	-2.612567e-02	1.521740e-07
7.155771684168076e-03	-2.612567e-02	-6.731624e-07
7.165771684168076e-03	-2.612567e-02	1.521157e-07
7.175771684168076e-03	-2.612567e-02	-6.731042e-07
7.185771684168076e-03	-2.612567e-02	1.520575e-07
7.195771684168076e-03	-2.612567e-02	-6.730460e-07
7.205771684168076e-03	-2.612567e-02	1.519992e-07
7.215771684168076e-03	-2.612567e-02	-6.729878e-07
7.225771684168076e-03	-2.612567e-02	1.519410e-07
7.235771684168076e-03	-2.612567e-02	-6.729295e-07
7.245771684168076e-03	-2.612567e-02	1.518828e-07
7.255771684168076e-03	-2.612567e-02	-6.728713e-07
7.265771684168076e-03	-2.612567e-02	1.518245e-07
7.275771684168076e-03	-2.612567e-02	-6.728131e-07
7.285771684168076e-03	-2.612567e-02	1.517663e-07
7.295771684168076e-03	-2.612567e-02	-6.727549e-07
7.305771684168076e-03	-2.612567e-02	1.517081e-07
7.315771684168076e-03	-2.612567e-02	-6.726967e-07
7.325771684168076e-03	-2.612567e-02	1.516499e-07
7.335771684168076e-03	-2.612567e-02	-6.726385e-07
7.345771684168076e-03	-2.612567e-02	1.515917e-07
7.355771684168076e-03	-2.612567e-02	-6.725804e-07
7.365771684168076e-03	-2.612567e-02	1.515335e-07
7.375771684168076e-03	-2.612567e-02	-6.725222e-07
7.385771684168076e-03	-2.612567e-02	1.514753e-07
7.395771684168076e-03	-2.612567e-02	-6.724640e-07
7.405771684168076e-03	-2.612567e-02	1.514171e-07
7.415771684168076e-03	-2.612567e-02	-6.724059e-07
7.425771684168076e-03	-2.612567e-02	1.513590e-07
7.435771684168076e-03	-2.612567e-02	-6.723477e-07
7.445771684168076e-03	-2.612567e-02	1.513008e-07
7.455771684168076e-03	-2.612567e-02	-6.722896e-07
7.465771684168076e-03	-2.612567e-02	1.512427e-07
7.475771684168076e-03	-2.612567e-02	-6.722314e-07
7.485771684168076e-03	-2.612567e-02	1.511845e-07
7.495771684168076e-03	-2.612567e-02	-6.721733e-07
7.505771684168076e-03	-2.612567e-02	1.511264e-07
7.515771684168076e-03	-2.612567e-02	-6.721152e-07
7.525771684168076e-03	-2.612567e-02	1.510682e-07
7.535771684168076e-03	-2.612567e-02	-6.720570e-07
7.545771684168076e-03	-2.612567e-02	1.510101e-07
7.555771684168076e-03	-2.612567e-02	-6.719989e-07
7.565771684168076e-03	-2.612567e-02	1.509520e-07
7.575771684168076e-03	-2.612567e-02	-6.719408e-07
7.585771684168076e-03	-2.612567e-02	1.508939e-07
7.595771684168076e-03	-2.612567e-02	-6.718827e-07
7.605771684168076e-03	-2.612567e-02	1.508358e-07
7.615771684168076e-03	-2.612567e-02	-6.718246e-07
7.625771684168076e-03	-2.612567e-02	1.507777e-07
7.635771684168076e-03	-2.612567e-02	-6.717665e-07
7.645771684168076e-03	-2.612567e-02	1.507196e-07
7.655771684168076e-03	-2.612567e-02	-6.717085e-07
7.665771684168076e-03	-2.612567e-02	1.506615e-07
7.675771684168076e-03	-2.612567e-02	-6.716504e-07
7.685771684168076e-03	-2.612567e-02	1.506034e-07
7.695771684168076e-03	-2.612567e-02	-6.715924e-07
7.705771684168076e-03	-2.612567e-02	1.505454e-07
7.715771684168076e-03	-2.612567e-02	-6.715343e-07
7.725771684168076e-03	-2.612567e-02	1.504873e-07
7.735771684168076e-03	-2.612567e-02	-6.714762e-07
7.745771684168076e-03	-2.612567e-02	1.504293e-07
7.755771684168076e-03	-2.612567e-02	-6.714182e-07
7.765771684168076e-03	-2.612567e-02	1.503712e-07
7.775771684168076e-03	-2.612567e-02	-6.713602e-07
7.785771684168076e-03	-2.612567e-02	1.503132e-07
7.795771684168076e-03	-2.612567e-02	-6.713021e-07
7.805771684168076e-03	-2.612567e-02	1.502551e-07
7.815771684168075e-03	-2.612567e-02	-6.712442e-07
7.825771684168077e-03	-2.612567e-02	1.501971e-07
7.835771684168076e-03	-2.612567e-02	-6.711861e-07
7.845771684168076e-03	-2.612567e-02	1.501391e-07
7.855771684168076e-03	-2.612567e-02	-6.711281e-07
7.865771684168075e-03	-2.612567e-02	1.500811e-07
7.875771684168077e-03	-2.612567e-02	-6.710701e-07
7.885771684168076e-03	-2.612567e-02	1.500231e-07
7.895771684168076e-03	-2.612567e-02	-6.710121e-07
7.905771684168075e-03	-2.612567e-02	1.499651e-07
7.915771684168077e-03	-2.612567e-02	-6.709541e-07
7.925771684168076e-03	-2.612567e-02	1.499071e-07
7.935771684168076e-03	-2.612567e-02	-6.708962e-07
7.945771684168075e-03	-2.612567e-02	1.498491e-07
7.955771684168077e-03	-2.612567e-02	-6.708382e-07
7.965771684168076e-03	-2.612567e-02	1.497912e-07
7.975771684168076e-03	-2.612567e-02	-6.707803e-07
7.985771684168076e-03	-2.612567e-02	1.497332e-07
7.995771684168077e-03	-2.612567e-02	-6.707223e-07
8.005771684168076e-03	-2.612567e-02	1.496752e-07
8.015771684168076e-03	-2.612567e-02	-6.706643e-07
8.025771684168076e-03	-2.612567e-02	1.496173e-07
8.035771684168075e-03	-2.612567e-02	-6.706064e-07
8.045771684168077e-03	-2.612567e-02	1.495594e-07
8.055771684168076e-03	-2.612567e-02	-6.705484e-07
8.065771684168076e-03	-2.612567e-02	1.495014e-07
8.075771684168075e-03	-2.612567e-02	-6.704905e-07
8.085771684168077e-03	-2.612567e-02	1.494435e-07
8.095771684168076e-03	-2.612567e-02	-6.704326e-07
8.105771684168076e-03	-2.612567e-02	1.493856e-07
8.115771684168075e-03	-2.612567e-02	-6.703747e-07
8.125771684168077e-03	-2.612567e-02	1.493277e-07
8.135771684168076e-03	-2.612567e-02	-6.703168e-07
8.145771684168076e-03	-2.612567e-02	1.492698e-07
8.155771684168076e-03	-2.612567e-02	-6.702589e-07
8.165771684168075e-03	-2.612567e-02	1.492119e-07
8.175771684168076e-03	-2.612567e-02	-6.702010e-07
8.185771684168076e-03	-2.612567e-02	1.491540e-07
8.195771684168076e-03	-2.612567e-02	-6.701432e-07
8.205771684168075e-03	-2.612567e-02	1.490961e-07
8.215771684168077e-03	-2.612567e-02	-6.700852e-07
8.225771684168076e-03	-2.612567e-02	1.490382e-07
8.235771684168076e-03	-2.612567e-02	-6.700274e-07
8.245771684168075e-03	-2.612567e-02	1.489803e-07
8.255771684168077e-03	-2.612567e-02	-6.699695e-07
8.265771684168076e-03	-2.612567e-02	1.489225e-07
8.275771684168076e-03	-2.612567e-02	-6.699117e-07
8.285771684168075e-03	-2.612567e-02	1.488646e-07
8.295771684168077e-03	-2.612567e-02	-6.698538e-07
8.305771684168076e-03	-2.612567e-02	1.488067e-07
8.315771684168076e-03	-2.612567e-02	-6.697960e-07
8.325771684168076e-03	-2.612567e-02	1.487489e-07
8.335771684168075e-03	-2.612567e-02	-6.697381e-07
8.345771684168076e-03	-2.612567e-02	1.486911e-07
8.355771684168076e-03	-2.612567e-02	-6.696803e-07
8.365771684168076e-03	-2.612567e-02	1.486332e-07
8.375771684168075e-03	-2.612567e-02	-6.696225e-07
8.385771684168077e-03	-2.612567e-02	1.485754e-07
8.395771684168076e-03	-2.612567e-02	-6.695647e-07
8.405771684168076e-03	-2.612567e-02	1.485176e-07
8.415771684168075e-03	-2.612567e-02	-6.695068e-07
8.425771684168077e-03	-2.612567e-02	1.484598e-07
8.435771684168076e-03	-2.612567e-02	-6.694491e-07
8.445771684168076e-03	-2.612567e-02	1.484020e-07
8.455771684168075e-03	-2.612567e-02	-6.693913e-07
8.465771684168077e-03	-2.612567e-02	1.483442e-07
8.475771684168076e-03	-2.612567e-02	-6.693335e-07
8.485771684168076e-03	-2.612567e-02	1.482864e-07
8.495771684168076e-03	-2.612567e-02	-6.692757e-07
8.505771684168075e-03	-2.612567e-02	1.482287e-07
8.515771684168076e-03	-2.612567e-02	-6.692180e-07
8.525771684168076e-03	-2.612567e-02	1.481709e-07
8.535771684168076e-03	-2.612567e-02	-6.691602e-07
8.545771684168075e-03	-2.612567e-02	1.481131e-07
8.555771684168077e-03	-2.612567e-02	-6.691024e-07
8.565771684168076e-03	-2.612567e-02	1.480554e-07
8.575771684168076e-03	-2.612567e-02	-6.690447e-07
8.585771684168075e-03	-2.612567e-02	1.479976e-07
8.595771684168077e-03	-2.612567e-02	-6.689869e-07
8.605771684168076e-03	-2.612567e-02	1.479399e-07
8.615771684168076e-03	-2.612567e-02	-6.689292e-07
8.625771684168075e-03	-2.612567e-02	1.478821e-07
8.635771684168077e-03	-2.612567e-02	-6.688715e-07
8.645771684168076e-03	-2.612567e-02	1.478244e-07
8.655771684168076e-03	-2.612567e-02	-6.688138e-07
8.665771684168076e-03	-2.612567e-02	1.477667e-07
8.675771684168075e-03	-2.612567e-02	-6.687560e-07
8.685771684168076e-03	-2.612567e-02	1.477090e-07
8.695771684168076e-03	-2.612567e-02	-6.686983e-07
8.705771684168076e-03	-2.612567e-02	1.476513e-07
8.715771684168075e-03	-2.612567e-02	-6.686406e-07
8.725771684168077e-03	-2.612567e-02	1.475936e-07
8.735771684168076e-03	-2.612567e-02	-6.685829e-07
8.745771684168076e-03	-2.612567e-02	1.475359e-07
8.755771684168075e-03	-2.612567e-02	-6.685252e-07
8.765771684168077e-03	-2.612567e-02	1.474782e-07
8.775771684168076e-03	-2.612567e-02	-6.684676e-07
8.785771684168076e-03	-2.612567e-02	1.474205e-07
8.795771684168075e-03	-2.612567e-02	-6.684099e-07
8.805771684168075e-03	-2.612567e-02	1.473629e-07
8.815771684168076e-03	-2.612567e-02	-6.683522e-07
8.825771684168076e-03	-2.612567e-02	1.473052e-07
8.835771684168076e-03	-2.612567e-02	-6.682945e-07
8.845771684168075e-03	-2.612567e-02	1.472475e-07
8.855771684168076e-03	-2.612567e-02	-6.682369e-07
8.865771684168076e-03	-2.612567e-02	1.471899e-07
8.875771684168076e-03	-2.612567e-02	-6.681793e-07
8.885771684168075e-03	-2.612567e-02	1.471323e-07
8.895771684168077e-03	-2.612567e-02	-6.681216e-07
8.905771684168076e-03	-2.612567e-02	1.470746e-07
8.915771684168076e-03	-2.612567e-02	-6.680640e-07
8.925771684168075e-03	-2.612567e-02	1.470170e-07
8.935771684168077e-03	-2.612567e-02	-6.680064e-07
8.945771684168076e-03	-2.612567e-02	1.469594e-07
8.955771684168076e-03	-2.612567e-02	-6.679488e-07
8.965771684168075e-03	-2.612567e-02	1.469018e-07
8.975771684168075e-03	-2.612567e-02	-6.678912e-07
8.985771684168076e-03	-2.612567e-02	1.468442e-07
8.995771684168076e-03	-2.612567e-02	-6.678335e-07
9.005771684168076e-03	-2.612567e-02	1.467865e-07
9.015771684168075e-03	-2.612567e-02	-6.677760e-07
9.025771684168077e-03	-2.612567e-02	1.467290e-07
9.035771684168076e-03	-2.612567e-02	-6.677184e-07
9.045771684168076e-03	-2.612567e-02	1.466714e-07
9.055771684168075e-03	-2.612567e-02	-6.676608e-07
9.065771684168077e-03	-2.612567e-02	1.466138e-07
9.075771684168076e-03	-2.612567e-02	-6.676032e-07
9.085771684168076e-03	-2.612567e-02	1.465562e-07
9.095771684168075e-03	-2.612567e-02	-6.675457e-07
9.105771684168077e-03	-2.612567e-02	1.464987e-07
9.115771684168076e-03	-2.612567e-02	-6.674881e-07
9.125771684168076e-03	-2.612567e-02	1.464411e-07
9.135771684168075e-03	-2.612567e-02	-6.674306e-07
9.145771684168075e-03	-2.612567e-02	1.463836e-07
9.155771684168076e-03	-2.612567e-02	-6.673730e-07
9.165771684168076e-03	-2.612567e-02	1.463260e-07
9.175771684168076e-03	-2.612567e-02	-6.673155e-07
9.185771684168075e-03	-2.612567e-02	1.462685e-07
9.195771684168077e-03	-2.612567e-02	-6.672580e-07
9.205771684168076e-03	-2.612567e-02	1.462110e-07
9.215771684168076e-03	-2.612567e-02	-6.672004e-07
9.225771684168075e-03	-2.612567e-02	1.461534e-07
9.235771684168077e-03	-2.612567e-02	-6.671429e-07
9.245771684168076e-03	-2.612567e-02	1.460959e-07
9.255771684168076e-03	-2.612567e-02	-6.670854e-07
9.265771684168075e-03	-2.612567e-02	1.460384e-07
9.275771684168077e-03	-2.612567e-02	-6.670279e-07
9.285771684168076e-03	-2.612567e-02	1.459809e-07
9.295771684168076e-03	-2.612567e-02	-6.669704e-07
9.305771684168075e-03	-2.612567e-02	1.459234e-07
9.315771684168075e-03	-2.612567e-02	-6.669129e-07
9.325771684168076e-03	-2.612567e-02	1.458659e-07
9.335771684168076e-03	-2.612567e-02	-6.668554e-07
9.345771684168076e-03	-2.612567e-02	1.458085e-07
9.355771684168075e-03	-2.612567e-02	-6.667980e-07
9.365771684168077e-03	-2.612567e-02	1.457510e-07
9.375771684168076e-03	-2.612567e-02	-6.667405e-07
9.385771684168076e-03	-2.612567e-02	1.456935e-07
9.395771684168075e-03	-2.612567e-02	-6.666830e-07
9.405771684168077e-03	-2.612567e-02	1.456361e-07
9.415771684168076e-03	-2.612567e-02	-6.666256e-07
9.425771684168076e-03	-2.612567e-02	1.455786e-07
9.435771684168075e-03	-2.612567e-02	-6.665682e-07
9.445771684168075e-03	-2.612567e-02	1.455212e-07
9.455771684168076e-03	-2.612567e-02	-6.665107e-07
9.465771684168076e-03	-2.612567e-02	1.454638e-07
9.475771684168076e-03	-2.612567e-02	-6.664533e-07
9.485771684168075e-03	-2.612567e-02	1.454063e-07
9.495771684168076e-03	-2.612567e-02	-6.663959e-07
9.505771684168076e-03	-2.612567e-02	1.453489e-07
9.515771684168076e-03	-2.612567e-02	-6.663385e-07
9.525771684168075e-03	-2.612567e-02	1.452915e-07
9.535771684168077e-03	-2.612567e-02	-6.662810e-07
9.545771684168076e-03	-2.612567e-02	1.452341e-07
9.555771684168076e-03	-2.612567e-02	-6.662236e-07
9.565771684168075e-03	-2.612567e-02	1.451767e-07
9.575771684168077e-03	-2.612567e-02	-6.661662e-07
9.585771684168076e-03	-2.612567e-02	1.451193e-07
9.595771684168076e-03	-2.612567e-02	-6.661089e-07
9.605771684168075e-03	-2.612567e-02	1.450619e-07
9.615771684168075e-03	-2.612567e-02	-6.660514e-07
9.625771684168076e-03	-2.612567e-02	1.450045e-07
9.635771684168076e-03	-2.612567e-02	-6.659941e-07
9.645771684168076e-03	-2.612567e-02	1.449472e-07
9.655771684168075e-03	-2.612567e-02	-6.659367e-07
9.665771684168076e-03	-2.612567e-02	1.448898e-07
9.675771684168076e-03	-2.612567e-02	-6.658794e-07
9.685771684168076e-03	-2.612567e-02	1.448324e-07
9.695771684168075e-03	-2.612567e-02	-6.658220e-07
9.705771684168077e-03	-2.612567e-02	1.447751e-07
9.715771684168076e-03	-2.612567e-02	-6.657647e-07
9.725771684168076e-03	-2.612567e-02	1.447177e-07
9.735771684168075e-03	-2.612567e-02	-6.657073e-07
9.745771684168077e-03	-2.612567e-02	1.446604e-07
9.755771684168076e-03	-2.612567e-02	-6.656500e-07
9.765771684168076e-03	-2.612567e-02	1.446031e-07
9.775771684168075e-03	-2.612567e-02	-6.655927e-07
9.785771684168075e-03	-2.612567e-02	1.445458e-07
9.795771684168076e-03	-2.612567e-02	-6.655354e-07
9.805771684168076e-03	-2.612567e-02	1.444885e-07
9.815771684168076e-03	-2.612567e-02	-6.654781e-07
9.825771684168075e-03	-2.612567e-02	1.444311e-07
9.835771684168076e-03	-2.612567e-02	-6.654208e-07
9.845771684168076e-03	-2.612567e-02	1.443738e-07
9.855771684168076e-03	-2.612567e-02	-6.653635e-07
9.865771684168075e-03	-2.612567e-02	1.443165e-07
9.875771684168077e-03	-2.612567e-02	-6.653062e-07
9.885771684168076e-03	-2.612567e-02	1.442593e-07
9.895771684168076e-03	-2.612567e-02	-6.652489e-07
9.905771684168075e-03	-2.612567e-02	1.442020e-07
9.915771684168077e-03	-2.612567e-02	-6.651916e-07
9.925771684168076e-03	-2.612567e-02	1.441447e-07
9.935771684168076e-03	-2.612567e-02	-6.651343e-07
9.945771684168075e-03	-2.612567e-02	1.440875e-07
9.955771684168075e-03	-2.612567e-02	-6.650771e-07
9.965771684168076e-03	-2.612567e-02	1.440302e-07
9.975771684168076e-03	-2.612567e-02	-6.650199e-07
9.985771684168076e-03	-2.612567e-02	1.439729e-07
9.995771684168075e-03	-2.612567e-02	-6.649626e-07
1.000000000000000e-02	-2.612543e-02	1.438765e-07
1.000000000100000e-02	-2.612591e-02	2.755075e-07
1.000000000200000e-02	-2.612567e-02	2.332850e-07
1.000000000347517e-02	-2.612567e-02	2.526005e-07
1.000000000560198e-02	-2.612567e-02	2.328748e-07
1.000000000985560e-02	-2.612567e-02	2.255145e-07
1.000000001836286e-02	-2.612567e-02	1.818322e-07
1.000000003537736e-02	-2.612567e-02	1.306202e-07
1.000000006940636e-02	-2.612567e-02	2.920783e-08
1.000000013746438e-02	-2.612567e-02	-7.948233e-08
1.000000027358040e-02	-2.612567e-02	-1.942985e-07
1.000000054581244e-02	-2.612543e-02	-2.427903e-07
1.000000109027653e-02	-2.612472e-02	-2.568890e-07
1.000000217920470e-02	-2.612400e-02	-2.403467e-07
1.000000435706105e-02	-2.612376e-02	-2.450179e-07
1.000000871277374e-02	-2.612638e-02	-2.329408e-07
1.000001492725241e-02	-2.613068e-02	-2.417417e-07
1.000002565728095e-02	-2.614260e-02	-2.315690e-07
1.000004711733803e-02	-2.620435e-02	-2.401825e-07
1.000007184980587e-02	-2.638197e-02	-2.324711e-07
1.000008497127893e-02	-2.636552e-02	-2.461012e-07
1.000009429101499e-02	-2.624416e-02	-2.422358e-07
1.000010468180411e-02	-2.614284e-02	-2.566528e-07
1.000011702072615e-02	-2.609634e-02	-2.524236e-07
1.000013384718081e-02	-2.603650e-02	-2.651864e-07
1.000016531580339e-02	-2.593231e-02	-2.555959e-07
1.000019581347049e-02	-2.575850e-02	-2.552690e-07
1.000023702841955e-02	-2.558661e-02	-2.224000e-07
1.000027947055814e-02	-2.580333e-02	-1.980365e-07
1.000033156019865e-02	-2.608991e-02	-1.472102e-07
1.000039755416184e-02	-2.611423e-02	-1.087469e-07
1.000051359607278e-02	-2.611876e-02	-3.039251e-08
1.000070056881369e-02	-2.612805e-02	4.496922e-08
1.000090971182262e-02	-2.614236e-02	1.285104e-07
1.000110701921982e-02	-2.615666e-02	2.071563e-07
1.000131020652098e-02	-2.614856e-02	3.641986e-07
1.000147084472444e-02	-2.612185e-02	5.133075e-07
1.000164810221167e-02	-2.611065e-02	6.893654e-07
1.000181431449526e-02	-2.609825e-02	8.122087e-07
1.000210096254923e-02	-2.608562e-02	9.838431e-07
1.000236622578890e-02	-2.609587e-02	1.062057e-06
1.000260312395015e-02	-2.609921e-02	1.111080e-06
1.000288003057799e-02	-2.610111e-02	1.118645e-06
1.000312941376765e-02	-2.610278e-02	1.123785e-06
1.000341072848214e-02	-2.610421e-02	1.097536e-06
1.000369045184965e-02	-2.610660e-02	1.080721e-06
1.000401639128237e-02	-2.610970e-02	1.035889e-06
1.000435961050928e-02	-2.611518e-02	1.003464e-06
1.000477360937684e-02	-2.612376e-02	9.429037e-07
1.000524134326860e-02	-2.613640e-02	8.933134e-07
1.000583851162996e-02	-2.615786e-02	8.112553e-07
1.000657449497102e-02	-2.619100e-02	7.329626e-07
1.000760577427458e-02	-2.625084e-02	6.021745e-07
1.000907061986559e-02	-2.633476e-02	3.676128e-07
1.001038884157455e-02	-2.640629e-02	-2.242926e-07
1.001152277578177e-02	-2.647638e-02	-1.453722e-06
1.001266614280769e-02	-2.655458e-02	-3.533919e-06
1.001394454075776e-02	-2.664375e-02	-6.336685e-06
1.001516631338385e-02	-2.673054e-02	-9.149736e-06
1.001643049490259e-02	-2.682257e-02	-1.200953e-05
1.001768062388329e-02	-2.691603e-02	-1.475160e-05
1.001902751831740e-02	-2.701807e-02	-1.753782e-05
1.002043130099859e-02	-2.712584e-02	-2.027640e-05
1.002199136268901e-02	-2.724695e-02	-2.307430e-05
1.002369790968943e-02	-2.738070e-02	-2.587936e-05
1.002568456517187e-02	-2.753782e-02	-2.877124e-05
1.002799881981655e-02	-2.772355e-02	-3.168953e-05
1.003087290976488e-02	-2.795625e-02	-3.460440e-05
1.003411184024287e-02	-2.822232e-02	-3.697831e-05
1.003707344518348e-02	-2.846909e-02	-3.817846e-05
1.004003508045100e-02	-2.872062e-02	-3.858631e-05
1.004288702254582e-02	-2.896547e-02	-3.831240e-05
1.004537911158060e-02	-2.918315e-02	-3.724172e-05
1.004802320824054e-02	-2.941632e-02	-3.566044e-05
1.005046290798802e-02	-2.963424e-02	-3.420135e-05
1.005314561452508e-02	-2.987671e-02	-3.264586e-05
1.005733330235329e-02	-3.026104e-02	-3.038544e-05
1.006141543854427e-02	-3.064084e-02	-2.832003e-05
1.006688746975159e-02	-3.116083e-02	-2.579514e-05
1.007259183095268e-02	-3.171396e-02	-2.339408e-05
1.008069834593772e-02	-3.251743e-02	-2.038950e-05
1.009022295506551e-02	-3.347230e-02	-1.734935e-05
1.009866827218163e-02	-3.431058e-02	-1.506267e-05
1.010445584983624e-02	-3.485179e-02	-1.366353e-05
1.010838175728428e-02	-3.516459e-02	-1.279852e-05
1.011135225065978e-02	-3.532004e-02	-1.215430e-05
1.011378857232799e-02	-3.536630e-02	-1.165094e-05
1.011614605459276e-02	-3.537512e-02	-1.121856e-05
1.011878849852701e-02	-3.537655e-02	-1.072335e-05
1.012164756431900e-02	-3.536892e-02	-1.024299e-05
1.012736569590298e-02	-3.522158e-02	-9.306731e-06
1.012974699965695e-02	-3.419089e-02	-1.410180e-03
1.013137952183122e-02	-3.106594e-02	-1.374066e-02
1.013386429300798e-02	-2.166724e-02	-5.284473e-02
1.013573063868824e-02	-1.150227e-02	-9.507119e-02
1.013798683251724e-02	4.431963e-03	-1.575449e-01
1.014087969298386e-02	2.908111e-02	-2.516307e-01
1.014448569658970e-02	6.545353e-02	-3.843799e-01
1.015009436747309e-02	1.315467e-01	-6.103882e-01
1.015794344819426e-02	2.378125e-01	-9.379169e-01
1.016732344309190e-02	3.818793e-01	-1.308750e+00
1.017732344309190e-02	5.511122e-01	-1.644587e+00
1.018031142907648e-02	6.053123e-01	-1.728311e+00
1.018166568516682e-02	6.307342e-01	-1.764296e+00
1.018311903114513e-02	6.578696e-01	-1.802693e+00
1.018526818429650e-02	6.970358e-01	-1.858302e+00
1.018677980214881e-02	7.232318e-01	-1.895009e+00
1.018859374645025e-02	7.516515e-01	-1.932855e+00
1.018984514095077e-02	7.686121e-01	-1.953459e+00
1.019203528399048e-02	7.945457e-01	-1.979604e+00
1.019424973974522e-02	8.175724e-01	-1.997291e+00
1.019657213143134e-02	8.391714e-01	-2.010339e+00
1.019965147774795e-02	8.656833e-01	-2.022619e+00
1.020287895047354e-02	8.920166e-01	-2.031844e+00
1.020640122622274e-02	9.196355e-01	-2.039295e+00
1.021038561484078e-02	9.499671e-01	-2.045589e+00
1.021592876736562e-02	9.911563e-01	-2.051885e+00
1.022378351863570e-02	1.048367e+00	-2.057703e+00
1.023378351863570e-02	1.120073e+00	-2.061905e+00
1.024378351863570e-02	1.190968e+00	-2.063901e+00
1.025378351863570e-02	1.261327e+00	-2.064492e+00
1.026132041731161e-02	1.314107e+00	-2.064310e+00
1.026635632797752e-02	1.349267e+00	-2.064008e+00
1.026978432445358e-02	1.373155e+00	-2.063770e+00
1.028098907911159e-02	1.451061e+00	-2.062499e+00
1.029098907911159e-02	1.520492e+00	-2.060733e+00
1.029792437338788e-02	1.568667e+00	-2.058845e+00
1.030059407928414e-02	1.587266e+00	-2.057512e+00
1.030182410889080e-02	1.595882e+00	-2.056518e+00
1.030357830979040e-02	1.608233e+00	-2.054685e+00
1.030632830711740e-02	1.627647e+00	-2.051562e+00
1.030762858576150e-02	1.636831e+00	-2.050063e+00
1.030912238738321e-02	1.647386e+00	-2.048327e+00
1.031210999062662e-02	1.668513e+00	-2.044810e+00
1.031808519711345e-02	1.710814e+00	-2.037556e+00
1.032276039412037e-02	1.743955e+00	-2.031611e+00
1.032505120476980e-02	1.760177e+00	-2.028813e+00
1.032595764548722e-02	1.766544e+00	-2.028223e+00
1.032684085858167e-02	1.772707e+00	-2.027855e+00
1.032784336565428e-02	1.779681e+00	-2.027581e+00
1.032893948660937e-02	1.787284e+00	-2.027411e+00
1.033094550399694e-02	1.801155e+00	-2.027375e+00
1.033344306816237e-02	1.818372e+00	-2.027783e+00
1.033514426695600e-02	1.830074e+00	-2.028260e+00
1.033685207191966e-02	1.841808e+00	-2.028732e+00
1.033897174489678e-02	1.856369e+00	-2.029305e+00
1.034321109085104e-02	1.885482e+00	-2.030417e+00
1.034936324148535e-02	1.927711e+00	-2.031951e+00
1.035556783224028e-02	1.970275e+00	-2.033415e+00
1.036422474873527e-02	2.029816e+00	-2.035333e+00
1.036888468620503e-02	2.063027e+00	-2.032310e+00
1.037242167708050e-02	2.090449e+00	-2.008336e+00
1.037564039920510e-02	2.117471e+00	-1.973961e+00
1.037855296588276e-02	2.143156e+00	-1.936499e+00
1.038151497873769e-02	2.170218e+00	-1.894089e+00
1.038517607004743e-02	2.204720e+00	-1.837893e+00
1.039111005852080e-02	2.262228e+00	-1.742345e+00
1.039742103859656e-02	2.325018e+00	-1.639524e+00
1.040742103859656e-02	2.426761e+00	-1.482463e+00
1.041742103859656e-02	2.530038e+00	-1.338987e+00
1.042742103859656e-02	2.634209e+00	-1.212388e+00
1.043742103859656e-02	2.738573e+00	-1.103649e+00
1.044742103859656e-02	2.842560e+00	-1.012624e+00
1.045742103859656e-02	2.945281e+00	-9.386579e-01
1.046742103859656e-02	3.041185e+00	-8.806878e-01
1.047194613989866e-02	3.074744e+00	-8.575076e-01
1.047537257394967e-02	3.092094e+00	-8.414099e-01
1.047754721961962e-02	3.100530e+00	-8.321434e-01
1.047941701296928e-02	3.106573e+00	-8.247080e-01
1.048138990038724e-02	3.112144e+00	-8.168765e-01
1.048343029636633e-02	3.117194e+00	-8.087490e-01
1.048645682981705e-02	3.123611e+00	-7.966724e-01
1.049087241405376e-02	3.131452e+00	-7.790889e-01
1.049569324427117e-02	3.138351e+00	-7.600242e-01
1.050303899266609e-02	3.146629e+00	-7.313966e-01
1.051006682780233e-02	3.152787e+00	-7.045969e-01
1.052006682780233e-02	3.159490e+00	-6.675979e-01
1.053006682780233e-02	3.164722e+00	-6.320163e-01
1.054006682780233e-02	3.168838e+00	-5.978999e-01
1.055006682780233e-02	3.172177e+00	-5.652654e-01
1.056006682780233e-02	3.174948e+00	-5.341151e-01
1.057006682780233e-02	3.177295e+00	-5.044264e-01
1.058006682780233e-02	3.179310e+00	-4.761793e-01
1.059006682780233e-02	3.181063e+00	-4.493458e-01
1.060006682780233e-02	3.182603e+00	-4.239022e-01
1.061006682780233e-02	3.183967e+00	-3.998185e-01
1.062006682780233e-02	3.185183e+00	-3.770694e-01
1.063006682780233e-02	3.186273e+00	-3.556241e-01
1.064006682780233e-02	3.187253e+00	-3.354570e-01
1.065006682780233e-02	3.188138e+00	-3.165368e-01
1.066006682780233e-02	3.188938e+00	-2.988383e-01
1.067006682780233e-02	3.189663e+00	-2.823305e-01
1.068006682780233e-02	3.190320e+00	-2.669882e-01
1.069006682780233e-02	3.190914e+00	-2.527811e-01
1.070006682780233e-02	3.191451e+00	-2.396847e-01
1.071006682780233e-02	3.191935e+00	-2.276693e-01
1.072006682780233e-02	3.192371e+00	-2.167109e-01
1.073006682780233e-02	3.192760e+00	-2.067806e-01
1.074006682780233e-02	3.193107e+00	-1.978553e-01
1.075006682780233e-02	3.193413e+00	-1.899066e-01
1.076006682780233e-02	3.193681e+00	-1.829124e-01
1.077006682780233e-02	3.193912e+00	-1.768451e-01
1.078006682780233e-02	3.194109e+00	-1.716832e-01
1.079006682780233e-02	3.194266e+00	-1.674000e-01
1.080006682780233e-02	3.194375e+00	-1.647084e-01
1.081006682780233e-02	3.194443e+00	-1.633690e-01
1.082006682780233e-02	3.194490e+00	-1.623262e-01
1.083006682780233e-02	3.194528e+00	-1.615102e-01
1.084006682780233e-02	3.194559e+00	-1.608721e-01
1.085006682780233e-02	3.194584e+00	-1.603696e-01
1.086006682780233e-02	3.194605e+00	-1.599753e-01
1.087006682780233e-02	3.194622e+00	-1.596629e-01
1.088006682780233e-02	3.194636e+00	-1.594170e-01
1.089006682780233e-02	3.194648e+00	-1.592209e-01
1.090006682780233e-02	3.194658e+00	-1.590663e-01
1.091006682780233e-02	3.194666e+00	-1.589420e-01
1.092006682780233e-02	3.194673e+00	-1.588440e-01
1.093006682780233e-02	3.194680e+00	-1.587645e-01
1.094006682780233e-02	3.194685e+00	-1.587021e-01
1.095006682780233e-02	3.194689e+00	-1.586508e-01
1.096006682780233e-02	3.194692e+00	-1.586109e-01
1.097006682780233e-02	3.194696e+00	-1.585775e-01
1.098006682780233e-02	3.194698e+00	-1.585519e-01
1.099006682780233e-02	3.194701e+00	-1.585300e-01
1.100006682780233e-02	3.194703e+00	-1.585136e-01
1.101006682780233e-02	3.194705e+00	-1.584991e-01
1.102006682780233e-02	3.194706e+00	-1.584887e-01
1.103006682780233e-02	3.194708e+00	-1.584790e-01
1.104006682780233e-02	3.194709e+00	-1.584724e-01
1.105006682780233e-02	3.194710e+00	-1.584658e-01
1.106006682780233e-02	3.194711e+00	-1.584618e-01
1.107006682780233e-02	3.194712e+00	-1.584573e-01
1.108006682780233e-02	3.194712e+00	-1.584549e-01
1.109006682780233e-02	3.194714e+00	-1.584518e-01
1.110006682780233e-02	3.194714e+00	-1.584505e-01
1.111006682780233e-02	3.194714e+00	-1.584482e-01
1.112006682780233e-02	3.194715e+00	-1.584477e-01
1.113006682780233e-02	3.194715e+00	-1.584460e-01
1.114006682780233e-02	3.194716e+00	-1.584460e-01
1.115006682780233e-02	3.194716e+00	-1.584447e-01
1.116006682780233e-02	3.194716e+00	-1.584449e-01
1.117006682780233e-02	3.194716e+00	-1.584439e-01
1.118006682780233e-02	3.194717e+00	-1.584444e-01
1.119006682780233e-02	3.194717e+00	-1.584435e-01
1.120006682780233e-02	3.194717e+00	-1.584441e-01
1.121006682780233e-02	3.194717e+00	-1.584434e-01
1.122006682780233e-02	3.194717e+00	-1.584440e-01
1.123006682780233e-02	3.194718e+00	-1.584434e-01
1.124006682780233e-02	3.194718e+00	-1.584441e-01
1.125006682780233e-02	3.194718e+00	-1.584435e-01
1.126006682780233e-02	3.194718e+00	-1.584442e-01
1.127006682780233e-02	3.194718e+00	-1.584436e-01
1.128006682780233e-02	3.194718e+00	-1.584444e-01
1.129006682780233e-02	3.194718e+00	-1.584438e-01
1.130006682780233e-02	3.194718e+00	-1.584446e-01
1.131006682780233e-02	3.194718e+00	-1.584440e-01
1.132006682780233e-02	3.194718e+00	-1.584447e-01
1.133006682780233e-02	3.194718e+00	-1.584441e-01
1.134006682780233e-02	3.194718e+00	-1.584449e-01
1.135006682780233e-02	3.194718e+00	-1.584443e-01
1.136006682780233e-02	3.194718e+00	-1.584451e-01
1.137006682780233e-02	3.194718e+00	-1.584445e-01
1.138006682780233e-02	3.194718e+00	-1.584453e-01
1.139006682780233e-02	3.194718e+00	-1.584446e-01
1.140006682780233e-02	3.194718e+00	-1.584454e-01
1.141006682780233e-02	3.194719e+00	-1.584448e-01
1.142006682780233e-02	3.194718e+00	-1.584455e-01
1.143006682780233e-02	3.194719e+00	-1.584449e-01
1.144006682780233e-02	3.194719e+00	-1.584457e-01
1.145006682780233e-02	3.194719e+00	-1.584450e-01
1.146006682780233e-02	3.194719e+00	-1.584458e-01
1.147006682780233e-02	3.194719e+00	-1.584451e-01
1.148006682780233e-02	3.194719e+00	-1.584459e-01
1.149006682780233e-02	3.194719e+00	-1.584452e-01
1.150006682780233e-02	3.194719e+00	-1.584460e-01
1.151006682780233e-02	3.194719e+00	-1.584453e-01
1.152006682780233e-02	3.194718e+00	-1.584460e-01
1.153006682780233e-02	3.194719e+00	-1.584454e-01
1.154006682780233e-02	3.194719e+00	-1.584461e-01
1.155006682780233e-02	3.194719e+00	-1.584454e-01
1.156006682780233e-02	3.194719e+00	-1.584462e-01
1.157006682780233e-02	3.194719e+00	-1.584455e-01
1.158006682780233e-02	3.194718e+00	-1.584462e-01
1.159006682780233e-02	3.194719e+00	-1.584456e-01
1.160006682780233e-02	3.194718e+00	-1.584463e-01
1.161006682780233e-02	3.194719e+00	-1.584456e-01
1.162006682780233e-02	3.194719e+00	-1.584463e-01
1.163006682780233e-02	3.194719e+00	-1.584456e-01
1.164006682780233e-02	3.194719e+00	-1.584463e-01
1.165006682780233e-02	3.194719e+00	-1.584457e-01
1.166006682780233e-02	3.194719e+00	-1.584464e-01
1.167006682780233e-02	3.194719e+00	-1.584457e-01
1.168006682780233e-02	3.194719e+00	-1.584464e-01
1.169006682780233e-02	3.194719e+00	-1.584457e-01
1.170006682780233e-02	3.194719e+00	-1.584464e-01
1.171006682780233e-02	3.194719e+00	-1.584458e-01
1.172006682780233e-02	3.194719e+00	-1.584465e-01
1.173006682780233e-02	3.194719e+00	-1.584458e-01
1.174006682780233e-02	3.194719e+00	-1.584465e-01
1.175006682780233e-02	3.194719e+00	-1.584458e-01
1.176006682780233e-02	3.194718e+00	-1.584465e-01
1.177006682780233e-02	3.194719e+00	-1.584458e-01
1.178006682780233e-02	3.194719e+00	-1.584465e-01
1.179006682780233e-02	3.194719e+00	-1.584458e-01
1.180006682780233e-02	3.194719e+00	-1.584465e-01
1.181006682780233e-02	3.194719e+00	-1.584459e-01
1.182006682780233e-02	3.194719e+00	-1.584466e-01
1.183006682780233e-02	3.194719e+00	-1.584459e-01
1.184006682780233e-02	3.194719e+00	-1.584466e-01
1.185006682780233e-02	3.194719e+00	-1.584459e-01
1.186006682780233e-02	3.194719e+00	-1.584466e-01
1.187006682780233e-02	3.194719e+00	-1.584459e-01
1.188006682780233e-02	3.194719e+00	-1.584466e-01
1.189006682780233e-02	3.194719e+00	-1.584459e-01
1.190006682780233e-02	3.194719e+00	-1.584466e-01
1.191006682780233e-02	3.194719e+00	-1.584459e-01
1.192006682780233e-02	3.194719e+00	-1.584466e-01
1.193006682780233e-02	3.194719e+00	-1.584459e-01
1.194006682780233e-02	3.194718e+00	-1.584466e-01
1.195006682780233e-02	3.194719e+00	-1.584459e-01
1.196006682780233e-02	3.194719e+00	-1.584466e-01
1.197006682780233e-02	3.194719e+00	-1.584459e-01
1.198006682780233e-02	3.194719e+00	-1.584466e-01
1.199006682780233e-02	3.194719e+00	-1.584459e-01
1.200006682780233e-02	3.194718e+00	-1.584466e-01
1.201006682780233e-02	3.194719e+00	-1.584459e-01
1.202006682780233e-02	3.194719e+00	-1.584466e-01
1.203006682780233e-02	3.194719e+00	-1.584459e-01
1.204006682780233e-02	3.194719e+00	-1.584466e-01
1.205006682780233e-02	3.194719e+00	-1.584459e-01
1.206006682780233e-02	3.194719e+00	-1.584466e-01
1.207006682780233e-02	3.194719e+00	-1.584460e-01
1.208006682780233e-02	3.194719e+00	-1.584466e-01
1.209006682780233e-02	3.194719e+00	-1.584460e-01
1.210006682780233e-02	3.194719e+00	-1.584466e-01
1.211006682780233e-02	3.194719e+00	-1.584460e-01
1.212006682780233e-02	3.194719e+00	-1.584467e-01
1.213006682780233e-02	3.194719e+00	-1.584460e-01
1.214006682780233e-02	3.194719e+00	-1.584467e-01
1.215006682780233e-02	3.194719e+00	-1.584460e-01
1.216006682780233e-02	3.194719e+00	-1.584467e-01
1.217006682780233e-02	3.194719e+00	-1.584460e-01
1.218006682780233e-02	3.194718e+00	-1.584467e-01
1.219006682780233e-02	3.194719e+00	-1.584460e-01
1.220006682780233e-02	3.194719e+00	-1.584467e-01
1.221006682780233e-02	3.194719e+00	-1.584460e-01
1.222006682780233e-02	3.194718e+00	-1.584467e-01
1.223006682780233e-02	3.194719e+00	-1.584460e-01
1.224006682780233e-02	3.194719e+00	-1.584467e-01
1.225006682780233e-02	3.194719e+00	-1.584460e-01
1.226006682780233e-02	3.194719e+00	-1.584467e-01
1.227006682780233e-02	3.194719e+00	-1.584460e-01
1.228006682780233e-02	3.194718e+00	-1.584467e-01
1.229006682780233e-02	3.194719e+00	-1.584460e-01
1.230006682780233e-02	3.194719e+00	-1.584467e-01
1.231006682780233e-02	3.194719e+00	-1.584460e-01
1.232006682780233e-02	3.194719e+00	-1.584467e-01
1.233006682780233e-02	3.194719e+00	-1.584460e-01
1.234006682780233e-02	3.194719e+00	-1.584467e-01
1.235006682780233e-02	3.194719e+00	-1.584460e-01
1.236006682780233e-02	3.194719e+00	-1.584467e-01
1.237006682780233e-02	3.194719e+00	-1.584460e-01
1.238006682780233e-02	3.194719e+00	-1.584467e-01
1.239006682780233e-02	3.194719e+00	-1.584460e-01
1.240006682780233e-02	3.194718e+00	-1.584467e-01
1.241006682780233e-02	3.194719e+00	-1.584460e-01
1.242006682780233e-02	3.194719e+00	-1.584467e-01
1.243006682780233e-02	3.194719e+00	-1.584460e-01
1.244006682780233e-02	3.194719e+00	-1.584467e-01
1.245006682780233e-02	3.194719e+00	-1.584460e-01
1.246006682780233e-02	3.194719e+00	-1.584467e-01
1.247006682780233e-02	3.194719e+00	-1.584460e-01
1.248006682780233e-02	3.194719e+00	-1.584467e-01
1.249006682780233e-02	3.194719e+00	-1.584460e-01
1.250006682780233e-02	3.194719e+00	-1.584467e-01
1.251006682780233e-02	3.194719e+00	-1.584460e-01
1.252006682780233e-02	3.194719e+00	-1.584467e-01
1.253006682780233e-02	3.194719e+00	-1.584460e-01
1.254006682780233e-02	3.194719e+00	-1.584467e-01
1.255006682780233e-02	3.194719e+00	-1.584460e-01
1.256006682780233e-02	3.194719e+00	-1.584467e-01
1.257006682780233e-02	3.194719e+00	-1.584460e-01
1.258006682780233e-02	3.194718e+00	-1.584467e-01
1.259006682780233e-02	3.194719e+00	-1.584460e-01
1.260006682780233e-02	3.194719e+00	-1.584467e-01
1.261006682780233e-02	3.194719e+00	-1.584460e-01
1.262006682780233e-02	3.194719e+00	-1.584467e-01
1.263006682780233e-02	3.194719e+00	-1.584460e-01
1.264006682780233e-02	3.194719e+00	-1.584467e-01
1.265006682780233e-02	3.194719e+00	-1.584460e-01
1.266006682780233e-02	3.194718e+00	-1.584467e-01
1.267006682780233e-02	3.194719e+00	-1.584460e-01
1.268006682780233e-02	3.194719e+00	-1.584467e-01
1.269006682780233e-02	3.194719e+00	-1.584460e-01
1.270006682780233e-02	3.194719e+00	-1.584467e-01
1.271006682780233e-02	3.194719e+00	-1.584460e-01
1.272006682780233e-02	3.194719e+00	-1.584467e-01
1.273006682780233e-02	3.194719e+00	-1.584460e-01
1.274006682780233e-02	3.194719e+00	-1.584467e-01
1.275006682780233e-02	3.194719e+00	-1.584460e-01
1.276006682780233e-02	3.194718e+00	-1.584467e-01
1.277006682780233e-02	3.194719e+00	-1.584460e-01
1.278006682780233e-02	3.194718e+00	-1.584467e-01
1.279006682780233e-02	3.194719e+00	-1.584460e-01
1.280006682780233e-02	3.194719e+00	-1.584467e-01
1.281006682780233e-02	3.194719e+00	-1.584460e-01
1.282006682780233e-02	3.194719e+00	-1.584467e-01
1.283006682780233e-02	3.194719e+00	-1.584460e-01
1.284006682780233e-02	3.194719e+00	-1.584467e-01
1.285006682780233e-02	3.194719e+00	-1.584460e-01
1.286006682780233e-02	3.194719e+00	-1.584467e-01
1.287006682780233e-02	3.194719e+00	-1.584460e-01
1.288006682780233e-02	3.194719e+00	-1.584467e-01
1.289006682780233e-02	3.194719e+00	-1.584460e-01
1.290006682780233e-02	3.194719e+00	-1.584467e-01
1.291006682780233e-02	3.194719e+00	-1.584460e-01
1.292006682780233e-02	3.194719e+00	-1.584467e-01
1.293006682780233e-02	3.194719e+00	-1.584460e-01
1.294006682780233e-02	3.194719e+00	-1.584467e-01
1.295006682780233e-02	3.194719e+00	-1.584460e-01
1.296006682780233e-02	3.194719e+00	-1.584467e-01
1.297006682780233e-02	3.194719e+00	-1.584460e-01
1.298006682780233e-02	3.194719e+00	-1.584467e-01
1.299006682780233e-02	3.194719e+00	-1.584460e-01
1.300006682780233e-02	3.194718e+00	-1.584467e-01
1.301006682780233e-02	3.194719e+00	-1.584460e-01
1.302006682780233e-02	3.194719e+00	-1.584467e-01
1.303006682780233e-02	3.194719e+00	-1.584460e-01
1.304006682780233e-02	3.194718e+00	-1.584467e-01
1.305006682780233e-02	3.194719e+00	-1.584460e-01
1.306006682780233e-02	3.194719e+00	-1.584467e-01
1.307006682780233e-02	3.194719e+00	-1.584460e-01
1.308006682780233e-02	3.194719e+00	-1.584467e-01
1.309006682780233e-02	3.194719e+00	-1.584460e-01
1.310006682780233e-02	3.194719e+00	-1.584467e-01
1.311006682780233e-02	3.194719e+00	-1.584460e-01
1.312006682780233e-02	3.194719e+00	-1.584467e-01
1.313006682780233e-02	3.194719e+00	-1.584460e-01
1.314006682780233e-02	3.194718e+00	-1.584467e-01
1.315006682780233e-02	3.194719e+00	-1.584460e-01
1.316006682780233e-02	3.194719e+00	-1.584467e-01
1.317006682780233e-02	3.194719e+00	-1.584460e-01
1.318006682780233e-02	3.194719e+00	-1.584467e-01
1.319006682780233e-02	3.194719e+00	-1.584460e-01
1.320006682780233e-02	3.194718e+00	-1.584467e-01
1.321006682780233e-02	3.194719e+00	-1.584460e-01
1.322006682780233e-02	3.194719e+00	-1.584467e-01
1.323006682780233e-02	3.194719e+00	-1.584460e-01
1.324006682780233e-02	3.194719e+00	-1.584467e-01
1.325006682780233e-02	3.194719e+00	-1.584460e-01
1.326006682780233e-02	3.194719e+00	-1.584467e-01
1.327006682780233e-02	3.194719e+00	-1.584460e-01
1.328006682780233e-02	3.194719e+00	-1.584467e-01
1.329006682780233e-02	3.194719e+00	-1.584460e-01
1.330006682780233e-02	3.194719e+00	-1.584467e-01
1.331006682780233e-02	3.194719e+00	-1.584460e-01
1.332006682780233e-02	3.194719e+00	-1.584467e-01
1.333006682780233e-02	3.194719e+00	-1.584460e-01
1.334006682780233e-02	3.194719e+00	-1.584467e-01
1.335006682780233e-02	3.194719e+00	-1.584460e-01
1.336006682780233e-02	3.194718e+00	-1.584467e-01
1.337006682780233e-02	3.194719e+00	-1.584460e-01
1.338006682780233e-02	3.194719e+00	-1.584467e-01
1.339006682780233e-02	3.194719e+00	-1.584460e-01
1.340006682780233e-02	3.194719e+00	-1.584467e-01
1.341006682780233e-02	3.194719e+00	-1.584460e-01
1.342006682780233e-02	3.194719e+00	-1.584467e-01
1.343006682780233e-02	3.194719e+00	-1.584460e-01
1.344006682780233e-02	3.194719e+00	-1.584467e-01
1.345006682780233e-02	3.194719e+00	-1.584460e-01
1.346006682780233e-02	3.194718e+00	-1.584467e-01
1.347006682780233e-02	3.194719e+00	-1.584460e-01
1.348006682780233e-02	3.194718e+00	-1.584467e-01
1.349006682780233e-02	3.194719e+00	-1.584460e-01
1.350006682780233e-02	3.194719e+00	-1.584467e-01
1.351006682780233e-02	3.194719e+00	-1.584460e-01
1.352006682780233e-02	3.194719e+00	-1.584467e-01
1.353006682780233e-02	3.194719e+00	-1.584460e-01
1.354006682780233e-02	3.194719e+00	-1.584467e-01
1.355006682780233e-02	3.194719e+00	-1.584460e-01
1.356006682780233e-02	3.194719e+00	-1.584467e-01
1.357006682780233e-02	3.194719e+00	-1.584460e-01
1.358006682780233e-02	3.194719e+00	-1.584467e-01
1.359006682780233e-02	3.194719e+00	-1.584460e-01
1.360006682780233e-02	3.194719e+00	-1.584467e-01
1.361006682780233e-02	3.194719e+00	-1.584460e-01
1.362006682780233e-02	3.194718e+00	-1.584467e-01
1.363006682780233e-02	3.194719e+00	-1.584460e-01
1.364006682780233e-02	3.194718e+00	-1.584467e-01
1.365006682780233e-02	3.194719e+00	-1.584460e-01
1.366006682780233e-02	3.194719e+00	-1.584467e-01
1.367006682780233e-02	3.194719e+00	-1.584460e-01
1.368006682780233e-02	3.194719e+00	-1.584467e-01
1.369006682780233e-02	3.194719e+00	-1.584460e-01
1.370006682780233e-02	3.194719e+00	-1.584467e-01
1.371006682780233e-02	3.194719e+00	-1.584460e-01
1.372006682780233e-02	3.194719e+00	-1.584467e-01
1.373006682780233e-02	3.194719e+00	-1.584460e-01
1.374006682780233e-02	3.194719e+00	-1.584467e-01
1.375006682780233e-02	3.194719e+00	-1.584460e-01
1.376006682780233e-02	3.194719e+00	-1.584467e-01
1.377006682780233e-02	3.194719e+00	-1.584460e-01
1.378006682780233e-02	3.194719e+00	-1.584467e-01
1.379006682780233e-02	3.194719e+00	-1.584460e-01
1.380006682780233e-02	3.194719e+00	-1.584467e-01
1.381006682780233e-02	3.194719e+00	-1.584460e-01
1.382006682780233e-02	3.194719e+00	-1.584467e-01
1.383006682780233e-02	3.194719e+00	-1.584460e-01
1.384006682780233e-02	3.194719e+00	-1.584467e-01
1.385006682780233e-02	3.194719e+00	-1.584460e-01
1.386006682780233e-02	3.194719e+00	-1.584467e-01
1.387006682780233e-02	3.194719e+00	-1.584460e-01
1.388006682780233e-02	3.194718e+00	-1.584467e-01
1.389006682780233e-02	3.194719e+00	-1.584460e-01
1.390006682780233e-02	3.194718e+00	-1.584467e-01
1.391006682780233e-02	3.194719e+00	-1.584460e-01
1.392006682780233e-02	3.194718e+00	-1.584467e-01
1.393006682780233e-02	3.194719e+00	-1.584460e-01
1.394006682780233e-02	3.194718e+00	-1.584467e-01
1.395006682780233e-02	3.194719e+00	-1.584460e-01
1.396006682780233e-02	3.194719e+00	-1.584467e-01
1.397006682780233e-02	3.194719e+00	-1.584460e-01
1.398006682780233e-02	3.194719e+00	-1.584467e-01
1.399006682780233e-02	3.194719e+00	-1.584460e-01
1.400006682780233e-02	3.194719e+00	-1.584467e-01
1.401006682780233e-02	3.194719e+00	-1.584460e-01
1.402006682780233e-02	3.194719e+00	-1.584467e-01
1.403006682780233e-02	3.194719e+00	-1.584460e-01
1.404006682780233e-02	3.194719e+00	-1.584467e-01
1.405006682780233e-02	3.194719e+00	-1.584460e-01
1.406006682780233e-02	3.194719e+00	-1.584467e-01
1.407006682780233e-02	3.194719e+00	-1.584460e-01
1.408006682780233e-02	3.194719e+00	-1.584467e-01
1.409006682780233e-02	3.194719e+00	-1.584460e-01
1.410006682780233e-02	3.194719e+00	-1.584467e-01
1.411006682780233e-02	3.194719e+00	-1.584460e-01
1.412006682780233e-02	3.194719e+00	-1.584467e-01
1.413006682780233e-02	3.194719e+00	-1.584460e-01
1.414006682780233e-02	3.194719e+00	-1.584467e-01
1.415006682780233e-02	3.194719e+00	-1.584460e-01
1.416006682780233e-02	3.194719e+00	-1.584467e-01
1.417006682780233e-02	3.194719e+00	-1.584460e-01
1.418006682780233e-02	3.194719e+00	-1.584467e-01
1.419006682780233e-02	3.194719e+00	-1.584460e-01
1.420006682780233e-02	3.194719e+00	-1.584467e-01
1.421006682780233e-02	3.194719e+00	-1.584460e-01
1.422006682780233e-02	3.194719e+00	-1.584467e-01
1.423006682780233e-02	3.194719e+00	-1.584460e-01
1.424006682780233e-02	3.194719e+00	-1.584467e-01
1.425006682780233e-02	3.194719e+00	-1.584460e-01
1.426006682780233e-02	3.194719e+00	-1.584467e-01
1.427006682780233e-02	3.194719e+00	-1.584460e-01
1.428006682780233e-02	3.194719e+00	-1.584467e-01
1.429006682780233e-02	3.194719e+00	-1.584460e-01
1.430006682780233e-02	3.194719e+00	-1.584467e-01
1.431006682780233e-02	3.194719e+00	-1.584460e-01
1.432006682780233e-02	3.194719e+00	-1.584467e-01
1.433006682780233e-02	3.194719e+00	-1.584460e-01
1.434006682780233e-02	3.194719e+00	-1.584467e-01
1.435006682780233e-02	3.194719e+00	-1.584460e-01
1.436006682780233e-02	3.194719e+00	-1.584467e-01
1.437006682780233e-02	3.194719e+00	-1.584460e-01
1.438006682780233e-02	3.194719e+00	-1.584467e-01
1.439006682780233e-02	3.194719e+00	-1.584460e-01
1.440006682780233e-02	3.194719e+00	-1.584467e-01
1.441006682780233e-02	3.194719e+00	-1.584460e-01
1.442006682780233e-02	3.194719e+00	-1.584467e-01
1.443006682780233e-02	3.194719e+00	-1.584460e-01
1.444006682780233e-02	3.194719e+00	-1.584467e-01
1.445006682780233e-02	3.194719e+00	-1.584460e-01
1.446006682780233e-02	3.194719e+00	-1.584467e-01
1.447006682780233e-02	3.194719e+00	-1.584460e-01
1.448006682780233e-02	3.194719e+00	-1.584467e-01
1.449006682780233e-02	3.194719e+00	-1.584460e-01
1.450006682780233e-02	3.194719e+00	-1.584467e-01
1.451006682780233e-02	3.194719e+00	-1.584460e-01
1.452006682780233e-02	3.194719e+00	-1.584467e-01
1.453006682780233e-02	3.194719e+00	-1.584460e-01
1.454006682780233e-02	3.194719e+00	-1.584467e-01
1.455006682780233e-02	3.194719e+00	-1.584460e-01
1.456006682780233e-02	3.194719e+00	-1.584467e-01
1.457006682780233e-02	3.194719e+00	-1.584460e-01
1.458006682780233e-02	3.194719e+00	-1.584467e-01
1.459006682780233e-02	3.194719e+00	-1.584460e-01
1.460006682780233e-02	3.194719e+00	-1.584467e-01
1.461006682780233e-02	3.194719e+00	-1.584460e-01
1.462006682780233e-02	3.194718e+00	-1.584467e-01
1.463006682780233e-02	3.194719e+00	-1.584460e-01
1.464006682780233e-02	3.194718e+00	-1.584467e-01
1.465006682780233e-02	3.194719e+00	-1.584460e-01
1.466006682780233e-02	3.194718e+00	-1.584467e-01
1.467006682780233e-02	3.194719e+00	-1.584460e-01
1.468006682780233e-02	3.194718e+00	-1.584467e-01
1.469006682780233e-02	3.194719e+00	-1.584460e-01
1.470006682780233e-02	3.194718e+00	-1.584467e-01
1.471006682780233e-02	3.194719e+00	-1.584460e-01
1.472006682780233e-02	3.194718e+00	-1.584467e-01
1.473006682780233e-02	3.194719e+00	-1.584460e-01
1.474006682780233e-02	3.194718e+00	-1.584467e-01
1.475006682780233e-02	3.194719e+00	-1.584460e-01
1.476006682780233e-02	3.194718e+00	-1.584467e-01
1.477006682780233e-02	3.194719e+00	-1.584460e-01
1.478006682780233e-02	3.194718e+00	-1.584467e-01
1.479006682780233e-02	3.194719e+00	-1.584460e-01
1.480006682780233e-02	3.194718e+00	-1.584467e-01
1.481006682780233e-02	3.194719e+00	-1.584460e-01
1.482006682780233e-02	3.194718e+00	-1.584467e-01
1.483006682780233e-02	3.194719e+00	-1.584460e-01
1.484006682780233e-02	3.194719e+00	-1.584467e-01
1.485006682780233e-02	3.194719e+00	-1.584460e-01
1.486006682780233e-02	3.194719e+00	-1.584467e-01
1.487006682780233e-02	3.194719e+00	-1.584460e-01
1.488006682780233e-02	3.194719e+00	-1.584467e-01
1.489006682780233e-02	3.194719e+00	-1.584460e-01
1.490006682780233e-02	3.194719e+00	-1.584467e-01
1.491006682780233e-02	3.194719e+00	-1.584460e-01
1.492006682780233e-02	3.194719e+00	-1.584467e-01
1.493006682780233e-02	3.194719e+00	-1.584460e-01
1.494006682780233e-02	3.194719e+00	-1.584467e-01
1.495006682780233e-02	3.194719e+00	-1.584460e-01
1.496006682780233e-02	3.194719e+00	-1.584467e-01
1.497006682780233e-02	3.194719e+00	-1.584460e-01
1.498006682780233e-02	3.194719e+00	-1.584467e-01
1.499006682780233e-02	3.194719e+00	-1.584460e-01
1.500006682780233e-02	3.194719e+00	-1.584467e-01
1.501006682780233e-02	3.194719e+00	-1.584460e-01
1.502006682780233e-02	3.194719e+00	-1.584467e-01
1.503006682780233e-02	3.194719e+00	-1.584460e-01
1.504006682780233e-02	3.194719e+00	-1.584467e-01
1.505006682780233e-02	3.194719e+00	-1.584460e-01
1.506006682780233e-02	3.194719e+00	-1.584467e-01
1.507006682780233e-02	3.194719e+00	-1.584460e-01
1.508006682780233e-02	3.194719e+00	-1.584467e-01
1.509006682780233e-02	3.194719e+00	-1.584460e-01
1.510006682780233e-02	3.194719e+00	-1.584467e-01
1.511006682780233e-02	3.194719e+00	-1.584460e-01
1.512006682780233e-02	3.194719e+00	-1.584467e-01
1.513006682780233e-02	3.194719e+00	-1.584460e-01
1.514006682780233e-02	3.194719e+00	-1.584467e-01
1.515006682780233e-02	3.194719e+00	-1.584460e-01
1.516006682780233e-02	3.194719e+00	-1.584467e-01
1.517006682780233e-02	3.194719e+00	-1.584460e-01
1.518006682780233e-02	3.194719e+00	-1.584467e-01
1.519006682780233e-02	3.194719e+00	-1.584460e-01
1.520006682780233e-02	3.194719e+00	-1.584467e-01
1.521006682780233e-02	3.194719e+00	-1.584460e-01
1.522006682780233e-02	3.194719e+00	-1.584467e-01
1.523006682780233e-02	3.194719e+00	-1.584460e-01
1.524006682780233e-02	3.194719e+00	-1.584467e-01
1.525006682780233e-02	3.194719e+00	-1.584460e-01
1.526006682780233e-02	3.194719e+00	-1.584467e-01
1.527006682780233e-02	3.194719e+00	-1.584460e-01
1.528006682780233e-02	3.194719e+00	-1.584467e-01
1.529006682780233e-02	3.194719e+00	-1.584460e-01
1.530006682780233e-02	3.194719e+00	-1.584467e-01
1.531006682780233e-02	3.194719e+00	-1.584460e-01
1.532006682780233e-02	3.194719e+00	-1.584467e-01
1.533006682780233e-02	3.194719e+00	-1.584460e-01
1.534006682780233e-02	3.194719e+00	-1.584467e-01
1.535006682780233e-02	3.194719e+00	-1.584460e-01
1.536006682780233e-02	3.194719e+00	-1.584467e-01
1.537006682780233e-02	3.194719e+00	-1.584460e-01
1.538006682780233e-02	3.194719e+00	-1.584467e-01
1.539006682780233e-02	3.194719e+00	-1.584460e-01
1.540006682780233e-02	3.194719e+00	-1.584467e-01
1.541006682780233e-02	3.194719e+00	-1.584460e-01
1.542006682780233e-02	3.194719e+00	-1.584467e-01
1.543006682780233e-02	3.194719e+00	-1.584460e-01
1.544006682780233e-02	3.194719e+00	-1.584467e-01
1.545006682780233e-02	3.194719e+00	-1.584460e-01
1.546006682780233e-02	3.194719e+00	-1.584467e-01
1.547006682780233e-02	3.194719e+00	-1.584460e-01
1.548006682780233e-02	3.194719e+00	-1.584467e-01
1.549006682780233e-02	3.194719e+00	-1.584460e-01
1.550006682780233e-02	3.194719e+00	-1.584467e-01
1.551006682780233e-02	3.194719e+00	-1.584460e-01
1.552006682780233e-02	3.194719e+00	-1.584467e-01
1.553006682780233e-02	3.194719e+00	-1.584460e-01
1.554006682780233e-02	3.194719e+00	-1.584467e-01
1.555006682780233e-02	3.194719e+00	-1.584460e-01
1.556006682780233e-02	3.194719e+00	-1.584467e-01
1.557006682780233e-02	3.194719e+00	-1.584460e-01
1.558006682780233e-02	3.194719e+00	-1.584467e-01
1.559006682780233e-02	3.194719e+00	-1.584460e-01
1.560006682780233e-02	3.194719e+00	-1.584467e-01
1.561006682780233e-02	3.194719e+00	-1.584460e-01
1.562006682780233e-02	3.194719e+00	-1.584467e-01
1.563006682780233e-02	3.194719e+00	-1.584460e-01
1.564006682780233e-02	3.194719e+00	-1.584467e-01
1.565006682780233e-02	3.194719e+00	-1.584460e-01
1.566006682780233e-02	3.194719e+00	-1.584467e-01
1.567006682780233e-02	3.194719e+00	-1.584460e-01
1.568006682780233e-02	3.194719e+00	-1.584467e-01
1.569006682780233e-02	3.194719e+00	-1.584460e-01
1.570006682780233e-02	3.194719e+00	-1.584467e-01
1.571006682780233e-02	3.194719e+00	-1.584460e-01
1.572006682780233e-02	3.194719e+00	-1.584467e-01
1.573006682780233e-02	3.194719e+00	-1.584460e-01
1.574006682780233e-02	3.194719e+00	-1.584467e-01
1.575006682780233e-02	3.194719e+00	-1.584460e-01
1.576006682780233e-02	3.194719e+00	-1.584467e-01
1.577006682780233e-02	3.194719e+00	-1.584460e-01
1.578006682780233e-02	3.194719e+00	-1.584467e-01
1.579006682780233e-02	3.194719e+00	-1.584460e-01
1.580006682780233e-02	3.194719e+00	-1.584467e-01
1.581006682780233e-02	3.194719e+00	-1.584460e-01
1.582006682780233e-02	3.194719e+00	-1.584467e-01
1.583006682780233e-02	3.194719e+00	-1.584460e-01
1.584006682780233e-02	3.194719e+00	-1.584467e-01
1.585006682780233e-02	3.194719e+00	-1.584460e-01
1.586006682780233e-02	3.194719e+00	-1.584467e-01
1.587006682780233e-02	3.194719e+00	-1.584460e-01
1.588006682780233e-02	3.194719e+00	-1.584467e-01
1.589006682780233e-02	3.194719e+00	-1.584460e-01
1.590006682780233e-02	3.194719e+00	-1.584467e-01
1.591006682780233e-02	3.194719e+00	-1.584460e-01
1.592006682780233e-02	3.194719e+00	-1.584467e-01
1.593006682780233e-02	3.194719e+00	-1.584460e-01
1.594006682780233e-02	3.194719e+00	-1.584467e-01
1.595006682780233e-02	3.194719e+00	-1.584460e-01
1.596006682780233e-02	3.194719e+00	-1.584467e-01
1.597006682780233e-02	3.194719e+00	-1.584460e-01
1.598006682780233e-02	3.194719e+00	-1.584467e-01
1.599006682780233e-02	3.194719e+00	-1.584460e-01
1.600006682780233e-02	3.194719e+00	-1.584467e-01
1.601006682780233e-02	3.194719e+00	-1.584460e-01
1.602006682780233e-02	3.194719e+00	-1.584467e-01
1.603006682780233e-02	3.194719e+00	-1.584460e-01
1.604006682780233e-02	3.194719e+00	-1.584467e-01
1.605006682780233e-02	3.194719e+00	-1.584460e-01
1.606006682780233e-02	3.194719e+00	-1.584467e-01
1.607006682780233e-02	3.194719e+00	-1.584460e-01
1.608006682780233e-02	3.194719e+00	-1.584467e-01
1.609006682780233e-02	3.194719e+00	-1.584460e-01
1.610006682780233e-02	3.194719e+00	-1.584467e-01
1.611006682780233e-02	3.194719e+00	-1.584460e-01
1.612006682780233e-02	3.194719e+00	-1.584467e-01
1.613006682780233e-02	3.194719e+00	-1.584460e-01
1.614006682780233e-02	3.194719e+00	-1.584467e-01
1.615006682780233e-02	3.194719e+00	-1.584460e-01
1.616006682780233e-02	3.194719e+00	-1.584467e-01
1.617006682780233e-02	3.194719e+00	-1.584460e-01
1.618006682780233e-02	3.194719e+00	-1.584467e-01
1.619006682780233e-02	3.194719e+00	-1.584460e-01
1.620006682780233e-02	3.194719e+00	-1.584467e-01
1.621006682780233e-02	3.194719e+00	-1.584460e-01
1.622006682780233e-02	3.194719e+00	-1.584467e-01
1.623006682780233e-02	3.194719e+00	-1.584460e-01
1.624006682780233e-02	3.194719e+00	-1.584467e-01
1.625006682780233e-02	3.194719e+00	-1.584460e-01
1.626006682780233e-02	3.194719e+00	-1.584467e-01
1.627006682780233e-02	3.194719e+00	-1.584460e-01
1.628006682780233e-02	3.194719e+00	-1.584467e-01
1.629006682780233e-02	3.194719e+00	-1.584460e-01
1.630006682780233e-02	3.194719e+00	-1.584467e-01
1.631006682780233e-02	3.194719e+00	-1.584460e-01
1.632006682780233e-02	3.194719e+00	-1.584467e-01
1.633006682780233e-02	3.194719e+00	-1.584460e-01
1.634006682780233e-02	3.194719e+00	-1.584467e-01
1.635006682780233e-02	3.194719e+00	-1.584460e-01
1.636006682780233e-02	3.194719e+00	-1.584467e-01
1.637006682780233e-02	3.194719e+00	-1.584460e-01
1.638006682780233e-02	3.194719e+00	-1.584467e-01
1.639006682780233e-02	3.194719e+00	-1.584460e-01
1.640006682780233e-02	3.194719e+00	-1.584467e-01
1.641006682780233e-02	3.194719e+00	-1.584460e-01
1.642006682780233e-02	3.194719e+00	-1.584467e-01
1.643006682780233e-02	3.194719e+00	-1.584460e-01
1.644006682780233e-02	3.194719e+00	-1.584467e-01
1.645006682780233e-02	3.194719e+00	-1.584460e-01
1.646006682780233e-02	3.194719e+00	-1.584467e-01
1.647006682780233e-02	3.194719e+00	-1.584460e-01
1.648006682780233e-02	3.194719e+00	-1.584467e-01
1.649006682780233e-02	3.194719e+00	-1.584460e-01
1.650006682780233e-02	3.194719e+00	-1.584467e-01
1.651006682780233e-02	3.194719e+00	-1.584460e-01
1.652006682780233e-02	3.194719e+00	-1.584467e-01
1.653006682780233e-02	3.194719e+00	-1.584460e-01
1.654006682780233e-02	3.194719e+00	-1.584467e-01
1.655006682780233e-02	3.194719e+00	-1.584460e-01
1.656006682780233e-02	3.194719e+00	-1.584467e-01
1.657006682780233e-02	3.194719e+00	-1.584460e-01
1.658006682780233e-02	3.194719e+00	-1.584467e-01
1.659006682780233e-02	3.194719e+00	-1.584460e-01
1.660006682780233e-02	3.194719e+00	-1.584467e-01
1.661006682780233e-02	3.194719e+00	-1.584460e-01
1.662006682780233e-02	3.194719e+00	-1.584467e-01
1.663006682780233e-02	3.194719e+00	-1.584460e-01
1.664006682780233e-02	3.194719e+00	-1.584467e-01
1.665006682780233e-02	3.194719e+00	-1.584460e-01
1.666006682780233e-02	3.194719e+00	-1.584467e-01
1.667006682780233e-02	3.194719e+00	-1.584460e-01
1.668006682780233e-02	3.194719e+00	-1.584467e-01
1.669006682780233e-02	3.194719e+00	-1.584460e-01
1.670006682780233e-02	3.194719e+00	-1.584467e-01
1.671006682780233e-02	3.194719e+00	-1.584460e-01
1.672006682780233e-02	3.194719e+00	-1.584467e-01
1.673006682780233e-02	3.194719e+00	-1.584460e-01
1.674006682780233e-02	3.194719e+00	-1.584467e-01
1.675006682780233e-02	3.194719e+00	-1.584460e-01
1.676006682780233e-02	3.194719e+00	-1.584467e-01
1.677006682780233e-02	3.194719e+00	-1.584460e-01
1.678006682780233e-02	3.194719e+00	-1.584467e-01
1.679006682780233e-02	3.194719e+00	-1.584460e-01
1.680006682780233e-02	3.194719e+00	-1.584467e-01
1.681006682780233e-02	3.194719e+00	-1.584460e-01
1.682006682780233e-02	3.194719e+00	-1.584467e-01
1.683006682780233e-02	3.194719e+00	-1.584460e-01
1.684006682780233e-02	3.194719e+00	-1.584467e-01
1.685006682780233e-02	3.194719e+00	-1.584460e-01
1.686006682780233e-02	3.194719e+00	-1.584467e-01
1.687006682780233e-02	3.194719e+00	-1.584460e-01
1.688006682780233e-02	3.194719e+00	-1.584467e-01
1.689006682780233e-02	3.194719e+00	-1.584460e-01
1.690006682780233e-02	3.194719e+00	-1.584467e-01
1.691006682780233e-02	3.194719e+00	-1.584460e-01
1.692006682780233e-02	3.194719e+00	-1.584467e-01
1.693006682780233e-02	3.194719e+00	-1.584460e-01
1.694006682780233e-02	3.194719e+00	-1.584467e-01
1.695006682780233e-02	3.194719e+00	-1.584460e-01
1.696006682780233e-02	3.194719e+00	-1.584467e-01
1.697006682780233e-02	3.194719e+00	-1.584460e-01
1.698006682780233e-02	3.194719e+00	-1.584467e-01
1.699006682780233e-02	3.194719e+00	-1.584460e-01
1.700006682780233e-02	3.194719e+00	-1.584467e-01
1.701006682780233e-02	3.194719e+00	-1.584460e-01
1.702006682780233e-02	3.194719e+00	-1.584467e-01
1.703006682780233e-02	3.194719e+00	-1.584460e-01
1.704006682780233e-02	3.194719e+00	-1.584467e-01
1.705006682780233e-02	3.194719e+00	-1.584460e-01
1.706006682780233e-02	3.194719e+00	-1.584467e-01
1.707006682780233e-02	3.194719e+00	-1.584460e-01
1.708006682780233e-02	3.194719e+00	-1.584467e-01
1.709006682780233e-02	3.194719e+00	-1.584460e-01
1.710006682780233e-02	3.194719e+00	-1.584467e-01
1.711006682780233e-02	3.194719e+00	-1.584460e-01
1.712006682780233e-02	3.194719e+00	-1.584467e-01
1.713006682780233e-02	3.194719e+00	-1.584460e-01
1.714006682780233e-02	3.194719e+00	-1.584467e-01
1.715006682780233e-02	3.194719e+00	-1.584460e-01
1.716006682780233e-02	3.194719e+00	-1.584467e-01
1.717006682780233e-02	3.194719e+00	-1.584460e-01
1.718006682780233e-02	3.194719e+00	-1.584467e-01
1.719006682780233e-02	3.194719e+00	-1.584460e-01
1.720006682780233e-02	3.194719e+00	-1.584467e-01
1.721006682780233e-02	3.194719e+00	-1.584460e-01
1.722006682780233e-02	3.194719e+00	-1.584467e-01
1.723006682780233e-02	3.194719e+00	-1.584460e-01
1.724006682780233e-02	3.194719e+00	-1.584467e-01
1.725006682780233e-02	3.194719e+00	-1.584460e-01
1.726006682780233e-02	3.194719e+00	-1.584467e-01
1.727006682780233e-02	3.194719e+00	-1.584460e-01
1.728006682780233e-02	3.194719e+00	-1.584467e-01
1.729006682780233e-02	3.194719e+00	-1.584460e-01
1.730006682780233e-02	3.194719e+00	-1.584467e-01
1.731006682780233e-02	3.194719e+00	-1.584460e-01
1.732006682780233e-02	3.194719e+00	-1.584467e-01
1.733006682780233e-02	3.194719e+00	-1.584460e-01
1.734006682780233e-02	3.194719e+00	-1.584467e-01
1.735006682780233e-02	3.194719e+00	-1.584460e-01
1.736006682780233e-02	3.194719e+00	-1.584467e-01
1.737006682780233e-02	3.194719e+00	-1.584460e-01
1.738006682780233e-02	3.194719e+00	-1.584467e-01
1.739006682780233e-02	3.194719e+00	-1.584460e-01
1.740006682780233e-02	3.194719e+00	-1.584467e-01
1.741006682780233e-02	3.194719e+00	-1.584460e-01
1.742006682780233e-02	3.194719e+00	-1.584467e-01
1.743006682780233e-02	3.194719e+00	-1.584460e-01
1.744006682780233e-02	3.194719e+00	-1.584467e-01
1.745006682780233e-02	3.194719e+00	-1.584460e-01
1.746006682780233e-02	3.194719e+00	-1.584467e-01
1.747006682780233e-02	3.194719e+00	-1.584460e-01
1.748006682780233e-02	3.194719e+00	-1.584467e-01
1.749006682780233e-02	3.194719e+00	-1.584460e-01
1.750006682780233e-02	3.194719e+00	-1.584467e-01
1.751006682780233e-02	3.194719e+00	-1.584460e-01
1.752006682780233e-02	3.194719e+00	-1.584467e-01
1.753006682780233e-02	3.194719e+00	-1.584460e-01
1.754006682780233e-02	3.194719e+00	-1.584467e-01
1.755006682780233e-02	3.194719e+00	-1.584460e-01
1.756006682780233e-02	3.194719e+00	-1.584467e-01
1.757006682780233e-02	3.194719e+00	-1.584460e-01
1.758006682780233e-02	3.194719e+00	-1.584467e-01
1.759006682780233e-02	3.194719e+00	-1.584460e-01
1.760006682780233e-02	3.194719e+00	-1.584467e-01
1.761006682780233e-02	3.194719e+00	-1.584460e-01
1.762006682780233e-02	3.194719e+00	-1.584467e-01
1.763006682780233e-02	3.194719e+00	-1.584460e-01
1.764006682780233e-02	3.194719e+00	-1.584467e-01
1.765006682780233e-02	3.194719e+00	-1.584460e-01
1.766006682780233e-02	3.194719e+00	-1.584467e-01
1.767006682780233e-02	3.194719e+00	-1.584460e-01
1.768006682780233e-02	3.194719e+00	-1.584467e-01
1.769006682780233e-02	3.194719e+00	-1.584460e-01
1.770006682780233e-02	3.194719e+00	-1.584467e-01
1.771006682780233e-02	3.194719e+00	-1.584460e-01
1.772006682780233e-02	3.194719e+00	-1.584467e-01
1.773006682780233e-02	3.194719e+00	-1.584460e-01
1.774006682780233e-02	3.194719e+00	-1.584467e-01
1.775006682780233e-02	3.194719e+00	-1.584460e-01
1.776006682780233e-02	3.194719e+00	-1.584467e-01
1.777006682780233e-02	3.194719e+00	-1.584460e-01
1.778006682780233e-02	3.194719e+00	-1.584467e-01
1.779006682780233e-02	3.194719e+00	-1.584460e-01
1.780006682780233e-02	3.194719e+00	-1.584467e-01
1.781006682780233e-02	3.194719e+00	-1.584460e-01
1.782006682780233e-02	3.194719e+00	-1.584467e-01
1.783006682780233e-02	3.194719e+00	-1.584460e-01
1.784006682780233e-02	3.194719e+00	-1.584467e-01
1.785006682780233e-02	3.194719e+00	-1.584460e-01
1.786006682780233e-02	3.194719e+00	-1.584467e-01
1.787006682780233e-02	3.194719e+00	-1.584460e-01
1.788006682780233e-02	3.194719e+00	-1.584467e-01
1.789006682780233e-02	3.194719e+00	-1.584460e-01
1.790006682780233e-02	3.194719e+00	-1.584467e-01
1.791006682780233e-02	3.194719e+00	-1.584460e-01
1.792006682780233e-02	3.194719e+00	-1.584467e-01
1.793006682780233e-02	3.194719e+00	-1.584460e-01
1.794006682780233e-02	3.194719e+00	-1.584467e-01
1.795006682780233e-02	3.194719e+00	-1.584460e-01
1.796006682780233e-02	3.194719e+00	-1.584467e-01
1.797006682780233e-02	3.194719e+00	-1.584460e-01
1.798006682780233e-02	3.194719e+00	-1.584467e-01
1.799006682780233e-02	3.194719e+00	-1.584460e-01
1.800006682780233e-02	3.194719e+00	-1.584467e-01
1.801006682780233e-02	3.194719e+00	-1.584460e-01
1.802006682780233e-02	3.194719e+00	-1.584467e-01
1.803006682780233e-02	3.194719e+00	-1.584460e-01
1.804006682780233e-02	3.194719e+00	-1.584467e-01
1.805006682780233e-02	3.194719e+00	-1.584460e-01
1.806006682780233e-02	3.194719e+00	-1.584467e-01
1.807006682780233e-02	3.194719e+00	-1.584460e-01
1.808006682780233e-02	3.194719e+00	-1.584467e-01
1.809006682780233e-02	3.194719e+00	-1.584460e-01
1.810006682780233e-02	3.194719e+00	-1.584467e-01
1.811006682780233e-02	3.194719e+00	-1.584460e-01
1.812006682780233e-02	3.194719e+00	-1.584467e-01
1.813006682780233e-02	3.194719e+00	-1.584460e-01
1.814006682780233e-02	3.194719e+00	-1.584467e-01
1.815006682780233e-02	3.194719e+00	-1.584460e-01
1.816006682780233e-02	3.194719e+00	-1.584467e-01
1.817006682780233e-02	3.194719e+00	-1.584460e-01
1.818006682780233e-02	3.194719e+00	-1.584467e-01
1.819006682780233e-02	3.194719e+00	-1.584460e-01
1.820006682780233e-02	3.194719e+00	-1.584467e-01
1.821006682780233e-02	3.194719e+00	-1.584460e-01
1.822006682780233e-02	3.194719e+00	-1.584467e-01
1.823006682780233e-02	3.194719e+00	-1.584460e-01
1.824006682780233e-02	3.194719e+00	-1.584467e-01
1.825006682780233e-02	3.194719e+00	-1.584460e-01
1.826006682780233e-02	3.194719e+00	-1.584467e-01
1.827006682780233e-02	3.194719e+00	-1.584460e-01
1.828006682780233e-02	3.194719e+00	-1.584467e-01
1.829006682780233e-02	3.194719e+00	-1.584460e-01
1.830006682780233e-02	3.194719e+00	-1.584467e-01
1.831006682780233e-02	3.194719e+00	-1.584460e-01
1.832006682780233e-02	3.194719e+00	-1.584467e-01
1.833006682780233e-02	3.194719e+00	-1.584460e-01
1.834006682780233e-02	3.194719e+00	-1.584467e-01
1.835006682780233e-02	3.194719e+00	-1.584460e-01
1.836006682780233e-02	3.194719e+00	-1.584467e-01
1.837006682780233e-02	3.194719e+00	-1.584460e-01
1.838006682780233e-02	3.194719e+00	-1.584467e-01
1.839006682780233e-02	3.194719e+00	-1.584460e-01
1.840006682780233e-02	3.194719e+00	-1.584467e-01
1.841006682780233e-02	3.194719e+00	-1.584460e-01
1.842006682780233e-02	3.194719e+00	-1.584467e-01
1.843006682780233e-02	3.194719e+00	-1.584460e-01
1.844006682780233e-02	3.194719e+00	-1.584467e-01
1.845006682780233e-02	3.194719e+00	-1.584460e-01
1.846006682780233e-02	3.194719e+00	-1.584467e-01
1.847006682780233e-02	3.194719e+00	-1.584460e-01
1.848006682780233e-02	3.194719e+00	-1.584467e-01
1.849006682780233e-02	3.194719e+00	-1.584460e-01
1.850006682780233e-02	3.194719e+00	-1.584467e-01
1.851006682780233e-02	3.194719e+00	-1.584460e-01
1.852006682780233e-02	3.194719e+00	-1.584467e-01
1.853006682780233e-02	3.194719e+00	-1.584460e-01
1.854006682780233e-02	3.194719e+00	-1.584467e-01
1.855006682780233e-02	3.194719e+00	-1.584460e-01
1.856006682780233e-02	3.194719e+00	-1.584467e-01
1.857006682780233e-02	3.194719e+00	-1.584460e-01
1.858006682780233e-02	3.194719e+00	-1.584467e-01
1.859006682780233e-02	3.194719e+00	-1.584460e-01
1.860006682780233e-02	3.194719e+00	-1.584467e-01
1.861006682780233e-02	3.194719e+00	-1.584460e-01
1.862006682780233e-02	3.194719e+00	-1.584467e-01
1.863006682780233e-02	3.194719e+00	-1.584460e-01
1.864006682780233e-02	3.194719e+00	-1.584467e-01
1.865006682780233e-02	3.194719e+00	-1.584460e-01
1.866006682780233e-02	3.194719e+00	-1.584467e-01
1.867006682780233e-02	3.194719e+00	-1.584460e-01
1.868006682780233e-02	3.194719e+00	-1.584467e-01
1.869006682780233e-02	3.194719e+00	-1.584460e-01
1.870006682780233e-02	3.194719e+00	-1.584467e-01
1.871006682780233e-02	3.194719e+00	-1.584460e-01
1.872006682780233e-02	3.194719e+00	-1.584467e-01
1.873006682780233e-02	3.194719e+00	-1.584460e-01
1.874006682780233e-02	3.194719e+00	-1.584467e-01
1.875006682780233e-02	3.194719e+00	-1.584460e-01
1.876006682780233e-02	3.194719e+00	-1.584467e-01
1.877006682780233e-02	3.194719e+00	-1.584460e-01
1.878006682780233e-02	3.194719e+00	-1.584467e-01
1.879006682780233e-02	3.194719e+00	-1.584460e-01
1.880006682780233e-02	3.194719e+00	-1.584467e-01
1.881006682780233e-02	3.194719e+00	-1.584460e-01
1.882006682780233e-02	3.194719e+00	-1.584467e-01
1.883006682780233e-02	3.194719e+00	-1.584460e-01
1.884006682780233e-02	3.194719e+00	-1.584467e-01
1.885006682780233e-02	3.194719e+00	-1.584460e-01
1.886006682780233e-02	3.194719e+00	-1.584467e-01
1.887006682780233e-02	3.194719e+00	-1.584460e-01
1.888006682780233e-02	3.194719e+00	-1.584467e-01
1.889006682780233e-02	3.194719e+00	-1.584460e-01
1.890006682780233e-02	3.194719e+00	-1.584467e-01
1.891006682780233e-02	3.194719e+00	-1.584460e-01
1.892006682780233e-02	3.194719e+00	-1.584467e-01
1.893006682780233e-02	3.194719e+00	-1.584460e-01
1.894006682780233e-02	3.194719e+00	-1.584467e-01
1.895006682780233e-02	3.194719e+00	-1.584460e-01
1.896006682780233e-02	3.194719e+00	-1.584467e-01
1.897006682780233e-02	3.194719e+00	-1.584460e-01
1.898006682780233e-02	3.194719e+00	-1.584467e-01
1.899006682780233e-02	3.194719e+00	-1.584460e-01
1.900006682780233e-02	3.194719e+00	-1.584467e-01
1.901006682780233e-02	3.194719e+00	-1.584460e-01
1.902006682780233e-02	3.194719e+00	-1.584467e-01
1.903006682780233e-02	3.194719e+00	-1.584460e-01
1.904006682780233e-02	3.194719e+00	-1.584467e-01
1.905006682780233e-02	3.194719e+00	-1.584460e-01
1.906006682780233e-02	3.194719e+00	-1.584467e-01
1.907006682780233e-02	3.194719e+00	-1.584460e-01
1.908006682780233e-02	3.194719e+00	-1.584467e-01
1.909006682780233e-02	3.194719e+00	-1.584460e-01
1.910006682780233e-02	3.194719e+00	-1.584467e-01
1.911006682780233e-02	3.194719e+00	-1.584460e-01
1.912006682780233e-02	3.194719e+00	-1.584467e-01
1.913006682780233e-02	3.194719e+00	-1.584460e-01
1.914006682780233e-02	3.194719e+00	-1.584467e-01
1.915006682780233e-02	3.194719e+00	-1.584460e-01
1.916006682780233e-02	3.194719e+00	-1.584467e-01
1.917006682780233e-02	3.194719e+00	-1.584460e-01
1.918006682780233e-02	3.194719e+00	-1.584467e-01
1.919006682780233e-02	3.194719e+00	-1.584460e-01
1.920006682780233e-02	3.194719e+00	-1.584467e-01
1.921006682780233e-02	3.194719e+00	-1.584460e-01
1.922006682780233e-02	3.194719e+00	-1.584467e-01
1.923006682780233e-02	3.194719e+00	-1.584460e-01
1.924006682780233e-02	3.194719e+00	-1.584467e-01
1.925006682780233e-02	3.194719e+00	-1.584460e-01
1.926006682780233e-02	3.194719e+00	-1.584467e-01
1.927006682780233e-02	3.194719e+00	-1.584460e-01
1.928006682780233e-02	3.194719e+00	-1.584467e-01
1.929006682780233e-02	3.194719e+00	-1.584460e-01
1.930006682780233e-02	3.194719e+00	-1.584467e-01
1.931006682780233e-02	3.194719e+00	-1.584460e-01
1.932006682780233e-02	3.194719e+00	-1.584467e-01
1.933006682780233e-02	3.194719e+00	-1.584460e-01
1.934006682780233e-02	3.194719e+00	-1.584467e-01
1.935006682780233e-02	3.194719e+00	-1.584460e-01
1.936006682780233e-02	3.194719e+00	-1.584467e-01
1.937006682780233e-02	3.194719e+00	-1.584460e-01
1.938006682780233e-02	3.194719e+00	-1.584467e-01
1.939006682780233e-02	3.194719e+00	-1.584460e-01
1.940006682780233e-02	3.194719e+00	-1.584467e-01
1.941006682780233e-02	3.194719e+00	-1.584460e-01
1.942006682780233e-02	3.194719e+00	-1.584467e-01
1.943006682780233e-02	3.194719e+00	-1.584460e-01
1.944006682780233e-02	3.194719e+00	-1.584467e-01
1.945006682780233e-02	3.194719e+00	-1.584460e-01
1.946006682780233e-02	3.194719e+00	-1.584467e-01
1.947006682780233e-02	3.194719e+00	-1.584460e-01
1.948006682780233e-02	3.194719e+00	-1.584467e-01
1.949006682780233e-02	3.194719e+00	-1.584460e-01
1.950006682780233e-02	3.194719e+00	-1.584467e-01
1.951006682780233e-02	3.194719e+00	-1.584460e-01
1.952006682780233e-02	3.194719e+00	-1.584467e-01
1.953006682780233e-02	3.194719e+00	-1.584460e-01
1.954006682780233e-02	3.194719e+00	-1.584467e-01
1.955006682780233e-02	3.194719e+00	-1.584460e-01
1.956006682780233e-02	3.194719e+00	-1.584467e-01
1.957006682780233e-02	3.194719e+00	-1.584460e-01
1.958006682780233e-02	3.194719e+00	-1.584467e-01
1.959006682780233e-02	3.194719e+00	-1.584460e-01
1.960006682780233e-02	3.194719e+00	-1.584467e-01
1.961006682780233e-02	3.194719e+00	-1.584460e-01
1.962006682780233e-02	3.194719e+00	-1.584467e-01
1.963006682780233e-02	3.194719e+00	-1.584460e-01
1.964006682780233e-02	3.194719e+00	-1.584467e-01
1.965006682780233e-02	3.194719e+00	-1.584460e-01
1.966006682780233e-02	3.194719e+00	-1.584467e-01
1.967006682780233e-02	3.194719e+00	-1.584460e-01
1.968006682780233e-02	3.194719e+00	-1.584467e-01
1.969006682780233e-02	3.194719e+00	-1.584460e-01
1.970006682780233e-02	3.194719e+00	-1.584467e-01
1.971006682780233e-02	3.194719e+00	-1.584460e-01
1.972006682780233e-02	3.194719e+00	-1.584467e-01
1.973006682780233e-02	3.194719e+00	-1.584460e-01
1.974006682780233e-02	3.194719e+00	-1.584467e-01
1.975006682780233e-02	3.194719e+00	-1.584460e-01
1.976006682780233e-02	3.194719e+00	-1.584467e-01
1.977006682780233e-02	3.194719e+00	-1.584460e-01
1.978006682780233e-02	3.194719e+00	-1.584467e-01
1.979006682780233e-02	3.194719e+00	-1.584460e-01
1.980006682780233e-02	3.194719e+00	-1.584467e-01
1.981006682780233e-02	3.194719e+00	-1.584460e-01
1.982006682780233e-02	3.194719e+00	-1.584467e-01
1.983006682780233e-02	3.194719e+00	-1.584460e-01
1.984006682780233e-02	3.194719e+00	-1.584467e-01
1.985006682780233e-02	3.194719e+00	-1.584460e-01
1.986006682780233e-02	3.194719e+00	-1.584467e-01
1.987006682780233e-02	3.194719e+00	-1.584460e-01
1.988006682780233e-02	3.194719e+00	-1.584467e-01
1.989006682780233e-02	3.194719e+00	-1.584460e-01
1.990006682780233e-02	3.194719e+00	-1.584467e-01
1.991006682780233e-02	3.194719e+00	-1.584460e-01
1.992006682780233e-02	3.194719e+00	-1.584467e-01
1.993006682780233e-02	3.194719e+00	-1.584460e-01
1.994006682780233e-02	3.194719e+00	-1.584467e-01
1.995006682780233e-02	3.194719e+00	-1.584460e-01
1.996006682780233e-02	3.194719e+00	-1.584467e-01
1.997006682780233e-02	3.194719e+00	-1.584460e-01
1.998006682780233e-02	3.194719e+00	-1.584467e-01
1.999006682780233e-02	3.194719e+00	-1.584460e-01
2.000000000000000e-02	3.194719e+00	-1.584467e-01
Step Information: Rtierra=100K  (Step: 2/3)
0.000000000000000e+00	-1.654625e-04	-2.599899e-07
9.999999439624929e-11	-1.690388e-04	-2.602408e-07
1.999999887924986e-10	-1.652241e-04	-2.604214e-07
1.599999910339989e-09	-1.702309e-04	-2.631366e-07
3.199999820679977e-09	-1.842976e-04	-2.684180e-07
6.399999641359955e-09	-2.393723e-04	-2.844701e-07
1.279999928271991e-08	-4.489422e-04	-3.300625e-07
2.559999856543982e-08	-1.034021e-03	-4.411310e-07
4.655284035478130e-08	-2.972364e-03	-6.225320e-07
7.017871209551285e-08	-8.855581e-03	-7.870457e-07
8.260964284294040e-08	-9.519815e-03	-8.143020e-07
9.144384349908230e-08	-6.048918e-03	-7.548238e-07
1.011177957827331e-07	-1.791716e-03	-5.871624e-07
1.132773512186649e-07	8.602142e-04	-2.840837e-07
1.277003226220057e-07	2.411127e-03	1.026017e-07
1.493030071983491e-07	4.325867e-03	6.308930e-07
1.712015719852028e-07	6.721020e-03	1.070596e-06
1.966079520389228e-07	1.058960e-02	1.411600e-06
2.282981689374007e-07	1.522565e-02	1.615769e-06
2.654951034853616e-07	9.236336e-03	1.597387e-06
3.099703421564755e-07	1.077890e-03	1.578421e-06
3.664303251962468e-07	-3.082752e-04	1.557417e-06
4.524968093180559e-07	-6.389618e-04	1.522695e-06
6.246297775616742e-07	-1.194000e-03	1.458809e-06
8.378830681232660e-07	-2.049446e-03	1.392813e-06
1.079367324763518e-06	-2.987623e-03	1.333085e-06
1.344083399074382e-06	-3.956795e-03	1.280736e-06
1.654071881930884e-06	-5.047560e-03	1.231356e-06
2.019487771272939e-06	-6.299973e-03	1.184147e-06
2.465480520753424e-06	-7.806301e-03	1.136918e-06
3.014515968703464e-06	-9.602785e-03	1.089086e-06
3.738659731326718e-06	-1.182175e-02	1.037424e-06
4.808185777179956e-06	-1.538754e-02	9.774110e-07
6.025045404470007e-06	-2.020693e-02	9.256601e-07
7.107641097586486e-06	-2.446151e-02	8.903103e-07
8.320182118950906e-06	-2.905726e-02	8.591468e-07
9.431114468193154e-06	-3.325272e-02	8.365793e-07
1.065868006303079e-05	-3.781962e-02	8.166042e-07
1.181701634148098e-05	-4.212451e-02	8.020605e-07
1.305388619035189e-05	-4.669356e-02	7.915788e-07
1.422694384969732e-05	-5.101037e-02	7.891414e-07
1.543816419795139e-05	-5.542111e-02	7.994317e-07
1.658258766927642e-05	-5.950642e-02	8.258617e-07
1.773919560094404e-05	-6.352568e-02	8.688698e-07
1.887476496610491e-05	-6.733894e-02	9.220145e-07
2.016762988841508e-05	-7.151747e-02	9.883872e-07
2.170680401730211e-05	-7.624531e-02	1.069131e-06
2.358297096371123e-05	-8.166766e-02	1.163622e-06
2.584243528889018e-05	-8.771038e-02	1.266430e-06
2.882054834007913e-05	-9.500957e-02	1.377199e-06
3.221983992296077e-05	-1.026330e-01	1.464823e-06
3.571307690198942e-05	-1.098466e-01	1.523579e-06
3.946538455614200e-05	-1.171987e-01	1.536818e-06
4.315905914858560e-05	-1.243677e-01	1.496184e-06
4.714732898311467e-05	-1.321375e-01	1.439195e-06
5.112370569116014e-05	-1.400146e-01	1.389246e-06
5.508411136789523e-05	-1.479120e-01	1.350485e-06
6.222355195499723e-05	-1.619987e-01	1.324485e-06
6.487645316137097e-05	-1.670957e-01	1.336587e-06
6.661464220494357e-05	-1.703463e-01	1.354225e-06
6.762217879852487e-05	-1.744432e-01	1.367761e-06
6.821626227782008e-05	-1.854098e-01	-1.800331e-05
6.854816039536864e-05	-1.994674e-01	-3.195461e-05
6.885494768902434e-05	-2.163496e-01	-2.949861e-05
6.910702870291234e-05	-2.303410e-01	-2.934956e-05
6.938673425029109e-05	-2.457604e-01	-2.959434e-05
6.962626295844879e-05	-2.589231e-01	-2.910817e-05
6.987375591276241e-05	-2.724211e-01	-2.918670e-05
7.016388440059537e-05	-2.879953e-01	-2.819735e-05
7.058592142840125e-05	-3.100288e-01	-2.764705e-05
7.114222077917451e-05	-3.376911e-01	-2.538631e-05
7.171616658533284e-05	-3.639879e-01	-2.319760e-05
7.241818606346671e-05	-3.923030e-01	-1.931247e-05
7.327425323937472e-05	-4.205902e-01	-1.528051e-05
7.464604379558884e-05	-4.551111e-01	-9.216287e-06
7.561571170267012e-05	-4.731798e-01	-7.219776e-06
7.658813708069843e-05	-4.866832e-01	-4.662310e-06
7.775136541326523e-05	-4.990790e-01	-3.666726e-06
7.901570723886334e-05	-5.085824e-01	-1.865572e-06
8.054373592547435e-05	-5.144541e-01	1.933156e-06
8.124239424372097e-05	-5.161214e-01	-8.619044e-07
8.172500106235416e-05	-5.171263e-01	2.068070e-06
8.206084997782011e-05	-5.177816e-01	-6.931861e-07
8.234479870929961e-05	-5.183212e-01	2.078624e-06
8.263399162059422e-05	-5.188428e-01	-5.523688e-07
8.295794469696552e-05	-5.194134e-01	2.088767e-06
8.326674765248201e-05	-5.199289e-01	-4.197551e-07
8.358721009460980e-05	-5.204492e-01	2.105729e-06
8.390440784118643e-05	-5.209340e-01	-2.877940e-07
8.422754759799531e-05	-5.214092e-01	2.138829e-06
8.455323966118359e-05	-5.218512e-01	-1.396630e-07
8.488930766052616e-05	-5.222756e-01	2.214742e-06
8.523864834150891e-05	-5.226583e-01	6.418297e-08
8.561650075628736e-05	-5.230031e-01	2.390170e-06
8.604567143217865e-05	-5.232737e-01	3.873604e-07
8.659057733049093e-05	-5.234284e-01	2.740384e-06
8.747862757960430e-05	-5.233068e-01	8.964425e-07
8.855204598684117e-05	-5.227710e-01	3.181261e-06
8.969972885469557e-05	-5.218818e-01	1.196472e-06
9.125361595719159e-05	-5.203931e-01	3.363010e-06
9.358082614721353e-05	-5.178547e-01	1.347150e-06
9.617357505169038e-05	-5.148000e-01	3.456086e-06
9.909310276586862e-05	-5.111729e-01	1.411590e-06
1.023116553658078e-04	-5.070351e-01	3.492735e-06
1.064758799461304e-04	-5.015343e-01	1.442955e-06
1.109334229448725e-04	-4.955348e-01	3.509129e-06
1.165320897656353e-04	-4.878790e-01	1.454466e-06
1.229199751187591e-04	-4.790595e-01	3.508585e-06
1.313964304054611e-04	-4.672842e-01	1.446512e-06
1.413964304054611e-04	-4.533854e-01	3.486053e-06
1.513964304054611e-04	-4.395413e-01	1.415369e-06
1.613964304054611e-04	-4.258184e-01	3.447223e-06
1.713964304054611e-04	-4.122474e-01	1.373611e-06
1.813964304054611e-04	-3.988628e-01	3.400791e-06
1.913964304054611e-04	-3.856761e-01	1.326033e-06
2.013964304054611e-04	-3.727090e-01	3.349962e-06
2.113964304054611e-04	-3.599620e-01	1.274933e-06
2.213964304054611e-04	-3.474522e-01	3.295999e-06
2.313964304054611e-04	-3.351753e-01	1.221546e-06
2.413964304054611e-04	-3.231418e-01	3.240751e-06
2.513964304054611e-04	-3.113453e-01	1.166774e-06
2.613964304054611e-04	-2.997973e-01	3.184461e-06
2.713964304054611e-04	-2.884226e-01	1.128140e-06
2.744929033905967e-04	-2.840934e-01	3.359611e-06
2.776054106891360e-04	-2.798829e-01	1.179936e-06
2.792171495476939e-04	-2.776761e-01	3.367892e-06
2.809726326756164e-04	-2.752368e-01	1.184884e-06
2.826116353925256e-04	-2.729566e-01	3.362953e-06
2.853555134972836e-04	-2.691324e-01	1.182513e-06
2.885932784989957e-04	-2.646418e-01	3.351614e-06
2.939465460583127e-04	-2.572560e-01	1.166302e-06
2.995410400689396e-04	-2.496243e-01	3.325267e-06
3.084971693274005e-04	-2.375772e-01	1.130418e-06
3.184971693274005e-04	-2.243798e-01	3.274865e-06
3.284971693274005e-04	-2.114570e-01	1.077659e-06
3.384971693274005e-04	-1.988266e-01	3.219452e-06
3.484971693274005e-04	-1.864781e-01	1.023638e-06
3.584971693274005e-04	-1.744153e-01	3.164410e-06
3.684971693274005e-04	-1.627436e-01	9.679259e-07
3.784971693274005e-04	-1.518822e-01	3.038792e-06
3.884971693274005e-04	-1.420581e-01	8.145092e-07
3.984971693274005e-04	-1.332343e-01	2.892418e-06
4.084971693274005e-04	-1.253042e-01	6.777618e-07
4.184971693274005e-04	-1.181822e-01	2.763099e-06
4.284971693274005e-04	-1.117744e-01	5.573160e-07
4.384971693274004e-04	-1.060092e-01	2.649196e-06
4.484971693274005e-04	-1.008074e-01	4.511743e-07
4.584971693274004e-04	-9.611249e-02	2.548499e-06
4.684971693274005e-04	-9.185934e-02	3.570477e-07
4.784971693274004e-04	-8.800483e-02	2.458743e-06
4.884971693274005e-04	-8.449721e-02	2.727709e-07
4.984971693274005e-04	-8.130407e-02	2.377907e-06
5.084971693274004e-04	-7.838321e-02	1.964978e-07
5.184971693274004e-04	-7.571149e-02	2.304325e-06
5.284971693274005e-04	-7.325768e-02	1.262336e-07
5.384971693274005e-04	-7.100272e-02	2.237185e-06
5.484971693274004e-04	-6.892109e-02	6.145383e-08
5.584971693274004e-04	-6.700015e-02	2.174842e-06
5.684971693274005e-04	-6.521869e-02	1.236242e-09
5.784971693274005e-04	-6.356859e-02	2.116552e-06
5.884971693274004e-04	-6.203151e-02	-5.511867e-08
5.984971693274004e-04	-6.060243e-02	2.061741e-06
6.084971693274005e-04	-5.926561e-02	-1.081463e-07
6.184971693274005e-04	-5.801940e-02	2.009801e-06
6.284971693274004e-04	-5.684948e-02	-1.581003e-07
6.384971693274004e-04	-5.575514e-02	1.960587e-06
6.484971693274005e-04	-5.472422e-02	-2.054992e-07
6.584971693274005e-04	-5.375743e-02	1.913814e-06
6.684971693274004e-04	-5.284381e-02	-2.505912e-07
6.784971693274004e-04	-5.198479e-02	1.869256e-06
6.884971693274005e-04	-5.117035e-02	-2.935778e-07
6.984971693274005e-04	-5.040336e-02	1.826730e-06
7.084971693274004e-04	-4.967403e-02	-3.346248e-07
7.184971693274004e-04	-4.898596e-02	1.786083e-06
7.284971693274005e-04	-4.832983e-02	-3.738704e-07
7.384971693274005e-04	-4.770970e-02	1.747187e-06
7.484971693274004e-04	-4.711699e-02	-4.114324e-07
7.584971693274004e-04	-4.655623e-02	1.709933e-06
7.684971693274004e-04	-4.601884e-02	-4.474123e-07
7.784971693274005e-04	-4.550958e-02	1.674224e-06
7.884971693274004e-04	-4.502034e-02	-4.818992e-07
7.984971693274004e-04	-4.455662e-02	1.639975e-06
8.084971693274004e-04	-4.410982e-02	-5.149719e-07
8.184971693274005e-04	-4.367328e-02	1.607112e-06
8.284971693274004e-04	-4.322267e-02	-5.441244e-07
8.384971693274004e-04	-4.276633e-02	1.582295e-06
8.484971693274004e-04	-4.228735e-02	-5.690040e-07
8.584971693274005e-04	-4.180050e-02	1.556522e-06
8.684971693274004e-04	-4.130960e-02	-5.945247e-07
8.784971693274004e-04	-4.082704e-02	1.530498e-06
8.884971693274004e-04	-4.035211e-02	-6.200415e-07
8.984971693274005e-04	-3.989410e-02	1.504685e-06
9.084971693274004e-04	-3.944945e-02	-6.452083e-07
9.184971693274004e-04	-3.902555e-02	1.479338e-06
9.284971693274004e-04	-3.861713e-02	-6.698385e-07
9.384971693274005e-04	-3.823066e-02	1.454590e-06
9.484971693274004e-04	-3.786016e-02	-6.938388e-07
9.584971693274004e-04	-3.751087e-02	1.430505e-06
9.684971693274004e-04	-3.717709e-02	-7.171686e-07
9.784971693274005e-04	-3.686357e-02	1.407104e-06
9.884971693274005e-04	-3.656411e-02	-7.398154e-07
9.984971693274005e-04	-3.628397e-02	1.384393e-06
1.008497169327400e-03	-3.601599e-02	-7.617805e-07
1.018497169327400e-03	-3.576541e-02	1.362364e-06
1.028497169327400e-03	-3.552628e-02	-7.830723e-07
1.038497169327400e-03	-3.530264e-02	1.341009e-06
1.048497169327400e-03	-3.508878e-02	-8.037014e-07
1.058497169327400e-03	-3.488946e-02	1.320314e-06
1.068497169327400e-03	-3.469849e-02	-8.236794e-07
1.078497169327401e-03	-3.452063e-02	1.300268e-06
1.088497169327400e-03	-3.434968e-02	-8.430180e-07
1.098497169327400e-03	-3.419065e-02	1.280860e-06
1.108497169327400e-03	-3.403759e-02	-8.617283e-07
1.118497169327400e-03	-3.389549e-02	1.262077e-06
1.128497169327400e-03	-3.375864e-02	-8.798214e-07
1.138497169327400e-03	-3.363156e-02	1.243908e-06
1.148497169327400e-03	-3.350854e-02	-8.973082e-07
1.158497169327400e-03	-3.339458e-02	1.226343e-06
1.168497169327400e-03	-3.328419e-02	-9.141999e-07
1.178497169327400e-03	-3.318191e-02	1.209369e-06
1.188497169327400e-03	-3.308225e-02	-9.305076e-07
1.198497169327400e-03	-3.299069e-02	1.192976e-06
1.208497169327400e-03	-3.290105e-02	-9.462426e-07
1.218497169327400e-03	-3.281879e-02	1.177151e-06
1.228497169327400e-03	-3.273773e-02	-9.614170e-07
1.238497169327400e-03	-3.266358e-02	1.161882e-06
1.248497169327400e-03	-3.259015e-02	-9.760427e-07
1.258497169327400e-03	-3.252316e-02	1.147158e-06
1.268497169327400e-03	-3.245664e-02	-9.901324e-07
1.278497169327400e-03	-3.239608e-02	1.132964e-06
1.288497169327400e-03	-3.233600e-02	-1.003699e-06
1.298497169327400e-03	-3.228140e-02	1.119288e-06
1.308497169327400e-03	-3.222632e-02	-1.016755e-06
1.318497169327400e-03	-3.217673e-02	1.106117e-06
1.328497169327400e-03	-3.212690e-02	-1.029315e-06
1.338497169327400e-03	-3.208208e-02	1.093436e-06
1.348497169327400e-03	-3.203630e-02	-1.041391e-06
1.358497169327400e-03	-3.199553e-02	1.081233e-06
1.368497169327400e-03	-3.195405e-02	-1.052999e-06
1.378497169327400e-03	-3.191686e-02	1.069493e-06
1.388497169327400e-03	-3.187847e-02	-1.064151e-06
1.398497169327400e-03	-3.184485e-02	1.058202e-06
1.408497169327400e-03	-3.181005e-02	-1.074861e-06
1.418497169327400e-03	-3.177929e-02	1.047347e-06
1.428497169327400e-03	-3.174686e-02	-1.085143e-06
1.438497169327400e-03	-3.171873e-02	1.036914e-06
1.448497169327400e-03	-3.168917e-02	-1.095011e-06
1.458497169327400e-03	-3.166342e-02	1.026888e-06
1.468497169327400e-03	-3.163624e-02	-1.104479e-06
1.478497169327400e-03	-3.161263e-02	1.017256e-06
1.488497169327400e-03	-3.158712e-02	-1.113560e-06
1.498497169327400e-03	-3.156590e-02	1.008005e-06
1.508497169327400e-03	-3.154230e-02	-1.122268e-06
1.518497169327400e-03	-3.152251e-02	9.991215e-07
1.528497169327400e-03	-3.150082e-02	-1.130615e-06
1.538497169327400e-03	-3.148246e-02	9.905925e-07
1.548497169327400e-03	-3.146243e-02	-1.138614e-06
1.558497169327400e-03	-3.144550e-02	9.824050e-07
1.568497169327400e-03	-3.142667e-02	-1.146279e-06
1.578497169327400e-03	-3.141141e-02	9.745467e-07
1.588497169327400e-03	-3.139377e-02	-1.153621e-06
1.598497169327400e-03	-3.137946e-02	9.670052e-07
1.608497169327400e-03	-3.136325e-02	-1.160652e-06
1.618497169327400e-03	-3.135014e-02	9.597688e-07
1.628497169327400e-03	-3.133488e-02	-1.167385e-06
1.638497169327400e-03	-3.132272e-02	9.528259e-07
1.648497169327400e-03	-3.130841e-02	-1.173830e-06
1.658497169327400e-03	-3.129721e-02	9.461651e-07
1.668497169327400e-03	-3.128362e-02	-1.179999e-06
1.678497169327400e-03	-3.127313e-02	9.397755e-07
1.688497169327400e-03	-3.126049e-02	-1.185902e-06
1.698497169327400e-03	-3.125095e-02	9.336465e-07
1.708497169327400e-03	-3.123879e-02	-1.191550e-06
1.718497169327400e-03	-3.122997e-02	9.277678e-07
1.728497169327400e-03	-3.121877e-02	-1.196953e-06
1.738497169327400e-03	-3.121042e-02	9.221296e-07
1.748497169327400e-03	-3.119993e-02	-1.202121e-06
1.758497169327400e-03	-3.119230e-02	9.167220e-07
1.768497169327400e-03	-3.118205e-02	-1.207063e-06
1.778497169327400e-03	-3.117514e-02	9.115359e-07
1.788497169327400e-03	-3.116536e-02	-1.211788e-06
1.798497169327400e-03	-3.115892e-02	9.065624e-07
1.808497169327400e-03	-3.114986e-02	-1.216305e-06
1.818497169327400e-03	-3.114367e-02	9.017926e-07
1.828497169327400e-03	-3.113484e-02	-1.220623e-06
1.838497169327400e-03	-3.112936e-02	8.972184e-07
1.848497169327400e-03	-3.112102e-02	-1.224750e-06
1.858497169327400e-03	-3.111577e-02	8.928316e-07
1.868497169327400e-03	-3.110790e-02	-1.228693e-06
1.878497169327400e-03	-3.110290e-02	8.886246e-07
1.888497169327400e-03	-3.109574e-02	-1.232461e-06
1.898497169327400e-03	-3.109097e-02	8.845898e-07
1.908497169327400e-03	-3.108382e-02	-1.236060e-06
1.918497169327400e-03	-3.107953e-02	8.807201e-07
1.928497169327400e-03	-3.107285e-02	-1.239497e-06
1.938497169327400e-03	-3.106904e-02	8.770086e-07
1.948497169327400e-03	-3.106260e-02	-1.242780e-06
1.958497169327400e-03	-3.105879e-02	8.734486e-07
1.968497169327400e-03	-3.105259e-02	-1.245915e-06
1.978497169327400e-03	-3.104925e-02	8.700339e-07
1.988497169327400e-03	-3.104305e-02	-1.248907e-06
1.998497169327400e-03	-3.103995e-02	8.667584e-07
2.008497169327400e-03	-3.103423e-02	-1.251764e-06
2.018497169327400e-03	-3.103161e-02	8.636160e-07
2.028497169327400e-03	-3.102589e-02	-1.254490e-06
2.038497169327400e-03	-3.102326e-02	8.606013e-07
2.048497169327400e-03	-3.101778e-02	-1.257092e-06
2.058497169327400e-03	-3.101540e-02	8.577087e-07
2.068497169327400e-03	-3.101039e-02	-1.259574e-06
2.078497169327401e-03	-3.100801e-02	8.549332e-07
2.088497169327400e-03	-3.100300e-02	-1.261942e-06
2.098497169327400e-03	-3.100109e-02	8.522697e-07
2.108497169327400e-03	-3.099632e-02	-1.264200e-06
2.118497169327400e-03	-3.099418e-02	8.497134e-07
2.128497169327400e-03	-3.098989e-02	-1.266354e-06
2.138497169327400e-03	-3.098798e-02	8.472599e-07
2.148497169327400e-03	-3.098345e-02	-1.268407e-06
2.158497169327400e-03	-3.098202e-02	8.449046e-07
2.168497169327400e-03	-3.097749e-02	-1.270364e-06
2.178497169327400e-03	-3.097630e-02	8.426434e-07
2.188497169327400e-03	-3.097224e-02	-1.272229e-06
2.198497169327400e-03	-3.097081e-02	8.404723e-07
2.208497169327400e-03	-3.096676e-02	-1.274007e-06
2.218497169327400e-03	-3.096533e-02	8.383874e-07
2.228497169327400e-03	-3.096151e-02	-1.275699e-06
2.238497169327401e-03	-3.096032e-02	8.363850e-07
2.248497169327400e-03	-3.095675e-02	-1.277312e-06
2.258497169327400e-03	-3.095555e-02	8.344616e-07
2.268497169327400e-03	-3.095222e-02	-1.278847e-06
2.278497169327400e-03	-3.095126e-02	8.326137e-07
2.288497169327400e-03	-3.094769e-02	-1.280308e-06
2.298497169327400e-03	-3.094673e-02	8.308381e-07
2.308497169327400e-03	-3.094363e-02	-1.281699e-06
2.318497169327400e-03	-3.094292e-02	8.291318e-07
2.328497169327400e-03	-3.093934e-02	-1.283022e-06
2.338497169327400e-03	-3.093886e-02	8.274917e-07
2.348497169327400e-03	-3.093553e-02	-1.284280e-06
2.358497169327400e-03	-3.093529e-02	8.259150e-07
2.368497169327400e-03	-3.093195e-02	-1.285477e-06
2.378497169327400e-03	-3.093147e-02	8.243989e-07
2.388497169327400e-03	-3.092837e-02	-1.286614e-06
2.398497169327400e-03	-3.092813e-02	8.229408e-07
2.408497169327400e-03	-3.092527e-02	-1.287695e-06
2.418497169327400e-03	-3.092480e-02	8.215382e-07
2.428497169327400e-03	-3.092217e-02	-1.288721e-06
2.438497169327400e-03	-3.092170e-02	8.201888e-07
2.448497169327400e-03	-3.091908e-02	-1.289695e-06
2.458497169327400e-03	-3.091884e-02	8.188902e-07
2.468497169327400e-03	-3.091598e-02	-1.290620e-06
2.478497169327400e-03	-3.091574e-02	8.176402e-07
2.488497169327400e-03	-3.091311e-02	-1.291497e-06
2.498497169327400e-03	-3.091335e-02	8.164368e-07
2.508497169327400e-03	-3.091073e-02	-1.292329e-06
2.518497169327400e-03	-3.091073e-02	8.152779e-07
2.528497169327400e-03	-3.090835e-02	-1.293118e-06
2.538497169327400e-03	-3.090835e-02	8.141616e-07
2.548497169327400e-03	-3.090572e-02	-1.293865e-06
2.558497169327400e-03	-3.090596e-02	8.130860e-07
2.568497169327400e-03	-3.090334e-02	-1.294572e-06
2.578497169327400e-03	-3.090334e-02	8.120494e-07
2.588497169327400e-03	-3.090119e-02	-1.295241e-06
2.598497169327400e-03	-3.090143e-02	8.110501e-07
2.608497169327400e-03	-3.089905e-02	-1.295873e-06
2.618497169327400e-03	-3.089929e-02	8.100866e-07
2.628497169327400e-03	-3.089714e-02	-1.296471e-06
2.638497169327400e-03	-3.089738e-02	8.091571e-07
2.648497169327400e-03	-3.089499e-02	-1.297035e-06
2.658497169327400e-03	-3.089547e-02	8.082604e-07
2.668497169327400e-03	-3.089333e-02	-1.297568e-06
2.678497169327400e-03	-3.089356e-02	8.073949e-07
2.688497169327400e-03	-3.089166e-02	-1.298070e-06
2.698497169327400e-03	-3.089213e-02	8.065593e-07
2.708497169327400e-03	-3.088999e-02	-1.298542e-06
2.718497169327400e-03	-3.089046e-02	8.057523e-07
2.728497169327400e-03	-3.088832e-02	-1.298987e-06
2.738497169327400e-03	-3.088880e-02	8.049727e-07
2.748497169327400e-03	-3.088689e-02	-1.299406e-06
2.758497169327400e-03	-3.088713e-02	8.042193e-07
2.768497169327400e-03	-3.088522e-02	-1.299798e-06
2.778497169327400e-03	-3.088570e-02	8.034909e-07
2.788497169327400e-03	-3.088379e-02	-1.300166e-06
2.798497169327400e-03	-3.088427e-02	8.027865e-07
2.808497169327400e-03	-3.088260e-02	-1.300511e-06
2.818497169327400e-03	-3.088307e-02	8.021050e-07
2.828497169327400e-03	-3.088117e-02	-1.300834e-06
2.838497169327400e-03	-3.088188e-02	8.014454e-07
2.848497169327400e-03	-3.087997e-02	-1.301135e-06
2.858497169327400e-03	-3.088069e-02	8.008069e-07
2.868497169327400e-03	-3.087878e-02	-1.301415e-06
2.878497169327400e-03	-3.087950e-02	8.001884e-07
2.888497169327400e-03	-3.087783e-02	-1.301676e-06
2.898497169327400e-03	-3.087854e-02	7.995892e-07
2.908497169327400e-03	-3.087640e-02	-1.301918e-06
2.918497169327400e-03	-3.087735e-02	7.990083e-07
2.928497169327400e-03	-3.087568e-02	-1.302143e-06
2.938497169327400e-03	-3.087640e-02	7.984451e-07
2.948497169327400e-03	-3.087449e-02	-1.302350e-06
2.958497169327400e-03	-3.087544e-02	7.978986e-07
2.968497169327400e-03	-3.087378e-02	-1.302541e-06
2.978497169327400e-03	-3.087473e-02	7.973682e-07
2.988497169327400e-03	-3.087282e-02	-1.302716e-06
2.998497169327400e-03	-3.087354e-02	7.968533e-07
3.008497169327400e-03	-3.087187e-02	-1.302876e-06
3.018497169327400e-03	-3.087258e-02	7.963530e-07
3.028497169327400e-03	-3.087091e-02	-1.303022e-06
3.038497169327400e-03	-3.087187e-02	7.958669e-07
3.048497169327400e-03	-3.087020e-02	-1.303154e-06
3.058497169327400e-03	-3.087115e-02	7.953943e-07
3.068497169327400e-03	-3.086948e-02	-1.303272e-06
3.078497169327400e-03	-3.087044e-02	7.949346e-07
3.088497169327400e-03	-3.086877e-02	-1.303379e-06
3.098497169327400e-03	-3.086972e-02	7.944872e-07
3.108497169327400e-03	-3.086805e-02	-1.303473e-06
3.118497169327400e-03	-3.086901e-02	7.940517e-07
3.128497169327400e-03	-3.086758e-02	-1.303556e-06
3.138497169327400e-03	-3.086853e-02	7.936275e-07
3.148497169327400e-03	-3.086686e-02	-1.303628e-06
3.158497169327400e-03	-3.086782e-02	7.932140e-07
3.168497169327400e-03	-3.086638e-02	-1.303689e-06
3.178497169327400e-03	-3.086734e-02	7.928110e-07
3.188497169327400e-03	-3.086567e-02	-1.303740e-06
3.198497169327400e-03	-3.086662e-02	7.924178e-07
3.208497169327400e-03	-3.086495e-02	-1.303781e-06
3.218497169327400e-03	-3.086615e-02	7.920341e-07
3.228497169327400e-03	-3.086472e-02	-1.303814e-06
3.238497169327400e-03	-3.086567e-02	7.916595e-07
3.248497169327400e-03	-3.086400e-02	-1.303837e-06
3.258497169327400e-03	-3.086495e-02	7.912935e-07
3.268497169327400e-03	-3.086352e-02	-1.303852e-06
3.278497169327400e-03	-3.086472e-02	7.909359e-07
3.288497169327400e-03	-3.086305e-02	-1.303859e-06
3.298497169327400e-03	-3.086400e-02	7.905862e-07
3.308497169327400e-03	-3.086257e-02	-1.303859e-06
3.318497169327400e-03	-3.086352e-02	7.902441e-07
3.328497169327400e-03	-3.086209e-02	-1.303850e-06
3.338497169327400e-03	-3.086305e-02	7.899093e-07
3.348497169327400e-03	-3.086185e-02	-1.303835e-06
3.358497169327400e-03	-3.086281e-02	7.895815e-07
3.368497169327400e-03	-3.086114e-02	-1.303813e-06
3.378497169327400e-03	-3.086233e-02	7.892603e-07
3.388497169327400e-03	-3.086090e-02	-1.303785e-06
3.398497169327400e-03	-3.086209e-02	7.889454e-07
3.408497169327400e-03	-3.086066e-02	-1.303750e-06
3.418497169327400e-03	-3.086162e-02	7.886368e-07
3.428497169327400e-03	-3.086019e-02	-1.303710e-06
3.438497169327400e-03	-3.086138e-02	7.883339e-07
3.448497169327400e-03	-3.085995e-02	-1.303664e-06
3.458497169327400e-03	-3.086114e-02	7.880366e-07
3.468497169327400e-03	-3.085947e-02	-1.303612e-06
3.478497169327400e-03	-3.086090e-02	7.877447e-07
3.488497169327400e-03	-3.085947e-02	-1.303555e-06
3.498497169327400e-03	-3.086042e-02	7.874579e-07
3.508497169327400e-03	-3.085923e-02	-1.303494e-06
3.518497169327400e-03	-3.086019e-02	7.871760e-07
3.528497169327400e-03	-3.085876e-02	-1.303427e-06
3.538497169327400e-03	-3.085995e-02	7.868987e-07
3.548497169327400e-03	-3.085852e-02	-1.303356e-06
3.558497169327400e-03	-3.085947e-02	7.866260e-07
3.568497169327400e-03	-3.085828e-02	-1.303281e-06
3.578497169327400e-03	-3.085947e-02	7.863575e-07
3.588497169327400e-03	-3.085804e-02	-1.303201e-06
3.598497169327400e-03	-3.085923e-02	7.860932e-07
3.608497169327400e-03	-3.085780e-02	-1.303118e-06
3.618497169327400e-03	-3.085899e-02	7.858328e-07
3.628497169327400e-03	-3.085756e-02	-1.303031e-06
3.638497169327400e-03	-3.085876e-02	7.855762e-07
3.648497169327400e-03	-3.085732e-02	-1.302940e-06
3.658497169327400e-03	-3.085852e-02	7.853232e-07
3.668497169327400e-03	-3.085709e-02	-1.302845e-06
3.678497169327400e-03	-3.085828e-02	7.850736e-07
3.688497169327400e-03	-3.085709e-02	-1.302748e-06
3.698497169327400e-03	-3.085804e-02	7.848273e-07
3.708497169327400e-03	-3.085661e-02	-1.302647e-06
3.718497169327400e-03	-3.085780e-02	7.845842e-07
3.728497169327400e-03	-3.085637e-02	-1.302543e-06
3.738497169327400e-03	-3.085756e-02	7.843441e-07
3.748497169327400e-03	-3.085637e-02	-1.302436e-06
3.758497169327400e-03	-3.085756e-02	7.841069e-07
3.768497169327400e-03	-3.085637e-02	-1.302326e-06
3.778497169327400e-03	-3.085732e-02	7.838726e-07
3.788497169327400e-03	-3.085613e-02	-1.302214e-06
3.798497169327400e-03	-3.085732e-02	7.836408e-07
3.808497169327400e-03	-3.085589e-02	-1.302099e-06
3.818497169327400e-03	-3.085685e-02	7.834116e-07
3.828497169327400e-03	-3.085589e-02	-1.301982e-06
3.838497169327400e-03	-3.085685e-02	7.831848e-07
3.848497169327400e-03	-3.085566e-02	-1.301863e-06
3.858497169327400e-03	-3.085685e-02	7.829604e-07
3.868497169327400e-03	-3.085566e-02	-1.301741e-06
3.878497169327400e-03	-3.085661e-02	7.827381e-07
3.888497169327400e-03	-3.085542e-02	-1.301617e-06
3.898497169327400e-03	-3.085661e-02	7.825181e-07
3.908497169327401e-03	-3.085518e-02	-1.301491e-06
3.918497169327400e-03	-3.085637e-02	7.823000e-07
3.928497169327400e-03	-3.085518e-02	-1.301363e-06
3.938497169327400e-03	-3.085613e-02	7.820840e-07
3.948497169327400e-03	-3.085494e-02	-1.301233e-06
3.958497169327400e-03	-3.085613e-02	7.818698e-07
3.968497169327400e-03	-3.085494e-02	-1.301101e-06
3.978497169327400e-03	-3.085613e-02	7.816574e-07
3.988497169327400e-03	-3.085494e-02	-1.300968e-06
3.998497169327400e-03	-3.085589e-02	7.814467e-07
4.008497169327400e-03	-3.085470e-02	-1.300833e-06
4.018497169327400e-03	-3.085566e-02	7.812377e-07
4.028497169327400e-03	-3.085470e-02	-1.300697e-06
4.038497169327400e-03	-3.085589e-02	7.810303e-07
4.048497169327400e-03	-3.085470e-02	-1.300559e-06
4.058497169327401e-03	-3.085589e-02	7.808243e-07
4.068497169327400e-03	-3.085446e-02	-1.300419e-06
4.078497169327401e-03	-3.085566e-02	7.806199e-07
4.088497169327400e-03	-3.085423e-02	-1.300278e-06
4.098497169327400e-03	-3.085566e-02	7.804168e-07
4.108497169327400e-03	-3.085446e-02	-1.300136e-06
4.118497169327400e-03	-3.085542e-02	7.802150e-07
4.128497169327400e-03	-3.085423e-02	-1.299993e-06
4.138497169327400e-03	-3.085518e-02	7.800145e-07
4.148497169327400e-03	-3.085423e-02	-1.299848e-06
4.158497169327400e-03	-3.085518e-02	7.798153e-07
4.168497169327400e-03	-3.085399e-02	-1.299702e-06
4.178497169327400e-03	-3.085518e-02	7.796172e-07
4.188497169327400e-03	-3.085399e-02	-1.299556e-06
4.198497169327400e-03	-3.085518e-02	7.794201e-07
4.208497169327400e-03	-3.085399e-02	-1.299408e-06
4.218497169327400e-03	-3.085494e-02	7.792243e-07
4.228497169327401e-03	-3.085399e-02	-1.299259e-06
4.238497169327400e-03	-3.085494e-02	7.790293e-07
4.248497169327400e-03	-3.085399e-02	-1.299109e-06
4.258497169327400e-03	-3.085494e-02	7.788354e-07
4.268497169327400e-03	-3.085375e-02	-1.298959e-06
4.278497169327400e-03	-3.085494e-02	7.786425e-07
4.288497169327400e-03	-3.085375e-02	-1.298807e-06
4.298497169327400e-03	-3.085470e-02	7.784504e-07
4.308497169327400e-03	-3.085375e-02	-1.298654e-06
4.318497169327400e-03	-3.085494e-02	7.782593e-07
4.328497169327400e-03	-3.085351e-02	-1.298501e-06
4.338497169327400e-03	-3.085470e-02	7.780689e-07
4.348497169327400e-03	-3.085375e-02	-1.298347e-06
4.358497169327400e-03	-3.085470e-02	7.778793e-07
4.368497169327400e-03	-3.085351e-02	-1.298193e-06
4.378497169327400e-03	-3.085470e-02	7.776906e-07
4.388497169327400e-03	-3.085351e-02	-1.298037e-06
4.398497169327401e-03	-3.085470e-02	7.775025e-07
4.408497169327400e-03	-3.085351e-02	-1.297881e-06
4.418497169327400e-03	-3.085446e-02	7.773152e-07
4.428497169327400e-03	-3.085351e-02	-1.297724e-06
4.438497169327400e-03	-3.085446e-02	7.771285e-07
4.448497169327400e-03	-3.085351e-02	-1.297567e-06
4.458497169327400e-03	-3.085446e-02	7.769424e-07
4.468497169327400e-03	-3.085351e-02	-1.297409e-06
4.478497169327400e-03	-3.085446e-02	7.767570e-07
4.488497169327400e-03	-3.085327e-02	-1.297250e-06
4.498497169327400e-03	-3.085446e-02	7.765722e-07
4.508497169327400e-03	-3.085327e-02	-1.297091e-06
4.518497169327400e-03	-3.085423e-02	7.763879e-07
4.528497169327400e-03	-3.085327e-02	-1.296932e-06
4.538497169327400e-03	-3.085446e-02	7.762043e-07
4.548497169327400e-03	-3.085327e-02	-1.296772e-06
4.558497169327400e-03	-3.085423e-02	7.760211e-07
4.568497169327400e-03	-3.085303e-02	-1.296611e-06
4.578497169327400e-03	-3.085423e-02	7.758384e-07
4.588497169327400e-03	-3.085327e-02	-1.296450e-06
4.598497169327400e-03	-3.085423e-02	7.756562e-07
4.608497169327400e-03	-3.085327e-02	-1.296289e-06
4.618497169327400e-03	-3.085423e-02	7.754745e-07
4.628497169327400e-03	-3.085303e-02	-1.296127e-06
4.638497169327400e-03	-3.085423e-02	7.752932e-07
4.648497169327400e-03	-3.085303e-02	-1.295965e-06
4.658497169327400e-03	-3.085423e-02	7.751123e-07
4.668497169327400e-03	-3.085303e-02	-1.295803e-06
4.678497169327400e-03	-3.085399e-02	7.749319e-07
4.688497169327400e-03	-3.085303e-02	-1.295640e-06
4.698497169327400e-03	-3.085423e-02	7.747518e-07
4.708497169327400e-03	-3.085303e-02	-1.295477e-06
4.718497169327401e-03	-3.085423e-02	7.745722e-07
4.728497169327400e-03	-3.085303e-02	-1.295313e-06
4.738497169327400e-03	-3.085423e-02	7.743928e-07
4.748497169327400e-03	-3.085303e-02	-1.295149e-06
4.758497169327400e-03	-3.085399e-02	7.742139e-07
4.768497169327400e-03	-3.085279e-02	-1.294985e-06
4.778497169327400e-03	-3.085399e-02	7.740352e-07
4.788497169327400e-03	-3.085303e-02	-1.294821e-06
4.798497169327400e-03	-3.085399e-02	7.738569e-07
4.808497169327400e-03	-3.085279e-02	-1.294656e-06
4.818497169327400e-03	-3.085399e-02	7.736789e-07
4.828497169327400e-03	-3.085279e-02	-1.294491e-06
4.838497169327400e-03	-3.085399e-02	7.735013e-07
4.848497169327400e-03	-3.085279e-02	-1.294326e-06
4.858497169327400e-03	-3.085399e-02	7.733238e-07
4.868497169327400e-03	-3.085279e-02	-1.294160e-06
4.878497169327400e-03	-3.085375e-02	7.731467e-07
4.888497169327400e-03	-3.085279e-02	-1.293995e-06
4.898497169327400e-03	-3.085399e-02	7.729698e-07
4.908497169327400e-03	-3.085279e-02	-1.293829e-06
4.918497169327400e-03	-3.085399e-02	7.727932e-07
4.928497169327400e-03	-3.085279e-02	-1.293663e-06
4.938497169327400e-03	-3.085375e-02	7.726168e-07
4.948497169327400e-03	-3.085279e-02	-1.293497e-06
4.958497169327400e-03	-3.085399e-02	7.724407e-07
4.968497169327400e-03	-3.085279e-02	-1.293330e-06
4.978497169327400e-03	-3.085375e-02	7.722648e-07
4.988497169327400e-03	-3.085279e-02	-1.293164e-06
4.998497169327400e-03	-3.085375e-02	7.720891e-07
5.008497169327400e-03	-3.085279e-02	-1.292997e-06
5.018497169327400e-03	-3.085399e-02	7.719136e-07
5.028497169327400e-03	-3.085279e-02	-1.292830e-06
5.038497169327400e-03	-3.085399e-02	7.717383e-07
5.048497169327400e-03	-3.085279e-02	-1.292663e-06
5.058497169327400e-03	-3.085399e-02	7.715632e-07
5.068497169327400e-03	-3.085279e-02	-1.292496e-06
5.078497169327400e-03	-3.085399e-02	7.713883e-07
5.088497169327400e-03	-3.085279e-02	-1.292328e-06
5.098497169327400e-03	-3.085399e-02	7.712136e-07
5.108497169327400e-03	-3.085279e-02	-1.292161e-06
5.118497169327400e-03	-3.085375e-02	7.710390e-07
5.128497169327400e-03	-3.085256e-02	-1.291993e-06
5.138497169327400e-03	-3.085375e-02	7.708647e-07
5.148497169327400e-03	-3.085256e-02	-1.291826e-06
5.158497169327400e-03	-3.085375e-02	7.706905e-07
5.168497169327400e-03	-3.085279e-02	-1.291658e-06
5.178497169327400e-03	-3.085375e-02	7.705164e-07
5.188497169327400e-03	-3.085256e-02	-1.291490e-06
5.198497169327400e-03	-3.085375e-02	7.703425e-07
5.208497169327400e-03	-3.085279e-02	-1.291322e-06
5.218497169327400e-03	-3.085375e-02	7.701687e-07
5.228497169327400e-03	-3.085256e-02	-1.291154e-06
5.238497169327400e-03	-3.085375e-02	7.699951e-07
5.248497169327400e-03	-3.085279e-02	-1.290986e-06
5.258497169327400e-03	-3.085375e-02	7.698216e-07
5.268497169327400e-03	-3.085256e-02	-1.290817e-06
5.278497169327400e-03	-3.085375e-02	7.696482e-07
5.288497169327400e-03	-3.085256e-02	-1.290649e-06
5.298497169327400e-03	-3.085351e-02	7.694750e-07
5.308497169327400e-03	-3.085256e-02	-1.290480e-06
5.318497169327400e-03	-3.085375e-02	7.693019e-07
5.328497169327400e-03	-3.085279e-02	-1.290312e-06
5.338497169327400e-03	-3.085375e-02	7.691289e-07
5.348497169327400e-03	-3.085279e-02	-1.290143e-06
5.358497169327400e-03	-3.085375e-02	7.689560e-07
5.368497169327400e-03	-3.085256e-02	-1.289975e-06
5.378497169327400e-03	-3.085375e-02	7.687833e-07
5.388497169327400e-03	-3.085256e-02	-1.289806e-06
5.398497169327400e-03	-3.085375e-02	7.686106e-07
5.408497169327400e-03	-3.085256e-02	-1.289637e-06
5.418497169327400e-03	-3.085375e-02	7.684380e-07
5.428497169327400e-03	-3.085256e-02	-1.289468e-06
5.438497169327400e-03	-3.085375e-02	7.682656e-07
5.448497169327400e-03	-3.085256e-02	-1.289300e-06
5.458497169327400e-03	-3.085375e-02	7.680932e-07
5.468497169327400e-03	-3.085256e-02	-1.289131e-06
5.478497169327400e-03	-3.085375e-02	7.679209e-07
5.488497169327400e-03	-3.085256e-02	-1.288962e-06
5.498497169327400e-03	-3.085375e-02	7.677488e-07
5.508497169327400e-03	-3.085256e-02	-1.288793e-06
5.518497169327400e-03	-3.085351e-02	7.675766e-07
5.528497169327400e-03	-3.085256e-02	-1.288624e-06
5.538497169327400e-03	-3.085375e-02	7.674046e-07
5.548497169327400e-03	-3.085256e-02	-1.288455e-06
5.558497169327400e-03	-3.085375e-02	7.672327e-07
5.568497169327400e-03	-3.085256e-02	-1.288285e-06
5.578497169327400e-03	-3.085375e-02	7.670609e-07
5.588497169327400e-03	-3.085256e-02	-1.288116e-06
5.598497169327400e-03	-3.085351e-02	7.668891e-07
5.608497169327400e-03	-3.085256e-02	-1.287947e-06
5.618497169327400e-03	-3.085375e-02	7.667174e-07
5.628497169327400e-03	-3.085256e-02	-1.287778e-06
5.638497169327400e-03	-3.085375e-02	7.665458e-07
5.648497169327400e-03	-3.085256e-02	-1.287609e-06
5.658497169327400e-03	-3.085351e-02	7.663743e-07
5.668497169327400e-03	-3.085256e-02	-1.287439e-06
5.678497169327400e-03	-3.085375e-02	7.662028e-07
5.688497169327400e-03	-3.085232e-02	-1.287270e-06
5.698497169327400e-03	-3.085351e-02	7.660314e-07
5.708497169327400e-03	-3.085256e-02	-1.287101e-06
5.718497169327400e-03	-3.085375e-02	7.658601e-07
5.728497169327400e-03	-3.085256e-02	-1.286932e-06
5.738497169327400e-03	-3.085351e-02	7.656888e-07
5.748497169327400e-03	-3.085256e-02	-1.286762e-06
5.758497169327400e-03	-3.085375e-02	7.655176e-07
5.768497169327400e-03	-3.085256e-02	-1.286593e-06
5.778497169327400e-03	-3.085351e-02	7.653464e-07
5.788497169327400e-03	-3.085256e-02	-1.286424e-06
5.798497169327400e-03	-3.085375e-02	7.651753e-07
5.808497169327400e-03	-3.085232e-02	-1.286254e-06
5.818497169327400e-03	-3.085351e-02	7.650043e-07
5.828497169327400e-03	-3.085256e-02	-1.286085e-06
5.838497169327400e-03	-3.085375e-02	7.648334e-07
5.848497169327400e-03	-3.085232e-02	-1.285915e-06
5.858497169327400e-03	-3.085351e-02	7.646624e-07
5.868497169327400e-03	-3.085256e-02	-1.285746e-06
5.878497169327400e-03	-3.085375e-02	7.644916e-07
5.888497169327400e-03	-3.085256e-02	-1.285577e-06
5.898497169327400e-03	-3.085375e-02	7.643208e-07
5.908497169327400e-03	-3.085256e-02	-1.285407e-06
5.918497169327400e-03	-3.085351e-02	7.641500e-07
5.928497169327400e-03	-3.085256e-02	-1.285238e-06
5.938497169327400e-03	-3.085375e-02	7.639793e-07
5.948497169327400e-03	-3.085232e-02	-1.285068e-06
5.958497169327400e-03	-3.085351e-02	7.638087e-07
5.968497169327400e-03	-3.085256e-02	-1.284899e-06
5.978497169327400e-03	-3.085351e-02	7.636380e-07
5.988497169327400e-03	-3.085256e-02	-1.284730e-06
5.998497169327400e-03	-3.085375e-02	7.634675e-07
6.008497169327400e-03	-3.085232e-02	-1.284560e-06
6.018497169327400e-03	-3.085351e-02	7.632970e-07
6.028497169327400e-03	-3.085256e-02	-1.284391e-06
6.038497169327400e-03	-3.085351e-02	7.631265e-07
6.048497169327400e-03	-3.085256e-02	-1.284222e-06
6.058497169327400e-03	-3.085375e-02	7.629561e-07
6.068497169327400e-03	-3.085256e-02	-1.284052e-06
6.078497169327400e-03	-3.085375e-02	7.627857e-07
6.088497169327400e-03	-3.085232e-02	-1.283883e-06
6.098497169327400e-03	-3.085351e-02	7.626153e-07
6.108497169327400e-03	-3.085256e-02	-1.283713e-06
6.118497169327400e-03	-3.085351e-02	7.624450e-07
6.128497169327400e-03	-3.085256e-02	-1.283544e-06
6.138497169327400e-03	-3.085375e-02	7.622748e-07
6.148497169327400e-03	-3.085256e-02	-1.283375e-06
6.158497169327400e-03	-3.085375e-02	7.621046e-07
6.168497169327400e-03	-3.085232e-02	-1.283205e-06
6.178497169327400e-03	-3.085351e-02	7.619344e-07
6.188497169327400e-03	-3.085256e-02	-1.283036e-06
6.198497169327400e-03	-3.085351e-02	7.617643e-07
6.208497169327400e-03	-3.085256e-02	-1.282867e-06
6.218497169327400e-03	-3.085351e-02	7.615942e-07
6.228497169327400e-03	-3.085256e-02	-1.282697e-06
6.238497169327400e-03	-3.085375e-02	7.614241e-07
6.248497169327400e-03	-3.085232e-02	-1.282528e-06
6.258497169327400e-03	-3.085351e-02	7.612541e-07
6.268497169327400e-03	-3.085256e-02	-1.282359e-06
6.278497169327400e-03	-3.085351e-02	7.610842e-07
6.288497169327400e-03	-3.085256e-02	-1.282189e-06
6.298497169327400e-03	-3.085351e-02	7.609142e-07
6.308497169327400e-03	-3.085256e-02	-1.282020e-06
6.318497169327400e-03	-3.085351e-02	7.607443e-07
6.328497169327400e-03	-3.085256e-02	-1.281851e-06
6.338497169327400e-03	-3.085375e-02	7.605744e-07
6.348497169327400e-03	-3.085232e-02	-1.281681e-06
6.358497169327400e-03	-3.085351e-02	7.604046e-07
6.368497169327400e-03	-3.085232e-02	-1.281512e-06
6.378497169327400e-03	-3.085351e-02	7.602348e-07
6.388497169327400e-03	-3.085256e-02	-1.281343e-06
6.398497169327400e-03	-3.085351e-02	7.600650e-07
6.408497169327400e-03	-3.085256e-02	-1.281174e-06
6.418497169327400e-03	-3.085351e-02	7.598953e-07
6.428497169327400e-03	-3.085256e-02	-1.281005e-06
6.438497169327400e-03	-3.085351e-02	7.597256e-07
6.448497169327400e-03	-3.085256e-02	-1.280835e-06
6.458497169327400e-03	-3.085351e-02	7.595559e-07
6.468497169327400e-03	-3.085256e-02	-1.280666e-06
6.478497169327400e-03	-3.085375e-02	7.593863e-07
6.488497169327400e-03	-3.085256e-02	-1.280497e-06
6.498497169327400e-03	-3.085375e-02	7.592167e-07
6.508497169327400e-03	-3.085232e-02	-1.280328e-06
6.518497169327400e-03	-3.085351e-02	7.590471e-07
6.528497169327400e-03	-3.085256e-02	-1.280159e-06
6.538497169327400e-03	-3.085351e-02	7.588775e-07
6.548497169327400e-03	-3.085256e-02	-1.279990e-06
6.558497169327400e-03	-3.085351e-02	7.587080e-07
6.568497169327400e-03	-3.085256e-02	-1.279820e-06
6.578497169327400e-03	-3.085351e-02	7.585386e-07
6.588497169327400e-03	-3.085256e-02	-1.279651e-06
6.598497169327400e-03	-3.085351e-02	7.583691e-07
6.608497169327400e-03	-3.085256e-02	-1.279482e-06
6.618497169327400e-03	-3.085351e-02	7.581997e-07
6.628497169327400e-03	-3.085256e-02	-1.279313e-06
6.638497169327400e-03	-3.085351e-02	7.580304e-07
6.648497169327400e-03	-3.085232e-02	-1.279144e-06
6.658497169327400e-03	-3.085351e-02	7.578610e-07
6.668497169327400e-03	-3.085232e-02	-1.278975e-06
6.678497169327400e-03	-3.085351e-02	7.576917e-07
6.688497169327400e-03	-3.085232e-02	-1.278806e-06
6.698497169327400e-03	-3.085351e-02	7.575224e-07
6.708497169327400e-03	-3.085232e-02	-1.278637e-06
6.718497169327400e-03	-3.085351e-02	7.573531e-07
6.728497169327400e-03	-3.085256e-02	-1.278468e-06
6.738497169327400e-03	-3.085351e-02	7.571839e-07
6.748497169327400e-03	-3.085256e-02	-1.278299e-06
6.758497169327400e-03	-3.085351e-02	7.570147e-07
6.768497169327400e-03	-3.085256e-02	-1.278130e-06
6.778497169327400e-03	-3.085351e-02	7.568455e-07
6.788497169327400e-03	-3.085256e-02	-1.277961e-06
6.798497169327400e-03	-3.085351e-02	7.566763e-07
6.808497169327399e-03	-3.085256e-02	-1.277793e-06
6.818497169327400e-03	-3.085351e-02	7.565072e-07
6.828497169327400e-03	-3.085256e-02	-1.277624e-06
6.838497169327400e-03	-3.085351e-02	7.563381e-07
6.848497169327400e-03	-3.085256e-02	-1.277455e-06
6.858497169327400e-03	-3.085351e-02	7.561691e-07
6.868497169327400e-03	-3.085256e-02	-1.277286e-06
6.878497169327400e-03	-3.085351e-02	7.560001e-07
6.888497169327400e-03	-3.085256e-02	-1.277117e-06
6.898497169327400e-03	-3.085351e-02	7.558310e-07
6.908497169327400e-03	-3.085256e-02	-1.276948e-06
6.918497169327400e-03	-3.085375e-02	7.556621e-07
6.928497169327400e-03	-3.085256e-02	-1.276780e-06
6.938497169327400e-03	-3.085375e-02	7.554931e-07
6.948497169327400e-03	-3.085256e-02	-1.276611e-06
6.958497169327400e-03	-3.085375e-02	7.553242e-07
6.968497169327400e-03	-3.085256e-02	-1.276442e-06
6.978497169327399e-03	-3.085375e-02	7.551553e-07
6.988497169327400e-03	-3.085232e-02	-1.276273e-06
6.998497169327400e-03	-3.085351e-02	7.549864e-07
7.008497169327400e-03	-3.085256e-02	-1.276105e-06
7.018497169327400e-03	-3.085351e-02	7.548176e-07
7.028497169327400e-03	-3.085256e-02	-1.275936e-06
7.038497169327400e-03	-3.085351e-02	7.546487e-07
7.048497169327400e-03	-3.085256e-02	-1.275767e-06
7.058497169327400e-03	-3.085351e-02	7.544800e-07
7.068497169327400e-03	-3.085256e-02	-1.275599e-06
7.078497169327400e-03	-3.085351e-02	7.543112e-07
7.088497169327400e-03	-3.085256e-02	-1.275430e-06
7.098497169327400e-03	-3.085351e-02	7.541424e-07
7.108497169327400e-03	-3.085256e-02	-1.275262e-06
7.118497169327400e-03	-3.085351e-02	7.539737e-07
7.128497169327399e-03	-3.085256e-02	-1.275093e-06
7.138497169327400e-03	-3.085351e-02	7.538051e-07
7.148497169327400e-03	-3.085256e-02	-1.274925e-06
7.158497169327400e-03	-3.085351e-02	7.536364e-07
7.168497169327400e-03	-3.085256e-02	-1.274756e-06
7.178497169327400e-03	-3.085351e-02	7.534678e-07
7.188497169327400e-03	-3.085256e-02	-1.274587e-06
7.198497169327400e-03	-3.085351e-02	7.532992e-07
7.208497169327400e-03	-3.085256e-02	-1.274419e-06
7.218497169327400e-03	-3.085351e-02	7.531306e-07
7.228497169327400e-03	-3.085256e-02	-1.274251e-06
7.238497169327400e-03	-3.085351e-02	7.529620e-07
7.248497169327400e-03	-3.085256e-02	-1.274082e-06
7.258497169327400e-03	-3.085351e-02	7.527935e-07
7.268497169327400e-03	-3.085232e-02	-1.273914e-06
7.278497169327400e-03	-3.085327e-02	7.526250e-07
7.288497169327400e-03	-3.085232e-02	-1.273745e-06
7.298497169327399e-03	-3.085327e-02	7.524565e-07
7.308497169327400e-03	-3.085232e-02	-1.273577e-06
7.318497169327400e-03	-3.085327e-02	7.522881e-07
7.328497169327400e-03	-3.085232e-02	-1.273409e-06
7.338497169327400e-03	-3.085327e-02	7.521197e-07
7.348497169327400e-03	-3.085232e-02	-1.273240e-06
7.358497169327400e-03	-3.085327e-02	7.519512e-07
7.368497169327400e-03	-3.085232e-02	-1.273072e-06
7.378497169327400e-03	-3.085327e-02	7.517829e-07
7.388497169327400e-03	-3.085232e-02	-1.272904e-06
7.398497169327400e-03	-3.085327e-02	7.516145e-07
7.408497169327400e-03	-3.085232e-02	-1.272735e-06
7.418497169327400e-03	-3.085327e-02	7.514462e-07
7.428497169327400e-03	-3.085232e-02	-1.272567e-06
7.438497169327400e-03	-3.085351e-02	7.512779e-07
7.448497169327399e-03	-3.085232e-02	-1.272399e-06
7.458497169327400e-03	-3.085351e-02	7.511096e-07
7.468497169327399e-03	-3.085232e-02	-1.272231e-06
7.478497169327400e-03	-3.085351e-02	7.509414e-07
7.488497169327400e-03	-3.085232e-02	-1.272063e-06
7.498497169327400e-03	-3.085351e-02	7.507731e-07
7.508497169327400e-03	-3.085232e-02	-1.271894e-06
7.518497169327400e-03	-3.085351e-02	7.506049e-07
7.528497169327400e-03	-3.085232e-02	-1.271726e-06
7.538497169327400e-03	-3.085351e-02	7.504368e-07
7.548497169327400e-03	-3.085256e-02	-1.271558e-06
7.558497169327400e-03	-3.085351e-02	7.502686e-07
7.568497169327400e-03	-3.085256e-02	-1.271390e-06
7.578497169327400e-03	-3.085351e-02	7.501005e-07
7.588497169327400e-03	-3.085256e-02	-1.271222e-06
7.598497169327400e-03	-3.085351e-02	7.499324e-07
7.608497169327400e-03	-3.085256e-02	-1.271054e-06
7.618497169327399e-03	-3.085351e-02	7.497643e-07
7.628497169327400e-03	-3.085256e-02	-1.270886e-06
7.638497169327399e-03	-3.085351e-02	7.495962e-07
7.648497169327400e-03	-3.085256e-02	-1.270718e-06
7.658497169327400e-03	-3.085351e-02	7.494282e-07
7.668497169327400e-03	-3.085256e-02	-1.270550e-06
7.678497169327400e-03	-3.085351e-02	7.492602e-07
7.688497169327400e-03	-3.085256e-02	-1.270382e-06
7.698497169327400e-03	-3.085351e-02	7.490922e-07
7.708497169327400e-03	-3.085256e-02	-1.270214e-06
7.718497169327400e-03	-3.085351e-02	7.489243e-07
7.728497169327400e-03	-3.085256e-02	-1.270046e-06
7.738497169327400e-03	-3.085351e-02	7.487563e-07
7.748497169327400e-03	-3.085256e-02	-1.269879e-06
7.758497169327400e-03	-3.085351e-02	7.485884e-07
7.768497169327399e-03	-3.085256e-02	-1.269711e-06
7.778497169327400e-03	-3.085351e-02	7.484205e-07
7.788497169327399e-03	-3.085256e-02	-1.269543e-06
7.798497169327400e-03	-3.085351e-02	7.482527e-07
7.808497169327400e-03	-3.085256e-02	-1.269375e-06
7.818497169327400e-03	-3.085351e-02	7.480849e-07
7.828497169327400e-03	-3.085256e-02	-1.269207e-06
7.838497169327399e-03	-3.085351e-02	7.479171e-07
7.848497169327400e-03	-3.085256e-02	-1.269039e-06
7.858497169327400e-03	-3.085351e-02	7.477493e-07
7.868497169327400e-03	-3.085256e-02	-1.268872e-06
7.878497169327399e-03	-3.085351e-02	7.475815e-07
7.888497169327401e-03	-3.085256e-02	-1.268704e-06
7.898497169327400e-03	-3.085351e-02	7.474138e-07
7.908497169327400e-03	-3.085256e-02	-1.268536e-06
7.918497169327399e-03	-3.085351e-02	7.472461e-07
7.928497169327399e-03	-3.085256e-02	-1.268369e-06
7.938497169327400e-03	-3.085351e-02	7.470784e-07
7.948497169327400e-03	-3.085256e-02	-1.268201e-06
7.958497169327399e-03	-3.085351e-02	7.469107e-07
7.968497169327399e-03	-3.085256e-02	-1.268033e-06
7.978497169327400e-03	-3.085351e-02	7.467431e-07
7.988497169327400e-03	-3.085256e-02	-1.267866e-06
7.998497169327400e-03	-3.085351e-02	7.465754e-07
8.008497169327399e-03	-3.085256e-02	-1.267698e-06
8.018497169327400e-03	-3.085351e-02	7.464079e-07
8.028497169327400e-03	-3.085256e-02	-1.267531e-06
8.038497169327400e-03	-3.085351e-02	7.462403e-07
8.048497169327399e-03	-3.085256e-02	-1.267363e-06
8.058497169327401e-03	-3.085351e-02	7.460728e-07
8.068497169327400e-03	-3.085256e-02	-1.267196e-06
8.078497169327400e-03	-3.085351e-02	7.459053e-07
8.088497169327399e-03	-3.085256e-02	-1.267028e-06
8.098497169327399e-03	-3.085351e-02	7.457377e-07
8.108497169327400e-03	-3.085256e-02	-1.266861e-06
8.118497169327400e-03	-3.085351e-02	7.455703e-07
8.128497169327399e-03	-3.085256e-02	-1.266693e-06
8.138497169327399e-03	-3.085351e-02	7.454028e-07
8.148497169327400e-03	-3.085256e-02	-1.266526e-06
8.158497169327400e-03	-3.085351e-02	7.452354e-07
8.168497169327400e-03	-3.085256e-02	-1.266358e-06
8.178497169327399e-03	-3.085351e-02	7.450680e-07
8.188497169327401e-03	-3.085256e-02	-1.266191e-06
8.198497169327400e-03	-3.085351e-02	7.449006e-07
8.208497169327400e-03	-3.085256e-02	-1.266024e-06
8.218497169327399e-03	-3.085351e-02	7.447333e-07
8.228497169327401e-03	-3.085256e-02	-1.265856e-06
8.238497169327400e-03	-3.085351e-02	7.445660e-07
8.248497169327400e-03	-3.085256e-02	-1.265689e-06
8.258497169327399e-03	-3.085351e-02	7.443986e-07
8.268497169327399e-03	-3.085256e-02	-1.265522e-06
8.278497169327400e-03	-3.085351e-02	7.442314e-07
8.288497169327400e-03	-3.085256e-02	-1.265355e-06
8.298497169327399e-03	-3.085351e-02	7.440641e-07
8.308497169327399e-03	-3.085256e-02	-1.265187e-06
8.318497169327400e-03	-3.085351e-02	7.438969e-07
8.328497169327400e-03	-3.085256e-02	-1.265020e-06
8.338497169327400e-03	-3.085351e-02	7.437297e-07
8.348497169327399e-03	-3.085256e-02	-1.264853e-06
8.358497169327401e-03	-3.085351e-02	7.435625e-07
8.368497169327400e-03	-3.085256e-02	-1.264686e-06
8.378497169327400e-03	-3.085351e-02	7.433953e-07
8.388497169327399e-03	-3.085256e-02	-1.264519e-06
8.398497169327401e-03	-3.085351e-02	7.432282e-07
8.408497169327400e-03	-3.085256e-02	-1.264352e-06
8.418497169327400e-03	-3.085351e-02	7.430611e-07
8.428497169327399e-03	-3.085256e-02	-1.264185e-06
8.438497169327399e-03	-3.085351e-02	7.428940e-07
8.448497169327400e-03	-3.085256e-02	-1.264017e-06
8.458497169327400e-03	-3.085351e-02	7.427269e-07
8.468497169327400e-03	-3.085256e-02	-1.263850e-06
8.478497169327399e-03	-3.085351e-02	7.425599e-07
8.488497169327400e-03	-3.085256e-02	-1.263683e-06
8.498497169327400e-03	-3.085351e-02	7.423928e-07
8.508497169327400e-03	-3.085256e-02	-1.263516e-06
8.518497169327399e-03	-3.085351e-02	7.422259e-07
8.528497169327401e-03	-3.085256e-02	-1.263350e-06
8.538497169327400e-03	-3.085351e-02	7.420589e-07
8.548497169327400e-03	-3.085256e-02	-1.263183e-06
8.558497169327399e-03	-3.085351e-02	7.418919e-07
8.568497169327399e-03	-3.085256e-02	-1.263016e-06
8.578497169327400e-03	-3.085351e-02	7.417250e-07
8.588497169327400e-03	-3.085256e-02	-1.262849e-06
8.598497169327399e-03	-3.085351e-02	7.415582e-07
8.608497169327399e-03	-3.085256e-02	-1.262682e-06
8.618497169327400e-03	-3.085351e-02	7.413913e-07
8.628497169327400e-03	-3.085256e-02	-1.262515e-06
8.638497169327400e-03	-3.085351e-02	7.412244e-07
8.648497169327399e-03	-3.085256e-02	-1.262348e-06
8.658497169327400e-03	-3.085351e-02	7.410576e-07
8.668497169327400e-03	-3.085256e-02	-1.262181e-06
8.678497169327400e-03	-3.085351e-02	7.408908e-07
8.688497169327399e-03	-3.085256e-02	-1.262015e-06
8.698497169327401e-03	-3.085351e-02	7.407240e-07
8.708497169327400e-03	-3.085256e-02	-1.261848e-06
8.718497169327400e-03	-3.085351e-02	7.405573e-07
8.728497169327399e-03	-3.085256e-02	-1.261681e-06
8.738497169327399e-03	-3.085351e-02	7.403905e-07
8.748497169327400e-03	-3.085256e-02	-1.261514e-06
8.758497169327400e-03	-3.085351e-02	7.402238e-07
8.768497169327399e-03	-3.085256e-02	-1.261348e-06
8.778497169327399e-03	-3.085351e-02	7.400571e-07
8.788497169327400e-03	-3.085256e-02	-1.261181e-06
8.798497169327400e-03	-3.085351e-02	7.398904e-07
8.808497169327400e-03	-3.085256e-02	-1.261014e-06
8.818497169327399e-03	-3.085351e-02	7.397238e-07
8.828497169327400e-03	-3.085256e-02	-1.260848e-06
8.838497169327400e-03	-3.085351e-02	7.395572e-07
8.848497169327400e-03	-3.085256e-02	-1.260681e-06
8.858497169327399e-03	-3.085351e-02	7.393906e-07
8.868497169327401e-03	-3.085256e-02	-1.260515e-06
8.878497169327400e-03	-3.085351e-02	7.392240e-07
8.888497169327400e-03	-3.085256e-02	-1.260348e-06
8.898497169327399e-03	-3.085351e-02	7.390575e-07
8.908497169327399e-03	-3.085256e-02	-1.260182e-06
8.918497169327400e-03	-3.085351e-02	7.388909e-07
8.928497169327400e-03	-3.085256e-02	-1.260015e-06
8.938497169327399e-03	-3.085351e-02	7.387245e-07
8.948497169327399e-03	-3.085256e-02	-1.259849e-06
8.958497169327400e-03	-3.085351e-02	7.385580e-07
8.968497169327400e-03	-3.085256e-02	-1.259682e-06
8.978497169327400e-03	-3.085351e-02	7.383915e-07
8.988497169327399e-03	-3.085256e-02	-1.259516e-06
8.998497169327400e-03	-3.085351e-02	7.382251e-07
9.008497169327400e-03	-3.085256e-02	-1.259349e-06
9.018497169327400e-03	-3.085351e-02	7.380587e-07
9.028497169327399e-03	-3.085256e-02	-1.259183e-06
9.038497169327401e-03	-3.085351e-02	7.378923e-07
9.048497169327400e-03	-3.085256e-02	-1.259016e-06
9.058497169327400e-03	-3.085351e-02	7.377260e-07
9.068497169327399e-03	-3.085256e-02	-1.258850e-06
9.078497169327399e-03	-3.085351e-02	7.375596e-07
9.088497169327400e-03	-3.085256e-02	-1.258684e-06
9.098497169327400e-03	-3.085351e-02	7.373933e-07
9.108497169327399e-03	-3.085256e-02	-1.258517e-06
9.118497169327399e-03	-3.085351e-02	7.372270e-07
9.128497169327400e-03	-3.085256e-02	-1.258351e-06
9.138497169327400e-03	-3.085351e-02	7.370608e-07
9.148497169327400e-03	-3.085256e-02	-1.258185e-06
9.158497169327399e-03	-3.085351e-02	7.368945e-07
9.168497169327400e-03	-3.085256e-02	-1.258019e-06
9.178497169327400e-03	-3.085351e-02	7.367283e-07
9.188497169327400e-03	-3.085256e-02	-1.257853e-06
9.198497169327399e-03	-3.085351e-02	7.365621e-07
9.208497169327399e-03	-3.085256e-02	-1.257686e-06
9.218497169327400e-03	-3.085351e-02	7.363960e-07
9.228497169327400e-03	-3.085256e-02	-1.257520e-06
9.238497169327399e-03	-3.085351e-02	7.362298e-07
9.248497169327399e-03	-3.085256e-02	-1.257354e-06
9.258497169327400e-03	-3.085351e-02	7.360637e-07
9.268497169327400e-03	-3.085256e-02	-1.257188e-06
9.278497169327399e-03	-3.085351e-02	7.358976e-07
9.288497169327399e-03	-3.085256e-02	-1.257022e-06
9.298497169327400e-03	-3.085351e-02	7.357315e-07
9.308497169327400e-03	-3.085256e-02	-1.256856e-06
9.318497169327400e-03	-3.085351e-02	7.355655e-07
9.328497169327399e-03	-3.085256e-02	-1.256690e-06
9.338497169327400e-03	-3.085351e-02	7.353995e-07
9.348497169327400e-03	-3.085256e-02	-1.256524e-06
9.358497169327400e-03	-3.085351e-02	7.352335e-07
9.368497169327399e-03	-3.085256e-02	-1.256358e-06
9.378497169327399e-03	-3.085351e-02	7.350675e-07
9.388497169327400e-03	-3.085256e-02	-1.256192e-06
9.398497169327400e-03	-3.085351e-02	7.349015e-07
9.408497169327399e-03	-3.085256e-02	-1.256026e-06
9.418497169327399e-03	-3.085351e-02	7.347356e-07
9.428497169327400e-03	-3.085256e-02	-1.255860e-06
9.438497169327400e-03	-3.085351e-02	7.345697e-07
9.448497169327399e-03	-3.085256e-02	-1.255694e-06
9.458497169327399e-03	-3.085351e-02	7.344038e-07
9.468497169327400e-03	-3.085256e-02	-1.255528e-06
9.478497169327400e-03	-3.085351e-02	7.342379e-07
9.488497169327400e-03	-3.085256e-02	-1.255362e-06
9.498497169327399e-03	-3.085351e-02	7.340721e-07
9.508497169327400e-03	-3.085256e-02	-1.255197e-06
9.518497169327400e-03	-3.085351e-02	7.339063e-07
9.528497169327400e-03	-3.085256e-02	-1.255031e-06
9.538497169327399e-03	-3.085351e-02	7.337405e-07
9.548497169327399e-03	-3.085256e-02	-1.254865e-06
9.558497169327400e-03	-3.085351e-02	7.335747e-07
9.568497169327400e-03	-3.085256e-02	-1.254699e-06
9.578497169327399e-03	-3.085351e-02	7.334090e-07
9.588497169327399e-03	-3.085256e-02	-1.254533e-06
9.598497169327400e-03	-3.085351e-02	7.332432e-07
9.608497169327400e-03	-3.085256e-02	-1.254368e-06
9.618497169327399e-03	-3.085351e-02	7.330775e-07
9.628497169327399e-03	-3.085256e-02	-1.254202e-06
9.638497169327400e-03	-3.085351e-02	7.329119e-07
9.648497169327400e-03	-3.085256e-02	-1.254036e-06
9.658497169327400e-03	-3.085351e-02	7.327462e-07
9.668497169327399e-03	-3.085256e-02	-1.253871e-06
9.678497169327401e-03	-3.085351e-02	7.325806e-07
9.688497169327400e-03	-3.085256e-02	-1.253705e-06
9.698497169327400e-03	-3.085351e-02	7.324149e-07
9.708497169327399e-03	-3.085256e-02	-1.253540e-06
9.718497169327399e-03	-3.085351e-02	7.322494e-07
9.728497169327400e-03	-3.085256e-02	-1.253374e-06
9.738497169327400e-03	-3.085351e-02	7.320838e-07
9.748497169327399e-03	-3.085256e-02	-1.253208e-06
9.758497169327399e-03	-3.085351e-02	7.319183e-07
9.768497169327400e-03	-3.085256e-02	-1.253043e-06
9.778497169327400e-03	-3.085351e-02	7.317528e-07
9.788497169327399e-03	-3.085256e-02	-1.252877e-06
9.798497169327399e-03	-3.085351e-02	7.315873e-07
9.808497169327400e-03	-3.085256e-02	-1.252712e-06
9.818497169327400e-03	-3.085351e-02	7.314218e-07
9.828497169327400e-03	-3.085256e-02	-1.252547e-06
9.838497169327399e-03	-3.085351e-02	7.312564e-07
9.848497169327399e-03	-3.085256e-02	-1.252381e-06
9.858497169327400e-03	-3.085351e-02	7.310909e-07
9.868497169327400e-03	-3.085256e-02	-1.252216e-06
9.878497169327399e-03	-3.085351e-02	7.309255e-07
9.888497169327399e-03	-3.085256e-02	-1.252050e-06
9.898497169327400e-03	-3.085351e-02	7.307602e-07
9.908497169327400e-03	-3.085256e-02	-1.251885e-06
9.918497169327399e-03	-3.085351e-02	7.305948e-07
9.928497169327399e-03	-3.085256e-02	-1.251720e-06
9.938497169327400e-03	-3.085351e-02	7.304295e-07
9.948497169327400e-03	-3.085256e-02	-1.251554e-06
9.958497169327400e-03	-3.085351e-02	7.302642e-07
9.968497169327399e-03	-3.085256e-02	-1.251389e-06
9.978497169327400e-03	-3.085351e-02	7.300989e-07
9.988497169327400e-03	-3.085256e-02	-1.251224e-06
9.998497169327400e-03	-3.085351e-02	7.299337e-07
1.000000000000000e-02	-3.084445e-02	-1.250589e-06
1.000000000100000e-02	-3.085995e-02	-1.456395e-06
1.000000000200000e-02	-3.084850e-02	-1.458312e-06
1.000000000347517e-02	-3.085279e-02	-1.498796e-06
1.000000000560198e-02	-3.085279e-02	-1.488205e-06
1.000000000985560e-02	-3.085256e-02	-1.466091e-06
1.000000001836286e-02	-3.085279e-02	-1.387077e-06
1.000000003537736e-02	-3.085279e-02	-1.268127e-06
1.000000006940636e-02	-3.085256e-02	-1.053272e-06
1.000000013746437e-02	-3.085160e-02	-7.758229e-07
1.000000027358039e-02	-3.084874e-02	-4.749903e-07
1.000000054581243e-02	-3.083920e-02	-2.933750e-07
1.000000109027650e-02	-3.081465e-02	-2.369783e-07
1.000000217920465e-02	-3.077483e-02	-2.411670e-07
1.000000435706095e-02	-3.077364e-02	-2.102259e-07
1.000000871277355e-02	-3.089881e-02	-1.891957e-07
1.000001492832018e-02	-3.109336e-02	-1.374896e-07
1.000002565924894e-02	-3.161669e-02	-7.938410e-08
1.000004712110645e-02	-3.265738e-02	5.208809e-08
1.000006622237220e-02	-3.460860e-02	1.302466e-07
1.000007689703559e-02	-3.877425e-02	1.543349e-07
1.000008687344454e-02	-3.969407e-02	6.904095e-08
1.000009665855382e-02	-3.500628e-02	-9.871899e-08
1.000010918116465e-02	-3.056002e-02	-3.888576e-07
1.000012217205718e-02	-2.881002e-02	-6.669855e-07
1.000014219585998e-02	-2.605891e-02	-1.085374e-06
1.000016976052422e-02	-2.191424e-02	-1.570247e-06
1.000019939373513e-02	-1.437926e-02	-1.996497e-06
1.000023685234929e-02	-1.025224e-02	-2.294160e-06
1.000027724873672e-02	-2.257824e-02	-2.380539e-06
1.000032650945540e-02	-2.975416e-02	-2.360912e-06
1.000039663514511e-02	-3.035164e-02	-2.341781e-06
1.000051606723328e-02	-3.062439e-02	-2.287877e-06
1.000070012922783e-02	-3.102875e-02	-2.238846e-06
1.000091071768571e-02	-3.183222e-02	-2.173335e-06
1.000110696644010e-02	-3.268600e-02	-2.108014e-06
1.000131434173635e-02	-3.225613e-02	-1.965098e-06
1.000147613012203e-02	-3.085256e-02	-1.833179e-06
1.000165403641172e-02	-3.039336e-02	-1.677442e-06
1.000182385573651e-02	-2.984786e-02	-1.565666e-06
1.000212194754152e-02	-2.960885e-02	-1.398835e-06
1.000235474498649e-02	-3.028572e-02	-1.323947e-06
1.000256031861797e-02	-3.052974e-02	-1.263505e-06
1.000277785477646e-02	-3.062916e-02	-1.232243e-06
1.000301185145509e-02	-3.075814e-02	-1.193711e-06
1.000323296398615e-02	-3.087056e-02	-1.181659e-06
1.000345008382721e-02	-3.094876e-02	-1.158434e-06
1.000365520506685e-02	-3.099847e-02	-1.155877e-06
1.000385471904485e-02	-3.104377e-02	-1.138976e-06
1.000401413211692e-02	-3.106964e-02	-1.141478e-06
1.000415816316239e-02	-3.108680e-02	-1.128466e-06
1.000430240941500e-02	-3.109527e-02	-1.132488e-06
1.000445781347502e-02	-3.110397e-02	-1.119911e-06
1.000468134760068e-02	-3.111136e-02	-1.122523e-06
1.000493585493242e-02	-3.112757e-02	-1.108205e-06
1.000526022588849e-02	-3.114355e-02	-1.109225e-06
1.000562247309398e-02	-3.116667e-02	-1.093080e-06
1.000608134948432e-02	-3.119683e-02	-1.091526e-06
1.000661758519533e-02	-3.124118e-02	-1.071776e-06
1.000732015747067e-02	-3.131115e-02	-1.065033e-06
1.000820201447889e-02	-3.144801e-02	-1.038120e-06
1.000946103827324e-02	-3.171921e-02	-1.021047e-06
1.001125962839698e-02	-3.207481e-02	-9.820307e-07
1.001318058983461e-02	-3.232789e-02	-9.758164e-07
1.001530199885056e-02	-3.269339e-02	-1.034496e-06
1.001787308833087e-02	-3.305125e-02	-1.584709e-06
1.002027588851036e-02	-3.318429e-02	-3.045084e-06
1.002264196190521e-02	-3.331852e-02	-5.285581e-06
1.002506467376760e-02	-3.357601e-02	-7.780239e-06
1.002794622022716e-02	-3.391242e-02	-1.068410e-05
1.003110333257893e-02	-3.420734e-02	-1.356015e-05
1.003460255690732e-02	-3.450441e-02	-1.634707e-05
1.003848358103799e-02	-3.472400e-02	-1.890976e-05
1.004220159741952e-02	-3.485203e-02	-2.091714e-05
1.004577141005200e-02	-3.500080e-02	-2.245177e-05
1.004914706075592e-02	-3.520489e-02	-2.362579e-05
1.005243317206794e-02	-3.544044e-02	-2.451632e-05
1.005599910142293e-02	-3.571248e-02	-2.526810e-05
1.005965381291869e-02	-3.606606e-02	-2.579237e-05
1.006365098297974e-02	-3.684402e-02	-2.612146e-05
1.006741044821708e-02	-3.758740e-02	-2.613062e-05
1.007090856806516e-02	-3.810692e-02	-2.595177e-05
1.007500198366148e-02	-3.862858e-02	-2.554356e-05
1.007966410390146e-02	-3.914928e-02	-2.467681e-05
1.008448026167602e-02	-3.970647e-02	-2.311864e-05
1.008940765208964e-02	-4.027581e-02	-2.132580e-05
1.009396053255615e-02	-4.080105e-02	-1.975308e-05
1.009919818381957e-02	-4.142690e-02	-1.810734e-05
1.010919818381957e-02	-4.251528e-02	-1.532207e-05
1.011919818381957e-02	-4.337740e-02	-1.299033e-05
1.012919818381957e-02	-4.417419e-02	-1.101445e-05
1.013790311170388e-02	-4.475522e-02	-9.578615e-06
1.014238412221257e-02	-4.360080e-02	-2.853558e-04
1.014505052294420e-02	-3.794503e-02	-2.065208e-02
1.014786613320088e-02	-2.468610e-02	-6.999996e-02
1.015020722629391e-02	-8.570671e-03	-1.268170e-01
1.015264569461111e-02	1.301169e-02	-1.969448e-01
1.015627982832267e-02	5.217981e-02	-3.155636e-01
1.016089896328850e-02	1.114297e-01	-4.791105e-01
1.016554478052437e-02	1.814516e-01	-6.448712e-01
1.016960240447539e-02	2.528765e-01	-7.806485e-01
1.017414145739835e-02	3.449838e-01	-9.140390e-01
1.017837854595621e-02	4.401948e-01	-1.013645e+00
1.018282812335664e-02	5.422680e-01	-1.113907e+00
1.018481032563893e-02	5.867176e-01	-1.160287e+00
1.018743711487106e-02	6.439762e-01	-1.223062e+00
1.019042640848709e-02	7.071412e-01	-1.295605e+00
1.019301337304283e-02	7.589307e-01	-1.356717e+00
1.019457854548473e-02	7.868309e-01	-1.389065e+00
1.019562382186222e-02	8.030956e-01	-1.407060e+00
1.019724882672733e-02	8.251634e-01	-1.429239e+00
1.019918566453222e-02	8.479695e-01	-1.448866e+00
1.020146140684637e-02	8.716698e-01	-1.466252e+00
1.020394902851109e-02	8.953238e-01	-1.481250e+00
1.020706272937407e-02	9.230103e-01	-1.496616e+00
1.021084786657662e-02	9.551451e-01	-1.512262e+00
1.021429082418363e-02	9.833667e-01	-1.524673e+00
1.021890412849874e-02	1.020164e+00	-1.539516e+00
1.022431320851347e-02	1.062367e+00	-1.555130e+00
1.023312229665650e-02	1.129775e+00	-1.577807e+00
1.024312229665650e-02	1.205122e+00	-1.600757e+00
1.025312229665650e-02	1.279531e+00	-1.621625e+00
1.026312229665650e-02	1.353246e+00	-1.640912e+00
1.027312229665650e-02	1.426439e+00	-1.658916e+00
1.028312229665650e-02	1.499210e+00	-1.675837e+00
1.029312229665650e-02	1.571638e+00	-1.691812e+00
1.030312229665650e-02	1.643768e+00	-1.706944e+00
1.031312229665650e-02	1.715644e+00	-1.721312e+00
1.032312229665650e-02	1.787293e+00	-1.734979e+00
1.033312229665650e-02	1.858742e+00	-1.747997e+00
1.034312229665650e-02	1.930279e+00	-1.760410e+00
1.034884026889896e-02	1.972610e+00	-1.760940e+00
1.035308041910834e-02	2.007000e+00	-1.736037e+00
1.035651837445514e-02	2.036813e+00	-1.705151e+00
1.036015071701509e-02	2.069645e+00	-1.666499e+00
1.036367832785324e-02	2.102443e+00	-1.625198e+00
1.036761404970767e-02	2.139921e+00	-1.576641e+00
1.037361248931248e-02	2.198213e+00	-1.500640e+00
1.037997303587509e-02	2.261137e+00	-1.420548e+00
1.038997303587509e-02	2.361521e+00	-1.300990e+00
1.039997303587509e-02	2.462749e+00	-1.193310e+00
1.040997303587509e-02	2.564258e+00	-1.099675e+00
1.041997303587509e-02	2.665444e+00	-1.020798e+00
1.042997303587509e-02	2.765782e+00	-9.567352e-01
1.043997303587509e-02	2.864937e+00	-9.073408e-01
1.044642124064953e-02	2.928124e+00	-8.832334e-01
1.045033875865094e-02	2.966336e+00	-8.703264e-01
1.045408014112090e-02	3.002768e+00	-8.581164e-01
1.045829623730950e-02	3.042200e+00	-8.444280e-01
1.046101110768603e-02	3.063076e+00	-8.349355e-01
1.046418043425972e-02	3.081898e+00	-8.231015e-01
1.046592721822430e-02	3.090221e+00	-8.163509e-01
1.046840352951494e-02	3.099562e+00	-8.065914e-01
1.047335615209623e-02	3.114439e+00	-7.866189e-01
1.047785006682669e-02	3.125266e+00	-7.680672e-01
1.048043082320180e-02	3.130389e+00	-7.571097e-01
1.048211370030051e-02	3.133348e+00	-7.497048e-01
1.048322209032861e-02	3.135159e+00	-7.446529e-01
1.048630835810200e-02	3.139814e+00	-7.299682e-01
1.048774067639837e-02	3.141767e+00	-7.230397e-01
1.048846215695390e-02	3.142707e+00	-7.195482e-01
1.048914726503113e-02	3.143574e+00	-7.162339e-01
1.049032488551856e-02	3.145008e+00	-7.105429e-01
1.049152737899408e-02	3.146402e+00	-7.047409e-01
1.049393236594512e-02	3.148992e+00	-6.931700e-01
1.049709884300744e-02	3.152056e+00	-6.780103e-01
1.050343179713207e-02	3.157259e+00	-6.479809e-01
1.051316357589497e-02	3.163850e+00	-6.026800e-01
1.052316357589497e-02	3.169834e+00	-5.574984e-01
1.052665233913539e-02	3.171248e+00	-5.435755e-01
1.053116171680612e-02	3.172669e+00	-5.275959e-01
1.053397365555988e-02	3.173535e+00	-5.182055e-01
1.053715550730748e-02	3.174553e+00	-5.080233e-01
1.054145604223887e-02	3.175835e+00	-4.949839e-01
1.054731498190191e-02	3.177185e+00	-4.784588e-01
1.055205989898485e-02	3.178230e+00	-4.655286e-01
1.055814799373492e-02	3.179482e+00	-4.493938e-01
1.056673583491699e-02	3.181076e+00	-4.274953e-01
1.057526155808413e-02	3.182482e+00	-4.067400e-01
1.058526155808413e-02	3.183935e+00	-3.836251e-01
1.059526155808413e-02	3.185224e+00	-3.618135e-01
1.060526155808413e-02	3.186366e+00	-3.412784e-01
1.061526155808413e-02	3.187381e+00	-3.219931e-01
1.062526155808413e-02	3.188289e+00	-3.039298e-01
1.063526155808413e-02	3.189096e+00	-2.870604e-01
1.064526155808413e-02	3.189827e+00	-2.713399e-01
1.065526155808413e-02	3.190485e+00	-2.567379e-01
1.066526155808413e-02	3.191080e+00	-2.432295e-01
1.067526155808413e-02	3.191612e+00	-2.307905e-01
1.068526155808413e-02	3.192092e+00	-2.193962e-01
1.069526155808413e-02	3.192520e+00	-2.090230e-01
1.070526155808413e-02	3.192903e+00	-1.996462e-01
1.071526155808413e-02	3.193240e+00	-1.912427e-01
1.072526155808413e-02	3.193538e+00	-1.837885e-01
1.073526155808413e-02	3.193796e+00	-1.772607e-01
1.074526155808413e-02	3.194019e+00	-1.716359e-01
1.075526155808413e-02	3.194205e+00	-1.668918e-01
1.076526155808413e-02	3.194352e+00	-1.630054e-01
1.077526155808413e-02	3.194443e+00	-1.610800e-01
1.078526155808413e-02	3.194504e+00	-1.599592e-01
1.079526155808413e-02	3.194547e+00	-1.591041e-01
1.080526155808413e-02	3.194583e+00	-1.584529e-01
1.081526155808413e-02	3.194610e+00	-1.579591e-01
1.082526155808413e-02	3.194634e+00	-1.575863e-01
1.083526155808413e-02	3.194652e+00	-1.573073e-01
1.084526155808413e-02	3.194669e+00	-1.571004e-01
1.085526155808413e-02	3.194680e+00	-1.569495e-01
1.086526155808413e-02	3.194691e+00	-1.568417e-01
1.087526155808413e-02	3.194699e+00	-1.567675e-01
1.088526155808413e-02	3.194707e+00	-1.567188e-01
1.089526155808413e-02	3.194712e+00	-1.566901e-01
1.090526155808413e-02	3.194718e+00	-1.566765e-01
1.091526155808413e-02	3.194721e+00	-1.566747e-01
1.092526155808413e-02	3.194726e+00	-1.566815e-01
1.093526155808413e-02	3.194727e+00	-1.566952e-01
1.094526155808413e-02	3.194731e+00	-1.567136e-01
1.095526155808413e-02	3.194732e+00	-1.567359e-01
1.096526155808413e-02	3.194735e+00	-1.567606e-01
1.097526155808413e-02	3.194735e+00	-1.567873e-01
1.098526155808413e-02	3.194737e+00	-1.568149e-01
1.099526155808413e-02	3.194737e+00	-1.568435e-01
1.100526155808413e-02	3.194739e+00	-1.568721e-01
1.101526155808413e-02	3.194739e+00	-1.569010e-01
1.102526155808413e-02	3.194740e+00	-1.569295e-01
1.103526155808413e-02	3.194739e+00	-1.569578e-01
1.104526155808413e-02	3.194741e+00	-1.569855e-01
1.105526155808413e-02	3.194740e+00	-1.570128e-01
1.106526155808413e-02	3.194741e+00	-1.570392e-01
1.107526155808413e-02	3.194740e+00	-1.570652e-01
1.108526155808413e-02	3.194741e+00	-1.570903e-01
1.109526155808413e-02	3.194741e+00	-1.571149e-01
1.110526155808413e-02	3.194742e+00	-1.571385e-01
1.111526155808413e-02	3.194740e+00	-1.571617e-01
1.112526155808413e-02	3.194742e+00	-1.571839e-01
1.113526155808413e-02	3.194741e+00	-1.572056e-01
1.114526155808413e-02	3.194741e+00	-1.572265e-01
1.115526155808413e-02	3.194740e+00	-1.572468e-01
1.116526155808413e-02	3.194741e+00	-1.572663e-01
1.117526155808413e-02	3.194740e+00	-1.572854e-01
1.118526155808413e-02	3.194741e+00	-1.573037e-01
1.119526155808413e-02	3.194740e+00	-1.573216e-01
1.120526155808413e-02	3.194741e+00	-1.573388e-01
1.121526155808413e-02	3.194739e+00	-1.573555e-01
1.122526155808413e-02	3.194741e+00	-1.573716e-01
1.123526155808413e-02	3.194739e+00	-1.573873e-01
1.124526155808413e-02	3.194740e+00	-1.574023e-01
1.125526155808413e-02	3.194739e+00	-1.574171e-01
1.126526155808413e-02	3.194740e+00	-1.574312e-01
1.127526155808413e-02	3.194739e+00	-1.574451e-01
1.128526155808413e-02	3.194739e+00	-1.574583e-01
1.129526155808413e-02	3.194739e+00	-1.574714e-01
1.130526155808413e-02	3.194739e+00	-1.574838e-01
1.131526155808413e-02	3.194738e+00	-1.574961e-01
1.132526155808413e-02	3.194739e+00	-1.575078e-01
1.133526155808413e-02	3.194738e+00	-1.575194e-01
1.134526155808413e-02	3.194739e+00	-1.575304e-01
1.135526155808413e-02	3.194738e+00	-1.575413e-01
1.136526155808413e-02	3.194738e+00	-1.575517e-01
1.137526155808413e-02	3.194740e+00	-1.575619e-01
1.138526155808413e-02	3.194745e+00	-1.575720e-01
1.139526155808413e-02	3.194743e+00	-1.575827e-01
1.140526155808413e-02	3.194743e+00	-1.575935e-01
1.141526155808413e-02	3.194741e+00	-1.576047e-01
1.142526155808413e-02	3.194741e+00	-1.576158e-01
1.143526155808413e-02	3.194739e+00	-1.576271e-01
1.144526155808413e-02	3.194739e+00	-1.576381e-01
1.145526155808413e-02	3.194738e+00	-1.576492e-01
1.146526155808413e-02	3.194738e+00	-1.576600e-01
1.147526155808413e-02	3.194736e+00	-1.576707e-01
1.148526155808413e-02	3.194737e+00	-1.576810e-01
1.149526155808413e-02	3.194736e+00	-1.576913e-01
1.150526155808413e-02	3.194736e+00	-1.577011e-01
1.151526155808413e-02	3.194735e+00	-1.577109e-01
1.152526155808413e-02	3.194736e+00	-1.577201e-01
1.153526155808413e-02	3.194734e+00	-1.577293e-01
1.154526155808413e-02	3.194735e+00	-1.577380e-01
1.155526155808413e-02	3.194733e+00	-1.577466e-01
1.156526155808413e-02	3.194734e+00	-1.577547e-01
1.157526155808413e-02	3.194733e+00	-1.577626e-01
1.158526155808413e-02	3.194734e+00	-1.577702e-01
1.159526155808413e-02	3.194733e+00	-1.577776e-01
1.160526155808413e-02	3.194734e+00	-1.577846e-01
1.161526155808413e-02	3.194733e+00	-1.577915e-01
1.162526155808413e-02	3.194734e+00	-1.577979e-01
1.163526155808413e-02	3.194732e+00	-1.578043e-01
1.164526155808413e-02	3.194734e+00	-1.578103e-01
1.165526155808413e-02	3.194732e+00	-1.578162e-01
1.166526155808413e-02	3.194734e+00	-1.578217e-01
1.167526155808413e-02	3.194733e+00	-1.578271e-01
1.168526155808413e-02	3.194733e+00	-1.578322e-01
1.169526155808413e-02	3.194732e+00	-1.578372e-01
1.170526155808413e-02	3.194733e+00	-1.578419e-01
1.171526155808413e-02	3.194732e+00	-1.578465e-01
1.172526155808413e-02	3.194733e+00	-1.578508e-01
1.173526155808413e-02	3.194732e+00	-1.578551e-01
1.174526155808413e-02	3.194733e+00	-1.578591e-01
1.175526155808413e-02	3.194732e+00	-1.578631e-01
1.176526155808413e-02	3.194733e+00	-1.578667e-01
1.177526155808413e-02	3.194732e+00	-1.578704e-01
1.178526155808413e-02	3.194733e+00	-1.578737e-01
1.179526155808413e-02	3.194732e+00	-1.578771e-01
1.180526155808413e-02	3.194733e+00	-1.578802e-01
1.181526155808413e-02	3.194732e+00	-1.578834e-01
1.182526155808413e-02	3.194733e+00	-1.578862e-01
1.183526155808413e-02	3.194732e+00	-1.578891e-01
1.184526155808413e-02	3.194733e+00	-1.578918e-01
1.185526155808413e-02	3.194732e+00	-1.578944e-01
1.186526155808413e-02	3.194734e+00	-1.578969e-01
1.187526155808413e-02	3.194732e+00	-1.578994e-01
1.188526155808413e-02	3.194734e+00	-1.579016e-01
1.189526155808413e-02	3.194732e+00	-1.579039e-01
1.190526155808413e-02	3.194734e+00	-1.579060e-01
1.191526155808413e-02	3.194733e+00	-1.579082e-01
1.192526155808413e-02	3.194734e+00	-1.579101e-01
1.193526155808413e-02	3.194732e+00	-1.579121e-01
1.194526155808413e-02	3.194733e+00	-1.579138e-01
1.195526155808413e-02	3.194733e+00	-1.579157e-01
1.196526155808413e-02	3.194734e+00	-1.579174e-01
1.197526155808413e-02	3.194733e+00	-1.579191e-01
1.198526155808413e-02	3.194734e+00	-1.579206e-01
1.199526155808413e-02	3.194733e+00	-1.579222e-01
1.200526155808413e-02	3.194734e+00	-1.579236e-01
1.201526155808413e-02	3.194733e+00	-1.579251e-01
1.202526155808413e-02	3.194734e+00	-1.579264e-01
1.203526155808413e-02	3.194733e+00	-1.579279e-01
1.204526155808413e-02	3.194734e+00	-1.579291e-01
1.205526155808413e-02	3.194733e+00	-1.579304e-01
1.206526155808413e-02	3.194734e+00	-1.579315e-01
1.207526155808413e-02	3.194733e+00	-1.579328e-01
1.208526155808413e-02	3.194734e+00	-1.579338e-01
1.209526155808413e-02	3.194733e+00	-1.579350e-01
1.210526155808413e-02	3.194734e+00	-1.579359e-01
1.211526155808413e-02	3.194733e+00	-1.579370e-01
1.212526155808413e-02	3.194734e+00	-1.579379e-01
1.213526155808413e-02	3.194733e+00	-1.579389e-01
1.214526155808413e-02	3.194734e+00	-1.579398e-01
1.215526155808413e-02	3.194733e+00	-1.579407e-01
1.216526155808413e-02	3.194734e+00	-1.579415e-01
1.217526155808413e-02	3.194733e+00	-1.579424e-01
1.218526155808413e-02	3.194734e+00	-1.579432e-01
1.219526155808413e-02	3.194733e+00	-1.579440e-01
1.220526155808413e-02	3.194734e+00	-1.579447e-01
1.221526155808413e-02	3.194733e+00	-1.579455e-01
1.222526155808413e-02	3.194734e+00	-1.579461e-01
1.223526155808413e-02	3.194733e+00	-1.579469e-01
1.224526155808413e-02	3.194734e+00	-1.579475e-01
1.225526155808413e-02	3.194733e+00	-1.579482e-01
1.226526155808413e-02	3.194734e+00	-1.579488e-01
1.227526155808413e-02	3.194733e+00	-1.579494e-01
1.228526155808413e-02	3.194734e+00	-1.579500e-01
1.229526155808413e-02	3.194733e+00	-1.579506e-01
1.230526155808413e-02	3.194734e+00	-1.579511e-01
1.231526155808413e-02	3.194733e+00	-1.579517e-01
1.232526155808413e-02	3.194734e+00	-1.579521e-01
1.233526155808413e-02	3.194733e+00	-1.579527e-01
1.234526155808413e-02	3.194734e+00	-1.579531e-01
1.235526155808413e-02	3.194734e+00	-1.579537e-01
1.236526155808413e-02	3.194734e+00	-1.579541e-01
1.237526155808413e-02	3.194734e+00	-1.579546e-01
1.238526155808413e-02	3.194735e+00	-1.579550e-01
1.239526155808413e-02	3.194734e+00	-1.579555e-01
1.240526155808413e-02	3.194735e+00	-1.579558e-01
1.241526155808413e-02	3.194733e+00	-1.579563e-01
1.242526155808413e-02	3.194734e+00	-1.579566e-01
1.243526155808413e-02	3.194733e+00	-1.579571e-01
1.244526155808413e-02	3.194735e+00	-1.579574e-01
1.245526155808413e-02	3.194734e+00	-1.579578e-01
1.246526155808413e-02	3.194735e+00	-1.579581e-01
1.247526155808413e-02	3.194734e+00	-1.579585e-01
1.248526155808413e-02	3.194734e+00	-1.579588e-01
1.249526155808413e-02	3.194734e+00	-1.579592e-01
1.250526155808413e-02	3.194734e+00	-1.579594e-01
1.251526155808413e-02	3.194734e+00	-1.579598e-01
1.252526155808413e-02	3.194735e+00	-1.579600e-01
1.253526155808413e-02	3.194734e+00	-1.579604e-01
1.254526155808413e-02	3.194735e+00	-1.579606e-01
1.255526155808413e-02	3.194734e+00	-1.579610e-01
1.256526155808413e-02	3.194735e+00	-1.579611e-01
1.257526155808413e-02	3.194733e+00	-1.579615e-01
1.258526155808413e-02	3.194735e+00	-1.579617e-01
1.259526155808413e-02	3.194734e+00	-1.579620e-01
1.260526155808413e-02	3.194735e+00	-1.579621e-01
1.261526155808413e-02	3.194734e+00	-1.579625e-01
1.262526155808413e-02	3.194735e+00	-1.579626e-01
1.263526155808413e-02	3.194734e+00	-1.579629e-01
1.264526155808413e-02	3.194735e+00	-1.579631e-01
1.265526155808413e-02	3.194734e+00	-1.579634e-01
1.266526155808413e-02	3.194735e+00	-1.579635e-01
1.267526155808413e-02	3.194734e+00	-1.579638e-01
1.268526155808413e-02	3.194735e+00	-1.579639e-01
1.269526155808413e-02	3.194734e+00	-1.579642e-01
1.270526155808413e-02	3.194735e+00	-1.579643e-01
1.271526155808413e-02	3.194734e+00	-1.579645e-01
1.272526155808413e-02	3.194735e+00	-1.579646e-01
1.273526155808413e-02	3.194734e+00	-1.579649e-01
1.274526155808413e-02	3.194735e+00	-1.579650e-01
1.275526155808413e-02	3.194734e+00	-1.579652e-01
1.276526155808413e-02	3.194735e+00	-1.579653e-01
1.277526155808413e-02	3.194734e+00	-1.579656e-01
1.278526155808413e-02	3.194735e+00	-1.579656e-01
1.279526155808413e-02	3.194734e+00	-1.579659e-01
1.280526155808413e-02	3.194735e+00	-1.579659e-01
1.281526155808413e-02	3.194734e+00	-1.579662e-01
1.282526155808413e-02	3.194735e+00	-1.579662e-01
1.283526155808413e-02	3.194734e+00	-1.579664e-01
1.284526155808413e-02	3.194735e+00	-1.579665e-01
1.285526155808413e-02	3.194734e+00	-1.579667e-01
1.286526155808413e-02	3.194735e+00	-1.579667e-01
1.287526155808413e-02	3.194734e+00	-1.579669e-01
1.288526155808413e-02	3.194735e+00	-1.579670e-01
1.289526155808413e-02	3.194734e+00	-1.579672e-01
1.290526155808413e-02	3.194735e+00	-1.579672e-01
1.291526155808413e-02	3.194734e+00	-1.579674e-01
1.292526155808413e-02	3.194735e+00	-1.579674e-01
1.293526155808413e-02	3.194734e+00	-1.579676e-01
1.294526155808413e-02	3.194735e+00	-1.579677e-01
1.295526155808413e-02	3.194734e+00	-1.579679e-01
1.296526155808413e-02	3.194735e+00	-1.579679e-01
1.297526155808413e-02	3.194734e+00	-1.579681e-01
1.298526155808413e-02	3.194735e+00	-1.579681e-01
1.299526155808413e-02	3.194734e+00	-1.579682e-01
1.300526155808413e-02	3.194735e+00	-1.579683e-01
1.301526155808413e-02	3.194734e+00	-1.579684e-01
1.302526155808413e-02	3.194735e+00	-1.579684e-01
1.303526155808413e-02	3.194734e+00	-1.579686e-01
1.304526155808413e-02	3.194735e+00	-1.579686e-01
1.305526155808413e-02	3.194734e+00	-1.579688e-01
1.306526155808413e-02	3.194735e+00	-1.579688e-01
1.307526155808413e-02	3.194734e+00	-1.579689e-01
1.308526155808413e-02	3.194735e+00	-1.579689e-01
1.309526155808413e-02	3.194734e+00	-1.579691e-01
1.310526155808413e-02	3.194735e+00	-1.579691e-01
1.311526155808413e-02	3.194734e+00	-1.579692e-01
1.312526155808413e-02	3.194735e+00	-1.579692e-01
1.313526155808413e-02	3.194734e+00	-1.579694e-01
1.314526155808413e-02	3.194735e+00	-1.579694e-01
1.315526155808413e-02	3.194734e+00	-1.579695e-01
1.316526155808413e-02	3.194735e+00	-1.579695e-01
1.317526155808413e-02	3.194734e+00	-1.579696e-01
1.318526155808413e-02	3.194735e+00	-1.579696e-01
1.319526155808413e-02	3.194734e+00	-1.579697e-01
1.320526155808413e-02	3.194735e+00	-1.579697e-01
1.321526155808413e-02	3.194734e+00	-1.579699e-01
1.322526155808413e-02	3.194735e+00	-1.579698e-01
1.323526155808413e-02	3.194734e+00	-1.579700e-01
1.324526155808413e-02	3.194735e+00	-1.579699e-01
1.325526155808413e-02	3.194734e+00	-1.579701e-01
1.326526155808413e-02	3.194735e+00	-1.579700e-01
1.327526155808413e-02	3.194734e+00	-1.579702e-01
1.328526155808413e-02	3.194735e+00	-1.579701e-01
1.329526155808413e-02	3.194734e+00	-1.579703e-01
1.330526155808413e-02	3.194735e+00	-1.579702e-01
1.331526155808413e-02	3.194734e+00	-1.579704e-01
1.332526155808413e-02	3.194735e+00	-1.579703e-01
1.333526155808413e-02	3.194734e+00	-1.579705e-01
1.334526155808413e-02	3.194735e+00	-1.579704e-01
1.335526155808413e-02	3.194734e+00	-1.579705e-01
1.336526155808413e-02	3.194735e+00	-1.579705e-01
1.337526155808413e-02	3.194734e+00	-1.579706e-01
1.338526155808413e-02	3.194735e+00	-1.579706e-01
1.339526155808413e-02	3.194734e+00	-1.579707e-01
1.340526155808413e-02	3.194735e+00	-1.579707e-01
1.341526155808413e-02	3.194734e+00	-1.579708e-01
1.342526155808413e-02	3.194735e+00	-1.579707e-01
1.343526155808413e-02	3.194734e+00	-1.579708e-01
1.344526155808413e-02	3.194735e+00	-1.579708e-01
1.345526155808413e-02	3.194734e+00	-1.579709e-01
1.346526155808413e-02	3.194735e+00	-1.579709e-01
1.347526155808413e-02	3.194734e+00	-1.579710e-01
1.348526155808413e-02	3.194735e+00	-1.579709e-01
1.349526155808413e-02	3.194734e+00	-1.579710e-01
1.350526155808413e-02	3.194735e+00	-1.579710e-01
1.351526155808413e-02	3.194734e+00	-1.579711e-01
1.352526155808413e-02	3.194735e+00	-1.579711e-01
1.353526155808413e-02	3.194734e+00	-1.579712e-01
1.354526155808413e-02	3.194735e+00	-1.579711e-01
1.355526155808413e-02	3.194734e+00	-1.579712e-01
1.356526155808413e-02	3.194735e+00	-1.579712e-01
1.357526155808413e-02	3.194734e+00	-1.579713e-01
1.358526155808413e-02	3.194735e+00	-1.579712e-01
1.359526155808413e-02	3.194734e+00	-1.579713e-01
1.360526155808413e-02	3.194735e+00	-1.579713e-01
1.361526155808413e-02	3.194734e+00	-1.579714e-01
1.362526155808413e-02	3.194735e+00	-1.579713e-01
1.363526155808413e-02	3.194734e+00	-1.579714e-01
1.364526155808413e-02	3.194735e+00	-1.579714e-01
1.365526155808413e-02	3.194734e+00	-1.579715e-01
1.366526155808413e-02	3.194735e+00	-1.579714e-01
1.367526155808413e-02	3.194734e+00	-1.579715e-01
1.368526155808413e-02	3.194735e+00	-1.579714e-01
1.369526155808413e-02	3.194734e+00	-1.579715e-01
1.370526155808413e-02	3.194735e+00	-1.579715e-01
1.371526155808413e-02	3.194734e+00	-1.579716e-01
1.372526155808413e-02	3.194735e+00	-1.579715e-01
1.373526155808413e-02	3.194734e+00	-1.579716e-01
1.374526155808413e-02	3.194735e+00	-1.579715e-01
1.375526155808413e-02	3.194734e+00	-1.579717e-01
1.376526155808413e-02	3.194735e+00	-1.579716e-01
1.377526155808413e-02	3.194734e+00	-1.579717e-01
1.378526155808413e-02	3.194735e+00	-1.579716e-01
1.379526155808413e-02	3.194734e+00	-1.579717e-01
1.380526155808413e-02	3.194735e+00	-1.579717e-01
1.381526155808413e-02	3.194734e+00	-1.579717e-01
1.382526155808413e-02	3.194735e+00	-1.579717e-01
1.383526155808413e-02	3.194734e+00	-1.579718e-01
1.384526155808413e-02	3.194735e+00	-1.579717e-01
1.385526155808413e-02	3.194734e+00	-1.579718e-01
1.386526155808413e-02	3.194735e+00	-1.579717e-01
1.387526155808413e-02	3.194734e+00	-1.579718e-01
1.388526155808413e-02	3.194735e+00	-1.579718e-01
1.389526155808413e-02	3.194734e+00	-1.579719e-01
1.390526155808413e-02	3.194735e+00	-1.579718e-01
1.391526155808413e-02	3.194734e+00	-1.579719e-01
1.392526155808413e-02	3.194735e+00	-1.579718e-01
1.393526155808413e-02	3.194734e+00	-1.579719e-01
1.394526155808413e-02	3.194735e+00	-1.579718e-01
1.395526155808413e-02	3.194734e+00	-1.579719e-01
1.396526155808413e-02	3.194735e+00	-1.579719e-01
1.397526155808413e-02	3.194734e+00	-1.579719e-01
1.398526155808413e-02	3.194735e+00	-1.579719e-01
1.399526155808413e-02	3.194734e+00	-1.579720e-01
1.400526155808413e-02	3.194735e+00	-1.579719e-01
1.401526155808413e-02	3.194734e+00	-1.579720e-01
1.402526155808413e-02	3.194735e+00	-1.579719e-01
1.403526155808413e-02	3.194734e+00	-1.579720e-01
1.404526155808413e-02	3.194735e+00	-1.579719e-01
1.405526155808413e-02	3.194734e+00	-1.579720e-01
1.406526155808413e-02	3.194735e+00	-1.579719e-01
1.407526155808413e-02	3.194734e+00	-1.579721e-01
1.408526155808413e-02	3.194735e+00	-1.579720e-01
1.409526155808413e-02	3.194734e+00	-1.579721e-01
1.410526155808413e-02	3.194735e+00	-1.579720e-01
1.411526155808413e-02	3.194734e+00	-1.579721e-01
1.412526155808413e-02	3.194735e+00	-1.579720e-01
1.413526155808413e-02	3.194734e+00	-1.579721e-01
1.414526155808413e-02	3.194735e+00	-1.579720e-01
1.415526155808413e-02	3.194734e+00	-1.579721e-01
1.416526155808413e-02	3.194735e+00	-1.579720e-01
1.417526155808413e-02	3.194734e+00	-1.579721e-01
1.418526155808413e-02	3.194735e+00	-1.579721e-01
1.419526155808413e-02	3.194734e+00	-1.579721e-01
1.420526155808413e-02	3.194735e+00	-1.579721e-01
1.421526155808413e-02	3.194734e+00	-1.579722e-01
1.422526155808413e-02	3.194735e+00	-1.579721e-01
1.423526155808413e-02	3.194734e+00	-1.579722e-01
1.424526155808413e-02	3.194735e+00	-1.579721e-01
1.425526155808413e-02	3.194734e+00	-1.579722e-01
1.426526155808413e-02	3.194735e+00	-1.579721e-01
1.427526155808413e-02	3.194734e+00	-1.579722e-01
1.428526155808413e-02	3.194735e+00	-1.579721e-01
1.429526155808413e-02	3.194734e+00	-1.579722e-01
1.430526155808413e-02	3.194735e+00	-1.579721e-01
1.431526155808413e-02	3.194734e+00	-1.579722e-01
1.432526155808413e-02	3.194735e+00	-1.579721e-01
1.433526155808413e-02	3.194734e+00	-1.579722e-01
1.434526155808413e-02	3.194735e+00	-1.579721e-01
1.435526155808413e-02	3.194734e+00	-1.579722e-01
1.436526155808413e-02	3.194735e+00	-1.579722e-01
1.437526155808413e-02	3.194734e+00	-1.579722e-01
1.438526155808413e-02	3.194735e+00	-1.579722e-01
1.439526155808413e-02	3.194734e+00	-1.579722e-01
1.440526155808413e-02	3.194735e+00	-1.579722e-01
1.441526155808413e-02	3.194734e+00	-1.579723e-01
1.442526155808413e-02	3.194735e+00	-1.579722e-01
1.443526155808413e-02	3.194734e+00	-1.579723e-01
1.444526155808413e-02	3.194735e+00	-1.579722e-01
1.445526155808413e-02	3.194734e+00	-1.579723e-01
1.446526155808413e-02	3.194735e+00	-1.579722e-01
1.447526155808413e-02	3.194734e+00	-1.579723e-01
1.448526155808413e-02	3.194735e+00	-1.579722e-01
1.449526155808413e-02	3.194734e+00	-1.579723e-01
1.450526155808413e-02	3.194735e+00	-1.579722e-01
1.451526155808413e-02	3.194734e+00	-1.579723e-01
1.452526155808413e-02	3.194735e+00	-1.579722e-01
1.453526155808413e-02	3.194734e+00	-1.579723e-01
1.454526155808413e-02	3.194735e+00	-1.579722e-01
1.455526155808413e-02	3.194734e+00	-1.579723e-01
1.456526155808413e-02	3.194735e+00	-1.579722e-01
1.457526155808413e-02	3.194734e+00	-1.579723e-01
1.458526155808413e-02	3.194735e+00	-1.579722e-01
1.459526155808413e-02	3.194734e+00	-1.579723e-01
1.460526155808413e-02	3.194735e+00	-1.579722e-01
1.461526155808413e-02	3.194734e+00	-1.579723e-01
1.462526155808413e-02	3.194735e+00	-1.579722e-01
1.463526155808413e-02	3.194734e+00	-1.579723e-01
1.464526155808413e-02	3.194735e+00	-1.579722e-01
1.465526155808413e-02	3.194734e+00	-1.579723e-01
1.466526155808413e-02	3.194735e+00	-1.579723e-01
1.467526155808413e-02	3.194734e+00	-1.579723e-01
1.468526155808413e-02	3.194735e+00	-1.579723e-01
1.469526155808413e-02	3.194734e+00	-1.579724e-01
1.470526155808413e-02	3.194735e+00	-1.579723e-01
1.471526155808413e-02	3.194734e+00	-1.579724e-01
1.472526155808413e-02	3.194735e+00	-1.579723e-01
1.473526155808413e-02	3.194734e+00	-1.579724e-01
1.474526155808413e-02	3.194735e+00	-1.579723e-01
1.475526155808413e-02	3.194734e+00	-1.579724e-01
1.476526155808413e-02	3.194735e+00	-1.579723e-01
1.477526155808413e-02	3.194734e+00	-1.579724e-01
1.478526155808413e-02	3.194735e+00	-1.579723e-01
1.479526155808413e-02	3.194734e+00	-1.579724e-01
1.480526155808413e-02	3.194735e+00	-1.579723e-01
1.481526155808413e-02	3.194734e+00	-1.579724e-01
1.482526155808413e-02	3.194735e+00	-1.579723e-01
1.483526155808413e-02	3.194734e+00	-1.579724e-01
1.484526155808413e-02	3.194735e+00	-1.579723e-01
1.485526155808413e-02	3.194734e+00	-1.579724e-01
1.486526155808413e-02	3.194735e+00	-1.579723e-01
1.487526155808413e-02	3.194734e+00	-1.579724e-01
1.488526155808413e-02	3.194735e+00	-1.579723e-01
1.489526155808413e-02	3.194734e+00	-1.579724e-01
1.490526155808413e-02	3.194735e+00	-1.579723e-01
1.491526155808413e-02	3.194734e+00	-1.579724e-01
1.492526155808413e-02	3.194735e+00	-1.579723e-01
1.493526155808413e-02	3.194734e+00	-1.579724e-01
1.494526155808413e-02	3.194735e+00	-1.579723e-01
1.495526155808413e-02	3.194734e+00	-1.579724e-01
1.496526155808413e-02	3.194735e+00	-1.579723e-01
1.497526155808413e-02	3.194734e+00	-1.579724e-01
1.498526155808413e-02	3.194735e+00	-1.579723e-01
1.499526155808413e-02	3.194734e+00	-1.579724e-01
1.500526155808413e-02	3.194735e+00	-1.579723e-01
1.501526155808413e-02	3.194734e+00	-1.579724e-01
1.502526155808413e-02	3.194735e+00	-1.579723e-01
1.503526155808413e-02	3.194734e+00	-1.579724e-01
1.504526155808413e-02	3.194735e+00	-1.579723e-01
1.505526155808413e-02	3.194734e+00	-1.579724e-01
1.506526155808413e-02	3.194735e+00	-1.579723e-01
1.507526155808413e-02	3.194734e+00	-1.579724e-01
1.508526155808413e-02	3.194735e+00	-1.579723e-01
1.509526155808413e-02	3.194734e+00	-1.579724e-01
1.510526155808413e-02	3.194735e+00	-1.579723e-01
1.511526155808413e-02	3.194734e+00	-1.579724e-01
1.512526155808413e-02	3.194735e+00	-1.579723e-01
1.513526155808413e-02	3.194734e+00	-1.579724e-01
1.514526155808413e-02	3.194735e+00	-1.579723e-01
1.515526155808413e-02	3.194734e+00	-1.579724e-01
1.516526155808413e-02	3.194735e+00	-1.579723e-01
1.517526155808413e-02	3.194734e+00	-1.579724e-01
1.518526155808413e-02	3.194735e+00	-1.579723e-01
1.519526155808413e-02	3.194734e+00	-1.579724e-01
1.520526155808413e-02	3.194735e+00	-1.579723e-01
1.521526155808413e-02	3.194734e+00	-1.579724e-01
1.522526155808413e-02	3.194735e+00	-1.579723e-01
1.523526155808413e-02	3.194734e+00	-1.579724e-01
1.524526155808413e-02	3.194735e+00	-1.579723e-01
1.525526155808413e-02	3.194734e+00	-1.579724e-01
1.526526155808413e-02	3.194735e+00	-1.579723e-01
1.527526155808413e-02	3.194734e+00	-1.579724e-01
1.528526155808413e-02	3.194735e+00	-1.579724e-01
1.529526155808413e-02	3.194734e+00	-1.579724e-01
1.530526155808413e-02	3.194735e+00	-1.579724e-01
1.531526155808413e-02	3.194734e+00	-1.579724e-01
1.532526155808413e-02	3.194735e+00	-1.579724e-01
1.533526155808413e-02	3.194734e+00	-1.579724e-01
1.534526155808413e-02	3.194735e+00	-1.579724e-01
1.535526155808413e-02	3.194734e+00	-1.579724e-01
1.536526155808413e-02	3.194735e+00	-1.579724e-01
1.537526155808413e-02	3.194734e+00	-1.579724e-01
1.538526155808413e-02	3.194735e+00	-1.579724e-01
1.539526155808413e-02	3.194734e+00	-1.579724e-01
1.540526155808413e-02	3.194735e+00	-1.579724e-01
1.541526155808413e-02	3.194734e+00	-1.579724e-01
1.542526155808413e-02	3.194735e+00	-1.579724e-01
1.543526155808413e-02	3.194734e+00	-1.579724e-01
1.544526155808413e-02	3.194735e+00	-1.579724e-01
1.545526155808413e-02	3.194734e+00	-1.579724e-01
1.546526155808413e-02	3.194735e+00	-1.579724e-01
1.547526155808413e-02	3.194734e+00	-1.579724e-01
1.548526155808413e-02	3.194735e+00	-1.579724e-01
1.549526155808413e-02	3.194734e+00	-1.579724e-01
1.550526155808413e-02	3.194735e+00	-1.579724e-01
1.551526155808413e-02	3.194734e+00	-1.579724e-01
1.552526155808413e-02	3.194735e+00	-1.579724e-01
1.553526155808413e-02	3.194734e+00	-1.579724e-01
1.554526155808413e-02	3.194735e+00	-1.579724e-01
1.555526155808413e-02	3.194734e+00	-1.579724e-01
1.556526155808413e-02	3.194735e+00	-1.579724e-01
1.557526155808413e-02	3.194734e+00	-1.579724e-01
1.558526155808413e-02	3.194735e+00	-1.579724e-01
1.559526155808413e-02	3.194734e+00	-1.579724e-01
1.560526155808413e-02	3.194735e+00	-1.579724e-01
1.561526155808413e-02	3.194734e+00	-1.579724e-01
1.562526155808413e-02	3.194735e+00	-1.579724e-01
1.563526155808413e-02	3.194734e+00	-1.579724e-01
1.564526155808413e-02	3.194735e+00	-1.579724e-01
1.565526155808413e-02	3.194734e+00	-1.579724e-01
1.566526155808413e-02	3.194735e+00	-1.579724e-01
1.567526155808413e-02	3.194734e+00	-1.579724e-01
1.568526155808413e-02	3.194735e+00	-1.579724e-01
1.569526155808413e-02	3.194734e+00	-1.579724e-01
1.570526155808413e-02	3.194735e+00	-1.579724e-01
1.571526155808413e-02	3.194734e+00	-1.579724e-01
1.572526155808413e-02	3.194735e+00	-1.579724e-01
1.573526155808413e-02	3.194734e+00	-1.579724e-01
1.574526155808413e-02	3.194735e+00	-1.579724e-01
1.575526155808413e-02	3.194734e+00	-1.579724e-01
1.576526155808413e-02	3.194735e+00	-1.579724e-01
1.577526155808413e-02	3.194734e+00	-1.579725e-01
1.578526155808413e-02	3.194735e+00	-1.579724e-01
1.579526155808413e-02	3.194734e+00	-1.579725e-01
1.580526155808413e-02	3.194735e+00	-1.579724e-01
1.581526155808413e-02	3.194734e+00	-1.579725e-01
1.582526155808413e-02	3.194735e+00	-1.579724e-01
1.583526155808413e-02	3.194734e+00	-1.579725e-01
1.584526155808413e-02	3.194735e+00	-1.579724e-01
1.585526155808413e-02	3.194734e+00	-1.579725e-01
1.586526155808413e-02	3.194735e+00	-1.579724e-01
1.587526155808413e-02	3.194734e+00	-1.579725e-01
1.588526155808413e-02	3.194735e+00	-1.579724e-01
1.589526155808413e-02	3.194734e+00	-1.579725e-01
1.590526155808413e-02	3.194735e+00	-1.579724e-01
1.591526155808413e-02	3.194734e+00	-1.579725e-01
1.592526155808413e-02	3.194735e+00	-1.579724e-01
1.593526155808413e-02	3.194734e+00	-1.579725e-01
1.594526155808413e-02	3.194735e+00	-1.579724e-01
1.595526155808413e-02	3.194734e+00	-1.579725e-01
1.596526155808413e-02	3.194735e+00	-1.579724e-01
1.597526155808413e-02	3.194734e+00	-1.579725e-01
1.598526155808413e-02	3.194735e+00	-1.579724e-01
1.599526155808413e-02	3.194734e+00	-1.579725e-01
1.600526155808413e-02	3.194735e+00	-1.579724e-01
1.601526155808413e-02	3.194734e+00	-1.579725e-01
1.602526155808413e-02	3.194735e+00	-1.579724e-01
1.603526155808413e-02	3.194734e+00	-1.579725e-01
1.604526155808413e-02	3.194735e+00	-1.579724e-01
1.605526155808413e-02	3.194734e+00	-1.579725e-01
1.606526155808413e-02	3.194735e+00	-1.579724e-01
1.607526155808413e-02	3.194734e+00	-1.579725e-01
1.608526155808413e-02	3.194735e+00	-1.579724e-01
1.609526155808413e-02	3.194734e+00	-1.579725e-01
1.610526155808413e-02	3.194735e+00	-1.579724e-01
1.611526155808413e-02	3.194734e+00	-1.579725e-01
1.612526155808413e-02	3.194735e+00	-1.579724e-01
1.613526155808413e-02	3.194734e+00	-1.579725e-01
1.614526155808413e-02	3.194735e+00	-1.579724e-01
1.615526155808413e-02	3.194734e+00	-1.579725e-01
1.616526155808413e-02	3.194735e+00	-1.579724e-01
1.617526155808413e-02	3.194734e+00	-1.579725e-01
1.618526155808413e-02	3.194735e+00	-1.579724e-01
1.619526155808413e-02	3.194734e+00	-1.579725e-01
1.620526155808413e-02	3.194735e+00	-1.579724e-01
1.621526155808413e-02	3.194734e+00	-1.579725e-01
1.622526155808413e-02	3.194735e+00	-1.579724e-01
1.623526155808413e-02	3.194734e+00	-1.579725e-01
1.624526155808413e-02	3.194735e+00	-1.579724e-01
1.625526155808413e-02	3.194734e+00	-1.579725e-01
1.626526155808413e-02	3.194735e+00	-1.579724e-01
1.627526155808413e-02	3.194734e+00	-1.579725e-01
1.628526155808413e-02	3.194735e+00	-1.579724e-01
1.629526155808413e-02	3.194734e+00	-1.579725e-01
1.630526155808413e-02	3.194735e+00	-1.579724e-01
1.631526155808413e-02	3.194734e+00	-1.579725e-01
1.632526155808413e-02	3.194735e+00	-1.579724e-01
1.633526155808413e-02	3.194734e+00	-1.579725e-01
1.634526155808413e-02	3.194735e+00	-1.579724e-01
1.635526155808413e-02	3.194734e+00	-1.579725e-01
1.636526155808413e-02	3.194735e+00	-1.579724e-01
1.637526155808413e-02	3.194734e+00	-1.579725e-01
1.638526155808413e-02	3.194735e+00	-1.579724e-01
1.639526155808413e-02	3.194734e+00	-1.579725e-01
1.640526155808413e-02	3.194735e+00	-1.579724e-01
1.641526155808413e-02	3.194734e+00	-1.579725e-01
1.642526155808413e-02	3.194735e+00	-1.579724e-01
1.643526155808413e-02	3.194734e+00	-1.579725e-01
1.644526155808413e-02	3.194735e+00	-1.579724e-01
1.645526155808413e-02	3.194734e+00	-1.579725e-01
1.646526155808413e-02	3.194735e+00	-1.579724e-01
1.647526155808413e-02	3.194734e+00	-1.579725e-01
1.648526155808413e-02	3.194735e+00	-1.579724e-01
1.649526155808413e-02	3.194734e+00	-1.579725e-01
1.650526155808413e-02	3.194735e+00	-1.579724e-01
1.651526155808413e-02	3.194734e+00	-1.579725e-01
1.652526155808413e-02	3.194735e+00	-1.579724e-01
1.653526155808413e-02	3.194734e+00	-1.579725e-01
1.654526155808413e-02	3.194735e+00	-1.579724e-01
1.655526155808413e-02	3.194735e+00	-1.579725e-01
1.656526155808413e-02	3.194735e+00	-1.579724e-01
1.657526155808413e-02	3.194735e+00	-1.579725e-01
1.658526155808413e-02	3.194735e+00	-1.579724e-01
1.659526155808413e-02	3.194734e+00	-1.579725e-01
1.660526155808413e-02	3.194735e+00	-1.579724e-01
1.661526155808413e-02	3.194734e+00	-1.579725e-01
1.662526155808413e-02	3.194735e+00	-1.579724e-01
1.663526155808413e-02	3.194734e+00	-1.579725e-01
1.664526155808413e-02	3.194735e+00	-1.579724e-01
1.665526155808413e-02	3.194734e+00	-1.579725e-01
1.666526155808413e-02	3.194735e+00	-1.579724e-01
1.667526155808413e-02	3.194734e+00	-1.579725e-01
1.668526155808413e-02	3.194735e+00	-1.579724e-01
1.669526155808413e-02	3.194734e+00	-1.579725e-01
1.670526155808413e-02	3.194735e+00	-1.579724e-01
1.671526155808413e-02	3.194734e+00	-1.579725e-01
1.672526155808413e-02	3.194735e+00	-1.579724e-01
1.673526155808413e-02	3.194734e+00	-1.579725e-01
1.674526155808413e-02	3.194735e+00	-1.579724e-01
1.675526155808413e-02	3.194734e+00	-1.579725e-01
1.676526155808413e-02	3.194735e+00	-1.579724e-01
1.677526155808413e-02	3.194734e+00	-1.579725e-01
1.678526155808413e-02	3.194735e+00	-1.579724e-01
1.679526155808413e-02	3.194734e+00	-1.579725e-01
1.680526155808413e-02	3.194735e+00	-1.579724e-01
1.681526155808413e-02	3.194734e+00	-1.579725e-01
1.682526155808413e-02	3.194735e+00	-1.579724e-01
1.683526155808413e-02	3.194734e+00	-1.579725e-01
1.684526155808413e-02	3.194735e+00	-1.579724e-01
1.685526155808413e-02	3.194735e+00	-1.579725e-01
1.686526155808413e-02	3.194735e+00	-1.579724e-01
1.687526155808413e-02	3.194735e+00	-1.579725e-01
1.688526155808413e-02	3.194735e+00	-1.579724e-01
1.689526155808413e-02	3.194735e+00	-1.579725e-01
1.690526155808413e-02	3.194735e+00	-1.579724e-01
1.691526155808413e-02	3.194734e+00	-1.579725e-01
1.692526155808413e-02	3.194735e+00	-1.579724e-01
1.693526155808413e-02	3.194734e+00	-1.579725e-01
1.694526155808413e-02	3.194735e+00	-1.579724e-01
1.695526155808413e-02	3.194734e+00	-1.579725e-01
1.696526155808413e-02	3.194735e+00	-1.579724e-01
1.697526155808413e-02	3.194734e+00	-1.579725e-01
1.698526155808413e-02	3.194735e+00	-1.579724e-01
1.699526155808413e-02	3.194734e+00	-1.579725e-01
1.700526155808413e-02	3.194735e+00	-1.579724e-01
1.701526155808413e-02	3.194734e+00	-1.579725e-01
1.702526155808413e-02	3.194735e+00	-1.579724e-01
1.703526155808413e-02	3.194734e+00	-1.579725e-01
1.704526155808413e-02	3.194735e+00	-1.579724e-01
1.705526155808413e-02	3.194734e+00	-1.579725e-01
1.706526155808413e-02	3.194735e+00	-1.579724e-01
1.707526155808413e-02	3.194734e+00	-1.579725e-01
1.708526155808413e-02	3.194735e+00	-1.579724e-01
1.709526155808413e-02	3.194734e+00	-1.579725e-01
1.710526155808413e-02	3.194735e+00	-1.579724e-01
1.711526155808413e-02	3.194734e+00	-1.579725e-01
1.712526155808413e-02	3.194735e+00	-1.579724e-01
1.713526155808413e-02	3.194734e+00	-1.579725e-01
1.714526155808413e-02	3.194735e+00	-1.579724e-01
1.715526155808413e-02	3.194734e+00	-1.579725e-01
1.716526155808413e-02	3.194735e+00	-1.579724e-01
1.717526155808413e-02	3.194734e+00	-1.579725e-01
1.718526155808413e-02	3.194735e+00	-1.579724e-01
1.719526155808413e-02	3.194734e+00	-1.579725e-01
1.720526155808413e-02	3.194735e+00	-1.579724e-01
1.721526155808413e-02	3.194734e+00	-1.579725e-01
1.722526155808413e-02	3.194735e+00	-1.579724e-01
1.723526155808413e-02	3.194734e+00	-1.579725e-01
1.724526155808413e-02	3.194735e+00	-1.579724e-01
1.725526155808413e-02	3.194734e+00	-1.579725e-01
1.726526155808413e-02	3.194735e+00	-1.579724e-01
1.727526155808413e-02	3.194734e+00	-1.579725e-01
1.728526155808413e-02	3.194735e+00	-1.579724e-01
1.729526155808413e-02	3.194734e+00	-1.579725e-01
1.730526155808413e-02	3.194735e+00	-1.579724e-01
1.731526155808413e-02	3.194734e+00	-1.579725e-01
1.732526155808413e-02	3.194735e+00	-1.579724e-01
1.733526155808413e-02	3.194734e+00	-1.579725e-01
1.734526155808413e-02	3.194735e+00	-1.579724e-01
1.735526155808413e-02	3.194734e+00	-1.579725e-01
1.736526155808413e-02	3.194735e+00	-1.579724e-01
1.737526155808413e-02	3.194734e+00	-1.579725e-01
1.738526155808413e-02	3.194735e+00	-1.579724e-01
1.739526155808413e-02	3.194734e+00	-1.579725e-01
1.740526155808413e-02	3.194735e+00	-1.579724e-01
1.741526155808413e-02	3.194734e+00	-1.579725e-01
1.742526155808413e-02	3.194735e+00	-1.579724e-01
1.743526155808413e-02	3.194734e+00	-1.579725e-01
1.744526155808413e-02	3.194735e+00	-1.579724e-01
1.745526155808413e-02	3.194735e+00	-1.579725e-01
1.746526155808413e-02	3.194735e+00	-1.579724e-01
1.747526155808413e-02	3.194735e+00	-1.579725e-01
1.748526155808413e-02	3.194735e+00	-1.579724e-01
1.749526155808413e-02	3.194735e+00	-1.579725e-01
1.750526155808413e-02	3.194735e+00	-1.579724e-01
1.751526155808413e-02	3.194735e+00	-1.579725e-01
1.752526155808413e-02	3.194735e+00	-1.579724e-01
1.753526155808413e-02	3.194735e+00	-1.579725e-01
1.754526155808413e-02	3.194735e+00	-1.579724e-01
1.755526155808413e-02	3.194735e+00	-1.579725e-01
1.756526155808413e-02	3.194735e+00	-1.579724e-01
1.757526155808413e-02	3.194735e+00	-1.579725e-01
1.758526155808413e-02	3.194735e+00	-1.579724e-01
1.759526155808413e-02	3.194735e+00	-1.579725e-01
1.760526155808413e-02	3.194735e+00	-1.579724e-01
1.761526155808413e-02	3.194735e+00	-1.579725e-01
1.762526155808413e-02	3.194735e+00	-1.579724e-01
1.763526155808413e-02	3.194735e+00	-1.579725e-01
1.764526155808413e-02	3.194735e+00	-1.579724e-01
1.765526155808413e-02	3.194735e+00	-1.579725e-01
1.766526155808413e-02	3.194735e+00	-1.579724e-01
1.767526155808413e-02	3.194735e+00	-1.579725e-01
1.768526155808413e-02	3.194735e+00	-1.579724e-01
1.769526155808413e-02	3.194734e+00	-1.579725e-01
1.770526155808413e-02	3.194735e+00	-1.579724e-01
1.771526155808413e-02	3.194734e+00	-1.579725e-01
1.772526155808413e-02	3.194735e+00	-1.579724e-01
1.773526155808413e-02	3.194734e+00	-1.579725e-01
1.774526155808413e-02	3.194735e+00	-1.579724e-01
1.775526155808413e-02	3.194734e+00	-1.579725e-01
1.776526155808413e-02	3.194735e+00	-1.579724e-01
1.777526155808413e-02	3.194734e+00	-1.579725e-01
1.778526155808413e-02	3.194735e+00	-1.579724e-01
1.779526155808413e-02	3.194734e+00	-1.579725e-01
1.780526155808413e-02	3.194735e+00	-1.579724e-01
1.781526155808413e-02	3.194734e+00	-1.579725e-01
1.782526155808413e-02	3.194735e+00	-1.579724e-01
1.783526155808413e-02	3.194734e+00	-1.579725e-01
1.784526155808413e-02	3.194735e+00	-1.579724e-01
1.785526155808413e-02	3.194734e+00	-1.579725e-01
1.786526155808413e-02	3.194735e+00	-1.579724e-01
1.787526155808413e-02	3.194734e+00	-1.579725e-01
1.788526155808413e-02	3.194735e+00	-1.579724e-01
1.789526155808413e-02	3.194734e+00	-1.579725e-01
1.790526155808413e-02	3.194735e+00	-1.579724e-01
1.791526155808413e-02	3.194734e+00	-1.579725e-01
1.792526155808413e-02	3.194735e+00	-1.579724e-01
1.793526155808413e-02	3.194734e+00	-1.579725e-01
1.794526155808413e-02	3.194735e+00	-1.579724e-01
1.795526155808413e-02	3.194734e+00	-1.579725e-01
1.796526155808413e-02	3.194735e+00	-1.579724e-01
1.797526155808413e-02	3.194734e+00	-1.579725e-01
1.798526155808413e-02	3.194735e+00	-1.579724e-01
1.799526155808413e-02	3.194734e+00	-1.579725e-01
1.800526155808413e-02	3.194735e+00	-1.579724e-01
1.801526155808413e-02	3.194734e+00	-1.579725e-01
1.802526155808413e-02	3.194735e+00	-1.579724e-01
1.803526155808413e-02	3.194734e+00	-1.579725e-01
1.804526155808413e-02	3.194735e+00	-1.579724e-01
1.805526155808413e-02	3.194734e+00	-1.579725e-01
1.806526155808413e-02	3.194735e+00	-1.579724e-01
1.807526155808413e-02	3.194734e+00	-1.579725e-01
1.808526155808413e-02	3.194735e+00	-1.579724e-01
1.809526155808413e-02	3.194734e+00	-1.579725e-01
1.810526155808413e-02	3.194735e+00	-1.579724e-01
1.811526155808413e-02	3.194734e+00	-1.579725e-01
1.812526155808413e-02	3.194735e+00	-1.579724e-01
1.813526155808413e-02	3.194734e+00	-1.579725e-01
1.814526155808413e-02	3.194735e+00	-1.579724e-01
1.815526155808413e-02	3.194734e+00	-1.579725e-01
1.816526155808413e-02	3.194735e+00	-1.579724e-01
1.817526155808413e-02	3.194734e+00	-1.579725e-01
1.818526155808413e-02	3.194735e+00	-1.579724e-01
1.819526155808413e-02	3.194734e+00	-1.579725e-01
1.820526155808413e-02	3.194735e+00	-1.579724e-01
1.821526155808413e-02	3.194734e+00	-1.579725e-01
1.822526155808413e-02	3.194735e+00	-1.579724e-01
1.823526155808413e-02	3.194734e+00	-1.579725e-01
1.824526155808413e-02	3.194735e+00	-1.579724e-01
1.825526155808413e-02	3.194734e+00	-1.579725e-01
1.826526155808413e-02	3.194735e+00	-1.579724e-01
1.827526155808413e-02	3.194734e+00	-1.579725e-01
1.828526155808413e-02	3.194735e+00	-1.579724e-01
1.829526155808413e-02	3.194734e+00	-1.579725e-01
1.830526155808413e-02	3.194735e+00	-1.579724e-01
1.831526155808413e-02	3.194734e+00	-1.579725e-01
1.832526155808413e-02	3.194735e+00	-1.579724e-01
1.833526155808413e-02	3.194734e+00	-1.579725e-01
1.834526155808413e-02	3.194735e+00	-1.579724e-01
1.835526155808413e-02	3.194734e+00	-1.579725e-01
1.836526155808413e-02	3.194735e+00	-1.579724e-01
1.837526155808413e-02	3.194734e+00	-1.579725e-01
1.838526155808413e-02	3.194735e+00	-1.579724e-01
1.839526155808413e-02	3.194734e+00	-1.579725e-01
1.840526155808413e-02	3.194735e+00	-1.579724e-01
1.841526155808413e-02	3.194734e+00	-1.579725e-01
1.842526155808413e-02	3.194735e+00	-1.579724e-01
1.843526155808413e-02	3.194734e+00	-1.579725e-01
1.844526155808413e-02	3.194735e+00	-1.579724e-01
1.845526155808413e-02	3.194734e+00	-1.579725e-01
1.846526155808413e-02	3.194735e+00	-1.579724e-01
1.847526155808413e-02	3.194734e+00	-1.579725e-01
1.848526155808413e-02	3.194735e+00	-1.579724e-01
1.849526155808413e-02	3.194734e+00	-1.579725e-01
1.850526155808413e-02	3.194735e+00	-1.579724e-01
1.851526155808413e-02	3.194734e+00	-1.579725e-01
1.852526155808413e-02	3.194735e+00	-1.579724e-01
1.853526155808413e-02	3.194734e+00	-1.579725e-01
1.854526155808413e-02	3.194735e+00	-1.579724e-01
1.855526155808413e-02	3.194734e+00	-1.579725e-01
1.856526155808413e-02	3.194735e+00	-1.579724e-01
1.857526155808413e-02	3.194734e+00	-1.579725e-01
1.858526155808413e-02	3.194735e+00	-1.579724e-01
1.859526155808413e-02	3.194734e+00	-1.579725e-01
1.860526155808413e-02	3.194735e+00	-1.579724e-01
1.861526155808413e-02	3.194734e+00	-1.579725e-01
1.862526155808413e-02	3.194735e+00	-1.579724e-01
1.863526155808413e-02	3.194734e+00	-1.579725e-01
1.864526155808413e-02	3.194735e+00	-1.579724e-01
1.865526155808413e-02	3.194734e+00	-1.579725e-01
1.866526155808413e-02	3.194735e+00	-1.579724e-01
1.867526155808413e-02	3.194734e+00	-1.579725e-01
1.868526155808413e-02	3.194735e+00	-1.579724e-01
1.869526155808413e-02	3.194734e+00	-1.579725e-01
1.870526155808413e-02	3.194735e+00	-1.579724e-01
1.871526155808413e-02	3.194734e+00	-1.579725e-01
1.872526155808413e-02	3.194735e+00	-1.579724e-01
1.873526155808413e-02	3.194734e+00	-1.579725e-01
1.874526155808413e-02	3.194735e+00	-1.579724e-01
1.875526155808413e-02	3.194734e+00	-1.579725e-01
1.876526155808413e-02	3.194735e+00	-1.579724e-01
1.877526155808413e-02	3.194734e+00	-1.579725e-01
1.878526155808413e-02	3.194735e+00	-1.579724e-01
1.879526155808413e-02	3.194734e+00	-1.579725e-01
1.880526155808413e-02	3.194735e+00	-1.579724e-01
1.881526155808413e-02	3.194734e+00	-1.579725e-01
1.882526155808413e-02	3.194735e+00	-1.579724e-01
1.883526155808413e-02	3.194734e+00	-1.579725e-01
1.884526155808413e-02	3.194735e+00	-1.579724e-01
1.885526155808413e-02	3.194734e+00	-1.579725e-01
1.886526155808413e-02	3.194735e+00	-1.579724e-01
1.887526155808413e-02	3.194734e+00	-1.579725e-01
1.888526155808413e-02	3.194735e+00	-1.579724e-01
1.889526155808413e-02	3.194734e+00	-1.579725e-01
1.890526155808413e-02	3.194735e+00	-1.579724e-01
1.891526155808413e-02	3.194734e+00	-1.579725e-01
1.892526155808413e-02	3.194735e+00	-1.579724e-01
1.893526155808413e-02	3.194734e+00	-1.579725e-01
1.894526155808413e-02	3.194735e+00	-1.579724e-01
1.895526155808413e-02	3.194734e+00	-1.579725e-01
1.896526155808413e-02	3.194735e+00	-1.579724e-01
1.897526155808413e-02	3.194734e+00	-1.579725e-01
1.898526155808413e-02	3.194735e+00	-1.579724e-01
1.899526155808413e-02	3.194734e+00	-1.579725e-01
1.900526155808413e-02	3.194735e+00	-1.579724e-01
1.901526155808413e-02	3.194734e+00	-1.579725e-01
1.902526155808413e-02	3.194735e+00	-1.579724e-01
1.903526155808413e-02	3.194734e+00	-1.579725e-01
1.904526155808413e-02	3.194735e+00	-1.579724e-01
1.905526155808413e-02	3.194734e+00	-1.579725e-01
1.906526155808413e-02	3.194735e+00	-1.579724e-01
1.907526155808413e-02	3.194734e+00	-1.579725e-01
1.908526155808413e-02	3.194735e+00	-1.579724e-01
1.909526155808413e-02	3.194734e+00	-1.579725e-01
1.910526155808413e-02	3.194735e+00	-1.579724e-01
1.911526155808413e-02	3.194734e+00	-1.579725e-01
1.912526155808413e-02	3.194735e+00	-1.579724e-01
1.913526155808413e-02	3.194734e+00	-1.579725e-01
1.914526155808413e-02	3.194735e+00	-1.579724e-01
1.915526155808413e-02	3.194734e+00	-1.579725e-01
1.916526155808413e-02	3.194735e+00	-1.579724e-01
1.917526155808413e-02	3.194734e+00	-1.579725e-01
1.918526155808413e-02	3.194735e+00	-1.579724e-01
1.919526155808413e-02	3.194734e+00	-1.579725e-01
1.920526155808413e-02	3.194735e+00	-1.579724e-01
1.921526155808413e-02	3.194734e+00	-1.579725e-01
1.922526155808413e-02	3.194735e+00	-1.579724e-01
1.923526155808413e-02	3.194734e+00	-1.579725e-01
1.924526155808413e-02	3.194735e+00	-1.579724e-01
1.925526155808413e-02	3.194734e+00	-1.579725e-01
1.926526155808413e-02	3.194735e+00	-1.579724e-01
1.927526155808413e-02	3.194734e+00	-1.579725e-01
1.928526155808413e-02	3.194735e+00	-1.579724e-01
1.929526155808413e-02	3.194734e+00	-1.579725e-01
1.930526155808413e-02	3.194735e+00	-1.579724e-01
1.931526155808413e-02	3.194734e+00	-1.579725e-01
1.932526155808413e-02	3.194735e+00	-1.579724e-01
1.933526155808413e-02	3.194734e+00	-1.579725e-01
1.934526155808413e-02	3.194735e+00	-1.579724e-01
1.935526155808413e-02	3.194734e+00	-1.579725e-01
1.936526155808413e-02	3.194735e+00	-1.579724e-01
1.937526155808413e-02	3.194734e+00	-1.579725e-01
1.938526155808413e-02	3.194735e+00	-1.579724e-01
1.939526155808413e-02	3.194734e+00	-1.579725e-01
1.940526155808413e-02	3.194735e+00	-1.579724e-01
1.941526155808413e-02	3.194734e+00	-1.579725e-01
1.942526155808413e-02	3.194735e+00	-1.579724e-01
1.943526155808413e-02	3.194734e+00	-1.579725e-01
1.944526155808413e-02	3.194735e+00	-1.579724e-01
1.945526155808413e-02	3.194734e+00	-1.579725e-01
1.946526155808413e-02	3.194735e+00	-1.579724e-01
1.947526155808413e-02	3.194734e+00	-1.579725e-01
1.948526155808413e-02	3.194735e+00	-1.579724e-01
1.949526155808413e-02	3.194734e+00	-1.579725e-01
1.950526155808413e-02	3.194735e+00	-1.579724e-01
1.951526155808413e-02	3.194734e+00	-1.579725e-01
1.952526155808413e-02	3.194735e+00	-1.579724e-01
1.953526155808413e-02	3.194734e+00	-1.579725e-01
1.954526155808413e-02	3.194735e+00	-1.579724e-01
1.955526155808413e-02	3.194734e+00	-1.579725e-01
1.956526155808413e-02	3.194735e+00	-1.579724e-01
1.957526155808413e-02	3.194734e+00	-1.579725e-01
1.958526155808413e-02	3.194735e+00	-1.579724e-01
1.959526155808413e-02	3.194734e+00	-1.579725e-01
1.960526155808413e-02	3.194735e+00	-1.579724e-01
1.961526155808413e-02	3.194734e+00	-1.579725e-01
1.962526155808413e-02	3.194735e+00	-1.579724e-01
1.963526155808413e-02	3.194734e+00	-1.579725e-01
1.964526155808413e-02	3.194735e+00	-1.579724e-01
1.965526155808413e-02	3.194734e+00	-1.579725e-01
1.966526155808413e-02	3.194735e+00	-1.579724e-01
1.967526155808413e-02	3.194734e+00	-1.579725e-01
1.968526155808413e-02	3.194735e+00	-1.579724e-01
1.969526155808413e-02	3.194734e+00	-1.579725e-01
1.970526155808413e-02	3.194735e+00	-1.579724e-01
1.971526155808413e-02	3.194734e+00	-1.579725e-01
1.972526155808413e-02	3.194735e+00	-1.579724e-01
1.973526155808413e-02	3.194734e+00	-1.579725e-01
1.974526155808413e-02	3.194735e+00	-1.579724e-01
1.975526155808413e-02	3.194734e+00	-1.579725e-01
1.976526155808413e-02	3.194735e+00	-1.579724e-01
1.977526155808413e-02	3.194734e+00	-1.579725e-01
1.978526155808413e-02	3.194735e+00	-1.579724e-01
1.979526155808413e-02	3.194734e+00	-1.579725e-01
1.980526155808413e-02	3.194735e+00	-1.579724e-01
1.981526155808413e-02	3.194734e+00	-1.579725e-01
1.982526155808413e-02	3.194735e+00	-1.579724e-01
1.983526155808413e-02	3.194734e+00	-1.579725e-01
1.984526155808413e-02	3.194735e+00	-1.579724e-01
1.985526155808413e-02	3.194734e+00	-1.579725e-01
1.986526155808413e-02	3.194735e+00	-1.579724e-01
1.987526155808413e-02	3.194734e+00	-1.579725e-01
1.988526155808413e-02	3.194735e+00	-1.579724e-01
1.989526155808413e-02	3.194734e+00	-1.579725e-01
1.990526155808413e-02	3.194735e+00	-1.579724e-01
1.991526155808413e-02	3.194734e+00	-1.579725e-01
1.992526155808413e-02	3.194735e+00	-1.579724e-01
1.993526155808413e-02	3.194734e+00	-1.579725e-01
1.994526155808413e-02	3.194735e+00	-1.579724e-01
1.995526155808413e-02	3.194734e+00	-1.579725e-01
1.996526155808413e-02	3.194735e+00	-1.579724e-01
1.997526155808413e-02	3.194734e+00	-1.579725e-01
1.998526155808413e-02	3.194735e+00	-1.579724e-01
1.999526155808413e-02	3.194734e+00	-1.579725e-01
2.000000000000000e-02	3.194735e+00	-1.579724e-01
Step Information: Rtierra=500K  (Step: 3/3)
0.000000000000000e+00	-1.652241e-04	-2.599899e-07
9.999999439624929e-11	-1.714230e-04	-2.603294e-07
1.999999887924986e-10	-1.657009e-04	-2.606087e-07
1.599999910339989e-09	-1.726151e-04	-2.646888e-07
3.199999820679977e-09	-1.945496e-04	-2.710324e-07
6.399999641359955e-09	-2.791882e-04	-2.879314e-07
1.279999928271991e-08	-6.017685e-04	-3.319716e-07
2.559999856543982e-08	-1.628876e-03	-4.344761e-07
4.853882854729470e-08	-4.077673e-03	-6.134866e-07
6.923340253656991e-08	-8.904696e-03	-7.443410e-07
7.983909652413013e-08	-1.307011e-02	-7.741142e-07
8.902218748664289e-08	-1.136518e-02	-7.298892e-07
9.849762993470447e-08	-4.369974e-03	-5.898578e-07
1.103352956965569e-07	8.068085e-04	-3.282622e-07
1.241774662636399e-07	3.049135e-03	7.560375e-09
1.430157053406918e-07	5.824327e-03	4.318654e-07
1.655854109268796e-07	9.728432e-03	8.564112e-07
1.899727469390326e-07	1.548719e-02	1.174415e-06
2.206954089475194e-07	2.399898e-02	1.362375e-06
2.563886826064060e-07	1.785278e-02	1.332149e-06
2.988682420856769e-07	4.176140e-03	1.288348e-06
3.519277506999157e-07	5.068779e-04	1.251629e-06
4.262226444163279e-07	1.797676e-04	1.201714e-06
5.624543307766802e-07	2.744198e-04	1.115437e-06
7.962048471769852e-07	-1.361370e-04	9.898855e-07
1.017386327078226e-06	-7.537603e-04	8.924347e-07
1.303905792571998e-06	-1.281977e-03	7.889291e-07
1.590379049371543e-06	-1.771331e-03	7.028624e-07
1.976054950532206e-06	-2.244353e-03	6.059992e-07
2.395456913370596e-06	-2.715468e-03	5.168308e-07
2.972020555646874e-06	-3.150344e-03	4.132315e-07
3.659852745301573e-06	-3.329277e-03	3.090876e-07
4.739537051178872e-06	-3.245115e-03	1.763901e-07
6.190465127210702e-06	-5.769491e-03	3.967525e-08
7.539277820588235e-06	-8.743167e-03	-5.572302e-08
9.091155762104149e-06	-1.156402e-02	-1.397772e-07
1.050797786272496e-05	-1.399267e-02	-1.984472e-07
1.217458281345076e-05	-1.650310e-02	-2.518026e-07
1.378838899682285e-05	-1.896763e-02	-2.908712e-07
1.560212565988864e-05	-2.161145e-02	-3.243789e-07
1.736876284495064e-05	-2.417815e-02	-3.483976e-07
1.931230931402025e-05	-2.693534e-02	-3.676346e-07
2.122594863361770e-05	-2.964556e-02	-3.796594e-07
2.326990953443161e-05	-3.250766e-02	-3.854340e-07
2.526942663033430e-05	-3.527534e-02	-3.822541e-07
2.731669092611689e-05	-3.803015e-02	-3.688925e-07
2.939599701002368e-05	-4.071712e-02	-3.441189e-07
3.130040636032618e-05	-4.305434e-02	-3.138336e-07
3.357009384097619e-05	-4.564750e-02	-2.715152e-07
3.605160253188850e-05	-4.826784e-02	-2.223448e-07
3.936571271019554e-05	-5.140507e-02	-1.567105e-07
4.263210555963426e-05	-5.414069e-02	-9.608296e-08
4.603178573002879e-05	-5.659723e-02	-3.861630e-08
4.980147204876602e-05	-5.892110e-02	1.728345e-08
5.435154562685877e-05	-6.123745e-02	7.436085e-08
5.971581151981409e-05	-6.343818e-02	1.270647e-07
6.638919923968674e-05	-6.557679e-02	1.721497e-07
7.473611143556860e-05	-6.770992e-02	2.042103e-07
8.473611143556860e-05	-6.993198e-02	2.129647e-07
9.289669571735261e-05	-7.200480e-02	1.789813e-07
9.622155816103670e-05	-8.113658e-02	1.557111e-07
9.755171489400786e-05	-1.180282e-01	-3.613647e-05
9.837986655978550e-05	-1.603469e-01	-2.806800e-05
9.892798041680998e-05	-1.893251e-01	-3.150651e-05
9.953693651139601e-05	-2.218310e-01	-3.033968e-05
1.000480663856084e-04	-2.488624e-01	-2.998053e-05
1.003993900963281e-04	-2.674243e-01	-3.087877e-05
1.007409137900642e-04	-2.852874e-01	-2.916843e-05
1.012295449382741e-04	-3.104244e-01	-2.990910e-05
1.017527589366747e-04	-3.364806e-01	-2.765425e-05
1.027305491025388e-04	-3.816518e-01	-2.602548e-05
1.038538186382381e-04	-4.258881e-01	-1.978783e-05
1.053914281153057e-04	-4.716783e-01	-1.441634e-05
1.070659967774398e-04	-5.060521e-01	-8.330647e-06
1.084787244506503e-04	-5.258967e-01	-7.293337e-06
1.100520617626337e-04	-5.416715e-01	-4.137854e-06
1.116189104972699e-04	-5.527833e-01	-4.187905e-06
1.123730485169455e-04	-5.557481e-01	2.813895e-07
1.128499573502941e-04	-5.571752e-01	-3.909280e-06
1.131804834104845e-04	-5.581516e-01	3.019154e-07
1.134783550202262e-04	-5.589924e-01	-3.694946e-06
1.137889747591960e-04	-5.598657e-01	2.664670e-07
1.141182141913873e-04	-5.607480e-01	-3.500289e-06
1.144408664446709e-04	-5.616045e-01	2.534225e-07
1.147703932245008e-04	-5.624379e-01	-3.318070e-06
1.150995936193071e-04	-5.632591e-01	2.569509e-07
1.154342032284469e-04	-5.640485e-01	-3.132583e-06
1.157742024329845e-04	-5.648289e-01	2.985976e-07
1.161271913801050e-04	-5.655777e-01	-2.910728e-06
1.165002848866786e-04	-5.663179e-01	4.279366e-07
1.169136836798683e-04	-5.670288e-01	-2.594944e-06
1.174081690260027e-04	-5.677429e-01	7.172756e-07
1.181045411219910e-04	-5.684701e-01	-2.123774e-06
1.191774796767733e-04	-5.691681e-01	1.184160e-06
1.203201770782758e-04	-5.695295e-01	-1.731329e-06
1.216700120484612e-04	-5.696861e-01	1.401191e-06
1.236510138541398e-04	-5.695986e-01	-1.548072e-06
1.257468955090130e-04	-5.692874e-01	1.514683e-06
1.282486654425807e-04	-5.687263e-01	-1.454694e-06
1.305907559352071e-04	-5.680921e-01	1.570007e-06
1.336090643428450e-04	-5.671438e-01	-1.397150e-06
1.369874927846800e-04	-5.659701e-01	1.612279e-06
1.416247749483326e-04	-5.641885e-01	-1.346070e-06
1.473443952419227e-04	-5.618119e-01	1.657726e-06
1.556852520287737e-04	-5.580641e-01	-1.291728e-06
1.652826383328729e-04	-5.534863e-01	1.708437e-06
1.752826383328729e-04	-5.484834e-01	-1.245410e-06
1.852826383328729e-04	-5.433401e-01	1.743549e-06
1.952826383328729e-04	-5.380974e-01	-1.214763e-06
2.052826383328729e-04	-5.328184e-01	1.766229e-06
2.152826383328729e-04	-5.275184e-01	-1.193981e-06
2.252826383328729e-04	-5.222402e-01	1.781263e-06
2.352826383328729e-04	-5.169857e-01	-1.179727e-06
2.452826383328729e-04	-5.117881e-01	1.790989e-06
2.552826383328729e-04	-5.066417e-01	-1.169930e-06
2.652826383328729e-04	-5.015727e-01	1.797032e-06
2.752826383328729e-04	-4.965715e-01	-1.163393e-06
2.852826383328729e-04	-4.916602e-01	1.800335e-06
2.952826383328729e-04	-4.868362e-01	-1.159342e-06
3.052826383328729e-04	-4.823897e-01	1.806444e-06
3.084027136946452e-04	-4.799360e-01	-9.512974e-07
3.115362948297148e-04	-4.776000e-01	1.900462e-06
3.130096221849959e-04	-4.764904e-01	-9.178261e-07
3.147913267575080e-04	-4.751003e-01	1.907456e-06
3.169586565219341e-04	-4.733791e-01	-9.041546e-07
3.205068307920480e-04	-4.705659e-01	1.913284e-06
3.242901896482252e-04	-4.675703e-01	-8.947757e-07
3.297002242039174e-04	-4.633011e-01	1.916474e-06
3.351595396873700e-04	-4.590173e-01	-8.898409e-07
3.431666965963798e-04	-4.528012e-01	1.917165e-06
3.531666965963798e-04	-4.451540e-01	-8.882562e-07
3.631666965963798e-04	-4.376538e-01	1.915434e-06
3.731666965963798e-04	-4.302948e-01	-8.894207e-07
3.831666965963798e-04	-4.230933e-01	1.911847e-06
3.931666965963798e-04	-4.160333e-01	-8.919593e-07
4.031666965963798e-04	-4.091275e-01	1.907139e-06
4.131666965963798e-04	-4.023579e-01	-8.954621e-07
4.231666965963798e-04	-3.957347e-01	1.901915e-06
4.331666965963798e-04	-3.892412e-01	-8.999968e-07
4.431666965963798e-04	-3.828892e-01	1.895731e-06
4.531666965963798e-04	-3.766598e-01	-9.048239e-07
4.631666965963798e-04	-3.705647e-01	1.889029e-06
4.731666965963798e-04	-3.645860e-01	-9.101466e-07
4.831666965963798e-04	-3.587353e-01	1.881886e-06
4.931666965963798e-04	-3.529946e-01	-9.158865e-07
5.031666965963798e-04	-3.473756e-01	1.874368e-06
5.131666965963798e-04	-3.418609e-01	-9.219845e-07
5.231666965963798e-04	-3.364623e-01	1.866528e-06
5.331666965963798e-04	-3.311622e-01	-9.283923e-07
5.431666965963798e-04	-3.259726e-01	1.858409e-06
5.531666965963798e-04	-3.208762e-01	-9.350698e-07
5.631666965963798e-04	-3.158849e-01	1.850049e-06
5.731666965963798e-04	-3.109821e-01	-9.419826e-07
5.831666965963798e-04	-3.061795e-01	1.841478e-06
5.931666965963798e-04	-3.014605e-01	-9.491011e-07
6.031666965963798e-04	-2.968372e-01	1.832724e-06
6.131666965963798e-04	-2.922931e-01	-9.563986e-07
6.231666965963798e-04	-2.878402e-01	1.823812e-06
6.331666965963798e-04	-2.834622e-01	-9.638517e-07
6.431666965963798e-04	-2.791715e-01	1.814764e-06
6.531666965963798e-04	-2.749516e-01	-9.714390e-07
6.631666965963798e-04	-2.708153e-01	1.805601e-06
6.731666965963798e-04	-2.667459e-01	-9.791411e-07
6.831666965963798e-04	-2.627566e-01	1.796340e-06
6.931666965963798e-04	-2.588307e-01	-9.869400e-07
7.031666965963798e-04	-2.549812e-01	1.786998e-06
7.131666965963797e-04	-2.511919e-01	-9.948194e-07
7.231666965963798e-04	-2.474759e-01	1.777591e-06
7.331666965963798e-04	-2.438169e-01	-1.002764e-06
7.431666965963798e-04	-2.402281e-01	1.768133e-06
7.531666965963797e-04	-2.366933e-01	-1.010760e-06
7.631666965963798e-04	-2.332258e-01	1.758637e-06
7.731666965963798e-04	-2.298099e-01	-1.018794e-06
7.831666965963798e-04	-2.264582e-01	1.749117e-06
7.931666965963797e-04	-2.231554e-01	-1.026855e-06
8.031666965963798e-04	-2.199144e-01	1.739582e-06
8.131666965963798e-04	-2.167197e-01	-1.034931e-06
8.231666965963798e-04	-2.135848e-01	1.730044e-06
8.331666965963797e-04	-2.104934e-01	-1.043011e-06
8.431666965963798e-04	-2.074593e-01	1.720513e-06
8.531666965963798e-04	-2.044671e-01	-1.051087e-06
8.631666965963798e-04	-2.015296e-01	1.710997e-06
8.731666965963797e-04	-1.986319e-01	-1.059148e-06
8.831666965963798e-04	-1.957870e-01	1.701504e-06
8.931666965963798e-04	-1.929798e-01	-1.067188e-06
9.031666965963798e-04	-1.902236e-01	1.692044e-06
9.131666965963797e-04	-1.875032e-01	-1.075198e-06
9.231666965963798e-04	-1.848319e-01	1.682622e-06
9.331666965963798e-04	-1.821947e-01	-1.083172e-06
9.431666965963798e-04	-1.796046e-01	1.673245e-06
9.531666965963797e-04	-1.770470e-01	-1.091103e-06
9.631666965963798e-04	-1.745352e-01	1.663919e-06
9.731666965963798e-04	-1.720539e-01	-1.098985e-06
9.831666965963797e-04	-1.696168e-01	1.654650e-06
9.931666965963797e-04	-1.672089e-01	-1.106813e-06
1.003166696596380e-03	-1.648458e-01	1.645443e-06
1.013166696596380e-03	-1.625266e-01	-1.116428e-06
1.023166696596380e-03	-1.602821e-01	1.631951e-06
1.033166696596380e-03	-1.580998e-01	-1.128370e-06
1.043166696596380e-03	-1.559902e-01	1.618849e-06
1.053166696596380e-03	-1.539375e-01	-1.139901e-06
1.063166696596380e-03	-1.519527e-01	1.606099e-06
1.073166696596380e-03	-1.500204e-01	-1.151097e-06
1.083166696596380e-03	-1.481520e-01	1.593685e-06
1.093166696596380e-03	-1.463317e-01	-1.161971e-06
1.103166696596380e-03	-1.445713e-01	1.581595e-06
1.113166696596380e-03	-1.428552e-01	-1.172535e-06
1.123166696596380e-03	-1.411954e-01	1.569818e-06
1.133166696596380e-03	-1.395763e-01	-1.182802e-06
1.143166696596380e-03	-1.380103e-01	1.558340e-06
1.153166696596380e-03	-1.364815e-01	-1.192783e-06
1.163166696596380e-03	-1.350026e-01	1.547153e-06
1.173166696596380e-03	-1.335580e-01	-1.202488e-06
1.183166696596380e-03	-1.321604e-01	1.536244e-06
1.193166696596380e-03	-1.307945e-01	-1.211928e-06
1.203166696596380e-03	-1.294727e-01	1.525604e-06
1.213166696596380e-03	-1.281800e-01	-1.221113e-06
1.223166696596380e-03	-1.269290e-01	1.515224e-06
1.233166696596380e-03	-1.257048e-01	-1.230052e-06
1.243166696596380e-03	-1.245198e-01	1.505094e-06
1.253166696596380e-03	-1.233596e-01	-1.238753e-06
1.263166696596380e-03	-1.222363e-01	1.495207e-06
1.273166696596380e-03	-1.211356e-01	-1.247225e-06
1.283166696596380e-03	-1.200703e-01	1.485554e-06
1.293166696596380e-03	-1.190256e-01	-1.255475e-06
1.303166696596380e-03	-1.180142e-01	1.476127e-06
1.313166696596380e-03	-1.170218e-01	-1.263511e-06
1.323166696596380e-03	-1.160610e-01	1.466920e-06
1.333166696596380e-03	-1.151177e-01	-1.271339e-06
1.343166696596380e-03	-1.142043e-01	1.457925e-06
1.353166696596380e-03	-1.133069e-01	-1.278967e-06
1.363166696596380e-03	-1.124381e-01	1.449136e-06
1.373166696596380e-03	-1.115837e-01	-1.286400e-06
1.383166696596380e-03	-1.107568e-01	1.440548e-06
1.393166696596380e-03	-1.099429e-01	-1.293645e-06
1.403166696596380e-03	-1.091552e-01	1.432152e-06
1.413166696596380e-03	-1.083794e-01	-1.300707e-06
1.423166696596380e-03	-1.076283e-01	1.423946e-06
1.433166696596380e-03	-1.068883e-01	-1.307590e-06
1.443166696596380e-03	-1.061721e-01	1.415922e-06
1.453166696596380e-03	-1.054659e-01	-1.314302e-06
1.463166696596380e-03	-1.047821e-01	1.408076e-06
1.473166696596380e-03	-1.041075e-01	-1.320845e-06
1.483166696596380e-03	-1.034547e-01	1.400404e-06
1.493166696596380e-03	-1.028100e-01	-1.327225e-06
1.503166696596380e-03	-1.021862e-01	1.392900e-06
1.513166696596380e-03	-1.015695e-01	-1.333446e-06
1.523166696596380e-03	-1.009731e-01	1.385559e-06
1.533166696596380e-03	-1.003833e-01	-1.339512e-06
1.543166696596380e-03	-9.981263e-02	1.378379e-06
1.553166696596380e-03	-9.924793e-02	-1.345428e-06
1.563166696596380e-03	-9.870172e-02	1.371355e-06
1.573166696596380e-03	-9.816062e-02	-1.351196e-06
1.583166696596380e-03	-9.763765e-02	1.364482e-06
1.593166696596380e-03	-9.711909e-02	-1.356822e-06
1.603166696596380e-03	-9.661782e-02	1.357757e-06
1.613166696596380e-03	-9.612060e-02	-1.362308e-06
1.623166696596380e-03	-9.564006e-02	1.351176e-06
1.633166696596380e-03	-9.516299e-02	-1.367658e-06
1.643166696596380e-03	-9.470201e-02	1.344736e-06
1.653166696596380e-03	-9.424400e-02	-1.372875e-06
1.663166696596380e-03	-9.380174e-02	1.338434e-06
1.673166696596380e-03	-9.336197e-02	-1.377962e-06
1.683166696596380e-03	-9.293723e-02	1.332265e-06
1.693166696596380e-03	-9.251463e-02	-1.382922e-06
1.703166696596380e-03	-9.210670e-02	1.326228e-06
1.713166696596380e-03	-9.170043e-02	-1.387759e-06
1.723166696596380e-03	-9.130847e-02	1.320319e-06
1.733166696596380e-03	-9.091783e-02	-1.392475e-06
1.743166696596380e-03	-9.054089e-02	1.314534e-06
1.753166696596380e-03	-9.016502e-02	-1.397073e-06
1.763166696596380e-03	-8.980250e-02	1.308871e-06
1.773166696596380e-03	-8.944070e-02	-1.401557e-06
1.783166696596380e-03	-8.909190e-02	1.303328e-06
1.793166696596380e-03	-8.874345e-02	-1.405927e-06
1.803166696596380e-03	-8.840775e-02	1.297900e-06
1.813166696596380e-03	-8.807206e-02	-1.410188e-06
1.823166696596380e-03	-8.774877e-02	1.292587e-06
1.833166696596380e-03	-8.742523e-02	-1.414341e-06
1.843166696596380e-03	-8.711398e-02	1.287384e-06
1.853166696596380e-03	-8.680201e-02	-1.418389e-06
1.863166696596380e-03	-8.650196e-02	1.282290e-06
1.873166696596380e-03	-8.620119e-02	-1.422335e-06
1.883166696596380e-03	-8.591187e-02	1.277303e-06
1.893166696596380e-03	-8.562160e-02	-1.426180e-06
1.903166696596380e-03	-8.534276e-02	1.272419e-06
1.913166696596380e-03	-8.506250e-02	-1.429927e-06
1.923166696596380e-03	-8.479357e-02	1.267636e-06
1.933166696596380e-03	-8.452308e-02	-1.433579e-06
1.943166696596380e-03	-8.426344e-02	1.262952e-06
1.953166696596380e-03	-8.400214e-02	-1.437136e-06
1.963166696596380e-03	-8.375168e-02	1.258365e-06
1.973166696596380e-03	-8.349919e-02	-1.440602e-06
1.983166696596380e-03	-8.325744e-02	1.253873e-06
1.993166696596380e-03	-8.301353e-02	-1.443979e-06
2.003166696596380e-03	-8.277988e-02	1.249473e-06
2.013166696596380e-03	-8.254409e-02	-1.447268e-06
2.023166696596380e-03	-8.231843e-02	1.245164e-06
2.033166696596380e-03	-8.209050e-02	-1.450472e-06
2.043166696596380e-03	-8.187222e-02	1.240943e-06
2.053166696596379e-03	-8.165169e-02	-1.453591e-06
2.063166696596379e-03	-8.144093e-02	1.236808e-06
2.073166696596380e-03	-8.122754e-02	-1.456630e-06
2.083166696596380e-03	-8.102369e-02	1.232758e-06
2.093166696596380e-03	-8.081710e-02	-1.459588e-06
2.103166696596380e-03	-8.062017e-02	1.228791e-06
2.113166696596380e-03	-8.042014e-02	-1.462468e-06
2.123166696596380e-03	-8.022952e-02	1.224904e-06
2.133166696596380e-03	-8.003592e-02	-1.465271e-06
2.143166696596380e-03	-7.985139e-02	1.221096e-06
2.153166696596380e-03	-7.966387e-02	-1.468000e-06
2.163166696596380e-03	-7.948542e-02	1.217365e-06
2.173166696596380e-03	-7.930374e-02	-1.470656e-06
2.183166696596380e-03	-7.913101e-02	1.213709e-06
2.193166696596380e-03	-7.895482e-02	-1.473241e-06
2.203166696596380e-03	-7.878757e-02	1.210127e-06
2.213166696596379e-03	-7.861686e-02	-1.475756e-06
2.223166696596379e-03	-7.845497e-02	1.206618e-06
2.233166696596380e-03	-7.828951e-02	-1.478202e-06
2.243166696596380e-03	-7.813275e-02	1.203178e-06
2.253166696596380e-03	-7.797217e-02	-1.480582e-06
2.263166696596380e-03	-7.782018e-02	1.199807e-06
2.273166696596380e-03	-7.766461e-02	-1.482897e-06
2.283166696596380e-03	-7.751751e-02	1.196504e-06
2.293166696596380e-03	-7.736647e-02	-1.485148e-06
2.303166696596380e-03	-7.722378e-02	1.193266e-06
2.313166696596380e-03	-7.707727e-02	-1.487337e-06
2.323166696596380e-03	-7.693899e-02	1.190093e-06
2.333166696596380e-03	-7.679665e-02	-1.489465e-06
2.343166696596380e-03	-7.666266e-02	1.186982e-06
2.353166696596380e-03	-7.652462e-02	-1.491534e-06
2.363166696596380e-03	-7.639468e-02	1.183932e-06
2.373166696596379e-03	-7.626069e-02	-1.493544e-06
2.383166696596379e-03	-7.613456e-02	1.180943e-06
2.393166696596379e-03	-7.600439e-02	-1.495498e-06
2.403166696596380e-03	-7.588220e-02	1.178012e-06
2.413166696596380e-03	-7.575572e-02	-1.497396e-06
2.423166696596380e-03	-7.563722e-02	1.175138e-06
2.433166696596380e-03	-7.551444e-02	-1.499240e-06
2.443166696596380e-03	-7.539928e-02	1.172321e-06
2.453166696596380e-03	-7.528007e-02	-1.501030e-06
2.463166696596380e-03	-7.516849e-02	1.169558e-06
2.473166696596380e-03	-7.505262e-02	-1.502769e-06
2.483166696596380e-03	-7.494426e-02	1.166848e-06
2.493166696596380e-03	-7.483160e-02	-1.504458e-06
2.503166696596380e-03	-7.472646e-02	1.164191e-06
2.513166696596380e-03	-7.461691e-02	-1.506096e-06
2.523166696596380e-03	-7.451475e-02	1.161585e-06
2.533166696596379e-03	-7.440829e-02	-1.507687e-06
2.543166696596379e-03	-7.430923e-02	1.159028e-06
2.553166696596379e-03	-7.420576e-02	-1.509230e-06
2.563166696596380e-03	-7.410944e-02	1.156521e-06
2.573166696596380e-03	-7.400882e-02	-1.510727e-06
2.583166696596380e-03	-7.391536e-02	1.154061e-06
2.593166696596380e-03	-7.381749e-02	-1.512179e-06
2.603166696596380e-03	-7.372677e-02	1.151647e-06
2.613166696596380e-03	-7.363153e-02	-1.513587e-06
2.623166696596380e-03	-7.354331e-02	1.149279e-06
2.633166696596380e-03	-7.345068e-02	-1.514951e-06
2.643166696596380e-03	-7.336509e-02	1.146955e-06
2.653166696596380e-03	-7.327485e-02	-1.516274e-06
2.663166696596380e-03	-7.319176e-02	1.144675e-06
2.673166696596380e-03	-7.310390e-02	-1.517555e-06
2.683166696596380e-03	-7.302320e-02	1.142438e-06
2.693166696596379e-03	-7.293773e-02	-1.518797e-06
2.703166696596379e-03	-7.285929e-02	1.140241e-06
2.713166696596379e-03	-7.277620e-02	-1.519998e-06
2.723166696596379e-03	-7.269990e-02	1.138086e-06
2.733166696596380e-03	-7.261896e-02	-1.521162e-06
2.743166696596380e-03	-7.254481e-02	1.135969e-06
2.753166696596380e-03	-7.246590e-02	-1.522288e-06
2.763166696596380e-03	-7.239401e-02	1.133892e-06
2.773166696596380e-03	-7.231724e-02	-1.523378e-06
2.783166696596380e-03	-7.224727e-02	1.131852e-06
2.793166696596380e-03	-7.217240e-02	-1.524432e-06
2.803166696596380e-03	-7.210433e-02	1.129849e-06
2.813166696596380e-03	-7.203150e-02	-1.525450e-06
2.823166696596380e-03	-7.196534e-02	1.127882e-06
2.833166696596380e-03	-7.189441e-02	-1.526435e-06
2.843166696596380e-03	-7.183015e-02	1.125950e-06
2.853166696596379e-03	-7.176113e-02	-1.527386e-06
2.863166696596379e-03	-7.169855e-02	1.124053e-06
2.873166696596379e-03	-7.163107e-02	-1.528305e-06
2.883166696596379e-03	-7.157052e-02	1.122190e-06
2.893166696596380e-03	-7.150471e-02	-1.529192e-06
2.903166696596380e-03	-7.144558e-02	1.120359e-06
2.913166696596380e-03	-7.138169e-02	-1.530048e-06
2.923166696596380e-03	-7.132435e-02	1.118560e-06
2.933166696596380e-03	-7.126200e-02	-1.530873e-06
2.943166696596380e-03	-7.120609e-02	1.116793e-06
2.953166696596380e-03	-7.114530e-02	-1.531669e-06
2.963166696596380e-03	-7.109106e-02	1.115056e-06
2.973166696596380e-03	-7.103169e-02	-1.532436e-06
2.983166696596380e-03	-7.097888e-02	1.113349e-06
2.993166696596380e-03	-7.092118e-02	-1.533174e-06
3.003166696596380e-03	-7.086968e-02	1.111672e-06
3.013166696596379e-03	-7.081342e-02	-1.533885e-06
3.023166696596379e-03	-7.076335e-02	1.110023e-06
3.033166696596379e-03	-7.070839e-02	-1.534569e-06
3.043166696596379e-03	-7.066000e-02	1.108402e-06
3.053166696596379e-03	-7.060635e-02	-1.535226e-06
3.063166696596380e-03	-7.055914e-02	1.106808e-06
3.073166696596380e-03	-7.050681e-02	-1.535858e-06
3.083166696596380e-03	-7.046092e-02	1.105241e-06
3.093166696596380e-03	-7.040977e-02	-1.536464e-06
3.103166696596380e-03	-7.036519e-02	1.103699e-06
3.113166696596380e-03	-7.031536e-02	-1.537046e-06
3.123166696596380e-03	-7.027173e-02	1.102184e-06
3.133166696596380e-03	-7.022321e-02	-1.537604e-06
3.143166696596380e-03	-7.018101e-02	1.100693e-06
3.153166696596380e-03	-7.013369e-02	-1.538139e-06
3.163166696596380e-03	-7.009244e-02	1.099226e-06
3.173166696596379e-03	-7.004631e-02	-1.538650e-06
3.183166696596379e-03	-7.000625e-02	1.097783e-06
3.193166696596379e-03	-6.996107e-02	-1.539139e-06
3.203166696596379e-03	-6.992221e-02	1.096363e-06
3.213166696596379e-03	-6.987810e-02	-1.539607e-06
3.223166696596380e-03	-6.984031e-02	1.094966e-06
3.233166696596380e-03	-6.979728e-02	-1.540052e-06
3.243166696596380e-03	-6.976044e-02	1.093590e-06
3.253166696596380e-03	-6.971848e-02	-1.540477e-06
3.263166696596380e-03	-6.968272e-02	1.092237e-06
3.273166696596380e-03	-6.964171e-02	-1.540882e-06
3.283166696596380e-03	-6.960678e-02	1.090904e-06
3.293166696596380e-03	-6.956685e-02	-1.541267e-06
3.303166696596380e-03	-6.953287e-02	1.089592e-06
3.313166696596380e-03	-6.949377e-02	-1.541633e-06
3.323166696596380e-03	-6.946087e-02	1.088300e-06
3.333166696596379e-03	-6.942272e-02	-1.541979e-06
3.343166696596379e-03	-6.939054e-02	1.087028e-06
3.353166696596379e-03	-6.935334e-02	-1.542307e-06
3.363166696596379e-03	-6.932211e-02	1.085775e-06
3.373166696596379e-03	-6.928575e-02	-1.542617e-06
3.383166696596379e-03	-6.925535e-02	1.084540e-06
3.393166696596380e-03	-6.921995e-02	-1.542909e-06
3.403166696596380e-03	-6.919026e-02	1.083324e-06
3.413166696596380e-03	-6.915545e-02	-1.543184e-06
3.423166696596380e-03	-6.912673e-02	1.082126e-06
3.433166696596380e-03	-6.909287e-02	-1.543442e-06
3.443166696596380e-03	-6.906497e-02	1.080946e-06
3.453166696596380e-03	-6.903183e-02	-1.543684e-06
3.463166696596380e-03	-6.900454e-02	1.079782e-06
3.473166696596380e-03	-6.897223e-02	-1.543909e-06
3.483166696596380e-03	-6.894577e-02	1.078635e-06
3.493166696596379e-03	-6.891406e-02	-1.544119e-06
3.503166696596379e-03	-6.888843e-02	1.077505e-06
3.513166696596379e-03	-6.885743e-02	-1.544313e-06
3.523166696596379e-03	-6.883240e-02	1.076390e-06
3.533166696596379e-03	-6.880212e-02	-1.544493e-06
3.543166696596379e-03	-6.877792e-02	1.075291e-06
3.553166696596380e-03	-6.874835e-02	-1.544658e-06
3.563166696596380e-03	-6.872463e-02	1.074207e-06
3.573166696596380e-03	-6.869566e-02	-1.544809e-06
3.583166696596380e-03	-6.867266e-02	1.073137e-06
3.593166696596380e-03	-6.864452e-02	-1.544945e-06
3.603166696596380e-03	-6.862211e-02	1.072083e-06
3.613166696596380e-03	-6.859446e-02	-1.545068e-06
3.623166696596380e-03	-6.857264e-02	1.071042e-06
3.633166696596380e-03	-6.854570e-02	-1.545178e-06
3.643166696596380e-03	-6.852448e-02	1.070016e-06
3.653166696596379e-03	-6.849802e-02	-1.545275e-06
3.663166696596379e-03	-6.847751e-02	1.069002e-06
3.673166696596379e-03	-6.845176e-02	-1.545359e-06
3.683166696596379e-03	-6.843162e-02	1.068002e-06
3.693166696596379e-03	-6.840646e-02	-1.545431e-06
3.703166696596379e-03	-6.838691e-02	1.067015e-06
3.713166696596379e-03	-6.836236e-02	-1.545491e-06
3.723166696596380e-03	-6.834340e-02	1.066041e-06
3.733166696596380e-03	-6.831920e-02	-1.545539e-06
3.743166696596380e-03	-6.830084e-02	1.065078e-06
3.753166696596380e-03	-6.827712e-02	-1.545575e-06
3.763166696596380e-03	-6.825924e-02	1.064128e-06
3.773166696596380e-03	-6.823611e-02	-1.545601e-06
3.783166696596380e-03	-6.821883e-02	1.063190e-06
3.793166696596380e-03	-6.819618e-02	-1.545615e-06
3.803166696596380e-03	-6.817925e-02	1.062263e-06
3.813166696596379e-03	-6.815708e-02	-1.545618e-06
3.823166696596379e-03	-6.814063e-02	1.061347e-06
3.833166696596379e-03	-6.811905e-02	-1.545611e-06
3.843166696596379e-03	-6.810296e-02	1.060442e-06
3.853166696596379e-03	-6.808186e-02	-1.545594e-06
3.863166696596379e-03	-6.806636e-02	1.059548e-06
3.873166696596379e-03	-6.804550e-02	-1.545567e-06
3.883166696596379e-03	-6.803048e-02	1.058664e-06
3.893166696596380e-03	-6.801021e-02	-1.545530e-06
3.903166696596380e-03	-6.799543e-02	1.057791e-06
3.913166696596380e-03	-6.797564e-02	-1.545483e-06
3.923166696596379e-03	-6.796145e-02	1.056927e-06
3.933166696596380e-03	-6.794202e-02	-1.545427e-06
3.943166696596379e-03	-6.792819e-02	1.056073e-06
3.953166696596380e-03	-6.790912e-02	-1.545362e-06
3.963166696596379e-03	-6.789565e-02	1.055229e-06
3.973166696596380e-03	-6.787705e-02	-1.545289e-06
3.983166696596379e-03	-6.786394e-02	1.054394e-06
3.993166696596380e-03	-6.784570e-02	-1.545206e-06
4.003166696596379e-03	-6.783307e-02	1.053568e-06
4.013166696596380e-03	-6.781518e-02	-1.545115e-06
4.023166696596379e-03	-6.780291e-02	1.052751e-06
4.033166696596380e-03	-6.778538e-02	-1.545016e-06
4.043166696596379e-03	-6.777346e-02	1.051943e-06
4.053166696596379e-03	-6.775630e-02	-1.544909e-06
4.063166696596380e-03	-6.774461e-02	1.051143e-06
4.073166696596379e-03	-6.772780e-02	-1.544794e-06
4.083166696596380e-03	-6.771660e-02	1.050351e-06
4.093166696596379e-03	-6.770003e-02	-1.544671e-06
4.103166696596380e-03	-6.768918e-02	1.049568e-06
4.113166696596379e-03	-6.767297e-02	-1.544541e-06
4.123166696596380e-03	-6.766248e-02	1.048792e-06
4.133166696596379e-03	-6.764662e-02	-1.544404e-06
4.143166696596380e-03	-6.763637e-02	1.048024e-06
4.153166696596379e-03	-6.762087e-02	-1.544259e-06
4.163166696596380e-03	-6.761086e-02	1.047264e-06
4.173166696596379e-03	-6.759572e-02	-1.544107e-06
4.183166696596380e-03	-6.758595e-02	1.046511e-06
4.193166696596379e-03	-6.757104e-02	-1.543949e-06
4.203166696596380e-03	-6.756163e-02	1.045765e-06
4.213166696596379e-03	-6.754720e-02	-1.543784e-06
4.223166696596379e-03	-6.753802e-02	1.045026e-06
4.233166696596380e-03	-6.752372e-02	-1.543612e-06
4.243166696596379e-03	-6.751490e-02	1.044294e-06
4.253166696596380e-03	-6.750095e-02	-1.543434e-06
4.263166696596379e-03	-6.749237e-02	1.043569e-06
4.273166696596380e-03	-6.747866e-02	-1.543250e-06
4.283166696596379e-03	-6.747031e-02	1.042850e-06
4.293166696596380e-03	-6.745696e-02	-1.543060e-06
4.303166696596379e-03	-6.744885e-02	1.042138e-06
4.313166696596380e-03	-6.743562e-02	-1.542864e-06
4.323166696596379e-03	-6.742787e-02	1.041432e-06
4.333166696596380e-03	-6.741488e-02	-1.542662e-06
4.343166696596379e-03	-6.740737e-02	1.040732e-06
4.353166696596380e-03	-6.739461e-02	-1.542455e-06
4.363166696596379e-03	-6.738734e-02	1.040038e-06
4.373166696596379e-03	-6.737483e-02	-1.542242e-06
4.383166696596380e-03	-6.736779e-02	1.039350e-06
4.393166696596379e-03	-6.735563e-02	-1.542023e-06
4.403166696596380e-03	-6.734872e-02	1.038668e-06
4.413166696596379e-03	-6.733680e-02	-1.541800e-06
4.423166696596380e-03	-6.733012e-02	1.037991e-06
4.433166696596379e-03	-6.731844e-02	-1.541571e-06
4.443166696596380e-03	-6.731200e-02	1.037319e-06
4.453166696596379e-03	-6.730044e-02	-1.541338e-06
4.463166696596380e-03	-6.729436e-02	1.036653e-06
4.473166696596379e-03	-6.728303e-02	-1.541099e-06
4.483166696596380e-03	-6.727695e-02	1.035993e-06
4.493166696596379e-03	-6.726587e-02	-1.540856e-06
4.503166696596380e-03	-6.726015e-02	1.035337e-06
4.513166696596379e-03	-6.724918e-02	-1.540608e-06
4.523166696596380e-03	-6.724358e-02	1.034686e-06
4.533166696596379e-03	-6.723285e-02	-1.540356e-06
4.543166696596379e-03	-6.722748e-02	1.034040e-06
4.553166696596380e-03	-6.721687e-02	-1.540099e-06
4.563166696596379e-03	-6.721175e-02	1.033399e-06
4.573166696596380e-03	-6.720138e-02	-1.539838e-06
4.583166696596379e-03	-6.719625e-02	1.032762e-06
4.593166696596380e-03	-6.718624e-02	-1.539573e-06
4.603166696596379e-03	-6.718135e-02	1.032131e-06
4.613166696596380e-03	-6.717134e-02	-1.539303e-06
4.623166696596379e-03	-6.716669e-02	1.031503e-06
4.633166696596380e-03	-6.715691e-02	-1.539030e-06
4.643166696596379e-03	-6.715226e-02	1.030880e-06
4.653166696596380e-03	-6.714272e-02	-1.538752e-06
4.663166696596379e-03	-6.713843e-02	1.030261e-06
4.673166696596380e-03	-6.712902e-02	-1.538471e-06
4.683166696596379e-03	-6.712472e-02	1.029646e-06
4.693166696596379e-03	-6.711555e-02	-1.538186e-06
4.703166696596379e-03	-6.711149e-02	1.029035e-06
4.713166696596379e-03	-6.710243e-02	-1.537898e-06
4.723166696596380e-03	-6.709850e-02	1.028428e-06
4.733166696596379e-03	-6.708956e-02	-1.537606e-06
4.743166696596380e-03	-6.708574e-02	1.027825e-06
4.753166696596379e-03	-6.707704e-02	-1.537310e-06
4.763166696596380e-03	-6.707335e-02	1.027226e-06
4.773166696596379e-03	-6.706476e-02	-1.537011e-06
4.783166696596380e-03	-6.706131e-02	1.026630e-06
4.793166696596379e-03	-6.705272e-02	-1.536709e-06
4.803166696596380e-03	-6.704950e-02	1.026038e-06
4.813166696596379e-03	-6.704116e-02	-1.536404e-06
4.823166696596380e-03	-6.703794e-02	1.025450e-06
4.833166696596379e-03	-6.702971e-02	-1.536095e-06
4.843166696596380e-03	-6.702673e-02	1.024865e-06
4.853166696596379e-03	-6.701863e-02	-1.535784e-06
4.863166696596379e-03	-6.701565e-02	1.024283e-06
4.873166696596379e-03	-6.700766e-02	-1.535469e-06
4.883166696596379e-03	-6.700492e-02	1.023705e-06
4.893166696596380e-03	-6.699717e-02	-1.535152e-06
4.903166696596379e-03	-6.699443e-02	1.023130e-06
4.913166696596380e-03	-6.698680e-02	-1.534831e-06
4.923166696596379e-03	-6.698418e-02	1.022558e-06
4.933166696596380e-03	-6.697667e-02	-1.534508e-06
4.943166696596379e-03	-6.697428e-02	1.021989e-06
4.953166696596380e-03	-6.696677e-02	-1.534182e-06
4.963166696596379e-03	-6.696451e-02	1.021423e-06
4.973166696596380e-03	-6.695712e-02	-1.533854e-06
4.983166696596379e-03	-6.695497e-02	1.020860e-06
4.993166696596380e-03	-6.694758e-02	-1.533522e-06
5.003166696596379e-03	-6.694567e-02	1.020300e-06
5.013166696596379e-03	-6.693852e-02	-1.533189e-06
5.023166696596379e-03	-6.693649e-02	1.019743e-06
5.033166696596379e-03	-6.692958e-02	-1.532853e-06
5.043166696596380e-03	-6.692779e-02	1.019188e-06
5.053166696596379e-03	-6.692076e-02	-1.532514e-06
5.063166696596380e-03	-6.691897e-02	1.018636e-06
5.073166696596379e-03	-6.691217e-02	-1.532173e-06
5.083166696596380e-03	-6.691051e-02	1.018087e-06
5.093166696596379e-03	-6.690383e-02	-1.531830e-06
5.103166696596380e-03	-6.690228e-02	1.017540e-06
5.113166696596379e-03	-6.689572e-02	-1.531485e-06
5.123166696596380e-03	-6.689417e-02	1.016996e-06
5.133166696596379e-03	-6.688774e-02	-1.531138e-06
5.143166696596380e-03	-6.688631e-02	1.016454e-06
5.153166696596379e-03	-6.687987e-02	-1.530788e-06
5.163166696596380e-03	-6.687856e-02	1.015915e-06
5.173166696596379e-03	-6.687236e-02	-1.530436e-06
5.183166696596379e-03	-6.687117e-02	1.015378e-06
5.193166696596379e-03	-6.686485e-02	-1.530082e-06
5.203166696596379e-03	-6.686378e-02	1.014843e-06
5.213166696596380e-03	-6.685758e-02	-1.529727e-06
5.223166696596379e-03	-6.685662e-02	1.014311e-06
5.233166696596380e-03	-6.685054e-02	-1.529369e-06
5.243166696596379e-03	-6.684959e-02	1.013781e-06
5.253166696596380e-03	-6.684363e-02	-1.529010e-06
5.263166696596379e-03	-6.684268e-02	1.013252e-06
5.273166696596380e-03	-6.683683e-02	-1.528648e-06
5.283166696596379e-03	-6.683612e-02	1.012726e-06
5.293166696596380e-03	-6.683028e-02	-1.528285e-06
5.303166696596379e-03	-6.682956e-02	1.012202e-06
5.313166696596380e-03	-6.682372e-02	-1.527921e-06
5.323166696596379e-03	-6.682312e-02	1.011680e-06
5.333166696596379e-03	-6.681752e-02	-1.527554e-06
5.343166696596379e-03	-6.681693e-02	1.011160e-06
5.353166696596379e-03	-6.681132e-02	-1.527186e-06
5.363166696596379e-03	-6.681097e-02	1.010642e-06
5.373166696596379e-03	-6.680536e-02	-1.526816e-06
5.383166696596380e-03	-6.680489e-02	1.010126e-06
5.393166696596379e-03	-6.679952e-02	-1.526445e-06
5.403166696596380e-03	-6.679916e-02	1.009612e-06
5.413166696596379e-03	-6.679380e-02	-1.526072e-06
5.423166696596380e-03	-6.679344e-02	1.009099e-06
5.433166696596379e-03	-6.678820e-02	-1.525698e-06
5.443166696596380e-03	-6.678796e-02	1.008588e-06
5.453166696596379e-03	-6.678271e-02	-1.525322e-06
5.463166696596380e-03	-6.678259e-02	1.008079e-06
5.473166696596379e-03	-6.677735e-02	-1.524945e-06
5.483166696596380e-03	-6.677711e-02	1.007572e-06
5.493166696596379e-03	-6.677222e-02	-1.524566e-06
5.503166696596379e-03	-6.677210e-02	1.007066e-06
5.513166696596379e-03	-6.676710e-02	-1.524186e-06
5.523166696596379e-03	-6.676710e-02	1.006562e-06
5.533166696596379e-03	-6.676209e-02	-1.523805e-06
5.543166696596379e-03	-6.676221e-02	1.006059e-06
5.553166696596380e-03	-6.675732e-02	-1.523422e-06
5.563166696596379e-03	-6.675732e-02	1.005558e-06
5.573166696596380e-03	-6.675255e-02	-1.523038e-06
5.583166696596379e-03	-6.675267e-02	1.005058e-06
5.593166696596380e-03	-6.674790e-02	-1.522653e-06
5.603166696596379e-03	-6.674814e-02	1.004560e-06
5.613166696596380e-03	-6.674349e-02	-1.522267e-06
5.623166696596379e-03	-6.674361e-02	1.004064e-06
5.633166696596380e-03	-6.673896e-02	-1.521880e-06
5.643166696596379e-03	-6.673920e-02	1.003569e-06
5.653166696596379e-03	-6.673467e-02	-1.521491e-06
5.663166696596379e-03	-6.673491e-02	1.003075e-06
5.673166696596379e-03	-6.673050e-02	-1.521102e-06
5.683166696596379e-03	-6.673086e-02	1.002582e-06
5.693166696596379e-03	-6.672633e-02	-1.520711e-06
5.703166696596380e-03	-6.672680e-02	1.002091e-06
5.713166696596379e-03	-6.672239e-02	-1.520319e-06
5.723166696596380e-03	-6.672287e-02	1.001601e-06
5.733166696596379e-03	-6.671846e-02	-1.519927e-06
5.743166696596380e-03	-6.671894e-02	1.001113e-06
5.753166696596379e-03	-6.671453e-02	-1.519533e-06
5.763166696596380e-03	-6.671512e-02	1.000625e-06
5.773166696596379e-03	-6.671095e-02	-1.519138e-06
5.783166696596380e-03	-6.671143e-02	1.000139e-06
5.793166696596379e-03	-6.670725e-02	-1.518743e-06
5.803166696596380e-03	-6.670785e-02	9.996539e-07
5.813166696596379e-03	-6.670368e-02	-1.518346e-06
5.823166696596379e-03	-6.670427e-02	9.991701e-07
5.833166696596379e-03	-6.670010e-02	-1.517949e-06
5.843166696596379e-03	-6.670094e-02	9.986875e-07
5.853166696596379e-03	-6.669664e-02	-1.517551e-06
5.863166696596379e-03	-6.669748e-02	9.982059e-07
5.873166696596380e-03	-6.669343e-02	-1.517151e-06
5.883166696596379e-03	-6.669414e-02	9.977254e-07
5.893166696596380e-03	-6.669021e-02	-1.516751e-06
5.903166696596379e-03	-6.669092e-02	9.972460e-07
5.913166696596380e-03	-6.668699e-02	-1.516351e-06
5.923166696596379e-03	-6.668782e-02	9.967677e-07
5.933166696596380e-03	-6.668377e-02	-1.515949e-06
5.943166696596379e-03	-6.668472e-02	9.962903e-07
5.953166696596380e-03	-6.668079e-02	-1.515547e-06
5.963166696596379e-03	-6.668174e-02	9.958139e-07
5.973166696596379e-03	-6.667793e-02	-1.515144e-06
5.983166696596379e-03	-6.667876e-02	9.953386e-07
5.993166696596379e-03	-6.667495e-02	-1.514740e-06
6.003166696596379e-03	-6.667602e-02	9.948642e-07
6.013166696596379e-03	-6.667221e-02	-1.514336e-06
6.023166696596379e-03	-6.667316e-02	9.943908e-07
6.033166696596379e-03	-6.666946e-02	-1.513931e-06
6.043166696596380e-03	-6.667042e-02	9.939183e-07
6.053166696596379e-03	-6.666672e-02	-1.513525e-06
6.063166696596380e-03	-6.666780e-02	9.934466e-07
6.073166696596379e-03	-6.666422e-02	-1.513118e-06
6.083166696596380e-03	-6.666517e-02	9.929760e-07
6.093166696596379e-03	-6.666148e-02	-1.512711e-06
6.103166696596380e-03	-6.666267e-02	9.925061e-07
6.113166696596379e-03	-6.665909e-02	-1.512304e-06
6.123166696596380e-03	-6.666017e-02	9.920370e-07
6.133166696596379e-03	-6.665659e-02	-1.511896e-06
6.143166696596379e-03	-6.665778e-02	9.915689e-07
6.153166696596379e-03	-6.665421e-02	-1.511487e-06
6.163166696596379e-03	-6.665552e-02	9.911015e-07
6.173166696596379e-03	-6.665194e-02	-1.511077e-06
6.183166696596379e-03	-6.665301e-02	9.906349e-07
6.193166696596379e-03	-6.664956e-02	-1.510668e-06
6.203166696596379e-03	-6.665087e-02	9.901692e-07
6.213166696596380e-03	-6.664741e-02	-1.510257e-06
6.223166696596379e-03	-6.664860e-02	9.897042e-07
6.233166696596380e-03	-6.664526e-02	-1.509846e-06
6.243166696596379e-03	-6.664658e-02	9.892400e-07
6.253166696596380e-03	-6.664312e-02	-1.509435e-06
6.263166696596379e-03	-6.664443e-02	9.887764e-07
6.273166696596380e-03	-6.664097e-02	-1.509023e-06
6.283166696596379e-03	-6.664228e-02	9.883137e-07
6.293166696596379e-03	-6.663895e-02	-1.508610e-06
6.303166696596379e-03	-6.664038e-02	9.878515e-07
6.313166696596379e-03	-6.663704e-02	-1.508197e-06
6.323166696596379e-03	-6.663835e-02	9.873902e-07
6.333166696596379e-03	-6.663501e-02	-1.507784e-06
6.343166696596379e-03	-6.663644e-02	9.869295e-07
6.353166696596379e-03	-6.663322e-02	-1.507370e-06
6.363166696596379e-03	-6.663465e-02	9.864694e-07
6.373166696596379e-03	-6.663132e-02	-1.506956e-06
6.383166696596380e-03	-6.663275e-02	9.860100e-07
6.393166696596379e-03	-6.662941e-02	-1.506542e-06
6.403166696596380e-03	-6.663096e-02	9.855513e-07
6.413166696596379e-03	-6.662774e-02	-1.506127e-06
6.423166696596380e-03	-6.662917e-02	9.850933e-07
6.433166696596379e-03	-6.662595e-02	-1.505711e-06
6.443166696596380e-03	-6.662762e-02	9.846358e-07
6.453166696596379e-03	-6.662428e-02	-1.505296e-06
6.463166696596379e-03	-6.662595e-02	9.841789e-07
6.473166696596379e-03	-6.662273e-02	-1.504880e-06
6.483166696596379e-03	-6.662428e-02	9.837227e-07
6.493166696596379e-03	-6.662107e-02	-1.504463e-06
6.503166696596379e-03	-6.662261e-02	9.832669e-07
6.513166696596379e-03	-6.661952e-02	-1.504046e-06
6.523166696596379e-03	-6.662107e-02	9.828118e-07
6.533166696596380e-03	-6.661797e-02	-1.503629e-06
6.543166696596379e-03	-6.661963e-02	9.823573e-07
6.553166696596380e-03	-6.661654e-02	-1.503212e-06
6.563166696596379e-03	-6.661820e-02	9.819032e-07
6.573166696596380e-03	-6.661499e-02	-1.502794e-06
6.583166696596379e-03	-6.661665e-02	9.814498e-07
6.593166696596380e-03	-6.661355e-02	-1.502376e-06
6.603166696596379e-03	-6.661522e-02	9.809969e-07
6.613166696596379e-03	-6.661224e-02	-1.501958e-06
6.623166696596379e-03	-6.661391e-02	9.805444e-07
6.633166696596379e-03	-6.661081e-02	-1.501539e-06
6.643166696596379e-03	-6.661260e-02	9.800925e-07
6.653166696596379e-03	-6.660962e-02	-1.501120e-06
6.663166696596379e-03	-6.661117e-02	9.796412e-07
6.673166696596379e-03	-6.660819e-02	-1.500701e-06
6.683166696596379e-03	-6.660998e-02	9.791903e-07
6.693166696596379e-03	-6.660700e-02	-1.500282e-06
6.703166696596380e-03	-6.660855e-02	9.787399e-07
6.713166696596379e-03	-6.660569e-02	-1.499862e-06
6.723166696596380e-03	-6.660748e-02	9.782899e-07
6.733166696596379e-03	-6.660450e-02	-1.499442e-06
6.743166696596380e-03	-6.660628e-02	9.778405e-07
6.753166696596379e-03	-6.660342e-02	-1.499022e-06
6.763166696596380e-03	-6.660509e-02	9.773914e-07
6.773166696596379e-03	-6.660223e-02	-1.498602e-06
6.783166696596379e-03	-6.660390e-02	9.769429e-07
6.793166696596379e-03	-6.660116e-02	-1.498182e-06
6.803166696596379e-03	-6.660283e-02	9.764948e-07
6.813166696596379e-03	-6.659985e-02	-1.497761e-06
6.823166696596379e-03	-6.660163e-02	9.760471e-07
6.833166696596379e-03	-6.659889e-02	-1.497340e-06
6.843166696596379e-03	-6.660068e-02	9.755998e-07
6.853166696596379e-03	-6.659782e-02	-1.496919e-06
6.863166696596379e-03	-6.659961e-02	9.751531e-07
6.873166696596380e-03	-6.659687e-02	-1.496498e-06
6.883166696596379e-03	-6.659865e-02	9.747066e-07
6.893166696596380e-03	-6.659579e-02	-1.496076e-06
6.903166696596379e-03	-6.659758e-02	9.742606e-07
6.913166696596380e-03	-6.659496e-02	-1.495654e-06
6.923166696596379e-03	-6.659663e-02	9.738151e-07
6.933166696596379e-03	-6.659389e-02	-1.495233e-06
6.943166696596379e-03	-6.659579e-02	9.733699e-07
6.953166696596379e-03	-6.659305e-02	-1.494811e-06
6.963166696596379e-03	-6.659484e-02	9.729250e-07
6.973166696596379e-03	-6.659198e-02	-1.494389e-06
6.983166696596379e-03	-6.659400e-02	9.724806e-07
6.993166696596379e-03	-6.659114e-02	-1.493966e-06
7.003166696596379e-03	-6.659305e-02	9.720366e-07
7.013166696596379e-03	-6.659043e-02	-1.493544e-06
7.023166696596379e-03	-6.659222e-02	9.715928e-07
7.033166696596379e-03	-6.658947e-02	-1.493121e-06
7.043166696596380e-03	-6.659138e-02	9.711495e-07
7.053166696596379e-03	-6.658852e-02	-1.492699e-06
7.063166696596380e-03	-6.659055e-02	9.707065e-07
7.073166696596379e-03	-6.658781e-02	-1.492276e-06
7.083166696596380e-03	-6.658971e-02	9.702640e-07
7.093166696596379e-03	-6.658709e-02	-1.491853e-06
7.103166696596379e-03	-6.658900e-02	9.698216e-07
7.113166696596379e-03	-6.658626e-02	-1.491430e-06
7.123166696596379e-03	-6.658816e-02	9.693797e-07
7.133166696596379e-03	-6.658542e-02	-1.491007e-06
7.143166696596379e-03	-6.658733e-02	9.689380e-07
7.153166696596379e-03	-6.658471e-02	-1.490584e-06
7.163166696596379e-03	-6.658661e-02	9.684968e-07
7.173166696596379e-03	-6.658411e-02	-1.490161e-06
7.183166696596379e-03	-6.658590e-02	9.680558e-07
7.193166696596380e-03	-6.658328e-02	-1.489737e-06
7.203166696596379e-03	-6.658518e-02	9.676152e-07
7.213166696596380e-03	-6.658268e-02	-1.489314e-06
7.223166696596379e-03	-6.658459e-02	9.671749e-07
7.233166696596380e-03	-6.658196e-02	-1.488890e-06
7.243166696596379e-03	-6.658375e-02	9.667349e-07
7.253166696596379e-03	-6.658137e-02	-1.488467e-06
7.263166696596379e-03	-6.658316e-02	9.662951e-07
7.273166696596379e-03	-6.658065e-02	-1.488043e-06
7.283166696596379e-03	-6.658256e-02	9.658557e-07
7.293166696596379e-03	-6.658006e-02	-1.487619e-06
7.303166696596379e-03	-6.658196e-02	9.654167e-07
7.313166696596379e-03	-6.657946e-02	-1.487195e-06
7.323166696596379e-03	-6.658137e-02	9.649779e-07
7.333166696596379e-03	-6.657887e-02	-1.486771e-06
7.343166696596379e-03	-6.658077e-02	9.645394e-07
7.353166696596379e-03	-6.657815e-02	-1.486347e-06
7.363166696596380e-03	-6.658018e-02	9.641011e-07
7.373166696596379e-03	-6.657767e-02	-1.485923e-06
7.383166696596380e-03	-6.657958e-02	9.636631e-07
7.393166696596379e-03	-6.657708e-02	-1.485499e-06
7.403166696596380e-03	-6.657910e-02	9.632255e-07
7.413166696596379e-03	-6.657660e-02	-1.485075e-06
7.423166696596379e-03	-6.657851e-02	9.627880e-07
7.433166696596379e-03	-6.657600e-02	-1.484651e-06
7.443166696596379e-03	-6.657791e-02	9.623509e-07
7.453166696596379e-03	-6.657553e-02	-1.484227e-06
7.463166696596379e-03	-6.657743e-02	9.619140e-07
7.473166696596379e-03	-6.657505e-02	-1.483803e-06
7.483166696596379e-03	-6.657696e-02	9.614773e-07
7.493166696596379e-03	-6.657457e-02	-1.483378e-06
7.503166696596379e-03	-6.657648e-02	9.610410e-07
7.513166696596379e-03	-6.657398e-02	-1.482954e-06
7.523166696596379e-03	-6.657600e-02	9.606049e-07
7.533166696596380e-03	-6.657362e-02	-1.482530e-06
7.543166696596379e-03	-6.657553e-02	9.601690e-07
7.553166696596380e-03	-6.657314e-02	-1.482105e-06
7.563166696596379e-03	-6.657505e-02	9.597334e-07
7.573166696596379e-03	-6.657267e-02	-1.481681e-06
7.583166696596379e-03	-6.657457e-02	9.592981e-07
7.593166696596379e-03	-6.657219e-02	-1.481257e-06
7.603166696596379e-03	-6.657422e-02	9.588629e-07
7.613166696596379e-03	-6.657171e-02	-1.480832e-06
7.623166696596379e-03	-6.657386e-02	9.584280e-07
7.633166696596379e-03	-6.657135e-02	-1.480408e-06
7.643166696596379e-03	-6.657338e-02	9.579934e-07
7.653166696596379e-03	-6.657088e-02	-1.479984e-06
7.663166696596379e-03	-6.657290e-02	9.575589e-07
7.673166696596379e-03	-6.657064e-02	-1.479559e-06
7.683166696596379e-03	-6.657255e-02	9.571247e-07
7.693166696596379e-03	-6.657016e-02	-1.479135e-06
7.703166696596380e-03	-6.657207e-02	9.566908e-07
7.713166696596379e-03	-6.656981e-02	-1.478710e-06
7.723166696596380e-03	-6.657183e-02	9.562571e-07
7.733166696596379e-03	-6.656933e-02	-1.478286e-06
7.743166696596379e-03	-6.657147e-02	9.558235e-07
7.753166696596379e-03	-6.656897e-02	-1.477862e-06
7.763166696596379e-03	-6.657112e-02	9.553902e-07
7.773166696596379e-03	-6.656873e-02	-1.477437e-06
7.783166696596379e-03	-6.657076e-02	9.549572e-07
7.793166696596379e-03	-6.656837e-02	-1.477013e-06
7.803166696596379e-03	-6.657040e-02	9.545242e-07
7.813166696596379e-03	-6.656802e-02	-1.476589e-06
7.823166696596379e-03	-6.656992e-02	9.540915e-07
7.833166696596379e-03	-6.656766e-02	-1.476164e-06
7.843166696596380e-03	-6.656969e-02	9.536591e-07
7.853166696596380e-03	-6.656730e-02	-1.475740e-06
7.863166696596379e-03	-6.656945e-02	9.532268e-07
7.873166696596379e-03	-6.656706e-02	-1.475316e-06
7.883166696596380e-03	-6.656897e-02	9.527948e-07
7.893166696596380e-03	-6.656671e-02	-1.474891e-06
7.903166696596379e-03	-6.656873e-02	9.523630e-07
7.913166696596379e-03	-6.656647e-02	-1.474467e-06
7.923166696596378e-03	-6.656837e-02	9.519313e-07
7.933166696596380e-03	-6.656611e-02	-1.474043e-06
7.943166696596379e-03	-6.656814e-02	9.514999e-07
7.953166696596379e-03	-6.656575e-02	-1.473619e-06
7.963166696596378e-03	-6.656790e-02	9.510687e-07
7.973166696596380e-03	-6.656551e-02	-1.473194e-06
7.983166696596379e-03	-6.656766e-02	9.506376e-07
7.993166696596379e-03	-6.656528e-02	-1.472770e-06
8.003166696596379e-03	-6.656730e-02	9.502068e-07
8.013166696596380e-03	-6.656504e-02	-1.472346e-06
8.023166696596380e-03	-6.656706e-02	9.497761e-07
8.033166696596379e-03	-6.656480e-02	-1.471922e-06
8.043166696596379e-03	-6.656671e-02	9.493456e-07
8.053166696596378e-03	-6.656456e-02	-1.471498e-06
8.063166696596380e-03	-6.656647e-02	9.489153e-07
8.073166696596379e-03	-6.656432e-02	-1.471074e-06
8.083166696596379e-03	-6.656623e-02	9.484851e-07
8.093166696596378e-03	-6.656396e-02	-1.470650e-06
8.103166696596380e-03	-6.656611e-02	9.480552e-07
8.113166696596379e-03	-6.656384e-02	-1.470226e-06
8.123166696596379e-03	-6.656587e-02	9.476255e-07
8.133166696596379e-03	-6.656361e-02	-1.469802e-06
8.143166696596380e-03	-6.656563e-02	9.471959e-07
8.153166696596379e-03	-6.656337e-02	-1.469379e-06
8.163166696596379e-03	-6.656539e-02	9.467665e-07
8.173166696596379e-03	-6.656301e-02	-1.468955e-06
8.183166696596380e-03	-6.656504e-02	9.463373e-07
8.193166696596380e-03	-6.656289e-02	-1.468531e-06
8.203166696596379e-03	-6.656492e-02	9.459083e-07
8.213166696596379e-03	-6.656265e-02	-1.468107e-06
8.223166696596378e-03	-6.656468e-02	9.454794e-07
8.233166696596380e-03	-6.656241e-02	-1.467684e-06
8.243166696596379e-03	-6.656456e-02	9.450507e-07
8.253166696596379e-03	-6.656218e-02	-1.467260e-06
8.263166696596378e-03	-6.656420e-02	9.446222e-07
8.273166696596380e-03	-6.656206e-02	-1.466836e-06
8.283166696596379e-03	-6.656408e-02	9.441938e-07
8.293166696596379e-03	-6.656182e-02	-1.466413e-06
8.303166696596379e-03	-6.656384e-02	9.437656e-07
8.313166696596380e-03	-6.656158e-02	-1.465990e-06
8.323166696596379e-03	-6.656361e-02	9.433376e-07
8.333166696596379e-03	-6.656134e-02	-1.465566e-06
8.343166696596379e-03	-6.656349e-02	9.429098e-07
8.353166696596380e-03	-6.656122e-02	-1.465143e-06
8.363166696596380e-03	-6.656337e-02	9.424821e-07
8.373166696596379e-03	-6.656110e-02	-1.464720e-06
8.383166696596379e-03	-6.656325e-02	9.420545e-07
8.393166696596378e-03	-6.656098e-02	-1.464296e-06
8.403166696596380e-03	-6.656301e-02	9.416271e-07
8.413166696596379e-03	-6.656075e-02	-1.463873e-06
8.423166696596379e-03	-6.656277e-02	9.411999e-07
8.433166696596378e-03	-6.656063e-02	-1.463450e-06
8.443166696596380e-03	-6.656265e-02	9.407728e-07
8.453166696596379e-03	-6.656051e-02	-1.463027e-06
8.463166696596379e-03	-6.656253e-02	9.403460e-07
8.473166696596379e-03	-6.656039e-02	-1.462604e-06
8.483166696596380e-03	-6.656241e-02	9.399192e-07
8.493166696596379e-03	-6.656027e-02	-1.462182e-06
8.503166696596379e-03	-6.656229e-02	9.394927e-07
8.513166696596379e-03	-6.656003e-02	-1.461759e-06
8.523166696596380e-03	-6.656206e-02	9.390662e-07
8.533166696596380e-03	-6.655979e-02	-1.461336e-06
8.543166696596379e-03	-6.656182e-02	9.386400e-07
8.553166696596379e-03	-6.655967e-02	-1.460913e-06
8.563166696596378e-03	-6.656170e-02	9.382138e-07
8.573166696596380e-03	-6.655955e-02	-1.460491e-06
8.583166696596379e-03	-6.656158e-02	9.377878e-07
8.593166696596379e-03	-6.655943e-02	-1.460068e-06
8.603166696596378e-03	-6.656146e-02	9.373620e-07
8.613166696596380e-03	-6.655920e-02	-1.459646e-06
8.623166696596379e-03	-6.656134e-02	9.369364e-07
8.633166696596379e-03	-6.655908e-02	-1.459223e-06
8.643166696596379e-03	-6.656134e-02	9.365108e-07
8.653166696596380e-03	-6.655908e-02	-1.458801e-06
8.663166696596379e-03	-6.656110e-02	9.360854e-07
8.673166696596379e-03	-6.655896e-02	-1.458379e-06
8.683166696596379e-03	-6.656086e-02	9.356602e-07
8.693166696596378e-03	-6.655872e-02	-1.457957e-06
8.703166696596380e-03	-6.656086e-02	9.352351e-07
8.713166696596379e-03	-6.655872e-02	-1.457535e-06
8.723166696596379e-03	-6.656075e-02	9.348102e-07
8.733166696596378e-03	-6.655860e-02	-1.457113e-06
8.743166696596380e-03	-6.656063e-02	9.343854e-07
8.753166696596379e-03	-6.655836e-02	-1.456691e-06
8.763166696596379e-03	-6.656039e-02	9.339607e-07
8.773166696596378e-03	-6.655836e-02	-1.456269e-06
8.783166696596380e-03	-6.656039e-02	9.335362e-07
8.793166696596379e-03	-6.655824e-02	-1.455847e-06
8.803166696596379e-03	-6.656027e-02	9.331118e-07
8.813166696596379e-03	-6.655812e-02	-1.455425e-06
8.823166696596380e-03	-6.656015e-02	9.326876e-07
8.833166696596379e-03	-6.655800e-02	-1.455004e-06
8.843166696596379e-03	-6.656003e-02	9.322635e-07
8.853166696596379e-03	-6.655788e-02	-1.454582e-06
8.863166696596378e-03	-6.655991e-02	9.318396e-07
8.873166696596380e-03	-6.655788e-02	-1.454161e-06
8.883166696596379e-03	-6.655979e-02	9.314157e-07
8.893166696596379e-03	-6.655777e-02	-1.453739e-06
8.903166696596378e-03	-6.655979e-02	9.309921e-07
8.913166696596380e-03	-6.655765e-02	-1.453318e-06
8.923166696596379e-03	-6.655967e-02	9.305685e-07
8.933166696596379e-03	-6.655753e-02	-1.452897e-06
8.943166696596378e-03	-6.655955e-02	9.301451e-07
8.953166696596380e-03	-6.655753e-02	-1.452476e-06
8.963166696596379e-03	-6.655955e-02	9.297219e-07
8.973166696596379e-03	-6.655741e-02	-1.452055e-06
8.983166696596379e-03	-6.655943e-02	9.292987e-07
8.993166696596380e-03	-6.655717e-02	-1.451634e-06
9.003166696596379e-03	-6.655931e-02	9.288757e-07
9.013166696596379e-03	-6.655717e-02	-1.451213e-06
9.023166696596379e-03	-6.655920e-02	9.284529e-07
9.033166696596378e-03	-6.655717e-02	-1.450792e-06
9.043166696596380e-03	-6.655920e-02	9.280301e-07
9.053166696596379e-03	-6.655705e-02	-1.450371e-06
9.063166696596379e-03	-6.655908e-02	9.276075e-07
9.073166696596378e-03	-6.655705e-02	-1.449951e-06
9.083166696596380e-03	-6.655896e-02	9.271851e-07
9.093166696596379e-03	-6.655693e-02	-1.449530e-06
9.103166696596379e-03	-6.655896e-02	9.267627e-07
9.113166696596378e-03	-6.655681e-02	-1.449110e-06
9.123166696596380e-03	-6.655884e-02	9.263405e-07
9.133166696596379e-03	-6.655669e-02	-1.448690e-06
9.143166696596379e-03	-6.655872e-02	9.259185e-07
9.153166696596379e-03	-6.655657e-02	-1.448269e-06
9.163166696596380e-03	-6.655872e-02	9.254965e-07
9.173166696596379e-03	-6.655657e-02	-1.447849e-06
9.183166696596379e-03	-6.655872e-02	9.250747e-07
9.193166696596379e-03	-6.655657e-02	-1.447429e-06
9.203166696596378e-03	-6.655860e-02	9.246530e-07
9.213166696596380e-03	-6.655645e-02	-1.447009e-06
9.223166696596379e-03	-6.655848e-02	9.242315e-07
9.233166696596379e-03	-6.655645e-02	-1.446589e-06
9.243166696596378e-03	-6.655836e-02	9.238100e-07
9.253166696596380e-03	-6.655645e-02	-1.446169e-06
9.263166696596379e-03	-6.655836e-02	9.233887e-07
9.273166696596379e-03	-6.655622e-02	-1.445750e-06
9.283166696596378e-03	-6.655836e-02	9.229676e-07
9.293166696596380e-03	-6.655622e-02	-1.445330e-06
9.303166696596379e-03	-6.655824e-02	9.225465e-07
9.313166696596379e-03	-6.655622e-02	-1.444910e-06
9.323166696596379e-03	-6.655824e-02	9.221256e-07
9.333166696596378e-03	-6.655610e-02	-1.444491e-06
9.343166696596380e-03	-6.655812e-02	9.217048e-07
9.353166696596379e-03	-6.655610e-02	-1.444072e-06
9.363166696596379e-03	-6.655812e-02	9.212841e-07
9.373166696596378e-03	-6.655598e-02	-1.443652e-06
9.383166696596380e-03	-6.655800e-02	9.208636e-07
9.393166696596379e-03	-6.655586e-02	-1.443233e-06
9.403166696596379e-03	-6.655788e-02	9.204432e-07
9.413166696596378e-03	-6.655598e-02	-1.442814e-06
9.423166696596380e-03	-6.655788e-02	9.200229e-07
9.433166696596379e-03	-6.655586e-02	-1.442395e-06
9.443166696596379e-03	-6.655788e-02	9.196027e-07
9.453166696596378e-03	-6.655574e-02	-1.441976e-06
9.463166696596380e-03	-6.655788e-02	9.191826e-07
9.473166696596379e-03	-6.655574e-02	-1.441558e-06
9.483166696596379e-03	-6.655777e-02	9.187627e-07
9.493166696596379e-03	-6.655574e-02	-1.441139e-06
9.503166696596378e-03	-6.655765e-02	9.183429e-07
9.513166696596380e-03	-6.655574e-02	-1.440720e-06
9.523166696596379e-03	-6.655765e-02	9.179233e-07
9.533166696596379e-03	-6.655562e-02	-1.440302e-06
9.543166696596378e-03	-6.655765e-02	9.175037e-07
9.553166696596380e-03	-6.655550e-02	-1.439883e-06
9.563166696596379e-03	-6.655765e-02	9.170843e-07
9.573166696596379e-03	-6.655550e-02	-1.439465e-06
9.583166696596378e-03	-6.655753e-02	9.166649e-07
9.593166696596380e-03	-6.655550e-02	-1.439047e-06
9.603166696596379e-03	-6.655753e-02	9.162458e-07
9.613166696596379e-03	-6.655550e-02	-1.438629e-06
9.623166696596379e-03	-6.655741e-02	9.158267e-07
9.633166696596380e-03	-6.655538e-02	-1.438211e-06
9.643166696596379e-03	-6.655729e-02	9.154077e-07
9.653166696596379e-03	-6.655538e-02	-1.437793e-06
9.663166696596379e-03	-6.655729e-02	9.149889e-07
9.673166696596378e-03	-6.655538e-02	-1.437375e-06
9.683166696596380e-03	-6.655717e-02	9.145702e-07
9.693166696596379e-03	-6.655526e-02	-1.436957e-06
9.703166696596379e-03	-6.655729e-02	9.141516e-07
9.713166696596378e-03	-6.655526e-02	-1.436540e-06
9.723166696596380e-03	-6.655729e-02	9.137331e-07
9.733166696596379e-03	-6.655526e-02	-1.436122e-06
9.743166696596379e-03	-6.655717e-02	9.133148e-07
9.753166696596378e-03	-6.655514e-02	-1.435705e-06
9.763166696596380e-03	-6.655729e-02	9.128965e-07
9.773166696596379e-03	-6.655514e-02	-1.435287e-06
9.783166696596379e-03	-6.655717e-02	9.124784e-07
9.793166696596379e-03	-6.655514e-02	-1.434870e-06
9.803166696596380e-03	-6.655705e-02	9.120604e-07
9.813166696596379e-03	-6.655514e-02	-1.434453e-06
9.823166696596379e-03	-6.655705e-02	9.116425e-07
9.833166696596379e-03	-6.655514e-02	-1.434036e-06
9.843166696596378e-03	-6.655693e-02	9.112247e-07
9.853166696596380e-03	-6.655502e-02	-1.433619e-06
9.863166696596379e-03	-6.655705e-02	9.108071e-07
9.873166696596379e-03	-6.655502e-02	-1.433202e-06
9.883166696596378e-03	-6.655693e-02	9.103895e-07
9.893166696596380e-03	-6.655502e-02	-1.432785e-06
9.903166696596379e-03	-6.655693e-02	9.099721e-07
9.913166696596379e-03	-6.655490e-02	-1.432369e-06
9.923166696596378e-03	-6.655681e-02	9.095548e-07
9.933166696596380e-03	-6.655502e-02	-1.431952e-06
9.943166696596379e-03	-6.655693e-02	9.091377e-07
9.953166696596379e-03	-6.655490e-02	-1.431536e-06
9.963166696596379e-03	-6.655681e-02	9.087206e-07
9.973166696596378e-03	-6.655490e-02	-1.431120e-06
9.983166696596379e-03	-6.655681e-02	9.083037e-07
9.993166696596379e-03	-6.655490e-02	-1.430703e-06
1.000000000000000e-02	-6.654406e-02	9.077891e-07
1.000000000100000e-02	-6.656814e-02	1.023197e-06
1.000000000200000e-02	-6.654990e-02	1.154376e-06
1.000000000347517e-02	-6.655669e-02	1.245966e-06
1.000000000560198e-02	-6.655657e-02	1.291465e-06
1.000000000985560e-02	-6.655657e-02	1.292421e-06
1.000000001836285e-02	-6.655657e-02	1.249171e-06
1.000000003537736e-02	-6.655645e-02	1.170224e-06
1.000000006940636e-02	-6.655598e-02	1.024974e-06
1.000000013746437e-02	-6.655455e-02	7.808120e-07
1.000000027358039e-02	-6.654954e-02	4.246414e-07
1.000000054581242e-02	-6.653428e-02	3.138858e-08
1.000000109027649e-02	-6.649542e-02	-2.172930e-07
1.000000217920462e-02	-6.643271e-02	-2.373610e-07
1.000000435706089e-02	-6.642985e-02	-1.984914e-07
1.000000871277344e-02	-6.662488e-02	-1.548266e-07
1.000001492613555e-02	-6.692839e-02	-8.257138e-08
1.000002566022906e-02	-6.773818e-02	2.351733e-08
1.000004712841608e-02	-6.859922e-02	2.258285e-07
1.000006338367962e-02	-7.019305e-02	3.506818e-07
1.000007437378586e-02	-7.708216e-02	4.046135e-07
1.000008497099844e-02	-8.089471e-02	3.288180e-07
1.000009518400606e-02	-7.448733e-02	9.155991e-08
1.000010849223413e-02	-6.604111e-02	-3.358726e-07
1.000012148995950e-02	-6.353629e-02	-7.430580e-07
1.000013686770219e-02	-6.094038e-02	-1.188019e-06
1.000015877007246e-02	-5.628586e-02	-1.735162e-06
1.000018046768184e-02	-5.403411e-02	-2.154381e-06
1.000020403146750e-02	-5.114424e-02	-2.450454e-06
1.000023428899272e-02	-5.339015e-02	-2.618567e-06
1.000026980627582e-02	-6.421590e-02	-2.642069e-06
1.000032070110171e-02	-6.557155e-02	-2.641674e-06
1.000040681560112e-02	-6.588137e-02	-2.627701e-06
1.000057904459994e-02	-6.646073e-02	-2.594439e-06
1.000079465190093e-02	-6.738579e-02	-2.557210e-06
1.000099140849245e-02	-6.888783e-02	-2.516848e-06
1.000118936441564e-02	-6.948519e-02	-2.443046e-06
1.000136380096532e-02	-6.787515e-02	-2.336255e-06
1.000151634692184e-02	-6.649578e-02	-2.229391e-06
1.000168772413450e-02	-6.579137e-02	-2.117895e-06
1.000188775357816e-02	-6.476980e-02	-2.010218e-06
1.000220529882504e-02	-6.482077e-02	-1.887383e-06
1.000243873134469e-02	-6.602466e-02	-1.829002e-06
1.000263893959568e-02	-6.640661e-02	-1.793539e-06
1.000285106344994e-02	-6.655759e-02	-1.766720e-06
1.000307563260948e-02	-6.675303e-02	-1.746281e-06
1.000328863913159e-02	-6.691539e-02	-1.732541e-06
1.000349150453903e-02	-6.704164e-02	-1.722570e-06
1.000367851356004e-02	-6.713223e-02	-1.715566e-06
1.000381968824193e-02	-6.719095e-02	-1.711024e-06
1.000397006334662e-02	-6.721771e-02	-1.707032e-06
1.000411065765390e-02	-6.724834e-02	-1.703578e-06
1.000430559635417e-02	-6.726813e-02	-1.699570e-06
1.000453233234399e-02	-6.731188e-02	-1.695295e-06
1.000482341632339e-02	-6.735748e-02	-1.690641e-06
1.000514948733534e-02	-6.742471e-02	-1.685754e-06
1.000555803667975e-02	-6.749332e-02	-1.680278e-06
1.000603381980794e-02	-6.758523e-02	-1.674035e-06
1.000659580006022e-02	-6.767797e-02	-1.667075e-06
1.000726330843616e-02	-6.779718e-02	-1.658746e-06
1.000810306792885e-02	-6.793147e-02	-1.648543e-06
1.000915897408788e-02	-6.810826e-02	-1.635526e-06
1.001051008989996e-02	-6.832945e-02	-1.618987e-06
1.001219097547370e-02	-6.865710e-02	-1.598122e-06
1.001426673263485e-02	-6.907237e-02	-1.572990e-06
1.001672280051706e-02	-6.959617e-02	-1.544394e-06
1.001976084335210e-02	-7.027602e-02	-1.511965e-06
1.002373165640811e-02	-7.127237e-02	-1.474742e-06
1.002946774226197e-02	-7.265115e-02	-1.435127e-06
1.003658281048248e-02	-7.375866e-02	-1.437216e-06
1.004175361668164e-02	-7.445091e-02	-1.543188e-06
1.004639970531633e-02	-7.539451e-02	-1.804648e-06
1.005163571168062e-02	-7.651174e-02	-2.335612e-06
1.005686035609653e-02	-7.761174e-02	-3.034829e-06
1.006252855289185e-02	-7.880497e-02	-3.825969e-06
1.006826382207814e-02	-8.003926e-02	-4.550145e-06
1.007453662446144e-02	-8.145082e-02	-5.202770e-06
1.008163764139276e-02	-8.311915e-02	-5.758879e-06
1.009021483575260e-02	-8.516318e-02	-6.202940e-06
1.010021483575260e-02	-8.757806e-02	-6.472608e-06
1.011021483575259e-02	-9.007859e-02	-6.549304e-06
1.012021483575259e-02	-9.272444e-02	-6.498557e-06
1.013021483575259e-02	-9.545439e-02	-6.371871e-06
1.014021483575260e-02	-9.826690e-02	-6.210261e-06
1.015021483575260e-02	-1.012352e-01	-6.049704e-06
1.016021483575259e-02	-1.045872e-01	-5.918946e-06
1.017021483575259e-02	-1.083366e-01	-5.833658e-06
1.017948506688383e-02	-1.119586e-01	-5.794433e-06
1.018948506688383e-02	-1.159019e-01	-5.785927e-06
1.019948506688383e-02	-1.199976e-01	-5.800910e-06
1.020948506688383e-02	-1.240823e-01	-5.824146e-06
1.021948506688383e-02	-1.282812e-01	-5.847111e-06
1.022948506688383e-02	-1.326363e-01	-5.862582e-06
1.023948506688383e-02	-1.371784e-01	-5.866514e-06
1.024948506688383e-02	-1.418848e-01	-5.853317e-06
1.025948506688383e-02	-1.467758e-01	-5.818573e-06
1.026948506688383e-02	-1.518303e-01	-5.755674e-06
1.027948506688383e-02	-1.549568e-01	-5.671834e-06
1.028381406459855e-02	-1.486757e-01	-1.435240e-02
1.028706639443221e-02	-1.340828e-01	-4.127112e-02
1.029034375035293e-02	-1.089950e-01	-7.804792e-02
1.029436936319002e-02	-6.284213e-02	-1.296072e-01
1.029653591748061e-02	-2.360070e-02	-1.526929e-01
1.029838722993739e-02	2.555966e-02	-1.623373e-01
1.030007316389642e-02	7.882953e-02	-1.659342e-01
1.030153966647192e-02	1.273340e-01	-1.690741e-01
1.030309202853213e-02	1.799663e-01	-1.726624e-01
1.030543431335923e-02	2.607350e-01	-1.787543e-01
1.030796045220581e-02	3.475121e-01	-1.891051e-01
1.031069692747192e-02	4.421418e-01	-2.029991e-01
1.031432352113112e-02	5.676340e-01	-2.251221e-01
1.031808392490222e-02	6.965384e-01	-2.519654e-01
1.031994788225567e-02	7.595489e-01	-2.665408e-01
1.032286679781459e-02	8.551608e-01	-2.904705e-01
1.032434402901275e-02	8.977808e-01	-3.017213e-01
1.032503185701292e-02	9.143906e-01	-3.061574e-01
1.032610376794470e-02	9.364627e-01	-3.119481e-01
1.032737318747002e-02	9.584700e-01	-3.174975e-01
1.032887495570825e-02	9.809975e-01	-3.229736e-01
1.033026982242864e-02	9.997686e-01	-3.274499e-01
1.033231084957747e-02	1.025025e+00	-3.333911e-01
1.033476199425092e-02	1.053721e+00	-3.399662e-01
1.033747621360060e-02	1.084086e+00	-3.468353e-01
1.034052922309344e-02	1.117100e+00	-3.542533e-01
1.034375553293027e-02	1.151052e+00	-3.618746e-01
1.034787044338074e-02	1.193412e+00	-3.713948e-01
1.035288541028296e-02	1.244087e+00	-3.828151e-01
1.035918730054819e-02	1.306697e+00	-3.970005e-01
1.036734477896006e-02	1.386799e+00	-4.151948e-01
1.037271504359591e-02	1.439581e+00	-4.258744e-01
1.037570276215502e-02	1.469619e+00	-4.284980e-01
1.037864252531590e-02	1.499532e+00	-4.297602e-01
1.038279245682648e-02	1.542039e+00	-4.302365e-01
1.039283562661987e-02	1.645675e+00	-4.280499e-01
1.040283562661987e-02	1.749400e+00	-4.234741e-01
1.042235079520757e-02	1.952722e+00	-4.117417e-01
1.044235079520757e-02	2.162037e+00	-3.986462e-01
1.046235079520757e-02	2.372065e+00	-3.860071e-01
1.048235079520757e-02	2.582626e+00	-3.745837e-01
1.050235079520757e-02	2.793541e+00	-3.647920e-01
1.051235079520757e-02	2.899072e+00	-3.605872e-01
1.052235079520757e-02	3.004192e+00	-3.568713e-01
1.053235079520757e-02	3.103566e+00	-3.534942e-01
1.053595564237537e-02	3.127531e+00	-3.512503e-01
1.053936077189491e-02	3.141255e+00	-3.486366e-01
1.054092342639132e-02	3.145849e+00	-3.473619e-01
1.054427874748447e-02	3.153082e+00	-3.445518e-01
1.054956797113638e-02	3.160918e+00	-3.400734e-01
1.055762892919797e-02	3.168627e+00	-3.334253e-01
1.056274726137512e-02	3.171951e+00	-3.294086e-01
1.056893003048509e-02	3.174998e+00	-3.248144e-01
1.057737875205246e-02	3.178062e+00	-3.190297e-01
1.058737875205246e-02	3.180714e+00	-3.129482e-01
1.059737875205246e-02	3.182641e+00	-3.077065e-01
1.060737875205246e-02	3.184068e+00	-3.032998e-01
1.061737875205246e-02	3.185112e+00	-3.011123e-01
1.062737875205246e-02	3.185928e+00	-2.993446e-01
1.063737875205246e-02	3.186575e+00	-2.978300e-01
1.064737875205246e-02	3.187114e+00	-2.965114e-01
1.065737875205246e-02	3.187554e+00	-2.953455e-01
1.066737875205246e-02	3.187932e+00	-2.942984e-01
1.067737875205246e-02	3.188246e+00	-2.933440e-01
1.068737875205246e-02	3.188522e+00	-2.924621e-01
1.069737875205246e-02	3.188753e+00	-2.916371e-01
1.070737875205246e-02	3.188962e+00	-2.908568e-01
1.071737875205246e-02	3.189138e+00	-2.901119e-01
1.072737875205246e-02	3.189300e+00	-2.893947e-01
1.073737875205246e-02	3.189437e+00	-2.886997e-01
1.074737875205246e-02	3.189566e+00	-2.880222e-01
1.075737875205246e-02	3.189674e+00	-2.873586e-01
1.076737875205246e-02	3.189779e+00	-2.867062e-01
1.077737875205246e-02	3.189867e+00	-2.860627e-01
1.078737875205246e-02	3.189953e+00	-2.854263e-01
1.079737875205246e-02	3.190025e+00	-2.847959e-01
1.080737875205246e-02	3.190098e+00	-2.841699e-01
1.081737875205246e-02	3.190158e+00	-2.835479e-01
1.082737875205246e-02	3.190221e+00	-2.829288e-01
1.083737875205246e-02	3.190272e+00	-2.823124e-01
1.084737875205246e-02	3.190326e+00	-2.816979e-01
1.085737875205246e-02	3.190370e+00	-2.810852e-01
1.086737875205246e-02	3.190418e+00	-2.804739e-01
1.087737875205246e-02	3.190456e+00	-2.798637e-01
1.088737875205246e-02	3.190499e+00	-2.792546e-01
1.089737875205246e-02	3.190532e+00	-2.786462e-01
1.090737875205246e-02	3.190572e+00	-2.780386e-01
1.091737875205246e-02	3.190602e+00	-2.774315e-01
1.092737875205246e-02	3.190638e+00	-2.768250e-01
1.093737875205246e-02	3.190666e+00	-2.762189e-01
1.094737875205246e-02	3.190700e+00	-2.756132e-01
1.095737875205246e-02	3.190725e+00	-2.750078e-01
1.096737875205246e-02	3.190757e+00	-2.744027e-01
1.097737875205246e-02	3.190780e+00	-2.737979e-01
1.098737875205246e-02	3.190810e+00	-2.731933e-01
1.099737875205246e-02	3.190833e+00	-2.725890e-01
1.100737875205246e-02	3.190862e+00	-2.719848e-01
1.101737875205246e-02	3.190883e+00	-2.713808e-01
1.102737875205246e-02	3.190911e+00	-2.707769e-01
1.103737875205246e-02	3.190931e+00	-2.701733e-01
1.104737875205246e-02	3.190958e+00	-2.695697e-01
1.105737875205246e-02	3.190978e+00	-2.689663e-01
1.106737875205246e-02	3.191004e+00	-2.683629e-01
1.107737875205246e-02	3.191023e+00	-2.677598e-01
1.108737875205246e-02	3.191049e+00	-2.671566e-01
1.109737875205246e-02	3.191067e+00	-2.665537e-01
1.110737875205246e-02	3.191093e+00	-2.659507e-01
1.111737875205246e-02	3.191111e+00	-2.653480e-01
1.112737875205246e-02	3.191137e+00	-2.647452e-01
1.113737875205246e-02	3.191154e+00	-2.641425e-01
1.114737875205246e-02	3.191179e+00	-2.635399e-01
1.115737875205246e-02	3.191197e+00	-2.629374e-01
1.116737875205246e-02	3.191222e+00	-2.623349e-01
1.117737875205246e-02	3.191239e+00	-2.617325e-01
1.118737875205246e-02	3.191264e+00	-2.611301e-01
1.119737875205246e-02	3.191281e+00	-2.605278e-01
1.120737875205246e-02	3.191306e+00	-2.599254e-01
1.121737875205246e-02	3.191323e+00	-2.593232e-01
1.122737875205246e-02	3.191347e+00	-2.587209e-01
1.123737875205246e-02	3.191364e+00	-2.581187e-01
1.124737875205246e-02	3.191388e+00	-2.575165e-01
1.125737875205246e-02	3.191405e+00	-2.569144e-01
1.126737875205246e-02	3.191430e+00	-2.563122e-01
1.127737875205246e-02	3.191446e+00	-2.557101e-01
1.128737875205246e-02	3.191471e+00	-2.551079e-01
1.129737875205246e-02	3.191487e+00	-2.545058e-01
1.130737875205246e-02	3.191512e+00	-2.539035e-01
1.131737875205246e-02	3.191528e+00	-2.533014e-01
1.132737875205246e-02	3.191552e+00	-2.526991e-01
1.133737875205246e-02	3.191569e+00	-2.520969e-01
1.134737875205246e-02	3.191593e+00	-2.514946e-01
1.135737875205246e-02	3.191610e+00	-2.508923e-01
1.136737875205246e-02	3.191634e+00	-2.502899e-01
1.137737875205246e-02	3.191651e+00	-2.496875e-01
1.138737875205246e-02	3.191675e+00	-2.490850e-01
1.139737875205246e-02	3.191691e+00	-2.484825e-01
1.140737875205246e-02	3.191716e+00	-2.478798e-01
1.141737875205246e-02	3.191732e+00	-2.472771e-01
1.142737875205246e-02	3.191756e+00	-2.466743e-01
1.143737875205246e-02	3.191773e+00	-2.460714e-01
1.144737875205246e-02	3.191797e+00	-2.454684e-01
1.145737875205246e-02	3.191814e+00	-2.448653e-01
1.146737875205246e-02	3.191838e+00	-2.442620e-01
1.147737875205246e-02	3.191854e+00	-2.436586e-01
1.148737875205246e-02	3.191878e+00	-2.430550e-01
1.149737875205246e-02	3.191895e+00	-2.424513e-01
1.150737875205246e-02	3.191919e+00	-2.418473e-01
1.151737875205246e-02	3.191936e+00	-2.412433e-01
1.152737875205246e-02	3.191960e+00	-2.406390e-01
1.153737875205246e-02	3.191976e+00	-2.400345e-01
1.154737875205246e-02	3.192000e+00	-2.394297e-01
1.155737875205246e-02	3.192017e+00	-2.388248e-01
1.156737875205246e-02	3.192041e+00	-2.382195e-01
1.157737875205246e-02	3.192058e+00	-2.376140e-01
1.158737875205246e-02	3.192082e+00	-2.370081e-01
1.159737875205246e-02	3.192099e+00	-2.364019e-01
1.160737875205246e-02	3.192123e+00	-2.357954e-01
1.161737875205246e-02	3.192139e+00	-2.351886e-01
1.162737875205246e-02	3.192164e+00	-2.345812e-01
1.163737875205246e-02	3.192180e+00	-2.339736e-01
1.164737875205246e-02	3.192204e+00	-2.333654e-01
1.165737875205246e-02	3.192221e+00	-2.327568e-01
1.166737875205246e-02	3.192245e+00	-2.321476e-01
1.167737875205246e-02	3.192262e+00	-2.315379e-01
1.168737875205246e-02	3.192286e+00	-2.309276e-01
1.169737875205246e-02	3.192303e+00	-2.303167e-01
1.170737875205246e-02	3.192328e+00	-2.297050e-01
1.171737875205246e-02	3.192344e+00	-2.290926e-01
1.172737875205246e-02	3.192369e+00	-2.284794e-01
1.173737875205246e-02	3.192386e+00	-2.278654e-01
1.174737875205246e-02	3.192410e+00	-2.272504e-01
1.175737875205246e-02	3.192427e+00	-2.266345e-01
1.176737875205246e-02	3.192452e+00	-2.260174e-01
1.177737875205246e-02	3.192469e+00	-2.253991e-01
1.178737875205246e-02	3.192493e+00	-2.247795e-01
1.179737875205246e-02	3.192511e+00	-2.241586e-01
1.180737875205246e-02	3.192535e+00	-2.235361e-01
1.181737875205246e-02	3.192552e+00	-2.229119e-01
1.182737875205246e-02	3.192577e+00	-2.222858e-01
1.183737875205246e-02	3.192594e+00	-2.216576e-01
1.184737875205246e-02	3.192619e+00	-2.210272e-01
1.185737875205246e-02	3.192637e+00	-2.203942e-01
1.186737875205246e-02	3.192662e+00	-2.197583e-01
1.187737875205246e-02	3.192680e+00	-2.191192e-01
1.188737875205246e-02	3.192705e+00	-2.184763e-01
1.189737875205246e-02	3.192723e+00	-2.178294e-01
1.190737875205246e-02	3.192749e+00	-2.171775e-01
1.191737875205246e-02	3.192767e+00	-2.165202e-01
1.192737875205246e-02	3.192793e+00	-2.158561e-01
1.193737875205246e-02	3.192812e+00	-2.151844e-01
1.194737875205246e-02	3.192838e+00	-2.145032e-01
1.195737875205246e-02	3.192858e+00	-2.138106e-01
1.196737875205246e-02	3.192885e+00	-2.131037e-01
1.197737875205246e-02	3.192905e+00	-2.123784e-01
1.198737875205246e-02	3.192934e+00	-2.116290e-01
1.199737875205246e-02	3.192956e+00	-2.108467e-01
1.200737875205246e-02	3.192986e+00	-2.100172e-01
1.201737875205246e-02	3.193011e+00	-2.091159e-01
1.202737875205246e-02	3.193045e+00	-2.080969e-01
1.203737875205246e-02	3.193080e+00	-2.068712e-01
1.204471904683871e-02	3.193121e+00	-2.057545e-01
1.205118469155999e-02	3.193160e+00	-2.045757e-01
1.205614462348536e-02	3.193203e+00	-2.035612e-01
1.205832938506391e-02	3.193217e+00	-2.030928e-01
1.206064970459359e-02	3.193237e+00	-2.025852e-01
1.206302580435311e-02	3.193251e+00	-2.020576e-01
1.206531720902977e-02	3.193272e+00	-2.015434e-01
1.206775531194928e-02	3.193287e+00	-2.009925e-01
1.207001892105304e-02	3.193308e+00	-2.004783e-01
1.207225144571981e-02	3.193322e+00	-1.999697e-01
1.207447244414957e-02	3.193342e+00	-1.994625e-01
1.207664682464484e-02	3.193355e+00	-1.989654e-01
1.207886539378698e-02	3.193375e+00	-1.984576e-01
1.208138398869789e-02	3.193390e+00	-1.978808e-01
1.208431381507077e-02	3.193415e+00	-1.972094e-01
1.208776941363141e-02	3.193435e+00	-1.964174e-01
1.209217710530214e-02	3.193464e+00	-1.954070e-01
1.209774473254843e-02	3.193471e+00	-1.941312e-01
1.210594555434607e-02	3.193473e+00	-1.922538e-01
1.211353792960603e-02	3.193614e+00	-1.905198e-01
1.211909707770430e-02	3.193686e+00	-1.892538e-01
1.212477320265357e-02	3.193730e+00	-1.879646e-01
1.213477320265357e-02	3.193816e+00	-1.857014e-01
1.214477320265357e-02	3.193889e+00	-1.834486e-01
1.215477320265357e-02	3.193968e+00	-1.812056e-01
1.216477320265357e-02	3.194040e+00	-1.789725e-01
1.217477320265357e-02	3.194117e+00	-1.767489e-01
1.218477320265357e-02	3.194188e+00	-1.745347e-01
1.219477320265357e-02	3.194265e+00	-1.723296e-01
1.220477320265357e-02	3.194335e+00	-1.701336e-01
1.221477320265357e-02	3.194411e+00	-1.679463e-01
1.222477320265357e-02	3.194480e+00	-1.657677e-01
1.223477320265357e-02	3.194556e+00	-1.635975e-01
1.224477320265357e-02	3.194625e+00	-1.614357e-01
1.225477320265357e-02	3.194700e+00	-1.592820e-01
1.226477320265357e-02	3.194769e+00	-1.571363e-01
1.227477320265357e-02	3.194843e+00	-1.549983e-01
1.228477320265357e-02	3.194911e+00	-1.528681e-01
1.229477320265357e-02	3.194986e+00	-1.507455e-01
1.230477320265357e-02	3.195054e+00	-1.486311e-01
1.231477320265357e-02	3.195130e+00	-1.465265e-01
1.232477320265357e-02	3.195205e+00	-1.444377e-01
1.233477320265357e-02	3.195300e+00	-1.423819e-01
1.234477320265357e-02	3.195409e+00	-1.404045e-01
1.235477320265357e-02	3.195620e+00	-1.385967e-01
1.236477320265357e-02	3.195651e+00	-1.372600e-01
1.237477320265357e-02	3.195574e+00	-1.363124e-01
1.239477320265357e-02	3.195566e+00	-1.349147e-01
1.240477320265357e-02	3.195569e+00	-1.343990e-01
1.241477320265357e-02	3.195580e+00	-1.339835e-01
1.242477320265357e-02	3.195584e+00	-1.336595e-01
1.243477320265357e-02	3.195592e+00	-1.334213e-01
1.244477320265357e-02	3.195593e+00	-1.332662e-01
1.245477320265357e-02	3.195598e+00	-1.331929e-01
1.246477320265357e-02	3.195596e+00	-1.332028e-01
1.247477320265357e-02	3.195593e+00	-1.332988e-01
1.248477320265357e-02	3.195551e+00	-1.334741e-01
1.249477320265357e-02	3.195536e+00	-1.336581e-01
1.250477320265357e-02	3.195526e+00	-1.338388e-01
1.251477320265357e-02	3.195523e+00	-1.340161e-01
1.252477320265357e-02	3.195515e+00	-1.341903e-01
1.253477320265357e-02	3.195512e+00	-1.343612e-01
1.254477320265357e-02	3.195504e+00	-1.345290e-01
1.255477320265357e-02	3.195502e+00	-1.346938e-01
1.256477320265357e-02	3.195493e+00	-1.348555e-01
1.257477320265357e-02	3.195491e+00	-1.350143e-01
1.258477320265357e-02	3.195483e+00	-1.351702e-01
1.259477320265357e-02	3.195481e+00	-1.353232e-01
1.260477320265357e-02	3.195473e+00	-1.354735e-01
1.261477320265357e-02	3.195472e+00	-1.356210e-01
1.262477320265357e-02	3.195464e+00	-1.357660e-01
1.263477320265357e-02	3.195462e+00	-1.359082e-01
1.264477320265357e-02	3.195455e+00	-1.360479e-01
1.265477320265357e-02	3.195454e+00	-1.361850e-01
1.266477320265357e-02	3.195446e+00	-1.363198e-01
1.267477320265357e-02	3.195445e+00	-1.364521e-01
1.268477320265357e-02	3.195438e+00	-1.365820e-01
1.269477320265357e-02	3.195437e+00	-1.367096e-01
1.270477320265357e-02	3.195430e+00	-1.368351e-01
1.271477320265357e-02	3.195429e+00	-1.369582e-01
1.272477320265357e-02	3.195422e+00	-1.370792e-01
1.273477320265357e-02	3.195421e+00	-1.371981e-01
1.274477320265357e-02	3.195414e+00	-1.373149e-01
1.275477320265357e-02	3.195414e+00	-1.374296e-01
1.276477320265357e-02	3.195407e+00	-1.375424e-01
1.277477320265357e-02	3.195407e+00	-1.376531e-01
1.278477320265357e-02	3.195400e+00	-1.377620e-01
1.279477320265357e-02	3.195400e+00	-1.378690e-01
1.280477320265357e-02	3.195393e+00	-1.379742e-01
1.281477320265357e-02	3.195393e+00	-1.380775e-01
1.282477320265357e-02	3.195386e+00	-1.381791e-01
1.283477320265357e-02	3.195387e+00	-1.382789e-01
1.284477320265357e-02	3.195380e+00	-1.383771e-01
1.285477320265357e-02	3.195380e+00	-1.384735e-01
1.286477320265357e-02	3.195374e+00	-1.385684e-01
1.287477320265357e-02	3.195374e+00	-1.386616e-01
1.288477320265357e-02	3.195368e+00	-1.387533e-01
1.289477320265357e-02	3.195368e+00	-1.388434e-01
1.290477320265357e-02	3.195362e+00	-1.389321e-01
1.291477320265357e-02	3.195363e+00	-1.390192e-01
1.292477320265357e-02	3.195356e+00	-1.391049e-01
1.293477320265357e-02	3.195357e+00	-1.391892e-01
1.294477320265357e-02	3.195352e+00	-1.392721e-01
1.295477320265357e-02	3.195352e+00	-1.393536e-01
1.296477320265357e-02	3.195346e+00	-1.394338e-01
1.297477320265357e-02	3.195347e+00	-1.395126e-01
1.298477320265357e-02	3.195341e+00	-1.395902e-01
1.299477320265357e-02	3.195342e+00	-1.396664e-01
1.300477320265357e-02	3.195336e+00	-1.397415e-01
1.301477320265357e-02	3.195337e+00	-1.398153e-01
1.302477320265357e-02	3.195331e+00	-1.398880e-01
1.303477320265357e-02	3.195332e+00	-1.399594e-01
1.304477320265357e-02	3.195327e+00	-1.400297e-01
1.305477320265357e-02	3.195328e+00	-1.400988e-01
1.306477320265357e-02	3.195323e+00	-1.401669e-01
1.307477320265357e-02	3.195324e+00	-1.402338e-01
1.308477320265357e-02	3.195318e+00	-1.402998e-01
1.309477320265357e-02	3.195319e+00	-1.403646e-01
1.310477320265357e-02	3.195314e+00	-1.404284e-01
1.311477320265357e-02	3.195315e+00	-1.404912e-01
1.312477320265357e-02	3.195310e+00	-1.405530e-01
1.313477320265357e-02	3.195312e+00	-1.406138e-01
1.314477320265357e-02	3.195306e+00	-1.406737e-01
1.315477320265357e-02	3.195307e+00	-1.407325e-01
1.316477320265357e-02	3.195302e+00	-1.407906e-01
1.317477320265357e-02	3.195304e+00	-1.408476e-01
1.318477320265357e-02	3.195299e+00	-1.409038e-01
1.319477320265357e-02	3.195301e+00	-1.409591e-01
1.320477320265357e-02	3.195296e+00	-1.410136e-01
1.321477320265357e-02	3.195297e+00	-1.410671e-01
1.322477320265357e-02	3.195292e+00	-1.411199e-01
1.323477320265357e-02	3.195293e+00	-1.411718e-01
1.324477320265357e-02	3.195289e+00	-1.412230e-01
1.325477320265357e-02	3.195290e+00	-1.412733e-01
1.326477320265357e-02	3.195286e+00	-1.413229e-01
1.327477320265357e-02	3.195287e+00	-1.413717e-01
1.328477320265357e-02	3.195283e+00	-1.414198e-01
1.329477320265357e-02	3.195284e+00	-1.414670e-01
1.330477320265357e-02	3.195279e+00	-1.415137e-01
1.331477320265357e-02	3.195281e+00	-1.415595e-01
1.332477320265357e-02	3.195276e+00	-1.416047e-01
1.333477320265357e-02	3.195278e+00	-1.416492e-01
1.334477320265357e-02	3.195274e+00	-1.416930e-01
1.335477320265357e-02	3.195276e+00	-1.417361e-01
1.336477320265357e-02	3.195271e+00	-1.417787e-01
1.337477320265357e-02	3.195273e+00	-1.418205e-01
1.338477320265357e-02	3.195268e+00	-1.418618e-01
1.339477320265357e-02	3.195270e+00	-1.419023e-01
1.340477320265357e-02	3.195266e+00	-1.419424e-01
1.341477320265357e-02	3.195267e+00	-1.419817e-01
1.342477320265357e-02	3.195263e+00	-1.420205e-01
1.343477320265357e-02	3.195265e+00	-1.420587e-01
1.344477320265357e-02	3.195261e+00	-1.420964e-01
1.345477320265357e-02	3.195263e+00	-1.421334e-01
1.346477320265357e-02	3.195258e+00	-1.421700e-01
1.347477320265357e-02	3.195260e+00	-1.422059e-01
1.348477320265357e-02	3.195256e+00	-1.422414e-01
1.349477320265357e-02	3.195258e+00	-1.422763e-01
1.350477320265357e-02	3.195254e+00	-1.423107e-01
1.351477320265357e-02	3.195256e+00	-1.423446e-01
1.352477320265357e-02	3.195252e+00	-1.423780e-01
1.353477320265357e-02	3.195254e+00	-1.424109e-01
1.354477320265357e-02	3.195250e+00	-1.424433e-01
1.355477320265357e-02	3.195252e+00	-1.424752e-01
1.356477320265357e-02	3.195248e+00	-1.425067e-01
1.357477320265357e-02	3.195250e+00	-1.425377e-01
1.358477320265357e-02	3.195245e+00	-1.425682e-01
1.359477320265357e-02	3.195248e+00	-1.425983e-01
1.360477320265357e-02	3.195244e+00	-1.426280e-01
1.361477320265357e-02	3.195246e+00	-1.426572e-01
1.362477320265357e-02	3.195242e+00	-1.426860e-01
1.363477320265357e-02	3.195244e+00	-1.427143e-01
1.364477320265357e-02	3.195240e+00	-1.427423e-01
1.365477320265357e-02	3.195242e+00	-1.427698e-01
1.366477320265357e-02	3.195238e+00	-1.427970e-01
1.367477320265357e-02	3.195241e+00	-1.428237e-01
1.368477320265357e-02	3.195237e+00	-1.428501e-01
1.369477320265357e-02	3.195239e+00	-1.428761e-01
1.370477320265357e-02	3.195235e+00	-1.429017e-01
1.371477320265357e-02	3.195237e+00	-1.429269e-01
1.372477320265357e-02	3.195233e+00	-1.429518e-01
1.373477320265357e-02	3.195235e+00	-1.429763e-01
1.374477320265357e-02	3.195232e+00	-1.430005e-01
1.375477320265357e-02	3.195234e+00	-1.430243e-01
1.376477320265357e-02	3.195231e+00	-1.430477e-01
1.377477320265357e-02	3.195233e+00	-1.430708e-01
1.378477320265357e-02	3.195229e+00	-1.430937e-01
1.379477320265357e-02	3.195231e+00	-1.431161e-01
1.380477320265357e-02	3.195227e+00	-1.431383e-01
1.381477320265357e-02	3.195230e+00	-1.431601e-01
1.382477320265357e-02	3.195226e+00	-1.431816e-01
1.383477320265357e-02	3.195229e+00	-1.432028e-01
1.384477320265357e-02	3.195225e+00	-1.432237e-01
1.385477320265357e-02	3.195227e+00	-1.432443e-01
1.386477320265357e-02	3.195223e+00	-1.432647e-01
1.387477320265357e-02	3.195226e+00	-1.432846e-01
1.388477320265357e-02	3.195222e+00	-1.433044e-01
1.389477320265357e-02	3.195224e+00	-1.433238e-01
1.390477320265357e-02	3.195221e+00	-1.433430e-01
1.391477320265357e-02	3.195223e+00	-1.433619e-01
1.392477320265357e-02	3.195220e+00	-1.433806e-01
1.393477320265357e-02	3.195222e+00	-1.433989e-01
1.394477320265357e-02	3.195218e+00	-1.434171e-01
1.395477320265357e-02	3.195221e+00	-1.434349e-01
1.396477320265357e-02	3.195217e+00	-1.434525e-01
1.397477320265357e-02	3.195219e+00	-1.434698e-01
1.398477320265357e-02	3.195216e+00	-1.434870e-01
1.399477320265357e-02	3.195219e+00	-1.435038e-01
1.400477320265357e-02	3.195215e+00	-1.435205e-01
1.401477320265357e-02	3.195218e+00	-1.435368e-01
1.402477320265357e-02	3.195214e+00	-1.435530e-01
1.403477320265357e-02	3.195217e+00	-1.435689e-01
1.404477320265357e-02	3.195213e+00	-1.435847e-01
1.405477320265357e-02	3.195216e+00	-1.436001e-01
1.406477320265357e-02	3.195212e+00	-1.436154e-01
1.407477320265357e-02	3.195215e+00	-1.436304e-01
1.408477320265357e-02	3.195211e+00	-1.436453e-01
1.409477320265357e-02	3.195214e+00	-1.436599e-01
1.410477320265357e-02	3.195210e+00	-1.436744e-01
1.411477320265357e-02	3.195213e+00	-1.436886e-01
1.412477320265357e-02	3.195209e+00	-1.437026e-01
1.413477320265357e-02	3.195212e+00	-1.437164e-01
1.414477320265357e-02	3.195209e+00	-1.437301e-01
1.415477320265357e-02	3.195211e+00	-1.437435e-01
1.416477320265357e-02	3.195207e+00	-1.437568e-01
1.417477320265357e-02	3.195210e+00	-1.437698e-01
1.418477320265357e-02	3.195207e+00	-1.437827e-01
1.419477320265357e-02	3.195209e+00	-1.437954e-01
1.420477320265357e-02	3.195206e+00	-1.438080e-01
1.421477320265357e-02	3.195209e+00	-1.438203e-01
1.422477320265357e-02	3.195205e+00	-1.438325e-01
1.423477320265357e-02	3.195208e+00	-1.438445e-01
1.424477320265357e-02	3.195205e+00	-1.438564e-01
1.425477320265357e-02	3.195207e+00	-1.438681e-01
1.426477320265357e-02	3.195204e+00	-1.438796e-01
1.427477320265357e-02	3.195207e+00	-1.438909e-01
1.428477320265357e-02	3.195203e+00	-1.439022e-01
1.429477320265357e-02	3.195206e+00	-1.439132e-01
1.430477320265357e-02	3.195202e+00	-1.439241e-01
1.431477320265357e-02	3.195205e+00	-1.439348e-01
1.432477320265357e-02	3.195202e+00	-1.439455e-01
1.433477320265357e-02	3.195204e+00	-1.439559e-01
1.434477320265357e-02	3.195201e+00	-1.439662e-01
1.435477320265357e-02	3.195204e+00	-1.439763e-01
1.436477320265357e-02	3.195200e+00	-1.439864e-01
1.437477320265357e-02	3.195203e+00	-1.439962e-01
1.438477320265357e-02	3.195199e+00	-1.440060e-01
1.439477320265357e-02	3.195202e+00	-1.440156e-01
1.440477320265357e-02	3.195199e+00	-1.440251e-01
1.441477320265357e-02	3.195202e+00	-1.440344e-01
1.442477320265357e-02	3.195198e+00	-1.440436e-01
1.443477320265357e-02	3.195201e+00	-1.440527e-01
1.444477320265357e-02	3.195198e+00	-1.440617e-01
1.445477320265357e-02	3.195201e+00	-1.440705e-01
1.446477320265357e-02	3.195197e+00	-1.440793e-01
1.447477320265357e-02	3.195200e+00	-1.440878e-01
1.448477320265357e-02	3.195197e+00	-1.440963e-01
1.449477320265357e-02	3.195199e+00	-1.441047e-01
1.450477320265357e-02	3.195196e+00	-1.441129e-01
1.451477320265357e-02	3.195199e+00	-1.441210e-01
1.452477320265357e-02	3.195196e+00	-1.441291e-01
1.453477320265357e-02	3.195198e+00	-1.441370e-01
1.454477320265357e-02	3.195195e+00	-1.441448e-01
1.455477320265357e-02	3.195198e+00	-1.441525e-01
1.456477320265357e-02	3.195195e+00	-1.441601e-01
1.457477320265357e-02	3.195198e+00	-1.441675e-01
1.458477320265357e-02	3.195195e+00	-1.441749e-01
1.459477320265357e-02	3.195197e+00	-1.441822e-01
1.460477320265357e-02	3.195194e+00	-1.441894e-01
1.461477320265357e-02	3.195196e+00	-1.441965e-01
1.462477320265357e-02	3.195193e+00	-1.442035e-01
1.463477320265357e-02	3.195196e+00	-1.442103e-01
1.464477320265357e-02	3.195193e+00	-1.442172e-01
1.465477320265357e-02	3.195196e+00	-1.442238e-01
1.466477320265357e-02	3.195193e+00	-1.442305e-01
1.467477320265357e-02	3.195195e+00	-1.442370e-01
1.468477320265357e-02	3.195192e+00	-1.442434e-01
1.469477320265357e-02	3.195195e+00	-1.442497e-01
1.470477320265357e-02	3.195192e+00	-1.442560e-01
1.471477320265357e-02	3.195195e+00	-1.442621e-01
1.472477320265357e-02	3.195191e+00	-1.442683e-01
1.473477320265357e-02	3.195194e+00	-1.442742e-01
1.474477320265357e-02	3.195191e+00	-1.442802e-01
1.475477320265357e-02	3.195193e+00	-1.442860e-01
1.476477320265357e-02	3.195190e+00	-1.442918e-01
1.477477320265357e-02	3.195193e+00	-1.442974e-01
1.478477320265357e-02	3.195190e+00	-1.443031e-01
1.479477320265357e-02	3.195193e+00	-1.443086e-01
1.480477320265357e-02	3.195190e+00	-1.443140e-01
1.481477320265357e-02	3.195193e+00	-1.443194e-01
1.482477320265357e-02	3.195189e+00	-1.443247e-01
1.483477320265357e-02	3.195192e+00	-1.443299e-01
1.484477320265357e-02	3.195189e+00	-1.443351e-01
1.485477320265357e-02	3.195192e+00	-1.443402e-01
1.486477320265357e-02	3.195189e+00	-1.443452e-01
1.487477320265357e-02	3.195192e+00	-1.443501e-01
1.488477320265357e-02	3.195188e+00	-1.443550e-01
1.489477320265357e-02	3.195191e+00	-1.443598e-01
1.490477320265357e-02	3.195188e+00	-1.443646e-01
1.491477320265357e-02	3.195191e+00	-1.443693e-01
1.492477320265357e-02	3.195188e+00	-1.443739e-01
1.493477320265357e-02	3.195191e+00	-1.443784e-01
1.494477320265357e-02	3.195187e+00	-1.443830e-01
1.495477320265357e-02	3.195190e+00	-1.443874e-01
1.496477320265357e-02	3.195187e+00	-1.443918e-01
1.497477320265357e-02	3.195190e+00	-1.443961e-01
1.498477320265357e-02	3.195187e+00	-1.444004e-01
1.499477320265357e-02	3.195190e+00	-1.444045e-01
1.500477320265357e-02	3.195186e+00	-1.444087e-01
1.501477320265357e-02	3.195189e+00	-1.444128e-01
1.502477320265357e-02	3.195186e+00	-1.444168e-01
1.503477320265357e-02	3.195189e+00	-1.444208e-01
1.504477320265357e-02	3.195186e+00	-1.444247e-01
1.505477320265357e-02	3.195189e+00	-1.444286e-01
1.506477320265357e-02	3.195186e+00	-1.444324e-01
1.507477320265357e-02	3.195189e+00	-1.444361e-01
1.508477320265357e-02	3.195186e+00	-1.444399e-01
1.509477320265357e-02	3.195188e+00	-1.444435e-01
1.510477320265357e-02	3.195185e+00	-1.444471e-01
1.511477320265357e-02	3.195188e+00	-1.444507e-01
1.512477320265357e-02	3.195185e+00	-1.444542e-01
1.513477320265357e-02	3.195188e+00	-1.444577e-01
1.514477320265357e-02	3.195185e+00	-1.444611e-01
1.515477320265357e-02	3.195188e+00	-1.444644e-01
1.516477320265357e-02	3.195185e+00	-1.444678e-01
1.517477320265357e-02	3.195188e+00	-1.444711e-01
1.518477320265357e-02	3.195185e+00	-1.444743e-01
1.519477320265357e-02	3.195188e+00	-1.444775e-01
1.520477320265357e-02	3.195184e+00	-1.444807e-01
1.521477320265357e-02	3.195187e+00	-1.444838e-01
1.522477320265357e-02	3.195184e+00	-1.444869e-01
1.523477320265357e-02	3.195187e+00	-1.444899e-01
1.524477320265357e-02	3.195184e+00	-1.444929e-01
1.525477320265357e-02	3.195187e+00	-1.444958e-01
1.526477320265357e-02	3.195184e+00	-1.444987e-01
1.527477320265357e-02	3.195187e+00	-1.445016e-01
1.528477320265357e-02	3.195184e+00	-1.445044e-01
1.529477320265357e-02	3.195186e+00	-1.445072e-01
1.530477320265357e-02	3.195183e+00	-1.445100e-01
1.531477320265357e-02	3.195186e+00	-1.445126e-01
1.532477320265357e-02	3.195184e+00	-1.445153e-01
1.533477320265357e-02	3.195186e+00	-1.445179e-01
1.534477320265357e-02	3.195183e+00	-1.445206e-01
1.535477320265357e-02	3.195186e+00	-1.445231e-01
1.536477320265357e-02	3.195183e+00	-1.445257e-01
1.537477320265357e-02	3.195186e+00	-1.445282e-01
1.538477320265357e-02	3.195183e+00	-1.445307e-01
1.539477320265357e-02	3.195185e+00	-1.445331e-01
1.540477320265357e-02	3.195183e+00	-1.445355e-01
1.541477320265357e-02	3.195186e+00	-1.445378e-01
1.542477320265357e-02	3.195183e+00	-1.445402e-01
1.543477320265357e-02	3.195186e+00	-1.445425e-01
1.544477320265357e-02	3.195183e+00	-1.445448e-01
1.545477320265357e-02	3.195185e+00	-1.445470e-01
1.546477320265357e-02	3.195182e+00	-1.445492e-01
1.547477320265357e-02	3.195185e+00	-1.445514e-01
1.548477320265357e-02	3.195182e+00	-1.445536e-01
1.549477320265357e-02	3.195185e+00	-1.445556e-01
1.550477320265357e-02	3.195182e+00	-1.445578e-01
1.551477320265357e-02	3.195185e+00	-1.445598e-01
1.552477320265357e-02	3.195182e+00	-1.445619e-01
1.553477320265357e-02	3.195185e+00	-1.445639e-01
1.554477320265357e-02	3.195182e+00	-1.445659e-01
1.555477320265357e-02	3.195184e+00	-1.445678e-01
1.556477320265357e-02	3.195182e+00	-1.445698e-01
1.557477320265357e-02	3.195184e+00	-1.445716e-01
1.558477320265357e-02	3.195182e+00	-1.445735e-01
1.559477320265357e-02	3.195184e+00	-1.445754e-01
1.560477320265357e-02	3.195182e+00	-1.445772e-01
1.561477320265357e-02	3.195184e+00	-1.445790e-01
1.562477320265357e-02	3.195181e+00	-1.445808e-01
1.563477320265357e-02	3.195184e+00	-1.445825e-01
1.564477320265357e-02	3.195181e+00	-1.445843e-01
1.565477320265357e-02	3.195184e+00	-1.445860e-01
1.566477320265357e-02	3.195181e+00	-1.445877e-01
1.567477320265357e-02	3.195184e+00	-1.445893e-01
1.568477320265357e-02	3.195181e+00	-1.445910e-01
1.569477320265357e-02	3.195184e+00	-1.445926e-01
1.570477320265357e-02	3.195181e+00	-1.445942e-01
1.571477320265357e-02	3.195183e+00	-1.445957e-01
1.572477320265357e-02	3.195181e+00	-1.445973e-01
1.573477320265357e-02	3.195184e+00	-1.445988e-01
1.574477320265357e-02	3.195181e+00	-1.446004e-01
1.575477320265357e-02	3.195183e+00	-1.446018e-01
1.576477320265357e-02	3.195180e+00	-1.446033e-01
1.577477320265357e-02	3.195183e+00	-1.446048e-01
1.578477320265357e-02	3.195180e+00	-1.446062e-01
1.579477320265357e-02	3.195183e+00	-1.446076e-01
1.580477320265357e-02	3.195181e+00	-1.446090e-01
1.581477320265357e-02	3.195183e+00	-1.446104e-01
1.582477320265357e-02	3.195180e+00	-1.446118e-01
1.583477320265357e-02	3.195183e+00	-1.446131e-01
1.584477320265357e-02	3.195180e+00	-1.446144e-01
1.585477320265357e-02	3.195183e+00	-1.446157e-01
1.586477320265357e-02	3.195180e+00	-1.446170e-01
1.587477320265357e-02	3.195183e+00	-1.446183e-01
1.588477320265357e-02	3.195180e+00	-1.446195e-01
1.589477320265357e-02	3.195183e+00	-1.446207e-01
1.590477320265357e-02	3.195180e+00	-1.446220e-01
1.591477320265357e-02	3.195183e+00	-1.446232e-01
1.592477320265357e-02	3.195180e+00	-1.446244e-01
1.593477320265357e-02	3.195182e+00	-1.446255e-01
1.594477320265357e-02	3.195180e+00	-1.446267e-01
1.595477320265357e-02	3.195182e+00	-1.446278e-01
1.596477320265357e-02	3.195180e+00	-1.446290e-01
1.597477320265357e-02	3.195182e+00	-1.446300e-01
1.598477320265357e-02	3.195180e+00	-1.446312e-01
1.599477320265357e-02	3.195182e+00	-1.446322e-01
1.600477320265357e-02	3.195179e+00	-1.446333e-01
1.601477320265357e-02	3.195182e+00	-1.446343e-01
1.602477320265357e-02	3.195179e+00	-1.446354e-01
1.603477320265357e-02	3.195182e+00	-1.446364e-01
1.604477320265357e-02	3.195179e+00	-1.446374e-01
1.605477320265357e-02	3.195182e+00	-1.446384e-01
1.606477320265357e-02	3.195179e+00	-1.446394e-01
1.607477320265357e-02	3.195182e+00	-1.446403e-01
1.608477320265357e-02	3.195179e+00	-1.446413e-01
1.609477320265357e-02	3.195182e+00	-1.446422e-01
1.610477320265357e-02	3.195180e+00	-1.446432e-01
1.611477320265357e-02	3.195182e+00	-1.446441e-01
1.612477320265357e-02	3.195180e+00	-1.446450e-01
1.613477320265357e-02	3.195182e+00	-1.446459e-01
1.614477320265357e-02	3.195179e+00	-1.446468e-01
1.615477320265357e-02	3.195182e+00	-1.446476e-01
1.616477320265357e-02	3.195179e+00	-1.446485e-01
1.617477320265357e-02	3.195182e+00	-1.446493e-01
1.618477320265357e-02	3.195179e+00	-1.446502e-01
1.619477320265357e-02	3.195182e+00	-1.446510e-01
1.620477320265357e-02	3.195179e+00	-1.446518e-01
1.621477320265357e-02	3.195182e+00	-1.446526e-01
1.622477320265357e-02	3.195179e+00	-1.446534e-01
1.623477320265357e-02	3.195182e+00	-1.446541e-01
1.624477320265357e-02	3.195179e+00	-1.446549e-01
1.625477320265357e-02	3.195182e+00	-1.446557e-01
1.626477320265357e-02	3.195179e+00	-1.446565e-01
1.627477320265357e-02	3.195182e+00	-1.446572e-01
1.628477320265357e-02	3.195179e+00	-1.446579e-01
1.629477320265357e-02	3.195181e+00	-1.446586e-01
1.630477320265357e-02	3.195179e+00	-1.446594e-01
1.631477320265357e-02	3.195181e+00	-1.446600e-01
1.632477320265357e-02	3.195179e+00	-1.446607e-01
1.633477320265357e-02	3.195181e+00	-1.446614e-01
1.634477320265357e-02	3.195179e+00	-1.446621e-01
1.635477320265357e-02	3.195181e+00	-1.446627e-01
1.636477320265357e-02	3.195179e+00	-1.446634e-01
1.637477320265357e-02	3.195181e+00	-1.446640e-01
1.638477320265357e-02	3.195179e+00	-1.446647e-01
1.639477320265357e-02	3.195181e+00	-1.446653e-01
1.640477320265357e-02	3.195179e+00	-1.446659e-01
1.641477320265357e-02	3.195181e+00	-1.446665e-01
1.642477320265357e-02	3.195179e+00	-1.446671e-01
1.643477320265357e-02	3.195181e+00	-1.446677e-01
1.644477320265357e-02	3.195178e+00	-1.446683e-01
1.645477320265357e-02	3.195181e+00	-1.446689e-01
1.646477320265357e-02	3.195179e+00	-1.446695e-01
1.647477320265357e-02	3.195181e+00	-1.446700e-01
1.648477320265357e-02	3.195178e+00	-1.446706e-01
1.649477320265357e-02	3.195181e+00	-1.446711e-01
1.650477320265357e-02	3.195179e+00	-1.446717e-01
1.651477320265357e-02	3.195181e+00	-1.446722e-01
1.652477320265357e-02	3.195178e+00	-1.446728e-01
1.653477320265357e-02	3.195181e+00	-1.446732e-01
1.654477320265357e-02	3.195178e+00	-1.446738e-01
1.655477320265357e-02	3.195181e+00	-1.446743e-01
1.656477320265357e-02	3.195178e+00	-1.446748e-01
1.657477320265357e-02	3.195181e+00	-1.446753e-01
1.658477320265357e-02	3.195178e+00	-1.446758e-01
1.659477320265357e-02	3.195181e+00	-1.446762e-01
1.660477320265357e-02	3.195179e+00	-1.446767e-01
1.661477320265357e-02	3.195181e+00	-1.446772e-01
1.662477320265357e-02	3.195178e+00	-1.446777e-01
1.663477320265357e-02	3.195181e+00	-1.446781e-01
1.664477320265357e-02	3.195178e+00	-1.446786e-01
1.665477320265357e-02	3.195181e+00	-1.446790e-01
1.666477320265357e-02	3.195178e+00	-1.446794e-01
1.667477320265357e-02	3.195181e+00	-1.446798e-01
1.668477320265357e-02	3.195179e+00	-1.446803e-01
1.669477320265357e-02	3.195181e+00	-1.446807e-01
1.670477320265357e-02	3.195178e+00	-1.446811e-01
1.671477320265357e-02	3.195181e+00	-1.446815e-01
1.672477320265357e-02	3.195178e+00	-1.446819e-01
1.673477320265357e-02	3.195181e+00	-1.446823e-01
1.674477320265357e-02	3.195179e+00	-1.446827e-01
1.675477320265357e-02	3.195181e+00	-1.446831e-01
1.676477320265357e-02	3.195178e+00	-1.446835e-01
1.677477320265357e-02	3.195181e+00	-1.446838e-01
1.678477320265357e-02	3.195178e+00	-1.446842e-01
1.679477320265357e-02	3.195181e+00	-1.446846e-01
1.680477320265357e-02	3.195178e+00	-1.446850e-01
1.681477320265357e-02	3.195181e+00	-1.446853e-01
1.682477320265357e-02	3.195178e+00	-1.446857e-01
1.683477320265357e-02	3.195180e+00	-1.446860e-01
1.684477320265357e-02	3.195178e+00	-1.446864e-01
1.685477320265357e-02	3.195180e+00	-1.446867e-01
1.686477320265357e-02	3.195178e+00	-1.446870e-01
1.687477320265357e-02	3.195181e+00	-1.446873e-01
1.688477320265357e-02	3.195178e+00	-1.446877e-01
1.689477320265357e-02	3.195180e+00	-1.446880e-01
1.690477320265357e-02	3.195178e+00	-1.446883e-01
1.691477320265357e-02	3.195181e+00	-1.446886e-01
1.692477320265357e-02	3.195178e+00	-1.446889e-01
1.693477320265357e-02	3.195181e+00	-1.446892e-01
1.694477320265357e-02	3.195178e+00	-1.446895e-01
1.695477320265357e-02	3.195180e+00	-1.446898e-01
1.696477320265357e-02	3.195178e+00	-1.446901e-01
1.697477320265357e-02	3.195180e+00	-1.446904e-01
1.698477320265357e-02	3.195178e+00	-1.446907e-01
1.699477320265357e-02	3.195180e+00	-1.446910e-01
1.700477320265357e-02	3.195178e+00	-1.446913e-01
1.701477320265357e-02	3.195180e+00	-1.446915e-01
1.702477320265357e-02	3.195178e+00	-1.446918e-01
1.703477320265357e-02	3.195181e+00	-1.446920e-01
1.704477320265357e-02	3.195178e+00	-1.446923e-01
1.705477320265357e-02	3.195181e+00	-1.446926e-01
1.706477320265357e-02	3.195178e+00	-1.446929e-01
1.707477320265357e-02	3.195180e+00	-1.446931e-01
1.708477320265357e-02	3.195178e+00	-1.446933e-01
1.709477320265357e-02	3.195181e+00	-1.446936e-01
1.710477320265357e-02	3.195178e+00	-1.446938e-01
1.711477320265357e-02	3.195180e+00	-1.446940e-01
1.712477320265357e-02	3.195178e+00	-1.446943e-01
1.713477320265357e-02	3.195180e+00	-1.446945e-01
1.714477320265357e-02	3.195178e+00	-1.446948e-01
1.715477320265357e-02	3.195180e+00	-1.446950e-01
1.716477320265357e-02	3.195178e+00	-1.446952e-01
1.717477320265357e-02	3.195180e+00	-1.446954e-01
1.718477320265357e-02	3.195178e+00	-1.446957e-01
1.719477320265357e-02	3.195180e+00	-1.446958e-01
1.720477320265357e-02	3.195178e+00	-1.446961e-01
1.721477320265357e-02	3.195180e+00	-1.446963e-01
1.722477320265357e-02	3.195178e+00	-1.446965e-01
1.723477320265357e-02	3.195180e+00	-1.446967e-01
1.724477320265357e-02	3.195178e+00	-1.446969e-01
1.725477320265357e-02	3.195180e+00	-1.446971e-01
1.726477320265357e-02	3.195178e+00	-1.446973e-01
1.727477320265357e-02	3.195180e+00	-1.446974e-01
1.728477320265357e-02	3.195178e+00	-1.446977e-01
1.729477320265357e-02	3.195180e+00	-1.446978e-01
1.730477320265357e-02	3.195178e+00	-1.446980e-01
1.731477320265357e-02	3.195180e+00	-1.446982e-01
1.732477320265357e-02	3.195177e+00	-1.446984e-01
1.733477320265357e-02	3.195180e+00	-1.446985e-01
1.734477320265357e-02	3.195178e+00	-1.446988e-01
1.735477320265357e-02	3.195180e+00	-1.446989e-01
1.736477320265357e-02	3.195178e+00	-1.446991e-01
1.737477320265357e-02	3.195180e+00	-1.446992e-01
1.738477320265357e-02	3.195178e+00	-1.446994e-01
1.739477320265357e-02	3.195180e+00	-1.446996e-01
1.740477320265357e-02	3.195178e+00	-1.446998e-01
1.741477320265357e-02	3.195180e+00	-1.446999e-01
1.742477320265357e-02	3.195178e+00	-1.447001e-01
1.743477320265357e-02	3.195180e+00	-1.447002e-01
1.744477320265357e-02	3.195178e+00	-1.447004e-01
1.745477320265357e-02	3.195180e+00	-1.447005e-01
1.746477320265357e-02	3.195178e+00	-1.447007e-01
1.747477320265357e-02	3.195180e+00	-1.447008e-01
1.748477320265357e-02	3.195178e+00	-1.447010e-01
1.749477320265357e-02	3.195180e+00	-1.447011e-01
1.750477320265357e-02	3.195178e+00	-1.447013e-01
1.751477320265357e-02	3.195180e+00	-1.447014e-01
1.752477320265357e-02	3.195178e+00	-1.447015e-01
1.753477320265357e-02	3.195180e+00	-1.447016e-01
1.754477320265357e-02	3.195178e+00	-1.447018e-01
1.755477320265357e-02	3.195180e+00	-1.447019e-01
1.756477320265357e-02	3.195178e+00	-1.447021e-01
1.757477320265357e-02	3.195180e+00	-1.447022e-01
1.758477320265357e-02	3.195178e+00	-1.447023e-01
1.759477320265357e-02	3.195180e+00	-1.447024e-01
1.760477320265357e-02	3.195177e+00	-1.447026e-01
1.761477320265357e-02	3.195180e+00	-1.447027e-01
1.762477320265357e-02	3.195178e+00	-1.447028e-01
1.763477320265357e-02	3.195180e+00	-1.447029e-01
1.764477320265357e-02	3.195178e+00	-1.447030e-01
1.765477320265357e-02	3.195180e+00	-1.447031e-01
1.766477320265357e-02	3.195178e+00	-1.447033e-01
1.767477320265357e-02	3.195180e+00	-1.447034e-01
1.768477320265357e-02	3.195178e+00	-1.447035e-01
1.769477320265357e-02	3.195180e+00	-1.447036e-01
1.770477320265357e-02	3.195178e+00	-1.447037e-01
1.771477320265357e-02	3.195180e+00	-1.447038e-01
1.772477320265357e-02	3.195178e+00	-1.447039e-01
1.773477320265357e-02	3.195180e+00	-1.447040e-01
1.774477320265357e-02	3.195177e+00	-1.447041e-01
1.775477320265357e-02	3.195180e+00	-1.447042e-01
1.776477320265357e-02	3.195178e+00	-1.447043e-01
1.777477320265357e-02	3.195180e+00	-1.447044e-01
1.778477320265357e-02	3.195178e+00	-1.447045e-01
1.779477320265357e-02	3.195180e+00	-1.447046e-01
1.780477320265357e-02	3.195178e+00	-1.447047e-01
1.781477320265357e-02	3.195180e+00	-1.447048e-01
1.782477320265357e-02	3.195178e+00	-1.447049e-01
1.783477320265357e-02	3.195180e+00	-1.447050e-01
1.784477320265357e-02	3.195178e+00	-1.447051e-01
1.785477320265357e-02	3.195180e+00	-1.447051e-01
1.786477320265357e-02	3.195178e+00	-1.447053e-01
1.787477320265357e-02	3.195180e+00	-1.447053e-01
1.788477320265357e-02	3.195178e+00	-1.447054e-01
1.789477320265357e-02	3.195180e+00	-1.447055e-01
1.790477320265357e-02	3.195178e+00	-1.447056e-01
1.791477320265357e-02	3.195180e+00	-1.447057e-01
1.792477320265357e-02	3.195178e+00	-1.447058e-01
1.793477320265357e-02	3.195180e+00	-1.447058e-01
1.794477320265357e-02	3.195178e+00	-1.447059e-01
1.795477320265357e-02	3.195180e+00	-1.447060e-01
1.796477320265357e-02	3.195177e+00	-1.447061e-01
1.797477320265357e-02	3.195180e+00	-1.447061e-01
1.798477320265357e-02	3.195178e+00	-1.447062e-01
1.799477320265357e-02	3.195180e+00	-1.447063e-01
1.800477320265357e-02	3.195178e+00	-1.447064e-01
1.801477320265357e-02	3.195180e+00	-1.447064e-01
1.802477320265357e-02	3.195177e+00	-1.447065e-01
1.803477320265357e-02	3.195180e+00	-1.447065e-01
1.804477320265357e-02	3.195178e+00	-1.447067e-01
1.805477320265357e-02	3.195180e+00	-1.447067e-01
1.806477320265357e-02	3.195177e+00	-1.447068e-01
1.807477320265357e-02	3.195180e+00	-1.447068e-01
1.808477320265357e-02	3.195177e+00	-1.447069e-01
1.809477320265357e-02	3.195180e+00	-1.447069e-01
1.810477320265357e-02	3.195177e+00	-1.447070e-01
1.811477320265357e-02	3.195180e+00	-1.447071e-01
1.812477320265357e-02	3.195178e+00	-1.447072e-01
1.813477320265357e-02	3.195180e+00	-1.447072e-01
1.814477320265357e-02	3.195177e+00	-1.447073e-01
1.815477320265357e-02	3.195180e+00	-1.447073e-01
1.816477320265357e-02	3.195178e+00	-1.447074e-01
1.817477320265357e-02	3.195180e+00	-1.447074e-01
1.818477320265357e-02	3.195178e+00	-1.447075e-01
1.819477320265357e-02	3.195180e+00	-1.447075e-01
1.820477320265357e-02	3.195178e+00	-1.447076e-01
1.821477320265357e-02	3.195180e+00	-1.447076e-01
1.822477320265357e-02	3.195177e+00	-1.447077e-01
1.823477320265357e-02	3.195180e+00	-1.447078e-01
1.824477320265357e-02	3.195178e+00	-1.447078e-01
1.825477320265357e-02	3.195180e+00	-1.447079e-01
1.826477320265357e-02	3.195177e+00	-1.447079e-01
1.827477320265357e-02	3.195180e+00	-1.447080e-01
1.828477320265357e-02	3.195178e+00	-1.447081e-01
1.829477320265357e-02	3.195180e+00	-1.447081e-01
1.830477320265357e-02	3.195178e+00	-1.447081e-01
1.831477320265357e-02	3.195180e+00	-1.447082e-01
1.832477320265357e-02	3.195178e+00	-1.447082e-01
1.833477320265357e-02	3.195180e+00	-1.447083e-01
1.834477320265357e-02	3.195177e+00	-1.447083e-01
1.835477320265357e-02	3.195180e+00	-1.447084e-01
1.836477320265357e-02	3.195178e+00	-1.447084e-01
1.837477320265357e-02	3.195180e+00	-1.447084e-01
1.838477320265357e-02	3.195177e+00	-1.447085e-01
1.839477320265357e-02	3.195180e+00	-1.447085e-01
1.840477320265357e-02	3.195178e+00	-1.447086e-01
1.841477320265357e-02	3.195180e+00	-1.447086e-01
1.842477320265357e-02	3.195178e+00	-1.447087e-01
1.843477320265357e-02	3.195180e+00	-1.447087e-01
1.844477320265357e-02	3.195178e+00	-1.447088e-01
1.845477320265357e-02	3.195180e+00	-1.447088e-01
1.846477320265357e-02	3.195178e+00	-1.447088e-01
1.847477320265357e-02	3.195180e+00	-1.447088e-01
1.848477320265357e-02	3.195177e+00	-1.447089e-01
1.849477320265357e-02	3.195179e+00	-1.447089e-01
1.850477320265357e-02	3.195178e+00	-1.447090e-01
1.851477320265357e-02	3.195180e+00	-1.447090e-01
1.852477320265357e-02	3.195177e+00	-1.447091e-01
1.853477320265357e-02	3.195179e+00	-1.447091e-01
1.854477320265357e-02	3.195178e+00	-1.447091e-01
1.855477320265357e-02	3.195180e+00	-1.447091e-01
1.856477320265357e-02	3.195177e+00	-1.447092e-01
1.857477320265357e-02	3.195180e+00	-1.447092e-01
1.858477320265357e-02	3.195177e+00	-1.447093e-01
1.859477320265357e-02	3.195180e+00	-1.447093e-01
1.860477320265357e-02	3.195177e+00	-1.447093e-01
1.861477320265357e-02	3.195180e+00	-1.447093e-01
1.862477320265357e-02	3.195177e+00	-1.447094e-01
1.863477320265357e-02	3.195180e+00	-1.447094e-01
1.864477320265357e-02	3.195177e+00	-1.447095e-01
1.865477320265357e-02	3.195180e+00	-1.447095e-01
1.866477320265357e-02	3.195178e+00	-1.447095e-01
1.867477320265357e-02	3.195180e+00	-1.447095e-01
1.868477320265357e-02	3.195178e+00	-1.447096e-01
1.869477320265357e-02	3.195180e+00	-1.447096e-01
1.870477320265357e-02	3.195177e+00	-1.447096e-01
1.871477320265357e-02	3.195180e+00	-1.447096e-01
1.872477320265357e-02	3.195178e+00	-1.447097e-01
1.873477320265357e-02	3.195180e+00	-1.447097e-01
1.874477320265357e-02	3.195178e+00	-1.447098e-01
1.875477320265357e-02	3.195179e+00	-1.447097e-01
1.876477320265357e-02	3.195177e+00	-1.447098e-01
1.877477320265357e-02	3.195180e+00	-1.447098e-01
1.878477320265357e-02	3.195178e+00	-1.447099e-01
1.879477320265357e-02	3.195180e+00	-1.447098e-01
1.880477320265357e-02	3.195178e+00	-1.447099e-01
1.881477320265357e-02	3.195180e+00	-1.447099e-01
1.882477320265357e-02	3.195178e+00	-1.447100e-01
1.883477320265357e-02	3.195180e+00	-1.447099e-01
1.884477320265357e-02	3.195178e+00	-1.447100e-01
1.885477320265357e-02	3.195180e+00	-1.447100e-01
1.886477320265357e-02	3.195177e+00	-1.447100e-01
1.887477320265357e-02	3.195180e+00	-1.447100e-01
1.888477320265357e-02	3.195177e+00	-1.447101e-01
1.889477320265357e-02	3.195179e+00	-1.447101e-01
1.890477320265357e-02	3.195178e+00	-1.447101e-01
1.891477320265357e-02	3.195180e+00	-1.447101e-01
1.892477320265357e-02	3.195178e+00	-1.447102e-01
1.893477320265357e-02	3.195180e+00	-1.447102e-01
1.894477320265357e-02	3.195177e+00	-1.447102e-01
1.895477320265357e-02	3.195179e+00	-1.447102e-01
1.896477320265357e-02	3.195178e+00	-1.447103e-01
1.897477320265357e-02	3.195180e+00	-1.447102e-01
1.898477320265357e-02	3.195177e+00	-1.447103e-01
1.899477320265357e-02	3.195180e+00	-1.447103e-01
1.900477320265357e-02	3.195178e+00	-1.447103e-01
1.901477320265357e-02	3.195180e+00	-1.447103e-01
1.902477320265357e-02	3.195178e+00	-1.447104e-01
1.903477320265357e-02	3.195180e+00	-1.447104e-01
1.904477320265357e-02	3.195177e+00	-1.447104e-01
1.905477320265357e-02	3.195180e+00	-1.447104e-01
1.906477320265357e-02	3.195177e+00	-1.447105e-01
1.907477320265357e-02	3.195179e+00	-1.447104e-01
1.908477320265357e-02	3.195177e+00	-1.447105e-01
1.909477320265357e-02	3.195179e+00	-1.447105e-01
1.910477320265357e-02	3.195177e+00	-1.447105e-01
1.911477320265357e-02	3.195180e+00	-1.447105e-01
1.912477320265357e-02	3.195177e+00	-1.447105e-01
1.913477320265357e-02	3.195180e+00	-1.447105e-01
1.914477320265357e-02	3.195177e+00	-1.447106e-01
1.915477320265357e-02	3.195179e+00	-1.447106e-01
1.916477320265357e-02	3.195177e+00	-1.447106e-01
1.917477320265357e-02	3.195179e+00	-1.447106e-01
1.918477320265357e-02	3.195177e+00	-1.447106e-01
1.919477320265357e-02	3.195180e+00	-1.447106e-01
1.920477320265357e-02	3.195177e+00	-1.447107e-01
1.921477320265357e-02	3.195180e+00	-1.447106e-01
1.922477320265357e-02	3.195178e+00	-1.447107e-01
1.923477320265357e-02	3.195180e+00	-1.447107e-01
1.924477320265357e-02	3.195178e+00	-1.447107e-01
1.925477320265357e-02	3.195179e+00	-1.447107e-01
1.926477320265357e-02	3.195177e+00	-1.447107e-01
1.927477320265357e-02	3.195180e+00	-1.447107e-01
1.928477320265357e-02	3.195177e+00	-1.447108e-01
1.929477320265357e-02	3.195180e+00	-1.447108e-01
1.930477320265357e-02	3.195178e+00	-1.447108e-01
1.931477320265357e-02	3.195179e+00	-1.447108e-01
1.932477320265357e-02	3.195177e+00	-1.447108e-01
1.933477320265357e-02	3.195180e+00	-1.447108e-01
1.934477320265357e-02	3.195178e+00	-1.447109e-01
1.935477320265357e-02	3.195179e+00	-1.447108e-01
1.936477320265357e-02	3.195177e+00	-1.447109e-01
1.937477320265357e-02	3.195180e+00	-1.447109e-01
1.938477320265357e-02	3.195178e+00	-1.447109e-01
1.939477320265357e-02	3.195179e+00	-1.447109e-01
1.940477320265357e-02	3.195177e+00	-1.447109e-01
1.941477320265357e-02	3.195180e+00	-1.447109e-01
1.942477320265357e-02	3.195177e+00	-1.447109e-01
1.943477320265357e-02	3.195180e+00	-1.447109e-01
1.944477320265357e-02	3.195178e+00	-1.447110e-01
1.945477320265357e-02	3.195179e+00	-1.447109e-01
1.946477320265357e-02	3.195177e+00	-1.447110e-01
1.947477320265357e-02	3.195180e+00	-1.447110e-01
1.948477320265357e-02	3.195177e+00	-1.447110e-01
1.949477320265357e-02	3.195180e+00	-1.447110e-01
1.950477320265357e-02	3.195177e+00	-1.447110e-01
1.951477320265357e-02	3.195180e+00	-1.447110e-01
1.952477320265357e-02	3.195178e+00	-1.447110e-01
1.953477320265357e-02	3.195179e+00	-1.447110e-01
1.954477320265357e-02	3.195178e+00	-1.447111e-01
1.955477320265357e-02	3.195179e+00	-1.447110e-01
1.956477320265357e-02	3.195177e+00	-1.447111e-01
1.957477320265357e-02	3.195180e+00	-1.447111e-01
1.958477320265357e-02	3.195177e+00	-1.447111e-01
1.959477320265357e-02	3.195180e+00	-1.447111e-01
1.960477320265357e-02	3.195177e+00	-1.447111e-01
1.961477320265357e-02	3.195180e+00	-1.447111e-01
1.962477320265357e-02	3.195177e+00	-1.447111e-01
1.963477320265357e-02	3.195180e+00	-1.447111e-01
1.964477320265357e-02	3.195177e+00	-1.447112e-01
1.965477320265357e-02	3.195180e+00	-1.447111e-01
1.966477320265357e-02	3.195177e+00	-1.447112e-01
1.967477320265357e-02	3.195180e+00	-1.447111e-01
1.968477320265357e-02	3.195177e+00	-1.447112e-01
1.969477320265357e-02	3.195180e+00	-1.447112e-01
1.970477320265357e-02	3.195177e+00	-1.447112e-01
1.971477320265357e-02	3.195180e+00	-1.447112e-01
1.972477320265357e-02	3.195177e+00	-1.447112e-01
1.973477320265357e-02	3.195180e+00	-1.447112e-01
1.974477320265357e-02	3.195178e+00	-1.447112e-01
1.975477320265357e-02	3.195179e+00	-1.447112e-01
1.976477320265357e-02	3.195178e+00	-1.447112e-01
1.977477320265357e-02	3.195179e+00	-1.447112e-01
1.978477320265357e-02	3.195178e+00	-1.447113e-01
1.979477320265357e-02	3.195180e+00	-1.447112e-01
1.980477320265357e-02	3.195177e+00	-1.447113e-01
1.981477320265357e-02	3.195180e+00	-1.447112e-01
1.982477320265357e-02	3.195177e+00	-1.447113e-01
1.983477320265357e-02	3.195180e+00	-1.447113e-01
1.984477320265357e-02	3.195177e+00	-1.447113e-01
1.985477320265357e-02	3.195180e+00	-1.447113e-01
1.986477320265357e-02	3.195178e+00	-1.447113e-01
1.987477320265357e-02	3.195179e+00	-1.447113e-01
1.988477320265357e-02	3.195178e+00	-1.447113e-01
1.989477320265357e-02	3.195180e+00	-1.447113e-01
1.990477320265357e-02	3.195177e+00	-1.447113e-01
1.991477320265357e-02	3.195180e+00	-1.447113e-01
1.992477320265357e-02	3.195177e+00	-1.447113e-01
1.993477320265357e-02	3.195179e+00	-1.447113e-01
1.994477320265357e-02	3.195178e+00	-1.447114e-01
1.995477320265357e-02	3.195180e+00	-1.447113e-01
1.996477320265357e-02	3.195177e+00	-1.447114e-01
1.997477320265357e-02	3.195180e+00	-1.447113e-01
1.998477320265357e-02	3.195177e+00	-1.447114e-01
1.999477320265357e-02	3.195179e+00	-1.447113e-01
2.000000000000000e-02	3.195177e+00	-1.447114e-01
