time	V(out_pos,out_neg)	I(R1)	I(Vcell12)
Step Information: Rtierra=1K  (Step: 1/3)
0.000000000000000e+00	5.245209e-06	1.405748e-11	-2.599973e-07
9.999999439624929e-11	5.245209e-06	-5.596029e-09	-2.543136e-07
1.999999887924986e-10	5.245209e-06	-1.104058e-08	-2.489678e-07
1.599999910339989e-09	5.483627e-06	-8.567617e-08	-1.759811e-07
3.199999820679977e-09	5.483627e-06	-1.699517e-07	-9.654669e-08
6.399999641359955e-09	6.198883e-06	-3.352909e-07	5.206430e-08
1.279999928271991e-08	7.629395e-06	-6.535429e-07	3.201868e-07
2.559999856543982e-08	1.120567e-05	-1.245738e-06	7.887220e-07
4.834918671724490e-08	1.764297e-05	-2.139913e-06	1.500157e-06
7.276194635234191e-08	2.264977e-05	-2.642283e-06	1.967018e-06
8.562840204968307e-08	2.241135e-05	-2.248057e-06	1.543411e-06
9.496503393523153e-08	1.883507e-05	-1.282588e-06	5.876064e-07
1.057460384973583e-07	1.049042e-05	3.294789e-07	-8.138399e-07
1.182421696756060e-07	-1.668930e-06	2.307705e-06	-2.373011e-06
1.338192289683046e-07	-1.740456e-05	4.631491e-06	-4.156636e-06
1.610441589058304e-07	-4.220009e-05	8.215525e-06	-6.918197e-06
1.908857620781046e-07	-6.389618e-05	1.129629e-05	-9.305374e-06
2.295104629377914e-07	-8.201599e-05	1.377654e-05	-1.119281e-05
2.724775593542902e-07	-9.083748e-05	1.495838e-05	-1.182130e-05
3.222699151696864e-07	-9.346008e-05	1.529225e-05	-1.188351e-05
3.812899971184478e-07	-9.369850e-05	1.535787e-05	-1.186752e-05
4.814230846731678e-07	-9.393692e-05	1.538835e-05	-1.181555e-05
6.590405667957946e-07	-9.369850e-05	1.540094e-05	-1.171885e-05
8.486658748966618e-07	-9.369850e-05	1.539717e-05	-1.163591e-05
1.063025535002199e-06	-9.346008e-05	1.538447e-05	-1.156332e-05
1.333878438585441e-06	-9.346008e-05	1.536392e-05	-1.149712e-05
1.640340711168272e-06	-9.322166e-05	1.533804e-05	-1.144305e-05
2.013600783430595e-06	-9.298325e-05	1.530471e-05	-1.139594e-05
2.450617021767919e-06	-9.298325e-05	1.526453e-05	-1.135338e-05
3.013662538289538e-06	-9.274483e-05	1.521196e-05	-1.130877e-05
3.750264597732052e-06	-9.226799e-05	1.514279e-05	-1.125611e-05
4.955603026856805e-06	-9.179115e-05	1.502986e-05	-1.117545e-05
6.099699414827018e-06	-9.155273e-05	1.492377e-05	-1.110140e-05
7.514577055750626e-06	-9.107590e-05	1.479508e-05	-1.101938e-05
9.000976087905377e-06	-9.059906e-05	1.466453e-05	-1.098603e-05
1.057411985223565e-05	-9.059906e-05	1.453516e-05	-1.127336e-05
1.178894520181010e-05	-9.179115e-05	1.444619e-05	-1.211919e-05
1.286661152748729e-05	-9.346008e-05	1.437922e-05	-1.347539e-05
1.420925115641586e-05	-9.608269e-05	1.430845e-05	-1.555310e-05
1.560091530412166e-05	-9.942055e-05	1.424437e-05	-1.775573e-05
1.714688473513960e-05	-1.029968e-04	1.418034e-05	-2.003974e-05
1.877751718232370e-05	-1.058578e-04	1.411744e-05	-2.213700e-05
2.077218149015166e-05	-1.084805e-04	1.404336e-05	-2.413029e-05
2.324472870424218e-05	-1.106262e-04	1.395175e-05	-2.588390e-05
2.535982159986944e-05	-1.113415e-04	1.387073e-05	-2.669618e-05
2.736339617172220e-05	-1.108646e-04	1.379036e-05	-2.659179e-05
2.958964462527993e-05	-1.094341e-04	1.369864e-05	-2.606038e-05
3.139072803437019e-05	-1.075268e-04	1.362365e-05	-2.558261e-05
3.396445523960718e-05	-1.053810e-04	1.351616e-05	-2.491497e-05
3.727634051461900e-05	-1.010895e-04	1.337957e-05	-2.412491e-05
4.218414902983123e-05	-9.131432e-05	1.318643e-05	-2.313145e-05
4.878148118608537e-05	-6.890297e-05	1.295051e-05	-2.233739e-05
5.352956270530790e-05	-4.553795e-05	1.280843e-05	-2.223934e-05
5.833865770392739e-05	-2.384186e-06	1.268979e-05	-2.232745e-05
5.965685123769498e-05	4.785061e-04	1.261359e-05	-2.481401e-05
6.026820027213087e-05	1.082420e-03	1.249705e-05	-1.079499e-04
6.068569043800568e-05	1.420498e-03	1.236687e-05	-9.591995e-05
6.088022893962399e-05	1.613617e-03	1.230639e-05	-1.117694e-04
6.109116797856326e-05	1.976013e-03	1.224599e-05	-1.287515e-04
6.133096645146384e-05	2.520323e-03	1.217982e-05	-1.509429e-04
6.177800157446859e-05	4.140139e-03	1.206673e-05	-2.209784e-04
6.241941580772262e-05	7.997751e-03	1.192376e-05	-3.946086e-04
6.311395237018309e-05	1.471925e-02	1.179390e-05	-7.208168e-04
6.383382281491284e-05	2.508545e-02	1.168587e-05	-1.230843e-03
6.465616181497788e-05	4.120064e-02	1.158990e-05	-2.027470e-03
6.564342410836458e-05	6.548977e-02	1.150184e-05	-3.241975e-03
6.669251036096248e-05	9.610939e-02	1.143136e-05	-4.772821e-03
6.805369661420159e-05	1.419632e-01	1.136723e-05	-7.026145e-03
6.984309786637221e-05	2.093606e-01	1.131408e-05	-1.043811e-02
7.106639819523702e-05	2.587323e-01	1.129070e-05	-1.295501e-02
7.180756160371928e-05	2.895663e-01	1.127895e-05	-1.450017e-02
7.229632951249498e-05	3.100812e-01	1.127115e-05	-1.552835e-02
7.265220468123173e-05	3.250904e-01	1.126546e-05	-1.627792e-02
7.295290181275948e-05	3.378108e-01	1.126064e-05	-1.691532e-02
7.323000092505437e-05	3.495593e-01	1.125620e-05	-1.750149e-02
7.352229036145128e-05	3.619733e-01	1.125151e-05	-1.812350e-02
7.383784216257156e-05	3.753915e-01	1.124644e-05	-1.879318e-02
7.414360661031357e-05	3.883996e-01	1.124153e-05	-1.944507e-02
7.446032082631655e-05	4.018638e-01	1.123646e-05	-2.011721e-02
7.477306305583440e-05	4.151232e-01	1.123147e-05	-2.078198e-02
7.509422650617609e-05	4.286602e-01	1.122638e-05	-2.145822e-02
7.541668586841013e-05	4.421017e-01	1.122133e-05	-2.213297e-02
7.575357974906930e-05	4.558759e-01	1.121616e-05	-2.282240e-02
7.610394067965533e-05	4.697425e-01	1.121096e-05	-2.352053e-02
7.649148480030172e-05	4.842963e-01	1.120551e-05	-2.425239e-02
7.693977971894746e-05	4.997935e-01	1.119968e-05	-2.503886e-02
7.754638113229793e-05	5.181735e-01	1.119268e-05	-2.598153e-02
7.863433595998176e-05	5.462377e-01	1.118164e-05	-2.739388e-02
7.975717132670252e-05	5.710571e-01	1.117128e-05	-2.861017e-02
8.099757568673832e-05	5.950606e-01	1.116040e-05	-2.980654e-02
8.281057850094326e-05	6.268921e-01	1.114448e-05	-3.140064e-02
8.559811819019036e-05	6.725202e-01	1.111932e-05	-3.367854e-02
8.867757665809192e-05	7.205114e-01	1.109054e-05	-3.606555e-02
9.196420920814709e-05	7.700399e-01	1.105889e-05	-3.853764e-02
9.547028181408543e-05	8.217087e-01	1.102451e-05	-4.111699e-02
9.956533658827807e-05	8.810781e-01	1.098402e-05	-4.408645e-02
1.043756830601018e-04	9.499075e-01	1.093647e-05	-4.752655e-02
1.102835956515935e-04	1.033478e+00	1.087844e-05	-5.170802e-02
1.176246593954581e-04	1.136213e+00	1.080714e-05	-5.684623e-02
1.273421489163709e-04	1.270836e+00	1.071409e-05	-6.358064e-02
1.373421489163709e-04	1.408065e+00	1.061975e-05	-7.043841e-02
1.473421489163709e-04	1.544072e+00	1.052678e-05	-7.723887e-02
1.573421489163709e-04	1.678968e+00	1.043502e-05	-8.398093e-02
1.673421489163709e-04	1.812830e+00	1.034436e-05	-9.067494e-02
1.773421489163709e-04	1.945715e+00	1.025471e-05	-9.731679e-02
1.873421489163709e-04	2.077662e+00	1.016601e-05	-1.039152e-01
1.973421489163709e-04	2.208704e+00	1.007820e-05	-1.104651e-01
2.073421489163709e-04	2.338870e+00	9.991260e-06	-1.169747e-01
2.173421489163709e-04	2.468188e+00	9.905166e-06	-1.234385e-01
2.273421489163709e-04	2.596679e+00	9.819904e-06	-1.298643e-01
2.373421489163709e-04	2.724284e+00	9.735089e-06	-1.362465e-01
2.473421489163708e-04	2.850447e+00	9.648043e-06	-1.425771e-01
2.573421489163709e-04	2.972671e+00	9.557852e-06	-1.487660e-01
2.611319662619012e-04	3.012434e+00	9.527275e-06	-1.507989e-01
2.632182291999749e-04	3.027520e+00	9.514726e-06	-1.514270e-01
2.647587534200039e-04	3.034949e+00	9.506144e-06	-1.517780e-01
2.658795547674471e-04	3.039344e+00	9.498796e-06	-1.519911e-01
2.670985092650331e-04	3.043464e+00	9.489896e-06	-1.521995e-01
2.687087760408092e-04	3.048173e+00	9.477060e-06	-1.524373e-01
2.714743536579167e-04	3.055096e+00	9.453330e-06	-1.527880e-01
2.744380725836495e-04	3.061383e+00	9.426341e-06	-1.530993e-01
2.783770127464330e-04	3.068431e+00	9.388832e-06	-1.534529e-01
2.825960320732950e-04	3.074819e+00	9.347350e-06	-1.537715e-01
2.889640579006197e-04	3.082947e+00	9.283136e-06	-1.541820e-01
2.959864032731150e-04	3.090469e+00	9.210896e-06	-1.545571e-01
3.057716841680767e-04	3.099172e+00	9.108681e-06	-1.549941e-01
3.157716841680766e-04	3.106591e+00	9.003295e-06	-1.553578e-01
3.257716841680767e-04	3.112792e+00	8.897594e-06	-1.556658e-01
3.357716841680766e-04	3.118050e+00	8.792174e-06	-1.559237e-01
3.457716841680767e-04	3.122559e+00	8.687486e-06	-1.561487e-01
3.557716841680766e-04	3.126460e+00	8.583872e-06	-1.563399e-01
3.657716841680767e-04	3.129862e+00	8.481601e-06	-1.565105e-01
3.757716841680766e-04	3.132852e+00	8.380886e-06	-1.566569e-01
3.857716841680767e-04	3.135496e+00	8.281881e-06	-1.567900e-01
3.957716841680766e-04	3.137847e+00	8.184699e-06	-1.569048e-01
4.057716841680767e-04	3.139950e+00	8.089422e-06	-1.570112e-01
4.157716841680766e-04	3.141840e+00	7.996108e-06	-1.571030e-01
4.257716841680767e-04	3.143545e+00	7.904792e-06	-1.571897e-01
4.357716841680766e-04	3.145089e+00	7.815497e-06	-1.572645e-01
4.457716841680767e-04	3.146494e+00	7.728231e-06	-1.573362e-01
4.557716841680766e-04	3.147777e+00	7.642991e-06	-1.573980e-01
4.657716841680767e-04	3.148951e+00	7.559769e-06	-1.574583e-01
4.757716841680766e-04	3.150033e+00	7.478454e-06	-1.575099e-01
4.857716841680767e-04	3.151087e+00	7.397626e-06	-1.575620e-01
4.957716841680767e-04	3.152204e+00	7.314818e-06	-1.576165e-01
5.057716841680766e-04	3.153389e+00	7.229341e-06	-1.576784e-01
5.157716841680766e-04	3.154580e+00	7.142370e-06	-1.577364e-01
5.257716841680766e-04	3.155728e+00	7.055140e-06	-1.577959e-01
5.357716841680767e-04	3.156808e+00	6.968545e-06	-1.578479e-01
5.457716841680766e-04	3.157808e+00	6.883219e-06	-1.578997e-01
5.557716841680766e-04	3.158727e+00	6.799609e-06	-1.579436e-01
5.657716841680766e-04	3.159567e+00	6.718029e-06	-1.579873e-01
5.757716841680767e-04	3.160331e+00	6.638696e-06	-1.580234e-01
5.857716841680766e-04	3.161026e+00	6.561754e-06	-1.580599e-01
5.957716841680766e-04	3.161657e+00	6.487290e-06	-1.580894e-01
6.057716841680766e-04	3.162231e+00	6.415351e-06	-1.581198e-01
6.157716841680767e-04	3.162752e+00	6.345947e-06	-1.581438e-01
6.257716841680766e-04	3.163226e+00	6.279065e-06	-1.581693e-01
6.357716841680766e-04	3.163658e+00	6.214674e-06	-1.581888e-01
6.457716841680766e-04	3.164052e+00	6.152727e-06	-1.582103e-01
6.557716841680767e-04	3.164410e+00	6.093165e-06	-1.582262e-01
6.657716841680766e-04	3.164738e+00	6.035925e-06	-1.582444e-01
6.757716841680766e-04	3.165038e+00	5.980935e-06	-1.582573e-01
6.857716841680766e-04	3.165312e+00	5.928121e-06	-1.582729e-01
6.957716841680767e-04	3.165563e+00	5.877408e-06	-1.582834e-01
7.057716841680766e-04	3.165793e+00	5.828716e-06	-1.582968e-01
7.157716841680766e-04	3.166005e+00	5.781970e-06	-1.583053e-01
7.257716841680766e-04	3.166199e+00	5.737093e-06	-1.583169e-01
7.357716841680767e-04	3.166378e+00	5.694008e-06	-1.583238e-01
7.457716841680766e-04	3.166542e+00	5.652641e-06	-1.583340e-01
7.557716841680766e-04	3.166694e+00	5.612922e-06	-1.583395e-01
7.657716841680766e-04	3.166833e+00	5.574780e-06	-1.583484e-01
7.757716841680767e-04	3.166962e+00	5.538146e-06	-1.583528e-01
7.857716841680766e-04	3.167080e+00	5.502955e-06	-1.583606e-01
7.957716841680766e-04	3.167190e+00	5.469146e-06	-1.583641e-01
8.057716841680766e-04	3.167291e+00	5.436657e-06	-1.583711e-01
8.157716841680767e-04	3.167385e+00	5.405432e-06	-1.583738e-01
8.257716841680766e-04	3.167472e+00	5.375413e-06	-1.583800e-01
8.357716841680766e-04	3.167552e+00	5.346548e-06	-1.583820e-01
8.457716841680766e-04	3.167626e+00	5.318788e-06	-1.583877e-01
8.557716841680766e-04	3.167694e+00	5.292082e-06	-1.583891e-01
8.657716841680766e-04	3.167758e+00	5.266385e-06	-1.583942e-01
8.757716841680766e-04	3.167817e+00	5.241653e-06	-1.583952e-01
8.857716841680766e-04	3.167872e+00	5.217844e-06	-1.583999e-01
8.957716841680766e-04	3.167922e+00	5.194919e-06	-1.584004e-01
9.057716841680766e-04	3.167969e+00	5.172838e-06	-1.584047e-01
9.157716841680766e-04	3.168013e+00	5.151567e-06	-1.584049e-01
9.257716841680766e-04	3.168054e+00	5.131069e-06	-1.584088e-01
9.357716841680766e-04	3.168091e+00	5.111314e-06	-1.584087e-01
9.457716841680766e-04	3.168126e+00	5.092268e-06	-1.584124e-01
9.557716841680766e-04	3.168158e+00	5.073903e-06	-1.584121e-01
9.657716841680766e-04	3.168189e+00	5.056190e-06	-1.584155e-01
9.757716841680766e-04	3.168217e+00	5.039102e-06	-1.584149e-01
9.857716841680767e-04	3.168243e+00	5.022614e-06	-1.584182e-01
9.957716841680767e-04	3.168267e+00	5.006700e-06	-1.584174e-01
1.005771684168076e-03	3.168289e+00	4.991338e-06	-1.584205e-01
1.015771684168077e-03	3.168310e+00	4.976506e-06	-1.584195e-01
1.025771684168077e-03	3.168330e+00	4.962182e-06	-1.584225e-01
1.035771684168077e-03	3.168348e+00	4.948346e-06	-1.584214e-01
1.045771684168077e-03	3.168365e+00	4.934979e-06	-1.584242e-01
1.055771684168077e-03	3.168380e+00	4.922063e-06	-1.584230e-01
1.065771684168077e-03	3.168395e+00	4.909580e-06	-1.584256e-01
1.075771684168077e-03	3.168408e+00	4.897513e-06	-1.584243e-01
1.085771684168076e-03	3.168421e+00	4.885846e-06	-1.584269e-01
1.095771684168077e-03	3.168433e+00	4.874565e-06	-1.584255e-01
1.105771684168077e-03	3.168444e+00	4.863655e-06	-1.584280e-01
1.115771684168077e-03	3.168454e+00	4.853101e-06	-1.584266e-01
1.125771684168077e-03	3.168463e+00	4.842892e-06	-1.584290e-01
1.135771684168077e-03	3.168472e+00	4.833013e-06	-1.584275e-01
1.145771684168077e-03	3.168480e+00	4.823453e-06	-1.584298e-01
1.155771684168077e-03	3.168488e+00	4.814201e-06	-1.584282e-01
1.165771684168076e-03	3.168495e+00	4.805244e-06	-1.584305e-01
1.175771684168077e-03	3.168502e+00	4.796573e-06	-1.584289e-01
1.185771684168077e-03	3.168508e+00	4.788177e-06	-1.584312e-01
1.195771684168077e-03	3.168514e+00	4.780047e-06	-1.584295e-01
1.205771684168077e-03	3.168519e+00	4.772173e-06	-1.584317e-01
1.215771684168077e-03	3.168524e+00	4.764546e-06	-1.584300e-01
1.225771684168077e-03	3.168529e+00	4.757158e-06	-1.584322e-01
1.235771684168077e-03	3.168533e+00	4.750001e-06	-1.584304e-01
1.245771684168076e-03	3.168537e+00	4.743065e-06	-1.584326e-01
1.255771684168077e-03	3.168541e+00	4.736345e-06	-1.584308e-01
1.265771684168077e-03	3.168544e+00	4.729832e-06	-1.584329e-01
1.275771684168077e-03	3.168548e+00	4.723520e-06	-1.584311e-01
1.285771684168077e-03	3.168551e+00	4.717402e-06	-1.584332e-01
1.295771684168077e-03	3.168554e+00	4.711471e-06	-1.584314e-01
1.305771684168077e-03	3.168556e+00	4.705721e-06	-1.584335e-01
1.315771684168077e-03	3.168558e+00	4.700147e-06	-1.584316e-01
1.325771684168076e-03	3.168561e+00	4.694742e-06	-1.584337e-01
1.335771684168076e-03	3.168563e+00	4.689500e-06	-1.584319e-01
1.345771684168077e-03	3.168565e+00	4.684417e-06	-1.584339e-01
1.355771684168077e-03	3.168567e+00	4.679488e-06	-1.584321e-01
1.365771684168077e-03	3.168569e+00	4.674706e-06	-1.584341e-01
1.375771684168077e-03	3.168570e+00	4.670069e-06	-1.584322e-01
1.385771684168077e-03	3.168572e+00	4.665570e-06	-1.584342e-01
1.395771684168077e-03	3.168573e+00	4.661206e-06	-1.584323e-01
1.405771684168076e-03	3.168574e+00	4.656972e-06	-1.584344e-01
1.415771684168076e-03	3.168576e+00	4.652865e-06	-1.584325e-01
1.425771684168077e-03	3.168577e+00	4.648879e-06	-1.584345e-01
1.435771684168077e-03	3.168578e+00	4.645012e-06	-1.584326e-01
1.445771684168077e-03	3.168579e+00	4.641260e-06	-1.584346e-01
1.455771684168077e-03	3.168580e+00	4.637619e-06	-1.584326e-01
1.465771684168077e-03	3.168581e+00	4.634085e-06	-1.584346e-01
1.475771684168077e-03	3.168582e+00	4.630656e-06	-1.584327e-01
1.485771684168076e-03	3.168582e+00	4.627327e-06	-1.584347e-01
1.495771684168076e-03	3.168583e+00	4.624097e-06	-1.584328e-01
1.505771684168077e-03	3.168584e+00	4.620962e-06	-1.584348e-01
1.515771684168077e-03	3.168585e+00	4.617918e-06	-1.584329e-01
1.525771684168077e-03	3.168585e+00	4.614963e-06	-1.584348e-01
1.535771684168077e-03	3.168585e+00	4.612096e-06	-1.584329e-01
1.545771684168077e-03	3.168586e+00	4.609312e-06	-1.584349e-01
1.555771684168077e-03	3.168587e+00	4.606609e-06	-1.584329e-01
1.565771684168076e-03	3.168587e+00	4.603985e-06	-1.584349e-01
1.575771684168076e-03	3.168587e+00	4.601437e-06	-1.584330e-01
1.585771684168077e-03	3.168587e+00	4.598964e-06	-1.584350e-01
1.595771684168077e-03	3.168588e+00	4.596563e-06	-1.584330e-01
1.605771684168077e-03	3.168588e+00	4.594231e-06	-1.584350e-01
1.615771684168077e-03	3.168589e+00	4.591967e-06	-1.584330e-01
1.625771684168077e-03	3.168589e+00	4.589769e-06	-1.584350e-01
1.635771684168077e-03	3.168589e+00	4.587634e-06	-1.584331e-01
1.645771684168076e-03	3.168589e+00	4.585561e-06	-1.584350e-01
1.655771684168076e-03	3.168590e+00	4.583548e-06	-1.584331e-01
1.665771684168076e-03	3.168590e+00	4.581593e-06	-1.584351e-01
1.675771684168077e-03	3.168590e+00	4.579694e-06	-1.584331e-01
1.685771684168077e-03	3.168590e+00	4.577851e-06	-1.584351e-01
1.695771684168077e-03	3.168591e+00	4.576060e-06	-1.584331e-01
1.705771684168077e-03	3.168591e+00	4.574321e-06	-1.584351e-01
1.715771684168077e-03	3.168591e+00	4.572632e-06	-1.584331e-01
1.725771684168076e-03	3.168591e+00	4.570992e-06	-1.584351e-01
1.735771684168076e-03	3.168591e+00	4.569399e-06	-1.584332e-01
1.745771684168076e-03	3.168591e+00	4.567851e-06	-1.584351e-01
1.755771684168077e-03	3.168592e+00	4.566348e-06	-1.584332e-01
1.765771684168077e-03	3.168592e+00	4.564889e-06	-1.584351e-01
1.775771684168077e-03	3.168592e+00	4.563471e-06	-1.584332e-01
1.785771684168077e-03	3.168592e+00	4.562093e-06	-1.584351e-01
1.795771684168077e-03	3.168592e+00	4.560755e-06	-1.584332e-01
1.805771684168076e-03	3.168592e+00	4.559455e-06	-1.584351e-01
1.815771684168076e-03	3.168592e+00	4.558193e-06	-1.584332e-01
1.825771684168076e-03	3.168592e+00	4.556966e-06	-1.584352e-01
1.835771684168077e-03	3.168592e+00	4.555775e-06	-1.584332e-01
1.845771684168077e-03	3.168592e+00	4.554618e-06	-1.584352e-01
1.855771684168077e-03	3.168593e+00	4.553493e-06	-1.584332e-01
1.865771684168077e-03	3.168592e+00	4.552401e-06	-1.584352e-01
1.875771684168077e-03	3.168593e+00	4.551340e-06	-1.584332e-01
1.885771684168076e-03	3.168592e+00	4.550309e-06	-1.584352e-01
1.895771684168076e-03	3.168593e+00	4.549307e-06	-1.584332e-01
1.905771684168076e-03	3.168593e+00	4.548334e-06	-1.584352e-01
1.915771684168076e-03	3.168593e+00	4.547388e-06	-1.584332e-01
1.925771684168077e-03	3.168593e+00	4.546470e-06	-1.584352e-01
1.935771684168077e-03	3.168593e+00	4.545578e-06	-1.584332e-01
1.945771684168077e-03	3.168593e+00	4.544711e-06	-1.584352e-01
1.955771684168077e-03	3.168593e+00	4.543868e-06	-1.584332e-01
1.965771684168077e-03	3.168593e+00	4.543050e-06	-1.584352e-01
1.975771684168077e-03	3.168593e+00	4.542255e-06	-1.584332e-01
1.985771684168077e-03	3.168593e+00	4.541482e-06	-1.584352e-01
1.995771684168077e-03	3.168593e+00	4.540731e-06	-1.584332e-01
2.005771684168076e-03	3.168593e+00	4.540002e-06	-1.584352e-01
2.015771684168076e-03	3.168593e+00	4.539293e-06	-1.584332e-01
2.025771684168076e-03	3.168593e+00	4.538604e-06	-1.584352e-01
2.035771684168076e-03	3.168593e+00	4.537935e-06	-1.584332e-01
2.045771684168076e-03	3.168593e+00	4.537285e-06	-1.584352e-01
2.055771684168076e-03	3.168593e+00	4.536653e-06	-1.584332e-01
2.065771684168076e-03	3.168593e+00	4.536038e-06	-1.584352e-01
2.075771684168076e-03	3.168593e+00	4.535442e-06	-1.584332e-01
2.085771684168077e-03	3.168593e+00	4.534862e-06	-1.584352e-01
2.095771684168077e-03	3.168593e+00	4.534299e-06	-1.584332e-01
2.105771684168077e-03	3.168593e+00	4.533751e-06	-1.584352e-01
2.115771684168077e-03	3.168593e+00	4.533219e-06	-1.584332e-01
2.125771684168077e-03	3.168593e+00	4.532701e-06	-1.584352e-01
2.135771684168077e-03	3.168593e+00	4.532199e-06	-1.584332e-01
2.145771684168077e-03	3.168593e+00	4.531711e-06	-1.584352e-01
2.155771684168077e-03	3.168593e+00	4.531236e-06	-1.584332e-01
2.165771684168076e-03	3.168593e+00	4.530775e-06	-1.584352e-01
2.175771684168076e-03	3.168593e+00	4.530326e-06	-1.584332e-01
2.185771684168076e-03	3.168593e+00	4.529891e-06	-1.584352e-01
2.195771684168076e-03	3.168593e+00	4.529467e-06	-1.584332e-01
2.205771684168076e-03	3.168593e+00	4.529056e-06	-1.584352e-01
2.215771684168076e-03	3.168593e+00	4.528656e-06	-1.584332e-01
2.225771684168076e-03	3.168594e+00	4.528267e-06	-1.584352e-01
2.235771684168076e-03	3.168593e+00	4.527889e-06	-1.584332e-01
2.245771684168076e-03	3.168594e+00	4.527522e-06	-1.584352e-01
2.255771684168077e-03	3.168593e+00	4.527165e-06	-1.584332e-01
2.265771684168077e-03	3.168594e+00	4.526818e-06	-1.584352e-01
2.275771684168077e-03	3.168593e+00	4.526481e-06	-1.584332e-01
2.285771684168077e-03	3.168593e+00	4.526153e-06	-1.584352e-01
2.295771684168077e-03	3.168594e+00	4.525834e-06	-1.584332e-01
2.305771684168077e-03	3.168593e+00	4.525525e-06	-1.584352e-01
2.315771684168077e-03	3.168593e+00	4.525224e-06	-1.584332e-01
2.325771684168076e-03	3.168594e+00	4.524931e-06	-1.584352e-01
2.335771684168076e-03	3.168594e+00	4.524647e-06	-1.584332e-01
2.345771684168076e-03	3.168593e+00	4.524370e-06	-1.584352e-01
2.355771684168076e-03	3.168594e+00	4.524101e-06	-1.584332e-01
2.365771684168076e-03	3.168593e+00	4.523840e-06	-1.584352e-01
2.375771684168076e-03	3.168594e+00	4.523586e-06	-1.584332e-01
2.385771684168076e-03	3.168593e+00	4.523339e-06	-1.584352e-01
2.395771684168076e-03	3.168594e+00	4.523099e-06	-1.584332e-01
2.405771684168076e-03	3.168593e+00	4.522866e-06	-1.584352e-01
2.415771684168077e-03	3.168594e+00	4.522639e-06	-1.584332e-01
2.425771684168077e-03	3.168593e+00	4.522418e-06	-1.584352e-01
2.435771684168077e-03	3.168594e+00	4.522204e-06	-1.584332e-01
2.445771684168077e-03	3.168593e+00	4.521995e-06	-1.584352e-01
2.455771684168077e-03	3.168594e+00	4.521793e-06	-1.584332e-01
2.465771684168077e-03	3.168594e+00	4.521596e-06	-1.584352e-01
2.475771684168077e-03	3.168594e+00	4.521404e-06	-1.584332e-01
2.485771684168076e-03	3.168594e+00	4.521218e-06	-1.584352e-01
2.495771684168076e-03	3.168593e+00	4.521037e-06	-1.584332e-01
2.505771684168076e-03	3.168594e+00	4.520861e-06	-1.584352e-01
2.515771684168076e-03	3.168594e+00	4.520690e-06	-1.584332e-01
2.525771684168076e-03	3.168593e+00	4.520523e-06	-1.584352e-01
2.535771684168076e-03	3.168594e+00	4.520361e-06	-1.584332e-01
2.545771684168076e-03	3.168594e+00	4.520204e-06	-1.584352e-01
2.555771684168076e-03	3.168594e+00	4.520051e-06	-1.584332e-01
2.565771684168076e-03	3.168594e+00	4.519902e-06	-1.584352e-01
2.575771684168076e-03	3.168594e+00	4.519758e-06	-1.584332e-01
2.585771684168077e-03	3.168593e+00	4.519617e-06	-1.584352e-01
2.595771684168077e-03	3.168594e+00	4.519480e-06	-1.584332e-01
2.605771684168077e-03	3.168594e+00	4.519346e-06	-1.584352e-01
2.615771684168077e-03	3.168594e+00	4.519217e-06	-1.584332e-01
2.625771684168077e-03	3.168594e+00	4.519091e-06	-1.584352e-01
2.635771684168077e-03	3.168594e+00	4.518969e-06	-1.584332e-01
2.645771684168076e-03	3.168594e+00	4.518850e-06	-1.584352e-01
2.655771684168076e-03	3.168594e+00	4.518734e-06	-1.584332e-01
2.665771684168076e-03	3.168594e+00	4.518622e-06	-1.584352e-01
2.675771684168076e-03	3.168594e+00	4.518512e-06	-1.584332e-01
2.685771684168076e-03	3.168594e+00	4.518405e-06	-1.584352e-01
2.695771684168076e-03	3.168594e+00	4.518302e-06	-1.584332e-01
2.705771684168076e-03	3.168594e+00	4.518201e-06	-1.584352e-01
2.715771684168076e-03	3.168594e+00	4.518103e-06	-1.584332e-01
2.725771684168076e-03	3.168594e+00	4.518008e-06	-1.584352e-01
2.735771684168076e-03	3.168594e+00	4.517915e-06	-1.584332e-01
2.745771684168077e-03	3.168594e+00	4.517825e-06	-1.584352e-01
2.755771684168077e-03	3.168594e+00	4.517737e-06	-1.584332e-01
2.765771684168077e-03	3.168594e+00	4.517652e-06	-1.584352e-01
2.775771684168077e-03	3.168594e+00	4.517568e-06	-1.584332e-01
2.785771684168077e-03	3.168594e+00	4.517488e-06	-1.584352e-01
2.795771684168077e-03	3.168594e+00	4.517409e-06	-1.584332e-01
2.805771684168076e-03	3.168594e+00	4.517333e-06	-1.584352e-01
2.815771684168076e-03	3.168594e+00	4.517258e-06	-1.584332e-01
2.825771684168076e-03	3.168594e+00	4.517186e-06	-1.584352e-01
2.835771684168076e-03	3.168594e+00	4.517116e-06	-1.584332e-01
2.845771684168076e-03	3.168594e+00	4.517047e-06	-1.584352e-01
2.855771684168076e-03	3.168594e+00	4.516980e-06	-1.584332e-01
2.865771684168076e-03	3.168594e+00	4.516916e-06	-1.584352e-01
2.875771684168076e-03	3.168594e+00	4.516853e-06	-1.584332e-01
2.885771684168076e-03	3.168594e+00	4.516792e-06	-1.584352e-01
2.895771684168076e-03	3.168594e+00	4.516732e-06	-1.584332e-01
2.905771684168076e-03	3.168594e+00	4.516673e-06	-1.584352e-01
2.915771684168077e-03	3.168594e+00	4.516617e-06	-1.584332e-01
2.925771684168077e-03	3.168594e+00	4.516562e-06	-1.584352e-01
2.935771684168077e-03	3.168594e+00	4.516508e-06	-1.584332e-01
2.945771684168077e-03	3.168594e+00	4.516456e-06	-1.584352e-01
2.955771684168077e-03	3.168594e+00	4.516406e-06	-1.584332e-01
2.965771684168076e-03	3.168594e+00	4.516356e-06	-1.584352e-01
2.975771684168076e-03	3.168594e+00	4.516308e-06	-1.584332e-01
2.985771684168076e-03	3.168594e+00	4.516261e-06	-1.584352e-01
2.995771684168076e-03	3.168594e+00	4.516216e-06	-1.584332e-01
3.005771684168076e-03	3.168594e+00	4.516171e-06	-1.584352e-01
3.015771684168076e-03	3.168594e+00	4.516129e-06	-1.584332e-01
3.025771684168076e-03	3.168594e+00	4.516087e-06	-1.584352e-01
3.035771684168076e-03	3.168594e+00	4.516046e-06	-1.584332e-01
3.045771684168076e-03	3.168594e+00	4.516006e-06	-1.584352e-01
3.055771684168076e-03	3.168594e+00	4.515967e-06	-1.584332e-01
3.065771684168076e-03	3.168594e+00	4.515930e-06	-1.584352e-01
3.075771684168077e-03	3.168594e+00	4.515893e-06	-1.584332e-01
3.085771684168077e-03	3.168594e+00	4.515857e-06	-1.584352e-01
3.095771684168077e-03	3.168594e+00	4.515822e-06	-1.584332e-01
3.105771684168077e-03	3.168594e+00	4.515789e-06	-1.584352e-01
3.115771684168077e-03	3.168594e+00	4.515755e-06	-1.584332e-01
3.125771684168076e-03	3.168594e+00	4.515723e-06	-1.584352e-01
3.135771684168076e-03	3.168594e+00	4.515692e-06	-1.584332e-01
3.145771684168076e-03	3.168594e+00	4.515662e-06	-1.584352e-01
3.155771684168076e-03	3.168594e+00	4.515632e-06	-1.584332e-01
3.165771684168076e-03	3.168594e+00	4.515603e-06	-1.584352e-01
3.175771684168076e-03	3.168594e+00	4.515575e-06	-1.584332e-01
3.185771684168076e-03	3.168594e+00	4.515548e-06	-1.584352e-01
3.195771684168076e-03	3.168594e+00	4.515521e-06	-1.584332e-01
3.205771684168076e-03	3.168594e+00	4.515495e-06	-1.584352e-01
3.215771684168076e-03	3.168594e+00	4.515470e-06	-1.584332e-01
3.225771684168076e-03	3.168594e+00	4.515445e-06	-1.584352e-01
3.235771684168076e-03	3.168594e+00	4.515421e-06	-1.584332e-01
3.245771684168077e-03	3.168594e+00	4.515398e-06	-1.584352e-01
3.255771684168077e-03	3.168594e+00	4.515375e-06	-1.584332e-01
3.265771684168077e-03	3.168594e+00	4.515353e-06	-1.584352e-01
3.275771684168077e-03	3.168594e+00	4.515331e-06	-1.584332e-01
3.285771684168076e-03	3.168594e+00	4.515310e-06	-1.584352e-01
3.295771684168076e-03	3.168594e+00	4.515290e-06	-1.584332e-01
3.305771684168076e-03	3.168594e+00	4.515270e-06	-1.584352e-01
3.315771684168076e-03	3.168594e+00	4.515250e-06	-1.584332e-01
3.325771684168076e-03	3.168594e+00	4.515231e-06	-1.584352e-01
3.335771684168076e-03	3.168594e+00	4.515213e-06	-1.584332e-01
3.345771684168076e-03	3.168594e+00	4.515195e-06	-1.584352e-01
3.355771684168076e-03	3.168594e+00	4.515177e-06	-1.584332e-01
3.365771684168076e-03	3.168594e+00	4.515161e-06	-1.584352e-01
3.375771684168076e-03	3.168594e+00	4.515144e-06	-1.584332e-01
3.385771684168076e-03	3.168594e+00	4.515127e-06	-1.584352e-01
3.395771684168076e-03	3.168594e+00	4.515112e-06	-1.584332e-01
3.405771684168077e-03	3.168594e+00	4.515096e-06	-1.584352e-01
3.415771684168077e-03	3.168594e+00	4.515081e-06	-1.584332e-01
3.425771684168077e-03	3.168594e+00	4.515066e-06	-1.584352e-01
3.435771684168077e-03	3.168594e+00	4.515052e-06	-1.584332e-01
3.445771684168076e-03	3.168594e+00	4.515038e-06	-1.584352e-01
3.455771684168076e-03	3.168594e+00	4.515025e-06	-1.584332e-01
3.465771684168076e-03	3.168594e+00	4.515011e-06	-1.584352e-01
3.475771684168076e-03	3.168594e+00	4.514999e-06	-1.584332e-01
3.485771684168076e-03	3.168594e+00	4.514986e-06	-1.584352e-01
3.495771684168076e-03	3.168594e+00	4.514974e-06	-1.584332e-01
3.505771684168076e-03	3.168594e+00	4.514962e-06	-1.584352e-01
3.515771684168076e-03	3.168594e+00	4.514950e-06	-1.584332e-01
3.525771684168076e-03	3.168594e+00	4.514939e-06	-1.584352e-01
3.535771684168076e-03	3.168594e+00	4.514928e-06	-1.584332e-01
3.545771684168076e-03	3.168594e+00	4.514917e-06	-1.584352e-01
3.555771684168076e-03	3.168594e+00	4.514906e-06	-1.584332e-01
3.565771684168076e-03	3.168594e+00	4.514896e-06	-1.584352e-01
3.575771684168077e-03	3.168594e+00	4.514886e-06	-1.584332e-01
3.585771684168077e-03	3.168594e+00	4.514876e-06	-1.584352e-01
3.595771684168077e-03	3.168594e+00	4.514867e-06	-1.584332e-01
3.605771684168076e-03	3.168593e+00	4.514858e-06	-1.584352e-01
3.615771684168076e-03	3.168594e+00	4.514849e-06	-1.584332e-01
3.625771684168076e-03	3.168594e+00	4.514840e-06	-1.584352e-01
3.635771684168076e-03	3.168594e+00	4.514831e-06	-1.584332e-01
3.645771684168076e-03	3.168594e+00	4.514823e-06	-1.584352e-01
3.655771684168076e-03	3.168594e+00	4.514814e-06	-1.584332e-01
3.665771684168076e-03	3.168594e+00	4.514806e-06	-1.584352e-01
3.675771684168076e-03	3.168594e+00	4.514799e-06	-1.584332e-01
3.685771684168076e-03	3.168594e+00	4.514791e-06	-1.584352e-01
3.695771684168076e-03	3.168594e+00	4.514784e-06	-1.584332e-01
3.705771684168076e-03	3.168594e+00	4.514776e-06	-1.584352e-01
3.715771684168076e-03	3.168594e+00	4.514769e-06	-1.584332e-01
3.725771684168076e-03	3.168594e+00	4.514762e-06	-1.584352e-01
3.735771684168077e-03	3.168594e+00	4.514755e-06	-1.584332e-01
3.745771684168077e-03	3.168594e+00	4.514749e-06	-1.584352e-01
3.755771684168077e-03	3.168594e+00	4.514743e-06	-1.584332e-01
3.765771684168076e-03	3.168594e+00	4.514736e-06	-1.584352e-01
3.775771684168076e-03	3.168594e+00	4.514730e-06	-1.584332e-01
3.785771684168076e-03	3.168594e+00	4.514724e-06	-1.584352e-01
3.795771684168076e-03	3.168594e+00	4.514718e-06	-1.584332e-01
3.805771684168076e-03	3.168594e+00	4.514713e-06	-1.584352e-01
3.815771684168076e-03	3.168594e+00	4.514707e-06	-1.584332e-01
3.825771684168076e-03	3.168594e+00	4.514702e-06	-1.584352e-01
3.835771684168076e-03	3.168594e+00	4.514696e-06	-1.584332e-01
3.845771684168076e-03	3.168594e+00	4.514691e-06	-1.584352e-01
3.855771684168076e-03	3.168594e+00	4.514686e-06	-1.584332e-01
3.865771684168076e-03	3.168594e+00	4.514681e-06	-1.584352e-01
3.875771684168076e-03	3.168594e+00	4.514676e-06	-1.584332e-01
3.885771684168076e-03	3.168594e+00	4.514671e-06	-1.584352e-01
3.895771684168076e-03	3.168594e+00	4.514667e-06	-1.584332e-01
3.905771684168077e-03	3.168594e+00	4.514662e-06	-1.584352e-01
3.915771684168077e-03	3.168594e+00	4.514658e-06	-1.584332e-01
3.925771684168076e-03	3.168594e+00	4.514653e-06	-1.584352e-01
3.935771684168077e-03	3.168594e+00	4.514649e-06	-1.584332e-01
3.945771684168076e-03	3.168594e+00	4.514645e-06	-1.584352e-01
3.955771684168077e-03	3.168594e+00	4.514641e-06	-1.584332e-01
3.965771684168076e-03	3.168594e+00	4.514638e-06	-1.584352e-01
3.975771684168077e-03	3.168594e+00	4.514633e-06	-1.584332e-01
3.985771684168076e-03	3.168594e+00	4.514630e-06	-1.584352e-01
3.995771684168077e-03	3.168594e+00	4.514626e-06	-1.584332e-01
4.005771684168076e-03	3.168594e+00	4.514623e-06	-1.584352e-01
4.015771684168076e-03	3.168594e+00	4.514619e-06	-1.584332e-01
4.025771684168076e-03	3.168594e+00	4.514616e-06	-1.584352e-01
4.035771684168076e-03	3.168594e+00	4.514612e-06	-1.584332e-01
4.045771684168076e-03	3.168594e+00	4.514609e-06	-1.584352e-01
4.055771684168076e-03	3.168594e+00	4.514606e-06	-1.584332e-01
4.065771684168077e-03	3.168594e+00	4.514603e-06	-1.584352e-01
4.075771684168076e-03	3.168594e+00	4.514599e-06	-1.584332e-01
4.085771684168077e-03	3.168594e+00	4.514597e-06	-1.584352e-01
4.095771684168076e-03	3.168594e+00	4.514593e-06	-1.584332e-01
4.105771684168077e-03	3.168594e+00	4.514591e-06	-1.584352e-01
4.115771684168076e-03	3.168594e+00	4.514588e-06	-1.584332e-01
4.125771684168077e-03	3.168594e+00	4.514585e-06	-1.584352e-01
4.135771684168076e-03	3.168594e+00	4.514583e-06	-1.584332e-01
4.145771684168077e-03	3.168594e+00	4.514580e-06	-1.584352e-01
4.155771684168076e-03	3.168594e+00	4.514578e-06	-1.584332e-01
4.165771684168076e-03	3.168594e+00	4.514575e-06	-1.584352e-01
4.175771684168076e-03	3.168594e+00	4.514573e-06	-1.584332e-01
4.185771684168076e-03	3.168594e+00	4.514570e-06	-1.584352e-01
4.195771684168076e-03	3.168594e+00	4.514568e-06	-1.584332e-01
4.205771684168076e-03	3.168594e+00	4.514566e-06	-1.584352e-01
4.215771684168076e-03	3.168594e+00	4.514563e-06	-1.584332e-01
4.225771684168076e-03	3.168594e+00	4.514561e-06	-1.584352e-01
4.235771684168077e-03	3.168594e+00	4.514559e-06	-1.584332e-01
4.245771684168076e-03	3.168594e+00	4.514557e-06	-1.584352e-01
4.255771684168077e-03	3.168594e+00	4.514555e-06	-1.584332e-01
4.265771684168076e-03	3.168594e+00	4.514553e-06	-1.584352e-01
4.275771684168077e-03	3.168594e+00	4.514551e-06	-1.584332e-01
4.285771684168076e-03	3.168594e+00	4.514549e-06	-1.584352e-01
4.295771684168077e-03	3.168594e+00	4.514547e-06	-1.584332e-01
4.305771684168076e-03	3.168594e+00	4.514545e-06	-1.584352e-01
4.315771684168077e-03	3.168594e+00	4.514543e-06	-1.584332e-01
4.325771684168076e-03	3.168594e+00	4.514542e-06	-1.584352e-01
4.335771684168076e-03	3.168594e+00	4.514540e-06	-1.584332e-01
4.345771684168076e-03	3.168594e+00	4.514538e-06	-1.584352e-01
4.355771684168076e-03	3.168594e+00	4.514537e-06	-1.584332e-01
4.365771684168076e-03	3.168594e+00	4.514535e-06	-1.584352e-01
4.375771684168076e-03	3.168594e+00	4.514533e-06	-1.584332e-01
4.385771684168076e-03	3.168594e+00	4.514532e-06	-1.584352e-01
4.395771684168076e-03	3.168594e+00	4.514530e-06	-1.584332e-01
4.405771684168077e-03	3.168594e+00	4.514529e-06	-1.584352e-01
4.415771684168076e-03	3.168594e+00	4.514527e-06	-1.584332e-01
4.425771684168077e-03	3.168594e+00	4.514526e-06	-1.584352e-01
4.435771684168076e-03	3.168594e+00	4.514524e-06	-1.584332e-01
4.445771684168077e-03	3.168594e+00	4.514523e-06	-1.584352e-01
4.455771684168076e-03	3.168594e+00	4.514522e-06	-1.584332e-01
4.465771684168077e-03	3.168594e+00	4.514520e-06	-1.584352e-01
4.475771684168076e-03	3.168594e+00	4.514519e-06	-1.584332e-01
4.485771684168076e-03	3.168594e+00	4.514518e-06	-1.584352e-01
4.495771684168076e-03	3.168594e+00	4.514517e-06	-1.584332e-01
4.505771684168076e-03	3.168594e+00	4.514515e-06	-1.584352e-01
4.515771684168076e-03	3.168594e+00	4.514514e-06	-1.584332e-01
4.525771684168076e-03	3.168594e+00	4.514513e-06	-1.584352e-01
4.535771684168076e-03	3.168594e+00	4.514512e-06	-1.584332e-01
4.545771684168076e-03	3.168594e+00	4.514511e-06	-1.584352e-01
4.555771684168076e-03	3.168594e+00	4.514509e-06	-1.584332e-01
4.565771684168076e-03	3.168594e+00	4.514508e-06	-1.584352e-01
4.575771684168077e-03	3.168594e+00	4.514508e-06	-1.584332e-01
4.585771684168076e-03	3.168594e+00	4.514507e-06	-1.584352e-01
4.595771684168077e-03	3.168594e+00	4.514505e-06	-1.584332e-01
4.605771684168076e-03	3.168594e+00	4.514504e-06	-1.584352e-01
4.615771684168077e-03	3.168594e+00	4.514503e-06	-1.584332e-01
4.625771684168076e-03	3.168594e+00	4.514503e-06	-1.584352e-01
4.635771684168077e-03	3.168594e+00	4.514502e-06	-1.584332e-01
4.645771684168076e-03	3.168594e+00	4.514501e-06	-1.584352e-01
4.655771684168076e-03	3.168594e+00	4.514500e-06	-1.584332e-01
4.665771684168076e-03	3.168594e+00	4.514499e-06	-1.584352e-01
4.675771684168076e-03	3.168594e+00	4.514498e-06	-1.584332e-01
4.685771684168076e-03	3.168594e+00	4.514497e-06	-1.584352e-01
4.695771684168076e-03	3.168594e+00	4.514496e-06	-1.584332e-01
4.705771684168076e-03	3.168594e+00	4.514495e-06	-1.584352e-01
4.715771684168076e-03	3.168594e+00	4.514494e-06	-1.584332e-01
4.725771684168076e-03	3.168594e+00	4.514494e-06	-1.584352e-01
4.735771684168076e-03	3.168594e+00	4.514493e-06	-1.584332e-01
4.745771684168077e-03	3.168594e+00	4.514493e-06	-1.584352e-01
4.755771684168076e-03	3.168594e+00	4.514492e-06	-1.584332e-01
4.765771684168077e-03	3.168594e+00	4.514491e-06	-1.584352e-01
4.775771684168076e-03	3.168594e+00	4.514490e-06	-1.584332e-01
4.785771684168077e-03	3.168594e+00	4.514489e-06	-1.584352e-01
4.795771684168076e-03	3.168594e+00	4.514488e-06	-1.584332e-01
4.805771684168076e-03	3.168594e+00	4.514488e-06	-1.584352e-01
4.815771684168076e-03	3.168594e+00	4.514487e-06	-1.584332e-01
4.825771684168076e-03	3.168594e+00	4.514487e-06	-1.584352e-01
4.835771684168076e-03	3.168594e+00	4.514486e-06	-1.584332e-01
4.845771684168076e-03	3.168594e+00	4.514485e-06	-1.584352e-01
4.855771684168076e-03	3.168594e+00	4.514485e-06	-1.584332e-01
4.865771684168076e-03	3.168594e+00	4.514484e-06	-1.584352e-01
4.875771684168076e-03	3.168594e+00	4.514483e-06	-1.584332e-01
4.885771684168076e-03	3.168594e+00	4.514483e-06	-1.584352e-01
4.895771684168077e-03	3.168594e+00	4.514482e-06	-1.584332e-01
4.905771684168076e-03	3.168594e+00	4.514482e-06	-1.584352e-01
4.915771684168077e-03	3.168594e+00	4.514481e-06	-1.584332e-01
4.925771684168076e-03	3.168594e+00	4.514481e-06	-1.584352e-01
4.935771684168077e-03	3.168594e+00	4.514480e-06	-1.584332e-01
4.945771684168076e-03	3.168594e+00	4.514480e-06	-1.584352e-01
4.955771684168077e-03	3.168594e+00	4.514479e-06	-1.584332e-01
4.965771684168076e-03	3.168594e+00	4.514479e-06	-1.584352e-01
4.975771684168076e-03	3.168594e+00	4.514478e-06	-1.584332e-01
4.985771684168076e-03	3.168594e+00	4.514477e-06	-1.584352e-01
4.995771684168076e-03	3.168594e+00	4.514477e-06	-1.584332e-01
5.005771684168076e-03	3.168594e+00	4.514477e-06	-1.584352e-01
5.015771684168076e-03	3.168594e+00	4.514476e-06	-1.584332e-01
5.025771684168076e-03	3.168594e+00	4.514476e-06	-1.584352e-01
5.035771684168076e-03	3.168594e+00	4.514475e-06	-1.584332e-01
5.045771684168076e-03	3.168594e+00	4.514475e-06	-1.584352e-01
5.055771684168076e-03	3.168594e+00	4.514474e-06	-1.584332e-01
5.065771684168077e-03	3.168594e+00	4.514474e-06	-1.584352e-01
5.075771684168076e-03	3.168594e+00	4.514473e-06	-1.584332e-01
5.085771684168077e-03	3.168594e+00	4.514473e-06	-1.584352e-01
5.095771684168076e-03	3.168594e+00	4.514473e-06	-1.584332e-01
5.105771684168077e-03	3.168594e+00	4.514472e-06	-1.584352e-01
5.115771684168076e-03	3.168594e+00	4.514472e-06	-1.584332e-01
5.125771684168076e-03	3.168594e+00	4.514472e-06	-1.584352e-01
5.135771684168076e-03	3.168594e+00	4.514471e-06	-1.584332e-01
5.145771684168076e-03	3.168594e+00	4.514471e-06	-1.584352e-01
5.155771684168076e-03	3.168594e+00	4.514471e-06	-1.584332e-01
5.165771684168076e-03	3.168594e+00	4.514470e-06	-1.584352e-01
5.175771684168076e-03	3.168594e+00	4.514470e-06	-1.584332e-01
5.185771684168076e-03	3.168594e+00	4.514470e-06	-1.584352e-01
5.195771684168076e-03	3.168594e+00	4.514469e-06	-1.584332e-01
5.205771684168076e-03	3.168594e+00	4.514469e-06	-1.584352e-01
5.215771684168076e-03	3.168594e+00	4.514468e-06	-1.584332e-01
5.225771684168076e-03	3.168594e+00	4.514468e-06	-1.584352e-01
5.235771684168077e-03	3.168594e+00	4.514468e-06	-1.584332e-01
5.245771684168076e-03	3.168594e+00	4.514467e-06	-1.584352e-01
5.255771684168077e-03	3.168594e+00	4.514467e-06	-1.584332e-01
5.265771684168076e-03	3.168594e+00	4.514467e-06	-1.584352e-01
5.275771684168077e-03	3.168594e+00	4.514467e-06	-1.584332e-01
5.285771684168076e-03	3.168594e+00	4.514467e-06	-1.584352e-01
5.295771684168076e-03	3.168594e+00	4.514466e-06	-1.584332e-01
5.305771684168076e-03	3.168594e+00	4.514466e-06	-1.584352e-01
5.315771684168076e-03	3.168594e+00	4.514466e-06	-1.584332e-01
5.325771684168076e-03	3.168594e+00	4.514465e-06	-1.584352e-01
5.335771684168076e-03	3.168594e+00	4.514465e-06	-1.584332e-01
5.345771684168076e-03	3.168594e+00	4.514465e-06	-1.584352e-01
5.355771684168076e-03	3.168594e+00	4.514464e-06	-1.584332e-01
5.365771684168076e-03	3.168594e+00	4.514464e-06	-1.584352e-01
5.375771684168076e-03	3.168594e+00	4.514464e-06	-1.584332e-01
5.385771684168076e-03	3.168594e+00	4.514464e-06	-1.584352e-01
5.395771684168076e-03	3.168594e+00	4.514463e-06	-1.584332e-01
5.405771684168077e-03	3.168594e+00	4.514463e-06	-1.584352e-01
5.415771684168076e-03	3.168594e+00	4.514463e-06	-1.584332e-01
5.425771684168077e-03	3.168594e+00	4.514463e-06	-1.584352e-01
5.435771684168076e-03	3.168594e+00	4.514462e-06	-1.584332e-01
5.445771684168076e-03	3.168594e+00	4.514462e-06	-1.584352e-01
5.455771684168076e-03	3.168594e+00	4.514462e-06	-1.584332e-01
5.465771684168076e-03	3.168594e+00	4.514462e-06	-1.584352e-01
5.475771684168076e-03	3.168594e+00	4.514462e-06	-1.584332e-01
5.485771684168076e-03	3.168594e+00	4.514462e-06	-1.584352e-01
5.495771684168076e-03	3.168594e+00	4.514461e-06	-1.584332e-01
5.505771684168076e-03	3.168594e+00	4.514461e-06	-1.584352e-01
5.515771684168076e-03	3.168594e+00	4.514461e-06	-1.584332e-01
5.525771684168076e-03	3.168594e+00	4.514461e-06	-1.584352e-01
5.535771684168076e-03	3.168594e+00	4.514461e-06	-1.584332e-01
5.545771684168076e-03	3.168594e+00	4.514460e-06	-1.584352e-01
5.555771684168077e-03	3.168594e+00	4.514460e-06	-1.584332e-01
5.565771684168076e-03	3.168594e+00	4.514460e-06	-1.584352e-01
5.575771684168077e-03	3.168594e+00	4.514460e-06	-1.584332e-01
5.585771684168076e-03	3.168594e+00	4.514460e-06	-1.584352e-01
5.595771684168077e-03	3.168594e+00	4.514459e-06	-1.584332e-01
5.605771684168076e-03	3.168594e+00	4.514459e-06	-1.584352e-01
5.615771684168076e-03	3.168594e+00	4.514459e-06	-1.584332e-01
5.625771684168076e-03	3.168594e+00	4.514459e-06	-1.584352e-01
5.635771684168076e-03	3.168594e+00	4.514459e-06	-1.584332e-01
5.645771684168076e-03	3.168594e+00	4.514459e-06	-1.584352e-01
5.655771684168076e-03	3.168594e+00	4.514458e-06	-1.584332e-01
5.665771684168076e-03	3.168594e+00	4.514458e-06	-1.584352e-01
5.675771684168076e-03	3.168594e+00	4.514458e-06	-1.584332e-01
5.685771684168076e-03	3.168594e+00	4.514458e-06	-1.584352e-01
5.695771684168076e-03	3.168594e+00	4.514458e-06	-1.584332e-01
5.705771684168076e-03	3.168594e+00	4.514458e-06	-1.584352e-01
5.715771684168076e-03	3.168594e+00	4.514457e-06	-1.584332e-01
5.725771684168077e-03	3.168594e+00	4.514457e-06	-1.584352e-01
5.735771684168076e-03	3.168594e+00	4.514457e-06	-1.584332e-01
5.745771684168077e-03	3.168594e+00	4.514457e-06	-1.584352e-01
5.755771684168076e-03	3.168594e+00	4.514457e-06	-1.584332e-01
5.765771684168076e-03	3.168594e+00	4.514457e-06	-1.584352e-01
5.775771684168076e-03	3.168594e+00	4.514457e-06	-1.584332e-01
5.785771684168076e-03	3.168594e+00	4.514457e-06	-1.584352e-01
5.795771684168076e-03	3.168594e+00	4.514457e-06	-1.584332e-01
5.805771684168076e-03	3.168594e+00	4.514457e-06	-1.584352e-01
5.815771684168076e-03	3.168594e+00	4.514456e-06	-1.584332e-01
5.825771684168076e-03	3.168594e+00	4.514456e-06	-1.584352e-01
5.835771684168076e-03	3.168594e+00	4.514456e-06	-1.584332e-01
5.845771684168076e-03	3.168594e+00	4.514456e-06	-1.584352e-01
5.855771684168076e-03	3.168594e+00	4.514456e-06	-1.584332e-01
5.865771684168076e-03	3.168594e+00	4.514456e-06	-1.584352e-01
5.875771684168076e-03	3.168594e+00	4.514456e-06	-1.584332e-01
5.885771684168076e-03	3.168594e+00	4.514456e-06	-1.584352e-01
5.895771684168077e-03	3.168594e+00	4.514455e-06	-1.584332e-01
5.905771684168076e-03	3.168594e+00	4.514455e-06	-1.584352e-01
5.915771684168077e-03	3.168594e+00	4.514455e-06	-1.584332e-01
5.925771684168076e-03	3.168594e+00	4.514455e-06	-1.584352e-01
5.935771684168076e-03	3.168594e+00	4.514455e-06	-1.584332e-01
5.945771684168076e-03	3.168594e+00	4.514455e-06	-1.584352e-01
5.955771684168076e-03	3.168594e+00	4.514455e-06	-1.584332e-01
5.965771684168076e-03	3.168594e+00	4.514455e-06	-1.584352e-01
5.975771684168076e-03	3.168594e+00	4.514454e-06	-1.584332e-01
5.985771684168076e-03	3.168594e+00	4.514454e-06	-1.584352e-01
5.995771684168076e-03	3.168594e+00	4.514454e-06	-1.584332e-01
6.005771684168076e-03	3.168594e+00	4.514454e-06	-1.584352e-01
6.015771684168076e-03	3.168594e+00	4.514454e-06	-1.584332e-01
6.025771684168076e-03	3.168594e+00	4.514454e-06	-1.584352e-01
6.035771684168076e-03	3.168594e+00	4.514454e-06	-1.584332e-01
6.045771684168076e-03	3.168594e+00	4.514454e-06	-1.584352e-01
6.055771684168076e-03	3.168594e+00	4.514454e-06	-1.584332e-01
6.065771684168077e-03	3.168594e+00	4.514454e-06	-1.584352e-01
6.075771684168076e-03	3.168594e+00	4.514453e-06	-1.584332e-01
6.085771684168076e-03	3.168594e+00	4.514453e-06	-1.584352e-01
6.095771684168076e-03	3.168594e+00	4.514453e-06	-1.584332e-01
6.105771684168076e-03	3.168594e+00	4.514453e-06	-1.584352e-01
6.115771684168076e-03	3.168594e+00	4.514453e-06	-1.584332e-01
6.125771684168076e-03	3.168594e+00	4.514453e-06	-1.584352e-01
6.135771684168076e-03	3.168594e+00	4.514453e-06	-1.584332e-01
6.145771684168076e-03	3.168594e+00	4.514453e-06	-1.584352e-01
6.155771684168076e-03	3.168594e+00	4.514453e-06	-1.584332e-01
6.165771684168076e-03	3.168594e+00	4.514453e-06	-1.584352e-01
6.175771684168076e-03	3.168594e+00	4.514453e-06	-1.584332e-01
6.185771684168076e-03	3.168594e+00	4.514453e-06	-1.584352e-01
6.195771684168076e-03	3.168594e+00	4.514452e-06	-1.584332e-01
6.205771684168076e-03	3.168594e+00	4.514452e-06	-1.584352e-01
6.215771684168077e-03	3.168594e+00	4.514452e-06	-1.584332e-01
6.225771684168076e-03	3.168594e+00	4.514452e-06	-1.584352e-01
6.235771684168077e-03	3.168594e+00	4.514452e-06	-1.584332e-01
6.245771684168076e-03	3.168594e+00	4.514452e-06	-1.584352e-01
6.255771684168076e-03	3.168594e+00	4.514452e-06	-1.584332e-01
6.265771684168076e-03	3.168594e+00	4.514452e-06	-1.584352e-01
6.275771684168076e-03	3.168594e+00	4.514452e-06	-1.584332e-01
6.285771684168076e-03	3.168594e+00	4.514452e-06	-1.584352e-01
6.295771684168076e-03	3.168594e+00	4.514452e-06	-1.584332e-01
6.305771684168076e-03	3.168594e+00	4.514452e-06	-1.584352e-01
6.315771684168076e-03	3.168594e+00	4.514452e-06	-1.584332e-01
6.325771684168076e-03	3.168594e+00	4.514452e-06	-1.584352e-01
6.335771684168076e-03	3.168594e+00	4.514452e-06	-1.584332e-01
6.345771684168076e-03	3.168594e+00	4.514452e-06	-1.584352e-01
6.355771684168076e-03	3.168594e+00	4.514452e-06	-1.584332e-01
6.365771684168076e-03	3.168594e+00	4.514452e-06	-1.584352e-01
6.375771684168076e-03	3.168594e+00	4.514452e-06	-1.584332e-01
6.385771684168077e-03	3.168594e+00	4.514452e-06	-1.584352e-01
6.395771684168076e-03	3.168594e+00	4.514452e-06	-1.584332e-01
6.405771684168076e-03	3.168594e+00	4.514452e-06	-1.584352e-01
6.415771684168076e-03	3.168594e+00	4.514452e-06	-1.584332e-01
6.425771684168076e-03	3.168594e+00	4.514452e-06	-1.584352e-01
6.435771684168076e-03	3.168594e+00	4.514452e-06	-1.584332e-01
6.445771684168076e-03	3.168594e+00	4.514452e-06	-1.584352e-01
6.455771684168076e-03	3.168594e+00	4.514451e-06	-1.584332e-01
6.465771684168076e-03	3.168594e+00	4.514451e-06	-1.584352e-01
6.475771684168076e-03	3.168594e+00	4.514451e-06	-1.584332e-01
6.485771684168076e-03	3.168594e+00	4.514451e-06	-1.584352e-01
6.495771684168076e-03	3.168594e+00	4.514451e-06	-1.584332e-01
6.505771684168076e-03	3.168594e+00	4.514451e-06	-1.584352e-01
6.515771684168076e-03	3.168594e+00	4.514451e-06	-1.584332e-01
6.525771684168076e-03	3.168594e+00	4.514451e-06	-1.584352e-01
6.535771684168076e-03	3.168594e+00	4.514451e-06	-1.584332e-01
6.545771684168076e-03	3.168594e+00	4.514451e-06	-1.584352e-01
6.555771684168077e-03	3.168594e+00	4.514451e-06	-1.584332e-01
6.565771684168076e-03	3.168594e+00	4.514451e-06	-1.584352e-01
6.575771684168076e-03	3.168594e+00	4.514451e-06	-1.584332e-01
6.585771684168076e-03	3.168594e+00	4.514451e-06	-1.584352e-01
6.595771684168076e-03	3.168594e+00	4.514451e-06	-1.584332e-01
6.605771684168076e-03	3.168594e+00	4.514451e-06	-1.584352e-01
6.615771684168076e-03	3.168594e+00	4.514451e-06	-1.584332e-01
6.625771684168076e-03	3.168594e+00	4.514451e-06	-1.584352e-01
6.635771684168076e-03	3.168594e+00	4.514451e-06	-1.584332e-01
6.645771684168076e-03	3.168594e+00	4.514451e-06	-1.584352e-01
6.655771684168076e-03	3.168594e+00	4.514451e-06	-1.584332e-01
6.665771684168076e-03	3.168594e+00	4.514451e-06	-1.584352e-01
6.675771684168076e-03	3.168594e+00	4.514450e-06	-1.584332e-01
6.685771684168076e-03	3.168594e+00	4.514450e-06	-1.584352e-01
6.695771684168076e-03	3.168594e+00	4.514450e-06	-1.584332e-01
6.705771684168076e-03	3.168594e+00	4.514450e-06	-1.584352e-01
6.715771684168076e-03	3.168594e+00	4.514450e-06	-1.584332e-01
6.725771684168076e-03	3.168594e+00	4.514450e-06	-1.584352e-01
6.735771684168076e-03	3.168594e+00	4.514450e-06	-1.584332e-01
6.745771684168076e-03	3.168594e+00	4.514450e-06	-1.584352e-01
6.755771684168076e-03	3.168594e+00	4.514450e-06	-1.584332e-01
6.765771684168076e-03	3.168594e+00	4.514450e-06	-1.584352e-01
6.775771684168076e-03	3.168594e+00	4.514450e-06	-1.584332e-01
6.785771684168076e-03	3.168594e+00	4.514450e-06	-1.584352e-01
6.795771684168076e-03	3.168594e+00	4.514450e-06	-1.584332e-01
6.805771684168076e-03	3.168594e+00	4.514450e-06	-1.584352e-01
6.815771684168076e-03	3.168594e+00	4.514450e-06	-1.584332e-01
6.825771684168076e-03	3.168594e+00	4.514450e-06	-1.584352e-01
6.835771684168076e-03	3.168594e+00	4.514450e-06	-1.584332e-01
6.845771684168076e-03	3.168594e+00	4.514450e-06	-1.584352e-01
6.855771684168076e-03	3.168594e+00	4.514450e-06	-1.584332e-01
6.865771684168076e-03	3.168594e+00	4.514450e-06	-1.584352e-01
6.875771684168076e-03	3.168594e+00	4.514450e-06	-1.584332e-01
6.885771684168076e-03	3.168594e+00	4.514450e-06	-1.584352e-01
6.895771684168076e-03	3.168594e+00	4.514450e-06	-1.584332e-01
6.905771684168076e-03	3.168594e+00	4.514450e-06	-1.584352e-01
6.915771684168076e-03	3.168594e+00	4.514450e-06	-1.584332e-01
6.925771684168076e-03	3.168594e+00	4.514450e-06	-1.584352e-01
6.935771684168076e-03	3.168594e+00	4.514450e-06	-1.584332e-01
6.945771684168076e-03	3.168594e+00	4.514450e-06	-1.584352e-01
6.955771684168076e-03	3.168594e+00	4.514450e-06	-1.584332e-01
6.965771684168076e-03	3.168594e+00	4.514450e-06	-1.584352e-01
6.975771684168076e-03	3.168594e+00	4.514450e-06	-1.584332e-01
6.985771684168076e-03	3.168594e+00	4.514450e-06	-1.584352e-01
6.995771684168076e-03	3.168594e+00	4.514450e-06	-1.584332e-01
7.005771684168076e-03	3.168594e+00	4.514450e-06	-1.584352e-01
7.015771684168076e-03	3.168594e+00	4.514450e-06	-1.584332e-01
7.025771684168076e-03	3.168594e+00	4.514450e-06	-1.584352e-01
7.035771684168076e-03	3.168594e+00	4.514449e-06	-1.584332e-01
7.045771684168076e-03	3.168594e+00	4.514449e-06	-1.584352e-01
7.055771684168076e-03	3.168594e+00	4.514449e-06	-1.584332e-01
7.065771684168076e-03	3.168594e+00	4.514449e-06	-1.584352e-01
7.075771684168076e-03	3.168594e+00	4.514449e-06	-1.584332e-01
7.085771684168076e-03	3.168594e+00	4.514449e-06	-1.584352e-01
7.095771684168076e-03	3.168594e+00	4.514449e-06	-1.584332e-01
7.105771684168076e-03	3.168594e+00	4.514449e-06	-1.584352e-01
7.115771684168076e-03	3.168594e+00	4.514449e-06	-1.584332e-01
7.125771684168076e-03	3.168594e+00	4.514449e-06	-1.584352e-01
7.135771684168076e-03	3.168594e+00	4.514449e-06	-1.584332e-01
7.145771684168076e-03	3.168594e+00	4.514449e-06	-1.584352e-01
7.155771684168076e-03	3.168594e+00	4.514449e-06	-1.584332e-01
7.165771684168076e-03	3.168594e+00	4.514449e-06	-1.584352e-01
7.175771684168076e-03	3.168594e+00	4.514449e-06	-1.584332e-01
7.185771684168076e-03	3.168594e+00	4.514449e-06	-1.584352e-01
7.195771684168076e-03	3.168594e+00	4.514449e-06	-1.584332e-01
7.205771684168076e-03	3.168594e+00	4.514449e-06	-1.584352e-01
7.215771684168076e-03	3.168594e+00	4.514449e-06	-1.584332e-01
7.225771684168076e-03	3.168594e+00	4.514449e-06	-1.584352e-01
7.235771684168076e-03	3.168594e+00	4.514449e-06	-1.584332e-01
7.245771684168076e-03	3.168594e+00	4.514449e-06	-1.584352e-01
7.255771684168076e-03	3.168594e+00	4.514449e-06	-1.584332e-01
7.265771684168076e-03	3.168594e+00	4.514449e-06	-1.584352e-01
7.275771684168076e-03	3.168594e+00	4.514449e-06	-1.584332e-01
7.285771684168076e-03	3.168594e+00	4.514449e-06	-1.584352e-01
7.295771684168076e-03	3.168594e+00	4.514449e-06	-1.584332e-01
7.305771684168076e-03	3.168594e+00	4.514449e-06	-1.584352e-01
7.315771684168076e-03	3.168594e+00	4.514449e-06	-1.584332e-01
7.325771684168076e-03	3.168594e+00	4.514449e-06	-1.584352e-01
7.335771684168076e-03	3.168594e+00	4.514449e-06	-1.584332e-01
7.345771684168076e-03	3.168594e+00	4.514449e-06	-1.584352e-01
7.355771684168076e-03	3.168594e+00	4.514449e-06	-1.584332e-01
7.365771684168076e-03	3.168594e+00	4.514449e-06	-1.584352e-01
7.375771684168076e-03	3.168594e+00	4.514449e-06	-1.584332e-01
7.385771684168076e-03	3.168594e+00	4.514449e-06	-1.584352e-01
7.395771684168076e-03	3.168594e+00	4.514449e-06	-1.584332e-01
7.405771684168076e-03	3.168594e+00	4.514449e-06	-1.584352e-01
7.415771684168076e-03	3.168594e+00	4.514449e-06	-1.584332e-01
7.425771684168076e-03	3.168594e+00	4.514449e-06	-1.584352e-01
7.435771684168076e-03	3.168594e+00	4.514449e-06	-1.584332e-01
7.445771684168076e-03	3.168594e+00	4.514449e-06	-1.584352e-01
7.455771684168076e-03	3.168594e+00	4.514449e-06	-1.584332e-01
7.465771684168076e-03	3.168594e+00	4.514449e-06	-1.584352e-01
7.475771684168076e-03	3.168594e+00	4.514449e-06	-1.584332e-01
7.485771684168076e-03	3.168594e+00	4.514449e-06	-1.584352e-01
7.495771684168076e-03	3.168594e+00	4.514449e-06	-1.584332e-01
7.505771684168076e-03	3.168594e+00	4.514449e-06	-1.584352e-01
7.515771684168076e-03	3.168594e+00	4.514449e-06	-1.584332e-01
7.525771684168076e-03	3.168594e+00	4.514449e-06	-1.584352e-01
7.535771684168076e-03	3.168594e+00	4.514449e-06	-1.584332e-01
7.545771684168076e-03	3.168594e+00	4.514449e-06	-1.584352e-01
7.555771684168076e-03	3.168594e+00	4.514449e-06	-1.584332e-01
7.565771684168076e-03	3.168594e+00	4.514449e-06	-1.584352e-01
7.575771684168076e-03	3.168594e+00	4.514449e-06	-1.584332e-01
7.585771684168076e-03	3.168594e+00	4.514449e-06	-1.584352e-01
7.595771684168076e-03	3.168594e+00	4.514449e-06	-1.584332e-01
7.605771684168076e-03	3.168594e+00	4.514449e-06	-1.584352e-01
7.615771684168076e-03	3.168594e+00	4.514449e-06	-1.584332e-01
7.625771684168076e-03	3.168594e+00	4.514449e-06	-1.584352e-01
7.635771684168076e-03	3.168594e+00	4.514449e-06	-1.584332e-01
7.645771684168076e-03	3.168594e+00	4.514449e-06	-1.584352e-01
7.655771684168076e-03	3.168594e+00	4.514449e-06	-1.584332e-01
7.665771684168076e-03	3.168594e+00	4.514449e-06	-1.584352e-01
7.675771684168076e-03	3.168594e+00	4.514449e-06	-1.584332e-01
7.685771684168076e-03	3.168594e+00	4.514449e-06	-1.584352e-01
7.695771684168076e-03	3.168594e+00	4.514449e-06	-1.584332e-01
7.705771684168076e-03	3.168594e+00	4.514449e-06	-1.584352e-01
7.715771684168076e-03	3.168594e+00	4.514449e-06	-1.584332e-01
7.725771684168076e-03	3.168594e+00	4.514449e-06	-1.584352e-01
7.735771684168076e-03	3.168594e+00	4.514449e-06	-1.584332e-01
7.745771684168076e-03	3.168594e+00	4.514449e-06	-1.584352e-01
7.755771684168076e-03	3.168594e+00	4.514449e-06	-1.584332e-01
7.765771684168076e-03	3.168594e+00	4.514449e-06	-1.584352e-01
7.775771684168076e-03	3.168594e+00	4.514449e-06	-1.584332e-01
7.785771684168076e-03	3.168594e+00	4.514449e-06	-1.584352e-01
7.795771684168076e-03	3.168594e+00	4.514448e-06	-1.584332e-01
7.805771684168076e-03	3.168594e+00	4.514448e-06	-1.584352e-01
7.815771684168075e-03	3.168594e+00	4.514448e-06	-1.584332e-01
7.825771684168077e-03	3.168594e+00	4.514448e-06	-1.584352e-01
7.835771684168076e-03	3.168594e+00	4.514448e-06	-1.584332e-01
7.845771684168076e-03	3.168594e+00	4.514448e-06	-1.584352e-01
7.855771684168076e-03	3.168594e+00	4.514448e-06	-1.584332e-01
7.865771684168075e-03	3.168594e+00	4.514448e-06	-1.584352e-01
7.875771684168077e-03	3.168594e+00	4.514448e-06	-1.584332e-01
7.885771684168076e-03	3.168594e+00	4.514448e-06	-1.584352e-01
7.895771684168076e-03	3.168594e+00	4.514448e-06	-1.584332e-01
7.905771684168075e-03	3.168594e+00	4.514448e-06	-1.584352e-01
7.915771684168077e-03	3.168594e+00	4.514448e-06	-1.584332e-01
7.925771684168076e-03	3.168594e+00	4.514448e-06	-1.584352e-01
7.935771684168076e-03	3.168594e+00	4.514448e-06	-1.584332e-01
7.945771684168075e-03	3.168594e+00	4.514448e-06	-1.584352e-01
7.955771684168077e-03	3.168594e+00	4.514448e-06	-1.584332e-01
7.965771684168076e-03	3.168594e+00	4.514448e-06	-1.584352e-01
7.975771684168076e-03	3.168594e+00	4.514448e-06	-1.584332e-01
7.985771684168076e-03	3.168594e+00	4.514448e-06	-1.584352e-01
7.995771684168077e-03	3.168594e+00	4.514448e-06	-1.584332e-01
8.005771684168076e-03	3.168594e+00	4.514448e-06	-1.584352e-01
8.015771684168076e-03	3.168594e+00	4.514448e-06	-1.584332e-01
8.025771684168076e-03	3.168594e+00	4.514448e-06	-1.584352e-01
8.035771684168075e-03	3.168594e+00	4.514448e-06	-1.584332e-01
8.045771684168077e-03	3.168594e+00	4.514448e-06	-1.584352e-01
8.055771684168076e-03	3.168594e+00	4.514448e-06	-1.584332e-01
8.065771684168076e-03	3.168594e+00	4.514448e-06	-1.584352e-01
8.075771684168075e-03	3.168594e+00	4.514448e-06	-1.584332e-01
8.085771684168077e-03	3.168594e+00	4.514448e-06	-1.584352e-01
8.095771684168076e-03	3.168594e+00	4.514448e-06	-1.584332e-01
8.105771684168076e-03	3.168594e+00	4.514448e-06	-1.584352e-01
8.115771684168075e-03	3.168594e+00	4.514448e-06	-1.584332e-01
8.125771684168077e-03	3.168594e+00	4.514448e-06	-1.584352e-01
8.135771684168076e-03	3.168594e+00	4.514448e-06	-1.584332e-01
8.145771684168076e-03	3.168594e+00	4.514448e-06	-1.584352e-01
8.155771684168076e-03	3.168594e+00	4.514448e-06	-1.584332e-01
8.165771684168075e-03	3.168594e+00	4.514448e-06	-1.584352e-01
8.175771684168076e-03	3.168594e+00	4.514448e-06	-1.584332e-01
8.185771684168076e-03	3.168594e+00	4.514448e-06	-1.584352e-01
8.195771684168076e-03	3.168594e+00	4.514448e-06	-1.584332e-01
8.205771684168075e-03	3.168594e+00	4.514448e-06	-1.584352e-01
8.215771684168077e-03	3.168594e+00	4.514448e-06	-1.584332e-01
8.225771684168076e-03	3.168594e+00	4.514448e-06	-1.584352e-01
8.235771684168076e-03	3.168594e+00	4.514448e-06	-1.584332e-01
8.245771684168075e-03	3.168594e+00	4.514448e-06	-1.584352e-01
8.255771684168077e-03	3.168594e+00	4.514448e-06	-1.584332e-01
8.265771684168076e-03	3.168594e+00	4.514448e-06	-1.584352e-01
8.275771684168076e-03	3.168594e+00	4.514448e-06	-1.584332e-01
8.285771684168075e-03	3.168594e+00	4.514448e-06	-1.584352e-01
8.295771684168077e-03	3.168594e+00	4.514448e-06	-1.584332e-01
8.305771684168076e-03	3.168594e+00	4.514448e-06	-1.584352e-01
8.315771684168076e-03	3.168594e+00	4.514448e-06	-1.584332e-01
8.325771684168076e-03	3.168594e+00	4.514448e-06	-1.584352e-01
8.335771684168075e-03	3.168594e+00	4.514448e-06	-1.584332e-01
8.345771684168076e-03	3.168594e+00	4.514448e-06	-1.584352e-01
8.355771684168076e-03	3.168594e+00	4.514448e-06	-1.584332e-01
8.365771684168076e-03	3.168594e+00	4.514448e-06	-1.584352e-01
8.375771684168075e-03	3.168594e+00	4.514448e-06	-1.584332e-01
8.385771684168077e-03	3.168594e+00	4.514448e-06	-1.584352e-01
8.395771684168076e-03	3.168594e+00	4.514448e-06	-1.584332e-01
8.405771684168076e-03	3.168594e+00	4.514448e-06	-1.584352e-01
8.415771684168075e-03	3.168594e+00	4.514448e-06	-1.584332e-01
8.425771684168077e-03	3.168594e+00	4.514448e-06	-1.584352e-01
8.435771684168076e-03	3.168594e+00	4.514448e-06	-1.584332e-01
8.445771684168076e-03	3.168594e+00	4.514448e-06	-1.584352e-01
8.455771684168075e-03	3.168594e+00	4.514448e-06	-1.584332e-01
8.465771684168077e-03	3.168594e+00	4.514448e-06	-1.584352e-01
8.475771684168076e-03	3.168594e+00	4.514448e-06	-1.584332e-01
8.485771684168076e-03	3.168594e+00	4.514448e-06	-1.584352e-01
8.495771684168076e-03	3.168594e+00	4.514448e-06	-1.584332e-01
8.505771684168075e-03	3.168594e+00	4.514448e-06	-1.584352e-01
8.515771684168076e-03	3.168594e+00	4.514448e-06	-1.584332e-01
8.525771684168076e-03	3.168594e+00	4.514448e-06	-1.584352e-01
8.535771684168076e-03	3.168594e+00	4.514448e-06	-1.584332e-01
8.545771684168075e-03	3.168594e+00	4.514448e-06	-1.584352e-01
8.555771684168077e-03	3.168594e+00	4.514448e-06	-1.584332e-01
8.565771684168076e-03	3.168594e+00	4.514448e-06	-1.584352e-01
8.575771684168076e-03	3.168594e+00	4.514448e-06	-1.584332e-01
8.585771684168075e-03	3.168594e+00	4.514448e-06	-1.584352e-01
8.595771684168077e-03	3.168594e+00	4.514448e-06	-1.584332e-01
8.605771684168076e-03	3.168594e+00	4.514448e-06	-1.584352e-01
8.615771684168076e-03	3.168594e+00	4.514448e-06	-1.584332e-01
8.625771684168075e-03	3.168594e+00	4.514448e-06	-1.584352e-01
8.635771684168077e-03	3.168594e+00	4.514448e-06	-1.584332e-01
8.645771684168076e-03	3.168594e+00	4.514448e-06	-1.584352e-01
8.655771684168076e-03	3.168594e+00	4.514448e-06	-1.584332e-01
8.665771684168076e-03	3.168594e+00	4.514448e-06	-1.584352e-01
8.675771684168075e-03	3.168594e+00	4.514448e-06	-1.584332e-01
8.685771684168076e-03	3.168594e+00	4.514448e-06	-1.584352e-01
8.695771684168076e-03	3.168594e+00	4.514448e-06	-1.584332e-01
8.705771684168076e-03	3.168594e+00	4.514448e-06	-1.584352e-01
8.715771684168075e-03	3.168594e+00	4.514448e-06	-1.584332e-01
8.725771684168077e-03	3.168594e+00	4.514448e-06	-1.584352e-01
8.735771684168076e-03	3.168594e+00	4.514448e-06	-1.584332e-01
8.745771684168076e-03	3.168594e+00	4.514448e-06	-1.584352e-01
8.755771684168075e-03	3.168594e+00	4.514448e-06	-1.584332e-01
8.765771684168077e-03	3.168594e+00	4.514448e-06	-1.584352e-01
8.775771684168076e-03	3.168594e+00	4.514448e-06	-1.584332e-01
8.785771684168076e-03	3.168594e+00	4.514448e-06	-1.584352e-01
8.795771684168075e-03	3.168594e+00	4.514448e-06	-1.584332e-01
8.805771684168075e-03	3.168594e+00	4.514448e-06	-1.584352e-01
8.815771684168076e-03	3.168594e+00	4.514448e-06	-1.584332e-01
8.825771684168076e-03	3.168594e+00	4.514448e-06	-1.584352e-01
8.835771684168076e-03	3.168594e+00	4.514448e-06	-1.584332e-01
8.845771684168075e-03	3.168594e+00	4.514448e-06	-1.584352e-01
8.855771684168076e-03	3.168594e+00	4.514448e-06	-1.584332e-01
8.865771684168076e-03	3.168594e+00	4.514448e-06	-1.584352e-01
8.875771684168076e-03	3.168594e+00	4.514448e-06	-1.584332e-01
8.885771684168075e-03	3.168594e+00	4.514448e-06	-1.584352e-01
8.895771684168077e-03	3.168594e+00	4.514448e-06	-1.584332e-01
8.905771684168076e-03	3.168594e+00	4.514448e-06	-1.584352e-01
8.915771684168076e-03	3.168594e+00	4.514448e-06	-1.584332e-01
8.925771684168075e-03	3.168594e+00	4.514448e-06	-1.584352e-01
8.935771684168077e-03	3.168594e+00	4.514448e-06	-1.584332e-01
8.945771684168076e-03	3.168594e+00	4.514448e-06	-1.584352e-01
8.955771684168076e-03	3.168594e+00	4.514448e-06	-1.584332e-01
8.965771684168075e-03	3.168594e+00	4.514448e-06	-1.584352e-01
8.975771684168075e-03	3.168594e+00	4.514448e-06	-1.584332e-01
8.985771684168076e-03	3.168594e+00	4.514448e-06	-1.584352e-01
8.995771684168076e-03	3.168594e+00	4.514448e-06	-1.584332e-01
9.005771684168076e-03	3.168594e+00	4.514448e-06	-1.584352e-01
9.015771684168075e-03	3.168594e+00	4.514448e-06	-1.584332e-01
9.025771684168077e-03	3.168594e+00	4.514448e-06	-1.584352e-01
9.035771684168076e-03	3.168594e+00	4.514448e-06	-1.584332e-01
9.045771684168076e-03	3.168594e+00	4.514448e-06	-1.584352e-01
9.055771684168075e-03	3.168594e+00	4.514448e-06	-1.584332e-01
9.065771684168077e-03	3.168594e+00	4.514448e-06	-1.584352e-01
9.075771684168076e-03	3.168594e+00	4.514448e-06	-1.584332e-01
9.085771684168076e-03	3.168594e+00	4.514448e-06	-1.584352e-01
9.095771684168075e-03	3.168594e+00	4.514448e-06	-1.584332e-01
9.105771684168077e-03	3.168594e+00	4.514448e-06	-1.584352e-01
9.115771684168076e-03	3.168594e+00	4.514448e-06	-1.584332e-01
9.125771684168076e-03	3.168594e+00	4.514448e-06	-1.584352e-01
9.135771684168075e-03	3.168594e+00	4.514448e-06	-1.584332e-01
9.145771684168075e-03	3.168594e+00	4.514448e-06	-1.584352e-01
9.155771684168076e-03	3.168594e+00	4.514448e-06	-1.584332e-01
9.165771684168076e-03	3.168594e+00	4.514448e-06	-1.584352e-01
9.175771684168076e-03	3.168594e+00	4.514448e-06	-1.584332e-01
9.185771684168075e-03	3.168594e+00	4.514448e-06	-1.584352e-01
9.195771684168077e-03	3.168594e+00	4.514448e-06	-1.584332e-01
9.205771684168076e-03	3.168594e+00	4.514448e-06	-1.584352e-01
9.215771684168076e-03	3.168594e+00	4.514448e-06	-1.584332e-01
9.225771684168075e-03	3.168594e+00	4.514448e-06	-1.584352e-01
9.235771684168077e-03	3.168594e+00	4.514448e-06	-1.584332e-01
9.245771684168076e-03	3.168594e+00	4.514448e-06	-1.584352e-01
9.255771684168076e-03	3.168594e+00	4.514448e-06	-1.584332e-01
9.265771684168075e-03	3.168594e+00	4.514448e-06	-1.584352e-01
9.275771684168077e-03	3.168594e+00	4.514448e-06	-1.584332e-01
9.285771684168076e-03	3.168594e+00	4.514448e-06	-1.584352e-01
9.295771684168076e-03	3.168594e+00	4.514448e-06	-1.584332e-01
9.305771684168075e-03	3.168594e+00	4.514448e-06	-1.584352e-01
9.315771684168075e-03	3.168594e+00	4.514448e-06	-1.584332e-01
9.325771684168076e-03	3.168594e+00	4.514448e-06	-1.584352e-01
9.335771684168076e-03	3.168594e+00	4.514448e-06	-1.584332e-01
9.345771684168076e-03	3.168594e+00	4.514448e-06	-1.584352e-01
9.355771684168075e-03	3.168594e+00	4.514448e-06	-1.584332e-01
9.365771684168077e-03	3.168594e+00	4.514448e-06	-1.584352e-01
9.375771684168076e-03	3.168594e+00	4.514448e-06	-1.584332e-01
9.385771684168076e-03	3.168594e+00	4.514448e-06	-1.584352e-01
9.395771684168075e-03	3.168594e+00	4.514448e-06	-1.584332e-01
9.405771684168077e-03	3.168594e+00	4.514448e-06	-1.584352e-01
9.415771684168076e-03	3.168594e+00	4.514448e-06	-1.584332e-01
9.425771684168076e-03	3.168594e+00	4.514448e-06	-1.584352e-01
9.435771684168075e-03	3.168594e+00	4.514448e-06	-1.584332e-01
9.445771684168075e-03	3.168594e+00	4.514448e-06	-1.584352e-01
9.455771684168076e-03	3.168594e+00	4.514448e-06	-1.584332e-01
9.465771684168076e-03	3.168594e+00	4.514448e-06	-1.584352e-01
9.475771684168076e-03	3.168594e+00	4.514448e-06	-1.584332e-01
9.485771684168075e-03	3.168594e+00	4.514448e-06	-1.584352e-01
9.495771684168076e-03	3.168594e+00	4.514448e-06	-1.584332e-01
9.505771684168076e-03	3.168594e+00	4.514448e-06	-1.584352e-01
9.515771684168076e-03	3.168594e+00	4.514448e-06	-1.584332e-01
9.525771684168075e-03	3.168594e+00	4.514448e-06	-1.584352e-01
9.535771684168077e-03	3.168594e+00	4.514448e-06	-1.584332e-01
9.545771684168076e-03	3.168594e+00	4.514448e-06	-1.584352e-01
9.555771684168076e-03	3.168594e+00	4.514448e-06	-1.584332e-01
9.565771684168075e-03	3.168594e+00	4.514448e-06	-1.584352e-01
9.575771684168077e-03	3.168594e+00	4.514448e-06	-1.584332e-01
9.585771684168076e-03	3.168594e+00	4.514448e-06	-1.584352e-01
9.595771684168076e-03	3.168594e+00	4.514448e-06	-1.584332e-01
9.605771684168075e-03	3.168594e+00	4.514448e-06	-1.584352e-01
9.615771684168075e-03	3.168594e+00	4.514448e-06	-1.584332e-01
9.625771684168076e-03	3.168594e+00	4.514448e-06	-1.584352e-01
9.635771684168076e-03	3.168594e+00	4.514448e-06	-1.584332e-01
9.645771684168076e-03	3.168594e+00	4.514448e-06	-1.584352e-01
9.655771684168075e-03	3.168594e+00	4.514448e-06	-1.584332e-01
9.665771684168076e-03	3.168594e+00	4.514448e-06	-1.584352e-01
9.675771684168076e-03	3.168594e+00	4.514448e-06	-1.584332e-01
9.685771684168076e-03	3.168594e+00	4.514448e-06	-1.584352e-01
9.695771684168075e-03	3.168594e+00	4.514448e-06	-1.584332e-01
9.705771684168077e-03	3.168594e+00	4.514448e-06	-1.584352e-01
9.715771684168076e-03	3.168594e+00	4.514448e-06	-1.584332e-01
9.725771684168076e-03	3.168594e+00	4.514448e-06	-1.584352e-01
9.735771684168075e-03	3.168594e+00	4.514448e-06	-1.584332e-01
9.745771684168077e-03	3.168594e+00	4.514448e-06	-1.584352e-01
9.755771684168076e-03	3.168594e+00	4.514448e-06	-1.584332e-01
9.765771684168076e-03	3.168594e+00	4.514448e-06	-1.584352e-01
9.775771684168075e-03	3.168594e+00	4.514448e-06	-1.584332e-01
9.785771684168075e-03	3.168594e+00	4.514448e-06	-1.584352e-01
9.795771684168076e-03	3.168594e+00	4.514448e-06	-1.584332e-01
9.805771684168076e-03	3.168594e+00	4.514448e-06	-1.584352e-01
9.815771684168076e-03	3.168594e+00	4.514448e-06	-1.584332e-01
9.825771684168075e-03	3.168594e+00	4.514448e-06	-1.584352e-01
9.835771684168076e-03	3.168594e+00	4.514448e-06	-1.584332e-01
9.845771684168076e-03	3.168594e+00	4.514448e-06	-1.584352e-01
9.855771684168076e-03	3.168594e+00	4.514448e-06	-1.584332e-01
9.865771684168075e-03	3.168594e+00	4.514448e-06	-1.584352e-01
9.875771684168077e-03	3.168594e+00	4.514448e-06	-1.584332e-01
9.885771684168076e-03	3.168594e+00	4.514448e-06	-1.584352e-01
9.895771684168076e-03	3.168594e+00	4.514448e-06	-1.584332e-01
9.905771684168075e-03	3.168594e+00	4.514448e-06	-1.584352e-01
9.915771684168077e-03	3.168594e+00	4.514448e-06	-1.584332e-01
9.925771684168076e-03	3.168594e+00	4.514448e-06	-1.584352e-01
9.935771684168076e-03	3.168594e+00	4.514448e-06	-1.584332e-01
9.945771684168075e-03	3.168594e+00	4.514448e-06	-1.584352e-01
9.955771684168075e-03	3.168594e+00	4.514448e-06	-1.584332e-01
9.965771684168076e-03	3.168594e+00	4.514448e-06	-1.584352e-01
9.975771684168076e-03	3.168594e+00	4.514448e-06	-1.584332e-01
9.985771684168076e-03	3.168594e+00	4.514448e-06	-1.584352e-01
9.995771684168075e-03	3.168594e+00	4.514448e-06	-1.584332e-01
1.000000000000000e-02	3.168594e+00	4.514273e-06	-1.584352e-01
1.000000000100000e-02	3.168594e+00	4.514255e-06	-1.584337e-01
1.000000000200000e-02	3.168594e+00	4.514286e-06	-1.584349e-01
1.000000000347517e-02	3.168594e+00	4.514332e-06	-1.584339e-01
1.000000000560198e-02	3.168594e+00	4.514266e-06	-1.584347e-01
1.000000000985560e-02	3.168594e+00	4.514132e-06	-1.584339e-01
1.000000001836286e-02	3.168594e+00	4.513864e-06	-1.584347e-01
1.000000003537736e-02	3.168594e+00	4.513324e-06	-1.584338e-01
1.000000006940636e-02	3.168594e+00	4.512231e-06	-1.584346e-01
1.000000013746438e-02	3.168594e+00	4.509999e-06	-1.584338e-01
1.000000027358040e-02	3.168594e+00	4.505353e-06	-1.584346e-01
1.000000054581244e-02	3.168594e+00	4.495439e-06	-1.584338e-01
1.000000109027653e-02	3.168594e+00	4.473694e-06	-1.584346e-01
1.000000217920470e-02	3.168594e+00	4.425404e-06	-1.584338e-01
1.000000435706105e-02	3.168594e+00	4.320358e-06	-1.584345e-01
1.000000871277374e-02	3.168594e+00	4.102796e-06	-1.584337e-01
1.000001492725241e-02	3.168594e+00	3.797840e-06	-1.584343e-01
1.000002565728095e-02	3.168594e+00	3.304656e-06	-1.584333e-01
1.000004711733803e-02	3.168594e+00	2.458903e-06	-1.584337e-01
1.000007184980587e-02	3.168594e+00	1.930337e-06	-1.584326e-01
1.000008497127893e-02	3.168594e+00	2.324670e-06	-1.584336e-01
1.000009429101499e-02	3.168594e+00	3.316485e-06	-1.584333e-01
1.000010468180411e-02	3.168594e+00	4.958557e-06	-1.584348e-01
1.000011702072615e-02	3.168594e+00	7.058148e-06	-1.584350e-01
1.000013384718081e-02	3.168594e+00	9.786497e-06	-1.584370e-01
1.000016531580339e-02	3.168593e+00	1.438471e-05	-1.584382e-01
1.000019581347049e-02	3.168592e+00	1.800627e-05	-1.584406e-01
1.000023702841955e-02	3.168590e+00	2.123593e-05	-1.584412e-01
1.000027947055814e-02	3.168588e+00	2.276600e-05	-1.584424e-01
1.000033156019865e-02	3.168586e+00	2.322697e-05	-1.584416e-01
1.000039755416184e-02	3.168583e+00	2.330856e-05	-1.584423e-01
1.000051359607278e-02	3.168577e+00	2.334905e-05	-1.584412e-01
1.000070056881369e-02	3.168568e+00	2.337879e-05	-1.584416e-01
1.000090971182262e-02	3.168558e+00	2.342471e-05	-1.584404e-01
1.000110701921982e-02	3.168549e+00	2.353232e-05	-1.584408e-01
1.000131020652098e-02	3.168539e+00	2.374568e-05	-1.584398e-01
1.000147084472444e-02	3.168532e+00	2.397767e-05	-1.584405e-01
1.000164810221167e-02	3.168524e+00	2.424091e-05	-1.584396e-01
1.000181431449526e-02	3.168518e+00	2.443686e-05	-1.584403e-01
1.000210096254923e-02	3.168506e+00	2.465477e-05	-1.584392e-01
1.000236622578890e-02	3.168496e+00	2.474956e-05	-1.584396e-01
1.000260312395015e-02	3.168487e+00	2.475079e-05	-1.584384e-01
1.000288003057799e-02	3.168475e+00	2.468531e-05	-1.584385e-01
1.000312941376765e-02	3.168464e+00	2.458451e-05	-1.584371e-01
1.000341072848214e-02	3.168451e+00	2.443625e-05	-1.584371e-01
1.000369045184965e-02	3.168436e+00	2.426572e-05	-1.584355e-01
1.000401639128237e-02	3.168418e+00	2.404920e-05	-1.584352e-01
1.000435961050928e-02	3.168397e+00	2.381086e-05	-1.584332e-01
1.000477360937684e-02	3.168369e+00	2.351902e-05	-1.584323e-01
1.000524134326860e-02	3.168335e+00	2.319317e-05	-1.584296e-01
1.000583851162996e-02	3.168287e+00	2.279221e-05	-1.584277e-01
1.000657449497102e-02	3.168222e+00	2.232995e-05	-1.584233e-01
1.000760577427458e-02	3.168121e+00	2.174752e-05	-1.584186e-01
1.000907061986559e-02	3.167966e+00	2.102854e-05	-1.584095e-01
1.001038884157455e-02	3.167816e+00	2.048150e-05	-1.584023e-01
1.001152277578177e-02	3.167680e+00	2.009210e-05	-1.583945e-01
1.001266614280769e-02	3.167539e+00	1.976912e-05	-1.583880e-01
1.001394454075776e-02	3.167378e+00	1.947237e-05	-1.583790e-01
1.001516631338385e-02	3.167221e+00	1.924011e-05	-1.583717e-01
1.001643049490259e-02	3.167055e+00	1.904373e-05	-1.583626e-01
1.001768062388329e-02	3.166889e+00	1.888456e-05	-1.583551e-01
1.001902751831740e-02	3.166708e+00	1.874412e-05	-1.583452e-01
1.002043130099859e-02	3.166517e+00	1.862434e-05	-1.583364e-01
1.002199136268901e-02	3.166302e+00	1.851566e-05	-1.583249e-01
1.002369790968943e-02	3.166062e+00	1.841840e-05	-1.583137e-01
1.002568456517187e-02	3.165779e+00	1.832512e-05	-1.582988e-01
1.002799881981655e-02	3.165441e+00	1.823369e-05	-1.582828e-01
1.003087290976488e-02	3.165010e+00	1.813439e-05	-1.582605e-01
1.003411184024287e-02	3.164509e+00	1.803087e-05	-1.582363e-01
1.003707344518348e-02	3.164034e+00	1.793866e-05	-1.582117e-01
1.004003508045100e-02	3.163541e+00	1.784573e-05	-1.581878e-01
1.004288702254582e-02	3.163048e+00	1.775395e-05	-1.581623e-01
1.004537911158060e-02	3.162600e+00	1.767129e-05	-1.581406e-01
1.004802320824054e-02	3.162104e+00	1.758209e-05	-1.581150e-01
1.005046290798802e-02	3.161628e+00	1.750005e-05	-1.580919e-01
1.005314561452508e-02	3.161076e+00	1.741179e-05	-1.580638e-01
1.005733330235329e-02	3.160159e+00	1.727878e-05	-1.580190e-01
1.006141543854427e-02	3.159184e+00	1.715467e-05	-1.579699e-01
1.006688746975159e-02	3.157722e+00	1.699571e-05	-1.578987e-01
1.007259183095268e-02	3.155926e+00	1.683700e-05	-1.578113e-01
1.008069834593772e-02	3.152640e+00	1.662114e-05	-1.576595e-01
1.009022295506551e-02	3.147045e+00	1.637848e-05	-1.574021e-01
1.009866827218163e-02	3.138991e+00	1.617395e-05	-1.570230e-01
1.010445584983624e-02	3.129307e+00	1.604310e-05	-1.565534e-01
1.010838175728428e-02	3.117301e+00	1.596414e-05	-1.559830e-01
1.011135225065978e-02	3.100867e+00	1.591664e-05	-1.551898e-01
1.011378857232799e-02	3.080623e+00	1.588866e-05	-1.540682e-01
1.011614605459276e-02	3.057767e+00	1.586668e-05	-1.529129e-01
1.011878849852701e-02	3.031564e+00	1.584265e-05	-1.516076e-01
1.012164756431900e-02	3.002894e+00	1.581691e-05	-1.501812e-01
1.012736569590298e-02	2.945098e+00	1.576649e-05	-1.473005e-01
1.012974699965695e-02	2.921777e+00	1.574918e-05	-1.461063e-01
1.013137952183122e-02	2.908027e+00	1.574455e-05	-1.454179e-01
1.013386429300798e-02	2.891518e+00	1.574810e-05	-1.446072e-01
1.013573063868824e-02	2.882073e+00	1.575472e-05	-1.441583e-01
1.013798683251724e-02	2.874115e+00	1.576558e-05	-1.437672e-01
1.014087969298386e-02	2.867902e+00	1.578156e-05	-1.434715e-01
1.014448569658970e-02	2.865477e+00	1.580401e-05	-1.433636e-01
1.015009436747309e-02	2.870641e+00	1.584400e-05	-1.436630e-01
1.015794344819426e-02	2.890739e+00	1.590953e-05	-1.448480e-01
1.016732344309190e-02	2.930673e+00	1.600349e-05	-1.473156e-01
1.017732344309190e-02	2.987812e+00	1.612093e-05	-1.513740e-01
1.018031142907648e-02	3.008265e+00	1.616027e-05	-1.529484e-01
1.018166568516682e-02	3.018322e+00	1.617860e-05	-1.537081e-01
1.018311903114513e-02	3.028944e+00	1.619675e-05	-1.545331e-01
1.018526818429650e-02	3.043669e+00	1.622029e-05	-1.557616e-01
1.018677980214881e-02	3.052674e+00	1.623275e-05	-1.566031e-01
1.018859374645025e-02	3.060499e+00	1.623920e-05	-1.575225e-01
1.018984514095077e-02	3.063287e+00	1.623802e-05	-1.580720e-01
1.019203528399048e-02	3.064456e+00	1.623180e-05	-1.589031e-01
1.019424973974522e-02	3.062400e+00	1.622592e-05	-1.596705e-01
1.019657213143134e-02	3.057452e+00	1.622334e-05	-1.609358e-01
1.019965147774795e-02	3.048338e+00	1.622508e-05	-1.637202e-01
1.020287895047354e-02	3.037016e+00	1.623055e-05	-1.670671e-01
1.020640122622274e-02	3.023263e+00	1.623888e-05	-1.712126e-01
1.021038561484078e-02	3.006450e+00	1.624988e-05	-1.764984e-01
1.021592876736562e-02	2.981502e+00	1.626692e-05	-1.848186e-01
1.022378351863570e-02	2.944136e+00	1.629349e-05	-1.982859e-01
1.023378351863570e-02	2.894376e+00	1.633060e-05	-2.176126e-01
1.024378351863570e-02	2.842990e+00	1.637130e-05	-2.383057e-01
1.025378351863570e-02	2.790775e+00	1.641603e-05	-2.585899e-01
1.026132041731161e-02	2.751774e+00	1.645383e-05	-2.711948e-01
1.026635632797752e-02	2.726901e+00	1.648326e-05	-2.745791e-01
1.026978432445358e-02	2.710957e+00	1.650619e-05	-2.722015e-01
1.028098907911159e-02	2.657488e+00	1.658572e-05	-2.638235e-01
1.029098907911159e-02	2.601599e+00	1.665846e-05	-2.546768e-01
1.029792437338788e-02	2.549976e+00	1.671169e-05	-2.442399e-01
1.030059407928414e-02	2.517398e+00	1.673499e-05	-2.354107e-01
1.030182410889080e-02	2.493148e+00	1.674779e-05	-2.283002e-01
1.030357830979040e-02	2.446442e+00	1.676876e-05	-2.151558e-01
1.030632830711740e-02	2.363999e+00	1.680382e-05	-1.939513e-01
1.030762858576150e-02	2.324349e+00	1.682068e-05	-1.843867e-01
1.030912238738321e-02	2.278334e+00	1.684032e-05	-1.738107e-01
1.031210999062662e-02	2.184367e+00	1.688075e-05	-1.540108e-01
1.031808519711345e-02	1.990504e+00	1.696536e-05	-1.200477e-01
1.032276039412037e-02	1.834944e+00	1.703356e-05	-9.913946e-02
1.032505120476980e-02	1.763983e+00	1.706119e-05	-8.758924e-02
1.032595764548722e-02	1.744592e+00	1.706362e-05	-7.616203e-02
1.032684085858167e-02	1.734214e+00	1.705774e-05	-6.332889e-02
1.032784336565428e-02	1.726808e+00	1.704688e-05	-4.867625e-02
1.032893948660937e-02	1.722767e+00	1.703126e-05	-3.376490e-02
1.033094550399694e-02	1.723392e+00	1.699554e-05	-1.206046e-02
1.033344306816237e-02	1.733656e+00	1.694280e-05	-7.006762e-05
1.033514426695600e-02	1.745279e+00	1.690306e-05	-1.936824e-06
1.033685207191966e-02	1.758555e+00	1.686223e-05	-1.677301e-05
1.033897174489678e-02	1.774925e+00	1.681241e-05	-1.995831e-06
1.034321109085104e-02	1.807346e+00	1.671494e-05	-1.682281e-05
1.034936324148535e-02	1.853852e+00	1.657698e-05	-2.090887e-06
1.035556783224028e-02	1.900121e+00	1.644197e-05	-1.690752e-05
1.036422474873527e-02	1.964077e+00	1.625965e-05	-2.182359e-06
1.036888468620503e-02	1.999332e+00	1.616842e-05	-1.697440e-05
1.037242167708050e-02	2.028070e+00	1.610720e-05	-2.264924e-06
1.037564039920510e-02	2.056147e+00	1.605532e-05	-1.703268e-05
1.037855296588276e-02	2.082690e+00	1.600873e-05	-2.328164e-06
1.038151497873769e-02	2.110541e+00	1.596177e-05	-1.706991e-05
1.038517607004743e-02	2.145912e+00	1.590467e-05	-2.383943e-06
1.039111005852080e-02	2.204651e+00	1.581425e-05	-1.712883e-05
1.039742103859656e-02	2.268540e+00	1.572134e-05	-2.464350e-06
1.040742103859656e-02	2.371685e+00	1.558048e-05	-1.722072e-05
1.041742103859656e-02	2.476067e+00	1.544633e-05	-2.576282e-06
1.042742103859656e-02	2.581086e+00	1.531907e-05	-1.732259e-05
1.043742103859656e-02	2.686100e+00	1.519802e-05	-2.677803e-06
1.044742103859656e-02	2.790585e+00	1.508253e-05	-1.741563e-05
1.045742103859656e-02	2.893692e+00	1.497117e-05	-2.770313e-06
1.046742103859656e-02	2.989978e+00	1.485021e-05	-1.749386e-05
1.047194613989866e-02	3.023846e+00	1.477883e-05	-2.736714e-06
1.047537257394967e-02	3.041526e+00	1.471575e-05	-1.742247e-05
1.047754721961962e-02	3.050203e+00	1.467552e-05	-2.704538e-06
1.047941701296928e-02	3.056465e+00	1.464103e-05	-1.738749e-05
1.048138990038724e-02	3.062274e+00	1.460492e-05	-2.692030e-06
1.048343029636633e-02	3.067575e+00	1.456780e-05	-1.735696e-05
1.048645682981705e-02	3.074367e+00	1.451294e-05	-2.673192e-06
1.049087241405376e-02	3.082757e+00	1.443318e-05	-1.731470e-05
1.049569324427117e-02	3.090250e+00	1.434659e-05	-2.631567e-06
1.050303899266609e-02	3.099411e+00	1.421573e-05	-1.725232e-05
1.051006682780233e-02	3.106381e+00	1.409213e-05	-2.563934e-06
1.052006682780233e-02	3.114178e+00	1.391927e-05	-1.716709e-05
1.053006682780233e-02	3.120434e+00	1.374995e-05	-2.467825e-06
1.054006682780233e-02	3.125537e+00	1.358354e-05	-1.706802e-05
1.055006682780233e-02	3.129915e+00	1.341730e-05	-2.352583e-06
1.056006682780233e-02	3.133821e+00	1.324941e-05	-1.693173e-05
1.057006682780233e-02	3.137343e+00	1.308096e-05	-2.223626e-06
1.058006682780233e-02	3.140509e+00	1.291382e-05	-1.680213e-05
1.059006682780233e-02	3.143351e+00	1.274922e-05	-2.099358e-06
1.060006682780233e-02	3.145904e+00	1.258797e-05	-1.667722e-05
1.061006682780233e-02	3.148198e+00	1.243059e-05	-1.980055e-06
1.062006682780233e-02	3.150263e+00	1.227741e-05	-1.655803e-05
1.063006682780233e-02	3.152125e+00	1.212862e-05	-1.867083e-06
1.064006682780233e-02	3.153806e+00	1.198433e-05	-1.644589e-05
1.065006682780233e-02	3.155327e+00	1.184456e-05	-1.761571e-06
1.066006682780233e-02	3.156703e+00	1.170930e-05	-1.634157e-05
1.067006682780233e-02	3.157950e+00	1.157851e-05	-1.664196e-06
1.068006682780233e-02	3.159081e+00	1.145211e-05	-1.624556e-05
1.069006682780233e-02	3.160106e+00	1.132999e-05	-1.574929e-06
1.070006682780233e-02	3.161036e+00	1.121206e-05	-1.615771e-05
1.071006682780233e-02	3.161877e+00	1.109819e-05	-1.493654e-06
1.072006682780233e-02	3.162639e+00	1.098827e-05	-1.607772e-05
1.073006682780233e-02	3.163326e+00	1.088216e-05	-1.419966e-06
1.074006682780233e-02	3.163945e+00	1.077975e-05	-1.600510e-05
1.075006682780233e-02	3.164500e+00	1.068090e-05	-1.353351e-06
1.076006682780233e-02	3.164996e+00	1.058549e-05	-1.593931e-05
1.077006682780233e-02	3.165437e+00	1.049339e-05	-1.293242e-06
1.078006682780233e-02	3.165826e+00	1.040449e-05	-1.587975e-05
1.079006682780233e-02	3.166161e+00	1.031865e-05	-1.239059e-06
1.080006682780233e-02	3.166432e+00	1.023575e-05	-1.582579e-05
1.081006682780233e-02	3.166650e+00	1.015569e-05	-1.190131e-06
1.082006682780233e-02	3.166836e+00	1.007840e-05	-1.577696e-05
1.083006682780233e-02	3.167002e+00	1.000376e-05	-1.146155e-06
1.084006682780233e-02	3.167151e+00	9.931679e-06	-1.573282e-05
1.085006682780233e-02	3.167285e+00	9.862056e-06	-1.106595e-06
1.086006682780233e-02	3.167406e+00	9.794800e-06	-1.569288e-05
1.087006682780233e-02	3.167516e+00	9.729820e-06	-1.070999e-06
1.088006682780233e-02	3.167616e+00	9.667032e-06	-1.565670e-05
1.089006682780233e-02	3.167707e+00	9.606352e-06	-1.038953e-06
1.090006682780233e-02	3.167790e+00	9.547702e-06	-1.562389e-05
1.091006682780233e-02	3.167867e+00	9.491005e-06	-1.010082e-06
1.092006682780233e-02	3.167937e+00	9.436188e-06	-1.559410e-05
1.093006682780233e-02	3.168001e+00	9.383180e-06	-9.840478e-07
1.094006682780233e-02	3.168060e+00	9.331915e-06	-1.556699e-05
1.095006682780233e-02	3.168115e+00	9.282328e-06	-9.605494e-07
1.096006682780233e-02	3.168165e+00	9.234358e-06	-1.554228e-05
1.097006682780233e-02	3.168211e+00	9.187946e-06	-9.393170e-07
1.098006682780233e-02	3.168254e+00	9.143035e-06	-1.551972e-05
1.099006682780233e-02	3.168293e+00	9.099570e-06	-9.201111e-07
1.100006682780233e-02	3.168330e+00	9.057500e-06	-1.549909e-05
1.101006682780233e-02	3.168364e+00	9.016774e-06	-9.027188e-07
1.102006682780233e-02	3.168395e+00	8.977346e-06	-1.548017e-05
1.103006682780233e-02	3.168424e+00	8.939169e-06	-8.869511e-07
1.104006682780233e-02	3.168451e+00	8.902198e-06	-1.546280e-05
1.105006682780233e-02	3.168476e+00	8.866392e-06	-8.726403e-07
1.106006682780233e-02	3.168499e+00	8.831709e-06	-1.544681e-05
1.107006682780233e-02	3.168520e+00	8.798113e-06	-8.596378e-07
1.108006682780233e-02	3.168540e+00	8.765564e-06	-1.543207e-05
1.109006682780233e-02	3.168559e+00	8.734028e-06	-8.478119e-07
1.110006682780233e-02	3.168576e+00	8.703468e-06	-1.541844e-05
1.111006682780233e-02	3.168592e+00	8.673854e-06	-8.370455e-07
1.112006682780233e-02	3.168607e+00	8.645151e-06	-1.540583e-05
1.113006682780233e-02	3.168621e+00	8.617331e-06	-8.272351e-07
1.114006682780233e-02	3.168634e+00	8.590364e-06	-1.539412e-05
1.115006682780233e-02	3.168645e+00	8.564220e-06	-8.182881e-07
1.116006682780233e-02	3.168657e+00	8.538875e-06	-1.538324e-05
1.117006682780233e-02	3.168667e+00	8.514299e-06	-8.101229e-07
1.118006682780233e-02	3.168677e+00	8.490470e-06	-1.537310e-05
1.119006682780233e-02	3.168685e+00	8.467362e-06	-8.026662e-07
1.120006682780233e-02	3.168694e+00	8.444952e-06	-1.536364e-05
1.121006682780233e-02	3.168701e+00	8.423217e-06	-7.958532e-07
1.122006682780233e-02	3.168708e+00	8.402136e-06	-1.535480e-05
1.123006682780233e-02	3.168715e+00	8.381688e-06	-7.896256e-07
1.124006682780233e-02	3.168721e+00	8.361852e-06	-1.534652e-05
1.125006682780233e-02	3.168727e+00	8.342609e-06	-7.839318e-07
1.126006682780233e-02	3.168732e+00	8.323941e-06	-1.533875e-05
1.127006682780233e-02	3.168737e+00	8.305829e-06	-7.787252e-07
1.128006682780233e-02	3.168742e+00	8.288256e-06	-1.533144e-05
1.129006682780233e-02	3.168746e+00	8.271205e-06	-7.739641e-07
1.130006682780233e-02	3.168751e+00	8.254659e-06	-1.532457e-05
1.131006682780233e-02	3.168755e+00	8.238602e-06	-7.696113e-07
1.132006682780233e-02	3.168758e+00	8.223022e-06	-1.531808e-05
1.133006682780233e-02	3.168761e+00	8.207900e-06	-7.656330e-07
1.134006682780233e-02	3.168764e+00	8.193225e-06	-1.531196e-05
1.135006682780233e-02	3.168767e+00	8.178980e-06	-7.619989e-07
1.136006682780233e-02	3.168770e+00	8.165156e-06	-1.530617e-05
1.137006682780233e-02	3.168772e+00	8.151736e-06	-7.586817e-07
1.138006682780233e-02	3.168774e+00	8.138712e-06	-1.530068e-05
1.139006682780233e-02	3.168777e+00	8.126068e-06	-7.556565e-07
1.140006682780233e-02	3.168779e+00	8.113794e-06	-1.529548e-05
1.141006682780233e-02	3.168781e+00	8.101879e-06	-7.529011e-07
1.142006682780233e-02	3.168782e+00	8.090312e-06	-1.529053e-05
1.143006682780233e-02	3.168784e+00	8.079083e-06	-7.503949e-07
1.144006682780233e-02	3.168786e+00	8.068180e-06	-1.528583e-05
1.145006682780233e-02	3.168787e+00	8.057596e-06	-7.481195e-07
1.146006682780233e-02	3.168789e+00	8.047319e-06	-1.528134e-05
1.147006682780233e-02	3.168790e+00	8.037341e-06	-7.460581e-07
1.148006682780233e-02	3.168791e+00	8.027653e-06	-1.527707e-05
1.149006682780233e-02	3.168792e+00	8.018246e-06	-7.441952e-07
1.150006682780233e-02	3.168793e+00	8.009112e-06	-1.527299e-05
1.151006682780233e-02	3.168794e+00	8.000243e-06	-7.425168e-07
1.152006682780233e-02	3.168795e+00	7.991630e-06	-1.526909e-05
1.153006682780233e-02	3.168796e+00	7.983266e-06	-7.410100e-07
1.154006682780233e-02	3.168797e+00	7.975144e-06	-1.526535e-05
1.155006682780233e-02	3.168797e+00	7.967257e-06	-7.396629e-07
1.156006682780233e-02	3.168798e+00	7.959598e-06	-1.526177e-05
1.157006682780233e-02	3.168798e+00	7.952161e-06	-7.384647e-07
1.158006682780233e-02	3.168799e+00	7.944936e-06	-1.525833e-05
1.159006682780233e-02	3.168800e+00	7.937922e-06	-7.374055e-07
1.160006682780233e-02	3.168800e+00	7.931108e-06	-1.525503e-05
1.161006682780233e-02	3.168801e+00	7.924491e-06	-7.364760e-07
1.162006682780233e-02	3.168801e+00	7.918065e-06	-1.525185e-05
1.163006682780233e-02	3.168802e+00	7.911823e-06	-7.356677e-07
1.164006682780233e-02	3.168802e+00	7.905760e-06	-1.524879e-05
1.165006682780233e-02	3.168802e+00	7.899872e-06	-7.349727e-07
1.166006682780233e-02	3.168803e+00	7.894153e-06	-1.524585e-05
1.167006682780233e-02	3.168803e+00	7.888598e-06	-7.343839e-07
1.168006682780233e-02	3.168804e+00	7.883203e-06	-1.524300e-05
1.169006682780233e-02	3.168804e+00	7.877962e-06	-7.338944e-07
1.170006682780233e-02	3.168804e+00	7.872872e-06	-1.524026e-05
1.171006682780233e-02	3.168804e+00	7.867927e-06	-7.334980e-07
1.172006682780233e-02	3.168805e+00	7.863124e-06	-1.523760e-05
1.173006682780233e-02	3.168805e+00	7.858458e-06	-7.331890e-07
1.174006682780233e-02	3.168805e+00	7.853927e-06	-1.523503e-05
1.175006682780233e-02	3.168806e+00	7.849524e-06	-7.329620e-07
1.176006682780233e-02	3.168805e+00	7.845248e-06	-1.523254e-05
1.177006682780233e-02	3.168806e+00	7.841094e-06	-7.328118e-07
1.178006682780233e-02	3.168806e+00	7.837059e-06	-1.523012e-05
1.179006682780233e-02	3.168806e+00	7.833139e-06	-7.327338e-07
1.180006682780233e-02	3.168806e+00	7.829331e-06	-1.522778e-05
1.181006682780233e-02	3.168807e+00	7.825631e-06	-7.327237e-07
1.182006682780233e-02	3.168807e+00	7.822036e-06	-1.522550e-05
1.183006682780233e-02	3.168807e+00	7.818546e-06	-7.327775e-07
1.184006682780233e-02	3.168807e+00	7.815153e-06	-1.522328e-05
1.185006682780233e-02	3.168807e+00	7.811859e-06	-7.328912e-07
1.186006682780233e-02	3.168807e+00	7.808658e-06	-1.522113e-05
1.187006682780233e-02	3.168807e+00	7.805547e-06	-7.330614e-07
1.188006682780233e-02	3.168807e+00	7.802526e-06	-1.521903e-05
1.189006682780233e-02	3.168807e+00	7.799591e-06	-7.332847e-07
1.190006682780233e-02	3.168807e+00	7.796740e-06	-1.521698e-05
1.191006682780233e-02	3.168808e+00	7.793969e-06	-7.335580e-07
1.192006682780233e-02	3.168808e+00	7.791277e-06	-1.521498e-05
1.193006682780233e-02	3.168808e+00	7.788662e-06	-7.338784e-07
1.194006682780233e-02	3.168808e+00	7.786120e-06	-1.521303e-05
1.195006682780233e-02	3.168808e+00	7.783652e-06	-7.342432e-07
1.196006682780233e-02	3.168808e+00	7.781253e-06	-1.521112e-05
1.197006682780233e-02	3.168808e+00	7.778923e-06	-7.346498e-07
1.198006682780233e-02	3.168808e+00	7.776658e-06	-1.520925e-05
1.199006682780233e-02	3.168808e+00	7.774458e-06	-7.350957e-07
1.200006682780233e-02	3.168808e+00	7.772321e-06	-1.520742e-05
1.201006682780233e-02	3.168808e+00	7.770243e-06	-7.355789e-07
1.202006682780233e-02	3.168808e+00	7.768225e-06	-1.520563e-05
1.203006682780233e-02	3.168808e+00	7.766264e-06	-7.360970e-07
1.204006682780233e-02	3.168808e+00	7.764359e-06	-1.520387e-05
1.205006682780233e-02	3.168808e+00	7.762508e-06	-7.366481e-07
1.206006682780233e-02	3.168808e+00	7.760709e-06	-1.520214e-05
1.207006682780233e-02	3.168808e+00	7.758961e-06	-7.372304e-07
1.208006682780233e-02	3.168808e+00	7.757262e-06	-1.520045e-05
1.209006682780233e-02	3.168808e+00	7.755611e-06	-7.378420e-07
1.210006682780233e-02	3.168809e+00	7.754008e-06	-1.519878e-05
1.211006682780233e-02	3.168808e+00	7.752449e-06	-7.384814e-07
1.212006682780233e-02	3.168808e+00	7.750936e-06	-1.519715e-05
1.213006682780233e-02	3.168808e+00	7.749464e-06	-7.391469e-07
1.214006682780233e-02	3.168808e+00	7.748034e-06	-1.519553e-05
1.215006682780233e-02	3.168809e+00	7.746644e-06	-7.398372e-07
1.216006682780233e-02	3.168809e+00	7.745293e-06	-1.519395e-05
1.217006682780233e-02	3.168809e+00	7.743982e-06	-7.405507e-07
1.218006682780233e-02	3.168809e+00	7.742706e-06	-1.519238e-05
1.219006682780233e-02	3.168809e+00	7.741466e-06	-7.412863e-07
1.220006682780233e-02	3.168809e+00	7.740262e-06	-1.519084e-05
1.221006682780233e-02	3.168809e+00	7.739091e-06	-7.420426e-07
1.222006682780233e-02	3.168809e+00	7.737954e-06	-1.518932e-05
1.223006682780233e-02	3.168809e+00	7.736849e-06	-7.428187e-07
1.224006682780233e-02	3.168809e+00	7.735774e-06	-1.518782e-05
1.225006682780233e-02	3.168809e+00	7.734730e-06	-7.436132e-07
1.226006682780233e-02	3.168809e+00	7.733715e-06	-1.518634e-05
1.227006682780233e-02	3.168809e+00	7.732730e-06	-7.444252e-07
1.228006682780233e-02	3.168809e+00	7.731771e-06	-1.518488e-05
1.229006682780233e-02	3.168809e+00	7.730840e-06	-7.452538e-07
1.230006682780233e-02	3.168809e+00	7.729934e-06	-1.518343e-05
1.231006682780233e-02	3.168809e+00	7.729054e-06	-7.460980e-07
1.232006682780233e-02	3.168809e+00	7.728198e-06	-1.518200e-05
1.233006682780233e-02	3.168809e+00	7.727367e-06	-7.469569e-07
1.234006682780233e-02	3.168809e+00	7.726559e-06	-1.518058e-05
1.235006682780233e-02	3.168809e+00	7.725774e-06	-7.478299e-07
1.236006682780233e-02	3.168809e+00	7.725012e-06	-1.517918e-05
1.237006682780233e-02	3.168809e+00	7.724269e-06	-7.487159e-07
1.238006682780233e-02	3.168809e+00	7.723547e-06	-1.517779e-05
1.239006682780233e-02	3.168809e+00	7.722847e-06	-7.496145e-07
1.240006682780233e-02	3.168809e+00	7.722166e-06	-1.517641e-05
1.241006682780233e-02	3.168809e+00	7.721503e-06	-7.505249e-07
1.242006682780233e-02	3.168809e+00	7.720859e-06	-1.517505e-05
1.243006682780233e-02	3.168809e+00	7.720233e-06	-7.514464e-07
1.244006682780233e-02	3.168809e+00	7.719626e-06	-1.517370e-05
1.245006682780233e-02	3.168809e+00	7.719034e-06	-7.523783e-07
1.246006682780233e-02	3.168809e+00	7.718460e-06	-1.517235e-05
1.247006682780233e-02	3.168809e+00	7.717900e-06	-7.533203e-07
1.248006682780233e-02	3.168809e+00	7.717357e-06	-1.517102e-05
1.249006682780233e-02	3.168809e+00	7.716829e-06	-7.542716e-07
1.250006682780233e-02	3.168809e+00	7.716315e-06	-1.516970e-05
1.251006682780233e-02	3.168809e+00	7.715817e-06	-7.552318e-07
1.252006682780233e-02	3.168809e+00	7.715331e-06	-1.516839e-05
1.253006682780233e-02	3.168809e+00	7.714860e-06	-7.562005e-07
1.254006682780233e-02	3.168809e+00	7.714401e-06	-1.516709e-05
1.255006682780233e-02	3.168809e+00	7.713955e-06	-7.571771e-07
1.256006682780233e-02	3.168809e+00	7.713521e-06	-1.516579e-05
1.257006682780233e-02	3.168810e+00	7.713100e-06	-7.581611e-07
1.258006682780233e-02	3.168809e+00	7.712690e-06	-1.516450e-05
1.259006682780233e-02	3.168809e+00	7.712291e-06	-7.591523e-07
1.260006682780233e-02	3.168809e+00	7.711904e-06	-1.516322e-05
1.261006682780233e-02	3.168809e+00	7.711527e-06	-7.601503e-07
1.262006682780233e-02	3.168810e+00	7.711162e-06	-1.516195e-05
1.263006682780233e-02	3.168809e+00	7.710805e-06	-7.611545e-07
1.264006682780233e-02	3.168809e+00	7.710459e-06	-1.516069e-05
1.265006682780233e-02	3.168809e+00	7.710122e-06	-7.621647e-07
1.266006682780233e-02	3.168809e+00	7.709795e-06	-1.515943e-05
1.267006682780233e-02	3.168809e+00	7.709476e-06	-7.631807e-07
1.268006682780233e-02	3.168809e+00	7.709167e-06	-1.515817e-05
1.269006682780233e-02	3.168809e+00	7.708866e-06	-7.642020e-07
1.270006682780233e-02	3.168809e+00	7.708573e-06	-1.515693e-05
1.271006682780233e-02	3.168810e+00	7.708288e-06	-7.652284e-07
1.272006682780233e-02	3.168809e+00	7.708011e-06	-1.515569e-05
1.273006682780233e-02	3.168809e+00	7.707742e-06	-7.662596e-07
1.274006682780233e-02	3.168809e+00	7.707480e-06	-1.515445e-05
1.275006682780233e-02	3.168809e+00	7.707225e-06	-7.672953e-07
1.276006682780233e-02	3.168809e+00	7.706977e-06	-1.515322e-05
1.277006682780233e-02	3.168809e+00	7.706736e-06	-7.683353e-07
1.278006682780233e-02	3.168809e+00	7.706502e-06	-1.515199e-05
1.279006682780233e-02	3.168809e+00	7.706274e-06	-7.693793e-07
1.280006682780233e-02	3.168809e+00	7.706053e-06	-1.515077e-05
1.281006682780233e-02	3.168810e+00	7.705838e-06	-7.704272e-07
1.282006682780233e-02	3.168809e+00	7.705627e-06	-1.514955e-05
1.283006682780233e-02	3.168810e+00	7.705423e-06	-7.714787e-07
1.284006682780233e-02	3.168809e+00	7.705225e-06	-1.514834e-05
1.285006682780233e-02	3.168809e+00	7.705032e-06	-7.725337e-07
1.286006682780233e-02	3.168810e+00	7.704844e-06	-1.514713e-05
1.287006682780233e-02	3.168809e+00	7.704661e-06	-7.735919e-07
1.288006682780233e-02	3.168810e+00	7.704483e-06	-1.514593e-05
1.289006682780233e-02	3.168809e+00	7.704311e-06	-7.746531e-07
1.290006682780233e-02	3.168809e+00	7.704142e-06	-1.514472e-05
1.291006682780233e-02	3.168810e+00	7.703979e-06	-7.757172e-07
1.292006682780233e-02	3.168809e+00	7.703819e-06	-1.514353e-05
1.293006682780233e-02	3.168809e+00	7.703665e-06	-7.767841e-07
1.294006682780233e-02	3.168810e+00	7.703515e-06	-1.514233e-05
1.295006682780233e-02	3.168809e+00	7.703367e-06	-7.778535e-07
1.296006682780233e-02	3.168809e+00	7.703225e-06	-1.514114e-05
1.297006682780233e-02	3.168810e+00	7.703086e-06	-7.789254e-07
1.298006682780233e-02	3.168810e+00	7.702951e-06	-1.513995e-05
1.299006682780233e-02	3.168809e+00	7.702820e-06	-7.799995e-07
1.300006682780233e-02	3.168809e+00	7.702692e-06	-1.513876e-05
1.301006682780233e-02	3.168810e+00	7.702567e-06	-7.810759e-07
1.302006682780233e-02	3.168810e+00	7.702446e-06	-1.513758e-05
1.303006682780233e-02	3.168809e+00	7.702329e-06	-7.821543e-07
1.304006682780233e-02	3.168809e+00	7.702213e-06	-1.513640e-05
1.305006682780233e-02	3.168810e+00	7.702101e-06	-7.832347e-07
1.306006682780233e-02	3.168810e+00	7.701993e-06	-1.513522e-05
1.307006682780233e-02	3.168809e+00	7.701888e-06	-7.843169e-07
1.308006682780233e-02	3.168809e+00	7.701785e-06	-1.513405e-05
1.309006682780233e-02	3.168810e+00	7.701685e-06	-7.854007e-07
1.310006682780233e-02	3.168810e+00	7.701587e-06	-1.513287e-05
1.311006682780233e-02	3.168810e+00	7.701492e-06	-7.864862e-07
1.312006682780233e-02	3.168809e+00	7.701399e-06	-1.513170e-05
1.313006682780233e-02	3.168809e+00	7.701310e-06	-7.875733e-07
1.314006682780233e-02	3.168809e+00	7.701222e-06	-1.513053e-05
1.315006682780233e-02	3.168810e+00	7.701137e-06	-7.886618e-07
1.316006682780233e-02	3.168810e+00	7.701054e-06	-1.512937e-05
1.317006682780233e-02	3.168810e+00	7.700973e-06	-7.897517e-07
1.318006682780233e-02	3.168809e+00	7.700894e-06	-1.512820e-05
1.319006682780233e-02	3.168809e+00	7.700817e-06	-7.908428e-07
1.320006682780233e-02	3.168809e+00	7.700743e-06	-1.512704e-05
1.321006682780233e-02	3.168810e+00	7.700671e-06	-7.919351e-07
1.322006682780233e-02	3.168810e+00	7.700600e-06	-1.512588e-05
1.323006682780233e-02	3.168810e+00	7.700531e-06	-7.930286e-07
1.324006682780233e-02	3.168809e+00	7.700464e-06	-1.512472e-05
1.325006682780233e-02	3.168809e+00	7.700399e-06	-7.941231e-07
1.326006682780233e-02	3.168809e+00	7.700335e-06	-1.512356e-05
1.327006682780233e-02	3.168809e+00	7.700273e-06	-7.952187e-07
1.328006682780233e-02	3.168810e+00	7.700213e-06	-1.512240e-05
1.329006682780233e-02	3.168810e+00	7.700154e-06	-7.963152e-07
1.330006682780233e-02	3.168810e+00	7.700097e-06	-1.512125e-05
1.331006682780233e-02	3.168810e+00	7.700041e-06	-7.974126e-07
1.332006682780233e-02	3.168809e+00	7.699988e-06	-1.512009e-05
1.333006682780233e-02	3.168809e+00	7.699934e-06	-7.985108e-07
1.334006682780233e-02	3.168809e+00	7.699882e-06	-1.511894e-05
1.335006682780233e-02	3.168809e+00	7.699832e-06	-7.996098e-07
1.336006682780233e-02	3.168809e+00	7.699784e-06	-1.511779e-05
1.337006682780233e-02	3.168810e+00	7.699736e-06	-8.007095e-07
1.338006682780233e-02	3.168810e+00	7.699689e-06	-1.511664e-05
1.339006682780233e-02	3.168810e+00	7.699644e-06	-8.018099e-07
1.340006682780233e-02	3.168810e+00	7.699600e-06	-1.511549e-05
1.341006682780233e-02	3.168810e+00	7.699558e-06	-8.029110e-07
1.342006682780233e-02	3.168809e+00	7.699516e-06	-1.511435e-05
1.343006682780233e-02	3.168809e+00	7.699475e-06	-8.040126e-07
1.344006682780233e-02	3.168809e+00	7.699436e-06	-1.511320e-05
1.345006682780233e-02	3.168809e+00	7.699397e-06	-8.051147e-07
1.346006682780233e-02	3.168809e+00	7.699359e-06	-1.511206e-05
1.347006682780233e-02	3.168809e+00	7.699322e-06	-8.062174e-07
1.348006682780233e-02	3.168809e+00	7.699286e-06	-1.511092e-05
1.349006682780233e-02	3.168810e+00	7.699251e-06	-8.073206e-07
1.350006682780233e-02	3.168810e+00	7.699217e-06	-1.510977e-05
1.351006682780233e-02	3.168810e+00	7.699184e-06	-8.084242e-07
1.352006682780233e-02	3.168810e+00	7.699152e-06	-1.510863e-05
1.353006682780233e-02	3.168810e+00	7.699120e-06	-8.095282e-07
1.354006682780233e-02	3.168810e+00	7.699090e-06	-1.510749e-05
1.355006682780233e-02	3.168810e+00	7.699060e-06	-8.106326e-07
1.356006682780233e-02	3.168809e+00	7.699031e-06	-1.510635e-05
1.357006682780233e-02	3.168809e+00	7.699002e-06	-8.117374e-07
1.358006682780233e-02	3.168809e+00	7.698975e-06	-1.510522e-05
1.359006682780233e-02	3.168809e+00	7.698947e-06	-8.128425e-07
1.360006682780233e-02	3.168809e+00	7.698921e-06	-1.510408e-05
1.361006682780233e-02	3.168809e+00	7.698895e-06	-8.139478e-07
1.362006682780233e-02	3.168809e+00	7.698870e-06	-1.510294e-05
1.363006682780233e-02	3.168809e+00	7.698845e-06	-8.150535e-07
1.364006682780233e-02	3.168809e+00	7.698822e-06	-1.510181e-05
1.365006682780233e-02	3.168810e+00	7.698798e-06	-8.161593e-07
1.366006682780233e-02	3.168810e+00	7.698775e-06	-1.510067e-05
1.367006682780233e-02	3.168810e+00	7.698754e-06	-8.172654e-07
1.368006682780233e-02	3.168810e+00	7.698732e-06	-1.509954e-05
1.369006682780233e-02	3.168810e+00	7.698711e-06	-8.183717e-07
1.370006682780233e-02	3.168810e+00	7.698691e-06	-1.509841e-05
1.371006682780233e-02	3.168810e+00	7.698671e-06	-8.194782e-07
1.372006682780233e-02	3.168810e+00	7.698651e-06	-1.509727e-05
1.373006682780233e-02	3.168810e+00	7.698632e-06	-8.205848e-07
1.374006682780233e-02	3.168810e+00	7.698613e-06	-1.509614e-05
1.375006682780233e-02	3.168810e+00	7.698594e-06	-8.216916e-07
1.376006682780233e-02	3.168810e+00	7.698577e-06	-1.509501e-05
1.377006682780233e-02	3.168810e+00	7.698560e-06	-8.227984e-07
1.378006682780233e-02	3.168809e+00	7.698543e-06	-1.509388e-05
1.379006682780233e-02	3.168809e+00	7.698527e-06	-8.239054e-07
1.380006682780233e-02	3.168809e+00	7.698511e-06	-1.509275e-05
1.381006682780233e-02	3.168809e+00	7.698494e-06	-8.250125e-07
1.382006682780233e-02	3.168809e+00	7.698480e-06	-1.509163e-05
1.383006682780233e-02	3.168809e+00	7.698464e-06	-8.261196e-07
1.384006682780233e-02	3.168809e+00	7.698449e-06	-1.509050e-05
1.385006682780233e-02	3.168809e+00	7.698435e-06	-8.272268e-07
1.386006682780233e-02	3.168809e+00	7.698422e-06	-1.508937e-05
1.387006682780233e-02	3.168809e+00	7.698408e-06	-8.283340e-07
1.388006682780233e-02	3.168809e+00	7.698394e-06	-1.508825e-05
1.389006682780233e-02	3.168809e+00	7.698382e-06	-8.294413e-07
1.390006682780233e-02	3.168809e+00	7.698369e-06	-1.508712e-05
1.391006682780233e-02	3.168809e+00	7.698356e-06	-8.305485e-07
1.392006682780233e-02	3.168809e+00	7.698344e-06	-1.508600e-05
1.393006682780233e-02	3.168809e+00	7.698332e-06	-8.316558e-07
1.394006682780233e-02	3.168809e+00	7.698321e-06	-1.508487e-05
1.395006682780233e-02	3.168810e+00	7.698310e-06	-8.327630e-07
1.396006682780233e-02	3.168810e+00	7.698299e-06	-1.508375e-05
1.397006682780233e-02	3.168810e+00	7.698288e-06	-8.338703e-07
1.398006682780233e-02	3.168810e+00	7.698277e-06	-1.508262e-05
1.399006682780233e-02	3.168810e+00	7.698267e-06	-8.349775e-07
1.400006682780233e-02	3.168810e+00	7.698257e-06	-1.508150e-05
1.401006682780233e-02	3.168810e+00	7.698247e-06	-8.360846e-07
1.402006682780233e-02	3.168810e+00	7.698238e-06	-1.508038e-05
1.403006682780233e-02	3.168810e+00	7.698228e-06	-8.371917e-07
1.404006682780233e-02	3.168810e+00	7.698219e-06	-1.507926e-05
1.405006682780233e-02	3.168810e+00	7.698210e-06	-8.382987e-07
1.406006682780233e-02	3.168810e+00	7.698201e-06	-1.507814e-05
1.407006682780233e-02	3.168810e+00	7.698192e-06	-8.394056e-07
1.408006682780233e-02	3.168810e+00	7.698185e-06	-1.507702e-05
1.409006682780233e-02	3.168810e+00	7.698176e-06	-8.405125e-07
1.410006682780233e-02	3.168810e+00	7.698169e-06	-1.507590e-05
1.411006682780233e-02	3.168810e+00	7.698161e-06	-8.416193e-07
1.412006682780233e-02	3.168810e+00	7.698152e-06	-1.507478e-05
1.413006682780233e-02	3.168810e+00	7.698145e-06	-8.427260e-07
1.414006682780233e-02	3.168810e+00	7.698138e-06	-1.507366e-05
1.415006682780233e-02	3.168810e+00	7.698131e-06	-8.438325e-07
1.416006682780233e-02	3.168810e+00	7.698123e-06	-1.507254e-05
1.417006682780233e-02	3.168810e+00	7.698117e-06	-8.449389e-07
1.418006682780233e-02	3.168810e+00	7.698110e-06	-1.507142e-05
1.419006682780233e-02	3.168810e+00	7.698103e-06	-8.460453e-07
1.420006682780233e-02	3.168810e+00	7.698098e-06	-1.507031e-05
1.421006682780233e-02	3.168810e+00	7.698091e-06	-8.471515e-07
1.422006682780233e-02	3.168810e+00	7.698085e-06	-1.506919e-05
1.423006682780233e-02	3.168810e+00	7.698079e-06	-8.482575e-07
1.424006682780233e-02	3.168809e+00	7.698073e-06	-1.506807e-05
1.425006682780233e-02	3.168809e+00	7.698068e-06	-8.493635e-07
1.426006682780233e-02	3.168809e+00	7.698061e-06	-1.506696e-05
1.427006682780233e-02	3.168809e+00	7.698056e-06	-8.504692e-07
1.428006682780233e-02	3.168809e+00	7.698051e-06	-1.506584e-05
1.429006682780233e-02	3.168809e+00	7.698046e-06	-8.515748e-07
1.430006682780233e-02	3.168809e+00	7.698040e-06	-1.506473e-05
1.431006682780233e-02	3.168809e+00	7.698035e-06	-8.526803e-07
1.432006682780233e-02	3.168809e+00	7.698030e-06	-1.506361e-05
1.433006682780233e-02	3.168809e+00	7.698025e-06	-8.537857e-07
1.434006682780233e-02	3.168809e+00	7.698021e-06	-1.506250e-05
1.435006682780233e-02	3.168809e+00	7.698016e-06	-8.548907e-07
1.436006682780233e-02	3.168809e+00	7.698012e-06	-1.506138e-05
1.437006682780233e-02	3.168809e+00	7.698007e-06	-8.559957e-07
1.438006682780233e-02	3.168809e+00	7.698003e-06	-1.506027e-05
1.439006682780233e-02	3.168809e+00	7.697999e-06	-8.571005e-07
1.440006682780233e-02	3.168809e+00	7.697995e-06	-1.505916e-05
1.441006682780233e-02	3.168809e+00	7.697990e-06	-8.582051e-07
1.442006682780233e-02	3.168809e+00	7.697987e-06	-1.505805e-05
1.443006682780233e-02	3.168809e+00	7.697983e-06	-8.593095e-07
1.444006682780233e-02	3.168809e+00	7.697979e-06	-1.505693e-05
1.445006682780233e-02	3.168809e+00	7.697975e-06	-8.604138e-07
1.446006682780233e-02	3.168809e+00	7.697971e-06	-1.505582e-05
1.447006682780233e-02	3.168809e+00	7.697968e-06	-8.615178e-07
1.448006682780233e-02	3.168809e+00	7.697964e-06	-1.505471e-05
1.449006682780233e-02	3.168809e+00	7.697961e-06	-8.626216e-07
1.450006682780233e-02	3.168809e+00	7.697958e-06	-1.505360e-05
1.451006682780233e-02	3.168809e+00	7.697954e-06	-8.637252e-07
1.452006682780233e-02	3.168809e+00	7.697950e-06	-1.505249e-05
1.453006682780233e-02	3.168809e+00	7.697948e-06	-8.648287e-07
1.454006682780233e-02	3.168809e+00	7.697944e-06	-1.505138e-05
1.455006682780233e-02	3.168809e+00	7.697941e-06	-8.659319e-07
1.456006682780233e-02	3.168809e+00	7.697939e-06	-1.505027e-05
1.457006682780233e-02	3.168809e+00	7.697935e-06	-8.670349e-07
1.458006682780233e-02	3.168809e+00	7.697932e-06	-1.504916e-05
1.459006682780233e-02	3.168809e+00	7.697930e-06	-8.681377e-07
1.460006682780233e-02	3.168809e+00	7.697927e-06	-1.504805e-05
1.461006682780233e-02	3.168809e+00	7.697924e-06	-8.692402e-07
1.462006682780233e-02	3.168809e+00	7.697921e-06	-1.504695e-05
1.463006682780233e-02	3.168809e+00	7.697919e-06	-8.703426e-07
1.464006682780233e-02	3.168809e+00	7.697916e-06	-1.504584e-05
1.465006682780233e-02	3.168809e+00	7.697914e-06	-8.714447e-07
1.466006682780233e-02	3.168809e+00	7.697911e-06	-1.504473e-05
1.467006682780233e-02	3.168809e+00	7.697909e-06	-8.725467e-07
1.468006682780233e-02	3.168809e+00	7.697907e-06	-1.504362e-05
1.469006682780233e-02	3.168809e+00	7.697904e-06	-8.736483e-07
1.470006682780233e-02	3.168809e+00	7.697902e-06	-1.504252e-05
1.471006682780233e-02	3.168809e+00	7.697899e-06	-8.747498e-07
1.472006682780233e-02	3.168809e+00	7.697898e-06	-1.504141e-05
1.473006682780233e-02	3.168809e+00	7.697896e-06	-8.758510e-07
1.474006682780233e-02	3.168809e+00	7.697893e-06	-1.504031e-05
1.475006682780233e-02	3.168809e+00	7.697891e-06	-8.769520e-07
1.476006682780233e-02	3.168809e+00	7.697889e-06	-1.503920e-05
1.477006682780233e-02	3.168809e+00	7.697887e-06	-8.780527e-07
1.478006682780233e-02	3.168809e+00	7.697885e-06	-1.503810e-05
1.479006682780233e-02	3.168809e+00	7.697883e-06	-8.791533e-07
1.480006682780233e-02	3.168809e+00	7.697881e-06	-1.503699e-05
1.481006682780233e-02	3.168809e+00	7.697879e-06	-8.802535e-07
1.482006682780233e-02	3.168809e+00	7.697878e-06	-1.503589e-05
1.483006682780233e-02	3.168810e+00	7.697876e-06	-8.813535e-07
1.484006682780233e-02	3.168810e+00	7.697874e-06	-1.503478e-05
1.485006682780233e-02	3.168810e+00	7.697872e-06	-8.824533e-07
1.486006682780233e-02	3.168810e+00	7.697870e-06	-1.503368e-05
1.487006682780233e-02	3.168810e+00	7.697869e-06	-8.835528e-07
1.488006682780233e-02	3.168810e+00	7.697868e-06	-1.503258e-05
1.489006682780233e-02	3.168810e+00	7.697866e-06	-8.846521e-07
1.490006682780233e-02	3.168810e+00	7.697864e-06	-1.503147e-05
1.491006682780233e-02	3.168810e+00	7.697862e-06	-8.857511e-07
1.492006682780233e-02	3.168810e+00	7.697861e-06	-1.503037e-05
1.493006682780233e-02	3.168810e+00	7.697859e-06	-8.868499e-07
1.494006682780233e-02	3.168810e+00	7.697859e-06	-1.502927e-05
1.495006682780233e-02	3.168810e+00	7.697857e-06	-8.879485e-07
1.496006682780233e-02	3.168810e+00	7.697856e-06	-1.502817e-05
1.497006682780233e-02	3.168810e+00	7.697854e-06	-8.890468e-07
1.498006682780233e-02	3.168810e+00	7.697852e-06	-1.502707e-05
1.499006682780233e-02	3.168810e+00	7.697851e-06	-8.901448e-07
1.500006682780233e-02	3.168810e+00	7.697850e-06	-1.502596e-05
1.501006682780233e-02	3.168810e+00	7.697849e-06	-8.912426e-07
1.502006682780233e-02	3.168810e+00	7.697848e-06	-1.502486e-05
1.503006682780233e-02	3.168810e+00	7.697846e-06	-8.923400e-07
1.504006682780233e-02	3.168810e+00	7.697845e-06	-1.502376e-05
1.505006682780233e-02	3.168810e+00	7.697843e-06	-8.934373e-07
1.506006682780233e-02	3.168810e+00	7.697842e-06	-1.502266e-05
1.507006682780233e-02	3.168810e+00	7.697841e-06	-8.945343e-07
1.508006682780233e-02	3.168810e+00	7.697839e-06	-1.502156e-05
1.509006682780233e-02	3.168810e+00	7.697839e-06	-8.956310e-07
1.510006682780233e-02	3.168810e+00	7.697838e-06	-1.502046e-05
1.511006682780233e-02	3.168810e+00	7.697837e-06	-8.967275e-07
1.512006682780233e-02	3.168810e+00	7.697836e-06	-1.501936e-05
1.513006682780233e-02	3.168810e+00	7.697835e-06	-8.978237e-07
1.514006682780233e-02	3.168810e+00	7.697834e-06	-1.501827e-05
1.515006682780233e-02	3.168810e+00	7.697833e-06	-8.989196e-07
1.516006682780233e-02	3.168810e+00	7.697831e-06	-1.501717e-05
1.517006682780233e-02	3.168810e+00	7.697830e-06	-9.000153e-07
1.518006682780233e-02	3.168810e+00	7.697829e-06	-1.501607e-05
1.519006682780233e-02	3.168810e+00	7.697829e-06	-9.011107e-07
1.520006682780233e-02	3.168810e+00	7.697828e-06	-1.501497e-05
1.521006682780233e-02	3.168810e+00	7.697827e-06	-9.022058e-07
1.522006682780233e-02	3.168810e+00	7.697826e-06	-1.501387e-05
1.523006682780233e-02	3.168810e+00	7.697825e-06	-9.033006e-07
1.524006682780233e-02	3.168810e+00	7.697825e-06	-1.501278e-05
1.525006682780233e-02	3.168810e+00	7.697823e-06	-9.043953e-07
1.526006682780233e-02	3.168810e+00	7.697823e-06	-1.501168e-05
1.527006682780233e-02	3.168810e+00	7.697821e-06	-9.054896e-07
1.528006682780233e-02	3.168810e+00	7.697821e-06	-1.501059e-05
1.529006682780233e-02	3.168810e+00	7.697819e-06	-9.065836e-07
1.530006682780233e-02	3.168810e+00	7.697819e-06	-1.500949e-05
1.531006682780233e-02	3.168810e+00	7.697819e-06	-9.076774e-07
1.532006682780233e-02	3.168810e+00	7.697818e-06	-1.500839e-05
1.533006682780233e-02	3.168810e+00	7.697818e-06	-9.087709e-07
1.534006682780233e-02	3.168810e+00	7.697816e-06	-1.500730e-05
1.535006682780233e-02	3.168810e+00	7.697816e-06	-9.098642e-07
1.536006682780233e-02	3.168810e+00	7.697815e-06	-1.500620e-05
1.537006682780233e-02	3.168810e+00	7.697814e-06	-9.109571e-07
1.538006682780233e-02	3.168810e+00	7.697814e-06	-1.500511e-05
1.539006682780233e-02	3.168810e+00	7.697813e-06	-9.120498e-07
1.540006682780233e-02	3.168810e+00	7.697812e-06	-1.500401e-05
1.541006682780233e-02	3.168810e+00	7.697811e-06	-9.131422e-07
1.542006682780233e-02	3.168810e+00	7.697810e-06	-1.500292e-05
1.543006682780233e-02	3.168810e+00	7.697810e-06	-9.142344e-07
1.544006682780233e-02	3.168810e+00	7.697809e-06	-1.500183e-05
1.545006682780233e-02	3.168810e+00	7.697809e-06	-9.153262e-07
1.546006682780233e-02	3.168810e+00	7.697809e-06	-1.500073e-05
1.547006682780233e-02	3.168810e+00	7.697808e-06	-9.164178e-07
1.548006682780233e-02	3.168810e+00	7.697807e-06	-1.499964e-05
1.549006682780233e-02	3.168810e+00	7.697807e-06	-9.175091e-07
1.550006682780233e-02	3.168810e+00	7.697806e-06	-1.499855e-05
1.551006682780233e-02	3.168810e+00	7.697806e-06	-9.186001e-07
1.552006682780233e-02	3.168810e+00	7.697805e-06	-1.499745e-05
1.553006682780233e-02	3.168810e+00	7.697804e-06	-9.196909e-07
1.554006682780233e-02	3.168810e+00	7.697804e-06	-1.499636e-05
1.555006682780233e-02	3.168810e+00	7.697803e-06	-9.207814e-07
1.556006682780233e-02	3.168810e+00	7.697803e-06	-1.499527e-05
1.557006682780233e-02	3.168810e+00	7.697802e-06	-9.218715e-07
1.558006682780233e-02	3.168810e+00	7.697802e-06	-1.499418e-05
1.559006682780233e-02	3.168810e+00	7.697801e-06	-9.229614e-07
1.560006682780233e-02	3.168810e+00	7.697801e-06	-1.499309e-05
1.561006682780233e-02	3.168810e+00	7.697800e-06	-9.240511e-07
1.562006682780233e-02	3.168810e+00	7.697799e-06	-1.499200e-05
1.563006682780233e-02	3.168810e+00	7.697799e-06	-9.251404e-07
1.564006682780233e-02	3.168810e+00	7.697799e-06	-1.499091e-05
1.565006682780233e-02	3.168810e+00	7.697799e-06	-9.262295e-07
1.566006682780233e-02	3.168810e+00	7.697798e-06	-1.498982e-05
1.567006682780233e-02	3.168810e+00	7.697798e-06	-9.273182e-07
1.568006682780233e-02	3.168810e+00	7.697797e-06	-1.498873e-05
1.569006682780233e-02	3.168810e+00	7.697797e-06	-9.284068e-07
1.570006682780233e-02	3.168810e+00	7.697796e-06	-1.498764e-05
1.571006682780233e-02	3.168810e+00	7.697796e-06	-9.294950e-07
1.572006682780233e-02	3.168810e+00	7.697796e-06	-1.498655e-05
1.573006682780233e-02	3.168810e+00	7.697796e-06	-9.305829e-07
1.574006682780233e-02	3.168810e+00	7.697795e-06	-1.498546e-05
1.575006682780233e-02	3.168810e+00	7.697795e-06	-9.316706e-07
1.576006682780233e-02	3.168810e+00	7.697794e-06	-1.498437e-05
1.577006682780233e-02	3.168810e+00	7.697794e-06	-9.327579e-07
1.578006682780233e-02	3.168810e+00	7.697793e-06	-1.498328e-05
1.579006682780233e-02	3.168810e+00	7.697793e-06	-9.338451e-07
1.580006682780233e-02	3.168810e+00	7.697792e-06	-1.498219e-05
1.581006682780233e-02	3.168810e+00	7.697792e-06	-9.349318e-07
1.582006682780233e-02	3.168810e+00	7.697792e-06	-1.498111e-05
1.583006682780233e-02	3.168810e+00	7.697791e-06	-9.360184e-07
1.584006682780233e-02	3.168810e+00	7.697791e-06	-1.498002e-05
1.585006682780233e-02	3.168810e+00	7.697790e-06	-9.371046e-07
1.586006682780233e-02	3.168810e+00	7.697790e-06	-1.497893e-05
1.587006682780233e-02	3.168810e+00	7.697790e-06	-9.381906e-07
1.588006682780233e-02	3.168810e+00	7.697790e-06	-1.497785e-05
1.589006682780233e-02	3.168810e+00	7.697789e-06	-9.392762e-07
1.590006682780233e-02	3.168810e+00	7.697789e-06	-1.497676e-05
1.591006682780233e-02	3.168810e+00	7.697789e-06	-9.403616e-07
1.592006682780233e-02	3.168810e+00	7.697789e-06	-1.497567e-05
1.593006682780233e-02	3.168810e+00	7.697789e-06	-9.414467e-07
1.594006682780233e-02	3.168810e+00	7.697789e-06	-1.497459e-05
1.595006682780233e-02	3.168810e+00	7.697788e-06	-9.425315e-07
1.596006682780233e-02	3.168810e+00	7.697788e-06	-1.497350e-05
1.597006682780233e-02	3.168810e+00	7.697787e-06	-9.436160e-07
1.598006682780233e-02	3.168810e+00	7.697787e-06	-1.497242e-05
1.599006682780233e-02	3.168810e+00	7.697787e-06	-9.447003e-07
1.600006682780233e-02	3.168810e+00	7.697787e-06	-1.497133e-05
1.601006682780233e-02	3.168810e+00	7.697787e-06	-9.457842e-07
1.602006682780233e-02	3.168810e+00	7.697786e-06	-1.497025e-05
1.603006682780233e-02	3.168810e+00	7.697786e-06	-9.468679e-07
1.604006682780233e-02	3.168810e+00	7.697785e-06	-1.496916e-05
1.605006682780233e-02	3.168810e+00	7.697785e-06	-9.479513e-07
1.606006682780233e-02	3.168810e+00	7.697785e-06	-1.496808e-05
1.607006682780233e-02	3.168810e+00	7.697785e-06	-9.490344e-07
1.608006682780233e-02	3.168810e+00	7.697784e-06	-1.496699e-05
1.609006682780233e-02	3.168810e+00	7.697784e-06	-9.501172e-07
1.610006682780233e-02	3.168810e+00	7.697784e-06	-1.496591e-05
1.611006682780233e-02	3.168810e+00	7.697784e-06	-9.511998e-07
1.612006682780233e-02	3.168810e+00	7.697783e-06	-1.496483e-05
1.613006682780233e-02	3.168810e+00	7.697783e-06	-9.522820e-07
1.614006682780233e-02	3.168810e+00	7.697783e-06	-1.496375e-05
1.615006682780233e-02	3.168810e+00	7.697783e-06	-9.533639e-07
1.616006682780233e-02	3.168810e+00	7.697783e-06	-1.496266e-05
1.617006682780233e-02	3.168810e+00	7.697782e-06	-9.544456e-07
1.618006682780233e-02	3.168810e+00	7.697782e-06	-1.496158e-05
1.619006682780233e-02	3.168810e+00	7.697782e-06	-9.555270e-07
1.620006682780233e-02	3.168810e+00	7.697782e-06	-1.496050e-05
1.621006682780233e-02	3.168810e+00	7.697781e-06	-9.566080e-07
1.622006682780233e-02	3.168810e+00	7.697781e-06	-1.495942e-05
1.623006682780233e-02	3.168810e+00	7.697781e-06	-9.576888e-07
1.624006682780233e-02	3.168810e+00	7.697781e-06	-1.495834e-05
1.625006682780233e-02	3.168810e+00	7.697781e-06	-9.587694e-07
1.626006682780233e-02	3.168810e+00	7.697781e-06	-1.495726e-05
1.627006682780233e-02	3.168810e+00	7.697780e-06	-9.598496e-07
1.628006682780233e-02	3.168810e+00	7.697780e-06	-1.495618e-05
1.629006682780233e-02	3.168810e+00	7.697779e-06	-9.609296e-07
1.630006682780233e-02	3.168810e+00	7.697779e-06	-1.495510e-05
1.631006682780233e-02	3.168810e+00	7.697779e-06	-9.620092e-07
1.632006682780233e-02	3.168810e+00	7.697779e-06	-1.495402e-05
1.633006682780233e-02	3.168810e+00	7.697779e-06	-9.630886e-07
1.634006682780233e-02	3.168810e+00	7.697779e-06	-1.495294e-05
1.635006682780233e-02	3.168810e+00	7.697779e-06	-9.641676e-07
1.636006682780233e-02	3.168810e+00	7.697779e-06	-1.495186e-05
1.637006682780233e-02	3.168810e+00	7.697779e-06	-9.652464e-07
1.638006682780233e-02	3.168810e+00	7.697779e-06	-1.495078e-05
1.639006682780233e-02	3.168810e+00	7.697779e-06	-9.663249e-07
1.640006682780233e-02	3.168810e+00	7.697779e-06	-1.494970e-05
1.641006682780233e-02	3.168810e+00	7.697779e-06	-9.674031e-07
1.642006682780233e-02	3.168810e+00	7.697778e-06	-1.494862e-05
1.643006682780233e-02	3.168810e+00	7.697778e-06	-9.684811e-07
1.644006682780233e-02	3.168810e+00	7.697778e-06	-1.494754e-05
1.645006682780233e-02	3.168810e+00	7.697778e-06	-9.695588e-07
1.646006682780233e-02	3.168810e+00	7.697778e-06	-1.494646e-05
1.647006682780233e-02	3.168810e+00	7.697778e-06	-9.706361e-07
1.648006682780233e-02	3.168810e+00	7.697778e-06	-1.494539e-05
1.649006682780233e-02	3.168810e+00	7.697778e-06	-9.717131e-07
1.650006682780233e-02	3.168810e+00	7.697778e-06	-1.494431e-05
1.651006682780233e-02	3.168810e+00	7.697777e-06	-9.727900e-07
1.652006682780233e-02	3.168810e+00	7.697777e-06	-1.494323e-05
1.653006682780233e-02	3.168810e+00	7.697777e-06	-9.738665e-07
1.654006682780233e-02	3.168810e+00	7.697777e-06	-1.494215e-05
1.655006682780233e-02	3.168810e+00	7.697777e-06	-9.749426e-07
1.656006682780233e-02	3.168810e+00	7.697777e-06	-1.494108e-05
1.657006682780233e-02	3.168810e+00	7.697776e-06	-9.760186e-07
1.658006682780233e-02	3.168810e+00	7.697776e-06	-1.494000e-05
1.659006682780233e-02	3.168810e+00	7.697776e-06	-9.770941e-07
1.660006682780233e-02	3.168810e+00	7.697776e-06	-1.493893e-05
1.661006682780233e-02	3.168810e+00	7.697776e-06	-9.781695e-07
1.662006682780233e-02	3.168810e+00	7.697776e-06	-1.493785e-05
1.663006682780233e-02	3.168810e+00	7.697776e-06	-9.792445e-07
1.664006682780233e-02	3.168810e+00	7.697776e-06	-1.493678e-05
1.665006682780233e-02	3.168810e+00	7.697776e-06	-9.803193e-07
1.666006682780233e-02	3.168810e+00	7.697776e-06	-1.493570e-05
1.667006682780233e-02	3.168810e+00	7.697776e-06	-9.813938e-07
1.668006682780233e-02	3.168810e+00	7.697776e-06	-1.493463e-05
1.669006682780233e-02	3.168810e+00	7.697776e-06	-9.824680e-07
1.670006682780233e-02	3.168810e+00	7.697775e-06	-1.493355e-05
1.671006682780233e-02	3.168810e+00	7.697775e-06	-9.835419e-07
1.672006682780233e-02	3.168810e+00	7.697775e-06	-1.493248e-05
1.673006682780233e-02	3.168810e+00	7.697775e-06	-9.846156e-07
1.674006682780233e-02	3.168810e+00	7.697774e-06	-1.493140e-05
1.675006682780233e-02	3.168810e+00	7.697774e-06	-9.856889e-07
1.676006682780233e-02	3.168810e+00	7.697774e-06	-1.493033e-05
1.677006682780233e-02	3.168810e+00	7.697774e-06	-9.867618e-07
1.678006682780233e-02	3.168810e+00	7.697774e-06	-1.492926e-05
1.679006682780233e-02	3.168810e+00	7.697774e-06	-9.878346e-07
1.680006682780233e-02	3.168810e+00	7.697774e-06	-1.492818e-05
1.681006682780233e-02	3.168810e+00	7.697774e-06	-9.889071e-07
1.682006682780233e-02	3.168810e+00	7.697774e-06	-1.492711e-05
1.683006682780233e-02	3.168810e+00	7.697774e-06	-9.899793e-07
1.684006682780233e-02	3.168810e+00	7.697774e-06	-1.492604e-05
1.685006682780233e-02	3.168810e+00	7.697774e-06	-9.910511e-07
1.686006682780233e-02	3.168810e+00	7.697774e-06	-1.492497e-05
1.687006682780233e-02	3.168810e+00	7.697774e-06	-9.921228e-07
1.688006682780233e-02	3.168810e+00	7.697774e-06	-1.492390e-05
1.689006682780233e-02	3.168810e+00	7.697773e-06	-9.931941e-07
1.690006682780233e-02	3.168810e+00	7.697773e-06	-1.492282e-05
1.691006682780233e-02	3.168810e+00	7.697773e-06	-9.942652e-07
1.692006682780233e-02	3.168810e+00	7.697773e-06	-1.492175e-05
1.693006682780233e-02	3.168810e+00	7.697773e-06	-9.953359e-07
1.694006682780233e-02	3.168810e+00	7.697773e-06	-1.492068e-05
1.695006682780233e-02	3.168810e+00	7.697772e-06	-9.964064e-07
1.696006682780233e-02	3.168810e+00	7.697772e-06	-1.491961e-05
1.697006682780233e-02	3.168810e+00	7.697772e-06	-9.974765e-07
1.698006682780233e-02	3.168810e+00	7.697772e-06	-1.491854e-05
1.699006682780233e-02	3.168810e+00	7.697772e-06	-9.985464e-07
1.700006682780233e-02	3.168810e+00	7.697772e-06	-1.491747e-05
1.701006682780233e-02	3.168810e+00	7.697772e-06	-9.996160e-07
1.702006682780233e-02	3.168810e+00	7.697772e-06	-1.491640e-05
1.703006682780233e-02	3.168810e+00	7.697772e-06	-1.000685e-06
1.704006682780233e-02	3.168810e+00	7.697772e-06	-1.491533e-05
1.705006682780233e-02	3.168810e+00	7.697772e-06	-1.001754e-06
1.706006682780233e-02	3.168810e+00	7.697772e-06	-1.491426e-05
1.707006682780233e-02	3.168810e+00	7.697772e-06	-1.002823e-06
1.708006682780233e-02	3.168810e+00	7.697772e-06	-1.491320e-05
1.709006682780233e-02	3.168810e+00	7.697772e-06	-1.003891e-06
1.710006682780233e-02	3.168810e+00	7.697772e-06	-1.491213e-05
1.711006682780233e-02	3.168810e+00	7.697772e-06	-1.004960e-06
1.712006682780233e-02	3.168810e+00	7.697772e-06	-1.491106e-05
1.713006682780233e-02	3.168810e+00	7.697772e-06	-1.006028e-06
1.714006682780233e-02	3.168810e+00	7.697772e-06	-1.490999e-05
1.715006682780233e-02	3.168810e+00	7.697772e-06	-1.007095e-06
1.716006682780233e-02	3.168810e+00	7.697771e-06	-1.490892e-05
1.717006682780233e-02	3.168810e+00	7.697771e-06	-1.008162e-06
1.718006682780233e-02	3.168810e+00	7.697771e-06	-1.490786e-05
1.719006682780233e-02	3.168810e+00	7.697771e-06	-1.009229e-06
1.720006682780233e-02	3.168810e+00	7.697771e-06	-1.490679e-05
1.721006682780233e-02	3.168810e+00	7.697771e-06	-1.010296e-06
1.722006682780233e-02	3.168810e+00	7.697771e-06	-1.490572e-05
1.723006682780233e-02	3.168810e+00	7.697771e-06	-1.011363e-06
1.724006682780233e-02	3.168810e+00	7.697771e-06	-1.490466e-05
1.725006682780233e-02	3.168810e+00	7.697771e-06	-1.012429e-06
1.726006682780233e-02	3.168810e+00	7.697771e-06	-1.490359e-05
1.727006682780233e-02	3.168810e+00	7.697771e-06	-1.013495e-06
1.728006682780233e-02	3.168810e+00	7.697771e-06	-1.490252e-05
1.729006682780233e-02	3.168810e+00	7.697771e-06	-1.014560e-06
1.730006682780233e-02	3.168810e+00	7.697771e-06	-1.490146e-05
1.731006682780233e-02	3.168810e+00	7.697770e-06	-1.015626e-06
1.732006682780233e-02	3.168810e+00	7.697770e-06	-1.490039e-05
1.733006682780233e-02	3.168810e+00	7.697770e-06	-1.016690e-06
1.734006682780233e-02	3.168810e+00	7.697770e-06	-1.489933e-05
1.735006682780233e-02	3.168810e+00	7.697770e-06	-1.017755e-06
1.736006682780233e-02	3.168810e+00	7.697770e-06	-1.489826e-05
1.737006682780233e-02	3.168810e+00	7.697770e-06	-1.018820e-06
1.738006682780233e-02	3.168810e+00	7.697770e-06	-1.489720e-05
1.739006682780233e-02	3.168810e+00	7.697770e-06	-1.019884e-06
1.740006682780233e-02	3.168810e+00	7.697770e-06	-1.489613e-05
1.741006682780233e-02	3.168810e+00	7.697770e-06	-1.020948e-06
1.742006682780233e-02	3.168810e+00	7.697770e-06	-1.489507e-05
1.743006682780233e-02	3.168810e+00	7.697770e-06	-1.022011e-06
1.744006682780233e-02	3.168810e+00	7.697770e-06	-1.489401e-05
1.745006682780233e-02	3.168810e+00	7.697770e-06	-1.023075e-06
1.746006682780233e-02	3.168810e+00	7.697770e-06	-1.489294e-05
1.747006682780233e-02	3.168810e+00	7.697770e-06	-1.024138e-06
1.748006682780233e-02	3.168810e+00	7.697770e-06	-1.489188e-05
1.749006682780233e-02	3.168810e+00	7.697770e-06	-1.025200e-06
1.750006682780233e-02	3.168810e+00	7.697770e-06	-1.489082e-05
1.751006682780233e-02	3.168810e+00	7.697770e-06	-1.026263e-06
1.752006682780233e-02	3.168810e+00	7.697770e-06	-1.488976e-05
1.753006682780233e-02	3.168810e+00	7.697770e-06	-1.027325e-06
1.754006682780233e-02	3.168810e+00	7.697770e-06	-1.488869e-05
1.755006682780233e-02	3.168810e+00	7.697770e-06	-1.028387e-06
1.756006682780233e-02	3.168810e+00	7.697770e-06	-1.488763e-05
1.757006682780233e-02	3.168810e+00	7.697770e-06	-1.029449e-06
1.758006682780233e-02	3.168810e+00	7.697770e-06	-1.488657e-05
1.759006682780233e-02	3.168810e+00	7.697770e-06	-1.030510e-06
1.760006682780233e-02	3.168810e+00	7.697770e-06	-1.488551e-05
1.761006682780233e-02	3.168810e+00	7.697770e-06	-1.031571e-06
1.762006682780233e-02	3.168810e+00	7.697770e-06	-1.488445e-05
1.763006682780233e-02	3.168810e+00	7.697770e-06	-1.032632e-06
1.764006682780233e-02	3.168810e+00	7.697770e-06	-1.488339e-05
1.765006682780233e-02	3.168810e+00	7.697770e-06	-1.033692e-06
1.766006682780233e-02	3.168810e+00	7.697770e-06	-1.488233e-05
1.767006682780233e-02	3.168810e+00	7.697770e-06	-1.034752e-06
1.768006682780233e-02	3.168810e+00	7.697770e-06	-1.488127e-05
1.769006682780233e-02	3.168810e+00	7.697770e-06	-1.035812e-06
1.770006682780233e-02	3.168810e+00	7.697770e-06	-1.488021e-05
1.771006682780233e-02	3.168810e+00	7.697770e-06	-1.036872e-06
1.772006682780233e-02	3.168810e+00	7.697770e-06	-1.487915e-05
1.773006682780233e-02	3.168810e+00	7.697770e-06	-1.037931e-06
1.774006682780233e-02	3.168810e+00	7.697770e-06	-1.487809e-05
1.775006682780233e-02	3.168810e+00	7.697770e-06	-1.038990e-06
1.776006682780233e-02	3.168810e+00	7.697770e-06	-1.487703e-05
1.777006682780233e-02	3.168810e+00	7.697770e-06	-1.040049e-06
1.778006682780233e-02	3.168810e+00	7.697770e-06	-1.487597e-05
1.779006682780233e-02	3.168810e+00	7.697770e-06	-1.041107e-06
1.780006682780233e-02	3.168810e+00	7.697769e-06	-1.487491e-05
1.781006682780233e-02	3.168810e+00	7.697769e-06	-1.042166e-06
1.782006682780233e-02	3.168810e+00	7.697769e-06	-1.487385e-05
1.783006682780233e-02	3.168810e+00	7.697769e-06	-1.043223e-06
1.784006682780233e-02	3.168810e+00	7.697769e-06	-1.487280e-05
1.785006682780233e-02	3.168810e+00	7.697769e-06	-1.044281e-06
1.786006682780233e-02	3.168810e+00	7.697769e-06	-1.487174e-05
1.787006682780233e-02	3.168810e+00	7.697769e-06	-1.045338e-06
1.788006682780233e-02	3.168810e+00	7.697769e-06	-1.487068e-05
1.789006682780233e-02	3.168810e+00	7.697769e-06	-1.046395e-06
1.790006682780233e-02	3.168810e+00	7.697769e-06	-1.486962e-05
1.791006682780233e-02	3.168810e+00	7.697769e-06	-1.047452e-06
1.792006682780233e-02	3.168810e+00	7.697769e-06	-1.486857e-05
1.793006682780233e-02	3.168810e+00	7.697769e-06	-1.048509e-06
1.794006682780233e-02	3.168810e+00	7.697769e-06	-1.486751e-05
1.795006682780233e-02	3.168810e+00	7.697769e-06	-1.049565e-06
1.796006682780233e-02	3.168810e+00	7.697769e-06	-1.486645e-05
1.797006682780233e-02	3.168810e+00	7.697769e-06	-1.050621e-06
1.798006682780233e-02	3.168810e+00	7.697769e-06	-1.486540e-05
1.799006682780233e-02	3.168810e+00	7.697769e-06	-1.051676e-06
1.800006682780233e-02	3.168810e+00	7.697769e-06	-1.486434e-05
1.801006682780233e-02	3.168810e+00	7.697769e-06	-1.052732e-06
1.802006682780233e-02	3.168810e+00	7.697769e-06	-1.486329e-05
1.803006682780233e-02	3.168810e+00	7.697769e-06	-1.053787e-06
1.804006682780233e-02	3.168810e+00	7.697769e-06	-1.486223e-05
1.805006682780233e-02	3.168810e+00	7.697769e-06	-1.054842e-06
1.806006682780233e-02	3.168810e+00	7.697769e-06	-1.486118e-05
1.807006682780233e-02	3.168810e+00	7.697769e-06	-1.055896e-06
1.808006682780233e-02	3.168810e+00	7.697769e-06	-1.486012e-05
1.809006682780233e-02	3.168810e+00	7.697769e-06	-1.056951e-06
1.810006682780233e-02	3.168810e+00	7.697769e-06	-1.485907e-05
1.811006682780233e-02	3.168810e+00	7.697769e-06	-1.058005e-06
1.812006682780233e-02	3.168810e+00	7.697769e-06	-1.485802e-05
1.813006682780233e-02	3.168810e+00	7.697769e-06	-1.059058e-06
1.814006682780233e-02	3.168810e+00	7.697769e-06	-1.485696e-05
1.815006682780233e-02	3.168810e+00	7.697769e-06	-1.060112e-06
1.816006682780233e-02	3.168810e+00	7.697769e-06	-1.485591e-05
1.817006682780233e-02	3.168810e+00	7.697769e-06	-1.061165e-06
1.818006682780233e-02	3.168810e+00	7.697769e-06	-1.485486e-05
1.819006682780233e-02	3.168810e+00	7.697769e-06	-1.062218e-06
1.820006682780233e-02	3.168810e+00	7.697769e-06	-1.485380e-05
1.821006682780233e-02	3.168810e+00	7.697769e-06	-1.063270e-06
1.822006682780233e-02	3.168810e+00	7.697769e-06	-1.485275e-05
1.823006682780233e-02	3.168810e+00	7.697769e-06	-1.064322e-06
1.824006682780233e-02	3.168810e+00	7.697769e-06	-1.485170e-05
1.825006682780233e-02	3.168810e+00	7.697769e-06	-1.065374e-06
1.826006682780233e-02	3.168810e+00	7.697769e-06	-1.485065e-05
1.827006682780233e-02	3.168810e+00	7.697769e-06	-1.066426e-06
1.828006682780233e-02	3.168810e+00	7.697769e-06	-1.484960e-05
1.829006682780233e-02	3.168810e+00	7.697769e-06	-1.067477e-06
1.830006682780233e-02	3.168810e+00	7.697769e-06	-1.484854e-05
1.831006682780233e-02	3.168810e+00	7.697769e-06	-1.068529e-06
1.832006682780233e-02	3.168810e+00	7.697769e-06	-1.484749e-05
1.833006682780233e-02	3.168810e+00	7.697769e-06	-1.069580e-06
1.834006682780233e-02	3.168810e+00	7.697769e-06	-1.484644e-05
1.835006682780233e-02	3.168810e+00	7.697769e-06	-1.070630e-06
1.836006682780233e-02	3.168810e+00	7.697769e-06	-1.484539e-05
1.837006682780233e-02	3.168810e+00	7.697769e-06	-1.071680e-06
1.838006682780233e-02	3.168810e+00	7.697769e-06	-1.484434e-05
1.839006682780233e-02	3.168810e+00	7.697769e-06	-1.072730e-06
1.840006682780233e-02	3.168810e+00	7.697769e-06	-1.484329e-05
1.841006682780233e-02	3.168810e+00	7.697769e-06	-1.073780e-06
1.842006682780233e-02	3.168810e+00	7.697769e-06	-1.484224e-05
1.843006682780233e-02	3.168810e+00	7.697769e-06	-1.074830e-06
1.844006682780233e-02	3.168810e+00	7.697769e-06	-1.484119e-05
1.845006682780233e-02	3.168810e+00	7.697769e-06	-1.075879e-06
1.846006682780233e-02	3.168810e+00	7.697769e-06	-1.484014e-05
1.847006682780233e-02	3.168810e+00	7.697769e-06	-1.076928e-06
1.848006682780233e-02	3.168810e+00	7.697769e-06	-1.483909e-05
1.849006682780233e-02	3.168810e+00	7.697769e-06	-1.077976e-06
1.850006682780233e-02	3.168810e+00	7.697769e-06	-1.483805e-05
1.851006682780233e-02	3.168810e+00	7.697769e-06	-1.079025e-06
1.852006682780233e-02	3.168810e+00	7.697769e-06	-1.483700e-05
1.853006682780233e-02	3.168810e+00	7.697769e-06	-1.080073e-06
1.854006682780233e-02	3.168810e+00	7.697769e-06	-1.483595e-05
1.855006682780233e-02	3.168810e+00	7.697769e-06	-1.081121e-06
1.856006682780233e-02	3.168810e+00	7.697769e-06	-1.483490e-05
1.857006682780233e-02	3.168810e+00	7.697769e-06	-1.082168e-06
1.858006682780233e-02	3.168810e+00	7.697769e-06	-1.483385e-05
1.859006682780233e-02	3.168810e+00	7.697769e-06	-1.083215e-06
1.860006682780233e-02	3.168810e+00	7.697769e-06	-1.483281e-05
1.861006682780233e-02	3.168810e+00	7.697769e-06	-1.084262e-06
1.862006682780233e-02	3.168810e+00	7.697769e-06	-1.483176e-05
1.863006682780233e-02	3.168810e+00	7.697769e-06	-1.085309e-06
1.864006682780233e-02	3.168810e+00	7.697769e-06	-1.483071e-05
1.865006682780233e-02	3.168810e+00	7.697769e-06	-1.086355e-06
1.866006682780233e-02	3.168810e+00	7.697769e-06	-1.482967e-05
1.867006682780233e-02	3.168810e+00	7.697769e-06	-1.087402e-06
1.868006682780233e-02	3.168810e+00	7.697769e-06	-1.482862e-05
1.869006682780233e-02	3.168810e+00	7.697769e-06	-1.088447e-06
1.870006682780233e-02	3.168810e+00	7.697769e-06	-1.482758e-05
1.871006682780233e-02	3.168810e+00	7.697769e-06	-1.089493e-06
1.872006682780233e-02	3.168810e+00	7.697769e-06	-1.482653e-05
1.873006682780233e-02	3.168810e+00	7.697769e-06	-1.090538e-06
1.874006682780233e-02	3.168810e+00	7.697769e-06	-1.482549e-05
1.875006682780233e-02	3.168810e+00	7.697769e-06	-1.091583e-06
1.876006682780233e-02	3.168810e+00	7.697769e-06	-1.482444e-05
1.877006682780233e-02	3.168810e+00	7.697769e-06	-1.092628e-06
1.878006682780233e-02	3.168810e+00	7.697769e-06	-1.482340e-05
1.879006682780233e-02	3.168810e+00	7.697769e-06	-1.093672e-06
1.880006682780233e-02	3.168810e+00	7.697769e-06	-1.482235e-05
1.881006682780233e-02	3.168810e+00	7.697769e-06	-1.094717e-06
1.882006682780233e-02	3.168810e+00	7.697769e-06	-1.482131e-05
1.883006682780233e-02	3.168810e+00	7.697769e-06	-1.095761e-06
1.884006682780233e-02	3.168810e+00	7.697769e-06	-1.482026e-05
1.885006682780233e-02	3.168810e+00	7.697769e-06	-1.096804e-06
1.886006682780233e-02	3.168810e+00	7.697769e-06	-1.481922e-05
1.887006682780233e-02	3.168810e+00	7.697769e-06	-1.097848e-06
1.888006682780233e-02	3.168810e+00	7.697769e-06	-1.481818e-05
1.889006682780233e-02	3.168810e+00	7.697769e-06	-1.098891e-06
1.890006682780233e-02	3.168810e+00	7.697769e-06	-1.481713e-05
1.891006682780233e-02	3.168810e+00	7.697769e-06	-1.099933e-06
1.892006682780233e-02	3.168810e+00	7.697769e-06	-1.481609e-05
1.893006682780233e-02	3.168810e+00	7.697769e-06	-1.100976e-06
1.894006682780233e-02	3.168810e+00	7.697769e-06	-1.481505e-05
1.895006682780233e-02	3.168810e+00	7.697769e-06	-1.102018e-06
1.896006682780233e-02	3.168810e+00	7.697769e-06	-1.481401e-05
1.897006682780233e-02	3.168810e+00	7.697769e-06	-1.103060e-06
1.898006682780233e-02	3.168810e+00	7.697769e-06	-1.481297e-05
1.899006682780233e-02	3.168810e+00	7.697769e-06	-1.104102e-06
1.900006682780233e-02	3.168810e+00	7.697769e-06	-1.481192e-05
1.901006682780233e-02	3.168810e+00	7.697769e-06	-1.105143e-06
1.902006682780233e-02	3.168810e+00	7.697769e-06	-1.481088e-05
1.903006682780233e-02	3.168810e+00	7.697769e-06	-1.106185e-06
1.904006682780233e-02	3.168810e+00	7.697769e-06	-1.480984e-05
1.905006682780233e-02	3.168810e+00	7.697769e-06	-1.107225e-06
1.906006682780233e-02	3.168810e+00	7.697769e-06	-1.480880e-05
1.907006682780233e-02	3.168810e+00	7.697769e-06	-1.108266e-06
1.908006682780233e-02	3.168810e+00	7.697769e-06	-1.480776e-05
1.909006682780233e-02	3.168810e+00	7.697769e-06	-1.109306e-06
1.910006682780233e-02	3.168810e+00	7.697769e-06	-1.480672e-05
1.911006682780233e-02	3.168810e+00	7.697769e-06	-1.110346e-06
1.912006682780233e-02	3.168810e+00	7.697769e-06	-1.480568e-05
1.913006682780233e-02	3.168810e+00	7.697769e-06	-1.111386e-06
1.914006682780233e-02	3.168810e+00	7.697769e-06	-1.480464e-05
1.915006682780233e-02	3.168810e+00	7.697769e-06	-1.112426e-06
1.916006682780233e-02	3.168810e+00	7.697769e-06	-1.480360e-05
1.917006682780233e-02	3.168810e+00	7.697769e-06	-1.113465e-06
1.918006682780233e-02	3.168810e+00	7.697769e-06	-1.480256e-05
1.919006682780233e-02	3.168810e+00	7.697769e-06	-1.114504e-06
1.920006682780233e-02	3.168810e+00	7.697769e-06	-1.480152e-05
1.921006682780233e-02	3.168810e+00	7.697769e-06	-1.115542e-06
1.922006682780233e-02	3.168810e+00	7.697769e-06	-1.480048e-05
1.923006682780233e-02	3.168810e+00	7.697769e-06	-1.116581e-06
1.924006682780233e-02	3.168810e+00	7.697769e-06	-1.479945e-05
1.925006682780233e-02	3.168810e+00	7.697769e-06	-1.117619e-06
1.926006682780233e-02	3.168810e+00	7.697769e-06	-1.479841e-05
1.927006682780233e-02	3.168810e+00	7.697769e-06	-1.118657e-06
1.928006682780233e-02	3.168810e+00	7.697769e-06	-1.479737e-05
1.929006682780233e-02	3.168810e+00	7.697769e-06	-1.119694e-06
1.930006682780233e-02	3.168810e+00	7.697769e-06	-1.479633e-05
1.931006682780233e-02	3.168810e+00	7.697769e-06	-1.120732e-06
1.932006682780233e-02	3.168810e+00	7.697769e-06	-1.479530e-05
1.933006682780233e-02	3.168810e+00	7.697769e-06	-1.121769e-06
1.934006682780233e-02	3.168810e+00	7.697769e-06	-1.479426e-05
1.935006682780233e-02	3.168810e+00	7.697769e-06	-1.122805e-06
1.936006682780233e-02	3.168810e+00	7.697769e-06	-1.479322e-05
1.937006682780233e-02	3.168810e+00	7.697769e-06	-1.123842e-06
1.938006682780233e-02	3.168810e+00	7.697769e-06	-1.479219e-05
1.939006682780233e-02	3.168810e+00	7.697769e-06	-1.124878e-06
1.940006682780233e-02	3.168810e+00	7.697769e-06	-1.479115e-05
1.941006682780233e-02	3.168810e+00	7.697769e-06	-1.125914e-06
1.942006682780233e-02	3.168810e+00	7.697769e-06	-1.479011e-05
1.943006682780233e-02	3.168810e+00	7.697769e-06	-1.126950e-06
1.944006682780233e-02	3.168810e+00	7.697769e-06	-1.478908e-05
1.945006682780233e-02	3.168810e+00	7.697769e-06	-1.127985e-06
1.946006682780233e-02	3.168810e+00	7.697769e-06	-1.478804e-05
1.947006682780233e-02	3.168810e+00	7.697769e-06	-1.129020e-06
1.948006682780233e-02	3.168810e+00	7.697769e-06	-1.478701e-05
1.949006682780233e-02	3.168810e+00	7.697769e-06	-1.130055e-06
1.950006682780233e-02	3.168810e+00	7.697769e-06	-1.478597e-05
1.951006682780233e-02	3.168810e+00	7.697769e-06	-1.131090e-06
1.952006682780233e-02	3.168810e+00	7.697769e-06	-1.478494e-05
1.953006682780233e-02	3.168810e+00	7.697769e-06	-1.132124e-06
1.954006682780233e-02	3.168810e+00	7.697769e-06	-1.478391e-05
1.955006682780233e-02	3.168810e+00	7.697769e-06	-1.133158e-06
1.956006682780233e-02	3.168810e+00	7.697769e-06	-1.478287e-05
1.957006682780233e-02	3.168810e+00	7.697769e-06	-1.134192e-06
1.958006682780233e-02	3.168810e+00	7.697769e-06	-1.478184e-05
1.959006682780233e-02	3.168810e+00	7.697769e-06	-1.135225e-06
1.960006682780233e-02	3.168810e+00	7.697769e-06	-1.478080e-05
1.961006682780233e-02	3.168810e+00	7.697769e-06	-1.136258e-06
1.962006682780233e-02	3.168810e+00	7.697769e-06	-1.477977e-05
1.963006682780233e-02	3.168810e+00	7.697769e-06	-1.137291e-06
1.964006682780233e-02	3.168810e+00	7.697769e-06	-1.477874e-05
1.965006682780233e-02	3.168810e+00	7.697769e-06	-1.138324e-06
1.966006682780233e-02	3.168810e+00	7.697769e-06	-1.477771e-05
1.967006682780233e-02	3.168810e+00	7.697769e-06	-1.139356e-06
1.968006682780233e-02	3.168810e+00	7.697769e-06	-1.477667e-05
1.969006682780233e-02	3.168810e+00	7.697769e-06	-1.140388e-06
1.970006682780233e-02	3.168810e+00	7.697769e-06	-1.477564e-05
1.971006682780233e-02	3.168810e+00	7.697769e-06	-1.141420e-06
1.972006682780233e-02	3.168810e+00	7.697769e-06	-1.477461e-05
1.973006682780233e-02	3.168810e+00	7.697769e-06	-1.142452e-06
1.974006682780233e-02	3.168810e+00	7.697769e-06	-1.477358e-05
1.975006682780233e-02	3.168810e+00	7.697769e-06	-1.143483e-06
1.976006682780233e-02	3.168810e+00	7.697769e-06	-1.477255e-05
1.977006682780233e-02	3.168810e+00	7.697769e-06	-1.144514e-06
1.978006682780233e-02	3.168810e+00	7.697769e-06	-1.477152e-05
1.979006682780233e-02	3.168810e+00	7.697769e-06	-1.145545e-06
1.980006682780233e-02	3.168810e+00	7.697769e-06	-1.477049e-05
1.981006682780233e-02	3.168810e+00	7.697769e-06	-1.146576e-06
1.982006682780233e-02	3.168810e+00	7.697769e-06	-1.476946e-05
1.983006682780233e-02	3.168810e+00	7.697769e-06	-1.147606e-06
1.984006682780233e-02	3.168810e+00	7.697769e-06	-1.476842e-05
1.985006682780233e-02	3.168810e+00	7.697769e-06	-1.148636e-06
1.986006682780233e-02	3.168810e+00	7.697769e-06	-1.476740e-05
1.987006682780233e-02	3.168810e+00	7.697769e-06	-1.149665e-06
1.988006682780233e-02	3.168810e+00	7.697769e-06	-1.476637e-05
1.989006682780233e-02	3.168810e+00	7.697769e-06	-1.150695e-06
1.990006682780233e-02	3.168810e+00	7.697769e-06	-1.476534e-05
1.991006682780233e-02	3.168810e+00	7.697769e-06	-1.151724e-06
1.992006682780233e-02	3.168810e+00	7.697769e-06	-1.476431e-05
1.993006682780233e-02	3.168810e+00	7.697769e-06	-1.152753e-06
1.994006682780233e-02	3.168810e+00	7.697769e-06	-1.476328e-05
1.995006682780233e-02	3.168810e+00	7.697769e-06	-1.153781e-06
1.996006682780233e-02	3.168810e+00	7.697769e-06	-1.476225e-05
1.997006682780233e-02	3.168810e+00	7.697769e-06	-1.154810e-06
1.998006682780233e-02	3.168810e+00	7.697769e-06	-1.476122e-05
1.999006682780233e-02	3.168810e+00	7.697769e-06	-1.155838e-06
2.000000000000000e-02	3.168810e+00	7.697769e-06	-1.476019e-05
Step Information: Rtierra=100K  (Step: 2/3)
0.000000000000000e+00	5.245209e-06	1.405722e-11	-2.599973e-07
9.999999439624929e-11	5.245209e-06	-2.566698e-09	-2.564682e-07
1.999999887924986e-10	5.245209e-06	-5.071362e-09	-2.531571e-07
1.599999910339989e-09	5.245209e-06	-3.941487e-08	-2.081940e-07
3.199999820679977e-09	5.245209e-06	-7.821444e-08	-1.596092e-07
6.399999641359955e-09	5.722046e-06	-1.543987e-07	-6.958221e-08
1.279999928271991e-08	6.914139e-06	-3.012895e-07	9.053948e-08
2.559999856543982e-08	9.536743e-06	-5.762470e-07	3.661931e-07
4.655284035478130e-08	1.406670e-05	-9.703037e-07	7.515804e-07
7.017871209551285e-08	1.764297e-05	-1.257376e-06	1.058471e-06
8.260964284294040e-08	1.835823e-05	-1.166402e-06	9.170195e-07
9.144384349908230e-08	1.668930e-05	-8.196487e-07	4.605226e-07
1.011177957827331e-07	1.215935e-05	-1.959992e-07	-2.701637e-07
1.132773512186649e-07	4.053116e-06	6.904081e-07	-1.192044e-06
1.277003226220057e-07	-6.437302e-06	1.714680e-06	-2.189979e-06
1.493030071983491e-07	-2.169609e-05	3.125403e-06	-3.541018e-06
1.712015719852028e-07	-3.504753e-05	4.369495e-06	-4.729101e-06
1.966079520389228e-07	-4.720688e-05	5.501712e-06	-5.811620e-06
2.282981689374007e-07	-5.698204e-05	6.426354e-06	-6.690435e-06
2.654951034853616e-07	-6.222725e-05	6.946497e-06	-7.064110e-06
3.099703421564755e-07	-6.389618e-05	7.149449e-06	-7.117020e-06
3.664303251962468e-07	-6.413460e-05	7.237199e-06	-7.111459e-06
4.524968093180559e-07	-6.365776e-05	7.323765e-06	-7.085388e-06
6.246297775616742e-07	-6.294250e-05	7.462259e-06	-7.031950e-06
8.378830681232660e-07	-6.198883e-05	7.607613e-06	-6.984887e-06
1.079367324763518e-06	-6.103516e-05	7.749061e-06	-6.953754e-06
1.344083399074382e-06	-6.031990e-05	7.883885e-06	-6.938274e-06
1.654071881930884e-06	-5.912781e-05	8.021576e-06	-6.934511e-06
2.019487771272939e-06	-5.841255e-05	8.162490e-06	-6.940703e-06
2.465480520753424e-06	-5.745888e-05	8.309818e-06	-6.954293e-06
3.014515968703464e-06	-5.650520e-05	8.461436e-06	-6.972746e-06
3.738659731326718e-06	-5.578995e-05	8.621003e-06	-6.993640e-06
4.808185777179956e-06	-5.459785e-05	8.798430e-06	-7.014726e-06
6.025045404470007e-06	-5.412102e-05	8.942420e-06	-7.026095e-06
7.107641097586486e-06	-5.364418e-05	9.028103e-06	-7.028130e-06
8.320182118950906e-06	-5.316734e-05	9.089276e-06	-7.024377e-06
9.431114468193154e-06	-5.292892e-05	9.122786e-06	-7.018121e-06
1.065868006303079e-05	-5.292892e-05	9.141233e-06	-7.012591e-06
1.181701634148098e-05	-5.292892e-05	9.146060e-06	-7.018382e-06
1.305388619035189e-05	-5.292892e-05	9.141391e-06	-7.062759e-06
1.422694384969732e-05	-5.340576e-05	9.130768e-06	-7.195726e-06
1.543816419795139e-05	-5.388260e-05	9.116003e-06	-7.524197e-06
1.658258766927642e-05	-5.459785e-05	9.100588e-06	-8.097047e-06
1.773919560094404e-05	-5.602837e-05	9.084873e-06	-8.938688e-06
1.887476496610491e-05	-5.769730e-05	9.069918e-06	-9.938231e-06
2.016762988841508e-05	-5.960464e-05	9.053589e-06	-1.116804e-05
2.170680401730211e-05	-6.175041e-05	9.034914e-06	-1.265036e-05
2.358297096371123e-05	-6.437302e-05	9.012888e-06	-1.438038e-05
2.584243528889018e-05	-6.723404e-05	8.986852e-06	-1.626090e-05
2.882054834007913e-05	-7.033348e-05	8.952428e-06	-1.829954e-05
3.221983992296077e-05	-7.271767e-05	8.912044e-06	-1.993991e-05
3.571307690198942e-05	-7.414818e-05	8.868323e-06	-2.106791e-05
3.946538455614200e-05	-7.438660e-05	8.817864e-06	-2.140801e-05
4.315905914858560e-05	-7.319450e-05	8.764621e-06	-2.082408e-05
4.714732898311467e-05	-7.128716e-05	8.704447e-06	-1.993214e-05
5.112370569116014e-05	-6.914139e-05	8.643146e-06	-1.908467e-05
5.508411136789523e-05	-6.699562e-05	8.581966e-06	-1.830187e-05
6.222355195499723e-05	-6.222725e-05	8.472804e-06	-1.705536e-05
6.487645316137097e-05	-5.984306e-05	8.432944e-06	-1.665034e-05
6.661464220494357e-05	-5.793571e-05	8.407315e-06	-1.640489e-05
6.762217879852487e-05	1.139641e-04	8.383992e-06	-1.626960e-05
6.821626227782008e-05	5.185604e-04	8.348123e-06	-5.100503e-05
6.854816039536864e-05	7.808208e-04	8.307969e-06	-7.595668e-05
6.885494768902434e-05	8.611679e-04	8.259329e-06	-7.245185e-05
6.910702870291234e-05	8.754730e-04	8.218319e-06	-7.400569e-05
6.938673425029109e-05	9.245872e-04	8.173288e-06	-7.643521e-05
6.962626295844879e-05	9.834766e-04	8.134981e-06	-7.761177e-05
6.987375591276241e-05	1.071453e-03	8.095953e-06	-8.051375e-05
7.016388440059537e-05	1.232862e-03	8.051137e-06	-8.655612e-05
7.058592142840125e-05	1.647472e-03	7.987896e-06	-1.032209e-04
7.114222077917451e-05	2.652407e-03	7.908321e-06	-1.465940e-04
7.171616658533284e-05	4.613876e-03	7.832200e-06	-2.337706e-04
7.241818606346671e-05	9.006262e-03	7.749250e-06	-4.315499e-04
7.327425323937472e-05	1.853120e-02	7.664752e-06	-8.573285e-04
7.464604379558884e-05	4.173148e-02	7.556631e-06	-2.015848e-03
7.561571170267012e-05	6.359744e-02	7.496836e-06	-3.150505e-03
7.658813708069843e-05	9.033072e-02	7.450561e-06	-4.491822e-03
7.775136541326523e-05	1.264102e-01	7.406434e-06	-6.297667e-03
7.901570723886334e-05	1.700853e-01	7.370845e-06	-8.443133e-03
8.054373592547435e-05	2.278461e-01	7.341969e-06	-1.139759e-02
8.124239424372097e-05	2.554893e-01	7.332239e-06	-1.279285e-02
8.172500106235416e-05	2.748915e-01	7.326328e-06	-1.376365e-02
8.206084997782011e-05	2.884715e-01	7.322405e-06	-1.444378e-02
8.234479870929961e-05	2.999958e-01	7.319196e-06	-1.501942e-02
8.263399162059422e-05	3.117657e-01	7.316017e-06	-1.560859e-02
8.295794469696552e-05	3.249789e-01	7.312546e-06	-1.626865e-02
8.326674765248201e-05	3.375926e-01	7.309318e-06	-1.690013e-02
8.358721009460980e-05	3.506873e-01	7.306051e-06	-1.755444e-02
8.390440784118643e-05	3.636302e-01	7.302896e-06	-1.820263e-02
8.422754759799531e-05	3.767602e-01	7.299764e-06	-1.885914e-02
8.455323966118359e-05	3.898783e-01	7.296696e-06	-1.951678e-02
8.488930766052616e-05	4.031981e-01	7.293638e-06	-2.018394e-02
8.523864834150891e-05	4.166653e-01	7.290595e-06	-2.086084e-02
8.561650075628736e-05	4.305819e-01	7.287495e-06	-2.156076e-02
8.604567143217865e-05	4.452802e-01	7.284261e-06	-2.230444e-02
8.659057733049093e-05	4.618980e-01	7.280648e-06	-2.315328e-02
8.747862757960430e-05	4.851379e-01	7.275660e-06	-2.433009e-02
8.855204598684117e-05	5.090749e-01	7.270598e-06	-2.551177e-02
8.969972885469557e-05	5.312324e-01	7.265977e-06	-2.661120e-02
9.125361595719159e-05	5.580324e-01	7.260410e-06	-2.795200e-02
9.358082614721353e-05	5.950404e-01	7.252594e-06	-2.979843e-02
9.617357505169038e-05	6.339684e-01	7.244053e-06	-3.173500e-02
9.909310276586862e-05	6.760774e-01	7.234338e-06	-3.383594e-02
1.023116553658078e-04	7.212456e-01	7.223388e-06	-3.609201e-02
1.064758799461304e-04	7.785386e-01	7.208937e-06	-3.895596e-02
1.109334229448725e-04	8.389484e-01	7.193296e-06	-4.197462e-02
1.165320897656353e-04	9.138998e-01	7.173623e-06	-4.572279e-02
1.229199751187591e-04	9.985460e-01	7.151354e-06	-4.995538e-02
1.313964304054611e-04	1.109834e+00	7.122223e-06	-5.552242e-02
1.413964304054611e-04	1.240046e+00	7.088434e-06	-6.203181e-02
1.513964304054611e-04	1.369277e+00	7.055203e-06	-6.849222e-02
1.613964304054611e-04	1.497626e+00	7.022449e-06	-7.490798e-02
1.713964304054611e-04	1.625178e+00	6.990077e-06	-8.128542e-02
1.813964304054611e-04	1.751989e+00	6.958012e-06	-8.762484e-02
1.913964304054611e-04	1.878098e+00	6.926201e-06	-9.393039e-02
2.013964304054611e-04	2.003533e+00	6.894601e-06	-1.002012e-01
2.113964304054611e-04	2.128318e+00	6.863184e-06	-1.064406e-01
2.213964304054611e-04	2.252471e+00	6.831924e-06	-1.126474e-01
2.313964304054611e-04	2.376008e+00	6.800804e-06	-1.188246e-01
2.413964304054611e-04	2.498946e+00	6.769813e-06	-1.249707e-01
2.513964304054611e-04	2.621298e+00	6.738945e-06	-1.310886e-01
2.613964304054611e-04	2.741926e+00	6.708592e-06	-1.371767e-01
2.713964304054611e-04	2.852933e+00	6.682688e-06	-1.430081e-01
2.744929033905967e-04	2.876338e+00	6.678904e-06	-1.439088e-01
2.776054106891360e-04	2.889464e+00	6.677236e-06	-1.445086e-01
2.792171495476939e-04	2.894733e+00	6.675478e-06	-1.447584e-01
2.809726326756164e-04	2.899650e+00	6.672869e-06	-1.450032e-01
2.826116353925256e-04	2.903790e+00	6.670042e-06	-1.452099e-01
2.853555134972836e-04	2.910067e+00	6.664767e-06	-1.455267e-01
2.885932784989957e-04	2.916770e+00	6.658017e-06	-1.458627e-01
2.939465460583127e-04	2.926805e+00	6.646184e-06	-1.463657e-01
2.995410400689396e-04	2.936385e+00	6.633372e-06	-1.468434e-01
3.084971693274005e-04	2.950506e+00	6.612426e-06	-1.475511e-01
3.184971693274005e-04	2.965279e+00	6.588798e-06	-1.482851e-01
3.284971693274005e-04	2.979272e+00	6.565032e-06	-1.489826e-01
3.384971693274005e-04	2.992669e+00	6.541184e-06	-1.496497e-01
3.484971693274005e-04	3.005582e+00	6.517274e-06	-1.502950e-01
3.584971693274005e-04	3.018082e+00	6.493304e-06	-1.509184e-01
3.684971693274005e-04	3.030058e+00	6.468886e-06	-1.515247e-01
3.784971693274005e-04	3.041182e+00	6.443100e-06	-1.520824e-01
3.884971693274005e-04	3.051239e+00	6.415342e-06	-1.525844e-01
3.984971693274005e-04	3.060261e+00	6.385704e-06	-1.530330e-01
4.084971693274005e-04	3.068354e+00	6.354488e-06	-1.534370e-01
4.184971693274005e-04	3.075618e+00	6.321957e-06	-1.537979e-01
4.284971693274005e-04	3.082143e+00	6.288350e-06	-1.541238e-01
4.384971693274004e-04	3.088013e+00	6.253877e-06	-1.544153e-01
4.484971693274005e-04	3.093302e+00	6.218732e-06	-1.546796e-01
4.584971693274004e-04	3.098077e+00	6.183083e-06	-1.549166e-01
4.684971693274005e-04	3.102396e+00	6.147078e-06	-1.551325e-01
4.784971693274004e-04	3.106311e+00	6.110849e-06	-1.553267e-01
4.884971693274005e-04	3.109868e+00	6.074506e-06	-1.555048e-01
4.984971693274005e-04	3.113108e+00	6.038149e-06	-1.556654e-01
5.084971693274004e-04	3.116067e+00	6.001863e-06	-1.558137e-01
5.184971693274004e-04	3.118776e+00	5.965719e-06	-1.559477e-01
5.284971693274005e-04	3.121259e+00	5.929774e-06	-1.560724e-01
5.384971693274005e-04	3.123543e+00	5.894086e-06	-1.561854e-01
5.484971693274004e-04	3.125647e+00	5.858697e-06	-1.562911e-01
5.584971693274004e-04	3.127591e+00	5.823644e-06	-1.563872e-01
5.684971693274005e-04	3.129390e+00	5.788959e-06	-1.564777e-01
5.784971693274005e-04	3.131058e+00	5.754669e-06	-1.565601e-01
5.884971693274004e-04	3.132609e+00	5.720796e-06	-1.566382e-01
5.984971693274004e-04	3.134053e+00	5.687356e-06	-1.567094e-01
6.084971693274005e-04	3.135399e+00	5.654366e-06	-1.567774e-01
6.184971693274005e-04	3.136657e+00	5.621835e-06	-1.568393e-01
6.284971693274004e-04	3.137835e+00	5.589774e-06	-1.568989e-01
6.384971693274004e-04	3.138939e+00	5.558189e-06	-1.569531e-01
6.484971693274005e-04	3.139975e+00	5.527085e-06	-1.570056e-01
6.584971693274005e-04	3.140950e+00	5.496467e-06	-1.570534e-01
6.684971693274004e-04	3.141868e+00	5.466335e-06	-1.571001e-01
6.784971693274004e-04	3.142733e+00	5.436691e-06	-1.571424e-01
6.884971693274005e-04	3.143550e+00	5.407534e-06	-1.571840e-01
6.984971693274005e-04	3.144323e+00	5.378864e-06	-1.572217e-01
7.084971693274004e-04	3.145054e+00	5.350678e-06	-1.572590e-01
7.184971693274004e-04	3.145746e+00	5.322974e-06	-1.572927e-01
7.284971693274005e-04	3.146403e+00	5.295748e-06	-1.573264e-01
7.384971693274005e-04	3.147027e+00	5.268996e-06	-1.573567e-01
7.484971693274004e-04	3.147620e+00	5.242715e-06	-1.573871e-01
7.584971693274004e-04	3.148184e+00	5.216899e-06	-1.574144e-01
7.684971693274004e-04	3.148722e+00	5.191544e-06	-1.574420e-01
7.784971693274005e-04	3.149234e+00	5.166645e-06	-1.574668e-01
7.884971693274004e-04	3.149722e+00	5.142195e-06	-1.574920e-01
7.984971693274004e-04	3.150189e+00	5.118191e-06	-1.575144e-01
8.084971693274004e-04	3.150635e+00	5.094625e-06	-1.575375e-01
8.184971693274005e-04	3.151066e+00	5.071419e-06	-1.575579e-01
8.284971693274004e-04	3.151503e+00	5.048293e-06	-1.575802e-01
8.384971693274004e-04	3.151963e+00	5.024932e-06	-1.576025e-01
8.484971693274004e-04	3.152444e+00	5.001281e-06	-1.576276e-01
8.584971693274005e-04	3.152936e+00	4.977469e-06	-1.576514e-01
8.684971693274004e-04	3.153428e+00	4.953621e-06	-1.576769e-01
8.784971693274004e-04	3.153914e+00	4.929842e-06	-1.577004e-01
8.884971693274004e-04	3.154389e+00	4.906221e-06	-1.577250e-01
8.984971693274005e-04	3.154850e+00	4.882824e-06	-1.577472e-01
9.084971693274004e-04	3.155294e+00	4.859712e-06	-1.577702e-01
9.184971693274004e-04	3.155720e+00	4.836927e-06	-1.577907e-01
9.284971693274004e-04	3.156128e+00	4.814509e-06	-1.578119e-01
9.384971693274005e-04	3.156516e+00	4.792486e-06	-1.578304e-01
9.484971693274004e-04	3.156885e+00	4.770880e-06	-1.578497e-01
9.584971693274004e-04	3.157236e+00	4.749710e-06	-1.578663e-01
9.684971693274004e-04	3.157568e+00	4.728985e-06	-1.578838e-01
9.784971693274005e-04	3.157883e+00	4.708716e-06	-1.578986e-01
9.884971693274005e-04	3.158181e+00	4.688908e-06	-1.579143e-01
9.984971693274005e-04	3.158462e+00	4.669563e-06	-1.579276e-01
1.008497169327400e-03	3.158728e+00	4.650680e-06	-1.579417e-01
1.018497169327400e-03	3.158980e+00	4.632258e-06	-1.579534e-01
1.028497169327400e-03	3.159217e+00	4.614294e-06	-1.579661e-01
1.038497169327400e-03	3.159442e+00	4.596782e-06	-1.579764e-01
1.048497169327400e-03	3.159654e+00	4.579715e-06	-1.579878e-01
1.058497169327400e-03	3.159854e+00	4.563088e-06	-1.579970e-01
1.068497169327400e-03	3.160044e+00	4.546891e-06	-1.580073e-01
1.078497169327401e-03	3.160222e+00	4.531119e-06	-1.580154e-01
1.088497169327400e-03	3.160392e+00	4.515759e-06	-1.580246e-01
1.098497169327400e-03	3.160552e+00	4.500806e-06	-1.580318e-01
1.108497169327400e-03	3.160703e+00	4.486247e-06	-1.580401e-01
1.118497169327400e-03	3.160846e+00	4.472075e-06	-1.580464e-01
1.128497169327400e-03	3.160981e+00	4.458278e-06	-1.580540e-01
1.138497169327400e-03	3.161109e+00	4.444850e-06	-1.580596e-01
1.148497169327400e-03	3.161230e+00	4.431778e-06	-1.580664e-01
1.158497169327400e-03	3.161345e+00	4.419054e-06	-1.580713e-01
1.168497169327400e-03	3.161454e+00	4.406667e-06	-1.580776e-01
1.178497169327400e-03	3.161557e+00	4.394610e-06	-1.580819e-01
1.188497169327400e-03	3.161655e+00	4.382873e-06	-1.580876e-01
1.198497169327400e-03	3.161748e+00	4.371446e-06	-1.580914e-01
1.208497169327400e-03	3.161835e+00	4.360320e-06	-1.580966e-01
1.218497169327400e-03	3.161919e+00	4.349489e-06	-1.580999e-01
1.228497169327400e-03	3.161998e+00	4.338942e-06	-1.581047e-01
1.238497169327400e-03	3.162074e+00	4.328671e-06	-1.581077e-01
1.248497169327400e-03	3.162145e+00	4.318669e-06	-1.581120e-01
1.258497169327400e-03	3.162213e+00	4.308927e-06	-1.581146e-01
1.268497169327400e-03	3.162278e+00	4.299439e-06	-1.581187e-01
1.278497169327400e-03	3.162340e+00	4.290196e-06	-1.581209e-01
1.288497169327400e-03	3.162398e+00	4.281192e-06	-1.581247e-01
1.298497169327400e-03	3.162454e+00	4.272420e-06	-1.581266e-01
1.308497169327400e-03	3.162508e+00	4.263872e-06	-1.581301e-01
1.318497169327400e-03	3.162558e+00	4.255543e-06	-1.581318e-01
1.328497169327400e-03	3.162607e+00	4.247426e-06	-1.581350e-01
1.338497169327400e-03	3.162652e+00	4.239514e-06	-1.581365e-01
1.348497169327400e-03	3.162697e+00	4.231803e-06	-1.581395e-01
1.358497169327400e-03	3.162739e+00	4.224286e-06	-1.581408e-01
1.368497169327400e-03	3.162779e+00	4.216958e-06	-1.581436e-01
1.378497169327400e-03	3.162817e+00	4.209813e-06	-1.581447e-01
1.388497169327400e-03	3.162854e+00	4.202846e-06	-1.581473e-01
1.398497169327400e-03	3.162889e+00	4.196052e-06	-1.581482e-01
1.408497169327400e-03	3.162922e+00	4.189426e-06	-1.581507e-01
1.418497169327400e-03	3.162954e+00	4.182964e-06	-1.581515e-01
1.428497169327400e-03	3.162985e+00	4.176662e-06	-1.581538e-01
1.438497169327400e-03	3.163014e+00	4.170513e-06	-1.581545e-01
1.448497169327400e-03	3.163042e+00	4.164514e-06	-1.581567e-01
1.458497169327400e-03	3.163069e+00	4.158662e-06	-1.581572e-01
1.468497169327400e-03	3.163095e+00	4.152952e-06	-1.581593e-01
1.478497169327400e-03	3.163120e+00	4.147380e-06	-1.581597e-01
1.488497169327400e-03	3.163144e+00	4.141943e-06	-1.581617e-01
1.498497169327400e-03	3.163166e+00	4.136636e-06	-1.581621e-01
1.508497169327400e-03	3.163188e+00	4.131457e-06	-1.581640e-01
1.518497169327400e-03	3.163209e+00	4.126402e-06	-1.581642e-01
1.528497169327400e-03	3.163229e+00	4.121467e-06	-1.581660e-01
1.538497169327400e-03	3.163249e+00	4.116650e-06	-1.581662e-01
1.548497169327400e-03	3.163268e+00	4.111947e-06	-1.581679e-01
1.558497169327400e-03	3.163286e+00	4.107355e-06	-1.581680e-01
1.568497169327400e-03	3.163303e+00	4.102872e-06	-1.581697e-01
1.578497169327400e-03	3.163320e+00	4.098494e-06	-1.581697e-01
1.588497169327400e-03	3.163336e+00	4.094220e-06	-1.581713e-01
1.598497169327400e-03	3.163352e+00	4.090045e-06	-1.581713e-01
1.608497169327400e-03	3.163366e+00	4.085968e-06	-1.581728e-01
1.618497169327400e-03	3.163381e+00	4.081986e-06	-1.581727e-01
1.628497169327400e-03	3.163395e+00	4.078098e-06	-1.581742e-01
1.638497169327400e-03	3.163408e+00	4.074299e-06	-1.581741e-01
1.648497169327400e-03	3.163421e+00	4.070589e-06	-1.581755e-01
1.658497169327400e-03	3.163433e+00	4.066964e-06	-1.581753e-01
1.668497169327400e-03	3.163446e+00	4.063423e-06	-1.581768e-01
1.678497169327400e-03	3.163457e+00	4.059964e-06	-1.581765e-01
1.688497169327400e-03	3.163469e+00	4.056585e-06	-1.581779e-01
1.698497169327400e-03	3.163479e+00	4.053282e-06	-1.581776e-01
1.708497169327400e-03	3.163490e+00	4.050056e-06	-1.581790e-01
1.718497169327400e-03	3.163500e+00	4.046904e-06	-1.581787e-01
1.728497169327400e-03	3.163510e+00	4.043824e-06	-1.581800e-01
1.738497169327400e-03	3.163520e+00	4.040814e-06	-1.581796e-01
1.748497169327400e-03	3.163529e+00	4.037873e-06	-1.581809e-01
1.758497169327400e-03	3.163538e+00	4.034998e-06	-1.581805e-01
1.768497169327400e-03	3.163547e+00	4.032189e-06	-1.581818e-01
1.778497169327400e-03	3.163555e+00	4.029444e-06	-1.581814e-01
1.788497169327400e-03	3.163563e+00	4.026761e-06	-1.581826e-01
1.798497169327400e-03	3.163571e+00	4.024138e-06	-1.581822e-01
1.808497169327400e-03	3.163579e+00	4.021575e-06	-1.581834e-01
1.818497169327400e-03	3.163586e+00	4.019070e-06	-1.581829e-01
1.828497169327400e-03	3.163593e+00	4.016621e-06	-1.581841e-01
1.838497169327400e-03	3.163600e+00	4.014228e-06	-1.581836e-01
1.848497169327400e-03	3.163607e+00	4.011888e-06	-1.581848e-01
1.858497169327400e-03	3.163614e+00	4.009601e-06	-1.581843e-01
1.868497169327400e-03	3.163620e+00	4.007365e-06	-1.581854e-01
1.878497169327400e-03	3.163626e+00	4.005180e-06	-1.581849e-01
1.888497169327400e-03	3.163632e+00	4.003043e-06	-1.581860e-01
1.898497169327400e-03	3.163638e+00	4.000954e-06	-1.581855e-01
1.908497169327400e-03	3.163644e+00	3.998912e-06	-1.581866e-01
1.918497169327400e-03	3.163650e+00	3.996915e-06	-1.581861e-01
1.928497169327400e-03	3.163655e+00	3.994964e-06	-1.581872e-01
1.938497169327400e-03	3.163660e+00	3.993055e-06	-1.581866e-01
1.948497169327400e-03	3.163665e+00	3.991189e-06	-1.581877e-01
1.958497169327400e-03	3.163670e+00	3.989365e-06	-1.581871e-01
1.968497169327400e-03	3.163675e+00	3.987581e-06	-1.581882e-01
1.978497169327400e-03	3.163680e+00	3.985837e-06	-1.581876e-01
1.988497169327400e-03	3.163685e+00	3.984132e-06	-1.581886e-01
1.998497169327400e-03	3.163689e+00	3.982465e-06	-1.581880e-01
2.008497169327400e-03	3.163693e+00	3.980835e-06	-1.581891e-01
2.018497169327400e-03	3.163698e+00	3.979240e-06	-1.581884e-01
2.028497169327400e-03	3.163702e+00	3.977681e-06	-1.581895e-01
2.038497169327400e-03	3.163706e+00	3.976157e-06	-1.581888e-01
2.048497169327400e-03	3.163710e+00	3.974666e-06	-1.581899e-01
2.058497169327400e-03	3.163714e+00	3.973209e-06	-1.581892e-01
2.068497169327400e-03	3.163717e+00	3.971783e-06	-1.581903e-01
2.078497169327401e-03	3.163721e+00	3.970390e-06	-1.581896e-01
2.088497169327400e-03	3.163724e+00	3.969027e-06	-1.581906e-01
2.098497169327400e-03	3.163728e+00	3.967693e-06	-1.581900e-01
2.108497169327400e-03	3.163731e+00	3.966390e-06	-1.581909e-01
2.118497169327400e-03	3.163735e+00	3.965115e-06	-1.581903e-01
2.128497169327400e-03	3.163738e+00	3.963868e-06	-1.581913e-01
2.138497169327400e-03	3.163741e+00	3.962649e-06	-1.581906e-01
2.148497169327400e-03	3.163744e+00	3.961457e-06	-1.581916e-01
2.158497169327400e-03	3.163747e+00	3.960290e-06	-1.581909e-01
2.168497169327400e-03	3.163750e+00	3.959150e-06	-1.581919e-01
2.178497169327400e-03	3.163752e+00	3.958034e-06	-1.581912e-01
2.188497169327400e-03	3.163755e+00	3.956943e-06	-1.581921e-01
2.198497169327400e-03	3.163758e+00	3.955876e-06	-1.581914e-01
2.208497169327400e-03	3.163761e+00	3.954833e-06	-1.581924e-01
2.218497169327400e-03	3.163763e+00	3.953813e-06	-1.581917e-01
2.228497169327400e-03	3.163766e+00	3.952814e-06	-1.581926e-01
2.238497169327401e-03	3.163768e+00	3.951838e-06	-1.581919e-01
2.248497169327400e-03	3.163770e+00	3.950883e-06	-1.581929e-01
2.258497169327400e-03	3.163773e+00	3.949949e-06	-1.581922e-01
2.268497169327400e-03	3.163775e+00	3.949036e-06	-1.581931e-01
2.278497169327400e-03	3.163777e+00	3.948142e-06	-1.581924e-01
2.288497169327400e-03	3.163779e+00	3.947268e-06	-1.581933e-01
2.298497169327400e-03	3.163782e+00	3.946414e-06	-1.581926e-01
2.308497169327400e-03	3.163783e+00	3.945578e-06	-1.581935e-01
2.318497169327400e-03	3.163786e+00	3.944760e-06	-1.581928e-01
2.328497169327400e-03	3.163788e+00	3.943961e-06	-1.581937e-01
2.338497169327400e-03	3.163790e+00	3.943178e-06	-1.581930e-01
2.348497169327400e-03	3.163791e+00	3.942413e-06	-1.581939e-01
2.358497169327400e-03	3.163793e+00	3.941665e-06	-1.581932e-01
2.368497169327400e-03	3.163795e+00	3.940932e-06	-1.581941e-01
2.378497169327400e-03	3.163797e+00	3.940216e-06	-1.581934e-01
2.388497169327400e-03	3.163799e+00	3.939516e-06	-1.581943e-01
2.398497169327400e-03	3.163800e+00	3.938831e-06	-1.581935e-01
2.408497169327400e-03	3.163802e+00	3.938160e-06	-1.581944e-01
2.418497169327400e-03	3.163803e+00	3.937505e-06	-1.581937e-01
2.428497169327400e-03	3.163805e+00	3.936863e-06	-1.581946e-01
2.438497169327400e-03	3.163807e+00	3.936236e-06	-1.581939e-01
2.448497169327400e-03	3.163808e+00	3.935623e-06	-1.581948e-01
2.458497169327400e-03	3.163809e+00	3.935023e-06	-1.581940e-01
2.468497169327400e-03	3.163811e+00	3.934436e-06	-1.581949e-01
2.478497169327400e-03	3.163812e+00	3.933861e-06	-1.581941e-01
2.488497169327400e-03	3.163814e+00	3.933299e-06	-1.581950e-01
2.498497169327400e-03	3.163815e+00	3.932750e-06	-1.581943e-01
2.508497169327400e-03	3.163816e+00	3.932212e-06	-1.581952e-01
2.518497169327400e-03	3.163817e+00	3.931686e-06	-1.581944e-01
2.528497169327400e-03	3.163819e+00	3.931172e-06	-1.581953e-01
2.538497169327400e-03	3.163820e+00	3.930669e-06	-1.581945e-01
2.548497169327400e-03	3.163821e+00	3.930177e-06	-1.581954e-01
2.558497169327400e-03	3.163822e+00	3.929695e-06	-1.581946e-01
2.568497169327400e-03	3.163824e+00	3.929224e-06	-1.581955e-01
2.578497169327400e-03	3.163825e+00	3.928763e-06	-1.581948e-01
2.588497169327400e-03	3.163826e+00	3.928312e-06	-1.581956e-01
2.598497169327400e-03	3.163827e+00	3.927871e-06	-1.581949e-01
2.608497169327400e-03	3.163828e+00	3.927440e-06	-1.581957e-01
2.618497169327400e-03	3.163829e+00	3.927018e-06	-1.581950e-01
2.628497169327400e-03	3.163830e+00	3.926605e-06	-1.581958e-01
2.638497169327400e-03	3.163831e+00	3.926201e-06	-1.581950e-01
2.648497169327400e-03	3.163832e+00	3.925806e-06	-1.581959e-01
2.658497169327400e-03	3.163833e+00	3.925419e-06	-1.581952e-01
2.668497169327400e-03	3.163834e+00	3.925041e-06	-1.581960e-01
2.678497169327400e-03	3.163834e+00	3.924672e-06	-1.581952e-01
2.688497169327400e-03	3.163835e+00	3.924309e-06	-1.581961e-01
2.698497169327400e-03	3.163836e+00	3.923955e-06	-1.581953e-01
2.708497169327400e-03	3.163837e+00	3.923609e-06	-1.581962e-01
2.718497169327400e-03	3.163838e+00	3.923270e-06	-1.581954e-01
2.728497169327400e-03	3.163839e+00	3.922939e-06	-1.581963e-01
2.738497169327400e-03	3.163839e+00	3.922614e-06	-1.581955e-01
2.748497169327400e-03	3.163840e+00	3.922297e-06	-1.581963e-01
2.758497169327400e-03	3.163841e+00	3.921987e-06	-1.581956e-01
2.768497169327400e-03	3.163841e+00	3.921683e-06	-1.581964e-01
2.778497169327400e-03	3.163842e+00	3.921386e-06	-1.581956e-01
2.788497169327400e-03	3.163843e+00	3.921095e-06	-1.581965e-01
2.798497169327400e-03	3.163844e+00	3.920811e-06	-1.581957e-01
2.808497169327400e-03	3.163844e+00	3.920532e-06	-1.581965e-01
2.818497169327400e-03	3.163845e+00	3.920260e-06	-1.581958e-01
2.828497169327400e-03	3.163846e+00	3.919994e-06	-1.581966e-01
2.838497169327400e-03	3.163846e+00	3.919733e-06	-1.581958e-01
2.848497169327400e-03	3.163847e+00	3.919479e-06	-1.581967e-01
2.858497169327400e-03	3.163847e+00	3.919229e-06	-1.581959e-01
2.868497169327400e-03	3.163848e+00	3.918985e-06	-1.581967e-01
2.878497169327400e-03	3.163848e+00	3.918747e-06	-1.581959e-01
2.888497169327400e-03	3.163849e+00	3.918513e-06	-1.581968e-01
2.898497169327400e-03	3.163850e+00	3.918284e-06	-1.581960e-01
2.908497169327400e-03	3.163850e+00	3.918061e-06	-1.581968e-01
2.918497169327400e-03	3.163851e+00	3.917842e-06	-1.581960e-01
2.928497169327400e-03	3.163851e+00	3.917628e-06	-1.581969e-01
2.938497169327400e-03	3.163852e+00	3.917419e-06	-1.581961e-01
2.948497169327400e-03	3.163852e+00	3.917214e-06	-1.581969e-01
2.958497169327400e-03	3.163853e+00	3.917014e-06	-1.581961e-01
2.968497169327400e-03	3.163853e+00	3.916817e-06	-1.581970e-01
2.978497169327400e-03	3.163853e+00	3.916625e-06	-1.581962e-01
2.988497169327400e-03	3.163854e+00	3.916438e-06	-1.581970e-01
2.998497169327400e-03	3.163854e+00	3.916254e-06	-1.581962e-01
3.008497169327400e-03	3.163855e+00	3.916075e-06	-1.581971e-01
3.018497169327400e-03	3.163855e+00	3.915899e-06	-1.581963e-01
3.028497169327400e-03	3.163856e+00	3.915727e-06	-1.581971e-01
3.038497169327400e-03	3.163856e+00	3.915558e-06	-1.581963e-01
3.048497169327400e-03	3.163857e+00	3.915393e-06	-1.581971e-01
3.058497169327400e-03	3.163857e+00	3.915232e-06	-1.581963e-01
3.068497169327400e-03	3.163857e+00	3.915075e-06	-1.581972e-01
3.078497169327400e-03	3.163858e+00	3.914920e-06	-1.581964e-01
3.088497169327400e-03	3.163858e+00	3.914769e-06	-1.581972e-01
3.098497169327400e-03	3.163858e+00	3.914622e-06	-1.581964e-01
3.108497169327400e-03	3.163859e+00	3.914477e-06	-1.581973e-01
3.118497169327400e-03	3.163859e+00	3.914336e-06	-1.581964e-01
3.128497169327400e-03	3.163859e+00	3.914197e-06	-1.581973e-01
3.138497169327400e-03	3.163859e+00	3.914062e-06	-1.581965e-01
3.148497169327400e-03	3.163860e+00	3.913930e-06	-1.581973e-01
3.158497169327400e-03	3.163860e+00	3.913799e-06	-1.581965e-01
3.168497169327400e-03	3.163860e+00	3.913673e-06	-1.581973e-01
3.178497169327400e-03	3.163861e+00	3.913548e-06	-1.581965e-01
3.188497169327400e-03	3.163861e+00	3.913427e-06	-1.581974e-01
3.198497169327400e-03	3.163861e+00	3.913308e-06	-1.581966e-01
3.208497169327400e-03	3.163862e+00	3.913192e-06	-1.581974e-01
3.218497169327400e-03	3.163862e+00	3.913078e-06	-1.581966e-01
3.228497169327400e-03	3.163862e+00	3.912967e-06	-1.581974e-01
3.238497169327400e-03	3.163862e+00	3.912858e-06	-1.581966e-01
3.248497169327400e-03	3.163863e+00	3.912752e-06	-1.581975e-01
3.258497169327400e-03	3.163863e+00	3.912647e-06	-1.581966e-01
3.268497169327400e-03	3.163863e+00	3.912545e-06	-1.581975e-01
3.278497169327400e-03	3.163863e+00	3.912445e-06	-1.581967e-01
3.288497169327400e-03	3.163864e+00	3.912347e-06	-1.581975e-01
3.298497169327400e-03	3.163864e+00	3.912251e-06	-1.581967e-01
3.308497169327400e-03	3.163864e+00	3.912158e-06	-1.581975e-01
3.318497169327400e-03	3.163864e+00	3.912066e-06	-1.581967e-01
3.328497169327400e-03	3.163865e+00	3.911977e-06	-1.581976e-01
3.338497169327400e-03	3.163865e+00	3.911889e-06	-1.581967e-01
3.348497169327400e-03	3.163865e+00	3.911803e-06	-1.581976e-01
3.358497169327400e-03	3.163865e+00	3.911719e-06	-1.581968e-01
3.368497169327400e-03	3.163865e+00	3.911637e-06	-1.581976e-01
3.378497169327400e-03	3.163865e+00	3.911557e-06	-1.581968e-01
3.388497169327400e-03	3.163866e+00	3.911478e-06	-1.581976e-01
3.398497169327400e-03	3.163866e+00	3.911401e-06	-1.581968e-01
3.408497169327400e-03	3.163866e+00	3.911325e-06	-1.581976e-01
3.418497169327400e-03	3.163866e+00	3.911251e-06	-1.581968e-01
3.428497169327400e-03	3.163866e+00	3.911179e-06	-1.581976e-01
3.438497169327400e-03	3.163866e+00	3.911108e-06	-1.581968e-01
3.448497169327400e-03	3.163867e+00	3.911039e-06	-1.581977e-01
3.458497169327400e-03	3.163867e+00	3.910972e-06	-1.581969e-01
3.468497169327400e-03	3.163867e+00	3.910905e-06	-1.581977e-01
3.478497169327400e-03	3.163867e+00	3.910841e-06	-1.581969e-01
3.488497169327400e-03	3.163867e+00	3.910777e-06	-1.581977e-01
3.498497169327400e-03	3.163867e+00	3.910715e-06	-1.581969e-01
3.508497169327400e-03	3.163868e+00	3.910654e-06	-1.581977e-01
3.518497169327400e-03	3.163868e+00	3.910595e-06	-1.581969e-01
3.528497169327400e-03	3.163868e+00	3.910537e-06	-1.581977e-01
3.538497169327400e-03	3.163868e+00	3.910480e-06	-1.581969e-01
3.548497169327400e-03	3.163868e+00	3.910424e-06	-1.581977e-01
3.558497169327400e-03	3.163868e+00	3.910369e-06	-1.581969e-01
3.568497169327400e-03	3.163868e+00	3.910316e-06	-1.581977e-01
3.578497169327400e-03	3.163869e+00	3.910264e-06	-1.581969e-01
3.588497169327400e-03	3.163869e+00	3.910212e-06	-1.581977e-01
3.598497169327400e-03	3.163869e+00	3.910162e-06	-1.581969e-01
3.608497169327400e-03	3.163869e+00	3.910113e-06	-1.581978e-01
3.618497169327400e-03	3.163869e+00	3.910066e-06	-1.581970e-01
3.628497169327400e-03	3.163869e+00	3.910019e-06	-1.581978e-01
3.638497169327400e-03	3.163869e+00	3.909973e-06	-1.581970e-01
3.648497169327400e-03	3.163869e+00	3.909928e-06	-1.581978e-01
3.658497169327400e-03	3.163869e+00	3.909884e-06	-1.581970e-01
3.668497169327400e-03	3.163870e+00	3.909840e-06	-1.581978e-01
3.678497169327400e-03	3.163870e+00	3.909799e-06	-1.581970e-01
3.688497169327400e-03	3.163870e+00	3.909757e-06	-1.581978e-01
3.698497169327400e-03	3.163870e+00	3.909717e-06	-1.581970e-01
3.708497169327400e-03	3.163870e+00	3.909677e-06	-1.581978e-01
3.718497169327400e-03	3.163870e+00	3.909639e-06	-1.581970e-01
3.728497169327400e-03	3.163870e+00	3.909601e-06	-1.581978e-01
3.738497169327400e-03	3.163870e+00	3.909563e-06	-1.581970e-01
3.748497169327400e-03	3.163870e+00	3.909527e-06	-1.581978e-01
3.758497169327400e-03	3.163870e+00	3.909492e-06	-1.581970e-01
3.768497169327400e-03	3.163870e+00	3.909457e-06	-1.581978e-01
3.778497169327400e-03	3.163871e+00	3.909423e-06	-1.581970e-01
3.788497169327400e-03	3.163871e+00	3.909390e-06	-1.581978e-01
3.798497169327400e-03	3.163871e+00	3.909357e-06	-1.581970e-01
3.808497169327400e-03	3.163871e+00	3.909325e-06	-1.581978e-01
3.818497169327400e-03	3.163871e+00	3.909294e-06	-1.581970e-01
3.828497169327400e-03	3.163871e+00	3.909263e-06	-1.581979e-01
3.838497169327400e-03	3.163871e+00	3.909233e-06	-1.581970e-01
3.848497169327400e-03	3.163871e+00	3.909204e-06	-1.581979e-01
3.858497169327400e-03	3.163871e+00	3.909176e-06	-1.581971e-01
3.868497169327400e-03	3.163871e+00	3.909147e-06	-1.581979e-01
3.878497169327400e-03	3.163871e+00	3.909120e-06	-1.581971e-01
3.888497169327400e-03	3.163871e+00	3.909093e-06	-1.581979e-01
3.898497169327400e-03	3.163871e+00	3.909066e-06	-1.581971e-01
3.908497169327401e-03	3.163871e+00	3.909041e-06	-1.581979e-01
3.918497169327400e-03	3.163871e+00	3.909016e-06	-1.581971e-01
3.928497169327400e-03	3.163871e+00	3.908990e-06	-1.581979e-01
3.938497169327400e-03	3.163872e+00	3.908966e-06	-1.581971e-01
3.948497169327400e-03	3.163872e+00	3.908943e-06	-1.581979e-01
3.958497169327400e-03	3.163872e+00	3.908920e-06	-1.581971e-01
3.968497169327400e-03	3.163872e+00	3.908897e-06	-1.581979e-01
3.978497169327400e-03	3.163872e+00	3.908875e-06	-1.581971e-01
3.988497169327400e-03	3.163872e+00	3.908853e-06	-1.581979e-01
3.998497169327400e-03	3.163872e+00	3.908832e-06	-1.581971e-01
4.008497169327400e-03	3.163872e+00	3.908811e-06	-1.581979e-01
4.018497169327400e-03	3.163872e+00	3.908790e-06	-1.581971e-01
4.028497169327400e-03	3.163872e+00	3.908770e-06	-1.581979e-01
4.038497169327400e-03	3.163872e+00	3.908751e-06	-1.581971e-01
4.048497169327400e-03	3.163872e+00	3.908732e-06	-1.581979e-01
4.058497169327401e-03	3.163872e+00	3.908713e-06	-1.581971e-01
4.068497169327400e-03	3.163872e+00	3.908694e-06	-1.581979e-01
4.078497169327401e-03	3.163872e+00	3.908676e-06	-1.581971e-01
4.088497169327400e-03	3.163872e+00	3.908659e-06	-1.581979e-01
4.098497169327400e-03	3.163872e+00	3.908642e-06	-1.581971e-01
4.108497169327400e-03	3.163872e+00	3.908625e-06	-1.581979e-01
4.118497169327400e-03	3.163872e+00	3.908608e-06	-1.581971e-01
4.128497169327400e-03	3.163872e+00	3.908592e-06	-1.581979e-01
4.138497169327400e-03	3.163873e+00	3.908576e-06	-1.581971e-01
4.148497169327400e-03	3.163873e+00	3.908561e-06	-1.581979e-01
4.158497169327400e-03	3.163873e+00	3.908545e-06	-1.581971e-01
4.168497169327400e-03	3.163873e+00	3.908531e-06	-1.581979e-01
4.178497169327400e-03	3.163873e+00	3.908516e-06	-1.581971e-01
4.188497169327400e-03	3.163873e+00	3.908502e-06	-1.581980e-01
4.198497169327400e-03	3.163873e+00	3.908488e-06	-1.581971e-01
4.208497169327400e-03	3.163873e+00	3.908474e-06	-1.581980e-01
4.218497169327400e-03	3.163873e+00	3.908461e-06	-1.581971e-01
4.228497169327401e-03	3.163873e+00	3.908448e-06	-1.581980e-01
4.238497169327400e-03	3.163873e+00	3.908435e-06	-1.581971e-01
4.248497169327400e-03	3.163873e+00	3.908423e-06	-1.581980e-01
4.258497169327400e-03	3.163873e+00	3.908410e-06	-1.581971e-01
4.268497169327400e-03	3.163873e+00	3.908398e-06	-1.581980e-01
4.278497169327400e-03	3.163873e+00	3.908386e-06	-1.581971e-01
4.288497169327400e-03	3.163873e+00	3.908375e-06	-1.581980e-01
4.298497169327400e-03	3.163873e+00	3.908363e-06	-1.581971e-01
4.308497169327400e-03	3.163873e+00	3.908352e-06	-1.581980e-01
4.318497169327400e-03	3.163873e+00	3.908342e-06	-1.581971e-01
4.328497169327400e-03	3.163873e+00	3.908331e-06	-1.581980e-01
4.338497169327400e-03	3.163873e+00	3.908321e-06	-1.581971e-01
4.348497169327400e-03	3.163873e+00	3.908310e-06	-1.581980e-01
4.358497169327400e-03	3.163873e+00	3.908300e-06	-1.581971e-01
4.368497169327400e-03	3.163873e+00	3.908291e-06	-1.581980e-01
4.378497169327400e-03	3.163873e+00	3.908281e-06	-1.581972e-01
4.388497169327400e-03	3.163873e+00	3.908272e-06	-1.581980e-01
4.398497169327401e-03	3.163873e+00	3.908262e-06	-1.581972e-01
4.408497169327400e-03	3.163873e+00	3.908253e-06	-1.581980e-01
4.418497169327400e-03	3.163873e+00	3.908245e-06	-1.581972e-01
4.428497169327400e-03	3.163873e+00	3.908236e-06	-1.581980e-01
4.438497169327400e-03	3.163873e+00	3.908227e-06	-1.581972e-01
4.448497169327400e-03	3.163873e+00	3.908219e-06	-1.581980e-01
4.458497169327400e-03	3.163873e+00	3.908211e-06	-1.581972e-01
4.468497169327400e-03	3.163873e+00	3.908203e-06	-1.581980e-01
4.478497169327400e-03	3.163873e+00	3.908196e-06	-1.581972e-01
4.488497169327400e-03	3.163873e+00	3.908188e-06	-1.581980e-01
4.498497169327400e-03	3.163873e+00	3.908181e-06	-1.581972e-01
4.508497169327400e-03	3.163873e+00	3.908173e-06	-1.581980e-01
4.518497169327400e-03	3.163874e+00	3.908166e-06	-1.581972e-01
4.528497169327400e-03	3.163873e+00	3.908159e-06	-1.581980e-01
4.538497169327400e-03	3.163873e+00	3.908152e-06	-1.581972e-01
4.548497169327400e-03	3.163873e+00	3.908145e-06	-1.581980e-01
4.558497169327400e-03	3.163873e+00	3.908139e-06	-1.581972e-01
4.568497169327400e-03	3.163874e+00	3.908132e-06	-1.581980e-01
4.578497169327400e-03	3.163874e+00	3.908126e-06	-1.581972e-01
4.588497169327400e-03	3.163873e+00	3.908120e-06	-1.581980e-01
4.598497169327400e-03	3.163874e+00	3.908114e-06	-1.581972e-01
4.608497169327400e-03	3.163873e+00	3.908108e-06	-1.581980e-01
4.618497169327400e-03	3.163874e+00	3.908102e-06	-1.581972e-01
4.628497169327400e-03	3.163873e+00	3.908096e-06	-1.581980e-01
4.638497169327400e-03	3.163874e+00	3.908091e-06	-1.581972e-01
4.648497169327400e-03	3.163874e+00	3.908085e-06	-1.581980e-01
4.658497169327400e-03	3.163874e+00	3.908080e-06	-1.581972e-01
4.668497169327400e-03	3.163873e+00	3.908075e-06	-1.581980e-01
4.678497169327400e-03	3.163874e+00	3.908070e-06	-1.581972e-01
4.688497169327400e-03	3.163874e+00	3.908065e-06	-1.581980e-01
4.698497169327400e-03	3.163874e+00	3.908060e-06	-1.581972e-01
4.708497169327400e-03	3.163874e+00	3.908055e-06	-1.581980e-01
4.718497169327401e-03	3.163874e+00	3.908050e-06	-1.581972e-01
4.728497169327400e-03	3.163874e+00	3.908046e-06	-1.581980e-01
4.738497169327400e-03	3.163874e+00	3.908041e-06	-1.581972e-01
4.748497169327400e-03	3.163874e+00	3.908036e-06	-1.581980e-01
4.758497169327400e-03	3.163874e+00	3.908032e-06	-1.581972e-01
4.768497169327400e-03	3.163874e+00	3.908028e-06	-1.581980e-01
4.778497169327400e-03	3.163874e+00	3.908024e-06	-1.581972e-01
4.788497169327400e-03	3.163874e+00	3.908020e-06	-1.581980e-01
4.798497169327400e-03	3.163874e+00	3.908016e-06	-1.581972e-01
4.808497169327400e-03	3.163874e+00	3.908011e-06	-1.581980e-01
4.818497169327400e-03	3.163874e+00	3.908008e-06	-1.581972e-01
4.828497169327400e-03	3.163874e+00	3.908004e-06	-1.581980e-01
4.838497169327400e-03	3.163874e+00	3.908001e-06	-1.581972e-01
4.848497169327400e-03	3.163874e+00	3.907997e-06	-1.581980e-01
4.858497169327400e-03	3.163874e+00	3.907993e-06	-1.581972e-01
4.868497169327400e-03	3.163874e+00	3.907990e-06	-1.581980e-01
4.878497169327400e-03	3.163874e+00	3.907986e-06	-1.581972e-01
4.888497169327400e-03	3.163874e+00	3.907983e-06	-1.581980e-01
4.898497169327400e-03	3.163874e+00	3.907980e-06	-1.581972e-01
4.908497169327400e-03	3.163874e+00	3.907977e-06	-1.581980e-01
4.918497169327400e-03	3.163874e+00	3.907973e-06	-1.581972e-01
4.928497169327400e-03	3.163874e+00	3.907970e-06	-1.581980e-01
4.938497169327400e-03	3.163874e+00	3.907967e-06	-1.581972e-01
4.948497169327400e-03	3.163874e+00	3.907964e-06	-1.581980e-01
4.958497169327400e-03	3.163874e+00	3.907961e-06	-1.581972e-01
4.968497169327400e-03	3.163874e+00	3.907959e-06	-1.581980e-01
4.978497169327400e-03	3.163874e+00	3.907956e-06	-1.581972e-01
4.988497169327400e-03	3.163874e+00	3.907953e-06	-1.581980e-01
4.998497169327400e-03	3.163874e+00	3.907950e-06	-1.581972e-01
5.008497169327400e-03	3.163874e+00	3.907948e-06	-1.581980e-01
5.018497169327400e-03	3.163874e+00	3.907945e-06	-1.581972e-01
5.028497169327400e-03	3.163874e+00	3.907943e-06	-1.581980e-01
5.038497169327400e-03	3.163874e+00	3.907940e-06	-1.581972e-01
5.048497169327400e-03	3.163874e+00	3.907938e-06	-1.581980e-01
5.058497169327400e-03	3.163874e+00	3.907935e-06	-1.581972e-01
5.068497169327400e-03	3.163874e+00	3.907933e-06	-1.581980e-01
5.078497169327400e-03	3.163874e+00	3.907930e-06	-1.581972e-01
5.088497169327400e-03	3.163874e+00	3.907929e-06	-1.581980e-01
5.098497169327400e-03	3.163874e+00	3.907926e-06	-1.581972e-01
5.108497169327400e-03	3.163874e+00	3.907924e-06	-1.581980e-01
5.118497169327400e-03	3.163874e+00	3.907922e-06	-1.581972e-01
5.128497169327400e-03	3.163874e+00	3.907920e-06	-1.581980e-01
5.138497169327400e-03	3.163874e+00	3.907918e-06	-1.581972e-01
5.148497169327400e-03	3.163874e+00	3.907916e-06	-1.581980e-01
5.158497169327400e-03	3.163874e+00	3.907914e-06	-1.581972e-01
5.168497169327400e-03	3.163874e+00	3.907912e-06	-1.581980e-01
5.178497169327400e-03	3.163874e+00	3.907910e-06	-1.581972e-01
5.188497169327400e-03	3.163874e+00	3.907909e-06	-1.581980e-01
5.198497169327400e-03	3.163874e+00	3.907907e-06	-1.581972e-01
5.208497169327400e-03	3.163874e+00	3.907905e-06	-1.581980e-01
5.218497169327400e-03	3.163874e+00	3.907903e-06	-1.581972e-01
5.228497169327400e-03	3.163874e+00	3.907902e-06	-1.581980e-01
5.238497169327400e-03	3.163874e+00	3.907900e-06	-1.581972e-01
5.248497169327400e-03	3.163874e+00	3.907899e-06	-1.581980e-01
5.258497169327400e-03	3.163874e+00	3.907897e-06	-1.581972e-01
5.268497169327400e-03	3.163874e+00	3.907895e-06	-1.581980e-01
5.278497169327400e-03	3.163874e+00	3.907894e-06	-1.581972e-01
5.288497169327400e-03	3.163874e+00	3.907892e-06	-1.581980e-01
5.298497169327400e-03	3.163874e+00	3.907890e-06	-1.581972e-01
5.308497169327400e-03	3.163874e+00	3.907890e-06	-1.581980e-01
5.318497169327400e-03	3.163874e+00	3.907888e-06	-1.581972e-01
5.328497169327400e-03	3.163874e+00	3.907886e-06	-1.581980e-01
5.338497169327400e-03	3.163874e+00	3.907885e-06	-1.581972e-01
5.348497169327400e-03	3.163874e+00	3.907884e-06	-1.581980e-01
5.358497169327400e-03	3.163874e+00	3.907882e-06	-1.581972e-01
5.368497169327400e-03	3.163874e+00	3.907881e-06	-1.581980e-01
5.378497169327400e-03	3.163874e+00	3.907880e-06	-1.581972e-01
5.388497169327400e-03	3.163874e+00	3.907879e-06	-1.581980e-01
5.398497169327400e-03	3.163874e+00	3.907877e-06	-1.581972e-01
5.408497169327400e-03	3.163874e+00	3.907876e-06	-1.581980e-01
5.418497169327400e-03	3.163874e+00	3.907875e-06	-1.581972e-01
5.428497169327400e-03	3.163874e+00	3.907874e-06	-1.581980e-01
5.438497169327400e-03	3.163874e+00	3.907873e-06	-1.581972e-01
5.448497169327400e-03	3.163874e+00	3.907872e-06	-1.581980e-01
5.458497169327400e-03	3.163874e+00	3.907871e-06	-1.581972e-01
5.468497169327400e-03	3.163874e+00	3.907870e-06	-1.581980e-01
5.478497169327400e-03	3.163874e+00	3.907869e-06	-1.581972e-01
5.488497169327400e-03	3.163874e+00	3.907868e-06	-1.581980e-01
5.498497169327400e-03	3.163874e+00	3.907867e-06	-1.581972e-01
5.508497169327400e-03	3.163874e+00	3.907866e-06	-1.581980e-01
5.518497169327400e-03	3.163874e+00	3.907865e-06	-1.581972e-01
5.528497169327400e-03	3.163874e+00	3.907864e-06	-1.581980e-01
5.538497169327400e-03	3.163874e+00	3.907863e-06	-1.581972e-01
5.548497169327400e-03	3.163874e+00	3.907862e-06	-1.581980e-01
5.558497169327400e-03	3.163874e+00	3.907861e-06	-1.581972e-01
5.568497169327400e-03	3.163874e+00	3.907860e-06	-1.581980e-01
5.578497169327400e-03	3.163874e+00	3.907860e-06	-1.581972e-01
5.588497169327400e-03	3.163874e+00	3.907859e-06	-1.581980e-01
5.598497169327400e-03	3.163874e+00	3.907858e-06	-1.581972e-01
5.608497169327400e-03	3.163874e+00	3.907857e-06	-1.581980e-01
5.618497169327400e-03	3.163874e+00	3.907856e-06	-1.581972e-01
5.628497169327400e-03	3.163874e+00	3.907855e-06	-1.581980e-01
5.638497169327400e-03	3.163874e+00	3.907855e-06	-1.581972e-01
5.648497169327400e-03	3.163874e+00	3.907854e-06	-1.581980e-01
5.658497169327400e-03	3.163874e+00	3.907853e-06	-1.581972e-01
5.668497169327400e-03	3.163874e+00	3.907853e-06	-1.581980e-01
5.678497169327400e-03	3.163874e+00	3.907852e-06	-1.581972e-01
5.688497169327400e-03	3.163874e+00	3.907851e-06	-1.581980e-01
5.698497169327400e-03	3.163874e+00	3.907850e-06	-1.581972e-01
5.708497169327400e-03	3.163874e+00	3.907850e-06	-1.581980e-01
5.718497169327400e-03	3.163874e+00	3.907849e-06	-1.581972e-01
5.728497169327400e-03	3.163874e+00	3.907849e-06	-1.581980e-01
5.738497169327400e-03	3.163874e+00	3.907848e-06	-1.581972e-01
5.748497169327400e-03	3.163874e+00	3.907847e-06	-1.581980e-01
5.758497169327400e-03	3.163874e+00	3.907847e-06	-1.581972e-01
5.768497169327400e-03	3.163874e+00	3.907846e-06	-1.581980e-01
5.778497169327400e-03	3.163874e+00	3.907845e-06	-1.581972e-01
5.788497169327400e-03	3.163874e+00	3.907845e-06	-1.581980e-01
5.798497169327400e-03	3.163874e+00	3.907845e-06	-1.581972e-01
5.808497169327400e-03	3.163874e+00	3.907844e-06	-1.581980e-01
5.818497169327400e-03	3.163874e+00	3.907843e-06	-1.581972e-01
5.828497169327400e-03	3.163874e+00	3.907843e-06	-1.581980e-01
5.838497169327400e-03	3.163874e+00	3.907842e-06	-1.581972e-01
5.848497169327400e-03	3.163874e+00	3.907842e-06	-1.581980e-01
5.858497169327400e-03	3.163874e+00	3.907841e-06	-1.581972e-01
5.868497169327400e-03	3.163874e+00	3.907841e-06	-1.581980e-01
5.878497169327400e-03	3.163874e+00	3.907840e-06	-1.581972e-01
5.888497169327400e-03	3.163874e+00	3.907840e-06	-1.581980e-01
5.898497169327400e-03	3.163874e+00	3.907840e-06	-1.581972e-01
5.908497169327400e-03	3.163874e+00	3.907839e-06	-1.581980e-01
5.918497169327400e-03	3.163874e+00	3.907839e-06	-1.581972e-01
5.928497169327400e-03	3.163874e+00	3.907838e-06	-1.581980e-01
5.938497169327400e-03	3.163874e+00	3.907838e-06	-1.581972e-01
5.948497169327400e-03	3.163874e+00	3.907837e-06	-1.581980e-01
5.958497169327400e-03	3.163874e+00	3.907837e-06	-1.581972e-01
5.968497169327400e-03	3.163874e+00	3.907836e-06	-1.581980e-01
5.978497169327400e-03	3.163874e+00	3.907836e-06	-1.581972e-01
5.988497169327400e-03	3.163874e+00	3.907835e-06	-1.581980e-01
5.998497169327400e-03	3.163874e+00	3.907835e-06	-1.581972e-01
6.008497169327400e-03	3.163874e+00	3.907835e-06	-1.581980e-01
6.018497169327400e-03	3.163874e+00	3.907835e-06	-1.581972e-01
6.028497169327400e-03	3.163874e+00	3.907834e-06	-1.581980e-01
6.038497169327400e-03	3.163874e+00	3.907834e-06	-1.581972e-01
6.048497169327400e-03	3.163874e+00	3.907833e-06	-1.581980e-01
6.058497169327400e-03	3.163874e+00	3.907833e-06	-1.581972e-01
6.068497169327400e-03	3.163874e+00	3.907833e-06	-1.581980e-01
6.078497169327400e-03	3.163874e+00	3.907832e-06	-1.581972e-01
6.088497169327400e-03	3.163874e+00	3.907832e-06	-1.581980e-01
6.098497169327400e-03	3.163874e+00	3.907832e-06	-1.581972e-01
6.108497169327400e-03	3.163874e+00	3.907831e-06	-1.581980e-01
6.118497169327400e-03	3.163874e+00	3.907831e-06	-1.581972e-01
6.128497169327400e-03	3.163874e+00	3.907831e-06	-1.581980e-01
6.138497169327400e-03	3.163874e+00	3.907830e-06	-1.581972e-01
6.148497169327400e-03	3.163874e+00	3.907830e-06	-1.581980e-01
6.158497169327400e-03	3.163874e+00	3.907830e-06	-1.581972e-01
6.168497169327400e-03	3.163874e+00	3.907830e-06	-1.581980e-01
6.178497169327400e-03	3.163874e+00	3.907830e-06	-1.581972e-01
6.188497169327400e-03	3.163874e+00	3.907829e-06	-1.581980e-01
6.198497169327400e-03	3.163874e+00	3.907829e-06	-1.581972e-01
6.208497169327400e-03	3.163874e+00	3.907829e-06	-1.581980e-01
6.218497169327400e-03	3.163874e+00	3.907829e-06	-1.581972e-01
6.228497169327400e-03	3.163874e+00	3.907828e-06	-1.581980e-01
6.238497169327400e-03	3.163874e+00	3.907828e-06	-1.581972e-01
6.248497169327400e-03	3.163874e+00	3.907828e-06	-1.581980e-01
6.258497169327400e-03	3.163874e+00	3.907828e-06	-1.581972e-01
6.268497169327400e-03	3.163874e+00	3.907827e-06	-1.581980e-01
6.278497169327400e-03	3.163874e+00	3.907827e-06	-1.581972e-01
6.288497169327400e-03	3.163874e+00	3.907827e-06	-1.581980e-01
6.298497169327400e-03	3.163874e+00	3.907827e-06	-1.581972e-01
6.308497169327400e-03	3.163874e+00	3.907826e-06	-1.581980e-01
6.318497169327400e-03	3.163874e+00	3.907826e-06	-1.581972e-01
6.328497169327400e-03	3.163874e+00	3.907826e-06	-1.581980e-01
6.338497169327400e-03	3.163874e+00	3.907826e-06	-1.581972e-01
6.348497169327400e-03	3.163874e+00	3.907825e-06	-1.581980e-01
6.358497169327400e-03	3.163874e+00	3.907825e-06	-1.581972e-01
6.368497169327400e-03	3.163874e+00	3.907825e-06	-1.581980e-01
6.378497169327400e-03	3.163874e+00	3.907825e-06	-1.581972e-01
6.388497169327400e-03	3.163874e+00	3.907825e-06	-1.581980e-01
6.398497169327400e-03	3.163874e+00	3.907825e-06	-1.581972e-01
6.408497169327400e-03	3.163874e+00	3.907825e-06	-1.581980e-01
6.418497169327400e-03	3.163874e+00	3.907824e-06	-1.581972e-01
6.428497169327400e-03	3.163874e+00	3.907824e-06	-1.581980e-01
6.438497169327400e-03	3.163874e+00	3.907824e-06	-1.581972e-01
6.448497169327400e-03	3.163874e+00	3.907824e-06	-1.581980e-01
6.458497169327400e-03	3.163874e+00	3.907824e-06	-1.581972e-01
6.468497169327400e-03	3.163874e+00	3.907823e-06	-1.581980e-01
6.478497169327400e-03	3.163874e+00	3.907823e-06	-1.581972e-01
6.488497169327400e-03	3.163874e+00	3.907823e-06	-1.581980e-01
6.498497169327400e-03	3.163874e+00	3.907823e-06	-1.581972e-01
6.508497169327400e-03	3.163874e+00	3.907823e-06	-1.581980e-01
6.518497169327400e-03	3.163874e+00	3.907823e-06	-1.581972e-01
6.528497169327400e-03	3.163874e+00	3.907822e-06	-1.581980e-01
6.538497169327400e-03	3.163874e+00	3.907822e-06	-1.581972e-01
6.548497169327400e-03	3.163874e+00	3.907822e-06	-1.581980e-01
6.558497169327400e-03	3.163874e+00	3.907822e-06	-1.581972e-01
6.568497169327400e-03	3.163874e+00	3.907822e-06	-1.581980e-01
6.578497169327400e-03	3.163874e+00	3.907822e-06	-1.581972e-01
6.588497169327400e-03	3.163874e+00	3.907822e-06	-1.581980e-01
6.598497169327400e-03	3.163874e+00	3.907821e-06	-1.581972e-01
6.608497169327400e-03	3.163874e+00	3.907821e-06	-1.581980e-01
6.618497169327400e-03	3.163874e+00	3.907821e-06	-1.581972e-01
6.628497169327400e-03	3.163874e+00	3.907821e-06	-1.581980e-01
6.638497169327400e-03	3.163874e+00	3.907821e-06	-1.581972e-01
6.648497169327400e-03	3.163874e+00	3.907821e-06	-1.581980e-01
6.658497169327400e-03	3.163874e+00	3.907821e-06	-1.581972e-01
6.668497169327400e-03	3.163874e+00	3.907821e-06	-1.581980e-01
6.678497169327400e-03	3.163874e+00	3.907820e-06	-1.581972e-01
6.688497169327400e-03	3.163874e+00	3.907820e-06	-1.581980e-01
6.698497169327400e-03	3.163874e+00	3.907820e-06	-1.581972e-01
6.708497169327400e-03	3.163874e+00	3.907820e-06	-1.581980e-01
6.718497169327400e-03	3.163874e+00	3.907820e-06	-1.581972e-01
6.728497169327400e-03	3.163874e+00	3.907820e-06	-1.581980e-01
6.738497169327400e-03	3.163874e+00	3.907820e-06	-1.581972e-01
6.748497169327400e-03	3.163874e+00	3.907820e-06	-1.581980e-01
6.758497169327400e-03	3.163874e+00	3.907820e-06	-1.581972e-01
6.768497169327400e-03	3.163874e+00	3.907820e-06	-1.581980e-01
6.778497169327400e-03	3.163874e+00	3.907820e-06	-1.581972e-01
6.788497169327400e-03	3.163874e+00	3.907820e-06	-1.581980e-01
6.798497169327400e-03	3.163874e+00	3.907820e-06	-1.581972e-01
6.808497169327399e-03	3.163874e+00	3.907820e-06	-1.581980e-01
6.818497169327400e-03	3.163874e+00	3.907820e-06	-1.581972e-01
6.828497169327400e-03	3.163874e+00	3.907820e-06	-1.581980e-01
6.838497169327400e-03	3.163874e+00	3.907819e-06	-1.581972e-01
6.848497169327400e-03	3.163874e+00	3.907819e-06	-1.581980e-01
6.858497169327400e-03	3.163874e+00	3.907819e-06	-1.581972e-01
6.868497169327400e-03	3.163874e+00	3.907819e-06	-1.581980e-01
6.878497169327400e-03	3.163874e+00	3.907819e-06	-1.581972e-01
6.888497169327400e-03	3.163874e+00	3.907819e-06	-1.581980e-01
6.898497169327400e-03	3.163874e+00	3.907819e-06	-1.581972e-01
6.908497169327400e-03	3.163874e+00	3.907819e-06	-1.581980e-01
6.918497169327400e-03	3.163874e+00	3.907819e-06	-1.581972e-01
6.928497169327400e-03	3.163874e+00	3.907819e-06	-1.581980e-01
6.938497169327400e-03	3.163874e+00	3.907818e-06	-1.581972e-01
6.948497169327400e-03	3.163874e+00	3.907818e-06	-1.581980e-01
6.958497169327400e-03	3.163874e+00	3.907818e-06	-1.581972e-01
6.968497169327400e-03	3.163874e+00	3.907818e-06	-1.581980e-01
6.978497169327399e-03	3.163874e+00	3.907818e-06	-1.581972e-01
6.988497169327400e-03	3.163874e+00	3.907818e-06	-1.581980e-01
6.998497169327400e-03	3.163874e+00	3.907818e-06	-1.581972e-01
7.008497169327400e-03	3.163874e+00	3.907818e-06	-1.581980e-01
7.018497169327400e-03	3.163874e+00	3.907818e-06	-1.581972e-01
7.028497169327400e-03	3.163874e+00	3.907818e-06	-1.581980e-01
7.038497169327400e-03	3.163874e+00	3.907818e-06	-1.581972e-01
7.048497169327400e-03	3.163874e+00	3.907818e-06	-1.581980e-01
7.058497169327400e-03	3.163874e+00	3.907818e-06	-1.581972e-01
7.068497169327400e-03	3.163874e+00	3.907818e-06	-1.581980e-01
7.078497169327400e-03	3.163874e+00	3.907817e-06	-1.581972e-01
7.088497169327400e-03	3.163874e+00	3.907817e-06	-1.581980e-01
7.098497169327400e-03	3.163874e+00	3.907817e-06	-1.581972e-01
7.108497169327400e-03	3.163874e+00	3.907817e-06	-1.581980e-01
7.118497169327400e-03	3.163874e+00	3.907817e-06	-1.581972e-01
7.128497169327399e-03	3.163874e+00	3.907817e-06	-1.581980e-01
7.138497169327400e-03	3.163874e+00	3.907817e-06	-1.581972e-01
7.148497169327400e-03	3.163874e+00	3.907817e-06	-1.581980e-01
7.158497169327400e-03	3.163874e+00	3.907817e-06	-1.581972e-01
7.168497169327400e-03	3.163874e+00	3.907817e-06	-1.581980e-01
7.178497169327400e-03	3.163874e+00	3.907817e-06	-1.581972e-01
7.188497169327400e-03	3.163874e+00	3.907817e-06	-1.581980e-01
7.198497169327400e-03	3.163874e+00	3.907817e-06	-1.581972e-01
7.208497169327400e-03	3.163874e+00	3.907817e-06	-1.581980e-01
7.218497169327400e-03	3.163874e+00	3.907817e-06	-1.581972e-01
7.228497169327400e-03	3.163874e+00	3.907817e-06	-1.581980e-01
7.238497169327400e-03	3.163874e+00	3.907817e-06	-1.581972e-01
7.248497169327400e-03	3.163874e+00	3.907817e-06	-1.581980e-01
7.258497169327400e-03	3.163874e+00	3.907817e-06	-1.581972e-01
7.268497169327400e-03	3.163874e+00	3.907817e-06	-1.581980e-01
7.278497169327400e-03	3.163874e+00	3.907817e-06	-1.581972e-01
7.288497169327400e-03	3.163874e+00	3.907816e-06	-1.581980e-01
7.298497169327399e-03	3.163874e+00	3.907816e-06	-1.581972e-01
7.308497169327400e-03	3.163874e+00	3.907816e-06	-1.581980e-01
7.318497169327400e-03	3.163874e+00	3.907816e-06	-1.581972e-01
7.328497169327400e-03	3.163874e+00	3.907816e-06	-1.581980e-01
7.338497169327400e-03	3.163874e+00	3.907816e-06	-1.581972e-01
7.348497169327400e-03	3.163874e+00	3.907816e-06	-1.581980e-01
7.358497169327400e-03	3.163874e+00	3.907816e-06	-1.581972e-01
7.368497169327400e-03	3.163874e+00	3.907816e-06	-1.581980e-01
7.378497169327400e-03	3.163874e+00	3.907816e-06	-1.581972e-01
7.388497169327400e-03	3.163874e+00	3.907816e-06	-1.581980e-01
7.398497169327400e-03	3.163874e+00	3.907816e-06	-1.581972e-01
7.408497169327400e-03	3.163874e+00	3.907816e-06	-1.581980e-01
7.418497169327400e-03	3.163874e+00	3.907816e-06	-1.581972e-01
7.428497169327400e-03	3.163874e+00	3.907816e-06	-1.581980e-01
7.438497169327400e-03	3.163874e+00	3.907816e-06	-1.581972e-01
7.448497169327399e-03	3.163874e+00	3.907816e-06	-1.581980e-01
7.458497169327400e-03	3.163874e+00	3.907816e-06	-1.581972e-01
7.468497169327399e-03	3.163874e+00	3.907816e-06	-1.581980e-01
7.478497169327400e-03	3.163874e+00	3.907816e-06	-1.581972e-01
7.488497169327400e-03	3.163874e+00	3.907816e-06	-1.581980e-01
7.498497169327400e-03	3.163874e+00	3.907816e-06	-1.581972e-01
7.508497169327400e-03	3.163874e+00	3.907816e-06	-1.581980e-01
7.518497169327400e-03	3.163874e+00	3.907816e-06	-1.581972e-01
7.528497169327400e-03	3.163874e+00	3.907816e-06	-1.581980e-01
7.538497169327400e-03	3.163874e+00	3.907816e-06	-1.581972e-01
7.548497169327400e-03	3.163874e+00	3.907816e-06	-1.581980e-01
7.558497169327400e-03	3.163874e+00	3.907816e-06	-1.581972e-01
7.568497169327400e-03	3.163874e+00	3.907816e-06	-1.581980e-01
7.578497169327400e-03	3.163874e+00	3.907816e-06	-1.581972e-01
7.588497169327400e-03	3.163874e+00	3.907816e-06	-1.581980e-01
7.598497169327400e-03	3.163874e+00	3.907816e-06	-1.581972e-01
7.608497169327400e-03	3.163874e+00	3.907816e-06	-1.581980e-01
7.618497169327399e-03	3.163874e+00	3.907816e-06	-1.581972e-01
7.628497169327400e-03	3.163874e+00	3.907815e-06	-1.581980e-01
7.638497169327399e-03	3.163874e+00	3.907815e-06	-1.581972e-01
7.648497169327400e-03	3.163874e+00	3.907815e-06	-1.581980e-01
7.658497169327400e-03	3.163874e+00	3.907815e-06	-1.581972e-01
7.668497169327400e-03	3.163874e+00	3.907815e-06	-1.581980e-01
7.678497169327400e-03	3.163874e+00	3.907815e-06	-1.581972e-01
7.688497169327400e-03	3.163874e+00	3.907815e-06	-1.581980e-01
7.698497169327400e-03	3.163874e+00	3.907815e-06	-1.581972e-01
7.708497169327400e-03	3.163874e+00	3.907815e-06	-1.581980e-01
7.718497169327400e-03	3.163874e+00	3.907815e-06	-1.581972e-01
7.728497169327400e-03	3.163874e+00	3.907815e-06	-1.581980e-01
7.738497169327400e-03	3.163874e+00	3.907815e-06	-1.581972e-01
7.748497169327400e-03	3.163874e+00	3.907815e-06	-1.581980e-01
7.758497169327400e-03	3.163874e+00	3.907815e-06	-1.581972e-01
7.768497169327399e-03	3.163874e+00	3.907815e-06	-1.581980e-01
7.778497169327400e-03	3.163874e+00	3.907815e-06	-1.581972e-01
7.788497169327399e-03	3.163874e+00	3.907815e-06	-1.581980e-01
7.798497169327400e-03	3.163874e+00	3.907815e-06	-1.581972e-01
7.808497169327400e-03	3.163874e+00	3.907815e-06	-1.581980e-01
7.818497169327400e-03	3.163874e+00	3.907815e-06	-1.581972e-01
7.828497169327400e-03	3.163874e+00	3.907815e-06	-1.581980e-01
7.838497169327399e-03	3.163874e+00	3.907815e-06	-1.581972e-01
7.848497169327400e-03	3.163874e+00	3.907815e-06	-1.581980e-01
7.858497169327400e-03	3.163874e+00	3.907815e-06	-1.581972e-01
7.868497169327400e-03	3.163874e+00	3.907815e-06	-1.581980e-01
7.878497169327399e-03	3.163874e+00	3.907815e-06	-1.581972e-01
7.888497169327401e-03	3.163874e+00	3.907815e-06	-1.581980e-01
7.898497169327400e-03	3.163874e+00	3.907815e-06	-1.581972e-01
7.908497169327400e-03	3.163874e+00	3.907815e-06	-1.581980e-01
7.918497169327399e-03	3.163874e+00	3.907815e-06	-1.581972e-01
7.928497169327399e-03	3.163874e+00	3.907815e-06	-1.581980e-01
7.938497169327400e-03	3.163874e+00	3.907815e-06	-1.581972e-01
7.948497169327400e-03	3.163874e+00	3.907815e-06	-1.581980e-01
7.958497169327399e-03	3.163874e+00	3.907815e-06	-1.581972e-01
7.968497169327399e-03	3.163874e+00	3.907815e-06	-1.581980e-01
7.978497169327400e-03	3.163874e+00	3.907815e-06	-1.581972e-01
7.988497169327400e-03	3.163874e+00	3.907815e-06	-1.581980e-01
7.998497169327400e-03	3.163874e+00	3.907815e-06	-1.581972e-01
8.008497169327399e-03	3.163874e+00	3.907815e-06	-1.581980e-01
8.018497169327400e-03	3.163874e+00	3.907815e-06	-1.581972e-01
8.028497169327400e-03	3.163874e+00	3.907815e-06	-1.581980e-01
8.038497169327400e-03	3.163874e+00	3.907815e-06	-1.581972e-01
8.048497169327399e-03	3.163874e+00	3.907815e-06	-1.581980e-01
8.058497169327401e-03	3.163874e+00	3.907815e-06	-1.581972e-01
8.068497169327400e-03	3.163874e+00	3.907815e-06	-1.581980e-01
8.078497169327400e-03	3.163874e+00	3.907815e-06	-1.581972e-01
8.088497169327399e-03	3.163874e+00	3.907815e-06	-1.581980e-01
8.098497169327399e-03	3.163874e+00	3.907815e-06	-1.581972e-01
8.108497169327400e-03	3.163874e+00	3.907815e-06	-1.581980e-01
8.118497169327400e-03	3.163874e+00	3.907815e-06	-1.581972e-01
8.128497169327399e-03	3.163874e+00	3.907815e-06	-1.581980e-01
8.138497169327399e-03	3.163874e+00	3.907815e-06	-1.581972e-01
8.148497169327400e-03	3.163874e+00	3.907815e-06	-1.581980e-01
8.158497169327400e-03	3.163874e+00	3.907815e-06	-1.581972e-01
8.168497169327400e-03	3.163874e+00	3.907815e-06	-1.581980e-01
8.178497169327399e-03	3.163874e+00	3.907815e-06	-1.581972e-01
8.188497169327401e-03	3.163874e+00	3.907815e-06	-1.581980e-01
8.198497169327400e-03	3.163874e+00	3.907815e-06	-1.581972e-01
8.208497169327400e-03	3.163874e+00	3.907815e-06	-1.581980e-01
8.218497169327399e-03	3.163874e+00	3.907815e-06	-1.581972e-01
8.228497169327401e-03	3.163874e+00	3.907815e-06	-1.581980e-01
8.238497169327400e-03	3.163874e+00	3.907815e-06	-1.581972e-01
8.248497169327400e-03	3.163874e+00	3.907815e-06	-1.581980e-01
8.258497169327399e-03	3.163874e+00	3.907815e-06	-1.581972e-01
8.268497169327399e-03	3.163874e+00	3.907815e-06	-1.581980e-01
8.278497169327400e-03	3.163874e+00	3.907815e-06	-1.581972e-01
8.288497169327400e-03	3.163874e+00	3.907815e-06	-1.581980e-01
8.298497169327399e-03	3.163874e+00	3.907815e-06	-1.581972e-01
8.308497169327399e-03	3.163874e+00	3.907815e-06	-1.581980e-01
8.318497169327400e-03	3.163874e+00	3.907815e-06	-1.581972e-01
8.328497169327400e-03	3.163874e+00	3.907815e-06	-1.581980e-01
8.338497169327400e-03	3.163874e+00	3.907815e-06	-1.581972e-01
8.348497169327399e-03	3.163874e+00	3.907815e-06	-1.581980e-01
8.358497169327401e-03	3.163874e+00	3.907815e-06	-1.581972e-01
8.368497169327400e-03	3.163874e+00	3.907815e-06	-1.581980e-01
8.378497169327400e-03	3.163874e+00	3.907815e-06	-1.581972e-01
8.388497169327399e-03	3.163874e+00	3.907815e-06	-1.581980e-01
8.398497169327401e-03	3.163874e+00	3.907815e-06	-1.581972e-01
8.408497169327400e-03	3.163874e+00	3.907815e-06	-1.581980e-01
8.418497169327400e-03	3.163874e+00	3.907815e-06	-1.581972e-01
8.428497169327399e-03	3.163874e+00	3.907815e-06	-1.581980e-01
8.438497169327399e-03	3.163874e+00	3.907815e-06	-1.581972e-01
8.448497169327400e-03	3.163874e+00	3.907815e-06	-1.581980e-01
8.458497169327400e-03	3.163874e+00	3.907815e-06	-1.581972e-01
8.468497169327400e-03	3.163874e+00	3.907815e-06	-1.581980e-01
8.478497169327399e-03	3.163874e+00	3.907815e-06	-1.581972e-01
8.488497169327400e-03	3.163874e+00	3.907815e-06	-1.581980e-01
8.498497169327400e-03	3.163874e+00	3.907815e-06	-1.581972e-01
8.508497169327400e-03	3.163874e+00	3.907815e-06	-1.581980e-01
8.518497169327399e-03	3.163874e+00	3.907815e-06	-1.581972e-01
8.528497169327401e-03	3.163874e+00	3.907815e-06	-1.581980e-01
8.538497169327400e-03	3.163874e+00	3.907815e-06	-1.581972e-01
8.548497169327400e-03	3.163874e+00	3.907815e-06	-1.581980e-01
8.558497169327399e-03	3.163874e+00	3.907815e-06	-1.581972e-01
8.568497169327399e-03	3.163874e+00	3.907815e-06	-1.581980e-01
8.578497169327400e-03	3.163874e+00	3.907815e-06	-1.581972e-01
8.588497169327400e-03	3.163874e+00	3.907815e-06	-1.581980e-01
8.598497169327399e-03	3.163874e+00	3.907815e-06	-1.581972e-01
8.608497169327399e-03	3.163874e+00	3.907815e-06	-1.581980e-01
8.618497169327400e-03	3.163874e+00	3.907815e-06	-1.581972e-01
8.628497169327400e-03	3.163874e+00	3.907815e-06	-1.581980e-01
8.638497169327400e-03	3.163874e+00	3.907815e-06	-1.581972e-01
8.648497169327399e-03	3.163874e+00	3.907815e-06	-1.581980e-01
8.658497169327400e-03	3.163874e+00	3.907815e-06	-1.581972e-01
8.668497169327400e-03	3.163874e+00	3.907815e-06	-1.581980e-01
8.678497169327400e-03	3.163874e+00	3.907815e-06	-1.581972e-01
8.688497169327399e-03	3.163874e+00	3.907815e-06	-1.581980e-01
8.698497169327401e-03	3.163874e+00	3.907815e-06	-1.581972e-01
8.708497169327400e-03	3.163874e+00	3.907815e-06	-1.581980e-01
8.718497169327400e-03	3.163874e+00	3.907815e-06	-1.581972e-01
8.728497169327399e-03	3.163874e+00	3.907815e-06	-1.581980e-01
8.738497169327399e-03	3.163874e+00	3.907815e-06	-1.581972e-01
8.748497169327400e-03	3.163874e+00	3.907815e-06	-1.581980e-01
8.758497169327400e-03	3.163874e+00	3.907815e-06	-1.581972e-01
8.768497169327399e-03	3.163874e+00	3.907815e-06	-1.581980e-01
8.778497169327399e-03	3.163874e+00	3.907815e-06	-1.581972e-01
8.788497169327400e-03	3.163874e+00	3.907815e-06	-1.581980e-01
8.798497169327400e-03	3.163874e+00	3.907815e-06	-1.581972e-01
8.808497169327400e-03	3.163874e+00	3.907815e-06	-1.581980e-01
8.818497169327399e-03	3.163874e+00	3.907815e-06	-1.581972e-01
8.828497169327400e-03	3.163874e+00	3.907815e-06	-1.581980e-01
8.838497169327400e-03	3.163874e+00	3.907815e-06	-1.581972e-01
8.848497169327400e-03	3.163874e+00	3.907815e-06	-1.581980e-01
8.858497169327399e-03	3.163874e+00	3.907815e-06	-1.581972e-01
8.868497169327401e-03	3.163874e+00	3.907815e-06	-1.581980e-01
8.878497169327400e-03	3.163874e+00	3.907815e-06	-1.581972e-01
8.888497169327400e-03	3.163874e+00	3.907815e-06	-1.581980e-01
8.898497169327399e-03	3.163874e+00	3.907815e-06	-1.581972e-01
8.908497169327399e-03	3.163874e+00	3.907815e-06	-1.581980e-01
8.918497169327400e-03	3.163874e+00	3.907815e-06	-1.581972e-01
8.928497169327400e-03	3.163874e+00	3.907815e-06	-1.581980e-01
8.938497169327399e-03	3.163874e+00	3.907815e-06	-1.581972e-01
8.948497169327399e-03	3.163874e+00	3.907815e-06	-1.581980e-01
8.958497169327400e-03	3.163874e+00	3.907815e-06	-1.581972e-01
8.968497169327400e-03	3.163874e+00	3.907815e-06	-1.581980e-01
8.978497169327400e-03	3.163874e+00	3.907815e-06	-1.581972e-01
8.988497169327399e-03	3.163874e+00	3.907815e-06	-1.581980e-01
8.998497169327400e-03	3.163874e+00	3.907815e-06	-1.581972e-01
9.008497169327400e-03	3.163874e+00	3.907814e-06	-1.581980e-01
9.018497169327400e-03	3.163874e+00	3.907814e-06	-1.581972e-01
9.028497169327399e-03	3.163874e+00	3.907814e-06	-1.581980e-01
9.038497169327401e-03	3.163874e+00	3.907814e-06	-1.581972e-01
9.048497169327400e-03	3.163874e+00	3.907814e-06	-1.581980e-01
9.058497169327400e-03	3.163874e+00	3.907814e-06	-1.581972e-01
9.068497169327399e-03	3.163874e+00	3.907814e-06	-1.581980e-01
9.078497169327399e-03	3.163874e+00	3.907814e-06	-1.581972e-01
9.088497169327400e-03	3.163874e+00	3.907814e-06	-1.581980e-01
9.098497169327400e-03	3.163874e+00	3.907814e-06	-1.581972e-01
9.108497169327399e-03	3.163874e+00	3.907814e-06	-1.581980e-01
9.118497169327399e-03	3.163874e+00	3.907814e-06	-1.581972e-01
9.128497169327400e-03	3.163874e+00	3.907814e-06	-1.581980e-01
9.138497169327400e-03	3.163874e+00	3.907814e-06	-1.581972e-01
9.148497169327400e-03	3.163874e+00	3.907814e-06	-1.581980e-01
9.158497169327399e-03	3.163874e+00	3.907814e-06	-1.581972e-01
9.168497169327400e-03	3.163874e+00	3.907814e-06	-1.581980e-01
9.178497169327400e-03	3.163874e+00	3.907814e-06	-1.581972e-01
9.188497169327400e-03	3.163874e+00	3.907814e-06	-1.581980e-01
9.198497169327399e-03	3.163874e+00	3.907814e-06	-1.581972e-01
9.208497169327399e-03	3.163874e+00	3.907814e-06	-1.581980e-01
9.218497169327400e-03	3.163874e+00	3.907814e-06	-1.581972e-01
9.228497169327400e-03	3.163874e+00	3.907814e-06	-1.581980e-01
9.238497169327399e-03	3.163874e+00	3.907814e-06	-1.581972e-01
9.248497169327399e-03	3.163874e+00	3.907814e-06	-1.581980e-01
9.258497169327400e-03	3.163874e+00	3.907814e-06	-1.581972e-01
9.268497169327400e-03	3.163874e+00	3.907814e-06	-1.581980e-01
9.278497169327399e-03	3.163874e+00	3.907814e-06	-1.581972e-01
9.288497169327399e-03	3.163874e+00	3.907814e-06	-1.581980e-01
9.298497169327400e-03	3.163874e+00	3.907814e-06	-1.581972e-01
9.308497169327400e-03	3.163874e+00	3.907814e-06	-1.581980e-01
9.318497169327400e-03	3.163874e+00	3.907814e-06	-1.581972e-01
9.328497169327399e-03	3.163874e+00	3.907814e-06	-1.581980e-01
9.338497169327400e-03	3.163874e+00	3.907814e-06	-1.581972e-01
9.348497169327400e-03	3.163874e+00	3.907814e-06	-1.581980e-01
9.358497169327400e-03	3.163874e+00	3.907814e-06	-1.581972e-01
9.368497169327399e-03	3.163874e+00	3.907814e-06	-1.581980e-01
9.378497169327399e-03	3.163874e+00	3.907814e-06	-1.581972e-01
9.388497169327400e-03	3.163874e+00	3.907814e-06	-1.581980e-01
9.398497169327400e-03	3.163874e+00	3.907814e-06	-1.581972e-01
9.408497169327399e-03	3.163874e+00	3.907814e-06	-1.581980e-01
9.418497169327399e-03	3.163874e+00	3.907814e-06	-1.581972e-01
9.428497169327400e-03	3.163874e+00	3.907814e-06	-1.581980e-01
9.438497169327400e-03	3.163874e+00	3.907814e-06	-1.581972e-01
9.448497169327399e-03	3.163874e+00	3.907814e-06	-1.581980e-01
9.458497169327399e-03	3.163874e+00	3.907814e-06	-1.581972e-01
9.468497169327400e-03	3.163874e+00	3.907814e-06	-1.581980e-01
9.478497169327400e-03	3.163874e+00	3.907814e-06	-1.581972e-01
9.488497169327400e-03	3.163874e+00	3.907814e-06	-1.581980e-01
9.498497169327399e-03	3.163874e+00	3.907814e-06	-1.581972e-01
9.508497169327400e-03	3.163874e+00	3.907814e-06	-1.581980e-01
9.518497169327400e-03	3.163874e+00	3.907814e-06	-1.581972e-01
9.528497169327400e-03	3.163874e+00	3.907814e-06	-1.581980e-01
9.538497169327399e-03	3.163874e+00	3.907814e-06	-1.581972e-01
9.548497169327399e-03	3.163874e+00	3.907814e-06	-1.581980e-01
9.558497169327400e-03	3.163874e+00	3.907814e-06	-1.581972e-01
9.568497169327400e-03	3.163874e+00	3.907814e-06	-1.581980e-01
9.578497169327399e-03	3.163874e+00	3.907814e-06	-1.581972e-01
9.588497169327399e-03	3.163874e+00	3.907814e-06	-1.581980e-01
9.598497169327400e-03	3.163874e+00	3.907814e-06	-1.581972e-01
9.608497169327400e-03	3.163874e+00	3.907814e-06	-1.581980e-01
9.618497169327399e-03	3.163874e+00	3.907814e-06	-1.581972e-01
9.628497169327399e-03	3.163874e+00	3.907814e-06	-1.581980e-01
9.638497169327400e-03	3.163874e+00	3.907814e-06	-1.581972e-01
9.648497169327400e-03	3.163874e+00	3.907814e-06	-1.581980e-01
9.658497169327400e-03	3.163874e+00	3.907814e-06	-1.581972e-01
9.668497169327399e-03	3.163874e+00	3.907814e-06	-1.581980e-01
9.678497169327401e-03	3.163874e+00	3.907814e-06	-1.581972e-01
9.688497169327400e-03	3.163874e+00	3.907814e-06	-1.581980e-01
9.698497169327400e-03	3.163874e+00	3.907814e-06	-1.581972e-01
9.708497169327399e-03	3.163874e+00	3.907814e-06	-1.581980e-01
9.718497169327399e-03	3.163874e+00	3.907814e-06	-1.581972e-01
9.728497169327400e-03	3.163874e+00	3.907814e-06	-1.581980e-01
9.738497169327400e-03	3.163874e+00	3.907814e-06	-1.581972e-01
9.748497169327399e-03	3.163874e+00	3.907814e-06	-1.581980e-01
9.758497169327399e-03	3.163874e+00	3.907814e-06	-1.581972e-01
9.768497169327400e-03	3.163874e+00	3.907814e-06	-1.581980e-01
9.778497169327400e-03	3.163874e+00	3.907814e-06	-1.581972e-01
9.788497169327399e-03	3.163874e+00	3.907814e-06	-1.581980e-01
9.798497169327399e-03	3.163874e+00	3.907814e-06	-1.581972e-01
9.808497169327400e-03	3.163874e+00	3.907814e-06	-1.581980e-01
9.818497169327400e-03	3.163874e+00	3.907814e-06	-1.581972e-01
9.828497169327400e-03	3.163874e+00	3.907814e-06	-1.581980e-01
9.838497169327399e-03	3.163874e+00	3.907814e-06	-1.581972e-01
9.848497169327399e-03	3.163874e+00	3.907814e-06	-1.581980e-01
9.858497169327400e-03	3.163874e+00	3.907814e-06	-1.581972e-01
9.868497169327400e-03	3.163874e+00	3.907814e-06	-1.581980e-01
9.878497169327399e-03	3.163874e+00	3.907814e-06	-1.581972e-01
9.888497169327399e-03	3.163874e+00	3.907814e-06	-1.581980e-01
9.898497169327400e-03	3.163874e+00	3.907814e-06	-1.581972e-01
9.908497169327400e-03	3.163874e+00	3.907814e-06	-1.581980e-01
9.918497169327399e-03	3.163874e+00	3.907814e-06	-1.581972e-01
9.928497169327399e-03	3.163874e+00	3.907814e-06	-1.581980e-01
9.938497169327400e-03	3.163874e+00	3.907814e-06	-1.581972e-01
9.948497169327400e-03	3.163874e+00	3.907814e-06	-1.581980e-01
9.958497169327400e-03	3.163874e+00	3.907814e-06	-1.581972e-01
9.968497169327399e-03	3.163874e+00	3.907814e-06	-1.581980e-01
9.978497169327400e-03	3.163874e+00	3.907814e-06	-1.581972e-01
9.988497169327400e-03	3.163874e+00	3.907814e-06	-1.581980e-01
9.998497169327400e-03	3.163874e+00	3.907814e-06	-1.581972e-01
1.000000000000000e-02	3.163874e+00	3.907738e-06	-1.581980e-01
1.000000000100000e-02	3.163874e+00	3.907729e-06	-1.581976e-01
1.000000000200000e-02	3.163874e+00	3.907744e-06	-1.581979e-01
1.000000000347517e-02	3.163874e+00	3.907765e-06	-1.581977e-01
1.000000000560198e-02	3.163874e+00	3.907734e-06	-1.581979e-01
1.000000000985560e-02	3.163874e+00	3.907673e-06	-1.581977e-01
1.000000001836286e-02	3.163874e+00	3.907549e-06	-1.581978e-01
1.000000003537736e-02	3.163874e+00	3.907301e-06	-1.581976e-01
1.000000006940636e-02	3.163874e+00	3.906798e-06	-1.581978e-01
1.000000013746437e-02	3.163874e+00	3.905771e-06	-1.581975e-01
1.000000027358039e-02	3.163874e+00	3.903634e-06	-1.581977e-01
1.000000054581243e-02	3.163874e+00	3.899072e-06	-1.581975e-01
1.000000109027650e-02	3.163874e+00	3.889068e-06	-1.581977e-01
1.000000217920465e-02	3.163874e+00	3.866847e-06	-1.581975e-01
1.000000435706095e-02	3.163874e+00	3.818496e-06	-1.581977e-01
1.000000871277355e-02	3.163874e+00	3.718303e-06	-1.581975e-01
1.000001492832018e-02	3.163874e+00	3.577711e-06	-1.581977e-01
1.000002565924894e-02	3.163874e+00	3.349970e-06	-1.581975e-01
1.000004712110645e-02	3.163875e+00	2.940265e-06	-1.581977e-01
1.000006622237220e-02	3.163875e+00	2.654094e-06	-1.581974e-01
1.000007689703559e-02	3.163875e+00	2.642027e-06	-1.581977e-01
1.000008687344454e-02	3.163875e+00	2.907531e-06	-1.581975e-01
1.000009665855382e-02	3.163875e+00	3.462328e-06	-1.581978e-01
1.000010918116465e-02	3.163876e+00	4.377276e-06	-1.581976e-01
1.000012217205718e-02	3.163875e+00	5.343162e-06	-1.581980e-01
1.000014219585998e-02	3.163875e+00	6.727620e-06	-1.581978e-01
1.000016976052422e-02	3.163873e+00	8.402028e-06	-1.581982e-01
1.000019939373513e-02	3.163871e+00	9.800299e-06	-1.581980e-01
1.000023685234929e-02	3.163868e+00	1.087573e-05	-1.581982e-01
1.000027724873672e-02	3.163864e+00	1.134673e-05	-1.581978e-01
1.000032650945540e-02	3.163858e+00	1.147488e-05	-1.581977e-01
1.000039663514511e-02	3.163851e+00	1.150733e-05	-1.581972e-01
1.000051606723328e-02	3.163838e+00	1.152714e-05	-1.581967e-01
1.000070012922783e-02	3.163818e+00	1.154457e-05	-1.581956e-01
1.000091071768571e-02	3.163796e+00	1.157377e-05	-1.581947e-01
1.000110696644010e-02	3.163775e+00	1.163772e-05	-1.581935e-01
1.000131434173635e-02	3.163754e+00	1.176447e-05	-1.581929e-01
1.000147613012203e-02	3.163738e+00	1.189960e-05	-1.581921e-01
1.000165403641172e-02	3.163720e+00	1.205497e-05	-1.581916e-01
1.000182385573651e-02	3.163705e+00	1.218000e-05	-1.581908e-01
1.000212194754152e-02	3.163679e+00	1.234473e-05	-1.581900e-01
1.000235474498649e-02	3.163658e+00	1.243285e-05	-1.581889e-01
1.000256031861797e-02	3.163641e+00	1.248014e-05	-1.581883e-01
1.000277785477646e-02	3.163623e+00	1.250867e-05	-1.581872e-01
1.000301185145509e-02	3.163604e+00	1.252313e-05	-1.581865e-01
1.000323296398615e-02	3.163585e+00	1.252581e-05	-1.581854e-01
1.000345008382721e-02	3.163567e+00	1.252101e-05	-1.581847e-01
1.000365520506685e-02	3.163549e+00	1.251184e-05	-1.581836e-01
1.000385471904485e-02	3.163532e+00	1.249993e-05	-1.581830e-01
1.000401413211692e-02	3.163519e+00	1.248886e-05	-1.581821e-01
1.000415816316239e-02	3.163506e+00	1.247790e-05	-1.581817e-01
1.000430240941500e-02	3.163494e+00	1.246624e-05	-1.581808e-01
1.000445781347502e-02	3.163480e+00	1.245308e-05	-1.581803e-01
1.000468134760068e-02	3.163460e+00	1.243336e-05	-1.581791e-01
1.000493585493242e-02	3.163437e+00	1.241011e-05	-1.581782e-01
1.000526022588849e-02	3.163407e+00	1.237951e-05	-1.581765e-01
1.000562247309398e-02	3.163374e+00	1.234438e-05	-1.581750e-01
1.000608134948432e-02	3.163330e+00	1.229882e-05	-1.581726e-01
1.000661758519533e-02	3.163278e+00	1.224465e-05	-1.581702e-01
1.000732015747067e-02	3.163208e+00	1.217311e-05	-1.581664e-01
1.000820201447889e-02	3.163117e+00	1.208407e-05	-1.581620e-01
1.000946103827324e-02	3.162982e+00	1.196149e-05	-1.581550e-01
1.001125962839698e-02	3.162779e+00	1.179826e-05	-1.581450e-01
1.001318058983461e-02	3.162553e+00	1.164166e-05	-1.581334e-01
1.001530199885056e-02	3.162292e+00	1.149255e-05	-1.581206e-01
1.001787308833087e-02	3.161967e+00	1.134279e-05	-1.581040e-01
1.002027588851036e-02	3.161655e+00	1.123308e-05	-1.580886e-01
1.002264196190521e-02	3.161341e+00	1.115420e-05	-1.580727e-01
1.002506467376760e-02	3.161013e+00	1.110022e-05	-1.580565e-01
1.002794622022716e-02	3.160616e+00	1.106449e-05	-1.580365e-01
1.003110333257893e-02	3.160172e+00	1.105314e-05	-1.580146e-01
1.003460255690732e-02	3.159671e+00	1.106737e-05	-1.579895e-01
1.003848358103799e-02	3.159104e+00	1.110590e-05	-1.579614e-01
1.004220159741952e-02	3.158548e+00	1.115617e-05	-1.579335e-01
1.004577141005200e-02	3.158004e+00	1.120779e-05	-1.579066e-01
1.004914706075592e-02	3.157479e+00	1.125057e-05	-1.578802e-01
1.005243317206794e-02	3.156958e+00	1.127880e-05	-1.578544e-01
1.005599910142293e-02	3.156382e+00	1.128922e-05	-1.578254e-01
1.005965381291869e-02	3.155778e+00	1.127527e-05	-1.577954e-01
1.006365098297974e-02	3.155103e+00	1.123481e-05	-1.577614e-01
1.006741044821708e-02	3.154454e+00	1.118207e-05	-1.577291e-01
1.007090856806516e-02	3.153834e+00	1.112836e-05	-1.576978e-01
1.007500198366148e-02	3.153090e+00	1.106619e-05	-1.576608e-01
1.007966410390146e-02	3.152217e+00	1.099806e-05	-1.576169e-01
1.008448026167602e-02	3.151284e+00	1.093018e-05	-1.575705e-01
1.008940765208964e-02	3.150295e+00	1.086295e-05	-1.575208e-01
1.009396053255615e-02	3.149346e+00	1.080308e-05	-1.574735e-01
1.009919818381957e-02	3.148193e+00	1.073746e-05	-1.574164e-01
1.010919818381957e-02	3.145820e+00	1.061872e-05	-1.573001e-01
1.011919818381957e-02	3.143155e+00	1.050615e-05	-1.571693e-01
1.012919818381957e-02	3.139937e+00	1.039925e-05	-1.570138e-01
1.013790311170388e-02	3.136455e+00	1.031004e-05	-1.568350e-01
1.014238412221257e-02	3.135989e+00	1.026874e-05	-1.567224e-01
1.014505052294420e-02	3.140138e+00	1.025234e-05	-1.569191e-01
1.014786613320088e-02	3.151410e+00	1.024504e-05	-1.575114e-01
1.015020722629391e-02	3.165658e+00	1.024379e-05	-1.582418e-01
1.015264569461111e-02	3.184934e+00	1.024551e-05	-1.591950e-01
1.015627982832267e-02	3.219686e+00	1.025184e-05	-1.609038e-01
1.016089896328850e-02	3.270891e+00	1.026609e-05	-1.634707e-01
1.016554478052437e-02	3.327740e+00	1.029039e-05	-1.663765e-01
1.016960240447539e-02	3.379921e+00	1.032442e-05	-1.689819e-01
1.017414145739835e-02	3.442752e+00	1.037698e-05	-1.719905e-01
1.017837854595621e-02	3.507809e+00	1.043161e-05	-1.754022e-01
1.018282812335664e-02	3.578764e+00	1.048480e-05	-1.789771e-01
1.018481032563893e-02	3.609391e+00	1.050543e-05	-1.804888e-01
1.018743711487106e-02	3.648211e+00	1.053047e-05	-1.824241e-01
1.019042640848709e-02	3.690400e+00	1.055776e-05	-1.845358e-01
1.019301337304283e-02	3.724065e+00	1.057790e-05	-1.862258e-01
1.019457854548473e-02	3.741050e+00	1.058473e-05	-1.870866e-01
1.019562382186222e-02	3.750069e+00	1.058601e-05	-1.875526e-01
1.019724882672733e-02	3.760997e+00	1.058490e-05	-1.881110e-01
1.019918566453222e-02	3.770622e+00	1.058208e-05	-1.885854e-01
1.020146140684637e-02	3.778834e+00	1.057966e-05	-1.889878e-01
1.020394902851109e-02	3.785544e+00	1.057954e-05	-1.893192e-01
1.020706272937407e-02	3.792027e+00	1.058250e-05	-1.896441e-01
1.021084786657662e-02	3.798370e+00	1.058873e-05	-1.899590e-01
1.021429082418363e-02	3.803138e+00	1.059580e-05	-1.901988e-01
1.021890412849874e-02	3.808519e+00	1.060628e-05	-1.904742e-01
1.022431320851347e-02	3.813877e+00	1.061916e-05	-1.907532e-01
1.023312229665650e-02	3.821259e+00	1.064078e-05	-1.911423e-01
1.024312229665650e-02	3.828435e+00	1.066591e-05	-1.915255e-01
1.025312229665650e-02	3.834660e+00	1.069159e-05	-1.918724e-01
1.026312229665650e-02	3.840190e+00	1.071784e-05	-1.922013e-01
1.027312229665650e-02	3.845200e+00	1.074467e-05	-1.925239e-01
1.028312229665650e-02	3.849804e+00	1.077210e-05	-1.928519e-01
1.029312229665650e-02	3.854076e+00	1.080013e-05	-1.931944e-01
1.030312229665650e-02	3.858067e+00	1.082878e-05	-1.935621e-01
1.031312229665650e-02	3.861812e+00	1.085803e-05	-1.939640e-01
1.032312229665650e-02	3.865336e+00	1.088791e-05	-1.944112e-01
1.033312229665650e-02	3.868655e+00	1.091842e-05	-1.949129e-01
1.034312229665650e-02	3.872101e+00	1.095010e-05	-1.954799e-01
1.034884026889896e-02	3.875576e+00	1.097166e-05	-1.958842e-01
1.035308041910834e-02	3.880761e+00	1.099210e-05	-1.963934e-01
1.035651837445514e-02	3.887022e+00	1.101049e-05	-1.969059e-01
1.036015071701509e-02	3.894957e+00	1.102980e-05	-1.975172e-01
1.036367832785324e-02	3.903558e+00	1.104841e-05	-1.981656e-01
1.036761404970767e-02	3.914023e+00	1.106917e-05	-1.989415e-01
1.037361248931248e-02	3.931113e+00	1.110096e-05	-2.002092e-01
1.037997303587509e-02	3.950320e+00	1.113499e-05	-2.016440e-01
1.038997303587509e-02	3.981890e+00	1.118915e-05	-2.040382e-01
1.039997303587509e-02	4.014212e+00	1.124398e-05	-2.065432e-01
1.040997303587509e-02	4.046625e+00	1.129949e-05	-2.090897e-01
1.041997303587509e-02	4.078386e+00	1.135569e-05	-2.120909e-01
1.042997303587509e-02	4.108931e+00	1.141258e-05	-2.151698e-01
1.043997303587509e-02	4.138016e+00	1.147039e-05	-2.175598e-01
1.044642124064953e-02	4.155927e+00	1.150904e-05	-2.182797e-01
1.045033875865094e-02	4.166536e+00	1.153413e-05	-2.179624e-01
1.045408014112090e-02	4.176428e+00	1.155931e-05	-2.174257e-01
1.045829623730950e-02	4.185406e+00	1.158548e-05	-2.168290e-01
1.046101110768603e-02	4.186665e+00	1.159716e-05	-2.163565e-01
1.046418043425972e-02	4.182137e+00	1.160541e-05	-2.156909e-01
1.046592721822430e-02	4.177306e+00	1.160905e-05	-2.152203e-01
1.046840352951494e-02	4.167310e+00	1.161375e-05	-2.144493e-01
1.047335615209623e-02	4.140782e+00	1.162306e-05	-2.125647e-01
1.047785006682669e-02	4.108947e+00	1.163212e-05	-2.103346e-01
1.048043082320180e-02	4.083974e+00	1.163821e-05	-2.086004e-01
1.048211370030051e-02	4.062159e+00	1.164311e-05	-2.070973e-01
1.048322209032861e-02	4.043781e+00	1.164708e-05	-2.058705e-01
1.048630835810200e-02	3.979330e+00	1.166079e-05	-2.017039e-01
1.048774067639837e-02	3.946032e+00	1.166791e-05	-1.996708e-01
1.048846215695390e-02	3.929047e+00	1.167155e-05	-1.986542e-01
1.048914726503113e-02	3.912831e+00	1.167504e-05	-1.976953e-01
1.049032488551856e-02	3.884810e+00	1.168105e-05	-1.960627e-01
1.049152737899408e-02	3.856020e+00	1.168721e-05	-1.944144e-01
1.049393236594512e-02	3.797984e+00	1.169955e-05	-1.911670e-01
1.049709884300744e-02	3.720706e+00	1.171577e-05	-1.869663e-01
1.050343179713207e-02	3.563665e+00	1.174796e-05	-1.787111e-01
1.051316357589497e-02	3.318936e+00	1.179620e-05	-1.661389e-01
1.052316357589497e-02	3.076952e+00	1.183817e-05	-1.504138e-01
1.052665233913539e-02	3.014993e+00	1.184021e-05	-1.250424e-01
1.053116171680612e-02	2.969242e+00	1.182331e-05	-7.787645e-02
1.053397365555988e-02	2.951051e+00	1.180624e-05	-5.085642e-02
1.053715550730748e-02	2.938482e+00	1.178192e-05	-2.557634e-02
1.054145604223887e-02	2.931700e+00	1.174324e-05	-4.012966e-03
1.054731498190191e-02	2.933865e+00	1.168405e-05	-7.808918e-06
1.055205989898485e-02	2.939264e+00	1.163396e-05	-6.739117e-06
1.055814799373492e-02	2.946674e+00	1.156971e-05	-7.805486e-06
1.056673583491699e-02	2.956804e+00	1.148026e-05	-6.732055e-06
1.057526155808413e-02	2.966523e+00	1.139292e-05	-7.795909e-06
1.058526155808413e-02	2.977520e+00	1.129241e-05	-6.722461e-06
1.059526155808413e-02	2.988137e+00	1.119391e-05	-7.785316e-06
1.060526155808413e-02	2.998395e+00	1.109747e-05	-6.712539e-06
1.061526155808413e-02	3.008320e+00	1.100304e-05	-7.775238e-06
1.062526155808413e-02	3.017929e+00	1.091061e-05	-6.703054e-06
1.063526155808413e-02	3.027143e+00	1.082018e-05	-7.768468e-06
1.064526155808413e-02	3.035784e+00	1.073182e-05	-6.736765e-06
1.065526155808413e-02	3.043754e+00	1.064556e-05	-7.811570e-06
1.066526155808413e-02	3.051080e+00	1.056135e-05	-6.774448e-06
1.067526155808413e-02	3.057817e+00	1.047912e-05	-7.844021e-06
1.068526155808413e-02	3.064015e+00	1.039881e-05	-6.802748e-06
1.069526155808413e-02	3.069720e+00	1.032037e-05	-7.868035e-06
1.070526155808413e-02	3.074974e+00	1.024372e-05	-6.823215e-06
1.071526155808413e-02	3.079816e+00	1.016882e-05	-7.884850e-06
1.072526155808413e-02	3.084280e+00	1.009561e-05	-6.837057e-06
1.073526155808413e-02	3.088398e+00	1.002403e-05	-7.895629e-06
1.074526155808413e-02	3.092200e+00	9.954050e-06	-6.845390e-06
1.075526155808413e-02	3.095712e+00	9.885612e-06	-7.901430e-06
1.076526155808413e-02	3.098948e+00	9.818664e-06	-6.849208e-06
1.077526155808413e-02	3.101920e+00	9.753158e-06	-7.903023e-06
1.078526155808413e-02	3.104663e+00	9.689074e-06	-6.849302e-06
1.079526155808413e-02	3.107212e+00	9.626383e-06	-7.901537e-06
1.080526155808413e-02	3.109589e+00	9.565047e-06	-6.846603e-06
1.081526155808413e-02	3.111809e+00	9.505031e-06	-7.897530e-06
1.082526155808413e-02	3.113886e+00	9.446302e-06	-6.841663e-06
1.083526155808413e-02	3.115832e+00	9.388827e-06	-7.891561e-06
1.084526155808413e-02	3.117658e+00	9.332577e-06	-6.834989e-06
1.085526155808413e-02	3.119374e+00	9.277521e-06	-7.884085e-06
1.086526155808413e-02	3.120989e+00	9.223630e-06	-6.826994e-06
1.087526155808413e-02	3.122510e+00	9.170875e-06	-7.875473e-06
1.088526155808413e-02	3.123946e+00	9.119231e-06	-6.818012e-06
1.089526155808413e-02	3.125302e+00	9.068674e-06	-7.866026e-06
1.090526155808413e-02	3.126584e+00	9.019174e-06	-6.808312e-06
1.091526155808413e-02	3.127798e+00	8.970710e-06	-7.855983e-06
1.092526155808413e-02	3.128949e+00	8.923259e-06	-6.798110e-06
1.093526155808413e-02	3.130040e+00	8.876797e-06	-7.845418e-06
1.094526155808413e-02	3.131077e+00	8.831302e-06	-6.787695e-06
1.095526155808413e-02	3.132062e+00	8.786753e-06	-7.834620e-06
1.096526155808413e-02	3.133000e+00	8.743129e-06	-6.777068e-06
1.097526155808413e-02	3.133893e+00	8.700410e-06	-7.823794e-06
1.098526155808413e-02	3.134744e+00	8.658577e-06	-6.766255e-06
1.099526155808413e-02	3.135556e+00	8.617610e-06	-7.812931e-06
1.100526155808413e-02	3.136332e+00	8.577490e-06	-6.755438e-06
1.101526155808413e-02	3.137072e+00	8.538201e-06	-7.802105e-06
1.102526155808413e-02	3.137781e+00	8.499723e-06	-6.744685e-06
1.103526155808413e-02	3.138458e+00	8.462040e-06	-7.791375e-06
1.104526155808413e-02	3.139108e+00	8.425133e-06	-6.734046e-06
1.105526155808413e-02	3.139730e+00	8.388990e-06	-7.780784e-06
1.106526155808413e-02	3.140326e+00	8.353592e-06	-6.723560e-06
1.107526155808413e-02	3.140898e+00	8.318922e-06	-7.770366e-06
1.108526155808413e-02	3.141448e+00	8.284969e-06	-6.713256e-06
1.109526155808413e-02	3.141975e+00	8.251714e-06	-7.760146e-06
1.110526155808413e-02	3.142483e+00	8.219145e-06	-6.703156e-06
1.111526155808413e-02	3.142970e+00	8.187246e-06	-7.750145e-06
1.112526155808413e-02	3.143440e+00	8.156005e-06	-6.693277e-06
1.113526155808413e-02	3.143892e+00	8.125406e-06	-7.740374e-06
1.114526155808413e-02	3.144327e+00	8.095437e-06	-6.683630e-06
1.115526155808413e-02	3.144746e+00	8.066085e-06	-7.730842e-06
1.116526155808413e-02	3.145151e+00	8.037337e-06	-6.674223e-06
1.117526155808413e-02	3.145540e+00	8.009180e-06	-7.721556e-06
1.118526155808413e-02	3.145916e+00	7.981603e-06	-6.665061e-06
1.119526155808413e-02	3.146280e+00	7.954593e-06	-7.712520e-06
1.120526155808413e-02	3.146631e+00	7.928138e-06	-6.656146e-06
1.121526155808413e-02	3.146969e+00	7.902227e-06	-7.703734e-06
1.122526155808413e-02	3.147297e+00	7.876850e-06	-6.647478e-06
1.123526155808413e-02	3.147613e+00	7.851994e-06	-7.695197e-06
1.124526155808413e-02	3.147920e+00	7.827650e-06	-6.639057e-06
1.125526155808413e-02	3.148216e+00	7.803806e-06	-7.686910e-06
1.126526155808413e-02	3.148503e+00	7.780452e-06	-6.630881e-06
1.127526155808413e-02	3.148781e+00	7.757578e-06	-7.678868e-06
1.128526155808413e-02	3.149049e+00	7.735174e-06	-6.622947e-06
1.129526155808413e-02	3.149310e+00	7.713231e-06	-7.671068e-06
1.130526155808413e-02	3.149563e+00	7.691739e-06	-6.615252e-06
1.131526155808413e-02	3.149807e+00	7.670689e-06	-7.663508e-06
1.132526155808413e-02	3.150045e+00	7.650072e-06	-6.607791e-06
1.133526155808413e-02	3.150275e+00	7.629878e-06	-7.656182e-06
1.134526155808413e-02	3.150498e+00	7.610099e-06	-6.600559e-06
1.135526155808413e-02	3.150715e+00	7.590727e-06	-7.649084e-06
1.136526155808413e-02	3.150925e+00	7.571753e-06	-6.593553e-06
1.137526155808413e-02	3.151130e+00	7.553143e-06	-7.642212e-06
1.138526155808413e-02	3.151337e+00	7.534803e-06	-6.585947e-06
1.139526155808413e-02	3.151549e+00	7.516626e-06	-7.633371e-06
1.140526155808413e-02	3.151767e+00	7.498591e-06	-6.576885e-06
1.141526155808413e-02	3.151988e+00	7.480720e-06	-7.624203e-06
1.142526155808413e-02	3.152212e+00	7.463042e-06	-6.567604e-06
1.143526155808413e-02	3.152435e+00	7.445578e-06	-7.614904e-06
1.144526155808413e-02	3.152657e+00	7.428348e-06	-6.558275e-06
1.145526155808413e-02	3.152877e+00	7.411370e-06	-7.605636e-06
1.146526155808413e-02	3.153095e+00	7.394655e-06	-6.549042e-06
1.147526155808413e-02	3.153307e+00	7.378216e-06	-7.596521e-06
1.148526155808413e-02	3.153516e+00	7.362061e-06	-6.540010e-06
1.149526155808413e-02	3.153720e+00	7.346198e-06	-7.587653e-06
1.150526155808413e-02	3.153918e+00	7.330631e-06	-6.531259e-06
1.151526155808413e-02	3.154111e+00	7.315365e-06	-7.579097e-06
1.152526155808413e-02	3.154298e+00	7.300401e-06	-6.522844e-06
1.153526155808413e-02	3.154480e+00	7.285742e-06	-7.570901e-06
1.154526155808413e-02	3.154655e+00	7.271387e-06	-6.514806e-06
1.155526155808413e-02	3.154825e+00	7.257337e-06	-7.563096e-06
1.156526155808413e-02	3.154989e+00	7.243589e-06	-6.507167e-06
1.157526155808413e-02	3.155147e+00	7.230140e-06	-7.555700e-06
1.158526155808413e-02	3.155299e+00	7.216990e-06	-6.499941e-06
1.159526155808413e-02	3.155446e+00	7.204134e-06	-7.548720e-06
1.160526155808413e-02	3.155587e+00	7.191569e-06	-6.493131e-06
1.161526155808413e-02	3.155724e+00	7.179291e-06	-7.542157e-06
1.162526155808413e-02	3.155854e+00	7.167296e-06	-6.486734e-06
1.163526155808413e-02	3.155980e+00	7.155578e-06	-7.536004e-06
1.164526155808413e-02	3.156101e+00	7.144134e-06	-6.480741e-06
1.165526155808413e-02	3.156217e+00	7.132957e-06	-7.530251e-06
1.166526155808413e-02	3.156329e+00	7.122045e-06	-6.475140e-06
1.167526155808413e-02	3.156437e+00	7.111390e-06	-7.524882e-06
1.168526155808413e-02	3.156539e+00	7.100988e-06	-6.469916e-06
1.169526155808413e-02	3.156638e+00	7.090835e-06	-7.519882e-06
1.170526155808413e-02	3.156734e+00	7.080923e-06	-6.465050e-06
1.171526155808413e-02	3.156825e+00	7.071249e-06	-7.515233e-06
1.172526155808413e-02	3.156913e+00	7.061806e-06	-6.460525e-06
1.173526155808413e-02	3.156997e+00	7.052590e-06	-7.510915e-06
1.174526155808413e-02	3.157078e+00	7.043596e-06	-6.456320e-06
1.175526155808413e-02	3.157156e+00	7.034818e-06	-7.506909e-06
1.176526155808413e-02	3.157230e+00	7.026251e-06	-6.452417e-06
1.177526155808413e-02	3.157302e+00	7.017891e-06	-7.503195e-06
1.178526155808413e-02	3.157371e+00	7.009732e-06	-6.448797e-06
1.179526155808413e-02	3.157437e+00	7.001769e-06	-7.499755e-06
1.180526155808413e-02	3.157501e+00	6.993998e-06	-6.445440e-06
1.181526155808413e-02	3.157562e+00	6.986414e-06	-7.496569e-06
1.182526155808413e-02	3.157621e+00	6.979013e-06	-6.442328e-06
1.183526155808413e-02	3.157677e+00	6.971789e-06	-7.493621e-06
1.184526155808413e-02	3.157731e+00	6.964739e-06	-6.439444e-06
1.185526155808413e-02	3.157784e+00	6.957857e-06	-7.490892e-06
1.186526155808413e-02	3.157834e+00	6.951142e-06	-6.436772e-06
1.187526155808413e-02	3.157882e+00	6.944586e-06	-7.488367e-06
1.188526155808413e-02	3.157929e+00	6.938187e-06	-6.434295e-06
1.189526155808413e-02	3.157973e+00	6.931942e-06	-7.486030e-06
1.190526155808413e-02	3.158017e+00	6.925845e-06	-6.432000e-06
1.191526155808413e-02	3.158058e+00	6.919894e-06	-7.483868e-06
1.192526155808413e-02	3.158098e+00	6.914084e-06	-6.429871e-06
1.193526155808413e-02	3.158136e+00	6.908412e-06	-7.481867e-06
1.194526155808413e-02	3.158173e+00	6.902875e-06	-6.427897e-06
1.195526155808413e-02	3.158209e+00	6.897469e-06	-7.480014e-06
1.196526155808413e-02	3.158244e+00	6.892191e-06	-6.426065e-06
1.197526155808413e-02	3.158277e+00	6.887037e-06	-7.478297e-06
1.198526155808413e-02	3.158309e+00	6.882005e-06	-6.424364e-06
1.199526155808413e-02	3.158340e+00	6.877092e-06	-7.476706e-06
1.200526155808413e-02	3.158369e+00	6.872294e-06	-6.422783e-06
1.201526155808413e-02	3.158398e+00	6.867609e-06	-7.475232e-06
1.202526155808413e-02	3.158426e+00	6.863033e-06	-6.421314e-06
1.203526155808413e-02	3.158452e+00	6.858565e-06	-7.473864e-06
1.204526155808413e-02	3.158478e+00	6.854201e-06	-6.419947e-06
1.205526155808413e-02	3.158503e+00	6.849939e-06	-7.472594e-06
1.206526155808413e-02	3.158527e+00	6.845777e-06	-6.418674e-06
1.207526155808413e-02	3.158550e+00	6.841711e-06	-7.471415e-06
1.208526155808413e-02	3.158572e+00	6.837739e-06	-6.417488e-06
1.209526155808413e-02	3.158594e+00	6.833860e-06	-7.470319e-06
1.210526155808413e-02	3.158615e+00	6.830071e-06	-6.416382e-06
1.211526155808413e-02	3.158636e+00	6.826369e-06	-7.469300e-06
1.212526155808413e-02	3.158655e+00	6.822752e-06	-6.415350e-06
1.213526155808413e-02	3.158674e+00	6.819219e-06	-7.468352e-06
1.214526155808413e-02	3.158692e+00	6.815768e-06	-6.414386e-06
1.215526155808413e-02	3.158710e+00	6.812395e-06	-7.467469e-06
1.216526155808413e-02	3.158727e+00	6.809101e-06	-6.413484e-06
1.217526155808413e-02	3.158743e+00	6.805882e-06	-7.466645e-06
1.218526155808413e-02	3.158760e+00	6.802737e-06	-6.412639e-06
1.219526155808413e-02	3.158776e+00	6.799663e-06	-7.465877e-06
1.220526155808413e-02	3.158790e+00	6.796660e-06	-6.411848e-06
1.221526155808413e-02	3.158805e+00	6.793725e-06	-7.465161e-06
1.222526155808413e-02	3.158819e+00	6.790857e-06	-6.411106e-06
1.223526155808413e-02	3.158833e+00	6.788055e-06	-7.464491e-06
1.224526155808413e-02	3.158846e+00	6.785316e-06	-6.410409e-06
1.225526155808413e-02	3.158859e+00	6.782639e-06	-7.463865e-06
1.226526155808413e-02	3.158872e+00	6.780023e-06	-6.409754e-06
1.227526155808413e-02	3.158884e+00	6.777466e-06	-7.463279e-06
1.228526155808413e-02	3.158896e+00	6.774968e-06	-6.409138e-06
1.229526155808413e-02	3.158907e+00	6.772525e-06	-7.462731e-06
1.230526155808413e-02	3.158918e+00	6.770138e-06	-6.408558e-06
1.231526155808413e-02	3.158929e+00	6.767805e-06	-7.462217e-06
1.232526155808413e-02	3.158939e+00	6.765524e-06	-6.408011e-06
1.233526155808413e-02	3.158950e+00	6.763295e-06	-7.461734e-06
1.234526155808413e-02	3.158960e+00	6.761115e-06	-6.407495e-06
1.235526155808413e-02	3.158969e+00	6.758985e-06	-7.461282e-06
1.236526155808413e-02	3.158978e+00	6.756903e-06	-6.407007e-06
1.237526155808413e-02	3.158988e+00	6.754867e-06	-7.460857e-06
1.238526155808413e-02	3.158997e+00	6.752877e-06	-6.406546e-06
1.239526155808413e-02	3.159005e+00	6.750931e-06	-7.460457e-06
1.240526155808413e-02	3.159014e+00	6.749029e-06	-6.406110e-06
1.241526155808413e-02	3.159021e+00	6.747169e-06	-7.460081e-06
1.242526155808413e-02	3.159029e+00	6.745352e-06	-6.405696e-06
1.243526155808413e-02	3.159037e+00	6.743574e-06	-7.459727e-06
1.244526155808413e-02	3.159044e+00	6.741836e-06	-6.405304e-06
1.245526155808413e-02	3.159051e+00	6.740137e-06	-7.459395e-06
1.246526155808413e-02	3.159059e+00	6.738475e-06	-6.404932e-06
1.247526155808413e-02	3.159065e+00	6.736851e-06	-7.459080e-06
1.248526155808413e-02	3.159072e+00	6.735263e-06	-6.404578e-06
1.249526155808413e-02	3.159079e+00	6.733710e-06	-7.458784e-06
1.250526155808413e-02	3.159085e+00	6.732191e-06	-6.404242e-06
1.251526155808413e-02	3.159091e+00	6.730706e-06	-7.458505e-06
1.252526155808413e-02	3.159097e+00	6.729254e-06	-6.403923e-06
1.253526155808413e-02	3.159103e+00	6.727834e-06	-7.458241e-06
1.254526155808413e-02	3.159108e+00	6.726446e-06	-6.403618e-06
1.255526155808413e-02	3.159114e+00	6.725088e-06	-7.457992e-06
1.256526155808413e-02	3.159119e+00	6.723761e-06	-6.403327e-06
1.257526155808413e-02	3.159124e+00	6.722462e-06	-7.457756e-06
1.258526155808413e-02	3.159130e+00	6.721193e-06	-6.403051e-06
1.259526155808413e-02	3.159135e+00	6.719951e-06	-7.457533e-06
1.260526155808413e-02	3.159140e+00	6.718737e-06	-6.402786e-06
1.261526155808413e-02	3.159144e+00	6.717549e-06	-7.457323e-06
1.262526155808413e-02	3.159149e+00	6.716387e-06	-6.402533e-06
1.263526155808413e-02	3.159154e+00	6.715251e-06	-7.457123e-06
1.264526155808413e-02	3.159158e+00	6.714141e-06	-6.402292e-06
1.265526155808413e-02	3.159163e+00	6.713055e-06	-7.456934e-06
1.266526155808413e-02	3.159166e+00	6.711992e-06	-6.402060e-06
1.267526155808413e-02	3.159170e+00	6.710953e-06	-7.456756e-06
1.268526155808413e-02	3.159175e+00	6.709936e-06	-6.401839e-06
1.269526155808413e-02	3.159178e+00	6.708942e-06	-7.456586e-06
1.270526155808413e-02	3.159182e+00	6.707970e-06	-6.401627e-06
1.271526155808413e-02	3.159186e+00	6.707019e-06	-7.456425e-06
1.272526155808413e-02	3.159189e+00	6.706089e-06	-6.401423e-06
1.273526155808413e-02	3.159193e+00	6.705179e-06	-7.456273e-06
1.274526155808413e-02	3.159196e+00	6.704289e-06	-6.401228e-06
1.275526155808413e-02	3.159199e+00	6.703419e-06	-7.456129e-06
1.276526155808413e-02	3.159203e+00	6.702568e-06	-6.401041e-06
1.277526155808413e-02	3.159206e+00	6.701734e-06	-7.455992e-06
1.278526155808413e-02	3.159209e+00	6.700920e-06	-6.400860e-06
1.279526155808413e-02	3.159212e+00	6.700123e-06	-7.455862e-06
1.280526155808413e-02	3.159215e+00	6.699344e-06	-6.400687e-06
1.281526155808413e-02	3.159218e+00	6.698581e-06	-7.455739e-06
1.282526155808413e-02	3.159221e+00	6.697836e-06	-6.400521e-06
1.283526155808413e-02	3.159224e+00	6.697107e-06	-7.455622e-06
1.284526155808413e-02	3.159226e+00	6.696393e-06	-6.400361e-06
1.285526155808413e-02	3.159229e+00	6.695695e-06	-7.455511e-06
1.286526155808413e-02	3.159231e+00	6.695012e-06	-6.400207e-06
1.287526155808413e-02	3.159234e+00	6.694344e-06	-7.455406e-06
1.288526155808413e-02	3.159236e+00	6.693691e-06	-6.400058e-06
1.289526155808413e-02	3.159239e+00	6.693052e-06	-7.455307e-06
1.290526155808413e-02	3.159241e+00	6.692427e-06	-6.399915e-06
1.291526155808413e-02	3.159244e+00	6.691815e-06	-7.455212e-06
1.292526155808413e-02	3.159246e+00	6.691217e-06	-6.399777e-06
1.293526155808413e-02	3.159248e+00	6.690631e-06	-7.455122e-06
1.294526155808413e-02	3.159250e+00	6.690058e-06	-6.399644e-06
1.295526155808413e-02	3.159252e+00	6.689498e-06	-7.455037e-06
1.296526155808413e-02	3.159254e+00	6.688950e-06	-6.399515e-06
1.297526155808413e-02	3.159256e+00	6.688414e-06	-7.454956e-06
1.298526155808413e-02	3.159258e+00	6.687889e-06	-6.399391e-06
1.299526155808413e-02	3.159260e+00	6.687376e-06	-7.454879e-06
1.300526155808413e-02	3.159262e+00	6.686874e-06	-6.399271e-06
1.301526155808413e-02	3.159263e+00	6.686383e-06	-7.454807e-06
1.302526155808413e-02	3.159265e+00	6.685902e-06	-6.399155e-06
1.303526155808413e-02	3.159267e+00	6.685432e-06	-7.454738e-06
1.304526155808413e-02	3.159269e+00	6.684973e-06	-6.399043e-06
1.305526155808413e-02	3.159271e+00	6.684522e-06	-7.454672e-06
1.306526155808413e-02	3.159272e+00	6.684082e-06	-6.398935e-06
1.307526155808413e-02	3.159274e+00	6.683651e-06	-7.454611e-06
1.308526155808413e-02	3.159275e+00	6.683230e-06	-6.398830e-06
1.309526155808413e-02	3.159276e+00	6.682817e-06	-7.454552e-06
1.310526155808413e-02	3.159278e+00	6.682414e-06	-6.398729e-06
1.311526155808413e-02	3.159280e+00	6.682019e-06	-7.454497e-06
1.312526155808413e-02	3.159281e+00	6.681633e-06	-6.398630e-06
1.313526155808413e-02	3.159282e+00	6.681255e-06	-7.454444e-06
1.314526155808413e-02	3.159283e+00	6.680886e-06	-6.398535e-06
1.315526155808413e-02	3.159285e+00	6.680524e-06	-7.454395e-06
1.316526155808413e-02	3.159286e+00	6.680170e-06	-6.398443e-06
1.317526155808413e-02	3.159287e+00	6.679824e-06	-7.454348e-06
1.318526155808413e-02	3.159289e+00	6.679485e-06	-6.398353e-06
1.319526155808413e-02	3.159290e+00	6.679154e-06	-7.454303e-06
1.320526155808413e-02	3.159291e+00	6.678829e-06	-6.398266e-06
1.321526155808413e-02	3.159292e+00	6.678512e-06	-7.454261e-06
1.322526155808413e-02	3.159293e+00	6.678201e-06	-6.398182e-06
1.323526155808413e-02	3.159294e+00	6.677897e-06	-7.454222e-06
1.324526155808413e-02	3.159295e+00	6.677600e-06	-6.398100e-06
1.325526155808413e-02	3.159297e+00	6.677309e-06	-7.454185e-06
1.326526155808413e-02	3.159298e+00	6.677024e-06	-6.398021e-06
1.327526155808413e-02	3.159299e+00	6.676745e-06	-7.454150e-06
1.328526155808413e-02	3.159300e+00	6.676473e-06	-6.397943e-06
1.329526155808413e-02	3.159301e+00	6.676206e-06	-7.454117e-06
1.330526155808413e-02	3.159302e+00	6.675945e-06	-6.397868e-06
1.331526155808413e-02	3.159302e+00	6.675690e-06	-7.454086e-06
1.332526155808413e-02	3.159304e+00	6.675440e-06	-6.397795e-06
1.333526155808413e-02	3.159304e+00	6.675195e-06	-7.454057e-06
1.334526155808413e-02	3.159305e+00	6.674956e-06	-6.397725e-06
1.335526155808413e-02	3.159306e+00	6.674722e-06	-7.454029e-06
1.336526155808413e-02	3.159307e+00	6.674492e-06	-6.397656e-06
1.337526155808413e-02	3.159307e+00	6.674268e-06	-7.454004e-06
1.338526155808413e-02	3.159308e+00	6.674049e-06	-6.397589e-06
1.339526155808413e-02	3.159309e+00	6.673834e-06	-7.453980e-06
1.340526155808413e-02	3.159310e+00	6.673624e-06	-6.397523e-06
1.341526155808413e-02	3.159310e+00	6.673418e-06	-7.453958e-06
1.342526155808413e-02	3.159311e+00	6.673217e-06	-6.397459e-06
1.343526155808413e-02	3.159312e+00	6.673020e-06	-7.453937e-06
1.344526155808413e-02	3.159313e+00	6.672827e-06	-6.397398e-06
1.345526155808413e-02	3.159313e+00	6.672638e-06	-7.453918e-06
1.346526155808413e-02	3.159314e+00	6.672454e-06	-6.397337e-06
1.347526155808413e-02	3.159314e+00	6.672273e-06	-7.453900e-06
1.348526155808413e-02	3.159315e+00	6.672096e-06	-6.397278e-06
1.349526155808413e-02	3.159316e+00	6.671923e-06	-7.453883e-06
1.350526155808413e-02	3.159316e+00	6.671754e-06	-6.397221e-06
1.351526155808413e-02	3.159317e+00	6.671588e-06	-7.453868e-06
1.352526155808413e-02	3.159317e+00	6.671426e-06	-6.397165e-06
1.353526155808413e-02	3.159318e+00	6.671267e-06	-7.453854e-06
1.354526155808413e-02	3.159319e+00	6.671112e-06	-6.397111e-06
1.355526155808413e-02	3.159319e+00	6.670960e-06	-7.453841e-06
1.356526155808413e-02	3.159320e+00	6.670811e-06	-6.397057e-06
1.357526155808413e-02	3.159320e+00	6.670665e-06	-7.453829e-06
1.358526155808413e-02	3.159321e+00	6.670523e-06	-6.397005e-06
1.359526155808413e-02	3.159321e+00	6.670383e-06	-7.453819e-06
1.360526155808413e-02	3.159322e+00	6.670247e-06	-6.396954e-06
1.361526155808413e-02	3.159322e+00	6.670113e-06	-7.453809e-06
1.362526155808413e-02	3.159323e+00	6.669982e-06	-6.396905e-06
1.363526155808413e-02	3.159323e+00	6.669854e-06	-7.453801e-06
1.364526155808413e-02	3.159324e+00	6.669729e-06	-6.396856e-06
1.365526155808413e-02	3.159324e+00	6.669606e-06	-7.453793e-06
1.366526155808413e-02	3.159325e+00	6.669487e-06	-6.396809e-06
1.367526155808413e-02	3.159325e+00	6.669369e-06	-7.453786e-06
1.368526155808413e-02	3.159325e+00	6.669254e-06	-6.396762e-06
1.369526155808413e-02	3.159326e+00	6.669141e-06	-7.453780e-06
1.370526155808413e-02	3.159326e+00	6.669031e-06	-6.396717e-06
1.371526155808413e-02	3.159327e+00	6.668923e-06	-7.453775e-06
1.372526155808413e-02	3.159327e+00	6.668818e-06	-6.396673e-06
1.373526155808413e-02	3.159327e+00	6.668714e-06	-7.453771e-06
1.374526155808413e-02	3.159328e+00	6.668613e-06	-6.396629e-06
1.375526155808413e-02	3.159328e+00	6.668514e-06	-7.453767e-06
1.376526155808413e-02	3.159328e+00	6.668417e-06	-6.396587e-06
1.377526155808413e-02	3.159328e+00	6.668322e-06	-7.453765e-06
1.378526155808413e-02	3.159329e+00	6.668230e-06	-6.396545e-06
1.379526155808413e-02	3.159329e+00	6.668139e-06	-7.453763e-06
1.380526155808413e-02	3.159329e+00	6.668050e-06	-6.396504e-06
1.381526155808413e-02	3.159330e+00	6.667962e-06	-7.453762e-06
1.382526155808413e-02	3.159330e+00	6.667877e-06	-6.396464e-06
1.383526155808413e-02	3.159330e+00	6.667794e-06	-7.453761e-06
1.384526155808413e-02	3.159331e+00	6.667712e-06	-6.396425e-06
1.385526155808413e-02	3.159331e+00	6.667632e-06	-7.453761e-06
1.386526155808413e-02	3.159331e+00	6.667553e-06	-6.396387e-06
1.387526155808413e-02	3.159331e+00	6.667477e-06	-7.453762e-06
1.388526155808413e-02	3.159332e+00	6.667402e-06	-6.396349e-06
1.389526155808413e-02	3.159332e+00	6.667328e-06	-7.453763e-06
1.390526155808413e-02	3.159333e+00	6.667256e-06	-6.396312e-06
1.391526155808413e-02	3.159333e+00	6.667186e-06	-7.453764e-06
1.392526155808413e-02	3.159333e+00	6.667117e-06	-6.396276e-06
1.393526155808413e-02	3.159333e+00	6.667050e-06	-7.453767e-06
1.394526155808413e-02	3.159333e+00	6.666984e-06	-6.396240e-06
1.395526155808413e-02	3.159333e+00	6.666919e-06	-7.453769e-06
1.396526155808413e-02	3.159334e+00	6.666856e-06	-6.396205e-06
1.397526155808413e-02	3.159334e+00	6.666794e-06	-7.453772e-06
1.398526155808413e-02	3.159334e+00	6.666733e-06	-6.396171e-06
1.399526155808413e-02	3.159334e+00	6.666673e-06	-7.453776e-06
1.400526155808413e-02	3.159335e+00	6.666615e-06	-6.396137e-06
1.401526155808413e-02	3.159335e+00	6.666558e-06	-7.453780e-06
1.402526155808413e-02	3.159335e+00	6.666503e-06	-6.396104e-06
1.403526155808413e-02	3.159335e+00	6.666448e-06	-7.453785e-06
1.404526155808413e-02	3.159335e+00	6.666395e-06	-6.396072e-06
1.405526155808413e-02	3.159336e+00	6.666342e-06	-7.453790e-06
1.406526155808413e-02	3.159336e+00	6.666291e-06	-6.396040e-06
1.407526155808413e-02	3.159336e+00	6.666241e-06	-7.453795e-06
1.408526155808413e-02	3.159336e+00	6.666192e-06	-6.396008e-06
1.409526155808413e-02	3.159336e+00	6.666144e-06	-7.453801e-06
1.410526155808413e-02	3.159337e+00	6.666097e-06	-6.395977e-06
1.411526155808413e-02	3.159336e+00	6.666050e-06	-7.453807e-06
1.412526155808413e-02	3.159337e+00	6.666005e-06	-6.395947e-06
1.413526155808413e-02	3.159337e+00	6.665961e-06	-7.453813e-06
1.414526155808413e-02	3.159337e+00	6.665918e-06	-6.395917e-06
1.415526155808413e-02	3.159337e+00	6.665875e-06	-7.453820e-06
1.416526155808413e-02	3.159338e+00	6.665834e-06	-6.395887e-06
1.417526155808413e-02	3.159337e+00	6.665794e-06	-7.453827e-06
1.418526155808413e-02	3.159338e+00	6.665754e-06	-6.395858e-06
1.419526155808413e-02	3.159338e+00	6.665715e-06	-7.453834e-06
1.420526155808413e-02	3.159338e+00	6.665677e-06	-6.395830e-06
1.421526155808413e-02	3.159338e+00	6.665639e-06	-7.453842e-06
1.422526155808413e-02	3.159338e+00	6.665603e-06	-6.395801e-06
1.423526155808413e-02	3.159338e+00	6.665567e-06	-7.453850e-06
1.424526155808413e-02	3.159338e+00	6.665532e-06	-6.395774e-06
1.425526155808413e-02	3.159338e+00	6.665497e-06	-7.453858e-06
1.426526155808413e-02	3.159339e+00	6.665463e-06	-6.395746e-06
1.427526155808413e-02	3.159338e+00	6.665431e-06	-7.453867e-06
1.428526155808413e-02	3.159339e+00	6.665398e-06	-6.395720e-06
1.429526155808413e-02	3.159339e+00	6.665367e-06	-7.453875e-06
1.430526155808413e-02	3.159339e+00	6.665336e-06	-6.395693e-06
1.431526155808413e-02	3.159339e+00	6.665306e-06	-7.453884e-06
1.432526155808413e-02	3.159339e+00	6.665276e-06	-6.395667e-06
1.433526155808413e-02	3.159339e+00	6.665246e-06	-7.453893e-06
1.434526155808413e-02	3.159339e+00	6.665218e-06	-6.395641e-06
1.435526155808413e-02	3.159339e+00	6.665190e-06	-7.453902e-06
1.436526155808413e-02	3.159339e+00	6.665163e-06	-6.395616e-06
1.437526155808413e-02	3.159340e+00	6.665136e-06	-7.453912e-06
1.438526155808413e-02	3.159340e+00	6.665110e-06	-6.395590e-06
1.439526155808413e-02	3.159340e+00	6.665085e-06	-7.453921e-06
1.440526155808413e-02	3.159340e+00	6.665059e-06	-6.395566e-06
1.441526155808413e-02	3.159340e+00	6.665035e-06	-7.453931e-06
1.442526155808413e-02	3.159340e+00	6.665010e-06	-6.395541e-06
1.443526155808413e-02	3.159340e+00	6.664987e-06	-7.453941e-06
1.444526155808413e-02	3.159340e+00	6.664964e-06	-6.395517e-06
1.445526155808413e-02	3.159340e+00	6.664941e-06	-7.453951e-06
1.446526155808413e-02	3.159341e+00	6.664919e-06	-6.395494e-06
1.447526155808413e-02	3.159340e+00	6.664897e-06	-7.453962e-06
1.448526155808413e-02	3.159341e+00	6.664876e-06	-6.395470e-06
1.449526155808413e-02	3.159341e+00	6.664855e-06	-7.453972e-06
1.450526155808413e-02	3.159341e+00	6.664834e-06	-6.395447e-06
1.451526155808413e-02	3.159341e+00	6.664814e-06	-7.453983e-06
1.452526155808413e-02	3.159341e+00	6.664795e-06	-6.395423e-06
1.453526155808413e-02	3.159341e+00	6.664775e-06	-7.453993e-06
1.454526155808413e-02	3.159341e+00	6.664757e-06	-6.395401e-06
1.455526155808413e-02	3.159341e+00	6.664738e-06	-7.454004e-06
1.456526155808413e-02	3.159341e+00	6.664720e-06	-6.395378e-06
1.457526155808413e-02	3.159341e+00	6.664703e-06	-7.454015e-06
1.458526155808413e-02	3.159342e+00	6.664685e-06	-6.395356e-06
1.459526155808413e-02	3.159341e+00	6.664668e-06	-7.454026e-06
1.460526155808413e-02	3.159342e+00	6.664652e-06	-6.395334e-06
1.461526155808413e-02	3.159341e+00	6.664635e-06	-7.454037e-06
1.462526155808413e-02	3.159341e+00	6.664619e-06	-6.395313e-06
1.463526155808413e-02	3.159342e+00	6.664603e-06	-7.454049e-06
1.464526155808413e-02	3.159342e+00	6.664588e-06	-6.395292e-06
1.465526155808413e-02	3.159342e+00	6.664573e-06	-7.454060e-06
1.466526155808413e-02	3.159342e+00	6.664559e-06	-6.395270e-06
1.467526155808413e-02	3.159342e+00	6.664544e-06	-7.454071e-06
1.468526155808413e-02	3.159342e+00	6.664530e-06	-6.395249e-06
1.469526155808413e-02	3.159342e+00	6.664516e-06	-7.454083e-06
1.470526155808413e-02	3.159342e+00	6.664503e-06	-6.395229e-06
1.471526155808413e-02	3.159342e+00	6.664490e-06	-7.454094e-06
1.472526155808413e-02	3.159342e+00	6.664477e-06	-6.395208e-06
1.473526155808413e-02	3.159342e+00	6.664464e-06	-7.454106e-06
1.474526155808413e-02	3.159342e+00	6.664451e-06	-6.395188e-06
1.475526155808413e-02	3.159342e+00	6.664439e-06	-7.454117e-06
1.476526155808413e-02	3.159342e+00	6.664427e-06	-6.395168e-06
1.477526155808413e-02	3.159342e+00	6.664415e-06	-7.454129e-06
1.478526155808413e-02	3.159343e+00	6.664404e-06	-6.395148e-06
1.479526155808413e-02	3.159342e+00	6.664392e-06	-7.454141e-06
1.480526155808413e-02	3.159342e+00	6.664382e-06	-6.395128e-06
1.481526155808413e-02	3.159342e+00	6.664371e-06	-7.454153e-06
1.482526155808413e-02	3.159343e+00	6.664360e-06	-6.395109e-06
1.483526155808413e-02	3.159343e+00	6.664350e-06	-7.454164e-06
1.484526155808413e-02	3.159342e+00	6.664339e-06	-6.395090e-06
1.485526155808413e-02	3.159342e+00	6.664329e-06	-7.454177e-06
1.486526155808413e-02	3.159343e+00	6.664320e-06	-6.395071e-06
1.487526155808413e-02	3.159343e+00	6.664310e-06	-7.454189e-06
1.488526155808413e-02	3.159343e+00	6.664301e-06	-6.395052e-06
1.489526155808413e-02	3.159343e+00	6.664292e-06	-7.454200e-06
1.490526155808413e-02	3.159343e+00	6.664282e-06	-6.395033e-06
1.491526155808413e-02	3.159343e+00	6.664273e-06	-7.454213e-06
1.492526155808413e-02	3.159343e+00	6.664265e-06	-6.395015e-06
1.493526155808413e-02	3.159343e+00	6.664256e-06	-7.454224e-06
1.494526155808413e-02	3.159343e+00	6.664248e-06	-6.394996e-06
1.495526155808413e-02	3.159343e+00	6.664240e-06	-7.454237e-06
1.496526155808413e-02	3.159343e+00	6.664232e-06	-6.394978e-06
1.497526155808413e-02	3.159343e+00	6.664224e-06	-7.454249e-06
1.498526155808413e-02	3.159343e+00	6.664216e-06	-6.394961e-06
1.499526155808413e-02	3.159343e+00	6.664209e-06	-7.454261e-06
1.500526155808413e-02	3.159343e+00	6.664201e-06	-6.394943e-06
1.501526155808413e-02	3.159343e+00	6.664194e-06	-7.454273e-06
1.502526155808413e-02	3.159343e+00	6.664187e-06	-6.394925e-06
1.503526155808413e-02	3.159343e+00	6.664180e-06	-7.454285e-06
1.504526155808413e-02	3.159343e+00	6.664173e-06	-6.394908e-06
1.505526155808413e-02	3.159343e+00	6.664166e-06	-7.454297e-06
1.506526155808413e-02	3.159343e+00	6.664160e-06	-6.394891e-06
1.507526155808413e-02	3.159343e+00	6.664154e-06	-7.454310e-06
1.508526155808413e-02	3.159343e+00	6.664147e-06	-6.394873e-06
1.509526155808413e-02	3.159343e+00	6.664141e-06	-7.454322e-06
1.510526155808413e-02	3.159343e+00	6.664135e-06	-6.394856e-06
1.511526155808413e-02	3.159343e+00	6.664129e-06	-7.454334e-06
1.512526155808413e-02	3.159343e+00	6.664123e-06	-6.394839e-06
1.513526155808413e-02	3.159343e+00	6.664117e-06	-7.454346e-06
1.514526155808413e-02	3.159343e+00	6.664112e-06	-6.394823e-06
1.515526155808413e-02	3.159343e+00	6.664106e-06	-7.454358e-06
1.516526155808413e-02	3.159343e+00	6.664101e-06	-6.394806e-06
1.517526155808413e-02	3.159343e+00	6.664096e-06	-7.454370e-06
1.518526155808413e-02	3.159344e+00	6.664091e-06	-6.394790e-06
1.519526155808413e-02	3.159343e+00	6.664086e-06	-7.454382e-06
1.520526155808413e-02	3.159344e+00	6.664081e-06	-6.394773e-06
1.521526155808413e-02	3.159343e+00	6.664076e-06	-7.454395e-06
1.522526155808413e-02	3.159344e+00	6.664071e-06	-6.394757e-06
1.523526155808413e-02	3.159343e+00	6.664066e-06	-7.454406e-06
1.524526155808413e-02	3.159344e+00	6.664061e-06	-6.394741e-06
1.525526155808413e-02	3.159343e+00	6.664057e-06	-7.454419e-06
1.526526155808413e-02	3.159343e+00	6.664053e-06	-6.394725e-06
1.527526155808413e-02	3.159343e+00	6.664049e-06	-7.454431e-06
1.528526155808413e-02	3.159343e+00	6.664044e-06	-6.394710e-06
1.529526155808413e-02	3.159343e+00	6.664040e-06	-7.454443e-06
1.530526155808413e-02	3.159343e+00	6.664036e-06	-6.394694e-06
1.531526155808413e-02	3.159344e+00	6.664032e-06	-7.454455e-06
1.532526155808413e-02	3.159343e+00	6.664028e-06	-6.394679e-06
1.533526155808413e-02	3.159343e+00	6.664024e-06	-7.454467e-06
1.534526155808413e-02	3.159343e+00	6.664020e-06	-6.394663e-06
1.535526155808413e-02	3.159344e+00	6.664017e-06	-7.454479e-06
1.536526155808413e-02	3.159344e+00	6.664013e-06	-6.394648e-06
1.537526155808413e-02	3.159343e+00	6.664010e-06	-7.454491e-06
1.538526155808413e-02	3.159343e+00	6.664006e-06	-6.394633e-06
1.539526155808413e-02	3.159344e+00	6.664003e-06	-7.454503e-06
1.540526155808413e-02	3.159343e+00	6.663999e-06	-6.394618e-06
1.541526155808413e-02	3.159343e+00	6.663996e-06	-7.454515e-06
1.542526155808413e-02	3.159344e+00	6.663992e-06	-6.394603e-06
1.543526155808413e-02	3.159343e+00	6.663990e-06	-7.454526e-06
1.544526155808413e-02	3.159343e+00	6.663986e-06	-6.394589e-06
1.545526155808413e-02	3.159344e+00	6.663983e-06	-7.454538e-06
1.546526155808413e-02	3.159344e+00	6.663980e-06	-6.394574e-06
1.547526155808413e-02	3.159344e+00	6.663977e-06	-7.454550e-06
1.548526155808413e-02	3.159344e+00	6.663975e-06	-6.394559e-06
1.549526155808413e-02	3.159344e+00	6.663972e-06	-7.454562e-06
1.550526155808413e-02	3.159344e+00	6.663969e-06	-6.394545e-06
1.551526155808413e-02	3.159343e+00	6.663966e-06	-7.454574e-06
1.552526155808413e-02	3.159344e+00	6.663963e-06	-6.394531e-06
1.553526155808413e-02	3.159343e+00	6.663961e-06	-7.454586e-06
1.554526155808413e-02	3.159344e+00	6.663958e-06	-6.394516e-06
1.555526155808413e-02	3.159343e+00	6.663956e-06	-7.454597e-06
1.556526155808413e-02	3.159344e+00	6.663953e-06	-6.394503e-06
1.557526155808413e-02	3.159343e+00	6.663951e-06	-7.454609e-06
1.558526155808413e-02	3.159344e+00	6.663949e-06	-6.394489e-06
1.559526155808413e-02	3.159343e+00	6.663946e-06	-7.454621e-06
1.560526155808413e-02	3.159344e+00	6.663944e-06	-6.394474e-06
1.561526155808413e-02	3.159343e+00	6.663941e-06	-7.454632e-06
1.562526155808413e-02	3.159344e+00	6.663940e-06	-6.394461e-06
1.563526155808413e-02	3.159344e+00	6.663937e-06	-7.454644e-06
1.564526155808413e-02	3.159344e+00	6.663935e-06	-6.394447e-06
1.565526155808413e-02	3.159344e+00	6.663933e-06	-7.454655e-06
1.566526155808413e-02	3.159344e+00	6.663931e-06	-6.394434e-06
1.567526155808413e-02	3.159344e+00	6.663929e-06	-7.454667e-06
1.568526155808413e-02	3.159344e+00	6.663927e-06	-6.394420e-06
1.569526155808413e-02	3.159344e+00	6.663925e-06	-7.454678e-06
1.570526155808413e-02	3.159344e+00	6.663923e-06	-6.394407e-06
1.571526155808413e-02	3.159343e+00	6.663921e-06	-7.454689e-06
1.572526155808413e-02	3.159344e+00	6.663920e-06	-6.394394e-06
1.573526155808413e-02	3.159344e+00	6.663918e-06	-7.454701e-06
1.574526155808413e-02	3.159344e+00	6.663916e-06	-6.394381e-06
1.575526155808413e-02	3.159344e+00	6.663914e-06	-7.454712e-06
1.576526155808413e-02	3.159344e+00	6.663913e-06	-6.394368e-06
1.577526155808413e-02	3.159344e+00	6.663911e-06	-7.454723e-06
1.578526155808413e-02	3.159344e+00	6.663910e-06	-6.394355e-06
1.579526155808413e-02	3.159344e+00	6.663908e-06	-7.454734e-06
1.580526155808413e-02	3.159344e+00	6.663906e-06	-6.394342e-06
1.581526155808413e-02	3.159344e+00	6.663905e-06	-7.454745e-06
1.582526155808413e-02	3.159344e+00	6.663903e-06	-6.394329e-06
1.583526155808413e-02	3.159344e+00	6.663901e-06	-7.454757e-06
1.584526155808413e-02	3.159344e+00	6.663900e-06	-6.394317e-06
1.585526155808413e-02	3.159344e+00	6.663899e-06	-7.454767e-06
1.586526155808413e-02	3.159344e+00	6.663898e-06	-6.394304e-06
1.587526155808413e-02	3.159344e+00	6.663896e-06	-7.454778e-06
1.588526155808413e-02	3.159344e+00	6.663895e-06	-6.394292e-06
1.589526155808413e-02	3.159344e+00	6.663893e-06	-7.454789e-06
1.590526155808413e-02	3.159344e+00	6.663892e-06	-6.394279e-06
1.591526155808413e-02	3.159344e+00	6.663890e-06	-7.454800e-06
1.592526155808413e-02	3.159344e+00	6.663890e-06	-6.394267e-06
1.593526155808413e-02	3.159344e+00	6.663888e-06	-7.454811e-06
1.594526155808413e-02	3.159344e+00	6.663887e-06	-6.394255e-06
1.595526155808413e-02	3.159344e+00	6.663886e-06	-7.454822e-06
1.596526155808413e-02	3.159344e+00	6.663885e-06	-6.394243e-06
1.597526155808413e-02	3.159344e+00	6.663884e-06	-7.454832e-06
1.598526155808413e-02	3.159344e+00	6.663882e-06	-6.394231e-06
1.599526155808413e-02	3.159344e+00	6.663881e-06	-7.454843e-06
1.600526155808413e-02	3.159344e+00	6.663880e-06	-6.394219e-06
1.601526155808413e-02	3.159344e+00	6.663879e-06	-7.454854e-06
1.602526155808413e-02	3.159344e+00	6.663878e-06	-6.394208e-06
1.603526155808413e-02	3.159344e+00	6.663877e-06	-7.454864e-06
1.604526155808413e-02	3.159344e+00	6.663876e-06	-6.394196e-06
1.605526155808413e-02	3.159344e+00	6.663875e-06	-7.454875e-06
1.606526155808413e-02	3.159344e+00	6.663874e-06	-6.394184e-06
1.607526155808413e-02	3.159344e+00	6.663873e-06	-7.454885e-06
1.608526155808413e-02	3.159344e+00	6.663872e-06	-6.394173e-06
1.609526155808413e-02	3.159344e+00	6.663871e-06	-7.454896e-06
1.610526155808413e-02	3.159344e+00	6.663870e-06	-6.394162e-06
1.611526155808413e-02	3.159344e+00	6.663869e-06	-7.454906e-06
1.612526155808413e-02	3.159344e+00	6.663869e-06	-6.394150e-06
1.613526155808413e-02	3.159344e+00	6.663868e-06	-7.454916e-06
1.614526155808413e-02	3.159344e+00	6.663867e-06	-6.394139e-06
1.615526155808413e-02	3.159344e+00	6.663866e-06	-7.454926e-06
1.616526155808413e-02	3.159344e+00	6.663865e-06	-6.394127e-06
1.617526155808413e-02	3.159344e+00	6.663864e-06	-7.454937e-06
1.618526155808413e-02	3.159344e+00	6.663864e-06	-6.394117e-06
1.619526155808413e-02	3.159344e+00	6.663863e-06	-7.454947e-06
1.620526155808413e-02	3.159344e+00	6.663862e-06	-6.394106e-06
1.621526155808413e-02	3.159344e+00	6.663861e-06	-7.454957e-06
1.622526155808413e-02	3.159344e+00	6.663861e-06	-6.394095e-06
1.623526155808413e-02	3.159344e+00	6.663860e-06	-7.454967e-06
1.624526155808413e-02	3.159344e+00	6.663859e-06	-6.394084e-06
1.625526155808413e-02	3.159344e+00	6.663859e-06	-7.454977e-06
1.626526155808413e-02	3.159344e+00	6.663858e-06	-6.394073e-06
1.627526155808413e-02	3.159344e+00	6.663857e-06	-7.454986e-06
1.628526155808413e-02	3.159344e+00	6.663857e-06	-6.394062e-06
1.629526155808413e-02	3.159344e+00	6.663856e-06	-7.454996e-06
1.630526155808413e-02	3.159344e+00	6.663855e-06	-6.394052e-06
1.631526155808413e-02	3.159344e+00	6.663854e-06	-7.455006e-06
1.632526155808413e-02	3.159344e+00	6.663854e-06	-6.394042e-06
1.633526155808413e-02	3.159344e+00	6.663854e-06	-7.455016e-06
1.634526155808413e-02	3.159344e+00	6.663853e-06	-6.394031e-06
1.635526155808413e-02	3.159344e+00	6.663852e-06	-7.455025e-06
1.636526155808413e-02	3.159344e+00	6.663852e-06	-6.394021e-06
1.637526155808413e-02	3.159344e+00	6.663851e-06	-7.455035e-06
1.638526155808413e-02	3.159344e+00	6.663851e-06	-6.394011e-06
1.639526155808413e-02	3.159344e+00	6.663850e-06	-7.455044e-06
1.640526155808413e-02	3.159344e+00	6.663849e-06	-6.394001e-06
1.641526155808413e-02	3.159344e+00	6.663849e-06	-7.455053e-06
1.642526155808413e-02	3.159344e+00	6.663849e-06	-6.393991e-06
1.643526155808413e-02	3.159344e+00	6.663848e-06	-7.455063e-06
1.644526155808413e-02	3.159344e+00	6.663848e-06	-6.393981e-06
1.645526155808413e-02	3.159344e+00	6.663847e-06	-7.455072e-06
1.646526155808413e-02	3.159344e+00	6.663847e-06	-6.393971e-06
1.647526155808413e-02	3.159344e+00	6.663846e-06	-7.455082e-06
1.648526155808413e-02	3.159344e+00	6.663846e-06	-6.393961e-06
1.649526155808413e-02	3.159344e+00	6.663845e-06	-7.455091e-06
1.650526155808413e-02	3.159344e+00	6.663845e-06	-6.393951e-06
1.651526155808413e-02	3.159344e+00	6.663844e-06	-7.455100e-06
1.652526155808413e-02	3.159344e+00	6.663844e-06	-6.393941e-06
1.653526155808413e-02	3.159344e+00	6.663844e-06	-7.455109e-06
1.654526155808413e-02	3.159344e+00	6.663843e-06	-6.393932e-06
1.655526155808413e-02	3.159344e+00	6.663843e-06	-7.455118e-06
1.656526155808413e-02	3.159344e+00	6.663842e-06	-6.393922e-06
1.657526155808413e-02	3.159344e+00	6.663842e-06	-7.455127e-06
1.658526155808413e-02	3.159344e+00	6.663842e-06	-6.393913e-06
1.659526155808413e-02	3.159344e+00	6.663841e-06	-7.455135e-06
1.660526155808413e-02	3.159344e+00	6.663841e-06	-6.393904e-06
1.661526155808413e-02	3.159344e+00	6.663840e-06	-7.455144e-06
1.662526155808413e-02	3.159344e+00	6.663840e-06	-6.393894e-06
1.663526155808413e-02	3.159344e+00	6.663839e-06	-7.455153e-06
1.664526155808413e-02	3.159344e+00	6.663839e-06	-6.393885e-06
1.665526155808413e-02	3.159344e+00	6.663839e-06	-7.455162e-06
1.666526155808413e-02	3.159344e+00	6.663839e-06	-6.393876e-06
1.667526155808413e-02	3.159344e+00	6.663839e-06	-7.455170e-06
1.668526155808413e-02	3.159344e+00	6.663838e-06	-6.393867e-06
1.669526155808413e-02	3.159344e+00	6.663838e-06	-7.455179e-06
1.670526155808413e-02	3.159344e+00	6.663838e-06	-6.393858e-06
1.671526155808413e-02	3.159344e+00	6.663837e-06	-7.455187e-06
1.672526155808413e-02	3.159344e+00	6.663837e-06	-6.393849e-06
1.673526155808413e-02	3.159344e+00	6.663836e-06	-7.455196e-06
1.674526155808413e-02	3.159344e+00	6.663836e-06	-6.393841e-06
1.675526155808413e-02	3.159344e+00	6.663836e-06	-7.455204e-06
1.676526155808413e-02	3.159344e+00	6.663836e-06	-6.393831e-06
1.677526155808413e-02	3.159344e+00	6.663835e-06	-7.455212e-06
1.678526155808413e-02	3.159344e+00	6.663835e-06	-6.393823e-06
1.679526155808413e-02	3.159344e+00	6.663835e-06	-7.455220e-06
1.680526155808413e-02	3.159344e+00	6.663834e-06	-6.393815e-06
1.681526155808413e-02	3.159344e+00	6.663834e-06	-7.455229e-06
1.682526155808413e-02	3.159344e+00	6.663834e-06	-6.393806e-06
1.683526155808413e-02	3.159344e+00	6.663834e-06	-7.455237e-06
1.684526155808413e-02	3.159345e+00	6.663834e-06	-6.393797e-06
1.685526155808413e-02	3.159345e+00	6.663833e-06	-7.455245e-06
1.686526155808413e-02	3.159344e+00	6.663833e-06	-6.393789e-06
1.687526155808413e-02	3.159344e+00	6.663833e-06	-7.455253e-06
1.688526155808413e-02	3.159344e+00	6.663833e-06	-6.393781e-06
1.689526155808413e-02	3.159344e+00	6.663832e-06	-7.455261e-06
1.690526155808413e-02	3.159344e+00	6.663832e-06	-6.393773e-06
1.691526155808413e-02	3.159344e+00	6.663832e-06	-7.455269e-06
1.692526155808413e-02	3.159344e+00	6.663832e-06	-6.393765e-06
1.693526155808413e-02	3.159344e+00	6.663832e-06	-7.455276e-06
1.694526155808413e-02	3.159344e+00	6.663831e-06	-6.393756e-06
1.695526155808413e-02	3.159344e+00	6.663831e-06	-7.455284e-06
1.696526155808413e-02	3.159344e+00	6.663831e-06	-6.393749e-06
1.697526155808413e-02	3.159344e+00	6.663831e-06	-7.455291e-06
1.698526155808413e-02	3.159344e+00	6.663830e-06	-6.393741e-06
1.699526155808413e-02	3.159344e+00	6.663830e-06	-7.455299e-06
1.700526155808413e-02	3.159344e+00	6.663830e-06	-6.393733e-06
1.701526155808413e-02	3.159344e+00	6.663830e-06	-7.455307e-06
1.702526155808413e-02	3.159344e+00	6.663829e-06	-6.393725e-06
1.703526155808413e-02	3.159344e+00	6.663829e-06	-7.455314e-06
1.704526155808413e-02	3.159344e+00	6.663829e-06	-6.393718e-06
1.705526155808413e-02	3.159344e+00	6.663829e-06	-7.455321e-06
1.706526155808413e-02	3.159344e+00	6.663829e-06	-6.393710e-06
1.707526155808413e-02	3.159344e+00	6.663829e-06	-7.455329e-06
1.708526155808413e-02	3.159344e+00	6.663829e-06	-6.393702e-06
1.709526155808413e-02	3.159344e+00	6.663829e-06	-7.455336e-06
1.710526155808413e-02	3.159344e+00	6.663828e-06	-6.393695e-06
1.711526155808413e-02	3.159344e+00	6.663828e-06	-7.455343e-06
1.712526155808413e-02	3.159344e+00	6.663828e-06	-6.393688e-06
1.713526155808413e-02	3.159344e+00	6.663828e-06	-7.455350e-06
1.714526155808413e-02	3.159344e+00	6.663828e-06	-6.393680e-06
1.715526155808413e-02	3.159344e+00	6.663828e-06	-7.455357e-06
1.716526155808413e-02	3.159344e+00	6.663827e-06	-6.393673e-06
1.717526155808413e-02	3.159344e+00	6.663827e-06	-7.455364e-06
1.718526155808413e-02	3.159344e+00	6.663827e-06	-6.393666e-06
1.719526155808413e-02	3.159344e+00	6.663827e-06	-7.455371e-06
1.720526155808413e-02	3.159344e+00	6.663827e-06	-6.393659e-06
1.721526155808413e-02	3.159344e+00	6.663827e-06	-7.455378e-06
1.722526155808413e-02	3.159344e+00	6.663827e-06	-6.393652e-06
1.723526155808413e-02	3.159344e+00	6.663827e-06	-7.455385e-06
1.724526155808413e-02	3.159344e+00	6.663826e-06	-6.393645e-06
1.725526155808413e-02	3.159344e+00	6.663826e-06	-7.455391e-06
1.726526155808413e-02	3.159344e+00	6.663826e-06	-6.393638e-06
1.727526155808413e-02	3.159344e+00	6.663826e-06	-7.455398e-06
1.728526155808413e-02	3.159344e+00	6.663826e-06	-6.393631e-06
1.729526155808413e-02	3.159344e+00	6.663826e-06	-7.455405e-06
1.730526155808413e-02	3.159344e+00	6.663826e-06	-6.393625e-06
1.731526155808413e-02	3.159344e+00	6.663826e-06	-7.455411e-06
1.732526155808413e-02	3.159344e+00	6.663825e-06	-6.393618e-06
1.733526155808413e-02	3.159344e+00	6.663825e-06	-7.455417e-06
1.734526155808413e-02	3.159344e+00	6.663825e-06	-6.393611e-06
1.735526155808413e-02	3.159344e+00	6.663825e-06	-7.455424e-06
1.736526155808413e-02	3.159344e+00	6.663825e-06	-6.393605e-06
1.737526155808413e-02	3.159344e+00	6.663825e-06	-7.455430e-06
1.738526155808413e-02	3.159344e+00	6.663825e-06	-6.393598e-06
1.739526155808413e-02	3.159344e+00	6.663825e-06	-7.455436e-06
1.740526155808413e-02	3.159344e+00	6.663824e-06	-6.393592e-06
1.741526155808413e-02	3.159344e+00	6.663824e-06	-7.455442e-06
1.742526155808413e-02	3.159344e+00	6.663824e-06	-6.393586e-06
1.743526155808413e-02	3.159344e+00	6.663824e-06	-7.455449e-06
1.744526155808413e-02	3.159345e+00	6.663824e-06	-6.393579e-06
1.745526155808413e-02	3.159345e+00	6.663824e-06	-7.455455e-06
1.746526155808413e-02	3.159345e+00	6.663824e-06	-6.393573e-06
1.747526155808413e-02	3.159345e+00	6.663824e-06	-7.455460e-06
1.748526155808413e-02	3.159345e+00	6.663824e-06	-6.393567e-06
1.749526155808413e-02	3.159345e+00	6.663824e-06	-7.455466e-06
1.750526155808413e-02	3.159345e+00	6.663824e-06	-6.393561e-06
1.751526155808413e-02	3.159345e+00	6.663824e-06	-7.455472e-06
1.752526155808413e-02	3.159345e+00	6.663824e-06	-6.393555e-06
1.753526155808413e-02	3.159345e+00	6.663824e-06	-7.455478e-06
1.754526155808413e-02	3.159345e+00	6.663823e-06	-6.393549e-06
1.755526155808413e-02	3.159345e+00	6.663823e-06	-7.455484e-06
1.756526155808413e-02	3.159345e+00	6.663823e-06	-6.393544e-06
1.757526155808413e-02	3.159345e+00	6.663823e-06	-7.455490e-06
1.758526155808413e-02	3.159345e+00	6.663823e-06	-6.393538e-06
1.759526155808413e-02	3.159345e+00	6.663823e-06	-7.455495e-06
1.760526155808413e-02	3.159344e+00	6.663823e-06	-6.393532e-06
1.761526155808413e-02	3.159344e+00	6.663823e-06	-7.455501e-06
1.762526155808413e-02	3.159344e+00	6.663823e-06	-6.393527e-06
1.763526155808413e-02	3.159344e+00	6.663823e-06	-7.455506e-06
1.764526155808413e-02	3.159344e+00	6.663823e-06	-6.393521e-06
1.765526155808413e-02	3.159344e+00	6.663823e-06	-7.455511e-06
1.766526155808413e-02	3.159344e+00	6.663822e-06	-6.393516e-06
1.767526155808413e-02	3.159344e+00	6.663822e-06	-7.455516e-06
1.768526155808413e-02	3.159344e+00	6.663822e-06	-6.393510e-06
1.769526155808413e-02	3.159344e+00	6.663822e-06	-7.455522e-06
1.770526155808413e-02	3.159344e+00	6.663822e-06	-6.393505e-06
1.771526155808413e-02	3.159344e+00	6.663822e-06	-7.455527e-06
1.772526155808413e-02	3.159344e+00	6.663822e-06	-6.393500e-06
1.773526155808413e-02	3.159344e+00	6.663822e-06	-7.455532e-06
1.774526155808413e-02	3.159344e+00	6.663822e-06	-6.393494e-06
1.775526155808413e-02	3.159344e+00	6.663822e-06	-7.455537e-06
1.776526155808413e-02	3.159344e+00	6.663822e-06	-6.393489e-06
1.777526155808413e-02	3.159344e+00	6.663822e-06	-7.455542e-06
1.778526155808413e-02	3.159344e+00	6.663822e-06	-6.393484e-06
1.779526155808413e-02	3.159344e+00	6.663822e-06	-7.455547e-06
1.780526155808413e-02	3.159344e+00	6.663822e-06	-6.393479e-06
1.781526155808413e-02	3.159344e+00	6.663821e-06	-7.455552e-06
1.782526155808413e-02	3.159344e+00	6.663821e-06	-6.393475e-06
1.783526155808413e-02	3.159344e+00	6.663821e-06	-7.455556e-06
1.784526155808413e-02	3.159344e+00	6.663821e-06	-6.393470e-06
1.785526155808413e-02	3.159344e+00	6.663821e-06	-7.455561e-06
1.786526155808413e-02	3.159344e+00	6.663821e-06	-6.393465e-06
1.787526155808413e-02	3.159344e+00	6.663821e-06	-7.455566e-06
1.788526155808413e-02	3.159344e+00	6.663821e-06	-6.393460e-06
1.789526155808413e-02	3.159344e+00	6.663821e-06	-7.455571e-06
1.790526155808413e-02	3.159344e+00	6.663821e-06	-6.393456e-06
1.791526155808413e-02	3.159344e+00	6.663821e-06	-7.455575e-06
1.792526155808413e-02	3.159344e+00	6.663821e-06	-6.393451e-06
1.793526155808413e-02	3.159344e+00	6.663821e-06	-7.455579e-06
1.794526155808413e-02	3.159344e+00	6.663821e-06	-6.393447e-06
1.795526155808413e-02	3.159344e+00	6.663821e-06	-7.455584e-06
1.796526155808413e-02	3.159344e+00	6.663821e-06	-6.393442e-06
1.797526155808413e-02	3.159344e+00	6.663821e-06	-7.455588e-06
1.798526155808413e-02	3.159344e+00	6.663821e-06	-6.393438e-06
1.799526155808413e-02	3.159344e+00	6.663821e-06	-7.455592e-06
1.800526155808413e-02	3.159344e+00	6.663821e-06	-6.393434e-06
1.801526155808413e-02	3.159344e+00	6.663820e-06	-7.455596e-06
1.802526155808413e-02	3.159344e+00	6.663820e-06	-6.393429e-06
1.803526155808413e-02	3.159344e+00	6.663820e-06	-7.455601e-06
1.804526155808413e-02	3.159344e+00	6.663820e-06	-6.393425e-06
1.805526155808413e-02	3.159344e+00	6.663820e-06	-7.455605e-06
1.806526155808413e-02	3.159344e+00	6.663820e-06	-6.393421e-06
1.807526155808413e-02	3.159344e+00	6.663820e-06	-7.455608e-06
1.808526155808413e-02	3.159344e+00	6.663820e-06	-6.393417e-06
1.809526155808413e-02	3.159344e+00	6.663820e-06	-7.455612e-06
1.810526155808413e-02	3.159344e+00	6.663820e-06	-6.393414e-06
1.811526155808413e-02	3.159344e+00	6.663820e-06	-7.455616e-06
1.812526155808413e-02	3.159344e+00	6.663820e-06	-6.393409e-06
1.813526155808413e-02	3.159344e+00	6.663820e-06	-7.455620e-06
1.814526155808413e-02	3.159344e+00	6.663820e-06	-6.393406e-06
1.815526155808413e-02	3.159344e+00	6.663820e-06	-7.455624e-06
1.816526155808413e-02	3.159344e+00	6.663820e-06	-6.393402e-06
1.817526155808413e-02	3.159344e+00	6.663820e-06	-7.455627e-06
1.818526155808413e-02	3.159344e+00	6.663820e-06	-6.393399e-06
1.819526155808413e-02	3.159344e+00	6.663820e-06	-7.455631e-06
1.820526155808413e-02	3.159344e+00	6.663820e-06	-6.393395e-06
1.821526155808413e-02	3.159344e+00	6.663820e-06	-7.455634e-06
1.822526155808413e-02	3.159344e+00	6.663820e-06	-6.393391e-06
1.823526155808413e-02	3.159344e+00	6.663820e-06	-7.455638e-06
1.824526155808413e-02	3.159344e+00	6.663820e-06	-6.393388e-06
1.825526155808413e-02	3.159344e+00	6.663820e-06	-7.455641e-06
1.826526155808413e-02	3.159344e+00	6.663820e-06	-6.393384e-06
1.827526155808413e-02	3.159344e+00	6.663820e-06	-7.455645e-06
1.828526155808413e-02	3.159344e+00	6.663820e-06	-6.393381e-06
1.829526155808413e-02	3.159344e+00	6.663820e-06	-7.455648e-06
1.830526155808413e-02	3.159344e+00	6.663820e-06	-6.393378e-06
1.831526155808413e-02	3.159344e+00	6.663820e-06	-7.455651e-06
1.832526155808413e-02	3.159344e+00	6.663820e-06	-6.393375e-06
1.833526155808413e-02	3.159344e+00	6.663820e-06	-7.455654e-06
1.834526155808413e-02	3.159344e+00	6.663820e-06	-6.393372e-06
1.835526155808413e-02	3.159344e+00	6.663819e-06	-7.455657e-06
1.836526155808413e-02	3.159344e+00	6.663819e-06	-6.393368e-06
1.837526155808413e-02	3.159344e+00	6.663819e-06	-7.455660e-06
1.838526155808413e-02	3.159344e+00	6.663819e-06	-6.393365e-06
1.839526155808413e-02	3.159344e+00	6.663819e-06	-7.455663e-06
1.840526155808413e-02	3.159344e+00	6.663819e-06	-6.393363e-06
1.841526155808413e-02	3.159344e+00	6.663819e-06	-7.455666e-06
1.842526155808413e-02	3.159344e+00	6.663819e-06	-6.393360e-06
1.843526155808413e-02	3.159344e+00	6.663819e-06	-7.455669e-06
1.844526155808413e-02	3.159344e+00	6.663819e-06	-6.393357e-06
1.845526155808413e-02	3.159344e+00	6.663819e-06	-7.455671e-06
1.846526155808413e-02	3.159344e+00	6.663819e-06	-6.393354e-06
1.847526155808413e-02	3.159344e+00	6.663819e-06	-7.455674e-06
1.848526155808413e-02	3.159344e+00	6.663819e-06	-6.393352e-06
1.849526155808413e-02	3.159344e+00	6.663819e-06	-7.455676e-06
1.850526155808413e-02	3.159344e+00	6.663819e-06	-6.393349e-06
1.851526155808413e-02	3.159344e+00	6.663819e-06	-7.455679e-06
1.852526155808413e-02	3.159344e+00	6.663819e-06	-6.393347e-06
1.853526155808413e-02	3.159344e+00	6.663819e-06	-7.455681e-06
1.854526155808413e-02	3.159344e+00	6.663819e-06	-6.393344e-06
1.855526155808413e-02	3.159344e+00	6.663819e-06	-7.455684e-06
1.856526155808413e-02	3.159344e+00	6.663819e-06	-6.393342e-06
1.857526155808413e-02	3.159344e+00	6.663819e-06	-7.455686e-06
1.858526155808413e-02	3.159344e+00	6.663819e-06	-6.393339e-06
1.859526155808413e-02	3.159344e+00	6.663819e-06	-7.455688e-06
1.860526155808413e-02	3.159344e+00	6.663819e-06	-6.393337e-06
1.861526155808413e-02	3.159344e+00	6.663819e-06	-7.455691e-06
1.862526155808413e-02	3.159344e+00	6.663819e-06	-6.393335e-06
1.863526155808413e-02	3.159344e+00	6.663819e-06	-7.455693e-06
1.864526155808413e-02	3.159344e+00	6.663819e-06	-6.393333e-06
1.865526155808413e-02	3.159344e+00	6.663819e-06	-7.455695e-06
1.866526155808413e-02	3.159344e+00	6.663819e-06	-6.393331e-06
1.867526155808413e-02	3.159344e+00	6.663819e-06	-7.455697e-06
1.868526155808413e-02	3.159344e+00	6.663819e-06	-6.393328e-06
1.869526155808413e-02	3.159344e+00	6.663819e-06	-7.455699e-06
1.870526155808413e-02	3.159344e+00	6.663819e-06	-6.393327e-06
1.871526155808413e-02	3.159344e+00	6.663819e-06	-7.455701e-06
1.872526155808413e-02	3.159344e+00	6.663819e-06	-6.393325e-06
1.873526155808413e-02	3.159344e+00	6.663819e-06	-7.455702e-06
1.874526155808413e-02	3.159344e+00	6.663819e-06	-6.393323e-06
1.875526155808413e-02	3.159344e+00	6.663819e-06	-7.455704e-06
1.876526155808413e-02	3.159344e+00	6.663819e-06	-6.393321e-06
1.877526155808413e-02	3.159344e+00	6.663819e-06	-7.455706e-06
1.878526155808413e-02	3.159344e+00	6.663819e-06	-6.393320e-06
1.879526155808413e-02	3.159344e+00	6.663819e-06	-7.455707e-06
1.880526155808413e-02	3.159344e+00	6.663819e-06	-6.393318e-06
1.881526155808413e-02	3.159344e+00	6.663819e-06	-7.455709e-06
1.882526155808413e-02	3.159344e+00	6.663819e-06	-6.393317e-06
1.883526155808413e-02	3.159344e+00	6.663819e-06	-7.455711e-06
1.884526155808413e-02	3.159344e+00	6.663819e-06	-6.393315e-06
1.885526155808413e-02	3.159344e+00	6.663819e-06	-7.455712e-06
1.886526155808413e-02	3.159344e+00	6.663819e-06	-6.393314e-06
1.887526155808413e-02	3.159344e+00	6.663819e-06	-7.455713e-06
1.888526155808413e-02	3.159344e+00	6.663819e-06	-6.393313e-06
1.889526155808413e-02	3.159344e+00	6.663819e-06	-7.455715e-06
1.890526155808413e-02	3.159344e+00	6.663819e-06	-6.393311e-06
1.891526155808413e-02	3.159344e+00	6.663819e-06	-7.455716e-06
1.892526155808413e-02	3.159344e+00	6.663819e-06	-6.393310e-06
1.893526155808413e-02	3.159344e+00	6.663819e-06	-7.455717e-06
1.894526155808413e-02	3.159344e+00	6.663819e-06	-6.393309e-06
1.895526155808413e-02	3.159344e+00	6.663819e-06	-7.455718e-06
1.896526155808413e-02	3.159344e+00	6.663819e-06	-6.393308e-06
1.897526155808413e-02	3.159344e+00	6.663819e-06	-7.455719e-06
1.898526155808413e-02	3.159344e+00	6.663819e-06	-6.393307e-06
1.899526155808413e-02	3.159344e+00	6.663819e-06	-7.455720e-06
1.900526155808413e-02	3.159344e+00	6.663819e-06	-6.393306e-06
1.901526155808413e-02	3.159344e+00	6.663819e-06	-7.455721e-06
1.902526155808413e-02	3.159344e+00	6.663819e-06	-6.393305e-06
1.903526155808413e-02	3.159344e+00	6.663819e-06	-7.455722e-06
1.904526155808413e-02	3.159344e+00	6.663819e-06	-6.393304e-06
1.905526155808413e-02	3.159344e+00	6.663819e-06	-7.455722e-06
1.906526155808413e-02	3.159344e+00	6.663819e-06	-6.393303e-06
1.907526155808413e-02	3.159344e+00	6.663819e-06	-7.455723e-06
1.908526155808413e-02	3.159344e+00	6.663819e-06	-6.393303e-06
1.909526155808413e-02	3.159344e+00	6.663819e-06	-7.455724e-06
1.910526155808413e-02	3.159344e+00	6.663819e-06	-6.393302e-06
1.911526155808413e-02	3.159344e+00	6.663819e-06	-7.455724e-06
1.912526155808413e-02	3.159344e+00	6.663819e-06	-6.393301e-06
1.913526155808413e-02	3.159344e+00	6.663819e-06	-7.455725e-06
1.914526155808413e-02	3.159344e+00	6.663819e-06	-6.393301e-06
1.915526155808413e-02	3.159344e+00	6.663819e-06	-7.455725e-06
1.916526155808413e-02	3.159344e+00	6.663819e-06	-6.393300e-06
1.917526155808413e-02	3.159344e+00	6.663819e-06	-7.455726e-06
1.918526155808413e-02	3.159344e+00	6.663819e-06	-6.393300e-06
1.919526155808413e-02	3.159344e+00	6.663819e-06	-7.455726e-06
1.920526155808413e-02	3.159344e+00	6.663819e-06	-6.393300e-06
1.921526155808413e-02	3.159344e+00	6.663819e-06	-7.455727e-06
1.922526155808413e-02	3.159344e+00	6.663819e-06	-6.393299e-06
1.923526155808413e-02	3.159344e+00	6.663819e-06	-7.455727e-06
1.924526155808413e-02	3.159344e+00	6.663819e-06	-6.393299e-06
1.925526155808413e-02	3.159344e+00	6.663819e-06	-7.455727e-06
1.926526155808413e-02	3.159344e+00	6.663819e-06	-6.393299e-06
1.927526155808413e-02	3.159344e+00	6.663819e-06	-7.455727e-06
1.928526155808413e-02	3.159344e+00	6.663819e-06	-6.393299e-06
1.929526155808413e-02	3.159344e+00	6.663819e-06	-7.455727e-06
1.930526155808413e-02	3.159344e+00	6.663819e-06	-6.393299e-06
1.931526155808413e-02	3.159344e+00	6.663819e-06	-7.455727e-06
1.932526155808413e-02	3.159344e+00	6.663819e-06	-6.393299e-06
1.933526155808413e-02	3.159344e+00	6.663819e-06	-7.455727e-06
1.934526155808413e-02	3.159344e+00	6.663819e-06	-6.393299e-06
1.935526155808413e-02	3.159344e+00	6.663819e-06	-7.455726e-06
1.936526155808413e-02	3.159344e+00	6.663819e-06	-6.393300e-06
1.937526155808413e-02	3.159344e+00	6.663819e-06	-7.455726e-06
1.938526155808413e-02	3.159344e+00	6.663819e-06	-6.393300e-06
1.939526155808413e-02	3.159344e+00	6.663819e-06	-7.455726e-06
1.940526155808413e-02	3.159344e+00	6.663819e-06	-6.393300e-06
1.941526155808413e-02	3.159344e+00	6.663819e-06	-7.455725e-06
1.942526155808413e-02	3.159344e+00	6.663819e-06	-6.393301e-06
1.943526155808413e-02	3.159344e+00	6.663819e-06	-7.455725e-06
1.944526155808413e-02	3.159344e+00	6.663819e-06	-6.393301e-06
1.945526155808413e-02	3.159344e+00	6.663819e-06	-7.455724e-06
1.946526155808413e-02	3.159344e+00	6.663819e-06	-6.393302e-06
1.947526155808413e-02	3.159344e+00	6.663819e-06	-7.455724e-06
1.948526155808413e-02	3.159344e+00	6.663819e-06	-6.393303e-06
1.949526155808413e-02	3.159344e+00	6.663819e-06	-7.455723e-06
1.950526155808413e-02	3.159344e+00	6.663819e-06	-6.393303e-06
1.951526155808413e-02	3.159344e+00	6.663819e-06	-7.455722e-06
1.952526155808413e-02	3.159344e+00	6.663819e-06	-6.393304e-06
1.953526155808413e-02	3.159344e+00	6.663819e-06	-7.455722e-06
1.954526155808413e-02	3.159344e+00	6.663819e-06	-6.393304e-06
1.955526155808413e-02	3.159344e+00	6.663819e-06	-7.455721e-06
1.956526155808413e-02	3.159344e+00	6.663819e-06	-6.393305e-06
1.957526155808413e-02	3.159344e+00	6.663819e-06	-7.455720e-06
1.958526155808413e-02	3.159344e+00	6.663819e-06	-6.393306e-06
1.959526155808413e-02	3.159344e+00	6.663819e-06	-7.455719e-06
1.960526155808413e-02	3.159344e+00	6.663819e-06	-6.393307e-06
1.961526155808413e-02	3.159344e+00	6.663819e-06	-7.455718e-06
1.962526155808413e-02	3.159344e+00	6.663819e-06	-6.393308e-06
1.963526155808413e-02	3.159344e+00	6.663819e-06	-7.455717e-06
1.964526155808413e-02	3.159344e+00	6.663819e-06	-6.393309e-06
1.965526155808413e-02	3.159344e+00	6.663819e-06	-7.455716e-06
1.966526155808413e-02	3.159344e+00	6.663819e-06	-6.393311e-06
1.967526155808413e-02	3.159344e+00	6.663819e-06	-7.455715e-06
1.968526155808413e-02	3.159344e+00	6.663819e-06	-6.393312e-06
1.969526155808413e-02	3.159344e+00	6.663819e-06	-7.455713e-06
1.970526155808413e-02	3.159344e+00	6.663819e-06	-6.393313e-06
1.971526155808413e-02	3.159344e+00	6.663819e-06	-7.455712e-06
1.972526155808413e-02	3.159344e+00	6.663819e-06	-6.393314e-06
1.973526155808413e-02	3.159344e+00	6.663819e-06	-7.455711e-06
1.974526155808413e-02	3.159344e+00	6.663819e-06	-6.393316e-06
1.975526155808413e-02	3.159344e+00	6.663819e-06	-7.455709e-06
1.976526155808413e-02	3.159344e+00	6.663819e-06	-6.393318e-06
1.977526155808413e-02	3.159344e+00	6.663819e-06	-7.455707e-06
1.978526155808413e-02	3.159344e+00	6.663819e-06	-6.393319e-06
1.979526155808413e-02	3.159344e+00	6.663819e-06	-7.455706e-06
1.980526155808413e-02	3.159344e+00	6.663819e-06	-6.393320e-06
1.981526155808413e-02	3.159344e+00	6.663819e-06	-7.455704e-06
1.982526155808413e-02	3.159344e+00	6.663819e-06	-6.393322e-06
1.983526155808413e-02	3.159344e+00	6.663819e-06	-7.455703e-06
1.984526155808413e-02	3.159344e+00	6.663819e-06	-6.393324e-06
1.985526155808413e-02	3.159344e+00	6.663819e-06	-7.455701e-06
1.986526155808413e-02	3.159344e+00	6.663819e-06	-6.393326e-06
1.987526155808413e-02	3.159344e+00	6.663819e-06	-7.455699e-06
1.988526155808413e-02	3.159344e+00	6.663819e-06	-6.393328e-06
1.989526155808413e-02	3.159344e+00	6.663819e-06	-7.455697e-06
1.990526155808413e-02	3.159344e+00	6.663819e-06	-6.393329e-06
1.991526155808413e-02	3.159344e+00	6.663819e-06	-7.455695e-06
1.992526155808413e-02	3.159344e+00	6.663819e-06	-6.393332e-06
1.993526155808413e-02	3.159344e+00	6.663819e-06	-7.455693e-06
1.994526155808413e-02	3.159344e+00	6.663819e-06	-6.393333e-06
1.995526155808413e-02	3.159344e+00	6.663819e-06	-7.455691e-06
1.996526155808413e-02	3.159344e+00	6.663819e-06	-6.393336e-06
1.997526155808413e-02	3.159344e+00	6.663819e-06	-7.455689e-06
1.998526155808413e-02	3.159344e+00	6.663819e-06	-6.393338e-06
1.999526155808413e-02	3.159344e+00	6.663819e-06	-7.455687e-06
2.000000000000000e-02	3.159344e+00	6.663819e-06	-6.393342e-06
Step Information: Rtierra=500K  (Step: 3/3)
0.000000000000000e+00	5.245209e-06	1.405570e-11	-2.599973e-07
9.999999439624929e-11	5.006790e-06	-7.970600e-10	-2.577268e-07
1.999999887924986e-10	5.006790e-06	-1.584272e-09	-2.556043e-07
1.599999910339989e-09	5.245209e-06	-1.237999e-08	-2.270175e-07
3.199999820679977e-09	5.245209e-06	-2.458017e-08	-1.964725e-07
6.399999641359955e-09	5.483627e-06	-4.854740e-08	-1.407422e-07
1.279999928271991e-08	6.437302e-06	-9.480422e-08	-4.399377e-08
2.559999856543982e-08	8.583069e-06	-1.812980e-07	1.179382e-07
4.853882854729470e-08	1.239777e-05	-3.186835e-07	3.596387e-07
6.923340253656991e-08	1.525879e-05	-4.075198e-07	5.159856e-07
7.983909652413013e-08	1.573563e-05	-3.966547e-07	4.771529e-07
8.902218748664289e-08	1.478195e-05	-3.013547e-07	2.319959e-07
9.849762993470447e-08	1.144409e-05	-1.222271e-07	-1.901025e-07
1.103352956965569e-07	5.722046e-06	1.467802e-07	-7.350819e-07
1.241774662636399e-07	-1.907349e-06	4.607556e-07	-1.307666e-06
1.430157053406918e-07	-1.239777e-05	8.584171e-07	-2.011479e-06
1.655854109268796e-07	-2.336502e-05	1.281014e-06	-2.753094e-06
1.899727469390326e-07	-3.290176e-05	1.651963e-06	-3.399458e-06
2.206954089475194e-07	-4.076958e-05	1.974628e-06	-3.956652e-06
2.563886826064060e-07	-4.506111e-05	2.171495e-06	-4.223054e-06
2.988682420856769e-07	-4.625320e-05	2.258918e-06	-4.257001e-06
3.519277506999157e-07	-4.625320e-05	2.299661e-06	-4.226953e-06
4.262226444163279e-07	-4.553795e-05	2.336872e-06	-4.173206e-06
5.624543307766802e-07	-4.386902e-05	2.393678e-06	-4.080177e-06
7.962048471769852e-07	-4.172325e-05	2.478736e-06	-3.950076e-06
1.017386327078226e-06	-3.981590e-05	2.549639e-06	-3.857965e-06
1.303905792571998e-06	-3.767014e-05	2.630930e-06	-3.768070e-06
1.590379049371543e-06	-3.564358e-05	2.703412e-06	-3.701066e-06
1.976054950532206e-06	-3.337860e-05	2.790172e-06	-3.631897e-06
2.395456913370596e-06	-3.147125e-05	2.873501e-06	-3.573984e-06
2.972020555646874e-06	-2.908707e-05	2.972989e-06	-3.510419e-06
3.659852745301573e-06	-2.670288e-05	3.073129e-06	-3.449745e-06
4.739537051178872e-06	-2.396107e-05	3.199536e-06	-3.374084e-06
6.190465127210702e-06	-2.133846e-05	3.331455e-06	-3.297989e-06
7.539277820588235e-06	-1.966953e-05	3.423202e-06	-3.245341e-06
9.091155762104149e-06	-1.835823e-05	3.501198e-06	-3.199531e-06
1.050797786272496e-05	-1.752377e-05	3.554110e-06	-3.167000e-06
1.217458281345076e-05	-1.716614e-05	3.599767e-06	-3.137631e-06
1.378838899682285e-05	-1.680851e-05	3.631947e-06	-3.115763e-06
1.560212565988864e-05	-1.657009e-05	3.657507e-06	-3.098234e-06
1.736876284495064e-05	-1.645088e-05	3.674577e-06	-3.088787e-06
1.931230931402025e-05	-1.645088e-05	3.686687e-06	-3.092257e-06
2.122594863361770e-05	-1.645088e-05	3.693695e-06	-3.121017e-06
2.326990953443161e-05	-1.668930e-05	3.697257e-06	-3.205621e-06
2.526942663033430e-05	-1.704693e-05	3.698071e-06	-3.380696e-06
2.731669092611689e-05	-1.764297e-05	3.697104e-06	-3.696695e-06
2.939599701002368e-05	-1.835823e-05	3.695075e-06	-4.173933e-06
3.130040636032618e-05	-1.919270e-05	3.692721e-06	-4.726004e-06
3.357009384097619e-05	-2.038479e-05	3.689661e-06	-5.469371e-06
3.605160253188850e-05	-2.181530e-05	3.686245e-06	-6.322673e-06
3.936571271019554e-05	-2.360344e-05	3.681712e-06	-7.441964e-06
4.263210555963426e-05	-2.515316e-05	3.677317e-06	-8.467780e-06
4.603178573002879e-05	-2.682209e-05	3.672808e-06	-9.425443e-06
4.980147204876602e-05	-2.825260e-05	3.667833e-06	-1.034843e-05
5.435154562685877e-05	-2.968311e-05	3.661790e-06	-1.126954e-05
5.971581151981409e-05	-3.099442e-05	3.654520e-06	-1.209820e-05
6.638919923968674e-05	-3.194809e-05	3.645158e-06	-1.276299e-05
7.473611143556860e-05	-3.254414e-05	3.632881e-06	-1.317147e-05
8.473611143556860e-05	-3.242493e-05	3.617229e-06	-1.314755e-05
9.289669571735261e-05	-3.147125e-05	3.603508e-06	-1.245472e-05
9.622155816103670e-05	3.275871e-04	3.584373e-06	-1.202131e-05
9.755171489400786e-05	7.147789e-04	3.552407e-06	-7.596468e-05
9.837986655978550e-05	8.324385e-04	3.515262e-06	-6.141080e-05
9.892798041680998e-05	8.318424e-04	3.487060e-06	-6.863965e-05
9.953693651139601e-05	8.600950e-04	3.455407e-06	-6.665986e-05
1.000480663856084e-04	8.932352e-04	3.428613e-06	-6.865762e-05
1.003993900963281e-04	9.392500e-04	3.410226e-06	-6.862373e-05
1.007409137900642e-04	1.013517e-03	3.392470e-06	-7.080087e-05
1.012295449382741e-04	1.215577e-03	3.367368e-06	-7.864537e-05
1.017527589366747e-04	1.724124e-03	3.341166e-06	-9.630274e-05
1.027305491025388e-04	4.091978e-03	3.294942e-06	-1.823335e-04
1.038538186382381e-04	1.088583e-02	3.247995e-06	-4.553560e-04
1.053914281153057e-04	2.976048e-02	3.195671e-06	-1.333354e-03
1.070659967774398e-04	6.223023e-02	3.151617e-06	-3.006651e-03
1.084787244506503e-04	9.855473e-02	3.123595e-06	-4.865844e-03
1.100520617626337e-04	1.462514e-01	3.099884e-06	-7.266934e-03
1.116189104972699e-04	1.987292e-01	3.081626e-06	-9.904571e-03
1.123730485169455e-04	2.260489e-01	3.075093e-06	-1.131558e-02
1.128499573502941e-04	2.440476e-01	3.071799e-06	-1.221656e-02
1.131804834104845e-04	2.566158e-01	3.069668e-06	-1.284634e-02
1.134783550202262e-04	2.679966e-01	3.067840e-06	-1.341455e-02
1.137889747591960e-04	2.799073e-01	3.066015e-06	-1.401110e-02
1.141182141913873e-04	2.925675e-01	3.064160e-06	-1.464321e-02
1.144408664446709e-04	3.049974e-01	3.062418e-06	-1.526595e-02
1.147703932245008e-04	3.176962e-01	3.060712e-06	-1.590014e-02
1.150995936193071e-04	3.303562e-01	3.059080e-06	-1.653478e-02
1.154342032284469e-04	3.431487e-01	3.057493e-06	-1.717415e-02
1.157742024329845e-04	3.559920e-01	3.055955e-06	-1.781894e-02
1.161271913801050e-04	3.690385e-01	3.054442e-06	-1.847242e-02
1.165002848866786e-04	3.823264e-01	3.052940e-06	-1.914184e-02
1.169136836798683e-04	3.961893e-01	3.051405e-06	-1.984001e-02
1.174081690260027e-04	4.112588e-01	3.049762e-06	-2.060678e-02
1.181045411219910e-04	4.296753e-01	3.047788e-06	-2.154638e-02
1.191774796767733e-04	4.537004e-01	3.045298e-06	-2.274906e-02
1.203201770782758e-04	4.755322e-01	3.043193e-06	-2.382331e-02
1.216700120484612e-04	4.980682e-01	3.041283e-06	-2.494848e-02
1.236510138541398e-04	5.281192e-01	3.039141e-06	-2.644446e-02
1.257468955090130e-04	5.578451e-01	3.037406e-06	-2.792432e-02
1.282486654425807e-04	5.916846e-01	3.035786e-06	-2.960912e-02
1.305907559352071e-04	6.223702e-01	3.034527e-06	-3.114194e-02
1.336090643428450e-04	6.609942e-01	3.033116e-06	-3.307128e-02
1.369874927846800e-04	7.034563e-01	3.031676e-06	-3.519586e-02
1.416247749483326e-04	7.608647e-01	3.029835e-06	-3.806579e-02
1.473443952419227e-04	8.307687e-01	3.027701e-06	-4.156394e-02
1.556852520287737e-04	9.315897e-01	3.024795e-06	-4.660470e-02
1.652826383328729e-04	1.046562e+00	3.021689e-06	-5.235281e-02
1.752826383328729e-04	1.165466e+00	3.018689e-06	-5.829447e-02
1.852826383328729e-04	1.283643e+00	3.015882e-06	-6.420343e-02
1.952826383328729e-04	1.401198e+00	3.013217e-06	-7.007884e-02
2.052826383328729e-04	1.518198e+00	3.010651e-06	-7.592984e-02
2.152826383328729e-04	1.634683e+00	3.008147e-06	-8.175217e-02
2.252826383328729e-04	1.750680e+00	3.005681e-06	-8.755329e-02
2.352826383328729e-04	1.866209e+00	3.003229e-06	-9.332793e-02
2.452826383328729e-04	1.981284e+00	3.000777e-06	-9.908308e-02
2.552826383328729e-04	2.095919e+00	2.998311e-06	-1.048131e-01
2.652826383328729e-04	2.210124e+00	2.995823e-06	-1.105247e-01
2.752826383328729e-04	2.323908e+00	2.993303e-06	-1.162122e-01
2.852826383328729e-04	2.437280e+00	2.990749e-06	-1.218823e-01
2.952826383328729e-04	2.549948e+00	2.988195e-06	-1.275290e-01
3.052826383328729e-04	2.655709e+00	2.986836e-06	-1.330982e-01
3.084027136946452e-04	2.678703e+00	2.987975e-06	-1.340461e-01
3.115362948297148e-04	2.691326e+00	2.990294e-06	-1.346004e-01
3.130096221849959e-04	2.695538e+00	2.991250e-06	-1.347948e-01
3.147913267575080e-04	2.699625e+00	2.992164e-06	-1.350012e-01
3.169586565219341e-04	2.703867e+00	2.993031e-06	-1.352137e-01
3.205068307920480e-04	2.709792e+00	2.994067e-06	-1.355126e-01
3.242901896482252e-04	2.715209e+00	2.994816e-06	-1.357803e-01
3.297002242039174e-04	2.721931e+00	2.995499e-06	-1.361167e-01
3.351595396873700e-04	2.727958e+00	2.995935e-06	-1.364148e-01
3.431666965963798e-04	2.735917e+00	2.996326e-06	-1.368152e-01
3.531666965963798e-04	2.745067e+00	2.996620e-06	-1.372682e-01
3.631666965963798e-04	2.753611e+00	2.996772e-06	-1.376945e-01
3.731666965963798e-04	2.761705e+00	2.996811e-06	-1.380958e-01
3.831666965963798e-04	2.769462e+00	2.996750e-06	-1.384844e-01
3.931666965963798e-04	2.776944e+00	2.996594e-06	-1.388557e-01
4.031666965963798e-04	2.784189e+00	2.996341e-06	-1.392193e-01
4.131666965963798e-04	2.791226e+00	2.995994e-06	-1.395687e-01
4.231666965963798e-04	2.798073e+00	2.995554e-06	-1.399125e-01
4.331666965963798e-04	2.804746e+00	2.995020e-06	-1.402438e-01
4.431666965963798e-04	2.811255e+00	2.994394e-06	-1.405708e-01
4.531666965963798e-04	2.817610e+00	2.993678e-06	-1.408863e-01
4.631666965963798e-04	2.823818e+00	2.992873e-06	-1.411983e-01
4.731666965963798e-04	2.829886e+00	2.991983e-06	-1.414996e-01
4.831666965963798e-04	2.835820e+00	2.991010e-06	-1.417980e-01
4.931666965963798e-04	2.841626e+00	2.989955e-06	-1.420862e-01
5.031666965963798e-04	2.847308e+00	2.988822e-06	-1.423720e-01
5.131666965963798e-04	2.852870e+00	2.987613e-06	-1.426480e-01
5.231666965963798e-04	2.858317e+00	2.986331e-06	-1.429221e-01
5.331666965963798e-04	2.863652e+00	2.984979e-06	-1.431868e-01
5.431666965963798e-04	2.868878e+00	2.983559e-06	-1.434499e-01
5.531666965963798e-04	2.874000e+00	2.982076e-06	-1.437040e-01
5.631666965963798e-04	2.879020e+00	2.980530e-06	-1.439568e-01
5.731666965963798e-04	2.883941e+00	2.978924e-06	-1.442008e-01
5.831666965963798e-04	2.888766e+00	2.977263e-06	-1.444439e-01
5.931666965963798e-04	2.893497e+00	2.975547e-06	-1.446784e-01
6.031666965963798e-04	2.898137e+00	2.973780e-06	-1.449123e-01
6.131666965963798e-04	2.902690e+00	2.971964e-06	-1.451379e-01
6.231666965963798e-04	2.907156e+00	2.970101e-06	-1.453631e-01
6.331666965963798e-04	2.911539e+00	2.968194e-06	-1.455802e-01
6.431666965963798e-04	2.915840e+00	2.966245e-06	-1.457972e-01
6.531666965963798e-04	2.920062e+00	2.964257e-06	-1.460063e-01
6.631666965963798e-04	2.924206e+00	2.962230e-06	-1.462154e-01
6.731666965963798e-04	2.928275e+00	2.960169e-06	-1.464169e-01
6.831666965963798e-04	2.932271e+00	2.958073e-06	-1.466185e-01
6.931666965963798e-04	2.936195e+00	2.955946e-06	-1.468128e-01
7.031666965963798e-04	2.940049e+00	2.953790e-06	-1.470074e-01
7.131666965963797e-04	2.943835e+00	2.951605e-06	-1.471947e-01
7.231666965963798e-04	2.947555e+00	2.949394e-06	-1.473826e-01
7.331666965963798e-04	2.951210e+00	2.947159e-06	-1.475634e-01
7.431666965963798e-04	2.954802e+00	2.944900e-06	-1.477448e-01
7.531666965963797e-04	2.958331e+00	2.942621e-06	-1.479194e-01
7.631666965963798e-04	2.961801e+00	2.940321e-06	-1.480947e-01
7.731666965963798e-04	2.965211e+00	2.938003e-06	-1.482633e-01
7.831666965963798e-04	2.968565e+00	2.935669e-06	-1.484329e-01
7.931666965963797e-04	2.971861e+00	2.933318e-06	-1.485958e-01
8.031666965963798e-04	2.975103e+00	2.930953e-06	-1.487598e-01
8.131666965963798e-04	2.978292e+00	2.928575e-06	-1.489172e-01
8.231666965963798e-04	2.981427e+00	2.926186e-06	-1.490759e-01
8.331666965963797e-04	2.984512e+00	2.923785e-06	-1.492282e-01
8.431666965963798e-04	2.987546e+00	2.921375e-06	-1.493818e-01
8.531666965963798e-04	2.990532e+00	2.918956e-06	-1.495292e-01
8.631666965963798e-04	2.993470e+00	2.916530e-06	-1.496779e-01
8.731666965963797e-04	2.996360e+00	2.914098e-06	-1.498206e-01
8.831666965963798e-04	2.999205e+00	2.911660e-06	-1.499647e-01
8.931666965963798e-04	3.002006e+00	2.909217e-06	-1.501028e-01
9.031666965963798e-04	3.004762e+00	2.906770e-06	-1.502425e-01
9.131666965963797e-04	3.007475e+00	2.904321e-06	-1.503762e-01
9.231666965963798e-04	3.010146e+00	2.901869e-06	-1.505117e-01
9.331666965963798e-04	3.012777e+00	2.899416e-06	-1.506413e-01
9.431666965963798e-04	3.015366e+00	2.896963e-06	-1.507727e-01
9.531666965963797e-04	3.017917e+00	2.894509e-06	-1.508982e-01
9.631666965963798e-04	3.020429e+00	2.892057e-06	-1.510258e-01
9.731666965963798e-04	3.022903e+00	2.889606e-06	-1.511475e-01
9.831666965963797e-04	3.025340e+00	2.887157e-06	-1.512713e-01
9.931666965963797e-04	3.027741e+00	2.884711e-06	-1.513894e-01
1.003166696596380e-03	3.030102e+00	2.882265e-06	-1.515096e-01
1.013166696596380e-03	3.032412e+00	2.879807e-06	-1.516234e-01
1.023166696596380e-03	3.034656e+00	2.877322e-06	-1.517375e-01
1.033166696596380e-03	3.036832e+00	2.874807e-06	-1.518443e-01
1.043166696596380e-03	3.038942e+00	2.872264e-06	-1.519517e-01
1.053166696596380e-03	3.040988e+00	2.869695e-06	-1.520521e-01
1.063166696596380e-03	3.042974e+00	2.867104e-06	-1.521532e-01
1.073166696596380e-03	3.044900e+00	2.864491e-06	-1.522476e-01
1.083166696596380e-03	3.046769e+00	2.861860e-06	-1.523429e-01
1.093166696596380e-03	3.048583e+00	2.859213e-06	-1.524317e-01
1.103166696596380e-03	3.050345e+00	2.856552e-06	-1.525217e-01
1.113166696596380e-03	3.052055e+00	2.853878e-06	-1.526052e-01
1.123166696596380e-03	3.053716e+00	2.851193e-06	-1.526902e-01
1.133166696596380e-03	3.055329e+00	2.848500e-06	-1.527689e-01
1.143166696596380e-03	3.056896e+00	2.845799e-06	-1.528491e-01
1.153166696596380e-03	3.058419e+00	2.843092e-06	-1.529233e-01
1.163166696596380e-03	3.059899e+00	2.840382e-06	-1.529993e-01
1.173166696596380e-03	3.061338e+00	2.837668e-06	-1.530692e-01
1.183166696596380e-03	3.062737e+00	2.834953e-06	-1.531411e-01
1.193166696596380e-03	3.064097e+00	2.832237e-06	-1.532072e-01
1.203166696596380e-03	3.065421e+00	2.829523e-06	-1.532753e-01
1.213166696596380e-03	3.066708e+00	2.826810e-06	-1.533377e-01
1.223166696596380e-03	3.067960e+00	2.824102e-06	-1.534022e-01
1.233166696596380e-03	3.069179e+00	2.821397e-06	-1.534612e-01
1.243166696596380e-03	3.070366e+00	2.818697e-06	-1.535224e-01
1.253166696596380e-03	3.071521e+00	2.816004e-06	-1.535783e-01
1.263166696596380e-03	3.072646e+00	2.813317e-06	-1.536364e-01
1.273166696596380e-03	3.073741e+00	2.810638e-06	-1.536893e-01
1.283166696596380e-03	3.074808e+00	2.807968e-06	-1.537445e-01
1.293166696596380e-03	3.075848e+00	2.805308e-06	-1.537946e-01
1.303166696596380e-03	3.076861e+00	2.802657e-06	-1.538471e-01
1.313166696596380e-03	3.077849e+00	2.800017e-06	-1.538946e-01
1.323166696596380e-03	3.078811e+00	2.797389e-06	-1.539446e-01
1.333166696596380e-03	3.079750e+00	2.794772e-06	-1.539896e-01
1.343166696596380e-03	3.080665e+00	2.792167e-06	-1.540373e-01
1.353166696596380e-03	3.081558e+00	2.789576e-06	-1.540800e-01
1.363166696596380e-03	3.082428e+00	2.786998e-06	-1.541254e-01
1.373166696596380e-03	3.083278e+00	2.784434e-06	-1.541660e-01
1.383166696596380e-03	3.084107e+00	2.781884e-06	-1.542093e-01
1.393166696596380e-03	3.084916e+00	2.779349e-06	-1.542479e-01
1.403166696596380e-03	3.085706e+00	2.776829e-06	-1.542893e-01
1.413166696596380e-03	3.086477e+00	2.774324e-06	-1.543259e-01
1.423166696596380e-03	3.087230e+00	2.771836e-06	-1.543655e-01
1.433166696596380e-03	3.087966e+00	2.769363e-06	-1.544003e-01
1.443166696596380e-03	3.088684e+00	2.766906e-06	-1.544382e-01
1.453166696596380e-03	3.089386e+00	2.764466e-06	-1.544713e-01
1.463166696596380e-03	3.090072e+00	2.762043e-06	-1.545075e-01
1.473166696596380e-03	3.090742e+00	2.759637e-06	-1.545391e-01
1.483166696596380e-03	3.091397e+00	2.757248e-06	-1.545738e-01
1.493166696596380e-03	3.092038e+00	2.754876e-06	-1.546038e-01
1.503166696596380e-03	3.092664e+00	2.752522e-06	-1.546371e-01
1.513166696596380e-03	3.093276e+00	2.750185e-06	-1.546657e-01
1.523166696596380e-03	3.093875e+00	2.747866e-06	-1.546976e-01
1.533166696596380e-03	3.094460e+00	2.745565e-06	-1.547249e-01
1.543166696596380e-03	3.095033e+00	2.743282e-06	-1.547555e-01
1.553166696596380e-03	3.095594e+00	2.741018e-06	-1.547816e-01
1.563166696596380e-03	3.096143e+00	2.738771e-06	-1.548110e-01
1.573166696596380e-03	3.096679e+00	2.736543e-06	-1.548359e-01
1.583166696596380e-03	3.097205e+00	2.734333e-06	-1.548641e-01
1.593166696596380e-03	3.097719e+00	2.732141e-06	-1.548879e-01
1.603166696596380e-03	3.098223e+00	2.729968e-06	-1.549150e-01
1.613166696596380e-03	3.098716e+00	2.727813e-06	-1.549377e-01
1.623166696596380e-03	3.099199e+00	2.725677e-06	-1.549638e-01
1.633166696596380e-03	3.099672e+00	2.723559e-06	-1.549855e-01
1.643166696596380e-03	3.100136e+00	2.721459e-06	-1.550106e-01
1.653166696596380e-03	3.100590e+00	2.719378e-06	-1.550313e-01
1.663166696596380e-03	3.101034e+00	2.717316e-06	-1.550555e-01
1.673166696596380e-03	3.101470e+00	2.715271e-06	-1.550754e-01
1.683166696596380e-03	3.101897e+00	2.713246e-06	-1.550987e-01
1.693166696596380e-03	3.102316e+00	2.711238e-06	-1.551176e-01
1.703166696596380e-03	3.102726e+00	2.709249e-06	-1.551401e-01
1.713166696596380e-03	3.103129e+00	2.707278e-06	-1.551583e-01
1.723166696596380e-03	3.103523e+00	2.705325e-06	-1.551799e-01
1.733166696596380e-03	3.103910e+00	2.703390e-06	-1.551973e-01
1.743166696596380e-03	3.104290e+00	2.701473e-06	-1.552183e-01
1.753166696596380e-03	3.104662e+00	2.699575e-06	-1.552349e-01
1.763166696596380e-03	3.105027e+00	2.697694e-06	-1.552551e-01
1.773166696596380e-03	3.105385e+00	2.695831e-06	-1.552710e-01
1.783166696596380e-03	3.105736e+00	2.693986e-06	-1.552906e-01
1.793166696596380e-03	3.106081e+00	2.692159e-06	-1.553058e-01
1.803166696596380e-03	3.106419e+00	2.690349e-06	-1.553247e-01
1.813166696596380e-03	3.106751e+00	2.688557e-06	-1.553393e-01
1.823166696596380e-03	3.107077e+00	2.686782e-06	-1.553576e-01
1.833166696596380e-03	3.107397e+00	2.685025e-06	-1.553716e-01
1.843166696596380e-03	3.107711e+00	2.683284e-06	-1.553893e-01
1.853166696596380e-03	3.108019e+00	2.681561e-06	-1.554027e-01
1.863166696596380e-03	3.108322e+00	2.679855e-06	-1.554198e-01
1.873166696596380e-03	3.108619e+00	2.678166e-06	-1.554327e-01
1.883166696596380e-03	3.108911e+00	2.676494e-06	-1.554493e-01
1.893166696596380e-03	3.109197e+00	2.674838e-06	-1.554616e-01
1.903166696596380e-03	3.109479e+00	2.673200e-06	-1.554777e-01
1.913166696596380e-03	3.109756e+00	2.671577e-06	-1.554895e-01
1.923166696596380e-03	3.110027e+00	2.669971e-06	-1.555051e-01
1.933166696596380e-03	3.110294e+00	2.668382e-06	-1.555164e-01
1.943166696596380e-03	3.110556e+00	2.666808e-06	-1.555315e-01
1.953166696596380e-03	3.110814e+00	2.665251e-06	-1.555424e-01
1.963166696596380e-03	3.111067e+00	2.663709e-06	-1.555571e-01
1.973166696596380e-03	3.111316e+00	2.662183e-06	-1.555675e-01
1.983166696596380e-03	3.111561e+00	2.660673e-06	-1.555817e-01
1.993166696596380e-03	3.111801e+00	2.659179e-06	-1.555918e-01
2.003166696596380e-03	3.112037e+00	2.657700e-06	-1.556056e-01
2.013166696596380e-03	3.112270e+00	2.656236e-06	-1.556152e-01
2.023166696596380e-03	3.112498e+00	2.654788e-06	-1.556286e-01
2.033166696596380e-03	3.112723e+00	2.653354e-06	-1.556378e-01
2.043166696596380e-03	3.112943e+00	2.651936e-06	-1.556509e-01
2.053166696596379e-03	3.113160e+00	2.650532e-06	-1.556597e-01
2.063166696596379e-03	3.113374e+00	2.649143e-06	-1.556724e-01
2.073166696596380e-03	3.113584e+00	2.647769e-06	-1.556809e-01
2.083166696596380e-03	3.113791e+00	2.646409e-06	-1.556932e-01
2.093166696596380e-03	3.113994e+00	2.645064e-06	-1.557014e-01
2.103166696596380e-03	3.114193e+00	2.643733e-06	-1.557133e-01
2.113166696596380e-03	3.114390e+00	2.642416e-06	-1.557212e-01
2.123166696596380e-03	3.114583e+00	2.641113e-06	-1.557328e-01
2.133166696596380e-03	3.114774e+00	2.639824e-06	-1.557404e-01
2.143166696596380e-03	3.114961e+00	2.638548e-06	-1.557517e-01
2.153166696596380e-03	3.115145e+00	2.637287e-06	-1.557589e-01
2.163166696596380e-03	3.115326e+00	2.636038e-06	-1.557700e-01
2.173166696596380e-03	3.115505e+00	2.634803e-06	-1.557769e-01
2.183166696596380e-03	3.115680e+00	2.633582e-06	-1.557876e-01
2.193166696596380e-03	3.115853e+00	2.632373e-06	-1.557943e-01
2.203166696596380e-03	3.116023e+00	2.631178e-06	-1.558048e-01
2.213166696596379e-03	3.116190e+00	2.629995e-06	-1.558112e-01
2.223166696596379e-03	3.116355e+00	2.628825e-06	-1.558214e-01
2.233166696596380e-03	3.116517e+00	2.627668e-06	-1.558275e-01
2.243166696596380e-03	3.116676e+00	2.626523e-06	-1.558375e-01
2.253166696596380e-03	3.116834e+00	2.625391e-06	-1.558433e-01
2.263166696596380e-03	3.116988e+00	2.624271e-06	-1.558531e-01
2.273166696596380e-03	3.117141e+00	2.623163e-06	-1.558587e-01
2.283166696596380e-03	3.117290e+00	2.622068e-06	-1.558682e-01
2.293166696596380e-03	3.117438e+00	2.620984e-06	-1.558736e-01
2.303166696596380e-03	3.117584e+00	2.619912e-06	-1.558828e-01
2.313166696596380e-03	3.117727e+00	2.618852e-06	-1.558880e-01
2.323166696596380e-03	3.117868e+00	2.617803e-06	-1.558970e-01
2.333166696596380e-03	3.118007e+00	2.616766e-06	-1.559020e-01
2.343166696596380e-03	3.118144e+00	2.615741e-06	-1.559108e-01
2.353166696596380e-03	3.118279e+00	2.614726e-06	-1.559156e-01
2.363166696596380e-03	3.118411e+00	2.613723e-06	-1.559242e-01
2.373166696596379e-03	3.118542e+00	2.612731e-06	-1.559288e-01
2.383166696596379e-03	3.118671e+00	2.611750e-06	-1.559372e-01
2.393166696596379e-03	3.118798e+00	2.610779e-06	-1.559415e-01
2.403166696596380e-03	3.118923e+00	2.609819e-06	-1.559498e-01
2.413166696596380e-03	3.119046e+00	2.608870e-06	-1.559540e-01
2.423166696596380e-03	3.119167e+00	2.607931e-06	-1.559620e-01
2.433166696596380e-03	3.119287e+00	2.607003e-06	-1.559660e-01
2.443166696596380e-03	3.119405e+00	2.606085e-06	-1.559739e-01
2.453166696596380e-03	3.119521e+00	2.605178e-06	-1.559777e-01
2.463166696596380e-03	3.119635e+00	2.604280e-06	-1.559854e-01
2.473166696596380e-03	3.119748e+00	2.603392e-06	-1.559891e-01
2.483166696596380e-03	3.119859e+00	2.602514e-06	-1.559966e-01
2.493166696596380e-03	3.119969e+00	2.601646e-06	-1.560001e-01
2.503166696596380e-03	3.120077e+00	2.600788e-06	-1.560074e-01
2.513166696596380e-03	3.120183e+00	2.599939e-06	-1.560108e-01
2.523166696596380e-03	3.120288e+00	2.599100e-06	-1.560180e-01
2.533166696596379e-03	3.120391e+00	2.598270e-06	-1.560212e-01
2.543166696596379e-03	3.120493e+00	2.597449e-06	-1.560283e-01
2.553166696596379e-03	3.120594e+00	2.596637e-06	-1.560313e-01
2.563166696596380e-03	3.120692e+00	2.595835e-06	-1.560382e-01
2.573166696596380e-03	3.120790e+00	2.595042e-06	-1.560411e-01
2.583166696596380e-03	3.120886e+00	2.594257e-06	-1.560479e-01
2.593166696596380e-03	3.120981e+00	2.593481e-06	-1.560507e-01
2.603166696596380e-03	3.121075e+00	2.592714e-06	-1.560573e-01
2.613166696596380e-03	3.121167e+00	2.591956e-06	-1.560600e-01
2.623166696596380e-03	3.121258e+00	2.591206e-06	-1.560665e-01
2.633166696596380e-03	3.121347e+00	2.590464e-06	-1.560690e-01
2.643166696596380e-03	3.121436e+00	2.589731e-06	-1.560754e-01
2.653166696596380e-03	3.121523e+00	2.589006e-06	-1.560778e-01
2.663166696596380e-03	3.121609e+00	2.588290e-06	-1.560840e-01
2.673166696596380e-03	3.121693e+00	2.587581e-06	-1.560863e-01
2.683166696596380e-03	3.121777e+00	2.586881e-06	-1.560924e-01
2.693166696596379e-03	3.121859e+00	2.586188e-06	-1.560946e-01
2.703166696596379e-03	3.121940e+00	2.585503e-06	-1.561006e-01
2.713166696596379e-03	3.122020e+00	2.584826e-06	-1.561026e-01
2.723166696596379e-03	3.122100e+00	2.584156e-06	-1.561086e-01
2.733166696596380e-03	3.122177e+00	2.583494e-06	-1.561105e-01
2.743166696596380e-03	3.122254e+00	2.582840e-06	-1.561163e-01
2.753166696596380e-03	3.122330e+00	2.582193e-06	-1.561181e-01
2.763166696596380e-03	3.122405e+00	2.581553e-06	-1.561238e-01
2.773166696596380e-03	3.122479e+00	2.580921e-06	-1.561255e-01
2.783166696596380e-03	3.122551e+00	2.580296e-06	-1.561311e-01
2.793166696596380e-03	3.122623e+00	2.579677e-06	-1.561328e-01
2.803166696596380e-03	3.122694e+00	2.579066e-06	-1.561383e-01
2.813166696596380e-03	3.122764e+00	2.578462e-06	-1.561398e-01
2.823166696596380e-03	3.122833e+00	2.577865e-06	-1.561452e-01
2.833166696596380e-03	3.122901e+00	2.577274e-06	-1.561466e-01
2.843166696596380e-03	3.122968e+00	2.576690e-06	-1.561520e-01
2.853166696596379e-03	3.123034e+00	2.576113e-06	-1.561533e-01
2.863166696596379e-03	3.123099e+00	2.575542e-06	-1.561585e-01
2.873166696596379e-03	3.123164e+00	2.574978e-06	-1.561598e-01
2.883166696596379e-03	3.123227e+00	2.574420e-06	-1.561649e-01
2.893166696596380e-03	3.123290e+00	2.573869e-06	-1.561661e-01
2.903166696596380e-03	3.123352e+00	2.573324e-06	-1.561711e-01
2.913166696596380e-03	3.123412e+00	2.572785e-06	-1.561722e-01
2.923166696596380e-03	3.123473e+00	2.572252e-06	-1.561772e-01
2.933166696596380e-03	3.123532e+00	2.571726e-06	-1.561782e-01
2.943166696596380e-03	3.123591e+00	2.571205e-06	-1.561831e-01
2.953166696596380e-03	3.123649e+00	2.570690e-06	-1.561840e-01
2.963166696596380e-03	3.123706e+00	2.570182e-06	-1.561888e-01
2.973166696596380e-03	3.123762e+00	2.569679e-06	-1.561897e-01
2.983166696596380e-03	3.123817e+00	2.569181e-06	-1.561944e-01
2.993166696596380e-03	3.123872e+00	2.568690e-06	-1.561952e-01
3.003166696596380e-03	3.123927e+00	2.568204e-06	-1.561999e-01
3.013166696596379e-03	3.123980e+00	2.567723e-06	-1.562006e-01
3.023166696596379e-03	3.124033e+00	2.567248e-06	-1.562052e-01
3.033166696596379e-03	3.124085e+00	2.566779e-06	-1.562058e-01
3.043166696596379e-03	3.124136e+00	2.566315e-06	-1.562104e-01
3.053166696596379e-03	3.124187e+00	2.565856e-06	-1.562109e-01
3.063166696596380e-03	3.124236e+00	2.565403e-06	-1.562154e-01
3.073166696596380e-03	3.124286e+00	2.564954e-06	-1.562159e-01
3.083166696596380e-03	3.124335e+00	2.564511e-06	-1.562203e-01
3.093166696596380e-03	3.124383e+00	2.564073e-06	-1.562207e-01
3.103166696596380e-03	3.124430e+00	2.563640e-06	-1.562251e-01
3.113166696596380e-03	3.124477e+00	2.563212e-06	-1.562254e-01
3.123166696596380e-03	3.124523e+00	2.562789e-06	-1.562297e-01
3.133166696596380e-03	3.124569e+00	2.562371e-06	-1.562300e-01
3.143166696596380e-03	3.124614e+00	2.561957e-06	-1.562342e-01
3.153166696596380e-03	3.124658e+00	2.561548e-06	-1.562345e-01
3.163166696596380e-03	3.124702e+00	2.561144e-06	-1.562387e-01
3.173166696596379e-03	3.124746e+00	2.560745e-06	-1.562389e-01
3.183166696596379e-03	3.124788e+00	2.560350e-06	-1.562430e-01
3.193166696596379e-03	3.124831e+00	2.559960e-06	-1.562431e-01
3.203166696596379e-03	3.124872e+00	2.559574e-06	-1.562472e-01
3.213166696596379e-03	3.124913e+00	2.559193e-06	-1.562472e-01
3.223166696596380e-03	3.124954e+00	2.558816e-06	-1.562513e-01
3.233166696596380e-03	3.124994e+00	2.558443e-06	-1.562513e-01
3.243166696596380e-03	3.125034e+00	2.558075e-06	-1.562552e-01
3.253166696596380e-03	3.125073e+00	2.557711e-06	-1.562552e-01
3.263166696596380e-03	3.125111e+00	2.557351e-06	-1.562591e-01
3.273166696596380e-03	3.125149e+00	2.556995e-06	-1.562590e-01
3.283166696596380e-03	3.125187e+00	2.556643e-06	-1.562629e-01
3.293166696596380e-03	3.125224e+00	2.556296e-06	-1.562628e-01
3.303166696596380e-03	3.125261e+00	2.555952e-06	-1.562666e-01
3.313166696596380e-03	3.125297e+00	2.555612e-06	-1.562664e-01
3.323166696596380e-03	3.125333e+00	2.555277e-06	-1.562702e-01
3.333166696596379e-03	3.125368e+00	2.554945e-06	-1.562700e-01
3.343166696596379e-03	3.125403e+00	2.554617e-06	-1.562737e-01
3.353166696596379e-03	3.125437e+00	2.554292e-06	-1.562734e-01
3.363166696596379e-03	3.125471e+00	2.553972e-06	-1.562771e-01
3.373166696596379e-03	3.125505e+00	2.553655e-06	-1.562768e-01
3.383166696596379e-03	3.125538e+00	2.553342e-06	-1.562804e-01
3.393166696596380e-03	3.125571e+00	2.553033e-06	-1.562801e-01
3.403166696596380e-03	3.125603e+00	2.552727e-06	-1.562837e-01
3.413166696596380e-03	3.125635e+00	2.552424e-06	-1.562833e-01
3.423166696596380e-03	3.125666e+00	2.552125e-06	-1.562869e-01
3.433166696596380e-03	3.125697e+00	2.551830e-06	-1.562864e-01
3.443166696596380e-03	3.125728e+00	2.551538e-06	-1.562900e-01
3.453166696596380e-03	3.125758e+00	2.551249e-06	-1.562895e-01
3.463166696596380e-03	3.125788e+00	2.550963e-06	-1.562930e-01
3.473166696596380e-03	3.125818e+00	2.550682e-06	-1.562925e-01
3.483166696596380e-03	3.125847e+00	2.550403e-06	-1.562959e-01
3.493166696596379e-03	3.125876e+00	2.550127e-06	-1.562953e-01
3.503166696596379e-03	3.125904e+00	2.549855e-06	-1.562988e-01
3.513166696596379e-03	3.125932e+00	2.549585e-06	-1.562982e-01
3.523166696596379e-03	3.125960e+00	2.549319e-06	-1.563015e-01
3.533166696596379e-03	3.125987e+00	2.549056e-06	-1.563009e-01
3.543166696596379e-03	3.126014e+00	2.548796e-06	-1.563043e-01
3.553166696596380e-03	3.126041e+00	2.548539e-06	-1.563036e-01
3.563166696596380e-03	3.126068e+00	2.548285e-06	-1.563069e-01
3.573166696596380e-03	3.126094e+00	2.548034e-06	-1.563063e-01
3.583166696596380e-03	3.126119e+00	2.547786e-06	-1.563095e-01
3.593166696596380e-03	3.126145e+00	2.547541e-06	-1.563088e-01
3.603166696596380e-03	3.126170e+00	2.547298e-06	-1.563120e-01
3.613166696596380e-03	3.126195e+00	2.547059e-06	-1.563113e-01
3.623166696596380e-03	3.126219e+00	2.546822e-06	-1.563145e-01
3.633166696596380e-03	3.126243e+00	2.546587e-06	-1.563137e-01
3.643166696596380e-03	3.126267e+00	2.546356e-06	-1.563169e-01
3.653166696596379e-03	3.126291e+00	2.546127e-06	-1.563161e-01
3.663166696596379e-03	3.126314e+00	2.545901e-06	-1.563193e-01
3.673166696596379e-03	3.126337e+00	2.545678e-06	-1.563184e-01
3.683166696596379e-03	3.126360e+00	2.545457e-06	-1.563215e-01
3.693166696596379e-03	3.126382e+00	2.545239e-06	-1.563207e-01
3.703166696596379e-03	3.126405e+00	2.545023e-06	-1.563238e-01
3.713166696596379e-03	3.126427e+00	2.544810e-06	-1.563229e-01
3.723166696596380e-03	3.126448e+00	2.544599e-06	-1.563260e-01
3.733166696596380e-03	3.126470e+00	2.544390e-06	-1.563250e-01
3.743166696596380e-03	3.126491e+00	2.544184e-06	-1.563281e-01
3.753166696596380e-03	3.126512e+00	2.543981e-06	-1.563271e-01
3.763166696596380e-03	3.126532e+00	2.543780e-06	-1.563301e-01
3.773166696596380e-03	3.126552e+00	2.543581e-06	-1.563292e-01
3.783166696596380e-03	3.126572e+00	2.543384e-06	-1.563322e-01
3.793166696596380e-03	3.126592e+00	2.543190e-06	-1.563312e-01
3.803166696596380e-03	3.126612e+00	2.542998e-06	-1.563341e-01
3.813166696596379e-03	3.126631e+00	2.542808e-06	-1.563331e-01
3.823166696596379e-03	3.126651e+00	2.542620e-06	-1.563361e-01
3.833166696596379e-03	3.126669e+00	2.542435e-06	-1.563350e-01
3.843166696596379e-03	3.126688e+00	2.542252e-06	-1.563379e-01
3.853166696596379e-03	3.126706e+00	2.542070e-06	-1.563369e-01
3.863166696596379e-03	3.126725e+00	2.541891e-06	-1.563398e-01
3.873166696596379e-03	3.126743e+00	2.541715e-06	-1.563387e-01
3.883166696596379e-03	3.126761e+00	2.541540e-06	-1.563416e-01
3.893166696596380e-03	3.126778e+00	2.541367e-06	-1.563405e-01
3.903166696596380e-03	3.126795e+00	2.541196e-06	-1.563433e-01
3.913166696596380e-03	3.126813e+00	2.541027e-06	-1.563422e-01
3.923166696596379e-03	3.126829e+00	2.540860e-06	-1.563450e-01
3.933166696596380e-03	3.126846e+00	2.540695e-06	-1.563439e-01
3.943166696596379e-03	3.126863e+00	2.540532e-06	-1.563467e-01
3.953166696596380e-03	3.126879e+00	2.540371e-06	-1.563455e-01
3.963166696596379e-03	3.126895e+00	2.540212e-06	-1.563483e-01
3.973166696596380e-03	3.126911e+00	2.540054e-06	-1.563471e-01
3.983166696596379e-03	3.126927e+00	2.539899e-06	-1.563499e-01
3.993166696596380e-03	3.126942e+00	2.539745e-06	-1.563487e-01
4.003166696596379e-03	3.126958e+00	2.539593e-06	-1.563514e-01
4.013166696596380e-03	3.126973e+00	2.539442e-06	-1.563502e-01
4.023166696596379e-03	3.126988e+00	2.539294e-06	-1.563529e-01
4.033166696596380e-03	3.127002e+00	2.539147e-06	-1.563517e-01
4.043166696596379e-03	3.127017e+00	2.539002e-06	-1.563544e-01
4.053166696596379e-03	3.127031e+00	2.538859e-06	-1.563531e-01
4.063166696596380e-03	3.127046e+00	2.538717e-06	-1.563558e-01
4.073166696596379e-03	3.127060e+00	2.538577e-06	-1.563545e-01
4.083166696596380e-03	3.127074e+00	2.538438e-06	-1.563572e-01
4.093166696596379e-03	3.127088e+00	2.538301e-06	-1.563559e-01
4.103166696596380e-03	3.127101e+00	2.538166e-06	-1.563586e-01
4.113166696596379e-03	3.127115e+00	2.538033e-06	-1.563573e-01
4.123166696596380e-03	3.127128e+00	2.537900e-06	-1.563599e-01
4.133166696596379e-03	3.127141e+00	2.537770e-06	-1.563586e-01
4.143166696596380e-03	3.127154e+00	2.537641e-06	-1.563612e-01
4.153166696596379e-03	3.127167e+00	2.537513e-06	-1.563599e-01
4.163166696596380e-03	3.127179e+00	2.537387e-06	-1.563625e-01
4.173166696596379e-03	3.127192e+00	2.537262e-06	-1.563611e-01
4.183166696596380e-03	3.127204e+00	2.537139e-06	-1.563637e-01
4.193166696596379e-03	3.127216e+00	2.537018e-06	-1.563624e-01
4.203166696596380e-03	3.127228e+00	2.536897e-06	-1.563649e-01
4.213166696596379e-03	3.127240e+00	2.536778e-06	-1.563636e-01
4.223166696596379e-03	3.127252e+00	2.536661e-06	-1.563661e-01
4.233166696596380e-03	3.127264e+00	2.536545e-06	-1.563647e-01
4.243166696596379e-03	3.127275e+00	2.536430e-06	-1.563673e-01
4.253166696596380e-03	3.127286e+00	2.536316e-06	-1.563659e-01
4.263166696596379e-03	3.127298e+00	2.536204e-06	-1.563684e-01
4.273166696596380e-03	3.127309e+00	2.536093e-06	-1.563670e-01
4.283166696596379e-03	3.127320e+00	2.535984e-06	-1.563695e-01
4.293166696596380e-03	3.127330e+00	2.535875e-06	-1.563681e-01
4.303166696596379e-03	3.127341e+00	2.535768e-06	-1.563706e-01
4.313166696596380e-03	3.127352e+00	2.535663e-06	-1.563691e-01
4.323166696596379e-03	3.127362e+00	2.535558e-06	-1.563716e-01
4.333166696596380e-03	3.127372e+00	2.535455e-06	-1.563702e-01
4.343166696596379e-03	3.127382e+00	2.535352e-06	-1.563727e-01
4.353166696596380e-03	3.127393e+00	2.535251e-06	-1.563712e-01
4.363166696596379e-03	3.127402e+00	2.535152e-06	-1.563736e-01
4.373166696596379e-03	3.127412e+00	2.535053e-06	-1.563722e-01
4.383166696596380e-03	3.127422e+00	2.534956e-06	-1.563746e-01
4.393166696596379e-03	3.127431e+00	2.534860e-06	-1.563731e-01
4.403166696596380e-03	3.127441e+00	2.534764e-06	-1.563756e-01
4.413166696596379e-03	3.127450e+00	2.534670e-06	-1.563741e-01
4.423166696596380e-03	3.127460e+00	2.534577e-06	-1.563765e-01
4.433166696596379e-03	3.127469e+00	2.534485e-06	-1.563750e-01
4.443166696596380e-03	3.127478e+00	2.534394e-06	-1.563774e-01
4.453166696596379e-03	3.127486e+00	2.534304e-06	-1.563759e-01
4.463166696596380e-03	3.127495e+00	2.534216e-06	-1.563783e-01
4.473166696596379e-03	3.127504e+00	2.534128e-06	-1.563767e-01
4.483166696596380e-03	3.127513e+00	2.534041e-06	-1.563792e-01
4.493166696596379e-03	3.127521e+00	2.533956e-06	-1.563776e-01
4.503166696596380e-03	3.127529e+00	2.533871e-06	-1.563800e-01
4.513166696596379e-03	3.127538e+00	2.533787e-06	-1.563784e-01
4.523166696596380e-03	3.127546e+00	2.533704e-06	-1.563808e-01
4.533166696596379e-03	3.127554e+00	2.533623e-06	-1.563793e-01
4.543166696596379e-03	3.127562e+00	2.533542e-06	-1.563816e-01
4.553166696596380e-03	3.127570e+00	2.533462e-06	-1.563800e-01
4.563166696596379e-03	3.127578e+00	2.533383e-06	-1.563824e-01
4.573166696596380e-03	3.127585e+00	2.533305e-06	-1.563808e-01
4.583166696596379e-03	3.127593e+00	2.533228e-06	-1.563832e-01
4.593166696596380e-03	3.127601e+00	2.533152e-06	-1.563816e-01
4.603166696596379e-03	3.127608e+00	2.533076e-06	-1.563839e-01
4.613166696596380e-03	3.127615e+00	2.533002e-06	-1.563823e-01
4.623166696596379e-03	3.127623e+00	2.532928e-06	-1.563847e-01
4.633166696596380e-03	3.127630e+00	2.532856e-06	-1.563830e-01
4.643166696596379e-03	3.127637e+00	2.532784e-06	-1.563854e-01
4.653166696596380e-03	3.127644e+00	2.532713e-06	-1.563837e-01
4.663166696596379e-03	3.127651e+00	2.532643e-06	-1.563861e-01
4.673166696596380e-03	3.127658e+00	2.532573e-06	-1.563844e-01
4.683166696596379e-03	3.127665e+00	2.532505e-06	-1.563867e-01
4.693166696596379e-03	3.127671e+00	2.532437e-06	-1.563851e-01
4.703166696596379e-03	3.127678e+00	2.532370e-06	-1.563874e-01
4.713166696596379e-03	3.127684e+00	2.532304e-06	-1.563857e-01
4.723166696596380e-03	3.127691e+00	2.532238e-06	-1.563881e-01
4.733166696596379e-03	3.127697e+00	2.532173e-06	-1.563864e-01
4.743166696596380e-03	3.127703e+00	2.532109e-06	-1.563887e-01
4.753166696596379e-03	3.127710e+00	2.532046e-06	-1.563870e-01
4.763166696596380e-03	3.127716e+00	2.531984e-06	-1.563893e-01
4.773166696596379e-03	3.127722e+00	2.531922e-06	-1.563876e-01
4.783166696596380e-03	3.127728e+00	2.531861e-06	-1.563899e-01
4.793166696596379e-03	3.127734e+00	2.531801e-06	-1.563882e-01
4.803166696596380e-03	3.127740e+00	2.531741e-06	-1.563905e-01
4.813166696596379e-03	3.127745e+00	2.531682e-06	-1.563888e-01
4.823166696596380e-03	3.127751e+00	2.531624e-06	-1.563911e-01
4.833166696596379e-03	3.127757e+00	2.531567e-06	-1.563894e-01
4.843166696596380e-03	3.127762e+00	2.531510e-06	-1.563916e-01
4.853166696596379e-03	3.127768e+00	2.531453e-06	-1.563899e-01
4.863166696596379e-03	3.127773e+00	2.531398e-06	-1.563922e-01
4.873166696596379e-03	3.127779e+00	2.531343e-06	-1.563905e-01
4.883166696596379e-03	3.127784e+00	2.531289e-06	-1.563927e-01
4.893166696596380e-03	3.127789e+00	2.531235e-06	-1.563910e-01
4.903166696596379e-03	3.127795e+00	2.531182e-06	-1.563932e-01
4.913166696596380e-03	3.127800e+00	2.531130e-06	-1.563915e-01
4.923166696596379e-03	3.127805e+00	2.531078e-06	-1.563938e-01
4.933166696596380e-03	3.127810e+00	2.531027e-06	-1.563920e-01
4.943166696596379e-03	3.127815e+00	2.530976e-06	-1.563943e-01
4.953166696596380e-03	3.127820e+00	2.530926e-06	-1.563925e-01
4.963166696596379e-03	3.127824e+00	2.530877e-06	-1.563947e-01
4.973166696596380e-03	3.127829e+00	2.530828e-06	-1.563930e-01
4.983166696596379e-03	3.127834e+00	2.530780e-06	-1.563952e-01
4.993166696596380e-03	3.127839e+00	2.530732e-06	-1.563935e-01
5.003166696596379e-03	3.127843e+00	2.530685e-06	-1.563957e-01
5.013166696596379e-03	3.127848e+00	2.530639e-06	-1.563939e-01
5.023166696596379e-03	3.127852e+00	2.530592e-06	-1.563961e-01
5.033166696596379e-03	3.127857e+00	2.530547e-06	-1.563944e-01
5.043166696596380e-03	3.127861e+00	2.530502e-06	-1.563966e-01
5.053166696596379e-03	3.127866e+00	2.530458e-06	-1.563948e-01
5.063166696596380e-03	3.127870e+00	2.530413e-06	-1.563970e-01
5.073166696596379e-03	3.127874e+00	2.530370e-06	-1.563952e-01
5.083166696596380e-03	3.127878e+00	2.530327e-06	-1.563974e-01
5.093166696596379e-03	3.127882e+00	2.530285e-06	-1.563957e-01
5.103166696596380e-03	3.127887e+00	2.530243e-06	-1.563978e-01
5.113166696596379e-03	3.127891e+00	2.530202e-06	-1.563961e-01
5.123166696596380e-03	3.127895e+00	2.530161e-06	-1.563983e-01
5.133166696596379e-03	3.127899e+00	2.530120e-06	-1.563965e-01
5.143166696596380e-03	3.127903e+00	2.530080e-06	-1.563987e-01
5.153166696596379e-03	3.127906e+00	2.530041e-06	-1.563969e-01
5.163166696596380e-03	3.127910e+00	2.530001e-06	-1.563990e-01
5.173166696596379e-03	3.127914e+00	2.529963e-06	-1.563972e-01
5.183166696596379e-03	3.127918e+00	2.529925e-06	-1.563994e-01
5.193166696596379e-03	3.127921e+00	2.529887e-06	-1.563976e-01
5.203166696596379e-03	3.127925e+00	2.529850e-06	-1.563998e-01
5.213166696596380e-03	3.127929e+00	2.529813e-06	-1.563980e-01
5.223166696596379e-03	3.127932e+00	2.529776e-06	-1.564001e-01
5.233166696596380e-03	3.127936e+00	2.529740e-06	-1.563983e-01
5.243166696596379e-03	3.127939e+00	2.529705e-06	-1.564005e-01
5.253166696596380e-03	3.127943e+00	2.529669e-06	-1.563987e-01
5.263166696596379e-03	3.127946e+00	2.529635e-06	-1.564008e-01
5.273166696596380e-03	3.127949e+00	2.529600e-06	-1.563990e-01
5.283166696596379e-03	3.127953e+00	2.529566e-06	-1.564012e-01
5.293166696596380e-03	3.127956e+00	2.529533e-06	-1.563993e-01
5.303166696596379e-03	3.127959e+00	2.529500e-06	-1.564015e-01
5.313166696596380e-03	3.127962e+00	2.529467e-06	-1.563997e-01
5.323166696596379e-03	3.127966e+00	2.529435e-06	-1.564018e-01
5.333166696596379e-03	3.127969e+00	2.529403e-06	-1.564000e-01
5.343166696596379e-03	3.127972e+00	2.529371e-06	-1.564021e-01
5.353166696596379e-03	3.127975e+00	2.529340e-06	-1.564003e-01
5.363166696596379e-03	3.127978e+00	2.529309e-06	-1.564024e-01
5.373166696596379e-03	3.127981e+00	2.529278e-06	-1.564006e-01
5.383166696596380e-03	3.127984e+00	2.529248e-06	-1.564027e-01
5.393166696596379e-03	3.127987e+00	2.529218e-06	-1.564009e-01
5.403166696596380e-03	3.127989e+00	2.529189e-06	-1.564030e-01
5.413166696596379e-03	3.127992e+00	2.529159e-06	-1.564012e-01
5.423166696596380e-03	3.127995e+00	2.529131e-06	-1.564033e-01
5.433166696596379e-03	3.127998e+00	2.529102e-06	-1.564014e-01
5.443166696596380e-03	3.128001e+00	2.529074e-06	-1.564036e-01
5.453166696596379e-03	3.128003e+00	2.529046e-06	-1.564017e-01
5.463166696596380e-03	3.128006e+00	2.529019e-06	-1.564038e-01
5.473166696596379e-03	3.128009e+00	2.528991e-06	-1.564020e-01
5.483166696596380e-03	3.128011e+00	2.528965e-06	-1.564041e-01
5.493166696596379e-03	3.128014e+00	2.528938e-06	-1.564022e-01
5.503166696596379e-03	3.128016e+00	2.528912e-06	-1.564043e-01
5.513166696596379e-03	3.128019e+00	2.528886e-06	-1.564025e-01
5.523166696596379e-03	3.128021e+00	2.528860e-06	-1.564046e-01
5.533166696596379e-03	3.128024e+00	2.528835e-06	-1.564027e-01
5.543166696596379e-03	3.128026e+00	2.528810e-06	-1.564048e-01
5.553166696596380e-03	3.128029e+00	2.528785e-06	-1.564030e-01
5.563166696596379e-03	3.128031e+00	2.528761e-06	-1.564051e-01
5.573166696596380e-03	3.128034e+00	2.528737e-06	-1.564032e-01
5.583166696596379e-03	3.128036e+00	2.528713e-06	-1.564053e-01
5.593166696596380e-03	3.128038e+00	2.528689e-06	-1.564034e-01
5.603166696596379e-03	3.128040e+00	2.528666e-06	-1.564055e-01
5.613166696596380e-03	3.128043e+00	2.528643e-06	-1.564037e-01
5.623166696596379e-03	3.128045e+00	2.528620e-06	-1.564058e-01
5.633166696596380e-03	3.128047e+00	2.528597e-06	-1.564039e-01
5.643166696596379e-03	3.128049e+00	2.528575e-06	-1.564060e-01
5.653166696596379e-03	3.128051e+00	2.528553e-06	-1.564041e-01
5.663166696596379e-03	3.128054e+00	2.528531e-06	-1.564062e-01
5.673166696596379e-03	3.128056e+00	2.528510e-06	-1.564043e-01
5.683166696596379e-03	3.128058e+00	2.528489e-06	-1.564064e-01
5.693166696596379e-03	3.128060e+00	2.528468e-06	-1.564045e-01
5.703166696596380e-03	3.128062e+00	2.528447e-06	-1.564066e-01
5.713166696596379e-03	3.128064e+00	2.528427e-06	-1.564047e-01
5.723166696596380e-03	3.128066e+00	2.528406e-06	-1.564068e-01
5.733166696596379e-03	3.128067e+00	2.528386e-06	-1.564049e-01
5.743166696596380e-03	3.128070e+00	2.528366e-06	-1.564070e-01
5.753166696596379e-03	3.128071e+00	2.528347e-06	-1.564051e-01
5.763166696596380e-03	3.128073e+00	2.528328e-06	-1.564072e-01
5.773166696596379e-03	3.128075e+00	2.528308e-06	-1.564053e-01
5.783166696596380e-03	3.128077e+00	2.528290e-06	-1.564074e-01
5.793166696596379e-03	3.128079e+00	2.528271e-06	-1.564055e-01
5.803166696596380e-03	3.128080e+00	2.528252e-06	-1.564075e-01
5.813166696596379e-03	3.128082e+00	2.528234e-06	-1.564057e-01
5.823166696596379e-03	3.128084e+00	2.528216e-06	-1.564077e-01
5.833166696596379e-03	3.128086e+00	2.528198e-06	-1.564058e-01
5.843166696596379e-03	3.128088e+00	2.528181e-06	-1.564079e-01
5.853166696596379e-03	3.128089e+00	2.528163e-06	-1.564060e-01
5.863166696596379e-03	3.128091e+00	2.528146e-06	-1.564081e-01
5.873166696596380e-03	3.128093e+00	2.528129e-06	-1.564062e-01
5.883166696596379e-03	3.128094e+00	2.528112e-06	-1.564082e-01
5.893166696596380e-03	3.128096e+00	2.528096e-06	-1.564063e-01
5.903166696596379e-03	3.128097e+00	2.528079e-06	-1.564084e-01
5.913166696596380e-03	3.128099e+00	2.528063e-06	-1.564065e-01
5.923166696596379e-03	3.128101e+00	2.528047e-06	-1.564085e-01
5.933166696596380e-03	3.128102e+00	2.528031e-06	-1.564066e-01
5.943166696596379e-03	3.128104e+00	2.528016e-06	-1.564087e-01
5.953166696596380e-03	3.128105e+00	2.528000e-06	-1.564068e-01
5.963166696596379e-03	3.128107e+00	2.527985e-06	-1.564088e-01
5.973166696596379e-03	3.128108e+00	2.527970e-06	-1.564069e-01
5.983166696596379e-03	3.128110e+00	2.527955e-06	-1.564090e-01
5.993166696596379e-03	3.128111e+00	2.527940e-06	-1.564071e-01
6.003166696596379e-03	3.128112e+00	2.527925e-06	-1.564091e-01
6.013166696596379e-03	3.128114e+00	2.527911e-06	-1.564072e-01
6.023166696596379e-03	3.128115e+00	2.527897e-06	-1.564093e-01
6.033166696596379e-03	3.128116e+00	2.527883e-06	-1.564074e-01
6.043166696596380e-03	3.128118e+00	2.527869e-06	-1.564094e-01
6.053166696596379e-03	3.128119e+00	2.527855e-06	-1.564075e-01
6.063166696596380e-03	3.128121e+00	2.527841e-06	-1.564095e-01
6.073166696596379e-03	3.128122e+00	2.527828e-06	-1.564076e-01
6.083166696596380e-03	3.128123e+00	2.527815e-06	-1.564097e-01
6.093166696596379e-03	3.128124e+00	2.527801e-06	-1.564078e-01
6.103166696596380e-03	3.128126e+00	2.527788e-06	-1.564098e-01
6.113166696596379e-03	3.128127e+00	2.527775e-06	-1.564079e-01
6.123166696596380e-03	3.128128e+00	2.527763e-06	-1.564099e-01
6.133166696596379e-03	3.128129e+00	2.527750e-06	-1.564080e-01
6.143166696596379e-03	3.128130e+00	2.527738e-06	-1.564101e-01
6.153166696596379e-03	3.128132e+00	2.527726e-06	-1.564081e-01
6.163166696596379e-03	3.128133e+00	2.527714e-06	-1.564102e-01
6.173166696596379e-03	3.128134e+00	2.527702e-06	-1.564082e-01
6.183166696596379e-03	3.128135e+00	2.527690e-06	-1.564103e-01
6.193166696596379e-03	3.128136e+00	2.527678e-06	-1.564084e-01
6.203166696596379e-03	3.128137e+00	2.527667e-06	-1.564104e-01
6.213166696596380e-03	3.128139e+00	2.527655e-06	-1.564085e-01
6.223166696596379e-03	3.128140e+00	2.527644e-06	-1.564105e-01
6.233166696596380e-03	3.128141e+00	2.527633e-06	-1.564086e-01
6.243166696596379e-03	3.128142e+00	2.527622e-06	-1.564106e-01
6.253166696596380e-03	3.128143e+00	2.527611e-06	-1.564087e-01
6.263166696596379e-03	3.128144e+00	2.527600e-06	-1.564107e-01
6.273166696596380e-03	3.128145e+00	2.527589e-06	-1.564088e-01
6.283166696596379e-03	3.128146e+00	2.527579e-06	-1.564108e-01
6.293166696596379e-03	3.128147e+00	2.527569e-06	-1.564089e-01
6.303166696596379e-03	3.128148e+00	2.527558e-06	-1.564109e-01
6.313166696596379e-03	3.128149e+00	2.527548e-06	-1.564090e-01
6.323166696596379e-03	3.128150e+00	2.527538e-06	-1.564110e-01
6.333166696596379e-03	3.128151e+00	2.527528e-06	-1.564091e-01
6.343166696596379e-03	3.128152e+00	2.527519e-06	-1.564111e-01
6.353166696596379e-03	3.128153e+00	2.527509e-06	-1.564092e-01
6.363166696596379e-03	3.128154e+00	2.527499e-06	-1.564112e-01
6.373166696596379e-03	3.128155e+00	2.527490e-06	-1.564093e-01
6.383166696596380e-03	3.128155e+00	2.527480e-06	-1.564113e-01
6.393166696596379e-03	3.128156e+00	2.527471e-06	-1.564094e-01
6.403166696596380e-03	3.128157e+00	2.527462e-06	-1.564114e-01
6.413166696596379e-03	3.128158e+00	2.527453e-06	-1.564094e-01
6.423166696596380e-03	3.128159e+00	2.527444e-06	-1.564115e-01
6.433166696596379e-03	3.128160e+00	2.527435e-06	-1.564095e-01
6.443166696596380e-03	3.128161e+00	2.527426e-06	-1.564116e-01
6.453166696596379e-03	3.128162e+00	2.527418e-06	-1.564096e-01
6.463166696596379e-03	3.128162e+00	2.527409e-06	-1.564116e-01
6.473166696596379e-03	3.128163e+00	2.527401e-06	-1.564097e-01
6.483166696596379e-03	3.128164e+00	2.527393e-06	-1.564117e-01
6.493166696596379e-03	3.128165e+00	2.527384e-06	-1.564098e-01
6.503166696596379e-03	3.128166e+00	2.527376e-06	-1.564118e-01
6.513166696596379e-03	3.128166e+00	2.527368e-06	-1.564099e-01
6.523166696596379e-03	3.128167e+00	2.527360e-06	-1.564119e-01
6.533166696596380e-03	3.128168e+00	2.527353e-06	-1.564099e-01
6.543166696596379e-03	3.128169e+00	2.527345e-06	-1.564119e-01
6.553166696596380e-03	3.128169e+00	2.527337e-06	-1.564100e-01
6.563166696596379e-03	3.128170e+00	2.527329e-06	-1.564120e-01
6.573166696596380e-03	3.128171e+00	2.527322e-06	-1.564101e-01
6.583166696596379e-03	3.128172e+00	2.527315e-06	-1.564121e-01
6.593166696596380e-03	3.128172e+00	2.527307e-06	-1.564101e-01
6.603166696596379e-03	3.128173e+00	2.527300e-06	-1.564122e-01
6.613166696596379e-03	3.128174e+00	2.527293e-06	-1.564102e-01
6.623166696596379e-03	3.128174e+00	2.527286e-06	-1.564122e-01
6.633166696596379e-03	3.128175e+00	2.527279e-06	-1.564103e-01
6.643166696596379e-03	3.128176e+00	2.527272e-06	-1.564123e-01
6.653166696596379e-03	3.128176e+00	2.527265e-06	-1.564104e-01
6.663166696596379e-03	3.128177e+00	2.527258e-06	-1.564124e-01
6.673166696596379e-03	3.128178e+00	2.527252e-06	-1.564104e-01
6.683166696596379e-03	3.128178e+00	2.527245e-06	-1.564124e-01
6.693166696596379e-03	3.128179e+00	2.527239e-06	-1.564105e-01
6.703166696596380e-03	3.128180e+00	2.527232e-06	-1.564125e-01
6.713166696596379e-03	3.128180e+00	2.527226e-06	-1.564105e-01
6.723166696596380e-03	3.128181e+00	2.527220e-06	-1.564126e-01
6.733166696596379e-03	3.128181e+00	2.527213e-06	-1.564106e-01
6.743166696596380e-03	3.128182e+00	2.527207e-06	-1.564126e-01
6.753166696596379e-03	3.128182e+00	2.527201e-06	-1.564107e-01
6.763166696596380e-03	3.128183e+00	2.527195e-06	-1.564127e-01
6.773166696596379e-03	3.128184e+00	2.527189e-06	-1.564107e-01
6.783166696596379e-03	3.128184e+00	2.527183e-06	-1.564127e-01
6.793166696596379e-03	3.128185e+00	2.527178e-06	-1.564108e-01
6.803166696596379e-03	3.128185e+00	2.527172e-06	-1.564128e-01
6.813166696596379e-03	3.128186e+00	2.527166e-06	-1.564108e-01
6.823166696596379e-03	3.128187e+00	2.527161e-06	-1.564128e-01
6.833166696596379e-03	3.128187e+00	2.527155e-06	-1.564109e-01
6.843166696596379e-03	3.128187e+00	2.527150e-06	-1.564129e-01
6.853166696596379e-03	3.128188e+00	2.527144e-06	-1.564109e-01
6.863166696596379e-03	3.128189e+00	2.527139e-06	-1.564129e-01
6.873166696596380e-03	3.128189e+00	2.527134e-06	-1.564110e-01
6.883166696596379e-03	3.128190e+00	2.527129e-06	-1.564130e-01
6.893166696596380e-03	3.128190e+00	2.527123e-06	-1.564110e-01
6.903166696596379e-03	3.128191e+00	2.527118e-06	-1.564130e-01
6.913166696596380e-03	3.128191e+00	2.527113e-06	-1.564111e-01
6.923166696596379e-03	3.128192e+00	2.527108e-06	-1.564131e-01
6.933166696596379e-03	3.128192e+00	2.527103e-06	-1.564111e-01
6.943166696596379e-03	3.128192e+00	2.527099e-06	-1.564131e-01
6.953166696596379e-03	3.128193e+00	2.527094e-06	-1.564112e-01
6.963166696596379e-03	3.128193e+00	2.527089e-06	-1.564132e-01
6.973166696596379e-03	3.128194e+00	2.527084e-06	-1.564112e-01
6.983166696596379e-03	3.128194e+00	2.527080e-06	-1.564132e-01
6.993166696596379e-03	3.128195e+00	2.527075e-06	-1.564113e-01
7.003166696596379e-03	3.128195e+00	2.527071e-06	-1.564133e-01
7.013166696596379e-03	3.128196e+00	2.527066e-06	-1.564113e-01
7.023166696596379e-03	3.128196e+00	2.527062e-06	-1.564133e-01
7.033166696596379e-03	3.128196e+00	2.527057e-06	-1.564113e-01
7.043166696596380e-03	3.128197e+00	2.527053e-06	-1.564134e-01
7.053166696596379e-03	3.128197e+00	2.527049e-06	-1.564114e-01
7.063166696596380e-03	3.128198e+00	2.527044e-06	-1.564134e-01
7.073166696596379e-03	3.128198e+00	2.527040e-06	-1.564114e-01
7.083166696596380e-03	3.128198e+00	2.527036e-06	-1.564134e-01
7.093166696596379e-03	3.128199e+00	2.527032e-06	-1.564115e-01
7.103166696596379e-03	3.128199e+00	2.527028e-06	-1.564135e-01
7.113166696596379e-03	3.128200e+00	2.527024e-06	-1.564115e-01
7.123166696596379e-03	3.128200e+00	2.527020e-06	-1.564135e-01
7.133166696596379e-03	3.128200e+00	2.527016e-06	-1.564116e-01
7.143166696596379e-03	3.128201e+00	2.527013e-06	-1.564136e-01
7.153166696596379e-03	3.128201e+00	2.527009e-06	-1.564116e-01
7.163166696596379e-03	3.128201e+00	2.527005e-06	-1.564136e-01
7.173166696596379e-03	3.128202e+00	2.527001e-06	-1.564116e-01
7.183166696596379e-03	3.128202e+00	2.526998e-06	-1.564136e-01
7.193166696596380e-03	3.128203e+00	2.526994e-06	-1.564117e-01
7.203166696596379e-03	3.128203e+00	2.526990e-06	-1.564137e-01
7.213166696596380e-03	3.128203e+00	2.526987e-06	-1.564117e-01
7.223166696596379e-03	3.128204e+00	2.526983e-06	-1.564137e-01
7.233166696596380e-03	3.128204e+00	2.526980e-06	-1.564117e-01
7.243166696596379e-03	3.128204e+00	2.526976e-06	-1.564137e-01
7.253166696596379e-03	3.128205e+00	2.526973e-06	-1.564118e-01
7.263166696596379e-03	3.128205e+00	2.526970e-06	-1.564138e-01
7.273166696596379e-03	3.128205e+00	2.526966e-06	-1.564118e-01
7.283166696596379e-03	3.128206e+00	2.526963e-06	-1.564138e-01
7.293166696596379e-03	3.128206e+00	2.526960e-06	-1.564118e-01
7.303166696596379e-03	3.128206e+00	2.526957e-06	-1.564138e-01
7.313166696596379e-03	3.128206e+00	2.526954e-06	-1.564119e-01
7.323166696596379e-03	3.128207e+00	2.526951e-06	-1.564139e-01
7.333166696596379e-03	3.128207e+00	2.526948e-06	-1.564119e-01
7.343166696596379e-03	3.128207e+00	2.526944e-06	-1.564139e-01
7.353166696596379e-03	3.128208e+00	2.526941e-06	-1.564119e-01
7.363166696596380e-03	3.128208e+00	2.526938e-06	-1.564139e-01
7.373166696596379e-03	3.128208e+00	2.526936e-06	-1.564119e-01
7.383166696596380e-03	3.128209e+00	2.526933e-06	-1.564139e-01
7.393166696596379e-03	3.128209e+00	2.526930e-06	-1.564120e-01
7.403166696596380e-03	3.128209e+00	2.526927e-06	-1.564140e-01
7.413166696596379e-03	3.128209e+00	2.526924e-06	-1.564120e-01
7.423166696596379e-03	3.128210e+00	2.526921e-06	-1.564140e-01
7.433166696596379e-03	3.128210e+00	2.526919e-06	-1.564120e-01
7.443166696596379e-03	3.128210e+00	2.526916e-06	-1.564140e-01
7.453166696596379e-03	3.128210e+00	2.526913e-06	-1.564121e-01
7.463166696596379e-03	3.128211e+00	2.526911e-06	-1.564140e-01
7.473166696596379e-03	3.128211e+00	2.526908e-06	-1.564121e-01
7.483166696596379e-03	3.128211e+00	2.526906e-06	-1.564141e-01
7.493166696596379e-03	3.128211e+00	2.526903e-06	-1.564121e-01
7.503166696596379e-03	3.128211e+00	2.526901e-06	-1.564141e-01
7.513166696596379e-03	3.128212e+00	2.526898e-06	-1.564121e-01
7.523166696596379e-03	3.128212e+00	2.526896e-06	-1.564141e-01
7.533166696596380e-03	3.128212e+00	2.526893e-06	-1.564122e-01
7.543166696596379e-03	3.128213e+00	2.526891e-06	-1.564142e-01
7.553166696596380e-03	3.128213e+00	2.526888e-06	-1.564122e-01
7.563166696596379e-03	3.128213e+00	2.526886e-06	-1.564142e-01
7.573166696596379e-03	3.128213e+00	2.526884e-06	-1.564122e-01
7.583166696596379e-03	3.128213e+00	2.526881e-06	-1.564142e-01
7.593166696596379e-03	3.128214e+00	2.526879e-06	-1.564122e-01
7.603166696596379e-03	3.128214e+00	2.526877e-06	-1.564142e-01
7.613166696596379e-03	3.128214e+00	2.526875e-06	-1.564122e-01
7.623166696596379e-03	3.128214e+00	2.526873e-06	-1.564142e-01
7.633166696596379e-03	3.128214e+00	2.526870e-06	-1.564123e-01
7.643166696596379e-03	3.128215e+00	2.526868e-06	-1.564143e-01
7.653166696596379e-03	3.128215e+00	2.526866e-06	-1.564123e-01
7.663166696596379e-03	3.128215e+00	2.526864e-06	-1.564143e-01
7.673166696596379e-03	3.128215e+00	2.526862e-06	-1.564123e-01
7.683166696596379e-03	3.128216e+00	2.526860e-06	-1.564143e-01
7.693166696596379e-03	3.128216e+00	2.526858e-06	-1.564123e-01
7.703166696596380e-03	3.128216e+00	2.526856e-06	-1.564143e-01
7.713166696596379e-03	3.128216e+00	2.526854e-06	-1.564123e-01
7.723166696596380e-03	3.128216e+00	2.526852e-06	-1.564143e-01
7.733166696596379e-03	3.128217e+00	2.526850e-06	-1.564124e-01
7.743166696596379e-03	3.128217e+00	2.526848e-06	-1.564143e-01
7.753166696596379e-03	3.128217e+00	2.526846e-06	-1.564124e-01
7.763166696596379e-03	3.128217e+00	2.526844e-06	-1.564144e-01
7.773166696596379e-03	3.128217e+00	2.526842e-06	-1.564124e-01
7.783166696596379e-03	3.128217e+00	2.526841e-06	-1.564144e-01
7.793166696596379e-03	3.128217e+00	2.526839e-06	-1.564124e-01
7.803166696596379e-03	3.128218e+00	2.526837e-06	-1.564144e-01
7.813166696596379e-03	3.128218e+00	2.526835e-06	-1.564124e-01
7.823166696596379e-03	3.128218e+00	2.526834e-06	-1.564144e-01
7.833166696596379e-03	3.128218e+00	2.526832e-06	-1.564124e-01
7.843166696596380e-03	3.128218e+00	2.526830e-06	-1.564144e-01
7.853166696596380e-03	3.128219e+00	2.526829e-06	-1.564125e-01
7.863166696596379e-03	3.128219e+00	2.526827e-06	-1.564144e-01
7.873166696596379e-03	3.128219e+00	2.526825e-06	-1.564125e-01
7.883166696596380e-03	3.128219e+00	2.526824e-06	-1.564145e-01
7.893166696596380e-03	3.128219e+00	2.526822e-06	-1.564125e-01
7.903166696596379e-03	3.128219e+00	2.526820e-06	-1.564145e-01
7.913166696596379e-03	3.128219e+00	2.526819e-06	-1.564125e-01
7.923166696596378e-03	3.128220e+00	2.526817e-06	-1.564145e-01
7.933166696596380e-03	3.128220e+00	2.526816e-06	-1.564125e-01
7.943166696596379e-03	3.128220e+00	2.526814e-06	-1.564145e-01
7.953166696596379e-03	3.128220e+00	2.526813e-06	-1.564125e-01
7.963166696596378e-03	3.128220e+00	2.526811e-06	-1.564145e-01
7.973166696596380e-03	3.128220e+00	2.526810e-06	-1.564126e-01
7.983166696596379e-03	3.128220e+00	2.526809e-06	-1.564145e-01
7.993166696596379e-03	3.128221e+00	2.526807e-06	-1.564126e-01
8.003166696596379e-03	3.128221e+00	2.526806e-06	-1.564146e-01
8.013166696596380e-03	3.128221e+00	2.526804e-06	-1.564126e-01
8.023166696596380e-03	3.128221e+00	2.526803e-06	-1.564146e-01
8.033166696596379e-03	3.128221e+00	2.526801e-06	-1.564126e-01
8.043166696596379e-03	3.128221e+00	2.526800e-06	-1.564146e-01
8.053166696596378e-03	3.128221e+00	2.526799e-06	-1.564126e-01
8.063166696596380e-03	3.128222e+00	2.526798e-06	-1.564146e-01
8.073166696596379e-03	3.128222e+00	2.526796e-06	-1.564126e-01
8.083166696596379e-03	3.128222e+00	2.526795e-06	-1.564146e-01
8.093166696596378e-03	3.128222e+00	2.526794e-06	-1.564126e-01
8.103166696596380e-03	3.128222e+00	2.526793e-06	-1.564146e-01
8.113166696596379e-03	3.128222e+00	2.526791e-06	-1.564126e-01
8.123166696596379e-03	3.128222e+00	2.526790e-06	-1.564146e-01
8.133166696596379e-03	3.128222e+00	2.526789e-06	-1.564126e-01
8.143166696596380e-03	3.128222e+00	2.526788e-06	-1.564146e-01
8.153166696596379e-03	3.128223e+00	2.526786e-06	-1.564127e-01
8.163166696596379e-03	3.128223e+00	2.526785e-06	-1.564147e-01
8.173166696596379e-03	3.128223e+00	2.526784e-06	-1.564127e-01
8.183166696596380e-03	3.128223e+00	2.526783e-06	-1.564147e-01
8.193166696596380e-03	3.128223e+00	2.526782e-06	-1.564127e-01
8.203166696596379e-03	3.128223e+00	2.526781e-06	-1.564147e-01
8.213166696596379e-03	3.128223e+00	2.526780e-06	-1.564127e-01
8.223166696596378e-03	3.128223e+00	2.526779e-06	-1.564147e-01
8.233166696596380e-03	3.128223e+00	2.526778e-06	-1.564127e-01
8.243166696596379e-03	3.128224e+00	2.526776e-06	-1.564147e-01
8.253166696596379e-03	3.128224e+00	2.526775e-06	-1.564127e-01
8.263166696596378e-03	3.128224e+00	2.526774e-06	-1.564147e-01
8.273166696596380e-03	3.128224e+00	2.526773e-06	-1.564127e-01
8.283166696596379e-03	3.128224e+00	2.526772e-06	-1.564147e-01
8.293166696596379e-03	3.128224e+00	2.526771e-06	-1.564127e-01
8.303166696596379e-03	3.128224e+00	2.526770e-06	-1.564147e-01
8.313166696596380e-03	3.128224e+00	2.526770e-06	-1.564128e-01
8.323166696596379e-03	3.128224e+00	2.526768e-06	-1.564147e-01
8.333166696596379e-03	3.128224e+00	2.526768e-06	-1.564128e-01
8.343166696596379e-03	3.128224e+00	2.526767e-06	-1.564147e-01
8.353166696596380e-03	3.128225e+00	2.526766e-06	-1.564128e-01
8.363166696596380e-03	3.128225e+00	2.526765e-06	-1.564147e-01
8.373166696596379e-03	3.128225e+00	2.526764e-06	-1.564128e-01
8.383166696596379e-03	3.128225e+00	2.526763e-06	-1.564148e-01
8.393166696596378e-03	3.128225e+00	2.526762e-06	-1.564128e-01
8.403166696596380e-03	3.128225e+00	2.526761e-06	-1.564148e-01
8.413166696596379e-03	3.128225e+00	2.526760e-06	-1.564128e-01
8.423166696596379e-03	3.128225e+00	2.526760e-06	-1.564148e-01
8.433166696596378e-03	3.128225e+00	2.526759e-06	-1.564128e-01
8.443166696596380e-03	3.128225e+00	2.526758e-06	-1.564148e-01
8.453166696596379e-03	3.128225e+00	2.526757e-06	-1.564128e-01
8.463166696596379e-03	3.128225e+00	2.526756e-06	-1.564148e-01
8.473166696596379e-03	3.128225e+00	2.526755e-06	-1.564128e-01
8.483166696596380e-03	3.128226e+00	2.526755e-06	-1.564148e-01
8.493166696596379e-03	3.128226e+00	2.526754e-06	-1.564128e-01
8.503166696596379e-03	3.128226e+00	2.526753e-06	-1.564148e-01
8.513166696596379e-03	3.128226e+00	2.526752e-06	-1.564128e-01
8.523166696596380e-03	3.128226e+00	2.526751e-06	-1.564148e-01
8.533166696596380e-03	3.128226e+00	2.526751e-06	-1.564128e-01
8.543166696596379e-03	3.128226e+00	2.526750e-06	-1.564148e-01
8.553166696596379e-03	3.128226e+00	2.526749e-06	-1.564128e-01
8.563166696596378e-03	3.128226e+00	2.526748e-06	-1.564148e-01
8.573166696596380e-03	3.128226e+00	2.526748e-06	-1.564129e-01
8.583166696596379e-03	3.128226e+00	2.526747e-06	-1.564148e-01
8.593166696596379e-03	3.128227e+00	2.526746e-06	-1.564129e-01
8.603166696596378e-03	3.128227e+00	2.526745e-06	-1.564149e-01
8.613166696596380e-03	3.128227e+00	2.526745e-06	-1.564129e-01
8.623166696596379e-03	3.128227e+00	2.526744e-06	-1.564149e-01
8.633166696596379e-03	3.128227e+00	2.526744e-06	-1.564129e-01
8.643166696596379e-03	3.128227e+00	2.526743e-06	-1.564149e-01
8.653166696596380e-03	3.128227e+00	2.526742e-06	-1.564129e-01
8.663166696596379e-03	3.128227e+00	2.526742e-06	-1.564149e-01
8.673166696596379e-03	3.128227e+00	2.526741e-06	-1.564129e-01
8.683166696596379e-03	3.128227e+00	2.526740e-06	-1.564149e-01
8.693166696596378e-03	3.128227e+00	2.526740e-06	-1.564129e-01
8.703166696596380e-03	3.128227e+00	2.526739e-06	-1.564149e-01
8.713166696596379e-03	3.128227e+00	2.526738e-06	-1.564129e-01
8.723166696596379e-03	3.128227e+00	2.526738e-06	-1.564149e-01
8.733166696596378e-03	3.128227e+00	2.526737e-06	-1.564129e-01
8.743166696596380e-03	3.128227e+00	2.526737e-06	-1.564149e-01
8.753166696596379e-03	3.128227e+00	2.526736e-06	-1.564129e-01
8.763166696596379e-03	3.128228e+00	2.526735e-06	-1.564149e-01
8.773166696596378e-03	3.128227e+00	2.526735e-06	-1.564129e-01
8.783166696596380e-03	3.128228e+00	2.526734e-06	-1.564149e-01
8.793166696596379e-03	3.128228e+00	2.526734e-06	-1.564129e-01
8.803166696596379e-03	3.128228e+00	2.526733e-06	-1.564149e-01
8.813166696596379e-03	3.128228e+00	2.526733e-06	-1.564129e-01
8.823166696596380e-03	3.128228e+00	2.526732e-06	-1.564149e-01
8.833166696596379e-03	3.128228e+00	2.526732e-06	-1.564129e-01
8.843166696596379e-03	3.128228e+00	2.526731e-06	-1.564149e-01
8.853166696596379e-03	3.128228e+00	2.526731e-06	-1.564129e-01
8.863166696596378e-03	3.128228e+00	2.526730e-06	-1.564149e-01
8.873166696596380e-03	3.128228e+00	2.526730e-06	-1.564129e-01
8.883166696596379e-03	3.128228e+00	2.526729e-06	-1.564149e-01
8.893166696596379e-03	3.128228e+00	2.526729e-06	-1.564129e-01
8.903166696596378e-03	3.128228e+00	2.526728e-06	-1.564149e-01
8.913166696596380e-03	3.128228e+00	2.526728e-06	-1.564129e-01
8.923166696596379e-03	3.128228e+00	2.526727e-06	-1.564149e-01
8.933166696596379e-03	3.128228e+00	2.526727e-06	-1.564129e-01
8.943166696596378e-03	3.128228e+00	2.526726e-06	-1.564149e-01
8.953166696596380e-03	3.128228e+00	2.526726e-06	-1.564130e-01
8.963166696596379e-03	3.128228e+00	2.526725e-06	-1.564149e-01
8.973166696596379e-03	3.128229e+00	2.526725e-06	-1.564130e-01
8.983166696596379e-03	3.128229e+00	2.526724e-06	-1.564150e-01
8.993166696596380e-03	3.128229e+00	2.526724e-06	-1.564130e-01
9.003166696596379e-03	3.128229e+00	2.526724e-06	-1.564150e-01
9.013166696596379e-03	3.128229e+00	2.526723e-06	-1.564130e-01
9.023166696596379e-03	3.128229e+00	2.526723e-06	-1.564150e-01
9.033166696596378e-03	3.128229e+00	2.526722e-06	-1.564130e-01
9.043166696596380e-03	3.128229e+00	2.526722e-06	-1.564150e-01
9.053166696596379e-03	3.128229e+00	2.526721e-06	-1.564130e-01
9.063166696596379e-03	3.128229e+00	2.526721e-06	-1.564150e-01
9.073166696596378e-03	3.128229e+00	2.526721e-06	-1.564130e-01
9.083166696596380e-03	3.128229e+00	2.526720e-06	-1.564150e-01
9.093166696596379e-03	3.128229e+00	2.526720e-06	-1.564130e-01
9.103166696596379e-03	3.128229e+00	2.526720e-06	-1.564150e-01
9.113166696596378e-03	3.128229e+00	2.526719e-06	-1.564130e-01
9.123166696596380e-03	3.128229e+00	2.526719e-06	-1.564150e-01
9.133166696596379e-03	3.128229e+00	2.526718e-06	-1.564130e-01
9.143166696596379e-03	3.128229e+00	2.526718e-06	-1.564150e-01
9.153166696596379e-03	3.128229e+00	2.526717e-06	-1.564130e-01
9.163166696596380e-03	3.128229e+00	2.526717e-06	-1.564150e-01
9.173166696596379e-03	3.128229e+00	2.526717e-06	-1.564130e-01
9.183166696596379e-03	3.128229e+00	2.526717e-06	-1.564150e-01
9.193166696596379e-03	3.128229e+00	2.526716e-06	-1.564130e-01
9.203166696596378e-03	3.128229e+00	2.526716e-06	-1.564150e-01
9.213166696596380e-03	3.128229e+00	2.526715e-06	-1.564130e-01
9.223166696596379e-03	3.128229e+00	2.526715e-06	-1.564150e-01
9.233166696596379e-03	3.128229e+00	2.526715e-06	-1.564130e-01
9.243166696596378e-03	3.128229e+00	2.526715e-06	-1.564150e-01
9.253166696596380e-03	3.128229e+00	2.526714e-06	-1.564130e-01
9.263166696596379e-03	3.128230e+00	2.526714e-06	-1.564150e-01
9.273166696596379e-03	3.128230e+00	2.526713e-06	-1.564130e-01
9.283166696596378e-03	3.128230e+00	2.526713e-06	-1.564150e-01
9.293166696596380e-03	3.128230e+00	2.526713e-06	-1.564130e-01
9.303166696596379e-03	3.128230e+00	2.526712e-06	-1.564150e-01
9.313166696596379e-03	3.128230e+00	2.526712e-06	-1.564130e-01
9.323166696596379e-03	3.128230e+00	2.526712e-06	-1.564150e-01
9.333166696596378e-03	3.128230e+00	2.526712e-06	-1.564130e-01
9.343166696596380e-03	3.128230e+00	2.526711e-06	-1.564150e-01
9.353166696596379e-03	3.128230e+00	2.526711e-06	-1.564130e-01
9.363166696596379e-03	3.128230e+00	2.526711e-06	-1.564150e-01
9.373166696596378e-03	3.128230e+00	2.526710e-06	-1.564130e-01
9.383166696596380e-03	3.128230e+00	2.526710e-06	-1.564150e-01
9.393166696596379e-03	3.128230e+00	2.526710e-06	-1.564130e-01
9.403166696596379e-03	3.128230e+00	2.526710e-06	-1.564150e-01
9.413166696596378e-03	3.128230e+00	2.526710e-06	-1.564130e-01
9.423166696596380e-03	3.128230e+00	2.526709e-06	-1.564150e-01
9.433166696596379e-03	3.128230e+00	2.526709e-06	-1.564130e-01
9.443166696596379e-03	3.128230e+00	2.526709e-06	-1.564150e-01
9.453166696596378e-03	3.128230e+00	2.526708e-06	-1.564130e-01
9.463166696596380e-03	3.128230e+00	2.526708e-06	-1.564150e-01
9.473166696596379e-03	3.128230e+00	2.526708e-06	-1.564130e-01
9.483166696596379e-03	3.128230e+00	2.526708e-06	-1.564150e-01
9.493166696596379e-03	3.128230e+00	2.526707e-06	-1.564130e-01
9.503166696596378e-03	3.128230e+00	2.526707e-06	-1.564150e-01
9.513166696596380e-03	3.128230e+00	2.526707e-06	-1.564130e-01
9.523166696596379e-03	3.128230e+00	2.526707e-06	-1.564150e-01
9.533166696596379e-03	3.128230e+00	2.526706e-06	-1.564130e-01
9.543166696596378e-03	3.128230e+00	2.526706e-06	-1.564150e-01
9.553166696596380e-03	3.128230e+00	2.526706e-06	-1.564130e-01
9.563166696596379e-03	3.128230e+00	2.526706e-06	-1.564150e-01
9.573166696596379e-03	3.128230e+00	2.526705e-06	-1.564130e-01
9.583166696596378e-03	3.128230e+00	2.526705e-06	-1.564150e-01
9.593166696596380e-03	3.128230e+00	2.526705e-06	-1.564130e-01
9.603166696596379e-03	3.128230e+00	2.526705e-06	-1.564150e-01
9.613166696596379e-03	3.128231e+00	2.526705e-06	-1.564131e-01
9.623166696596379e-03	3.128230e+00	2.526705e-06	-1.564150e-01
9.633166696596380e-03	3.128231e+00	2.526704e-06	-1.564131e-01
9.643166696596379e-03	3.128231e+00	2.526704e-06	-1.564150e-01
9.653166696596379e-03	3.128231e+00	2.526704e-06	-1.564131e-01
9.663166696596379e-03	3.128231e+00	2.526704e-06	-1.564150e-01
9.673166696596378e-03	3.128231e+00	2.526703e-06	-1.564131e-01
9.683166696596380e-03	3.128231e+00	2.526703e-06	-1.564150e-01
9.693166696596379e-03	3.128231e+00	2.526703e-06	-1.564131e-01
9.703166696596379e-03	3.128231e+00	2.526703e-06	-1.564151e-01
9.713166696596378e-03	3.128231e+00	2.526703e-06	-1.564131e-01
9.723166696596380e-03	3.128231e+00	2.526702e-06	-1.564151e-01
9.733166696596379e-03	3.128231e+00	2.526702e-06	-1.564131e-01
9.743166696596379e-03	3.128231e+00	2.526702e-06	-1.564151e-01
9.753166696596378e-03	3.128231e+00	2.526702e-06	-1.564131e-01
9.763166696596380e-03	3.128231e+00	2.526702e-06	-1.564151e-01
9.773166696596379e-03	3.128231e+00	2.526702e-06	-1.564131e-01
9.783166696596379e-03	3.128231e+00	2.526701e-06	-1.564151e-01
9.793166696596379e-03	3.128231e+00	2.526701e-06	-1.564131e-01
9.803166696596380e-03	3.128231e+00	2.526701e-06	-1.564151e-01
9.813166696596379e-03	3.128231e+00	2.526701e-06	-1.564131e-01
9.823166696596379e-03	3.128231e+00	2.526701e-06	-1.564151e-01
9.833166696596379e-03	3.128231e+00	2.526700e-06	-1.564131e-01
9.843166696596378e-03	3.128231e+00	2.526700e-06	-1.564151e-01
9.853166696596380e-03	3.128231e+00	2.526700e-06	-1.564131e-01
9.863166696596379e-03	3.128231e+00	2.526700e-06	-1.564151e-01
9.873166696596379e-03	3.128231e+00	2.526700e-06	-1.564131e-01
9.883166696596378e-03	3.128231e+00	2.526700e-06	-1.564151e-01
9.893166696596380e-03	3.128231e+00	2.526700e-06	-1.564131e-01
9.903166696596379e-03	3.128231e+00	2.526700e-06	-1.564151e-01
9.913166696596379e-03	3.128231e+00	2.526699e-06	-1.564131e-01
9.923166696596378e-03	3.128231e+00	2.526699e-06	-1.564151e-01
9.933166696596380e-03	3.128231e+00	2.526699e-06	-1.564131e-01
9.943166696596379e-03	3.128231e+00	2.526699e-06	-1.564151e-01
9.953166696596379e-03	3.128231e+00	2.526699e-06	-1.564131e-01
9.963166696596379e-03	3.128231e+00	2.526699e-06	-1.564151e-01
9.973166696596378e-03	3.128231e+00	2.526698e-06	-1.564131e-01
9.983166696596379e-03	3.128231e+00	2.526698e-06	-1.564151e-01
9.993166696596379e-03	3.128231e+00	2.526698e-06	-1.564131e-01
1.000000000000000e-02	3.128230e+00	2.526671e-06	-1.564151e-01
1.000000000100000e-02	3.128230e+00	2.526668e-06	-1.564135e-01
1.000000000200000e-02	3.128230e+00	2.526673e-06	-1.564147e-01
1.000000000347517e-02	3.128230e+00	2.526679e-06	-1.564137e-01
1.000000000560198e-02	3.128230e+00	2.526670e-06	-1.564146e-01
1.000000000985560e-02	3.128230e+00	2.526650e-06	-1.564137e-01
1.000000001836285e-02	3.128230e+00	2.526612e-06	-1.564146e-01
1.000000003537736e-02	3.128230e+00	2.526534e-06	-1.564137e-01
1.000000006940636e-02	3.128230e+00	2.526376e-06	-1.564145e-01
1.000000013746437e-02	3.128231e+00	2.526053e-06	-1.564136e-01
1.000000027358039e-02	3.128231e+00	2.525382e-06	-1.564145e-01
1.000000054581242e-02	3.128231e+00	2.523949e-06	-1.564137e-01
1.000000109027649e-02	3.128231e+00	2.520805e-06	-1.564145e-01
1.000000217920462e-02	3.128231e+00	2.513821e-06	-1.564137e-01
1.000000435706089e-02	3.128231e+00	2.498619e-06	-1.564146e-01
1.000000871277344e-02	3.128231e+00	2.467106e-06	-1.564138e-01
1.000001492613555e-02	3.128231e+00	2.422875e-06	-1.564147e-01
1.000002566022906e-02	3.128231e+00	2.351098e-06	-1.564139e-01
1.000004712841608e-02	3.128232e+00	2.220218e-06	-1.564150e-01
1.000006338367962e-02	3.128233e+00	2.137372e-06	-1.564143e-01
1.000007437378586e-02	3.128234e+00	2.117381e-06	-1.564152e-01
1.000008497099844e-02	3.128234e+00	2.175166e-06	-1.564143e-01
1.000009518400606e-02	3.128235e+00	2.323347e-06	-1.564150e-01
1.000010849223413e-02	3.128235e+00	2.589339e-06	-1.564138e-01
1.000012148995950e-02	3.128235e+00	2.856571e-06	-1.564143e-01
1.000013686770219e-02	3.128234e+00	3.147132e-06	-1.564130e-01
1.000015877007246e-02	3.128232e+00	3.504630e-06	-1.564133e-01
1.000018046768184e-02	3.128228e+00	3.781730e-06	-1.564119e-01
1.000020403146750e-02	3.128224e+00	3.977269e-06	-1.564123e-01
1.000023428899272e-02	3.128217e+00	4.099400e-06	-1.564110e-01
1.000026980627582e-02	3.128209e+00	4.144550e-06	-1.564114e-01
1.000032070110171e-02	3.128198e+00	4.157963e-06	-1.564100e-01
1.000040681560112e-02	3.128178e+00	4.165759e-06	-1.564098e-01
1.000057904459994e-02	3.128138e+00	4.172581e-06	-1.564070e-01
1.000079465190093e-02	3.128088e+00	4.179881e-06	-1.564053e-01
1.000099140849245e-02	3.128042e+00	4.193187e-06	-1.564023e-01
1.000118936441564e-02	3.127997e+00	4.222049e-06	-1.564009e-01
1.000136380096532e-02	3.127958e+00	4.263615e-06	-1.563983e-01
1.000151634692184e-02	3.127926e+00	4.308012e-06	-1.563976e-01
1.000168772413450e-02	3.127890e+00	4.356657e-06	-1.563951e-01
1.000188775357816e-02	3.127850e+00	4.403660e-06	-1.563941e-01
1.000220529882504e-02	3.127790e+00	4.459479e-06	-1.563904e-01
1.000243873134469e-02	3.127747e+00	4.487961e-06	-1.563892e-01
1.000263893959568e-02	3.127711e+00	4.503803e-06	-1.563866e-01
1.000285106344994e-02	3.127674e+00	4.514876e-06	-1.563856e-01
1.000307563260948e-02	3.127634e+00	4.522424e-06	-1.563828e-01
1.000328863913159e-02	3.127597e+00	4.526757e-06	-1.563818e-01
1.000349150453903e-02	3.127562e+00	4.529043e-06	-1.563792e-01
1.000367851356004e-02	3.127529e+00	4.530059e-06	-1.563784e-01
1.000381968824193e-02	3.127504e+00	4.530283e-06	-1.563764e-01
1.000397006334662e-02	3.127478e+00	4.530132e-06	-1.563759e-01
1.000411065765390e-02	3.127454e+00	4.529723e-06	-1.563738e-01
1.000430559635417e-02	3.127420e+00	4.528842e-06	-1.563730e-01
1.000453233234399e-02	3.127380e+00	4.527516e-06	-1.563702e-01
1.000482341632339e-02	3.127329e+00	4.525494e-06	-1.563685e-01
1.000514948733534e-02	3.127272e+00	4.522973e-06	-1.563648e-01
1.000555803667975e-02	3.127200e+00	4.519602e-06	-1.563620e-01
1.000603381980794e-02	3.127116e+00	4.515547e-06	-1.563570e-01
1.000659580006022e-02	3.127016e+00	4.510691e-06	-1.563528e-01
1.000726330843616e-02	3.126897e+00	4.504912e-06	-1.563460e-01
1.000810306792885e-02	3.126746e+00	4.497659e-06	-1.563393e-01
1.000915897408788e-02	3.126556e+00	4.488558e-06	-1.563290e-01
1.001051008989996e-02	3.126311e+00	4.476910e-06	-1.563176e-01
1.001219097547370e-02	3.126004e+00	4.462476e-06	-1.563014e-01
1.001426673263485e-02	3.125621e+00	4.445006e-06	-1.562832e-01
1.001672280051706e-02	3.125165e+00	4.425255e-06	-1.562596e-01
1.001976084335210e-02	3.124593e+00	4.402649e-06	-1.562319e-01
1.002373165640811e-02	3.123832e+00	4.376496e-06	-1.561931e-01
1.002946774226197e-02	3.122704e+00	4.344757e-06	-1.561379e-01
1.003658281048248e-02	3.121265e+00	4.312756e-06	-1.560650e-01
1.004175361668164e-02	3.120187e+00	4.294277e-06	-1.560118e-01
1.004639970531633e-02	3.119190e+00	4.281464e-06	-1.559611e-01
1.005163571168062e-02	3.118036e+00	4.270788e-06	-1.559043e-01
1.005686035609653e-02	3.116852e+00	4.263875e-06	-1.558443e-01
1.006252855289185e-02	3.115530e+00	4.260288e-06	-1.557791e-01
1.006826382207814e-02	3.114153e+00	4.260197e-06	-1.557094e-01
1.007453662446144e-02	3.112598e+00	4.263455e-06	-1.556326e-01
1.008163764139276e-02	3.110776e+00	4.270286e-06	-1.555410e-01
1.009021483575260e-02	3.108488e+00	4.281477e-06	-1.554279e-01
1.010021483575260e-02	3.105703e+00	4.296710e-06	-1.552881e-01
1.011021483575259e-02	3.102789e+00	4.312753e-06	-1.551433e-01
1.012021483575259e-02	3.099737e+00	4.328189e-06	-1.549900e-01
1.013021483575259e-02	3.096543e+00	4.341543e-06	-1.548312e-01
1.014021483575260e-02	3.093202e+00	4.351128e-06	-1.546634e-01
1.015021483575260e-02	3.089711e+00	4.355035e-06	-1.544898e-01
1.016021483575259e-02	3.086065e+00	4.351870e-06	-1.543068e-01
1.017021483575259e-02	3.082262e+00	4.341829e-06	-1.541173e-01
1.017948506688383e-02	3.078581e+00	4.327636e-06	-1.539325e-01
1.018948506688383e-02	3.074430e+00	4.309175e-06	-1.537262e-01
1.019948506688383e-02	3.070088e+00	4.289503e-06	-1.535084e-01
1.020948506688383e-02	3.065537e+00	4.269909e-06	-1.532818e-01
1.021948506688383e-02	3.060765e+00	4.250910e-06	-1.530425e-01
1.022948506688383e-02	3.055757e+00	4.232464e-06	-1.527931e-01
1.023948506688383e-02	3.050498e+00	4.214427e-06	-1.525296e-01
1.024948506688383e-02	3.044970e+00	4.196698e-06	-1.522543e-01
1.025948506688383e-02	3.039150e+00	4.179213e-06	-1.519628e-01
1.026948506688383e-02	3.033007e+00	4.161942e-06	-1.516570e-01
1.027948506688383e-02	3.029479e+00	4.146567e-06	-1.513316e-01
1.028381406459855e-02	3.034990e+00	4.143949e-06	-1.516041e-01
1.028706639443221e-02	3.048653e+00	4.146763e-06	-1.523250e-01
1.029034375035293e-02	3.073300e+00	4.154105e-06	-1.534918e-01
1.029436936319002e-02	3.118993e+00	4.169506e-06	-1.557061e-01
1.029653591748061e-02	3.157523e+00	4.184492e-06	-1.576540e-01
1.029838722993739e-02	3.205195e+00	4.204232e-06	-1.601510e-01
1.030007316389642e-02	3.257220e+00	4.225053e-06	-1.628490e-01
1.030153966647192e-02	3.305174e+00	4.242524e-06	-1.652490e-01
1.030309202853213e-02	3.357100e+00	4.259508e-06	-1.678386e-01
1.030543431335923e-02	3.436523e+00	4.282882e-06	-1.718394e-01
1.030796045220581e-02	3.522340e+00	4.305493e-06	-1.761096e-01
1.031069692747192e-02	3.615561e+00	4.327785e-06	-1.807782e-01
1.031432352113112e-02	3.739071e+00	4.355208e-06	-1.869776e-01
1.031808392490222e-02	3.866104e+00	4.381863e-06	-1.933183e-01
1.031994788225567e-02	3.928111e+00	4.394295e-06	-1.964088e-01
1.032286679781459e-02	4.021940e+00	4.411903e-06	-2.011053e-01
1.032434402901275e-02	4.063595e+00	4.417031e-06	-2.032030e-01
1.032503185701292e-02	4.079733e+00	4.417401e-06	-2.040284e-01
1.032610376794470e-02	4.101239e+00	4.416106e-06	-2.051153e-01
1.032737318747002e-02	4.122728e+00	4.413160e-06	-2.061813e-01
1.032887495570825e-02	4.144586e+00	4.409251e-06	-2.072579e-01
1.033026982242864e-02	4.162676e+00	4.406219e-06	-2.081578e-01
1.033231084957747e-02	4.186912e+00	4.403334e-06	-2.093699e-01
1.033476199425092e-02	4.214193e+00	4.401873e-06	-2.107308e-01
1.033747621360060e-02	4.242869e+00	4.402270e-06	-2.121605e-01
1.034052922309344e-02	4.273850e+00	4.404410e-06	-2.137082e-01
1.034375553293027e-02	4.305512e+00	4.407893e-06	-2.152908e-01
1.034787044338074e-02	4.344667e+00	4.413378e-06	-2.172530e-01
1.035288541028296e-02	4.390896e+00	4.420943e-06	-2.195699e-01
1.035918730054819e-02	4.446776e+00	4.431390e-06	-2.223812e-01
1.036734477896006e-02	4.516016e+00	4.446145e-06	-2.258391e-01
1.037271504359591e-02	4.559820e+00	4.457060e-06	-2.279983e-01
1.037570276215502e-02	4.583692e+00	4.464019e-06	-2.291864e-01
1.037864252531590e-02	4.607218e+00	4.471355e-06	-2.303606e-01
1.038279245682648e-02	4.640706e+00	4.481744e-06	-2.320345e-01
1.039283562661987e-02	4.722894e+00	4.506721e-06	-2.361401e-01
1.040283562661987e-02	4.805711e+00	4.531610e-06	-2.402795e-01
1.042235079520757e-02	4.969496e+00	4.580639e-06	-2.484697e-01
1.044235079520757e-02	5.140175e+00	4.631684e-06	-2.570043e-01
1.046235079520757e-02	5.313538e+00	4.683509e-06	-2.656731e-01
1.048235079520757e-02	5.489445e+00	4.736042e-06	-2.744690e-01
1.050235079520757e-02	5.667754e+00	4.789204e-06	-2.833851e-01
1.051235079520757e-02	5.757762e+00	4.815997e-06	-2.878850e-01
1.052235079520757e-02	5.847772e+00	4.842695e-06	-2.924138e-01
1.053235079520757e-02	5.931389e+00	4.866221e-06	-2.968584e-01
1.053595564237537e-02	5.951656e+00	4.870452e-06	-2.976857e-01
1.053936077189491e-02	5.961110e+00	4.871122e-06	-2.980832e-01
1.054092342639132e-02	5.963690e+00	4.871285e-06	-2.981971e-01
1.054427874748447e-02	5.966653e+00	4.871702e-06	-2.983445e-01
1.054956797113638e-02	5.967821e+00	4.872435e-06	-2.984078e-01
1.055762892919797e-02	5.965450e+00	4.873457e-06	-2.982877e-01
1.056274726137512e-02	5.962415e+00	4.873981e-06	-2.981349e-01
1.056893003048509e-02	5.957795e+00	4.874491e-06	-2.979054e-01
1.057737875205246e-02	5.950423e+00	4.875028e-06	-2.975360e-01
1.058737875205246e-02	5.940747e+00	4.875512e-06	-2.970501e-01
1.059737875205246e-02	5.930377e+00	4.875883e-06	-2.965279e-01
1.060737875205246e-02	5.919510e+00	4.876169e-06	-2.959847e-01
1.061737875205246e-02	5.908290e+00	4.876397e-06	-2.954207e-01
1.062737875205246e-02	5.896836e+00	4.876595e-06	-2.948481e-01
1.063737875205246e-02	5.885232e+00	4.876775e-06	-2.942667e-01
1.064737875205246e-02	5.873518e+00	4.876942e-06	-2.936815e-01
1.065737875205246e-02	5.861721e+00	4.877099e-06	-2.930906e-01
1.066737875205246e-02	5.849860e+00	4.877249e-06	-2.924982e-01
1.067737875205246e-02	5.837949e+00	4.877392e-06	-2.919016e-01
1.068737875205246e-02	5.825999e+00	4.877531e-06	-2.913049e-01
1.069737875205246e-02	5.814017e+00	4.877664e-06	-2.907049e-01
1.070737875205246e-02	5.802011e+00	4.877792e-06	-2.901053e-01
1.071737875205246e-02	5.789984e+00	4.877917e-06	-2.895031e-01
1.072737875205246e-02	5.777941e+00	4.878038e-06	-2.889018e-01
1.073737875205246e-02	5.765886e+00	4.878154e-06	-2.882982e-01
1.074737875205246e-02	5.753821e+00	4.878265e-06	-2.876957e-01
1.075737875205246e-02	5.741747e+00	4.878373e-06	-2.870911e-01
1.076737875205246e-02	5.729667e+00	4.878476e-06	-2.864880e-01
1.077737875205246e-02	5.717582e+00	4.878576e-06	-2.858828e-01
1.078737875205246e-02	5.705492e+00	4.878671e-06	-2.852792e-01
1.079737875205246e-02	5.693400e+00	4.878762e-06	-2.846737e-01
1.080737875205246e-02	5.681306e+00	4.878848e-06	-2.840699e-01
1.081737875205246e-02	5.669211e+00	4.878931e-06	-2.834642e-01
1.082737875205246e-02	5.657114e+00	4.879009e-06	-2.828602e-01
1.083737875205246e-02	5.645018e+00	4.879083e-06	-2.822546e-01
1.084737875205246e-02	5.632921e+00	4.879153e-06	-2.816506e-01
1.085737875205246e-02	5.620825e+00	4.879219e-06	-2.810449e-01
1.086737875205246e-02	5.608730e+00	4.879281e-06	-2.804410e-01
1.087737875205246e-02	5.596636e+00	4.879339e-06	-2.798355e-01
1.088737875205246e-02	5.584543e+00	4.879394e-06	-2.792316e-01
1.089737875205246e-02	5.572451e+00	4.879444e-06	-2.786262e-01
1.090737875205246e-02	5.560361e+00	4.879490e-06	-2.780226e-01
1.091737875205246e-02	5.548272e+00	4.879534e-06	-2.774173e-01
1.092737875205246e-02	5.536185e+00	4.879573e-06	-2.768138e-01
1.093737875205246e-02	5.524100e+00	4.879609e-06	-2.762086e-01
1.094737875205246e-02	5.512017e+00	4.879642e-06	-2.756053e-01
1.095737875205246e-02	5.499935e+00	4.879671e-06	-2.750004e-01
1.096737875205246e-02	5.487856e+00	4.879697e-06	-2.743973e-01
1.097737875205246e-02	5.475778e+00	4.879720e-06	-2.737925e-01
1.098737875205246e-02	5.463702e+00	4.879739e-06	-2.731896e-01
1.099737875205246e-02	5.451628e+00	4.879756e-06	-2.725850e-01
1.100737875205246e-02	5.439556e+00	4.879770e-06	-2.719823e-01
1.101737875205246e-02	5.427486e+00	4.879781e-06	-2.713779e-01
1.102737875205246e-02	5.415417e+00	4.879789e-06	-2.707753e-01
1.103737875205246e-02	5.403350e+00	4.879794e-06	-2.701711e-01
1.104737875205246e-02	5.391285e+00	4.879797e-06	-2.695687e-01
1.105737875205246e-02	5.379222e+00	4.879797e-06	-2.689647e-01
1.106737875205246e-02	5.367160e+00	4.879795e-06	-2.683625e-01
1.107737875205246e-02	5.355100e+00	4.879791e-06	-2.677586e-01
1.108737875205246e-02	5.343042e+00	4.879784e-06	-2.671566e-01
1.109737875205246e-02	5.330984e+00	4.879775e-06	-2.665528e-01
1.110737875205246e-02	5.318929e+00	4.879763e-06	-2.659509e-01
1.111737875205246e-02	5.306874e+00	4.879750e-06	-2.653473e-01
1.112737875205246e-02	5.294821e+00	4.879735e-06	-2.647455e-01
1.113737875205246e-02	5.282769e+00	4.879717e-06	-2.641421e-01
1.114737875205246e-02	5.270719e+00	4.879697e-06	-2.635404e-01
1.115737875205246e-02	5.258669e+00	4.879676e-06	-2.629371e-01
1.116737875205246e-02	5.246621e+00	4.879653e-06	-2.623355e-01
1.117737875205246e-02	5.234573e+00	4.879628e-06	-2.617323e-01
1.118737875205246e-02	5.222526e+00	4.879602e-06	-2.611308e-01
1.119737875205246e-02	5.210480e+00	4.879574e-06	-2.605276e-01
1.120737875205246e-02	5.198435e+00	4.879544e-06	-2.599262e-01
1.121737875205246e-02	5.186390e+00	4.879513e-06	-2.593231e-01
1.122737875205246e-02	5.174346e+00	4.879480e-06	-2.587218e-01
1.123737875205246e-02	5.162302e+00	4.879446e-06	-2.581187e-01
1.124737875205246e-02	5.150259e+00	4.879411e-06	-2.575174e-01
1.125737875205246e-02	5.138215e+00	4.879375e-06	-2.569144e-01
1.126737875205246e-02	5.126172e+00	4.879336e-06	-2.563131e-01
1.127737875205246e-02	5.114129e+00	4.879297e-06	-2.557101e-01
1.128737875205246e-02	5.102086e+00	4.879257e-06	-2.551088e-01
1.129737875205246e-02	5.090043e+00	4.879215e-06	-2.545058e-01
1.130737875205246e-02	5.078000e+00	4.879173e-06	-2.539045e-01
1.131737875205246e-02	5.065956e+00	4.879129e-06	-2.533014e-01
1.132737875205246e-02	5.053912e+00	4.879085e-06	-2.527001e-01
1.133737875205246e-02	5.041867e+00	4.879039e-06	-2.520970e-01
1.134737875205246e-02	5.029822e+00	4.878993e-06	-2.514956e-01
1.135737875205246e-02	5.017775e+00	4.878946e-06	-2.508924e-01
1.136737875205246e-02	5.005728e+00	4.878898e-06	-2.502909e-01
1.137737875205246e-02	4.993680e+00	4.878849e-06	-2.496876e-01
1.138737875205246e-02	4.981630e+00	4.878799e-06	-2.490860e-01
1.139737875205246e-02	4.969579e+00	4.878749e-06	-2.484826e-01
1.140737875205246e-02	4.957526e+00	4.878698e-06	-2.478808e-01
1.141737875205246e-02	4.945472e+00	4.878646e-06	-2.472773e-01
1.142737875205246e-02	4.933416e+00	4.878594e-06	-2.466753e-01
1.143737875205246e-02	4.921358e+00	4.878541e-06	-2.460715e-01
1.144737875205246e-02	4.909297e+00	4.878488e-06	-2.454694e-01
1.145737875205246e-02	4.897235e+00	4.878434e-06	-2.448654e-01
1.146737875205246e-02	4.885169e+00	4.878380e-06	-2.442630e-01
1.147737875205246e-02	4.873101e+00	4.878325e-06	-2.436587e-01
1.148737875205246e-02	4.861030e+00	4.878269e-06	-2.430560e-01
1.149737875205246e-02	4.848955e+00	4.878214e-06	-2.424514e-01
1.150737875205246e-02	4.836877e+00	4.878159e-06	-2.418484e-01
1.151737875205246e-02	4.824795e+00	4.878102e-06	-2.412434e-01
1.152737875205246e-02	4.812709e+00	4.878046e-06	-2.406400e-01
1.153737875205246e-02	4.800619e+00	4.877989e-06	-2.400346e-01
1.154737875205246e-02	4.788524e+00	4.877932e-06	-2.394307e-01
1.155737875205246e-02	4.776424e+00	4.877875e-06	-2.388249e-01
1.156737875205246e-02	4.764319e+00	4.877817e-06	-2.382205e-01
1.157737875205246e-02	4.752208e+00	4.877760e-06	-2.376141e-01
1.158737875205246e-02	4.740091e+00	4.877702e-06	-2.370091e-01
1.159737875205246e-02	4.727968e+00	4.877645e-06	-2.364021e-01
1.160737875205246e-02	4.715837e+00	4.877587e-06	-2.357964e-01
1.161737875205246e-02	4.703699e+00	4.877530e-06	-2.351887e-01
1.162737875205246e-02	4.691554e+00	4.877472e-06	-2.345823e-01
1.163737875205246e-02	4.679400e+00	4.877415e-06	-2.339737e-01
1.164737875205246e-02	4.667236e+00	4.877357e-06	-2.333664e-01
1.165737875205246e-02	4.655064e+00	4.877300e-06	-2.327569e-01
1.166737875205246e-02	4.642880e+00	4.877243e-06	-2.321486e-01
1.167737875205246e-02	4.630686e+00	4.877186e-06	-2.315381e-01
1.168737875205246e-02	4.618479e+00	4.877130e-06	-2.309286e-01
1.169737875205246e-02	4.606260e+00	4.877073e-06	-2.303168e-01
1.170737875205246e-02	4.594027e+00	4.877018e-06	-2.297060e-01
1.171737875205246e-02	4.581779e+00	4.876962e-06	-2.290928e-01
1.172737875205246e-02	4.569515e+00	4.876907e-06	-2.284804e-01
1.173737875205246e-02	4.557234e+00	4.876852e-06	-2.278655e-01
1.174737875205246e-02	4.544934e+00	4.876798e-06	-2.272514e-01
1.175737875205246e-02	4.532614e+00	4.876745e-06	-2.266346e-01
1.176737875205246e-02	4.520272e+00	4.876692e-06	-2.260184e-01
1.177737875205246e-02	4.507907e+00	4.876640e-06	-2.253993e-01
1.178737875205246e-02	4.495515e+00	4.876589e-06	-2.247806e-01
1.179737875205246e-02	4.483095e+00	4.876539e-06	-2.241587e-01
1.180737875205246e-02	4.470644e+00	4.876489e-06	-2.235371e-01
1.181737875205246e-02	4.458159e+00	4.876440e-06	-2.229120e-01
1.182737875205246e-02	4.445636e+00	4.876393e-06	-2.222868e-01
1.183737875205246e-02	4.433072e+00	4.876347e-06	-2.216578e-01
1.184737875205246e-02	4.420462e+00	4.876302e-06	-2.210282e-01
1.185737875205246e-02	4.407800e+00	4.876259e-06	-2.203943e-01
1.186737875205246e-02	4.395080e+00	4.876217e-06	-2.197593e-01
1.187737875205246e-02	4.382296e+00	4.876178e-06	-2.191193e-01
1.188737875205246e-02	4.369437e+00	4.876139e-06	-2.184773e-01
1.189737875205246e-02	4.356494e+00	4.876104e-06	-2.178295e-01
1.190737875205246e-02	4.343454e+00	4.876071e-06	-2.171785e-01
1.191737875205246e-02	4.330301e+00	4.876041e-06	-2.165203e-01
1.192737875205246e-02	4.317016e+00	4.876014e-06	-2.158571e-01
1.193737875205246e-02	4.303573e+00	4.875991e-06	-2.151845e-01
1.194737875205246e-02	4.289939e+00	4.875973e-06	-2.145042e-01
1.195737875205246e-02	4.276072e+00	4.875960e-06	-2.138107e-01
1.196737875205246e-02	4.261913e+00	4.875953e-06	-2.131047e-01
1.197737875205246e-02	4.247378e+00	4.875955e-06	-2.123785e-01
1.198737875205246e-02	4.232347e+00	4.875968e-06	-2.116300e-01
1.199737875205246e-02	4.216629e+00	4.875995e-06	-2.108468e-01
1.200737875205246e-02	4.199916e+00	4.876042e-06	-2.100181e-01
1.201737875205246e-02	4.181661e+00	4.876122e-06	-2.091160e-01
1.202737875205246e-02	4.160836e+00	4.876254e-06	-2.080979e-01
1.203737875205246e-02	4.136104e+00	4.876470e-06	-2.068711e-01
1.204471904683871e-02	4.113984e+00	4.876717e-06	-2.057553e-01
1.205118469155999e-02	4.090821e+00	4.877025e-06	-2.045755e-01
1.205614462348536e-02	4.071005e+00	4.877319e-06	-2.035619e-01
1.205832938506391e-02	4.061738e+00	4.877469e-06	-2.030926e-01
1.206064970459359e-02	4.051597e+00	4.877641e-06	-2.025859e-01
1.206302580435311e-02	4.041056e+00	4.877828e-06	-2.020574e-01
1.206531720902977e-02	4.030781e+00	4.878018e-06	-2.015441e-01
1.206775531194928e-02	4.019766e+00	4.878229e-06	-2.009922e-01
1.207001892105304e-02	4.009489e+00	4.878434e-06	-2.004789e-01
1.207225144571981e-02	3.999319e+00	4.878646e-06	-1.999694e-01
1.207447244414957e-02	3.989179e+00	4.878865e-06	-1.994631e-01
1.207664682464484e-02	3.979236e+00	4.879088e-06	-1.989651e-01
1.207886539378698e-02	3.969081e+00	4.879327e-06	-1.984582e-01
1.208138398869789e-02	3.957545e+00	4.879612e-06	-1.978805e-01
1.208431381507077e-02	3.944119e+00	4.879965e-06	-1.972100e-01
1.208776941363141e-02	3.928279e+00	4.880415e-06	-1.964171e-01
1.209217710530214e-02	3.908074e+00	4.881059e-06	-1.954075e-01
1.209774473254843e-02	3.882562e+00	4.882048e-06	-1.941307e-01
1.210594555434607e-02	3.845028e+00	4.884003e-06	-1.922540e-01
1.211353792960603e-02	3.810348e+00	4.886379e-06	-1.905189e-01
1.211909707770430e-02	3.785024e+00	4.888367e-06	-1.892539e-01
1.212477320265357e-02	3.759252e+00	4.890433e-06	-1.879636e-01
1.213477320265357e-02	3.714011e+00	4.894015e-06	-1.857016e-01
1.214477320265357e-02	3.668953e+00	4.897512e-06	-1.834476e-01
1.215477320265357e-02	3.624093e+00	4.900905e-06	-1.812058e-01
1.216477320265357e-02	3.579429e+00	4.904192e-06	-1.789716e-01
1.217477320265357e-02	3.534956e+00	4.907374e-06	-1.767490e-01
1.218477320265357e-02	3.490671e+00	4.910452e-06	-1.745337e-01
1.219477320265357e-02	3.446568e+00	4.913430e-06	-1.723298e-01
1.220477320265357e-02	3.402646e+00	4.916309e-06	-1.701326e-01
1.221477320265357e-02	3.358900e+00	4.919093e-06	-1.679464e-01
1.222477320265357e-02	3.315327e+00	4.921783e-06	-1.657668e-01
1.223477320265357e-02	3.271924e+00	4.924382e-06	-1.635977e-01
1.224477320265357e-02	3.228686e+00	4.926893e-06	-1.614348e-01
1.225477320265357e-02	3.185611e+00	4.929318e-06	-1.592821e-01
1.226477320265357e-02	3.142695e+00	4.931660e-06	-1.571352e-01
1.227477320265357e-02	3.099936e+00	4.933919e-06	-1.549981e-01
1.228477320265357e-02	3.057331e+00	4.936098e-06	-1.528658e-01
1.229477320265357e-02	3.014882e+00	4.938198e-06	-1.507402e-01
1.230477320265357e-02	2.972603e+00	4.940219e-06	-1.486096e-01
1.231477320265357e-02	2.930541e+00	4.942151e-06	-1.464534e-01
1.232477320265357e-02	2.888851e+00	4.943966e-06	-1.441899e-01
1.233477320265357e-02	2.847960e+00	4.945578e-06	-1.415998e-01
1.234477320265357e-02	2.808867e+00	4.946785e-06	-1.381138e-01
1.235477320265357e-02	2.774219e+00	4.947056e-06	-1.326344e-01
1.236477320265357e-02	2.747077e+00	4.945725e-06	-1.216789e-01
1.237477320265357e-02	2.727079e+00	4.942764e-06	-1.069704e-01
1.239477320265357e-02	2.698798e+00	4.934031e-06	-7.616999e-02
1.240477320265357e-02	2.688413e+00	4.928836e-06	-6.142147e-02
1.241477320265357e-02	2.680059e+00	4.923230e-06	-4.766672e-02
1.242477320265357e-02	2.673551e+00	4.917267e-06	-3.520203e-02
1.243477320265357e-02	2.668773e+00	4.910984e-06	-2.428239e-02
1.244477320265357e-02	2.665664e+00	4.904399e-06	-1.512733e-02
1.245477320265357e-02	2.664205e+00	4.897527e-06	-7.948299e-03
1.246477320265357e-02	2.664417e+00	4.890366e-06	-2.946870e-03
1.247477320265357e-02	2.666303e+00	4.882921e-06	-3.394239e-04
1.248477320265357e-02	2.669456e+00	4.875269e-06	-3.946987e-06
1.249477320265357e-02	2.673075e+00	4.867577e-06	-4.778406e-06
1.250477320265357e-02	2.676689e+00	4.859964e-06	-3.952654e-06
1.251477320265357e-02	2.680237e+00	4.852455e-06	-4.784810e-06
1.252477320265357e-02	2.683720e+00	4.845053e-06	-3.958697e-06
1.253477320265357e-02	2.687139e+00	4.837756e-06	-4.790606e-06
1.254477320265357e-02	2.690496e+00	4.830565e-06	-3.964637e-06
1.255477320265357e-02	2.693791e+00	4.823476e-06	-4.796293e-06
1.256477320265357e-02	2.697026e+00	4.816489e-06	-3.970457e-06
1.257477320265357e-02	2.700202e+00	4.809602e-06	-4.801853e-06
1.258477320265357e-02	2.703320e+00	4.802814e-06	-3.976143e-06
1.259477320265357e-02	2.706382e+00	4.796123e-06	-4.807279e-06
1.260477320265357e-02	2.709387e+00	4.789528e-06	-3.981687e-06
1.261477320265357e-02	2.712338e+00	4.783027e-06	-4.812567e-06
1.262477320265357e-02	2.715235e+00	4.776619e-06	-3.987085e-06
1.263477320265357e-02	2.718081e+00	4.770302e-06	-4.817714e-06
1.264477320265357e-02	2.720875e+00	4.764076e-06	-3.992335e-06
1.265477320265357e-02	2.723619e+00	4.757939e-06	-4.822723e-06
1.266477320265357e-02	2.726313e+00	4.751889e-06	-3.997440e-06
1.267477320265357e-02	2.728960e+00	4.745925e-06	-4.827593e-06
1.268477320265357e-02	2.731559e+00	4.740046e-06	-4.002401e-06
1.269477320265357e-02	2.734112e+00	4.734251e-06	-4.832329e-06
1.270477320265357e-02	2.736620e+00	4.728538e-06	-4.007220e-06
1.271477320265357e-02	2.739083e+00	4.722906e-06	-4.836932e-06
1.272477320265357e-02	2.741503e+00	4.717353e-06	-4.011901e-06
1.273477320265357e-02	2.743881e+00	4.711880e-06	-4.841406e-06
1.274477320265357e-02	2.746217e+00	4.706485e-06	-4.016447e-06
1.275477320265357e-02	2.748511e+00	4.701165e-06	-4.845754e-06
1.276477320265357e-02	2.750767e+00	4.695921e-06	-4.020863e-06
1.277477320265357e-02	2.752982e+00	4.690751e-06	-4.849980e-06
1.278477320265357e-02	2.755160e+00	4.685653e-06	-4.025152e-06
1.279477320265357e-02	2.757300e+00	4.680629e-06	-4.854086e-06
1.280477320265357e-02	2.759403e+00	4.675674e-06	-4.029316e-06
1.281477320265357e-02	2.761470e+00	4.670790e-06	-4.858078e-06
1.282477320265357e-02	2.763501e+00	4.665974e-06	-4.033361e-06
1.283477320265357e-02	2.765499e+00	4.661226e-06	-4.861957e-06
1.284477320265357e-02	2.767462e+00	4.656545e-06	-4.037290e-06
1.285477320265357e-02	2.769391e+00	4.651930e-06	-4.865727e-06
1.286477320265357e-02	2.771288e+00	4.647379e-06	-4.041106e-06
1.287477320265357e-02	2.773153e+00	4.642893e-06	-4.869391e-06
1.288477320265357e-02	2.774987e+00	4.638469e-06	-4.044812e-06
1.289477320265357e-02	2.776790e+00	4.634108e-06	-4.872953e-06
1.290477320265357e-02	2.778563e+00	4.629807e-06	-4.048412e-06
1.291477320265357e-02	2.780306e+00	4.625567e-06	-4.876416e-06
1.292477320265357e-02	2.782019e+00	4.621387e-06	-4.051910e-06
1.293477320265357e-02	2.783705e+00	4.617264e-06	-4.879782e-06
1.294477320265357e-02	2.785363e+00	4.613200e-06	-4.055308e-06
1.295477320265357e-02	2.786993e+00	4.609192e-06	-4.883054e-06
1.296477320265357e-02	2.788596e+00	4.605240e-06	-4.058608e-06
1.297477320265357e-02	2.790174e+00	4.601344e-06	-4.886236e-06
1.298477320265357e-02	2.791725e+00	4.597502e-06	-4.061816e-06
1.299477320265357e-02	2.793251e+00	4.593713e-06	-4.889329e-06
1.300477320265357e-02	2.794752e+00	4.589977e-06	-4.064931e-06
1.301477320265357e-02	2.796229e+00	4.586293e-06	-4.892337e-06
1.302477320265357e-02	2.797681e+00	4.582661e-06	-4.067959e-06
1.303477320265357e-02	2.799110e+00	4.579079e-06	-4.895261e-06
1.304477320265357e-02	2.800516e+00	4.575547e-06	-4.070901e-06
1.305477320265357e-02	2.801900e+00	4.572064e-06	-4.898105e-06
1.306477320265357e-02	2.803261e+00	4.568630e-06	-4.073759e-06
1.307477320265357e-02	2.804600e+00	4.565243e-06	-4.900869e-06
1.308477320265357e-02	2.805918e+00	4.561904e-06	-4.076537e-06
1.309477320265357e-02	2.807214e+00	4.558610e-06	-4.903608e-06
1.310477320265357e-02	2.808491e+00	4.555362e-06	-4.079188e-06
1.311477320265357e-02	2.809747e+00	4.552160e-06	-4.906268e-06
1.312477320265357e-02	2.810982e+00	4.549002e-06	-4.081766e-06
1.313477320265357e-02	2.812199e+00	4.545887e-06	-4.908856e-06
1.314477320265357e-02	2.813396e+00	4.542816e-06	-4.084271e-06
1.315477320265357e-02	2.814574e+00	4.539788e-06	-4.911372e-06
1.316477320265357e-02	2.815734e+00	4.536801e-06	-4.086706e-06
1.317477320265357e-02	2.816876e+00	4.533855e-06	-4.913819e-06
1.318477320265357e-02	2.817999e+00	4.530951e-06	-4.089073e-06
1.319477320265357e-02	2.819106e+00	4.528087e-06	-4.916199e-06
1.320477320265357e-02	2.820194e+00	4.525262e-06	-4.091373e-06
1.321477320265357e-02	2.821266e+00	4.522476e-06	-4.918513e-06
1.322477320265357e-02	2.822321e+00	4.519728e-06	-4.093610e-06
1.323477320265357e-02	2.823360e+00	4.517019e-06	-4.920764e-06
1.324477320265357e-02	2.824383e+00	4.514347e-06	-4.095783e-06
1.325477320265357e-02	2.825390e+00	4.511712e-06	-4.922953e-06
1.326477320265357e-02	2.826381e+00	4.509113e-06	-4.097897e-06
1.327477320265357e-02	2.827358e+00	4.506550e-06	-4.925082e-06
1.328477320265357e-02	2.828319e+00	4.504022e-06	-4.099951e-06
1.329477320265357e-02	2.829265e+00	4.501530e-06	-4.927153e-06
1.330477320265357e-02	2.830197e+00	4.499072e-06	-4.101948e-06
1.331477320265357e-02	2.831115e+00	4.496647e-06	-4.929168e-06
1.332477320265357e-02	2.832018e+00	4.494256e-06	-4.103888e-06
1.333477320265357e-02	2.832908e+00	4.491897e-06	-4.931127e-06
1.334477320265357e-02	2.833785e+00	4.489571e-06	-4.105776e-06
1.335477320265357e-02	2.834648e+00	4.487278e-06	-4.933033e-06
1.336477320265357e-02	2.835497e+00	4.485016e-06	-4.107610e-06
1.337477320265357e-02	2.836334e+00	4.482785e-06	-4.934887e-06
1.338477320265357e-02	2.837159e+00	4.480584e-06	-4.109393e-06
1.339477320265357e-02	2.837971e+00	4.478414e-06	-4.936690e-06
1.340477320265357e-02	2.838771e+00	4.476273e-06	-4.111127e-06
1.341477320265357e-02	2.839558e+00	4.474162e-06	-4.938445e-06
1.342477320265357e-02	2.840335e+00	4.472080e-06	-4.112812e-06
1.343477320265357e-02	2.841099e+00	4.470027e-06	-4.940152e-06
1.344477320265357e-02	2.841851e+00	4.468002e-06	-4.114450e-06
1.345477320265357e-02	2.842593e+00	4.466004e-06	-4.941813e-06
1.346477320265357e-02	2.843323e+00	4.464034e-06	-4.116042e-06
1.347477320265357e-02	2.844043e+00	4.462091e-06	-4.943428e-06
1.348477320265357e-02	2.844752e+00	4.460175e-06	-4.117591e-06
1.349477320265357e-02	2.845451e+00	4.458284e-06	-4.945000e-06
1.350477320265357e-02	2.846138e+00	4.456420e-06	-4.119096e-06
1.351477320265357e-02	2.846816e+00	4.454581e-06	-4.946529e-06
1.352477320265357e-02	2.847484e+00	4.452768e-06	-4.120559e-06
1.353477320265357e-02	2.848142e+00	4.450979e-06	-4.948016e-06
1.354477320265357e-02	2.848790e+00	4.449215e-06	-4.121982e-06
1.355477320265357e-02	2.849429e+00	4.447475e-06	-4.949464e-06
1.356477320265357e-02	2.850058e+00	4.445758e-06	-4.123365e-06
1.357477320265357e-02	2.850678e+00	4.444066e-06	-4.950872e-06
1.358477320265357e-02	2.851289e+00	4.442396e-06	-4.124709e-06
1.359477320265357e-02	2.851891e+00	4.440749e-06	-4.952242e-06
1.360477320265357e-02	2.852484e+00	4.439125e-06	-4.126016e-06
1.361477320265357e-02	2.853068e+00	4.437523e-06	-4.953576e-06
1.362477320265357e-02	2.853644e+00	4.435943e-06	-4.127287e-06
1.363477320265357e-02	2.854211e+00	4.434384e-06	-4.954873e-06
1.364477320265357e-02	2.854770e+00	4.432847e-06	-4.128521e-06
1.365477320265357e-02	2.855321e+00	4.431331e-06	-4.956135e-06
1.366477320265357e-02	2.855865e+00	4.429835e-06	-4.129722e-06
1.367477320265357e-02	2.856400e+00	4.428360e-06	-4.957364e-06
1.368477320265357e-02	2.856927e+00	4.426905e-06	-4.130889e-06
1.369477320265357e-02	2.857447e+00	4.425470e-06	-4.958559e-06
1.370477320265357e-02	2.857958e+00	4.424054e-06	-4.132024e-06
1.371477320265357e-02	2.858463e+00	4.422658e-06	-4.959722e-06
1.372477320265357e-02	2.858961e+00	4.421281e-06	-4.133127e-06
1.373477320265357e-02	2.859451e+00	4.419922e-06	-4.960854e-06
1.374477320265357e-02	2.859934e+00	4.418582e-06	-4.134199e-06
1.375477320265357e-02	2.860410e+00	4.417261e-06	-4.961956e-06
1.376477320265357e-02	2.860880e+00	4.415957e-06	-4.135241e-06
1.377477320265357e-02	2.861342e+00	4.414671e-06	-4.963028e-06
1.378477320265357e-02	2.861798e+00	4.413403e-06	-4.136254e-06
1.379477320265357e-02	2.862247e+00	4.412152e-06	-4.964071e-06
1.380477320265357e-02	2.862690e+00	4.410918e-06	-4.137239e-06
1.381477320265357e-02	2.863127e+00	4.409701e-06	-4.965086e-06
1.382477320265357e-02	2.863557e+00	4.408500e-06	-4.138196e-06
1.383477320265357e-02	2.863981e+00	4.407315e-06	-4.966074e-06
1.384477320265357e-02	2.864399e+00	4.406147e-06	-4.139127e-06
1.385477320265357e-02	2.864811e+00	4.404995e-06	-4.967035e-06
1.386477320265357e-02	2.865217e+00	4.403858e-06	-4.140031e-06
1.387477320265357e-02	2.865618e+00	4.402737e-06	-4.967971e-06
1.388477320265357e-02	2.866013e+00	4.401631e-06	-4.140910e-06
1.389477320265357e-02	2.866402e+00	4.400541e-06	-4.968882e-06
1.390477320265357e-02	2.866785e+00	4.399465e-06	-4.141765e-06
1.391477320265357e-02	2.867163e+00	4.398404e-06	-4.969769e-06
1.392477320265357e-02	2.867536e+00	4.397356e-06	-4.142596e-06
1.393477320265357e-02	2.867904e+00	4.396324e-06	-4.970631e-06
1.394477320265357e-02	2.868266e+00	4.395305e-06	-4.143403e-06
1.395477320265357e-02	2.868622e+00	4.394301e-06	-4.971471e-06
1.396477320265357e-02	2.868974e+00	4.393309e-06	-4.144188e-06
1.397477320265357e-02	2.869321e+00	4.392332e-06	-4.972289e-06
1.398477320265357e-02	2.869664e+00	4.391367e-06	-4.144950e-06
1.399477320265357e-02	2.870001e+00	4.390416e-06	-4.973085e-06
1.400477320265357e-02	2.870334e+00	4.389477e-06	-4.145691e-06
1.401477320265357e-02	2.870662e+00	4.388552e-06	-4.973859e-06
1.402477320265357e-02	2.870985e+00	4.387639e-06	-4.146412e-06
1.403477320265357e-02	2.871303e+00	4.386738e-06	-4.974613e-06
1.404477320265357e-02	2.871618e+00	4.385849e-06	-4.147112e-06
1.405477320265357e-02	2.871928e+00	4.384973e-06	-4.975348e-06
1.406477320265357e-02	2.872233e+00	4.384109e-06	-4.147793e-06
1.407477320265357e-02	2.872534e+00	4.383256e-06	-4.976062e-06
1.408477320265357e-02	2.872831e+00	4.382415e-06	-4.148454e-06
1.409477320265357e-02	2.873123e+00	4.381585e-06	-4.976758e-06
1.410477320265357e-02	2.873412e+00	4.380767e-06	-4.149097e-06
1.411477320265357e-02	2.873697e+00	4.379959e-06	-4.977435e-06
1.412477320265357e-02	2.873977e+00	4.379163e-06	-4.149721e-06
1.413477320265357e-02	2.874254e+00	4.378377e-06	-4.978094e-06
1.414477320265357e-02	2.874527e+00	4.377602e-06	-4.150329e-06
1.415477320265357e-02	2.874795e+00	4.376837e-06	-4.978736e-06
1.416477320265357e-02	2.875061e+00	4.376083e-06	-4.150918e-06
1.417477320265357e-02	2.875322e+00	4.375339e-06	-4.979361e-06
1.418477320265357e-02	2.875580e+00	4.374606e-06	-4.151491e-06
1.419477320265357e-02	2.875834e+00	4.373882e-06	-4.979969e-06
1.420477320265357e-02	2.876085e+00	4.373168e-06	-4.152048e-06
1.421477320265357e-02	2.876332e+00	4.372464e-06	-4.980562e-06
1.422477320265357e-02	2.876576e+00	4.371769e-06	-4.152590e-06
1.423477320265357e-02	2.876816e+00	4.371083e-06	-4.981139e-06
1.424477320265357e-02	2.877053e+00	4.370407e-06	-4.153115e-06
1.425477320265357e-02	2.877286e+00	4.369740e-06	-4.981700e-06
1.426477320265357e-02	2.877517e+00	4.369082e-06	-4.153626e-06
1.427477320265357e-02	2.877745e+00	4.368433e-06	-4.982247e-06
1.428477320265357e-02	2.877969e+00	4.367792e-06	-4.154123e-06
1.429477320265357e-02	2.878190e+00	4.367161e-06	-4.982780e-06
1.430477320265357e-02	2.878407e+00	4.366538e-06	-4.154605e-06
1.431477320265357e-02	2.878622e+00	4.365923e-06	-4.983299e-06
1.432477320265357e-02	2.878834e+00	4.365317e-06	-4.155073e-06
1.433477320265357e-02	2.879043e+00	4.364719e-06	-4.983804e-06
1.434477320265357e-02	2.879249e+00	4.364129e-06	-4.155529e-06
1.435477320265357e-02	2.879452e+00	4.363547e-06	-4.984296e-06
1.436477320265357e-02	2.879653e+00	4.362973e-06	-4.155971e-06
1.437477320265357e-02	2.879850e+00	4.362406e-06	-4.984775e-06
1.438477320265357e-02	2.880045e+00	4.361847e-06	-4.156401e-06
1.439477320265357e-02	2.880237e+00	4.361296e-06	-4.985242e-06
1.440477320265357e-02	2.880427e+00	4.360752e-06	-4.156818e-06
1.441477320265357e-02	2.880614e+00	4.360216e-06	-4.985696e-06
1.442477320265357e-02	2.880798e+00	4.359687e-06	-4.157223e-06
1.443477320265357e-02	2.880980e+00	4.359165e-06	-4.986139e-06
1.444477320265357e-02	2.881159e+00	4.358650e-06	-4.157617e-06
1.445477320265357e-02	2.881335e+00	4.358142e-06	-4.986570e-06
1.446477320265357e-02	2.881510e+00	4.357641e-06	-4.158000e-06
1.447477320265357e-02	2.881682e+00	4.357147e-06	-4.986990e-06
1.448477320265357e-02	2.881851e+00	4.356659e-06	-4.158371e-06
1.449477320265357e-02	2.882019e+00	4.356178e-06	-4.987399e-06
1.450477320265357e-02	2.882184e+00	4.355703e-06	-4.158732e-06
1.451477320265357e-02	2.882347e+00	4.355235e-06	-4.987798e-06
1.452477320265357e-02	2.882507e+00	4.354773e-06	-4.159083e-06
1.453477320265357e-02	2.882665e+00	4.354318e-06	-4.988186e-06
1.454477320265357e-02	2.882821e+00	4.353868e-06	-4.159423e-06
1.455477320265357e-02	2.882975e+00	4.353425e-06	-4.988564e-06
1.456477320265357e-02	2.883127e+00	4.352988e-06	-4.159754e-06
1.457477320265357e-02	2.883277e+00	4.352557e-06	-4.988933e-06
1.458477320265357e-02	2.883424e+00	4.352131e-06	-4.160074e-06
1.459477320265357e-02	2.883569e+00	4.351711e-06	-4.989291e-06
1.460477320265357e-02	2.883713e+00	4.351296e-06	-4.160386e-06
1.461477320265357e-02	2.883854e+00	4.350888e-06	-4.989642e-06
1.462477320265357e-02	2.883994e+00	4.350485e-06	-4.160689e-06
1.463477320265357e-02	2.884132e+00	4.350087e-06	-4.989982e-06
1.464477320265357e-02	2.884268e+00	4.349695e-06	-4.160982e-06
1.465477320265357e-02	2.884402e+00	4.349308e-06	-4.990315e-06
1.466477320265357e-02	2.884534e+00	4.348926e-06	-4.161267e-06
1.467477320265357e-02	2.884665e+00	4.348549e-06	-4.990638e-06
1.468477320265357e-02	2.884793e+00	4.348178e-06	-4.161544e-06
1.469477320265357e-02	2.884920e+00	4.347811e-06	-4.990954e-06
1.470477320265357e-02	2.885045e+00	4.347450e-06	-4.161813e-06
1.471477320265357e-02	2.885169e+00	4.347093e-06	-4.991261e-06
1.472477320265357e-02	2.885290e+00	4.346741e-06	-4.162074e-06
1.473477320265357e-02	2.885410e+00	4.346394e-06	-4.991561e-06
1.474477320265357e-02	2.885529e+00	4.346051e-06	-4.162328e-06
1.475477320265357e-02	2.885645e+00	4.345713e-06	-4.991853e-06
1.476477320265357e-02	2.885760e+00	4.345380e-06	-4.162573e-06
1.477477320265357e-02	2.885874e+00	4.345051e-06	-4.992138e-06
1.478477320265357e-02	2.885986e+00	4.344727e-06	-4.162812e-06
1.479477320265357e-02	2.886097e+00	4.344407e-06	-4.992416e-06
1.480477320265357e-02	2.886205e+00	4.344091e-06	-4.163043e-06
1.481477320265357e-02	2.886313e+00	4.343780e-06	-4.992686e-06
1.482477320265357e-02	2.886419e+00	4.343472e-06	-4.163268e-06
1.483477320265357e-02	2.886524e+00	4.343169e-06	-4.992950e-06
1.484477320265357e-02	2.886627e+00	4.342870e-06	-4.163486e-06
1.485477320265357e-02	2.886729e+00	4.342575e-06	-4.993207e-06
1.486477320265357e-02	2.886829e+00	4.342284e-06	-4.163698e-06
1.487477320265357e-02	2.886928e+00	4.341997e-06	-4.993458e-06
1.488477320265357e-02	2.887026e+00	4.341714e-06	-4.163903e-06
1.489477320265357e-02	2.887122e+00	4.341435e-06	-4.993702e-06
1.490477320265357e-02	2.887217e+00	4.341159e-06	-4.164101e-06
1.491477320265357e-02	2.887311e+00	4.340887e-06	-4.993941e-06
1.492477320265357e-02	2.887403e+00	4.340618e-06	-4.164295e-06
1.493477320265357e-02	2.887495e+00	4.340354e-06	-4.994173e-06
1.494477320265357e-02	2.887584e+00	4.340093e-06	-4.164482e-06
1.495477320265357e-02	2.887673e+00	4.339835e-06	-4.994400e-06
1.496477320265357e-02	2.887761e+00	4.339581e-06	-4.164664e-06
1.497477320265357e-02	2.887847e+00	4.339330e-06	-4.994621e-06
1.498477320265357e-02	2.887932e+00	4.339083e-06	-4.164840e-06
1.499477320265357e-02	2.888016e+00	4.338839e-06	-4.994837e-06
1.500477320265357e-02	2.888099e+00	4.338599e-06	-4.165011e-06
1.501477320265357e-02	2.888181e+00	4.338361e-06	-4.995047e-06
1.502477320265357e-02	2.888261e+00	4.338126e-06	-4.165176e-06
1.503477320265357e-02	2.888341e+00	4.337895e-06	-4.995252e-06
1.504477320265357e-02	2.888420e+00	4.337668e-06	-4.165337e-06
1.505477320265357e-02	2.888497e+00	4.337443e-06	-4.995453e-06
1.506477320265357e-02	2.888573e+00	4.337221e-06	-4.165492e-06
1.507477320265357e-02	2.888648e+00	4.337001e-06	-4.995648e-06
1.508477320265357e-02	2.888722e+00	4.336785e-06	-4.165643e-06
1.509477320265357e-02	2.888796e+00	4.336573e-06	-4.995839e-06
1.510477320265357e-02	2.888868e+00	4.336363e-06	-4.165789e-06
1.511477320265357e-02	2.888939e+00	4.336155e-06	-4.996025e-06
1.512477320265357e-02	2.889009e+00	4.335951e-06	-4.165931e-06
1.513477320265357e-02	2.889079e+00	4.335749e-06	-4.996206e-06
1.514477320265357e-02	2.889147e+00	4.335549e-06	-4.166068e-06
1.515477320265357e-02	2.889215e+00	4.335353e-06	-4.996384e-06
1.516477320265357e-02	2.889282e+00	4.335159e-06	-4.166201e-06
1.517477320265357e-02	2.889347e+00	4.334968e-06	-4.996557e-06
1.518477320265357e-02	2.889412e+00	4.334779e-06	-4.166330e-06
1.519477320265357e-02	2.889476e+00	4.334593e-06	-4.996725e-06
1.520477320265357e-02	2.889539e+00	4.334409e-06	-4.166454e-06
1.521477320265357e-02	2.889601e+00	4.334228e-06	-4.996890e-06
1.522477320265357e-02	2.889662e+00	4.334050e-06	-4.166575e-06
1.523477320265357e-02	2.889723e+00	4.333873e-06	-4.997051e-06
1.524477320265357e-02	2.889783e+00	4.333700e-06	-4.166692e-06
1.525477320265357e-02	2.889841e+00	4.333528e-06	-4.997208e-06
1.526477320265357e-02	2.889900e+00	4.333358e-06	-4.166805e-06
1.527477320265357e-02	2.889957e+00	4.333191e-06	-4.997361e-06
1.528477320265357e-02	2.890013e+00	4.333026e-06	-4.166915e-06
1.529477320265357e-02	2.890069e+00	4.332864e-06	-4.997511e-06
1.530477320265357e-02	2.890124e+00	4.332704e-06	-4.167021e-06
1.531477320265357e-02	2.890178e+00	4.332545e-06	-4.997657e-06
1.532477320265357e-02	2.890232e+00	4.332389e-06	-4.167124e-06
1.533477320265357e-02	2.890285e+00	4.332235e-06	-4.997800e-06
1.534477320265357e-02	2.890337e+00	4.332083e-06	-4.167223e-06
1.535477320265357e-02	2.890388e+00	4.331933e-06	-4.997940e-06
1.536477320265357e-02	2.890439e+00	4.331785e-06	-4.167319e-06
1.537477320265357e-02	2.890489e+00	4.331640e-06	-4.998076e-06
1.538477320265357e-02	2.890538e+00	4.331496e-06	-4.167412e-06
1.539477320265357e-02	2.890586e+00	4.331354e-06	-4.998209e-06
1.540477320265357e-02	2.890635e+00	4.331213e-06	-4.167502e-06
1.541477320265357e-02	2.890682e+00	4.331075e-06	-4.998339e-06
1.542477320265357e-02	2.890729e+00	4.330939e-06	-4.167589e-06
1.543477320265357e-02	2.890775e+00	4.330805e-06	-4.998466e-06
1.544477320265357e-02	2.890821e+00	4.330672e-06	-4.167673e-06
1.545477320265357e-02	2.890865e+00	4.330541e-06	-4.998591e-06
1.546477320265357e-02	2.890909e+00	4.330412e-06	-4.167754e-06
1.547477320265357e-02	2.890953e+00	4.330284e-06	-4.998712e-06
1.548477320265357e-02	2.890996e+00	4.330158e-06	-4.167832e-06
1.549477320265357e-02	2.891038e+00	4.330034e-06	-4.998831e-06
1.550477320265357e-02	2.891081e+00	4.329912e-06	-4.167908e-06
1.551477320265357e-02	2.891122e+00	4.329791e-06	-4.998947e-06
1.552477320265357e-02	2.891163e+00	4.329672e-06	-4.167981e-06
1.553477320265357e-02	2.891203e+00	4.329554e-06	-4.999060e-06
1.554477320265357e-02	2.891242e+00	4.329439e-06	-4.168052e-06
1.555477320265357e-02	2.891282e+00	4.329324e-06	-4.999171e-06
1.556477320265357e-02	2.891320e+00	4.329211e-06	-4.168120e-06
1.557477320265357e-02	2.891358e+00	4.329100e-06	-4.999280e-06
1.558477320265357e-02	2.891396e+00	4.328990e-06	-4.168186e-06
1.559477320265357e-02	2.891433e+00	4.328882e-06	-4.999386e-06
1.560477320265357e-02	2.891470e+00	4.328775e-06	-4.168249e-06
1.561477320265357e-02	2.891506e+00	4.328670e-06	-4.999490e-06
1.562477320265357e-02	2.891541e+00	4.328565e-06	-4.168310e-06
1.563477320265357e-02	2.891576e+00	4.328463e-06	-4.999591e-06
1.564477320265357e-02	2.891611e+00	4.328361e-06	-4.168369e-06
1.565477320265357e-02	2.891645e+00	4.328261e-06	-4.999690e-06
1.566477320265357e-02	2.891679e+00	4.328163e-06	-4.168426e-06
1.567477320265357e-02	2.891712e+00	4.328065e-06	-4.999788e-06
1.568477320265357e-02	2.891745e+00	4.327969e-06	-4.168480e-06
1.569477320265357e-02	2.891777e+00	4.327875e-06	-4.999883e-06
1.570477320265357e-02	2.891809e+00	4.327781e-06	-4.168533e-06
1.571477320265357e-02	2.891840e+00	4.327689e-06	-4.999976e-06
1.572477320265357e-02	2.891872e+00	4.327598e-06	-4.168583e-06
1.573477320265357e-02	2.891902e+00	4.327509e-06	-5.000067e-06
1.574477320265357e-02	2.891933e+00	4.327420e-06	-4.168633e-06
1.575477320265357e-02	2.891963e+00	4.327332e-06	-5.000156e-06
1.576477320265357e-02	2.891992e+00	4.327246e-06	-4.168679e-06
1.577477320265357e-02	2.892021e+00	4.327161e-06	-5.000244e-06
1.578477320265357e-02	2.892050e+00	4.327077e-06	-4.168724e-06
1.579477320265357e-02	2.892078e+00	4.326995e-06	-5.000329e-06
1.580477320265357e-02	2.892106e+00	4.326913e-06	-4.168768e-06
1.581477320265357e-02	2.892133e+00	4.326832e-06	-5.000413e-06
1.582477320265357e-02	2.892160e+00	4.326753e-06	-4.168809e-06
1.583477320265357e-02	2.892187e+00	4.326675e-06	-5.000495e-06
1.584477320265357e-02	2.892214e+00	4.326597e-06	-4.168849e-06
1.585477320265357e-02	2.892240e+00	4.326521e-06	-5.000575e-06
1.586477320265357e-02	2.892265e+00	4.326445e-06	-4.168888e-06
1.587477320265357e-02	2.892291e+00	4.326371e-06	-5.000654e-06
1.588477320265357e-02	2.892316e+00	4.326298e-06	-4.168924e-06
1.589477320265357e-02	2.892341e+00	4.326225e-06	-5.000731e-06
1.590477320265357e-02	2.892365e+00	4.326154e-06	-4.168960e-06
1.591477320265357e-02	2.892389e+00	4.326084e-06	-5.000807e-06
1.592477320265357e-02	2.892413e+00	4.326014e-06	-4.168993e-06
1.593477320265357e-02	2.892436e+00	4.325946e-06	-5.000881e-06
1.594477320265357e-02	2.892459e+00	4.325878e-06	-4.169025e-06
1.595477320265357e-02	2.892482e+00	4.325811e-06	-5.000953e-06
1.596477320265357e-02	2.892504e+00	4.325746e-06	-4.169056e-06
1.597477320265357e-02	2.892526e+00	4.325680e-06	-5.001025e-06
1.598477320265357e-02	2.892548e+00	4.325617e-06	-4.169086e-06
1.599477320265357e-02	2.892570e+00	4.325553e-06	-5.001094e-06
1.600477320265357e-02	2.892591e+00	4.325491e-06	-4.169114e-06
1.601477320265357e-02	2.892612e+00	4.325429e-06	-5.001163e-06
1.602477320265357e-02	2.892632e+00	4.325369e-06	-4.169141e-06
1.603477320265357e-02	2.892653e+00	4.325309e-06	-5.001230e-06
1.604477320265357e-02	2.892673e+00	4.325250e-06	-4.169166e-06
1.605477320265357e-02	2.892693e+00	4.325192e-06	-5.001296e-06
1.606477320265357e-02	2.892713e+00	4.325134e-06	-4.169190e-06
1.607477320265357e-02	2.892732e+00	4.325077e-06	-5.001361e-06
1.608477320265357e-02	2.892751e+00	4.325021e-06	-4.169213e-06
1.609477320265357e-02	2.892770e+00	4.324966e-06	-5.001425e-06
1.610477320265357e-02	2.892789e+00	4.324912e-06	-4.169235e-06
1.611477320265357e-02	2.892807e+00	4.324858e-06	-5.001487e-06
1.612477320265357e-02	2.892825e+00	4.324805e-06	-4.169256e-06
1.613477320265357e-02	2.892843e+00	4.324753e-06	-5.001548e-06
1.614477320265357e-02	2.892860e+00	4.324701e-06	-4.169276e-06
1.615477320265357e-02	2.892878e+00	4.324650e-06	-5.001608e-06
1.616477320265357e-02	2.892895e+00	4.324600e-06	-4.169294e-06
1.617477320265357e-02	2.892912e+00	4.324550e-06	-5.001667e-06
1.618477320265357e-02	2.892929e+00	4.324501e-06	-4.169312e-06
1.619477320265357e-02	2.892945e+00	4.324453e-06	-5.001725e-06
1.620477320265357e-02	2.892961e+00	4.324405e-06	-4.169328e-06
1.621477320265357e-02	2.892978e+00	4.324358e-06	-5.001782e-06
1.622477320265357e-02	2.892993e+00	4.324312e-06	-4.169344e-06
1.623477320265357e-02	2.893009e+00	4.324266e-06	-5.001838e-06
1.624477320265357e-02	2.893024e+00	4.324221e-06	-4.169359e-06
1.625477320265357e-02	2.893039e+00	4.324176e-06	-5.001893e-06
1.626477320265357e-02	2.893054e+00	4.324133e-06	-4.169372e-06
1.627477320265357e-02	2.893069e+00	4.324089e-06	-5.001947e-06
1.628477320265357e-02	2.893084e+00	4.324046e-06	-4.169385e-06
1.629477320265357e-02	2.893098e+00	4.324004e-06	-5.002000e-06
1.630477320265357e-02	2.893112e+00	4.323962e-06	-4.169397e-06
1.631477320265357e-02	2.893126e+00	4.323922e-06	-5.002053e-06
1.632477320265357e-02	2.893140e+00	4.323881e-06	-4.169408e-06
1.633477320265357e-02	2.893153e+00	4.323841e-06	-5.002104e-06
1.634477320265357e-02	2.893167e+00	4.323801e-06	-4.169418e-06
1.635477320265357e-02	2.893180e+00	4.323762e-06	-5.002154e-06
1.636477320265357e-02	2.893193e+00	4.323724e-06	-4.169427e-06
1.637477320265357e-02	2.893206e+00	4.323686e-06	-5.002204e-06
1.638477320265357e-02	2.893219e+00	4.323649e-06	-4.169436e-06
1.639477320265357e-02	2.893231e+00	4.323612e-06	-5.002253e-06
1.640477320265357e-02	2.893244e+00	4.323575e-06	-4.169444e-06
1.641477320265357e-02	2.893256e+00	4.323540e-06	-5.002301e-06
1.642477320265357e-02	2.893268e+00	4.323504e-06	-4.169451e-06
1.643477320265357e-02	2.893280e+00	4.323469e-06	-5.002348e-06
1.644477320265357e-02	2.893291e+00	4.323434e-06	-4.169457e-06
1.645477320265357e-02	2.893303e+00	4.323400e-06	-5.002395e-06
1.646477320265357e-02	2.893315e+00	4.323367e-06	-4.169463e-06
1.647477320265357e-02	2.893326e+00	4.323334e-06	-5.002441e-06
1.648477320265357e-02	2.893337e+00	4.323301e-06	-4.169468e-06
1.649477320265357e-02	2.893348e+00	4.323269e-06	-5.002486e-06
1.650477320265357e-02	2.893359e+00	4.323237e-06	-4.169473e-06
1.651477320265357e-02	2.893369e+00	4.323206e-06	-5.002531e-06
1.652477320265357e-02	2.893380e+00	4.323174e-06	-4.169476e-06
1.653477320265357e-02	2.893391e+00	4.323144e-06	-5.002575e-06
1.654477320265357e-02	2.893401e+00	4.323114e-06	-4.169479e-06
1.655477320265357e-02	2.893411e+00	4.323084e-06	-5.002618e-06
1.656477320265357e-02	2.893421e+00	4.323055e-06	-4.169481e-06
1.657477320265357e-02	2.893431e+00	4.323026e-06	-5.002660e-06
1.658477320265357e-02	2.893441e+00	4.322997e-06	-4.169483e-06
1.659477320265357e-02	2.893450e+00	4.322969e-06	-5.002702e-06
1.660477320265357e-02	2.893460e+00	4.322941e-06	-4.169484e-06
1.661477320265357e-02	2.893469e+00	4.322914e-06	-5.002744e-06
1.662477320265357e-02	2.893478e+00	4.322887e-06	-4.169485e-06
1.663477320265357e-02	2.893487e+00	4.322860e-06	-5.002784e-06
1.664477320265357e-02	2.893496e+00	4.322833e-06	-4.169485e-06
1.665477320265357e-02	2.893505e+00	4.322807e-06	-5.002825e-06
1.666477320265357e-02	2.893514e+00	4.322782e-06	-4.169485e-06
1.667477320265357e-02	2.893523e+00	4.322756e-06	-5.002864e-06
1.668477320265357e-02	2.893531e+00	4.322731e-06	-4.169483e-06
1.669477320265357e-02	2.893539e+00	4.322706e-06	-5.002903e-06
1.670477320265357e-02	2.893547e+00	4.322682e-06	-4.169482e-06
1.671477320265357e-02	2.893556e+00	4.322658e-06	-5.002942e-06
1.672477320265357e-02	2.893564e+00	4.322635e-06	-4.169480e-06
1.673477320265357e-02	2.893572e+00	4.322611e-06	-5.002980e-06
1.674477320265357e-02	2.893580e+00	4.322588e-06	-4.169478e-06
1.675477320265357e-02	2.893587e+00	4.322565e-06	-5.003018e-06
1.676477320265357e-02	2.893595e+00	4.322543e-06	-4.169475e-06
1.677477320265357e-02	2.893603e+00	4.322521e-06	-5.003055e-06
1.678477320265357e-02	2.893610e+00	4.322499e-06	-4.169472e-06
1.679477320265357e-02	2.893617e+00	4.322477e-06	-5.003092e-06
1.680477320265357e-02	2.893625e+00	4.322456e-06	-4.169468e-06
1.681477320265357e-02	2.893632e+00	4.322435e-06	-5.003128e-06
1.682477320265357e-02	2.893639e+00	4.322414e-06	-4.169463e-06
1.683477320265357e-02	2.893645e+00	4.322394e-06	-5.003164e-06
1.684477320265357e-02	2.893653e+00	4.322374e-06	-4.169459e-06
1.685477320265357e-02	2.893659e+00	4.322354e-06	-5.003199e-06
1.686477320265357e-02	2.893666e+00	4.322334e-06	-4.169454e-06
1.687477320265357e-02	2.893673e+00	4.322315e-06	-5.003234e-06
1.688477320265357e-02	2.893679e+00	4.322296e-06	-4.169448e-06
1.689477320265357e-02	2.893685e+00	4.322277e-06	-5.003269e-06
1.690477320265357e-02	2.893692e+00	4.322259e-06	-4.169442e-06
1.691477320265357e-02	2.893698e+00	4.322240e-06	-5.003303e-06
1.692477320265357e-02	2.893704e+00	4.322222e-06	-4.169436e-06
1.693477320265357e-02	2.893710e+00	4.322204e-06	-5.003336e-06
1.694477320265357e-02	2.893716e+00	4.322186e-06	-4.169430e-06
1.695477320265357e-02	2.893722e+00	4.322169e-06	-5.003370e-06
1.696477320265357e-02	2.893728e+00	4.322152e-06	-4.169422e-06
1.697477320265357e-02	2.893734e+00	4.322135e-06	-5.003403e-06
1.698477320265357e-02	2.893740e+00	4.322118e-06	-4.169415e-06
1.699477320265357e-02	2.893745e+00	4.322102e-06	-5.003435e-06
1.700477320265357e-02	2.893751e+00	4.322085e-06	-4.169408e-06
1.701477320265357e-02	2.893756e+00	4.322069e-06	-5.003468e-06
1.702477320265357e-02	2.893761e+00	4.322053e-06	-4.169400e-06
1.703477320265357e-02	2.893767e+00	4.322038e-06	-5.003500e-06
1.704477320265357e-02	2.893772e+00	4.322023e-06	-4.169392e-06
1.705477320265357e-02	2.893777e+00	4.322007e-06	-5.003531e-06
1.706477320265357e-02	2.893782e+00	4.321992e-06	-4.169383e-06
1.707477320265357e-02	2.893787e+00	4.321977e-06	-5.003562e-06
1.708477320265357e-02	2.893792e+00	4.321962e-06	-4.169374e-06
1.709477320265357e-02	2.893797e+00	4.321948e-06	-5.003593e-06
1.710477320265357e-02	2.893802e+00	4.321934e-06	-4.169365e-06
1.711477320265357e-02	2.893807e+00	4.321920e-06	-5.003624e-06
1.712477320265357e-02	2.893811e+00	4.321906e-06	-4.169356e-06
1.713477320265357e-02	2.893816e+00	4.321892e-06	-5.003655e-06
1.714477320265357e-02	2.893821e+00	4.321879e-06	-4.169346e-06
1.715477320265357e-02	2.893825e+00	4.321866e-06	-5.003685e-06
1.716477320265357e-02	2.893830e+00	4.321852e-06	-4.169336e-06
1.717477320265357e-02	2.893834e+00	4.321840e-06	-5.003714e-06
1.718477320265357e-02	2.893838e+00	4.321827e-06	-4.169326e-06
1.719477320265357e-02	2.893842e+00	4.321814e-06	-5.003744e-06
1.720477320265357e-02	2.893847e+00	4.321801e-06	-4.169316e-06
1.721477320265357e-02	2.893851e+00	4.321790e-06	-5.003773e-06
1.722477320265357e-02	2.893855e+00	4.321777e-06	-4.169305e-06
1.723477320265357e-02	2.893859e+00	4.321765e-06	-5.003802e-06
1.724477320265357e-02	2.893863e+00	4.321753e-06	-4.169294e-06
1.725477320265357e-02	2.893867e+00	4.321742e-06	-5.003831e-06
1.726477320265357e-02	2.893871e+00	4.321731e-06	-4.169282e-06
1.727477320265357e-02	2.893875e+00	4.321719e-06	-5.003859e-06
1.728477320265357e-02	2.893878e+00	4.321708e-06	-4.169271e-06
1.729477320265357e-02	2.893882e+00	4.321697e-06	-5.003888e-06
1.730477320265357e-02	2.893886e+00	4.321686e-06	-4.169260e-06
1.731477320265357e-02	2.893890e+00	4.321675e-06	-5.003916e-06
1.732477320265357e-02	2.893893e+00	4.321665e-06	-4.169248e-06
1.733477320265357e-02	2.893897e+00	4.321654e-06	-5.003943e-06
1.734477320265357e-02	2.893900e+00	4.321644e-06	-4.169236e-06
1.735477320265357e-02	2.893904e+00	4.321634e-06	-5.003971e-06
1.736477320265357e-02	2.893907e+00	4.321623e-06	-4.169224e-06
1.737477320265357e-02	2.893911e+00	4.321614e-06	-5.003998e-06
1.738477320265357e-02	2.893914e+00	4.321604e-06	-4.169211e-06
1.739477320265357e-02	2.893917e+00	4.321594e-06	-5.004026e-06
1.740477320265357e-02	2.893920e+00	4.321585e-06	-4.169198e-06
1.741477320265357e-02	2.893923e+00	4.321575e-06	-5.004053e-06
1.742477320265357e-02	2.893927e+00	4.321566e-06	-4.169186e-06
1.743477320265357e-02	2.893929e+00	4.321557e-06	-5.004079e-06
1.744477320265357e-02	2.893933e+00	4.321548e-06	-4.169173e-06
1.745477320265357e-02	2.893936e+00	4.321539e-06	-5.004106e-06
1.746477320265357e-02	2.893939e+00	4.321530e-06	-4.169160e-06
1.747477320265357e-02	2.893941e+00	4.321521e-06	-5.004132e-06
1.748477320265357e-02	2.893945e+00	4.321513e-06	-4.169146e-06
1.749477320265357e-02	2.893947e+00	4.321505e-06	-5.004159e-06
1.750477320265357e-02	2.893950e+00	4.321496e-06	-4.169133e-06
1.751477320265357e-02	2.893953e+00	4.321488e-06	-5.004184e-06
1.752477320265357e-02	2.893956e+00	4.321480e-06	-4.169119e-06
1.753477320265357e-02	2.893958e+00	4.321472e-06	-5.004210e-06
1.754477320265357e-02	2.893961e+00	4.321464e-06	-4.169106e-06
1.755477320265357e-02	2.893964e+00	4.321456e-06	-5.004236e-06
1.756477320265357e-02	2.893966e+00	4.321449e-06	-4.169091e-06
1.757477320265357e-02	2.893969e+00	4.321441e-06	-5.004261e-06
1.758477320265357e-02	2.893972e+00	4.321433e-06	-4.169077e-06
1.759477320265357e-02	2.893974e+00	4.321426e-06	-5.004287e-06
1.760477320265357e-02	2.893976e+00	4.321419e-06	-4.169063e-06
1.761477320265357e-02	2.893979e+00	4.321411e-06	-5.004312e-06
1.762477320265357e-02	2.893982e+00	4.321404e-06	-4.169049e-06
1.763477320265357e-02	2.893983e+00	4.321397e-06	-5.004337e-06
1.764477320265357e-02	2.893986e+00	4.321390e-06	-4.169034e-06
1.765477320265357e-02	2.893988e+00	4.321384e-06	-5.004361e-06
1.766477320265357e-02	2.893991e+00	4.321377e-06	-4.169020e-06
1.767477320265357e-02	2.893993e+00	4.321370e-06	-5.004386e-06
1.768477320265357e-02	2.893995e+00	4.321364e-06	-4.169005e-06
1.769477320265357e-02	2.893997e+00	4.321357e-06	-5.004411e-06
1.770477320265357e-02	2.894000e+00	4.321350e-06	-4.168990e-06
1.771477320265357e-02	2.894002e+00	4.321344e-06	-5.004435e-06
1.772477320265357e-02	2.894004e+00	4.321338e-06	-4.168975e-06
1.773477320265357e-02	2.894006e+00	4.321332e-06	-5.004460e-06
1.774477320265357e-02	2.894008e+00	4.321326e-06	-4.168960e-06
1.775477320265357e-02	2.894010e+00	4.321320e-06	-5.004484e-06
1.776477320265357e-02	2.894012e+00	4.321314e-06	-4.168945e-06
1.777477320265357e-02	2.894014e+00	4.321309e-06	-5.004508e-06
1.778477320265357e-02	2.894016e+00	4.321303e-06	-4.168930e-06
1.779477320265357e-02	2.894018e+00	4.321297e-06	-5.004531e-06
1.780477320265357e-02	2.894020e+00	4.321291e-06	-4.168914e-06
1.781477320265357e-02	2.894021e+00	4.321286e-06	-5.004555e-06
1.782477320265357e-02	2.894023e+00	4.321280e-06	-4.168899e-06
1.783477320265357e-02	2.894025e+00	4.321275e-06	-5.004579e-06
1.784477320265357e-02	2.894027e+00	4.321269e-06	-4.168883e-06
1.785477320265357e-02	2.894028e+00	4.321264e-06	-5.004602e-06
1.786477320265357e-02	2.894030e+00	4.321259e-06	-4.168867e-06
1.787477320265357e-02	2.894032e+00	4.321254e-06	-5.004626e-06
1.788477320265357e-02	2.894034e+00	4.321249e-06	-4.168851e-06
1.789477320265357e-02	2.894036e+00	4.321244e-06	-5.004649e-06
1.790477320265357e-02	2.894037e+00	4.321239e-06	-4.168835e-06
1.791477320265357e-02	2.894039e+00	4.321235e-06	-5.004672e-06
1.792477320265357e-02	2.894040e+00	4.321230e-06	-4.168819e-06
1.793477320265357e-02	2.894042e+00	4.321225e-06	-5.004696e-06
1.794477320265357e-02	2.894044e+00	4.321220e-06	-4.168803e-06
1.795477320265357e-02	2.894045e+00	4.321216e-06	-5.004718e-06
1.796477320265357e-02	2.894047e+00	4.321211e-06	-4.168787e-06
1.797477320265357e-02	2.894048e+00	4.321207e-06	-5.004741e-06
1.798477320265357e-02	2.894050e+00	4.321203e-06	-4.168771e-06
1.799477320265357e-02	2.894051e+00	4.321199e-06	-5.004764e-06
1.800477320265357e-02	2.894053e+00	4.321194e-06	-4.168754e-06
1.801477320265357e-02	2.894054e+00	4.321190e-06	-5.004787e-06
1.802477320265357e-02	2.894055e+00	4.321186e-06	-4.168738e-06
1.803477320265357e-02	2.894057e+00	4.321182e-06	-5.004809e-06
1.804477320265357e-02	2.894058e+00	4.321178e-06	-4.168722e-06
1.805477320265357e-02	2.894060e+00	4.321173e-06	-5.004832e-06
1.806477320265357e-02	2.894061e+00	4.321169e-06	-4.168705e-06
1.807477320265357e-02	2.894062e+00	4.321166e-06	-5.004854e-06
1.808477320265357e-02	2.894063e+00	4.321162e-06	-4.168689e-06
1.809477320265357e-02	2.894065e+00	4.321158e-06	-5.004877e-06
1.810477320265357e-02	2.894066e+00	4.321154e-06	-4.168672e-06
1.811477320265357e-02	2.894067e+00	4.321150e-06	-5.004899e-06
1.812477320265357e-02	2.894068e+00	4.321147e-06	-4.168655e-06
1.813477320265357e-02	2.894069e+00	4.321143e-06	-5.004921e-06
1.814477320265357e-02	2.894071e+00	4.321140e-06	-4.168638e-06
1.815477320265357e-02	2.894072e+00	4.321136e-06	-5.004943e-06
1.816477320265357e-02	2.894073e+00	4.321133e-06	-4.168621e-06
1.817477320265357e-02	2.894074e+00	4.321129e-06	-5.004965e-06
1.818477320265357e-02	2.894076e+00	4.321126e-06	-4.168604e-06
1.819477320265357e-02	2.894077e+00	4.321123e-06	-5.004987e-06
1.820477320265357e-02	2.894078e+00	4.321119e-06	-4.168588e-06
1.821477320265357e-02	2.894079e+00	4.321116e-06	-5.005009e-06
1.822477320265357e-02	2.894080e+00	4.321113e-06	-4.168570e-06
1.823477320265357e-02	2.894081e+00	4.321110e-06	-5.005030e-06
1.824477320265357e-02	2.894082e+00	4.321107e-06	-4.168553e-06
1.825477320265357e-02	2.894083e+00	4.321103e-06	-5.005052e-06
1.826477320265357e-02	2.894084e+00	4.321101e-06	-4.168536e-06
1.827477320265357e-02	2.894085e+00	4.321098e-06	-5.005074e-06
1.828477320265357e-02	2.894086e+00	4.321095e-06	-4.168519e-06
1.829477320265357e-02	2.894087e+00	4.321092e-06	-5.005095e-06
1.830477320265357e-02	2.894088e+00	4.321089e-06	-4.168502e-06
1.831477320265357e-02	2.894089e+00	4.321086e-06	-5.005117e-06
1.832477320265357e-02	2.894090e+00	4.321083e-06	-4.168484e-06
1.833477320265357e-02	2.894091e+00	4.321081e-06	-5.005138e-06
1.834477320265357e-02	2.894092e+00	4.321078e-06	-4.168467e-06
1.835477320265357e-02	2.894093e+00	4.321075e-06	-5.005159e-06
1.836477320265357e-02	2.894094e+00	4.321073e-06	-4.168450e-06
1.837477320265357e-02	2.894094e+00	4.321070e-06	-5.005181e-06
1.838477320265357e-02	2.894095e+00	4.321067e-06	-4.168432e-06
1.839477320265357e-02	2.894096e+00	4.321065e-06	-5.005202e-06
1.840477320265357e-02	2.894097e+00	4.321062e-06	-4.168415e-06
1.841477320265357e-02	2.894098e+00	4.321060e-06	-5.005223e-06
1.842477320265357e-02	2.894099e+00	4.321058e-06	-4.168397e-06
1.843477320265357e-02	2.894099e+00	4.321055e-06	-5.005244e-06
1.844477320265357e-02	2.894101e+00	4.321053e-06	-4.168380e-06
1.845477320265357e-02	2.894101e+00	4.321050e-06	-5.005265e-06
1.846477320265357e-02	2.894102e+00	4.321048e-06	-4.168362e-06
1.847477320265357e-02	2.894103e+00	4.321046e-06	-5.005286e-06
1.848477320265357e-02	2.894103e+00	4.321043e-06	-4.168344e-06
1.849477320265357e-02	2.894104e+00	4.321041e-06	-5.005307e-06
1.850477320265357e-02	2.894105e+00	4.321039e-06	-4.168327e-06
1.851477320265357e-02	2.894106e+00	4.321037e-06	-5.005328e-06
1.852477320265357e-02	2.894106e+00	4.321035e-06	-4.168309e-06
1.853477320265357e-02	2.894107e+00	4.321033e-06	-5.005349e-06
1.854477320265357e-02	2.894108e+00	4.321030e-06	-4.168292e-06
1.855477320265357e-02	2.894109e+00	4.321028e-06	-5.005370e-06
1.856477320265357e-02	2.894109e+00	4.321026e-06	-4.168274e-06
1.857477320265357e-02	2.894110e+00	4.321024e-06	-5.005390e-06
1.858477320265357e-02	2.894110e+00	4.321023e-06	-4.168256e-06
1.859477320265357e-02	2.894111e+00	4.321020e-06	-5.005411e-06
1.860477320265357e-02	2.894112e+00	4.321018e-06	-4.168238e-06
1.861477320265357e-02	2.894112e+00	4.321017e-06	-5.005432e-06
1.862477320265357e-02	2.894113e+00	4.321015e-06	-4.168220e-06
1.863477320265357e-02	2.894114e+00	4.321013e-06	-5.005452e-06
1.864477320265357e-02	2.894114e+00	4.321011e-06	-4.168202e-06
1.865477320265357e-02	2.894115e+00	4.321009e-06	-5.005473e-06
1.866477320265357e-02	2.894116e+00	4.321008e-06	-4.168185e-06
1.867477320265357e-02	2.894116e+00	4.321006e-06	-5.005494e-06
1.868477320265357e-02	2.894117e+00	4.321004e-06	-4.168166e-06
1.869477320265357e-02	2.894117e+00	4.321002e-06	-5.005514e-06
1.870477320265357e-02	2.894118e+00	4.321001e-06	-4.168149e-06
1.871477320265357e-02	2.894119e+00	4.320999e-06	-5.005534e-06
1.872477320265357e-02	2.894119e+00	4.320998e-06	-4.168131e-06
1.873477320265357e-02	2.894120e+00	4.320996e-06	-5.005555e-06
1.874477320265357e-02	2.894120e+00	4.320994e-06	-4.168113e-06
1.875477320265357e-02	2.894120e+00	4.320993e-06	-5.005575e-06
1.876477320265357e-02	2.894121e+00	4.320991e-06	-4.168095e-06
1.877477320265357e-02	2.894122e+00	4.320989e-06	-5.005596e-06
1.878477320265357e-02	2.894122e+00	4.320988e-06	-4.168076e-06
1.879477320265357e-02	2.894123e+00	4.320986e-06	-5.005616e-06
1.880477320265357e-02	2.894123e+00	4.320985e-06	-4.168059e-06
1.881477320265357e-02	2.894124e+00	4.320983e-06	-5.005636e-06
1.882477320265357e-02	2.894124e+00	4.320982e-06	-4.168041e-06
1.883477320265357e-02	2.894125e+00	4.320981e-06	-5.005656e-06
1.884477320265357e-02	2.894125e+00	4.320979e-06	-4.168022e-06
1.885477320265357e-02	2.894126e+00	4.320978e-06	-5.005676e-06
1.886477320265357e-02	2.894126e+00	4.320977e-06	-4.168004e-06
1.887477320265357e-02	2.894127e+00	4.320975e-06	-5.005696e-06
1.888477320265357e-02	2.894127e+00	4.320974e-06	-4.167986e-06
1.889477320265357e-02	2.894127e+00	4.320972e-06	-5.005716e-06
1.890477320265357e-02	2.894128e+00	4.320971e-06	-4.167968e-06
1.891477320265357e-02	2.894128e+00	4.320970e-06	-5.005736e-06
1.892477320265357e-02	2.894129e+00	4.320969e-06	-4.167950e-06
1.893477320265357e-02	2.894129e+00	4.320967e-06	-5.005756e-06
1.894477320265357e-02	2.894130e+00	4.320966e-06	-4.167932e-06
1.895477320265357e-02	2.894130e+00	4.320965e-06	-5.005776e-06
1.896477320265357e-02	2.894130e+00	4.320964e-06	-4.167914e-06
1.897477320265357e-02	2.894131e+00	4.320962e-06	-5.005796e-06
1.898477320265357e-02	2.894131e+00	4.320962e-06	-4.167895e-06
1.899477320265357e-02	2.894131e+00	4.320960e-06	-5.005816e-06
1.900477320265357e-02	2.894132e+00	4.320959e-06	-4.167877e-06
1.901477320265357e-02	2.894132e+00	4.320958e-06	-5.005836e-06
1.902477320265357e-02	2.894133e+00	4.320957e-06	-4.167859e-06
1.903477320265357e-02	2.894133e+00	4.320956e-06	-5.005856e-06
1.904477320265357e-02	2.894133e+00	4.320955e-06	-4.167840e-06
1.905477320265357e-02	2.894134e+00	4.320954e-06	-5.005876e-06
1.906477320265357e-02	2.894134e+00	4.320953e-06	-4.167822e-06
1.907477320265357e-02	2.894134e+00	4.320952e-06	-5.005895e-06
1.908477320265357e-02	2.894135e+00	4.320951e-06	-4.167804e-06
1.909477320265357e-02	2.894135e+00	4.320949e-06	-5.005915e-06
1.910477320265357e-02	2.894135e+00	4.320948e-06	-4.167786e-06
1.911477320265357e-02	2.894136e+00	4.320947e-06	-5.005935e-06
1.912477320265357e-02	2.894136e+00	4.320947e-06	-4.167768e-06
1.913477320265357e-02	2.894137e+00	4.320946e-06	-5.005954e-06
1.914477320265357e-02	2.894136e+00	4.320945e-06	-4.167749e-06
1.915477320265357e-02	2.894137e+00	4.320944e-06	-5.005974e-06
1.916477320265357e-02	2.894137e+00	4.320943e-06	-4.167731e-06
1.917477320265357e-02	2.894137e+00	4.320942e-06	-5.005993e-06
1.918477320265357e-02	2.894138e+00	4.320941e-06	-4.167713e-06
1.919477320265357e-02	2.894138e+00	4.320940e-06	-5.006013e-06
1.920477320265357e-02	2.894138e+00	4.320939e-06	-4.167694e-06
1.921477320265357e-02	2.894139e+00	4.320938e-06	-5.006033e-06
1.922477320265357e-02	2.894139e+00	4.320937e-06	-4.167676e-06
1.923477320265357e-02	2.894140e+00	4.320937e-06	-5.006053e-06
1.924477320265357e-02	2.894140e+00	4.320936e-06	-4.167658e-06
1.925477320265357e-02	2.894140e+00	4.320935e-06	-5.006072e-06
1.926477320265357e-02	2.894140e+00	4.320935e-06	-4.167639e-06
1.927477320265357e-02	2.894140e+00	4.320934e-06	-5.006091e-06
1.928477320265357e-02	2.894141e+00	4.320933e-06	-4.167621e-06
1.929477320265357e-02	2.894141e+00	4.320932e-06	-5.006111e-06
1.930477320265357e-02	2.894141e+00	4.320932e-06	-4.167603e-06
1.931477320265357e-02	2.894141e+00	4.320931e-06	-5.006130e-06
1.932477320265357e-02	2.894142e+00	4.320930e-06	-4.167584e-06
1.933477320265357e-02	2.894142e+00	4.320929e-06	-5.006150e-06
1.934477320265357e-02	2.894142e+00	4.320928e-06	-4.167566e-06
1.935477320265357e-02	2.894142e+00	4.320927e-06	-5.006169e-06
1.936477320265357e-02	2.894143e+00	4.320927e-06	-4.167548e-06
1.937477320265357e-02	2.894143e+00	4.320926e-06	-5.006189e-06
1.938477320265357e-02	2.894143e+00	4.320926e-06	-4.167529e-06
1.939477320265357e-02	2.894143e+00	4.320925e-06	-5.006208e-06
1.940477320265357e-02	2.894144e+00	4.320924e-06	-4.167511e-06
1.941477320265357e-02	2.894144e+00	4.320923e-06	-5.006227e-06
1.942477320265357e-02	2.894144e+00	4.320923e-06	-4.167493e-06
1.943477320265357e-02	2.894144e+00	4.320922e-06	-5.006246e-06
1.944477320265357e-02	2.894145e+00	4.320922e-06	-4.167474e-06
1.945477320265357e-02	2.894145e+00	4.320921e-06	-5.006266e-06
1.946477320265357e-02	2.894145e+00	4.320921e-06	-4.167456e-06
1.947477320265357e-02	2.894145e+00	4.320920e-06	-5.006285e-06
1.948477320265357e-02	2.894145e+00	4.320919e-06	-4.167438e-06
1.949477320265357e-02	2.894145e+00	4.320918e-06	-5.006304e-06
1.950477320265357e-02	2.894145e+00	4.320918e-06	-4.167419e-06
1.951477320265357e-02	2.894146e+00	4.320917e-06	-5.006324e-06
1.952477320265357e-02	2.894146e+00	4.320917e-06	-4.167401e-06
1.953477320265357e-02	2.894146e+00	4.320917e-06	-5.006343e-06
1.954477320265357e-02	2.894147e+00	4.320916e-06	-4.167382e-06
1.955477320265357e-02	2.894146e+00	4.320915e-06	-5.006362e-06
1.956477320265357e-02	2.894147e+00	4.320915e-06	-4.167364e-06
1.957477320265357e-02	2.894147e+00	4.320914e-06	-5.006381e-06
1.958477320265357e-02	2.894147e+00	4.320914e-06	-4.167346e-06
1.959477320265357e-02	2.894148e+00	4.320913e-06	-5.006400e-06
1.960477320265357e-02	2.894147e+00	4.320913e-06	-4.167327e-06
1.961477320265357e-02	2.894148e+00	4.320912e-06	-5.006419e-06
1.962477320265357e-02	2.894148e+00	4.320912e-06	-4.167309e-06
1.963477320265357e-02	2.894148e+00	4.320911e-06	-5.006438e-06
1.964477320265357e-02	2.894148e+00	4.320911e-06	-4.167290e-06
1.965477320265357e-02	2.894148e+00	4.320910e-06	-5.006457e-06
1.966477320265357e-02	2.894148e+00	4.320910e-06	-4.167272e-06
1.967477320265357e-02	2.894149e+00	4.320909e-06	-5.006476e-06
1.968477320265357e-02	2.894149e+00	4.320909e-06	-4.167253e-06
1.969477320265357e-02	2.894149e+00	4.320908e-06	-5.006495e-06
1.970477320265357e-02	2.894149e+00	4.320908e-06	-4.167235e-06
1.971477320265357e-02	2.894150e+00	4.320907e-06	-5.006515e-06
1.972477320265357e-02	2.894149e+00	4.320907e-06	-4.167217e-06
1.973477320265357e-02	2.894150e+00	4.320907e-06	-5.006534e-06
1.974477320265357e-02	2.894150e+00	4.320906e-06	-4.167198e-06
1.975477320265357e-02	2.894150e+00	4.320906e-06	-5.006552e-06
1.976477320265357e-02	2.894150e+00	4.320906e-06	-4.167180e-06
1.977477320265357e-02	2.894150e+00	4.320905e-06	-5.006571e-06
1.978477320265357e-02	2.894150e+00	4.320905e-06	-4.167161e-06
1.979477320265357e-02	2.894150e+00	4.320904e-06	-5.006591e-06
1.980477320265357e-02	2.894150e+00	4.320904e-06	-4.167143e-06
1.981477320265357e-02	2.894151e+00	4.320903e-06	-5.006610e-06
1.982477320265357e-02	2.894151e+00	4.320903e-06	-4.167125e-06
1.983477320265357e-02	2.894151e+00	4.320902e-06	-5.006628e-06
1.984477320265357e-02	2.894151e+00	4.320902e-06	-4.167106e-06
1.985477320265357e-02	2.894151e+00	4.320902e-06	-5.006647e-06
1.986477320265357e-02	2.894151e+00	4.320902e-06	-4.167088e-06
1.987477320265357e-02	2.894151e+00	4.320901e-06	-5.006666e-06
1.988477320265357e-02	2.894152e+00	4.320901e-06	-4.167070e-06
1.989477320265357e-02	2.894152e+00	4.320900e-06	-5.006685e-06
1.990477320265357e-02	2.894152e+00	4.320900e-06	-4.167051e-06
1.991477320265357e-02	2.894152e+00	4.320900e-06	-5.006704e-06
1.992477320265357e-02	2.894152e+00	4.320899e-06	-4.167033e-06
1.993477320265357e-02	2.894152e+00	4.320899e-06	-5.006723e-06
1.994477320265357e-02	2.894152e+00	4.320899e-06	-4.167015e-06
1.995477320265357e-02	2.894152e+00	4.320898e-06	-5.006742e-06
1.996477320265357e-02	2.894152e+00	4.320898e-06	-4.166996e-06
1.997477320265357e-02	2.894153e+00	4.320898e-06	-5.006760e-06
1.998477320265357e-02	2.894153e+00	4.320897e-06	-4.166978e-06
1.999477320265357e-02	2.894153e+00	4.320897e-06	-5.006779e-06
2.000000000000000e-02	2.894153e+00	4.320897e-06	-4.166951e-06
