time	V(out_pos,out_1)	I(Vcell22)
Step Information: Rtierra=1K  (Step: 1/3)
0.000000000000000e+00	-1.654625e-04	-2.599899e-07
9.999999439624929e-11	-1.654625e-04	-2.593297e-07
1.999999887924986e-10	-1.654625e-04	-2.586957e-07
1.599999910339989e-09	-1.654625e-04	-2.500400e-07
3.199999820679977e-09	-1.654625e-04	-2.410024e-07
6.399999641359955e-09	-1.657009e-04	-2.251243e-07
1.279999928271991e-08	-1.666546e-04	-1.992740e-07
2.559999856543982e-08	-1.695156e-04	-1.595055e-07
4.832632964564033e-08	-1.873970e-04	-1.043938e-07
7.268450235996544e-08	-2.405643e-04	-7.508007e-08
8.552483014548437e-08	-2.276897e-04	-1.320661e-07
9.484783330967820e-08	-1.838207e-04	-2.391463e-07
1.055943134341853e-07	-1.513958e-04	-3.794371e-07
1.180886427044214e-07	-1.406670e-04	-5.199655e-07
1.354371590038506e-07	-1.289845e-04	-6.888698e-07
1.694984451979280e-07	-1.232624e-04	-9.713640e-07
2.005438703043602e-07	-1.034737e-04	-1.167156e-06
2.438705128224813e-07	-1.266003e-04	-1.304905e-06
2.865339434232615e-07	-3.089905e-04	-1.304045e-06
3.406795848299077e-07	-4.870892e-04	-1.262301e-06
4.104646884867648e-07	-6.277561e-04	-1.212744e-06
5.318930473965159e-07	-8.633137e-04	-1.134418e-06
7.747497652160180e-07	-1.334429e-03	-1.019826e-06
1.002847587592353e-06	-1.774788e-03	-9.482380e-07
1.310015757946488e-06	-2.364874e-03	-8.887397e-07
1.608294068308806e-06	-2.935171e-03	-8.545278e-07
2.028008297189452e-06	-3.733158e-03	-8.291754e-07
2.484782997788043e-06	-4.595757e-03	-8.156965e-07
3.167894400648460e-06	-5.874395e-03	-8.079591e-07
4.029785074728137e-06	-7.467985e-03	-8.040144e-07
5.459387810585210e-06	-1.006746e-02	-8.018924e-07
7.158384011601894e-06	-1.309323e-02	-8.037365e-07
9.124768981408955e-06	-1.651716e-02	-8.695724e-07
1.086630630525475e-05	-1.948500e-02	-1.323826e-06
1.202541852449334e-05	-2.142501e-02	-2.215482e-06
1.309122056930475e-05	-2.318811e-02	-3.547520e-06
1.445252895705438e-05	-2.542591e-02	-5.544788e-06
1.601568911172885e-05	-2.798510e-02	-7.842960e-06
1.754051312088354e-05	-3.047824e-02	-9.899808e-06
1.914372763067543e-05	-3.309989e-02	-1.175820e-05
2.112360503277377e-05	-3.634143e-02	-1.352505e-05
2.364394668607745e-05	-4.047418e-02	-1.513078e-05
2.555448439212388e-05	-4.361367e-02	-1.575978e-05
2.762353205755586e-05	-4.701900e-02	-1.564283e-05
2.982967013907755e-05	-5.064511e-02	-1.517221e-05
3.195577952268415e-05	-5.412960e-02	-1.467338e-05
3.821389348050534e-05	-6.430507e-02	-1.328133e-05
4.287248871560025e-05	-7.179999e-02	-1.233717e-05
5.051237716527377e-05	-8.398914e-02	-1.094697e-05
5.350046391974512e-05	-8.872294e-02	-1.045081e-05
5.534896456332560e-05	-9.097910e-02	-1.015736e-05
5.639803900271428e-05	-8.661604e-02	-1.399887e-05
5.676670473442914e-05	-7.679200e-02	-7.619419e-05
5.698381442500085e-05	-6.560969e-02	-7.251595e-05
5.718178533598203e-05	-5.409408e-02	-7.014675e-05
5.741344516708435e-05	-4.135323e-02	-7.203896e-05
5.753936727407384e-05	-3.611422e-02	-1.187550e-04
5.767428027212904e-05	-3.299260e-02	-2.595919e-04
5.778903167053237e-05	-3.126407e-02	-4.209630e-04
5.791193964114270e-05	-2.929020e-02	-6.228635e-04
5.806259287632255e-05	-2.644491e-02	-9.054556e-04
5.830377980030284e-05	-2.126431e-02	-1.422912e-03
5.859929034314169e-05	-1.415396e-02	-2.141559e-03
5.890578324561404e-05	-6.045103e-03	-2.962500e-03
5.924517938476210e-05	3.649235e-03	-3.941067e-03
5.964824335975937e-05	1.591253e-02	-5.177261e-03
6.015097996462393e-05	3.208089e-02	-6.806753e-03
6.080459237754655e-05	5.425811e-02	-9.035172e-03
6.192554433181221e-05	9.428596e-02	-1.306301e-02
6.354782319133544e-05	1.545534e-01	-1.919142e-02
6.455542445991559e-05	1.930289e-01	-2.311416e-02
6.516116899951353e-05	2.165635e-01	-2.550292e-02
6.575345033519305e-05	2.397907e-01	-2.785634e-02
6.644078475455403e-05	2.669189e-01	-3.060559e-02
6.687420905231571e-05	2.841120e-01	-3.234612e-02
6.729891952145849e-05	3.010368e-01	-3.405987e-02
6.814834045974404e-05	3.350241e-01	-3.749846e-02
6.894143113307610e-05	3.668971e-01	-4.072544e-02
7.032788509947222e-05	4.228718e-01	-4.638712e-02
7.211616955215076e-05	4.953275e-01	-5.371968e-02
7.436668724435231e-05	5.867081e-01	-6.296121e-02
7.548010543377123e-05	6.319456e-01	-6.753394e-02
7.619512803652695e-05	6.609912e-01	-7.046650e-02
7.665572352584840e-05	6.796937e-01	-7.235624e-02
7.698873115288589e-05	6.932106e-01	-7.371972e-02
7.728047490378261e-05	7.050488e-01	-7.491579e-02
7.758091168831509e-05	7.172360e-01	-7.614435e-02
7.791384714017852e-05	7.307374e-01	-7.750709e-02
7.823477823509365e-05	7.437479e-01	-7.881685e-02
7.856638903286048e-05	7.571871e-01	-8.017024e-02
7.889645086758404e-05	7.705605e-01	-8.151155e-02
7.923255734387731e-05	7.841771e-01	-8.287429e-02
7.957282423674228e-05	7.979629e-01	-8.424291e-02
7.992290670095207e-05	8.121500e-01	-8.563914e-02
8.025280532767450e-05	8.255253e-01	-8.693311e-02
8.059040085625319e-05	8.392169e-01	-8.823202e-02
8.092451855856055e-05	8.527601e-01	-8.948004e-02
8.126124893593653e-05	8.663726e-01	-9.069799e-02
8.160125264148081e-05	8.800225e-01	-9.187848e-02
8.194830215733101e-05	8.937557e-01	-9.303430e-02
8.230896046311742e-05	9.076555e-01	-9.417580e-02
8.269456567632580e-05	9.218631e-01	-9.532977e-02
8.312868562682367e-05	9.367344e-01	-9.653582e-02
8.366457759972688e-05	9.530756e-01	-9.789139e-02
8.448385373390305e-05	9.743447e-01	-9.970269e-02
8.556204475891036e-05	9.977615e-01	-1.017467e-01
8.673515111946326e-05	1.019380e+00	-1.037014e-01
8.808631987810371e-05	1.041275e+00	-1.057561e-01
8.971054065352981e-05	1.065318e+00	-1.080565e-01
9.139311233019305e-05	1.088659e+00	-1.103222e-01
9.332961250482153e-05	1.114259e+00	-1.128302e-01
9.548497137605764e-05	1.141749e+00	-1.155409e-01
9.798598846617870e-05	1.172738e+00	-1.186082e-01
1.010864620586274e-04	1.210239e+00	-1.223340e-01
1.051225360652593e-04	1.258031e+00	-1.270904e-01
1.107202472241655e-04	1.323051e+00	-1.335735e-01
1.186937872219841e-04	1.414094e+00	-1.426512e-01
1.286937872219841e-04	1.526650e+00	-1.538685e-01
1.386937872219841e-04	1.637910e+00	-1.649521e-01
1.486937872219841e-04	1.748148e+00	-1.759384e-01
1.586937872219841e-04	1.857576e+00	-1.868417e-01
1.686937872219841e-04	1.966323e+00	-1.976778e-01
1.786937872219841e-04	2.074471e+00	-2.084506e-01
1.886937872219841e-04	2.182081e+00	-2.191697e-01
1.986937872219841e-04	2.289195e+00	-2.298352e-01
2.086937872219841e-04	2.395846e+00	-2.404545e-01
2.186937872219841e-04	2.502059e+00	-2.510261e-01
2.286937872219841e-04	2.607856e+00	-2.615561e-01
2.386937872219841e-04	2.713253e+00	-2.720422e-01
2.486937872219841e-04	2.818264e+00	-2.824901e-01
2.586937872219841e-04	2.922903e+00	-2.928969e-01
2.686937872219841e-04	3.027211e+00	-3.032678e-01
2.752529967134248e-04	3.093997e+00	-3.100412e-01
2.778886774120845e-04	3.116655e+00	-3.121693e-01
2.803219105144834e-04	3.131625e+00	-3.134161e-01
2.815574838771613e-04	3.137105e+00	-3.138970e-01
2.828661609806158e-04	3.141697e+00	-3.143257e-01
2.842204876301057e-04	3.145715e+00	-3.147054e-01
2.856986109454509e-04	3.149395e+00	-3.150571e-01
2.878043761910844e-04	3.153734e+00	-3.154772e-01
2.902952503359369e-04	3.157904e+00	-3.158769e-01
2.932828475645898e-04	3.161888e+00	-3.162611e-01
2.966162286105642e-04	3.165383e+00	-3.165983e-01
3.008330822212008e-04	3.168802e+00	-3.169335e-01
3.060845024736478e-04	3.172026e+00	-3.172488e-01
3.130362982418474e-04	3.175161e+00	-3.175582e-01
3.219018816887252e-04	3.178035e+00	-3.178367e-01
3.319018816887251e-04	3.180355e+00	-3.180602e-01
3.419018816887252e-04	3.182036e+00	-3.182205e-01
3.519018816887251e-04	3.183294e+00	-3.183434e-01
3.619018816887252e-04	3.184267e+00	-3.184371e-01
3.719018816887251e-04	3.185037e+00	-3.185135e-01
3.819018816887252e-04	3.185659e+00	-3.185734e-01
3.919018816887251e-04	3.186169e+00	-3.186247e-01
4.019018816887251e-04	3.186593e+00	-3.186654e-01
4.119018816887251e-04	3.186948e+00	-3.187015e-01
4.219018816887251e-04	3.187249e+00	-3.187302e-01
4.319018816887251e-04	3.187505e+00	-3.187567e-01
4.419018816887251e-04	3.187725e+00	-3.187774e-01
4.519018816887251e-04	3.187915e+00	-3.187973e-01
4.619018816887251e-04	3.188080e+00	-3.188126e-01
4.719018816887251e-04	3.188223e+00	-3.188280e-01
4.819018816887251e-04	3.188348e+00	-3.188394e-01
4.919018816887252e-04	3.188458e+00	-3.188514e-01
5.019018816887251e-04	3.188554e+00	-3.188599e-01
5.119018816887251e-04	3.188638e+00	-3.188694e-01
5.219018816887251e-04	3.188713e+00	-3.188758e-01
5.319018816887252e-04	3.188779e+00	-3.188835e-01
5.419018816887251e-04	3.188838e+00	-3.188883e-01
5.519018816887251e-04	3.188890e+00	-3.188946e-01
5.619018816887251e-04	3.188936e+00	-3.188982e-01
5.719018816887252e-04	3.188977e+00	-3.189034e-01
5.819018816887251e-04	3.189013e+00	-3.189059e-01
5.919018816887251e-04	3.189045e+00	-3.189103e-01
6.019018816887251e-04	3.189074e+00	-3.189121e-01
6.119018816887252e-04	3.189100e+00	-3.189158e-01
6.219018816887251e-04	3.189122e+00	-3.189171e-01
6.319018816887251e-04	3.189143e+00	-3.189202e-01
6.419018816887251e-04	3.189161e+00	-3.189210e-01
6.519018816887252e-04	3.189178e+00	-3.189237e-01
6.619018816887251e-04	3.189192e+00	-3.189242e-01
6.719018816887251e-04	3.189206e+00	-3.189266e-01
6.819018816887251e-04	3.189217e+00	-3.189267e-01
6.919018816887252e-04	3.189227e+00	-3.189288e-01
7.019018816887251e-04	3.189237e+00	-3.189287e-01
7.119018816887251e-04	3.189245e+00	-3.189307e-01
7.219018816887251e-04	3.189253e+00	-3.189303e-01
7.319018816887251e-04	3.189260e+00	-3.189321e-01
7.419018816887251e-04	3.189265e+00	-3.189316e-01
7.519018816887251e-04	3.189271e+00	-3.189333e-01
7.619018816887251e-04	3.189276e+00	-3.189327e-01
7.719018816887251e-04	3.189280e+00	-3.189342e-01
7.819018816887251e-04	3.189284e+00	-3.189335e-01
7.919018816887251e-04	3.189287e+00	-3.189350e-01
8.019018816887251e-04	3.189291e+00	-3.189342e-01
8.119018816887251e-04	3.189293e+00	-3.189356e-01
8.219018816887251e-04	3.189296e+00	-3.189348e-01
8.319018816887251e-04	3.189298e+00	-3.189361e-01
8.419018816887251e-04	3.189300e+00	-3.189352e-01
8.519018816887251e-04	3.189302e+00	-3.189365e-01
8.619018816887251e-04	3.189303e+00	-3.189356e-01
8.719018816887251e-04	3.189305e+00	-3.189368e-01
8.819018816887251e-04	3.189306e+00	-3.189359e-01
8.919018816887251e-04	3.189307e+00	-3.189371e-01
9.019018816887251e-04	3.189308e+00	-3.189361e-01
9.119018816887251e-04	3.189309e+00	-3.189373e-01
9.219018816887251e-04	3.189310e+00	-3.189363e-01
9.319018816887251e-04	3.189311e+00	-3.189375e-01
9.419018816887250e-04	3.189312e+00	-3.189364e-01
9.519018816887251e-04	3.189312e+00	-3.189376e-01
9.619018816887251e-04	3.189313e+00	-3.189366e-01
9.719018816887251e-04	3.189313e+00	-3.189377e-01
9.819018816887252e-04	3.189314e+00	-3.189367e-01
9.919018816887252e-04	3.189314e+00	-3.189378e-01
1.001901881688725e-03	3.189315e+00	-3.189367e-01
1.011901881688725e-03	3.189315e+00	-3.189379e-01
1.021901881688725e-03	3.189315e+00	-3.189368e-01
1.031901881688725e-03	3.189315e+00	-3.189379e-01
1.041901881688725e-03	3.189316e+00	-3.189369e-01
1.051901881688725e-03	3.189316e+00	-3.189380e-01
1.061901881688725e-03	3.189316e+00	-3.189369e-01
1.071901881688725e-03	3.189316e+00	-3.189380e-01
1.081901881688725e-03	3.189316e+00	-3.189369e-01
1.091901881688725e-03	3.189317e+00	-3.189380e-01
1.101901881688725e-03	3.189317e+00	-3.189370e-01
1.111901881688725e-03	3.189317e+00	-3.189380e-01
1.121901881688725e-03	3.189317e+00	-3.189370e-01
1.131901881688725e-03	3.189317e+00	-3.189381e-01
1.141901881688725e-03	3.189317e+00	-3.189370e-01
1.151901881688725e-03	3.189317e+00	-3.189381e-01
1.161901881688725e-03	3.189317e+00	-3.189370e-01
1.171901881688725e-03	3.189317e+00	-3.189381e-01
1.181901881688725e-03	3.189317e+00	-3.189370e-01
1.191901881688725e-03	3.189317e+00	-3.189381e-01
1.201901881688725e-03	3.189317e+00	-3.189370e-01
1.211901881688725e-03	3.189317e+00	-3.189381e-01
1.221901881688725e-03	3.189317e+00	-3.189371e-01
1.231901881688725e-03	3.189317e+00	-3.189381e-01
1.241901881688725e-03	3.189317e+00	-3.189371e-01
1.251901881688725e-03	3.189317e+00	-3.189381e-01
1.261901881688725e-03	3.189317e+00	-3.189371e-01
1.271901881688725e-03	3.189317e+00	-3.189381e-01
1.281901881688725e-03	3.189317e+00	-3.189371e-01
1.291901881688725e-03	3.189317e+00	-3.189381e-01
1.301901881688725e-03	3.189317e+00	-3.189371e-01
1.311901881688725e-03	3.189317e+00	-3.189381e-01
1.321901881688725e-03	3.189317e+00	-3.189371e-01
1.331901881688725e-03	3.189317e+00	-3.189381e-01
1.341901881688725e-03	3.189317e+00	-3.189371e-01
1.351901881688725e-03	3.189317e+00	-3.189381e-01
1.361901881688725e-03	3.189317e+00	-3.189371e-01
1.371901881688725e-03	3.189317e+00	-3.189381e-01
1.381901881688725e-03	3.189317e+00	-3.189371e-01
1.391901881688725e-03	3.189317e+00	-3.189381e-01
1.401901881688725e-03	3.189317e+00	-3.189371e-01
1.411901881688725e-03	3.189317e+00	-3.189381e-01
1.421901881688725e-03	3.189317e+00	-3.189371e-01
1.431901881688725e-03	3.189317e+00	-3.189381e-01
1.441901881688725e-03	3.189317e+00	-3.189371e-01
1.451901881688725e-03	3.189317e+00	-3.189381e-01
1.461901881688725e-03	3.189317e+00	-3.189371e-01
1.471901881688725e-03	3.189317e+00	-3.189381e-01
1.481901881688725e-03	3.189317e+00	-3.189371e-01
1.491901881688725e-03	3.189317e+00	-3.189381e-01
1.501901881688725e-03	3.189317e+00	-3.189371e-01
1.511901881688725e-03	3.189317e+00	-3.189382e-01
1.521901881688725e-03	3.189317e+00	-3.189371e-01
1.531901881688725e-03	3.189317e+00	-3.189382e-01
1.541901881688725e-03	3.189317e+00	-3.189371e-01
1.551901881688725e-03	3.189317e+00	-3.189382e-01
1.561901881688725e-03	3.189317e+00	-3.189371e-01
1.571901881688725e-03	3.189317e+00	-3.189382e-01
1.581901881688725e-03	3.189317e+00	-3.189371e-01
1.591901881688725e-03	3.189317e+00	-3.189382e-01
1.601901881688725e-03	3.189317e+00	-3.189371e-01
1.611901881688725e-03	3.189317e+00	-3.189382e-01
1.621901881688725e-03	3.189317e+00	-3.189371e-01
1.631901881688725e-03	3.189317e+00	-3.189382e-01
1.641901881688725e-03	3.189317e+00	-3.189371e-01
1.651901881688725e-03	3.189317e+00	-3.189382e-01
1.661901881688725e-03	3.189317e+00	-3.189371e-01
1.671901881688725e-03	3.189317e+00	-3.189382e-01
1.681901881688725e-03	3.189317e+00	-3.189371e-01
1.691901881688725e-03	3.189317e+00	-3.189382e-01
1.701901881688725e-03	3.189317e+00	-3.189371e-01
1.711901881688725e-03	3.189317e+00	-3.189382e-01
1.721901881688725e-03	3.189317e+00	-3.189371e-01
1.731901881688725e-03	3.189317e+00	-3.189382e-01
1.741901881688725e-03	3.189317e+00	-3.189371e-01
1.751901881688725e-03	3.189317e+00	-3.189382e-01
1.761901881688725e-03	3.189317e+00	-3.189371e-01
1.771901881688725e-03	3.189317e+00	-3.189382e-01
1.781901881688725e-03	3.189317e+00	-3.189371e-01
1.791901881688725e-03	3.189317e+00	-3.189382e-01
1.801901881688725e-03	3.189318e+00	-3.189371e-01
1.811901881688725e-03	3.189318e+00	-3.189382e-01
1.821901881688725e-03	3.189318e+00	-3.189371e-01
1.831901881688725e-03	3.189318e+00	-3.189382e-01
1.841901881688725e-03	3.189318e+00	-3.189371e-01
1.851901881688725e-03	3.189318e+00	-3.189382e-01
1.861901881688725e-03	3.189318e+00	-3.189371e-01
1.871901881688725e-03	3.189318e+00	-3.189382e-01
1.881901881688725e-03	3.189318e+00	-3.189371e-01
1.891901881688725e-03	3.189318e+00	-3.189382e-01
1.901901881688725e-03	3.189318e+00	-3.189371e-01
1.911901881688725e-03	3.189317e+00	-3.189382e-01
1.921901881688725e-03	3.189318e+00	-3.189371e-01
1.931901881688725e-03	3.189317e+00	-3.189382e-01
1.941901881688725e-03	3.189318e+00	-3.189371e-01
1.951901881688725e-03	3.189317e+00	-3.189382e-01
1.961901881688725e-03	3.189317e+00	-3.189371e-01
1.971901881688725e-03	3.189317e+00	-3.189382e-01
1.981901881688725e-03	3.189317e+00	-3.189371e-01
1.991901881688725e-03	3.189317e+00	-3.189382e-01
2.001901881688725e-03	3.189317e+00	-3.189371e-01
2.011901881688725e-03	3.189317e+00	-3.189382e-01
2.021901881688725e-03	3.189317e+00	-3.189371e-01
2.031901881688725e-03	3.189317e+00	-3.189382e-01
2.041901881688725e-03	3.189317e+00	-3.189371e-01
2.051901881688725e-03	3.189317e+00	-3.189382e-01
2.061901881688725e-03	3.189317e+00	-3.189371e-01
2.071901881688725e-03	3.189317e+00	-3.189382e-01
2.081901881688725e-03	3.189317e+00	-3.189371e-01
2.091901881688725e-03	3.189317e+00	-3.189382e-01
2.101901881688725e-03	3.189317e+00	-3.189371e-01
2.111901881688725e-03	3.189317e+00	-3.189382e-01
2.121901881688725e-03	3.189317e+00	-3.189371e-01
2.131901881688725e-03	3.189317e+00	-3.189382e-01
2.141901881688725e-03	3.189317e+00	-3.189371e-01
2.151901881688725e-03	3.189317e+00	-3.189382e-01
2.161901881688725e-03	3.189317e+00	-3.189371e-01
2.171901881688725e-03	3.189317e+00	-3.189382e-01
2.181901881688725e-03	3.189317e+00	-3.189371e-01
2.191901881688725e-03	3.189317e+00	-3.189382e-01
2.201901881688725e-03	3.189317e+00	-3.189371e-01
2.211901881688725e-03	3.189317e+00	-3.189382e-01
2.221901881688725e-03	3.189317e+00	-3.189371e-01
2.231901881688725e-03	3.189317e+00	-3.189382e-01
2.241901881688725e-03	3.189317e+00	-3.189371e-01
2.251901881688725e-03	3.189317e+00	-3.189382e-01
2.261901881688725e-03	3.189317e+00	-3.189371e-01
2.271901881688725e-03	3.189317e+00	-3.189382e-01
2.281901881688725e-03	3.189317e+00	-3.189371e-01
2.291901881688725e-03	3.189317e+00	-3.189382e-01
2.301901881688725e-03	3.189317e+00	-3.189371e-01
2.311901881688725e-03	3.189317e+00	-3.189382e-01
2.321901881688725e-03	3.189317e+00	-3.189371e-01
2.331901881688725e-03	3.189317e+00	-3.189382e-01
2.341901881688725e-03	3.189317e+00	-3.189371e-01
2.351901881688725e-03	3.189317e+00	-3.189382e-01
2.361901881688725e-03	3.189317e+00	-3.189371e-01
2.371901881688725e-03	3.189317e+00	-3.189382e-01
2.381901881688725e-03	3.189317e+00	-3.189371e-01
2.391901881688725e-03	3.189317e+00	-3.189382e-01
2.401901881688725e-03	3.189317e+00	-3.189371e-01
2.411901881688725e-03	3.189317e+00	-3.189382e-01
2.421901881688725e-03	3.189317e+00	-3.189371e-01
2.431901881688725e-03	3.189317e+00	-3.189382e-01
2.441901881688725e-03	3.189317e+00	-3.189371e-01
2.451901881688725e-03	3.189317e+00	-3.189382e-01
2.461901881688725e-03	3.189317e+00	-3.189371e-01
2.471901881688725e-03	3.189317e+00	-3.189382e-01
2.481901881688725e-03	3.189317e+00	-3.189371e-01
2.491901881688725e-03	3.189317e+00	-3.189382e-01
2.501901881688725e-03	3.189317e+00	-3.189371e-01
2.511901881688725e-03	3.189317e+00	-3.189382e-01
2.521901881688725e-03	3.189317e+00	-3.189371e-01
2.531901881688725e-03	3.189317e+00	-3.189382e-01
2.541901881688725e-03	3.189317e+00	-3.189371e-01
2.551901881688725e-03	3.189317e+00	-3.189382e-01
2.561901881688725e-03	3.189317e+00	-3.189371e-01
2.571901881688725e-03	3.189317e+00	-3.189382e-01
2.581901881688725e-03	3.189317e+00	-3.189371e-01
2.591901881688725e-03	3.189317e+00	-3.189382e-01
2.601901881688725e-03	3.189317e+00	-3.189371e-01
2.611901881688725e-03	3.189317e+00	-3.189382e-01
2.621901881688725e-03	3.189317e+00	-3.189371e-01
2.631901881688725e-03	3.189317e+00	-3.189382e-01
2.641901881688725e-03	3.189317e+00	-3.189371e-01
2.651901881688725e-03	3.189317e+00	-3.189382e-01
2.661901881688725e-03	3.189317e+00	-3.189371e-01
2.671901881688725e-03	3.189317e+00	-3.189382e-01
2.681901881688725e-03	3.189317e+00	-3.189371e-01
2.691901881688725e-03	3.189317e+00	-3.189382e-01
2.701901881688725e-03	3.189317e+00	-3.189371e-01
2.711901881688725e-03	3.189317e+00	-3.189382e-01
2.721901881688725e-03	3.189317e+00	-3.189371e-01
2.731901881688725e-03	3.189317e+00	-3.189382e-01
2.741901881688725e-03	3.189317e+00	-3.189371e-01
2.751901881688725e-03	3.189317e+00	-3.189382e-01
2.761901881688725e-03	3.189317e+00	-3.189371e-01
2.771901881688725e-03	3.189317e+00	-3.189382e-01
2.781901881688725e-03	3.189317e+00	-3.189371e-01
2.791901881688725e-03	3.189317e+00	-3.189382e-01
2.801901881688725e-03	3.189317e+00	-3.189371e-01
2.811901881688725e-03	3.189317e+00	-3.189382e-01
2.821901881688725e-03	3.189317e+00	-3.189371e-01
2.831901881688725e-03	3.189317e+00	-3.189382e-01
2.841901881688725e-03	3.189317e+00	-3.189371e-01
2.851901881688725e-03	3.189317e+00	-3.189382e-01
2.861901881688725e-03	3.189317e+00	-3.189371e-01
2.871901881688725e-03	3.189317e+00	-3.189382e-01
2.881901881688725e-03	3.189317e+00	-3.189371e-01
2.891901881688725e-03	3.189317e+00	-3.189382e-01
2.901901881688725e-03	3.189317e+00	-3.189371e-01
2.911901881688725e-03	3.189317e+00	-3.189382e-01
2.921901881688725e-03	3.189317e+00	-3.189371e-01
2.931901881688725e-03	3.189317e+00	-3.189382e-01
2.941901881688725e-03	3.189317e+00	-3.189371e-01
2.951901881688725e-03	3.189317e+00	-3.189382e-01
2.961901881688725e-03	3.189317e+00	-3.189371e-01
2.971901881688725e-03	3.189317e+00	-3.189382e-01
2.981901881688725e-03	3.189317e+00	-3.189371e-01
2.991901881688725e-03	3.189317e+00	-3.189382e-01
3.001901881688725e-03	3.189317e+00	-3.189371e-01
3.011901881688725e-03	3.189317e+00	-3.189382e-01
3.021901881688725e-03	3.189317e+00	-3.189371e-01
3.031901881688725e-03	3.189317e+00	-3.189382e-01
3.041901881688725e-03	3.189317e+00	-3.189371e-01
3.051901881688725e-03	3.189317e+00	-3.189382e-01
3.061901881688725e-03	3.189317e+00	-3.189371e-01
3.071901881688725e-03	3.189317e+00	-3.189382e-01
3.081901881688725e-03	3.189317e+00	-3.189371e-01
3.091901881688725e-03	3.189317e+00	-3.189382e-01
3.101901881688725e-03	3.189317e+00	-3.189371e-01
3.111901881688725e-03	3.189317e+00	-3.189382e-01
3.121901881688725e-03	3.189317e+00	-3.189371e-01
3.131901881688725e-03	3.189317e+00	-3.189382e-01
3.141901881688725e-03	3.189317e+00	-3.189371e-01
3.151901881688725e-03	3.189317e+00	-3.189382e-01
3.161901881688725e-03	3.189317e+00	-3.189371e-01
3.171901881688725e-03	3.189317e+00	-3.189382e-01
3.181901881688725e-03	3.189317e+00	-3.189371e-01
3.191901881688725e-03	3.189317e+00	-3.189382e-01
3.201901881688725e-03	3.189317e+00	-3.189371e-01
3.211901881688725e-03	3.189317e+00	-3.189382e-01
3.221901881688725e-03	3.189317e+00	-3.189371e-01
3.231901881688725e-03	3.189317e+00	-3.189382e-01
3.241901881688725e-03	3.189317e+00	-3.189371e-01
3.251901881688725e-03	3.189317e+00	-3.189382e-01
3.261901881688725e-03	3.189317e+00	-3.189371e-01
3.271901881688725e-03	3.189317e+00	-3.189382e-01
3.281901881688725e-03	3.189317e+00	-3.189371e-01
3.291901881688725e-03	3.189317e+00	-3.189382e-01
3.301901881688725e-03	3.189317e+00	-3.189371e-01
3.311901881688725e-03	3.189317e+00	-3.189382e-01
3.321901881688725e-03	3.189317e+00	-3.189371e-01
3.331901881688725e-03	3.189317e+00	-3.189382e-01
3.341901881688725e-03	3.189317e+00	-3.189371e-01
3.351901881688725e-03	3.189317e+00	-3.189382e-01
3.361901881688725e-03	3.189317e+00	-3.189371e-01
3.371901881688725e-03	3.189317e+00	-3.189382e-01
3.381901881688725e-03	3.189317e+00	-3.189371e-01
3.391901881688725e-03	3.189317e+00	-3.189382e-01
3.401901881688725e-03	3.189317e+00	-3.189371e-01
3.411901881688725e-03	3.189317e+00	-3.189382e-01
3.421901881688725e-03	3.189317e+00	-3.189371e-01
3.431901881688725e-03	3.189317e+00	-3.189382e-01
3.441901881688725e-03	3.189317e+00	-3.189371e-01
3.451901881688725e-03	3.189317e+00	-3.189382e-01
3.461901881688725e-03	3.189317e+00	-3.189371e-01
3.471901881688725e-03	3.189317e+00	-3.189382e-01
3.481901881688725e-03	3.189317e+00	-3.189371e-01
3.491901881688725e-03	3.189317e+00	-3.189382e-01
3.501901881688725e-03	3.189317e+00	-3.189371e-01
3.511901881688725e-03	3.189317e+00	-3.189382e-01
3.521901881688725e-03	3.189317e+00	-3.189371e-01
3.531901881688725e-03	3.189317e+00	-3.189382e-01
3.541901881688725e-03	3.189317e+00	-3.189371e-01
3.551901881688725e-03	3.189317e+00	-3.189382e-01
3.561901881688725e-03	3.189317e+00	-3.189371e-01
3.571901881688725e-03	3.189317e+00	-3.189382e-01
3.581901881688725e-03	3.189317e+00	-3.189371e-01
3.591901881688725e-03	3.189317e+00	-3.189382e-01
3.601901881688725e-03	3.189317e+00	-3.189371e-01
3.611901881688725e-03	3.189317e+00	-3.189382e-01
3.621901881688725e-03	3.189317e+00	-3.189371e-01
3.631901881688725e-03	3.189317e+00	-3.189382e-01
3.641901881688725e-03	3.189317e+00	-3.189371e-01
3.651901881688725e-03	3.189317e+00	-3.189382e-01
3.661901881688725e-03	3.189317e+00	-3.189371e-01
3.671901881688725e-03	3.189317e+00	-3.189382e-01
3.681901881688725e-03	3.189317e+00	-3.189371e-01
3.691901881688725e-03	3.189317e+00	-3.189382e-01
3.701901881688725e-03	3.189317e+00	-3.189371e-01
3.711901881688725e-03	3.189317e+00	-3.189382e-01
3.721901881688725e-03	3.189317e+00	-3.189371e-01
3.731901881688725e-03	3.189317e+00	-3.189382e-01
3.741901881688725e-03	3.189317e+00	-3.189371e-01
3.751901881688725e-03	3.189317e+00	-3.189382e-01
3.761901881688725e-03	3.189317e+00	-3.189371e-01
3.771901881688725e-03	3.189317e+00	-3.189382e-01
3.781901881688725e-03	3.189317e+00	-3.189371e-01
3.791901881688725e-03	3.189317e+00	-3.189382e-01
3.801901881688725e-03	3.189317e+00	-3.189371e-01
3.811901881688725e-03	3.189317e+00	-3.189382e-01
3.821901881688725e-03	3.189317e+00	-3.189371e-01
3.831901881688725e-03	3.189317e+00	-3.189382e-01
3.841901881688725e-03	3.189317e+00	-3.189371e-01
3.851901881688725e-03	3.189317e+00	-3.189382e-01
3.861901881688725e-03	3.189317e+00	-3.189371e-01
3.871901881688725e-03	3.189317e+00	-3.189382e-01
3.881901881688725e-03	3.189317e+00	-3.189371e-01
3.891901881688725e-03	3.189317e+00	-3.189382e-01
3.901901881688725e-03	3.189317e+00	-3.189371e-01
3.911901881688725e-03	3.189317e+00	-3.189382e-01
3.921901881688725e-03	3.189317e+00	-3.189371e-01
3.931901881688724e-03	3.189317e+00	-3.189382e-01
3.941901881688725e-03	3.189317e+00	-3.189371e-01
3.951901881688724e-03	3.189317e+00	-3.189382e-01
3.961901881688725e-03	3.189317e+00	-3.189371e-01
3.971901881688725e-03	3.189317e+00	-3.189382e-01
3.981901881688725e-03	3.189317e+00	-3.189371e-01
3.991901881688725e-03	3.189317e+00	-3.189382e-01
4.001901881688725e-03	3.189317e+00	-3.189371e-01
4.011901881688725e-03	3.189317e+00	-3.189382e-01
4.021901881688725e-03	3.189317e+00	-3.189371e-01
4.031901881688725e-03	3.189317e+00	-3.189382e-01
4.041901881688725e-03	3.189317e+00	-3.189371e-01
4.051901881688725e-03	3.189317e+00	-3.189382e-01
4.061901881688725e-03	3.189317e+00	-3.189371e-01
4.071901881688725e-03	3.189317e+00	-3.189382e-01
4.081901881688724e-03	3.189317e+00	-3.189371e-01
4.091901881688725e-03	3.189317e+00	-3.189382e-01
4.101901881688724e-03	3.189317e+00	-3.189371e-01
4.111901881688725e-03	3.189317e+00	-3.189382e-01
4.121901881688724e-03	3.189317e+00	-3.189371e-01
4.131901881688725e-03	3.189317e+00	-3.189382e-01
4.141901881688725e-03	3.189317e+00	-3.189371e-01
4.151901881688725e-03	3.189317e+00	-3.189382e-01
4.161901881688725e-03	3.189317e+00	-3.189371e-01
4.171901881688725e-03	3.189317e+00	-3.189382e-01
4.181901881688725e-03	3.189317e+00	-3.189371e-01
4.191901881688725e-03	3.189317e+00	-3.189382e-01
4.201901881688725e-03	3.189317e+00	-3.189371e-01
4.211901881688725e-03	3.189317e+00	-3.189382e-01
4.221901881688725e-03	3.189317e+00	-3.189371e-01
4.231901881688725e-03	3.189317e+00	-3.189382e-01
4.241901881688725e-03	3.189317e+00	-3.189371e-01
4.251901881688724e-03	3.189317e+00	-3.189382e-01
4.261901881688725e-03	3.189317e+00	-3.189371e-01
4.271901881688724e-03	3.189317e+00	-3.189382e-01
4.281901881688725e-03	3.189317e+00	-3.189371e-01
4.291901881688725e-03	3.189317e+00	-3.189382e-01
4.301901881688725e-03	3.189317e+00	-3.189371e-01
4.311901881688725e-03	3.189317e+00	-3.189382e-01
4.321901881688725e-03	3.189317e+00	-3.189371e-01
4.331901881688725e-03	3.189317e+00	-3.189382e-01
4.341901881688725e-03	3.189317e+00	-3.189371e-01
4.351901881688725e-03	3.189317e+00	-3.189382e-01
4.361901881688725e-03	3.189317e+00	-3.189371e-01
4.371901881688725e-03	3.189317e+00	-3.189382e-01
4.381901881688725e-03	3.189317e+00	-3.189371e-01
4.391901881688725e-03	3.189317e+00	-3.189382e-01
4.401901881688724e-03	3.189317e+00	-3.189371e-01
4.411901881688725e-03	3.189317e+00	-3.189382e-01
4.421901881688724e-03	3.189317e+00	-3.189371e-01
4.431901881688725e-03	3.189317e+00	-3.189382e-01
4.441901881688724e-03	3.189317e+00	-3.189371e-01
4.451901881688725e-03	3.189317e+00	-3.189382e-01
4.461901881688725e-03	3.189317e+00	-3.189371e-01
4.471901881688725e-03	3.189317e+00	-3.189382e-01
4.481901881688725e-03	3.189317e+00	-3.189371e-01
4.491901881688725e-03	3.189317e+00	-3.189382e-01
4.501901881688725e-03	3.189317e+00	-3.189371e-01
4.511901881688725e-03	3.189317e+00	-3.189382e-01
4.521901881688725e-03	3.189317e+00	-3.189371e-01
4.531901881688725e-03	3.189317e+00	-3.189382e-01
4.541901881688725e-03	3.189317e+00	-3.189371e-01
4.551901881688725e-03	3.189317e+00	-3.189382e-01
4.561901881688725e-03	3.189317e+00	-3.189371e-01
4.571901881688724e-03	3.189317e+00	-3.189382e-01
4.581901881688725e-03	3.189317e+00	-3.189371e-01
4.591901881688724e-03	3.189317e+00	-3.189382e-01
4.601901881688725e-03	3.189317e+00	-3.189371e-01
4.611901881688724e-03	3.189317e+00	-3.189382e-01
4.621901881688725e-03	3.189317e+00	-3.189371e-01
4.631901881688725e-03	3.189317e+00	-3.189382e-01
4.641901881688725e-03	3.189317e+00	-3.189371e-01
4.651901881688725e-03	3.189317e+00	-3.189382e-01
4.661901881688725e-03	3.189317e+00	-3.189371e-01
4.671901881688725e-03	3.189317e+00	-3.189382e-01
4.681901881688725e-03	3.189317e+00	-3.189371e-01
4.691901881688725e-03	3.189317e+00	-3.189382e-01
4.701901881688725e-03	3.189317e+00	-3.189371e-01
4.711901881688725e-03	3.189317e+00	-3.189382e-01
4.721901881688724e-03	3.189317e+00	-3.189371e-01
4.731901881688725e-03	3.189317e+00	-3.189382e-01
4.741901881688724e-03	3.189317e+00	-3.189371e-01
4.751901881688725e-03	3.189317e+00	-3.189382e-01
4.761901881688724e-03	3.189317e+00	-3.189371e-01
4.771901881688725e-03	3.189317e+00	-3.189382e-01
4.781901881688724e-03	3.189317e+00	-3.189371e-01
4.791901881688725e-03	3.189317e+00	-3.189382e-01
4.801901881688725e-03	3.189317e+00	-3.189371e-01
4.811901881688725e-03	3.189317e+00	-3.189382e-01
4.821901881688725e-03	3.189317e+00	-3.189371e-01
4.831901881688725e-03	3.189317e+00	-3.189382e-01
4.841901881688725e-03	3.189317e+00	-3.189371e-01
4.851901881688725e-03	3.189317e+00	-3.189382e-01
4.861901881688725e-03	3.189317e+00	-3.189371e-01
4.871901881688725e-03	3.189317e+00	-3.189382e-01
4.881901881688725e-03	3.189317e+00	-3.189371e-01
4.891901881688724e-03	3.189317e+00	-3.189382e-01
4.901901881688725e-03	3.189317e+00	-3.189371e-01
4.911901881688724e-03	3.189317e+00	-3.189382e-01
4.921901881688725e-03	3.189317e+00	-3.189371e-01
4.931901881688724e-03	3.189317e+00	-3.189382e-01
4.941901881688725e-03	3.189317e+00	-3.189371e-01
4.951901881688725e-03	3.189317e+00	-3.189382e-01
4.961901881688725e-03	3.189317e+00	-3.189371e-01
4.971901881688725e-03	3.189317e+00	-3.189382e-01
4.981901881688725e-03	3.189317e+00	-3.189371e-01
4.991901881688725e-03	3.189317e+00	-3.189382e-01
5.001901881688725e-03	3.189317e+00	-3.189371e-01
5.011901881688725e-03	3.189317e+00	-3.189382e-01
5.021901881688725e-03	3.189317e+00	-3.189371e-01
5.031901881688725e-03	3.189317e+00	-3.189382e-01
5.041901881688724e-03	3.189317e+00	-3.189371e-01
5.051901881688725e-03	3.189317e+00	-3.189382e-01
5.061901881688724e-03	3.189317e+00	-3.189371e-01
5.071901881688725e-03	3.189317e+00	-3.189382e-01
5.081901881688724e-03	3.189317e+00	-3.189371e-01
5.091901881688725e-03	3.189317e+00	-3.189382e-01
5.101901881688724e-03	3.189317e+00	-3.189371e-01
5.111901881688725e-03	3.189317e+00	-3.189382e-01
5.121901881688725e-03	3.189317e+00	-3.189371e-01
5.131901881688725e-03	3.189317e+00	-3.189382e-01
5.141901881688725e-03	3.189317e+00	-3.189371e-01
5.151901881688725e-03	3.189317e+00	-3.189382e-01
5.161901881688725e-03	3.189317e+00	-3.189371e-01
5.171901881688725e-03	3.189317e+00	-3.189382e-01
5.181901881688725e-03	3.189317e+00	-3.189371e-01
5.191901881688725e-03	3.189317e+00	-3.189382e-01
5.201901881688725e-03	3.189317e+00	-3.189371e-01
5.211901881688724e-03	3.189317e+00	-3.189382e-01
5.221901881688725e-03	3.189317e+00	-3.189371e-01
5.231901881688724e-03	3.189317e+00	-3.189382e-01
5.241901881688725e-03	3.189317e+00	-3.189371e-01
5.251901881688724e-03	3.189317e+00	-3.189382e-01
5.261901881688725e-03	3.189317e+00	-3.189371e-01
5.271901881688724e-03	3.189317e+00	-3.189382e-01
5.281901881688725e-03	3.189317e+00	-3.189371e-01
5.291901881688725e-03	3.189317e+00	-3.189382e-01
5.301901881688725e-03	3.189317e+00	-3.189371e-01
5.311901881688725e-03	3.189317e+00	-3.189382e-01
5.321901881688725e-03	3.189317e+00	-3.189371e-01
5.331901881688725e-03	3.189317e+00	-3.189382e-01
5.341901881688725e-03	3.189317e+00	-3.189371e-01
5.351901881688725e-03	3.189317e+00	-3.189382e-01
5.361901881688724e-03	3.189317e+00	-3.189371e-01
5.371901881688725e-03	3.189317e+00	-3.189382e-01
5.381901881688724e-03	3.189317e+00	-3.189371e-01
5.391901881688725e-03	3.189317e+00	-3.189382e-01
5.401901881688724e-03	3.189317e+00	-3.189371e-01
5.411901881688725e-03	3.189317e+00	-3.189382e-01
5.421901881688724e-03	3.189317e+00	-3.189371e-01
5.431901881688725e-03	3.189317e+00	-3.189382e-01
5.441901881688724e-03	3.189317e+00	-3.189371e-01
5.451901881688725e-03	3.189317e+00	-3.189382e-01
5.461901881688725e-03	3.189317e+00	-3.189371e-01
5.471901881688725e-03	3.189317e+00	-3.189382e-01
5.481901881688725e-03	3.189317e+00	-3.189371e-01
5.491901881688725e-03	3.189317e+00	-3.189382e-01
5.501901881688725e-03	3.189317e+00	-3.189371e-01
5.511901881688725e-03	3.189317e+00	-3.189382e-01
5.521901881688725e-03	3.189317e+00	-3.189371e-01
5.531901881688724e-03	3.189317e+00	-3.189382e-01
5.541901881688725e-03	3.189317e+00	-3.189371e-01
5.551901881688724e-03	3.189317e+00	-3.189382e-01
5.561901881688725e-03	3.189317e+00	-3.189371e-01
5.571901881688724e-03	3.189317e+00	-3.189382e-01
5.581901881688725e-03	3.189317e+00	-3.189371e-01
5.591901881688724e-03	3.189317e+00	-3.189382e-01
5.601901881688725e-03	3.189317e+00	-3.189371e-01
5.611901881688725e-03	3.189317e+00	-3.189382e-01
5.621901881688725e-03	3.189317e+00	-3.189371e-01
5.631901881688725e-03	3.189317e+00	-3.189382e-01
5.641901881688725e-03	3.189317e+00	-3.189371e-01
5.651901881688725e-03	3.189317e+00	-3.189382e-01
5.661901881688725e-03	3.189317e+00	-3.189371e-01
5.671901881688725e-03	3.189317e+00	-3.189382e-01
5.681901881688724e-03	3.189317e+00	-3.189371e-01
5.691901881688725e-03	3.189317e+00	-3.189382e-01
5.701901881688724e-03	3.189317e+00	-3.189371e-01
5.711901881688725e-03	3.189317e+00	-3.189382e-01
5.721901881688724e-03	3.189317e+00	-3.189371e-01
5.731901881688725e-03	3.189317e+00	-3.189382e-01
5.741901881688724e-03	3.189317e+00	-3.189371e-01
5.751901881688725e-03	3.189317e+00	-3.189382e-01
5.761901881688724e-03	3.189317e+00	-3.189371e-01
5.771901881688725e-03	3.189317e+00	-3.189382e-01
5.781901881688725e-03	3.189317e+00	-3.189371e-01
5.791901881688725e-03	3.189317e+00	-3.189382e-01
5.801901881688725e-03	3.189317e+00	-3.189371e-01
5.811901881688725e-03	3.189317e+00	-3.189382e-01
5.821901881688725e-03	3.189317e+00	-3.189371e-01
5.831901881688725e-03	3.189317e+00	-3.189382e-01
5.841901881688725e-03	3.189317e+00	-3.189371e-01
5.851901881688724e-03	3.189317e+00	-3.189382e-01
5.861901881688725e-03	3.189317e+00	-3.189371e-01
5.871901881688724e-03	3.189317e+00	-3.189382e-01
5.881901881688725e-03	3.189317e+00	-3.189371e-01
5.891901881688724e-03	3.189317e+00	-3.189382e-01
5.901901881688725e-03	3.189317e+00	-3.189371e-01
5.911901881688724e-03	3.189317e+00	-3.189382e-01
5.921901881688725e-03	3.189317e+00	-3.189371e-01
5.931901881688724e-03	3.189317e+00	-3.189382e-01
5.941901881688725e-03	3.189317e+00	-3.189371e-01
5.951901881688725e-03	3.189317e+00	-3.189382e-01
5.961901881688725e-03	3.189317e+00	-3.189371e-01
5.971901881688725e-03	3.189317e+00	-3.189382e-01
5.981901881688725e-03	3.189317e+00	-3.189371e-01
5.991901881688725e-03	3.189317e+00	-3.189382e-01
6.001901881688724e-03	3.189317e+00	-3.189371e-01
6.011901881688725e-03	3.189317e+00	-3.189382e-01
6.021901881688724e-03	3.189317e+00	-3.189371e-01
6.031901881688725e-03	3.189317e+00	-3.189382e-01
6.041901881688724e-03	3.189317e+00	-3.189371e-01
6.051901881688725e-03	3.189317e+00	-3.189382e-01
6.061901881688724e-03	3.189317e+00	-3.189371e-01
6.071901881688725e-03	3.189317e+00	-3.189382e-01
6.081901881688724e-03	3.189317e+00	-3.189371e-01
6.091901881688725e-03	3.189317e+00	-3.189382e-01
6.101901881688724e-03	3.189317e+00	-3.189371e-01
6.111901881688725e-03	3.189317e+00	-3.189382e-01
6.121901881688725e-03	3.189317e+00	-3.189371e-01
6.131901881688725e-03	3.189317e+00	-3.189382e-01
6.141901881688725e-03	3.189317e+00	-3.189371e-01
6.151901881688725e-03	3.189317e+00	-3.189382e-01
6.161901881688725e-03	3.189317e+00	-3.189371e-01
6.171901881688724e-03	3.189317e+00	-3.189382e-01
6.181901881688725e-03	3.189317e+00	-3.189371e-01
6.191901881688724e-03	3.189317e+00	-3.189382e-01
6.201901881688725e-03	3.189317e+00	-3.189371e-01
6.211901881688724e-03	3.189317e+00	-3.189382e-01
6.221901881688725e-03	3.189317e+00	-3.189371e-01
6.231901881688724e-03	3.189317e+00	-3.189382e-01
6.241901881688725e-03	3.189317e+00	-3.189371e-01
6.251901881688724e-03	3.189317e+00	-3.189382e-01
6.261901881688725e-03	3.189317e+00	-3.189371e-01
6.271901881688724e-03	3.189317e+00	-3.189382e-01
6.281901881688725e-03	3.189317e+00	-3.189371e-01
6.291901881688725e-03	3.189317e+00	-3.189382e-01
6.301901881688725e-03	3.189317e+00	-3.189371e-01
6.311901881688725e-03	3.189317e+00	-3.189382e-01
6.321901881688724e-03	3.189317e+00	-3.189371e-01
6.331901881688725e-03	3.189317e+00	-3.189382e-01
6.341901881688724e-03	3.189317e+00	-3.189371e-01
6.351901881688725e-03	3.189317e+00	-3.189382e-01
6.361901881688724e-03	3.189317e+00	-3.189371e-01
6.371901881688725e-03	3.189317e+00	-3.189382e-01
6.381901881688724e-03	3.189317e+00	-3.189371e-01
6.391901881688725e-03	3.189317e+00	-3.189382e-01
6.401901881688724e-03	3.189317e+00	-3.189371e-01
6.411901881688725e-03	3.189317e+00	-3.189382e-01
6.421901881688724e-03	3.189317e+00	-3.189371e-01
6.431901881688725e-03	3.189317e+00	-3.189382e-01
6.441901881688725e-03	3.189317e+00	-3.189371e-01
6.451901881688725e-03	3.189317e+00	-3.189382e-01
6.461901881688725e-03	3.189317e+00	-3.189371e-01
6.471901881688725e-03	3.189317e+00	-3.189382e-01
6.481901881688725e-03	3.189317e+00	-3.189371e-01
6.491901881688724e-03	3.189317e+00	-3.189382e-01
6.501901881688725e-03	3.189317e+00	-3.189371e-01
6.511901881688724e-03	3.189317e+00	-3.189382e-01
6.521901881688725e-03	3.189317e+00	-3.189371e-01
6.531901881688724e-03	3.189317e+00	-3.189382e-01
6.541901881688725e-03	3.189317e+00	-3.189371e-01
6.551901881688724e-03	3.189317e+00	-3.189382e-01
6.561901881688725e-03	3.189317e+00	-3.189371e-01
6.571901881688724e-03	3.189317e+00	-3.189382e-01
6.581901881688725e-03	3.189317e+00	-3.189371e-01
6.591901881688724e-03	3.189317e+00	-3.189382e-01
6.601901881688725e-03	3.189317e+00	-3.189371e-01
6.611901881688725e-03	3.189317e+00	-3.189382e-01
6.621901881688725e-03	3.189317e+00	-3.189371e-01
6.631901881688725e-03	3.189317e+00	-3.189382e-01
6.641901881688724e-03	3.189317e+00	-3.189371e-01
6.651901881688725e-03	3.189317e+00	-3.189382e-01
6.661901881688724e-03	3.189317e+00	-3.189371e-01
6.671901881688725e-03	3.189317e+00	-3.189382e-01
6.681901881688724e-03	3.189317e+00	-3.189371e-01
6.691901881688725e-03	3.189317e+00	-3.189382e-01
6.701901881688724e-03	3.189317e+00	-3.189371e-01
6.711901881688725e-03	3.189317e+00	-3.189382e-01
6.721901881688724e-03	3.189317e+00	-3.189371e-01
6.731901881688725e-03	3.189317e+00	-3.189382e-01
6.741901881688724e-03	3.189317e+00	-3.189371e-01
6.751901881688725e-03	3.189317e+00	-3.189382e-01
6.761901881688724e-03	3.189317e+00	-3.189371e-01
6.771901881688725e-03	3.189317e+00	-3.189382e-01
6.781901881688725e-03	3.189317e+00	-3.189371e-01
6.791901881688725e-03	3.189317e+00	-3.189382e-01
6.801901881688725e-03	3.189317e+00	-3.189371e-01
6.811901881688724e-03	3.189317e+00	-3.189382e-01
6.821901881688725e-03	3.189317e+00	-3.189371e-01
6.831901881688724e-03	3.189317e+00	-3.189382e-01
6.841901881688725e-03	3.189317e+00	-3.189371e-01
6.851901881688724e-03	3.189317e+00	-3.189382e-01
6.861901881688725e-03	3.189317e+00	-3.189371e-01
6.871901881688724e-03	3.189317e+00	-3.189382e-01
6.881901881688725e-03	3.189317e+00	-3.189371e-01
6.891901881688724e-03	3.189317e+00	-3.189382e-01
6.901901881688725e-03	3.189317e+00	-3.189371e-01
6.911901881688724e-03	3.189317e+00	-3.189382e-01
6.921901881688725e-03	3.189317e+00	-3.189371e-01
6.931901881688724e-03	3.189317e+00	-3.189382e-01
6.941901881688725e-03	3.189317e+00	-3.189371e-01
6.951901881688725e-03	3.189317e+00	-3.189382e-01
6.961901881688724e-03	3.189317e+00	-3.189371e-01
6.971901881688725e-03	3.189317e+00	-3.189382e-01
6.981901881688724e-03	3.189317e+00	-3.189371e-01
6.991901881688725e-03	3.189317e+00	-3.189382e-01
7.001901881688724e-03	3.189317e+00	-3.189371e-01
7.011901881688725e-03	3.189317e+00	-3.189382e-01
7.021901881688724e-03	3.189317e+00	-3.189371e-01
7.031901881688725e-03	3.189317e+00	-3.189382e-01
7.041901881688724e-03	3.189317e+00	-3.189371e-01
7.051901881688725e-03	3.189317e+00	-3.189382e-01
7.061901881688724e-03	3.189317e+00	-3.189371e-01
7.071901881688725e-03	3.189317e+00	-3.189382e-01
7.081901881688724e-03	3.189317e+00	-3.189371e-01
7.091901881688725e-03	3.189317e+00	-3.189382e-01
7.101901881688725e-03	3.189317e+00	-3.189371e-01
7.111901881688725e-03	3.189317e+00	-3.189382e-01
7.121901881688725e-03	3.189317e+00	-3.189371e-01
7.131901881688724e-03	3.189317e+00	-3.189382e-01
7.141901881688725e-03	3.189317e+00	-3.189371e-01
7.151901881688724e-03	3.189317e+00	-3.189382e-01
7.161901881688725e-03	3.189317e+00	-3.189371e-01
7.171901881688724e-03	3.189317e+00	-3.189382e-01
7.181901881688725e-03	3.189317e+00	-3.189371e-01
7.191901881688724e-03	3.189317e+00	-3.189382e-01
7.201901881688725e-03	3.189317e+00	-3.189371e-01
7.211901881688724e-03	3.189317e+00	-3.189382e-01
7.221901881688725e-03	3.189317e+00	-3.189371e-01
7.231901881688724e-03	3.189317e+00	-3.189382e-01
7.241901881688725e-03	3.189317e+00	-3.189371e-01
7.251901881688724e-03	3.189317e+00	-3.189382e-01
7.261901881688725e-03	3.189317e+00	-3.189371e-01
7.271901881688725e-03	3.189317e+00	-3.189382e-01
7.281901881688724e-03	3.189317e+00	-3.189371e-01
7.291901881688725e-03	3.189317e+00	-3.189382e-01
7.301901881688724e-03	3.189317e+00	-3.189371e-01
7.311901881688725e-03	3.189317e+00	-3.189382e-01
7.321901881688724e-03	3.189317e+00	-3.189371e-01
7.331901881688725e-03	3.189317e+00	-3.189382e-01
7.341901881688724e-03	3.189317e+00	-3.189371e-01
7.351901881688725e-03	3.189317e+00	-3.189382e-01
7.361901881688724e-03	3.189317e+00	-3.189371e-01
7.371901881688725e-03	3.189317e+00	-3.189382e-01
7.381901881688724e-03	3.189317e+00	-3.189371e-01
7.391901881688725e-03	3.189317e+00	-3.189382e-01
7.401901881688724e-03	3.189317e+00	-3.189371e-01
7.411901881688725e-03	3.189317e+00	-3.189382e-01
7.421901881688724e-03	3.189317e+00	-3.189371e-01
7.431901881688725e-03	3.189317e+00	-3.189382e-01
7.441901881688725e-03	3.189317e+00	-3.189371e-01
7.451901881688724e-03	3.189317e+00	-3.189382e-01
7.461901881688725e-03	3.189317e+00	-3.189371e-01
7.471901881688724e-03	3.189317e+00	-3.189382e-01
7.481901881688725e-03	3.189317e+00	-3.189371e-01
7.491901881688724e-03	3.189317e+00	-3.189382e-01
7.501901881688725e-03	3.189317e+00	-3.189371e-01
7.511901881688724e-03	3.189317e+00	-3.189382e-01
7.521901881688725e-03	3.189317e+00	-3.189371e-01
7.531901881688724e-03	3.189317e+00	-3.189382e-01
7.541901881688725e-03	3.189317e+00	-3.189371e-01
7.551901881688724e-03	3.189317e+00	-3.189382e-01
7.561901881688725e-03	3.189317e+00	-3.189371e-01
7.571901881688724e-03	3.189317e+00	-3.189382e-01
7.581901881688725e-03	3.189317e+00	-3.189371e-01
7.591901881688724e-03	3.189317e+00	-3.189382e-01
7.601901881688724e-03	3.189317e+00	-3.189371e-01
7.611901881688725e-03	3.189317e+00	-3.189382e-01
7.621901881688724e-03	3.189317e+00	-3.189371e-01
7.631901881688725e-03	3.189317e+00	-3.189382e-01
7.641901881688724e-03	3.189317e+00	-3.189371e-01
7.651901881688725e-03	3.189317e+00	-3.189382e-01
7.661901881688724e-03	3.189317e+00	-3.189371e-01
7.671901881688725e-03	3.189317e+00	-3.189382e-01
7.681901881688724e-03	3.189317e+00	-3.189371e-01
7.691901881688725e-03	3.189317e+00	-3.189382e-01
7.701901881688724e-03	3.189317e+00	-3.189371e-01
7.711901881688725e-03	3.189317e+00	-3.189382e-01
7.721901881688724e-03	3.189317e+00	-3.189371e-01
7.731901881688725e-03	3.189317e+00	-3.189382e-01
7.741901881688724e-03	3.189317e+00	-3.189371e-01
7.751901881688725e-03	3.189317e+00	-3.189382e-01
7.761901881688725e-03	3.189317e+00	-3.189371e-01
7.771901881688724e-03	3.189317e+00	-3.189382e-01
7.781901881688725e-03	3.189317e+00	-3.189371e-01
7.791901881688724e-03	3.189317e+00	-3.189382e-01
7.801901881688725e-03	3.189317e+00	-3.189371e-01
7.811901881688724e-03	3.189317e+00	-3.189382e-01
7.821901881688725e-03	3.189317e+00	-3.189371e-01
7.831901881688724e-03	3.189317e+00	-3.189382e-01
7.841901881688724e-03	3.189317e+00	-3.189371e-01
7.851901881688725e-03	3.189317e+00	-3.189382e-01
7.861901881688725e-03	3.189317e+00	-3.189371e-01
7.871901881688724e-03	3.189317e+00	-3.189382e-01
7.881901881688724e-03	3.189317e+00	-3.189371e-01
7.891901881688725e-03	3.189317e+00	-3.189382e-01
7.901901881688725e-03	3.189317e+00	-3.189371e-01
7.911901881688724e-03	3.189317e+00	-3.189382e-01
7.921901881688724e-03	3.189317e+00	-3.189371e-01
7.931901881688724e-03	3.189317e+00	-3.189382e-01
7.941901881688725e-03	3.189317e+00	-3.189371e-01
7.951901881688725e-03	3.189317e+00	-3.189382e-01
7.961901881688724e-03	3.189317e+00	-3.189371e-01
7.971901881688724e-03	3.189317e+00	-3.189382e-01
7.981901881688725e-03	3.189317e+00	-3.189371e-01
7.991901881688725e-03	3.189317e+00	-3.189382e-01
8.001901881688724e-03	3.189317e+00	-3.189371e-01
8.011901881688724e-03	3.189317e+00	-3.189382e-01
8.021901881688725e-03	3.189317e+00	-3.189371e-01
8.031901881688725e-03	3.189317e+00	-3.189382e-01
8.041901881688724e-03	3.189317e+00	-3.189371e-01
8.051901881688724e-03	3.189317e+00	-3.189382e-01
8.061901881688725e-03	3.189317e+00	-3.189371e-01
8.071901881688725e-03	3.189317e+00	-3.189382e-01
8.081901881688724e-03	3.189317e+00	-3.189371e-01
8.091901881688724e-03	3.189317e+00	-3.189382e-01
8.101901881688724e-03	3.189317e+00	-3.189371e-01
8.111901881688725e-03	3.189317e+00	-3.189382e-01
8.121901881688725e-03	3.189317e+00	-3.189371e-01
8.131901881688724e-03	3.189317e+00	-3.189382e-01
8.141901881688724e-03	3.189317e+00	-3.189371e-01
8.151901881688725e-03	3.189317e+00	-3.189382e-01
8.161901881688725e-03	3.189317e+00	-3.189371e-01
8.171901881688724e-03	3.189317e+00	-3.189382e-01
8.181901881688724e-03	3.189317e+00	-3.189371e-01
8.191901881688725e-03	3.189317e+00	-3.189382e-01
8.201901881688725e-03	3.189317e+00	-3.189371e-01
8.211901881688724e-03	3.189317e+00	-3.189382e-01
8.221901881688724e-03	3.189317e+00	-3.189371e-01
8.231901881688725e-03	3.189317e+00	-3.189382e-01
8.241901881688725e-03	3.189317e+00	-3.189371e-01
8.251901881688724e-03	3.189317e+00	-3.189382e-01
8.261901881688724e-03	3.189317e+00	-3.189371e-01
8.271901881688724e-03	3.189317e+00	-3.189382e-01
8.281901881688725e-03	3.189317e+00	-3.189371e-01
8.291901881688725e-03	3.189317e+00	-3.189382e-01
8.301901881688724e-03	3.189317e+00	-3.189371e-01
8.311901881688724e-03	3.189317e+00	-3.189382e-01
8.321901881688725e-03	3.189317e+00	-3.189371e-01
8.331901881688725e-03	3.189317e+00	-3.189382e-01
8.341901881688724e-03	3.189317e+00	-3.189371e-01
8.351901881688724e-03	3.189317e+00	-3.189382e-01
8.361901881688725e-03	3.189317e+00	-3.189371e-01
8.371901881688725e-03	3.189317e+00	-3.189382e-01
8.381901881688724e-03	3.189317e+00	-3.189371e-01
8.391901881688724e-03	3.189317e+00	-3.189382e-01
8.401901881688724e-03	3.189317e+00	-3.189371e-01
8.411901881688725e-03	3.189317e+00	-3.189382e-01
8.421901881688725e-03	3.189317e+00	-3.189371e-01
8.431901881688724e-03	3.189317e+00	-3.189382e-01
8.441901881688724e-03	3.189317e+00	-3.189371e-01
8.451901881688725e-03	3.189317e+00	-3.189382e-01
8.461901881688725e-03	3.189317e+00	-3.189371e-01
8.471901881688724e-03	3.189317e+00	-3.189382e-01
8.481901881688724e-03	3.189317e+00	-3.189371e-01
8.491901881688725e-03	3.189317e+00	-3.189382e-01
8.501901881688725e-03	3.189317e+00	-3.189371e-01
8.511901881688724e-03	3.189317e+00	-3.189382e-01
8.521901881688724e-03	3.189317e+00	-3.189371e-01
8.531901881688725e-03	3.189317e+00	-3.189382e-01
8.541901881688725e-03	3.189317e+00	-3.189371e-01
8.551901881688724e-03	3.189317e+00	-3.189382e-01
8.561901881688724e-03	3.189317e+00	-3.189371e-01
8.571901881688724e-03	3.189317e+00	-3.189382e-01
8.581901881688725e-03	3.189317e+00	-3.189371e-01
8.591901881688725e-03	3.189317e+00	-3.189382e-01
8.601901881688724e-03	3.189317e+00	-3.189371e-01
8.611901881688724e-03	3.189317e+00	-3.189382e-01
8.621901881688725e-03	3.189317e+00	-3.189371e-01
8.631901881688725e-03	3.189317e+00	-3.189382e-01
8.641901881688724e-03	3.189317e+00	-3.189371e-01
8.651901881688724e-03	3.189317e+00	-3.189382e-01
8.661901881688725e-03	3.189317e+00	-3.189371e-01
8.671901881688725e-03	3.189317e+00	-3.189382e-01
8.681901881688724e-03	3.189317e+00	-3.189371e-01
8.691901881688724e-03	3.189317e+00	-3.189382e-01
8.701901881688725e-03	3.189317e+00	-3.189371e-01
8.711901881688725e-03	3.189317e+00	-3.189382e-01
8.721901881688724e-03	3.189317e+00	-3.189371e-01
8.731901881688724e-03	3.189317e+00	-3.189382e-01
8.741901881688724e-03	3.189317e+00	-3.189371e-01
8.751901881688725e-03	3.189317e+00	-3.189382e-01
8.761901881688725e-03	3.189317e+00	-3.189371e-01
8.771901881688724e-03	3.189317e+00	-3.189382e-01
8.781901881688724e-03	3.189317e+00	-3.189371e-01
8.791901881688725e-03	3.189317e+00	-3.189382e-01
8.801901881688725e-03	3.189317e+00	-3.189371e-01
8.811901881688724e-03	3.189317e+00	-3.189382e-01
8.821901881688724e-03	3.189317e+00	-3.189371e-01
8.831901881688725e-03	3.189317e+00	-3.189382e-01
8.841901881688725e-03	3.189317e+00	-3.189371e-01
8.851901881688724e-03	3.189317e+00	-3.189382e-01
8.861901881688724e-03	3.189317e+00	-3.189371e-01
8.871901881688725e-03	3.189317e+00	-3.189382e-01
8.881901881688725e-03	3.189317e+00	-3.189371e-01
8.891901881688724e-03	3.189317e+00	-3.189382e-01
8.901901881688724e-03	3.189317e+00	-3.189371e-01
8.911901881688724e-03	3.189317e+00	-3.189382e-01
8.921901881688725e-03	3.189317e+00	-3.189371e-01
8.931901881688725e-03	3.189317e+00	-3.189382e-01
8.941901881688724e-03	3.189317e+00	-3.189371e-01
8.951901881688724e-03	3.189317e+00	-3.189382e-01
8.961901881688725e-03	3.189317e+00	-3.189371e-01
8.971901881688725e-03	3.189317e+00	-3.189382e-01
8.981901881688724e-03	3.189317e+00	-3.189371e-01
8.991901881688724e-03	3.189317e+00	-3.189382e-01
9.001901881688725e-03	3.189317e+00	-3.189371e-01
9.011901881688725e-03	3.189317e+00	-3.189382e-01
9.021901881688724e-03	3.189317e+00	-3.189371e-01
9.031901881688724e-03	3.189317e+00	-3.189382e-01
9.041901881688724e-03	3.189317e+00	-3.189371e-01
9.051901881688725e-03	3.189317e+00	-3.189382e-01
9.061901881688724e-03	3.189317e+00	-3.189371e-01
9.071901881688724e-03	3.189317e+00	-3.189382e-01
9.081901881688724e-03	3.189317e+00	-3.189371e-01
9.091901881688725e-03	3.189317e+00	-3.189382e-01
9.101901881688725e-03	3.189317e+00	-3.189371e-01
9.111901881688724e-03	3.189317e+00	-3.189382e-01
9.121901881688724e-03	3.189317e+00	-3.189371e-01
9.131901881688725e-03	3.189317e+00	-3.189382e-01
9.141901881688725e-03	3.189317e+00	-3.189371e-01
9.151901881688724e-03	3.189317e+00	-3.189382e-01
9.161901881688724e-03	3.189317e+00	-3.189371e-01
9.171901881688725e-03	3.189317e+00	-3.189382e-01
9.181901881688725e-03	3.189317e+00	-3.189371e-01
9.191901881688724e-03	3.189317e+00	-3.189382e-01
9.201901881688724e-03	3.189317e+00	-3.189371e-01
9.211901881688724e-03	3.189317e+00	-3.189382e-01
9.221901881688725e-03	3.189317e+00	-3.189371e-01
9.231901881688724e-03	3.189317e+00	-3.189382e-01
9.241901881688724e-03	3.189317e+00	-3.189371e-01
9.251901881688724e-03	3.189317e+00	-3.189382e-01
9.261901881688725e-03	3.189317e+00	-3.189371e-01
9.271901881688725e-03	3.189317e+00	-3.189382e-01
9.281901881688724e-03	3.189317e+00	-3.189371e-01
9.291901881688724e-03	3.189317e+00	-3.189382e-01
9.301901881688725e-03	3.189317e+00	-3.189371e-01
9.311901881688725e-03	3.189317e+00	-3.189382e-01
9.321901881688724e-03	3.189317e+00	-3.189371e-01
9.331901881688724e-03	3.189317e+00	-3.189382e-01
9.341901881688725e-03	3.189317e+00	-3.189371e-01
9.351901881688725e-03	3.189317e+00	-3.189382e-01
9.361901881688724e-03	3.189317e+00	-3.189371e-01
9.371901881688724e-03	3.189317e+00	-3.189382e-01
9.381901881688724e-03	3.189317e+00	-3.189371e-01
9.391901881688725e-03	3.189317e+00	-3.189382e-01
9.401901881688724e-03	3.189317e+00	-3.189371e-01
9.411901881688724e-03	3.189317e+00	-3.189382e-01
9.421901881688724e-03	3.189317e+00	-3.189371e-01
9.431901881688725e-03	3.189317e+00	-3.189382e-01
9.441901881688725e-03	3.189317e+00	-3.189371e-01
9.451901881688724e-03	3.189317e+00	-3.189382e-01
9.461901881688724e-03	3.189317e+00	-3.189371e-01
9.471901881688725e-03	3.189317e+00	-3.189382e-01
9.481901881688725e-03	3.189317e+00	-3.189371e-01
9.491901881688724e-03	3.189317e+00	-3.189382e-01
9.501901881688724e-03	3.189317e+00	-3.189371e-01
9.511901881688725e-03	3.189317e+00	-3.189382e-01
9.521901881688725e-03	3.189317e+00	-3.189371e-01
9.531901881688724e-03	3.189317e+00	-3.189382e-01
9.541901881688724e-03	3.189317e+00	-3.189371e-01
9.551901881688724e-03	3.189317e+00	-3.189382e-01
9.561901881688725e-03	3.189317e+00	-3.189371e-01
9.571901881688724e-03	3.189317e+00	-3.189382e-01
9.581901881688724e-03	3.189317e+00	-3.189371e-01
9.591901881688724e-03	3.189317e+00	-3.189382e-01
9.601901881688725e-03	3.189317e+00	-3.189371e-01
9.611901881688725e-03	3.189317e+00	-3.189382e-01
9.621901881688724e-03	3.189317e+00	-3.189371e-01
9.631901881688724e-03	3.189317e+00	-3.189382e-01
9.641901881688725e-03	3.189317e+00	-3.189371e-01
9.651901881688725e-03	3.189317e+00	-3.189382e-01
9.661901881688724e-03	3.189317e+00	-3.189371e-01
9.671901881688724e-03	3.189317e+00	-3.189382e-01
9.681901881688723e-03	3.189317e+00	-3.189371e-01
9.691901881688725e-03	3.189317e+00	-3.189382e-01
9.701901881688724e-03	3.189317e+00	-3.189371e-01
9.711901881688724e-03	3.189317e+00	-3.189382e-01
9.721901881688724e-03	3.189317e+00	-3.189371e-01
9.731901881688725e-03	3.189317e+00	-3.189382e-01
9.741901881688724e-03	3.189317e+00	-3.189371e-01
9.751901881688724e-03	3.189317e+00	-3.189382e-01
9.761901881688724e-03	3.189317e+00	-3.189371e-01
9.771901881688725e-03	3.189317e+00	-3.189382e-01
9.781901881688725e-03	3.189317e+00	-3.189371e-01
9.791901881688724e-03	3.189317e+00	-3.189382e-01
9.801901881688724e-03	3.189317e+00	-3.189371e-01
9.811901881688725e-03	3.189317e+00	-3.189382e-01
9.821901881688725e-03	3.189317e+00	-3.189371e-01
9.831901881688724e-03	3.189317e+00	-3.189382e-01
9.841901881688724e-03	3.189317e+00	-3.189371e-01
9.851901881688723e-03	3.189317e+00	-3.189382e-01
9.861901881688725e-03	3.189317e+00	-3.189371e-01
9.871901881688724e-03	3.189317e+00	-3.189382e-01
9.881901881688724e-03	3.189317e+00	-3.189371e-01
9.891901881688724e-03	3.189317e+00	-3.189382e-01
9.901901881688725e-03	3.189317e+00	-3.189371e-01
9.911901881688725e-03	3.189317e+00	-3.189382e-01
9.921901881688724e-03	3.189317e+00	-3.189371e-01
9.931901881688724e-03	3.189317e+00	-3.189382e-01
9.941901881688725e-03	3.189317e+00	-3.189371e-01
9.951901881688725e-03	3.189317e+00	-3.189382e-01
9.961901881688724e-03	3.189317e+00	-3.189371e-01
9.971901881688724e-03	3.189317e+00	-3.189382e-01
9.981901881688725e-03	3.189317e+00	-3.189371e-01
9.991901881688725e-03	3.189317e+00	-3.189382e-01
1.000000000000000e-02	3.189317e+00	-3.189371e-01
1.000000000100000e-02	3.189317e+00	-3.189380e-01
1.000000000200000e-02	3.189317e+00	-3.189372e-01
1.000000000347517e-02	3.189317e+00	-3.189379e-01
1.000000000560198e-02	3.189317e+00	-3.189373e-01
1.000000000985561e-02	3.189318e+00	-3.189379e-01
1.000000001836286e-02	3.189317e+00	-3.189373e-01
1.000000003537736e-02	3.189317e+00	-3.189379e-01
1.000000006940637e-02	3.189317e+00	-3.189373e-01
1.000000013746440e-02	3.189317e+00	-3.189379e-01
1.000000027358044e-02	3.189317e+00	-3.189373e-01
1.000000054581253e-02	3.189317e+00	-3.189379e-01
1.000000109027671e-02	3.189317e+00	-3.189373e-01
1.000000217920506e-02	3.189317e+00	-3.189379e-01
1.000000435706177e-02	3.189317e+00	-3.189373e-01
1.000000871277518e-02	3.189314e+00	-3.189378e-01
1.000001493912589e-02	3.189309e+00	-3.189372e-01
1.000002567178761e-02	3.189289e+00	-3.189376e-01
1.000004713711103e-02	3.189209e+00	-3.189368e-01
1.000006992496792e-02	3.188768e+00	-3.189372e-01
1.000008603653337e-02	3.188403e+00	-3.189369e-01
1.000010638865797e-02	3.188998e+00	-3.189384e-01
1.000012396727958e-02	3.189469e+00	-3.189389e-01
1.000014324931405e-02	3.189396e+00	-3.189405e-01
1.000016449143653e-02	3.189555e+00	-3.189410e-01
1.000020324115313e-02	3.189942e+00	-3.189431e-01
1.000024685188870e-02	3.190127e+00	-3.189440e-01
1.000029322718176e-02	3.190075e+00	-3.189455e-01
1.000034675349177e-02	3.190078e+00	-3.189452e-01
1.000042347593360e-02	3.189380e+00	-3.189448e-01
1.000049585959532e-02	3.189273e+00	-3.189432e-01
1.000063646161199e-02	3.189241e+00	-3.189417e-01
1.000082797413999e-02	3.189194e+00	-3.189383e-01
1.000103866684288e-02	3.189146e+00	-3.189358e-01
1.000123687258399e-02	3.189104e+00	-3.189323e-01
1.000139869196114e-02	3.189077e+00	-3.189305e-01
1.000154948369049e-02	3.189049e+00	-3.189277e-01
1.000171558279115e-02	3.189019e+00	-3.189258e-01
1.000193089620877e-02	3.188979e+00	-3.189220e-01
1.000225571090612e-02	3.188913e+00	-3.189175e-01
1.000253177864080e-02	3.188850e+00	-3.189127e-01
1.000279836252433e-02	3.188792e+00	-3.189090e-01
1.000309011832759e-02	3.188727e+00	-3.189039e-01
1.000339962146355e-02	3.188660e+00	-3.188995e-01
1.000374909979161e-02	3.188582e+00	-3.188933e-01
1.000414263342847e-02	3.188495e+00	-3.188873e-01
1.000462092068852e-02	3.188385e+00	-3.188788e-01
1.000520041671642e-02	3.188251e+00	-3.188696e-01
1.000596790987032e-02	3.188066e+00	-3.188559e-01
1.000703169852818e-02	3.187793e+00	-3.188378e-01
1.000877197850238e-02	3.187283e+00	-3.188055e-01
1.001225253845079e-02	3.186213e+00	-3.187381e-01
1.001573198473857e-02	3.185168e+00	-3.186623e-01
1.001818012952305e-02	3.184340e+00	-3.186044e-01
1.002018149637406e-02	3.183539e+00	-3.185520e-01
1.002280192938706e-02	3.182354e+00	-3.184779e-01
1.002523369005680e-02	3.181111e+00	-3.184000e-01
1.002765196193042e-02	3.179686e+00	-3.183137e-01
1.002994107357528e-02	3.178118e+00	-3.182199e-01
1.003225092446011e-02	3.176260e+00	-3.181123e-01
1.003453338644479e-02	3.174077e+00	-3.179872e-01
1.003679868482569e-02	3.171458e+00	-3.178413e-01
1.003901010131630e-02	3.168310e+00	-3.176682e-01
1.004114628030141e-02	3.164496e+00	-3.174637e-01
1.004318905868336e-02	3.159727e+00	-3.172168e-01
1.004558683910954e-02	3.151992e+00	-3.168320e-01
1.004798471442935e-02	3.140764e+00	-3.162692e-01
1.004983217931422e-02	3.127437e+00	-3.156101e-01
1.005142156703260e-02	3.108963e+00	-3.147223e-01
1.005322259385184e-02	3.079910e+00	-3.131442e-01
1.005471121895724e-02	3.052891e+00	-3.117686e-01
1.005635051098012e-02	3.022519e+00	-3.102445e-01
1.005796798482362e-02	2.992240e+00	-3.087303e-01
1.006107992083487e-02	2.933215e+00	-3.057979e-01
1.006500428145198e-02	2.857601e+00	-3.020898e-01
1.006957878601158e-02	2.767882e+00	-2.978576e-01
1.007516203849354e-02	2.656448e+00	-2.932026e-01
1.008240671042521e-02	2.508080e+00	-2.898324e-01
1.009225415681803e-02	2.299866e+00	-3.135447e-01
1.009932066970011e-02	2.147341e+00	-3.475518e-01
1.010504459820191e-02	2.023443e+00	-3.813165e-01
1.010898452706757e-02	1.938984e+00	-4.062839e-01
1.011283386426408e-02	1.857479e+00	-4.309748e-01
1.011534297932380e-02	1.804939e+00	-4.472457e-01
1.011749338163491e-02	1.760368e+00	-4.611330e-01
1.011952450006524e-02	1.718755e+00	-4.740565e-01
1.012307903374789e-02	1.647131e+00	-4.957072e-01
1.012753675681836e-02	1.559333e+00	-5.190692e-01
1.013023181684671e-02	1.508090e+00	-5.280902e-01
1.013187472398743e-02	1.478208e+00	-5.283232e-01
1.013343622087563e-02	1.450590e+00	-5.270774e-01
1.013489410687443e-02	1.425036e+00	-5.258501e-01
1.013728226576606e-02	1.383483e+00	-5.237005e-01
1.014205858354933e-02	1.301156e+00	-5.188428e-01
1.015161121911586e-02	1.134664e+00	-5.062467e-01
1.016161121911586e-02	9.402473e-01	-4.819162e-01
1.016483946827944e-02	8.542337e-01	-4.549397e-01
1.016538314315964e-02	8.334224e-01	-4.469431e-01
1.016669161934595e-02	7.731581e-01	-4.264730e-01
1.016786715106594e-02	7.186408e-01	-4.082599e-01
1.016903676217287e-02	6.650484e-01	-3.906857e-01
1.017019037869979e-02	6.129208e-01	-3.739116e-01
1.017162353195515e-02	5.492296e-01	-3.538339e-01
1.017448983846588e-02	4.252865e-01	-3.161323e-01
1.017895506476030e-02	2.417428e-01	-2.636054e-01
1.018291502918595e-02	9.762335e-02	-2.138601e-01
1.018466586012158e-02	5.023527e-02	-1.774949e-01
1.018646109034932e-02	1.672339e-02	-1.380609e-01
1.018831948356030e-02	-1.002550e-02	-9.880249e-02
1.019010849107933e-02	-2.890658e-02	-6.468233e-02
1.019271307701317e-02	-4.687309e-02	-2.561126e-02
1.019545473366978e-02	-5.630040e-02	-2.760377e-03
1.019789550047203e-02	-5.791855e-02	8.384641e-06
1.019943784213265e-02	-5.714321e-02	6.035701e-06
1.020180165130751e-02	-5.561018e-02	8.307553e-06
1.020402486064650e-02	-5.420685e-02	5.931788e-06
1.020660790075046e-02	-5.262566e-02	8.203779e-06
1.020943937045714e-02	-5.094481e-02	5.817640e-06
1.021214595951318e-02	-4.939008e-02	8.085078e-06
1.021539185963647e-02	-4.759073e-02	5.693166e-06
1.021893248303744e-02	-4.570293e-02	7.942389e-06
1.022340496716775e-02	-4.342413e-02	5.528575e-06
1.022846093686119e-02	-4.098034e-02	7.748194e-06
1.023508049003060e-02	-3.797913e-02	5.296566e-06
1.024321788285019e-02	-3.455782e-02	7.460921e-06
1.025321788285019e-02	-3.069925e-02	4.954584e-06
1.026321788285019e-02	-2.714562e-02	7.093332e-06
1.026808899580091e-02	-2.554846e-02	4.684211e-06
1.027160333283461e-02	-2.447271e-02	6.935168e-06
1.027424111583411e-02	-2.369618e-02	4.578774e-06
1.027695872971171e-02	-2.291632e-02	6.844291e-06
1.028239395746689e-02	-2.140236e-02	4.444686e-06
1.029239395746689e-02	-1.865172e-02	6.597802e-06
1.030028293878911e-02	-1.635504e-02	4.189395e-06
1.030338495138064e-02	-1.525807e-02	6.538811e-06
1.030443575654622e-02	-1.477218e-02	4.276969e-06
1.030546771879787e-02	-1.421213e-02	6.581312e-06
1.030569101272683e-02	-1.408505e-02	4.289920e-06
1.030599824935679e-02	-1.390576e-02	6.571910e-06
1.030630058449151e-02	-1.372910e-02	4.292375e-06
1.030665148524470e-02	-1.352215e-02	6.559568e-06
1.030699357181799e-02	-1.332068e-02	4.290239e-06
1.030747235643321e-02	-1.303792e-02	6.543934e-06
1.030793368925891e-02	-1.276612e-02	4.281493e-06
1.030875364946889e-02	-1.228285e-02	6.521968e-06
1.030955299947966e-02	-1.181412e-02	4.259980e-06
1.031115169950119e-02	-1.088047e-02	6.484234e-06
1.031319479593495e-02	-9.699583e-03	4.206480e-06
1.031728098880249e-02	-7.387161e-03	6.391456e-06
1.032545337453757e-02	-2.900124e-03	4.018403e-06
1.032874761165331e-02	-1.188517e-03	6.199024e-06
1.033047206533774e-02	-4.055500e-04	3.891937e-06
1.033112803610288e-02	-2.045631e-04	5.929526e-06
1.033182733920131e-02	-8.654594e-05	3.761642e-06
1.033248709648103e-02	-2.551079e-05	5.821679e-06
1.033309742050231e-02	-4.529953e-06	3.665846e-06
1.033339471027707e-02	-2.384186e-06	5.781965e-06
1.033366413425721e-02	-2.384186e-06	3.660758e-06
1.033399667882086e-02	-2.145767e-06	5.770644e-06
1.033436218751913e-02	-2.384186e-06	3.653514e-06
1.033478374861776e-02	-2.384186e-06	5.757194e-06
1.033530953278021e-02	-2.384186e-06	3.642279e-06
1.033597450473050e-02	-2.145767e-06	5.738785e-06
1.033688530949263e-02	-2.622604e-06	3.621570e-06
1.033823296814260e-02	-2.384186e-06	5.706290e-06
1.034041883591147e-02	-2.622604e-06	3.573156e-06
1.034444424163512e-02	-3.099442e-06	5.620295e-06
1.035021180552123e-02	-3.099442e-06	3.439973e-06
1.035644046555838e-02	-2.622604e-06	5.458948e-06
1.036455977258120e-02	-3.576279e-06	3.251092e-06
1.037455977258120e-02	-3.814697e-06	5.225345e-06
1.038455977258120e-02	-4.291534e-06	2.999939e-06
1.039455977258120e-02	-4.291534e-06	4.980924e-06
1.040455977258120e-02	-4.291534e-06	2.762611e-06
1.041455977258120e-02	-4.053116e-06	4.750087e-06
1.042455977258120e-02	-4.291534e-06	2.538555e-06
1.043455977258120e-02	-3.814697e-06	4.532231e-06
1.044455977258120e-02	-4.053116e-06	2.327131e-06
1.045455977258120e-02	-3.576279e-06	4.326677e-06
1.046455977258120e-02	-3.814697e-06	2.127635e-06
1.047455977258120e-02	-3.576279e-06	4.132704e-06
1.048455977258120e-02	-3.576279e-06	1.939346e-06
1.049455977258120e-02	-3.337860e-06	3.949592e-06
1.050455977258120e-02	-3.337860e-06	1.761555e-06
1.051455977258120e-02	-3.099442e-06	3.776647e-06
1.052455977258120e-02	-3.099442e-06	1.593591e-06
1.053455977258120e-02	-2.622604e-06	3.613220e-06
1.054455977258120e-02	-1.192093e-06	1.434837e-06
1.055455977258120e-02	-1.430511e-06	3.458741e-06
1.056455977258120e-02	-2.145767e-06	1.284777e-06
1.057455977258120e-02	-1.907349e-06	3.312698e-06
1.058455977258120e-02	-2.384186e-06	1.142876e-06
1.059455977258120e-02	-2.384186e-06	3.174561e-06
1.060455977258120e-02	-2.622604e-06	1.008634e-06
1.061455977258120e-02	-2.384186e-06	3.043860e-06
1.062455977258120e-02	-2.622604e-06	8.816090e-07
1.063455977258120e-02	-2.384186e-06	2.920174e-06
1.064455977258120e-02	-2.622604e-06	7.613983e-07
1.065455977258120e-02	-2.384186e-06	2.803116e-06
1.066455977258120e-02	-2.384186e-06	6.476333e-07
1.067455977258120e-02	-2.145767e-06	2.692333e-06
1.068455977258120e-02	-2.384186e-06	5.399721e-07
1.069455977258120e-02	-1.907349e-06	2.587493e-06
1.070455977258120e-02	-2.145767e-06	4.380949e-07
1.071455977258120e-02	-1.907349e-06	2.488287e-06
1.072455977258120e-02	-2.145767e-06	3.417015e-07
1.073455977258120e-02	-1.668930e-06	2.394422e-06
1.074455977258120e-02	-1.907349e-06	2.505083e-07
1.075455977258120e-02	-1.907349e-06	2.305623e-06
1.076455977258120e-02	-1.907349e-06	1.642469e-07
1.077455977258120e-02	-1.668930e-06	2.221628e-06
1.078455977258120e-02	-1.907349e-06	8.266242e-08
1.079455977258120e-02	-1.430511e-06	2.142189e-06
1.080455977258120e-02	-1.430511e-06	5.512585e-09
1.081455977258120e-02	-1.430511e-06	2.067068e-06
1.082455977258120e-02	-1.430511e-06	-6.743311e-08
1.083455977258120e-02	-1.192093e-06	1.996041e-06
1.084455977258120e-02	-1.668930e-06	-1.363941e-07
1.085455977258120e-02	-1.192093e-06	1.928894e-06
1.086455977258120e-02	-1.430511e-06	-2.015793e-07
1.087455977258120e-02	-1.192093e-06	1.865422e-06
1.088455977258120e-02	-1.192093e-06	-2.631875e-07
1.089455977258120e-02	-1.192093e-06	1.805433e-06
1.090455977258120e-02	-1.430511e-06	-3.214080e-07
1.091455977258120e-02	-9.536743e-07	1.748740e-06
1.092455977258120e-02	-1.192093e-06	-3.764210e-07
1.093455977258120e-02	-9.536743e-07	1.695168e-06
1.094455977258120e-02	-1.192093e-06	-4.283977e-07
1.095455977258120e-02	-9.536743e-07	1.644551e-06
1.096455977258120e-02	-1.192093e-06	-4.775007e-07
1.097455977258120e-02	-9.536743e-07	1.596729e-06
1.098455977258120e-02	-9.536743e-07	-5.238849e-07
1.099455977258120e-02	-9.536743e-07	1.551552e-06
1.100455977258120e-02	-9.536743e-07	-5.676970e-07
1.101455977258120e-02	-7.152557e-07	1.508877e-06
1.102455977258120e-02	-1.192093e-06	-6.090766e-07
1.103455977258120e-02	-7.152557e-07	1.468567e-06
1.104455977258120e-02	-9.536743e-07	-6.481556e-07
1.105455977258120e-02	-4.768372e-07	1.430495e-06
1.106455977258120e-02	-9.536743e-07	-6.850597e-07
1.107455977258120e-02	-7.152557e-07	1.394537e-06
1.108455977258120e-02	-7.152557e-07	-7.199078e-07
1.109455977258120e-02	-4.768372e-07	1.360578e-06
1.110455977258120e-02	-9.536743e-07	-7.528125e-07
1.111455977258120e-02	-7.152557e-07	1.328509e-06
1.112455977258120e-02	-9.536743e-07	-7.838805e-07
1.113455977258120e-02	-7.152557e-07	1.298225e-06
1.114455977258120e-02	-7.152557e-07	-8.132129e-07
1.115455977258120e-02	-7.152557e-07	1.269629e-06
1.116455977258120e-02	-7.152557e-07	-8.409054e-07
1.117455977258120e-02	-4.768372e-07	1.242626e-06
1.118455977258120e-02	-7.152557e-07	-8.670486e-07
1.119455977258120e-02	-4.768372e-07	1.217129e-06
1.120455977258120e-02	-7.152557e-07	-8.917282e-07
1.121455977258120e-02	-2.384186e-07	1.193055e-06
1.122455977258120e-02	-7.152557e-07	-9.150253e-07
1.123455977258120e-02	-4.768372e-07	1.170324e-06
1.124455977258120e-02	-7.152557e-07	-9.370165e-07
1.125455977258120e-02	-4.768372e-07	1.148862e-06
1.126455977258120e-02	-9.536743e-07	-9.577744e-07
1.127455977258120e-02	-4.768372e-07	1.128599e-06
1.128455977258120e-02	-4.768372e-07	-9.773674e-07
1.129455977258120e-02	-2.384186e-07	1.109468e-06
1.130455977258120e-02	-7.152557e-07	-9.958605e-07
1.131455977258120e-02	-4.768372e-07	1.091405e-06
1.132455977258120e-02	-7.152557e-07	-1.013315e-06
1.133455977258120e-02	-4.768372e-07	1.074352e-06
1.134455977258120e-02	-4.768372e-07	-1.029789e-06
1.135455977258120e-02	-4.768372e-07	1.058252e-06
1.136455977258120e-02	-7.152557e-07	-1.045336e-06
1.137455977258120e-02	-4.768372e-07	1.043052e-06
1.138455977258120e-02	-4.768372e-07	-1.060009e-06
1.139455977258120e-02	-4.768372e-07	1.028701e-06
1.140455977258120e-02	-7.152557e-07	-1.073857e-06
1.141455977258120e-02	-4.768372e-07	1.015152e-06
1.142455977258120e-02	-4.768372e-07	-1.086925e-06
1.143455977258120e-02	-2.384186e-07	1.002361e-06
1.144455977258120e-02	-4.768372e-07	-1.099257e-06
1.145455977258120e-02	-2.384186e-07	9.902841e-07
1.146455977258120e-02	-4.768372e-07	-1.110894e-06
1.147455977258120e-02	-2.384186e-07	9.788823e-07
1.148455977258120e-02	-4.768372e-07	-1.121876e-06
1.149455977258120e-02	-2.384186e-07	9.681175e-07
1.150455977258120e-02	-4.768372e-07	-1.132239e-06
1.151455977258120e-02	-2.384186e-07	9.579543e-07
1.152455977258120e-02	-4.768372e-07	-1.142017e-06
1.153455977258120e-02	-2.384186e-07	9.483586e-07
1.154455977258120e-02	-4.768372e-07	-1.151244e-06
1.155455977258120e-02	-2.384186e-07	9.392988e-07
1.156455977258120e-02	-4.768372e-07	-1.159950e-06
1.157455977258120e-02	-4.768372e-07	9.307448e-07
1.158455977258120e-02	-4.768372e-07	-1.168164e-06
1.159455977258120e-02	-2.384186e-07	9.226682e-07
1.160455977258120e-02	-2.384186e-07	-1.175914e-06
1.161455977258120e-02	-2.384186e-07	9.150423e-07
1.162455977258120e-02	-4.768372e-07	-1.183227e-06
1.163455977258120e-02	-2.384186e-07	9.078418e-07
1.164455977258120e-02	-4.768372e-07	-1.190126e-06
1.165455977258120e-02	-2.384186e-07	9.010427e-07
1.166455977258120e-02	-4.768372e-07	-1.196635e-06
1.167455977258120e-02	-2.384186e-07	8.946225e-07
1.168455977258120e-02	-2.384186e-07	-1.202775e-06
1.169455977258120e-02	-2.384186e-07	8.885601e-07
1.170455977258120e-02	-2.384186e-07	-1.208568e-06
1.171455977258120e-02	-2.384186e-07	8.828351e-07
1.172455977258120e-02	-2.384186e-07	-1.214033e-06
1.173455977258120e-02	-2.384186e-07	8.774288e-07
1.174455977258120e-02	-4.768372e-07	-1.219188e-06
1.175455977258120e-02	-4.768372e-07	8.723232e-07
1.176455977258120e-02	-4.768372e-07	-1.224052e-06
1.177455977258120e-02	0.000000e+00	8.675013e-07
1.178455977258120e-02	-2.384186e-07	-1.228639e-06
1.179455977258120e-02	0.000000e+00	8.629474e-07
1.180455977258120e-02	-2.384186e-07	-1.232965e-06
1.181455977258120e-02	0.000000e+00	8.586462e-07
1.182455977258120e-02	-4.768372e-07	-1.237046e-06
1.183455977258120e-02	-2.384186e-07	8.545837e-07
1.184455977258120e-02	-2.384186e-07	-1.240896e-06
1.185455977258120e-02	-2.384186e-07	8.507463e-07
1.186455977258120e-02	-4.768372e-07	-1.244526e-06
1.187455977258120e-02	-2.384186e-07	8.471214e-07
1.188455977258120e-02	-4.768372e-07	-1.247949e-06
1.189455977258120e-02	0.000000e+00	8.436971e-07
1.190455977258120e-02	-4.768372e-07	-1.251178e-06
1.191455977258120e-02	-4.768372e-07	8.404621e-07
1.192455977258120e-02	-4.768372e-07	-1.254223e-06
1.193455977258120e-02	-2.384186e-07	8.374057e-07
1.194455977258120e-02	-4.768372e-07	-1.257094e-06
1.195455977258120e-02	-2.384186e-07	8.345179e-07
1.196455977258120e-02	-2.384186e-07	-1.259801e-06
1.197455977258120e-02	-2.384186e-07	8.317893e-07
1.198455977258120e-02	-4.768372e-07	-1.262353e-06
1.199455977258120e-02	0.000000e+00	8.292108e-07
1.200455977258120e-02	-4.768372e-07	-1.264759e-06
1.201455977258120e-02	-2.384186e-07	8.267741e-07
1.202455977258120e-02	-2.384186e-07	-1.267027e-06
1.203455977258120e-02	0.000000e+00	8.244710e-07
1.204455977258120e-02	-4.768372e-07	-1.269166e-06
1.205455977258120e-02	-2.384186e-07	8.222942e-07
1.206455977258120e-02	-4.768372e-07	-1.271181e-06
1.207455977258120e-02	-2.384186e-07	8.202366e-07
1.208455977258120e-02	-2.384186e-07	-1.273081e-06
1.209455977258120e-02	-2.384186e-07	8.182914e-07
1.210455977258120e-02	-4.768372e-07	-1.274871e-06
1.211455977258120e-02	0.000000e+00	8.164523e-07
1.212455977258120e-02	-2.384186e-07	-1.276558e-06
1.213455977258120e-02	-2.384186e-07	8.147132e-07
1.214455977258120e-02	-4.768372e-07	-1.278148e-06
1.215455977258120e-02	-2.384186e-07	8.130688e-07
1.216455977258120e-02	-4.768372e-07	-1.279645e-06
1.217455977258120e-02	-2.384186e-07	8.115135e-07
1.218455977258120e-02	-2.384186e-07	-1.281056e-06
1.219455977258120e-02	-2.384186e-07	8.100424e-07
1.220455977258120e-02	-4.768372e-07	-1.282385e-06
1.221455977258120e-02	-2.384186e-07	8.086507e-07
1.222455977258120e-02	-2.384186e-07	-1.283637e-06
1.223455977258120e-02	0.000000e+00	8.073339e-07
1.224455977258120e-02	-4.768372e-07	-1.284816e-06
1.225455977258120e-02	0.000000e+00	8.060880e-07
1.226455977258120e-02	-4.768372e-07	-1.285925e-06
1.227455977258120e-02	0.000000e+00	8.049088e-07
1.228455977258120e-02	-4.768372e-07	-1.286970e-06
1.229455977258120e-02	0.000000e+00	8.037926e-07
1.230455977258120e-02	-4.768372e-07	-1.287953e-06
1.231455977258120e-02	0.000000e+00	8.027359e-07
1.232455977258120e-02	-4.768372e-07	-1.288879e-06
1.233455977258120e-02	-2.384186e-07	8.017353e-07
1.234455977258120e-02	-4.768372e-07	-1.289750e-06
1.235455977258120e-02	-2.384186e-07	8.007877e-07
1.236455977258120e-02	-2.384186e-07	-1.290569e-06
1.237455977258120e-02	-2.384186e-07	7.998901e-07
1.238455977258120e-02	-2.384186e-07	-1.291339e-06
1.239455977258120e-02	-2.384186e-07	7.990397e-07
1.240455977258120e-02	-4.768372e-07	-1.292064e-06
1.241455977258120e-02	-2.384186e-07	7.982338e-07
1.242455977258120e-02	-4.768372e-07	-1.292745e-06
1.243455977258120e-02	-2.384186e-07	7.974700e-07
1.244455977258120e-02	-4.768372e-07	-1.293385e-06
1.245455977258120e-02	0.000000e+00	7.967458e-07
1.246455977258120e-02	-2.384186e-07	-1.293986e-06
1.247455977258120e-02	0.000000e+00	7.960590e-07
1.248455977258120e-02	-4.768372e-07	-1.294551e-06
1.249455977258120e-02	-2.384186e-07	7.954076e-07
1.250455977258120e-02	-4.768372e-07	-1.295081e-06
1.251455977258120e-02	-2.384186e-07	7.947895e-07
1.252455977258120e-02	-4.768372e-07	-1.295579e-06
1.253455977258120e-02	0.000000e+00	7.942028e-07
1.254455977258120e-02	-2.384186e-07	-1.296046e-06
1.255455977258120e-02	-2.384186e-07	7.936459e-07
1.256455977258120e-02	-4.768372e-07	-1.296484e-06
1.257455977258120e-02	-2.384186e-07	7.931170e-07
1.258455977258120e-02	-2.384186e-07	-1.296895e-06
1.259455977258120e-02	0.000000e+00	7.926145e-07
1.260455977258120e-02	-4.768372e-07	-1.297280e-06
1.261455977258120e-02	-2.384186e-07	7.921370e-07
1.262455977258120e-02	-4.768372e-07	-1.297641e-06
1.263455977258120e-02	-2.384186e-07	7.916831e-07
1.264455977258120e-02	-4.768372e-07	-1.297978e-06
1.265455977258120e-02	-2.384186e-07	7.912514e-07
1.266455977258120e-02	-4.768372e-07	-1.298294e-06
1.267455977258120e-02	-2.384186e-07	7.908407e-07
1.268455977258120e-02	-4.768372e-07	-1.298589e-06
1.269455977258120e-02	-2.384186e-07	7.904499e-07
1.270455977258120e-02	-4.768372e-07	-1.298865e-06
1.271455977258120e-02	-2.384186e-07	7.900776e-07
1.272455977258120e-02	-4.768372e-07	-1.299122e-06
1.273455977258120e-02	-2.384186e-07	7.897231e-07
1.274455977258120e-02	-4.768372e-07	-1.299362e-06
1.275455977258120e-02	-2.384186e-07	7.893852e-07
1.276455977258120e-02	-2.384186e-07	-1.299586e-06
1.277455977258120e-02	0.000000e+00	7.890631e-07
1.278455977258120e-02	-4.768372e-07	-1.299794e-06
1.279455977258120e-02	-2.384186e-07	7.887557e-07
1.280455977258120e-02	-4.768372e-07	-1.299988e-06
1.281455977258120e-02	-2.384186e-07	7.884623e-07
1.282455977258120e-02	-4.768372e-07	-1.300168e-06
1.283455977258120e-02	0.000000e+00	7.881822e-07
1.284455977258120e-02	-4.768372e-07	-1.300335e-06
1.285455977258120e-02	0.000000e+00	7.879146e-07
1.286455977258120e-02	-4.768372e-07	-1.300490e-06
1.287455977258120e-02	-2.384186e-07	7.876587e-07
1.288455977258120e-02	-4.768372e-07	-1.300633e-06
1.289455977258120e-02	-2.384186e-07	7.874139e-07
1.290455977258120e-02	-2.384186e-07	-1.300765e-06
1.291455977258120e-02	-2.384186e-07	7.871796e-07
1.292455977258120e-02	-2.384186e-07	-1.300887e-06
1.293455977258120e-02	-2.384186e-07	7.869552e-07
1.294455977258120e-02	-4.768372e-07	-1.301000e-06
1.295455977258120e-02	-2.384186e-07	7.867401e-07
1.296455977258120e-02	-4.768372e-07	-1.301103e-06
1.297455977258120e-02	-2.384186e-07	7.865339e-07
1.298455977258120e-02	-2.384186e-07	-1.301197e-06
1.299455977258120e-02	-2.384186e-07	7.863359e-07
1.300455977258120e-02	-2.384186e-07	-1.301283e-06
1.301455977258120e-02	-2.384186e-07	7.861458e-07
1.302455977258120e-02	-2.384186e-07	-1.301361e-06
1.303455977258120e-02	-2.384186e-07	7.859632e-07
1.304455977258120e-02	-4.768372e-07	-1.301432e-06
1.305455977258120e-02	-2.384186e-07	7.857875e-07
1.306455977258120e-02	-4.768372e-07	-1.301496e-06
1.307455977258120e-02	0.000000e+00	7.856184e-07
1.308455977258120e-02	-4.768372e-07	-1.301553e-06
1.309455977258120e-02	-2.384186e-07	7.854555e-07
1.310455977258120e-02	-2.384186e-07	-1.301605e-06
1.311455977258120e-02	-2.384186e-07	7.852986e-07
1.312455977258120e-02	-2.384186e-07	-1.301650e-06
1.313455977258120e-02	0.000000e+00	7.851472e-07
1.314455977258120e-02	-4.768372e-07	-1.301690e-06
1.315455977258120e-02	0.000000e+00	7.850009e-07
1.316455977258120e-02	-4.768372e-07	-1.301724e-06
1.317455977258120e-02	-2.384186e-07	7.848597e-07
1.318455977258120e-02	-4.768372e-07	-1.301754e-06
1.319455977258120e-02	-2.384186e-07	7.847231e-07
1.320455977258120e-02	-4.768372e-07	-1.301779e-06
1.321455977258120e-02	-2.384186e-07	7.845908e-07
1.322455977258120e-02	-4.768372e-07	-1.301799e-06
1.323455977258120e-02	-2.384186e-07	7.844628e-07
1.324455977258120e-02	-4.768372e-07	-1.301816e-06
1.325455977258120e-02	-2.384186e-07	7.843386e-07
1.326455977258120e-02	-4.768372e-07	-1.301828e-06
1.327455977258120e-02	0.000000e+00	7.842182e-07
1.328455977258120e-02	-4.768372e-07	-1.301837e-06
1.329455977258120e-02	0.000000e+00	7.841012e-07
1.330455977258120e-02	-2.384186e-07	-1.301842e-06
1.331455977258120e-02	-2.384186e-07	7.839875e-07
1.332455977258120e-02	-4.768372e-07	-1.301844e-06
1.333455977258120e-02	-2.384186e-07	7.838769e-07
1.334455977258120e-02	-4.768372e-07	-1.301842e-06
1.335455977258120e-02	0.000000e+00	7.837693e-07
1.336455977258120e-02	-2.384186e-07	-1.301838e-06
1.337455977258120e-02	-2.384186e-07	7.836644e-07
1.338455977258120e-02	-4.768372e-07	-1.301831e-06
1.339455977258120e-02	-2.384186e-07	7.835621e-07
1.340455977258120e-02	-4.768372e-07	-1.301821e-06
1.341455977258120e-02	0.000000e+00	7.834623e-07
1.342455977258120e-02	-2.384186e-07	-1.301808e-06
1.343455977258120e-02	-2.384186e-07	7.833648e-07
1.344455977258120e-02	-4.768372e-07	-1.301794e-06
1.345455977258120e-02	0.000000e+00	7.832695e-07
1.346455977258120e-02	-2.384186e-07	-1.301776e-06
1.347455977258120e-02	0.000000e+00	7.831762e-07
1.348455977258120e-02	-2.384186e-07	-1.301757e-06
1.349455977258120e-02	0.000000e+00	7.830848e-07
1.350455977258120e-02	-2.384186e-07	-1.301736e-06
1.351455977258120e-02	-2.384186e-07	7.829954e-07
1.352455977258120e-02	-4.768372e-07	-1.301713e-06
1.353455977258120e-02	-2.384186e-07	7.829076e-07
1.354455977258120e-02	-4.768372e-07	-1.301688e-06
1.355455977258120e-02	-2.384186e-07	7.828214e-07
1.356455977258120e-02	-4.768372e-07	-1.301661e-06
1.357455977258120e-02	0.000000e+00	7.827368e-07
1.358455977258120e-02	-2.384186e-07	-1.301633e-06
1.359455977258120e-02	-2.384186e-07	7.826537e-07
1.360455977258120e-02	-2.384186e-07	-1.301603e-06
1.361455977258120e-02	-2.384186e-07	7.825719e-07
1.362455977258120e-02	-4.768372e-07	-1.301571e-06
1.363455977258120e-02	-2.384186e-07	7.824914e-07
1.364455977258120e-02	-4.768372e-07	-1.301539e-06
1.365455977258120e-02	-2.384186e-07	7.824121e-07
1.366455977258120e-02	-2.384186e-07	-1.301504e-06
1.367455977258120e-02	0.000000e+00	7.823339e-07
1.368455977258120e-02	-2.384186e-07	-1.301469e-06
1.369455977258120e-02	0.000000e+00	7.822568e-07
1.370455977258120e-02	-2.384186e-07	-1.301432e-06
1.371455977258120e-02	0.000000e+00	7.821808e-07
1.372455977258120e-02	-2.384186e-07	-1.301395e-06
1.373455977258120e-02	-2.384186e-07	7.821057e-07
1.374455977258120e-02	-4.768372e-07	-1.301356e-06
1.375455977258120e-02	-2.384186e-07	7.820315e-07
1.376455977258120e-02	-4.768372e-07	-1.301316e-06
1.377455977258120e-02	-2.384186e-07	7.819581e-07
1.378455977258120e-02	-4.768372e-07	-1.301275e-06
1.379455977258120e-02	-2.384186e-07	7.818855e-07
1.380455977258120e-02	-4.768372e-07	-1.301234e-06
1.381455977258120e-02	-2.384186e-07	7.818137e-07
1.382455977258120e-02	-2.384186e-07	-1.301191e-06
1.383455977258120e-02	0.000000e+00	7.817425e-07
1.384455977258120e-02	-2.384186e-07	-1.301148e-06
1.385455977258120e-02	0.000000e+00	7.816721e-07
1.386455977258120e-02	-2.384186e-07	-1.301104e-06
1.387455977258120e-02	0.000000e+00	7.816022e-07
1.388455977258120e-02	-2.384186e-07	-1.301059e-06
1.389455977258120e-02	0.000000e+00	7.815330e-07
1.390455977258120e-02	-2.384186e-07	-1.301013e-06
1.391455977258120e-02	-2.384186e-07	7.814643e-07
1.392455977258120e-02	-2.384186e-07	-1.300967e-06
1.393455977258120e-02	-2.384186e-07	7.813961e-07
1.394455977258120e-02	-2.384186e-07	-1.300920e-06
1.395455977258120e-02	-2.384186e-07	7.813284e-07
1.396455977258120e-02	-4.768372e-07	-1.300872e-06
1.397455977258120e-02	-2.384186e-07	7.812611e-07
1.398455977258120e-02	-4.768372e-07	-1.300824e-06
1.399455977258120e-02	-2.384186e-07	7.811943e-07
1.400455977258120e-02	-4.768372e-07	-1.300776e-06
1.401455977258120e-02	-2.384186e-07	7.811278e-07
1.402455977258120e-02	-4.768372e-07	-1.300726e-06
1.403455977258120e-02	-2.384186e-07	7.810618e-07
1.404455977258120e-02	-4.768372e-07	-1.300677e-06
1.405455977258120e-02	-4.768372e-07	7.809961e-07
1.406455977258120e-02	-4.768372e-07	-1.300626e-06
1.407455977258120e-02	-2.384186e-07	7.809307e-07
1.408455977258120e-02	-2.384186e-07	-1.300576e-06
1.409455977258120e-02	-2.384186e-07	7.808656e-07
1.410455977258120e-02	-4.768372e-07	-1.300525e-06
1.411455977258120e-02	0.000000e+00	7.808009e-07
1.412455977258120e-02	-2.384186e-07	-1.300473e-06
1.413455977258120e-02	0.000000e+00	7.807363e-07
1.414455977258120e-02	-2.384186e-07	-1.300421e-06
1.415455977258120e-02	0.000000e+00	7.806721e-07
1.416455977258120e-02	-2.384186e-07	-1.300369e-06
1.417455977258120e-02	0.000000e+00	7.806080e-07
1.418455977258120e-02	-2.384186e-07	-1.300316e-06
1.419455977258120e-02	0.000000e+00	7.805442e-07
1.420455977258120e-02	-2.384186e-07	-1.300263e-06
1.421455977258120e-02	0.000000e+00	7.804805e-07
1.422455977258120e-02	-2.384186e-07	-1.300210e-06
1.423455977258120e-02	0.000000e+00	7.804171e-07
1.424455977258120e-02	-2.384186e-07	-1.300156e-06
1.425455977258120e-02	-2.384186e-07	7.803538e-07
1.426455977258120e-02	-2.384186e-07	-1.300102e-06
1.427455977258120e-02	-2.384186e-07	7.802907e-07
1.428455977258120e-02	-2.384186e-07	-1.300048e-06
1.429455977258120e-02	-2.384186e-07	7.802278e-07
1.430455977258120e-02	-2.384186e-07	-1.299993e-06
1.431455977258120e-02	-2.384186e-07	7.801650e-07
1.432455977258120e-02	-2.384186e-07	-1.299938e-06
1.433455977258120e-02	-2.384186e-07	7.801023e-07
1.434455977258120e-02	-2.384186e-07	-1.299883e-06
1.435455977258120e-02	-2.384186e-07	7.800397e-07
1.436455977258120e-02	-4.768372e-07	-1.299828e-06
1.437455977258120e-02	-2.384186e-07	7.799773e-07
1.438455977258120e-02	-4.768372e-07	-1.299772e-06
1.439455977258120e-02	-2.384186e-07	7.799149e-07
1.440455977258120e-02	-4.768372e-07	-1.299716e-06
1.441455977258120e-02	-2.384186e-07	7.798527e-07
1.442455977258120e-02	-4.768372e-07	-1.299660e-06
1.443455977258120e-02	-2.384186e-07	7.797904e-07
1.444455977258120e-02	-4.768372e-07	-1.299604e-06
1.445455977258120e-02	-2.384186e-07	7.797283e-07
1.446455977258120e-02	-4.768372e-07	-1.299547e-06
1.447455977258120e-02	-2.384186e-07	7.796663e-07
1.448455977258120e-02	-4.768372e-07	-1.299490e-06
1.449455977258120e-02	-2.384186e-07	7.796042e-07
1.450455977258120e-02	-4.768372e-07	-1.299434e-06
1.451455977258120e-02	-2.384186e-07	7.795423e-07
1.452455977258120e-02	-4.768372e-07	-1.299376e-06
1.453455977258120e-02	-2.384186e-07	7.794804e-07
1.454455977258120e-02	-4.768372e-07	-1.299319e-06
1.455455977258120e-02	-2.384186e-07	7.794185e-07
1.456455977258120e-02	-4.768372e-07	-1.299262e-06
1.457455977258120e-02	-2.384186e-07	7.793567e-07
1.458455977258120e-02	-4.768372e-07	-1.299204e-06
1.459455977258120e-02	-2.384186e-07	7.792949e-07
1.460455977258120e-02	-4.768372e-07	-1.299146e-06
1.461455977258120e-02	-2.384186e-07	7.792331e-07
1.462455977258120e-02	-4.768372e-07	-1.299088e-06
1.463455977258120e-02	-2.384186e-07	7.791713e-07
1.464455977258120e-02	-4.768372e-07	-1.299030e-06
1.465455977258120e-02	-4.768372e-07	7.791096e-07
1.466455977258120e-02	-4.768372e-07	-1.298972e-06
1.467455977258120e-02	-4.768372e-07	7.790479e-07
1.468455977258120e-02	-4.768372e-07	-1.298913e-06
1.469455977258120e-02	-4.768372e-07	7.789861e-07
1.470455977258120e-02	-4.768372e-07	-1.298855e-06
1.471455977258120e-02	-4.768372e-07	7.789244e-07
1.472455977258120e-02	-4.768372e-07	-1.298796e-06
1.473455977258120e-02	-4.768372e-07	7.788627e-07
1.474455977258120e-02	-4.768372e-07	-1.298737e-06
1.475455977258120e-02	-4.768372e-07	7.788010e-07
1.476455977258120e-02	-4.768372e-07	-1.298678e-06
1.477455977258120e-02	-2.384186e-07	7.787392e-07
1.478455977258120e-02	-2.384186e-07	-1.298619e-06
1.479455977258120e-02	-2.384186e-07	7.786775e-07
1.480455977258120e-02	-2.384186e-07	-1.298560e-06
1.481455977258120e-02	-2.384186e-07	7.786157e-07
1.482455977258120e-02	-2.384186e-07	-1.298500e-06
1.483455977258120e-02	-2.384186e-07	7.785540e-07
1.484455977258120e-02	-2.384186e-07	-1.298441e-06
1.485455977258120e-02	-2.384186e-07	7.784922e-07
1.486455977258120e-02	-2.384186e-07	-1.298381e-06
1.487455977258120e-02	-2.384186e-07	7.784303e-07
1.488455977258120e-02	-2.384186e-07	-1.298321e-06
1.489455977258120e-02	-2.384186e-07	7.783685e-07
1.490455977258120e-02	-2.384186e-07	-1.298262e-06
1.491455977258120e-02	-2.384186e-07	7.783066e-07
1.492455977258120e-02	-2.384186e-07	-1.298202e-06
1.493455977258120e-02	-2.384186e-07	7.782447e-07
1.494455977258120e-02	-2.384186e-07	-1.298142e-06
1.495455977258120e-02	0.000000e+00	7.781828e-07
1.496455977258120e-02	-2.384186e-07	-1.298081e-06
1.497455977258120e-02	0.000000e+00	7.781209e-07
1.498455977258120e-02	-2.384186e-07	-1.298021e-06
1.499455977258120e-02	0.000000e+00	7.780589e-07
1.500455977258120e-02	-2.384186e-07	-1.297961e-06
1.501455977258120e-02	0.000000e+00	7.779969e-07
1.502455977258120e-02	-2.384186e-07	-1.297900e-06
1.503455977258120e-02	0.000000e+00	7.779348e-07
1.504455977258120e-02	-2.384186e-07	-1.297840e-06
1.505455977258120e-02	0.000000e+00	7.778727e-07
1.506455977258120e-02	-2.384186e-07	-1.297779e-06
1.507455977258120e-02	0.000000e+00	7.778106e-07
1.508455977258120e-02	-2.384186e-07	-1.297718e-06
1.509455977258120e-02	0.000000e+00	7.777484e-07
1.510455977258120e-02	-2.384186e-07	-1.297657e-06
1.511455977258120e-02	0.000000e+00	7.776862e-07
1.512455977258120e-02	-2.384186e-07	-1.297596e-06
1.513455977258120e-02	0.000000e+00	7.776239e-07
1.514455977258120e-02	-2.384186e-07	-1.297535e-06
1.515455977258120e-02	0.000000e+00	7.775616e-07
1.516455977258120e-02	-2.384186e-07	-1.297474e-06
1.517455977258120e-02	0.000000e+00	7.774993e-07
1.518455977258120e-02	-2.384186e-07	-1.297412e-06
1.519455977258120e-02	0.000000e+00	7.774369e-07
1.520455977258120e-02	-2.384186e-07	-1.297351e-06
1.521455977258120e-02	0.000000e+00	7.773745e-07
1.522455977258120e-02	-2.384186e-07	-1.297290e-06
1.523455977258120e-02	0.000000e+00	7.773120e-07
1.524455977258120e-02	-2.384186e-07	-1.297228e-06
1.525455977258120e-02	0.000000e+00	7.772495e-07
1.526455977258120e-02	-2.384186e-07	-1.297166e-06
1.527455977258120e-02	0.000000e+00	7.771869e-07
1.528455977258120e-02	-2.384186e-07	-1.297105e-06
1.529455977258120e-02	0.000000e+00	7.771242e-07
1.530455977258120e-02	-2.384186e-07	-1.297043e-06
1.531455977258120e-02	0.000000e+00	7.770615e-07
1.532455977258120e-02	-2.384186e-07	-1.296981e-06
1.533455977258120e-02	0.000000e+00	7.769988e-07
1.534455977258120e-02	-2.384186e-07	-1.296919e-06
1.535455977258120e-02	0.000000e+00	7.769360e-07
1.536455977258120e-02	-2.384186e-07	-1.296857e-06
1.537455977258120e-02	0.000000e+00	7.768732e-07
1.538455977258120e-02	-2.384186e-07	-1.296795e-06
1.539455977258120e-02	0.000000e+00	7.768102e-07
1.540455977258120e-02	-2.384186e-07	-1.296733e-06
1.541455977258120e-02	0.000000e+00	7.767473e-07
1.542455977258120e-02	-2.384186e-07	-1.296670e-06
1.543455977258120e-02	0.000000e+00	7.766843e-07
1.544455977258120e-02	-2.384186e-07	-1.296608e-06
1.545455977258120e-02	0.000000e+00	7.766212e-07
1.546455977258120e-02	-2.384186e-07	-1.296545e-06
1.547455977258120e-02	0.000000e+00	7.765581e-07
1.548455977258120e-02	-2.384186e-07	-1.296483e-06
1.549455977258120e-02	0.000000e+00	7.764949e-07
1.550455977258120e-02	-2.384186e-07	-1.296420e-06
1.551455977258120e-02	0.000000e+00	7.764316e-07
1.552455977258120e-02	-2.384186e-07	-1.296357e-06
1.553455977258120e-02	0.000000e+00	7.763684e-07
1.554455977258120e-02	-2.384186e-07	-1.296295e-06
1.555455977258120e-02	0.000000e+00	7.763050e-07
1.556455977258120e-02	-2.384186e-07	-1.296232e-06
1.557455977258120e-02	0.000000e+00	7.762416e-07
1.558455977258120e-02	-2.384186e-07	-1.296169e-06
1.559455977258120e-02	0.000000e+00	7.761781e-07
1.560455977258120e-02	-2.384186e-07	-1.296106e-06
1.561455977258120e-02	0.000000e+00	7.761146e-07
1.562455977258120e-02	-2.384186e-07	-1.296043e-06
1.563455977258120e-02	0.000000e+00	7.760510e-07
1.564455977258120e-02	-2.384186e-07	-1.295979e-06
1.565455977258120e-02	0.000000e+00	7.759874e-07
1.566455977258120e-02	-2.384186e-07	-1.295916e-06
1.567455977258120e-02	0.000000e+00	7.759237e-07
1.568455977258120e-02	-2.384186e-07	-1.295853e-06
1.569455977258120e-02	0.000000e+00	7.758599e-07
1.570455977258120e-02	-2.384186e-07	-1.295790e-06
1.571455977258120e-02	0.000000e+00	7.757961e-07
1.572455977258120e-02	-2.384186e-07	-1.295726e-06
1.573455977258120e-02	0.000000e+00	7.757322e-07
1.574455977258120e-02	-2.384186e-07	-1.295663e-06
1.575455977258120e-02	0.000000e+00	7.756682e-07
1.576455977258120e-02	-2.384186e-07	-1.295599e-06
1.577455977258120e-02	0.000000e+00	7.756042e-07
1.578455977258120e-02	-2.384186e-07	-1.295535e-06
1.579455977258120e-02	0.000000e+00	7.755402e-07
1.580455977258120e-02	-2.384186e-07	-1.295471e-06
1.581455977258120e-02	0.000000e+00	7.754761e-07
1.582455977258120e-02	-2.384186e-07	-1.295408e-06
1.583455977258120e-02	0.000000e+00	7.754119e-07
1.584455977258120e-02	-2.384186e-07	-1.295344e-06
1.585455977258120e-02	0.000000e+00	7.753476e-07
1.586455977258120e-02	-2.384186e-07	-1.295280e-06
1.587455977258120e-02	0.000000e+00	7.752833e-07
1.588455977258120e-02	-2.384186e-07	-1.295216e-06
1.589455977258120e-02	0.000000e+00	7.752189e-07
1.590455977258120e-02	-2.384186e-07	-1.295151e-06
1.591455977258120e-02	0.000000e+00	7.751545e-07
1.592455977258120e-02	-2.384186e-07	-1.295087e-06
1.593455977258120e-02	0.000000e+00	7.750900e-07
1.594455977258120e-02	-2.384186e-07	-1.295023e-06
1.595455977258120e-02	0.000000e+00	7.750254e-07
1.596455977258120e-02	-2.384186e-07	-1.294959e-06
1.597455977258120e-02	0.000000e+00	7.749608e-07
1.598455977258120e-02	-2.384186e-07	-1.294894e-06
1.599455977258120e-02	0.000000e+00	7.748961e-07
1.600455977258120e-02	-2.384186e-07	-1.294830e-06
1.601455977258120e-02	0.000000e+00	7.748313e-07
1.602455977258120e-02	-2.384186e-07	-1.294765e-06
1.603455977258120e-02	0.000000e+00	7.747665e-07
1.604455977258120e-02	-2.384186e-07	-1.294700e-06
1.605455977258120e-02	0.000000e+00	7.747017e-07
1.606455977258120e-02	-2.384186e-07	-1.294636e-06
1.607455977258120e-02	0.000000e+00	7.746367e-07
1.608455977258120e-02	-2.384186e-07	-1.294571e-06
1.609455977258120e-02	0.000000e+00	7.745717e-07
1.610455977258120e-02	-2.384186e-07	-1.294506e-06
1.611455977258120e-02	0.000000e+00	7.745066e-07
1.612455977258120e-02	-2.384186e-07	-1.294441e-06
1.613455977258120e-02	0.000000e+00	7.744415e-07
1.614455977258120e-02	-2.384186e-07	-1.294376e-06
1.615455977258120e-02	0.000000e+00	7.743764e-07
1.616455977258120e-02	-2.384186e-07	-1.294311e-06
1.617455977258120e-02	0.000000e+00	7.743111e-07
1.618455977258120e-02	-2.384186e-07	-1.294246e-06
1.619455977258120e-02	0.000000e+00	7.742458e-07
1.620455977258120e-02	-2.384186e-07	-1.294181e-06
1.621455977258120e-02	0.000000e+00	7.741804e-07
1.622455977258120e-02	-2.384186e-07	-1.294116e-06
1.623455977258120e-02	0.000000e+00	7.741149e-07
1.624455977258120e-02	-2.384186e-07	-1.294050e-06
1.625455977258120e-02	0.000000e+00	7.740495e-07
1.626455977258120e-02	-2.384186e-07	-1.293985e-06
1.627455977258120e-02	0.000000e+00	7.739839e-07
1.628455977258120e-02	-2.384186e-07	-1.293919e-06
1.629455977258120e-02	0.000000e+00	7.739183e-07
1.630455977258120e-02	-2.384186e-07	-1.293854e-06
1.631455977258120e-02	0.000000e+00	7.738525e-07
1.632455977258120e-02	-2.384186e-07	-1.293788e-06
1.633455977258120e-02	0.000000e+00	7.737868e-07
1.634455977258120e-02	-2.384186e-07	-1.293723e-06
1.635455977258120e-02	0.000000e+00	7.737210e-07
1.636455977258120e-02	-2.384186e-07	-1.293657e-06
1.637455977258120e-02	0.000000e+00	7.736551e-07
1.638455977258120e-02	-2.384186e-07	-1.293591e-06
1.639455977258120e-02	0.000000e+00	7.735891e-07
1.640455977258120e-02	-2.384186e-07	-1.293525e-06
1.641455977258120e-02	0.000000e+00	7.735231e-07
1.642455977258120e-02	-2.384186e-07	-1.293459e-06
1.643455977258120e-02	0.000000e+00	7.734570e-07
1.644455977258120e-02	-2.384186e-07	-1.293393e-06
1.645455977258120e-02	0.000000e+00	7.733909e-07
1.646455977258120e-02	-2.384186e-07	-1.293327e-06
1.647455977258120e-02	0.000000e+00	7.733247e-07
1.648455977258120e-02	-2.384186e-07	-1.293261e-06
1.649455977258120e-02	0.000000e+00	7.732584e-07
1.650455977258120e-02	-2.384186e-07	-1.293195e-06
1.651455977258120e-02	0.000000e+00	7.731921e-07
1.652455977258120e-02	-2.384186e-07	-1.293129e-06
1.653455977258120e-02	0.000000e+00	7.731257e-07
1.654455977258120e-02	-2.384186e-07	-1.293062e-06
1.655455977258120e-02	0.000000e+00	7.730592e-07
1.656455977258120e-02	-2.384186e-07	-1.292996e-06
1.657455977258120e-02	0.000000e+00	7.729927e-07
1.658455977258120e-02	-2.384186e-07	-1.292930e-06
1.659455977258120e-02	0.000000e+00	7.729261e-07
1.660455977258120e-02	-2.384186e-07	-1.292863e-06
1.661455977258120e-02	0.000000e+00	7.728595e-07
1.662455977258120e-02	-2.384186e-07	-1.292796e-06
1.663455977258120e-02	0.000000e+00	7.727928e-07
1.664455977258120e-02	-2.384186e-07	-1.292730e-06
1.665455977258120e-02	0.000000e+00	7.727260e-07
1.666455977258120e-02	-2.384186e-07	-1.292663e-06
1.667455977258120e-02	0.000000e+00	7.726591e-07
1.668455977258120e-02	-2.384186e-07	-1.292596e-06
1.669455977258120e-02	0.000000e+00	7.725922e-07
1.670455977258120e-02	-2.384186e-07	-1.292529e-06
1.671455977258120e-02	0.000000e+00	7.725253e-07
1.672455977258120e-02	-2.384186e-07	-1.292462e-06
1.673455977258120e-02	0.000000e+00	7.724582e-07
1.674455977258120e-02	-2.384186e-07	-1.292395e-06
1.675455977258120e-02	0.000000e+00	7.723912e-07
1.676455977258120e-02	-2.384186e-07	-1.292328e-06
1.677455977258120e-02	0.000000e+00	7.723240e-07
1.678455977258120e-02	-2.384186e-07	-1.292261e-06
1.679455977258120e-02	0.000000e+00	7.722568e-07
1.680455977258120e-02	-2.384186e-07	-1.292194e-06
1.681455977258120e-02	0.000000e+00	7.721895e-07
1.682455977258120e-02	-2.384186e-07	-1.292127e-06
1.683455977258120e-02	0.000000e+00	7.721221e-07
1.684455977258120e-02	-2.384186e-07	-1.292059e-06
1.685455977258120e-02	0.000000e+00	7.720548e-07
1.686455977258120e-02	-2.384186e-07	-1.291992e-06
1.687455977258120e-02	0.000000e+00	7.719873e-07
1.688455977258120e-02	-2.384186e-07	-1.291925e-06
1.689455977258120e-02	0.000000e+00	7.719197e-07
1.690455977258120e-02	-2.384186e-07	-1.291857e-06
1.691455977258120e-02	0.000000e+00	7.718521e-07
1.692455977258120e-02	-2.384186e-07	-1.291790e-06
1.693455977258120e-02	0.000000e+00	7.717845e-07
1.694455977258120e-02	-2.384186e-07	-1.291722e-06
1.695455977258120e-02	0.000000e+00	7.717167e-07
1.696455977258120e-02	-2.384186e-07	-1.291654e-06
1.697455977258120e-02	0.000000e+00	7.716490e-07
1.698455977258120e-02	-2.384186e-07	-1.291586e-06
1.699455977258120e-02	0.000000e+00	7.715811e-07
1.700455977258120e-02	-2.384186e-07	-1.291519e-06
1.701455977258120e-02	0.000000e+00	7.715132e-07
1.702455977258120e-02	-2.384186e-07	-1.291451e-06
1.703455977258120e-02	0.000000e+00	7.714452e-07
1.704455977258120e-02	-2.384186e-07	-1.291383e-06
1.705455977258120e-02	0.000000e+00	7.713772e-07
1.706455977258120e-02	-2.384186e-07	-1.291315e-06
1.707455977258120e-02	0.000000e+00	7.713091e-07
1.708455977258120e-02	-2.384186e-07	-1.291247e-06
1.709455977258120e-02	0.000000e+00	7.712409e-07
1.710455977258120e-02	-2.384186e-07	-1.291178e-06
1.711455977258120e-02	0.000000e+00	7.711727e-07
1.712455977258120e-02	-2.384186e-07	-1.291110e-06
1.713455977258120e-02	0.000000e+00	7.711044e-07
1.714455977258120e-02	-2.384186e-07	-1.291042e-06
1.715455977258120e-02	0.000000e+00	7.710360e-07
1.716455977258120e-02	-2.384186e-07	-1.290974e-06
1.717455977258120e-02	0.000000e+00	7.709676e-07
1.718455977258120e-02	-2.384186e-07	-1.290905e-06
1.719455977258120e-02	0.000000e+00	7.708991e-07
1.720455977258120e-02	-2.384186e-07	-1.290837e-06
1.721455977258120e-02	0.000000e+00	7.708306e-07
1.722455977258120e-02	-2.384186e-07	-1.290768e-06
1.723455977258120e-02	0.000000e+00	7.707620e-07
1.724455977258120e-02	-2.384186e-07	-1.290700e-06
1.725455977258120e-02	0.000000e+00	7.706933e-07
1.726455977258120e-02	-2.384186e-07	-1.290631e-06
1.727455977258120e-02	0.000000e+00	7.706246e-07
1.728455977258120e-02	-2.384186e-07	-1.290562e-06
1.729455977258120e-02	0.000000e+00	7.705558e-07
1.730455977258120e-02	-2.384186e-07	-1.290493e-06
1.731455977258120e-02	0.000000e+00	7.704869e-07
1.732455977258120e-02	-2.384186e-07	-1.290425e-06
1.733455977258120e-02	0.000000e+00	7.704180e-07
1.734455977258120e-02	-2.384186e-07	-1.290356e-06
1.735455977258120e-02	0.000000e+00	7.703490e-07
1.736455977258120e-02	-2.384186e-07	-1.290287e-06
1.737455977258120e-02	0.000000e+00	7.702800e-07
1.738455977258120e-02	-2.384186e-07	-1.290217e-06
1.739455977258120e-02	0.000000e+00	7.702109e-07
1.740455977258120e-02	-2.384186e-07	-1.290148e-06
1.741455977258120e-02	0.000000e+00	7.701417e-07
1.742455977258120e-02	-2.384186e-07	-1.290079e-06
1.743455977258120e-02	0.000000e+00	7.700725e-07
1.744455977258120e-02	-2.384186e-07	-1.290010e-06
1.745455977258120e-02	0.000000e+00	7.700032e-07
1.746455977258120e-02	-2.384186e-07	-1.289941e-06
1.747455977258120e-02	0.000000e+00	7.699338e-07
1.748455977258120e-02	-2.384186e-07	-1.289871e-06
1.749455977258120e-02	0.000000e+00	7.698644e-07
1.750455977258120e-02	-2.384186e-07	-1.289802e-06
1.751455977258120e-02	0.000000e+00	7.697950e-07
1.752455977258120e-02	-2.384186e-07	-1.289732e-06
1.753455977258120e-02	0.000000e+00	7.697254e-07
1.754455977258120e-02	-2.384186e-07	-1.289663e-06
1.755455977258120e-02	0.000000e+00	7.696558e-07
1.756455977258120e-02	-2.384186e-07	-1.289593e-06
1.757455977258120e-02	0.000000e+00	7.695861e-07
1.758455977258120e-02	-2.384186e-07	-1.289524e-06
1.759455977258120e-02	0.000000e+00	7.695164e-07
1.760455977258120e-02	-2.384186e-07	-1.289454e-06
1.761455977258120e-02	0.000000e+00	7.694466e-07
1.762455977258120e-02	-2.384186e-07	-1.289384e-06
1.763455977258120e-02	0.000000e+00	7.693768e-07
1.764455977258120e-02	-2.384186e-07	-1.289314e-06
1.765455977258120e-02	0.000000e+00	7.693068e-07
1.766455977258120e-02	-2.384186e-07	-1.289244e-06
1.767455977258120e-02	0.000000e+00	7.692369e-07
1.768455977258120e-02	-2.384186e-07	-1.289174e-06
1.769455977258120e-02	0.000000e+00	7.691668e-07
1.770455977258120e-02	-2.384186e-07	-1.289104e-06
1.771455977258120e-02	0.000000e+00	7.690967e-07
1.772455977258120e-02	-2.384186e-07	-1.289034e-06
1.773455977258120e-02	0.000000e+00	7.690266e-07
1.774455977258120e-02	-2.384186e-07	-1.288964e-06
1.775455977258120e-02	0.000000e+00	7.689563e-07
1.776455977258120e-02	-2.384186e-07	-1.288894e-06
1.777455977258120e-02	0.000000e+00	7.688861e-07
1.778455977258120e-02	-2.384186e-07	-1.288823e-06
1.779455977258120e-02	0.000000e+00	7.688158e-07
1.780455977258120e-02	-2.384186e-07	-1.288753e-06
1.781455977258120e-02	0.000000e+00	7.687453e-07
1.782455977258120e-02	-2.384186e-07	-1.288683e-06
1.783455977258120e-02	0.000000e+00	7.686749e-07
1.784455977258120e-02	-2.384186e-07	-1.288612e-06
1.785455977258120e-02	0.000000e+00	7.686044e-07
1.786455977258120e-02	-2.384186e-07	-1.288542e-06
1.787455977258120e-02	0.000000e+00	7.685338e-07
1.788455977258120e-02	-2.384186e-07	-1.288471e-06
1.789455977258120e-02	0.000000e+00	7.684631e-07
1.790455977258120e-02	-2.384186e-07	-1.288400e-06
1.791455977258120e-02	0.000000e+00	7.683924e-07
1.792455977258120e-02	-2.384186e-07	-1.288330e-06
1.793455977258120e-02	0.000000e+00	7.683216e-07
1.794455977258120e-02	-2.384186e-07	-1.288259e-06
1.795455977258120e-02	0.000000e+00	7.682508e-07
1.796455977258120e-02	-2.384186e-07	-1.288188e-06
1.797455977258120e-02	0.000000e+00	7.681799e-07
1.798455977258120e-02	-2.384186e-07	-1.288117e-06
1.799455977258120e-02	0.000000e+00	7.681089e-07
1.800455977258120e-02	-2.384186e-07	-1.288046e-06
1.801455977258120e-02	0.000000e+00	7.680379e-07
1.802455977258120e-02	-2.384186e-07	-1.287975e-06
1.803455977258120e-02	0.000000e+00	7.679669e-07
1.804455977258120e-02	-2.384186e-07	-1.287904e-06
1.805455977258120e-02	0.000000e+00	7.678957e-07
1.806455977258120e-02	-2.384186e-07	-1.287833e-06
1.807455977258120e-02	0.000000e+00	7.678245e-07
1.808455977258120e-02	-2.384186e-07	-1.287762e-06
1.809455977258120e-02	0.000000e+00	7.677532e-07
1.810455977258120e-02	-2.384186e-07	-1.287690e-06
1.811455977258120e-02	0.000000e+00	7.676820e-07
1.812455977258120e-02	-2.384186e-07	-1.287619e-06
1.813455977258120e-02	0.000000e+00	7.676106e-07
1.814455977258120e-02	-2.384186e-07	-1.287548e-06
1.815455977258120e-02	0.000000e+00	7.675391e-07
1.816455977258120e-02	-2.384186e-07	-1.287476e-06
1.817455977258120e-02	0.000000e+00	7.674676e-07
1.818455977258120e-02	-2.384186e-07	-1.287405e-06
1.819455977258120e-02	0.000000e+00	7.673960e-07
1.820455977258120e-02	-2.384186e-07	-1.287333e-06
1.821455977258120e-02	0.000000e+00	7.673244e-07
1.822455977258120e-02	-2.384186e-07	-1.287261e-06
1.823455977258120e-02	0.000000e+00	7.672527e-07
1.824455977258120e-02	-2.384186e-07	-1.287190e-06
1.825455977258120e-02	0.000000e+00	7.671810e-07
1.826455977258120e-02	-2.384186e-07	-1.287118e-06
1.827455977258120e-02	0.000000e+00	7.671092e-07
1.828455977258120e-02	-2.384186e-07	-1.287046e-06
1.829455977258120e-02	0.000000e+00	7.670374e-07
1.830455977258120e-02	-2.384186e-07	-1.286974e-06
1.831455977258120e-02	0.000000e+00	7.669655e-07
1.832455977258120e-02	-2.384186e-07	-1.286902e-06
1.833455977258120e-02	0.000000e+00	7.668934e-07
1.834455977258120e-02	-2.384186e-07	-1.286830e-06
1.835455977258120e-02	0.000000e+00	7.668214e-07
1.836455977258120e-02	-2.384186e-07	-1.286758e-06
1.837455977258120e-02	0.000000e+00	7.667493e-07
1.838455977258120e-02	-2.384186e-07	-1.286686e-06
1.839455977258120e-02	0.000000e+00	7.666771e-07
1.840455977258120e-02	-2.384186e-07	-1.286614e-06
1.841455977258120e-02	0.000000e+00	7.666049e-07
1.842455977258120e-02	-2.384186e-07	-1.286542e-06
1.843455977258120e-02	0.000000e+00	7.665327e-07
1.844455977258120e-02	-2.384186e-07	-1.286469e-06
1.845455977258120e-02	0.000000e+00	7.664603e-07
1.846455977258120e-02	-2.384186e-07	-1.286397e-06
1.847455977258120e-02	0.000000e+00	7.663879e-07
1.848455977258120e-02	-2.384186e-07	-1.286325e-06
1.849455977258120e-02	0.000000e+00	7.663155e-07
1.850455977258120e-02	-2.384186e-07	-1.286252e-06
1.851455977258120e-02	0.000000e+00	7.662429e-07
1.852455977258120e-02	-2.384186e-07	-1.286179e-06
1.853455977258120e-02	0.000000e+00	7.661703e-07
1.854455977258120e-02	-2.384186e-07	-1.286107e-06
1.855455977258120e-02	0.000000e+00	7.660977e-07
1.856455977258120e-02	-2.384186e-07	-1.286034e-06
1.857455977258120e-02	0.000000e+00	7.660250e-07
1.858455977258120e-02	-2.384186e-07	-1.285962e-06
1.859455977258120e-02	0.000000e+00	7.659522e-07
1.860455977258120e-02	-2.384186e-07	-1.285889e-06
1.861455977258120e-02	0.000000e+00	7.658794e-07
1.862455977258120e-02	-2.384186e-07	-1.285816e-06
1.863455977258120e-02	0.000000e+00	7.658065e-07
1.864455977258120e-02	-2.384186e-07	-1.285743e-06
1.865455977258120e-02	0.000000e+00	7.657336e-07
1.866455977258120e-02	-2.384186e-07	-1.285670e-06
1.867455977258120e-02	0.000000e+00	7.656606e-07
1.868455977258120e-02	-2.384186e-07	-1.285597e-06
1.869455977258120e-02	0.000000e+00	7.655876e-07
1.870455977258120e-02	-2.384186e-07	-1.285524e-06
1.871455977258120e-02	0.000000e+00	7.655144e-07
1.872455977258120e-02	-2.384186e-07	-1.285451e-06
1.873455977258120e-02	0.000000e+00	7.654413e-07
1.874455977258120e-02	-2.384186e-07	-1.285377e-06
1.875455977258120e-02	0.000000e+00	7.653680e-07
1.876455977258120e-02	-2.384186e-07	-1.285304e-06
1.877455977258120e-02	0.000000e+00	7.652947e-07
1.878455977258120e-02	-2.384186e-07	-1.285231e-06
1.879455977258120e-02	0.000000e+00	7.652214e-07
1.880455977258120e-02	-2.384186e-07	-1.285158e-06
1.881455977258120e-02	0.000000e+00	7.651480e-07
1.882455977258120e-02	-2.384186e-07	-1.285084e-06
1.883455977258120e-02	0.000000e+00	7.650745e-07
1.884455977258120e-02	-2.384186e-07	-1.285011e-06
1.885455977258120e-02	0.000000e+00	7.650010e-07
1.886455977258120e-02	-2.384186e-07	-1.284937e-06
1.887455977258120e-02	0.000000e+00	7.649274e-07
1.888455977258120e-02	-2.384186e-07	-1.284864e-06
1.889455977258120e-02	0.000000e+00	7.648537e-07
1.890455977258120e-02	-2.384186e-07	-1.284790e-06
1.891455977258120e-02	0.000000e+00	7.647801e-07
1.892455977258120e-02	-2.384186e-07	-1.284716e-06
1.893455977258120e-02	0.000000e+00	7.647063e-07
1.894455977258120e-02	-2.384186e-07	-1.284642e-06
1.895455977258120e-02	0.000000e+00	7.646325e-07
1.896455977258120e-02	-2.384186e-07	-1.284568e-06
1.897455977258120e-02	0.000000e+00	7.645586e-07
1.898455977258120e-02	-2.384186e-07	-1.284494e-06
1.899455977258120e-02	0.000000e+00	7.644846e-07
1.900455977258120e-02	-2.384186e-07	-1.284421e-06
1.901455977258120e-02	0.000000e+00	7.644106e-07
1.902455977258120e-02	-2.384186e-07	-1.284347e-06
1.903455977258120e-02	0.000000e+00	7.643366e-07
1.904455977258120e-02	-2.384186e-07	-1.284272e-06
1.905455977258120e-02	0.000000e+00	7.642625e-07
1.906455977258120e-02	-2.384186e-07	-1.284198e-06
1.907455977258120e-02	0.000000e+00	7.641883e-07
1.908455977258120e-02	-2.384186e-07	-1.284124e-06
1.909455977258120e-02	0.000000e+00	7.641141e-07
1.910455977258120e-02	-2.384186e-07	-1.284050e-06
1.911455977258120e-02	0.000000e+00	7.640398e-07
1.912455977258120e-02	-2.384186e-07	-1.283976e-06
1.913455977258120e-02	0.000000e+00	7.639654e-07
1.914455977258120e-02	-2.384186e-07	-1.283901e-06
1.915455977258120e-02	0.000000e+00	7.638911e-07
1.916455977258120e-02	-2.384186e-07	-1.283827e-06
1.917455977258120e-02	0.000000e+00	7.638166e-07
1.918455977258120e-02	-2.384186e-07	-1.283752e-06
1.919455977258120e-02	0.000000e+00	7.637421e-07
1.920455977258120e-02	-2.384186e-07	-1.283678e-06
1.921455977258120e-02	0.000000e+00	7.636675e-07
1.922455977258120e-02	-2.384186e-07	-1.283603e-06
1.923455977258120e-02	0.000000e+00	7.635929e-07
1.924455977258120e-02	-2.384186e-07	-1.283528e-06
1.925455977258120e-02	0.000000e+00	7.635182e-07
1.926455977258120e-02	-2.384186e-07	-1.283454e-06
1.927455977258120e-02	0.000000e+00	7.634434e-07
1.928455977258120e-02	-2.384186e-07	-1.283379e-06
1.929455977258120e-02	0.000000e+00	7.633686e-07
1.930455977258120e-02	-2.384186e-07	-1.283304e-06
1.931455977258120e-02	0.000000e+00	7.632938e-07
1.932455977258120e-02	-2.384186e-07	-1.283229e-06
1.933455977258120e-02	0.000000e+00	7.632188e-07
1.934455977258120e-02	-2.384186e-07	-1.283154e-06
1.935455977258120e-02	0.000000e+00	7.631439e-07
1.936455977258120e-02	-2.384186e-07	-1.283079e-06
1.937455977258120e-02	0.000000e+00	7.630688e-07
1.938455977258120e-02	-2.384186e-07	-1.283004e-06
1.939455977258120e-02	0.000000e+00	7.629937e-07
1.940455977258120e-02	-2.384186e-07	-1.282929e-06
1.941455977258120e-02	0.000000e+00	7.629185e-07
1.942455977258120e-02	-2.384186e-07	-1.282854e-06
1.943455977258120e-02	0.000000e+00	7.628433e-07
1.944455977258120e-02	-2.384186e-07	-1.282779e-06
1.945455977258120e-02	0.000000e+00	7.627681e-07
1.946455977258120e-02	-2.384186e-07	-1.282703e-06
1.947455977258120e-02	0.000000e+00	7.626928e-07
1.948455977258120e-02	-2.384186e-07	-1.282628e-06
1.949455977258120e-02	0.000000e+00	7.626174e-07
1.950455977258120e-02	-2.384186e-07	-1.282553e-06
1.951455977258120e-02	0.000000e+00	7.625420e-07
1.952455977258120e-02	-2.384186e-07	-1.282477e-06
1.953455977258120e-02	0.000000e+00	7.624665e-07
1.954455977258120e-02	-2.384186e-07	-1.282402e-06
1.955455977258120e-02	0.000000e+00	7.623909e-07
1.956455977258120e-02	-2.384186e-07	-1.282326e-06
1.957455977258120e-02	0.000000e+00	7.623153e-07
1.958455977258120e-02	-2.384186e-07	-1.282250e-06
1.959455977258120e-02	0.000000e+00	7.622396e-07
1.960455977258120e-02	-2.384186e-07	-1.282175e-06
1.961455977258120e-02	0.000000e+00	7.621639e-07
1.962455977258120e-02	-2.384186e-07	-1.282099e-06
1.963455977258120e-02	0.000000e+00	7.620881e-07
1.964455977258120e-02	-2.384186e-07	-1.282023e-06
1.965455977258120e-02	0.000000e+00	7.620123e-07
1.966455977258120e-02	-2.384186e-07	-1.281947e-06
1.967455977258120e-02	0.000000e+00	7.619364e-07
1.968455977258120e-02	-2.384186e-07	-1.281871e-06
1.969455977258120e-02	0.000000e+00	7.618604e-07
1.970455977258120e-02	-2.384186e-07	-1.281795e-06
1.971455977258120e-02	0.000000e+00	7.617844e-07
1.972455977258120e-02	-2.384186e-07	-1.281719e-06
1.973455977258120e-02	0.000000e+00	7.617083e-07
1.974455977258120e-02	-2.384186e-07	-1.281643e-06
1.975455977258120e-02	0.000000e+00	7.616322e-07
1.976455977258120e-02	-2.384186e-07	-1.281567e-06
1.977455977258120e-02	0.000000e+00	7.615561e-07
1.978455977258120e-02	-2.384186e-07	-1.281491e-06
1.979455977258120e-02	0.000000e+00	7.614798e-07
1.980455977258120e-02	-2.384186e-07	-1.281415e-06
1.981455977258120e-02	0.000000e+00	7.614036e-07
1.982455977258120e-02	-2.384186e-07	-1.281338e-06
1.983455977258120e-02	0.000000e+00	7.613272e-07
1.984455977258120e-02	-2.384186e-07	-1.281262e-06
1.985455977258120e-02	0.000000e+00	7.612508e-07
1.986455977258120e-02	-2.384186e-07	-1.281186e-06
1.987455977258120e-02	0.000000e+00	7.611743e-07
1.988455977258120e-02	-2.384186e-07	-1.281109e-06
1.989455977258120e-02	0.000000e+00	7.610978e-07
1.990455977258120e-02	-2.384186e-07	-1.281032e-06
1.991455977258120e-02	0.000000e+00	7.610212e-07
1.992455977258120e-02	-2.384186e-07	-1.280956e-06
1.993455977258120e-02	0.000000e+00	7.609446e-07
1.994455977258120e-02	-2.384186e-07	-1.280879e-06
1.995455977258120e-02	0.000000e+00	7.608679e-07
1.996455977258120e-02	-2.384186e-07	-1.280803e-06
1.997455977258120e-02	0.000000e+00	7.607912e-07
1.998455977258120e-02	-2.384186e-07	-1.280726e-06
1.999455977258120e-02	0.000000e+00	7.607144e-07
2.000000000000000e-02	-2.384186e-07	-1.280617e-06
Step Information: Rtierra=100K  (Step: 2/3)
0.000000000000000e+00	-1.654625e-04	-2.599899e-07
9.999999439624929e-11	-1.666546e-04	-2.593803e-07
1.999999887924986e-10	-1.654625e-04	-2.588026e-07
1.599999910339989e-09	-1.668930e-04	-2.509256e-07
3.199999820679977e-09	-1.711845e-04	-2.424940e-07
6.399999641359955e-09	-1.888275e-04	-2.270985e-07
1.279999928271991e-08	-2.555847e-04	-2.003614e-07
2.559999856543982e-08	-5.044937e-04	-1.557101e-07
5.119999713087964e-08	-2.016306e-03	-8.282195e-08
7.490939157505198e-08	-4.796267e-03	-5.516232e-08
8.751273906020726e-08	-3.767729e-03	-1.216176e-07
9.689872501927246e-08	-1.545906e-03	-2.366750e-07
1.084335902734298e-07	-1.769066e-04	-3.941327e-07
1.210319857333521e-07	3.902912e-04	-5.502982e-07
1.404919565323656e-07	1.147747e-03	-7.674188e-07
1.674710582519772e-07	2.013683e-03	-1.030696e-06
1.943312891472694e-07	4.073620e-03	-1.244116e-06
2.310659196692409e-07	6.597519e-03	-1.430281e-06
2.700959767948623e-07	5.542755e-03	-1.491838e-06
3.178335848176886e-07	5.140305e-04	-1.456580e-06
3.747237615209013e-07	-8.726120e-05	-1.416695e-06
4.806382842948523e-07	-1.068115e-04	-1.339684e-06
6.865921856470685e-07	-2.830029e-04	-1.224279e-06
9.032958009784307e-07	-5.331039e-04	-1.134475e-06
1.171297691811335e-06	-8.316040e-04	-1.059577e-06
1.446454385381850e-06	-1.114368e-03	-1.005569e-06
1.797217786790458e-06	-1.462460e-03	-9.607808e-07
2.187424117252338e-06	-1.833439e-03	-9.256434e-07
2.697686439763951e-06	-2.317429e-03	-8.950165e-07
3.301915346250805e-06	-2.845287e-03	-8.668824e-07
4.153877459456562e-06	-3.573656e-03	-8.375091e-07
5.262711699186677e-06	-5.010128e-03	-8.061248e-07
6.377862761131856e-06	-6.607533e-03	-7.827820e-07
7.799258289541601e-06	-8.646250e-03	-7.607689e-07
9.224244783106150e-06	-1.097512e-02	-7.563384e-07
1.064115390646459e-05	-1.325345e-02	-8.010966e-07
1.197157673669607e-05	-1.538825e-02	-9.993020e-07
1.329940554803707e-05	-1.740646e-02	-1.570898e-06
1.438864829045097e-05	-1.895714e-02	-2.439207e-06
1.537944500500013e-05	-2.031136e-02	-3.479832e-06
1.648879970507145e-05	-2.183151e-02	-4.771853e-06
1.754227922797645e-05	-2.326131e-02	-6.024802e-06
1.884912230911913e-05	-2.505231e-02	-7.537329e-06
2.026734303090110e-05	-2.697039e-02	-9.067783e-06
2.214730424694855e-05	-2.951264e-02	-1.085391e-05
2.439379553807524e-05	-3.248334e-02	-1.253815e-05
2.783757027168712e-05	-3.706622e-02	-1.430941e-05
3.042913328446175e-05	-4.057479e-02	-1.501374e-05
3.287076450524295e-05	-4.400182e-02	-1.490351e-05
3.562570309012112e-05	-4.780078e-02	-1.435356e-05
3.848566647894839e-05	-5.174375e-02	-1.372036e-05
4.125052638595858e-05	-5.553031e-02	-1.312561e-05
4.567096780029552e-05	-6.153226e-02	-1.223856e-05
5.133589484161493e-05	-6.916595e-02	-1.119150e-05
5.826359853937239e-05	-7.543182e-02	-1.004747e-05
6.010932118574093e-05	-6.231761e-02	-2.055976e-05
6.094346048128957e-05	-3.510857e-02	-1.527607e-04
6.120188594769539e-05	-2.758384e-02	-4.421179e-04
6.147975964048678e-05	-2.287292e-02	-9.644224e-04
6.160959391169977e-05	-2.004457e-02	-1.221920e-03
6.173267098588094e-05	-1.741290e-02	-1.509410e-03
6.183818740173297e-05	-1.487947e-02	-1.752218e-03
6.194729113750571e-05	-1.224875e-02	-2.026708e-03
6.206148569397525e-05	-9.322882e-03	-2.315737e-03
6.219063723366366e-05	-5.939960e-03	-2.661549e-03
6.233594580264435e-05	-1.964569e-03	-3.058814e-03
6.250259767053789e-05	2.725601e-03	-3.534748e-03
6.269911321104025e-05	8.488894e-03	-4.111457e-03
6.302991443382082e-05	1.859307e-02	-5.126840e-03
6.354286925191645e-05	3.513932e-02	-6.779721e-03
6.452728533286607e-05	6.869912e-02	-1.015961e-02
6.563214315027836e-05	1.083002e-01	-1.416919e-02
6.707056562007608e-05	1.618142e-01	-1.961447e-02
6.795352959662895e-05	1.954298e-01	-2.304071e-02
6.854286769634370e-05	2.182324e-01	-2.535600e-02
6.908861596709652e-05	2.395303e-01	-2.751371e-02
6.970367326226689e-05	2.636554e-01	-2.996251e-02
7.011328387911486e-05	2.798247e-01	-3.159785e-02
7.051422770007129e-05	2.957091e-01	-3.320810e-02
7.131611534198414e-05	3.276255e-01	-3.643648e-02
7.207333721923519e-05	3.578951e-01	-3.950271e-02
7.340573756579507e-05	4.114397e-01	-4.491646e-02
7.509821577818835e-05	4.797006e-01	-5.182579e-02
7.728378462446245e-05	5.680609e-01	-6.076353e-02
7.922994310297931e-05	6.467628e-01	-6.872499e-02
8.011093347725595e-05	6.823933e-01	-7.232193e-02
8.060790252413264e-05	7.024815e-01	-7.435200e-02
8.093257834696753e-05	7.156081e-01	-7.567415e-02
8.124548172964750e-05	7.282462e-01	-7.695110e-02
8.158770247789075e-05	7.420731e-01	-7.834236e-02
8.191338576290597e-05	7.552192e-01	-7.966815e-02
8.224607762778141e-05	7.686524e-01	-8.101597e-02
8.258182814166286e-05	7.821980e-01	-8.237564e-02
8.291890964126785e-05	7.958031e-01	-8.373040e-02
8.326730147839923e-05	8.098571e-01	-8.512344e-02
8.359926825270432e-05	8.232572e-01	-8.643162e-02
8.393715782989589e-05	8.368900e-01	-8.774392e-02
8.427345960438673e-05	8.504584e-01	-8.901549e-02
8.461084088073438e-05	8.640327e-01	-9.025573e-02
8.495237812274078e-05	8.777010e-01	-9.146183e-02
8.529889552972204e-05	8.913906e-01	-9.263755e-02
8.565883736687270e-05	9.052894e-01	-9.379724e-02
8.603976727566193e-05	9.194098e-01	-9.495948e-02
8.646536217525125e-05	9.341815e-01	-9.616560e-02
8.697750488095565e-05	9.501681e-01	-9.749264e-02
8.772156769645580e-05	9.703274e-01	-9.918769e-02
8.843964495164391e-05	9.870062e-01	-1.006251e-01
8.919334427153546e-05	1.002188e+00	-1.019819e-01
9.010449127760431e-05	1.018534e+00	-1.034888e-01
9.109808261520680e-05	1.034639e+00	-1.050143e-01
9.280209368398372e-05	1.060041e+00	-1.074593e-01
9.443348661759043e-05	1.082990e+00	-1.096658e-01
9.591479112620586e-05	1.102826e+00	-1.116003e-01
9.751764614091846e-05	1.123549e+00	-1.136354e-01
9.943612133627898e-05	1.147650e+00	-1.160201e-01
1.021981891861977e-04	1.181501e+00	-1.193736e-01
1.056684276707743e-04	1.223116e+00	-1.235015e-01
1.098447983578402e-04	1.272215e+00	-1.283750e-01
1.150883742512242e-04	1.332819e+00	-1.344003e-01
1.210418841187779e-04	1.400643e+00	-1.411455e-01
1.290775889713623e-04	1.491016e+00	-1.501430e-01
1.390775889713623e-04	1.602276e+00	-1.612076e-01
1.490775889713623e-04	1.712506e+00	-1.721681e-01
1.590775889713622e-04	1.821891e+00	-1.830396e-01
1.690775889713622e-04	1.930570e+00	-1.938419e-01
1.790775889713622e-04	2.038646e+00	-2.045775e-01
1.890775889713622e-04	2.146173e+00	-2.152588e-01
1.990775889713622e-04	2.253207e+00	-2.258841e-01
2.090775889713622e-04	2.359776e+00	-2.364632e-01
2.190775889713622e-04	2.465914e+00	-2.469925e-01
2.290775889713622e-04	2.571635e+00	-2.574805e-01
2.390775889713622e-04	2.676964e+00	-2.679228e-01
2.490775889713622e-04	2.781908e+00	-2.783272e-01
2.590775889713623e-04	2.886488e+00	-2.886887e-01
2.690775889713622e-04	2.990707e+00	-2.990149e-01
2.790775889713623e-04	3.091730e+00	-3.093003e-01
2.829589571240489e-04	3.123471e+00	-3.124717e-01
2.853571763147266e-04	3.136394e+00	-3.136012e-01
2.866522582854004e-04	3.141232e+00	-3.140706e-01
2.880208356244189e-04	3.145355e+00	-3.144867e-01
2.894454043173246e-04	3.149001e+00	-3.148581e-01
2.909763862984052e-04	3.152307e+00	-3.151959e-01
2.932915205965200e-04	3.156446e+00	-3.156230e-01
2.959369221593221e-04	3.160283e+00	-3.160120e-01
2.993759575861307e-04	3.164224e+00	-3.164133e-01
3.030615653359450e-04	3.167516e+00	-3.167453e-01
3.080838531994277e-04	3.170930e+00	-3.170950e-01
3.140930514325422e-04	3.173972e+00	-3.174029e-01
3.226533974002657e-04	3.177083e+00	-3.177200e-01
3.326533974002657e-04	3.179679e+00	-3.179741e-01
3.426533974002657e-04	3.181536e+00	-3.181580e-01
3.526533974002657e-04	3.182912e+00	-3.182923e-01
3.626533974002657e-04	3.183963e+00	-3.183984e-01
3.726533974002657e-04	3.184794e+00	-3.184794e-01
3.826533974002657e-04	3.185457e+00	-3.185475e-01
3.926533974002657e-04	3.186003e+00	-3.186003e-01
4.026533974002657e-04	3.186451e+00	-3.186469e-01
4.126533974002657e-04	3.186830e+00	-3.186831e-01
4.226533974002657e-04	3.187145e+00	-3.187166e-01
4.326533974002657e-04	3.187418e+00	-3.187423e-01
4.426533974002657e-04	3.187648e+00	-3.187672e-01
4.526533974002657e-04	3.187849e+00	-3.187858e-01
4.626533974002657e-04	3.188020e+00	-3.188048e-01
4.726533974002657e-04	3.188173e+00	-3.188184e-01
4.826533974002657e-04	3.188302e+00	-3.188333e-01
4.926533974002657e-04	3.188418e+00	-3.188433e-01
5.026533974002657e-04	3.188517e+00	-3.188551e-01
5.126533974002656e-04	3.188608e+00	-3.188626e-01
5.226533974002657e-04	3.188684e+00	-3.188721e-01
5.326533974002657e-04	3.188756e+00	-3.188776e-01
5.426533974002657e-04	3.188814e+00	-3.188854e-01
5.526533974002656e-04	3.188871e+00	-3.188894e-01
5.626533974002657e-04	3.188917e+00	-3.188959e-01
5.726533974002657e-04	3.188962e+00	-3.188987e-01
5.826533974002657e-04	3.188998e+00	-3.189042e-01
5.926533974002656e-04	3.189033e+00	-3.189061e-01
6.026533974002657e-04	3.189062e+00	-3.189108e-01
6.126533974002657e-04	3.189090e+00	-3.189120e-01
6.226533974002657e-04	3.189112e+00	-3.189161e-01
6.326533974002656e-04	3.189136e+00	-3.189167e-01
6.426533974002657e-04	3.189153e+00	-3.189203e-01
6.526533974002657e-04	3.189172e+00	-3.189205e-01
6.626533974002657e-04	3.189185e+00	-3.189237e-01
6.726533974002656e-04	3.189201e+00	-3.189235e-01
6.826533974002657e-04	3.189211e+00	-3.189264e-01
6.926533974002657e-04	3.189224e+00	-3.189260e-01
7.026533974002657e-04	3.189232e+00	-3.189286e-01
7.126533974002656e-04	3.189243e+00	-3.189279e-01
7.226533974002657e-04	3.189248e+00	-3.189303e-01
7.326533974002657e-04	3.189258e+00	-3.189295e-01
7.426533974002657e-04	3.189262e+00	-3.189318e-01
7.526533974002656e-04	3.189270e+00	-3.189308e-01
7.626533974002657e-04	3.189273e+00	-3.189329e-01
7.726533974002657e-04	3.189279e+00	-3.189318e-01
7.826533974002657e-04	3.189281e+00	-3.189338e-01
7.926533974002656e-04	3.189287e+00	-3.189327e-01
8.026533974002656e-04	3.189288e+00	-3.189346e-01
8.126533974002657e-04	3.189293e+00	-3.189333e-01
8.226533974002657e-04	3.189294e+00	-3.189352e-01
8.326533974002656e-04	3.189298e+00	-3.189338e-01
8.426533974002656e-04	3.189298e+00	-3.189357e-01
8.526533974002657e-04	3.189302e+00	-3.189343e-01
8.626533974002657e-04	3.189302e+00	-3.189360e-01
8.726533974002656e-04	3.189305e+00	-3.189346e-01
8.826533974002656e-04	3.189305e+00	-3.189364e-01
8.926533974002657e-04	3.189308e+00	-3.189349e-01
9.026533974002657e-04	3.189307e+00	-3.189366e-01
9.126533974002656e-04	3.189310e+00	-3.189352e-01
9.226533974002656e-04	3.189309e+00	-3.189368e-01
9.326533974002657e-04	3.189312e+00	-3.189353e-01
9.426533974002657e-04	3.189310e+00	-3.189370e-01
9.526533974002656e-04	3.189313e+00	-3.189355e-01
9.626533974002656e-04	3.189311e+00	-3.189371e-01
9.726533974002657e-04	3.189314e+00	-3.189356e-01
9.826533974002657e-04	3.189312e+00	-3.189372e-01
9.926533974002657e-04	3.189315e+00	-3.189357e-01
1.002653397400266e-03	3.189313e+00	-3.189373e-01
1.012653397400266e-03	3.189316e+00	-3.189358e-01
1.022653397400266e-03	3.189314e+00	-3.189374e-01
1.032653397400266e-03	3.189316e+00	-3.189359e-01
1.042653397400266e-03	3.189314e+00	-3.189375e-01
1.052653397400266e-03	3.189317e+00	-3.189359e-01
1.062653397400266e-03	3.189315e+00	-3.189375e-01
1.072653397400266e-03	3.189317e+00	-3.189360e-01
1.082653397400266e-03	3.189315e+00	-3.189375e-01
1.092653397400266e-03	3.189317e+00	-3.189360e-01
1.102653397400266e-03	3.189315e+00	-3.189376e-01
1.112653397400266e-03	3.189317e+00	-3.189360e-01
1.122653397400266e-03	3.189316e+00	-3.189376e-01
1.132653397400266e-03	3.189318e+00	-3.189360e-01
1.142653397400266e-03	3.189316e+00	-3.189376e-01
1.152653397400266e-03	3.189318e+00	-3.189360e-01
1.162653397400266e-03	3.189316e+00	-3.189376e-01
1.172653397400266e-03	3.189318e+00	-3.189361e-01
1.182653397400266e-03	3.189316e+00	-3.189377e-01
1.192653397400266e-03	3.189318e+00	-3.189361e-01
1.202653397400266e-03	3.189316e+00	-3.189377e-01
1.212653397400266e-03	3.189318e+00	-3.189361e-01
1.222653397400266e-03	3.189316e+00	-3.189377e-01
1.232653397400266e-03	3.189318e+00	-3.189361e-01
1.242653397400266e-03	3.189316e+00	-3.189377e-01
1.252653397400266e-03	3.189318e+00	-3.189361e-01
1.262653397400266e-03	3.189316e+00	-3.189377e-01
1.272653397400266e-03	3.189318e+00	-3.189361e-01
1.282653397400266e-03	3.189317e+00	-3.189377e-01
1.292653397400266e-03	3.189318e+00	-3.189361e-01
1.302653397400266e-03	3.189316e+00	-3.189377e-01
1.312653397400266e-03	3.189318e+00	-3.189361e-01
1.322653397400266e-03	3.189317e+00	-3.189377e-01
1.332653397400266e-03	3.189318e+00	-3.189361e-01
1.342653397400266e-03	3.189316e+00	-3.189377e-01
1.352653397400266e-03	3.189318e+00	-3.189361e-01
1.362653397400266e-03	3.189317e+00	-3.189377e-01
1.372653397400266e-03	3.189318e+00	-3.189361e-01
1.382653397400266e-03	3.189316e+00	-3.189377e-01
1.392653397400266e-03	3.189318e+00	-3.189361e-01
1.402653397400266e-03	3.189317e+00	-3.189377e-01
1.412653397400266e-03	3.189319e+00	-3.189361e-01
1.422653397400266e-03	3.189316e+00	-3.189377e-01
1.432653397400266e-03	3.189318e+00	-3.189361e-01
1.442653397400266e-03	3.189316e+00	-3.189377e-01
1.452653397400266e-03	3.189318e+00	-3.189361e-01
1.462653397400266e-03	3.189317e+00	-3.189377e-01
1.472653397400266e-03	3.189319e+00	-3.189361e-01
1.482653397400266e-03	3.189317e+00	-3.189377e-01
1.492653397400266e-03	3.189318e+00	-3.189361e-01
1.502653397400266e-03	3.189316e+00	-3.189377e-01
1.512653397400266e-03	3.189318e+00	-3.189361e-01
1.522653397400266e-03	3.189316e+00	-3.189377e-01
1.532653397400266e-03	3.189318e+00	-3.189361e-01
1.542653397400266e-03	3.189317e+00	-3.189377e-01
1.552653397400266e-03	3.189318e+00	-3.189361e-01
1.562653397400266e-03	3.189317e+00	-3.189377e-01
1.572653397400266e-03	3.189319e+00	-3.189361e-01
1.582653397400266e-03	3.189317e+00	-3.189377e-01
1.592653397400266e-03	3.189319e+00	-3.189361e-01
1.602653397400266e-03	3.189317e+00	-3.189377e-01
1.612653397400266e-03	3.189319e+00	-3.189361e-01
1.622653397400266e-03	3.189317e+00	-3.189377e-01
1.632653397400266e-03	3.189318e+00	-3.189361e-01
1.642653397400266e-03	3.189317e+00	-3.189377e-01
1.652653397400265e-03	3.189318e+00	-3.189361e-01
1.662653397400266e-03	3.189317e+00	-3.189377e-01
1.672653397400266e-03	3.189318e+00	-3.189361e-01
1.682653397400266e-03	3.189317e+00	-3.189377e-01
1.692653397400266e-03	3.189318e+00	-3.189361e-01
1.702653397400266e-03	3.189317e+00	-3.189377e-01
1.712653397400266e-03	3.189319e+00	-3.189361e-01
1.722653397400266e-03	3.189317e+00	-3.189377e-01
1.732653397400265e-03	3.189319e+00	-3.189361e-01
1.742653397400266e-03	3.189317e+00	-3.189377e-01
1.752653397400266e-03	3.189319e+00	-3.189361e-01
1.762653397400266e-03	3.189317e+00	-3.189377e-01
1.772653397400266e-03	3.189318e+00	-3.189361e-01
1.782653397400266e-03	3.189317e+00	-3.189377e-01
1.792653397400266e-03	3.189318e+00	-3.189361e-01
1.802653397400266e-03	3.189316e+00	-3.189377e-01
1.812653397400265e-03	3.189318e+00	-3.189361e-01
1.822653397400266e-03	3.189316e+00	-3.189377e-01
1.832653397400266e-03	3.189318e+00	-3.189361e-01
1.842653397400266e-03	3.189317e+00	-3.189377e-01
1.852653397400266e-03	3.189318e+00	-3.189361e-01
1.862653397400266e-03	3.189317e+00	-3.189377e-01
1.872653397400266e-03	3.189319e+00	-3.189361e-01
1.882653397400266e-03	3.189317e+00	-3.189377e-01
1.892653397400265e-03	3.189318e+00	-3.189361e-01
1.902653397400265e-03	3.189316e+00	-3.189377e-01
1.912653397400266e-03	3.189318e+00	-3.189361e-01
1.922653397400266e-03	3.189316e+00	-3.189377e-01
1.932653397400266e-03	3.189318e+00	-3.189361e-01
1.942653397400266e-03	3.189317e+00	-3.189377e-01
1.952653397400266e-03	3.189319e+00	-3.189361e-01
1.962653397400265e-03	3.189317e+00	-3.189377e-01
1.972653397400265e-03	3.189318e+00	-3.189361e-01
1.982653397400265e-03	3.189316e+00	-3.189377e-01
1.992653397400266e-03	3.189318e+00	-3.189361e-01
2.002653397400266e-03	3.189317e+00	-3.189377e-01
2.012653397400266e-03	3.189319e+00	-3.189361e-01
2.022653397400266e-03	3.189317e+00	-3.189377e-01
2.032653397400266e-03	3.189318e+00	-3.189361e-01
2.042653397400266e-03	3.189316e+00	-3.189377e-01
2.052653397400266e-03	3.189318e+00	-3.189361e-01
2.062653397400266e-03	3.189317e+00	-3.189377e-01
2.072653397400266e-03	3.189318e+00	-3.189361e-01
2.082653397400266e-03	3.189316e+00	-3.189377e-01
2.092653397400265e-03	3.189318e+00	-3.189361e-01
2.102653397400265e-03	3.189317e+00	-3.189377e-01
2.112653397400265e-03	3.189319e+00	-3.189361e-01
2.122653397400265e-03	3.189317e+00	-3.189377e-01
2.132653397400265e-03	3.189318e+00	-3.189361e-01
2.142653397400265e-03	3.189316e+00	-3.189377e-01
2.152653397400266e-03	3.189318e+00	-3.189361e-01
2.162653397400266e-03	3.189317e+00	-3.189377e-01
2.172653397400266e-03	3.189318e+00	-3.189361e-01
2.182653397400266e-03	3.189316e+00	-3.189377e-01
2.192653397400266e-03	3.189318e+00	-3.189361e-01
2.202653397400266e-03	3.189317e+00	-3.189377e-01
2.212653397400266e-03	3.189318e+00	-3.189361e-01
2.222653397400266e-03	3.189316e+00	-3.189377e-01
2.232653397400266e-03	3.189318e+00	-3.189361e-01
2.242653397400266e-03	3.189317e+00	-3.189377e-01
2.252653397400265e-03	3.189318e+00	-3.189361e-01
2.262653397400265e-03	3.189316e+00	-3.189377e-01
2.272653397400265e-03	3.189318e+00	-3.189361e-01
2.282653397400265e-03	3.189317e+00	-3.189377e-01
2.292653397400265e-03	3.189318e+00	-3.189361e-01
2.302653397400265e-03	3.189316e+00	-3.189377e-01
2.312653397400265e-03	3.189318e+00	-3.189361e-01
2.322653397400266e-03	3.189317e+00	-3.189377e-01
2.332653397400266e-03	3.189318e+00	-3.189361e-01
2.342653397400266e-03	3.189316e+00	-3.189377e-01
2.352653397400266e-03	3.189318e+00	-3.189361e-01
2.362653397400266e-03	3.189317e+00	-3.189377e-01
2.372653397400266e-03	3.189318e+00	-3.189361e-01
2.382653397400266e-03	3.189317e+00	-3.189377e-01
2.392653397400266e-03	3.189318e+00	-3.189361e-01
2.402653397400266e-03	3.189316e+00	-3.189377e-01
2.412653397400265e-03	3.189318e+00	-3.189361e-01
2.422653397400265e-03	3.189317e+00	-3.189377e-01
2.432653397400265e-03	3.189318e+00	-3.189361e-01
2.442653397400265e-03	3.189316e+00	-3.189377e-01
2.452653397400265e-03	3.189318e+00	-3.189361e-01
2.462653397400265e-03	3.189317e+00	-3.189377e-01
2.472653397400265e-03	3.189318e+00	-3.189361e-01
2.482653397400266e-03	3.189317e+00	-3.189377e-01
2.492653397400266e-03	3.189318e+00	-3.189361e-01
2.502653397400266e-03	3.189316e+00	-3.189377e-01
2.512653397400266e-03	3.189318e+00	-3.189361e-01
2.522653397400266e-03	3.189317e+00	-3.189377e-01
2.532653397400266e-03	3.189318e+00	-3.189361e-01
2.542653397400266e-03	3.189317e+00	-3.189377e-01
2.552653397400266e-03	3.189319e+00	-3.189361e-01
2.562653397400266e-03	3.189317e+00	-3.189377e-01
2.572653397400265e-03	3.189318e+00	-3.189361e-01
2.582653397400265e-03	3.189317e+00	-3.189377e-01
2.592653397400265e-03	3.189318e+00	-3.189361e-01
2.602653397400265e-03	3.189317e+00	-3.189377e-01
2.612653397400265e-03	3.189318e+00	-3.189361e-01
2.622653397400265e-03	3.189316e+00	-3.189377e-01
2.632653397400265e-03	3.189318e+00	-3.189361e-01
2.642653397400265e-03	3.189317e+00	-3.189377e-01
2.652653397400266e-03	3.189318e+00	-3.189361e-01
2.662653397400266e-03	3.189317e+00	-3.189377e-01
2.672653397400266e-03	3.189319e+00	-3.189361e-01
2.682653397400266e-03	3.189317e+00	-3.189377e-01
2.692653397400266e-03	3.189318e+00	-3.189361e-01
2.702653397400266e-03	3.189317e+00	-3.189377e-01
2.712653397400266e-03	3.189318e+00	-3.189361e-01
2.722653397400266e-03	3.189317e+00	-3.189377e-01
2.732653397400265e-03	3.189318e+00	-3.189361e-01
2.742653397400265e-03	3.189317e+00	-3.189377e-01
2.752653397400265e-03	3.189318e+00	-3.189361e-01
2.762653397400265e-03	3.189316e+00	-3.189377e-01
2.772653397400265e-03	3.189318e+00	-3.189361e-01
2.782653397400265e-03	3.189317e+00	-3.189377e-01
2.792653397400265e-03	3.189318e+00	-3.189361e-01
2.802653397400265e-03	3.189317e+00	-3.189377e-01
2.812653397400266e-03	3.189318e+00	-3.189361e-01
2.822653397400266e-03	3.189317e+00	-3.189377e-01
2.832653397400266e-03	3.189319e+00	-3.189361e-01
2.842653397400266e-03	3.189317e+00	-3.189377e-01
2.852653397400266e-03	3.189318e+00	-3.189361e-01
2.862653397400266e-03	3.189317e+00	-3.189377e-01
2.872653397400266e-03	3.189318e+00	-3.189361e-01
2.882653397400266e-03	3.189317e+00	-3.189377e-01
2.892653397400265e-03	3.189318e+00	-3.189361e-01
2.902653397400265e-03	3.189317e+00	-3.189377e-01
2.912653397400265e-03	3.189318e+00	-3.189361e-01
2.922653397400265e-03	3.189316e+00	-3.189377e-01
2.932653397400265e-03	3.189318e+00	-3.189361e-01
2.942653397400265e-03	3.189316e+00	-3.189377e-01
2.952653397400265e-03	3.189318e+00	-3.189361e-01
2.962653397400265e-03	3.189317e+00	-3.189377e-01
2.972653397400265e-03	3.189318e+00	-3.189361e-01
2.982653397400266e-03	3.189317e+00	-3.189377e-01
2.992653397400266e-03	3.189318e+00	-3.189361e-01
3.002653397400266e-03	3.189317e+00	-3.189377e-01
3.012653397400266e-03	3.189319e+00	-3.189361e-01
3.022653397400266e-03	3.189317e+00	-3.189377e-01
3.032653397400266e-03	3.189318e+00	-3.189361e-01
3.042653397400266e-03	3.189317e+00	-3.189377e-01
3.052653397400265e-03	3.189318e+00	-3.189361e-01
3.062653397400265e-03	3.189317e+00	-3.189377e-01
3.072653397400265e-03	3.189318e+00	-3.189361e-01
3.082653397400265e-03	3.189317e+00	-3.189377e-01
3.092653397400265e-03	3.189318e+00	-3.189361e-01
3.102653397400265e-03	3.189317e+00	-3.189377e-01
3.112653397400265e-03	3.189318e+00	-3.189361e-01
3.122653397400265e-03	3.189317e+00	-3.189377e-01
3.132653397400265e-03	3.189318e+00	-3.189361e-01
3.142653397400265e-03	3.189316e+00	-3.189377e-01
3.152653397400266e-03	3.189318e+00	-3.189361e-01
3.162653397400266e-03	3.189316e+00	-3.189377e-01
3.172653397400266e-03	3.189318e+00	-3.189361e-01
3.182653397400266e-03	3.189317e+00	-3.189377e-01
3.192653397400266e-03	3.189318e+00	-3.189361e-01
3.202653397400266e-03	3.189317e+00	-3.189377e-01
3.212653397400265e-03	3.189318e+00	-3.189361e-01
3.222653397400265e-03	3.189317e+00	-3.189377e-01
3.232653397400265e-03	3.189319e+00	-3.189361e-01
3.242653397400265e-03	3.189317e+00	-3.189377e-01
3.252653397400265e-03	3.189319e+00	-3.189361e-01
3.262653397400265e-03	3.189317e+00	-3.189377e-01
3.272653397400265e-03	3.189318e+00	-3.189361e-01
3.282653397400265e-03	3.189317e+00	-3.189377e-01
3.292653397400265e-03	3.189318e+00	-3.189361e-01
3.302653397400265e-03	3.189317e+00	-3.189377e-01
3.312653397400266e-03	3.189318e+00	-3.189361e-01
3.322653397400266e-03	3.189317e+00	-3.189377e-01
3.332653397400266e-03	3.189318e+00	-3.189361e-01
3.342653397400266e-03	3.189317e+00	-3.189377e-01
3.352653397400266e-03	3.189318e+00	-3.189361e-01
3.362653397400266e-03	3.189317e+00	-3.189377e-01
3.372653397400265e-03	3.189318e+00	-3.189361e-01
3.382653397400265e-03	3.189317e+00	-3.189377e-01
3.392653397400265e-03	3.189318e+00	-3.189361e-01
3.402653397400265e-03	3.189317e+00	-3.189377e-01
3.412653397400265e-03	3.189318e+00	-3.189361e-01
3.422653397400265e-03	3.189316e+00	-3.189377e-01
3.432653397400265e-03	3.189318e+00	-3.189361e-01
3.442653397400265e-03	3.189316e+00	-3.189377e-01
3.452653397400265e-03	3.189318e+00	-3.189361e-01
3.462653397400265e-03	3.189316e+00	-3.189377e-01
3.472653397400265e-03	3.189318e+00	-3.189361e-01
3.482653397400266e-03	3.189317e+00	-3.189377e-01
3.492653397400266e-03	3.189318e+00	-3.189361e-01
3.502653397400266e-03	3.189317e+00	-3.189377e-01
3.512653397400266e-03	3.189318e+00	-3.189361e-01
3.522653397400266e-03	3.189317e+00	-3.189377e-01
3.532653397400265e-03	3.189318e+00	-3.189361e-01
3.542653397400265e-03	3.189317e+00	-3.189377e-01
3.552653397400265e-03	3.189319e+00	-3.189361e-01
3.562653397400265e-03	3.189317e+00	-3.189377e-01
3.572653397400265e-03	3.189319e+00	-3.189361e-01
3.582653397400265e-03	3.189317e+00	-3.189377e-01
3.592653397400265e-03	3.189318e+00	-3.189361e-01
3.602653397400265e-03	3.189317e+00	-3.189377e-01
3.612653397400265e-03	3.189318e+00	-3.189361e-01
3.622653397400265e-03	3.189317e+00	-3.189377e-01
3.632653397400265e-03	3.189318e+00	-3.189361e-01
3.642653397400266e-03	3.189317e+00	-3.189377e-01
3.652653397400266e-03	3.189318e+00	-3.189361e-01
3.662653397400266e-03	3.189317e+00	-3.189377e-01
3.672653397400266e-03	3.189318e+00	-3.189361e-01
3.682653397400266e-03	3.189317e+00	-3.189377e-01
3.692653397400265e-03	3.189318e+00	-3.189361e-01
3.702653397400265e-03	3.189317e+00	-3.189377e-01
3.712653397400265e-03	3.189318e+00	-3.189361e-01
3.722653397400265e-03	3.189317e+00	-3.189377e-01
3.732653397400265e-03	3.189318e+00	-3.189361e-01
3.742653397400265e-03	3.189317e+00	-3.189377e-01
3.752653397400265e-03	3.189318e+00	-3.189361e-01
3.762653397400265e-03	3.189317e+00	-3.189377e-01
3.772653397400265e-03	3.189318e+00	-3.189361e-01
3.782653397400265e-03	3.189317e+00	-3.189377e-01
3.792653397400265e-03	3.189318e+00	-3.189361e-01
3.802653397400265e-03	3.189317e+00	-3.189377e-01
3.812653397400266e-03	3.189318e+00	-3.189361e-01
3.822653397400266e-03	3.189317e+00	-3.189377e-01
3.832653397400266e-03	3.189318e+00	-3.189361e-01
3.842653397400266e-03	3.189317e+00	-3.189377e-01
3.852653397400265e-03	3.189318e+00	-3.189361e-01
3.862653397400265e-03	3.189316e+00	-3.189377e-01
3.872653397400265e-03	3.189318e+00	-3.189361e-01
3.882653397400265e-03	3.189316e+00	-3.189377e-01
3.892653397400265e-03	3.189318e+00	-3.189361e-01
3.902653397400265e-03	3.189316e+00	-3.189377e-01
3.912653397400266e-03	3.189318e+00	-3.189361e-01
3.922653397400265e-03	3.189316e+00	-3.189377e-01
3.932653397400265e-03	3.189318e+00	-3.189361e-01
3.942653397400265e-03	3.189316e+00	-3.189377e-01
3.952653397400265e-03	3.189318e+00	-3.189361e-01
3.962653397400265e-03	3.189316e+00	-3.189377e-01
3.972653397400265e-03	3.189318e+00	-3.189361e-01
3.982653397400266e-03	3.189317e+00	-3.189377e-01
3.992653397400265e-03	3.189318e+00	-3.189361e-01
4.002653397400266e-03	3.189317e+00	-3.189377e-01
4.012653397400265e-03	3.189318e+00	-3.189361e-01
4.022653397400266e-03	3.189317e+00	-3.189377e-01
4.032653397400265e-03	3.189318e+00	-3.189361e-01
4.042653397400266e-03	3.189317e+00	-3.189377e-01
4.052653397400265e-03	3.189319e+00	-3.189361e-01
4.062653397400266e-03	3.189317e+00	-3.189377e-01
4.072653397400265e-03	3.189319e+00	-3.189361e-01
4.082653397400266e-03	3.189317e+00	-3.189377e-01
4.092653397400265e-03	3.189319e+00	-3.189361e-01
4.102653397400265e-03	3.189317e+00	-3.189377e-01
4.112653397400265e-03	3.189319e+00	-3.189361e-01
4.122653397400265e-03	3.189317e+00	-3.189377e-01
4.132653397400265e-03	3.189318e+00	-3.189361e-01
4.142653397400265e-03	3.189317e+00	-3.189377e-01
4.152653397400266e-03	3.189318e+00	-3.189361e-01
4.162653397400265e-03	3.189317e+00	-3.189377e-01
4.172653397400266e-03	3.189318e+00	-3.189361e-01
4.182653397400265e-03	3.189317e+00	-3.189377e-01
4.192653397400266e-03	3.189318e+00	-3.189361e-01
4.202653397400265e-03	3.189317e+00	-3.189377e-01
4.212653397400266e-03	3.189318e+00	-3.189361e-01
4.222653397400265e-03	3.189317e+00	-3.189377e-01
4.232653397400266e-03	3.189318e+00	-3.189361e-01
4.242653397400265e-03	3.189317e+00	-3.189377e-01
4.252653397400265e-03	3.189318e+00	-3.189361e-01
4.262653397400265e-03	3.189317e+00	-3.189377e-01
4.272653397400265e-03	3.189318e+00	-3.189361e-01
4.282653397400265e-03	3.189317e+00	-3.189377e-01
4.292653397400265e-03	3.189318e+00	-3.189361e-01
4.302653397400266e-03	3.189317e+00	-3.189377e-01
4.312653397400265e-03	3.189318e+00	-3.189361e-01
4.322653397400266e-03	3.189317e+00	-3.189377e-01
4.332653397400265e-03	3.189318e+00	-3.189361e-01
4.342653397400266e-03	3.189317e+00	-3.189377e-01
4.352653397400265e-03	3.189318e+00	-3.189361e-01
4.362653397400266e-03	3.189317e+00	-3.189377e-01
4.372653397400265e-03	3.189318e+00	-3.189361e-01
4.382653397400266e-03	3.189317e+00	-3.189377e-01
4.392653397400265e-03	3.189318e+00	-3.189361e-01
4.402653397400266e-03	3.189317e+00	-3.189377e-01
4.412653397400265e-03	3.189318e+00	-3.189361e-01
4.422653397400265e-03	3.189317e+00	-3.189377e-01
4.432653397400265e-03	3.189318e+00	-3.189361e-01
4.442653397400265e-03	3.189317e+00	-3.189377e-01
4.452653397400265e-03	3.189318e+00	-3.189361e-01
4.462653397400265e-03	3.189317e+00	-3.189377e-01
4.472653397400266e-03	3.189318e+00	-3.189361e-01
4.482653397400265e-03	3.189317e+00	-3.189377e-01
4.492653397400266e-03	3.189318e+00	-3.189361e-01
4.502653397400265e-03	3.189317e+00	-3.189377e-01
4.512653397400266e-03	3.189318e+00	-3.189361e-01
4.522653397400265e-03	3.189317e+00	-3.189377e-01
4.532653397400266e-03	3.189318e+00	-3.189361e-01
4.542653397400265e-03	3.189317e+00	-3.189377e-01
4.552653397400266e-03	3.189318e+00	-3.189361e-01
4.562653397400265e-03	3.189317e+00	-3.189377e-01
4.572653397400265e-03	3.189318e+00	-3.189361e-01
4.582653397400265e-03	3.189317e+00	-3.189377e-01
4.592653397400265e-03	3.189318e+00	-3.189361e-01
4.602653397400265e-03	3.189317e+00	-3.189377e-01
4.612653397400265e-03	3.189318e+00	-3.189361e-01
4.622653397400265e-03	3.189317e+00	-3.189377e-01
4.632653397400265e-03	3.189318e+00	-3.189361e-01
4.642653397400266e-03	3.189317e+00	-3.189377e-01
4.652653397400265e-03	3.189318e+00	-3.189361e-01
4.662653397400266e-03	3.189317e+00	-3.189377e-01
4.672653397400265e-03	3.189318e+00	-3.189361e-01
4.682653397400266e-03	3.189317e+00	-3.189377e-01
4.692653397400265e-03	3.189318e+00	-3.189361e-01
4.702653397400266e-03	3.189317e+00	-3.189377e-01
4.712653397400265e-03	3.189318e+00	-3.189361e-01
4.722653397400266e-03	3.189317e+00	-3.189377e-01
4.732653397400265e-03	3.189318e+00	-3.189361e-01
4.742653397400265e-03	3.189317e+00	-3.189377e-01
4.752653397400265e-03	3.189318e+00	-3.189361e-01
4.762653397400265e-03	3.189317e+00	-3.189377e-01
4.772653397400265e-03	3.189318e+00	-3.189361e-01
4.782653397400265e-03	3.189317e+00	-3.189377e-01
4.792653397400265e-03	3.189318e+00	-3.189361e-01
4.802653397400265e-03	3.189317e+00	-3.189377e-01
4.812653397400266e-03	3.189318e+00	-3.189361e-01
4.822653397400265e-03	3.189317e+00	-3.189377e-01
4.832653397400266e-03	3.189318e+00	-3.189361e-01
4.842653397400265e-03	3.189317e+00	-3.189377e-01
4.852653397400266e-03	3.189318e+00	-3.189361e-01
4.862653397400265e-03	3.189317e+00	-3.189377e-01
4.872653397400266e-03	3.189318e+00	-3.189361e-01
4.882653397400265e-03	3.189317e+00	-3.189377e-01
4.892653397400265e-03	3.189318e+00	-3.189361e-01
4.902653397400265e-03	3.189317e+00	-3.189377e-01
4.912653397400265e-03	3.189318e+00	-3.189361e-01
4.922653397400265e-03	3.189316e+00	-3.189377e-01
4.932653397400265e-03	3.189318e+00	-3.189361e-01
4.942653397400265e-03	3.189316e+00	-3.189377e-01
4.952653397400265e-03	3.189318e+00	-3.189361e-01
4.962653397400266e-03	3.189316e+00	-3.189377e-01
4.972653397400265e-03	3.189318e+00	-3.189361e-01
4.982653397400266e-03	3.189316e+00	-3.189377e-01
4.992653397400265e-03	3.189318e+00	-3.189361e-01
5.002653397400266e-03	3.189316e+00	-3.189377e-01
5.012653397400265e-03	3.189318e+00	-3.189361e-01
5.022653397400266e-03	3.189316e+00	-3.189377e-01
5.032653397400265e-03	3.189318e+00	-3.189361e-01
5.042653397400266e-03	3.189316e+00	-3.189377e-01
5.052653397400265e-03	3.189318e+00	-3.189361e-01
5.062653397400265e-03	3.189316e+00	-3.189377e-01
5.072653397400265e-03	3.189318e+00	-3.189361e-01
5.082653397400265e-03	3.189316e+00	-3.189377e-01
5.092653397400265e-03	3.189318e+00	-3.189361e-01
5.102653397400265e-03	3.189316e+00	-3.189377e-01
5.112653397400265e-03	3.189318e+00	-3.189361e-01
5.122653397400265e-03	3.189316e+00	-3.189377e-01
5.132653397400266e-03	3.189318e+00	-3.189361e-01
5.142653397400265e-03	3.189316e+00	-3.189377e-01
5.152653397400266e-03	3.189318e+00	-3.189361e-01
5.162653397400265e-03	3.189316e+00	-3.189377e-01
5.172653397400266e-03	3.189318e+00	-3.189361e-01
5.182653397400265e-03	3.189316e+00	-3.189377e-01
5.192653397400266e-03	3.189318e+00	-3.189361e-01
5.202653397400265e-03	3.189316e+00	-3.189377e-01
5.212653397400265e-03	3.189318e+00	-3.189361e-01
5.222653397400265e-03	3.189316e+00	-3.189377e-01
5.232653397400265e-03	3.189318e+00	-3.189361e-01
5.242653397400265e-03	3.189316e+00	-3.189377e-01
5.252653397400265e-03	3.189318e+00	-3.189361e-01
5.262653397400265e-03	3.189316e+00	-3.189377e-01
5.272653397400265e-03	3.189318e+00	-3.189361e-01
5.282653397400265e-03	3.189316e+00	-3.189377e-01
5.292653397400265e-03	3.189318e+00	-3.189361e-01
5.302653397400266e-03	3.189316e+00	-3.189377e-01
5.312653397400265e-03	3.189318e+00	-3.189361e-01
5.322653397400266e-03	3.189316e+00	-3.189377e-01
5.332653397400265e-03	3.189318e+00	-3.189361e-01
5.342653397400266e-03	3.189316e+00	-3.189377e-01
5.352653397400265e-03	3.189318e+00	-3.189361e-01
5.362653397400266e-03	3.189316e+00	-3.189377e-01
5.372653397400265e-03	3.189318e+00	-3.189361e-01
5.382653397400265e-03	3.189317e+00	-3.189377e-01
5.392653397400265e-03	3.189318e+00	-3.189361e-01
5.402653397400265e-03	3.189317e+00	-3.189377e-01
5.412653397400265e-03	3.189318e+00	-3.189361e-01
5.422653397400265e-03	3.189317e+00	-3.189377e-01
5.432653397400265e-03	3.189318e+00	-3.189361e-01
5.442653397400265e-03	3.189317e+00	-3.189377e-01
5.452653397400265e-03	3.189318e+00	-3.189361e-01
5.462653397400265e-03	3.189317e+00	-3.189377e-01
5.472653397400266e-03	3.189318e+00	-3.189361e-01
5.482653397400265e-03	3.189317e+00	-3.189377e-01
5.492653397400266e-03	3.189318e+00	-3.189361e-01
5.502653397400265e-03	3.189317e+00	-3.189377e-01
5.512653397400266e-03	3.189318e+00	-3.189361e-01
5.522653397400265e-03	3.189317e+00	-3.189377e-01
5.532653397400265e-03	3.189318e+00	-3.189361e-01
5.542653397400265e-03	3.189317e+00	-3.189377e-01
5.552653397400265e-03	3.189318e+00	-3.189361e-01
5.562653397400265e-03	3.189317e+00	-3.189377e-01
5.572653397400265e-03	3.189318e+00	-3.189361e-01
5.582653397400265e-03	3.189317e+00	-3.189377e-01
5.592653397400265e-03	3.189319e+00	-3.189361e-01
5.602653397400265e-03	3.189317e+00	-3.189377e-01
5.612653397400265e-03	3.189319e+00	-3.189361e-01
5.622653397400265e-03	3.189317e+00	-3.189377e-01
5.632653397400265e-03	3.189319e+00	-3.189361e-01
5.642653397400266e-03	3.189317e+00	-3.189377e-01
5.652653397400265e-03	3.189319e+00	-3.189361e-01
5.662653397400266e-03	3.189317e+00	-3.189377e-01
5.672653397400265e-03	3.189319e+00	-3.189361e-01
5.682653397400266e-03	3.189317e+00	-3.189377e-01
5.692653397400265e-03	3.189319e+00	-3.189361e-01
5.702653397400265e-03	3.189317e+00	-3.189377e-01
5.712653397400265e-03	3.189319e+00	-3.189361e-01
5.722653397400265e-03	3.189317e+00	-3.189377e-01
5.732653397400265e-03	3.189319e+00	-3.189361e-01
5.742653397400265e-03	3.189317e+00	-3.189377e-01
5.752653397400265e-03	3.189319e+00	-3.189361e-01
5.762653397400265e-03	3.189317e+00	-3.189377e-01
5.772653397400265e-03	3.189319e+00	-3.189361e-01
5.782653397400265e-03	3.189317e+00	-3.189377e-01
5.792653397400266e-03	3.189319e+00	-3.189361e-01
5.802653397400265e-03	3.189317e+00	-3.189377e-01
5.812653397400266e-03	3.189319e+00	-3.189361e-01
5.822653397400265e-03	3.189317e+00	-3.189377e-01
5.832653397400266e-03	3.189319e+00	-3.189361e-01
5.842653397400265e-03	3.189317e+00	-3.189377e-01
5.852653397400265e-03	3.189319e+00	-3.189361e-01
5.862653397400265e-03	3.189317e+00	-3.189377e-01
5.872653397400265e-03	3.189318e+00	-3.189361e-01
5.882653397400265e-03	3.189317e+00	-3.189377e-01
5.892653397400265e-03	3.189318e+00	-3.189361e-01
5.902653397400265e-03	3.189317e+00	-3.189377e-01
5.912653397400265e-03	3.189318e+00	-3.189361e-01
5.922653397400265e-03	3.189317e+00	-3.189377e-01
5.932653397400265e-03	3.189318e+00	-3.189361e-01
5.942653397400265e-03	3.189317e+00	-3.189377e-01
5.952653397400265e-03	3.189318e+00	-3.189361e-01
5.962653397400266e-03	3.189317e+00	-3.189377e-01
5.972653397400265e-03	3.189318e+00	-3.189361e-01
5.982653397400266e-03	3.189317e+00	-3.189377e-01
5.992653397400265e-03	3.189318e+00	-3.189361e-01
6.002653397400266e-03	3.189317e+00	-3.189377e-01
6.012653397400265e-03	3.189318e+00	-3.189361e-01
6.022653397400265e-03	3.189317e+00	-3.189377e-01
6.032653397400265e-03	3.189318e+00	-3.189361e-01
6.042653397400265e-03	3.189317e+00	-3.189377e-01
6.052653397400265e-03	3.189318e+00	-3.189361e-01
6.062653397400265e-03	3.189317e+00	-3.189377e-01
6.072653397400265e-03	3.189318e+00	-3.189361e-01
6.082653397400265e-03	3.189317e+00	-3.189377e-01
6.092653397400265e-03	3.189318e+00	-3.189361e-01
6.102653397400265e-03	3.189317e+00	-3.189377e-01
6.112653397400265e-03	3.189318e+00	-3.189361e-01
6.122653397400265e-03	3.189317e+00	-3.189377e-01
6.132653397400266e-03	3.189318e+00	-3.189361e-01
6.142653397400265e-03	3.189317e+00	-3.189377e-01
6.152653397400266e-03	3.189318e+00	-3.189361e-01
6.162653397400265e-03	3.189317e+00	-3.189377e-01
6.172653397400265e-03	3.189318e+00	-3.189361e-01
6.182653397400265e-03	3.189317e+00	-3.189377e-01
6.192653397400265e-03	3.189318e+00	-3.189361e-01
6.202653397400265e-03	3.189317e+00	-3.189377e-01
6.212653397400265e-03	3.189318e+00	-3.189361e-01
6.222653397400265e-03	3.189317e+00	-3.189377e-01
6.232653397400265e-03	3.189318e+00	-3.189361e-01
6.242653397400265e-03	3.189317e+00	-3.189377e-01
6.252653397400265e-03	3.189318e+00	-3.189361e-01
6.262653397400265e-03	3.189317e+00	-3.189377e-01
6.272653397400265e-03	3.189318e+00	-3.189361e-01
6.282653397400265e-03	3.189317e+00	-3.189377e-01
6.292653397400265e-03	3.189318e+00	-3.189361e-01
6.302653397400266e-03	3.189317e+00	-3.189377e-01
6.312653397400265e-03	3.189318e+00	-3.189361e-01
6.322653397400266e-03	3.189317e+00	-3.189377e-01
6.332653397400265e-03	3.189318e+00	-3.189361e-01
6.342653397400265e-03	3.189317e+00	-3.189377e-01
6.352653397400265e-03	3.189318e+00	-3.189361e-01
6.362653397400265e-03	3.189317e+00	-3.189377e-01
6.372653397400265e-03	3.189318e+00	-3.189361e-01
6.382653397400265e-03	3.189317e+00	-3.189377e-01
6.392653397400265e-03	3.189318e+00	-3.189361e-01
6.402653397400265e-03	3.189317e+00	-3.189377e-01
6.412653397400265e-03	3.189318e+00	-3.189361e-01
6.422653397400265e-03	3.189317e+00	-3.189377e-01
6.432653397400265e-03	3.189318e+00	-3.189361e-01
6.442653397400265e-03	3.189317e+00	-3.189377e-01
6.452653397400266e-03	3.189318e+00	-3.189361e-01
6.462653397400265e-03	3.189317e+00	-3.189377e-01
6.472653397400266e-03	3.189318e+00	-3.189361e-01
6.482653397400265e-03	3.189317e+00	-3.189377e-01
6.492653397400265e-03	3.189318e+00	-3.189361e-01
6.502653397400265e-03	3.189317e+00	-3.189377e-01
6.512653397400265e-03	3.189318e+00	-3.189361e-01
6.522653397400265e-03	3.189317e+00	-3.189377e-01
6.532653397400265e-03	3.189318e+00	-3.189361e-01
6.542653397400265e-03	3.189317e+00	-3.189377e-01
6.552653397400265e-03	3.189318e+00	-3.189361e-01
6.562653397400265e-03	3.189317e+00	-3.189377e-01
6.572653397400265e-03	3.189318e+00	-3.189361e-01
6.582653397400265e-03	3.189317e+00	-3.189377e-01
6.592653397400265e-03	3.189318e+00	-3.189361e-01
6.602653397400265e-03	3.189317e+00	-3.189377e-01
6.612653397400265e-03	3.189318e+00	-3.189361e-01
6.622653397400266e-03	3.189317e+00	-3.189377e-01
6.632653397400265e-03	3.189318e+00	-3.189361e-01
6.642653397400266e-03	3.189317e+00	-3.189377e-01
6.652653397400265e-03	3.189318e+00	-3.189361e-01
6.662653397400265e-03	3.189317e+00	-3.189377e-01
6.672653397400265e-03	3.189318e+00	-3.189361e-01
6.682653397400265e-03	3.189317e+00	-3.189377e-01
6.692653397400265e-03	3.189318e+00	-3.189361e-01
6.702653397400265e-03	3.189317e+00	-3.189377e-01
6.712653397400265e-03	3.189318e+00	-3.189361e-01
6.722653397400265e-03	3.189317e+00	-3.189377e-01
6.732653397400265e-03	3.189318e+00	-3.189361e-01
6.742653397400265e-03	3.189317e+00	-3.189377e-01
6.752653397400265e-03	3.189318e+00	-3.189361e-01
6.762653397400265e-03	3.189317e+00	-3.189377e-01
6.772653397400265e-03	3.189318e+00	-3.189361e-01
6.782653397400265e-03	3.189317e+00	-3.189377e-01
6.792653397400266e-03	3.189318e+00	-3.189361e-01
6.802653397400265e-03	3.189317e+00	-3.189377e-01
6.812653397400265e-03	3.189318e+00	-3.189361e-01
6.822653397400265e-03	3.189317e+00	-3.189377e-01
6.832653397400265e-03	3.189318e+00	-3.189361e-01
6.842653397400265e-03	3.189317e+00	-3.189377e-01
6.852653397400265e-03	3.189318e+00	-3.189361e-01
6.862653397400265e-03	3.189317e+00	-3.189377e-01
6.872653397400265e-03	3.189318e+00	-3.189361e-01
6.882653397400265e-03	3.189317e+00	-3.189377e-01
6.892653397400265e-03	3.189318e+00	-3.189361e-01
6.902653397400265e-03	3.189317e+00	-3.189377e-01
6.912653397400265e-03	3.189318e+00	-3.189361e-01
6.922653397400265e-03	3.189317e+00	-3.189377e-01
6.932653397400265e-03	3.189318e+00	-3.189361e-01
6.942653397400265e-03	3.189317e+00	-3.189377e-01
6.952653397400265e-03	3.189318e+00	-3.189361e-01
6.962653397400266e-03	3.189317e+00	-3.189377e-01
6.972653397400265e-03	3.189318e+00	-3.189361e-01
6.982653397400265e-03	3.189317e+00	-3.189377e-01
6.992653397400265e-03	3.189318e+00	-3.189361e-01
7.002653397400265e-03	3.189317e+00	-3.189377e-01
7.012653397400265e-03	3.189318e+00	-3.189361e-01
7.022653397400265e-03	3.189317e+00	-3.189377e-01
7.032653397400265e-03	3.189318e+00	-3.189361e-01
7.042653397400265e-03	3.189317e+00	-3.189377e-01
7.052653397400265e-03	3.189318e+00	-3.189361e-01
7.062653397400265e-03	3.189317e+00	-3.189377e-01
7.072653397400265e-03	3.189318e+00	-3.189361e-01
7.082653397400265e-03	3.189317e+00	-3.189377e-01
7.092653397400265e-03	3.189318e+00	-3.189361e-01
7.102653397400265e-03	3.189317e+00	-3.189377e-01
7.112653397400266e-03	3.189318e+00	-3.189361e-01
7.122653397400265e-03	3.189317e+00	-3.189377e-01
7.132653397400265e-03	3.189318e+00	-3.189361e-01
7.142653397400265e-03	3.189317e+00	-3.189377e-01
7.152653397400265e-03	3.189318e+00	-3.189361e-01
7.162653397400265e-03	3.189317e+00	-3.189377e-01
7.172653397400265e-03	3.189318e+00	-3.189361e-01
7.182653397400265e-03	3.189317e+00	-3.189377e-01
7.192653397400265e-03	3.189318e+00	-3.189361e-01
7.202653397400265e-03	3.189317e+00	-3.189377e-01
7.212653397400265e-03	3.189318e+00	-3.189361e-01
7.222653397400265e-03	3.189317e+00	-3.189377e-01
7.232653397400265e-03	3.189318e+00	-3.189361e-01
7.242653397400265e-03	3.189317e+00	-3.189377e-01
7.252653397400265e-03	3.189318e+00	-3.189361e-01
7.262653397400265e-03	3.189317e+00	-3.189377e-01
7.272653397400265e-03	3.189318e+00	-3.189361e-01
7.282653397400266e-03	3.189317e+00	-3.189377e-01
7.292653397400265e-03	3.189318e+00	-3.189361e-01
7.302653397400265e-03	3.189317e+00	-3.189377e-01
7.312653397400265e-03	3.189318e+00	-3.189361e-01
7.322653397400265e-03	3.189317e+00	-3.189377e-01
7.332653397400265e-03	3.189318e+00	-3.189361e-01
7.342653397400265e-03	3.189317e+00	-3.189377e-01
7.352653397400265e-03	3.189318e+00	-3.189361e-01
7.362653397400265e-03	3.189317e+00	-3.189377e-01
7.372653397400265e-03	3.189318e+00	-3.189361e-01
7.382653397400265e-03	3.189317e+00	-3.189377e-01
7.392653397400265e-03	3.189318e+00	-3.189361e-01
7.402653397400265e-03	3.189317e+00	-3.189377e-01
7.412653397400265e-03	3.189318e+00	-3.189361e-01
7.422653397400265e-03	3.189317e+00	-3.189377e-01
7.432653397400265e-03	3.189318e+00	-3.189361e-01
7.442653397400265e-03	3.189317e+00	-3.189377e-01
7.452653397400265e-03	3.189318e+00	-3.189361e-01
7.462653397400265e-03	3.189317e+00	-3.189377e-01
7.472653397400265e-03	3.189318e+00	-3.189361e-01
7.482653397400265e-03	3.189317e+00	-3.189377e-01
7.492653397400265e-03	3.189318e+00	-3.189361e-01
7.502653397400265e-03	3.189317e+00	-3.189377e-01
7.512653397400265e-03	3.189318e+00	-3.189361e-01
7.522653397400265e-03	3.189317e+00	-3.189377e-01
7.532653397400265e-03	3.189318e+00	-3.189361e-01
7.542653397400265e-03	3.189317e+00	-3.189377e-01
7.552653397400265e-03	3.189318e+00	-3.189361e-01
7.562653397400265e-03	3.189317e+00	-3.189377e-01
7.572653397400265e-03	3.189318e+00	-3.189361e-01
7.582653397400265e-03	3.189317e+00	-3.189377e-01
7.592653397400265e-03	3.189318e+00	-3.189361e-01
7.602653397400265e-03	3.189317e+00	-3.189377e-01
7.612653397400265e-03	3.189318e+00	-3.189361e-01
7.622653397400265e-03	3.189317e+00	-3.189377e-01
7.632653397400265e-03	3.189318e+00	-3.189361e-01
7.642653397400265e-03	3.189317e+00	-3.189377e-01
7.652653397400265e-03	3.189318e+00	-3.189361e-01
7.662653397400265e-03	3.189317e+00	-3.189377e-01
7.672653397400265e-03	3.189318e+00	-3.189361e-01
7.682653397400265e-03	3.189317e+00	-3.189377e-01
7.692653397400265e-03	3.189318e+00	-3.189361e-01
7.702653397400265e-03	3.189317e+00	-3.189377e-01
7.712653397400265e-03	3.189318e+00	-3.189361e-01
7.722653397400265e-03	3.189317e+00	-3.189377e-01
7.732653397400265e-03	3.189318e+00	-3.189361e-01
7.742653397400265e-03	3.189317e+00	-3.189377e-01
7.752653397400265e-03	3.189318e+00	-3.189361e-01
7.762653397400265e-03	3.189317e+00	-3.189377e-01
7.772653397400265e-03	3.189318e+00	-3.189361e-01
7.782653397400265e-03	3.189317e+00	-3.189377e-01
7.792653397400265e-03	3.189318e+00	-3.189361e-01
7.802653397400265e-03	3.189317e+00	-3.189377e-01
7.812653397400265e-03	3.189318e+00	-3.189361e-01
7.822653397400264e-03	3.189317e+00	-3.189377e-01
7.832653397400266e-03	3.189318e+00	-3.189361e-01
7.842653397400265e-03	3.189317e+00	-3.189377e-01
7.852653397400265e-03	3.189318e+00	-3.189361e-01
7.862653397400264e-03	3.189317e+00	-3.189377e-01
7.872653397400266e-03	3.189318e+00	-3.189361e-01
7.882653397400265e-03	3.189317e+00	-3.189377e-01
7.892653397400265e-03	3.189318e+00	-3.189361e-01
7.902653397400265e-03	3.189317e+00	-3.189377e-01
7.912653397400266e-03	3.189318e+00	-3.189361e-01
7.922653397400265e-03	3.189317e+00	-3.189377e-01
7.932653397400265e-03	3.189318e+00	-3.189361e-01
7.942653397400265e-03	3.189317e+00	-3.189377e-01
7.952653397400264e-03	3.189318e+00	-3.189361e-01
7.962653397400266e-03	3.189317e+00	-3.189377e-01
7.972653397400265e-03	3.189318e+00	-3.189361e-01
7.982653397400265e-03	3.189317e+00	-3.189377e-01
7.992653397400264e-03	3.189318e+00	-3.189361e-01
8.002653397400266e-03	3.189317e+00	-3.189377e-01
8.012653397400265e-03	3.189318e+00	-3.189361e-01
8.022653397400265e-03	3.189317e+00	-3.189377e-01
8.032653397400264e-03	3.189318e+00	-3.189361e-01
8.042653397400266e-03	3.189317e+00	-3.189377e-01
8.052653397400265e-03	3.189318e+00	-3.189361e-01
8.062653397400265e-03	3.189317e+00	-3.189377e-01
8.072653397400265e-03	3.189318e+00	-3.189361e-01
8.082653397400266e-03	3.189317e+00	-3.189377e-01
8.092653397400265e-03	3.189318e+00	-3.189361e-01
8.102653397400265e-03	3.189317e+00	-3.189377e-01
8.112653397400265e-03	3.189318e+00	-3.189361e-01
8.122653397400264e-03	3.189317e+00	-3.189377e-01
8.132653397400266e-03	3.189318e+00	-3.189361e-01
8.142653397400265e-03	3.189317e+00	-3.189377e-01
8.152653397400265e-03	3.189318e+00	-3.189361e-01
8.162653397400264e-03	3.189317e+00	-3.189377e-01
8.172653397400266e-03	3.189318e+00	-3.189361e-01
8.182653397400265e-03	3.189317e+00	-3.189377e-01
8.192653397400265e-03	3.189318e+00	-3.189361e-01
8.202653397400264e-03	3.189317e+00	-3.189377e-01
8.212653397400266e-03	3.189318e+00	-3.189361e-01
8.222653397400265e-03	3.189317e+00	-3.189377e-01
8.232653397400265e-03	3.189318e+00	-3.189361e-01
8.242653397400265e-03	3.189317e+00	-3.189377e-01
8.252653397400264e-03	3.189318e+00	-3.189361e-01
8.262653397400265e-03	3.189317e+00	-3.189377e-01
8.272653397400265e-03	3.189318e+00	-3.189361e-01
8.282653397400265e-03	3.189317e+00	-3.189377e-01
8.292653397400264e-03	3.189318e+00	-3.189361e-01
8.302653397400266e-03	3.189317e+00	-3.189377e-01
8.312653397400265e-03	3.189318e+00	-3.189361e-01
8.322653397400265e-03	3.189317e+00	-3.189377e-01
8.332653397400264e-03	3.189318e+00	-3.189361e-01
8.342653397400266e-03	3.189317e+00	-3.189377e-01
8.352653397400265e-03	3.189318e+00	-3.189361e-01
8.362653397400265e-03	3.189317e+00	-3.189377e-01
8.372653397400264e-03	3.189318e+00	-3.189361e-01
8.382653397400266e-03	3.189317e+00	-3.189377e-01
8.392653397400265e-03	3.189318e+00	-3.189361e-01
8.402653397400265e-03	3.189317e+00	-3.189377e-01
8.412653397400265e-03	3.189318e+00	-3.189361e-01
8.422653397400264e-03	3.189317e+00	-3.189377e-01
8.432653397400265e-03	3.189318e+00	-3.189361e-01
8.442653397400265e-03	3.189317e+00	-3.189377e-01
8.452653397400265e-03	3.189318e+00	-3.189361e-01
8.462653397400264e-03	3.189317e+00	-3.189377e-01
8.472653397400266e-03	3.189318e+00	-3.189361e-01
8.482653397400265e-03	3.189317e+00	-3.189377e-01
8.492653397400265e-03	3.189318e+00	-3.189361e-01
8.502653397400264e-03	3.189317e+00	-3.189377e-01
8.512653397400266e-03	3.189318e+00	-3.189361e-01
8.522653397400265e-03	3.189317e+00	-3.189377e-01
8.532653397400265e-03	3.189318e+00	-3.189361e-01
8.542653397400264e-03	3.189317e+00	-3.189377e-01
8.552653397400266e-03	3.189318e+00	-3.189361e-01
8.562653397400265e-03	3.189317e+00	-3.189377e-01
8.572653397400265e-03	3.189318e+00	-3.189361e-01
8.582653397400265e-03	3.189317e+00	-3.189377e-01
8.592653397400264e-03	3.189318e+00	-3.189361e-01
8.602653397400266e-03	3.189317e+00	-3.189377e-01
8.612653397400265e-03	3.189318e+00	-3.189361e-01
8.622653397400265e-03	3.189317e+00	-3.189377e-01
8.632653397400264e-03	3.189318e+00	-3.189361e-01
8.642653397400266e-03	3.189317e+00	-3.189377e-01
8.652653397400265e-03	3.189318e+00	-3.189361e-01
8.662653397400265e-03	3.189317e+00	-3.189377e-01
8.672653397400264e-03	3.189318e+00	-3.189361e-01
8.682653397400266e-03	3.189317e+00	-3.189377e-01
8.692653397400265e-03	3.189318e+00	-3.189361e-01
8.702653397400265e-03	3.189317e+00	-3.189377e-01
8.712653397400264e-03	3.189318e+00	-3.189361e-01
8.722653397400266e-03	3.189317e+00	-3.189377e-01
8.732653397400265e-03	3.189318e+00	-3.189361e-01
8.742653397400265e-03	3.189317e+00	-3.189377e-01
8.752653397400265e-03	3.189318e+00	-3.189361e-01
8.762653397400264e-03	3.189317e+00	-3.189377e-01
8.772653397400266e-03	3.189318e+00	-3.189361e-01
8.782653397400265e-03	3.189317e+00	-3.189377e-01
8.792653397400265e-03	3.189318e+00	-3.189361e-01
8.802653397400264e-03	3.189317e+00	-3.189377e-01
8.812653397400266e-03	3.189318e+00	-3.189361e-01
8.822653397400265e-03	3.189317e+00	-3.189377e-01
8.832653397400265e-03	3.189318e+00	-3.189361e-01
8.842653397400264e-03	3.189317e+00	-3.189377e-01
8.852653397400266e-03	3.189318e+00	-3.189361e-01
8.862653397400265e-03	3.189317e+00	-3.189377e-01
8.872653397400265e-03	3.189318e+00	-3.189361e-01
8.882653397400265e-03	3.189317e+00	-3.189377e-01
8.892653397400264e-03	3.189318e+00	-3.189361e-01
8.902653397400265e-03	3.189317e+00	-3.189377e-01
8.912653397400265e-03	3.189318e+00	-3.189361e-01
8.922653397400265e-03	3.189317e+00	-3.189377e-01
8.932653397400264e-03	3.189318e+00	-3.189361e-01
8.942653397400266e-03	3.189317e+00	-3.189377e-01
8.952653397400265e-03	3.189318e+00	-3.189361e-01
8.962653397400265e-03	3.189317e+00	-3.189377e-01
8.972653397400264e-03	3.189318e+00	-3.189361e-01
8.982653397400266e-03	3.189317e+00	-3.189377e-01
8.992653397400265e-03	3.189318e+00	-3.189361e-01
9.002653397400265e-03	3.189317e+00	-3.189377e-01
9.012653397400264e-03	3.189318e+00	-3.189361e-01
9.022653397400266e-03	3.189317e+00	-3.189377e-01
9.032653397400265e-03	3.189318e+00	-3.189361e-01
9.042653397400265e-03	3.189317e+00	-3.189377e-01
9.052653397400265e-03	3.189318e+00	-3.189361e-01
9.062653397400264e-03	3.189317e+00	-3.189377e-01
9.072653397400265e-03	3.189318e+00	-3.189361e-01
9.082653397400265e-03	3.189317e+00	-3.189377e-01
9.092653397400265e-03	3.189318e+00	-3.189361e-01
9.102653397400264e-03	3.189317e+00	-3.189377e-01
9.112653397400266e-03	3.189318e+00	-3.189361e-01
9.122653397400265e-03	3.189317e+00	-3.189377e-01
9.132653397400265e-03	3.189318e+00	-3.189361e-01
9.142653397400264e-03	3.189317e+00	-3.189377e-01
9.152653397400266e-03	3.189318e+00	-3.189361e-01
9.162653397400265e-03	3.189317e+00	-3.189377e-01
9.172653397400265e-03	3.189318e+00	-3.189361e-01
9.182653397400264e-03	3.189317e+00	-3.189377e-01
9.192653397400266e-03	3.189318e+00	-3.189361e-01
9.202653397400265e-03	3.189317e+00	-3.189377e-01
9.212653397400265e-03	3.189318e+00	-3.189361e-01
9.222653397400265e-03	3.189317e+00	-3.189377e-01
9.232653397400264e-03	3.189318e+00	-3.189361e-01
9.242653397400265e-03	3.189317e+00	-3.189377e-01
9.252653397400265e-03	3.189318e+00	-3.189361e-01
9.262653397400265e-03	3.189317e+00	-3.189377e-01
9.272653397400264e-03	3.189318e+00	-3.189361e-01
9.282653397400266e-03	3.189317e+00	-3.189377e-01
9.292653397400265e-03	3.189318e+00	-3.189361e-01
9.302653397400265e-03	3.189317e+00	-3.189377e-01
9.312653397400264e-03	3.189318e+00	-3.189361e-01
9.322653397400266e-03	3.189317e+00	-3.189377e-01
9.332653397400265e-03	3.189318e+00	-3.189361e-01
9.342653397400265e-03	3.189317e+00	-3.189377e-01
9.352653397400264e-03	3.189318e+00	-3.189361e-01
9.362653397400266e-03	3.189317e+00	-3.189377e-01
9.372653397400265e-03	3.189318e+00	-3.189361e-01
9.382653397400265e-03	3.189317e+00	-3.189377e-01
9.392653397400265e-03	3.189318e+00	-3.189361e-01
9.402653397400264e-03	3.189317e+00	-3.189377e-01
9.412653397400265e-03	3.189318e+00	-3.189361e-01
9.422653397400265e-03	3.189317e+00	-3.189377e-01
9.432653397400265e-03	3.189318e+00	-3.189361e-01
9.442653397400264e-03	3.189317e+00	-3.189377e-01
9.452653397400266e-03	3.189318e+00	-3.189361e-01
9.462653397400265e-03	3.189317e+00	-3.189377e-01
9.472653397400265e-03	3.189318e+00	-3.189361e-01
9.482653397400264e-03	3.189317e+00	-3.189377e-01
9.492653397400266e-03	3.189318e+00	-3.189361e-01
9.502653397400265e-03	3.189317e+00	-3.189377e-01
9.512653397400265e-03	3.189318e+00	-3.189361e-01
9.522653397400264e-03	3.189317e+00	-3.189377e-01
9.532653397400264e-03	3.189318e+00	-3.189361e-01
9.542653397400265e-03	3.189317e+00	-3.189377e-01
9.552653397400265e-03	3.189318e+00	-3.189361e-01
9.562653397400265e-03	3.189317e+00	-3.189377e-01
9.572653397400264e-03	3.189318e+00	-3.189361e-01
9.582653397400265e-03	3.189317e+00	-3.189377e-01
9.592653397400265e-03	3.189318e+00	-3.189361e-01
9.602653397400265e-03	3.189317e+00	-3.189377e-01
9.612653397400264e-03	3.189318e+00	-3.189361e-01
9.622653397400266e-03	3.189317e+00	-3.189377e-01
9.632653397400265e-03	3.189318e+00	-3.189361e-01
9.642653397400265e-03	3.189317e+00	-3.189377e-01
9.652653397400264e-03	3.189318e+00	-3.189361e-01
9.662653397400266e-03	3.189317e+00	-3.189377e-01
9.672653397400265e-03	3.189318e+00	-3.189361e-01
9.682653397400265e-03	3.189317e+00	-3.189377e-01
9.692653397400264e-03	3.189318e+00	-3.189361e-01
9.702653397400264e-03	3.189317e+00	-3.189377e-01
9.712653397400265e-03	3.189318e+00	-3.189361e-01
9.722653397400265e-03	3.189317e+00	-3.189377e-01
9.732653397400265e-03	3.189318e+00	-3.189361e-01
9.742653397400264e-03	3.189317e+00	-3.189377e-01
9.752653397400265e-03	3.189318e+00	-3.189361e-01
9.762653397400265e-03	3.189317e+00	-3.189377e-01
9.772653397400265e-03	3.189318e+00	-3.189361e-01
9.782653397400264e-03	3.189317e+00	-3.189377e-01
9.792653397400266e-03	3.189318e+00	-3.189361e-01
9.802653397400265e-03	3.189317e+00	-3.189377e-01
9.812653397400265e-03	3.189318e+00	-3.189361e-01
9.822653397400264e-03	3.189317e+00	-3.189377e-01
9.832653397400266e-03	3.189318e+00	-3.189361e-01
9.842653397400265e-03	3.189317e+00	-3.189377e-01
9.852653397400265e-03	3.189318e+00	-3.189361e-01
9.862653397400264e-03	3.189317e+00	-3.189377e-01
9.872653397400264e-03	3.189318e+00	-3.189361e-01
9.882653397400265e-03	3.189317e+00	-3.189377e-01
9.892653397400265e-03	3.189318e+00	-3.189361e-01
9.902653397400265e-03	3.189317e+00	-3.189377e-01
9.912653397400264e-03	3.189318e+00	-3.189361e-01
9.922653397400266e-03	3.189317e+00	-3.189377e-01
9.932653397400265e-03	3.189318e+00	-3.189361e-01
9.942653397400265e-03	3.189317e+00	-3.189377e-01
9.952653397400264e-03	3.189318e+00	-3.189361e-01
9.962653397400266e-03	3.189317e+00	-3.189377e-01
9.972653397400265e-03	3.189318e+00	-3.189361e-01
9.982653397400265e-03	3.189317e+00	-3.189377e-01
9.992653397400264e-03	3.189318e+00	-3.189361e-01
1.000000000000000e-02	3.189331e+00	-3.189377e-01
1.000000000100000e-02	3.189310e+00	-3.189364e-01
1.000000000200000e-02	3.189319e+00	-3.189374e-01
1.000000000347517e-02	3.189318e+00	-3.189366e-01
1.000000000560198e-02	3.189317e+00	-3.189373e-01
1.000000000985561e-02	3.189317e+00	-3.189366e-01
1.000000001836286e-02	3.189317e+00	-3.189373e-01
1.000000003537736e-02	3.189317e+00	-3.189366e-01
1.000000006940637e-02	3.189317e+00	-3.189373e-01
1.000000013746438e-02	3.189318e+00	-3.189366e-01
1.000000027358041e-02	3.189319e+00	-3.189372e-01
1.000000054581247e-02	3.189321e+00	-3.189366e-01
1.000000109027659e-02	3.189327e+00	-3.189372e-01
1.000000217920482e-02	3.189332e+00	-3.189366e-01
1.000000435706129e-02	3.189296e+00	-3.189372e-01
1.000000871277422e-02	3.189170e+00	-3.189366e-01
1.000001493585746e-02	3.188924e+00	-3.189372e-01
1.000002566263304e-02	3.188049e+00	-3.189365e-01
1.000004711618420e-02	3.184559e+00	-3.189371e-01
1.000006976694561e-02	3.165283e+00	-3.189364e-01
1.000008580702774e-02	3.147790e+00	-3.189372e-01
1.000010710296738e-02	3.175479e+00	-3.189369e-01
1.000012438620917e-02	3.196770e+00	-3.189379e-01
1.000014345880669e-02	3.192759e+00	-3.189376e-01
1.000016162675181e-02	3.197897e+00	-3.189386e-01
1.000019227811086e-02	3.214734e+00	-3.189384e-01
1.000023768675144e-02	3.223365e+00	-3.189398e-01
1.000027880959210e-02	3.214924e+00	-3.189397e-01
1.000032595227986e-02	3.220206e+00	-3.189406e-01
1.000039730425086e-02	3.194768e+00	-3.189396e-01
1.000046590054835e-02	3.189924e+00	-3.189398e-01
1.000059043916932e-02	3.189772e+00	-3.189383e-01
1.000079598371689e-02	3.189289e+00	-3.189375e-01
1.000099702547869e-02	3.188938e+00	-3.189355e-01
1.000120354487666e-02	3.188737e+00	-3.189348e-01
1.000137853860805e-02	3.189050e+00	-3.189330e-01
1.000153145853188e-02	3.189238e+00	-3.189326e-01
1.000170155261182e-02	3.189402e+00	-3.189308e-01
1.000190341063481e-02	3.189560e+00	-3.189301e-01
1.000221979730352e-02	3.189580e+00	-3.189273e-01
1.000247081523255e-02	3.189280e+00	-3.189262e-01
1.000269812889713e-02	3.189222e+00	-3.189240e-01
1.000296197756506e-02	3.189121e+00	-3.189228e-01
1.000321029062181e-02	3.189085e+00	-3.189204e-01
1.000347833227330e-02	3.189007e+00	-3.189192e-01
1.000374102551656e-02	3.188986e+00	-3.189166e-01
1.000403760334883e-02	3.188907e+00	-3.189151e-01
1.000434491139467e-02	3.188885e+00	-3.189122e-01
1.000470047954616e-02	3.188805e+00	-3.189103e-01
1.000509047834197e-02	3.188776e+00	-3.189068e-01
1.000556321503714e-02	3.188680e+00	-3.189039e-01
1.000611877359435e-02	3.188618e+00	-3.188991e-01
1.000683593071848e-02	3.188460e+00	-3.188943e-01
1.000775278917251e-02	3.188268e+00	-3.188866e-01
1.000904160583822e-02	3.187826e+00	-3.188771e-01
1.001085914499269e-02	3.187031e+00	-3.188618e-01
1.001365726628829e-02	3.185352e+00	-3.188390e-01
1.001814822759343e-02	3.184494e+00	-3.187981e-01
1.002170680596559e-02	3.185236e+00	-3.187644e-01
1.002429164266191e-02	3.185229e+00	-3.187372e-01
1.002698176408564e-02	3.184741e+00	-3.187087e-01
1.003002013797272e-02	3.184192e+00	-3.186727e-01
1.003313636887227e-02	3.183570e+00	-3.186342e-01
1.003607913304316e-02	3.182941e+00	-3.185933e-01
1.003911521348907e-02	3.182129e+00	-3.185487e-01
1.004210356572737e-02	3.181275e+00	-3.184989e-01
1.004528721359178e-02	3.180183e+00	-3.184415e-01
1.004848556740532e-02	3.178982e+00	-3.183750e-01
1.005194143558056e-02	3.177417e+00	-3.182944e-01
1.005550436068815e-02	3.175559e+00	-3.181958e-01
1.005946168182008e-02	3.172962e+00	-3.180657e-01
1.006395517822754e-02	3.169181e+00	-3.178771e-01
1.006932906024182e-02	3.162600e+00	-3.175668e-01
1.007535729974096e-02	3.151012e+00	-3.170078e-01
1.007969859204990e-02	3.136809e+00	-3.163082e-01
1.008272741719835e-02	3.119753e+00	-3.154721e-01
1.008501167487683e-02	3.098919e+00	-3.143986e-01
1.008731773943080e-02	3.071821e+00	-3.129786e-01
1.008871422505808e-02	3.054429e+00	-3.121119e-01
1.009054349311115e-02	3.031469e+00	-3.109670e-01
1.009320920089880e-02	2.997642e+00	-3.092856e-01
1.009586324233824e-02	2.963651e+00	-3.075958e-01
1.010043045242483e-02	2.904464e+00	-3.046689e-01
1.010527740990274e-02	2.841140e+00	-3.015528e-01
1.011234151751792e-02	2.748305e+00	-2.970621e-01
1.011987302197979e-02	2.649474e+00	-2.924561e-01
1.012956373031366e-02	2.523186e+00	-2.871462e-01
1.013956373031366e-02	2.394297e+00	-2.831295e-01
1.014956373031366e-02	2.266107e+00	-2.840992e-01
1.015956373031366e-02	2.138085e+00	-2.948760e-01
1.016956373031366e-02	2.011227e+00	-3.104262e-01
1.017956373031366e-02	1.886636e+00	-3.286820e-01
1.018956373031366e-02	1.764836e+00	-3.478286e-01
1.019956373031366e-02	1.646392e+00	-3.661300e-01
1.020956373031366e-02	1.531563e+00	-3.815295e-01
1.021760042931160e-02	1.442444e+00	-3.891427e-01
1.022159562709104e-02	1.399928e+00	-3.889955e-01
1.022605002849722e-02	1.354496e+00	-3.836031e-01
1.022894265301227e-02	1.325356e+00	-3.798010e-01
1.023196129416120e-02	1.295198e+00	-3.757801e-01
1.023799857645907e-02	1.235129e+00	-3.675642e-01
1.024788511516344e-02	1.136443e+00	-3.533753e-01
1.025788511516344e-02	1.032385e+00	-3.369910e-01
1.026375546146542e-02	9.622942e-01	-3.239723e-01
1.026650650099705e-02	9.196258e-01	-3.142536e-01
1.026777970660739e-02	8.934968e-01	-3.077492e-01
1.026976869250620e-02	8.434439e-01	-2.950892e-01
1.027231586597268e-02	7.732118e-01	-2.780702e-01
1.027502493374389e-02	6.990011e-01	-2.610537e-01
1.027662888382009e-02	6.556691e-01	-2.516004e-01
1.027842139455785e-02	6.078602e-01	-2.415709e-01
1.028200641603336e-02	5.139899e-01	-2.231676e-01
1.028807094039930e-02	3.594714e-01	-1.967993e-01
1.029431043858524e-02	2.050890e-01	-1.754083e-01
1.030003437681406e-02	6.760359e-02	-1.627841e-01
1.030318344030156e-02	-9.949207e-04	-1.534985e-01
1.030478143771654e-02	-2.794623e-02	-1.433652e-01
1.030638015989308e-02	-4.781854e-02	-1.296012e-01
1.030800231725720e-02	-6.391776e-02	-1.144882e-01
1.030990001989399e-02	-7.932198e-02	-9.658974e-02
1.031319984189544e-02	-1.002184e-01	-6.698504e-02
1.031768033092959e-02	-1.201631e-01	-3.318813e-02
1.032324816612149e-02	-1.337463e-01	-6.161482e-03
1.032782277812958e-02	-1.364368e-01	3.392346e-06
1.033280925736461e-02	-1.346453e-01	3.579164e-06
1.033821048560947e-02	-1.319938e-01	3.319007e-06
1.034158239816376e-02	-1.303191e-01	3.518464e-06
1.034605288549446e-02	-1.281540e-01	3.264362e-06
1.035093278134846e-02	-1.257796e-01	3.454446e-06
1.035801236784550e-02	-1.224241e-01	3.182088e-06
1.036576423272800e-02	-1.187735e-01	3.353815e-06
1.037576423272800e-02	-1.141953e-01	3.062523e-06
1.038576423272800e-02	-1.096760e-01	3.221186e-06
1.039576423272800e-02	-1.053019e-01	2.931484e-06
1.040576423272800e-02	-1.010009e-01	3.092520e-06
1.041576423272800e-02	-9.684563e-02	2.804428e-06
1.042576423272800e-02	-9.276319e-02	2.967843e-06
1.043576423272800e-02	-8.882451e-02	2.681390e-06
1.044576423272800e-02	-8.495665e-02	2.847201e-06
1.045576423272800e-02	-8.123004e-02	2.562404e-06
1.046576423272800e-02	-7.757056e-02	2.730621e-06
1.047576423272800e-02	-7.404804e-02	2.447486e-06
1.048576423272800e-02	-7.058859e-02	2.618107e-06
1.049576423272800e-02	-6.726110e-02	2.336635e-06
1.050576423272800e-02	-6.399095e-02	2.509653e-06
1.051576423272800e-02	-6.084716e-02	2.229837e-06
1.052576423272800e-02	-5.775476e-02	2.405239e-06
1.053576423272800e-02	-5.478168e-02	2.127071e-06
1.054576423272800e-02	-5.185342e-02	2.304842e-06
1.055576423272800e-02	-4.903722e-02	2.028315e-06
1.056576423272800e-02	-4.625773e-02	2.208550e-06
1.057576423272800e-02	-4.358149e-02	1.933569e-06
1.058576423272800e-02	-4.093456e-02	2.116216e-06
1.059576423272800e-02	-3.839207e-02	1.842979e-06
1.060576423272800e-02	-3.587008e-02	2.028046e-06
1.061234046137772e-02	-3.417134e-02	1.770138e-06
1.061831082555261e-02	-3.261209e-02	1.976371e-06
1.062562963302057e-02	-3.071594e-02	1.723567e-06
1.063287394286859e-02	-2.853537e-02	1.958636e-06
1.063577463359129e-02	-2.741480e-02	1.796417e-06
1.063710348738089e-02	-2.673674e-02	2.064619e-06
1.063875655809518e-02	-2.579403e-02	1.881633e-06
1.063920359412962e-02	-2.549767e-02	2.109017e-06
1.063971923342861e-02	-2.518559e-02	1.887635e-06
1.064022773952287e-02	-2.483940e-02	2.119373e-06
1.064077360899414e-02	-2.449965e-02	1.887116e-06
1.064131734305574e-02	-2.412510e-02	2.123564e-06
1.064205335712341e-02	-2.365494e-02	1.882689e-06
1.064278235881191e-02	-2.315497e-02	2.122943e-06
1.064400121861616e-02	-2.236080e-02	1.874837e-06
1.064526363298803e-02	-2.150369e-02	2.116059e-06
1.064778846173179e-02	-1.983523e-02	1.859923e-06
1.065111617944081e-02	-1.759315e-02	2.094460e-06
1.065777161485885e-02	-1.314783e-02	1.819286e-06
1.066777161485885e-02	-6.496191e-03	2.017441e-06
1.067777161485885e-02	-6.926060e-04	1.670137e-06
1.067999291603080e-02	2.408028e-05	1.721964e-06
1.068064130162911e-02	-2.861023e-06	1.312880e-06
1.068092809373334e-02	3.576279e-06	1.641810e-06
1.068101974041077e-02	-8.583069e-06	1.327207e-06
1.068105846224974e-02	3.099442e-06	1.638102e-06
1.068107823809401e-02	-6.675720e-06	1.284319e-06
1.068109285049312e-02	2.384186e-07	1.722537e-06
1.068110306627778e-02	-4.053116e-06	1.183871e-06
1.068111144037014e-02	-1.668930e-06	1.824870e-06
1.068111900816039e-02	-2.622604e-06	1.095609e-06
1.068112673222541e-02	-2.384186e-06	1.891349e-06
1.068113470474918e-02	-2.384186e-06	1.048926e-06
1.068114414640794e-02	-2.384186e-06	1.922741e-06
1.068115585440194e-02	-2.384186e-06	1.028935e-06
1.068117147821957e-02	-2.384186e-06	1.935329e-06
1.068119367484603e-02	-2.384186e-06	1.021012e-06
1.068122611124491e-02	-2.384186e-06	1.940128e-06
1.068127544151296e-02	-2.622604e-06	1.017848e-06
1.068135153544276e-02	-2.384186e-06	1.941827e-06
1.068147065948150e-02	-2.622604e-06	1.016375e-06
1.068165895032743e-02	-2.384186e-06	1.942087e-06
1.068195764849436e-02	-2.384186e-06	1.015163e-06
1.068243390903845e-02	-2.145767e-06	1.941155e-06
1.068319424307532e-02	-2.145767e-06	1.013028e-06
1.068441012640066e-02	-2.145767e-06	1.938120e-06
1.068668099097472e-02	-3.337860e-06	1.007401e-06
1.069122272012283e-02	-1.263618e-05	1.927267e-06
1.070019744748609e-02	-2.837181e-05	9.857339e-07
1.070841897343507e-02	-3.671646e-05	1.899671e-06
1.071841897343507e-02	-4.529953e-05	9.563897e-07
1.072841897343507e-02	-4.529953e-05	1.867413e-06
1.073841897343507e-02	-4.458427e-05	9.240499e-07
1.074841897343507e-02	-4.386902e-05	1.835042e-06
1.075841897343507e-02	-4.315376e-05	8.916258e-07
1.076841897343507e-02	-4.267693e-05	1.802613e-06
1.077841897343507e-02	-4.220009e-05	8.591738e-07
1.078841897343507e-02	-4.124641e-05	1.770183e-06
1.079841897343507e-02	-4.076958e-05	8.267467e-07
1.080841897343507e-02	-4.005432e-05	1.737803e-06
1.081841897343507e-02	-3.957748e-05	7.943945e-07
1.082841897343507e-02	-3.886223e-05	1.705520e-06
1.083841897343507e-02	-3.814697e-05	7.621637e-07
1.084841897343507e-02	-3.767014e-05	1.673380e-06
1.085841897343507e-02	-3.695488e-05	7.300978e-07
1.086841897343507e-02	-3.623962e-05	1.641424e-06
1.087841897343507e-02	-3.576279e-05	6.982374e-07
1.088841897343507e-02	-3.528595e-05	1.609693e-06
1.089841897343507e-02	-3.480911e-05	6.666197e-07
1.090841897343507e-02	-3.409386e-05	1.578221e-06
1.091841897343507e-02	-3.361702e-05	6.352787e-07
1.092841897343507e-02	-3.290176e-05	1.547042e-06
1.093841897343507e-02	-3.242493e-05	6.042455e-07
1.094841897343507e-02	-3.194809e-05	1.516183e-06
1.095841897343507e-02	-3.170967e-05	5.735480e-07
1.096841897343507e-02	-3.099442e-05	1.485673e-06
1.097841897343507e-02	-3.051758e-05	5.432108e-07
1.098841897343507e-02	-3.004074e-05	1.455534e-06
1.099841897343507e-02	-2.956390e-05	5.132558e-07
1.100841897343507e-02	-2.908707e-05	1.425787e-06
1.101841897343507e-02	-2.861023e-05	4.837022e-07
1.102841897343507e-02	-2.813339e-05	1.396449e-06
1.103841897343507e-02	-2.789497e-05	4.545667e-07
1.104841897343507e-02	-2.741814e-05	1.367537e-06
1.105841897343507e-02	-2.694130e-05	4.258637e-07
1.106841897343507e-02	-2.670288e-05	1.339063e-06
1.107841897343507e-02	-2.622604e-05	3.976056e-07
1.108841897343507e-02	-2.574921e-05	1.311039e-06
1.109841897343507e-02	-2.527237e-05	3.698028e-07
1.110841897343507e-02	-2.479553e-05	1.283475e-06
1.111841897343507e-02	-2.455711e-05	3.424643e-07
1.112841897343507e-02	-2.408028e-05	1.256379e-06
1.113841897343507e-02	-2.408028e-05	3.155973e-07
1.114841897343507e-02	-2.360344e-05	1.229757e-06
1.115841897343507e-02	-2.312660e-05	2.892076e-07
1.116841897343507e-02	-2.288818e-05	1.203614e-06
1.117841897343507e-02	-2.241135e-05	2.633000e-07
1.118841897343507e-02	-2.050400e-05	1.177955e-06
1.119841897343507e-02	-1.239777e-05	2.378970e-07
1.120841897343507e-02	-1.192093e-05	1.152928e-06
1.121841897343507e-02	-1.311302e-05	2.133139e-07
1.122841897343507e-02	-1.406670e-05	1.128779e-06
1.123841897343507e-02	-1.502037e-05	1.895489e-07
1.124841897343507e-02	-1.573563e-05	1.105380e-06
1.125841897343507e-02	-1.621246e-05	1.664762e-07
1.126841897343507e-02	-1.668930e-05	1.082622e-06
1.127841897343507e-02	-1.716614e-05	1.439999e-07
1.128841897343507e-02	-1.764297e-05	1.060422e-06
1.129841897343507e-02	-1.764297e-05	1.220489e-07
1.130841897343507e-02	-1.788139e-05	1.038719e-06
1.131841897343507e-02	-1.788139e-05	1.005708e-07
1.132841897343507e-02	-1.740456e-05	1.017468e-06
1.133841897343507e-02	-6.437302e-06	7.953266e-08
1.134841897343507e-02	-3.576279e-06	9.967796e-07
1.135841897343507e-02	-5.722046e-06	5.933229e-08
1.136841897343507e-02	-8.344650e-06	9.770630e-07
1.137841897343507e-02	-1.001358e-05	4.002097e-08
1.138841897343507e-02	-1.168251e-05	9.581080e-07
1.139841897343507e-02	-1.311302e-05	2.136357e-08
1.140841897343507e-02	-1.406670e-05	9.397168e-07
1.141841897343507e-02	-1.478195e-05	3.196019e-09
1.142841897343507e-02	-1.549721e-05	9.217545e-07
1.143841897343507e-02	-1.597404e-05	-1.459237e-08
1.144841897343507e-02	-1.645088e-05	9.041304e-07
1.145841897343507e-02	-1.692772e-05	-3.207501e-08
1.146841897343507e-02	-1.692772e-05	8.867858e-07
1.147841897343507e-02	-1.716614e-05	-4.929896e-08
1.148841897343507e-02	-1.716614e-05	8.696836e-07
1.149841897343507e-02	-1.716614e-05	-6.629250e-08
1.150841897343507e-02	-1.692772e-05	8.528027e-07
1.151841897343507e-02	-1.716614e-05	-8.307063e-08
1.152841897343507e-02	-1.692772e-05	8.361333e-07
1.153841897343507e-02	-1.668930e-05	-9.963905e-08
1.154841897343507e-02	-1.645088e-05	8.196732e-07
1.155841897343507e-02	-1.645088e-05	-1.159971e-07
1.156841897343507e-02	-1.621246e-05	8.034255e-07
1.157841897343507e-02	-1.597404e-05	-1.321398e-07
1.158841897343507e-02	-1.573563e-05	7.873965e-07
1.159841897343507e-02	-1.549721e-05	-1.480597e-07
1.160841897343507e-02	-1.502037e-05	7.715946e-07
1.161841897343507e-02	-1.502037e-05	-1.637478e-07
1.162841897343507e-02	-1.478195e-05	7.560291e-07
1.163841897343507e-02	-1.430511e-05	-1.791944e-07
1.164841897343507e-02	-1.406670e-05	7.407100e-07
1.165841897343507e-02	-1.382828e-05	-1.943899e-07
1.166841897343507e-02	-1.358986e-05	7.256466e-07
1.167841897343507e-02	-1.311302e-05	-2.093250e-07
1.168841897343507e-02	-1.287460e-05	7.108479e-07
1.169841897343507e-02	-1.287460e-05	-2.239911e-07
1.170841897343507e-02	-1.263618e-05	6.963222e-07
1.171841897343507e-02	-1.239777e-05	-2.383805e-07
1.172841897343507e-02	-1.192093e-05	6.820765e-07
1.173841897343507e-02	-1.168251e-05	-2.524866e-07
1.174841897343507e-02	-1.144409e-05	6.681171e-07
1.175841897343507e-02	-1.120567e-05	-2.663036e-07
1.176841897343507e-02	-1.096725e-05	6.544491e-07
1.177841897343507e-02	-1.072884e-05	-2.798270e-07
1.178841897343507e-02	-1.072884e-05	6.410766e-07
1.179841897343507e-02	-1.049042e-05	-2.930532e-07
1.180841897343507e-02	-1.025200e-05	6.280026e-07
1.181841897343507e-02	-1.001358e-05	-3.059796e-07
1.182841897343507e-02	-9.775162e-06	6.152293e-07
1.183841897343507e-02	-9.536743e-06	-3.186047e-07
1.184841897343507e-02	-9.536743e-06	6.027578e-07
1.185841897343507e-02	-9.298325e-06	-3.309278e-07
1.186841897343507e-02	-9.059906e-06	5.905883e-07
1.187841897343507e-02	-9.059906e-06	-3.429489e-07
1.188841897343507e-02	-8.583069e-06	5.787203e-07
1.189841897343507e-02	-8.583069e-06	-3.546689e-07
1.190841897343507e-02	-8.344650e-06	5.671528e-07
1.191841897343507e-02	-8.106232e-06	-3.660894e-07
1.192841897343507e-02	-8.106232e-06	5.558836e-07
1.193841897343507e-02	-7.867813e-06	-3.772127e-07
1.194841897343507e-02	-7.629395e-06	5.449103e-07
1.195841897343507e-02	-7.390976e-06	-3.880414e-07
1.196841897343507e-02	-7.152557e-06	5.342301e-07
1.197841897343507e-02	-7.152557e-06	-3.985788e-07
1.198841897343507e-02	-7.152557e-06	5.238393e-07
1.199841897343507e-02	-6.914139e-06	-4.088285e-07
1.200841897343507e-02	-6.675720e-06	5.137342e-07
1.201841897343507e-02	-6.675720e-06	-4.187947e-07
1.202841897343507e-02	-6.675720e-06	5.039105e-07
1.203841897343507e-02	-6.437302e-06	-4.284817e-07
1.204841897343507e-02	-6.198883e-06	4.943636e-07
1.205841897343507e-02	-5.960464e-06	-4.378941e-07
1.206841897343507e-02	-6.198883e-06	4.850888e-07
1.207841897343507e-02	-5.960464e-06	-4.470369e-07
1.208841897343507e-02	-5.722046e-06	4.760811e-07
1.209841897343507e-02	-5.722046e-06	-4.559153e-07
1.210841897343507e-02	-5.722046e-06	4.673353e-07
1.211841897343507e-02	-5.483627e-06	-4.645343e-07
1.212841897343507e-02	-5.245209e-06	4.588461e-07
1.213841897343507e-02	-5.245209e-06	-4.728995e-07
1.214841897343507e-02	-5.483627e-06	4.506079e-07
1.215841897343507e-02	-5.245209e-06	-4.810162e-07
1.216841897343507e-02	-5.006790e-06	4.426154e-07
1.217841897343507e-02	-5.006790e-06	-4.888902e-07
1.218841897343507e-02	-4.768372e-06	4.348628e-07
1.219841897343507e-02	-4.768372e-06	-4.965270e-07
1.220841897343507e-02	-4.768372e-06	4.273446e-07
1.221841897343507e-02	-4.768372e-06	-5.039322e-07
1.222841897343507e-02	-4.768372e-06	4.200552e-07
1.223841897343507e-02	-4.529953e-06	-5.111115e-07
1.224841897343507e-02	-4.291534e-06	4.129888e-07
1.225841897343507e-02	-4.291534e-06	-5.180705e-07
1.226841897343507e-02	-4.291534e-06	4.061399e-07
1.227841897343507e-02	-4.291534e-06	-5.248148e-07
1.228841897343507e-02	-4.053116e-06	3.995030e-07
1.229841897343507e-02	-4.053116e-06	-5.313499e-07
1.230841897343507e-02	-3.814697e-06	3.930723e-07
1.231841897343507e-02	-4.053116e-06	-5.376816e-07
1.232841897343507e-02	-3.814697e-06	3.868425e-07
1.233841897343507e-02	-3.814697e-06	-5.438150e-07
1.234841897343507e-02	-3.814697e-06	3.808080e-07
1.235841897343507e-02	-3.576279e-06	-5.497558e-07
1.236841897343507e-02	-3.576279e-06	3.749637e-07
1.237841897343507e-02	-3.337860e-06	-5.555091e-07
1.238841897343507e-02	-3.576279e-06	3.693041e-07
1.239841897343507e-02	-3.337860e-06	-5.610802e-07
1.240841897343507e-02	-3.337860e-06	3.638241e-07
1.241841897343507e-02	-3.337860e-06	-5.664743e-07
1.242841897343507e-02	-3.337860e-06	3.585185e-07
1.243841897343507e-02	-3.099442e-06	-5.716964e-07
1.244841897343507e-02	-3.099442e-06	3.533825e-07
1.245841897343507e-02	-3.099442e-06	-5.767515e-07
1.246841897343507e-02	-3.099442e-06	3.484110e-07
1.247841897343507e-02	-3.099442e-06	-5.816445e-07
1.248841897343507e-02	-3.099442e-06	3.435993e-07
1.249841897343507e-02	-2.861023e-06	-5.863801e-07
1.250841897343507e-02	-2.861023e-06	3.389426e-07
1.251841897343507e-02	-2.861023e-06	-5.909629e-07
1.252841897343507e-02	-2.622604e-06	3.344364e-07
1.253841897343507e-02	-2.622604e-06	-5.953975e-07
1.254841897343507e-02	-2.622604e-06	3.300761e-07
1.255841897343507e-02	-2.622604e-06	-5.996884e-07
1.256841897343507e-02	-2.622604e-06	3.258573e-07
1.257841897343507e-02	-2.622604e-06	-6.038399e-07
1.258841897343507e-02	-2.622604e-06	3.217758e-07
1.259841897343507e-02	-2.384186e-06	-6.078562e-07
1.260841897343507e-02	-2.384186e-06	3.178274e-07
1.261841897343507e-02	-2.384186e-06	-6.117415e-07
1.262841897343507e-02	-2.384186e-06	3.140080e-07
1.263841897343507e-02	-2.384186e-06	-6.154998e-07
1.264841897343507e-02	-2.145767e-06	3.103136e-07
1.265841897343507e-02	-2.145767e-06	-6.191350e-07
1.266841897343507e-02	-2.145767e-06	3.067403e-07
1.267841897343507e-02	-2.384186e-06	-6.226510e-07
1.268841897343507e-02	-2.145767e-06	3.032845e-07
1.269841897343507e-02	-2.145767e-06	-6.260514e-07
1.270841897343507e-02	-2.145767e-06	2.999423e-07
1.271841897343507e-02	-1.907349e-06	-6.293399e-07
1.272841897343507e-02	-1.907349e-06	2.967104e-07
1.273841897343507e-02	-1.907349e-06	-6.325199e-07
1.274841897343507e-02	-1.907349e-06	2.935851e-07
1.275841897343507e-02	-1.907349e-06	-6.355950e-07
1.276841897343507e-02	-2.145767e-06	2.905631e-07
1.277841897343507e-02	-2.145767e-06	-6.385683e-07
1.278841897343507e-02	-1.907349e-06	2.876411e-07
1.279841897343507e-02	-1.907349e-06	-6.414433e-07
1.280841897343507e-02	-1.907349e-06	2.848161e-07
1.281841897343507e-02	-1.668930e-06	-6.442230e-07
1.282841897343507e-02	-1.668930e-06	2.820848e-07
1.283841897343507e-02	-1.668930e-06	-6.469103e-07
1.284841897343507e-02	-1.668930e-06	2.794442e-07
1.285841897343507e-02	-1.668930e-06	-6.495084e-07
1.286841897343507e-02	-1.430511e-06	2.768915e-07
1.287841897343507e-02	-1.668930e-06	-6.520200e-07
1.288841897343507e-02	-1.430511e-06	2.744239e-07
1.289841897343507e-02	-1.430511e-06	-6.544481e-07
1.290841897343507e-02	-1.430511e-06	2.720385e-07
1.291841897343507e-02	-1.430511e-06	-6.567951e-07
1.292841897343507e-02	-1.430511e-06	2.697327e-07
1.293841897343507e-02	-1.430511e-06	-6.590638e-07
1.294841897343507e-02	-1.430511e-06	2.675040e-07
1.295841897343507e-02	-1.430511e-06	-6.612567e-07
1.296841897343507e-02	-1.430511e-06	2.653499e-07
1.297841897343507e-02	-1.668930e-06	-6.633763e-07
1.298841897343507e-02	-1.430511e-06	2.632678e-07
1.299841897343507e-02	-1.430511e-06	-6.654249e-07
1.300841897343507e-02	-1.430511e-06	2.612555e-07
1.301841897343507e-02	-1.192093e-06	-6.674050e-07
1.302841897343507e-02	-1.192093e-06	2.593107e-07
1.303841897343507e-02	-1.192093e-06	-6.693186e-07
1.304841897343507e-02	-1.192093e-06	2.574312e-07
1.305841897343507e-02	-1.192093e-06	-6.711681e-07
1.306841897343507e-02	-1.192093e-06	2.556149e-07
1.307841897343507e-02	-1.192093e-06	-6.729555e-07
1.308841897343507e-02	-1.192093e-06	2.538595e-07
1.309841897343507e-02	-1.192093e-06	-6.746828e-07
1.310841897343507e-02	-1.192093e-06	2.521633e-07
1.311841897343507e-02	-1.192093e-06	-6.763520e-07
1.312841897343507e-02	-9.536743e-07	2.505241e-07
1.313841897343507e-02	-1.192093e-06	-6.779651e-07
1.314841897343507e-02	-9.536743e-07	2.489402e-07
1.315841897343507e-02	-9.536743e-07	-6.795239e-07
1.316841897343507e-02	-9.536743e-07	2.474096e-07
1.317841897343507e-02	-9.536743e-07	-6.810301e-07
1.318841897343507e-02	-1.192093e-06	2.459307e-07
1.319841897343507e-02	-9.536743e-07	-6.824856e-07
1.320841897343507e-02	-9.536743e-07	2.445017e-07
1.321841897343507e-02	-9.536743e-07	-6.838920e-07
1.322841897343507e-02	-9.536743e-07	2.431210e-07
1.323841897343507e-02	-1.192093e-06	-6.852509e-07
1.324841897343507e-02	-9.536743e-07	2.417869e-07
1.325841897343507e-02	-9.536743e-07	-6.865640e-07
1.326841897343507e-02	-9.536743e-07	2.404980e-07
1.327841897343507e-02	-7.152557e-07	-6.878327e-07
1.328841897343507e-02	-9.536743e-07	2.392526e-07
1.329841897343507e-02	-9.536743e-07	-6.890585e-07
1.330841897343507e-02	-7.152557e-07	2.380494e-07
1.331841897343507e-02	-9.536743e-07	-6.902429e-07
1.332841897343507e-02	-7.152557e-07	2.368870e-07
1.333841897343507e-02	-9.536743e-07	-6.913872e-07
1.334841897343507e-02	-7.152557e-07	2.357639e-07
1.335841897343507e-02	-7.152557e-07	-6.924928e-07
1.336841897343507e-02	-7.152557e-07	2.346789e-07
1.337841897343507e-02	-9.536743e-07	-6.935610e-07
1.338841897343507e-02	-7.152557e-07	2.336307e-07
1.339841897343507e-02	-7.152557e-07	-6.945930e-07
1.340841897343507e-02	-7.152557e-07	2.326181e-07
1.341841897343507e-02	-9.536743e-07	-6.955900e-07
1.342841897343507e-02	-7.152557e-07	2.316398e-07
1.343841897343507e-02	-7.152557e-07	-6.965532e-07
1.344841897343507e-02	-7.152557e-07	2.306948e-07
1.345841897343507e-02	-7.152557e-07	-6.974838e-07
1.346841897343507e-02	-7.152557e-07	2.297818e-07
1.347841897343507e-02	-7.152557e-07	-6.983828e-07
1.348841897343507e-02	-7.152557e-07	2.288999e-07
1.349841897343507e-02	-9.536743e-07	-6.992514e-07
1.350841897343507e-02	-7.152557e-07	2.280480e-07
1.351841897343507e-02	-7.152557e-07	-7.000904e-07
1.352841897343507e-02	-7.152557e-07	2.272250e-07
1.353841897343507e-02	-9.536743e-07	-7.009010e-07
1.354841897343507e-02	-7.152557e-07	2.264300e-07
1.355841897343507e-02	-4.768372e-07	-7.016840e-07
1.356841897343507e-02	-7.152557e-07	2.256621e-07
1.357841897343507e-02	-4.768372e-07	-7.024404e-07
1.358841897343507e-02	-7.152557e-07	2.249204e-07
1.359841897343507e-02	-7.152557e-07	-7.031711e-07
1.360841897343507e-02	-4.768372e-07	2.242038e-07
1.361841897343507e-02	-7.152557e-07	-7.038770e-07
1.362841897343507e-02	-7.152557e-07	2.235117e-07
1.363841897343507e-02	-7.152557e-07	-7.045589e-07
1.364841897343507e-02	-7.152557e-07	2.228432e-07
1.365841897343507e-02	-4.768372e-07	-7.052177e-07
1.366841897343507e-02	-4.768372e-07	2.221975e-07
1.367841897343507e-02	-4.768372e-07	-7.058540e-07
1.368841897343507e-02	-4.768372e-07	2.215737e-07
1.369841897343507e-02	-7.152557e-07	-7.064687e-07
1.370841897343507e-02	-4.768372e-07	2.209713e-07
1.371841897343507e-02	-7.152557e-07	-7.070625e-07
1.372841897343507e-02	-4.768372e-07	2.203894e-07
1.373841897343507e-02	-4.768372e-07	-7.076361e-07
1.374841897343507e-02	-4.768372e-07	2.198273e-07
1.375841897343507e-02	-4.768372e-07	-7.081902e-07
1.376841897343507e-02	-4.768372e-07	2.192844e-07
1.377841897343507e-02	-4.768372e-07	-7.087254e-07
1.378841897343507e-02	-4.768372e-07	2.187601e-07
1.379841897343507e-02	-4.768372e-07	-7.092424e-07
1.380841897343507e-02	-4.768372e-07	2.182537e-07
1.381841897343507e-02	-7.152557e-07	-7.097418e-07
1.382841897343507e-02	-4.768372e-07	2.177645e-07
1.383841897343507e-02	-4.768372e-07	-7.102242e-07
1.384841897343507e-02	-4.768372e-07	2.172921e-07
1.385841897343507e-02	-4.768372e-07	-7.106901e-07
1.386841897343507e-02	-4.768372e-07	2.168358e-07
1.387841897343507e-02	-4.768372e-07	-7.111403e-07
1.388841897343507e-02	-4.768372e-07	2.163951e-07
1.389841897343507e-02	-4.768372e-07	-7.115751e-07
1.390841897343507e-02	-4.768372e-07	2.159694e-07
1.391841897343507e-02	-4.768372e-07	-7.119950e-07
1.392841897343507e-02	-4.768372e-07	2.155583e-07
1.393841897343507e-02	-4.768372e-07	-7.124007e-07
1.394841897343507e-02	-4.768372e-07	2.151613e-07
1.395841897343507e-02	-7.152557e-07	-7.127926e-07
1.396841897343507e-02	-4.768372e-07	2.147778e-07
1.397841897343507e-02	-4.768372e-07	-7.131711e-07
1.398841897343507e-02	-4.768372e-07	2.144075e-07
1.399841897343507e-02	-4.768372e-07	-7.135367e-07
1.400841897343507e-02	-4.768372e-07	2.140498e-07
1.401841897343507e-02	-4.768372e-07	-7.138899e-07
1.402841897343507e-02	-4.768372e-07	2.137044e-07
1.403841897343507e-02	-4.768372e-07	-7.142310e-07
1.404841897343507e-02	-4.768372e-07	2.133707e-07
1.405841897343507e-02	-4.768372e-07	-7.145605e-07
1.406841897343507e-02	-4.768372e-07	2.130485e-07
1.407841897343507e-02	-4.768372e-07	-7.148789e-07
1.408841897343507e-02	-4.768372e-07	2.127374e-07
1.409841897343507e-02	-4.768372e-07	-7.151863e-07
1.410841897343507e-02	-4.768372e-07	2.124368e-07
1.411841897343507e-02	-4.768372e-07	-7.154833e-07
1.412841897343507e-02	-4.768372e-07	2.121466e-07
1.413841897343507e-02	-4.768372e-07	-7.157702e-07
1.414841897343507e-02	-4.768372e-07	2.118663e-07
1.415841897343507e-02	-2.384186e-07	-7.160473e-07
1.416841897343507e-02	-2.384186e-07	2.115956e-07
1.417841897343507e-02	-2.384186e-07	-7.163150e-07
1.418841897343507e-02	-4.768372e-07	2.113342e-07
1.419841897343507e-02	-4.768372e-07	-7.165735e-07
1.420841897343507e-02	-2.384186e-07	2.110818e-07
1.421841897343507e-02	-4.768372e-07	-7.168233e-07
1.422841897343507e-02	-2.384186e-07	2.108379e-07
1.423841897343507e-02	-4.768372e-07	-7.170646e-07
1.424841897343507e-02	-2.384186e-07	2.106025e-07
1.425841897343507e-02	-4.768372e-07	-7.172976e-07
1.426841897343507e-02	-2.384186e-07	2.103751e-07
1.427841897343507e-02	-2.384186e-07	-7.175227e-07
1.428841897343507e-02	-4.768372e-07	2.101555e-07
1.429841897343507e-02	-2.384186e-07	-7.177401e-07
1.430841897343507e-02	-4.768372e-07	2.099435e-07
1.431841897343507e-02	-4.768372e-07	-7.179502e-07
1.432841897343507e-02	-2.384186e-07	2.097387e-07
1.433841897343507e-02	-4.768372e-07	-7.181530e-07
1.434841897343507e-02	-2.384186e-07	2.095409e-07
1.435841897343507e-02	-2.384186e-07	-7.183490e-07
1.436841897343507e-02	-4.768372e-07	2.093499e-07
1.437841897343507e-02	-2.384186e-07	-7.185384e-07
1.438841897343507e-02	-4.768372e-07	2.091655e-07
1.439841897343507e-02	-2.384186e-07	-7.187213e-07
1.440841897343507e-02	-2.384186e-07	2.089874e-07
1.441841897343507e-02	-2.384186e-07	-7.188979e-07
1.442841897343507e-02	-2.384186e-07	2.088154e-07
1.443841897343507e-02	-4.768372e-07	-7.190686e-07
1.444841897343507e-02	-4.768372e-07	2.086493e-07
1.445841897343507e-02	-4.768372e-07	-7.192335e-07
1.446841897343507e-02	-2.384186e-07	2.084889e-07
1.447841897343507e-02	-2.384186e-07	-7.193927e-07
1.448841897343507e-02	-4.768372e-07	2.083340e-07
1.449841897343507e-02	-2.384186e-07	-7.195466e-07
1.450841897343507e-02	-4.768372e-07	2.081844e-07
1.451841897343507e-02	-4.768372e-07	-7.196952e-07
1.452841897343507e-02	-2.384186e-07	2.080400e-07
1.453841897343507e-02	-4.768372e-07	-7.198387e-07
1.454841897343507e-02	-2.384186e-07	2.079005e-07
1.455841897343507e-02	-2.384186e-07	-7.199774e-07
1.456841897343507e-02	-2.384186e-07	2.077658e-07
1.457841897343507e-02	-2.384186e-07	-7.201114e-07
1.458841897343507e-02	-4.768372e-07	2.076358e-07
1.459841897343507e-02	-2.384186e-07	-7.202409e-07
1.460841897343507e-02	-4.768372e-07	2.075102e-07
1.461841897343507e-02	-2.384186e-07	-7.203659e-07
1.462841897343507e-02	-4.768372e-07	2.073889e-07
1.463841897343507e-02	-2.384186e-07	-7.204868e-07
1.464841897343507e-02	-4.768372e-07	2.072718e-07
1.465841897343507e-02	-2.384186e-07	-7.206035e-07
1.466841897343507e-02	-4.768372e-07	2.071587e-07
1.467841897343507e-02	-2.384186e-07	-7.207162e-07
1.468841897343507e-02	-4.768372e-07	2.070495e-07
1.469841897343507e-02	-2.384186e-07	-7.208251e-07
1.470841897343507e-02	-2.384186e-07	2.069441e-07
1.471841897343507e-02	-2.384186e-07	-7.209304e-07
1.472841897343507e-02	-2.384186e-07	2.068423e-07
1.473841897343507e-02	-2.384186e-07	-7.210321e-07
1.474841897343507e-02	-2.384186e-07	2.067439e-07
1.475841897343507e-02	-2.384186e-07	-7.211303e-07
1.476841897343507e-02	-2.384186e-07	2.066490e-07
1.477841897343507e-02	-2.384186e-07	-7.212251e-07
1.478841897343507e-02	-4.768372e-07	2.065573e-07
1.479841897343507e-02	-4.768372e-07	-7.213168e-07
1.480841897343507e-02	-2.384186e-07	2.064688e-07
1.481841897343507e-02	-2.384186e-07	-7.214055e-07
1.482841897343507e-02	-2.384186e-07	2.063834e-07
1.483841897343507e-02	-4.768372e-07	-7.214911e-07
1.484841897343507e-02	-2.384186e-07	2.063009e-07
1.485841897343507e-02	-2.384186e-07	-7.215738e-07
1.486841897343507e-02	-2.384186e-07	2.062212e-07
1.487841897343507e-02	-2.384186e-07	-7.216537e-07
1.488841897343507e-02	-2.384186e-07	2.061443e-07
1.489841897343507e-02	-2.384186e-07	-7.217309e-07
1.490841897343507e-02	-2.384186e-07	2.060700e-07
1.491841897343507e-02	-2.384186e-07	-7.218055e-07
1.492841897343507e-02	-2.384186e-07	2.059982e-07
1.493841897343507e-02	-2.384186e-07	-7.218776e-07
1.494841897343507e-02	-2.384186e-07	2.059290e-07
1.495841897343507e-02	-2.384186e-07	-7.219472e-07
1.496841897343507e-02	-2.384186e-07	2.058621e-07
1.497841897343507e-02	-2.384186e-07	-7.220145e-07
1.498841897343507e-02	-2.384186e-07	2.057976e-07
1.499841897343507e-02	-4.768372e-07	-7.220796e-07
1.500841897343507e-02	-2.384186e-07	2.057352e-07
1.501841897343507e-02	-4.768372e-07	-7.221425e-07
1.502841897343507e-02	-2.384186e-07	2.056751e-07
1.503841897343507e-02	-2.384186e-07	-7.222032e-07
1.504841897343507e-02	-2.384186e-07	2.056170e-07
1.505841897343507e-02	-2.384186e-07	-7.222619e-07
1.506841897343507e-02	-2.384186e-07	2.055609e-07
1.507841897343507e-02	-2.384186e-07	-7.223186e-07
1.508841897343507e-02	-2.384186e-07	2.055067e-07
1.509841897343507e-02	-2.384186e-07	-7.223734e-07
1.510841897343507e-02	-2.384186e-07	2.054545e-07
1.511841897343507e-02	-4.768372e-07	-7.224264e-07
1.512841897343507e-02	-2.384186e-07	2.054040e-07
1.513841897343507e-02	-2.384186e-07	-7.224776e-07
1.514841897343507e-02	-4.768372e-07	2.053552e-07
1.515841897343507e-02	-2.384186e-07	-7.225271e-07
1.516841897343507e-02	-2.384186e-07	2.053082e-07
1.517841897343507e-02	-2.384186e-07	-7.225750e-07
1.518841897343507e-02	-2.384186e-07	2.052628e-07
1.519841897343507e-02	-4.768372e-07	-7.226212e-07
1.520841897343507e-02	-2.384186e-07	2.052190e-07
1.521841897343507e-02	-2.384186e-07	-7.226658e-07
1.522841897343507e-02	-2.384186e-07	2.051766e-07
1.523841897343507e-02	-2.384186e-07	-7.227090e-07
1.524841897343507e-02	-2.384186e-07	2.051358e-07
1.525841897343507e-02	-2.384186e-07	-7.227508e-07
1.526841897343507e-02	-2.384186e-07	2.050963e-07
1.527841897343507e-02	-2.384186e-07	-7.227911e-07
1.528841897343507e-02	-2.384186e-07	2.050583e-07
1.529841897343507e-02	-2.384186e-07	-7.228301e-07
1.530841897343507e-02	-2.384186e-07	2.050215e-07
1.531841897343507e-02	-2.384186e-07	-7.228678e-07
1.532841897343507e-02	-2.384186e-07	2.049861e-07
1.533841897343507e-02	-2.384186e-07	-7.229042e-07
1.534841897343507e-02	-2.384186e-07	2.049518e-07
1.535841897343507e-02	-2.384186e-07	-7.229395e-07
1.536841897343507e-02	-2.384186e-07	2.049188e-07
1.537841897343507e-02	-2.384186e-07	-7.229735e-07
1.538841897343507e-02	-2.384186e-07	2.048869e-07
1.539841897343507e-02	-2.384186e-07	-7.230065e-07
1.540841897343507e-02	-2.384186e-07	2.048561e-07
1.541841897343507e-02	-2.384186e-07	-7.230383e-07
1.542841897343507e-02	-2.384186e-07	2.048264e-07
1.543841897343507e-02	-2.384186e-07	-7.230691e-07
1.544841897343507e-02	-2.384186e-07	2.047977e-07
1.545841897343507e-02	-4.768372e-07	-7.230989e-07
1.546841897343507e-02	-2.384186e-07	2.047700e-07
1.547841897343507e-02	-2.384186e-07	-7.231276e-07
1.548841897343507e-02	-2.384186e-07	2.047433e-07
1.549841897343507e-02	-2.384186e-07	-7.231555e-07
1.550841897343507e-02	-2.384186e-07	2.047175e-07
1.551841897343507e-02	-2.384186e-07	-7.231824e-07
1.552841897343507e-02	-2.384186e-07	2.046927e-07
1.553841897343507e-02	-2.384186e-07	-7.232084e-07
1.554841897343507e-02	-2.384186e-07	2.046687e-07
1.555841897343507e-02	-2.384186e-07	-7.232336e-07
1.556841897343507e-02	-2.384186e-07	2.046455e-07
1.557841897343507e-02	-2.384186e-07	-7.232579e-07
1.558841897343507e-02	-2.384186e-07	2.046231e-07
1.559841897343507e-02	-2.384186e-07	-7.232815e-07
1.560841897343507e-02	-2.384186e-07	2.046016e-07
1.561841897343507e-02	-2.384186e-07	-7.233043e-07
1.562841897343507e-02	-2.384186e-07	2.045808e-07
1.563841897343507e-02	-2.384186e-07	-7.233263e-07
1.564841897343507e-02	-2.384186e-07	2.045607e-07
1.565841897343507e-02	-2.384186e-07	-7.233476e-07
1.566841897343507e-02	-2.384186e-07	2.045413e-07
1.567841897343507e-02	-2.384186e-07	-7.233681e-07
1.568841897343507e-02	-2.384186e-07	2.045226e-07
1.569841897343507e-02	-2.384186e-07	-7.233881e-07
1.570841897343507e-02	-2.384186e-07	2.045046e-07
1.571841897343507e-02	-2.384186e-07	-7.234074e-07
1.572841897343507e-02	-2.384186e-07	2.044872e-07
1.573841897343507e-02	-2.384186e-07	-7.234261e-07
1.574841897343507e-02	-2.384186e-07	2.044705e-07
1.575841897343507e-02	-2.384186e-07	-7.234441e-07
1.576841897343507e-02	-2.384186e-07	2.044543e-07
1.577841897343507e-02	-2.384186e-07	-7.234615e-07
1.578841897343507e-02	-2.384186e-07	2.044387e-07
1.579841897343507e-02	-2.384186e-07	-7.234785e-07
1.580841897343507e-02	-2.384186e-07	2.044236e-07
1.581841897343507e-02	-2.384186e-07	-7.234948e-07
1.582841897343507e-02	-2.384186e-07	2.044091e-07
1.583841897343507e-02	-2.384186e-07	-7.235107e-07
1.584841897343507e-02	-2.384186e-07	2.043951e-07
1.585841897343507e-02	-4.768372e-07	-7.235259e-07
1.586841897343507e-02	-4.768372e-07	2.043816e-07
1.587841897343507e-02	-4.768372e-07	-7.235408e-07
1.588841897343507e-02	-2.384186e-07	2.043686e-07
1.589841897343507e-02	-2.384186e-07	-7.235552e-07
1.590841897343507e-02	-2.384186e-07	2.043561e-07
1.591841897343507e-02	-2.384186e-07	-7.235690e-07
1.592841897343507e-02	-4.768372e-07	2.043440e-07
1.593841897343507e-02	-2.384186e-07	-7.235824e-07
1.594841897343507e-02	-2.384186e-07	2.043323e-07
1.595841897343507e-02	-2.384186e-07	-7.235955e-07
1.596841897343507e-02	-2.384186e-07	2.043211e-07
1.597841897343507e-02	-2.384186e-07	-7.236081e-07
1.598841897343507e-02	-2.384186e-07	2.043103e-07
1.599841897343507e-02	-2.384186e-07	-7.236203e-07
1.600841897343507e-02	-2.384186e-07	2.042998e-07
1.601841897343507e-02	-2.384186e-07	-7.236321e-07
1.602841897343507e-02	-4.768372e-07	2.042897e-07
1.603841897343507e-02	-2.384186e-07	-7.236436e-07
1.604841897343507e-02	-2.384186e-07	2.042801e-07
1.605841897343507e-02	-2.384186e-07	-7.236546e-07
1.606841897343507e-02	-2.384186e-07	2.042707e-07
1.607841897343507e-02	-2.384186e-07	-7.236654e-07
1.608841897343507e-02	-2.384186e-07	2.042617e-07
1.609841897343507e-02	-2.384186e-07	-7.236758e-07
1.610841897343507e-02	-2.384186e-07	2.042530e-07
1.611841897343507e-02	-2.384186e-07	-7.236858e-07
1.612841897343507e-02	-2.384186e-07	2.042447e-07
1.613841897343507e-02	-2.384186e-07	-7.236956e-07
1.614841897343507e-02	-2.384186e-07	2.042367e-07
1.615841897343507e-02	-4.768372e-07	-7.237051e-07
1.616841897343507e-02	-2.384186e-07	2.042289e-07
1.617841897343507e-02	-2.384186e-07	-7.237143e-07
1.618841897343507e-02	-2.384186e-07	2.042214e-07
1.619841897343507e-02	-2.384186e-07	-7.237231e-07
1.620841897343507e-02	-2.384186e-07	2.042143e-07
1.621841897343507e-02	-2.384186e-07	-7.237317e-07
1.622841897343507e-02	-2.384186e-07	2.042074e-07
1.623841897343507e-02	-4.768372e-07	-7.237401e-07
1.624841897343507e-02	-2.384186e-07	2.042007e-07
1.625841897343507e-02	-2.384186e-07	-7.237481e-07
1.626841897343507e-02	-2.384186e-07	2.041943e-07
1.627841897343507e-02	-2.384186e-07	-7.237560e-07
1.628841897343507e-02	-2.384186e-07	2.041881e-07
1.629841897343507e-02	-2.384186e-07	-7.237636e-07
1.630841897343507e-02	-2.384186e-07	2.041822e-07
1.631841897343507e-02	-2.384186e-07	-7.237710e-07
1.632841897343507e-02	-2.384186e-07	2.041765e-07
1.633841897343507e-02	-2.384186e-07	-7.237781e-07
1.634841897343507e-02	-2.384186e-07	2.041710e-07
1.635841897343507e-02	-2.384186e-07	-7.237850e-07
1.636841897343507e-02	-2.384186e-07	2.041657e-07
1.637841897343507e-02	-2.384186e-07	-7.237918e-07
1.638841897343507e-02	-2.384186e-07	2.041607e-07
1.639841897343507e-02	-2.384186e-07	-7.237983e-07
1.640841897343507e-02	-2.384186e-07	2.041558e-07
1.641841897343507e-02	-2.384186e-07	-7.238046e-07
1.642841897343507e-02	-2.384186e-07	2.041511e-07
1.643841897343507e-02	-2.384186e-07	-7.238108e-07
1.644841897343507e-02	-2.384186e-07	2.041466e-07
1.645841897343507e-02	-2.384186e-07	-7.238168e-07
1.646841897343507e-02	-2.384186e-07	2.041423e-07
1.647841897343507e-02	-2.384186e-07	-7.238226e-07
1.648841897343507e-02	-2.384186e-07	2.041381e-07
1.649841897343507e-02	-2.384186e-07	-7.238282e-07
1.650841897343507e-02	-2.384186e-07	2.041341e-07
1.651841897343507e-02	-4.768372e-07	-7.238336e-07
1.652841897343507e-02	-2.384186e-07	2.041303e-07
1.653841897343507e-02	-2.384186e-07	-7.238389e-07
1.654841897343507e-02	-2.384186e-07	2.041266e-07
1.655841897343507e-02	-2.384186e-07	-7.238441e-07
1.656841897343507e-02	-2.384186e-07	2.041231e-07
1.657841897343507e-02	-2.384186e-07	-7.238491e-07
1.658841897343507e-02	-2.384186e-07	2.041197e-07
1.659841897343507e-02	-2.384186e-07	-7.238539e-07
1.660841897343507e-02	-2.384186e-07	2.041165e-07
1.661841897343507e-02	-2.384186e-07	-7.238586e-07
1.662841897343507e-02	-2.384186e-07	2.041134e-07
1.663841897343507e-02	-2.384186e-07	-7.238633e-07
1.664841897343507e-02	-4.768372e-07	2.041104e-07
1.665841897343507e-02	-2.384186e-07	-7.238677e-07
1.666841897343507e-02	-2.384186e-07	2.041075e-07
1.667841897343507e-02	-2.384186e-07	-7.238721e-07
1.668841897343507e-02	-2.384186e-07	2.041048e-07
1.669841897343507e-02	-2.384186e-07	-7.238763e-07
1.670841897343507e-02	-2.384186e-07	2.041022e-07
1.671841897343507e-02	-2.384186e-07	-7.238804e-07
1.672841897343507e-02	-2.384186e-07	2.040997e-07
1.673841897343507e-02	-2.384186e-07	-7.238843e-07
1.674841897343507e-02	-2.384186e-07	2.040973e-07
1.675841897343507e-02	-2.384186e-07	-7.238882e-07
1.676841897343507e-02	-2.384186e-07	2.040950e-07
1.677841897343507e-02	-2.384186e-07	-7.238920e-07
1.678841897343507e-02	-2.384186e-07	2.040928e-07
1.679841897343507e-02	-2.384186e-07	-7.238957e-07
1.680841897343507e-02	-2.384186e-07	2.040907e-07
1.681841897343507e-02	-2.384186e-07	-7.238992e-07
1.682841897343507e-02	-2.384186e-07	2.040887e-07
1.683841897343507e-02	-2.384186e-07	-7.239027e-07
1.684841897343507e-02	-2.384186e-07	2.040868e-07
1.685841897343507e-02	-2.384186e-07	-7.239061e-07
1.686841897343507e-02	-2.384186e-07	2.040850e-07
1.687841897343507e-02	-2.384186e-07	-7.239094e-07
1.688841897343507e-02	-2.384186e-07	2.040833e-07
1.689841897343507e-02	-4.768372e-07	-7.239126e-07
1.690841897343507e-02	-2.384186e-07	2.040816e-07
1.691841897343507e-02	-2.384186e-07	-7.239158e-07
1.692841897343507e-02	-2.384186e-07	2.040801e-07
1.693841897343507e-02	-2.384186e-07	-7.239188e-07
1.694841897343507e-02	-2.384186e-07	2.040786e-07
1.695841897343507e-02	-4.768372e-07	-7.239218e-07
1.696841897343507e-02	-2.384186e-07	2.040772e-07
1.697841897343507e-02	-2.384186e-07	-7.239247e-07
1.698841897343507e-02	-2.384186e-07	2.040758e-07
1.699841897343507e-02	-2.384186e-07	-7.239275e-07
1.700841897343507e-02	-2.384186e-07	2.040746e-07
1.701841897343507e-02	-2.384186e-07	-7.239303e-07
1.702841897343507e-02	-2.384186e-07	2.040734e-07
1.703841897343507e-02	-2.384186e-07	-7.239330e-07
1.704841897343507e-02	-2.384186e-07	2.040723e-07
1.705841897343507e-02	-2.384186e-07	-7.239356e-07
1.706841897343507e-02	-2.384186e-07	2.040712e-07
1.707841897343507e-02	-4.768372e-07	-7.239382e-07
1.708841897343507e-02	-2.384186e-07	2.040702e-07
1.709841897343507e-02	-2.384186e-07	-7.239407e-07
1.710841897343507e-02	-2.384186e-07	2.040692e-07
1.711841897343507e-02	-2.384186e-07	-7.239432e-07
1.712841897343507e-02	-2.384186e-07	2.040683e-07
1.713841897343507e-02	-2.384186e-07	-7.239456e-07
1.714841897343507e-02	-2.384186e-07	2.040675e-07
1.715841897343507e-02	-2.384186e-07	-7.239479e-07
1.716841897343507e-02	-2.384186e-07	2.040667e-07
1.717841897343507e-02	-2.384186e-07	-7.239502e-07
1.718841897343507e-02	-4.768372e-07	2.040660e-07
1.719841897343507e-02	-2.384186e-07	-7.239524e-07
1.720841897343507e-02	-2.384186e-07	2.040653e-07
1.721841897343507e-02	-2.384186e-07	-7.239546e-07
1.722841897343507e-02	-2.384186e-07	2.040646e-07
1.723841897343507e-02	-2.384186e-07	-7.239568e-07
1.724841897343507e-02	-2.384186e-07	2.040640e-07
1.725841897343507e-02	-4.768372e-07	-7.239588e-07
1.726841897343507e-02	-2.384186e-07	2.040635e-07
1.727841897343507e-02	-2.384186e-07	-7.239609e-07
1.728841897343507e-02	-2.384186e-07	2.040630e-07
1.729841897343507e-02	-2.384186e-07	-7.239629e-07
1.730841897343507e-02	-2.384186e-07	2.040625e-07
1.731841897343507e-02	-2.384186e-07	-7.239648e-07
1.732841897343507e-02	-2.384186e-07	2.040621e-07
1.733841897343507e-02	-4.768372e-07	-7.239668e-07
1.734841897343507e-02	-2.384186e-07	2.040617e-07
1.735841897343507e-02	-2.384186e-07	-7.239686e-07
1.736841897343507e-02	-2.384186e-07	2.040614e-07
1.737841897343507e-02	-2.384186e-07	-7.239705e-07
1.738841897343507e-02	-2.384186e-07	2.040611e-07
1.739841897343507e-02	-2.384186e-07	-7.239723e-07
1.740841897343507e-02	-2.384186e-07	2.040608e-07
1.741841897343507e-02	-2.384186e-07	-7.239741e-07
1.742841897343507e-02	-2.384186e-07	2.040605e-07
1.743841897343507e-02	-2.384186e-07	-7.239758e-07
1.744841897343507e-02	-2.384186e-07	2.040603e-07
1.745841897343507e-02	-2.384186e-07	-7.239775e-07
1.746841897343507e-02	-2.384186e-07	2.040601e-07
1.747841897343507e-02	-2.384186e-07	-7.239792e-07
1.748841897343507e-02	-2.384186e-07	2.040600e-07
1.749841897343507e-02	-2.384186e-07	-7.239808e-07
1.750841897343507e-02	-2.384186e-07	2.040599e-07
1.751841897343507e-02	-4.768372e-07	-7.239825e-07
1.752841897343507e-02	-2.384186e-07	2.040598e-07
1.753841897343507e-02	-2.384186e-07	-7.239840e-07
1.754841897343507e-02	-2.384186e-07	2.040597e-07
1.755841897343507e-02	-2.384186e-07	-7.239856e-07
1.756841897343507e-02	-2.384186e-07	2.040597e-07
1.757841897343507e-02	-2.384186e-07	-7.239871e-07
1.758841897343507e-02	-2.384186e-07	2.040597e-07
1.759841897343507e-02	-2.384186e-07	-7.239886e-07
1.760841897343507e-02	-2.384186e-07	2.040597e-07
1.761841897343507e-02	-4.768372e-07	-7.239901e-07
1.762841897343507e-02	-2.384186e-07	2.040597e-07
1.763841897343507e-02	-2.384186e-07	-7.239915e-07
1.764841897343507e-02	-2.384186e-07	2.040598e-07
1.765841897343507e-02	-2.384186e-07	-7.239930e-07
1.766841897343507e-02	-2.384186e-07	2.040599e-07
1.767841897343507e-02	-2.384186e-07	-7.239944e-07
1.768841897343507e-02	-2.384186e-07	2.040600e-07
1.769841897343507e-02	-2.384186e-07	-7.239958e-07
1.770841897343507e-02	-2.384186e-07	2.040601e-07
1.771841897343507e-02	-2.384186e-07	-7.239971e-07
1.772841897343507e-02	-2.384186e-07	2.040603e-07
1.773841897343507e-02	-4.768372e-07	-7.239985e-07
1.774841897343507e-02	-2.384186e-07	2.040604e-07
1.775841897343507e-02	-2.384186e-07	-7.239998e-07
1.776841897343507e-02	-2.384186e-07	2.040606e-07
1.777841897343507e-02	-2.384186e-07	-7.240011e-07
1.778841897343507e-02	-2.384186e-07	2.040608e-07
1.779841897343507e-02	-2.384186e-07	-7.240024e-07
1.780841897343507e-02	-2.384186e-07	2.040611e-07
1.781841897343507e-02	-2.384186e-07	-7.240037e-07
1.782841897343507e-02	-2.384186e-07	2.040613e-07
1.783841897343507e-02	-2.384186e-07	-7.240049e-07
1.784841897343507e-02	-2.384186e-07	2.040615e-07
1.785841897343507e-02	-2.384186e-07	-7.240062e-07
1.786841897343507e-02	-2.384186e-07	2.040618e-07
1.787841897343507e-02	-2.384186e-07	-7.240074e-07
1.788841897343507e-02	-2.384186e-07	2.040621e-07
1.789841897343507e-02	-2.384186e-07	-7.240085e-07
1.790841897343507e-02	-2.384186e-07	2.040624e-07
1.791841897343507e-02	-2.384186e-07	-7.240097e-07
1.792841897343507e-02	-2.384186e-07	2.040627e-07
1.793841897343507e-02	-2.384186e-07	-7.240109e-07
1.794841897343507e-02	-2.384186e-07	2.040631e-07
1.795841897343507e-02	-2.384186e-07	-7.240121e-07
1.796841897343507e-02	-2.384186e-07	2.040634e-07
1.797841897343507e-02	-4.768372e-07	-7.240132e-07
1.798841897343507e-02	-2.384186e-07	2.040638e-07
1.799841897343507e-02	-2.384186e-07	-7.240143e-07
1.800841897343507e-02	-2.384186e-07	2.040641e-07
1.801841897343507e-02	-2.384186e-07	-7.240155e-07
1.802841897343507e-02	-4.768372e-07	2.040645e-07
1.803841897343507e-02	-2.384186e-07	-7.240166e-07
1.804841897343507e-02	-2.384186e-07	2.040649e-07
1.805841897343507e-02	-2.384186e-07	-7.240177e-07
1.806841897343507e-02	-2.384186e-07	2.040653e-07
1.807841897343507e-02	-2.384186e-07	-7.240188e-07
1.808841897343507e-02	-2.384186e-07	2.040657e-07
1.809841897343507e-02	-2.384186e-07	-7.240198e-07
1.810841897343507e-02	-2.384186e-07	2.040662e-07
1.811841897343507e-02	-2.384186e-07	-7.240209e-07
1.812841897343507e-02	-2.384186e-07	2.040666e-07
1.813841897343507e-02	-2.384186e-07	-7.240219e-07
1.814841897343507e-02	-4.768372e-07	2.040670e-07
1.815841897343507e-02	-2.384186e-07	-7.240230e-07
1.816841897343507e-02	-2.384186e-07	2.040675e-07
1.817841897343507e-02	-2.384186e-07	-7.240240e-07
1.818841897343507e-02	-2.384186e-07	2.040680e-07
1.819841897343507e-02	-2.384186e-07	-7.240250e-07
1.820841897343507e-02	-2.384186e-07	2.040684e-07
1.821841897343507e-02	-4.768372e-07	-7.240260e-07
1.822841897343507e-02	-2.384186e-07	2.040689e-07
1.823841897343507e-02	-2.384186e-07	-7.240270e-07
1.824841897343507e-02	-2.384186e-07	2.040694e-07
1.825841897343507e-02	-2.384186e-07	-7.240280e-07
1.826841897343507e-02	-2.384186e-07	2.040699e-07
1.827841897343507e-02	-2.384186e-07	-7.240290e-07
1.828841897343507e-02	-2.384186e-07	2.040704e-07
1.829841897343507e-02	-4.768372e-07	-7.240300e-07
1.830841897343507e-02	-2.384186e-07	2.040709e-07
1.831841897343507e-02	-2.384186e-07	-7.240309e-07
1.832841897343507e-02	-2.384186e-07	2.040714e-07
1.833841897343507e-02	-2.384186e-07	-7.240319e-07
1.834841897343507e-02	-2.384186e-07	2.040720e-07
1.835841897343507e-02	-2.384186e-07	-7.240328e-07
1.836841897343507e-02	-2.384186e-07	2.040725e-07
1.837841897343507e-02	-4.768372e-07	-7.240338e-07
1.838841897343507e-02	-2.384186e-07	2.040730e-07
1.839841897343507e-02	-2.384186e-07	-7.240347e-07
1.840841897343507e-02	-2.384186e-07	2.040736e-07
1.841841897343507e-02	-2.384186e-07	-7.240357e-07
1.842841897343507e-02	-2.384186e-07	2.040741e-07
1.843841897343507e-02	-2.384186e-07	-7.240366e-07
1.844841897343507e-02	-2.384186e-07	2.040747e-07
1.845841897343507e-02	-2.384186e-07	-7.240375e-07
1.846841897343507e-02	-2.384186e-07	2.040752e-07
1.847841897343507e-02	-2.384186e-07	-7.240384e-07
1.848841897343507e-02	-4.768372e-07	2.040758e-07
1.849841897343507e-02	-4.768372e-07	-7.240393e-07
1.850841897343507e-02	-2.384186e-07	2.040764e-07
1.851841897343507e-02	-2.384186e-07	-7.240402e-07
1.852841897343507e-02	-2.384186e-07	2.040770e-07
1.853841897343507e-02	-2.384186e-07	-7.240411e-07
1.854841897343507e-02	-2.384186e-07	2.040776e-07
1.855841897343507e-02	-2.384186e-07	-7.240420e-07
1.856841897343507e-02	-2.384186e-07	2.040781e-07
1.857841897343507e-02	-2.384186e-07	-7.240429e-07
1.858841897343507e-02	-2.384186e-07	2.040787e-07
1.859841897343507e-02	-2.384186e-07	-7.240437e-07
1.860841897343507e-02	-2.384186e-07	2.040793e-07
1.861841897343507e-02	-4.768372e-07	-7.240446e-07
1.862841897343507e-02	-2.384186e-07	2.040799e-07
1.863841897343507e-02	-2.384186e-07	-7.240455e-07
1.864841897343507e-02	-2.384186e-07	2.040805e-07
1.865841897343507e-02	-2.384186e-07	-7.240463e-07
1.866841897343507e-02	-2.384186e-07	2.040811e-07
1.867841897343507e-02	-2.384186e-07	-7.240472e-07
1.868841897343507e-02	-2.384186e-07	2.040818e-07
1.869841897343507e-02	-2.384186e-07	-7.240480e-07
1.870841897343507e-02	-2.384186e-07	2.040824e-07
1.871841897343507e-02	-2.384186e-07	-7.240489e-07
1.872841897343507e-02	-2.384186e-07	2.040830e-07
1.873841897343507e-02	-2.384186e-07	-7.240498e-07
1.874841897343507e-02	-2.384186e-07	2.040836e-07
1.875841897343507e-02	-2.384186e-07	-7.240506e-07
1.876841897343507e-02	-2.384186e-07	2.040842e-07
1.877841897343507e-02	-4.768372e-07	-7.240514e-07
1.878841897343507e-02	-2.384186e-07	2.040849e-07
1.879841897343507e-02	-2.384186e-07	-7.240523e-07
1.880841897343507e-02	-2.384186e-07	2.040855e-07
1.881841897343507e-02	-2.384186e-07	-7.240531e-07
1.882841897343507e-02	-2.384186e-07	2.040861e-07
1.883841897343507e-02	-2.384186e-07	-7.240539e-07
1.884841897343507e-02	-2.384186e-07	2.040868e-07
1.885841897343507e-02	-2.384186e-07	-7.240548e-07
1.886841897343507e-02	-2.384186e-07	2.040874e-07
1.887841897343507e-02	-2.384186e-07	-7.240556e-07
1.888841897343507e-02	-2.384186e-07	2.040881e-07
1.889841897343507e-02	-2.384186e-07	-7.240563e-07
1.890841897343507e-02	-2.384186e-07	2.040887e-07
1.891841897343507e-02	-2.384186e-07	-7.240572e-07
1.892841897343507e-02	-2.384186e-07	2.040893e-07
1.893841897343507e-02	-2.384186e-07	-7.240580e-07
1.894841897343507e-02	-2.384186e-07	2.040900e-07
1.895841897343507e-02	-2.384186e-07	-7.240588e-07
1.896841897343507e-02	-2.384186e-07	2.040907e-07
1.897841897343507e-02	-4.768372e-07	-7.240596e-07
1.898841897343507e-02	-4.768372e-07	2.040913e-07
1.899841897343507e-02	-4.768372e-07	-7.240604e-07
1.900841897343507e-02	-2.384186e-07	2.040920e-07
1.901841897343507e-02	-2.384186e-07	-7.240612e-07
1.902841897343507e-02	-2.384186e-07	2.040926e-07
1.903841897343507e-02	-2.384186e-07	-7.240620e-07
1.904841897343507e-02	-2.384186e-07	2.040933e-07
1.905841897343507e-02	-2.384186e-07	-7.240628e-07
1.906841897343507e-02	-2.384186e-07	2.040940e-07
1.907841897343507e-02	-2.384186e-07	-7.240636e-07
1.908841897343507e-02	-2.384186e-07	2.040946e-07
1.909841897343507e-02	-2.384186e-07	-7.240644e-07
1.910841897343507e-02	-2.384186e-07	2.040953e-07
1.911841897343507e-02	-2.384186e-07	-7.240652e-07
1.912841897343507e-02	-2.384186e-07	2.040959e-07
1.913841897343507e-02	-2.384186e-07	-7.240660e-07
1.914841897343507e-02	-2.384186e-07	2.040966e-07
1.915841897343507e-02	-2.384186e-07	-7.240668e-07
1.916841897343507e-02	-2.384186e-07	2.040973e-07
1.917841897343507e-02	-2.384186e-07	-7.240675e-07
1.918841897343507e-02	-2.384186e-07	2.040980e-07
1.919841897343507e-02	-2.384186e-07	-7.240683e-07
1.920841897343507e-02	-2.384186e-07	2.040986e-07
1.921841897343507e-02	-2.384186e-07	-7.240691e-07
1.922841897343507e-02	-2.384186e-07	2.040993e-07
1.923841897343507e-02	-2.384186e-07	-7.240698e-07
1.924841897343507e-02	-2.384186e-07	2.041000e-07
1.925841897343507e-02	-2.384186e-07	-7.240706e-07
1.926841897343507e-02	-2.384186e-07	2.041007e-07
1.927841897343507e-02	-2.384186e-07	-7.240714e-07
1.928841897343507e-02	-2.384186e-07	2.041013e-07
1.929841897343507e-02	-2.384186e-07	-7.240722e-07
1.930841897343507e-02	-2.384186e-07	2.041020e-07
1.931841897343507e-02	-4.768372e-07	-7.240729e-07
1.932841897343507e-02	-4.768372e-07	2.041027e-07
1.933841897343507e-02	-4.768372e-07	-7.240737e-07
1.934841897343507e-02	-4.768372e-07	2.041034e-07
1.935841897343507e-02	-4.768372e-07	-7.240745e-07
1.936841897343507e-02	-2.384186e-07	2.041041e-07
1.937841897343507e-02	-2.384186e-07	-7.240752e-07
1.938841897343507e-02	-2.384186e-07	2.041048e-07
1.939841897343507e-02	-2.384186e-07	-7.240760e-07
1.940841897343507e-02	-2.384186e-07	2.041054e-07
1.941841897343507e-02	-2.384186e-07	-7.240768e-07
1.942841897343507e-02	-2.384186e-07	2.041061e-07
1.943841897343507e-02	-2.384186e-07	-7.240775e-07
1.944841897343507e-02	-2.384186e-07	2.041068e-07
1.945841897343507e-02	-2.384186e-07	-7.240782e-07
1.946841897343507e-02	-2.384186e-07	2.041075e-07
1.947841897343507e-02	-2.384186e-07	-7.240790e-07
1.948841897343507e-02	-2.384186e-07	2.041082e-07
1.949841897343507e-02	-2.384186e-07	-7.240798e-07
1.950841897343507e-02	-2.384186e-07	2.041089e-07
1.951841897343507e-02	-2.384186e-07	-7.240805e-07
1.952841897343507e-02	-2.384186e-07	2.041096e-07
1.953841897343507e-02	-2.384186e-07	-7.240812e-07
1.954841897343507e-02	-2.384186e-07	2.041102e-07
1.955841897343507e-02	-2.384186e-07	-7.240820e-07
1.956841897343507e-02	-2.384186e-07	2.041109e-07
1.957841897343507e-02	-2.384186e-07	-7.240827e-07
1.958841897343507e-02	-2.384186e-07	2.041116e-07
1.959841897343507e-02	-2.384186e-07	-7.240835e-07
1.960841897343507e-02	-2.384186e-07	2.041123e-07
1.961841897343507e-02	-2.384186e-07	-7.240843e-07
1.962841897343507e-02	-2.384186e-07	2.041130e-07
1.963841897343507e-02	-2.384186e-07	-7.240850e-07
1.964841897343507e-02	-2.384186e-07	2.041137e-07
1.965841897343507e-02	-2.384186e-07	-7.240857e-07
1.966841897343507e-02	-2.384186e-07	2.041144e-07
1.967841897343507e-02	-2.384186e-07	-7.240865e-07
1.968841897343507e-02	-2.384186e-07	2.041151e-07
1.969841897343507e-02	-2.384186e-07	-7.240872e-07
1.970841897343507e-02	-2.384186e-07	2.041158e-07
1.971841897343507e-02	-2.384186e-07	-7.240880e-07
1.972841897343507e-02	-2.384186e-07	2.041165e-07
1.973841897343507e-02	-2.384186e-07	-7.240887e-07
1.974841897343507e-02	-2.384186e-07	2.041172e-07
1.975841897343507e-02	-2.384186e-07	-7.240894e-07
1.976841897343507e-02	-2.384186e-07	2.041179e-07
1.977841897343507e-02	-2.384186e-07	-7.240902e-07
1.978841897343507e-02	-2.384186e-07	2.041186e-07
1.979841897343507e-02	-2.384186e-07	-7.240909e-07
1.980841897343507e-02	-2.384186e-07	2.041193e-07
1.981841897343507e-02	-2.384186e-07	-7.240916e-07
1.982841897343507e-02	-2.384186e-07	2.041200e-07
1.983841897343507e-02	-2.384186e-07	-7.240924e-07
1.984841897343507e-02	-2.384186e-07	2.041207e-07
1.985841897343507e-02	-2.384186e-07	-7.240931e-07
1.986841897343507e-02	-2.384186e-07	2.041213e-07
1.987841897343507e-02	-2.384186e-07	-7.240938e-07
1.988841897343507e-02	-2.384186e-07	2.041220e-07
1.989841897343507e-02	-2.384186e-07	-7.240945e-07
1.990841897343507e-02	-2.384186e-07	2.041227e-07
1.991841897343507e-02	-2.384186e-07	-7.240953e-07
1.992841897343507e-02	-2.384186e-07	2.041234e-07
1.993841897343507e-02	-2.384186e-07	-7.240960e-07
1.994841897343507e-02	-2.384186e-07	2.041241e-07
1.995841897343507e-02	-2.384186e-07	-7.240968e-07
1.996841897343507e-02	-2.384186e-07	2.041248e-07
1.997841897343507e-02	-2.384186e-07	-7.240975e-07
1.998841897343507e-02	-2.384186e-07	2.041255e-07
1.999841897343507e-02	-2.384186e-07	-7.240982e-07
2.000000000000000e-02	-2.384186e-07	2.041281e-07
Step Information: Rtierra=500K  (Step: 3/3)
0.000000000000000e+00	-1.652241e-04	-2.599899e-07
9.999999439624929e-11	-1.673698e-04	-2.594098e-07
1.999999887924986e-10	-1.654625e-04	-2.588650e-07
1.599999910339989e-09	-1.678467e-04	-2.514431e-07
3.199999820679977e-09	-1.747608e-04	-2.433659e-07
6.399999641359955e-09	-2.014637e-04	-2.282538e-07
1.279999928271991e-08	-3.037453e-04	-2.010012e-07
2.559999856543982e-08	-6.856918e-04	-1.534932e-07
5.119999713087964e-08	-3.326893e-03	-7.377393e-08
7.555544534527259e-08	-8.132458e-03	-4.276854e-08
8.852990693309236e-08	-5.959034e-03	-1.147527e-07
9.807092789429044e-08	-2.103806e-03	-2.355059e-07
1.099774010215972e-07	-7.963181e-05	-4.037290e-07
1.227431279467607e-07	7.452965e-04	-5.717466e-07
1.434815857860322e-07	1.734018e-03	-8.203955e-07
1.676093507782773e-07	2.990484e-03	-1.075558e-06
1.954482492301169e-07	6.603718e-03	-1.318440e-06
2.313379022418313e-07	1.053977e-02	-1.520600e-06
2.715569179589326e-07	8.744955e-03	-1.595972e-06
3.186895144440218e-07	1.001596e-03	-1.566404e-06
3.773843827843973e-07	2.150536e-04	-1.525675e-06
4.840161271629415e-07	3.602505e-04	-1.451632e-06
6.972796159200301e-07	4.198551e-04	-1.335648e-06
9.265929219352711e-07	2.877712e-04	-1.245111e-06
1.207357701617463e-06	1.599789e-04	-1.169745e-06
1.504764580593282e-06	8.392334e-05	-1.114203e-06
1.882230230022411e-06	3.695488e-05	-1.066654e-06
2.309924138525594e-06	6.270409e-05	-1.027454e-06
2.875996574523652e-06	1.833439e-04	-9.890049e-07
3.567893034004062e-06	5.660057e-04	-9.496310e-07
4.568383458427338e-06	1.626968e-03	-9.015399e-07
6.027060098396789e-06	4.103184e-03	-8.403712e-07
8.494862462946018e-06	4.997015e-03	-7.594300e-07
1.117705100317972e-05	2.069473e-04	-7.027788e-07
1.366485008636385e-05	-4.124165e-03	-7.224452e-07
1.626065478180923e-05	-7.560134e-03	-1.009908e-06
1.901932131951933e-05	-1.101899e-02	-1.988404e-06
2.159216256405204e-05	-1.384175e-02	-3.465825e-06
2.366466824343649e-05	-1.576781e-02	-4.765089e-06
2.584759038013725e-05	-1.754963e-02	-6.084474e-06
2.814711580063860e-05	-1.936984e-02	-7.364705e-06
3.103255042794543e-05	-2.161896e-02	-8.763578e-06
3.406482756716277e-05	-2.398407e-02	-9.969671e-06
3.790077902544533e-05	-2.690518e-02	-1.109380e-05
4.224072596249731e-05	-3.016782e-02	-1.192194e-05
4.816168799048593e-05	-3.488588e-02	-1.249225e-05
5.255644313029832e-05	-3.864515e-02	-1.230552e-05
5.800066564878478e-05	-4.327381e-02	-1.147777e-05
6.229160605963366e-05	-4.696143e-02	-1.072950e-05
6.980174863878866e-05	-5.325544e-02	-9.540103e-06
7.109526862269147e-05	-5.347311e-02	-9.349626e-06
7.173971274303144e-05	-4.889274e-02	-2.227957e-05
7.202254743046186e-05	-3.997159e-02	-6.786294e-05
7.217898452511581e-05	-3.228164e-02	-8.173523e-05
7.223284086821438e-05	-3.010333e-02	-1.061723e-04
7.229574228061337e-05	-2.860558e-02	-1.609343e-04
7.234718297224511e-05	-2.784276e-02	-2.143867e-04
7.240371416807554e-05	-2.712393e-02	-2.833588e-04
7.247964511939269e-05	-2.607918e-02	-3.864428e-04
7.259027212562825e-05	-2.434754e-02	-5.580099e-04
7.281152613809935e-05	-2.025604e-02	-9.608811e-04
7.315466811453892e-05	-1.278615e-02	-1.707798e-03
7.360322389293506e-05	-1.566052e-03	-2.842586e-03
7.402871455081724e-05	1.023507e-02	-4.037409e-03
7.458375785561943e-05	2.695227e-02	-5.720298e-03
7.536672553882857e-05	5.213630e-02	-8.266069e-03
7.623618351601116e-05	8.163428e-02	-1.125841e-02
7.713094743953017e-05	1.133233e-01	-1.446596e-02
7.860448162481824e-05	1.672292e-01	-1.994286e-02
7.948015221338410e-05	1.999537e-01	-2.327884e-02
8.007253157724274e-05	2.224661e-01	-2.556152e-02
8.067138505915752e-05	2.453754e-01	-2.788611e-02
8.114229315759285e-05	2.635038e-01	-2.972399e-02
8.164625125583254e-05	2.830186e-01	-3.169923e-02
8.212863215438193e-05	3.017820e-01	-3.359897e-02
8.281994621789899e-05	3.287938e-01	-3.633147e-02
8.382600897339365e-05	3.683308e-01	-4.032886e-02
8.526016245129881e-05	4.250171e-01	-4.605435e-02
8.724858671865129e-05	5.040367e-01	-5.402670e-02
9.008522036732525e-05	6.169767e-01	-6.541844e-02
9.127233479469157e-05	6.642660e-01	-7.018267e-02
9.202164895612448e-05	6.941353e-01	-7.318559e-02
9.243761511559924e-05	7.107198e-01	-7.485207e-02
9.275976317306431e-05	7.235571e-01	-7.614063e-02
9.308148468721355e-05	7.363813e-01	-7.742770e-02
9.342632501127482e-05	7.501172e-01	-7.880447e-02
9.376007684674066e-05	7.634140e-01	-8.013619e-02
9.410176438568811e-05	7.770177e-01	-8.149536e-02
9.444453254786344e-05	7.906677e-01	-8.285554e-02
9.479235745846501e-05	8.045102e-01	-8.422741e-02
9.512987481871365e-05	8.179463e-01	-8.554926e-02
9.547211664232252e-05	8.315617e-01	-8.687229e-02
9.581222760796221e-05	8.450898e-01	-8.816520e-02
9.615479149584928e-05	8.586864e-01	-8.943464e-02
9.649891777448679e-05	8.722924e-01	-9.067106e-02
9.684859854064510e-05	8.859855e-01	-9.187816e-02
9.720695305276812e-05	8.997747e-01	-9.306075e-02
9.758358435847249e-05	9.138058e-01	-9.423669e-02
9.799268033146382e-05	9.282558e-01	-9.543332e-02
9.846868697567390e-05	9.436784e-01	-9.671161e-02
9.909415822872328e-05	9.613044e-01	-9.821381e-02
1.002962774371170e-04	9.891450e-01	-1.006489e-01
1.015343624168592e-04	1.012859e+00	-1.027702e-01
1.026681514405013e-04	1.031741e+00	-1.045169e-01
1.037871575845608e-04	1.048658e+00	-1.061298e-01
1.055981511373601e-04	1.074212e+00	-1.085888e-01
1.071043369750415e-04	1.094489e+00	-1.105422e-01
1.085568805810564e-04	1.113296e+00	-1.123703e-01
1.101129937508475e-04	1.132906e+00	-1.142864e-01
1.118742442168603e-04	1.154600e+00	-1.164121e-01
1.140811962167202e-04	1.181262e+00	-1.190299e-01
1.166906083353485e-04	1.212225e+00	-1.220725e-01
1.201128686819633e-04	1.252155e+00	-1.260021e-01
1.247290012878839e-04	1.305135e+00	-1.312196e-01
1.320381618910508e-04	1.387834e+00	-1.393491e-01
1.403505129859032e-04	1.480700e+00	-1.484552e-01
1.503505129859032e-04	1.591106e+00	-1.592735e-01
1.603505129859032e-04	1.700485e+00	-1.699757e-01
1.703505129859032e-04	1.809044e+00	-1.805858e-01
1.803505129859032e-04	1.916937e+00	-1.911142e-01
1.903505129859032e-04	2.024272e+00	-2.015716e-01
2.003505129859032e-04	2.131099e+00	-2.119611e-01
2.103505129859032e-04	2.237480e+00	-2.222890e-01
2.203505129859032e-04	2.343435e+00	-2.325554e-01
2.303505129859032e-04	2.449001e+00	-2.427647e-01
2.403505129859032e-04	2.554190e+00	-2.529154e-01
2.503505129859032e-04	2.659026e+00	-2.630109e-01
2.603505129859032e-04	2.763516e+00	-2.730487e-01
2.703505129859032e-04	2.867680e+00	-2.830312e-01
2.803505129859032e-04	2.971520e+00	-2.929555e-01
2.903505129859032e-04	3.074158e+00	-3.028230e-01
2.949254967407091e-04	3.116166e+00	-3.071294e-01
2.975738691134882e-04	3.132342e+00	-3.090931e-01
2.994658236320113e-04	3.140093e+00	-3.103414e-01
3.006126601116408e-04	3.143767e+00	-3.110584e-01
3.019883904313358e-04	3.147467e+00	-3.118867e-01
3.032832729969895e-04	3.150457e+00	-3.126425e-01
3.044409572791288e-04	3.152802e+00	-3.132333e-01
3.059489068097886e-04	3.155534e+00	-3.138528e-01
3.074747115250800e-04	3.157974e+00	-3.143555e-01
3.090567315772689e-04	3.160195e+00	-3.147842e-01
3.107104631624546e-04	3.162212e+00	-3.151560e-01
3.136417608124629e-04	3.165247e+00	-3.156815e-01
3.175443922377096e-04	3.168515e+00	-3.162003e-01
3.216051667281731e-04	3.171194e+00	-3.166018e-01
3.265188749275110e-04	3.173727e+00	-3.169654e-01
3.320937591671519e-04	3.175959e+00	-3.172748e-01
3.393734383439980e-04	3.178174e+00	-3.175716e-01
3.477675485145782e-04	3.180083e+00	-3.178205e-01
3.577675485145782e-04	3.181780e+00	-3.180342e-01
3.677675485145782e-04	3.183073e+00	-3.181922e-01
3.777675485145782e-04	3.184073e+00	-3.183119e-01
3.877675485145782e-04	3.184873e+00	-3.184067e-01
3.977675485145782e-04	3.185514e+00	-3.184818e-01
4.077675485145782e-04	3.186045e+00	-3.185440e-01
4.177675485145782e-04	3.186482e+00	-3.185946e-01
4.277675485145782e-04	3.186853e+00	-3.186379e-01
4.377675485145782e-04	3.187162e+00	-3.186736e-01
4.477675485145782e-04	3.187431e+00	-3.187049e-01
4.577675485145782e-04	3.187657e+00	-3.187310e-01
4.677675485145782e-04	3.187856e+00	-3.187544e-01
4.777675485145782e-04	3.188024e+00	-3.187739e-01
4.877675485145782e-04	3.188176e+00	-3.187918e-01
4.977675485145781e-04	3.188303e+00	-3.188066e-01
5.077675485145782e-04	3.188419e+00	-3.188205e-01
5.177675485145782e-04	3.188517e+00	-3.188319e-01
5.277675485145782e-04	3.188607e+00	-3.188429e-01
5.377675485145781e-04	3.188682e+00	-3.188518e-01
5.477675485145782e-04	3.188754e+00	-3.188606e-01
5.577675485145782e-04	3.188812e+00	-3.188675e-01
5.677675485145782e-04	3.188869e+00	-3.188746e-01
5.777675485145781e-04	3.188915e+00	-3.188801e-01
5.877675485145782e-04	3.188960e+00	-3.188859e-01
5.977675485145782e-04	3.188995e+00	-3.188902e-01
6.077675485145782e-04	3.189031e+00	-3.188949e-01
6.177675485145781e-04	3.189059e+00	-3.188983e-01
6.277675485145782e-04	3.189089e+00	-3.189023e-01
6.377675485145782e-04	3.189110e+00	-3.189049e-01
6.477675485145782e-04	3.189134e+00	-3.189082e-01
6.577675485145781e-04	3.189151e+00	-3.189103e-01
6.677675485145782e-04	3.189171e+00	-3.189131e-01
6.777675485145782e-04	3.189183e+00	-3.189147e-01
6.877675485145782e-04	3.189199e+00	-3.189171e-01
6.977675485145781e-04	3.189209e+00	-3.189183e-01
7.077675485145781e-04	3.189223e+00	-3.189203e-01
7.177675485145782e-04	3.189231e+00	-3.189212e-01
7.277675485145782e-04	3.189242e+00	-3.189230e-01
7.377675485145781e-04	3.189247e+00	-3.189237e-01
7.477675485145781e-04	3.189257e+00	-3.189252e-01
7.577675485145782e-04	3.189261e+00	-3.189256e-01
7.677675485145782e-04	3.189269e+00	-3.189270e-01
7.777675485145781e-04	3.189272e+00	-3.189273e-01
7.877675485145781e-04	3.189279e+00	-3.189285e-01
7.977675485145782e-04	3.189280e+00	-3.189287e-01
8.077675485145782e-04	3.189287e+00	-3.189297e-01
8.177675485145781e-04	3.189287e+00	-3.189298e-01
8.277675485145781e-04	3.189293e+00	-3.189308e-01
8.377675485145782e-04	3.189293e+00	-3.189307e-01
8.477675485145782e-04	3.189298e+00	-3.189316e-01
8.577675485145781e-04	3.189297e+00	-3.189315e-01
8.677675485145781e-04	3.189302e+00	-3.189323e-01
8.777675485145782e-04	3.189301e+00	-3.189321e-01
8.877675485145782e-04	3.189305e+00	-3.189329e-01
8.977675485145781e-04	3.189304e+00	-3.189327e-01
9.077675485145781e-04	3.189308e+00	-3.189334e-01
9.177675485145782e-04	3.189307e+00	-3.189331e-01
9.277675485145782e-04	3.189310e+00	-3.189338e-01
9.377675485145781e-04	3.189308e+00	-3.189335e-01
9.477675485145781e-04	3.189312e+00	-3.189341e-01
9.577675485145782e-04	3.189310e+00	-3.189338e-01
9.677675485145782e-04	3.189313e+00	-3.189344e-01
9.777675485145782e-04	3.189311e+00	-3.189340e-01
9.877675485145782e-04	3.189314e+00	-3.189346e-01
9.977675485145780e-04	3.189312e+00	-3.189342e-01
1.007767548514578e-03	3.189315e+00	-3.189348e-01
1.017767548514578e-03	3.189313e+00	-3.189344e-01
1.027767548514578e-03	3.189316e+00	-3.189349e-01
1.037767548514578e-03	3.189314e+00	-3.189345e-01
1.047767548514578e-03	3.189316e+00	-3.189351e-01
1.057767548514578e-03	3.189314e+00	-3.189346e-01
1.067767548514578e-03	3.189317e+00	-3.189352e-01
1.077767548514578e-03	3.189314e+00	-3.189348e-01
1.087767548514578e-03	3.189317e+00	-3.189353e-01
1.097767548514578e-03	3.189315e+00	-3.189348e-01
1.107767548514578e-03	3.189317e+00	-3.189354e-01
1.117767548514578e-03	3.189315e+00	-3.189349e-01
1.127767548514578e-03	3.189318e+00	-3.189354e-01
1.137767548514578e-03	3.189316e+00	-3.189350e-01
1.147767548514578e-03	3.189318e+00	-3.189355e-01
1.157767548514578e-03	3.189316e+00	-3.189350e-01
1.167767548514578e-03	3.189318e+00	-3.189355e-01
1.177767548514578e-03	3.189316e+00	-3.189351e-01
1.187767548514578e-03	3.189318e+00	-3.189355e-01
1.197767548514578e-03	3.189316e+00	-3.189351e-01
1.207767548514578e-03	3.189318e+00	-3.189356e-01
1.217767548514578e-03	3.189316e+00	-3.189351e-01
1.227767548514578e-03	3.189318e+00	-3.189356e-01
1.237767548514578e-03	3.189316e+00	-3.189351e-01
1.247767548514578e-03	3.189318e+00	-3.189356e-01
1.257767548514578e-03	3.189316e+00	-3.189352e-01
1.267767548514578e-03	3.189319e+00	-3.189357e-01
1.277767548514578e-03	3.189316e+00	-3.189352e-01
1.287767548514578e-03	3.189319e+00	-3.189357e-01
1.297767548514578e-03	3.189316e+00	-3.189352e-01
1.307767548514578e-03	3.189319e+00	-3.189357e-01
1.317767548514578e-03	3.189317e+00	-3.189352e-01
1.327767548514578e-03	3.189319e+00	-3.189357e-01
1.337767548514578e-03	3.189317e+00	-3.189352e-01
1.347767548514578e-03	3.189319e+00	-3.189357e-01
1.357767548514578e-03	3.189316e+00	-3.189352e-01
1.367767548514578e-03	3.189318e+00	-3.189357e-01
1.377767548514578e-03	3.189316e+00	-3.189352e-01
1.387767548514578e-03	3.189319e+00	-3.189357e-01
1.397767548514578e-03	3.189317e+00	-3.189352e-01
1.407767548514578e-03	3.189319e+00	-3.189357e-01
1.417767548514578e-03	3.189316e+00	-3.189352e-01
1.427767548514578e-03	3.189318e+00	-3.189357e-01
1.437767548514578e-03	3.189317e+00	-3.189352e-01
1.447767548514578e-03	3.189319e+00	-3.189357e-01
1.457767548514578e-03	3.189316e+00	-3.189352e-01
1.467767548514578e-03	3.189319e+00	-3.189357e-01
1.477767548514578e-03	3.189317e+00	-3.189352e-01
1.487767548514578e-03	3.189319e+00	-3.189357e-01
1.497767548514578e-03	3.189317e+00	-3.189352e-01
1.507767548514578e-03	3.189319e+00	-3.189357e-01
1.517767548514578e-03	3.189316e+00	-3.189352e-01
1.527767548514578e-03	3.189319e+00	-3.189357e-01
1.537767548514578e-03	3.189316e+00	-3.189352e-01
1.547767548514578e-03	3.189319e+00	-3.189357e-01
1.557767548514578e-03	3.189316e+00	-3.189352e-01
1.567767548514578e-03	3.189319e+00	-3.189357e-01
1.577767548514578e-03	3.189316e+00	-3.189352e-01
1.587767548514578e-03	3.189319e+00	-3.189358e-01
1.597767548514578e-03	3.189317e+00	-3.189352e-01
1.607767548514578e-03	3.189319e+00	-3.189358e-01
1.617767548514578e-03	3.189317e+00	-3.189352e-01
1.627767548514578e-03	3.189319e+00	-3.189358e-01
1.637767548514578e-03	3.189316e+00	-3.189352e-01
1.647767548514578e-03	3.189318e+00	-3.189358e-01
1.657767548514578e-03	3.189316e+00	-3.189352e-01
1.667767548514578e-03	3.189319e+00	-3.189358e-01
1.677767548514578e-03	3.189316e+00	-3.189352e-01
1.687767548514578e-03	3.189319e+00	-3.189358e-01
1.697767548514578e-03	3.189317e+00	-3.189352e-01
1.707767548514578e-03	3.189319e+00	-3.189358e-01
1.717767548514578e-03	3.189317e+00	-3.189352e-01
1.727767548514578e-03	3.189319e+00	-3.189358e-01
1.737767548514578e-03	3.189316e+00	-3.189352e-01
1.747767548514578e-03	3.189318e+00	-3.189358e-01
1.757767548514578e-03	3.189316e+00	-3.189352e-01
1.767767548514578e-03	3.189318e+00	-3.189358e-01
1.777767548514578e-03	3.189316e+00	-3.189352e-01
1.787767548514578e-03	3.189319e+00	-3.189358e-01
1.797767548514578e-03	3.189316e+00	-3.189352e-01
1.807767548514578e-03	3.189319e+00	-3.189358e-01
1.817767548514578e-03	3.189316e+00	-3.189352e-01
1.827767548514578e-03	3.189319e+00	-3.189358e-01
1.837767548514578e-03	3.189316e+00	-3.189352e-01
1.847767548514578e-03	3.189318e+00	-3.189358e-01
1.857767548514578e-03	3.189316e+00	-3.189352e-01
1.867767548514578e-03	3.189319e+00	-3.189358e-01
1.877767548514578e-03	3.189317e+00	-3.189352e-01
1.887767548514578e-03	3.189319e+00	-3.189358e-01
1.897767548514578e-03	3.189317e+00	-3.189352e-01
1.907767548514578e-03	3.189318e+00	-3.189358e-01
1.917767548514578e-03	3.189316e+00	-3.189352e-01
1.927767548514578e-03	3.189319e+00	-3.189358e-01
1.937767548514578e-03	3.189316e+00	-3.189352e-01
1.947767548514578e-03	3.189319e+00	-3.189358e-01
1.957767548514578e-03	3.189316e+00	-3.189352e-01
1.967767548514578e-03	3.189319e+00	-3.189358e-01
1.977767548514578e-03	3.189317e+00	-3.189352e-01
1.987767548514578e-03	3.189318e+00	-3.189358e-01
1.997767548514578e-03	3.189317e+00	-3.189352e-01
2.007767548514578e-03	3.189319e+00	-3.189358e-01
2.017767548514578e-03	3.189316e+00	-3.189352e-01
2.027767548514578e-03	3.189319e+00	-3.189358e-01
2.037767548514578e-03	3.189316e+00	-3.189352e-01
2.047767548514578e-03	3.189319e+00	-3.189358e-01
2.057767548514578e-03	3.189316e+00	-3.189352e-01
2.067767548514578e-03	3.189319e+00	-3.189358e-01
2.077767548514578e-03	3.189316e+00	-3.189352e-01
2.087767548514578e-03	3.189319e+00	-3.189358e-01
2.097767548514578e-03	3.189317e+00	-3.189352e-01
2.107767548514578e-03	3.189319e+00	-3.189358e-01
2.117767548514578e-03	3.189317e+00	-3.189352e-01
2.127767548514578e-03	3.189319e+00	-3.189358e-01
2.137767548514578e-03	3.189317e+00	-3.189352e-01
2.147767548514578e-03	3.189319e+00	-3.189358e-01
2.157767548514578e-03	3.189317e+00	-3.189352e-01
2.167767548514578e-03	3.189319e+00	-3.189358e-01
2.177767548514578e-03	3.189316e+00	-3.189352e-01
2.187767548514578e-03	3.189319e+00	-3.189358e-01
2.197767548514578e-03	3.189316e+00	-3.189352e-01
2.207767548514578e-03	3.189319e+00	-3.189358e-01
2.217767548514578e-03	3.189316e+00	-3.189352e-01
2.227767548514578e-03	3.189319e+00	-3.189358e-01
2.237767548514578e-03	3.189316e+00	-3.189352e-01
2.247767548514578e-03	3.189319e+00	-3.189358e-01
2.257767548514578e-03	3.189317e+00	-3.189352e-01
2.267767548514578e-03	3.189318e+00	-3.189358e-01
2.277767548514578e-03	3.189317e+00	-3.189352e-01
2.287767548514578e-03	3.189319e+00	-3.189358e-01
2.297767548514578e-03	3.189316e+00	-3.189352e-01
2.307767548514578e-03	3.189319e+00	-3.189358e-01
2.317767548514578e-03	3.189317e+00	-3.189352e-01
2.327767548514578e-03	3.189319e+00	-3.189358e-01
2.337767548514578e-03	3.189316e+00	-3.189352e-01
2.347767548514578e-03	3.189319e+00	-3.189358e-01
2.357767548514578e-03	3.189317e+00	-3.189352e-01
2.367767548514578e-03	3.189318e+00	-3.189358e-01
2.377767548514578e-03	3.189317e+00	-3.189352e-01
2.387767548514578e-03	3.189319e+00	-3.189358e-01
2.397767548514578e-03	3.189317e+00	-3.189352e-01
2.407767548514578e-03	3.189318e+00	-3.189358e-01
2.417767548514578e-03	3.189316e+00	-3.189352e-01
2.427767548514578e-03	3.189319e+00	-3.189358e-01
2.437767548514578e-03	3.189317e+00	-3.189352e-01
2.447767548514578e-03	3.189319e+00	-3.189358e-01
2.457767548514578e-03	3.189316e+00	-3.189352e-01
2.467767548514578e-03	3.189319e+00	-3.189358e-01
2.477767548514578e-03	3.189316e+00	-3.189352e-01
2.487767548514578e-03	3.189319e+00	-3.189358e-01
2.497767548514578e-03	3.189317e+00	-3.189352e-01
2.507767548514578e-03	3.189319e+00	-3.189358e-01
2.517767548514578e-03	3.189317e+00	-3.189352e-01
2.527767548514578e-03	3.189318e+00	-3.189358e-01
2.537767548514578e-03	3.189316e+00	-3.189352e-01
2.547767548514578e-03	3.189319e+00	-3.189358e-01
2.557767548514578e-03	3.189316e+00	-3.189352e-01
2.567767548514578e-03	3.189319e+00	-3.189358e-01
2.577767548514578e-03	3.189317e+00	-3.189352e-01
2.587767548514578e-03	3.189319e+00	-3.189358e-01
2.597767548514578e-03	3.189317e+00	-3.189352e-01
2.607767548514578e-03	3.189319e+00	-3.189358e-01
2.617767548514578e-03	3.189317e+00	-3.189352e-01
2.627767548514578e-03	3.189319e+00	-3.189358e-01
2.637767548514578e-03	3.189317e+00	-3.189352e-01
2.647767548514578e-03	3.189318e+00	-3.189358e-01
2.657767548514578e-03	3.189317e+00	-3.189352e-01
2.667767548514578e-03	3.189318e+00	-3.189358e-01
2.677767548514578e-03	3.189317e+00	-3.189352e-01
2.687767548514578e-03	3.189318e+00	-3.189358e-01
2.697767548514578e-03	3.189317e+00	-3.189352e-01
2.707767548514578e-03	3.189318e+00	-3.189358e-01
2.717767548514578e-03	3.189317e+00	-3.189352e-01
2.727767548514578e-03	3.189318e+00	-3.189358e-01
2.737767548514578e-03	3.189317e+00	-3.189352e-01
2.747767548514578e-03	3.189318e+00	-3.189358e-01
2.757767548514578e-03	3.189317e+00	-3.189352e-01
2.767767548514578e-03	3.189319e+00	-3.189358e-01
2.777767548514578e-03	3.189317e+00	-3.189352e-01
2.787767548514578e-03	3.189319e+00	-3.189358e-01
2.797767548514578e-03	3.189317e+00	-3.189352e-01
2.807767548514578e-03	3.189319e+00	-3.189358e-01
2.817767548514578e-03	3.189317e+00	-3.189352e-01
2.827767548514578e-03	3.189319e+00	-3.189358e-01
2.837767548514578e-03	3.189317e+00	-3.189352e-01
2.847767548514578e-03	3.189319e+00	-3.189358e-01
2.857767548514578e-03	3.189316e+00	-3.189352e-01
2.867767548514578e-03	3.189318e+00	-3.189358e-01
2.877767548514578e-03	3.189316e+00	-3.189352e-01
2.887767548514578e-03	3.189318e+00	-3.189358e-01
2.897767548514578e-03	3.189317e+00	-3.189352e-01
2.907767548514578e-03	3.189319e+00	-3.189358e-01
2.917767548514578e-03	3.189317e+00	-3.189352e-01
2.927767548514578e-03	3.189319e+00	-3.189358e-01
2.937767548514578e-03	3.189316e+00	-3.189352e-01
2.947767548514578e-03	3.189319e+00	-3.189358e-01
2.957767548514578e-03	3.189316e+00	-3.189352e-01
2.967767548514578e-03	3.189318e+00	-3.189358e-01
2.977767548514578e-03	3.189317e+00	-3.189352e-01
2.987767548514578e-03	3.189319e+00	-3.189358e-01
2.997767548514578e-03	3.189317e+00	-3.189352e-01
3.007767548514578e-03	3.189319e+00	-3.189358e-01
3.017767548514578e-03	3.189316e+00	-3.189352e-01
3.027767548514578e-03	3.189318e+00	-3.189358e-01
3.037767548514578e-03	3.189317e+00	-3.189352e-01
3.047767548514578e-03	3.189319e+00	-3.189358e-01
3.057767548514578e-03	3.189317e+00	-3.189352e-01
3.067767548514578e-03	3.189319e+00	-3.189358e-01
3.077767548514578e-03	3.189316e+00	-3.189352e-01
3.087767548514578e-03	3.189318e+00	-3.189358e-01
3.097767548514578e-03	3.189317e+00	-3.189352e-01
3.107767548514578e-03	3.189319e+00	-3.189358e-01
3.117767548514578e-03	3.189317e+00	-3.189352e-01
3.127767548514578e-03	3.189319e+00	-3.189358e-01
3.137767548514578e-03	3.189317e+00	-3.189352e-01
3.147767548514578e-03	3.189318e+00	-3.189358e-01
3.157767548514578e-03	3.189317e+00	-3.189352e-01
3.167767548514578e-03	3.189319e+00	-3.189358e-01
3.177767548514578e-03	3.189316e+00	-3.189352e-01
3.187767548514578e-03	3.189318e+00	-3.189358e-01
3.197767548514578e-03	3.189317e+00	-3.189352e-01
3.207767548514578e-03	3.189319e+00	-3.189358e-01
3.217767548514578e-03	3.189316e+00	-3.189352e-01
3.227767548514578e-03	3.189318e+00	-3.189358e-01
3.237767548514578e-03	3.189317e+00	-3.189352e-01
3.247767548514578e-03	3.189319e+00	-3.189358e-01
3.257767548514578e-03	3.189316e+00	-3.189352e-01
3.267767548514578e-03	3.189318e+00	-3.189358e-01
3.277767548514578e-03	3.189317e+00	-3.189352e-01
3.287767548514578e-03	3.189319e+00	-3.189358e-01
3.297767548514578e-03	3.189316e+00	-3.189352e-01
3.307767548514578e-03	3.189318e+00	-3.189358e-01
3.317767548514578e-03	3.189317e+00	-3.189352e-01
3.327767548514578e-03	3.189319e+00	-3.189358e-01
3.337767548514578e-03	3.189316e+00	-3.189352e-01
3.347767548514578e-03	3.189318e+00	-3.189358e-01
3.357767548514578e-03	3.189317e+00	-3.189352e-01
3.367767548514578e-03	3.189319e+00	-3.189358e-01
3.377767548514578e-03	3.189316e+00	-3.189352e-01
3.387767548514578e-03	3.189318e+00	-3.189358e-01
3.397767548514578e-03	3.189317e+00	-3.189352e-01
3.407767548514578e-03	3.189319e+00	-3.189358e-01
3.417767548514578e-03	3.189317e+00	-3.189352e-01
3.427767548514578e-03	3.189319e+00	-3.189358e-01
3.437767548514578e-03	3.189316e+00	-3.189352e-01
3.447767548514578e-03	3.189319e+00	-3.189358e-01
3.457767548514578e-03	3.189317e+00	-3.189352e-01
3.467767548514578e-03	3.189319e+00	-3.189358e-01
3.477767548514578e-03	3.189316e+00	-3.189352e-01
3.487767548514578e-03	3.189318e+00	-3.189358e-01
3.497767548514578e-03	3.189317e+00	-3.189352e-01
3.507767548514578e-03	3.189319e+00	-3.189358e-01
3.517767548514578e-03	3.189317e+00	-3.189352e-01
3.527767548514578e-03	3.189319e+00	-3.189358e-01
3.537767548514578e-03	3.189316e+00	-3.189352e-01
3.547767548514578e-03	3.189318e+00	-3.189358e-01
3.557767548514578e-03	3.189317e+00	-3.189352e-01
3.567767548514578e-03	3.189319e+00	-3.189358e-01
3.577767548514578e-03	3.189317e+00	-3.189352e-01
3.587767548514578e-03	3.189318e+00	-3.189358e-01
3.597767548514578e-03	3.189316e+00	-3.189352e-01
3.607767548514578e-03	3.189318e+00	-3.189358e-01
3.617767548514578e-03	3.189317e+00	-3.189352e-01
3.627767548514578e-03	3.189319e+00	-3.189358e-01
3.637767548514578e-03	3.189317e+00	-3.189352e-01
3.647767548514578e-03	3.189318e+00	-3.189358e-01
3.657767548514578e-03	3.189316e+00	-3.189352e-01
3.667767548514578e-03	3.189318e+00	-3.189358e-01
3.677767548514578e-03	3.189317e+00	-3.189352e-01
3.687767548514578e-03	3.189319e+00	-3.189358e-01
3.697767548514578e-03	3.189317e+00	-3.189352e-01
3.707767548514578e-03	3.189319e+00	-3.189358e-01
3.717767548514578e-03	3.189316e+00	-3.189352e-01
3.727767548514578e-03	3.189318e+00	-3.189358e-01
3.737767548514578e-03	3.189317e+00	-3.189352e-01
3.747767548514578e-03	3.189319e+00	-3.189358e-01
3.757767548514578e-03	3.189317e+00	-3.189352e-01
3.767767548514578e-03	3.189319e+00	-3.189358e-01
3.777767548514578e-03	3.189317e+00	-3.189352e-01
3.787767548514578e-03	3.189318e+00	-3.189358e-01
3.797767548514578e-03	3.189316e+00	-3.189352e-01
3.807767548514578e-03	3.189318e+00	-3.189358e-01
3.817767548514578e-03	3.189317e+00	-3.189352e-01
3.827767548514578e-03	3.189319e+00	-3.189358e-01
3.837767548514578e-03	3.189317e+00	-3.189352e-01
3.847767548514578e-03	3.189319e+00	-3.189358e-01
3.857767548514578e-03	3.189317e+00	-3.189352e-01
3.867767548514578e-03	3.189318e+00	-3.189358e-01
3.877767548514578e-03	3.189316e+00	-3.189352e-01
3.887767548514578e-03	3.189318e+00	-3.189358e-01
3.897767548514578e-03	3.189317e+00	-3.189352e-01
3.907767548514578e-03	3.189319e+00	-3.189358e-01
3.917767548514577e-03	3.189317e+00	-3.189352e-01
3.927767548514578e-03	3.189319e+00	-3.189358e-01
3.937767548514578e-03	3.189317e+00	-3.189352e-01
3.947767548514578e-03	3.189318e+00	-3.189358e-01
3.957767548514578e-03	3.189316e+00	-3.189352e-01
3.967767548514578e-03	3.189318e+00	-3.189358e-01
3.977767548514578e-03	3.189316e+00	-3.189352e-01
3.987767548514578e-03	3.189319e+00	-3.189358e-01
3.997767548514578e-03	3.189317e+00	-3.189352e-01
4.007767548514578e-03	3.189319e+00	-3.189358e-01
4.017767548514578e-03	3.189317e+00	-3.189352e-01
4.027767548514578e-03	3.189319e+00	-3.189358e-01
4.037767548514578e-03	3.189317e+00	-3.189352e-01
4.047767548514578e-03	3.189318e+00	-3.189358e-01
4.057767548514578e-03	3.189316e+00	-3.189352e-01
4.067767548514578e-03	3.189318e+00	-3.189358e-01
4.077767548514578e-03	3.189316e+00	-3.189352e-01
4.087767548514577e-03	3.189319e+00	-3.189358e-01
4.097767548514578e-03	3.189317e+00	-3.189352e-01
4.107767548514578e-03	3.189319e+00	-3.189358e-01
4.117767548514578e-03	3.189317e+00	-3.189352e-01
4.127767548514578e-03	3.189319e+00	-3.189358e-01
4.137767548514578e-03	3.189317e+00	-3.189352e-01
4.147767548514578e-03	3.189318e+00	-3.189358e-01
4.157767548514578e-03	3.189316e+00	-3.189352e-01
4.167767548514578e-03	3.189318e+00	-3.189358e-01
4.177767548514578e-03	3.189316e+00	-3.189352e-01
4.187767548514578e-03	3.189319e+00	-3.189358e-01
4.197767548514578e-03	3.189317e+00	-3.189352e-01
4.207767548514578e-03	3.189319e+00	-3.189358e-01
4.217767548514578e-03	3.189317e+00	-3.189352e-01
4.227767548514578e-03	3.189319e+00	-3.189358e-01
4.237767548514577e-03	3.189317e+00	-3.189352e-01
4.247767548514578e-03	3.189319e+00	-3.189358e-01
4.257767548514577e-03	3.189317e+00	-3.189352e-01
4.267767548514578e-03	3.189318e+00	-3.189358e-01
4.277767548514578e-03	3.189317e+00	-3.189352e-01
4.287767548514578e-03	3.189318e+00	-3.189358e-01
4.297767548514578e-03	3.189316e+00	-3.189352e-01
4.307767548514578e-03	3.189318e+00	-3.189358e-01
4.317767548514578e-03	3.189316e+00	-3.189352e-01
4.327767548514578e-03	3.189319e+00	-3.189358e-01
4.337767548514578e-03	3.189317e+00	-3.189352e-01
4.347767548514578e-03	3.189319e+00	-3.189358e-01
4.357767548514578e-03	3.189317e+00	-3.189352e-01
4.367767548514578e-03	3.189319e+00	-3.189358e-01
4.377767548514578e-03	3.189317e+00	-3.189352e-01
4.387767548514578e-03	3.189319e+00	-3.189358e-01
4.397767548514578e-03	3.189317e+00	-3.189352e-01
4.407767548514577e-03	3.189319e+00	-3.189358e-01
4.417767548514578e-03	3.189317e+00	-3.189352e-01
4.427767548514577e-03	3.189318e+00	-3.189358e-01
4.437767548514578e-03	3.189316e+00	-3.189352e-01
4.447767548514578e-03	3.189318e+00	-3.189358e-01
4.457767548514578e-03	3.189316e+00	-3.189352e-01
4.467767548514578e-03	3.189319e+00	-3.189358e-01
4.477767548514578e-03	3.189317e+00	-3.189352e-01
4.487767548514578e-03	3.189319e+00	-3.189358e-01
4.497767548514578e-03	3.189317e+00	-3.189352e-01
4.507767548514578e-03	3.189319e+00	-3.189358e-01
4.517767548514578e-03	3.189317e+00	-3.189352e-01
4.527767548514578e-03	3.189319e+00	-3.189358e-01
4.537767548514578e-03	3.189317e+00	-3.189352e-01
4.547767548514578e-03	3.189319e+00	-3.189358e-01
4.557767548514577e-03	3.189317e+00	-3.189352e-01
4.567767548514578e-03	3.189319e+00	-3.189358e-01
4.577767548514577e-03	3.189317e+00	-3.189352e-01
4.587767548514578e-03	3.189318e+00	-3.189358e-01
4.597767548514578e-03	3.189317e+00	-3.189352e-01
4.607767548514578e-03	3.189318e+00	-3.189358e-01
4.617767548514578e-03	3.189317e+00	-3.189352e-01
4.627767548514578e-03	3.189318e+00	-3.189358e-01
4.637767548514578e-03	3.189316e+00	-3.189352e-01
4.647767548514578e-03	3.189318e+00	-3.189358e-01
4.657767548514578e-03	3.189316e+00	-3.189352e-01
4.667767548514578e-03	3.189318e+00	-3.189358e-01
4.677767548514578e-03	3.189316e+00	-3.189352e-01
4.687767548514578e-03	3.189318e+00	-3.189358e-01
4.697767548514578e-03	3.189316e+00	-3.189352e-01
4.707767548514578e-03	3.189319e+00	-3.189358e-01
4.717767548514578e-03	3.189317e+00	-3.189352e-01
4.727767548514577e-03	3.189319e+00	-3.189358e-01
4.737767548514578e-03	3.189317e+00	-3.189352e-01
4.747767548514577e-03	3.189319e+00	-3.189358e-01
4.757767548514578e-03	3.189317e+00	-3.189352e-01
4.767767548514578e-03	3.189319e+00	-3.189358e-01
4.777767548514578e-03	3.189317e+00	-3.189352e-01
4.787767548514578e-03	3.189319e+00	-3.189358e-01
4.797767548514578e-03	3.189317e+00	-3.189352e-01
4.807767548514578e-03	3.189318e+00	-3.189358e-01
4.817767548514578e-03	3.189317e+00	-3.189352e-01
4.827767548514578e-03	3.189318e+00	-3.189358e-01
4.837767548514578e-03	3.189317e+00	-3.189352e-01
4.847767548514578e-03	3.189318e+00	-3.189358e-01
4.857767548514578e-03	3.189317e+00	-3.189352e-01
4.867767548514578e-03	3.189318e+00	-3.189358e-01
4.877767548514577e-03	3.189316e+00	-3.189352e-01
4.887767548514578e-03	3.189318e+00	-3.189358e-01
4.897767548514577e-03	3.189316e+00	-3.189352e-01
4.907767548514578e-03	3.189319e+00	-3.189358e-01
4.917767548514577e-03	3.189317e+00	-3.189352e-01
4.927767548514578e-03	3.189319e+00	-3.189358e-01
4.937767548514578e-03	3.189317e+00	-3.189352e-01
4.947767548514578e-03	3.189319e+00	-3.189358e-01
4.957767548514578e-03	3.189317e+00	-3.189352e-01
4.967767548514578e-03	3.189319e+00	-3.189358e-01
4.977767548514578e-03	3.189317e+00	-3.189352e-01
4.987767548514578e-03	3.189319e+00	-3.189358e-01
4.997767548514578e-03	3.189317e+00	-3.189352e-01
5.007767548514578e-03	3.189319e+00	-3.189358e-01
5.017767548514578e-03	3.189317e+00	-3.189352e-01
5.027767548514578e-03	3.189319e+00	-3.189358e-01
5.037767548514578e-03	3.189317e+00	-3.189352e-01
5.047767548514577e-03	3.189319e+00	-3.189358e-01
5.057767548514578e-03	3.189317e+00	-3.189352e-01
5.067767548514577e-03	3.189319e+00	-3.189358e-01
5.077767548514578e-03	3.189317e+00	-3.189352e-01
5.087767548514577e-03	3.189318e+00	-3.189358e-01
5.097767548514578e-03	3.189317e+00	-3.189352e-01
5.107767548514578e-03	3.189318e+00	-3.189358e-01
5.117767548514578e-03	3.189317e+00	-3.189352e-01
5.127767548514578e-03	3.189318e+00	-3.189358e-01
5.137767548514578e-03	3.189317e+00	-3.189352e-01
5.147767548514578e-03	3.189318e+00	-3.189358e-01
5.157767548514578e-03	3.189317e+00	-3.189352e-01
5.167767548514578e-03	3.189318e+00	-3.189358e-01
5.177767548514578e-03	3.189317e+00	-3.189352e-01
5.187767548514578e-03	3.189318e+00	-3.189358e-01
5.197767548514577e-03	3.189317e+00	-3.189352e-01
5.207767548514578e-03	3.189318e+00	-3.189358e-01
5.217767548514577e-03	3.189317e+00	-3.189352e-01
5.227767548514578e-03	3.189318e+00	-3.189358e-01
5.237767548514577e-03	3.189316e+00	-3.189352e-01
5.247767548514578e-03	3.189318e+00	-3.189358e-01
5.257767548514578e-03	3.189316e+00	-3.189352e-01
5.267767548514578e-03	3.189318e+00	-3.189358e-01
5.277767548514578e-03	3.189316e+00	-3.189352e-01
5.287767548514578e-03	3.189318e+00	-3.189358e-01
5.297767548514578e-03	3.189316e+00	-3.189352e-01
5.307767548514578e-03	3.189318e+00	-3.189358e-01
5.317767548514578e-03	3.189316e+00	-3.189352e-01
5.327767548514578e-03	3.189318e+00	-3.189358e-01
5.337767548514578e-03	3.189316e+00	-3.189352e-01
5.347767548514578e-03	3.189318e+00	-3.189358e-01
5.357767548514578e-03	3.189316e+00	-3.189352e-01
5.367767548514577e-03	3.189318e+00	-3.189358e-01
5.377767548514578e-03	3.189316e+00	-3.189352e-01
5.387767548514577e-03	3.189319e+00	-3.189358e-01
5.397767548514578e-03	3.189317e+00	-3.189352e-01
5.407767548514577e-03	3.189319e+00	-3.189358e-01
5.417767548514578e-03	3.189317e+00	-3.189352e-01
5.427767548514578e-03	3.189319e+00	-3.189358e-01
5.437767548514578e-03	3.189317e+00	-3.189352e-01
5.447767548514578e-03	3.189319e+00	-3.189358e-01
5.457767548514578e-03	3.189317e+00	-3.189352e-01
5.467767548514578e-03	3.189319e+00	-3.189358e-01
5.477767548514578e-03	3.189317e+00	-3.189352e-01
5.487767548514578e-03	3.189319e+00	-3.189358e-01
5.497767548514578e-03	3.189317e+00	-3.189352e-01
5.507767548514578e-03	3.189319e+00	-3.189358e-01
5.517767548514577e-03	3.189317e+00	-3.189352e-01
5.527767548514578e-03	3.189318e+00	-3.189358e-01
5.537767548514577e-03	3.189317e+00	-3.189352e-01
5.547767548514578e-03	3.189318e+00	-3.189358e-01
5.557767548514577e-03	3.189317e+00	-3.189352e-01
5.567767548514578e-03	3.189318e+00	-3.189358e-01
5.577767548514577e-03	3.189317e+00	-3.189352e-01
5.587767548514578e-03	3.189318e+00	-3.189358e-01
5.597767548514578e-03	3.189317e+00	-3.189352e-01
5.607767548514578e-03	3.189318e+00	-3.189358e-01
5.617767548514578e-03	3.189317e+00	-3.189352e-01
5.627767548514578e-03	3.189318e+00	-3.189358e-01
5.637767548514578e-03	3.189317e+00	-3.189352e-01
5.647767548514578e-03	3.189318e+00	-3.189358e-01
5.657767548514578e-03	3.189317e+00	-3.189352e-01
5.667767548514578e-03	3.189318e+00	-3.189358e-01
5.677767548514578e-03	3.189317e+00	-3.189352e-01
5.687767548514577e-03	3.189318e+00	-3.189358e-01
5.697767548514578e-03	3.189317e+00	-3.189352e-01
5.707767548514577e-03	3.189318e+00	-3.189358e-01
5.717767548514578e-03	3.189317e+00	-3.189352e-01
5.727767548514577e-03	3.189318e+00	-3.189358e-01
5.737767548514578e-03	3.189317e+00	-3.189352e-01
5.747767548514577e-03	3.189318e+00	-3.189358e-01
5.757767548514578e-03	3.189317e+00	-3.189352e-01
5.767767548514578e-03	3.189319e+00	-3.189358e-01
5.777767548514578e-03	3.189317e+00	-3.189352e-01
5.787767548514578e-03	3.189319e+00	-3.189358e-01
5.797767548514578e-03	3.189317e+00	-3.189352e-01
5.807767548514578e-03	3.189319e+00	-3.189358e-01
5.817767548514578e-03	3.189317e+00	-3.189352e-01
5.827767548514578e-03	3.189319e+00	-3.189358e-01
5.837767548514577e-03	3.189317e+00	-3.189352e-01
5.847767548514578e-03	3.189319e+00	-3.189358e-01
5.857767548514577e-03	3.189317e+00	-3.189352e-01
5.867767548514578e-03	3.189319e+00	-3.189358e-01
5.877767548514577e-03	3.189317e+00	-3.189352e-01
5.887767548514578e-03	3.189319e+00	-3.189358e-01
5.897767548514577e-03	3.189317e+00	-3.189352e-01
5.907767548514578e-03	3.189319e+00	-3.189358e-01
5.917767548514578e-03	3.189317e+00	-3.189352e-01
5.927767548514578e-03	3.189319e+00	-3.189358e-01
5.937767548514578e-03	3.189317e+00	-3.189352e-01
5.947767548514578e-03	3.189319e+00	-3.189358e-01
5.957767548514578e-03	3.189317e+00	-3.189352e-01
5.967767548514578e-03	3.189319e+00	-3.189358e-01
5.977767548514578e-03	3.189317e+00	-3.189352e-01
5.987767548514578e-03	3.189319e+00	-3.189358e-01
5.997767548514578e-03	3.189317e+00	-3.189352e-01
6.007767548514577e-03	3.189319e+00	-3.189358e-01
6.017767548514578e-03	3.189317e+00	-3.189352e-01
6.027767548514577e-03	3.189319e+00	-3.189358e-01
6.037767548514578e-03	3.189317e+00	-3.189352e-01
6.047767548514577e-03	3.189319e+00	-3.189358e-01
6.057767548514578e-03	3.189317e+00	-3.189352e-01
6.067767548514577e-03	3.189319e+00	-3.189358e-01
6.077767548514578e-03	3.189317e+00	-3.189352e-01
6.087767548514578e-03	3.189319e+00	-3.189358e-01
6.097767548514578e-03	3.189317e+00	-3.189352e-01
6.107767548514578e-03	3.189319e+00	-3.189358e-01
6.117767548514578e-03	3.189317e+00	-3.189352e-01
6.127767548514578e-03	3.189319e+00	-3.189358e-01
6.137767548514578e-03	3.189317e+00	-3.189352e-01
6.147767548514578e-03	3.189319e+00	-3.189358e-01
6.157767548514577e-03	3.189317e+00	-3.189352e-01
6.167767548514578e-03	3.189319e+00	-3.189358e-01
6.177767548514577e-03	3.189317e+00	-3.189352e-01
6.187767548514578e-03	3.189319e+00	-3.189358e-01
6.197767548514577e-03	3.189317e+00	-3.189352e-01
6.207767548514578e-03	3.189319e+00	-3.189358e-01
6.217767548514577e-03	3.189317e+00	-3.189352e-01
6.227767548514578e-03	3.189319e+00	-3.189358e-01
6.237767548514577e-03	3.189317e+00	-3.189352e-01
6.247767548514578e-03	3.189319e+00	-3.189358e-01
6.257767548514578e-03	3.189317e+00	-3.189352e-01
6.267767548514578e-03	3.189319e+00	-3.189358e-01
6.277767548514578e-03	3.189317e+00	-3.189352e-01
6.287767548514578e-03	3.189319e+00	-3.189358e-01
6.297767548514578e-03	3.189317e+00	-3.189352e-01
6.307767548514578e-03	3.189319e+00	-3.189358e-01
6.317767548514578e-03	3.189317e+00	-3.189352e-01
6.327767548514577e-03	3.189319e+00	-3.189358e-01
6.337767548514578e-03	3.189317e+00	-3.189352e-01
6.347767548514577e-03	3.189319e+00	-3.189358e-01
6.357767548514578e-03	3.189317e+00	-3.189352e-01
6.367767548514577e-03	3.189319e+00	-3.189358e-01
6.377767548514578e-03	3.189317e+00	-3.189352e-01
6.387767548514577e-03	3.189319e+00	-3.189358e-01
6.397767548514578e-03	3.189317e+00	-3.189352e-01
6.407767548514577e-03	3.189319e+00	-3.189358e-01
6.417767548514578e-03	3.189317e+00	-3.189352e-01
6.427767548514578e-03	3.189318e+00	-3.189358e-01
6.437767548514578e-03	3.189317e+00	-3.189352e-01
6.447767548514578e-03	3.189318e+00	-3.189358e-01
6.457767548514578e-03	3.189317e+00	-3.189352e-01
6.467767548514578e-03	3.189318e+00	-3.189358e-01
6.477767548514577e-03	3.189317e+00	-3.189352e-01
6.487767548514578e-03	3.189318e+00	-3.189358e-01
6.497767548514577e-03	3.189317e+00	-3.189352e-01
6.507767548514578e-03	3.189318e+00	-3.189358e-01
6.517767548514577e-03	3.189317e+00	-3.189352e-01
6.527767548514578e-03	3.189318e+00	-3.189358e-01
6.537767548514577e-03	3.189317e+00	-3.189352e-01
6.547767548514578e-03	3.189318e+00	-3.189358e-01
6.557767548514577e-03	3.189317e+00	-3.189352e-01
6.567767548514578e-03	3.189318e+00	-3.189358e-01
6.577767548514577e-03	3.189317e+00	-3.189352e-01
6.587767548514578e-03	3.189318e+00	-3.189358e-01
6.597767548514578e-03	3.189317e+00	-3.189352e-01
6.607767548514578e-03	3.189318e+00	-3.189358e-01
6.617767548514578e-03	3.189317e+00	-3.189352e-01
6.627767548514578e-03	3.189318e+00	-3.189358e-01
6.637767548514578e-03	3.189317e+00	-3.189352e-01
6.647767548514577e-03	3.189318e+00	-3.189358e-01
6.657767548514578e-03	3.189317e+00	-3.189352e-01
6.667767548514577e-03	3.189318e+00	-3.189358e-01
6.677767548514578e-03	3.189317e+00	-3.189352e-01
6.687767548514577e-03	3.189318e+00	-3.189358e-01
6.697767548514578e-03	3.189317e+00	-3.189352e-01
6.707767548514577e-03	3.189318e+00	-3.189358e-01
6.717767548514578e-03	3.189317e+00	-3.189352e-01
6.727767548514577e-03	3.189318e+00	-3.189358e-01
6.737767548514578e-03	3.189317e+00	-3.189352e-01
6.747767548514578e-03	3.189318e+00	-3.189358e-01
6.757767548514578e-03	3.189317e+00	-3.189352e-01
6.767767548514578e-03	3.189318e+00	-3.189358e-01
6.777767548514578e-03	3.189317e+00	-3.189352e-01
6.787767548514578e-03	3.189318e+00	-3.189358e-01
6.797767548514577e-03	3.189317e+00	-3.189352e-01
6.807767548514578e-03	3.189318e+00	-3.189358e-01
6.817767548514577e-03	3.189317e+00	-3.189352e-01
6.827767548514578e-03	3.189318e+00	-3.189358e-01
6.837767548514577e-03	3.189317e+00	-3.189352e-01
6.847767548514578e-03	3.189318e+00	-3.189358e-01
6.857767548514577e-03	3.189317e+00	-3.189352e-01
6.867767548514578e-03	3.189318e+00	-3.189358e-01
6.877767548514577e-03	3.189317e+00	-3.189352e-01
6.887767548514578e-03	3.189318e+00	-3.189358e-01
6.897767548514577e-03	3.189317e+00	-3.189352e-01
6.907767548514578e-03	3.189318e+00	-3.189358e-01
6.917767548514578e-03	3.189317e+00	-3.189352e-01
6.927767548514578e-03	3.189318e+00	-3.189358e-01
6.937767548514578e-03	3.189317e+00	-3.189352e-01
6.947767548514578e-03	3.189318e+00	-3.189358e-01
6.957767548514578e-03	3.189317e+00	-3.189352e-01
6.967767548514577e-03	3.189318e+00	-3.189358e-01
6.977767548514578e-03	3.189317e+00	-3.189352e-01
6.987767548514577e-03	3.189318e+00	-3.189358e-01
6.997767548514578e-03	3.189317e+00	-3.189352e-01
7.007767548514577e-03	3.189318e+00	-3.189358e-01
7.017767548514578e-03	3.189317e+00	-3.189352e-01
7.027767548514577e-03	3.189318e+00	-3.189358e-01
7.037767548514578e-03	3.189317e+00	-3.189352e-01
7.047767548514577e-03	3.189318e+00	-3.189358e-01
7.057767548514578e-03	3.189317e+00	-3.189352e-01
7.067767548514577e-03	3.189318e+00	-3.189358e-01
7.077767548514578e-03	3.189317e+00	-3.189352e-01
7.087767548514578e-03	3.189318e+00	-3.189358e-01
7.097767548514578e-03	3.189317e+00	-3.189352e-01
7.107767548514578e-03	3.189318e+00	-3.189358e-01
7.117767548514577e-03	3.189317e+00	-3.189352e-01
7.127767548514578e-03	3.189318e+00	-3.189358e-01
7.137767548514577e-03	3.189317e+00	-3.189352e-01
7.147767548514578e-03	3.189318e+00	-3.189358e-01
7.157767548514577e-03	3.189317e+00	-3.189352e-01
7.167767548514578e-03	3.189318e+00	-3.189358e-01
7.177767548514577e-03	3.189317e+00	-3.189352e-01
7.187767548514578e-03	3.189318e+00	-3.189358e-01
7.197767548514577e-03	3.189317e+00	-3.189352e-01
7.207767548514578e-03	3.189318e+00	-3.189358e-01
7.217767548514577e-03	3.189317e+00	-3.189352e-01
7.227767548514578e-03	3.189318e+00	-3.189358e-01
7.237767548514577e-03	3.189317e+00	-3.189352e-01
7.247767548514578e-03	3.189318e+00	-3.189358e-01
7.257767548514578e-03	3.189317e+00	-3.189352e-01
7.267767548514578e-03	3.189318e+00	-3.189358e-01
7.277767548514578e-03	3.189317e+00	-3.189352e-01
7.287767548514577e-03	3.189318e+00	-3.189358e-01
7.297767548514578e-03	3.189317e+00	-3.189352e-01
7.307767548514577e-03	3.189318e+00	-3.189358e-01
7.317767548514578e-03	3.189317e+00	-3.189352e-01
7.327767548514577e-03	3.189318e+00	-3.189358e-01
7.337767548514578e-03	3.189317e+00	-3.189352e-01
7.347767548514577e-03	3.189318e+00	-3.189358e-01
7.357767548514578e-03	3.189317e+00	-3.189352e-01
7.367767548514577e-03	3.189318e+00	-3.189358e-01
7.377767548514578e-03	3.189317e+00	-3.189352e-01
7.387767548514577e-03	3.189318e+00	-3.189358e-01
7.397767548514578e-03	3.189317e+00	-3.189352e-01
7.407767548514578e-03	3.189318e+00	-3.189358e-01
7.417767548514578e-03	3.189317e+00	-3.189352e-01
7.427767548514578e-03	3.189318e+00	-3.189358e-01
7.437767548514577e-03	3.189317e+00	-3.189352e-01
7.447767548514578e-03	3.189318e+00	-3.189358e-01
7.457767548514577e-03	3.189317e+00	-3.189352e-01
7.467767548514578e-03	3.189318e+00	-3.189358e-01
7.477767548514577e-03	3.189317e+00	-3.189352e-01
7.487767548514578e-03	3.189318e+00	-3.189358e-01
7.497767548514577e-03	3.189317e+00	-3.189352e-01
7.507767548514578e-03	3.189318e+00	-3.189358e-01
7.517767548514577e-03	3.189317e+00	-3.189352e-01
7.527767548514578e-03	3.189318e+00	-3.189358e-01
7.537767548514577e-03	3.189317e+00	-3.189352e-01
7.547767548514578e-03	3.189318e+00	-3.189358e-01
7.557767548514577e-03	3.189317e+00	-3.189352e-01
7.567767548514578e-03	3.189318e+00	-3.189358e-01
7.577767548514578e-03	3.189317e+00	-3.189352e-01
7.587767548514578e-03	3.189318e+00	-3.189358e-01
7.597767548514578e-03	3.189317e+00	-3.189352e-01
7.607767548514577e-03	3.189318e+00	-3.189358e-01
7.617767548514578e-03	3.189317e+00	-3.189352e-01
7.627767548514577e-03	3.189318e+00	-3.189358e-01
7.637767548514578e-03	3.189317e+00	-3.189352e-01
7.647767548514577e-03	3.189318e+00	-3.189358e-01
7.657767548514578e-03	3.189317e+00	-3.189352e-01
7.667767548514577e-03	3.189318e+00	-3.189358e-01
7.677767548514578e-03	3.189317e+00	-3.189352e-01
7.687767548514577e-03	3.189318e+00	-3.189358e-01
7.697767548514578e-03	3.189317e+00	-3.189352e-01
7.707767548514577e-03	3.189318e+00	-3.189358e-01
7.717767548514578e-03	3.189317e+00	-3.189352e-01
7.727767548514577e-03	3.189318e+00	-3.189358e-01
7.737767548514578e-03	3.189317e+00	-3.189352e-01
7.747767548514578e-03	3.189318e+00	-3.189358e-01
7.757767548514577e-03	3.189317e+00	-3.189352e-01
7.767767548514578e-03	3.189318e+00	-3.189358e-01
7.777767548514577e-03	3.189317e+00	-3.189352e-01
7.787767548514578e-03	3.189318e+00	-3.189358e-01
7.797767548514577e-03	3.189317e+00	-3.189352e-01
7.807767548514578e-03	3.189318e+00	-3.189358e-01
7.817767548514577e-03	3.189317e+00	-3.189352e-01
7.827767548514577e-03	3.189318e+00	-3.189358e-01
7.837767548514578e-03	3.189317e+00	-3.189352e-01
7.847767548514578e-03	3.189318e+00	-3.189358e-01
7.857767548514577e-03	3.189317e+00	-3.189352e-01
7.867767548514577e-03	3.189318e+00	-3.189358e-01
7.877767548514578e-03	3.189317e+00	-3.189352e-01
7.887767548514578e-03	3.189318e+00	-3.189358e-01
7.897767548514577e-03	3.189317e+00	-3.189352e-01
7.907767548514577e-03	3.189318e+00	-3.189358e-01
7.917767548514577e-03	3.189317e+00	-3.189352e-01
7.927767548514578e-03	3.189318e+00	-3.189358e-01
7.937767548514578e-03	3.189317e+00	-3.189352e-01
7.947767548514577e-03	3.189318e+00	-3.189358e-01
7.957767548514577e-03	3.189317e+00	-3.189352e-01
7.967767548514578e-03	3.189318e+00	-3.189358e-01
7.977767548514578e-03	3.189317e+00	-3.189352e-01
7.987767548514577e-03	3.189318e+00	-3.189358e-01
7.997767548514577e-03	3.189317e+00	-3.189352e-01
8.007767548514578e-03	3.189318e+00	-3.189358e-01
8.017767548514578e-03	3.189317e+00	-3.189352e-01
8.027767548514577e-03	3.189318e+00	-3.189358e-01
8.037767548514577e-03	3.189317e+00	-3.189352e-01
8.047767548514578e-03	3.189318e+00	-3.189358e-01
8.057767548514578e-03	3.189317e+00	-3.189352e-01
8.067767548514578e-03	3.189318e+00	-3.189358e-01
8.077767548514577e-03	3.189317e+00	-3.189352e-01
8.087767548514577e-03	3.189318e+00	-3.189358e-01
8.097767548514578e-03	3.189317e+00	-3.189352e-01
8.107767548514578e-03	3.189318e+00	-3.189358e-01
8.117767548514577e-03	3.189317e+00	-3.189352e-01
8.127767548514577e-03	3.189318e+00	-3.189358e-01
8.137767548514578e-03	3.189317e+00	-3.189352e-01
8.147767548514578e-03	3.189318e+00	-3.189358e-01
8.157767548514577e-03	3.189317e+00	-3.189352e-01
8.167767548514577e-03	3.189318e+00	-3.189358e-01
8.177767548514578e-03	3.189317e+00	-3.189352e-01
8.187767548514578e-03	3.189318e+00	-3.189358e-01
8.197767548514577e-03	3.189317e+00	-3.189352e-01
8.207767548514577e-03	3.189318e+00	-3.189358e-01
8.217767548514578e-03	3.189317e+00	-3.189352e-01
8.227767548514578e-03	3.189318e+00	-3.189358e-01
8.237767548514578e-03	3.189317e+00	-3.189352e-01
8.247767548514577e-03	3.189318e+00	-3.189358e-01
8.257767548514577e-03	3.189317e+00	-3.189352e-01
8.267767548514578e-03	3.189318e+00	-3.189358e-01
8.277767548514578e-03	3.189317e+00	-3.189352e-01
8.287767548514577e-03	3.189318e+00	-3.189358e-01
8.297767548514577e-03	3.189317e+00	-3.189352e-01
8.307767548514578e-03	3.189318e+00	-3.189358e-01
8.317767548514578e-03	3.189317e+00	-3.189352e-01
8.327767548514577e-03	3.189318e+00	-3.189358e-01
8.337767548514577e-03	3.189317e+00	-3.189352e-01
8.347767548514578e-03	3.189318e+00	-3.189358e-01
8.357767548514578e-03	3.189317e+00	-3.189352e-01
8.367767548514577e-03	3.189318e+00	-3.189358e-01
8.377767548514577e-03	3.189317e+00	-3.189352e-01
8.387767548514578e-03	3.189318e+00	-3.189358e-01
8.397767548514578e-03	3.189317e+00	-3.189352e-01
8.407767548514578e-03	3.189318e+00	-3.189358e-01
8.417767548514577e-03	3.189317e+00	-3.189352e-01
8.427767548514577e-03	3.189318e+00	-3.189358e-01
8.437767548514578e-03	3.189317e+00	-3.189352e-01
8.447767548514578e-03	3.189318e+00	-3.189358e-01
8.457767548514577e-03	3.189317e+00	-3.189352e-01
8.467767548514577e-03	3.189318e+00	-3.189358e-01
8.477767548514578e-03	3.189317e+00	-3.189352e-01
8.487767548514578e-03	3.189318e+00	-3.189358e-01
8.497767548514577e-03	3.189317e+00	-3.189352e-01
8.507767548514577e-03	3.189318e+00	-3.189358e-01
8.517767548514578e-03	3.189317e+00	-3.189352e-01
8.527767548514578e-03	3.189318e+00	-3.189358e-01
8.537767548514577e-03	3.189317e+00	-3.189352e-01
8.547767548514577e-03	3.189318e+00	-3.189358e-01
8.557767548514577e-03	3.189317e+00	-3.189352e-01
8.567767548514578e-03	3.189318e+00	-3.189358e-01
8.577767548514578e-03	3.189317e+00	-3.189352e-01
8.587767548514577e-03	3.189318e+00	-3.189358e-01
8.597767548514577e-03	3.189317e+00	-3.189352e-01
8.607767548514578e-03	3.189318e+00	-3.189358e-01
8.617767548514578e-03	3.189317e+00	-3.189352e-01
8.627767548514577e-03	3.189318e+00	-3.189358e-01
8.637767548514577e-03	3.189317e+00	-3.189352e-01
8.647767548514578e-03	3.189318e+00	-3.189358e-01
8.657767548514578e-03	3.189317e+00	-3.189352e-01
8.667767548514577e-03	3.189318e+00	-3.189358e-01
8.677767548514577e-03	3.189317e+00	-3.189352e-01
8.687767548514578e-03	3.189318e+00	-3.189358e-01
8.697767548514578e-03	3.189317e+00	-3.189352e-01
8.707767548514577e-03	3.189318e+00	-3.189358e-01
8.717767548514577e-03	3.189317e+00	-3.189352e-01
8.727767548514577e-03	3.189318e+00	-3.189358e-01
8.737767548514578e-03	3.189317e+00	-3.189352e-01
8.747767548514578e-03	3.189318e+00	-3.189358e-01
8.757767548514577e-03	3.189317e+00	-3.189352e-01
8.767767548514577e-03	3.189318e+00	-3.189358e-01
8.777767548514578e-03	3.189317e+00	-3.189352e-01
8.787767548514578e-03	3.189318e+00	-3.189358e-01
8.797767548514577e-03	3.189317e+00	-3.189352e-01
8.807767548514577e-03	3.189318e+00	-3.189358e-01
8.817767548514578e-03	3.189317e+00	-3.189352e-01
8.827767548514578e-03	3.189318e+00	-3.189358e-01
8.837767548514577e-03	3.189317e+00	-3.189352e-01
8.847767548514577e-03	3.189318e+00	-3.189358e-01
8.857767548514578e-03	3.189317e+00	-3.189352e-01
8.867767548514578e-03	3.189318e+00	-3.189358e-01
8.877767548514577e-03	3.189317e+00	-3.189352e-01
8.887767548514577e-03	3.189318e+00	-3.189358e-01
8.897767548514577e-03	3.189317e+00	-3.189352e-01
8.907767548514578e-03	3.189318e+00	-3.189358e-01
8.917767548514578e-03	3.189317e+00	-3.189352e-01
8.927767548514577e-03	3.189318e+00	-3.189358e-01
8.937767548514577e-03	3.189317e+00	-3.189352e-01
8.947767548514578e-03	3.189318e+00	-3.189358e-01
8.957767548514578e-03	3.189317e+00	-3.189352e-01
8.967767548514577e-03	3.189318e+00	-3.189358e-01
8.977767548514577e-03	3.189317e+00	-3.189352e-01
8.987767548514578e-03	3.189318e+00	-3.189358e-01
8.997767548514578e-03	3.189317e+00	-3.189352e-01
9.007767548514577e-03	3.189318e+00	-3.189358e-01
9.017767548514577e-03	3.189317e+00	-3.189352e-01
9.027767548514578e-03	3.189318e+00	-3.189358e-01
9.037767548514578e-03	3.189317e+00	-3.189352e-01
9.047767548514577e-03	3.189318e+00	-3.189358e-01
9.057767548514577e-03	3.189317e+00	-3.189352e-01
9.067767548514577e-03	3.189318e+00	-3.189358e-01
9.077767548514578e-03	3.189317e+00	-3.189352e-01
9.087767548514578e-03	3.189318e+00	-3.189358e-01
9.097767548514577e-03	3.189317e+00	-3.189352e-01
9.107767548514577e-03	3.189318e+00	-3.189358e-01
9.117767548514578e-03	3.189317e+00	-3.189352e-01
9.127767548514578e-03	3.189318e+00	-3.189358e-01
9.137767548514577e-03	3.189317e+00	-3.189352e-01
9.147767548514577e-03	3.189318e+00	-3.189358e-01
9.157767548514578e-03	3.189317e+00	-3.189352e-01
9.167767548514578e-03	3.189318e+00	-3.189358e-01
9.177767548514577e-03	3.189317e+00	-3.189352e-01
9.187767548514577e-03	3.189318e+00	-3.189358e-01
9.197767548514577e-03	3.189317e+00	-3.189352e-01
9.207767548514578e-03	3.189318e+00	-3.189358e-01
9.217767548514577e-03	3.189317e+00	-3.189352e-01
9.227767548514577e-03	3.189318e+00	-3.189358e-01
9.237767548514577e-03	3.189317e+00	-3.189352e-01
9.247767548514578e-03	3.189318e+00	-3.189358e-01
9.257767548514578e-03	3.189317e+00	-3.189352e-01
9.267767548514577e-03	3.189318e+00	-3.189358e-01
9.277767548514577e-03	3.189317e+00	-3.189352e-01
9.287767548514578e-03	3.189318e+00	-3.189358e-01
9.297767548514578e-03	3.189317e+00	-3.189352e-01
9.307767548514577e-03	3.189318e+00	-3.189358e-01
9.317767548514577e-03	3.189317e+00	-3.189352e-01
9.327767548514578e-03	3.189318e+00	-3.189358e-01
9.337767548514578e-03	3.189317e+00	-3.189352e-01
9.347767548514577e-03	3.189318e+00	-3.189358e-01
9.357767548514577e-03	3.189317e+00	-3.189352e-01
9.367767548514577e-03	3.189318e+00	-3.189358e-01
9.377767548514578e-03	3.189317e+00	-3.189352e-01
9.387767548514577e-03	3.189318e+00	-3.189358e-01
9.397767548514577e-03	3.189317e+00	-3.189352e-01
9.407767548514577e-03	3.189318e+00	-3.189358e-01
9.417767548514578e-03	3.189317e+00	-3.189352e-01
9.427767548514578e-03	3.189318e+00	-3.189358e-01
9.437767548514577e-03	3.189317e+00	-3.189352e-01
9.447767548514577e-03	3.189318e+00	-3.189358e-01
9.457767548514578e-03	3.189317e+00	-3.189352e-01
9.467767548514578e-03	3.189318e+00	-3.189358e-01
9.477767548514577e-03	3.189317e+00	-3.189352e-01
9.487767548514577e-03	3.189318e+00	-3.189358e-01
9.497767548514578e-03	3.189317e+00	-3.189352e-01
9.507767548514578e-03	3.189318e+00	-3.189358e-01
9.517767548514577e-03	3.189317e+00	-3.189352e-01
9.527767548514577e-03	3.189318e+00	-3.189358e-01
9.537767548514577e-03	3.189317e+00	-3.189352e-01
9.547767548514578e-03	3.189318e+00	-3.189358e-01
9.557767548514578e-03	3.189317e+00	-3.189352e-01
9.567767548514577e-03	3.189318e+00	-3.189358e-01
9.577767548514577e-03	3.189317e+00	-3.189352e-01
9.587767548514578e-03	3.189318e+00	-3.189358e-01
9.597767548514578e-03	3.189317e+00	-3.189352e-01
9.607767548514577e-03	3.189318e+00	-3.189358e-01
9.617767548514577e-03	3.189317e+00	-3.189352e-01
9.627767548514578e-03	3.189318e+00	-3.189358e-01
9.637767548514578e-03	3.189317e+00	-3.189352e-01
9.647767548514577e-03	3.189318e+00	-3.189358e-01
9.657767548514577e-03	3.189317e+00	-3.189352e-01
9.667767548514578e-03	3.189318e+00	-3.189358e-01
9.677767548514578e-03	3.189317e+00	-3.189352e-01
9.687767548514577e-03	3.189318e+00	-3.189358e-01
9.697767548514577e-03	3.189317e+00	-3.189352e-01
9.707767548514577e-03	3.189318e+00	-3.189358e-01
9.717767548514578e-03	3.189317e+00	-3.189352e-01
9.727767548514578e-03	3.189318e+00	-3.189358e-01
9.737767548514577e-03	3.189317e+00	-3.189352e-01
9.747767548514577e-03	3.189318e+00	-3.189358e-01
9.757767548514578e-03	3.189317e+00	-3.189352e-01
9.767767548514578e-03	3.189318e+00	-3.189358e-01
9.777767548514577e-03	3.189317e+00	-3.189352e-01
9.787767548514577e-03	3.189318e+00	-3.189358e-01
9.797767548514578e-03	3.189317e+00	-3.189352e-01
9.807767548514578e-03	3.189318e+00	-3.189358e-01
9.817767548514577e-03	3.189317e+00	-3.189352e-01
9.827767548514577e-03	3.189318e+00	-3.189358e-01
9.837767548514577e-03	3.189317e+00	-3.189352e-01
9.847767548514578e-03	3.189318e+00	-3.189358e-01
9.857767548514577e-03	3.189317e+00	-3.189352e-01
9.867767548514577e-03	3.189318e+00	-3.189358e-01
9.877767548514577e-03	3.189317e+00	-3.189352e-01
9.887767548514578e-03	3.189318e+00	-3.189358e-01
9.897767548514578e-03	3.189317e+00	-3.189352e-01
9.907767548514577e-03	3.189318e+00	-3.189358e-01
9.917767548514577e-03	3.189317e+00	-3.189352e-01
9.927767548514578e-03	3.189318e+00	-3.189358e-01
9.937767548514578e-03	3.189317e+00	-3.189352e-01
9.947767548514577e-03	3.189318e+00	-3.189358e-01
9.957767548514577e-03	3.189317e+00	-3.189352e-01
9.967767548514578e-03	3.189318e+00	-3.189358e-01
9.977767548514578e-03	3.189317e+00	-3.189352e-01
9.987767548514577e-03	3.189318e+00	-3.189358e-01
9.997767548514577e-03	3.189317e+00	-3.189352e-01
1.000000000000000e-02	3.189339e+00	-3.189358e-01
1.000000000100000e-02	3.189307e+00	-3.189352e-01
1.000000000200000e-02	3.189320e+00	-3.189356e-01
1.000000000347517e-02	3.189318e+00	-3.189353e-01
1.000000000560198e-02	3.189317e+00	-3.189356e-01
1.000000000985560e-02	3.189318e+00	-3.189353e-01
1.000000001836286e-02	3.189318e+00	-3.189356e-01
1.000000003537736e-02	3.189318e+00	-3.189353e-01
1.000000006940636e-02	3.189318e+00	-3.189356e-01
1.000000013746437e-02	3.189318e+00	-3.189354e-01
1.000000027358039e-02	3.189319e+00	-3.189356e-01
1.000000054581244e-02	3.189323e+00	-3.189354e-01
1.000000109027652e-02	3.189333e+00	-3.189356e-01
1.000000217920468e-02	3.189340e+00	-3.189354e-01
1.000000435706101e-02	3.189287e+00	-3.189357e-01
1.000000871277367e-02	3.189093e+00	-3.189354e-01
1.000001494136598e-02	3.188716e+00	-3.189357e-01
1.000002566913084e-02	3.187378e+00	-3.189354e-01
1.000004712466056e-02	3.185601e+00	-3.189358e-01
1.000006424045584e-02	3.179476e+00	-3.189355e-01
1.000007674898759e-02	3.165661e+00	-3.189358e-01
1.000008746539026e-02	3.159237e+00	-3.189355e-01
1.000010198874153e-02	3.180918e+00	-3.189358e-01
1.000011039106971e-02	3.191833e+00	-3.189356e-01
1.000012042677939e-02	3.192109e+00	-3.189359e-01
1.000013138590309e-02	3.196431e+00	-3.189357e-01
1.000015330415050e-02	3.216602e+00	-3.189361e-01
1.000019714064532e-02	3.238838e+00	-3.189363e-01
1.000024406669408e-02	3.239943e+00	-3.189371e-01
1.000029920291802e-02	3.231165e+00	-3.189370e-01
1.000035980624096e-02	3.192953e+00	-3.189372e-01
1.000041516404198e-02	3.190009e+00	-3.189368e-01
1.000051376413969e-02	3.190067e+00	-3.189369e-01
1.000071096433511e-02	3.189501e+00	-3.189362e-01
1.000091422343338e-02	3.188947e+00	-3.189360e-01
1.000112066004568e-02	3.188401e+00	-3.189353e-01
1.000131952206289e-02	3.188691e+00	-3.189352e-01
1.000147807144610e-02	3.189249e+00	-3.189346e-01
1.000165609064312e-02	3.189533e+00	-3.189345e-01
1.000182778638803e-02	3.189759e+00	-3.189339e-01
1.000212604685749e-02	3.189951e+00	-3.189335e-01
1.000237006661373e-02	3.189540e+00	-3.189328e-01
1.000258306586116e-02	3.189434e+00	-3.189326e-01
1.000280560178273e-02	3.189321e+00	-3.189319e-01
1.000304581715088e-02	3.189288e+00	-3.189316e-01
1.000327374751079e-02	3.189175e+00	-3.189309e-01
1.000350014628095e-02	3.189166e+00	-3.189307e-01
1.000371683336128e-02	3.189090e+00	-3.189299e-01
1.000393324211447e-02	3.189100e+00	-3.189297e-01
1.000414092501692e-02	3.189035e+00	-3.189290e-01
1.000431780258326e-02	3.189050e+00	-3.189289e-01
1.000446620968552e-02	3.189002e+00	-3.189282e-01
1.000462741545783e-02	3.189023e+00	-3.189282e-01
1.000477980734833e-02	3.188982e+00	-3.189276e-01
1.000498419334278e-02	3.189004e+00	-3.189274e-01
1.000522854788506e-02	3.188961e+00	-3.189265e-01
1.000553932718277e-02	3.188971e+00	-3.189261e-01
1.000589506201714e-02	3.188918e+00	-3.189250e-01
1.000633664562168e-02	3.188914e+00	-3.189243e-01
1.000685830861813e-02	3.188844e+00	-3.189228e-01
1.000752710798013e-02	3.188809e+00	-3.189214e-01
1.000836360209352e-02	3.188683e+00	-3.189192e-01
1.000950895684968e-02	3.188523e+00	-3.189166e-01
1.001108905718714e-02	3.188096e+00	-3.189123e-01
1.001353514489816e-02	3.187106e+00	-3.189061e-01
1.001769454420879e-02	3.185276e+00	-3.188941e-01
1.002367657974270e-02	3.185595e+00	-3.188760e-01
1.002748238654789e-02	3.186553e+00	-3.188630e-01
1.003042155901968e-02	3.186549e+00	-3.188529e-01
1.003377815309785e-02	3.186258e+00	-3.188400e-01
1.003734752376793e-02	3.186012e+00	-3.188259e-01
1.004101236540287e-02	3.185683e+00	-3.188098e-01
1.004447401975708e-02	3.185381e+00	-3.187940e-01
1.004806573881352e-02	3.184966e+00	-3.187757e-01
1.005153691101468e-02	3.184581e+00	-3.187571e-01
1.005525606682227e-02	3.184071e+00	-3.187349e-01
1.005894273541304e-02	3.183576e+00	-3.187114e-01
1.006336661947323e-02	3.182862e+00	-3.186797e-01
1.006825167161610e-02	3.182045e+00	-3.186410e-01
1.007429050168050e-02	3.180824e+00	-3.185851e-01
1.008121434262144e-02	3.179219e+00	-3.185091e-01
1.009016552147503e-02	3.176511e+00	-3.183835e-01
1.010016552147503e-02	3.172417e+00	-3.181910e-01
1.011016552147503e-02	3.166250e+00	-3.179049e-01
1.012016552147503e-02	3.156007e+00	-3.174410e-01
1.013016552147503e-02	3.137140e+00	-3.165560e-01
1.013625909700305e-02	3.114609e+00	-3.154563e-01
1.014070684762072e-02	3.086565e+00	-3.139433e-01
1.014341923275388e-02	3.066235e+00	-3.129027e-01
1.014589604304839e-02	3.047141e+00	-3.119514e-01
1.014852647993419e-02	3.026909e+00	-3.109417e-01
1.015169733258690e-02	3.002484e+00	-3.097248e-01
1.015651239380664e-02	2.965546e+00	-3.078822e-01
1.016182558343017e-02	2.924941e+00	-3.058581e-01
1.017020276754977e-02	2.861516e+00	-3.026967e-01
1.017845477887957e-02	2.799749e+00	-2.996246e-01
1.018845477887957e-02	2.726142e+00	-2.959690e-01
1.019845477887957e-02	2.653828e+00	-2.923926e-01
1.020845477887957e-02	2.583008e+00	-2.889019e-01
1.021845477887957e-02	2.513597e+00	-2.854994e-01
1.022845477887957e-02	2.445690e+00	-2.821892e-01
1.023845477887957e-02	2.379168e+00	-2.789718e-01
1.024845477887957e-02	2.314109e+00	-2.758490e-01
1.025845477887957e-02	2.250383e+00	-2.728192e-01
1.026845477887957e-02	2.188059e+00	-2.698815e-01
1.027845477887957e-02	2.127007e+00	-2.670310e-01
1.028845477887957e-02	2.067298e+00	-2.642638e-01
1.029845477887957e-02	2.008800e+00	-2.615719e-01
1.030845477887957e-02	1.951584e+00	-2.589486e-01
1.031845477887957e-02	1.895518e+00	-2.563836e-01
1.032845477887957e-02	1.840672e+00	-2.538691e-01
1.033845477887957e-02	1.786917e+00	-2.513944e-01
1.034845477887957e-02	1.734320e+00	-2.489521e-01
1.035845477887957e-02	1.682749e+00	-2.465329e-01
1.036845477887957e-02	1.632272e+00	-2.441315e-01
1.037845477887957e-02	1.582753e+00	-2.417413e-01
1.038845477887957e-02	1.534255e+00	-2.393596e-01
1.039845477887957e-02	1.486636e+00	-2.369827e-01
1.040845477887957e-02	1.439953e+00	-2.346104e-01
1.041845477887957e-02	1.394054e+00	-2.322408e-01
1.042845477887957e-02	1.348979e+00	-2.298749e-01
1.043845477887957e-02	1.304555e+00	-2.275109e-01
1.044845477887957e-02	1.260791e+00	-2.251482e-01
1.045845477887957e-02	1.217457e+00	-2.227807e-01
1.046845477887957e-02	1.174466e+00	-2.203979e-01
1.047739658467072e-02	1.136030e+00	-2.182283e-01
1.048361228631271e-02	1.109267e+00	-2.166758e-01
1.048951804772269e-02	1.083407e+00	-2.151986e-01
1.049501112051406e-02	1.058648e+00	-2.138143e-01
1.050501112051407e-02	1.009912e+00	-2.111755e-01
1.051327776270705e-02	9.624339e-01	-2.085983e-01
1.051664911449946e-02	9.375050e-01	-2.072455e-01
1.051952167987610e-02	9.108472e-01	-2.058257e-01
1.052223879421431e-02	8.812991e-01	-2.042471e-01
1.052459613247706e-02	8.533449e-01	-2.027774e-01
1.052676832088182e-02	8.269682e-01	-2.014073e-01
1.052817482475772e-02	8.099738e-01	-2.005270e-01
1.052973508416334e-02	7.912376e-01	-1.995608e-01
1.053204296990086e-02	7.639809e-01	-1.981570e-01
1.053485344266353e-02	7.314883e-01	-1.964883e-01
1.054013564030637e-02	6.726677e-01	-1.934730e-01
1.054762463184222e-02	5.934677e-01	-1.894477e-01
1.055589301792675e-02	5.117601e-01	-1.853163e-01
1.056589301792675e-02	4.203202e-01	-1.807147e-01
1.057589301792675e-02	3.363792e-01	-1.765084e-01
1.058589301792675e-02	2.594562e-01	-1.726601e-01
1.059589301792675e-02	1.890551e-01	-1.691385e-01
1.060589301792675e-02	1.245205e-01	-1.659132e-01
1.061589301792675e-02	6.542546e-02	-1.629584e-01
1.062589301792675e-02	1.118988e-02	-1.602462e-01
1.063589301792675e-02	-3.852940e-02	-1.577452e-01
1.064589301792675e-02	-8.421630e-02	-1.554206e-01
1.065589301792675e-02	-1.260724e-01	-1.531951e-01
1.066589301792675e-02	-1.643678e-01	-1.509268e-01
1.067589301792675e-02	-1.990220e-01	-1.483745e-01
1.068589301792675e-02	-2.300040e-01	-1.451954e-01
1.069589301792675e-02	-2.568097e-01	-1.410386e-01
1.070589301792675e-02	-2.784826e-01	-1.346118e-01
1.071589301792675e-02	-2.954729e-01	-1.260531e-01
1.072589301792675e-02	-3.100755e-01	-1.171741e-01
1.074589301792675e-02	-3.348861e-01	-9.938259e-02
1.076589301792675e-02	-3.555526e-01	-8.224414e-02
1.078589301792675e-02	-3.731415e-01	-6.615289e-02
1.079589301792675e-02	-3.809448e-01	-5.856867e-02
1.080589301792675e-02	-3.882185e-01	-5.132119e-02
1.081589301792675e-02	-3.948961e-01	-4.442829e-02
1.082589301792675e-02	-4.011019e-01	-3.791237e-02
1.083589301792675e-02	-4.067531e-01	-3.179266e-02
1.084589301792675e-02	-4.119591e-01	-2.609635e-02
1.085589301792675e-02	-4.166244e-01	-2.084745e-02
1.086589301792675e-02	-4.208461e-01	-1.608124e-02
1.087589301792675e-02	-4.245171e-01	-1.182966e-02
1.088589301792675e-02	-4.277218e-01	-8.139757e-03
1.089589301792675e-02	-4.303390e-01	-5.055435e-03
1.090589301792675e-02	-4.324378e-01	-2.640774e-03
1.091589301792675e-02	-4.338766e-01	-9.579610e-04
1.092589301792675e-02	-4.347172e-01	-9.676916e-05
1.093589301792675e-02	-4.349551e-01	1.221429e-06
1.094589301792675e-02	-4.350079e-01	-9.992783e-07
1.095589301792675e-02	-4.348918e-01	1.242806e-06
1.096589301792675e-02	-4.347097e-01	-9.740929e-07
1.097589301792675e-02	-4.341748e-01	1.278331e-06
1.098589301792675e-02	-4.329799e-01	-9.320797e-07
1.099589301792675e-02	-4.318946e-01	1.277298e-06
1.100506859563688e-02	-4.309329e-01	-9.336183e-07
1.101506859563688e-02	-4.298009e-01	1.274306e-06
1.102506859563688e-02	-4.286868e-01	-9.355131e-07
1.103506859563688e-02	-4.274924e-01	1.271193e-06
1.104506859563688e-02	-4.263156e-01	-9.374574e-07
1.105506859563688e-02	-4.250621e-01	1.268022e-06
1.106506859563688e-02	-4.238269e-01	-9.394354e-07
1.107506859563688e-02	-4.225176e-01	1.264812e-06
1.108506859563688e-02	-4.212277e-01	-9.414364e-07
1.109506859563688e-02	-4.198660e-01	1.261576e-06
1.110506859563688e-02	-4.185250e-01	-9.434505e-07
1.111506859563688e-02	-4.171142e-01	1.258324e-06
1.112506859563688e-02	-4.157252e-01	-9.454678e-07
1.113506859563688e-02	-4.142681e-01	1.255066e-06
1.114506859563688e-02	-4.128342e-01	-9.474794e-07
1.115506859563688e-02	-4.113336e-01	1.251811e-06
1.116506859563688e-02	-4.098573e-01	-9.494760e-07
1.117506859563688e-02	-4.083158e-01	1.248569e-06
1.118506859563688e-02	-4.067997e-01	-9.514495e-07
1.119506859563688e-02	-4.052196e-01	1.245347e-06
1.120506859563688e-02	-4.036660e-01	-9.533915e-07
1.121506859563688e-02	-4.020494e-01	1.242153e-06
1.122506859563688e-02	-4.004602e-01	-9.552941e-07
1.123506859563688e-02	-3.988091e-01	1.238995e-06
1.124506859563688e-02	-3.971862e-01	-9.571501e-07
1.125506859563688e-02	-3.955025e-01	1.235880e-06
1.126506859563688e-02	-3.938477e-01	-9.589517e-07
1.127506859563688e-02	-3.921326e-01	1.232814e-06
1.128506859563688e-02	-3.904474e-01	-9.606920e-07
1.129506859563688e-02	-3.887026e-01	1.229806e-06
1.130506859563688e-02	-3.869882e-01	-9.623636e-07
1.131506859563688e-02	-3.852149e-01	1.226861e-06
1.132506859563688e-02	-3.834724e-01	-9.639598e-07
1.133506859563688e-02	-3.816718e-01	1.223986e-06
1.134506859563688e-02	-3.799022e-01	-9.654730e-07
1.135506859563688e-02	-3.780751e-01	1.221188e-06
1.136506859563688e-02	-3.762793e-01	-9.668960e-07
1.137506859563688e-02	-3.744264e-01	1.218474e-06
1.138506859563688e-02	-3.726050e-01	-9.682210e-07
1.139506859563688e-02	-3.707269e-01	1.215852e-06
1.140506859563688e-02	-3.688805e-01	-9.694400e-07
1.141506859563688e-02	-3.669776e-01	1.213329e-06
1.142506859563688e-02	-3.651064e-01	-9.705441e-07
1.143506859563688e-02	-3.631789e-01	1.210915e-06
1.144506859563688e-02	-3.612831e-01	-9.715236e-07
1.145506859563688e-02	-3.593310e-01	1.208618e-06
1.146506859563688e-02	-3.574104e-01	-9.723674e-07
1.147506859563688e-02	-3.554334e-01	1.206451e-06
1.148506859563688e-02	-3.534878e-01	-9.730628e-07
1.149506859563688e-02	-3.514857e-01	1.204425e-06
1.150506859563688e-02	-3.495145e-01	-9.735944e-07
1.151506859563688e-02	-3.474863e-01	1.202559e-06
1.152506859563688e-02	-3.454885e-01	-9.739431e-07
1.153506859563688e-02	-3.434334e-01	1.200871e-06
1.154506859563688e-02	-3.414078e-01	-9.740844e-07
1.155506859563688e-02	-3.393240e-01	1.199389e-06
1.156506859563688e-02	-3.372687e-01	-9.739852e-07
1.157506859563688e-02	-3.351542e-01	1.198153e-06
1.158506859563688e-02	-3.330668e-01	-9.735980e-07
1.159506859563688e-02	-3.309184e-01	1.197217e-06
1.160506859563688e-02	-3.287951e-01	-9.728512e-07
1.161506859563688e-02	-3.266087e-01	1.196672e-06
1.162506859563688e-02	-3.244443e-01	-9.716264e-07
1.163506859563688e-02	-3.222128e-01	1.196674e-06
1.164506859563688e-02	-3.199984e-01	-9.697071e-07
1.165506859563688e-02	-3.177112e-01	1.197471e-06
1.166506859563688e-02	-3.154322e-01	-9.666390e-07
1.167506859563688e-02	-3.130679e-01	1.199844e-06
1.168506859563688e-02	-3.106930e-01	-9.612826e-07
1.169506859563688e-02	-3.082024e-01	1.205802e-06
1.170506859563688e-02	-3.056446e-01	-9.495749e-07
1.171506859563688e-02	-3.028476e-01	1.224768e-06
1.172506859563688e-02	-2.997031e-01	-9.035826e-07
1.173089786384055e-02	-2.974201e-01	1.313954e-06
1.173383829258308e-02	-2.960357e-01	-7.962627e-07
1.173717748790826e-02	-2.941286e-01	1.412386e-06
1.173897771015373e-02	-2.930163e-01	-7.170258e-07
1.174036176565525e-02	-2.920799e-01	1.440629e-06
1.174154114282612e-02	-2.913009e-01	-6.898970e-07
1.174273162003658e-02	-2.904455e-01	1.446794e-06
1.174387534547490e-02	-2.896609e-01	-6.715342e-07
1.174502618692280e-02	-2.888236e-01	1.447064e-06
1.174663627712646e-02	-2.876884e-01	-6.563305e-07
1.174890024776638e-02	-2.860228e-01	1.452337e-06
1.175142025963959e-02	-2.841833e-01	-6.407453e-07
1.175544396061818e-02	-2.811306e-01	1.465228e-06
1.176108264863296e-02	-2.767479e-01	-6.128864e-07
1.177108264863296e-02	-2.684939e-01	1.514003e-06
1.178108264863296e-02	-2.596148e-01	-5.268934e-07
1.179108264863296e-02	-2.486880e-01	1.633655e-06
1.179885833844249e-02	-2.343347e-01	5.449008e-07
1.180607082011337e-02	-2.141061e-01	2.589501e-06
1.181607082011337e-02	-1.723727e-01	2.169234e-06
1.182448861020106e-02	-1.195300e-01	5.463533e-06
1.183256993594593e-02	-5.410278e-02	4.798005e-06
1.183547615882098e-02	-3.080297e-02	5.343114e-06
1.183715618205774e-02	-2.090168e-02	2.137044e-06
1.183920347587179e-02	-1.380682e-02	2.233594e-06
1.184034651275775e-02	-1.143563e-02	6.336419e-07
1.184182327793669e-02	-9.379625e-03	1.545647e-06
1.184327841192391e-02	-8.018732e-03	1.469637e-07
1.184522373661162e-02	-6.782055e-03	1.161575e-06
1.184714374280223e-02	-6.031394e-03	-1.073413e-07
1.184950684830200e-02	-5.433679e-03	9.756806e-07
1.185200422989016e-02	-5.085111e-03	-2.105245e-07
1.185507246606836e-02	-4.806638e-03	8.980203e-07
1.185855035495322e-02	-4.650116e-03	-2.412411e-07
1.186295578633279e-02	-4.494190e-03	8.729461e-07
1.186834466670834e-02	-4.386783e-03	-2.422437e-07
1.187558803093087e-02	-4.223704e-03	8.692343e-07
1.188399587972739e-02	-4.079342e-03	-2.354441e-07
1.189399587972739e-02	-3.872991e-03	8.709997e-07
1.190399587972739e-02	-3.703356e-03	-2.283022e-07
1.191399587972739e-02	-3.503680e-03	8.726403e-07
1.192399587972739e-02	-3.342986e-03	-2.220930e-07
1.193399587972739e-02	-3.152728e-03	8.734078e-07
1.194399587972739e-02	-3.002167e-03	-2.167678e-07
1.195399587972739e-02	-2.822638e-03	8.733731e-07
1.196399587972739e-02	-2.683282e-03	-2.122509e-07
1.197399587972739e-02	-2.515316e-03	8.726111e-07
1.198399587972739e-02	-2.388120e-03	-2.084698e-07
1.199399587972739e-02	-2.232194e-03	8.711920e-07
1.200399587972739e-02	-2.117157e-03	-2.053579e-07
1.201399587972739e-02	-1.973510e-03	8.691798e-07
1.202399587972739e-02	-1.870513e-03	-2.028544e-07
1.203399587972739e-02	-1.738906e-03	8.666330e-07
1.204399587972739e-02	-1.647711e-03	-2.009044e-07
1.205399587972739e-02	-1.527548e-03	8.636038e-07
1.206399587972739e-02	-1.447678e-03	-1.994589e-07
1.207399587972739e-02	-1.338482e-03	8.601391e-07
1.208399587972739e-02	-1.269341e-03	-1.984740e-07
1.209399587972739e-02	-1.170278e-03	8.562806e-07
1.210399587972739e-02	-1.110792e-03	-1.979107e-07
1.211399587972739e-02	-1.021147e-03	8.520654e-07
1.212399587972739e-02	-9.706020e-04	-1.977341e-07
1.213399587972739e-02	-8.896589e-04	8.475267e-07
1.214399587972739e-02	-8.472204e-04	-1.979133e-07
1.215399587972739e-02	-7.739067e-04	8.426942e-07
1.216399587972739e-02	-7.389784e-04	-1.984201e-07
1.217399587972739e-02	-6.726980e-04	8.375945e-07
1.218399587972739e-02	-6.443262e-04	-1.992295e-07
1.219399587972739e-02	-5.841255e-04	8.322519e-07
1.220399587972739e-02	-5.615950e-04	-2.003184e-07
1.221399587972739e-02	-5.069971e-04	8.266883e-07
1.222399587972739e-02	-4.895926e-04	-2.016661e-07
1.223399587972739e-02	-4.398823e-04	8.209237e-07
1.224399587972739e-02	-4.271269e-04	-2.032531e-07
1.225399587972739e-02	-3.815889e-04	8.149768e-07
1.226399587972739e-02	-3.726482e-04	-2.050618e-07
1.227399587972739e-02	-3.308058e-04	8.088646e-07
1.228399587972739e-02	-3.255606e-04	-2.070756e-07
1.229399587972739e-02	-2.870560e-04	8.026033e-07
1.230399587972739e-02	-2.847910e-04	-2.092794e-07
1.231399587972739e-02	-2.490282e-04	7.962078e-07
1.232399587972739e-02	-2.493858e-04	-2.116587e-07
1.233399587972739e-02	-2.162457e-04	7.896923e-07
1.234399587972739e-02	-2.188683e-04	-2.142004e-07
1.235399587972739e-02	-1.876354e-04	7.830700e-07
1.236399587972739e-02	-1.922846e-04	-2.168921e-07
1.237399587972739e-02	-1.631975e-04	7.763537e-07
1.238399587972739e-02	-1.695156e-04	-2.197222e-07
1.239399587972739e-02	-1.417398e-04	7.695553e-07
1.240399587972739e-02	-1.497269e-04	-2.226799e-07
1.241399587972739e-02	-1.233816e-04	7.626863e-07
1.242399587972739e-02	-1.326799e-04	-2.257555e-07
1.243399587972739e-02	-1.075268e-04	7.557578e-07
1.244399587972739e-02	-1.177788e-04	-2.289397e-07
1.245399587972739e-02	-9.369850e-05	7.487802e-07
1.246399587972739e-02	-1.050234e-04	-2.322240e-07
1.247399587972739e-02	-8.177757e-05	7.417637e-07
1.248399587972739e-02	-9.381771e-05	-2.356007e-07
1.249399587972739e-02	-7.140636e-05	7.347180e-07
1.250399587972739e-02	-8.428097e-05	-2.390627e-07
1.251399587972739e-02	-6.246567e-05	7.276525e-07
1.252399587972739e-02	-7.581711e-05	-2.426036e-07
1.253399587972739e-02	-5.459785e-05	7.205763e-07
1.254399587972739e-02	-6.866455e-05	-2.462173e-07
1.255399587972739e-02	-4.780293e-05	7.134979e-07
1.256399587972739e-02	-6.234646e-05	-2.498987e-07
1.257399587972739e-02	-4.184246e-05	7.064257e-07
1.258399587972739e-02	-5.686283e-05	-2.536429e-07
1.259399587972739e-02	-3.671646e-05	6.993678e-07
1.260399587972739e-02	-5.197525e-05	-2.574455e-07
1.261399587972739e-02	-3.218651e-05	6.923317e-07
1.262399587972739e-02	-4.780293e-05	-2.613026e-07
1.263399587972739e-02	-2.825260e-05	6.853247e-07
1.264399587972739e-02	-4.410744e-05	-2.652104e-07
1.265399587972739e-02	-2.479553e-05	6.783536e-07
1.266399587972739e-02	-4.088879e-05	-2.691658e-07
1.267399587972739e-02	-2.181530e-05	6.714249e-07
1.268399587972739e-02	-3.814697e-05	-2.731655e-07
1.269399587972739e-02	-1.907349e-05	6.645444e-07
1.270399587972739e-02	-3.564358e-05	-2.772065e-07
1.271399587972739e-02	-1.668930e-05	6.577178e-07
1.272399587972739e-02	-3.337860e-05	-2.812861e-07
1.273399587972739e-02	-1.454353e-05	6.509500e-07
1.274399587972739e-02	-3.147125e-05	-2.854013e-07
1.275399587972739e-02	-1.287460e-05	6.442456e-07
1.276399587972739e-02	-2.980232e-05	-2.895495e-07
1.277399587972739e-02	-1.120567e-05	6.376084e-07
1.278399587972739e-02	-2.813339e-05	-2.937278e-07
1.279399587972739e-02	-9.655952e-06	6.310420e-07
1.280399587972739e-02	-2.682209e-05	-2.979333e-07
1.281399587972739e-02	-8.344650e-06	6.245493e-07
1.282399587972739e-02	-2.563000e-05	-3.021632e-07
1.283399587972739e-02	-7.152557e-06	6.181327e-07
1.284399587972739e-02	-2.443790e-05	-3.064143e-07
1.285399587972739e-02	-5.960464e-06	6.117942e-07
1.286399587972739e-02	-2.348423e-05	-3.106838e-07
1.287399587972739e-02	-5.125999e-06	6.055353e-07
1.288399587972739e-02	-2.264977e-05	-3.149683e-07
1.289399587972739e-02	-4.172325e-06	5.993569e-07
1.290399587972739e-02	-2.181530e-05	-3.192646e-07
1.291399587972739e-02	-3.457069e-06	5.932598e-07
1.292399587972739e-02	-2.110004e-05	-3.235697e-07
1.293399587972739e-02	-2.741814e-06	5.872443e-07
1.294399587972739e-02	-2.050400e-05	-3.278801e-07
1.295399587972739e-02	-2.145767e-06	5.813103e-07
1.296399587972739e-02	-1.990795e-05	-3.321925e-07
1.297399587972739e-02	-1.430511e-06	5.754576e-07
1.298399587972739e-02	-1.931190e-05	-3.365038e-07
1.299399587972739e-02	-9.536743e-07	5.696857e-07
1.300399587972739e-02	-1.883507e-05	-3.408109e-07
1.301399587972739e-02	-3.576279e-07	5.639938e-07
1.302399587972739e-02	-1.835823e-05	-3.451104e-07
1.303399587972739e-02	0.000000e+00	5.583811e-07
1.304399587972739e-02	-1.788139e-05	-3.493995e-07
1.305399587972739e-02	4.768372e-07	5.528467e-07
1.306399587972739e-02	-1.752377e-05	-3.536753e-07
1.307399587972739e-02	7.152557e-07	5.473894e-07
1.308399587972739e-02	-1.728535e-05	-3.579349e-07
1.309399587972739e-02	1.192093e-06	5.420083e-07
1.310399587972739e-02	-1.692772e-05	-3.621758e-07
1.311399587972739e-02	1.430511e-06	5.367019e-07
1.312399587972739e-02	-1.668930e-05	-3.663955e-07
1.313399587972739e-02	1.788139e-06	5.314683e-07
1.314399587972739e-02	-1.633167e-05	-3.705908e-07
1.315399587972739e-02	1.907349e-06	5.263055e-07
1.316399587972739e-02	-1.609325e-05	-3.747574e-07
1.317399587972739e-02	2.264977e-06	5.212108e-07
1.318399587972739e-02	-1.585484e-05	-3.788926e-07
1.319399587972739e-02	2.384186e-06	5.161823e-07
1.320399587972739e-02	-1.561642e-05	-3.829937e-07
1.321399587972739e-02	2.622604e-06	5.112183e-07
1.322399587972739e-02	-1.549721e-05	-3.870588e-07
1.323399587972739e-02	2.741814e-06	5.063175e-07
1.324399587972739e-02	-1.525879e-05	-3.910862e-07
1.325399587972739e-02	2.980232e-06	5.014786e-07
1.326399587972739e-02	-1.525879e-05	-3.950746e-07
1.327399587972739e-02	2.980232e-06	4.967005e-07
1.328399587972739e-02	-1.502037e-05	-3.990225e-07
1.329399587972739e-02	3.337860e-06	4.919825e-07
1.330399587972739e-02	-1.490116e-05	-4.029292e-07
1.331399587972739e-02	3.337860e-06	4.873236e-07
1.332399587972739e-02	-1.466274e-05	-4.067937e-07
1.333399587972739e-02	3.457069e-06	4.827231e-07
1.334399587972739e-02	-1.466274e-05	-4.106154e-07
1.335399587972739e-02	3.576279e-06	4.781803e-07
1.336399587972739e-02	-1.454353e-05	-4.143938e-07
1.337399587972739e-02	3.695488e-06	4.736944e-07
1.338399587972739e-02	-1.442432e-05	-4.181283e-07
1.339399587972739e-02	3.695488e-06	4.692650e-07
1.340399587972739e-02	-1.430511e-05	-4.218188e-07
1.341399587972739e-02	3.933907e-06	4.648912e-07
1.342399587972739e-02	-1.418591e-05	-4.254648e-07
1.343399587972739e-02	3.933907e-06	4.605727e-07
1.344399587972739e-02	-1.406670e-05	-4.290662e-07
1.345399587972739e-02	4.053116e-06	4.563087e-07
1.346399587972739e-02	-1.394749e-05	-4.326228e-07
1.347399587972739e-02	4.172325e-06	4.520987e-07
1.348399587972739e-02	-1.382828e-05	-4.361347e-07
1.349399587972739e-02	4.291534e-06	4.479422e-07
1.350399587972739e-02	-1.370907e-05	-4.396019e-07
1.351399587972739e-02	4.291534e-06	4.438386e-07
1.352399587972739e-02	-1.370907e-05	-4.430242e-07
1.353399587972739e-02	4.291534e-06	4.397873e-07
1.354399587972739e-02	-1.358986e-05	-4.464019e-07
1.355399587972739e-02	4.410744e-06	4.357879e-07
1.356399587972739e-02	-1.347065e-05	-4.497350e-07
1.357399587972739e-02	4.410744e-06	4.318397e-07
1.358399587972739e-02	-1.347065e-05	-4.530237e-07
1.359399587972739e-02	4.529953e-06	4.279422e-07
1.360399587972739e-02	-1.347065e-05	-4.562683e-07
1.361399587972739e-02	4.649162e-06	4.240948e-07
1.362399587972739e-02	-1.323223e-05	-4.594688e-07
1.363399587972739e-02	4.649162e-06	4.202972e-07
1.364399587972739e-02	-1.323223e-05	-4.626255e-07
1.365399587972739e-02	4.768372e-06	4.165486e-07
1.366399587972739e-02	-1.311302e-05	-4.657387e-07
1.367399587972739e-02	4.887581e-06	4.128486e-07
1.368399587972739e-02	-1.299381e-05	-4.688087e-07
1.369399587972739e-02	4.887581e-06	4.091966e-07
1.370399587972739e-02	-1.287460e-05	-4.718358e-07
1.371399587972739e-02	4.887581e-06	4.055920e-07
1.372399587972739e-02	-1.287460e-05	-4.748202e-07
1.373399587972739e-02	4.887581e-06	4.020344e-07
1.374399587972739e-02	-1.275539e-05	-4.777625e-07
1.375399587972739e-02	4.887581e-06	3.985232e-07
1.376399587972739e-02	-1.275539e-05	-4.806627e-07
1.377399587972739e-02	5.006790e-06	3.950579e-07
1.378399587972739e-02	-1.263618e-05	-4.835213e-07
1.379399587972739e-02	5.006790e-06	3.916379e-07
1.380399587972739e-02	-1.263618e-05	-4.863388e-07
1.381399587972739e-02	5.125999e-06	3.882627e-07
1.382399587972739e-02	-1.251698e-05	-4.891154e-07
1.383399587972739e-02	5.125999e-06	3.849317e-07
1.384399587972739e-02	-1.239777e-05	-4.918516e-07
1.385399587972739e-02	5.125999e-06	3.816445e-07
1.386399587972739e-02	-1.251698e-05	-4.945477e-07
1.387399587972739e-02	5.245209e-06	3.784004e-07
1.388399587972739e-02	-1.227856e-05	-4.972041e-07
1.389399587972739e-02	5.245209e-06	3.751991e-07
1.390399587972739e-02	-1.227856e-05	-4.998213e-07
1.391399587972739e-02	5.364418e-06	3.720398e-07
1.392399587972739e-02	-1.227856e-05	-5.023996e-07
1.393399587972739e-02	5.364418e-06	3.689222e-07
1.394399587972739e-02	-1.215935e-05	-5.049395e-07
1.395399587972739e-02	5.483627e-06	3.658457e-07
1.396399587972739e-02	-1.204014e-05	-5.074413e-07
1.397399587972739e-02	5.364418e-06	3.628098e-07
1.398399587972739e-02	-1.204014e-05	-5.099056e-07
1.399399587972739e-02	5.483627e-06	3.598139e-07
1.400399587972739e-02	-1.204014e-05	-5.123326e-07
1.401399587972739e-02	5.602837e-06	3.568576e-07
1.402399587972739e-02	-1.192093e-05	-5.147230e-07
1.403399587972739e-02	5.602837e-06	3.539404e-07
1.404399587972739e-02	-1.192093e-05	-5.170769e-07
1.405399587972739e-02	5.602837e-06	3.510616e-07
1.406399587972739e-02	-1.180172e-05	-5.193950e-07
1.407399587972739e-02	5.602837e-06	3.482210e-07
1.408399587972739e-02	-1.180172e-05	-5.216775e-07
1.409399587972739e-02	5.602837e-06	3.454178e-07
1.410399587972739e-02	-1.180172e-05	-5.239250e-07
1.411399587972739e-02	5.602837e-06	3.426518e-07
1.412399587972739e-02	-1.156330e-05	-5.261378e-07
1.413399587972739e-02	5.722046e-06	3.399223e-07
1.414399587972739e-02	-1.156330e-05	-5.283164e-07
1.415399587972739e-02	5.722046e-06	3.372289e-07
1.416399587972739e-02	-1.156330e-05	-5.304612e-07
1.417399587972739e-02	5.722046e-06	3.345711e-07
1.418399587972739e-02	-1.144409e-05	-5.325726e-07
1.419399587972739e-02	5.722046e-06	3.319484e-07
1.420399587972739e-02	-1.156330e-05	-5.346511e-07
1.421399587972739e-02	5.841255e-06	3.293604e-07
1.422399587972739e-02	-1.132488e-05	-5.366969e-07
1.423399587972739e-02	5.841255e-06	3.268066e-07
1.424399587972739e-02	-1.132488e-05	-5.387107e-07
1.425399587972739e-02	5.960464e-06	3.242865e-07
1.426399587972739e-02	-1.132488e-05	-5.406927e-07
1.427399587972739e-02	5.960464e-06	3.217997e-07
1.428399587972739e-02	-1.120567e-05	-5.426434e-07
1.429399587972739e-02	5.960464e-06	3.193456e-07
1.430399587972739e-02	-1.120567e-05	-5.445632e-07
1.431399587972739e-02	6.079674e-06	3.169240e-07
1.432399587972739e-02	-1.120567e-05	-5.464525e-07
1.433399587972739e-02	5.960464e-06	3.145343e-07
1.434399587972739e-02	-1.108646e-05	-5.483116e-07
1.435399587972739e-02	5.960464e-06	3.121761e-07
1.436399587972739e-02	-1.108646e-05	-5.501411e-07
1.437399587972739e-02	5.960464e-06	3.098489e-07
1.438399587972739e-02	-1.096725e-05	-5.519412e-07
1.439399587972739e-02	6.079674e-06	3.075523e-07
1.440399587972739e-02	-1.096725e-05	-5.537125e-07
1.441399587972739e-02	6.079674e-06	3.052860e-07
1.442399587972739e-02	-1.084805e-05	-5.554551e-07
1.443399587972739e-02	6.079674e-06	3.030494e-07
1.444399587972739e-02	-1.084805e-05	-5.571696e-07
1.445399587972739e-02	6.079674e-06	3.008422e-07
1.446399587972739e-02	-1.084805e-05	-5.588564e-07
1.447399587972739e-02	6.198883e-06	2.986640e-07
1.448399587972739e-02	-1.084805e-05	-5.605157e-07
1.449399587972739e-02	6.079674e-06	2.965143e-07
1.450399587972739e-02	-1.072884e-05	-5.621480e-07
1.451399587972739e-02	6.198883e-06	2.943927e-07
1.452399587972739e-02	-1.072884e-05	-5.637537e-07
1.453399587972739e-02	6.198883e-06	2.922989e-07
1.454399587972739e-02	-1.072884e-05	-5.653330e-07
1.455399587972739e-02	6.318092e-06	2.902325e-07
1.456399587972739e-02	-1.060963e-05	-5.668865e-07
1.457399587972739e-02	6.318092e-06	2.881931e-07
1.458399587972739e-02	-1.060963e-05	-5.684144e-07
1.459399587972739e-02	6.318092e-06	2.861802e-07
1.460399587972739e-02	-1.049042e-05	-5.699169e-07
1.461399587972739e-02	6.198883e-06	2.841936e-07
1.462399587972739e-02	-1.060963e-05	-5.713947e-07
1.463399587972739e-02	6.318092e-06	2.822328e-07
1.464399587972739e-02	-1.037121e-05	-5.728480e-07
1.465399587972739e-02	6.318092e-06	2.802975e-07
1.466399587972739e-02	-1.037121e-05	-5.742770e-07
1.467399587972739e-02	6.437302e-06	2.783874e-07
1.468399587972739e-02	-1.049042e-05	-5.756822e-07
1.469399587972739e-02	6.318092e-06	2.765020e-07
1.470399587972739e-02	-1.049042e-05	-5.770639e-07
1.471399587972739e-02	6.318092e-06	2.746410e-07
1.472399587972739e-02	-1.037121e-05	-5.784224e-07
1.473399587972739e-02	6.318092e-06	2.728041e-07
1.474399587972739e-02	-1.037121e-05	-5.797581e-07
1.475399587972739e-02	6.437302e-06	2.709909e-07
1.476399587972739e-02	-1.025200e-05	-5.810712e-07
1.477399587972739e-02	6.437302e-06	2.692011e-07
1.478399587972739e-02	-1.013279e-05	-5.823621e-07
1.479399587972739e-02	6.437302e-06	2.674343e-07
1.480399587972739e-02	-1.013279e-05	-5.836312e-07
1.481399587972739e-02	6.437302e-06	2.656903e-07
1.482399587972739e-02	-1.013279e-05	-5.848786e-07
1.483399587972739e-02	6.437302e-06	2.639686e-07
1.484399587972739e-02	-1.013279e-05	-5.861048e-07
1.485399587972739e-02	6.437302e-06	2.622691e-07
1.486399587972739e-02	-1.013279e-05	-5.873099e-07
1.487399587972739e-02	6.437302e-06	2.605912e-07
1.488399587972739e-02	-1.013279e-05	-5.884944e-07
1.489399587972739e-02	6.437302e-06	2.589349e-07
1.490399587972739e-02	-1.013279e-05	-5.896585e-07
1.491399587972739e-02	6.437302e-06	2.572996e-07
1.492399587972739e-02	-1.001358e-05	-5.908025e-07
1.493399587972739e-02	6.556511e-06	2.556852e-07
1.494399587972739e-02	-9.894371e-06	-5.919268e-07
1.495399587972739e-02	6.556511e-06	2.540914e-07
1.496399587972739e-02	-9.894371e-06	-5.930314e-07
1.497399587972739e-02	6.556511e-06	2.525177e-07
1.498399587972739e-02	-9.894371e-06	-5.941169e-07
1.499399587972739e-02	6.556511e-06	2.509640e-07
1.500399587972739e-02	-9.775162e-06	-5.951834e-07
1.501399587972739e-02	6.556511e-06	2.494300e-07
1.502399587972739e-02	-9.775162e-06	-5.962312e-07
1.503399587972739e-02	6.556511e-06	2.479153e-07
1.504399587972739e-02	-9.894371e-06	-5.972606e-07
1.505399587972739e-02	6.556511e-06	2.464198e-07
1.506399587972739e-02	-9.894371e-06	-5.982718e-07
1.507399587972739e-02	6.556511e-06	2.449430e-07
1.508399587972739e-02	-9.775162e-06	-5.992651e-07
1.509399587972739e-02	6.556511e-06	2.434848e-07
1.510399587972739e-02	-9.775162e-06	-6.002408e-07
1.511399587972739e-02	6.556511e-06	2.420449e-07
1.512399587972739e-02	-9.655952e-06	-6.011991e-07
1.513399587972739e-02	6.556511e-06	2.406230e-07
1.514399587972739e-02	-9.655952e-06	-6.021403e-07
1.515399587972739e-02	6.556511e-06	2.392188e-07
1.516399587972739e-02	-9.655952e-06	-6.030646e-07
1.517399587972739e-02	6.556511e-06	2.378322e-07
1.518399587972739e-02	-9.655952e-06	-6.039723e-07
1.519399587972739e-02	6.675720e-06	2.364628e-07
1.520399587972739e-02	-9.536743e-06	-6.048636e-07
1.521399587972739e-02	6.556511e-06	2.351103e-07
1.522399587972739e-02	-9.536743e-06	-6.057387e-07
1.523399587972739e-02	6.675720e-06	2.337747e-07
1.524399587972739e-02	-9.536743e-06	-6.065980e-07
1.525399587972739e-02	6.556511e-06	2.324555e-07
1.526399587972739e-02	-9.536743e-06	-6.074415e-07
1.527399587972739e-02	6.675720e-06	2.311526e-07
1.528399587972739e-02	-9.417534e-06	-6.082695e-07
1.529399587972739e-02	6.556511e-06	2.298657e-07
1.530399587972739e-02	-9.417534e-06	-6.090824e-07
1.531399587972739e-02	6.675720e-06	2.285947e-07
1.532399587972739e-02	-9.417534e-06	-6.098802e-07
1.533399587972739e-02	6.675720e-06	2.273392e-07
1.534399587972739e-02	-9.417534e-06	-6.106633e-07
1.535399587972739e-02	6.675720e-06	2.260990e-07
1.536399587972739e-02	-9.298325e-06	-6.114317e-07
1.537399587972739e-02	6.556511e-06	2.248740e-07
1.538399587972739e-02	-9.298325e-06	-6.121858e-07
1.539399587972739e-02	6.675720e-06	2.236638e-07
1.540399587972739e-02	-9.298325e-06	-6.129258e-07
1.541399587972739e-02	6.675720e-06	2.224684e-07
1.542399587972739e-02	-9.298325e-06	-6.136518e-07
1.543399587972739e-02	6.556511e-06	2.212874e-07
1.544399587972739e-02	-9.179115e-06	-6.143641e-07
1.545399587972739e-02	6.556511e-06	2.201207e-07
1.546399587972739e-02	-9.298325e-06	-6.150628e-07
1.547399587972739e-02	6.675720e-06	2.189680e-07
1.548399587972739e-02	-9.179115e-06	-6.157482e-07
1.549399587972739e-02	6.675720e-06	2.178292e-07
1.550399587972739e-02	-9.298325e-06	-6.164205e-07
1.551399587972739e-02	6.675720e-06	2.167040e-07
1.552399587972739e-02	-9.298325e-06	-6.170798e-07
1.553399587972739e-02	6.675720e-06	2.155923e-07
1.554399587972739e-02	-9.179115e-06	-6.177264e-07
1.555399587972739e-02	6.675720e-06	2.144938e-07
1.556399587972739e-02	-9.179115e-06	-6.183603e-07
1.557399587972739e-02	6.794930e-06	2.134085e-07
1.558399587972739e-02	-9.059906e-06	-6.189819e-07
1.559399587972739e-02	6.794930e-06	2.123359e-07
1.560399587972739e-02	-9.059906e-06	-6.195913e-07
1.561399587972739e-02	6.675720e-06	2.112761e-07
1.562399587972739e-02	-9.059906e-06	-6.201887e-07
1.563399587972739e-02	6.675720e-06	2.102288e-07
1.564399587972739e-02	-8.940697e-06	-6.207742e-07
1.565399587972739e-02	6.675720e-06	2.091938e-07
1.566399587972739e-02	-8.940697e-06	-6.213481e-07
1.567399587972739e-02	6.675720e-06	2.081709e-07
1.568399587972739e-02	-8.940697e-06	-6.219104e-07
1.569399587972739e-02	6.794930e-06	2.071600e-07
1.570399587972739e-02	-8.940697e-06	-6.224614e-07
1.571399587972739e-02	6.794930e-06	2.061609e-07
1.572399587972739e-02	-8.940697e-06	-6.230013e-07
1.573399587972739e-02	6.794930e-06	2.051734e-07
1.574399587972739e-02	-8.940697e-06	-6.235301e-07
1.575399587972739e-02	6.675720e-06	2.041974e-07
1.576399587972739e-02	-8.940697e-06	-6.240481e-07
1.577399587972739e-02	6.794930e-06	2.032327e-07
1.578399587972739e-02	-8.940697e-06	-6.245555e-07
1.579399587972739e-02	6.794930e-06	2.022791e-07
1.580399587972739e-02	-8.821487e-06	-6.250523e-07
1.581399587972739e-02	6.675720e-06	2.013364e-07
1.582399587972739e-02	-8.821487e-06	-6.255388e-07
1.583399587972739e-02	6.675720e-06	2.004045e-07
1.584399587972739e-02	-8.821487e-06	-6.260151e-07
1.585399587972739e-02	6.794930e-06	1.994833e-07
1.586399587972739e-02	-8.821487e-06	-6.264813e-07
1.587399587972739e-02	6.794930e-06	1.985726e-07
1.588399587972739e-02	-8.702278e-06	-6.269376e-07
1.589399587972739e-02	6.675720e-06	1.976723e-07
1.590399587972739e-02	-8.702278e-06	-6.273841e-07
1.591399587972739e-02	6.675720e-06	1.967821e-07
1.592399587972739e-02	-8.702278e-06	-6.278211e-07
1.593399587972739e-02	6.794930e-06	1.959019e-07
1.594399587972739e-02	-8.702278e-06	-6.282485e-07
1.595399587972739e-02	6.794930e-06	1.950317e-07
1.596399587972739e-02	-8.702278e-06	-6.286666e-07
1.597399587972739e-02	6.675720e-06	1.941712e-07
1.598399587972739e-02	-8.583069e-06	-6.290755e-07
1.599399587972739e-02	6.675720e-06	1.933203e-07
1.600399587972739e-02	-8.583069e-06	-6.294754e-07
1.601399587972739e-02	6.675720e-06	1.924789e-07
1.602399587972739e-02	-8.702278e-06	-6.298663e-07
1.603399587972739e-02	6.794930e-06	1.916468e-07
1.604399587972739e-02	-8.583069e-06	-6.302485e-07
1.605399587972739e-02	6.675720e-06	1.908239e-07
1.606399587972739e-02	-8.702278e-06	-6.306220e-07
1.607399587972739e-02	6.675720e-06	1.900101e-07
1.608399587972739e-02	-8.583069e-06	-6.309870e-07
1.609399587972739e-02	6.794930e-06	1.892052e-07
1.610399587972739e-02	-8.583069e-06	-6.313435e-07
1.611399587972739e-02	6.794930e-06	1.884091e-07
1.612399587972739e-02	-8.583069e-06	-6.316918e-07
1.613399587972739e-02	6.794930e-06	1.876218e-07
1.614399587972739e-02	-8.463860e-06	-6.320319e-07
1.615399587972739e-02	6.675720e-06	1.868429e-07
1.616399587972739e-02	-8.463860e-06	-6.323640e-07
1.617399587972739e-02	6.675720e-06	1.860725e-07
1.618399587972739e-02	-8.463860e-06	-6.326882e-07
1.619399587972739e-02	6.675720e-06	1.853104e-07
1.620399587972739e-02	-8.463860e-06	-6.330046e-07
1.621399587972739e-02	6.675720e-06	1.845565e-07
1.622399587972739e-02	-8.463860e-06	-6.333133e-07
1.623399587972739e-02	6.675720e-06	1.838106e-07
1.624399587972739e-02	-8.463860e-06	-6.336144e-07
1.625399587972739e-02	6.675720e-06	1.830727e-07
1.626399587972739e-02	-8.344650e-06	-6.339081e-07
1.627399587972739e-02	6.675720e-06	1.823426e-07
1.628399587972739e-02	-8.344650e-06	-6.341944e-07
1.629399587972739e-02	6.794930e-06	1.816203e-07
1.630399587972739e-02	-8.344650e-06	-6.344735e-07
1.631399587972739e-02	6.914139e-06	1.809055e-07
1.632399587972739e-02	-8.344650e-06	-6.347455e-07
1.633399587972739e-02	6.675720e-06	1.801983e-07
1.634399587972739e-02	-8.344650e-06	-6.350105e-07
1.635399587972739e-02	6.675720e-06	1.794985e-07
1.636399587972739e-02	-8.344650e-06	-6.352685e-07
1.637399587972739e-02	6.437302e-06	1.788059e-07
1.638399587972739e-02	-8.344650e-06	-6.355198e-07
1.639399587972739e-02	6.675720e-06	1.781205e-07
1.640399587972739e-02	-8.344650e-06	-6.357643e-07
1.641399587972739e-02	6.675720e-06	1.774422e-07
1.642399587972739e-02	-8.106232e-06	-6.360023e-07
1.643399587972739e-02	6.675720e-06	1.767709e-07
1.644399587972739e-02	-8.344650e-06	-6.362337e-07
1.645399587972739e-02	6.675720e-06	1.761065e-07
1.646399587972739e-02	-8.106232e-06	-6.364587e-07
1.647399587972739e-02	6.675720e-06	1.754488e-07
1.648399587972739e-02	-8.106232e-06	-6.366774e-07
1.649399587972739e-02	6.675720e-06	1.747978e-07
1.650399587972739e-02	-8.344650e-06	-6.368899e-07
1.651399587972739e-02	6.675720e-06	1.741534e-07
1.652399587972739e-02	-8.106232e-06	-6.370963e-07
1.653399587972739e-02	6.675720e-06	1.735154e-07
1.654399587972739e-02	-8.106232e-06	-6.372966e-07
1.655399587972739e-02	6.675720e-06	1.728839e-07
1.656399587972739e-02	-8.106232e-06	-6.374910e-07
1.657399587972739e-02	6.675720e-06	1.722587e-07
1.658399587972739e-02	-8.106232e-06	-6.376795e-07
1.659399587972739e-02	6.675720e-06	1.716396e-07
1.660399587972739e-02	-8.106232e-06	-6.378623e-07
1.661399587972739e-02	6.675720e-06	1.710267e-07
1.662399587972739e-02	-8.106232e-06	-6.380394e-07
1.663399587972739e-02	6.675720e-06	1.704199e-07
1.664399587972739e-02	-8.106232e-06	-6.382108e-07
1.665399587972739e-02	6.675720e-06	1.698189e-07
1.666399587972739e-02	-8.106232e-06	-6.383768e-07
1.667399587972739e-02	6.675720e-06	1.692239e-07
1.668399587972739e-02	-8.106232e-06	-6.385374e-07
1.669399587972739e-02	6.675720e-06	1.686346e-07
1.670399587972739e-02	-8.106232e-06	-6.386926e-07
1.671399587972739e-02	6.437302e-06	1.680510e-07
1.672399587972739e-02	-8.106232e-06	-6.388426e-07
1.673399587972739e-02	6.675720e-06	1.674730e-07
1.674399587972739e-02	-8.106232e-06	-6.389873e-07
1.675399587972739e-02	6.675720e-06	1.669005e-07
1.676399587972739e-02	-8.106232e-06	-6.391269e-07
1.677399587972739e-02	6.675720e-06	1.663335e-07
1.678399587972739e-02	-8.106232e-06	-6.392615e-07
1.679399587972739e-02	6.675720e-06	1.657719e-07
1.680399587972739e-02	-8.106232e-06	-6.393912e-07
1.681399587972739e-02	6.675720e-06	1.652156e-07
1.682399587972739e-02	-8.106232e-06	-6.395160e-07
1.683399587972739e-02	6.675720e-06	1.646644e-07
1.684399587972739e-02	-7.867813e-06	-6.396360e-07
1.685399587972739e-02	6.675720e-06	1.641185e-07
1.686399587972739e-02	-7.867813e-06	-6.397512e-07
1.687399587972739e-02	6.675720e-06	1.635776e-07
1.688399587972739e-02	-7.867813e-06	-6.398618e-07
1.689399587972739e-02	6.437302e-06	1.630416e-07
1.690399587972739e-02	-7.867813e-06	-6.399678e-07
1.691399587972739e-02	6.437302e-06	1.625107e-07
1.692399587972739e-02	-7.867813e-06	-6.400693e-07
1.693399587972739e-02	6.675720e-06	1.619845e-07
1.694399587972739e-02	-7.867813e-06	-6.401663e-07
1.695399587972739e-02	6.675720e-06	1.614632e-07
1.696399587972739e-02	-7.867813e-06	-6.402589e-07
1.697399587972739e-02	6.437302e-06	1.609466e-07
1.698399587972739e-02	-7.867813e-06	-6.403473e-07
1.699399587972739e-02	6.675720e-06	1.604346e-07
1.700399587972739e-02	-7.867813e-06	-6.404313e-07
1.701399587972739e-02	6.437302e-06	1.599272e-07
1.702399587972739e-02	-7.867813e-06	-6.405112e-07
1.703399587972739e-02	6.675720e-06	1.594244e-07
1.704399587972739e-02	-7.867813e-06	-6.405869e-07
1.705399587972739e-02	6.437302e-06	1.589260e-07
1.706399587972739e-02	-7.629395e-06	-6.406586e-07
1.707399587972739e-02	6.437302e-06	1.584319e-07
1.708399587972739e-02	-7.867813e-06	-6.407263e-07
1.709399587972739e-02	6.437302e-06	1.579423e-07
1.710399587972739e-02	-7.629395e-06	-6.407900e-07
1.711399587972739e-02	6.437302e-06	1.574568e-07
1.712399587972739e-02	-7.867813e-06	-6.408499e-07
1.713399587972739e-02	6.675720e-06	1.569756e-07
1.714399587972739e-02	-7.629395e-06	-6.409059e-07
1.715399587972739e-02	6.675720e-06	1.564985e-07
1.716399587972739e-02	-7.629395e-06	-6.409582e-07
1.717399587972739e-02	6.437302e-06	1.560255e-07
1.718399587972739e-02	-7.867813e-06	-6.410067e-07
1.719399587972739e-02	6.675720e-06	1.555566e-07
1.720399587972739e-02	-7.629395e-06	-6.410517e-07
1.721399587972739e-02	6.437302e-06	1.550916e-07
1.722399587972739e-02	-7.629395e-06	-6.410930e-07
1.723399587972739e-02	6.437302e-06	1.546305e-07
1.724399587972739e-02	-7.629395e-06	-6.411308e-07
1.725399587972739e-02	6.437302e-06	1.541733e-07
1.726399587972739e-02	-7.629395e-06	-6.411651e-07
1.727399587972739e-02	6.437302e-06	1.537199e-07
1.728399587972739e-02	-7.629395e-06	-6.411959e-07
1.729399587972739e-02	6.675720e-06	1.532702e-07
1.730399587972739e-02	-7.629395e-06	-6.412234e-07
1.731399587972739e-02	6.437302e-06	1.528242e-07
1.732399587972739e-02	-7.629395e-06	-6.412476e-07
1.733399587972739e-02	6.437302e-06	1.523819e-07
1.734399587972739e-02	-7.629395e-06	-6.412685e-07
1.735399587972739e-02	6.437302e-06	1.519432e-07
1.736399587972739e-02	-7.629395e-06	-6.412861e-07
1.737399587972739e-02	6.437302e-06	1.515080e-07
1.738399587972739e-02	-7.629395e-06	-6.413006e-07
1.739399587972739e-02	6.437302e-06	1.510763e-07
1.740399587972739e-02	-7.629395e-06	-6.413119e-07
1.741399587972739e-02	6.437302e-06	1.506480e-07
1.742399587972739e-02	-7.390976e-06	-6.413202e-07
1.743399587972739e-02	6.437302e-06	1.502232e-07
1.744399587972739e-02	-7.629395e-06	-6.413254e-07
1.745399587972739e-02	6.437302e-06	1.498017e-07
1.746399587972739e-02	-7.629395e-06	-6.413277e-07
1.747399587972739e-02	6.437302e-06	1.493834e-07
1.748399587972739e-02	-7.629395e-06	-6.413270e-07
1.749399587972739e-02	6.437302e-06	1.489685e-07
1.750399587972739e-02	-7.629395e-06	-6.413234e-07
1.751399587972739e-02	6.437302e-06	1.485567e-07
1.752399587972739e-02	-7.629395e-06	-6.413169e-07
1.753399587972739e-02	6.437302e-06	1.481481e-07
1.754399587972739e-02	-7.629395e-06	-6.413077e-07
1.755399587972739e-02	6.437302e-06	1.477426e-07
1.756399587972739e-02	-7.390976e-06	-6.412957e-07
1.757399587972739e-02	6.437302e-06	1.473402e-07
1.758399587972739e-02	-7.390976e-06	-6.412810e-07
1.759399587972739e-02	6.437302e-06	1.469408e-07
1.760399587972739e-02	-7.390976e-06	-6.412635e-07
1.761399587972739e-02	6.198883e-06	1.465444e-07
1.762399587972739e-02	-7.390976e-06	-6.412435e-07
1.763399587972739e-02	6.437302e-06	1.461509e-07
1.764399587972739e-02	-7.390976e-06	-6.412208e-07
1.765399587972739e-02	6.437302e-06	1.457604e-07
1.766399587972739e-02	-7.390976e-06	-6.411956e-07
1.767399587972739e-02	6.437302e-06	1.453727e-07
1.768399587972739e-02	-7.390976e-06	-6.411679e-07
1.769399587972739e-02	6.198883e-06	1.449878e-07
1.770399587972739e-02	-7.390976e-06	-6.411377e-07
1.771399587972739e-02	6.437302e-06	1.446057e-07
1.772399587972739e-02	-7.390976e-06	-6.411050e-07
1.773399587972739e-02	6.198883e-06	1.442264e-07
1.774399587972739e-02	-7.390976e-06	-6.410700e-07
1.775399587972739e-02	6.437302e-06	1.438497e-07
1.776399587972739e-02	-7.390976e-06	-6.410326e-07
1.777399587972739e-02	6.198883e-06	1.434757e-07
1.778399587972739e-02	-7.390976e-06	-6.409928e-07
1.779399587972739e-02	6.437302e-06	1.431044e-07
1.780399587972739e-02	-7.390976e-06	-6.409508e-07
1.781399587972739e-02	6.198883e-06	1.427356e-07
1.782399587972739e-02	-7.152557e-06	-6.409065e-07
1.783399587972739e-02	6.198883e-06	1.423694e-07
1.784399587972739e-02	-7.390976e-06	-6.408600e-07
1.785399587972739e-02	6.437302e-06	1.420057e-07
1.786399587972739e-02	-7.390976e-06	-6.408113e-07
1.787399587972739e-02	6.198883e-06	1.416445e-07
1.788399587972739e-02	-7.152557e-06	-6.407604e-07
1.789399587972739e-02	6.437302e-06	1.412858e-07
1.790399587972739e-02	-7.390976e-06	-6.407075e-07
1.791399587972739e-02	6.198883e-06	1.409295e-07
1.792399587972739e-02	-7.152557e-06	-6.406524e-07
1.793399587972739e-02	6.198883e-06	1.405755e-07
1.794399587972739e-02	-7.152557e-06	-6.405953e-07
1.795399587972739e-02	6.198883e-06	1.402239e-07
1.796399587972739e-02	-7.390976e-06	-6.405362e-07
1.797399587972739e-02	6.437302e-06	1.398746e-07
1.798399587972739e-02	-7.390976e-06	-6.404751e-07
1.799399587972739e-02	6.198883e-06	1.395276e-07
1.800399587972739e-02	-7.152557e-06	-6.404120e-07
1.801399587972739e-02	6.198883e-06	1.391829e-07
1.802399587972739e-02	-7.152557e-06	-6.403470e-07
1.803399587972739e-02	6.198883e-06	1.388404e-07
1.804399587972739e-02	-7.152557e-06	-6.402801e-07
1.805399587972739e-02	6.198883e-06	1.385000e-07
1.806399587972739e-02	-7.390976e-06	-6.402113e-07
1.807399587972739e-02	6.198883e-06	1.381619e-07
1.808399587972739e-02	-7.152557e-06	-6.401407e-07
1.809399587972739e-02	6.198883e-06	1.378258e-07
1.810399587972739e-02	-7.152557e-06	-6.400683e-07
1.811399587972739e-02	6.198883e-06	1.374919e-07
1.812399587972739e-02	-7.152557e-06	-6.399941e-07
1.813399587972739e-02	6.198883e-06	1.371600e-07
1.814399587972739e-02	-7.152557e-06	-6.399182e-07
1.815399587972739e-02	6.198883e-06	1.368302e-07
1.816399587972739e-02	-7.152557e-06	-6.398405e-07
1.817399587972739e-02	6.198883e-06	1.365024e-07
1.818399587972739e-02	-7.152557e-06	-6.397611e-07
1.819399587972739e-02	6.198883e-06	1.361766e-07
1.820399587972739e-02	-7.152557e-06	-6.396801e-07
1.821399587972739e-02	6.198883e-06	1.358527e-07
1.822399587972739e-02	-7.152557e-06	-6.395974e-07
1.823399587972739e-02	6.198883e-06	1.355308e-07
1.824399587972739e-02	-7.152557e-06	-6.395131e-07
1.825399587972739e-02	6.198883e-06	1.352108e-07
1.826399587972739e-02	-7.152557e-06	-6.394272e-07
1.827399587972739e-02	6.198883e-06	1.348926e-07
1.828399587972739e-02	-7.152557e-06	-6.393398e-07
1.829399587972739e-02	6.198883e-06	1.345763e-07
1.830399587972739e-02	-7.152557e-06	-6.392508e-07
1.831399587972739e-02	6.198883e-06	1.342619e-07
1.832399587972739e-02	-7.152557e-06	-6.391602e-07
1.833399587972739e-02	6.198883e-06	1.339492e-07
1.834399587972739e-02	-7.152557e-06	-6.390683e-07
1.835399587972739e-02	6.198883e-06	1.336384e-07
1.836399587972739e-02	-6.914139e-06	-6.389748e-07
1.837399587972739e-02	6.437302e-06	1.333292e-07
1.838399587972739e-02	-6.914139e-06	-6.388798e-07
1.839399587972739e-02	6.198883e-06	1.330219e-07
1.840399587972739e-02	-7.152557e-06	-6.387835e-07
1.841399587972739e-02	6.198883e-06	1.327162e-07
1.842399587972739e-02	-6.914139e-06	-6.386858e-07
1.843399587972739e-02	5.960464e-06	1.324122e-07
1.844399587972739e-02	-7.152557e-06	-6.385866e-07
1.845399587972739e-02	6.198883e-06	1.321099e-07
1.846399587972739e-02	-6.914139e-06	-6.384861e-07
1.847399587972739e-02	6.198883e-06	1.318092e-07
1.848399587972739e-02	-7.152557e-06	-6.383843e-07
1.849399587972739e-02	6.198883e-06	1.315101e-07
1.850399587972739e-02	-6.914139e-06	-6.382812e-07
1.851399587972739e-02	5.960464e-06	1.312126e-07
1.852399587972739e-02	-6.914139e-06	-6.381768e-07
1.853399587972739e-02	6.198883e-06	1.309167e-07
1.854399587972739e-02	-7.152557e-06	-6.380711e-07
1.855399587972739e-02	6.198883e-06	1.306224e-07
1.856399587972739e-02	-6.914139e-06	-6.379642e-07
1.857399587972739e-02	6.198883e-06	1.303296e-07
1.858399587972739e-02	-6.914139e-06	-6.378561e-07
1.859399587972739e-02	5.960464e-06	1.300383e-07
1.860399587972739e-02	-6.914139e-06	-6.377467e-07
1.861399587972739e-02	5.960464e-06	1.297484e-07
1.862399587972739e-02	-6.914139e-06	-6.376362e-07
1.863399587972739e-02	5.960464e-06	1.294601e-07
1.864399587972739e-02	-6.914139e-06	-6.375244e-07
1.865399587972739e-02	5.960464e-06	1.291732e-07
1.866399587972739e-02	-6.914139e-06	-6.374116e-07
1.867399587972739e-02	5.960464e-06	1.288877e-07
1.868399587972739e-02	-6.914139e-06	-6.372975e-07
1.869399587972739e-02	5.960464e-06	1.286037e-07
1.870399587972739e-02	-6.914139e-06	-6.371824e-07
1.871399587972739e-02	5.960464e-06	1.283210e-07
1.872399587972739e-02	-6.914139e-06	-6.370663e-07
1.873399587972739e-02	5.960464e-06	1.280397e-07
1.874399587972739e-02	-6.914139e-06	-6.369489e-07
1.875399587972739e-02	5.960464e-06	1.277598e-07
1.876399587972739e-02	-6.914139e-06	-6.368306e-07
1.877399587972739e-02	5.960464e-06	1.274812e-07
1.878399587972739e-02	-6.675720e-06	-6.367112e-07
1.879399587972739e-02	5.960464e-06	1.272039e-07
1.880399587972739e-02	-6.914139e-06	-6.365908e-07
1.881399587972739e-02	5.960464e-06	1.269280e-07
1.882399587972739e-02	-6.914139e-06	-6.364694e-07
1.883399587972739e-02	5.960464e-06	1.266533e-07
1.884399587972739e-02	-6.914139e-06	-6.363470e-07
1.885399587972739e-02	5.960464e-06	1.263799e-07
1.886399587972739e-02	-6.914139e-06	-6.362236e-07
1.887399587972739e-02	5.960464e-06	1.261077e-07
1.888399587972739e-02	-6.914139e-06	-6.360993e-07
1.889399587972739e-02	5.960464e-06	1.258368e-07
1.890399587972739e-02	-6.675720e-06	-6.359740e-07
1.891399587972739e-02	5.960464e-06	1.255671e-07
1.892399587972739e-02	-6.914139e-06	-6.358478e-07
1.893399587972739e-02	5.960464e-06	1.252986e-07
1.894399587972739e-02	-6.914139e-06	-6.357207e-07
1.895399587972739e-02	5.960464e-06	1.250312e-07
1.896399587972739e-02	-6.675720e-06	-6.355927e-07
1.897399587972739e-02	5.960464e-06	1.247651e-07
1.898399587972739e-02	-6.675720e-06	-6.354638e-07
1.899399587972739e-02	5.960464e-06	1.245001e-07
1.900399587972739e-02	-6.675720e-06	-6.353340e-07
1.901399587972739e-02	6.198883e-06	1.242362e-07
1.902399587972739e-02	-6.675720e-06	-6.352034e-07
1.903399587972739e-02	5.960464e-06	1.239735e-07
1.904399587972739e-02	-6.675720e-06	-6.350720e-07
1.905399587972739e-02	5.722046e-06	1.237119e-07
1.906399587972739e-02	-6.675720e-06	-6.349397e-07
1.907399587972739e-02	5.722046e-06	1.234514e-07
1.908399587972739e-02	-6.675720e-06	-6.348067e-07
1.909399587972739e-02	5.722046e-06	1.231919e-07
1.910399587972739e-02	-6.675720e-06	-6.346728e-07
1.911399587972739e-02	5.960464e-06	1.229336e-07
1.912399587972739e-02	-6.675720e-06	-6.345381e-07
1.913399587972739e-02	5.960464e-06	1.226763e-07
1.914399587972739e-02	-6.675720e-06	-6.344027e-07
1.915399587972739e-02	5.960464e-06	1.224200e-07
1.916399587972739e-02	-6.675720e-06	-6.342665e-07
1.917399587972739e-02	5.722046e-06	1.221647e-07
1.918399587972739e-02	-6.675720e-06	-6.341297e-07
1.919399587972739e-02	5.960464e-06	1.219105e-07
1.920399587972739e-02	-6.675720e-06	-6.339920e-07
1.921399587972739e-02	5.960464e-06	1.216573e-07
1.922399587972739e-02	-6.675720e-06	-6.338537e-07
1.923399587972739e-02	5.722046e-06	1.214050e-07
1.924399587972739e-02	-6.675720e-06	-6.337146e-07
1.925399587972739e-02	5.722046e-06	1.211538e-07
1.926399587972739e-02	-6.675720e-06	-6.335749e-07
1.927399587972739e-02	5.722046e-06	1.209035e-07
1.928399587972739e-02	-6.675720e-06	-6.334345e-07
1.929399587972739e-02	5.722046e-06	1.206541e-07
1.930399587972739e-02	-6.675720e-06	-6.332934e-07
1.931399587972739e-02	5.960464e-06	1.204057e-07
1.932399587972739e-02	-6.675720e-06	-6.331516e-07
1.933399587972739e-02	5.960464e-06	1.201582e-07
1.934399587972739e-02	-6.437302e-06	-6.330092e-07
1.935399587972739e-02	5.722046e-06	1.199116e-07
1.936399587972739e-02	-6.675720e-06	-6.328662e-07
1.937399587972739e-02	5.722046e-06	1.196659e-07
1.938399587972739e-02	-6.675720e-06	-6.327226e-07
1.939399587972739e-02	5.722046e-06	1.194212e-07
1.940399587972739e-02	-6.437302e-06	-6.325783e-07
1.941399587972739e-02	5.960464e-06	1.191773e-07
1.942399587972739e-02	-6.437302e-06	-6.324335e-07
1.943399587972739e-02	5.960464e-06	1.189342e-07
1.944399587972739e-02	-6.437302e-06	-6.322880e-07
1.945399587972739e-02	5.960464e-06	1.186920e-07
1.946399587972739e-02	-6.437302e-06	-6.321420e-07
1.947399587972739e-02	5.722046e-06	1.184507e-07
1.948399587972739e-02	-6.437302e-06	-6.319954e-07
1.949399587972739e-02	5.722046e-06	1.182102e-07
1.950399587972739e-02	-6.675720e-06	-6.318483e-07
1.951399587972739e-02	5.722046e-06	1.179706e-07
1.952399587972739e-02	-6.437302e-06	-6.317006e-07
1.953399587972739e-02	5.722046e-06	1.177317e-07
1.954399587972739e-02	-6.675720e-06	-6.315523e-07
1.955399587972739e-02	5.722046e-06	1.174937e-07
1.956399587972739e-02	-6.437302e-06	-6.314036e-07
1.957399587972739e-02	5.722046e-06	1.172564e-07
1.958399587972739e-02	-6.437302e-06	-6.312543e-07
1.959399587972739e-02	5.722046e-06	1.170200e-07
1.960399587972739e-02	-6.437302e-06	-6.311045e-07
1.961399587972739e-02	5.722046e-06	1.167843e-07
1.962399587972739e-02	-6.437302e-06	-6.309542e-07
1.963399587972739e-02	5.722046e-06	1.165494e-07
1.964399587972739e-02	-6.437302e-06	-6.308034e-07
1.965399587972739e-02	5.722046e-06	1.163152e-07
1.966399587972739e-02	-6.437302e-06	-6.306522e-07
1.967399587972739e-02	5.722046e-06	1.160818e-07
1.968399587972739e-02	-6.437302e-06	-6.305004e-07
1.969399587972739e-02	5.722046e-06	1.158491e-07
1.970399587972739e-02	-6.437302e-06	-6.303483e-07
1.971399587972739e-02	5.722046e-06	1.156172e-07
1.972399587972739e-02	-6.437302e-06	-6.301956e-07
1.973399587972739e-02	5.722046e-06	1.153860e-07
1.974399587972739e-02	-6.437302e-06	-6.300425e-07
1.975399587972739e-02	5.483627e-06	1.151555e-07
1.976399587972739e-02	-6.437302e-06	-6.298890e-07
1.977399587972739e-02	5.722046e-06	1.149257e-07
1.978399587972739e-02	-6.437302e-06	-6.297350e-07
1.979399587972739e-02	5.483627e-06	1.146965e-07
1.980399587972739e-02	-6.437302e-06	-6.295806e-07
1.981399587972739e-02	5.722046e-06	1.144681e-07
1.982399587972739e-02	-6.437302e-06	-6.294258e-07
1.983399587972739e-02	5.722046e-06	1.142404e-07
1.984399587972739e-02	-6.437302e-06	-6.292706e-07
1.985399587972739e-02	5.483627e-06	1.140133e-07
1.986399587972739e-02	-6.437302e-06	-6.291150e-07
1.987399587972739e-02	5.483627e-06	1.137869e-07
1.988399587972739e-02	-6.437302e-06	-6.289590e-07
1.989399587972739e-02	5.722046e-06	1.135611e-07
1.990399587972739e-02	-6.437302e-06	-6.288026e-07
1.991399587972739e-02	5.483627e-06	1.133360e-07
1.992399587972739e-02	-6.437302e-06	-6.286459e-07
1.993399587972739e-02	5.722046e-06	1.131115e-07
1.994399587972739e-02	-6.437302e-06	-6.284888e-07
1.995399587972739e-02	5.483627e-06	1.128877e-07
1.996399587972739e-02	-6.198883e-06	-6.283313e-07
1.997399587972739e-02	5.483627e-06	1.126645e-07
1.998399587972739e-02	-6.437302e-06	-6.281735e-07
1.999399587972739e-02	5.483627e-06	1.124419e-07
2.000000000000000e-02	-2.384186e-07	-6.279457e-07
