time	V(out_pos,out_neg)	I(R1)	I(Vcell12)
Step Information: Rtierra=1K  (Step: 1/3)
0.000000000000000e+00	5.245209e-06	1.405707e-11	-2.599973e-07
9.999999439624929e-11	5.245209e-06	-1.856083e-09	-2.581006e-07
1.999999887924986e-10	5.006790e-06	-3.671085e-09	-2.563148e-07
1.599999910339989e-09	5.245209e-06	-2.855894e-08	-2.317937e-07
3.199999820679977e-09	5.245209e-06	-5.667792e-08	-2.048098e-07
6.399999641359955e-09	5.245209e-06	-1.118964e-07	-1.535640e-07
1.279999928271991e-08	5.722046e-06	-2.183843e-07	-5.902948e-08
2.559999856543982e-08	6.675720e-06	-4.172492e-07	1.102355e-07
4.832632964564033e-08	8.344650e-06	-7.178761e-07	3.711234e-07
7.268450235996544e-08	9.298325e-06	-8.815534e-07	5.424974e-07
8.552483014548437e-08	9.298325e-06	-7.355576e-07	3.864700e-07
9.484783330967820e-08	8.344650e-06	-3.893168e-07	3.205152e-08
1.055943134341853e-07	6.198883e-06	1.862632e-07	-4.954672e-07
1.180886427044214e-07	3.099442e-06	8.968029e-07	-1.097200e-06
1.354371590038506e-07	-1.668930e-06	1.829620e-06	-1.873900e-06
1.694984451979280e-07	-1.025200e-05	3.466568e-06	-3.222799e-06
2.005438703043602e-07	-1.668930e-05	4.651351e-06	-4.211912e-06
2.438705128224813e-07	-2.241135e-05	5.689973e-06	-5.042488e-06
2.865339434232615e-07	-2.503395e-05	6.125147e-06	-5.253219e-06
3.406795848299077e-07	-2.574921e-05	6.241813e-06	-5.238900e-06
4.104646884867648e-07	-2.551079e-05	6.259358e-06	-5.197287e-06
5.318930473965159e-07	-2.503395e-05	6.260909e-06	-5.119977e-06
7.747497652160180e-07	-2.455711e-05	6.247629e-06	-4.996838e-06
1.002847587592353e-06	-2.431870e-05	6.230137e-06	-4.914135e-06
1.310015757946488e-06	-2.408028e-05	6.204129e-06	-4.838269e-06
1.608294068308806e-06	-2.384186e-05	6.178260e-06	-4.787688e-06
2.028008297189452e-06	-2.360344e-05	6.141648e-06	-4.739008e-06
2.484782997788043e-06	-2.336502e-05	6.101973e-06	-4.700222e-06
3.167894400648460e-06	-2.288818e-05	6.043286e-06	-4.654978e-06
4.029785074728137e-06	-2.264977e-05	5.970746e-06	-4.604704e-06
5.459387810585210e-06	-2.217293e-05	5.854303e-06	-4.528319e-06
7.158384011601894e-06	-2.169609e-05	5.722818e-06	-4.446782e-06
9.124768981408955e-06	-2.169609e-05	5.583981e-06	-4.428699e-06
1.086630630525475e-05	-2.288818e-05	5.481228e-06	-4.854698e-06
1.202541852449334e-05	-2.598763e-05	5.433855e-06	-5.774794e-06
1.309122056930475e-05	-3.027916e-05	5.411767e-06	-7.149958e-06
1.445252895705438e-05	-3.719330e-05	5.404328e-06	-9.194075e-06
1.601568911172885e-05	-4.529953e-05	5.410798e-06	-1.154016e-05
1.754051312088354e-05	-5.269051e-05	5.425559e-06	-1.363817e-05
1.914372763067543e-05	-5.936623e-05	5.444718e-06	-1.552966e-05
2.112360503277377e-05	-6.556511e-05	5.467624e-06	-1.732392e-05
2.364394668607745e-05	-7.152557e-05	5.490633e-06	-1.895593e-05
2.555448439212388e-05	-7.390976e-05	5.499480e-06	-1.953864e-05
2.762353205755586e-05	-7.390976e-05	5.499737e-06	-1.937682e-05
2.982967013907755e-05	-7.247925e-05	5.494911e-06	-1.890269e-05
3.195577952268415e-05	-7.081032e-05	5.487773e-06	-1.841050e-05
3.821389348050534e-05	-6.628036e-05	5.460570e-06	-1.703908e-05
4.287248871560025e-05	-6.294250e-05	5.440318e-06	-1.610840e-05
5.051237716527377e-05	-5.769730e-05	5.409008e-06	-1.473689e-05
5.350046391974512e-05	-5.578995e-05	5.397491e-06	-1.424793e-05
5.534896456332560e-05	-3.504753e-05	5.393892e-06	-1.395805e-05
5.639803900271428e-05	3.552437e-04	5.421603e-06	-1.608545e-05
5.676670473442914e-05	7.836819e-04	5.474495e-06	-5.123096e-05
5.698381442500085e-05	9.331703e-04	5.531650e-06	-5.040033e-05
5.718178533598203e-05	9.081364e-04	5.586193e-06	-4.774410e-05
5.741344516708435e-05	1.260519e-03	5.640672e-06	-4.988296e-05
5.753936727407384e-05	2.411604e-03	5.657918e-06	-1.122490e-04
5.767428027212904e-05	5.086899e-03	5.659871e-06	-2.648706e-04
5.778903167053237e-05	8.234024e-03	5.655665e-06	-4.230111e-04
5.791193964114270e-05	1.227593e-02	5.651857e-06	-6.262374e-04
5.806259287632255e-05	1.801133e-02	5.649653e-06	-9.080900e-04
5.830377980030284e-05	2.847791e-02	5.649502e-06	-1.426066e-03
5.859929034314169e-05	4.282975e-02	5.653160e-06	-2.144272e-03
5.890578324561404e-05	5.919766e-02	5.660291e-06	-2.965606e-03
5.924517938476210e-05	7.876873e-02	5.671012e-06	-3.943824e-03
5.964824335975937e-05	1.035352e-01	5.686198e-06	-5.180360e-03
6.015097996462393e-05	1.362050e-01	5.707363e-06	-6.809551e-03
6.080459237754655e-05	1.810465e-01	5.736819e-06	-9.038293e-03
6.192554433181221e-05	2.620463e-01	5.788755e-06	-1.306586e-02
6.354782319133544e-05	3.840842e-01	5.863643e-06	-1.919459e-02
6.455542445991559e-05	4.620316e-01	5.909980e-06	-2.311645e-02
6.516116899951353e-05	5.097184e-01	5.938322e-06	-2.550265e-02
6.575345033519305e-05	5.567818e-01	5.966419e-06	-2.785691e-02
6.644078475455403e-05	6.117430e-01	5.999227e-06	-3.060460e-02
6.687420905231571e-05	6.465712e-01	6.020346e-06	-3.234868e-02
6.729891952145849e-05	6.808536e-01	6.041272e-06	-3.406001e-02
6.814834045974404e-05	7.496879e-01	6.082640e-06	-3.750191e-02
6.894143113307610e-05	8.142250e-01	6.120152e-06	-4.072622e-02
7.032788509947222e-05	9.275234e-01	6.183040e-06	-4.639098e-02
7.211616955215076e-05	1.074110e+00	6.260502e-06	-5.372078e-02
7.436668724435231e-05	1.258889e+00	6.354154e-06	-6.296527e-02
7.548010543377123e-05	1.350321e+00	6.399231e-06	-6.753513e-02
7.619512803652695e-05	1.409004e+00	6.427708e-06	-7.047058e-02
7.665572352584840e-05	1.446779e+00	6.445928e-06	-7.235744e-02
7.698873115288589e-05	1.474074e+00	6.459049e-06	-7.372380e-02
7.728047490378261e-05	1.497972e+00	6.470512e-06	-7.491700e-02
7.758091168831509e-05	1.522565e+00	6.482290e-06	-7.614844e-02
7.791384714017852e-05	1.549795e+00	6.495315e-06	-7.750831e-02
7.823477823509365e-05	1.576010e+00	6.507847e-06	-7.882093e-02
7.856638903286048e-05	1.603049e+00	6.520775e-06	-8.017144e-02
7.889645086758404e-05	1.629889e+00	6.533628e-06	-8.151560e-02
7.923255734387731e-05	1.657105e+00	6.546712e-06	-8.287547e-02
7.957282423674228e-05	1.684474e+00	6.559965e-06	-8.424689e-02
7.992290670095207e-05	1.712345e+00	6.573621e-06	-8.564021e-02
8.025280532767450e-05	1.738212e+00	6.586517e-06	-8.693693e-02
8.059040085625319e-05	1.764127e+00	6.599727e-06	-8.823286e-02
8.092451855856055e-05	1.789078e+00	6.612747e-06	-8.948357e-02
8.126124893593653e-05	1.813390e+00	6.625662e-06	-9.069854e-02
8.160125264148081e-05	1.837003e+00	6.638202e-06	-9.188173e-02
8.194830215733101e-05	1.860072e+00	6.650009e-06	-9.303461e-02
8.230896046311742e-05	1.882875e+00	6.660508e-06	-9.417890e-02
8.269456567632580e-05	1.905840e+00	6.668773e-06	-9.533006e-02
8.312868562682367e-05	1.929807e+00	6.673353e-06	-9.653904e-02
8.366457759972688e-05	1.956488e+00	6.671666e-06	-9.789196e-02
8.448385373390305e-05	1.992287e+00	6.658918e-06	-9.970634e-02
8.556204475891036e-05	2.033352e+00	6.635978e-06	-1.017477e-01
8.673515111946326e-05	2.072826e+00	6.613616e-06	-1.037053e-01
8.808631987810371e-05	2.114066e+00	6.597455e-06	-1.057572e-01
8.971054065352981e-05	2.160268e+00	6.590525e-06	-1.080604e-01
9.139311233019305e-05	2.205696e+00	6.593764e-06	-1.103233e-01
9.332961250482153e-05	2.255937e+00	6.605624e-06	-1.128341e-01
9.548497137605764e-05	2.310173e+00	6.624098e-06	-1.155420e-01
9.798598846617870e-05	2.371538e+00	6.648927e-06	-1.186122e-01
1.010864620586274e-04	2.445990e+00	6.681800e-06	-1.223351e-01
1.051225360652593e-04	2.541049e+00	6.725802e-06	-1.270944e-01
1.107202472241655e-04	2.670539e+00	6.787373e-06	-1.335747e-01
1.186937872219841e-04	2.851997e+00	6.875022e-06	-1.426551e-01
1.286937872219841e-04	3.076417e+00	6.984416e-06	-1.538697e-01
1.386937872219841e-04	3.298270e+00	7.093125e-06	-1.649560e-01
1.486937872219841e-04	3.518067e+00	7.201151e-06	-1.759395e-01
1.586937872219841e-04	3.736211e+00	7.308573e-06	-1.868456e-01
1.686937872219841e-04	3.952952e+00	7.415454e-06	-1.976790e-01
1.786937872219841e-04	4.168455e+00	7.521842e-06	-2.084545e-01
1.886937872219841e-04	4.382837e+00	7.627772e-06	-2.191708e-01
1.986937872219841e-04	4.596183e+00	7.733272e-06	-2.298392e-01
2.086937872219841e-04	4.808560e+00	7.838365e-06	-2.404557e-01
2.186937872219841e-04	5.020021e+00	7.943070e-06	-2.510301e-01
2.286937872219841e-04	5.230609e+00	8.047402e-06	-2.615573e-01
2.386937872219841e-04	5.440358e+00	8.151374e-06	-2.720462e-01
2.486937872219841e-04	5.649300e+00	8.254995e-06	-2.824913e-01
2.586937872219841e-04	5.857460e+00	8.358276e-06	-2.929008e-01
2.686937872219841e-04	6.064881e+00	8.461281e-06	-3.032689e-01
2.752529967134248e-04	6.196291e+00	8.527017e-06	-3.100452e-01
2.778886774120845e-04	6.239358e+00	8.546694e-06	-3.121703e-01
2.803219105144834e-04	6.267022e+00	8.554869e-06	-3.134201e-01
2.815574838771613e-04	6.277261e+00	8.556589e-06	-3.138980e-01
2.828661609806158e-04	6.285914e+00	8.558121e-06	-3.143297e-01
2.842204876301057e-04	6.293524e+00	8.559565e-06	-3.147064e-01
2.856986109454509e-04	6.300526e+00	8.561000e-06	-3.150611e-01
2.878043761910844e-04	6.308822e+00	8.562793e-06	-3.154782e-01
2.902952503359369e-04	6.316833e+00	8.564561e-06	-3.158809e-01
2.932828475645898e-04	6.324523e+00	8.566218e-06	-3.162622e-01
2.966162286105642e-04	6.331303e+00	8.567554e-06	-3.166023e-01
3.008330822212008e-04	6.337963e+00	8.568646e-06	-3.169345e-01
3.060845024736478e-04	6.344270e+00	8.569365e-06	-3.172528e-01
3.130362982418474e-04	6.350428e+00	8.569621e-06	-3.175593e-01
3.219018816887252e-04	6.356097e+00	8.569305e-06	-3.178408e-01
3.319018816887251e-04	6.360687e+00	8.568491e-06	-3.180613e-01
3.419018816887252e-04	6.364026e+00	8.567444e-06	-3.182246e-01
3.519018816887251e-04	6.366529e+00	8.566311e-06	-3.183446e-01
3.619018816887252e-04	6.368467e+00	8.565183e-06	-3.184412e-01
3.719018816887251e-04	6.370005e+00	8.564099e-06	-3.185146e-01
3.819018816887252e-04	6.371249e+00	8.563083e-06	-3.185776e-01
3.919018816887251e-04	6.372270e+00	8.562142e-06	-3.186259e-01
4.019018816887251e-04	6.373119e+00	8.561281e-06	-3.186695e-01
4.119018816887251e-04	6.373833e+00	8.560495e-06	-3.187027e-01
4.219018816887251e-04	6.374437e+00	8.559781e-06	-3.187344e-01
4.319018816887251e-04	6.374953e+00	8.559135e-06	-3.187579e-01
4.419018816887251e-04	6.375396e+00	8.558553e-06	-3.187816e-01
4.519018816887251e-04	6.375779e+00	8.558025e-06	-3.187986e-01
4.619018816887251e-04	6.376111e+00	8.557551e-06	-3.188168e-01
4.719018816887251e-04	6.376400e+00	8.557124e-06	-3.188292e-01
4.819018816887251e-04	6.376653e+00	8.556739e-06	-3.188436e-01
4.919018816887252e-04	6.376875e+00	8.556392e-06	-3.188526e-01
5.019018816887251e-04	6.377069e+00	8.556080e-06	-3.188641e-01
5.119018816887251e-04	6.377241e+00	8.555799e-06	-3.188707e-01
5.219018816887251e-04	6.377393e+00	8.555546e-06	-3.188801e-01
5.319018816887252e-04	6.377527e+00	8.555317e-06	-3.188848e-01
5.419018816887251e-04	6.377647e+00	8.555111e-06	-3.188925e-01
5.519018816887251e-04	6.377752e+00	8.554925e-06	-3.188958e-01
5.619018816887251e-04	6.377846e+00	8.554758e-06	-3.189024e-01
5.719018816887252e-04	6.377930e+00	8.554607e-06	-3.189046e-01
5.819018816887251e-04	6.378004e+00	8.554471e-06	-3.189102e-01
5.919018816887251e-04	6.378070e+00	8.554347e-06	-3.189115e-01
6.019018816887251e-04	6.378129e+00	8.554234e-06	-3.189164e-01
6.119018816887252e-04	6.378182e+00	8.554133e-06	-3.189170e-01
6.219018816887251e-04	6.378229e+00	8.554041e-06	-3.189213e-01
6.319018816887251e-04	6.378271e+00	8.553958e-06	-3.189214e-01
6.419018816887251e-04	6.378309e+00	8.553883e-06	-3.189252e-01
6.519018816887252e-04	6.378343e+00	8.553814e-06	-3.189250e-01
6.619018816887251e-04	6.378373e+00	8.553751e-06	-3.189284e-01
6.719018816887251e-04	6.378400e+00	8.553694e-06	-3.189278e-01
6.819018816887251e-04	6.378424e+00	8.553642e-06	-3.189309e-01
6.919018816887252e-04	6.378446e+00	8.553594e-06	-3.189300e-01
7.019018816887251e-04	6.378465e+00	8.553551e-06	-3.189329e-01
7.119018816887251e-04	6.378483e+00	8.553511e-06	-3.189318e-01
7.219018816887251e-04	6.378499e+00	8.553475e-06	-3.189345e-01
7.319018816887251e-04	6.378513e+00	8.553441e-06	-3.189333e-01
7.419018816887251e-04	6.378525e+00	8.553410e-06	-3.189358e-01
7.519018816887251e-04	6.378536e+00	8.553381e-06	-3.189345e-01
7.619018816887251e-04	6.378546e+00	8.553356e-06	-3.189369e-01
7.719018816887251e-04	6.378556e+00	8.553330e-06	-3.189354e-01
7.819018816887251e-04	6.378564e+00	8.553308e-06	-3.189377e-01
7.919018816887251e-04	6.378571e+00	8.553287e-06	-3.189362e-01
8.019018816887251e-04	6.378577e+00	8.553267e-06	-3.189384e-01
8.119018816887251e-04	6.378583e+00	8.553248e-06	-3.189368e-01
8.219018816887251e-04	6.378589e+00	8.553232e-06	-3.189390e-01
8.319018816887251e-04	6.378593e+00	8.553216e-06	-3.189373e-01
8.419018816887251e-04	6.378598e+00	8.553200e-06	-3.189394e-01
8.519018816887251e-04	6.378602e+00	8.553186e-06	-3.189377e-01
8.619018816887251e-04	6.378605e+00	8.553173e-06	-3.189398e-01
8.719018816887251e-04	6.378608e+00	8.553159e-06	-3.189380e-01
8.819018816887251e-04	6.378611e+00	8.553147e-06	-3.189401e-01
8.919018816887251e-04	6.378613e+00	8.553136e-06	-3.189383e-01
9.019018816887251e-04	6.378616e+00	8.553126e-06	-3.189403e-01
9.119018816887251e-04	6.378618e+00	8.553115e-06	-3.189385e-01
9.219018816887251e-04	6.378619e+00	8.553105e-06	-3.189405e-01
9.319018816887251e-04	6.378621e+00	8.553095e-06	-3.189386e-01
9.419018816887250e-04	6.378623e+00	8.553086e-06	-3.189406e-01
9.519018816887251e-04	6.378624e+00	8.553076e-06	-3.189388e-01
9.619018816887251e-04	6.378625e+00	8.553068e-06	-3.189408e-01
9.719018816887251e-04	6.378626e+00	8.553060e-06	-3.189389e-01
9.819018816887252e-04	6.378627e+00	8.553052e-06	-3.189408e-01
9.919018816887252e-04	6.378628e+00	8.553045e-06	-3.189390e-01
1.001901881688725e-03	6.378629e+00	8.553036e-06	-3.189409e-01
1.011901881688725e-03	6.378629e+00	8.553029e-06	-3.189391e-01
1.021901881688725e-03	6.378630e+00	8.553023e-06	-3.189410e-01
1.031901881688725e-03	6.378630e+00	8.553016e-06	-3.189391e-01
1.041901881688725e-03	6.378631e+00	8.553009e-06	-3.189411e-01
1.051901881688725e-03	6.378631e+00	8.553002e-06	-3.189391e-01
1.061901881688725e-03	6.378632e+00	8.552995e-06	-3.189411e-01
1.071901881688725e-03	6.378632e+00	8.552989e-06	-3.189392e-01
1.081901881688725e-03	6.378632e+00	8.552984e-06	-3.189411e-01
1.091901881688725e-03	6.378633e+00	8.552977e-06	-3.189392e-01
1.101901881688725e-03	6.378633e+00	8.552971e-06	-3.189411e-01
1.111901881688725e-03	6.378633e+00	8.552965e-06	-3.189392e-01
1.121901881688725e-03	6.378633e+00	8.552960e-06	-3.189412e-01
1.131901881688725e-03	6.378633e+00	8.552955e-06	-3.189393e-01
1.141901881688725e-03	6.378634e+00	8.552949e-06	-3.189412e-01
1.151901881688725e-03	6.378634e+00	8.552944e-06	-3.189393e-01
1.161901881688725e-03	6.378634e+00	8.552938e-06	-3.189412e-01
1.171901881688725e-03	6.378634e+00	8.552933e-06	-3.189393e-01
1.181901881688725e-03	6.378634e+00	8.552928e-06	-3.189412e-01
1.191901881688725e-03	6.378634e+00	8.552923e-06	-3.189393e-01
1.201901881688725e-03	6.378634e+00	8.552918e-06	-3.189412e-01
1.211901881688725e-03	6.378634e+00	8.552913e-06	-3.189393e-01
1.221901881688725e-03	6.378635e+00	8.552908e-06	-3.189412e-01
1.231901881688725e-03	6.378635e+00	8.552904e-06	-3.189393e-01
1.241901881688725e-03	6.378635e+00	8.552898e-06	-3.189412e-01
1.251901881688725e-03	6.378635e+00	8.552894e-06	-3.189393e-01
1.261901881688725e-03	6.378635e+00	8.552889e-06	-3.189412e-01
1.271901881688725e-03	6.378635e+00	8.552885e-06	-3.189393e-01
1.281901881688725e-03	6.378635e+00	8.552881e-06	-3.189412e-01
1.291901881688725e-03	6.378635e+00	8.552876e-06	-3.189393e-01
1.301901881688725e-03	6.378635e+00	8.552872e-06	-3.189412e-01
1.311901881688725e-03	6.378635e+00	8.552867e-06	-3.189393e-01
1.321901881688725e-03	6.378635e+00	8.552864e-06	-3.189413e-01
1.331901881688725e-03	6.378635e+00	8.552859e-06	-3.189394e-01
1.341901881688725e-03	6.378635e+00	8.552855e-06	-3.189413e-01
1.351901881688725e-03	6.378635e+00	8.552851e-06	-3.189394e-01
1.361901881688725e-03	6.378635e+00	8.552847e-06	-3.189413e-01
1.371901881688725e-03	6.378635e+00	8.552844e-06	-3.189394e-01
1.381901881688725e-03	6.378635e+00	8.552839e-06	-3.189413e-01
1.391901881688725e-03	6.378635e+00	8.552835e-06	-3.189394e-01
1.401901881688725e-03	6.378635e+00	8.552832e-06	-3.189413e-01
1.411901881688725e-03	6.378635e+00	8.552828e-06	-3.189394e-01
1.421901881688725e-03	6.378635e+00	8.552825e-06	-3.189413e-01
1.431901881688725e-03	6.378635e+00	8.552821e-06	-3.189394e-01
1.441901881688725e-03	6.378635e+00	8.552817e-06	-3.189413e-01
1.451901881688725e-03	6.378635e+00	8.552814e-06	-3.189394e-01
1.461901881688725e-03	6.378635e+00	8.552810e-06	-3.189413e-01
1.471901881688725e-03	6.378635e+00	8.552806e-06	-3.189394e-01
1.481901881688725e-03	6.378635e+00	8.552803e-06	-3.189413e-01
1.491901881688725e-03	6.378635e+00	8.552800e-06	-3.189394e-01
1.501901881688725e-03	6.378635e+00	8.552796e-06	-3.189413e-01
1.511901881688725e-03	6.378635e+00	8.552793e-06	-3.189394e-01
1.521901881688725e-03	6.378635e+00	8.552790e-06	-3.189413e-01
1.531901881688725e-03	6.378635e+00	8.552786e-06	-3.189394e-01
1.541901881688725e-03	6.378635e+00	8.552784e-06	-3.189413e-01
1.551901881688725e-03	6.378635e+00	8.552780e-06	-3.189394e-01
1.561901881688725e-03	6.378635e+00	8.552777e-06	-3.189413e-01
1.571901881688725e-03	6.378635e+00	8.552774e-06	-3.189394e-01
1.581901881688725e-03	6.378635e+00	8.552771e-06	-3.189413e-01
1.591901881688725e-03	6.378635e+00	8.552768e-06	-3.189394e-01
1.601901881688725e-03	6.378635e+00	8.552764e-06	-3.189413e-01
1.611901881688725e-03	6.378635e+00	8.552763e-06	-3.189394e-01
1.621901881688725e-03	6.378635e+00	8.552759e-06	-3.189413e-01
1.631901881688725e-03	6.378635e+00	8.552756e-06	-3.189394e-01
1.641901881688725e-03	6.378635e+00	8.552754e-06	-3.189413e-01
1.651901881688725e-03	6.378635e+00	8.552751e-06	-3.189394e-01
1.661901881688725e-03	6.378635e+00	8.552748e-06	-3.189413e-01
1.671901881688725e-03	6.378635e+00	8.552745e-06	-3.189394e-01
1.681901881688725e-03	6.378635e+00	8.552743e-06	-3.189413e-01
1.691901881688725e-03	6.378635e+00	8.552740e-06	-3.189394e-01
1.701901881688725e-03	6.378635e+00	8.552737e-06	-3.189413e-01
1.711901881688725e-03	6.378635e+00	8.552735e-06	-3.189394e-01
1.721901881688725e-03	6.378635e+00	8.552732e-06	-3.189413e-01
1.731901881688725e-03	6.378635e+00	8.552730e-06	-3.189394e-01
1.741901881688725e-03	6.378635e+00	8.552727e-06	-3.189413e-01
1.751901881688725e-03	6.378635e+00	8.552724e-06	-3.189394e-01
1.761901881688725e-03	6.378635e+00	8.552722e-06	-3.189413e-01
1.771901881688725e-03	6.378635e+00	8.552720e-06	-3.189394e-01
1.781901881688725e-03	6.378635e+00	8.552717e-06	-3.189413e-01
1.791901881688725e-03	6.378635e+00	8.552715e-06	-3.189394e-01
1.801901881688725e-03	6.378635e+00	8.552713e-06	-3.189413e-01
1.811901881688725e-03	6.378635e+00	8.552711e-06	-3.189394e-01
1.821901881688725e-03	6.378635e+00	8.552708e-06	-3.189413e-01
1.831901881688725e-03	6.378635e+00	8.552706e-06	-3.189394e-01
1.841901881688725e-03	6.378635e+00	8.552704e-06	-3.189413e-01
1.851901881688725e-03	6.378635e+00	8.552702e-06	-3.189394e-01
1.861901881688725e-03	6.378635e+00	8.552699e-06	-3.189413e-01
1.871901881688725e-03	6.378635e+00	8.552697e-06	-3.189394e-01
1.881901881688725e-03	6.378635e+00	8.552695e-06	-3.189413e-01
1.891901881688725e-03	6.378635e+00	8.552694e-06	-3.189394e-01
1.901901881688725e-03	6.378635e+00	8.552691e-06	-3.189413e-01
1.911901881688725e-03	6.378635e+00	8.552689e-06	-3.189394e-01
1.921901881688725e-03	6.378635e+00	8.552687e-06	-3.189413e-01
1.931901881688725e-03	6.378635e+00	8.552685e-06	-3.189394e-01
1.941901881688725e-03	6.378635e+00	8.552683e-06	-3.189413e-01
1.951901881688725e-03	6.378635e+00	8.552681e-06	-3.189394e-01
1.961901881688725e-03	6.378635e+00	8.552679e-06	-3.189413e-01
1.971901881688725e-03	6.378635e+00	8.552677e-06	-3.189394e-01
1.981901881688725e-03	6.378635e+00	8.552675e-06	-3.189413e-01
1.991901881688725e-03	6.378635e+00	8.552674e-06	-3.189394e-01
2.001901881688725e-03	6.378635e+00	8.552672e-06	-3.189413e-01
2.011901881688725e-03	6.378635e+00	8.552670e-06	-3.189394e-01
2.021901881688725e-03	6.378635e+00	8.552668e-06	-3.189413e-01
2.031901881688725e-03	6.378635e+00	8.552666e-06	-3.189394e-01
2.041901881688725e-03	6.378635e+00	8.552664e-06	-3.189413e-01
2.051901881688725e-03	6.378635e+00	8.552663e-06	-3.189394e-01
2.061901881688725e-03	6.378635e+00	8.552661e-06	-3.189413e-01
2.071901881688725e-03	6.378635e+00	8.552660e-06	-3.189394e-01
2.081901881688725e-03	6.378635e+00	8.552658e-06	-3.189413e-01
2.091901881688725e-03	6.378635e+00	8.552657e-06	-3.189394e-01
2.101901881688725e-03	6.378635e+00	8.552655e-06	-3.189413e-01
2.111901881688725e-03	6.378635e+00	8.552654e-06	-3.189394e-01
2.121901881688725e-03	6.378635e+00	8.552652e-06	-3.189413e-01
2.131901881688725e-03	6.378635e+00	8.552650e-06	-3.189394e-01
2.141901881688725e-03	6.378635e+00	8.552648e-06	-3.189413e-01
2.151901881688725e-03	6.378635e+00	8.552647e-06	-3.189394e-01
2.161901881688725e-03	6.378635e+00	8.552645e-06	-3.189413e-01
2.171901881688725e-03	6.378635e+00	8.552644e-06	-3.189394e-01
2.181901881688725e-03	6.378635e+00	8.552643e-06	-3.189413e-01
2.191901881688725e-03	6.378635e+00	8.552642e-06	-3.189394e-01
2.201901881688725e-03	6.378635e+00	8.552640e-06	-3.189413e-01
2.211901881688725e-03	6.378635e+00	8.552639e-06	-3.189394e-01
2.221901881688725e-03	6.378635e+00	8.552637e-06	-3.189413e-01
2.231901881688725e-03	6.378635e+00	8.552635e-06	-3.189394e-01
2.241901881688725e-03	6.378635e+00	8.552634e-06	-3.189413e-01
2.251901881688725e-03	6.378635e+00	8.552634e-06	-3.189394e-01
2.261901881688725e-03	6.378635e+00	8.552632e-06	-3.189413e-01
2.271901881688725e-03	6.378635e+00	8.552631e-06	-3.189394e-01
2.281901881688725e-03	6.378635e+00	8.552629e-06	-3.189413e-01
2.291901881688725e-03	6.378635e+00	8.552628e-06	-3.189394e-01
2.301901881688725e-03	6.378635e+00	8.552626e-06	-3.189413e-01
2.311901881688725e-03	6.378635e+00	8.552625e-06	-3.189394e-01
2.321901881688725e-03	6.378635e+00	8.552624e-06	-3.189413e-01
2.331901881688725e-03	6.378635e+00	8.552623e-06	-3.189394e-01
2.341901881688725e-03	6.378635e+00	8.552622e-06	-3.189413e-01
2.351901881688725e-03	6.378635e+00	8.552621e-06	-3.189394e-01
2.361901881688725e-03	6.378635e+00	8.552619e-06	-3.189413e-01
2.371901881688725e-03	6.378635e+00	8.552618e-06	-3.189394e-01
2.381901881688725e-03	6.378635e+00	8.552617e-06	-3.189413e-01
2.391901881688725e-03	6.378635e+00	8.552615e-06	-3.189394e-01
2.401901881688725e-03	6.378635e+00	8.552614e-06	-3.189413e-01
2.411901881688725e-03	6.378635e+00	8.552614e-06	-3.189394e-01
2.421901881688725e-03	6.378635e+00	8.552612e-06	-3.189413e-01
2.431901881688725e-03	6.378635e+00	8.552612e-06	-3.189394e-01
2.441901881688725e-03	6.378635e+00	8.552610e-06	-3.189413e-01
2.451901881688725e-03	6.378635e+00	8.552610e-06	-3.189394e-01
2.461901881688725e-03	6.378635e+00	8.552608e-06	-3.189413e-01
2.471901881688725e-03	6.378635e+00	8.552607e-06	-3.189394e-01
2.481901881688725e-03	6.378635e+00	8.552606e-06	-3.189413e-01
2.491901881688725e-03	6.378635e+00	8.552604e-06	-3.189394e-01
2.501901881688725e-03	6.378635e+00	8.552604e-06	-3.189413e-01
2.511901881688725e-03	6.378635e+00	8.552603e-06	-3.189394e-01
2.521901881688725e-03	6.378635e+00	8.552603e-06	-3.189413e-01
2.531901881688725e-03	6.378635e+00	8.552601e-06	-3.189394e-01
2.541901881688725e-03	6.378635e+00	8.552601e-06	-3.189413e-01
2.551901881688725e-03	6.378635e+00	8.552599e-06	-3.189394e-01
2.561901881688725e-03	6.378635e+00	8.552599e-06	-3.189413e-01
2.571901881688725e-03	6.378635e+00	8.552597e-06	-3.189394e-01
2.581901881688725e-03	6.378635e+00	8.552597e-06	-3.189413e-01
2.591901881688725e-03	6.378635e+00	8.552595e-06	-3.189394e-01
2.601901881688725e-03	6.378635e+00	8.552595e-06	-3.189413e-01
2.611901881688725e-03	6.378635e+00	8.552593e-06	-3.189394e-01
2.621901881688725e-03	6.378635e+00	8.552593e-06	-3.189413e-01
2.631901881688725e-03	6.378635e+00	8.552592e-06	-3.189394e-01
2.641901881688725e-03	6.378635e+00	8.552592e-06	-3.189413e-01
2.651901881688725e-03	6.378635e+00	8.552590e-06	-3.189394e-01
2.661901881688725e-03	6.378635e+00	8.552590e-06	-3.189413e-01
2.671901881688725e-03	6.378635e+00	8.552589e-06	-3.189394e-01
2.681901881688725e-03	6.378635e+00	8.552588e-06	-3.189413e-01
2.691901881688725e-03	6.378635e+00	8.552588e-06	-3.189394e-01
2.701901881688725e-03	6.378635e+00	8.552586e-06	-3.189413e-01
2.711901881688725e-03	6.378635e+00	8.552586e-06	-3.189394e-01
2.721901881688725e-03	6.378635e+00	8.552584e-06	-3.189413e-01
2.731901881688725e-03	6.378635e+00	8.552584e-06	-3.189394e-01
2.741901881688725e-03	6.378635e+00	8.552583e-06	-3.189413e-01
2.751901881688725e-03	6.378635e+00	8.552583e-06	-3.189394e-01
2.761901881688725e-03	6.378635e+00	8.552583e-06	-3.189413e-01
2.771901881688725e-03	6.378635e+00	8.552581e-06	-3.189394e-01
2.781901881688725e-03	6.378635e+00	8.552581e-06	-3.189413e-01
2.791901881688725e-03	6.378635e+00	8.552580e-06	-3.189394e-01
2.801901881688725e-03	6.378635e+00	8.552579e-06	-3.189413e-01
2.811901881688725e-03	6.378635e+00	8.552579e-06	-3.189394e-01
2.821901881688725e-03	6.378635e+00	8.552578e-06	-3.189413e-01
2.831901881688725e-03	6.378635e+00	8.552577e-06	-3.189394e-01
2.841901881688725e-03	6.378635e+00	8.552577e-06	-3.189413e-01
2.851901881688725e-03	6.378635e+00	8.552576e-06	-3.189394e-01
2.861901881688725e-03	6.378635e+00	8.552575e-06	-3.189413e-01
2.871901881688725e-03	6.378635e+00	8.552575e-06	-3.189394e-01
2.881901881688725e-03	6.378635e+00	8.552574e-06	-3.189413e-01
2.891901881688725e-03	6.378635e+00	8.552573e-06	-3.189394e-01
2.901901881688725e-03	6.378635e+00	8.552573e-06	-3.189413e-01
2.911901881688725e-03	6.378635e+00	8.552572e-06	-3.189394e-01
2.921901881688725e-03	6.378635e+00	8.552572e-06	-3.189413e-01
2.931901881688725e-03	6.378635e+00	8.552571e-06	-3.189394e-01
2.941901881688725e-03	6.378635e+00	8.552571e-06	-3.189413e-01
2.951901881688725e-03	6.378635e+00	8.552570e-06	-3.189394e-01
2.961901881688725e-03	6.378635e+00	8.552570e-06	-3.189413e-01
2.971901881688725e-03	6.378635e+00	8.552569e-06	-3.189394e-01
2.981901881688725e-03	6.378635e+00	8.552568e-06	-3.189413e-01
2.991901881688725e-03	6.378635e+00	8.552568e-06	-3.189394e-01
3.001901881688725e-03	6.378635e+00	8.552567e-06	-3.189413e-01
3.011901881688725e-03	6.378635e+00	8.552566e-06	-3.189394e-01
3.021901881688725e-03	6.378635e+00	8.552566e-06	-3.189413e-01
3.031901881688725e-03	6.378635e+00	8.552565e-06	-3.189394e-01
3.041901881688725e-03	6.378635e+00	8.552565e-06	-3.189413e-01
3.051901881688725e-03	6.378635e+00	8.552564e-06	-3.189394e-01
3.061901881688725e-03	6.378635e+00	8.552564e-06	-3.189413e-01
3.071901881688725e-03	6.378635e+00	8.552563e-06	-3.189394e-01
3.081901881688725e-03	6.378635e+00	8.552563e-06	-3.189413e-01
3.091901881688725e-03	6.378635e+00	8.552563e-06	-3.189394e-01
3.101901881688725e-03	6.378635e+00	8.552563e-06	-3.189413e-01
3.111901881688725e-03	6.378635e+00	8.552562e-06	-3.189394e-01
3.121901881688725e-03	6.378635e+00	8.552562e-06	-3.189413e-01
3.131901881688725e-03	6.378635e+00	8.552561e-06	-3.189394e-01
3.141901881688725e-03	6.378635e+00	8.552561e-06	-3.189413e-01
3.151901881688725e-03	6.378635e+00	8.552560e-06	-3.189394e-01
3.161901881688725e-03	6.378635e+00	8.552560e-06	-3.189413e-01
3.171901881688725e-03	6.378635e+00	8.552559e-06	-3.189394e-01
3.181901881688725e-03	6.378635e+00	8.552559e-06	-3.189413e-01
3.191901881688725e-03	6.378635e+00	8.552558e-06	-3.189394e-01
3.201901881688725e-03	6.378635e+00	8.552558e-06	-3.189413e-01
3.211901881688725e-03	6.378635e+00	8.552557e-06	-3.189394e-01
3.221901881688725e-03	6.378635e+00	8.552557e-06	-3.189413e-01
3.231901881688725e-03	6.378635e+00	8.552556e-06	-3.189394e-01
3.241901881688725e-03	6.378635e+00	8.552556e-06	-3.189413e-01
3.251901881688725e-03	6.378635e+00	8.552555e-06	-3.189394e-01
3.261901881688725e-03	6.378635e+00	8.552555e-06	-3.189413e-01
3.271901881688725e-03	6.378635e+00	8.552554e-06	-3.189394e-01
3.281901881688725e-03	6.378635e+00	8.552554e-06	-3.189413e-01
3.291901881688725e-03	6.378635e+00	8.552553e-06	-3.189394e-01
3.301901881688725e-03	6.378635e+00	8.552553e-06	-3.189413e-01
3.311901881688725e-03	6.378635e+00	8.552553e-06	-3.189394e-01
3.321901881688725e-03	6.378635e+00	8.552553e-06	-3.189413e-01
3.331901881688725e-03	6.378635e+00	8.552553e-06	-3.189394e-01
3.341901881688725e-03	6.378635e+00	8.552553e-06	-3.189413e-01
3.351901881688725e-03	6.378635e+00	8.552552e-06	-3.189394e-01
3.361901881688725e-03	6.378635e+00	8.552552e-06	-3.189413e-01
3.371901881688725e-03	6.378635e+00	8.552551e-06	-3.189394e-01
3.381901881688725e-03	6.378635e+00	8.552551e-06	-3.189413e-01
3.391901881688725e-03	6.378635e+00	8.552550e-06	-3.189394e-01
3.401901881688725e-03	6.378635e+00	8.552550e-06	-3.189413e-01
3.411901881688725e-03	6.378635e+00	8.552550e-06	-3.189394e-01
3.421901881688725e-03	6.378635e+00	8.552550e-06	-3.189413e-01
3.431901881688725e-03	6.378635e+00	8.552549e-06	-3.189394e-01
3.441901881688725e-03	6.378635e+00	8.552549e-06	-3.189413e-01
3.451901881688725e-03	6.378635e+00	8.552548e-06	-3.189394e-01
3.461901881688725e-03	6.378635e+00	8.552548e-06	-3.189413e-01
3.471901881688725e-03	6.378635e+00	8.552548e-06	-3.189394e-01
3.481901881688725e-03	6.378635e+00	8.552548e-06	-3.189413e-01
3.491901881688725e-03	6.378635e+00	8.552547e-06	-3.189394e-01
3.501901881688725e-03	6.378635e+00	8.552547e-06	-3.189413e-01
3.511901881688725e-03	6.378635e+00	8.552546e-06	-3.189394e-01
3.521901881688725e-03	6.378635e+00	8.552546e-06	-3.189413e-01
3.531901881688725e-03	6.378635e+00	8.552546e-06	-3.189394e-01
3.541901881688725e-03	6.378635e+00	8.552546e-06	-3.189413e-01
3.551901881688725e-03	6.378635e+00	8.552545e-06	-3.189394e-01
3.561901881688725e-03	6.378635e+00	8.552545e-06	-3.189413e-01
3.571901881688725e-03	6.378635e+00	8.552544e-06	-3.189394e-01
3.581901881688725e-03	6.378635e+00	8.552544e-06	-3.189413e-01
3.591901881688725e-03	6.378635e+00	8.552544e-06	-3.189394e-01
3.601901881688725e-03	6.378635e+00	8.552544e-06	-3.189413e-01
3.611901881688725e-03	6.378635e+00	8.552544e-06	-3.189394e-01
3.621901881688725e-03	6.378635e+00	8.552544e-06	-3.189413e-01
3.631901881688725e-03	6.378635e+00	8.552543e-06	-3.189394e-01
3.641901881688725e-03	6.378635e+00	8.552543e-06	-3.189413e-01
3.651901881688725e-03	6.378635e+00	8.552543e-06	-3.189394e-01
3.661901881688725e-03	6.378635e+00	8.552543e-06	-3.189413e-01
3.671901881688725e-03	6.378635e+00	8.552543e-06	-3.189394e-01
3.681901881688725e-03	6.378635e+00	8.552543e-06	-3.189413e-01
3.691901881688725e-03	6.378635e+00	8.552542e-06	-3.189394e-01
3.701901881688725e-03	6.378635e+00	8.552542e-06	-3.189413e-01
3.711901881688725e-03	6.378635e+00	8.552542e-06	-3.189394e-01
3.721901881688725e-03	6.378635e+00	8.552542e-06	-3.189413e-01
3.731901881688725e-03	6.378635e+00	8.552541e-06	-3.189394e-01
3.741901881688725e-03	6.378635e+00	8.552541e-06	-3.189413e-01
3.751901881688725e-03	6.378635e+00	8.552541e-06	-3.189394e-01
3.761901881688725e-03	6.378635e+00	8.552541e-06	-3.189413e-01
3.771901881688725e-03	6.378635e+00	8.552540e-06	-3.189394e-01
3.781901881688725e-03	6.378635e+00	8.552540e-06	-3.189413e-01
3.791901881688725e-03	6.378635e+00	8.552540e-06	-3.189394e-01
3.801901881688725e-03	6.378635e+00	8.552540e-06	-3.189413e-01
3.811901881688725e-03	6.378635e+00	8.552539e-06	-3.189394e-01
3.821901881688725e-03	6.378635e+00	8.552539e-06	-3.189413e-01
3.831901881688725e-03	6.378635e+00	8.552539e-06	-3.189394e-01
3.841901881688725e-03	6.378635e+00	8.552539e-06	-3.189413e-01
3.851901881688725e-03	6.378635e+00	8.552539e-06	-3.189394e-01
3.861901881688725e-03	6.378635e+00	8.552539e-06	-3.189413e-01
3.871901881688725e-03	6.378635e+00	8.552538e-06	-3.189394e-01
3.881901881688725e-03	6.378635e+00	8.552538e-06	-3.189413e-01
3.891901881688725e-03	6.378635e+00	8.552538e-06	-3.189394e-01
3.901901881688725e-03	6.378635e+00	8.552538e-06	-3.189413e-01
3.911901881688725e-03	6.378635e+00	8.552537e-06	-3.189394e-01
3.921901881688725e-03	6.378635e+00	8.552537e-06	-3.189413e-01
3.931901881688724e-03	6.378635e+00	8.552537e-06	-3.189394e-01
3.941901881688725e-03	6.378635e+00	8.552537e-06	-3.189413e-01
3.951901881688724e-03	6.378635e+00	8.552537e-06	-3.189394e-01
3.961901881688725e-03	6.378635e+00	8.552537e-06	-3.189413e-01
3.971901881688725e-03	6.378635e+00	8.552536e-06	-3.189394e-01
3.981901881688725e-03	6.378635e+00	8.552536e-06	-3.189413e-01
3.991901881688725e-03	6.378635e+00	8.552536e-06	-3.189394e-01
4.001901881688725e-03	6.378635e+00	8.552536e-06	-3.189413e-01
4.011901881688725e-03	6.378635e+00	8.552535e-06	-3.189394e-01
4.021901881688725e-03	6.378635e+00	8.552535e-06	-3.189413e-01
4.031901881688725e-03	6.378635e+00	8.552535e-06	-3.189394e-01
4.041901881688725e-03	6.378635e+00	8.552535e-06	-3.189413e-01
4.051901881688725e-03	6.378635e+00	8.552535e-06	-3.189394e-01
4.061901881688725e-03	6.378635e+00	8.552535e-06	-3.189413e-01
4.071901881688725e-03	6.378635e+00	8.552535e-06	-3.189394e-01
4.081901881688724e-03	6.378635e+00	8.552535e-06	-3.189413e-01
4.091901881688725e-03	6.378635e+00	8.552534e-06	-3.189394e-01
4.101901881688724e-03	6.378635e+00	8.552534e-06	-3.189413e-01
4.111901881688725e-03	6.378635e+00	8.552534e-06	-3.189394e-01
4.121901881688724e-03	6.378635e+00	8.552534e-06	-3.189413e-01
4.131901881688725e-03	6.378635e+00	8.552533e-06	-3.189394e-01
4.141901881688725e-03	6.378635e+00	8.552533e-06	-3.189413e-01
4.151901881688725e-03	6.378635e+00	8.552533e-06	-3.189394e-01
4.161901881688725e-03	6.378635e+00	8.552533e-06	-3.189413e-01
4.171901881688725e-03	6.378635e+00	8.552533e-06	-3.189394e-01
4.181901881688725e-03	6.378635e+00	8.552533e-06	-3.189413e-01
4.191901881688725e-03	6.378635e+00	8.552533e-06	-3.189394e-01
4.201901881688725e-03	6.378635e+00	8.552533e-06	-3.189413e-01
4.211901881688725e-03	6.378635e+00	8.552533e-06	-3.189394e-01
4.221901881688725e-03	6.378635e+00	8.552533e-06	-3.189413e-01
4.231901881688725e-03	6.378635e+00	8.552533e-06	-3.189394e-01
4.241901881688725e-03	6.378635e+00	8.552533e-06	-3.189413e-01
4.251901881688724e-03	6.378635e+00	8.552533e-06	-3.189394e-01
4.261901881688725e-03	6.378635e+00	8.552533e-06	-3.189413e-01
4.271901881688724e-03	6.378635e+00	8.552533e-06	-3.189394e-01
4.281901881688725e-03	6.378635e+00	8.552533e-06	-3.189413e-01
4.291901881688725e-03	6.378635e+00	8.552532e-06	-3.189394e-01
4.301901881688725e-03	6.378635e+00	8.552532e-06	-3.189413e-01
4.311901881688725e-03	6.378635e+00	8.552532e-06	-3.189394e-01
4.321901881688725e-03	6.378635e+00	8.552532e-06	-3.189413e-01
4.331901881688725e-03	6.378635e+00	8.552532e-06	-3.189394e-01
4.341901881688725e-03	6.378635e+00	8.552532e-06	-3.189413e-01
4.351901881688725e-03	6.378635e+00	8.552532e-06	-3.189394e-01
4.361901881688725e-03	6.378635e+00	8.552532e-06	-3.189413e-01
4.371901881688725e-03	6.378635e+00	8.552531e-06	-3.189394e-01
4.381901881688725e-03	6.378635e+00	8.552531e-06	-3.189413e-01
4.391901881688725e-03	6.378635e+00	8.552531e-06	-3.189394e-01
4.401901881688724e-03	6.378635e+00	8.552531e-06	-3.189413e-01
4.411901881688725e-03	6.378635e+00	8.552531e-06	-3.189394e-01
4.421901881688724e-03	6.378635e+00	8.552531e-06	-3.189413e-01
4.431901881688725e-03	6.378635e+00	8.552531e-06	-3.189394e-01
4.441901881688724e-03	6.378635e+00	8.552531e-06	-3.189413e-01
4.451901881688725e-03	6.378635e+00	8.552531e-06	-3.189394e-01
4.461901881688725e-03	6.378635e+00	8.552531e-06	-3.189413e-01
4.471901881688725e-03	6.378635e+00	8.552530e-06	-3.189394e-01
4.481901881688725e-03	6.378635e+00	8.552530e-06	-3.189413e-01
4.491901881688725e-03	6.378635e+00	8.552530e-06	-3.189394e-01
4.501901881688725e-03	6.378635e+00	8.552530e-06	-3.189413e-01
4.511901881688725e-03	6.378635e+00	8.552530e-06	-3.189394e-01
4.521901881688725e-03	6.378635e+00	8.552530e-06	-3.189413e-01
4.531901881688725e-03	6.378635e+00	8.552530e-06	-3.189394e-01
4.541901881688725e-03	6.378635e+00	8.552530e-06	-3.189413e-01
4.551901881688725e-03	6.378635e+00	8.552530e-06	-3.189394e-01
4.561901881688725e-03	6.378635e+00	8.552530e-06	-3.189413e-01
4.571901881688724e-03	6.378635e+00	8.552529e-06	-3.189394e-01
4.581901881688725e-03	6.378635e+00	8.552529e-06	-3.189413e-01
4.591901881688724e-03	6.378635e+00	8.552529e-06	-3.189394e-01
4.601901881688725e-03	6.378635e+00	8.552529e-06	-3.189413e-01
4.611901881688724e-03	6.378635e+00	8.552529e-06	-3.189394e-01
4.621901881688725e-03	6.378635e+00	8.552529e-06	-3.189413e-01
4.631901881688725e-03	6.378635e+00	8.552529e-06	-3.189394e-01
4.641901881688725e-03	6.378635e+00	8.552529e-06	-3.189413e-01
4.651901881688725e-03	6.378635e+00	8.552529e-06	-3.189394e-01
4.661901881688725e-03	6.378635e+00	8.552529e-06	-3.189413e-01
4.671901881688725e-03	6.378635e+00	8.552529e-06	-3.189394e-01
4.681901881688725e-03	6.378635e+00	8.552529e-06	-3.189413e-01
4.691901881688725e-03	6.378635e+00	8.552529e-06	-3.189394e-01
4.701901881688725e-03	6.378635e+00	8.552528e-06	-3.189413e-01
4.711901881688725e-03	6.378635e+00	8.552528e-06	-3.189394e-01
4.721901881688724e-03	6.378635e+00	8.552528e-06	-3.189413e-01
4.731901881688725e-03	6.378635e+00	8.552528e-06	-3.189394e-01
4.741901881688724e-03	6.378635e+00	8.552528e-06	-3.189413e-01
4.751901881688725e-03	6.378635e+00	8.552528e-06	-3.189394e-01
4.761901881688724e-03	6.378635e+00	8.552528e-06	-3.189413e-01
4.771901881688725e-03	6.378635e+00	8.552528e-06	-3.189394e-01
4.781901881688724e-03	6.378635e+00	8.552528e-06	-3.189413e-01
4.791901881688725e-03	6.378635e+00	8.552528e-06	-3.189394e-01
4.801901881688725e-03	6.378635e+00	8.552528e-06	-3.189413e-01
4.811901881688725e-03	6.378635e+00	8.552528e-06	-3.189394e-01
4.821901881688725e-03	6.378635e+00	8.552528e-06	-3.189413e-01
4.831901881688725e-03	6.378635e+00	8.552528e-06	-3.189394e-01
4.841901881688725e-03	6.378635e+00	8.552527e-06	-3.189413e-01
4.851901881688725e-03	6.378635e+00	8.552527e-06	-3.189394e-01
4.861901881688725e-03	6.378635e+00	8.552527e-06	-3.189413e-01
4.871901881688725e-03	6.378635e+00	8.552527e-06	-3.189394e-01
4.881901881688725e-03	6.378635e+00	8.552527e-06	-3.189413e-01
4.891901881688724e-03	6.378635e+00	8.552527e-06	-3.189394e-01
4.901901881688725e-03	6.378635e+00	8.552527e-06	-3.189413e-01
4.911901881688724e-03	6.378635e+00	8.552527e-06	-3.189394e-01
4.921901881688725e-03	6.378635e+00	8.552527e-06	-3.189413e-01
4.931901881688724e-03	6.378635e+00	8.552527e-06	-3.189394e-01
4.941901881688725e-03	6.378635e+00	8.552527e-06	-3.189413e-01
4.951901881688725e-03	6.378635e+00	8.552527e-06	-3.189394e-01
4.961901881688725e-03	6.378635e+00	8.552527e-06	-3.189413e-01
4.971901881688725e-03	6.378635e+00	8.552527e-06	-3.189394e-01
4.981901881688725e-03	6.378635e+00	8.552527e-06	-3.189413e-01
4.991901881688725e-03	6.378635e+00	8.552527e-06	-3.189394e-01
5.001901881688725e-03	6.378635e+00	8.552526e-06	-3.189413e-01
5.011901881688725e-03	6.378635e+00	8.552526e-06	-3.189394e-01
5.021901881688725e-03	6.378635e+00	8.552526e-06	-3.189413e-01
5.031901881688725e-03	6.378635e+00	8.552526e-06	-3.189394e-01
5.041901881688724e-03	6.378635e+00	8.552526e-06	-3.189413e-01
5.051901881688725e-03	6.378635e+00	8.552526e-06	-3.189394e-01
5.061901881688724e-03	6.378635e+00	8.552526e-06	-3.189413e-01
5.071901881688725e-03	6.378635e+00	8.552526e-06	-3.189394e-01
5.081901881688724e-03	6.378635e+00	8.552526e-06	-3.189413e-01
5.091901881688725e-03	6.378635e+00	8.552526e-06	-3.189394e-01
5.101901881688724e-03	6.378635e+00	8.552526e-06	-3.189413e-01
5.111901881688725e-03	6.378635e+00	8.552526e-06	-3.189394e-01
5.121901881688725e-03	6.378635e+00	8.552526e-06	-3.189413e-01
5.131901881688725e-03	6.378635e+00	8.552526e-06	-3.189394e-01
5.141901881688725e-03	6.378635e+00	8.552526e-06	-3.189413e-01
5.151901881688725e-03	6.378635e+00	8.552526e-06	-3.189394e-01
5.161901881688725e-03	6.378635e+00	8.552526e-06	-3.189413e-01
5.171901881688725e-03	6.378635e+00	8.552526e-06	-3.189394e-01
5.181901881688725e-03	6.378635e+00	8.552526e-06	-3.189413e-01
5.191901881688725e-03	6.378635e+00	8.552526e-06	-3.189394e-01
5.201901881688725e-03	6.378635e+00	8.552526e-06	-3.189413e-01
5.211901881688724e-03	6.378635e+00	8.552526e-06	-3.189394e-01
5.221901881688725e-03	6.378635e+00	8.552526e-06	-3.189413e-01
5.231901881688724e-03	6.378635e+00	8.552526e-06	-3.189394e-01
5.241901881688725e-03	6.378635e+00	8.552526e-06	-3.189413e-01
5.251901881688724e-03	6.378635e+00	8.552526e-06	-3.189394e-01
5.261901881688725e-03	6.378635e+00	8.552525e-06	-3.189413e-01
5.271901881688724e-03	6.378635e+00	8.552525e-06	-3.189394e-01
5.281901881688725e-03	6.378635e+00	8.552525e-06	-3.189413e-01
5.291901881688725e-03	6.378635e+00	8.552525e-06	-3.189394e-01
5.301901881688725e-03	6.378635e+00	8.552525e-06	-3.189413e-01
5.311901881688725e-03	6.378635e+00	8.552525e-06	-3.189394e-01
5.321901881688725e-03	6.378635e+00	8.552525e-06	-3.189413e-01
5.331901881688725e-03	6.378635e+00	8.552525e-06	-3.189394e-01
5.341901881688725e-03	6.378635e+00	8.552525e-06	-3.189413e-01
5.351901881688725e-03	6.378635e+00	8.552525e-06	-3.189394e-01
5.361901881688724e-03	6.378635e+00	8.552525e-06	-3.189413e-01
5.371901881688725e-03	6.378635e+00	8.552525e-06	-3.189394e-01
5.381901881688724e-03	6.378635e+00	8.552525e-06	-3.189413e-01
5.391901881688725e-03	6.378635e+00	8.552525e-06	-3.189394e-01
5.401901881688724e-03	6.378635e+00	8.552525e-06	-3.189413e-01
5.411901881688725e-03	6.378635e+00	8.552525e-06	-3.189394e-01
5.421901881688724e-03	6.378635e+00	8.552525e-06	-3.189413e-01
5.431901881688725e-03	6.378635e+00	8.552525e-06	-3.189394e-01
5.441901881688724e-03	6.378635e+00	8.552525e-06	-3.189413e-01
5.451901881688725e-03	6.378635e+00	8.552525e-06	-3.189394e-01
5.461901881688725e-03	6.378635e+00	8.552524e-06	-3.189413e-01
5.471901881688725e-03	6.378635e+00	8.552524e-06	-3.189394e-01
5.481901881688725e-03	6.378635e+00	8.552524e-06	-3.189413e-01
5.491901881688725e-03	6.378635e+00	8.552524e-06	-3.189394e-01
5.501901881688725e-03	6.378635e+00	8.552524e-06	-3.189413e-01
5.511901881688725e-03	6.378635e+00	8.552524e-06	-3.189394e-01
5.521901881688725e-03	6.378635e+00	8.552524e-06	-3.189413e-01
5.531901881688724e-03	6.378635e+00	8.552524e-06	-3.189394e-01
5.541901881688725e-03	6.378635e+00	8.552524e-06	-3.189413e-01
5.551901881688724e-03	6.378635e+00	8.552524e-06	-3.189394e-01
5.561901881688725e-03	6.378635e+00	8.552524e-06	-3.189413e-01
5.571901881688724e-03	6.378635e+00	8.552524e-06	-3.189394e-01
5.581901881688725e-03	6.378635e+00	8.552524e-06	-3.189413e-01
5.591901881688724e-03	6.378635e+00	8.552524e-06	-3.189394e-01
5.601901881688725e-03	6.378635e+00	8.552524e-06	-3.189413e-01
5.611901881688725e-03	6.378635e+00	8.552524e-06	-3.189394e-01
5.621901881688725e-03	6.378635e+00	8.552524e-06	-3.189413e-01
5.631901881688725e-03	6.378635e+00	8.552524e-06	-3.189394e-01
5.641901881688725e-03	6.378635e+00	8.552524e-06	-3.189413e-01
5.651901881688725e-03	6.378635e+00	8.552524e-06	-3.189394e-01
5.661901881688725e-03	6.378635e+00	8.552524e-06	-3.189413e-01
5.671901881688725e-03	6.378635e+00	8.552524e-06	-3.189394e-01
5.681901881688724e-03	6.378635e+00	8.552524e-06	-3.189413e-01
5.691901881688725e-03	6.378635e+00	8.552524e-06	-3.189394e-01
5.701901881688724e-03	6.378635e+00	8.552524e-06	-3.189413e-01
5.711901881688725e-03	6.378635e+00	8.552524e-06	-3.189394e-01
5.721901881688724e-03	6.378635e+00	8.552524e-06	-3.189413e-01
5.731901881688725e-03	6.378635e+00	8.552524e-06	-3.189394e-01
5.741901881688724e-03	6.378635e+00	8.552524e-06	-3.189413e-01
5.751901881688725e-03	6.378635e+00	8.552524e-06	-3.189394e-01
5.761901881688724e-03	6.378635e+00	8.552524e-06	-3.189413e-01
5.771901881688725e-03	6.378635e+00	8.552524e-06	-3.189394e-01
5.781901881688725e-03	6.378635e+00	8.552524e-06	-3.189413e-01
5.791901881688725e-03	6.378635e+00	8.552524e-06	-3.189394e-01
5.801901881688725e-03	6.378635e+00	8.552524e-06	-3.189413e-01
5.811901881688725e-03	6.378635e+00	8.552524e-06	-3.189394e-01
5.821901881688725e-03	6.378635e+00	8.552524e-06	-3.189413e-01
5.831901881688725e-03	6.378635e+00	8.552524e-06	-3.189394e-01
5.841901881688725e-03	6.378635e+00	8.552524e-06	-3.189413e-01
5.851901881688724e-03	6.378635e+00	8.552524e-06	-3.189394e-01
5.861901881688725e-03	6.378635e+00	8.552524e-06	-3.189413e-01
5.871901881688724e-03	6.378635e+00	8.552524e-06	-3.189394e-01
5.881901881688725e-03	6.378635e+00	8.552524e-06	-3.189413e-01
5.891901881688724e-03	6.378635e+00	8.552524e-06	-3.189394e-01
5.901901881688725e-03	6.378635e+00	8.552524e-06	-3.189413e-01
5.911901881688724e-03	6.378635e+00	8.552524e-06	-3.189394e-01
5.921901881688725e-03	6.378635e+00	8.552524e-06	-3.189413e-01
5.931901881688724e-03	6.378635e+00	8.552524e-06	-3.189394e-01
5.941901881688725e-03	6.378635e+00	8.552524e-06	-3.189413e-01
5.951901881688725e-03	6.378635e+00	8.552524e-06	-3.189394e-01
5.961901881688725e-03	6.378635e+00	8.552524e-06	-3.189413e-01
5.971901881688725e-03	6.378635e+00	8.552524e-06	-3.189394e-01
5.981901881688725e-03	6.378635e+00	8.552524e-06	-3.189413e-01
5.991901881688725e-03	6.378635e+00	8.552524e-06	-3.189394e-01
6.001901881688724e-03	6.378635e+00	8.552524e-06	-3.189413e-01
6.011901881688725e-03	6.378635e+00	8.552524e-06	-3.189394e-01
6.021901881688724e-03	6.378635e+00	8.552524e-06	-3.189413e-01
6.031901881688725e-03	6.378635e+00	8.552524e-06	-3.189394e-01
6.041901881688724e-03	6.378635e+00	8.552524e-06	-3.189413e-01
6.051901881688725e-03	6.378635e+00	8.552524e-06	-3.189394e-01
6.061901881688724e-03	6.378635e+00	8.552524e-06	-3.189413e-01
6.071901881688725e-03	6.378635e+00	8.552524e-06	-3.189394e-01
6.081901881688724e-03	6.378635e+00	8.552524e-06	-3.189413e-01
6.091901881688725e-03	6.378635e+00	8.552524e-06	-3.189394e-01
6.101901881688724e-03	6.378635e+00	8.552524e-06	-3.189413e-01
6.111901881688725e-03	6.378635e+00	8.552524e-06	-3.189394e-01
6.121901881688725e-03	6.378635e+00	8.552524e-06	-3.189413e-01
6.131901881688725e-03	6.378635e+00	8.552524e-06	-3.189394e-01
6.141901881688725e-03	6.378635e+00	8.552524e-06	-3.189413e-01
6.151901881688725e-03	6.378635e+00	8.552524e-06	-3.189394e-01
6.161901881688725e-03	6.378635e+00	8.552524e-06	-3.189413e-01
6.171901881688724e-03	6.378635e+00	8.552524e-06	-3.189394e-01
6.181901881688725e-03	6.378635e+00	8.552524e-06	-3.189413e-01
6.191901881688724e-03	6.378635e+00	8.552524e-06	-3.189394e-01
6.201901881688725e-03	6.378635e+00	8.552524e-06	-3.189413e-01
6.211901881688724e-03	6.378635e+00	8.552524e-06	-3.189394e-01
6.221901881688725e-03	6.378635e+00	8.552524e-06	-3.189413e-01
6.231901881688724e-03	6.378635e+00	8.552524e-06	-3.189394e-01
6.241901881688725e-03	6.378635e+00	8.552524e-06	-3.189413e-01
6.251901881688724e-03	6.378635e+00	8.552524e-06	-3.189394e-01
6.261901881688725e-03	6.378635e+00	8.552524e-06	-3.189413e-01
6.271901881688724e-03	6.378635e+00	8.552524e-06	-3.189394e-01
6.281901881688725e-03	6.378635e+00	8.552523e-06	-3.189413e-01
6.291901881688725e-03	6.378635e+00	8.552523e-06	-3.189394e-01
6.301901881688725e-03	6.378635e+00	8.552523e-06	-3.189413e-01
6.311901881688725e-03	6.378635e+00	8.552523e-06	-3.189394e-01
6.321901881688724e-03	6.378635e+00	8.552523e-06	-3.189413e-01
6.331901881688725e-03	6.378635e+00	8.552523e-06	-3.189394e-01
6.341901881688724e-03	6.378635e+00	8.552523e-06	-3.189413e-01
6.351901881688725e-03	6.378635e+00	8.552523e-06	-3.189394e-01
6.361901881688724e-03	6.378635e+00	8.552523e-06	-3.189413e-01
6.371901881688725e-03	6.378635e+00	8.552523e-06	-3.189394e-01
6.381901881688724e-03	6.378635e+00	8.552523e-06	-3.189413e-01
6.391901881688725e-03	6.378635e+00	8.552523e-06	-3.189394e-01
6.401901881688724e-03	6.378635e+00	8.552523e-06	-3.189413e-01
6.411901881688725e-03	6.378635e+00	8.552523e-06	-3.189394e-01
6.421901881688724e-03	6.378635e+00	8.552523e-06	-3.189413e-01
6.431901881688725e-03	6.378635e+00	8.552523e-06	-3.189394e-01
6.441901881688725e-03	6.378635e+00	8.552523e-06	-3.189413e-01
6.451901881688725e-03	6.378635e+00	8.552523e-06	-3.189394e-01
6.461901881688725e-03	6.378635e+00	8.552523e-06	-3.189413e-01
6.471901881688725e-03	6.378635e+00	8.552523e-06	-3.189394e-01
6.481901881688725e-03	6.378635e+00	8.552523e-06	-3.189413e-01
6.491901881688724e-03	6.378635e+00	8.552523e-06	-3.189394e-01
6.501901881688725e-03	6.378635e+00	8.552523e-06	-3.189413e-01
6.511901881688724e-03	6.378635e+00	8.552523e-06	-3.189394e-01
6.521901881688725e-03	6.378635e+00	8.552523e-06	-3.189413e-01
6.531901881688724e-03	6.378635e+00	8.552523e-06	-3.189394e-01
6.541901881688725e-03	6.378635e+00	8.552523e-06	-3.189413e-01
6.551901881688724e-03	6.378635e+00	8.552523e-06	-3.189394e-01
6.561901881688725e-03	6.378635e+00	8.552523e-06	-3.189413e-01
6.571901881688724e-03	6.378635e+00	8.552523e-06	-3.189394e-01
6.581901881688725e-03	6.378635e+00	8.552523e-06	-3.189413e-01
6.591901881688724e-03	6.378635e+00	8.552523e-06	-3.189394e-01
6.601901881688725e-03	6.378635e+00	8.552523e-06	-3.189413e-01
6.611901881688725e-03	6.378635e+00	8.552523e-06	-3.189394e-01
6.621901881688725e-03	6.378635e+00	8.552523e-06	-3.189413e-01
6.631901881688725e-03	6.378635e+00	8.552523e-06	-3.189394e-01
6.641901881688724e-03	6.378635e+00	8.552523e-06	-3.189413e-01
6.651901881688725e-03	6.378635e+00	8.552523e-06	-3.189394e-01
6.661901881688724e-03	6.378635e+00	8.552523e-06	-3.189413e-01
6.671901881688725e-03	6.378635e+00	8.552523e-06	-3.189394e-01
6.681901881688724e-03	6.378635e+00	8.552523e-06	-3.189413e-01
6.691901881688725e-03	6.378635e+00	8.552523e-06	-3.189394e-01
6.701901881688724e-03	6.378635e+00	8.552523e-06	-3.189413e-01
6.711901881688725e-03	6.378635e+00	8.552523e-06	-3.189394e-01
6.721901881688724e-03	6.378635e+00	8.552523e-06	-3.189413e-01
6.731901881688725e-03	6.378635e+00	8.552523e-06	-3.189394e-01
6.741901881688724e-03	6.378635e+00	8.552523e-06	-3.189413e-01
6.751901881688725e-03	6.378635e+00	8.552523e-06	-3.189394e-01
6.761901881688724e-03	6.378635e+00	8.552523e-06	-3.189413e-01
6.771901881688725e-03	6.378635e+00	8.552523e-06	-3.189394e-01
6.781901881688725e-03	6.378635e+00	8.552523e-06	-3.189413e-01
6.791901881688725e-03	6.378635e+00	8.552523e-06	-3.189394e-01
6.801901881688725e-03	6.378635e+00	8.552523e-06	-3.189413e-01
6.811901881688724e-03	6.378635e+00	8.552523e-06	-3.189394e-01
6.821901881688725e-03	6.378635e+00	8.552523e-06	-3.189413e-01
6.831901881688724e-03	6.378635e+00	8.552523e-06	-3.189394e-01
6.841901881688725e-03	6.378635e+00	8.552523e-06	-3.189413e-01
6.851901881688724e-03	6.378635e+00	8.552523e-06	-3.189394e-01
6.861901881688725e-03	6.378635e+00	8.552523e-06	-3.189413e-01
6.871901881688724e-03	6.378635e+00	8.552523e-06	-3.189394e-01
6.881901881688725e-03	6.378635e+00	8.552523e-06	-3.189413e-01
6.891901881688724e-03	6.378635e+00	8.552523e-06	-3.189394e-01
6.901901881688725e-03	6.378635e+00	8.552523e-06	-3.189413e-01
6.911901881688724e-03	6.378635e+00	8.552523e-06	-3.189394e-01
6.921901881688725e-03	6.378635e+00	8.552523e-06	-3.189413e-01
6.931901881688724e-03	6.378635e+00	8.552523e-06	-3.189394e-01
6.941901881688725e-03	6.378635e+00	8.552523e-06	-3.189413e-01
6.951901881688725e-03	6.378635e+00	8.552523e-06	-3.189394e-01
6.961901881688724e-03	6.378635e+00	8.552523e-06	-3.189413e-01
6.971901881688725e-03	6.378635e+00	8.552523e-06	-3.189394e-01
6.981901881688724e-03	6.378635e+00	8.552523e-06	-3.189413e-01
6.991901881688725e-03	6.378635e+00	8.552523e-06	-3.189394e-01
7.001901881688724e-03	6.378635e+00	8.552523e-06	-3.189413e-01
7.011901881688725e-03	6.378635e+00	8.552523e-06	-3.189394e-01
7.021901881688724e-03	6.378635e+00	8.552523e-06	-3.189413e-01
7.031901881688725e-03	6.378635e+00	8.552523e-06	-3.189394e-01
7.041901881688724e-03	6.378635e+00	8.552523e-06	-3.189413e-01
7.051901881688725e-03	6.378635e+00	8.552523e-06	-3.189394e-01
7.061901881688724e-03	6.378635e+00	8.552523e-06	-3.189413e-01
7.071901881688725e-03	6.378635e+00	8.552523e-06	-3.189394e-01
7.081901881688724e-03	6.378635e+00	8.552523e-06	-3.189413e-01
7.091901881688725e-03	6.378635e+00	8.552523e-06	-3.189394e-01
7.101901881688725e-03	6.378635e+00	8.552523e-06	-3.189413e-01
7.111901881688725e-03	6.378635e+00	8.552523e-06	-3.189394e-01
7.121901881688725e-03	6.378635e+00	8.552523e-06	-3.189413e-01
7.131901881688724e-03	6.378635e+00	8.552523e-06	-3.189394e-01
7.141901881688725e-03	6.378635e+00	8.552523e-06	-3.189413e-01
7.151901881688724e-03	6.378635e+00	8.552523e-06	-3.189394e-01
7.161901881688725e-03	6.378635e+00	8.552523e-06	-3.189413e-01
7.171901881688724e-03	6.378635e+00	8.552523e-06	-3.189394e-01
7.181901881688725e-03	6.378635e+00	8.552523e-06	-3.189413e-01
7.191901881688724e-03	6.378635e+00	8.552523e-06	-3.189394e-01
7.201901881688725e-03	6.378635e+00	8.552523e-06	-3.189413e-01
7.211901881688724e-03	6.378635e+00	8.552523e-06	-3.189394e-01
7.221901881688725e-03	6.378635e+00	8.552523e-06	-3.189413e-01
7.231901881688724e-03	6.378635e+00	8.552523e-06	-3.189394e-01
7.241901881688725e-03	6.378635e+00	8.552523e-06	-3.189413e-01
7.251901881688724e-03	6.378635e+00	8.552523e-06	-3.189394e-01
7.261901881688725e-03	6.378635e+00	8.552523e-06	-3.189413e-01
7.271901881688725e-03	6.378635e+00	8.552523e-06	-3.189394e-01
7.281901881688724e-03	6.378635e+00	8.552523e-06	-3.189413e-01
7.291901881688725e-03	6.378635e+00	8.552523e-06	-3.189394e-01
7.301901881688724e-03	6.378635e+00	8.552523e-06	-3.189413e-01
7.311901881688725e-03	6.378635e+00	8.552523e-06	-3.189394e-01
7.321901881688724e-03	6.378635e+00	8.552523e-06	-3.189413e-01
7.331901881688725e-03	6.378635e+00	8.552523e-06	-3.189394e-01
7.341901881688724e-03	6.378635e+00	8.552523e-06	-3.189413e-01
7.351901881688725e-03	6.378635e+00	8.552523e-06	-3.189394e-01
7.361901881688724e-03	6.378635e+00	8.552523e-06	-3.189413e-01
7.371901881688725e-03	6.378635e+00	8.552523e-06	-3.189394e-01
7.381901881688724e-03	6.378635e+00	8.552523e-06	-3.189413e-01
7.391901881688725e-03	6.378635e+00	8.552523e-06	-3.189394e-01
7.401901881688724e-03	6.378635e+00	8.552523e-06	-3.189413e-01
7.411901881688725e-03	6.378635e+00	8.552523e-06	-3.189394e-01
7.421901881688724e-03	6.378635e+00	8.552523e-06	-3.189413e-01
7.431901881688725e-03	6.378635e+00	8.552523e-06	-3.189394e-01
7.441901881688725e-03	6.378635e+00	8.552523e-06	-3.189413e-01
7.451901881688724e-03	6.378635e+00	8.552523e-06	-3.189394e-01
7.461901881688725e-03	6.378635e+00	8.552523e-06	-3.189413e-01
7.471901881688724e-03	6.378635e+00	8.552523e-06	-3.189394e-01
7.481901881688725e-03	6.378635e+00	8.552523e-06	-3.189413e-01
7.491901881688724e-03	6.378635e+00	8.552523e-06	-3.189394e-01
7.501901881688725e-03	6.378635e+00	8.552523e-06	-3.189413e-01
7.511901881688724e-03	6.378635e+00	8.552523e-06	-3.189394e-01
7.521901881688725e-03	6.378635e+00	8.552523e-06	-3.189413e-01
7.531901881688724e-03	6.378635e+00	8.552523e-06	-3.189394e-01
7.541901881688725e-03	6.378635e+00	8.552523e-06	-3.189413e-01
7.551901881688724e-03	6.378635e+00	8.552523e-06	-3.189394e-01
7.561901881688725e-03	6.378635e+00	8.552523e-06	-3.189413e-01
7.571901881688724e-03	6.378635e+00	8.552523e-06	-3.189394e-01
7.581901881688725e-03	6.378635e+00	8.552523e-06	-3.189413e-01
7.591901881688724e-03	6.378635e+00	8.552523e-06	-3.189394e-01
7.601901881688724e-03	6.378635e+00	8.552523e-06	-3.189413e-01
7.611901881688725e-03	6.378635e+00	8.552523e-06	-3.189394e-01
7.621901881688724e-03	6.378635e+00	8.552523e-06	-3.189413e-01
7.631901881688725e-03	6.378635e+00	8.552523e-06	-3.189394e-01
7.641901881688724e-03	6.378635e+00	8.552523e-06	-3.189413e-01
7.651901881688725e-03	6.378635e+00	8.552523e-06	-3.189394e-01
7.661901881688724e-03	6.378635e+00	8.552523e-06	-3.189413e-01
7.671901881688725e-03	6.378635e+00	8.552523e-06	-3.189394e-01
7.681901881688724e-03	6.378635e+00	8.552523e-06	-3.189413e-01
7.691901881688725e-03	6.378635e+00	8.552523e-06	-3.189394e-01
7.701901881688724e-03	6.378635e+00	8.552523e-06	-3.189413e-01
7.711901881688725e-03	6.378635e+00	8.552523e-06	-3.189394e-01
7.721901881688724e-03	6.378635e+00	8.552523e-06	-3.189413e-01
7.731901881688725e-03	6.378635e+00	8.552523e-06	-3.189394e-01
7.741901881688724e-03	6.378635e+00	8.552523e-06	-3.189413e-01
7.751901881688725e-03	6.378635e+00	8.552523e-06	-3.189394e-01
7.761901881688725e-03	6.378635e+00	8.552523e-06	-3.189413e-01
7.771901881688724e-03	6.378635e+00	8.552523e-06	-3.189394e-01
7.781901881688725e-03	6.378635e+00	8.552523e-06	-3.189413e-01
7.791901881688724e-03	6.378635e+00	8.552523e-06	-3.189394e-01
7.801901881688725e-03	6.378635e+00	8.552523e-06	-3.189413e-01
7.811901881688724e-03	6.378635e+00	8.552523e-06	-3.189394e-01
7.821901881688725e-03	6.378635e+00	8.552523e-06	-3.189413e-01
7.831901881688724e-03	6.378635e+00	8.552523e-06	-3.189394e-01
7.841901881688724e-03	6.378635e+00	8.552523e-06	-3.189413e-01
7.851901881688725e-03	6.378635e+00	8.552523e-06	-3.189394e-01
7.861901881688725e-03	6.378635e+00	8.552523e-06	-3.189413e-01
7.871901881688724e-03	6.378635e+00	8.552523e-06	-3.189394e-01
7.881901881688724e-03	6.378635e+00	8.552523e-06	-3.189413e-01
7.891901881688725e-03	6.378635e+00	8.552523e-06	-3.189394e-01
7.901901881688725e-03	6.378635e+00	8.552523e-06	-3.189413e-01
7.911901881688724e-03	6.378635e+00	8.552523e-06	-3.189394e-01
7.921901881688724e-03	6.378635e+00	8.552523e-06	-3.189413e-01
7.931901881688724e-03	6.378635e+00	8.552523e-06	-3.189394e-01
7.941901881688725e-03	6.378635e+00	8.552523e-06	-3.189413e-01
7.951901881688725e-03	6.378635e+00	8.552523e-06	-3.189394e-01
7.961901881688724e-03	6.378635e+00	8.552523e-06	-3.189413e-01
7.971901881688724e-03	6.378635e+00	8.552523e-06	-3.189394e-01
7.981901881688725e-03	6.378635e+00	8.552523e-06	-3.189413e-01
7.991901881688725e-03	6.378635e+00	8.552523e-06	-3.189394e-01
8.001901881688724e-03	6.378635e+00	8.552523e-06	-3.189413e-01
8.011901881688724e-03	6.378635e+00	8.552523e-06	-3.189394e-01
8.021901881688725e-03	6.378635e+00	8.552523e-06	-3.189413e-01
8.031901881688725e-03	6.378635e+00	8.552523e-06	-3.189394e-01
8.041901881688724e-03	6.378635e+00	8.552523e-06	-3.189413e-01
8.051901881688724e-03	6.378635e+00	8.552523e-06	-3.189394e-01
8.061901881688725e-03	6.378635e+00	8.552523e-06	-3.189413e-01
8.071901881688725e-03	6.378635e+00	8.552523e-06	-3.189394e-01
8.081901881688724e-03	6.378635e+00	8.552523e-06	-3.189413e-01
8.091901881688724e-03	6.378635e+00	8.552523e-06	-3.189394e-01
8.101901881688724e-03	6.378635e+00	8.552523e-06	-3.189413e-01
8.111901881688725e-03	6.378635e+00	8.552523e-06	-3.189394e-01
8.121901881688725e-03	6.378635e+00	8.552523e-06	-3.189413e-01
8.131901881688724e-03	6.378635e+00	8.552523e-06	-3.189394e-01
8.141901881688724e-03	6.378635e+00	8.552523e-06	-3.189413e-01
8.151901881688725e-03	6.378635e+00	8.552523e-06	-3.189394e-01
8.161901881688725e-03	6.378635e+00	8.552523e-06	-3.189413e-01
8.171901881688724e-03	6.378635e+00	8.552523e-06	-3.189394e-01
8.181901881688724e-03	6.378635e+00	8.552523e-06	-3.189413e-01
8.191901881688725e-03	6.378635e+00	8.552523e-06	-3.189394e-01
8.201901881688725e-03	6.378635e+00	8.552523e-06	-3.189413e-01
8.211901881688724e-03	6.378635e+00	8.552523e-06	-3.189394e-01
8.221901881688724e-03	6.378635e+00	8.552523e-06	-3.189413e-01
8.231901881688725e-03	6.378635e+00	8.552523e-06	-3.189394e-01
8.241901881688725e-03	6.378635e+00	8.552523e-06	-3.189413e-01
8.251901881688724e-03	6.378635e+00	8.552523e-06	-3.189394e-01
8.261901881688724e-03	6.378635e+00	8.552523e-06	-3.189413e-01
8.271901881688724e-03	6.378635e+00	8.552523e-06	-3.189394e-01
8.281901881688725e-03	6.378635e+00	8.552523e-06	-3.189413e-01
8.291901881688725e-03	6.378635e+00	8.552523e-06	-3.189394e-01
8.301901881688724e-03	6.378635e+00	8.552523e-06	-3.189413e-01
8.311901881688724e-03	6.378635e+00	8.552523e-06	-3.189394e-01
8.321901881688725e-03	6.378635e+00	8.552523e-06	-3.189413e-01
8.331901881688725e-03	6.378635e+00	8.552523e-06	-3.189394e-01
8.341901881688724e-03	6.378635e+00	8.552523e-06	-3.189413e-01
8.351901881688724e-03	6.378635e+00	8.552523e-06	-3.189394e-01
8.361901881688725e-03	6.378635e+00	8.552523e-06	-3.189413e-01
8.371901881688725e-03	6.378635e+00	8.552523e-06	-3.189394e-01
8.381901881688724e-03	6.378635e+00	8.552523e-06	-3.189413e-01
8.391901881688724e-03	6.378635e+00	8.552523e-06	-3.189394e-01
8.401901881688724e-03	6.378635e+00	8.552523e-06	-3.189413e-01
8.411901881688725e-03	6.378635e+00	8.552523e-06	-3.189394e-01
8.421901881688725e-03	6.378635e+00	8.552523e-06	-3.189413e-01
8.431901881688724e-03	6.378635e+00	8.552523e-06	-3.189394e-01
8.441901881688724e-03	6.378635e+00	8.552523e-06	-3.189413e-01
8.451901881688725e-03	6.378635e+00	8.552523e-06	-3.189394e-01
8.461901881688725e-03	6.378635e+00	8.552523e-06	-3.189413e-01
8.471901881688724e-03	6.378635e+00	8.552523e-06	-3.189394e-01
8.481901881688724e-03	6.378635e+00	8.552523e-06	-3.189413e-01
8.491901881688725e-03	6.378635e+00	8.552523e-06	-3.189394e-01
8.501901881688725e-03	6.378635e+00	8.552523e-06	-3.189413e-01
8.511901881688724e-03	6.378635e+00	8.552523e-06	-3.189394e-01
8.521901881688724e-03	6.378635e+00	8.552523e-06	-3.189413e-01
8.531901881688725e-03	6.378635e+00	8.552523e-06	-3.189394e-01
8.541901881688725e-03	6.378635e+00	8.552523e-06	-3.189413e-01
8.551901881688724e-03	6.378635e+00	8.552523e-06	-3.189394e-01
8.561901881688724e-03	6.378635e+00	8.552523e-06	-3.189413e-01
8.571901881688724e-03	6.378635e+00	8.552523e-06	-3.189394e-01
8.581901881688725e-03	6.378635e+00	8.552523e-06	-3.189413e-01
8.591901881688725e-03	6.378635e+00	8.552523e-06	-3.189394e-01
8.601901881688724e-03	6.378635e+00	8.552523e-06	-3.189413e-01
8.611901881688724e-03	6.378635e+00	8.552523e-06	-3.189394e-01
8.621901881688725e-03	6.378635e+00	8.552523e-06	-3.189413e-01
8.631901881688725e-03	6.378635e+00	8.552523e-06	-3.189394e-01
8.641901881688724e-03	6.378635e+00	8.552523e-06	-3.189413e-01
8.651901881688724e-03	6.378635e+00	8.552523e-06	-3.189394e-01
8.661901881688725e-03	6.378635e+00	8.552523e-06	-3.189413e-01
8.671901881688725e-03	6.378635e+00	8.552523e-06	-3.189394e-01
8.681901881688724e-03	6.378635e+00	8.552523e-06	-3.189413e-01
8.691901881688724e-03	6.378635e+00	8.552523e-06	-3.189394e-01
8.701901881688725e-03	6.378635e+00	8.552523e-06	-3.189413e-01
8.711901881688725e-03	6.378635e+00	8.552523e-06	-3.189394e-01
8.721901881688724e-03	6.378635e+00	8.552523e-06	-3.189413e-01
8.731901881688724e-03	6.378635e+00	8.552523e-06	-3.189394e-01
8.741901881688724e-03	6.378635e+00	8.552523e-06	-3.189413e-01
8.751901881688725e-03	6.378635e+00	8.552523e-06	-3.189394e-01
8.761901881688725e-03	6.378635e+00	8.552523e-06	-3.189413e-01
8.771901881688724e-03	6.378635e+00	8.552523e-06	-3.189394e-01
8.781901881688724e-03	6.378635e+00	8.552523e-06	-3.189413e-01
8.791901881688725e-03	6.378635e+00	8.552523e-06	-3.189394e-01
8.801901881688725e-03	6.378635e+00	8.552523e-06	-3.189413e-01
8.811901881688724e-03	6.378635e+00	8.552523e-06	-3.189394e-01
8.821901881688724e-03	6.378635e+00	8.552523e-06	-3.189413e-01
8.831901881688725e-03	6.378635e+00	8.552523e-06	-3.189394e-01
8.841901881688725e-03	6.378635e+00	8.552523e-06	-3.189413e-01
8.851901881688724e-03	6.378635e+00	8.552523e-06	-3.189394e-01
8.861901881688724e-03	6.378635e+00	8.552523e-06	-3.189413e-01
8.871901881688725e-03	6.378635e+00	8.552523e-06	-3.189394e-01
8.881901881688725e-03	6.378635e+00	8.552523e-06	-3.189413e-01
8.891901881688724e-03	6.378635e+00	8.552523e-06	-3.189394e-01
8.901901881688724e-03	6.378635e+00	8.552523e-06	-3.189413e-01
8.911901881688724e-03	6.378635e+00	8.552523e-06	-3.189394e-01
8.921901881688725e-03	6.378635e+00	8.552523e-06	-3.189413e-01
8.931901881688725e-03	6.378635e+00	8.552523e-06	-3.189394e-01
8.941901881688724e-03	6.378635e+00	8.552523e-06	-3.189413e-01
8.951901881688724e-03	6.378635e+00	8.552523e-06	-3.189394e-01
8.961901881688725e-03	6.378635e+00	8.552523e-06	-3.189413e-01
8.971901881688725e-03	6.378635e+00	8.552523e-06	-3.189394e-01
8.981901881688724e-03	6.378635e+00	8.552523e-06	-3.189413e-01
8.991901881688724e-03	6.378635e+00	8.552523e-06	-3.189394e-01
9.001901881688725e-03	6.378635e+00	8.552523e-06	-3.189413e-01
9.011901881688725e-03	6.378635e+00	8.552523e-06	-3.189394e-01
9.021901881688724e-03	6.378635e+00	8.552523e-06	-3.189413e-01
9.031901881688724e-03	6.378635e+00	8.552523e-06	-3.189394e-01
9.041901881688724e-03	6.378635e+00	8.552523e-06	-3.189413e-01
9.051901881688725e-03	6.378635e+00	8.552523e-06	-3.189394e-01
9.061901881688724e-03	6.378635e+00	8.552523e-06	-3.189413e-01
9.071901881688724e-03	6.378635e+00	8.552523e-06	-3.189394e-01
9.081901881688724e-03	6.378635e+00	8.552523e-06	-3.189413e-01
9.091901881688725e-03	6.378635e+00	8.552523e-06	-3.189394e-01
9.101901881688725e-03	6.378635e+00	8.552523e-06	-3.189413e-01
9.111901881688724e-03	6.378635e+00	8.552523e-06	-3.189394e-01
9.121901881688724e-03	6.378635e+00	8.552523e-06	-3.189413e-01
9.131901881688725e-03	6.378635e+00	8.552523e-06	-3.189394e-01
9.141901881688725e-03	6.378635e+00	8.552523e-06	-3.189413e-01
9.151901881688724e-03	6.378635e+00	8.552523e-06	-3.189394e-01
9.161901881688724e-03	6.378635e+00	8.552523e-06	-3.189413e-01
9.171901881688725e-03	6.378635e+00	8.552523e-06	-3.189394e-01
9.181901881688725e-03	6.378635e+00	8.552523e-06	-3.189413e-01
9.191901881688724e-03	6.378635e+00	8.552523e-06	-3.189394e-01
9.201901881688724e-03	6.378635e+00	8.552523e-06	-3.189413e-01
9.211901881688724e-03	6.378635e+00	8.552523e-06	-3.189394e-01
9.221901881688725e-03	6.378635e+00	8.552523e-06	-3.189413e-01
9.231901881688724e-03	6.378635e+00	8.552523e-06	-3.189394e-01
9.241901881688724e-03	6.378635e+00	8.552523e-06	-3.189413e-01
9.251901881688724e-03	6.378635e+00	8.552523e-06	-3.189394e-01
9.261901881688725e-03	6.378635e+00	8.552523e-06	-3.189413e-01
9.271901881688725e-03	6.378635e+00	8.552523e-06	-3.189394e-01
9.281901881688724e-03	6.378635e+00	8.552523e-06	-3.189413e-01
9.291901881688724e-03	6.378635e+00	8.552523e-06	-3.189394e-01
9.301901881688725e-03	6.378635e+00	8.552523e-06	-3.189413e-01
9.311901881688725e-03	6.378635e+00	8.552523e-06	-3.189394e-01
9.321901881688724e-03	6.378635e+00	8.552523e-06	-3.189413e-01
9.331901881688724e-03	6.378635e+00	8.552523e-06	-3.189394e-01
9.341901881688725e-03	6.378635e+00	8.552523e-06	-3.189413e-01
9.351901881688725e-03	6.378635e+00	8.552523e-06	-3.189394e-01
9.361901881688724e-03	6.378635e+00	8.552523e-06	-3.189413e-01
9.371901881688724e-03	6.378635e+00	8.552523e-06	-3.189394e-01
9.381901881688724e-03	6.378635e+00	8.552523e-06	-3.189413e-01
9.391901881688725e-03	6.378635e+00	8.552523e-06	-3.189394e-01
9.401901881688724e-03	6.378635e+00	8.552523e-06	-3.189413e-01
9.411901881688724e-03	6.378635e+00	8.552523e-06	-3.189394e-01
9.421901881688724e-03	6.378635e+00	8.552523e-06	-3.189413e-01
9.431901881688725e-03	6.378635e+00	8.552523e-06	-3.189394e-01
9.441901881688725e-03	6.378635e+00	8.552523e-06	-3.189413e-01
9.451901881688724e-03	6.378635e+00	8.552523e-06	-3.189394e-01
9.461901881688724e-03	6.378635e+00	8.552523e-06	-3.189413e-01
9.471901881688725e-03	6.378635e+00	8.552523e-06	-3.189394e-01
9.481901881688725e-03	6.378635e+00	8.552523e-06	-3.189413e-01
9.491901881688724e-03	6.378635e+00	8.552523e-06	-3.189394e-01
9.501901881688724e-03	6.378635e+00	8.552523e-06	-3.189413e-01
9.511901881688725e-03	6.378635e+00	8.552523e-06	-3.189394e-01
9.521901881688725e-03	6.378635e+00	8.552523e-06	-3.189413e-01
9.531901881688724e-03	6.378635e+00	8.552523e-06	-3.189394e-01
9.541901881688724e-03	6.378635e+00	8.552523e-06	-3.189413e-01
9.551901881688724e-03	6.378635e+00	8.552523e-06	-3.189394e-01
9.561901881688725e-03	6.378635e+00	8.552523e-06	-3.189413e-01
9.571901881688724e-03	6.378635e+00	8.552523e-06	-3.189394e-01
9.581901881688724e-03	6.378635e+00	8.552523e-06	-3.189413e-01
9.591901881688724e-03	6.378635e+00	8.552523e-06	-3.189394e-01
9.601901881688725e-03	6.378635e+00	8.552523e-06	-3.189413e-01
9.611901881688725e-03	6.378635e+00	8.552523e-06	-3.189394e-01
9.621901881688724e-03	6.378635e+00	8.552523e-06	-3.189413e-01
9.631901881688724e-03	6.378635e+00	8.552523e-06	-3.189394e-01
9.641901881688725e-03	6.378635e+00	8.552523e-06	-3.189413e-01
9.651901881688725e-03	6.378635e+00	8.552523e-06	-3.189394e-01
9.661901881688724e-03	6.378635e+00	8.552523e-06	-3.189413e-01
9.671901881688724e-03	6.378635e+00	8.552523e-06	-3.189394e-01
9.681901881688723e-03	6.378635e+00	8.552523e-06	-3.189413e-01
9.691901881688725e-03	6.378635e+00	8.552523e-06	-3.189394e-01
9.701901881688724e-03	6.378635e+00	8.552523e-06	-3.189413e-01
9.711901881688724e-03	6.378635e+00	8.552523e-06	-3.189394e-01
9.721901881688724e-03	6.378635e+00	8.552523e-06	-3.189413e-01
9.731901881688725e-03	6.378635e+00	8.552523e-06	-3.189394e-01
9.741901881688724e-03	6.378635e+00	8.552523e-06	-3.189413e-01
9.751901881688724e-03	6.378635e+00	8.552523e-06	-3.189394e-01
9.761901881688724e-03	6.378635e+00	8.552523e-06	-3.189413e-01
9.771901881688725e-03	6.378635e+00	8.552523e-06	-3.189394e-01
9.781901881688725e-03	6.378635e+00	8.552523e-06	-3.189413e-01
9.791901881688724e-03	6.378635e+00	8.552523e-06	-3.189394e-01
9.801901881688724e-03	6.378635e+00	8.552523e-06	-3.189413e-01
9.811901881688725e-03	6.378635e+00	8.552523e-06	-3.189394e-01
9.821901881688725e-03	6.378635e+00	8.552523e-06	-3.189413e-01
9.831901881688724e-03	6.378635e+00	8.552523e-06	-3.189394e-01
9.841901881688724e-03	6.378635e+00	8.552523e-06	-3.189413e-01
9.851901881688723e-03	6.378635e+00	8.552523e-06	-3.189394e-01
9.861901881688725e-03	6.378635e+00	8.552523e-06	-3.189413e-01
9.871901881688724e-03	6.378635e+00	8.552523e-06	-3.189394e-01
9.881901881688724e-03	6.378635e+00	8.552523e-06	-3.189413e-01
9.891901881688724e-03	6.378635e+00	8.552523e-06	-3.189394e-01
9.901901881688725e-03	6.378635e+00	8.552523e-06	-3.189413e-01
9.911901881688725e-03	6.378635e+00	8.552523e-06	-3.189394e-01
9.921901881688724e-03	6.378635e+00	8.552523e-06	-3.189413e-01
9.931901881688724e-03	6.378635e+00	8.552523e-06	-3.189394e-01
9.941901881688725e-03	6.378635e+00	8.552523e-06	-3.189413e-01
9.951901881688725e-03	6.378635e+00	8.552523e-06	-3.189394e-01
9.961901881688724e-03	6.378635e+00	8.552523e-06	-3.189413e-01
9.971901881688724e-03	6.378635e+00	8.552523e-06	-3.189394e-01
9.981901881688725e-03	6.378635e+00	8.552523e-06	-3.189413e-01
9.991901881688725e-03	6.378635e+00	8.552523e-06	-3.189394e-01
1.000000000000000e-02	6.378635e+00	8.552232e-06	-3.189413e-01
1.000000000100000e-02	6.378635e+00	8.552091e-06	-3.189397e-01
1.000000000200000e-02	6.378635e+00	8.551931e-06	-3.189410e-01
1.000000000347517e-02	6.378635e+00	8.551841e-06	-3.189399e-01
1.000000000560198e-02	6.378635e+00	8.551667e-06	-3.189408e-01
1.000000000985561e-02	6.378635e+00	8.551317e-06	-3.189399e-01
1.000000001836286e-02	6.378635e+00	8.550619e-06	-3.189408e-01
1.000000003537736e-02	6.378635e+00	8.549220e-06	-3.189399e-01
1.000000006940637e-02	6.378635e+00	8.546421e-06	-3.189407e-01
1.000000013746440e-02	6.378635e+00	8.540807e-06	-3.189399e-01
1.000000027358044e-02	6.378635e+00	8.529529e-06	-3.189407e-01
1.000000054581253e-02	6.378635e+00	8.506795e-06	-3.189399e-01
1.000000109027671e-02	6.378635e+00	8.460821e-06	-3.189407e-01
1.000000217920506e-02	6.378635e+00	8.367795e-06	-3.189398e-01
1.000000435706177e-02	6.378635e+00	8.180989e-06	-3.189405e-01
1.000000871277518e-02	6.378635e+00	7.811757e-06	-3.189394e-01
1.000001493912589e-02	6.378635e+00	7.301900e-06	-3.189399e-01
1.000002567178761e-02	6.378636e+00	6.482097e-06	-3.189385e-01
1.000004713711103e-02	6.378636e+00	5.055573e-06	-3.189384e-01
1.000006992496792e-02	6.378636e+00	4.345467e-06	-3.189368e-01
1.000008603653337e-02	6.378637e+00	5.773938e-06	-3.189384e-01
1.000010638865797e-02	6.378636e+00	1.066387e-05	-3.189414e-01
1.000012396727958e-02	6.378636e+00	1.612130e-05	-3.189464e-01
1.000014324931405e-02	6.378635e+00	2.206023e-05	-3.189496e-01
1.000016449143653e-02	6.378632e+00	2.802974e-05	-3.189548e-01
1.000020324115313e-02	6.378626e+00	3.746831e-05	-3.189608e-01
1.000024685188870e-02	6.378617e+00	4.566137e-05	-3.189678e-01
1.000029322718176e-02	6.378605e+00	5.123334e-05	-3.189714e-01
1.000034675349177e-02	6.378590e+00	5.425456e-05	-3.189745e-01
1.000042347593360e-02	6.378568e+00	5.544477e-05	-3.189730e-01
1.000049585959532e-02	6.378547e+00	5.560237e-05	-3.189729e-01
1.000063646161199e-02	6.378505e+00	5.565133e-05	-3.189700e-01
1.000082797413999e-02	6.378448e+00	5.567586e-05	-3.189680e-01
1.000103866684288e-02	6.378384e+00	5.569635e-05	-3.189640e-01
1.000123687258399e-02	6.378325e+00	5.573111e-05	-3.189620e-01
1.000139869196114e-02	6.378276e+00	5.577479e-05	-3.189587e-01
1.000154948369049e-02	6.378230e+00	5.581822e-05	-3.189574e-01
1.000171558279115e-02	6.378179e+00	5.585285e-05	-3.189541e-01
1.000193089620877e-02	6.378114e+00	5.586642e-05	-3.189516e-01
1.000225571090612e-02	6.378013e+00	5.583378e-05	-3.189458e-01
1.000253177864080e-02	6.377928e+00	5.576270e-05	-3.189423e-01
1.000279836252433e-02	6.377844e+00	5.565681e-05	-3.189372e-01
1.000309011832759e-02	6.377752e+00	5.551033e-05	-3.189334e-01
1.000339962146355e-02	6.377654e+00	5.533022e-05	-3.189275e-01
1.000374909979161e-02	6.377542e+00	5.510505e-05	-3.189225e-01
1.000414263342847e-02	6.377415e+00	5.483179e-05	-3.189151e-01
1.000462092068852e-02	6.377259e+00	5.448092e-05	-3.189079e-01
1.000520041671642e-02	6.377066e+00	5.404069e-05	-3.188971e-01
1.000596790987032e-02	6.376807e+00	5.345028e-05	-3.188845e-01
1.000703169852818e-02	6.376437e+00	5.264915e-05	-3.188646e-01
1.000877197850238e-02	6.375801e+00	5.145393e-05	-3.188331e-01
1.001225253845079e-02	6.374432e+00	4.945871e-05	-3.187633e-01
1.001573198473857e-02	6.372937e+00	4.791716e-05	-3.186879e-01
1.001818012952305e-02	6.371779e+00	4.711367e-05	-3.186282e-01
1.002018149637406e-02	6.370735e+00	4.661388e-05	-3.185768e-01
1.002280192938706e-02	6.369229e+00	4.608946e-05	-3.185010e-01
1.002523369005680e-02	6.367673e+00	4.568872e-05	-3.184241e-01
1.002765196193042e-02	6.365928e+00	4.535480e-05	-3.183362e-01
1.002994107357528e-02	6.364048e+00	4.508005e-05	-3.182435e-01
1.003225092446011e-02	6.361865e+00	4.483179e-05	-3.181342e-01
1.003453338644479e-02	6.359346e+00	4.460611e-05	-3.180103e-01
1.003679868482569e-02	6.356380e+00	4.439545e-05	-3.178627e-01
1.003901010131630e-02	6.352880e+00	4.419812e-05	-3.176907e-01
1.004114628030141e-02	6.348710e+00	4.401196e-05	-3.174843e-01
1.004318905868336e-02	6.343586e+00	4.383493e-05	-3.172382e-01
1.004558683910954e-02	6.335414e+00	4.362362e-05	-3.168507e-01
1.004798471442935e-02	6.323735e+00	4.340209e-05	-3.162871e-01
1.004983217931422e-02	6.310053e+00	4.321478e-05	-3.156240e-01
1.005142156703260e-02	6.291275e+00	4.302676e-05	-3.147344e-01
1.005322259385184e-02	6.261899e+00	4.278306e-05	-3.131497e-01
1.005471121895724e-02	6.234602e+00	4.257249e-05	-3.117687e-01
1.005635051098012e-02	6.203907e+00	4.234162e-05	-3.102332e-01
1.005796798482362e-02	6.173290e+00	4.211566e-05	-3.087060e-01
1.006107992083487e-02	6.113557e+00	4.168343e-05	-3.057271e-01
1.006500428145198e-02	6.036946e+00	4.113992e-05	-3.019022e-01
1.006957878601158e-02	5.945859e+00	4.050681e-05	-2.973512e-01
1.007516203849354e-02	5.832334e+00	3.973407e-05	-2.916846e-01
1.008240671042521e-02	5.680099e+00	3.872856e-05	-2.841680e-01
1.009225415681803e-02	5.463649e+00	3.735718e-05	-2.733302e-01
1.009932066970011e-02	5.300543e+00	3.638165e-05	-2.651517e-01
1.010504459820191e-02	5.160333e+00	3.561242e-05	-2.581893e-01
1.010898452706757e-02	5.054331e+00	3.510754e-05	-2.529228e-01
1.011283386426408e-02	4.941086e+00	3.463856e-05	-2.470948e-01
1.011534297932380e-02	4.864925e+00	3.434138e-05	-2.432804e-01
1.011749338163491e-02	4.799754e+00	3.409019e-05	-2.400248e-01
1.011952450006524e-02	4.738510e+00	3.385631e-05	-2.369611e-01
1.012307903374789e-02	4.632215e+00	3.345536e-05	-2.316392e-01
1.012753675681836e-02	4.500552e+00	3.296662e-05	-2.250593e-01
1.013023181684671e-02	4.422572e+00	3.268424e-05	-2.211739e-01
1.013187472398743e-02	4.376279e+00	3.252179e-05	-2.188829e-01
1.013343622087563e-02	4.333001e+00	3.237274e-05	-2.167317e-01
1.013489410687443e-02	4.292783e+00	3.223473e-05	-2.147273e-01
1.013728226576606e-02	4.227120e+00	3.200988e-05	-2.114564e-01
1.014205858354933e-02	4.096317e+00	3.156381e-05	-2.049512e-01
1.015161121911586e-02	3.832328e+00	3.066204e-05	-1.920555e-01
1.016161121911586e-02	3.535756e+00	2.960960e-05	-1.780846e-01
1.016483946827944e-02	3.417267e+00	2.914317e-05	-1.717704e-01
1.016538314315964e-02	3.391130e+00	2.902998e-05	-1.703459e-01
1.016669161934595e-02	3.318251e+00	2.870408e-05	-1.667719e-01
1.016786715106594e-02	3.252416e+00	2.841346e-05	-1.635561e-01
1.016903676217287e-02	3.187554e+00	2.813127e-05	-1.603933e-01
1.017019037869979e-02	3.124302e+00	2.785968e-05	-1.573144e-01
1.017162353195515e-02	3.046774e+00	2.753101e-05	-1.535441e-01
1.017448983846588e-02	2.895106e+00	2.689886e-05	-1.461932e-01
1.017895506476030e-02	2.668182e+00	2.597177e-05	-1.352503e-01
1.018291502918595e-02	2.485133e+00	2.524666e-05	-1.266071e-01
1.018466586012158e-02	2.420058e+00	2.500523e-05	-1.239846e-01
1.018646109034932e-02	2.368012e+00	2.482760e-05	-1.218171e-01
1.018831948356030e-02	2.321830e+00	2.467714e-05	-1.199914e-01
1.019010849107933e-02	2.284014e+00	2.456017e-05	-1.186028e-01
1.019271307701317e-02	2.238140e+00	2.442761e-05	-1.171281e-01
1.019545473366978e-02	2.198913e+00	2.432544e-05	-1.162473e-01
1.019789550047203e-02	2.170275e+00	2.426051e-05	-1.163813e-01
1.019943784213265e-02	2.153668e+00	2.422462e-05	-1.171079e-01
1.020180165130751e-02	2.128266e+00	2.416703e-05	-1.184481e-01
1.020402486064650e-02	2.104188e+00	2.410994e-05	-1.199534e-01
1.020660790075046e-02	2.075974e+00	2.404096e-05	-1.219826e-01
1.020943937045714e-02	2.044792e+00	2.396354e-05	-1.245392e-01
1.021214595951318e-02	2.014737e+00	2.388855e-05	-1.272857e-01
1.021539185963647e-02	1.978392e+00	2.379812e-05	-1.309481e-01
1.021893248303744e-02	1.938409e+00	2.369959e-05	-1.353624e-01
1.022340496716775e-02	1.887452e+00	2.357591e-05	-1.415068e-01
1.022846093686119e-02	1.829315e+00	2.343773e-05	-1.491121e-01
1.023508049003060e-02	1.752479e+00	2.325990e-05	-1.599218e-01
1.024321788285019e-02	1.657206e+00	2.304636e-05	-1.740680e-01
1.025321788285019e-02	1.539488e+00	2.279173e-05	-1.915723e-01
1.026321788285019e-02	1.422033e+00	2.254563e-05	-2.062745e-01
1.026808899580091e-02	1.365977e+00	2.243091e-05	-2.093309e-01
1.027160333283461e-02	1.326778e+00	2.235183e-05	-2.064819e-01
1.027424111583411e-02	1.297741e+00	2.229393e-05	-2.038682e-01
1.027695872971171e-02	1.267635e+00	2.223497e-05	-2.011300e-01
1.028239395746689e-02	1.206246e+00	2.211881e-05	-1.954847e-01
1.029239395746689e-02	1.087145e+00	2.190987e-05	-1.838510e-01
1.030028293878911e-02	9.790380e-01	2.175104e-05	-1.704010e-01
1.030338495138064e-02	9.224973e-01	2.169283e-05	-1.591250e-01
1.030443575654622e-02	8.958037e-01	2.167509e-05	-1.527169e-01
1.030546771879787e-02	8.642809e-01	2.165901e-05	-1.452378e-01
1.030569101272683e-02	8.570480e-01	2.165562e-05	-1.435450e-01
1.030599824935679e-02	8.468401e-01	2.165103e-05	-1.411953e-01
1.030630058449151e-02	8.367124e-01	2.164653e-05	-1.388766e-01
1.030665148524470e-02	8.248825e-01	2.164132e-05	-1.361828e-01
1.030699357181799e-02	8.132963e-01	2.163625e-05	-1.335671e-01
1.030747235643321e-02	7.970257e-01	2.162917e-05	-1.299264e-01
1.030793368925891e-02	7.813094e-01	2.162236e-05	-1.264535e-01
1.030875364946889e-02	7.533224e-01	2.161026e-05	-1.203677e-01
1.030955299947966e-02	7.259960e-01	2.159848e-05	-1.145564e-01
1.031115169950119e-02	6.712577e-01	2.157492e-05	-1.032935e-01
1.031319479593495e-02	6.011958e-01	2.154477e-05	-8.961900e-02
1.031728098880249e-02	4.613125e-01	2.148368e-05	-6.471169e-02
1.032545337453757e-02	1.841137e-01	2.135773e-05	-2.502097e-02
1.032874761165331e-02	7.628822e-02	2.130258e-05	-1.306047e-02
1.033047206533774e-02	2.625942e-02	2.126702e-05	-7.470810e-03
1.033112803610288e-02	1.317072e-02	2.124741e-05	-4.633531e-03
1.033182733920131e-02	5.497694e-03	2.122007e-05	-2.007975e-03
1.033248709648103e-02	1.550198e-03	2.119092e-05	-3.955698e-04
1.033309742050231e-02	1.420975e-04	2.116170e-05	-2.022855e-05
1.033339471027707e-02	2.622604e-06	2.114693e-05	-8.159441e-06
1.033366413425721e-02	2.622604e-06	2.113344e-05	-1.996668e-05
1.033399667882086e-02	2.622604e-06	2.111681e-05	-8.374181e-06
1.033436218751913e-02	2.622604e-06	2.109856e-05	-1.975902e-05
1.033478374861776e-02	2.384186e-06	2.107756e-05	-8.515045e-06
1.033530953278021e-02	2.145767e-06	2.105145e-05	-1.960040e-05
1.033597450473050e-02	2.145767e-06	2.101853e-05	-8.581836e-06
1.033688530949263e-02	1.907349e-06	2.097366e-05	-1.947981e-05
1.033823296814260e-02	1.907349e-06	2.090769e-05	-8.566689e-06
1.034041883591147e-02	1.430511e-06	2.080169e-05	-1.934643e-05
1.034444424163512e-02	9.536743e-07	2.060902e-05	-8.406894e-06
1.035021180552123e-02	4.768372e-07	2.033678e-05	-1.906372e-05
1.035644046555838e-02	2.384186e-07	2.004632e-05	-8.083033e-06
1.036455977258120e-02	-2.384186e-07	1.967209e-05	-1.866804e-05
1.037455977258120e-02	0.000000e+00	1.921791e-05	-7.597751e-06
1.038455977258120e-02	-2.384186e-07	1.877243e-05	-1.813543e-05
1.039455977258120e-02	-2.384186e-07	1.833703e-05	-7.081570e-06
1.040455977258120e-02	-2.384186e-07	1.791237e-05	-1.762764e-05
1.041455977258120e-02	-2.384186e-07	1.749882e-05	-6.590606e-06
1.042455977258120e-02	-4.768372e-07	1.709652e-05	-1.714565e-05
1.043455977258120e-02	-4.768372e-07	1.670547e-05	-6.124308e-06
1.044455977258120e-02	-4.768372e-07	1.632559e-05	-1.668786e-05
1.045455977258120e-02	-2.384186e-07	1.595670e-05	-5.681067e-06
1.046455977258120e-02	-4.768372e-07	1.559859e-05	-1.625276e-05
1.047455977258120e-02	-4.768372e-07	1.525101e-05	-5.259852e-06
1.048455977258120e-02	-4.768372e-07	1.491371e-05	-1.583964e-05
1.049455977258120e-02	-4.768372e-07	1.458640e-05	-4.860319e-06
1.050455977258120e-02	-4.768372e-07	1.426881e-05	-1.544832e-05
1.051455977258120e-02	-4.768372e-07	1.396065e-05	-4.482419e-06
1.052455977258120e-02	-4.768372e-07	1.366165e-05	-1.507871e-05
1.053455977258120e-02	-4.768372e-07	1.337135e-05	-4.126024e-06
1.054455977258120e-02	-4.768372e-07	1.308765e-05	-1.472983e-05
1.055455977258120e-02	-4.768372e-07	1.280744e-05	-3.782554e-06
1.056455977258120e-02	-4.768372e-07	1.253010e-05	-1.438234e-05
1.057455977258120e-02	-2.384186e-07	1.225710e-05	-3.438803e-06
1.058455977258120e-02	-2.384186e-07	1.198969e-05	-1.404095e-05
1.059455977258120e-02	-4.768372e-07	1.172867e-05	-3.106466e-06
1.060455977258120e-02	-4.768372e-07	1.147452e-05	-1.371479e-05
1.061455977258120e-02	-4.768372e-07	1.122751e-05	-2.791609e-06
1.062455977258120e-02	-4.768372e-07	1.098778e-05	-1.340764e-05
1.063455977258120e-02	-2.384186e-07	1.075537e-05	-2.496528e-06
1.064455977258120e-02	-2.384186e-07	1.053023e-05	-1.312075e-05
1.065455977258120e-02	-4.768372e-07	1.031227e-05	-2.221746e-06
1.066455977258120e-02	-4.768372e-07	1.010138e-05	-1.285409e-05
1.067455977258120e-02	-2.384186e-07	9.897401e-06	-1.966865e-06
1.068455977258120e-02	-2.384186e-07	9.700166e-06	-1.260698e-05
1.069455977258120e-02	-2.384186e-07	9.509491e-06	-1.731005e-06
1.070455977258120e-02	-2.384186e-07	9.325191e-06	-1.237838e-05
1.071455977258120e-02	-2.384186e-07	9.147071e-06	-1.513042e-06
1.072455977258120e-02	-2.384186e-07	8.974936e-06	-1.216709e-05
1.073455977258120e-02	-2.384186e-07	8.808589e-06	-1.311750e-06
1.074455977258120e-02	-2.384186e-07	8.647837e-06	-1.197188e-05
1.075455977258120e-02	-4.768372e-07	8.492489e-06	-1.125888e-06
1.076455977258120e-02	-4.768372e-07	8.342357e-06	-1.179151e-05
1.077455977258120e-02	-2.384186e-07	8.197258e-06	-9.542434e-07
1.078455977258120e-02	-4.768372e-07	8.057012e-06	-1.162479e-05
1.079455977258120e-02	-4.768372e-07	7.921448e-06	-7.956621e-07
1.080455977258120e-02	-2.384186e-07	7.790397e-06	-1.147059e-05
1.081455977258120e-02	-4.768372e-07	7.663695e-06	-6.490631e-07
1.082455977258120e-02	-2.384186e-07	7.541187e-06	-1.132788e-05
1.083455977258120e-02	-2.384186e-07	7.422720e-06	-5.134438e-07
1.084455977258120e-02	-4.768372e-07	7.308148e-06	-1.119569e-05
1.085455977258120e-02	-2.384186e-07	7.197330e-06	-3.878816e-07
1.086455977258120e-02	-2.384186e-07	7.090131e-06	-1.107313e-05
1.087455977258120e-02	-2.384186e-07	6.986420e-06	-2.715320e-07
1.088455977258120e-02	-2.384186e-07	6.886072e-06	-1.095939e-05
1.089455977258120e-02	-2.384186e-07	6.788966e-06	-1.636244e-07
1.090455977258120e-02	-4.768372e-07	6.694987e-06	-1.085375e-05
1.091455977258120e-02	-2.384186e-07	6.604023e-06	-6.345733e-08
1.092455977258120e-02	-2.384186e-07	6.515967e-06	-1.075552e-05
1.093455977258120e-02	-2.384186e-07	6.430716e-06	2.960648e-08
1.094455977258120e-02	-2.384186e-07	6.348173e-06	-1.066411e-05
1.095455977258120e-02	-4.768372e-07	6.268241e-06	1.161458e-07
1.096455977258120e-02	-2.384186e-07	6.190830e-06	-1.057896e-05
1.097455977258120e-02	-4.768372e-07	6.115853e-06	1.966860e-07
1.098455977258120e-02	-2.384186e-07	6.043225e-06	-1.049957e-05
1.099455977258120e-02	-2.384186e-07	5.972866e-06	2.717041e-07
1.100455977258120e-02	-2.384186e-07	5.904698e-06	-1.042548e-05
1.101455977258120e-02	-2.384186e-07	5.838646e-06	3.416330e-07
1.102455977258120e-02	-4.768372e-07	5.774639e-06	-1.035628e-05
1.103455977258120e-02	-2.384186e-07	5.712608e-06	4.068666e-07
1.104455977258120e-02	-2.384186e-07	5.652486e-06	-1.029160e-05
1.105455977258120e-02	-2.384186e-07	5.594210e-06	4.677629e-07
1.106455977258120e-02	-4.768372e-07	5.537718e-06	-1.023109e-05
1.107455977258120e-02	-4.768372e-07	5.482951e-06	5.246480e-07
1.108455977258120e-02	-2.384186e-07	5.429853e-06	-1.017444e-05
1.109455977258120e-02	-2.384186e-07	5.378368e-06	5.778190e-07
1.110455977258120e-02	-2.384186e-07	5.328443e-06	-1.012137e-05
1.111455977258120e-02	-2.384186e-07	5.280030e-06	6.275475e-07
1.112455977258120e-02	-2.384186e-07	5.233077e-06	-1.007162e-05
1.113455977258120e-02	-2.384186e-07	5.187538e-06	6.740813e-07
1.114455977258120e-02	0.000000e+00	5.143368e-06	-1.002494e-05
1.115455977258120e-02	-2.384186e-07	5.100523e-06	7.176474e-07
1.116455977258120e-02	-2.384186e-07	5.058960e-06	-9.981132e-06
1.117455977258120e-02	-2.384186e-07	5.018639e-06	7.584540e-07
1.118455977258120e-02	-2.384186e-07	4.979520e-06	-9.939986e-06
1.119455977258120e-02	-2.384186e-07	4.941567e-06	7.966919e-07
1.120455977258120e-02	-2.384186e-07	4.904741e-06	-9.901320e-06
1.121455977258120e-02	0.000000e+00	4.869008e-06	8.325367e-07
1.122455977258120e-02	-2.384186e-07	4.834333e-06	-9.864965e-06
1.123455977258120e-02	-2.384186e-07	4.800685e-06	8.661500e-07
1.124455977258120e-02	-2.384186e-07	4.768029e-06	-9.830768e-06
1.125455977258120e-02	0.000000e+00	4.736337e-06	8.976806e-07
1.126455977258120e-02	-4.768372e-07	4.705579e-06	-9.798585e-06
1.127455977258120e-02	-2.384186e-07	4.675725e-06	9.272662e-07
1.128455977258120e-02	-2.384186e-07	4.646749e-06	-9.768282e-06
1.129455977258120e-02	0.000000e+00	4.618622e-06	9.550334e-07
1.130455977258120e-02	-2.384186e-07	4.591320e-06	-9.739740e-06
1.131455977258120e-02	-2.384186e-07	4.564817e-06	9.811002e-07
1.132455977258120e-02	-2.384186e-07	4.539088e-06	-9.712843e-06
1.133455977258120e-02	-2.384186e-07	4.514111e-06	1.005575e-06
1.134455977258120e-02	-2.384186e-07	4.489863e-06	-9.687487e-06
1.135455977258120e-02	-4.768372e-07	4.466322e-06	1.028559e-06
1.136455977258120e-02	-2.384186e-07	4.443466e-06	-9.663576e-06
1.137455977258120e-02	-2.384186e-07	4.421274e-06	1.050147e-06
1.138455977258120e-02	-2.384186e-07	4.399728e-06	-9.641017e-06
1.139455977258120e-02	-4.768372e-07	4.378808e-06	1.070424e-06
1.140455977258120e-02	-4.768372e-07	4.358495e-06	-9.619728e-06
1.141455977258120e-02	-4.768372e-07	4.338770e-06	1.089473e-06
1.142455977258120e-02	-2.384186e-07	4.319617e-06	-9.599629e-06
1.143455977258120e-02	-2.384186e-07	4.301018e-06	1.107369e-06
1.144455977258120e-02	-2.384186e-07	4.282957e-06	-9.580649e-06
1.145455977258120e-02	-2.384186e-07	4.265418e-06	1.124183e-06
1.146455977258120e-02	-2.384186e-07	4.248386e-06	-9.562719e-06
1.147455977258120e-02	-2.384186e-07	4.231846e-06	1.139979e-06
1.148455977258120e-02	-2.384186e-07	4.215782e-06	-9.545775e-06
1.149455977258120e-02	-2.384186e-07	4.200182e-06	1.154820e-06
1.150455977258120e-02	-2.384186e-07	4.185031e-06	-9.529758e-06
1.151455977258120e-02	-2.384186e-07	4.170317e-06	1.168763e-06
1.152455977258120e-02	-2.384186e-07	4.156025e-06	-9.514612e-06
1.153455977258120e-02	-2.384186e-07	4.142145e-06	1.181862e-06
1.154455977258120e-02	-2.384186e-07	4.128664e-06	-9.500287e-06
1.155455977258120e-02	-2.384186e-07	4.115570e-06	1.194166e-06
1.156455977258120e-02	-2.384186e-07	4.102853e-06	-9.486733e-06
1.157455977258120e-02	-4.768372e-07	4.090500e-06	1.205722e-06
1.158455977258120e-02	-2.384186e-07	4.078502e-06	-9.473903e-06
1.159455977258120e-02	-2.384186e-07	4.066847e-06	1.216576e-06
1.160455977258120e-02	0.000000e+00	4.055527e-06	-9.461757e-06
1.161455977258120e-02	0.000000e+00	4.044532e-06	1.226768e-06
1.162455977258120e-02	-2.384186e-07	4.033851e-06	-9.450254e-06
1.163455977258120e-02	-2.384186e-07	4.023476e-06	1.236336e-06
1.164455977258120e-02	-2.384186e-07	4.013398e-06	-9.439355e-06
1.165455977258120e-02	-2.384186e-07	4.003608e-06	1.245318e-06
1.166455977258120e-02	-2.384186e-07	3.994098e-06	-9.429028e-06
1.167455977258120e-02	-2.384186e-07	3.984860e-06	1.253747e-06
1.168455977258120e-02	0.000000e+00	3.975886e-06	-9.419237e-06
1.169455977258120e-02	-2.384186e-07	3.967168e-06	1.261655e-06
1.170455977258120e-02	0.000000e+00	3.958699e-06	-9.409952e-06
1.171455977258120e-02	-2.384186e-07	3.950472e-06	1.269072e-06
1.172455977258120e-02	0.000000e+00	3.942479e-06	-9.401145e-06
1.173455977258120e-02	-2.384186e-07	3.934715e-06	1.276027e-06
1.174455977258120e-02	-2.384186e-07	3.927172e-06	-9.392787e-06
1.175455977258120e-02	-4.768372e-07	3.919844e-06	1.282546e-06
1.176455977258120e-02	-2.384186e-07	3.912725e-06	-9.384852e-06
1.177455977258120e-02	0.000000e+00	3.905809e-06	1.288655e-06
1.178455977258120e-02	0.000000e+00	3.899089e-06	-9.377317e-06
1.179455977258120e-02	0.000000e+00	3.892561e-06	1.294376e-06
1.180455977258120e-02	0.000000e+00	3.886219e-06	-9.370158e-06
1.181455977258120e-02	0.000000e+00	3.880057e-06	1.299732e-06
1.182455977258120e-02	-4.768372e-07	3.874071e-06	-9.363355e-06
1.183455977258120e-02	-2.384186e-07	3.868255e-06	1.304744e-06
1.184455977258120e-02	-2.384186e-07	3.862604e-06	-9.356886e-06
1.185455977258120e-02	0.000000e+00	3.857113e-06	1.309431e-06
1.186455977258120e-02	-2.384186e-07	3.851779e-06	-9.350733e-06
1.187455977258120e-02	-2.384186e-07	3.846597e-06	1.313812e-06
1.188455977258120e-02	-2.384186e-07	3.841561e-06	-9.344879e-06
1.189455977258120e-02	0.000000e+00	3.836669e-06	1.317905e-06
1.190455977258120e-02	-2.384186e-07	3.831915e-06	-9.339305e-06
1.191455977258120e-02	-4.768372e-07	3.827296e-06	1.321724e-06
1.192455977258120e-02	-2.384186e-07	3.822809e-06	-9.333997e-06
1.193455977258120e-02	-2.384186e-07	3.818448e-06	1.325287e-06
1.194455977258120e-02	-4.768372e-07	3.814211e-06	-9.328938e-06
1.195455977258120e-02	-2.384186e-07	3.810095e-06	1.328607e-06
1.196455977258120e-02	-2.384186e-07	3.806095e-06	-9.324116e-06
1.197455977258120e-02	-2.384186e-07	3.802208e-06	1.331699e-06
1.198455977258120e-02	-2.384186e-07	3.798431e-06	-9.319516e-06
1.199455977258120e-02	0.000000e+00	3.794762e-06	1.334575e-06
1.200455977258120e-02	-2.384186e-07	3.791196e-06	-9.315127e-06
1.201455977258120e-02	-2.384186e-07	3.787731e-06	1.337247e-06
1.202455977258120e-02	-2.384186e-07	3.784364e-06	-9.310936e-06
1.203455977258120e-02	0.000000e+00	3.781092e-06	1.339727e-06
1.204455977258120e-02	0.000000e+00	3.777913e-06	-9.306932e-06
1.205455977258120e-02	-2.384186e-07	3.774824e-06	1.342025e-06
1.206455977258120e-02	-2.384186e-07	3.771822e-06	-9.303105e-06
1.207455977258120e-02	0.000000e+00	3.768905e-06	1.344153e-06
1.208455977258120e-02	0.000000e+00	3.766071e-06	-9.299445e-06
1.209455977258120e-02	-2.384186e-07	3.763316e-06	1.346119e-06
1.210455977258120e-02	-4.768372e-07	3.760639e-06	-9.295942e-06
1.211455977258120e-02	0.000000e+00	3.758038e-06	1.347932e-06
1.212455977258120e-02	-2.384186e-07	3.755510e-06	-9.292588e-06
1.213455977258120e-02	-2.384186e-07	3.753054e-06	1.349601e-06
1.214455977258120e-02	-2.384186e-07	3.750666e-06	-9.289374e-06
1.215455977258120e-02	-2.384186e-07	3.748346e-06	1.351135e-06
1.216455977258120e-02	-2.384186e-07	3.746092e-06	-9.286294e-06
1.217455977258120e-02	-4.768372e-07	3.743900e-06	1.352540e-06
1.218455977258120e-02	0.000000e+00	3.741771e-06	-9.283338e-06
1.219455977258120e-02	-2.384186e-07	3.739702e-06	1.353824e-06
1.220455977258120e-02	-4.768372e-07	3.737691e-06	-9.280500e-06
1.221455977258120e-02	-2.384186e-07	3.735736e-06	1.354994e-06
1.222455977258120e-02	-2.384186e-07	3.733837e-06	-9.277775e-06
1.223455977258120e-02	-2.384186e-07	3.731991e-06	1.356056e-06
1.224455977258120e-02	-2.384186e-07	3.730196e-06	-9.275153e-06
1.225455977258120e-02	0.000000e+00	3.728453e-06	1.357016e-06
1.226455977258120e-02	-4.768372e-07	3.726758e-06	-9.272632e-06
1.227455977258120e-02	0.000000e+00	3.725111e-06	1.357880e-06
1.228455977258120e-02	-2.384186e-07	3.723510e-06	-9.270205e-06
1.229455977258120e-02	-2.384186e-07	3.721954e-06	1.358653e-06
1.230455977258120e-02	-2.384186e-07	3.720442e-06	-9.267867e-06
1.231455977258120e-02	0.000000e+00	3.718972e-06	1.359340e-06
1.232455977258120e-02	-2.384186e-07	3.717543e-06	-9.265613e-06
1.233455977258120e-02	-2.384186e-07	3.716155e-06	1.359947e-06
1.234455977258120e-02	-4.768372e-07	3.714805e-06	-9.263437e-06
1.235455977258120e-02	-2.384186e-07	3.713493e-06	1.360477e-06
1.236455977258120e-02	0.000000e+00	3.712218e-06	-9.261337e-06
1.237455977258120e-02	-4.768372e-07	3.710979e-06	1.360934e-06
1.238455977258120e-02	0.000000e+00	3.709774e-06	-9.259307e-06
1.239455977258120e-02	-4.768372e-07	3.708603e-06	1.361323e-06
1.240455977258120e-02	-2.384186e-07	3.707465e-06	-9.257345e-06
1.241455977258120e-02	-2.384186e-07	3.706358e-06	1.361649e-06
1.242455977258120e-02	-4.768372e-07	3.705283e-06	-9.255445e-06
1.243455977258120e-02	-2.384186e-07	3.704237e-06	1.361913e-06
1.244455977258120e-02	-2.384186e-07	3.703221e-06	-9.253605e-06
1.245455977258120e-02	0.000000e+00	3.702233e-06	1.362120e-06
1.246455977258120e-02	0.000000e+00	3.701273e-06	-9.251820e-06
1.247455977258120e-02	0.000000e+00	3.700339e-06	1.362272e-06
1.248455977258120e-02	-2.384186e-07	3.699432e-06	-9.250090e-06
1.249455977258120e-02	-2.384186e-07	3.698549e-06	1.362373e-06
1.250455977258120e-02	-2.384186e-07	3.697692e-06	-9.248410e-06
1.251455977258120e-02	-2.384186e-07	3.696858e-06	1.362426e-06
1.252455977258120e-02	-2.384186e-07	3.696047e-06	-9.246777e-06
1.253455977258120e-02	-2.384186e-07	3.695259e-06	1.362433e-06
1.254455977258120e-02	0.000000e+00	3.694493e-06	-9.245190e-06
1.255455977258120e-02	-2.384186e-07	3.693749e-06	1.362397e-06
1.256455977258120e-02	0.000000e+00	3.693024e-06	-9.243645e-06
1.257455977258120e-02	-2.384186e-07	3.692320e-06	1.362321e-06
1.258455977258120e-02	0.000000e+00	3.691636e-06	-9.242140e-06
1.259455977258120e-02	-2.384186e-07	3.690971e-06	1.362205e-06
1.260455977258120e-02	-2.384186e-07	3.690323e-06	-9.240673e-06
1.261455977258120e-02	-2.384186e-07	3.689694e-06	1.362053e-06
1.262455977258120e-02	-2.384186e-07	3.689083e-06	-9.239242e-06
1.263455977258120e-02	-2.384186e-07	3.688488e-06	1.361867e-06
1.264455977258120e-02	-2.384186e-07	3.687910e-06	-9.237844e-06
1.265455977258120e-02	-2.384186e-07	3.687348e-06	1.361649e-06
1.266455977258120e-02	-2.384186e-07	3.686801e-06	-9.236479e-06
1.267455977258120e-02	-4.768372e-07	3.686269e-06	1.361399e-06
1.268455977258120e-02	-4.768372e-07	3.685752e-06	-9.235145e-06
1.269455977258120e-02	-4.768372e-07	3.685250e-06	1.361121e-06
1.270455977258120e-02	-4.768372e-07	3.684761e-06	-9.233839e-06
1.271455977258120e-02	-4.768372e-07	3.684286e-06	1.360815e-06
1.272455977258120e-02	-4.768372e-07	3.683823e-06	-9.232560e-06
1.273455977258120e-02	-4.768372e-07	3.683374e-06	1.360484e-06
1.274455977258120e-02	-4.768372e-07	3.682937e-06	-9.231307e-06
1.275455977258120e-02	-2.384186e-07	3.682512e-06	1.360128e-06
1.276455977258120e-02	-2.384186e-07	3.682098e-06	-9.230078e-06
1.277455977258120e-02	0.000000e+00	3.681696e-06	1.359749e-06
1.278455977258120e-02	-2.384186e-07	3.681305e-06	-9.228872e-06
1.279455977258120e-02	-2.384186e-07	3.680925e-06	1.359348e-06
1.280455977258120e-02	-2.384186e-07	3.680555e-06	-9.227688e-06
1.281455977258120e-02	-2.384186e-07	3.680196e-06	1.358926e-06
1.282455977258120e-02	-2.384186e-07	3.679846e-06	-9.226525e-06
1.283455977258120e-02	-2.384186e-07	3.679506e-06	1.358485e-06
1.284455977258120e-02	-2.384186e-07	3.679175e-06	-9.225380e-06
1.285455977258120e-02	0.000000e+00	3.678853e-06	1.358026e-06
1.286455977258120e-02	-4.768372e-07	3.678540e-06	-9.224254e-06
1.287455977258120e-02	-2.384186e-07	3.678235e-06	1.357549e-06
1.288455977258120e-02	-2.384186e-07	3.677939e-06	-9.223146e-06
1.289455977258120e-02	-4.768372e-07	3.677651e-06	1.357055e-06
1.290455977258120e-02	0.000000e+00	3.677371e-06	-9.222054e-06
1.291455977258120e-02	-2.384186e-07	3.677098e-06	1.356546e-06
1.292455977258120e-02	0.000000e+00	3.676833e-06	-9.220978e-06
1.293455977258120e-02	-2.384186e-07	3.676575e-06	1.356023e-06
1.294455977258120e-02	-2.384186e-07	3.676324e-06	-9.219917e-06
1.295455977258120e-02	-2.384186e-07	3.676079e-06	1.355485e-06
1.296455977258120e-02	-2.384186e-07	3.675842e-06	-9.218869e-06
1.297455977258120e-02	-2.384186e-07	3.675611e-06	1.354935e-06
1.298455977258120e-02	0.000000e+00	3.675386e-06	-9.217835e-06
1.299455977258120e-02	-2.384186e-07	3.675167e-06	1.354372e-06
1.300455977258120e-02	0.000000e+00	3.674954e-06	-9.216814e-06
1.301455977258120e-02	-4.768372e-07	3.674747e-06	1.353797e-06
1.302455977258120e-02	0.000000e+00	3.674546e-06	-9.215804e-06
1.303455977258120e-02	-4.768372e-07	3.674350e-06	1.353211e-06
1.304455977258120e-02	-2.384186e-07	3.674159e-06	-9.214807e-06
1.305455977258120e-02	-2.384186e-07	3.673973e-06	1.352615e-06
1.306455977258120e-02	-4.768372e-07	3.673793e-06	-9.213819e-06
1.307455977258120e-02	0.000000e+00	3.673617e-06	1.352009e-06
1.308455977258120e-02	-2.384186e-07	3.673446e-06	-9.212841e-06
1.309455977258120e-02	-2.384186e-07	3.673279e-06	1.351393e-06
1.310455977258120e-02	0.000000e+00	3.673118e-06	-9.211873e-06
1.311455977258120e-02	-2.384186e-07	3.672960e-06	1.350769e-06
1.312455977258120e-02	-2.384186e-07	3.672807e-06	-9.210915e-06
1.313455977258120e-02	0.000000e+00	3.672657e-06	1.350136e-06
1.314455977258120e-02	-2.384186e-07	3.672512e-06	-9.209964e-06
1.315455977258120e-02	-2.384186e-07	3.672370e-06	1.349496e-06
1.316455977258120e-02	-2.384186e-07	3.672233e-06	-9.209023e-06
1.317455977258120e-02	-2.384186e-07	3.672099e-06	1.348848e-06
1.318455977258120e-02	-2.384186e-07	3.671968e-06	-9.208089e-06
1.319455977258120e-02	-2.384186e-07	3.671841e-06	1.348193e-06
1.320455977258120e-02	-2.384186e-07	3.671718e-06	-9.207162e-06
1.321455977258120e-02	-2.384186e-07	3.671598e-06	1.347531e-06
1.322455977258120e-02	-2.384186e-07	3.671480e-06	-9.206242e-06
1.323455977258120e-02	-2.384186e-07	3.671366e-06	1.346863e-06
1.324455977258120e-02	-2.384186e-07	3.671255e-06	-9.205329e-06
1.325455977258120e-02	-2.384186e-07	3.671147e-06	1.346189e-06
1.326455977258120e-02	-2.384186e-07	3.671042e-06	-9.204422e-06
1.327455977258120e-02	-2.384186e-07	3.670940e-06	1.345510e-06
1.328455977258120e-02	-2.384186e-07	3.670840e-06	-9.203522e-06
1.329455977258120e-02	0.000000e+00	3.670743e-06	1.344825e-06
1.330455977258120e-02	-2.384186e-07	3.670649e-06	-9.202626e-06
1.331455977258120e-02	-2.384186e-07	3.670556e-06	1.344135e-06
1.332455977258120e-02	-4.768372e-07	3.670467e-06	-9.201736e-06
1.333455977258120e-02	-2.384186e-07	3.670380e-06	1.343440e-06
1.334455977258120e-02	-2.384186e-07	3.670295e-06	-9.200851e-06
1.335455977258120e-02	0.000000e+00	3.670212e-06	1.342741e-06
1.336455977258120e-02	-2.384186e-07	3.670131e-06	-9.199972e-06
1.337455977258120e-02	-2.384186e-07	3.670053e-06	1.342037e-06
1.338455977258120e-02	-4.768372e-07	3.669976e-06	-9.199097e-06
1.339455977258120e-02	-2.384186e-07	3.669902e-06	1.341330e-06
1.340455977258120e-02	-2.384186e-07	3.669829e-06	-9.198226e-06
1.341455977258120e-02	0.000000e+00	3.669759e-06	1.340619e-06
1.342455977258120e-02	-2.384186e-07	3.669690e-06	-9.197360e-06
1.343455977258120e-02	-2.384186e-07	3.669623e-06	1.339904e-06
1.344455977258120e-02	-4.768372e-07	3.669558e-06	-9.196497e-06
1.345455977258120e-02	-2.384186e-07	3.669494e-06	1.339186e-06
1.346455977258120e-02	-2.384186e-07	3.669432e-06	-9.195638e-06
1.347455977258120e-02	0.000000e+00	3.669372e-06	1.338465e-06
1.348455977258120e-02	0.000000e+00	3.669313e-06	-9.194783e-06
1.349455977258120e-02	0.000000e+00	3.669255e-06	1.337741e-06
1.350455977258120e-02	-2.384186e-07	3.669200e-06	-9.193931e-06
1.351455977258120e-02	-2.384186e-07	3.669145e-06	1.337013e-06
1.352455977258120e-02	-4.768372e-07	3.669092e-06	-9.193082e-06
1.353455977258120e-02	-4.768372e-07	3.669041e-06	1.336284e-06
1.354455977258120e-02	-4.768372e-07	3.668990e-06	-9.192237e-06
1.355455977258120e-02	-2.384186e-07	3.668941e-06	1.335551e-06
1.356455977258120e-02	-2.384186e-07	3.668894e-06	-9.191394e-06
1.357455977258120e-02	0.000000e+00	3.668847e-06	1.334816e-06
1.358455977258120e-02	0.000000e+00	3.668802e-06	-9.190555e-06
1.359455977258120e-02	0.000000e+00	3.668757e-06	1.334079e-06
1.360455977258120e-02	-2.384186e-07	3.668714e-06	-9.189718e-06
1.361455977258120e-02	-2.384186e-07	3.668672e-06	1.333340e-06
1.362455977258120e-02	-4.768372e-07	3.668631e-06	-9.188884e-06
1.363455977258120e-02	-4.768372e-07	3.668591e-06	1.332599e-06
1.364455977258120e-02	-4.768372e-07	3.668552e-06	-9.188052e-06
1.365455977258120e-02	-2.384186e-07	3.668514e-06	1.331856e-06
1.366455977258120e-02	-2.384186e-07	3.668477e-06	-9.187223e-06
1.367455977258120e-02	0.000000e+00	3.668441e-06	1.331111e-06
1.368455977258120e-02	0.000000e+00	3.668406e-06	-9.186395e-06
1.369455977258120e-02	0.000000e+00	3.668372e-06	1.330365e-06
1.370455977258120e-02	0.000000e+00	3.668338e-06	-9.185570e-06
1.371455977258120e-02	0.000000e+00	3.668306e-06	1.329617e-06
1.372455977258120e-02	0.000000e+00	3.668274e-06	-9.184747e-06
1.373455977258120e-02	0.000000e+00	3.668243e-06	1.328867e-06
1.374455977258120e-02	-2.384186e-07	3.668213e-06	-9.183926e-06
1.375455977258120e-02	-2.384186e-07	3.668183e-06	1.328116e-06
1.376455977258120e-02	-4.768372e-07	3.668154e-06	-9.183106e-06
1.377455977258120e-02	-4.768372e-07	3.668127e-06	1.327364e-06
1.378455977258120e-02	-4.768372e-07	3.668099e-06	-9.182289e-06
1.379455977258120e-02	-4.768372e-07	3.668073e-06	1.326610e-06
1.380455977258120e-02	-4.768372e-07	3.668046e-06	-9.181474e-06
1.381455977258120e-02	-2.384186e-07	3.668021e-06	1.325856e-06
1.382455977258120e-02	-2.384186e-07	3.667996e-06	-9.180660e-06
1.383455977258120e-02	0.000000e+00	3.667972e-06	1.325100e-06
1.384455977258120e-02	0.000000e+00	3.667948e-06	-9.179847e-06
1.385455977258120e-02	0.000000e+00	3.667926e-06	1.324343e-06
1.386455977258120e-02	0.000000e+00	3.667903e-06	-9.179035e-06
1.387455977258120e-02	0.000000e+00	3.667881e-06	1.323585e-06
1.388455977258120e-02	0.000000e+00	3.667860e-06	-9.178226e-06
1.389455977258120e-02	0.000000e+00	3.667839e-06	1.322827e-06
1.390455977258120e-02	0.000000e+00	3.667819e-06	-9.177418e-06
1.391455977258120e-02	0.000000e+00	3.667799e-06	1.322067e-06
1.392455977258120e-02	0.000000e+00	3.667779e-06	-9.176611e-06
1.393455977258120e-02	0.000000e+00	3.667760e-06	1.321307e-06
1.394455977258120e-02	-2.384186e-07	3.667742e-06	-9.175806e-06
1.395455977258120e-02	-2.384186e-07	3.667724e-06	1.320545e-06
1.396455977258120e-02	-4.768372e-07	3.667706e-06	-9.175001e-06
1.397455977258120e-02	-4.768372e-07	3.667689e-06	1.319784e-06
1.398455977258120e-02	-4.768372e-07	3.667672e-06	-9.174198e-06
1.399455977258120e-02	-4.768372e-07	3.667656e-06	1.319021e-06
1.400455977258120e-02	-4.768372e-07	3.667640e-06	-9.173395e-06
1.401455977258120e-02	-4.768372e-07	3.667624e-06	1.318258e-06
1.402455977258120e-02	-4.768372e-07	3.667609e-06	-9.172595e-06
1.403455977258120e-02	-4.768372e-07	3.667594e-06	1.317494e-06
1.404455977258120e-02	-4.768372e-07	3.667580e-06	-9.171795e-06
1.405455977258120e-02	-4.768372e-07	3.667566e-06	1.316730e-06
1.406455977258120e-02	-4.768372e-07	3.667552e-06	-9.170996e-06
1.407455977258120e-02	-2.384186e-07	3.667538e-06	1.315965e-06
1.408455977258120e-02	-2.384186e-07	3.667525e-06	-9.170199e-06
1.409455977258120e-02	-2.384186e-07	3.667512e-06	1.315200e-06
1.410455977258120e-02	-2.384186e-07	3.667499e-06	-9.169401e-06
1.411455977258120e-02	0.000000e+00	3.667487e-06	1.314435e-06
1.412455977258120e-02	0.000000e+00	3.667475e-06	-9.168605e-06
1.413455977258120e-02	0.000000e+00	3.667463e-06	1.313669e-06
1.414455977258120e-02	0.000000e+00	3.667452e-06	-9.167810e-06
1.415455977258120e-02	0.000000e+00	3.667441e-06	1.312902e-06
1.416455977258120e-02	0.000000e+00	3.667430e-06	-9.167016e-06
1.417455977258120e-02	0.000000e+00	3.667419e-06	1.312136e-06
1.418455977258120e-02	0.000000e+00	3.667408e-06	-9.166222e-06
1.419455977258120e-02	0.000000e+00	3.667398e-06	1.311368e-06
1.420455977258120e-02	0.000000e+00	3.667388e-06	-9.165430e-06
1.421455977258120e-02	0.000000e+00	3.667378e-06	1.310601e-06
1.422455977258120e-02	0.000000e+00	3.667369e-06	-9.164638e-06
1.423455977258120e-02	0.000000e+00	3.667359e-06	1.309834e-06
1.424455977258120e-02	0.000000e+00	3.667350e-06	-9.163847e-06
1.425455977258120e-02	0.000000e+00	3.667341e-06	1.309066e-06
1.426455977258120e-02	0.000000e+00	3.667332e-06	-9.163056e-06
1.427455977258120e-02	0.000000e+00	3.667324e-06	1.308298e-06
1.428455977258120e-02	0.000000e+00	3.667316e-06	-9.162267e-06
1.429455977258120e-02	0.000000e+00	3.667308e-06	1.307529e-06
1.430455977258120e-02	0.000000e+00	3.667300e-06	-9.161477e-06
1.431455977258120e-02	0.000000e+00	3.667292e-06	1.306761e-06
1.432455977258120e-02	0.000000e+00	3.667284e-06	-9.160690e-06
1.433455977258120e-02	0.000000e+00	3.667277e-06	1.305993e-06
1.434455977258120e-02	0.000000e+00	3.667269e-06	-9.159901e-06
1.435455977258120e-02	-2.384186e-07	3.667262e-06	1.305224e-06
1.436455977258120e-02	-2.384186e-07	3.667255e-06	-9.159115e-06
1.437455977258120e-02	-4.768372e-07	3.667248e-06	1.304455e-06
1.438455977258120e-02	-4.768372e-07	3.667241e-06	-9.158328e-06
1.439455977258120e-02	-4.768372e-07	3.667235e-06	1.303686e-06
1.440455977258120e-02	-4.768372e-07	3.667229e-06	-9.157542e-06
1.441455977258120e-02	-4.768372e-07	3.667222e-06	1.302917e-06
1.442455977258120e-02	-4.768372e-07	3.667216e-06	-9.156757e-06
1.443455977258120e-02	-4.768372e-07	3.667210e-06	1.302148e-06
1.444455977258120e-02	-4.768372e-07	3.667204e-06	-9.155972e-06
1.445455977258120e-02	-4.768372e-07	3.667199e-06	1.301379e-06
1.446455977258120e-02	-4.768372e-07	3.667193e-06	-9.155188e-06
1.447455977258120e-02	-4.768372e-07	3.667187e-06	1.300610e-06
1.448455977258120e-02	-4.768372e-07	3.667182e-06	-9.154404e-06
1.449455977258120e-02	-4.768372e-07	3.667177e-06	1.299841e-06
1.450455977258120e-02	-4.768372e-07	3.667172e-06	-9.153621e-06
1.451455977258120e-02	-4.768372e-07	3.667167e-06	1.299071e-06
1.452455977258120e-02	-4.768372e-07	3.667162e-06	-9.152839e-06
1.453455977258120e-02	-4.768372e-07	3.667157e-06	1.298302e-06
1.454455977258120e-02	-4.768372e-07	3.667152e-06	-9.152057e-06
1.455455977258120e-02	-4.768372e-07	3.667147e-06	1.297533e-06
1.456455977258120e-02	-4.768372e-07	3.667143e-06	-9.151276e-06
1.457455977258120e-02	-4.768372e-07	3.667139e-06	1.296763e-06
1.458455977258120e-02	-4.768372e-07	3.667134e-06	-9.150494e-06
1.459455977258120e-02	-4.768372e-07	3.667130e-06	1.295994e-06
1.460455977258120e-02	-4.768372e-07	3.667126e-06	-9.149713e-06
1.461455977258120e-02	-4.768372e-07	3.667122e-06	1.295225e-06
1.462455977258120e-02	-4.768372e-07	3.667118e-06	-9.148934e-06
1.463455977258120e-02	-4.768372e-07	3.667114e-06	1.294456e-06
1.464455977258120e-02	-4.768372e-07	3.667110e-06	-9.148153e-06
1.465455977258120e-02	-4.768372e-07	3.667106e-06	1.293687e-06
1.466455977258120e-02	-4.768372e-07	3.667102e-06	-9.147374e-06
1.467455977258120e-02	-4.768372e-07	3.667099e-06	1.292918e-06
1.468455977258120e-02	-4.768372e-07	3.667095e-06	-9.146595e-06
1.469455977258120e-02	-4.768372e-07	3.667092e-06	1.292149e-06
1.470455977258120e-02	-4.768372e-07	3.667088e-06	-9.145817e-06
1.471455977258120e-02	-4.768372e-07	3.667085e-06	1.291380e-06
1.472455977258120e-02	-4.768372e-07	3.667082e-06	-9.145039e-06
1.473455977258120e-02	-4.768372e-07	3.667079e-06	1.290611e-06
1.474455977258120e-02	-4.768372e-07	3.667075e-06	-9.144262e-06
1.475455977258120e-02	-4.768372e-07	3.667072e-06	1.289842e-06
1.476455977258120e-02	-4.768372e-07	3.667069e-06	-9.143484e-06
1.477455977258120e-02	-2.384186e-07	3.667066e-06	1.289073e-06
1.478455977258120e-02	-2.384186e-07	3.667064e-06	-9.142707e-06
1.479455977258120e-02	-2.384186e-07	3.667061e-06	1.288305e-06
1.480455977258120e-02	-2.384186e-07	3.667058e-06	-9.141932e-06
1.481455977258120e-02	-2.384186e-07	3.667055e-06	1.287536e-06
1.482455977258120e-02	-2.384186e-07	3.667052e-06	-9.141155e-06
1.483455977258120e-02	-2.384186e-07	3.667050e-06	1.286768e-06
1.484455977258120e-02	-2.384186e-07	3.667047e-06	-9.140380e-06
1.485455977258120e-02	-2.384186e-07	3.667045e-06	1.286000e-06
1.486455977258120e-02	-2.384186e-07	3.667042e-06	-9.139604e-06
1.487455977258120e-02	-2.384186e-07	3.667040e-06	1.285232e-06
1.488455977258120e-02	-2.384186e-07	3.667037e-06	-9.138829e-06
1.489455977258120e-02	-2.384186e-07	3.667035e-06	1.284464e-06
1.490455977258120e-02	-2.384186e-07	3.667033e-06	-9.138055e-06
1.491455977258120e-02	-2.384186e-07	3.667031e-06	1.283696e-06
1.492455977258120e-02	-2.384186e-07	3.667028e-06	-9.137280e-06
1.493455977258120e-02	-2.384186e-07	3.667026e-06	1.282928e-06
1.494455977258120e-02	-2.384186e-07	3.667024e-06	-9.136507e-06
1.495455977258120e-02	0.000000e+00	3.667022e-06	1.282160e-06
1.496455977258120e-02	0.000000e+00	3.667020e-06	-9.135733e-06
1.497455977258120e-02	0.000000e+00	3.667018e-06	1.281393e-06
1.498455977258120e-02	0.000000e+00	3.667016e-06	-9.134960e-06
1.499455977258120e-02	0.000000e+00	3.667014e-06	1.280626e-06
1.500455977258120e-02	0.000000e+00	3.667012e-06	-9.134188e-06
1.501455977258120e-02	0.000000e+00	3.667010e-06	1.279858e-06
1.502455977258120e-02	0.000000e+00	3.667009e-06	-9.133415e-06
1.503455977258120e-02	0.000000e+00	3.667007e-06	1.279091e-06
1.504455977258120e-02	0.000000e+00	3.667005e-06	-9.132643e-06
1.505455977258120e-02	0.000000e+00	3.667003e-06	1.278325e-06
1.506455977258120e-02	0.000000e+00	3.667001e-06	-9.131872e-06
1.507455977258120e-02	0.000000e+00	3.667000e-06	1.277558e-06
1.508455977258120e-02	0.000000e+00	3.666998e-06	-9.131100e-06
1.509455977258120e-02	0.000000e+00	3.666997e-06	1.276791e-06
1.510455977258120e-02	0.000000e+00	3.666995e-06	-9.130329e-06
1.511455977258120e-02	0.000000e+00	3.666994e-06	1.276025e-06
1.512455977258120e-02	0.000000e+00	3.666992e-06	-9.129559e-06
1.513455977258120e-02	0.000000e+00	3.666991e-06	1.275259e-06
1.514455977258120e-02	0.000000e+00	3.666989e-06	-9.128787e-06
1.515455977258120e-02	0.000000e+00	3.666988e-06	1.274493e-06
1.516455977258120e-02	0.000000e+00	3.666986e-06	-9.128018e-06
1.517455977258120e-02	0.000000e+00	3.666985e-06	1.273727e-06
1.518455977258120e-02	0.000000e+00	3.666984e-06	-9.127248e-06
1.519455977258120e-02	0.000000e+00	3.666982e-06	1.272961e-06
1.520455977258120e-02	0.000000e+00	3.666981e-06	-9.126478e-06
1.521455977258120e-02	0.000000e+00	3.666980e-06	1.272196e-06
1.522455977258120e-02	0.000000e+00	3.666979e-06	-9.125709e-06
1.523455977258120e-02	0.000000e+00	3.666977e-06	1.271430e-06
1.524455977258120e-02	0.000000e+00	3.666976e-06	-9.124940e-06
1.525455977258120e-02	0.000000e+00	3.666975e-06	1.270665e-06
1.526455977258120e-02	0.000000e+00	3.666973e-06	-9.124172e-06
1.527455977258120e-02	0.000000e+00	3.666972e-06	1.269900e-06
1.528455977258120e-02	0.000000e+00	3.666971e-06	-9.123403e-06
1.529455977258120e-02	0.000000e+00	3.666970e-06	1.269135e-06
1.530455977258120e-02	0.000000e+00	3.666969e-06	-9.122636e-06
1.531455977258120e-02	0.000000e+00	3.666968e-06	1.268371e-06
1.532455977258120e-02	0.000000e+00	3.666967e-06	-9.121868e-06
1.533455977258120e-02	0.000000e+00	3.666966e-06	1.267606e-06
1.534455977258120e-02	0.000000e+00	3.666965e-06	-9.121100e-06
1.535455977258120e-02	0.000000e+00	3.666964e-06	1.266842e-06
1.536455977258120e-02	0.000000e+00	3.666963e-06	-9.120334e-06
1.537455977258120e-02	0.000000e+00	3.666962e-06	1.266078e-06
1.538455977258120e-02	0.000000e+00	3.666961e-06	-9.119567e-06
1.539455977258120e-02	0.000000e+00	3.666960e-06	1.265314e-06
1.540455977258120e-02	0.000000e+00	3.666959e-06	-9.118800e-06
1.541455977258120e-02	0.000000e+00	3.666958e-06	1.264551e-06
1.542455977258120e-02	0.000000e+00	3.666957e-06	-9.118034e-06
1.543455977258120e-02	0.000000e+00	3.666956e-06	1.263787e-06
1.544455977258120e-02	0.000000e+00	3.666956e-06	-9.117268e-06
1.545455977258120e-02	0.000000e+00	3.666955e-06	1.263024e-06
1.546455977258120e-02	0.000000e+00	3.666954e-06	-9.116502e-06
1.547455977258120e-02	0.000000e+00	3.666953e-06	1.262261e-06
1.548455977258120e-02	0.000000e+00	3.666952e-06	-9.115737e-06
1.549455977258120e-02	0.000000e+00	3.666952e-06	1.261498e-06
1.550455977258120e-02	0.000000e+00	3.666951e-06	-9.114972e-06
1.551455977258120e-02	0.000000e+00	3.666950e-06	1.260736e-06
1.552455977258120e-02	0.000000e+00	3.666949e-06	-9.114207e-06
1.553455977258120e-02	0.000000e+00	3.666948e-06	1.259973e-06
1.554455977258120e-02	0.000000e+00	3.666948e-06	-9.113443e-06
1.555455977258120e-02	0.000000e+00	3.666947e-06	1.259211e-06
1.556455977258120e-02	0.000000e+00	3.666946e-06	-9.112679e-06
1.557455977258120e-02	0.000000e+00	3.666946e-06	1.258449e-06
1.558455977258120e-02	0.000000e+00	3.666945e-06	-9.111915e-06
1.559455977258120e-02	0.000000e+00	3.666944e-06	1.257687e-06
1.560455977258120e-02	0.000000e+00	3.666944e-06	-9.111151e-06
1.561455977258120e-02	0.000000e+00	3.666943e-06	1.256926e-06
1.562455977258120e-02	0.000000e+00	3.666943e-06	-9.110388e-06
1.563455977258120e-02	0.000000e+00	3.666942e-06	1.256164e-06
1.564455977258120e-02	0.000000e+00	3.666941e-06	-9.109624e-06
1.565455977258120e-02	0.000000e+00	3.666941e-06	1.255403e-06
1.566455977258120e-02	0.000000e+00	3.666940e-06	-9.108861e-06
1.567455977258120e-02	0.000000e+00	3.666939e-06	1.254642e-06
1.568455977258120e-02	0.000000e+00	3.666939e-06	-9.108098e-06
1.569455977258120e-02	0.000000e+00	3.666938e-06	1.253881e-06
1.570455977258120e-02	0.000000e+00	3.666938e-06	-9.107336e-06
1.571455977258120e-02	0.000000e+00	3.666937e-06	1.253121e-06
1.572455977258120e-02	0.000000e+00	3.666937e-06	-9.106574e-06
1.573455977258120e-02	0.000000e+00	3.666936e-06	1.252361e-06
1.574455977258120e-02	0.000000e+00	3.666936e-06	-9.105813e-06
1.575455977258120e-02	0.000000e+00	3.666935e-06	1.251600e-06
1.576455977258120e-02	0.000000e+00	3.666935e-06	-9.105051e-06
1.577455977258120e-02	0.000000e+00	3.666934e-06	1.250841e-06
1.578455977258120e-02	0.000000e+00	3.666934e-06	-9.104289e-06
1.579455977258120e-02	0.000000e+00	3.666933e-06	1.250081e-06
1.580455977258120e-02	0.000000e+00	3.666933e-06	-9.103528e-06
1.581455977258120e-02	0.000000e+00	3.666932e-06	1.249321e-06
1.582455977258120e-02	0.000000e+00	3.666932e-06	-9.102768e-06
1.583455977258120e-02	0.000000e+00	3.666931e-06	1.248562e-06
1.584455977258120e-02	0.000000e+00	3.666931e-06	-9.102007e-06
1.585455977258120e-02	0.000000e+00	3.666931e-06	1.247803e-06
1.586455977258120e-02	0.000000e+00	3.666930e-06	-9.101247e-06
1.587455977258120e-02	0.000000e+00	3.666930e-06	1.247044e-06
1.588455977258120e-02	0.000000e+00	3.666929e-06	-9.100487e-06
1.589455977258120e-02	0.000000e+00	3.666929e-06	1.246286e-06
1.590455977258120e-02	0.000000e+00	3.666928e-06	-9.099727e-06
1.591455977258120e-02	0.000000e+00	3.666928e-06	1.245528e-06
1.592455977258120e-02	0.000000e+00	3.666928e-06	-9.098968e-06
1.593455977258120e-02	0.000000e+00	3.666927e-06	1.244769e-06
1.594455977258120e-02	0.000000e+00	3.666927e-06	-9.098208e-06
1.595455977258120e-02	0.000000e+00	3.666927e-06	1.244012e-06
1.596455977258120e-02	0.000000e+00	3.666926e-06	-9.097450e-06
1.597455977258120e-02	0.000000e+00	3.666926e-06	1.243254e-06
1.598455977258120e-02	0.000000e+00	3.666926e-06	-9.096691e-06
1.599455977258120e-02	0.000000e+00	3.666925e-06	1.242496e-06
1.600455977258120e-02	0.000000e+00	3.666925e-06	-9.095933e-06
1.601455977258120e-02	0.000000e+00	3.666925e-06	1.241739e-06
1.602455977258120e-02	0.000000e+00	3.666924e-06	-9.095174e-06
1.603455977258120e-02	0.000000e+00	3.666924e-06	1.240982e-06
1.604455977258120e-02	0.000000e+00	3.666923e-06	-9.094417e-06
1.605455977258120e-02	0.000000e+00	3.666923e-06	1.240225e-06
1.606455977258120e-02	0.000000e+00	3.666923e-06	-9.093659e-06
1.607455977258120e-02	0.000000e+00	3.666923e-06	1.239469e-06
1.608455977258120e-02	0.000000e+00	3.666922e-06	-9.092902e-06
1.609455977258120e-02	0.000000e+00	3.666922e-06	1.238712e-06
1.610455977258120e-02	0.000000e+00	3.666922e-06	-9.092144e-06
1.611455977258120e-02	0.000000e+00	3.666922e-06	1.237956e-06
1.612455977258120e-02	0.000000e+00	3.666921e-06	-9.091387e-06
1.613455977258120e-02	0.000000e+00	3.666921e-06	1.237200e-06
1.614455977258120e-02	0.000000e+00	3.666921e-06	-9.090631e-06
1.615455977258120e-02	0.000000e+00	3.666921e-06	1.236445e-06
1.616455977258120e-02	0.000000e+00	3.666920e-06	-9.089875e-06
1.617455977258120e-02	0.000000e+00	3.666920e-06	1.235689e-06
1.618455977258120e-02	0.000000e+00	3.666920e-06	-9.089118e-06
1.619455977258120e-02	0.000000e+00	3.666919e-06	1.234934e-06
1.620455977258120e-02	0.000000e+00	3.666919e-06	-9.088362e-06
1.621455977258120e-02	0.000000e+00	3.666919e-06	1.234179e-06
1.622455977258120e-02	0.000000e+00	3.666919e-06	-9.087606e-06
1.623455977258120e-02	0.000000e+00	3.666918e-06	1.233424e-06
1.624455977258120e-02	0.000000e+00	3.666918e-06	-9.086852e-06
1.625455977258120e-02	0.000000e+00	3.666918e-06	1.232670e-06
1.626455977258120e-02	0.000000e+00	3.666918e-06	-9.086096e-06
1.627455977258120e-02	0.000000e+00	3.666918e-06	1.231915e-06
1.628455977258120e-02	0.000000e+00	3.666917e-06	-9.085341e-06
1.629455977258120e-02	0.000000e+00	3.666917e-06	1.231161e-06
1.630455977258120e-02	0.000000e+00	3.666917e-06	-9.084587e-06
1.631455977258120e-02	0.000000e+00	3.666917e-06	1.230408e-06
1.632455977258120e-02	0.000000e+00	3.666917e-06	-9.083832e-06
1.633455977258120e-02	0.000000e+00	3.666916e-06	1.229654e-06
1.634455977258120e-02	0.000000e+00	3.666916e-06	-9.083078e-06
1.635455977258120e-02	0.000000e+00	3.666916e-06	1.228900e-06
1.636455977258120e-02	0.000000e+00	3.666916e-06	-9.082324e-06
1.637455977258120e-02	0.000000e+00	3.666916e-06	1.228147e-06
1.638455977258120e-02	0.000000e+00	3.666915e-06	-9.081570e-06
1.639455977258120e-02	0.000000e+00	3.666915e-06	1.227394e-06
1.640455977258120e-02	0.000000e+00	3.666915e-06	-9.080817e-06
1.641455977258120e-02	0.000000e+00	3.666915e-06	1.226642e-06
1.642455977258120e-02	0.000000e+00	3.666915e-06	-9.080064e-06
1.643455977258120e-02	0.000000e+00	3.666914e-06	1.225889e-06
1.644455977258120e-02	0.000000e+00	3.666914e-06	-9.079311e-06
1.645455977258120e-02	0.000000e+00	3.666914e-06	1.225137e-06
1.646455977258120e-02	0.000000e+00	3.666914e-06	-9.078558e-06
1.647455977258120e-02	0.000000e+00	3.666914e-06	1.224385e-06
1.648455977258120e-02	0.000000e+00	3.666914e-06	-9.077806e-06
1.649455977258120e-02	0.000000e+00	3.666913e-06	1.223633e-06
1.650455977258120e-02	0.000000e+00	3.666913e-06	-9.077054e-06
1.651455977258120e-02	0.000000e+00	3.666913e-06	1.222881e-06
1.652455977258120e-02	0.000000e+00	3.666913e-06	-9.076301e-06
1.653455977258120e-02	0.000000e+00	3.666913e-06	1.222130e-06
1.654455977258120e-02	0.000000e+00	3.666913e-06	-9.075550e-06
1.655455977258120e-02	0.000000e+00	3.666913e-06	1.221379e-06
1.656455977258120e-02	0.000000e+00	3.666913e-06	-9.074798e-06
1.657455977258120e-02	0.000000e+00	3.666912e-06	1.220628e-06
1.658455977258120e-02	0.000000e+00	3.666912e-06	-9.074047e-06
1.659455977258120e-02	0.000000e+00	3.666912e-06	1.219877e-06
1.660455977258120e-02	0.000000e+00	3.666912e-06	-9.073296e-06
1.661455977258120e-02	0.000000e+00	3.666912e-06	1.219127e-06
1.662455977258120e-02	0.000000e+00	3.666912e-06	-9.072545e-06
1.663455977258120e-02	0.000000e+00	3.666911e-06	1.218377e-06
1.664455977258120e-02	0.000000e+00	3.666911e-06	-9.071795e-06
1.665455977258120e-02	0.000000e+00	3.666911e-06	1.217627e-06
1.666455977258120e-02	0.000000e+00	3.666911e-06	-9.071045e-06
1.667455977258120e-02	0.000000e+00	3.666911e-06	1.216877e-06
1.668455977258120e-02	0.000000e+00	3.666911e-06	-9.070294e-06
1.669455977258120e-02	0.000000e+00	3.666911e-06	1.216127e-06
1.670455977258120e-02	0.000000e+00	3.666911e-06	-9.069545e-06
1.671455977258120e-02	0.000000e+00	3.666911e-06	1.215378e-06
1.672455977258120e-02	0.000000e+00	3.666911e-06	-9.068795e-06
1.673455977258120e-02	0.000000e+00	3.666910e-06	1.214629e-06
1.674455977258120e-02	0.000000e+00	3.666910e-06	-9.068046e-06
1.675455977258120e-02	0.000000e+00	3.666910e-06	1.213880e-06
1.676455977258120e-02	0.000000e+00	3.666910e-06	-9.067297e-06
1.677455977258120e-02	0.000000e+00	3.666910e-06	1.213132e-06
1.678455977258120e-02	0.000000e+00	3.666910e-06	-9.066548e-06
1.679455977258120e-02	0.000000e+00	3.666910e-06	1.212383e-06
1.680455977258120e-02	0.000000e+00	3.666910e-06	-9.065800e-06
1.681455977258120e-02	0.000000e+00	3.666910e-06	1.211635e-06
1.682455977258120e-02	0.000000e+00	3.666909e-06	-9.065051e-06
1.683455977258120e-02	0.000000e+00	3.666909e-06	1.210887e-06
1.684455977258120e-02	0.000000e+00	3.666909e-06	-9.064303e-06
1.685455977258120e-02	0.000000e+00	3.666909e-06	1.210139e-06
1.686455977258120e-02	0.000000e+00	3.666909e-06	-9.063555e-06
1.687455977258120e-02	0.000000e+00	3.666909e-06	1.209392e-06
1.688455977258120e-02	0.000000e+00	3.666909e-06	-9.062807e-06
1.689455977258120e-02	0.000000e+00	3.666909e-06	1.208645e-06
1.690455977258120e-02	0.000000e+00	3.666909e-06	-9.062061e-06
1.691455977258120e-02	0.000000e+00	3.666909e-06	1.207898e-06
1.692455977258120e-02	0.000000e+00	3.666908e-06	-9.061313e-06
1.693455977258120e-02	0.000000e+00	3.666908e-06	1.207151e-06
1.694455977258120e-02	0.000000e+00	3.666908e-06	-9.060566e-06
1.695455977258120e-02	0.000000e+00	3.666908e-06	1.206404e-06
1.696455977258120e-02	0.000000e+00	3.666908e-06	-9.059820e-06
1.697455977258120e-02	0.000000e+00	3.666908e-06	1.205658e-06
1.698455977258120e-02	0.000000e+00	3.666908e-06	-9.059073e-06
1.699455977258120e-02	0.000000e+00	3.666908e-06	1.204912e-06
1.700455977258120e-02	0.000000e+00	3.666908e-06	-9.058327e-06
1.701455977258120e-02	0.000000e+00	3.666908e-06	1.204166e-06
1.702455977258120e-02	0.000000e+00	3.666908e-06	-9.057580e-06
1.703455977258120e-02	0.000000e+00	3.666908e-06	1.203421e-06
1.704455977258120e-02	0.000000e+00	3.666908e-06	-9.056835e-06
1.705455977258120e-02	0.000000e+00	3.666908e-06	1.202675e-06
1.706455977258120e-02	0.000000e+00	3.666908e-06	-9.056090e-06
1.707455977258120e-02	0.000000e+00	3.666908e-06	1.201930e-06
1.708455977258120e-02	0.000000e+00	3.666907e-06	-9.055344e-06
1.709455977258120e-02	0.000000e+00	3.666907e-06	1.201185e-06
1.710455977258120e-02	0.000000e+00	3.666907e-06	-9.054599e-06
1.711455977258120e-02	0.000000e+00	3.666907e-06	1.200440e-06
1.712455977258120e-02	0.000000e+00	3.666907e-06	-9.053854e-06
1.713455977258120e-02	0.000000e+00	3.666907e-06	1.199696e-06
1.714455977258120e-02	0.000000e+00	3.666907e-06	-9.053110e-06
1.715455977258120e-02	0.000000e+00	3.666907e-06	1.198952e-06
1.716455977258120e-02	0.000000e+00	3.666907e-06	-9.052365e-06
1.717455977258120e-02	0.000000e+00	3.666907e-06	1.198208e-06
1.718455977258120e-02	0.000000e+00	3.666907e-06	-9.051621e-06
1.719455977258120e-02	0.000000e+00	3.666907e-06	1.197464e-06
1.720455977258120e-02	0.000000e+00	3.666907e-06	-9.050877e-06
1.721455977258120e-02	0.000000e+00	3.666907e-06	1.196720e-06
1.722455977258120e-02	0.000000e+00	3.666907e-06	-9.050134e-06
1.723455977258120e-02	0.000000e+00	3.666907e-06	1.195977e-06
1.724455977258120e-02	0.000000e+00	3.666906e-06	-9.049390e-06
1.725455977258120e-02	0.000000e+00	3.666906e-06	1.195234e-06
1.726455977258120e-02	0.000000e+00	3.666906e-06	-9.048647e-06
1.727455977258120e-02	0.000000e+00	3.666906e-06	1.194491e-06
1.728455977258120e-02	0.000000e+00	3.666906e-06	-9.047904e-06
1.729455977258120e-02	0.000000e+00	3.666906e-06	1.193748e-06
1.730455977258120e-02	0.000000e+00	3.666906e-06	-9.047162e-06
1.731455977258120e-02	0.000000e+00	3.666906e-06	1.193006e-06
1.732455977258120e-02	0.000000e+00	3.666906e-06	-9.046419e-06
1.733455977258120e-02	0.000000e+00	3.666906e-06	1.192264e-06
1.734455977258120e-02	0.000000e+00	3.666906e-06	-9.045677e-06
1.735455977258120e-02	0.000000e+00	3.666906e-06	1.191522e-06
1.736455977258120e-02	0.000000e+00	3.666906e-06	-9.044935e-06
1.737455977258120e-02	0.000000e+00	3.666906e-06	1.190780e-06
1.738455977258120e-02	0.000000e+00	3.666906e-06	-9.044194e-06
1.739455977258120e-02	0.000000e+00	3.666906e-06	1.190038e-06
1.740455977258120e-02	0.000000e+00	3.666906e-06	-9.043452e-06
1.741455977258120e-02	0.000000e+00	3.666906e-06	1.189297e-06
1.742455977258120e-02	0.000000e+00	3.666906e-06	-9.042711e-06
1.743455977258120e-02	0.000000e+00	3.666906e-06	1.188556e-06
1.744455977258120e-02	0.000000e+00	3.666906e-06	-9.041970e-06
1.745455977258120e-02	0.000000e+00	3.666906e-06	1.187815e-06
1.746455977258120e-02	0.000000e+00	3.666906e-06	-9.041229e-06
1.747455977258120e-02	0.000000e+00	3.666906e-06	1.187075e-06
1.748455977258120e-02	0.000000e+00	3.666906e-06	-9.040488e-06
1.749455977258120e-02	0.000000e+00	3.666905e-06	1.186334e-06
1.750455977258120e-02	0.000000e+00	3.666905e-06	-9.039748e-06
1.751455977258120e-02	0.000000e+00	3.666905e-06	1.185594e-06
1.752455977258120e-02	0.000000e+00	3.666905e-06	-9.039008e-06
1.753455977258120e-02	0.000000e+00	3.666905e-06	1.184854e-06
1.754455977258120e-02	0.000000e+00	3.666905e-06	-9.038268e-06
1.755455977258120e-02	0.000000e+00	3.666905e-06	1.184115e-06
1.756455977258120e-02	0.000000e+00	3.666905e-06	-9.037528e-06
1.757455977258120e-02	0.000000e+00	3.666905e-06	1.183375e-06
1.758455977258120e-02	0.000000e+00	3.666905e-06	-9.036788e-06
1.759455977258120e-02	0.000000e+00	3.666905e-06	1.182636e-06
1.760455977258120e-02	0.000000e+00	3.666905e-06	-9.036050e-06
1.761455977258120e-02	0.000000e+00	3.666905e-06	1.181897e-06
1.762455977258120e-02	0.000000e+00	3.666905e-06	-9.035311e-06
1.763455977258120e-02	0.000000e+00	3.666905e-06	1.181158e-06
1.764455977258120e-02	0.000000e+00	3.666905e-06	-9.034572e-06
1.765455977258120e-02	0.000000e+00	3.666905e-06	1.180420e-06
1.766455977258120e-02	0.000000e+00	3.666905e-06	-9.033834e-06
1.767455977258120e-02	0.000000e+00	3.666905e-06	1.179681e-06
1.768455977258120e-02	0.000000e+00	3.666905e-06	-9.033095e-06
1.769455977258120e-02	0.000000e+00	3.666905e-06	1.178943e-06
1.770455977258120e-02	0.000000e+00	3.666905e-06	-9.032357e-06
1.771455977258120e-02	0.000000e+00	3.666905e-06	1.178205e-06
1.772455977258120e-02	0.000000e+00	3.666905e-06	-9.031619e-06
1.773455977258120e-02	0.000000e+00	3.666905e-06	1.177468e-06
1.774455977258120e-02	0.000000e+00	3.666905e-06	-9.030881e-06
1.775455977258120e-02	0.000000e+00	3.666905e-06	1.176730e-06
1.776455977258120e-02	0.000000e+00	3.666905e-06	-9.030145e-06
1.777455977258120e-02	0.000000e+00	3.666905e-06	1.175993e-06
1.778455977258120e-02	0.000000e+00	3.666905e-06	-9.029407e-06
1.779455977258120e-02	0.000000e+00	3.666905e-06	1.175256e-06
1.780455977258120e-02	0.000000e+00	3.666905e-06	-9.028670e-06
1.781455977258120e-02	0.000000e+00	3.666905e-06	1.174520e-06
1.782455977258120e-02	0.000000e+00	3.666905e-06	-9.027934e-06
1.783455977258120e-02	0.000000e+00	3.666905e-06	1.173783e-06
1.784455977258120e-02	0.000000e+00	3.666905e-06	-9.027197e-06
1.785455977258120e-02	0.000000e+00	3.666904e-06	1.173047e-06
1.786455977258120e-02	0.000000e+00	3.666904e-06	-9.026461e-06
1.787455977258120e-02	0.000000e+00	3.666904e-06	1.172311e-06
1.788455977258120e-02	0.000000e+00	3.666904e-06	-9.025724e-06
1.789455977258120e-02	0.000000e+00	3.666904e-06	1.171575e-06
1.790455977258120e-02	0.000000e+00	3.666904e-06	-9.024989e-06
1.791455977258120e-02	0.000000e+00	3.666904e-06	1.170839e-06
1.792455977258120e-02	0.000000e+00	3.666904e-06	-9.024254e-06
1.793455977258120e-02	0.000000e+00	3.666904e-06	1.170104e-06
1.794455977258120e-02	0.000000e+00	3.666904e-06	-9.023518e-06
1.795455977258120e-02	0.000000e+00	3.666904e-06	1.169369e-06
1.796455977258120e-02	0.000000e+00	3.666904e-06	-9.022783e-06
1.797455977258120e-02	0.000000e+00	3.666904e-06	1.168634e-06
1.798455977258120e-02	0.000000e+00	3.666904e-06	-9.022048e-06
1.799455977258120e-02	0.000000e+00	3.666904e-06	1.167899e-06
1.800455977258120e-02	0.000000e+00	3.666904e-06	-9.021313e-06
1.801455977258120e-02	0.000000e+00	3.666904e-06	1.167165e-06
1.802455977258120e-02	0.000000e+00	3.666904e-06	-9.020579e-06
1.803455977258120e-02	0.000000e+00	3.666904e-06	1.166431e-06
1.804455977258120e-02	0.000000e+00	3.666904e-06	-9.019845e-06
1.805455977258120e-02	0.000000e+00	3.666904e-06	1.165697e-06
1.806455977258120e-02	0.000000e+00	3.666904e-06	-9.019112e-06
1.807455977258120e-02	0.000000e+00	3.666904e-06	1.164963e-06
1.808455977258120e-02	0.000000e+00	3.666904e-06	-9.018378e-06
1.809455977258120e-02	0.000000e+00	3.666904e-06	1.164229e-06
1.810455977258120e-02	0.000000e+00	3.666904e-06	-9.017644e-06
1.811455977258120e-02	0.000000e+00	3.666904e-06	1.163496e-06
1.812455977258120e-02	0.000000e+00	3.666904e-06	-9.016911e-06
1.813455977258120e-02	0.000000e+00	3.666904e-06	1.162763e-06
1.814455977258120e-02	0.000000e+00	3.666904e-06	-9.016178e-06
1.815455977258120e-02	0.000000e+00	3.666904e-06	1.162030e-06
1.816455977258120e-02	0.000000e+00	3.666904e-06	-9.015445e-06
1.817455977258120e-02	0.000000e+00	3.666904e-06	1.161297e-06
1.818455977258120e-02	0.000000e+00	3.666904e-06	-9.014712e-06
1.819455977258120e-02	0.000000e+00	3.666904e-06	1.160565e-06
1.820455977258120e-02	0.000000e+00	3.666904e-06	-9.013980e-06
1.821455977258120e-02	0.000000e+00	3.666904e-06	1.159833e-06
1.822455977258120e-02	0.000000e+00	3.666904e-06	-9.013248e-06
1.823455977258120e-02	0.000000e+00	3.666904e-06	1.159101e-06
1.824455977258120e-02	0.000000e+00	3.666904e-06	-9.012516e-06
1.825455977258120e-02	0.000000e+00	3.666904e-06	1.158369e-06
1.826455977258120e-02	0.000000e+00	3.666904e-06	-9.011785e-06
1.827455977258120e-02	0.000000e+00	3.666904e-06	1.157637e-06
1.828455977258120e-02	0.000000e+00	3.666904e-06	-9.011052e-06
1.829455977258120e-02	0.000000e+00	3.666904e-06	1.156906e-06
1.830455977258120e-02	0.000000e+00	3.666904e-06	-9.010321e-06
1.831455977258120e-02	0.000000e+00	3.666904e-06	1.156175e-06
1.832455977258120e-02	0.000000e+00	3.666904e-06	-9.009591e-06
1.833455977258120e-02	0.000000e+00	3.666904e-06	1.155444e-06
1.834455977258120e-02	0.000000e+00	3.666904e-06	-9.008860e-06
1.835455977258120e-02	0.000000e+00	3.666904e-06	1.154714e-06
1.836455977258120e-02	0.000000e+00	3.666904e-06	-9.008129e-06
1.837455977258120e-02	0.000000e+00	3.666904e-06	1.153983e-06
1.838455977258120e-02	0.000000e+00	3.666904e-06	-9.007399e-06
1.839455977258120e-02	0.000000e+00	3.666904e-06	1.153253e-06
1.840455977258120e-02	0.000000e+00	3.666904e-06	-9.006669e-06
1.841455977258120e-02	0.000000e+00	3.666904e-06	1.152523e-06
1.842455977258120e-02	0.000000e+00	3.666904e-06	-9.005939e-06
1.843455977258120e-02	0.000000e+00	3.666904e-06	1.151793e-06
1.844455977258120e-02	0.000000e+00	3.666904e-06	-9.005209e-06
1.845455977258120e-02	0.000000e+00	3.666904e-06	1.151064e-06
1.846455977258120e-02	0.000000e+00	3.666904e-06	-9.004480e-06
1.847455977258120e-02	0.000000e+00	3.666904e-06	1.150335e-06
1.848455977258120e-02	0.000000e+00	3.666904e-06	-9.003751e-06
1.849455977258120e-02	0.000000e+00	3.666903e-06	1.149606e-06
1.850455977258120e-02	0.000000e+00	3.666903e-06	-9.003022e-06
1.851455977258120e-02	0.000000e+00	3.666904e-06	1.148877e-06
1.852455977258120e-02	0.000000e+00	3.666904e-06	-9.002293e-06
1.853455977258120e-02	0.000000e+00	3.666903e-06	1.148148e-06
1.854455977258120e-02	0.000000e+00	3.666903e-06	-9.001565e-06
1.855455977258120e-02	0.000000e+00	3.666903e-06	1.147420e-06
1.856455977258120e-02	0.000000e+00	3.666903e-06	-9.000836e-06
1.857455977258120e-02	0.000000e+00	3.666904e-06	1.146692e-06
1.858455977258120e-02	0.000000e+00	3.666904e-06	-9.000109e-06
1.859455977258120e-02	0.000000e+00	3.666903e-06	1.145964e-06
1.860455977258120e-02	0.000000e+00	3.666903e-06	-8.999380e-06
1.861455977258120e-02	0.000000e+00	3.666903e-06	1.145236e-06
1.862455977258120e-02	0.000000e+00	3.666903e-06	-8.998652e-06
1.863455977258120e-02	0.000000e+00	3.666903e-06	1.144509e-06
1.864455977258120e-02	0.000000e+00	3.666903e-06	-8.997926e-06
1.865455977258120e-02	0.000000e+00	3.666903e-06	1.143781e-06
1.866455977258120e-02	0.000000e+00	3.666903e-06	-8.997198e-06
1.867455977258120e-02	0.000000e+00	3.666903e-06	1.143054e-06
1.868455977258120e-02	0.000000e+00	3.666903e-06	-8.996471e-06
1.869455977258120e-02	0.000000e+00	3.666903e-06	1.142327e-06
1.870455977258120e-02	0.000000e+00	3.666903e-06	-8.995745e-06
1.871455977258120e-02	0.000000e+00	3.666903e-06	1.141601e-06
1.872455977258120e-02	0.000000e+00	3.666903e-06	-8.995018e-06
1.873455977258120e-02	0.000000e+00	3.666903e-06	1.140874e-06
1.874455977258120e-02	0.000000e+00	3.666903e-06	-8.994291e-06
1.875455977258120e-02	0.000000e+00	3.666903e-06	1.140148e-06
1.876455977258120e-02	0.000000e+00	3.666903e-06	-8.993566e-06
1.877455977258120e-02	0.000000e+00	3.666903e-06	1.139422e-06
1.878455977258120e-02	0.000000e+00	3.666903e-06	-8.992840e-06
1.879455977258120e-02	0.000000e+00	3.666903e-06	1.138697e-06
1.880455977258120e-02	0.000000e+00	3.666903e-06	-8.992114e-06
1.881455977258120e-02	0.000000e+00	3.666903e-06	1.137971e-06
1.882455977258120e-02	0.000000e+00	3.666903e-06	-8.991389e-06
1.883455977258120e-02	0.000000e+00	3.666903e-06	1.137246e-06
1.884455977258120e-02	0.000000e+00	3.666903e-06	-8.990663e-06
1.885455977258120e-02	0.000000e+00	3.666903e-06	1.136521e-06
1.886455977258120e-02	0.000000e+00	3.666903e-06	-8.989939e-06
1.887455977258120e-02	0.000000e+00	3.666903e-06	1.135796e-06
1.888455977258120e-02	0.000000e+00	3.666903e-06	-8.989214e-06
1.889455977258120e-02	0.000000e+00	3.666903e-06	1.135071e-06
1.890455977258120e-02	0.000000e+00	3.666903e-06	-8.988490e-06
1.891455977258120e-02	0.000000e+00	3.666903e-06	1.134347e-06
1.892455977258120e-02	0.000000e+00	3.666903e-06	-8.987765e-06
1.893455977258120e-02	0.000000e+00	3.666903e-06	1.133623e-06
1.894455977258120e-02	0.000000e+00	3.666903e-06	-8.987041e-06
1.895455977258120e-02	0.000000e+00	3.666903e-06	1.132899e-06
1.896455977258120e-02	0.000000e+00	3.666903e-06	-8.986317e-06
1.897455977258120e-02	0.000000e+00	3.666903e-06	1.132175e-06
1.898455977258120e-02	0.000000e+00	3.666903e-06	-8.985594e-06
1.899455977258120e-02	0.000000e+00	3.666903e-06	1.131452e-06
1.900455977258120e-02	0.000000e+00	3.666903e-06	-8.984870e-06
1.901455977258120e-02	0.000000e+00	3.666903e-06	1.130729e-06
1.902455977258120e-02	0.000000e+00	3.666903e-06	-8.984147e-06
1.903455977258120e-02	0.000000e+00	3.666903e-06	1.130006e-06
1.904455977258120e-02	0.000000e+00	3.666903e-06	-8.983424e-06
1.905455977258120e-02	0.000000e+00	3.666903e-06	1.129283e-06
1.906455977258120e-02	0.000000e+00	3.666903e-06	-8.982702e-06
1.907455977258120e-02	0.000000e+00	3.666903e-06	1.128560e-06
1.908455977258120e-02	0.000000e+00	3.666903e-06	-8.981979e-06
1.909455977258120e-02	0.000000e+00	3.666903e-06	1.127838e-06
1.910455977258120e-02	0.000000e+00	3.666903e-06	-8.981257e-06
1.911455977258120e-02	0.000000e+00	3.666903e-06	1.127116e-06
1.912455977258120e-02	0.000000e+00	3.666903e-06	-8.980534e-06
1.913455977258120e-02	0.000000e+00	3.666903e-06	1.126394e-06
1.914455977258120e-02	0.000000e+00	3.666903e-06	-8.979813e-06
1.915455977258120e-02	0.000000e+00	3.666903e-06	1.125672e-06
1.916455977258120e-02	0.000000e+00	3.666903e-06	-8.979091e-06
1.917455977258120e-02	0.000000e+00	3.666903e-06	1.124950e-06
1.918455977258120e-02	0.000000e+00	3.666903e-06	-8.978370e-06
1.919455977258120e-02	0.000000e+00	3.666903e-06	1.124229e-06
1.920455977258120e-02	0.000000e+00	3.666903e-06	-8.977649e-06
1.921455977258120e-02	0.000000e+00	3.666903e-06	1.123508e-06
1.922455977258120e-02	0.000000e+00	3.666903e-06	-8.976927e-06
1.923455977258120e-02	0.000000e+00	3.666903e-06	1.122787e-06
1.924455977258120e-02	0.000000e+00	3.666903e-06	-8.976207e-06
1.925455977258120e-02	0.000000e+00	3.666903e-06	1.122067e-06
1.926455977258120e-02	0.000000e+00	3.666903e-06	-8.975487e-06
1.927455977258120e-02	0.000000e+00	3.666903e-06	1.121346e-06
1.928455977258120e-02	0.000000e+00	3.666903e-06	-8.974766e-06
1.929455977258120e-02	0.000000e+00	3.666903e-06	1.120626e-06
1.930455977258120e-02	0.000000e+00	3.666903e-06	-8.974046e-06
1.931455977258120e-02	0.000000e+00	3.666903e-06	1.119906e-06
1.932455977258120e-02	0.000000e+00	3.666903e-06	-8.973326e-06
1.933455977258120e-02	0.000000e+00	3.666903e-06	1.119186e-06
1.934455977258120e-02	0.000000e+00	3.666903e-06	-8.972606e-06
1.935455977258120e-02	0.000000e+00	3.666903e-06	1.118467e-06
1.936455977258120e-02	0.000000e+00	3.666903e-06	-8.971887e-06
1.937455977258120e-02	0.000000e+00	3.666903e-06	1.117748e-06
1.938455977258120e-02	0.000000e+00	3.666903e-06	-8.971168e-06
1.939455977258120e-02	0.000000e+00	3.666903e-06	1.117028e-06
1.940455977258120e-02	0.000000e+00	3.666903e-06	-8.970449e-06
1.941455977258120e-02	0.000000e+00	3.666903e-06	1.116309e-06
1.942455977258120e-02	0.000000e+00	3.666903e-06	-8.969731e-06
1.943455977258120e-02	0.000000e+00	3.666903e-06	1.115591e-06
1.944455977258120e-02	0.000000e+00	3.666903e-06	-8.969012e-06
1.945455977258120e-02	0.000000e+00	3.666903e-06	1.114872e-06
1.946455977258120e-02	0.000000e+00	3.666903e-06	-8.968294e-06
1.947455977258120e-02	0.000000e+00	3.666903e-06	1.114154e-06
1.948455977258120e-02	0.000000e+00	3.666903e-06	-8.967575e-06
1.949455977258120e-02	0.000000e+00	3.666903e-06	1.113436e-06
1.950455977258120e-02	0.000000e+00	3.666903e-06	-8.966857e-06
1.951455977258120e-02	0.000000e+00	3.666903e-06	1.112718e-06
1.952455977258120e-02	0.000000e+00	3.666903e-06	-8.966140e-06
1.953455977258120e-02	0.000000e+00	3.666903e-06	1.112001e-06
1.954455977258120e-02	0.000000e+00	3.666903e-06	-8.965422e-06
1.955455977258120e-02	0.000000e+00	3.666903e-06	1.111283e-06
1.956455977258120e-02	0.000000e+00	3.666903e-06	-8.964705e-06
1.957455977258120e-02	0.000000e+00	3.666903e-06	1.110566e-06
1.958455977258120e-02	0.000000e+00	3.666903e-06	-8.963988e-06
1.959455977258120e-02	0.000000e+00	3.666903e-06	1.109850e-06
1.960455977258120e-02	0.000000e+00	3.666903e-06	-8.963271e-06
1.961455977258120e-02	0.000000e+00	3.666903e-06	1.109133e-06
1.962455977258120e-02	0.000000e+00	3.666903e-06	-8.962555e-06
1.963455977258120e-02	0.000000e+00	3.666903e-06	1.108416e-06
1.964455977258120e-02	0.000000e+00	3.666903e-06	-8.961838e-06
1.965455977258120e-02	0.000000e+00	3.666903e-06	1.107700e-06
1.966455977258120e-02	0.000000e+00	3.666903e-06	-8.961122e-06
1.967455977258120e-02	0.000000e+00	3.666903e-06	1.106984e-06
1.968455977258120e-02	0.000000e+00	3.666903e-06	-8.960406e-06
1.969455977258120e-02	0.000000e+00	3.666903e-06	1.106268e-06
1.970455977258120e-02	0.000000e+00	3.666903e-06	-8.959691e-06
1.971455977258120e-02	0.000000e+00	3.666903e-06	1.105553e-06
1.972455977258120e-02	0.000000e+00	3.666903e-06	-8.958975e-06
1.973455977258120e-02	0.000000e+00	3.666903e-06	1.104837e-06
1.974455977258120e-02	0.000000e+00	3.666903e-06	-8.958260e-06
1.975455977258120e-02	0.000000e+00	3.666903e-06	1.104122e-06
1.976455977258120e-02	0.000000e+00	3.666903e-06	-8.957544e-06
1.977455977258120e-02	0.000000e+00	3.666903e-06	1.103407e-06
1.978455977258120e-02	0.000000e+00	3.666903e-06	-8.956829e-06
1.979455977258120e-02	0.000000e+00	3.666903e-06	1.102693e-06
1.980455977258120e-02	0.000000e+00	3.666903e-06	-8.956115e-06
1.981455977258120e-02	0.000000e+00	3.666903e-06	1.101978e-06
1.982455977258120e-02	0.000000e+00	3.666903e-06	-8.955401e-06
1.983455977258120e-02	0.000000e+00	3.666903e-06	1.101264e-06
1.984455977258120e-02	0.000000e+00	3.666903e-06	-8.954687e-06
1.985455977258120e-02	0.000000e+00	3.666903e-06	1.100550e-06
1.986455977258120e-02	0.000000e+00	3.666903e-06	-8.953973e-06
1.987455977258120e-02	0.000000e+00	3.666903e-06	1.099836e-06
1.988455977258120e-02	0.000000e+00	3.666903e-06	-8.953259e-06
1.989455977258120e-02	0.000000e+00	3.666903e-06	1.099122e-06
1.990455977258120e-02	0.000000e+00	3.666903e-06	-8.952546e-06
1.991455977258120e-02	0.000000e+00	3.666903e-06	1.098409e-06
1.992455977258120e-02	0.000000e+00	3.666903e-06	-8.951832e-06
1.993455977258120e-02	0.000000e+00	3.666903e-06	1.097695e-06
1.994455977258120e-02	0.000000e+00	3.666903e-06	-8.951119e-06
1.995455977258120e-02	0.000000e+00	3.666903e-06	1.096982e-06
1.996455977258120e-02	0.000000e+00	3.666903e-06	-8.950406e-06
1.997455977258120e-02	0.000000e+00	3.666903e-06	1.096270e-06
1.998455977258120e-02	0.000000e+00	3.666903e-06	-8.949693e-06
1.999455977258120e-02	0.000000e+00	3.666903e-06	1.095557e-06
2.000000000000000e-02	0.000000e+00	3.666903e-06	-8.948682e-06
Step Information: Rtierra=100K  (Step: 2/3)
0.000000000000000e+00	5.245209e-06	1.405891e-11	-2.599973e-07
9.999999439624929e-11	5.245209e-06	-8.462445e-10	-2.588188e-07
1.999999887924986e-10	5.245209e-06	-1.681203e-09	-2.577113e-07
1.599999910339989e-09	5.245209e-06	-1.313333e-08	-2.425343e-07
3.199999820679977e-09	5.245209e-06	-2.607904e-08	-2.258417e-07
6.399999641359955e-09	5.483627e-06	-5.152253e-08	-1.941549e-07
1.279999928271991e-08	5.483627e-06	-1.006736e-07	-1.357367e-07
2.559999856543982e-08	5.960464e-06	-1.923810e-07	-3.118446e-08
5.119999713087964e-08	7.152557e-06	-3.452208e-07	1.485414e-07
7.490939157505198e-08	7.867813e-06	-4.015072e-07	2.296863e-07
8.751273906020726e-08	7.867813e-06	-3.144194e-07	1.012669e-07
9.689872501927246e-08	6.914139e-06	-1.381238e-07	-1.400604e-07
1.084335902734298e-07	5.245209e-06	1.540795e-07	-4.920499e-07
1.210319857333521e-07	3.337860e-06	4.833084e-07	-8.612035e-07
1.404919565323656e-07	-2.384186e-07	9.650099e-07	-1.389469e-06
1.674710582519772e-07	-4.291534e-06	1.571917e-06	-2.044373e-06
1.943312891472694e-07	-7.867813e-06	2.076595e-06	-2.591999e-06
2.310659196692409e-07	-1.144409e-05	2.567470e-06	-3.106646e-06
2.700959767948623e-07	-1.335144e-05	2.844897e-06	-3.338273e-06
3.178335848176886e-07	-1.406670e-05	2.963608e-06	-3.346961e-06
3.747237615209013e-07	-1.430511e-05	3.015350e-06	-3.336688e-06
4.806382842948523e-07	-1.430511e-05	3.085303e-06	-3.304969e-06
6.865921856470685e-07	-1.406670e-05	3.202079e-06	-3.264444e-06
9.032958009784307e-07	-1.430511e-05	3.310162e-06	-3.243490e-06
1.171297691811335e-06	-1.430511e-05	3.428290e-06	-3.243870e-06
1.446454385381850e-06	-1.430511e-05	3.536102e-06	-3.258673e-06
1.797217786790458e-06	-1.454353e-05	3.657905e-06	-3.291757e-06
2.187424117252338e-06	-1.478195e-05	3.776999e-06	-3.332932e-06
2.697686439763951e-06	-1.502037e-05	3.911311e-06	-3.388594e-06
3.301915346250805e-06	-1.549721e-05	4.044156e-06	-3.446394e-06
4.153877459456562e-06	-1.573563e-05	4.192312e-06	-3.513659e-06
5.262711699186677e-06	-1.621246e-05	4.336106e-06	-3.574090e-06
6.377862761131856e-06	-1.621246e-05	4.434235e-06	-3.612908e-06
7.799258289541601e-06	-1.645088e-05	4.508960e-06	-3.638461e-06
9.224244783106150e-06	-1.645088e-05	4.545594e-06	-3.656381e-06
1.064115390646459e-05	-1.668930e-05	4.554445e-06	-3.709404e-06
1.197157673669607e-05	-1.764297e-05	4.547773e-06	-3.917343e-06
1.329940554803707e-05	-1.955032e-05	4.535582e-06	-4.518989e-06
1.438864829045097e-05	-2.264977e-05	4.526643e-06	-5.426108e-06
1.537944500500013e-05	-2.622604e-05	4.521696e-06	-6.501238e-06
1.648879970507145e-05	-3.075600e-05	4.519803e-06	-7.826174e-06
1.754227922797645e-05	-3.504753e-05	4.521014e-06	-9.107096e-06
1.884912230911913e-05	-4.029274e-05	4.525705e-06	-1.065121e-05
2.026734303090110e-05	-4.601479e-05	4.533547e-06	-1.221248e-05
2.214730424694855e-05	-5.221367e-05	4.546493e-06	-1.403206e-05
2.439379553807524e-05	-5.817413e-05	4.562784e-06	-1.574164e-05
2.783757027168712e-05	-6.461143e-05	4.585109e-06	-1.754701e-05
3.042913328446175e-05	-6.723404e-05	4.596423e-06	-1.821214e-05
3.287076450524295e-05	-6.723404e-05	4.600277e-06	-1.804869e-05
3.562570309012112e-05	-6.556511e-05	4.598775e-06	-1.748997e-05
3.848566647894839e-05	-6.365776e-05	4.593389e-06	-1.686536e-05
4.125052638595858e-05	-6.151199e-05	4.585690e-06	-1.627965e-05
4.567096780029552e-05	-5.841255e-05	4.571394e-06	-1.540449e-05
5.133589484161493e-05	-5.483627e-05	4.552752e-06	-1.437042e-05
5.826359853937239e-05	1.573563e-05	4.539699e-06	-1.323990e-05
6.010932118574093e-05	8.957386e-04	4.576197e-06	-1.912369e-05
6.094346048128957e-05	4.559278e-03	4.631784e-06	-1.214210e-04
6.120188594769539e-05	9.516954e-03	4.646594e-06	-4.642177e-04
6.147975964048678e-05	1.903129e-02	4.651032e-06	-9.517256e-04
6.160959391169977e-05	2.431035e-02	4.653268e-06	-1.234157e-03
6.173267098588094e-05	2.981806e-02	4.656015e-06	-1.505253e-03
6.183818740173297e-05	3.480101e-02	4.658493e-06	-1.758935e-03
6.194729113750571e-05	4.018331e-02	4.661339e-06	-2.026175e-03
6.206148569397525e-05	4.603791e-02	4.664449e-06	-2.320281e-03
6.219063723366366e-05	5.290151e-02	4.668199e-06	-2.662344e-03
6.233594580264435e-05	6.089807e-02	4.672613e-06	-3.062551e-03
6.250259767053789e-05	7.038975e-02	4.677925e-06	-3.536076e-03
6.269911321104025e-05	8.201456e-02	4.684476e-06	-4.114859e-03
6.302991443382082e-05	1.024570e-01	4.696049e-06	-5.128388e-03
6.354286925191645e-05	1.359107e-01	4.714867e-06	-6.783048e-03
6.452728533286607e-05	2.037985e-01	4.752329e-06	-1.016125e-02
6.563214315027836e-05	2.839251e-01	4.795000e-06	-1.417253e-02
6.707056562007608e-05	3.923647e-01	4.850499e-06	-1.961615e-02
6.795352959662895e-05	4.605594e-01	4.884505e-06	-2.304352e-02
6.854286769634370e-05	5.067728e-01	4.907446e-06	-2.535443e-02
6.908861596709652e-05	5.499372e-01	4.928913e-06	-2.751475e-02
6.970367326226689e-05	5.988767e-01	4.953268e-06	-2.996024e-02
7.011328387911486e-05	6.316223e-01	4.969721e-06	-3.160071e-02
7.051422770007129e-05	6.638174e-01	4.985995e-06	-3.320695e-02
7.131611534198414e-05	7.284641e-01	5.018467e-06	-3.644018e-02
7.207333721923519e-05	7.897730e-01	5.048701e-06	-3.950218e-02
7.340573756579507e-05	8.981330e-01	5.100583e-06	-4.492057e-02
7.509821577818835e-05	1.036249e+00	5.164261e-06	-5.182558e-02
7.728378462446245e-05	1.214956e+00	5.243391e-06	-6.076781e-02
7.922994310297931e-05	1.374129e+00	5.311628e-06	-6.872486e-02
8.011093347725595e-05	1.446127e+00	5.341823e-06	-7.232622e-02
8.060790252413264e-05	1.486699e+00	5.358639e-06	-7.435188e-02
8.093257834696753e-05	1.513181e+00	5.369558e-06	-7.567844e-02
8.124548172964750e-05	1.538681e+00	5.380040e-06	-7.695099e-02
8.158770247789075e-05	1.566541e+00	5.391465e-06	-7.834663e-02
8.191338576290597e-05	1.593016e+00	5.402305e-06	-7.966804e-02
8.224607762778141e-05	1.620002e+00	5.413347e-06	-8.102021e-02
8.258182814166286e-05	1.647147e+00	5.424462e-06	-8.237550e-02
8.291890964126785e-05	1.674259e+00	5.435598e-06	-8.373457e-02
8.326730147839923e-05	1.702057e+00	5.447090e-06	-8.512323e-02
8.359926825270432e-05	1.728224e+00	5.458028e-06	-8.643566e-02
8.393715782989589e-05	1.754392e+00	5.469145e-06	-8.774354e-02
8.427345960438673e-05	1.779820e+00	5.480171e-06	-8.901928e-02
8.461084088073438e-05	1.804557e+00	5.491134e-06	-9.025507e-02
8.495237812274078e-05	1.828687e+00	5.502006e-06	-9.146531e-02
8.529889552972204e-05	1.852139e+00	5.512584e-06	-9.263664e-02
8.565883736687270e-05	1.875320e+00	5.522741e-06	-9.380053e-02
8.603976727566193e-05	1.898448e+00	5.532059e-06	-9.495851e-02
8.646536217525125e-05	1.922446e+00	5.540083e-06	-9.616897e-02
8.697750488095565e-05	1.948607e+00	5.545785e-06	-9.749191e-02
8.772156769645580e-05	1.982455e+00	5.548083e-06	-9.919145e-02
8.843964495164391e-05	2.011477e+00	5.545778e-06	-1.006247e-01
8.919334427153546e-05	2.038753e+00	5.540617e-06	-1.019859e-01
9.010449127760431e-05	2.068934e+00	5.533610e-06	-1.034886e-01
9.109808261520680e-05	2.099379e+00	5.527198e-06	-1.050183e-01
9.280209368398372e-05	2.148226e+00	5.520375e-06	-1.074592e-01
9.443348661759043e-05	2.192682e+00	5.518562e-06	-1.096699e-01
9.591479112620586e-05	2.231455e+00	5.521032e-06	-1.116002e-01
9.751764614091846e-05	2.272204e+00	5.527188e-06	-1.136395e-01
9.943612133627898e-05	2.319803e+00	5.537904e-06	-1.160199e-01
1.021981891861977e-04	2.386822e+00	5.557229e-06	-1.193777e-01
1.056684276707743e-04	2.469331e+00	5.585092e-06	-1.235014e-01
1.098447983578402e-04	2.566814e+00	5.621368e-06	-1.283791e-01
1.150883742512242e-04	2.687285e+00	5.668593e-06	-1.344001e-01
1.210418841187779e-04	2.822184e+00	5.722853e-06	-1.411496e-01
1.290775889713623e-04	3.001999e+00	5.796107e-06	-1.501428e-01
1.390775889713623e-04	3.223360e+00	5.886866e-06	-1.612117e-01
1.490775889713623e-04	3.442644e+00	5.977113e-06	-1.721679e-01
1.590775889713622e-04	3.660173e+00	6.066850e-06	-1.830436e-01
1.690775889713622e-04	3.876232e+00	6.156128e-06	-1.938417e-01
1.790775889713622e-04	4.091006e+00	6.244988e-06	-2.045815e-01
1.890775889713622e-04	4.304622e+00	6.333462e-06	-2.152586e-01
1.990775889713622e-04	4.517175e+00	6.421579e-06	-2.258881e-01
2.090775889713622e-04	4.728738e+00	6.509357e-06	-2.364630e-01
2.190775889713622e-04	4.939366e+00	6.596813e-06	-2.469964e-01
2.290775889713622e-04	5.149102e+00	6.683959e-06	-2.574802e-01
2.390775889713622e-04	5.357986e+00	6.770808e-06	-2.679267e-01
2.490775889713622e-04	5.566048e+00	6.857368e-06	-2.783269e-01
2.590775889713623e-04	5.773315e+00	6.943648e-06	-2.886927e-01
2.690775889713622e-04	5.979810e+00	7.029654e-06	-2.990146e-01
2.790775889713623e-04	6.179810e+00	7.111604e-06	-3.093042e-01
2.829589571240489e-04	6.244023e+00	7.135759e-06	-3.124714e-01
2.853571763147266e-04	6.270836e+00	7.144408e-06	-3.136051e-01
2.866522582854004e-04	6.280752e+00	7.147415e-06	-3.140703e-01
2.880208356244189e-04	6.289163e+00	7.150049e-06	-3.144907e-01
2.894454043173246e-04	6.296599e+00	7.152391e-06	-3.148578e-01
2.909763862984052e-04	6.303320e+00	7.154491e-06	-3.151998e-01
2.932915205965200e-04	6.311738e+00	7.157045e-06	-3.156227e-01
2.959369221593221e-04	6.319531e+00	7.159276e-06	-3.160159e-01
2.993759575861307e-04	6.327545e+00	7.161350e-06	-3.164130e-01
3.030615653359450e-04	6.334231e+00	7.162821e-06	-3.167493e-01
3.080838531994277e-04	6.341166e+00	7.163988e-06	-3.170947e-01
3.140930514325422e-04	6.347340e+00	7.164618e-06	-3.174069e-01
3.226533974002657e-04	6.353665e+00	7.164715e-06	-3.177198e-01
3.326533974002657e-04	6.358946e+00	7.164253e-06	-3.179782e-01
3.426533974002657e-04	6.362731e+00	7.163478e-06	-3.181579e-01
3.526533974002657e-04	6.365526e+00	7.162575e-06	-3.182964e-01
3.626533974002657e-04	6.367668e+00	7.161652e-06	-3.183983e-01
3.726533974002657e-04	6.369354e+00	7.160757e-06	-3.184835e-01
3.826533974002657e-04	6.370710e+00	7.159916e-06	-3.185474e-01
3.926533974002657e-04	6.371817e+00	7.159139e-06	-3.186044e-01
4.026533974002657e-04	6.372733e+00	7.158429e-06	-3.186468e-01
4.126533974002657e-04	6.373501e+00	7.157784e-06	-3.186872e-01
4.226533974002657e-04	6.374150e+00	7.157202e-06	-3.187166e-01
4.326533974002657e-04	6.374702e+00	7.156678e-06	-3.187464e-01
4.426533974002657e-04	6.375176e+00	7.156207e-06	-3.187671e-01
4.526533974002657e-04	6.375585e+00	7.155784e-06	-3.187899e-01
4.626533974002657e-04	6.375939e+00	7.155405e-06	-3.188047e-01
4.726533974002657e-04	6.376248e+00	7.155065e-06	-3.188226e-01
4.826533974002657e-04	6.376517e+00	7.154760e-06	-3.188332e-01
4.926533974002657e-04	6.376753e+00	7.154487e-06	-3.188475e-01
5.026533974002657e-04	6.376961e+00	7.154242e-06	-3.188551e-01
5.126533974002656e-04	6.377144e+00	7.154022e-06	-3.188667e-01
5.226533974002657e-04	6.377305e+00	7.153824e-06	-3.188721e-01
5.326533974002657e-04	6.377449e+00	7.153647e-06	-3.188818e-01
5.426533974002657e-04	6.377575e+00	7.153487e-06	-3.188854e-01
5.526533974002656e-04	6.377688e+00	7.153344e-06	-3.188935e-01
5.626533974002657e-04	6.377788e+00	7.153214e-06	-3.188958e-01
5.726533974002657e-04	6.377877e+00	7.153097e-06	-3.189029e-01
5.826533974002657e-04	6.377956e+00	7.152992e-06	-3.189041e-01
5.926533974002656e-04	6.378027e+00	7.152897e-06	-3.189102e-01
6.026533974002657e-04	6.378090e+00	7.152811e-06	-3.189107e-01
6.126533974002657e-04	6.378146e+00	7.152733e-06	-3.189161e-01
6.226533974002657e-04	6.378197e+00	7.152662e-06	-3.189160e-01
6.326533974002656e-04	6.378242e+00	7.152598e-06	-3.189209e-01
6.426533974002657e-04	6.378282e+00	7.152539e-06	-3.189202e-01
6.526533974002657e-04	6.378319e+00	7.152486e-06	-3.189246e-01
6.626533974002657e-04	6.378351e+00	7.152438e-06	-3.189236e-01
6.726533974002656e-04	6.378380e+00	7.152394e-06	-3.189276e-01
6.826533974002657e-04	6.378406e+00	7.152354e-06	-3.189263e-01
6.926533974002657e-04	6.378429e+00	7.152316e-06	-3.189301e-01
7.026533974002657e-04	6.378450e+00	7.152283e-06	-3.189285e-01
7.126533974002656e-04	6.378469e+00	7.152252e-06	-3.189321e-01
7.226533974002657e-04	6.378486e+00	7.152223e-06	-3.189302e-01
7.326533974002657e-04	6.378501e+00	7.152197e-06	-3.189336e-01
7.426533974002657e-04	6.378515e+00	7.152172e-06	-3.189317e-01
7.526533974002656e-04	6.378527e+00	7.152150e-06	-3.189349e-01
7.626533974002657e-04	6.378538e+00	7.152129e-06	-3.189328e-01
7.726533974002657e-04	6.378547e+00	7.152109e-06	-3.189359e-01
7.826533974002657e-04	6.378557e+00	7.152091e-06	-3.189337e-01
7.926533974002656e-04	6.378565e+00	7.152074e-06	-3.189367e-01
8.026533974002656e-04	6.378572e+00	7.152059e-06	-3.189345e-01
8.126533974002657e-04	6.378578e+00	7.152044e-06	-3.189374e-01
8.226533974002657e-04	6.378584e+00	7.152030e-06	-3.189351e-01
8.326533974002656e-04	6.378589e+00	7.152017e-06	-3.189380e-01
8.426533974002656e-04	6.378594e+00	7.152005e-06	-3.189355e-01
8.526533974002657e-04	6.378598e+00	7.151993e-06	-3.189384e-01
8.626533974002657e-04	6.378602e+00	7.151982e-06	-3.189359e-01
8.726533974002656e-04	6.378605e+00	7.151971e-06	-3.189387e-01
8.826533974002656e-04	6.378608e+00	7.151961e-06	-3.189363e-01
8.926533974002657e-04	6.378611e+00	7.151952e-06	-3.189390e-01
9.026533974002657e-04	6.378613e+00	7.151943e-06	-3.189365e-01
9.126533974002656e-04	6.378616e+00	7.151934e-06	-3.189393e-01
9.226533974002656e-04	6.378617e+00	7.151925e-06	-3.189367e-01
9.326533974002657e-04	6.378619e+00	7.151918e-06	-3.189394e-01
9.426533974002657e-04	6.378621e+00	7.151910e-06	-3.189369e-01
9.526533974002656e-04	6.378622e+00	7.151902e-06	-3.189396e-01
9.626533974002656e-04	6.378623e+00	7.151895e-06	-3.189370e-01
9.726533974002657e-04	6.378625e+00	7.151888e-06	-3.189397e-01
9.826533974002657e-04	6.378626e+00	7.151881e-06	-3.189371e-01
9.926533974002657e-04	6.378627e+00	7.151874e-06	-3.189398e-01
1.002653397400266e-03	6.378628e+00	7.151868e-06	-3.189372e-01
1.012653397400266e-03	6.378628e+00	7.151862e-06	-3.189399e-01
1.022653397400266e-03	6.378629e+00	7.151856e-06	-3.189373e-01
1.032653397400266e-03	6.378630e+00	7.151850e-06	-3.189400e-01
1.042653397400266e-03	6.378630e+00	7.151844e-06	-3.189374e-01
1.052653397400266e-03	6.378631e+00	7.151838e-06	-3.189400e-01
1.062653397400266e-03	6.378631e+00	7.151833e-06	-3.189374e-01
1.072653397400266e-03	6.378632e+00	7.151828e-06	-3.189400e-01
1.082653397400266e-03	6.378632e+00	7.151822e-06	-3.189375e-01
1.092653397400266e-03	6.378632e+00	7.151817e-06	-3.189401e-01
1.102653397400266e-03	6.378633e+00	7.151812e-06	-3.189375e-01
1.112653397400266e-03	6.378633e+00	7.151807e-06	-3.189401e-01
1.122653397400266e-03	6.378633e+00	7.151802e-06	-3.189375e-01
1.132653397400266e-03	6.378633e+00	7.151797e-06	-3.189401e-01
1.142653397400266e-03	6.378633e+00	7.151792e-06	-3.189375e-01
1.152653397400266e-03	6.378634e+00	7.151787e-06	-3.189402e-01
1.162653397400266e-03	6.378634e+00	7.151783e-06	-3.189375e-01
1.172653397400266e-03	6.378634e+00	7.151778e-06	-3.189402e-01
1.182653397400266e-03	6.378634e+00	7.151774e-06	-3.189375e-01
1.192653397400266e-03	6.378634e+00	7.151769e-06	-3.189402e-01
1.202653397400266e-03	6.378634e+00	7.151765e-06	-3.189375e-01
1.212653397400266e-03	6.378634e+00	7.151761e-06	-3.189402e-01
1.222653397400266e-03	6.378634e+00	7.151757e-06	-3.189376e-01
1.232653397400266e-03	6.378634e+00	7.151752e-06	-3.189402e-01
1.242653397400266e-03	6.378635e+00	7.151748e-06	-3.189376e-01
1.252653397400266e-03	6.378635e+00	7.151744e-06	-3.189402e-01
1.262653397400266e-03	6.378635e+00	7.151741e-06	-3.189376e-01
1.272653397400266e-03	6.378635e+00	7.151737e-06	-3.189402e-01
1.282653397400266e-03	6.378635e+00	7.151733e-06	-3.189376e-01
1.292653397400266e-03	6.378635e+00	7.151729e-06	-3.189402e-01
1.302653397400266e-03	6.378635e+00	7.151725e-06	-3.189376e-01
1.312653397400266e-03	6.378635e+00	7.151722e-06	-3.189402e-01
1.322653397400266e-03	6.378635e+00	7.151718e-06	-3.189376e-01
1.332653397400266e-03	6.378635e+00	7.151714e-06	-3.189402e-01
1.342653397400266e-03	6.378635e+00	7.151711e-06	-3.189376e-01
1.352653397400266e-03	6.378635e+00	7.151707e-06	-3.189402e-01
1.362653397400266e-03	6.378635e+00	7.151704e-06	-3.189376e-01
1.372653397400266e-03	6.378635e+00	7.151700e-06	-3.189402e-01
1.382653397400266e-03	6.378635e+00	7.151697e-06	-3.189376e-01
1.392653397400266e-03	6.378635e+00	7.151693e-06	-3.189402e-01
1.402653397400266e-03	6.378635e+00	7.151690e-06	-3.189376e-01
1.412653397400266e-03	6.378635e+00	7.151687e-06	-3.189402e-01
1.422653397400266e-03	6.378635e+00	7.151683e-06	-3.189376e-01
1.432653397400266e-03	6.378635e+00	7.151681e-06	-3.189402e-01
1.442653397400266e-03	6.378635e+00	7.151677e-06	-3.189376e-01
1.452653397400266e-03	6.378635e+00	7.151674e-06	-3.189402e-01
1.462653397400266e-03	6.378635e+00	7.151671e-06	-3.189376e-01
1.472653397400266e-03	6.378635e+00	7.151668e-06	-3.189402e-01
1.482653397400266e-03	6.378635e+00	7.151665e-06	-3.189376e-01
1.492653397400266e-03	6.378635e+00	7.151662e-06	-3.189402e-01
1.502653397400266e-03	6.378635e+00	7.151659e-06	-3.189376e-01
1.512653397400266e-03	6.378635e+00	7.151656e-06	-3.189402e-01
1.522653397400266e-03	6.378635e+00	7.151653e-06	-3.189376e-01
1.532653397400266e-03	6.378635e+00	7.151651e-06	-3.189402e-01
1.542653397400266e-03	6.378635e+00	7.151648e-06	-3.189376e-01
1.552653397400266e-03	6.378635e+00	7.151645e-06	-3.189402e-01
1.562653397400266e-03	6.378635e+00	7.151642e-06	-3.189376e-01
1.572653397400266e-03	6.378635e+00	7.151640e-06	-3.189402e-01
1.582653397400266e-03	6.378635e+00	7.151637e-06	-3.189376e-01
1.592653397400266e-03	6.378635e+00	7.151634e-06	-3.189402e-01
1.602653397400266e-03	6.378635e+00	7.151632e-06	-3.189376e-01
1.612653397400266e-03	6.378635e+00	7.151629e-06	-3.189402e-01
1.622653397400266e-03	6.378635e+00	7.151627e-06	-3.189376e-01
1.632653397400266e-03	6.378635e+00	7.151624e-06	-3.189402e-01
1.642653397400266e-03	6.378635e+00	7.151622e-06	-3.189376e-01
1.652653397400265e-03	6.378635e+00	7.151620e-06	-3.189402e-01
1.662653397400266e-03	6.378635e+00	7.151617e-06	-3.189376e-01
1.672653397400266e-03	6.378635e+00	7.151615e-06	-3.189402e-01
1.682653397400266e-03	6.378635e+00	7.151612e-06	-3.189376e-01
1.692653397400266e-03	6.378635e+00	7.151610e-06	-3.189402e-01
1.702653397400266e-03	6.378635e+00	7.151608e-06	-3.189376e-01
1.712653397400266e-03	6.378635e+00	7.151606e-06	-3.189402e-01
1.722653397400266e-03	6.378635e+00	7.151603e-06	-3.189376e-01
1.732653397400265e-03	6.378635e+00	7.151601e-06	-3.189402e-01
1.742653397400266e-03	6.378635e+00	7.151599e-06	-3.189376e-01
1.752653397400266e-03	6.378635e+00	7.151597e-06	-3.189402e-01
1.762653397400266e-03	6.378635e+00	7.151595e-06	-3.189376e-01
1.772653397400266e-03	6.378635e+00	7.151592e-06	-3.189402e-01
1.782653397400266e-03	6.378635e+00	7.151590e-06	-3.189376e-01
1.792653397400266e-03	6.378635e+00	7.151588e-06	-3.189402e-01
1.802653397400266e-03	6.378635e+00	7.151586e-06	-3.189376e-01
1.812653397400265e-03	6.378635e+00	7.151584e-06	-3.189402e-01
1.822653397400266e-03	6.378635e+00	7.151582e-06	-3.189376e-01
1.832653397400266e-03	6.378635e+00	7.151581e-06	-3.189402e-01
1.842653397400266e-03	6.378635e+00	7.151578e-06	-3.189376e-01
1.852653397400266e-03	6.378635e+00	7.151576e-06	-3.189402e-01
1.862653397400266e-03	6.378635e+00	7.151575e-06	-3.189376e-01
1.872653397400266e-03	6.378635e+00	7.151573e-06	-3.189402e-01
1.882653397400266e-03	6.378635e+00	7.151571e-06	-3.189376e-01
1.892653397400265e-03	6.378635e+00	7.151569e-06	-3.189402e-01
1.902653397400265e-03	6.378635e+00	7.151567e-06	-3.189376e-01
1.912653397400266e-03	6.378635e+00	7.151566e-06	-3.189402e-01
1.922653397400266e-03	6.378635e+00	7.151564e-06	-3.189376e-01
1.932653397400266e-03	6.378635e+00	7.151562e-06	-3.189402e-01
1.942653397400266e-03	6.378635e+00	7.151561e-06	-3.189376e-01
1.952653397400266e-03	6.378636e+00	7.151559e-06	-3.189402e-01
1.962653397400265e-03	6.378635e+00	7.151557e-06	-3.189376e-01
1.972653397400265e-03	6.378635e+00	7.151556e-06	-3.189402e-01
1.982653397400265e-03	6.378635e+00	7.151554e-06	-3.189376e-01
1.992653397400266e-03	6.378635e+00	7.151552e-06	-3.189402e-01
2.002653397400266e-03	6.378635e+00	7.151551e-06	-3.189376e-01
2.012653397400266e-03	6.378635e+00	7.151549e-06	-3.189402e-01
2.022653397400266e-03	6.378635e+00	7.151547e-06	-3.189376e-01
2.032653397400266e-03	6.378635e+00	7.151546e-06	-3.189402e-01
2.042653397400266e-03	6.378635e+00	7.151545e-06	-3.189376e-01
2.052653397400266e-03	6.378635e+00	7.151543e-06	-3.189402e-01
2.062653397400266e-03	6.378635e+00	7.151541e-06	-3.189376e-01
2.072653397400266e-03	6.378635e+00	7.151540e-06	-3.189402e-01
2.082653397400266e-03	6.378635e+00	7.151539e-06	-3.189376e-01
2.092653397400265e-03	6.378635e+00	7.151537e-06	-3.189402e-01
2.102653397400265e-03	6.378635e+00	7.151536e-06	-3.189376e-01
2.112653397400265e-03	6.378635e+00	7.151534e-06	-3.189402e-01
2.122653397400265e-03	6.378635e+00	7.151533e-06	-3.189376e-01
2.132653397400265e-03	6.378635e+00	7.151531e-06	-3.189402e-01
2.142653397400265e-03	6.378635e+00	7.151531e-06	-3.189376e-01
2.152653397400266e-03	6.378635e+00	7.151529e-06	-3.189402e-01
2.162653397400266e-03	6.378635e+00	7.151528e-06	-3.189376e-01
2.172653397400266e-03	6.378635e+00	7.151526e-06	-3.189402e-01
2.182653397400266e-03	6.378635e+00	7.151525e-06	-3.189376e-01
2.192653397400266e-03	6.378635e+00	7.151524e-06	-3.189402e-01
2.202653397400266e-03	6.378635e+00	7.151522e-06	-3.189376e-01
2.212653397400266e-03	6.378635e+00	7.151521e-06	-3.189402e-01
2.222653397400266e-03	6.378635e+00	7.151520e-06	-3.189376e-01
2.232653397400266e-03	6.378635e+00	7.151519e-06	-3.189402e-01
2.242653397400266e-03	6.378635e+00	7.151518e-06	-3.189376e-01
2.252653397400265e-03	6.378635e+00	7.151516e-06	-3.189402e-01
2.262653397400265e-03	6.378635e+00	7.151516e-06	-3.189376e-01
2.272653397400265e-03	6.378635e+00	7.151514e-06	-3.189402e-01
2.282653397400265e-03	6.378635e+00	7.151513e-06	-3.189376e-01
2.292653397400265e-03	6.378635e+00	7.151512e-06	-3.189402e-01
2.302653397400265e-03	6.378635e+00	7.151511e-06	-3.189376e-01
2.312653397400265e-03	6.378635e+00	7.151510e-06	-3.189402e-01
2.322653397400266e-03	6.378635e+00	7.151509e-06	-3.189376e-01
2.332653397400266e-03	6.378635e+00	7.151508e-06	-3.189402e-01
2.342653397400266e-03	6.378635e+00	7.151507e-06	-3.189376e-01
2.352653397400266e-03	6.378635e+00	7.151506e-06	-3.189402e-01
2.362653397400266e-03	6.378635e+00	7.151505e-06	-3.189376e-01
2.372653397400266e-03	6.378635e+00	7.151503e-06	-3.189402e-01
2.382653397400266e-03	6.378635e+00	7.151502e-06	-3.189376e-01
2.392653397400266e-03	6.378635e+00	7.151501e-06	-3.189402e-01
2.402653397400266e-03	6.378635e+00	7.151501e-06	-3.189376e-01
2.412653397400265e-03	6.378635e+00	7.151500e-06	-3.189402e-01
2.422653397400265e-03	6.378635e+00	7.151499e-06	-3.189376e-01
2.432653397400265e-03	6.378635e+00	7.151498e-06	-3.189402e-01
2.442653397400265e-03	6.378635e+00	7.151497e-06	-3.189376e-01
2.452653397400265e-03	6.378635e+00	7.151496e-06	-3.189402e-01
2.462653397400265e-03	6.378635e+00	7.151495e-06	-3.189376e-01
2.472653397400265e-03	6.378635e+00	7.151494e-06	-3.189402e-01
2.482653397400266e-03	6.378635e+00	7.151493e-06	-3.189376e-01
2.492653397400266e-03	6.378635e+00	7.151492e-06	-3.189402e-01
2.502653397400266e-03	6.378635e+00	7.151491e-06	-3.189376e-01
2.512653397400266e-03	6.378635e+00	7.151491e-06	-3.189402e-01
2.522653397400266e-03	6.378635e+00	7.151490e-06	-3.189376e-01
2.532653397400266e-03	6.378635e+00	7.151489e-06	-3.189402e-01
2.542653397400266e-03	6.378635e+00	7.151488e-06	-3.189376e-01
2.552653397400266e-03	6.378635e+00	7.151487e-06	-3.189402e-01
2.562653397400266e-03	6.378635e+00	7.151486e-06	-3.189376e-01
2.572653397400265e-03	6.378635e+00	7.151486e-06	-3.189402e-01
2.582653397400265e-03	6.378635e+00	7.151485e-06	-3.189376e-01
2.592653397400265e-03	6.378635e+00	7.151484e-06	-3.189402e-01
2.602653397400265e-03	6.378635e+00	7.151483e-06	-3.189376e-01
2.612653397400265e-03	6.378635e+00	7.151483e-06	-3.189402e-01
2.622653397400265e-03	6.378635e+00	7.151482e-06	-3.189376e-01
2.632653397400265e-03	6.378635e+00	7.151481e-06	-3.189402e-01
2.642653397400265e-03	6.378635e+00	7.151481e-06	-3.189376e-01
2.652653397400266e-03	6.378635e+00	7.151480e-06	-3.189402e-01
2.662653397400266e-03	6.378635e+00	7.151479e-06	-3.189376e-01
2.672653397400266e-03	6.378636e+00	7.151478e-06	-3.189402e-01
2.682653397400266e-03	6.378635e+00	7.151477e-06	-3.189376e-01
2.692653397400266e-03	6.378635e+00	7.151477e-06	-3.189402e-01
2.702653397400266e-03	6.378635e+00	7.151476e-06	-3.189376e-01
2.712653397400266e-03	6.378635e+00	7.151476e-06	-3.189402e-01
2.722653397400266e-03	6.378635e+00	7.151475e-06	-3.189376e-01
2.732653397400265e-03	6.378635e+00	7.151474e-06	-3.189402e-01
2.742653397400265e-03	6.378635e+00	7.151474e-06	-3.189376e-01
2.752653397400265e-03	6.378635e+00	7.151473e-06	-3.189402e-01
2.762653397400265e-03	6.378635e+00	7.151472e-06	-3.189376e-01
2.772653397400265e-03	6.378635e+00	7.151471e-06	-3.189402e-01
2.782653397400265e-03	6.378635e+00	7.151471e-06	-3.189376e-01
2.792653397400265e-03	6.378635e+00	7.151471e-06	-3.189402e-01
2.802653397400265e-03	6.378635e+00	7.151470e-06	-3.189376e-01
2.812653397400266e-03	6.378635e+00	7.151469e-06	-3.189402e-01
2.822653397400266e-03	6.378635e+00	7.151469e-06	-3.189376e-01
2.832653397400266e-03	6.378635e+00	7.151468e-06	-3.189402e-01
2.842653397400266e-03	6.378635e+00	7.151467e-06	-3.189376e-01
2.852653397400266e-03	6.378635e+00	7.151467e-06	-3.189402e-01
2.862653397400266e-03	6.378635e+00	7.151466e-06	-3.189376e-01
2.872653397400266e-03	6.378635e+00	7.151466e-06	-3.189402e-01
2.882653397400266e-03	6.378635e+00	7.151465e-06	-3.189376e-01
2.892653397400265e-03	6.378635e+00	7.151465e-06	-3.189402e-01
2.902653397400265e-03	6.378635e+00	7.151464e-06	-3.189376e-01
2.912653397400265e-03	6.378635e+00	7.151464e-06	-3.189402e-01
2.922653397400265e-03	6.378635e+00	7.151463e-06	-3.189376e-01
2.932653397400265e-03	6.378635e+00	7.151462e-06	-3.189402e-01
2.942653397400265e-03	6.378635e+00	7.151462e-06	-3.189376e-01
2.952653397400265e-03	6.378635e+00	7.151461e-06	-3.189402e-01
2.962653397400265e-03	6.378635e+00	7.151461e-06	-3.189376e-01
2.972653397400265e-03	6.378635e+00	7.151461e-06	-3.189402e-01
2.982653397400266e-03	6.378635e+00	7.151460e-06	-3.189376e-01
2.992653397400266e-03	6.378635e+00	7.151460e-06	-3.189402e-01
3.002653397400266e-03	6.378635e+00	7.151459e-06	-3.189376e-01
3.012653397400266e-03	6.378636e+00	7.151459e-06	-3.189402e-01
3.022653397400266e-03	6.378635e+00	7.151458e-06	-3.189376e-01
3.032653397400266e-03	6.378635e+00	7.151458e-06	-3.189402e-01
3.042653397400266e-03	6.378635e+00	7.151457e-06	-3.189376e-01
3.052653397400265e-03	6.378635e+00	7.151457e-06	-3.189402e-01
3.062653397400265e-03	6.378635e+00	7.151457e-06	-3.189376e-01
3.072653397400265e-03	6.378635e+00	7.151456e-06	-3.189402e-01
3.082653397400265e-03	6.378635e+00	7.151456e-06	-3.189376e-01
3.092653397400265e-03	6.378635e+00	7.151455e-06	-3.189402e-01
3.102653397400265e-03	6.378635e+00	7.151455e-06	-3.189376e-01
3.112653397400265e-03	6.378635e+00	7.151454e-06	-3.189402e-01
3.122653397400265e-03	6.378635e+00	7.151454e-06	-3.189376e-01
3.132653397400265e-03	6.378635e+00	7.151453e-06	-3.189402e-01
3.142653397400265e-03	6.378635e+00	7.151453e-06	-3.189376e-01
3.152653397400266e-03	6.378635e+00	7.151453e-06	-3.189402e-01
3.162653397400266e-03	6.378635e+00	7.151452e-06	-3.189376e-01
3.172653397400266e-03	6.378635e+00	7.151452e-06	-3.189402e-01
3.182653397400266e-03	6.378635e+00	7.151451e-06	-3.189376e-01
3.192653397400266e-03	6.378635e+00	7.151451e-06	-3.189402e-01
3.202653397400266e-03	6.378635e+00	7.151451e-06	-3.189376e-01
3.212653397400265e-03	6.378635e+00	7.151451e-06	-3.189402e-01
3.222653397400265e-03	6.378635e+00	7.151450e-06	-3.189376e-01
3.232653397400265e-03	6.378636e+00	7.151450e-06	-3.189402e-01
3.242653397400265e-03	6.378636e+00	7.151450e-06	-3.189376e-01
3.252653397400265e-03	6.378635e+00	7.151449e-06	-3.189402e-01
3.262653397400265e-03	6.378635e+00	7.151449e-06	-3.189376e-01
3.272653397400265e-03	6.378635e+00	7.151449e-06	-3.189402e-01
3.282653397400265e-03	6.378635e+00	7.151448e-06	-3.189376e-01
3.292653397400265e-03	6.378635e+00	7.151448e-06	-3.189402e-01
3.302653397400265e-03	6.378635e+00	7.151447e-06	-3.189376e-01
3.312653397400266e-03	6.378635e+00	7.151447e-06	-3.189402e-01
3.322653397400266e-03	6.378635e+00	7.151447e-06	-3.189376e-01
3.332653397400266e-03	6.378635e+00	7.151446e-06	-3.189402e-01
3.342653397400266e-03	6.378635e+00	7.151446e-06	-3.189376e-01
3.352653397400266e-03	6.378635e+00	7.151446e-06	-3.189402e-01
3.362653397400266e-03	6.378635e+00	7.151446e-06	-3.189376e-01
3.372653397400265e-03	6.378635e+00	7.151445e-06	-3.189402e-01
3.382653397400265e-03	6.378635e+00	7.151445e-06	-3.189376e-01
3.392653397400265e-03	6.378635e+00	7.151445e-06	-3.189402e-01
3.402653397400265e-03	6.378635e+00	7.151444e-06	-3.189376e-01
3.412653397400265e-03	6.378635e+00	7.151444e-06	-3.189402e-01
3.422653397400265e-03	6.378635e+00	7.151444e-06	-3.189376e-01
3.432653397400265e-03	6.378635e+00	7.151444e-06	-3.189402e-01
3.442653397400265e-03	6.378635e+00	7.151443e-06	-3.189376e-01
3.452653397400265e-03	6.378635e+00	7.151443e-06	-3.189402e-01
3.462653397400265e-03	6.378635e+00	7.151443e-06	-3.189376e-01
3.472653397400265e-03	6.378635e+00	7.151442e-06	-3.189402e-01
3.482653397400266e-03	6.378635e+00	7.151442e-06	-3.189376e-01
3.492653397400266e-03	6.378635e+00	7.151442e-06	-3.189402e-01
3.502653397400266e-03	6.378635e+00	7.151441e-06	-3.189376e-01
3.512653397400266e-03	6.378635e+00	7.151441e-06	-3.189402e-01
3.522653397400266e-03	6.378635e+00	7.151441e-06	-3.189376e-01
3.532653397400265e-03	6.378635e+00	7.151441e-06	-3.189402e-01
3.542653397400265e-03	6.378635e+00	7.151441e-06	-3.189376e-01
3.552653397400265e-03	6.378636e+00	7.151441e-06	-3.189402e-01
3.562653397400265e-03	6.378636e+00	7.151440e-06	-3.189376e-01
3.572653397400265e-03	6.378636e+00	7.151440e-06	-3.189402e-01
3.582653397400265e-03	6.378635e+00	7.151440e-06	-3.189376e-01
3.592653397400265e-03	6.378635e+00	7.151439e-06	-3.189402e-01
3.602653397400265e-03	6.378635e+00	7.151439e-06	-3.189376e-01
3.612653397400265e-03	6.378635e+00	7.151439e-06	-3.189402e-01
3.622653397400265e-03	6.378635e+00	7.151439e-06	-3.189376e-01
3.632653397400265e-03	6.378635e+00	7.151438e-06	-3.189402e-01
3.642653397400266e-03	6.378635e+00	7.151438e-06	-3.189376e-01
3.652653397400266e-03	6.378635e+00	7.151438e-06	-3.189402e-01
3.662653397400266e-03	6.378635e+00	7.151438e-06	-3.189376e-01
3.672653397400266e-03	6.378635e+00	7.151437e-06	-3.189402e-01
3.682653397400266e-03	6.378635e+00	7.151437e-06	-3.189376e-01
3.692653397400265e-03	6.378635e+00	7.151437e-06	-3.189402e-01
3.702653397400265e-03	6.378635e+00	7.151437e-06	-3.189376e-01
3.712653397400265e-03	6.378635e+00	7.151437e-06	-3.189402e-01
3.722653397400265e-03	6.378635e+00	7.151437e-06	-3.189376e-01
3.732653397400265e-03	6.378635e+00	7.151436e-06	-3.189402e-01
3.742653397400265e-03	6.378635e+00	7.151436e-06	-3.189376e-01
3.752653397400265e-03	6.378635e+00	7.151436e-06	-3.189402e-01
3.762653397400265e-03	6.378635e+00	7.151436e-06	-3.189376e-01
3.772653397400265e-03	6.378635e+00	7.151436e-06	-3.189402e-01
3.782653397400265e-03	6.378635e+00	7.151436e-06	-3.189376e-01
3.792653397400265e-03	6.378635e+00	7.151435e-06	-3.189402e-01
3.802653397400265e-03	6.378635e+00	7.151435e-06	-3.189376e-01
3.812653397400266e-03	6.378635e+00	7.151435e-06	-3.189402e-01
3.822653397400266e-03	6.378635e+00	7.151435e-06	-3.189376e-01
3.832653397400266e-03	6.378635e+00	7.151435e-06	-3.189402e-01
3.842653397400266e-03	6.378635e+00	7.151435e-06	-3.189376e-01
3.852653397400265e-03	6.378635e+00	7.151434e-06	-3.189402e-01
3.862653397400265e-03	6.378635e+00	7.151434e-06	-3.189376e-01
3.872653397400265e-03	6.378635e+00	7.151434e-06	-3.189402e-01
3.882653397400265e-03	6.378635e+00	7.151434e-06	-3.189376e-01
3.892653397400265e-03	6.378635e+00	7.151434e-06	-3.189402e-01
3.902653397400265e-03	6.378635e+00	7.151433e-06	-3.189376e-01
3.912653397400266e-03	6.378635e+00	7.151433e-06	-3.189402e-01
3.922653397400265e-03	6.378635e+00	7.151433e-06	-3.189376e-01
3.932653397400265e-03	6.378635e+00	7.151433e-06	-3.189402e-01
3.942653397400265e-03	6.378635e+00	7.151433e-06	-3.189376e-01
3.952653397400265e-03	6.378635e+00	7.151433e-06	-3.189402e-01
3.962653397400265e-03	6.378635e+00	7.151432e-06	-3.189376e-01
3.972653397400265e-03	6.378635e+00	7.151432e-06	-3.189402e-01
3.982653397400266e-03	6.378635e+00	7.151432e-06	-3.189376e-01
3.992653397400265e-03	6.378635e+00	7.151432e-06	-3.189402e-01
4.002653397400266e-03	6.378635e+00	7.151432e-06	-3.189376e-01
4.012653397400265e-03	6.378635e+00	7.151432e-06	-3.189402e-01
4.022653397400266e-03	6.378635e+00	7.151431e-06	-3.189376e-01
4.032653397400265e-03	6.378635e+00	7.151431e-06	-3.189402e-01
4.042653397400266e-03	6.378635e+00	7.151431e-06	-3.189376e-01
4.052653397400265e-03	6.378636e+00	7.151431e-06	-3.189402e-01
4.062653397400266e-03	6.378636e+00	7.151431e-06	-3.189376e-01
4.072653397400265e-03	6.378636e+00	7.151431e-06	-3.189402e-01
4.082653397400266e-03	6.378636e+00	7.151431e-06	-3.189376e-01
4.092653397400265e-03	6.378636e+00	7.151431e-06	-3.189402e-01
4.102653397400265e-03	6.378636e+00	7.151431e-06	-3.189376e-01
4.112653397400265e-03	6.378636e+00	7.151431e-06	-3.189402e-01
4.122653397400265e-03	6.378636e+00	7.151431e-06	-3.189376e-01
4.132653397400265e-03	6.378636e+00	7.151431e-06	-3.189402e-01
4.142653397400265e-03	6.378636e+00	7.151430e-06	-3.189376e-01
4.152653397400266e-03	6.378636e+00	7.151430e-06	-3.189402e-01
4.162653397400265e-03	6.378635e+00	7.151430e-06	-3.189376e-01
4.172653397400266e-03	6.378635e+00	7.151430e-06	-3.189402e-01
4.182653397400265e-03	6.378635e+00	7.151430e-06	-3.189376e-01
4.192653397400266e-03	6.378635e+00	7.151430e-06	-3.189402e-01
4.202653397400265e-03	6.378635e+00	7.151430e-06	-3.189376e-01
4.212653397400266e-03	6.378635e+00	7.151430e-06	-3.189402e-01
4.222653397400265e-03	6.378635e+00	7.151429e-06	-3.189376e-01
4.232653397400266e-03	6.378635e+00	7.151429e-06	-3.189402e-01
4.242653397400265e-03	6.378635e+00	7.151429e-06	-3.189376e-01
4.252653397400265e-03	6.378635e+00	7.151429e-06	-3.189402e-01
4.262653397400265e-03	6.378635e+00	7.151429e-06	-3.189376e-01
4.272653397400265e-03	6.378635e+00	7.151429e-06	-3.189402e-01
4.282653397400265e-03	6.378635e+00	7.151429e-06	-3.189376e-01
4.292653397400265e-03	6.378635e+00	7.151429e-06	-3.189402e-01
4.302653397400266e-03	6.378635e+00	7.151428e-06	-3.189376e-01
4.312653397400265e-03	6.378635e+00	7.151428e-06	-3.189402e-01
4.322653397400266e-03	6.378635e+00	7.151428e-06	-3.189376e-01
4.332653397400265e-03	6.378635e+00	7.151428e-06	-3.189402e-01
4.342653397400266e-03	6.378635e+00	7.151428e-06	-3.189376e-01
4.352653397400265e-03	6.378635e+00	7.151428e-06	-3.189402e-01
4.362653397400266e-03	6.378635e+00	7.151428e-06	-3.189376e-01
4.372653397400265e-03	6.378635e+00	7.151428e-06	-3.189402e-01
4.382653397400266e-03	6.378635e+00	7.151428e-06	-3.189376e-01
4.392653397400265e-03	6.378635e+00	7.151428e-06	-3.189402e-01
4.402653397400266e-03	6.378635e+00	7.151427e-06	-3.189376e-01
4.412653397400265e-03	6.378635e+00	7.151427e-06	-3.189402e-01
4.422653397400265e-03	6.378635e+00	7.151427e-06	-3.189376e-01
4.432653397400265e-03	6.378635e+00	7.151427e-06	-3.189402e-01
4.442653397400265e-03	6.378635e+00	7.151427e-06	-3.189376e-01
4.452653397400265e-03	6.378635e+00	7.151427e-06	-3.189402e-01
4.462653397400265e-03	6.378635e+00	7.151427e-06	-3.189376e-01
4.472653397400266e-03	6.378635e+00	7.151427e-06	-3.189402e-01
4.482653397400265e-03	6.378635e+00	7.151427e-06	-3.189376e-01
4.492653397400266e-03	6.378635e+00	7.151427e-06	-3.189402e-01
4.502653397400265e-03	6.378635e+00	7.151427e-06	-3.189376e-01
4.512653397400266e-03	6.378635e+00	7.151426e-06	-3.189402e-01
4.522653397400265e-03	6.378635e+00	7.151426e-06	-3.189376e-01
4.532653397400266e-03	6.378635e+00	7.151426e-06	-3.189402e-01
4.542653397400265e-03	6.378635e+00	7.151426e-06	-3.189376e-01
4.552653397400266e-03	6.378635e+00	7.151426e-06	-3.189402e-01
4.562653397400265e-03	6.378635e+00	7.151426e-06	-3.189376e-01
4.572653397400265e-03	6.378635e+00	7.151426e-06	-3.189402e-01
4.582653397400265e-03	6.378635e+00	7.151426e-06	-3.189376e-01
4.592653397400265e-03	6.378635e+00	7.151426e-06	-3.189402e-01
4.602653397400265e-03	6.378635e+00	7.151426e-06	-3.189376e-01
4.612653397400265e-03	6.378635e+00	7.151426e-06	-3.189402e-01
4.622653397400265e-03	6.378635e+00	7.151426e-06	-3.189376e-01
4.632653397400265e-03	6.378635e+00	7.151426e-06	-3.189402e-01
4.642653397400266e-03	6.378635e+00	7.151426e-06	-3.189376e-01
4.652653397400265e-03	6.378635e+00	7.151426e-06	-3.189402e-01
4.662653397400266e-03	6.378635e+00	7.151426e-06	-3.189376e-01
4.672653397400265e-03	6.378635e+00	7.151426e-06	-3.189402e-01
4.682653397400266e-03	6.378635e+00	7.151426e-06	-3.189376e-01
4.692653397400265e-03	6.378635e+00	7.151425e-06	-3.189402e-01
4.702653397400266e-03	6.378635e+00	7.151425e-06	-3.189376e-01
4.712653397400265e-03	6.378635e+00	7.151425e-06	-3.189402e-01
4.722653397400266e-03	6.378635e+00	7.151425e-06	-3.189376e-01
4.732653397400265e-03	6.378635e+00	7.151425e-06	-3.189402e-01
4.742653397400265e-03	6.378635e+00	7.151425e-06	-3.189376e-01
4.752653397400265e-03	6.378635e+00	7.151425e-06	-3.189402e-01
4.762653397400265e-03	6.378635e+00	7.151425e-06	-3.189376e-01
4.772653397400265e-03	6.378635e+00	7.151425e-06	-3.189402e-01
4.782653397400265e-03	6.378635e+00	7.151425e-06	-3.189376e-01
4.792653397400265e-03	6.378635e+00	7.151425e-06	-3.189402e-01
4.802653397400265e-03	6.378635e+00	7.151425e-06	-3.189376e-01
4.812653397400266e-03	6.378635e+00	7.151425e-06	-3.189402e-01
4.822653397400265e-03	6.378635e+00	7.151425e-06	-3.189376e-01
4.832653397400266e-03	6.378635e+00	7.151425e-06	-3.189402e-01
4.842653397400265e-03	6.378635e+00	7.151425e-06	-3.189376e-01
4.852653397400266e-03	6.378635e+00	7.151424e-06	-3.189402e-01
4.862653397400265e-03	6.378635e+00	7.151424e-06	-3.189376e-01
4.872653397400266e-03	6.378635e+00	7.151424e-06	-3.189402e-01
4.882653397400265e-03	6.378635e+00	7.151424e-06	-3.189376e-01
4.892653397400265e-03	6.378635e+00	7.151424e-06	-3.189402e-01
4.902653397400265e-03	6.378635e+00	7.151424e-06	-3.189376e-01
4.912653397400265e-03	6.378635e+00	7.151424e-06	-3.189402e-01
4.922653397400265e-03	6.378635e+00	7.151424e-06	-3.189376e-01
4.932653397400265e-03	6.378635e+00	7.151424e-06	-3.189402e-01
4.942653397400265e-03	6.378635e+00	7.151424e-06	-3.189376e-01
4.952653397400265e-03	6.378635e+00	7.151424e-06	-3.189402e-01
4.962653397400266e-03	6.378635e+00	7.151424e-06	-3.189376e-01
4.972653397400265e-03	6.378635e+00	7.151424e-06	-3.189402e-01
4.982653397400266e-03	6.378635e+00	7.151424e-06	-3.189376e-01
4.992653397400265e-03	6.378635e+00	7.151424e-06	-3.189402e-01
5.002653397400266e-03	6.378635e+00	7.151424e-06	-3.189376e-01
5.012653397400265e-03	6.378635e+00	7.151424e-06	-3.189402e-01
5.022653397400266e-03	6.378635e+00	7.151424e-06	-3.189376e-01
5.032653397400265e-03	6.378635e+00	7.151424e-06	-3.189402e-01
5.042653397400266e-03	6.378635e+00	7.151424e-06	-3.189376e-01
5.052653397400265e-03	6.378635e+00	7.151424e-06	-3.189402e-01
5.062653397400265e-03	6.378635e+00	7.151424e-06	-3.189376e-01
5.072653397400265e-03	6.378635e+00	7.151424e-06	-3.189402e-01
5.082653397400265e-03	6.378635e+00	7.151423e-06	-3.189376e-01
5.092653397400265e-03	6.378635e+00	7.151423e-06	-3.189402e-01
5.102653397400265e-03	6.378635e+00	7.151423e-06	-3.189376e-01
5.112653397400265e-03	6.378635e+00	7.151423e-06	-3.189402e-01
5.122653397400265e-03	6.378635e+00	7.151423e-06	-3.189376e-01
5.132653397400266e-03	6.378635e+00	7.151423e-06	-3.189402e-01
5.142653397400265e-03	6.378635e+00	7.151423e-06	-3.189376e-01
5.152653397400266e-03	6.378635e+00	7.151423e-06	-3.189402e-01
5.162653397400265e-03	6.378635e+00	7.151423e-06	-3.189376e-01
5.172653397400266e-03	6.378635e+00	7.151423e-06	-3.189402e-01
5.182653397400265e-03	6.378635e+00	7.151423e-06	-3.189376e-01
5.192653397400266e-03	6.378635e+00	7.151423e-06	-3.189402e-01
5.202653397400265e-03	6.378635e+00	7.151423e-06	-3.189376e-01
5.212653397400265e-03	6.378635e+00	7.151423e-06	-3.189402e-01
5.222653397400265e-03	6.378635e+00	7.151423e-06	-3.189376e-01
5.232653397400265e-03	6.378635e+00	7.151423e-06	-3.189402e-01
5.242653397400265e-03	6.378635e+00	7.151423e-06	-3.189376e-01
5.252653397400265e-03	6.378635e+00	7.151423e-06	-3.189402e-01
5.262653397400265e-03	6.378635e+00	7.151423e-06	-3.189376e-01
5.272653397400265e-03	6.378635e+00	7.151423e-06	-3.189402e-01
5.282653397400265e-03	6.378635e+00	7.151423e-06	-3.189376e-01
5.292653397400265e-03	6.378635e+00	7.151423e-06	-3.189402e-01
5.302653397400266e-03	6.378635e+00	7.151423e-06	-3.189376e-01
5.312653397400265e-03	6.378635e+00	7.151423e-06	-3.189402e-01
5.322653397400266e-03	6.378635e+00	7.151423e-06	-3.189376e-01
5.332653397400265e-03	6.378635e+00	7.151423e-06	-3.189402e-01
5.342653397400266e-03	6.378635e+00	7.151423e-06	-3.189376e-01
5.352653397400265e-03	6.378635e+00	7.151423e-06	-3.189402e-01
5.362653397400266e-03	6.378635e+00	7.151423e-06	-3.189376e-01
5.372653397400265e-03	6.378635e+00	7.151423e-06	-3.189402e-01
5.382653397400265e-03	6.378635e+00	7.151423e-06	-3.189376e-01
5.392653397400265e-03	6.378635e+00	7.151422e-06	-3.189402e-01
5.402653397400265e-03	6.378635e+00	7.151422e-06	-3.189376e-01
5.412653397400265e-03	6.378635e+00	7.151422e-06	-3.189402e-01
5.422653397400265e-03	6.378635e+00	7.151422e-06	-3.189376e-01
5.432653397400265e-03	6.378635e+00	7.151422e-06	-3.189402e-01
5.442653397400265e-03	6.378635e+00	7.151422e-06	-3.189376e-01
5.452653397400265e-03	6.378635e+00	7.151422e-06	-3.189402e-01
5.462653397400265e-03	6.378635e+00	7.151422e-06	-3.189376e-01
5.472653397400266e-03	6.378635e+00	7.151422e-06	-3.189402e-01
5.482653397400265e-03	6.378635e+00	7.151422e-06	-3.189376e-01
5.492653397400266e-03	6.378635e+00	7.151422e-06	-3.189402e-01
5.502653397400265e-03	6.378635e+00	7.151422e-06	-3.189376e-01
5.512653397400266e-03	6.378635e+00	7.151422e-06	-3.189402e-01
5.522653397400265e-03	6.378635e+00	7.151422e-06	-3.189376e-01
5.532653397400265e-03	6.378635e+00	7.151422e-06	-3.189402e-01
5.542653397400265e-03	6.378635e+00	7.151422e-06	-3.189376e-01
5.552653397400265e-03	6.378635e+00	7.151422e-06	-3.189402e-01
5.562653397400265e-03	6.378635e+00	7.151422e-06	-3.189376e-01
5.572653397400265e-03	6.378635e+00	7.151422e-06	-3.189402e-01
5.582653397400265e-03	6.378636e+00	7.151422e-06	-3.189376e-01
5.592653397400265e-03	6.378636e+00	7.151422e-06	-3.189402e-01
5.602653397400265e-03	6.378636e+00	7.151422e-06	-3.189376e-01
5.612653397400265e-03	6.378636e+00	7.151422e-06	-3.189402e-01
5.622653397400265e-03	6.378636e+00	7.151422e-06	-3.189376e-01
5.632653397400265e-03	6.378636e+00	7.151422e-06	-3.189402e-01
5.642653397400266e-03	6.378636e+00	7.151422e-06	-3.189376e-01
5.652653397400265e-03	6.378636e+00	7.151422e-06	-3.189402e-01
5.662653397400266e-03	6.378636e+00	7.151422e-06	-3.189376e-01
5.672653397400265e-03	6.378636e+00	7.151422e-06	-3.189402e-01
5.682653397400266e-03	6.378636e+00	7.151422e-06	-3.189376e-01
5.692653397400265e-03	6.378636e+00	7.151422e-06	-3.189402e-01
5.702653397400265e-03	6.378636e+00	7.151422e-06	-3.189376e-01
5.712653397400265e-03	6.378636e+00	7.151422e-06	-3.189402e-01
5.722653397400265e-03	6.378636e+00	7.151422e-06	-3.189376e-01
5.732653397400265e-03	6.378636e+00	7.151421e-06	-3.189402e-01
5.742653397400265e-03	6.378636e+00	7.151421e-06	-3.189376e-01
5.752653397400265e-03	6.378636e+00	7.151421e-06	-3.189402e-01
5.762653397400265e-03	6.378636e+00	7.151421e-06	-3.189376e-01
5.772653397400265e-03	6.378636e+00	7.151421e-06	-3.189402e-01
5.782653397400265e-03	6.378636e+00	7.151421e-06	-3.189376e-01
5.792653397400266e-03	6.378636e+00	7.151421e-06	-3.189402e-01
5.802653397400265e-03	6.378636e+00	7.151421e-06	-3.189376e-01
5.812653397400266e-03	6.378636e+00	7.151421e-06	-3.189402e-01
5.822653397400265e-03	6.378636e+00	7.151421e-06	-3.189376e-01
5.832653397400266e-03	6.378636e+00	7.151421e-06	-3.189402e-01
5.842653397400265e-03	6.378636e+00	7.151421e-06	-3.189376e-01
5.852653397400265e-03	6.378636e+00	7.151421e-06	-3.189402e-01
5.862653397400265e-03	6.378636e+00	7.151421e-06	-3.189376e-01
5.872653397400265e-03	6.378636e+00	7.151421e-06	-3.189402e-01
5.882653397400265e-03	6.378636e+00	7.151421e-06	-3.189376e-01
5.892653397400265e-03	6.378636e+00	7.151421e-06	-3.189402e-01
5.902653397400265e-03	6.378636e+00	7.151421e-06	-3.189376e-01
5.912653397400265e-03	6.378636e+00	7.151421e-06	-3.189402e-01
5.922653397400265e-03	6.378636e+00	7.151421e-06	-3.189376e-01
5.932653397400265e-03	6.378636e+00	7.151421e-06	-3.189402e-01
5.942653397400265e-03	6.378636e+00	7.151421e-06	-3.189376e-01
5.952653397400265e-03	6.378636e+00	7.151421e-06	-3.189402e-01
5.962653397400266e-03	6.378636e+00	7.151421e-06	-3.189376e-01
5.972653397400265e-03	6.378636e+00	7.151421e-06	-3.189402e-01
5.982653397400266e-03	6.378636e+00	7.151421e-06	-3.189376e-01
5.992653397400265e-03	6.378636e+00	7.151421e-06	-3.189402e-01
6.002653397400266e-03	6.378636e+00	7.151421e-06	-3.189376e-01
6.012653397400265e-03	6.378636e+00	7.151421e-06	-3.189402e-01
6.022653397400265e-03	6.378636e+00	7.151421e-06	-3.189376e-01
6.032653397400265e-03	6.378636e+00	7.151421e-06	-3.189402e-01
6.042653397400265e-03	6.378636e+00	7.151421e-06	-3.189376e-01
6.052653397400265e-03	6.378636e+00	7.151421e-06	-3.189402e-01
6.062653397400265e-03	6.378636e+00	7.151421e-06	-3.189376e-01
6.072653397400265e-03	6.378636e+00	7.151421e-06	-3.189402e-01
6.082653397400265e-03	6.378636e+00	7.151421e-06	-3.189376e-01
6.092653397400265e-03	6.378636e+00	7.151421e-06	-3.189402e-01
6.102653397400265e-03	6.378636e+00	7.151421e-06	-3.189376e-01
6.112653397400265e-03	6.378636e+00	7.151421e-06	-3.189402e-01
6.122653397400265e-03	6.378636e+00	7.151421e-06	-3.189376e-01
6.132653397400266e-03	6.378636e+00	7.151421e-06	-3.189402e-01
6.142653397400265e-03	6.378636e+00	7.151421e-06	-3.189376e-01
6.152653397400266e-03	6.378636e+00	7.151421e-06	-3.189402e-01
6.162653397400265e-03	6.378636e+00	7.151421e-06	-3.189376e-01
6.172653397400265e-03	6.378636e+00	7.151421e-06	-3.189402e-01
6.182653397400265e-03	6.378636e+00	7.151421e-06	-3.189376e-01
6.192653397400265e-03	6.378636e+00	7.151421e-06	-3.189402e-01
6.202653397400265e-03	6.378636e+00	7.151421e-06	-3.189376e-01
6.212653397400265e-03	6.378636e+00	7.151421e-06	-3.189402e-01
6.222653397400265e-03	6.378636e+00	7.151421e-06	-3.189376e-01
6.232653397400265e-03	6.378636e+00	7.151421e-06	-3.189402e-01
6.242653397400265e-03	6.378636e+00	7.151421e-06	-3.189376e-01
6.252653397400265e-03	6.378636e+00	7.151421e-06	-3.189402e-01
6.262653397400265e-03	6.378636e+00	7.151421e-06	-3.189376e-01
6.272653397400265e-03	6.378636e+00	7.151421e-06	-3.189402e-01
6.282653397400265e-03	6.378636e+00	7.151421e-06	-3.189376e-01
6.292653397400265e-03	6.378636e+00	7.151421e-06	-3.189402e-01
6.302653397400266e-03	6.378636e+00	7.151421e-06	-3.189376e-01
6.312653397400265e-03	6.378636e+00	7.151421e-06	-3.189402e-01
6.322653397400266e-03	6.378636e+00	7.151421e-06	-3.189376e-01
6.332653397400265e-03	6.378636e+00	7.151421e-06	-3.189402e-01
6.342653397400265e-03	6.378636e+00	7.151421e-06	-3.189376e-01
6.352653397400265e-03	6.378636e+00	7.151421e-06	-3.189402e-01
6.362653397400265e-03	6.378636e+00	7.151421e-06	-3.189376e-01
6.372653397400265e-03	6.378636e+00	7.151421e-06	-3.189402e-01
6.382653397400265e-03	6.378636e+00	7.151421e-06	-3.189376e-01
6.392653397400265e-03	6.378636e+00	7.151421e-06	-3.189402e-01
6.402653397400265e-03	6.378636e+00	7.151421e-06	-3.189376e-01
6.412653397400265e-03	6.378636e+00	7.151421e-06	-3.189402e-01
6.422653397400265e-03	6.378636e+00	7.151421e-06	-3.189376e-01
6.432653397400265e-03	6.378636e+00	7.151421e-06	-3.189402e-01
6.442653397400265e-03	6.378636e+00	7.151421e-06	-3.189376e-01
6.452653397400266e-03	6.378636e+00	7.151421e-06	-3.189402e-01
6.462653397400265e-03	6.378636e+00	7.151421e-06	-3.189376e-01
6.472653397400266e-03	6.378636e+00	7.151421e-06	-3.189402e-01
6.482653397400265e-03	6.378636e+00	7.151421e-06	-3.189376e-01
6.492653397400265e-03	6.378636e+00	7.151421e-06	-3.189402e-01
6.502653397400265e-03	6.378636e+00	7.151421e-06	-3.189376e-01
6.512653397400265e-03	6.378636e+00	7.151421e-06	-3.189402e-01
6.522653397400265e-03	6.378636e+00	7.151421e-06	-3.189376e-01
6.532653397400265e-03	6.378636e+00	7.151421e-06	-3.189402e-01
6.542653397400265e-03	6.378636e+00	7.151421e-06	-3.189376e-01
6.552653397400265e-03	6.378636e+00	7.151421e-06	-3.189402e-01
6.562653397400265e-03	6.378636e+00	7.151421e-06	-3.189376e-01
6.572653397400265e-03	6.378636e+00	7.151421e-06	-3.189402e-01
6.582653397400265e-03	6.378636e+00	7.151421e-06	-3.189376e-01
6.592653397400265e-03	6.378636e+00	7.151421e-06	-3.189402e-01
6.602653397400265e-03	6.378636e+00	7.151421e-06	-3.189376e-01
6.612653397400265e-03	6.378636e+00	7.151421e-06	-3.189402e-01
6.622653397400266e-03	6.378636e+00	7.151421e-06	-3.189376e-01
6.632653397400265e-03	6.378636e+00	7.151421e-06	-3.189402e-01
6.642653397400266e-03	6.378636e+00	7.151421e-06	-3.189376e-01
6.652653397400265e-03	6.378636e+00	7.151421e-06	-3.189402e-01
6.662653397400265e-03	6.378636e+00	7.151421e-06	-3.189376e-01
6.672653397400265e-03	6.378636e+00	7.151421e-06	-3.189402e-01
6.682653397400265e-03	6.378636e+00	7.151421e-06	-3.189376e-01
6.692653397400265e-03	6.378636e+00	7.151421e-06	-3.189402e-01
6.702653397400265e-03	6.378636e+00	7.151421e-06	-3.189376e-01
6.712653397400265e-03	6.378636e+00	7.151421e-06	-3.189402e-01
6.722653397400265e-03	6.378636e+00	7.151421e-06	-3.189376e-01
6.732653397400265e-03	6.378636e+00	7.151421e-06	-3.189402e-01
6.742653397400265e-03	6.378636e+00	7.151421e-06	-3.189376e-01
6.752653397400265e-03	6.378636e+00	7.151421e-06	-3.189402e-01
6.762653397400265e-03	6.378636e+00	7.151421e-06	-3.189376e-01
6.772653397400265e-03	6.378636e+00	7.151421e-06	-3.189402e-01
6.782653397400265e-03	6.378636e+00	7.151421e-06	-3.189376e-01
6.792653397400266e-03	6.378636e+00	7.151421e-06	-3.189402e-01
6.802653397400265e-03	6.378636e+00	7.151421e-06	-3.189376e-01
6.812653397400265e-03	6.378636e+00	7.151421e-06	-3.189402e-01
6.822653397400265e-03	6.378636e+00	7.151421e-06	-3.189376e-01
6.832653397400265e-03	6.378636e+00	7.151421e-06	-3.189402e-01
6.842653397400265e-03	6.378636e+00	7.151421e-06	-3.189376e-01
6.852653397400265e-03	6.378636e+00	7.151421e-06	-3.189402e-01
6.862653397400265e-03	6.378636e+00	7.151421e-06	-3.189376e-01
6.872653397400265e-03	6.378636e+00	7.151421e-06	-3.189402e-01
6.882653397400265e-03	6.378636e+00	7.151421e-06	-3.189376e-01
6.892653397400265e-03	6.378636e+00	7.151421e-06	-3.189402e-01
6.902653397400265e-03	6.378636e+00	7.151421e-06	-3.189376e-01
6.912653397400265e-03	6.378636e+00	7.151421e-06	-3.189402e-01
6.922653397400265e-03	6.378636e+00	7.151421e-06	-3.189376e-01
6.932653397400265e-03	6.378636e+00	7.151421e-06	-3.189402e-01
6.942653397400265e-03	6.378636e+00	7.151421e-06	-3.189376e-01
6.952653397400265e-03	6.378636e+00	7.151421e-06	-3.189402e-01
6.962653397400266e-03	6.378636e+00	7.151421e-06	-3.189376e-01
6.972653397400265e-03	6.378636e+00	7.151421e-06	-3.189402e-01
6.982653397400265e-03	6.378636e+00	7.151421e-06	-3.189376e-01
6.992653397400265e-03	6.378636e+00	7.151421e-06	-3.189402e-01
7.002653397400265e-03	6.378636e+00	7.151421e-06	-3.189376e-01
7.012653397400265e-03	6.378636e+00	7.151421e-06	-3.189402e-01
7.022653397400265e-03	6.378636e+00	7.151421e-06	-3.189376e-01
7.032653397400265e-03	6.378636e+00	7.151421e-06	-3.189402e-01
7.042653397400265e-03	6.378636e+00	7.151421e-06	-3.189376e-01
7.052653397400265e-03	6.378636e+00	7.151421e-06	-3.189402e-01
7.062653397400265e-03	6.378636e+00	7.151421e-06	-3.189376e-01
7.072653397400265e-03	6.378636e+00	7.151421e-06	-3.189402e-01
7.082653397400265e-03	6.378636e+00	7.151421e-06	-3.189376e-01
7.092653397400265e-03	6.378636e+00	7.151421e-06	-3.189402e-01
7.102653397400265e-03	6.378636e+00	7.151421e-06	-3.189376e-01
7.112653397400266e-03	6.378636e+00	7.151421e-06	-3.189402e-01
7.122653397400265e-03	6.378636e+00	7.151421e-06	-3.189376e-01
7.132653397400265e-03	6.378636e+00	7.151421e-06	-3.189402e-01
7.142653397400265e-03	6.378636e+00	7.151421e-06	-3.189376e-01
7.152653397400265e-03	6.378636e+00	7.151421e-06	-3.189402e-01
7.162653397400265e-03	6.378636e+00	7.151421e-06	-3.189376e-01
7.172653397400265e-03	6.378636e+00	7.151421e-06	-3.189402e-01
7.182653397400265e-03	6.378636e+00	7.151421e-06	-3.189376e-01
7.192653397400265e-03	6.378636e+00	7.151421e-06	-3.189402e-01
7.202653397400265e-03	6.378636e+00	7.151421e-06	-3.189376e-01
7.212653397400265e-03	6.378636e+00	7.151421e-06	-3.189402e-01
7.222653397400265e-03	6.378636e+00	7.151421e-06	-3.189376e-01
7.232653397400265e-03	6.378636e+00	7.151421e-06	-3.189402e-01
7.242653397400265e-03	6.378636e+00	7.151421e-06	-3.189376e-01
7.252653397400265e-03	6.378636e+00	7.151421e-06	-3.189402e-01
7.262653397400265e-03	6.378636e+00	7.151421e-06	-3.189376e-01
7.272653397400265e-03	6.378636e+00	7.151421e-06	-3.189402e-01
7.282653397400266e-03	6.378635e+00	7.151421e-06	-3.189376e-01
7.292653397400265e-03	6.378635e+00	7.151421e-06	-3.189402e-01
7.302653397400265e-03	6.378635e+00	7.151421e-06	-3.189376e-01
7.312653397400265e-03	6.378635e+00	7.151421e-06	-3.189402e-01
7.322653397400265e-03	6.378635e+00	7.151421e-06	-3.189376e-01
7.332653397400265e-03	6.378635e+00	7.151421e-06	-3.189402e-01
7.342653397400265e-03	6.378635e+00	7.151421e-06	-3.189376e-01
7.352653397400265e-03	6.378635e+00	7.151421e-06	-3.189402e-01
7.362653397400265e-03	6.378635e+00	7.151421e-06	-3.189376e-01
7.372653397400265e-03	6.378635e+00	7.151421e-06	-3.189402e-01
7.382653397400265e-03	6.378635e+00	7.151421e-06	-3.189376e-01
7.392653397400265e-03	6.378635e+00	7.151421e-06	-3.189402e-01
7.402653397400265e-03	6.378635e+00	7.151421e-06	-3.189376e-01
7.412653397400265e-03	6.378635e+00	7.151421e-06	-3.189402e-01
7.422653397400265e-03	6.378635e+00	7.151421e-06	-3.189376e-01
7.432653397400265e-03	6.378635e+00	7.151421e-06	-3.189402e-01
7.442653397400265e-03	6.378635e+00	7.151421e-06	-3.189376e-01
7.452653397400265e-03	6.378635e+00	7.151421e-06	-3.189402e-01
7.462653397400265e-03	6.378635e+00	7.151421e-06	-3.189376e-01
7.472653397400265e-03	6.378635e+00	7.151421e-06	-3.189402e-01
7.482653397400265e-03	6.378636e+00	7.151421e-06	-3.189376e-01
7.492653397400265e-03	6.378636e+00	7.151421e-06	-3.189402e-01
7.502653397400265e-03	6.378636e+00	7.151421e-06	-3.189376e-01
7.512653397400265e-03	6.378636e+00	7.151421e-06	-3.189402e-01
7.522653397400265e-03	6.378636e+00	7.151421e-06	-3.189376e-01
7.532653397400265e-03	6.378636e+00	7.151421e-06	-3.189402e-01
7.542653397400265e-03	6.378636e+00	7.151421e-06	-3.189376e-01
7.552653397400265e-03	6.378636e+00	7.151421e-06	-3.189402e-01
7.562653397400265e-03	6.378636e+00	7.151421e-06	-3.189376e-01
7.572653397400265e-03	6.378636e+00	7.151421e-06	-3.189402e-01
7.582653397400265e-03	6.378636e+00	7.151421e-06	-3.189376e-01
7.592653397400265e-03	6.378636e+00	7.151421e-06	-3.189402e-01
7.602653397400265e-03	6.378636e+00	7.151421e-06	-3.189376e-01
7.612653397400265e-03	6.378636e+00	7.151421e-06	-3.189402e-01
7.622653397400265e-03	6.378636e+00	7.151421e-06	-3.189376e-01
7.632653397400265e-03	6.378636e+00	7.151421e-06	-3.189402e-01
7.642653397400265e-03	6.378636e+00	7.151421e-06	-3.189376e-01
7.652653397400265e-03	6.378636e+00	7.151421e-06	-3.189402e-01
7.662653397400265e-03	6.378636e+00	7.151421e-06	-3.189376e-01
7.672653397400265e-03	6.378636e+00	7.151421e-06	-3.189402e-01
7.682653397400265e-03	6.378636e+00	7.151421e-06	-3.189376e-01
7.692653397400265e-03	6.378636e+00	7.151421e-06	-3.189402e-01
7.702653397400265e-03	6.378636e+00	7.151421e-06	-3.189376e-01
7.712653397400265e-03	6.378636e+00	7.151421e-06	-3.189402e-01
7.722653397400265e-03	6.378636e+00	7.151421e-06	-3.189376e-01
7.732653397400265e-03	6.378636e+00	7.151421e-06	-3.189402e-01
7.742653397400265e-03	6.378636e+00	7.151421e-06	-3.189376e-01
7.752653397400265e-03	6.378636e+00	7.151421e-06	-3.189402e-01
7.762653397400265e-03	6.378636e+00	7.151421e-06	-3.189376e-01
7.772653397400265e-03	6.378636e+00	7.151421e-06	-3.189402e-01
7.782653397400265e-03	6.378636e+00	7.151421e-06	-3.189376e-01
7.792653397400265e-03	6.378636e+00	7.151421e-06	-3.189402e-01
7.802653397400265e-03	6.378636e+00	7.151421e-06	-3.189376e-01
7.812653397400265e-03	6.378636e+00	7.151421e-06	-3.189402e-01
7.822653397400264e-03	6.378636e+00	7.151421e-06	-3.189376e-01
7.832653397400266e-03	6.378636e+00	7.151421e-06	-3.189402e-01
7.842653397400265e-03	6.378636e+00	7.151421e-06	-3.189376e-01
7.852653397400265e-03	6.378636e+00	7.151421e-06	-3.189402e-01
7.862653397400264e-03	6.378636e+00	7.151421e-06	-3.189376e-01
7.872653397400266e-03	6.378636e+00	7.151421e-06	-3.189402e-01
7.882653397400265e-03	6.378636e+00	7.151421e-06	-3.189376e-01
7.892653397400265e-03	6.378636e+00	7.151421e-06	-3.189402e-01
7.902653397400265e-03	6.378636e+00	7.151421e-06	-3.189376e-01
7.912653397400266e-03	6.378636e+00	7.151421e-06	-3.189402e-01
7.922653397400265e-03	6.378636e+00	7.151421e-06	-3.189376e-01
7.932653397400265e-03	6.378636e+00	7.151421e-06	-3.189402e-01
7.942653397400265e-03	6.378636e+00	7.151421e-06	-3.189376e-01
7.952653397400264e-03	6.378636e+00	7.151421e-06	-3.189402e-01
7.962653397400266e-03	6.378636e+00	7.151421e-06	-3.189376e-01
7.972653397400265e-03	6.378636e+00	7.151421e-06	-3.189402e-01
7.982653397400265e-03	6.378636e+00	7.151421e-06	-3.189376e-01
7.992653397400264e-03	6.378636e+00	7.151421e-06	-3.189402e-01
8.002653397400266e-03	6.378636e+00	7.151421e-06	-3.189376e-01
8.012653397400265e-03	6.378636e+00	7.151421e-06	-3.189402e-01
8.022653397400265e-03	6.378636e+00	7.151421e-06	-3.189376e-01
8.032653397400264e-03	6.378636e+00	7.151421e-06	-3.189402e-01
8.042653397400266e-03	6.378636e+00	7.151421e-06	-3.189376e-01
8.052653397400265e-03	6.378636e+00	7.151421e-06	-3.189402e-01
8.062653397400265e-03	6.378636e+00	7.151421e-06	-3.189376e-01
8.072653397400265e-03	6.378636e+00	7.151421e-06	-3.189402e-01
8.082653397400266e-03	6.378636e+00	7.151421e-06	-3.189376e-01
8.092653397400265e-03	6.378636e+00	7.151421e-06	-3.189402e-01
8.102653397400265e-03	6.378636e+00	7.151421e-06	-3.189376e-01
8.112653397400265e-03	6.378636e+00	7.151421e-06	-3.189402e-01
8.122653397400264e-03	6.378636e+00	7.151421e-06	-3.189376e-01
8.132653397400266e-03	6.378636e+00	7.151421e-06	-3.189402e-01
8.142653397400265e-03	6.378636e+00	7.151421e-06	-3.189376e-01
8.152653397400265e-03	6.378636e+00	7.151421e-06	-3.189402e-01
8.162653397400264e-03	6.378636e+00	7.151421e-06	-3.189376e-01
8.172653397400266e-03	6.378636e+00	7.151421e-06	-3.189402e-01
8.182653397400265e-03	6.378636e+00	7.151421e-06	-3.189376e-01
8.192653397400265e-03	6.378636e+00	7.151421e-06	-3.189402e-01
8.202653397400264e-03	6.378636e+00	7.151421e-06	-3.189376e-01
8.212653397400266e-03	6.378636e+00	7.151421e-06	-3.189402e-01
8.222653397400265e-03	6.378636e+00	7.151421e-06	-3.189376e-01
8.232653397400265e-03	6.378636e+00	7.151421e-06	-3.189402e-01
8.242653397400265e-03	6.378636e+00	7.151421e-06	-3.189376e-01
8.252653397400264e-03	6.378636e+00	7.151421e-06	-3.189402e-01
8.262653397400265e-03	6.378636e+00	7.151421e-06	-3.189376e-01
8.272653397400265e-03	6.378636e+00	7.151421e-06	-3.189402e-01
8.282653397400265e-03	6.378636e+00	7.151421e-06	-3.189376e-01
8.292653397400264e-03	6.378636e+00	7.151421e-06	-3.189402e-01
8.302653397400266e-03	6.378636e+00	7.151421e-06	-3.189376e-01
8.312653397400265e-03	6.378636e+00	7.151421e-06	-3.189402e-01
8.322653397400265e-03	6.378636e+00	7.151421e-06	-3.189376e-01
8.332653397400264e-03	6.378636e+00	7.151421e-06	-3.189402e-01
8.342653397400266e-03	6.378636e+00	7.151421e-06	-3.189376e-01
8.352653397400265e-03	6.378636e+00	7.151421e-06	-3.189402e-01
8.362653397400265e-03	6.378636e+00	7.151421e-06	-3.189376e-01
8.372653397400264e-03	6.378636e+00	7.151421e-06	-3.189402e-01
8.382653397400266e-03	6.378635e+00	7.151421e-06	-3.189376e-01
8.392653397400265e-03	6.378635e+00	7.151421e-06	-3.189402e-01
8.402653397400265e-03	6.378635e+00	7.151421e-06	-3.189376e-01
8.412653397400265e-03	6.378635e+00	7.151421e-06	-3.189402e-01
8.422653397400264e-03	6.378635e+00	7.151421e-06	-3.189376e-01
8.432653397400265e-03	6.378635e+00	7.151421e-06	-3.189402e-01
8.442653397400265e-03	6.378635e+00	7.151421e-06	-3.189376e-01
8.452653397400265e-03	6.378635e+00	7.151421e-06	-3.189402e-01
8.462653397400264e-03	6.378635e+00	7.151421e-06	-3.189376e-01
8.472653397400266e-03	6.378635e+00	7.151421e-06	-3.189402e-01
8.482653397400265e-03	6.378635e+00	7.151421e-06	-3.189376e-01
8.492653397400265e-03	6.378635e+00	7.151421e-06	-3.189402e-01
8.502653397400264e-03	6.378635e+00	7.151421e-06	-3.189376e-01
8.512653397400266e-03	6.378635e+00	7.151421e-06	-3.189402e-01
8.522653397400265e-03	6.378635e+00	7.151421e-06	-3.189376e-01
8.532653397400265e-03	6.378635e+00	7.151421e-06	-3.189402e-01
8.542653397400264e-03	6.378635e+00	7.151421e-06	-3.189376e-01
8.552653397400266e-03	6.378635e+00	7.151421e-06	-3.189402e-01
8.562653397400265e-03	6.378635e+00	7.151421e-06	-3.189376e-01
8.572653397400265e-03	6.378635e+00	7.151421e-06	-3.189402e-01
8.582653397400265e-03	6.378635e+00	7.151421e-06	-3.189376e-01
8.592653397400264e-03	6.378635e+00	7.151421e-06	-3.189402e-01
8.602653397400266e-03	6.378635e+00	7.151421e-06	-3.189376e-01
8.612653397400265e-03	6.378635e+00	7.151421e-06	-3.189402e-01
8.622653397400265e-03	6.378635e+00	7.151421e-06	-3.189376e-01
8.632653397400264e-03	6.378635e+00	7.151421e-06	-3.189402e-01
8.642653397400266e-03	6.378635e+00	7.151421e-06	-3.189376e-01
8.652653397400265e-03	6.378635e+00	7.151421e-06	-3.189402e-01
8.662653397400265e-03	6.378635e+00	7.151421e-06	-3.189376e-01
8.672653397400264e-03	6.378635e+00	7.151421e-06	-3.189402e-01
8.682653397400266e-03	6.378635e+00	7.151421e-06	-3.189376e-01
8.692653397400265e-03	6.378635e+00	7.151421e-06	-3.189402e-01
8.702653397400265e-03	6.378635e+00	7.151421e-06	-3.189376e-01
8.712653397400264e-03	6.378635e+00	7.151421e-06	-3.189402e-01
8.722653397400266e-03	6.378635e+00	7.151421e-06	-3.189376e-01
8.732653397400265e-03	6.378635e+00	7.151421e-06	-3.189402e-01
8.742653397400265e-03	6.378635e+00	7.151421e-06	-3.189376e-01
8.752653397400265e-03	6.378635e+00	7.151421e-06	-3.189402e-01
8.762653397400264e-03	6.378635e+00	7.151421e-06	-3.189376e-01
8.772653397400266e-03	6.378635e+00	7.151421e-06	-3.189402e-01
8.782653397400265e-03	6.378635e+00	7.151421e-06	-3.189376e-01
8.792653397400265e-03	6.378635e+00	7.151421e-06	-3.189402e-01
8.802653397400264e-03	6.378635e+00	7.151421e-06	-3.189376e-01
8.812653397400266e-03	6.378635e+00	7.151421e-06	-3.189402e-01
8.822653397400265e-03	6.378635e+00	7.151421e-06	-3.189376e-01
8.832653397400265e-03	6.378635e+00	7.151421e-06	-3.189402e-01
8.842653397400264e-03	6.378635e+00	7.151421e-06	-3.189376e-01
8.852653397400266e-03	6.378635e+00	7.151421e-06	-3.189402e-01
8.862653397400265e-03	6.378635e+00	7.151421e-06	-3.189376e-01
8.872653397400265e-03	6.378635e+00	7.151421e-06	-3.189402e-01
8.882653397400265e-03	6.378635e+00	7.151421e-06	-3.189376e-01
8.892653397400264e-03	6.378635e+00	7.151421e-06	-3.189402e-01
8.902653397400265e-03	6.378635e+00	7.151421e-06	-3.189376e-01
8.912653397400265e-03	6.378635e+00	7.151421e-06	-3.189402e-01
8.922653397400265e-03	6.378635e+00	7.151421e-06	-3.189376e-01
8.932653397400264e-03	6.378635e+00	7.151421e-06	-3.189402e-01
8.942653397400266e-03	6.378635e+00	7.151421e-06	-3.189376e-01
8.952653397400265e-03	6.378635e+00	7.151421e-06	-3.189402e-01
8.962653397400265e-03	6.378635e+00	7.151421e-06	-3.189376e-01
8.972653397400264e-03	6.378635e+00	7.151421e-06	-3.189402e-01
8.982653397400266e-03	6.378635e+00	7.151421e-06	-3.189376e-01
8.992653397400265e-03	6.378635e+00	7.151421e-06	-3.189402e-01
9.002653397400265e-03	6.378635e+00	7.151421e-06	-3.189376e-01
9.012653397400264e-03	6.378635e+00	7.151421e-06	-3.189402e-01
9.022653397400266e-03	6.378635e+00	7.151421e-06	-3.189376e-01
9.032653397400265e-03	6.378635e+00	7.151421e-06	-3.189402e-01
9.042653397400265e-03	6.378635e+00	7.151421e-06	-3.189376e-01
9.052653397400265e-03	6.378635e+00	7.151421e-06	-3.189402e-01
9.062653397400264e-03	6.378635e+00	7.151421e-06	-3.189376e-01
9.072653397400265e-03	6.378635e+00	7.151421e-06	-3.189402e-01
9.082653397400265e-03	6.378635e+00	7.151421e-06	-3.189376e-01
9.092653397400265e-03	6.378635e+00	7.151421e-06	-3.189402e-01
9.102653397400264e-03	6.378635e+00	7.151421e-06	-3.189376e-01
9.112653397400266e-03	6.378635e+00	7.151421e-06	-3.189402e-01
9.122653397400265e-03	6.378635e+00	7.151421e-06	-3.189376e-01
9.132653397400265e-03	6.378635e+00	7.151421e-06	-3.189402e-01
9.142653397400264e-03	6.378635e+00	7.151421e-06	-3.189376e-01
9.152653397400266e-03	6.378635e+00	7.151421e-06	-3.189402e-01
9.162653397400265e-03	6.378635e+00	7.151421e-06	-3.189376e-01
9.172653397400265e-03	6.378635e+00	7.151421e-06	-3.189402e-01
9.182653397400264e-03	6.378635e+00	7.151421e-06	-3.189376e-01
9.192653397400266e-03	6.378635e+00	7.151421e-06	-3.189402e-01
9.202653397400265e-03	6.378635e+00	7.151421e-06	-3.189376e-01
9.212653397400265e-03	6.378635e+00	7.151421e-06	-3.189402e-01
9.222653397400265e-03	6.378635e+00	7.151421e-06	-3.189376e-01
9.232653397400264e-03	6.378635e+00	7.151421e-06	-3.189402e-01
9.242653397400265e-03	6.378635e+00	7.151421e-06	-3.189376e-01
9.252653397400265e-03	6.378635e+00	7.151421e-06	-3.189402e-01
9.262653397400265e-03	6.378635e+00	7.151421e-06	-3.189376e-01
9.272653397400264e-03	6.378635e+00	7.151421e-06	-3.189402e-01
9.282653397400266e-03	6.378635e+00	7.151421e-06	-3.189376e-01
9.292653397400265e-03	6.378635e+00	7.151421e-06	-3.189402e-01
9.302653397400265e-03	6.378635e+00	7.151421e-06	-3.189376e-01
9.312653397400264e-03	6.378635e+00	7.151421e-06	-3.189402e-01
9.322653397400266e-03	6.378635e+00	7.151421e-06	-3.189376e-01
9.332653397400265e-03	6.378635e+00	7.151421e-06	-3.189402e-01
9.342653397400265e-03	6.378635e+00	7.151421e-06	-3.189376e-01
9.352653397400264e-03	6.378635e+00	7.151421e-06	-3.189402e-01
9.362653397400266e-03	6.378635e+00	7.151421e-06	-3.189376e-01
9.372653397400265e-03	6.378635e+00	7.151421e-06	-3.189402e-01
9.382653397400265e-03	6.378635e+00	7.151421e-06	-3.189376e-01
9.392653397400265e-03	6.378635e+00	7.151421e-06	-3.189402e-01
9.402653397400264e-03	6.378636e+00	7.151421e-06	-3.189376e-01
9.412653397400265e-03	6.378636e+00	7.151421e-06	-3.189402e-01
9.422653397400265e-03	6.378636e+00	7.151421e-06	-3.189376e-01
9.432653397400265e-03	6.378636e+00	7.151421e-06	-3.189402e-01
9.442653397400264e-03	6.378636e+00	7.151421e-06	-3.189376e-01
9.452653397400266e-03	6.378636e+00	7.151421e-06	-3.189402e-01
9.462653397400265e-03	6.378636e+00	7.151421e-06	-3.189376e-01
9.472653397400265e-03	6.378636e+00	7.151421e-06	-3.189402e-01
9.482653397400264e-03	6.378636e+00	7.151421e-06	-3.189376e-01
9.492653397400266e-03	6.378636e+00	7.151421e-06	-3.189402e-01
9.502653397400265e-03	6.378636e+00	7.151421e-06	-3.189376e-01
9.512653397400265e-03	6.378636e+00	7.151421e-06	-3.189402e-01
9.522653397400264e-03	6.378636e+00	7.151421e-06	-3.189376e-01
9.532653397400264e-03	6.378636e+00	7.151421e-06	-3.189402e-01
9.542653397400265e-03	6.378636e+00	7.151421e-06	-3.189376e-01
9.552653397400265e-03	6.378636e+00	7.151421e-06	-3.189402e-01
9.562653397400265e-03	6.378636e+00	7.151421e-06	-3.189376e-01
9.572653397400264e-03	6.378636e+00	7.151421e-06	-3.189402e-01
9.582653397400265e-03	6.378636e+00	7.151421e-06	-3.189376e-01
9.592653397400265e-03	6.378636e+00	7.151421e-06	-3.189402e-01
9.602653397400265e-03	6.378636e+00	7.151421e-06	-3.189376e-01
9.612653397400264e-03	6.378636e+00	7.151421e-06	-3.189402e-01
9.622653397400266e-03	6.378636e+00	7.151421e-06	-3.189376e-01
9.632653397400265e-03	6.378636e+00	7.151421e-06	-3.189402e-01
9.642653397400265e-03	6.378636e+00	7.151421e-06	-3.189376e-01
9.652653397400264e-03	6.378636e+00	7.151421e-06	-3.189402e-01
9.662653397400266e-03	6.378636e+00	7.151421e-06	-3.189376e-01
9.672653397400265e-03	6.378636e+00	7.151421e-06	-3.189402e-01
9.682653397400265e-03	6.378636e+00	7.151421e-06	-3.189376e-01
9.692653397400264e-03	6.378636e+00	7.151421e-06	-3.189402e-01
9.702653397400264e-03	6.378636e+00	7.151421e-06	-3.189376e-01
9.712653397400265e-03	6.378636e+00	7.151421e-06	-3.189402e-01
9.722653397400265e-03	6.378636e+00	7.151421e-06	-3.189376e-01
9.732653397400265e-03	6.378636e+00	7.151421e-06	-3.189402e-01
9.742653397400264e-03	6.378636e+00	7.151421e-06	-3.189376e-01
9.752653397400265e-03	6.378636e+00	7.151421e-06	-3.189402e-01
9.762653397400265e-03	6.378636e+00	7.151421e-06	-3.189376e-01
9.772653397400265e-03	6.378635e+00	7.151421e-06	-3.189402e-01
9.782653397400264e-03	6.378635e+00	7.151421e-06	-3.189376e-01
9.792653397400266e-03	6.378635e+00	7.151421e-06	-3.189402e-01
9.802653397400265e-03	6.378635e+00	7.151421e-06	-3.189376e-01
9.812653397400265e-03	6.378635e+00	7.151421e-06	-3.189402e-01
9.822653397400264e-03	6.378635e+00	7.151421e-06	-3.189376e-01
9.832653397400266e-03	6.378635e+00	7.151421e-06	-3.189402e-01
9.842653397400265e-03	6.378635e+00	7.151421e-06	-3.189376e-01
9.852653397400265e-03	6.378635e+00	7.151421e-06	-3.189402e-01
9.862653397400264e-03	6.378635e+00	7.151421e-06	-3.189376e-01
9.872653397400264e-03	6.378635e+00	7.151421e-06	-3.189402e-01
9.882653397400265e-03	6.378635e+00	7.151421e-06	-3.189376e-01
9.892653397400265e-03	6.378635e+00	7.151421e-06	-3.189402e-01
9.902653397400265e-03	6.378635e+00	7.151421e-06	-3.189376e-01
9.912653397400264e-03	6.378635e+00	7.151421e-06	-3.189402e-01
9.922653397400266e-03	6.378635e+00	7.151421e-06	-3.189376e-01
9.932653397400265e-03	6.378635e+00	7.151421e-06	-3.189402e-01
9.942653397400265e-03	6.378635e+00	7.151421e-06	-3.189376e-01
9.952653397400264e-03	6.378635e+00	7.151421e-06	-3.189402e-01
9.962653397400266e-03	6.378635e+00	7.151421e-06	-3.189376e-01
9.972653397400265e-03	6.378635e+00	7.151421e-06	-3.189402e-01
9.982653397400265e-03	6.378635e+00	7.151421e-06	-3.189376e-01
9.992653397400264e-03	6.378635e+00	7.151421e-06	-3.189402e-01
1.000000000000000e-02	6.378635e+00	7.151280e-06	-3.189376e-01
1.000000000100000e-02	6.378635e+00	7.151216e-06	-3.189397e-01
1.000000000200000e-02	6.378635e+00	7.151142e-06	-3.189380e-01
1.000000000347517e-02	6.378635e+00	7.151100e-06	-3.189395e-01
1.000000000560198e-02	6.378635e+00	7.151020e-06	-3.189382e-01
1.000000000985561e-02	6.378635e+00	7.150859e-06	-3.189395e-01
1.000000001836286e-02	6.378635e+00	7.150538e-06	-3.189383e-01
1.000000003537736e-02	6.378635e+00	7.149895e-06	-3.189395e-01
1.000000006940637e-02	6.378635e+00	7.148607e-06	-3.189383e-01
1.000000013746438e-02	6.378635e+00	7.146025e-06	-3.189395e-01
1.000000027358041e-02	6.378635e+00	7.140837e-06	-3.189383e-01
1.000000054581247e-02	6.378635e+00	7.130379e-06	-3.189395e-01
1.000000109027659e-02	6.378635e+00	7.109225e-06	-3.189383e-01
1.000000217920482e-02	6.378635e+00	7.066408e-06	-3.189394e-01
1.000000435706129e-02	6.378635e+00	6.980371e-06	-3.189382e-01
1.000000871277422e-02	6.378635e+00	6.810128e-06	-3.189393e-01
1.000001493585746e-02	6.378635e+00	6.574728e-06	-3.189380e-01
1.000002566263304e-02	6.378635e+00	6.194921e-06	-3.189389e-01
1.000004711618420e-02	6.378635e+00	5.528819e-06	-3.189374e-01
1.000006976694561e-02	6.378636e+00	5.177107e-06	-3.189382e-01
1.000008580702774e-02	6.378636e+00	5.787563e-06	-3.189374e-01
1.000010710296738e-02	6.378636e+00	8.022161e-06	-3.189403e-01
1.000012438620917e-02	6.378636e+00	1.034891e-05	-3.189409e-01
1.000014345880669e-02	6.378635e+00	1.287809e-05	-3.189438e-01
1.000016162675181e-02	6.378634e+00	1.506331e-05	-3.189442e-01
1.000019227811086e-02	6.378632e+00	1.820717e-05	-3.189479e-01
1.000023768675144e-02	6.378627e+00	2.176622e-05	-3.189500e-01
1.000027880959210e-02	6.378622e+00	2.385405e-05	-3.189534e-01
1.000032595227986e-02	6.378616e+00	2.499825e-05	-3.189535e-01
1.000039730425086e-02	6.378607e+00	2.551082e-05	-3.189544e-01
1.000046590054835e-02	6.378597e+00	2.559276e-05	-3.189529e-01
1.000059043916932e-02	6.378580e+00	2.561917e-05	-3.189532e-01
1.000079598371689e-02	6.378552e+00	2.563852e-05	-3.189506e-01
1.000099702547869e-02	6.378524e+00	2.565457e-05	-3.189504e-01
1.000120354487666e-02	6.378495e+00	2.568098e-05	-3.189479e-01
1.000137853860805e-02	6.378471e+00	2.571555e-05	-3.189479e-01
1.000153145853188e-02	6.378450e+00	2.575134e-05	-3.189457e-01
1.000170155261182e-02	6.378426e+00	2.578820e-05	-3.189457e-01
1.000190341063481e-02	6.378398e+00	2.582074e-05	-3.189432e-01
1.000221979730352e-02	6.378354e+00	2.585107e-05	-3.189422e-01
1.000247081523255e-02	6.378319e+00	2.586016e-05	-3.189393e-01
1.000269812889713e-02	6.378287e+00	2.585728e-05	-3.189389e-01
1.000296197756506e-02	6.378250e+00	2.584539e-05	-3.189358e-01
1.000321029062181e-02	6.378215e+00	2.582829e-05	-3.189352e-01
1.000347833227330e-02	6.378177e+00	2.580475e-05	-3.189321e-01
1.000374102551656e-02	6.378139e+00	2.577770e-05	-3.189314e-01
1.000403760334883e-02	6.378097e+00	2.574353e-05	-3.189281e-01
1.000434491139467e-02	6.378053e+00	2.570524e-05	-3.189270e-01
1.000470047954616e-02	6.378002e+00	2.565835e-05	-3.189232e-01
1.000509047834197e-02	6.377945e+00	2.560475e-05	-3.189215e-01
1.000556321503714e-02	6.377876e+00	2.553781e-05	-3.189167e-01
1.000611877359435e-02	6.377794e+00	2.545763e-05	-3.189137e-01
1.000683593071848e-02	6.377686e+00	2.535340e-05	-3.189071e-01
1.000775278917251e-02	6.377546e+00	2.522148e-05	-3.189011e-01
1.000904160583822e-02	6.377346e+00	2.504260e-05	-3.188897e-01
1.001085914499269e-02	6.377053e+00	2.480973e-05	-3.188761e-01
1.001365726628829e-02	6.376580e+00	2.450169e-05	-3.188512e-01
1.001814822759343e-02	6.375774e+00	2.410168e-05	-3.188119e-01
1.002170680596559e-02	6.375092e+00	2.385334e-05	-3.187761e-01
1.002429164266191e-02	6.374563e+00	2.371181e-05	-3.187506e-01
1.002698176408564e-02	6.373974e+00	2.358989e-05	-3.187200e-01
1.003002013797272e-02	6.373263e+00	2.347190e-05	-3.186857e-01
1.003313636887227e-02	6.372478e+00	2.336640e-05	-3.186453e-01
1.003607913304316e-02	6.371671e+00	2.327786e-05	-3.186061e-01
1.003911521348907e-02	6.370761e+00	2.319480e-05	-3.185596e-01
1.004210356572737e-02	6.369774e+00	2.311894e-05	-3.185116e-01
1.004528721359178e-02	6.368604e+00	2.304278e-05	-3.184523e-01
1.004848556740532e-02	6.367277e+00	2.296968e-05	-3.183876e-01
1.005194143558056e-02	6.365631e+00	2.289339e-05	-3.183051e-01
1.005550436068815e-02	6.363638e+00	2.281660e-05	-3.182083e-01
1.005946168182008e-02	6.360941e+00	2.273252e-05	-3.180762e-01
1.006395517822754e-02	6.356972e+00	2.263722e-05	-3.178892e-01
1.006932906024182e-02	6.350151e+00	2.252112e-05	-3.175764e-01
1.007535729974096e-02	6.338212e+00	2.238419e-05	-3.170177e-01
1.007969859204990e-02	6.323850e+00	2.227534e-05	-3.163141e-01
1.008272741719835e-02	6.306602e+00	2.218592e-05	-3.154772e-01
1.008501167487683e-02	6.285933e+00	2.210411e-05	-3.143993e-01
1.008731773943080e-02	6.259095e+00	2.201061e-05	-3.129775e-01
1.008871422505808e-02	6.241707e+00	2.195227e-05	-3.121061e-01
1.009054349311115e-02	6.218702e+00	2.187597e-05	-3.109584e-01
1.009320920089880e-02	6.184866e+00	2.176479e-05	-3.092663e-01
1.009586324233824e-02	6.150816e+00	2.165396e-05	-3.075663e-01
1.010043045242483e-02	6.091594e+00	2.146291e-05	-3.046056e-01
1.010527740990274e-02	6.028195e+00	2.125996e-05	-3.014342e-01
1.011234151751792e-02	5.935312e+00	2.096460e-05	-2.967830e-01
1.011987302197979e-02	5.836387e+00	2.065163e-05	-2.918273e-01
1.012956373031366e-02	5.709988e+00	2.025351e-05	-2.854960e-01
1.013956373031366e-02	5.580802e+00	1.984863e-05	-2.790469e-01
1.014956373031366e-02	5.452276e+00	1.944918e-05	-2.726378e-01
1.015956373031366e-02	5.323979e+00	1.905471e-05	-2.661980e-01
1.016956373031366e-02	5.196754e+00	1.866698e-05	-2.598249e-01
1.017956373031366e-02	5.071653e+00	1.828795e-05	-2.535636e-01
1.018956373031366e-02	4.949273e+00	1.791867e-05	-2.474378e-01
1.019956373031366e-02	4.830069e+00	1.756012e-05	-2.414734e-01
1.020956373031366e-02	4.714330e+00	1.721317e-05	-2.356855e-01
1.021760042931160e-02	4.624193e+00	1.694416e-05	-2.311952e-01
1.022159562709104e-02	4.581153e+00	1.681675e-05	-2.290473e-01
1.022605002849722e-02	4.534883e+00	1.668096e-05	-2.267541e-01
1.022894265301227e-02	4.505288e+00	1.659438e-05	-2.252753e-01
1.023196129416120e-02	4.474573e+00	1.650463e-05	-2.237402e-01
1.023799857645907e-02	4.413268e+00	1.632599e-05	-2.206777e-01
1.024788511516344e-02	4.311779e+00	1.603234e-05	-2.156539e-01
1.025788511516344e-02	4.203868e+00	1.572448e-05	-2.103609e-01
1.026375546146542e-02	4.131063e+00	1.552143e-05	-2.067604e-01
1.026650650099705e-02	4.087507e+00	1.540284e-05	-2.044993e-01
1.026777970660739e-02	4.060972e+00	1.533185e-05	-2.031247e-01
1.026976869250620e-02	4.010249e+00	1.519769e-05	-2.005248e-01
1.027231586597268e-02	3.938586e+00	1.501085e-05	-1.969411e-01
1.027502493374389e-02	3.862618e+00	1.481554e-05	-1.931406e-01
1.027662888382009e-02	3.818109e+00	1.470231e-05	-1.909116e-01
1.027842139455785e-02	3.768759e+00	1.457787e-05	-1.884415e-01
1.028200641603336e-02	3.670991e+00	1.433551e-05	-1.835460e-01
1.028807094039930e-02	3.505763e+00	1.394035e-05	-1.753418e-01
1.029431043858524e-02	3.332156e+00	1.355135e-05	-1.667256e-01
1.030003437681406e-02	3.170238e+00	1.321193e-05	-1.584083e-01
1.030318344030156e-02	3.086421e+00	1.304303e-05	-1.541842e-01
1.030478143771654e-02	3.051075e+00	1.297439e-05	-1.524828e-01
1.030638015989308e-02	3.022742e+00	1.292191e-05	-1.511039e-01
1.030800231725720e-02	2.998030e+00	1.287762e-05	-1.498782e-01
1.030990001989399e-02	2.972567e+00	1.283311e-05	-1.485884e-01
1.031319984189544e-02	2.933941e+00	1.276738e-05	-1.466192e-01
1.031768033092959e-02	2.889547e+00	1.269470e-05	-1.443606e-01
1.032324816612149e-02	2.844882e+00	1.262627e-05	-1.421253e-01
1.032782277812958e-02	2.815906e+00	1.258621e-05	-1.407630e-01
1.033280925736461e-02	2.788957e+00	1.255173e-05	-1.394634e-01
1.033821048560947e-02	2.760594e+00	1.251535e-05	-1.380444e-01
1.034158239816376e-02	2.742791e+00	1.249224e-05	-1.371560e-01
1.034605288549446e-02	2.719065e+00	1.246141e-05	-1.359704e-01
1.035093278134846e-02	2.693030e+00	1.242782e-05	-1.346724e-01
1.035801236784550e-02	2.655028e+00	1.237940e-05	-1.327755e-01
1.036576423272800e-02	2.613122e+00	1.232697e-05	-1.306871e-01
1.037576423272800e-02	2.558642e+00	1.226034e-05	-1.279709e-01
1.038576423272800e-02	2.503730e+00	1.219484e-05	-1.252373e-01
1.039576423272800e-02	2.448381e+00	1.213055e-05	-1.224838e-01
1.040576423272800e-02	2.392615e+00	1.206744e-05	-1.197172e-01
1.041576423272800e-02	2.336445e+00	1.200549e-05	-1.169354e-01
1.042576423272800e-02	2.279884e+00	1.194469e-05	-1.141455e-01
1.043576423272800e-02	2.222939e+00	1.188501e-05	-1.113460e-01
1.044576423272800e-02	2.165618e+00	1.182643e-05	-1.085449e-01
1.045576423272800e-02	2.107925e+00	1.176894e-05	-1.057414e-01
1.046576423272800e-02	2.049861e+00	1.171253e-05	-1.029447e-01
1.047576423272800e-02	1.991427e+00	1.165717e-05	-1.001551e-01
1.048576423272800e-02	1.932620e+00	1.160287e-05	-9.738296e-02
1.049576423272800e-02	1.873434e+00	1.154962e-05	-9.462974e-02
1.050576423272800e-02	1.813861e+00	1.149741e-05	-9.190670e-02
1.051576423272800e-02	1.753889e+00	1.144625e-05	-8.921574e-02
1.052576423272800e-02	1.693500e+00	1.139615e-05	-8.656795e-02
1.053576423272800e-02	1.632671e+00	1.134711e-05	-8.396386e-02
1.054576423272800e-02	1.571370e+00	1.129917e-05	-8.141138e-02
1.055576423272800e-02	1.509555e+00	1.125235e-05	-7.890490e-02
1.056576423272800e-02	1.447168e+00	1.120671e-05	-7.644125e-02
1.057576423272800e-02	1.384127e+00	1.116236e-05	-7.399518e-02
1.058576423272800e-02	1.320306e+00	1.111946e-05	-7.152732e-02
1.059576423272800e-02	1.255511e+00	1.107848e-05	-6.893830e-02
1.060576423272800e-02	1.189615e+00	1.104040e-05	-6.599116e-02
1.061234046137772e-02	1.145352e+00	1.101809e-05	-6.344651e-02
1.061831082555261e-02	1.103540e+00	1.100003e-05	-6.084929e-02
1.062562963302057e-02	1.047308e+00	1.097972e-05	-5.747287e-02
1.063287394286859e-02	9.812979e-01	1.096205e-05	-5.342344e-02
1.063577463359129e-02	9.463966e-01	1.095685e-05	-5.107843e-02
1.063710348738089e-02	9.247936e-01	1.095569e-05	-4.967301e-02
1.063875655809518e-02	8.927631e-01	1.095536e-05	-4.761388e-02
1.063920359412962e-02	8.833704e-01	1.095543e-05	-4.702163e-02
1.063971923342861e-02	8.720490e-01	1.095562e-05	-4.632612e-02
1.064022773952287e-02	8.607129e-01	1.095585e-05	-4.563789e-02
1.064077360899414e-02	8.484097e-01	1.095613e-05	-4.489432e-02
1.064131734305574e-02	8.360599e-01	1.095642e-05	-4.415729e-02
1.064205335712341e-02	8.192524e-01	1.095685e-05	-4.316043e-02
1.064278235881191e-02	8.025398e-01	1.095728e-05	-4.218244e-02
1.064400121861616e-02	7.745160e-01	1.095804e-05	-4.056002e-02
1.064526363298803e-02	7.454284e-01	1.095883e-05	-3.890439e-02
1.064778846173179e-02	6.871574e-01	1.096042e-05	-3.564959e-02
1.065111617944081e-02	6.103592e-01	1.096239e-05	-3.146686e-02
1.065777161485885e-02	4.578722e-01	1.096530e-05	-2.336694e-02
1.066777161485885e-02	2.371845e-01	1.096438e-05	-1.178355e-02
1.067777161485885e-02	3.626633e-02	1.095233e-05	-1.573594e-03
1.067999291603080e-02	4.017115e-03	1.094313e-05	-8.376468e-05
1.068064130162911e-02	2.295971e-04	1.093753e-05	-4.369502e-06
1.068092809373334e-02	3.051758e-05	1.093428e-05	-9.075824e-06
1.068101974041077e-02	2.241135e-05	1.093321e-05	-5.375294e-06
1.068105846224974e-02	2.360344e-05	1.093276e-05	-7.779226e-06
1.068107823809401e-02	2.598763e-05	1.093253e-05	-6.112191e-06
1.068109285049312e-02	2.527237e-05	1.093236e-05	-7.671010e-06
1.068110306627778e-02	2.527237e-05	1.093224e-05	-6.124443e-06
1.068111144037014e-02	2.527237e-05	1.093214e-05	-7.639722e-06
1.068111900816039e-02	2.527237e-05	1.093205e-05	-6.144265e-06
1.068112673222541e-02	2.527237e-05	1.093196e-05	-7.623277e-06
1.068113470474918e-02	2.503395e-05	1.093187e-05	-6.153696e-06
1.068114414640794e-02	2.527237e-05	1.093175e-05	-7.616582e-06
1.068115585440194e-02	2.503395e-05	1.093162e-05	-6.157315e-06
1.068117147821957e-02	2.503395e-05	1.093143e-05	-7.614219e-06
1.068119367484603e-02	2.503395e-05	1.093117e-05	-6.158778e-06
1.068122611124491e-02	2.527237e-05	1.093079e-05	-7.613529e-06
1.068127544151296e-02	2.503395e-05	1.093021e-05	-6.159558e-06
1.068135153544276e-02	2.503395e-05	1.092932e-05	-7.613540e-06
1.068147065948150e-02	2.503395e-05	1.092792e-05	-6.160155e-06
1.068165895032743e-02	2.503395e-05	1.092571e-05	-7.613771e-06
1.068195764849436e-02	2.503395e-05	1.092220e-05	-6.160278e-06
1.068243390903845e-02	2.503395e-05	1.091659e-05	-7.612894e-06
1.068319424307532e-02	2.479553e-05	1.090764e-05	-6.157706e-06
1.068441012640066e-02	2.479553e-05	1.089331e-05	-7.607321e-06
1.068668099097472e-02	2.431870e-05	1.086654e-05	-6.146737e-06
1.069122272012283e-02	2.360344e-05	1.081314e-05	-7.585118e-06
1.070019744748609e-02	2.217293e-05	1.070821e-05	-6.101990e-06
1.070841897343507e-02	2.074242e-05	1.061303e-05	-7.527767e-06
1.071841897343507e-02	1.883507e-05	1.049877e-05	-6.041100e-06
1.072841897343507e-02	1.668930e-05	1.038615e-05	-7.461180e-06
1.073841897343507e-02	1.454353e-05	1.027525e-05	-5.974888e-06
1.074841897343507e-02	1.263618e-05	1.016606e-05	-7.395354e-06
1.075841897343507e-02	1.072884e-05	1.005856e-05	-5.909468e-06
1.076841897343507e-02	8.583069e-06	9.952724e-06	-7.330314e-06
1.077841897343507e-02	6.675720e-06	9.848527e-06	-5.844818e-06
1.078841897343507e-02	5.245209e-06	9.745948e-06	-7.266022e-06
1.079841897343507e-02	4.053116e-06	9.644963e-06	-5.780889e-06
1.080841897343507e-02	3.099442e-06	9.545549e-06	-7.202418e-06
1.081841897343507e-02	2.145767e-06	9.447682e-06	-5.717613e-06
1.082841897343507e-02	1.668930e-06	9.351340e-06	-7.139430e-06
1.083841897343507e-02	9.536743e-07	9.256501e-06	-5.654912e-06
1.084841897343507e-02	4.768372e-07	9.163139e-06	-7.076981e-06
1.085841897343507e-02	4.768372e-07	9.071234e-06	-5.592733e-06
1.086841897343507e-02	2.384186e-07	8.980761e-06	-7.015035e-06
1.087841897343507e-02	2.384186e-07	8.891699e-06	-5.531036e-06
1.088841897343507e-02	0.000000e+00	8.804025e-06	-6.953564e-06
1.089841897343507e-02	0.000000e+00	8.717719e-06	-5.469814e-06
1.090841897343507e-02	0.000000e+00	8.632756e-06	-6.892575e-06
1.091841897343507e-02	-2.384186e-07	8.549117e-06	-5.409089e-06
1.092841897343507e-02	0.000000e+00	8.466781e-06	-6.832103e-06
1.093841897343507e-02	-2.384186e-07	8.385725e-06	-5.348907e-06
1.094841897343507e-02	-2.384186e-07	8.305930e-06	-6.772204e-06
1.095841897343507e-02	-4.768372e-07	8.227377e-06	-5.289328e-06
1.096841897343507e-02	-2.384186e-07	8.150046e-06	-6.712941e-06
1.097841897343507e-02	-4.768372e-07	8.073916e-06	-5.230421e-06
1.098841897343507e-02	-4.768372e-07	7.998970e-06	-6.654383e-06
1.099841897343507e-02	-4.768372e-07	7.925188e-06	-5.172252e-06
1.100841897343507e-02	-4.768372e-07	7.852553e-06	-6.596598e-06
1.101841897343507e-02	-4.768372e-07	7.781045e-06	-5.114887e-06
1.102841897343507e-02	-2.384186e-07	7.710651e-06	-6.539644e-06
1.103841897343507e-02	-4.768372e-07	7.641349e-06	-5.058379e-06
1.104841897343507e-02	-4.768372e-07	7.573124e-06	-6.483574e-06
1.105841897343507e-02	-4.768372e-07	7.505960e-06	-5.002778e-06
1.106841897343507e-02	-4.768372e-07	7.439839e-06	-6.428430e-06
1.107841897343507e-02	-4.768372e-07	7.374747e-06	-4.948122e-06
1.108841897343507e-02	-4.768372e-07	7.310668e-06	-6.374246e-06
1.109841897343507e-02	-4.768372e-07	7.247585e-06	-4.894441e-06
1.110841897343507e-02	-4.768372e-07	7.185484e-06	-6.321050e-06
1.111841897343507e-02	-4.768372e-07	7.124349e-06	-4.841756e-06
1.112841897343507e-02	-4.768372e-07	7.064166e-06	-6.268859e-06
1.113841897343507e-02	-4.768372e-07	7.004921e-06	-4.790083e-06
1.114841897343507e-02	-4.768372e-07	6.946600e-06	-6.217685e-06
1.115841897343507e-02	-4.768372e-07	6.889187e-06	-4.739433e-06
1.116841897343507e-02	-4.768372e-07	6.832669e-06	-6.167536e-06
1.117841897343507e-02	-4.768372e-07	6.777033e-06	-4.689809e-06
1.118841897343507e-02	-4.768372e-07	6.722249e-06	-6.118415e-06
1.119841897343507e-02	-4.768372e-07	6.668193e-06	-4.641127e-06
1.120841897343507e-02	-2.384186e-07	6.614684e-06	-6.069670e-06
1.121841897343507e-02	-2.384186e-07	6.561645e-06	-4.591955e-06
1.122841897343507e-02	-4.768372e-07	6.509105e-06	-6.020130e-06
1.123841897343507e-02	-4.768372e-07	6.457102e-06	-4.542206e-06
1.124841897343507e-02	-4.768372e-07	6.405671e-06	-5.970277e-06
1.125841897343507e-02	-4.768372e-07	6.354840e-06	-4.492387e-06
1.126841897343507e-02	-4.768372e-07	6.304633e-06	-5.920566e-06
1.127841897343507e-02	-4.768372e-07	6.255069e-06	-4.442890e-06
1.128841897343507e-02	-4.768372e-07	6.206166e-06	-5.871336e-06
1.129841897343507e-02	-4.768372e-07	6.157934e-06	-4.394011e-06
1.130841897343507e-02	-4.768372e-07	6.110383e-06	-5.822840e-06
1.131841897343507e-02	-2.384186e-07	6.063520e-06	-4.345966e-06
1.132841897343507e-02	-2.384186e-07	6.017345e-06	-5.775263e-06
1.133841897343507e-02	-2.384186e-07	5.971741e-06	-4.298889e-06
1.134841897343507e-02	-4.768372e-07	5.926452e-06	-5.728094e-06
1.135841897343507e-02	-2.384186e-07	5.881336e-06	-4.250965e-06
1.136841897343507e-02	-4.768372e-07	5.836434e-06	-5.679405e-06
1.137841897343507e-02	-2.384186e-07	5.791837e-06	-4.201808e-06
1.138841897343507e-02	-2.384186e-07	5.747623e-06	-5.629998e-06
1.139841897343507e-02	-2.384186e-07	5.703854e-06	-4.152381e-06
1.140841897343507e-02	-2.384186e-07	5.660585e-06	-5.580699e-06
1.141841897343507e-02	0.000000e+00	5.617856e-06	-4.103375e-06
1.142841897343507e-02	-2.384186e-07	5.575703e-06	-5.532080e-06
1.143841897343507e-02	-2.384186e-07	5.534153e-06	-4.055264e-06
1.144841897343507e-02	-2.384186e-07	5.493226e-06	-5.484532e-06
1.145841897343507e-02	-4.768372e-07	5.452939e-06	-4.008369e-06
1.146841897343507e-02	-2.384186e-07	5.413304e-06	-5.438317e-06
1.147841897343507e-02	-2.384186e-07	5.374328e-06	-3.962899e-06
1.148841897343507e-02	-2.384186e-07	5.336017e-06	-5.393600e-06
1.149841897343507e-02	-4.768372e-07	5.298372e-06	-3.918984e-06
1.150841897343507e-02	-2.384186e-07	5.261395e-06	-5.350480e-06
1.151841897343507e-02	-4.768372e-07	5.225083e-06	-3.876695e-06
1.152841897343507e-02	-2.384186e-07	5.189432e-06	-5.309006e-06
1.153841897343507e-02	-2.384186e-07	5.154438e-06	-3.836060e-06
1.154841897343507e-02	0.000000e+00	5.120095e-06	-5.269188e-06
1.155841897343507e-02	-2.384186e-07	5.086396e-06	-3.797079e-06
1.156841897343507e-02	-2.384186e-07	5.053332e-06	-5.231012e-06
1.157841897343507e-02	-2.384186e-07	5.020896e-06	-3.759725e-06
1.158841897343507e-02	-2.384186e-07	4.989078e-06	-5.194446e-06
1.159841897343507e-02	-2.384186e-07	4.957868e-06	-3.723959e-06
1.160841897343507e-02	-2.384186e-07	4.927259e-06	-5.159445e-06
1.161841897343507e-02	-4.768372e-07	4.897238e-06	-3.689732e-06
1.162841897343507e-02	-4.768372e-07	4.867796e-06	-5.125954e-06
1.163841897343507e-02	-2.384186e-07	4.838923e-06	-3.656986e-06
1.164841897343507e-02	-4.768372e-07	4.810608e-06	-5.093914e-06
1.165841897343507e-02	-2.384186e-07	4.782840e-06	-3.625661e-06
1.166841897343507e-02	-2.384186e-07	4.755609e-06	-5.063264e-06
1.167841897343507e-02	-2.384186e-07	4.728905e-06	-3.595694e-06
1.168841897343507e-02	-2.384186e-07	4.702717e-06	-5.033941e-06
1.169841897343507e-02	-4.768372e-07	4.677036e-06	-3.567022e-06
1.170841897343507e-02	-2.384186e-07	4.651849e-06	-5.005882e-06
1.171841897343507e-02	-2.384186e-07	4.627149e-06	-3.539583e-06
1.172841897343507e-02	-2.384186e-07	4.602924e-06	-4.979024e-06
1.173841897343507e-02	-2.384186e-07	4.579166e-06	-3.513316e-06
1.174841897343507e-02	-2.384186e-07	4.555864e-06	-4.953309e-06
1.175841897343507e-02	-2.384186e-07	4.533008e-06	-3.488162e-06
1.176841897343507e-02	-2.384186e-07	4.510590e-06	-4.928679e-06
1.177841897343507e-02	-2.384186e-07	4.488601e-06	-3.464065e-06
1.178841897343507e-02	-4.768372e-07	4.467031e-06	-4.905078e-06
1.179841897343507e-02	-4.768372e-07	4.445872e-06	-3.440971e-06
1.180841897343507e-02	-4.768372e-07	4.425116e-06	-4.882455e-06
1.181841897343507e-02	-4.768372e-07	4.404753e-06	-3.418830e-06
1.182841897343507e-02	-2.384186e-07	4.384776e-06	-4.860760e-06
1.183841897343507e-02	-2.384186e-07	4.365176e-06	-3.397592e-06
1.184841897343507e-02	-2.384186e-07	4.345946e-06	-4.839945e-06
1.185841897343507e-02	-2.384186e-07	4.327078e-06	-3.377213e-06
1.186841897343507e-02	-2.384186e-07	4.308566e-06	-4.819967e-06
1.187841897343507e-02	-2.384186e-07	4.290399e-06	-3.357648e-06
1.188841897343507e-02	-2.384186e-07	4.272574e-06	-4.800784e-06
1.189841897343507e-02	-2.384186e-07	4.255081e-06	-3.338859e-06
1.190841897343507e-02	-2.384186e-07	4.237914e-06	-4.782356e-06
1.191841897343507e-02	0.000000e+00	4.221067e-06	-3.320807e-06
1.192841897343507e-02	-4.768372e-07	4.204533e-06	-4.764646e-06
1.193841897343507e-02	-2.384186e-07	4.188305e-06	-3.303455e-06
1.194841897343507e-02	-2.384186e-07	4.172379e-06	-4.747621e-06
1.195841897343507e-02	-2.384186e-07	4.156746e-06	-3.286771e-06
1.196841897343507e-02	0.000000e+00	4.141402e-06	-4.731247e-06
1.197841897343507e-02	-2.384186e-07	4.126340e-06	-3.270723e-06
1.198841897343507e-02	-2.384186e-07	4.111556e-06	-4.715494e-06
1.199841897343507e-02	-2.384186e-07	4.097043e-06	-3.255282e-06
1.200841897343507e-02	-2.384186e-07	4.082795e-06	-4.700334e-06
1.201841897343507e-02	-2.384186e-07	4.068809e-06	-3.240419e-06
1.202841897343507e-02	-4.768372e-07	4.055079e-06	-4.685739e-06
1.203841897343507e-02	-4.768372e-07	4.041598e-06	-3.226109e-06
1.204841897343507e-02	0.000000e+00	4.028363e-06	-4.671685e-06
1.205841897343507e-02	0.000000e+00	4.015370e-06	-3.212327e-06
1.206841897343507e-02	-4.768372e-07	4.002612e-06	-4.658146e-06
1.207841897343507e-02	-2.384186e-07	3.990086e-06	-3.199050e-06
1.208841897343507e-02	-2.384186e-07	3.977787e-06	-4.645102e-06
1.209841897343507e-02	-2.384186e-07	3.965710e-06	-3.186256e-06
1.210841897343507e-02	-2.384186e-07	3.953852e-06	-4.632530e-06
1.211841897343507e-02	-2.384186e-07	3.942208e-06	-3.173924e-06
1.212841897343507e-02	0.000000e+00	3.930774e-06	-4.620411e-06
1.213841897343507e-02	-2.384186e-07	3.919546e-06	-3.162036e-06
1.214841897343507e-02	-2.384186e-07	3.908519e-06	-4.608726e-06
1.215841897343507e-02	-2.384186e-07	3.897692e-06	-3.150572e-06
1.216841897343507e-02	-2.384186e-07	3.887058e-06	-4.597457e-06
1.217841897343507e-02	-2.384186e-07	3.876616e-06	-3.139516e-06
1.218841897343507e-02	-2.384186e-07	3.866360e-06	-4.586587e-06
1.219841897343507e-02	-2.384186e-07	3.856288e-06	-3.128852e-06
1.220841897343507e-02	-2.384186e-07	3.846397e-06	-4.576100e-06
1.221841897343507e-02	-4.768372e-07	3.836682e-06	-3.118563e-06
1.222841897343507e-02	-2.384186e-07	3.827141e-06	-4.565982e-06
1.223841897343507e-02	-2.384186e-07	3.817770e-06	-3.108634e-06
1.224841897343507e-02	0.000000e+00	3.808565e-06	-4.556217e-06
1.225841897343507e-02	-2.384186e-07	3.799526e-06	-3.099053e-06
1.226841897343507e-02	-2.384186e-07	3.790646e-06	-4.546793e-06
1.227841897343507e-02	-2.384186e-07	3.781925e-06	-3.089805e-06
1.228841897343507e-02	-2.384186e-07	3.773359e-06	-4.537696e-06
1.229841897343507e-02	-2.384186e-07	3.764945e-06	-3.080878e-06
1.230841897343507e-02	0.000000e+00	3.756681e-06	-4.528913e-06
1.231841897343507e-02	-2.384186e-07	3.748563e-06	-3.072260e-06
1.232841897343507e-02	-2.384186e-07	3.740589e-06	-4.520434e-06
1.233841897343507e-02	-2.384186e-07	3.732756e-06	-3.063940e-06
1.234841897343507e-02	-2.384186e-07	3.725062e-06	-4.512246e-06
1.235841897343507e-02	-2.384186e-07	3.717505e-06	-3.055905e-06
1.236841897343507e-02	-2.384186e-07	3.710081e-06	-4.504339e-06
1.237841897343507e-02	-2.384186e-07	3.702788e-06	-3.048147e-06
1.238841897343507e-02	-4.768372e-07	3.695624e-06	-4.496704e-06
1.239841897343507e-02	-2.384186e-07	3.688587e-06	-3.040654e-06
1.240841897343507e-02	0.000000e+00	3.681674e-06	-4.489329e-06
1.241841897343507e-02	-2.384186e-07	3.674883e-06	-3.033418e-06
1.242841897343507e-02	-2.384186e-07	3.668212e-06	-4.482206e-06
1.243841897343507e-02	-2.384186e-07	3.661658e-06	-3.026429e-06
1.244841897343507e-02	-2.384186e-07	3.655220e-06	-4.475326e-06
1.245841897343507e-02	-2.384186e-07	3.648895e-06	-3.019678e-06
1.246841897343507e-02	-4.768372e-07	3.642682e-06	-4.468679e-06
1.247841897343507e-02	-4.768372e-07	3.636578e-06	-3.013157e-06
1.248841897343507e-02	-2.384186e-07	3.630581e-06	-4.462258e-06
1.249841897343507e-02	-2.384186e-07	3.624690e-06	-3.006857e-06
1.250841897343507e-02	0.000000e+00	3.618903e-06	-4.456056e-06
1.251841897343507e-02	-2.384186e-07	3.613217e-06	-3.000772e-06
1.252841897343507e-02	0.000000e+00	3.607631e-06	-4.450063e-06
1.253841897343507e-02	-2.384186e-07	3.602144e-06	-2.994893e-06
1.254841897343507e-02	-2.384186e-07	3.596753e-06	-4.444273e-06
1.255841897343507e-02	0.000000e+00	3.591456e-06	-2.989213e-06
1.256841897343507e-02	-2.384186e-07	3.586252e-06	-4.438679e-06
1.257841897343507e-02	-4.768372e-07	3.581140e-06	-2.983726e-06
1.258841897343507e-02	-2.384186e-07	3.576118e-06	-4.433275e-06
1.259841897343507e-02	-2.384186e-07	3.571183e-06	-2.978424e-06
1.260841897343507e-02	-2.384186e-07	3.566335e-06	-4.428052e-06
1.261841897343507e-02	-2.384186e-07	3.561572e-06	-2.973302e-06
1.262841897343507e-02	-4.768372e-07	3.556893e-06	-4.423006e-06
1.263841897343507e-02	-2.384186e-07	3.552295e-06	-2.968354e-06
1.264841897343507e-02	0.000000e+00	3.547778e-06	-4.418130e-06
1.265841897343507e-02	-2.384186e-07	3.543340e-06	-2.963572e-06
1.266841897343507e-02	-2.384186e-07	3.538980e-06	-4.413419e-06
1.267841897343507e-02	-2.384186e-07	3.534697e-06	-2.958952e-06
1.268841897343507e-02	0.000000e+00	3.530488e-06	-4.408867e-06
1.269841897343507e-02	-2.384186e-07	3.526352e-06	-2.954488e-06
1.270841897343507e-02	-4.768372e-07	3.522290e-06	-4.404467e-06
1.271841897343507e-02	-2.384186e-07	3.518298e-06	-2.950175e-06
1.272841897343507e-02	-2.384186e-07	3.514376e-06	-4.400216e-06
1.273841897343507e-02	-2.384186e-07	3.510523e-06	-2.946008e-06
1.274841897343507e-02	0.000000e+00	3.506737e-06	-4.396109e-06
1.275841897343507e-02	-2.384186e-07	3.503017e-06	-2.941981e-06
1.276841897343507e-02	-4.768372e-07	3.499362e-06	-4.392140e-06
1.277841897343507e-02	-4.768372e-07	3.495771e-06	-2.938090e-06
1.278841897343507e-02	-4.768372e-07	3.492243e-06	-4.388304e-06
1.279841897343507e-02	-4.768372e-07	3.488777e-06	-2.934331e-06
1.280841897343507e-02	-2.384186e-07	3.485371e-06	-4.384597e-06
1.281841897343507e-02	-2.384186e-07	3.482024e-06	-2.930698e-06
1.282841897343507e-02	-2.384186e-07	3.478736e-06	-4.381015e-06
1.283841897343507e-02	-2.384186e-07	3.475506e-06	-2.927189e-06
1.284841897343507e-02	-2.384186e-07	3.472332e-06	-4.377554e-06
1.285841897343507e-02	-2.384186e-07	3.469213e-06	-2.923797e-06
1.286841897343507e-02	0.000000e+00	3.466148e-06	-4.374209e-06
1.287841897343507e-02	-4.768372e-07	3.463137e-06	-2.920521e-06
1.288841897343507e-02	0.000000e+00	3.460179e-06	-4.370977e-06
1.289841897343507e-02	-2.384186e-07	3.457272e-06	-2.917355e-06
1.290841897343507e-02	-2.384186e-07	3.454416e-06	-4.367853e-06
1.291841897343507e-02	0.000000e+00	3.451610e-06	-2.914295e-06
1.292841897343507e-02	-2.384186e-07	3.448853e-06	-4.364835e-06
1.293841897343507e-02	-2.384186e-07	3.446144e-06	-2.911339e-06
1.294841897343507e-02	0.000000e+00	3.443482e-06	-4.361918e-06
1.295841897343507e-02	0.000000e+00	3.440866e-06	-2.908483e-06
1.296841897343507e-02	-2.384186e-07	3.438296e-06	-4.359100e-06
1.297841897343507e-02	-4.768372e-07	3.435771e-06	-2.905724e-06
1.298841897343507e-02	-2.384186e-07	3.433290e-06	-4.356376e-06
1.299841897343507e-02	-2.384186e-07	3.430852e-06	-2.903058e-06
1.300841897343507e-02	-4.768372e-07	3.428457e-06	-4.353744e-06
1.301841897343507e-02	-2.384186e-07	3.426103e-06	-2.900481e-06
1.302841897343507e-02	-2.384186e-07	3.423790e-06	-4.351200e-06
1.303841897343507e-02	-2.384186e-07	3.421518e-06	-2.897992e-06
1.304841897343507e-02	0.000000e+00	3.419285e-06	-4.348743e-06
1.305841897343507e-02	-2.384186e-07	3.417091e-06	-2.895588e-06
1.306841897343507e-02	-2.384186e-07	3.414935e-06	-4.346368e-06
1.307841897343507e-02	-2.384186e-07	3.412817e-06	-2.893264e-06
1.308841897343507e-02	-2.384186e-07	3.410736e-06	-4.344073e-06
1.309841897343507e-02	-2.384186e-07	3.408691e-06	-2.891019e-06
1.310841897343507e-02	0.000000e+00	3.406682e-06	-4.341855e-06
1.311841897343507e-02	0.000000e+00	3.404707e-06	-2.888850e-06
1.312841897343507e-02	0.000000e+00	3.402767e-06	-4.339712e-06
1.313841897343507e-02	-2.384186e-07	3.400861e-06	-2.886755e-06
1.314841897343507e-02	-2.384186e-07	3.398988e-06	-4.337641e-06
1.315841897343507e-02	-2.384186e-07	3.397147e-06	-2.884730e-06
1.316841897343507e-02	0.000000e+00	3.395338e-06	-4.335640e-06
1.317841897343507e-02	-2.384186e-07	3.393561e-06	-2.882774e-06
1.318841897343507e-02	-2.384186e-07	3.391815e-06	-4.333706e-06
1.319841897343507e-02	-2.384186e-07	3.390099e-06	-2.880884e-06
1.320841897343507e-02	-2.384186e-07	3.388413e-06	-4.331837e-06
1.321841897343507e-02	-2.384186e-07	3.386757e-06	-2.879058e-06
1.322841897343507e-02	-2.384186e-07	3.385129e-06	-4.330032e-06
1.323841897343507e-02	-4.768372e-07	3.383529e-06	-2.877294e-06
1.324841897343507e-02	-2.384186e-07	3.381958e-06	-4.328287e-06
1.325841897343507e-02	0.000000e+00	3.380413e-06	-2.875590e-06
1.326841897343507e-02	-2.384186e-07	3.378896e-06	-4.326600e-06
1.327841897343507e-02	0.000000e+00	3.377404e-06	-2.873944e-06
1.328841897343507e-02	-2.384186e-07	3.375939e-06	-4.324972e-06
1.329841897343507e-02	-2.384186e-07	3.374500e-06	-2.872353e-06
1.330841897343507e-02	0.000000e+00	3.373085e-06	-4.323397e-06
1.331841897343507e-02	-4.768372e-07	3.371695e-06	-2.870816e-06
1.332841897343507e-02	0.000000e+00	3.370329e-06	-4.321876e-06
1.333841897343507e-02	-4.768372e-07	3.368986e-06	-2.869332e-06
1.334841897343507e-02	-2.384186e-07	3.367667e-06	-4.320405e-06
1.335841897343507e-02	0.000000e+00	3.366371e-06	-2.867898e-06
1.336841897343507e-02	0.000000e+00	3.365098e-06	-4.318985e-06
1.337841897343507e-02	-2.384186e-07	3.363846e-06	-2.866512e-06
1.338841897343507e-02	-2.384186e-07	3.362617e-06	-4.317612e-06
1.339841897343507e-02	-2.384186e-07	3.361408e-06	-2.865174e-06
1.340841897343507e-02	-2.384186e-07	3.360221e-06	-4.316285e-06
1.341841897343507e-02	-2.384186e-07	3.359054e-06	-2.863881e-06
1.342841897343507e-02	-2.384186e-07	3.357908e-06	-4.315003e-06
1.343841897343507e-02	-2.384186e-07	3.356781e-06	-2.862632e-06
1.344841897343507e-02	-2.384186e-07	3.355674e-06	-4.313765e-06
1.345841897343507e-02	-2.384186e-07	3.354586e-06	-2.861425e-06
1.346841897343507e-02	0.000000e+00	3.353517e-06	-4.312568e-06
1.347841897343507e-02	-2.384186e-07	3.352467e-06	-2.860260e-06
1.348841897343507e-02	-2.384186e-07	3.351435e-06	-4.311411e-06
1.349841897343507e-02	-2.384186e-07	3.350420e-06	-2.859134e-06
1.350841897343507e-02	-2.384186e-07	3.349424e-06	-4.310294e-06
1.351841897343507e-02	-2.384186e-07	3.348444e-06	-2.858046e-06
1.352841897343507e-02	-2.384186e-07	3.347482e-06	-4.309214e-06
1.353841897343507e-02	-4.768372e-07	3.346536e-06	-2.856995e-06
1.354841897343507e-02	-2.384186e-07	3.345607e-06	-4.308170e-06
1.355841897343507e-02	0.000000e+00	3.344694e-06	-2.855980e-06
1.356841897343507e-02	0.000000e+00	3.343796e-06	-4.307161e-06
1.357841897343507e-02	0.000000e+00	3.342915e-06	-2.855000e-06
1.358841897343507e-02	-2.384186e-07	3.342048e-06	-4.306187e-06
1.359841897343507e-02	-4.768372e-07	3.341197e-06	-2.854053e-06
1.360841897343507e-02	0.000000e+00	3.340360e-06	-4.305245e-06
1.361841897343507e-02	-2.384186e-07	3.339538e-06	-2.853138e-06
1.362841897343507e-02	-2.384186e-07	3.338730e-06	-4.304335e-06
1.363841897343507e-02	-2.384186e-07	3.337936e-06	-2.852255e-06
1.364841897343507e-02	-2.384186e-07	3.337155e-06	-4.303456e-06
1.365841897343507e-02	-2.384186e-07	3.336389e-06	-2.851401e-06
1.366841897343507e-02	-2.384186e-07	3.335635e-06	-4.302606e-06
1.367841897343507e-02	0.000000e+00	3.334895e-06	-2.850576e-06
1.368841897343507e-02	-2.384186e-07	3.334168e-06	-4.301784e-06
1.369841897343507e-02	-4.768372e-07	3.333453e-06	-2.849780e-06
1.370841897343507e-02	-2.384186e-07	3.332750e-06	-4.300991e-06
1.371841897343507e-02	-4.768372e-07	3.332060e-06	-2.849011e-06
1.372841897343507e-02	-2.384186e-07	3.331381e-06	-4.300224e-06
1.373841897343507e-02	-2.384186e-07	3.330715e-06	-2.848268e-06
1.374841897343507e-02	-2.384186e-07	3.330059e-06	-4.299483e-06
1.375841897343507e-02	-2.384186e-07	3.329416e-06	-2.847550e-06
1.376841897343507e-02	-2.384186e-07	3.328783e-06	-4.298767e-06
1.377841897343507e-02	-2.384186e-07	3.328161e-06	-2.846857e-06
1.378841897343507e-02	-2.384186e-07	3.327550e-06	-4.298075e-06
1.379841897343507e-02	-2.384186e-07	3.326950e-06	-2.846187e-06
1.380841897343507e-02	-2.384186e-07	3.326360e-06	-4.297406e-06
1.381841897343507e-02	-2.384186e-07	3.325780e-06	-2.845541e-06
1.382841897343507e-02	-2.384186e-07	3.325210e-06	-4.296759e-06
1.383841897343507e-02	-2.384186e-07	3.324651e-06	-2.844916e-06
1.384841897343507e-02	-2.384186e-07	3.324100e-06	-4.296134e-06
1.385841897343507e-02	-2.384186e-07	3.323560e-06	-2.844313e-06
1.386841897343507e-02	0.000000e+00	3.323029e-06	-4.295531e-06
1.387841897343507e-02	0.000000e+00	3.322506e-06	-2.843730e-06
1.388841897343507e-02	-2.384186e-07	3.321993e-06	-4.294947e-06
1.389841897343507e-02	-2.384186e-07	3.321489e-06	-2.843167e-06
1.390841897343507e-02	-2.384186e-07	3.320994e-06	-4.294383e-06
1.391841897343507e-02	-2.384186e-07	3.320506e-06	-2.842624e-06
1.392841897343507e-02	-2.384186e-07	3.320028e-06	-4.293838e-06
1.393841897343507e-02	-2.384186e-07	3.319558e-06	-2.842099e-06
1.394841897343507e-02	-2.384186e-07	3.319096e-06	-4.293312e-06
1.395841897343507e-02	-2.384186e-07	3.318642e-06	-2.841592e-06
1.396841897343507e-02	0.000000e+00	3.318195e-06	-4.292802e-06
1.397841897343507e-02	0.000000e+00	3.317757e-06	-2.841102e-06
1.398841897343507e-02	-2.384186e-07	3.317326e-06	-4.292310e-06
1.399841897343507e-02	-2.384186e-07	3.316902e-06	-2.840629e-06
1.400841897343507e-02	-2.384186e-07	3.316486e-06	-4.291835e-06
1.401841897343507e-02	-2.384186e-07	3.316077e-06	-2.840172e-06
1.402841897343507e-02	-2.384186e-07	3.315675e-06	-4.291375e-06
1.403841897343507e-02	-2.384186e-07	3.315280e-06	-2.839731e-06
1.404841897343507e-02	-2.384186e-07	3.314892e-06	-4.290931e-06
1.405841897343507e-02	-2.384186e-07	3.314510e-06	-2.839305e-06
1.406841897343507e-02	-4.768372e-07	3.314135e-06	-4.290502e-06
1.407841897343507e-02	-2.384186e-07	3.313766e-06	-2.838894e-06
1.408841897343507e-02	-2.384186e-07	3.313404e-06	-4.290087e-06
1.409841897343507e-02	-4.768372e-07	3.313049e-06	-2.838497e-06
1.410841897343507e-02	-2.384186e-07	3.312699e-06	-4.289685e-06
1.411841897343507e-02	-2.384186e-07	3.312355e-06	-2.838113e-06
1.412841897343507e-02	-2.384186e-07	3.312017e-06	-4.289298e-06
1.413841897343507e-02	-2.384186e-07	3.311686e-06	-2.837743e-06
1.414841897343507e-02	-2.384186e-07	3.311359e-06	-4.288923e-06
1.415841897343507e-02	0.000000e+00	3.311039e-06	-2.837385e-06
1.416841897343507e-02	0.000000e+00	3.310724e-06	-4.288560e-06
1.417841897343507e-02	0.000000e+00	3.310414e-06	-2.837039e-06
1.418841897343507e-02	-2.384186e-07	3.310110e-06	-4.288210e-06
1.419841897343507e-02	-2.384186e-07	3.309811e-06	-2.836706e-06
1.420841897343507e-02	0.000000e+00	3.309517e-06	-4.287872e-06
1.421841897343507e-02	-4.768372e-07	3.309228e-06	-2.836384e-06
1.422841897343507e-02	0.000000e+00	3.308944e-06	-4.287544e-06
1.423841897343507e-02	-4.768372e-07	3.308665e-06	-2.836073e-06
1.424841897343507e-02	0.000000e+00	3.308391e-06	-4.287228e-06
1.425841897343507e-02	-4.768372e-07	3.308122e-06	-2.835772e-06
1.426841897343507e-02	0.000000e+00	3.307857e-06	-4.286922e-06
1.427841897343507e-02	-2.384186e-07	3.307597e-06	-2.835482e-06
1.428841897343507e-02	-2.384186e-07	3.307342e-06	-4.286626e-06
1.429841897343507e-02	0.000000e+00	3.307090e-06	-2.835202e-06
1.430841897343507e-02	-2.384186e-07	3.306843e-06	-4.286341e-06
1.431841897343507e-02	-2.384186e-07	3.306601e-06	-2.834932e-06
1.432841897343507e-02	-2.384186e-07	3.306362e-06	-4.286064e-06
1.433841897343507e-02	-2.384186e-07	3.306127e-06	-2.834671e-06
1.434841897343507e-02	-2.384186e-07	3.305897e-06	-4.285797e-06
1.435841897343507e-02	-2.384186e-07	3.305671e-06	-2.834419e-06
1.436841897343507e-02	-2.384186e-07	3.305448e-06	-4.285539e-06
1.437841897343507e-02	-2.384186e-07	3.305229e-06	-2.834175e-06
1.438841897343507e-02	-2.384186e-07	3.305015e-06	-4.285289e-06
1.439841897343507e-02	-2.384186e-07	3.304803e-06	-2.833940e-06
1.440841897343507e-02	-2.384186e-07	3.304596e-06	-4.285047e-06
1.441841897343507e-02	0.000000e+00	3.304392e-06	-2.833714e-06
1.442841897343507e-02	0.000000e+00	3.304191e-06	-4.284814e-06
1.443841897343507e-02	-2.384186e-07	3.303994e-06	-2.833495e-06
1.444841897343507e-02	-2.384186e-07	3.303800e-06	-4.284588e-06
1.445841897343507e-02	-2.384186e-07	3.303610e-06	-2.833283e-06
1.446841897343507e-02	0.000000e+00	3.303423e-06	-4.284370e-06
1.447841897343507e-02	-2.384186e-07	3.303239e-06	-2.833079e-06
1.448841897343507e-02	-4.768372e-07	3.303059e-06	-4.284158e-06
1.449841897343507e-02	-2.384186e-07	3.302881e-06	-2.832882e-06
1.450841897343507e-02	-2.384186e-07	3.302706e-06	-4.283954e-06
1.451841897343507e-02	-2.384186e-07	3.302535e-06	-2.832692e-06
1.452841897343507e-02	-2.384186e-07	3.302366e-06	-4.283757e-06
1.453841897343507e-02	-4.768372e-07	3.302201e-06	-2.832508e-06
1.454841897343507e-02	-2.384186e-07	3.302038e-06	-4.283566e-06
1.455841897343507e-02	-2.384186e-07	3.301878e-06	-2.832331e-06
1.456841897343507e-02	-2.384186e-07	3.301720e-06	-4.283381e-06
1.457841897343507e-02	-2.384186e-07	3.301566e-06	-2.832160e-06
1.458841897343507e-02	-2.384186e-07	3.301414e-06	-4.283203e-06
1.459841897343507e-02	-2.384186e-07	3.301265e-06	-2.831995e-06
1.460841897343507e-02	-4.768372e-07	3.301118e-06	-4.283030e-06
1.461841897343507e-02	-2.384186e-07	3.300974e-06	-2.831835e-06
1.462841897343507e-02	-4.768372e-07	3.300832e-06	-4.282862e-06
1.463841897343507e-02	-2.384186e-07	3.300692e-06	-2.831682e-06
1.464841897343507e-02	-2.384186e-07	3.300556e-06	-4.282701e-06
1.465841897343507e-02	-2.384186e-07	3.300421e-06	-2.831533e-06
1.466841897343507e-02	-2.384186e-07	3.300289e-06	-4.282545e-06
1.467841897343507e-02	-2.384186e-07	3.300159e-06	-2.831390e-06
1.468841897343507e-02	-2.384186e-07	3.300031e-06	-4.282393e-06
1.469841897343507e-02	-2.384186e-07	3.299905e-06	-2.831252e-06
1.470841897343507e-02	-2.384186e-07	3.299782e-06	-4.282247e-06
1.471841897343507e-02	-2.384186e-07	3.299661e-06	-2.831118e-06
1.472841897343507e-02	-2.384186e-07	3.299542e-06	-4.282105e-06
1.473841897343507e-02	-2.384186e-07	3.299424e-06	-2.830989e-06
1.474841897343507e-02	-2.384186e-07	3.299309e-06	-4.281968e-06
1.475841897343507e-02	-2.384186e-07	3.299196e-06	-2.830865e-06
1.476841897343507e-02	0.000000e+00	3.299085e-06	-4.281836e-06
1.477841897343507e-02	-2.384186e-07	3.298975e-06	-2.830745e-06
1.478841897343507e-02	-2.384186e-07	3.298868e-06	-4.281707e-06
1.479841897343507e-02	-4.768372e-07	3.298762e-06	-2.830630e-06
1.480841897343507e-02	-2.384186e-07	3.298658e-06	-4.281583e-06
1.481841897343507e-02	-2.384186e-07	3.298556e-06	-2.830518e-06
1.482841897343507e-02	-2.384186e-07	3.298456e-06	-4.281463e-06
1.483841897343507e-02	-2.384186e-07	3.298357e-06	-2.830410e-06
1.484841897343507e-02	-2.384186e-07	3.298261e-06	-4.281347e-06
1.485841897343507e-02	-2.384186e-07	3.298165e-06	-2.830307e-06
1.486841897343507e-02	-2.384186e-07	3.298072e-06	-4.281234e-06
1.487841897343507e-02	-2.384186e-07	3.297980e-06	-2.830207e-06
1.488841897343507e-02	-2.384186e-07	3.297889e-06	-4.281126e-06
1.489841897343507e-02	-2.384186e-07	3.297801e-06	-2.830110e-06
1.490841897343507e-02	-2.384186e-07	3.297713e-06	-4.281020e-06
1.491841897343507e-02	-2.384186e-07	3.297627e-06	-2.830017e-06
1.492841897343507e-02	-2.384186e-07	3.297543e-06	-4.280918e-06
1.493841897343507e-02	-2.384186e-07	3.297460e-06	-2.829927e-06
1.494841897343507e-02	-2.384186e-07	3.297378e-06	-4.280819e-06
1.495841897343507e-02	-2.384186e-07	3.297298e-06	-2.829840e-06
1.496841897343507e-02	-2.384186e-07	3.297220e-06	-4.280724e-06
1.497841897343507e-02	-2.384186e-07	3.297142e-06	-2.829757e-06
1.498841897343507e-02	-2.384186e-07	3.297066e-06	-4.280631e-06
1.499841897343507e-02	-2.384186e-07	3.296991e-06	-2.829676e-06
1.500841897343507e-02	-2.384186e-07	3.296918e-06	-4.280542e-06
1.501841897343507e-02	-2.384186e-07	3.296846e-06	-2.829598e-06
1.502841897343507e-02	-2.384186e-07	3.296774e-06	-4.280455e-06
1.503841897343507e-02	0.000000e+00	3.296705e-06	-2.829523e-06
1.504841897343507e-02	-2.384186e-07	3.296636e-06	-4.280371e-06
1.505841897343507e-02	-2.384186e-07	3.296569e-06	-2.829451e-06
1.506841897343507e-02	0.000000e+00	3.296502e-06	-4.280289e-06
1.507841897343507e-02	-2.384186e-07	3.296437e-06	-2.829381e-06
1.508841897343507e-02	-2.384186e-07	3.296373e-06	-4.280211e-06
1.509841897343507e-02	-2.384186e-07	3.296310e-06	-2.829314e-06
1.510841897343507e-02	-2.384186e-07	3.296248e-06	-4.280134e-06
1.511841897343507e-02	-2.384186e-07	3.296188e-06	-2.829250e-06
1.512841897343507e-02	0.000000e+00	3.296128e-06	-4.280061e-06
1.513841897343507e-02	-2.384186e-07	3.296069e-06	-2.829187e-06
1.514841897343507e-02	-2.384186e-07	3.296011e-06	-4.279989e-06
1.515841897343507e-02	-2.384186e-07	3.295954e-06	-2.829127e-06
1.516841897343507e-02	-2.384186e-07	3.295899e-06	-4.279919e-06
1.517841897343507e-02	-2.384186e-07	3.295844e-06	-2.829069e-06
1.518841897343507e-02	-2.384186e-07	3.295790e-06	-4.279852e-06
1.519841897343507e-02	-2.384186e-07	3.295737e-06	-2.829013e-06
1.520841897343507e-02	-2.384186e-07	3.295685e-06	-4.279787e-06
1.521841897343507e-02	-2.384186e-07	3.295634e-06	-2.828960e-06
1.522841897343507e-02	-2.384186e-07	3.295583e-06	-4.279724e-06
1.523841897343507e-02	-2.384186e-07	3.295534e-06	-2.828908e-06
1.524841897343507e-02	-2.384186e-07	3.295485e-06	-4.279663e-06
1.525841897343507e-02	-2.384186e-07	3.295438e-06	-2.828858e-06
1.526841897343507e-02	-2.384186e-07	3.295391e-06	-4.279604e-06
1.527841897343507e-02	-2.384186e-07	3.295344e-06	-2.828810e-06
1.528841897343507e-02	-2.384186e-07	3.295299e-06	-4.279546e-06
1.529841897343507e-02	-2.384186e-07	3.295254e-06	-2.828764e-06
1.530841897343507e-02	-2.384186e-07	3.295211e-06	-4.279490e-06
1.531841897343507e-02	-2.384186e-07	3.295168e-06	-2.828719e-06
1.532841897343507e-02	-2.384186e-07	3.295125e-06	-4.279436e-06
1.533841897343507e-02	0.000000e+00	3.295083e-06	-2.828676e-06
1.534841897343507e-02	-2.384186e-07	3.295042e-06	-4.279384e-06
1.535841897343507e-02	-2.384186e-07	3.295002e-06	-2.828635e-06
1.536841897343507e-02	-2.384186e-07	3.294963e-06	-4.279333e-06
1.537841897343507e-02	0.000000e+00	3.294924e-06	-2.828595e-06
1.538841897343507e-02	0.000000e+00	3.294886e-06	-4.279284e-06
1.539841897343507e-02	-2.384186e-07	3.294848e-06	-2.828557e-06
1.540841897343507e-02	-2.384186e-07	3.294811e-06	-4.279236e-06
1.541841897343507e-02	-2.384186e-07	3.294775e-06	-2.828520e-06
1.542841897343507e-02	-2.384186e-07	3.294739e-06	-4.279190e-06
1.543841897343507e-02	-2.384186e-07	3.294704e-06	-2.828485e-06
1.544841897343507e-02	-2.384186e-07	3.294670e-06	-4.279145e-06
1.545841897343507e-02	-2.384186e-07	3.294636e-06	-2.828451e-06
1.546841897343507e-02	-2.384186e-07	3.294602e-06	-4.279101e-06
1.547841897343507e-02	-2.384186e-07	3.294570e-06	-2.828418e-06
1.548841897343507e-02	0.000000e+00	3.294537e-06	-4.279059e-06
1.549841897343507e-02	-2.384186e-07	3.294506e-06	-2.828387e-06
1.550841897343507e-02	-2.384186e-07	3.294474e-06	-4.279018e-06
1.551841897343507e-02	-2.384186e-07	3.294444e-06	-2.828357e-06
1.552841897343507e-02	-2.384186e-07	3.294414e-06	-4.278978e-06
1.553841897343507e-02	-2.384186e-07	3.294384e-06	-2.828328e-06
1.554841897343507e-02	-2.384186e-07	3.294355e-06	-4.278939e-06
1.555841897343507e-02	-2.384186e-07	3.294327e-06	-2.828300e-06
1.556841897343507e-02	-2.384186e-07	3.294299e-06	-4.278902e-06
1.557841897343507e-02	-2.384186e-07	3.294271e-06	-2.828273e-06
1.558841897343507e-02	0.000000e+00	3.294244e-06	-4.278865e-06
1.559841897343507e-02	-2.384186e-07	3.294218e-06	-2.828247e-06
1.560841897343507e-02	-2.384186e-07	3.294191e-06	-4.278830e-06
1.561841897343507e-02	-2.384186e-07	3.294165e-06	-2.828222e-06
1.562841897343507e-02	-2.384186e-07	3.294140e-06	-4.278795e-06
1.563841897343507e-02	-2.384186e-07	3.294115e-06	-2.828199e-06
1.564841897343507e-02	-2.384186e-07	3.294091e-06	-4.278762e-06
1.565841897343507e-02	-2.384186e-07	3.294067e-06	-2.828176e-06
1.566841897343507e-02	-2.384186e-07	3.294043e-06	-4.278729e-06
1.567841897343507e-02	-2.384186e-07	3.294020e-06	-2.828154e-06
1.568841897343507e-02	-2.384186e-07	3.293997e-06	-4.278698e-06
1.569841897343507e-02	-2.384186e-07	3.293974e-06	-2.828133e-06
1.570841897343507e-02	-2.384186e-07	3.293952e-06	-4.278667e-06
1.571841897343507e-02	-2.384186e-07	3.293931e-06	-2.828113e-06
1.572841897343507e-02	-2.384186e-07	3.293909e-06	-4.278637e-06
1.573841897343507e-02	-2.384186e-07	3.293888e-06	-2.828094e-06
1.574841897343507e-02	0.000000e+00	3.293868e-06	-4.278608e-06
1.575841897343507e-02	-2.384186e-07	3.293847e-06	-2.828076e-06
1.576841897343507e-02	-2.384186e-07	3.293827e-06	-4.278580e-06
1.577841897343507e-02	0.000000e+00	3.293808e-06	-2.828058e-06
1.578841897343507e-02	-2.384186e-07	3.293788e-06	-4.278552e-06
1.579841897343507e-02	-2.384186e-07	3.293770e-06	-2.828041e-06
1.580841897343507e-02	-2.384186e-07	3.293751e-06	-4.278526e-06
1.581841897343507e-02	-2.384186e-07	3.293733e-06	-2.828025e-06
1.582841897343507e-02	-2.384186e-07	3.293715e-06	-4.278500e-06
1.583841897343507e-02	-2.384186e-07	3.293697e-06	-2.828009e-06
1.584841897343507e-02	-2.384186e-07	3.293680e-06	-4.278475e-06
1.585841897343507e-02	-2.384186e-07	3.293663e-06	-2.827995e-06
1.586841897343507e-02	-2.384186e-07	3.293646e-06	-4.278450e-06
1.587841897343507e-02	-2.384186e-07	3.293629e-06	-2.827981e-06
1.588841897343507e-02	-2.384186e-07	3.293613e-06	-4.278426e-06
1.589841897343507e-02	-2.384186e-07	3.293597e-06	-2.827967e-06
1.590841897343507e-02	0.000000e+00	3.293581e-06	-4.278403e-06
1.591841897343507e-02	-2.384186e-07	3.293566e-06	-2.827954e-06
1.592841897343507e-02	-2.384186e-07	3.293551e-06	-4.278380e-06
1.593841897343507e-02	-2.384186e-07	3.293536e-06	-2.827942e-06
1.594841897343507e-02	-2.384186e-07	3.293521e-06	-4.278358e-06
1.595841897343507e-02	-2.384186e-07	3.293507e-06	-2.827930e-06
1.596841897343507e-02	-2.384186e-07	3.293492e-06	-4.278336e-06
1.597841897343507e-02	-2.384186e-07	3.293479e-06	-2.827919e-06
1.598841897343507e-02	-2.384186e-07	3.293465e-06	-4.278315e-06
1.599841897343507e-02	-2.384186e-07	3.293451e-06	-2.827908e-06
1.600841897343507e-02	0.000000e+00	3.293438e-06	-4.278295e-06
1.601841897343507e-02	-2.384186e-07	3.293425e-06	-2.827898e-06
1.602841897343507e-02	-2.384186e-07	3.293412e-06	-4.278275e-06
1.603841897343507e-02	-2.384186e-07	3.293400e-06	-2.827889e-06
1.604841897343507e-02	-2.384186e-07	3.293387e-06	-4.278256e-06
1.605841897343507e-02	-2.384186e-07	3.293375e-06	-2.827880e-06
1.606841897343507e-02	-2.384186e-07	3.293363e-06	-4.278237e-06
1.607841897343507e-02	-2.384186e-07	3.293352e-06	-2.827871e-06
1.608841897343507e-02	-2.384186e-07	3.293340e-06	-4.278218e-06
1.609841897343507e-02	0.000000e+00	3.293329e-06	-2.827863e-06
1.610841897343507e-02	-2.384186e-07	3.293317e-06	-4.278200e-06
1.611841897343507e-02	-2.384186e-07	3.293306e-06	-2.827855e-06
1.612841897343507e-02	-2.384186e-07	3.293296e-06	-4.278183e-06
1.613841897343507e-02	-2.384186e-07	3.293285e-06	-2.827848e-06
1.614841897343507e-02	-2.384186e-07	3.293275e-06	-4.278165e-06
1.615841897343507e-02	-2.384186e-07	3.293264e-06	-2.827841e-06
1.616841897343507e-02	-2.384186e-07	3.293254e-06	-4.278148e-06
1.617841897343507e-02	-2.384186e-07	3.293244e-06	-2.827834e-06
1.618841897343507e-02	-2.384186e-07	3.293235e-06	-4.278132e-06
1.619841897343507e-02	-2.384186e-07	3.293225e-06	-2.827828e-06
1.620841897343507e-02	-2.384186e-07	3.293216e-06	-4.278116e-06
1.621841897343507e-02	-2.384186e-07	3.293206e-06	-2.827822e-06
1.622841897343507e-02	-2.384186e-07	3.293197e-06	-4.278101e-06
1.623841897343507e-02	-2.384186e-07	3.293188e-06	-2.827817e-06
1.624841897343507e-02	-2.384186e-07	3.293180e-06	-4.278085e-06
1.625841897343507e-02	-2.384186e-07	3.293171e-06	-2.827812e-06
1.626841897343507e-02	-2.384186e-07	3.293162e-06	-4.278070e-06
1.627841897343507e-02	-2.384186e-07	3.293154e-06	-2.827807e-06
1.628841897343507e-02	-2.384186e-07	3.293146e-06	-4.278056e-06
1.629841897343507e-02	-2.384186e-07	3.293138e-06	-2.827803e-06
1.630841897343507e-02	-2.384186e-07	3.293130e-06	-4.278042e-06
1.631841897343507e-02	-2.384186e-07	3.293122e-06	-2.827798e-06
1.632841897343507e-02	0.000000e+00	3.293114e-06	-4.278028e-06
1.633841897343507e-02	-2.384186e-07	3.293107e-06	-2.827795e-06
1.634841897343507e-02	-2.384186e-07	3.293099e-06	-4.278014e-06
1.635841897343507e-02	-2.384186e-07	3.293092e-06	-2.827791e-06
1.636841897343507e-02	-2.384186e-07	3.293085e-06	-4.278001e-06
1.637841897343507e-02	-2.384186e-07	3.293078e-06	-2.827788e-06
1.638841897343507e-02	-2.384186e-07	3.293071e-06	-4.277988e-06
1.639841897343507e-02	0.000000e+00	3.293064e-06	-2.827785e-06
1.640841897343507e-02	-2.384186e-07	3.293057e-06	-4.277975e-06
1.641841897343507e-02	-2.384186e-07	3.293051e-06	-2.827782e-06
1.642841897343507e-02	-2.384186e-07	3.293044e-06	-4.277962e-06
1.643841897343507e-02	0.000000e+00	3.293038e-06	-2.827780e-06
1.644841897343507e-02	-2.384186e-07	3.293032e-06	-4.277950e-06
1.645841897343507e-02	-2.384186e-07	3.293025e-06	-2.827777e-06
1.646841897343507e-02	-2.384186e-07	3.293019e-06	-4.277937e-06
1.647841897343507e-02	-2.384186e-07	3.293013e-06	-2.827775e-06
1.648841897343507e-02	-2.384186e-07	3.293007e-06	-4.277926e-06
1.649841897343507e-02	-2.384186e-07	3.293002e-06	-2.827773e-06
1.650841897343507e-02	-2.384186e-07	3.292996e-06	-4.277914e-06
1.651841897343507e-02	-2.384186e-07	3.292990e-06	-2.827772e-06
1.652841897343507e-02	-2.384186e-07	3.292985e-06	-4.277903e-06
1.653841897343507e-02	-2.384186e-07	3.292979e-06	-2.827770e-06
1.654841897343507e-02	-2.384186e-07	3.292974e-06	-4.277892e-06
1.655841897343507e-02	-2.384186e-07	3.292969e-06	-2.827769e-06
1.656841897343507e-02	0.000000e+00	3.292964e-06	-4.277881e-06
1.657841897343507e-02	-2.384186e-07	3.292959e-06	-2.827768e-06
1.658841897343507e-02	-2.384186e-07	3.292954e-06	-4.277870e-06
1.659841897343507e-02	-2.384186e-07	3.292949e-06	-2.827768e-06
1.660841897343507e-02	-2.384186e-07	3.292944e-06	-4.277859e-06
1.661841897343507e-02	-2.384186e-07	3.292939e-06	-2.827767e-06
1.662841897343507e-02	-2.384186e-07	3.292935e-06	-4.277849e-06
1.663841897343507e-02	0.000000e+00	3.292930e-06	-2.827767e-06
1.664841897343507e-02	-2.384186e-07	3.292926e-06	-4.277839e-06
1.665841897343507e-02	-2.384186e-07	3.292922e-06	-2.827767e-06
1.666841897343507e-02	-2.384186e-07	3.292917e-06	-4.277829e-06
1.667841897343507e-02	-2.384186e-07	3.292913e-06	-2.827766e-06
1.668841897343507e-02	-2.384186e-07	3.292909e-06	-4.277819e-06
1.669841897343507e-02	-2.384186e-07	3.292905e-06	-2.827767e-06
1.670841897343507e-02	-2.384186e-07	3.292901e-06	-4.277809e-06
1.671841897343507e-02	-2.384186e-07	3.292897e-06	-2.827767e-06
1.672841897343507e-02	-2.384186e-07	3.292893e-06	-4.277800e-06
1.673841897343507e-02	-2.384186e-07	3.292889e-06	-2.827767e-06
1.674841897343507e-02	0.000000e+00	3.292885e-06	-4.277791e-06
1.675841897343507e-02	-2.384186e-07	3.292882e-06	-2.827768e-06
1.676841897343507e-02	-2.384186e-07	3.292878e-06	-4.277781e-06
1.677841897343507e-02	-2.384186e-07	3.292874e-06	-2.827768e-06
1.678841897343507e-02	-2.384186e-07	3.292871e-06	-4.277772e-06
1.679841897343507e-02	-2.384186e-07	3.292867e-06	-2.827769e-06
1.680841897343507e-02	0.000000e+00	3.292864e-06	-4.277763e-06
1.681841897343507e-02	-2.384186e-07	3.292860e-06	-2.827770e-06
1.682841897343507e-02	-2.384186e-07	3.292857e-06	-4.277755e-06
1.683841897343507e-02	-2.384186e-07	3.292854e-06	-2.827771e-06
1.684841897343507e-02	-2.384186e-07	3.292851e-06	-4.277746e-06
1.685841897343507e-02	-2.384186e-07	3.292847e-06	-2.827773e-06
1.686841897343507e-02	-2.384186e-07	3.292844e-06	-4.277737e-06
1.687841897343507e-02	-2.384186e-07	3.292841e-06	-2.827774e-06
1.688841897343507e-02	-2.384186e-07	3.292838e-06	-4.277729e-06
1.689841897343507e-02	-2.384186e-07	3.292835e-06	-2.827775e-06
1.690841897343507e-02	0.000000e+00	3.292833e-06	-4.277721e-06
1.691841897343507e-02	-2.384186e-07	3.292830e-06	-2.827777e-06
1.692841897343507e-02	-2.384186e-07	3.292827e-06	-4.277712e-06
1.693841897343507e-02	-2.384186e-07	3.292824e-06	-2.827779e-06
1.694841897343507e-02	-2.384186e-07	3.292821e-06	-4.277704e-06
1.695841897343507e-02	-2.384186e-07	3.292819e-06	-2.827780e-06
1.696841897343507e-02	0.000000e+00	3.292816e-06	-4.277696e-06
1.697841897343507e-02	0.000000e+00	3.292814e-06	-2.827782e-06
1.698841897343507e-02	0.000000e+00	3.292811e-06	-4.277688e-06
1.699841897343507e-02	-2.384186e-07	3.292809e-06	-2.827784e-06
1.700841897343507e-02	-2.384186e-07	3.292806e-06	-4.277681e-06
1.701841897343507e-02	-2.384186e-07	3.292804e-06	-2.827786e-06
1.702841897343507e-02	-2.384186e-07	3.292801e-06	-4.277673e-06
1.703841897343507e-02	-2.384186e-07	3.292799e-06	-2.827788e-06
1.704841897343507e-02	0.000000e+00	3.292797e-06	-4.277666e-06
1.705841897343507e-02	0.000000e+00	3.292795e-06	-2.827790e-06
1.706841897343507e-02	0.000000e+00	3.292792e-06	-4.277658e-06
1.707841897343507e-02	-2.384186e-07	3.292790e-06	-2.827793e-06
1.708841897343507e-02	-2.384186e-07	3.292788e-06	-4.277651e-06
1.709841897343507e-02	-2.384186e-07	3.292786e-06	-2.827795e-06
1.710841897343507e-02	-2.384186e-07	3.292784e-06	-4.277643e-06
1.711841897343507e-02	-2.384186e-07	3.292782e-06	-2.827798e-06
1.712841897343507e-02	-2.384186e-07	3.292780e-06	-4.277636e-06
1.713841897343507e-02	0.000000e+00	3.292778e-06	-2.827800e-06
1.714841897343507e-02	-2.384186e-07	3.292776e-06	-4.277629e-06
1.715841897343507e-02	-2.384186e-07	3.292774e-06	-2.827803e-06
1.716841897343507e-02	-2.384186e-07	3.292772e-06	-4.277622e-06
1.717841897343507e-02	-2.384186e-07	3.292770e-06	-2.827805e-06
1.718841897343507e-02	-2.384186e-07	3.292768e-06	-4.277615e-06
1.719841897343507e-02	-2.384186e-07	3.292767e-06	-2.827808e-06
1.720841897343507e-02	-2.384186e-07	3.292765e-06	-4.277608e-06
1.721841897343507e-02	-2.384186e-07	3.292763e-06	-2.827811e-06
1.722841897343507e-02	-2.384186e-07	3.292762e-06	-4.277601e-06
1.723841897343507e-02	-2.384186e-07	3.292760e-06	-2.827814e-06
1.724841897343507e-02	-2.384186e-07	3.292758e-06	-4.277595e-06
1.725841897343507e-02	-2.384186e-07	3.292757e-06	-2.827817e-06
1.726841897343507e-02	-2.384186e-07	3.292755e-06	-4.277588e-06
1.727841897343507e-02	-2.384186e-07	3.292753e-06	-2.827820e-06
1.728841897343507e-02	-2.384186e-07	3.292752e-06	-4.277581e-06
1.729841897343507e-02	-2.384186e-07	3.292751e-06	-2.827823e-06
1.730841897343507e-02	0.000000e+00	3.292749e-06	-4.277575e-06
1.731841897343507e-02	-2.384186e-07	3.292748e-06	-2.827826e-06
1.732841897343507e-02	-2.384186e-07	3.292746e-06	-4.277568e-06
1.733841897343507e-02	-2.384186e-07	3.292745e-06	-2.827829e-06
1.734841897343507e-02	-2.384186e-07	3.292743e-06	-4.277561e-06
1.735841897343507e-02	0.000000e+00	3.292742e-06	-2.827832e-06
1.736841897343507e-02	-2.384186e-07	3.292741e-06	-4.277555e-06
1.737841897343507e-02	-2.384186e-07	3.292739e-06	-2.827836e-06
1.738841897343507e-02	-2.384186e-07	3.292738e-06	-4.277549e-06
1.739841897343507e-02	-2.384186e-07	3.292737e-06	-2.827839e-06
1.740841897343507e-02	-2.384186e-07	3.292736e-06	-4.277542e-06
1.741841897343507e-02	-2.384186e-07	3.292734e-06	-2.827842e-06
1.742841897343507e-02	-2.384186e-07	3.292733e-06	-4.277536e-06
1.743841897343507e-02	-2.384186e-07	3.292732e-06	-2.827846e-06
1.744841897343507e-02	-2.384186e-07	3.292731e-06	-4.277530e-06
1.745841897343507e-02	-2.384186e-07	3.292730e-06	-2.827849e-06
1.746841897343507e-02	-2.384186e-07	3.292728e-06	-4.277524e-06
1.747841897343507e-02	-2.384186e-07	3.292727e-06	-2.827853e-06
1.748841897343507e-02	-2.384186e-07	3.292726e-06	-4.277518e-06
1.749841897343507e-02	-2.384186e-07	3.292725e-06	-2.827856e-06
1.750841897343507e-02	-2.384186e-07	3.292724e-06	-4.277512e-06
1.751841897343507e-02	-2.384186e-07	3.292723e-06	-2.827860e-06
1.752841897343507e-02	-2.384186e-07	3.292722e-06	-4.277506e-06
1.753841897343507e-02	-2.384186e-07	3.292721e-06	-2.827863e-06
1.754841897343507e-02	-2.384186e-07	3.292720e-06	-4.277500e-06
1.755841897343507e-02	-2.384186e-07	3.292719e-06	-2.827867e-06
1.756841897343507e-02	0.000000e+00	3.292718e-06	-4.277494e-06
1.757841897343507e-02	-2.384186e-07	3.292717e-06	-2.827871e-06
1.758841897343507e-02	-2.384186e-07	3.292716e-06	-4.277488e-06
1.759841897343507e-02	-2.384186e-07	3.292716e-06	-2.827874e-06
1.760841897343507e-02	-2.384186e-07	3.292715e-06	-4.277482e-06
1.761841897343507e-02	-2.384186e-07	3.292714e-06	-2.827878e-06
1.762841897343507e-02	-2.384186e-07	3.292713e-06	-4.277476e-06
1.763841897343507e-02	-2.384186e-07	3.292712e-06	-2.827882e-06
1.764841897343507e-02	0.000000e+00	3.292711e-06	-4.277470e-06
1.765841897343507e-02	-2.384186e-07	3.292710e-06	-2.827886e-06
1.766841897343507e-02	-2.384186e-07	3.292709e-06	-4.277465e-06
1.767841897343507e-02	-2.384186e-07	3.292708e-06	-2.827889e-06
1.768841897343507e-02	-2.384186e-07	3.292708e-06	-4.277459e-06
1.769841897343507e-02	-2.384186e-07	3.292707e-06	-2.827893e-06
1.770841897343507e-02	0.000000e+00	3.292706e-06	-4.277454e-06
1.771841897343507e-02	-2.384186e-07	3.292706e-06	-2.827897e-06
1.772841897343507e-02	-2.384186e-07	3.292705e-06	-4.277448e-06
1.773841897343507e-02	-2.384186e-07	3.292704e-06	-2.827901e-06
1.774841897343507e-02	-2.384186e-07	3.292703e-06	-4.277442e-06
1.775841897343507e-02	-2.384186e-07	3.292703e-06	-2.827905e-06
1.776841897343507e-02	-2.384186e-07	3.292702e-06	-4.277437e-06
1.777841897343507e-02	-2.384186e-07	3.292701e-06	-2.827909e-06
1.778841897343507e-02	-2.384186e-07	3.292701e-06	-4.277431e-06
1.779841897343507e-02	-2.384186e-07	3.292700e-06	-2.827913e-06
1.780841897343507e-02	0.000000e+00	3.292699e-06	-4.277425e-06
1.781841897343507e-02	-2.384186e-07	3.292699e-06	-2.827917e-06
1.782841897343507e-02	-2.384186e-07	3.292698e-06	-4.277420e-06
1.783841897343507e-02	-2.384186e-07	3.292697e-06	-2.827921e-06
1.784841897343507e-02	0.000000e+00	3.292697e-06	-4.277415e-06
1.785841897343507e-02	-2.384186e-07	3.292696e-06	-2.827925e-06
1.786841897343507e-02	-2.384186e-07	3.292696e-06	-4.277409e-06
1.787841897343507e-02	-2.384186e-07	3.292695e-06	-2.827929e-06
1.788841897343507e-02	0.000000e+00	3.292695e-06	-4.277404e-06
1.789841897343507e-02	-2.384186e-07	3.292694e-06	-2.827933e-06
1.790841897343507e-02	-2.384186e-07	3.292693e-06	-4.277399e-06
1.791841897343507e-02	-2.384186e-07	3.292693e-06	-2.827937e-06
1.792841897343507e-02	-2.384186e-07	3.292692e-06	-4.277393e-06
1.793841897343507e-02	-2.384186e-07	3.292692e-06	-2.827941e-06
1.794841897343507e-02	-2.384186e-07	3.292691e-06	-4.277388e-06
1.795841897343507e-02	-2.384186e-07	3.292691e-06	-2.827945e-06
1.796841897343507e-02	-2.384186e-07	3.292691e-06	-4.277382e-06
1.797841897343507e-02	-2.384186e-07	3.292690e-06	-2.827949e-06
1.798841897343507e-02	-2.384186e-07	3.292689e-06	-4.277377e-06
1.799841897343507e-02	-2.384186e-07	3.292689e-06	-2.827953e-06
1.800841897343507e-02	-2.384186e-07	3.292688e-06	-4.277372e-06
1.801841897343507e-02	-2.384186e-07	3.292688e-06	-2.827958e-06
1.802841897343507e-02	-2.384186e-07	3.292688e-06	-4.277367e-06
1.803841897343507e-02	-2.384186e-07	3.292687e-06	-2.827962e-06
1.804841897343507e-02	-2.384186e-07	3.292687e-06	-4.277361e-06
1.805841897343507e-02	-2.384186e-07	3.292686e-06	-2.827966e-06
1.806841897343507e-02	-2.384186e-07	3.292686e-06	-4.277356e-06
1.807841897343507e-02	-2.384186e-07	3.292686e-06	-2.827970e-06
1.808841897343507e-02	0.000000e+00	3.292685e-06	-4.277351e-06
1.809841897343507e-02	-2.384186e-07	3.292685e-06	-2.827975e-06
1.810841897343507e-02	-2.384186e-07	3.292684e-06	-4.277346e-06
1.811841897343507e-02	-2.384186e-07	3.292684e-06	-2.827979e-06
1.812841897343507e-02	-2.384186e-07	3.292683e-06	-4.277341e-06
1.813841897343507e-02	-2.384186e-07	3.292683e-06	-2.827983e-06
1.814841897343507e-02	-2.384186e-07	3.292683e-06	-4.277335e-06
1.815841897343507e-02	-2.384186e-07	3.292682e-06	-2.827987e-06
1.816841897343507e-02	-2.384186e-07	3.292682e-06	-4.277330e-06
1.817841897343507e-02	-2.384186e-07	3.292682e-06	-2.827992e-06
1.818841897343507e-02	-2.384186e-07	3.292681e-06	-4.277325e-06
1.819841897343507e-02	-2.384186e-07	3.292681e-06	-2.827996e-06
1.820841897343507e-02	-2.384186e-07	3.292681e-06	-4.277320e-06
1.821841897343507e-02	-2.384186e-07	3.292680e-06	-2.828000e-06
1.822841897343507e-02	0.000000e+00	3.292680e-06	-4.277315e-06
1.823841897343507e-02	-2.384186e-07	3.292680e-06	-2.828004e-06
1.824841897343507e-02	-2.384186e-07	3.292679e-06	-4.277310e-06
1.825841897343507e-02	-2.384186e-07	3.292679e-06	-2.828009e-06
1.826841897343507e-02	-2.384186e-07	3.292679e-06	-4.277305e-06
1.827841897343507e-02	-2.384186e-07	3.292678e-06	-2.828013e-06
1.828841897343507e-02	-2.384186e-07	3.292678e-06	-4.277300e-06
1.829841897343507e-02	-2.384186e-07	3.292678e-06	-2.828017e-06
1.830841897343507e-02	0.000000e+00	3.292678e-06	-4.277295e-06
1.831841897343507e-02	-2.384186e-07	3.292677e-06	-2.828022e-06
1.832841897343507e-02	-2.384186e-07	3.292677e-06	-4.277290e-06
1.833841897343507e-02	-2.384186e-07	3.292677e-06	-2.828026e-06
1.834841897343507e-02	-2.384186e-07	3.292676e-06	-4.277285e-06
1.835841897343507e-02	-2.384186e-07	3.292676e-06	-2.828030e-06
1.836841897343507e-02	-2.384186e-07	3.292676e-06	-4.277280e-06
1.837841897343507e-02	-2.384186e-07	3.292676e-06	-2.828035e-06
1.838841897343507e-02	0.000000e+00	3.292676e-06	-4.277275e-06
1.839841897343507e-02	0.000000e+00	3.292675e-06	-2.828039e-06
1.840841897343507e-02	-2.384186e-07	3.292675e-06	-4.277270e-06
1.841841897343507e-02	-2.384186e-07	3.292675e-06	-2.828044e-06
1.842841897343507e-02	-2.384186e-07	3.292675e-06	-4.277265e-06
1.843841897343507e-02	-2.384186e-07	3.292674e-06	-2.828048e-06
1.844841897343507e-02	-2.384186e-07	3.292674e-06	-4.277260e-06
1.845841897343507e-02	-2.384186e-07	3.292674e-06	-2.828052e-06
1.846841897343507e-02	-2.384186e-07	3.292674e-06	-4.277255e-06
1.847841897343507e-02	-2.384186e-07	3.292673e-06	-2.828057e-06
1.848841897343507e-02	-2.384186e-07	3.292673e-06	-4.277250e-06
1.849841897343507e-02	-2.384186e-07	3.292673e-06	-2.828061e-06
1.850841897343507e-02	0.000000e+00	3.292673e-06	-4.277246e-06
1.851841897343507e-02	-2.384186e-07	3.292673e-06	-2.828065e-06
1.852841897343507e-02	-2.384186e-07	3.292672e-06	-4.277241e-06
1.853841897343507e-02	-2.384186e-07	3.292672e-06	-2.828070e-06
1.854841897343507e-02	-2.384186e-07	3.292672e-06	-4.277236e-06
1.855841897343507e-02	-2.384186e-07	3.292672e-06	-2.828074e-06
1.856841897343507e-02	-2.384186e-07	3.292672e-06	-4.277231e-06
1.857841897343507e-02	-2.384186e-07	3.292671e-06	-2.828079e-06
1.858841897343507e-02	-2.384186e-07	3.292671e-06	-4.277226e-06
1.859841897343507e-02	-2.384186e-07	3.292671e-06	-2.828083e-06
1.860841897343507e-02	-2.384186e-07	3.292671e-06	-4.277221e-06
1.861841897343507e-02	-2.384186e-07	3.292671e-06	-2.828087e-06
1.862841897343507e-02	0.000000e+00	3.292671e-06	-4.277217e-06
1.863841897343507e-02	-2.384186e-07	3.292670e-06	-2.828092e-06
1.864841897343507e-02	-2.384186e-07	3.292670e-06	-4.277212e-06
1.865841897343507e-02	-2.384186e-07	3.292670e-06	-2.828096e-06
1.866841897343507e-02	-2.384186e-07	3.292670e-06	-4.277207e-06
1.867841897343507e-02	-2.384186e-07	3.292670e-06	-2.828101e-06
1.868841897343507e-02	-2.384186e-07	3.292670e-06	-4.277202e-06
1.869841897343507e-02	-2.384186e-07	3.292670e-06	-2.828105e-06
1.870841897343507e-02	-2.384186e-07	3.292669e-06	-4.277198e-06
1.871841897343507e-02	-2.384186e-07	3.292669e-06	-2.828109e-06
1.872841897343507e-02	-2.384186e-07	3.292669e-06	-4.277193e-06
1.873841897343507e-02	-2.384186e-07	3.292669e-06	-2.828114e-06
1.874841897343507e-02	-2.384186e-07	3.292669e-06	-4.277188e-06
1.875841897343507e-02	-2.384186e-07	3.292669e-06	-2.828118e-06
1.876841897343507e-02	-2.384186e-07	3.292669e-06	-4.277183e-06
1.877841897343507e-02	-2.384186e-07	3.292668e-06	-2.828123e-06
1.878841897343507e-02	0.000000e+00	3.292668e-06	-4.277179e-06
1.879841897343507e-02	0.000000e+00	3.292668e-06	-2.828127e-06
1.880841897343507e-02	0.000000e+00	3.292668e-06	-4.277174e-06
1.881841897343507e-02	-2.384186e-07	3.292668e-06	-2.828132e-06
1.882841897343507e-02	-2.384186e-07	3.292668e-06	-4.277169e-06
1.883841897343507e-02	-2.384186e-07	3.292668e-06	-2.828136e-06
1.884841897343507e-02	-2.384186e-07	3.292668e-06	-4.277164e-06
1.885841897343507e-02	-2.384186e-07	3.292667e-06	-2.828141e-06
1.886841897343507e-02	-2.384186e-07	3.292667e-06	-4.277159e-06
1.887841897343507e-02	-2.384186e-07	3.292667e-06	-2.828145e-06
1.888841897343507e-02	-2.384186e-07	3.292667e-06	-4.277155e-06
1.889841897343507e-02	-2.384186e-07	3.292667e-06	-2.828149e-06
1.890841897343507e-02	-2.384186e-07	3.292667e-06	-4.277150e-06
1.891841897343507e-02	-2.384186e-07	3.292667e-06	-2.828154e-06
1.892841897343507e-02	-2.384186e-07	3.292667e-06	-4.277145e-06
1.893841897343507e-02	-2.384186e-07	3.292667e-06	-2.828158e-06
1.894841897343507e-02	-2.384186e-07	3.292666e-06	-4.277141e-06
1.895841897343507e-02	-2.384186e-07	3.292666e-06	-2.828163e-06
1.896841897343507e-02	-2.384186e-07	3.292666e-06	-4.277136e-06
1.897841897343507e-02	-2.384186e-07	3.292666e-06	-2.828167e-06
1.898841897343507e-02	-2.384186e-07	3.292666e-06	-4.277131e-06
1.899841897343507e-02	-2.384186e-07	3.292666e-06	-2.828172e-06
1.900841897343507e-02	0.000000e+00	3.292666e-06	-4.277127e-06
1.901841897343507e-02	0.000000e+00	3.292666e-06	-2.828176e-06
1.902841897343507e-02	0.000000e+00	3.292666e-06	-4.277122e-06
1.903841897343507e-02	-2.384186e-07	3.292665e-06	-2.828181e-06
1.904841897343507e-02	-2.384186e-07	3.292665e-06	-4.277118e-06
1.905841897343507e-02	-2.384186e-07	3.292665e-06	-2.828185e-06
1.906841897343507e-02	-2.384186e-07	3.292665e-06	-4.277113e-06
1.907841897343507e-02	-2.384186e-07	3.292665e-06	-2.828190e-06
1.908841897343507e-02	-2.384186e-07	3.292665e-06	-4.277108e-06
1.909841897343507e-02	-2.384186e-07	3.292665e-06	-2.828194e-06
1.910841897343507e-02	-2.384186e-07	3.292665e-06	-4.277103e-06
1.911841897343507e-02	-2.384186e-07	3.292665e-06	-2.828198e-06
1.912841897343507e-02	-2.384186e-07	3.292665e-06	-4.277099e-06
1.913841897343507e-02	-2.384186e-07	3.292665e-06	-2.828203e-06
1.914841897343507e-02	-2.384186e-07	3.292665e-06	-4.277094e-06
1.915841897343507e-02	-2.384186e-07	3.292665e-06	-2.828207e-06
1.916841897343507e-02	-2.384186e-07	3.292665e-06	-4.277089e-06
1.917841897343507e-02	-2.384186e-07	3.292665e-06	-2.828212e-06
1.918841897343507e-02	-2.384186e-07	3.292665e-06	-4.277085e-06
1.919841897343507e-02	-2.384186e-07	3.292664e-06	-2.828216e-06
1.920841897343507e-02	-2.384186e-07	3.292664e-06	-4.277080e-06
1.921841897343507e-02	-2.384186e-07	3.292664e-06	-2.828221e-06
1.922841897343507e-02	-2.384186e-07	3.292664e-06	-4.277076e-06
1.923841897343507e-02	-2.384186e-07	3.292664e-06	-2.828225e-06
1.924841897343507e-02	-2.384186e-07	3.292664e-06	-4.277071e-06
1.925841897343507e-02	-2.384186e-07	3.292664e-06	-2.828230e-06
1.926841897343507e-02	-2.384186e-07	3.292664e-06	-4.277067e-06
1.927841897343507e-02	-2.384186e-07	3.292664e-06	-2.828234e-06
1.928841897343507e-02	-2.384186e-07	3.292664e-06	-4.277062e-06
1.929841897343507e-02	-2.384186e-07	3.292664e-06	-2.828238e-06
1.930841897343507e-02	-2.384186e-07	3.292664e-06	-4.277058e-06
1.931841897343507e-02	-2.384186e-07	3.292664e-06	-2.828243e-06
1.932841897343507e-02	-2.384186e-07	3.292664e-06	-4.277053e-06
1.933841897343507e-02	-2.384186e-07	3.292664e-06	-2.828247e-06
1.934841897343507e-02	-2.384186e-07	3.292664e-06	-4.277048e-06
1.935841897343507e-02	-2.384186e-07	3.292663e-06	-2.828252e-06
1.936841897343507e-02	0.000000e+00	3.292663e-06	-4.277044e-06
1.937841897343507e-02	0.000000e+00	3.292663e-06	-2.828256e-06
1.938841897343507e-02	0.000000e+00	3.292663e-06	-4.277039e-06
1.939841897343507e-02	0.000000e+00	3.292663e-06	-2.828261e-06
1.940841897343507e-02	0.000000e+00	3.292663e-06	-4.277035e-06
1.941841897343507e-02	-2.384186e-07	3.292663e-06	-2.828265e-06
1.942841897343507e-02	-2.384186e-07	3.292663e-06	-4.277030e-06
1.943841897343507e-02	-2.384186e-07	3.292663e-06	-2.828270e-06
1.944841897343507e-02	-2.384186e-07	3.292663e-06	-4.277026e-06
1.945841897343507e-02	-2.384186e-07	3.292663e-06	-2.828274e-06
1.946841897343507e-02	-2.384186e-07	3.292663e-06	-4.277021e-06
1.947841897343507e-02	-2.384186e-07	3.292663e-06	-2.828278e-06
1.948841897343507e-02	-2.384186e-07	3.292663e-06	-4.277017e-06
1.949841897343507e-02	-2.384186e-07	3.292663e-06	-2.828283e-06
1.950841897343507e-02	-2.384186e-07	3.292663e-06	-4.277012e-06
1.951841897343507e-02	-2.384186e-07	3.292663e-06	-2.828287e-06
1.952841897343507e-02	-2.384186e-07	3.292663e-06	-4.277008e-06
1.953841897343507e-02	-2.384186e-07	3.292663e-06	-2.828292e-06
1.954841897343507e-02	-2.384186e-07	3.292663e-06	-4.277003e-06
1.955841897343507e-02	-2.384186e-07	3.292663e-06	-2.828296e-06
1.956841897343507e-02	-2.384186e-07	3.292663e-06	-4.276998e-06
1.957841897343507e-02	-2.384186e-07	3.292663e-06	-2.828300e-06
1.958841897343507e-02	-2.384186e-07	3.292663e-06	-4.276994e-06
1.959841897343507e-02	-2.384186e-07	3.292663e-06	-2.828305e-06
1.960841897343507e-02	-2.384186e-07	3.292663e-06	-4.276989e-06
1.961841897343507e-02	-2.384186e-07	3.292662e-06	-2.828309e-06
1.962841897343507e-02	-2.384186e-07	3.292662e-06	-4.276985e-06
1.963841897343507e-02	-2.384186e-07	3.292662e-06	-2.828314e-06
1.964841897343507e-02	-2.384186e-07	3.292662e-06	-4.276980e-06
1.965841897343507e-02	-2.384186e-07	3.292662e-06	-2.828318e-06
1.966841897343507e-02	-2.384186e-07	3.292662e-06	-4.276976e-06
1.967841897343507e-02	-2.384186e-07	3.292662e-06	-2.828323e-06
1.968841897343507e-02	-2.384186e-07	3.292662e-06	-4.276972e-06
1.969841897343507e-02	-2.384186e-07	3.292662e-06	-2.828327e-06
1.970841897343507e-02	-2.384186e-07	3.292662e-06	-4.276967e-06
1.971841897343507e-02	-2.384186e-07	3.292662e-06	-2.828331e-06
1.972841897343507e-02	-2.384186e-07	3.292662e-06	-4.276962e-06
1.973841897343507e-02	-2.384186e-07	3.292662e-06	-2.828336e-06
1.974841897343507e-02	-2.384186e-07	3.292662e-06	-4.276958e-06
1.975841897343507e-02	-2.384186e-07	3.292662e-06	-2.828340e-06
1.976841897343507e-02	-2.384186e-07	3.292662e-06	-4.276953e-06
1.977841897343507e-02	-2.384186e-07	3.292662e-06	-2.828345e-06
1.978841897343507e-02	-2.384186e-07	3.292662e-06	-4.276949e-06
1.979841897343507e-02	-2.384186e-07	3.292662e-06	-2.828349e-06
1.980841897343507e-02	-2.384186e-07	3.292662e-06	-4.276944e-06
1.981841897343507e-02	-2.384186e-07	3.292662e-06	-2.828353e-06
1.982841897343507e-02	-2.384186e-07	3.292662e-06	-4.276940e-06
1.983841897343507e-02	-2.384186e-07	3.292662e-06	-2.828358e-06
1.984841897343507e-02	-2.384186e-07	3.292662e-06	-4.276936e-06
1.985841897343507e-02	-2.384186e-07	3.292662e-06	-2.828362e-06
1.986841897343507e-02	-2.384186e-07	3.292662e-06	-4.276931e-06
1.987841897343507e-02	-2.384186e-07	3.292662e-06	-2.828367e-06
1.988841897343507e-02	-2.384186e-07	3.292662e-06	-4.276927e-06
1.989841897343507e-02	-2.384186e-07	3.292662e-06	-2.828371e-06
1.990841897343507e-02	-2.384186e-07	3.292662e-06	-4.276922e-06
1.991841897343507e-02	-2.384186e-07	3.292662e-06	-2.828375e-06
1.992841897343507e-02	-2.384186e-07	3.292662e-06	-4.276918e-06
1.993841897343507e-02	-2.384186e-07	3.292662e-06	-2.828380e-06
1.994841897343507e-02	-2.384186e-07	3.292662e-06	-4.276913e-06
1.995841897343507e-02	-2.384186e-07	3.292661e-06	-2.828384e-06
1.996841897343507e-02	-2.384186e-07	3.292661e-06	-4.276909e-06
1.997841897343507e-02	-2.384186e-07	3.292661e-06	-2.828388e-06
1.998841897343507e-02	-2.384186e-07	3.292661e-06	-4.276905e-06
1.999841897343507e-02	-2.384186e-07	3.292661e-06	-2.828393e-06
2.000000000000000e-02	-2.384186e-07	3.292661e-06	-4.276888e-06
Step Information: Rtierra=500K  (Step: 3/3)
0.000000000000000e+00	5.245209e-06	1.405471e-11	-2.599973e-07
9.999999439624929e-11	5.245209e-06	-2.563326e-10	-2.592384e-07
1.999999887924986e-10	5.245209e-06	-5.187588e-10	-2.585271e-07
1.599999910339989e-09	5.006790e-06	-4.118682e-09	-2.488105e-07
3.199999820679977e-09	5.006790e-06	-8.189349e-09	-2.381360e-07
6.399999641359955e-09	5.245209e-06	-1.619378e-08	-2.178996e-07
1.279999928271991e-08	5.483627e-06	-3.167199e-08	-1.806742e-07
2.559999856543982e-08	5.960464e-06	-6.061090e-08	-1.142790e-07
5.119999713087964e-08	6.437302e-06	-1.084829e-07	-7.533891e-10
7.555544534527259e-08	7.152557e-06	-1.247519e-07	4.670867e-08
8.852990693309236e-08	6.914139e-06	-9.402384e-08	-4.759793e-08
9.807092789429044e-08	6.198883e-06	-3.570326e-08	-2.103518e-07
1.099774010215972e-07	5.245209e-06	6.010652e-08	-4.420789e-07
1.227431279467607e-07	3.814697e-06	1.648293e-07	-6.777445e-07
1.434815857860322e-07	1.668930e-06	3.261089e-07	-1.030201e-06
1.676093507782773e-07	-9.536743e-07	4.970819e-07	-1.395631e-06
1.954482492301169e-07	-3.099442e-06	6.627835e-07	-1.748611e-06
2.313379022418313e-07	-5.245209e-06	8.157508e-07	-2.053102e-06
2.715569179589326e-07	-6.675720e-06	9.085896e-07	-2.185299e-06
3.186895144440218e-07	-7.152557e-06	9.509702e-07	-2.172903e-06
3.773843827843973e-07	-6.914139e-06	9.751324e-07	-2.146623e-06
4.840161271629415e-07	-6.675720e-06	1.010865e-06	-2.095624e-06
6.972796159200301e-07	-6.675720e-06	1.075308e-06	-2.020942e-06
9.265929219352711e-07	-6.675720e-06	1.138741e-06	-1.970792e-06
1.207357701617463e-06	-6.437302e-06	1.210110e-06	-1.940884e-06
1.504764580593282e-06	-6.437302e-06	1.280030e-06	-1.929929e-06
1.882230230022411e-06	-6.437302e-06	1.362192e-06	-1.934835e-06
2.309924138525594e-06	-6.437302e-06	1.448110e-06	-1.950595e-06
2.875996574523652e-06	-6.437302e-06	1.552022e-06	-1.978776e-06
3.567893034004062e-06	-6.437302e-06	1.665911e-06	-2.012813e-06
4.568383458427338e-06	-6.675720e-06	1.808484e-06	-2.057515e-06
6.027060098396789e-06	-6.914139e-06	1.977440e-06	-2.108160e-06
8.494862462946018e-06	-7.152557e-06	2.193159e-06	-2.167735e-06
1.117705100317972e-05	-7.390976e-06	2.358729e-06	-2.213621e-06
1.366485008636385e-05	-7.867813e-06	2.460279e-06	-2.298043e-06
1.626065478180923e-05	-9.298325e-06	2.529578e-06	-2.644953e-06
1.901932131951933e-05	-1.299381e-05	2.580015e-06	-3.699066e-06
2.159216256405204e-05	-1.788139e-05	2.614987e-06	-5.245799e-06
2.366466824343649e-05	-2.253056e-05	2.637697e-06	-6.591312e-06
2.584759038013725e-05	-2.717972e-05	2.658037e-06	-7.954222e-06
2.814711580063860e-05	-3.182888e-05	2.676641e-06	-9.274875e-06
3.103255042794543e-05	-3.695488e-05	2.696823e-06	-1.071789e-05
3.406482756716277e-05	-4.124641e-05	2.714768e-06	-1.196091e-05
3.790077902544533e-05	-4.553795e-05	2.733171e-06	-1.311581e-05
4.224072596249731e-05	-4.863739e-05	2.748707e-06	-1.397538e-05
4.816168799048593e-05	-5.066395e-05	2.762598e-06	-1.453247e-05
5.255644313029832e-05	-5.018711e-05	2.767340e-06	-1.426006e-05
5.800066564878478e-05	-4.768372e-05	2.767221e-06	-1.338534e-05
6.229160605963366e-05	-4.506111e-05	2.764011e-06	-1.264223e-05
6.980174863878866e-05	-4.088879e-05	2.754772e-06	-1.146704e-05
7.109526862269147e-05	2.729893e-05	2.754078e-06	-1.127809e-05
7.173971274303144e-05	3.763437e-04	2.757950e-06	-1.858433e-05
7.202254743046186e-05	8.473396e-04	2.764459e-06	-4.428086e-05
7.217898452511581e-05	1.359701e-03	2.770326e-06	-6.226097e-05
7.223284086821438e-05	1.873016e-03	2.772031e-06	-9.771246e-05
7.229574228061337e-05	2.959609e-03	2.773103e-06	-1.602538e-04
7.234718297224511e-05	4.050493e-03	2.773554e-06	-2.154380e-04
7.240371416807554e-05	5.425811e-03	2.773892e-06	-2.848008e-04
7.247964511939269e-05	7.524610e-03	2.774367e-06	-3.879082e-04
7.259027212562825e-05	1.105928e-02	2.775190e-06	-5.594767e-04
7.281152613809935e-05	1.938260e-02	2.777203e-06	-9.623466e-04
7.315466811453892e-05	3.451312e-02	2.780973e-06	-1.709270e-03
7.360322389293506e-05	5.711222e-02	2.786710e-06	-2.844065e-03
7.402871455081724e-05	8.092487e-02	2.792816e-06	-4.038903e-03
7.458375785561943e-05	1.147412e-01	2.801523e-06	-5.721805e-03
7.536672553882857e-05	1.657132e-01	2.814646e-06	-8.267595e-03
7.623618351601116e-05	2.254014e-01	2.829965e-06	-1.125994e-02
7.713094743953017e-05	2.896521e-01	2.846355e-06	-1.446749e-02
7.860448162481824e-05	3.989605e-01	2.874084e-06	-1.994438e-02
7.948015221338410e-05	4.653349e-01	2.890957e-06	-2.327943e-02
8.007253157724274e-05	5.109234e-01	2.902681e-06	-2.555978e-02
8.067138505915752e-05	5.573914e-01	2.914766e-06	-2.788510e-02
8.114229315759285e-05	5.941501e-01	2.924435e-06	-2.972238e-02
8.164625125583254e-05	6.336805e-01	2.934976e-06	-3.170003e-02
8.212863215438193e-05	6.716812e-01	2.945200e-06	-3.359831e-02
8.281994621789899e-05	7.263855e-01	2.959961e-06	-3.633288e-02
8.382600897339365e-05	8.063694e-01	2.981495e-06	-4.032867e-02
8.526016245129881e-05	9.209169e-01	3.012099e-06	-4.605608e-02
8.724858671865129e-05	1.080301e+00	3.054100e-06	-5.402669e-02
9.008522036732525e-05	1.308042e+00	3.113232e-06	-6.542021e-02
9.127233479469157e-05	1.403330e+00	3.137652e-06	-7.018264e-02
9.202164895612448e-05	1.463416e+00	3.152905e-06	-7.318734e-02
9.243761511559924e-05	1.496738e+00	3.161329e-06	-7.485203e-02
9.275976317306431e-05	1.522523e+00	3.167832e-06	-7.614236e-02
9.308148468721355e-05	1.548250e+00	3.174309e-06	-7.742764e-02
9.342632501127482e-05	1.575795e+00	3.181235e-06	-7.880619e-02
9.376007684674066e-05	1.602413e+00	3.187923e-06	-8.013611e-02
9.410176438568811e-05	1.629601e+00	3.194755e-06	-8.149704e-02
9.444453254786344e-05	1.656780e+00	3.201593e-06	-8.285543e-02
9.479235745846501e-05	1.684212e+00	3.208519e-06	-8.422904e-02
9.512987481871365e-05	1.710611e+00	3.215225e-06	-8.554905e-02
9.547211664232252e-05	1.737048e+00	3.222011e-06	-8.687377e-02
9.581222760796221e-05	1.762853e+00	3.228736e-06	-8.816481e-02
9.615479149584928e-05	1.788212e+00	3.235477e-06	-8.943588e-02
9.649891777448679e-05	1.812890e+00	3.242186e-06	-9.067039e-02
9.684859854064510e-05	1.837009e+00	3.248882e-06	-9.187913e-02
9.720695305276812e-05	1.860605e+00	3.255521e-06	-9.305985e-02
9.758358435847249e-05	1.884065e+00	3.262103e-06	-9.423751e-02
9.799268033146382e-05	1.907861e+00	3.268579e-06	-9.543241e-02
9.846868697567390e-05	1.933191e+00	3.274967e-06	-9.671256e-02
9.909415822872328e-05	1.962461e+00	3.281221e-06	-9.821318e-02
1.002962774371170e-04	2.010813e+00	3.289097e-06	-1.006503e-01
1.015343624168592e-04	2.054127e+00	3.294213e-06	-1.027699e-01
1.026681514405013e-04	2.089527e+00	3.297382e-06	-1.045184e-01
1.037871575845608e-04	2.121767e+00	3.300047e-06	-1.061296e-01
1.055981511373601e-04	2.171026e+00	3.304397e-06	-1.085903e-01
1.071043369750415e-04	2.210312e+00	3.308369e-06	-1.105420e-01
1.085568805810564e-04	2.246954e+00	3.312663e-06	-1.123719e-01
1.101129937508475e-04	2.285278e+00	3.317768e-06	-1.142861e-01
1.118742442168603e-04	2.327791e+00	3.324128e-06	-1.164136e-01
1.140811962167202e-04	2.380110e+00	3.332837e-06	-1.190296e-01
1.166906083353485e-04	2.440941e+00	3.344009e-06	-1.220741e-01
1.201128686819633e-04	2.519443e+00	3.359778e-06	-1.260019e-01
1.247290012878839e-04	2.623635e+00	3.382429e-06	-1.312211e-01
1.320381618910508e-04	2.786084e+00	3.420020e-06	-1.393487e-01
1.403505129859032e-04	2.968237e+00	3.463991e-06	-1.484566e-01
1.503505129859032e-04	3.184643e+00	3.517553e-06	-1.592731e-01
1.603505129859032e-04	3.398807e+00	3.571199e-06	-1.699770e-01
1.703505129859032e-04	3.611060e+00	3.624697e-06	-1.805853e-01
1.803505129859032e-04	3.821682e+00	3.677978e-06	-1.911154e-01
1.903505129859032e-04	4.030846e+00	3.731039e-06	-2.015710e-01
2.003505129859032e-04	4.238666e+00	3.783892e-06	-2.119622e-01
2.103505129859032e-04	4.445223e+00	3.836552e-06	-2.222883e-01
2.203505129859032e-04	4.650572e+00	3.889028e-06	-2.325564e-01
2.303505129859032e-04	4.854750e+00	3.941331e-06	-2.427638e-01
2.403505129859032e-04	5.057781e+00	3.993468e-06	-2.529163e-01
2.503505129859032e-04	5.259677e+00	4.045448e-06	-2.630099e-01
2.603505129859032e-04	5.460444e+00	4.097275e-06	-2.730494e-01
2.703505129859032e-04	5.660079e+00	4.148956e-06	-2.830302e-01
2.803505129859032e-04	5.858571e+00	4.200494e-06	-2.929561e-01
2.903505129859032e-04	6.054785e+00	4.251168e-06	-3.028218e-01
2.949254967407091e-04	6.138994e+00	4.271278e-06	-3.071300e-01
2.975738691134882e-04	6.180719e+00	4.278996e-06	-3.090923e-01
2.994658236320113e-04	6.206342e+00	4.282319e-06	-3.103424e-01
3.006126601116408e-04	6.220783e+00	4.283857e-06	-3.110578e-01
3.019883904313358e-04	6.237370e+00	4.285397e-06	-3.118879e-01
3.032832729969895e-04	6.252163e+00	4.286738e-06	-3.126421e-01
3.044409572791288e-04	6.263780e+00	4.288057e-06	-3.132345e-01
3.059489068097886e-04	6.276209e+00	4.290075e-06	-3.138524e-01
3.074747115250800e-04	6.286428e+00	4.292314e-06	-3.143567e-01
3.090567315772689e-04	6.295084e+00	4.294689e-06	-3.147839e-01
3.107104631624546e-04	6.302415e+00	4.297072e-06	-3.151573e-01
3.136417608124629e-04	6.312639e+00	4.300859e-06	-3.156812e-01
3.175443922377096e-04	6.323124e+00	4.305052e-06	-3.162016e-01
3.216051667281731e-04	6.331285e+00	4.308353e-06	-3.166015e-01
3.265188749275110e-04	6.338632e+00	4.311102e-06	-3.169668e-01
3.320937591671519e-04	6.344847e+00	4.313029e-06	-3.172747e-01
3.393734383439980e-04	6.350825e+00	4.314344e-06	-3.175730e-01
3.477675485145782e-04	6.355870e+00	4.314925e-06	-3.178205e-01
3.577675485145782e-04	6.360252e+00	4.314964e-06	-3.180358e-01
3.677675485145782e-04	6.363504e+00	4.314704e-06	-3.181922e-01
3.777675485145782e-04	6.365969e+00	4.314340e-06	-3.183135e-01
3.877675485145782e-04	6.367897e+00	4.313972e-06	-3.184067e-01
3.977675485145782e-04	6.369438e+00	4.313641e-06	-3.184835e-01
4.077675485145782e-04	6.370694e+00	4.313358e-06	-3.185441e-01
4.177675485145782e-04	6.371732e+00	4.313127e-06	-3.185962e-01
4.277675485145782e-04	6.372601e+00	4.312945e-06	-3.186379e-01
4.377675485145782e-04	6.373336e+00	4.312808e-06	-3.186752e-01
4.477675485145782e-04	6.373962e+00	4.312711e-06	-3.187050e-01
4.577675485145782e-04	6.374500e+00	4.312647e-06	-3.187326e-01
4.677675485145782e-04	6.374965e+00	4.312612e-06	-3.187545e-01
4.777675485145782e-04	6.375369e+00	4.312602e-06	-3.187755e-01
4.877675485145782e-04	6.375722e+00	4.312611e-06	-3.187918e-01
4.977675485145781e-04	6.376031e+00	4.312636e-06	-3.188082e-01
5.077675485145782e-04	6.376304e+00	4.312673e-06	-3.188205e-01
5.177675485145782e-04	6.376544e+00	4.312719e-06	-3.188335e-01
5.277675485145782e-04	6.376758e+00	4.312773e-06	-3.188429e-01
5.377675485145781e-04	6.376946e+00	4.312833e-06	-3.188533e-01
5.477675485145782e-04	6.377115e+00	4.312895e-06	-3.188606e-01
5.577675485145782e-04	6.377265e+00	4.312960e-06	-3.188691e-01
5.677675485145782e-04	6.377400e+00	4.313025e-06	-3.188746e-01
5.777675485145781e-04	6.377520e+00	4.313090e-06	-3.188816e-01
5.877675485145782e-04	6.377627e+00	4.313154e-06	-3.188858e-01
5.977675485145782e-04	6.377724e+00	4.313216e-06	-3.188917e-01
6.077675485145782e-04	6.377810e+00	4.313277e-06	-3.188949e-01
6.177675485145781e-04	6.377889e+00	4.313335e-06	-3.188998e-01
6.277675485145782e-04	6.377959e+00	4.313391e-06	-3.189022e-01
6.377675485145782e-04	6.378022e+00	4.313444e-06	-3.189064e-01
6.477675485145782e-04	6.378079e+00	4.313494e-06	-3.189081e-01
6.577675485145781e-04	6.378131e+00	4.313541e-06	-3.189118e-01
6.677675485145782e-04	6.378178e+00	4.313585e-06	-3.189130e-01
6.777675485145782e-04	6.378220e+00	4.313627e-06	-3.189162e-01
6.877675485145782e-04	6.378258e+00	4.313665e-06	-3.189169e-01
6.977675485145781e-04	6.378293e+00	4.313701e-06	-3.189197e-01
7.077675485145781e-04	6.378324e+00	4.313735e-06	-3.189202e-01
7.177675485145782e-04	6.378353e+00	4.313765e-06	-3.189227e-01
7.277675485145782e-04	6.378378e+00	4.313794e-06	-3.189229e-01
7.377675485145781e-04	6.378402e+00	4.313820e-06	-3.189251e-01
7.477675485145781e-04	6.378422e+00	4.313844e-06	-3.189251e-01
7.577675485145782e-04	6.378442e+00	4.313866e-06	-3.189271e-01
7.677675485145782e-04	6.378459e+00	4.313887e-06	-3.189269e-01
7.777675485145781e-04	6.378475e+00	4.313905e-06	-3.189287e-01
7.877675485145781e-04	6.378489e+00	4.313922e-06	-3.189284e-01
7.977675485145782e-04	6.378502e+00	4.313937e-06	-3.189301e-01
8.077675485145782e-04	6.378515e+00	4.313951e-06	-3.189296e-01
8.177675485145781e-04	6.378525e+00	4.313963e-06	-3.189312e-01
8.277675485145781e-04	6.378535e+00	4.313974e-06	-3.189306e-01
8.377675485145782e-04	6.378544e+00	4.313984e-06	-3.189321e-01
8.477675485145782e-04	6.378552e+00	4.313993e-06	-3.189314e-01
8.577675485145781e-04	6.378559e+00	4.314001e-06	-3.189329e-01
8.677675485145781e-04	6.378566e+00	4.314008e-06	-3.189321e-01
8.777675485145782e-04	6.378572e+00	4.314015e-06	-3.189335e-01
8.877675485145782e-04	6.378578e+00	4.314020e-06	-3.189327e-01
8.977675485145781e-04	6.378583e+00	4.314025e-06	-3.189341e-01
9.077675485145781e-04	6.378588e+00	4.314029e-06	-3.189332e-01
9.177675485145782e-04	6.378592e+00	4.314032e-06	-3.189345e-01
9.277675485145782e-04	6.378596e+00	4.314035e-06	-3.189336e-01
9.377675485145781e-04	6.378599e+00	4.314038e-06	-3.189349e-01
9.477675485145781e-04	6.378603e+00	4.314039e-06	-3.189339e-01
9.577675485145782e-04	6.378605e+00	4.314041e-06	-3.189352e-01
9.677675485145782e-04	6.378608e+00	4.314042e-06	-3.189342e-01
9.777675485145782e-04	6.378611e+00	4.314043e-06	-3.189354e-01
9.877675485145782e-04	6.378613e+00	4.314043e-06	-3.189344e-01
9.977675485145780e-04	6.378614e+00	4.314044e-06	-3.189356e-01
1.007767548514578e-03	6.378617e+00	4.314043e-06	-3.189346e-01
1.017767548514578e-03	6.378618e+00	4.314043e-06	-3.189358e-01
1.027767548514578e-03	6.378620e+00	4.314042e-06	-3.189348e-01
1.037767548514578e-03	6.378621e+00	4.314041e-06	-3.189359e-01
1.047767548514578e-03	6.378622e+00	4.314040e-06	-3.189349e-01
1.057767548514578e-03	6.378623e+00	4.314039e-06	-3.189360e-01
1.067767548514578e-03	6.378624e+00	4.314038e-06	-3.189350e-01
1.077767548514578e-03	6.378625e+00	4.314036e-06	-3.189361e-01
1.087767548514578e-03	6.378626e+00	4.314035e-06	-3.189351e-01
1.097767548514578e-03	6.378627e+00	4.314033e-06	-3.189362e-01
1.107767548514578e-03	6.378628e+00	4.314031e-06	-3.189352e-01
1.117767548514578e-03	6.378628e+00	4.314029e-06	-3.189363e-01
1.127767548514578e-03	6.378629e+00	4.314028e-06	-3.189352e-01
1.137767548514578e-03	6.378630e+00	4.314025e-06	-3.189363e-01
1.147767548514578e-03	6.378630e+00	4.314023e-06	-3.189353e-01
1.157767548514578e-03	6.378631e+00	4.314021e-06	-3.189364e-01
1.167767548514578e-03	6.378631e+00	4.314019e-06	-3.189353e-01
1.177767548514578e-03	6.378632e+00	4.314017e-06	-3.189364e-01
1.187767548514578e-03	6.378632e+00	4.314014e-06	-3.189354e-01
1.197767548514578e-03	6.378632e+00	4.314013e-06	-3.189365e-01
1.207767548514578e-03	6.378632e+00	4.314010e-06	-3.189354e-01
1.217767548514578e-03	6.378633e+00	4.314008e-06	-3.189365e-01
1.227767548514578e-03	6.378633e+00	4.314005e-06	-3.189354e-01
1.237767548514578e-03	6.378633e+00	4.314003e-06	-3.189365e-01
1.247767548514578e-03	6.378633e+00	4.314001e-06	-3.189354e-01
1.257767548514578e-03	6.378634e+00	4.313998e-06	-3.189365e-01
1.267767548514578e-03	6.378634e+00	4.313996e-06	-3.189355e-01
1.277767548514578e-03	6.378634e+00	4.313993e-06	-3.189366e-01
1.287767548514578e-03	6.378634e+00	4.313991e-06	-3.189355e-01
1.297767548514578e-03	6.378634e+00	4.313989e-06	-3.189366e-01
1.307767548514578e-03	6.378634e+00	4.313987e-06	-3.189355e-01
1.317767548514578e-03	6.378635e+00	4.313984e-06	-3.189366e-01
1.327767548514578e-03	6.378634e+00	4.313982e-06	-3.189355e-01
1.337767548514578e-03	6.378635e+00	4.313980e-06	-3.189366e-01
1.347767548514578e-03	6.378635e+00	4.313978e-06	-3.189355e-01
1.357767548514578e-03	6.378635e+00	4.313975e-06	-3.189366e-01
1.367767548514578e-03	6.378634e+00	4.313973e-06	-3.189355e-01
1.377767548514578e-03	6.378635e+00	4.313971e-06	-3.189366e-01
1.387767548514578e-03	6.378635e+00	4.313968e-06	-3.189355e-01
1.397767548514578e-03	6.378635e+00	4.313966e-06	-3.189366e-01
1.407767548514578e-03	6.378635e+00	4.313964e-06	-3.189355e-01
1.417767548514578e-03	6.378635e+00	4.313962e-06	-3.189366e-01
1.427767548514578e-03	6.378635e+00	4.313960e-06	-3.189355e-01
1.437767548514578e-03	6.378635e+00	4.313958e-06	-3.189366e-01
1.447767548514578e-03	6.378635e+00	4.313956e-06	-3.189355e-01
1.457767548514578e-03	6.378635e+00	4.313953e-06	-3.189366e-01
1.467767548514578e-03	6.378635e+00	4.313951e-06	-3.189355e-01
1.477767548514578e-03	6.378635e+00	4.313949e-06	-3.189366e-01
1.487767548514578e-03	6.378635e+00	4.313947e-06	-3.189355e-01
1.497767548514578e-03	6.378635e+00	4.313945e-06	-3.189366e-01
1.507767548514578e-03	6.378635e+00	4.313943e-06	-3.189355e-01
1.517767548514578e-03	6.378635e+00	4.313941e-06	-3.189366e-01
1.527767548514578e-03	6.378635e+00	4.313939e-06	-3.189355e-01
1.537767548514578e-03	6.378635e+00	4.313937e-06	-3.189366e-01
1.547767548514578e-03	6.378635e+00	4.313935e-06	-3.189355e-01
1.557767548514578e-03	6.378635e+00	4.313933e-06	-3.189366e-01
1.567767548514578e-03	6.378635e+00	4.313932e-06	-3.189355e-01
1.577767548514578e-03	6.378635e+00	4.313930e-06	-3.189366e-01
1.587767548514578e-03	6.378635e+00	4.313928e-06	-3.189355e-01
1.597767548514578e-03	6.378636e+00	4.313926e-06	-3.189366e-01
1.607767548514578e-03	6.378636e+00	4.313924e-06	-3.189355e-01
1.617767548514578e-03	6.378636e+00	4.313923e-06	-3.189366e-01
1.627767548514578e-03	6.378635e+00	4.313921e-06	-3.189355e-01
1.637767548514578e-03	6.378635e+00	4.313919e-06	-3.189366e-01
1.647767548514578e-03	6.378635e+00	4.313918e-06	-3.189355e-01
1.657767548514578e-03	6.378635e+00	4.313916e-06	-3.189366e-01
1.667767548514578e-03	6.378635e+00	4.313914e-06	-3.189355e-01
1.677767548514578e-03	6.378635e+00	4.313913e-06	-3.189366e-01
1.687767548514578e-03	6.378636e+00	4.313911e-06	-3.189355e-01
1.697767548514578e-03	6.378636e+00	4.313909e-06	-3.189366e-01
1.707767548514578e-03	6.378635e+00	4.313908e-06	-3.189355e-01
1.717767548514578e-03	6.378636e+00	4.313906e-06	-3.189366e-01
1.727767548514578e-03	6.378635e+00	4.313905e-06	-3.189355e-01
1.737767548514578e-03	6.378635e+00	4.313903e-06	-3.189366e-01
1.747767548514578e-03	6.378635e+00	4.313902e-06	-3.189355e-01
1.757767548514578e-03	6.378635e+00	4.313900e-06	-3.189366e-01
1.767767548514578e-03	6.378635e+00	4.313898e-06	-3.189355e-01
1.777767548514578e-03	6.378635e+00	4.313897e-06	-3.189366e-01
1.787767548514578e-03	6.378636e+00	4.313896e-06	-3.189355e-01
1.797767548514578e-03	6.378635e+00	4.313894e-06	-3.189366e-01
1.807767548514578e-03	6.378636e+00	4.313893e-06	-3.189355e-01
1.817767548514578e-03	6.378635e+00	4.313892e-06	-3.189366e-01
1.827767548514578e-03	6.378636e+00	4.313890e-06	-3.189355e-01
1.837767548514578e-03	6.378635e+00	4.313889e-06	-3.189366e-01
1.847767548514578e-03	6.378635e+00	4.313888e-06	-3.189355e-01
1.857767548514578e-03	6.378636e+00	4.313886e-06	-3.189366e-01
1.867767548514578e-03	6.378635e+00	4.313885e-06	-3.189355e-01
1.877767548514578e-03	6.378636e+00	4.313883e-06	-3.189366e-01
1.887767548514578e-03	6.378635e+00	4.313882e-06	-3.189355e-01
1.897767548514578e-03	6.378636e+00	4.313881e-06	-3.189366e-01
1.907767548514578e-03	6.378635e+00	4.313880e-06	-3.189355e-01
1.917767548514578e-03	6.378636e+00	4.313878e-06	-3.189366e-01
1.927767548514578e-03	6.378635e+00	4.313877e-06	-3.189355e-01
1.937767548514578e-03	6.378635e+00	4.313876e-06	-3.189366e-01
1.947767548514578e-03	6.378636e+00	4.313875e-06	-3.189355e-01
1.957767548514578e-03	6.378636e+00	4.313873e-06	-3.189366e-01
1.967767548514578e-03	6.378635e+00	4.313873e-06	-3.189355e-01
1.977767548514578e-03	6.378636e+00	4.313871e-06	-3.189366e-01
1.987767548514578e-03	6.378635e+00	4.313870e-06	-3.189355e-01
1.997767548514578e-03	6.378636e+00	4.313869e-06	-3.189366e-01
2.007767548514578e-03	6.378635e+00	4.313868e-06	-3.189355e-01
2.017767548514578e-03	6.378635e+00	4.313867e-06	-3.189366e-01
2.027767548514578e-03	6.378635e+00	4.313866e-06	-3.189355e-01
2.037767548514578e-03	6.378635e+00	4.313865e-06	-3.189366e-01
2.047767548514578e-03	6.378636e+00	4.313863e-06	-3.189355e-01
2.057767548514578e-03	6.378635e+00	4.313863e-06	-3.189366e-01
2.067767548514578e-03	6.378636e+00	4.313862e-06	-3.189355e-01
2.077767548514578e-03	6.378635e+00	4.313860e-06	-3.189366e-01
2.087767548514578e-03	6.378636e+00	4.313859e-06	-3.189355e-01
2.097767548514578e-03	6.378636e+00	4.313858e-06	-3.189366e-01
2.107767548514578e-03	6.378636e+00	4.313858e-06	-3.189355e-01
2.117767548514578e-03	6.378636e+00	4.313857e-06	-3.189366e-01
2.127767548514578e-03	6.378635e+00	4.313856e-06	-3.189355e-01
2.137767548514578e-03	6.378636e+00	4.313855e-06	-3.189366e-01
2.147767548514578e-03	6.378636e+00	4.313853e-06	-3.189355e-01
2.157767548514578e-03	6.378636e+00	4.313853e-06	-3.189366e-01
2.167767548514578e-03	6.378636e+00	4.313852e-06	-3.189355e-01
2.177767548514578e-03	6.378635e+00	4.313851e-06	-3.189366e-01
2.187767548514578e-03	6.378636e+00	4.313850e-06	-3.189355e-01
2.197767548514578e-03	6.378635e+00	4.313849e-06	-3.189366e-01
2.207767548514578e-03	6.378636e+00	4.313848e-06	-3.189355e-01
2.217767548514578e-03	6.378635e+00	4.313848e-06	-3.189366e-01
2.227767548514578e-03	6.378635e+00	4.313847e-06	-3.189355e-01
2.237767548514578e-03	6.378635e+00	4.313846e-06	-3.189366e-01
2.247767548514578e-03	6.378635e+00	4.313845e-06	-3.189355e-01
2.257767548514578e-03	6.378636e+00	4.313844e-06	-3.189366e-01
2.267767548514578e-03	6.378635e+00	4.313843e-06	-3.189355e-01
2.277767548514578e-03	6.378636e+00	4.313843e-06	-3.189366e-01
2.287767548514578e-03	6.378635e+00	4.313842e-06	-3.189355e-01
2.297767548514578e-03	6.378635e+00	4.313841e-06	-3.189366e-01
2.307767548514578e-03	6.378635e+00	4.313840e-06	-3.189355e-01
2.317767548514578e-03	6.378636e+00	4.313839e-06	-3.189366e-01
2.327767548514578e-03	6.378636e+00	4.313838e-06	-3.189355e-01
2.337767548514578e-03	6.378635e+00	4.313838e-06	-3.189366e-01
2.347767548514578e-03	6.378635e+00	4.313837e-06	-3.189355e-01
2.357767548514578e-03	6.378636e+00	4.313837e-06	-3.189366e-01
2.367767548514578e-03	6.378635e+00	4.313836e-06	-3.189355e-01
2.377767548514578e-03	6.378636e+00	4.313835e-06	-3.189366e-01
2.387767548514578e-03	6.378635e+00	4.313834e-06	-3.189355e-01
2.397767548514578e-03	6.378636e+00	4.313834e-06	-3.189366e-01
2.407767548514578e-03	6.378635e+00	4.313833e-06	-3.189355e-01
2.417767548514578e-03	6.378635e+00	4.313833e-06	-3.189366e-01
2.427767548514578e-03	6.378635e+00	4.313832e-06	-3.189355e-01
2.437767548514578e-03	6.378636e+00	4.313831e-06	-3.189366e-01
2.447767548514578e-03	6.378635e+00	4.313830e-06	-3.189355e-01
2.457767548514578e-03	6.378635e+00	4.313830e-06	-3.189366e-01
2.467767548514578e-03	6.378636e+00	4.313829e-06	-3.189355e-01
2.477767548514578e-03	6.378635e+00	4.313828e-06	-3.189366e-01
2.487767548514578e-03	6.378635e+00	4.313828e-06	-3.189355e-01
2.497767548514578e-03	6.378636e+00	4.313827e-06	-3.189366e-01
2.507767548514578e-03	6.378635e+00	4.313827e-06	-3.189355e-01
2.517767548514578e-03	6.378636e+00	4.313826e-06	-3.189366e-01
2.527767548514578e-03	6.378635e+00	4.313825e-06	-3.189355e-01
2.537767548514578e-03	6.378635e+00	4.313825e-06	-3.189366e-01
2.547767548514578e-03	6.378636e+00	4.313824e-06	-3.189355e-01
2.557767548514578e-03	6.378635e+00	4.313824e-06	-3.189366e-01
2.567767548514578e-03	6.378635e+00	4.313823e-06	-3.189355e-01
2.577767548514578e-03	6.378636e+00	4.313823e-06	-3.189366e-01
2.587767548514578e-03	6.378635e+00	4.313822e-06	-3.189355e-01
2.597767548514578e-03	6.378636e+00	4.313822e-06	-3.189366e-01
2.607767548514578e-03	6.378635e+00	4.313821e-06	-3.189355e-01
2.617767548514578e-03	6.378636e+00	4.313820e-06	-3.189366e-01
2.627767548514578e-03	6.378635e+00	4.313820e-06	-3.189355e-01
2.637767548514578e-03	6.378635e+00	4.313819e-06	-3.189366e-01
2.647767548514578e-03	6.378635e+00	4.313819e-06	-3.189355e-01
2.657767548514578e-03	6.378635e+00	4.313818e-06	-3.189366e-01
2.667767548514578e-03	6.378635e+00	4.313818e-06	-3.189355e-01
2.677767548514578e-03	6.378635e+00	4.313817e-06	-3.189366e-01
2.687767548514578e-03	6.378635e+00	4.313817e-06	-3.189355e-01
2.697767548514578e-03	6.378635e+00	4.313816e-06	-3.189366e-01
2.707767548514578e-03	6.378635e+00	4.313816e-06	-3.189355e-01
2.717767548514578e-03	6.378635e+00	4.313815e-06	-3.189366e-01
2.727767548514578e-03	6.378635e+00	4.313815e-06	-3.189355e-01
2.737767548514578e-03	6.378635e+00	4.313814e-06	-3.189366e-01
2.747767548514578e-03	6.378635e+00	4.313814e-06	-3.189355e-01
2.757767548514578e-03	6.378635e+00	4.313813e-06	-3.189366e-01
2.767767548514578e-03	6.378635e+00	4.313813e-06	-3.189355e-01
2.777767548514578e-03	6.378636e+00	4.313812e-06	-3.189366e-01
2.787767548514578e-03	6.378635e+00	4.313812e-06	-3.189355e-01
2.797767548514578e-03	6.378636e+00	4.313812e-06	-3.189366e-01
2.807767548514578e-03	6.378635e+00	4.313812e-06	-3.189355e-01
2.817767548514578e-03	6.378636e+00	4.313811e-06	-3.189366e-01
2.827767548514578e-03	6.378635e+00	4.313811e-06	-3.189355e-01
2.837767548514578e-03	6.378636e+00	4.313810e-06	-3.189366e-01
2.847767548514578e-03	6.378635e+00	4.313810e-06	-3.189355e-01
2.857767548514578e-03	6.378635e+00	4.313809e-06	-3.189366e-01
2.867767548514578e-03	6.378635e+00	4.313809e-06	-3.189355e-01
2.877767548514578e-03	6.378635e+00	4.313809e-06	-3.189366e-01
2.887767548514578e-03	6.378635e+00	4.313808e-06	-3.189355e-01
2.897767548514578e-03	6.378635e+00	4.313808e-06	-3.189366e-01
2.907767548514578e-03	6.378635e+00	4.313807e-06	-3.189355e-01
2.917767548514578e-03	6.378636e+00	4.313807e-06	-3.189366e-01
2.927767548514578e-03	6.378635e+00	4.313807e-06	-3.189355e-01
2.937767548514578e-03	6.378635e+00	4.313806e-06	-3.189366e-01
2.947767548514578e-03	6.378636e+00	4.313806e-06	-3.189355e-01
2.957767548514578e-03	6.378635e+00	4.313806e-06	-3.189366e-01
2.967767548514578e-03	6.378635e+00	4.313805e-06	-3.189355e-01
2.977767548514578e-03	6.378636e+00	4.313805e-06	-3.189366e-01
2.987767548514578e-03	6.378635e+00	4.313804e-06	-3.189355e-01
2.997767548514578e-03	6.378636e+00	4.313804e-06	-3.189366e-01
3.007767548514578e-03	6.378635e+00	4.313804e-06	-3.189355e-01
3.017767548514578e-03	6.378635e+00	4.313804e-06	-3.189366e-01
3.027767548514578e-03	6.378635e+00	4.313803e-06	-3.189355e-01
3.037767548514578e-03	6.378635e+00	4.313803e-06	-3.189366e-01
3.047767548514578e-03	6.378635e+00	4.313802e-06	-3.189355e-01
3.057767548514578e-03	6.378636e+00	4.313802e-06	-3.189366e-01
3.067767548514578e-03	6.378636e+00	4.313802e-06	-3.189355e-01
3.077767548514578e-03	6.378635e+00	4.313802e-06	-3.189366e-01
3.087767548514578e-03	6.378635e+00	4.313802e-06	-3.189355e-01
3.097767548514578e-03	6.378636e+00	4.313801e-06	-3.189366e-01
3.107767548514578e-03	6.378635e+00	4.313801e-06	-3.189355e-01
3.117767548514578e-03	6.378636e+00	4.313801e-06	-3.189366e-01
3.127767548514578e-03	6.378636e+00	4.313800e-06	-3.189355e-01
3.137767548514578e-03	6.378635e+00	4.313800e-06	-3.189366e-01
3.147767548514578e-03	6.378635e+00	4.313800e-06	-3.189355e-01
3.157767548514578e-03	6.378636e+00	4.313800e-06	-3.189366e-01
3.167767548514578e-03	6.378636e+00	4.313799e-06	-3.189355e-01
3.177767548514578e-03	6.378635e+00	4.313799e-06	-3.189366e-01
3.187767548514578e-03	6.378635e+00	4.313799e-06	-3.189355e-01
3.197767548514578e-03	6.378636e+00	4.313798e-06	-3.189366e-01
3.207767548514578e-03	6.378635e+00	4.313798e-06	-3.189355e-01
3.217767548514578e-03	6.378635e+00	4.313798e-06	-3.189366e-01
3.227767548514578e-03	6.378635e+00	4.313797e-06	-3.189355e-01
3.237767548514578e-03	6.378636e+00	4.313797e-06	-3.189366e-01
3.247767548514578e-03	6.378635e+00	4.313797e-06	-3.189355e-01
3.257767548514578e-03	6.378635e+00	4.313797e-06	-3.189366e-01
3.267767548514578e-03	6.378635e+00	4.313797e-06	-3.189355e-01
3.277767548514578e-03	6.378636e+00	4.313797e-06	-3.189366e-01
3.287767548514578e-03	6.378635e+00	4.313796e-06	-3.189355e-01
3.297767548514578e-03	6.378635e+00	4.313796e-06	-3.189366e-01
3.307767548514578e-03	6.378635e+00	4.313796e-06	-3.189355e-01
3.317767548514578e-03	6.378636e+00	4.313796e-06	-3.189366e-01
3.327767548514578e-03	6.378635e+00	4.313795e-06	-3.189355e-01
3.337767548514578e-03	6.378635e+00	4.313795e-06	-3.189366e-01
3.347767548514578e-03	6.378635e+00	4.313795e-06	-3.189355e-01
3.357767548514578e-03	6.378636e+00	4.313795e-06	-3.189366e-01
3.367767548514578e-03	6.378636e+00	4.313794e-06	-3.189355e-01
3.377767548514578e-03	6.378635e+00	4.313794e-06	-3.189366e-01
3.387767548514578e-03	6.378635e+00	4.313794e-06	-3.189355e-01
3.397767548514578e-03	6.378636e+00	4.313794e-06	-3.189366e-01
3.407767548514578e-03	6.378636e+00	4.313793e-06	-3.189355e-01
3.417767548514578e-03	6.378635e+00	4.313793e-06	-3.189366e-01
3.427767548514578e-03	6.378635e+00	4.313793e-06	-3.189355e-01
3.437767548514578e-03	6.378635e+00	4.313793e-06	-3.189366e-01
3.447767548514578e-03	6.378636e+00	4.313793e-06	-3.189355e-01
3.457767548514578e-03	6.378636e+00	4.313792e-06	-3.189366e-01
3.467767548514578e-03	6.378635e+00	4.313792e-06	-3.189355e-01
3.477767548514578e-03	6.378635e+00	4.313792e-06	-3.189366e-01
3.487767548514578e-03	6.378635e+00	4.313792e-06	-3.189355e-01
3.497767548514578e-03	6.378636e+00	4.313792e-06	-3.189366e-01
3.507767548514578e-03	6.378636e+00	4.313792e-06	-3.189355e-01
3.517767548514578e-03	6.378635e+00	4.313792e-06	-3.189366e-01
3.527767548514578e-03	6.378635e+00	4.313792e-06	-3.189355e-01
3.537767548514578e-03	6.378635e+00	4.313791e-06	-3.189366e-01
3.547767548514578e-03	6.378635e+00	4.313791e-06	-3.189355e-01
3.557767548514578e-03	6.378636e+00	4.313791e-06	-3.189366e-01
3.567767548514578e-03	6.378636e+00	4.313791e-06	-3.189355e-01
3.577767548514578e-03	6.378635e+00	4.313791e-06	-3.189366e-01
3.587767548514578e-03	6.378635e+00	4.313790e-06	-3.189355e-01
3.597767548514578e-03	6.378635e+00	4.313790e-06	-3.189366e-01
3.607767548514578e-03	6.378635e+00	4.313790e-06	-3.189355e-01
3.617767548514578e-03	6.378636e+00	4.313790e-06	-3.189366e-01
3.627767548514578e-03	6.378636e+00	4.313790e-06	-3.189355e-01
3.637767548514578e-03	6.378635e+00	4.313790e-06	-3.189366e-01
3.647767548514578e-03	6.378635e+00	4.313789e-06	-3.189355e-01
3.657767548514578e-03	6.378635e+00	4.313789e-06	-3.189366e-01
3.667767548514578e-03	6.378635e+00	4.313789e-06	-3.189355e-01
3.677767548514578e-03	6.378636e+00	4.313789e-06	-3.189366e-01
3.687767548514578e-03	6.378636e+00	4.313789e-06	-3.189355e-01
3.697767548514578e-03	6.378635e+00	4.313789e-06	-3.189366e-01
3.707767548514578e-03	6.378635e+00	4.313788e-06	-3.189355e-01
3.717767548514578e-03	6.378635e+00	4.313788e-06	-3.189366e-01
3.727767548514578e-03	6.378635e+00	4.313788e-06	-3.189355e-01
3.737767548514578e-03	6.378636e+00	4.313788e-06	-3.189366e-01
3.747767548514578e-03	6.378636e+00	4.313788e-06	-3.189355e-01
3.757767548514578e-03	6.378635e+00	4.313788e-06	-3.189366e-01
3.767767548514578e-03	6.378635e+00	4.313788e-06	-3.189355e-01
3.777767548514578e-03	6.378635e+00	4.313787e-06	-3.189366e-01
3.787767548514578e-03	6.378635e+00	4.313787e-06	-3.189355e-01
3.797767548514578e-03	6.378635e+00	4.313787e-06	-3.189366e-01
3.807767548514578e-03	6.378635e+00	4.313787e-06	-3.189355e-01
3.817767548514578e-03	6.378636e+00	4.313787e-06	-3.189366e-01
3.827767548514578e-03	6.378636e+00	4.313787e-06	-3.189355e-01
3.837767548514578e-03	6.378635e+00	4.313787e-06	-3.189366e-01
3.847767548514578e-03	6.378635e+00	4.313787e-06	-3.189355e-01
3.857767548514578e-03	6.378635e+00	4.313787e-06	-3.189366e-01
3.867767548514578e-03	6.378635e+00	4.313787e-06	-3.189355e-01
3.877767548514578e-03	6.378635e+00	4.313786e-06	-3.189366e-01
3.887767548514578e-03	6.378635e+00	4.313786e-06	-3.189355e-01
3.897767548514578e-03	6.378636e+00	4.313786e-06	-3.189366e-01
3.907767548514578e-03	6.378636e+00	4.313786e-06	-3.189355e-01
3.917767548514577e-03	6.378636e+00	4.313786e-06	-3.189366e-01
3.927767548514578e-03	6.378636e+00	4.313786e-06	-3.189355e-01
3.937767548514578e-03	6.378635e+00	4.313786e-06	-3.189366e-01
3.947767548514578e-03	6.378635e+00	4.313786e-06	-3.189355e-01
3.957767548514578e-03	6.378635e+00	4.313785e-06	-3.189366e-01
3.967767548514578e-03	6.378635e+00	4.313785e-06	-3.189355e-01
3.977767548514578e-03	6.378635e+00	4.313785e-06	-3.189366e-01
3.987767548514578e-03	6.378636e+00	4.313785e-06	-3.189355e-01
3.997767548514578e-03	6.378636e+00	4.313785e-06	-3.189366e-01
4.007767548514578e-03	6.378636e+00	4.313785e-06	-3.189355e-01
4.017767548514578e-03	6.378635e+00	4.313785e-06	-3.189366e-01
4.027767548514578e-03	6.378635e+00	4.313785e-06	-3.189355e-01
4.037767548514578e-03	6.378635e+00	4.313784e-06	-3.189366e-01
4.047767548514578e-03	6.378635e+00	4.313784e-06	-3.189355e-01
4.057767548514578e-03	6.378635e+00	4.313784e-06	-3.189366e-01
4.067767548514578e-03	6.378635e+00	4.313784e-06	-3.189355e-01
4.077767548514578e-03	6.378635e+00	4.313784e-06	-3.189366e-01
4.087767548514577e-03	6.378636e+00	4.313784e-06	-3.189355e-01
4.097767548514578e-03	6.378636e+00	4.313784e-06	-3.189366e-01
4.107767548514578e-03	6.378636e+00	4.313784e-06	-3.189355e-01
4.117767548514578e-03	6.378635e+00	4.313784e-06	-3.189366e-01
4.127767548514578e-03	6.378635e+00	4.313784e-06	-3.189355e-01
4.137767548514578e-03	6.378635e+00	4.313784e-06	-3.189366e-01
4.147767548514578e-03	6.378635e+00	4.313784e-06	-3.189355e-01
4.157767548514578e-03	6.378635e+00	4.313783e-06	-3.189366e-01
4.167767548514578e-03	6.378635e+00	4.313783e-06	-3.189355e-01
4.177767548514578e-03	6.378635e+00	4.313783e-06	-3.189366e-01
4.187767548514578e-03	6.378636e+00	4.313783e-06	-3.189355e-01
4.197767548514578e-03	6.378636e+00	4.313783e-06	-3.189366e-01
4.207767548514578e-03	6.378636e+00	4.313783e-06	-3.189355e-01
4.217767548514578e-03	6.378636e+00	4.313783e-06	-3.189366e-01
4.227767548514578e-03	6.378636e+00	4.313783e-06	-3.189355e-01
4.237767548514577e-03	6.378636e+00	4.313783e-06	-3.189366e-01
4.247767548514578e-03	6.378636e+00	4.313783e-06	-3.189355e-01
4.257767548514577e-03	6.378635e+00	4.313782e-06	-3.189366e-01
4.267767548514578e-03	6.378635e+00	4.313782e-06	-3.189355e-01
4.277767548514578e-03	6.378635e+00	4.313782e-06	-3.189366e-01
4.287767548514578e-03	6.378635e+00	4.313782e-06	-3.189355e-01
4.297767548514578e-03	6.378635e+00	4.313782e-06	-3.189366e-01
4.307767548514578e-03	6.378635e+00	4.313782e-06	-3.189355e-01
4.317767548514578e-03	6.378635e+00	4.313782e-06	-3.189366e-01
4.327767548514578e-03	6.378636e+00	4.313782e-06	-3.189355e-01
4.337767548514578e-03	6.378636e+00	4.313782e-06	-3.189366e-01
4.347767548514578e-03	6.378636e+00	4.313782e-06	-3.189355e-01
4.357767548514578e-03	6.378636e+00	4.313782e-06	-3.189366e-01
4.367767548514578e-03	6.378636e+00	4.313782e-06	-3.189355e-01
4.377767548514578e-03	6.378636e+00	4.313782e-06	-3.189366e-01
4.387767548514578e-03	6.378636e+00	4.313782e-06	-3.189355e-01
4.397767548514578e-03	6.378635e+00	4.313782e-06	-3.189366e-01
4.407767548514577e-03	6.378635e+00	4.313782e-06	-3.189355e-01
4.417767548514578e-03	6.378635e+00	4.313782e-06	-3.189366e-01
4.427767548514577e-03	6.378635e+00	4.313782e-06	-3.189355e-01
4.437767548514578e-03	6.378635e+00	4.313782e-06	-3.189366e-01
4.447767548514578e-03	6.378635e+00	4.313782e-06	-3.189355e-01
4.457767548514578e-03	6.378635e+00	4.313782e-06	-3.189366e-01
4.467767548514578e-03	6.378636e+00	4.313782e-06	-3.189355e-01
4.477767548514578e-03	6.378636e+00	4.313782e-06	-3.189366e-01
4.487767548514578e-03	6.378636e+00	4.313782e-06	-3.189355e-01
4.497767548514578e-03	6.378636e+00	4.313782e-06	-3.189366e-01
4.507767548514578e-03	6.378636e+00	4.313782e-06	-3.189355e-01
4.517767548514578e-03	6.378636e+00	4.313781e-06	-3.189366e-01
4.527767548514578e-03	6.378636e+00	4.313781e-06	-3.189355e-01
4.537767548514578e-03	6.378636e+00	4.313781e-06	-3.189366e-01
4.547767548514578e-03	6.378636e+00	4.313781e-06	-3.189355e-01
4.557767548514577e-03	6.378635e+00	4.313781e-06	-3.189366e-01
4.567767548514578e-03	6.378635e+00	4.313781e-06	-3.189355e-01
4.577767548514577e-03	6.378635e+00	4.313781e-06	-3.189366e-01
4.587767548514578e-03	6.378635e+00	4.313781e-06	-3.189355e-01
4.597767548514578e-03	6.378635e+00	4.313781e-06	-3.189366e-01
4.607767548514578e-03	6.378635e+00	4.313781e-06	-3.189355e-01
4.617767548514578e-03	6.378635e+00	4.313781e-06	-3.189366e-01
4.627767548514578e-03	6.378635e+00	4.313781e-06	-3.189355e-01
4.637767548514578e-03	6.378635e+00	4.313781e-06	-3.189366e-01
4.647767548514578e-03	6.378635e+00	4.313781e-06	-3.189355e-01
4.657767548514578e-03	6.378635e+00	4.313781e-06	-3.189366e-01
4.667767548514578e-03	6.378635e+00	4.313781e-06	-3.189355e-01
4.677767548514578e-03	6.378635e+00	4.313781e-06	-3.189366e-01
4.687767548514578e-03	6.378635e+00	4.313781e-06	-3.189355e-01
4.697767548514578e-03	6.378635e+00	4.313781e-06	-3.189366e-01
4.707767548514578e-03	6.378636e+00	4.313781e-06	-3.189355e-01
4.717767548514578e-03	6.378636e+00	4.313780e-06	-3.189366e-01
4.727767548514577e-03	6.378636e+00	4.313780e-06	-3.189355e-01
4.737767548514578e-03	6.378636e+00	4.313780e-06	-3.189366e-01
4.747767548514577e-03	6.378636e+00	4.313780e-06	-3.189355e-01
4.757767548514578e-03	6.378636e+00	4.313780e-06	-3.189366e-01
4.767767548514578e-03	6.378636e+00	4.313780e-06	-3.189355e-01
4.777767548514578e-03	6.378636e+00	4.313780e-06	-3.189366e-01
4.787767548514578e-03	6.378635e+00	4.313780e-06	-3.189355e-01
4.797767548514578e-03	6.378635e+00	4.313780e-06	-3.189366e-01
4.807767548514578e-03	6.378635e+00	4.313780e-06	-3.189355e-01
4.817767548514578e-03	6.378635e+00	4.313780e-06	-3.189366e-01
4.827767548514578e-03	6.378635e+00	4.313780e-06	-3.189355e-01
4.837767548514578e-03	6.378635e+00	4.313780e-06	-3.189366e-01
4.847767548514578e-03	6.378635e+00	4.313780e-06	-3.189355e-01
4.857767548514578e-03	6.378635e+00	4.313780e-06	-3.189366e-01
4.867767548514578e-03	6.378635e+00	4.313780e-06	-3.189355e-01
4.877767548514577e-03	6.378635e+00	4.313780e-06	-3.189366e-01
4.887767548514578e-03	6.378635e+00	4.313780e-06	-3.189355e-01
4.897767548514577e-03	6.378635e+00	4.313780e-06	-3.189366e-01
4.907767548514578e-03	6.378636e+00	4.313780e-06	-3.189355e-01
4.917767548514577e-03	6.378636e+00	4.313780e-06	-3.189366e-01
4.927767548514578e-03	6.378636e+00	4.313780e-06	-3.189355e-01
4.937767548514578e-03	6.378636e+00	4.313780e-06	-3.189366e-01
4.947767548514578e-03	6.378636e+00	4.313780e-06	-3.189355e-01
4.957767548514578e-03	6.378636e+00	4.313779e-06	-3.189366e-01
4.967767548514578e-03	6.378636e+00	4.313779e-06	-3.189355e-01
4.977767548514578e-03	6.378636e+00	4.313779e-06	-3.189366e-01
4.987767548514578e-03	6.378636e+00	4.313779e-06	-3.189355e-01
4.997767548514578e-03	6.378636e+00	4.313779e-06	-3.189366e-01
5.007767548514578e-03	6.378636e+00	4.313779e-06	-3.189355e-01
5.017767548514578e-03	6.378636e+00	4.313779e-06	-3.189366e-01
5.027767548514578e-03	6.378636e+00	4.313779e-06	-3.189355e-01
5.037767548514578e-03	6.378636e+00	4.313779e-06	-3.189366e-01
5.047767548514577e-03	6.378636e+00	4.313779e-06	-3.189355e-01
5.057767548514578e-03	6.378636e+00	4.313779e-06	-3.189366e-01
5.067767548514577e-03	6.378635e+00	4.313779e-06	-3.189355e-01
5.077767548514578e-03	6.378635e+00	4.313779e-06	-3.189366e-01
5.087767548514577e-03	6.378635e+00	4.313779e-06	-3.189355e-01
5.097767548514578e-03	6.378635e+00	4.313779e-06	-3.189366e-01
5.107767548514578e-03	6.378635e+00	4.313779e-06	-3.189355e-01
5.117767548514578e-03	6.378635e+00	4.313779e-06	-3.189366e-01
5.127767548514578e-03	6.378635e+00	4.313779e-06	-3.189355e-01
5.137767548514578e-03	6.378635e+00	4.313779e-06	-3.189366e-01
5.147767548514578e-03	6.378635e+00	4.313779e-06	-3.189355e-01
5.157767548514578e-03	6.378635e+00	4.313779e-06	-3.189366e-01
5.167767548514578e-03	6.378635e+00	4.313779e-06	-3.189355e-01
5.177767548514578e-03	6.378635e+00	4.313779e-06	-3.189366e-01
5.187767548514578e-03	6.378635e+00	4.313779e-06	-3.189355e-01
5.197767548514577e-03	6.378635e+00	4.313779e-06	-3.189366e-01
5.207767548514578e-03	6.378635e+00	4.313779e-06	-3.189355e-01
5.217767548514577e-03	6.378635e+00	4.313779e-06	-3.189366e-01
5.227767548514578e-03	6.378635e+00	4.313779e-06	-3.189355e-01
5.237767548514577e-03	6.378635e+00	4.313779e-06	-3.189366e-01
5.247767548514578e-03	6.378635e+00	4.313779e-06	-3.189355e-01
5.257767548514578e-03	6.378635e+00	4.313779e-06	-3.189366e-01
5.267767548514578e-03	6.378635e+00	4.313779e-06	-3.189355e-01
5.277767548514578e-03	6.378635e+00	4.313779e-06	-3.189366e-01
5.287767548514578e-03	6.378635e+00	4.313779e-06	-3.189355e-01
5.297767548514578e-03	6.378635e+00	4.313778e-06	-3.189366e-01
5.307767548514578e-03	6.378635e+00	4.313778e-06	-3.189355e-01
5.317767548514578e-03	6.378635e+00	4.313778e-06	-3.189366e-01
5.327767548514578e-03	6.378635e+00	4.313778e-06	-3.189355e-01
5.337767548514578e-03	6.378635e+00	4.313778e-06	-3.189366e-01
5.347767548514578e-03	6.378635e+00	4.313778e-06	-3.189355e-01
5.357767548514578e-03	6.378635e+00	4.313778e-06	-3.189366e-01
5.367767548514577e-03	6.378635e+00	4.313778e-06	-3.189355e-01
5.377767548514578e-03	6.378635e+00	4.313778e-06	-3.189366e-01
5.387767548514577e-03	6.378636e+00	4.313778e-06	-3.189355e-01
5.397767548514578e-03	6.378636e+00	4.313778e-06	-3.189366e-01
5.407767548514577e-03	6.378636e+00	4.313778e-06	-3.189355e-01
5.417767548514578e-03	6.378636e+00	4.313778e-06	-3.189366e-01
5.427767548514578e-03	6.378636e+00	4.313778e-06	-3.189355e-01
5.437767548514578e-03	6.378636e+00	4.313778e-06	-3.189366e-01
5.447767548514578e-03	6.378636e+00	4.313778e-06	-3.189355e-01
5.457767548514578e-03	6.378636e+00	4.313778e-06	-3.189366e-01
5.467767548514578e-03	6.378636e+00	4.313778e-06	-3.189355e-01
5.477767548514578e-03	6.378636e+00	4.313778e-06	-3.189366e-01
5.487767548514578e-03	6.378635e+00	4.313778e-06	-3.189355e-01
5.497767548514578e-03	6.378635e+00	4.313778e-06	-3.189366e-01
5.507767548514578e-03	6.378635e+00	4.313778e-06	-3.189355e-01
5.517767548514577e-03	6.378635e+00	4.313778e-06	-3.189366e-01
5.527767548514578e-03	6.378635e+00	4.313778e-06	-3.189355e-01
5.537767548514577e-03	6.378635e+00	4.313778e-06	-3.189366e-01
5.547767548514578e-03	6.378635e+00	4.313778e-06	-3.189355e-01
5.557767548514577e-03	6.378635e+00	4.313778e-06	-3.189366e-01
5.567767548514578e-03	6.378635e+00	4.313778e-06	-3.189355e-01
5.577767548514577e-03	6.378635e+00	4.313778e-06	-3.189366e-01
5.587767548514578e-03	6.378635e+00	4.313778e-06	-3.189355e-01
5.597767548514578e-03	6.378635e+00	4.313778e-06	-3.189366e-01
5.607767548514578e-03	6.378635e+00	4.313778e-06	-3.189355e-01
5.617767548514578e-03	6.378635e+00	4.313778e-06	-3.189366e-01
5.627767548514578e-03	6.378635e+00	4.313778e-06	-3.189355e-01
5.637767548514578e-03	6.378635e+00	4.313778e-06	-3.189366e-01
5.647767548514578e-03	6.378635e+00	4.313778e-06	-3.189355e-01
5.657767548514578e-03	6.378635e+00	4.313778e-06	-3.189366e-01
5.667767548514578e-03	6.378635e+00	4.313778e-06	-3.189355e-01
5.677767548514578e-03	6.378635e+00	4.313778e-06	-3.189366e-01
5.687767548514577e-03	6.378635e+00	4.313778e-06	-3.189355e-01
5.697767548514578e-03	6.378635e+00	4.313778e-06	-3.189366e-01
5.707767548514577e-03	6.378635e+00	4.313778e-06	-3.189355e-01
5.717767548514578e-03	6.378635e+00	4.313778e-06	-3.189366e-01
5.727767548514577e-03	6.378635e+00	4.313778e-06	-3.189355e-01
5.737767548514578e-03	6.378635e+00	4.313778e-06	-3.189366e-01
5.747767548514577e-03	6.378635e+00	4.313778e-06	-3.189355e-01
5.757767548514578e-03	6.378635e+00	4.313778e-06	-3.189366e-01
5.767767548514578e-03	6.378636e+00	4.313778e-06	-3.189355e-01
5.777767548514578e-03	6.378636e+00	4.313778e-06	-3.189366e-01
5.787767548514578e-03	6.378636e+00	4.313778e-06	-3.189355e-01
5.797767548514578e-03	6.378636e+00	4.313778e-06	-3.189366e-01
5.807767548514578e-03	6.378636e+00	4.313778e-06	-3.189355e-01
5.817767548514578e-03	6.378636e+00	4.313778e-06	-3.189366e-01
5.827767548514578e-03	6.378636e+00	4.313778e-06	-3.189355e-01
5.837767548514577e-03	6.378636e+00	4.313778e-06	-3.189366e-01
5.847767548514578e-03	6.378636e+00	4.313778e-06	-3.189355e-01
5.857767548514577e-03	6.378636e+00	4.313778e-06	-3.189366e-01
5.867767548514578e-03	6.378636e+00	4.313778e-06	-3.189355e-01
5.877767548514577e-03	6.378636e+00	4.313778e-06	-3.189366e-01
5.887767548514578e-03	6.378636e+00	4.313778e-06	-3.189355e-01
5.897767548514577e-03	6.378636e+00	4.313778e-06	-3.189366e-01
5.907767548514578e-03	6.378636e+00	4.313778e-06	-3.189355e-01
5.917767548514578e-03	6.378636e+00	4.313778e-06	-3.189366e-01
5.927767548514578e-03	6.378636e+00	4.313778e-06	-3.189355e-01
5.937767548514578e-03	6.378636e+00	4.313778e-06	-3.189366e-01
5.947767548514578e-03	6.378636e+00	4.313777e-06	-3.189355e-01
5.957767548514578e-03	6.378636e+00	4.313777e-06	-3.189366e-01
5.967767548514578e-03	6.378636e+00	4.313777e-06	-3.189355e-01
5.977767548514578e-03	6.378636e+00	4.313777e-06	-3.189366e-01
5.987767548514578e-03	6.378636e+00	4.313777e-06	-3.189355e-01
5.997767548514578e-03	6.378636e+00	4.313777e-06	-3.189366e-01
6.007767548514577e-03	6.378636e+00	4.313777e-06	-3.189355e-01
6.017767548514578e-03	6.378636e+00	4.313777e-06	-3.189366e-01
6.027767548514577e-03	6.378636e+00	4.313777e-06	-3.189355e-01
6.037767548514578e-03	6.378636e+00	4.313777e-06	-3.189366e-01
6.047767548514577e-03	6.378636e+00	4.313777e-06	-3.189355e-01
6.057767548514578e-03	6.378636e+00	4.313777e-06	-3.189366e-01
6.067767548514577e-03	6.378636e+00	4.313777e-06	-3.189355e-01
6.077767548514578e-03	6.378636e+00	4.313777e-06	-3.189366e-01
6.087767548514578e-03	6.378636e+00	4.313777e-06	-3.189355e-01
6.097767548514578e-03	6.378636e+00	4.313777e-06	-3.189366e-01
6.107767548514578e-03	6.378636e+00	4.313777e-06	-3.189355e-01
6.117767548514578e-03	6.378636e+00	4.313777e-06	-3.189366e-01
6.127767548514578e-03	6.378636e+00	4.313777e-06	-3.189355e-01
6.137767548514578e-03	6.378636e+00	4.313777e-06	-3.189366e-01
6.147767548514578e-03	6.378636e+00	4.313777e-06	-3.189355e-01
6.157767548514577e-03	6.378636e+00	4.313777e-06	-3.189366e-01
6.167767548514578e-03	6.378636e+00	4.313777e-06	-3.189355e-01
6.177767548514577e-03	6.378636e+00	4.313777e-06	-3.189366e-01
6.187767548514578e-03	6.378636e+00	4.313777e-06	-3.189355e-01
6.197767548514577e-03	6.378636e+00	4.313777e-06	-3.189366e-01
6.207767548514578e-03	6.378636e+00	4.313777e-06	-3.189355e-01
6.217767548514577e-03	6.378636e+00	4.313777e-06	-3.189366e-01
6.227767548514578e-03	6.378636e+00	4.313777e-06	-3.189355e-01
6.237767548514577e-03	6.378636e+00	4.313777e-06	-3.189366e-01
6.247767548514578e-03	6.378636e+00	4.313777e-06	-3.189355e-01
6.257767548514578e-03	6.378636e+00	4.313777e-06	-3.189366e-01
6.267767548514578e-03	6.378636e+00	4.313777e-06	-3.189355e-01
6.277767548514578e-03	6.378636e+00	4.313777e-06	-3.189366e-01
6.287767548514578e-03	6.378636e+00	4.313777e-06	-3.189355e-01
6.297767548514578e-03	6.378636e+00	4.313777e-06	-3.189366e-01
6.307767548514578e-03	6.378635e+00	4.313777e-06	-3.189355e-01
6.317767548514578e-03	6.378635e+00	4.313777e-06	-3.189366e-01
6.327767548514577e-03	6.378635e+00	4.313777e-06	-3.189355e-01
6.337767548514578e-03	6.378635e+00	4.313777e-06	-3.189366e-01
6.347767548514577e-03	6.378635e+00	4.313777e-06	-3.189355e-01
6.357767548514578e-03	6.378635e+00	4.313777e-06	-3.189366e-01
6.367767548514577e-03	6.378635e+00	4.313777e-06	-3.189355e-01
6.377767548514578e-03	6.378635e+00	4.313777e-06	-3.189366e-01
6.387767548514577e-03	6.378635e+00	4.313777e-06	-3.189355e-01
6.397767548514578e-03	6.378635e+00	4.313777e-06	-3.189366e-01
6.407767548514577e-03	6.378635e+00	4.313777e-06	-3.189355e-01
6.417767548514578e-03	6.378635e+00	4.313777e-06	-3.189366e-01
6.427767548514578e-03	6.378635e+00	4.313777e-06	-3.189355e-01
6.437767548514578e-03	6.378635e+00	4.313777e-06	-3.189366e-01
6.447767548514578e-03	6.378635e+00	4.313777e-06	-3.189355e-01
6.457767548514578e-03	6.378635e+00	4.313777e-06	-3.189366e-01
6.467767548514578e-03	6.378635e+00	4.313777e-06	-3.189355e-01
6.477767548514577e-03	6.378635e+00	4.313777e-06	-3.189366e-01
6.487767548514578e-03	6.378635e+00	4.313777e-06	-3.189355e-01
6.497767548514577e-03	6.378635e+00	4.313777e-06	-3.189366e-01
6.507767548514578e-03	6.378635e+00	4.313777e-06	-3.189355e-01
6.517767548514577e-03	6.378635e+00	4.313777e-06	-3.189366e-01
6.527767548514578e-03	6.378635e+00	4.313777e-06	-3.189355e-01
6.537767548514577e-03	6.378635e+00	4.313777e-06	-3.189366e-01
6.547767548514578e-03	6.378635e+00	4.313777e-06	-3.189355e-01
6.557767548514577e-03	6.378635e+00	4.313777e-06	-3.189366e-01
6.567767548514578e-03	6.378635e+00	4.313777e-06	-3.189355e-01
6.577767548514577e-03	6.378635e+00	4.313777e-06	-3.189366e-01
6.587767548514578e-03	6.378635e+00	4.313777e-06	-3.189355e-01
6.597767548514578e-03	6.378635e+00	4.313777e-06	-3.189366e-01
6.607767548514578e-03	6.378635e+00	4.313777e-06	-3.189355e-01
6.617767548514578e-03	6.378635e+00	4.313777e-06	-3.189366e-01
6.627767548514578e-03	6.378635e+00	4.313777e-06	-3.189355e-01
6.637767548514578e-03	6.378635e+00	4.313777e-06	-3.189366e-01
6.647767548514577e-03	6.378635e+00	4.313777e-06	-3.189355e-01
6.657767548514578e-03	6.378635e+00	4.313777e-06	-3.189366e-01
6.667767548514577e-03	6.378635e+00	4.313777e-06	-3.189355e-01
6.677767548514578e-03	6.378635e+00	4.313777e-06	-3.189366e-01
6.687767548514577e-03	6.378635e+00	4.313777e-06	-3.189355e-01
6.697767548514578e-03	6.378635e+00	4.313777e-06	-3.189366e-01
6.707767548514577e-03	6.378635e+00	4.313777e-06	-3.189355e-01
6.717767548514578e-03	6.378635e+00	4.313777e-06	-3.189366e-01
6.727767548514577e-03	6.378635e+00	4.313777e-06	-3.189355e-01
6.737767548514578e-03	6.378635e+00	4.313777e-06	-3.189366e-01
6.747767548514578e-03	6.378635e+00	4.313777e-06	-3.189355e-01
6.757767548514578e-03	6.378635e+00	4.313777e-06	-3.189366e-01
6.767767548514578e-03	6.378635e+00	4.313777e-06	-3.189355e-01
6.777767548514578e-03	6.378635e+00	4.313777e-06	-3.189366e-01
6.787767548514578e-03	6.378635e+00	4.313777e-06	-3.189355e-01
6.797767548514577e-03	6.378635e+00	4.313777e-06	-3.189366e-01
6.807767548514578e-03	6.378635e+00	4.313777e-06	-3.189355e-01
6.817767548514577e-03	6.378635e+00	4.313777e-06	-3.189366e-01
6.827767548514578e-03	6.378635e+00	4.313777e-06	-3.189355e-01
6.837767548514577e-03	6.378635e+00	4.313777e-06	-3.189366e-01
6.847767548514578e-03	6.378635e+00	4.313777e-06	-3.189355e-01
6.857767548514577e-03	6.378635e+00	4.313777e-06	-3.189366e-01
6.867767548514578e-03	6.378635e+00	4.313777e-06	-3.189355e-01
6.877767548514577e-03	6.378635e+00	4.313777e-06	-3.189366e-01
6.887767548514578e-03	6.378635e+00	4.313777e-06	-3.189355e-01
6.897767548514577e-03	6.378635e+00	4.313777e-06	-3.189366e-01
6.907767548514578e-03	6.378635e+00	4.313777e-06	-3.189355e-01
6.917767548514578e-03	6.378635e+00	4.313777e-06	-3.189366e-01
6.927767548514578e-03	6.378635e+00	4.313777e-06	-3.189355e-01
6.937767548514578e-03	6.378635e+00	4.313777e-06	-3.189366e-01
6.947767548514578e-03	6.378635e+00	4.313777e-06	-3.189355e-01
6.957767548514578e-03	6.378635e+00	4.313777e-06	-3.189366e-01
6.967767548514577e-03	6.378635e+00	4.313777e-06	-3.189355e-01
6.977767548514578e-03	6.378635e+00	4.313777e-06	-3.189366e-01
6.987767548514577e-03	6.378635e+00	4.313777e-06	-3.189355e-01
6.997767548514578e-03	6.378635e+00	4.313777e-06	-3.189366e-01
7.007767548514577e-03	6.378635e+00	4.313777e-06	-3.189355e-01
7.017767548514578e-03	6.378635e+00	4.313777e-06	-3.189366e-01
7.027767548514577e-03	6.378635e+00	4.313777e-06	-3.189355e-01
7.037767548514578e-03	6.378635e+00	4.313777e-06	-3.189366e-01
7.047767548514577e-03	6.378635e+00	4.313777e-06	-3.189355e-01
7.057767548514578e-03	6.378635e+00	4.313777e-06	-3.189366e-01
7.067767548514577e-03	6.378635e+00	4.313777e-06	-3.189355e-01
7.077767548514578e-03	6.378635e+00	4.313777e-06	-3.189366e-01
7.087767548514578e-03	6.378635e+00	4.313777e-06	-3.189355e-01
7.097767548514578e-03	6.378635e+00	4.313777e-06	-3.189366e-01
7.107767548514578e-03	6.378635e+00	4.313777e-06	-3.189355e-01
7.117767548514577e-03	6.378635e+00	4.313777e-06	-3.189366e-01
7.127767548514578e-03	6.378635e+00	4.313777e-06	-3.189355e-01
7.137767548514577e-03	6.378635e+00	4.313777e-06	-3.189366e-01
7.147767548514578e-03	6.378635e+00	4.313777e-06	-3.189355e-01
7.157767548514577e-03	6.378635e+00	4.313777e-06	-3.189366e-01
7.167767548514578e-03	6.378635e+00	4.313777e-06	-3.189355e-01
7.177767548514577e-03	6.378635e+00	4.313777e-06	-3.189366e-01
7.187767548514578e-03	6.378635e+00	4.313777e-06	-3.189355e-01
7.197767548514577e-03	6.378635e+00	4.313777e-06	-3.189366e-01
7.207767548514578e-03	6.378635e+00	4.313777e-06	-3.189355e-01
7.217767548514577e-03	6.378635e+00	4.313777e-06	-3.189366e-01
7.227767548514578e-03	6.378635e+00	4.313777e-06	-3.189355e-01
7.237767548514577e-03	6.378635e+00	4.313777e-06	-3.189366e-01
7.247767548514578e-03	6.378635e+00	4.313777e-06	-3.189355e-01
7.257767548514578e-03	6.378635e+00	4.313777e-06	-3.189366e-01
7.267767548514578e-03	6.378635e+00	4.313777e-06	-3.189355e-01
7.277767548514578e-03	6.378635e+00	4.313777e-06	-3.189366e-01
7.287767548514577e-03	6.378635e+00	4.313777e-06	-3.189355e-01
7.297767548514578e-03	6.378635e+00	4.313777e-06	-3.189366e-01
7.307767548514577e-03	6.378635e+00	4.313777e-06	-3.189355e-01
7.317767548514578e-03	6.378635e+00	4.313777e-06	-3.189366e-01
7.327767548514577e-03	6.378635e+00	4.313777e-06	-3.189355e-01
7.337767548514578e-03	6.378635e+00	4.313777e-06	-3.189366e-01
7.347767548514577e-03	6.378635e+00	4.313777e-06	-3.189355e-01
7.357767548514578e-03	6.378635e+00	4.313777e-06	-3.189366e-01
7.367767548514577e-03	6.378635e+00	4.313777e-06	-3.189355e-01
7.377767548514578e-03	6.378635e+00	4.313777e-06	-3.189366e-01
7.387767548514577e-03	6.378635e+00	4.313777e-06	-3.189355e-01
7.397767548514578e-03	6.378635e+00	4.313777e-06	-3.189366e-01
7.407767548514578e-03	6.378635e+00	4.313777e-06	-3.189355e-01
7.417767548514578e-03	6.378635e+00	4.313777e-06	-3.189366e-01
7.427767548514578e-03	6.378635e+00	4.313777e-06	-3.189355e-01
7.437767548514577e-03	6.378635e+00	4.313777e-06	-3.189366e-01
7.447767548514578e-03	6.378635e+00	4.313777e-06	-3.189355e-01
7.457767548514577e-03	6.378635e+00	4.313777e-06	-3.189366e-01
7.467767548514578e-03	6.378635e+00	4.313777e-06	-3.189355e-01
7.477767548514577e-03	6.378635e+00	4.313777e-06	-3.189366e-01
7.487767548514578e-03	6.378635e+00	4.313777e-06	-3.189355e-01
7.497767548514577e-03	6.378635e+00	4.313777e-06	-3.189366e-01
7.507767548514578e-03	6.378635e+00	4.313777e-06	-3.189355e-01
7.517767548514577e-03	6.378635e+00	4.313777e-06	-3.189366e-01
7.527767548514578e-03	6.378635e+00	4.313777e-06	-3.189355e-01
7.537767548514577e-03	6.378635e+00	4.313777e-06	-3.189366e-01
7.547767548514578e-03	6.378635e+00	4.313777e-06	-3.189355e-01
7.557767548514577e-03	6.378635e+00	4.313777e-06	-3.189366e-01
7.567767548514578e-03	6.378635e+00	4.313777e-06	-3.189355e-01
7.577767548514578e-03	6.378635e+00	4.313777e-06	-3.189366e-01
7.587767548514578e-03	6.378635e+00	4.313777e-06	-3.189355e-01
7.597767548514578e-03	6.378635e+00	4.313777e-06	-3.189366e-01
7.607767548514577e-03	6.378635e+00	4.313777e-06	-3.189355e-01
7.617767548514578e-03	6.378635e+00	4.313777e-06	-3.189366e-01
7.627767548514577e-03	6.378635e+00	4.313777e-06	-3.189355e-01
7.637767548514578e-03	6.378635e+00	4.313777e-06	-3.189366e-01
7.647767548514577e-03	6.378635e+00	4.313777e-06	-3.189355e-01
7.657767548514578e-03	6.378635e+00	4.313777e-06	-3.189366e-01
7.667767548514577e-03	6.378635e+00	4.313777e-06	-3.189355e-01
7.677767548514578e-03	6.378635e+00	4.313777e-06	-3.189366e-01
7.687767548514577e-03	6.378635e+00	4.313777e-06	-3.189355e-01
7.697767548514578e-03	6.378635e+00	4.313777e-06	-3.189366e-01
7.707767548514577e-03	6.378635e+00	4.313777e-06	-3.189355e-01
7.717767548514578e-03	6.378635e+00	4.313777e-06	-3.189366e-01
7.727767548514577e-03	6.378635e+00	4.313777e-06	-3.189355e-01
7.737767548514578e-03	6.378635e+00	4.313777e-06	-3.189366e-01
7.747767548514578e-03	6.378635e+00	4.313777e-06	-3.189355e-01
7.757767548514577e-03	6.378635e+00	4.313777e-06	-3.189366e-01
7.767767548514578e-03	6.378635e+00	4.313777e-06	-3.189355e-01
7.777767548514577e-03	6.378635e+00	4.313777e-06	-3.189366e-01
7.787767548514578e-03	6.378635e+00	4.313777e-06	-3.189355e-01
7.797767548514577e-03	6.378635e+00	4.313777e-06	-3.189366e-01
7.807767548514578e-03	6.378635e+00	4.313777e-06	-3.189355e-01
7.817767548514577e-03	6.378635e+00	4.313777e-06	-3.189366e-01
7.827767548514577e-03	6.378635e+00	4.313777e-06	-3.189355e-01
7.837767548514578e-03	6.378635e+00	4.313777e-06	-3.189366e-01
7.847767548514578e-03	6.378635e+00	4.313777e-06	-3.189355e-01
7.857767548514577e-03	6.378635e+00	4.313777e-06	-3.189366e-01
7.867767548514577e-03	6.378635e+00	4.313777e-06	-3.189355e-01
7.877767548514578e-03	6.378635e+00	4.313777e-06	-3.189366e-01
7.887767548514578e-03	6.378635e+00	4.313777e-06	-3.189355e-01
7.897767548514577e-03	6.378635e+00	4.313777e-06	-3.189366e-01
7.907767548514577e-03	6.378635e+00	4.313777e-06	-3.189355e-01
7.917767548514577e-03	6.378635e+00	4.313777e-06	-3.189366e-01
7.927767548514578e-03	6.378635e+00	4.313777e-06	-3.189355e-01
7.937767548514578e-03	6.378635e+00	4.313777e-06	-3.189366e-01
7.947767548514577e-03	6.378635e+00	4.313777e-06	-3.189355e-01
7.957767548514577e-03	6.378635e+00	4.313777e-06	-3.189366e-01
7.967767548514578e-03	6.378635e+00	4.313777e-06	-3.189355e-01
7.977767548514578e-03	6.378635e+00	4.313777e-06	-3.189366e-01
7.987767548514577e-03	6.378635e+00	4.313777e-06	-3.189355e-01
7.997767548514577e-03	6.378635e+00	4.313777e-06	-3.189366e-01
8.007767548514578e-03	6.378635e+00	4.313777e-06	-3.189355e-01
8.017767548514578e-03	6.378635e+00	4.313777e-06	-3.189366e-01
8.027767548514577e-03	6.378635e+00	4.313777e-06	-3.189355e-01
8.037767548514577e-03	6.378635e+00	4.313777e-06	-3.189366e-01
8.047767548514578e-03	6.378635e+00	4.313777e-06	-3.189355e-01
8.057767548514578e-03	6.378635e+00	4.313777e-06	-3.189366e-01
8.067767548514578e-03	6.378635e+00	4.313777e-06	-3.189355e-01
8.077767548514577e-03	6.378635e+00	4.313777e-06	-3.189366e-01
8.087767548514577e-03	6.378635e+00	4.313777e-06	-3.189355e-01
8.097767548514578e-03	6.378635e+00	4.313777e-06	-3.189366e-01
8.107767548514578e-03	6.378635e+00	4.313777e-06	-3.189355e-01
8.117767548514577e-03	6.378635e+00	4.313777e-06	-3.189366e-01
8.127767548514577e-03	6.378635e+00	4.313777e-06	-3.189355e-01
8.137767548514578e-03	6.378635e+00	4.313777e-06	-3.189366e-01
8.147767548514578e-03	6.378635e+00	4.313777e-06	-3.189355e-01
8.157767548514577e-03	6.378635e+00	4.313777e-06	-3.189366e-01
8.167767548514577e-03	6.378635e+00	4.313777e-06	-3.189355e-01
8.177767548514578e-03	6.378635e+00	4.313777e-06	-3.189366e-01
8.187767548514578e-03	6.378635e+00	4.313777e-06	-3.189355e-01
8.197767548514577e-03	6.378635e+00	4.313777e-06	-3.189366e-01
8.207767548514577e-03	6.378635e+00	4.313777e-06	-3.189355e-01
8.217767548514578e-03	6.378635e+00	4.313777e-06	-3.189366e-01
8.227767548514578e-03	6.378635e+00	4.313777e-06	-3.189355e-01
8.237767548514578e-03	6.378635e+00	4.313777e-06	-3.189366e-01
8.247767548514577e-03	6.378635e+00	4.313777e-06	-3.189355e-01
8.257767548514577e-03	6.378635e+00	4.313777e-06	-3.189366e-01
8.267767548514578e-03	6.378635e+00	4.313777e-06	-3.189355e-01
8.277767548514578e-03	6.378635e+00	4.313777e-06	-3.189366e-01
8.287767548514577e-03	6.378635e+00	4.313777e-06	-3.189355e-01
8.297767548514577e-03	6.378635e+00	4.313777e-06	-3.189366e-01
8.307767548514578e-03	6.378635e+00	4.313777e-06	-3.189355e-01
8.317767548514578e-03	6.378635e+00	4.313777e-06	-3.189366e-01
8.327767548514577e-03	6.378635e+00	4.313777e-06	-3.189355e-01
8.337767548514577e-03	6.378635e+00	4.313777e-06	-3.189366e-01
8.347767548514578e-03	6.378635e+00	4.313777e-06	-3.189355e-01
8.357767548514578e-03	6.378635e+00	4.313777e-06	-3.189366e-01
8.367767548514577e-03	6.378635e+00	4.313777e-06	-3.189355e-01
8.377767548514577e-03	6.378635e+00	4.313777e-06	-3.189366e-01
8.387767548514578e-03	6.378635e+00	4.313777e-06	-3.189355e-01
8.397767548514578e-03	6.378635e+00	4.313777e-06	-3.189366e-01
8.407767548514578e-03	6.378635e+00	4.313777e-06	-3.189355e-01
8.417767548514577e-03	6.378635e+00	4.313777e-06	-3.189366e-01
8.427767548514577e-03	6.378635e+00	4.313777e-06	-3.189355e-01
8.437767548514578e-03	6.378635e+00	4.313777e-06	-3.189366e-01
8.447767548514578e-03	6.378635e+00	4.313777e-06	-3.189355e-01
8.457767548514577e-03	6.378635e+00	4.313777e-06	-3.189366e-01
8.467767548514577e-03	6.378635e+00	4.313777e-06	-3.189355e-01
8.477767548514578e-03	6.378635e+00	4.313777e-06	-3.189366e-01
8.487767548514578e-03	6.378635e+00	4.313777e-06	-3.189355e-01
8.497767548514577e-03	6.378635e+00	4.313777e-06	-3.189366e-01
8.507767548514577e-03	6.378635e+00	4.313777e-06	-3.189355e-01
8.517767548514578e-03	6.378635e+00	4.313777e-06	-3.189366e-01
8.527767548514578e-03	6.378635e+00	4.313777e-06	-3.189355e-01
8.537767548514577e-03	6.378635e+00	4.313777e-06	-3.189366e-01
8.547767548514577e-03	6.378635e+00	4.313777e-06	-3.189355e-01
8.557767548514577e-03	6.378635e+00	4.313777e-06	-3.189366e-01
8.567767548514578e-03	6.378635e+00	4.313777e-06	-3.189355e-01
8.577767548514578e-03	6.378635e+00	4.313777e-06	-3.189366e-01
8.587767548514577e-03	6.378635e+00	4.313777e-06	-3.189355e-01
8.597767548514577e-03	6.378635e+00	4.313777e-06	-3.189366e-01
8.607767548514578e-03	6.378635e+00	4.313777e-06	-3.189355e-01
8.617767548514578e-03	6.378635e+00	4.313777e-06	-3.189366e-01
8.627767548514577e-03	6.378635e+00	4.313777e-06	-3.189355e-01
8.637767548514577e-03	6.378635e+00	4.313777e-06	-3.189366e-01
8.647767548514578e-03	6.378635e+00	4.313777e-06	-3.189355e-01
8.657767548514578e-03	6.378635e+00	4.313777e-06	-3.189366e-01
8.667767548514577e-03	6.378635e+00	4.313777e-06	-3.189355e-01
8.677767548514577e-03	6.378635e+00	4.313777e-06	-3.189366e-01
8.687767548514578e-03	6.378635e+00	4.313777e-06	-3.189355e-01
8.697767548514578e-03	6.378635e+00	4.313777e-06	-3.189366e-01
8.707767548514577e-03	6.378635e+00	4.313777e-06	-3.189355e-01
8.717767548514577e-03	6.378635e+00	4.313777e-06	-3.189366e-01
8.727767548514577e-03	6.378635e+00	4.313777e-06	-3.189355e-01
8.737767548514578e-03	6.378635e+00	4.313777e-06	-3.189366e-01
8.747767548514578e-03	6.378635e+00	4.313777e-06	-3.189355e-01
8.757767548514577e-03	6.378635e+00	4.313777e-06	-3.189366e-01
8.767767548514577e-03	6.378635e+00	4.313777e-06	-3.189355e-01
8.777767548514578e-03	6.378635e+00	4.313777e-06	-3.189366e-01
8.787767548514578e-03	6.378635e+00	4.313777e-06	-3.189355e-01
8.797767548514577e-03	6.378635e+00	4.313777e-06	-3.189366e-01
8.807767548514577e-03	6.378635e+00	4.313777e-06	-3.189355e-01
8.817767548514578e-03	6.378635e+00	4.313777e-06	-3.189366e-01
8.827767548514578e-03	6.378635e+00	4.313777e-06	-3.189355e-01
8.837767548514577e-03	6.378635e+00	4.313777e-06	-3.189366e-01
8.847767548514577e-03	6.378635e+00	4.313777e-06	-3.189355e-01
8.857767548514578e-03	6.378635e+00	4.313777e-06	-3.189366e-01
8.867767548514578e-03	6.378635e+00	4.313777e-06	-3.189355e-01
8.877767548514577e-03	6.378635e+00	4.313777e-06	-3.189366e-01
8.887767548514577e-03	6.378635e+00	4.313777e-06	-3.189355e-01
8.897767548514577e-03	6.378635e+00	4.313777e-06	-3.189366e-01
8.907767548514578e-03	6.378635e+00	4.313777e-06	-3.189355e-01
8.917767548514578e-03	6.378635e+00	4.313777e-06	-3.189366e-01
8.927767548514577e-03	6.378635e+00	4.313777e-06	-3.189355e-01
8.937767548514577e-03	6.378635e+00	4.313777e-06	-3.189366e-01
8.947767548514578e-03	6.378635e+00	4.313777e-06	-3.189355e-01
8.957767548514578e-03	6.378635e+00	4.313777e-06	-3.189366e-01
8.967767548514577e-03	6.378635e+00	4.313777e-06	-3.189355e-01
8.977767548514577e-03	6.378635e+00	4.313777e-06	-3.189366e-01
8.987767548514578e-03	6.378635e+00	4.313777e-06	-3.189355e-01
8.997767548514578e-03	6.378635e+00	4.313777e-06	-3.189366e-01
9.007767548514577e-03	6.378635e+00	4.313777e-06	-3.189355e-01
9.017767548514577e-03	6.378635e+00	4.313777e-06	-3.189366e-01
9.027767548514578e-03	6.378635e+00	4.313777e-06	-3.189355e-01
9.037767548514578e-03	6.378635e+00	4.313777e-06	-3.189366e-01
9.047767548514577e-03	6.378635e+00	4.313777e-06	-3.189355e-01
9.057767548514577e-03	6.378635e+00	4.313777e-06	-3.189366e-01
9.067767548514577e-03	6.378635e+00	4.313777e-06	-3.189355e-01
9.077767548514578e-03	6.378635e+00	4.313777e-06	-3.189366e-01
9.087767548514578e-03	6.378635e+00	4.313777e-06	-3.189355e-01
9.097767548514577e-03	6.378635e+00	4.313777e-06	-3.189366e-01
9.107767548514577e-03	6.378635e+00	4.313777e-06	-3.189355e-01
9.117767548514578e-03	6.378635e+00	4.313777e-06	-3.189366e-01
9.127767548514578e-03	6.378635e+00	4.313777e-06	-3.189355e-01
9.137767548514577e-03	6.378635e+00	4.313777e-06	-3.189366e-01
9.147767548514577e-03	6.378635e+00	4.313777e-06	-3.189355e-01
9.157767548514578e-03	6.378635e+00	4.313777e-06	-3.189366e-01
9.167767548514578e-03	6.378635e+00	4.313777e-06	-3.189355e-01
9.177767548514577e-03	6.378635e+00	4.313777e-06	-3.189366e-01
9.187767548514577e-03	6.378635e+00	4.313777e-06	-3.189355e-01
9.197767548514577e-03	6.378635e+00	4.313777e-06	-3.189366e-01
9.207767548514578e-03	6.378635e+00	4.313777e-06	-3.189355e-01
9.217767548514577e-03	6.378635e+00	4.313777e-06	-3.189366e-01
9.227767548514577e-03	6.378635e+00	4.313777e-06	-3.189355e-01
9.237767548514577e-03	6.378635e+00	4.313777e-06	-3.189366e-01
9.247767548514578e-03	6.378635e+00	4.313777e-06	-3.189355e-01
9.257767548514578e-03	6.378635e+00	4.313777e-06	-3.189366e-01
9.267767548514577e-03	6.378635e+00	4.313777e-06	-3.189355e-01
9.277767548514577e-03	6.378635e+00	4.313777e-06	-3.189366e-01
9.287767548514578e-03	6.378635e+00	4.313777e-06	-3.189355e-01
9.297767548514578e-03	6.378635e+00	4.313777e-06	-3.189366e-01
9.307767548514577e-03	6.378635e+00	4.313777e-06	-3.189355e-01
9.317767548514577e-03	6.378635e+00	4.313777e-06	-3.189366e-01
9.327767548514578e-03	6.378635e+00	4.313777e-06	-3.189355e-01
9.337767548514578e-03	6.378635e+00	4.313777e-06	-3.189366e-01
9.347767548514577e-03	6.378635e+00	4.313777e-06	-3.189355e-01
9.357767548514577e-03	6.378635e+00	4.313777e-06	-3.189366e-01
9.367767548514577e-03	6.378635e+00	4.313777e-06	-3.189355e-01
9.377767548514578e-03	6.378635e+00	4.313777e-06	-3.189366e-01
9.387767548514577e-03	6.378635e+00	4.313777e-06	-3.189355e-01
9.397767548514577e-03	6.378635e+00	4.313777e-06	-3.189366e-01
9.407767548514577e-03	6.378635e+00	4.313777e-06	-3.189355e-01
9.417767548514578e-03	6.378635e+00	4.313777e-06	-3.189366e-01
9.427767548514578e-03	6.378635e+00	4.313777e-06	-3.189355e-01
9.437767548514577e-03	6.378635e+00	4.313777e-06	-3.189366e-01
9.447767548514577e-03	6.378635e+00	4.313777e-06	-3.189355e-01
9.457767548514578e-03	6.378635e+00	4.313777e-06	-3.189366e-01
9.467767548514578e-03	6.378635e+00	4.313777e-06	-3.189355e-01
9.477767548514577e-03	6.378635e+00	4.313777e-06	-3.189366e-01
9.487767548514577e-03	6.378635e+00	4.313777e-06	-3.189355e-01
9.497767548514578e-03	6.378635e+00	4.313777e-06	-3.189366e-01
9.507767548514578e-03	6.378635e+00	4.313777e-06	-3.189355e-01
9.517767548514577e-03	6.378635e+00	4.313777e-06	-3.189366e-01
9.527767548514577e-03	6.378635e+00	4.313777e-06	-3.189355e-01
9.537767548514577e-03	6.378635e+00	4.313777e-06	-3.189366e-01
9.547767548514578e-03	6.378635e+00	4.313777e-06	-3.189355e-01
9.557767548514578e-03	6.378635e+00	4.313777e-06	-3.189366e-01
9.567767548514577e-03	6.378635e+00	4.313777e-06	-3.189355e-01
9.577767548514577e-03	6.378635e+00	4.313777e-06	-3.189366e-01
9.587767548514578e-03	6.378635e+00	4.313777e-06	-3.189355e-01
9.597767548514578e-03	6.378635e+00	4.313777e-06	-3.189366e-01
9.607767548514577e-03	6.378635e+00	4.313777e-06	-3.189355e-01
9.617767548514577e-03	6.378635e+00	4.313777e-06	-3.189366e-01
9.627767548514578e-03	6.378635e+00	4.313777e-06	-3.189355e-01
9.637767548514578e-03	6.378635e+00	4.313777e-06	-3.189366e-01
9.647767548514577e-03	6.378635e+00	4.313777e-06	-3.189355e-01
9.657767548514577e-03	6.378635e+00	4.313777e-06	-3.189366e-01
9.667767548514578e-03	6.378635e+00	4.313777e-06	-3.189355e-01
9.677767548514578e-03	6.378635e+00	4.313777e-06	-3.189366e-01
9.687767548514577e-03	6.378635e+00	4.313777e-06	-3.189355e-01
9.697767548514577e-03	6.378635e+00	4.313777e-06	-3.189366e-01
9.707767548514577e-03	6.378635e+00	4.313777e-06	-3.189355e-01
9.717767548514578e-03	6.378635e+00	4.313777e-06	-3.189366e-01
9.727767548514578e-03	6.378635e+00	4.313777e-06	-3.189355e-01
9.737767548514577e-03	6.378635e+00	4.313777e-06	-3.189366e-01
9.747767548514577e-03	6.378635e+00	4.313777e-06	-3.189355e-01
9.757767548514578e-03	6.378635e+00	4.313777e-06	-3.189366e-01
9.767767548514578e-03	6.378635e+00	4.313777e-06	-3.189355e-01
9.777767548514577e-03	6.378635e+00	4.313777e-06	-3.189366e-01
9.787767548514577e-03	6.378635e+00	4.313777e-06	-3.189355e-01
9.797767548514578e-03	6.378635e+00	4.313777e-06	-3.189366e-01
9.807767548514578e-03	6.378635e+00	4.313777e-06	-3.189355e-01
9.817767548514577e-03	6.378635e+00	4.313777e-06	-3.189366e-01
9.827767548514577e-03	6.378635e+00	4.313777e-06	-3.189355e-01
9.837767548514577e-03	6.378635e+00	4.313777e-06	-3.189366e-01
9.847767548514578e-03	6.378635e+00	4.313777e-06	-3.189355e-01
9.857767548514577e-03	6.378635e+00	4.313777e-06	-3.189366e-01
9.867767548514577e-03	6.378635e+00	4.313777e-06	-3.189355e-01
9.877767548514577e-03	6.378635e+00	4.313777e-06	-3.189366e-01
9.887767548514578e-03	6.378635e+00	4.313777e-06	-3.189355e-01
9.897767548514578e-03	6.378635e+00	4.313777e-06	-3.189366e-01
9.907767548514577e-03	6.378635e+00	4.313777e-06	-3.189355e-01
9.917767548514577e-03	6.378635e+00	4.313777e-06	-3.189366e-01
9.927767548514578e-03	6.378635e+00	4.313777e-06	-3.189355e-01
9.937767548514578e-03	6.378635e+00	4.313777e-06	-3.189366e-01
9.947767548514577e-03	6.378635e+00	4.313777e-06	-3.189355e-01
9.957767548514577e-03	6.378635e+00	4.313777e-06	-3.189366e-01
9.967767548514578e-03	6.378635e+00	4.313777e-06	-3.189355e-01
9.977767548514578e-03	6.378635e+00	4.313777e-06	-3.189366e-01
9.987767548514577e-03	6.378635e+00	4.313777e-06	-3.189355e-01
9.997767548514577e-03	6.378635e+00	4.313777e-06	-3.189366e-01
1.000000000000000e-02	6.378635e+00	4.313736e-06	-3.189355e-01
1.000000000100000e-02	6.378636e+00	4.313716e-06	-3.189366e-01
1.000000000200000e-02	6.378635e+00	4.313692e-06	-3.189357e-01
1.000000000347517e-02	6.378636e+00	4.313679e-06	-3.189364e-01
1.000000000560198e-02	6.378635e+00	4.313654e-06	-3.189358e-01
1.000000000985560e-02	6.378635e+00	4.313604e-06	-3.189364e-01
1.000000001836286e-02	6.378636e+00	4.313503e-06	-3.189358e-01
1.000000003537736e-02	6.378636e+00	4.313300e-06	-3.189364e-01
1.000000006940636e-02	6.378635e+00	4.312896e-06	-3.189358e-01
1.000000013746437e-02	6.378635e+00	4.312084e-06	-3.189364e-01
1.000000027358039e-02	6.378635e+00	4.310453e-06	-3.189358e-01
1.000000054581244e-02	6.378635e+00	4.307166e-06	-3.189364e-01
1.000000109027652e-02	6.378636e+00	4.300516e-06	-3.189358e-01
1.000000217920468e-02	6.378635e+00	4.287054e-06	-3.189363e-01
1.000000435706101e-02	6.378636e+00	4.259993e-06	-3.189358e-01
1.000000871277367e-02	6.378636e+00	4.206413e-06	-3.189363e-01
1.000001494136598e-02	6.378635e+00	4.132180e-06	-3.189358e-01
1.000002566913084e-02	6.378636e+00	4.012255e-06	-3.189363e-01
1.000004712466056e-02	6.378636e+00	3.793882e-06	-3.189357e-01
1.000006424045584e-02	6.378636e+00	3.655819e-06	-3.189362e-01
1.000007674898759e-02	6.378636e+00	3.641736e-06	-3.189356e-01
1.000008746539026e-02	6.378636e+00	3.794547e-06	-3.189363e-01
1.000010198874153e-02	6.378636e+00	4.224264e-06	-3.189361e-01
1.000011039106971e-02	6.378636e+00	4.529167e-06	-3.189370e-01
1.000012042677939e-02	6.378636e+00	4.896787e-06	-3.189368e-01
1.000013138590309e-02	6.378636e+00	5.266834e-06	-3.189377e-01
1.000015330415050e-02	6.378635e+00	5.898510e-06	-3.189379e-01
1.000019714064532e-02	6.378634e+00	6.870650e-06	-3.189402e-01
1.000024406669408e-02	6.378633e+00	7.546556e-06	-3.189413e-01
1.000029920291802e-02	6.378630e+00	7.920394e-06	-3.189426e-01
1.000035980624096e-02	6.378627e+00	8.036980e-06	-3.189420e-01
1.000041516404198e-02	6.378625e+00	8.051637e-06	-3.189425e-01
1.000051376413969e-02	6.378620e+00	8.059264e-06	-3.189418e-01
1.000071096433511e-02	6.378612e+00	8.066606e-06	-3.189419e-01
1.000091422343338e-02	6.378602e+00	8.072315e-06	-3.189409e-01
1.000112066004568e-02	6.378593e+00	8.080641e-06	-3.189411e-01
1.000131952206289e-02	6.378584e+00	8.093692e-06	-3.189401e-01
1.000147807144610e-02	6.378577e+00	8.107352e-06	-3.189403e-01
1.000165609064312e-02	6.378569e+00	8.123156e-06	-3.189394e-01
1.000182778638803e-02	6.378562e+00	8.135959e-06	-3.189397e-01
1.000212604685749e-02	6.378549e+00	8.152455e-06	-3.189385e-01
1.000237006661373e-02	6.378539e+00	8.161453e-06	-3.189385e-01
1.000258306586116e-02	6.378529e+00	8.165946e-06	-3.189375e-01
1.000280560178273e-02	6.378520e+00	8.168268e-06	-3.189376e-01
1.000304581715088e-02	6.378510e+00	8.168984e-06	-3.189365e-01
1.000327374751079e-02	6.378500e+00	8.168440e-06	-3.189366e-01
1.000350014628095e-02	6.378489e+00	8.167044e-06	-3.189355e-01
1.000371683336128e-02	6.378480e+00	8.165146e-06	-3.189356e-01
1.000393324211447e-02	6.378471e+00	8.162850e-06	-3.189346e-01
1.000414092501692e-02	6.378461e+00	8.160373e-06	-3.189347e-01
1.000431780258326e-02	6.378454e+00	8.158091e-06	-3.189337e-01
1.000446620968552e-02	6.378447e+00	8.156063e-06	-3.189339e-01
1.000462741545783e-02	6.378440e+00	8.153760e-06	-3.189330e-01
1.000477980734833e-02	6.378433e+00	8.151491e-06	-3.189332e-01
1.000498419334278e-02	6.378424e+00	8.148316e-06	-3.189322e-01
1.000522854788506e-02	6.378413e+00	8.144351e-06	-3.189322e-01
1.000553932718277e-02	6.378399e+00	8.139091e-06	-3.189310e-01
1.000589506201714e-02	6.378383e+00	8.132833e-06	-3.189307e-01
1.000633664562168e-02	6.378363e+00	8.124804e-06	-3.189291e-01
1.000685830861813e-02	6.378339e+00	8.115065e-06	-3.189284e-01
1.000752710798013e-02	6.378307e+00	8.102352e-06	-3.189263e-01
1.000836360209352e-02	6.378267e+00	8.086367e-06	-3.189248e-01
1.000950895684968e-02	6.378211e+00	8.064797e-06	-3.189214e-01
1.001108905718714e-02	6.378132e+00	8.036495e-06	-3.189179e-01
1.001353514489816e-02	6.378002e+00	7.997577e-06	-3.189108e-01
1.001769454420879e-02	6.377765e+00	7.944800e-06	-3.188996e-01
1.002367657974270e-02	6.377399e+00	7.889395e-06	-3.188805e-01
1.002748238654789e-02	6.377148e+00	7.864995e-06	-3.188682e-01
1.003042155901968e-02	6.376940e+00	7.851895e-06	-3.188572e-01
1.003377815309785e-02	6.376687e+00	7.840400e-06	-3.188451e-01
1.003734752376793e-02	6.376400e+00	7.830606e-06	-3.188302e-01
1.004101236540287e-02	6.376083e+00	7.822332e-06	-3.188149e-01
1.004447401975708e-02	6.375762e+00	7.815640e-06	-3.187983e-01
1.004806573881352e-02	6.375401e+00	7.809433e-06	-3.187808e-01
1.005153691101468e-02	6.375024e+00	7.803858e-06	-3.187614e-01
1.005525606682227e-02	6.374585e+00	7.798144e-06	-3.187400e-01
1.005894273541304e-02	6.374108e+00	7.792592e-06	-3.187158e-01
1.006336661947323e-02	6.373475e+00	7.785941e-06	-3.186850e-01
1.006825167161610e-02	6.372684e+00	7.778483e-06	-3.186455e-01
1.007429050168050e-02	6.371549e+00	7.768982e-06	-3.185905e-01
1.008121434262144e-02	6.369967e+00	7.757574e-06	-3.185137e-01
1.009016552147503e-02	6.367332e+00	7.741886e-06	-3.183890e-01
1.010016552147503e-02	6.363263e+00	7.722949e-06	-3.181957e-01
1.011016552147503e-02	6.357123e+00	7.702016e-06	-3.179103e-01
1.012016552147503e-02	6.346622e+00	7.677794e-06	-3.174452e-01
1.013016552147503e-02	6.327525e+00	7.647917e-06	-3.165600e-01
1.013625909700305e-02	6.304891e+00	7.622928e-06	-3.154587e-01
1.014070684762072e-02	6.277985e+00	7.598450e-06	-3.139457e-01
1.014341923275388e-02	6.257885e+00	7.581406e-06	-3.129034e-01
1.014589604304839e-02	6.238854e+00	7.565539e-06	-3.119522e-01
1.014852647993419e-02	6.218642e+00	7.548742e-06	-3.109406e-01
1.015169733258690e-02	6.194297e+00	7.528536e-06	-3.097232e-01
1.015651239380664e-02	6.157413e+00	7.497898e-06	-3.078771e-01
1.016182558343017e-02	6.116924e+00	7.464138e-06	-3.058500e-01
1.017020276754977e-02	6.053615e+00	7.411012e-06	-3.026792e-01
1.017845477887957e-02	5.992013e+00	7.358860e-06	-2.995958e-01
1.018845477887957e-02	5.918542e+00	7.296015e-06	-2.959175e-01
1.019845477887957e-02	5.846400e+00	7.233669e-06	-2.923102e-01
1.020845477887957e-02	5.775690e+00	7.171966e-06	-2.887738e-01
1.021845477887957e-02	5.706428e+00	7.111020e-06	-2.853112e-01
1.022845477887957e-02	5.638610e+00	7.050921e-06	-2.819198e-01
1.023845477887957e-02	5.572218e+00	6.991735e-06	-2.786009e-01
1.024845477887957e-02	5.507229e+00	6.933507e-06	-2.753510e-01
1.025845477887957e-02	5.443615e+00	6.876258e-06	-2.721712e-01
1.026845477887957e-02	5.381348e+00	6.820001e-06	-2.690575e-01
1.027845477887957e-02	5.320397e+00	6.764737e-06	-2.660107e-01
1.028845477887957e-02	5.260732e+00	6.710467e-06	-2.630271e-01
1.029845477887957e-02	5.202322e+00	6.657180e-06	-2.601075e-01
1.030845477887957e-02	5.145139e+00	6.604858e-06	-2.572480e-01
1.031845477887957e-02	5.089152e+00	6.553475e-06	-2.544495e-01
1.032845477887957e-02	5.034331e+00	6.503006e-06	-2.517081e-01
1.033845477887957e-02	4.980646e+00	6.453425e-06	-2.490247e-01
1.034845477887957e-02	4.928066e+00	6.404704e-06	-2.463953e-01
1.035845477887957e-02	4.876558e+00	6.356817e-06	-2.438208e-01
1.036845477887957e-02	4.826090e+00	6.309738e-06	-2.412972e-01
1.037845477887957e-02	4.776627e+00	6.263439e-06	-2.388250e-01
1.038845477887957e-02	4.728131e+00	6.217894e-06	-2.364000e-01
1.039845477887957e-02	4.680562e+00	6.173071e-06	-2.340226e-01
1.040845477887957e-02	4.633874e+00	6.128940e-06	-2.316881e-01
1.041845477887957e-02	4.588017e+00	6.085467e-06	-2.293965e-01
1.042845477887957e-02	4.542930e+00	6.042614e-06	-2.271423e-01
1.043845477887957e-02	4.498542e+00	6.000337e-06	-2.249246e-01
1.044845477887957e-02	4.454758e+00	5.958585e-06	-2.227362e-01
1.045845477887957e-02	4.411453e+00	5.917303e-06	-2.205737e-01
1.046845477887957e-02	4.368441e+00	5.876438e-06	-2.184258e-01
1.047739658467072e-02	4.330030e+00	5.840245e-06	-2.165085e-01
1.048361228631271e-02	4.303177e+00	5.815230e-06	-2.151673e-01
1.048951804772269e-02	4.277315e+00	5.791312e-06	-2.138776e-01
1.049501112051406e-02	4.252378e+00	5.768356e-06	-2.126494e-01
1.050501112051407e-02	4.203001e+00	5.723355e-06	-2.102661e-01
1.051327776270705e-02	4.155573e+00	5.680867e-06	-2.078873e-01
1.051664911449946e-02	4.130957e+00	5.659341e-06	-2.066228e-01
1.051952167987610e-02	4.104382e+00	5.636556e-06	-2.052828e-01
1.052223879421431e-02	4.075216e+00	5.611824e-06	-2.037830e-01
1.052459613247706e-02	4.047419e+00	5.588420e-06	-2.023762e-01
1.052676832088182e-02	4.021079e+00	5.566310e-06	-2.010574e-01
1.052817482475772e-02	4.004084e+00	5.552051e-06	-2.002060e-01
1.052973508416334e-02	3.985404e+00	5.536374e-06	-1.992704e-01
1.053204296990086e-02	3.958175e+00	5.513502e-06	-1.979046e-01
1.053485344266353e-02	3.925808e+00	5.486254e-06	-1.962765e-01
1.054013564030637e-02	3.867215e+00	5.436714e-06	-1.933179e-01
1.054762463184222e-02	3.788257e+00	5.369495e-06	-1.893479e-01
1.055589301792675e-02	3.706700e+00	5.299369e-06	-1.852526e-01
1.056589301792675e-02	3.615414e+00	5.219900e-06	-1.806781e-01
1.057589301792675e-02	3.531432e+00	5.145754e-06	-1.764861e-01
1.058589301792675e-02	3.454504e+00	5.076769e-06	-1.726475e-01
1.059589301792675e-02	3.384038e+00	5.012531e-06	-1.691305e-01
1.060589301792675e-02	3.319476e+00	4.952642e-06	-1.659094e-01
1.061589301792675e-02	3.260296e+00	4.896731e-06	-1.629559e-01
1.062589301792675e-02	3.206015e+00	4.844451e-06	-1.602478e-01
1.063589301792675e-02	3.156194e+00	4.795486e-06	-1.577611e-01
1.064589301792675e-02	3.110449e+00	4.749561e-06	-1.554781e-01
1.065589301792675e-02	3.068485e+00	4.706462e-06	-1.533815e-01
1.066589301792675e-02	3.030130e+00	4.666060e-06	-1.514645e-01
1.067589301792675e-02	2.995368e+00	4.628337e-06	-1.497239e-01
1.068589301792675e-02	2.964314e+00	4.593359e-06	-1.481695e-01
1.069589301792675e-02	2.937497e+00	4.561487e-06	-1.468079e-01
1.070589301792675e-02	2.915652e+00	4.533214e-06	-1.457219e-01
1.071589301792675e-02	2.898199e+00	4.508097e-06	-1.448863e-01
1.072589301792675e-02	2.883391e+00	4.484888e-06	-1.441529e-01
1.074589301792675e-02	2.858105e+00	4.441734e-06	-1.428953e-01
1.076589301792675e-02	2.836896e+00	4.401839e-06	-1.418379e-01
1.078589301792675e-02	2.818667e+00	4.364479e-06	-1.409283e-01
1.079589301792675e-02	2.810473e+00	4.346618e-06	-1.405186e-01
1.080589301792675e-02	2.802821e+00	4.329258e-06	-1.401370e-01
1.081589301792675e-02	2.795671e+00	4.312375e-06	-1.397794e-01
1.082589301792675e-02	2.788992e+00	4.295952e-06	-1.394463e-01
1.083589301792675e-02	2.782758e+00	4.279977e-06	-1.391343e-01
1.084589301792675e-02	2.776947e+00	4.264445e-06	-1.388446e-01
1.085589301792675e-02	2.771541e+00	4.249353e-06	-1.385739e-01
1.086589301792675e-02	2.766524e+00	4.234706e-06	-1.383239e-01
1.087589301792675e-02	2.761880e+00	4.220514e-06	-1.380913e-01
1.088589301792675e-02	2.757590e+00	4.206793e-06	-1.378777e-01
1.089589301792675e-02	2.753632e+00	4.193567e-06	-1.376796e-01
1.090589301792675e-02	2.749974e+00	4.180871e-06	-1.374979e-01
1.091589301792675e-02	2.746566e+00	4.168756e-06	-1.373278e-01
1.092589301792675e-02	2.743294e+00	4.157272e-06	-1.371679e-01
1.093589301792675e-02	2.739814e+00	4.146389e-06	-1.370034e-01
1.094589301792675e-02	2.735487e+00	4.136030e-06	-1.367966e-01
1.095589301792675e-02	2.729417e+00	4.126300e-06	-1.365095e-01
1.096589301792675e-02	2.719835e+00	4.117676e-06	-1.360764e-01
1.097589301792675e-02	2.703805e+00	4.110980e-06	-1.353130e-01
1.098589301792675e-02	2.681182e+00	4.106274e-06	-1.340673e-01
1.099589301792675e-02	2.655914e+00	4.102464e-06	-1.327979e-01
1.100506859563688e-02	2.632609e+00	4.099118e-06	-1.316335e-01
1.101506859563688e-02	2.607184e+00	4.095575e-06	-1.303616e-01
1.102506859563688e-02	2.581731e+00	4.092122e-06	-1.290898e-01
1.103506859563688e-02	2.556253e+00	4.088755e-06	-1.278152e-01
1.104506859563688e-02	2.530749e+00	4.085470e-06	-1.265408e-01
1.105506859563688e-02	2.505220e+00	4.082265e-06	-1.252638e-01
1.106506859563688e-02	2.479667e+00	4.079137e-06	-1.239869e-01
1.107506859563688e-02	2.454091e+00	4.076085e-06	-1.227076e-01
1.108506859563688e-02	2.428491e+00	4.073105e-06	-1.214284e-01
1.109506859563688e-02	2.402869e+00	4.070197e-06	-1.201468e-01
1.110506859563688e-02	2.377226e+00	4.067359e-06	-1.188655e-01
1.111506859563688e-02	2.351561e+00	4.064587e-06	-1.175818e-01
1.112506859563688e-02	2.325876e+00	4.061882e-06	-1.162984e-01
1.113506859563688e-02	2.300172e+00	4.059241e-06	-1.150127e-01
1.114506859563688e-02	2.274447e+00	4.056662e-06	-1.137274e-01
1.115506859563688e-02	2.248704e+00	4.054144e-06	-1.124398e-01
1.116506859563688e-02	2.222943e+00	4.051685e-06	-1.111527e-01
1.117506859563688e-02	2.197164e+00	4.049285e-06	-1.098634e-01
1.118506859563688e-02	2.171368e+00	4.046940e-06	-1.085745e-01
1.119506859563688e-02	2.145555e+00	4.044651e-06	-1.072835e-01
1.120506859563688e-02	2.119727e+00	4.042415e-06	-1.059931e-01
1.121506859563688e-02	2.093882e+00	4.040231e-06	-1.047005e-01
1.122506859563688e-02	2.068022e+00	4.038098e-06	-1.034085e-01
1.123506859563688e-02	2.042147e+00	4.036015e-06	-1.021145e-01
1.124506859563688e-02	2.016258e+00	4.033980e-06	-1.008211e-01
1.125506859563688e-02	1.990355e+00	4.031993e-06	-9.952571e-02
1.126506859563688e-02	1.964439e+00	4.030052e-06	-9.823094e-02
1.127506859563688e-02	1.938509e+00	4.028156e-06	-9.693424e-02
1.128506859563688e-02	1.912567e+00	4.026304e-06	-9.563820e-02
1.129506859563688e-02	1.886612e+00	4.024495e-06	-9.434026e-02
1.130506859563688e-02	1.860645e+00	4.022728e-06	-9.304302e-02
1.131506859563688e-02	1.834666e+00	4.021002e-06	-9.174391e-02
1.132506859563688e-02	1.808675e+00	4.019317e-06	-9.044551e-02
1.133506859563688e-02	1.782673e+00	4.017671e-06	-8.914527e-02
1.134506859563688e-02	1.756660e+00	4.016064e-06	-8.784577e-02
1.135506859563688e-02	1.730636e+00	4.014494e-06	-8.654442e-02
1.136506859563688e-02	1.704601e+00	4.012962e-06	-8.524384e-02
1.137506859563688e-02	1.678555e+00	4.011466e-06	-8.394143e-02
1.138506859563688e-02	1.652498e+00	4.010004e-06	-8.263978e-02
1.139506859563688e-02	1.626431e+00	4.008578e-06	-8.133629e-02
1.140506859563688e-02	1.600352e+00	4.007186e-06	-8.003356e-02
1.141506859563688e-02	1.574262e+00	4.005828e-06	-7.872897e-02
1.142506859563688e-02	1.548161e+00	4.004503e-06	-7.742511e-02
1.143506859563688e-02	1.522048e+00	4.003211e-06	-7.611936e-02
1.144506859563688e-02	1.495923e+00	4.001950e-06	-7.481430e-02
1.145506859563688e-02	1.469785e+00	4.000722e-06	-7.350729e-02
1.146506859563688e-02	1.443633e+00	3.999524e-06	-7.220091e-02
1.147506859563688e-02	1.417467e+00	3.998357e-06	-7.089248e-02
1.148506859563688e-02	1.391284e+00	3.997221e-06	-6.958459e-02
1.149506859563688e-02	1.365085e+00	3.996115e-06	-6.827452e-02
1.150506859563688e-02	1.338868e+00	3.995039e-06	-6.696483e-02
1.151506859563688e-02	1.312629e+00	3.993992e-06	-6.565278e-02
1.152506859563688e-02	1.286367e+00	3.992976e-06	-6.434090e-02
1.153506859563688e-02	1.260080e+00	3.991989e-06	-6.302639e-02
1.154506859563688e-02	1.233763e+00	3.991032e-06	-6.171173e-02
1.155506859563688e-02	1.207413e+00	3.990105e-06	-6.039406e-02
1.156506859563688e-02	1.181023e+00	3.989208e-06	-5.907579e-02
1.157506859563688e-02	1.154590e+00	3.988342e-06	-5.775394e-02
1.158506859563688e-02	1.128103e+00	3.987506e-06	-5.643080e-02
1.159506859563688e-02	1.101554e+00	3.986703e-06	-5.510322e-02
1.160506859563688e-02	1.074931e+00	3.985932e-06	-5.377328e-02
1.161506859563688e-02	1.048219e+00	3.985196e-06	-5.243756e-02
1.162506859563688e-02	1.021397e+00	3.984494e-06	-5.109775e-02
1.163506859563688e-02	9.944395e-01	3.983832e-06	-4.974988e-02
1.164506859563688e-02	9.673103e-01	3.983210e-06	-4.839492e-02
1.165506859563688e-02	9.399604e-01	3.982633e-06	-4.702779e-02
1.166506859563688e-02	9.123185e-01	3.982106e-06	-4.564777e-02
1.167506859563688e-02	8.842763e-01	3.981639e-06	-4.424704e-02
1.168506859563688e-02	8.556594e-01	3.981243e-06	-4.282029e-02
1.169506859563688e-02	8.261606e-01	3.980943e-06	-4.135103e-02
1.170506859563688e-02	7.951626e-01	3.980781e-06	-3.981600e-02
1.171506859563688e-02	7.611265e-01	3.980865e-06	-3.815452e-02
1.172506859563688e-02	7.213915e-01	3.981382e-06	-3.620299e-02
1.173089786384055e-02	6.926306e-01	3.982106e-06	-3.472056e-02
1.173383829258308e-02	6.740498e-01	3.982801e-06	-3.377493e-02
1.173717748790826e-02	6.488121e-01	3.983972e-06	-3.248727e-02
1.173897771015373e-02	6.337315e-01	3.984790e-06	-3.171389e-02
1.174036176565525e-02	6.214285e-01	3.985554e-06	-3.109300e-02
1.174154114282612e-02	6.106818e-01	3.986312e-06	-3.055395e-02
1.174273162003658e-02	5.996892e-01	3.987172e-06	-3.000180e-02
1.174387534547490e-02	5.890493e-01	3.988044e-06	-2.946933e-02
1.174502618692280e-02	5.782970e-01	3.988938e-06	-2.892984e-02
1.174663627712646e-02	5.632252e-01	3.990202e-06	-2.817569e-02
1.174890024776638e-02	5.420382e-01	3.991994e-06	-2.711346e-02
1.175142025963959e-02	5.185215e-01	3.994005e-06	-2.593588e-02
1.175544396061818e-02	4.811960e-01	3.997236e-06	-2.406358e-02
1.176108264863296e-02	4.295048e-01	4.001790e-06	-2.146733e-02
1.177108264863296e-02	3.396040e-01	4.009907e-06	-1.694885e-02
1.178108264863296e-02	2.524636e-01	4.018084e-06	-1.257633e-02
1.179108264863296e-02	1.705001e-01	4.027643e-06	-8.404766e-03
1.179885833844249e-02	1.138796e-01	4.038364e-06	-5.596559e-03
1.180607082011337e-02	7.096243e-02	4.053123e-06	-3.374042e-03
1.181607082011337e-02	2.797854e-02	4.082860e-06	-1.130958e-03
1.182448861020106e-02	7.987618e-03	4.119259e-06	-2.351797e-04
1.183256993594593e-02	8.826256e-04	4.163394e-06	-2.311651e-05
1.183547615882098e-02	1.647472e-04	4.178837e-06	-6.491356e-06
1.183715618205774e-02	8.130074e-05	4.184827e-06	-6.348671e-06
1.183920347587179e-02	4.577637e-05	4.188078e-06	-3.370619e-06
1.184034651275775e-02	3.492832e-05	4.188517e-06	-4.786330e-06
1.184182327793669e-02	2.706051e-05	4.188069e-06	-2.722864e-06
1.184327841192391e-02	2.181530e-05	4.187108e-06	-4.256222e-06
1.184522373661162e-02	1.752377e-05	4.185309e-06	-2.371176e-06
1.184714374280223e-02	1.478195e-05	4.183194e-06	-3.972394e-06
1.184950684830200e-02	1.299381e-05	4.180307e-06	-2.211871e-06
1.185200422989016e-02	1.168251e-05	4.177083e-06	-3.848304e-06
1.185507246606836e-02	1.096725e-05	4.173001e-06	-2.156002e-06
1.185855035495322e-02	1.060963e-05	4.168319e-06	-3.804492e-06
1.186295578633279e-02	1.025200e-05	4.162375e-06	-2.148647e-06
1.186834466670834e-02	1.001358e-05	4.155132e-06	-3.798207e-06
1.187558803093087e-02	9.894371e-06	4.145461e-06	-2.160563e-06
1.188399587972739e-02	9.536743e-06	4.134321e-06	-3.807377e-06
1.189399587972739e-02	9.179115e-06	4.121172e-06	-2.178419e-06
1.190399587972739e-02	8.940697e-06	4.108123e-06	-3.820548e-06
1.191399587972739e-02	8.583069e-06	4.095169e-06	-2.196030e-06
1.192399587972739e-02	8.344650e-06	4.082307e-06	-3.832253e-06
1.193399587972739e-02	7.987022e-06	4.069537e-06	-2.212156e-06
1.194399587972739e-02	7.748604e-06	4.056857e-06	-3.842541e-06
1.195399587972739e-02	7.390976e-06	4.044266e-06	-2.226887e-06
1.196399587972739e-02	7.033348e-06	4.031764e-06	-3.851512e-06
1.197399587972739e-02	6.794930e-06	4.019348e-06	-2.240325e-06
1.198399587972739e-02	6.437302e-06	4.007020e-06	-3.859264e-06
1.199399587972739e-02	6.079674e-06	3.994777e-06	-2.252567e-06
1.200399587972739e-02	5.722046e-06	3.982620e-06	-3.865891e-06
1.201399587972739e-02	5.483627e-06	3.970547e-06	-2.263701e-06
1.202399587972739e-02	5.245209e-06	3.958559e-06	-3.871477e-06
1.203399587972739e-02	4.887581e-06	3.946655e-06	-2.273810e-06
1.204399587972739e-02	4.529953e-06	3.934833e-06	-3.876103e-06
1.205399587972739e-02	4.291534e-06	3.923094e-06	-2.282970e-06
1.206399587972739e-02	3.933907e-06	3.911437e-06	-3.879838e-06
1.207399587972739e-02	3.576279e-06	3.899862e-06	-2.291249e-06
1.208399587972739e-02	3.218651e-06	3.888368e-06	-3.882749e-06
1.209399587972739e-02	2.980232e-06	3.876954e-06	-2.298711e-06
1.210399587972739e-02	2.741814e-06	3.865621e-06	-3.884897e-06
1.211399587972739e-02	2.503395e-06	3.854368e-06	-2.305412e-06
1.212399587972739e-02	2.145767e-06	3.843194e-06	-3.886336e-06
1.213399587972739e-02	2.026558e-06	3.832099e-06	-2.311406e-06
1.214399587972739e-02	1.788139e-06	3.821082e-06	-3.887116e-06
1.215399587972739e-02	1.549721e-06	3.810145e-06	-2.316739e-06
1.216399587972739e-02	1.311302e-06	3.799284e-06	-3.887285e-06
1.217399587972739e-02	9.536743e-07	3.788501e-06	-2.321455e-06
1.218399587972739e-02	7.152557e-07	3.777795e-06	-3.886885e-06
1.219399587972739e-02	4.768372e-07	3.767165e-06	-2.325595e-06
1.220399587972739e-02	2.384186e-07	3.756612e-06	-3.885955e-06
1.221399587972739e-02	0.000000e+00	3.746134e-06	-2.329195e-06
1.222399587972739e-02	-2.384186e-07	3.735732e-06	-3.884534e-06
1.223399587972739e-02	-3.576279e-07	3.725404e-06	-2.332290e-06
1.224399587972739e-02	-5.960464e-07	3.715150e-06	-3.882656e-06
1.225399587972739e-02	-8.344650e-07	3.704971e-06	-2.334912e-06
1.226399587972739e-02	-9.536743e-07	3.694865e-06	-3.880353e-06
1.227399587972739e-02	-1.072884e-06	3.684831e-06	-2.337091e-06
1.228399587972739e-02	-1.311302e-06	3.674871e-06	-3.877657e-06
1.229399587972739e-02	-1.549721e-06	3.664983e-06	-2.338853e-06
1.230399587972739e-02	-1.668930e-06	3.655166e-06	-3.874597e-06
1.231399587972739e-02	-1.907349e-06	3.645421e-06	-2.340225e-06
1.232399587972739e-02	-1.907349e-06	3.635746e-06	-3.871200e-06
1.233399587972739e-02	-2.145767e-06	3.626142e-06	-2.341230e-06
1.234399587972739e-02	-2.384186e-06	3.616608e-06	-3.867494e-06
1.235399587972739e-02	-2.384186e-06	3.607143e-06	-2.341891e-06
1.236399587972739e-02	-2.503395e-06	3.597747e-06	-3.863502e-06
1.237399587972739e-02	-2.741814e-06	3.588419e-06	-2.342228e-06
1.238399587972739e-02	-2.741814e-06	3.579160e-06	-3.859249e-06
1.239399587972739e-02	-2.861023e-06	3.569968e-06	-2.342261e-06
1.240399587972739e-02	-3.099442e-06	3.560843e-06	-3.854758e-06
1.241399587972739e-02	-3.099442e-06	3.551786e-06	-2.342008e-06
1.242399587972739e-02	-3.337860e-06	3.542794e-06	-3.850050e-06
1.243399587972739e-02	-3.337860e-06	3.533868e-06	-2.341487e-06
1.244399587972739e-02	-3.457069e-06	3.525008e-06	-3.845146e-06
1.245399587972739e-02	-3.576279e-06	3.516212e-06	-2.340712e-06
1.246399587972739e-02	-3.695488e-06	3.507481e-06	-3.840065e-06
1.247399587972739e-02	-3.695488e-06	3.498814e-06	-2.339699e-06
1.248399587972739e-02	-3.814697e-06	3.490210e-06	-3.834827e-06
1.249399587972739e-02	-3.814697e-06	3.481669e-06	-2.338460e-06
1.250399587972739e-02	-3.933907e-06	3.473192e-06	-3.829449e-06
1.251399587972739e-02	-4.053116e-06	3.464776e-06	-2.337011e-06
1.252399587972739e-02	-3.933907e-06	3.456422e-06	-3.823948e-06
1.253399587972739e-02	-4.053116e-06	3.448129e-06	-2.335360e-06
1.254399587972739e-02	-4.172325e-06	3.439897e-06	-3.818341e-06
1.255399587972739e-02	-4.172325e-06	3.431726e-06	-2.333521e-06
1.256399587972739e-02	-4.172325e-06	3.423615e-06	-3.812643e-06
1.257399587972739e-02	-4.291534e-06	3.415563e-06	-2.331503e-06
1.258399587972739e-02	-4.291534e-06	3.407571e-06	-3.806868e-06
1.259399587972739e-02	-4.291534e-06	3.399637e-06	-2.329316e-06
1.260399587972739e-02	-4.172325e-06	3.391762e-06	-3.801030e-06
1.261399587972739e-02	-4.291534e-06	3.383944e-06	-2.326969e-06
1.262399587972739e-02	-4.172325e-06	3.376184e-06	-3.795143e-06
1.263399587972739e-02	-4.291534e-06	3.368481e-06	-2.324472e-06
1.264399587972739e-02	-4.172325e-06	3.360835e-06	-3.789218e-06
1.265399587972739e-02	-4.172325e-06	3.353244e-06	-2.321831e-06
1.266399587972739e-02	-4.172325e-06	3.345710e-06	-3.783266e-06
1.267399587972739e-02	-4.291534e-06	3.338231e-06	-2.319055e-06
1.268399587972739e-02	-4.172325e-06	3.330807e-06	-3.777299e-06
1.269399587972739e-02	-4.172325e-06	3.323438e-06	-2.316151e-06
1.270399587972739e-02	-4.053116e-06	3.316123e-06	-3.771326e-06
1.271399587972739e-02	-4.053116e-06	3.308862e-06	-2.313126e-06
1.272399587972739e-02	-4.053116e-06	3.301654e-06	-3.765356e-06
1.273399587972739e-02	-3.933907e-06	3.294499e-06	-2.309988e-06
1.274399587972739e-02	-3.933907e-06	3.287397e-06	-3.759397e-06
1.275399587972739e-02	-3.933907e-06	3.280347e-06	-2.306743e-06
1.276399587972739e-02	-3.814697e-06	3.273349e-06	-3.753456e-06
1.277399587972739e-02	-3.814697e-06	3.266403e-06	-2.303398e-06
1.278399587972739e-02	-3.576279e-06	3.259508e-06	-3.747540e-06
1.279399587972739e-02	-3.576279e-06	3.252663e-06	-2.299960e-06
1.280399587972739e-02	-3.576279e-06	3.245869e-06	-3.741654e-06
1.281399587972739e-02	-3.457069e-06	3.239125e-06	-2.296435e-06
1.282399587972739e-02	-3.457069e-06	3.232430e-06	-3.735804e-06
1.283399587972739e-02	-3.457069e-06	3.225785e-06	-2.292830e-06
1.284399587972739e-02	-3.218651e-06	3.219189e-06	-3.729994e-06
1.285399587972739e-02	-3.218651e-06	3.212641e-06	-2.289152e-06
1.286399587972739e-02	-2.980232e-06	3.206142e-06	-3.724227e-06
1.287399587972739e-02	-2.980232e-06	3.199690e-06	-2.285406e-06
1.288399587972739e-02	-2.980232e-06	3.193286e-06	-3.718507e-06
1.289399587972739e-02	-2.861023e-06	3.186929e-06	-2.281599e-06
1.290399587972739e-02	-2.741814e-06	3.180618e-06	-3.712837e-06
1.291399587972739e-02	-2.741814e-06	3.174355e-06	-2.277737e-06
1.292399587972739e-02	-2.741814e-06	3.168137e-06	-3.707218e-06
1.293399587972739e-02	-2.622604e-06	3.161965e-06	-2.273826e-06
1.294399587972739e-02	-2.622604e-06	3.155839e-06	-3.701651e-06
1.295399587972739e-02	-2.503395e-06	3.149758e-06	-2.269873e-06
1.296399587972739e-02	-2.384186e-06	3.143721e-06	-3.696139e-06
1.297399587972739e-02	-2.264977e-06	3.137729e-06	-2.265883e-06
1.298399587972739e-02	-2.145767e-06	3.131782e-06	-3.690683e-06
1.299399587972739e-02	-2.145767e-06	3.125877e-06	-2.261861e-06
1.300399587972739e-02	-2.145767e-06	3.120017e-06	-3.685282e-06
1.301399587972739e-02	-2.026558e-06	3.114199e-06	-2.257814e-06
1.302399587972739e-02	-1.907349e-06	3.108425e-06	-3.679937e-06
1.303399587972739e-02	-1.907349e-06	3.102693e-06	-2.253745e-06
1.304399587972739e-02	-1.788139e-06	3.097003e-06	-3.674649e-06
1.305399587972739e-02	-1.788139e-06	3.091355e-06	-2.249661e-06
1.306399587972739e-02	-1.668930e-06	3.085749e-06	-3.669418e-06
1.307399587972739e-02	-1.788139e-06	3.080184e-06	-2.245566e-06
1.308399587972739e-02	-1.668930e-06	3.074660e-06	-3.664243e-06
1.309399587972739e-02	-1.549721e-06	3.069176e-06	-2.241464e-06
1.310399587972739e-02	-1.430511e-06	3.063733e-06	-3.659125e-06
1.311399587972739e-02	-1.430511e-06	3.058330e-06	-2.237359e-06
1.312399587972739e-02	-1.430511e-06	3.052967e-06	-3.654063e-06
1.313399587972739e-02	-1.311302e-06	3.047644e-06	-2.233256e-06
1.314399587972739e-02	-1.311302e-06	3.042359e-06	-3.649057e-06
1.315399587972739e-02	-1.311302e-06	3.037114e-06	-2.229159e-06
1.316399587972739e-02	-1.311302e-06	3.031907e-06	-3.644105e-06
1.317399587972739e-02	-1.192093e-06	3.026739e-06	-2.225072e-06
1.318399587972739e-02	-1.192093e-06	3.021608e-06	-3.639207e-06
1.319399587972739e-02	-1.192093e-06	3.016516e-06	-2.221001e-06
1.320399587972739e-02	-1.072884e-06	3.011461e-06	-3.634359e-06
1.321399587972739e-02	-1.072884e-06	3.006443e-06	-2.216948e-06
1.322399587972739e-02	-1.072884e-06	3.001462e-06	-3.629562e-06
1.323399587972739e-02	-1.072884e-06	2.996518e-06	-2.212917e-06
1.324399587972739e-02	-9.536743e-07	2.991610e-06	-3.624815e-06
1.325399587972739e-02	-9.536743e-07	2.986738e-06	-2.208911e-06
1.326399587972739e-02	-1.072884e-06	2.981903e-06	-3.620117e-06
1.327399587972739e-02	-9.536743e-07	2.977103e-06	-2.204932e-06
1.328399587972739e-02	-9.536743e-07	2.972338e-06	-3.615468e-06
1.329399587972739e-02	-8.344650e-07	2.967608e-06	-2.200982e-06
1.330399587972739e-02	-8.344650e-07	2.962914e-06	-3.610869e-06
1.331399587972739e-02	-8.344650e-07	2.958253e-06	-2.197062e-06
1.332399587972739e-02	-8.344650e-07	2.953628e-06	-3.606317e-06
1.333399587972739e-02	-8.344650e-07	2.949036e-06	-2.193175e-06
1.334399587972739e-02	-8.344650e-07	2.944478e-06	-3.601815e-06
1.335399587972739e-02	-8.344650e-07	2.939954e-06	-2.189322e-06
1.336399587972739e-02	-7.152557e-07	2.935463e-06	-3.597361e-06
1.337399587972739e-02	-7.152557e-07	2.931005e-06	-2.185503e-06
1.338399587972739e-02	-7.152557e-07	2.926580e-06	-3.592955e-06
1.339399587972739e-02	-8.344650e-07	2.922187e-06	-2.181720e-06
1.340399587972739e-02	-8.344650e-07	2.917827e-06	-3.588597e-06
1.341399587972739e-02	-7.152557e-07	2.913499e-06	-2.177974e-06
1.342399587972739e-02	-7.152557e-07	2.909203e-06	-3.584288e-06
1.343399587972739e-02	-7.152557e-07	2.904939e-06	-2.174266e-06
1.344399587972739e-02	-7.152557e-07	2.900706e-06	-3.580027e-06
1.345399587972739e-02	-7.152557e-07	2.896504e-06	-2.170595e-06
1.346399587972739e-02	-7.152557e-07	2.892333e-06	-3.575814e-06
1.347399587972739e-02	-7.152557e-07	2.888193e-06	-2.166963e-06
1.348399587972739e-02	-5.960464e-07	2.884084e-06	-3.571648e-06
1.349399587972739e-02	-5.960464e-07	2.880005e-06	-2.163371e-06
1.350399587972739e-02	-5.960464e-07	2.875955e-06	-3.567531e-06
1.351399587972739e-02	-5.960464e-07	2.871936e-06	-2.159818e-06
1.352399587972739e-02	-5.960464e-07	2.867946e-06	-3.563461e-06
1.353399587972739e-02	-5.960464e-07	2.863986e-06	-2.156305e-06
1.354399587972739e-02	-5.960464e-07	2.860055e-06	-3.559438e-06
1.355399587972739e-02	-5.960464e-07	2.856152e-06	-2.152832e-06
1.356399587972739e-02	-5.960464e-07	2.852279e-06	-3.555463e-06
1.357399587972739e-02	-7.152557e-07	2.848434e-06	-2.149400e-06
1.358399587972739e-02	-7.152557e-07	2.844618e-06	-3.551535e-06
1.359399587972739e-02	-5.960464e-07	2.840829e-06	-2.146008e-06
1.360399587972739e-02	-7.152557e-07	2.837069e-06	-3.547653e-06
1.361399587972739e-02	-5.960464e-07	2.833336e-06	-2.142658e-06
1.362399587972739e-02	-5.960464e-07	2.829631e-06	-3.543818e-06
1.363399587972739e-02	-5.960464e-07	2.825953e-06	-2.139348e-06
1.364399587972739e-02	-5.960464e-07	2.822302e-06	-3.540029e-06
1.365399587972739e-02	-5.960464e-07	2.818678e-06	-2.136079e-06
1.366399587972739e-02	-5.960464e-07	2.815081e-06	-3.536286e-06
1.367399587972739e-02	-4.768372e-07	2.811511e-06	-2.132850e-06
1.368399587972739e-02	-4.768372e-07	2.807966e-06	-3.532589e-06
1.369399587972739e-02	-4.768372e-07	2.804448e-06	-2.129663e-06
1.370399587972739e-02	-4.768372e-07	2.800956e-06	-3.528937e-06
1.371399587972739e-02	-5.960464e-07	2.797489e-06	-2.126516e-06
1.372399587972739e-02	-4.768372e-07	2.794048e-06	-3.525331e-06
1.373399587972739e-02	-4.768372e-07	2.790632e-06	-2.123410e-06
1.374399587972739e-02	-4.768372e-07	2.787242e-06	-3.521769e-06
1.375399587972739e-02	-5.960464e-07	2.783876e-06	-2.120344e-06
1.376399587972739e-02	-5.960464e-07	2.780536e-06	-3.518251e-06
1.377399587972739e-02	-5.960464e-07	2.777220e-06	-2.117318e-06
1.378399587972739e-02	-4.768372e-07	2.773928e-06	-3.514778e-06
1.379399587972739e-02	-4.768372e-07	2.770661e-06	-2.114333e-06
1.380399587972739e-02	-5.960464e-07	2.767418e-06	-3.511348e-06
1.381399587972739e-02	-4.768372e-07	2.764199e-06	-2.111387e-06
1.382399587972739e-02	-4.768372e-07	2.761003e-06	-3.507962e-06
1.383399587972739e-02	-4.768372e-07	2.757831e-06	-2.108482e-06
1.384399587972739e-02	-4.768372e-07	2.754683e-06	-3.504618e-06
1.385399587972739e-02	-4.768372e-07	2.751557e-06	-2.105615e-06
1.386399587972739e-02	-4.768372e-07	2.748455e-06	-3.501317e-06
1.387399587972739e-02	-3.576279e-07	2.745375e-06	-2.102788e-06
1.388399587972739e-02	-3.576279e-07	2.742319e-06	-3.498059e-06
1.389399587972739e-02	-4.768372e-07	2.739284e-06	-2.100000e-06
1.390399587972739e-02	-3.576279e-07	2.736273e-06	-3.494841e-06
1.391399587972739e-02	-4.768372e-07	2.733283e-06	-2.097250e-06
1.392399587972739e-02	-4.768372e-07	2.730315e-06	-3.491666e-06
1.393399587972739e-02	-4.768372e-07	2.727370e-06	-2.094539e-06
1.394399587972739e-02	-4.768372e-07	2.724446e-06	-3.488531e-06
1.395399587972739e-02	-4.768372e-07	2.721543e-06	-2.091865e-06
1.396399587972739e-02	-4.768372e-07	2.718662e-06	-3.485436e-06
1.397399587972739e-02	-4.768372e-07	2.715803e-06	-2.089230e-06
1.398399587972739e-02	-3.576279e-07	2.712964e-06	-3.482382e-06
1.399399587972739e-02	-4.768372e-07	2.710146e-06	-2.086631e-06
1.400399587972739e-02	-4.768372e-07	2.707349e-06	-3.479367e-06
1.401399587972739e-02	-3.576279e-07	2.704573e-06	-2.084070e-06
1.402399587972739e-02	-4.768372e-07	2.701817e-06	-3.476392e-06
1.403399587972739e-02	-4.768372e-07	2.699082e-06	-2.081545e-06
1.404399587972739e-02	-3.576279e-07	2.696366e-06	-3.473456e-06
1.405399587972739e-02	-4.768372e-07	2.693671e-06	-2.079057e-06
1.406399587972739e-02	-3.576279e-07	2.690995e-06	-3.470557e-06
1.407399587972739e-02	-4.768372e-07	2.688340e-06	-2.076604e-06
1.408399587972739e-02	-3.576279e-07	2.685704e-06	-3.467697e-06
1.409399587972739e-02	-4.768372e-07	2.683087e-06	-2.074188e-06
1.410399587972739e-02	-4.768372e-07	2.680490e-06	-3.464874e-06
1.411399587972739e-02	-4.768372e-07	2.677911e-06	-2.071806e-06
1.412399587972739e-02	-3.576279e-07	2.675352e-06	-3.462089e-06
1.413399587972739e-02	-3.576279e-07	2.672812e-06	-2.069460e-06
1.414399587972739e-02	-4.768372e-07	2.670290e-06	-3.459340e-06
1.415399587972739e-02	-4.768372e-07	2.667787e-06	-2.067148e-06
1.416399587972739e-02	-4.768372e-07	2.665303e-06	-3.456627e-06
1.417399587972739e-02	-4.768372e-07	2.662837e-06	-2.064869e-06
1.418399587972739e-02	-3.576279e-07	2.660388e-06	-3.453950e-06
1.419399587972739e-02	-4.768372e-07	2.657958e-06	-2.062625e-06
1.420399587972739e-02	-4.768372e-07	2.655546e-06	-3.451308e-06
1.421399587972739e-02	-3.576279e-07	2.653152e-06	-2.060415e-06
1.422399587972739e-02	-3.576279e-07	2.650776e-06	-3.448702e-06
1.423399587972739e-02	-4.768372e-07	2.648417e-06	-2.058237e-06
1.424399587972739e-02	-3.576279e-07	2.646075e-06	-3.446130e-06
1.425399587972739e-02	-3.576279e-07	2.643751e-06	-2.056091e-06
1.426399587972739e-02	-3.576279e-07	2.641443e-06	-3.443591e-06
1.427399587972739e-02	-3.576279e-07	2.639153e-06	-2.053979e-06
1.428399587972739e-02	-3.576279e-07	2.636880e-06	-3.441087e-06
1.429399587972739e-02	-3.576279e-07	2.634624e-06	-2.051897e-06
1.430399587972739e-02	-3.576279e-07	2.632384e-06	-3.438616e-06
1.431399587972739e-02	-2.384186e-07	2.630160e-06	-2.049848e-06
1.432399587972739e-02	-3.576279e-07	2.627953e-06	-3.436177e-06
1.433399587972739e-02	-4.768372e-07	2.625763e-06	-2.047829e-06
1.434399587972739e-02	-3.576279e-07	2.623588e-06	-3.433771e-06
1.435399587972739e-02	-3.576279e-07	2.621430e-06	-2.045841e-06
1.436399587972739e-02	-4.768372e-07	2.619287e-06	-3.431397e-06
1.437399587972739e-02	-4.768372e-07	2.617160e-06	-2.043884e-06
1.438399587972739e-02	-3.576279e-07	2.615049e-06	-3.429054e-06
1.439399587972739e-02	-3.576279e-07	2.612954e-06	-2.041957e-06
1.440399587972739e-02	-3.576279e-07	2.610874e-06	-3.426743e-06
1.441399587972739e-02	-3.576279e-07	2.608809e-06	-2.040059e-06
1.442399587972739e-02	-3.576279e-07	2.606760e-06	-3.424462e-06
1.443399587972739e-02	-3.576279e-07	2.604726e-06	-2.038190e-06
1.444399587972739e-02	-2.384186e-07	2.602706e-06	-3.422212e-06
1.445399587972739e-02	-4.768372e-07	2.600702e-06	-2.036350e-06
1.446399587972739e-02	-2.384186e-07	2.598712e-06	-3.419991e-06
1.447399587972739e-02	-3.576279e-07	2.596737e-06	-2.034539e-06
1.448399587972739e-02	-3.576279e-07	2.594777e-06	-3.417801e-06
1.449399587972739e-02	-4.768372e-07	2.592831e-06	-2.032756e-06
1.450399587972739e-02	-3.576279e-07	2.590900e-06	-3.415639e-06
1.451399587972739e-02	-2.384186e-07	2.588983e-06	-2.031001e-06
1.452399587972739e-02	-3.576279e-07	2.587080e-06	-3.413506e-06
1.453399587972739e-02	-3.576279e-07	2.585190e-06	-2.029273e-06
1.454399587972739e-02	-3.576279e-07	2.583315e-06	-3.411401e-06
1.455399587972739e-02	-2.384186e-07	2.581454e-06	-2.027572e-06
1.456399587972739e-02	-2.384186e-07	2.579606e-06	-3.409325e-06
1.457399587972739e-02	-2.384186e-07	2.577773e-06	-2.025897e-06
1.458399587972739e-02	-3.576279e-07	2.575952e-06	-3.407276e-06
1.459399587972739e-02	-2.384186e-07	2.574145e-06	-2.024249e-06
1.460399587972739e-02	-3.576279e-07	2.572352e-06	-3.405254e-06
1.461399587972739e-02	-3.576279e-07	2.570571e-06	-2.022628e-06
1.462399587972739e-02	-3.576279e-07	2.568804e-06	-3.403259e-06
1.463399587972739e-02	-3.576279e-07	2.567050e-06	-2.021031e-06
1.464399587972739e-02	-2.384186e-07	2.565308e-06	-3.401291e-06
1.465399587972739e-02	-3.576279e-07	2.563580e-06	-2.019460e-06
1.466399587972739e-02	-3.576279e-07	2.561865e-06	-3.399349e-06
1.467399587972739e-02	-2.384186e-07	2.560162e-06	-2.017914e-06
1.468399587972739e-02	-3.576279e-07	2.558471e-06	-3.397432e-06
1.469399587972739e-02	-3.576279e-07	2.556793e-06	-2.016393e-06
1.470399587972739e-02	-4.768372e-07	2.555128e-06	-3.395541e-06
1.471399587972739e-02	-3.576279e-07	2.553475e-06	-2.014896e-06
1.472399587972739e-02	-3.576279e-07	2.551833e-06	-3.393675e-06
1.473399587972739e-02	-3.576279e-07	2.550204e-06	-2.013423e-06
1.474399587972739e-02	-3.576279e-07	2.548588e-06	-3.391834e-06
1.475399587972739e-02	-2.384186e-07	2.546983e-06	-2.011973e-06
1.476399587972739e-02	-3.576279e-07	2.545390e-06	-3.390017e-06
1.477399587972739e-02	-3.576279e-07	2.543808e-06	-2.010547e-06
1.478399587972739e-02	-2.384186e-07	2.542238e-06	-3.388224e-06
1.479399587972739e-02	-2.384186e-07	2.540680e-06	-2.009144e-06
1.480399587972739e-02	-3.576279e-07	2.539134e-06	-3.386455e-06
1.481399587972739e-02	-2.384186e-07	2.537598e-06	-2.007763e-06
1.482399587972739e-02	-3.576279e-07	2.536075e-06	-3.384709e-06
1.483399587972739e-02	-3.576279e-07	2.534562e-06	-2.006405e-06
1.484399587972739e-02	-2.384186e-07	2.533061e-06	-3.382986e-06
1.485399587972739e-02	-2.384186e-07	2.531570e-06	-2.005069e-06
1.486399587972739e-02	-3.576279e-07	2.530091e-06	-3.381286e-06
1.487399587972739e-02	-2.384186e-07	2.528623e-06	-2.003755e-06
1.488399587972739e-02	-3.576279e-07	2.527165e-06	-3.379609e-06
1.489399587972739e-02	-2.384186e-07	2.525718e-06	-2.002462e-06
1.490399587972739e-02	-3.576279e-07	2.524282e-06	-3.377953e-06
1.491399587972739e-02	-3.576279e-07	2.522856e-06	-2.001190e-06
1.492399587972739e-02	-2.384186e-07	2.521442e-06	-3.376319e-06
1.493399587972739e-02	-3.576279e-07	2.520037e-06	-1.999939e-06
1.494399587972739e-02	-3.576279e-07	2.518643e-06	-3.374707e-06
1.495399587972739e-02	-2.384186e-07	2.517259e-06	-1.998709e-06
1.496399587972739e-02	-3.576279e-07	2.515885e-06	-3.373116e-06
1.497399587972739e-02	-3.576279e-07	2.514522e-06	-1.997498e-06
1.498399587972739e-02	-3.576279e-07	2.513168e-06	-3.371546e-06
1.499399587972739e-02	-2.384186e-07	2.511825e-06	-1.996308e-06
1.500399587972739e-02	-2.384186e-07	2.510491e-06	-3.369996e-06
1.501399587972739e-02	-2.384186e-07	2.509167e-06	-1.995138e-06
1.502399587972739e-02	-2.384186e-07	2.507853e-06	-3.368466e-06
1.503399587972739e-02	-3.576279e-07	2.506549e-06	-1.993987e-06
1.504399587972739e-02	-3.576279e-07	2.505255e-06	-3.366957e-06
1.505399587972739e-02	-3.576279e-07	2.503969e-06	-1.992855e-06
1.506399587972739e-02	-3.576279e-07	2.502694e-06	-3.365467e-06
1.507399587972739e-02	-2.384186e-07	2.501427e-06	-1.991742e-06
1.508399587972739e-02	-2.384186e-07	2.500171e-06	-3.363997e-06
1.509399587972739e-02	-2.384186e-07	2.498923e-06	-1.990647e-06
1.510399587972739e-02	-2.384186e-07	2.497685e-06	-3.362546e-06
1.511399587972739e-02	-3.576279e-07	2.496456e-06	-1.989571e-06
1.512399587972739e-02	-3.576279e-07	2.495236e-06	-3.361113e-06
1.513399587972739e-02	-3.576279e-07	2.494025e-06	-1.988513e-06
1.514399587972739e-02	-3.576279e-07	2.492822e-06	-3.359699e-06
1.515399587972739e-02	-2.384186e-07	2.491629e-06	-1.987472e-06
1.516399587972739e-02	-2.384186e-07	2.490445e-06	-3.358304e-06
1.517399587972739e-02	-3.576279e-07	2.489269e-06	-1.986450e-06
1.518399587972739e-02	-2.384186e-07	2.488102e-06	-3.356927e-06
1.519399587972739e-02	-3.576279e-07	2.486943e-06	-1.985444e-06
1.520399587972739e-02	-2.384186e-07	2.485794e-06	-3.355567e-06
1.521399587972739e-02	-3.576279e-07	2.484652e-06	-1.984456e-06
1.522399587972739e-02	-3.576279e-07	2.483519e-06	-3.354225e-06
1.523399587972739e-02	-2.384186e-07	2.482395e-06	-1.983484e-06
1.524399587972739e-02	-2.384186e-07	2.481278e-06	-3.352900e-06
1.525399587972739e-02	-3.576279e-07	2.480170e-06	-1.982530e-06
1.526399587972739e-02	-3.576279e-07	2.479071e-06	-3.351593e-06
1.527399587972739e-02	-2.384186e-07	2.477979e-06	-1.981591e-06
1.528399587972739e-02	-2.384186e-07	2.476895e-06	-3.350302e-06
1.529399587972739e-02	-3.576279e-07	2.475820e-06	-1.980668e-06
1.530399587972739e-02	-2.384186e-07	2.474752e-06	-3.349028e-06
1.531399587972739e-02	-2.384186e-07	2.473692e-06	-1.979761e-06
1.532399587972739e-02	-2.384186e-07	2.472640e-06	-3.347770e-06
1.533399587972739e-02	-2.384186e-07	2.471596e-06	-1.978870e-06
1.534399587972739e-02	-2.384186e-07	2.470559e-06	-3.346528e-06
1.535399587972739e-02	-2.384186e-07	2.469531e-06	-1.977995e-06
1.536399587972739e-02	-2.384186e-07	2.468509e-06	-3.345302e-06
1.537399587972739e-02	-3.576279e-07	2.467496e-06	-1.977134e-06
1.538399587972739e-02	-3.576279e-07	2.466489e-06	-3.344091e-06
1.539399587972739e-02	-3.576279e-07	2.465490e-06	-1.976289e-06
1.540399587972739e-02	-3.576279e-07	2.464499e-06	-3.342896e-06
1.541399587972739e-02	-3.576279e-07	2.463515e-06	-1.975458e-06
1.542399587972739e-02	-2.384186e-07	2.462538e-06	-3.341716e-06
1.543399587972739e-02	-3.576279e-07	2.461568e-06	-1.974642e-06
1.544399587972739e-02	-2.384186e-07	2.460606e-06	-3.340551e-06
1.545399587972739e-02	-3.576279e-07	2.459650e-06	-1.973840e-06
1.546399587972739e-02	-2.384186e-07	2.458702e-06	-3.339401e-06
1.547399587972739e-02	-2.384186e-07	2.457761e-06	-1.973052e-06
1.548399587972739e-02	-2.384186e-07	2.456826e-06	-3.338266e-06
1.549399587972739e-02	-2.384186e-07	2.455899e-06	-1.972278e-06
1.550399587972739e-02	-2.384186e-07	2.454978e-06	-3.337144e-06
1.551399587972739e-02	-2.384186e-07	2.454065e-06	-1.971518e-06
1.552399587972739e-02	-3.576279e-07	2.453158e-06	-3.336037e-06
1.553399587972739e-02	-2.384186e-07	2.452257e-06	-1.970772e-06
1.554399587972739e-02	-3.576279e-07	2.451364e-06	-3.334944e-06
1.555399587972739e-02	-3.576279e-07	2.450477e-06	-1.970038e-06
1.556399587972739e-02	-3.576279e-07	2.449596e-06	-3.333864e-06
1.557399587972739e-02	-2.384186e-07	2.448722e-06	-1.969318e-06
1.558399587972739e-02	-2.384186e-07	2.447854e-06	-3.332798e-06
1.559399587972739e-02	-2.384186e-07	2.446993e-06	-1.968611e-06
1.560399587972739e-02	-2.384186e-07	2.446138e-06	-3.331745e-06
1.561399587972739e-02	-2.384186e-07	2.445290e-06	-1.967916e-06
1.562399587972739e-02	-3.576279e-07	2.444448e-06	-3.330706e-06
1.563399587972739e-02	-2.384186e-07	2.443611e-06	-1.967234e-06
1.564399587972739e-02	-2.384186e-07	2.442782e-06	-3.329679e-06
1.565399587972739e-02	-2.384186e-07	2.441958e-06	-1.966564e-06
1.566399587972739e-02	-2.384186e-07	2.441140e-06	-3.328665e-06
1.567399587972739e-02	-2.384186e-07	2.440329e-06	-1.965907e-06
1.568399587972739e-02	-2.384186e-07	2.439523e-06	-3.327663e-06
1.569399587972739e-02	-2.384186e-07	2.438723e-06	-1.965261e-06
1.570399587972739e-02	-2.384186e-07	2.437930e-06	-3.326674e-06
1.571399587972739e-02	-2.384186e-07	2.437142e-06	-1.964627e-06
1.572399587972739e-02	-2.384186e-07	2.436360e-06	-3.325697e-06
1.573399587972739e-02	-2.384186e-07	2.435584e-06	-1.964006e-06
1.574399587972739e-02	-2.384186e-07	2.434813e-06	-3.324732e-06
1.575399587972739e-02	-2.384186e-07	2.434048e-06	-1.963395e-06
1.576399587972739e-02	-2.384186e-07	2.433289e-06	-3.323779e-06
1.577399587972739e-02	-2.384186e-07	2.432535e-06	-1.962796e-06
1.578399587972739e-02	-2.384186e-07	2.431787e-06	-3.322838e-06
1.579399587972739e-02	-2.384186e-07	2.431045e-06	-1.962208e-06
1.580399587972739e-02	-2.384186e-07	2.430308e-06	-3.321908e-06
1.581399587972739e-02	-3.576279e-07	2.429576e-06	-1.961631e-06
1.582399587972739e-02	-2.384186e-07	2.428850e-06	-3.320990e-06
1.583399587972739e-02	-2.384186e-07	2.428129e-06	-1.961064e-06
1.584399587972739e-02	-3.576279e-07	2.427414e-06	-3.320082e-06
1.585399587972739e-02	-2.384186e-07	2.426704e-06	-1.960509e-06
1.586399587972739e-02	-3.576279e-07	2.425999e-06	-3.319186e-06
1.587399587972739e-02	-2.384186e-07	2.425299e-06	-1.959964e-06
1.588399587972739e-02	-2.384186e-07	2.424604e-06	-3.318300e-06
1.589399587972739e-02	-2.384186e-07	2.423915e-06	-1.959429e-06
1.590399587972739e-02	-2.384186e-07	2.423231e-06	-3.317425e-06
1.591399587972739e-02	-2.384186e-07	2.422551e-06	-1.958904e-06
1.592399587972739e-02	-2.384186e-07	2.421877e-06	-3.316561e-06
1.593399587972739e-02	-2.384186e-07	2.421208e-06	-1.958390e-06
1.594399587972739e-02	-2.384186e-07	2.420543e-06	-3.315707e-06
1.595399587972739e-02	-2.384186e-07	2.419884e-06	-1.957885e-06
1.596399587972739e-02	-2.384186e-07	2.419229e-06	-3.314863e-06
1.597399587972739e-02	-2.384186e-07	2.418580e-06	-1.957390e-06
1.598399587972739e-02	-2.384186e-07	2.417935e-06	-3.314030e-06
1.599399587972739e-02	-2.384186e-07	2.417295e-06	-1.956905e-06
1.600399587972739e-02	-2.384186e-07	2.416659e-06	-3.313206e-06
1.601399587972739e-02	-2.384186e-07	2.416028e-06	-1.956430e-06
1.602399587972739e-02	-2.384186e-07	2.415402e-06	-3.312392e-06
1.603399587972739e-02	-2.384186e-07	2.414781e-06	-1.955963e-06
1.604399587972739e-02	-2.384186e-07	2.414164e-06	-3.311588e-06
1.605399587972739e-02	-2.384186e-07	2.413552e-06	-1.955506e-06
1.606399587972739e-02	-2.384186e-07	2.412944e-06	-3.310793e-06
1.607399587972739e-02	-3.576279e-07	2.412341e-06	-1.955058e-06
1.608399587972739e-02	-2.384186e-07	2.411742e-06	-3.310008e-06
1.609399587972739e-02	-2.384186e-07	2.411147e-06	-1.954618e-06
1.610399587972739e-02	-2.384186e-07	2.410557e-06	-3.309231e-06
1.611399587972739e-02	-2.384186e-07	2.409972e-06	-1.954188e-06
1.612399587972739e-02	-3.576279e-07	2.409390e-06	-3.308464e-06
1.613399587972739e-02	-2.384186e-07	2.408813e-06	-1.953766e-06
1.614399587972739e-02	-2.384186e-07	2.408241e-06	-3.307706e-06
1.615399587972739e-02	-2.384186e-07	2.407672e-06	-1.953353e-06
1.616399587972739e-02	-2.384186e-07	2.407108e-06	-3.306957e-06
1.617399587972739e-02	-2.384186e-07	2.406548e-06	-1.952948e-06
1.618399587972739e-02	-2.384186e-07	2.405991e-06	-3.306216e-06
1.619399587972739e-02	-2.384186e-07	2.405440e-06	-1.952551e-06
1.620399587972739e-02	-2.384186e-07	2.404892e-06	-3.305484e-06
1.621399587972739e-02	-2.384186e-07	2.404348e-06	-1.952163e-06
1.622399587972739e-02	-2.384186e-07	2.403808e-06	-3.304760e-06
1.623399587972739e-02	-2.384186e-07	2.403272e-06	-1.951782e-06
1.624399587972739e-02	-2.384186e-07	2.402740e-06	-3.304045e-06
1.625399587972739e-02	-2.384186e-07	2.402212e-06	-1.951410e-06
1.626399587972739e-02	-2.384186e-07	2.401689e-06	-3.303338e-06
1.627399587972739e-02	-2.384186e-07	2.401168e-06	-1.951045e-06
1.628399587972739e-02	-2.384186e-07	2.400652e-06	-3.302639e-06
1.629399587972739e-02	-2.384186e-07	2.400140e-06	-1.950688e-06
1.630399587972739e-02	-2.384186e-07	2.399631e-06	-3.301948e-06
1.631399587972739e-02	0.000000e+00	2.399126e-06	-1.950339e-06
1.632399587972739e-02	-2.384186e-07	2.398625e-06	-3.301265e-06
1.633399587972739e-02	-2.384186e-07	2.398127e-06	-1.949997e-06
1.634399587972739e-02	-2.384186e-07	2.397633e-06	-3.300590e-06
1.635399587972739e-02	-2.384186e-07	2.397143e-06	-1.949662e-06
1.636399587972739e-02	-2.384186e-07	2.396657e-06	-3.299922e-06
1.637399587972739e-02	-4.768372e-07	2.396174e-06	-1.949335e-06
1.638399587972739e-02	-2.384186e-07	2.395694e-06	-3.299262e-06
1.639399587972739e-02	-2.384186e-07	2.395218e-06	-1.949014e-06
1.640399587972739e-02	-4.768372e-07	2.394746e-06	-3.298609e-06
1.641399587972739e-02	-2.384186e-07	2.394277e-06	-1.948701e-06
1.642399587972739e-02	0.000000e+00	2.393812e-06	-3.297963e-06
1.643399587972739e-02	-2.384186e-07	2.393350e-06	-1.948395e-06
1.644399587972739e-02	-2.384186e-07	2.392891e-06	-3.297325e-06
1.645399587972739e-02	-4.768372e-07	2.392436e-06	-1.948095e-06
1.646399587972739e-02	-2.384186e-07	2.391985e-06	-3.296694e-06
1.647399587972739e-02	-2.384186e-07	2.391536e-06	-1.947803e-06
1.648399587972739e-02	0.000000e+00	2.391091e-06	-3.296070e-06
1.649399587972739e-02	-2.384186e-07	2.390649e-06	-1.947516e-06
1.650399587972739e-02	-2.384186e-07	2.390211e-06	-3.295452e-06
1.651399587972739e-02	-2.384186e-07	2.389775e-06	-1.947237e-06
1.652399587972739e-02	0.000000e+00	2.389343e-06	-3.294841e-06
1.653399587972739e-02	-2.384186e-07	2.388914e-06	-1.946963e-06
1.654399587972739e-02	-2.384186e-07	2.388489e-06	-3.294238e-06
1.655399587972739e-02	-2.384186e-07	2.388066e-06	-1.946697e-06
1.656399587972739e-02	-2.384186e-07	2.387646e-06	-3.293640e-06
1.657399587972739e-02	-2.384186e-07	2.387230e-06	-1.946436e-06
1.658399587972739e-02	-2.384186e-07	2.386817e-06	-3.293050e-06
1.659399587972739e-02	-2.384186e-07	2.386407e-06	-1.946181e-06
1.660399587972739e-02	-2.384186e-07	2.385999e-06	-3.292465e-06
1.661399587972739e-02	-2.384186e-07	2.385595e-06	-1.945933e-06
1.662399587972739e-02	-2.384186e-07	2.385194e-06	-3.291887e-06
1.663399587972739e-02	-2.384186e-07	2.384796e-06	-1.945690e-06
1.664399587972739e-02	-2.384186e-07	2.384400e-06	-3.291315e-06
1.665399587972739e-02	-2.384186e-07	2.384008e-06	-1.945454e-06
1.666399587972739e-02	-2.384186e-07	2.383618e-06	-3.290749e-06
1.667399587972739e-02	-2.384186e-07	2.383232e-06	-1.945223e-06
1.668399587972739e-02	-4.768372e-07	2.382848e-06	-3.290190e-06
1.669399587972739e-02	-2.384186e-07	2.382467e-06	-1.944997e-06
1.670399587972739e-02	-4.768372e-07	2.382089e-06	-3.289636e-06
1.671399587972739e-02	-2.384186e-07	2.381714e-06	-1.944778e-06
1.672399587972739e-02	-4.768372e-07	2.381341e-06	-3.289088e-06
1.673399587972739e-02	-2.384186e-07	2.380972e-06	-1.944564e-06
1.674399587972739e-02	-2.384186e-07	2.380604e-06	-3.288546e-06
1.675399587972739e-02	-2.384186e-07	2.380240e-06	-1.944355e-06
1.676399587972739e-02	-2.384186e-07	2.379878e-06	-3.288009e-06
1.677399587972739e-02	-2.384186e-07	2.379520e-06	-1.944152e-06
1.678399587972739e-02	-2.384186e-07	2.379163e-06	-3.287478e-06
1.679399587972739e-02	-2.384186e-07	2.378810e-06	-1.943954e-06
1.680399587972739e-02	-4.768372e-07	2.378458e-06	-3.286953e-06
1.681399587972739e-02	-2.384186e-07	2.378110e-06	-1.943761e-06
1.682399587972739e-02	-4.768372e-07	2.377764e-06	-3.286433e-06
1.683399587972739e-02	-2.384186e-07	2.377421e-06	-1.943573e-06
1.684399587972739e-02	0.000000e+00	2.377080e-06	-3.285919e-06
1.685399587972739e-02	-2.384186e-07	2.376742e-06	-1.943391e-06
1.686399587972739e-02	-2.384186e-07	2.376406e-06	-3.285410e-06
1.687399587972739e-02	-2.384186e-07	2.376073e-06	-1.943213e-06
1.688399587972739e-02	-2.384186e-07	2.375742e-06	-3.284906e-06
1.689399587972739e-02	-4.768372e-07	2.375413e-06	-1.943040e-06
1.690399587972739e-02	-2.384186e-07	2.375087e-06	-3.284407e-06
1.691399587972739e-02	-4.768372e-07	2.374764e-06	-1.942872e-06
1.692399587972739e-02	-2.384186e-07	2.374443e-06	-3.283913e-06
1.693399587972739e-02	-2.384186e-07	2.374124e-06	-1.942709e-06
1.694399587972739e-02	-2.384186e-07	2.373807e-06	-3.283424e-06
1.695399587972739e-02	0.000000e+00	2.373493e-06	-1.942550e-06
1.696399587972739e-02	-2.384186e-07	2.373181e-06	-3.282940e-06
1.697399587972739e-02	-2.384186e-07	2.372872e-06	-1.942397e-06
1.698399587972739e-02	-2.384186e-07	2.372565e-06	-3.282462e-06
1.699399587972739e-02	0.000000e+00	2.372260e-06	-1.942247e-06
1.700399587972739e-02	-2.384186e-07	2.371957e-06	-3.281987e-06
1.701399587972739e-02	-4.768372e-07	2.371657e-06	-1.942102e-06
1.702399587972739e-02	-2.384186e-07	2.371359e-06	-3.281518e-06
1.703399587972739e-02	-2.384186e-07	2.371062e-06	-1.941962e-06
1.704399587972739e-02	-2.384186e-07	2.370769e-06	-3.281053e-06
1.705399587972739e-02	-4.768372e-07	2.370477e-06	-1.941826e-06
1.706399587972739e-02	0.000000e+00	2.370188e-06	-3.280593e-06
1.707399587972739e-02	-2.384186e-07	2.369900e-06	-1.941694e-06
1.708399587972739e-02	-4.768372e-07	2.369615e-06	-3.280137e-06
1.709399587972739e-02	-2.384186e-07	2.369332e-06	-1.941566e-06
1.710399587972739e-02	0.000000e+00	2.369051e-06	-3.279686e-06
1.711399587972739e-02	-4.768372e-07	2.368772e-06	-1.941443e-06
1.712399587972739e-02	-2.384186e-07	2.368495e-06	-3.279239e-06
1.713399587972739e-02	0.000000e+00	2.368220e-06	-1.941323e-06
1.714399587972739e-02	0.000000e+00	2.367947e-06	-3.278796e-06
1.715399587972739e-02	0.000000e+00	2.367677e-06	-1.941208e-06
1.716399587972739e-02	0.000000e+00	2.367408e-06	-3.278358e-06
1.717399587972739e-02	-2.384186e-07	2.367141e-06	-1.941096e-06
1.718399587972739e-02	-4.768372e-07	2.366876e-06	-3.277924e-06
1.719399587972739e-02	0.000000e+00	2.366613e-06	-1.940989e-06
1.720399587972739e-02	-2.384186e-07	2.366352e-06	-3.277494e-06
1.721399587972739e-02	-2.384186e-07	2.366093e-06	-1.940885e-06
1.722399587972739e-02	-2.384186e-07	2.365836e-06	-3.277068e-06
1.723399587972739e-02	-2.384186e-07	2.365581e-06	-1.940785e-06
1.724399587972739e-02	-2.384186e-07	2.365328e-06	-3.276646e-06
1.725399587972739e-02	-2.384186e-07	2.365076e-06	-1.940689e-06
1.726399587972739e-02	-2.384186e-07	2.364827e-06	-3.276228e-06
1.727399587972739e-02	-2.384186e-07	2.364579e-06	-1.940596e-06
1.728399587972739e-02	-2.384186e-07	2.364333e-06	-3.275814e-06
1.729399587972739e-02	0.000000e+00	2.364089e-06	-1.940507e-06
1.730399587972739e-02	-2.384186e-07	2.363847e-06	-3.275404e-06
1.731399587972739e-02	-2.384186e-07	2.363606e-06	-1.940422e-06
1.732399587972739e-02	-2.384186e-07	2.363367e-06	-3.274997e-06
1.733399587972739e-02	-2.384186e-07	2.363131e-06	-1.940340e-06
1.734399587972739e-02	-2.384186e-07	2.362895e-06	-3.274595e-06
1.735399587972739e-02	-2.384186e-07	2.362662e-06	-1.940262e-06
1.736399587972739e-02	-2.384186e-07	2.362430e-06	-3.274195e-06
1.737399587972739e-02	-2.384186e-07	2.362200e-06	-1.940187e-06
1.738399587972739e-02	-2.384186e-07	2.361972e-06	-3.273800e-06
1.739399587972739e-02	-2.384186e-07	2.361745e-06	-1.940115e-06
1.740399587972739e-02	-4.768372e-07	2.361520e-06	-3.273408e-06
1.741399587972739e-02	-2.384186e-07	2.361297e-06	-1.940047e-06
1.742399587972739e-02	0.000000e+00	2.361075e-06	-3.273020e-06
1.743399587972739e-02	-2.384186e-07	2.360855e-06	-1.939982e-06
1.744399587972739e-02	-2.384186e-07	2.360637e-06	-3.272635e-06
1.745399587972739e-02	-2.384186e-07	2.360420e-06	-1.939920e-06
1.746399587972739e-02	-4.768372e-07	2.360205e-06	-3.272254e-06
1.747399587972739e-02	-2.384186e-07	2.359991e-06	-1.939861e-06
1.748399587972739e-02	-2.384186e-07	2.359780e-06	-3.271876e-06
1.749399587972739e-02	-2.384186e-07	2.359569e-06	-1.939805e-06
1.750399587972739e-02	-2.384186e-07	2.359360e-06	-3.271501e-06
1.751399587972739e-02	-2.384186e-07	2.359153e-06	-1.939753e-06
1.752399587972739e-02	-4.768372e-07	2.358947e-06	-3.271130e-06
1.753399587972739e-02	-2.384186e-07	2.358743e-06	-1.939703e-06
1.754399587972739e-02	-4.768372e-07	2.358540e-06	-3.270762e-06
1.755399587972739e-02	-2.384186e-07	2.358339e-06	-1.939657e-06
1.756399587972739e-02	-2.384186e-07	2.358139e-06	-3.270397e-06
1.757399587972739e-02	-2.384186e-07	2.357941e-06	-1.939613e-06
1.758399587972739e-02	-4.768372e-07	2.357744e-06	-3.270035e-06
1.759399587972739e-02	-2.384186e-07	2.357549e-06	-1.939572e-06
1.760399587972739e-02	-2.384186e-07	2.357354e-06	-3.269676e-06
1.761399587972739e-02	-4.768372e-07	2.357162e-06	-1.939534e-06
1.762399587972739e-02	-2.384186e-07	2.356971e-06	-3.269320e-06
1.763399587972739e-02	-2.384186e-07	2.356781e-06	-1.939499e-06
1.764399587972739e-02	-2.384186e-07	2.356593e-06	-3.268968e-06
1.765399587972739e-02	-2.384186e-07	2.356406e-06	-1.939467e-06
1.766399587972739e-02	-2.384186e-07	2.356221e-06	-3.268618e-06
1.767399587972739e-02	-2.384186e-07	2.356036e-06	-1.939437e-06
1.768399587972739e-02	-2.384186e-07	2.355854e-06	-3.268271e-06
1.769399587972739e-02	-4.768372e-07	2.355672e-06	-1.939410e-06
1.770399587972739e-02	-2.384186e-07	2.355492e-06	-3.267927e-06
1.771399587972739e-02	-2.384186e-07	2.355313e-06	-1.939385e-06
1.772399587972739e-02	-2.384186e-07	2.355136e-06	-3.267586e-06
1.773399587972739e-02	-4.768372e-07	2.354960e-06	-1.939363e-06
1.774399587972739e-02	-2.384186e-07	2.354785e-06	-3.267248e-06
1.775399587972739e-02	-2.384186e-07	2.354612e-06	-1.939344e-06
1.776399587972739e-02	-2.384186e-07	2.354439e-06	-3.266913e-06
1.777399587972739e-02	-4.768372e-07	2.354268e-06	-1.939327e-06
1.778399587972739e-02	-2.384186e-07	2.354099e-06	-3.266580e-06
1.779399587972739e-02	0.000000e+00	2.353931e-06	-1.939313e-06
1.780399587972739e-02	-2.384186e-07	2.353763e-06	-3.266250e-06
1.781399587972739e-02	-2.384186e-07	2.353597e-06	-1.939301e-06
1.782399587972739e-02	0.000000e+00	2.353433e-06	-3.265922e-06
1.783399587972739e-02	-4.768372e-07	2.353269e-06	-1.939291e-06
1.784399587972739e-02	-2.384186e-07	2.353107e-06	-3.265598e-06
1.785399587972739e-02	-2.384186e-07	2.352946e-06	-1.939284e-06
1.786399587972739e-02	-2.384186e-07	2.352786e-06	-3.265275e-06
1.787399587972739e-02	-2.384186e-07	2.352627e-06	-1.939279e-06
1.788399587972739e-02	0.000000e+00	2.352469e-06	-3.264955e-06
1.789399587972739e-02	0.000000e+00	2.352313e-06	-1.939277e-06
1.790399587972739e-02	-2.384186e-07	2.352158e-06	-3.264638e-06
1.791399587972739e-02	-2.384186e-07	2.352004e-06	-1.939277e-06
1.792399587972739e-02	-2.384186e-07	2.351851e-06	-3.264323e-06
1.793399587972739e-02	-2.384186e-07	2.351699e-06	-1.939278e-06
1.794399587972739e-02	0.000000e+00	2.351548e-06	-3.264011e-06
1.795399587972739e-02	-2.384186e-07	2.351399e-06	-1.939283e-06
1.796399587972739e-02	-4.768372e-07	2.351250e-06	-3.263701e-06
1.797399587972739e-02	0.000000e+00	2.351103e-06	-1.939289e-06
1.798399587972739e-02	-4.768372e-07	2.350956e-06	-3.263394e-06
1.799399587972739e-02	-2.384186e-07	2.350811e-06	-1.939297e-06
1.800399587972739e-02	-2.384186e-07	2.350667e-06	-3.263088e-06
1.801399587972739e-02	-2.384186e-07	2.350524e-06	-1.939308e-06
1.802399587972739e-02	-2.384186e-07	2.350382e-06	-3.262785e-06
1.803399587972739e-02	-2.384186e-07	2.350241e-06	-1.939320e-06
1.804399587972739e-02	-2.384186e-07	2.350101e-06	-3.262485e-06
1.805399587972739e-02	-2.384186e-07	2.349962e-06	-1.939335e-06
1.806399587972739e-02	-4.768372e-07	2.349824e-06	-3.262186e-06
1.807399587972739e-02	-2.384186e-07	2.349688e-06	-1.939351e-06
1.808399587972739e-02	-2.384186e-07	2.349552e-06	-3.261890e-06
1.809399587972739e-02	-2.384186e-07	2.349417e-06	-1.939369e-06
1.810399587972739e-02	-2.384186e-07	2.349283e-06	-3.261596e-06
1.811399587972739e-02	-2.384186e-07	2.349150e-06	-1.939390e-06
1.812399587972739e-02	-2.384186e-07	2.349018e-06	-3.261304e-06
1.813399587972739e-02	-2.384186e-07	2.348887e-06	-1.939412e-06
1.814399587972739e-02	-2.384186e-07	2.348758e-06	-3.261014e-06
1.815399587972739e-02	-2.384186e-07	2.348629e-06	-1.939436e-06
1.816399587972739e-02	-4.768372e-07	2.348501e-06	-3.260726e-06
1.817399587972739e-02	-2.384186e-07	2.348374e-06	-1.939462e-06
1.818399587972739e-02	-2.384186e-07	2.348248e-06	-3.260440e-06
1.819399587972739e-02	-2.384186e-07	2.348122e-06	-1.939490e-06
1.820399587972739e-02	-4.768372e-07	2.347998e-06	-3.260157e-06
1.821399587972739e-02	-2.384186e-07	2.347875e-06	-1.939520e-06
1.822399587972739e-02	-2.384186e-07	2.347752e-06	-3.259875e-06
1.823399587972739e-02	-2.384186e-07	2.347631e-06	-1.939551e-06
1.824399587972739e-02	-2.384186e-07	2.347510e-06	-3.259595e-06
1.825399587972739e-02	-2.384186e-07	2.347390e-06	-1.939584e-06
1.826399587972739e-02	-2.384186e-07	2.347271e-06	-3.259317e-06
1.827399587972739e-02	-2.384186e-07	2.347153e-06	-1.939619e-06
1.828399587972739e-02	-2.384186e-07	2.347037e-06	-3.259041e-06
1.829399587972739e-02	-2.384186e-07	2.346920e-06	-1.939655e-06
1.830399587972739e-02	-2.384186e-07	2.346805e-06	-3.258767e-06
1.831399587972739e-02	-2.384186e-07	2.346690e-06	-1.939693e-06
1.832399587972739e-02	-2.384186e-07	2.346577e-06	-3.258495e-06
1.833399587972739e-02	-2.384186e-07	2.346464e-06	-1.939733e-06
1.834399587972739e-02	-4.768372e-07	2.346352e-06	-3.258225e-06
1.835399587972739e-02	-2.384186e-07	2.346241e-06	-1.939774e-06
1.836399587972739e-02	0.000000e+00	2.346130e-06	-3.257956e-06
1.837399587972739e-02	0.000000e+00	2.346021e-06	-1.939817e-06
1.838399587972739e-02	0.000000e+00	2.345912e-06	-3.257689e-06
1.839399587972739e-02	-2.384186e-07	2.345804e-06	-1.939861e-06
1.840399587972739e-02	-4.768372e-07	2.345697e-06	-3.257424e-06
1.841399587972739e-02	0.000000e+00	2.345591e-06	-1.939907e-06
1.842399587972739e-02	-2.384186e-07	2.345485e-06	-3.257161e-06
1.843399587972739e-02	-4.768372e-07	2.345380e-06	-1.939955e-06
1.844399587972739e-02	-4.768372e-07	2.345276e-06	-3.256899e-06
1.845399587972739e-02	-2.384186e-07	2.345173e-06	-1.940004e-06
1.846399587972739e-02	0.000000e+00	2.345071e-06	-3.256639e-06
1.847399587972739e-02	-2.384186e-07	2.344969e-06	-1.940054e-06
1.848399587972739e-02	-4.768372e-07	2.344868e-06	-3.256381e-06
1.849399587972739e-02	-2.384186e-07	2.344768e-06	-1.940106e-06
1.850399587972739e-02	0.000000e+00	2.344668e-06	-3.256124e-06
1.851399587972739e-02	-4.768372e-07	2.344570e-06	-1.940159e-06
1.852399587972739e-02	-2.384186e-07	2.344472e-06	-3.255869e-06
1.853399587972739e-02	-2.384186e-07	2.344374e-06	-1.940214e-06
1.854399587972739e-02	-4.768372e-07	2.344278e-06	-3.255616e-06
1.855399587972739e-02	0.000000e+00	2.344182e-06	-1.940270e-06
1.856399587972739e-02	-2.384186e-07	2.344087e-06	-3.255364e-06
1.857399587972739e-02	-2.384186e-07	2.343992e-06	-1.940327e-06
1.858399587972739e-02	-2.384186e-07	2.343899e-06	-3.255113e-06
1.859399587972739e-02	-4.768372e-07	2.343806e-06	-1.940386e-06
1.860399587972739e-02	-2.384186e-07	2.343713e-06	-3.254864e-06
1.861399587972739e-02	-2.384186e-07	2.343622e-06	-1.940446e-06
1.862399587972739e-02	-2.384186e-07	2.343531e-06	-3.254617e-06
1.863399587972739e-02	-4.768372e-07	2.343440e-06	-1.940507e-06
1.864399587972739e-02	-2.384186e-07	2.343351e-06	-3.254371e-06
1.865399587972739e-02	-2.384186e-07	2.343262e-06	-1.940569e-06
1.866399587972739e-02	-4.768372e-07	2.343173e-06	-3.254127e-06
1.867399587972739e-02	-4.768372e-07	2.343086e-06	-1.940633e-06
1.868399587972739e-02	-2.384186e-07	2.342999e-06	-3.253884e-06
1.869399587972739e-02	-2.384186e-07	2.342912e-06	-1.940698e-06
1.870399587972739e-02	-2.384186e-07	2.342827e-06	-3.253642e-06
1.871399587972739e-02	-2.384186e-07	2.342741e-06	-1.940764e-06
1.872399587972739e-02	-2.384186e-07	2.342657e-06	-3.253402e-06
1.873399587972739e-02	-2.384186e-07	2.342573e-06	-1.940831e-06
1.874399587972739e-02	-2.384186e-07	2.342490e-06	-3.253163e-06
1.875399587972739e-02	-2.384186e-07	2.342407e-06	-1.940900e-06
1.876399587972739e-02	-2.384186e-07	2.342325e-06	-3.252926e-06
1.877399587972739e-02	-2.384186e-07	2.342244e-06	-1.940969e-06
1.878399587972739e-02	0.000000e+00	2.342163e-06	-3.252690e-06
1.879399587972739e-02	-2.384186e-07	2.342083e-06	-1.941040e-06
1.880399587972739e-02	-4.768372e-07	2.342003e-06	-3.252455e-06
1.881399587972739e-02	-2.384186e-07	2.341924e-06	-1.941112e-06
1.882399587972739e-02	-4.768372e-07	2.341846e-06	-3.252222e-06
1.883399587972739e-02	-2.384186e-07	2.341768e-06	-1.941185e-06
1.884399587972739e-02	-2.384186e-07	2.341691e-06	-3.251990e-06
1.885399587972739e-02	-2.384186e-07	2.341614e-06	-1.941259e-06
1.886399587972739e-02	-4.768372e-07	2.341538e-06	-3.251759e-06
1.887399587972739e-02	-2.384186e-07	2.341462e-06	-1.941334e-06
1.888399587972739e-02	-4.768372e-07	2.341387e-06	-3.251529e-06
1.889399587972739e-02	-2.384186e-07	2.341313e-06	-1.941410e-06
1.890399587972739e-02	-2.384186e-07	2.341239e-06	-3.251301e-06
1.891399587972739e-02	-2.384186e-07	2.341165e-06	-1.941487e-06
1.892399587972739e-02	-4.768372e-07	2.341093e-06	-3.251074e-06
1.893399587972739e-02	-2.384186e-07	2.341020e-06	-1.941565e-06
1.894399587972739e-02	-4.768372e-07	2.340948e-06	-3.250848e-06
1.895399587972739e-02	-2.384186e-07	2.340877e-06	-1.941645e-06
1.896399587972739e-02	-4.768372e-07	2.340807e-06	-3.250623e-06
1.897399587972739e-02	-2.384186e-07	2.340737e-06	-1.941725e-06
1.898399587972739e-02	-2.384186e-07	2.340667e-06	-3.250399e-06
1.899399587972739e-02	-2.384186e-07	2.340598e-06	-1.941806e-06
1.900399587972739e-02	-2.384186e-07	2.340529e-06	-3.250177e-06
1.901399587972739e-02	0.000000e+00	2.340461e-06	-1.941888e-06
1.902399587972739e-02	-2.384186e-07	2.340393e-06	-3.249956e-06
1.903399587972739e-02	-2.384186e-07	2.340326e-06	-1.941971e-06
1.904399587972739e-02	-2.384186e-07	2.340259e-06	-3.249736e-06
1.905399587972739e-02	-4.768372e-07	2.340193e-06	-1.942055e-06
1.906399587972739e-02	-2.384186e-07	2.340128e-06	-3.249517e-06
1.907399587972739e-02	-4.768372e-07	2.340063e-06	-1.942139e-06
1.908399587972739e-02	-2.384186e-07	2.339998e-06	-3.249299e-06
1.909399587972739e-02	-4.768372e-07	2.339934e-06	-1.942225e-06
1.910399587972739e-02	-4.768372e-07	2.339870e-06	-3.249082e-06
1.911399587972739e-02	-2.384186e-07	2.339807e-06	-1.942312e-06
1.912399587972739e-02	-2.384186e-07	2.339744e-06	-3.248866e-06
1.913399587972739e-02	0.000000e+00	2.339681e-06	-1.942399e-06
1.914399587972739e-02	-2.384186e-07	2.339620e-06	-3.248651e-06
1.915399587972739e-02	-2.384186e-07	2.339558e-06	-1.942487e-06
1.916399587972739e-02	-2.384186e-07	2.339497e-06	-3.248437e-06
1.917399587972739e-02	-4.768372e-07	2.339437e-06	-1.942576e-06
1.918399587972739e-02	-4.768372e-07	2.339377e-06	-3.248225e-06
1.919399587972739e-02	-2.384186e-07	2.339317e-06	-1.942666e-06
1.920399587972739e-02	-2.384186e-07	2.339258e-06	-3.248013e-06
1.921399587972739e-02	-2.384186e-07	2.339199e-06	-1.942757e-06
1.922399587972739e-02	-2.384186e-07	2.339141e-06	-3.247802e-06
1.923399587972739e-02	-4.768372e-07	2.339083e-06	-1.942848e-06
1.924399587972739e-02	-2.384186e-07	2.339026e-06	-3.247593e-06
1.925399587972739e-02	-4.768372e-07	2.338969e-06	-1.942940e-06
1.926399587972739e-02	-2.384186e-07	2.338912e-06	-3.247384e-06
1.927399587972739e-02	-2.384186e-07	2.338856e-06	-1.943033e-06
1.928399587972739e-02	-2.384186e-07	2.338800e-06	-3.247176e-06
1.929399587972739e-02	-2.384186e-07	2.338745e-06	-1.943127e-06
1.930399587972739e-02	-2.384186e-07	2.338690e-06	-3.246969e-06
1.931399587972739e-02	0.000000e+00	2.338635e-06	-1.943222e-06
1.932399587972739e-02	-2.384186e-07	2.338581e-06	-3.246763e-06
1.933399587972739e-02	0.000000e+00	2.338528e-06	-1.943317e-06
1.934399587972739e-02	0.000000e+00	2.338474e-06	-3.246558e-06
1.935399587972739e-02	-2.384186e-07	2.338421e-06	-1.943413e-06
1.936399587972739e-02	-4.768372e-07	2.338369e-06	-3.246354e-06
1.937399587972739e-02	-2.384186e-07	2.338317e-06	-1.943509e-06
1.938399587972739e-02	-4.768372e-07	2.338265e-06	-3.246151e-06
1.939399587972739e-02	-2.384186e-07	2.338213e-06	-1.943607e-06
1.940399587972739e-02	0.000000e+00	2.338162e-06	-3.245948e-06
1.941399587972739e-02	0.000000e+00	2.338112e-06	-1.943705e-06
1.942399587972739e-02	-2.384186e-07	2.338061e-06	-3.245747e-06
1.943399587972739e-02	-2.384186e-07	2.338012e-06	-1.943803e-06
1.944399587972739e-02	0.000000e+00	2.337962e-06	-3.245546e-06
1.945399587972739e-02	0.000000e+00	2.337913e-06	-1.943903e-06
1.946399587972739e-02	-2.384186e-07	2.337864e-06	-3.245347e-06
1.947399587972739e-02	-2.384186e-07	2.337816e-06	-1.944002e-06
1.948399587972739e-02	-2.384186e-07	2.337768e-06	-3.245148e-06
1.949399587972739e-02	-2.384186e-07	2.337720e-06	-1.944103e-06
1.950399587972739e-02	-4.768372e-07	2.337673e-06	-3.244950e-06
1.951399587972739e-02	-2.384186e-07	2.337626e-06	-1.944204e-06
1.952399587972739e-02	-2.384186e-07	2.337579e-06	-3.244752e-06
1.953399587972739e-02	-2.384186e-07	2.337533e-06	-1.944306e-06
1.954399587972739e-02	-4.768372e-07	2.337487e-06	-3.244556e-06
1.955399587972739e-02	-2.384186e-07	2.337441e-06	-1.944408e-06
1.956399587972739e-02	-2.384186e-07	2.337396e-06	-3.244360e-06
1.957399587972739e-02	-2.384186e-07	2.337351e-06	-1.944511e-06
1.958399587972739e-02	-2.384186e-07	2.337306e-06	-3.244165e-06
1.959399587972739e-02	-2.384186e-07	2.337262e-06	-1.944615e-06
1.960399587972739e-02	-2.384186e-07	2.337218e-06	-3.243971e-06
1.961399587972739e-02	-2.384186e-07	2.337174e-06	-1.944719e-06
1.962399587972739e-02	-2.384186e-07	2.337131e-06	-3.243778e-06
1.963399587972739e-02	-2.384186e-07	2.337088e-06	-1.944824e-06
1.964399587972739e-02	-2.384186e-07	2.337045e-06	-3.243585e-06
1.965399587972739e-02	-2.384186e-07	2.337003e-06	-1.944929e-06
1.966399587972739e-02	-2.384186e-07	2.336961e-06	-3.243393e-06
1.967399587972739e-02	-2.384186e-07	2.336919e-06	-1.945035e-06
1.968399587972739e-02	-2.384186e-07	2.336878e-06	-3.243202e-06
1.969399587972739e-02	-2.384186e-07	2.336836e-06	-1.945142e-06
1.970399587972739e-02	-2.384186e-07	2.336796e-06	-3.243011e-06
1.971399587972739e-02	-2.384186e-07	2.336755e-06	-1.945249e-06
1.972399587972739e-02	-2.384186e-07	2.336715e-06	-3.242822e-06
1.973399587972739e-02	-2.384186e-07	2.336675e-06	-1.945356e-06
1.974399587972739e-02	-2.384186e-07	2.336635e-06	-3.242633e-06
1.975399587972739e-02	-4.768372e-07	2.336596e-06	-1.945464e-06
1.976399587972739e-02	-2.384186e-07	2.336557e-06	-3.242444e-06
1.977399587972739e-02	0.000000e+00	2.336518e-06	-1.945572e-06
1.978399587972739e-02	-2.384186e-07	2.336480e-06	-3.242257e-06
1.979399587972739e-02	-4.768372e-07	2.336441e-06	-1.945681e-06
1.980399587972739e-02	-2.384186e-07	2.336404e-06	-3.242070e-06
1.981399587972739e-02	-2.384186e-07	2.336366e-06	-1.945791e-06
1.982399587972739e-02	-2.384186e-07	2.336329e-06	-3.241883e-06
1.983399587972739e-02	-2.384186e-07	2.336292e-06	-1.945901e-06
1.984399587972739e-02	-2.384186e-07	2.336255e-06	-3.241698e-06
1.985399587972739e-02	-4.768372e-07	2.336218e-06	-1.946011e-06
1.986399587972739e-02	-4.768372e-07	2.336182e-06	-3.241513e-06
1.987399587972739e-02	-2.384186e-07	2.336146e-06	-1.946122e-06
1.988399587972739e-02	-2.384186e-07	2.336110e-06	-3.241329e-06
1.989399587972739e-02	0.000000e+00	2.336075e-06	-1.946233e-06
1.990399587972739e-02	-2.384186e-07	2.336040e-06	-3.241145e-06
1.991399587972739e-02	-4.768372e-07	2.336005e-06	-1.946345e-06
1.992399587972739e-02	-2.384186e-07	2.335970e-06	-3.240962e-06
1.993399587972739e-02	0.000000e+00	2.335936e-06	-1.946457e-06
1.994399587972739e-02	-2.384186e-07	2.335901e-06	-3.240779e-06
1.995399587972739e-02	-2.384186e-07	2.335868e-06	-1.946569e-06
1.996399587972739e-02	-2.384186e-07	2.335834e-06	-3.240597e-06
1.997399587972739e-02	-2.384186e-07	2.335800e-06	-1.946682e-06
1.998399587972739e-02	-4.768372e-07	2.335767e-06	-3.240416e-06
1.999399587972739e-02	-2.384186e-07	2.335734e-06	-1.946795e-06
2.000000000000000e-02	0.000000e+00	2.335703e-06	-3.240193e-06
