config_id,t_s,Icell11_A,Icell12_A,Icell21_A,Icell22_A,Icell31_A,Icell32_A,I_RL_A,V_out_diff_V,E_out_J
6.0,0.0,-4.1928715e-06,-4.1928715e-06,-2.651362e-07,-2.651362e-07,-2.6434466e-07,-2.6434466e-07,5.0796444e-07,1.66893e-06,8.477570925892153e-23
6.0,9.999999439624929e-11,-4.1189755e-06,-4.1189755e-06,-2.4699955e-07,-2.4699955e-07,-2.6434617e-07,-2.6438514e-07,5.079911e-07,1.9073486e-06,1.8166731748530427e-22
6.0,1.9999998879249858e-10,-4.0502714e-06,-4.0502714e-06,-2.2949042e-07,-2.2949042e-07,-2.6441037e-07,-2.644484e-07,5.080163e-07,1.66893e-06,3.0884385927296397e-22
6.0,3.9999997758499717e-10,-3.9146644e-06,-3.9146644e-06,-1.9393615e-07,-1.9393615e-07,-2.645394e-07,-2.6457784e-07,5.0806676e-07,1.66893e-06,5.632222155995078e-22
6.0,7.999999551699943e-10,-3.6500483e-06,-3.6500483e-06,-1.222116e-07,-1.222116e-07,-2.648514e-07,-2.6488857e-07,5.0816755e-07,1.66893e-06,1.0720798566271763e-21
6.0,1.5999999103399887e-09,-3.1351674e-06,-3.1351674e-06,1.800461e-08,1.800461e-08,-2.6576097e-07,-2.6579616e-07,5.0836803e-07,1.66893e-06,2.090196640408529e-21
6.0,3.1999998206799773e-09,-2.1456713e-06,-2.1456713e-06,2.8670334e-07,2.8670334e-07,-2.687369e-07,-2.6876884e-07,5.0876423e-07,1.66893e-06,4.1280170895500466e-21
6.0,6.399999641359955e-09,-2.9153873e-07,-2.9153873e-07,7.864696e-07,7.864696e-07,-2.7825078e-07,-2.7827753e-07,5.0953724e-07,1.66893e-06,8.031454756770846e-21
6.0,1.23804327272293e-08,2.7916665e-06,2.7916665e-06,1.6110298e-06,1.6110298e-06,-3.0256132e-07,-3.0258175e-07,5.1091035e-07,1.66893e-06,1.4234705918736833e-20
6.0,2.09501183147203e-08,6.464057e-06,6.464057e-06,2.5880051e-06,2.5880051e-06,-3.398553e-07,-3.3987016e-07,5.1271763e-07,1.66893e-06,2.3270629715422216e-20
6.0,3.3500055935207916e-08,1.0569845e-05,1.0569845e-05,3.676911e-06,3.676911e-06,-3.8431688e-07,-3.8432685e-07,5.1505884e-07,1.66893e-06,3.5799339030108564e-20
6.0,5.0100305758570944e-08,1.4267654e-05,1.4267654e-05,4.65736e-06,4.65736e-06,-4.1938515e-07,-4.1939091e-07,5.1771315e-07,1.9073486e-06,5.560185063282727e-20
6.0,7.360805498041381e-08,1.6334525e-05,1.6334525e-05,5.2116857e-06,5.2116857e-06,-4.2826957e-07,-4.2826838e-07,5.204702e-07,1.66893e-06,7.187558112035031e-20
6.0,8.75702532624677e-08,1.1686943e-05,1.1686943e-05,3.990269e-06,3.990269e-06,-3.9255468e-07,-3.9252342e-07,5.197402e-07,1.66893e-06,8.289141678254982e-20
6.0,9.900742979251952e-08,-1.0630895e-06,-1.0630895e-06,6.0187836e-07,6.0187836e-07,-2.9251646e-07,-2.9244623e-07,5.152028e-07,1.66893e-06,9.37713539907045e-20
6.0,1.1287721514554055e-07,-2.53709e-05,-2.53709e-05,-5.8955043e-06,-5.8955043e-06,-6.792171e-08,-6.784245e-08,5.0499256e-07,1.66893e-06,1.0603675629256805e-19
6.0,1.2811384285053023e-07,-5.346302e-05,-5.346302e-05,-1.3408732e-05,-1.3408732e-05,2.3821534e-07,2.3828238e-07,4.914236e-07,1.66893e-06,1.2082643155432504e-19
6.0,1.489429276641493e-07,-8.914089e-05,-8.914089e-05,-2.2958542e-05,-2.2958542e-05,6.3585577e-07,6.359227e-07,4.712319e-07,1.66893e-06,1.390382695405707e-19
6.0,1.7442769949034605e-07,-0.0001282354,-0.0001282354,-3.346513e-05,-3.346513e-05,1.0421361e-06,1.042188e-06,4.4450243e-07,1.4305115e-06,1.5846801272597616e-19
6.0,2.1005564249087424e-07,-0.00017167805,-0.00017167805,-4.5202614e-05,-4.5202614e-05,1.4664247e-06,1.4664616e-06,4.0577015e-07,1.1920929e-06,1.768356719731833e-19
6.0,2.503717247747991e-07,-0.00019916575,-0.00019916575,-5.272163e-05,-5.272163e-05,1.6644856e-06,1.6644917e-06,3.6503252e-07,1.4305115e-06,2.038911156657408e-19
6.0,3.1367997690538574e-07,-0.00020497921,-0.00020497921,-5.452424e-05,-5.452424e-05,1.3562102e-06,1.3562076e-06,3.1222902e-07,9.536743e-07,2.2318202113628084e-19
6.0,3.799431561892387e-07,-0.00020366411,-0.00020366411,-5.4317843e-05,-5.4317843e-05,6.966659e-07,6.966762e-07,2.598522e-07,7.1525574e-07,2.387264158484919e-19
6.0,4.809492179943446e-07,-0.00020116873,-0.00020116873,-5.362654e-05,-5.362654e-05,-3.1930134e-07,-3.1930378e-07,1.8196394e-07,4.7683716e-07,2.4795452874614143e-19
6.0,5.92652941809582e-07,-0.00019923599,-0.00019923599,-5.2694828e-05,-5.2694828e-05,-1.5370224e-06,-1.537008e-06,9.861095e-08,2.3841858e-07,2.5129233459802866e-19
6.0,7.648887372235685e-07,-0.00019812395,-0.00019812395,-5.0859348e-05,-5.0859348e-05,-3.5321052e-06,-3.5321025e-06,-2.4083782e-08,0.0,2.5129233459802866e-19
6.0,9.832548227587744e-07,-0.00019891461,-0.00019891461,-4.7429992e-05,-4.7429992e-05,-6.369317e-06,-6.3692933e-06,-1.687961e-07,-7.1525574e-07,2.775054135794889e-19
6.0,1.1991231457094463e-06,-0.00019991746,-0.00019991746,-4.215641e-05,-4.215641e-05,-9.604346e-06,-9.604332e-06,-2.988409e-07,-1.1920929e-06,3.401884356499264e-19
6.0,1.3351633677123205e-06,-0.00020081036,-0.00020081036,-3.7853006e-05,-3.7853006e-05,-1.1940698e-05,-1.1940665e-05,-3.7342306e-07,-1.1920929e-06,3.9595170563805596e-19
6.0,1.449657330072704e-06,-0.00020144894,-0.00020144894,-3.3774162e-05,-3.3774162e-05,-1.4022618e-05,-1.40226e-05,-4.3150655e-07,-1.4305115e-06,4.665397653863231e-19
6.0,1.5638719764438122e-06,-0.0002022631,-0.0002022631,-2.9539387e-05,-2.9539387e-05,-1.6132864e-05,-1.6132828e-05,-4.851563e-07,-1.4305115e-06,5.469214049026414e-19
6.0,1.6812974756047592e-06,-0.0002028607,-0.0002028607,-2.525175e-05,-2.525175e-05,-1.8209064e-05,-1.8209048e-05,-5.361015e-07,-1.9073486e-06,6.972394288375201e-19
6.0,1.8578832368588427e-06,-0.00020362294,-0.00020362294,-1.9432204e-05,-1.9432204e-05,-2.096379e-05,-2.096376e-05,-6.0560257e-07,-1.9073486e-06,9.159860622144084e-19
6.0,2.0600482982294547e-06,-0.00020359959,-0.00020359959,-1.42669405e-05,-1.42669405e-05,-2.330404e-05,-2.3304034e-05,-6.7682134e-07,-2.1457672e-06,1.2706598333435557e-18
6.0,2.3463133296603603e-06,-0.00020250354,-0.00020250354,-9.536472e-06,-9.536472e-06,-2.5279596e-05,-2.5279582e-05,-7.670581e-07,-2.6226044e-06,1.886612878417508e-18
6.0,2.672422061574219e-06,-0.000199815,-0.000199815,-6.9351076e-06,-6.9351076e-06,-2.6089338e-05,-2.6089347e-05,-8.6036584e-07,-2.861023e-06,2.7635804148948806e-18
6.0,3.0588529371402063e-06,-0.00019606279,-0.00019606279,-5.638835e-06,-5.638835e-06,-2.6113352e-05,-2.6113341e-05,-9.629792e-07,-3.33786e-06,3.881875628102637e-18
6.0,3.368249278304491e-06,-0.00019275356,-0.00019275356,-5.305225e-06,-5.305225e-06,-2.572316e-05,-2.5723171e-05,-1.0407707e-06,-3.5762787e-06,4.95713170846884e-18
6.0,3.636623616383155e-06,-0.00019009114,-0.00019009114,-5.1201396e-06,-5.1201396e-06,-2.528192e-05,-2.528191e-05,-1.1054314e-06,-3.8146973e-06,6.071500343084689e-18
6.0,3.89677608529256e-06,-0.00018745007,-0.00018745007,-5.0910107e-06,-5.0910107e-06,-2.470904e-05,-2.4709048e-05,-1.1656799e-06,-3.8146973e-06,7.286068964635789e-18
6.0,4.182900294207503e-06,-0.00018487262,-0.00018487262,-5.0291796e-06,-5.0291796e-06,-2.4003073e-05,-2.400306e-05,-1.2288248e-06,-4.053116e-06,8.820037710335176e-18
6.0,4.512757367854327e-06,-0.00018197142,-0.00018197142,-5.0835138e-06,-5.0835138e-06,-2.297148e-05,-2.2971486e-05,-1.2972274e-06,-4.2915344e-06,1.0781515735595117e-17
6.0,4.887568556635111e-06,-0.0001792044,-0.0001792044,-5.102321e-06,-5.102321e-06,-2.1598868e-05,-2.159885e-05,-1.368227e-06,-4.529953e-06,1.32908585317667e-17
6.0,5.322483476555898e-06,-0.00017631936,-0.00017631936,-5.232918e-06,-5.232918e-06,-1.9648098e-05,-1.9648098e-05,-1.4403487e-06,-4.7683716e-06,1.653828073903267e-17
6.0,5.833219865202989e-06,-0.00017368938,-0.00017368938,-5.279526e-06,-5.279526e-06,-1.7123431e-05,-1.7123408e-05,-1.5090363e-06,-5.00679e-06,2.054098883340972e-17
6.0,6.382041671487622e-06,-0.00017110443,-0.00017110443,-5.3040226e-06,-5.3040226e-06,-1.439098e-05,-1.4390979e-05,-1.5629901e-06,-5.2452087e-06,2.4887820201357884e-17
6.0,6.8936541911574195e-06,-0.00016887233,-0.00016887233,-5.1236975e-06,-5.1236975e-06,-1.2245886e-05,-1.2245866e-05,-1.595971e-06,-5.2452087e-06,2.917138120557425e-17
6.0,7.405445910310979e-06,-0.00016628667,-0.00016628667,-4.941987e-06,-4.941987e-06,-1.0550122e-05,-1.0550128e-05,-1.61528e-06,-5.2452087e-06,3.350908661645174e-17
6.0,7.917605888820402e-06,-0.00016358822,-0.00016358822,-4.659532e-06,-4.659532e-06,-9.367559e-06,-9.367544e-06,-1.624196e-06,-5.4836273e-06,3.823164185110245e-17
6.0,8.465921465984306e-06,-0.00016030793,-0.00016030793,-4.4606836e-06,-4.4606836e-06,-8.45493e-06,-8.454942e-06,-1.6258389e-06,-5.2452087e-06,4.305938864906025e-17
6.0,9.049834708789404e-06,-0.00015682084,-0.00015682084,-4.2083234e-06,-4.2083234e-06,-7.8395915e-06,-7.839581e-06,-1.621647e-06,-5.2452087e-06,4.837141670719538e-17
6.0,9.714946767451701e-06,-0.00015267177,-0.00015267177,-4.053801e-06,-4.053801e-06,-7.329191e-06,-7.329205e-06,-1.6125074e-06,-5.4836273e-06,5.4759888564034895e-17
6.0,1.0494799751555931e-05,-0.00014819001,-0.00014819001,-3.831593e-06,-3.831593e-06,-6.96094e-06,-6.960931e-06,-1.5984888e-06,-5.2452087e-06,6.093509740564706e-17
6.0,1.1187968840017095e-05,-0.00014454516,-0.00014454516,-3.7347886e-06,-3.7347886e-06,-6.6795296e-06,-6.6795446e-06,-1.5846383e-06,-5.2452087e-06,6.625948991160721e-17
6.0,1.1775970894887971e-05,-0.00014222659,-0.00014222659,-3.5893283e-06,-3.5893283e-06,-6.5152763e-06,-6.5152676e-06,-1.572473e-06,-5.00679e-06,7.096917351305973e-17
6.0,1.238437635439604e-05,-0.0001406214,-0.0001406214,-3.5254843e-06,-3.5254843e-06,-6.315565e-06,-6.31558e-06,-1.5600202e-06,-5.2452087e-06,7.685091369862259e-17
6.0,1.321358667258187e-05,-0.00014065686,-0.00014065686,-3.34979e-06,-3.34979e-06,-6.108579e-06,-6.1085702e-06,-1.5437798e-06,-5.2452087e-06,8.412710160129019e-17
6.0,1.4181532354354836e-05,-0.00014366009,-0.00014366009,-3.2411444e-06,-3.2411444e-06,-5.82987e-06,-5.829885e-06,-1.5270406e-06,-5.00679e-06,9.224421018056466e-17
6.0,1.5336935696960628e-05,-0.00015037727,-0.00015037727,-3.045549e-06,-3.045549e-06,-5.5699616e-06,-5.569953e-06,-1.5114792e-06,-5.00679e-06,1.0000386302187526e-16
6.0,1.6232272923928306e-05,-0.00015624067,-0.00015624067,-2.9837536e-06,-2.9837536e-06,-5.352149e-06,-5.3521644e-06,-1.5034676e-06,-5.00679e-06,1.0620778660344942e-16
6.0,1.6985261093817906e-05,-0.00016119736,-0.00016119736,-2.8674685e-06,-2.8674685e-06,-5.224814e-06,-5.2248047e-06,-1.4995867e-06,-4.7683716e-06,1.1136111008382095e-16
6.0,1.7673643767247896e-05,-0.00016529081,-0.00016529081,-2.8432166e-06,-2.8432166e-06,-5.0750205e-06,-5.075036e-06,-1.498409e-06,-5.00679e-06,1.1632969208637256e-16
6.0,1.830982434177282e-05,-0.00016886811,-0.00016886811,-2.7471217e-06,-2.7471217e-06,-4.9863897e-06,-4.98638e-06,-1.4991803e-06,-5.00679e-06,1.211922744414494e-16
6.0,1.8969281921853376e-05,-0.00017205851,-0.00017205851,-2.731845e-06,-2.731845e-06,-4.8544657e-06,-4.854481e-06,-1.5018787e-06,-5.00679e-06,1.2591633448409626e-16
6.0,1.956629150607413e-05,-0.00017475153,-0.00017475153,-2.6436296e-06,-2.6436296e-06,-4.7821277e-06,-4.7821177e-06,-1.5058002e-06,-5.00679e-06,1.3034914022280274e-16
6.0,2.0145213145639872e-05,-0.00017694815,-0.00017694815,-2.639043e-06,-2.639043e-06,-4.6718496e-06,-4.6718646e-06,-1.5109453e-06,-5.00679e-06,1.346360721964596e-16
6.0,2.0699653020300363e-05,-0.00017897418,-0.00017897418,-2.5582578e-06,-2.5582578e-06,-4.6144764e-06,-4.614466e-06,-1.516911e-06,-5.00679e-06,1.3881672997437437e-16
6.0,2.1246131494352614e-05,-0.0001806887,-0.0001806887,-2.5614295e-06,-2.5614295e-06,-4.5191055e-06,-4.5191205e-06,-1.5237657e-06,-5.00679e-06,1.4302987072176262e-16
6.0,2.1804134359114912e-05,-0.00018250763,-0.00018250763,-2.486766e-06,-2.486766e-06,-4.4738294e-06,-4.4738185e-06,-1.5315017e-06,-5.00679e-06,1.4752073577261362e-16
6.0,2.2417471988615308e-05,-0.00018431606,-0.00018431606,-2.490559e-06,-2.490559e-06,-4.3829064e-06,-4.382921e-06,-1.540776e-06,-5.00679e-06,1.5284900347961548e-16
6.0,2.318552698563143e-05,-0.00018657774,-0.00018657774,-2.3988136e-06,-2.3988136e-06,-4.3175723e-06,-4.317561e-06,-1.5531311e-06,-5.00679e-06,1.609744151937529e-16
6.0,2.4507287087638416e-05,-0.00018955774,-0.00018955774,-2.3347131e-06,-2.3347131e-06,-4.126264e-06,-4.1262783e-06,-1.576158e-06,-5.00679e-06,1.715015358742446e-16
6.0,2.5853494078308785e-05,-0.0001916762,-0.0001916762,-2.1839528e-06,-2.1839528e-06,-3.962367e-06,-3.962355e-06,-1.6016901e-06,-5.2452087e-06,1.828304271688234e-16
6.0,2.7204257195055793e-05,-0.00019295388,-0.00019295388,-2.130001e-06,-2.130001e-06,-3.766262e-06,-3.7662762e-06,-1.6294382e-06,-5.4836273e-06,1.9595280694513824e-16
6.0,2.879071606225313e-05,-0.00019371857,-0.00019371857,-1.9824188e-06,-1.9824188e-06,-3.592329e-06,-3.5923172e-06,-1.6645471e-06,-5.4836273e-06,2.0363744411675993e-16
6.0,2.8888052709296622e-05,-0.000193718,-0.000193718,-1.997448e-06,-1.997448e-06,-3.571168e-06,-3.5711691e-06,-1.6668088e-06,-5.4836273e-06,2.049719526527678e-16
6.0,2.908272600338361e-05,-0.0001937544,-0.0001937544,-1.9855156e-06,-1.9855156e-06,-3.5498808e-06,-3.5498817e-06,-1.6713279e-06,-5.722046e-06,2.0648057516661511e-16
6.0,2.9203551406777485e-05,-0.00019858043,-0.00019858043,5.929739e-06,5.929739e-06,-7.1113027e-06,-7.111188e-06,-1.664342e-06,-5.4836273e-06,2.0764510265173473e-16
6.0,2.933791929455821e-05,-0.00020565777,-0.00020565777,1.6791644e-05,1.6791644e-05,-1.1753995e-05,-1.1753957e-05,-1.6447767e-06,-5.4836273e-06,2.08745135050961e-16
6.0,2.9447478808661286e-05,-0.00020035563,-0.00020035563,6.76262e-06,6.76262e-06,-6.7561277e-06,-6.7563037e-06,-1.6424436e-06,-5.4836273e-06,2.0974742187033103e-16
6.0,2.9560487743744405e-05,-0.00020638356,-0.00020638356,1.617947e-05,1.617947e-05,-1.0786844e-05,-1.0786512e-05,-1.62499e-06,-5.4836273e-06,2.1125792852310761e-16
6.0,2.9786505613910643e-05,-0.00020240594,-0.00020240594,7.379518e-06,7.379518e-06,-6.0341467e-06,-6.0345283e-06,-1.6094143e-06,-5.2452087e-06,2.139505031684381e-16
6.0,3.0198409032341236e-05,-0.00020942626,-0.00020942626,1.620771e-05,1.620771e-05,-8.981661e-06,-8.981229e-06,-1.5590322e-06,-5.00679e-06,2.1748524157277548e-16
6.0,3.069218145447543e-05,-0.00020672704,-0.00020672704,7.864793e-06,7.864793e-06,-3.884485e-06,-3.884933e-06,-1.5072837e-06,-5.00679e-06,2.2210422929497384e-16
6.0,3.142252453718458e-05,-0.00021442151,-0.00021442151,1.6537178e-05,1.6537178e-05,-6.4140354e-06,-6.413558e-06,-1.4071915e-06,-4.7683716e-06,2.276698789664671e-16
6.0,3.235109048942736e-05,-0.00021255226,-0.00021255226,8.491773e-06,8.491773e-06,-1.2628157e-06,-1.2633016e-06,-1.2853518e-06,-4.2915344e-06,2.353530166596088e-16
6.0,3.420822239391292e-05,-0.00022170799,-0.00022170799,1.7375063e-05,1.7375063e-05,-3.4752366e-06,-3.4747402e-06,-1.0131337e-06,-3.33786e-06,2.418699353989153e-16
6.0,3.620531854090933e-05,-0.0002202589,-0.0002202589,9.6450785e-06,9.6450785e-06,1.5296622e-06,1.5291597e-06,-7.3365425e-07,-2.6226044e-06,2.4520927967431855e-16
6.0,3.767932123973764e-05,-0.00022694249,-0.00022694249,1.82738e-05,1.82738e-05,-1.552927e-06,-1.5524146e-06,-5.21951e-07,-1.9073486e-06,2.459726448002108e-16
6.0,3.77388846396362e-05,-0.00022470075,-0.00022470075,1.4265821e-05,1.4265821e-05,3.4339394e-07,3.4333783e-07,-5.1673146e-07,-1.66893e-06,2.460496950016155e-16
6.0,3.785801143943331e-05,-0.00023717787,-0.00023717787,1.3943401e-05,1.3943401e-05,1.2118411e-05,1.2119186e-05,-4.7409566e-07,-1.66893e-06,2.46191080490878e-16
6.0,3.809626503902753e-05,-0.00023944309,-0.00023944309,1.4479846e-05,1.4479846e-05,1.3310058e-05,1.330933e-05,-3.9730978e-07,-1.4305115e-06,2.4632399338724157e-16
6.0,3.832572130511068e-05,-0.00023871587,-0.00023871587,1.4062983e-05,1.4062983e-05,1.2876634e-05,1.28773345e-05,-3.2658792e-07,-9.536743e-07,2.4640234876078786e-16
6.0,3.859941630950443e-05,-0.00024087376,-0.00024087376,1.4560833e-05,1.4560833e-05,1.4029018e-05,1.40283555e-05,-2.3789768e-07,-7.1525574e-07,2.464636280659825e-16
6.0,3.904598622330984e-05,-0.00024088769,-0.00024088769,1.42235995e-05,1.42235995e-05,1.3964325e-05,1.3964979e-05,-9.6527366e-08,-2.3841858e-07,2.464761569622562e-16
6.0,3.9688226708488025e-05,-0.00024397943,-0.00024397943,1.4766504e-05,1.4766504e-05,1.5613301e-05,1.5612668e-05,1.1315592e-07,2.3841858e-07,2.464924836722084e-16
6.0,4.025633712222312e-05,-0.0002443137,-0.0002443137,1.4462715e-05,1.4462715e-05,1.5732632e-05,1.5733262e-05,2.979147e-07,9.536743e-07,2.465993701297887e-16
6.0,4.044064725343265e-05,-0.00022380346,-0.00022380346,-5.836091e-06,-5.836091e-06,1.6717337e-05,1.6716172e-05,3.033799e-07,1.1920929e-06,2.4665892405746815e-16
6.0,4.0585676381799946e-05,-0.00023978694,-0.00023978694,1.0841743e-05,1.0841743e-05,1.5457263e-05,1.5458956e-05,3.4739352e-07,1.1920929e-06,2.4671607075330523e-16
6.0,4.071663467938579e-05,-0.00022409475,-0.00022409475,-5.854218e-06,-5.854218e-06,1.7196207e-05,1.7193954e-05,3.4620567e-07,1.1920929e-06,2.4676966662017365e-16
6.0,4.0845403340699916e-05,-0.00023908007,-0.00023908007,1.08068825e-05,1.08068825e-05,1.5130238e-05,1.5133039e-05,3.8637555e-07,1.1920929e-06,2.46858632026312e-16
6.0,4.110294066332818e-05,-0.00022412806,-0.00022412806,-5.8737787e-06,-5.8737787e-06,1.7583667e-05,1.7580602e-05,4.0537213e-07,1.4305115e-06,2.4708264680605073e-16
6.0,4.1618015308584716e-05,-0.00023829247,-0.00023829247,1.0749085e-05,1.0749085e-05,1.5200554e-05,1.520375e-05,5.030435e-07,1.66893e-06,2.47555956152744e-16
6.0,4.2230479211797814e-05,-0.00022329863,-0.00022329863,-5.9497297e-06,-5.9497297e-06,1.7958702e-05,1.7955399e-05,5.749677e-07,1.9073486e-06,2.4829627276241714e-16
6.0,4.2968140211182365e-05,-0.00023708808,-0.00023708808,1.06574325e-05,1.06574325e-05,1.5470738e-05,1.5474132e-05,7.0402643e-07,2.3841858e-06,2.49700896970729e-16
6.0,4.390411549994991e-05,-0.00022194794,-0.00022194794,-6.059386e-06,-6.059386e-06,1.8414756e-05,1.8411292e-05,8.215944e-07,2.6226044e-06,2.5266553088161314e-16
6.0,4.5719901756548915e-05,-0.00023472113,-0.00023472113,1.0481004e-05,1.0481004e-05,1.605025e-05,1.6053751e-05,1.102306e-06,3.5762787e-06,2.595543470734701e-16
6.0,4.7399066297514636e-05,-0.00021905429,-0.00021905429,-6.2766003e-06,-6.2766003e-06,1.9160481e-05,1.9156942e-05,1.3187434e-06,4.2915344e-06,2.671381863467882e-16
6.0,4.839997210439289e-05,-0.00023248055,-0.00023248055,1.0318844e-05,1.0318844e-05,1.651831e-05,1.6521913e-05,1.4763359e-06,5.00679e-06,2.733018362792909e-16
6.0,4.9066787182688656e-05,-0.00021635937,-0.00021635937,-6.3740486e-06,-6.3740486e-06,1.8190005e-05,1.8186289e-05,1.5396354e-06,5.00679e-06,2.7634337521586913e-16
6.0,4.91890976310104e-05,-0.00020753374,-0.00020753374,1.0275148e-05,1.0275148e-05,-6.468767e-06,-6.4658984e-06,1.5212743e-06,5.00679e-06,2.771031345606982e-16
6.0,4.926628546349338e-05,-0.00021567263,-0.00021567263,-6.383528e-06,-6.383528e-06,1.8076084e-05,1.807454e-05,1.5302666e-06,5.00679e-06,2.7768959742746922e-16
6.0,4.9342186646172614e-05,-0.00020741763,-0.00020741763,1.0267616e-05,1.0267616e-05,-6.4476194e-06,-6.4474148e-06,1.5143918e-06,5.00679e-06,2.785528491445349e-16
6.0,4.949398901153108e-05,-0.00021512585,-0.00021512585,-6.3919992e-06,-6.3919992e-06,1.801634e-05,1.80168e-05,1.519697e-06,5.00679e-06,2.8028540085986086e-16
6.0,4.979759374224802e-05,-0.00020656186,-0.00020656186,1.0245344e-05,1.0245344e-05,-6.4967758e-06,-6.4975693e-06,1.4934329e-06,5.00679e-06,2.83690618722635e-16
6.0,5.04048032036819e-05,-0.00021335726,-0.00021335726,-6.433859e-06,-6.433859e-06,1.7893688e-05,1.7894645e-05,1.4776462e-06,5.00679e-06,2.885671279722932e-16
6.0,5.1115878425417916e-05,-0.00020406808,-0.00020406808,1.0182563e-05,1.0182563e-05,-6.666064e-06,-6.6671655e-06,1.4325456e-06,4.7683716e-06,2.9328690478862013e-16
6.0,5.178669145487303e-05,-0.0002107776,-0.0002107776,-6.498532e-06,-6.498532e-06,1.7715567e-05,1.7716817e-05,1.4138279e-06,4.7683716e-06,2.978808102725491e-16
6.0,5.2478720136333745e-05,-0.00020158336,-0.00020158336,1.0118217e-05,1.0118217e-05,-6.8372005e-06,-6.838598e-06,1.3697135e-06,4.529953e-06,3.0233317892606655e-16
6.0,5.322184274867785e-05,-0.00020820135,-0.00020820135,-6.564567e-06,-6.564567e-06,1.7535785e-05,1.7537315e-05,1.3478124e-06,4.2915344e-06,3.0732633581866597e-16
6.0,5.420520661440731e-05,-0.00019856928,-0.00019856928,1.0038503e-05,1.0038503e-05,-7.0480273e-06,-7.049662e-06,1.290596e-06,4.2915344e-06,3.134083447628097e-16
6.0,5.541805424908089e-05,-0.00020446752,-0.00020446752,-6.663784e-06,-6.663784e-06,1.7270922e-05,1.727264e-05,1.2476651e-06,4.053116e-06,3.2083828292913216e-16
6.0,5.714372334037046e-05,-0.00019375737,-0.00019375737,9.907183e-06,9.907183e-06,-7.392387e-06,-7.394163e-06,1.1576743e-06,3.8146973e-06,3.301429260523273e-16
6.0,5.963194467870877e-05,-0.00019779874,-0.00019779874,-6.8468344e-06,-6.8468344e-06,1.6792714e-05,1.6794529e-05,1.0594766e-06,3.5762787e-06,3.402208477387616e-16
6.0,6.246331402539861e-05,-0.00018542216,-0.00018542216,9.683847e-06,9.683847e-06,-7.970149e-06,-7.972001e-06,9.24525e-07,3.0994415e-06,3.4882124415458086e-16
6.0,6.563464072443658e-05,-0.00018788296,-0.00018788296,-7.084978e-06,-7.084978e-06,1.6175847e-05,1.617773e-05,8.0390276e-07,2.6226044e-06,3.5528156145789413e-16
6.0,6.85917200896961e-05,-0.0001743066,-0.0001743066,9.456513e-06,9.456513e-06,-8.562414e-06,-8.5643305e-06,6.7322094e-07,2.1457672e-06,3.6018525050670213e-16
6.0,7.242374868990945e-05,-0.00017482271,-0.00017482271,-7.3155074e-06,-7.3155074e-06,1.556601e-05,1.5567952e-05,5.406832e-07,1.66893e-06,3.6259335943735677e-16
6.0,7.392906341756185e-05,-0.00016392251,-0.00016392251,9.284722e-06,9.284722e-06,-9.019631e-06,-9.021641e-06,4.744286e-07,1.66893e-06,3.63565703114657e-16
6.0,7.487981904536713e-05,-0.00091010996,-0.00091010996,-5.6492768e-06,-5.6492768e-06,1.710505e-05,1.7108834e-05,2.9326336e-06,9.775162e-06,3.873803423137802e-16
6.0,7.559053240249197e-05,-0.0005402871,-0.0005402871,1.2768785e-05,1.2768785e-05,-5.6071012e-06,-5.6121667e-06,4.934728e-06,1.6450882e-05,4.3396523639104414e-16
6.0,7.602750398262076e-05,-0.00087633624,-0.00087633624,-2.9269554e-06,-2.9269554e-06,1.9778894e-05,1.9785797e-05,6.4389747e-06,2.1219254e-05,4.868569953515354e-16
6.0,7.636476453343659e-05,-0.0008720869,-0.0008720869,1.4523841e-05,1.4523841e-05,-3.871421e-06,-3.878603e-06,7.754339e-06,2.5749207e-05,5.269909543128956e-16
6.0,7.642951075525402e-05,-0.001383133,-0.001383133,-2.1624487e-06,-2.1624487e-06,2.0501333e-05,2.0527576e-05,8.431876e-06,2.7894974e-05,5.394838416874708e-16
6.0,7.647099342316132e-05,-0.0020783073,-0.0020783073,1.4464104e-05,1.4464104e-05,-3.9184224e-06,-3.909817e-06,9.222409e-06,3.0517578e-05,5.476111370583826e-16
6.0,7.648726469197875e-05,-0.0023691116,-0.0023691116,-2.1380845e-06,-2.1380845e-06,2.0413887e-05,2.0450254e-05,9.605032e-06,3.170967e-05,5.51421087428352e-16
6.0,7.649601177959471e-05,-0.0025223878,-0.0025223878,1.4348364e-05,1.4348364e-05,-3.7311893e-06,-3.7381353e-06,9.808098e-06,3.2186508e-05,5.537146442600838e-16
6.0,7.650179520173152e-05,-0.0026413037,-0.0026413037,-1.9254767e-06,-1.9254767e-06,2.000127e-05,2.006705e-05,9.969936e-06,3.2901764e-05,5.55573469055521e-16
6.0,7.650734509260651e-05,-0.002743427,-0.002743427,1.4048324e-05,1.4048324e-05,-3.1919571e-06,-3.2302034e-06,1.010816e-05,3.33786e-05,5.574842951289138e-16
6.0,7.651312209840901e-05,-0.0028667122,-0.0028667122,-1.6337965e-06,-1.6337965e-06,1.9448367e-05,1.9545958e-05,1.0279995e-05,3.385544e-05,5.59939350204184e-16
6.0,7.652145323666301e-05,-0.0030331116,-0.0030331116,1.3807604e-05,1.3807604e-05,-2.7620042e-06,-2.8235233e-06,1.0511966e-05,3.4809113e-05,5.638970699078985e-16
6.0,7.65347541703528e-05,-0.0033272076,-0.0033272076,-1.4926019e-06,-1.4926019e-06,1.9158992e-05,1.92744e-05,1.0935196e-05,3.6001205e-05,5.705713083789536e-16
6.0,7.655536013880398e-05,-0.0037948897,-0.0037948897,1.3703212e-05,1.3703212e-05,-2.6078806e-06,-2.6762434e-06,1.1629031e-05,3.838539e-05,5.83969503222657e-16
6.0,7.659478395543622e-05,-0.0048021968,-0.0048021968,-1.4621231e-06,-1.4621231e-06,1.9028983e-05,1.9155501e-05,1.3219699e-05,4.36306e-05,6.180780076500651e-16
6.0,7.66736315887007e-05,-0.0071672117,-0.0071672117,1.363037e-05,1.363037e-05,-2.6161247e-06,-2.677131e-06,1.7398821e-05,5.7458878e-05,7.363159576109237e-16
6.0,7.683132685522965e-05,-0.013371318,-0.013371318,-1.5404524e-06,-1.5404524e-06,1.8884868e-05,1.903324e-05,3.0759624e-05,0.000101566315,1.2990430954394911e-15
6.0,7.703387591031104e-05,-0.024112938,-0.024112938,1.3482819e-05,1.3482819e-05,-2.7816775e-06,-2.8132195e-06,5.9971735e-05,0.00019788742,4.097665665946443e-15
6.0,7.730296566455987e-05,-0.043085057,-0.043085057,-1.7153011e-06,-1.7153011e-06,1.8639303e-05,1.8826708e-05,0.00012582944,0.00041508675,2.0027544800169663e-14
6.0,7.76438640044729e-05,-0.07444074,-0.07444074,1.32482355e-05,1.32482355e-05,-3.070799e-06,-3.0555632e-06,0.00026555354,0.0008764267,9.907286465956196e-14
6.0,7.798222948257688e-05,-0.113217995,-0.113217995,-1.9610918e-06,-1.9610918e-06,1.8307255e-05,1.8544657e-05,0.00048060052,0.0015859604,3.5357645852440985e-13
6.0,7.831166541729158e-05,-0.15779439,-0.15779439,1.3004929e-05,1.3004929e-05,-3.3736408e-06,-3.3134868e-06,0.0007770269,0.0025641918,1.0415958913411977e-12
6.0,7.86728574311991e-05,-0.21386099,-0.21386099,-2.1970982e-06,-2.1970982e-06,1.7987324e-05,1.8268529e-05,0.0012161225,0.0040130615,2.758112708404701e-12
6.0,7.90151019344977e-05,-0.27336413,-0.27336413,1.2763737e-05,1.2763737e-05,-3.675012e-06,-3.5747212e-06,0.0017553531,0.005792618,6.2807122949645145e-12
6.0,7.936573085099893e-05,-0.34022847,-0.34022847,-2.4193541e-06,-2.4193541e-06,1.7685075e-05,1.8003097e-05,0.0024449602,0.008068323,1.301521206418021e-11
6.0,7.969788109594446e-05,-0.40857363,-0.40857363,1.2543464e-05,1.2543464e-05,-3.9489432e-06,-3.8165513e-06,0.0032365473,0.010680437,2.5600656790723953e-11
6.0,8.009389212227028e-05,-0.49581566,-0.49581566,-2.6385571e-06,-2.6385571e-06,1.7387392e-05,1.7736953e-05,0.00436933,0.01441884,5.238035678786752e-11
6.0,8.054802117785274e-05,-0.6026661,-0.6026661,1.2288937e-05,1.2288937e-05,-4.269793e-06,-4.105789e-06,0.0059376378,0.019594193,1.1172851311257533e-10
6.0,8.111411758638718e-05,-0.7445873,-0.7445873,-2.9245614e-06,-2.9245614e-06,1.7006863e-05,1.7389144e-05,0.008321163,0.02745986,2.5289117573725657e-10
6.0,8.178359155975234e-05,-0.92257893,-0.92257893,1.1953833e-05,1.1953833e-05,-4.697478e-06,-4.502202e-06,0.011788981,0.038903475,6.069455044199486e-10
6.0,8.265807470633089e-05,-1.1674565,-1.1674565,-3.3143547e-06,-3.3143547e-06,1.649676e-05,1.6907776e-05,0.017434424,0.057533503,1.6158832284288297e-09
6.0,8.379530409284682e-05,-1.4990872,-1.4990872,1.1477809e-05,1.1477809e-05,-5.3060667e-06,-5.089059e-06,0.026744446,0.0882566,4.9297054214313246e-09
6.0,8.546595393601721e-05,-1.9958987,-1.9958987,-3.917112e-06,-3.917112e-06,1.5723184e-05,1.6141596e-05,0.04455139,0.14701962,1.8681773711681998e-08
6.0,8.799445455810333e-05,-2.7291381,-2.7291381,1.0677215e-05,1.0677215e-05,-6.3147268e-06,-6.122219e-06,0.08070589,0.26632953,7.38786787235916e-08
6.0,9.06018968872613e-05,-3.4200475,-3.4200475,-4.7705826e-06,-4.7705826e-06,1.4661111e-05,1.5014961e-05,0.12886596,0.42525768,1.8384917913521227e-07
6.0,9.200788588763712e-05,-3.7555702,-3.7555702,1.0081335e-05,1.0081335e-05,-7.0425554e-06,-6.9149187e-06,0.15901756,0.52475786,2.7337227792891845e-07
6.0,9.274755771648179e-05,-3.920907,-3.920907,-5.0621256e-06,-5.0621256e-06,1.4302401e-05,1.4619857e-05,0.17594272,0.580611,3.3199438770187895e-07
6.0,9.315560307271096e-05,-4.008307,-4.008307,9.933871e-06,9.933871e-06,-7.211723e-06,-7.1064965e-06,0.18557328,0.6123917,3.710336470485343e-07
6.0,9.343460528087359e-05,-4.065771,-4.065771,-5.1299203e-06,-5.1299203e-06,1.4211996e-05,1.4510816e-05,0.19227237,0.63449883,4.022114692429575e-07
6.0,9.366672920252672e-05,-4.111154,-4.111154,9.896177e-06,9.896177e-06,-7.231825e-06,-7.150773e-06,0.19791237,0.65311074,4.326448757382412e-07
6.0,9.390549673060286e-05,-4.153862,-4.153862,-5.1193247e-06,-5.1193247e-06,1.4224514e-05,1.448665e-05,0.20377097,0.6724441,4.651138187004721e-07
6.0,9.414064333709772e-05,-4.189524,-4.189524,9.945289e-06,9.945289e-06,-7.1231448e-06,-7.10305e-06,0.20958848,0.6916418,5.017363589330789e-07
6.0,9.441077408029686e-05,-4.219667,-4.219667,-5.000797e-06,-5.000797e-06,1.4400579e-05,1.457456e-05,0.21631368,0.71383524,5.500299411562698e-07
6.0,9.47661579248817e-05,-4.240381,-4.240381,1.0101402e-05,1.0101402e-05,-6.8517206e-06,-6.949659e-06,0.22519621,0.7431476,6.181903001069661e-07
6.0,9.522533896378763e-05,-4.242599,-4.242599,-4.857428e-06,-4.857428e-06,1.4638483e-05,1.4695096e-05,0.23667595,0.78103065,6.961013366371e-07
6.0,9.560911755239772e-05,-4.231441,-4.231441,1.0146433e-05,1.0146433e-05,-6.732946e-06,-6.9054254e-06,0.24624008,0.81259227,7.81069738199814e-07
6.0,9.607462900391491e-05,-4.2091866,-4.2091866,-4.8737356e-06,-4.8737356e-06,1.4646743e-05,1.4662978e-05,0.2577738,0.8506534,8.786540541444154e-07
6.0,9.64991762124479e-05,-4.184486,-4.184486,1.0081496e-05,1.0081496e-05,-6.773285e-06,-6.968111e-06,0.26821536,0.88511086,9.976484575361061e-07
6.0,9.707710787008925e-05,-4.147587,-4.147587,-4.965981e-06,-4.965981e-06,1.4551621e-05,1.455658e-05,0.2822981,0.93158364,1.1591821802710878e-06
6.0,9.772764298851364e-05,-4.1047688,-4.1047688,9.9419785e-06,9.9419785e-06,-6.9118746e-06,-7.110045e-06,0.29796275,0.9832771,1.3549480053924792e-06
6.0,9.84134847882409e-05,-4.0601444,-4.0601444,-5.1237757e-06,-5.1237757e-06,1.437454e-05,1.4382672e-05,0.31426305,1.0370681,1.59960065934326e-06
6.0,9.922898396803996e-05,-4.009515,-4.009515,9.753959e-06,9.753959e-06,-7.116834e-06,-7.307126e-06,0.3333673,1.1001122,1.8905212625985556e-06
6.0,0.00010000000099999939,-3.9647572,-3.9647572,-5.3192853e-06,-5.3192853e-06,1.4146322e-05,1.4165026e-05,0.3511655,1.1588461,2.047402914656113e-06
6.0,0.0001000000019999994,-3.9647574,-3.9647574,-4.572546e-06,-4.572546e-06,1.3528613e-05,1.316697e-05,0.3511655,1.1588464,2.047406373704488e-06
6.0,0.00010000001799999939,-3.964756,-3.964756,2.6654784e-06,2.6654784e-06,4.943327e-06,3.9227198e-06,0.3511659,1.1588473,2.047416140447909e-06
6.0,0.0001000000499999994,-3.9647527,-3.9647527,6.7688995e-07,6.7688995e-07,5.1493457e-06,5.6826575e-06,0.3511666,1.1588497,2.047431086670265e-06
6.0,0.0001000000914549577,-3.9647508,-3.9647508,2.2451638e-06,2.2451638e-06,3.967355e-06,3.2884266e-06,0.35116756,1.1588528,2.047456391907513e-06
6.0,0.00010000017436487432,-3.9647458,-3.9647458,1.337334e-06,1.337334e-06,4.2000734e-06,4.656474e-06,0.35116947,1.1588593,2.047507002937966e-06
6.0,0.00010000034018470757,-3.964737,-3.964737,2.6209668e-06,2.6209668e-06,3.2837393e-06,2.668515e-06,0.35117325,1.1588717,2.0476082271707995e-06
6.0,0.00010000067182437405,-3.9647183,-3.9647183,1.6716161e-06,1.6716161e-06,3.7081818e-06,4.149228e-06,0.35118088,1.1588969,2.047810684457603e-06
6.0,0.000100001335103707,-3.964682,-3.964682,2.6588252e-06,2.6588252e-06,3.2045632e-06,2.6034056e-06,0.35119608,1.158947,2.048215634048922e-06
6.0,0.00010000266166237292,-3.9646087,-3.9646087,1.67745e-06,1.67745e-06,3.7088687e-06,4.143617e-06,0.35122648,1.1590474,2.049025673480307e-06
6.0,0.00010000531477970476,-3.9644628,-3.9644628,2.6548962e-06,2.6548962e-06,3.2065154e-06,2.6081411e-06,0.3512873,1.1592479,2.050646313219438e-06
6.0,0.00010001062101436843,-3.9641688,-3.9641688,1.6792194e-06,1.6792194e-06,3.7075579e-06,4.140572e-06,0.3514089,1.1596494,2.053889837626396e-06
6.0,0.00010002123348369578,-3.963581,-3.963581,2.6526286e-06,2.6526286e-06,3.2060034e-06,2.6081177e-06,0.35165212,1.1604519,2.0603858685271694e-06
6.0,0.00010004245842235047,-3.9624026,-3.9624026,1.6766852e-06,1.6766852e-06,3.703911e-06,4.1363883e-06,0.35213837,1.1620567,2.073413887141002e-06
6.0,0.00010008490829965985,-3.9600494,-3.9600494,2.645027e-06,2.645027e-06,3.197802e-06,2.6003156e-06,0.35311037,1.1652641,2.0996139622577947e-06
6.0,0.00010016980805427861,-3.9553707,-3.9553707,1.6612687e-06,1.6612687e-06,3.685743e-06,4.118991e-06,0.35505217,1.1716721,2.1525920098926906e-06
6.0,0.00010033960756351614,-3.9461389,-3.9461389,2.6136709e-06,2.6136709e-06,3.16131e-06,2.565718e-06,0.35892722,1.1844597,2.260873532485427e-06
6.0,0.0001006792065819912,-3.9281704,-3.9281704,1.5990714e-06,1.5990714e-06,3.6127578e-06,4.0496698e-06,0.36664364,1.209924,2.4868482903664532e-06
6.0,0.0001013584046189413,-3.8942096,-3.8942096,2.4905987e-06,2.4905987e-06,3.0158742e-06,2.4276135e-06,0.38194716,1.2604256,2.9773134500091786e-06
6.0,0.00010271680069284151,-3.8339038,-3.8339038,1.3593753e-06,1.3593753e-06,3.3250456e-06,3.7760512e-06,0.41207746,1.3598555,4.119111496042427e-06
6.0,0.00010543359284064194,-3.7402394,-3.7402394,2.039385e-06,2.039385e-06,2.4582941e-06,1.895161e-06,0.47072184,1.553382,6.359644227178385e-06
6.0,0.0001088450817463181,-3.6635165,-3.6635165,7.431016e-07,7.431016e-07,2.5323452e-06,3.0141505e-06,0.5419547,1.7884504,1.0964033842863379e-05
6.0,0.00011493443672264352,-3.5976925,-3.5976925,1.2543936e-06,1.2543936e-06,1.3745353e-06,8.4281476e-07,0.6647263,2.1935968,2.0269519787834775e-05
6.0,0.00012160856941620134,-3.5857103,-3.5857103,-8.005288e-08,-8.005288e-08,1.3041474e-06,1.8120668e-06,0.79519147,2.624132,3.183618665900449e-05
6.0,0.0001260205891371995,-3.5950823,-3.5950823,7.2254574e-07,7.2254574e-07,5.1057293e-07,-8.145516e-09,0.87997425,2.9039152,4.0600551003232154e-05
6.0,0.00012846813369996125,-3.1476963,-3.1476963,5.817769e-07,5.817769e-07,2.2518323e-06,2.3599061e-06,0.92301136,3.0459378,4.733742007354065e-05
6.0,0.00013081306595906744,-2.238787,-2.238787,1.6515637e-06,1.6515637e-06,1.944777e-06,9.919887e-07,0.95405555,3.1483831,5.31707331706315e-05
6.0,0.00013235217677507933,-1.7035103,-1.7035103,4.0024088e-07,4.0024088e-07,2.0575578e-06,2.2707718e-06,0.96763116,3.193183,5.815182957821756e-05
6.0,0.00013403726100907939,-1.2599554,-1.2599554,1.2387014e-06,1.2387014e-06,1.3680358e-06,6.123102e-07,0.97752404,3.2258296,6.398101214280705e-05
6.0,0.00013604934129326016,-0.91445005,-0.91445005,-7.405469e-08,-7.405469e-08,1.359509e-06,1.7815602e-06,0.9845871,3.2491372,7.051926693173937e-05
6.0,0.00013812487286242282,-0.7137265,-0.7137265,8.155936e-07,8.155936e-07,7.1395357e-07,1.2643906e-07,0.9884983,3.2620442,7.701271270760897e-05
6.0,0.00014007687764454926,-0.61393595,-0.61393595,-3.691886e-07,-3.691886e-07,8.7400997e-07,1.3957905e-06,0.9904363,3.2684398,8.257224733427759e-05
6.0,0.00014155967239733375,-0.5718332,-0.5718332,6.3794766e-07,6.3794766e-07,4.012019e-07,-1.3851917e-07,0.99128526,3.2712414,8.730916184013613e-05
6.0,0.00014299843412595475,-0.54675305,-0.54675305,-4.789556e-07,-4.789556e-07,6.669096e-07,1.2102303e-06,0.9918229,3.2730157,9.214850754453541e-05
6.0,0.00014454116959166678,-0.53033656,-0.53033656,5.5026777e-07,5.5026777e-07,2.2629658e-07,-3.014528e-07,0.99220973,3.274292,9.716459930076222e-05
6.0,0.000146086414913456,-0.52047545,-0.52047545,-5.527996e-07,-5.527996e-07,5.124511e-07,1.062122e-06,0.9924766,3.2751727,0.00010226682288558407
6.0,0.00014768048546300822,-0.5143043,-0.5143043,4.884492e-07,4.884492e-07,9.133228e-08,-4.339234e-07,0.99267566,3.2758298,0.00010750557665920115
6.0,0.00014930844265801903,-0.510404,-0.510404,-6.0630765e-07,-6.0630765e-07,3.9153625e-07,9.41483e-07,0.9928299,3.2763388,0.00011320558839317569
6.0,0.0001511851147264495,-0.5075715,-0.5075715,4.389913e-07,4.389913e-07,-2.3585415e-08,-5.4991085e-07,0.9929697,3.2768,0.00011999277211816799
6.0,0.00015348034073881043,-0.50538856,-0.50538856,-6.562939e-07,-6.562939e-07,2.7271656e-07,8.206158e-07,0.99310553,3.2772484,0.00012888757028811952
6.0,0.0001566510104330986,-0.50349486,-0.50349486,3.849229e-07,3.849229e-07,-1.5468254e-07,-6.839891e-07,0.9932534,3.2777364,0.00014138000724823658
6.0,0.00016115471672328957,-0.501806,-0.501806,-7.1592336e-07,-7.1592336e-07,1.2551145e-07,6.6954135e-07,0.9934133,3.278264,0.0001605551847315673
6.0,0.00016842694749464088,-0.5001471,-0.5001471,3.2057264e-07,3.2057264e-07,-3.163627e-07,-8.502747e-07,0.99359465,3.2788622,0.00018869043912952526
6.0,0.00017842694749464088,-0.49891254,-0.49891254,-7.7441445e-07,-7.7441445e-07,-2.3815513e-08,5.157922e-07,0.9937517,3.2793808,0.00022127934064930066
6.0,0.00018842694749464088,-0.49823335,-0.49823335,2.8361822e-07,2.8361822e-07,-4.1218988e-07,-9.49034e-07,0.9938475,3.279697,0.0002538745268828212
6.0,0.00019842694749464088,-0.49782693,-0.49782693,-7.919073e-07,-7.919073e-07,-6.982068e-08,4.683573e-07,0.99390846,3.279898,0.00028647370901172745
6.0,0.00020842694749464088,-0.49756917,-0.49756917,2.753517e-07,2.753517e-07,-4.3415557e-07,-9.716881e-07,0.9939479,3.280028,0.00031907548036640273
6.0,0.00021842694749464088,-0.49741933,-0.49741933,-7.958373e-07,-7.958373e-07,-8.032387e-08,4.5753532e-07,0.99397403,3.2801142,0.000351678963566476
6.0,0.00022842694749464088,-0.49730915,-0.49730915,2.7350472e-07,2.7350472e-07,-4.3913386e-07,-9.768233e-07,0.9939916,3.2801723,0.0003842836007124721
6.0,0.00023842694749464088,-0.4972424,-0.4972424,-7.9672395e-07,-7.9672395e-07,-8.271627e-08,4.5507363e-07,0.9940034,3.2802114,0.000416889015103036
6.0,0.00024842694749464085,-0.49719465,-0.49719465,2.730858e-07,2.730858e-07,-4.4027095e-07,-9.779947e-07,0.9940115,3.280238,0.0004494949587828456
6.0,0.0002584269474946409,-0.49716297,-0.49716297,-7.969271e-07,-7.969271e-07,-8.326837e-08,4.545066e-07,0.994017,3.2802563,0.00048210126485889537
6.0,0.00026842694749464085,-0.49714208,-0.49714208,2.7298745e-07,2.7298745e-07,-4.4053564e-07,-9.782661e-07,0.99402076,3.2802687,0.0005147078165060816
6.0,0.00027842694749464087,-0.49712664,-0.49712664,-7.969751e-07,-7.969751e-07,-8.339968e-08,4.54372e-07,0.9940233,3.2802768,0.0005473145326620874
6.0,0.00028842694749464084,-0.49711746,-0.49711746,2.7296272e-07,2.7296272e-07,-4.4059934e-07,-9.783307e-07,0.9940251,3.2802827,0.0005799213656431971
6.0,0.00029842694749464087,-0.49710968,-0.49710968,-7.9698697e-07,-7.9698697e-07,-8.343313e-08,4.543377e-07,0.9940263,3.2802868,0.0006125282796866236
6.0,0.00030842694749464084,-0.4971059,-0.4971059,2.7295548e-07,2.7295548e-07,-4.4061548e-07,-9.783466e-07,0.99402714,3.2802894,0.0006451352461821375
6.0,0.00031842694749464087,-0.49710175,-0.49710175,-7.969901e-07,-7.969901e-07,-8.344296e-08,4.5432745e-07,0.99402773,3.2802916,0.0006777422532088099
6.0,0.00032842694749464084,-0.49710044,-0.49710044,2.7295266e-07,2.7295266e-07,-4.4061989e-07,-9.783505e-07,0.9940281,3.2802927,0.0007103492840773402
6.0,0.00033842694749464087,-0.497098,-0.497098,-7.969908e-07,-7.969908e-07,-8.344669e-08,4.5432336e-07,0.9940284,3.2802937,0.0007429563340193568
6.0,0.00034842694749464084,-0.49709785,-0.49709785,2.7295107e-07,2.7295107e-07,-4.406211e-07,-9.783513e-07,0.99402857,3.2802942,0.0007755633958823024
6.0,0.00035842694749464087,-0.49709624,-0.49709624,-7.969908e-07,-7.969908e-07,-8.344866e-08,4.54321e-07,0.9940287,3.2802947,0.0008081704648978053
6.0,0.00036842694749464084,-0.49709666,-0.49709666,2.729499e-07,2.729499e-07,-4.4062142e-07,-9.783512e-07,0.99402875,3.280295,0.0008407775386816799
6.0,0.00037842694749464086,-0.4970954,-0.4970954,-7.969905e-07,-7.969905e-07,-8.345003e-08,4.543192e-07,0.9940288,3.2802951,0.000873384617233926
6.0,0.00038842694749464084,-0.49709606,-0.49709606,2.7294885e-07,2.7294885e-07,-4.406214e-07,-9.783506e-07,0.99402887,3.2802954,0.0009059917005545437
6.0,0.00039842694749464086,-0.497095,-0.497095,-7.969901e-07,-7.969901e-07,-8.3451155e-08,4.5431764e-07,0.9940289,3.2802954,0.0009385987862593471
6.0,0.00040842694749464083,-0.4970958,-0.4970958,2.7294783e-07,2.7294783e-07,-4.4062125e-07,-9.7835e-07,0.9940289,3.2802954,0.0009712058719641506
6.0,0.00041842694749464086,-0.4970948,-0.4970948,-7.9698964e-07,-7.9698964e-07,-8.345216e-08,4.5431617e-07,0.9940289,3.2802954,0.001003812957668954
6.0,0.00042842694749464083,-0.49709567,-0.49709567,2.7294686e-07,2.7294686e-07,-4.4062108e-07,-9.783494e-07,0.9940289,3.2802956,0.0010364200457579434
6.0,0.00043842694749464086,-0.49709472,-0.49709472,-7.969891e-07,-7.969891e-07,-8.345309e-08,4.5431477e-07,0.9940289,3.2802956,0.0010690271338469326
6.0,0.00044842694749464083,-0.4970956,-0.4970956,2.7294587e-07,2.7294587e-07,-4.4062088e-07,-9.783488e-07,0.9940289,3.2802956,0.0011016342219359219
6.0,0.00045842694749464086,-0.4970947,-0.4970947,-7.969886e-07,-7.969886e-07,-8.345396e-08,4.5431344e-07,0.9940289,3.2802956,0.0011342413100249112
6.0,0.00046842694749464083,-0.49709556,-0.49709556,2.7294487e-07,2.7294487e-07,-4.406207e-07,-9.783481e-07,0.994029,3.2802956,0.0011668483981139004
6.0,0.00047842694749464085,-0.49709466,-0.49709466,-7.9698805e-07,-7.9698805e-07,-8.34548e-08,4.5431213e-07,0.994029,3.2802956,0.0011994554862028897
6.0,0.0004884269474946408,-0.49709556,-0.49709556,2.7294388e-07,2.7294388e-07,-4.4062054e-07,-9.783474e-07,0.994029,3.2802956,0.001232062574291879
6.0,0.0004984269474946409,-0.49709466,-0.49709466,-7.969875e-07,-7.969875e-07,-8.3455596e-08,4.5431082e-07,0.994029,3.2802956,0.0012646696623808682
6.0,0.0005084269474946409,-0.49709556,-0.49709556,2.7294288e-07,2.7294288e-07,-4.4062037e-07,-9.783467e-07,0.994029,3.2802956,0.0012972767504698575
6.0,0.0005184269474946408,-0.49709466,-0.49709466,-7.9698685e-07,-7.9698685e-07,-8.3456364e-08,4.5430957e-07,0.994029,3.2802956,0.0013298838385588467
6.0,0.0005284269474946408,-0.49709556,-0.49709556,2.7294186e-07,2.7294186e-07,-4.4062023e-07,-9.783462e-07,0.994029,3.2802956,0.001362490926647836
6.0,0.0005384269474946408,-0.49709466,-0.49709466,-7.969862e-07,-7.969862e-07,-8.34571e-08,4.5430832e-07,0.994029,3.2802956,0.0013950980147368253
6.0,0.0005484269474946409,-0.49709553,-0.49709553,2.7294084e-07,2.7294084e-07,-4.4062008e-07,-9.783455e-07,0.994029,3.2802956,0.0014277051028258145
6.0,0.0005584269474946408,-0.49709466,-0.49709466,-7.9698555e-07,-7.9698555e-07,-8.3457806e-08,4.543071e-07,0.994029,3.2802956,0.0014603121909148038
6.0,0.0005684269474946408,-0.49709553,-0.49709553,2.7293981e-07,2.7293981e-07,-4.4061997e-07,-9.783448e-07,0.994029,3.2802956,0.001492919279003793
6.0,0.0005784269474946408,-0.49709466,-0.49709466,-7.9698486e-07,-7.9698486e-07,-8.345848e-08,4.543059e-07,0.994029,3.2802956,0.0015255263670927823
6.0,0.0005884269474946409,-0.49709553,-0.49709553,2.7293876e-07,2.7293876e-07,-4.4061986e-07,-9.783442e-07,0.994029,3.2802956,0.0015581334551817716
6.0,0.0005984269474946408,-0.49709466,-0.49709466,-7.969842e-07,-7.969842e-07,-8.3459135e-08,4.5430474e-07,0.994029,3.2802956,0.0015907405432707608
6.0,0.0006084269474946408,-0.49709553,-0.49709553,2.7293774e-07,2.7293774e-07,-4.4061977e-07,-9.783436e-07,0.994029,3.2802956,0.00162334763135975
6.0,0.0006184269474946408,-0.49709466,-0.49709466,-7.969835e-07,-7.969835e-07,-8.345976e-08,4.543036e-07,0.994029,3.2802956,0.0016559547194487394
6.0,0.0006284269474946409,-0.49709553,-0.49709553,2.7293666e-07,2.7293666e-07,-4.406197e-07,-9.78343e-07,0.994029,3.2802956,0.0016885618075377286
6.0,0.0006384269474946408,-0.49709466,-0.49709466,-7.9698276e-07,-7.9698276e-07,-8.346036e-08,4.5430247e-07,0.994029,3.2802956,0.0017211688956267179
6.0,0.0006484269474946408,-0.49709553,-0.49709553,2.729356e-07,2.729356e-07,-4.406196e-07,-9.783424e-07,0.994029,3.2802956,0.0017537759837157072
6.0,0.0006584269474946408,-0.49709466,-0.49709466,-7.96982e-07,-7.96982e-07,-8.3460925e-08,4.5430133e-07,0.994029,3.2802956,0.0017863830718046964
6.0,0.0006684269474946409,-0.49709553,-0.49709553,2.7293453e-07,2.7293453e-07,-4.4061954e-07,-9.783417e-07,0.994029,3.2802956,0.0018189901598936857
6.0,0.0006784269474946408,-0.4970947,-0.4970947,-7.969813e-07,-7.969813e-07,-8.346148e-08,4.5430025e-07,0.994029,3.2802956,0.001851597247982675
6.0,0.0006884269474946408,-0.49709553,-0.49709553,2.7293345e-07,2.7293345e-07,-4.406195e-07,-9.783412e-07,0.994029,3.2802956,0.0018842043360716642
6.0,0.0006984269474946408,-0.4970947,-0.4970947,-7.969805e-07,-7.969805e-07,-8.3462005e-08,4.5429917e-07,0.994029,3.2802956,0.0019168114241606535
6.0,0.0007084269474946409,-0.49709553,-0.49709553,2.7293237e-07,2.7293237e-07,-4.4061943e-07,-9.783406e-07,0.994029,3.2802956,0.0019494185122496427
6.0,0.0007184269474946408,-0.4970947,-0.4970947,-7.969797e-07,-7.969797e-07,-8.34625e-08,4.5429812e-07,0.994029,3.2802956,0.0019820256003386318
6.0,0.0007284269474946408,-0.49709553,-0.49709553,2.729313e-07,2.729313e-07,-4.406194e-07,-9.783399e-07,0.994029,3.2802956,0.002014632688427621
6.0,0.0007384269474946408,-0.4970947,-0.4970947,-7.969789e-07,-7.969789e-07,-8.3462986e-08,4.5429707e-07,0.994029,3.2802956,0.0020472397765166103
6.0,0.0007484269474946409,-0.49709553,-0.49709553,2.7293018e-07,2.7293018e-07,-4.4061937e-07,-9.783394e-07,0.994029,3.2802956,0.0020798468646055996
6.0,0.0007584269474946408,-0.4970947,-0.4970947,-7.969781e-07,-7.969781e-07,-8.346345e-08,4.5429604e-07,0.994029,3.2802956,0.002112453952694589
6.0,0.0007684269474946408,-0.49709553,-0.49709553,2.7292907e-07,2.7292907e-07,-4.4061937e-07,-9.783388e-07,0.994029,3.2802956,0.002145061040783578
6.0,0.0007784269474946408,-0.4970947,-0.4970947,-7.9697725e-07,-7.9697725e-07,-8.346389e-08,4.5429502e-07,0.994029,3.2802956,0.0021776681288725674
6.0,0.0007884269474946409,-0.49709553,-0.49709553,2.7292796e-07,2.7292796e-07,-4.4061935e-07,-9.783382e-07,0.994029,3.2802956,0.0022102752169615566
6.0,0.0007984269474946408,-0.4970947,-0.4970947,-7.9697645e-07,-7.9697645e-07,-8.346431e-08,4.5429402e-07,0.994029,3.2802956,0.002242882305050546
6.0,0.0008084269474946408,-0.49709553,-0.49709553,2.7292685e-07,2.7292685e-07,-4.4061935e-07,-9.783377e-07,0.994029,3.2802956,0.002275489393139535
6.0,0.0008184269474946408,-0.4970947,-0.4970947,-7.969756e-07,-7.969756e-07,-8.346471e-08,4.5429306e-07,0.994029,3.2802956,0.0023080964812285244
6.0,0.0008284269474946409,-0.4970955,-0.4970955,2.7292575e-07,2.7292575e-07,-4.4061935e-07,-9.783371e-07,0.994029,3.2802956,0.0023407035693175137
6.0,0.0008384269474946408,-0.4970947,-0.4970947,-7.969747e-07,-7.969747e-07,-8.3465096e-08,4.542921e-07,0.994029,3.2802956,0.002373310657406503
6.0,0.0008484269474946408,-0.4970955,-0.4970955,2.729246e-07,2.729246e-07,-4.4061937e-07,-9.783365e-07,0.994029,3.2802956,0.002405917745495492
6.0,0.0008584269474946408,-0.4970947,-0.4970947,-7.9697384e-07,-7.9697384e-07,-8.346546e-08,4.5429113e-07,0.994029,3.2802956,0.0024385248335844815
6.0,0.0008684269474946408,-0.4970955,-0.4970955,2.729235e-07,2.729235e-07,-4.406194e-07,-9.78336e-07,0.994029,3.2802956,0.0024711319216734707
6.0,0.0008784269474946408,-0.4970947,-0.4970947,-7.969729e-07,-7.969729e-07,-8.346581e-08,4.542902e-07,0.994029,3.2802956,0.00250373900976246
6.0,0.0008884269474946408,-0.4970955,-0.4970955,2.7292236e-07,2.7292236e-07,-4.4061943e-07,-9.783354e-07,0.994029,3.2802956,0.0025363460978514493
6.0,0.0008984269474946408,-0.4970947,-0.4970947,-7.96972e-07,-7.96972e-07,-8.3466134e-08,4.5428928e-07,0.994029,3.2802956,0.0025689531859404385
6.0,0.0009084269474946408,-0.4970955,-0.4970955,2.7292123e-07,2.7292123e-07,-4.4061946e-07,-9.783348e-07,0.994029,3.2802956,0.0026015602740294278
6.0,0.0009184269474946408,-0.4970947,-0.4970947,-7.969711e-07,-7.969711e-07,-8.346645e-08,4.5428834e-07,0.994029,3.2802956,0.002634167362118417
6.0,0.0009284269474946408,-0.4970955,-0.4970955,2.7292006e-07,2.7292006e-07,-4.406195e-07,-9.783342e-07,0.994029,3.2802956,0.0026667744502074063
6.0,0.0009384269474946408,-0.4970947,-0.4970947,-7.969702e-07,-7.969702e-07,-8.346675e-08,4.5428746e-07,0.994029,3.2802956,0.0026993815382963956
6.0,0.0009484269474946408,-0.4970955,-0.4970955,2.7291892e-07,2.7291892e-07,-4.4061954e-07,-9.783337e-07,0.994029,3.2802956,0.002731988626385385
6.0,0.0009584269474946408,-0.4970947,-0.4970947,-7.9696923e-07,-7.9696923e-07,-8.3467036e-08,4.5428655e-07,0.994029,3.2802956,0.002764595714474374
6.0,0.0009684269474946408,-0.4970955,-0.4970955,2.729178e-07,2.729178e-07,-4.4061957e-07,-9.783331e-07,0.994029,3.2802956,0.0027972028025633634
6.0,0.0009784269474946408,-0.4970947,-0.4970947,-7.969683e-07,-7.969683e-07,-8.3467306e-08,4.542857e-07,0.994029,3.2802956,0.0028298098906523526
6.0,0.0009884269474946408,-0.4970955,-0.4970955,2.7291662e-07,2.7291662e-07,-4.4061963e-07,-9.783325e-07,0.994029,3.2802956,0.002862416978741342
6.0,0.0009984269474946409,-0.4970947,-0.4970947,-7.9696736e-07,-7.9696736e-07,-8.3467555e-08,4.5428482e-07,0.994029,3.2802956,0.002881285155866379
6.0,0.001,-0.4970955,-0.4970955,2.7291264e-07,2.7291264e-07,-4.4061943e-07,-9.7833e-07,0.994029,3.2802956,0.0028838497905772763
6.0,0.001000000001,-0.49709544,-0.49709544,6.218921e-08,6.218921e-08,-3.603607e-07,-6.2016835e-07,0.994029,3.2802956,0.002883849818293301
6.0,0.001000000017,-0.4970952,-0.4970952,-3.6561377e-07,-3.6561377e-07,-1.7110654e-07,-1.0095025e-08,0.994029,3.2802956,0.0028838498965503127
6.0,0.001000000049,-0.49709523,-0.49709523,-1.6821483e-07,-1.6821483e-07,-2.705456e-07,-4.1668144e-07,0.994029,3.2802956,0.0028838500530643358
6.0,0.001000000113,-0.49709517,-0.49709517,-3.2904336e-07,-3.2904336e-07,-2.4216018e-07,-1.1527201e-07,0.994029,3.2802956,0.002883850366092381
6.0,0.001000000241,-0.49709523,-0.49709523,-1.9784498e-07,-1.9784498e-07,-2.6957244e-07,-3.9231915e-07,0.994029,3.2802956,0.002883850992148472
6.0,0.001000000497,-0.49709517,-0.49709517,-3.2350744e-07,-3.2350744e-07,-2.5639997e-07,-1.3656454e-07,0.994029,3.2802956,0.0028838522442606552
6.0,0.0010000010090000001,-0.49709523,-0.49709523,-2.038385e-07,-2.038385e-07,-2.6940918e-07,-3.8686179e-07,0.994029,3.2802956,0.002883854748485021
6.0,0.0010000020330000001,-0.49709517,-0.49709517,-3.2050926e-07,-3.2050926e-07,-2.5665116e-07,-1.394175e-07,0.994029,3.2802956,0.0028838597569337513
6.0,0.0010000040810000002,-0.4970952,-0.4970952,-2.0431635e-07,-2.0431635e-07,-2.6781737e-07,-3.8444793e-07,0.994029,3.2802956,0.0028838697738312125
6.0,0.0010000081770000003,-0.49709514,-0.49709514,-3.1958643e-07,-3.1958643e-07,-2.564291e-07,-1.3992826e-07,0.994029,3.2802956,0.002883889807626135
6.0,0.0010000163690000005,-0.49709517,-0.49709517,-2.04548e-07,-2.04548e-07,-2.675919e-07,-3.8396408e-07,0.994029,3.2802956,0.00288392987521598
6.0,0.001000032753000001,-0.4970951,-0.4970951,-3.19457e-07,-3.19457e-07,-2.5652125e-07,-1.4015602e-07,0.994029,3.2802956,0.00288401001039567
6.0,0.0010000655210000019,-0.4970951,-0.4970951,-2.0461913e-07,-2.0461913e-07,-2.6755546e-07,-3.8385681e-07,0.994029,3.2802956,0.002884170280755049
6.0,0.0010001310570000037,-0.49709508,-0.49709508,-3.1942199e-07,-3.1942199e-07,-2.5654026e-07,-1.4021018e-07,0.994029,3.2802956,0.002884490821473808
6.0,0.0010002621290000073,-0.4970951,-0.4970951,-2.0463521e-07,-2.0463521e-07,-2.675439e-07,-3.8382834e-07,0.994029,3.2802956,0.0028851319029113255
6.0,0.0010005242730000146,-0.49709508,-0.49709508,-3.1941323e-07,-3.1941323e-07,-2.5654498e-07,-1.4022369e-07,0.994029,3.2802956,0.002886414065786361
6.0,0.001001048561000029,-0.4970951,-0.4970951,-2.0463956e-07,-2.0463956e-07,-2.6754148e-07,-3.8382154e-07,0.994029,3.2802956,0.0028889783915364317
6.0,0.001002097137000058,-0.49709508,-0.49709508,-3.1941107e-07,-3.1941107e-07,-2.565462e-07,-1.402271e-07,0.994029,3.2802956,0.0028941070430365734
6.0,0.0010041942890001159,-0.4970951,-0.4970951,-2.0464066e-07,-2.0464066e-07,-2.675409e-07,-3.8381987e-07,0.994029,3.2802956,0.0029043643460368567
6.0,0.0010083885930002316,-0.49709508,-0.49709508,-3.1941056e-07,-3.1941056e-07,-2.5654654e-07,-1.40228e-07,0.994029,3.2802956,0.002924878952037423
6.0,0.0010167772010004632,-0.4970951,-0.4970951,-2.04641e-07,-2.04641e-07,-2.6754086e-07,-3.8381953e-07,0.994029,3.2802956,0.002954858900082295
6.0,0.0010267772010004632,-0.49709508,-0.49709508,-3.1941047e-07,-3.1941047e-07,-2.565468e-07,-1.402284e-07,0.994029,3.2802956,0.002987465988171284
6.0,0.001036777201000463,-0.4970951,-0.4970951,-2.0464124e-07,-2.0464124e-07,-2.675409e-07,-3.8381944e-07,0.994029,3.2802956,0.0030200730762602727
6.0,0.001046777201000463,-0.49709508,-0.49709508,-3.1941042e-07,-3.1941042e-07,-2.5654703e-07,-1.4022878e-07,0.994029,3.2802956,0.003052680164349262
6.0,0.001056777201000463,-0.4970951,-0.4970951,-2.0464148e-07,-2.0464148e-07,-2.6754097e-07,-3.8381935e-07,0.994029,3.2802956,0.0030852872524382512
6.0,0.001066777201000463,-0.49709508,-0.49709508,-3.1941036e-07,-3.1941036e-07,-2.5654725e-07,-1.4022916e-07,0.994029,3.2802956,0.0031178943405272405
6.0,0.0010767772010004631,-0.4970951,-0.4970951,-2.0464172e-07,-2.0464172e-07,-2.6754103e-07,-3.8381927e-07,0.994029,3.2802956,0.0031505014286162297
6.0,0.0010867772010004632,-0.49709508,-0.49709508,-3.194103e-07,-3.194103e-07,-2.5654748e-07,-1.4022955e-07,0.994029,3.2802956,0.003183108516705219
6.0,0.0010967772010004632,-0.4970951,-0.4970951,-2.0464196e-07,-2.0464196e-07,-2.6754108e-07,-3.8381916e-07,0.994029,3.2802956,0.0032157156047942083
6.0,0.0011067772010004632,-0.49709508,-0.49709508,-3.1941022e-07,-3.1941022e-07,-2.5654768e-07,-1.4022991e-07,0.994029,3.2802956,0.003248322692883197
6.0,0.001116777201000463,-0.4970951,-0.4970951,-2.046422e-07,-2.046422e-07,-2.675411e-07,-3.8381904e-07,0.994029,3.2802956,0.003280929780972186
6.0,0.001126777201000463,-0.49709508,-0.49709508,-3.1941016e-07,-3.1941016e-07,-2.565479e-07,-1.4023028e-07,0.994029,3.2802956,0.003313536869061175
6.0,0.001136777201000463,-0.4970951,-0.4970951,-2.0464243e-07,-2.0464243e-07,-2.6754117e-07,-3.8381893e-07,0.994029,3.2802956,0.0033461439571501645
6.0,0.001146777201000463,-0.49709508,-0.49709508,-3.1941008e-07,-3.1941008e-07,-2.565481e-07,-1.4023064e-07,0.994029,3.2802956,0.0033787510452391537
6.0,0.0011567772010004631,-0.4970951,-0.4970951,-2.0464267e-07,-2.0464267e-07,-2.675412e-07,-3.8381881e-07,0.994029,3.2802956,0.003411358133328143
6.0,0.0011667772010004632,-0.49709508,-0.49709508,-3.1941002e-07,-3.1941002e-07,-2.5654833e-07,-1.4023101e-07,0.994029,3.2802956,0.0034439652214171322
6.0,0.0011767772010004632,-0.4970951,-0.4970951,-2.046429e-07,-2.046429e-07,-2.6754125e-07,-3.838187e-07,0.994029,3.2802956,0.0034765723095061215
6.0,0.0011867772010004632,-0.49709508,-0.49709508,-3.1940993e-07,-3.1940993e-07,-2.5654853e-07,-1.4023136e-07,0.994029,3.2802956,0.0035091793975951103
6.0,0.001196777201000463,-0.4970951,-0.4970951,-2.0464313e-07,-2.0464313e-07,-2.6754128e-07,-3.838186e-07,0.994029,3.2802956,0.003541786485684099
6.0,0.001206777201000463,-0.49709508,-0.49709508,-3.1940988e-07,-3.1940988e-07,-2.5654873e-07,-1.4023172e-07,0.994029,3.2802956,0.0035743935737730884
6.0,0.001216777201000463,-0.4970951,-0.4970951,-2.0464336e-07,-2.0464336e-07,-2.675413e-07,-3.8381847e-07,0.994029,3.2802956,0.0036070006618620777
6.0,0.001226777201000463,-0.49709508,-0.49709508,-3.194098e-07,-3.194098e-07,-2.5654893e-07,-1.4023207e-07,0.994029,3.2802956,0.003639607749951067
6.0,0.0012367772010004631,-0.4970951,-0.4970951,-2.0464357e-07,-2.0464357e-07,-2.6754134e-07,-3.8381833e-07,0.994029,3.2802956,0.0036722148380400562
6.0,0.0012467772010004631,-0.49709508,-0.49709508,-3.194097e-07,-3.194097e-07,-2.5654913e-07,-1.4023242e-07,0.994029,3.2802956,0.0037048219261290455
6.0,0.0012567772010004632,-0.4970951,-0.4970951,-2.046438e-07,-2.046438e-07,-2.6754137e-07,-3.8381822e-07,0.994029,3.2802956,0.0037374290142180347
6.0,0.0012667772010004632,-0.49709508,-0.49709508,-3.1940962e-07,-3.1940962e-07,-2.5654933e-07,-1.4023277e-07,0.994029,3.2802956,0.0037700361023070236
6.0,0.001276777201000463,-0.4970951,-0.4970951,-2.0464401e-07,-2.0464401e-07,-2.6754137e-07,-3.8381808e-07,0.994029,3.2802956,0.0038026431903960124
6.0,0.001286777201000463,-0.49709508,-0.49709508,-3.1940954e-07,-3.1940954e-07,-2.565495e-07,-1.4023311e-07,0.994029,3.2802956,0.0038352502784850017
6.0,0.001296777201000463,-0.4970951,-0.4970951,-2.0464424e-07,-2.0464424e-07,-2.675414e-07,-3.8381793e-07,0.994029,3.2802956,0.003867857366573991
6.0,0.001306777201000463,-0.49709508,-0.49709508,-3.1940945e-07,-3.1940945e-07,-2.565497e-07,-1.4023345e-07,0.994029,3.2802956,0.00390046445466298
6.0,0.0013167772010004631,-0.4970951,-0.4970951,-2.0464445e-07,-2.0464445e-07,-2.675414e-07,-3.8381782e-07,0.994029,3.2802956,0.00393307154275197
6.0,0.0013267772010004631,-0.49709508,-0.49709508,-3.1940937e-07,-3.1940937e-07,-2.5654987e-07,-1.4023378e-07,0.994029,3.2802956,0.00396567863084096
6.0,0.0013367772010004632,-0.4970951,-0.4970951,-2.0464466e-07,-2.0464466e-07,-2.6754142e-07,-3.8381768e-07,0.994029,3.2802956,0.003998285718929949
6.0,0.0013467772010004632,-0.49709508,-0.49709508,-3.1940928e-07,-3.1940928e-07,-2.5655007e-07,-1.4023412e-07,0.994029,3.2802956,0.004030892807018938
6.0,0.001356777201000463,-0.4970951,-0.4970951,-2.0464488e-07,-2.0464488e-07,-2.6754142e-07,-3.8381754e-07,0.994029,3.2802956,0.004063499895107927
6.0,0.001366777201000463,-0.49709508,-0.49709508,-3.194092e-07,-3.194092e-07,-2.5655024e-07,-1.4023445e-07,0.994029,3.2802956,0.004096106983196917
6.0,0.001376777201000463,-0.4970951,-0.4970951,-2.0464508e-07,-2.0464508e-07,-2.6754142e-07,-3.8381737e-07,0.994029,3.2802956,0.004128714071285906
6.0,0.001386777201000463,-0.49709508,-0.49709508,-3.1940908e-07,-3.1940908e-07,-2.565504e-07,-1.4023477e-07,0.994029,3.2802956,0.004161321159374896
6.0,0.001396777201000463,-0.4970951,-0.4970951,-2.0464529e-07,-2.0464529e-07,-2.6754145e-07,-3.8381722e-07,0.994029,3.2802956,0.004193928247463886
6.0,0.0014067772010004631,-0.49709508,-0.49709508,-3.19409e-07,-3.19409e-07,-2.5655058e-07,-1.402351e-07,0.994029,3.2802956,0.004226535335552875
6.0,0.0014167772010004632,-0.4970951,-0.4970951,-2.046455e-07,-2.046455e-07,-2.6754145e-07,-3.8381708e-07,0.994029,3.2802956,0.004259142423641865
6.0,0.0014267772010004632,-0.49709508,-0.49709508,-3.194089e-07,-3.194089e-07,-2.5655075e-07,-1.4023543e-07,0.994029,3.2802956,0.004291749511730854
6.0,0.001436777201000463,-0.4970951,-0.4970951,-2.046457e-07,-2.046457e-07,-2.6754145e-07,-3.838169e-07,0.994029,3.2802956,0.004324356599819843
6.0,0.001446777201000463,-0.49709508,-0.49709508,-3.194088e-07,-3.194088e-07,-2.5655092e-07,-1.4023574e-07,0.994029,3.2802956,0.0043569636879088325
6.0,0.001456777201000463,-0.4970951,-0.4970951,-2.046459e-07,-2.046459e-07,-2.6754142e-07,-3.8381677e-07,0.994029,3.2802956,0.004389570775997822
6.0,0.001466777201000463,-0.49709508,-0.49709508,-3.194087e-07,-3.194087e-07,-2.565511e-07,-1.4023607e-07,0.994029,3.2802956,0.004422177864086812
6.0,0.001476777201000463,-0.4970951,-0.4970951,-2.0464611e-07,-2.0464611e-07,-2.6754142e-07,-3.838166e-07,0.994029,3.2802956,0.004454784952175802
6.0,0.0014867772010004631,-0.49709508,-0.49709508,-3.194086e-07,-3.194086e-07,-2.5655126e-07,-1.4023638e-07,0.994029,3.2802956,0.004487392040264791
6.0,0.0014967772010004632,-0.4970951,-0.4970951,-2.0464631e-07,-2.0464631e-07,-2.6754142e-07,-3.8381646e-07,0.994029,3.2802956,0.004519999128353781
6.0,0.0015067772010004632,-0.49709508,-0.49709508,-3.1940849e-07,-3.1940849e-07,-2.565514e-07,-1.402367e-07,0.994029,3.2802956,0.00455260621644277
6.0,0.001516777201000463,-0.4970951,-0.4970951,-2.0464651e-07,-2.0464651e-07,-2.6754142e-07,-3.8381629e-07,0.994029,3.2802956,0.004585213304531759
6.0,0.001526777201000463,-0.49709508,-0.49709508,-3.194084e-07,-3.194084e-07,-2.5655157e-07,-1.40237e-07,0.994029,3.2802956,0.004617820392620748
6.0,0.001536777201000463,-0.4970951,-0.4970951,-2.0464671e-07,-2.0464671e-07,-2.675414e-07,-3.8381611e-07,0.994029,3.2802956,0.004650427480709738
6.0,0.001546777201000463,-0.49709508,-0.49709508,-3.194083e-07,-3.194083e-07,-2.5655174e-07,-1.4023732e-07,0.994029,3.2802956,0.004683034568798728
6.0,0.001556777201000463,-0.4970951,-0.4970951,-2.046469e-07,-2.046469e-07,-2.675414e-07,-3.8381594e-07,0.994029,3.2802956,0.004715641656887717
6.0,0.0015667772010004631,-0.49709508,-0.49709508,-3.1940817e-07,-3.1940817e-07,-2.5655189e-07,-1.4023763e-07,0.994029,3.2802956,0.004748248744976707
6.0,0.0015767772010004631,-0.4970951,-0.4970951,-2.046471e-07,-2.046471e-07,-2.6754137e-07,-3.8381577e-07,0.994029,3.2802956,0.004780855833065697
6.0,0.0015867772010004632,-0.49709508,-0.49709508,-3.1940806e-07,-3.1940806e-07,-2.5655203e-07,-1.4023793e-07,0.994029,3.2802956,0.004813462921154686
6.0,0.001596777201000463,-0.4970951,-0.4970951,-2.0464729e-07,-2.0464729e-07,-2.6754134e-07,-3.838156e-07,0.994029,3.2802956,0.0048460700092436745
6.0,0.001606777201000463,-0.49709508,-0.49709508,-3.1940797e-07,-3.1940797e-07,-2.565522e-07,-1.4023823e-07,0.994029,3.2802956,0.004878677097332664
6.0,0.001616777201000463,-0.4970951,-0.4970951,-2.0464748e-07,-2.0464748e-07,-2.6754134e-07,-3.8381543e-07,0.994029,3.2802956,0.004911284185421654
6.0,0.001626777201000463,-0.49709508,-0.49709508,-3.1940786e-07,-3.1940786e-07,-2.5655234e-07,-1.4023854e-07,0.994029,3.2802956,0.0049438912735106436
6.0,0.001636777201000463,-0.4970951,-0.4970951,-2.0464768e-07,-2.0464768e-07,-2.675413e-07,-3.8381526e-07,0.994029,3.2802956,0.004976498361599633
6.0,0.0016467772010004631,-0.49709508,-0.49709508,-3.1940775e-07,-3.1940775e-07,-2.5655248e-07,-1.4023884e-07,0.994029,3.2802956,0.005009105449688623
6.0,0.0016567772010004631,-0.4970951,-0.4970951,-2.0464786e-07,-2.0464786e-07,-2.6754128e-07,-3.838151e-07,0.994029,3.2802956,0.005041712537777613
6.0,0.0016667772010004632,-0.49709508,-0.49709508,-3.1940763e-07,-3.1940763e-07,-2.5655262e-07,-1.4023914e-07,0.994029,3.2802956,0.0050743196258666015
6.0,0.001676777201000463,-0.4970951,-0.4970951,-2.0464806e-07,-2.0464806e-07,-2.6754125e-07,-3.838149e-07,0.994029,3.2802956,0.00510692671395559
6.0,0.001686777201000463,-0.49709508,-0.49709508,-3.1940752e-07,-3.1940752e-07,-2.5655277e-07,-1.4023944e-07,0.994029,3.2802956,0.00513953380204458
6.0,0.001696777201000463,-0.4970951,-0.4970951,-2.0464825e-07,-2.0464825e-07,-2.6754122e-07,-3.8381472e-07,0.994029,3.2802956,0.00517214089013357
6.0,0.001706777201000463,-0.49709508,-0.49709508,-3.194074e-07,-3.194074e-07,-2.565529e-07,-1.4023972e-07,0.994029,3.2802956,0.005204747978222559
6.0,0.001716777201000463,-0.4970951,-0.4970951,-2.0464843e-07,-2.0464843e-07,-2.675412e-07,-3.8381455e-07,0.994029,3.2802956,0.005237355066311549
6.0,0.001726777201000463,-0.49709508,-0.49709508,-3.194073e-07,-3.194073e-07,-2.5655305e-07,-1.4024002e-07,0.994029,3.2802956,0.005269962154400539
6.0,0.0017367772010004631,-0.4970951,-0.4970951,-2.0464861e-07,-2.0464861e-07,-2.6754117e-07,-3.8381435e-07,0.994029,3.2802956,0.0053025692424895285
6.0,0.0017467772010004632,-0.49709508,-0.49709508,-3.1940718e-07,-3.1940718e-07,-2.565532e-07,-1.4024032e-07,0.994029,3.2802956,0.005335176330578517
6.0,0.001756777201000463,-0.4970951,-0.4970951,-2.046488e-07,-2.046488e-07,-2.6754114e-07,-3.8381418e-07,0.994029,3.2802956,0.005367783418667506
6.0,0.001766777201000463,-0.49709508,-0.49709508,-3.1940704e-07,-3.1940704e-07,-2.5655334e-07,-1.402406e-07,0.994029,3.2802956,0.005400390506756496
6.0,0.001776777201000463,-0.4970951,-0.4970951,-2.0464898e-07,-2.0464898e-07,-2.675411e-07,-3.8381398e-07,0.994029,3.2802956,0.0054329975948454855
6.0,0.001786777201000463,-0.49709508,-0.49709508,-3.1940692e-07,-3.1940692e-07,-2.5655348e-07,-1.4024089e-07,0.994029,3.2802956,0.005465604682934475
6.0,0.001796777201000463,-0.4970951,-0.4970951,-2.0464917e-07,-2.0464917e-07,-2.6754105e-07,-3.838138e-07,0.994029,3.2802956,0.005498211771023465
6.0,0.001806777201000463,-0.49709508,-0.49709508,-3.194068e-07,-3.194068e-07,-2.565536e-07,-1.4024118e-07,0.994029,3.2802956,0.005530818859112455
6.0,0.0018167772010004631,-0.4970951,-0.4970951,-2.0464935e-07,-2.0464935e-07,-2.6754103e-07,-3.838136e-07,0.994029,3.2802956,0.005563425947201444
6.0,0.0018267772010004632,-0.49709508,-0.49709508,-3.194067e-07,-3.194067e-07,-2.5655373e-07,-1.4024147e-07,0.994029,3.2802956,0.005596033035290433
6.0,0.001836777201000463,-0.4970951,-0.4970951,-2.0464954e-07,-2.0464954e-07,-2.67541e-07,-3.8381341e-07,0.994029,3.2802956,0.005628640123379422
6.0,0.001846777201000463,-0.49709508,-0.49709508,-3.1940655e-07,-3.1940655e-07,-2.5655388e-07,-1.4024175e-07,0.994029,3.2802956,0.005661247211468412
6.0,0.001856777201000463,-0.4970951,-0.4970951,-2.0464971e-07,-2.0464971e-07,-2.6754094e-07,-3.8381322e-07,0.994029,3.2802956,0.005693854299557401
6.0,0.001866777201000463,-0.49709508,-0.49709508,-3.1940644e-07,-3.1940644e-07,-2.56554e-07,-1.4024204e-07,0.994029,3.2802956,0.005726461387646391
6.0,0.001876777201000463,-0.4970951,-0.4970951,-2.046499e-07,-2.046499e-07,-2.675409e-07,-3.8381305e-07,0.994029,3.2802956,0.005759068475735381
6.0,0.001886777201000463,-0.49709508,-0.49709508,-3.1940633e-07,-3.1940633e-07,-2.5655413e-07,-1.402423e-07,0.994029,3.2802956,0.0057916755638243705
6.0,0.0018967772010004631,-0.4970951,-0.4970951,-2.0465008e-07,-2.0465008e-07,-2.6754088e-07,-3.8381285e-07,0.994029,3.2802956,0.00582428265191336
6.0,0.0019067772010004631,-0.49709508,-0.49709508,-3.1940618e-07,-3.1940618e-07,-2.5655424e-07,-1.4024259e-07,0.994029,3.2802956,0.005856889740002349
6.0,0.001916777201000463,-0.4970951,-0.4970951,-2.0465025e-07,-2.0465025e-07,-2.6754083e-07,-3.8381265e-07,0.994029,3.2802956,0.005889496828091338
6.0,0.001926777201000463,-0.49709508,-0.49709508,-3.1940607e-07,-3.1940607e-07,-2.565544e-07,-1.4024288e-07,0.994029,3.2802956,0.0059221039161803275
6.0,0.001936777201000463,-0.4970951,-0.4970951,-2.0465043e-07,-2.0465043e-07,-2.6754077e-07,-3.8381245e-07,0.994029,3.2802956,0.005954711004269317
6.0,0.001946777201000463,-0.49709508,-0.49709508,-3.1940596e-07,-3.1940596e-07,-2.565545e-07,-1.4024315e-07,0.994029,3.2802956,0.005987318092358307
6.0,0.001956777201000463,-0.4970951,-0.4970951,-2.046506e-07,-2.046506e-07,-2.6754074e-07,-3.8381225e-07,0.994029,3.2802956,0.006019925180447297
6.0,0.001966777201000463,-0.49709508,-0.49709508,-3.194058e-07,-3.194058e-07,-2.5655464e-07,-1.4024343e-07,0.994029,3.2802956,0.006052532268536286
6.0,0.001976777201000463,-0.4970951,-0.4970951,-2.0465077e-07,-2.0465077e-07,-2.6754068e-07,-3.8381205e-07,0.994029,3.2802956,0.006085139356625276
6.0,0.001986777201000463,-0.49709508,-0.49709508,-3.194057e-07,-3.194057e-07,-2.5655476e-07,-1.402437e-07,0.994029,3.2802956,0.006117746444714266
6.0,0.001996777201000463,-0.4970951,-0.4970951,-2.0465096e-07,-2.0465096e-07,-2.6754066e-07,-3.8381185e-07,0.994029,3.2802956,0.006150353532803255
6.0,0.002006777201000463,-0.49709508,-0.49709508,-3.1940556e-07,-3.1940556e-07,-2.5655487e-07,-1.4024398e-07,0.994029,3.2802956,0.006182960620892245
6.0,0.002016777201000463,-0.4970951,-0.4970951,-2.0465113e-07,-2.0465113e-07,-2.675406e-07,-3.8381165e-07,0.994029,3.2802956,0.006215567708981235
6.0,0.0020267772010004632,-0.49709508,-0.49709508,-3.1940544e-07,-3.1940544e-07,-2.56555e-07,-1.4024425e-07,0.994029,3.2802956,0.006248174797070224
6.0,0.002036777201000463,-0.4970951,-0.4970951,-2.046513e-07,-2.046513e-07,-2.6754054e-07,-3.8381145e-07,0.994029,3.2802956,0.0062807818851592125
6.0,0.002046777201000463,-0.49709508,-0.49709508,-3.194053e-07,-3.194053e-07,-2.5655513e-07,-1.4024452e-07,0.994029,3.2802956,0.006313388973248202
6.0,0.002056777201000463,-0.4970951,-0.4970951,-2.0465147e-07,-2.0465147e-07,-2.6754049e-07,-3.8381123e-07,0.994029,3.2802956,0.006345996061337192
6.0,0.002066777201000463,-0.49709508,-0.49709508,-3.194052e-07,-3.194052e-07,-2.5655524e-07,-1.402448e-07,0.994029,3.2802956,0.0063786031494261815
6.0,0.002076777201000463,-0.4970951,-0.4970951,-2.0465164e-07,-2.0465164e-07,-2.6754043e-07,-3.8381103e-07,0.994029,3.2802956,0.006411210237515171
6.0,0.002086777201000463,-0.49709508,-0.49709508,-3.1940505e-07,-3.1940505e-07,-2.5655535e-07,-1.4024506e-07,0.994029,3.2802956,0.006443817325604161
6.0,0.002096777201000463,-0.4970951,-0.4970951,-2.0465183e-07,-2.0465183e-07,-2.675404e-07,-3.8381083e-07,0.994029,3.2802956,0.006476424413693151
6.0,0.002106777201000463,-0.49709508,-0.49709508,-3.194049e-07,-3.194049e-07,-2.5655547e-07,-1.4024533e-07,0.994029,3.2802956,0.00650903150178214
6.0,0.002116777201000463,-0.4970951,-0.4970951,-2.04652e-07,-2.04652e-07,-2.6754034e-07,-3.8381063e-07,0.994029,3.2802956,0.00654163858987113
6.0,0.002126777201000463,-0.49709508,-0.49709508,-3.194048e-07,-3.194048e-07,-2.5655558e-07,-1.402456e-07,0.994029,3.2802956,0.00657424567796012
6.0,0.002136777201000463,-0.4970951,-0.4970951,-2.0465217e-07,-2.0465217e-07,-2.675403e-07,-3.838104e-07,0.994029,3.2802956,0.006606852766049109
6.0,0.002146777201000463,-0.49709508,-0.49709508,-3.1940465e-07,-3.1940465e-07,-2.565557e-07,-1.4024587e-07,0.994029,3.2802956,0.006639459854138099
6.0,0.002156777201000463,-0.4970951,-0.4970951,-2.0465234e-07,-2.0465234e-07,-2.6754023e-07,-3.838102e-07,0.994029,3.2802956,0.006672066942227089
6.0,0.002166777201000463,-0.49709508,-0.49709508,-3.194045e-07,-3.194045e-07,-2.565558e-07,-1.4024614e-07,0.994029,3.2802956,0.0067046740303160785
6.0,0.002176777201000463,-0.4970951,-0.4970951,-2.0465251e-07,-2.0465251e-07,-2.6754017e-07,-3.8381e-07,0.994029,3.2802956,0.006737281118405068
6.0,0.0021867772010004632,-0.49709508,-0.49709508,-3.194044e-07,-3.194044e-07,-2.5655592e-07,-1.4024641e-07,0.994029,3.2802956,0.006769888206494057
6.0,0.002196777201000463,-0.4970951,-0.4970951,-2.0465266e-07,-2.0465266e-07,-2.6754012e-07,-3.8380978e-07,0.994029,3.2802956,0.006802495294583046
6.0,0.002206777201000463,-0.49709508,-0.49709508,-3.1940425e-07,-3.1940425e-07,-2.5655604e-07,-1.4024667e-07,0.994029,3.2802956,0.006835102382672036
6.0,0.002216777201000463,-0.4970951,-0.4970951,-2.0465284e-07,-2.0465284e-07,-2.6754006e-07,-3.8380958e-07,0.994029,3.2802956,0.006867709470761025
6.0,0.002226777201000463,-0.49709508,-0.49709508,-3.194041e-07,-3.194041e-07,-2.5655615e-07,-1.4024694e-07,0.994029,3.2802956,0.006900316558850015
6.0,0.002236777201000463,-0.4970951,-0.4970951,-2.04653e-07,-2.04653e-07,-2.6754e-07,-3.8380935e-07,0.994029,3.2802956,0.006932923646939005
6.0,0.002246777201000463,-0.49709508,-0.49709508,-3.19404e-07,-3.19404e-07,-2.5655626e-07,-1.4024721e-07,0.994029,3.2802956,0.006965530735027994
6.0,0.002256777201000463,-0.4970951,-0.4970951,-2.0465318e-07,-2.0465318e-07,-2.6753995e-07,-3.8380915e-07,0.994029,3.2802956,0.006998137823116984
6.0,0.002266777201000463,-0.49709508,-0.49709508,-3.1940385e-07,-3.1940385e-07,-2.5655638e-07,-1.4024747e-07,0.994029,3.2802956,0.007030744911205974
6.0,0.002276777201000463,-0.4970951,-0.4970951,-2.0465335e-07,-2.0465335e-07,-2.6753986e-07,-3.8380895e-07,0.994029,3.2802956,0.0070633519992949634
6.0,0.002286777201000463,-0.49709508,-0.49709508,-3.194037e-07,-3.194037e-07,-2.565565e-07,-1.4024774e-07,0.994029,3.2802956,0.007095959087383953
6.0,0.002296777201000463,-0.4970951,-0.4970951,-2.046535e-07,-2.046535e-07,-2.675398e-07,-3.8380873e-07,0.994029,3.2802956,0.007128566175472943
6.0,0.002306777201000463,-0.49709508,-0.49709508,-3.1940357e-07,-3.1940357e-07,-2.565566e-07,-1.4024799e-07,0.994029,3.2802956,0.0071611732635619325
6.0,0.002316777201000463,-0.4970951,-0.4970951,-2.0465367e-07,-2.0465367e-07,-2.6753975e-07,-3.838085e-07,0.994029,3.2802956,0.007193780351650922
6.0,0.002326777201000463,-0.49709508,-0.49709508,-3.1940343e-07,-3.1940343e-07,-2.5655672e-07,-1.4024825e-07,0.994029,3.2802956,0.007226387439739912
6.0,0.002336777201000463,-0.4970951,-0.4970951,-2.0465384e-07,-2.0465384e-07,-2.675397e-07,-3.838083e-07,0.994029,3.2802956,0.007258994527828902
6.0,0.002346777201000463,-0.49709508,-0.49709508,-3.194033e-07,-3.194033e-07,-2.565568e-07,-1.4024852e-07,0.994029,3.2802956,0.0072916016159178905
6.0,0.002356777201000463,-0.4970951,-0.4970951,-2.04654e-07,-2.04654e-07,-2.6753963e-07,-3.8380807e-07,0.994029,3.2802956,0.007324208704006879
6.0,0.002366777201000463,-0.49709508,-0.49709508,-3.1940317e-07,-3.1940317e-07,-2.5655692e-07,-1.4024877e-07,0.994029,3.2802956,0.007356815792095869
6.0,0.002376777201000463,-0.4970951,-0.4970951,-2.0465417e-07,-2.0465417e-07,-2.6753955e-07,-3.8380787e-07,0.994029,3.2802956,0.007389422880184859
6.0,0.002386777201000463,-0.49709508,-0.49709508,-3.1940303e-07,-3.1940303e-07,-2.5655703e-07,-1.4024903e-07,0.994029,3.2802956,0.007422029968273848
6.0,0.002396777201000463,-0.4970951,-0.4970951,-2.0465434e-07,-2.0465434e-07,-2.675395e-07,-3.8380765e-07,0.994029,3.2802956,0.007454637056362838
6.0,0.002406777201000463,-0.49709508,-0.49709508,-3.194029e-07,-3.194029e-07,-2.5655714e-07,-1.4024928e-07,0.994029,3.2802956,0.007487244144451828
6.0,0.002416777201000463,-0.4970951,-0.4970951,-2.046545e-07,-2.046545e-07,-2.6753943e-07,-3.8380742e-07,0.994029,3.2802956,0.0075198512325408175
6.0,0.002426777201000463,-0.49709508,-0.49709508,-3.1940274e-07,-3.1940274e-07,-2.5655723e-07,-1.4024955e-07,0.994029,3.2802956,0.007552458320629807
6.0,0.002436777201000463,-0.4970951,-0.4970951,-2.0465467e-07,-2.0465467e-07,-2.6753938e-07,-3.8380722e-07,0.994029,3.2802956,0.007585065408718797
6.0,0.002446777201000463,-0.49709508,-0.49709508,-3.194026e-07,-3.194026e-07,-2.5655734e-07,-1.4024981e-07,0.994029,3.2802956,0.0076176724968077866
6.0,0.002456777201000463,-0.4970951,-0.4970951,-2.0465482e-07,-2.0465482e-07,-2.675393e-07,-3.83807e-07,0.994029,3.2802956,0.007650279584896776
6.0,0.002466777201000463,-0.49709508,-0.49709508,-3.1940246e-07,-3.1940246e-07,-2.5655746e-07,-1.4025007e-07,0.994029,3.2802956,0.007682886672985766
6.0,0.002476777201000463,-0.4970951,-0.4970951,-2.04655e-07,-2.04655e-07,-2.6753924e-07,-3.8380676e-07,0.994029,3.2802956,0.007715493761074756
6.0,0.002486777201000463,-0.49709508,-0.49709508,-3.1940232e-07,-3.1940232e-07,-2.5655754e-07,-1.4025032e-07,0.994029,3.2802956,0.007748100849163745
6.0,0.002496777201000463,-0.4970951,-0.4970951,-2.0465515e-07,-2.0465515e-07,-2.6753918e-07,-3.8380654e-07,0.994029,3.2802956,0.007780707937252735
6.0,0.002506777201000463,-0.49709508,-0.49709508,-3.1940218e-07,-3.1940218e-07,-2.5655766e-07,-1.4025058e-07,0.994029,3.2802956,0.007813315025341723
6.0,0.002516777201000463,-0.4970951,-0.4970951,-2.0465532e-07,-2.0465532e-07,-2.675391e-07,-3.8380634e-07,0.994029,3.2802956,0.007845922113430711
6.0,0.002526777201000463,-0.49709508,-0.49709508,-3.1940206e-07,-3.1940206e-07,-2.5655777e-07,-1.4025083e-07,0.994029,3.2802956,0.0078785292015197
6.0,0.002536777201000463,-0.4970951,-0.4970951,-2.0465548e-07,-2.0465548e-07,-2.6753904e-07,-3.838061e-07,0.994029,3.2802956,0.00791113628960869
6.0,0.002546777201000463,-0.49709508,-0.49709508,-3.1940192e-07,-3.1940192e-07,-2.5655785e-07,-1.4025109e-07,0.994029,3.2802956,0.00794374337769768
6.0,0.002556777201000463,-0.4970951,-0.4970951,-2.0465563e-07,-2.0465563e-07,-2.6753895e-07,-3.8380588e-07,0.994029,3.2802956,0.00797635046578667
6.0,0.002566777201000463,-0.49709508,-0.49709508,-3.1940178e-07,-3.1940178e-07,-2.5655797e-07,-1.4025134e-07,0.994029,3.2802956,0.00800895755387566
6.0,0.002576777201000463,-0.4970951,-0.4970951,-2.046558e-07,-2.046558e-07,-2.675389e-07,-3.8380566e-07,0.994029,3.2802956,0.00804156464196465
6.0,0.002586777201000463,-0.49709508,-0.49709508,-3.1940164e-07,-3.1940164e-07,-2.5655805e-07,-1.402516e-07,0.994029,3.2802956,0.008074171730053639
6.0,0.002596777201000463,-0.4970951,-0.4970951,-2.0465596e-07,-2.0465596e-07,-2.6753884e-07,-3.8380546e-07,0.994029,3.2802956,0.008106778818142629
6.0,0.002606777201000463,-0.49709508,-0.49709508,-3.194015e-07,-3.194015e-07,-2.5655817e-07,-1.4025184e-07,0.994029,3.2802956,0.008139385906231618
6.0,0.002616777201000463,-0.4970951,-0.4970951,-2.0465612e-07,-2.0465612e-07,-2.6753875e-07,-3.8380523e-07,0.994029,3.2802956,0.008171992994320608
6.0,0.002626777201000463,-0.49709508,-0.49709508,-3.1940135e-07,-3.1940135e-07,-2.5655825e-07,-1.402521e-07,0.994029,3.2802956,0.008204600082409598
6.0,0.002636777201000463,-0.4970951,-0.4970951,-2.0465629e-07,-2.0465629e-07,-2.675387e-07,-3.83805e-07,0.994029,3.2802956,0.008237207170498587
6.0,0.002646777201000463,-0.49709508,-0.49709508,-3.194012e-07,-3.194012e-07,-2.5655837e-07,-1.4025235e-07,0.994029,3.2802956,0.008269814258587577
6.0,0.002656777201000463,-0.4970951,-0.4970951,-2.0465644e-07,-2.0465644e-07,-2.675386e-07,-3.8380477e-07,0.994029,3.2802956,0.008302421346676567
6.0,0.002666777201000463,-0.49709508,-0.49709508,-3.1940107e-07,-3.1940107e-07,-2.5655845e-07,-1.4025261e-07,0.994029,3.2802956,0.008335028434765555
6.0,0.0026767772010004628,-0.4970951,-0.4970951,-2.046566e-07,-2.046566e-07,-2.6753855e-07,-3.8380455e-07,0.994029,3.2802956,0.008367635522854543
6.0,0.002686777201000463,-0.49709508,-0.49709508,-3.1940093e-07,-3.1940093e-07,-2.5655856e-07,-1.4025285e-07,0.994029,3.2802956,0.008400242610943532
6.0,0.002696777201000463,-0.4970951,-0.4970951,-2.0465676e-07,-2.0465677e-07,-2.6753847e-07,-3.8380432e-07,0.994029,3.2802956,0.008432849699032522
6.0,0.002706777201000463,-0.49709508,-0.49709508,-3.1940078e-07,-3.1940078e-07,-2.5655865e-07,-1.402531e-07,0.994029,3.2802956,0.008465456787121512
6.0,0.002716777201000463,-0.4970951,-0.4970951,-2.0465693e-07,-2.0465693e-07,-2.675384e-07,-3.838041e-07,0.994029,3.2802956,0.008498063875210501
6.0,0.002726777201000463,-0.49709508,-0.49709508,-3.1940064e-07,-3.1940064e-07,-2.5655876e-07,-1.4025336e-07,0.994029,3.2802956,0.008530670963299491
6.0,0.002736777201000463,-0.4970951,-0.4970951,-2.0465708e-07,-2.0465708e-07,-2.6753833e-07,-3.8380387e-07,0.994029,3.2802956,0.00856327805138848
6.0,0.002746777201000463,-0.49709508,-0.49709508,-3.194005e-07,-3.194005e-07,-2.5655885e-07,-1.402536e-07,0.994029,3.2802956,0.00859588513947747
6.0,0.002756777201000463,-0.4970951,-0.4970951,-2.0465724e-07,-2.0465724e-07,-2.6753824e-07,-3.8380364e-07,0.994029,3.2802956,0.00862849222756646
6.0,0.002766777201000463,-0.49709508,-0.49709508,-3.1940033e-07,-3.1940033e-07,-2.5655896e-07,-1.4025386e-07,0.994029,3.2802956,0.00866109931565545
6.0,0.002776777201000463,-0.4970951,-0.4970951,-2.046574e-07,-2.046574e-07,-2.6753818e-07,-3.838034e-07,0.994029,3.2802956,0.00869370640374444
6.0,0.002786777201000463,-0.49709508,-0.49709508,-3.194002e-07,-3.194002e-07,-2.5655905e-07,-1.402541e-07,0.994029,3.2802956,0.00872631349183343
6.0,0.002796777201000463,-0.4970951,-0.4970951,-2.0465757e-07,-2.0465757e-07,-2.675381e-07,-3.8380318e-07,0.994029,3.2802956,0.008758920579922419
6.0,0.002806777201000463,-0.49709508,-0.49709508,-3.1940004e-07,-3.1940004e-07,-2.5655913e-07,-1.4025436e-07,0.994029,3.2802956,0.008791527668011409
6.0,0.002816777201000463,-0.4970951,-0.4970951,-2.0465772e-07,-2.0465772e-07,-2.6753804e-07,-3.8380296e-07,0.994029,3.2802956,0.008824134756100398
6.0,0.002826777201000463,-0.49709508,-0.49709508,-3.193999e-07,-3.193999e-07,-2.5655925e-07,-1.4025461e-07,0.994029,3.2802956,0.008856741844189386
6.0,0.0028367772010004628,-0.4970951,-0.4970951,-2.0465788e-07,-2.0465788e-07,-2.6753796e-07,-3.8380276e-07,0.994029,3.2802956,0.008889348932278374
6.0,0.002846777201000463,-0.49709508,-0.49709508,-3.1939976e-07,-3.1939976e-07,-2.5655933e-07,-1.4025485e-07,0.994029,3.2802956,0.008921956020367364
6.0,0.002856777201000463,-0.4970951,-0.4970951,-2.0465804e-07,-2.0465804e-07,-2.6753787e-07,-3.8380253e-07,0.994029,3.2802956,0.008954563108456354
6.0,0.002866777201000463,-0.49709508,-0.49709508,-3.1939962e-07,-3.1939962e-07,-2.5655942e-07,-1.4025511e-07,0.994029,3.2802956,0.008987170196545343
6.0,0.002876777201000463,-0.4970951,-0.4970951,-2.0465819e-07,-2.0465819e-07,-2.675378e-07,-3.838023e-07,0.994029,3.2802956,0.009019777284634333
6.0,0.002886777201000463,-0.49709508,-0.49709508,-3.1939948e-07,-3.1939948e-07,-2.5655953e-07,-1.4025535e-07,0.994029,3.2802956,0.009052384372723323
6.0,0.002896777201000463,-0.4970951,-0.4970951,-2.0465835e-07,-2.0465835e-07,-2.6753773e-07,-3.8380205e-07,0.994029,3.2802956,0.009084991460812313
6.0,0.002906777201000463,-0.49709508,-0.49709508,-3.1939933e-07,-3.1939933e-07,-2.5655962e-07,-1.402556e-07,0.994029,3.2802956,0.009117598548901302
6.0,0.002916777201000463,-0.4970951,-0.4970951,-2.046585e-07,-2.046585e-07,-2.6753764e-07,-3.8380182e-07,0.994029,3.2802956,0.009150205636990292
6.0,0.002926777201000463,-0.49709508,-0.49709508,-3.193992e-07,-3.193992e-07,-2.565597e-07,-1.4025585e-07,0.994029,3.2802956,0.009182812725079282
6.0,0.002936777201000463,-0.4970951,-0.4970951,-2.0465866e-07,-2.0465866e-07,-2.675376e-07,-3.838016e-07,0.994029,3.2802956,0.009215419813168271
6.0,0.002946777201000463,-0.49709508,-0.49709508,-3.1939905e-07,-3.1939905e-07,-2.5655982e-07,-1.4025609e-07,0.994029,3.2802956,0.009248026901257261
6.0,0.002956777201000463,-0.4970951,-0.4970951,-2.0465882e-07,-2.0465882e-07,-2.675375e-07,-3.8380136e-07,0.994029,3.2802956,0.00928063398934625
6.0,0.002966777201000463,-0.49709508,-0.49709508,-3.193989e-07,-3.193989e-07,-2.565599e-07,-1.4025635e-07,0.994029,3.2802956,0.00931324107743524
6.0,0.002976777201000463,-0.4970951,-0.4970951,-2.0465897e-07,-2.0465897e-07,-2.6753742e-07,-3.8380114e-07,0.994029,3.2802956,0.00934584816552423
6.0,0.002986777201000463,-0.49709508,-0.49709508,-3.1939874e-07,-3.1939874e-07,-2.5655999e-07,-1.4025659e-07,0.994029,3.2802956,0.009378455253613218
6.0,0.0029967772010004627,-0.4970951,-0.4970951,-2.0465913e-07,-2.0465913e-07,-2.6753736e-07,-3.838009e-07,0.994029,3.2802956,0.009411062341702206
6.0,0.0030067772010004628,-0.49709508,-0.49709508,-3.193986e-07,-3.193986e-07,-2.565601e-07,-1.4025683e-07,0.994029,3.2802956,0.009443669429791196
6.0,0.003016777201000463,-0.4970951,-0.4970951,-2.0465929e-07,-2.0465929e-07,-2.6753727e-07,-3.8380068e-07,0.994029,3.2802956,0.009476276517880185
6.0,0.003026777201000463,-0.49709508,-0.49709508,-3.1939845e-07,-3.1939845e-07,-2.5656018e-07,-1.4025709e-07,0.994029,3.2802956,0.009508883605969175
6.0,0.003036777201000463,-0.4970951,-0.4970951,-2.0465946e-07,-2.0465946e-07,-2.675372e-07,-3.8380045e-07,0.994029,3.2802956,0.009541490694058165
6.0,0.003046777201000463,-0.49709508,-0.49709508,-3.193983e-07,-3.193983e-07,-2.5656027e-07,-1.4025733e-07,0.994029,3.2802956,0.009574097782147154
6.0,0.003056777201000463,-0.4970951,-0.4970951,-2.0465961e-07,-2.0465961e-07,-2.6753713e-07,-3.8380023e-07,0.994029,3.2802956,0.009606704870236144
6.0,0.003066777201000463,-0.49709508,-0.49709508,-3.1939817e-07,-3.1939817e-07,-2.5656038e-07,-1.4025757e-07,0.994029,3.2802956,0.009639311958325134
6.0,0.003076777201000463,-0.4970951,-0.4970951,-2.0465977e-07,-2.0465977e-07,-2.6753705e-07,-3.838e-07,0.994029,3.2802956,0.009671919046414124
6.0,0.003086777201000463,-0.49709508,-0.49709508,-3.1939803e-07,-3.1939803e-07,-2.5656047e-07,-1.4025782e-07,0.994029,3.2802956,0.009704526134503113
6.0,0.003096777201000463,-0.4970951,-0.4970951,-2.0465993e-07,-2.0465993e-07,-2.6753696e-07,-3.8379977e-07,0.994029,3.2802956,0.009737133222592103
6.0,0.003106777201000463,-0.49709508,-0.49709508,-3.1939788e-07,-3.1939788e-07,-2.5656055e-07,-1.4025807e-07,0.994029,3.2802956,0.009769740310681093
6.0,0.003116777201000463,-0.4970951,-0.4970951,-2.0466007e-07,-2.0466007e-07,-2.6753688e-07,-3.8379955e-07,0.994029,3.2802956,0.009802347398770082
6.0,0.003126777201000463,-0.49709508,-0.49709508,-3.193977e-07,-3.193977e-07,-2.5656064e-07,-1.4025831e-07,0.994029,3.2802956,0.009834954486859072
6.0,0.003136777201000463,-0.4970951,-0.4970951,-2.0466022e-07,-2.0466022e-07,-2.6753682e-07,-3.8379932e-07,0.994029,3.2802956,0.009867561574948062
6.0,0.003146777201000463,-0.49709508,-0.49709508,-3.1939757e-07,-3.1939757e-07,-2.5656075e-07,-1.4025855e-07,0.994029,3.2802956,0.00990016866303705
6.0,0.0031567772010004627,-0.4970951,-0.4970951,-2.0466038e-07,-2.0466038e-07,-2.6753673e-07,-3.8379906e-07,0.994029,3.2802956,0.009932775751126038
6.0,0.0031667772010004628,-0.49709508,-0.49709508,-3.1939743e-07,-3.1939743e-07,-2.5656084e-07,-1.402588e-07,0.994029,3.2802956,0.009965382839215027
6.0,0.003176777201000463,-0.4970951,-0.4970951,-2.0466054e-07,-2.0466054e-07,-2.6753665e-07,-3.8379883e-07,0.994029,3.2802956,0.009997989927304017
6.0,0.003186777201000463,-0.49709508,-0.49709508,-3.193973e-07,-3.193973e-07,-2.5656092e-07,-1.4025905e-07,0.994029,3.2802956,0.010030597015393007
6.0,0.003196777201000463,-0.4970951,-0.4970951,-2.046607e-07,-2.046607e-07,-2.6753656e-07,-3.837986e-07,0.994029,3.2802956,0.010063204103481996
6.0,0.003206777201000463,-0.49709508,-0.49709508,-3.1939715e-07,-3.1939715e-07,-2.56561e-07,-1.4025929e-07,0.994029,3.2802956,0.010095811191570986
6.0,0.003216777201000463,-0.4970951,-0.4970951,-2.0466085e-07,-2.0466085e-07,-2.675365e-07,-3.8379838e-07,0.994029,3.2802956,0.010128418279659976
6.0,0.003226777201000463,-0.49709508,-0.49709508,-3.1939697e-07,-3.1939697e-07,-2.565611e-07,-1.4025953e-07,0.994029,3.2802956,0.010161025367748966
6.0,0.003236777201000463,-0.4970951,-0.4970951,-2.04661e-07,-2.04661e-07,-2.6753642e-07,-3.8379815e-07,0.994029,3.2802956,0.010193632455837955
6.0,0.003246777201000463,-0.49709508,-0.49709508,-3.1939683e-07,-3.1939683e-07,-2.565612e-07,-1.4025977e-07,0.994029,3.2802956,0.010226239543926945
6.0,0.003256777201000463,-0.4970951,-0.4970951,-2.0466116e-07,-2.0466116e-07,-2.6753634e-07,-3.8379792e-07,0.994029,3.2802956,0.010258846632015935
6.0,0.003266777201000463,-0.49709508,-0.49709508,-3.193967e-07,-3.193967e-07,-2.565613e-07,-1.4026001e-07,0.994029,3.2802956,0.010291453720104924
6.0,0.003276777201000463,-0.4970951,-0.4970951,-2.0466132e-07,-2.0466132e-07,-2.6753625e-07,-3.8379767e-07,0.994029,3.2802956,0.010324060808193914
6.0,0.003286777201000463,-0.49709508,-0.49709508,-3.1939655e-07,-3.1939655e-07,-2.5656138e-07,-1.4026027e-07,0.994029,3.2802956,0.010356667896282904
6.0,0.003296777201000463,-0.4970951,-0.4970951,-2.0466148e-07,-2.0466148e-07,-2.675362e-07,-3.8379744e-07,0.994029,3.2802956,0.010389274984371893
6.0,0.003306777201000463,-0.49709508,-0.49709508,-3.193964e-07,-3.193964e-07,-2.5656146e-07,-1.4026051e-07,0.994029,3.2802956,0.010421882072460881
6.0,0.0033167772010004627,-0.4970951,-0.4970951,-2.0466163e-07,-2.0466163e-07,-2.675361e-07,-3.8379721e-07,0.994029,3.2802956,0.01045448916054987
6.0,0.0033267772010004627,-0.49709508,-0.49709508,-3.1939624e-07,-3.1939624e-07,-2.5656155e-07,-1.4026075e-07,0.994029,3.2802956,0.010487096248638859
6.0,0.0033367772010004628,-0.4970951,-0.4970951,-2.0466179e-07,-2.0466179e-07,-2.6753602e-07,-3.83797e-07,0.994029,3.2802956,0.010519703336727849
6.0,0.003346777201000463,-0.49709508,-0.49709508,-3.193961e-07,-3.193961e-07,-2.5656166e-07,-1.40261e-07,0.994029,3.2802956,0.010552310424816838
6.0,0.003356777201000463,-0.4970951,-0.4970951,-2.0466194e-07,-2.0466194e-07,-2.6753594e-07,-3.8379676e-07,0.994029,3.2802956,0.010584917512905828
6.0,0.003366777201000463,-0.49709508,-0.49709508,-3.1939595e-07,-3.1939595e-07,-2.5656175e-07,-1.4026124e-07,0.994029,3.2802956,0.010617524600994818
6.0,0.003376777201000463,-0.4970951,-0.4970951,-2.0466209e-07,-2.0466209e-07,-2.6753585e-07,-3.8379653e-07,0.994029,3.2802956,0.010650131689083808
6.0,0.003386777201000463,-0.49709508,-0.49709508,-3.193958e-07,-3.193958e-07,-2.5656183e-07,-1.4026148e-07,0.994029,3.2802956,0.010682738777172797
6.0,0.003396777201000463,-0.4970951,-0.4970951,-2.0466224e-07,-2.0466224e-07,-2.6753577e-07,-3.8379628e-07,0.994029,3.2802956,0.010715345865261787
6.0,0.003406777201000463,-0.49709508,-0.49709508,-3.1939567e-07,-3.1939567e-07,-2.5656192e-07,-1.4026172e-07,0.994029,3.2802956,0.010747952953350777
6.0,0.003416777201000463,-0.4970951,-0.4970951,-2.046624e-07,-2.046624e-07,-2.675357e-07,-3.8379605e-07,0.994029,3.2802956,0.010780560041439766
6.0,0.003426777201000463,-0.49709508,-0.49709508,-3.193955e-07,-3.193955e-07,-2.56562e-07,-1.4026196e-07,0.994029,3.2802956,0.010813167129528756
6.0,0.003436777201000463,-0.4970951,-0.4970951,-2.0466256e-07,-2.0466256e-07,-2.6753563e-07,-3.8379582e-07,0.994029,3.2802956,0.010845774217617746
6.0,0.003446777201000463,-0.49709508,-0.49709508,-3.1939535e-07,-3.1939535e-07,-2.565621e-07,-1.402622e-07,0.994029,3.2802956,0.010878381305706735
6.0,0.003456777201000463,-0.4970951,-0.4970951,-2.0466271e-07,-2.0466271e-07,-2.6753554e-07,-3.837956e-07,0.994029,3.2802956,0.010910988393795725
6.0,0.003466777201000463,-0.49709508,-0.49709508,-3.193952e-07,-3.193952e-07,-2.5656217e-07,-1.4026244e-07,0.994029,3.2802956,0.010943595481884713
6.0,0.0034767772010004627,-0.4970951,-0.4970951,-2.0466287e-07,-2.0466287e-07,-2.6753546e-07,-3.8379537e-07,0.994029,3.2802956,0.010976202569973701
6.0,0.0034867772010004627,-0.49709508,-0.49709508,-3.1939507e-07,-3.1939507e-07,-2.565623e-07,-1.4026269e-07,0.994029,3.2802956,0.01100880965806269
6.0,0.0034967772010004628,-0.4970951,-0.4970951,-2.0466302e-07,-2.0466302e-07,-2.6753537e-07,-3.837951e-07,0.994029,3.2802956,0.01104141674615168
6.0,0.003506777201000463,-0.49709508,-0.49709508,-3.193949e-07,-3.193949e-07,-2.5656237e-07,-1.4026293e-07,0.994029,3.2802956,0.01107402383424067
6.0,0.003516777201000463,-0.4970951,-0.4970951,-2.0466317e-07,-2.0466317e-07,-2.6753528e-07,-3.8379488e-07,0.994029,3.2802956,0.01110663092232966
6.0,0.003526777201000463,-0.49709508,-0.49709508,-3.1939476e-07,-3.1939476e-07,-2.5656246e-07,-1.4026317e-07,0.994029,3.2802956,0.01113923801041865
6.0,0.003536777201000463,-0.4970951,-0.4970951,-2.0466332e-07,-2.0466332e-07,-2.6753523e-07,-3.8379466e-07,0.994029,3.2802956,0.01117184509850764
6.0,0.003546777201000463,-0.49709508,-0.49709508,-3.1939462e-07,-3.1939462e-07,-2.5656254e-07,-1.4026341e-07,0.994029,3.2802956,0.011204452186596629
6.0,0.003556777201000463,-0.4970951,-0.4970951,-2.0466348e-07,-2.0466348e-07,-2.6753514e-07,-3.8379443e-07,0.994029,3.2802956,0.011237059274685619
6.0,0.003566777201000463,-0.49709508,-0.49709508,-3.1939447e-07,-3.1939447e-07,-2.5656263e-07,-1.4026365e-07,0.994029,3.2802956,0.011269666362774608
6.0,0.003576777201000463,-0.4970951,-0.4970951,-2.0466364e-07,-2.0466364e-07,-2.6753506e-07,-3.8379417e-07,0.994029,3.2802956,0.011302273450863598
6.0,0.003586777201000463,-0.49709508,-0.49709508,-3.193943e-07,-3.193943e-07,-2.565627e-07,-1.402639e-07,0.994029,3.2802956,0.011334880538952588
6.0,0.003596777201000463,-0.4970951,-0.4970951,-2.0466379e-07,-2.0466379e-07,-2.6753497e-07,-3.8379395e-07,0.994029,3.2802956,0.011367487627041577
6.0,0.003606777201000463,-0.49709508,-0.49709508,-3.1939416e-07,-3.1939416e-07,-2.565628e-07,-1.4026413e-07,0.994029,3.2802956,0.011400094715130567
6.0,0.003616777201000463,-0.4970951,-0.4970951,-2.0466395e-07,-2.0466395e-07,-2.675349e-07,-3.8379372e-07,0.994029,3.2802956,0.011432701803219557
6.0,0.003626777201000463,-0.49709508,-0.49709508,-3.1939402e-07,-3.1939402e-07,-2.5656288e-07,-1.4026438e-07,0.994029,3.2802956,0.011465308891308545
6.0,0.0036367772010004627,-0.4970951,-0.4970951,-2.0466409e-07,-2.0466409e-07,-2.675348e-07,-3.837935e-07,0.994029,3.2802956,0.011497915979397533
6.0,0.0036467772010004627,-0.49709508,-0.49709508,-3.1939388e-07,-3.1939388e-07,-2.56563e-07,-1.4026462e-07,0.994029,3.2802956,0.011530523067486522
6.0,0.0036567772010004627,-0.4970951,-0.4970951,-2.0466425e-07,-2.0466425e-07,-2.6753472e-07,-3.8379324e-07,0.994029,3.2802956,0.011563130155575512
6.0,0.0036667772010004628,-0.49709508,-0.49709508,-3.193937e-07,-3.193937e-07,-2.5656308e-07,-1.4026486e-07,0.994029,3.2802956,0.011595737243664502
6.0,0.003676777201000463,-0.4970951,-0.4970951,-2.046644e-07,-2.046644e-07,-2.6753466e-07,-3.83793e-07,0.994029,3.2802956,0.011628344331753492
6.0,0.003686777201000463,-0.49709508,-0.49709508,-3.1939356e-07,-3.1939356e-07,-2.5656317e-07,-1.402651e-07,0.994029,3.2802956,0.011660951419842481
6.0,0.003696777201000463,-0.4970951,-0.4970951,-2.0466456e-07,-2.0466456e-07,-2.6753457e-07,-3.8379278e-07,0.994029,3.2802956,0.011693558507931471
6.0,0.003706777201000463,-0.49709508,-0.49709508,-3.1939342e-07,-3.1939342e-07,-2.5656325e-07,-1.4026534e-07,0.994029,3.2802956,0.01172616559602046
6.0,0.003716777201000463,-0.4970951,-0.4970951,-2.0466472e-07,-2.0466472e-07,-2.675345e-07,-3.8379255e-07,0.994029,3.2802956,0.01175877268410945
6.0,0.003726777201000463,-0.49709508,-0.49709508,-3.1939328e-07,-3.1939328e-07,-2.5656334e-07,-1.4026558e-07,0.994029,3.2802956,0.01179137977219844
6.0,0.003736777201000463,-0.4970951,-0.4970951,-2.0466486e-07,-2.0466486e-07,-2.675344e-07,-3.837923e-07,0.994029,3.2802956,0.01182398686028743
6.0,0.003746777201000463,-0.49709508,-0.49709508,-3.193931e-07,-3.193931e-07,-2.5656342e-07,-1.4026583e-07,0.994029,3.2802956,0.01185659394837642
6.0,0.003756777201000463,-0.4970951,-0.4970951,-2.0466501e-07,-2.0466501e-07,-2.6753432e-07,-3.8379207e-07,0.994029,3.2802956,0.011889201036465409
6.0,0.003766777201000463,-0.49709508,-0.49709508,-3.1939297e-07,-3.1939297e-07,-2.565635e-07,-1.4026607e-07,0.994029,3.2802956,0.011921808124554399
6.0,0.003776777201000463,-0.4970951,-0.4970951,-2.0466517e-07,-2.0466517e-07,-2.6753423e-07,-3.8379184e-07,0.994029,3.2802956,0.011954415212643388
6.0,0.003786777201000463,-0.49709508,-0.49709508,-3.1939283e-07,-3.1939283e-07,-2.565636e-07,-1.4026631e-07,0.994029,3.2802956,0.011987022300732376
6.0,0.0037967772010004627,-0.4970951,-0.4970951,-2.0466533e-07,-2.0466533e-07,-2.6753415e-07,-3.8379162e-07,0.994029,3.2802956,0.012019629388821364
6.0,0.0038067772010004627,-0.49709508,-0.49709508,-3.1939268e-07,-3.1939268e-07,-2.5656368e-07,-1.4026655e-07,0.994029,3.2802956,0.012052236476910354
6.0,0.0038167772010004627,-0.4970951,-0.4970951,-2.0466547e-07,-2.0466547e-07,-2.6753406e-07,-3.8379136e-07,0.994029,3.2802956,0.012084843564999344
6.0,0.0038267772010004628,-0.49709508,-0.49709508,-3.193925e-07,-3.193925e-07,-2.5656377e-07,-1.4026679e-07,0.994029,3.2802956,0.012117450653088334
6.0,0.003836777201000463,-0.4970951,-0.4970951,-2.0466562e-07,-2.0466562e-07,-2.6753398e-07,-3.8379113e-07,0.994029,3.2802956,0.012150057741177323
6.0,0.003846777201000463,-0.49709508,-0.49709508,-3.1939237e-07,-3.1939237e-07,-2.5656385e-07,-1.4026703e-07,0.994029,3.2802956,0.012182664829266313
6.0,0.003856777201000463,-0.4970951,-0.4970951,-2.0466578e-07,-2.0466578e-07,-2.6753392e-07,-3.837909e-07,0.994029,3.2802956,0.012215271917355303
6.0,0.003866777201000463,-0.49709508,-0.49709508,-3.1939223e-07,-3.1939223e-07,-2.5656396e-07,-1.4026728e-07,0.994029,3.2802956,0.012247879005444292
6.0,0.003876777201000463,-0.4970951,-0.4970951,-2.0466594e-07,-2.0466594e-07,-2.6753384e-07,-3.8379065e-07,0.994029,3.2802956,0.012280486093533282
6.0,0.003886777201000463,-0.49709508,-0.49709508,-3.1939206e-07,-3.1939206e-07,-2.5656405e-07,-1.4026752e-07,0.994029,3.2802956,0.012313093181622272
6.0,0.003896777201000463,-0.4970951,-0.4970951,-2.046661e-07,-2.046661e-07,-2.6753375e-07,-3.8379042e-07,0.994029,3.2802956,0.012345700269711261
6.0,0.003906777201000463,-0.49709508,-0.49709508,-3.1939192e-07,-3.1939192e-07,-2.5656414e-07,-1.4026774e-07,0.994029,3.2802956,0.01237830735780025
6.0,0.0039167772010004626,-0.4970951,-0.4970951,-2.0466624e-07,-2.0466624e-07,-2.6753366e-07,-3.837902e-07,0.994029,3.2802956,0.012410914445889239
6.0,0.003926777201000463,-0.49709508,-0.49709508,-3.1939177e-07,-3.1939177e-07,-2.5656422e-07,-1.4026799e-07,0.994029,3.2802956,0.012443521533978229
6.0,0.003936777201000463,-0.4970951,-0.4970951,-2.0466639e-07,-2.0466639e-07,-2.6753358e-07,-3.8378997e-07,0.994029,3.2802956,0.012476128622067218
6.0,0.003946777201000463,-0.49709508,-0.49709508,-3.1939163e-07,-3.1939163e-07,-2.565643e-07,-1.4026823e-07,0.994029,3.2802956,0.012508735710156208
6.0,0.003956777201000463,-0.4970951,-0.4970951,-2.0466655e-07,-2.0466655e-07,-2.675335e-07,-3.837897e-07,0.994029,3.2802956,0.012541342798245198
6.0,0.003966777201000463,-0.49709508,-0.49709508,-3.1939146e-07,-3.1939146e-07,-2.565644e-07,-1.4026847e-07,0.994029,3.2802956,0.012573949886334188
6.0,0.003976777201000463,-0.4970951,-0.4970951,-2.046667e-07,-2.046667e-07,-2.675334e-07,-3.8378948e-07,0.994029,3.2802956,0.012606556974423177
6.0,0.003986777201000463,-0.49709508,-0.49709508,-3.1939132e-07,-3.1939132e-07,-2.5656448e-07,-1.4026871e-07,0.994029,3.2802956,0.012639164062512167
6.0,0.003996777201000463,-0.4970951,-0.4970951,-2.0466685e-07,-2.0466685e-07,-2.6753332e-07,-3.8378926e-07,0.994029,3.2802956,0.012671771150601157
6.0,0.004006777201000463,-0.49709508,-0.49709508,-3.1939118e-07,-3.1939118e-07,-2.5656456e-07,-1.4026895e-07,0.994029,3.2802956,0.012704378238690146
6.0,0.004016777201000463,-0.4970951,-0.4970951,-2.04667e-07,-2.04667e-07,-2.6753324e-07,-3.83789e-07,0.994029,3.2802956,0.012736985326779136
6.0,0.004026777201000463,-0.49709508,-0.49709508,-3.19391e-07,-3.19391e-07,-2.5656465e-07,-1.402692e-07,0.994029,3.2802956,0.012769592414868126
6.0,0.004036777201000463,-0.4970951,-0.4970951,-2.0466716e-07,-2.0466716e-07,-2.6753315e-07,-3.8378877e-07,0.994029,3.2802956,0.012802199502957114
6.0,0.0040467772010004625,-0.49709508,-0.49709508,-3.1939086e-07,-3.1939086e-07,-2.5656473e-07,-1.4026944e-07,0.994029,3.2802956,0.012834806591046103
6.0,0.004056777201000463,-0.4970951,-0.4970951,-2.0466732e-07,-2.0466732e-07,-2.6753307e-07,-3.8378855e-07,0.994029,3.2802956,0.012867413679135093
6.0,0.0040667772010004625,-0.49709508,-0.49709508,-3.1939072e-07,-3.1939072e-07,-2.5656482e-07,-1.4026966e-07,0.994029,3.2802956,0.012900020767224083
6.0,0.004076777201000463,-0.4970951,-0.4970951,-2.0466746e-07,-2.0466746e-07,-2.6753298e-07,-3.837883e-07,0.994029,3.2802956,0.012932627855313072
6.0,0.004086777201000463,-0.49709508,-0.49709508,-3.1939058e-07,-3.1939058e-07,-2.565649e-07,-1.402699e-07,0.994029,3.2802956,0.012965234943402062
6.0,0.004096777201000463,-0.4970951,-0.4970951,-2.0466761e-07,-2.0466761e-07,-2.6753293e-07,-3.8378806e-07,0.994029,3.2802956,0.012997842031491052
6.0,0.004106777201000463,-0.49709508,-0.49709508,-3.193904e-07,-3.193904e-07,-2.56565e-07,-1.4027015e-07,0.994029,3.2802956,0.013030449119580042
6.0,0.004116777201000463,-0.4970951,-0.4970951,-2.0466777e-07,-2.0466777e-07,-2.6753284e-07,-3.8378784e-07,0.994029,3.2802956,0.013063056207669031
6.0,0.004126777201000463,-0.49709508,-0.49709508,-3.1939027e-07,-3.1939027e-07,-2.5656507e-07,-1.4027039e-07,0.994029,3.2802956,0.013095663295758021
6.0,0.004136777201000463,-0.4970951,-0.4970951,-2.0466791e-07,-2.0466791e-07,-2.6753276e-07,-3.837876e-07,0.994029,3.2802956,0.01312827038384701
6.0,0.004146777201000463,-0.49709508,-0.49709508,-3.1939013e-07,-3.1939013e-07,-2.5656516e-07,-1.4027063e-07,0.994029,3.2802956,0.013160877471936
6.0,0.004156777201000463,-0.4970951,-0.4970951,-2.0466807e-07,-2.0466807e-07,-2.6753267e-07,-3.8378735e-07,0.994029,3.2802956,0.01319348456002499
6.0,0.004166777201000463,-0.49709508,-0.49709508,-3.1938995e-07,-3.1938995e-07,-2.5656524e-07,-1.4027087e-07,0.994029,3.2802956,0.01322609164811398
6.0,0.004176777201000463,-0.4970951,-0.4970951,-2.0466823e-07,-2.0466823e-07,-2.6753258e-07,-3.8378712e-07,0.994029,3.2802956,0.01325869873620297
6.0,0.004186777201000463,-0.49709508,-0.49709508,-3.193898e-07,-3.193898e-07,-2.5656533e-07,-1.402711e-07,0.994029,3.2802956,0.013291305824291957
6.0,0.004196777201000462,-0.4970951,-0.4970951,-2.0466838e-07,-2.0466838e-07,-2.675325e-07,-3.837869e-07,0.994029,3.2802956,0.013323912912380947
6.0,0.004206777201000463,-0.49709508,-0.49709508,-3.1938967e-07,-3.1938967e-07,-2.5656541e-07,-1.4027134e-07,0.994029,3.2802956,0.013356520000469937
6.0,0.0042167772010004625,-0.4970951,-0.4970951,-2.0466852e-07,-2.0466852e-07,-2.675324e-07,-3.8378664e-07,0.994029,3.2802956,0.013389127088558926
6.0,0.004226777201000463,-0.49709508,-0.49709508,-3.1938953e-07,-3.1938953e-07,-2.565655e-07,-1.4027158e-07,0.994029,3.2802956,0.013421734176647916
6.0,0.0042367772010004625,-0.4970951,-0.4970951,-2.0466868e-07,-2.0466868e-07,-2.6753233e-07,-3.837864e-07,0.994029,3.2802956,0.013454341264736906
6.0,0.004246777201000463,-0.49709508,-0.49709508,-3.1938936e-07,-3.1938936e-07,-2.565656e-07,-1.4027182e-07,0.994029,3.2802956,0.013486948352825896
6.0,0.004256777201000463,-0.4970951,-0.4970951,-2.0466884e-07,-2.0466884e-07,-2.6753224e-07,-3.837862e-07,0.994029,3.2802956,0.013519555440914885
6.0,0.004266777201000463,-0.49709508,-0.49709508,-3.1938922e-07,-3.1938922e-07,-2.565657e-07,-1.4027206e-07,0.994029,3.2802956,0.013552162529003875
6.0,0.004276777201000463,-0.4970951,-0.4970951,-2.0466899e-07,-2.0466899e-07,-2.6753216e-07,-3.8378593e-07,0.994029,3.2802956,0.013584769617092865
6.0,0.004286777201000463,-0.49709508,-0.49709508,-3.1938907e-07,-3.1938907e-07,-2.5656578e-07,-1.402723e-07,0.994029,3.2802956,0.013617376705181854
6.0,0.004296777201000463,-0.4970951,-0.4970951,-2.0466913e-07,-2.0466913e-07,-2.6753207e-07,-3.837857e-07,0.994029,3.2802956,0.013649983793270844
6.0,0.004306777201000463,-0.49709508,-0.49709508,-3.193889e-07,-3.193889e-07,-2.5656587e-07,-1.4027253e-07,0.994029,3.2802956,0.013682590881359834
6.0,0.004316777201000463,-0.4970951,-0.4970951,-2.0466929e-07,-2.0466929e-07,-2.67532e-07,-3.8378548e-07,0.994029,3.2802956,0.013715197969448823
6.0,0.004326777201000463,-0.49709508,-0.49709508,-3.1938876e-07,-3.1938876e-07,-2.5656595e-07,-1.4027277e-07,0.994029,3.2802956,0.013747805057537813
6.0,0.004336777201000463,-0.4970951,-0.4970951,-2.0466945e-07,-2.0466945e-07,-2.675319e-07,-3.8378522e-07,0.994029,3.2802956,0.013780412145626803
6.0,0.004346777201000463,-0.49709508,-0.49709508,-3.1938862e-07,-3.1938862e-07,-2.5656604e-07,-1.4027302e-07,0.994029,3.2802956,0.013813019233715793
6.0,0.004356777201000463,-0.4970951,-0.4970951,-2.0466959e-07,-2.0466959e-07,-2.6753182e-07,-3.83785e-07,0.994029,3.2802956,0.01384562632180478
6.0,0.0043667772010004624,-0.49709508,-0.49709508,-3.1938845e-07,-3.1938845e-07,-2.5656612e-07,-1.4027326e-07,0.994029,3.2802956,0.01387823340989377
6.0,0.004376777201000463,-0.4970951,-0.4970951,-2.0466975e-07,-2.0466975e-07,-2.6753173e-07,-3.8378477e-07,0.994029,3.2802956,0.01391084049798276
6.0,0.0043867772010004625,-0.49709508,-0.49709508,-3.193883e-07,-3.193883e-07,-2.565662e-07,-1.402735e-07,0.994029,3.2802956,0.01394344758607175
6.0,0.004396777201000463,-0.4970951,-0.4970951,-2.046699e-07,-2.046699e-07,-2.6753165e-07,-3.837845e-07,0.994029,3.2802956,0.01397605467416074
6.0,0.0044067772010004625,-0.49709508,-0.49709508,-3.1938816e-07,-3.1938816e-07,-2.565663e-07,-1.4027373e-07,0.994029,3.2802956,0.014008661762249729
6.0,0.004416777201000463,-0.4970951,-0.4970951,-2.0467006e-07,-2.0467006e-07,-2.675316e-07,-3.8378428e-07,0.994029,3.2802956,0.014041268850338719
6.0,0.004426777201000463,-0.49709508,-0.49709508,-3.19388e-07,-3.19388e-07,-2.5656638e-07,-1.4027397e-07,0.994029,3.2802956,0.014073875938427708
6.0,0.004436777201000463,-0.4970951,-0.4970951,-2.046702e-07,-2.046702e-07,-2.675315e-07,-3.8378406e-07,0.994029,3.2802956,0.014106483026516698
6.0,0.004446777201000463,-0.49709508,-0.49709508,-3.1938785e-07,-3.1938785e-07,-2.5656647e-07,-1.4027421e-07,0.994029,3.2802956,0.014139090114605688
6.0,0.004456777201000463,-0.4970951,-0.4970951,-2.0467036e-07,-2.0467036e-07,-2.6753142e-07,-3.837838e-07,0.994029,3.2802956,0.014171697202694677
6.0,0.004466777201000463,-0.49709508,-0.49709508,-3.193877e-07,-3.193877e-07,-2.5656655e-07,-1.4027445e-07,0.994029,3.2802956,0.014204304290783667
6.0,0.004476777201000463,-0.4970951,-0.4970951,-2.0467051e-07,-2.0467051e-07,-2.6753133e-07,-3.8378357e-07,0.994029,3.2802956,0.014236911378872657
6.0,0.004486777201000463,-0.49709508,-0.49709508,-3.1938757e-07,-3.1938757e-07,-2.5656664e-07,-1.402747e-07,0.994029,3.2802956,0.014269518466961647
6.0,0.004496777201000463,-0.4970951,-0.4970951,-2.0467066e-07,-2.0467066e-07,-2.6753125e-07,-3.8378334e-07,0.994029,3.2802956,0.014302125555050636
6.0,0.004506777201000463,-0.49709508,-0.49709508,-3.193874e-07,-3.193874e-07,-2.5656672e-07,-1.4027492e-07,0.994029,3.2802956,0.014334732643139624
6.0,0.004516777201000462,-0.4970951,-0.4970951,-2.0467081e-07,-2.0467081e-07,-2.6753116e-07,-3.837831e-07,0.994029,3.2802956,0.014367339731228614
6.0,0.004526777201000463,-0.49709508,-0.49709508,-3.1938725e-07,-3.1938725e-07,-2.565668e-07,-1.4027516e-07,0.994029,3.2802956,0.014399946819317604
6.0,0.0045367772010004625,-0.4970951,-0.4970951,-2.0467097e-07,-2.0467097e-07,-2.6753108e-07,-3.8378286e-07,0.994029,3.2802956,0.014432553907406593
6.0,0.004546777201000463,-0.49709508,-0.49709508,-3.193871e-07,-3.193871e-07,-2.565669e-07,-1.402754e-07,0.994029,3.2802956,0.014465160995495583
6.0,0.0045567772010004625,-0.4970951,-0.4970951,-2.0467112e-07,-2.0467112e-07,-2.67531e-07,-3.8378263e-07,0.994029,3.2802956,0.014497768083584573
6.0,0.004566777201000463,-0.49709508,-0.49709508,-3.1938694e-07,-3.1938694e-07,-2.5656698e-07,-1.4027565e-07,0.994029,3.2802956,0.014530375171673562
6.0,0.0045767772010004626,-0.4970951,-0.4970951,-2.0467127e-07,-2.0467127e-07,-2.675309e-07,-3.8378238e-07,0.994029,3.2802956,0.014562982259762552
6.0,0.004586777201000463,-0.49709508,-0.49709508,-3.193868e-07,-3.193868e-07,-2.5656706e-07,-1.4027589e-07,0.994029,3.2802956,0.014595589347851542
6.0,0.004596777201000463,-0.4970951,-0.4970951,-2.0467142e-07,-2.0467142e-07,-2.6753082e-07,-3.8378215e-07,0.994029,3.2802956,0.014628196435940531
6.0,0.004606777201000463,-0.49709508,-0.49709508,-3.1938666e-07,-3.1938666e-07,-2.5656715e-07,-1.4027611e-07,0.994029,3.2802956,0.014660803524029521
6.0,0.004616777201000463,-0.4970951,-0.4970951,-2.0467158e-07,-2.0467158e-07,-2.6753074e-07,-3.8378192e-07,0.994029,3.2802956,0.014693410612118511
6.0,0.004626777201000463,-0.49709508,-0.49709508,-3.193865e-07,-3.193865e-07,-2.5656723e-07,-1.4027636e-07,0.994029,3.2802956,0.0147260177002075
6.0,0.004636777201000463,-0.4970951,-0.4970951,-2.0467172e-07,-2.0467172e-07,-2.6753065e-07,-3.8378167e-07,0.994029,3.2802956,0.01475862478829649
6.0,0.004646777201000463,-0.49709508,-0.49709508,-3.1938634e-07,-3.1938634e-07,-2.5656732e-07,-1.402766e-07,0.994029,3.2802956,0.01479123187638548
6.0,0.004656777201000463,-0.4970951,-0.4970951,-2.0467188e-07,-2.0467188e-07,-2.6753057e-07,-3.8378144e-07,0.994029,3.2802956,0.01482383896447447
6.0,0.004666777201000463,-0.49709508,-0.49709508,-3.193862e-07,-3.193862e-07,-2.565674e-07,-1.4027684e-07,0.994029,3.2802956,0.01485644605256346
6.0,0.004676777201000463,-0.4970951,-0.4970951,-2.0467203e-07,-2.0467203e-07,-2.6753048e-07,-3.837812e-07,0.994029,3.2802956,0.014889053140652447
6.0,0.004686777201000462,-0.49709508,-0.49709508,-3.1938603e-07,-3.1938603e-07,-2.565675e-07,-1.4027708e-07,0.994029,3.2802956,0.014921660228741437
6.0,0.004696777201000463,-0.4970951,-0.4970951,-2.0467218e-07,-2.0467218e-07,-2.675304e-07,-3.8378096e-07,0.994029,3.2802956,0.014954267316830427
6.0,0.0047067772010004625,-0.49709508,-0.49709508,-3.193859e-07,-3.193859e-07,-2.5656757e-07,-1.4027731e-07,0.994029,3.2802956,0.014986874404919416
6.0,0.004716777201000463,-0.4970951,-0.4970951,-2.0467233e-07,-2.0467233e-07,-2.675303e-07,-3.8378073e-07,0.994029,3.2802956,0.015019481493008406
6.0,0.0047267772010004625,-0.49709508,-0.49709508,-3.1938575e-07,-3.1938575e-07,-2.5656766e-07,-1.4027755e-07,0.994029,3.2802956,0.015052088581097396
6.0,0.004736777201000463,-0.4970951,-0.4970951,-2.0467249e-07,-2.0467249e-07,-2.6753023e-07,-3.837805e-07,0.994029,3.2802956,0.015084695669186386
6.0,0.004746777201000463,-0.49709508,-0.49709508,-3.1938558e-07,-3.1938558e-07,-2.5656774e-07,-1.4027779e-07,0.994029,3.2802956,0.015117302757275375
6.0,0.004756777201000463,-0.4970951,-0.4970951,-2.0467265e-07,-2.0467265e-07,-2.6753014e-07,-3.8378025e-07,0.994029,3.2802956,0.015149909845364365
6.0,0.004766777201000463,-0.49709508,-0.49709508,-3.1938544e-07,-3.1938544e-07,-2.5656783e-07,-1.4027803e-07,0.994029,3.2802956,0.015182516933453355
6.0,0.004776777201000463,-0.4970951,-0.4970951,-2.0467279e-07,-2.0467279e-07,-2.6753005e-07,-3.8378002e-07,0.994029,3.2802956,0.015215124021542344
6.0,0.004786777201000463,-0.49709508,-0.49709508,-3.193853e-07,-3.193853e-07,-2.5656792e-07,-1.4027826e-07,0.994029,3.2802956,0.015247731109631334
6.0,0.004796777201000463,-0.4970951,-0.4970951,-2.0467294e-07,-2.0467294e-07,-2.6752997e-07,-3.837798e-07,0.994029,3.2802956,0.015280338197720324
6.0,0.004806777201000463,-0.49709508,-0.49709508,-3.1938512e-07,-3.1938512e-07,-2.56568e-07,-1.402785e-07,0.994029,3.2802956,0.015312945285809313
6.0,0.004816777201000463,-0.4970951,-0.4970951,-2.046731e-07,-2.046731e-07,-2.6752988e-07,-3.8377954e-07,0.994029,3.2802956,0.015345552373898303
6.0,0.004826777201000463,-0.49709508,-0.49709508,-3.1938498e-07,-3.1938498e-07,-2.565681e-07,-1.4027874e-07,0.994029,3.2802956,0.015378159461987291
6.0,0.004836777201000462,-0.4970951,-0.4970951,-2.0467324e-07,-2.0467324e-07,-2.675298e-07,-3.837793e-07,0.994029,3.2802956,0.01541076655007628
6.0,0.004846777201000463,-0.49709508,-0.49709508,-3.1938484e-07,-3.1938484e-07,-2.5656817e-07,-1.4027898e-07,0.994029,3.2802956,0.01544337363816527
6.0,0.004856777201000462,-0.4970951,-0.4970951,-2.046734e-07,-2.046734e-07,-2.6752974e-07,-3.8377908e-07,0.994029,3.2802956,0.01547598072625426
6.0,0.004866777201000463,-0.49709508,-0.49709508,-3.193847e-07,-3.193847e-07,-2.5656826e-07,-1.4027921e-07,0.994029,3.2802956,0.01550858781434325
6.0,0.0048767772010004625,-0.4970951,-0.4970951,-2.0467355e-07,-2.0467355e-07,-2.6752966e-07,-3.8377883e-07,0.994029,3.2802956,0.01554119490243224
6.0,0.004886777201000463,-0.49709508,-0.49709508,-3.1938453e-07,-3.1938453e-07,-2.5656834e-07,-1.4027945e-07,0.994029,3.2802956,0.01557380199052123
6.0,0.0048967772010004625,-0.4970951,-0.4970951,-2.046737e-07,-2.046737e-07,-2.6752957e-07,-3.837786e-07,0.994029,3.2802956,0.015606409078610219
6.0,0.004906777201000463,-0.49709508,-0.49709508,-3.1938438e-07,-3.1938438e-07,-2.5656843e-07,-1.402797e-07,0.994029,3.2802956,0.01563901616669921
6.0,0.004916777201000463,-0.4970951,-0.4970951,-2.0467385e-07,-2.0467385e-07,-2.675295e-07,-3.8377837e-07,0.994029,3.2802956,0.015671623254788197
6.0,0.004926777201000463,-0.49709508,-0.49709508,-3.1938424e-07,-3.1938424e-07,-2.565685e-07,-1.4027994e-07,0.994029,3.2802956,0.015704230342877185
6.0,0.004936777201000463,-0.4970951,-0.4970951,-2.0467401e-07,-2.0467401e-07,-2.675294e-07,-3.8377812e-07,0.994029,3.2802956,0.015736837430966173
6.0,0.004946777201000463,-0.49709508,-0.49709508,-3.1938407e-07,-3.1938407e-07,-2.565686e-07,-1.4028018e-07,0.994029,3.2802956,0.01576944451905516
6.0,0.004956777201000463,-0.4970951,-0.4970951,-2.0467415e-07,-2.0467415e-07,-2.6752932e-07,-3.837779e-07,0.994029,3.2802956,0.01580205160714415
6.0,0.004966777201000463,-0.49709508,-0.49709508,-3.1938393e-07,-3.1938393e-07,-2.5656868e-07,-1.402804e-07,0.994029,3.2802956,0.015834658695233136
6.0,0.004976777201000463,-0.4970951,-0.4970951,-2.0467431e-07,-2.0467431e-07,-2.6752923e-07,-3.8377766e-07,0.994029,3.2802956,0.015867265783322124
6.0,0.004986777201000463,-0.49709508,-0.49709508,-3.193838e-07,-3.193838e-07,-2.5656877e-07,-1.4028065e-07,0.994029,3.2802956,0.015899872871411112
6.0,0.004996777201000463,-0.4970951,-0.4970951,-2.0467446e-07,-2.0467446e-07,-2.6752915e-07,-3.837774e-07,0.994029,3.2802956,0.0159324799595001
6.0,0.005006777201000462,-0.49709508,-0.49709508,-3.1938362e-07,-3.1938362e-07,-2.5656885e-07,-1.4028089e-07,0.994029,3.2802956,0.015965087047589088
6.0,0.005016777201000463,-0.4970951,-0.4970951,-2.0467462e-07,-2.0467462e-07,-2.6752906e-07,-3.8377718e-07,0.994029,3.2802956,0.015997694135678076
6.0,0.0050267772010004624,-0.49709508,-0.49709508,-3.1938347e-07,-3.1938347e-07,-2.5656894e-07,-1.4028113e-07,0.994029,3.2802956,0.016030301223767064
6.0,0.005036777201000463,-0.4970951,-0.4970951,-2.0467476e-07,-2.0467476e-07,-2.6752897e-07,-3.8377695e-07,0.994029,3.2802956,0.016062908311856052
6.0,0.0050467772010004625,-0.49709508,-0.49709508,-3.1938333e-07,-3.1938333e-07,-2.5656902e-07,-1.4028136e-07,0.994029,3.2802956,0.01609551539994504
6.0,0.005056777201000463,-0.4970951,-0.4970951,-2.0467492e-07,-2.0467492e-07,-2.675289e-07,-3.837767e-07,0.994029,3.2802956,0.016128122488034028
6.0,0.0050667772010004625,-0.49709508,-0.49709508,-3.1938316e-07,-3.1938316e-07,-2.565691e-07,-1.402816e-07,0.994029,3.2802956,0.016160729576123016
6.0,0.005076777201000463,-0.4970951,-0.4970951,-2.0467508e-07,-2.0467508e-07,-2.675288e-07,-3.8377647e-07,0.994029,3.2802956,0.016193336664212004
6.0,0.005086777201000463,-0.49709508,-0.49709508,-3.1938302e-07,-3.1938302e-07,-2.565692e-07,-1.4028184e-07,0.994029,3.2802956,0.016225943752300992
6.0,0.005096777201000463,-0.4970951,-0.4970951,-2.0467522e-07,-2.0467522e-07,-2.6752872e-07,-3.8377624e-07,0.994029,3.2802956,0.01625855084038998
6.0,0.005106777201000463,-0.49709508,-0.49709508,-3.1938288e-07,-3.1938288e-07,-2.5656928e-07,-1.4028208e-07,0.994029,3.2802956,0.016291157928478968
6.0,0.005116777201000463,-0.4970951,-0.4970951,-2.0467537e-07,-2.0467537e-07,-2.6752863e-07,-3.8377598e-07,0.994029,3.2802956,0.016323765016567956
6.0,0.005126777201000463,-0.49709508,-0.49709508,-3.193827e-07,-3.193827e-07,-2.5656936e-07,-1.4028231e-07,0.994029,3.2802956,0.016356372104656944
6.0,0.005136777201000463,-0.4970951,-0.4970951,-2.0467553e-07,-2.0467553e-07,-2.6752855e-07,-3.8377576e-07,0.994029,3.2802956,0.016388979192745932
6.0,0.005146777201000463,-0.49709508,-0.49709508,-3.1938256e-07,-3.1938256e-07,-2.5656945e-07,-1.4028255e-07,0.994029,3.2802956,0.01642158628083492
6.0,0.005156777201000462,-0.4970951,-0.4970951,-2.0467567e-07,-2.0467567e-07,-2.6752846e-07,-3.837755e-07,0.994029,3.2802956,0.016454193368923908
6.0,0.005166777201000463,-0.49709508,-0.49709508,-3.1938242e-07,-3.1938242e-07,-2.5656954e-07,-1.402828e-07,0.994029,3.2802956,0.016486800457012896
6.0,0.005176777201000462,-0.4970951,-0.4970951,-2.0467583e-07,-2.0467583e-07,-2.6752838e-07,-3.8377527e-07,0.994029,3.2802956,0.016519407545101884
6.0,0.005186777201000463,-0.49709508,-0.49709508,-3.1938225e-07,-3.1938225e-07,-2.5656962e-07,-1.4028303e-07,0.994029,3.2802956,0.01655201463319087
6.0,0.0051967772010004624,-0.4970951,-0.4970951,-2.0467598e-07,-2.0467598e-07,-2.675283e-07,-3.8377505e-07,0.994029,3.2802956,0.01658462172127986
6.0,0.005206777201000463,-0.49709508,-0.49709508,-3.193821e-07,-3.193821e-07,-2.565697e-07,-1.4028326e-07,0.994029,3.2802956,0.016617228809368847
6.0,0.0052167772010004625,-0.4970951,-0.4970951,-2.0467613e-07,-2.0467613e-07,-2.675282e-07,-3.837748e-07,0.994029,3.2802956,0.016649835897457835
6.0,0.005226777201000463,-0.49709508,-0.49709508,-3.1938197e-07,-3.1938197e-07,-2.565698e-07,-1.402835e-07,0.994029,3.2802956,0.016682442985546823
6.0,0.0052367772010004626,-0.4970951,-0.4970951,-2.0467628e-07,-2.0467628e-07,-2.6752812e-07,-3.8377456e-07,0.994029,3.2802956,0.01671505007363581
6.0,0.005246777201000463,-0.49709508,-0.49709508,-3.193818e-07,-3.193818e-07,-2.5656988e-07,-1.4028375e-07,0.994029,3.2802956,0.0167476571617248
6.0,0.005256777201000463,-0.4970951,-0.4970951,-2.0467644e-07,-2.0467644e-07,-2.6752804e-07,-3.8377433e-07,0.994029,3.2802956,0.016780264249813787
6.0,0.005266777201000463,-0.49709508,-0.49709508,-3.1938166e-07,-3.1938166e-07,-2.5656996e-07,-1.4028399e-07,0.994029,3.2802956,0.016812871337902775
6.0,0.005276777201000463,-0.4970951,-0.4970951,-2.0467658e-07,-2.0467658e-07,-2.6752795e-07,-3.8377408e-07,0.994029,3.2802956,0.016845478425991763
6.0,0.005286777201000463,-0.49709508,-0.49709508,-3.193815e-07,-3.193815e-07,-2.5657005e-07,-1.4028421e-07,0.994029,3.2802956,0.01687808551408075
6.0,0.005296777201000463,-0.4970951,-0.4970951,-2.0467674e-07,-2.0467674e-07,-2.6752787e-07,-3.8377385e-07,0.994029,3.2802956,0.01691069260216974
6.0,0.005306777201000463,-0.49709508,-0.49709508,-3.1938134e-07,-3.1938134e-07,-2.5657013e-07,-1.4028446e-07,0.994029,3.2802956,0.016943299690258727
6.0,0.005316777201000463,-0.4970951,-0.4970951,-2.046769e-07,-2.046769e-07,-2.6752778e-07,-3.8377362e-07,0.994029,3.2802956,0.016975906778347715
6.0,0.005326777201000462,-0.49709508,-0.49709508,-3.193812e-07,-3.193812e-07,-2.5657022e-07,-1.402847e-07,0.994029,3.2802956,0.017008513866436703
6.0,0.005336777201000463,-0.4970951,-0.4970951,-2.0467704e-07,-2.0467704e-07,-2.675277e-07,-3.8377337e-07,0.994029,3.2802956,0.01704112095452569
6.0,0.005346777201000462,-0.49709508,-0.49709508,-3.1938106e-07,-3.1938106e-07,-2.565703e-07,-1.4028493e-07,0.994029,3.2802956,0.01707372804261468
6.0,0.005356777201000463,-0.4970951,-0.4970951,-2.0467719e-07,-2.0467719e-07,-2.675276e-07,-3.8377314e-07,0.994029,3.2802956,0.017106335130703667
6.0,0.0053667772010004625,-0.49709508,-0.49709508,-3.193809e-07,-3.193809e-07,-2.565704e-07,-1.4028517e-07,0.994029,3.2802956,0.017138942218792655
6.0,0.005376777201000463,-0.4970951,-0.4970951,-2.0467735e-07,-2.0467735e-07,-2.6752753e-07,-3.837729e-07,0.994029,3.2802956,0.017171549306881643
6.0,0.0053867772010004625,-0.49709508,-0.49709508,-3.1938075e-07,-3.1938075e-07,-2.5657047e-07,-1.4028541e-07,0.994029,3.2802956,0.01720415639497063
6.0,0.005396777201000463,-0.4970951,-0.4970951,-2.046775e-07,-2.046775e-07,-2.6752744e-07,-3.8377266e-07,0.994029,3.2802956,0.01723676348305962
6.0,0.0054067772010004626,-0.49709508,-0.49709508,-3.193806e-07,-3.193806e-07,-2.5657056e-07,-1.4028565e-07,0.994029,3.2802956,0.017269370571148607
6.0,0.005416777201000463,-0.4970951,-0.4970951,-2.0467765e-07,-2.0467765e-07,-2.6752735e-07,-3.8377243e-07,0.994029,3.2802956,0.017301977659237595
6.0,0.005426777201000463,-0.49709508,-0.49709508,-3.1938043e-07,-3.1938043e-07,-2.5657064e-07,-1.4028588e-07,0.994029,3.2802956,0.017334584747326583
6.0,0.005436777201000463,-0.4970951,-0.4970951,-2.046778e-07,-2.046778e-07,-2.675273e-07,-3.837722e-07,0.994029,3.2802956,0.01736719183541557
6.0,0.005446777201000463,-0.49709508,-0.49709508,-3.193803e-07,-3.193803e-07,-2.5657073e-07,-1.4028612e-07,0.994029,3.2802956,0.01739979892350456
6.0,0.005456777201000463,-0.4970951,-0.4970951,-2.0467796e-07,-2.0467796e-07,-2.675272e-07,-3.8377195e-07,0.994029,3.2802956,0.017432406011593547
6.0,0.005466777201000463,-0.49709508,-0.49709508,-3.1938015e-07,-3.1938015e-07,-2.5657081e-07,-1.4028636e-07,0.994029,3.2802956,0.017465013099682535
6.0,0.005476777201000462,-0.4970951,-0.4970951,-2.046781e-07,-2.046781e-07,-2.6752713e-07,-3.8377172e-07,0.994029,3.2802956,0.017497620187771522
6.0,0.005486777201000463,-0.49709508,-0.49709508,-3.1937998e-07,-3.1937998e-07,-2.565709e-07,-1.402866e-07,0.994029,3.2802956,0.01753022727586051
6.0,0.005496777201000462,-0.4970951,-0.4970951,-2.0467826e-07,-2.0467826e-07,-2.6752704e-07,-3.837715e-07,0.994029,3.2802956,0.0175628343639495
6.0,0.005506777201000463,-0.49709508,-0.49709508,-3.1937984e-07,-3.1937984e-07,-2.5657098e-07,-1.4028683e-07,0.994029,3.2802956,0.017595441452038486
6.0,0.005516777201000462,-0.4970951,-0.4970951,-2.0467841e-07,-2.0467841e-07,-2.6752696e-07,-3.8377124e-07,0.994029,3.2802956,0.017628048540127474
6.0,0.005526777201000463,-0.49709508,-0.49709508,-3.193797e-07,-3.193797e-07,-2.5657107e-07,-1.4028707e-07,0.994029,3.2802956,0.017660655628216462
6.0,0.0055367772010004625,-0.4970951,-0.4970951,-2.0467856e-07,-2.0467856e-07,-2.6752687e-07,-3.83771e-07,0.994029,3.2802956,0.01769326271630545
6.0,0.005546777201000463,-0.49709508,-0.49709508,-3.1937952e-07,-3.1937952e-07,-2.5657116e-07,-1.4028731e-07,0.994029,3.2802956,0.017725869804394438
6.0,0.0055567772010004625,-0.4970951,-0.4970951,-2.0467871e-07,-2.0467871e-07,-2.675268e-07,-3.8377075e-07,0.994029,3.2802956,0.017758476892483426
6.0,0.005566777201000463,-0.49709508,-0.49709508,-3.1937938e-07,-3.1937938e-07,-2.5657124e-07,-1.4028755e-07,0.994029,3.2802956,0.017791083980572414
6.0,0.005576777201000463,-0.4970951,-0.4970951,-2.0467887e-07,-2.0467887e-07,-2.675267e-07,-3.8377053e-07,0.994029,3.2802956,0.017823691068661402
6.0,0.005586777201000463,-0.49709508,-0.49709508,-3.1937924e-07,-3.1937924e-07,-2.5657133e-07,-1.4028778e-07,0.994029,3.2802956,0.01785629815675039
6.0,0.005596777201000463,-0.4970951,-0.4970951,-2.0467901e-07,-2.0467901e-07,-2.6752662e-07,-3.837703e-07,0.994029,3.2802956,0.017888905244839378
6.0,0.005606777201000463,-0.49709508,-0.49709508,-3.1937907e-07,-3.1937907e-07,-2.565714e-07,-1.4028802e-07,0.994029,3.2802956,0.017921512332928366
6.0,0.005616777201000463,-0.4970951,-0.4970951,-2.0467917e-07,-2.0467917e-07,-2.6752653e-07,-3.8377004e-07,0.994029,3.2802956,0.017954119421017354
6.0,0.005626777201000463,-0.49709508,-0.49709508,-3.1937893e-07,-3.1937893e-07,-2.565715e-07,-1.4028826e-07,0.994029,3.2802956,0.017986726509106342
6.0,0.005636777201000463,-0.4970951,-0.4970951,-2.0467932e-07,-2.0467932e-07,-2.6752645e-07,-3.8376982e-07,0.994029,3.2802956,0.01801933359719533
6.0,0.005646777201000462,-0.49709508,-0.49709508,-3.1937878e-07,-3.1937878e-07,-2.5657158e-07,-1.4028849e-07,0.994029,3.2802956,0.018051940685284318
6.0,0.005656777201000463,-0.4970951,-0.4970951,-2.0467947e-07,-2.0467947e-07,-2.6752636e-07,-3.837696e-07,0.994029,3.2802956,0.018084547773373306
6.0,0.005666777201000462,-0.49709508,-0.49709508,-3.1937861e-07,-3.1937861e-07,-2.5657167e-07,-1.4028873e-07,0.994029,3.2802956,0.018117154861462294
6.0,0.005676777201000463,-0.4970951,-0.4970951,-2.0467962e-07,-2.0467962e-07,-2.6752627e-07,-3.8376933e-07,0.994029,3.2802956,0.01814976194955128
6.0,0.005686777201000462,-0.49709508,-0.49709508,-3.1937847e-07,-3.1937847e-07,-2.5657175e-07,-1.4028898e-07,0.994029,3.2802956,0.01818236903764027
6.0,0.005696777201000463,-0.4970951,-0.4970951,-2.0467978e-07,-2.0467978e-07,-2.675262e-07,-3.837691e-07,0.994029,3.2802956,0.018214976125729258
6.0,0.0057067772010004625,-0.49709508,-0.49709508,-3.1937833e-07,-3.1937833e-07,-2.565718e-07,-1.4028922e-07,0.994029,3.2802956,0.018247583213818246
6.0,0.005716777201000463,-0.4970951,-0.4970951,-2.0467992e-07,-2.0467992e-07,-2.675261e-07,-3.8376888e-07,0.994029,3.2802956,0.018280190301907234
6.0,0.0057267772010004625,-0.49709508,-0.49709508,-3.1937816e-07,-3.1937816e-07,-2.565719e-07,-1.4028944e-07,0.994029,3.2802956,0.01831279738999622
6.0,0.005736777201000463,-0.4970951,-0.4970951,-2.0468008e-07,-2.0468008e-07,-2.6752602e-07,-3.8376862e-07,0.994029,3.2802956,0.01834540447808521
6.0,0.005746777201000463,-0.49709508,-0.49709508,-3.1937802e-07,-3.1937802e-07,-2.5657198e-07,-1.4028969e-07,0.994029,3.2802956,0.018378011566174197
6.0,0.005756777201000463,-0.4970951,-0.4970951,-2.0468023e-07,-2.0468023e-07,-2.6752593e-07,-3.837684e-07,0.994029,3.2802956,0.018410618654263185
6.0,0.005766777201000463,-0.49709508,-0.49709508,-3.1937788e-07,-3.1937788e-07,-2.5657206e-07,-1.4028993e-07,0.994029,3.2802956,0.018443225742352173
6.0,0.005776777201000463,-0.4970951,-0.4970951,-2.0468039e-07,-2.0468039e-07,-2.6752585e-07,-3.8376817e-07,0.994029,3.2802956,0.01847583283044116
6.0,0.005786777201000463,-0.49709508,-0.49709508,-3.193777e-07,-3.193777e-07,-2.5657215e-07,-1.4029017e-07,0.994029,3.2802956,0.01850843991853015
6.0,0.005796777201000462,-0.4970951,-0.4970951,-2.0468053e-07,-2.0468053e-07,-2.6752576e-07,-3.837679e-07,0.994029,3.2802956,0.018541047006619137
6.0,0.005806777201000463,-0.49709508,-0.49709508,-3.1937756e-07,-3.1937756e-07,-2.5657224e-07,-1.402904e-07,0.994029,3.2802956,0.018573654094708125
6.0,0.005816777201000462,-0.4970951,-0.4970951,-2.0468069e-07,-2.0468069e-07,-2.6752568e-07,-3.8376768e-07,0.994029,3.2802956,0.018606261182797113
6.0,0.005826777201000463,-0.49709508,-0.49709508,-3.1937742e-07,-3.1937742e-07,-2.5657232e-07,-1.4029064e-07,0.994029,3.2802956,0.0186388682708861
6.0,0.005836777201000462,-0.4970951,-0.4970951,-2.0468084e-07,-2.0468084e-07,-2.675256e-07,-3.8376746e-07,0.994029,3.2802956,0.01867147535897509
6.0,0.005846777201000463,-0.49709508,-0.49709508,-3.1937725e-07,-3.1937725e-07,-2.565724e-07,-1.4029088e-07,0.994029,3.2802956,0.018704082447064077
6.0,0.0058567772010004624,-0.4970951,-0.4970951,-2.0468099e-07,-2.0468099e-07,-2.675255e-07,-3.837672e-07,0.994029,3.2802956,0.018736689535153065
6.0,0.005866777201000463,-0.49709508,-0.49709508,-3.193771e-07,-3.193771e-07,-2.565725e-07,-1.402911e-07,0.994029,3.2802956,0.018769296623242053
6.0,0.0058767772010004625,-0.4970951,-0.4970951,-2.0468114e-07,-2.0468114e-07,-2.6752542e-07,-3.8376697e-07,0.994029,3.2802956,0.01880190371133104
6.0,0.005886777201000463,-0.49709508,-0.49709508,-3.1937697e-07,-3.1937697e-07,-2.5657258e-07,-1.4029135e-07,0.994029,3.2802956,0.01883451079942003
6.0,0.0058967772010004625,-0.4970951,-0.4970951,-2.046813e-07,-2.046813e-07,-2.6752534e-07,-3.8376672e-07,0.994029,3.2802956,0.018867117887509017
6.0,0.005906777201000463,-0.49709508,-0.49709508,-3.193768e-07,-3.193768e-07,-2.5657266e-07,-1.4029159e-07,0.994029,3.2802956,0.018899724975598005
6.0,0.005916777201000463,-0.4970951,-0.4970951,-2.0468144e-07,-2.0468144e-07,-2.6752525e-07,-3.837665e-07,0.994029,3.2802956,0.018932332063686993
6.0,0.005926777201000463,-0.49709508,-0.49709508,-3.1937665e-07,-3.1937665e-07,-2.5657275e-07,-1.4029183e-07,0.994029,3.2802956,0.01896493915177598
6.0,0.005936777201000463,-0.4970951,-0.4970951,-2.046816e-07,-2.046816e-07,-2.6752517e-07,-3.8376626e-07,0.994029,3.2802956,0.01899754623986497
6.0,0.005946777201000463,-0.49709508,-0.49709508,-3.193765e-07,-3.193765e-07,-2.5657283e-07,-1.4029206e-07,0.994029,3.2802956,0.019030153327953957
6.0,0.005956777201000463,-0.4970951,-0.4970951,-2.0468175e-07,-2.0468175e-07,-2.6752508e-07,-3.83766e-07,0.994029,3.2802956,0.019062760416042945
6.0,0.005966777201000462,-0.49709508,-0.49709508,-3.1937634e-07,-3.1937634e-07,-2.5657292e-07,-1.402923e-07,0.994029,3.2802956,0.019095367504131933
6.0,0.005976777201000463,-0.4970951,-0.4970951,-2.046819e-07,-2.046819e-07,-2.67525e-07,-3.8376578e-07,0.994029,3.2802956,0.01912797459222092
6.0,0.005986777201000462,-0.49709508,-0.49709508,-3.193762e-07,-3.193762e-07,-2.56573e-07,-1.4029254e-07,0.994029,3.2802956,0.01916058168030991
6.0,0.005996777201000463,-0.4970951,-0.4970951,-2.0468205e-07,-2.0468205e-07,-2.675249e-07,-3.8376555e-07,0.994029,3.2802956,0.019193188768398897
6.0,0.006006777201000462,-0.49709508,-0.49709508,-3.1937606e-07,-3.1937606e-07,-2.565731e-07,-1.4029277e-07,0.994029,3.2802956,0.019225795856487884
6.0,0.006016777201000463,-0.4970951,-0.4970951,-2.0468221e-07,-2.0468221e-07,-2.6752483e-07,-3.837653e-07,0.994029,3.2802956,0.019258402944576872
6.0,0.0060267772010004625,-0.49709508,-0.49709508,-3.1937589e-07,-3.1937589e-07,-2.5657317e-07,-1.4029301e-07,0.994029,3.2802956,0.01929101003266586
6.0,0.006036777201000463,-0.4970951,-0.4970951,-2.0468235e-07,-2.0468235e-07,-2.6752474e-07,-3.8376507e-07,0.994029,3.2802956,0.01932361712075485
6.0,0.0060467772010004625,-0.49709508,-0.49709508,-3.1937574e-07,-3.1937574e-07,-2.5657326e-07,-1.4029325e-07,0.994029,3.2802956,0.019356224208843836
6.0,0.006056777201000463,-0.4970951,-0.4970951,-2.0468251e-07,-2.0468251e-07,-2.6752465e-07,-3.8376484e-07,0.994029,3.2802956,0.019388831296932824
6.0,0.0060667772010004626,-0.49709508,-0.49709508,-3.193756e-07,-3.193756e-07,-2.5657334e-07,-1.402935e-07,0.994029,3.2802956,0.019421438385021812
6.0,0.006076777201000463,-0.4970951,-0.4970951,-2.0468266e-07,-2.0468266e-07,-2.675246e-07,-3.837646e-07,0.994029,3.2802956,0.0194540454731108
6.0,0.006086777201000463,-0.49709508,-0.49709508,-3.1937543e-07,-3.1937543e-07,-2.5657343e-07,-1.4029372e-07,0.994029,3.2802956,0.019486652561199788
6.0,0.006096777201000463,-0.4970951,-0.4970951,-2.046828e-07,-2.046828e-07,-2.675245e-07,-3.8376436e-07,0.994029,3.2802956,0.019519259649288776
6.0,0.006106777201000463,-0.49709508,-0.49709508,-3.193753e-07,-3.193753e-07,-2.5657351e-07,-1.4029396e-07,0.994029,3.2802956,0.019551866737377764
6.0,0.006116777201000462,-0.4970951,-0.4970951,-2.0468296e-07,-2.0468296e-07,-2.6752443e-07,-3.8376413e-07,0.994029,3.2802956,0.019584473825466752
6.0,0.006126777201000463,-0.49709508,-0.49709508,-3.1937515e-07,-3.1937515e-07,-2.565736e-07,-1.402942e-07,0.994029,3.2802956,0.01961708091355574
6.0,0.006136777201000462,-0.4970951,-0.4970951,-2.0468312e-07,-2.0468312e-07,-2.6752434e-07,-3.8376388e-07,0.994029,3.2802956,0.019649688001644728
6.0,0.006146777201000463,-0.49709508,-0.49709508,-3.1937498e-07,-3.1937498e-07,-2.5657368e-07,-1.4029445e-07,0.994029,3.2802956,0.019682295089733716
6.0,0.006156777201000462,-0.4970951,-0.4970951,-2.0468326e-07,-2.0468326e-07,-2.6752426e-07,-3.8376365e-07,0.994029,3.2802956,0.019714902177822704
6.0,0.006166777201000463,-0.49709508,-0.49709508,-3.1937483e-07,-3.1937483e-07,-2.5657377e-07,-1.4029467e-07,0.994029,3.2802956,0.019747509265911692
6.0,0.006176777201000462,-0.4970951,-0.4970951,-2.0468342e-07,-2.0468342e-07,-2.6752417e-07,-3.8376342e-07,0.994029,3.2802956,0.01978011635400068
6.0,0.006186777201000463,-0.49709508,-0.49709508,-3.193747e-07,-3.193747e-07,-2.5657386e-07,-1.4029492e-07,0.994029,3.2802956,0.019812723442089668
6.0,0.0061967772010004625,-0.4970951,-0.4970951,-2.0468357e-07,-2.0468357e-07,-2.675241e-07,-3.8376317e-07,0.994029,3.2802956,0.019845330530178656
6.0,0.006206777201000463,-0.49709508,-0.49709508,-3.1937452e-07,-3.1937452e-07,-2.5657394e-07,-1.4029516e-07,0.994029,3.2802956,0.019877937618267644
6.0,0.0062167772010004625,-0.4970951,-0.4970951,-2.0468372e-07,-2.0468372e-07,-2.67524e-07,-3.8376294e-07,0.994029,3.2802956,0.01991054470635663
6.0,0.006226777201000463,-0.49709508,-0.49709508,-3.1937438e-07,-3.1937438e-07,-2.5657403e-07,-1.4029538e-07,0.994029,3.2802956,0.01994315179444562
6.0,0.006236777201000463,-0.4970951,-0.4970951,-2.0468387e-07,-2.0468387e-07,-2.6752392e-07,-3.8376268e-07,0.994029,3.2802956,0.019975758882534608
6.0,0.006246777201000463,-0.49709508,-0.49709508,-3.1937424e-07,-3.1937424e-07,-2.565741e-07,-1.4029563e-07,0.994029,3.2802956,0.020008365970623596
6.0,0.006256777201000463,-0.4970951,-0.4970951,-2.0468403e-07,-2.0468403e-07,-2.6752383e-07,-3.8376245e-07,0.994029,3.2802956,0.020040973058712584
6.0,0.006266777201000463,-0.49709508,-0.49709508,-3.1937407e-07,-3.1937407e-07,-2.565742e-07,-1.4029587e-07,0.994029,3.2802956,0.02007358014680157
6.0,0.006276777201000463,-0.4970951,-0.4970951,-2.0468418e-07,-2.0468418e-07,-2.6752375e-07,-3.8376223e-07,0.994029,3.2802956,0.02010618723489056
6.0,0.006286777201000462,-0.49709508,-0.49709508,-3.1937392e-07,-3.1937392e-07,-2.5657428e-07,-1.4029611e-07,0.994029,3.2802956,0.020138794322979547
6.0,0.006296777201000463,-0.4970951,-0.4970951,-2.0468433e-07,-2.0468433e-07,-2.6752366e-07,-3.8376197e-07,0.994029,3.2802956,0.020171401411068535
6.0,0.006306777201000462,-0.49709508,-0.49709508,-3.1937378e-07,-3.1937378e-07,-2.5657437e-07,-1.4029634e-07,0.994029,3.2802956,0.020204008499157523
6.0,0.006316777201000463,-0.4970951,-0.4970951,-2.0468448e-07,-2.0468448e-07,-2.6752357e-07,-3.8376174e-07,0.994029,3.2802956,0.02023661558724651
6.0,0.006326777201000462,-0.49709508,-0.49709508,-3.193736e-07,-3.193736e-07,-2.5657445e-07,-1.4029658e-07,0.994029,3.2802956,0.0202692226753355
6.0,0.006336777201000463,-0.4970951,-0.4970951,-2.0468464e-07,-2.0468464e-07,-2.675235e-07,-3.8376152e-07,0.994029,3.2802956,0.020301829763424487
6.0,0.006346777201000462,-0.49709508,-0.49709508,-3.1937347e-07,-3.1937347e-07,-2.5657454e-07,-1.4029682e-07,0.994029,3.2802956,0.020334436851513475
6.0,0.006356777201000463,-0.4970951,-0.4970951,-2.0468478e-07,-2.0468478e-07,-2.675234e-07,-3.8376126e-07,0.994029,3.2802956,0.020367043939602463
6.0,0.0063667772010004625,-0.49709508,-0.49709508,-3.1937333e-07,-3.1937333e-07,-2.5657462e-07,-1.4029705e-07,0.994029,3.2802956,0.02039965102769145
6.0,0.006376777201000463,-0.4970951,-0.4970951,-2.0468494e-07,-2.0468494e-07,-2.6752332e-07,-3.8376103e-07,0.994029,3.2802956,0.02043225811578044
6.0,0.0063867772010004625,-0.49709508,-0.49709508,-3.1937316e-07,-3.1937316e-07,-2.565747e-07,-1.4029729e-07,0.994029,3.2802956,0.020464865203869427
6.0,0.006396777201000463,-0.4970951,-0.4970951,-2.046851e-07,-2.046851e-07,-2.6752323e-07,-3.837608e-07,0.994029,3.2802956,0.020497472291958415
6.0,0.006406777201000463,-0.49709508,-0.49709508,-3.1937302e-07,-3.1937302e-07,-2.565748e-07,-1.4029753e-07,0.994029,3.2802956,0.020530079380047403
6.0,0.006416777201000463,-0.4970951,-0.4970951,-2.0468524e-07,-2.0468524e-07,-2.6752315e-07,-3.8376055e-07,0.994029,3.2802956,0.02056268646813639
6.0,0.006426777201000463,-0.49709508,-0.49709508,-3.1937287e-07,-3.1937287e-07,-2.5657488e-07,-1.4029777e-07,0.994029,3.2802956,0.02059529355622538
6.0,0.006436777201000462,-0.4970951,-0.4970951,-2.0468539e-07,-2.0468539e-07,-2.6752306e-07,-3.8376032e-07,0.994029,3.2802956,0.020627900644314367
6.0,0.006446777201000463,-0.49709508,-0.49709508,-3.193727e-07,-3.193727e-07,-2.5657496e-07,-1.40298e-07,0.994029,3.2802956,0.020660507732403355
6.0,0.006456777201000462,-0.4970951,-0.4970951,-2.0468555e-07,-2.0468555e-07,-2.6752298e-07,-3.837601e-07,0.994029,3.2802956,0.020693114820492343
6.0,0.006466777201000463,-0.49709508,-0.49709508,-3.1937256e-07,-3.1937256e-07,-2.5657505e-07,-1.4029824e-07,0.994029,3.2802956,0.02072572190858133
6.0,0.006476777201000462,-0.4970951,-0.4970951,-2.0468569e-07,-2.0468569e-07,-2.675229e-07,-3.8375984e-07,0.994029,3.2802956,0.02075832899667032
6.0,0.006486777201000463,-0.49709508,-0.49709508,-3.1937242e-07,-3.1937242e-07,-2.5657513e-07,-1.4029848e-07,0.994029,3.2802956,0.020790936084759307
6.0,0.006496777201000462,-0.4970951,-0.4970951,-2.0468585e-07,-2.0468585e-07,-2.675228e-07,-3.837596e-07,0.994029,3.2802956,0.020823543172848295
6.0,0.006506777201000463,-0.49709508,-0.49709508,-3.1937225e-07,-3.1937225e-07,-2.5657522e-07,-1.4029871e-07,0.994029,3.2802956,0.020856150260937283
6.0,0.0065167772010004624,-0.4970951,-0.4970951,-2.04686e-07,-2.04686e-07,-2.6752272e-07,-3.8375939e-07,0.994029,3.2802956,0.02088875734902627
6.0,0.006526777201000463,-0.49709508,-0.49709508,-3.193721e-07,-3.193721e-07,-2.5657528e-07,-1.4029895e-07,0.994029,3.2802956,0.02092136443711526
6.0,0.0065367772010004625,-0.4970951,-0.4970951,-2.0468615e-07,-2.0468615e-07,-2.6752264e-07,-3.8375913e-07,0.994029,3.2802956,0.020953971525204246
6.0,0.006546777201000463,-0.49709508,-0.49709508,-3.1937196e-07,-3.1937196e-07,-2.5657536e-07,-1.4029919e-07,0.994029,3.2802956,0.020986578613293234
6.0,0.0065567772010004625,-0.4970951,-0.4970951,-2.046863e-07,-2.046863e-07,-2.6752255e-07,-3.837589e-07,0.994029,3.2802956,0.021019185701382222
6.0,0.006566777201000463,-0.49709508,-0.49709508,-3.193718e-07,-3.193718e-07,-2.5657545e-07,-1.4029943e-07,0.994029,3.2802956,0.02105179278947121
6.0,0.006576777201000463,-0.4970951,-0.4970951,-2.0468646e-07,-2.0468646e-07,-2.6752247e-07,-3.8375865e-07,0.994029,3.2802956,0.0210843998775602
6.0,0.006586777201000463,-0.49709508,-0.49709508,-3.1937165e-07,-3.1937165e-07,-2.5657553e-07,-1.4029966e-07,0.994029,3.2802956,0.021117006965649186
6.0,0.006596777201000463,-0.4970951,-0.4970951,-2.046866e-07,-2.046866e-07,-2.6752238e-07,-3.8375842e-07,0.994029,3.2802956,0.021149614053738174
6.0,0.006606777201000462,-0.49709508,-0.49709508,-3.193715e-07,-3.193715e-07,-2.5657562e-07,-1.402999e-07,0.994029,3.2802956,0.021182221141827162
6.0,0.006616777201000463,-0.4970951,-0.4970951,-2.0468676e-07,-2.0468676e-07,-2.675223e-07,-3.837582e-07,0.994029,3.2802956,0.02121482822991615
6.0,0.006626777201000462,-0.49709508,-0.49709508,-3.1937134e-07,-3.1937134e-07,-2.565757e-07,-1.4030014e-07,0.994029,3.2802956,0.021247435318005138
6.0,0.006636777201000463,-0.4970951,-0.4970951,-2.0468691e-07,-2.0468691e-07,-2.675222e-07,-3.8375794e-07,0.994029,3.2802956,0.021280042406094126
6.0,0.006646777201000462,-0.49709508,-0.49709508,-3.193712e-07,-3.193712e-07,-2.565758e-07,-1.4030037e-07,0.994029,3.2802956,0.021312649494183114
6.0,0.006656777201000463,-0.4970951,-0.4970951,-2.0468705e-07,-2.0468705e-07,-2.6752213e-07,-3.837577e-07,0.994029,3.2802956,0.021345256582272102
6.0,0.006666777201000462,-0.49709508,-0.49709508,-3.1937105e-07,-3.1937105e-07,-2.5657587e-07,-1.4030061e-07,0.994029,3.2802956,0.02137786367036109
6.0,0.006676777201000463,-0.4970951,-0.4970951,-2.0468721e-07,-2.0468721e-07,-2.6752204e-07,-3.8375748e-07,0.994029,3.2802956,0.021410470758450078
6.0,0.0066867772010004625,-0.49709508,-0.49709508,-3.1937088e-07,-3.1937088e-07,-2.5657596e-07,-1.4030086e-07,0.994029,3.2802956,0.021443077846539066
6.0,0.006696777201000463,-0.4970951,-0.4970951,-2.0468737e-07,-2.0468737e-07,-2.6752195e-07,-3.8375723e-07,0.994029,3.2802956,0.021475684934628054
6.0,0.0067067772010004625,-0.49709508,-0.49709508,-3.1937074e-07,-3.1937074e-07,-2.5657604e-07,-1.4030108e-07,0.994029,3.2802956,0.021508292022717042
6.0,0.006716777201000463,-0.4970951,-0.4970951,-2.0468752e-07,-2.0468752e-07,-2.675219e-07,-3.83757e-07,0.994029,3.2802956,0.02154089911080603
6.0,0.0067267772010004626,-0.49709508,-0.49709508,-3.193706e-07,-3.193706e-07,-2.5657613e-07,-1.4030132e-07,0.994029,3.2802956,0.021573506198895018
6.0,0.006736777201000463,-0.4970951,-0.4970951,-2.0468767e-07,-2.0468767e-07,-2.675218e-07,-3.8375677e-07,0.994029,3.2802956,0.021606113286984006
6.0,0.006746777201000463,-0.49709508,-0.49709508,-3.1937043e-07,-3.1937043e-07,-2.5657621e-07,-1.4030157e-07,0.994029,3.2802956,0.021638720375072994
6.0,0.006756777201000462,-0.4970951,-0.4970951,-2.0468782e-07,-2.0468782e-07,-2.6752173e-07,-3.8375651e-07,0.994029,3.2802956,0.02167132746316198
6.0,0.006766777201000463,-0.49709508,-0.49709508,-3.193703e-07,-3.193703e-07,-2.565763e-07,-1.4030181e-07,0.994029,3.2802956,0.02170393455125097
6.0,0.006776777201000462,-0.4970951,-0.4970951,-2.0468798e-07,-2.0468798e-07,-2.6752164e-07,-3.837563e-07,0.994029,3.2802956,0.021736541639339958
6.0,0.006786777201000463,-0.49709508,-0.49709508,-3.1937014e-07,-3.1937014e-07,-2.5657639e-07,-1.4030203e-07,0.994029,3.2802956,0.021769148727428946
6.0,0.006796777201000462,-0.4970951,-0.4970951,-2.0468812e-07,-2.0468812e-07,-2.6752156e-07,-3.8375606e-07,0.994029,3.2802956,0.021801755815517933
6.0,0.006806777201000463,-0.49709508,-0.49709508,-3.1936997e-07,-3.1936997e-07,-2.5657647e-07,-1.4030228e-07,0.994029,3.2802956,0.02183436290360692
6.0,0.006816777201000462,-0.4970951,-0.4970951,-2.0468828e-07,-2.0468828e-07,-2.6752147e-07,-3.837558e-07,0.994029,3.2802956,0.02186696999169591
6.0,0.006826777201000463,-0.49709508,-0.49709508,-3.1936983e-07,-3.1936983e-07,-2.5657656e-07,-1.4030252e-07,0.994029,3.2802956,0.021899577079784897
6.0,0.006836777201000462,-0.4970951,-0.4970951,-2.0468843e-07,-2.0468843e-07,-2.675214e-07,-3.8375558e-07,0.994029,3.2802956,0.021932184167873885
6.0,0.006846777201000463,-0.49709508,-0.49709508,-3.193697e-07,-3.193697e-07,-2.5657664e-07,-1.4030275e-07,0.994029,3.2802956,0.021964791255962873
6.0,0.0068567772010004625,-0.4970951,-0.4970951,-2.0468858e-07,-2.0468858e-07,-2.675213e-07,-3.8375535e-07,0.994029,3.2802956,0.02199739834405186
6.0,0.006866777201000463,-0.49709508,-0.49709508,-3.1936952e-07,-3.1936952e-07,-2.5657673e-07,-1.4030299e-07,0.994029,3.2802956,0.02203000543214085
6.0,0.0068767772010004625,-0.4970951,-0.4970951,-2.0468873e-07,-2.0468873e-07,-2.6752122e-07,-3.837551e-07,0.994029,3.2802956,0.022062612520229837
6.0,0.006886777201000463,-0.49709508,-0.49709508,-3.1936938e-07,-3.1936938e-07,-2.565768e-07,-1.4030323e-07,0.994029,3.2802956,0.022095219608318825
6.0,0.006896777201000463,-0.4970951,-0.4970951,-2.0468889e-07,-2.0468889e-07,-2.6752113e-07,-3.8375487e-07,0.994029,3.2802956,0.022127826696407813
6.0,0.006906777201000463,-0.49709508,-0.49709508,-3.193692e-07,-3.193692e-07,-2.565769e-07,-1.4030347e-07,0.994029,3.2802956,0.0221604337844968
6.0,0.006916777201000463,-0.4970951,-0.4970951,-2.0468903e-07,-2.0468903e-07,-2.6752105e-07,-3.8375464e-07,0.994029,3.2802956,0.02219304087258579
6.0,0.006926777201000462,-0.49709508,-0.49709508,-3.1936906e-07,-3.1936906e-07,-2.5657698e-07,-1.403037e-07,0.994029,3.2802956,0.022225647960674777
6.0,0.006936777201000463,-0.4970951,-0.4970951,-2.0468919e-07,-2.0468919e-07,-2.6752096e-07,-3.8375438e-07,0.994029,3.2802956,0.022258255048763765
6.0,0.006946777201000462,-0.49709508,-0.49709508,-3.1936892e-07,-3.1936892e-07,-2.5657707e-07,-1.4030394e-07,0.994029,3.2802956,0.022290862136852753
6.0,0.006956777201000463,-0.4970951,-0.4970951,-2.0468934e-07,-2.0468934e-07,-2.6752087e-07,-3.8375416e-07,0.994029,3.2802956,0.02232346922494174
6.0,0.006966777201000462,-0.49709508,-0.49709508,-3.1936875e-07,-3.1936875e-07,-2.5657715e-07,-1.4030418e-07,0.994029,3.2802956,0.02235607631303073
6.0,0.006976777201000463,-0.4970951,-0.4970951,-2.0468948e-07,-2.0468948e-07,-2.675208e-07,-3.837539e-07,0.994029,3.2802956,0.022388683401119717
6.0,0.006986777201000462,-0.49709508,-0.49709508,-3.193686e-07,-3.193686e-07,-2.5657724e-07,-1.4030441e-07,0.994029,3.2802956,0.022421290489208705
6.0,0.006996777201000463,-0.4970951,-0.4970951,-2.0468964e-07,-2.0468964e-07,-2.675207e-07,-3.8375367e-07,0.994029,3.2802956,0.022453897577297693
6.0,0.007006777201000462,-0.49709508,-0.49709508,-3.1936847e-07,-3.1936847e-07,-2.5657732e-07,-1.4030465e-07,0.994029,3.2802956,0.02248650466538668
6.0,0.007016777201000463,-0.4970951,-0.4970951,-2.046898e-07,-2.046898e-07,-2.6752062e-07,-3.8375345e-07,0.994029,3.2802956,0.02251911175347567
6.0,0.0070267772010004625,-0.49709508,-0.49709508,-3.193683e-07,-3.193683e-07,-2.565774e-07,-1.4030489e-07,0.994029,3.2802956,0.022551718841564657
6.0,0.007036777201000463,-0.4970951,-0.4970951,-2.0468994e-07,-2.0468994e-07,-2.6752053e-07,-3.837532e-07,0.994029,3.2802956,0.022584325929653645
6.0,0.0070467772010004625,-0.49709508,-0.49709508,-3.1936816e-07,-3.1936816e-07,-2.565775e-07,-1.4030512e-07,0.994029,3.2802956,0.022616933017742633
6.0,0.007056777201000463,-0.4970951,-0.4970951,-2.046901e-07,-2.046901e-07,-2.6752045e-07,-3.8375296e-07,0.994029,3.2802956,0.02264954010583162
6.0,0.007066777201000463,-0.49709508,-0.49709508,-3.19368e-07,-3.19368e-07,-2.5657758e-07,-1.4030536e-07,0.994029,3.2802956,0.02268214719392061
6.0,0.007076777201000462,-0.4970951,-0.4970951,-2.0469025e-07,-2.0469025e-07,-2.6752036e-07,-3.8375273e-07,0.994029,3.2802956,0.022714754282009596
6.0,0.007086777201000463,-0.49709508,-0.49709508,-3.1936784e-07,-3.1936784e-07,-2.5657766e-07,-1.403056e-07,0.994029,3.2802956,0.022747361370098584
6.0,0.007096777201000462,-0.4970951,-0.4970951,-2.0469041e-07,-2.0469041e-07,-2.6752028e-07,-3.8375248e-07,0.994029,3.2802956,0.022779968458187572
6.0,0.007106777201000463,-0.49709508,-0.49709508,-3.193677e-07,-3.193677e-07,-2.5657775e-07,-1.4030584e-07,0.994029,3.2802956,0.02281257554627656
6.0,0.007116777201000462,-0.4970951,-0.4970951,-2.0469055e-07,-2.0469055e-07,-2.675202e-07,-3.8375225e-07,0.994029,3.2802956,0.02284518263436555
6.0,0.007126777201000463,-0.49709508,-0.49709508,-3.1936756e-07,-3.1936756e-07,-2.5657783e-07,-1.4030607e-07,0.994029,3.2802956,0.022877789722454536
6.0,0.007136777201000462,-0.4970951,-0.4970951,-2.046907e-07,-2.046907e-07,-2.675201e-07,-3.8375202e-07,0.994029,3.2802956,0.022910396810543524
6.0,0.007146777201000463,-0.49709508,-0.49709508,-3.193674e-07,-3.193674e-07,-2.5657792e-07,-1.4030631e-07,0.994029,3.2802956,0.022943003898632512
6.0,0.007156777201000462,-0.4970951,-0.4970951,-2.0469086e-07,-2.0469086e-07,-2.6752002e-07,-3.8375177e-07,0.994029,3.2802956,0.0229756109867215
6.0,0.007166777201000463,-0.49709508,-0.49709508,-3.1936725e-07,-3.1936725e-07,-2.5657798e-07,-1.4030655e-07,0.994029,3.2802956,0.023008218074810488
6.0,0.0071767772010004624,-0.4970951,-0.4970951,-2.04691e-07,-2.04691e-07,-2.6751994e-07,-3.8375154e-07,0.994029,3.2802956,0.023040825162899476
6.0,0.007186777201000463,-0.49709508,-0.49709508,-3.193671e-07,-3.193671e-07,-2.5657806e-07,-1.4030678e-07,0.994029,3.2802956,0.023073432250988464
6.0,0.0071967772010004625,-0.4970951,-0.4970951,-2.0469116e-07,-2.0469116e-07,-2.6751985e-07,-3.837513e-07,0.994029,3.2802956,0.023106039339077452
6.0,0.007206777201000463,-0.49709508,-0.49709508,-3.1936693e-07,-3.1936693e-07,-2.5657815e-07,-1.4030702e-07,0.994029,3.2802956,0.02313864642716644
6.0,0.0072167772010004625,-0.4970951,-0.4970951,-2.0469132e-07,-2.0469132e-07,-2.6751977e-07,-3.8375106e-07,0.994029,3.2802956,0.023171253515255428
6.0,0.007226777201000463,-0.49709508,-0.49709508,-3.193668e-07,-3.193668e-07,-2.5657823e-07,-1.4030726e-07,0.994029,3.2802956,0.023203860603344416
6.0,0.007236777201000463,-0.4970951,-0.4970951,-2.0469146e-07,-2.0469146e-07,-2.6751968e-07,-3.8375083e-07,0.994029,3.2802956,0.023236467691433404
6.0,0.007246777201000462,-0.49709508,-0.49709508,-3.1936665e-07,-3.1936665e-07,-2.5657832e-07,-1.4030749e-07,0.994029,3.2802956,0.023269074779522392
6.0,0.007256777201000463,-0.4970951,-0.4970951,-2.0469162e-07,-2.0469162e-07,-2.675196e-07,-3.837506e-07,0.994029,3.2802956,0.02330168186761138
6.0,0.007266777201000462,-0.49709508,-0.49709508,-3.1936648e-07,-3.1936648e-07,-2.565784e-07,-1.4030773e-07,0.994029,3.2802956,0.023334288955700368
6.0,0.007276777201000463,-0.4970951,-0.4970951,-2.0469177e-07,-2.0469177e-07,-2.675195e-07,-3.8375035e-07,0.994029,3.2802956,0.023366896043789356
6.0,0.007286777201000462,-0.49709508,-0.49709508,-3.1936634e-07,-3.1936634e-07,-2.565785e-07,-1.4030798e-07,0.994029,3.2802956,0.023399503131878344
6.0,0.007296777201000463,-0.4970951,-0.4970951,-2.0469191e-07,-2.0469191e-07,-2.6751945e-07,-3.8375012e-07,0.994029,3.2802956,0.02343211021996733
6.0,0.007306777201000462,-0.49709508,-0.49709508,-3.193662e-07,-3.193662e-07,-2.5657857e-07,-1.4030822e-07,0.994029,3.2802956,0.02346471730805632
6.0,0.007316777201000463,-0.4970951,-0.4970951,-2.0469207e-07,-2.0469207e-07,-2.6751937e-07,-3.837499e-07,0.994029,3.2802956,0.023497324396145308
6.0,0.007326777201000462,-0.49709508,-0.49709508,-3.1936602e-07,-3.1936602e-07,-2.5657866e-07,-1.4030844e-07,0.994029,3.2802956,0.023529931484234295
6.0,0.007336777201000463,-0.4970951,-0.4970951,-2.0469223e-07,-2.0469223e-07,-2.6751928e-07,-3.8374964e-07,0.994029,3.2802956,0.023562538572323283
6.0,0.0073467772010004624,-0.49709508,-0.49709508,-3.1936588e-07,-3.1936588e-07,-2.5657874e-07,-1.4030869e-07,0.994029,3.2802956,0.02359514566041227
6.0,0.007356777201000463,-0.4970951,-0.4970951,-2.0469237e-07,-2.0469237e-07,-2.675192e-07,-3.837494e-07,0.994029,3.2802956,0.02362775274850126
6.0,0.0073667772010004625,-0.49709508,-0.49709508,-3.1936574e-07,-3.1936574e-07,-2.5657883e-07,-1.4030893e-07,0.994029,3.2802956,0.023660359836590247
6.0,0.007376777201000463,-0.4970951,-0.4970951,-2.0469253e-07,-2.0469253e-07,-2.675191e-07,-3.8374915e-07,0.994029,3.2802956,0.023692966924679235
6.0,0.0073867772010004626,-0.49709508,-0.49709508,-3.1936557e-07,-3.1936557e-07,-2.5657891e-07,-1.4030915e-07,0.994029,3.2802956,0.023725574012768223
6.0,0.007396777201000462,-0.4970951,-0.4970951,-2.0469268e-07,-2.0469268e-07,-2.6751903e-07,-3.8374893e-07,0.994029,3.2802956,0.02375818110085721
6.0,0.007406777201000463,-0.49709508,-0.49709508,-3.1936543e-07,-3.1936543e-07,-2.56579e-07,-1.403094e-07,0.994029,3.2802956,0.0237907881889462
6.0,0.007416777201000462,-0.4970951,-0.4970951,-2.0469282e-07,-2.0469282e-07,-2.6751894e-07,-3.837487e-07,0.994029,3.2802956,0.023823395277035187
6.0,0.007426777201000463,-0.49709508,-0.49709508,-3.1936528e-07,-3.1936528e-07,-2.5657909e-07,-1.4030964e-07,0.994029,3.2802956,0.023856002365124175
6.0,0.007436777201000462,-0.4970951,-0.4970951,-2.0469298e-07,-2.0469298e-07,-2.6751886e-07,-3.8374844e-07,0.994029,3.2802956,0.023888609453213163
6.0,0.007446777201000463,-0.49709508,-0.49709508,-3.193651e-07,-3.193651e-07,-2.5657917e-07,-1.4030988e-07,0.994029,3.2802956,0.02392121654130215
6.0,0.007456777201000462,-0.4970951,-0.4970951,-2.0469314e-07,-2.0469314e-07,-2.6751877e-07,-3.8374822e-07,0.994029,3.2802956,0.02395382362939114
6.0,0.007466777201000463,-0.49709508,-0.49709508,-3.1936497e-07,-3.1936497e-07,-2.5657926e-07,-1.403101e-07,0.994029,3.2802956,0.023986430717480127
6.0,0.007476777201000462,-0.4970951,-0.4970951,-2.046933e-07,-2.046933e-07,-2.675187e-07,-3.83748e-07,0.994029,3.2802956,0.024019037805569115
6.0,0.007486777201000463,-0.49709508,-0.49709508,-3.1936483e-07,-3.1936483e-07,-2.5657934e-07,-1.4031035e-07,0.994029,3.2802956,0.024051644893658103
6.0,0.007496777201000462,-0.4970951,-0.4970951,-2.0469344e-07,-2.0469344e-07,-2.675186e-07,-3.8374773e-07,0.994029,3.2802956,0.02408425198174709
6.0,0.007506777201000463,-0.49709508,-0.49709508,-3.1936466e-07,-3.1936466e-07,-2.5657943e-07,-1.4031059e-07,0.994029,3.2802956,0.02411685906983608
6.0,0.0075167772010004625,-0.4970951,-0.4970951,-2.0469359e-07,-2.0469359e-07,-2.6751852e-07,-3.837475e-07,0.994029,3.2802956,0.024149466157925067
6.0,0.007526777201000463,-0.49709508,-0.49709508,-3.1936452e-07,-3.1936452e-07,-2.565795e-07,-1.4031082e-07,0.994029,3.2802956,0.024182073246014055
6.0,0.0075367772010004625,-0.4970951,-0.4970951,-2.0469375e-07,-2.0469375e-07,-2.6751843e-07,-3.8374728e-07,0.994029,3.2802956,0.024214680334103043
6.0,0.007546777201000463,-0.49709508,-0.49709508,-3.1936437e-07,-3.1936437e-07,-2.565796e-07,-1.4031106e-07,0.994029,3.2802956,0.02424728742219203
6.0,0.007556777201000463,-0.4970951,-0.4970951,-2.0469389e-07,-2.0469389e-07,-2.6751835e-07,-3.8374702e-07,0.994029,3.2802956,0.02427989451028102
6.0,0.007566777201000462,-0.49709508,-0.49709508,-3.193642e-07,-3.193642e-07,-2.5657968e-07,-1.403113e-07,0.994029,3.2802956,0.024312501598370007
6.0,0.007576777201000463,-0.4970951,-0.4970951,-2.0469405e-07,-2.0469405e-07,-2.6751826e-07,-3.837468e-07,0.994029,3.2802956,0.024345108686458995
6.0,0.007586777201000462,-0.49709508,-0.49709508,-3.1936406e-07,-3.1936406e-07,-2.5657977e-07,-1.4031153e-07,0.994029,3.2802956,0.024377715774547982
6.0,0.007596777201000463,-0.4970951,-0.4970951,-2.046942e-07,-2.046942e-07,-2.6751817e-07,-3.8374657e-07,0.994029,3.2802956,0.02441032286263697
6.0,0.007606777201000462,-0.49709508,-0.49709508,-3.1936392e-07,-3.1936392e-07,-2.5657985e-07,-1.4031177e-07,0.994029,3.2802956,0.02444292995072596
6.0,0.007616777201000463,-0.4970951,-0.4970951,-2.0469435e-07,-2.0469435e-07,-2.675181e-07,-3.837463e-07,0.994029,3.2802956,0.024475537038814946
6.0,0.007626777201000462,-0.49709508,-0.49709508,-3.1936375e-07,-3.1936375e-07,-2.5657994e-07,-1.4031201e-07,0.994029,3.2802956,0.024508144126903934
6.0,0.007636777201000463,-0.4970951,-0.4970951,-2.046945e-07,-2.046945e-07,-2.67518e-07,-3.8374608e-07,0.994029,3.2802956,0.024540751214992922
6.0,0.007646777201000462,-0.49709508,-0.49709508,-3.193636e-07,-3.193636e-07,-2.5658002e-07,-1.4031224e-07,0.994029,3.2802956,0.02457335830308191
6.0,0.007656777201000463,-0.4970951,-0.4970951,-2.0469466e-07,-2.0469466e-07,-2.6751792e-07,-3.8374586e-07,0.994029,3.2802956,0.024605965391170898
6.0,0.007666777201000462,-0.49709508,-0.49709508,-3.1936344e-07,-3.1936344e-07,-2.565801e-07,-1.4031248e-07,0.994029,3.2802956,0.024638572479259886
6.0,0.007676777201000463,-0.4970951,-0.4970951,-2.046948e-07,-2.046948e-07,-2.6751783e-07,-3.837456e-07,0.994029,3.2802956,0.024671179567348874
6.0,0.0076867772010004625,-0.49709508,-0.49709508,-3.193633e-07,-3.193633e-07,-2.565802e-07,-1.4031272e-07,0.994029,3.2802956,0.024703786655437862
6.0,0.007696777201000463,-0.4970951,-0.4970951,-2.0469496e-07,-2.0469496e-07,-2.6751775e-07,-3.8374537e-07,0.994029,3.2802956,0.02473639374352685
6.0,0.0077067772010004625,-0.49709508,-0.49709508,-3.1936315e-07,-3.1936315e-07,-2.5658025e-07,-1.4031296e-07,0.994029,3.2802956,0.024769000831615838
6.0,0.007716777201000462,-0.4970951,-0.4970951,-2.0469511e-07,-2.0469511e-07,-2.6751766e-07,-3.8374515e-07,0.994029,3.2802956,0.024801607919704826
6.0,0.007726777201000463,-0.49709508,-0.49709508,-3.1936298e-07,-3.1936298e-07,-2.5658034e-07,-1.4031319e-07,0.994029,3.2802956,0.024834215007793814
6.0,0.007736777201000462,-0.4970951,-0.4970951,-2.0469525e-07,-2.0469525e-07,-2.6751758e-07,-3.837449e-07,0.994029,3.2802956,0.024866822095882802
6.0,0.007746777201000463,-0.49709508,-0.49709508,-3.1936284e-07,-3.1936284e-07,-2.5658042e-07,-1.4031343e-07,0.994029,3.2802956,0.02489942918397179
6.0,0.007756777201000462,-0.4970951,-0.4970951,-2.0469541e-07,-2.0469541e-07,-2.675175e-07,-3.8374466e-07,0.994029,3.2802956,0.024932036272060778
6.0,0.007766777201000463,-0.49709508,-0.49709508,-3.193627e-07,-3.193627e-07,-2.565805e-07,-1.4031367e-07,0.994029,3.2802956,0.024964643360149766
6.0,0.007776777201000462,-0.4970951,-0.4970951,-2.0469557e-07,-2.0469557e-07,-2.675174e-07,-3.837444e-07,0.994029,3.2802956,0.024997250448238754
6.0,0.007786777201000463,-0.49709508,-0.49709508,-3.1936253e-07,-3.1936253e-07,-2.565806e-07,-1.403139e-07,0.994029,3.2802956,0.025029857536327742
6.0,0.007796777201000462,-0.4970951,-0.4970951,-2.0469572e-07,-2.0469572e-07,-2.6751732e-07,-3.8374418e-07,0.994029,3.2802956,0.02506246462441673
6.0,0.007806777201000463,-0.49709508,-0.49709508,-3.1936239e-07,-3.1936239e-07,-2.5658068e-07,-1.4031414e-07,0.994029,3.2802956,0.02509507171250572
6.0,0.007816777201000463,-0.4970951,-0.4970951,-2.0469587e-07,-2.0469587e-07,-2.6751727e-07,-3.8374395e-07,0.994029,3.2802956,0.02512767880059471
6.0,0.007826777201000463,-0.49709508,-0.49709508,-3.1936224e-07,-3.1936224e-07,-2.5658076e-07,-1.4031438e-07,0.994029,3.2802956,0.025160285888683697
6.0,0.007836777201000462,-0.4970951,-0.4970951,-2.0469602e-07,-2.0469602e-07,-2.6751718e-07,-3.837437e-07,0.994029,3.2802956,0.025192892976772685
6.0,0.007846777201000462,-0.49709508,-0.49709508,-3.1936207e-07,-3.1936207e-07,-2.5658085e-07,-1.4031461e-07,0.994029,3.2802956,0.025225500064861676
6.0,0.007856777201000463,-0.4970951,-0.4970951,-2.0469618e-07,-2.0469618e-07,-2.675171e-07,-3.8374347e-07,0.994029,3.2802956,0.025258107152950668
6.0,0.007866777201000463,-0.49709508,-0.49709508,-3.1936193e-07,-3.1936193e-07,-2.5658093e-07,-1.4031485e-07,0.994029,3.2802956,0.025290714241039656
6.0,0.007876777201000463,-0.4970951,-0.4970951,-2.0469632e-07,-2.0469632e-07,-2.67517e-07,-3.8374324e-07,0.994029,3.2802956,0.025323321329128644
6.0,0.007886777201000462,-0.49709508,-0.49709508,-3.193618e-07,-3.193618e-07,-2.5658102e-07,-1.403151e-07,0.994029,3.2802956,0.025355928417217632
6.0,0.007896777201000462,-0.4970951,-0.4970951,-2.0469648e-07,-2.0469648e-07,-2.6751692e-07,-3.83743e-07,0.994029,3.2802956,0.025388535505306623
6.0,0.007906777201000463,-0.49709508,-0.49709508,-3.1936162e-07,-3.1936162e-07,-2.565811e-07,-1.4031534e-07,0.994029,3.2802956,0.025421142593395615
6.0,0.007916777201000463,-0.4970951,-0.4970951,-2.0469663e-07,-2.0469663e-07,-2.6751684e-07,-3.8374276e-07,0.994029,3.2802956,0.025453749681484603
6.0,0.007926777201000462,-0.49709508,-0.49709508,-3.1936148e-07,-3.1936148e-07,-2.565812e-07,-1.4031556e-07,0.994029,3.2802956,0.02548635676957359
6.0,0.007936777201000462,-0.4970951,-0.4970951,-2.0469678e-07,-2.0469678e-07,-2.6751675e-07,-3.8374253e-07,0.994029,3.2802956,0.025518963857662582
6.0,0.007946777201000463,-0.49709508,-0.49709508,-3.1936133e-07,-3.1936133e-07,-2.5658127e-07,-1.403158e-07,0.994029,3.2802956,0.025551570945751573
6.0,0.007956777201000463,-0.4970951,-0.4970951,-2.0469693e-07,-2.0469693e-07,-2.6751667e-07,-3.8374228e-07,0.994029,3.2802956,0.02558417803384056
6.0,0.007966777201000462,-0.49709508,-0.49709508,-3.1936116e-07,-3.1936116e-07,-2.5658136e-07,-1.4031605e-07,0.994029,3.2802956,0.02561678512192955
6.0,0.007976777201000462,-0.4970951,-0.4970951,-2.0469709e-07,-2.0469709e-07,-2.6751658e-07,-3.8374205e-07,0.994029,3.2802956,0.02564939221001854
6.0,0.007986777201000463,-0.49709508,-0.49709508,-3.1936102e-07,-3.1936102e-07,-2.5658144e-07,-1.4031627e-07,0.994029,3.2802956,0.025681999298107532
6.0,0.007996777201000463,-0.4970951,-0.4970951,-2.0469723e-07,-2.0469723e-07,-2.675165e-07,-3.8374182e-07,0.994029,3.2802956,0.02571460638619652
6.0,0.008006777201000462,-0.49709508,-0.49709508,-3.1936088e-07,-3.1936088e-07,-2.5658153e-07,-1.4031652e-07,0.994029,3.2802956,0.025747213474285508
6.0,0.008016777201000462,-0.4970951,-0.4970951,-2.0469739e-07,-2.0469739e-07,-2.675164e-07,-3.8374156e-07,0.994029,3.2802956,0.0257798205623745
6.0,0.008026777201000463,-0.49709508,-0.49709508,-3.193607e-07,-3.193607e-07,-2.5658161e-07,-1.4031676e-07,0.994029,3.2802956,0.02581242765046349
6.0,0.008036777201000463,-0.4970951,-0.4970951,-2.0469754e-07,-2.0469754e-07,-2.6751633e-07,-3.8374134e-07,0.994029,3.2802956,0.02584503473855248
6.0,0.008046777201000463,-0.49709508,-0.49709508,-3.1936057e-07,-3.1936057e-07,-2.565817e-07,-1.4031698e-07,0.994029,3.2802956,0.025877641826641467
6.0,0.008056777201000462,-0.4970951,-0.4970951,-2.046977e-07,-2.046977e-07,-2.6751624e-07,-3.837411e-07,0.994029,3.2802956,0.025910248914730455
6.0,0.008066777201000462,-0.49709508,-0.49709508,-3.1936042e-07,-3.1936042e-07,-2.5658179e-07,-1.4031723e-07,0.994029,3.2802956,0.025942856002819446
6.0,0.008076777201000463,-0.4970951,-0.4970951,-2.0469784e-07,-2.0469784e-07,-2.6751616e-07,-3.8374085e-07,0.994029,3.2802956,0.025975463090908438
6.0,0.008086777201000463,-0.49709508,-0.49709508,-3.1936025e-07,-3.1936025e-07,-2.5658187e-07,-1.4031747e-07,0.994029,3.2802956,0.026008070178997426
6.0,0.008096777201000462,-0.4970951,-0.4970951,-2.04698e-07,-2.04698e-07,-2.6751607e-07,-3.8374063e-07,0.994029,3.2802956,0.026040677267086414
6.0,0.008106777201000462,-0.49709508,-0.49709508,-3.193601e-07,-3.193601e-07,-2.5658196e-07,-1.403177e-07,0.994029,3.2802956,0.026073284355175405
6.0,0.008116777201000463,-0.4970951,-0.4970951,-2.0469815e-07,-2.0469815e-07,-2.67516e-07,-3.837404e-07,0.994029,3.2802956,0.026105891443264397
6.0,0.008126777201000463,-0.49709508,-0.49709508,-3.1935997e-07,-3.1935997e-07,-2.5658204e-07,-1.4031794e-07,0.994029,3.2802956,0.026138498531353384
6.0,0.008136777201000462,-0.4970951,-0.4970951,-2.046983e-07,-2.046983e-07,-2.675159e-07,-3.8374014e-07,0.994029,3.2802956,0.026171105619442372
6.0,0.008146777201000462,-0.49709508,-0.49709508,-3.193598e-07,-3.193598e-07,-2.5658213e-07,-1.4031818e-07,0.994029,3.2802956,0.026203712707531364
6.0,0.008156777201000463,-0.4970951,-0.4970951,-2.0469845e-07,-2.0469845e-07,-2.6751582e-07,-3.8373992e-07,0.994029,3.2802956,0.026236319795620355
6.0,0.008166777201000463,-0.49709508,-0.49709508,-3.1935966e-07,-3.1935966e-07,-2.565822e-07,-1.4031842e-07,0.994029,3.2802956,0.026268926883709343
6.0,0.008176777201000462,-0.4970951,-0.4970951,-2.0469861e-07,-2.0469861e-07,-2.6751573e-07,-3.837397e-07,0.994029,3.2802956,0.02630153397179833
6.0,0.008186777201000462,-0.49709508,-0.49709508,-3.1935951e-07,-3.1935951e-07,-2.565823e-07,-1.4031865e-07,0.994029,3.2802956,0.02633414105988732
6.0,0.008196777201000462,-0.4970951,-0.4970951,-2.0469875e-07,-2.0469875e-07,-2.6751565e-07,-3.8373943e-07,0.994029,3.2802956,0.02636674814797631
6.0,0.008206777201000463,-0.49709508,-0.49709508,-3.1935934e-07,-3.1935934e-07,-2.5658238e-07,-1.4031889e-07,0.994029,3.2802956,0.026399355236065302
6.0,0.008216777201000463,-0.4970951,-0.4970951,-2.046989e-07,-2.046989e-07,-2.6751556e-07,-3.837392e-07,0.994029,3.2802956,0.02643196232415429
6.0,0.008226777201000462,-0.49709508,-0.49709508,-3.193592e-07,-3.193592e-07,-2.5658244e-07,-1.4031913e-07,0.994029,3.2802956,0.026464569412243278
6.0,0.008236777201000462,-0.4970951,-0.4970951,-2.0469906e-07,-2.0469906e-07,-2.6751547e-07,-3.8373898e-07,0.994029,3.2802956,0.02649717650033227
6.0,0.008246777201000463,-0.49709508,-0.49709508,-3.1935903e-07,-3.1935903e-07,-2.5658252e-07,-1.4031936e-07,0.994029,3.2802956,0.02652978358842126
6.0,0.008256777201000463,-0.4970951,-0.4970951,-2.046992e-07,-2.046992e-07,-2.675154e-07,-3.8373872e-07,0.994029,3.2802956,0.02656239067651025
6.0,0.008266777201000462,-0.49709508,-0.49709508,-3.193589e-07,-3.193589e-07,-2.565826e-07,-1.403196e-07,0.994029,3.2802956,0.026594997764599237
6.0,0.008276777201000462,-0.4970951,-0.4970951,-2.0469936e-07,-2.0469936e-07,-2.675153e-07,-3.837385e-07,0.994029,3.2802956,0.026627604852688228
6.0,0.008286777201000463,-0.49709508,-0.49709508,-3.1935875e-07,-3.1935875e-07,-2.565827e-07,-1.4031984e-07,0.994029,3.2802956,0.02666021194077722
6.0,0.008296777201000463,-0.4970951,-0.4970951,-2.0469952e-07,-2.0469952e-07,-2.6751522e-07,-3.8373824e-07,0.994029,3.2802956,0.026692819028866208
6.0,0.008306777201000462,-0.49709508,-0.49709508,-3.1935858e-07,-3.1935858e-07,-2.5658278e-07,-1.4032007e-07,0.994029,3.2802956,0.026725426116955196
6.0,0.008316777201000462,-0.4970951,-0.4970951,-2.0469966e-07,-2.0469966e-07,-2.6751516e-07,-3.83738e-07,0.994029,3.2802956,0.026758033205044187
6.0,0.008326777201000463,-0.49709508,-0.49709508,-3.1935843e-07,-3.1935843e-07,-2.5658287e-07,-1.4032031e-07,0.994029,3.2802956,0.02679064029313318
6.0,0.008336777201000463,-0.4970951,-0.4970951,-2.0469982e-07,-2.0469982e-07,-2.6751508e-07,-3.8373778e-07,0.994029,3.2802956,0.026823247381222166
6.0,0.008346777201000462,-0.49709508,-0.49709508,-3.193583e-07,-3.193583e-07,-2.5658295e-07,-1.4032055e-07,0.994029,3.2802956,0.026855854469311154
6.0,0.008356777201000462,-0.4970951,-0.4970951,-2.0469997e-07,-2.0469997e-07,-2.67515e-07,-3.8373753e-07,0.994029,3.2802956,0.026888461557400142
6.0,0.008366777201000462,-0.49709508,-0.49709508,-3.1935812e-07,-3.1935812e-07,-2.5658304e-07,-1.4032078e-07,0.994029,3.2802956,0.026921068645489134
6.0,0.008376777201000463,-0.4970951,-0.4970951,-2.0470013e-07,-2.0470013e-07,-2.675149e-07,-3.837373e-07,0.994029,3.2802956,0.026953675733578125
6.0,0.008386777201000463,-0.49709508,-0.49709508,-3.1935798e-07,-3.1935798e-07,-2.5658312e-07,-1.4032102e-07,0.994029,3.2802956,0.026986282821667113
6.0,0.008396777201000462,-0.4970951,-0.4970951,-2.0470027e-07,-2.0470027e-07,-2.6751482e-07,-3.8373707e-07,0.994029,3.2802956,0.0270188899097561
6.0,0.008406777201000462,-0.49709508,-0.49709508,-3.1935784e-07,-3.1935784e-07,-2.565832e-07,-1.4032126e-07,0.994029,3.2802956,0.027051496997845093
6.0,0.008416777201000463,-0.4970951,-0.4970951,-2.0470043e-07,-2.0470043e-07,-2.6751474e-07,-3.8373682e-07,0.994029,3.2802956,0.027084104085934084
6.0,0.008426777201000463,-0.49709508,-0.49709508,-3.1935767e-07,-3.1935767e-07,-2.565833e-07,-1.403215e-07,0.994029,3.2802956,0.027116711174023072
6.0,0.008436777201000462,-0.4970951,-0.4970951,-2.0470058e-07,-2.0470058e-07,-2.6751465e-07,-3.837366e-07,0.994029,3.2802956,0.02714931826211206
6.0,0.008446777201000462,-0.49709508,-0.49709508,-3.1935753e-07,-3.1935753e-07,-2.5658338e-07,-1.4032173e-07,0.994029,3.2802956,0.02718192535020105
6.0,0.008456777201000463,-0.4970951,-0.4970951,-2.0470073e-07,-2.0470073e-07,-2.6751457e-07,-3.8373636e-07,0.994029,3.2802956,0.027214532438290043
6.0,0.008466777201000463,-0.49709508,-0.49709508,-3.1935738e-07,-3.1935738e-07,-2.5658346e-07,-1.4032197e-07,0.994029,3.2802956,0.02724713952637903
6.0,0.008476777201000462,-0.4970951,-0.4970951,-2.0470088e-07,-2.0470088e-07,-2.6751448e-07,-3.837361e-07,0.994029,3.2802956,0.02727974661446802
6.0,0.008486777201000462,-0.49709508,-0.49709508,-3.193572e-07,-3.193572e-07,-2.5658355e-07,-1.4032221e-07,0.994029,3.2802956,0.02731235370255701
6.0,0.008496777201000463,-0.4970951,-0.4970951,-2.0470104e-07,-2.0470104e-07,-2.675144e-07,-3.8373588e-07,0.994029,3.2802956,0.027344960790646
6.0,0.008506777201000463,-0.49709508,-0.49709508,-3.1935707e-07,-3.1935707e-07,-2.5658363e-07,-1.4032244e-07,0.994029,3.2802956,0.02737756787873499
6.0,0.008516777201000462,-0.4970951,-0.4970951,-2.0470118e-07,-2.0470118e-07,-2.675143e-07,-3.8373565e-07,0.994029,3.2802956,0.027410174966823977
6.0,0.008526777201000462,-0.49709508,-0.49709508,-3.1935693e-07,-3.1935693e-07,-2.5658372e-07,-1.4032268e-07,0.994029,3.2802956,0.027442782054912965
6.0,0.008536777201000462,-0.4970951,-0.4970951,-2.0470134e-07,-2.0470134e-07,-2.6751422e-07,-3.837354e-07,0.994029,3.2802956,0.027475389143001957
6.0,0.008546777201000463,-0.49709508,-0.49709508,-3.1935676e-07,-3.1935676e-07,-2.565838e-07,-1.4032292e-07,0.994029,3.2802956,0.02750799623109095
6.0,0.008556777201000463,-0.4970951,-0.4970951,-2.047015e-07,-2.047015e-07,-2.6751414e-07,-3.8373517e-07,0.994029,3.2802956,0.027540603319179936
6.0,0.008566777201000462,-0.49709508,-0.49709508,-3.1935662e-07,-3.1935662e-07,-2.565839e-07,-1.4032315e-07,0.994029,3.2802956,0.027573210407268924
6.0,0.008576777201000462,-0.4970951,-0.4970951,-2.0470164e-07,-2.0470164e-07,-2.6751405e-07,-3.8373494e-07,0.994029,3.2802956,0.027605817495357916
6.0,0.008586777201000463,-0.49709508,-0.49709508,-3.1935647e-07,-3.1935647e-07,-2.5658397e-07,-1.403234e-07,0.994029,3.2802956,0.027638424583446907
6.0,0.008596777201000463,-0.4970951,-0.4970951,-2.0470179e-07,-2.0470179e-07,-2.6751397e-07,-3.837347e-07,0.994029,3.2802956,0.027671031671535895
6.0,0.008606777201000462,-0.49709508,-0.49709508,-3.193563e-07,-3.193563e-07,-2.5658406e-07,-1.4032364e-07,0.994029,3.2802956,0.027703638759624883
6.0,0.008616777201000462,-0.4970951,-0.4970951,-2.0470195e-07,-2.0470195e-07,-2.6751388e-07,-3.8373446e-07,0.994029,3.2802956,0.027736245847713874
6.0,0.008626777201000463,-0.49709508,-0.49709508,-3.1935616e-07,-3.1935616e-07,-2.5658414e-07,-1.4032386e-07,0.994029,3.2802956,0.027768852935802866
6.0,0.008636777201000463,-0.4970951,-0.4970951,-2.047021e-07,-2.047021e-07,-2.675138e-07,-3.8373423e-07,0.994029,3.2802956,0.027801460023891854
6.0,0.008646777201000462,-0.49709508,-0.49709508,-3.1935602e-07,-3.1935602e-07,-2.5658423e-07,-1.403241e-07,0.994029,3.2802956,0.027834067111980842
6.0,0.008656777201000462,-0.4970951,-0.4970951,-2.0470225e-07,-2.0470225e-07,-2.675137e-07,-3.8373398e-07,0.994029,3.2802956,0.027866674200069833
6.0,0.008666777201000463,-0.49709508,-0.49709508,-3.1935585e-07,-3.1935585e-07,-2.5658431e-07,-1.4032435e-07,0.994029,3.2802956,0.027899281288158825
6.0,0.008676777201000463,-0.4970951,-0.4970951,-2.047024e-07,-2.047024e-07,-2.6751363e-07,-3.8373375e-07,0.994029,3.2802956,0.027931888376247813
6.0,0.008686777201000462,-0.49709508,-0.49709508,-3.193557e-07,-3.193557e-07,-2.5658437e-07,-1.4032457e-07,0.994029,3.2802956,0.0279644954643368
6.0,0.008696777201000462,-0.4970951,-0.4970951,-2.0470256e-07,-2.0470256e-07,-2.6751354e-07,-3.8373352e-07,0.994029,3.2802956,0.02799710255242579
6.0,0.008706777201000462,-0.49709508,-0.49709508,-3.1935556e-07,-3.1935556e-07,-2.5658446e-07,-1.4032481e-07,0.994029,3.2802956,0.02802970964051478
6.0,0.008716777201000463,-0.4970951,-0.4970951,-2.047027e-07,-2.047027e-07,-2.6751346e-07,-3.8373327e-07,0.994029,3.2802956,0.02806231672860377
6.0,0.008726777201000463,-0.49709508,-0.49709508,-3.193554e-07,-3.193554e-07,-2.5658454e-07,-1.4032506e-07,0.994029,3.2802956,0.02809492381669276
6.0,0.008736777201000462,-0.4970951,-0.4970951,-2.0470286e-07,-2.0470286e-07,-2.6751337e-07,-3.8373304e-07,0.994029,3.2802956,0.028127530904781747
6.0,0.008746777201000462,-0.49709508,-0.49709508,-3.1935525e-07,-3.1935525e-07,-2.5658463e-07,-1.403253e-07,0.994029,3.2802956,0.02816013799287074
6.0,0.008756777201000463,-0.4970951,-0.4970951,-2.0470301e-07,-2.0470301e-07,-2.675133e-07,-3.837328e-07,0.994029,3.2802956,0.02819274508095973
6.0,0.008766777201000463,-0.49709508,-0.49709508,-3.1935508e-07,-3.1935508e-07,-2.565847e-07,-1.4032553e-07,0.994029,3.2802956,0.028225352169048718
6.0,0.008776777201000462,-0.4970951,-0.4970951,-2.0470316e-07,-2.0470316e-07,-2.6751323e-07,-3.8373256e-07,0.994029,3.2802956,0.028257959257137706
6.0,0.008786777201000462,-0.49709508,-0.49709508,-3.1935494e-07,-3.1935494e-07,-2.565848e-07,-1.4032577e-07,0.994029,3.2802956,0.028290566345226698
6.0,0.008796777201000463,-0.4970951,-0.4970951,-2.0470331e-07,-2.0470331e-07,-2.6751314e-07,-3.8373233e-07,0.994029,3.2802956,0.02832317343331569
6.0,0.008806777201000463,-0.49709508,-0.49709508,-3.193548e-07,-3.193548e-07,-2.5658488e-07,-1.4032601e-07,0.994029,3.2802956,0.028355780521404677
6.0,0.008816777201000462,-0.4970951,-0.4970951,-2.0470347e-07,-2.0470347e-07,-2.6751306e-07,-3.837321e-07,0.994029,3.2802956,0.028388387609493665
6.0,0.008826777201000462,-0.49709508,-0.49709508,-3.1935463e-07,-3.1935463e-07,-2.5658497e-07,-1.4032624e-07,0.994029,3.2802956,0.028420994697582653
6.0,0.008836777201000462,-0.4970951,-0.4970951,-2.0470362e-07,-2.0470362e-07,-2.6751297e-07,-3.8373184e-07,0.994029,3.2802956,0.028453601785671644
6.0,0.008846777201000463,-0.49709508,-0.49709508,-3.1935448e-07,-3.1935448e-07,-2.5658505e-07,-1.4032648e-07,0.994029,3.2802956,0.028486208873760636
6.0,0.008856777201000463,-0.4970951,-0.4970951,-2.0470377e-07,-2.0470377e-07,-2.675129e-07,-3.8373162e-07,0.994029,3.2802956,0.028518815961849624
6.0,0.008866777201000462,-0.49709508,-0.49709508,-3.1935434e-07,-3.1935434e-07,-2.5658514e-07,-1.4032672e-07,0.994029,3.2802956,0.02855142304993861
6.0,0.008876777201000462,-0.4970951,-0.4970951,-2.0470392e-07,-2.0470392e-07,-2.675128e-07,-3.837314e-07,0.994029,3.2802956,0.028584030138027603
6.0,0.008886777201000463,-0.49709508,-0.49709508,-3.1935417e-07,-3.1935417e-07,-2.5658522e-07,-1.4032695e-07,0.994029,3.2802956,0.028616637226116595
6.0,0.008896777201000463,-0.4970951,-0.4970951,-2.0470408e-07,-2.0470408e-07,-2.6751272e-07,-3.8373113e-07,0.994029,3.2802956,0.028649244314205582
6.0,0.008906777201000462,-0.49709508,-0.49709508,-3.1935403e-07,-3.1935403e-07,-2.565853e-07,-1.4032719e-07,0.994029,3.2802956,0.02868185140229457
6.0,0.008916777201000462,-0.4970951,-0.4970951,-2.0470422e-07,-2.0470422e-07,-2.6751263e-07,-3.837309e-07,0.994029,3.2802956,0.028714458490383562
6.0,0.008926777201000463,-0.49709508,-0.49709508,-3.193539e-07,-3.193539e-07,-2.565854e-07,-1.4032743e-07,0.994029,3.2802956,0.028747065578472553
6.0,0.008936777201000463,-0.4970951,-0.4970951,-2.0470438e-07,-2.0470438e-07,-2.6751255e-07,-3.8373065e-07,0.994029,3.2802956,0.02877967266656154
6.0,0.008946777201000462,-0.49709508,-0.49709508,-3.1935372e-07,-3.1935372e-07,-2.5658548e-07,-1.4032766e-07,0.994029,3.2802956,0.02881227975465053
6.0,0.008956777201000462,-0.4970951,-0.4970951,-2.0470453e-07,-2.0470453e-07,-2.6751246e-07,-3.8373042e-07,0.994029,3.2802956,0.02884488684273952
6.0,0.008966777201000463,-0.49709508,-0.49709508,-3.1935357e-07,-3.1935357e-07,-2.5658557e-07,-1.403279e-07,0.994029,3.2802956,0.028877493930828512
6.0,0.008976777201000463,-0.4970951,-0.4970951,-2.0470468e-07,-2.0470468e-07,-2.6751238e-07,-3.837302e-07,0.994029,3.2802956,0.0289101010189175
6.0,0.008986777201000462,-0.49709508,-0.49709508,-3.1935343e-07,-3.1935343e-07,-2.5658565e-07,-1.4032814e-07,0.994029,3.2802956,0.028942708107006488
6.0,0.008996777201000462,-0.4970951,-0.4970951,-2.0470483e-07,-2.0470483e-07,-2.675123e-07,-3.8372994e-07,0.994029,3.2802956,0.028975315195095476
6.0,0.009006777201000462,-0.49709508,-0.49709508,-3.1935326e-07,-3.1935326e-07,-2.5658574e-07,-1.4032837e-07,0.994029,3.2802956,0.029007922283184467
6.0,0.009016777201000463,-0.4970951,-0.4970951,-2.0470499e-07,-2.0470499e-07,-2.675122e-07,-3.837297e-07,0.994029,3.2802956,0.02904052937127346
6.0,0.009026777201000463,-0.49709508,-0.49709508,-3.1935312e-07,-3.1935312e-07,-2.5658582e-07,-1.4032861e-07,0.994029,3.2802956,0.029073136459362447
6.0,0.009036777201000462,-0.4970951,-0.4970951,-2.0470513e-07,-2.0470513e-07,-2.6751212e-07,-3.8372949e-07,0.994029,3.2802956,0.029105743547451435
6.0,0.009046777201000462,-0.49709508,-0.49709508,-3.1935298e-07,-3.1935298e-07,-2.565859e-07,-1.4032885e-07,0.994029,3.2802956,0.029138350635540426
6.0,0.009056777201000463,-0.4970951,-0.4970951,-2.0470529e-07,-2.0470529e-07,-2.6751204e-07,-3.8372923e-07,0.994029,3.2802956,0.029170957723629418
6.0,0.009066777201000463,-0.49709508,-0.49709508,-3.193528e-07,-3.193528e-07,-2.56586e-07,-1.4032909e-07,0.994029,3.2802956,0.029203564811718406
6.0,0.009076777201000462,-0.4970951,-0.4970951,-2.0470544e-07,-2.0470544e-07,-2.6751195e-07,-3.83729e-07,0.994029,3.2802956,0.029236171899807394
6.0,0.009086777201000462,-0.49709508,-0.49709508,-3.1935267e-07,-3.1935267e-07,-2.5658608e-07,-1.4032932e-07,0.994029,3.2802956,0.029268778987896385
6.0,0.009096777201000463,-0.4970951,-0.4970951,-2.047056e-07,-2.047056e-07,-2.6751187e-07,-3.8372877e-07,0.994029,3.2802956,0.029301386075985376
6.0,0.009106777201000463,-0.49709508,-0.49709508,-3.1935252e-07,-3.1935252e-07,-2.5658616e-07,-1.4032956e-07,0.994029,3.2802956,0.029333993164074364
6.0,0.009116777201000462,-0.4970951,-0.4970951,-2.0470574e-07,-2.0470574e-07,-2.6751178e-07,-3.8372852e-07,0.994029,3.2802956,0.029366600252163352
6.0,0.009126777201000462,-0.49709508,-0.49709508,-3.1935235e-07,-3.1935235e-07,-2.5658622e-07,-1.403298e-07,0.994029,3.2802956,0.029399207340252344
6.0,0.009136777201000463,-0.4970951,-0.4970951,-2.047059e-07,-2.047059e-07,-2.675117e-07,-3.837283e-07,0.994029,3.2802956,0.029431814428341335
6.0,0.009146777201000463,-0.49709508,-0.49709508,-3.193522e-07,-3.193522e-07,-2.565863e-07,-1.4033003e-07,0.994029,3.2802956,0.029464421516430323
6.0,0.009156777201000462,-0.4970951,-0.4970951,-2.0470605e-07,-2.0470605e-07,-2.675116e-07,-3.8372806e-07,0.994029,3.2802956,0.02949702860451931
6.0,0.009166777201000462,-0.49709508,-0.49709508,-3.1935207e-07,-3.1935207e-07,-2.565864e-07,-1.4033027e-07,0.994029,3.2802956,0.0295296356926083
6.0,0.009176777201000462,-0.4970951,-0.4970951,-2.047062e-07,-2.047062e-07,-2.6751152e-07,-3.837278e-07,0.994029,3.2802956,0.02956224278069729
6.0,0.009186777201000463,-0.49709508,-0.49709508,-3.193519e-07,-3.193519e-07,-2.5658647e-07,-1.4033051e-07,0.994029,3.2802956,0.029594849868786282
6.0,0.009196777201000463,-0.4970951,-0.4970951,-2.0470635e-07,-2.0470635e-07,-2.6751144e-07,-3.8372758e-07,0.994029,3.2802956,0.02962745695687527
6.0,0.009206777201000462,-0.49709508,-0.49709508,-3.1935176e-07,-3.1935176e-07,-2.5658656e-07,-1.4033074e-07,0.994029,3.2802956,0.029660064044964258
6.0,0.009216777201000462,-0.4970951,-0.4970951,-2.0470651e-07,-2.0470651e-07,-2.6751138e-07,-3.8372735e-07,0.994029,3.2802956,0.02969267113305325
6.0,0.009226777201000463,-0.49709508,-0.49709508,-3.1935159e-07,-3.1935159e-07,-2.5658665e-07,-1.4033098e-07,0.994029,3.2802956,0.02972527822114224
6.0,0.009236777201000463,-0.4970951,-0.4970951,-2.0470665e-07,-2.0470665e-07,-2.675113e-07,-3.837271e-07,0.994029,3.2802956,0.02975788530923123
6.0,0.009246777201000462,-0.49709508,-0.49709508,-3.1935144e-07,-3.1935144e-07,-2.5658673e-07,-1.4033122e-07,0.994029,3.2802956,0.029790492397320217
6.0,0.009256777201000462,-0.4970951,-0.4970951,-2.0470681e-07,-2.0470681e-07,-2.675112e-07,-3.8372687e-07,0.994029,3.2802956,0.029823099485409208
6.0,0.009266777201000463,-0.49709508,-0.49709508,-3.193513e-07,-3.193513e-07,-2.5658682e-07,-1.4033145e-07,0.994029,3.2802956,0.0298557065734982
6.0,0.009276777201000463,-0.4970951,-0.4970951,-2.0470696e-07,-2.0470696e-07,-2.6751113e-07,-3.8372664e-07,0.994029,3.2802956,0.029888313661587187
6.0,0.009286777201000462,-0.49709508,-0.49709508,-3.1935113e-07,-3.1935113e-07,-2.565869e-07,-1.403317e-07,0.994029,3.2802956,0.029920920749676175
6.0,0.009296777201000462,-0.4970951,-0.4970951,-2.0470712e-07,-2.0470712e-07,-2.6751104e-07,-3.837264e-07,0.994029,3.2802956,0.029953527837765167
6.0,0.009306777201000463,-0.49709508,-0.49709508,-3.19351e-07,-3.19351e-07,-2.56587e-07,-1.4033193e-07,0.994029,3.2802956,0.02998613492585416
6.0,0.009316777201000463,-0.4970951,-0.4970951,-2.0470726e-07,-2.0470726e-07,-2.6751096e-07,-3.8372616e-07,0.994029,3.2802956,0.030018742013943146
6.0,0.009326777201000462,-0.49709508,-0.49709508,-3.1935085e-07,-3.1935085e-07,-2.5658707e-07,-1.4033216e-07,0.994029,3.2802956,0.030051349102032134
6.0,0.009336777201000462,-0.4970951,-0.4970951,-2.0470742e-07,-2.0470742e-07,-2.6751087e-07,-3.8372593e-07,0.994029,3.2802956,0.030083956190121122
6.0,0.009346777201000462,-0.49709508,-0.49709508,-3.1935068e-07,-3.1935068e-07,-2.5658716e-07,-1.403324e-07,0.994029,3.2802956,0.030116563278210114
6.0,0.009356777201000463,-0.4970951,-0.4970951,-2.0470758e-07,-2.0470758e-07,-2.6751079e-07,-3.8372568e-07,0.994029,3.2802956,0.030149170366299105
6.0,0.009366777201000463,-0.49709508,-0.49709508,-3.1935053e-07,-3.1935053e-07,-2.5658724e-07,-1.4033265e-07,0.994029,3.2802956,0.030181777454388093
6.0,0.009376777201000462,-0.4970951,-0.4970951,-2.0470772e-07,-2.0470772e-07,-2.675107e-07,-3.8372545e-07,0.994029,3.2802956,0.03021438454247708
6.0,0.009386777201000462,-0.49709508,-0.49709508,-3.193504e-07,-3.193504e-07,-2.5658733e-07,-1.4033287e-07,0.994029,3.2802956,0.030246991630566072
6.0,0.009396777201000463,-0.4970951,-0.4970951,-2.0470787e-07,-2.0470787e-07,-2.6751061e-07,-3.8372522e-07,0.994029,3.2802956,0.030279598718655064
6.0,0.009406777201000463,-0.49709508,-0.49709508,-3.1935022e-07,-3.1935022e-07,-2.565874e-07,-1.4033311e-07,0.994029,3.2802956,0.030312205806744052
6.0,0.009416777201000462,-0.4970951,-0.4970951,-2.0470803e-07,-2.0470803e-07,-2.6751053e-07,-3.8372497e-07,0.994029,3.2802956,0.03034481289483304
6.0,0.009426777201000462,-0.49709508,-0.49709508,-3.1935008e-07,-3.1935008e-07,-2.565875e-07,-1.4033336e-07,0.994029,3.2802956,0.03037741998292203
6.0,0.009436777201000463,-0.4970951,-0.4970951,-2.0470817e-07,-2.0470817e-07,-2.6751044e-07,-3.8372474e-07,0.994029,3.2802956,0.030410027071011023
6.0,0.009446777201000463,-0.49709508,-0.49709508,-3.1934994e-07,-3.1934994e-07,-2.5658758e-07,-1.4033358e-07,0.994029,3.2802956,0.03044263415910001
6.0,0.009456777201000462,-0.4970951,-0.4970951,-2.0470833e-07,-2.0470833e-07,-2.6751036e-07,-3.837245e-07,0.994029,3.2802956,0.030475241247189
6.0,0.009466777201000462,-0.49709508,-0.49709508,-3.1934977e-07,-3.1934977e-07,-2.5658767e-07,-1.4033382e-07,0.994029,3.2802956,0.030507848335277987
6.0,0.009476777201000462,-0.4970951,-0.4970951,-2.0470848e-07,-2.0470848e-07,-2.6751027e-07,-3.8372426e-07,0.994029,3.2802956,0.030540455423366978
6.0,0.009486777201000463,-0.49709508,-0.49709508,-3.1934962e-07,-3.1934962e-07,-2.5658775e-07,-1.4033407e-07,0.994029,3.2802956,0.03057306251145597
6.0,0.009496777201000462,-0.4970951,-0.4970951,-2.0470864e-07,-2.0470864e-07,-2.675102e-07,-3.8372403e-07,0.994029,3.2802956,0.030605669599544957
6.0,0.009506777201000462,-0.49709508,-0.49709508,-3.1934948e-07,-3.1934948e-07,-2.5658784e-07,-1.4033431e-07,0.994029,3.2802956,0.030638276687633945
6.0,0.009516777201000462,-0.4970951,-0.4970951,-2.0470878e-07,-2.0470878e-07,-2.675101e-07,-3.837238e-07,0.994029,3.2802956,0.030670883775722937
6.0,0.009526777201000463,-0.49709508,-0.49709508,-3.193493e-07,-3.193493e-07,-2.5658792e-07,-1.4033454e-07,0.994029,3.2802956,0.030703490863811928
6.0,0.009536777201000463,-0.4970951,-0.4970951,-2.0470894e-07,-2.0470894e-07,-2.6751002e-07,-3.8372355e-07,0.994029,3.2802956,0.030736097951900916
6.0,0.009546777201000462,-0.49709508,-0.49709508,-3.1934917e-07,-3.1934917e-07,-2.5658798e-07,-1.4033478e-07,0.994029,3.2802956,0.030768705039989904
6.0,0.009556777201000462,-0.4970951,-0.4970951,-2.047091e-07,-2.047091e-07,-2.6750993e-07,-3.8372332e-07,0.994029,3.2802956,0.030801312128078896
6.0,0.009566777201000463,-0.49709508,-0.49709508,-3.1934903e-07,-3.1934903e-07,-2.5658807e-07,-1.4033502e-07,0.994029,3.2802956,0.030833919216167887
6.0,0.009576777201000463,-0.4970951,-0.4970951,-2.0470924e-07,-2.0470924e-07,-2.6750985e-07,-3.837231e-07,0.994029,3.2802956,0.030866526304256875
6.0,0.009586777201000462,-0.49709508,-0.49709508,-3.1934886e-07,-3.1934886e-07,-2.5658815e-07,-1.4033525e-07,0.994029,3.2802956,0.030899133392345863
6.0,0.009596777201000462,-0.4970951,-0.4970951,-2.047094e-07,-2.047094e-07,-2.6750976e-07,-3.8372283e-07,0.994029,3.2802956,0.030931740480434854
6.0,0.009606777201000463,-0.49709508,-0.49709508,-3.1934871e-07,-3.1934871e-07,-2.5658824e-07,-1.4033549e-07,0.994029,3.2802956,0.030964347568523846
6.0,0.009616777201000463,-0.4970951,-0.4970951,-2.0470955e-07,-2.0470955e-07,-2.675097e-07,-3.837226e-07,0.994029,3.2802956,0.030996954656612834
6.0,0.009626777201000462,-0.49709508,-0.49709508,-3.1934857e-07,-3.1934857e-07,-2.5658832e-07,-1.4033573e-07,0.994029,3.2802956,0.03102956174470182
6.0,0.009636777201000462,-0.4970951,-0.4970951,-2.0470969e-07,-2.0470969e-07,-2.6750962e-07,-3.8372238e-07,0.994029,3.2802956,0.03106216883279081
6.0,0.009646777201000462,-0.49709508,-0.49709508,-3.193484e-07,-3.193484e-07,-2.565884e-07,-1.4033596e-07,0.994029,3.2802956,0.0310947759208798
6.0,0.009656777201000463,-0.4970951,-0.4970951,-2.0470985e-07,-2.0470985e-07,-2.6750953e-07,-3.8372212e-07,0.994029,3.2802956,0.031127383008968793
6.0,0.009666777201000462,-0.49709508,-0.49709508,-3.1934826e-07,-3.1934826e-07,-2.565885e-07,-1.403362e-07,0.994029,3.2802956,0.03115999009705778
6.0,0.009676777201000462,-0.4970951,-0.4970951,-2.0471e-07,-2.0471e-07,-2.6750945e-07,-3.837219e-07,0.994029,3.2802956,0.03119259718514677
6.0,0.009686777201000462,-0.49709508,-0.49709508,-3.193481e-07,-3.193481e-07,-2.5658858e-07,-1.4033644e-07,0.994029,3.2802956,0.03122520427323576
6.0,0.009696777201000463,-0.4970951,-0.4970951,-2.0471016e-07,-2.0471016e-07,-2.6750936e-07,-3.8372167e-07,0.994029,3.2802956,0.03125781136132475
6.0,0.009706777201000463,-0.49709508,-0.49709508,-3.1934795e-07,-3.1934795e-07,-2.5658866e-07,-1.4033667e-07,0.994029,3.2802956,0.031290418449413736
6.0,0.009716777201000462,-0.4970951,-0.4970951,-2.047103e-07,-2.047103e-07,-2.6750928e-07,-3.837214e-07,0.994029,3.2802956,0.03132302553750272
6.0,0.009726777201000462,-0.49709508,-0.49709508,-3.193478e-07,-3.193478e-07,-2.5658875e-07,-1.4033691e-07,0.994029,3.2802956,0.03135563262559171
6.0,0.009736777201000463,-0.4970951,-0.4970951,-2.0471046e-07,-2.0471046e-07,-2.675092e-07,-3.837212e-07,0.994029,3.2802956,0.0313882397136807
6.0,0.009746777201000463,-0.49709508,-0.49709508,-3.1934763e-07,-3.1934763e-07,-2.5658883e-07,-1.4033715e-07,0.994029,3.2802956,0.03142084680176969
6.0,0.009756777201000462,-0.4970951,-0.4970951,-2.0471062e-07,-2.0471062e-07,-2.675091e-07,-3.8372096e-07,0.994029,3.2802956,0.03145345388985867
6.0,0.009766777201000462,-0.49709508,-0.49709508,-3.193475e-07,-3.193475e-07,-2.5658892e-07,-1.4033738e-07,0.994029,3.2802956,0.031486060977947664
6.0,0.009776777201000463,-0.4970951,-0.4970951,-2.0471076e-07,-2.0471076e-07,-2.6750902e-07,-3.837207e-07,0.994029,3.2802956,0.031518668066036655
6.0,0.009786777201000463,-0.49709508,-0.49709508,-3.1934735e-07,-3.1934735e-07,-2.56589e-07,-1.4033762e-07,0.994029,3.2802956,0.03155127515412564
6.0,0.009796777201000462,-0.4970951,-0.4970951,-2.0471091e-07,-2.0471091e-07,-2.6750894e-07,-3.8372048e-07,0.994029,3.2802956,0.031583882242214624
6.0,0.009806777201000462,-0.49709508,-0.49709508,-3.1934718e-07,-3.1934718e-07,-2.565891e-07,-1.4033786e-07,0.994029,3.2802956,0.03161648933030361
6.0,0.009816777201000462,-0.4970951,-0.4970951,-2.0471107e-07,-2.0471107e-07,-2.6750885e-07,-3.8372025e-07,0.994029,3.2802956,0.0316490964183926
6.0,0.009826777201000463,-0.49709508,-0.49709508,-3.1934704e-07,-3.1934704e-07,-2.5658917e-07,-1.4033809e-07,0.994029,3.2802956,0.03168170350648159
6.0,0.009836777201000462,-0.4970951,-0.4970951,-2.0471121e-07,-2.0471121e-07,-2.6750877e-07,-3.8372e-07,0.994029,3.2802956,0.031714310594570576
6.0,0.009846777201000462,-0.49709508,-0.49709508,-3.193469e-07,-3.193469e-07,-2.5658926e-07,-1.4033833e-07,0.994029,3.2802956,0.03174691768265956
6.0,0.009856777201000462,-0.4970951,-0.4970951,-2.0471137e-07,-2.0471137e-07,-2.6750868e-07,-3.8371977e-07,0.994029,3.2802956,0.03177952477074855
6.0,0.009866777201000463,-0.49709508,-0.49709508,-3.1934673e-07,-3.1934673e-07,-2.5658935e-07,-1.4033857e-07,0.994029,3.2802956,0.03181213185883754
6.0,0.009876777201000463,-0.4970951,-0.4970951,-2.0471153e-07,-2.0471153e-07,-2.675086e-07,-3.837195e-07,0.994029,3.2802956,0.03184473894692653
6.0,0.009886777201000462,-0.49709508,-0.49709508,-3.1934658e-07,-3.1934658e-07,-2.5658943e-07,-1.403388e-07,0.994029,3.2802956,0.03187734603501551
6.0,0.009896777201000462,-0.4970951,-0.4970951,-2.0471168e-07,-2.0471168e-07,-2.675085e-07,-3.8371928e-07,0.994029,3.2802956,0.031909953123104504
6.0,0.009906777201000463,-0.49709508,-0.49709508,-3.1934644e-07,-3.1934644e-07,-2.5658952e-07,-1.4033904e-07,0.994029,3.2802956,0.031942560211193495
6.0,0.009916777201000463,-0.4970951,-0.4970951,-2.0471182e-07,-2.0471182e-07,-2.6750843e-07,-3.8371905e-07,0.994029,3.2802956,0.03197516729928248
6.0,0.009926777201000462,-0.49709508,-0.49709508,-3.1934627e-07,-3.1934627e-07,-2.565896e-07,-1.4033928e-07,0.994029,3.2802956,0.032007774387371464
6.0,0.009936777201000462,-0.4970951,-0.4970951,-2.0471198e-07,-2.0471198e-07,-2.6750834e-07,-3.837188e-07,0.994029,3.2802956,0.032040381475460455
6.0,0.009946777201000463,-0.49709508,-0.49709508,-3.1934613e-07,-3.1934613e-07,-2.5658966e-07,-1.4033951e-07,0.994029,3.2802956,0.03207298856354945
6.0,0.009956777201000463,-0.4970951,-0.4970951,-2.0471214e-07,-2.0471214e-07,-2.6750826e-07,-3.8371857e-07,0.994029,3.2802956,0.03210559565163843
6.0,0.009966777201000462,-0.49709508,-0.49709508,-3.19346e-07,-3.19346e-07,-2.5658974e-07,-1.4033975e-07,0.994029,3.2802956,0.032138202739727416
6.0,0.009976777201000462,-0.4970951,-0.4970951,-2.0471228e-07,-2.0471228e-07,-2.6750817e-07,-3.8371834e-07,0.994029,3.2802956,0.0321708098278164
6.0,0.009986777201000462,-0.49709508,-0.49709508,-3.1934582e-07,-3.1934582e-07,-2.5658983e-07,-1.4033999e-07,0.994029,3.2802956,0.03220341691590539
6.0,0.009996777201000463,-0.4970951,-0.4970951,-2.0471244e-07,-2.0471244e-07,-2.6750809e-07,-3.837181e-07,0.994029,3.2802956,0.03222497476449344
6.0,0.01,-0.49709508,-0.49709508,-3.193455e-07,-3.193455e-07,-2.5659e-07,-1.4034048e-07,0.994029,3.2802956,0.032230229070667346
6.0,0.010000000001,-0.49709508,-0.49709508,-3.1359426e-07,-3.1359426e-07,-2.4477998e-07,-1.7458153e-07,0.994029,3.2802956,0.03223022907392806
6.0,0.010000000002000001,-0.4970951,-0.4970951,-2.9442512e-07,-2.9442512e-07,-2.460291e-07,-2.1187371e-07,0.994029,3.2802956,0.03223022907895966
6.0,0.0100000000040862,-0.4970951,-0.4970951,-2.8009214e-07,-2.8009214e-07,-2.4984837e-07,-2.4088428e-07,0.994029,3.2802956,0.03223022908683228
6.0,0.010000000006828779,-0.4970951,-0.4970951,-2.6663702e-07,-2.6663702e-07,-2.5618226e-07,-2.587517e-07,0.994029,3.2802956,0.0322302291002464
6.0,0.010000000012313937,-0.4970951,-0.4970951,-2.640702e-07,-2.640702e-07,-2.6175232e-07,-2.605513e-07,0.994029,3.2802956,0.032230229127074655
6.0,0.010000000023284251,-0.4970951,-0.4970951,-2.611726e-07,-2.611726e-07,-2.6236694e-07,-2.6364546e-07,0.994029,3.2802956,0.03223022918073116
6.0,0.010000000045224881,-0.4970951,-0.4970951,-2.637764e-07,-2.637764e-07,-2.621379e-07,-2.604929e-07,0.994029,3.2802956,0.032230229288044164
6.0,0.010000000089106141,-0.4970951,-0.4970951,-2.610341e-07,-2.610341e-07,-2.6205348e-07,-2.6343963e-07,0.994029,3.2802956,0.03223022950267018
6.0,0.01000000017686866,-0.49709514,-0.49709514,-2.6323403e-07,-2.6323403e-07,-2.6164875e-07,-2.5995556e-07,0.994029,3.2802956,0.03223022993192221
6.0,0.0100000003523937,-0.49709517,-0.49709517,-2.5951752e-07,-2.5951752e-07,-2.6051666e-07,-2.619213e-07,0.994029,3.2802956,0.03223023079042627
6.0,0.010000000703443777,-0.49709517,-0.49709517,-2.5866203e-07,-2.5866203e-07,-2.571515e-07,-2.554732e-07,0.994029,3.2802956,0.03223023250743439
6.0,0.010000001405543933,-0.49709523,-0.49709523,-2.4623614e-07,-2.4623614e-07,-2.4735328e-07,-2.488102e-07,0.994029,3.2802956,0.032230235941450636
6.0,0.010000002809744245,-0.4970952,-0.4970952,-2.2333403e-07,-2.2333403e-07,-2.2199703e-07,-2.2037486e-07,0.994029,3.2802956,0.03223024280948312
6.0,0.010000005618144866,-0.49709505,-0.49709505,-1.6779936e-07,-1.6779936e-07,-1.6907988e-07,-1.7057279e-07,0.994029,3.2802956,0.03223025654554809
6.0,0.01000001123494611,-0.49709466,-0.49709466,-8.96297e-08,-8.96297e-08,-8.8395346e-08,-8.674944e-08,0.994029,3.2802956,0.03223028198033209
6.0,0.010000021218914816,-0.49709445,-0.49709445,-9.342752e-09,-9.342752e-09,-1.06583204e-08,-1.2061818e-08,0.994029,3.2802956,0.032230323830710686
6.0,0.010000036904443784,-0.49709523,-0.49709523,3.5400397e-08,3.5400397e-08,3.6625607e-08,3.8416893e-08,0.994029,3.2802954,0.032230387036001534
6.0,0.010000059986740572,-0.49709556,-0.49709556,5.4369625e-08,5.4369625e-08,5.3052766e-08,5.1842846e-08,0.994029,3.2802956,0.032230451186334726
6.0,0.010000076251921251,-0.4970989,-0.4970989,5.370333e-08,5.370333e-08,5.4938873e-08,5.6908558e-08,0.994029,3.2802956,0.03223049655449827
6.0,0.010000087813919388,-0.49711007,-0.49711007,6.0088226e-08,6.0088226e-08,5.881199e-08,5.7732013e-08,0.994029,3.2802956,0.032230535528022505
6.0,0.010000100156861261,-0.4971198,-0.4971198,6.975884e-08,6.975884e-08,7.105235e-08,7.3128476e-08,0.994029,3.2802956,0.03223058151158533
6.0,0.010000116018561704,-0.49713475,-0.49713475,1.04131644e-07,1.04131644e-07,1.0289943e-07,1.0191005e-07,0.994029,3.2802956,0.032230636497413825
6.0,0.010000133883165398,-0.49715203,-0.49715203,1.5478955e-07,1.5478955e-07,1.5613982e-07,1.5829026e-07,0.994029,3.2802956,0.032230706283422186
6.0,0.010000158822757019,-0.497176,-0.497176,2.4933763e-07,2.4933763e-07,2.4821688e-07,2.4729778e-07,0.994029,3.2802956,0.03223079463242465
6.0,0.01000018807322507,-0.49720338,-0.49720338,3.6671742e-07,3.6671742e-07,3.682707e-07,3.7048144e-07,0.99402905,3.2802958,0.0322309240410221
6.0,0.010000238197264904,-0.4972456,-0.4972456,5.712253e-07,5.712253e-07,5.7054683e-07,5.69663e-07,0.9940291,3.2802958,0.03223109625327282
6.0,0.010000293701923022,-0.4972826,-0.4972826,7.5631516e-07,7.5631516e-07,7.5873334e-07,7.609349e-07,0.9940291,3.280296,0.0322312014612613
6.0,0.010000302727993576,-0.49728793,-0.49728793,7.8357834e-07,7.8357834e-07,7.848474e-07,7.854951e-07,0.99402916,3.280296,0.03223124560835909
6.0,0.010000320780134684,-0.49729848,-0.49729848,8.332318e-07,8.332318e-07,8.347674e-07,8.3540664e-07,0.99402916,3.280296,0.032231333902554664
6.0,0.0100003568844169,-0.49731892,-0.49731892,9.2860165e-07,9.2860165e-07,9.3079484e-07,9.314129e-07,0.9940292,3.2802963,0.032231510490971636
6.0,0.01000042909298133,-0.49735686,-0.49735686,1.1226427e-06,1.1226427e-06,1.1266268e-06,1.127176e-06,0.99402934,3.2802968,0.03223178488911653
6.0,0.010000525190119947,-0.49739486,-0.49739486,1.3858e-06,1.3858e-06,1.3932452e-06,1.3935728e-06,0.99402946,3.2802973,0.032232225745283935
6.0,0.010000699497817796,-0.49735147,-0.49735147,1.7303331e-06,1.7303331e-06,1.7467531e-06,1.745873e-06,0.99402964,3.280298,0.03223276590800753
6.0,0.010000856505796891,-0.49712002,-0.49712002,1.8216949e-06,1.8216949e-06,1.8467508e-06,1.8443775e-06,0.9940296,3.2802978,0.032233262837268295
6.0,0.010001004295722711,-0.496718,-0.496718,1.695226e-06,1.695226e-06,1.7272253e-06,1.723613e-06,0.99402916,3.2802963,0.03223373760310639
6.0,0.01000114770973912,-0.49616945,-0.49616945,1.4243202e-06,1.4243202e-06,1.4619346e-06,1.4571613e-06,0.9940282,3.280293,0.0322342465512533
6.0,0.010001316466455044,-0.49530664,-0.49530664,9.88824e-07,9.88824e-07,1.0320917e-06,1.0257145e-06,0.99402624,3.2802866,0.03223484963142608
6.0,0.010001517619176224,-0.493918,-0.493918,3.8107225e-07,3.8107225e-07,4.3037798e-07,4.217056e-07,0.99402237,3.2802737,0.03223553042886068
6.0,0.010001734048357875,-0.49189675,-0.49189675,-3.040864e-07,-3.040864e-07,-2.4900385e-07,-2.607259e-07,0.99401563,3.2802515,0.032236218662829094
6.0,0.010001939768149153,-0.48939976,-0.48939976,-9.2868237e-07,-9.2868237e-07,-8.6966077e-07,-8.8450446e-07,0.9940061,3.28022,0.03223687688627316
6.0,0.010002137797238828,-0.48636654,-0.48636654,-1.4633703e-06,-1.4633703e-06,-1.4021314e-06,-1.420831e-06,0.9939932,3.2801776,0.03223759646292987
6.0,0.010002381162014871,-0.48105904,-0.48105904,-2.064352e-06,-2.064352e-06,-1.9994786e-06,-2.0285706e-06,0.9939703,3.280102,0.03223835861576643
6.0,0.010002605329199613,-0.47124583,-0.47124583,-2.7805247e-06,-2.7805247e-06,-2.7109654e-06,-2.7780432e-06,0.99393594,3.2799885,0.03223898045642791
6.0,0.010002762647831703,-0.4500796,-0.4500796,-4.3933014e-06,-4.3933014e-06,-4.400363e-06,-4.6297855e-06,0.9938885,3.279832,0.03223939316990968
6.0,0.01000285854419268,-0.39099094,-0.39099094,-1.1184552e-05,-1.1184552e-05,-1.3284326e-05,-1.4415941e-05,0.9938082,3.279567,0.032239633844534155
6.0,0.010002910334469864,-0.18203542,-0.18203542,-4.311694e-05,-4.311694e-05,-9.257659e-05,-0.00010037086,0.9936155,3.2789311,0.032239776295103384
6.0,0.010002945990914136,-0.00017857685,-0.00017857685,-3.6433063e-05,-3.6433063e-05,-3.1009735e-05,-3.4459143e-05,0.9934177,3.2782784,0.03223984741133324
6.0,0.010002954008274278,6.842083e-05,6.842083e-05,2.2377857e-05,2.2377857e-05,2.1955324e-05,2.5425044e-05,0.9933935,3.2781987,0.032239870024747985
6.0,0.0100029598789094,-0.00016169553,-0.00016169553,-3.4231092e-05,-3.4231092e-05,-2.9019831e-05,-3.2402186e-05,0.9933759,3.2781405,0.03223988906803778
6.0,0.010002965704097014,5.4128162e-05,5.4128162e-05,1.9420331e-05,1.9420331e-05,1.9193212e-05,2.251969e-05,0.9933583,3.2780824,0.032239912069179893
6.0,0.010002974006028037,-0.00015188892,-0.00015188892,-3.1682488e-05,-3.1682488e-05,-2.658429e-05,-2.9828365e-05,0.9933334,3.278,0.03223993921622813
6.0,0.010002982378435735,4.6994246e-05,4.6994246e-05,1.7352042e-05,1.7352042e-05,1.7224593e-05,2.0433637e-05,0.9933081,3.2779167,0.032239970172366836
6.0,0.010002993020965004,-0.00014597666,-0.00014597666,-2.994984e-05,-2.994984e-05,-2.4914245e-05,-2.8059567e-05,0.9932762,3.2778115,0.0322400099041381
6.0,0.010003006785408872,4.250771e-05,4.250771e-05,1.6002858e-05,1.6002858e-05,1.5939775e-05,1.9071433e-05,0.9932347,3.2776744,0.0322400615519572
6.0,0.010003024750541328,-0.0001427159,-0.0001427159,-2.898977e-05,-2.898977e-05,-2.3985873e-05,-2.7075976e-05,0.9931807,3.2774963,0.0322401337485446
6.0,0.010003051143841214,4.0062576e-05,4.0062576e-05,1.5264222e-05,1.5264222e-05,1.5233542e-05,1.8323268e-05,0.9931012,3.277234,0.032240243617192944
6.0,0.01000309226593593,-0.00014126037,-0.00014126037,-2.8565117e-05,-2.8565117e-05,-2.3587168e-05,-2.6652138e-05,0.99297756,3.276826,0.032240426339065445
6.0,0.010003163456243427,3.8967366e-05,3.8967366e-05,1.4938906e-05,1.4938906e-05,1.4884735e-05,1.795718e-05,0.99276334,3.276119,0.03224077069035726
6.0,0.010003304017343487,-0.00014099278,-0.00014099278,-2.8463808e-05,-2.8463808e-05,-2.3591445e-05,-2.6648519e-05,0.99234074,3.2747245,0.032241455850367466
6.0,0.010003585139543605,3.812572e-05,3.812572e-05,1.4792168e-05,1.4792168e-05,1.4521512e-05,1.7588569e-05,0.9914959,3.2719364,0.03224245964329781
6.0,0.010003922857305437,-0.00014185473,-0.00014185473,-2.8473596e-05,-2.8473596e-05,-2.3897313e-05,-2.6952493e-05,0.99048203,3.268591,0.032243532786186975
6.0,0.01000424808892206,3.667685e-05,3.667685e-05,1.4731144e-05,1.4731144e-05,1.4206496e-05,1.7270504e-05,0.98950654,3.2653718,0.03224462453699445
6.0,0.010004598632443311,-0.00014317724,-0.00014317724,-2.8405755e-05,-2.8405755e-05,-2.4029363e-05,-2.7082498e-05,0.9884563,3.261906,0.03224572009309977
6.0,0.010004927661283185,3.4957047e-05,3.4957047e-05,1.4738012e-05,1.4738012e-05,1.406083e-05,1.7122036e-05,0.98747146,3.2586558,0.03224681822050605
6.0,0.010005281159181638,-0.0001446506,-0.0001446506,-2.8289813e-05,-2.8289813e-05,-2.4035378e-05,-2.7086411e-05,0.9864146,3.255168,0.0322479475709296
6.0,0.010005631099291649,3.311311e-05,3.311311e-05,1.478163e-05,1.478163e-05,1.4005802e-05,1.7064353e-05,0.9853693,3.2517188,0.032249119860170344
6.0,0.010006012892362401,-0.00014626853,-0.00014626853,-2.8148446e-05,-2.8148446e-05,-2.3981092e-05,-2.7030157e-05,0.98423034,3.24796,0.03225027223413745
6.0,0.010006352067312216,3.124031e-05,3.124031e-05,1.4840815e-05,1.4840815e-05,1.3994403e-05,1.7050388e-05,0.98321944,3.2446241,0.03225136282682837
6.0,0.010006696611504178,-0.0001477233,-0.0001477233,-2.800482e-05,-2.800482e-05,-2.3898618e-05,-2.6945514e-05,0.98219377,3.2412393,0.03225244244574187
6.0,0.010007030321062085,2.9504461e-05,2.9504461e-05,1.4890246e-05,1.4890246e-05,1.3992197e-05,1.7045535e-05,0.98120123,3.2379642,0.03225351457018621
6.0,0.010007371520266248,-0.00014909901,-0.00014909901,-2.7867245e-05,-2.7867245e-05,-2.3810946e-05,-2.6855618e-05,0.98018754,3.234619,0.032254620785579176
6.0,0.010007728131386144,2.7655444e-05,2.7655444e-05,1.4928268e-05,1.4928268e-05,1.39897675e-05,1.7040553e-05,0.97912914,3.231126,0.032255847560831455
6.0,0.010008147054785883,-0.00015177928,-0.00015177928,-2.7747525e-05,-2.7747525e-05,-2.3739402e-05,-2.6782149e-05,0.97788733,3.2270281,0.03225730347987111
6.0,0.010008650863530543,2.2355347e-05,2.2355347e-05,1.4962285e-05,1.4962285e-05,1.3942661e-05,1.6991442e-05,0.97639585,3.2221062,0.03225913244037028
6.0,0.010009309757107773,-0.00015996055,-0.00015996055,-2.7729504e-05,-2.7729504e-05,-2.386097e-05,-2.6902497e-05,0.97444886,3.2156813,0.03226145033565282
6.0,0.01001013028442575,1.13641845e-05,1.13641845e-05,1.45211225e-05,1.45211225e-05,1.3336167e-05,1.6383712e-05,0.97202957,3.2076976,0.03226404680868898
6.0,0.010010975242848158,-0.00017036874,-0.00017036874,-2.935483e-05,-2.935483e-05,-2.5550638e-05,-2.8591001e-05,0.9695447,3.1994975,0.032266560326164644
6.0,0.01001175083392415,4.010287e-06,4.010287e-06,1.059379e-05,1.059379e-05,9.59093e-06,1.26380555e-05,0.9672693,3.1919885,0.032268797367742685
6.0,0.010012424332743674,-0.0001742964,-0.0001742964,-3.5792513e-05,-3.5792513e-05,-3.157083e-05,-3.4609322e-05,0.9652979,3.185483,0.032270811398275596
6.0,0.010013060798056814,1.9939343e-06,1.9939343e-06,1.9055843e-06,1.9055843e-06,1.4425692e-06,4.488971e-06,0.9634384,3.1793466,0.0322728354654716
6.0,0.010013745911625764,-0.00017493521,-0.00017493521,-4.667853e-05,-4.667853e-05,-4.1873915e-05,-4.4911085e-05,0.9614409,3.172755,0.03227485666711011
6.0,0.010014385995228196,1.9067833e-06,1.9067833e-06,-1.0203755e-05,-1.0203755e-05,-1.0121971e-05,-7.077161e-06,0.9595784,3.1666086,0.0322766079576235
6.0,0.010014898603768729,-0.00017440134,-0.00017440134,-5.742565e-05,-5.742565e-05,-5.2206655e-05,-5.524298e-05,0.9580895,3.1616952,0.03227816204594209
6.0,0.010015412071424245,2.3444886e-06,2.3444886e-06,-1.9630905e-05,-1.9630905e-05,-1.9230158e-05,-1.618757e-05,0.95660025,3.1567807,0.03227967654279239
6.0,0.010015901655782738,-0.00017359508,-0.00017359508,-6.616993e-05,-6.616993e-05,-6.0679802e-05,-6.371515e-05,0.95518255,3.1521025,0.032281214265229244
6.0,0.010016433531134782,2.9483904e-06,2.9483904e-06,-2.8059432e-05,-2.8059432e-05,-2.7416918e-05,-2.4376557e-05,0.9536447,3.1470275,0.032282947590190375
6.0,0.010017056764475231,-0.0001725777,-0.0001725777,-7.486848e-05,-7.486848e-05,-6.9143825e-05,-7.217842e-05,0.95184594,3.1410916,0.03228473999600857
6.0,0.01001763253085279,3.7788163e-06,3.7788163e-06,-3.6336533e-05,-3.6336533e-05,-3.5482673e-05,-3.2444274e-05,0.9501871,3.1356173,0.03228663973553331
6.0,0.010018332004342373,-0.00017141632,-0.00017141632,-8.256228e-05,-8.256228e-05,-7.66502e-05,-7.968405e-05,0.94817585,3.1289804,0.03228879059238422
6.0,0.010019082470017997,4.881474e-06,4.881474e-06,-4.4008753e-05,-4.4008753e-05,-4.2974687e-05,-3.993792e-05,0.94602257,3.1218743,0.032291306568777836
6.0,0.0100200358083339,-0.0001698577,-0.0001698577,-8.997714e-05,-8.997714e-05,-8.3894185e-05,-8.6927554e-05,0.94329435,3.1128714,0.03229444667283505
6.0,0.010021221247659074,6.722317e-06,6.722317e-06,-5.1379542e-05,-5.1379542e-05,-5.0174833e-05,-4.713932e-05,0.9399128,3.1017122,0.03229847254461765
6.0,0.01002279766333064,-0.00016714825,-0.00016714825,-9.6681724e-05,-9.6681724e-05,-9.0435744e-05,-9.3468974e-05,0.9354349,3.086935,0.03230421859086348
6.0,0.010025201018554947,1.0858721e-05,1.0858721e-05,-5.6902656e-05,-5.6902656e-05,-5.5557146e-05,-5.252251e-05,0.92864877,3.0645409,0.03231301401295173
6.0,0.010028978820202308,-0.00015995893,-0.00015995893,-9.910648e-05,-9.910648e-05,-9.288479e-05,-9.591813e-05,0.9180812,3.029668,0.03232377712254565
6.0,0.010032940138571917,2.0164864e-05,2.0164864e-05,-5.4491196e-05,-5.4491196e-05,-5.367969e-05,-5.064549e-05,0.90712935,2.993527,0.03233412586746054
6.0,0.010036600756195614,-0.00015107561,-0.00015107561,-9.30959e-05,-9.30959e-05,-8.81351e-05,-9.1168265e-05,0.8971252,2.960513,0.03234290245647352
6.0,0.01003954913830459,2.6696478e-05,2.6696478e-05,-4.7679518e-05,-4.7679518e-05,-4.8523812e-05,-4.5489825e-05,0.88914776,2.9341874,0.03234919832783405
6.0,0.010041427164626523,-0.0001471039,-0.0001471039,-8.744739e-05,-8.744739e-05,-8.3846106e-05,-8.687884e-05,0.88410354,2.9175415,0.032353134959015255
6.0,0.010042601490003791,2.7845392e-05,2.7845392e-05,-4.403604e-05,-4.403604e-05,-4.570881e-05,-4.2675347e-05,0.88096386,2.9071808,0.03235553822450343
6.0,0.01004330389382183,-0.00014429934,-0.00014429934,-8.4627325e-05,-8.4627325e-05,-8.144429e-05,-8.4476014e-05,0.8790913,2.9010015,0.03235687888299575
6.0,0.010043652885726539,1.7372628e-05,1.7372628e-05,-4.50597e-05,-4.50597e-05,-4.7114707e-05,-4.4083004e-05,0.8781624,2.8979356,0.03235750712545166
6.0,0.010043797628608709,-8.273117e-05,-8.273117e-05,-7.1350085e-05,-7.1350085e-05,-6.7861736e-05,-7.088972e-05,0.8777774,2.8966653,0.032357754853383165
6.0,0.010043847745530127,-5.7586938e-05,-5.7586938e-05,-6.222051e-05,-6.222051e-05,-6.4653235e-05,-6.163024e-05,0.8776441,2.8962257,0.03235784918181968
6.0,0.010043871848754288,-6.223409e-05,-6.223409e-05,-6.635703e-05,-6.635703e-05,-6.289676e-05,-6.590661e-05,0.87758005,2.8960142,0.032357918663214365
6.0,0.010043902423336444,-5.483977e-05,-5.483977e-05,-6.222944e-05,-6.222944e-05,-6.469984e-05,-6.169807e-05,0.8774988,2.895746,0.03235799398338733
6.0,0.010043931132316941,-6.006209e-05,-6.006209e-05,-6.558333e-05,-6.558333e-05,-6.218021e-05,-6.517117e-05,0.87742245,2.8954942,0.03235810338922196
6.0,0.010043988550277931,-5.2327203e-05,-5.2327203e-05,-6.188396e-05,-6.188396e-05,-6.440266e-05,-6.141529e-05,0.87726986,2.8949907,0.032358259487971996
6.0,0.010044054059812962,-5.843531e-05,-5.843531e-05,-6.509488e-05,-6.509488e-05,-6.176866e-05,-6.475071e-05,0.8770958,2.894416,0.03235848612620518
6.0,0.010044167098346267,-5.0689676e-05,-5.0689676e-05,-6.1503095e-05,-6.1503095e-05,-6.4098684e-05,-6.111782e-05,0.8767955,2.893425,0.03235878022366918
6.0,0.010044285911753922,-5.725862e-05,-5.725862e-05,-6.4633365e-05,-6.4633365e-05,-6.139451e-05,-6.437192e-05,0.87648,2.892384,0.03235923203244518
6.0,0.010044523538569234,-4.9141006e-05,-4.9141006e-05,-6.088649e-05,-6.088649e-05,-6.357322e-05,-6.0595732e-05,0.87584925,2.8903027,0.032359833473454586
6.0,0.010044761083227414,-5.554584e-05,-5.554584e-05,-6.3774874e-05,-6.3774874e-05,-6.063243e-05,-6.360757e-05,0.8752192,2.8882234,0.03236070659295207
6.0,0.010045214344476906,-4.675769e-05,-4.675769e-05,-5.9605794e-05,-5.9605794e-05,-6.23789e-05,-5.940311e-05,0.87401825,2.8842602,0.032361668513715906
6.0,0.010045524241072785,-5.3173982e-05,-5.3173982e-05,-6.231671e-05,-6.231671e-05,-5.9241385e-05,-6.221506e-05,0.87319815,2.881554,0.032362394709075884
6.0,0.010045791567828989,-4.50854e-05,-4.50854e-05,-5.8484773e-05,-5.8484773e-05,-6.128244e-05,-5.830849e-05,0.8724913,2.8792212,0.03236307607534274
6.0,0.010046066709525953,-5.183213e-05,-5.183213e-05,-6.122843e-05,-6.122843e-05,-5.816415e-05,-6.1135856e-05,0.87176436,2.8768225,0.03236397346140674
6.0,0.010046507212036898,-4.3982367e-05,-4.3982367e-05,-5.7087283e-05,-5.7087283e-05,-5.9877246e-05,-5.690485e-05,0.87060183,2.8729858,0.0323649484581427
6.0,0.010046846324384658,-5.20027e-05,-5.20027e-05,-5.978506e-05,-5.978506e-05,-5.6699504e-05,-5.9669805e-05,0.8697079,2.8700361,0.03236581092737179
6.0,0.010047198267391876,-4.551088e-05,-4.551088e-05,-5.5891953e-05,-5.5891953e-05,-5.8653583e-05,-5.568271e-05,0.86878115,2.866978,0.03236679104126669
6.0,0.01004763331910171,-5.4645705e-05,-5.4645705e-05,-5.839478e-05,-5.839478e-05,-5.5288936e-05,-5.8257854e-05,0.8676369,2.8632019,0.03236786039020712
6.0,0.010048059180784146,-4.8608952e-05,-4.8608952e-05,-5.4292756e-05,-5.4292756e-05,-5.7051067e-05,-5.4081407e-05,0.8665183,2.8595104,0.032368973716088205
6.0,0.010048531953116363,-5.7587902e-05,-5.7587902e-05,-5.656802e-05,-5.656802e-05,-5.3487573e-05,-5.6455283e-05,0.8652782,2.8554182,0.03237008302374111
6.0,0.010048957139844793,-5.0887113e-05,-5.0887113e-05,-5.2335374e-05,-5.2335374e-05,-5.51362e-05,-5.21677e-05,0.8641644,2.8517425,0.03237113362994413
6.0,0.010049384588368558,-5.9245813e-05,-5.9245813e-05,-5.4612618e-05,-5.4612618e-05,-5.1575826e-05,-5.4542263e-05,0.86304617,2.8480523,0.032372234438057014
6.0,0.010049852833756371,-5.219968e-05,-5.219968e-05,-5.0253795e-05,-5.0253795e-05,-5.3077754e-05,-5.0110408e-05,0.86182284,2.8440154,0.032373126473451044
6.0,0.010050112472318032,-6.0213766e-05,-6.0213766e-05,-5.291682e-05,-5.291682e-05,-4.9880317e-05,-5.2845142e-05,0.86114526,2.8417795,0.032373692452965175
6.0,0.010050315389354034,-5.268753e-05,-5.268753e-05,-4.9191196e-05,-4.9191196e-05,-5.1998406e-05,-4.903336e-05,0.8606161,2.840033,0.03237404349638877
6.0,0.01005039972096244,-9.056864e-05,-9.056864e-05,-0.00015022974,-0.00015022974,-6.566165e-05,-6.862133e-05,0.8603963,2.8393078,0.03237420738945304
6.0,0.010050449566809307,-0.0001572314,-0.0001572314,-0.0003877197,-0.0003877197,-0.00010874536,-0.00010578639,0.8602665,2.8388793,0.032374318672481445
6.0,0.010050490854658948,-0.00021874995,-0.00021874995,-0.0005538163,-0.0005538163,-0.00013267591,-0.00013562448,0.860159,2.8385248,0.032374417298738224
6.0,0.010050530355600606,-0.00024273418,-0.00024273418,-0.00064397923,-0.00064397923,-0.00014880422,-0.0001458588,0.86005616,2.8381853,0.03237454284614489
6.0,0.010050593720262194,-0.00028084056,-0.00028084056,-0.00071929966,-0.00071929966,-0.00015213073,-0.00015506944,0.85989124,2.837641,0.03237469769790716
6.0,0.010050657280022269,-0.00029105565,-0.00029105565,-0.0007473799,-0.0007473799,-0.00014948919,-0.00014655179,0.85972583,2.8370953,0.032374882375840984
6.0,0.01005074514997688,-0.0003285878,-0.0003285878,-0.0007884998,-0.0007884998,-0.00013279261,-0.00013572426,0.85949725,2.836341,0.032375133903371454
6.0,0.010050863633893231,-0.0003697625,-0.0003697625,-0.00085178885,-0.00085178885,-0.00010931941,-0.00010638646,0.85918915,2.8353243,0.03237553608206916
6.0,0.010051075335111346,-0.00046735405,-0.00046735405,-0.0009829573,-0.0009829573,-6.742388e-05,-7.035233e-05,0.85863906,2.833509,0.03237604517777253
6.0,0.010051282132674179,-0.0005037981,-0.0005037981,-0.0010509151,-0.0010509151,-5.4768927e-05,-5.183918e-05,0.85810214,2.831737,0.03237649465791446
6.0,0.010051445289837242,-0.0008038732,-0.0008038732,-0.001276982,-0.001276982,-6.869478e-05,-7.16182e-05,0.85767907,2.830341,0.03237693969478166
6.0,0.010051648791711974,-0.0017898391,-0.0017898391,-0.0021632789,-0.0021632789,-0.00010258126,-9.964777e-05,0.85715276,2.8286042,0.03237738012914589
6.0,0.010051808602691378,-0.0022816875,-0.0022816875,-0.002786888,-0.0027868883,-5.4860204e-05,-5.7782094e-05,0.8567403,2.827243,0.03237778696785387
6.0,0.010051984714849168,-0.0028737776,-0.0028737776,-0.0033250586,-0.0033250586,-6.8863745e-05,-6.593467e-05,0.8562866,2.8257458,0.03237827041077856
6.0,0.010052208200393709,-0.003299286,-0.003299286,-0.003838221,-0.003838221,-3.827573e-05,-4.1197123e-05,0.8557117,2.8238485,0.03237882346242391
6.0,0.010052442463235953,-0.0039772876,-0.0039772876,-0.0044764364,-0.0044764364,-0.0017964825,-0.0018091988,0.85511047,2.8218644,0.032379304575913814
6.0,0.010052606967345824,-0.0050247735,-0.0050247735,-0.005583464,-0.005583464,-0.004639055,-0.0046675303,0.8546898,2.820476,0.03237958497929864
6.0,0.01005267510212011,-0.0060999077,-0.0060999077,-0.0065584183,-0.0065584183,-0.0058408226,-0.005866522,0.8545164,2.819904,0.03237969131258114
6.0,0.010052695223399431,-0.00657785,-0.00657785,-0.006993231,-0.006993231,-0.0063278927,-0.0063604433,0.85446537,2.8197355,0.03237972630155611
6.0,0.01005270414625007,-0.0068397964,-0.0068397964,-0.007227009,-0.007227009,-0.0065538413,-0.0065811737,0.8544428,2.8196611,0.0323797429644086
6.0,0.010052709055860318,-0.0069886963,-0.0069886963,-0.007359868,-0.007359868,-0.006702531,-0.0067358604,0.8544304,2.8196204,0.032379753255577265
6.0,0.01005271268958416,-0.007095161,-0.007095161,-0.0074639884,-0.0074639884,-0.00679607,-0.0068239863,0.8544212,2.81959,0.03237976249097954
6.0,0.010052716722902236,-0.0072206827,-0.0072206827,-0.007579199,-0.007579199,-0.006925931,-0.006959693,0.854411,2.8195562,0.03237977233766537
6.0,0.010052720864296953,-0.0073467414,-0.0073467414,-0.0077023483,-0.0077023483,-0.0070399754,-0.007068459,0.8544005,2.8195217,0.03237978639228003
6.0,0.010052728391320306,-0.007587583,-0.007587583,-0.007930554,-0.007930554,-0.0072851386,-0.0073196394,0.85438156,2.819459,0.03237981203625867
6.0,0.010052742155379518,-0.008036852,-0.008036852,-0.008369618,-0.008369618,-0.0077246106,-0.007754549,0.8543469,2.8193445,0.03237986176645321
6.0,0.010052769683497942,-0.009000309,-0.009000309,-0.009314421,-0.009314421,-0.008709735,-0.008747126,0.8542776,2.819116,0.03237994340130712
6.0,0.010052809949748848,-0.010533395,-0.010533395,-0.010841211,-0.010841211,-0.010274177,-0.010309036,0.85417676,2.8187833,0.032380076514827626
6.0,0.010052880254877586,-0.01356823,-0.01356823,-0.013869624,-0.013869624,-0.013396141,-0.013441706,0.8540019,2.818206,0.03238028994299576
6.0,0.010052987307492985,-0.01901783,-0.01901783,-0.019322986,-0.019322986,-0.01894035,-0.01898839,0.8537389,2.8173385,0.03238066496284724
6.0,0.010053192086491426,-0.032250654,-0.032250654,-0.03255467,-0.03255467,-0.0323082,-0.032376744,0.8532494,2.815723,0.03238123883617133
6.0,0.010053465034894871,-0.05567362,-0.05567362,-0.055983324,-0.055983324,-0.055805724,-0.055888634,0.85263115,2.8136828,0.032382015519344214
6.0,0.010053839583208617,-0.09879357,-0.09879357,-0.099103846,-0.099103846,-0.09897205,-0.09908698,0.85186577,2.811157,0.032382730722796085
6.0,0.010054062349768035,-0.13057181,-0.13057181,-0.13088731,-0.13088731,-0.13074972,-0.1308748,0.8514652,2.8098354,0.032383169343282205
6.0,0.010054206249584845,-0.1535716,-0.1535716,-0.15388528,-0.15388528,-0.15375777,-0.15389806,0.851232,2.8090658,0.03238346648833425
6.0,0.010054310885391804,-0.17151044,-0.17151044,-0.171828,-0.171828,-0.1716898,-0.17183188,0.8510762,2.8085513,0.03238370151604762
6.0,0.010054402901534195,-0.18814027,-0.18814027,-0.18845536,-0.18845536,-0.1883265,-0.18848011,0.85094935,2.8081331,0.03238392433092196
6.0,0.01005449737419921,-0.20602226,-0.20602226,-0.20634061,-0.20634061,-0.20620123,-0.20635584,0.85082954,2.8077374,0.03238414410753198
6.0,0.010054586899238443,-0.22371536,-0.22371536,-0.22403036,-0.22403036,-0.22390126,-0.22406708,0.8507261,2.8073964,0.032384359909111426
6.0,0.010054678087911566,-0.24242164,-0.24242164,-0.24273805,-0.24273805,-0.24260075,-0.24276724,0.8506313,2.8070836,0.03238457915460119
6.0,0.01005477053784018,-0.26200825,-0.26200825,-0.26231804,-0.26231804,-0.26219556,-0.26237324,0.8505463,2.8068027,0.03238480536239464
6.0,0.01005486759597596,-0.28304362,-0.28304362,-0.28334907,-0.28334907,-0.28322643,-0.2834049,0.8504693,2.8065486,0.03238504897808559
6.0,0.010054974666521981,-0.30652547,-0.30652547,-0.30681574,-0.30681574,-0.30671978,-0.3069099,0.85039896,2.8063166,0.032385334695888036
6.0,0.010055107042159225,-0.3355596,-0.3355596,-0.33583528,-0.33583528,-0.3357529,-0.3359452,0.85033315,2.8060994,0.03238574616753859
6.0,0.010055319554255988,-0.3821547,-0.3821547,-0.38240597,-0.38240597,-0.38236216,-0.38257056,0.8502761,2.8059113,0.032386366028858776
6.0,0.01005562666783951,-0.45114714,-0.45114714,-0.45138824,-0.45138824,-0.45135117,-0.45156866,0.85030234,2.8059976,0.0323871148630677
6.0,0.010055947258422798,-0.52719074,-0.52719074,-0.52742404,-0.52742404,-0.52740335,-0.52763975,0.85047287,2.8065605,0.03238809079886409
6.0,0.010056444409978152,-0.6549091,-0.6549091,-0.6551413,-0.6551413,-0.6551149,-0.65536517,0.8510496,2.8084636,0.032389459925363115
6.0,0.01005709290303826,-0.8389567,-0.8389567,-0.8391849,-0.8391849,-0.83916825,-0.83944315,0.852423,2.8129961,0.03239106106175114
6.0,0.010057779879607985,-1.0499269,-1.0499269,-1.050157,-1.050157,-1.0501298,-1.0504116,0.8547059,2.8205292,0.032392779997245484
6.0,0.010058518977717973,-1.2791886,-1.2791886,-1.2794265,-1.2794265,-1.279411,-1.2796998,0.85814273,2.8318713,0.032394152582161405
6.0,0.010058909509492961,-1.3716552,-1.3716552,-1.3719728,-1.3719728,-1.3719784,-1.3722574,0.8603188,2.839052,0.032394802600816695
6.0,0.010059051236810414,-1.3807877,-1.3807877,-1.3812237,-1.3812237,-1.3812836,-1.3815631,0.86113673,2.8417513,0.03239506915495915
6.0,0.010059127359337557,-1.3834426,-1.3834426,-1.3837973,-1.3837973,-1.3838147,-1.384086,0.8615773,2.843205,0.03239521786388508
6.0,0.010059172649655031,-1.3843957,-1.3843957,-1.3848377,-1.3848377,-1.3848962,-1.3851706,0.8618395,2.8440704,0.032395324806943154
6.0,0.010059214619473279,-1.385108,-1.385108,-1.3854713,-1.3854713,-1.3854891,-1.3857563,0.8620825,2.844872,0.03239542875812291
6.0,0.010059257420761228,-1.3856701,-1.3856701,-1.3860999,-1.3860999,-1.3861475,-1.3864172,0.8623304,2.8456903,0.03239552940509942
6.0,0.010059296648851572,-1.385783,-1.385783,-1.38615,-1.38615,-1.3861607,-1.386422,0.8625573,2.8464391,0.032395627128105946
6.0,0.010059337025139269,-1.3855718,-1.3855718,-1.3859841,-1.3859841,-1.3860126,-1.3862749,0.8627907,2.8472095,0.032395722397447965
6.0,0.01005937421251097,-1.384761,-1.384761,-1.3851221,-1.3851221,-1.385115,-1.3853675,0.86300516,2.847917,0.032395812313228266
6.0,0.010059410193809223,-1.3835719,-1.3835719,-1.3839607,-1.3839607,-1.383964,-1.3842163,0.86321217,2.8486001,0.032395897947828156
6.0,0.010059443863972978,-1.3818575,-1.3818575,-1.3822078,-1.3822078,-1.3821799,-1.3824215,0.86340517,2.8492372,0.03239597754800285
6.0,0.01005947490818691,-1.3800118,-1.3800118,-1.3803784,-1.3803784,-1.3803593,-1.3806009,0.8635826,2.8498228,0.03239604652162621
6.0,0.010059499915995716,-1.3781716,-1.3781716,-1.3785143,-1.3785143,-1.3784719,-1.3787041,0.863725,2.8502927,0.03239610120013526
6.0,0.010059519328510671,-1.3767115,-1.3767115,-1.3770617,-1.3770617,-1.3770295,-1.3772639,0.8638354,2.850657,0.032396139536639654
6.0,0.010059531052262836,-1.3756976,-1.3756976,-1.376041,-1.376041,-1.3759931,-1.3762203,0.86390185,2.8508763,0.032396161006730574
6.0,0.010059536763476797,-1.3752472,-1.3752472,-1.3755857,-1.3755857,-1.3755472,-1.3757787,0.8639342,2.850983,0.03239617053731706
6.0,0.010059538791075864,-1.3750582,-1.3750582,-1.3754066,-1.3754066,-1.37536,-1.375586,0.8639457,2.8510206,0.0323961744932409
6.0,0.010059539975591822,-1.3749585,-1.3749585,-1.3752989,-1.3752989,-1.3752594,-1.3754904,0.8639524,2.8510427,0.03239617733575671
6.0,0.010059541099094602,-1.374862,-1.374862,-1.3752036,-1.3752036,-1.3751544,-1.3753799,0.8639588,2.8510642,0.03239618020457153
6.0,0.010059542304929668,-1.3747562,-1.3747562,-1.3750981,-1.3750981,-1.3750594,-1.37529,0.8639656,2.8510866,0.03239618465996441
6.0,0.010059544716599799,-1.3745471,-1.3745471,-1.3748882,-1.3748882,-1.3748384,-1.3750633,0.8639792,2.8511317,0.032396191778265596
6.0,0.010059548084369827,-1.3742503,-1.3742503,-1.374591,-1.374591,-1.3745507,-1.3747805,0.8639983,2.8511941,0.03239620358943476
6.0,0.010059554305818388,-1.3736972,-1.3736972,-1.3740366,-1.3740366,-1.373985,-1.3742086,0.86403346,2.8513105,0.03239622658043313
6.0,0.010059566748715512,-1.372562,-1.372562,-1.3728994,-1.3728994,-1.3728557,-1.3730828,0.86410373,2.8515422,0.03239627256991019
6.0,0.010059591634509759,-1.370195,-1.370195,-1.3705286,-1.3705286,-1.3704708,-1.3706889,0.864244,2.8520052,0.03239636457873222
6.0,0.010059641406098253,-1.3651216,-1.3651216,-1.3654487,-1.3654487,-1.3653944,-1.3656113,0.864523,2.852926,0.03239654871520713
6.0,0.010059740949275243,-1.3539789,-1.3539789,-1.3542975,-1.3542975,-1.354225,-1.3544258,0.8650755,2.854749,0.03239691745899479
6.0,0.010059940035629222,-1.3293853,-1.3293853,-1.3296962,-1.3296962,-1.329627,-1.3298179,0.8661571,2.8583183,0.03239755024469895
6.0,0.010060252135768792,-1.2881702,-1.2881702,-1.2884798,-1.2884798,-1.2884003,-1.2885698,0.86778754,2.8636987,0.03239839926677614
6.0,0.010060623330607902,-1.2378591,-1.2378591,-1.2381717,-1.2381717,-1.238104,-1.2382655,0.869621,2.8697493,0.03239962237364568
6.0,0.010061232348688528,-1.155618,-1.155618,-1.15594,-1.15594,-1.1558677,-1.1560065,0.87238055,2.8788557,0.03240166512336108
6.0,0.010062250074892963,-1.0232065,-1.0232065,-1.0235523,-1.0235523,-1.0234989,-1.0236202,0.8763231,2.8918664,0.032403684051592996
6.0,0.010062825688339432,-0.95193684,-0.95193684,-0.95236623,-0.95236623,-0.95230806,-0.9524127,0.87819517,2.8980439,0.032404851291413614
6.0,0.0100631673383096,-0.9104021,-0.9104021,-0.9131763,-0.9131763,-0.91313034,-0.9132346,0.8791924,2.901335,0.03240552020990553
6.0,0.010063350159214614,-0.8857195,-0.8857195,-0.9012151,-0.9012151,-0.90116036,-0.9012563,0.8797028,2.9030192,0.03240592301026603
6.0,0.01006348279079914,-0.8642361,-0.8642361,-0.9051373,-0.9051373,-0.9050923,-0.90519255,0.8800773,2.904255,0.03240626588030803
6.0,0.010063618448911404,-0.8388914,-0.8388914,-0.9227575,-0.9227575,-0.9227029,-0.922797,0.8804773,2.9055748,0.03240669138824119
6.0,0.010063815440730282,-0.79791236,-0.79791236,-0.96781105,-0.96781105,-0.9677658,-0.9678655,0.88110703,2.907653,0.03240732540610038
6.0,0.010064113397666836,-0.73240274,-0.73240274,-1.0610578,-1.0610578,-1.0610023,-1.0610976,0.8821988,2.911256,0.03240810396196535
6.0,0.010064421720244845,-0.66440415,-0.66440415,-1.1737101,-1.1737101,-1.1736634,-1.1737659,0.8835296,2.9156477,0.032409048938513166
6.0,0.01006484705773468,-0.57382745,-0.57382745,-1.3424404,-1.3424404,-1.342383,-1.342482,0.8857338,2.9229217,0.032410368183243776
6.0,0.010065440862935354,-0.4567943,-0.4567943,-1.590025,-1.590025,-1.5899761,-1.5900825,0.8895618,2.935554,0.0324118808793319
6.0,0.010066005609584544,-0.35713854,-0.35713854,-1.8297032,-1.8297032,-1.8296443,-1.829746,0.8940315,2.950304,0.03241333630869189
6.0,0.010066544437098977,-0.27323917,-0.27323917,-2.0570705,-2.0570705,-2.057021,-2.0571282,0.89905,2.966865,0.03241482361747698
6.0,0.010067120801195368,-0.19583553,-0.19583553,-2.2952812,-2.2952812,-2.2952225,-2.2953234,0.9052182,2.9872198,0.03241664183302195
6.0,0.010067889228515885,-0.11266836,-0.11266836,-2.6005645,-2.6005645,-2.6005163,-2.6006207,0.9146814,3.0184484,0.03241901083050739
6.0,0.010068836895016616,-0.04166517,-0.04166517,-2.952448,-2.952448,-2.9523919,-2.952487,0.92819065,3.063029,0.03242205298252872
6.0,0.010070029271941918,-0.0015964473,-0.0015964473,-3.3514855,-3.3514855,-3.351442,-3.3515368,0.94781446,3.1277878,0.03242447242708331
6.0,0.010070469138849226,-5.009117e-05,-5.009117e-05,-3.485847,-3.485847,-3.4857955,-3.485882,0.9557383,3.1539361,0.032425661596118496
6.0,0.010070818280484947,-4.604364e-05,-4.604364e-05,-3.5879145,-3.5879145,-3.5878737,-3.5879638,0.96226746,3.1754827,0.03242645593740378
6.0,0.010070989052904575,-4.537559e-05,-4.537559e-05,-3.6363094,-3.6363094,-3.6362596,-3.6363432,0.9655354,3.186267,0.03242697757880899
6.0,0.010071157399157885,-4.5373774e-05,-4.5373774e-05,-3.6829853,-3.6829853,-3.6829455,-3.6830337,0.96880305,3.1970503,0.032427504265719345
6.0,0.010071329145781434,-4.468522e-05,-4.468522e-05,-3.729538,-3.729538,-3.7294893,-3.7295709,0.97218287,3.2082038,0.03242818489313771
6.0,0.010071593844146767,-4.4635533e-05,-4.4635533e-05,-3.7991996,-3.7991996,-3.799161,-3.7992468,0.97748035,3.2256851,0.03242906944908585
6.0,0.010071890226450867,-4.384352e-05,-4.384352e-05,-3.8742254,-3.8742254,-3.8741782,-3.8742564,0.983535,3.245665,0.03242997551419028
6.0,0.010072161514058885,-4.4016808e-05,-4.4016808e-05,-3.9401882,-3.9401882,-3.9401512,-3.9402337,0.98918635,3.264315,0.03243092466482993
6.0,0.0100724781149534,-4.3528675e-05,-4.3528675e-05,-4.0139647,-4.0139647,-4.013919,-4.0139937,0.9959078,3.286496,0.03243213760009486
6.0,0.010072902679875272,-4.4298038e-05,-4.4298038e-05,-4.1076255,-4.1076255,-4.1075907,-4.107669,1.0051233,3.3169067,0.0324341842640512
6.0,0.010073705904612236,-4.5811044e-05,-4.5811044e-05,-4.2690864,-4.2690864,-4.269044,-4.2691116,1.0231359,3.3763483,0.03243654623837681
6.0,0.010074270171333215,-4.7706944e-05,-4.7706944e-05,-4.37073,-4.37073,-4.370699,-4.370769,1.0362059,3.4194796,0.032438369676945994
6.0,0.010074735140829042,-4.814765e-05,-4.814765e-05,-4.4477897,-4.4477897,-4.44775,-4.447812,1.0472065,3.4557817,0.03244009064245988
6.0,0.010075221265489858,-4.9045735e-05,-4.9045735e-05,-4.522432,-4.522432,-4.5224032,-4.522468,1.0589108,3.4944055,0.032442254079051554
6.0,0.010075904482586866,-4.889524e-05,-4.889524e-05,-4.618072,-4.618072,-4.6180353,-4.618091,1.0756778,3.5497367,0.03244548299177994
6.0,0.010076912516166372,-4.9296606e-05,-4.9296606e-05,-4.741707,-4.741707,-4.7416825,-4.741739,1.1010108,3.6333356,0.032449809956158024
6.0,0.010078067779872267,-4.8730893e-05,-4.8730893e-05,-4.8612747,-4.8612747,-4.8612432,-4.8612885,1.1307852,3.7315912,0.03245461806162103
6.0,0.010079191439845132,-4.5973895e-05,-4.5973895e-05,-4.9710174,-4.9710174,-4.970998,-4.971044,1.1604205,3.829388,0.0324607285198949
6.0,0.010080817946554394,-4.5951085e-05,-4.5951085e-05,-5.11351,-5.11351,-5.113484,-5.113518,1.2043695,3.9744194,0.032468627411266375
6.0,0.010082491810171536,-4.514414e-05,-4.514414e-05,-5.229616,-5.229616,-5.229602,-5.2296367,1.2506623,4.127186,0.03247914882848633
6.0,0.010084894659512591,-4.566646e-05,-4.566646e-05,-5.352822,-5.352822,-5.3528013,-5.3528237,1.3184167,4.350775,0.0324958334464701
6.0,0.01008830918397477,-4.5188484e-05,-4.5188484e-05,-5.4670744,-5.4670744,-5.467067,-5.4670877,1.4162607,4.6736608,0.03252042043347208
6.0,0.01009232373753734,-4.5838966e-05,-4.5838966e-05,-5.494183,-5.494183,-5.4941745,-5.4941835,1.5316564,5.0544662,0.03254563643523247
6.0,0.010094823511348414,-4.4792425e-05,-4.4792425e-05,-5.2901616,-5.2901616,-5.290191,-5.290203,1.6013366,5.284411,0.032561379184987235
6.0,0.010096044494954182,-4.561337e-05,-4.561337e-05,-5.1622305,-5.1622305,-5.162243,-5.1622477,1.6339369,5.3919916,0.03257321482508309
6.0,0.010097510323234653,-4.42112e-05,-4.42112e-05,-4.856367,-4.856367,-4.856392,-4.8564005,1.6709021,5.5139775,0.03258442655430604
6.0,0.010098478304476516,-4.4984827e-05,-4.4984827e-05,-4.5708838,-4.5708838,-4.5708885,-4.57089,1.6934408,5.588354,0.032594326396600086
6.0,0.01009960252873699,-4.3884495e-05,-4.3884495e-05,-4.195238,-4.195238,-4.195257,-4.1952634,1.7172606,5.66696,0.03260173069808642
6.0,0.0101,-4.4692144e-05,-4.4692144e-05,-4.05712,-4.05712,-4.0571213,-4.0571213,1.7250412,5.6926355,0.0326036822929021
6.0,0.010100000001,-4.2685406e-05,-4.2685406e-05,-4.057134,-4.057134,-4.0571275,-4.057124,1.7250412,5.6926355,0.03260368237637236
6.0,0.010100000017,-4.096415e-05,-4.096415e-05,-4.0571194,-4.0571194,-4.0571203,-4.0571284,1.7250415,5.6926365,0.032603682612053174
6.0,0.010100000049,-4.7392707e-05,-4.7392707e-05,-4.057103,-4.057103,-4.0571046,-4.0571036,1.7250421,5.692639,0.03260368308341517
6.0,0.010100000113,-4.1610918e-05,-4.1610918e-05,-4.0570793,-4.0570793,-4.0570874,-4.057094,1.7250433,5.692643,0.03260368402614054
6.0,0.010100000240999999,-4.7390262e-05,-4.7390262e-05,-4.057031,-4.057031,-4.0570393,-4.057039,1.7250457,5.6926513,0.0326036859115966
6.0,0.010100000497,-4.1808496e-05,-4.1808496e-05,-4.0569415,-4.0569415,-4.056952,-4.056958,1.7250507,5.692667,0.03260368968252995
6.0,0.010100001009,-4.738306e-05,-4.738306e-05,-4.0567584,-4.0567584,-4.056767,-4.0567665,1.7250605,5.6926994,0.03260369722448234
6.0,0.010100002033,-4.1793533e-05,-4.1793533e-05,-4.056397,-4.056397,-4.056408,-4.056414,1.72508,5.692764,0.032603712308728446
6.0,0.010100004081000001,-4.7307993e-05,-4.7307993e-05,-4.0556717,-4.0556717,-4.0556808,-4.0556803,1.7251192,5.692893,0.032603742478591734
6.0,0.010100008177000002,-4.1688258e-05,-4.1688258e-05,-4.0542293,-4.0542293,-4.05424,-4.0542464,1.7251976,5.693152,0.03260380282380269
6.0,0.010100016369000004,-4.7152054e-05,-4.7152054e-05,-4.05135,-4.05135,-4.051359,-4.0513587,1.7253542,5.6936684,0.032603923536138654
6.0,0.010100032753000008,-4.1532297e-05,-4.1532297e-05,-4.0456142,-4.0456142,-4.045625,-4.0456314,1.7256669,5.694701,0.03260416504834965
6.0,0.010100065521000016,-4.705536e-05,-4.705536e-05,-4.034157,-4.034157,-4.034166,-4.0341654,1.7262907,5.696759,0.032604648422037266
6.0,0.010100131057000031,-4.150303e-05,-4.150303e-05,-4.0112424,-4.0112424,-4.0112534,-4.0112596,1.7275312,5.7008524,0.0326056165591625
6.0,0.010100262129000063,-4.7033474e-05,-4.7033474e-05,-3.965376,-3.965376,-3.9653845,-3.965384,1.7299842,5.708948,0.03260755833635046
6.0,0.010100524273000126,-4.1459018e-05,-4.1459018e-05,-3.8736508,-3.8736508,-3.873661,-3.873667,1.734778,5.724767,0.032611463443101396
6.0,0.010101048561000251,-4.695476e-05,-4.695476e-05,-3.6911578,-3.6911578,-3.691165,-3.691164,1.7439197,5.754935,0.032619356188103285
6.0,0.010102097137000502,-4.1329873e-05,-4.1329873e-05,-3.3363686,-3.3363686,-3.336376,-3.336381,1.7604623,5.8095255,0.03263544257660714
6.0,0.010104194289001004,-4.6787085e-05,-4.6787085e-05,-2.7009962,-2.7009962,-2.7009988,-2.7009966,1.7871641,5.897641,0.03266106375361607
6.0,0.010106958816241308,-4.1239397e-05,-4.1239397e-05,-2.06453,-2.06453,-2.0645323,-2.064536,1.8116186,5.978341,0.03268833478061219
6.0,0.010109230269374221,-4.6788067e-05,-4.6788067e-05,-1.7124823,-1.7124823,-1.712481,-1.7124782,1.8248832,6.0221143,0.03271410006243757
6.0,0.01011164782252323,-4.117984e-05,-4.117984e-05,-1.4642155,-1.4642155,-1.4642152,-1.4642186,1.834597,6.0541697,0.03274082537931049
6.0,0.010114042623765425,-4.6643396e-05,-4.6643396e-05,-1.3085196,-1.3085196,-1.308516,-1.3085129,1.841284,6.0762367,0.03276683210452879
6.0,0.01011629682933009,-4.0952014e-05,-4.0952014e-05,-1.2155057,-1.2155057,-1.2155037,-1.215507,1.8458756,6.091389,0.03279207969231704
6.0,0.010118533500096108,-4.63493e-05,-4.63493e-05,-1.1552978,-1.1552978,-1.155293,-1.1552898,1.8493859,6.102974,0.03281801959732518
6.0,0.010120893351200281,-4.0610845e-05,-4.0610845e-05,-1.1134349,-1.1134349,-1.1134318,-1.1134351,1.8523487,6.1127505,0.03284526340120109
6.0,0.01012334564083243,-4.5958233e-05,-4.5958233e-05,-1.0842813,-1.0842813,-1.0842756,-1.0842724,1.8548877,6.12113,0.0328729369721902
6.0,0.010125768029700565,-4.0195162e-05,-4.0195162e-05,-1.0641744,-1.0641744,-1.0641707,-1.0641739,1.857022,6.128173,0.03290157774188511
6.0,0.010128379100900005,-4.5520894e-05,-4.5520894e-05,-1.0482607,-1.0482607,-1.0482545,-1.0482513,1.8590248,6.134782,0.03293246238333707
6.0,0.010131184149318703,-3.9723265e-05,-3.9723265e-05,-1.0352658,-1.0352658,-1.0352616,-1.035265,1.8609165,6.141024,0.03296621013655838
6.0,0.010134285287782848,-4.501278e-05,-4.501278e-05,-1.0239418,-1.0239418,-1.0239352,-1.0239319,1.8627635,6.1471195,0.0330072489995509
6.0,0.010138352115154431,-3.912128e-05,-3.912128e-05,-1.012142,-1.012142,-1.0121374,-1.0121408,1.8648784,6.1540995,0.033059829119801
6.0,0.010143448263436418,-4.4273092e-05,-4.4273092e-05,-1.0004876,-1.0004876,-1.0004807,-1.0004774,1.8671347,6.161545,0.033129976399157726
6.0,0.010150546940488942,-3.8195387e-05,-3.8195387e-05,-0.9880387,-0.9880387,-0.98803407,-0.98803735,1.8697096,6.170042,0.033210612124354943
6.0,0.010157427878017114,-4.3287102e-05,-4.3287102e-05,-0.978877,-0.978877,-0.97887003,-0.9788668,1.8717091,6.17664,0.03329618578583144
6.0,0.010165350954207019,-3.7247213e-05,-3.7247213e-05,-0.9708141,-0.9708141,-0.9708094,-0.9708127,1.8735533,6.182725,0.03339089182621679
6.0,0.010173779532049086,-4.2341533e-05,-4.2341533e-05,-0.9643355,-0.9643355,-0.96432847,-0.96432525,1.8751016,6.1878357,0.03349780356564829
6.0,0.010183779532049086,-3.6302357e-05,-3.6302357e-05,-0.9586825,-0.9586825,-0.95867777,-0.95868105,1.8765272,6.192539,0.03361400824704478
6.0,0.010193779532049087,-4.1436575e-05,-4.1436575e-05,-0.9545951,-0.9545951,-0.9545881,-0.9545849,1.8776206,6.196148,0.03373034839787792
6.0,0.010203779532049087,-3.5511493e-05,-3.5511493e-05,-0.9516388,-0.9516388,-0.9516341,-0.9516374,1.8784719,6.1989574,0.033846794072774154
6.0,0.010213779532049086,-4.0744886e-05,-4.0744886e-05,-0.9494669,-0.9494669,-0.94945985,-0.94945663,1.879145,6.201179,0.0339633232227833
6.0,0.010223779532049086,-3.490565e-05,-3.490565e-05,-0.94788224,-0.94788224,-0.9478775,-0.94788074,1.8796865,6.2029653,0.03407991952100108
6.0,0.010233779532049087,-4.021447e-05,-4.021447e-05,-0.9466978,-0.9466978,-0.94669074,-0.9466875,1.8801293,6.204427,0.034196570769932974
6.0,0.010243779532049087,-3.4441593e-05,-3.4441593e-05,-0.9458271,-0.9458271,-0.9458224,-0.9458257,1.8804978,6.2056427,0.03431326774754832
6.0,0.010253779532049086,-3.9810337e-05,-3.9810337e-05,-0.9451615,-0.9451615,-0.94515455,-0.9451513,1.8808095,6.2066717,0.03443000342526743
6.0,0.010263779532049086,-3.409243e-05,-3.409243e-05,-0.94467086,-0.94467086,-0.94466615,-0.9446694,1.8810776,6.2075562,0.03454677237668345
6.0,0.010273779532049087,-3.951401e-05,-3.951401e-05,-0.9442875,-0.9442875,-0.9442805,-0.9442772,1.8813118,6.2083282,0.034663570386555896
6.0,0.010283779532049087,-3.38486e-05,-3.38486e-05,-0.94401217,-0.94401217,-0.94400746,-0.94401073,1.8815192,6.209014,0.034780394174245104
6.0,0.010293779532049087,-3.9324095e-05,-3.9324095e-05,-0.94379926,-0.94379926,-0.9437923,-0.943789,1.881706,6.209629,0.0348972411362202
6.0,0.010303779532049086,-3.3707813e-05,-3.3707813e-05,-0.9436564,-0.9436564,-0.9436517,-0.94365495,1.8818766,6.210193,0.035014109307912086
6.0,0.010313779532049086,-3.921163e-05,-3.921163e-05,-0.9435176,-0.9435176,-0.94351065,-0.94350743,1.8820337,6.210711,0.03510287267846486
6.0,0.010318967338814907,-3.3623597e-05,-3.3623597e-05,-0.94344646,-0.94344646,-0.94344175,-0.94344497,1.88211,6.2109632,0.035161831374898166
6.0,0.010323866807860226,-3.916067e-05,-3.916067e-05,-0.9433579,-0.9433579,-0.94335085,-0.94334763,1.8821787,6.21119,0.035219164052839286
6.0,0.01032877570205832,-3.35782e-05,-3.35782e-05,-0.94327986,-0.94327986,-0.94327515,-0.94327843,1.882244,6.211405,0.03527835184704951
6.0,0.010333991839550744,-3.9121653e-05,-3.9121653e-05,-0.9431799,-0.9431799,-0.94317293,-0.94316965,1.8823096,6.2116213,0.035340910579859774
6.0,0.010339476642000061,-3.354637e-05,-3.354637e-05,-0.94308907,-0.94308907,-0.94308436,-0.94308764,1.8823743,6.211836,0.035408888880409335
6.0,0.010345619018457953,-3.9099676e-05,-3.9099676e-05,-0.9429751,-0.9429751,-0.94296813,-0.94296485,1.8824418,6.2120576,0.035491490174189774
6.0,0.010353603963827018,-3.353723e-05,-3.353723e-05,-0.942849,-0.942849,-0.9428443,-0.94284755,1.8825217,6.2123218,0.035596655621558525
6.0,0.010363603963827017,-3.9113107e-05,-3.9113107e-05,-0.94268686,-0.94268686,-0.9426799,-0.9426766,1.8826107,6.212615,0.03571361497405181
6.0,0.010373603963827017,-3.357861e-05,-3.357861e-05,-0.94255155,-0.94255155,-0.94254684,-0.94255006,1.8826882,6.212871,0.03583058395865569
6.0,0.010383603963827016,-3.9177903e-05,-3.9177903e-05,-0.9424154,-0.9424154,-0.94240844,-0.94240516,1.8827552,6.213092,0.035947561268836345
6.0,0.010393603963827016,-3.3659577e-05,-3.3659577e-05,-0.9423056,-0.9423056,-0.9423009,-0.94230413,1.8828129,6.213283,0.03606454576018462
6.0,0.010403603963827017,-3.9268663e-05,-3.9268663e-05,-0.94219416,-0.94219416,-0.9421872,-0.9421839,1.8828623,6.2134457,0.036181536383658744
6.0,0.010413603963827017,-3.375419e-05,-3.375419e-05,-0.9421083,-0.9421083,-0.94210356,-0.94210684,1.8829043,6.2135844,0.036298532233268115
6.0,0.010423603963827016,-3.9362738e-05,-3.9362738e-05,-0.94201976,-0.94201976,-0.9420128,-0.9420095,1.8829399,6.2137012,0.03641553249838957
6.0,0.010433603963827016,-3.3844077e-05,-3.3844077e-05,-0.94195557,-0.94195557,-0.94195086,-0.9419541,1.8829699,6.2138004,0.036532536482840876
6.0,0.010443603963827017,-3.944634e-05,-3.944634e-05,-0.94188726,-0.94188726,-0.9418802,-0.941877,1.882995,6.213883,0.03664954358580719
6.0,0.010453603963827017,-3.3919823e-05,-3.3919823e-05,-0.94184154,-0.94184154,-0.94183683,-0.94184005,1.883016,6.213952,0.036766553292304376
6.0,0.010463603963827017,-3.951385e-05,-3.951385e-05,-0.94178987,-0.94178987,-0.9417829,-0.9417796,1.8830334,6.2140102,0.036883565182715745
6.0,0.010473603963827016,-3.3978857e-05,-3.3978857e-05,-0.941759,-0.941759,-0.9417543,-0.9417575,1.8830478,6.214058,0.03700057886603484
6.0,0.010483603963827018,-3.9564995e-05,-3.9564995e-05,-0.94172037,-0.94172037,-0.94171333,-0.9417101,1.8830599,6.2140975,0.03711759403708587
6.0,0.010493603963827017,-3.4022505e-05,-3.4022505e-05,-0.94170076,-0.94170076,-0.94169605,-0.94169927,1.8830696,6.2141304,0.03723461043837676
6.0,0.010503603963827017,-3.9602106e-05,-3.9602106e-05,-0.9416718,-0.9416718,-0.94166476,-0.94166154,1.8830779,6.214157,0.037351627850562424
6.0,0.010513603963827016,-3.405364e-05,-3.405364e-05,-0.9416604,-0.9416604,-0.9416557,-0.9416589,1.8830845,6.214178,0.037468646073371255
6.0,0.010523603963827016,-3.962825e-05,-3.962825e-05,-0.94163835,-0.94163835,-0.9416314,-0.9416281,1.88309,6.2141967,0.03758566499236235
6.0,0.010533603963827017,-3.4075296e-05,-3.4075296e-05,-0.9416328,-0.9416328,-0.9416281,-0.9416313,1.8830945,6.2142115,0.03770268447402129
6.0,0.010543603963827017,-3.9646296e-05,-3.9646296e-05,-0.94161564,-0.94161564,-0.94160867,-0.9416054,1.8830982,6.2142243,0.03781970442298063
6.0,0.010553603963827016,-3.4090095e-05,-3.4090095e-05,-0.9416141,-0.9416141,-0.9416094,-0.94161266,1.8831012,6.214234,0.037936724734336215
6.0,0.010563603963827016,-3.9658582e-05,-3.9658582e-05,-0.94160026,-0.94160026,-0.9415933,-0.9415901,1.8831037,6.214242,0.03805374536040434
6.0,0.010573603963827017,-3.4100078e-05,-3.4100078e-05,-0.9416015,-0.9416015,-0.9415968,-0.9416001,1.8831058,6.2142487,0.038170766234427785
6.0,0.010583603963827017,-3.966686e-05,-3.966686e-05,-0.94159,-0.94159,-0.941583,-0.94157976,1.8831074,6.2142544,0.03828778731825957
6.0,0.010593603963827017,-3.4106743e-05,-3.4106743e-05,-0.9415931,-0.9415931,-0.9415884,-0.9415916,1.8831087,6.214259,0.038404808573752724
6.0,0.010603603963827016,-3.9672395e-05,-3.9672395e-05,-0.9415831,-0.9415831,-0.94157606,-0.94157284,1.8831099,6.214263,0.03852182997229704
6.0,0.010613603963827017,-3.4111144e-05,-3.4111144e-05,-0.94158745,-0.94158745,-0.94158274,-0.94158596,1.8831108,6.214266,0.038638851485282275
6.0,0.010623603963827017,-3.9676073e-05,-3.9676073e-05,-0.94157845,-0.94157845,-0.9415715,-0.94156826,1.8831116,6.2142687,0.038755873103171676
6.0,0.010633603963827017,-3.4114026e-05,-3.4114026e-05,-0.9415837,-0.9415837,-0.941579,-0.9415822,1.8831122,6.2142706,0.038872894787818274
6.0,0.010643603963827016,-3.9678504e-05,-3.9678504e-05,-0.9415754,-0.9415754,-0.94156843,-0.94156516,1.8831127,6.2142715,0.038989916520148604
6.0,0.010653603963827018,-3.4115885e-05,-3.4115885e-05,-0.9415812,-0.9415812,-0.9415765,-0.9415797,1.8831131,6.2142735,0.03910693831923613
6.0,0.010663603963827017,-3.96801e-05,-3.96801e-05,-0.9415733,-0.9415733,-0.94156635,-0.9415631,1.8831134,6.2142744,0.03922396015647062
6.0,0.010673603963827017,-3.411706e-05,-3.411706e-05,-0.9415795,-0.9415795,-0.9415748,-0.94157803,1.8831137,6.214275,0.03934098202231535
6.0,0.010683603963827016,-3.968114e-05,-3.968114e-05,-0.94157195,-0.94157195,-0.941565,-0.94156176,1.883114,6.214276,0.0394580039167703
6.0,0.010693603963827016,-3.4117784e-05,-3.4117784e-05,-0.9415784,-0.9415784,-0.9415737,-0.9415769,1.8831141,6.2142763,0.039575025830298746
6.0,0.010703603963827017,-3.968181e-05,-3.968181e-05,-0.94157106,-0.94157106,-0.9415641,-0.9415608,1.8831143,6.2142773,0.03969204777243742
6.0,0.010713603963827017,-3.4118206e-05,-3.4118206e-05,-0.9415776,-0.9415776,-0.9415729,-0.9415762,1.8831145,6.2142773,0.03980906972411283
6.0,0.010723603963827016,-3.9682236e-05,-3.9682236e-05,-0.94157046,-0.94157046,-0.9415635,-0.9415602,1.8831146,6.214278,0.03992609170439847
6.0,0.010733603963827016,-3.411843e-05,-3.411843e-05,-0.94157714,-0.94157714,-0.9415724,-0.94157565,1.8831147,6.2142787,0.040043113703757606
6.0,0.010743603963827017,-3.9682505e-05,-3.9682505e-05,-0.94157004,-0.94157004,-0.94156307,-0.9415598,1.8831147,6.214278,0.04016013569358
6.0,0.010753603963827017,-3.4118526e-05,-3.4118526e-05,-0.9415768,-0.9415768,-0.94157207,-0.94157535,1.8831148,6.2142787,0.040277157692939124
6.0,0.010763603963827017,-3.9682665e-05,-3.9682665e-05,-0.9415698,-0.9415698,-0.9415628,-0.94155955,1.8831148,6.214279,0.040394179701834995
6.0,0.010773603963827016,-3.4118533e-05,-3.4118533e-05,-0.9415766,-0.9415766,-0.9415719,-0.9415751,1.8831149,6.214279,0.04051120172026762
6.0,0.010783603963827017,-3.9682756e-05,-3.9682756e-05,-0.9415696,-0.9415696,-0.9415626,-0.9415594,1.8831149,6.214279,0.040628223738700245
6.0,0.010793603963827017,-3.411849e-05,-3.411849e-05,-0.9415764,-0.9415764,-0.9415717,-0.941575,1.8831149,6.21428,0.04074524577620634
6.0,0.010803603963827017,-3.9682807e-05,-3.9682807e-05,-0.9415695,-0.9415695,-0.9415625,-0.94155926,1.883115,6.214279,0.0408622678041757
6.0,0.010813603963827016,-3.4118406e-05,-3.4118406e-05,-0.94157636,-0.94157636,-0.94157165,-0.9415749,1.883115,6.21428,0.04097928985121855
6.0,0.010823603963827018,-3.9682825e-05,-3.9682825e-05,-0.9415694,-0.9415694,-0.9415624,-0.9415592,1.883115,6.214279,0.04109631187918791
6.0,0.010833603963827017,-3.41183e-05,-3.41183e-05,-0.9415763,-0.9415763,-0.9415716,-0.9415748,1.883115,6.21428,0.04121333392623076
6.0,0.010843603963827017,-3.968283e-05,-3.968283e-05,-0.9415694,-0.9415694,-0.94156235,-0.94155914,1.883115,6.214279,0.041330355954200114
6.0,0.010853603963827016,-3.4118184e-05,-3.4118184e-05,-0.94157624,-0.94157624,-0.94157153,-0.94157475,1.883115,6.21428,0.04144737800124296
6.0,0.010863603963827016,-3.9682818e-05,-3.9682818e-05,-0.9415693,-0.9415693,-0.94156235,-0.9415591,1.8831152,6.21428,0.041564400057822554
6.0,0.010873603963827017,-3.4118057e-05,-3.4118057e-05,-0.94157624,-0.94157624,-0.94157153,-0.94157475,1.8831152,6.2142797,0.041681422104865404
6.0,0.010883603963827017,-3.9682804e-05,-3.9682804e-05,-0.9415693,-0.9415693,-0.9415623,-0.9415591,1.8831152,6.21428,0.041798444161444986
6.0,0.010893603963827016,-3.4117922e-05,-3.4117922e-05,-0.9415762,-0.9415762,-0.9415715,-0.94157475,1.8831152,6.2142797,0.04191546620848783
6.0,0.010903603963827016,-3.968279e-05,-3.968279e-05,-0.94156927,-0.94156927,-0.9415623,-0.9415591,1.8831152,6.21428,0.042032488265067426
6.0,0.010913603963827017,-3.411779e-05,-3.411779e-05,-0.9415762,-0.9415762,-0.9415715,-0.94157475,1.8831152,6.2142797,0.042149510312110276
6.0,0.010923603963827017,-3.9682767e-05,-3.9682767e-05,-0.94156927,-0.94156927,-0.9415623,-0.9415591,1.8831152,6.21428,0.04226653236868986
6.0,0.010933603963827017,-3.4117656e-05,-3.4117656e-05,-0.9415762,-0.9415762,-0.9415715,-0.9415747,1.8831152,6.2142806,0.04238355442526944
6.0,0.010943603963827016,-3.968275e-05,-3.968275e-05,-0.94156927,-0.94156927,-0.9415623,-0.941559,1.8831152,6.21428,0.04250057648184904
6.0,0.010953603963827017,-3.4117522e-05,-3.4117522e-05,-0.9415762,-0.9415762,-0.9415715,-0.9415747,1.8831152,6.2142806,0.042617598538428635
6.0,0.010963603963827017,-3.968273e-05,-3.968273e-05,-0.94156927,-0.94156927,-0.9415623,-0.941559,1.8831153,6.21428,0.04273462059500822
6.0,0.010973603963827017,-3.4117387e-05,-3.4117387e-05,-0.9415762,-0.9415762,-0.9415715,-0.9415747,1.8831153,6.2142806,0.042851642661124546
6.0,0.010983603963827016,-3.9682716e-05,-3.9682716e-05,-0.94156927,-0.94156927,-0.9415623,-0.941559,1.8831153,6.21428,0.04296866471770414
6.0,0.010993603963827018,-3.4117256e-05,-3.4117256e-05,-0.9415762,-0.9415762,-0.9415715,-0.9415747,1.8831153,6.2142806,0.04306459962500928
6.0,0.011000000001,-3.968273e-05,-3.968273e-05,-0.94156927,-0.94156927,-0.9415623,-0.941559,1.8831153,6.21428,0.04310202350205748
6.0,0.011000000002,-3.6576886e-05,-3.6576886e-05,-0.9415698,-0.9415698,-0.94156367,-0.9415621,1.8831153,6.21428,0.043102023601526235
6.0,0.011000000018,-3.542066e-05,-3.542066e-05,-0.9415717,-0.9415717,-0.94156617,-0.941567,1.8831153,6.21428,0.04310202388237917
6.0,0.01100000005,-3.6362813e-05,-3.6362813e-05,-0.94157225,-0.94157225,-0.9415661,-0.9415654,1.8831153,6.21428,0.04310202444408504
6.0,0.011000000114,-3.6550402e-05,-3.6550402e-05,-0.94157267,-0.94157267,-0.94156706,-0.9415677,1.8831153,6.21428,0.04310202556749679
6.0,0.011000000242000001,-3.7004e-05,-3.7004e-05,-0.9415727,-0.9415727,-0.9415666,-0.941566,1.8831153,6.21428,0.04310202781432027
6.0,0.011000000498,-3.6784084e-05,-3.6784084e-05,-0.9415728,-0.9415728,-0.9415672,-0.9415678,1.8831153,6.21428,0.043102032307967234
6.0,0.01100000101,-3.702522e-05,-3.702522e-05,-0.94157267,-0.94157267,-0.9415666,-0.941566,1.8831153,6.21428,0.043102041295261184
6.0,0.011000002034,-3.6787478e-05,-3.6787478e-05,-0.9415728,-0.9415728,-0.9415672,-0.9415678,1.8831153,6.21428,0.043102059269849086
6.0,0.011000004082000001,-3.7015852e-05,-3.7015852e-05,-0.94157267,-0.94157267,-0.9415666,-0.941566,1.8831153,6.21428,0.043102095219024875
6.0,0.011000008178000002,-3.6785492e-05,-3.6785492e-05,-0.9415728,-0.9415728,-0.9415672,-0.9415678,1.8831153,6.21428,0.04310216711737645
6.0,0.011000016370000004,-3.701464e-05,-3.701464e-05,-0.94157267,-0.94157267,-0.9415666,-0.941566,1.8831153,6.21428,0.043102310914079615
6.0,0.011000032754000008,-3.678553e-05,-3.678553e-05,-0.9415728,-0.9415728,-0.9415672,-0.9415678,1.8831153,6.21428,0.043102598507485934
6.0,0.011000065522000016,-3.7014343e-05,-3.7014343e-05,-0.94157267,-0.94157267,-0.9415666,-0.941566,1.8831153,6.21428,0.04310317369429857
6.0,0.011000131058000032,-3.6785612e-05,-3.6785612e-05,-0.9415728,-0.9415728,-0.9415672,-0.9415678,1.8831153,6.21428,0.043104324067923847
6.0,0.011000262130000063,-3.7014288e-05,-3.7014288e-05,-0.94157267,-0.94157267,-0.9415666,-0.941566,1.8831153,6.21428,0.043106624815174396
6.0,0.011000524274000126,-3.6785634e-05,-3.6785634e-05,-0.9415728,-0.9415728,-0.9415672,-0.9415678,1.8831153,6.21428,0.043111226309675496
6.0,0.011001048562000251,-3.7014273e-05,-3.7014273e-05,-0.94157267,-0.94157267,-0.9415666,-0.941566,1.8831153,6.21428,0.043120429298677695
6.0,0.011002097138000502,-3.6785634e-05,-3.6785634e-05,-0.9415728,-0.9415728,-0.9415672,-0.9415678,1.8831153,6.21428,0.0431388352766821
6.0,0.011004194290001004,-3.701426e-05,-3.701426e-05,-0.94157267,-0.94157267,-0.9415666,-0.941566,1.8831153,6.21428,0.04317564723269091
6.0,0.011008388594002008,-3.6785612e-05,-3.6785612e-05,-0.9415728,-0.9415728,-0.9415672,-0.9415678,1.8831153,6.21428,0.043249271144708536
6.0,0.011016777202004016,-3.7014215e-05,-3.7014215e-05,-0.94157267,-0.94157267,-0.9415666,-0.941566,1.8831153,6.21428,0.04335686478101008
6.0,0.011026777202004016,-3.678555e-05,-3.678555e-05,-0.9415728,-0.9415728,-0.9415672,-0.9415678,1.8831153,6.21428,0.04347388683758966
6.0,0.011036777202004015,-3.7014146e-05,-3.7014146e-05,-0.94157267,-0.94157267,-0.9415666,-0.941566,1.8831153,6.21428,0.04359090889416926
6.0,0.011046777202004017,-3.678548e-05,-3.678548e-05,-0.9415728,-0.9415728,-0.9415672,-0.9415678,1.8831153,6.21428,0.043707930950748854
6.0,0.011056777202004016,-3.7014077e-05,-3.7014077e-05,-0.94157267,-0.94157267,-0.9415666,-0.941566,1.8831153,6.21428,0.043824953007328436
6.0,0.011066777202004016,-3.678541e-05,-3.678541e-05,-0.9415728,-0.9415728,-0.9415672,-0.9415678,1.8831153,6.21428,0.04394197506390802
6.0,0.011076777202004015,-3.7014008e-05,-3.7014008e-05,-0.94157267,-0.94157267,-0.9415666,-0.941566,1.8831153,6.21428,0.044058997120487615
6.0,0.011086777202004017,-3.678535e-05,-3.678535e-05,-0.9415728,-0.9415728,-0.9415672,-0.9415678,1.8831153,6.21428,0.04417601917706721
6.0,0.011096777202004016,-3.7013942e-05,-3.7013942e-05,-0.9415727,-0.9415727,-0.9415666,-0.941566,1.8831153,6.21428,0.044293041233646795
6.0,0.011106777202004016,-3.6785284e-05,-3.6785284e-05,-0.9415728,-0.9415728,-0.9415672,-0.9415678,1.8831153,6.21428,0.04441006329022638
6.0,0.011116777202004016,-3.701388e-05,-3.701388e-05,-0.9415727,-0.9415727,-0.9415666,-0.941566,1.8831154,6.21428,0.04452708535634271
6.0,0.011126777202004017,-3.6785223e-05,-3.6785223e-05,-0.9415728,-0.9415728,-0.9415672,-0.9415678,1.8831154,6.214281,0.044644107441532535
6.0,0.011136777202004016,-3.701382e-05,-3.701382e-05,-0.9415727,-0.9415727,-0.9415666,-0.941566,1.8831154,6.214281,0.04476112952672235
6.0,0.011146777202004016,-3.6785164e-05,-3.6785164e-05,-0.9415728,-0.9415728,-0.9415672,-0.9415678,1.8831154,6.214281,0.044878151611912165
6.0,0.011156777202004016,-3.701376e-05,-3.701376e-05,-0.9415727,-0.9415727,-0.94156665,-0.941566,1.8831154,6.214281,0.04499517369710198
6.0,0.011166777202004015,-3.6785106e-05,-3.6785106e-05,-0.9415728,-0.9415728,-0.9415672,-0.9415678,1.8831154,6.214281,0.0451121957822918
6.0,0.011176777202004017,-3.7013702e-05,-3.7013702e-05,-0.9415727,-0.9415727,-0.94156665,-0.941566,1.8831154,6.214281,0.04522921786748162
6.0,0.011186777202004016,-3.6785048e-05,-3.6785048e-05,-0.9415728,-0.9415728,-0.9415672,-0.9415678,1.8831154,6.214281,0.04534623995267144
6.0,0.011196777202004016,-3.7013644e-05,-3.7013644e-05,-0.9415727,-0.9415727,-0.94156665,-0.94156605,1.8831154,6.214281,0.04546326203786125
6.0,0.011206777202004015,-3.6784993e-05,-3.6784993e-05,-0.9415728,-0.9415728,-0.9415672,-0.9415678,1.8831154,6.214281,0.045580284123051075
6.0,0.011216777202004017,-3.701359e-05,-3.701359e-05,-0.9415727,-0.9415727,-0.94156665,-0.94156605,1.8831154,6.214281,0.0456973062082409
6.0,0.011226777202004016,-3.6784942e-05,-3.6784942e-05,-0.9415728,-0.9415728,-0.9415672,-0.9415678,1.8831154,6.214281,0.04581432829343071
6.0,0.011236777202004016,-3.701354e-05,-3.701354e-05,-0.9415727,-0.9415727,-0.94156665,-0.94156605,1.8831154,6.214281,0.04593135037862053
6.0,0.011246777202004015,-3.6784888e-05,-3.6784888e-05,-0.9415728,-0.9415728,-0.9415672,-0.9415678,1.8831154,6.214281,0.04604837246381035
6.0,0.011256777202004017,-3.7013484e-05,-3.7013484e-05,-0.9415727,-0.9415727,-0.94156665,-0.94156605,1.8831154,6.214281,0.04616539454900017
6.0,0.011266777202004016,-3.678484e-05,-3.678484e-05,-0.9415728,-0.9415728,-0.9415672,-0.9415678,1.8831154,6.214281,0.046282416634189985
6.0,0.011276777202004016,-3.7013437e-05,-3.7013437e-05,-0.9415727,-0.9415727,-0.94156665,-0.94156605,1.8831154,6.214281,0.0463994387193798
6.0,0.011286777202004016,-3.678479e-05,-3.678479e-05,-0.94157284,-0.94157284,-0.9415672,-0.9415678,1.8831154,6.214281,0.04651646080456962
6.0,0.011296777202004017,-3.7013386e-05,-3.7013386e-05,-0.9415727,-0.9415727,-0.94156665,-0.94156605,1.8831154,6.214281,0.046633482889759444
6.0,0.011306777202004016,-3.6784742e-05,-3.6784742e-05,-0.94157284,-0.94157284,-0.9415672,-0.94156784,1.8831154,6.214281,0.04675050497494926
6.0,0.011316777202004016,-3.701334e-05,-3.701334e-05,-0.9415727,-0.9415727,-0.94156665,-0.94156605,1.8831154,6.214281,0.04686752706013907
6.0,0.011326777202004016,-3.6784695e-05,-3.6784695e-05,-0.94157284,-0.94157284,-0.9415672,-0.94156784,1.8831155,6.214281,0.04698454915486563
6.0,0.011336777202004015,-3.701329e-05,-3.701329e-05,-0.9415727,-0.9415727,-0.94156665,-0.94156605,1.8831155,6.214281,0.047101571249592196
6.0,0.011346777202004017,-3.678465e-05,-3.678465e-05,-0.94157284,-0.94157284,-0.94156724,-0.94156784,1.8831155,6.214281,0.047218593344318764
6.0,0.011356777202004016,-3.7013247e-05,-3.7013247e-05,-0.9415727,-0.9415727,-0.94156665,-0.94156605,1.8831155,6.214281,0.04733561543904532
6.0,0.011366777202004016,-3.6784608e-05,-3.6784608e-05,-0.94157284,-0.94157284,-0.94156724,-0.94156784,1.8831155,6.214281,0.04745263753377187
6.0,0.011376777202004015,-3.7013204e-05,-3.7013204e-05,-0.9415727,-0.9415727,-0.94156665,-0.94156605,1.8831155,6.214281,0.04756965962849844
6.0,0.011386777202004017,-3.6784564e-05,-3.6784564e-05,-0.94157284,-0.94157284,-0.94156724,-0.94156784,1.8831155,6.214281,0.04768668172322501
6.0,0.011396777202004016,-3.701316e-05,-3.701316e-05,-0.9415727,-0.9415727,-0.94156665,-0.94156605,1.8831155,6.214281,0.047803703817951564
6.0,0.011406777202004016,-3.6784524e-05,-3.6784524e-05,-0.94157284,-0.94157284,-0.94156724,-0.94156784,1.8831155,6.214281,0.04792072591267812
6.0,0.011416777202004015,-3.7013117e-05,-3.7013117e-05,-0.9415727,-0.9415727,-0.94156665,-0.94156605,1.8831155,6.214281,0.048037748007404686
6.0,0.011426777202004017,-3.6784484e-05,-3.6784484e-05,-0.94157284,-0.94157284,-0.94156724,-0.94156784,1.8831155,6.214281,0.048154770102131254
6.0,0.011436777202004016,-3.7013077e-05,-3.7013077e-05,-0.9415727,-0.9415727,-0.94156665,-0.94156605,1.8831155,6.214281,0.04827179219685781
6.0,0.011446777202004016,-3.6784444e-05,-3.6784444e-05,-0.94157284,-0.94157284,-0.94156724,-0.94156784,1.8831155,6.214281,0.04838881429158436
6.0,0.011456777202004016,-3.7013036e-05,-3.7013036e-05,-0.9415727,-0.9415727,-0.94156665,-0.94156605,1.8831155,6.214281,0.04850583638631093
6.0,0.011466777202004017,-3.6784408e-05,-3.6784408e-05,-0.94157284,-0.94157284,-0.94156724,-0.94156784,1.8831155,6.214281,0.0486228584810375
6.0,0.011476777202004016,-3.7013e-05,-3.7013e-05,-0.9415727,-0.9415727,-0.94156665,-0.94156605,1.8831155,6.214281,0.048739880575764054
6.0,0.011486777202004016,-3.6784368e-05,-3.6784368e-05,-0.94157284,-0.94157284,-0.94156724,-0.94156784,1.8831155,6.214282,0.0488569026895641
6.0,0.011496777202004016,-3.7012964e-05,-3.7012964e-05,-0.9415727,-0.9415727,-0.94156665,-0.94156605,1.8831155,6.214282,0.04897392480336415
6.0,0.011506777202004015,-3.6784335e-05,-3.6784335e-05,-0.94157284,-0.94157284,-0.94156724,-0.94156784,1.8831155,6.214282,0.0490909469171642
6.0,0.011516777202004017,-3.7012927e-05,-3.7012927e-05,-0.9415727,-0.9415727,-0.94156665,-0.94156605,1.8831155,6.214282,0.049207969030964256
6.0,0.011526777202004016,-3.67843e-05,-3.67843e-05,-0.94157284,-0.94157284,-0.94156724,-0.94156784,1.8831155,6.214282,0.0493249911447643
6.0,0.011536777202004016,-3.701289e-05,-3.701289e-05,-0.9415727,-0.9415727,-0.94156665,-0.94156605,1.8831155,6.214282,0.04944201325856435
6.0,0.011546777202004015,-3.6784266e-05,-3.6784266e-05,-0.94157284,-0.94157284,-0.94156724,-0.94156784,1.8831155,6.214282,0.049559035372364404
6.0,0.011556777202004017,-3.701286e-05,-3.701286e-05,-0.9415727,-0.9415727,-0.94156665,-0.94156605,1.8831155,6.214282,0.04967605748616446
6.0,0.011566777202004016,-3.6784233e-05,-3.6784233e-05,-0.94157284,-0.94157284,-0.94156724,-0.94156784,1.8831155,6.214282,0.049793079599964506
6.0,0.011576777202004016,-3.7012822e-05,-3.7012822e-05,-0.9415728,-0.9415728,-0.94156665,-0.94156605,1.8831155,6.214282,0.04991010171376455
6.0,0.011586777202004015,-3.67842e-05,-3.67842e-05,-0.94157284,-0.94157284,-0.94156724,-0.94156784,1.8831155,6.214282,0.05002712382756461
6.0,0.011596777202004017,-3.7012793e-05,-3.7012793e-05,-0.9415728,-0.9415728,-0.94156665,-0.94156605,1.8831155,6.214282,0.05014414594136466
6.0,0.011606777202004016,-3.6784168e-05,-3.6784168e-05,-0.94157284,-0.94157284,-0.94156724,-0.94156784,1.8831155,6.2142816,0.05026116804562796
6.0,0.011616777202004016,-3.701276e-05,-3.701276e-05,-0.9415728,-0.9415728,-0.94156665,-0.94156605,1.8831155,6.2142816,0.05037819014989126
6.0,0.011626777202004016,-3.678414e-05,-3.678414e-05,-0.94157284,-0.94157284,-0.94156724,-0.94156784,1.8831156,6.2142816,0.05049521225415456
6.0,0.011636777202004015,-3.7012727e-05,-3.7012727e-05,-0.9415728,-0.9415728,-0.94156665,-0.94156605,1.8831156,6.2142816,0.05061223435841787
6.0,0.011646777202004016,-3.678411e-05,-3.678411e-05,-0.94157284,-0.94157284,-0.94156724,-0.94156784,1.8831156,6.2142816,0.05072925646268118
6.0,0.011656777202004016,-3.7012698e-05,-3.7012698e-05,-0.9415728,-0.9415728,-0.9415667,-0.94156605,1.8831156,6.2142816,0.05084627856694448
6.0,0.011666777202004016,-3.678408e-05,-3.678408e-05,-0.94157284,-0.94157284,-0.94156724,-0.94156784,1.8831156,6.2142816,0.05096330067120778
6.0,0.011676777202004015,-3.701267e-05,-3.701267e-05,-0.9415728,-0.9415728,-0.9415667,-0.94156605,1.8831156,6.2142816,0.05108032277547109
6.0,0.011686777202004017,-3.678405e-05,-3.678405e-05,-0.94157284,-0.94157284,-0.94156724,-0.94156784,1.8831156,6.2142816,0.051197344879734395
6.0,0.011696777202004016,-3.701264e-05,-3.701264e-05,-0.9415728,-0.9415728,-0.9415667,-0.94156605,1.8831156,6.2142816,0.051314366983997696
6.0,0.011706777202004016,-3.6784026e-05,-3.6784026e-05,-0.94157284,-0.94157284,-0.94156724,-0.94156784,1.8831156,6.2142816,0.051431389088261
6.0,0.011716777202004015,-3.7012614e-05,-3.7012614e-05,-0.9415728,-0.9415728,-0.9415667,-0.94156605,1.8831156,6.2142816,0.051548411192524304
6.0,0.011726777202004017,-3.6783997e-05,-3.6783997e-05,-0.94157284,-0.94157284,-0.94156724,-0.94156784,1.8831156,6.2142816,0.05166543329678761
6.0,0.011736777202004016,-3.7012585e-05,-3.7012585e-05,-0.9415728,-0.9415728,-0.9415667,-0.9415661,1.8831156,6.2142816,0.05178245540105091
6.0,0.011746777202004016,-3.678397e-05,-3.678397e-05,-0.94157284,-0.94157284,-0.94156724,-0.94156784,1.8831156,6.2142816,0.051899477505314213
6.0,0.011756777202004015,-3.701256e-05,-3.701256e-05,-0.9415728,-0.9415728,-0.9415667,-0.9415661,1.8831156,6.2142816,0.05201649960957752
6.0,0.011766777202004017,-3.678395e-05,-3.678395e-05,-0.94157284,-0.94157284,-0.94156724,-0.94156784,1.8831156,6.2142816,0.05213352171384083
6.0,0.011776777202004016,-3.7012534e-05,-3.7012534e-05,-0.9415728,-0.9415728,-0.9415667,-0.9415661,1.8831156,6.2142816,0.05225054381810413
6.0,0.011786777202004016,-3.6783924e-05,-3.6783924e-05,-0.94157284,-0.94157284,-0.94156724,-0.94156784,1.8831156,6.2142816,0.05236756592236743
6.0,0.011796777202004016,-3.7012513e-05,-3.7012513e-05,-0.9415728,-0.9415728,-0.9415667,-0.9415661,1.8831156,6.2142816,0.05248458802663073
6.0,0.011806777202004015,-3.6783902e-05,-3.6783902e-05,-0.94157284,-0.94157284,-0.94156724,-0.94156784,1.8831156,6.2142816,0.05260161013089404
6.0,0.011816777202004016,-3.7012487e-05,-3.7012487e-05,-0.9415728,-0.9415728,-0.9415667,-0.9415661,1.8831156,6.2142816,0.052718632235157346
6.0,0.011826777202004016,-3.6783877e-05,-3.6783877e-05,-0.94157284,-0.94157284,-0.94156724,-0.94156784,1.8831156,6.2142816,0.05283565433942065
6.0,0.011836777202004016,-3.7012465e-05,-3.7012465e-05,-0.9415728,-0.9415728,-0.9415667,-0.9415661,1.8831156,6.2142816,0.05295267644368395
6.0,0.011846777202004015,-3.6783855e-05,-3.6783855e-05,-0.94157284,-0.94157284,-0.94156724,-0.94156784,1.8831156,6.2142816,0.053069698547947255
6.0,0.011856777202004017,-3.701244e-05,-3.701244e-05,-0.9415728,-0.9415728,-0.9415667,-0.9415661,1.8831156,6.2142816,0.05318672065221056
6.0,0.011866777202004016,-3.6783833e-05,-3.6783833e-05,-0.94157284,-0.94157284,-0.94156724,-0.94156784,1.8831156,6.2142816,0.053303742756473864
6.0,0.011876777202004016,-3.7012418e-05,-3.7012418e-05,-0.9415728,-0.9415728,-0.9415667,-0.9415661,1.8831156,6.2142816,0.053420764860737165
6.0,0.011886777202004015,-3.678381e-05,-3.678381e-05,-0.94157284,-0.94157284,-0.94156724,-0.94156784,1.8831156,6.2142816,0.05353778696500047
6.0,0.011896777202004017,-3.7012396e-05,-3.7012396e-05,-0.9415728,-0.9415728,-0.9415667,-0.9415661,1.8831156,6.2142816,0.05365480906926378
6.0,0.011906777202004016,-3.6783793e-05,-3.6783793e-05,-0.94157284,-0.94157284,-0.94156724,-0.94156784,1.8831156,6.2142816,0.05377183117352708
6.0,0.011916777202004016,-3.7012378e-05,-3.7012378e-05,-0.9415728,-0.9415728,-0.9415667,-0.9415661,1.8831156,6.2142816,0.05388885327779038
6.0,0.011926777202004015,-3.678377e-05,-3.678377e-05,-0.94157284,-0.94157284,-0.94156724,-0.94156784,1.8831156,6.2142816,0.05400587538205369
6.0,0.011936777202004017,-3.7012356e-05,-3.7012356e-05,-0.9415728,-0.9415728,-0.9415667,-0.9415661,1.8831156,6.2142816,0.054122897486317
6.0,0.011946777202004016,-3.6783753e-05,-3.6783753e-05,-0.9415729,-0.9415729,-0.94156724,-0.94156784,1.8831156,6.2142816,0.0542399195905803
6.0,0.011956777202004016,-3.7012338e-05,-3.7012338e-05,-0.9415728,-0.9415728,-0.9415667,-0.9415661,1.8831156,6.2142816,0.0543569416948436
6.0,0.011966777202004016,-3.6783735e-05,-3.6783735e-05,-0.9415729,-0.9415729,-0.94156724,-0.94156784,1.8831156,6.2142816,0.0544739637991069
6.0,0.011976777202004015,-3.7012316e-05,-3.7012316e-05,-0.9415728,-0.9415728,-0.9415667,-0.9415661,1.8831156,6.2142816,0.05459098590337021
6.0,0.011986777202004016,-3.6783716e-05,-3.6783716e-05,-0.9415729,-0.9415729,-0.94156724,-0.9415679,1.8831156,6.2142816,0.054708008007633514
6.0,0.011996777202004016,-3.7012298e-05,-3.7012298e-05,-0.9415728,-0.9415728,-0.9415667,-0.9415661,1.8831156,6.2142816,0.054825030111896815
6.0,0.012006777202004016,-3.67837e-05,-3.67837e-05,-0.9415729,-0.9415729,-0.94156724,-0.9415679,1.8831156,6.2142816,0.054942052216160116
6.0,0.012016777202004015,-3.701228e-05,-3.701228e-05,-0.9415728,-0.9415728,-0.9415667,-0.9415661,1.8831156,6.2142816,0.05505907432042342
6.0,0.012026777202004017,-3.6783684e-05,-3.6783684e-05,-0.9415729,-0.9415729,-0.94156724,-0.9415679,1.8831156,6.2142816,0.05517609642468673
6.0,0.012036777202004016,-3.701226e-05,-3.701226e-05,-0.9415728,-0.9415728,-0.9415667,-0.9415661,1.8831156,6.2142816,0.05529311852895003
6.0,0.012046777202004016,-3.6783666e-05,-3.6783666e-05,-0.9415729,-0.9415729,-0.94156724,-0.9415679,1.8831156,6.2142816,0.05541014063321333
6.0,0.012056777202004015,-3.7012247e-05,-3.7012247e-05,-0.9415728,-0.9415728,-0.9415667,-0.9415661,1.8831156,6.2142816,0.05552716273747664
6.0,0.012066777202004017,-3.678365e-05,-3.678365e-05,-0.9415729,-0.9415729,-0.94156724,-0.9415679,1.8831156,6.2142816,0.05564418484173995
6.0,0.012076777202004016,-3.701223e-05,-3.701223e-05,-0.9415728,-0.9415728,-0.9415667,-0.9415661,1.8831156,6.2142816,0.05576120694600325
6.0,0.012086777202004016,-3.6783633e-05,-3.6783633e-05,-0.9415729,-0.9415729,-0.94156724,-0.9415679,1.8831156,6.2142816,0.05587822905026655
6.0,0.012096777202004015,-3.7012214e-05,-3.7012214e-05,-0.9415728,-0.9415728,-0.9415667,-0.9415661,1.8831156,6.2142816,0.05599525115452986
6.0,0.012106777202004017,-3.678362e-05,-3.678362e-05,-0.9415729,-0.9415729,-0.9415673,-0.9415679,1.8831156,6.2142816,0.056112273258793165
6.0,0.012116777202004016,-3.7012196e-05,-3.7012196e-05,-0.9415728,-0.9415728,-0.9415667,-0.9415661,1.8831156,6.2142816,0.056229295363056465
6.0,0.012126777202004016,-3.6783604e-05,-3.6783604e-05,-0.9415729,-0.9415729,-0.9415673,-0.9415679,1.8831156,6.2142816,0.056346317467319766
6.0,0.012136777202004016,-3.701218e-05,-3.701218e-05,-0.9415728,-0.9415728,-0.9415667,-0.9415661,1.8831156,6.2142816,0.05646333957158307
6.0,0.012146777202004015,-3.678359e-05,-3.678359e-05,-0.9415729,-0.9415729,-0.9415673,-0.9415679,1.8831156,6.2142816,0.056580361675846375
6.0,0.012156777202004016,-3.7012167e-05,-3.7012167e-05,-0.9415728,-0.9415728,-0.9415667,-0.9415661,1.8831156,6.2142816,0.05669738378010968
6.0,0.012166777202004016,-3.6783575e-05,-3.6783575e-05,-0.9415729,-0.9415729,-0.9415673,-0.9415679,1.8831158,6.214281,0.05681440588437298
6.0,0.012176777202004016,-3.7012152e-05,-3.7012152e-05,-0.9415728,-0.9415728,-0.9415667,-0.9415661,1.8831158,6.214281,0.056931427988636284
6.0,0.012186777202004015,-3.6783564e-05,-3.6783564e-05,-0.9415729,-0.9415729,-0.9415673,-0.9415679,1.8831158,6.214281,0.05704845009289959
6.0,0.012196777202004017,-3.7012138e-05,-3.7012138e-05,-0.9415728,-0.9415728,-0.9415667,-0.9415661,1.8831158,6.214281,0.0571654721971629
6.0,0.012206777202004016,-3.678355e-05,-3.678355e-05,-0.9415729,-0.9415729,-0.9415673,-0.9415679,1.8831158,6.214281,0.0572824943014262
6.0,0.012216777202004016,-3.7012123e-05,-3.7012123e-05,-0.9415728,-0.9415728,-0.9415667,-0.9415661,1.8831158,6.214281,0.0573995164056895
6.0,0.012226777202004015,-3.6783535e-05,-3.6783535e-05,-0.9415729,-0.9415729,-0.9415673,-0.9415679,1.8831158,6.214281,0.05751653850995281
6.0,0.012236777202004017,-3.7012112e-05,-3.7012112e-05,-0.9415728,-0.9415728,-0.9415667,-0.9415661,1.8831158,6.214281,0.057633560614216116
6.0,0.012246777202004016,-3.6783524e-05,-3.6783524e-05,-0.9415729,-0.9415729,-0.9415673,-0.9415679,1.8831158,6.214281,0.05775058271847942
6.0,0.012256777202004016,-3.7012098e-05,-3.7012098e-05,-0.9415728,-0.9415728,-0.9415667,-0.9415661,1.8831158,6.214281,0.05786760482274272
6.0,0.012266777202004015,-3.6783513e-05,-3.6783513e-05,-0.9415729,-0.9415729,-0.9415673,-0.9415679,1.8831158,6.214282,0.057984626946079504
6.0,0.012276777202004015,-3.7012083e-05,-3.7012083e-05,-0.9415728,-0.9415728,-0.9415667,-0.9415661,1.8831158,6.214282,0.058101649069416304
6.0,0.012286777202004016,-3.67835e-05,-3.67835e-05,-0.9415729,-0.9415729,-0.9415673,-0.9415679,1.8831158,6.214282,0.058218671192753105
6.0,0.012296777202004016,-3.7012072e-05,-3.7012072e-05,-0.9415728,-0.9415728,-0.9415667,-0.9415661,1.8831158,6.214282,0.05833569331608989
6.0,0.012306777202004016,-3.6783487e-05,-3.6783487e-05,-0.9415729,-0.9415729,-0.9415673,-0.9415679,1.8831158,6.214282,0.05845271543942668
6.0,0.012316777202004015,-3.701206e-05,-3.701206e-05,-0.9415728,-0.9415728,-0.9415667,-0.9415661,1.8831158,6.214282,0.05856973756276348
6.0,0.012326777202004017,-3.6783476e-05,-3.6783476e-05,-0.9415729,-0.9415729,-0.9415673,-0.9415679,1.8831158,6.214282,0.05868675968610028
6.0,0.012336777202004016,-3.701205e-05,-3.701205e-05,-0.9415728,-0.9415728,-0.9415667,-0.9415661,1.8831158,6.214282,0.058803781809437065
6.0,0.012346777202004016,-3.6783465e-05,-3.6783465e-05,-0.9415729,-0.9415729,-0.9415673,-0.9415679,1.8831158,6.214282,0.05892080393277385
6.0,0.012356777202004015,-3.7012036e-05,-3.7012036e-05,-0.9415728,-0.9415728,-0.9415667,-0.9415661,1.8831158,6.214282,0.05903782605611065
6.0,0.012366777202004017,-3.678346e-05,-3.678346e-05,-0.9415729,-0.9415729,-0.9415673,-0.9415679,1.8831158,6.214282,0.05915484817944745
6.0,0.012376777202004016,-3.7012025e-05,-3.7012025e-05,-0.9415728,-0.9415728,-0.9415667,-0.9415661,1.8831158,6.214282,0.05927187030278424
6.0,0.012386777202004016,-3.6783447e-05,-3.6783447e-05,-0.9415729,-0.9415729,-0.9415673,-0.9415679,1.8831158,6.214282,0.059388892426121026
6.0,0.012396777202004015,-3.7012018e-05,-3.7012018e-05,-0.9415728,-0.9415728,-0.9415667,-0.9415661,1.8831158,6.214282,0.059505914549457826
6.0,0.012406777202004017,-3.6783436e-05,-3.6783436e-05,-0.9415729,-0.9415729,-0.9415673,-0.9415679,1.8831158,6.214282,0.05962293667279463
6.0,0.012416777202004016,-3.7012007e-05,-3.7012007e-05,-0.9415728,-0.9415728,-0.9415667,-0.9415661,1.8831158,6.214282,0.059739958796131414
6.0,0.012426777202004016,-3.678343e-05,-3.678343e-05,-0.9415729,-0.9415729,-0.9415673,-0.9415679,1.8831158,6.214282,0.0598569809194682
6.0,0.012436777202004015,-3.7011996e-05,-3.7011996e-05,-0.9415728,-0.9415728,-0.9415667,-0.9415661,1.8831158,6.214282,0.05997400304280499
6.0,0.012446777202004015,-3.678342e-05,-3.678342e-05,-0.9415729,-0.9415729,-0.9415673,-0.9415679,1.8831158,6.214282,0.06009102516614179
6.0,0.012456777202004016,-3.7011985e-05,-3.7011985e-05,-0.9415728,-0.9415728,-0.9415667,-0.9415661,1.8831158,6.214282,0.06020804728947859
6.0,0.012466777202004016,-3.678341e-05,-3.678341e-05,-0.9415729,-0.9415729,-0.9415673,-0.9415679,1.8831158,6.214282,0.060325069412815374
6.0,0.012476777202004016,-3.7011978e-05,-3.7011978e-05,-0.9415728,-0.9415728,-0.9415667,-0.9415661,1.8831158,6.214282,0.06044209153615216
6.0,0.012486777202004015,-3.67834e-05,-3.67834e-05,-0.9415729,-0.9415729,-0.9415673,-0.9415679,1.8831158,6.214282,0.06055911365948896
6.0,0.012496777202004017,-3.7011967e-05,-3.7011967e-05,-0.9415728,-0.9415728,-0.9415667,-0.9415661,1.8831158,6.214282,0.06067613578282576
6.0,0.012506777202004016,-3.6783393e-05,-3.6783393e-05,-0.9415729,-0.9415729,-0.9415673,-0.9415679,1.8831158,6.214282,0.06079315790616255
6.0,0.012516777202004016,-3.7011956e-05,-3.7011956e-05,-0.9415728,-0.9415728,-0.9415667,-0.9415661,1.8831158,6.214282,0.060910180029499335
6.0,0.012526777202004015,-3.6783385e-05,-3.6783385e-05,-0.9415729,-0.9415729,-0.9415673,-0.9415679,1.8831158,6.214282,0.061027202152836135
6.0,0.012536777202004017,-3.701195e-05,-3.701195e-05,-0.9415728,-0.9415728,-0.9415667,-0.9415661,1.8831158,6.214282,0.061144224276172936
6.0,0.012546777202004016,-3.6783375e-05,-3.6783375e-05,-0.9415729,-0.9415729,-0.9415673,-0.9415679,1.8831158,6.214282,0.06126124639950972
6.0,0.012556777202004016,-3.701194e-05,-3.701194e-05,-0.9415728,-0.9415728,-0.9415667,-0.9415661,1.8831158,6.214282,0.06137826852284651
6.0,0.012566777202004015,-3.6783367e-05,-3.6783367e-05,-0.9415729,-0.9415729,-0.9415673,-0.9415679,1.8831158,6.214282,0.06149529064618331
6.0,0.012576777202004017,-3.701193e-05,-3.701193e-05,-0.9415728,-0.9415728,-0.9415667,-0.9415661,1.8831158,6.214282,0.06161231276952011
6.0,0.012586777202004016,-3.678336e-05,-3.678336e-05,-0.9415729,-0.9415729,-0.9415673,-0.9415679,1.8831158,6.214282,0.061729334892856896
6.0,0.012596777202004016,-3.7011923e-05,-3.7011923e-05,-0.9415728,-0.9415728,-0.9415667,-0.9415661,1.8831158,6.214282,0.06184635701619368
6.0,0.012606777202004016,-3.6783353e-05,-3.6783353e-05,-0.9415729,-0.9415729,-0.9415673,-0.9415679,1.8831158,6.214282,0.06196337913953047
6.0,0.012616777202004015,-3.7011916e-05,-3.7011916e-05,-0.9415728,-0.9415728,-0.9415667,-0.9415661,1.8831158,6.214282,0.06208040126286727
6.0,0.012626777202004016,-3.6783345e-05,-3.6783345e-05,-0.9415729,-0.9415729,-0.9415673,-0.9415679,1.8831158,6.214282,0.06219742338620407
6.0,0.012636777202004016,-3.701191e-05,-3.701191e-05,-0.9415728,-0.9415728,-0.9415667,-0.9415661,1.8831158,6.214282,0.06231444550954086
6.0,0.012646777202004016,-3.678334e-05,-3.678334e-05,-0.9415729,-0.9415729,-0.9415673,-0.9415679,1.8831158,6.214282,0.062431467632877644
6.0,0.012656777202004015,-3.70119e-05,-3.70119e-05,-0.9415728,-0.9415728,-0.9415667,-0.9415661,1.8831158,6.214282,0.06254848975621444
6.0,0.012666777202004017,-3.6783335e-05,-3.6783335e-05,-0.9415729,-0.9415729,-0.9415673,-0.9415679,1.8831158,6.214282,0.06266551187955123
6.0,0.012676777202004016,-3.7011894e-05,-3.7011894e-05,-0.9415728,-0.9415728,-0.9415667,-0.9415661,1.8831158,6.214282,0.06278253400288802
6.0,0.012686777202004016,-3.6783327e-05,-3.6783327e-05,-0.9415729,-0.9415729,-0.9415673,-0.9415679,1.8831158,6.214282,0.06289955612622482
6.0,0.012696777202004015,-3.7011887e-05,-3.7011887e-05,-0.9415728,-0.9415728,-0.9415667,-0.9415661,1.8831158,6.214282,0.06301657824956161
6.0,0.012706777202004017,-3.678332e-05,-3.678332e-05,-0.9415729,-0.9415729,-0.9415673,-0.9415679,1.8831158,6.214282,0.0631336003728984
6.0,0.012716777202004016,-3.701188e-05,-3.701188e-05,-0.9415728,-0.9415728,-0.9415667,-0.9415661,1.8831158,6.214282,0.0632506224962352
6.0,0.012726777202004016,-3.6783316e-05,-3.6783316e-05,-0.9415729,-0.9415729,-0.9415673,-0.9415679,1.8831158,6.214282,0.06336764461957199
6.0,0.012736777202004015,-3.7011872e-05,-3.7011872e-05,-0.9415728,-0.9415728,-0.9415667,-0.9415661,1.8831158,6.214282,0.06348466674290879
6.0,0.012746777202004017,-3.678331e-05,-3.678331e-05,-0.9415729,-0.9415729,-0.9415673,-0.9415679,1.8831158,6.214282,0.06360168886624558
6.0,0.012756777202004016,-3.7011865e-05,-3.7011865e-05,-0.9415728,-0.9415728,-0.9415667,-0.9415661,1.8831158,6.214282,0.06371871098958237
6.0,0.012766777202004016,-3.6783305e-05,-3.6783305e-05,-0.9415729,-0.9415729,-0.9415673,-0.9415679,1.8831158,6.214282,0.06383573311291917
6.0,0.012776777202004016,-3.701186e-05,-3.701186e-05,-0.9415728,-0.9415728,-0.9415667,-0.9415661,1.8831158,6.214282,0.06395275523625596
6.0,0.012786777202004015,-3.6783298e-05,-3.6783298e-05,-0.9415729,-0.9415729,-0.9415673,-0.9415679,1.8831158,6.214282,0.06406977735959275
6.0,0.012796777202004016,-3.7011854e-05,-3.7011854e-05,-0.9415728,-0.9415728,-0.9415667,-0.9415661,1.8831158,6.214282,0.06418679948292955
6.0,0.012806777202004016,-3.6783294e-05,-3.6783294e-05,-0.9415729,-0.9415729,-0.9415673,-0.9415679,1.8831158,6.214282,0.06430382160626634
6.0,0.012816777202004016,-3.7011847e-05,-3.7011847e-05,-0.9415728,-0.9415728,-0.9415667,-0.9415661,1.8831158,6.214282,0.06442084372960313
6.0,0.012826777202004015,-3.6783287e-05,-3.6783287e-05,-0.9415729,-0.9415729,-0.9415673,-0.9415679,1.8831158,6.214282,0.06453786585293993
6.0,0.012836777202004017,-3.7011843e-05,-3.7011843e-05,-0.9415728,-0.9415728,-0.9415667,-0.9415661,1.8831158,6.214282,0.06465488797627672
6.0,0.012846777202004016,-3.6783284e-05,-3.6783284e-05,-0.9415729,-0.9415729,-0.9415673,-0.9415679,1.8831158,6.214282,0.06477191009961351
6.0,0.012856777202004016,-3.7011836e-05,-3.7011836e-05,-0.9415728,-0.9415728,-0.9415667,-0.9415661,1.8831158,6.214282,0.06488893222295031
6.0,0.012866777202004015,-3.6783276e-05,-3.6783276e-05,-0.9415729,-0.9415729,-0.9415673,-0.9415679,1.8831158,6.214282,0.0650059543462871
6.0,0.012876777202004017,-3.701183e-05,-3.701183e-05,-0.9415728,-0.9415728,-0.9415667,-0.9415661,1.8831158,6.214282,0.0651229764696239
6.0,0.012886777202004016,-3.6783273e-05,-3.6783273e-05,-0.9415729,-0.9415729,-0.9415673,-0.9415679,1.8831158,6.214282,0.06523999859296069
6.0,0.012896777202004016,-3.7011825e-05,-3.7011825e-05,-0.9415728,-0.9415728,-0.9415667,-0.9415661,1.8831158,6.214282,0.06535702071629748
6.0,0.012906777202004015,-3.678327e-05,-3.678327e-05,-0.9415729,-0.9415729,-0.9415673,-0.9415679,1.8831158,6.214282,0.06547404283963427
6.0,0.012916777202004015,-3.701182e-05,-3.701182e-05,-0.9415728,-0.9415728,-0.9415667,-0.9415661,1.8831158,6.214282,0.06559106496297107
6.0,0.012926777202004016,-3.6783265e-05,-3.6783265e-05,-0.9415729,-0.9415729,-0.9415673,-0.9415679,1.8831158,6.214282,0.06570808708630786
6.0,0.012936777202004016,-3.7011814e-05,-3.7011814e-05,-0.9415728,-0.9415728,-0.9415667,-0.9415661,1.8831158,6.214282,0.06582510920964466
6.0,0.012946777202004016,-3.678326e-05,-3.678326e-05,-0.9415729,-0.9415729,-0.9415673,-0.9415679,1.8831158,6.214282,0.06594213133298145
6.0,0.012956777202004015,-3.701181e-05,-3.701181e-05,-0.9415728,-0.9415728,-0.9415667,-0.9415661,1.8831158,6.214282,0.06605915345631824
6.0,0.012966777202004016,-3.6783254e-05,-3.6783254e-05,-0.9415729,-0.9415729,-0.9415673,-0.9415679,1.8831158,6.214282,0.06617617557965504
6.0,0.012976777202004016,-3.7011803e-05,-3.7011803e-05,-0.9415728,-0.9415728,-0.9415667,-0.9415661,1.8831158,6.214282,0.06629319770299183
6.0,0.012986777202004016,-3.678325e-05,-3.678325e-05,-0.9415729,-0.9415729,-0.9415673,-0.9415679,1.8831158,6.214282,0.06641021982632862
6.0,0.012996777202004015,-3.70118e-05,-3.70118e-05,-0.9415728,-0.9415728,-0.9415667,-0.9415661,1.8831158,6.214282,0.06652724194966542
6.0,0.013006777202004017,-3.6783247e-05,-3.6783247e-05,-0.9415729,-0.9415729,-0.9415673,-0.9415679,1.8831158,6.214282,0.06664426407300221
6.0,0.013016777202004016,-3.7011796e-05,-3.7011796e-05,-0.9415728,-0.9415728,-0.9415667,-0.9415661,1.8831158,6.214282,0.066761286196339
6.0,0.013026777202004016,-3.6783244e-05,-3.6783244e-05,-0.9415729,-0.9415729,-0.9415673,-0.9415679,1.8831158,6.214282,0.0668783083196758
6.0,0.013036777202004015,-3.7011792e-05,-3.7011792e-05,-0.9415728,-0.9415728,-0.9415667,-0.9415661,1.8831158,6.214282,0.06699533044301259
6.0,0.013046777202004017,-3.678324e-05,-3.678324e-05,-0.9415729,-0.9415729,-0.9415673,-0.9415679,1.8831158,6.214282,0.06711235256634938
6.0,0.013056777202004016,-3.7011785e-05,-3.7011785e-05,-0.9415728,-0.9415728,-0.9415667,-0.9415661,1.8831158,6.214282,0.06722937468968618
6.0,0.013066777202004016,-3.6783236e-05,-3.6783236e-05,-0.9415729,-0.9415729,-0.9415673,-0.9415679,1.8831158,6.214282,0.06734639681302297
6.0,0.013076777202004015,-3.701178e-05,-3.701178e-05,-0.9415728,-0.9415728,-0.9415667,-0.9415661,1.8831158,6.214282,0.06746341893635976
6.0,0.013086777202004015,-3.6783233e-05,-3.6783233e-05,-0.9415729,-0.9415729,-0.9415673,-0.9415679,1.8831158,6.214282,0.06758044105969656
6.0,0.013096777202004016,-3.7011778e-05,-3.7011778e-05,-0.9415728,-0.9415728,-0.9415667,-0.9415661,1.8831158,6.214282,0.06769746318303335
6.0,0.013106777202004016,-3.678323e-05,-3.678323e-05,-0.9415729,-0.9415729,-0.9415673,-0.9415679,1.8831158,6.214282,0.06781448530637015
6.0,0.013116777202004016,-3.7011774e-05,-3.7011774e-05,-0.9415728,-0.9415728,-0.9415667,-0.9415661,1.8831158,6.214282,0.06793150742970694
6.0,0.013126777202004015,-3.678323e-05,-3.678323e-05,-0.9415729,-0.9415729,-0.9415673,-0.9415679,1.8831158,6.214282,0.06804852955304373
6.0,0.013136777202004016,-3.701177e-05,-3.701177e-05,-0.9415728,-0.9415728,-0.9415667,-0.9415661,1.8831158,6.214282,0.06816555167638053
6.0,0.013146777202004016,-3.6783225e-05,-3.6783225e-05,-0.9415729,-0.9415729,-0.9415673,-0.9415679,1.8831158,6.214282,0.06828257379971732
6.0,0.013156777202004016,-3.7011767e-05,-3.7011767e-05,-0.9415728,-0.9415728,-0.9415667,-0.9415661,1.8831158,6.214282,0.06839959592305411
6.0,0.013166777202004015,-3.678322e-05,-3.678322e-05,-0.9415729,-0.9415729,-0.9415673,-0.9415679,1.8831158,6.214282,0.0685166180463909
6.0,0.013176777202004017,-3.7011763e-05,-3.7011763e-05,-0.9415728,-0.9415728,-0.9415667,-0.9415661,1.8831158,6.214282,0.0686336401697277
6.0,0.013186777202004016,-3.6783218e-05,-3.6783218e-05,-0.9415729,-0.9415729,-0.9415673,-0.9415679,1.8831158,6.214282,0.0687506622930645
6.0,0.013196777202004016,-3.701176e-05,-3.701176e-05,-0.9415728,-0.9415728,-0.9415667,-0.9415661,1.8831158,6.214282,0.06886768441640129
6.0,0.013206777202004015,-3.6783214e-05,-3.6783214e-05,-0.9415729,-0.9415729,-0.9415673,-0.9415679,1.8831158,6.214282,0.06898470653973808
6.0,0.013216777202004017,-3.7011756e-05,-3.7011756e-05,-0.9415728,-0.9415728,-0.9415667,-0.9415661,1.8831158,6.214282,0.06910172866307487
6.0,0.013226777202004016,-3.6783214e-05,-3.6783214e-05,-0.9415729,-0.9415729,-0.9415673,-0.9415679,1.8831158,6.214282,0.06921875078641167
6.0,0.013236777202004016,-3.7011752e-05,-3.7011752e-05,-0.9415728,-0.9415728,-0.9415667,-0.9415661,1.8831158,6.214282,0.06933577290974846
6.0,0.013246777202004015,-3.678321e-05,-3.678321e-05,-0.9415729,-0.9415729,-0.9415673,-0.9415679,1.8831158,6.214282,0.06945279503308525
6.0,0.013256777202004015,-3.701175e-05,-3.701175e-05,-0.9415728,-0.9415728,-0.9415667,-0.9415661,1.8831158,6.214282,0.06956981715642205
6.0,0.013266777202004016,-3.6783207e-05,-3.6783207e-05,-0.9415729,-0.9415729,-0.9415673,-0.9415679,1.8831158,6.214282,0.06968683927975884
6.0,0.013276777202004016,-3.7011745e-05,-3.7011745e-05,-0.9415728,-0.9415728,-0.9415667,-0.9415661,1.8831158,6.214282,0.06980386140309564
6.0,0.013286777202004016,-3.6783207e-05,-3.6783207e-05,-0.9415729,-0.9415729,-0.9415673,-0.9415679,1.8831158,6.214282,0.06992088352643243
6.0,0.013296777202004015,-3.701174e-05,-3.701174e-05,-0.9415728,-0.9415728,-0.9415667,-0.9415661,1.8831158,6.214282,0.07003790564976922
6.0,0.013306777202004016,-3.6783204e-05,-3.6783204e-05,-0.9415729,-0.9415729,-0.9415673,-0.9415679,1.8831158,6.214282,0.07015492777310602
6.0,0.013316777202004016,-3.7011738e-05,-3.7011738e-05,-0.9415728,-0.9415728,-0.9415667,-0.9415661,1.8831158,6.214282,0.07027194989644281
6.0,0.013326777202004016,-3.67832e-05,-3.67832e-05,-0.9415729,-0.9415729,-0.9415673,-0.9415679,1.8831158,6.214282,0.0703889720197796
6.0,0.013336777202004015,-3.7011734e-05,-3.7011734e-05,-0.94157284,-0.94157284,-0.9415667,-0.9415661,1.8831158,6.214282,0.0705059941431164
6.0,0.013346777202004017,-3.67832e-05,-3.67832e-05,-0.9415729,-0.9415729,-0.9415673,-0.9415679,1.8831158,6.214282,0.07062301626645319
6.0,0.013356777202004016,-3.7011734e-05,-3.7011734e-05,-0.94157284,-0.94157284,-0.9415667,-0.9415661,1.8831158,6.214282,0.07074003838978998
6.0,0.013366777202004016,-3.6783196e-05,-3.6783196e-05,-0.9415729,-0.9415729,-0.9415673,-0.9415679,1.8831158,6.214282,0.07085706051312678
6.0,0.013376777202004015,-3.701173e-05,-3.701173e-05,-0.94157284,-0.94157284,-0.9415667,-0.9415661,1.8831158,6.214282,0.07097408263646357
6.0,0.013386777202004017,-3.6783196e-05,-3.6783196e-05,-0.9415729,-0.9415729,-0.9415673,-0.9415679,1.8831158,6.214282,0.07109110475980036
6.0,0.013396777202004016,-3.7011727e-05,-3.7011727e-05,-0.94157284,-0.94157284,-0.9415667,-0.9415661,1.8831158,6.214282,0.07120812688313716
6.0,0.013406777202004016,-3.6783193e-05,-3.6783193e-05,-0.9415729,-0.9415729,-0.9415673,-0.9415679,1.8831158,6.214282,0.07132514900647395
6.0,0.013416777202004015,-3.7011723e-05,-3.7011723e-05,-0.94157284,-0.94157284,-0.9415667,-0.9415661,1.8831158,6.214282,0.07144217112981074
6.0,0.013426777202004015,-3.6783193e-05,-3.6783193e-05,-0.9415729,-0.9415729,-0.9415673,-0.9415679,1.8831158,6.214282,0.07155919325314754
6.0,0.013436777202004016,-3.7011723e-05,-3.7011723e-05,-0.94157284,-0.94157284,-0.9415667,-0.9415661,1.8831158,6.214282,0.07167621537648433
6.0,0.013446777202004016,-3.678319e-05,-3.678319e-05,-0.9415729,-0.9415729,-0.9415673,-0.9415679,1.8831158,6.214282,0.07179323749982112
6.0,0.013456777202004016,-3.701172e-05,-3.701172e-05,-0.94157284,-0.94157284,-0.9415667,-0.9415661,1.8831158,6.214282,0.07191025962315792
6.0,0.013466777202004015,-3.678319e-05,-3.678319e-05,-0.9415729,-0.9415729,-0.9415673,-0.9415679,1.8831158,6.214282,0.07202728174649471
6.0,0.013476777202004016,-3.7011716e-05,-3.7011716e-05,-0.94157284,-0.94157284,-0.9415667,-0.9415661,1.8831158,6.214282,0.0721443038698315
6.0,0.013486777202004016,-3.6783185e-05,-3.6783185e-05,-0.9415729,-0.9415729,-0.9415673,-0.9415679,1.8831158,6.214282,0.0722613259931683
6.0,0.013496777202004016,-3.7011712e-05,-3.7011712e-05,-0.94157284,-0.94157284,-0.9415667,-0.9415661,1.8831158,6.214282,0.07237834811650509
6.0,0.013506777202004015,-3.6783185e-05,-3.6783185e-05,-0.9415729,-0.9415729,-0.9415673,-0.9415679,1.8831158,6.214282,0.07249537023984189
6.0,0.013516777202004017,-3.7011712e-05,-3.7011712e-05,-0.94157284,-0.94157284,-0.9415667,-0.9415661,1.8831158,6.214282,0.07261239236317868
6.0,0.013526777202004016,-3.678318e-05,-3.678318e-05,-0.9415729,-0.9415729,-0.9415673,-0.9415679,1.8831158,6.214282,0.07272941448651547
6.0,0.013536777202004016,-3.701171e-05,-3.701171e-05,-0.94157284,-0.94157284,-0.9415667,-0.9415661,1.8831158,6.214282,0.07284643660985227
6.0,0.013546777202004015,-3.678318e-05,-3.678318e-05,-0.9415729,-0.9415729,-0.9415673,-0.9415679,1.8831158,6.214282,0.07296345873318906
6.0,0.013556777202004015,-3.701171e-05,-3.701171e-05,-0.94157284,-0.94157284,-0.9415667,-0.9415661,1.8831158,6.214282,0.07308048085652585
6.0,0.013566777202004016,-3.6783178e-05,-3.6783178e-05,-0.9415729,-0.9415729,-0.9415673,-0.9415679,1.8831158,6.214282,0.07319750297986265
6.0,0.013576777202004016,-3.7011705e-05,-3.7011705e-05,-0.94157284,-0.94157284,-0.9415667,-0.9415661,1.8831158,6.214282,0.07331452510319944
6.0,0.013586777202004015,-3.6783178e-05,-3.6783178e-05,-0.9415729,-0.9415729,-0.9415673,-0.9415679,1.8831158,6.214282,0.07343154722653623
6.0,0.013596777202004015,-3.70117e-05,-3.70117e-05,-0.94157284,-0.94157284,-0.9415667,-0.9415661,1.8831158,6.214282,0.07354856934987303
6.0,0.013606777202004016,-3.6783178e-05,-3.6783178e-05,-0.9415729,-0.9415729,-0.9415673,-0.9415679,1.8831158,6.214282,0.07366559147320982
6.0,0.013616777202004016,-3.70117e-05,-3.70117e-05,-0.94157284,-0.94157284,-0.9415667,-0.9415661,1.8831158,6.214282,0.07378261359654661
6.0,0.013626777202004016,-3.6783174e-05,-3.6783174e-05,-0.9415729,-0.9415729,-0.9415673,-0.9415679,1.8831158,6.214282,0.07389963571988341
6.0,0.013636777202004015,-3.7011698e-05,-3.7011698e-05,-0.94157284,-0.94157284,-0.9415667,-0.9415661,1.8831158,6.214282,0.0740166578432202
6.0,0.013646777202004017,-3.6783174e-05,-3.6783174e-05,-0.9415729,-0.9415729,-0.9415673,-0.9415679,1.8831158,6.214282,0.074133679966557
6.0,0.013656777202004016,-3.7011698e-05,-3.7011698e-05,-0.94157284,-0.94157284,-0.9415667,-0.9415661,1.8831158,6.214282,0.07425070208989379
6.0,0.013666777202004016,-3.6783174e-05,-3.6783174e-05,-0.9415729,-0.9415729,-0.9415673,-0.9415679,1.8831158,6.214282,0.07436772421323058
6.0,0.013676777202004015,-3.7011694e-05,-3.7011694e-05,-0.94157284,-0.94157284,-0.9415667,-0.9415661,1.8831158,6.214282,0.07448474633656738
6.0,0.013686777202004017,-3.678317e-05,-3.678317e-05,-0.9415729,-0.9415729,-0.9415673,-0.9415679,1.8831158,6.214282,0.07460176845990417
6.0,0.013696777202004016,-3.701169e-05,-3.701169e-05,-0.94157284,-0.94157284,-0.9415667,-0.9415661,1.8831158,6.214282,0.07471879058324096
6.0,0.013706777202004016,-3.678317e-05,-3.678317e-05,-0.9415729,-0.9415729,-0.9415673,-0.9415679,1.8831158,6.214282,0.07483581270657776
6.0,0.013716777202004015,-3.701169e-05,-3.701169e-05,-0.94157284,-0.94157284,-0.9415667,-0.9415661,1.8831158,6.214282,0.07495283482991455
6.0,0.013726777202004015,-3.678317e-05,-3.678317e-05,-0.9415729,-0.9415729,-0.9415673,-0.9415679,1.8831158,6.214282,0.07506985695325134
6.0,0.013736777202004016,-3.7011687e-05,-3.7011687e-05,-0.94157284,-0.94157284,-0.9415667,-0.9415661,1.8831158,6.214282,0.07518687907658814
6.0,0.013746777202004016,-3.6783167e-05,-3.6783167e-05,-0.9415729,-0.9415729,-0.9415673,-0.9415679,1.8831158,6.214282,0.07530390119992493
6.0,0.013756777202004015,-3.7011687e-05,-3.7011687e-05,-0.94157284,-0.94157284,-0.9415667,-0.9415661,1.8831158,6.214282,0.07542092332326172
6.0,0.013766777202004015,-3.6783167e-05,-3.6783167e-05,-0.9415729,-0.9415729,-0.9415673,-0.9415679,1.8831158,6.214282,0.07553794544659852
6.0,0.013776777202004016,-3.7011683e-05,-3.7011683e-05,-0.94157284,-0.94157284,-0.9415667,-0.9415661,1.8831158,6.214282,0.07565496756993531
6.0,0.013786777202004016,-3.6783167e-05,-3.6783167e-05,-0.9415729,-0.9415729,-0.9415673,-0.9415679,1.8831158,6.214282,0.0757719896932721
6.0,0.013796777202004016,-3.7011683e-05,-3.7011683e-05,-0.94157284,-0.94157284,-0.9415667,-0.9415661,1.8831158,6.214282,0.0758890118166089
6.0,0.013806777202004015,-3.6783167e-05,-3.6783167e-05,-0.9415729,-0.9415729,-0.9415673,-0.9415679,1.8831158,6.214282,0.07600603393994569
6.0,0.013816777202004017,-3.701168e-05,-3.701168e-05,-0.94157284,-0.94157284,-0.9415667,-0.9415661,1.8831158,6.214282,0.07612305606328248
6.0,0.013826777202004016,-3.6783164e-05,-3.6783164e-05,-0.9415729,-0.9415729,-0.9415673,-0.9415679,1.8831158,6.214282,0.07624007818661928
6.0,0.013836777202004016,-3.701168e-05,-3.701168e-05,-0.94157284,-0.94157284,-0.9415667,-0.9415661,1.8831158,6.214282,0.07635710030995607
6.0,0.013846777202004015,-3.6783164e-05,-3.6783164e-05,-0.9415729,-0.9415729,-0.9415673,-0.9415679,1.8831158,6.214282,0.07647412243329287
6.0,0.013856777202004017,-3.701168e-05,-3.701168e-05,-0.94157284,-0.94157284,-0.9415667,-0.9415661,1.8831158,6.214282,0.07659114455662966
6.0,0.013866777202004016,-3.6783164e-05,-3.6783164e-05,-0.9415729,-0.9415729,-0.9415673,-0.9415679,1.8831158,6.214282,0.07670816667996645
6.0,0.013876777202004016,-3.7011676e-05,-3.7011676e-05,-0.94157284,-0.94157284,-0.9415667,-0.9415661,1.8831158,6.214282,0.07682518880330325
6.0,0.013886777202004015,-3.6783164e-05,-3.6783164e-05,-0.9415729,-0.9415729,-0.9415673,-0.9415679,1.8831158,6.214282,0.07694221092664004
6.0,0.013896777202004015,-3.7011676e-05,-3.7011676e-05,-0.94157284,-0.94157284,-0.9415667,-0.9415661,1.8831158,6.214282,0.07705923304997683
6.0,0.013906777202004016,-3.678316e-05,-3.678316e-05,-0.9415729,-0.9415729,-0.9415673,-0.9415679,1.8831158,6.214282,0.07717625517331363
6.0,0.013916777202004016,-3.7011672e-05,-3.7011672e-05,-0.94157284,-0.94157284,-0.9415667,-0.9415661,1.8831158,6.214282,0.07729327729665042
6.0,0.013926777202004016,-3.678316e-05,-3.678316e-05,-0.9415729,-0.9415729,-0.9415673,-0.9415679,1.8831158,6.214282,0.07741029941998721
6.0,0.013936777202004015,-3.7011672e-05,-3.7011672e-05,-0.94157284,-0.94157284,-0.9415667,-0.9415661,1.8831158,6.214282,0.07752732154332401
6.0,0.013946777202004016,-3.678316e-05,-3.678316e-05,-0.9415729,-0.9415729,-0.9415673,-0.9415679,1.8831158,6.214282,0.0776443436666608
6.0,0.013956777202004016,-3.701167e-05,-3.701167e-05,-0.94157284,-0.94157284,-0.9415667,-0.9415661,1.8831158,6.214282,0.0777613657899976
6.0,0.013966777202004016,-3.678316e-05,-3.678316e-05,-0.9415729,-0.9415729,-0.9415673,-0.9415679,1.8831158,6.214282,0.07787838791333439
6.0,0.013976777202004015,-3.701167e-05,-3.701167e-05,-0.94157284,-0.94157284,-0.9415667,-0.9415661,1.8831158,6.214282,0.07799541003667118
6.0,0.013986777202004017,-3.678316e-05,-3.678316e-05,-0.9415729,-0.9415729,-0.9415673,-0.9415679,1.8831158,6.214282,0.07811243216000797
6.0,0.013996777202004016,-3.701167e-05,-3.701167e-05,-0.94157284,-0.94157284,-0.9415667,-0.9415661,1.8831158,6.214282,0.07822945428334477
6.0,0.014006777202004016,-3.678316e-05,-3.678316e-05,-0.9415729,-0.9415729,-0.9415673,-0.9415679,1.8831158,6.214282,0.07834647640668156
6.0,0.014016777202004015,-3.7011665e-05,-3.7011665e-05,-0.94157284,-0.94157284,-0.9415667,-0.9415661,1.8831158,6.214282,0.07846349853001836
6.0,0.014026777202004017,-3.6783156e-05,-3.6783156e-05,-0.9415729,-0.9415729,-0.9415673,-0.9415679,1.8831158,6.214282,0.07858052065335515
6.0,0.014036777202004016,-3.7011665e-05,-3.7011665e-05,-0.94157284,-0.94157284,-0.9415667,-0.9415661,1.8831158,6.214282,0.07869754277669194
6.0,0.014046777202004016,-3.6783156e-05,-3.6783156e-05,-0.9415729,-0.9415729,-0.9415673,-0.9415679,1.8831158,6.214282,0.07881456490002874
6.0,0.014056777202004015,-3.7011665e-05,-3.7011665e-05,-0.94157284,-0.94157284,-0.9415667,-0.9415661,1.8831158,6.214282,0.07893158702336553
6.0,0.014066777202004015,-3.6783156e-05,-3.6783156e-05,-0.9415729,-0.9415729,-0.9415673,-0.9415679,1.8831158,6.214282,0.07904860914670232
6.0,0.014076777202004016,-3.701166e-05,-3.701166e-05,-0.94157284,-0.94157284,-0.9415667,-0.9415661,1.8831158,6.214282,0.07916563127003912
6.0,0.014086777202004016,-3.6783156e-05,-3.6783156e-05,-0.9415729,-0.9415729,-0.9415673,-0.9415679,1.8831158,6.214282,0.07928265339337591
6.0,0.014096777202004016,-3.701166e-05,-3.701166e-05,-0.94157284,-0.94157284,-0.9415667,-0.9415661,1.8831158,6.214282,0.0793996755167127
6.0,0.014106777202004015,-3.6783156e-05,-3.6783156e-05,-0.9415729,-0.9415729,-0.9415673,-0.9415679,1.8831158,6.214282,0.0795166976400495
6.0,0.014116777202004016,-3.7011658e-05,-3.7011658e-05,-0.94157284,-0.94157284,-0.9415667,-0.9415661,1.8831158,6.214282,0.07963371976338629
6.0,0.014126777202004016,-3.6783156e-05,-3.6783156e-05,-0.9415729,-0.9415729,-0.9415673,-0.9415679,1.8831158,6.214282,0.07975074188672308
6.0,0.014136777202004016,-3.7011658e-05,-3.7011658e-05,-0.94157284,-0.94157284,-0.9415667,-0.9415661,1.8831158,6.214282,0.07986776401005988
6.0,0.014146777202004015,-3.6783156e-05,-3.6783156e-05,-0.9415729,-0.9415729,-0.9415673,-0.9415679,1.8831158,6.214282,0.07998478613339667
6.0,0.014156777202004017,-3.7011658e-05,-3.7011658e-05,-0.94157284,-0.94157284,-0.9415667,-0.9415661,1.8831158,6.214282,0.08010180825673346
6.0,0.014166777202004016,-3.6783156e-05,-3.6783156e-05,-0.9415729,-0.9415729,-0.9415673,-0.9415679,1.8831158,6.214282,0.08021883038007026
6.0,0.014176777202004016,-3.7011658e-05,-3.7011658e-05,-0.94157284,-0.94157284,-0.9415667,-0.9415661,1.8831158,6.214282,0.08033585250340705
6.0,0.014186777202004015,-3.6783153e-05,-3.6783153e-05,-0.9415729,-0.9415729,-0.9415673,-0.9415679,1.8831158,6.214282,0.08045287462674384
6.0,0.014196777202004015,-3.7011654e-05,-3.7011654e-05,-0.94157284,-0.94157284,-0.9415667,-0.9415661,1.8831158,6.214282,0.08056989675008064
6.0,0.014206777202004016,-3.6783153e-05,-3.6783153e-05,-0.9415729,-0.9415729,-0.9415673,-0.9415679,1.8831158,6.214282,0.08068691887341743
6.0,0.014216777202004016,-3.7011654e-05,-3.7011654e-05,-0.94157284,-0.94157284,-0.9415667,-0.9415661,1.8831158,6.214282,0.08080394099675423
6.0,0.014226777202004015,-3.6783153e-05,-3.6783153e-05,-0.9415729,-0.9415729,-0.9415673,-0.9415679,1.8831158,6.214282,0.08092096312009102
6.0,0.014236777202004015,-3.7011654e-05,-3.7011654e-05,-0.94157284,-0.94157284,-0.9415667,-0.9415661,1.8831158,6.214282,0.08103798524342781
6.0,0.014246777202004016,-3.6783153e-05,-3.6783153e-05,-0.9415729,-0.9415729,-0.9415673,-0.9415679,1.8831158,6.214282,0.0811550073667646
6.0,0.014256777202004016,-3.701165e-05,-3.701165e-05,-0.94157284,-0.94157284,-0.9415667,-0.9415661,1.8831158,6.214282,0.0812720294901014
6.0,0.014266777202004016,-3.6783153e-05,-3.6783153e-05,-0.9415729,-0.9415729,-0.9415673,-0.9415679,1.8831158,6.214282,0.08138905161343819
6.0,0.014276777202004015,-3.701165e-05,-3.701165e-05,-0.94157284,-0.94157284,-0.9415667,-0.9415661,1.8831158,6.214282,0.08150607373677499
6.0,0.014286777202004016,-3.6783153e-05,-3.6783153e-05,-0.9415729,-0.9415729,-0.9415673,-0.9415679,1.8831158,6.214282,0.08162309586011178
6.0,0.014296777202004016,-3.701165e-05,-3.701165e-05,-0.94157284,-0.94157284,-0.9415667,-0.9415661,1.8831158,6.214282,0.08174011798344857
6.0,0.014306777202004016,-3.6783153e-05,-3.6783153e-05,-0.9415729,-0.9415729,-0.9415673,-0.9415679,1.8831158,6.214282,0.08185714010678537
6.0,0.014316777202004015,-3.7011647e-05,-3.7011647e-05,-0.94157284,-0.94157284,-0.9415667,-0.9415661,1.8831158,6.214282,0.08197416223012216
6.0,0.014326777202004017,-3.6783153e-05,-3.6783153e-05,-0.9415729,-0.9415729,-0.9415673,-0.9415679,1.8831158,6.214282,0.08209118435345895
6.0,0.014336777202004016,-3.7011647e-05,-3.7011647e-05,-0.94157284,-0.94157284,-0.9415667,-0.9415661,1.8831158,6.214282,0.08220820647679575
6.0,0.014346777202004016,-3.6783153e-05,-3.6783153e-05,-0.9415729,-0.9415729,-0.9415673,-0.9415679,1.8831158,6.214282,0.08232522860013254
6.0,0.014356777202004015,-3.7011647e-05,-3.7011647e-05,-0.94157284,-0.94157284,-0.9415667,-0.9415661,1.8831158,6.214282,0.08244225072346933
6.0,0.014366777202004015,-3.6783153e-05,-3.6783153e-05,-0.9415729,-0.9415729,-0.9415673,-0.9415679,1.8831158,6.214282,0.08255927284680613
6.0,0.014376777202004016,-3.7011647e-05,-3.7011647e-05,-0.94157284,-0.94157284,-0.9415667,-0.9415661,1.8831158,6.214282,0.08267629497014292
6.0,0.014386777202004016,-3.6783153e-05,-3.6783153e-05,-0.9415729,-0.9415729,-0.9415673,-0.9415679,1.8831158,6.214282,0.08279331709347972
6.0,0.014396777202004015,-3.7011643e-05,-3.7011643e-05,-0.94157284,-0.94157284,-0.9415667,-0.9415661,1.8831158,6.214282,0.08291033921681651
6.0,0.014406777202004015,-3.6783153e-05,-3.6783153e-05,-0.9415729,-0.9415729,-0.9415673,-0.9415679,1.8831158,6.214282,0.0830273613401533
6.0,0.014416777202004016,-3.7011643e-05,-3.7011643e-05,-0.94157284,-0.94157284,-0.9415667,-0.9415661,1.8831158,6.214282,0.0831443834634901
6.0,0.014426777202004016,-3.6783153e-05,-3.6783153e-05,-0.9415729,-0.9415729,-0.9415673,-0.9415679,1.8831158,6.214282,0.08326140558682689
6.0,0.014436777202004016,-3.7011643e-05,-3.7011643e-05,-0.94157284,-0.94157284,-0.9415667,-0.9415661,1.8831158,6.214282,0.08337842771016368
6.0,0.014446777202004015,-3.6783153e-05,-3.6783153e-05,-0.9415729,-0.9415729,-0.9415673,-0.9415679,1.8831158,6.214282,0.08349544983350048
6.0,0.014456777202004016,-3.7011643e-05,-3.7011643e-05,-0.94157284,-0.94157284,-0.9415667,-0.9415661,1.8831158,6.214282,0.08361247195683727
6.0,0.014466777202004016,-3.6783153e-05,-3.6783153e-05,-0.9415729,-0.9415729,-0.9415673,-0.9415679,1.8831158,6.214282,0.08372949408017406
6.0,0.014476777202004016,-3.701164e-05,-3.701164e-05,-0.94157284,-0.94157284,-0.9415667,-0.9415661,1.8831158,6.214282,0.08384651620351086
6.0,0.014486777202004015,-3.6783153e-05,-3.6783153e-05,-0.9415729,-0.9415729,-0.9415673,-0.9415679,1.8831158,6.214282,0.08396353832684765
6.0,0.014496777202004017,-3.701164e-05,-3.701164e-05,-0.94157284,-0.94157284,-0.9415667,-0.9415661,1.8831158,6.214282,0.08408056045018444
6.0,0.014506777202004016,-3.6783153e-05,-3.6783153e-05,-0.9415729,-0.9415729,-0.9415673,-0.9415679,1.8831158,6.214282,0.08419758257352124
6.0,0.014516777202004016,-3.701164e-05,-3.701164e-05,-0.94157284,-0.94157284,-0.9415667,-0.9415661,1.8831158,6.214282,0.08431460469685803
6.0,0.014526777202004015,-3.6783153e-05,-3.6783153e-05,-0.9415729,-0.9415729,-0.9415673,-0.9415679,1.8831158,6.214282,0.08443162682019482
6.0,0.014536777202004015,-3.701164e-05,-3.701164e-05,-0.94157284,-0.94157284,-0.9415667,-0.9415661,1.8831158,6.214282,0.08454864894353162
6.0,0.014546777202004016,-3.6783153e-05,-3.6783153e-05,-0.9415729,-0.9415729,-0.9415673,-0.9415679,1.8831158,6.214282,0.08466567106686841
6.0,0.014556777202004016,-3.7011636e-05,-3.7011636e-05,-0.94157284,-0.94157284,-0.9415667,-0.9415661,1.8831158,6.214282,0.0847826931902052
6.0,0.014566777202004015,-3.6783153e-05,-3.6783153e-05,-0.9415729,-0.9415729,-0.9415673,-0.9415679,1.8831158,6.214282,0.084899715313542
6.0,0.014576777202004015,-3.7011636e-05,-3.7011636e-05,-0.94157284,-0.94157284,-0.9415667,-0.9415661,1.8831158,6.214282,0.08501673743687879
6.0,0.014586777202004016,-3.6783153e-05,-3.6783153e-05,-0.9415729,-0.9415729,-0.9415673,-0.9415679,1.8831158,6.214282,0.08513375956021559
6.0,0.014596777202004016,-3.7011636e-05,-3.7011636e-05,-0.94157284,-0.94157284,-0.9415667,-0.9415661,1.8831158,6.214282,0.08525078168355238
6.0,0.014606777202004016,-3.6783153e-05,-3.6783153e-05,-0.9415729,-0.9415729,-0.9415673,-0.9415679,1.8831158,6.214282,0.08536780380688917
6.0,0.014616777202004015,-3.7011636e-05,-3.7011636e-05,-0.94157284,-0.94157284,-0.9415667,-0.9415661,1.8831158,6.214282,0.08548482593022597
6.0,0.014626777202004016,-3.6783153e-05,-3.6783153e-05,-0.9415729,-0.9415729,-0.9415673,-0.9415679,1.8831158,6.214282,0.08560184805356276
6.0,0.014636777202004016,-3.7011632e-05,-3.7011632e-05,-0.94157284,-0.94157284,-0.9415667,-0.9415661,1.8831158,6.214282,0.08571887017689955
6.0,0.014646777202004016,-3.6783153e-05,-3.6783153e-05,-0.9415729,-0.9415729,-0.9415673,-0.9415679,1.8831158,6.214282,0.08583589230023635
6.0,0.014656777202004015,-3.7011632e-05,-3.7011632e-05,-0.94157284,-0.94157284,-0.9415667,-0.9415661,1.8831158,6.214282,0.08595291442357314
6.0,0.014666777202004017,-3.6783153e-05,-3.6783153e-05,-0.9415729,-0.9415729,-0.9415673,-0.9415679,1.8831158,6.214282,0.08606993654690993
6.0,0.014676777202004016,-3.7011632e-05,-3.7011632e-05,-0.94157284,-0.94157284,-0.9415667,-0.9415661,1.8831158,6.214282,0.08618695867024673
6.0,0.014686777202004016,-3.6783153e-05,-3.6783153e-05,-0.9415729,-0.9415729,-0.9415673,-0.9415679,1.8831158,6.214282,0.08630398079358352
6.0,0.014696777202004015,-3.7011632e-05,-3.7011632e-05,-0.94157284,-0.94157284,-0.9415667,-0.9415661,1.8831158,6.214282,0.08642100291692031
6.0,0.014706777202004015,-3.6783153e-05,-3.6783153e-05,-0.9415729,-0.9415729,-0.9415673,-0.9415679,1.8831158,6.214282,0.08653802504025711
6.0,0.014716777202004016,-3.7011632e-05,-3.7011632e-05,-0.94157284,-0.94157284,-0.9415667,-0.9415661,1.8831158,6.214282,0.0866550471635939
6.0,0.014726777202004016,-3.6783153e-05,-3.6783153e-05,-0.9415729,-0.9415729,-0.9415673,-0.9415679,1.8831158,6.214282,0.0867720692869307
6.0,0.014736777202004015,-3.701163e-05,-3.701163e-05,-0.94157284,-0.94157284,-0.9415667,-0.9415661,1.8831158,6.214282,0.08688909141026749
6.0,0.014746777202004015,-3.6783153e-05,-3.6783153e-05,-0.9415729,-0.9415729,-0.9415673,-0.9415679,1.8831158,6.214282,0.08700611353360428
6.0,0.014756777202004016,-3.701163e-05,-3.701163e-05,-0.94157284,-0.94157284,-0.9415667,-0.9415661,1.8831158,6.214282,0.08712313565694108
6.0,0.014766777202004016,-3.6783153e-05,-3.6783153e-05,-0.9415729,-0.9415729,-0.9415673,-0.9415679,1.8831158,6.214282,0.08724015778027787
6.0,0.014776777202004016,-3.701163e-05,-3.701163e-05,-0.94157284,-0.94157284,-0.9415667,-0.9415661,1.8831158,6.214282,0.08735717990361466
6.0,0.014786777202004015,-3.6783153e-05,-3.6783153e-05,-0.9415729,-0.9415729,-0.9415673,-0.9415679,1.8831158,6.214282,0.08747420202695146
6.0,0.014796777202004016,-3.701163e-05,-3.701163e-05,-0.94157284,-0.94157284,-0.9415667,-0.9415661,1.8831158,6.214282,0.08759122415028825
6.0,0.014806777202004016,-3.6783153e-05,-3.6783153e-05,-0.9415729,-0.9415729,-0.9415673,-0.9415679,1.8831158,6.214282,0.08770824627362504
6.0,0.014816777202004016,-3.701163e-05,-3.701163e-05,-0.94157284,-0.94157284,-0.9415667,-0.9415661,1.8831158,6.214282,0.08782526839696184
6.0,0.014826777202004015,-3.6783153e-05,-3.6783153e-05,-0.9415729,-0.9415729,-0.9415673,-0.9415679,1.8831158,6.214282,0.08794229052029863
6.0,0.014836777202004015,-3.7011625e-05,-3.7011625e-05,-0.94157284,-0.94157284,-0.9415667,-0.9415661,1.8831158,6.214282,0.08805931264363542
6.0,0.014846777202004016,-3.6783153e-05,-3.6783153e-05,-0.9415729,-0.9415729,-0.9415673,-0.9415679,1.8831158,6.214282,0.08817633476697222
6.0,0.014856777202004016,-3.7011625e-05,-3.7011625e-05,-0.94157284,-0.94157284,-0.9415667,-0.9415661,1.8831158,6.214282,0.08829335689030901
6.0,0.014866777202004015,-3.6783153e-05,-3.6783153e-05,-0.9415729,-0.9415729,-0.9415673,-0.9415679,1.8831158,6.214282,0.0884103790136458
6.0,0.014876777202004015,-3.7011625e-05,-3.7011625e-05,-0.94157284,-0.94157284,-0.9415667,-0.9415661,1.8831158,6.214282,0.0885274011369826
6.0,0.014886777202004016,-3.6783153e-05,-3.6783153e-05,-0.9415729,-0.9415729,-0.9415673,-0.9415679,1.8831158,6.214282,0.08864442326031939
6.0,0.014896777202004016,-3.7011625e-05,-3.7011625e-05,-0.94157284,-0.94157284,-0.9415667,-0.9415661,1.8831158,6.214282,0.08876144538365618
6.0,0.014906777202004015,-3.6783153e-05,-3.6783153e-05,-0.9415729,-0.9415729,-0.9415673,-0.9415679,1.8831158,6.214282,0.08887846750699298
6.0,0.014916777202004015,-3.7011625e-05,-3.7011625e-05,-0.94157284,-0.94157284,-0.9415667,-0.9415661,1.8831158,6.214282,0.08899548963032977
6.0,0.014926777202004016,-3.6783153e-05,-3.6783153e-05,-0.9415729,-0.9415729,-0.9415673,-0.9415679,1.8831158,6.214282,0.08911251175366657
6.0,0.014936777202004016,-3.701162e-05,-3.701162e-05,-0.94157284,-0.94157284,-0.9415667,-0.9415661,1.8831158,6.214282,0.08922953387700336
6.0,0.014946777202004016,-3.6783153e-05,-3.6783153e-05,-0.9415729,-0.9415729,-0.9415673,-0.9415679,1.8831158,6.214282,0.08934655600034015
6.0,0.014956777202004015,-3.701162e-05,-3.701162e-05,-0.94157284,-0.94157284,-0.9415667,-0.9415661,1.8831158,6.214282,0.08946357812367695
6.0,0.014966777202004016,-3.6783153e-05,-3.6783153e-05,-0.9415729,-0.9415729,-0.9415673,-0.9415679,1.8831158,6.214282,0.08958060024701374
6.0,0.014976777202004016,-3.701162e-05,-3.701162e-05,-0.94157284,-0.94157284,-0.9415667,-0.9415661,1.8831158,6.214282,0.08969762237035053
6.0,0.014986777202004016,-3.6783153e-05,-3.6783153e-05,-0.9415729,-0.9415729,-0.9415673,-0.9415679,1.8831158,6.214282,0.08981464449368733
6.0,0.014996777202004015,-3.701162e-05,-3.701162e-05,-0.94157284,-0.94157284,-0.9415667,-0.9415661,1.8831158,6.214282,0.08993166661702412
6.0,0.015006777202004015,-3.6783153e-05,-3.6783153e-05,-0.9415729,-0.9415729,-0.9415673,-0.9415679,1.8831158,6.214282,0.09004868874036091
6.0,0.015016777202004016,-3.701162e-05,-3.701162e-05,-0.94157284,-0.94157284,-0.9415667,-0.9415661,1.8831158,6.214282,0.0901657108636977
6.0,0.015026777202004016,-3.6783153e-05,-3.6783153e-05,-0.9415729,-0.9415729,-0.9415673,-0.9415679,1.8831158,6.214282,0.0902827329870345
6.0,0.015036777202004015,-3.701162e-05,-3.701162e-05,-0.94157284,-0.94157284,-0.9415667,-0.9415661,1.8831158,6.214282,0.0903997551103713
6.0,0.015046777202004015,-3.6783153e-05,-3.6783153e-05,-0.9415729,-0.9415729,-0.9415673,-0.9415679,1.8831158,6.214282,0.09051677723370809
6.0,0.015056777202004016,-3.7011618e-05,-3.7011618e-05,-0.94157284,-0.94157284,-0.9415667,-0.9415661,1.8831158,6.214282,0.09063379935704488
6.0,0.015066777202004016,-3.6783153e-05,-3.6783153e-05,-0.9415729,-0.9415729,-0.9415673,-0.9415679,1.8831158,6.214282,0.09075082148038167
6.0,0.015076777202004015,-3.7011618e-05,-3.7011618e-05,-0.94157284,-0.94157284,-0.9415667,-0.9415661,1.8831158,6.214282,0.09086784360371847
6.0,0.015086777202004015,-3.6783153e-05,-3.6783153e-05,-0.9415729,-0.9415729,-0.9415673,-0.9415679,1.8831158,6.214282,0.09098486572705526
6.0,0.015096777202004016,-3.7011618e-05,-3.7011618e-05,-0.94157284,-0.94157284,-0.9415667,-0.9415661,1.8831158,6.214282,0.09110188785039205
6.0,0.015106777202004016,-3.6783153e-05,-3.6783153e-05,-0.9415729,-0.9415729,-0.9415673,-0.9415679,1.8831158,6.214282,0.09121890997372885
6.0,0.015116777202004016,-3.7011618e-05,-3.7011618e-05,-0.94157284,-0.94157284,-0.9415667,-0.9415661,1.8831158,6.214282,0.09133593209706564
6.0,0.015126777202004015,-3.6783153e-05,-3.6783153e-05,-0.9415729,-0.9415729,-0.9415673,-0.9415679,1.8831158,6.214282,0.09145295422040244
6.0,0.015136777202004017,-3.7011618e-05,-3.7011618e-05,-0.94157284,-0.94157284,-0.9415667,-0.9415661,1.8831158,6.214282,0.09156997634373923
6.0,0.015146777202004016,-3.6783153e-05,-3.6783153e-05,-0.9415729,-0.9415729,-0.9415673,-0.9415679,1.8831158,6.214282,0.09168699846707602
6.0,0.015156777202004016,-3.7011618e-05,-3.7011618e-05,-0.94157284,-0.94157284,-0.9415667,-0.9415661,1.8831158,6.214282,0.09180402059041282
6.0,0.015166777202004015,-3.6783156e-05,-3.6783156e-05,-0.9415729,-0.9415729,-0.9415673,-0.9415679,1.8831158,6.214282,0.09192104271374961
6.0,0.015176777202004015,-3.7011614e-05,-3.7011614e-05,-0.94157284,-0.94157284,-0.9415667,-0.9415661,1.8831158,6.214282,0.0920380648370864
6.0,0.015186777202004016,-3.6783156e-05,-3.6783156e-05,-0.9415729,-0.9415729,-0.9415673,-0.9415679,1.8831158,6.214282,0.0921550869604232
6.0,0.015196777202004016,-3.7011614e-05,-3.7011614e-05,-0.94157284,-0.94157284,-0.9415667,-0.9415661,1.8831158,6.214282,0.09227210908375999
6.0,0.015206777202004015,-3.6783156e-05,-3.6783156e-05,-0.9415729,-0.9415729,-0.9415673,-0.9415679,1.8831158,6.214282,0.09238913120709678
6.0,0.015216777202004015,-3.7011614e-05,-3.7011614e-05,-0.94157284,-0.94157284,-0.9415667,-0.9415661,1.8831158,6.214282,0.09250615333043358
6.0,0.015226777202004016,-3.6783156e-05,-3.6783156e-05,-0.9415729,-0.9415729,-0.9415673,-0.9415679,1.8831158,6.214282,0.09262317545377037
6.0,0.015236777202004016,-3.7011614e-05,-3.7011614e-05,-0.94157284,-0.94157284,-0.9415667,-0.9415661,1.8831158,6.214282,0.09274019757710716
6.0,0.015246777202004015,-3.6783156e-05,-3.6783156e-05,-0.9415729,-0.9415729,-0.9415673,-0.9415679,1.8831158,6.214282,0.09285721970044396
6.0,0.015256777202004015,-3.7011614e-05,-3.7011614e-05,-0.94157284,-0.94157284,-0.9415667,-0.9415661,1.8831158,6.214282,0.09297424182378075
6.0,0.015266777202004016,-3.6783156e-05,-3.6783156e-05,-0.9415729,-0.9415729,-0.9415673,-0.9415679,1.8831158,6.214282,0.09309126394711754
6.0,0.015276777202004016,-3.7011614e-05,-3.7011614e-05,-0.94157284,-0.94157284,-0.9415667,-0.9415661,1.8831158,6.214282,0.09320828607045434
6.0,0.015286777202004016,-3.6783156e-05,-3.6783156e-05,-0.9415729,-0.9415729,-0.9415673,-0.9415679,1.8831158,6.214282,0.09332530819379113
6.0,0.015296777202004015,-3.701161e-05,-3.701161e-05,-0.94157284,-0.94157284,-0.9415667,-0.9415661,1.8831158,6.214282,0.09344233031712793
6.0,0.015306777202004017,-3.6783156e-05,-3.6783156e-05,-0.9415729,-0.9415729,-0.9415673,-0.9415679,1.8831158,6.214282,0.09355935244046472
6.0,0.015316777202004016,-3.701161e-05,-3.701161e-05,-0.94157284,-0.94157284,-0.9415667,-0.9415661,1.8831158,6.214282,0.09367637456380151
6.0,0.015326777202004016,-3.6783156e-05,-3.6783156e-05,-0.9415729,-0.9415729,-0.9415673,-0.9415679,1.8831158,6.214282,0.0937933966871383
6.0,0.015336777202004015,-3.701161e-05,-3.701161e-05,-0.94157284,-0.94157284,-0.9415667,-0.9415661,1.8831158,6.214282,0.0939104188104751
6.0,0.015346777202004015,-3.6783156e-05,-3.6783156e-05,-0.9415729,-0.9415729,-0.9415673,-0.9415679,1.8831158,6.214282,0.09402744093381189
6.0,0.015356777202004016,-3.701161e-05,-3.701161e-05,-0.94157284,-0.94157284,-0.9415667,-0.9415661,1.8831158,6.214282,0.09414446305714869
6.0,0.015366777202004016,-3.6783156e-05,-3.6783156e-05,-0.9415729,-0.9415729,-0.9415673,-0.9415679,1.8831158,6.214282,0.09426148518048548
6.0,0.015376777202004015,-3.701161e-05,-3.701161e-05,-0.94157284,-0.94157284,-0.9415667,-0.9415661,1.8831158,6.214282,0.09437850730382227
6.0,0.015386777202004015,-3.6783156e-05,-3.6783156e-05,-0.9415729,-0.9415729,-0.9415673,-0.9415679,1.8831158,6.214282,0.09449552942715907
6.0,0.015396777202004016,-3.701161e-05,-3.701161e-05,-0.94157284,-0.94157284,-0.9415667,-0.9415661,1.8831158,6.214282,0.09461255155049586
6.0,0.015406777202004016,-3.6783156e-05,-3.6783156e-05,-0.9415729,-0.9415729,-0.9415673,-0.9415679,1.8831158,6.214282,0.09472957367383265
6.0,0.015416777202004016,-3.701161e-05,-3.701161e-05,-0.94157284,-0.94157284,-0.9415667,-0.9415661,1.8831158,6.214282,0.09484659579716945
6.0,0.015426777202004015,-3.6783156e-05,-3.6783156e-05,-0.9415729,-0.9415729,-0.9415673,-0.9415679,1.8831158,6.214282,0.09496361792050624
6.0,0.015436777202004016,-3.7011607e-05,-3.7011607e-05,-0.94157284,-0.94157284,-0.9415667,-0.9415661,1.8831158,6.214282,0.09508064004384303
6.0,0.015446777202004016,-3.678316e-05,-3.678316e-05,-0.9415729,-0.9415729,-0.9415673,-0.9415679,1.8831158,6.214282,0.09519766216717983
6.0,0.015456777202004016,-3.7011607e-05,-3.7011607e-05,-0.94157284,-0.94157284,-0.9415667,-0.9415661,1.8831158,6.214282,0.09531468429051662
6.0,0.015466777202004015,-3.678316e-05,-3.678316e-05,-0.9415729,-0.9415729,-0.9415673,-0.9415679,1.8831158,6.214282,0.09543170641385341
6.0,0.015476777202004015,-3.7011607e-05,-3.7011607e-05,-0.94157284,-0.94157284,-0.9415667,-0.9415661,1.8831158,6.214282,0.09554872853719021
6.0,0.015486777202004016,-3.678316e-05,-3.678316e-05,-0.9415729,-0.9415729,-0.9415673,-0.9415679,1.8831158,6.214282,0.095665750660527
6.0,0.015496777202004016,-3.7011607e-05,-3.7011607e-05,-0.94157284,-0.94157284,-0.9415667,-0.9415661,1.8831158,6.214282,0.0957827727838638
6.0,0.015506777202004015,-3.678316e-05,-3.678316e-05,-0.9415729,-0.9415729,-0.9415673,-0.9415679,1.8831158,6.214282,0.09589979490720059
6.0,0.015516777202004015,-3.7011607e-05,-3.7011607e-05,-0.94157284,-0.94157284,-0.9415667,-0.9415661,1.8831158,6.214282,0.09601681703053738
6.0,0.015526777202004016,-3.678316e-05,-3.678316e-05,-0.9415729,-0.9415729,-0.9415673,-0.9415679,1.8831158,6.214282,0.09613383915387418
6.0,0.015536777202004016,-3.7011607e-05,-3.7011607e-05,-0.94157284,-0.94157284,-0.9415667,-0.9415661,1.8831158,6.214282,0.09625086127721097
6.0,0.015546777202004015,-3.678316e-05,-3.678316e-05,-0.9415729,-0.9415729,-0.9415673,-0.9415679,1.8831158,6.214282,0.09636788340054776
6.0,0.015556777202004015,-3.7011607e-05,-3.7011607e-05,-0.94157284,-0.94157284,-0.9415667,-0.9415661,1.8831158,6.214282,0.09648490552388456
6.0,0.015566777202004016,-3.678316e-05,-3.678316e-05,-0.9415729,-0.9415729,-0.9415673,-0.9415679,1.8831158,6.214282,0.09660192764722135
6.0,0.015576777202004016,-3.7011603e-05,-3.7011603e-05,-0.94157284,-0.94157284,-0.9415667,-0.9415661,1.8831158,6.214282,0.09671894977055814
6.0,0.015586777202004016,-3.678316e-05,-3.678316e-05,-0.9415729,-0.9415729,-0.9415673,-0.9415679,1.8831158,6.214282,0.09683597189389494
6.0,0.015596777202004015,-3.7011603e-05,-3.7011603e-05,-0.94157284,-0.94157284,-0.9415667,-0.9415661,1.8831158,6.214282,0.09695299401723173
6.0,0.015606777202004016,-3.678316e-05,-3.678316e-05,-0.9415729,-0.9415729,-0.9415673,-0.9415679,1.8831158,6.214282,0.09707001614056852
6.0,0.015616777202004016,-3.7011603e-05,-3.7011603e-05,-0.94157284,-0.94157284,-0.9415667,-0.9415661,1.8831158,6.214282,0.09718703826390532
6.0,0.015626777202004016,-3.678316e-05,-3.678316e-05,-0.9415729,-0.9415729,-0.9415673,-0.9415679,1.8831158,6.214282,0.09730406038724211
6.0,0.015636777202004015,-3.7011603e-05,-3.7011603e-05,-0.94157284,-0.94157284,-0.9415667,-0.9415661,1.8831158,6.214282,0.0974210825105789
6.0,0.015646777202004015,-3.678316e-05,-3.678316e-05,-0.9415729,-0.9415729,-0.9415673,-0.9415679,1.8831158,6.214282,0.0975381046339157
6.0,0.015656777202004014,-3.7011603e-05,-3.7011603e-05,-0.94157284,-0.94157284,-0.9415667,-0.9415661,1.8831158,6.214282,0.09765512675725249
6.0,0.015666777202004014,-3.678316e-05,-3.678316e-05,-0.9415729,-0.9415729,-0.9415673,-0.9415679,1.8831158,6.214282,0.0977721488805893
6.0,0.015676777202004017,-3.7011603e-05,-3.7011603e-05,-0.94157284,-0.94157284,-0.9415667,-0.9415661,1.8831158,6.214282,0.0978891710039261
6.0,0.015686777202004017,-3.6783164e-05,-3.6783164e-05,-0.9415729,-0.9415729,-0.9415673,-0.9415679,1.8831158,6.214282,0.0980061931272629
6.0,0.015696777202004016,-3.7011603e-05,-3.7011603e-05,-0.94157284,-0.94157284,-0.9415667,-0.9415661,1.8831158,6.214282,0.0981232152505997
6.0,0.015706777202004016,-3.6783164e-05,-3.6783164e-05,-0.9415729,-0.9415729,-0.9415673,-0.9415679,1.8831158,6.214282,0.09824023737393649
6.0,0.015716777202004015,-3.70116e-05,-3.70116e-05,-0.94157284,-0.94157284,-0.9415667,-0.9415661,1.8831158,6.214282,0.09835725949727328
6.0,0.015726777202004015,-3.6783164e-05,-3.6783164e-05,-0.9415729,-0.9415729,-0.9415673,-0.9415679,1.8831158,6.214282,0.09847428162061007
6.0,0.015736777202004015,-3.70116e-05,-3.70116e-05,-0.94157284,-0.94157284,-0.9415667,-0.9415661,1.8831158,6.214282,0.09859130374394687
6.0,0.015746777202004014,-3.6783164e-05,-3.6783164e-05,-0.9415729,-0.9415729,-0.9415673,-0.9415679,1.8831158,6.214282,0.09870832586728367
6.0,0.015756777202004017,-3.70116e-05,-3.70116e-05,-0.94157284,-0.94157284,-0.9415667,-0.9415661,1.8831158,6.214282,0.09882534799062048
6.0,0.015766777202004017,-3.6783164e-05,-3.6783164e-05,-0.9415729,-0.9415729,-0.9415673,-0.9415679,1.8831158,6.214282,0.09894237011395728
6.0,0.015776777202004016,-3.70116e-05,-3.70116e-05,-0.94157284,-0.94157284,-0.9415667,-0.9415661,1.8831158,6.214282,0.09905939223729407
6.0,0.015786777202004016,-3.6783164e-05,-3.6783164e-05,-0.9415729,-0.9415729,-0.9415673,-0.9415679,1.8831158,6.214282,0.09917641436063086
6.0,0.015796777202004016,-3.70116e-05,-3.70116e-05,-0.94157284,-0.94157284,-0.9415667,-0.9415661,1.8831158,6.214282,0.09929343648396766
6.0,0.015806777202004015,-3.6783164e-05,-3.6783164e-05,-0.9415729,-0.9415729,-0.9415673,-0.9415679,1.8831158,6.214282,0.09941045860730445
6.0,0.015816777202004015,-3.70116e-05,-3.70116e-05,-0.94157284,-0.94157284,-0.9415667,-0.9415661,1.8831158,6.214282,0.09952748073064124
6.0,0.015826777202004014,-3.6783164e-05,-3.6783164e-05,-0.9415729,-0.9415729,-0.9415673,-0.9415679,1.8831158,6.214282,0.09964450285397804
6.0,0.015836777202004014,-3.70116e-05,-3.70116e-05,-0.94157284,-0.94157284,-0.9415667,-0.9415661,1.8831158,6.214282,0.09976152497731484
6.0,0.015846777202004017,-3.6783164e-05,-3.6783164e-05,-0.9415729,-0.9415729,-0.9415673,-0.9415679,1.8831158,6.214282,0.09987854710065165
6.0,0.015856777202004017,-3.70116e-05,-3.70116e-05,-0.94157284,-0.94157284,-0.9415667,-0.9415661,1.8831158,6.214282,0.09999556922398845
6.0,0.015866777202004016,-3.6783164e-05,-3.6783164e-05,-0.9415729,-0.9415729,-0.9415673,-0.9415679,1.8831158,6.214282,0.10011259134732524
6.0,0.015876777202004016,-3.7011596e-05,-3.7011596e-05,-0.94157284,-0.94157284,-0.9415667,-0.9415661,1.8831158,6.214282,0.10022961347066203
6.0,0.015886777202004015,-3.6783167e-05,-3.6783167e-05,-0.9415729,-0.9415729,-0.9415673,-0.9415679,1.8831158,6.214282,0.10034663559399883
6.0,0.015896777202004015,-3.7011596e-05,-3.7011596e-05,-0.94157284,-0.94157284,-0.9415667,-0.9415661,1.8831158,6.214282,0.10046365771733562
6.0,0.015906777202004015,-3.6783167e-05,-3.6783167e-05,-0.9415729,-0.9415729,-0.9415673,-0.9415679,1.8831158,6.214282,0.10058067984067241
6.0,0.015916777202004014,-3.7011596e-05,-3.7011596e-05,-0.94157284,-0.94157284,-0.9415667,-0.9415661,1.8831158,6.214282,0.10069770196400922
6.0,0.015926777202004017,-3.6783167e-05,-3.6783167e-05,-0.9415729,-0.9415729,-0.9415673,-0.9415679,1.8831158,6.214282,0.10081472408734603
6.0,0.015936777202004017,-3.7011596e-05,-3.7011596e-05,-0.94157284,-0.94157284,-0.9415667,-0.9415661,1.8831158,6.214282,0.10093174621068282
6.0,0.015946777202004016,-3.6783167e-05,-3.6783167e-05,-0.9415729,-0.9415729,-0.9415673,-0.9415679,1.8831158,6.214282,0.10104876833401961
6.0,0.015956777202004016,-3.7011596e-05,-3.7011596e-05,-0.94157284,-0.94157284,-0.9415667,-0.9415661,1.8831158,6.214282,0.10116579045735641
6.0,0.015966777202004016,-3.6783167e-05,-3.6783167e-05,-0.9415729,-0.9415729,-0.9415673,-0.9415679,1.8831158,6.214282,0.1012828125806932
6.0,0.015976777202004015,-3.7011596e-05,-3.7011596e-05,-0.94157284,-0.94157284,-0.9415667,-0.9415661,1.8831158,6.214282,0.10139983470403
6.0,0.015986777202004015,-3.6783167e-05,-3.6783167e-05,-0.9415729,-0.9415729,-0.9415673,-0.9415679,1.8831158,6.214282,0.10151685682736679
6.0,0.015996777202004014,-3.7011596e-05,-3.7011596e-05,-0.94157284,-0.94157284,-0.9415667,-0.9415661,1.8831158,6.214282,0.10163387895070358
6.0,0.016006777202004014,-3.6783167e-05,-3.6783167e-05,-0.9415729,-0.9415729,-0.9415673,-0.9415679,1.8831158,6.214282,0.10175090107404039
6.0,0.016016777202004017,-3.7011596e-05,-3.7011596e-05,-0.94157284,-0.94157284,-0.9415667,-0.9415661,1.8831158,6.214282,0.1018679231973772
6.0,0.016026777202004017,-3.6783167e-05,-3.6783167e-05,-0.9415729,-0.9415729,-0.9415673,-0.9415679,1.8831158,6.214282,0.10198494532071399
6.0,0.016036777202004016,-3.7011592e-05,-3.7011592e-05,-0.94157284,-0.94157284,-0.9415667,-0.9415661,1.8831158,6.214282,0.10210196744405078
6.0,0.016046777202004016,-3.6783167e-05,-3.6783167e-05,-0.9415729,-0.9415729,-0.9415673,-0.9415679,1.8831158,6.214282,0.10221898956738758
6.0,0.016056777202004015,-3.7011592e-05,-3.7011592e-05,-0.94157284,-0.94157284,-0.9415667,-0.9415661,1.8831158,6.214282,0.10233601169072437
6.0,0.016066777202004015,-3.6783167e-05,-3.6783167e-05,-0.9415729,-0.9415729,-0.9415673,-0.9415679,1.8831158,6.214282,0.10245303381406116
6.0,0.016076777202004015,-3.7011592e-05,-3.7011592e-05,-0.94157284,-0.94157284,-0.9415667,-0.9415661,1.8831158,6.214282,0.10257005593739796
6.0,0.016086777202004014,-3.6783167e-05,-3.6783167e-05,-0.9415729,-0.9415729,-0.9415673,-0.9415679,1.8831158,6.214282,0.10268707806073477
6.0,0.016096777202004017,-3.7011592e-05,-3.7011592e-05,-0.94157284,-0.94157284,-0.9415667,-0.9415661,1.8831158,6.214282,0.10280410018407157
6.0,0.016106777202004017,-3.678317e-05,-3.678317e-05,-0.9415729,-0.9415729,-0.9415673,-0.9415679,1.8831158,6.214282,0.10292112230740837
6.0,0.016116777202004016,-3.7011592e-05,-3.7011592e-05,-0.94157284,-0.94157284,-0.9415667,-0.9415661,1.8831158,6.214282,0.10303814443074516
6.0,0.016126777202004016,-3.678317e-05,-3.678317e-05,-0.9415729,-0.9415729,-0.9415673,-0.9415679,1.8831158,6.214282,0.10315516655408195
6.0,0.016136777202004016,-3.7011592e-05,-3.7011592e-05,-0.94157284,-0.94157284,-0.9415667,-0.9415661,1.8831158,6.214282,0.10327218867741875
6.0,0.016146777202004015,-3.678317e-05,-3.678317e-05,-0.9415729,-0.9415729,-0.9415673,-0.9415679,1.8831158,6.214282,0.10338921080075554
6.0,0.016156777202004015,-3.7011592e-05,-3.7011592e-05,-0.94157284,-0.94157284,-0.9415667,-0.9415661,1.8831158,6.214282,0.10350623292409233
6.0,0.016166777202004014,-3.678317e-05,-3.678317e-05,-0.9415729,-0.9415729,-0.9415673,-0.9415679,1.8831158,6.214282,0.10362325504742913
6.0,0.016176777202004014,-3.7011592e-05,-3.7011592e-05,-0.94157284,-0.94157284,-0.9415667,-0.9415661,1.8831158,6.214282,0.10374027717076593
6.0,0.016186777202004017,-3.678317e-05,-3.678317e-05,-0.9415729,-0.9415729,-0.9415673,-0.9415679,1.8831158,6.214282,0.10385729929410274
6.0,0.016196777202004017,-3.701159e-05,-3.701159e-05,-0.94157284,-0.94157284,-0.9415667,-0.9415661,1.8831158,6.214282,0.10397432141743954
6.0,0.016206777202004016,-3.678317e-05,-3.678317e-05,-0.9415729,-0.9415729,-0.9415673,-0.9415679,1.8831158,6.214282,0.10409134354077633
6.0,0.016216777202004016,-3.701159e-05,-3.701159e-05,-0.94157284,-0.94157284,-0.9415667,-0.9415661,1.8831158,6.214282,0.10420836566411312
6.0,0.016226777202004015,-3.678317e-05,-3.678317e-05,-0.9415729,-0.9415729,-0.9415673,-0.9415679,1.8831158,6.214282,0.10432538778744992
6.0,0.016236777202004015,-3.701159e-05,-3.701159e-05,-0.94157284,-0.94157284,-0.9415667,-0.9415661,1.8831158,6.214282,0.10444240991078671
6.0,0.016246777202004015,-3.678317e-05,-3.678317e-05,-0.9415729,-0.9415729,-0.9415673,-0.9415679,1.8831158,6.214282,0.1045594320341235
6.0,0.016256777202004014,-3.701159e-05,-3.701159e-05,-0.94157284,-0.94157284,-0.9415667,-0.9415661,1.8831158,6.214282,0.10467645415746031
6.0,0.016266777202004017,-3.678317e-05,-3.678317e-05,-0.9415729,-0.9415729,-0.9415673,-0.9415679,1.8831158,6.214282,0.10479347628079712
6.0,0.016276777202004017,-3.701159e-05,-3.701159e-05,-0.94157284,-0.94157284,-0.9415667,-0.9415661,1.8831158,6.214282,0.10491049840413391
6.0,0.016286777202004016,-3.678317e-05,-3.678317e-05,-0.9415729,-0.9415729,-0.9415673,-0.9415679,1.8831158,6.214282,0.1050275205274707
6.0,0.016296777202004016,-3.701159e-05,-3.701159e-05,-0.94157284,-0.94157284,-0.9415667,-0.9415661,1.8831158,6.214282,0.1051445426508075
6.0,0.016306777202004016,-3.6783174e-05,-3.6783174e-05,-0.9415729,-0.9415729,-0.9415673,-0.9415679,1.8831158,6.214282,0.10526156477414429
6.0,0.016316777202004015,-3.701159e-05,-3.701159e-05,-0.94157284,-0.94157284,-0.9415667,-0.9415661,1.8831158,6.214282,0.10537858689748109
6.0,0.016326777202004015,-3.6783174e-05,-3.6783174e-05,-0.9415729,-0.9415729,-0.9415673,-0.9415679,1.8831158,6.214282,0.10549560902081788
6.0,0.016336777202004014,-3.701159e-05,-3.701159e-05,-0.94157284,-0.94157284,-0.9415667,-0.9415661,1.8831158,6.214282,0.10561263114415467
6.0,0.016346777202004014,-3.6783174e-05,-3.6783174e-05,-0.9415729,-0.9415729,-0.9415673,-0.9415679,1.8831158,6.214282,0.10572965326749148
6.0,0.016356777202004017,-3.7011585e-05,-3.7011585e-05,-0.94157284,-0.94157284,-0.9415667,-0.9415661,1.8831158,6.214282,0.10584667539082829
6.0,0.016366777202004017,-3.6783174e-05,-3.6783174e-05,-0.9415729,-0.9415729,-0.9415673,-0.9415679,1.8831158,6.214282,0.10596369751416508
6.0,0.016376777202004016,-3.7011585e-05,-3.7011585e-05,-0.94157284,-0.94157284,-0.9415667,-0.9415661,1.8831158,6.214282,0.10608071963750187
6.0,0.016386777202004016,-3.6783174e-05,-3.6783174e-05,-0.9415729,-0.9415729,-0.9415673,-0.9415679,1.8831158,6.214282,0.10619774176083867
6.0,0.016396777202004015,-3.7011585e-05,-3.7011585e-05,-0.94157284,-0.94157284,-0.9415667,-0.9415661,1.8831158,6.214282,0.10631476388417546
6.0,0.016406777202004015,-3.6783174e-05,-3.6783174e-05,-0.9415729,-0.9415729,-0.9415673,-0.9415679,1.8831158,6.214282,0.10643178600751226
6.0,0.016416777202004015,-3.7011585e-05,-3.7011585e-05,-0.94157284,-0.94157284,-0.9415667,-0.9415661,1.8831158,6.214282,0.10654880813084905
6.0,0.016426777202004014,-3.6783174e-05,-3.6783174e-05,-0.9415729,-0.9415729,-0.9415673,-0.9415679,1.8831158,6.214282,0.10666583025418584
6.0,0.016436777202004014,-3.7011585e-05,-3.7011585e-05,-0.94157284,-0.94157284,-0.9415667,-0.9415661,1.8831158,6.214282,0.10678285237752265
6.0,0.016446777202004017,-3.6783174e-05,-3.6783174e-05,-0.9415729,-0.9415729,-0.9415673,-0.9415679,1.8831158,6.214282,0.10689987450085946
6.0,0.016456777202004017,-3.7011585e-05,-3.7011585e-05,-0.94157284,-0.94157284,-0.9415667,-0.9415661,1.8831158,6.214282,0.10701689662419625
6.0,0.016466777202004016,-3.6783174e-05,-3.6783174e-05,-0.9415729,-0.9415729,-0.9415673,-0.9415679,1.8831158,6.214282,0.10713391874753304
6.0,0.016476777202004016,-3.7011585e-05,-3.7011585e-05,-0.94157284,-0.94157284,-0.9415667,-0.9415661,1.8831158,6.214282,0.10725094087086984
6.0,0.016486777202004015,-3.6783178e-05,-3.6783178e-05,-0.9415729,-0.9415729,-0.9415673,-0.9415679,1.8831158,6.214282,0.10736796299420663
6.0,0.016496777202004015,-3.7011585e-05,-3.7011585e-05,-0.94157284,-0.94157284,-0.9415667,-0.9415661,1.8831158,6.214282,0.10748498511754342
6.0,0.016506777202004014,-3.6783178e-05,-3.6783178e-05,-0.9415729,-0.9415729,-0.9415673,-0.9415679,1.8831158,6.214282,0.10760200724088022
6.0,0.016516777202004014,-3.701158e-05,-3.701158e-05,-0.94157284,-0.94157284,-0.9415667,-0.9415661,1.8831158,6.214282,0.10771902936421703
6.0,0.016526777202004017,-3.6783178e-05,-3.6783178e-05,-0.9415729,-0.9415729,-0.9415673,-0.9415679,1.8831158,6.214282,0.10783605148755383
6.0,0.016536777202004017,-3.701158e-05,-3.701158e-05,-0.94157284,-0.94157284,-0.9415667,-0.9415661,1.8831158,6.214282,0.10795307361089063
6.0,0.016546777202004016,-3.6783178e-05,-3.6783178e-05,-0.9415729,-0.9415729,-0.9415673,-0.9415679,1.8831158,6.214282,0.10807009573422742
6.0,0.016556777202004016,-3.701158e-05,-3.701158e-05,-0.94157284,-0.94157284,-0.9415667,-0.9415661,1.8831158,6.214282,0.10818711785756421
6.0,0.016566777202004015,-3.6783178e-05,-3.6783178e-05,-0.9415729,-0.9415729,-0.9415673,-0.9415679,1.8831158,6.214282,0.108304139980901
6.0,0.016576777202004015,-3.701158e-05,-3.701158e-05,-0.94157284,-0.94157284,-0.9415667,-0.9415661,1.8831158,6.214282,0.1084211621042378
6.0,0.016586777202004015,-3.6783178e-05,-3.6783178e-05,-0.9415729,-0.9415729,-0.9415673,-0.9415679,1.8831158,6.214282,0.1085381842275746
6.0,0.016596777202004014,-3.701158e-05,-3.701158e-05,-0.94157284,-0.94157284,-0.9415667,-0.9415661,1.8831158,6.214282,0.10865520635091139
6.0,0.016606777202004014,-3.6783178e-05,-3.6783178e-05,-0.9415729,-0.9415729,-0.9415673,-0.9415679,1.8831158,6.214282,0.1087722284742482
6.0,0.016616777202004017,-3.701158e-05,-3.701158e-05,-0.94157284,-0.94157284,-0.9415667,-0.9415661,1.8831158,6.214282,0.108889250597585
6.0,0.016626777202004017,-3.6783178e-05,-3.6783178e-05,-0.9415729,-0.9415729,-0.9415673,-0.9415679,1.8831158,6.214282,0.1090062727209218
6.0,0.016636777202004016,-3.701158e-05,-3.701158e-05,-0.94157284,-0.94157284,-0.9415667,-0.9415661,1.8831158,6.214282,0.10912329484425859
6.0,0.016646777202004016,-3.6783178e-05,-3.6783178e-05,-0.9415729,-0.9415729,-0.9415673,-0.9415679,1.8831158,6.214282,0.10924031696759538
6.0,0.016656777202004015,-3.701158e-05,-3.701158e-05,-0.94157284,-0.94157284,-0.9415667,-0.9415661,1.8831158,6.214282,0.10935733909093218
6.0,0.016666777202004015,-3.6783178e-05,-3.6783178e-05,-0.9415729,-0.9415729,-0.9415673,-0.9415679,1.8831158,6.214282,0.10947436121426897
6.0,0.016676777202004014,-3.701158e-05,-3.701158e-05,-0.94157284,-0.94157284,-0.9415667,-0.9415661,1.8831158,6.214282,0.10959138333760576
6.0,0.016686777202004014,-3.678318e-05,-3.678318e-05,-0.9415729,-0.9415729,-0.9415673,-0.9415679,1.8831158,6.214282,0.10970840546094257
6.0,0.016696777202004017,-3.7011578e-05,-3.7011578e-05,-0.94157284,-0.94157284,-0.9415667,-0.9415661,1.8831158,6.214282,0.10982542758427938
6.0,0.016706777202004017,-3.678318e-05,-3.678318e-05,-0.9415729,-0.9415729,-0.9415673,-0.9415679,1.8831158,6.214282,0.10994244970761617
6.0,0.016716777202004016,-3.7011578e-05,-3.7011578e-05,-0.94157284,-0.94157284,-0.9415667,-0.9415661,1.8831158,6.214282,0.11005947183095297
6.0,0.016726777202004016,-3.678318e-05,-3.678318e-05,-0.9415729,-0.9415729,-0.9415673,-0.9415679,1.8831158,6.214282,0.11017649395428976
6.0,0.016736777202004016,-3.7011578e-05,-3.7011578e-05,-0.94157284,-0.94157284,-0.9415667,-0.9415661,1.8831158,6.214282,0.11029351607762655
6.0,0.016746777202004015,-3.678318e-05,-3.678318e-05,-0.9415729,-0.9415729,-0.9415673,-0.9415679,1.8831158,6.214282,0.11041053820096335
6.0,0.016756777202004015,-3.7011578e-05,-3.7011578e-05,-0.94157284,-0.94157284,-0.9415667,-0.9415661,1.8831158,6.214282,0.11052756032430014
6.0,0.016766777202004014,-3.678318e-05,-3.678318e-05,-0.9415729,-0.9415729,-0.9415673,-0.9415679,1.8831158,6.214282,0.11064458244763693
6.0,0.016776777202004014,-3.7011578e-05,-3.7011578e-05,-0.94157284,-0.94157284,-0.9415667,-0.9415661,1.8831158,6.214282,0.11076160457097374
6.0,0.016786777202004017,-3.678318e-05,-3.678318e-05,-0.9415729,-0.9415729,-0.9415673,-0.9415679,1.8831158,6.214282,0.11087862669431055
6.0,0.016796777202004017,-3.7011578e-05,-3.7011578e-05,-0.94157284,-0.94157284,-0.9415667,-0.9415661,1.8831158,6.214282,0.11099564881764734
6.0,0.016806777202004016,-3.678318e-05,-3.678318e-05,-0.9415729,-0.9415729,-0.9415673,-0.9415679,1.8831158,6.214282,0.11111267094098413
6.0,0.016816777202004016,-3.7011578e-05,-3.7011578e-05,-0.94157284,-0.94157284,-0.9415667,-0.9415661,1.8831158,6.214282,0.11122969306432093
6.0,0.016826777202004015,-3.678318e-05,-3.678318e-05,-0.9415729,-0.9415729,-0.9415673,-0.9415679,1.8831158,6.214282,0.11134671518765772
6.0,0.016836777202004015,-3.7011578e-05,-3.7011578e-05,-0.94157284,-0.94157284,-0.9415667,-0.9415661,1.8831158,6.214282,0.11146373731099452
6.0,0.016846777202004014,-3.678318e-05,-3.678318e-05,-0.9415729,-0.9415729,-0.9415673,-0.9415679,1.8831158,6.214282,0.11158075943433131
6.0,0.016856777202004014,-3.7011574e-05,-3.7011574e-05,-0.94157284,-0.94157284,-0.9415667,-0.9415661,1.8831158,6.214282,0.11169778155766812
6.0,0.016866777202004017,-3.6783185e-05,-3.6783185e-05,-0.9415729,-0.9415729,-0.9415673,-0.9415679,1.8831158,6.214282,0.11181480368100492
6.0,0.016876777202004017,-3.7011574e-05,-3.7011574e-05,-0.94157284,-0.94157284,-0.9415667,-0.9415661,1.8831158,6.214282,0.11193182580434172
6.0,0.016886777202004016,-3.6783185e-05,-3.6783185e-05,-0.9415729,-0.9415729,-0.9415673,-0.9415679,1.8831158,6.214282,0.11204884792767851
6.0,0.016896777202004016,-3.7011574e-05,-3.7011574e-05,-0.94157284,-0.94157284,-0.9415667,-0.9415661,1.8831158,6.214282,0.1121658700510153
6.0,0.016906777202004016,-3.6783185e-05,-3.6783185e-05,-0.9415729,-0.9415729,-0.9415673,-0.9415679,1.8831158,6.214282,0.1122828921743521
6.0,0.016916777202004015,-3.7011574e-05,-3.7011574e-05,-0.94157284,-0.94157284,-0.9415667,-0.9415661,1.8831158,6.214282,0.11239991429768889
6.0,0.016926777202004015,-3.6783185e-05,-3.6783185e-05,-0.9415729,-0.9415729,-0.9415673,-0.9415679,1.8831158,6.214282,0.11251693642102568
6.0,0.016936777202004014,-3.7011574e-05,-3.7011574e-05,-0.94157284,-0.94157284,-0.9415667,-0.9415661,1.8831158,6.214282,0.11263395854436248
6.0,0.016946777202004014,-3.6783185e-05,-3.6783185e-05,-0.9415729,-0.9415729,-0.9415673,-0.9415679,1.8831158,6.214282,0.11275098066769929
6.0,0.016956777202004017,-3.7011574e-05,-3.7011574e-05,-0.94157284,-0.94157284,-0.9415667,-0.9415661,1.8831158,6.214282,0.11286800279103609
6.0,0.016966777202004017,-3.6783185e-05,-3.6783185e-05,-0.9415729,-0.9415729,-0.9415673,-0.9415679,1.8831158,6.214282,0.11298502491437289
6.0,0.016976777202004016,-3.7011574e-05,-3.7011574e-05,-0.94157284,-0.94157284,-0.9415667,-0.9415661,1.8831158,6.214282,0.11310204703770968
6.0,0.016986777202004016,-3.6783185e-05,-3.6783185e-05,-0.9415729,-0.9415729,-0.9415673,-0.9415679,1.8831158,6.214282,0.11321906916104647
6.0,0.016996777202004015,-3.7011574e-05,-3.7011574e-05,-0.94157284,-0.94157284,-0.9415667,-0.9415661,1.8831158,6.214282,0.11333609128438327
6.0,0.017006777202004015,-3.6783185e-05,-3.6783185e-05,-0.9415729,-0.9415729,-0.9415673,-0.9415679,1.8831158,6.214282,0.11345311340772006
6.0,0.017016777202004015,-3.7011574e-05,-3.7011574e-05,-0.94157284,-0.94157284,-0.9415667,-0.9415661,1.8831158,6.214282,0.11357013553105685
6.0,0.017026777202004014,-3.6783185e-05,-3.6783185e-05,-0.9415729,-0.9415729,-0.9415673,-0.9415679,1.8831158,6.214282,0.11368715765439366
6.0,0.017036777202004017,-3.701157e-05,-3.701157e-05,-0.94157284,-0.94157284,-0.9415667,-0.9415661,1.8831158,6.214282,0.11380417977773047
6.0,0.017046777202004017,-3.678319e-05,-3.678319e-05,-0.9415729,-0.9415729,-0.9415673,-0.9415679,1.8831158,6.214282,0.11392120190106726
6.0,0.017056777202004016,-3.701157e-05,-3.701157e-05,-0.94157284,-0.94157284,-0.9415667,-0.9415661,1.8831158,6.214282,0.11403822402440406
6.0,0.017066777202004016,-3.678319e-05,-3.678319e-05,-0.9415729,-0.9415729,-0.9415673,-0.9415679,1.8831158,6.214282,0.11415524614774085
6.0,0.017076777202004016,-3.701157e-05,-3.701157e-05,-0.94157284,-0.94157284,-0.9415667,-0.9415661,1.8831158,6.214282,0.11427226827107764
6.0,0.017086777202004015,-3.678319e-05,-3.678319e-05,-0.9415729,-0.9415729,-0.9415673,-0.9415679,1.8831158,6.214282,0.11438929039441444
6.0,0.017096777202004015,-3.701157e-05,-3.701157e-05,-0.94157284,-0.94157284,-0.9415667,-0.9415661,1.8831158,6.214282,0.11450631251775123
6.0,0.017106777202004014,-3.678319e-05,-3.678319e-05,-0.9415729,-0.9415729,-0.9415673,-0.9415679,1.8831158,6.214282,0.11462333464108802
6.0,0.017116777202004014,-3.701157e-05,-3.701157e-05,-0.94157284,-0.94157284,-0.9415667,-0.9415661,1.8831158,6.214282,0.11474035676442483
6.0,0.017126777202004017,-3.678319e-05,-3.678319e-05,-0.9415729,-0.9415729,-0.9415673,-0.9415679,1.8831158,6.214282,0.11485737888776164
6.0,0.017136777202004017,-3.701157e-05,-3.701157e-05,-0.94157284,-0.94157284,-0.9415667,-0.9415661,1.8831158,6.214282,0.11497440101109843
6.0,0.017146777202004016,-3.678319e-05,-3.678319e-05,-0.9415729,-0.9415729,-0.9415673,-0.9415679,1.8831158,6.214282,0.11509142313443523
6.0,0.017156777202004016,-3.701157e-05,-3.701157e-05,-0.94157284,-0.94157284,-0.9415667,-0.9415661,1.8831158,6.214282,0.11520844525777202
6.0,0.017166777202004015,-3.678319e-05,-3.678319e-05,-0.9415729,-0.9415729,-0.9415673,-0.9415679,1.8831158,6.214282,0.11532546738110881
6.0,0.017176777202004015,-3.701157e-05,-3.701157e-05,-0.94157284,-0.94157284,-0.9415667,-0.9415661,1.8831158,6.214282,0.1154424895044456
6.0,0.017186777202004015,-3.678319e-05,-3.678319e-05,-0.9415729,-0.9415729,-0.9415673,-0.9415679,1.8831158,6.214282,0.1155595116277824
6.0,0.017196777202004014,-3.701157e-05,-3.701157e-05,-0.94157284,-0.94157284,-0.9415667,-0.9415661,1.8831158,6.214282,0.1156765337511192
6.0,0.017206777202004017,-3.678319e-05,-3.678319e-05,-0.9415729,-0.9415729,-0.9415673,-0.9415679,1.8831158,6.214282,0.11579355587445601
6.0,0.017216777202004017,-3.7011567e-05,-3.7011567e-05,-0.94157284,-0.94157284,-0.9415667,-0.9415661,1.8831158,6.214282,0.11591057799779281
6.0,0.017226777202004016,-3.6783193e-05,-3.6783193e-05,-0.9415729,-0.9415729,-0.9415673,-0.9415679,1.8831158,6.214282,0.1160276001211296
6.0,0.017236777202004016,-3.7011567e-05,-3.7011567e-05,-0.94157284,-0.94157284,-0.9415667,-0.9415661,1.8831158,6.214282,0.1161446222444664
6.0,0.017246777202004016,-3.6783193e-05,-3.6783193e-05,-0.9415729,-0.9415729,-0.9415673,-0.9415679,1.8831158,6.214282,0.11626164436780319
6.0,0.017256777202004015,-3.7011567e-05,-3.7011567e-05,-0.94157284,-0.94157284,-0.9415667,-0.9415661,1.8831158,6.214282,0.11637866649113998
6.0,0.017266777202004015,-3.6783193e-05,-3.6783193e-05,-0.9415729,-0.9415729,-0.9415673,-0.9415679,1.8831158,6.214282,0.11649568861447678
6.0,0.017276777202004014,-3.7011567e-05,-3.7011567e-05,-0.94157284,-0.94157284,-0.9415667,-0.9415661,1.8831158,6.214282,0.11661271073781357
6.0,0.017286777202004014,-3.6783193e-05,-3.6783193e-05,-0.9415729,-0.9415729,-0.9415673,-0.9415679,1.8831158,6.214282,0.11672973286115038
6.0,0.017296777202004017,-3.7011567e-05,-3.7011567e-05,-0.94157284,-0.94157284,-0.9415667,-0.9415661,1.8831158,6.214282,0.11684675498448718
6.0,0.017306777202004017,-3.6783193e-05,-3.6783193e-05,-0.9415729,-0.9415729,-0.9415673,-0.9415679,1.8831158,6.214282,0.11696377710782398
6.0,0.017316777202004016,-3.7011567e-05,-3.7011567e-05,-0.94157284,-0.94157284,-0.9415667,-0.9415661,1.8831158,6.214282,0.11708079923116077
6.0,0.017326777202004016,-3.6783193e-05,-3.6783193e-05,-0.9415729,-0.9415729,-0.9415673,-0.9415679,1.8831158,6.214282,0.11719782135449756
6.0,0.017336777202004015,-3.7011567e-05,-3.7011567e-05,-0.94157284,-0.94157284,-0.9415667,-0.9415661,1.8831158,6.214282,0.11731484347783436
6.0,0.017346777202004015,-3.6783193e-05,-3.6783193e-05,-0.9415729,-0.9415729,-0.9415673,-0.9415679,1.8831158,6.214282,0.11743186560117115
6.0,0.017356777202004015,-3.7011567e-05,-3.7011567e-05,-0.94157284,-0.94157284,-0.9415667,-0.9415661,1.8831158,6.214282,0.11754888772450794
6.0,0.017366777202004014,-3.6783193e-05,-3.6783193e-05,-0.9415729,-0.9415729,-0.9415673,-0.9415679,1.8831158,6.214282,0.11766590984784475
6.0,0.017376777202004017,-3.7011567e-05,-3.7011567e-05,-0.94157284,-0.94157284,-0.9415667,-0.9415661,1.8831158,6.214282,0.11778293197118156
6.0,0.017386777202004017,-3.6783193e-05,-3.6783193e-05,-0.9415729,-0.9415729,-0.9415673,-0.9415679,1.8831158,6.214282,0.11789995409451835
6.0,0.017396777202004016,-3.7011563e-05,-3.7011563e-05,-0.94157284,-0.94157284,-0.9415667,-0.9415661,1.8831158,6.214282,0.11801697621785515
6.0,0.017406777202004016,-3.6783193e-05,-3.6783193e-05,-0.9415729,-0.9415729,-0.9415673,-0.9415679,1.8831158,6.214282,0.11813399834119194
6.0,0.017416777202004016,-3.7011563e-05,-3.7011563e-05,-0.94157284,-0.94157284,-0.9415667,-0.9415661,1.8831158,6.214282,0.11825102046452873
6.0,0.017426777202004015,-3.6783196e-05,-3.6783196e-05,-0.9415729,-0.9415729,-0.9415673,-0.9415679,1.8831158,6.214282,0.11836804258786553
6.0,0.017436777202004015,-3.7011563e-05,-3.7011563e-05,-0.94157284,-0.94157284,-0.9415667,-0.9415661,1.8831158,6.214282,0.11848506471120232
6.0,0.017446777202004014,-3.6783196e-05,-3.6783196e-05,-0.9415729,-0.9415729,-0.9415673,-0.9415679,1.8831158,6.214282,0.11860208683453911
6.0,0.017456777202004014,-3.7011563e-05,-3.7011563e-05,-0.94157284,-0.94157284,-0.9415667,-0.9415661,1.8831158,6.214282,0.11871910895787592
6.0,0.017466777202004017,-3.6783196e-05,-3.6783196e-05,-0.9415729,-0.9415729,-0.9415673,-0.9415679,1.8831158,6.214282,0.11883613108121273
6.0,0.017476777202004017,-3.7011563e-05,-3.7011563e-05,-0.94157284,-0.94157284,-0.9415667,-0.9415661,1.8831158,6.214282,0.11895315320454952
6.0,0.017486777202004016,-3.6783196e-05,-3.6783196e-05,-0.9415729,-0.9415729,-0.9415673,-0.9415679,1.8831158,6.214282,0.11907017532788632
6.0,0.017496777202004016,-3.7011563e-05,-3.7011563e-05,-0.94157284,-0.94157284,-0.9415667,-0.9415661,1.8831158,6.214282,0.11918719745122311
6.0,0.017506777202004015,-3.6783196e-05,-3.6783196e-05,-0.9415729,-0.9415729,-0.9415673,-0.9415679,1.8831158,6.214282,0.1193042195745599
6.0,0.017516777202004015,-3.7011563e-05,-3.7011563e-05,-0.94157284,-0.94157284,-0.9415667,-0.9415661,1.8831158,6.214282,0.1194212416978967
6.0,0.017526777202004015,-3.6783196e-05,-3.6783196e-05,-0.9415729,-0.9415729,-0.9415673,-0.9415679,1.8831158,6.214282,0.11953826382123349
6.0,0.017536777202004014,-3.7011563e-05,-3.7011563e-05,-0.94157284,-0.94157284,-0.9415667,-0.9415661,1.8831158,6.214282,0.1196552859445703
6.0,0.017546777202004017,-3.6783196e-05,-3.6783196e-05,-0.9415729,-0.9415729,-0.9415673,-0.9415679,1.8831158,6.214282,0.1197723080679071
6.0,0.017556777202004017,-3.701156e-05,-3.701156e-05,-0.94157284,-0.94157284,-0.9415667,-0.9415661,1.8831158,6.214282,0.1198893301912439
6.0,0.017566777202004016,-3.6783196e-05,-3.6783196e-05,-0.9415729,-0.9415729,-0.9415673,-0.9415679,1.8831158,6.214282,0.12000635231458069
6.0,0.017576777202004016,-3.701156e-05,-3.701156e-05,-0.94157284,-0.94157284,-0.9415667,-0.9415661,1.8831158,6.214282,0.12012337443791749
6.0,0.017586777202004016,-3.6783196e-05,-3.6783196e-05,-0.9415729,-0.9415729,-0.9415673,-0.9415679,1.8831158,6.214282,0.12024039656125428
6.0,0.017596777202004015,-3.701156e-05,-3.701156e-05,-0.94157284,-0.94157284,-0.9415667,-0.9415661,1.8831158,6.214282,0.12035741868459107
6.0,0.017606777202004015,-3.67832e-05,-3.67832e-05,-0.9415729,-0.9415729,-0.9415673,-0.9415679,1.8831158,6.214282,0.12047444080792787
6.0,0.017616777202004014,-3.701156e-05,-3.701156e-05,-0.94157284,-0.94157284,-0.9415667,-0.9415661,1.8831158,6.214282,0.12059146293126466
6.0,0.017626777202004014,-3.67832e-05,-3.67832e-05,-0.9415729,-0.9415729,-0.9415673,-0.9415679,1.8831158,6.214282,0.12070848505460147
6.0,0.017636777202004017,-3.701156e-05,-3.701156e-05,-0.94157284,-0.94157284,-0.9415667,-0.9415661,1.8831158,6.214282,0.12082550717793827
6.0,0.017646777202004017,-3.67832e-05,-3.67832e-05,-0.9415729,-0.9415729,-0.9415673,-0.9415679,1.8831158,6.214282,0.12094252930127507
6.0,0.017656777202004016,-3.701156e-05,-3.701156e-05,-0.94157284,-0.94157284,-0.9415667,-0.9415661,1.8831158,6.214282,0.12105955142461186
6.0,0.017666777202004016,-3.67832e-05,-3.67832e-05,-0.9415729,-0.9415729,-0.9415673,-0.9415679,1.8831158,6.214282,0.12117657354794865
6.0,0.017676777202004015,-3.701156e-05,-3.701156e-05,-0.94157284,-0.94157284,-0.9415667,-0.9415661,1.8831158,6.214282,0.12129359567128545
6.0,0.017686777202004015,-3.67832e-05,-3.67832e-05,-0.9415729,-0.9415729,-0.9415673,-0.9415679,1.8831158,6.214282,0.12141061779462224
6.0,0.017696777202004015,-3.701156e-05,-3.701156e-05,-0.94157284,-0.94157284,-0.9415667,-0.9415661,1.8831158,6.214282,0.12152763991795903
6.0,0.017706777202004014,-3.67832e-05,-3.67832e-05,-0.9415729,-0.9415729,-0.9415673,-0.9415679,1.8831158,6.214282,0.12164466204129583
6.0,0.017716777202004014,-3.701156e-05,-3.701156e-05,-0.94157284,-0.94157284,-0.9415667,-0.9415661,1.8831158,6.214282,0.12176168416463264
6.0,0.017726777202004017,-3.67832e-05,-3.67832e-05,-0.9415729,-0.9415729,-0.9415673,-0.9415679,1.8831158,6.214282,0.12187870628796944
6.0,0.017736777202004016,-3.7011556e-05,-3.7011556e-05,-0.94157284,-0.94157284,-0.9415667,-0.9415661,1.8831158,6.214282,0.12199572841130624
6.0,0.017746777202004016,-3.67832e-05,-3.67832e-05,-0.9415729,-0.9415729,-0.9415673,-0.9415679,1.8831158,6.214282,0.12211275053464303
6.0,0.017756777202004016,-3.7011556e-05,-3.7011556e-05,-0.94157284,-0.94157284,-0.9415667,-0.9415661,1.8831158,6.214282,0.12222977265797982
6.0,0.017766777202004015,-3.67832e-05,-3.67832e-05,-0.9415729,-0.9415729,-0.9415673,-0.9415679,1.8831158,6.214282,0.12234679478131662
6.0,0.017776777202004015,-3.7011556e-05,-3.7011556e-05,-0.94157284,-0.94157284,-0.9415667,-0.9415661,1.8831158,6.214282,0.12246381690465341
6.0,0.017786777202004014,-3.6783204e-05,-3.6783204e-05,-0.9415729,-0.9415729,-0.9415673,-0.9415679,1.8831158,6.214282,0.1225808390279902
6.0,0.017796777202004014,-3.7011556e-05,-3.7011556e-05,-0.94157284,-0.94157284,-0.9415667,-0.9415661,1.8831158,6.214282,0.12269786115132701
6.0,0.017806777202004017,-3.6783204e-05,-3.6783204e-05,-0.9415729,-0.9415729,-0.9415673,-0.9415679,1.8831158,6.214282,0.12281488327466382
6.0,0.017816777202004017,-3.7011556e-05,-3.7011556e-05,-0.94157284,-0.94157284,-0.9415667,-0.9415661,1.8831158,6.214282,0.12293190539800061
6.0,0.017826777202004016,-3.6783204e-05,-3.6783204e-05,-0.9415729,-0.9415729,-0.9415673,-0.9415679,1.8831158,6.214282,0.1230489275213374
6.0,0.017836777202004016,-3.7011556e-05,-3.7011556e-05,-0.94157284,-0.94157284,-0.9415667,-0.9415661,1.8831158,6.214282,0.1231659496446742
6.0,0.017846777202004015,-3.6783204e-05,-3.6783204e-05,-0.9415729,-0.9415729,-0.9415673,-0.9415679,1.8831158,6.214282,0.123282971768011
6.0,0.017856777202004015,-3.7011556e-05,-3.7011556e-05,-0.94157284,-0.94157284,-0.9415667,-0.9415661,1.8831158,6.214282,0.12339999389134779
6.0,0.017866777202004015,-3.6783204e-05,-3.6783204e-05,-0.9415729,-0.9415729,-0.9415673,-0.9415679,1.8831158,6.214282,0.12351701601468458
6.0,0.017876777202004014,-3.7011556e-05,-3.7011556e-05,-0.94157284,-0.94157284,-0.9415667,-0.9415661,1.8831158,6.214282,0.12363403813802137
6.0,0.017886777202004014,-3.6783204e-05,-3.6783204e-05,-0.9415729,-0.9415729,-0.9415673,-0.9415679,1.8831158,6.214282,0.12375106026135818
6.0,0.017896777202004017,-3.7011556e-05,-3.7011556e-05,-0.94157284,-0.94157284,-0.9415667,-0.9415661,1.8831158,6.214282,0.12386808238469499
6.0,0.017906777202004016,-3.6783204e-05,-3.6783204e-05,-0.9415729,-0.9415729,-0.9415673,-0.9415679,1.8831158,6.214282,0.12398510450803178
6.0,0.017916777202004016,-3.7011552e-05,-3.7011552e-05,-0.94157284,-0.94157284,-0.9415667,-0.9415661,1.8831158,6.214282,0.12410212663136858
6.0,0.017926777202004016,-3.6783204e-05,-3.6783204e-05,-0.9415729,-0.9415729,-0.9415673,-0.9415679,1.8831158,6.214282,0.12421914875470537
6.0,0.017936777202004015,-3.7011552e-05,-3.7011552e-05,-0.94157284,-0.94157284,-0.9415667,-0.9415661,1.8831158,6.214282,0.12433617087804216
6.0,0.017946777202004015,-3.6783204e-05,-3.6783204e-05,-0.9415729,-0.9415729,-0.9415673,-0.9415679,1.8831158,6.214282,0.12445319300137896
6.0,0.017956777202004014,-3.7011552e-05,-3.7011552e-05,-0.94157284,-0.94157284,-0.9415667,-0.9415661,1.8831158,6.214282,0.12457021512471575
6.0,0.017966777202004014,-3.6783207e-05,-3.6783207e-05,-0.9415729,-0.9415729,-0.9415673,-0.9415679,1.8831158,6.214282,0.12468723724805256
6.0,0.017976777202004017,-3.7011552e-05,-3.7011552e-05,-0.94157284,-0.94157284,-0.9415667,-0.9415661,1.8831158,6.214282,0.12480425937138936
6.0,0.017986777202004017,-3.6783207e-05,-3.6783207e-05,-0.9415729,-0.9415729,-0.9415673,-0.9415679,1.8831158,6.214282,0.12492128149472616
6.0,0.017996777202004016,-3.7011552e-05,-3.7011552e-05,-0.94157284,-0.94157284,-0.9415667,-0.9415661,1.8831158,6.214282,0.12503830361806295
6.0,0.018006777202004016,-3.6783207e-05,-3.6783207e-05,-0.9415729,-0.9415729,-0.9415673,-0.9415679,1.8831158,6.214282,0.12515532574139973
6.0,0.018016777202004015,-3.7011552e-05,-3.7011552e-05,-0.94157284,-0.94157284,-0.9415667,-0.9415661,1.8831158,6.214282,0.1252723478647365
6.0,0.018026777202004015,-3.6783207e-05,-3.6783207e-05,-0.9415729,-0.9415729,-0.9415673,-0.9415679,1.8831158,6.214282,0.1253893699880733
6.0,0.018036777202004015,-3.7011552e-05,-3.7011552e-05,-0.94157284,-0.94157284,-0.9415667,-0.9415661,1.8831158,6.214282,0.12550639211141007
6.0,0.018046777202004014,-3.6783207e-05,-3.6783207e-05,-0.9415729,-0.9415729,-0.9415673,-0.9415679,1.8831158,6.214282,0.12562341423474685
6.0,0.018056777202004014,-3.7011552e-05,-3.7011552e-05,-0.94157284,-0.94157284,-0.9415667,-0.9415661,1.8831158,6.214282,0.12574043635808366
6.0,0.018066777202004017,-3.6783207e-05,-3.6783207e-05,-0.9415729,-0.9415729,-0.9415673,-0.9415679,1.8831158,6.214282,0.12585745848142046
6.0,0.018076777202004016,-3.7011552e-05,-3.7011552e-05,-0.94157284,-0.94157284,-0.9415667,-0.9415661,1.8831158,6.214282,0.12597448060475724
6.0,0.018086777202004016,-3.6783207e-05,-3.6783207e-05,-0.9415729,-0.9415729,-0.9415673,-0.9415679,1.8831158,6.214282,0.12609150272809402
6.0,0.018096777202004016,-3.701155e-05,-3.701155e-05,-0.94157284,-0.94157284,-0.9415667,-0.9415661,1.8831158,6.214282,0.1262085248514308
6.0,0.018106777202004015,-3.6783207e-05,-3.6783207e-05,-0.9415729,-0.9415729,-0.9415673,-0.9415679,1.8831158,6.214282,0.12632554697476758
6.0,0.018116777202004015,-3.701155e-05,-3.701155e-05,-0.94157284,-0.94157284,-0.9415667,-0.9415661,1.8831158,6.214282,0.12644256909810436
6.0,0.018126777202004014,-3.6783207e-05,-3.6783207e-05,-0.9415729,-0.9415729,-0.9415673,-0.9415679,1.8831158,6.214282,0.12655959122144114
6.0,0.018136777202004014,-3.701155e-05,-3.701155e-05,-0.94157284,-0.94157284,-0.9415667,-0.9415661,1.8831158,6.214282,0.12667661334477795
6.0,0.018146777202004017,-3.678321e-05,-3.678321e-05,-0.9415729,-0.9415729,-0.9415673,-0.9415679,1.8831158,6.214282,0.12679363546811476
6.0,0.018156777202004017,-3.701155e-05,-3.701155e-05,-0.94157284,-0.94157284,-0.9415667,-0.9415661,1.8831158,6.214282,0.12691065759145154
6.0,0.018166777202004016,-3.678321e-05,-3.678321e-05,-0.9415729,-0.9415729,-0.9415673,-0.9415679,1.8831158,6.214282,0.12702767971478832
6.0,0.018176777202004016,-3.701155e-05,-3.701155e-05,-0.94157284,-0.94157284,-0.9415667,-0.9415661,1.8831158,6.214282,0.1271447018381251
6.0,0.018186777202004015,-3.678321e-05,-3.678321e-05,-0.9415729,-0.9415729,-0.9415673,-0.9415679,1.8831158,6.214282,0.12726172396146188
6.0,0.018196777202004015,-3.701155e-05,-3.701155e-05,-0.94157284,-0.94157284,-0.9415667,-0.9415661,1.8831158,6.214282,0.12737874608479866
6.0,0.018206777202004015,-3.678321e-05,-3.678321e-05,-0.9415729,-0.9415729,-0.9415673,-0.9415679,1.8831158,6.214282,0.12749576820813543
6.0,0.018216777202004014,-3.701155e-05,-3.701155e-05,-0.94157284,-0.94157284,-0.9415667,-0.9415661,1.8831158,6.214282,0.12761279033147221
6.0,0.018226777202004014,-3.678321e-05,-3.678321e-05,-0.9415729,-0.9415729,-0.9415673,-0.9415679,1.8831158,6.214282,0.12772981245480902
6.0,0.018236777202004017,-3.701155e-05,-3.701155e-05,-0.94157284,-0.94157284,-0.9415667,-0.9415661,1.8831158,6.214282,0.12784683457814583
6.0,0.018246777202004016,-3.678321e-05,-3.678321e-05,-0.9415729,-0.9415729,-0.9415673,-0.9415679,1.8831158,6.214282,0.1279638567014826
6.0,0.018256777202004016,-3.701155e-05,-3.701155e-05,-0.94157284,-0.94157284,-0.9415667,-0.9415661,1.8831158,6.214282,0.1280808788248194
6.0,0.018266777202004016,-3.678321e-05,-3.678321e-05,-0.9415729,-0.9415729,-0.9415673,-0.9415679,1.8831158,6.214282,0.12819790094815617
6.0,0.018276777202004015,-3.7011545e-05,-3.7011545e-05,-0.94157284,-0.94157284,-0.9415667,-0.9415661,1.8831158,6.214282,0.12831492307149295
6.0,0.018286777202004015,-3.678321e-05,-3.678321e-05,-0.9415729,-0.9415729,-0.9415673,-0.9415679,1.8831158,6.214282,0.12843194519482973
6.0,0.018296777202004014,-3.7011545e-05,-3.7011545e-05,-0.94157284,-0.94157284,-0.9415667,-0.9415661,1.8831158,6.214282,0.1285489673181665
6.0,0.018306777202004014,-3.678321e-05,-3.678321e-05,-0.9415729,-0.9415729,-0.9415673,-0.9415679,1.8831158,6.214282,0.12866598944150331
6.0,0.018316777202004017,-3.7011545e-05,-3.7011545e-05,-0.94157284,-0.94157284,-0.9415667,-0.9415661,1.8831158,6.214282,0.12878301156484012
6.0,0.018326777202004017,-3.6783214e-05,-3.6783214e-05,-0.9415729,-0.9415729,-0.9415673,-0.9415679,1.8831158,6.214282,0.1289000336881769
6.0,0.018336777202004016,-3.7011545e-05,-3.7011545e-05,-0.94157284,-0.94157284,-0.9415667,-0.9415661,1.8831158,6.214282,0.12901705581151368
6.0,0.018346777202004016,-3.6783214e-05,-3.6783214e-05,-0.9415729,-0.9415729,-0.9415673,-0.9415679,1.8831158,6.214282,0.12913407793485046
6.0,0.018356777202004015,-3.7011545e-05,-3.7011545e-05,-0.94157284,-0.94157284,-0.9415667,-0.9415661,1.8831158,6.214282,0.12925110005818724
6.0,0.018366777202004015,-3.6783214e-05,-3.6783214e-05,-0.9415729,-0.9415729,-0.9415673,-0.9415679,1.8831158,6.214282,0.12936812218152402
6.0,0.018376777202004015,-3.7011545e-05,-3.7011545e-05,-0.94157284,-0.94157284,-0.9415667,-0.9415661,1.8831158,6.214282,0.1294851443048608
6.0,0.018386777202004014,-3.6783214e-05,-3.6783214e-05,-0.9415729,-0.9415729,-0.9415673,-0.9415679,1.8831158,6.214282,0.12960216642819758
6.0,0.018396777202004014,-3.7011545e-05,-3.7011545e-05,-0.94157284,-0.94157284,-0.9415667,-0.9415661,1.8831158,6.214282,0.1297191885515344
6.0,0.018406777202004017,-3.6783214e-05,-3.6783214e-05,-0.9415729,-0.9415729,-0.9415673,-0.9415679,1.8831158,6.214282,0.1298362106748712
6.0,0.018416777202004016,-3.7011545e-05,-3.7011545e-05,-0.94157284,-0.94157284,-0.9415667,-0.9415661,1.8831158,6.214282,0.12995323279820797
6.0,0.018426777202004016,-3.6783214e-05,-3.6783214e-05,-0.9415729,-0.9415729,-0.9415673,-0.9415679,1.8831158,6.214282,0.13007025492154475
6.0,0.018436777202004016,-3.7011545e-05,-3.7011545e-05,-0.94157284,-0.94157284,-0.9415667,-0.9415661,1.8831158,6.214282,0.13018727704488153
6.0,0.018446777202004015,-3.6783214e-05,-3.6783214e-05,-0.9415729,-0.9415729,-0.9415673,-0.9415679,1.8831158,6.214282,0.1303042991682183
6.0,0.018456777202004015,-3.701154e-05,-3.701154e-05,-0.94157284,-0.94157284,-0.9415667,-0.9415661,1.8831158,6.214282,0.1304213212915551
6.0,0.018466777202004014,-3.6783214e-05,-3.6783214e-05,-0.9415729,-0.9415729,-0.9415673,-0.9415679,1.8831158,6.214282,0.13053834341489187
6.0,0.018476777202004014,-3.701154e-05,-3.701154e-05,-0.94157284,-0.94157284,-0.9415667,-0.9415661,1.8831158,6.214282,0.13065536553822868
6.0,0.018486777202004017,-3.6783214e-05,-3.6783214e-05,-0.9415729,-0.9415729,-0.9415673,-0.9415679,1.8831158,6.214282,0.1307723876615655
6.0,0.018496777202004017,-3.701154e-05,-3.701154e-05,-0.94157284,-0.94157284,-0.9415667,-0.9415661,1.8831158,6.214282,0.13088940978490227
6.0,0.018506777202004016,-3.6783218e-05,-3.6783218e-05,-0.9415729,-0.9415729,-0.9415673,-0.9415679,1.8831158,6.214282,0.13100643190823905
6.0,0.018516777202004016,-3.701154e-05,-3.701154e-05,-0.94157284,-0.94157284,-0.9415667,-0.9415661,1.8831158,6.214282,0.13112345403157583
6.0,0.018526777202004015,-3.6783218e-05,-3.6783218e-05,-0.9415729,-0.9415729,-0.9415673,-0.9415679,1.8831158,6.214282,0.1312404761549126
6.0,0.018536777202004015,-3.701154e-05,-3.701154e-05,-0.94157284,-0.94157284,-0.9415667,-0.9415661,1.8831158,6.214282,0.13135749827824938
6.0,0.018546777202004015,-3.6783218e-05,-3.6783218e-05,-0.9415729,-0.9415729,-0.9415673,-0.9415679,1.8831158,6.214282,0.13147452040158616
6.0,0.018556777202004014,-3.701154e-05,-3.701154e-05,-0.94157284,-0.94157284,-0.9415667,-0.9415661,1.8831158,6.214282,0.13159154252492294
6.0,0.018566777202004014,-3.6783218e-05,-3.6783218e-05,-0.9415729,-0.9415729,-0.9415673,-0.9415679,1.8831158,6.214282,0.13170856464825975
6.0,0.018576777202004017,-3.701154e-05,-3.701154e-05,-0.94157284,-0.94157284,-0.9415667,-0.9415661,1.8831158,6.214282,0.13182558677159656
6.0,0.018586777202004016,-3.6783218e-05,-3.6783218e-05,-0.9415729,-0.9415729,-0.9415673,-0.9415679,1.8831158,6.214282,0.13194260889493334
6.0,0.018596777202004016,-3.701154e-05,-3.701154e-05,-0.94157284,-0.94157284,-0.9415667,-0.9415661,1.8831158,6.214282,0.13205963101827012
6.0,0.018606777202004016,-3.6783218e-05,-3.6783218e-05,-0.9415729,-0.9415729,-0.9415673,-0.9415679,1.8831158,6.214282,0.1321766531416069
6.0,0.018616777202004015,-3.701154e-05,-3.701154e-05,-0.94157284,-0.94157284,-0.9415667,-0.9415661,1.8831158,6.214282,0.13229367526494368
6.0,0.018626777202004015,-3.6783218e-05,-3.6783218e-05,-0.9415729,-0.9415729,-0.9415673,-0.9415679,1.8831158,6.214282,0.13241069738828046
6.0,0.018636777202004014,-3.7011538e-05,-3.7011538e-05,-0.94157284,-0.94157284,-0.9415667,-0.9415661,1.8831158,6.214282,0.13252771951161724
6.0,0.018646777202004014,-3.6783218e-05,-3.6783218e-05,-0.9415729,-0.9415729,-0.9415673,-0.9415679,1.8831158,6.214282,0.13264474163495404
6.0,0.018656777202004017,-3.7011538e-05,-3.7011538e-05,-0.94157284,-0.94157284,-0.9415667,-0.9415661,1.8831158,6.214282,0.13276176375829085
6.0,0.018666777202004017,-3.6783218e-05,-3.6783218e-05,-0.9415729,-0.9415729,-0.9415673,-0.9415679,1.8831158,6.214282,0.13287878588162763
6.0,0.018676777202004016,-3.7011538e-05,-3.7011538e-05,-0.94157284,-0.94157284,-0.9415667,-0.9415661,1.8831158,6.214282,0.1329958080049644
6.0,0.018686777202004016,-3.678322e-05,-3.678322e-05,-0.9415729,-0.9415729,-0.9415673,-0.9415679,1.8831158,6.214282,0.1331128301283012
6.0,0.018696777202004015,-3.7011538e-05,-3.7011538e-05,-0.94157284,-0.94157284,-0.9415667,-0.9415661,1.8831158,6.214282,0.13322985225163797
6.0,0.018706777202004015,-3.678322e-05,-3.678322e-05,-0.9415729,-0.9415729,-0.9415673,-0.9415679,1.8831158,6.214282,0.13334687437497475
6.0,0.018716777202004015,-3.7011538e-05,-3.7011538e-05,-0.94157284,-0.94157284,-0.9415667,-0.9415661,1.8831158,6.214282,0.13346389649831153
6.0,0.018726777202004014,-3.678322e-05,-3.678322e-05,-0.9415729,-0.9415729,-0.9415673,-0.9415679,1.8831158,6.214282,0.1335809186216483
6.0,0.018736777202004014,-3.7011538e-05,-3.7011538e-05,-0.94157284,-0.94157284,-0.9415667,-0.9415661,1.8831158,6.214282,0.13369794074498512
6.0,0.018746777202004017,-3.678322e-05,-3.678322e-05,-0.9415729,-0.9415729,-0.9415673,-0.9415679,1.8831158,6.214282,0.13381496286832192
6.0,0.018756777202004016,-3.7011538e-05,-3.7011538e-05,-0.94157284,-0.94157284,-0.9415667,-0.9415661,1.8831158,6.214282,0.1339319849916587
6.0,0.018766777202004016,-3.678322e-05,-3.678322e-05,-0.9415729,-0.9415729,-0.9415673,-0.9415679,1.8831158,6.214282,0.13404900711499548
6.0,0.018776777202004016,-3.7011538e-05,-3.7011538e-05,-0.94157284,-0.94157284,-0.9415667,-0.9415661,1.8831158,6.214282,0.13416602923833226
6.0,0.018786777202004015,-3.678322e-05,-3.678322e-05,-0.9415729,-0.9415729,-0.9415673,-0.9415679,1.8831158,6.214282,0.13428305136166904
6.0,0.018796777202004015,-3.7011538e-05,-3.7011538e-05,-0.94157284,-0.94157284,-0.9415667,-0.9415661,1.8831158,6.214282,0.13440007348500582
6.0,0.018806777202004014,-3.678322e-05,-3.678322e-05,-0.9415729,-0.9415729,-0.9415673,-0.9415679,1.8831158,6.214282,0.1345170956083426
6.0,0.018816777202004014,-3.7011534e-05,-3.7011534e-05,-0.94157284,-0.94157284,-0.9415667,-0.9415661,1.8831158,6.214282,0.1346341177316794
6.0,0.018826777202004017,-3.678322e-05,-3.678322e-05,-0.9415729,-0.9415729,-0.9415673,-0.9415679,1.8831158,6.214282,0.13475113985501622
6.0,0.018836777202004017,-3.7011534e-05,-3.7011534e-05,-0.94157284,-0.94157284,-0.9415667,-0.9415661,1.8831158,6.214282,0.134868161978353
6.0,0.018846777202004016,-3.678322e-05,-3.678322e-05,-0.9415729,-0.9415729,-0.9415673,-0.9415679,1.8831158,6.214282,0.13498518410168978
6.0,0.018856777202004016,-3.7011534e-05,-3.7011534e-05,-0.94157284,-0.94157284,-0.9415667,-0.9415661,1.8831158,6.214282,0.13510220622502656
6.0,0.018866777202004015,-3.6783225e-05,-3.6783225e-05,-0.9415729,-0.9415729,-0.9415673,-0.9415679,1.8831158,6.214282,0.13521922834836334
6.0,0.018876777202004015,-3.7011534e-05,-3.7011534e-05,-0.94157284,-0.94157284,-0.9415667,-0.9415661,1.8831158,6.214282,0.13533625047170011
6.0,0.018886777202004015,-3.6783225e-05,-3.6783225e-05,-0.9415729,-0.9415729,-0.9415673,-0.9415679,1.8831158,6.214282,0.1354532725950369
6.0,0.018896777202004014,-3.7011534e-05,-3.7011534e-05,-0.94157284,-0.94157284,-0.9415667,-0.9415661,1.8831158,6.214282,0.13557029471837367
6.0,0.018906777202004014,-3.6783225e-05,-3.6783225e-05,-0.9415729,-0.9415729,-0.9415673,-0.9415679,1.8831158,6.214282,0.13568731684171048
6.0,0.018916777202004017,-3.7011534e-05,-3.7011534e-05,-0.94157284,-0.94157284,-0.9415667,-0.9415661,1.8831158,6.214282,0.1358043389650473
6.0,0.018926777202004016,-3.6783225e-05,-3.6783225e-05,-0.9415729,-0.9415729,-0.9415673,-0.9415679,1.8831158,6.214282,0.13592136108838407
6.0,0.018936777202004016,-3.7011534e-05,-3.7011534e-05,-0.94157284,-0.94157284,-0.9415667,-0.9415661,1.8831158,6.214282,0.13603838321172085
6.0,0.018946777202004016,-3.6783225e-05,-3.6783225e-05,-0.9415729,-0.9415729,-0.9415673,-0.9415679,1.8831158,6.214282,0.13615540533505763
6.0,0.018956777202004015,-3.7011534e-05,-3.7011534e-05,-0.94157284,-0.94157284,-0.9415667,-0.9415661,1.8831158,6.214282,0.1362724274583944
6.0,0.018966777202004015,-3.6783225e-05,-3.6783225e-05,-0.9415729,-0.9415729,-0.9415673,-0.9415679,1.8831158,6.214282,0.1363894495817312
6.0,0.018976777202004014,-3.7011534e-05,-3.7011534e-05,-0.94157284,-0.94157284,-0.9415667,-0.9415661,1.8831158,6.214282,0.13650647170506797
6.0,0.018986777202004014,-3.6783225e-05,-3.6783225e-05,-0.9415729,-0.9415729,-0.9415673,-0.9415679,1.8831158,6.214282,0.13662349382840475
6.0,0.018996777202004014,-3.701153e-05,-3.701153e-05,-0.94157284,-0.94157284,-0.9415667,-0.9415661,1.8831158,6.214282,0.13674051595174155
6.0,0.019006777202004017,-3.6783225e-05,-3.6783225e-05,-0.9415729,-0.9415729,-0.9415673,-0.9415679,1.8831158,6.214282,0.13685753807507836
6.0,0.019016777202004016,-3.701153e-05,-3.701153e-05,-0.94157284,-0.94157284,-0.9415667,-0.9415661,1.8831158,6.214282,0.13697456019841514
6.0,0.019026777202004016,-3.6783225e-05,-3.6783225e-05,-0.9415729,-0.9415729,-0.9415673,-0.9415679,1.8831158,6.214282,0.13709158232175192
6.0,0.019036777202004015,-3.701153e-05,-3.701153e-05,-0.94157284,-0.94157284,-0.9415667,-0.9415661,1.8831158,6.214282,0.1372086044450887
6.0,0.019046777202004015,-3.678323e-05,-3.678323e-05,-0.9415729,-0.9415729,-0.9415673,-0.9415679,1.8831158,6.214282,0.13732562656842548
6.0,0.019056777202004015,-3.701153e-05,-3.701153e-05,-0.94157284,-0.94157284,-0.9415667,-0.9415661,1.8831158,6.214282,0.13744264869176226
6.0,0.019066777202004014,-3.678323e-05,-3.678323e-05,-0.9415729,-0.9415729,-0.9415673,-0.9415679,1.8831158,6.214282,0.13755967081509904
6.0,0.019076777202004014,-3.701153e-05,-3.701153e-05,-0.94157284,-0.94157284,-0.9415667,-0.9415661,1.8831158,6.214282,0.13767669293843585
6.0,0.019086777202004017,-3.678323e-05,-3.678323e-05,-0.9415729,-0.9415729,-0.9415673,-0.9415679,1.8831158,6.214282,0.13779371506177265
6.0,0.019096777202004016,-3.701153e-05,-3.701153e-05,-0.94157284,-0.94157284,-0.9415667,-0.9415661,1.8831158,6.214282,0.13791073718510943
6.0,0.019106777202004016,-3.678323e-05,-3.678323e-05,-0.9415729,-0.9415729,-0.9415673,-0.9415679,1.8831158,6.214282,0.1380277593084462
6.0,0.019116777202004016,-3.701153e-05,-3.701153e-05,-0.94157284,-0.94157284,-0.9415667,-0.9415661,1.8831158,6.214282,0.138144781431783
6.0,0.019126777202004015,-3.678323e-05,-3.678323e-05,-0.9415729,-0.9415729,-0.9415673,-0.9415679,1.8831158,6.214282,0.13826180355511977
6.0,0.019136777202004015,-3.701153e-05,-3.701153e-05,-0.94157284,-0.94157284,-0.9415667,-0.9415661,1.8831158,6.214282,0.13837882567845655
6.0,0.019146777202004014,-3.678323e-05,-3.678323e-05,-0.9415729,-0.9415729,-0.9415673,-0.9415679,1.8831158,6.214282,0.13849584780179333
6.0,0.019156777202004014,-3.701153e-05,-3.701153e-05,-0.94157284,-0.94157284,-0.9415667,-0.9415661,1.8831158,6.214282,0.1386128699251301
6.0,0.019166777202004014,-3.678323e-05,-3.678323e-05,-0.9415729,-0.9415729,-0.9415673,-0.9415679,1.8831158,6.214282,0.13872989204846692
6.0,0.019176777202004017,-3.7011527e-05,-3.7011527e-05,-0.94157284,-0.94157284,-0.9415667,-0.9415661,1.8831158,6.214282,0.13884691417180373
6.0,0.019186777202004016,-3.678323e-05,-3.678323e-05,-0.9415729,-0.9415729,-0.9415673,-0.9415679,1.8831158,6.214282,0.1389639362951405
6.0,0.019196777202004016,-3.7011527e-05,-3.7011527e-05,-0.94157284,-0.94157284,-0.9415667,-0.9415661,1.8831158,6.214282,0.13908095841847729
6.0,0.019206777202004015,-3.678323e-05,-3.678323e-05,-0.9415729,-0.9415729,-0.9415673,-0.9415679,1.8831158,6.214282,0.13919798054181406
6.0,0.019216777202004015,-3.7011527e-05,-3.7011527e-05,-0.94157284,-0.94157284,-0.9415667,-0.9415661,1.8831158,6.214282,0.13931500266515084
6.0,0.019226777202004015,-3.6783233e-05,-3.6783233e-05,-0.9415729,-0.9415729,-0.9415673,-0.9415679,1.8831158,6.214282,0.13943202478848762
6.0,0.019236777202004014,-3.7011527e-05,-3.7011527e-05,-0.94157284,-0.94157284,-0.9415667,-0.9415661,1.8831158,6.214282,0.1395490469118244
6.0,0.019246777202004014,-3.6783233e-05,-3.6783233e-05,-0.9415729,-0.9415729,-0.9415673,-0.9415679,1.8831158,6.214282,0.1396660690351612
6.0,0.019256777202004017,-3.7011527e-05,-3.7011527e-05,-0.94157284,-0.94157284,-0.9415667,-0.9415661,1.8831158,6.214282,0.13978309115849802
6.0,0.019266777202004017,-3.6783233e-05,-3.6783233e-05,-0.9415729,-0.9415729,-0.9415673,-0.9415679,1.8831158,6.214282,0.1399001132818348
6.0,0.019276777202004016,-3.7011527e-05,-3.7011527e-05,-0.94157284,-0.94157284,-0.9415667,-0.9415661,1.8831158,6.214282,0.14001713540517158
6.0,0.019286777202004016,-3.6783233e-05,-3.6783233e-05,-0.9415729,-0.9415729,-0.9415673,-0.9415679,1.8831158,6.214282,0.14013415752850836
6.0,0.019296777202004015,-3.7011527e-05,-3.7011527e-05,-0.94157284,-0.94157284,-0.9415667,-0.9415661,1.8831158,6.214282,0.14025117965184514
6.0,0.019306777202004015,-3.6783233e-05,-3.6783233e-05,-0.9415729,-0.9415729,-0.9415673,-0.9415679,1.8831158,6.214282,0.14036820177518192
6.0,0.019316777202004014,-3.7011527e-05,-3.7011527e-05,-0.94157284,-0.94157284,-0.9415667,-0.9415661,1.8831158,6.214282,0.1404852238985187
6.0,0.019326777202004014,-3.6783233e-05,-3.6783233e-05,-0.9415729,-0.9415729,-0.9415673,-0.9415679,1.8831158,6.214282,0.14060224602185548
6.0,0.019336777202004014,-3.7011527e-05,-3.7011527e-05,-0.94157284,-0.94157284,-0.9415667,-0.9415661,1.8831158,6.214282,0.14071926814519228
6.0,0.019346777202004017,-3.6783233e-05,-3.6783233e-05,-0.9415729,-0.9415729,-0.9415673,-0.9415679,1.8831158,6.214282,0.1408362902685291
6.0,0.019356777202004016,-3.7011523e-05,-3.7011523e-05,-0.94157284,-0.94157284,-0.9415667,-0.9415661,1.8831158,6.214282,0.14095331239186587
6.0,0.019366777202004016,-3.6783233e-05,-3.6783233e-05,-0.9415729,-0.9415729,-0.9415673,-0.9415679,1.8831158,6.214282,0.14107033451520265
6.0,0.019376777202004015,-3.7011523e-05,-3.7011523e-05,-0.94157284,-0.94157284,-0.9415667,-0.9415661,1.8831158,6.214282,0.14118735663853943
6.0,0.019386777202004015,-3.6783233e-05,-3.6783233e-05,-0.9415729,-0.9415729,-0.9415673,-0.9415679,1.8831158,6.214282,0.1413043787618762
6.0,0.019396777202004015,-3.7011523e-05,-3.7011523e-05,-0.94157284,-0.94157284,-0.9415667,-0.9415661,1.8831158,6.214282,0.141421400885213
6.0,0.019406777202004014,-3.6783236e-05,-3.6783236e-05,-0.9415729,-0.9415729,-0.9415673,-0.9415679,1.8831158,6.214282,0.14153842300854977
6.0,0.019416777202004014,-3.7011523e-05,-3.7011523e-05,-0.94157284,-0.94157284,-0.9415667,-0.9415661,1.8831158,6.214282,0.14165544513188658
6.0,0.019426777202004017,-3.6783236e-05,-3.6783236e-05,-0.9415729,-0.9415729,-0.9415673,-0.9415679,1.8831158,6.214282,0.14177246725522338
6.0,0.019436777202004017,-3.7011523e-05,-3.7011523e-05,-0.94157284,-0.94157284,-0.9415667,-0.9415661,1.8831158,6.214282,0.14188948937856016
6.0,0.019446777202004016,-3.6783236e-05,-3.6783236e-05,-0.9415729,-0.9415729,-0.9415673,-0.9415679,1.8831158,6.214282,0.14200651150189694
6.0,0.019456777202004016,-3.7011523e-05,-3.7011523e-05,-0.94157284,-0.94157284,-0.9415667,-0.9415661,1.8831158,6.214282,0.14212353362523372
6.0,0.019466777202004015,-3.6783236e-05,-3.6783236e-05,-0.9415729,-0.9415729,-0.9415673,-0.9415679,1.8831158,6.214282,0.1422405557485705
6.0,0.019476777202004015,-3.7011523e-05,-3.7011523e-05,-0.94157284,-0.94157284,-0.9415667,-0.9415661,1.8831158,6.214282,0.14235757787190728
6.0,0.019486777202004014,-3.6783236e-05,-3.6783236e-05,-0.9415729,-0.9415729,-0.9415673,-0.9415679,1.8831158,6.214282,0.14247459999524406
6.0,0.019496777202004014,-3.7011523e-05,-3.7011523e-05,-0.94157284,-0.94157284,-0.9415667,-0.9415661,1.8831158,6.214282,0.14259162211858084
6.0,0.019506777202004014,-3.6783236e-05,-3.6783236e-05,-0.9415729,-0.9415729,-0.9415673,-0.9415679,1.8831158,6.214282,0.14270864424191765
6.0,0.019516777202004017,-3.7011523e-05,-3.7011523e-05,-0.94157284,-0.94157284,-0.9415667,-0.9415661,1.8831158,6.214282,0.14282566636525446
6.0,0.019526777202004016,-3.6783236e-05,-3.6783236e-05,-0.9415729,-0.9415729,-0.9415673,-0.9415679,1.8831158,6.214282,0.14294268848859124
6.0,0.019536777202004016,-3.701152e-05,-3.701152e-05,-0.94157284,-0.94157284,-0.9415667,-0.9415661,1.8831158,6.214282,0.14305971061192801
6.0,0.019546777202004016,-3.6783236e-05,-3.6783236e-05,-0.9415729,-0.9415729,-0.9415673,-0.9415679,1.8831158,6.214282,0.1431767327352648
6.0,0.019556777202004015,-3.701152e-05,-3.701152e-05,-0.94157284,-0.94157284,-0.9415667,-0.9415661,1.8831158,6.214282,0.14329375485860157
6.0,0.019566777202004015,-3.6783236e-05,-3.6783236e-05,-0.9415729,-0.9415729,-0.9415673,-0.9415679,1.8831158,6.214282,0.14341077698193835
6.0,0.019576777202004014,-3.701152e-05,-3.701152e-05,-0.94157284,-0.94157284,-0.9415667,-0.9415661,1.8831158,6.214282,0.14352779910527513
6.0,0.019586777202004014,-3.678324e-05,-3.678324e-05,-0.9415729,-0.9415729,-0.9415673,-0.9415679,1.8831158,6.214282,0.14364482122861194
6.0,0.019596777202004017,-3.701152e-05,-3.701152e-05,-0.94157284,-0.94157284,-0.9415667,-0.9415661,1.8831158,6.214282,0.14376184335194875
6.0,0.019606777202004017,-3.678324e-05,-3.678324e-05,-0.9415729,-0.9415729,-0.9415673,-0.9415679,1.8831158,6.214282,0.14387886547528553
6.0,0.019616777202004016,-3.701152e-05,-3.701152e-05,-0.94157284,-0.94157284,-0.9415667,-0.9415661,1.8831158,6.214282,0.1439958875986223
6.0,0.019626777202004016,-3.678324e-05,-3.678324e-05,-0.9415729,-0.9415729,-0.9415673,-0.9415679,1.8831158,6.214282,0.1441129097219591
6.0,0.019636777202004015,-3.701152e-05,-3.701152e-05,-0.94157284,-0.94157284,-0.9415667,-0.9415661,1.8831158,6.214282,0.14422993184529587
6.0,0.019646777202004015,-3.678324e-05,-3.678324e-05,-0.9415729,-0.9415729,-0.9415673,-0.9415679,1.8831158,6.214282,0.14434695396863265
6.0,0.019656777202004014,-3.701152e-05,-3.701152e-05,-0.94157284,-0.94157284,-0.9415667,-0.9415661,1.8831158,6.214282,0.14446397609196943
6.0,0.019666777202004014,-3.678324e-05,-3.678324e-05,-0.9415729,-0.9415729,-0.9415673,-0.9415679,1.8831158,6.214282,0.1445809982153062
6.0,0.019676777202004014,-3.701152e-05,-3.701152e-05,-0.94157284,-0.94157284,-0.9415667,-0.9415661,1.8831158,6.214282,0.144698020338643
6.0,0.019686777202004017,-3.678324e-05,-3.678324e-05,-0.9415729,-0.9415729,-0.9415673,-0.9415679,1.8831158,6.214282,0.14481504246197982
6.0,0.019696777202004016,-3.701152e-05,-3.701152e-05,-0.94157284,-0.94157284,-0.9415667,-0.9415661,1.8831158,6.214282,0.1449320645853166
6.0,0.019706777202004016,-3.678324e-05,-3.678324e-05,-0.9415729,-0.9415729,-0.9415673,-0.9415679,1.8831158,6.214282,0.14504908670865338
6.0,0.019716777202004016,-3.7011516e-05,-3.7011516e-05,-0.94157284,-0.94157284,-0.9415667,-0.9415661,1.8831158,6.214282,0.14516610883199016
6.0,0.019726777202004015,-3.678324e-05,-3.678324e-05,-0.9415729,-0.9415729,-0.9415673,-0.9415679,1.8831158,6.214282,0.14528313095532694
6.0,0.019736777202004015,-3.7011516e-05,-3.7011516e-05,-0.94157284,-0.94157284,-0.9415667,-0.9415661,1.8831158,6.214282,0.14540015307866372
6.0,0.019746777202004014,-3.678324e-05,-3.678324e-05,-0.9415729,-0.9415729,-0.9415673,-0.9415679,1.8831158,6.214282,0.1455171752020005
6.0,0.019756777202004014,-3.7011516e-05,-3.7011516e-05,-0.94157284,-0.94157284,-0.9415667,-0.9415661,1.8831158,6.214282,0.1456341973253373
6.0,0.019766777202004017,-3.6783244e-05,-3.6783244e-05,-0.9415729,-0.9415729,-0.9415673,-0.9415679,1.8831158,6.214282,0.1457512194486741
6.0,0.019776777202004017,-3.7011516e-05,-3.7011516e-05,-0.94157284,-0.94157284,-0.9415667,-0.9415661,1.8831158,6.214282,0.1458682415720109
6.0,0.019786777202004016,-3.6783244e-05,-3.6783244e-05,-0.9415729,-0.9415729,-0.9415673,-0.9415679,1.8831158,6.214282,0.14598526369534767
6.0,0.019796777202004016,-3.7011516e-05,-3.7011516e-05,-0.94157284,-0.94157284,-0.9415667,-0.9415661,1.8831158,6.214282,0.14610228581868445
6.0,0.019806777202004015,-3.6783244e-05,-3.6783244e-05,-0.9415729,-0.9415729,-0.9415673,-0.9415679,1.8831158,6.214282,0.14621930794202123
6.0,0.019816777202004015,-3.7011516e-05,-3.7011516e-05,-0.94157284,-0.94157284,-0.9415667,-0.9415661,1.8831158,6.214282,0.146336330065358
6.0,0.019826777202004014,-3.6783244e-05,-3.6783244e-05,-0.9415729,-0.9415729,-0.9415673,-0.9415679,1.8831158,6.214282,0.1464533521886948
6.0,0.019836777202004014,-3.7011516e-05,-3.7011516e-05,-0.94157284,-0.94157284,-0.9415667,-0.9415661,1.8831158,6.214282,0.14657037431203157
6.0,0.019846777202004014,-3.6783244e-05,-3.6783244e-05,-0.9415729,-0.9415729,-0.9415673,-0.9415679,1.8831158,6.214282,0.14668739643536838
6.0,0.019856777202004017,-3.7011516e-05,-3.7011516e-05,-0.94157284,-0.94157284,-0.9415667,-0.9415661,1.8831158,6.214282,0.14680441855870519
6.0,0.019866777202004016,-3.6783244e-05,-3.6783244e-05,-0.9415729,-0.9415729,-0.9415673,-0.9415679,1.8831158,6.214282,0.14692144068204196
6.0,0.019876777202004016,-3.7011516e-05,-3.7011516e-05,-0.94157284,-0.94157284,-0.9415667,-0.9415661,1.8831158,6.214282,0.14703846280537874
6.0,0.019886777202004016,-3.6783244e-05,-3.6783244e-05,-0.9415729,-0.9415729,-0.9415673,-0.9415679,1.8831158,6.214282,0.14715548492871552
6.0,0.019896777202004015,-3.7011512e-05,-3.7011512e-05,-0.94157284,-0.94157284,-0.9415667,-0.9415661,1.8831158,6.214282,0.1472725070520523
6.0,0.019906777202004015,-3.6783244e-05,-3.6783244e-05,-0.9415729,-0.9415729,-0.9415673,-0.9415679,1.8831158,6.214282,0.14738952917538908
6.0,0.019916777202004014,-3.7011512e-05,-3.7011512e-05,-0.94157284,-0.94157284,-0.9415667,-0.9415661,1.8831158,6.214282,0.14750655129872586
6.0,0.019926777202004014,-3.6783244e-05,-3.6783244e-05,-0.9415729,-0.9415729,-0.9415673,-0.9415679,1.8831158,6.214282,0.14762357342206267
6.0,0.019936777202004017,-3.7011512e-05,-3.7011512e-05,-0.94157284,-0.94157284,-0.9415667,-0.9415661,1.8831158,6.214282,0.14774059554539948
6.0,0.019946777202004017,-3.6783247e-05,-3.6783247e-05,-0.9415729,-0.9415729,-0.9415673,-0.9415679,1.8831158,6.214282,0.14785761766873626
6.0,0.019956777202004016,-3.7011512e-05,-3.7011512e-05,-0.94157284,-0.94157284,-0.9415667,-0.9415661,1.8831158,6.214282,0.14797463979207304
6.0,0.019966777202004016,-3.6783247e-05,-3.6783247e-05,-0.9415729,-0.9415729,-0.9415673,-0.9415679,1.8831158,6.214282,0.14809166191540982
6.0,0.019976777202004015,-3.7011512e-05,-3.7011512e-05,-0.94157284,-0.94157284,-0.9415667,-0.9415661,1.8831158,6.214282,0.1482086840387466
6.0,0.019986777202004015,-3.6783247e-05,-3.6783247e-05,-0.9415729,-0.9415729,-0.9415673,-0.9415679,1.8831158,6.214282,0.14832570616208338
6.0,0.019996777202004015,-3.7011512e-05,-3.7011512e-05,-0.94157284,-0.94157284,-0.9415667,-0.9415661,1.8831158,6.214282,0.14840307415698056
6.0,0.02,-3.6783247e-05,-3.6783247e-05,-0.9415729,-0.9415729,-0.9415673,-0.9415679,1.8831158,6.214282,0.14842193109606044
6.0,0.020000000001,-3.6834e-05,-3.6834e-05,-0.9415728,-0.9415728,-0.94156677,-0.94156694,1.8831158,6.214282,0.14842193110776267
6.0,0.020000000002,-3.6795853e-05,-3.6795853e-05,-0.9415729,-0.9415729,-0.94156724,-0.9415675,1.8831158,6.214282,0.14842193112582036
6.0,0.0200000000040862,-3.6884976e-05,-3.6884976e-05,-0.9415728,-0.9415728,-0.9415668,-0.94156677,1.8831158,6.214282,0.14842193115407407
6.0,0.02000000000682878,-3.6851092e-05,-3.6851092e-05,-0.9415729,-0.9415729,-0.94156724,-0.9415673,1.8831158,6.214282,0.14842193120221545
6.0,0.02000000001231394,-3.6902562e-05,-3.6902562e-05,-0.94157284,-0.94157284,-0.9415668,-0.9415667,1.8831158,6.214282,0.14842193129849815
6.0,0.020000000023284253,-3.6850328e-05,-3.6850328e-05,-0.9415729,-0.9415729,-0.94156724,-0.9415673,1.8831158,6.214282,0.14842193149106359
6.0,0.020000000045224883,-3.6872356e-05,-3.6872356e-05,-0.9415728,-0.9415728,-0.9415668,-0.94156677,1.8831158,6.214282,0.14842193187619446
6.0,0.020000000089106143,-3.6790792e-05,-3.6790792e-05,-0.9415729,-0.9415729,-0.94156724,-0.9415673,1.8831158,6.214282,0.14842193264645617
6.0,0.020000000176868662,-3.6749672e-05,-3.6749672e-05,-0.9415728,-0.9415728,-0.9415668,-0.94156677,1.8831158,6.214282,0.14842193418697963
6.0,0.0200000003523937,-3.6543723e-05,-3.6543723e-05,-0.94157284,-0.94157284,-0.94156736,-0.9415674,1.8831158,6.214282,0.14842193726802655
6.0,0.02000000070344378,-3.625723e-05,-3.625723e-05,-0.9415728,-0.9415728,-0.9415671,-0.94156706,1.8831158,6.214282,0.14842194343012038
6.0,0.020000001405543935,-3.557327e-05,-3.557327e-05,-0.9415732,-0.9415732,-0.9415682,-0.9415683,1.8831158,6.214282,0.14842195575430803
6.0,0.020000002809744243,-3.43667e-05,-3.43667e-05,-0.94157445,-0.94157445,-0.94156975,-0.9415697,1.8831158,6.214282,0.1484219804026833
6.0,0.020000005618144866,-3.1971995e-05,-3.1971995e-05,-0.94157845,-0.94157845,-0.9415754,-0.94157547,1.8831158,6.214283,0.14842202610781927
6.0,0.020000010621109687,-2.8250095e-05,-2.8250095e-05,-0.941587,-0.941587,-0.9415856,-0.94158554,1.8831158,6.214282,0.14842209798438502
6.0,0.02000001790241449,-2.3597482e-05,-2.3597482e-05,-0.9416012,-0.9416012,-0.94160277,-0.9416029,1.8831159,6.2142825,0.14842220188190863
6.0,0.020000028378009616,-1.8452147e-05,-1.8452147e-05,-0.9416244,-0.9416244,-0.9416285,-0.9416285,1.8831159,6.214282,0.14842234657692893
6.0,0.020000042631927912,-1.3431657e-05,-1.3431657e-05,-0.9416611,-0.9416611,-0.9416684,-0.9416685,1.8831159,6.214282,0.1484225444137966
6.0,0.020000062189881408,-9.481227e-06,-9.481227e-06,-0.94171953,-0.94171953,-0.9417287,-0.9417287,1.883116,6.2142825,0.14842276218542028
6.0,0.020000079850799733,-1.13025335e-05,-1.13025335e-05,-0.9417808,-0.9417808,-0.9417896,-0.94178975,1.883116,6.214283,0.14842292588053183
6.0,0.020000090166652554,-2.1405787e-05,-2.1405787e-05,-0.94182223,-0.94182223,-0.94182575,-0.9418257,1.883116,6.214283,0.1484230420657591
6.0,0.02000009970776115,-4.2754375e-05,-4.2754375e-05,-0.9418665,-0.9418665,-0.9418596,-0.94185966,1.8831161,6.214283,0.14842316239509412
6.0,0.020000110731874302,-7.6507065e-05,-7.6507065e-05,-0.9419216,-0.9419216,-0.9418971,-0.9418969,1.8831161,6.214283,0.14842329978564806
6.0,0.020000123188878262,-0.00011661825,-0.00011661825,-0.94198436,-0.94198436,-0.9419395,-0.94193923,1.8831161,6.214283,0.14842347167430267
6.0,0.020000140108985858,-0.00017037481,-0.00017037481,-0.94206524,-0.94206524,-0.94199234,-0.9419918,1.8831161,6.2142835,0.1484236943878764
6.0,0.020000161252361752,-0.0002359055,-0.0002359055,-0.9421547,-0.9421547,-0.9420486,-0.9420481,1.8831162,6.2142835,0.14842397715152056
6.0,0.020000188435489914,-0.0003170682,-0.0003170682,-0.94224006,-0.94224006,-0.94209266,-0.9420917,1.8831162,6.214284,0.14842436895401057
6.0,0.02000022821444641,-0.00042816775,-0.00042816775,-0.94228107,-0.94228107,-0.9420793,-0.9420782,1.8831164,6.214284,0.14842488609136517
6.0,0.020000276818267923,-0.0005497301,-0.0005497301,-0.94215864,-0.94215864,-0.9419002,-0.9418985,1.8831162,6.214284,0.14842552163326395
6.0,0.020000336833486655,-0.00066925853,-0.00066925853,-0.9417058,-0.9417058,-0.9414019,-0.94140005,1.8831158,6.214282,0.14842624262307522
6.0,0.02000040004108951,-0.00074575935,-0.00074575935,-0.9408726,-0.9408726,-0.9405544,-0.94055206,1.8831149,6.214279,0.14842705563048847
6.0,0.02000047578296371,-0.00078006356,-0.00078006356,-0.93949085,-0.93949085,-0.9391711,-0.9391688,1.883113,6.214273,0.1484275321243269
6.0,0.020000481477867923,-0.0007807546,-0.0007807546,-0.9393719,-0.9393719,-0.9390519,-0.93904954,1.8831129,6.2142725,0.14842763208849297
6.0,0.02000049286767635,-0.0007826733,-0.0007826733,-0.9391309,-0.9391309,-0.9388108,-0.9388085,1.8831125,6.2142715,0.1484278320167436
6.0,0.020000515647293195,-0.00078614324,-0.00078614324,-0.9386306,-0.9386306,-0.93831027,-0.9383079,1.8831117,6.2142687,0.1484281985267181
6.0,0.02000055550738021,-0.000792194,-0.000792194,-0.93769854,-0.93769854,-0.9373772,-0.93737483,1.8831102,6.214263,0.14842879421542202
6.0,0.020000617455785356,-0.0008022493,-0.0008022493,-0.9361047,-0.9361047,-0.93578017,-0.93577784,1.8831072,6.214254,0.1484295276436513
6.0,0.020000680857159038,-0.0008137869,-0.0008137869,-0.9342801,-0.9342801,-0.9339508,-0.93394846,1.8831034,6.214241,0.14843041574580723
6.0,0.020000769241423095,-0.00083028397,-0.00083028397,-0.93140006,-0.93140006,-0.93106306,-0.93106073,1.8830965,6.214219,0.14843153314197396
6.0,0.02000087183283115,-0.00084866286,-0.00084866286,-0.92758054,-0.92758054,-0.92723423,-0.9272319,1.8830862,6.2141848,0.14843297280888645
6.0,0.02000101529952619,-0.00087306346,-0.00087306346,-0.92138803,-0.92138803,-0.92102885,-0.9210266,1.8830669,6.2141204,0.148434694656917
6.0,0.02000116612546086,-0.00089728733,-0.00089728733,-0.9135037,-0.9135037,-0.91313136,-0.9131291,1.8830395,6.2140303,0.14843651537325117
6.0,0.02000132649945721,-0.0009213615,-0.0009213615,-0.9019218,-0.9019218,-0.90153587,-0.90153366,1.8829987,6.213896,0.14843863759562945
6.0,0.020001528875016376,-0.00094960677,-0.00094960677,-0.8792193,-0.8792193,-0.878817,-0.8788149,1.8829216,6.2136407,0.14844100174566816
6.0,0.020001730634626163,-0.0009901227,-0.0009901227,-0.8068533,-0.8068533,-0.80643535,-0.8064337,1.8827564,6.213096,0.14844347292484802
6.0,0.020001951380193252,-0.0010514897,-0.0010514897,-0.5797782,-0.5797782,-0.57934386,-0.5793431,1.882286,6.211544,0.14844579421617488
6.0,0.020002127711388346,-0.0010931677,-0.0010931677,-0.28027582,-0.28027582,-0.2798291,-0.27982882,1.8815577,6.2091403,0.1484474298453816
6.0,0.02000223138523001,-0.0011055967,-0.0011055967,-0.08499654,-0.08499654,-0.08454295,-0.08454263,1.8809626,6.207177,0.14844838008192074
6.0,0.020002290486277188,-0.0010680035,-0.0010680035,-0.012234737,-0.012234737,-0.011777711,-0.01177626,1.8805989,6.2059765,0.1484488201196187
6.0,0.02000230679256061,-0.0010309684,-0.0010309684,-0.010725263,-0.010725263,-0.010267439,-0.010265006,1.8805062,6.2056704,0.1484489879942007
6.0,0.02000231925704573,-0.0010565211,-0.0010565211,-0.011858603,-0.011858603,-0.011399921,-0.011398133,1.8804367,6.2054405,0.14844911012979894
6.0,0.020002327726016858,-0.0010441717,-0.0010441717,-0.011359719,-0.011359719,-0.010900617,-0.010898473,1.8803886,6.205282,0.14844920811188395
6.0,0.020002336051563416,-0.0010508647,-0.0010508647,-0.011672282,-0.011672282,-0.011212646,-0.011210682,1.880342,6.2051287,0.14844930633130732
6.0,0.020002344562049162,-0.0010490636,-0.0010490636,-0.0116252145,-0.0116252145,-0.0111651085,-0.011163051,1.880294,6.20497,0.1484494128221953
6.0,0.0200023543063603,-0.0010512089,-0.0010512089,-0.011749547,-0.011749547,-0.011288854,-0.011286861,1.8802392,6.2047896,0.1484495530129394
6.0,0.02000236859511487,-0.0010518943,-0.0010518943,-0.011830146,-0.011830146,-0.011368641,-0.011366605,1.8801588,6.204524,0.1484497627879016
6.0,0.020002390271409258,-0.0010543773,-0.0010543773,-0.012014324,-0.012014324,-0.011551557,-0.0115495715,1.880037,6.2041216,0.14845011652557163
6.0,0.02000242924983858,-0.0010576183,-0.0010576183,-0.012304373,-0.012304373,-0.011839406,-0.011837392,1.8798177,6.2033987,0.14845077571555698
6.0,0.020002503327812938,-0.0010645805,-0.0010645805,-0.012916092,-0.012916092,-0.012447011,-0.012445061,1.8794016,6.202025,0.14845205904518838
6.0,0.02000264944872608,-0.0010765779,-0.0010765779,-0.014172755,-0.014172755,-0.013696005,-0.013694067,1.8785818,6.19932,0.14845461161593196
6.0,0.020002941690552365,-0.0010977137,-0.0010977137,-0.017091626,-0.017091626,-0.016601212,-0.016599417,1.8769472,6.1939254,0.14845830300067364
6.0,0.020003284489047056,-0.0011141155,-0.0011141155,-0.02121089,-0.02121089,-0.020707663,-0.020705957,1.8750393,6.1876297,0.1484621717819145
6.0,0.020003608604005827,-0.0011227236,-0.0011227236,-0.02593565,-0.02593565,-0.025423614,-0.025422066,1.8732464,6.181713,0.14846611970750515
6.0,0.020003966349009902,-0.0011237572,-0.0011237572,-0.03214834,-0.03214834,-0.03163083,-0.031629384,1.871282,6.175231,0.14847004934198793
6.0,0.020004288730537525,-0.0011199785,-0.0011199785,-0.038735792,-0.038735792,-0.038217656,-0.03821637,1.8695266,6.169438,0.14847388660039687
6.0,0.020004631735240228,-0.0011111802,-0.0011111802,-0.04674001,-0.04674001,-0.046225056,-0.046223868,1.8676767,6.163334,0.14847775377526112
6.0,0.020004960633274897,-0.001099329,-0.001099329,-0.055329993,-0.055329993,-0.05482142,-0.05482038,1.8659217,6.1575418,0.14848058014931678
6.0,0.0200051237281304,-0.0010927476,-0.0010927476,-0.059854567,-0.059854567,-0.059349477,-0.059348464,1.8650587,6.1546936,0.14848228288978507
6.0,0.020005257307295764,-0.0010877746,-0.0010877746,-0.06368026,-0.06368026,-0.06317793,-0.06317699,1.8643557,6.1523743,0.1484833824367524
6.0,0.02000531545026878,-0.0008282248,-0.0008282248,0.002385703,0.002385703,-0.3290772,-0.3395686,1.8639977,6.1511927,0.14848390820024282
6.0,0.02000534901709076,0.00018672112,0.00018672112,0.049345516,0.049345516,-1.064819,-1.0983897,1.8637743,6.1504555,0.14848417047897858
6.0,0.02000536121095172,0.00020849904,0.00020849904,-0.016658524,-0.016658524,-1.4241257,-1.4654162,1.8637444,6.1503563,0.14848427643770137
6.0,0.020005367504671235,-0.00086564245,-0.00086564245,0.023667313,0.023667313,-1.5689174,-1.6152196,1.8636837,6.150156,0.14848433083101012
6.0,0.02000537070206448,0.001672456,0.001672456,-0.0052541895,-0.0052541895,-1.6737869,-1.7218145,1.8636839,6.150157,0.14848436093053513
6.0,0.0200053727567495,-0.0021675327,-0.0021675327,0.010432009,0.010432009,-1.7193782,-1.769157,1.8636615,6.150083,0.14848438089340088
6.0,0.02000537418547674,0.0024427816,0.0024427816,0.0016301166,0.0016301166,-1.765412,-1.8158906,1.8636602,6.150079,0.1484843967905332
6.0,0.02000537553071693,-0.00232431,-0.00232431,0.0064129406,0.0064129406,-1.7977318,-1.8493615,1.863648,6.150039,0.14848441261817527
6.0,0.02000537694735433,0.0023300438,0.0023300438,0.0023382765,0.0023382765,-1.841032,-1.8933814,1.863644,6.1500254,0.1484844369732708
6.0,0.020005379780629128,-0.002175217,-0.002175217,0.005449962,0.005449962,-1.9156405,-1.9701203,1.8636246,6.1499615,0.14848447237175433
6.0,0.020005383124442666,0.0022762849,0.0022762849,0.001716376,0.001716376,-2.0124948,-2.0689464,1.8636093,6.149911,0.1484845177750897
6.0,0.020005387703709614,-0.0020830443,-0.0020830443,0.0046881386,0.0046881386,-2.1365743,-2.1962376,1.8635801,6.1498137,0.14848458687855529
6.0,0.020005395183678776,0.0022882344,0.0022882344,0.0010016148,0.0010016148,-2.3501818,-2.4143162,1.8635414,6.149687,0.14848469886549331
6.0,0.020005407247344384,-0.0019831406,-0.0019831406,0.0040760245,0.0040760245,-2.686122,-2.7576554,1.8634697,6.14945,0.148484896877833
6.0,0.020005429742876682,0.0024076276,0.0024076276,0.00074132165,0.00074132165,-3.321562,-3.4044921,1.8633457,6.149041,0.14848514840851726
6.0,0.02000545115296614,-0.001816385,-0.001816385,0.0042149965,0.0042149965,-3.90836,-4.0001884,1.8632209,6.148629,0.14848549732410274
6.0,0.020005490655554816,0.0026117382,0.0026117382,0.0010626003,0.0010626003,-4.9467854,-5.047245,1.8630005,6.147902,0.14848617599109556
6.0,0.02000556966073217,-0.0016231114,-0.0016231114,0.0043529673,0.0043529673,-6.89044,-7.0404572,1.8625495,6.146414,0.14848731610254393
6.0,0.020005689836451554,0.0025337099,0.0025337099,0.00047073644,0.00047073644,-10.090975,-10.348681,1.8618729,6.1441803,0.14848863885764546
6.0,0.020005800918032935,-0.001706855,-0.001706855,0.0038212938,0.0038212938,-13.207955,-13.584508,1.861241,6.1420956,0.148489963079107
6.0,0.02000592150732671,0.002463221,0.002463221,6.8390014e-05,6.8390014e-05,-16.683647,-17.203398,1.8605629,6.139858,0.14849159826205174
6.0,0.0200060871997909,-0.001777885,-0.001777885,0.0034341342,0.0034341342,-21.471325,-22.200548,1.8596232,6.1367564,0.1484939041157176
6.0,0.0200063256157301,0.0024904974,0.0024904974,-0.00014655764,-0.00014655764,-27.87895,-28.51256,1.8582807,6.132326,0.14849646038713896
6.0,0.02000653584228459,-0.0012533773,-0.0012533773,0.0041257762,0.0041257762,-30.93745,-31.10001,1.8570901,6.1283975,0.14849832426747323
6.0,0.02000665315858083,0.002957775,0.002957775,0.00046865884,0.00046865884,-31.261532,-31.27324,1.8564317,6.1262245,0.14849933596977058
6.0,0.020006713756584284,-0.00320629,-0.00320629,0.0006279057,0.0006279057,-30.338148,-30.30284,1.856089,6.1250935,0.14850002034849094
6.0,0.02000677355539452,0.0018807101,0.0018807101,-0.0014124031,-0.0014124031,-29.491035,-29.429699,1.8557553,6.1239924,0.14850058651938047
6.0,0.02000681339393406,-0.003309217,-0.003309217,0.00044693457,0.00044693457,-29.009064,-28.932148,1.8555287,6.123245,0.14850103451023336
6.0,0.020006852414136387,0.0018190542,0.0018190542,-0.0015234515,-0.0015234515,-28.591583,-28.493027,1.855312,6.1225295,0.14850169936779636
6.0,0.020006930454541043,-0.0033399176,-0.0033399176,0.00039155662,0.00039155662,-27.861713,-27.729912,1.8548708,6.1210732,0.14850263230089608
6.0,0.020007016752615927,0.0017819632,0.0017819632,-0.0015934831,-0.0015934831,-27.158434,-26.96506,1.8543885,6.119482,0.1485039742708397
6.0,0.020007166968847395,-0.0033560195,-0.0033560195,0.0003567908,0.0003567908,-26.093475,-25.78872,1.8535422,6.116689,0.1485059303214867
6.0,0.020007361809898965,0.0017725895,0.0017725895,-0.0016214517,-0.0016214517,-24.793495,-24.263296,1.852451,6.113088,0.1485084802126748
6.0,0.020007617312733917,-0.0033514004,-0.0033514004,0.00034996978,0.00034996978,-23.116316,-22.41166,1.851015,6.10835,0.14851182350175135
6.0,0.02000795319459288,0.0017834117,0.0017834117,-0.0016235566,-0.0016235566,-20.78575,-20.04752,1.849135,6.1021457,0.14851622837952902
6.0,0.02000839806392944,-0.003336353,-0.003336353,0.00034902996,0.00034902996,-18.004593,-17.296808,1.846642,6.0939183,0.1485213134673558
6.0,0.020008856946278263,0.0020526454,0.0020526454,-0.81132436,-0.81132436,-15.348179,-14.677302,1.8440784,6.0854588,0.14852503978289333
6.0,0.02000906216918639,-0.0015964387,-0.0015964387,-2.9060156,-2.9060156,-14.327105,-13.67095,1.8429261,6.081656,0.14852699205753514
6.0,0.020009205316573533,0.0022765428,0.0022765428,-4.3461595,-4.3461595,-13.603759,-12.960098,1.8421296,6.0790277,0.1485286022869156
6.0,0.02000934975234415,-0.0016478418,-0.0016478418,-5.8949347,-5.8949347,-12.987817,-12.353845,1.8413185,6.0763507,0.1485297689117907
6.0,0.02000941385663354,0.00244411,0.00244411,-6.599616,-6.599616,-12.676291,-12.048767,1.8409641,6.0751815,0.14853034071813354
6.0,0.020009452004953323,-0.0010838025,-0.0010838025,-7.020013,-7.020013,-12.547932,-11.921764,1.8407468,6.074465,0.14853069295259694
6.0,0.0200094768594252,0.0036877862,0.0036877862,-7.2966332,-7.2966332,-12.413279,-11.790646,1.8406111,6.0740166,0.1485309450005407
6.0,0.020009497094425847,0.0006538151,0.0006538151,-7.5183115,-7.5183115,-12.357114,-11.7344675,1.8404936,6.073629,0.1485311271557885
6.0,0.020009509449784288,0.0061011207,0.0061011207,-7.657594,-7.657594,-12.283012,-11.662764,1.8404272,6.07341,0.14853123090277914
6.0,0.020009515657687042,0.0022146034,0.0022146034,-7.7231774,-7.7231774,-12.273909,-11.653043,1.8403887,6.0732822,0.14853127736719943
6.0,0.020009517763927887,0.0074905357,0.0074905357,-7.749413,-7.749413,-12.259044,-11.6388445,1.8403796,6.0732527,0.14853129128602197
6.0,0.02000951814828553,0.0022619583,0.0022619583,-7.750945,-7.750945,-12.255641,-11.635519,1.8403747,6.073237,0.1485312945466334
6.0,0.020009518347376444,0.0072788503,0.0072788503,-7.755662,-7.755662,-12.257864,-11.637575,1.8403761,6.0732417,0.1485312972066027
6.0,0.02000951862425542,0.0027857649,0.0027857649,-7.756316,-7.756316,-12.253935,-11.6338625,1.8403721,6.073228,0.14853130118497096
6.0,0.020009519059261308,0.0071337633,0.0071337633,-7.76342,-7.76342,-12.255112,-11.634857,1.8403721,6.073228,0.14853130594142192
6.0,0.020009519475369553,0.003106415,0.003106415,-7.765776,-7.765776,-12.250708,-11.630695,1.8403673,6.073212,0.1485313112951778
6.0,0.02000952001726152,0.0070986436,0.0070986436,-7.7739286,-7.7739286,-12.251272,-11.631081,1.8403665,6.0732093,0.14853131747306142
6.0,0.020009520580840087,0.0034059216,0.0034059216,-7.7780266,-7.7780266,-12.246309,-11.626382,1.840361,6.0731916,0.14853132499470773
6.0,0.02000952136319288,0.007175322,0.007175322,-7.788738,-7.788738,-12.245784,-11.62569,1.8403589,6.073184,0.1485313343850853
6.0,0.020009522261168217,0.0037422923,0.0037422923,-7.796601,-7.796601,-12.239493,-11.619699,1.8403515,6.07316,0.14853134682473623
6.0,0.02000952358918018,0.0074400506,0.0074400506,-7.813271,-7.813271,-12.236681,-11.616759,1.8403461,6.073142,0.14853136405830386
6.0,0.020009525345011065,0.004272917,0.004272917,-7.830636,-7.830636,-12.226916,-11.607365,1.8403339,6.0731015,0.14853139141652988
6.0,0.020009528484834668,0.008216161,0.008216161,-7.8672457,-7.8672457,-12.216692,-11.597155,1.8403181,6.0730495,0.14853144135244023
6.0,0.02000953428101285,0.005929197,0.005929197,-7.929119,-7.929119,-12.190499,-11.571651,1.8402827,6.0729327,0.14853153851881362
6.0,0.02000954587336921,0.0120820515,0.0120820515,-8.058581,-8.058581,-12.145998,-11.527838,1.8402178,6.0727186,0.1485317124991529
6.0,0.02000956541808512,0.015785709,0.015785709,-8.270517,-8.270517,-12.064455,-11.448106,1.8401006,6.0723324,0.1485319279958398
6.0,0.02000958444548504,0.030965641,0.030965641,-8.478664,-8.478664,-11.990585,-11.375589,1.8399867,6.071956,0.14853216518850834
6.0,0.02000960787886341,0.051343147,0.051343147,-8.726726,-8.726726,-11.89436,-11.281643,1.8398336,6.071451,0.14853245500591702
6.0,0.0200096363354547,0.10715384,0.10715384,-9.022506,-9.022506,-11.783627,-11.173396,1.8396316,6.070784,0.1485327851383019
6.0,0.020009666999961047,0.2041623,0.2041623,-9.319142,-9.319142,-11.659,-11.05237,1.8393686,6.0699162,0.14853314877910528
6.0,0.020009701475963912,0.3913734,0.3913734,-9.627917,-9.627917,-11.523878,-10.921489,1.8390049,6.068716,0.1485335706383847
6.0,0.02000974259928307,0.71671677,0.71671677,-9.947756,-9.947756,-11.35602,-10.760249,1.8384362,6.0668397,0.14853410349168675
6.0,0.020009797025058295,1.320756,1.320756,-10.309386,-10.309386,-11.138478,-10.552465,1.8374352,6.063536,0.14853488475156917
6.0,0.02000988284431545,2.538948,2.538948,-10.766468,-10.766468,-10.788439,-10.220842,1.8352118,6.056199,0.14853572195835787
6.0,0.020009947677584888,3.5951576,3.5951576,-11.06442,-11.06442,-10.53062,-9.977562,1.8330108,6.0489354,0.1485364402633968
6.0,0.020010012411476652,4.702961,4.702961,-11.334287,-11.334287,-10.27111,-9.733432,1.8303486,6.04015,0.1485371517224994
6.0,0.020010076383468006,5.831416,5.831416,-11.593239,-11.593239,-10.023551,-9.500687,1.8272729,6.0300007,0.14853784635888742
6.0,0.020010138497447153,6.9266796,6.9266796,-11.836277,-11.836277,-9.782145,-9.274035,1.8238608,6.01874,0.14853869782856136
6.0,0.02001023151564463,8.558016,8.558016,-12.205711,-12.205711,-9.435126,-8.948113,1.8179996,5.9993987,0.14853979683237264
6.0,0.02001034002187408,10.39372,10.39372,-12.642436,-12.642436,-9.037673,-8.574886,1.8100569,5.9731884,0.1485412411855424
6.0,0.020010498696251103,12.915912,12.915912,-13.316952,-13.316952,-8.488783,-8.058752,1.796461,5.9283214,0.14854302650456716
6.0,0.020010675293124492,15.427372,15.427372,-14.11343,-14.11343,-7.909249,-7.512996,1.778815,5.8700895,0.14854515586505218
6.0,0.020010906549242567,18.223602,18.223602,-15.236282,-15.236282,-7.214252,-6.8566265,1.7523127,5.782632,0.14854763853665004
6.0,0.020011165311213264,20.666122,20.666122,-16.571375,-16.571375,-6.5061874,-6.1858487,1.718982,5.672641,0.14855045433447328
6.0,0.02001148407965249,22.755342,22.755342,-18.295221,-18.295221,-5.7411222,-5.4579163,1.6741501,5.5246954,0.1485534940702962
6.0,0.02001182261041668,23.971497,23.971497,-20.148392,-20.148392,-5.033724,-4.7820363,1.6237967,5.358529,0.14855709618577828
6.0,0.020012312041559656,24.29649,24.29649,-22.722862,-22.722862,-4.1878552,-3.9696553,1.5496843,5.1139584,0.14856185650292925
6.0,0.02001302394914735,22.806786,22.806786,-25.680874,-25.680874,-3.229907,-3.0460324,1.4457661,4.771028,0.14856655577466965
6.0,0.02001367458563424,20.05664,20.05664,-26.832916,-26.832916,-2.5744467,-2.4115808,1.3601849,4.4886103,0.14857004425441442
6.0,0.020014166712610974,12.978952,12.978952,-25.639303,-25.639303,-2.225752,-2.0554843,1.3132244,4.3336406,0.14857280668074468
6.0,0.020014645383563113,8.492136,8.492136,-24.255407,-24.255407,-1.9006437,-1.7361174,1.2829292,4.2336664,0.14857496180648416
6.0,0.02001496027903886,6.448635,6.448635,-23.26928,-23.26928,-1.6913273,-1.5351386,1.268693,4.186687,0.14857669269174872
6.0,0.02001529711888599,4.992292,4.992292,-22.161541,-22.161541,-1.4805478,-1.3356891,1.256616,4.146833,0.1485783818579662
6.0,0.02001560858984389,3.9750993,3.9750993,-21.168036,-21.168036,-1.2922752,-1.1591005,1.2475849,4.11703,0.1485801829816287
6.0,0.020015998443931003,3.0924358,3.0924358,-19.949072,-19.949072,-1.0779148,-0.95958626,1.2383083,4.0864177,0.1485822667031666
6.0,0.02001643215531261,2.3898005,2.3898005,-18.66377,-18.66377,-0.85705084,-0.75543916,1.2299047,4.0586853,0.1485846959083995
6.0,0.020016971722977183,1.8185087,1.8185087,-17.119247,-17.119247,-0.6219683,-0.5398637,1.2213719,4.030527,0.14858747134310646
6.0,0.02001755974540908,1.3893307,1.3893307,-15.536015,-15.536015,-0.4048258,-0.34269065,1.2137436,4.005354,0.14859043235835004
6.0,0.020018189878660927,1.091816,1.091816,-13.918027,-13.918027,-0.22813848,-0.18491377,1.2068802,3.9827046,0.1485937712520094
6.0,0.020018949027147664,0.8299818,0.8299818,-12.110736,-12.110736,-0.07926058,-0.056345567,1.1998461,3.9594924,0.1485975302339043
6.0,0.020019772347510036,0.64618295,0.64618295,-10.291827,-10.291827,-0.0070417966,-0.0024126645,1.1932939,3.93787,0.14860186398484213
6.0,0.020020793554572494,0.4730459,0.4730459,-8.269832,-8.269832,0.001281186,0.0011780994,1.1862496,3.9146237,0.14860585427898235
6.0,0.020021490923648074,0.39859354,0.39859354,-7.018076,-7.018076,-0.0011989742,-0.0010970487,1.1819546,3.90045,0.14860876706964898
6.0,0.020022057195643102,0.3369455,0.3369455,-6.0913706,-6.0913706,0.0012801357,0.0011771445,1.1787001,3.8897104,0.14861123253102163
6.0,0.020022566416675516,0.3024507,0.3024507,-5.3105755,-5.3105755,-0.0011996104,-0.0010976705,1.1759217,3.8805416,0.1486135873878154
6.0,0.020023089300372846,0.2584211,0.2584211,-4.576307,-4.576307,0.0012791688,0.0011762658,1.1731943,3.871541,0.14861590238669792
6.0,0.02002358577521793,0.23441264,0.23441264,-3.9267442,-3.9267442,-0.0012002463,-0.0010982945,1.1707082,3.863337,0.14861813026401693
6.0,0.0200240744676893,0.20101029,0.20101029,-3.3452349,-3.3452349,0.0012782178,0.0011753956,1.1683474,3.855546,0.1486203273234641
6.0,0.0200245612452047,0.1838226,0.1838226,-2.8101256,-2.8101256,-0.0012008658,-0.0010989058,1.1660722,3.8480382,0.14862249578765646
6.0,0.020025041002306784,0.15664992,0.15664992,-2.3356714,-2.3356714,0.0012772807,0.0011745323,1.1638956,3.8408556,0.14862466784423342
6.0,0.020025533005416356,0.14386919,0.14386919,-1.8934994,-1.8934994,-0.0012014922,-0.001099525,1.1617255,3.8336945,0.1486268951179733
6.0,0.02002604119247164,0.12018563,0.12018563,-1.4910792,-1.4910792,0.0012763336,0.0011736528,1.1595415,3.8264866,0.1486292874188565
6.0,0.020026611354386114,0.10892482,0.10892482,-1.0972137,-1.0972137,-0.0012022152,-0.001100236,1.1571548,3.818611,0.1486321101995159
6.0,0.020027318837611285,0.08431982,0.08431982,-0.6969579,-0.6969579,0.001275218,0.0011726023,1.154273,3.809101,0.14863635110271434
6.0,0.020028540465717556,0.064755015,0.064755015,-0.22378574,-0.22378574,-0.0012036237,-0.0011016004,1.1494721,3.7932582,0.14864314978626741
6.0,0.020030437324733627,0.031675827,0.031675827,0.0011888649,0.0011888649,0.0012728467,0.0011703244,1.1423455,3.76974,0.1486510583909148
6.0,0.020032213465870467,0.023109935,0.023109935,-0.001095089,-0.001095089,-0.0012062263,-0.0011041248,1.1359273,3.7485602,0.1486596026406892
6.0,0.020034450507126926,0.0071265153,0.0071265153,0.0011830259,0.0011830259,0.001270061,0.0011676231,1.1280524,3.7225728,0.14866986232285548
6.0,0.02003709989335895,0.007551706,0.007551706,-0.0011011433,-0.0011011433,-0.0012093413,-0.0011071676,1.1189163,3.6924236,0.1486820476660666
6.0,0.020040349239270467,-0.0014504133,-0.0014504133,0.0011752648,0.0011752648,0.0012665909,0.0011642297,1.1078916,3.656042,0.14869614396730585
6.0,0.020044060173901666,0.0034029318,0.0034029318,-0.0011083256,-0.0011083256,-0.0012129236,-0.0011106919,1.0954789,3.6150804,0.14871030475952576
6.0,0.020047500713563808,-0.0030763135,-0.0030763135,0.0011687165,0.0011687165,0.0012633103,0.0011609967,1.0841104,3.5775642,0.14872341533722327
6.0,0.020050820861788388,0.0028595151,0.0028595151,-0.0011126016,-0.0011126016,-0.0012156296,-0.0011133741,1.0732578,3.5417507,0.14873693164404422
6.0,0.020054612291796826,-0.0032767248,-0.0032767248,0.0011645593,0.0011645593,0.0012607119,0.0011584213,1.0609988,3.5012963,0.1487524211854232
6.0,0.02005916006962517,0.0027868422,0.0027868422,-0.0011159932,-0.0011159932,-0.0012183713,-0.0011161043,1.046481,3.4533875,0.14877044856396443
6.0,0.02006458896863493,-0.0032899072,-0.0032899072,0.0011606609,0.0011606609,0.001257664,0.0011553864,1.0294098,3.397052,0.14879066547552705
6.0,0.02007072263840957,0.002800349,0.002800349,-0.0011194933,-0.0011194933,-0.001221617,-0.0011193454,1.0104581,3.3345118,0.14881321638335335
6.0,0.020077974741403944,-0.0032623785,-0.0032623785,0.001156645,0.001156645,0.0012541594,0.0011518878,0.9884993,3.2620478,0.14883139037828472
6.0,0.020081994969127447,0.0028269205,0.0028269205,-0.0011223068,-0.0011223068,-0.0012243846,-0.0011221137,0.9765337,3.2225614,0.14884086504827923
6.0,0.020083996254832027,-0.0040290756,-0.0040290756,0.0011574399,0.0011574399,0.0012555417,0.0011532762,0.97063565,3.2030976,0.1488454648825807
6.0,0.02008495397461522,0.0020985699,0.0020985699,-0.0011171645,-0.0011171645,-0.0012199015,-0.0011176411,0.96782815,3.1938329,0.14884733639367373
6.0,0.02008520716510091,-0.007365722,-0.007365722,0.0011563369,0.0011563369,0.0012572205,0.0011550159,0.9670913,3.1914015,0.14884798927427434
6.0,0.020085377047150462,-0.0068207844,-0.0068207844,-0.0011119283,-0.0011119283,-0.0012199635,-0.0011177212,0.9666046,3.189795,0.1488485126525289
6.0,0.020085546660611353,-0.019149516,-0.019149516,0.0011493865,0.0011493865,0.0012565788,0.001154455,0.9661245,3.1882107,0.14884906378633508
6.0,0.020085734902043517,-0.023058048,-0.023058048,-0.0011059863,-0.0011059863,-0.0012199521,-0.0011177409,0.96560395,3.1864932,0.14884978200053808
6.0,0.02008601350479079,-0.046688057,-0.046688057,0.0011440512,0.0011440512,0.0012559213,0.0011538716,0.96485794,3.1840312,0.14885081736688638
6.0,0.02008640893843426,-0.07386681,-0.07386681,-0.001103182,-0.001103182,-0.0012203329,-0.0011181108,0.9638671,3.1807616,0.1488519524965738
6.0,0.020086754008445985,-0.11472945,-0.11472945,0.0011404927,0.0011404927,0.0012551777,0.0011531957,0.9630772,3.1781547,0.1488529860941708
6.0,0.020087084314044646,-0.14800532,-0.14800532,-0.0011004708,-0.0011004708,-0.0012206779,-0.0011184496,0.9624006,3.175922,0.1488540259865302
6.0,0.02008743445288254,-0.20007144,-0.20007144,0.0011368176,0.0011368176,0.0012545182,0.0011525959,0.9617762,3.1738615,0.14885508093178546
6.0,0.020087775504823515,-0.24410002,-0.24410002,-0.0010978294,-0.0010978294,-0.0012209926,-0.0011187631,0.961272,3.1721976,0.14885614357030091
6.0,0.020088131414749966,-0.3060326,-0.3060326,0.0011332891,0.0011332891,0.0012538978,0.0011520287,0.9608618,3.1708438,0.14885718413113275
6.0,0.02008845856929066,-0.35536444,-0.35536444,-0.0010951271,-0.0010951271,-0.0012212549,-0.0011190312,0.96059865,3.1699755,0.14885835383661575
6.0,0.02008889967548634,-0.43993217,-0.43993217,0.0011300199,0.0011300199,0.0012532937,0.0011514716,0.96042436,3.1694005,0.14885971593426198
6.0,0.020089353517610094,-0.51936257,-0.51936257,-0.0010932541,-0.0010932541,-0.0012216213,-0.0011194,0.9604744,3.1695654,0.14886139419809272
6.0,0.020090002241776695,-0.6397141,-0.6397141,0.0011275979,0.0011275979,0.0012527724,0.0011509416,0.96093214,3.171076,0.1488634360163485
6.0,0.020090693649946877,-0.7391157,-0.7391157,-0.0010921448,-0.0010921448,-0.0012219272,-0.0011197762,0.96186984,3.1741705,0.1488661303960253
6.0,0.02009176723178371,-0.8691179,-0.8691179,0.0011258494,0.0011258494,0.0012522965,0.0011503944,0.96404165,3.1813374,0.14886940202310475
6.0,0.020092827128414224,-0.9381067,-0.9381067,-0.0010916942,-0.0010916942,-0.0012222839,-0.0011202429,0.9667891,3.1904042,0.14887409042290908
6.0,0.02009480725687322,-0.97663426,-0.97663426,0.001124443,0.001124443,0.0012517562,0.0011497417,0.9724751,3.209168,0.14888029671773542
6.0,0.020096804456788752,-0.91016865,-0.91016865,-0.0010919997,-0.0010919997,-0.0012229345,-0.0011209999,0.977952,3.2272415,0.14888779190691478
6.0,0.02009955692837019,-0.7830334,-0.7830334,0.0011229798,0.0011229798,0.0012508178,0.0011487713,0.98380727,3.2465641,0.148892895180363
6.0,0.020100000001,-0.7568174,-0.7568174,-0.0010913515,-0.0010913515,-0.0012235416,-0.0011216118,0.98454094,3.248985,0.14889360382320818
6.0,0.020100000002,-0.75712454,-0.75712454,-0.0009464031,-0.0009464031,-0.0010340427,-0.00093151024,0.9845409,3.248985,0.14889360385039763
6.0,0.020100000018,-0.76075155,-0.76075155,0.00018532551,0.00018532551,0.0005078435,0.0004612314,0.98454016,3.2489827,0.14889360392716772
6.0,0.02010000005,-0.7586249,-0.7586249,-0.0005015055,-0.0005015055,-0.00039019654,-0.00034913918,0.9845408,3.2489848,0.14889360404052898
6.0,0.0201000000888783,-0.76038074,-0.76038074,8.888221e-05,8.888221e-05,0.00033009076,0.0003004587,0.9845405,3.2489839,0.14889360420951345
6.0,0.02010000015565636,-0.75893176,-0.75893176,-0.00036344558,-0.00036344558,-0.0002612034,-0.00023717678,0.98454094,3.2489853,0.14889360442937716
6.0,0.020100000226346434,-0.7601995,-0.7601995,7.623133e-05,7.623133e-05,0.00025516833,0.00023487945,0.98454076,3.2489846,0.14889360473795502
6.0,0.020100000348592422,-0.75904,-0.75904,-0.00027970574,-0.00027970574,-0.00021138505,-0.00019293395,0.98454124,3.248986,0.1488936051694972
6.0,0.020100000496164797,-0.7601117,-0.7601117,9.967893e-05,9.967893e-05,0.00022384801,0.0002071527,0.98454124,3.248986,0.14889360587757028
6.0,0.020100000791309545,-0.7590633,-0.7590633,-0.00021127687,-0.00021127687,-0.00019166082,-0.00017530692,0.9845419,3.2489884,0.14889360696996964
6.0,0.02010000117917795,-0.7600503,-0.7600503,0.00014674086,0.00014674086,0.00021291814,0.00019732416,0.9845423,3.2489898,0.14889360819458217
6.0,0.020100001556987178,-0.75904775,-0.75904775,-0.00016423498,-0.00016423498,-0.00018194158,-0.00016664425,0.98454314,3.2489922,0.14889360944760266
6.0,0.020100001962616177,-0.759991,-0.759991,0.00016317616,0.00016317616,0.00020407242,0.00018932807,0.98454356,3.2489936,0.14889361068715434
6.0,0.02010000233200348,-0.7590321,-0.7590321,-0.00014335079,-0.00014335079,-0.00017286526,-0.0001585063,0.98454434,3.2489965,0.1488936119006862
6.0,0.020100002721362614,-0.7599342,-0.7599342,0.00016361539,0.00016361539,0.00019530352,0.00018138964,0.98454475,3.2489977,0.14889361314661315
6.0,0.020100003111003923,-0.7590157,-0.7590157,-0.00013227551,-0.00013227551,-0.00016433616,-0.00015081833,0.9845456,3.2490003,0.14889361458382308
6.0,0.020100003619958912,-0.759875,-0.759875,0.0001601866,0.0001601866,0.00018809893,0.00017484672,0.9845462,3.2490025,0.14889361630192438
6.0,0.020100004185222436,-0.75897986,-0.75897986,-0.00012635169,-0.00012635169,-0.00015838357,-0.00014543631,0.9845473,3.249006,0.14889361838730003
6.0,0.0201000049238076,-0.7598031,-0.7598031,0.00015652049,0.00015652049,0.00018331496,0.00017048814,0.9845483,3.2490094,0.14889362096066455
6.0,0.02010000579417533,-0.7589146,-0.7589146,-0.00012353277,-0.00012353277,-0.00015451106,-0.00014192637,0.9845499,3.2490146,0.14889362431094996
6.0,0.020100007018510366,-0.7596993,-0.7596993,0.00015364852,0.00015364852,0.00018037175,0.00016780215,0.9845516,3.2490203,0.1488936289132045
6.0,0.020100008671638095,-0.758787,-0.758787,-0.00012222723,-0.00012222723,-0.00015235759,-0.00013997036,0.9845544,3.2490294,0.14889363599834057
6.0,0.020100011448317426,-0.75949186,-0.75949186,0.00015223575,0.00015223575,0.0001789401,0.0001664955,0.98455864,3.2490435,0.14889364851823866
6.0,0.02010001649932936,-0.7584291,-0.7584291,-0.00012163877,-0.00012163877,-0.00015152695,-0.0001392141,0.98456687,3.2490706,0.1488936727549694
6.0,0.020100026601353228,-0.75879604,-0.75879604,0.00015187134,0.00015187134,0.00017849571,0.00016609038,0.98458266,3.2491229,0.14889372122998434
6.0,0.020100046805400965,-0.7570449,-0.7570449,-0.0001214671,-0.0001214671,-0.00015131419,-0.00013902038,0.9846148,3.249229,0.1488938181863438
6.0,0.02010008721349644,-0.75603795,-0.75603795,0.00015176833,0.00015176833,0.00017837233,0.0001659772,0.98467815,3.2494378,0.1488940121240197
6.0,0.020100168029687383,-0.7515607,-0.7515607,-0.000121449346,-0.000121449346,-0.00015128533,-0.00013899567,0.98480403,3.2498534,0.1488944000985636
6.0,0.020100329662069278,-0.74518126,-0.74518126,0.00015169251,0.00015169251,0.00017829289,0.00016590155,0.9850499,3.2506647,0.14889517643511324
6.0,0.020100652926833062,-0.73031056,-0.73031056,-0.00012154522,-0.00012154522,-0.00015137566,-0.00013908437,0.9855213,3.2522204,0.14889673059470646
6.0,0.020101299456360633,-0.704646,-0.704646,0.0001514732,0.0001514732,0.0001780778,0.00016569304,0.9863838,3.2550666,0.14889984435697176
6.0,0.02010259251541578,-0.65754646,-0.65754646,-0.00012196811,-0.00012196811,-0.00015178768,-0.0001394843,0.9878241,3.2598195,0.14890609008105307
6.0,0.020105178633526066,-0.5912922,-0.5912922,0.00015063083,0.00015063083,0.00017725704,0.00016489546,0.98982066,3.2664082,0.14891584487952755
6.0,0.020108626737942805,-0.5425409,-0.5425409,-0.00012324947,-0.00012324947,-0.00015302406,-0.00014069327,0.9912883,3.2712514,0.14892484675073653
6.0,0.020110730626210663,-0.5297056,-0.5297056,0.00014947238,0.00014947238,0.00017615108,0.00016380701,0.9917924,3.272915,0.14893142834959938
6.0,0.02011268187865442,-0.5208551,-0.5208551,-0.00012407279,-0.00012407279,-0.00015379746,-0.0001414614,0.99213254,3.2740374,0.14893813381502008
6.0,0.02011485925261573,-0.51580274,-0.51580274,0.00014864301,0.00014864301,0.00017537743,0.00016303663,0.99241996,3.2749858,0.14894544858201733
6.0,0.020117183050511744,-0.51086724,-0.51086724,-0.0001249632,-0.0001249632,-0.00015462292,-0.00014228487,0.99265623,3.2757654,0.14895439202697155
6.0,0.020120360018518947,-0.50803,-0.50803,0.00014757171,0.00014757171,0.00017438782,0.0001620485,0.992903,3.27658,0.14896595109157829
6.0,0.020124289048481653,-0.50437194,-0.50437194,-0.00012631438,-0.00012631438,-0.00015586814,-0.00014352922,0.99312973,3.277328,0.14898186074635636
6.0,0.020130136100681234,-0.5026281,-0.5026281,0.00014577757,0.00014577757,0.00017273078,0.00016039208,0.99336785,3.2781138,0.1490051551311535
6.0,0.02013859599999352,-0.49978527,-0.49978527,-0.00012880871,-0.00012880871,-0.00015819288,-0.00014585358,0.9935903,3.278848,0.14903522475256498
6.0,0.02014859599999352,-0.4993532,-0.4993532,0.00014273761,0.00014273761,0.00016985465,0.00015751619,0.993749,3.2793717,0.149067813477655
6.0,0.02015859599999352,-0.49783853,-0.49783853,-0.00013193607,-0.00013193607,-0.00016116687,-0.00014882753,0.99384594,3.2796917,0.14910040856136852
6.0,0.020168595999993523,-0.49824962,-0.49824962,0.00013978229,0.00013978229,0.00016712538,0.0001547869,0.99390715,3.2798936,0.14913300765766674
6.0,0.020178595999993523,-0.49717185,-0.49717185,-0.00013458311,-0.00013458311,-0.00016344982,-0.00015111064,0.99394727,3.280026,0.14916560938610607
6.0,0.020188595999993522,-0.49783188,-0.49783188,0.00013765432,0.00013765432,0.00016544202,0.00015310336,0.9939735,3.2801125,0.14919821283592755
6.0,0.020198595999993522,-0.49690238,-0.49690238,-0.00013608114,-0.00013608114,-0.00016454399,-0.00015220502,0.9939914,3.2801716,0.14923081745876843
6.0,0.02020859599999352,-0.49765477,-0.49765477,0.00013671897,0.00013671897,0.00016479679,0.00015245803,0.9940032,3.2802105,0.14926342285646968
6.0,0.02021859599999352,-0.49678442,-0.49678442,-0.00013661521,-0.00013661521,-0.00016490043,-0.00015256155,0.99401146,3.280238,0.1492960287977653
6.0,0.02022859599999352,-0.49757528,-0.49757528,0.00013642828,0.00013642828,0.00016460512,0.00015226635,0.9940168,3.2802556,0.14932863508953623
6.0,0.02023859599999352,-0.49673072,-0.49673072,-0.0001367689,-0.0001367689,-0.00016500168,-0.00015266285,0.99402076,3.2802684,0.14936124163879924
6.0,0.020248595999993523,-0.4975388,-0.4975388,0.00013634768,0.00013634768,0.00016455103,0.00015221228,0.9940232,3.2802765,0.1493938483478027
6.0,0.020258595999993523,-0.49670577,-0.49670577,-0.00013681134,-0.00013681134,-0.00016503053,-0.00015269175,0.9940252,3.2802832,0.14942645518793637
6.0,0.020268595999993522,-0.49752176,-0.49752176,0.00013632418,0.00013632418,0.00016453446,0.00015219572,0.9940262,3.2802863,0.14945906209244306
6.0,0.020278595999993522,-0.4966941,-0.4966941,-0.00013682424,-0.00013682424,-0.0001650397,-0.00015270093,0.9940272,3.2802896,0.14949166906370695
6.0,0.02028859599999352,-0.49751374,-0.49751374,0.00013631622,0.00013631622,0.00016452845,0.00015218974,0.9940276,3.280291,0.14952427606358107
6.0,0.02029859599999352,-0.49668857,-0.49668857,-0.00013682876,-0.00013682876,-0.00016504303,-0.00015270428,0.9940282,3.280293,0.14955688310160214
6.0,0.02030859599999352,-0.49750996,-0.49750996,0.00013631293,0.00013631293,0.00016452577,0.00015218707,0.9940283,3.2802932,0.1495894901443916
6.0,0.02031859599999352,-0.49668598,-0.49668598,-0.00013683058,-0.00013683058,-0.00016504439,-0.00015270566,0.9940286,3.2802947,0.1496220972134071
6.0,0.02032859599999352,-0.49750817,-0.49750817,0.00013631125,0.00013631125,0.00016452432,0.00015218565,0.99402857,3.2802944,0.14965470427765423
6.0,0.020338595999993523,-0.49668476,-0.49668476,-0.00013683138,-0.00013683138,-0.00016504496,-0.00015270626,0.99402887,3.2802954,0.14968731136097485
6.0,0.020348595999993523,-0.49750733,-0.49750733,0.00013631025,0.00013631025,0.00016452339,0.00015218474,0.99402875,3.280295,0.14971991843475874
6.0,0.020358595999993522,-0.49668416,-0.49668416,-0.00013683172,-0.00013683172,-0.00016504516,-0.00015270647,0.994029,3.2802956,0.14975252552284773
6.0,0.020368595999993522,-0.49750692,-0.49750692,0.00013630958,0.00013630958,0.00016452272,0.00015218409,0.9940288,3.280295,0.1497851325990158
6.0,0.02037859599999352,-0.4966839,-0.4966839,-0.00013683183,-0.00013683183,-0.00016504517,-0.00015270652,0.994029,3.2802958,0.14981773968948897
6.0,0.02038859599999352,-0.49750674,-0.49750674,0.00013630906,0.00013630906,0.0001645222,0.0001521836,0.99402887,3.2802951,0.1498503467704254
6.0,0.02039859599999352,-0.49668378,-0.49668378,-0.00013683182,-0.00013683182,-0.00016504507,-0.00015270645,0.99402905,3.2802958,0.14988295386328276
6.0,0.02040859599999352,-0.49750665,-0.49750665,0.00013630865,0.00013630865,0.00016452174,0.00015218317,0.99402887,3.2802951,0.1499155609442192
6.0,0.020418595999993523,-0.49668372,-0.49668372,-0.00013683173,-0.00013683173,-0.00016504491,-0.0001527063,0.99402905,3.2802958,0.14994816803707658
6.0,0.020428595999993523,-0.49750662,-0.49750662,0.0001363083,0.0001363083,0.00016452135,0.0001521828,0.99402887,3.2802951,0.14998077511801303
6.0,0.020438595999993522,-0.4966837,-0.4966837,-0.00013683159,-0.00013683159,-0.00016504471,-0.00015270612,0.99402905,3.2802958,0.15001338221087038
6.0,0.020448595999993522,-0.4975066,-0.4975066,0.00013630798,0.00013630798,0.000164521,0.00015218246,0.99402887,3.2802951,0.15004598929180682
6.0,0.02045859599999352,-0.49668366,-0.49668366,-0.00013683143,-0.00013683143,-0.00016504449,-0.00015270592,0.99402905,3.2802958,0.15007859638466417
6.0,0.02046859599999352,-0.4975066,-0.4975066,0.00013630769,0.00013630769,0.00016452065,0.00015218215,0.99402887,3.2802951,0.1501112034656006
6.0,0.02047859599999352,-0.49668366,-0.49668366,-0.00013683124,-0.00013683124,-0.00016504424,-0.0001527057,0.99402905,3.2802958,0.15014381055845796
6.0,0.02048859599999352,-0.49750656,-0.49750656,0.00013630741,0.00013630741,0.00016452033,0.00015218185,0.99402887,3.2802951,0.1501764176393944
6.0,0.02049859599999352,-0.49668366,-0.49668366,-0.00013683103,-0.00013683103,-0.00016504398,-0.00015270547,0.99402905,3.2802958,0.15020902473225178
6.0,0.020508595999993523,-0.49750656,-0.49750656,0.00013630715,0.00013630715,0.00016452001,0.00015218156,0.99402887,3.2802951,0.15024163181318823
6.0,0.020518595999993523,-0.49668366,-0.49668366,-0.00013683083,-0.00013683083,-0.00016504372,-0.00015270522,0.99402905,3.2802958,0.15027423890604558
6.0,0.020528595999993522,-0.49750656,-0.49750656,0.0001363069,0.0001363069,0.0001645197,0.00015218127,0.99402887,3.2802951,0.15030684598698202
6.0,0.020538595999993522,-0.49668366,-0.49668366,-0.00013683061,-0.00013683061,-0.00016504344,-0.00015270498,0.99402905,3.2802958,0.15033945307983937
6.0,0.02054859599999352,-0.49750656,-0.49750656,0.00013630664,0.00013630664,0.0001645194,0.00015218099,0.99402887,3.2802951,0.1503720601607758
6.0,0.02055859599999352,-0.49668366,-0.49668366,-0.0001368304,-0.0001368304,-0.00016504317,-0.00015270473,0.99402905,3.2802958,0.15040466725363316
6.0,0.02056859599999352,-0.49750656,-0.49750656,0.0001363064,0.0001363064,0.00016451911,0.00015218071,0.99402887,3.2802951,0.1504372743345696
6.0,0.02057859599999352,-0.49668366,-0.49668366,-0.00013683017,-0.00013683017,-0.00016504289,-0.00015270448,0.99402905,3.2802958,0.15046988142742698
6.0,0.020588595999993523,-0.49750656,-0.49750656,0.00013630616,0.00013630616,0.0001645188,0.00015218044,0.99402887,3.2802951,0.15050248850836342
6.0,0.020598595999993523,-0.49668366,-0.49668366,-0.00013682994,-0.00013682994,-0.00016504261,-0.00015270422,0.99402905,3.2802958,0.15053509560122078
6.0,0.020608595999993522,-0.49750656,-0.49750656,0.00013630591,0.00013630591,0.00016451851,0.00015218018,0.99402887,3.2802951,0.15056770268215722
6.0,0.020618595999993522,-0.49668366,-0.49668366,-0.00013682971,-0.00013682971,-0.00016504234,-0.00015270396,0.99402905,3.2802958,0.15060030977501457
6.0,0.02062859599999352,-0.49750656,-0.49750656,0.00013630567,0.00013630567,0.00016451822,0.0001521799,0.99402887,3.2802951,0.150632916855951
6.0,0.02063859599999352,-0.49668366,-0.49668366,-0.00013682949,-0.00013682949,-0.00016504205,-0.00015270371,0.99402905,3.2802958,0.15066552394880836
6.0,0.02064859599999352,-0.49750656,-0.49750656,0.00013630543,0.00013630543,0.00016451793,0.00015217964,0.99402887,3.2802951,0.1506981310297448
6.0,0.02065859599999352,-0.49668366,-0.49668366,-0.00013682926,-0.00013682926,-0.00016504177,-0.00015270345,0.99402905,3.2802958,0.15073073812260215
6.0,0.02066859599999352,-0.49750656,-0.49750656,0.00013630519,0.00013630519,0.00016451764,0.00015217936,0.99402887,3.2802951,0.1507633452035386
6.0,0.020678595999993523,-0.49668366,-0.49668366,-0.00013682902,-0.00013682902,-0.00016504148,-0.00015270319,0.99402905,3.2802958,0.15079595229639597
6.0,0.020688595999993523,-0.49750656,-0.49750656,0.00013630495,0.00013630495,0.00016451735,0.0001521791,0.99402887,3.2802951,0.15082855937733242
6.0,0.020698595999993522,-0.49668366,-0.49668366,-0.00013682879,-0.00013682879,-0.0001650412,-0.00015270292,0.99402905,3.2802958,0.15086116647018977
6.0,0.020708595999993522,-0.49750656,-0.49750656,0.00013630472,0.00013630472,0.00016451706,0.00015217882,0.99402887,3.2802951,0.1508937735511262
6.0,0.02071859599999352,-0.49668366,-0.49668366,-0.00013682856,-0.00013682856,-0.00016504091,-0.00015270266,0.99402905,3.2802958,0.15092638064398356
6.0,0.02072859599999352,-0.49750656,-0.49750656,0.00013630447,0.00013630447,0.00016451676,0.00015217856,0.99402887,3.2802951,0.15095898772492
6.0,0.02073859599999352,-0.49668366,-0.49668366,-0.00013682833,-0.00013682833,-0.00016504062,-0.0001527024,0.99402905,3.2802958,0.15099159481777735
6.0,0.02074859599999352,-0.49750656,-0.49750656,0.00013630424,0.00013630424,0.00016451647,0.0001521783,0.99402887,3.2802951,0.1510242018987138
6.0,0.020758595999993523,-0.49668366,-0.49668366,-0.0001368281,-0.0001368281,-0.00016504034,-0.00015270214,0.99402905,3.2802958,0.15105680899157117
6.0,0.020768595999993523,-0.49750656,-0.49750656,0.000136304,0.000136304,0.00016451618,0.00015217802,0.99402887,3.2802951,0.15108941607250762
6.0,0.020778595999993522,-0.49668366,-0.49668366,-0.00013682786,-0.00013682786,-0.00016504005,-0.00015270188,0.99402905,3.2802958,0.15112202316536497
6.0,0.020788595999993522,-0.49750656,-0.49750656,0.00013630377,0.00013630377,0.00016451589,0.00015217776,0.99402887,3.2802951,0.1511546302463014
6.0,0.02079859599999352,-0.49668366,-0.49668366,-0.00013682763,-0.00013682763,-0.00016503976,-0.00015270161,0.99402905,3.2802958,0.15118723733915876
6.0,0.02080859599999352,-0.49750656,-0.49750656,0.00013630353,0.00013630353,0.0001645156,0.0001521775,0.99402887,3.2802951,0.1512198444200952
6.0,0.02081859599999352,-0.49668366,-0.49668366,-0.0001368274,-0.0001368274,-0.00016503948,-0.00015270135,0.99402905,3.2802958,0.15125245151295255
6.0,0.02082859599999352,-0.49750656,-0.49750656,0.0001363033,0.0001363033,0.00016451531,0.00015217724,0.99402887,3.2802951,0.151285058593889
6.0,0.02083859599999352,-0.49668366,-0.49668366,-0.00013682716,-0.00013682716,-0.0001650392,-0.00015270109,0.99402905,3.2802958,0.15131766568674637
6.0,0.020848595999993523,-0.49750656,-0.49750656,0.00013630306,0.00013630306,0.00016451502,0.00015217696,0.99402887,3.2802951,0.15135027276768281
6.0,0.020858595999993523,-0.49668366,-0.49668366,-0.00013682693,-0.00013682693,-0.0001650389,-0.00015270081,0.99402905,3.2802958,0.15138287986054016
6.0,0.020868595999993522,-0.49750656,-0.49750656,0.00013630283,0.00013630283,0.00016451473,0.0001521767,0.99402887,3.2802951,0.1514154869414766
6.0,0.020878595999993522,-0.49668366,-0.49668366,-0.0001368267,-0.0001368267,-0.00016503863,-0.00015270055,0.99402905,3.2802958,0.15144809403433396
6.0,0.02088859599999352,-0.49750656,-0.49750656,0.0001363026,0.0001363026,0.00016451444,0.00015217644,0.99402887,3.2802951,0.1514807011152704
6.0,0.02089859599999352,-0.49668366,-0.49668366,-0.00013682646,-0.00013682646,-0.00016503833,-0.00015270029,0.99402905,3.2802958,0.15151330820812775
6.0,0.02090859599999352,-0.49750656,-0.49750656,0.00013630235,0.00013630235,0.00016451416,0.00015217617,0.99402887,3.2802951,0.1515459152890642
6.0,0.02091859599999352,-0.49668366,-0.49668366,-0.00013682623,-0.00013682623,-0.00016503804,-0.00015270003,0.99402905,3.2802958,0.15157852238192157
6.0,0.020928595999993523,-0.49750656,-0.49750656,0.00013630211,0.00013630211,0.00016451387,0.0001521759,0.99402887,3.2802951,0.151611129462858
6.0,0.020938595999993523,-0.49668366,-0.49668366,-0.000136826,-0.000136826,-0.00016503775,-0.00015269977,0.99402905,3.2802958,0.15164373655571536
6.0,0.020948595999993522,-0.49750656,-0.49750656,0.00013630188,0.00013630188,0.00016451358,0.00015217563,0.99402887,3.2802951,0.1516763436366518
6.0,0.020958595999993522,-0.49668366,-0.49668366,-0.00013682577,-0.00013682577,-0.00016503748,-0.0001526995,0.99402905,3.2802958,0.15170895072950916
6.0,0.02096859599999352,-0.49750656,-0.49750656,0.00013630165,0.00013630165,0.00016451329,0.00015217537,0.99402887,3.2802951,0.1517415578104456
6.0,0.02097859599999352,-0.49668366,-0.49668366,-0.00013682553,-0.00013682553,-0.00016503719,-0.00015269924,0.99402905,3.2802958,0.15177416490330295
6.0,0.02098859599999352,-0.49750656,-0.49750656,0.00013630142,0.00013630142,0.000164513,0.00015217511,0.99402887,3.2802951,0.1518067719842394
6.0,0.02099859599999352,-0.49668366,-0.49668366,-0.0001368253,-0.0001368253,-0.0001650369,-0.00015269898,0.99402905,3.2802958,0.1518253645485972
6.0,0.021,-0.49750653,-0.49750653,0.00013630046,0.00013630046,0.00016451183,0.00015217403,0.99402887,3.2802951,0.15182765356731986
6.0,0.021000000001,-0.4973291,-0.4973291,9.225156e-05,9.225156e-05,9.525446e-05,0.00010154991,0.9940289,3.2802954,0.1518276535950359
6.0,0.021000000017,-0.49696764,-0.49696764,-5.644142e-05,-5.644142e-05,-5.041843e-05,-6.121829e-05,0.994029,3.2802956,0.15182765365379988
6.0,0.021000000037043685,-0.49717343,-0.49717343,3.7729224e-05,3.7729224e-05,2.9066625e-05,4.0742216e-05,0.994029,3.2802954,0.15182765372209217
6.0,0.021000000058888,-0.49704468,-0.49704468,-2.7285974e-05,-2.7285974e-05,-1.8002534e-05,-2.9324874e-05,0.994029,3.2802956,0.1518276538289341
6.0,0.02100000010257663,-0.4971356,-0.4971356,2.268056e-05,2.268056e-05,1.34075035e-05,2.4365578e-05,0.994029,3.2802956,0.15182765404261794
6.0,0.021000000189953887,-0.49705875,-0.49705875,-2.146143e-05,-2.146143e-05,-1.2252869e-05,-2.2992976e-05,0.994029,3.2802956,0.15182765446998564
6.0,0.021000000364708404,-0.49712953,-0.49712953,2.0119816e-05,2.0119816e-05,1.09485145e-05,2.1578731e-05,0.994029,3.2802956,0.15182765532472103
6.0,0.021000000714217436,-0.49706158,-0.49706158,-2.025106e-05,-2.025106e-05,-1.110206e-05,-2.1675361e-05,0.994029,3.2802956,0.15182765703419182
6.0,0.021000001413235506,-0.4971282,-0.4971282,1.9534647e-05,1.9534647e-05,1.0396798e-05,2.094146e-05,0.994029,3.2802956,0.15182766045313337
6.0,0.021000002811271637,-0.49706224,-0.49706224,-1.996289e-05,-1.996289e-05,-1.0830975e-05,-2.136129e-05,0.994029,3.2802956,0.15182766729101646
6.0,0.021000005607343903,-0.49712783,-0.49712783,1.9391377e-05,1.9391377e-05,1.0262323e-05,2.0785481e-05,0.994029,3.2802956,0.15182768096678267
6.0,0.021000011199488435,-0.4970624,-0.4970624,-1.9891651e-05,-1.9891651e-05,-1.0764107e-05,-2.1283631e-05,0.994029,3.2802956,0.15182770831831507
6.0,0.0210000223837775,-0.49712777,-0.49712777,1.9355795e-05,1.9355795e-05,1.022895e-05,2.0746715e-05,0.994029,3.2802956,0.15182776302137987
6.0,0.021000044752355628,-0.49706244,-0.49706244,-1.9873876e-05,-1.9873876e-05,-1.0747439e-05,-2.1264264e-05,0.994029,3.2802956,0.1518278724275095
6.0,0.021000089489511885,-0.49712774,-0.49712774,1.9346913e-05,1.9346913e-05,1.022062e-05,2.0737036e-05,0.994029,3.2802956,0.15182809123976873
6.0,0.021000178963824397,-0.49706247,-0.49706247,-1.9869436e-05,-1.9869436e-05,-1.0743276e-05,-2.1259428e-05,0.994029,3.2802956,0.15182852886428722
6.0,0.021000357912449426,-0.49712774,-0.49712774,1.9344692e-05,1.9344692e-05,1.0218539e-05,2.0734617e-05,0.994029,3.2802956,0.15182940411332416
6.0,0.021000715809699477,-0.49706247,-0.49706247,-1.9868326e-05,-1.9868326e-05,-1.0742235e-05,-2.1258218e-05,0.994029,3.2802956,0.15183115461139807
6.0,0.021001431604199587,-0.49712774,-0.49712774,1.9344137e-05,1.9344137e-05,1.0218018e-05,2.0734013e-05,0.994029,3.2802956,0.15183465560754586
6.0,0.0210028631931998,-0.49706247,-0.49706247,-1.9868048e-05,-1.9868048e-05,-1.0741975e-05,-2.1257916e-05,0.994029,3.2802956,0.15184165759984145
6.0,0.021005726371200233,-0.49712774,-0.49712774,1.9344e-05,1.9344e-05,1.0217888e-05,2.0733862e-05,0.994029,3.2802956,0.15185566158443262
6.0,0.02101145272720109,-0.49706247,-0.49706247,-1.9867979e-05,-1.9867979e-05,-1.074191e-05,-2.125784e-05,0.994029,3.2802956,0.15188130111820455
6.0,0.02102145272720109,-0.49712774,-0.49712774,1.9343961e-05,1.9343961e-05,1.0217853e-05,2.0733822e-05,0.994029,3.2802956,0.15191390820629355
6.0,0.02103145272720109,-0.49706247,-0.49706247,-1.9867954e-05,-1.9867954e-05,-1.0741886e-05,-2.1257812e-05,0.994029,3.2802956,0.15194651529438255
6.0,0.021041452727201093,-0.49712774,-0.49712774,1.9343934e-05,1.9343934e-05,1.0217827e-05,2.073379e-05,0.994029,3.2802956,0.15197912238247155
6.0,0.021051452727201093,-0.49706247,-0.49706247,-1.9867928e-05,-1.9867928e-05,-1.0741862e-05,-2.1257783e-05,0.994029,3.2802956,0.15201172947056055
6.0,0.021061452727201092,-0.49712774,-0.49712774,1.9343906e-05,1.9343906e-05,1.0217802e-05,2.0733762e-05,0.994029,3.2802956,0.15204433655864955
6.0,0.021071452727201092,-0.49706247,-0.49706247,-1.9867903e-05,-1.9867903e-05,-1.0741838e-05,-2.1257756e-05,0.994029,3.2802956,0.15207694364673854
6.0,0.02108145272720109,-0.49712774,-0.49712774,1.934388e-05,1.934388e-05,1.0217776e-05,2.0733733e-05,0.994029,3.2802956,0.15210955073482754
6.0,0.02109145272720109,-0.49706247,-0.49706247,-1.9867877e-05,-1.9867877e-05,-1.0741814e-05,-2.1257729e-05,0.994029,3.2802956,0.15214215782291654
6.0,0.02110145272720109,-0.49712774,-0.49712774,1.9343854e-05,1.9343854e-05,1.0217751e-05,2.0733703e-05,0.994029,3.2802956,0.15217476491100554
6.0,0.02111145272720109,-0.49706247,-0.49706247,-1.9867852e-05,-1.9867852e-05,-1.074179e-05,-2.12577e-05,0.994029,3.2802956,0.15220737199909454
6.0,0.021121452727201093,-0.49712774,-0.49712774,1.9343826e-05,1.9343826e-05,1.02177255e-05,2.0733672e-05,0.994029,3.2802956,0.15223997908718354
6.0,0.021131452727201093,-0.49706247,-0.49706247,-1.9867824e-05,-1.9867824e-05,-1.0741765e-05,-2.1257672e-05,0.994029,3.2802956,0.15227258617527253
6.0,0.021141452727201093,-0.49712774,-0.49712774,1.9343799e-05,1.9343799e-05,1.02177e-05,2.0733643e-05,0.994029,3.2802956,0.15230519326336153
6.0,0.021151452727201092,-0.49706247,-0.49706247,-1.9867799e-05,-1.9867799e-05,-1.0741742e-05,-2.1257643e-05,0.994029,3.2802956,0.15233780035145053
6.0,0.021161452727201092,-0.49712774,-0.49712774,1.9343772e-05,1.9343772e-05,1.0217675e-05,2.0733614e-05,0.994029,3.2802956,0.15237040743953953
6.0,0.02117145272720109,-0.49706247,-0.49706247,-1.9867774e-05,-1.9867774e-05,-1.0741717e-05,-2.1257616e-05,0.994029,3.2802956,0.15240301452762853
6.0,0.02118145272720109,-0.49712774,-0.49712774,1.9343744e-05,1.9343744e-05,1.0217649e-05,2.0733585e-05,0.994029,3.2802956,0.15243562161571753
6.0,0.02119145272720109,-0.49706247,-0.49706247,-1.9867748e-05,-1.9867748e-05,-1.0741693e-05,-2.1257587e-05,0.994029,3.2802956,0.15246822870380652
6.0,0.02120145272720109,-0.49712774,-0.49712774,1.9343717e-05,1.9343717e-05,1.0217624e-05,2.0733556e-05,0.994029,3.2802956,0.15250083579189552
6.0,0.021211452727201093,-0.49706247,-0.49706247,-1.986772e-05,-1.986772e-05,-1.0741669e-05,-2.1257558e-05,0.994029,3.2802956,0.15253344287998452
6.0,0.021221452727201093,-0.49712774,-0.49712774,1.934369e-05,1.934369e-05,1.0217598e-05,2.0733525e-05,0.994029,3.2802956,0.15256604996807352
6.0,0.021231452727201092,-0.49706247,-0.49706247,-1.9867695e-05,-1.9867695e-05,-1.07416445e-05,-2.125753e-05,0.994029,3.2802956,0.15259865705616252
6.0,0.021241452727201092,-0.49712774,-0.49712774,1.9343663e-05,1.9343663e-05,1.0217573e-05,2.0733496e-05,0.994029,3.2802956,0.15263126414425152
6.0,0.02125145272720109,-0.49706247,-0.49706247,-1.986767e-05,-1.986767e-05,-1.074162e-05,-2.1257501e-05,0.994029,3.2802956,0.15266387123234051
6.0,0.02126145272720109,-0.49712774,-0.49712774,1.9343635e-05,1.9343635e-05,1.0217547e-05,2.0733467e-05,0.994029,3.2802956,0.1526964783204295
6.0,0.02127145272720109,-0.49706247,-0.49706247,-1.9867644e-05,-1.9867644e-05,-1.0741596e-05,-2.1257474e-05,0.994029,3.2802956,0.1527290854085185
6.0,0.02128145272720109,-0.49712774,-0.49712774,1.934361e-05,1.934361e-05,1.0217523e-05,2.0733438e-05,0.994029,3.2802956,0.1527616924966075
6.0,0.021291452727201093,-0.49706247,-0.49706247,-1.9867617e-05,-1.9867617e-05,-1.0741572e-05,-2.1257445e-05,0.994029,3.2802956,0.1527942995846965
6.0,0.021301452727201093,-0.49712774,-0.49712774,1.9343583e-05,1.9343583e-05,1.0217497e-05,2.0733409e-05,0.994029,3.2802956,0.1528269066727855
6.0,0.021311452727201093,-0.49706247,-0.49706247,-1.9867592e-05,-1.9867592e-05,-1.0741547e-05,-2.1257418e-05,0.994029,3.2802956,0.1528595137608745
6.0,0.021321452727201092,-0.49712774,-0.49712774,1.9343555e-05,1.9343555e-05,1.0217472e-05,2.073338e-05,0.994029,3.2802956,0.1528921208489635
6.0,0.021331452727201092,-0.49706247,-0.49706247,-1.9867566e-05,-1.9867566e-05,-1.0741523e-05,-2.1257389e-05,0.994029,3.2802956,0.1529247279370525
6.0,0.02134145272720109,-0.49712774,-0.49712774,1.9343528e-05,1.9343528e-05,1.0217446e-05,2.073335e-05,0.994029,3.2802956,0.1529573350251415
6.0,0.02135145272720109,-0.49706247,-0.49706247,-1.9867539e-05,-1.9867539e-05,-1.0741499e-05,-2.125736e-05,0.994029,3.2802956,0.1529899421132305
6.0,0.02136145272720109,-0.49712774,-0.49712774,1.93435e-05,1.93435e-05,1.0217421e-05,2.0733321e-05,0.994029,3.2802956,0.1530225492013195
6.0,0.02137145272720109,-0.49706247,-0.49706247,-1.9867513e-05,-1.9867513e-05,-1.0741474e-05,-2.1257332e-05,0.994029,3.2802956,0.1530551562894085
6.0,0.021381452727201093,-0.49712774,-0.49712774,1.9343473e-05,1.9343473e-05,1.0217395e-05,2.073329e-05,0.994029,3.2802956,0.1530877633774975
6.0,0.021391452727201093,-0.49706247,-0.49706247,-1.9867488e-05,-1.9867488e-05,-1.074145e-05,-2.1257303e-05,0.994029,3.2802956,0.1531203704655865
6.0,0.021401452727201092,-0.49712774,-0.49712774,1.9343448e-05,1.9343448e-05,1.0217371e-05,2.0733261e-05,0.994029,3.2802956,0.1531529775536755
6.0,0.021411452727201092,-0.49706247,-0.49706247,-1.9867462e-05,-1.9867462e-05,-1.0741425e-05,-2.1257276e-05,0.994029,3.2802956,0.1531855846417645
6.0,0.02142145272720109,-0.49712774,-0.49712774,1.934342e-05,1.934342e-05,1.0217345e-05,2.0733232e-05,0.994029,3.2802956,0.1532181917298535
6.0,0.02143145272720109,-0.49706247,-0.49706247,-1.9867435e-05,-1.9867435e-05,-1.0741401e-05,-2.1257247e-05,0.994029,3.2802956,0.15325079881794249
6.0,0.02144145272720109,-0.49712774,-0.49712774,1.9343393e-05,1.9343393e-05,1.021732e-05,2.0733203e-05,0.994029,3.2802956,0.15328340590603148
6.0,0.02145145272720109,-0.49706247,-0.49706247,-1.986741e-05,-1.986741e-05,-1.0741376e-05,-2.1257218e-05,0.994029,3.2802956,0.15331601299412048
6.0,0.021461452727201093,-0.49712774,-0.49712774,1.9343366e-05,1.9343366e-05,1.0217294e-05,2.0733174e-05,0.994029,3.2802956,0.15334862008220948
6.0,0.021471452727201093,-0.49706247,-0.49706247,-1.9867384e-05,-1.9867384e-05,-1.07413525e-05,-2.125719e-05,0.994029,3.2802956,0.15338122717029848
6.0,0.021481452727201093,-0.49712774,-0.49712774,1.934334e-05,1.934334e-05,1.021727e-05,2.0733145e-05,0.994029,3.2802956,0.15341383425838748
6.0,0.021491452727201092,-0.49706247,-0.49706247,-1.9867357e-05,-1.9867357e-05,-1.0741328e-05,-2.1257161e-05,0.994029,3.2802956,0.15344644134647648
6.0,0.021501452727201092,-0.49712774,-0.49712774,1.9343313e-05,1.9343313e-05,1.0217244e-05,2.0733116e-05,0.994029,3.2802956,0.15347904843456547
6.0,0.02151145272720109,-0.49706247,-0.49706247,-1.9867332e-05,-1.9867332e-05,-1.0741303e-05,-2.1257132e-05,0.994029,3.2802956,0.15351165552265447
6.0,0.02152145272720109,-0.49712774,-0.49712774,1.9343286e-05,1.9343286e-05,1.0217219e-05,2.0733087e-05,0.994029,3.2802956,0.15354426261074347
6.0,0.02153145272720109,-0.49706247,-0.49706247,-1.9867306e-05,-1.9867306e-05,-1.0741279e-05,-2.1257105e-05,0.994029,3.2802956,0.15357686969883247
6.0,0.02154145272720109,-0.49712774,-0.49712774,1.9343259e-05,1.9343259e-05,1.0217194e-05,2.0733058e-05,0.994029,3.2802956,0.15360947678692147
6.0,0.021551452727201093,-0.49706247,-0.49706247,-1.9867279e-05,-1.9867279e-05,-1.0741254e-05,-2.1257076e-05,0.994029,3.2802956,0.15364208387501047
6.0,0.021561452727201093,-0.49712774,-0.49712774,1.9343233e-05,1.9343233e-05,1.0217169e-05,2.0733029e-05,0.994029,3.2802956,0.15367469096309946
6.0,0.021571452727201092,-0.49706247,-0.49706247,-1.9867253e-05,-1.9867253e-05,-1.074123e-05,-2.1257047e-05,0.994029,3.2802956,0.15370729805118846
6.0,0.021581452727201092,-0.49712774,-0.49712774,1.9343206e-05,1.9343206e-05,1.0217143e-05,2.0733e-05,0.994029,3.2802956,0.15373990513927746
6.0,0.02159145272720109,-0.49706247,-0.49706247,-1.9867226e-05,-1.9867226e-05,-1.0741205e-05,-2.125702e-05,0.994029,3.2802956,0.15377251222736646
6.0,0.02160145272720109,-0.49712774,-0.49712774,1.9343179e-05,1.9343179e-05,1.0217119e-05,2.073297e-05,0.994029,3.2802956,0.15380511931545546
6.0,0.02161145272720109,-0.49706247,-0.49706247,-1.98672e-05,-1.98672e-05,-1.0741181e-05,-2.125699e-05,0.994029,3.2802956,0.15383772640354446
6.0,0.02162145272720109,-0.49712774,-0.49712774,1.9343152e-05,1.9343152e-05,1.0217093e-05,2.0732941e-05,0.994029,3.2802956,0.15387033349163345
6.0,0.02163145272720109,-0.49706247,-0.49706247,-1.9867175e-05,-1.9867175e-05,-1.0741156e-05,-2.1256961e-05,0.994029,3.2802956,0.15390294057972245
6.0,0.021641452727201093,-0.49712774,-0.49712774,1.9343126e-05,1.9343126e-05,1.0217068e-05,2.0732912e-05,0.994029,3.2802956,0.15393554766781145
6.0,0.021651452727201093,-0.49706247,-0.49706247,-1.9867148e-05,-1.9867148e-05,-1.07411315e-05,-2.1256934e-05,0.994029,3.2802956,0.15396815475590045
6.0,0.021661452727201092,-0.49712774,-0.49712774,1.9343099e-05,1.9343099e-05,1.0217043e-05,2.0732883e-05,0.994029,3.2802956,0.15400076184398945
6.0,0.021671452727201092,-0.49706247,-0.49706247,-1.9867122e-05,-1.9867122e-05,-1.0741107e-05,-2.1256905e-05,0.994029,3.2802956,0.15403336893207845
6.0,0.02168145272720109,-0.49712774,-0.49712774,1.9343071e-05,1.9343071e-05,1.0217018e-05,2.0732852e-05,0.994029,3.2802956,0.15406597602016744
6.0,0.02169145272720109,-0.49706247,-0.49706247,-1.9867095e-05,-1.9867095e-05,-1.0741082e-05,-2.1256876e-05,0.994029,3.2802956,0.15409858310825644
6.0,0.02170145272720109,-0.49712774,-0.49712774,1.9343044e-05,1.9343044e-05,1.0216992e-05,2.0732823e-05,0.994029,3.2802956,0.15413119019634544
6.0,0.02171145272720109,-0.49706247,-0.49706247,-1.986707e-05,-1.986707e-05,-1.0741058e-05,-2.1256848e-05,0.994029,3.2802956,0.15416379728443444
6.0,0.021721452727201093,-0.49712774,-0.49712774,1.9343019e-05,1.9343019e-05,1.0216968e-05,2.0732794e-05,0.994029,3.2802956,0.15419640437252344
6.0,0.021731452727201093,-0.49706247,-0.49706247,-1.9867044e-05,-1.9867044e-05,-1.0741033e-05,-2.125682e-05,0.994029,3.2802956,0.15422901146061244
6.0,0.021741452727201092,-0.49712774,-0.49712774,1.9342991e-05,1.9342991e-05,1.0216942e-05,2.0732765e-05,0.994029,3.2802956,0.15426161854870143
6.0,0.021751452727201092,-0.49706247,-0.49706247,-1.9867017e-05,-1.9867017e-05,-1.0741009e-05,-2.125679e-05,0.994029,3.2802956,0.15429422563679043
6.0,0.02176145272720109,-0.49712774,-0.49712774,1.9342964e-05,1.9342964e-05,1.0216918e-05,2.0732736e-05,0.994029,3.2802956,0.15432683272487943
6.0,0.02177145272720109,-0.49706247,-0.49706247,-1.9866991e-05,-1.9866991e-05,-1.0740984e-05,-2.1256761e-05,0.994029,3.2802956,0.15435943981296843
6.0,0.02178145272720109,-0.49712774,-0.49712774,1.9342939e-05,1.9342939e-05,1.0216892e-05,2.0732707e-05,0.994029,3.2802956,0.15439204690105743
6.0,0.02179145272720109,-0.49706247,-0.49706247,-1.9866964e-05,-1.9866964e-05,-1.074096e-05,-2.1256734e-05,0.994029,3.2802956,0.15442465398914643
6.0,0.02180145272720109,-0.49712774,-0.49712774,1.9342911e-05,1.9342911e-05,1.0216867e-05,2.0732678e-05,0.994029,3.2802956,0.15445726107723542
6.0,0.021811452727201093,-0.49706247,-0.49706247,-1.9866939e-05,-1.9866939e-05,-1.0740935e-05,-2.1256705e-05,0.994029,3.2802956,0.15448986816532442
6.0,0.021821452727201093,-0.49712774,-0.49712774,1.9342884e-05,1.9342884e-05,1.0216842e-05,2.0732648e-05,0.994029,3.2802956,0.15452247525341342
6.0,0.021831452727201092,-0.49706247,-0.49706247,-1.9866913e-05,-1.9866913e-05,-1.07409105e-05,-2.1256676e-05,0.994029,3.2802956,0.15455508234150242
6.0,0.021841452727201092,-0.49712774,-0.49712774,1.9342857e-05,1.9342857e-05,1.0216817e-05,2.073262e-05,0.994029,3.2802956,0.15458768942959142
6.0,0.02185145272720109,-0.49706247,-0.49706247,-1.9866886e-05,-1.9866886e-05,-1.0740886e-05,-2.1256647e-05,0.994029,3.2802956,0.15462029651768042
6.0,0.02186145272720109,-0.49712774,-0.49712774,1.9342831e-05,1.9342831e-05,1.0216792e-05,2.073259e-05,0.994029,3.2802956,0.15465290360576942
6.0,0.02187145272720109,-0.49706247,-0.49706247,-1.986686e-05,-1.986686e-05,-1.0740861e-05,-2.125662e-05,0.994029,3.2802956,0.1546855106938584
6.0,0.02188145272720109,-0.49712774,-0.49712774,1.9342804e-05,1.9342804e-05,1.0216767e-05,2.0732561e-05,0.994029,3.2802956,0.1547181177819474
6.0,0.021891452727201093,-0.49706247,-0.49706247,-1.9866833e-05,-1.9866833e-05,-1.0740837e-05,-2.125659e-05,0.994029,3.2802956,0.1547507248700364
6.0,0.021901452727201093,-0.49712774,-0.49712774,1.9342777e-05,1.9342777e-05,1.0216742e-05,2.0732532e-05,0.994029,3.2802956,0.1547833319581254
6.0,0.021911452727201092,-0.49706247,-0.49706247,-1.9866808e-05,-1.9866808e-05,-1.0740812e-05,-2.1256561e-05,0.994029,3.2802956,0.1548159390462144
6.0,0.021921452727201092,-0.49712774,-0.49712774,1.9342751e-05,1.9342751e-05,1.0216717e-05,2.0732505e-05,0.994029,3.2802956,0.1548485461343034
6.0,0.02193145272720109,-0.49706247,-0.49706247,-1.986678e-05,-1.986678e-05,-1.0740788e-05,-2.1256534e-05,0.994029,3.2802956,0.1548811532223924
6.0,0.02194145272720109,-0.49712774,-0.49712774,1.9342724e-05,1.9342724e-05,1.0216692e-05,2.0732476e-05,0.994029,3.2802956,0.1549137603104814
6.0,0.02195145272720109,-0.49706247,-0.49706247,-1.9866755e-05,-1.9866755e-05,-1.0740763e-05,-2.1256505e-05,0.994029,3.2802956,0.1549463673985704
6.0,0.02196145272720109,-0.49712774,-0.49712774,1.9342697e-05,1.9342697e-05,1.0216667e-05,2.0732447e-05,0.994029,3.2802956,0.1549789744866594
6.0,0.02197145272720109,-0.49706247,-0.49706247,-1.986673e-05,-1.986673e-05,-1.0740739e-05,-2.1256476e-05,0.994029,3.2802956,0.1550115815747484
6.0,0.021981452727201093,-0.49712774,-0.49712774,1.9342671e-05,1.9342671e-05,1.0216642e-05,2.0732417e-05,0.994029,3.2802956,0.1550441886628374
6.0,0.021991452727201093,-0.49706247,-0.49706247,-1.9866702e-05,-1.9866702e-05,-1.0740714e-05,-2.1256446e-05,0.994029,3.2802956,0.1550767957509264
6.0,0.022001452727201092,-0.49712774,-0.49712774,1.9342644e-05,1.9342644e-05,1.0216617e-05,2.0732388e-05,0.994029,3.2802956,0.1551094028390154
6.0,0.022011452727201092,-0.49706247,-0.49706247,-1.9866677e-05,-1.9866677e-05,-1.07406895e-05,-2.125642e-05,0.994029,3.2802956,0.1551420099271044
6.0,0.02202145272720109,-0.49712774,-0.49712774,1.9342617e-05,1.9342617e-05,1.0216592e-05,2.073236e-05,0.994029,3.2802956,0.1551746170151934
6.0,0.02203145272720109,-0.49706247,-0.49706247,-1.986665e-05,-1.986665e-05,-1.0740665e-05,-2.125639e-05,0.994029,3.2802956,0.1552072241032824
6.0,0.02204145272720109,-0.49712774,-0.49712774,1.9342591e-05,1.9342591e-05,1.0216567e-05,2.073233e-05,0.994029,3.2802956,0.15523983119137139
6.0,0.02205145272720109,-0.49706247,-0.49706247,-1.9866624e-05,-1.9866624e-05,-1.074064e-05,-2.1256361e-05,0.994029,3.2802956,0.15527243827946038
6.0,0.022061452727201093,-0.49712774,-0.49712774,1.9342564e-05,1.9342564e-05,1.0216542e-05,2.0732301e-05,0.994029,3.2802956,0.15530504536754938
6.0,0.022071452727201093,-0.49706247,-0.49706247,-1.9866597e-05,-1.9866597e-05,-1.0740615e-05,-2.1256332e-05,0.994029,3.2802956,0.15533765245563838
6.0,0.022081452727201092,-0.49712774,-0.49712774,1.9342537e-05,1.9342537e-05,1.0216517e-05,2.0732272e-05,0.994029,3.2802956,0.15537025954372738
6.0,0.022091452727201092,-0.49706247,-0.49706247,-1.9866571e-05,-1.9866571e-05,-1.074059e-05,-2.1256303e-05,0.994029,3.2802956,0.15540286663181638
6.0,0.02210145272720109,-0.49712774,-0.49712774,1.9342511e-05,1.9342511e-05,1.0216492e-05,2.0732243e-05,0.994029,3.2802956,0.15543547371990538
6.0,0.02211145272720109,-0.49706247,-0.49706247,-1.9866544e-05,-1.9866544e-05,-1.0740566e-05,-2.1256275e-05,0.994029,3.2802956,0.15546808080799437
6.0,0.02212145272720109,-0.49712774,-0.49712774,1.9342484e-05,1.9342484e-05,1.0216467e-05,2.0732214e-05,0.994029,3.2802956,0.15550068789608337
6.0,0.02213145272720109,-0.49706247,-0.49706247,-1.9866518e-05,-1.9866518e-05,-1.0740541e-05,-2.1256246e-05,0.994029,3.2802956,0.15553329498417237
6.0,0.02214145272720109,-0.49712774,-0.49712774,1.9342458e-05,1.9342458e-05,1.0216442e-05,2.0732185e-05,0.994029,3.2802956,0.15556590207226137
6.0,0.022151452727201093,-0.49706247,-0.49706247,-1.9866491e-05,-1.9866491e-05,-1.0740517e-05,-2.1256217e-05,0.994029,3.2802956,0.15559850916035037
6.0,0.022161452727201093,-0.49712774,-0.49712774,1.9342431e-05,1.9342431e-05,1.0216417e-05,2.0732155e-05,0.994029,3.2802956,0.15563111624843937
6.0,0.022171452727201092,-0.49706247,-0.49706247,-1.9866466e-05,-1.9866466e-05,-1.0740492e-05,-2.1256188e-05,0.994029,3.2802956,0.15566372333652836
6.0,0.022181452727201092,-0.49712774,-0.49712774,1.9342404e-05,1.9342404e-05,1.0216392e-05,2.0732126e-05,0.994029,3.2802956,0.15569633042461736
6.0,0.02219145272720109,-0.49706247,-0.49706247,-1.9866438e-05,-1.9866438e-05,-1.0740468e-05,-2.125616e-05,0.994029,3.2802956,0.15572893751270636
6.0,0.02220145272720109,-0.49712774,-0.49712774,1.9342378e-05,1.9342378e-05,1.0216367e-05,2.0732097e-05,0.994029,3.2802956,0.15576154460079536
6.0,0.02221145272720109,-0.49706247,-0.49706247,-1.9866413e-05,-1.9866413e-05,-1.0740443e-05,-2.1256132e-05,0.994029,3.2802956,0.15579415168888436
6.0,0.02222145272720109,-0.49712774,-0.49712774,1.9342351e-05,1.9342351e-05,1.0216342e-05,2.0732068e-05,0.994029,3.2802956,0.15582675877697336
6.0,0.022231452727201093,-0.49706247,-0.49706247,-1.9866386e-05,-1.9866386e-05,-1.0740418e-05,-2.1256103e-05,0.994029,3.2802956,0.15585936586506235
6.0,0.022241452727201093,-0.49712774,-0.49712774,1.9342324e-05,1.9342324e-05,1.0216317e-05,2.0732039e-05,0.994029,3.2802956,0.15589197295315135
6.0,0.022251452727201092,-0.49706247,-0.49706247,-1.986636e-05,-1.986636e-05,-1.0740393e-05,-2.1256074e-05,0.994029,3.2802956,0.15592458004124035
6.0,0.022261452727201092,-0.49712774,-0.49712774,1.9342298e-05,1.9342298e-05,1.0216292e-05,2.073201e-05,0.994029,3.2802956,0.15595718712932935
6.0,0.02227145272720109,-0.49706247,-0.49706247,-1.9866335e-05,-1.9866335e-05,-1.0740368e-05,-2.1256044e-05,0.994029,3.2802956,0.15598979421741835
6.0,0.02228145272720109,-0.4971277,-0.4971277,1.9342271e-05,1.9342271e-05,1.0216267e-05,2.073198e-05,0.994029,3.2802956,0.15602240130550735
6.0,0.02229145272720109,-0.49706247,-0.49706247,-1.9866307e-05,-1.9866307e-05,-1.0740344e-05,-2.1256017e-05,0.994029,3.2802956,0.15605500839359635
6.0,0.02230145272720109,-0.4971277,-0.4971277,1.9342244e-05,1.9342244e-05,1.0216242e-05,2.0731952e-05,0.994029,3.2802956,0.15608761548168534
6.0,0.02231145272720109,-0.49706247,-0.49706247,-1.9866282e-05,-1.9866282e-05,-1.0740319e-05,-2.1255988e-05,0.994029,3.2802956,0.15612022256977434
6.0,0.022321452727201093,-0.4971277,-0.4971277,1.9342218e-05,1.9342218e-05,1.0216218e-05,2.0731924e-05,0.994029,3.2802956,0.15615282965786334
6.0,0.022331452727201093,-0.49706247,-0.49706247,-1.9866255e-05,-1.9866255e-05,-1.0740295e-05,-2.1255959e-05,0.994029,3.2802956,0.15618543674595234
6.0,0.022341452727201092,-0.4971277,-0.4971277,1.9342191e-05,1.9342191e-05,1.0216192e-05,2.0731895e-05,0.994029,3.2802956,0.15621804383404134
6.0,0.022351452727201092,-0.49706247,-0.49706247,-1.986623e-05,-1.986623e-05,-1.074027e-05,-2.125593e-05,0.994029,3.2802956,0.15625065092213034
6.0,0.02236145272720109,-0.4971277,-0.4971277,1.9342166e-05,1.9342166e-05,1.02161675e-05,2.0731866e-05,0.994029,3.2802956,0.15628325801021933
6.0,0.02237145272720109,-0.49706247,-0.49706247,-1.9866202e-05,-1.9866202e-05,-1.0740245e-05,-2.12559e-05,0.994029,3.2802956,0.15631586509830833
6.0,0.02238145272720109,-0.4971277,-0.4971277,1.9342138e-05,1.9342138e-05,1.0216142e-05,2.0731837e-05,0.994029,3.2802956,0.15634847218639733
6.0,0.02239145272720109,-0.49706247,-0.49706247,-1.9866176e-05,-1.9866176e-05,-1.074022e-05,-2.1255873e-05,0.994029,3.2802956,0.15638107927448633
6.0,0.022401452727201093,-0.4971277,-0.4971277,1.9342111e-05,1.9342111e-05,1.02161175e-05,2.0731808e-05,0.994029,3.2802956,0.15641368636257533
6.0,0.022411452727201093,-0.49706247,-0.49706247,-1.986615e-05,-1.986615e-05,-1.0740196e-05,-2.1255844e-05,0.994029,3.2802956,0.15644629345066433
6.0,0.022421452727201092,-0.4971277,-0.4971277,1.9342086e-05,1.9342086e-05,1.0216093e-05,2.0731779e-05,0.994029,3.2802956,0.15647890053875332
6.0,0.022431452727201092,-0.49706247,-0.49706247,-1.9866124e-05,-1.9866124e-05,-1.0740171e-05,-2.1255815e-05,0.994029,3.2802956,0.15651150762684232
6.0,0.02244145272720109,-0.4971277,-0.4971277,1.9342058e-05,1.9342058e-05,1.02160675e-05,2.073175e-05,0.994029,3.2802956,0.15654411471493132
6.0,0.02245145272720109,-0.49706247,-0.49706247,-1.9866096e-05,-1.9866096e-05,-1.07401465e-05,-2.1255786e-05,0.994029,3.2802956,0.15657672180302032
6.0,0.02246145272720109,-0.4971277,-0.4971277,1.9342033e-05,1.9342033e-05,1.0216043e-05,2.073172e-05,0.994029,3.2802956,0.15660932889110932
6.0,0.02247145272720109,-0.49706247,-0.49706247,-1.9866071e-05,-1.9866071e-05,-1.0740121e-05,-2.1255757e-05,0.994029,3.2802956,0.15664193597919832
6.0,0.02248145272720109,-0.4971277,-0.4971277,1.9342006e-05,1.9342006e-05,1.02160175e-05,2.0731692e-05,0.994029,3.2802956,0.15667454306728731
6.0,0.022491452727201093,-0.49706247,-0.49706247,-1.9866044e-05,-1.9866044e-05,-1.07400965e-05,-2.125573e-05,0.994029,3.2802956,0.1567071501553763
6.0,0.022501452727201093,-0.4971277,-0.4971277,1.9341978e-05,1.9341978e-05,1.0215993e-05,2.0731663e-05,0.994029,3.2802956,0.1567397572434653
6.0,0.022511452727201092,-0.49706247,-0.49706247,-1.9866018e-05,-1.9866018e-05,-1.0740072e-05,-2.12557e-05,0.994029,3.2802956,0.1567723643315543
6.0,0.022521452727201092,-0.4971277,-0.4971277,1.9341953e-05,1.9341953e-05,1.0215968e-05,2.0731633e-05,0.994029,3.2802956,0.1568049714196433
6.0,0.02253145272720109,-0.49706247,-0.49706247,-1.986599e-05,-1.986599e-05,-1.0740047e-05,-2.1255672e-05,0.994029,3.2802956,0.1568375785077323
6.0,0.02254145272720109,-0.4971277,-0.4971277,1.9341926e-05,1.9341926e-05,1.0215943e-05,2.0731604e-05,0.994029,3.2802956,0.1568701855958213
6.0,0.02255145272720109,-0.49706247,-0.49706247,-1.9865965e-05,-1.9865965e-05,-1.0740023e-05,-2.1255642e-05,0.994029,3.2802956,0.1569027926839103
6.0,0.02256145272720109,-0.4971277,-0.4971277,1.93419e-05,1.93419e-05,1.0215918e-05,2.0731577e-05,0.994029,3.2802956,0.1569353997719993
6.0,0.022571452727201093,-0.49706247,-0.49706247,-1.9865938e-05,-1.9865938e-05,-1.0739997e-05,-2.1255613e-05,0.994029,3.2802956,0.1569680068600883
6.0,0.022581452727201093,-0.4971277,-0.4971277,1.9341873e-05,1.9341873e-05,1.0215893e-05,2.0731548e-05,0.994029,3.2802956,0.1570006139481773
6.0,0.022591452727201092,-0.49706247,-0.49706247,-1.9865913e-05,-1.9865913e-05,-1.0739973e-05,-2.1255586e-05,0.994029,3.2802956,0.1570332210362663
6.0,0.022601452727201092,-0.4971277,-0.4971277,1.9341845e-05,1.9341845e-05,1.0215868e-05,2.0731519e-05,0.994029,3.2802956,0.1570658281243553
6.0,0.02261145272720109,-0.49706247,-0.49706247,-1.9865885e-05,-1.9865885e-05,-1.0739948e-05,-2.1255557e-05,0.994029,3.2802956,0.1570984352124443
6.0,0.02262145272720109,-0.4971277,-0.4971277,1.934182e-05,1.934182e-05,1.0215844e-05,2.073149e-05,0.994029,3.2802956,0.1571310423005333
6.0,0.02263145272720109,-0.49706247,-0.49706247,-1.986586e-05,-1.986586e-05,-1.0739924e-05,-2.1255528e-05,0.994029,3.2802956,0.1571636493886223
6.0,0.02264145272720109,-0.4971277,-0.4971277,1.9341793e-05,1.9341793e-05,1.0215818e-05,2.073146e-05,0.994029,3.2802956,0.1571962564767113
6.0,0.02265145272720109,-0.49706247,-0.49706247,-1.9865833e-05,-1.9865833e-05,-1.0739899e-05,-2.1255499e-05,0.994029,3.2802956,0.1572288635648003
6.0,0.022661452727201093,-0.4971277,-0.4971277,1.9341767e-05,1.9341767e-05,1.0215794e-05,2.0731432e-05,0.994029,3.2802956,0.15726147065288928
6.0,0.022671452727201093,-0.49706247,-0.49706247,-1.9865805e-05,-1.9865805e-05,-1.0739874e-05,-2.125547e-05,0.994029,3.2802956,0.15729407774097828
6.0,0.022681452727201092,-0.4971277,-0.4971277,1.934174e-05,1.934174e-05,1.0215768e-05,2.0731402e-05,0.994029,3.2802956,0.15732668482906728
6.0,0.022691452727201092,-0.49706247,-0.49706247,-1.986578e-05,-1.986578e-05,-1.0739849e-05,-2.1255442e-05,0.994029,3.2802956,0.15735929191715628
6.0,0.02270145272720109,-0.4971277,-0.4971277,1.9341713e-05,1.9341713e-05,1.0215744e-05,2.0731373e-05,0.994029,3.2802956,0.15739189900524528
6.0,0.02271145272720109,-0.49706247,-0.49706247,-1.9865753e-05,-1.9865753e-05,-1.0739825e-05,-2.1255413e-05,0.994029,3.2802956,0.15742450609333428
6.0,0.02272145272720109,-0.4971277,-0.4971277,1.9341687e-05,1.9341687e-05,1.0215719e-05,2.0731344e-05,0.994029,3.2802956,0.15745711318142327
6.0,0.02273145272720109,-0.49706247,-0.49706247,-1.9865727e-05,-1.9865727e-05,-1.07398e-05,-2.1255384e-05,0.994029,3.2802956,0.15748972026951227
6.0,0.022741452727201093,-0.4971277,-0.4971277,1.934166e-05,1.934166e-05,1.0215694e-05,2.0731315e-05,0.994029,3.2802956,0.15752232735760127
6.0,0.022751452727201093,-0.49706247,-0.49706247,-1.98657e-05,-1.98657e-05,-1.07397755e-05,-2.1255355e-05,0.994029,3.2802956,0.15755493444569027
6.0,0.022761452727201092,-0.4971277,-0.4971277,1.9341634e-05,1.9341634e-05,1.0215669e-05,2.0731288e-05,0.994029,3.2802956,0.15758754153377927
6.0,0.022771452727201092,-0.49706247,-0.49706247,-1.9865674e-05,-1.9865674e-05,-1.073975e-05,-2.1255326e-05,0.994029,3.2802956,0.15762014862186827
6.0,0.02278145272720109,-0.4971277,-0.4971277,1.9341607e-05,1.9341607e-05,1.0215645e-05,2.0731259e-05,0.994029,3.2802956,0.15765275570995727
6.0,0.02279145272720109,-0.49706247,-0.49706247,-1.9865647e-05,-1.9865647e-05,-1.0739725e-05,-2.1255297e-05,0.994029,3.2802956,0.15768536279804626
6.0,0.02280145272720109,-0.4971277,-0.4971277,1.934158e-05,1.934158e-05,1.0215619e-05,2.073123e-05,0.994029,3.2802956,0.15771796988613526
6.0,0.02281145272720109,-0.49706247,-0.49706247,-1.9865622e-05,-1.9865622e-05,-1.0739701e-05,-2.125527e-05,0.994029,3.2802956,0.15775057697422426
6.0,0.02282145272720109,-0.4971277,-0.4971277,1.9341554e-05,1.9341554e-05,1.0215595e-05,2.07312e-05,0.994029,3.2802956,0.15778318406231326
6.0,0.022831452727201093,-0.49706247,-0.49706247,-1.9865594e-05,-1.9865594e-05,-1.0739676e-05,-2.125524e-05,0.994029,3.2802956,0.15781579115040226
6.0,0.022841452727201093,-0.4971277,-0.4971277,1.9341527e-05,1.9341527e-05,1.021557e-05,2.0731171e-05,0.994029,3.2802956,0.15784839823849126
6.0,0.022851452727201092,-0.49706247,-0.49706247,-1.9865569e-05,-1.9865569e-05,-1.0739651e-05,-2.1255211e-05,0.994029,3.2802956,0.15788100532658025
6.0,0.022861452727201092,-0.4971277,-0.4971277,1.9341502e-05,1.9341502e-05,1.02155445e-05,2.0731142e-05,0.994029,3.2802956,0.15791361241466925
6.0,0.02287145272720109,-0.49706247,-0.49706247,-1.9865542e-05,-1.9865542e-05,-1.0739626e-05,-2.1255182e-05,0.994029,3.2802956,0.15794621950275825
6.0,0.02288145272720109,-0.4971277,-0.4971277,1.9341474e-05,1.9341474e-05,1.021552e-05,2.0731113e-05,0.994029,3.2802956,0.15797882659084725
6.0,0.02289145272720109,-0.49706247,-0.49706247,-1.9865516e-05,-1.9865516e-05,-1.0739602e-05,-2.1255153e-05,0.994029,3.2802956,0.15801143367893625
6.0,0.02290145272720109,-0.4971277,-0.4971277,1.9341447e-05,1.9341447e-05,1.02154945e-05,2.0731084e-05,0.994029,3.2802956,0.15804404076702525
6.0,0.02291145272720109,-0.49706247,-0.49706247,-1.9865489e-05,-1.9865489e-05,-1.0739577e-05,-2.1255124e-05,0.994029,3.2802956,0.15807664785511424
6.0,0.022921452727201093,-0.4971277,-0.4971277,1.9341422e-05,1.9341422e-05,1.021547e-05,2.0731055e-05,0.994029,3.2802956,0.15810925494320324
6.0,0.022931452727201092,-0.49706247,-0.49706247,-1.9865463e-05,-1.9865463e-05,-1.0739553e-05,-2.1255097e-05,0.994029,3.2802956,0.15814186203129224
6.0,0.022941452727201092,-0.4971277,-0.4971277,1.9341394e-05,1.9341394e-05,1.0215445e-05,2.0731028e-05,0.994029,3.2802956,0.15817446911938124
6.0,0.02295145272720109,-0.49706247,-0.49706247,-1.9865436e-05,-1.9865436e-05,-1.0739527e-05,-2.1255068e-05,0.994029,3.2802956,0.15820707620747024
6.0,0.02296145272720109,-0.4971277,-0.4971277,1.9341369e-05,1.9341369e-05,1.021542e-05,2.0730999e-05,0.994029,3.2802956,0.15823968329555924
6.0,0.02297145272720109,-0.49706247,-0.49706247,-1.986541e-05,-1.986541e-05,-1.0739503e-05,-2.1255039e-05,0.994029,3.2802956,0.15827229038364823
6.0,0.02298145272720109,-0.4971277,-0.4971277,1.9341342e-05,1.9341342e-05,1.0215395e-05,2.073097e-05,0.994029,3.2802956,0.15830489747173723
6.0,0.02299145272720109,-0.49706247,-0.49706247,-1.9865383e-05,-1.9865383e-05,-1.0739478e-05,-2.125501e-05,0.994029,3.2802956,0.15833750455982623
6.0,0.023001452727201093,-0.4971277,-0.4971277,1.9341316e-05,1.9341316e-05,1.0215371e-05,2.073094e-05,0.994029,3.2802956,0.15837011164791523
6.0,0.023011452727201093,-0.49706247,-0.49706247,-1.9865358e-05,-1.9865358e-05,-1.07394535e-05,-2.125498e-05,0.994029,3.2802956,0.15840271873600423
6.0,0.023021452727201092,-0.4971277,-0.4971277,1.9341289e-05,1.9341289e-05,1.0215345e-05,2.0730911e-05,0.994029,3.2802956,0.15843532582409323
6.0,0.023031452727201092,-0.49706247,-0.49706247,-1.986533e-05,-1.986533e-05,-1.0739428e-05,-2.1254951e-05,0.994029,3.2802956,0.15846793291218222
6.0,0.02304145272720109,-0.4971277,-0.4971277,1.9341262e-05,1.9341262e-05,1.0215321e-05,2.0730882e-05,0.994029,3.2802956,0.15850054000027122
6.0,0.02305145272720109,-0.49706247,-0.49706247,-1.9865305e-05,-1.9865305e-05,-1.07394035e-05,-2.1254924e-05,0.994029,3.2802956,0.15853314708836022
6.0,0.02306145272720109,-0.4971277,-0.4971277,1.9341236e-05,1.9341236e-05,1.0215296e-05,2.0730853e-05,0.994029,3.2802956,0.15856575417644922
6.0,0.02307145272720109,-0.49706247,-0.49706247,-1.9865278e-05,-1.9865278e-05,-1.0739379e-05,-2.1254895e-05,0.994029,3.2802956,0.15859836126453822
6.0,0.02308145272720109,-0.4971277,-0.4971277,1.9341209e-05,1.9341209e-05,1.0215271e-05,2.0730824e-05,0.994029,3.2802956,0.15863096835262722
6.0,0.023091452727201093,-0.49706247,-0.49706247,-1.986525e-05,-1.986525e-05,-1.0739354e-05,-2.1254866e-05,0.994029,3.2802956,0.15866357544071621
6.0,0.023101452727201092,-0.4971277,-0.4971277,1.9341183e-05,1.9341183e-05,1.0215246e-05,2.0730795e-05,0.994029,3.2802956,0.1586961825288052
6.0,0.023111452727201092,-0.49706247,-0.49706247,-1.9865225e-05,-1.9865225e-05,-1.0739329e-05,-2.1254837e-05,0.994029,3.2802956,0.1587287896168942
6.0,0.02312145272720109,-0.4971277,-0.4971277,1.9341156e-05,1.9341156e-05,1.0215222e-05,2.0730768e-05,0.994029,3.2802956,0.1587613967049832
6.0,0.02313145272720109,-0.49706247,-0.49706247,-1.9865198e-05,-1.9865198e-05,-1.0739304e-05,-2.1254808e-05,0.994029,3.2802956,0.1587940037930722
6.0,0.02314145272720109,-0.4971277,-0.4971277,1.9341129e-05,1.9341129e-05,1.0215196e-05,2.0730738e-05,0.994029,3.2802956,0.1588266108811612
6.0,0.02315145272720109,-0.49706247,-0.49706247,-1.9865172e-05,-1.9865172e-05,-1.073928e-05,-2.1254778e-05,0.994029,3.2802956,0.1588592179692502
6.0,0.02316145272720109,-0.4971277,-0.4971277,1.9341103e-05,1.9341103e-05,1.0215172e-05,2.073071e-05,0.994029,3.2802956,0.1588918250573392
6.0,0.023171452727201093,-0.49706247,-0.49706247,-1.9865145e-05,-1.9865145e-05,-1.0739255e-05,-2.1254751e-05,0.994029,3.2802956,0.1589244321454282
6.0,0.023181452727201093,-0.4971277,-0.4971277,1.9341076e-05,1.9341076e-05,1.0215147e-05,2.073068e-05,0.994029,3.2802956,0.1589570392335172
6.0,0.023191452727201092,-0.49706247,-0.49706247,-1.986512e-05,-1.986512e-05,-1.073923e-05,-2.1254722e-05,0.994029,3.2802956,0.1589896463216062
6.0,0.023201452727201092,-0.4971277,-0.4971277,1.934105e-05,1.934105e-05,1.0215122e-05,2.0730651e-05,0.994029,3.2802956,0.1590222534096952
6.0,0.02321145272720109,-0.49706247,-0.49706247,-1.9865092e-05,-1.9865092e-05,-1.0739205e-05,-2.1254693e-05,0.994029,3.2802956,0.1590548604977842
6.0,0.02322145272720109,-0.4971277,-0.4971277,1.9341023e-05,1.9341023e-05,1.0215097e-05,2.0730622e-05,0.994029,3.2802956,0.1590874675858732
6.0,0.02323145272720109,-0.49706247,-0.49706247,-1.9865067e-05,-1.9865067e-05,-1.0739181e-05,-2.1254664e-05,0.994029,3.2802956,0.1591200746739622
6.0,0.02324145272720109,-0.4971277,-0.4971277,1.9340998e-05,1.9340998e-05,1.02150725e-05,2.0730593e-05,0.994029,3.2802956,0.1591526817620512
6.0,0.02325145272720109,-0.49706247,-0.49706247,-1.986504e-05,-1.986504e-05,-1.0739156e-05,-2.1254635e-05,0.994029,3.2802956,0.1591852888501402
6.0,0.023261452727201093,-0.4971277,-0.4971277,1.934097e-05,1.934097e-05,1.0215047e-05,2.0730564e-05,0.994029,3.2802956,0.1592178959382292
6.0,0.023271452727201093,-0.49706247,-0.49706247,-1.9865014e-05,-1.9865014e-05,-1.0739131e-05,-2.1254606e-05,0.994029,3.2802956,0.15925050302631819
6.0,0.023281452727201092,-0.4971277,-0.4971277,1.9340943e-05,1.9340943e-05,1.02150225e-05,2.0730537e-05,0.994029,3.2802956,0.15928311011440718
6.0,0.02329145272720109,-0.49706247,-0.49706247,-1.9864987e-05,-1.9864987e-05,-1.0739106e-05,-2.1254578e-05,0.994029,3.2802956,0.15931571720249618
6.0,0.02330145272720109,-0.4971277,-0.4971277,1.9340918e-05,1.9340918e-05,1.0214998e-05,2.0730507e-05,0.994029,3.2802956,0.15934832429058518
6.0,0.02331145272720109,-0.49706247,-0.49706247,-1.9864961e-05,-1.9864961e-05,-1.07390815e-05,-2.125455e-05,0.994029,3.2802956,0.15938093137867418
6.0,0.02332145272720109,-0.4971277,-0.4971277,1.934089e-05,1.934089e-05,1.02149725e-05,2.0730478e-05,0.994029,3.2802956,0.15941353846676318
6.0,0.02333145272720109,-0.49706247,-0.49706247,-1.9864934e-05,-1.9864934e-05,-1.0739056e-05,-2.125452e-05,0.994029,3.2802956,0.15944614555485218
6.0,0.023341452727201093,-0.4971277,-0.4971277,1.9340865e-05,1.9340865e-05,1.0214948e-05,2.073045e-05,0.994029,3.2802956,0.15947875264294117
6.0,0.023351452727201093,-0.49706247,-0.49706247,-1.9864907e-05,-1.9864907e-05,-1.07390315e-05,-2.1254491e-05,0.994029,3.2802956,0.15951135973103017
6.0,0.023361452727201092,-0.4971277,-0.4971277,1.9340838e-05,1.9340838e-05,1.0214923e-05,2.073042e-05,0.994029,3.2802956,0.15954396681911917
6.0,0.023371452727201092,-0.49706247,-0.49706247,-1.9864881e-05,-1.9864881e-05,-1.0739007e-05,-2.1254462e-05,0.994029,3.2802956,0.15957657390720817
6.0,0.02338145272720109,-0.4971277,-0.4971277,1.9340812e-05,1.9340812e-05,1.0214898e-05,2.0730391e-05,0.994029,3.2802956,0.15960918099529717
6.0,0.02339145272720109,-0.49706247,-0.49706247,-1.9864854e-05,-1.9864854e-05,-1.0738982e-05,-2.1254433e-05,0.994029,3.2802956,0.15964178808338617
6.0,0.02340145272720109,-0.4971277,-0.4971277,1.9340785e-05,1.9340785e-05,1.0214873e-05,2.0730362e-05,0.994029,3.2802956,0.15967439517147516
6.0,0.02341145272720109,-0.49706247,-0.49706247,-1.9864829e-05,-1.9864829e-05,-1.0738957e-05,-2.1254404e-05,0.994029,3.2802956,0.15970700225956416
6.0,0.02342145272720109,-0.4971277,-0.4971277,1.9340758e-05,1.9340758e-05,1.0214849e-05,2.0730333e-05,0.994029,3.2802956,0.15973960934765316
6.0,0.023431452727201093,-0.49706247,-0.49706247,-1.9864801e-05,-1.9864801e-05,-1.0738932e-05,-2.1254376e-05,0.994029,3.2802956,0.15977221643574216
6.0,0.023441452727201093,-0.4971277,-0.4971277,1.9340732e-05,1.9340732e-05,1.0214823e-05,2.0730306e-05,0.994029,3.2802956,0.15980482352383116
6.0,0.023451452727201092,-0.49706247,-0.49706247,-1.9864776e-05,-1.9864776e-05,-1.0738908e-05,-2.1254347e-05,0.994029,3.2802956,0.15983743061192016
6.0,0.02346145272720109,-0.4971277,-0.4971277,1.9340705e-05,1.9340705e-05,1.0214799e-05,2.0730276e-05,0.994029,3.2802956,0.15987003770000915
6.0,0.02347145272720109,-0.49706247,-0.49706247,-1.9864749e-05,-1.9864749e-05,-1.0738883e-05,-2.1254318e-05,0.994029,3.2802956,0.15990264478809815
6.0,0.02348145272720109,-0.4971277,-0.4971277,1.934068e-05,1.934068e-05,1.0214774e-05,2.0730247e-05,0.994029,3.2802956,0.15993525187618715
6.0,0.02349145272720109,-0.49706247,-0.49706247,-1.9864723e-05,-1.9864723e-05,-1.0738858e-05,-2.125429e-05,0.994029,3.2802956,0.15996785896427615
6.0,0.02350145272720109,-0.4971277,-0.4971277,1.9340652e-05,1.9340652e-05,1.021475e-05,2.0730218e-05,0.994029,3.2802956,0.16000046605236515
6.0,0.023511452727201093,-0.49706247,-0.49706247,-1.9864696e-05,-1.9864696e-05,-1.0738833e-05,-2.125426e-05,0.994029,3.2802956,0.16003307314045415
6.0,0.023521452727201093,-0.4971277,-0.4971277,1.9340627e-05,1.9340627e-05,1.0214724e-05,2.073019e-05,0.994029,3.2802956,0.16006568022854314
6.0,0.023531452727201092,-0.49706247,-0.49706247,-1.986467e-05,-1.986467e-05,-1.0738809e-05,-2.125423e-05,0.994029,3.2802956,0.16009828731663214
6.0,0.023541452727201092,-0.4971277,-0.4971277,1.93406e-05,1.93406e-05,1.02147e-05,2.073016e-05,0.994029,3.2802956,0.16013089440472114
6.0,0.02355145272720109,-0.49706247,-0.49706247,-1.9864643e-05,-1.9864643e-05,-1.0738784e-05,-2.1254204e-05,0.994029,3.2802956,0.16016350149281014
6.0,0.02356145272720109,-0.4971277,-0.4971277,1.9340574e-05,1.9340574e-05,1.0214675e-05,2.0730131e-05,0.994029,3.2802956,0.16019610858089914
6.0,0.02357145272720109,-0.49706247,-0.49706247,-1.9864618e-05,-1.9864618e-05,-1.0738759e-05,-2.1254174e-05,0.994029,3.2802956,0.16022871566898814
6.0,0.02358145272720109,-0.4971277,-0.4971277,1.9340547e-05,1.9340547e-05,1.021465e-05,2.0730102e-05,0.994029,3.2802956,0.16026132275707713
6.0,0.02359145272720109,-0.49706247,-0.49706247,-1.986459e-05,-1.986459e-05,-1.0738734e-05,-2.1254145e-05,0.994029,3.2802956,0.16029392984516613
6.0,0.023601452727201093,-0.4971277,-0.4971277,1.934052e-05,1.934052e-05,1.0214625e-05,2.0730075e-05,0.994029,3.2802956,0.16032653693325513
6.0,0.023611452727201093,-0.49706247,-0.49706247,-1.9864563e-05,-1.9864563e-05,-1.07387095e-05,-2.1254116e-05,0.994029,3.2802956,0.16035914402134413
6.0,0.023621452727201092,-0.4971277,-0.4971277,1.9340494e-05,1.9340494e-05,1.02146005e-05,2.0730045e-05,0.994029,3.2802956,0.16039175110943313
6.0,0.02363145272720109,-0.49706247,-0.49706247,-1.9864538e-05,-1.9864538e-05,-1.0738684e-05,-2.1254087e-05,0.994029,3.2802956,0.16042435819752213
6.0,0.02364145272720109,-0.4971277,-0.4971277,1.9340467e-05,1.9340467e-05,1.0214575e-05,2.0730016e-05,0.994029,3.2802956,0.16045696528561113
6.0,0.02365145272720109,-0.49706247,-0.49706247,-1.986451e-05,-1.986451e-05,-1.07386595e-05,-2.1254058e-05,0.994029,3.2802956,0.16048957237370012
6.0,0.02366145272720109,-0.4971277,-0.4971277,1.9340441e-05,1.9340441e-05,1.02145505e-05,2.0729987e-05,0.994029,3.2802956,0.16052217946178912
6.0,0.02367145272720109,-0.49706247,-0.49706247,-1.9864485e-05,-1.9864485e-05,-1.0738635e-05,-2.1254029e-05,0.994029,3.2802956,0.16055478654987812
6.0,0.023681452727201093,-0.4971277,-0.4971277,1.9340414e-05,1.9340414e-05,1.0214526e-05,2.0729958e-05,0.994029,3.2802956,0.16058739363796712
6.0,0.023691452727201093,-0.49706247,-0.49706247,-1.9864457e-05,-1.9864457e-05,-1.073861e-05,-2.1254002e-05,0.994029,3.2802956,0.16062000072605612
6.0,0.023701452727201092,-0.4971277,-0.4971277,1.9340388e-05,1.9340388e-05,1.02145e-05,2.0729929e-05,0.994029,3.2802956,0.16065260781414512
6.0,0.023711452727201092,-0.49706247,-0.49706247,-1.9864432e-05,-1.9864432e-05,-1.0738585e-05,-2.1253973e-05,0.994029,3.2802956,0.1606852149022341
6.0,0.02372145272720109,-0.4971277,-0.4971277,1.9340361e-05,1.9340361e-05,1.0214476e-05,2.07299e-05,0.994029,3.2802956,0.1607178219903231
6.0,0.02373145272720109,-0.49706247,-0.49706247,-1.9864405e-05,-1.9864405e-05,-1.073856e-05,-2.1253943e-05,0.994029,3.2802956,0.1607504290784121
6.0,0.02374145272720109,-0.4971277,-0.4971277,1.9340334e-05,1.9340334e-05,1.0214451e-05,2.0729873e-05,0.994029,3.2802956,0.1607830361665011
6.0,0.02375145272720109,-0.49706247,-0.49706247,-1.986438e-05,-1.986438e-05,-1.0738536e-05,-2.1253914e-05,0.994029,3.2802956,0.1608156432545901
6.0,0.02376145272720109,-0.4971277,-0.4971277,1.9340308e-05,1.9340308e-05,1.0214426e-05,2.0729844e-05,0.994029,3.2802956,0.1608482503426791
6.0,0.023771452727201093,-0.49706247,-0.49706247,-1.9864352e-05,-1.9864352e-05,-1.0738511e-05,-2.1253885e-05,0.994029,3.2802956,0.1608808574307681
6.0,0.023781452727201093,-0.4971277,-0.4971277,1.9340281e-05,1.9340281e-05,1.0214401e-05,2.0729814e-05,0.994029,3.2802956,0.1609134645188571
6.0,0.023791452727201092,-0.49706247,-0.49706247,-1.9864327e-05,-1.9864327e-05,-1.0738486e-05,-2.1253856e-05,0.994029,3.2802956,0.1609460716069461
6.0,0.02380145272720109,-0.4971277,-0.4971277,1.9340256e-05,1.9340256e-05,1.0214377e-05,2.0729785e-05,0.994029,3.2802956,0.1609786786950351
6.0,0.02381145272720109,-0.49706247,-0.49706247,-1.98643e-05,-1.98643e-05,-1.0738461e-05,-2.1253829e-05,0.994029,3.2802956,0.1610112857831241
6.0,0.02382145272720109,-0.4971277,-0.4971277,1.9340228e-05,1.9340228e-05,1.0214352e-05,2.0729756e-05,0.994029,3.2802956,0.1610438928712131
6.0,0.02383145272720109,-0.49706247,-0.49706247,-1.9864272e-05,-1.9864272e-05,-1.0738437e-05,-2.12538e-05,0.994029,3.2802956,0.1610764999593021
6.0,0.02384145272720109,-0.4971277,-0.4971277,1.9340203e-05,1.9340203e-05,1.0214327e-05,2.0729727e-05,0.994029,3.2802956,0.1611091070473911
6.0,0.023851452727201093,-0.49706247,-0.49706247,-1.9864246e-05,-1.9864246e-05,-1.0738411e-05,-2.125377e-05,0.994029,3.2802956,0.1611417141354801
6.0,0.023861452727201093,-0.4971277,-0.4971277,1.9340176e-05,1.9340176e-05,1.0214302e-05,2.0729698e-05,0.994029,3.2802956,0.1611743212235691
6.0,0.023871452727201092,-0.49706247,-0.49706247,-1.986422e-05,-1.986422e-05,-1.0738387e-05,-2.1253742e-05,0.994029,3.2802956,0.1612069283116581
6.0,0.023881452727201092,-0.4971277,-0.4971277,1.934015e-05,1.934015e-05,1.0214278e-05,2.0729669e-05,0.994029,3.2802956,0.16123953539974709
6.0,0.02389145272720109,-0.49706247,-0.49706247,-1.9864194e-05,-1.9864194e-05,-1.0738362e-05,-2.1253712e-05,0.994029,3.2802956,0.16127214248783608
6.0,0.02390145272720109,-0.4971277,-0.4971277,1.9340123e-05,1.9340123e-05,1.0214252e-05,2.0729642e-05,0.994029,3.2802956,0.16130474957592508
6.0,0.02391145272720109,-0.49706247,-0.49706247,-1.9864166e-05,-1.9864166e-05,-1.0738338e-05,-2.1253683e-05,0.994029,3.2802956,0.16133735666401408
6.0,0.02392145272720109,-0.4971277,-0.4971277,1.9340096e-05,1.9340096e-05,1.0214228e-05,2.0729613e-05,0.994029,3.2802956,0.16136996375210308
6.0,0.02393145272720109,-0.49706247,-0.49706247,-1.9864141e-05,-1.9864141e-05,-1.0738312e-05,-2.1253654e-05,0.994029,3.2802956,0.16140257084019208
6.0,0.023941452727201093,-0.4971277,-0.4971277,1.934007e-05,1.934007e-05,1.0214203e-05,2.0729583e-05,0.994029,3.2802956,0.16143517792828108
6.0,0.023951452727201093,-0.49706247,-0.49706247,-1.9864114e-05,-1.9864114e-05,-1.07382875e-05,-2.1253627e-05,0.994029,3.2802956,0.16146778501637007
6.0,0.023961452727201092,-0.4971277,-0.4971277,1.9340043e-05,1.9340043e-05,1.0214178e-05,2.0729554e-05,0.994029,3.2802956,0.16150039210445907
6.0,0.023971452727201092,-0.49706247,-0.49706247,-1.9864088e-05,-1.9864088e-05,-1.0738263e-05,-2.1253598e-05,0.994029,3.2802956,0.16153299919254807
6.0,0.02398145272720109,-0.4971277,-0.4971277,1.9340017e-05,1.9340017e-05,1.0214153e-05,2.0729525e-05,0.994029,3.2802956,0.16156560628063707
6.0,0.02399145272720109,-0.49706247,-0.49706247,-1.9864061e-05,-1.9864061e-05,-1.0738238e-05,-2.1253569e-05,0.994029,3.2802956,0.16159821336872607
6.0,0.02400145272720109,-0.4971277,-0.4971277,1.933999e-05,1.933999e-05,1.0214128e-05,2.0729496e-05,0.994029,3.2802956,0.16163082045681507
6.0,0.02401145272720109,-0.49706247,-0.49706247,-1.9864035e-05,-1.9864035e-05,-1.0738213e-05,-2.125354e-05,0.994029,3.2802956,0.16166342754490406
6.0,0.024021452727201093,-0.4971277,-0.4971277,1.9339965e-05,1.9339965e-05,1.0214104e-05,2.0729467e-05,0.994029,3.2802956,0.16169603463299306
6.0,0.024031452727201093,-0.49706247,-0.49706247,-1.9864008e-05,-1.9864008e-05,-1.0738188e-05,-2.125351e-05,0.994029,3.2802956,0.16172864172108206
6.0,0.024041452727201092,-0.4971277,-0.4971277,1.9339937e-05,1.9339937e-05,1.0214078e-05,2.072944e-05,0.994029,3.2802956,0.16176124880917106
6.0,0.024051452727201092,-0.49706247,-0.49706247,-1.9863981e-05,-1.9863981e-05,-1.0738164e-05,-2.1253481e-05,0.994029,3.2802956,0.16179385589726006
6.0,0.02406145272720109,-0.4971277,-0.4971277,1.933991e-05,1.933991e-05,1.0214054e-05,2.072941e-05,0.994029,3.2802956,0.16182646298534906
6.0,0.02407145272720109,-0.49706247,-0.49706247,-1.9863955e-05,-1.9863955e-05,-1.0738138e-05,-2.1253452e-05,0.994029,3.2802956,0.16185907007343805
6.0,0.02408145272720109,-0.4971277,-0.4971277,1.9339885e-05,1.9339885e-05,1.0214029e-05,2.0729382e-05,0.994029,3.2802956,0.16189167716152705
6.0,0.02409145272720109,-0.49706247,-0.49706247,-1.9863928e-05,-1.9863928e-05,-1.0738114e-05,-2.1253425e-05,0.994029,3.2802956,0.16192428424961605
6.0,0.02410145272720109,-0.4971277,-0.4971277,1.9339857e-05,1.9339857e-05,1.0214004e-05,2.0729352e-05,0.994029,3.2802956,0.16195689133770505
6.0,0.024111452727201093,-0.49706247,-0.49706247,-1.9863903e-05,-1.9863903e-05,-1.0738089e-05,-2.1253396e-05,0.994029,3.2802956,0.16198949842579405
6.0,0.024121452727201093,-0.4971277,-0.4971277,1.9339832e-05,1.9339832e-05,1.0213979e-05,2.0729323e-05,0.994029,3.2802956,0.16202210551388305
6.0,0.024131452727201092,-0.49706247,-0.49706247,-1.9863875e-05,-1.9863875e-05,-1.0738065e-05,-2.1253367e-05,0.994029,3.2802956,0.16205471260197205
6.0,0.024141452727201092,-0.4971277,-0.4971277,1.9339805e-05,1.9339805e-05,1.0213955e-05,2.0729294e-05,0.994029,3.2802956,0.16208731969006104
6.0,0.02415145272720109,-0.49706247,-0.49706247,-1.986385e-05,-1.986385e-05,-1.0738039e-05,-2.1253338e-05,0.994029,3.2802956,0.16211992677815004
6.0,0.02416145272720109,-0.4971277,-0.4971277,1.933978e-05,1.933978e-05,1.0213929e-05,2.0729265e-05,0.994029,3.2802956,0.16215253386623904
6.0,0.02417145272720109,-0.49706247,-0.49706247,-1.9863823e-05,-1.9863823e-05,-1.0738015e-05,-2.1253309e-05,0.994029,3.2802956,0.16218514095432804
6.0,0.02418145272720109,-0.4971277,-0.4971277,1.9339752e-05,1.9339752e-05,1.0213905e-05,2.0729238e-05,0.994029,3.2802956,0.16221774804241704
6.0,0.02419145272720109,-0.49706247,-0.49706247,-1.9863797e-05,-1.9863797e-05,-1.073799e-05,-2.125328e-05,0.994029,3.2802956,0.16225035513050604
6.0,0.024201452727201093,-0.4971277,-0.4971277,1.9339726e-05,1.9339726e-05,1.021388e-05,2.0729209e-05,0.994029,3.2802956,0.16228296221859503
6.0,0.024211452727201092,-0.49706247,-0.49706247,-1.986377e-05,-1.986377e-05,-1.0737965e-05,-2.125325e-05,0.994029,3.2802956,0.16231556930668403
6.0,0.024221452727201092,-0.4971277,-0.4971277,1.9339699e-05,1.9339699e-05,1.0213856e-05,2.072918e-05,0.994029,3.2802956,0.16234817639477303
6.0,0.02423145272720109,-0.49706247,-0.49706247,-1.9863743e-05,-1.9863743e-05,-1.073794e-05,-2.1253223e-05,0.994029,3.2802956,0.16238078348286203
6.0,0.02424145272720109,-0.4971277,-0.4971277,1.9339672e-05,1.9339672e-05,1.021383e-05,2.072915e-05,0.994029,3.2802956,0.16241339057095103
6.0,0.02425145272720109,-0.49706247,-0.49706247,-1.9863717e-05,-1.9863717e-05,-1.07379155e-05,-2.1253194e-05,0.994029,3.2802956,0.16244599765904003
6.0,0.02426145272720109,-0.4971277,-0.4971277,1.9339646e-05,1.9339646e-05,1.0213806e-05,2.0729121e-05,0.994029,3.2802956,0.16247860474712902
6.0,0.02427145272720109,-0.49706247,-0.49706247,-1.986369e-05,-1.986369e-05,-1.0737891e-05,-2.1253165e-05,0.994029,3.2802956,0.16251121183521802
6.0,0.024281452727201093,-0.4971277,-0.4971277,1.9339619e-05,1.9339619e-05,1.0213781e-05,2.0729092e-05,0.994029,3.2802956,0.16254381892330702
6.0,0.024291452727201093,-0.49706247,-0.49706247,-1.9863664e-05,-1.9863664e-05,-1.07378655e-05,-2.1253136e-05,0.994029,3.2802956,0.16257642601139602
6.0,0.024301452727201092,-0.4971277,-0.4971277,1.9339594e-05,1.9339594e-05,1.0213756e-05,2.0729063e-05,0.994029,3.2802956,0.16260903309948502
6.0,0.024311452727201092,-0.49706247,-0.49706247,-1.9863637e-05,-1.9863637e-05,-1.0737841e-05,-2.1253107e-05,0.994029,3.2802956,0.16264164018757402
6.0,0.02432145272720109,-0.4971277,-0.4971277,1.9339566e-05,1.9339566e-05,1.0213731e-05,2.0729034e-05,0.994029,3.2802956,0.16267424727566301
6.0,0.02433145272720109,-0.49706247,-0.49706247,-1.9863612e-05,-1.9863612e-05,-1.0737816e-05,-2.1253078e-05,0.994029,3.2802956,0.162706854363752
6.0,0.02434145272720109,-0.4971277,-0.4971277,1.933954e-05,1.933954e-05,1.0213706e-05,2.0729007e-05,0.994029,3.2802956,0.162739461451841
6.0,0.02435145272720109,-0.49706247,-0.49706247,-1.9863584e-05,-1.9863584e-05,-1.0737791e-05,-2.1253049e-05,0.994029,3.2802956,0.16277206853993
6.0,0.02436145272720109,-0.4971277,-0.4971277,1.9339514e-05,1.9339514e-05,1.0213681e-05,2.0728978e-05,0.994029,3.2802956,0.162804675628019
6.0,0.024371452727201093,-0.49706247,-0.49706247,-1.9863559e-05,-1.9863559e-05,-1.0737766e-05,-2.1253021e-05,0.994029,3.2802956,0.162837282716108
6.0,0.024381452727201092,-0.4971277,-0.4971277,1.9339488e-05,1.9339488e-05,1.0213656e-05,2.0728949e-05,0.994029,3.2802956,0.162869889804197
6.0,0.024391452727201092,-0.49706247,-0.49706247,-1.9863532e-05,-1.9863532e-05,-1.0737742e-05,-2.1252992e-05,0.994029,3.2802956,0.162902496892286
6.0,0.02440145272720109,-0.4971277,-0.4971277,1.933946e-05,1.933946e-05,1.0213632e-05,2.072892e-05,0.994029,3.2802956,0.162935103980375
6.0,0.02441145272720109,-0.49706247,-0.49706247,-1.9863506e-05,-1.9863506e-05,-1.0737717e-05,-2.1252963e-05,0.994029,3.2802956,0.162967711068464
6.0,0.02442145272720109,-0.4971277,-0.4971277,1.9339433e-05,1.9339433e-05,1.0213607e-05,2.072889e-05,0.994029,3.2802956,0.163000318156553
6.0,0.02443145272720109,-0.49706247,-0.49706247,-1.9863479e-05,-1.9863479e-05,-1.0737692e-05,-2.1252934e-05,0.994029,3.2802956,0.163032925244642
6.0,0.02444145272720109,-0.4971277,-0.4971277,1.9339408e-05,1.9339408e-05,1.0213582e-05,2.0728861e-05,0.994029,3.2802956,0.163065532332731
6.0,0.024451452727201093,-0.49706247,-0.49706247,-1.9863452e-05,-1.9863452e-05,-1.0737667e-05,-2.1252905e-05,0.994029,3.2802956,0.16309813942082
6.0,0.024461452727201093,-0.4971277,-0.4971277,1.933938e-05,1.933938e-05,1.0213557e-05,2.0728832e-05,0.994029,3.2802956,0.163130746508909
6.0,0.024471452727201092,-0.49706247,-0.49706247,-1.9863426e-05,-1.9863426e-05,-1.0737643e-05,-2.1252876e-05,0.994029,3.2802956,0.163163353596998
6.0,0.024481452727201092,-0.4971277,-0.4971277,1.9339355e-05,1.9339355e-05,1.0213533e-05,2.0728805e-05,0.994029,3.2802956,0.163195960685087
6.0,0.02449145272720109,-0.49706247,-0.49706247,-1.9863399e-05,-1.9863399e-05,-1.0737617e-05,-2.1252848e-05,0.994029,3.2802956,0.163228567773176
6.0,0.02450145272720109,-0.4971277,-0.4971277,1.9339328e-05,1.9339328e-05,1.0213507e-05,2.0728776e-05,0.994029,3.2802956,0.16326117486126498
6.0,0.02451145272720109,-0.49706247,-0.49706247,-1.9863373e-05,-1.9863373e-05,-1.0737593e-05,-2.125282e-05,0.994029,3.2802956,0.16329378194935398
6.0,0.02452145272720109,-0.4971277,-0.4971277,1.9339303e-05,1.9339303e-05,1.0213483e-05,2.0728747e-05,0.994029,3.2802956,0.16332638903744298
6.0,0.02453145272720109,-0.49706247,-0.49706247,-1.9863346e-05,-1.9863346e-05,-1.0737568e-05,-2.125279e-05,0.994029,3.2802956,0.16335899612553198
6.0,0.024541452727201093,-0.4971277,-0.4971277,1.9339275e-05,1.9339275e-05,1.0213458e-05,2.0728718e-05,0.994029,3.2802956,0.16339160321362098
6.0,0.024551452727201092,-0.49706247,-0.49706247,-1.986332e-05,-1.986332e-05,-1.0737544e-05,-2.1252761e-05,0.994029,3.2802956,0.16342421030170998
6.0,0.024561452727201092,-0.4971277,-0.4971277,1.933925e-05,1.933925e-05,1.0213433e-05,2.0728688e-05,0.994029,3.2802956,0.16345681738979898
6.0,0.02457145272720109,-0.49706247,-0.49706247,-1.9863293e-05,-1.9863293e-05,-1.0737518e-05,-2.1252732e-05,0.994029,3.2802956,0.16348942447788797
6.0,0.02458145272720109,-0.4971277,-0.4971277,1.9339222e-05,1.9339222e-05,1.0213408e-05,2.072866e-05,0.994029,3.2802956,0.16352203156597697
6.0,0.02459145272720109,-0.49706247,-0.49706247,-1.9863268e-05,-1.9863268e-05,-1.07374935e-05,-2.1252703e-05,0.994029,3.2802956,0.16355463865406597
6.0,0.02460145272720109,-0.4971277,-0.4971277,1.9339195e-05,1.9339195e-05,1.0213384e-05,2.072863e-05,0.994029,3.2802956,0.16358724574215497
6.0,0.02461145272720109,-0.49706247,-0.49706247,-1.986324e-05,-1.986324e-05,-1.0737469e-05,-2.1252674e-05,0.994029,3.2802956,0.16361985283024397
6.0,0.024621452727201093,-0.4971277,-0.4971277,1.933917e-05,1.933917e-05,1.0213359e-05,2.0728603e-05,0.994029,3.2802956,0.16365245991833297
6.0,0.024631452727201093,-0.49706247,-0.49706247,-1.9863213e-05,-1.9863213e-05,-1.07374435e-05,-2.1252647e-05,0.994029,3.2802956,0.16368506700642196
6.0,0.024641452727201092,-0.4971277,-0.4971277,1.9339142e-05,1.9339142e-05,1.0213334e-05,2.0728574e-05,0.994029,3.2802956,0.16371767409451096
6.0,0.024651452727201092,-0.49706247,-0.49706247,-1.9863188e-05,-1.9863188e-05,-1.0737419e-05,-2.1252617e-05,0.994029,3.2802956,0.16375028118259996
6.0,0.02466145272720109,-0.4971277,-0.4971277,1.9339117e-05,1.9339117e-05,1.0213309e-05,2.0728545e-05,0.994029,3.2802956,0.16378288827068896
6.0,0.02467145272720109,-0.49706247,-0.49706247,-1.986316e-05,-1.986316e-05,-1.0737394e-05,-2.1252588e-05,0.994029,3.2802956,0.16381549535877796
6.0,0.02468145272720109,-0.4971277,-0.4971277,1.933909e-05,1.933909e-05,1.0213284e-05,2.0728516e-05,0.994029,3.2802956,0.16384810244686696
6.0,0.02469145272720109,-0.49706247,-0.49706247,-1.9863135e-05,-1.9863135e-05,-1.073737e-05,-2.125256e-05,0.994029,3.2802956,0.16388070953495595
6.0,0.02470145272720109,-0.4971277,-0.4971277,1.9339064e-05,1.9339064e-05,1.0213259e-05,2.0728487e-05,0.994029,3.2802956,0.16391331662304495
6.0,0.024711452727201093,-0.49706247,-0.49706247,-1.9863108e-05,-1.9863108e-05,-1.0737344e-05,-2.125253e-05,0.994029,3.2802956,0.16394592371113395
6.0,0.024721452727201092,-0.4971277,-0.4971277,1.9339037e-05,1.9339037e-05,1.0213234e-05,2.0728457e-05,0.994029,3.2802956,0.16397853079922295
6.0,0.024731452727201092,-0.49706247,-0.49706247,-1.9863082e-05,-1.9863082e-05,-1.073732e-05,-2.1252501e-05,0.994029,3.2802956,0.16401113788731195
6.0,0.02474145272720109,-0.4971277,-0.4971277,1.9339011e-05,1.9339011e-05,1.021321e-05,2.0728428e-05,0.994029,3.2802956,0.16404374497540095
6.0,0.02475145272720109,-0.49706247,-0.49706247,-1.9863055e-05,-1.9863055e-05,-1.0737295e-05,-2.1252472e-05,0.994029,3.2802956,0.16407635206348994
6.0,0.02476145272720109,-0.4971277,-0.4971277,1.9338984e-05,1.9338984e-05,1.0213185e-05,2.0728401e-05,0.994029,3.2802956,0.16410895915157894
6.0,0.02477145272720109,-0.49706247,-0.49706247,-1.986303e-05,-1.986303e-05,-1.073727e-05,-2.1252445e-05,0.994029,3.2802956,0.16414156623966794
6.0,0.02478145272720109,-0.4971277,-0.4971277,1.9338957e-05,1.9338957e-05,1.021316e-05,2.0728372e-05,0.994029,3.2802956,0.16417417332775694
6.0,0.024791452727201093,-0.49706247,-0.49706247,-1.9863002e-05,-1.9863002e-05,-1.0737245e-05,-2.1252416e-05,0.994029,3.2802956,0.16420678041584594
6.0,0.024801452727201093,-0.4971277,-0.4971277,1.9338931e-05,1.9338931e-05,1.0213135e-05,2.0728343e-05,0.994029,3.2802956,0.16423938750393494
6.0,0.024811452727201092,-0.49706247,-0.49706247,-1.9862975e-05,-1.9862975e-05,-1.0737221e-05,-2.1252386e-05,0.994029,3.2802956,0.16427199459202393
6.0,0.024821452727201092,-0.4971277,-0.4971277,1.9338904e-05,1.9338904e-05,1.0213111e-05,2.0728314e-05,0.994029,3.2802956,0.16430460168011293
6.0,0.02483145272720109,-0.49706247,-0.49706247,-1.986295e-05,-1.986295e-05,-1.0737196e-05,-2.1252357e-05,0.994029,3.2802956,0.16433720876820193
6.0,0.02484145272720109,-0.4971277,-0.4971277,1.9338879e-05,1.9338879e-05,1.0213085e-05,2.0728285e-05,0.994029,3.2802956,0.16436981585629093
6.0,0.02485145272720109,-0.49706247,-0.49706247,-1.9862922e-05,-1.9862922e-05,-1.0737171e-05,-2.1252328e-05,0.994029,3.2802956,0.16440242294437993
6.0,0.02486145272720109,-0.4971277,-0.4971277,1.9338851e-05,1.9338851e-05,1.0213061e-05,2.0728256e-05,0.994029,3.2802956,0.16443503003246893
6.0,0.02487145272720109,-0.49706247,-0.49706247,-1.9862897e-05,-1.9862897e-05,-1.0737146e-05,-2.12523e-05,0.994029,3.2802956,0.16446763712055792
6.0,0.024881452727201093,-0.4971277,-0.4971277,1.9338826e-05,1.9338826e-05,1.0213036e-05,2.0728226e-05,0.994029,3.2802956,0.16450024420864692
6.0,0.024891452727201092,-0.49706247,-0.49706247,-1.986287e-05,-1.986287e-05,-1.0737122e-05,-2.125227e-05,0.994029,3.2802956,0.16453285129673592
6.0,0.024901452727201092,-0.4971277,-0.4971277,1.9338799e-05,1.9338799e-05,1.0213012e-05,2.07282e-05,0.994029,3.2802956,0.16456545838482492
6.0,0.02491145272720109,-0.49706247,-0.49706247,-1.9862844e-05,-1.9862844e-05,-1.0737096e-05,-2.1252243e-05,0.994029,3.2802956,0.16459806547291392
6.0,0.02492145272720109,-0.4971277,-0.4971277,1.9338773e-05,1.9338773e-05,1.0212986e-05,2.072817e-05,0.994029,3.2802956,0.16463067256100292
6.0,0.02493145272720109,-0.49706247,-0.49706247,-1.9862817e-05,-1.9862817e-05,-1.07370715e-05,-2.1252214e-05,0.994029,3.2802956,0.16466327964909191
6.0,0.02494145272720109,-0.4971277,-0.4971277,1.9338746e-05,1.9338746e-05,1.0212962e-05,2.0728141e-05,0.994029,3.2802956,0.1646958867371809
6.0,0.02495145272720109,-0.49706247,-0.49706247,-1.9862791e-05,-1.9862791e-05,-1.0737047e-05,-2.1252185e-05,0.994029,3.2802956,0.1647284938252699
6.0,0.024961452727201093,-0.4971277,-0.4971277,1.9338719e-05,1.9338719e-05,1.0212937e-05,2.0728112e-05,0.994029,3.2802956,0.1647611009133589
6.0,0.024971452727201093,-0.49706247,-0.49706247,-1.9862764e-05,-1.9862764e-05,-1.0737022e-05,-2.1252155e-05,0.994029,3.2802956,0.1647937080014479
6.0,0.024981452727201092,-0.4971277,-0.4971277,1.9338693e-05,1.9338693e-05,1.0212912e-05,2.0728083e-05,0.994029,3.2802956,0.1648263150895369
6.0,0.024991452727201092,-0.49706247,-0.49706247,-1.9862739e-05,-1.9862739e-05,-1.0736997e-05,-2.1252126e-05,0.994029,3.2802956,0.1648589221776259
6.0,0.02500145272720109,-0.4971277,-0.4971277,1.9338666e-05,1.9338666e-05,1.0212887e-05,2.0728054e-05,0.994029,3.2802956,0.1648915292657149
6.0,0.02501145272720109,-0.49706247,-0.49706247,-1.9862711e-05,-1.9862711e-05,-1.0736972e-05,-2.1252097e-05,0.994029,3.2802956,0.1649241363538039
6.0,0.02502145272720109,-0.4971277,-0.4971277,1.933864e-05,1.933864e-05,1.0212862e-05,2.0728025e-05,0.994029,3.2802956,0.1649567434418929
6.0,0.02503145272720109,-0.49706247,-0.49706247,-1.9862684e-05,-1.9862684e-05,-1.0736948e-05,-2.1252068e-05,0.994029,3.2802956,0.1649893505299819
6.0,0.02504145272720109,-0.4971277,-0.4971277,1.9338613e-05,1.9338613e-05,1.0212837e-05,2.0727997e-05,0.994029,3.2802956,0.1650219576180709
6.0,0.025051452727201093,-0.49706247,-0.49706247,-1.9862659e-05,-1.9862659e-05,-1.0736922e-05,-2.125204e-05,0.994029,3.2802956,0.1650545647061599
6.0,0.025061452727201092,-0.4971277,-0.4971277,1.9338588e-05,1.9338588e-05,1.0212812e-05,2.0727968e-05,0.994029,3.2802956,0.1650871717942489
6.0,0.025071452727201092,-0.49706247,-0.49706247,-1.9862631e-05,-1.9862631e-05,-1.0736898e-05,-2.1252012e-05,0.994029,3.2802956,0.1651197788823379
6.0,0.02508145272720109,-0.4971277,-0.4971277,1.933856e-05,1.933856e-05,1.0212788e-05,2.0727939e-05,0.994029,3.2802956,0.1651523859704269
6.0,0.02509145272720109,-0.49706247,-0.49706247,-1.9862606e-05,-1.9862606e-05,-1.0736873e-05,-2.1251983e-05,0.994029,3.2802956,0.1651849930585159
6.0,0.02510145272720109,-0.4971277,-0.4971277,1.9338535e-05,1.9338535e-05,1.0212763e-05,2.072791e-05,0.994029,3.2802956,0.1652176001466049
6.0,0.02511145272720109,-0.49706247,-0.49706247,-1.9862578e-05,-1.9862578e-05,-1.0736849e-05,-2.1251954e-05,0.994029,3.2802956,0.16525020723469389
6.0,0.02512145272720109,-0.4971277,-0.4971277,1.9338508e-05,1.9338508e-05,1.0212738e-05,2.072788e-05,0.994029,3.2802956,0.16528281432278288
6.0,0.025131452727201093,-0.49706247,-0.49706247,-1.9862553e-05,-1.9862553e-05,-1.0736823e-05,-2.1251924e-05,0.994029,3.2802956,0.16531542141087188
6.0,0.025141452727201093,-0.4971277,-0.4971277,1.933848e-05,1.933848e-05,1.0212713e-05,2.0727852e-05,0.994029,3.2802956,0.16534802849896088
6.0,0.025151452727201092,-0.49706247,-0.49706247,-1.9862526e-05,-1.9862526e-05,-1.0736799e-05,-2.1251895e-05,0.994029,3.2802956,0.16538063558704988
6.0,0.025161452727201092,-0.4971277,-0.4971277,1.9338455e-05,1.9338455e-05,1.0212689e-05,2.0727823e-05,0.994029,3.2802956,0.16541324267513888
6.0,0.02517145272720109,-0.49706247,-0.49706247,-1.98625e-05,-1.98625e-05,-1.0736774e-05,-2.1251866e-05,0.994029,3.2802956,0.16544584976322788
6.0,0.02518145272720109,-0.4971277,-0.4971277,1.9338428e-05,1.9338428e-05,1.0212663e-05,2.0727795e-05,0.994029,3.2802956,0.16547845685131687
6.0,0.02519145272720109,-0.49706247,-0.49706247,-1.9862473e-05,-1.9862473e-05,-1.073675e-05,-2.1251839e-05,0.994029,3.2802956,0.16551106393940587
6.0,0.02520145272720109,-0.4971277,-0.4971277,1.9338402e-05,1.9338402e-05,1.0212639e-05,2.0727766e-05,0.994029,3.2802956,0.16554367102749487
6.0,0.02521145272720109,-0.49706247,-0.49706247,-1.9862446e-05,-1.9862446e-05,-1.0736724e-05,-2.125181e-05,0.994029,3.2802956,0.16557627811558387
6.0,0.025221452727201093,-0.4971277,-0.4971277,1.9338375e-05,1.9338375e-05,1.0212614e-05,2.0727737e-05,0.994029,3.2802956,0.16560888520367287
6.0,0.025231452727201092,-0.49706247,-0.49706247,-1.986242e-05,-1.986242e-05,-1.07367e-05,-2.125178e-05,0.994029,3.2802956,0.16564149229176187
6.0,0.025241452727201092,-0.4971277,-0.4971277,1.933835e-05,1.933835e-05,1.021259e-05,2.0727708e-05,0.994029,3.2802956,0.16567409937985086
6.0,0.02525145272720109,-0.49706247,-0.49706247,-1.9862393e-05,-1.9862393e-05,-1.0736675e-05,-2.1251752e-05,0.994029,3.2802956,0.16570670646793986
6.0,0.02526145272720109,-0.4971277,-0.4971277,1.9338322e-05,1.9338322e-05,1.0212564e-05,2.0727679e-05,0.994029,3.2802956,0.16573931355602886
6.0,0.02527145272720109,-0.49706247,-0.49706247,-1.9862367e-05,-1.9862367e-05,-1.07366495e-05,-2.1251723e-05,0.994029,3.2802956,0.16577192064411786
6.0,0.02528145272720109,-0.4971277,-0.4971277,1.9338297e-05,1.9338297e-05,1.021254e-05,2.072765e-05,0.994029,3.2802956,0.16580452773220686
6.0,0.02529145272720109,-0.49706247,-0.49706247,-1.986234e-05,-1.986234e-05,-1.0736625e-05,-2.1251693e-05,0.994029,3.2802956,0.16583713482029586
6.0,0.025301452727201093,-0.4971277,-0.4971277,1.933827e-05,1.933827e-05,1.0212515e-05,2.072762e-05,0.994029,3.2802956,0.16586974190838485
6.0,0.025311452727201093,-0.49706247,-0.49706247,-1.9862315e-05,-1.9862315e-05,-1.07366e-05,-2.1251664e-05,0.994029,3.2802956,0.16590234899647385
6.0,0.025321452727201092,-0.4971277,-0.4971277,1.9338242e-05,1.9338242e-05,1.02124895e-05,2.0727593e-05,0.994029,3.2802956,0.16593495608456285
6.0,0.025331452727201092,-0.49706247,-0.49706247,-1.9862287e-05,-1.9862287e-05,-1.0736576e-05,-2.1251637e-05,0.994029,3.2802956,0.16596756317265185
6.0,0.02534145272720109,-0.4971277,-0.4971277,1.9338217e-05,1.9338217e-05,1.0212465e-05,2.0727564e-05,0.994029,3.2802956,0.16600017026074085
6.0,0.02535145272720109,-0.49706247,-0.49706247,-1.9862262e-05,-1.9862262e-05,-1.073655e-05,-2.1251608e-05,0.994029,3.2802956,0.16603277734882985
6.0,0.02536145272720109,-0.4971277,-0.4971277,1.933819e-05,1.933819e-05,1.021244e-05,2.0727535e-05,0.994029,3.2802956,0.16606538443691884
6.0,0.02537145272720109,-0.49706247,-0.49706247,-1.9862235e-05,-1.9862235e-05,-1.0736526e-05,-2.1251579e-05,0.994029,3.2802956,0.16609799152500784
6.0,0.02538145272720109,-0.4971277,-0.4971277,1.9338164e-05,1.9338164e-05,1.0212416e-05,2.0727506e-05,0.994029,3.2802956,0.16613059861309684
6.0,0.025391452727201093,-0.49706247,-0.49706247,-1.9862207e-05,-1.9862207e-05,-1.0736501e-05,-2.125155e-05,0.994029,3.2802956,0.16616320570118584
6.0,0.025401452727201092,-0.4971277,-0.4971277,1.9338137e-05,1.9338137e-05,1.021239e-05,2.0727477e-05,0.994029,3.2802956,0.16619581278927484
6.0,0.025411452727201092,-0.49706247,-0.49706247,-1.9862182e-05,-1.9862182e-05,-1.0736476e-05,-2.125152e-05,0.994029,3.2802956,0.16622841987736384
6.0,0.02542145272720109,-0.4971277,-0.4971277,1.9338111e-05,1.9338111e-05,1.0212366e-05,2.0727448e-05,0.994029,3.2802956,0.16626102696545283
6.0,0.02543145272720109,-0.49706247,-0.49706247,-1.9862155e-05,-1.9862155e-05,-1.0736451e-05,-2.1251491e-05,0.994029,3.2802956,0.16629363405354183
6.0,0.02544145272720109,-0.4971277,-0.4971277,1.9338084e-05,1.9338084e-05,1.0212341e-05,2.0727419e-05,0.994029,3.2802956,0.16632624114163083
6.0,0.02545145272720109,-0.49706247,-0.49706247,-1.986213e-05,-1.986213e-05,-1.0736427e-05,-2.1251462e-05,0.994029,3.2802956,0.16635884822971983
6.0,0.02546145272720109,-0.4971277,-0.4971277,1.9338058e-05,1.9338058e-05,1.0212316e-05,2.0727392e-05,0.994029,3.2802956,0.16639145531780883
6.0,0.02547145272720109,-0.49706247,-0.49706247,-1.9862102e-05,-1.9862102e-05,-1.0736402e-05,-2.1251435e-05,0.994029,3.2802956,0.16642406240589783
6.0,0.025481452727201093,-0.4971277,-0.4971277,1.9338031e-05,1.9338031e-05,1.0212291e-05,2.0727362e-05,0.994029,3.2802956,0.16645666949398683
6.0,0.025491452727201092,-0.49706247,-0.49706247,-1.9862076e-05,-1.9862076e-05,-1.0736377e-05,-2.1251406e-05,0.994029,3.2802956,0.16648927658207582
6.0,0.025501452727201092,-0.4971277,-0.4971277,1.9338004e-05,1.9338004e-05,1.0212267e-05,2.0727333e-05,0.994029,3.2802956,0.16652188367016482
6.0,0.02551145272720109,-0.49706247,-0.49706247,-1.986205e-05,-1.986205e-05,-1.0736352e-05,-2.1251377e-05,0.994029,3.2802956,0.16655449075825382
6.0,0.02552145272720109,-0.4971277,-0.4971277,1.9337978e-05,1.9337978e-05,1.0212242e-05,2.0727304e-05,0.994029,3.2802956,0.16658709784634282
6.0,0.02553145272720109,-0.49706247,-0.49706247,-1.9862024e-05,-1.9862024e-05,-1.0736328e-05,-2.1251348e-05,0.994029,3.2802956,0.16661970493443182
6.0,0.02554145272720109,-0.4971277,-0.4971277,1.9337951e-05,1.9337951e-05,1.0212217e-05,2.0727275e-05,0.994029,3.2802956,0.16665231202252082
6.0,0.02555145272720109,-0.49706247,-0.49706247,-1.9861996e-05,-1.9861996e-05,-1.0736302e-05,-2.1251319e-05,0.994029,3.2802956,0.1666849191106098
6.0,0.025561452727201093,-0.4971277,-0.4971277,1.9337926e-05,1.9337926e-05,1.0212192e-05,2.0727246e-05,0.994029,3.2802956,0.1667175261986988
6.0,0.025571452727201092,-0.49706247,-0.49706247,-1.9861971e-05,-1.9861971e-05,-1.07362775e-05,-2.125129e-05,0.994029,3.2802956,0.1667501332867878
6.0,0.025581452727201092,-0.4971277,-0.4971277,1.9337898e-05,1.9337898e-05,1.0212168e-05,2.0727217e-05,0.994029,3.2802956,0.1667827403748768
6.0,0.02559145272720109,-0.49706247,-0.49706247,-1.9861944e-05,-1.9861944e-05,-1.0736253e-05,-2.125126e-05,0.994029,3.2802956,0.1668153474629658
6.0,0.02560145272720109,-0.4971277,-0.4971277,1.9337873e-05,1.9337873e-05,1.0212142e-05,2.072719e-05,0.994029,3.2802956,0.1668479545510548
6.0,0.02561145272720109,-0.49706247,-0.49706247,-1.9861916e-05,-1.9861916e-05,-1.0736228e-05,-2.1251233e-05,0.994029,3.2802956,0.1668805616391438
6.0,0.02562145272720109,-0.4971277,-0.4971277,1.9337846e-05,1.9337846e-05,1.0212118e-05,2.072716e-05,0.994029,3.2802956,0.1669131687272328
6.0,0.02563145272720109,-0.49706247,-0.49706247,-1.986189e-05,-1.986189e-05,-1.0736203e-05,-2.1251204e-05,0.994029,3.2802956,0.1669457758153218
6.0,0.02564145272720109,-0.4971277,-0.4971277,1.933782e-05,1.933782e-05,1.0212093e-05,2.0727131e-05,0.994029,3.2802956,0.1669783829034108
6.0,0.025651452727201093,-0.49706247,-0.49706247,-1.9861864e-05,-1.9861864e-05,-1.0736178e-05,-2.1251175e-05,0.994029,3.2802956,0.1670109899914998
6.0,0.025661452727201092,-0.4971277,-0.4971277,1.9337793e-05,1.9337793e-05,1.0212068e-05,2.0727102e-05,0.994029,3.2802956,0.1670435970795888
6.0,0.025671452727201092,-0.49706247,-0.49706247,-1.9861838e-05,-1.9861838e-05,-1.0736154e-05,-2.1251146e-05,0.994029,3.2802956,0.1670762041676778
6.0,0.02568145272720109,-0.4971277,-0.4971277,1.9337765e-05,1.9337765e-05,1.0212043e-05,2.0727073e-05,0.994029,3.2802956,0.1671088112557668
6.0,0.02569145272720109,-0.49706247,-0.49706247,-1.986181e-05,-1.986181e-05,-1.0736128e-05,-2.1251117e-05,0.994029,3.2802956,0.1671414183438558
6.0,0.02570145272720109,-0.4971277,-0.4971277,1.933774e-05,1.933774e-05,1.0212018e-05,2.0727044e-05,0.994029,3.2802956,0.1671740254319448
6.0,0.02571145272720109,-0.49706247,-0.49706247,-1.9861785e-05,-1.9861785e-05,-1.0736104e-05,-2.1251088e-05,0.994029,3.2802956,0.1672066325200338
6.0,0.02572145272720109,-0.4971277,-0.4971277,1.9337713e-05,1.9337713e-05,1.0211994e-05,2.0727015e-05,0.994029,3.2802956,0.16723923960812279
6.0,0.025731452727201093,-0.49706247,-0.49706247,-1.9861758e-05,-1.9861758e-05,-1.0736079e-05,-2.125106e-05,0.994029,3.2802956,0.16727184669621178
6.0,0.025741452727201092,-0.4971277,-0.4971277,1.9337687e-05,1.9337687e-05,1.0211968e-05,2.0726988e-05,0.994029,3.2802956,0.16730445378430078
6.0,0.025751452727201092,-0.49706247,-0.49706247,-1.9861733e-05,-1.9861733e-05,-1.0736055e-05,-2.1251031e-05,0.994029,3.2802956,0.16733706087238978
6.0,0.02576145272720109,-0.4971277,-0.4971277,1.933766e-05,1.933766e-05,1.0211944e-05,2.0726959e-05,0.994029,3.2802956,0.16736966796047878
6.0,0.02577145272720109,-0.49706247,-0.49706247,-1.9861705e-05,-1.9861705e-05,-1.0736029e-05,-2.1251002e-05,0.994029,3.2802956,0.16740227504856778
6.0,0.02578145272720109,-0.4971277,-0.4971277,1.9337635e-05,1.9337635e-05,1.0211919e-05,2.072693e-05,0.994029,3.2802956,0.16743488213665678
6.0,0.02579145272720109,-0.49706247,-0.49706247,-1.9861678e-05,-1.9861678e-05,-1.0736005e-05,-2.1250973e-05,0.994029,3.2802956,0.16746748922474577
6.0,0.02580145272720109,-0.4971277,-0.4971277,1.9337607e-05,1.9337607e-05,1.0211895e-05,2.07269e-05,0.994029,3.2802956,0.16750009631283477
6.0,0.02581145272720109,-0.49706247,-0.49706247,-1.9861653e-05,-1.9861653e-05,-1.073598e-05,-2.1250944e-05,0.994029,3.2802956,0.16753270340092377
6.0,0.025821452727201093,-0.4971277,-0.4971277,1.9337582e-05,1.9337582e-05,1.0211869e-05,2.0726871e-05,0.994029,3.2802956,0.16756531048901277
6.0,0.025831452727201092,-0.49706247,-0.49706247,-1.9861625e-05,-1.9861625e-05,-1.0735955e-05,-2.1250915e-05,0.994029,3.2802956,0.16759791757710177
6.0,0.025841452727201092,-0.4971277,-0.4971277,1.9337554e-05,1.9337554e-05,1.0211845e-05,2.0726842e-05,0.994029,3.2802956,0.16763052466519077
6.0,0.02585145272720109,-0.49706247,-0.49706247,-1.98616e-05,-1.98616e-05,-1.073593e-05,-2.1250886e-05,0.994029,3.2802956,0.16766313175327976
6.0,0.02586145272720109,-0.4971277,-0.4971277,1.9337529e-05,1.9337529e-05,1.021182e-05,2.0726813e-05,0.994029,3.2802956,0.16769573884136876
6.0,0.02587145272720109,-0.49706247,-0.49706247,-1.9861573e-05,-1.9861573e-05,-1.0735906e-05,-2.1250858e-05,0.994029,3.2802956,0.16772834592945776
6.0,0.02588145272720109,-0.4971277,-0.4971277,1.9337502e-05,1.9337502e-05,1.0211795e-05,2.0726786e-05,0.994029,3.2802956,0.16776095301754676
6.0,0.02589145272720109,-0.49706247,-0.49706247,-1.9861547e-05,-1.9861547e-05,-1.0735881e-05,-2.125083e-05,0.994029,3.2802956,0.16779356010563576
6.0,0.025901452727201093,-0.4971277,-0.4971277,1.9337474e-05,1.9337474e-05,1.021177e-05,2.0726757e-05,0.994029,3.2802956,0.16782616719372476
6.0,0.025911452727201092,-0.49706247,-0.49706247,-1.986152e-05,-1.986152e-05,-1.07358555e-05,-2.12508e-05,0.994029,3.2802956,0.16785877428181376
6.0,0.025921452727201092,-0.4971277,-0.4971277,1.9337449e-05,1.9337449e-05,1.0211746e-05,2.0726728e-05,0.994029,3.2802956,0.16789138136990275
6.0,0.02593145272720109,-0.49706247,-0.49706247,-1.9861494e-05,-1.9861494e-05,-1.0735831e-05,-2.1250771e-05,0.994029,3.2802956,0.16792398845799175
6.0,0.02594145272720109,-0.4971277,-0.4971277,1.9337422e-05,1.9337422e-05,1.0211721e-05,2.0726698e-05,0.994029,3.2802956,0.16795659554608075
6.0,0.02595145272720109,-0.49706247,-0.49706247,-1.9861467e-05,-1.9861467e-05,-1.0735806e-05,-2.1250742e-05,0.994029,3.2802956,0.16798920263416975
6.0,0.02596145272720109,-0.4971277,-0.4971277,1.9337396e-05,1.9337396e-05,1.0211696e-05,2.072667e-05,0.994029,3.2802956,0.16802180972225875
6.0,0.02597145272720109,-0.49706247,-0.49706247,-1.986144e-05,-1.986144e-05,-1.0735781e-05,-2.1250713e-05,0.994029,3.2802956,0.16805441681034775
6.0,0.02598145272720109,-0.4971277,-0.4971277,1.9337369e-05,1.9337369e-05,1.0211671e-05,2.072664e-05,0.994029,3.2802956,0.16808702389843674
6.0,0.025991452727201093,-0.49706247,-0.49706247,-1.9861414e-05,-1.9861414e-05,-1.0735756e-05,-2.1250684e-05,0.994029,3.2802956,0.16811963098652574
6.0,0.026001452727201092,-0.4971277,-0.4971277,1.9337343e-05,1.9337343e-05,1.0211646e-05,2.0726611e-05,0.994029,3.2802956,0.16815223807461474
6.0,0.026011452727201092,-0.49706247,-0.49706247,-1.9861387e-05,-1.9861387e-05,-1.0735732e-05,-2.1250657e-05,0.994029,3.2802956,0.16818484516270374
6.0,0.02602145272720109,-0.4971277,-0.4971277,1.9337316e-05,1.9337316e-05,1.0211621e-05,2.0726584e-05,0.994029,3.2802956,0.16821745225079274
6.0,0.02603145272720109,-0.49706247,-0.49706247,-1.9861362e-05,-1.9861362e-05,-1.0735707e-05,-2.1250627e-05,0.994029,3.2802956,0.16825005933888174
6.0,0.02604145272720109,-0.4971277,-0.4971277,1.933729e-05,1.933729e-05,1.0211596e-05,2.0726555e-05,0.994029,3.2802956,0.16828266642697073
6.0,0.02605145272720109,-0.49706247,-0.49706247,-1.9861334e-05,-1.9861334e-05,-1.0735682e-05,-2.1250598e-05,0.994029,3.2802956,0.16831527351505973
6.0,0.02606145272720109,-0.4971277,-0.4971277,1.9337263e-05,1.9337263e-05,1.0211572e-05,2.0726526e-05,0.994029,3.2802956,0.16834788060314873
6.0,0.026071452727201093,-0.49706247,-0.49706247,-1.9861309e-05,-1.9861309e-05,-1.0735657e-05,-2.125057e-05,0.994029,3.2802956,0.16838048769123773
6.0,0.026081452727201093,-0.4971277,-0.4971277,1.9337236e-05,1.9337236e-05,1.0211547e-05,2.0726497e-05,0.994029,3.2802956,0.16841309477932673
6.0,0.026091452727201092,-0.49706247,-0.49706247,-1.9861282e-05,-1.9861282e-05,-1.0735633e-05,-2.125054e-05,0.994029,3.2802956,0.16844570186741573
6.0,0.02610145272720109,-0.4971277,-0.4971277,1.933721e-05,1.933721e-05,1.0211522e-05,2.0726467e-05,0.994029,3.2802956,0.16847830895550472
6.0,0.02611145272720109,-0.49706247,-0.49706247,-1.9861256e-05,-1.9861256e-05,-1.0735607e-05,-2.1250511e-05,0.994029,3.2802956,0.16851091604359372
6.0,0.02612145272720109,-0.4971277,-0.4971277,1.9337183e-05,1.9337183e-05,1.0211497e-05,2.0726438e-05,0.994029,3.2802956,0.16854352313168272
6.0,0.02613145272720109,-0.49706247,-0.49706247,-1.9861229e-05,-1.9861229e-05,-1.0735583e-05,-2.1250482e-05,0.994029,3.2802956,0.16857613021977172
6.0,0.02614145272720109,-0.4971277,-0.4971277,1.9337158e-05,1.9337158e-05,1.0211473e-05,2.072641e-05,0.994029,3.2802956,0.16860873730786072
6.0,0.02615145272720109,-0.49706247,-0.49706247,-1.9861203e-05,-1.9861203e-05,-1.0735558e-05,-2.1250455e-05,0.994029,3.2802956,0.16864134439594972
6.0,0.026161452727201093,-0.4971277,-0.4971277,1.933713e-05,1.933713e-05,1.0211447e-05,2.0726382e-05,0.994029,3.2802956,0.16867395148403871
6.0,0.026171452727201092,-0.49706247,-0.49706247,-1.9861176e-05,-1.9861176e-05,-1.0735534e-05,-2.1250426e-05,0.994029,3.2802956,0.1687065585721277
6.0,0.026181452727201092,-0.4971277,-0.4971277,1.9337105e-05,1.9337105e-05,1.0211423e-05,2.0726353e-05,0.994029,3.2802956,0.1687391656602167
6.0,0.02619145272720109,-0.49706247,-0.49706247,-1.9861149e-05,-1.9861149e-05,-1.0735508e-05,-2.1250396e-05,0.994029,3.2802956,0.1687717727483057
6.0,0.02620145272720109,-0.4971277,-0.4971277,1.9337078e-05,1.9337078e-05,1.0211398e-05,2.0726324e-05,0.994029,3.2802956,0.1688043798363947
6.0,0.02621145272720109,-0.49706247,-0.49706247,-1.9861123e-05,-1.9861123e-05,-1.0735484e-05,-2.1250367e-05,0.994029,3.2802956,0.1688369869244837
6.0,0.02622145272720109,-0.4971277,-0.4971277,1.9337052e-05,1.9337052e-05,1.0211374e-05,2.0726295e-05,0.994029,3.2802956,0.1688695940125727
6.0,0.02623145272720109,-0.49706247,-0.49706247,-1.9861096e-05,-1.9861096e-05,-1.0735459e-05,-2.1250338e-05,0.994029,3.2802956,0.1689022011006617
6.0,0.026241452727201093,-0.4971277,-0.4971277,1.9337025e-05,1.9337025e-05,1.0211348e-05,2.0726266e-05,0.994029,3.2802956,0.1689348081887507
6.0,0.026251452727201093,-0.49706247,-0.49706247,-1.986107e-05,-1.986107e-05,-1.07354335e-05,-2.125031e-05,0.994029,3.2802956,0.1689674152768397
6.0,0.026261452727201092,-0.4971277,-0.4971277,1.9336998e-05,1.9336998e-05,1.0211324e-05,2.0726236e-05,0.994029,3.2802956,0.1690000223649287
6.0,0.02627145272720109,-0.49706247,-0.49706247,-1.9861043e-05,-1.9861043e-05,-1.0735409e-05,-2.125028e-05,0.994029,3.2802956,0.1690326294530177
6.0,0.02628145272720109,-0.4971277,-0.4971277,1.9336972e-05,1.9336972e-05,1.0211299e-05,2.0726207e-05,0.994029,3.2802956,0.1690652365411067
6.0,0.02629145272720109,-0.49706247,-0.49706247,-1.9861018e-05,-1.9861018e-05,-1.0735384e-05,-2.1250253e-05,0.994029,3.2802956,0.1690978436291957
6.0,0.02630145272720109,-0.4971277,-0.4971277,1.9336945e-05,1.9336945e-05,1.0211274e-05,2.072618e-05,0.994029,3.2802956,0.1691304507172847
6.0,0.02631145272720109,-0.49706247,-0.49706247,-1.986099e-05,-1.986099e-05,-1.073536e-05,-2.1250224e-05,0.994029,3.2802956,0.1691630578053737
6.0,0.02632145272720109,-0.4971277,-0.4971277,1.933692e-05,1.933692e-05,1.0211249e-05,2.0726151e-05,0.994029,3.2802956,0.1691956648934627
6.0,0.026331452727201093,-0.49706247,-0.49706247,-1.9860965e-05,-1.9860965e-05,-1.0735334e-05,-2.1250195e-05,0.994029,3.2802956,0.1692282719815517
6.0,0.026341452727201092,-0.4971277,-0.4971277,1.9336892e-05,1.9336892e-05,1.0211224e-05,2.0726122e-05,0.994029,3.2802956,0.16926087906964069
6.0,0.026351452727201092,-0.49706247,-0.49706247,-1.9860938e-05,-1.9860938e-05,-1.073531e-05,-2.1250165e-05,0.994029,3.2802956,0.16929348615772968
6.0,0.02636145272720109,-0.4971277,-0.4971277,1.9336867e-05,1.9336867e-05,1.02112e-05,2.0726093e-05,0.994029,3.2802956,0.16932609324581868
6.0,0.02637145272720109,-0.49706247,-0.49706247,-1.986091e-05,-1.986091e-05,-1.0735285e-05,-2.1250136e-05,0.994029,3.2802956,0.16935870033390768
6.0,0.02638145272720109,-0.4971277,-0.4971277,1.933684e-05,1.933684e-05,1.0211174e-05,2.0726064e-05,0.994029,3.2802956,0.16939130742199668
6.0,0.02639145272720109,-0.49706247,-0.49706247,-1.9860885e-05,-1.9860885e-05,-1.073526e-05,-2.1250107e-05,0.994029,3.2802956,0.16942391451008568
6.0,0.02640145272720109,-0.4971277,-0.4971277,1.9336814e-05,1.9336814e-05,1.021115e-05,2.0726035e-05,0.994029,3.2802956,0.16945652159817468
6.0,0.026411452727201093,-0.49706247,-0.49706247,-1.9860858e-05,-1.9860858e-05,-1.0735235e-05,-2.1250078e-05,0.994029,3.2802956,0.16948912868626367
6.0,0.026421452727201093,-0.4971277,-0.4971277,1.9336787e-05,1.9336787e-05,1.0211125e-05,2.0726005e-05,0.994029,3.2802956,0.16952173577435267
6.0,0.026431452727201092,-0.49706247,-0.49706247,-1.9860832e-05,-1.9860832e-05,-1.0735211e-05,-2.125005e-05,0.994029,3.2802956,0.16955434286244167
6.0,0.02644145272720109,-0.4971277,-0.4971277,1.9336761e-05,1.9336761e-05,1.02111e-05,2.0725978e-05,0.994029,3.2802956,0.16958694995053067
6.0,0.02645145272720109,-0.49706247,-0.49706247,-1.9860805e-05,-1.9860805e-05,-1.0735186e-05,-2.1250022e-05,0.994029,3.2802956,0.16961955703861967
6.0,0.02646145272720109,-0.4971277,-0.4971277,1.9336734e-05,1.9336734e-05,1.0211075e-05,2.0725949e-05,0.994029,3.2802956,0.16965216412670867
6.0,0.02647145272720109,-0.49706247,-0.49706247,-1.986078e-05,-1.986078e-05,-1.0735161e-05,-2.1249993e-05,0.994029,3.2802956,0.16968477121479766
6.0,0.02648145272720109,-0.4971277,-0.4971277,1.9336707e-05,1.9336707e-05,1.0211051e-05,2.072592e-05,0.994029,3.2802956,0.16971737830288666
6.0,0.02649145272720109,-0.49706247,-0.49706247,-1.9860752e-05,-1.9860752e-05,-1.0735136e-05,-2.1249964e-05,0.994029,3.2802956,0.16974998539097566
6.0,0.026501452727201093,-0.4971277,-0.4971277,1.9336681e-05,1.9336681e-05,1.0211026e-05,2.072589e-05,0.994029,3.2802956,0.16978259247906466
6.0,0.026511452727201092,-0.49706247,-0.49706247,-1.9860727e-05,-1.9860727e-05,-1.0735112e-05,-2.1249934e-05,0.994029,3.2802956,0.16981519956715366
6.0,0.026521452727201092,-0.4971277,-0.4971277,1.9336654e-05,1.9336654e-05,1.0211001e-05,2.0725862e-05,0.994029,3.2802956,0.16984780665524266
6.0,0.02653145272720109,-0.49706247,-0.49706247,-1.98607e-05,-1.98607e-05,-1.0735086e-05,-2.1249905e-05,0.994029,3.2802956,0.16988041374333165
6.0,0.02654145272720109,-0.4971277,-0.4971277,1.9336629e-05,1.9336629e-05,1.0210976e-05,2.0725833e-05,0.994029,3.2802956,0.16991302083142065
6.0,0.02655145272720109,-0.49706247,-0.49706247,-1.9860674e-05,-1.9860674e-05,-1.0735062e-05,-2.1249876e-05,0.994029,3.2802956,0.16994562791950965
6.0,0.02656145272720109,-0.4971277,-0.4971277,1.9336601e-05,1.9336601e-05,1.0210952e-05,2.0725804e-05,0.994029,3.2802956,0.16997823500759865
6.0,0.02657145272720109,-0.49706247,-0.49706247,-1.9860647e-05,-1.9860647e-05,-1.0735037e-05,-2.1249849e-05,0.994029,3.2802956,0.17001084209568765
6.0,0.026581452727201093,-0.4971277,-0.4971277,1.9336576e-05,1.9336576e-05,1.0210926e-05,2.0725776e-05,0.994029,3.2802956,0.17004344918377665
6.0,0.026591452727201093,-0.49706247,-0.49706247,-1.986062e-05,-1.986062e-05,-1.0735012e-05,-2.124982e-05,0.994029,3.2802956,0.17007605627186564
6.0,0.026601452727201092,-0.4971277,-0.4971277,1.9336549e-05,1.9336549e-05,1.0210902e-05,2.0725747e-05,0.994029,3.2802956,0.17010866335995464
6.0,0.02661145272720109,-0.49706247,-0.49706247,-1.9860594e-05,-1.9860594e-05,-1.0734987e-05,-2.124979e-05,0.994029,3.2802956,0.17014127044804364
6.0,0.02662145272720109,-0.4971277,-0.4971277,1.9336523e-05,1.9336523e-05,1.0210877e-05,2.0725718e-05,0.994029,3.2802956,0.17017387753613264
6.0,0.02663145272720109,-0.49706247,-0.49706247,-1.9860567e-05,-1.9860567e-05,-1.0734962e-05,-2.1249762e-05,0.994029,3.2802956,0.17020648462422164
6.0,0.02664145272720109,-0.4971277,-0.4971277,1.9336496e-05,1.9336496e-05,1.0210852e-05,2.0725689e-05,0.994029,3.2802956,0.17023909171231064
6.0,0.02665145272720109,-0.49706247,-0.49706247,-1.9860541e-05,-1.9860541e-05,-1.0734938e-05,-2.1249733e-05,0.994029,3.2802956,0.17027169880039963
6.0,0.02666145272720109,-0.4971277,-0.4971277,1.9336469e-05,1.9336469e-05,1.0210827e-05,2.072566e-05,0.994029,3.2802956,0.17030430588848863
6.0,0.026671452727201093,-0.49706247,-0.49706247,-1.9860514e-05,-1.9860514e-05,-1.0734912e-05,-2.1249703e-05,0.994029,3.2802956,0.17033691297657763
6.0,0.026681452727201092,-0.4971277,-0.4971277,1.9336443e-05,1.9336443e-05,1.0210802e-05,2.072563e-05,0.994029,3.2802956,0.17036952006466663
6.0,0.026691452727201092,-0.49706247,-0.49706247,-1.9860488e-05,-1.9860488e-05,-1.0734888e-05,-2.1249674e-05,0.994029,3.2802956,0.17040212715275563
6.0,0.02670145272720109,-0.4971277,-0.4971277,1.9336416e-05,1.9336416e-05,1.0210778e-05,2.0725603e-05,0.994029,3.2802956,0.17043473424084463
6.0,0.02671145272720109,-0.49706247,-0.49706247,-1.9860461e-05,-1.9860461e-05,-1.0734863e-05,-2.1249647e-05,0.994029,3.2802956,0.17046734132893362
6.0,0.02672145272720109,-0.4971277,-0.4971277,1.933639e-05,1.933639e-05,1.0210752e-05,2.0725574e-05,0.994029,3.2802956,0.17049994841702262
6.0,0.02673145272720109,-0.49706247,-0.49706247,-1.9860436e-05,-1.9860436e-05,-1.0734839e-05,-2.1249618e-05,0.994029,3.2802956,0.17053255550511162
6.0,0.02674145272720109,-0.4971277,-0.4971277,1.9336363e-05,1.9336363e-05,1.0210728e-05,2.0725545e-05,0.994029,3.2802956,0.17056516259320062
6.0,0.02675145272720109,-0.49706247,-0.49706247,-1.9860408e-05,-1.9860408e-05,-1.0734813e-05,-2.1249589e-05,0.994029,3.2802956,0.17059776968128962
6.0,0.026761452727201093,-0.4971277,-0.4971277,1.9336338e-05,1.9336338e-05,1.0210703e-05,2.0725516e-05,0.994029,3.2802956,0.17063037676937862
6.0,0.026771452727201092,-0.49706247,-0.49706247,-1.9860381e-05,-1.9860381e-05,-1.0734789e-05,-2.124956e-05,0.994029,3.2802956,0.17066298385746762
6.0,0.026781452727201092,-0.4971277,-0.4971277,1.933631e-05,1.933631e-05,1.0210679e-05,2.0725487e-05,0.994029,3.2802956,0.1706955909455566
6.0,0.02679145272720109,-0.49706247,-0.49706247,-1.9860356e-05,-1.9860356e-05,-1.0734764e-05,-2.124953e-05,0.994029,3.2802956,0.1707281980336456
6.0,0.02680145272720109,-0.4971277,-0.4971277,1.9336285e-05,1.9336285e-05,1.0210653e-05,2.0725458e-05,0.994029,3.2802956,0.1707608051217346
6.0,0.02681145272720109,-0.49706247,-0.49706247,-1.9860328e-05,-1.9860328e-05,-1.0734739e-05,-2.1249502e-05,0.994029,3.2802956,0.1707934122098236
6.0,0.02682145272720109,-0.4971277,-0.4971277,1.9336258e-05,1.9336258e-05,1.0210629e-05,2.0725429e-05,0.994029,3.2802956,0.1708260192979126
6.0,0.02683145272720109,-0.49706247,-0.49706247,-1.9860303e-05,-1.9860303e-05,-1.0734714e-05,-2.1249474e-05,0.994029,3.2802956,0.1708586263860016
6.0,0.026841452727201093,-0.4971277,-0.4971277,1.9336232e-05,1.9336232e-05,1.0210604e-05,2.0725402e-05,0.994029,3.2802956,0.1708912334740906
6.0,0.026851452727201092,-0.49706247,-0.49706247,-1.9860276e-05,-1.9860276e-05,-1.073469e-05,-2.1249445e-05,0.994029,3.2802956,0.1709238405621796
6.0,0.026861452727201092,-0.4971277,-0.4971277,1.9336205e-05,1.9336205e-05,1.0210579e-05,2.0725372e-05,0.994029,3.2802956,0.1709564476502686
6.0,0.02687145272720109,-0.49706247,-0.49706247,-1.986025e-05,-1.986025e-05,-1.0734665e-05,-2.1249416e-05,0.994029,3.2802956,0.1709890547383576
6.0,0.02688145272720109,-0.4971277,-0.4971277,1.9336178e-05,1.9336178e-05,1.0210554e-05,2.0725343e-05,0.994029,3.2802956,0.1710216618264466
6.0,0.02689145272720109,-0.49706247,-0.49706247,-1.9860223e-05,-1.9860223e-05,-1.073464e-05,-2.1249387e-05,0.994029,3.2802956,0.1710542689145356
6.0,0.02690145272720109,-0.4971277,-0.4971277,1.9336152e-05,1.9336152e-05,1.021053e-05,2.0725314e-05,0.994029,3.2802956,0.1710868760026246
6.0,0.02691145272720109,-0.49706247,-0.49706247,-1.9860197e-05,-1.9860197e-05,-1.0734615e-05,-2.1249358e-05,0.994029,3.2802956,0.1711194830907136
6.0,0.02692145272720109,-0.4971277,-0.4971277,1.9336125e-05,1.9336125e-05,1.0210505e-05,2.0725285e-05,0.994029,3.2802956,0.1711520901788026
6.0,0.026931452727201093,-0.49706247,-0.49706247,-1.986017e-05,-1.986017e-05,-1.073459e-05,-2.1249329e-05,0.994029,3.2802956,0.1711846972668916
6.0,0.026941452727201092,-0.4971277,-0.4971277,1.93361e-05,1.93361e-05,1.021048e-05,2.0725256e-05,0.994029,3.2802956,0.1712173043549806
6.0,0.026951452727201092,-0.49706247,-0.49706247,-1.9860145e-05,-1.9860143e-05,-1.0734565e-05,-2.12493e-05,0.994029,3.2802956,0.17124991144306959
6.0,0.02696145272720109,-0.4971277,-0.4971277,1.9336072e-05,1.9336072e-05,1.0210455e-05,2.0725227e-05,0.994029,3.2802956,0.17128251853115858
6.0,0.02697145272720109,-0.49706247,-0.49706247,-1.9860117e-05,-1.9860117e-05,-1.073454e-05,-2.1249272e-05,0.994029,3.2802956,0.17131512561924758
6.0,0.02698145272720109,-0.4971277,-0.4971277,1.9336047e-05,1.9336047e-05,1.021043e-05,2.07252e-05,0.994029,3.2802956,0.17134773270733658
6.0,0.02699145272720109,-0.49706247,-0.49706247,-1.986009e-05,-1.986009e-05,-1.0734516e-05,-2.1249243e-05,0.994029,3.2802956,0.17138033979542558
6.0,0.02700145272720109,-0.4971277,-0.4971277,1.933602e-05,1.933602e-05,1.0210405e-05,2.072517e-05,0.994029,3.2802956,0.17141294688351458
6.0,0.027011452727201093,-0.49706247,-0.49706247,-1.9860065e-05,-1.9860065e-05,-1.0734491e-05,-2.1249214e-05,0.994029,3.2802956,0.17144555397160358
6.0,0.027021452727201092,-0.4971277,-0.4971277,1.9335994e-05,1.9335994e-05,1.021038e-05,2.0725141e-05,0.994029,3.2802956,0.17147816105969257
6.0,0.027031452727201092,-0.49706247,-0.49706247,-1.9860037e-05,-1.9860037e-05,-1.0734466e-05,-2.1249185e-05,0.994029,3.2802956,0.17151076814778157
6.0,0.02704145272720109,-0.4971277,-0.4971277,1.9335966e-05,1.9335966e-05,1.0210356e-05,2.0725112e-05,0.994029,3.2802956,0.17154337523587057
6.0,0.02705145272720109,-0.49706247,-0.49706247,-1.9860012e-05,-1.9860012e-05,-1.0734441e-05,-2.1249156e-05,0.994029,3.2802956,0.17157598232395957
6.0,0.02706145272720109,-0.4971277,-0.4971277,1.933594e-05,1.933594e-05,1.0210331e-05,2.0725083e-05,0.994029,3.2802956,0.17160858941204857
6.0,0.02707145272720109,-0.49706247,-0.49706247,-1.9859985e-05,-1.9859985e-05,-1.0734417e-05,-2.1249127e-05,0.994029,3.2802956,0.17164119650013757
6.0,0.02708145272720109,-0.4971277,-0.4971277,1.9335914e-05,1.9335914e-05,1.0210306e-05,2.0725054e-05,0.994029,3.2802956,0.17167380358822656
6.0,0.02709145272720109,-0.49706247,-0.49706247,-1.985996e-05,-1.985996e-05,-1.0734392e-05,-2.1249098e-05,0.994029,3.2802956,0.17170641067631556
6.0,0.027101452727201093,-0.4971277,-0.4971277,1.9335886e-05,1.9335886e-05,1.0210281e-05,2.0725025e-05,0.994029,3.2802956,0.17173901776440456
6.0,0.027111452727201092,-0.49706247,-0.49706247,-1.9859932e-05,-1.9859932e-05,-1.0734367e-05,-2.124907e-05,0.994029,3.2802956,0.17177162485249356
6.0,0.027121452727201092,-0.4971277,-0.4971277,1.9335861e-05,1.9335861e-05,1.0210257e-05,2.0724998e-05,0.994029,3.2802956,0.17180423194058256
6.0,0.02713145272720109,-0.49706247,-0.49706247,-1.9859906e-05,-1.9859906e-05,-1.0734342e-05,-2.1249041e-05,0.994029,3.2802956,0.17183683902867156
6.0,0.02714145272720109,-0.4971277,-0.4971277,1.9335834e-05,1.9335834e-05,1.0210231e-05,2.0724969e-05,0.994029,3.2802956,0.17186944611676055
6.0,0.02715145272720109,-0.49706247,-0.49706247,-1.985988e-05,-1.985988e-05,-1.0734318e-05,-2.1249012e-05,0.994029,3.2802956,0.17190205320484955
6.0,0.02716145272720109,-0.4971277,-0.4971277,1.9335808e-05,1.9335808e-05,1.0210207e-05,2.072494e-05,0.994029,3.2802956,0.17193466029293855
6.0,0.02717145272720109,-0.49706247,-0.49706247,-1.9859852e-05,-1.9859852e-05,-1.0734292e-05,-2.1248983e-05,0.994029,3.2802956,0.17196726738102755
6.0,0.027181452727201093,-0.4971277,-0.4971277,1.9335781e-05,1.9335781e-05,1.0210182e-05,2.072491e-05,0.994029,3.2802956,0.17199987446911655
6.0,0.027191452727201092,-0.49706247,-0.49706247,-1.9859826e-05,-1.9859826e-05,-1.0734268e-05,-2.1248954e-05,0.994029,3.2802956,0.17203248155720555
6.0,0.027201452727201092,-0.4971277,-0.4971277,1.9335755e-05,1.9335755e-05,1.0210158e-05,2.0724881e-05,0.994029,3.2802956,0.17206508864529454
6.0,0.02721145272720109,-0.49706247,-0.49706247,-1.9859799e-05,-1.9859799e-05,-1.0734243e-05,-2.1248925e-05,0.994029,3.2802956,0.17209769573338354
6.0,0.02722145272720109,-0.4971277,-0.4971277,1.9335728e-05,1.9335728e-05,1.0210132e-05,2.0724852e-05,0.994029,3.2802956,0.17213030282147254
6.0,0.02723145272720109,-0.49706247,-0.49706247,-1.9859774e-05,-1.9859774e-05,-1.0734218e-05,-2.1248896e-05,0.994029,3.2802956,0.17216290990956154
6.0,0.02724145272720109,-0.4971277,-0.4971277,1.9335701e-05,1.9335701e-05,1.0210108e-05,2.0724823e-05,0.994029,3.2802956,0.17219551699765054
6.0,0.02725145272720109,-0.49706247,-0.49706247,-1.9859746e-05,-1.9859746e-05,-1.0734193e-05,-2.1248869e-05,0.994029,3.2802956,0.17222812408573954
6.0,0.02726145272720109,-0.4971277,-0.4971277,1.9335675e-05,1.9335675e-05,1.0210083e-05,2.0724796e-05,0.994029,3.2802956,0.17226073117382854
6.0,0.027271452727201093,-0.49706247,-0.49706247,-1.985972e-05,-1.985972e-05,-1.0734168e-05,-2.124884e-05,0.994029,3.2802956,0.17229333826191753
6.0,0.027281452727201092,-0.4971277,-0.4971277,1.9335648e-05,1.9335648e-05,1.02100585e-05,2.0724767e-05,0.994029,3.2802956,0.17232594535000653
6.0,0.027291452727201092,-0.49706247,-0.49706247,-1.9859694e-05,-1.9859694e-05,-1.0734144e-05,-2.124881e-05,0.994029,3.2802956,0.17235855243809553
6.0,0.02730145272720109,-0.4971277,-0.4971277,1.9335623e-05,1.9335623e-05,1.0210033e-05,2.0724738e-05,0.994029,3.2802956,0.17239115952618453
6.0,0.02731145272720109,-0.49706247,-0.49706247,-1.9859668e-05,-1.9859668e-05,-1.0734118e-05,-2.1248781e-05,0.994029,3.2802956,0.17242376661427353
6.0,0.02732145272720109,-0.4971277,-0.4971277,1.9335595e-05,1.9335595e-05,1.0210008e-05,2.0724709e-05,0.994029,3.2802956,0.17245637370236253
6.0,0.02733145272720109,-0.49706247,-0.49706247,-1.985964e-05,-1.985964e-05,-1.0734094e-05,-2.1248752e-05,0.994029,3.2802956,0.17248898079045152
6.0,0.02734145272720109,-0.4971277,-0.4971277,1.933557e-05,1.933557e-05,1.0209984e-05,2.072468e-05,0.994029,3.2802956,0.17252158787854052
6.0,0.027351452727201093,-0.49706247,-0.49706247,-1.9859614e-05,-1.9859614e-05,-1.0734069e-05,-2.1248723e-05,0.994029,3.2802956,0.17255419496662952
6.0,0.027361452727201092,-0.4971277,-0.4971277,1.9335543e-05,1.9335543e-05,1.0209958e-05,2.072465e-05,0.994029,3.2802956,0.17258680205471852
6.0,0.027371452727201092,-0.49706247,-0.49706247,-1.9859588e-05,-1.9859588e-05,-1.0734045e-05,-2.1248694e-05,0.994029,3.2802956,0.17261940914280752
6.0,0.02738145272720109,-0.4971277,-0.4971277,1.9335517e-05,1.9335517e-05,1.0209934e-05,2.0724621e-05,0.994029,3.2802956,0.17265201623089652
6.0,0.02739145272720109,-0.49706247,-0.49706247,-1.985956e-05,-1.985956e-05,-1.0734019e-05,-2.1248667e-05,0.994029,3.2802956,0.17268462331898551
6.0,0.02740145272720109,-0.4971277,-0.4971277,1.933549e-05,1.933549e-05,1.0209909e-05,2.0724594e-05,0.994029,3.2802956,0.1727172304070745
6.0,0.02741145272720109,-0.49706247,-0.49706247,-1.9859535e-05,-1.9859535e-05,-1.0733995e-05,-2.1248637e-05,0.994029,3.2802956,0.1727498374951635
6.0,0.02742145272720109,-0.4971277,-0.4971277,1.9335464e-05,1.9335464e-05,1.0209885e-05,2.0724565e-05,0.994029,3.2802956,0.1727824445832525
6.0,0.02743145272720109,-0.49706247,-0.49706247,-1.9859508e-05,-1.9859508e-05,-1.073397e-05,-2.1248608e-05,0.994029,3.2802956,0.1728150516713415
6.0,0.027441452727201093,-0.4971277,-0.4971277,1.9335437e-05,1.9335437e-05,1.0209859e-05,2.0724536e-05,0.994029,3.2802956,0.1728476587594305
6.0,0.027451452727201092,-0.49706247,-0.49706247,-1.9859483e-05,-1.9859483e-05,-1.0733945e-05,-2.124858e-05,0.994029,3.2802956,0.1728802658475195
6.0,0.027461452727201092,-0.4971277,-0.4971277,1.933541e-05,1.933541e-05,1.0209835e-05,2.0724507e-05,0.994029,3.2802956,0.1729128729356085
6.0,0.02747145272720109,-0.49706247,-0.49706247,-1.9859455e-05,-1.9859455e-05,-1.073392e-05,-2.124855e-05,0.994029,3.2802956,0.1729454800236975
6.0,0.02748145272720109,-0.4971277,-0.4971277,1.9335384e-05,1.9335384e-05,1.020981e-05,2.0724478e-05,0.994029,3.2802956,0.1729780871117865
6.0,0.02749145272720109,-0.49706247,-0.49706247,-1.985943e-05,-1.985943e-05,-1.0733896e-05,-2.1248521e-05,0.994029,3.2802956,0.1730106941998755
6.0,0.02750145272720109,-0.4971277,-0.4971277,1.9335357e-05,1.9335357e-05,1.0209785e-05,2.0724448e-05,0.994029,3.2802956,0.1730433012879645
6.0,0.02751145272720109,-0.49706247,-0.49706247,-1.9859403e-05,-1.9859403e-05,-1.0733871e-05,-2.1248492e-05,0.994029,3.2802956,0.1730759083760535
6.0,0.027521452727201093,-0.4971277,-0.4971277,1.9335332e-05,1.9335332e-05,1.020976e-05,2.0724421e-05,0.994029,3.2802956,0.1731085154641425
6.0,0.027531452727201092,-0.49706247,-0.49706247,-1.9859377e-05,-1.9859377e-05,-1.0733846e-05,-2.1248465e-05,0.994029,3.2802956,0.1731411225522315
6.0,0.027541452727201092,-0.4971277,-0.4971277,1.9335304e-05,1.9335304e-05,1.0209736e-05,2.0724392e-05,0.994029,3.2802956,0.1731737296403205
6.0,0.02755145272720109,-0.49706247,-0.49706247,-1.985935e-05,-1.985935e-05,-1.0733821e-05,-2.1248436e-05,0.994029,3.2802956,0.1732063367284095
6.0,0.02756145272720109,-0.4971277,-0.4971277,1.9335279e-05,1.9335279e-05,1.0209711e-05,2.0724363e-05,0.994029,3.2802956,0.1732389438164985
6.0,0.02757145272720109,-0.49706247,-0.49706247,-1.9859322e-05,-1.9859322e-05,-1.0733796e-05,-2.1248406e-05,0.994029,3.2802956,0.17327155090458748
6.0,0.02758145272720109,-0.4971277,-0.4971277,1.9335252e-05,1.9335252e-05,1.0209686e-05,2.0724334e-05,0.994029,3.2802956,0.17330415799267648
6.0,0.02759145272720109,-0.49706247,-0.49706247,-1.9859297e-05,-1.9859297e-05,-1.0733771e-05,-2.1248377e-05,0.994029,3.2802956,0.17333676508076548
6.0,0.02760145272720109,-0.4971277,-0.4971277,1.9335226e-05,1.9335226e-05,1.0209661e-05,2.0724305e-05,0.994029,3.2802956,0.17336937216885448
6.0,0.027611452727201093,-0.49706247,-0.49706247,-1.985927e-05,-1.985927e-05,-1.0733746e-05,-2.1248348e-05,0.994029,3.2802956,0.17340197925694348
6.0,0.027621452727201092,-0.4971277,-0.4971277,1.9335199e-05,1.9335199e-05,1.02096365e-05,2.0724276e-05,0.994029,3.2802956,0.17343458634503248
6.0,0.027631452727201092,-0.49706247,-0.49706247,-1.9859244e-05,-1.9859244e-05,-1.0733722e-05,-2.124832e-05,0.994029,3.2802956,0.17346719343312147
6.0,0.02764145272720109,-0.4971277,-0.4971277,1.9335172e-05,1.9335172e-05,1.0209611e-05,2.0724246e-05,0.994029,3.2802956,0.17349980052121047
6.0,0.02765145272720109,-0.49706247,-0.49706247,-1.9859217e-05,-1.9859217e-05,-1.0733697e-05,-2.1248292e-05,0.994029,3.2802956,0.17353240760929947
6.0,0.02766145272720109,-0.4971277,-0.4971277,1.9335146e-05,1.9335146e-05,1.0209586e-05,2.072422e-05,0.994029,3.2802956,0.17356501469738847
6.0,0.02767145272720109,-0.49706247,-0.49706247,-1.9859192e-05,-1.9859192e-05,-1.0733672e-05,-2.1248263e-05,0.994029,3.2802956,0.17359762178547747
6.0,0.02768145272720109,-0.4971277,-0.4971277,1.9335119e-05,1.9335119e-05,1.0209562e-05,2.072419e-05,0.994029,3.2802956,0.17363022887356647
6.0,0.027691452727201093,-0.49706247,-0.49706247,-1.9859164e-05,-1.9859164e-05,-1.0733647e-05,-2.1248234e-05,0.994029,3.2802956,0.17366283596165547
6.0,0.027701452727201092,-0.4971277,-0.4971277,1.9335093e-05,1.9335093e-05,1.0209537e-05,2.0724161e-05,0.994029,3.2802956,0.17369544304974446
6.0,0.027711452727201092,-0.49706247,-0.49706247,-1.9859139e-05,-1.9859139e-05,-1.0733623e-05,-2.1248205e-05,0.994029,3.2802956,0.17372805013783346
6.0,0.02772145272720109,-0.4971277,-0.4971277,1.9335066e-05,1.9335066e-05,1.0209512e-05,2.0724132e-05,0.994029,3.2802956,0.17376065722592246
6.0,0.02773145272720109,-0.49706247,-0.49706247,-1.9859111e-05,-1.9859111e-05,-1.0733598e-05,-2.1248175e-05,0.994029,3.2802956,0.17379326431401146
6.0,0.02774145272720109,-0.4971277,-0.4971277,1.933504e-05,1.933504e-05,1.0209487e-05,2.0724103e-05,0.994029,3.2802956,0.17382587140210046
6.0,0.02775145272720109,-0.49706247,-0.49706247,-1.9859084e-05,-1.9859084e-05,-1.0733573e-05,-2.1248146e-05,0.994029,3.2802956,0.17385847849018946
6.0,0.02776145272720109,-0.4971277,-0.4971277,1.9335013e-05,1.9335013e-05,1.0209463e-05,2.0724074e-05,0.994029,3.2802956,0.17389108557827845
6.0,0.02777145272720109,-0.49706247,-0.49706247,-1.9859059e-05,-1.9859059e-05,-1.0733548e-05,-2.1248117e-05,0.994029,3.2802956,0.17392369266636745
6.0,0.027781452727201093,-0.4971277,-0.4971277,1.9334988e-05,1.9334988e-05,1.0209437e-05,2.0724045e-05,0.994029,3.2802956,0.17395629975445645
6.0,0.027791452727201092,-0.49706247,-0.49706247,-1.9859031e-05,-1.9859031e-05,-1.0733524e-05,-2.124809e-05,0.994029,3.2802956,0.17398890684254545
6.0,0.027801452727201092,-0.4971277,-0.4971277,1.933496e-05,1.933496e-05,1.0209413e-05,2.0724017e-05,0.994029,3.2802956,0.17402151393063445
6.0,0.02781145272720109,-0.49706247,-0.49706247,-1.9859006e-05,-1.9859006e-05,-1.0733498e-05,-2.124806e-05,0.994029,3.2802956,0.17405412101872345
6.0,0.02782145272720109,-0.4971277,-0.4971277,1.9334935e-05,1.9334935e-05,1.0209388e-05,2.0723988e-05,0.994029,3.2802956,0.17408672810681244
6.0,0.02783145272720109,-0.49706247,-0.49706247,-1.9858979e-05,-1.9858979e-05,-1.0733474e-05,-2.1248032e-05,0.994029,3.2802956,0.17411933519490144
6.0,0.02784145272720109,-0.4971277,-0.4971277,1.9334908e-05,1.9334908e-05,1.0209364e-05,2.072396e-05,0.994029,3.2802956,0.17415194228299044
6.0,0.02785145272720109,-0.49706247,-0.49706247,-1.9858953e-05,-1.9858953e-05,-1.0733449e-05,-2.1248003e-05,0.994029,3.2802956,0.17418454937107944
6.0,0.027861452727201093,-0.4971277,-0.4971277,1.933488e-05,1.933488e-05,1.0209338e-05,2.072393e-05,0.994029,3.2802956,0.17421715645916844
6.0,0.027871452727201092,-0.49706247,-0.49706247,-1.9858926e-05,-1.9858926e-05,-1.07334245e-05,-2.1247974e-05,0.994029,3.2802956,0.17424976354725744
6.0,0.027881452727201092,-0.4971277,-0.4971277,1.9334855e-05,1.9334855e-05,1.0209314e-05,2.07239e-05,0.994029,3.2802956,0.17428237063534643
6.0,0.02789145272720109,-0.49706247,-0.49706247,-1.98589e-05,-1.98589e-05,-1.0733399e-05,-2.1247944e-05,0.994029,3.2802956,0.17431497772343543
6.0,0.02790145272720109,-0.4971277,-0.4971277,1.9334828e-05,1.9334828e-05,1.0209289e-05,2.0723872e-05,0.994029,3.2802956,0.17434758481152443
6.0,0.02791145272720109,-0.4970625,-0.4970625,-1.9858873e-05,-1.9858873e-05,-1.0733374e-05,-2.1247915e-05,0.994029,3.2802956,0.17438019189961343
6.0,0.02792145272720109,-0.4971277,-0.4971277,1.9334802e-05,1.9334802e-05,1.02092645e-05,2.0723843e-05,0.994029,3.2802956,0.17441279898770243
6.0,0.02793145272720109,-0.4970625,-0.4970625,-1.9858848e-05,-1.9858848e-05,-1.073335e-05,-2.1247888e-05,0.994029,3.2802956,0.17444540607579143
6.0,0.02794145272720109,-0.4971277,-0.4971277,1.9334775e-05,1.9334775e-05,1.0209239e-05,2.0723815e-05,0.994029,3.2802956,0.17447801316388042
6.0,0.027951452727201093,-0.4970625,-0.4970625,-1.985882e-05,-1.985882e-05,-1.0733324e-05,-2.1247859e-05,0.994029,3.2802956,0.17451062025196942
6.0,0.027961452727201092,-0.4971277,-0.4971277,1.933475e-05,1.933475e-05,1.0209214e-05,2.0723786e-05,0.994029,3.2802956,0.17454322734005842
6.0,0.027971452727201092,-0.4970625,-0.4970625,-1.9858793e-05,-1.9858793e-05,-1.07333e-05,-2.124783e-05,0.994029,3.2802956,0.17457583442814742
6.0,0.02798145272720109,-0.4971277,-0.4971277,1.9334722e-05,1.9334722e-05,1.020919e-05,2.0723757e-05,0.994029,3.2802956,0.17460844151623642
6.0,0.02799145272720109,-0.4970625,-0.4970625,-1.9858768e-05,-1.9858768e-05,-1.0733275e-05,-2.12478e-05,0.994029,3.2802956,0.17464104860432542
6.0,0.02800145272720109,-0.4971277,-0.4971277,1.9334697e-05,1.9334697e-05,1.0209164e-05,2.0723728e-05,0.994029,3.2802956,0.17467365569241441
6.0,0.02801145272720109,-0.4970625,-0.4970625,-1.985874e-05,-1.985874e-05,-1.0733251e-05,-2.1247772e-05,0.994029,3.2802956,0.1747062627805034
6.0,0.02802145272720109,-0.4971277,-0.4971277,1.933467e-05,1.933467e-05,1.020914e-05,2.0723699e-05,0.994029,3.2802956,0.1747388698685924
6.0,0.02803145272720109,-0.4970625,-0.4970625,-1.9858715e-05,-1.9858715e-05,-1.0733225e-05,-2.1247743e-05,0.994029,3.2802956,0.1747714769566814
6.0,0.028041452727201092,-0.4971277,-0.4971277,1.9334644e-05,1.9334644e-05,1.0209115e-05,2.072367e-05,0.994029,3.2802956,0.1748040840447704
6.0,0.028051452727201092,-0.4970625,-0.4970625,-1.9858688e-05,-1.9858688e-05,-1.0733201e-05,-2.1247713e-05,0.994029,3.2802956,0.1748366911328594
6.0,0.02806145272720109,-0.4971277,-0.4971277,1.9334617e-05,1.9334617e-05,1.0209091e-05,2.072364e-05,0.994029,3.2802956,0.1748692982209484
6.0,0.02807145272720109,-0.4970625,-0.4970625,-1.9858662e-05,-1.9858662e-05,-1.0733176e-05,-2.1247686e-05,0.994029,3.2802956,0.1749019053090374
6.0,0.02808145272720109,-0.4971277,-0.4971277,1.933459e-05,1.933459e-05,1.0209065e-05,2.0723613e-05,0.994029,3.2802956,0.1749345123971264
6.0,0.02809145272720109,-0.4970625,-0.4970625,-1.9858635e-05,-1.9858635e-05,-1.0733151e-05,-2.1247657e-05,0.994029,3.2802956,0.1749671194852154
6.0,0.02810145272720109,-0.4971277,-0.4971277,1.9334564e-05,1.9334564e-05,1.0209041e-05,2.0723584e-05,0.994029,3.2802956,0.1749997265733044
6.0,0.02811145272720109,-0.4970625,-0.4970625,-1.985861e-05,-1.985861e-05,-1.0733126e-05,-2.1247628e-05,0.994029,3.2802956,0.1750323336613934
6.0,0.028121452727201093,-0.4971277,-0.4971277,1.9334537e-05,1.9334537e-05,1.0209016e-05,2.0723555e-05,0.994029,3.2802956,0.1750649407494824
6.0,0.028131452727201092,-0.4970625,-0.4970625,-1.9858582e-05,-1.9858582e-05,-1.0733102e-05,-2.1247599e-05,0.994029,3.2802956,0.1750975478375714
6.0,0.028141452727201092,-0.4971277,-0.4971277,1.9334511e-05,1.9334511e-05,1.0208991e-05,2.0723526e-05,0.994029,3.2802956,0.1751301549256604
6.0,0.02815145272720109,-0.4970625,-0.4970625,-1.9858557e-05,-1.9858557e-05,-1.0733077e-05,-2.124757e-05,0.994029,3.2802956,0.1751627620137494
6.0,0.02816145272720109,-0.4971277,-0.4971277,1.9334484e-05,1.9334484e-05,1.0208966e-05,2.0723497e-05,0.994029,3.2802956,0.1751953691018384
6.0,0.02817145272720109,-0.4970625,-0.4970625,-1.985853e-05,-1.985853e-05,-1.0733052e-05,-2.124754e-05,0.994029,3.2802956,0.1752279761899274
6.0,0.02818145272720109,-0.4971277,-0.4971277,1.9334459e-05,1.9334459e-05,1.0208942e-05,2.0723468e-05,0.994029,3.2802956,0.17526058327801639
6.0,0.02819145272720109,-0.4970625,-0.4970625,-1.9858502e-05,-1.9858502e-05,-1.0733027e-05,-2.1247512e-05,0.994029,3.2802956,0.17529319036610538
6.0,0.02820145272720109,-0.4971277,-0.4971277,1.9334431e-05,1.9334431e-05,1.0208917e-05,2.072344e-05,0.994029,3.2802956,0.17532579745419438
6.0,0.028211452727201092,-0.4970625,-0.4970625,-1.9858477e-05,-1.9858477e-05,-1.07330025e-05,-2.1247484e-05,0.994029,3.2802956,0.17535840454228338
6.0,0.028221452727201092,-0.4971277,-0.4971277,1.9334406e-05,1.9334406e-05,1.0208892e-05,2.0723412e-05,0.994029,3.2802956,0.17539101163037238
6.0,0.02823145272720109,-0.4970625,-0.4970625,-1.985845e-05,-1.985845e-05,-1.0732978e-05,-2.1247455e-05,0.994029,3.2802956,0.17542361871846138
6.0,0.02824145272720109,-0.4971277,-0.4971277,1.9334379e-05,1.9334379e-05,1.0208867e-05,2.0723382e-05,0.994029,3.2802956,0.17545622580655038
6.0,0.02825145272720109,-0.4970625,-0.4970625,-1.9858424e-05,-1.9858424e-05,-1.0732952e-05,-2.1247426e-05,0.994029,3.2802956,0.17548883289463937
6.0,0.02826145272720109,-0.4971277,-0.4971277,1.9334351e-05,1.9334351e-05,1.02088425e-05,2.0723353e-05,0.994029,3.2802956,0.17552143998272837
6.0,0.02827145272720109,-0.4970625,-0.4970625,-1.9858397e-05,-1.9858397e-05,-1.0732928e-05,-2.1247397e-05,0.994029,3.2802956,0.17555404707081737
6.0,0.02828145272720109,-0.4971277,-0.4971277,1.9334326e-05,1.9334326e-05,1.0208818e-05,2.0723324e-05,0.994029,3.2802956,0.17558665415890637
6.0,0.028291452727201093,-0.4970625,-0.4970625,-1.9858371e-05,-1.9858371e-05,-1.0732903e-05,-2.1247368e-05,0.994029,3.2802956,0.17561926124699537
6.0,0.028301452727201092,-0.4971277,-0.4971277,1.9334298e-05,1.9334298e-05,1.0208792e-05,2.0723295e-05,0.994029,3.2802956,0.17565186833508437
6.0,0.028311452727201092,-0.4970625,-0.4970625,-1.9858344e-05,-1.9858344e-05,-1.0732878e-05,-2.1247339e-05,0.994029,3.2802956,0.17568447542317336
6.0,0.02832145272720109,-0.4971277,-0.4971277,1.9334273e-05,1.9334273e-05,1.0208768e-05,2.0723266e-05,0.994029,3.2802956,0.17571708251126236
6.0,0.02833145272720109,-0.4970625,-0.4970625,-1.9858318e-05,-1.9858318e-05,-1.0732853e-05,-2.1247311e-05,0.994029,3.2802956,0.17574968959935136
6.0,0.02834145272720109,-0.4971277,-0.4971277,1.9334246e-05,1.9334246e-05,1.0208743e-05,2.0723239e-05,0.994029,3.2802956,0.17578229668744036
6.0,0.02835145272720109,-0.4970625,-0.4970625,-1.9858291e-05,-1.9858291e-05,-1.0732829e-05,-2.1247282e-05,0.994029,3.2802956,0.17581490377552936
6.0,0.02836145272720109,-0.4971277,-0.4971277,1.933422e-05,1.933422e-05,1.0208718e-05,2.072321e-05,0.994029,3.2802956,0.17584751086361836
6.0,0.02837145272720109,-0.4970625,-0.4970625,-1.9858264e-05,-1.9858264e-05,-1.0732804e-05,-2.1247253e-05,0.994029,3.2802956,0.17588011795170735
6.0,0.028381452727201092,-0.4971277,-0.4971277,1.9334193e-05,1.9334193e-05,1.0208693e-05,2.072318e-05,0.994029,3.2802956,0.17591272503979635
6.0,0.028391452727201092,-0.4970625,-0.4970625,-1.9858238e-05,-1.9858238e-05,-1.0732779e-05,-2.1247224e-05,0.994029,3.2802956,0.17594533212788535
6.0,0.02840145272720109,-0.4971277,-0.4971277,1.9334168e-05,1.9334168e-05,1.0208669e-05,2.0723151e-05,0.994029,3.2802956,0.17597793921597435
6.0,0.02841145272720109,-0.4970625,-0.4970625,-1.9858211e-05,-1.9858211e-05,-1.0732754e-05,-2.1247195e-05,0.994029,3.2802956,0.17601054630406335
6.0,0.02842145272720109,-0.4971277,-0.4971277,1.933414e-05,1.933414e-05,1.0208644e-05,2.0723122e-05,0.994029,3.2802956,0.17604315339215235
6.0,0.02843145272720109,-0.4970625,-0.4970625,-1.9858186e-05,-1.9858186e-05,-1.073273e-05,-2.1247166e-05,0.994029,3.2802956,0.17607576048024134
6.0,0.02844145272720109,-0.4971277,-0.4971277,1.9334115e-05,1.9334115e-05,1.0208619e-05,2.0723093e-05,0.994029,3.2802956,0.17610836756833034
6.0,0.02845145272720109,-0.4970625,-0.4970625,-1.9858158e-05,-1.9858158e-05,-1.0732704e-05,-2.1247137e-05,0.994029,3.2802956,0.17614097465641934
6.0,0.028461452727201093,-0.4971277,-0.4971277,1.9334087e-05,1.9334087e-05,1.0208594e-05,2.0723064e-05,0.994029,3.2802956,0.17617358174450834
6.0,0.028471452727201092,-0.4970625,-0.4970625,-1.9858133e-05,-1.9858133e-05,-1.073268e-05,-2.124711e-05,0.994029,3.2802956,0.17620618883259734
6.0,0.028481452727201092,-0.4971277,-0.4971277,1.933406e-05,1.933406e-05,1.020857e-05,2.0723037e-05,0.994029,3.2802956,0.17623879592068634
6.0,0.02849145272720109,-0.4970625,-0.4970625,-1.9858106e-05,-1.9858106e-05,-1.0732655e-05,-2.124708e-05,0.994029,3.2802956,0.17627140300877533
6.0,0.02850145272720109,-0.4971277,-0.4971277,1.9334035e-05,1.9334035e-05,1.0208544e-05,2.0723008e-05,0.994029,3.2802956,0.17630401009686433
6.0,0.02851145272720109,-0.4970625,-0.4970625,-1.985808e-05,-1.985808e-05,-1.07326305e-05,-2.1247051e-05,0.994029,3.2802956,0.17633661718495333
6.0,0.02852145272720109,-0.4971277,-0.4971277,1.9334007e-05,1.9334007e-05,1.020852e-05,2.0722979e-05,0.994029,3.2802956,0.17636922427304233
6.0,0.02853145272720109,-0.4970625,-0.4970625,-1.9858053e-05,-1.9858053e-05,-1.0732605e-05,-2.1247022e-05,0.994029,3.2802956,0.17640183136113133
6.0,0.02854145272720109,-0.4971277,-0.4971277,1.9333982e-05,1.9333982e-05,1.0208495e-05,2.072295e-05,0.994029,3.2802956,0.17643443844922033
6.0,0.028551452727201092,-0.4970625,-0.4970625,-1.9858027e-05,-1.9858027e-05,-1.073258e-05,-2.1246993e-05,0.994029,3.2802956,0.17646704553730932
6.0,0.028561452727201092,-0.4971277,-0.4971277,1.9333955e-05,1.9333955e-05,1.02084705e-05,2.072292e-05,0.994029,3.2802956,0.17649965262539832
6.0,0.02857145272720109,-0.4970625,-0.4970625,-1.9858e-05,-1.9858e-05,-1.0732556e-05,-2.1246964e-05,0.994029,3.2802956,0.17653225971348732
6.0,0.02858145272720109,-0.4971277,-0.4971277,1.933393e-05,1.933393e-05,1.0208445e-05,2.0722891e-05,0.994029,3.2802956,0.17656486680157632
6.0,0.02859145272720109,-0.4970625,-0.4970625,-1.9857973e-05,-1.9857973e-05,-1.0732531e-05,-2.1246935e-05,0.994029,3.2802956,0.17659747388966532
6.0,0.02860145272720109,-0.4971277,-0.4971277,1.9333902e-05,1.9333902e-05,1.02084205e-05,2.0722862e-05,0.994029,3.2802956,0.17663008097775432
6.0,0.02861145272720109,-0.4970625,-0.4970625,-1.9857947e-05,-1.9857947e-05,-1.0732506e-05,-2.1246908e-05,0.994029,3.2802956,0.17666268806584332
6.0,0.02862145272720109,-0.4971277,-0.4971277,1.9333876e-05,1.9333876e-05,1.0208396e-05,2.0722835e-05,0.994029,3.2802956,0.1766952951539323
6.0,0.028631452727201093,-0.4970625,-0.4970625,-1.985792e-05,-1.985792e-05,-1.0732481e-05,-2.1246879e-05,0.994029,3.2802956,0.1767279022420213
6.0,0.028641452727201092,-0.4971277,-0.4971277,1.933385e-05,1.933385e-05,1.020837e-05,2.0722806e-05,0.994029,3.2802956,0.1767605093301103
6.0,0.028651452727201092,-0.4970625,-0.4970625,-1.9857895e-05,-1.9857895e-05,-1.0732457e-05,-2.124685e-05,0.994029,3.2802956,0.1767931164181993
6.0,0.02866145272720109,-0.4971277,-0.4971277,1.9333822e-05,1.9333822e-05,1.0208346e-05,2.0722777e-05,0.994029,3.2802956,0.1768257235062883
6.0,0.02867145272720109,-0.4970625,-0.4970625,-1.9857867e-05,-1.9857867e-05,-1.0732431e-05,-2.124682e-05,0.994029,3.2802956,0.1768583305943773
6.0,0.02868145272720109,-0.4971277,-0.4971277,1.9333796e-05,1.9333796e-05,1.0208321e-05,2.0722748e-05,0.994029,3.2802956,0.1768909376824663
6.0,0.02869145272720109,-0.4970625,-0.4970625,-1.9857842e-05,-1.9857842e-05,-1.0732407e-05,-2.1246791e-05,0.994029,3.2802956,0.1769235447705553
6.0,0.02870145272720109,-0.4971277,-0.4971277,1.933377e-05,1.933377e-05,1.0208297e-05,2.0722719e-05,0.994029,3.2802956,0.1769561518586443
6.0,0.02871145272720109,-0.4970625,-0.4970625,-1.9857815e-05,-1.9857815e-05,-1.0732382e-05,-2.1246762e-05,0.994029,3.2802956,0.1769887589467333
6.0,0.028721452727201092,-0.4971277,-0.4971277,1.9333744e-05,1.9333744e-05,1.0208271e-05,2.072269e-05,0.994029,3.2802956,0.1770213660348223
6.0,0.028731452727201092,-0.4970625,-0.4970625,-1.9857789e-05,-1.9857789e-05,-1.0732358e-05,-2.1246733e-05,0.994029,3.2802956,0.1770539731229113
6.0,0.02874145272720109,-0.4971277,-0.4971277,1.9333716e-05,1.9333716e-05,1.0208247e-05,2.0722662e-05,0.994029,3.2802956,0.1770865802110003
6.0,0.02875145272720109,-0.4970625,-0.4970625,-1.9857762e-05,-1.9857762e-05,-1.0732332e-05,-2.1246706e-05,0.994029,3.2802956,0.1771191872990893
6.0,0.02876145272720109,-0.4971277,-0.4971277,1.9333691e-05,1.9333691e-05,1.0208222e-05,2.0722633e-05,0.994029,3.2802956,0.1771517943871783
6.0,0.02877145272720109,-0.4970625,-0.4970625,-1.9857736e-05,-1.9857736e-05,-1.0732308e-05,-2.1246677e-05,0.994029,3.2802956,0.1771844014752673
6.0,0.02878145272720109,-0.4971277,-0.4971277,1.9333664e-05,1.9333664e-05,1.0208198e-05,2.0722604e-05,0.994029,3.2802956,0.1772170085633563
6.0,0.02879145272720109,-0.4970625,-0.4970625,-1.9857709e-05,-1.9857709e-05,-1.0732283e-05,-2.1246648e-05,0.994029,3.2802956,0.17724961565144529
6.0,0.028801452727201093,-0.4971277,-0.4971277,1.9333638e-05,1.9333638e-05,1.0208172e-05,2.0722575e-05,0.994029,3.2802956,0.17728222273953428
6.0,0.028811452727201092,-0.4970625,-0.4970625,-1.9857682e-05,-1.9857682e-05,-1.0732258e-05,-2.1246618e-05,0.994029,3.2802956,0.17731482982762328
6.0,0.028821452727201092,-0.4971277,-0.4971277,1.933361e-05,1.933361e-05,1.0208148e-05,2.0722546e-05,0.994029,3.2802956,0.17734743691571228
6.0,0.02883145272720109,-0.4970625,-0.4970625,-1.9857656e-05,-1.9857656e-05,-1.0732233e-05,-2.124659e-05,0.994029,3.2802956,0.17738004400380128
6.0,0.02884145272720109,-0.4971277,-0.4971277,1.9333585e-05,1.9333585e-05,1.0208123e-05,2.0722517e-05,0.994029,3.2802956,0.17741265109189028
6.0,0.02885145272720109,-0.4970625,-0.4970625,-1.9857629e-05,-1.9857629e-05,-1.07322085e-05,-2.124656e-05,0.994029,3.2802956,0.17744525817997928
6.0,0.02886145272720109,-0.4971277,-0.4971277,1.9333558e-05,1.9333558e-05,1.0208098e-05,2.0722488e-05,0.994029,3.2802956,0.17747786526806827
6.0,0.02887145272720109,-0.4970625,-0.4970625,-1.9857604e-05,-1.9857604e-05,-1.0732184e-05,-2.1246533e-05,0.994029,3.2802956,0.17751047235615727
6.0,0.02888145272720109,-0.4971277,-0.4971277,1.933353e-05,1.933353e-05,1.0208073e-05,2.072246e-05,0.994029,3.2802956,0.17754307944424627
6.0,0.028891452727201093,-0.4970625,-0.4970625,-1.9857576e-05,-1.9857576e-05,-1.0732158e-05,-2.1246504e-05,0.994029,3.2802956,0.17757568653233527
6.0,0.028901452727201092,-0.4971277,-0.4971277,1.9333505e-05,1.9333505e-05,1.02080485e-05,2.0722431e-05,0.994029,3.2802956,0.17760829362042427
6.0,0.02891145272720109,-0.4970625,-0.4970625,-1.985755e-05,-1.985755e-05,-1.0732134e-05,-2.1246475e-05,0.994029,3.2802956,0.17764090070851327
6.0,0.02892145272720109,-0.4971277,-0.4971277,1.9333478e-05,1.9333478e-05,1.0208024e-05,2.0722402e-05,0.994029,3.2802956,0.17767350779660226
6.0,0.02893145272720109,-0.4970625,-0.4970625,-1.9857524e-05,-1.9857524e-05,-1.0732109e-05,-2.1246446e-05,0.994029,3.2802956,0.17770611488469126
6.0,0.02894145272720109,-0.4971277,-0.4971277,1.9333453e-05,1.9333453e-05,1.02079985e-05,2.0722373e-05,0.994029,3.2802956,0.17773872197278026
6.0,0.02895145272720109,-0.4970625,-0.4970625,-1.9857498e-05,-1.9857498e-05,-1.0732085e-05,-2.1246417e-05,0.994029,3.2802956,0.17777132906086926
6.0,0.02896145272720109,-0.4971277,-0.4971277,1.9333425e-05,1.9333425e-05,1.0207974e-05,2.0722344e-05,0.994029,3.2802956,0.17780393614895826
6.0,0.028971452727201093,-0.4970625,-0.4970625,-1.985747e-05,-1.985747e-05,-1.0732059e-05,-2.1246387e-05,0.994029,3.2802956,0.17783654323704726
6.0,0.028981452727201092,-0.4971277,-0.4971277,1.93334e-05,1.93334e-05,1.0207949e-05,2.0722315e-05,0.994029,3.2802956,0.17786915032513625
6.0,0.028991452727201092,-0.4970625,-0.4970625,-1.9857443e-05,-1.9857443e-05,-1.0732035e-05,-2.1246358e-05,0.994029,3.2802956,0.17790175741322525
6.0,0.02900145272720109,-0.4971277,-0.4971277,1.9333373e-05,1.9333373e-05,1.0207925e-05,2.0722286e-05,0.994029,3.2802956,0.17793436450131425
6.0,0.02901145272720109,-0.4970625,-0.4970625,-1.9857418e-05,-1.9857418e-05,-1.073201e-05,-2.1246331e-05,0.994029,3.2802956,0.17796697158940325
6.0,0.02902145272720109,-0.4971277,-0.4971277,1.9333347e-05,1.9333347e-05,1.0207899e-05,2.0722258e-05,0.994029,3.2802956,0.17799957867749225
6.0,0.02903145272720109,-0.4970625,-0.4970625,-1.985739e-05,-1.985739e-05,-1.0731985e-05,-2.1246302e-05,0.994029,3.2802956,0.17803218576558125
6.0,0.02904145272720109,-0.4971277,-0.4971277,1.933332e-05,1.933332e-05,1.0207875e-05,2.072223e-05,0.994029,3.2802956,0.17806479285367025
6.0,0.02905145272720109,-0.4970625,-0.4970625,-1.9857365e-05,-1.9857365e-05,-1.073196e-05,-2.1246273e-05,0.994029,3.2802956,0.17809739994175924
6.0,0.029061452727201093,-0.4971277,-0.4971277,1.9333294e-05,1.9333294e-05,1.020785e-05,2.07222e-05,0.994029,3.2802956,0.17813000702984824
6.0,0.029071452727201092,-0.4970625,-0.4970625,-1.9857338e-05,-1.9857338e-05,-1.0731936e-05,-2.1246244e-05,0.994029,3.2802956,0.17816261411793724
6.0,0.02908145272720109,-0.4971277,-0.4971277,1.9333267e-05,1.9333267e-05,1.0207825e-05,2.0722171e-05,0.994029,3.2802956,0.17819522120602624
6.0,0.02909145272720109,-0.4970625,-0.4970625,-1.9857313e-05,-1.9857313e-05,-1.0731911e-05,-2.1246215e-05,0.994029,3.2802956,0.17822782829411524
6.0,0.02910145272720109,-0.4971277,-0.4971277,1.933324e-05,1.933324e-05,1.02078e-05,2.0722142e-05,0.994029,3.2802956,0.17826043538220424
6.0,0.02911145272720109,-0.4970625,-0.4970625,-1.9857285e-05,-1.9857285e-05,-1.0731886e-05,-2.1246185e-05,0.994029,3.2802956,0.17829304247029323
6.0,0.02912145272720109,-0.4971277,-0.4971277,1.9333214e-05,1.9333214e-05,1.0207776e-05,2.0722113e-05,0.994029,3.2802956,0.17832564955838223
6.0,0.02913145272720109,-0.4970625,-0.4970625,-1.985726e-05,-1.985726e-05,-1.0731861e-05,-2.1246156e-05,0.994029,3.2802956,0.17835825664647123
6.0,0.029141452727201093,-0.4971277,-0.4971277,1.9333187e-05,1.9333187e-05,1.0207751e-05,2.0722084e-05,0.994029,3.2802956,0.17839086373456023
6.0,0.029151452727201092,-0.4970625,-0.4970625,-1.9857232e-05,-1.9857232e-05,-1.07318365e-05,-2.124613e-05,0.994029,3.2802956,0.17842347082264923
6.0,0.029161452727201092,-0.4971277,-0.4971277,1.9333162e-05,1.9333162e-05,1.0207726e-05,2.0722056e-05,0.994029,3.2802956,0.17845607791073823
6.0,0.02917145272720109,-0.4970625,-0.4970625,-1.9857207e-05,-1.9857207e-05,-1.0731811e-05,-2.12461e-05,0.994029,3.2802956,0.17848868499882722
6.0,0.02918145272720109,-0.4971277,-0.4971277,1.9333134e-05,1.9333134e-05,1.0207701e-05,2.0722027e-05,0.994029,3.2802956,0.17852129208691622
6.0,0.02919145272720109,-0.4970625,-0.4970625,-1.985718e-05,-1.985718e-05,-1.07317865e-05,-2.124607e-05,0.994029,3.2802956,0.17855389917500522
6.0,0.02920145272720109,-0.4971277,-0.4971277,1.9333109e-05,1.9333109e-05,1.02076765e-05,2.0721998e-05,0.994029,3.2802956,0.17858650626309422
6.0,0.02921145272720109,-0.4970625,-0.4970625,-1.9857152e-05,-1.9857152e-05,-1.0731762e-05,-2.1246042e-05,0.994029,3.2802956,0.17861911335118322
6.0,0.02922145272720109,-0.4971277,-0.4971277,1.9333082e-05,1.9333082e-05,1.0207651e-05,2.072197e-05,0.994029,3.2802956,0.17865172043927222
6.0,0.029231452727201093,-0.4970625,-0.4970625,-1.9857127e-05,-1.9857127e-05,-1.0731737e-05,-2.1246013e-05,0.994029,3.2802956,0.17868432752736121
6.0,0.029241452727201092,-0.4971277,-0.4971277,1.9333056e-05,1.9333056e-05,1.02076265e-05,2.072194e-05,0.994029,3.2802956,0.1787169346154502
6.0,0.02925145272720109,-0.4970625,-0.4970625,-1.98571e-05,-1.98571e-05,-1.0731712e-05,-2.1245984e-05,0.994029,3.2802956,0.1787495417035392
6.0,0.02926145272720109,-0.4971277,-0.4971277,1.9333029e-05,1.9333029e-05,1.0207602e-05,2.0721911e-05,0.994029,3.2802956,0.1787821487916282
6.0,0.02927145272720109,-0.4970625,-0.4970625,-1.9857074e-05,-1.9857074e-05,-1.0731687e-05,-2.1245954e-05,0.994029,3.2802956,0.1788147558797172
6.0,0.02928145272720109,-0.4971277,-0.4971277,1.9333002e-05,1.9333002e-05,1.0207577e-05,2.0721884e-05,0.994029,3.2802956,0.1788473629678062
6.0,0.02929145272720109,-0.4970625,-0.4970625,-1.9857047e-05,-1.9857047e-05,-1.0731663e-05,-2.1245927e-05,0.994029,3.2802956,0.1788799700558952
6.0,0.02930145272720109,-0.4971277,-0.4971277,1.9332976e-05,1.9332976e-05,1.0207552e-05,2.0721855e-05,0.994029,3.2802956,0.1789125771439842
6.0,0.02931145272720109,-0.4970625,-0.4970625,-1.9857021e-05,-1.9857021e-05,-1.0731638e-05,-2.1245898e-05,0.994029,3.2802956,0.1789451842320732
6.0,0.029321452727201092,-0.4971277,-0.4971277,1.9332949e-05,1.9332949e-05,1.0207527e-05,2.0721825e-05,0.994029,3.2802956,0.1789777913201622
6.0,0.029331452727201092,-0.4970625,-0.4970625,-1.9856994e-05,-1.9856994e-05,-1.0731613e-05,-2.1245869e-05,0.994029,3.2802956,0.1790103984082512
6.0,0.02934145272720109,-0.4971277,-0.4971277,1.9332923e-05,1.9332923e-05,1.0207503e-05,2.0721796e-05,0.994029,3.2802956,0.1790430054963402
6.0,0.02935145272720109,-0.4970625,-0.4970625,-1.9856969e-05,-1.9856969e-05,-1.0731588e-05,-2.124584e-05,0.994029,3.2802956,0.1790756125844292
6.0,0.02936145272720109,-0.4971277,-0.4971277,1.9332896e-05,1.9332896e-05,1.0207478e-05,2.0721767e-05,0.994029,3.2802956,0.1791082196725182
6.0,0.02937145272720109,-0.4970625,-0.4970625,-1.9856941e-05,-1.9856941e-05,-1.0731564e-05,-2.124581e-05,0.994029,3.2802956,0.1791408267606072
6.0,0.02938145272720109,-0.4971277,-0.4971277,1.933287e-05,1.933287e-05,1.0207453e-05,2.0721738e-05,0.994029,3.2802956,0.1791734338486962
6.0,0.02939145272720109,-0.4970625,-0.4970625,-1.9856916e-05,-1.9856916e-05,-1.0731538e-05,-2.1245782e-05,0.994029,3.2802956,0.1792060409367852
6.0,0.029401452727201093,-0.4971277,-0.4971277,1.9332843e-05,1.9332843e-05,1.0207428e-05,2.0721709e-05,0.994029,3.2802956,0.1792386480248742
6.0,0.029411452727201092,-0.4970625,-0.4970625,-1.9856889e-05,-1.9856889e-05,-1.0731514e-05,-2.1245754e-05,0.994029,3.2802956,0.17927125511296318
6.0,0.02942145272720109,-0.4971277,-0.4971277,1.9332818e-05,1.9332818e-05,1.0207404e-05,2.0721682e-05,0.994029,3.2802956,0.17930386220105218
6.0,0.02943145272720109,-0.4970625,-0.4970625,-1.9856861e-05,-1.9856861e-05,-1.0731489e-05,-2.1245725e-05,0.994029,3.2802956,0.17933646928914118
6.0,0.02944145272720109,-0.4971277,-0.4971277,1.933279e-05,1.933279e-05,1.0207378e-05,2.0721653e-05,0.994029,3.2802956,0.17936907637723018
6.0,0.02945145272720109,-0.4970625,-0.4970625,-1.9856836e-05,-1.9856836e-05,-1.07314645e-05,-2.1245696e-05,0.994029,3.2802956,0.17940168346531918
6.0,0.02946145272720109,-0.4971277,-0.4971277,1.9332765e-05,1.9332765e-05,1.0207354e-05,2.0721624e-05,0.994029,3.2802956,0.17943429055340818
6.0,0.02947145272720109,-0.4970625,-0.4970625,-1.9856809e-05,-1.9856809e-05,-1.0731439e-05,-2.1245667e-05,0.994029,3.2802956,0.17946689764149718
6.0,0.02948145272720109,-0.4971277,-0.4971277,1.9332738e-05,1.9332738e-05,1.0207329e-05,2.0721594e-05,0.994029,3.2802956,0.17949950472958617
6.0,0.029491452727201092,-0.4970625,-0.4970625,-1.9856783e-05,-1.9856783e-05,-1.07314145e-05,-2.1245638e-05,0.994029,3.2802956,0.17953211181767517
6.0,0.029501452727201092,-0.4971277,-0.4971277,1.933271e-05,1.933271e-05,1.02073045e-05,2.0721565e-05,0.994029,3.2802956,0.17956471890576417
6.0,0.02951145272720109,-0.4970625,-0.4970625,-1.9856756e-05,-1.9856756e-05,-1.073139e-05,-2.1245609e-05,0.994029,3.2802956,0.17959732599385317
6.0,0.02952145272720109,-0.4971277,-0.4971277,1.9332685e-05,1.9332685e-05,1.0207279e-05,2.0721536e-05,0.994029,3.2802956,0.17962993308194217
6.0,0.02953145272720109,-0.4970625,-0.4970625,-1.985673e-05,-1.985673e-05,-1.0731365e-05,-2.124558e-05,0.994029,3.2802956,0.17966254017003117
6.0,0.02954145272720109,-0.4971277,-0.4971277,1.9332658e-05,1.9332658e-05,1.02072545e-05,2.0721507e-05,0.994029,3.2802956,0.17969514725812016
6.0,0.02955145272720109,-0.4970625,-0.4970625,-1.9856703e-05,-1.9856703e-05,-1.073134e-05,-2.1245552e-05,0.994029,3.2802956,0.17972775434620916
6.0,0.02956145272720109,-0.4971277,-0.4971277,1.9332632e-05,1.9332632e-05,1.020723e-05,2.072148e-05,0.994029,3.2802956,0.17976036143429816
6.0,0.029571452727201093,-0.4970625,-0.4970625,-1.9856678e-05,-1.9856678e-05,-1.0731315e-05,-2.1245523e-05,0.994029,3.2802956,0.17979296852238716
6.0,0.029581452727201092,-0.4971277,-0.4971277,1.9332605e-05,1.9332605e-05,1.02072045e-05,2.072145e-05,0.994029,3.2802956,0.17982557561047616
6.0,0.029591452727201092,-0.4970625,-0.4970625,-1.985665e-05,-1.985665e-05,-1.0731291e-05,-2.1245494e-05,0.994029,3.2802956,0.17985818269856516
6.0,0.02960145272720109,-0.4971277,-0.4971277,1.933258e-05,1.933258e-05,1.020718e-05,2.0721422e-05,0.994029,3.2802956,0.17989078978665415
6.0,0.02961145272720109,-0.4970625,-0.4970625,-1.9856623e-05,-1.9856623e-05,-1.0731265e-05,-2.1245465e-05,0.994029,3.2802956,0.17992339687474315
6.0,0.02962145272720109,-0.4971277,-0.4971277,1.9332552e-05,1.9332552e-05,1.0207155e-05,2.0721393e-05,0.994029,3.2802956,0.17995600396283215
6.0,0.02963145272720109,-0.4970625,-0.4970625,-1.9856598e-05,-1.9856598e-05,-1.0731241e-05,-2.1245436e-05,0.994029,3.2802956,0.17998861105092115
6.0,0.02964145272720109,-0.4971277,-0.4971277,1.9332527e-05,1.9332527e-05,1.0207131e-05,2.0721363e-05,0.994029,3.2802956,0.18002121813901015
6.0,0.02965145272720109,-0.4970625,-0.4970625,-1.985657e-05,-1.985657e-05,-1.0731216e-05,-2.1245407e-05,0.994029,3.2802956,0.18005382522709915
6.0,0.029661452727201092,-0.4971277,-0.4971277,1.93325e-05,1.93325e-05,1.0207105e-05,2.0721334e-05,0.994029,3.2802956,0.18008643231518814
6.0,0.029671452727201092,-0.4970625,-0.4970625,-1.9856545e-05,-1.9856545e-05,-1.0731192e-05,-2.1245378e-05,0.994029,3.2802956,0.18011903940327714
6.0,0.02968145272720109,-0.4971277,-0.4971277,1.9332474e-05,1.9332474e-05,1.0207081e-05,2.0721307e-05,0.994029,3.2802956,0.18015164649136614
6.0,0.02969145272720109,-0.4970625,-0.4970625,-1.9856518e-05,-1.9856518e-05,-1.0731166e-05,-2.124535e-05,0.994029,3.2802956,0.18018425357945514
6.0,0.02970145272720109,-0.4971277,-0.4971277,1.9332447e-05,1.9332447e-05,1.0207056e-05,2.0721278e-05,0.994029,3.2802956,0.18021686066754414
6.0,0.02971145272720109,-0.4970625,-0.4970625,-1.9856492e-05,-1.9856492e-05,-1.0731142e-05,-2.1245321e-05,0.994029,3.2802956,0.18024946775563314
6.0,0.02972145272720109,-0.4971277,-0.4971277,1.933242e-05,1.933242e-05,1.0207032e-05,2.0721249e-05,0.994029,3.2802956,0.18028207484372213
6.0,0.02973145272720109,-0.4970625,-0.4970625,-1.9856465e-05,-1.9856465e-05,-1.0731117e-05,-2.1245292e-05,0.994029,3.2802956,0.18031468193181113
6.0,0.029741452727201093,-0.4971277,-0.4971277,1.9332394e-05,1.9332394e-05,1.0207006e-05,2.072122e-05,0.994029,3.2802956,0.18034728901990013
6.0,0.029751452727201092,-0.4970625,-0.4970625,-1.985644e-05,-1.985644e-05,-1.0731092e-05,-2.1245263e-05,0.994029,3.2802956,0.18037989610798913
6.0,0.029761452727201092,-0.4971277,-0.4971277,1.9332367e-05,1.9332367e-05,1.0206982e-05,2.072119e-05,0.994029,3.2802956,0.18041250319607813
6.0,0.02977145272720109,-0.4970625,-0.4970625,-1.9856412e-05,-1.9856412e-05,-1.0731067e-05,-2.1245234e-05,0.994029,3.2802956,0.18044511028416713
6.0,0.02978145272720109,-0.4971277,-0.4971277,1.9332341e-05,1.9332341e-05,1.0206957e-05,2.0721161e-05,0.994029,3.2802956,0.18047771737225612
6.0,0.02979145272720109,-0.4970625,-0.4970625,-1.9856387e-05,-1.9856387e-05,-1.07310425e-05,-2.1245205e-05,0.994029,3.2802956,0.18051032446034512
6.0,0.02980145272720109,-0.4971277,-0.4971277,1.9332314e-05,1.9332314e-05,1.0206932e-05,2.0721132e-05,0.994029,3.2802956,0.18054293154843412
6.0,0.02981145272720109,-0.4970625,-0.4970625,-1.985636e-05,-1.985636e-05,-1.0731018e-05,-2.1245178e-05,0.994029,3.2802956,0.18057553863652312
6.0,0.02982145272720109,-0.4971277,-0.4971277,1.9332289e-05,1.9332289e-05,1.0206907e-05,2.0721105e-05,0.994029,3.2802956,0.18060814572461212
6.0,0.029831452727201092,-0.4970625,-0.4970625,-1.9856332e-05,-1.9856332e-05,-1.07309925e-05,-2.1245149e-05,0.994029,3.2802956,0.18064075281270112
6.0,0.029841452727201092,-0.4971277,-0.4971277,1.9332261e-05,1.9332261e-05,1.02068825e-05,2.0721076e-05,0.994029,3.2802956,0.18067335990079011
6.0,0.02985145272720109,-0.4970625,-0.4970625,-1.9856307e-05,-1.9856307e-05,-1.0730968e-05,-2.124512e-05,0.994029,3.2802956,0.1807059669888791
6.0,0.02986145272720109,-0.4971277,-0.4971277,1.9332236e-05,1.9332236e-05,1.0206858e-05,2.0721047e-05,0.994029,3.2802956,0.1807385740769681
6.0,0.02987145272720109,-0.4970625,-0.4970625,-1.985628e-05,-1.985628e-05,-1.0730943e-05,-2.124509e-05,0.994029,3.2802956,0.1807711811650571
6.0,0.02988145272720109,-0.4971277,-0.4971277,1.9332208e-05,1.9332208e-05,1.02068325e-05,2.0721018e-05,0.994029,3.2802956,0.1808037882531461
6.0,0.02989145272720109,-0.4970625,-0.4970625,-1.9856254e-05,-1.9856254e-05,-1.0730919e-05,-2.1245061e-05,0.994029,3.2802956,0.1808363953412351
6.0,0.02990145272720109,-0.4971277,-0.4971277,1.9332183e-05,1.9332183e-05,1.0206808e-05,2.0720989e-05,0.994029,3.2802956,0.1808690024293241
6.0,0.029911452727201093,-0.4970625,-0.4970625,-1.9856227e-05,-1.9856227e-05,-1.0730893e-05,-2.1245032e-05,0.994029,3.2802956,0.1809016095174131
6.0,0.029921452727201092,-0.4971277,-0.4971277,1.9332156e-05,1.9332156e-05,1.0206783e-05,2.072096e-05,0.994029,3.2802956,0.1809342166055021
6.0,0.029931452727201092,-0.4970625,-0.4970625,-1.9856201e-05,-1.9856201e-05,-1.0730869e-05,-2.1245003e-05,0.994029,3.2802956,0.1809668236935911
6.0,0.02994145272720109,-0.4971277,-0.4971277,1.9332128e-05,1.9332128e-05,1.0206759e-05,2.072093e-05,0.994029,3.2802956,0.1809994307816801
6.0,0.02995145272720109,-0.4970625,-0.4970625,-1.9856174e-05,-1.9856174e-05,-1.0730844e-05,-2.1244976e-05,0.994029,3.2802956,0.1810320378697691
6.0,0.02996145272720109,-0.4971277,-0.4971277,1.9332103e-05,1.9332103e-05,1.0206733e-05,2.0720903e-05,0.994029,3.2802956,0.1810646449578581
6.0,0.02997145272720109,-0.4970625,-0.4970625,-1.9856148e-05,-1.9856148e-05,-1.0730819e-05,-2.1244947e-05,0.994029,3.2802956,0.1810972520459471
6.0,0.02998145272720109,-0.4971277,-0.4971277,1.9332076e-05,1.9332076e-05,1.0206709e-05,2.0720874e-05,0.994029,3.2802956,0.1811298591340361
6.0,0.02999145272720109,-0.4970625,-0.4970625,-1.9856121e-05,-1.9856121e-05,-1.0730794e-05,-2.1244918e-05,0.994029,3.2802956,0.1811600977619343
6.0,0.03,-0.4971277,-0.4971277,1.9332048e-05,1.9332048e-05,1.02066815e-05,2.0720843e-05,0.994029,3.2802956,0.1811740328474184
6.0,0.030000000001,-0.49711266,-0.49711266,7.496954e-06,7.496954e-06,8.666663e-06,8.826858e-06,0.994029,3.2802956,0.1811740328506791
6.0,0.030000000002,-0.49711463,-0.49711463,5.2434916e-06,5.2434916e-06,5.568819e-06,5.792845e-06,0.994029,3.2802956,0.1811740328557107
6.0,0.030000000004086202,-0.49709514,-0.49709514,2.4208564e-06,2.4208564e-06,1.7650605e-06,2.2907998e-06,0.994029,3.2802956,0.18117403286358333
6.0,0.03000000000682878,-0.49710196,-0.49710196,-6.3219096e-07,-6.3219096e-07,7.290213e-07,-3.7204234e-07,0.994029,3.2802956,0.18117403287699746
6.0,0.030000000012313937,-0.49708962,-0.49708962,5.71947e-07,5.71947e-07,-6.440209e-07,3.0453646e-07,0.994029,3.2802956,0.18117403290382572
6.0,0.030000000023284252,-0.4971005,-0.4971005,-1.161407e-06,-1.161407e-06,1.0217473e-07,-8.718873e-07,0.994029,3.2802956,0.18117403295748222
6.0,0.030000000045224882,-0.49708974,-0.49708974,6.5794563e-07,6.5794563e-07,-6.24044e-07,3.6241707e-07,0.994029,3.2802956,0.18117403306479524
6.0,0.03000000008910614,-0.49710047,-0.49710047,-1.192037e-06,-1.192037e-06,9.9150554e-08,-8.9264864e-07,0.994029,3.2802956,0.18117403327942125
6.0,0.03000000017686866,-0.49708977,-0.49708977,6.720923e-07,6.720923e-07,-6.226532e-07,3.7216242e-07,0.994029,3.2802956,0.18117403370867327
6.0,0.0300000003523937,-0.4971005,-0.4971005,-1.1969585e-06,-1.1969585e-06,1.0038431e-07,-8.954641e-07,0.994029,3.2802956,0.18117403456717734
6.0,0.030000000703443778,-0.49708983,-0.49708983,6.798138e-07,6.798138e-07,-6.1801654e-07,3.7876325e-07,0.994029,3.2802956,0.18117403628418546
6.0,0.030000001405543934,-0.49710056,-0.49710056,-1.1852284e-06,-1.1852284e-06,1.1349106e-07,-8.833934e-07,0.994029,3.2802956,0.1811740397182017
6.0,0.030000002809744245,-0.49708986,-0.49708986,7.159141e-07,7.159141e-07,-5.8283337e-07,4.1437966e-07,0.994029,3.2802956,0.18117404658623418
6.0,0.030000005618144865,-0.49710038,-0.49710038,-1.1071758e-06,-1.1071758e-06,1.9175174e-07,-8.0541326e-07,0.994029,3.2802956,0.18117406032229913
6.0,0.030000011234946108,-0.49708933,-0.49708933,8.4981065e-07,8.4981065e-07,-4.4922479e-07,5.4813387e-07,0.994029,3.2802956,0.18117408575708313
6.0,0.03000002121891481,-0.4970998,-0.4970998,-9.4881904e-07,-9.4881904e-07,3.5016993e-07,-6.469692e-07,0.994029,3.2802956,0.18117412887068432
6.0,0.03000003767925851,-0.49708995,-0.49708995,9.763925e-07,9.763925e-07,-3.2270793e-07,6.748368e-07,0.994029,3.2802954,0.18117419322417178
6.0,0.030000060691002584,-0.4971008,-0.4971008,-8.850024e-07,-8.850024e-07,4.1402166e-07,-5.829447e-07,0.994029,3.2802956,0.18117425665649037
6.0,0.03000007658633198,-0.49709386,-0.49709386,9.932896e-07,9.932896e-07,-3.0583683e-07,6.919084e-07,0.994029,3.2802956,0.18117430155543757
6.0,0.030000088230381187,-0.4971157,-0.4971157,-8.7923286e-07,-8.7923286e-07,4.1988483e-07,-5.769867e-07,0.994029,3.2802956,0.18117434086129758
6.0,0.03000010069511464,-0.49711493,-0.49711493,1.0101369e-06,1.0101369e-06,-2.8898958e-07,7.0890013e-07,0.994029,3.2802956,0.18117438685534984
6.0,0.030000116441457336,-0.4971405,-0.4971405,-8.344021e-07,-8.344021e-07,4.6480906e-07,-5.3200586e-07,0.994029,3.2802956,0.18117444233618998
6.0,0.030000134725040886,-0.4971475,-0.4971475,1.097251e-06,1.097251e-06,-2.0185834e-07,7.9613244e-07,0.994029,3.2802956,0.1811745149581152
6.0,0.030000160985100742,-0.49718338,-0.49718338,-6.8180304e-07,-6.8180304e-07,6.175592e-07,-3.792051e-07,0.994029,3.2802956,0.1811746058399297
6.0,0.030000190468635182,-0.49720022,-0.49720022,1.3163618e-06,1.3163618e-06,1.7440623e-08,1.015508e-06,0.99402905,3.2802958,0.18117473857457156
6.0,0.030000242399682797,-0.49725407,-0.49725407,-3.5270375e-07,-3.5270375e-07,9.4714596e-07,-4.959826e-08,0.9940291,3.2802958,0.1811749136218883
6.0,0.030000297836258988,-0.4972797,-0.4972797,1.7082126e-06,1.7082126e-06,4.1018737e-07,1.4082509e-06,0.99402916,3.280296,0.1811750191547487
6.0,0.03000030712967128,-0.49729052,-0.49729052,7.9615046e-07,7.9615046e-07,7.974935e-07,7.9813327e-07,0.99402916,3.2802963,0.18117506460943564
6.0,0.03000032571649587,-0.4973013,-0.4973013,8.4663304e-07,8.4663304e-07,8.482417e-07,8.4888455e-07,0.99402916,3.280296,0.18117515551880287
6.0,0.030000362890145047,-0.49732226,-0.49732226,9.444879e-07,9.444879e-07,9.468161e-07,9.474238e-07,0.9940292,3.2802963,0.1811753373375639
6.0,0.0300004372374434,-0.4973608,-0.4973608,1.1451168e-06,1.1451168e-06,1.1493357e-06,1.1498801e-06,0.99402934,3.2802966,0.1811756197771574
6.0,0.03000053612818879,-0.49739748,-0.49739748,1.4145239e-06,1.4145239e-06,1.4224538e-06,1.4227317e-06,0.99402946,3.2802973,0.18117610345853946
6.0,0.030000733909679576,-0.49731633,-0.49731633,1.7613656e-06,1.7613656e-06,1.7796772e-06,1.7784905e-06,0.9940297,3.2802978,0.18117667637391163
6.0,0.03000088753311933,-0.4970482,-0.4970482,1.8033072e-06,1.8033072e-06,1.8299381e-06,1.8272756e-06,0.9940295,3.2802975,0.1811771704982248
6.0,0.030001036987178393,-0.49660444,-0.49660444,1.6393278e-06,1.6393278e-06,1.6726764e-06,1.6688098e-06,0.994029,3.2802956,0.18117765087988028
6.0,0.030001182181727117,-0.49601084,-0.49601084,1.339572e-06,1.339572e-06,1.3784129e-06,1.3733277e-06,0.99402785,3.2802918,0.18117817504331696
6.0,0.030001358490664605,-0.4950488,-0.4950488,8.6458977e-07,8.6458977e-07,9.091576e-07,9.0234744e-07,0.9940256,3.2802844,0.18117878689436034
6.0,0.030001557471420182,-0.49358556,-0.49358556,2.5269773e-07,2.5269773e-07,3.0314044e-07,2.939162e-07,0.9940213,3.2802703,0.18117946811016375
6.0,0.030001776330069046,-0.49142697,-0.49142697,-4.382036e-07,-4.382036e-07,-3.821475e-07,-3.944728e-07,0.9940139,3.2802458,0.1811801489526135
6.0,0.03000197508804892,-0.4889036,-0.4889036,-1.0307053e-06,-1.0307053e-06,-9.712102e-07,-9.866781e-07,0.9940041,3.2802134,0.18118080162299588
6.0,0.03000217667435742,-0.48566487,-0.48566487,-1.5622059e-06,-1.5622059e-06,-1.5005566e-06,-1.5202739e-06,0.9939901,3.2801673,0.18118152005813773
6.0,0.030002415784439778,-0.48001325,-0.48001325,-2.1549233e-06,-2.1549233e-06,-2.0892267e-06,-2.1213189e-06,0.9939661,3.2800882,0.18118227730693023
6.0,0.03000264120190771,-0.4683969,-0.4683969,-2.9603673e-06,-2.9603673e-06,-2.8919687e-06,-2.9731457e-06,0.99392784,3.279962,0.1811829002541074
6.0,0.030002797955284786,-0.43827793,-0.43827793,-5.36705e-06,-5.36705e-06,-5.4987922e-06,-5.8413125e-06,0.9938681,3.279765,0.18118328708453174
6.0,0.030002878546391068,-0.35065785,-0.35065785,-1.6968805e-05,-1.6968805e-05,-2.3201665e-05,-2.5262081e-05,0.99376494,3.2794242,0.18118349665566916
6.0,0.03000292656690546,-0.052409846,-0.052409846,-8.058615e-05,-8.058615e-05,-0.00011983504,-0.00013151117,0.99349815,3.278544,0.18118361006517708
6.0,0.03000294818200029,0.0001708815,0.0001708815,4.6957717e-05,4.6957717e-05,4.4554843e-05,5.093984e-05,0.9934048,3.2782362,0.1811836780620111
6.0,0.030002968326106765,-0.00026724907,-0.00026724907,-5.9589234e-05,-5.9589234e-05,-5.2238818e-05,-5.857338e-05,0.99334437,3.2780364,0.1811837285948472
6.0,0.030002979219739146,0.00015773076,0.00015773076,4.4909928e-05,4.4909928e-05,4.2447555e-05,4.874295e-05,0.9933114,3.2779279,0.18118376355716734
6.0,0.030002989801712666,-0.00025224796,-0.00025224796,-5.677173e-05,-5.677173e-05,-4.9382594e-05,-5.558134e-05,0.99327976,3.277823,0.18118381523627589
6.0,0.03000301096565971,0.00014753218,0.00014753218,4.262308e-05,4.262308e-05,4.01981e-05,4.6374502e-05,0.9932159,3.2776127,0.18118388862367305
6.0,0.030003034888592576,-0.00024653308,-0.00024653308,-5.537307e-05,-5.537307e-05,-4.800836e-05,-5.4131433e-05,0.9931441,3.2773755,0.18118399132940322
6.0,0.030003074073918175,0.00014321944,0.00014321944,4.149667e-05,4.149667e-05,3.9099617e-05,4.5215013e-05,0.993026,3.276986,0.18118416948632163
6.0,0.03000314438439888,-0.0002442592,-0.0002442592,-5.4778007e-05,-5.4778007e-05,-4.74611e-05,-5.3550226e-05,0.99281466,3.2762885,0.1811844938800543
6.0,0.030003273532224057,0.00014165687,0.00014165687,4.108845e-05,4.108845e-05,3.861344e-05,4.4708228e-05,0.99242616,3.2750063,0.18118512351482233
6.0,0.03000353182787441,-0.00024407964,-0.00024407964,-5.4657055e-05,-5.4657055e-05,-4.7549045e-05,-5.3628773e-05,0.99165004,3.2724452,0.18118608220277826
6.0,0.030003864381129938,0.00014029456,0.00014029456,4.091609e-05,4.091609e-05,3.8156097e-05,4.424391e-05,0.9906513,3.2691493,0.1811871518387987
6.0,0.030004192385070405,-0.00024497634,-0.00024497634,-5.458125e-05,-5.458125e-05,-4.7741963e-05,-5.381688e-05,0.98966753,3.2659028,0.18118825473527622
6.0,0.030004546833222994,0.00013846952,0.00013846952,4.083785e-05,4.083785e-05,3.7871712e-05,4.3953867e-05,0.98860526,3.2623973,0.18118935416291032
6.0,0.030004874153501393,-0.000246179,-0.000246179,-5.4436394e-05,-5.4436394e-05,-4.7761212e-05,-5.3831263e-05,0.98762554,3.2591643,0.1811904470016212
6.0,0.03000522586093111,0.0001364936,0.0001364936,4.080802e-05,4.080802e-05,3.7720994e-05,4.379757e-05,0.98657364,3.255693,0.1811915689417024
6.0,0.030005572750500673,-0.00024750488,-0.00024750488,-5.425546e-05,-5.425546e-05,-4.7685855e-05,-5.3751115e-05,0.9855375,3.2522738,0.18119273303946634
6.0,0.030005952233083697,0.0001343968,0.0001343968,4.081192e-05,4.081192e-05,3.7640475e-05,4.371184e-05,0.984405,3.2485366,0.18119388459160246
6.0,0.03000629294872992,-0.00024887806,-0.00024887806,-5.405865e-05,-5.405865e-05,-4.7565492e-05,-5.3626063e-05,0.98338956,3.2451856,0.1811950066754943
6.0,0.030006655451443945,0.00013237225,0.00013237225,4.0814637e-05,4.0814637e-05,3.7583857e-05,4.3649903e-05,0.98231006,3.2416232,0.18119611286997156
6.0,0.030006987733633767,-0.0002501256,-0.0002501256,-5.3860207e-05,-5.3860207e-05,-4.742512e-05,-5.3480784e-05,0.9813218,3.238362,0.181197174844523
6.0,0.030007323806528857,0.00013045792,0.00013045792,4.08006e-05,4.08006e-05,3.752459e-05,4.35851e-05,0.9803231,3.2350662,0.18119825985053528
6.0,0.030007671975648277,-0.00025134857,-0.00025134857,-5.3673528e-05,-5.3673528e-05,-4.7283655e-05,-5.333432e-05,0.9792897,3.231656,0.181199466826423
6.0,0.030008086574196534,0.00012750574,0.00012750574,4.0785886e-05,4.0785886e-05,3.7467475e-05,4.352308e-05,0.97806036,3.2275991,0.18120088116261945
6.0,0.030008568036319922,-0.00025582212,-0.00025582212,-5.3520675e-05,-5.3520675e-05,-4.7208392e-05,-5.3255277e-05,0.9766349,3.2228954,0.1812026551561304
6.0,0.030009213780945548,0.00011939118,0.00011939118,4.0730414e-05,4.0730414e-05,3.7281992e-05,4.333416e-05,0.9747261,3.2165961,0.1812048948973682
6.0,0.03000999676156082,-0.0002662479,-0.0002662479,-5.3782176e-05,-5.3782176e-05,-4.763924e-05,-5.3683754e-05,0.97241694,3.208976,0.18120745590439094
6.0,0.030010855208711253,0.00010854274,0.00010854274,3.9289214e-05,3.9289214e-05,3.5752233e-05,4.180236e-05,0.9698912,3.2006412,0.18121001256135486
6.0,0.03001164394691123,-0.0002739406,-0.0002739406,-5.7267305e-05,-5.7267305e-05,-5.0989052e-05,-5.7030866e-05,0.9675766,3.193003,0.18121225247012512
6.0,0.030012305234253352,0.0001039584,0.0001039584,3.329787e-05,3.329787e-05,3.0135225e-05,3.618361e-05,0.9656401,3.1866121,0.18121425580896267
6.0,0.030012946033592496,-0.0002758511,-0.0002758511,-6.538842e-05,-6.538842e-05,-5.859951e-05,-6.463803e-05,0.9637675,3.1804328,0.18121629556560728
6.0,0.03001363614774179,0.00010281249,0.00010281249,2.256002e-05,2.256002e-05,1.9980807e-05,2.6026688e-05,0.9617546,3.1737902,0.1812183340161929
6.0,0.030014281668224195,-0.00027571537,-0.00027571537,-7.736608e-05,-7.736608e-05,-7.002407e-05,-7.606022e-05,0.9598758,3.1675901,0.18122008082427515
6.0,0.030014785177151625,0.00010288912,0.00010288912,1.1744581e-05,1.1744581e-05,9.589804e-06,1.5631998e-05,0.9584127,3.162762,0.18122160871180057
6.0,0.030015289765226556,-0.00027486804,-0.00027486804,-8.6575215e-05,-8.6575215e-05,-7.891389e-05,-8.4947125e-05,0.95694894,3.1579313,0.18122313644449464
6.0,0.030015796258067,0.000103222235,0.000103222235,2.7088347e-06,2.7088347e-06,8.3756817e-07,6.875597e-06,0.9554816,3.1530893,0.18122465647907077
6.0,0.030016298843563324,-0.00027382278,-0.00027382278,-9.492211e-05,-9.492211e-05,-8.701611e-05,-9.304646e-05,0.95402807,3.1482925,0.18122632993310922
6.0,0.030016910572014485,0.00010377295,0.00010377295,-5.963735e-06,-5.963735e-06,-7.5986445e-06,-1.5644836e-06,0.95226157,3.1424632,0.18122839803848395
6.0,0.030017681060487626,-0.0002724786,-0.0002724786,-0.0001044409,-0.0001044409,-9.62891e-05,-0.000102317535,0.9500416,3.1351373,0.1812309928977887
6.0,0.03001865295901904,0.00010500065,0.00010500065,-1.6409422e-05,-1.6409422e-05,-1.7789856e-05,-1.1758491e-05,0.9472484,3.1259198,0.18123414268843854
6.0,0.030019808562407675,-0.00027050858,-0.00027050858,-0.0001147298,-0.0001147298,-0.00010633634,-0.000112363785,0.9439382,3.114996,0.18123805050078312
6.0,0.030021311005992573,0.00010723049,0.00010723049,-2.6056803e-05,-2.6056803e-05,-2.7212534e-05,-2.1183165e-05,0.93965137,3.1008496,0.18124298706046757
6.0,0.030023197058149178,-0.00026712802,-0.00026712802,-0.00012282882,-0.00012282882,-0.00011423659,-0.000120263525,0.9342979,3.0831833,0.18124981473612053
6.0,0.03002605144063865,0.00011222339,0.00011222339,-3.1689455e-05,-3.1689455e-05,-3.2706394e-05,-2.6678303e-05,0.92625356,3.0566366,0.18125908409659847
6.0,0.030029745019244592,-0.00025937494,-0.00025937494,-0.00012429839,-0.00012429839,-0.00011580202,-0.00012182876,0.915947,3.0226252,0.1812690658986943
6.0,0.03003326225492919,0.00012086561,0.00012086561,-2.8646591e-05,-2.8646591e-05,-3.0265672e-05,-2.4238248e-05,0.906239,2.9905887,0.18127891222795983
6.0,0.030037011179072096,-0.00025098346,-0.00025098346,-0.000118168326,-0.000118168326,-0.0001109957,-0.000117021955,0.896005,2.9568164,0.18128757193230668
6.0,0.030039799552743437,0.00012707878,0.00012707878,-2.184865e-05,-2.184865e-05,-2.5140176e-05,-1.9113279e-05,0.88846797,2.9319444,0.18129355128332555
6.0,0.03004160195958792,-0.00024705075,-0.00024705075,-0.00011269224,-0.00011269224,-0.00010680116,-0.00011282651,0.8836301,2.9159794,0.18129729765047853
6.0,0.03004270749247295,0.00012724979,0.00012724979,-1.8549797e-05,-1.8549797e-05,-2.2630918e-05,-1.6605314e-05,0.8806755,2.9062293,0.18129947333870172
6.0,0.030043302084657626,-0.00024104067,-0.00024104067,-0.00010939252,-0.00010939252,-0.000103823855,-0.00010984678,0.8790908,2.9009995,0.18130062338493144
6.0,0.03004360940394139,0.00010483557,0.00010483557,-2.231818e-05,-2.231818e-05,-2.6850854e-05,-2.0829724e-05,0.8782726,2.8982995,0.18130118990255112
6.0,0.03004374719823103,-0.00012975378,-0.00012975378,-8.505191e-05,-8.505191e-05,-7.87354e-05,-8.474937e-05,0.87790614,2.8970902,0.18130142481874845
6.0,0.030043794131989807,-5.8861042e-05,-5.8861042e-05,-5.9030433e-05,-5.9030433e-05,-6.42845e-05,-5.828429e-05,0.8777813,2.8966782,0.18130150942279613
6.0,0.030043813746161885,-6.966032e-05,-6.966032e-05,-7.081243e-05,-7.081243e-05,-6.4399086e-05,-7.0364804e-05,0.8777291,2.8965063,0.1813015608315781
6.0,0.030043834573962223,-5.4056436e-05,-5.4056436e-05,-5.9510305e-05,-5.9510305e-05,-6.47716e-05,-5.8835834e-05,0.87767375,2.8963234,0.18130161579613632
6.0,0.03004385699083102,-6.671785e-05,-6.671785e-05,-6.9399364e-05,-6.9399364e-05,-6.306739e-05,-6.897355e-05,0.87761414,2.8961267,0.18130170126095635
6.0,0.030043901824568613,-4.9319817e-05,-4.9319817e-05,-5.898738e-05,-5.898738e-05,-6.4275875e-05,-5.838264e-05,0.877495,2.8957334,0.18130183222412616
6.0,0.03004396007119749,-6.387563e-05,-6.387563e-05,-6.858219e-05,-6.858219e-05,-6.2347244e-05,-6.822855e-05,0.87734014,2.8952224,0.18130203873301434
6.0,0.03004406442392035,-4.6625504e-05,-4.6625504e-05,-5.8495683e-05,-5.8495683e-05,-6.386973e-05,-5.7993217e-05,0.87706286,2.8943074,0.181302295381958
6.0,0.03004416227722241,-6.241316e-05,-6.241316e-05,-6.80739e-05,-6.80739e-05,-6.1945284e-05,-6.781425e-05,0.8768029,2.8934495,0.18130266776048562
6.0,0.030044357983826535,-4.5054134e-05,-4.5054134e-05,-5.79995e-05,-5.79995e-05,-6.346655e-05,-5.7599536e-05,0.8762832,2.8917346,0.18130318531421538
6.0,0.03004457076824747,-6.0874845e-05,-6.0874845e-05,-6.7336e-05,-6.7336e-05,-6.1318635e-05,-6.718153e-05,0.87571853,2.8898711,0.1813039054129832
6.0,0.03004492707130594,-4.295036e-05,-4.295036e-05,-5.698096e-05,-5.698096e-05,-6.2545754e-05,-5.668337e-05,0.8747738,2.8867536,0.18130480639293337
6.0,0.030045284343274414,-5.8542173e-05,-5.8542173e-05,-6.598856e-05,-6.598856e-05,-6.0063107e-05,-6.592252e-05,0.8738276,2.883631,0.18130561030889009
6.0,0.030045565151403077,-4.0942585e-05,-4.0942585e-05,-5.576765e-05,-5.576765e-05,-6.1380815e-05,-5.5522345e-05,0.87308455,2.8811789,0.1813063183726381
6.0,0.030045847301073552,-5.7044806e-05,-5.7044806e-05,-6.487079e-05,-6.487079e-05,-5.8974867e-05,-6.482988e-05,0.8723386,2.8787174,0.18130704924490001
6.0,0.03004614723764726,-3.9439874e-05,-3.9439874e-05,-5.461342e-05,-5.461342e-05,-6.0235216e-05,-5.4380973e-05,0.8715463,2.876103,0.1813079803064354
6.0,0.030046590172218723,-5.6246343e-05,-5.6246343e-05,-6.342273e-05,-6.342273e-05,-5.7524096e-05,-6.337565e-05,0.87037766,2.8722465,0.18130896259103366
6.0,0.030046933084436636,-3.990757e-05,-3.990757e-05,-5.3192798e-05,-5.3192798e-05,-5.8791833e-05,-5.2940763e-05,0.869474,2.8692641,0.1813098300594392
6.0,0.03004728560721765,-5.8065154e-05,-5.8065154e-05,-6.2206076e-05,-6.2206076e-05,-5.628764e-05,-6.213563e-05,0.86854595,2.8662016,0.1813109454917084
6.0,0.030047829219899555,-4.2998545e-05,-4.2998545e-05,-5.1593946e-05,-5.1593946e-05,-5.717863e-05,-5.1330422e-05,0.8671168,2.8614857,0.18131231483983068
6.0,0.03004838936726317,-6.1935076e-05,-6.1935076e-05,-6.0064627e-05,-6.0064627e-05,-5.416476e-05,-6.001049e-05,0.8656467,2.8566341,0.18131354911768763
6.0,0.030048827488970503,-4.5814013e-05,-4.5814013e-05,-4.9481932e-05,-4.9481932e-05,-5.5108787e-05,-4.9263053e-05,0.86449856,2.8528452,0.18131460906979457
6.0,0.030049248922471083,-6.377157e-05,-6.377157e-05,-5.811026e-05,-5.811026e-05,-5.2260842e-05,-5.810368e-05,0.8633956,2.8492055,0.18131564509973688
6.0,0.0300496697926624,-4.7124682e-05,-4.7124682e-05,-4.7531426e-05,-4.7531426e-05,-5.318978e-05,-4.734694e-05,0.8622955,2.8455753,0.18131681605186506
6.0,0.030050203349951114,-6.505141e-05,-6.505141e-05,-5.5885455e-05,-5.5885455e-05,-5.0040057e-05,-5.5880235e-05,0.8609029,2.8409796,0.18131765577510442
6.0,0.030050356456068354,-4.7866983e-05,-4.7866983e-05,-4.5955177e-05,-4.5955177e-05,-5.159223e-05,-4.575454e-05,0.86050373,2.8396623,0.18131796926643237
6.0,0.0300504599377832,-0.00017212125,-0.00017212125,-0.0004015831,-0.0004015831,-0.00010740066,-0.00011322884,0.86023414,2.8387728,0.18131817961519908
6.0,0.03005052873123079,-0.00023387706,-0.00023387706,-0.0006293319,-0.000629332,-0.0001473037,-0.00014148049,0.860055,2.8381817,0.18131833947788212
6.0,0.030050590919485847,-0.00028267255,-0.00028267255,-0.0007173406,-0.0007173406,-0.00015259534,-0.00015840604,0.8598932,2.8376477,0.18131851077564853
6.0,0.0300506691349798,-0.00028832597,-0.00028832597,-0.0007471872,-0.0007471872,-0.00014891307,-0.00014310743,0.85968965,2.8369758,0.18131870519318294
6.0,0.03005075034876419,-0.0003327466,-0.0003327466,-0.000790978,-0.000790978,-0.00013298696,-0.0001387823,0.8594784,2.8362787,0.18131895213945648
6.0,0.030050871739252055,-0.00036584752,-0.00036584752,-0.0008494952,-0.00084949523,-0.00010890901,-0.00010311517,0.85916275,2.835237,0.1813193373340284
6.0,0.03005106660955147,-0.00046652602,-0.00046652602,-0.0009782716,-0.0009782716,-6.984467e-05,-7.56321e-05,0.8586564,2.8335662,0.18131981955635657
6.0,0.030051268130947387,-0.0004961586,-0.0004961586,-0.0010427916,-0.0010427916,-5.5500906e-05,-4.9713843e-05,0.8581332,2.8318396,0.18132026613810318
6.0,0.030051434152109955,-0.00071905577,-0.00071905577,-0.0012150193,-0.0012150193,-6.2004045e-05,-6.778361e-05,0.85770255,2.8304186,0.18132068049023456
6.0,0.030051609490594936,-0.0015911646,-0.0015911646,-0.0019490372,-0.0019490372,-0.00010718734,-0.000101400045,0.8572489,2.8289216,0.18132110637350995
6.0,0.030051785383036787,-0.00217236,-0.00217236,-0.0026763254,-0.0026763254,-5.7115463e-05,-6.288899e-05,0.8567948,2.8274226,0.1813215220367445
6.0,0.030051952656458804,-0.0027622478,-0.0027622478,-0.0032057385,-0.0032057385,-7.15507e-05,-6.57717e-05,0.85636365,2.826,0.18132202137609094
6.0,0.030052198045899474,-0.0032749285,-0.0032749285,-0.0038147634,-0.0038147634,-3.7833044e-05,-4.3602726e-05,0.8557323,2.8239167,0.18132259884551682
6.0,0.030052430591832945,-0.0039220518,-0.0039220518,-0.004418573,-0.004418573,-0.001641515,-0.0016506941,0.8551354,2.8219469,0.18132307488727717
6.0,0.03005259258619047,-0.004921952,-0.004921952,-0.005478953,-0.005478953,-0.004433915,-0.0044645895,0.854721,2.8205795,0.1813233590339043
6.0,0.03005266631907522,-0.005878315,-0.005878315,-0.0063691577,-0.0063691577,-0.005665241,-0.005687766,0.8545332,2.8199596,0.18132348250438401
6.0,0.030052695061990327,-0.0064812372,-0.0064812372,-0.0069237193,-0.0069237193,-0.006293729,-0.0063289828,0.85446024,2.8197188,0.1813235397693628
6.0,0.030052713854946216,-0.0070467186,-0.0070467186,-0.0074116327,-0.0074116327,-0.006783913,-0.006808996,0.85441273,2.819562,0.181323571990538
6.0,0.030052721811882507,-0.007301648,-0.007301648,-0.0076505383,-0.0076505383,-0.007027076,-0.007063829,0.8543926,2.8194957,0.18132358571072463
6.0,0.03005272524592635,-0.0073896553,-0.0073896553,-0.007746088,-0.007746088,-0.007122489,-0.007148466,0.85438395,2.819467,0.18132359224483224
6.0,0.030052727236837887,-0.0074681984,-0.0074681984,-0.007813454,-0.007813454,-0.0071928375,-0.0072296816,0.85437894,2.8194504,0.18132359709656637
6.0,0.03005272927413536,-0.007518282,-0.007518282,-0.007868203,-0.007868203,-0.0072472086,-0.0072737164,0.85437375,2.8194335,0.1813236020931927
6.0,0.03005273138539544,-0.00760058,-0.00760058,-0.007941298,-0.007941298,-0.007322991,-0.0073599108,0.85436845,2.8194158,0.18132360972166067
6.0,0.030052735607915593,-0.0077225487,-0.0077225487,-0.008065472,-0.008065472,-0.007448837,-0.00747589,0.8543578,2.8193808,0.18132362497821608
6.0,0.030052744052955903,-0.008016326,-0.008016326,-0.008345086,-0.008345086,-0.007736222,-0.007773951,0.8543365,2.8193104,0.18132365548980775
6.0,0.030052760943036518,-0.008581546,-0.008581546,-0.008905789,-0.008905789,-0.008311625,-0.008340467,0.854294,2.8191702,0.1813237165069205
6.0,0.03005279472319775,-0.0098387925,-0.0098387925,-0.010144762,-0.010144762,-0.009588874,-0.00963022,0.85420924,2.8188906,0.18132382179694675
6.0,0.030052848396047487,-0.012014445,-0.012014445,-0.01232123,-0.01232123,-0.011826161,-0.01186143,0.85407525,2.8184485,0.18132399740771626
6.0,0.030052940629780218,-0.016389444,-0.016389444,-0.016689198,-0.016689198,-0.016287807,-0.016339952,0.8538473,2.817696,0.18132428987268792
6.0,0.030053091520962225,-0.025114268,-0.025114268,-0.025422057,-0.025422057,-0.02512814,-0.0251814,0.8534815,2.8164887,0.18132480904556747
6.0,0.030053372586137526,-0.046766415,-0.046766415,-0.04707027,-0.04707027,-0.0468832,-0.046966918,0.8528295,2.8143373,0.1813255013100782
6.0,0.03005366837204405,-0.07717989,-0.07717989,-0.0774933,-0.0774933,-0.07734853,-0.0774435,0.8521953,2.8122447,0.18132612592543843
6.0,0.030053893841368102,-0.105757974,-0.105757974,-0.10606692,-0.10606692,-0.105932906,-0.10605366,0.8517558,2.8107939,0.1813266156884852
6.0,0.03005407751202014,-0.1324937,-0.1324937,-0.13281101,-0.13281101,-0.13267899,-0.13280262,0.85143083,2.809722,0.1813269938877587
6.0,0.0300542100239674,-0.15376902,-0.15376902,-0.15408088,-0.15408088,-0.15394889,-0.15409146,0.851217,2.809016,0.18132726832513632
6.0,0.030054307062802644,-0.17036843,-0.17036843,-0.17068765,-0.17068765,-0.1705547,-0.17069404,0.8510722,2.8085382,0.18132750454588817
6.0,0.030054407676006856,-0.18854252,-0.18854252,-0.18885581,-0.18885581,-0.1887223,-0.18887824,0.85093325,2.8080797,0.18132773296616458
6.0,0.030054498250398118,-0.205677,-0.205677,-0.20599711,-0.20599711,-0.20586275,-0.20601495,0.85081846,2.8077006,0.18132795016744407
6.0,0.03005458952239083,-0.22372243,-0.22372243,-0.22403571,-0.22403571,-0.2239018,-0.2240698,0.8507129,2.807353,0.18132816740320368
6.0,0.030054680170750612,-0.24231118,-0.24231118,-0.24262953,-0.24262953,-0.24249692,-0.24266107,0.8506186,2.8070416,0.18132838597720488
6.0,0.03005477260402398,-0.2619179,-0.2619179,-0.2622263,-0.2622263,-0.26209855,-0.26227838,0.8505336,2.806761,0.18132861162469927
6.0,0.030054869215063312,-0.28287175,-0.28287175,-0.2831796,-0.2831796,-0.2830609,-0.283237,0.8504569,2.8065078,0.18132885352621786
6.0,0.030054975302291082,-0.30619842,-0.30619842,-0.30648798,-0.30648798,-0.3063858,-0.30657798,0.8503871,2.8062773,0.18132913484417526
6.0,0.030055104980545658,-0.33470505,-0.33470505,-0.33498392,-0.33498392,-0.33490443,-0.3350942,0.8503222,2.8060632,0.18132953026365706
6.0,0.030055306743945926,-0.37903726,-0.37903726,-0.37928846,-0.37928846,-0.37923756,-0.37944743,0.8502657,2.8058767,0.18133013260710926
6.0,0.0300556099335255,-0.44706237,-0.44706237,-0.44730568,-0.44730568,-0.44727284,-0.44748726,0.8502849,2.80594,0.18133087082550256
6.0,0.030055925574907084,-0.52169305,-0.52169305,-0.52192515,-0.52192515,-0.52189887,-0.52213645,0.8504435,2.8064632,0.18133181640243168
6.0,0.030056402292645057,-0.6434047,-0.6434047,-0.6436387,-0.6436387,-0.6436172,-0.6438637,0.8509716,2.808206,0.1813331289308063
6.0,0.03005702406128243,-0.8183927,-0.8183927,-0.8186195,-0.8186195,-0.8185978,-0.81887305,0.8522274,2.8123503,0.18133467706756898
6.0,0.03005769414960122,-1.0228432,-1.0228432,-1.0230749,-1.0230749,-1.0230529,-1.0233315,0.8543572,2.819379,0.18133638071223407
6.0,0.030058438604014616,-1.2550914,-1.2550914,-1.2553248,-1.2553248,-1.2553031,-1.2555945,0.8577052,2.830427,0.18133778352656194
6.0,0.030058849836514655,-1.3623831,-1.3623831,-1.3626771,-1.3626771,-1.3626779,-1.3629559,0.8599615,2.8378727,0.181338486987492
6.0,0.030059015102320133,-1.3790463,-1.3790463,-1.379464,-1.379464,-1.3795133,-1.379796,0.8609136,2.8410146,0.1813388113615664
6.0,0.030059115079015368,-1.3827167,-1.3827167,-1.3830864,-1.3830864,-1.3831141,-1.3833836,0.86149156,2.8429222,0.18133897305751817
6.0,0.030059147144641554,-1.3834543,-1.3834543,-1.3838807,-1.3838807,-1.3839298,-1.3842075,0.86167705,2.8435342,0.18133904883487284
6.0,0.030059176932824425,-1.3840721,-1.3840721,-1.3844496,-1.3844496,-1.3844788,-1.3847456,0.8618494,2.8441029,0.18133911416952117
6.0,0.03005920045319205,-1.384508,-1.384508,-1.384927,-1.384927,-1.3849705,-1.3852457,0.8619856,2.8445525,0.18133916465559993
6.0,0.03005921811294828,-1.3847715,-1.3847715,-1.385156,-1.385156,-1.385186,-1.3854506,0.86208785,2.8448899,0.18133919922851266
6.0,0.030059228646692058,-1.3849337,-1.3849337,-1.3853432,-1.3853432,-1.3853809,-1.3856543,0.8621488,2.8450909,0.18133921770952896
6.0,0.030059233181705985,-1.3849763,-1.3849763,-1.3853712,-1.3853712,-1.3854039,-1.3856676,0.86217505,2.845178,0.181339226490979
6.0,0.030059235806335047,-1.3850174,-1.3850174,-1.3854175,-1.3854175,-1.3854512,-1.3857242,0.86219025,2.845228,0.18133923195846827
6.0,0.030059237639271656,-1.3850347,-1.3850347,-1.3854326,-1.3854326,-1.3854655,-1.385729,0.86220086,2.845263,0.18133923673396923
6.0,0.03005923969963683,-1.3850611,-1.3850611,-1.3854611,-1.3854611,-1.3854948,-1.3857677,0.8622128,2.8453023,0.1813392419053753
6.0,0.03005924185522449,-1.3850822,-1.3850822,-1.3854796,-1.3854796,-1.3855118,-1.385775,0.86222523,2.8453434,0.18133924968690296
6.0,0.030059246043290046,-1.3851296,-1.3851296,-1.3855292,-1.3855292,-1.3855622,-1.3858347,0.8622495,2.8454235,0.18133926482298865
6.0,0.030059254193762677,-1.3852034,-1.3852034,-1.3856001,-1.3856001,-1.3856308,-1.3858932,0.8622967,2.845579,0.18133929482161665
6.0,0.030059270494707937,-1.3853221,-1.3853221,-1.38572,-1.38572,-1.3857498,-1.3860204,0.862391,2.8458903,0.18133934866023155
6.0,0.030059298067185044,-1.3853761,-1.3853761,-1.3857689,-1.3857689,-1.3857925,-1.3860513,0.86255044,2.8464165,0.18133941898436795
6.0,0.030059327781098242,-1.3852032,-1.3852032,-1.3855941,-1.3855941,-1.3856121,-1.3858775,0.86272216,2.846983,0.18133949583209394
6.0,0.030059360642809625,-1.3846551,-1.3846551,-1.3850374,-1.3850374,-1.385045,-1.3852968,0.8629117,2.8476088,0.18133958441578382
6.0,0.030059399881402004,-1.3834559,-1.3834559,-1.3838315,-1.3838315,-1.3838276,-1.3840834,0.8631375,2.8483534,0.1813396919500354
6.0,0.03005944812163683,-1.3811115,-1.3811115,-1.3814725,-1.3814725,-1.3814514,-1.3816898,0.86341393,2.849266,0.18133982489435974
6.0,0.030059507962005926,-1.3770106,-1.3770106,-1.3773595,-1.3773595,-1.3773226,-1.3775606,0.863755,2.8503914,0.18133999751463692
6.0,0.030059588347057676,-1.3698934,-1.3698934,-1.3702255,-1.3702255,-1.3701715,-1.3703877,0.86420923,2.8518903,0.18134023293265625
6.0,0.030059698999224477,-1.358169,-1.358169,-1.3584914,-1.3584914,-1.3584268,-1.3586391,0.8648269,2.8539286,0.18134058400438904
6.0,0.030059872828257374,-1.337272,-1.337272,-1.3375835,-1.3375835,-1.3375101,-1.3376977,0.86577815,2.8570676,0.18134112331986307
6.0,0.030060135058694506,-1.3031934,-1.3031934,-1.3035041,-1.3035041,-1.30343,-1.3036121,0.867167,2.8616512,0.18134187758931902
6.0,0.030060480735166224,-1.2565942,-1.2565942,-1.2569041,-1.2569041,-1.2568299,-1.2569885,0.8689106,2.8674047,0.18134295150702306
6.0,0.030060997117561734,-1.1865915,-1.1865915,-1.1869106,-1.1869106,-1.1868417,-1.1869942,0.8713294,2.875387,0.18134472490215095
6.0,0.030061896388225262,-1.0677758,-1.0677758,-1.0681111,-1.0681111,-1.068049,-1.06817,0.8750209,2.887569,0.18134715625296055
6.0,0.030062921656961047,-0.9397894,-0.9397894,-0.94031787,-0.94031787,-0.940266,-0.9403765,0.87845737,2.8989093,0.1813490267429468
6.0,0.03006336541624431,-0.88355,-0.88355,-0.8992077,-0.8992077,-0.8991574,-0.8992511,0.8797231,2.9030864,0.18134992471619354
6.0,0.030063624870845854,-0.8366907,-0.8366907,-0.92366445,-0.92366445,-0.923615,-0.92371655,0.8804787,2.9055796,0.1813505788780198
6.0,0.030063876819580677,-0.7844904,-0.7844904,-0.9840483,-0.9840483,-0.9839978,-0.98409015,0.88129884,2.9082859,0.18135128246694204
6.0,0.03006417389153848,-0.7183709,-0.7183709,-1.0813321,-1.0813321,-1.0812815,-1.0813847,0.8824227,2.911995,0.18135206261634482
6.0,0.030064484031799118,-0.65066797,-0.65066797,-1.1966406,-1.1966406,-1.1965886,-1.1966839,0.88380283,2.9165494,0.18135305916131106
6.0,0.030064947109925615,-0.5527992,-0.5527992,-1.382504,-1.382504,-1.3824515,-1.3825583,0.8862917,2.9247627,0.1813542723649172
6.0,0.03006542007603536,-0.4605166,-0.4605166,-1.5801723,-1.5801723,-1.5801184,-1.5802174,0.889384,2.934967,0.18135564540787794
6.0,0.03006599912408515,-0.35784453,-0.35784453,-1.8259883,-1.8259883,-1.8259344,-1.8260436,0.8939434,2.9500132,0.18135710511275913
6.0,0.030066527110339268,-0.2756244,-0.2756244,-2.0487807,-2.0487807,-2.0487263,-2.048826,0.8988419,2.9661787,0.18135860582467728
6.0,0.030067124886367324,-0.19506802,-0.19506802,-2.2960427,-2.2960427,-2.2959893,-2.2960975,0.905226,2.9872458,0.18136045817977695
6.0,0.030067897128310424,-0.11184351,-0.11184351,-2.602683,-2.602683,-2.60263,-2.6027267,0.9147427,3.0186508,0.1813627626142336
6.0,0.030068793986961804,-0.043997504,-0.043997504,-2.9363463,-2.9363463,-2.9362955,-2.9363983,0.92749095,3.06072,0.1813657652365218
6.0,0.03007001255220553,-0.0017842627,-0.0017842627,-3.3454978,-3.3454978,-3.3454492,-3.3455365,0.94746697,3.126641,0.18136828680304437
6.0,0.030070496374142636,-3.2570442e-05,-3.2570442e-05,-3.493367,-3.493367,-3.4933207,-3.4934146,0.95618486,3.15541,0.18136959143099876
6.0,0.03007087735880486,-6.189696e-05,-6.189696e-05,-3.604115,-3.604115,-3.6040692,-3.6041515,0.9633356,3.1790073,0.18137044344890646
6.0,0.030071052802924332,-2.9259283e-05,-2.9259283e-05,-3.6535523,-3.6535523,-3.6535077,-3.6535985,0.9667099,3.1901426,0.18137094732787956
6.0,0.03007120413466872,-6.123622e-05,-6.123622e-05,-3.6951299,-3.6951299,-3.6950853,-3.6951656,0.96966016,3.1998787,0.1813714381700732
6.0,0.03007136919006027,-2.8677454e-05,-2.8677454e-05,-3.7397048,-3.7397048,-3.7396612,-3.7397501,0.9729189,3.2106326,0.18137206771770265
6.0,0.03007160721475198,-6.053385e-05,-6.053385e-05,-3.8020504,-3.8020504,-3.8020067,-3.802085,0.9776915,3.226382,0.1813729117086072
6.0,0.030071904308802522,-2.791586e-05,-2.791586e-05,-3.877213,-3.877213,-3.8771708,-3.8772566,0.9837656,3.2464263,0.18137381645632547
6.0,0.03007217379354653,-5.9908736e-05,-5.9908736e-05,-3.9425523,-3.9425523,-3.9425104,-3.9425855,0.9893835,3.2649655,0.18137478443786584
6.0,0.03007250362194785,-2.7644506e-05,-2.7644506e-05,-4.0193005,-4.0193005,-4.01926,-4.0193424,0.9963931,3.2880974,0.1813760315866414
6.0,0.030072935123444142,-6.023702e-05,-6.023702e-05,-4.114028,-4.114028,-4.1139884,-4.114059,1.0057734,3.3190522,0.1813781232741774
6.0,0.03007375679932808,-3.0088133e-05,-3.0088133e-05,-4.2782645,-4.2782645,-4.2782273,-4.278302,1.0242358,3.3799782,0.1813805022247072
6.0,0.030074309486734285,-6.367203e-05,-6.367203e-05,-4.3770494,-4.3770494,-4.377013,-4.3770757,1.0370615,3.4223032,0.18138232312539312
6.0,0.030074782907799195,-3.2349766e-05,-3.2349766e-05,-4.4550643,-4.4550643,-4.45503,-4.455099,1.04828,3.459324,0.1813840753484878
6.0,0.030075275873240673,-6.4944856e-05,-6.4944856e-05,-4.5300875,-4.5300875,-4.5300536,-4.5301113,1.0601691,3.498558,0.1813863313305147
6.0,0.03007599937783198,-3.3050386e-05,-3.3050386e-05,-4.6302996,-4.6302996,-4.630268,-4.630331,1.0779638,3.5572808,0.1813895235632225
6.0,0.030076940827112847,-6.514583e-05,-6.514583e-05,-4.744558,-4.744558,-4.7445283,-4.744577,1.1016617,3.6354833,0.181393763362471
6.0,0.030078116592513787,-3.2863325e-05,-3.2863325e-05,-4.865653,-4.865653,-4.8656263,-4.8656793,1.1319866,3.7355556,0.1813986063889445
6.0,0.0300792314327681,-6.164067e-05,-6.164067e-05,-4.9745708,-4.9745708,-4.9745464,-4.974585,1.1614124,3.832661,0.18140490473285853
6.0,0.030080946482381774,-3.0216755e-05,-3.0216755e-05,-5.123419,-5.123419,-5.123398,-5.1234393,1.2078115,3.9857776,0.1814128605370813
6.0,0.03008253666422151,-6.0854e-05,-6.0854e-05,-5.2321286,-5.2321286,-5.2321095,-5.2321367,1.2518376,4.131064,0.18142350847153418
6.0,0.030085064474070253,-2.9950992e-05,-2.9950992e-05,-5.359993,-5.359993,-5.3599777,-5.3600073,1.323166,4.3664484,0.18144043623128023
6.0,0.030088396518662568,-6.0909653e-05,-6.0909653e-05,-5.46909,-5.46909,-5.469077,-5.4690905,1.4187015,4.681715,0.18146516660781076
6.0,0.030092511188653803,-3.0105433e-05,-3.0105433e-05,-5.485956,-5.485956,-5.485954,-5.4859705,1.5368434,5.071583,0.18149136172771232
6.0,0.030095118189632532,-6.0498744e-05,-6.0498744e-05,-5.263901,-5.263901,-5.263927,-5.2639313,1.6091831,5.3103037,0.18150760566152138
6.0,0.030096313051001237,-2.9824281e-05,-2.9824281e-05,-5.1235433,-5.1235433,-5.1235595,-5.1235714,1.640815,5.414689,0.1815199554727803
6.0,0.030097898268777568,-5.9830876e-05,-5.9830876e-05,-4.7501893,-4.7501893,-4.7502074,-4.750208,1.6800305,5.5441,0.1815315455043965
6.0,0.030098801715857538,-2.9231289e-05,-2.9231289e-05,-4.468565,-4.468565,-4.4685745,-4.468583,1.7004642,5.6115313,0.18154105398884587
6.0,0.03009989120034648,-5.954765e-05,-5.954765e-05,-4.096891,-4.096891,-4.0969043,-4.096903,1.7228602,5.685438,0.18154692271461262
6.0,0.030100000000000002,-2.8854367e-05,-2.8854367e-05,-4.05909,-4.05909,-4.059097,-4.0591044,1.7249571,5.692359,0.18154745687548102
6.0,0.030100000001,-2.8333263e-05,-2.8333263e-05,-4.05909,-4.05909,-4.059097,-4.059104,1.7249572,5.692359,0.18154745695894314
6.0,0.030100000017,-4.3281667e-05,-4.3281667e-05,-4.05907,-4.05907,-4.0590763,-4.0590773,1.7249575,5.69236,0.18154745719460103
6.0,0.030100000049,-4.0386585e-05,-4.0386585e-05,-4.059057,-4.059057,-4.0590644,-4.059069,1.7249581,5.692362,0.18154745766591712
6.0,0.030100000113,-4.4340442e-05,-4.4340442e-05,-4.059033,-4.059033,-4.059042,-4.059043,1.7249594,5.692365,0.18154745860855057
6.0,0.030100000241,-4.30273e-05,-4.30273e-05,-4.058987,-4.058987,-4.058996,-4.059001,1.7249618,5.6923733,0.18154746049382278
6.0,0.030100000497,-4.5900357e-05,-4.5900357e-05,-4.058895,-4.058895,-4.0589046,-4.058906,1.7249666,5.6923904,0.1815474642643892
6.0,0.030100001009,-4.3644133e-05,-4.3644133e-05,-4.0587125,-4.0587125,-4.058722,-4.0587263,1.7249764,5.692423,0.1815474718056077
6.0,0.030100002033,-4.5648525e-05,-4.5648525e-05,-4.058347,-4.058347,-4.0583572,-4.0583587,1.7249961,5.6924872,0.18154748688838748
6.0,0.030100004080999998,-4.344818e-05,-4.344818e-05,-4.057622,-4.057622,-4.0576315,-4.0576363,1.7250353,5.6926165,0.18154751705531813
6.0,0.030100008176999996,-4.54931e-05,-4.54931e-05,-4.056176,-4.056176,-4.0561867,-4.0561876,1.7251136,5.6928754,0.1815475773946638
6.0,0.03010001636899999,-4.331737e-05,-4.331737e-05,-4.0532985,-4.0532985,-4.0533085,-4.053313,1.7252704,5.693392,0.1815476980952692
6.0,0.03010003275299998,-4.5351073e-05,-4.5351073e-05,-4.047559,-4.047559,-4.047569,-4.04757,1.7255833,5.6944256,0.1815479395841128
6.0,0.03010006552099996,-4.3232772e-05,-4.3232772e-05,-4.0360975,-4.0360975,-4.036107,-4.0361114,1.7262075,5.6964846,0.18154842291115939
6.0,0.03010013105699992,-4.5323737e-05,-4.5323737e-05,-4.0131683,-4.0131683,-4.0131783,-4.01318,1.7274488,5.700581,0.18154939095603378
6.0,0.03010026212899984,-4.3211858e-05,-4.3211858e-05,-3.9672787,-3.9672787,-3.9672878,-3.9672923,1.7299033,5.708681,0.1815513325517201
6.0,0.030100524272999682,-4.5279805e-05,-4.5279805e-05,-3.875502,-3.875502,-3.8755114,-3.8755124,1.7347002,5.724511,0.18155523730859272
6.0,0.030101048560999363,-4.3133266e-05,-4.3133266e-05,-3.6929128,-3.6929128,-3.6929207,-3.6929245,1.7438476,5.754697,0.18156312940108793
6.0,0.030102097136998726,-4.5150573e-05,-4.5150573e-05,-3.3379297,-3.3379297,-3.3379362,-3.3379364,1.7604008,5.8093224,0.18157921466457816
6.0,0.030104194288997452,-4.29655e-05,-4.29655e-05,-2.7021928,-2.7021928,-2.7021961,-2.7021987,1.7871202,5.897497,0.18160502313529894
6.0,0.030106994595398194,-4.5058994e-05,-4.5058994e-05,-2.0583665,-2.0583665,-2.058368,-2.058367,1.8118489,5.979101,0.18163251415736575
6.0,0.030109269603905336,-4.2967473e-05,-4.2967473e-05,-1.7078316,-1.7078316,-1.707831,-1.707833,1.8250595,6.022697,0.18165827597672726
6.0,0.030111682065253442,-4.499847e-05,-4.499847e-05,-1.4616814,-1.4616814,-1.4616802,-1.4616787,1.8347003,6.054511,0.18168498006419506
6.0,0.030114077593533708,-4.282144e-05,-4.282144e-05,-1.3068919,-1.3068919,-1.3068892,-1.306891,1.8413591,6.0764847,0.18171100522592704
6.0,0.030116333988322957,-4.47693e-05,-4.47693e-05,-1.2143795,-1.2143795,-1.2143767,-1.2143751,1.8459346,6.0915837,0.18173771757394805
6.0,0.030118828708426765,-4.2512132e-05,-4.2512132e-05,-1.1489996,-1.1489996,-1.1489954,-1.1489971,1.8497906,6.104309,0.1817646464189502
6.0,0.03012110366163284,-4.4410586e-05,-4.4410586e-05,-1.1105295,-1.1105295,-1.1105257,-1.110524,1.8525816,6.113519,0.18179140535023575
6.0,0.0301235540165189,-4.2122963e-05,-4.2122963e-05,-1.0823169,-1.0823169,-1.0823119,-1.0823135,1.8550812,6.121768,0.18181874574854975
6.0,0.03012591864781401,-4.399975e-05,-4.399975e-05,-1.0631757,-1.0631757,-1.063171,-1.0631695,1.8571423,6.1285696,0.1818477876458697
6.0,0.03012865731142429,-4.1678515e-05,-4.1678515e-05,-1.0468334,-1.0468334,-1.0468278,-1.0468295,1.8592217,6.1354322,0.1818788470909954
6.0,0.030131364268169307,-4.352552e-05,-4.352552e-05,-1.034553,-1.034553,-1.034548,-1.0345465,1.8610286,6.1413937,0.18191324462296166
6.0,0.030134676491112827,-4.1161704e-05,-4.1161704e-05,-1.0226837,-1.0226837,-1.0226779,-1.0226794,1.8629801,6.147835,0.18195499456226472
6.0,0.030138654736750804,-4.29146e-05,-4.29146e-05,-1.0113763,-1.0113763,-1.011371,-1.0113693,1.8650224,6.1545734,0.18200736599193715
6.0,0.030143801691541273,-4.0427865e-05,-4.0427865e-05,-0.99978584,-0.99978584,-0.99977976,-0.9997814,1.8672762,6.162012,0.18207568711335662
6.0,0.03015053029027298,-4.201455e-05,-4.201455e-05,-0.9880794,-0.9880794,-0.988074,-0.98807234,1.8697021,6.170017,0.18215567978135
6.0,0.030157669933251408,-3.9453258e-05,-3.9453258e-05,-0.97860354,-0.97860354,-0.9785974,-0.978599,1.8717711,6.1768446,0.18224185745946095
6.0,0.03016543780976265,-4.106028e-05,-4.106028e-05,-0.9707426,-0.9707426,-0.9707371,-0.9707355,1.8735701,6.182781,0.18233717310656797
6.0,0.030174126543393083,-3.8505306e-05,-3.8505306e-05,-0.9641094,-0.9641094,-0.9641032,-0.9641049,1.8751575,6.1880198,0.18244560057726814
6.0,0.030184126543393083,-4.0104904e-05,-4.0104904e-05,-0.95851827,-0.95851827,-0.9585128,-0.9585111,1.8765699,6.1926804,0.18256181055155707
6.0,0.030194126543393082,-3.7604623e-05,-3.7604623e-05,-0.95447797,-0.95447797,-0.95447177,-0.9544734,1.8776536,6.196257,0.182678154793653
6.0,0.030204126543393082,-3.931774e-05,-3.931774e-05,-0.9515517,-0.9515517,-0.9515462,-0.9515446,1.8784977,6.1990423,0.1827946036633582
6.0,0.03021412654339308,-3.6916143e-05,-3.6916143e-05,-0.9494047,-0.9494047,-0.9493986,-0.9494002,1.8791658,6.201247,0.18291113537875126
6.0,0.03022412654339308,-3.8714683e-05,-3.8714683e-05,-0.9478346,-0.9478346,-0.9478291,-0.94782746,1.8797033,6.203021,0.1830277337655158
6.0,0.03023412654339308,-3.638818e-05,-3.638818e-05,-0.94666415,-0.94666415,-0.94665796,-0.9466596,1.8801432,6.2044725,0.18314438673106143
6.0,0.03024412654339308,-3.825281e-05,-3.825281e-05,-0.9458002,-0.9458002,-0.9457947,-0.9457931,1.8805095,6.205682,0.1832610851677985
6.0,0.03025412654339308,-3.5986046e-05,-3.5986046e-05,-0.94514304,-0.94514304,-0.94513685,-0.94513845,1.8808196,6.2067046,0.18337782208529424
6.0,0.030264126543393083,-3.7905505e-05,-3.7905505e-05,-0.94465506,-0.94465506,-0.9446495,-0.9446479,1.8810863,6.2075853,0.183494592123899
6.0,0.030274126543393082,-3.5691548e-05,-3.5691548e-05,-0.94427735,-0.94427735,-0.94427115,-0.94427276,1.8813194,6.2083535,0.18361139108744573
6.0,0.030284126543393082,-3.7663525e-05,-3.7663525e-05,-0.94400287,-0.94400287,-0.9439974,-0.9439957,1.881526,6.209036,0.18372821571436834
6.0,0.03029412654339308,-3.5503504e-05,-3.5503504e-05,-0.94379437,-0.94379437,-0.9437882,-0.9437898,1.8817122,6.20965,0.18384506345835638
6.0,0.03030412654339308,-3.752417e-05,-3.752417e-05,-0.9436508,-0.9436508,-0.9436453,-0.9436436,1.8818822,6.2102118,0.18396193232623054
6.0,0.03031412654339308,-3.539153e-05,-3.539153e-05,-0.9435138,-0.9435138,-0.9435077,-0.9435093,1.882039,6.210728,0.18405275200227245
6.0,0.030319666106942783,-3.743837e-05,-3.743837e-05,-0.9434344,-0.9434344,-0.94342893,-0.94342726,1.88212,6.2109957,0.18411249268403945
6.0,0.0303243475019386,-3.5340032e-05,-3.5340032e-05,-0.94335073,-0.94335073,-0.9433446,-0.9433462,1.8821853,6.2112117,0.18416846721381525
6.0,0.03032924205365391,-3.7394777e-05,-3.7394777e-05,-0.9432705,-0.9432705,-0.943265,-0.9432634,1.8822501,6.2114253,0.1842274802630935
6.0,0.030334442574798726,-3.5301928e-05,-3.5301928e-05,-0.9431728,-0.9431728,-0.9431667,-0.9431683,1.8823152,6.2116394,0.18428715008757207
6.0,0.030339448773476604,-3.736475e-05,-3.736475e-05,-0.9430885,-0.9430885,-0.943083,-0.9430813,1.882374,6.211835,0.1843504170171381
6.0,0.030345263911652053,-3.5281657e-05,-3.5281657e-05,-0.9429822,-0.9429822,-0.942976,-0.9429776,1.882438,6.2120457,0.18442417657838409
6.0,0.030352063940757217,-3.735475e-05,-3.735475e-05,-0.942873,-0.942873,-0.94286746,-0.94286585,1.882507,6.2122726,0.18451661367594388
6.0,0.03036107235783455,-3.5289904e-05,-3.5289904e-05,-0.94272596,-0.94272596,-0.94271976,-0.94272137,1.8825893,6.2125444,0.1846277717638386
6.0,0.03037107235783455,-3.7388814e-05,-3.7388814e-05,-0.9425853,-0.9425853,-0.9425798,-0.9425782,1.8826696,6.2128096,0.18474473844055064
6.0,0.03038107235783455,-3.5349498e-05,-3.5349498e-05,-0.94244796,-0.94244796,-0.94244176,-0.94244343,1.8827392,6.2130394,0.18486171376708874
6.0,0.03039107235783455,-3.7466285e-05,-3.7466285e-05,-0.942333,-0.942333,-0.94232744,-0.94232583,1.8827991,6.213237,0.1849786965322865
6.0,0.030401072357834548,-3.543841e-05,-3.543841e-05,-0.94222057,-0.94222057,-0.94221437,-0.942216,1.8828505,6.2134066,0.18509568568710216
6.0,0.030411072357834548,-3.756035e-05,-3.756035e-05,-0.9421297,-0.9421297,-0.9421242,-0.9421225,1.8828943,6.2135506,0.18521268027786145
6.0,0.03042107235783455,-3.5533045e-05,-3.5533045e-05,-0.94204044,-0.94204044,-0.94203424,-0.94203585,1.8829315,6.213674,0.18532967950347792
6.0,0.03043107235783455,-3.7651505e-05,-3.7651505e-05,-0.9419716,-0.9419716,-0.94196606,-0.94196445,1.8829627,6.2137775,0.1854466826200856
6.0,0.03044107235783455,-3.561846e-05,-3.561846e-05,-0.94190294,-0.94190294,-0.94189674,-0.9418984,1.882989,6.2138643,0.18556368900779616
6.0,0.03045107235783455,-3.772927e-05,-3.772927e-05,-0.94185305,-0.94185305,-0.9418475,-0.9418459,1.883011,6.2139363,0.18568069811347854
6.0,0.03046107235783455,-3.568813e-05,-3.568813e-05,-0.94180155,-0.94180155,-0.94179535,-0.94179696,1.8830292,6.2139964,0.18579770947936902
6.0,0.03047107235783455,-3.7790374e-05,-3.7790374e-05,-0.9417669,-0.9417669,-0.94176143,-0.94175977,1.8830445,6.2140465,0.18591472274307141
6.0,0.030481072357834548,-3.5741275e-05,-3.5741275e-05,-0.9417289,-0.9417289,-0.9417227,-0.9417243,1.883057,6.2140875,0.1860317375517262
6.0,0.030491072357834548,-3.78358e-05,-3.78358e-05,-0.941706,-0.941706,-0.94170046,-0.94169885,1.8830674,6.2141223,0.18614875365737807
6.0,0.03050107235783455,-3.5780024e-05,-3.5780024e-05,-0.941678,-0.941678,-0.9416718,-0.94167346,1.883076,6.2141504,0.18626577083114518
6.0,0.03051107235783455,-3.786832e-05,-3.786832e-05,-0.9416637,-0.9416637,-0.94165814,-0.94165653,1.883083,6.214174,0.18638278888229262
6.0,0.03052107235783455,-3.5807414e-05,-3.5807414e-05,-0.94164294,-0.94164294,-0.94163674,-0.9416384,1.8830887,6.2141924,0.18649980763915908
6.0,0.03053107235783455,-3.7890994e-05,-3.7890994e-05,-0.9416347,-0.9416347,-0.9416292,-0.94162756,1.8830935,6.2142086,0.18661682699684035
6.0,0.03054107235783455,-3.582637e-05,-3.582637e-05,-0.9416191,-0.9416191,-0.9416129,-0.9416145,1.8830973,6.214221,0.18673384682182204
6.0,0.03055107235783455,-3.7906513e-05,-3.7906513e-05,-0.94161505,-0.94161505,-0.94160956,-0.94160795,1.8831005,6.2142315,0.18685086704734694
6.0,0.03056107235783455,-3.58393e-05,-3.58393e-05,-0.94160295,-0.94160295,-0.94159675,-0.94159836,1.8831031,6.2142406,0.18696788760665783
6.0,0.030571072357834548,-3.791699e-05,-3.791699e-05,-0.9416018,-0.9416018,-0.9415963,-0.9415947,1.8831053,6.214247,0.18708490842346082
6.0,0.030581072357834548,-3.5848032e-05,-3.5848032e-05,-0.9415921,-0.9415921,-0.9415859,-0.9415875,1.8831071,6.2142534,0.18720192946914566
6.0,0.03059107235783455,-3.7923983e-05,-3.7923983e-05,-0.94159293,-0.94159293,-0.94158745,-0.94158584,1.8831085,6.2142577,0.18731895068649188
6.0,0.03060107235783455,-3.5853885e-05,-3.5853885e-05,-0.9415848,-0.9415848,-0.9415786,-0.9415803,1.8831096,6.214261,0.18743597202781573
6.0,0.03061107235783455,-3.79286e-05,-3.79286e-05,-0.94158703,-0.94158703,-0.9415815,-0.9415799,1.8831106,6.214265,0.18755299351219074
6.0,0.03062107235783455,-3.5857785e-05,-3.5857785e-05,-0.94158,-0.94158,-0.9415738,-0.9415754,1.8831114,6.2142673,0.18767001508239642
6.0,0.03063107235783455,-3.7931615e-05,-3.7931615e-05,-0.94158304,-0.94158304,-0.94157755,-0.94157594,1.8831121,6.2142696,0.18778703674796954
6.0,0.03064107235783455,-3.5860372e-05,-3.5860372e-05,-0.9415767,-0.9415767,-0.9415706,-0.9415722,1.8831125,6.2142715,0.1879040584707631
6.0,0.030651072357834548,-3.7933558e-05,-3.7933558e-05,-0.9415804,-0.9415804,-0.9415749,-0.94157326,1.883113,6.2142735,0.1880210802603139
6.0,0.030661072357834548,-3.5862082e-05,-3.5862082e-05,-0.9415746,-0.9415746,-0.9415684,-0.94157004,1.8831134,6.2142744,0.1881381020975484
6.0,0.03067107235783455,-3.793478e-05,-3.793478e-05,-0.9415786,-0.9415786,-0.94157314,-0.94157153,1.8831136,6.214275,0.18825512395385638
6.0,0.03068107235783455,-3.5863206e-05,-3.5863206e-05,-0.94157314,-0.94157314,-0.94156694,-0.9415686,1.8831139,6.2142754,0.1883721458387746
6.0,0.03069107235783455,-3.7935526e-05,-3.7935526e-05,-0.9415775,-0.9415775,-0.94157195,-0.94157034,1.8831141,6.2142763,0.18848916775230304
6.0,0.03070107235783455,-3.5863937e-05,-3.5863937e-05,-0.9415722,-0.9415722,-0.941566,-0.9415676,1.8831142,6.2142773,0.1886061896944417
6.0,0.03071107235783455,-3.7935955e-05,-3.7935955e-05,-0.94157666,-0.94157666,-0.9415712,-0.94156957,1.8831145,6.2142773,0.1887232116461171
6.0,0.03072107235783455,-3.5864417e-05,-3.5864417e-05,-0.94157153,-0.94157153,-0.94156533,-0.941567,1.8831145,6.214278,0.188840233616866
6.0,0.03073107235783455,-3.7936177e-05,-3.7936177e-05,-0.9415762,-0.9415762,-0.94157064,-0.94156903,1.8831146,6.2142777,0.1889572555876149
6.0,0.030741072357834548,-3.5864723e-05,-3.5864723e-05,-0.9415711,-0.9415711,-0.9415649,-0.9415666,1.8831147,6.214278,0.18907427757743728
6.0,0.030751072357834548,-3.793626e-05,-3.793626e-05,-0.9415758,-0.9415758,-0.9415703,-0.9415687,1.8831148,6.214279,0.18919129958633316
6.0,0.03076107235783455,-3.586492e-05,-3.586492e-05,-0.9415708,-0.9415708,-0.9415647,-0.9415663,1.8831148,6.214279,0.18930832159522903
6.0,0.03077107235783455,-3.7936254e-05,-3.7936254e-05,-0.9415756,-0.9415756,-0.9415701,-0.94156843,1.8831149,6.214279,0.18942534361366165
6.0,0.03078107235783455,-3.5865043e-05,-3.5865043e-05,-0.94157064,-0.94157064,-0.94156444,-0.9415661,1.8831149,6.214279,0.18954236563209426
6.0,0.03079107235783455,-3.7936188e-05,-3.7936188e-05,-0.9415754,-0.9415754,-0.9415699,-0.9415683,1.8831149,6.214279,0.18965938765052687
6.0,0.03080107235783455,-3.5865123e-05,-3.5865123e-05,-0.9415705,-0.9415705,-0.9415643,-0.941566,1.8831149,6.214279,0.18977640966895948
6.0,0.03081107235783455,-3.7936086e-05,-3.7936086e-05,-0.94157535,-0.94157535,-0.9415698,-0.9415682,1.883115,6.21428,0.18989343171600231
6.0,0.030821072357834548,-3.5865167e-05,-3.5865167e-05,-0.94157046,-0.94157046,-0.94156426,-0.9415659,1.883115,6.214279,0.19001045374397166
6.0,0.030831072357834548,-3.793596e-05,-3.793596e-05,-0.9415753,-0.9415753,-0.94156975,-0.94156814,1.883115,6.21428,0.19012747579101452
6.0,0.03084107235783455,-3.5865196e-05,-3.5865196e-05,-0.9415704,-0.9415704,-0.9415642,-0.9415658,1.883115,6.214279,0.1902444978189839
6.0,0.03085107235783455,-3.7935817e-05,-3.7935817e-05,-0.9415752,-0.9415752,-0.9415697,-0.9415681,1.883115,6.21428,0.19036151986602673
6.0,0.03086107235783455,-3.5865214e-05,-3.5865214e-05,-0.94157034,-0.94157034,-0.94156414,-0.9415658,1.8831152,6.21428,0.19047854192260633
6.0,0.03087107235783455,-3.7935668e-05,-3.7935668e-05,-0.94157517,-0.94157517,-0.9415697,-0.9415681,1.8831152,6.21428,0.19059556397918592
6.0,0.03088107235783455,-3.5865225e-05,-3.5865225e-05,-0.94157034,-0.94157034,-0.94156414,-0.94156575,1.8831152,6.21428,0.19071258603576552
6.0,0.03089107235783455,-3.793551e-05,-3.793551e-05,-0.94157517,-0.94157517,-0.9415697,-0.941568,1.8831152,6.21428,0.19082960809234512
6.0,0.03090107235783455,-3.586523e-05,-3.586523e-05,-0.94157034,-0.94157034,-0.94156414,-0.94156575,1.8831152,6.21428,0.1909466301489247
6.0,0.030911072357834548,-3.7935355e-05,-3.7935355e-05,-0.94157517,-0.94157517,-0.9415696,-0.941568,1.8831152,6.2142797,0.19106365219596755
6.0,0.030921072357834548,-3.5865236e-05,-3.5865236e-05,-0.9415703,-0.9415703,-0.94156414,-0.94156575,1.8831152,6.21428,0.19118067425254714
6.0,0.03093107235783455,-3.7935195e-05,-3.7935195e-05,-0.94157517,-0.94157517,-0.9415696,-0.941568,1.8831152,6.2142797,0.19129769629959
6.0,0.03094107235783455,-3.586524e-05,-3.586524e-05,-0.9415703,-0.9415703,-0.94156414,-0.94156575,1.8831152,6.21428,0.1914147183561696
6.0,0.03095107235783455,-3.793504e-05,-3.793504e-05,-0.94157517,-0.94157517,-0.9415696,-0.941568,1.8831152,6.2142806,0.1915317404127492
6.0,0.03096107235783455,-3.5865247e-05,-3.5865247e-05,-0.9415703,-0.9415703,-0.94156414,-0.94156575,1.8831153,6.21428,0.1916487624693288
6.0,0.03097107235783455,-3.7934882e-05,-3.7934882e-05,-0.94157517,-0.94157517,-0.9415696,-0.941568,1.8831153,6.2142806,0.19176578453544513
6.0,0.03098107235783455,-3.5865254e-05,-3.5865254e-05,-0.9415703,-0.9415703,-0.94156414,-0.94156575,1.8831153,6.21428,0.19188280659202472
6.0,0.030991072357834548,-3.7934726e-05,-3.7934726e-05,-0.94157517,-0.94157517,-0.9415696,-0.941568,1.8831153,6.2142806,0.19199355418752143
6.0,0.031000000001000002,-3.5865272e-05,-3.5865272e-05,-0.9415703,-0.9415703,-0.94156414,-0.94156575,1.8831153,6.21428,0.19204579075155404
6.0,0.031000000002,-3.5815538e-05,-3.5815538e-05,-0.94157004,-0.94157004,-0.94156444,-0.9415653,1.8831153,6.21428,0.19204579085102277
6.0,0.031000000018,-3.5813486e-05,-3.5813486e-05,-0.94157153,-0.94157153,-0.9415657,-0.941565,1.8831153,6.21428,0.1920457911318757
6.0,0.03100000005,-3.611503e-05,-3.611503e-05,-0.94157237,-0.94157237,-0.9415665,-0.941567,1.8831153,6.21428,0.19204579169358157
6.0,0.031000000114,-3.6762995e-05,-3.6762995e-05,-0.94157255,-0.94157255,-0.9415667,-0.9415662,1.8831153,6.21428,0.19204579281699333
6.0,0.031000000242,-3.680588e-05,-3.680588e-05,-0.94157284,-0.94157284,-0.941567,-0.94156736,1.8831153,6.21428,0.1920457950638168
6.0,0.031000000498,-3.6958318e-05,-3.6958318e-05,-0.94157267,-0.94157267,-0.94156677,-0.9415664,1.8831153,6.21428,0.1920457995574638
6.0,0.03100000101,-3.6836725e-05,-3.6836725e-05,-0.9415728,-0.9415728,-0.94156694,-0.94156736,1.8831153,6.21428,0.19204580854475772
6.0,0.031000002034,-3.695877e-05,-3.695877e-05,-0.94157267,-0.94157267,-0.9415668,-0.9415664,1.8831153,6.21428,0.1920458265193456
6.0,0.031000004081999998,-3.6839338e-05,-3.6839338e-05,-0.9415728,-0.9415728,-0.94156694,-0.94156736,1.8831153,6.21428,0.19204586246852134
6.0,0.031000008177999996,-3.6960533e-05,-3.6960533e-05,-0.94157267,-0.94157267,-0.9415668,-0.9415664,1.8831153,6.21428,0.19204593436687287
6.0,0.03100001636999999,-3.6839436e-05,-3.6839436e-05,-0.9415728,-0.9415728,-0.94156694,-0.94156736,1.8831153,6.21428,0.1920460781635759
6.0,0.03100003275399998,-3.6960482e-05,-3.6960482e-05,-0.94157267,-0.94157267,-0.9415668,-0.9415664,1.8831153,6.21428,0.19204636575698197
6.0,0.03100006552199996,-3.6839458e-05,-3.6839458e-05,-0.9415728,-0.9415728,-0.94156694,-0.94156736,1.8831153,6.21428,0.19204694094379413
6.0,0.03100013105799992,-3.696046e-05,-3.696046e-05,-0.94157267,-0.94157267,-0.9415668,-0.9415664,1.8831153,6.21428,0.19204809131741843
6.0,0.03100026212999984,-3.6839458e-05,-3.6839458e-05,-0.9415728,-0.9415728,-0.94156694,-0.94156736,1.8831153,6.21428,0.19205039206466704
6.0,0.031000524273999682,-3.6960457e-05,-3.6960457e-05,-0.94157267,-0.94157267,-0.9415668,-0.9415664,1.8831153,6.21428,0.19205499355916425
6.0,0.031001048561999364,-3.6839458e-05,-3.6839458e-05,-0.9415728,-0.9415728,-0.94156694,-0.94156736,1.8831153,6.21428,0.19206419654815865
6.0,0.031002097137998726,-3.696045e-05,-3.696045e-05,-0.94157267,-0.94157267,-0.9415668,-0.9415664,1.8831153,6.21428,0.19208260252614748
6.0,0.031004194289997452,-3.6839447e-05,-3.6839447e-05,-0.9415728,-0.9415728,-0.94156694,-0.94156736,1.8831153,6.21428,0.1921194144821251
6.0,0.031008388593994903,-3.6960428e-05,-3.6960428e-05,-0.94157267,-0.94157267,-0.9415668,-0.9415664,1.8831153,6.21428,0.19219303839408036
6.0,0.031016777201989806,-3.6839403e-05,-3.6839403e-05,-0.9415728,-0.9415728,-0.94156694,-0.94156736,1.8831153,6.21428,0.19230063203034034
6.0,0.031026777201989805,-3.6960362e-05,-3.6960362e-05,-0.94157267,-0.94157267,-0.9415668,-0.9415664,1.8831153,6.21428,0.19241765408691994
6.0,0.031036777201989805,-3.683933e-05,-3.683933e-05,-0.9415728,-0.9415728,-0.94156694,-0.94156736,1.8831153,6.21428,0.19253467614349953
6.0,0.031046777201989804,-3.6960293e-05,-3.6960293e-05,-0.94157267,-0.94157267,-0.9415668,-0.9415664,1.8831153,6.21428,0.19265169820007913
6.0,0.031056777201989804,-3.6839265e-05,-3.6839265e-05,-0.9415728,-0.9415728,-0.94156694,-0.94156736,1.8831153,6.21428,0.19276872025665873
6.0,0.031066777201989807,-3.6960224e-05,-3.6960224e-05,-0.94157267,-0.94157267,-0.9415668,-0.9415664,1.8831153,6.21428,0.19288574231323832
6.0,0.031076777201989807,-3.6839196e-05,-3.6839196e-05,-0.9415728,-0.9415728,-0.941567,-0.94156736,1.8831153,6.21428,0.19300276436981792
6.0,0.031086777201989806,-3.696016e-05,-3.696016e-05,-0.94157267,-0.94157267,-0.9415668,-0.9415664,1.8831153,6.21428,0.19311978642639752
6.0,0.031096777201989806,-3.6839134e-05,-3.6839134e-05,-0.9415728,-0.9415728,-0.941567,-0.94156736,1.8831153,6.21428,0.1932368084829771
6.0,0.031106777201989805,-3.6960097e-05,-3.6960097e-05,-0.94157267,-0.94157267,-0.9415668,-0.9415664,1.8831153,6.21428,0.1933538305395567
6.0,0.031116777201989805,-3.683907e-05,-3.683907e-05,-0.9415728,-0.9415728,-0.941567,-0.94156736,1.8831154,6.21428,0.19347085260567304
6.0,0.031126777201989805,-3.6960035e-05,-3.6960035e-05,-0.94157267,-0.94157267,-0.9415668,-0.94156647,1.8831154,6.214281,0.19358787469086286
6.0,0.031136777201989804,-3.683901e-05,-3.683901e-05,-0.94157284,-0.94157284,-0.941567,-0.94156736,1.8831154,6.214281,0.19370489677605268
6.0,0.031146777201989807,-3.6959973e-05,-3.6959973e-05,-0.94157267,-0.94157267,-0.9415668,-0.94156647,1.8831154,6.214281,0.1938219188612425
6.0,0.031156777201989807,-3.683895e-05,-3.683895e-05,-0.94157284,-0.94157284,-0.941567,-0.94156736,1.8831154,6.214281,0.19393894094643233
6.0,0.031166777201989807,-3.6959915e-05,-3.6959915e-05,-0.94157267,-0.94157267,-0.9415668,-0.94156647,1.8831154,6.214281,0.19405596303162215
6.0,0.031176777201989806,-3.6838894e-05,-3.6838894e-05,-0.94157284,-0.94157284,-0.941567,-0.94156736,1.8831154,6.214281,0.19417298511681197
6.0,0.031186777201989806,-3.695986e-05,-3.695986e-05,-0.94157267,-0.94157267,-0.9415668,-0.94156647,1.8831154,6.214281,0.1942900072020018
6.0,0.031196777201989805,-3.6838836e-05,-3.6838836e-05,-0.94157284,-0.94157284,-0.941567,-0.94156736,1.8831154,6.214281,0.1944070292871916
6.0,0.031206777201989805,-3.6959802e-05,-3.6959802e-05,-0.94157267,-0.94157267,-0.9415668,-0.94156647,1.8831154,6.214281,0.19452405137238143
6.0,0.031216777201989804,-3.683878e-05,-3.683878e-05,-0.94157284,-0.94157284,-0.941567,-0.94156736,1.8831154,6.214281,0.19464107345757126
6.0,0.031226777201989804,-3.695975e-05,-3.695975e-05,-0.94157267,-0.94157267,-0.9415668,-0.94156647,1.8831154,6.214281,0.19475809554276108
6.0,0.031236777201989807,-3.683873e-05,-3.683873e-05,-0.94157284,-0.94157284,-0.941567,-0.94156736,1.8831154,6.214281,0.1948751176279509
6.0,0.031246777201989807,-3.6959696e-05,-3.6959696e-05,-0.9415727,-0.9415727,-0.9415668,-0.94156647,1.8831154,6.214281,0.19499213971314072
6.0,0.031256777201989806,-3.683868e-05,-3.683868e-05,-0.94157284,-0.94157284,-0.941567,-0.94156736,1.8831154,6.214281,0.19510916179833052
6.0,0.0312667772019898,-3.6959646e-05,-3.6959646e-05,-0.9415727,-0.9415727,-0.9415668,-0.94156647,1.8831154,6.214281,0.19522618388352034
6.0,0.031276777201989805,-3.6838628e-05,-3.6838628e-05,-0.94157284,-0.94157284,-0.941567,-0.94156736,1.8831154,6.214281,0.1953432059687102
6.0,0.03128677720198981,-3.69596e-05,-3.69596e-05,-0.9415727,-0.9415727,-0.9415668,-0.94156647,1.8831154,6.214281,0.1954602280539
6.0,0.031296777201989805,-3.683858e-05,-3.683858e-05,-0.94157284,-0.94157284,-0.941567,-0.94156736,1.8831154,6.214281,0.19557725013908983
6.0,0.03130677720198981,-3.695955e-05,-3.695955e-05,-0.9415727,-0.9415727,-0.9415668,-0.94156647,1.8831154,6.214281,0.19569427222427965
6.0,0.031316777201989804,-3.6838534e-05,-3.6838534e-05,-0.94157284,-0.94157284,-0.941567,-0.94156736,1.8831154,6.214281,0.19581129430946947
6.0,0.03132677720198981,-3.6959504e-05,-3.6959504e-05,-0.9415727,-0.9415727,-0.9415668,-0.94156647,1.8831155,6.214281,0.19592831640419603
6.0,0.0313367772019898,-3.6838486e-05,-3.6838486e-05,-0.94157284,-0.94157284,-0.941567,-0.94156736,1.8831155,6.214281,0.19604533849892258
6.0,0.031346777201989806,-3.6959456e-05,-3.6959456e-05,-0.9415727,-0.9415727,-0.9415668,-0.94156647,1.8831155,6.214281,0.19616236059364914
6.0,0.0313567772019898,-3.6838443e-05,-3.6838443e-05,-0.94157284,-0.94157284,-0.941567,-0.94156736,1.8831155,6.214281,0.1962793826883757
6.0,0.031366777201989805,-3.6959413e-05,-3.6959413e-05,-0.9415727,-0.9415727,-0.9415668,-0.94156647,1.8831155,6.214281,0.1963964047831023
6.0,0.03137677720198981,-3.68384e-05,-3.68384e-05,-0.94157284,-0.94157284,-0.941567,-0.9415674,1.8831155,6.214281,0.19651342687782886
6.0,0.031386777201989804,-3.695937e-05,-3.695937e-05,-0.9415727,-0.9415727,-0.9415668,-0.94156647,1.8831155,6.214281,0.1966304489725554
6.0,0.03139677720198981,-3.6838355e-05,-3.6838355e-05,-0.94157284,-0.94157284,-0.941567,-0.9415674,1.8831155,6.214281,0.19674747106728196
6.0,0.031406777201989804,-3.695933e-05,-3.695933e-05,-0.9415727,-0.9415727,-0.9415668,-0.94156647,1.8831155,6.214281,0.19686449316200852
6.0,0.03141677720198981,-3.6838315e-05,-3.6838315e-05,-0.94157284,-0.94157284,-0.941567,-0.9415674,1.8831155,6.214281,0.19698151525673507
6.0,0.0314267772019898,-3.6959285e-05,-3.6959285e-05,-0.9415727,-0.9415727,-0.9415668,-0.94156647,1.8831155,6.214281,0.19709853735146163
6.0,0.031436777201989806,-3.6838275e-05,-3.6838275e-05,-0.94157284,-0.94157284,-0.941567,-0.9415674,1.8831155,6.214281,0.19721555944618824
6.0,0.03144677720198981,-3.695925e-05,-3.695925e-05,-0.9415727,-0.9415727,-0.9415669,-0.94156647,1.8831155,6.214281,0.1973325815409148
6.0,0.031456777201989805,-3.6838235e-05,-3.6838235e-05,-0.94157284,-0.94157284,-0.941567,-0.9415674,1.8831155,6.214281,0.19744960363564135
6.0,0.03146677720198981,-3.695921e-05,-3.695921e-05,-0.9415727,-0.9415727,-0.9415669,-0.94156647,1.8831155,6.214281,0.1975666257303679
6.0,0.031476777201989804,-3.68382e-05,-3.68382e-05,-0.94157284,-0.94157284,-0.941567,-0.9415674,1.8831155,6.214281,0.19768364782509446
6.0,0.03148677720198981,-3.6959173e-05,-3.6959173e-05,-0.9415727,-0.9415727,-0.9415669,-0.94156647,1.8831155,6.214282,0.1978006699388945
6.0,0.0314967772019898,-3.6838162e-05,-3.6838162e-05,-0.94157284,-0.94157284,-0.941567,-0.9415674,1.8831155,6.214282,0.19791769205269455
6.0,0.031506777201989807,-3.6959136e-05,-3.6959136e-05,-0.9415727,-0.9415727,-0.9415669,-0.94156647,1.8831155,6.214282,0.1980347141664946
6.0,0.0315167772019898,-3.6838126e-05,-3.6838126e-05,-0.94157284,-0.94157284,-0.941567,-0.9415674,1.8831155,6.214282,0.19815173628029464
6.0,0.031526777201989806,-3.69591e-05,-3.69591e-05,-0.9415727,-0.9415727,-0.9415669,-0.94156647,1.8831155,6.214282,0.19826875839409472
6.0,0.03153677720198981,-3.683809e-05,-3.683809e-05,-0.94157284,-0.94157284,-0.94156706,-0.9415674,1.8831155,6.214282,0.19838578050789477
6.0,0.031546777201989805,-3.6959067e-05,-3.6959067e-05,-0.9415727,-0.9415727,-0.9415669,-0.94156647,1.8831155,6.214282,0.1985028026216948
6.0,0.03155677720198981,-3.6838057e-05,-3.6838057e-05,-0.94157284,-0.94157284,-0.94156706,-0.9415674,1.8831155,6.214282,0.19861982473549486
6.0,0.031566777201989804,-3.695903e-05,-3.695903e-05,-0.9415727,-0.9415727,-0.9415669,-0.94156647,1.8831155,6.214282,0.1987368468492949
6.0,0.03157677720198981,-3.6838024e-05,-3.6838024e-05,-0.94157284,-0.94157284,-0.94156706,-0.9415674,1.8831155,6.214282,0.19885386896309495
6.0,0.0315867772019898,-3.6958998e-05,-3.6958998e-05,-0.9415727,-0.9415727,-0.9415669,-0.94156647,1.8831155,6.214282,0.198970891076895
6.0,0.031596777201989806,-3.683799e-05,-3.683799e-05,-0.94157284,-0.94157284,-0.94156706,-0.9415674,1.8831155,6.214282,0.19908791319069505
6.0,0.0316067772019898,-3.695897e-05,-3.695897e-05,-0.9415727,-0.9415727,-0.9415669,-0.94156647,1.8831155,6.2142816,0.19920493529495836
6.0,0.031616777201989806,-3.683796e-05,-3.683796e-05,-0.9415729,-0.9415729,-0.94156706,-0.9415674,1.8831155,6.2142816,0.1993219573992217
6.0,0.03162677720198981,-3.6958936e-05,-3.6958936e-05,-0.9415727,-0.9415727,-0.9415669,-0.9415665,1.8831156,6.2142816,0.19943897950348502
6.0,0.031636777201989805,-3.683793e-05,-3.683793e-05,-0.9415729,-0.9415729,-0.94156706,-0.9415674,1.8831156,6.2142816,0.19955600160774833
6.0,0.03164677720198981,-3.6958907e-05,-3.6958907e-05,-0.9415727,-0.9415727,-0.9415669,-0.9415665,1.8831156,6.2142816,0.19967302371201165
6.0,0.031656777201989804,-3.68379e-05,-3.68379e-05,-0.9415729,-0.9415729,-0.94156706,-0.9415674,1.8831156,6.2142816,0.19979004581627496
6.0,0.03166677720198981,-3.6958878e-05,-3.6958878e-05,-0.9415727,-0.9415727,-0.9415669,-0.9415665,1.8831156,6.2142816,0.19990706792053828
6.0,0.0316767772019898,-3.683787e-05,-3.683787e-05,-0.9415729,-0.9415729,-0.94156706,-0.9415674,1.8831156,6.2142816,0.2000240900248016
6.0,0.031686777201989806,-3.695885e-05,-3.695885e-05,-0.9415727,-0.9415727,-0.9415669,-0.9415665,1.8831156,6.2142816,0.2001411121290649
6.0,0.0316967772019898,-3.6837842e-05,-3.6837842e-05,-0.9415729,-0.9415729,-0.94156706,-0.9415674,1.8831156,6.2142816,0.20025813423332822
6.0,0.031706777201989805,-3.6958823e-05,-3.6958823e-05,-0.9415727,-0.9415727,-0.9415669,-0.9415665,1.8831156,6.2142816,0.20037515633759156
6.0,0.03171677720198981,-3.6837817e-05,-3.6837817e-05,-0.9415729,-0.9415729,-0.94156706,-0.9415674,1.8831156,6.2142816,0.20049217844185488
6.0,0.031726777201989804,-3.6958794e-05,-3.6958794e-05,-0.9415727,-0.9415727,-0.9415669,-0.9415665,1.8831156,6.2142816,0.2006092005461182
6.0,0.03173677720198981,-3.683779e-05,-3.683779e-05,-0.9415729,-0.9415729,-0.94156706,-0.9415674,1.8831156,6.2142816,0.2007262226503815
6.0,0.031746777201989804,-3.695877e-05,-3.695877e-05,-0.9415727,-0.9415727,-0.9415669,-0.9415665,1.8831156,6.2142816,0.20084324475464482
6.0,0.03175677720198981,-3.6837766e-05,-3.6837766e-05,-0.9415729,-0.9415729,-0.94156706,-0.9415674,1.8831156,6.2142816,0.20096026685890814
6.0,0.0317667772019898,-3.6958743e-05,-3.6958743e-05,-0.9415727,-0.9415727,-0.9415669,-0.9415665,1.8831156,6.2142816,0.20107728896317145
6.0,0.031776777201989806,-3.683774e-05,-3.683774e-05,-0.9415729,-0.9415729,-0.94156706,-0.9415674,1.8831156,6.2142816,0.2011943110674348
6.0,0.03178677720198981,-3.6958718e-05,-3.6958718e-05,-0.9415727,-0.9415727,-0.9415669,-0.9415665,1.8831156,6.2142816,0.2013113331716981
6.0,0.031796777201989805,-3.6837715e-05,-3.6837715e-05,-0.9415729,-0.9415729,-0.94156706,-0.9415674,1.8831156,6.2142816,0.20142835527596142
6.0,0.03180677720198981,-3.6958696e-05,-3.6958696e-05,-0.9415727,-0.9415727,-0.9415669,-0.9415665,1.8831156,6.2142816,0.20154537738022474
6.0,0.031816777201989804,-3.6837693e-05,-3.6837693e-05,-0.9415729,-0.9415729,-0.94156706,-0.9415674,1.8831156,6.2142816,0.20166239948448805
6.0,0.03182677720198981,-3.695867e-05,-3.695867e-05,-0.9415727,-0.9415727,-0.9415669,-0.9415665,1.8831156,6.2142816,0.20177942158875137
6.0,0.031836777201989803,-3.683767e-05,-3.683767e-05,-0.9415729,-0.9415729,-0.94156706,-0.9415674,1.8831156,6.2142816,0.20189644369301468
6.0,0.03184677720198981,-3.695865e-05,-3.695865e-05,-0.9415727,-0.9415727,-0.9415669,-0.9415665,1.8831156,6.2142816,0.202013465797278
6.0,0.0318567772019898,-3.6837646e-05,-3.6837646e-05,-0.9415729,-0.9415729,-0.94156706,-0.9415674,1.8831156,6.2142816,0.2021304879015413
6.0,0.031866777201989806,-3.6958627e-05,-3.6958627e-05,-0.9415728,-0.9415728,-0.9415669,-0.9415665,1.8831156,6.2142816,0.20224751000580465
6.0,0.03187677720198981,-3.6837624e-05,-3.6837624e-05,-0.9415729,-0.9415729,-0.94156706,-0.9415674,1.8831156,6.2142816,0.20236453211006797
6.0,0.031886777201989805,-3.6958605e-05,-3.6958605e-05,-0.9415728,-0.9415728,-0.9415669,-0.9415665,1.8831156,6.2142816,0.20248155421433128
6.0,0.03189677720198981,-3.6837606e-05,-3.6837606e-05,-0.9415729,-0.9415729,-0.94156706,-0.9415674,1.8831156,6.2142816,0.2025985763185946
6.0,0.031906777201989804,-3.6958583e-05,-3.6958583e-05,-0.9415728,-0.9415728,-0.9415669,-0.9415665,1.8831156,6.2142816,0.2027155984228579
6.0,0.03191677720198981,-3.6837584e-05,-3.6837584e-05,-0.9415729,-0.9415729,-0.94156706,-0.9415674,1.8831156,6.2142816,0.20283262052712123
6.0,0.0319267772019898,-3.6958565e-05,-3.6958565e-05,-0.9415728,-0.9415728,-0.9415669,-0.9415665,1.8831156,6.2142816,0.20294964263138454
6.0,0.031936777201989806,-3.6837566e-05,-3.6837566e-05,-0.9415729,-0.9415729,-0.94156706,-0.9415674,1.8831156,6.2142816,0.20306666473564786
6.0,0.0319467772019898,-3.6958543e-05,-3.6958543e-05,-0.9415728,-0.9415728,-0.9415669,-0.9415665,1.8831156,6.2142816,0.20318368683991117
6.0,0.031956777201989806,-3.6837544e-05,-3.6837544e-05,-0.9415729,-0.9415729,-0.94156706,-0.9415674,1.8831156,6.2142816,0.2033007089441745
6.0,0.03196677720198981,-3.6958525e-05,-3.6958525e-05,-0.9415728,-0.9415728,-0.9415669,-0.9415665,1.8831156,6.2142816,0.20341773104843783
6.0,0.031976777201989805,-3.6837526e-05,-3.6837526e-05,-0.9415729,-0.9415729,-0.94156706,-0.9415674,1.8831156,6.2142816,0.20353475315270114
6.0,0.03198677720198981,-3.6958507e-05,-3.6958507e-05,-0.9415728,-0.9415728,-0.9415669,-0.9415665,1.8831156,6.2142816,0.20365177525696446
6.0,0.031996777201989804,-3.6837508e-05,-3.6837508e-05,-0.9415729,-0.9415729,-0.94156706,-0.9415674,1.8831156,6.2142816,0.20376879736122777
6.0,0.03200677720198981,-3.695849e-05,-3.695849e-05,-0.9415728,-0.9415728,-0.9415669,-0.9415665,1.8831156,6.2142816,0.20388581946549109
6.0,0.0320167772019898,-3.683749e-05,-3.683749e-05,-0.9415729,-0.9415729,-0.94156706,-0.9415674,1.8831156,6.2142816,0.2040028415697544
6.0,0.032026777201989806,-3.695847e-05,-3.695847e-05,-0.9415728,-0.9415728,-0.9415669,-0.9415665,1.8831156,6.2142816,0.20411986367401772
6.0,0.0320367772019898,-3.6837475e-05,-3.6837475e-05,-0.9415729,-0.9415729,-0.94156706,-0.9415674,1.8831156,6.2142816,0.20423688577828103
6.0,0.032046777201989805,-3.6958456e-05,-3.6958456e-05,-0.9415728,-0.9415728,-0.9415669,-0.9415665,1.8831156,6.2142816,0.20435390788254437
6.0,0.03205677720198981,-3.6837457e-05,-3.6837457e-05,-0.9415729,-0.9415729,-0.94156706,-0.9415674,1.8831156,6.2142816,0.2044709299868077
6.0,0.032066777201989805,-3.6958438e-05,-3.6958438e-05,-0.9415728,-0.9415728,-0.9415669,-0.9415665,1.8831156,6.2142816,0.204587952091071
6.0,0.03207677720198981,-3.6837442e-05,-3.6837442e-05,-0.9415729,-0.9415729,-0.94156706,-0.9415674,1.8831156,6.2142816,0.20470497419533432
6.0,0.032086777201989804,-3.6958423e-05,-3.6958423e-05,-0.9415728,-0.9415728,-0.9415669,-0.9415665,1.8831156,6.2142816,0.20482199629959763
6.0,0.03209677720198981,-3.6837424e-05,-3.6837424e-05,-0.9415729,-0.9415729,-0.94156706,-0.9415674,1.8831156,6.2142816,0.20493901840386095
6.0,0.0321067772019898,-3.6958405e-05,-3.6958405e-05,-0.9415728,-0.9415728,-0.9415669,-0.9415665,1.8831156,6.2142816,0.20505604050812426
6.0,0.032116777201989806,-3.683741e-05,-3.683741e-05,-0.9415729,-0.9415729,-0.94156706,-0.9415674,1.8831156,6.2142816,0.20517306261238757
6.0,0.0321267772019898,-3.695839e-05,-3.695839e-05,-0.9415728,-0.9415728,-0.9415669,-0.9415665,1.8831156,6.2142816,0.2052900847166509
6.0,0.032136777201989805,-3.6837395e-05,-3.6837395e-05,-0.9415729,-0.9415729,-0.94156706,-0.9415674,1.8831156,6.2142816,0.20540710682091423
6.0,0.03214677720198981,-3.6958376e-05,-3.6958376e-05,-0.9415728,-0.9415728,-0.9415669,-0.9415665,1.8831156,6.2142816,0.20552412892517755
6.0,0.032156777201989804,-3.683738e-05,-3.683738e-05,-0.9415729,-0.9415729,-0.94156706,-0.9415674,1.8831156,6.2142816,0.20564115102944086
6.0,0.03216677720198981,-3.695836e-05,-3.695836e-05,-0.9415728,-0.9415728,-0.9415669,-0.9415665,1.8831158,6.214281,0.20575817313370418
6.0,0.032176777201989804,-3.6837366e-05,-3.6837366e-05,-0.9415729,-0.9415729,-0.94156706,-0.9415674,1.8831158,6.214281,0.2058751952379675
6.0,0.03218677720198981,-3.6958347e-05,-3.6958347e-05,-0.9415728,-0.9415728,-0.9415669,-0.9415665,1.8831158,6.214281,0.2059922173422308
6.0,0.0321967772019898,-3.683735e-05,-3.683735e-05,-0.9415729,-0.9415729,-0.94156706,-0.9415675,1.8831158,6.214281,0.20610923944649412
6.0,0.032206777201989806,-3.6958336e-05,-3.6958336e-05,-0.9415728,-0.9415728,-0.9415669,-0.9415665,1.8831158,6.214281,0.20622626155075746
6.0,0.03221677720198981,-3.683734e-05,-3.683734e-05,-0.9415729,-0.9415729,-0.94156706,-0.9415675,1.8831158,6.214281,0.20634328365502078
6.0,0.032226777201989805,-3.695832e-05,-3.695832e-05,-0.9415728,-0.9415728,-0.9415669,-0.9415665,1.8831158,6.214281,0.2064603057592841
6.0,0.03223677720198981,-3.6837326e-05,-3.6837326e-05,-0.9415729,-0.9415729,-0.94156706,-0.9415675,1.8831158,6.214281,0.2065773278635474
6.0,0.032246777201989804,-3.6958307e-05,-3.6958307e-05,-0.9415728,-0.9415728,-0.9415669,-0.9415665,1.8831158,6.214281,0.20669434996781072
6.0,0.03225677720198981,-3.6837315e-05,-3.6837315e-05,-0.9415729,-0.9415729,-0.94156706,-0.9415675,1.8831158,6.214281,0.20681137207207403
6.0,0.0322667772019898,-3.6958296e-05,-3.6958296e-05,-0.9415728,-0.9415728,-0.9415669,-0.9415665,1.8831158,6.214282,0.20692839419541081
6.0,0.032276777201989806,-3.68373e-05,-3.68373e-05,-0.9415729,-0.9415729,-0.94156706,-0.9415675,1.8831158,6.214282,0.2070454163187476
6.0,0.0322867772019898,-3.6958285e-05,-3.6958285e-05,-0.9415728,-0.9415728,-0.9415669,-0.9415665,1.8831158,6.214282,0.20716243844208437
6.0,0.032296777201989806,-3.683729e-05,-3.683729e-05,-0.9415729,-0.9415729,-0.94156706,-0.9415675,1.8831158,6.214282,0.2072794605654212
6.0,0.03230677720198981,-3.695827e-05,-3.695827e-05,-0.9415728,-0.9415728,-0.9415669,-0.9415665,1.8831158,6.214282,0.207396482688758
6.0,0.032316777201989805,-3.683728e-05,-3.683728e-05,-0.9415729,-0.9415729,-0.94156706,-0.9415675,1.8831158,6.214282,0.20751350481209477
6.0,0.03232677720198981,-3.695826e-05,-3.695826e-05,-0.9415728,-0.9415728,-0.9415669,-0.9415665,1.8831158,6.214282,0.20763052693543155
6.0,0.032336777201989804,-3.6837268e-05,-3.6837268e-05,-0.9415729,-0.9415729,-0.94156706,-0.9415675,1.8831158,6.214282,0.20774754905876833
6.0,0.03234677720198981,-3.695825e-05,-3.695825e-05,-0.9415728,-0.9415728,-0.9415669,-0.9415665,1.8831158,6.214282,0.2078645711821051
6.0,0.0323567772019898,-3.6837257e-05,-3.6837257e-05,-0.9415729,-0.9415729,-0.94156706,-0.9415675,1.8831158,6.214282,0.2079815933054419
6.0,0.032366777201989806,-3.6958238e-05,-3.6958238e-05,-0.9415728,-0.9415728,-0.9415669,-0.9415665,1.8831158,6.214282,0.20809861542877867
6.0,0.0323767772019898,-3.6837246e-05,-3.6837246e-05,-0.9415729,-0.9415729,-0.94156706,-0.9415675,1.8831158,6.214282,0.20821563755211545
6.0,0.032386777201989805,-3.6958227e-05,-3.6958227e-05,-0.9415728,-0.9415728,-0.9415669,-0.9415665,1.8831158,6.214282,0.20833265967545228
6.0,0.03239677720198981,-3.6837235e-05,-3.6837235e-05,-0.9415729,-0.9415729,-0.94156706,-0.9415675,1.8831158,6.214282,0.20844968179878906
6.0,0.032406777201989805,-3.6958216e-05,-3.6958216e-05,-0.9415728,-0.9415728,-0.9415669,-0.9415665,1.8831158,6.214282,0.20856670392212584
6.0,0.03241677720198981,-3.6837224e-05,-3.6837224e-05,-0.9415729,-0.9415729,-0.94156706,-0.9415675,1.8831158,6.214282,0.20868372604546262
6.0,0.032426777201989804,-3.695821e-05,-3.695821e-05,-0.9415728,-0.9415728,-0.94156694,-0.9415665,1.8831158,6.214282,0.2088007481687994
6.0,0.03243677720198981,-3.6837217e-05,-3.6837217e-05,-0.9415729,-0.9415729,-0.94156706,-0.9415675,1.8831158,6.214282,0.20891777029213618
6.0,0.0324467772019898,-3.6958198e-05,-3.6958198e-05,-0.9415728,-0.9415728,-0.94156694,-0.9415665,1.8831158,6.214282,0.20903479241547296
6.0,0.032456777201989806,-3.6837206e-05,-3.6837206e-05,-0.9415729,-0.9415729,-0.94156706,-0.9415675,1.8831158,6.214282,0.20915181453880974
6.0,0.0324667772019898,-3.695819e-05,-3.695819e-05,-0.9415728,-0.9415728,-0.94156694,-0.9415665,1.8831158,6.214282,0.20926883666214652
6.0,0.032476777201989805,-3.68372e-05,-3.68372e-05,-0.9415729,-0.9415729,-0.94156706,-0.9415675,1.8831158,6.214282,0.20938585878548335
6.0,0.03248677720198981,-3.695818e-05,-3.695818e-05,-0.9415728,-0.9415728,-0.94156694,-0.9415665,1.8831158,6.214282,0.20950288090882013
6.0,0.032496777201989804,-3.6837188e-05,-3.6837188e-05,-0.9415729,-0.9415729,-0.94156706,-0.9415675,1.8831158,6.214282,0.2096199030321569
6.0,0.03250677720198981,-3.6958172e-05,-3.6958172e-05,-0.9415728,-0.9415728,-0.94156694,-0.9415665,1.8831158,6.214282,0.2097369251554937
6.0,0.032516777201989804,-3.683718e-05,-3.683718e-05,-0.9415729,-0.9415729,-0.94156706,-0.9415675,1.8831158,6.214282,0.20985394727883047
6.0,0.03252677720198981,-3.695816e-05,-3.695816e-05,-0.9415728,-0.9415728,-0.94156694,-0.9415665,1.8831158,6.214282,0.20997096940216725
6.0,0.0325367772019898,-3.6837173e-05,-3.6837173e-05,-0.9415729,-0.9415729,-0.94156706,-0.9415675,1.8831158,6.214282,0.21008799152550403
6.0,0.032546777201989806,-3.6958154e-05,-3.6958154e-05,-0.9415728,-0.9415728,-0.94156694,-0.9415665,1.8831158,6.214282,0.21020501364884087
6.0,0.03255677720198981,-3.6837162e-05,-3.6837162e-05,-0.9415729,-0.9415729,-0.94156706,-0.9415675,1.8831158,6.214282,0.21032203577217765
6.0,0.032566777201989805,-3.6958147e-05,-3.6958147e-05,-0.9415728,-0.9415728,-0.94156694,-0.9415665,1.8831158,6.214282,0.21043905789551443
6.0,0.03257677720198981,-3.6837155e-05,-3.6837155e-05,-0.9415729,-0.9415729,-0.94156706,-0.9415675,1.8831158,6.214282,0.2105560800188512
6.0,0.032586777201989804,-3.695814e-05,-3.695814e-05,-0.9415728,-0.9415728,-0.94156694,-0.9415665,1.8831158,6.214282,0.21067310214218798
6.0,0.03259677720198981,-3.6837147e-05,-3.6837147e-05,-0.9415729,-0.9415729,-0.94156706,-0.9415675,1.8831158,6.214282,0.21079012426552476
6.0,0.0326067772019898,-3.695813e-05,-3.695813e-05,-0.9415728,-0.9415728,-0.94156694,-0.9415665,1.8831158,6.214282,0.21090714638886154
6.0,0.032616777201989806,-3.683714e-05,-3.683714e-05,-0.9415729,-0.9415729,-0.94156706,-0.9415675,1.8831158,6.214282,0.21102416851219832
6.0,0.0326267772019898,-3.695812e-05,-3.695812e-05,-0.9415728,-0.9415728,-0.94156694,-0.9415665,1.8831158,6.214282,0.2111411906355351
6.0,0.032636777201989806,-3.6837133e-05,-3.6837133e-05,-0.9415729,-0.9415729,-0.94156706,-0.9415675,1.8831158,6.214282,0.21125821275887194
6.0,0.03264677720198981,-3.6958114e-05,-3.6958114e-05,-0.9415728,-0.9415728,-0.94156694,-0.9415665,1.8831158,6.214282,0.21137523488220872
6.0,0.032656777201989805,-3.6837126e-05,-3.6837126e-05,-0.9415729,-0.9415729,-0.94156706,-0.9415675,1.8831158,6.214282,0.2114922570055455
6.0,0.03266677720198981,-3.6958107e-05,-3.6958107e-05,-0.9415728,-0.9415728,-0.94156694,-0.9415665,1.8831158,6.214282,0.21160927912888228
6.0,0.032676777201989804,-3.683712e-05,-3.683712e-05,-0.9415729,-0.9415729,-0.94156706,-0.9415675,1.8831158,6.214282,0.21172630125221906
6.0,0.03268677720198981,-3.6958103e-05,-3.6958103e-05,-0.9415728,-0.9415728,-0.94156694,-0.9415665,1.8831158,6.214282,0.21184332337555584
6.0,0.0326967772019898,-3.683711e-05,-3.683711e-05,-0.9415729,-0.9415729,-0.94156706,-0.9415675,1.8831158,6.214282,0.21196034549889262
6.0,0.032706777201989806,-3.6958096e-05,-3.6958096e-05,-0.9415728,-0.9415728,-0.94156694,-0.9415665,1.8831158,6.214282,0.2120773676222294
6.0,0.0327167772019898,-3.6837107e-05,-3.6837107e-05,-0.9415729,-0.9415729,-0.94156706,-0.9415675,1.8831158,6.214282,0.21219438974556618
6.0,0.032726777201989805,-3.695809e-05,-3.695809e-05,-0.9415728,-0.9415728,-0.94156694,-0.9415665,1.8831158,6.214282,0.212311411868903
6.0,0.03273677720198981,-3.68371e-05,-3.68371e-05,-0.9415729,-0.9415729,-0.94156706,-0.9415675,1.8831158,6.214282,0.2124284339922398
6.0,0.032746777201989805,-3.695808e-05,-3.695808e-05,-0.9415728,-0.9415728,-0.94156694,-0.9415665,1.8831158,6.214282,0.21254545611557657
6.0,0.03275677720198981,-3.6837093e-05,-3.6837093e-05,-0.9415729,-0.9415729,-0.94156706,-0.9415675,1.8831158,6.214282,0.21266247823891335
6.0,0.032766777201989804,-3.6958078e-05,-3.6958078e-05,-0.9415728,-0.9415728,-0.94156694,-0.9415665,1.8831158,6.214282,0.21277950036225013
6.0,0.03277677720198981,-3.683709e-05,-3.683709e-05,-0.9415729,-0.9415729,-0.94156706,-0.9415675,1.8831158,6.214282,0.2128965224855869
6.0,0.0327867772019898,-3.695807e-05,-3.695807e-05,-0.9415728,-0.9415728,-0.94156694,-0.9415665,1.8831158,6.214282,0.2130135446089237
6.0,0.032796777201989806,-3.6837082e-05,-3.6837082e-05,-0.9415729,-0.9415729,-0.94156706,-0.9415675,1.8831158,6.214282,0.21313056673226047
6.0,0.0328067772019898,-3.6958063e-05,-3.6958063e-05,-0.9415728,-0.9415728,-0.94156694,-0.9415665,1.8831158,6.214282,0.21324758885559725
6.0,0.032816777201989805,-3.6837075e-05,-3.6837075e-05,-0.9415729,-0.9415729,-0.94156706,-0.9415675,1.8831158,6.214282,0.21336461097893408
6.0,0.03282677720198981,-3.695806e-05,-3.695806e-05,-0.9415728,-0.9415728,-0.94156694,-0.9415665,1.8831158,6.214282,0.21348163310227086
6.0,0.032836777201989804,-3.683707e-05,-3.683707e-05,-0.9415729,-0.9415729,-0.94156706,-0.9415675,1.8831158,6.214282,0.21359865522560764
6.0,0.03284677720198981,-3.6958052e-05,-3.6958052e-05,-0.9415728,-0.9415728,-0.94156694,-0.9415665,1.8831158,6.214282,0.21371567734894442
6.0,0.032856777201989804,-3.6837067e-05,-3.6837067e-05,-0.9415729,-0.9415729,-0.94156706,-0.9415675,1.8831158,6.214282,0.2138326994722812
6.0,0.03286677720198981,-3.695805e-05,-3.695805e-05,-0.9415728,-0.9415728,-0.94156694,-0.9415665,1.8831158,6.214282,0.21394972159561798
6.0,0.0328767772019898,-3.683706e-05,-3.683706e-05,-0.9415729,-0.9415729,-0.94156706,-0.9415675,1.8831158,6.214282,0.21406674371895476
6.0,0.032886777201989806,-3.695804e-05,-3.695804e-05,-0.9415728,-0.9415728,-0.94156694,-0.9415665,1.8831158,6.214282,0.2141837658422916
6.0,0.03289677720198981,-3.6837057e-05,-3.6837057e-05,-0.9415729,-0.9415729,-0.94156706,-0.9415675,1.8831158,6.214282,0.21430078796562838
6.0,0.032906777201989805,-3.6958038e-05,-3.6958038e-05,-0.9415728,-0.9415728,-0.94156694,-0.9415665,1.8831158,6.214282,0.21441781008896516
6.0,0.03291677720198981,-3.683705e-05,-3.683705e-05,-0.9415729,-0.9415729,-0.94156706,-0.9415675,1.8831158,6.214282,0.21453483221230193
6.0,0.032926777201989804,-3.6958034e-05,-3.6958034e-05,-0.9415728,-0.9415728,-0.94156694,-0.9415665,1.8831158,6.214282,0.21465185433563871
6.0,0.03293677720198981,-3.6837046e-05,-3.6837046e-05,-0.9415729,-0.9415729,-0.94156706,-0.9415675,1.8831158,6.214282,0.2147688764589755
6.0,0.0329467772019898,-3.6958027e-05,-3.6958027e-05,-0.9415728,-0.9415728,-0.94156694,-0.9415665,1.8831158,6.214282,0.21488589858231227
6.0,0.032956777201989806,-3.6837042e-05,-3.6837042e-05,-0.9415729,-0.9415729,-0.94156706,-0.9415675,1.8831158,6.214282,0.21500292070564905
6.0,0.0329667772019898,-3.6958023e-05,-3.6958023e-05,-0.9415728,-0.9415728,-0.94156694,-0.9415665,1.8831158,6.214282,0.21511994282898583
6.0,0.032976777201989806,-3.683704e-05,-3.683704e-05,-0.9415729,-0.9415729,-0.94156706,-0.9415675,1.8831158,6.214282,0.21523696495232267
6.0,0.03298677720198981,-3.695802e-05,-3.695802e-05,-0.9415728,-0.9415728,-0.94156694,-0.9415665,1.8831158,6.214282,0.21535398707565945
6.0,0.032996777201989805,-3.6837035e-05,-3.6837035e-05,-0.9415729,-0.9415729,-0.94156706,-0.9415675,1.8831158,6.214282,0.21547100919899623
6.0,0.03300677720198981,-3.6958016e-05,-3.6958016e-05,-0.9415728,-0.9415728,-0.94156694,-0.9415665,1.8831158,6.214282,0.215588031322333
6.0,0.033016777201989804,-3.6837027e-05,-3.6837027e-05,-0.9415729,-0.9415729,-0.9415671,-0.9415675,1.8831158,6.214282,0.2157050534456698
6.0,0.03302677720198981,-3.6958012e-05,-3.6958012e-05,-0.9415728,-0.9415728,-0.94156694,-0.9415665,1.8831158,6.214282,0.21582207556900657
6.0,0.0330367772019898,-3.6837024e-05,-3.6837024e-05,-0.9415729,-0.9415729,-0.9415671,-0.9415675,1.8831158,6.214282,0.21593909769234335
6.0,0.033046777201989806,-3.695801e-05,-3.695801e-05,-0.9415728,-0.9415728,-0.94156694,-0.9415665,1.8831158,6.214282,0.21605611981568013
6.0,0.0330567772019898,-3.683702e-05,-3.683702e-05,-0.9415729,-0.9415729,-0.9415671,-0.9415675,1.8831158,6.214282,0.2161731419390169
6.0,0.033066777201989805,-3.6958e-05,-3.6958e-05,-0.9415728,-0.9415728,-0.94156694,-0.9415665,1.8831158,6.214282,0.21629016406235374
6.0,0.03307677720198981,-3.6837017e-05,-3.6837017e-05,-0.9415729,-0.9415729,-0.9415671,-0.9415675,1.8831158,6.214282,0.21640718618569052
6.0,0.033086777201989805,-3.6957998e-05,-3.6957998e-05,-0.9415728,-0.9415728,-0.94156694,-0.9415665,1.8831158,6.214282,0.2165242083090273
6.0,0.03309677720198981,-3.6837013e-05,-3.6837013e-05,-0.9415729,-0.9415729,-0.9415671,-0.9415675,1.8831158,6.214282,0.21664123043236408
6.0,0.033106777201989804,-3.6957994e-05,-3.6957994e-05,-0.9415728,-0.9415728,-0.94156694,-0.9415665,1.8831158,6.214282,0.21675825255570086
6.0,0.03311677720198981,-3.683701e-05,-3.683701e-05,-0.9415729,-0.9415729,-0.9415671,-0.9415675,1.8831158,6.214282,0.21687527467903764
6.0,0.0331267772019898,-3.695799e-05,-3.695799e-05,-0.9415728,-0.9415728,-0.94156694,-0.9415665,1.8831158,6.214282,0.21699229680237442
6.0,0.033136777201989806,-3.6837006e-05,-3.6837006e-05,-0.9415729,-0.9415729,-0.9415671,-0.9415675,1.8831158,6.214282,0.2171093189257112
6.0,0.0331467772019898,-3.6957987e-05,-3.6957987e-05,-0.9415728,-0.9415728,-0.94156694,-0.9415665,1.8831158,6.214282,0.21722634104904798
6.0,0.033156777201989805,-3.6837002e-05,-3.6837002e-05,-0.9415729,-0.9415729,-0.9415671,-0.9415675,1.8831158,6.214282,0.2173433631723848
6.0,0.03316677720198981,-3.6957983e-05,-3.6957983e-05,-0.9415728,-0.9415728,-0.94156694,-0.9415665,1.8831158,6.214282,0.2174603852957216
6.0,0.033176777201989804,-3.6837e-05,-3.6837e-05,-0.9415729,-0.9415729,-0.9415671,-0.9415675,1.8831158,6.214282,0.21757740741905837
6.0,0.03318677720198981,-3.6957983e-05,-3.6957983e-05,-0.9415728,-0.9415728,-0.94156694,-0.9415665,1.8831158,6.214282,0.21769442954239515
6.0,0.033196777201989804,-3.6837e-05,-3.6837e-05,-0.9415729,-0.9415729,-0.9415671,-0.9415675,1.8831158,6.214282,0.21781145166573193
6.0,0.03320677720198981,-3.695798e-05,-3.695798e-05,-0.9415728,-0.9415728,-0.94156694,-0.9415665,1.8831158,6.214282,0.2179284737890687
6.0,0.0332167772019898,-3.6836995e-05,-3.6836995e-05,-0.9415729,-0.9415729,-0.9415671,-0.9415675,1.8831158,6.214282,0.2180454959124055
6.0,0.033226777201989806,-3.6957976e-05,-3.6957976e-05,-0.9415728,-0.9415728,-0.94156694,-0.9415665,1.8831158,6.214282,0.21816251803574233
6.0,0.03323677720198981,-3.683699e-05,-3.683699e-05,-0.9415729,-0.9415729,-0.9415671,-0.9415675,1.8831158,6.214282,0.2182795401590791
6.0,0.033246777201989805,-3.6957972e-05,-3.6957972e-05,-0.9415728,-0.9415728,-0.94156694,-0.9415665,1.8831158,6.214282,0.21839656228241588
6.0,0.03325677720198981,-3.6836987e-05,-3.6836987e-05,-0.9415729,-0.9415729,-0.9415671,-0.9415675,1.8831158,6.214282,0.21851358440575266
6.0,0.033266777201989804,-3.695797e-05,-3.695797e-05,-0.9415728,-0.9415728,-0.94156694,-0.9415665,1.8831158,6.214282,0.21863060652908944
6.0,0.03327677720198981,-3.6836984e-05,-3.6836984e-05,-0.9415729,-0.9415729,-0.9415671,-0.9415675,1.8831158,6.214282,0.21874762865242622
6.0,0.0332867772019898,-3.6957965e-05,-3.6957965e-05,-0.9415728,-0.9415728,-0.94156694,-0.9415665,1.8831158,6.214282,0.218864650775763
6.0,0.033296777201989806,-3.6836984e-05,-3.6836984e-05,-0.9415729,-0.9415729,-0.9415671,-0.9415675,1.8831158,6.214282,0.21898167289909978
6.0,0.0333067772019898,-3.6957965e-05,-3.6957965e-05,-0.9415728,-0.9415728,-0.94156694,-0.9415665,1.8831158,6.214282,0.21909869502243656
6.0,0.033316777201989806,-3.683698e-05,-3.683698e-05,-0.9415729,-0.9415729,-0.9415671,-0.9415675,1.8831158,6.214282,0.2192157171457734
6.0,0.03332677720198981,-3.695796e-05,-3.695796e-05,-0.9415728,-0.9415728,-0.94156694,-0.9415665,1.8831158,6.214282,0.21933273926911018
6.0,0.033336777201989805,-3.6836977e-05,-3.6836977e-05,-0.9415729,-0.9415729,-0.9415671,-0.9415675,1.8831158,6.214282,0.21944976139244696
6.0,0.03334677720198981,-3.6957957e-05,-3.6957957e-05,-0.9415728,-0.9415728,-0.94156694,-0.9415665,1.8831158,6.214282,0.21956678351578374
6.0,0.033356777201989804,-3.6836973e-05,-3.6836973e-05,-0.9415729,-0.9415729,-0.9415671,-0.9415675,1.8831158,6.214282,0.21968380563912052
6.0,0.03336677720198981,-3.6957954e-05,-3.6957954e-05,-0.9415728,-0.9415728,-0.94156694,-0.9415665,1.8831158,6.214282,0.2198008277624573
6.0,0.0333767772019898,-3.6836973e-05,-3.6836973e-05,-0.9415729,-0.9415729,-0.9415671,-0.9415675,1.8831158,6.214282,0.21991784988579408
6.0,0.033386777201989806,-3.6957954e-05,-3.6957954e-05,-0.9415728,-0.9415728,-0.94156694,-0.9415665,1.8831158,6.214282,0.22003487200913086
6.0,0.0333967772019898,-3.683697e-05,-3.683697e-05,-0.9415729,-0.9415729,-0.9415671,-0.9415675,1.8831158,6.214282,0.22015189413246763
6.0,0.033406777201989805,-3.695795e-05,-3.695795e-05,-0.9415728,-0.9415728,-0.94156694,-0.9415665,1.8831158,6.214282,0.22026891625580447
6.0,0.03341677720198981,-3.6836966e-05,-3.6836966e-05,-0.9415729,-0.9415729,-0.9415671,-0.9415675,1.8831158,6.214282,0.22038593837914125
6.0,0.033426777201989805,-3.6957947e-05,-3.6957947e-05,-0.9415728,-0.9415728,-0.94156694,-0.9415665,1.8831158,6.214282,0.22050296050247803
6.0,0.03343677720198981,-3.6836966e-05,-3.6836966e-05,-0.9415729,-0.9415729,-0.9415671,-0.9415675,1.8831158,6.214282,0.2206199826258148
6.0,0.033446777201989804,-3.6957947e-05,-3.6957947e-05,-0.9415728,-0.9415728,-0.94156694,-0.9415665,1.8831158,6.214282,0.2207370047491516
6.0,0.03345677720198981,-3.6836962e-05,-3.6836962e-05,-0.9415729,-0.9415729,-0.9415671,-0.9415675,1.8831158,6.214282,0.22085402687248837
6.0,0.0334667772019898,-3.6957943e-05,-3.6957943e-05,-0.9415728,-0.9415728,-0.94156694,-0.9415665,1.8831158,6.214282,0.22097104899582515
6.0,0.033476777201989806,-3.6836962e-05,-3.6836962e-05,-0.9415729,-0.9415729,-0.9415671,-0.9415675,1.8831158,6.214282,0.22108807111916193
6.0,0.0334867772019898,-3.695794e-05,-3.695794e-05,-0.9415728,-0.9415728,-0.94156694,-0.9415665,1.8831158,6.214282,0.2212050932424987
6.0,0.033496777201989805,-3.683696e-05,-3.683696e-05,-0.9415729,-0.9415729,-0.9415671,-0.9415675,1.8831158,6.214282,0.22132211536583554
6.0,0.03350677720198981,-3.695794e-05,-3.695794e-05,-0.9415728,-0.9415728,-0.94156694,-0.9415665,1.8831158,6.214282,0.22143913748917232
6.0,0.033516777201989804,-3.683696e-05,-3.683696e-05,-0.9415729,-0.9415729,-0.9415671,-0.9415675,1.8831158,6.214282,0.2215561596125091
6.0,0.03352677720198981,-3.6957936e-05,-3.6957936e-05,-0.9415728,-0.9415728,-0.94156694,-0.9415665,1.8831158,6.214282,0.22167318173584588
6.0,0.033536777201989804,-3.6836955e-05,-3.6836955e-05,-0.9415729,-0.9415729,-0.9415671,-0.9415675,1.8831158,6.214282,0.22179020385918266
6.0,0.03354677720198981,-3.6957936e-05,-3.6957936e-05,-0.9415728,-0.9415728,-0.94156694,-0.9415665,1.8831158,6.214282,0.22190722598251944
6.0,0.0335567772019898,-3.6836955e-05,-3.6836955e-05,-0.9415729,-0.9415729,-0.9415671,-0.9415675,1.8831158,6.214282,0.22202424810585622
6.0,0.033566777201989806,-3.6957932e-05,-3.6957932e-05,-0.9415728,-0.9415728,-0.94156694,-0.9415665,1.8831158,6.214282,0.222141270229193
6.0,0.0335767772019898,-3.683695e-05,-3.683695e-05,-0.9415729,-0.9415729,-0.9415671,-0.9415675,1.8831158,6.214282,0.22225829235252978
6.0,0.033586777201989805,-3.6957932e-05,-3.6957932e-05,-0.9415728,-0.9415728,-0.94156694,-0.9415665,1.8831158,6.214282,0.22237531447586661
6.0,0.03359677720198981,-3.683695e-05,-3.683695e-05,-0.9415729,-0.9415729,-0.9415671,-0.9415675,1.8831158,6.214282,0.2224923365992034
6.0,0.033606777201989804,-3.695793e-05,-3.695793e-05,-0.9415728,-0.9415728,-0.94156694,-0.9415665,1.8831158,6.214282,0.22260935872254017
6.0,0.03361677720198981,-3.6836947e-05,-3.6836947e-05,-0.9415729,-0.9415729,-0.9415671,-0.9415675,1.8831158,6.214282,0.22272638084587695
6.0,0.0336267772019898,-3.695793e-05,-3.695793e-05,-0.9415728,-0.9415728,-0.94156694,-0.9415665,1.8831158,6.214282,0.22284340296921373
6.0,0.033636777201989806,-3.6836947e-05,-3.6836947e-05,-0.9415729,-0.9415729,-0.9415671,-0.9415675,1.8831158,6.214282,0.2229604250925505
6.0,0.0336467772019898,-3.6957925e-05,-3.6957925e-05,-0.9415728,-0.9415728,-0.94156694,-0.9415665,1.8831158,6.214282,0.2230774472158873
6.0,0.033656777201989806,-3.6836944e-05,-3.6836944e-05,-0.9415729,-0.9415729,-0.9415671,-0.9415675,1.8831158,6.214282,0.22319446933922413
6.0,0.03366677720198981,-3.6957925e-05,-3.6957925e-05,-0.9415728,-0.9415728,-0.94156694,-0.9415665,1.8831158,6.214282,0.2233114914625609
6.0,0.033676777201989805,-3.6836944e-05,-3.6836944e-05,-0.9415729,-0.9415729,-0.9415671,-0.9415675,1.8831158,6.214282,0.2234285135858977
6.0,0.03368677720198981,-3.695792e-05,-3.695792e-05,-0.9415728,-0.9415728,-0.94156694,-0.9415665,1.8831158,6.214282,0.22354553570923447
6.0,0.033696777201989804,-3.683694e-05,-3.683694e-05,-0.9415729,-0.9415729,-0.9415671,-0.9415675,1.8831158,6.214282,0.22366255783257125
6.0,0.03370677720198981,-3.695792e-05,-3.695792e-05,-0.9415728,-0.9415728,-0.94156694,-0.9415665,1.8831158,6.214282,0.22377957995590803
6.0,0.0337167772019898,-3.683694e-05,-3.683694e-05,-0.9415729,-0.9415729,-0.9415671,-0.9415675,1.8831158,6.214282,0.2238966020792448
6.0,0.033726777201989806,-3.6957917e-05,-3.6957917e-05,-0.9415728,-0.9415728,-0.94156694,-0.9415665,1.8831158,6.214282,0.22401362420258158
6.0,0.0337367772019898,-3.683694e-05,-3.683694e-05,-0.9415729,-0.9415729,-0.9415671,-0.9415675,1.8831158,6.214282,0.22413064632591836
6.0,0.033746777201989805,-3.6957917e-05,-3.6957917e-05,-0.9415728,-0.9415728,-0.94156694,-0.9415665,1.8831158,6.214282,0.2242476684492552
6.0,0.03375677720198981,-3.6836936e-05,-3.6836936e-05,-0.9415729,-0.9415729,-0.9415671,-0.9415675,1.8831158,6.214282,0.22436469057259198
6.0,0.033766777201989805,-3.6957917e-05,-3.6957917e-05,-0.9415728,-0.9415728,-0.94156694,-0.9415665,1.8831158,6.214282,0.22448171269592876
6.0,0.03377677720198981,-3.6836936e-05,-3.6836936e-05,-0.9415729,-0.9415729,-0.9415671,-0.9415675,1.8831158,6.214282,0.22459873481926554
6.0,0.033786777201989804,-3.6957914e-05,-3.6957914e-05,-0.9415728,-0.9415728,-0.94156694,-0.9415665,1.8831158,6.214282,0.22471575694260232
6.0,0.03379677720198981,-3.6836936e-05,-3.6836936e-05,-0.9415729,-0.9415729,-0.9415671,-0.9415675,1.8831158,6.214282,0.2248327790659391
6.0,0.0338067772019898,-3.6957914e-05,-3.6957914e-05,-0.9415728,-0.9415728,-0.94156694,-0.9415665,1.8831158,6.214282,0.22494980118927588
6.0,0.033816777201989806,-3.6836933e-05,-3.6836933e-05,-0.9415729,-0.9415729,-0.9415671,-0.9415675,1.8831158,6.214282,0.22506682331261266
6.0,0.0338267772019898,-3.6957914e-05,-3.6957914e-05,-0.9415728,-0.9415728,-0.94156694,-0.9415665,1.8831158,6.214282,0.22518384543594944
6.0,0.033836777201989805,-3.6836933e-05,-3.6836933e-05,-0.9415729,-0.9415729,-0.9415671,-0.9415675,1.8831158,6.214282,0.22530086755928627
6.0,0.03384677720198981,-3.695791e-05,-3.695791e-05,-0.9415728,-0.9415728,-0.94156694,-0.9415665,1.8831158,6.214282,0.22541788968262305
6.0,0.033856777201989804,-3.6836933e-05,-3.6836933e-05,-0.9415729,-0.9415729,-0.9415671,-0.9415675,1.8831158,6.214282,0.22553491180595983
6.0,0.03386677720198981,-3.695791e-05,-3.695791e-05,-0.9415728,-0.9415728,-0.94156694,-0.9415665,1.8831158,6.214282,0.2256519339292966
6.0,0.033876777201989804,-3.683693e-05,-3.683693e-05,-0.9415729,-0.9415729,-0.9415671,-0.9415675,1.8831158,6.214282,0.2257689560526334
6.0,0.03388677720198981,-3.6957907e-05,-3.6957907e-05,-0.9415728,-0.9415728,-0.94156694,-0.9415665,1.8831158,6.214282,0.22588597817597017
6.0,0.0338967772019898,-3.683693e-05,-3.683693e-05,-0.9415729,-0.9415729,-0.9415671,-0.9415675,1.8831158,6.214282,0.22600300029930695
6.0,0.033906777201989806,-3.6957907e-05,-3.6957907e-05,-0.9415728,-0.9415728,-0.94156694,-0.9415665,1.8831158,6.214282,0.22612002242264373
6.0,0.0339167772019898,-3.683693e-05,-3.683693e-05,-0.9415729,-0.9415729,-0.9415671,-0.9415675,1.8831158,6.214282,0.2262370445459805
6.0,0.033926777201989805,-3.6957907e-05,-3.6957907e-05,-0.9415728,-0.9415728,-0.94156694,-0.9415665,1.8831158,6.214282,0.22635406666931734
6.0,0.03393677720198981,-3.6836926e-05,-3.6836926e-05,-0.9415729,-0.9415729,-0.9415671,-0.9415675,1.8831158,6.214282,0.22647108879265412
6.0,0.033946777201989804,-3.6957907e-05,-3.6957907e-05,-0.9415728,-0.9415728,-0.94156694,-0.9415665,1.8831158,6.214282,0.2265881109159909
6.0,0.03395677720198981,-3.6836926e-05,-3.6836926e-05,-0.9415729,-0.9415729,-0.9415671,-0.9415675,1.8831158,6.214282,0.22670513303932768
6.0,0.0339667772019898,-3.6957903e-05,-3.6957903e-05,-0.9415728,-0.9415728,-0.94156694,-0.9415665,1.8831158,6.214282,0.22682215516266446
6.0,0.033976777201989806,-3.6836926e-05,-3.6836926e-05,-0.9415729,-0.9415729,-0.9415671,-0.9415675,1.8831158,6.214282,0.22693917728600124
6.0,0.0339867772019898,-3.6957903e-05,-3.6957903e-05,-0.9415728,-0.9415728,-0.94156694,-0.9415665,1.8831158,6.214282,0.22705619940933802
6.0,0.033996777201989806,-3.6836926e-05,-3.6836926e-05,-0.9415729,-0.9415729,-0.9415671,-0.9415675,1.8831158,6.214282,0.22717322153267486
6.0,0.03400677720198981,-3.6957903e-05,-3.6957903e-05,-0.9415728,-0.9415728,-0.94156694,-0.9415665,1.8831158,6.214282,0.22729024365601164
6.0,0.034016777201989805,-3.6836922e-05,-3.6836922e-05,-0.9415729,-0.9415729,-0.9415671,-0.9415675,1.8831158,6.214282,0.22740726577934842
6.0,0.03402677720198981,-3.69579e-05,-3.69579e-05,-0.9415728,-0.9415728,-0.94156694,-0.9415665,1.8831158,6.214282,0.2275242879026852
6.0,0.034036777201989804,-3.6836922e-05,-3.6836922e-05,-0.9415729,-0.9415729,-0.9415671,-0.9415675,1.8831158,6.214282,0.22764131002602198
6.0,0.03404677720198981,-3.69579e-05,-3.69579e-05,-0.9415728,-0.9415728,-0.94156694,-0.9415665,1.8831158,6.214282,0.22775833214935876
6.0,0.0340567772019898,-3.6836922e-05,-3.6836922e-05,-0.9415729,-0.9415729,-0.9415671,-0.9415675,1.8831158,6.214282,0.22787535427269554
6.0,0.034066777201989806,-3.69579e-05,-3.69579e-05,-0.9415728,-0.9415728,-0.94156694,-0.9415665,1.8831158,6.214282,0.22799237639603231
6.0,0.0340767772019898,-3.6836922e-05,-3.6836922e-05,-0.9415729,-0.9415729,-0.9415671,-0.9415675,1.8831158,6.214282,0.2281093985193691
6.0,0.034086777201989805,-3.69579e-05,-3.69579e-05,-0.9415728,-0.9415728,-0.94156694,-0.9415665,1.8831158,6.214282,0.22822642064270593
6.0,0.03409677720198981,-3.683692e-05,-3.683692e-05,-0.9415729,-0.9415729,-0.9415671,-0.9415675,1.8831158,6.214282,0.2283434427660427
6.0,0.034106777201989805,-3.6957896e-05,-3.6957896e-05,-0.9415728,-0.9415728,-0.94156694,-0.9415665,1.8831158,6.214282,0.2284604648893795
6.0,0.03411677720198981,-3.683692e-05,-3.683692e-05,-0.9415729,-0.9415729,-0.9415671,-0.9415675,1.8831158,6.214282,0.22857748701271627
6.0,0.034126777201989804,-3.6957896e-05,-3.6957896e-05,-0.9415728,-0.9415728,-0.94156694,-0.9415665,1.8831158,6.214282,0.22869450913605305
6.0,0.03413677720198981,-3.683692e-05,-3.683692e-05,-0.9415729,-0.9415729,-0.9415671,-0.9415675,1.8831158,6.214282,0.22881153125938983
6.0,0.0341467772019898,-3.6957896e-05,-3.6957896e-05,-0.9415728,-0.9415728,-0.94156694,-0.9415665,1.8831158,6.214282,0.2289285533827266
6.0,0.034156777201989806,-3.683692e-05,-3.683692e-05,-0.9415729,-0.9415729,-0.9415671,-0.9415675,1.8831158,6.214282,0.2290455755060634
6.0,0.0341667772019898,-3.6957896e-05,-3.6957896e-05,-0.9415728,-0.9415728,-0.94156694,-0.9415665,1.8831158,6.214282,0.22916259762940017
6.0,0.034176777201989805,-3.683692e-05,-3.683692e-05,-0.9415729,-0.9415729,-0.9415671,-0.9415675,1.8831158,6.214282,0.229279619752737
6.0,0.03418677720198981,-3.6957892e-05,-3.6957892e-05,-0.9415728,-0.9415728,-0.94156694,-0.9415665,1.8831158,6.214282,0.22939664187607378
6.0,0.034196777201989804,-3.6836915e-05,-3.6836915e-05,-0.9415729,-0.9415729,-0.9415671,-0.9415675,1.8831158,6.214282,0.22951366399941056
6.0,0.03420677720198981,-3.6957892e-05,-3.6957892e-05,-0.9415728,-0.9415728,-0.94156694,-0.9415665,1.8831158,6.214282,0.22963068612274734
6.0,0.034216777201989804,-3.6836915e-05,-3.6836915e-05,-0.9415729,-0.9415729,-0.9415671,-0.9415675,1.8831158,6.214282,0.22974770824608412
6.0,0.03422677720198981,-3.6957892e-05,-3.6957892e-05,-0.9415728,-0.9415728,-0.94156694,-0.9415665,1.8831158,6.214282,0.2298647303694209
6.0,0.0342367772019898,-3.6836915e-05,-3.6836915e-05,-0.9415729,-0.9415729,-0.9415671,-0.9415675,1.8831158,6.214282,0.22998175249275768
6.0,0.034246777201989806,-3.6957892e-05,-3.6957892e-05,-0.9415728,-0.9415728,-0.94156694,-0.9415665,1.8831158,6.214282,0.23009877461609446
6.0,0.0342567772019898,-3.6836915e-05,-3.6836915e-05,-0.9415729,-0.9415729,-0.9415671,-0.9415675,1.8831158,6.214282,0.23021579673943124
6.0,0.034266777201989805,-3.6957892e-05,-3.6957892e-05,-0.9415728,-0.9415728,-0.94156694,-0.9415665,1.8831158,6.214282,0.23033281886276807
6.0,0.03427677720198981,-3.6836915e-05,-3.6836915e-05,-0.9415729,-0.9415729,-0.9415671,-0.9415675,1.8831158,6.214282,0.23044984098610485
6.0,0.034286777201989804,-3.695789e-05,-3.695789e-05,-0.9415728,-0.9415728,-0.94156694,-0.9415665,1.8831158,6.214282,0.23056686310944163
6.0,0.03429677720198981,-3.683691e-05,-3.683691e-05,-0.9415729,-0.9415729,-0.9415671,-0.9415675,1.8831158,6.214282,0.2306838852327784
6.0,0.0343067772019898,-3.695789e-05,-3.695789e-05,-0.9415728,-0.9415728,-0.94156694,-0.9415665,1.8831158,6.214282,0.2308009073561152
6.0,0.034316777201989807,-3.683691e-05,-3.683691e-05,-0.9415729,-0.9415729,-0.9415671,-0.9415675,1.8831158,6.214282,0.23091792947945197
6.0,0.0343267772019898,-3.695789e-05,-3.695789e-05,-0.9415728,-0.9415728,-0.94156694,-0.9415665,1.8831158,6.214282,0.23103495160278875
6.0,0.034336777201989806,-3.683691e-05,-3.683691e-05,-0.9415729,-0.9415729,-0.9415671,-0.9415675,1.8831158,6.214282,0.2311519737261256
6.0,0.03434677720198981,-3.695789e-05,-3.695789e-05,-0.9415728,-0.9415728,-0.94156694,-0.9415665,1.8831158,6.214282,0.23126899584946237
6.0,0.034356777201989805,-3.683691e-05,-3.683691e-05,-0.9415729,-0.9415729,-0.9415671,-0.9415675,1.8831158,6.214282,0.23138601797279915
6.0,0.03436677720198981,-3.695789e-05,-3.695789e-05,-0.9415728,-0.9415728,-0.94156694,-0.9415665,1.8831158,6.214282,0.23150304009613593
6.0,0.034376777201989804,-3.683691e-05,-3.683691e-05,-0.9415729,-0.9415729,-0.9415671,-0.9415675,1.8831158,6.214282,0.2316200622194727
6.0,0.03438677720198981,-3.6957885e-05,-3.6957885e-05,-0.9415728,-0.9415728,-0.94156694,-0.9415665,1.8831158,6.214282,0.23173708434280949
6.0,0.0343967772019898,-3.683691e-05,-3.683691e-05,-0.9415729,-0.9415729,-0.9415671,-0.9415675,1.8831158,6.214282,0.23185410646614626
6.0,0.034406777201989806,-3.6957885e-05,-3.6957885e-05,-0.9415728,-0.9415728,-0.94156694,-0.9415665,1.8831158,6.214282,0.23197112858948304
6.0,0.0344167772019898,-3.683691e-05,-3.683691e-05,-0.9415729,-0.9415729,-0.9415671,-0.9415675,1.8831158,6.214282,0.23208815071281982
6.0,0.034426777201989806,-3.6957885e-05,-3.6957885e-05,-0.9415728,-0.9415728,-0.94156694,-0.9415665,1.8831158,6.214282,0.23220517283615666
6.0,0.03443677720198981,-3.6836907e-05,-3.6836907e-05,-0.9415729,-0.9415729,-0.9415671,-0.9415675,1.8831158,6.214282,0.23232219495949344
6.0,0.034446777201989805,-3.6957885e-05,-3.6957885e-05,-0.9415728,-0.9415728,-0.94156694,-0.9415665,1.8831158,6.214282,0.23243921708283022
6.0,0.03445677720198981,-3.6836907e-05,-3.6836907e-05,-0.9415729,-0.9415729,-0.9415671,-0.9415675,1.8831158,6.214282,0.232556239206167
6.0,0.034466777201989804,-3.6957885e-05,-3.6957885e-05,-0.9415728,-0.9415728,-0.94156694,-0.9415665,1.8831158,6.214282,0.23267326132950378
6.0,0.03447677720198981,-3.6836907e-05,-3.6836907e-05,-0.9415729,-0.9415729,-0.9415671,-0.9415675,1.8831158,6.214282,0.23279028345284056
6.0,0.0344867772019898,-3.6957885e-05,-3.6957885e-05,-0.9415728,-0.9415728,-0.94156694,-0.9415665,1.8831158,6.214282,0.23290730557617734
6.0,0.034496777201989806,-3.6836907e-05,-3.6836907e-05,-0.9415729,-0.9415729,-0.9415671,-0.9415675,1.8831158,6.214282,0.23302432769951412
6.0,0.0345067772019898,-3.695788e-05,-3.695788e-05,-0.9415728,-0.9415728,-0.94156694,-0.9415665,1.8831158,6.214282,0.2331413498228509
6.0,0.034516777201989805,-3.6836907e-05,-3.6836907e-05,-0.9415729,-0.9415729,-0.9415671,-0.9415675,1.8831158,6.214282,0.23325837194618773
6.0,0.03452677720198981,-3.695788e-05,-3.695788e-05,-0.9415728,-0.9415728,-0.94156694,-0.9415665,1.8831158,6.214282,0.2333753940695245
6.0,0.034536777201989804,-3.6836907e-05,-3.6836907e-05,-0.9415729,-0.9415729,-0.9415671,-0.9415675,1.8831158,6.214282,0.2334924161928613
6.0,0.03454677720198981,-3.695788e-05,-3.695788e-05,-0.9415728,-0.9415728,-0.94156694,-0.9415665,1.8831158,6.214282,0.23360943831619807
6.0,0.034556777201989804,-3.6836907e-05,-3.6836907e-05,-0.9415729,-0.9415729,-0.9415671,-0.9415675,1.8831158,6.214282,0.23372646043953485
6.0,0.03456677720198981,-3.695788e-05,-3.695788e-05,-0.9415728,-0.9415728,-0.94156694,-0.9415665,1.8831158,6.214282,0.23384348256287163
6.0,0.0345767772019898,-3.6836907e-05,-3.6836907e-05,-0.9415729,-0.9415729,-0.9415671,-0.9415675,1.8831158,6.214282,0.2339605046862084
6.0,0.034586777201989806,-3.695788e-05,-3.695788e-05,-0.9415728,-0.9415728,-0.94156694,-0.9415665,1.8831158,6.214282,0.2340775268095452
6.0,0.0345967772019898,-3.6836907e-05,-3.6836907e-05,-0.9415729,-0.9415729,-0.9415671,-0.9415675,1.8831158,6.214282,0.23419454893288197
6.0,0.034606777201989805,-3.695788e-05,-3.695788e-05,-0.9415728,-0.9415728,-0.94156694,-0.9415665,1.8831158,6.214282,0.2343115710562188
6.0,0.03461677720198981,-3.6836904e-05,-3.6836904e-05,-0.9415729,-0.9415729,-0.9415671,-0.9415675,1.8831158,6.214282,0.23442859317955558
6.0,0.034626777201989804,-3.695788e-05,-3.695788e-05,-0.9415728,-0.9415728,-0.94156694,-0.9415665,1.8831158,6.214282,0.23454561530289236
6.0,0.03463677720198981,-3.6836904e-05,-3.6836904e-05,-0.9415729,-0.9415729,-0.9415671,-0.9415675,1.8831158,6.214282,0.23466263742622914
6.0,0.034646777201989803,-3.695788e-05,-3.695788e-05,-0.9415728,-0.9415728,-0.94156694,-0.9415665,1.8831158,6.214282,0.23477965954956592
6.0,0.03465677720198981,-3.6836904e-05,-3.6836904e-05,-0.9415729,-0.9415729,-0.9415671,-0.9415675,1.8831158,6.214282,0.2348966816729027
6.0,0.0346667772019898,-3.6957877e-05,-3.6957877e-05,-0.9415728,-0.9415728,-0.94156694,-0.9415666,1.8831158,6.214282,0.23501370379623948
6.0,0.034676777201989806,-3.6836904e-05,-3.6836904e-05,-0.9415729,-0.9415729,-0.9415671,-0.9415675,1.8831158,6.214282,0.23513072591957626
6.0,0.0346867772019898,-3.6957877e-05,-3.6957877e-05,-0.9415728,-0.9415728,-0.94156694,-0.9415666,1.8831158,6.214282,0.23524774804291304
6.0,0.034696777201989805,-3.6836904e-05,-3.6836904e-05,-0.9415729,-0.9415729,-0.9415671,-0.9415675,1.8831158,6.214282,0.23536477016624988
6.0,0.03470677720198981,-3.6957877e-05,-3.6957877e-05,-0.9415728,-0.9415728,-0.94156694,-0.9415666,1.8831158,6.214282,0.23548179228958666
6.0,0.034716777201989804,-3.6836904e-05,-3.6836904e-05,-0.9415729,-0.9415729,-0.9415671,-0.9415675,1.8831158,6.214282,0.23559881441292344
6.0,0.03472677720198981,-3.6957877e-05,-3.6957877e-05,-0.9415728,-0.9415728,-0.94156694,-0.9415666,1.8831158,6.214282,0.23571583653626021
6.0,0.0347367772019898,-3.6836904e-05,-3.6836904e-05,-0.9415729,-0.9415729,-0.9415671,-0.9415675,1.8831158,6.214282,0.235832858659597
6.0,0.034746777201989806,-3.6957877e-05,-3.6957877e-05,-0.9415728,-0.9415728,-0.94156694,-0.9415666,1.8831158,6.214282,0.23594988078293377
6.0,0.0347567772019898,-3.6836904e-05,-3.6836904e-05,-0.9415729,-0.9415729,-0.9415671,-0.9415675,1.8831158,6.214282,0.23606690290627055
6.0,0.034766777201989806,-3.6957877e-05,-3.6957877e-05,-0.9415728,-0.9415728,-0.94156694,-0.9415666,1.8831158,6.214282,0.2361839250296074
6.0,0.03477677720198981,-3.6836904e-05,-3.6836904e-05,-0.9415729,-0.9415729,-0.9415671,-0.9415675,1.8831158,6.214282,0.23630094715294417
6.0,0.034786777201989805,-3.6957877e-05,-3.6957877e-05,-0.9415728,-0.9415728,-0.94156694,-0.9415666,1.8831158,6.214282,0.23641796927628095
6.0,0.03479677720198981,-3.6836904e-05,-3.6836904e-05,-0.9415729,-0.9415729,-0.9415671,-0.9415675,1.8831158,6.214282,0.23653499139961773
6.0,0.034806777201989804,-3.6957877e-05,-3.6957877e-05,-0.9415728,-0.9415728,-0.94156694,-0.9415666,1.8831158,6.214282,0.2366520135229545
6.0,0.03481677720198981,-3.6836904e-05,-3.6836904e-05,-0.9415729,-0.9415729,-0.9415671,-0.9415675,1.8831158,6.214282,0.2367690356462913
6.0,0.0348267772019898,-3.6957877e-05,-3.6957877e-05,-0.9415728,-0.9415728,-0.94156694,-0.9415666,1.8831158,6.214282,0.23688605776962807
6.0,0.034836777201989806,-3.6836904e-05,-3.6836904e-05,-0.9415729,-0.9415729,-0.9415671,-0.9415675,1.8831158,6.214282,0.23700307989296485
6.0,0.0348467772019898,-3.6957874e-05,-3.6957874e-05,-0.9415728,-0.9415728,-0.94156694,-0.9415666,1.8831158,6.214282,0.23712010201630163
6.0,0.034856777201989805,-3.6836904e-05,-3.6836904e-05,-0.9415729,-0.9415729,-0.9415671,-0.9415675,1.8831158,6.214282,0.23723712413963846
6.0,0.03486677720198981,-3.6957874e-05,-3.6957874e-05,-0.9415728,-0.9415728,-0.94156694,-0.9415666,1.8831158,6.214282,0.23735414626297524
6.0,0.034876777201989805,-3.68369e-05,-3.68369e-05,-0.9415729,-0.9415729,-0.9415671,-0.9415675,1.8831158,6.214282,0.23747116838631202
6.0,0.03488677720198981,-3.6957874e-05,-3.6957874e-05,-0.9415728,-0.9415728,-0.94156694,-0.9415666,1.8831158,6.214282,0.2375881905096488
6.0,0.034896777201989804,-3.68369e-05,-3.68369e-05,-0.9415729,-0.9415729,-0.9415671,-0.9415675,1.8831158,6.214282,0.23770521263298558
6.0,0.03490677720198981,-3.6957874e-05,-3.6957874e-05,-0.9415728,-0.9415728,-0.94156694,-0.9415666,1.8831158,6.214282,0.23782223475632236
6.0,0.0349167772019898,-3.68369e-05,-3.68369e-05,-0.9415729,-0.9415729,-0.9415671,-0.9415675,1.8831158,6.214282,0.23793925687965914
6.0,0.034926777201989806,-3.6957874e-05,-3.6957874e-05,-0.9415728,-0.9415728,-0.94156694,-0.9415666,1.8831158,6.214282,0.23805627900299592
6.0,0.0349367772019898,-3.68369e-05,-3.68369e-05,-0.9415729,-0.9415729,-0.9415671,-0.9415675,1.8831158,6.214282,0.2381733011263327
6.0,0.034946777201989805,-3.6957874e-05,-3.6957874e-05,-0.9415728,-0.9415728,-0.94156694,-0.9415666,1.8831158,6.214282,0.23829032324966953
6.0,0.03495677720198981,-3.68369e-05,-3.68369e-05,-0.9415729,-0.9415729,-0.9415671,-0.9415675,1.8831158,6.214282,0.2384073453730063
6.0,0.034966777201989804,-3.6957874e-05,-3.6957874e-05,-0.9415728,-0.9415728,-0.94156694,-0.9415666,1.8831158,6.214282,0.2385243674963431
6.0,0.03497677720198981,-3.68369e-05,-3.68369e-05,-0.94157296,-0.94157296,-0.9415671,-0.9415675,1.8831158,6.214282,0.23864138961967987
6.0,0.034986777201989804,-3.6957874e-05,-3.6957874e-05,-0.9415728,-0.9415728,-0.94156694,-0.9415666,1.8831158,6.214282,0.23875841174301665
6.0,0.03499677720198981,-3.68369e-05,-3.68369e-05,-0.94157296,-0.94157296,-0.9415671,-0.9415675,1.8831158,6.214282,0.23887543386635343
6.0,0.0350067772019898,-3.6957874e-05,-3.6957874e-05,-0.9415728,-0.9415728,-0.94156694,-0.9415666,1.8831158,6.214282,0.2389924559896902
6.0,0.035016777201989806,-3.68369e-05,-3.68369e-05,-0.94157296,-0.94157296,-0.9415671,-0.9415675,1.8831158,6.214282,0.239109478113027
6.0,0.0350267772019898,-3.6957874e-05,-3.6957874e-05,-0.9415728,-0.9415728,-0.94156694,-0.9415666,1.8831158,6.214282,0.23922650023636377
6.0,0.035036777201989805,-3.68369e-05,-3.68369e-05,-0.94157296,-0.94157296,-0.9415671,-0.9415675,1.8831158,6.214282,0.2393435223597006
6.0,0.03504677720198981,-3.6957874e-05,-3.6957874e-05,-0.9415728,-0.9415728,-0.94156694,-0.9415666,1.8831158,6.214282,0.23946054448303739
6.0,0.035056777201989804,-3.68369e-05,-3.68369e-05,-0.94157296,-0.94157296,-0.9415671,-0.9415675,1.8831158,6.214282,0.23957756660637416
6.0,0.03506677720198981,-3.6957874e-05,-3.6957874e-05,-0.9415728,-0.9415728,-0.94156694,-0.9415666,1.8831158,6.214282,0.23969458872971094
6.0,0.0350767772019898,-3.68369e-05,-3.68369e-05,-0.94157296,-0.94157296,-0.9415671,-0.9415675,1.8831158,6.214282,0.23981161085304772
6.0,0.035086777201989806,-3.695787e-05,-3.695787e-05,-0.9415728,-0.9415728,-0.94156694,-0.9415666,1.8831158,6.214282,0.2399286329763845
6.0,0.0350967772019898,-3.68369e-05,-3.68369e-05,-0.94157296,-0.94157296,-0.9415671,-0.9415675,1.8831158,6.214282,0.24004565509972128
6.0,0.035106777201989806,-3.695787e-05,-3.695787e-05,-0.9415728,-0.9415728,-0.94156694,-0.9415666,1.8831158,6.214282,0.24016267722305812
6.0,0.03511677720198981,-3.68369e-05,-3.68369e-05,-0.94157296,-0.94157296,-0.9415671,-0.9415675,1.8831158,6.214282,0.2402796993463949
6.0,0.035126777201989805,-3.695787e-05,-3.695787e-05,-0.9415728,-0.9415728,-0.94156694,-0.9415666,1.8831158,6.214282,0.24039672146973168
6.0,0.03513677720198981,-3.68369e-05,-3.68369e-05,-0.94157296,-0.94157296,-0.9415671,-0.9415675,1.8831158,6.214282,0.24051374359306846
6.0,0.035146777201989804,-3.695787e-05,-3.695787e-05,-0.9415728,-0.9415728,-0.94156694,-0.9415666,1.8831158,6.214282,0.24063076571640524
6.0,0.03515677720198981,-3.68369e-05,-3.68369e-05,-0.94157296,-0.94157296,-0.9415671,-0.9415675,1.8831158,6.214282,0.24074778783974202
6.0,0.0351667772019898,-3.695787e-05,-3.695787e-05,-0.9415728,-0.9415728,-0.94156694,-0.9415666,1.8831158,6.214282,0.2408648099630788
6.0,0.035176777201989806,-3.68369e-05,-3.68369e-05,-0.94157296,-0.94157296,-0.9415671,-0.9415675,1.8831158,6.214282,0.24098183208641558
6.0,0.0351867772019898,-3.695787e-05,-3.695787e-05,-0.9415728,-0.9415728,-0.94156694,-0.9415666,1.8831158,6.214282,0.24109885420975236
6.0,0.035196777201989805,-3.68369e-05,-3.68369e-05,-0.94157296,-0.94157296,-0.9415671,-0.9415675,1.8831158,6.214282,0.2412158763330892
6.0,0.03520677720198981,-3.695787e-05,-3.695787e-05,-0.9415728,-0.9415728,-0.94156694,-0.9415666,1.8831158,6.214282,0.24133289845642597
6.0,0.035216777201989805,-3.68369e-05,-3.68369e-05,-0.94157296,-0.94157296,-0.9415671,-0.9415675,1.8831158,6.214282,0.24144992057976275
6.0,0.03522677720198981,-3.695787e-05,-3.695787e-05,-0.9415728,-0.9415728,-0.94156694,-0.9415666,1.8831158,6.214282,0.24156694270309953
6.0,0.035236777201989804,-3.68369e-05,-3.68369e-05,-0.94157296,-0.94157296,-0.9415671,-0.9415675,1.8831158,6.214282,0.2416839648264363
6.0,0.03524677720198981,-3.695787e-05,-3.695787e-05,-0.9415728,-0.9415728,-0.94156694,-0.9415666,1.8831158,6.214282,0.2418009869497731
6.0,0.0352567772019898,-3.68369e-05,-3.68369e-05,-0.94157296,-0.94157296,-0.9415671,-0.9415675,1.8831158,6.214282,0.24191800907310987
6.0,0.035266777201989806,-3.695787e-05,-3.695787e-05,-0.9415728,-0.9415728,-0.94156694,-0.9415666,1.8831158,6.214282,0.24203503119644665
6.0,0.0352767772019898,-3.68369e-05,-3.68369e-05,-0.94157296,-0.94157296,-0.9415671,-0.9415675,1.8831158,6.214282,0.24215205331978343
6.0,0.035286777201989805,-3.695787e-05,-3.695787e-05,-0.9415728,-0.9415728,-0.94156694,-0.9415666,1.8831158,6.214282,0.24226907544312026
6.0,0.03529677720198981,-3.68369e-05,-3.68369e-05,-0.94157296,-0.94157296,-0.9415671,-0.9415675,1.8831158,6.214282,0.24238609756645704
6.0,0.035306777201989804,-3.695787e-05,-3.695787e-05,-0.9415728,-0.9415728,-0.94156694,-0.9415666,1.8831158,6.214282,0.24250311968979382
6.0,0.03531677720198981,-3.68369e-05,-3.68369e-05,-0.94157296,-0.94157296,-0.9415671,-0.9415675,1.8831158,6.214282,0.2426201418131306
6.0,0.035326777201989804,-3.695787e-05,-3.695787e-05,-0.9415728,-0.9415728,-0.94156694,-0.9415666,1.8831158,6.214282,0.24273716393646738
6.0,0.03533677720198981,-3.68369e-05,-3.68369e-05,-0.94157296,-0.94157296,-0.9415671,-0.9415675,1.8831158,6.214282,0.24285418605980416
6.0,0.0353467772019898,-3.695787e-05,-3.695787e-05,-0.9415728,-0.9415728,-0.94156694,-0.9415666,1.8831158,6.214282,0.24297120818314094
6.0,0.035356777201989806,-3.68369e-05,-3.68369e-05,-0.94157296,-0.94157296,-0.9415671,-0.9415675,1.8831158,6.214282,0.24308823030647772
6.0,0.0353667772019898,-3.695787e-05,-3.695787e-05,-0.9415728,-0.9415728,-0.94156694,-0.9415666,1.8831158,6.214282,0.2432052524298145
6.0,0.035376777201989805,-3.68369e-05,-3.68369e-05,-0.94157296,-0.94157296,-0.9415671,-0.9415675,1.8831158,6.214282,0.24332227455315134
6.0,0.03538677720198981,-3.695787e-05,-3.695787e-05,-0.9415728,-0.9415728,-0.94156694,-0.9415666,1.8831158,6.214282,0.24343929667648811
6.0,0.035396777201989804,-3.68369e-05,-3.68369e-05,-0.94157296,-0.94157296,-0.9415671,-0.9415675,1.8831158,6.214282,0.2435563187998249
6.0,0.03540677720198981,-3.695787e-05,-3.695787e-05,-0.9415728,-0.9415728,-0.94156694,-0.9415666,1.8831158,6.214282,0.24367334092316167
6.0,0.0354167772019898,-3.68369e-05,-3.68369e-05,-0.94157296,-0.94157296,-0.9415671,-0.9415675,1.8831158,6.214282,0.24379036304649845
6.0,0.035426777201989806,-3.6957867e-05,-3.6957867e-05,-0.9415728,-0.9415728,-0.94156694,-0.9415666,1.8831158,6.214282,0.24390738516983523
6.0,0.0354367772019898,-3.6836896e-05,-3.6836896e-05,-0.94157296,-0.94157296,-0.9415671,-0.9415675,1.8831158,6.214282,0.244024407293172
6.0,0.035446777201989806,-3.6957867e-05,-3.6957867e-05,-0.9415728,-0.9415728,-0.94156694,-0.9415666,1.8831158,6.214282,0.24414142941650885
6.0,0.03545677720198981,-3.6836896e-05,-3.6836896e-05,-0.94157296,-0.94157296,-0.9415671,-0.9415675,1.8831158,6.214282,0.24425845153984563
6.0,0.035466777201989805,-3.6957867e-05,-3.6957867e-05,-0.9415728,-0.9415728,-0.94156694,-0.9415666,1.8831158,6.214282,0.2443754736631824
6.0,0.03547677720198981,-3.6836896e-05,-3.6836896e-05,-0.94157296,-0.94157296,-0.9415671,-0.9415675,1.8831158,6.214282,0.2444924957865192
6.0,0.035486777201989804,-3.6957867e-05,-3.6957867e-05,-0.9415728,-0.9415728,-0.94156694,-0.9415666,1.8831158,6.214282,0.24460951790985597
6.0,0.03549677720198981,-3.6836896e-05,-3.6836896e-05,-0.94157296,-0.94157296,-0.9415671,-0.9415675,1.8831158,6.214282,0.24472654003319275
6.0,0.0355067772019898,-3.6957867e-05,-3.6957867e-05,-0.9415728,-0.9415728,-0.94156694,-0.9415666,1.8831158,6.214282,0.24484356215652953
6.0,0.035516777201989806,-3.6836896e-05,-3.6836896e-05,-0.94157296,-0.94157296,-0.9415671,-0.9415675,1.8831158,6.214282,0.2449605842798663
6.0,0.0355267772019898,-3.6957867e-05,-3.6957867e-05,-0.9415728,-0.9415728,-0.94156694,-0.9415666,1.8831158,6.214282,0.24507760640320309
6.0,0.035536777201989805,-3.6836896e-05,-3.6836896e-05,-0.94157296,-0.94157296,-0.9415671,-0.9415675,1.8831158,6.214282,0.24519462852653992
6.0,0.03554677720198981,-3.6957867e-05,-3.6957867e-05,-0.9415728,-0.9415728,-0.94156694,-0.9415666,1.8831158,6.214282,0.2453116506498767
6.0,0.035556777201989805,-3.6836896e-05,-3.6836896e-05,-0.94157296,-0.94157296,-0.9415671,-0.9415675,1.8831158,6.214282,0.24542867277321348
6.0,0.03556677720198981,-3.6957867e-05,-3.6957867e-05,-0.9415728,-0.9415728,-0.94156694,-0.9415666,1.8831158,6.214282,0.24554569489655026
6.0,0.035576777201989804,-3.6836896e-05,-3.6836896e-05,-0.94157296,-0.94157296,-0.9415671,-0.9415675,1.8831158,6.214282,0.24566271701988704
6.0,0.03558677720198981,-3.6957867e-05,-3.6957867e-05,-0.9415728,-0.9415728,-0.94156694,-0.9415666,1.8831158,6.214282,0.24577973914322382
6.0,0.0355967772019898,-3.6836896e-05,-3.6836896e-05,-0.94157296,-0.94157296,-0.9415671,-0.9415675,1.8831158,6.214282,0.2458967612665606
6.0,0.035606777201989806,-3.6957867e-05,-3.6957867e-05,-0.9415728,-0.9415728,-0.94156694,-0.9415666,1.8831158,6.214282,0.24601378338989738
6.0,0.0356167772019898,-3.6836896e-05,-3.6836896e-05,-0.94157296,-0.94157296,-0.9415671,-0.9415675,1.8831158,6.214282,0.24613080551323416
6.0,0.035626777201989805,-3.6957867e-05,-3.6957867e-05,-0.9415728,-0.9415728,-0.94156694,-0.9415666,1.8831158,6.214282,0.246247827636571
6.0,0.03563677720198981,-3.6836896e-05,-3.6836896e-05,-0.94157296,-0.94157296,-0.9415671,-0.9415675,1.8831158,6.214282,0.24636484975990777
6.0,0.035646777201989804,-3.6957867e-05,-3.6957867e-05,-0.9415728,-0.9415728,-0.94156694,-0.9415666,1.8831158,6.214282,0.24648187188324455
6.0,0.03565677720198981,-3.6836896e-05,-3.6836896e-05,-0.94157296,-0.94157296,-0.9415671,-0.9415675,1.8831158,6.214282,0.24659889400658133
6.0,0.035666777201989804,-3.6957867e-05,-3.6957867e-05,-0.9415728,-0.9415728,-0.94156694,-0.9415666,1.8831158,6.214282,0.2467159161299181
6.0,0.03567677720198981,-3.6836896e-05,-3.6836896e-05,-0.94157296,-0.94157296,-0.9415671,-0.9415675,1.8831158,6.214282,0.2468329382532549
6.0,0.0356867772019898,-3.6957867e-05,-3.6957867e-05,-0.9415728,-0.9415728,-0.94156694,-0.9415666,1.8831158,6.214282,0.24694996037659167
6.0,0.035696777201989806,-3.6836896e-05,-3.6836896e-05,-0.94157296,-0.94157296,-0.9415671,-0.9415675,1.8831158,6.214282,0.24706698249992845
6.0,0.0357067772019898,-3.6957867e-05,-3.6957867e-05,-0.9415728,-0.9415728,-0.94156694,-0.9415666,1.8831158,6.214282,0.24718400462326523
6.0,0.035716777201989805,-3.6836896e-05,-3.6836896e-05,-0.94157296,-0.94157296,-0.9415671,-0.9415675,1.8831158,6.214282,0.24730102674660207
6.0,0.03572677720198981,-3.6957867e-05,-3.6957867e-05,-0.9415728,-0.9415728,-0.94156694,-0.9415666,1.8831158,6.214282,0.24741804886993884
6.0,0.035736777201989804,-3.6836896e-05,-3.6836896e-05,-0.94157296,-0.94157296,-0.9415671,-0.9415675,1.8831158,6.214282,0.24753507099327562
6.0,0.03574677720198981,-3.6957867e-05,-3.6957867e-05,-0.9415728,-0.9415728,-0.94156694,-0.9415666,1.8831158,6.214282,0.2476520931166124
6.0,0.0357567772019898,-3.6836896e-05,-3.6836896e-05,-0.94157296,-0.94157296,-0.9415671,-0.9415675,1.8831158,6.214282,0.24776911523994918
6.0,0.035766777201989806,-3.6957867e-05,-3.6957867e-05,-0.9415728,-0.9415728,-0.94156694,-0.9415666,1.8831158,6.214282,0.24788613736328596
6.0,0.0357767772019898,-3.6836896e-05,-3.6836896e-05,-0.94157296,-0.94157296,-0.9415671,-0.9415675,1.8831158,6.214282,0.24800315948662274
6.0,0.035786777201989806,-3.6957867e-05,-3.6957867e-05,-0.9415728,-0.9415728,-0.94156694,-0.9415666,1.8831158,6.214282,0.24812018160995958
6.0,0.03579677720198981,-3.6836896e-05,-3.6836896e-05,-0.94157296,-0.94157296,-0.9415671,-0.9415675,1.8831158,6.214282,0.24823720373329636
6.0,0.035806777201989805,-3.6957867e-05,-3.6957867e-05,-0.9415728,-0.9415728,-0.94156694,-0.9415666,1.8831158,6.214282,0.24835422585663314
6.0,0.03581677720198981,-3.6836896e-05,-3.6836896e-05,-0.94157296,-0.94157296,-0.9415671,-0.9415675,1.8831158,6.214282,0.24847124797996992
6.0,0.035826777201989804,-3.6957867e-05,-3.6957867e-05,-0.9415728,-0.9415728,-0.94156694,-0.9415666,1.8831158,6.214282,0.2485882701033067
6.0,0.03583677720198981,-3.6836896e-05,-3.6836896e-05,-0.94157296,-0.94157296,-0.9415671,-0.9415675,1.8831158,6.214282,0.24870529222664348
6.0,0.0358467772019898,-3.6957867e-05,-3.6957867e-05,-0.9415728,-0.9415728,-0.94156694,-0.9415666,1.8831158,6.214282,0.24882231434998026
6.0,0.035856777201989806,-3.6836896e-05,-3.6836896e-05,-0.94157296,-0.94157296,-0.9415671,-0.9415675,1.8831158,6.214282,0.24893933647331704
6.0,0.0358667772019898,-3.6957867e-05,-3.6957867e-05,-0.9415728,-0.9415728,-0.94156694,-0.9415666,1.8831158,6.214282,0.24905635859665382
6.0,0.035876777201989805,-3.6836896e-05,-3.6836896e-05,-0.94157296,-0.94157296,-0.9415671,-0.9415675,1.8831158,6.214282,0.24917338071999065
6.0,0.03588677720198981,-3.6957867e-05,-3.6957867e-05,-0.9415728,-0.9415728,-0.94156694,-0.9415666,1.8831158,6.214282,0.24929040284332743
6.0,0.035896777201989805,-3.6836896e-05,-3.6836896e-05,-0.94157296,-0.94157296,-0.9415671,-0.9415675,1.8831158,6.214282,0.2494074249666642
6.0,0.03590677720198981,-3.6957867e-05,-3.6957867e-05,-0.9415728,-0.9415728,-0.94156694,-0.9415666,1.8831158,6.214282,0.249524447090001
6.0,0.035916777201989804,-3.6836896e-05,-3.6836896e-05,-0.94157296,-0.94157296,-0.9415671,-0.9415675,1.8831158,6.214282,0.24964146921333777
6.0,0.03592677720198981,-3.6957867e-05,-3.6957867e-05,-0.9415728,-0.9415728,-0.94156694,-0.9415666,1.8831158,6.214282,0.24975849133667455
6.0,0.0359367772019898,-3.6836896e-05,-3.6836896e-05,-0.94157296,-0.94157296,-0.9415671,-0.9415675,1.8831158,6.214282,0.24987551346001133
6.0,0.035946777201989806,-3.6957863e-05,-3.6957863e-05,-0.9415728,-0.9415728,-0.94156694,-0.9415666,1.8831158,6.214282,0.2499925355833481
6.0,0.0359567772019898,-3.6836896e-05,-3.6836896e-05,-0.94157296,-0.94157296,-0.9415671,-0.9415675,1.8831158,6.214282,0.2501095577066849
6.0,0.035966777201989805,-3.6957863e-05,-3.6957863e-05,-0.9415728,-0.9415728,-0.94156694,-0.9415666,1.8831158,6.214282,0.2502265798300217
6.0,0.03597677720198981,-3.6836896e-05,-3.6836896e-05,-0.94157296,-0.94157296,-0.9415671,-0.9415675,1.8831158,6.214282,0.25034360195335853
6.0,0.035986777201989804,-3.6957863e-05,-3.6957863e-05,-0.9415728,-0.9415728,-0.94156694,-0.9415666,1.8831158,6.214282,0.25046062407669534
6.0,0.03599677720198981,-3.6836896e-05,-3.6836896e-05,-0.94157296,-0.94157296,-0.9415671,-0.9415675,1.8831158,6.214282,0.25057764620003214
6.0,0.036006777201989804,-3.6957863e-05,-3.6957863e-05,-0.9415728,-0.9415728,-0.94156694,-0.9415666,1.8831158,6.214282,0.25069466832336895
6.0,0.03601677720198981,-3.6836896e-05,-3.6836896e-05,-0.94157296,-0.94157296,-0.9415671,-0.9415675,1.8831158,6.214282,0.25081169044670576
6.0,0.0360267772019898,-3.6957863e-05,-3.6957863e-05,-0.9415728,-0.9415728,-0.94156694,-0.9415666,1.8831158,6.214282,0.25092871257004257
6.0,0.036036777201989806,-3.6836896e-05,-3.6836896e-05,-0.94157296,-0.94157296,-0.9415671,-0.9415675,1.8831158,6.214282,0.2510457346933794
6.0,0.0360467772019898,-3.6957863e-05,-3.6957863e-05,-0.9415728,-0.9415728,-0.94156694,-0.9415666,1.8831158,6.214282,0.2511627568167162
6.0,0.036056777201989805,-3.6836896e-05,-3.6836896e-05,-0.94157296,-0.94157296,-0.9415671,-0.9415675,1.8831158,6.214282,0.251279778940053
6.0,0.03606677720198981,-3.6957863e-05,-3.6957863e-05,-0.9415728,-0.9415728,-0.94156694,-0.9415666,1.8831158,6.214282,0.2513968010633898
6.0,0.036076777201989804,-3.6836896e-05,-3.6836896e-05,-0.94157296,-0.94157296,-0.9415671,-0.9415675,1.8831158,6.214282,0.2515138231867266
6.0,0.03608677720198981,-3.6957863e-05,-3.6957863e-05,-0.9415728,-0.9415728,-0.94156694,-0.9415666,1.8831158,6.214282,0.2516308453100634
6.0,0.0360967772019898,-3.6836896e-05,-3.6836896e-05,-0.94157296,-0.94157296,-0.9415671,-0.9415675,1.8831158,6.214282,0.2517478674334002
6.0,0.036106777201989806,-3.6957863e-05,-3.6957863e-05,-0.9415728,-0.9415728,-0.94156694,-0.9415666,1.8831158,6.214282,0.251864889556737
6.0,0.0361167772019898,-3.6836896e-05,-3.6836896e-05,-0.94157296,-0.94157296,-0.9415671,-0.9415675,1.8831158,6.214282,0.25198191168007383
6.0,0.036126777201989806,-3.6957863e-05,-3.6957863e-05,-0.9415728,-0.9415728,-0.94156694,-0.9415666,1.8831158,6.214282,0.25209893380341064
6.0,0.0361367772019898,-3.6836896e-05,-3.6836896e-05,-0.94157296,-0.94157296,-0.9415671,-0.9415675,1.8831158,6.214282,0.25221595592674745
6.0,0.036146777201989805,-3.6957863e-05,-3.6957863e-05,-0.9415728,-0.9415728,-0.94156694,-0.9415666,1.8831158,6.214282,0.25233297805008426
6.0,0.03615677720198981,-3.6836896e-05,-3.6836896e-05,-0.94157296,-0.94157296,-0.9415671,-0.9415675,1.8831158,6.214282,0.25245000017342106
6.0,0.036166777201989804,-3.6957863e-05,-3.6957863e-05,-0.9415728,-0.9415728,-0.94156694,-0.9415666,1.8831158,6.214282,0.25256702229675787
6.0,0.03617677720198981,-3.6836896e-05,-3.6836896e-05,-0.94157296,-0.94157296,-0.9415671,-0.9415675,1.8831158,6.214282,0.2526840444200947
6.0,0.0361867772019898,-3.6957863e-05,-3.6957863e-05,-0.9415728,-0.9415728,-0.94156694,-0.9415666,1.8831158,6.214282,0.2528010665434315
6.0,0.036196777201989806,-3.6836896e-05,-3.6836896e-05,-0.94157296,-0.94157296,-0.9415671,-0.9415675,1.8831158,6.214282,0.2529180886667683
6.0,0.0362067772019898,-3.6957863e-05,-3.6957863e-05,-0.9415728,-0.9415728,-0.94156694,-0.9415666,1.8831158,6.214282,0.2530351107901051
6.0,0.036216777201989805,-3.6836896e-05,-3.6836896e-05,-0.94157296,-0.94157296,-0.9415671,-0.9415675,1.8831158,6.214282,0.2531521329134419
6.0,0.03622677720198981,-3.6957863e-05,-3.6957863e-05,-0.9415728,-0.9415728,-0.94156694,-0.9415666,1.8831158,6.214282,0.2532691550367787
6.0,0.036236777201989805,-3.6836896e-05,-3.6836896e-05,-0.94157296,-0.94157296,-0.9415671,-0.9415675,1.8831158,6.214282,0.2533861771601155
6.0,0.03624677720198981,-3.6957863e-05,-3.6957863e-05,-0.9415728,-0.9415728,-0.94156694,-0.9415666,1.8831158,6.214282,0.25350319928345233
6.0,0.036256777201989804,-3.6836896e-05,-3.6836896e-05,-0.94157296,-0.94157296,-0.9415671,-0.9415675,1.8831158,6.214282,0.25362022140678914
6.0,0.03626677720198981,-3.6957863e-05,-3.6957863e-05,-0.9415728,-0.9415728,-0.94156694,-0.9415666,1.8831158,6.214282,0.25373724353012594
6.0,0.0362767772019898,-3.6836896e-05,-3.6836896e-05,-0.94157296,-0.94157296,-0.9415671,-0.9415675,1.8831158,6.214282,0.25385426565346275
6.0,0.036286777201989806,-3.6957863e-05,-3.6957863e-05,-0.9415728,-0.9415728,-0.94156694,-0.9415666,1.8831158,6.214282,0.25397128777679956
6.0,0.0362967772019898,-3.6836896e-05,-3.6836896e-05,-0.94157296,-0.94157296,-0.9415671,-0.9415675,1.8831158,6.214282,0.25408830990013637
6.0,0.036306777201989805,-3.6957863e-05,-3.6957863e-05,-0.9415728,-0.9415728,-0.94156694,-0.9415666,1.8831158,6.214282,0.2542053320234732
6.0,0.03631677720198981,-3.6836896e-05,-3.6836896e-05,-0.94157296,-0.94157296,-0.9415671,-0.9415675,1.8831158,6.214282,0.25432235414681
6.0,0.036326777201989804,-3.6957863e-05,-3.6957863e-05,-0.9415728,-0.9415728,-0.94156694,-0.9415666,1.8831158,6.214282,0.2544393762701468
6.0,0.03633677720198981,-3.6836896e-05,-3.6836896e-05,-0.94157296,-0.94157296,-0.9415671,-0.9415675,1.8831158,6.214282,0.2545563983934836
6.0,0.036346777201989804,-3.6957863e-05,-3.6957863e-05,-0.9415728,-0.9415728,-0.94156694,-0.9415666,1.8831158,6.214282,0.2546734205168204
6.0,0.03635677720198981,-3.6836896e-05,-3.6836896e-05,-0.94157296,-0.94157296,-0.9415671,-0.9415675,1.8831158,6.214282,0.2547904426401572
6.0,0.0363667772019898,-3.6957863e-05,-3.6957863e-05,-0.9415728,-0.9415728,-0.94156694,-0.9415666,1.8831158,6.214282,0.254907464763494
6.0,0.036376777201989806,-3.6836896e-05,-3.6836896e-05,-0.94157296,-0.94157296,-0.9415671,-0.9415675,1.8831158,6.214282,0.2550244868868308
6.0,0.0363867772019898,-3.6957863e-05,-3.6957863e-05,-0.9415728,-0.9415728,-0.94156694,-0.9415666,1.8831158,6.214282,0.25514150901016763
6.0,0.036396777201989805,-3.6836896e-05,-3.6836896e-05,-0.94157296,-0.94157296,-0.9415671,-0.9415675,1.8831158,6.214282,0.25525853113350444
6.0,0.03640677720198981,-3.6957863e-05,-3.6957863e-05,-0.9415728,-0.9415728,-0.94156694,-0.9415666,1.8831158,6.214282,0.25537555325684125
6.0,0.036416777201989804,-3.6836896e-05,-3.6836896e-05,-0.94157296,-0.94157296,-0.9415671,-0.9415675,1.8831158,6.214282,0.25549257538017806
6.0,0.03642677720198981,-3.6957863e-05,-3.6957863e-05,-0.9415728,-0.9415728,-0.94156694,-0.9415666,1.8831158,6.214282,0.25560959750351486
6.0,0.0364367772019898,-3.6836896e-05,-3.6836896e-05,-0.94157296,-0.94157296,-0.9415671,-0.9415675,1.8831158,6.214282,0.25572661962685167
6.0,0.036446777201989806,-3.6957863e-05,-3.6957863e-05,-0.9415728,-0.9415728,-0.94156694,-0.9415666,1.8831158,6.214282,0.2558436417501885
6.0,0.0364567772019898,-3.6836896e-05,-3.6836896e-05,-0.94157296,-0.94157296,-0.9415671,-0.9415675,1.8831158,6.214282,0.2559606638735253
6.0,0.036466777201989806,-3.6957863e-05,-3.6957863e-05,-0.9415728,-0.9415728,-0.94156694,-0.9415666,1.8831158,6.214282,0.2560776859968621
6.0,0.0364767772019898,-3.6836896e-05,-3.6836896e-05,-0.94157296,-0.94157296,-0.9415671,-0.9415675,1.8831158,6.214282,0.2561947081201989
6.0,0.036486777201989805,-3.6957863e-05,-3.6957863e-05,-0.9415728,-0.9415728,-0.94156694,-0.9415666,1.8831158,6.214282,0.2563117302435357
6.0,0.03649677720198981,-3.6836896e-05,-3.6836896e-05,-0.94157296,-0.94157296,-0.9415671,-0.9415675,1.8831158,6.214282,0.2564287523668725
6.0,0.036506777201989804,-3.6957863e-05,-3.6957863e-05,-0.9415728,-0.9415728,-0.94156694,-0.9415666,1.8831158,6.214282,0.2565457744902093
6.0,0.03651677720198981,-3.6836896e-05,-3.6836896e-05,-0.94157296,-0.94157296,-0.9415671,-0.9415675,1.8831158,6.214282,0.25666279661354613
6.0,0.0365267772019898,-3.6957863e-05,-3.6957863e-05,-0.9415728,-0.9415728,-0.94156694,-0.9415666,1.8831158,6.214282,0.25677981873688294
6.0,0.036536777201989806,-3.6836896e-05,-3.6836896e-05,-0.94157296,-0.94157296,-0.9415671,-0.9415675,1.8831158,6.214282,0.25689684086021974
6.0,0.0365467772019898,-3.6957863e-05,-3.6957863e-05,-0.9415728,-0.9415728,-0.94156694,-0.9415666,1.8831158,6.214282,0.25701386298355655
6.0,0.036556777201989805,-3.6836896e-05,-3.6836896e-05,-0.94157296,-0.94157296,-0.9415671,-0.9415675,1.8831158,6.214282,0.25713088510689336
6.0,0.03656677720198981,-3.6957863e-05,-3.6957863e-05,-0.9415728,-0.9415728,-0.94156694,-0.9415666,1.8831158,6.214282,0.25724790723023017
6.0,0.036576777201989805,-3.6836896e-05,-3.6836896e-05,-0.94157296,-0.94157296,-0.9415671,-0.9415675,1.8831158,6.214282,0.257364929353567
6.0,0.03658677720198981,-3.6957863e-05,-3.6957863e-05,-0.9415728,-0.9415728,-0.94156694,-0.9415666,1.8831158,6.214282,0.2574819514769038
6.0,0.036596777201989804,-3.6836896e-05,-3.6836896e-05,-0.94157296,-0.94157296,-0.9415671,-0.9415675,1.8831158,6.214282,0.2575989736002406
6.0,0.03660677720198981,-3.6957863e-05,-3.6957863e-05,-0.9415728,-0.9415728,-0.94156694,-0.9415666,1.8831158,6.214282,0.2577159957235774
6.0,0.0366167772019898,-3.6836896e-05,-3.6836896e-05,-0.94157296,-0.94157296,-0.9415671,-0.9415675,1.8831158,6.214282,0.2578330178469142
6.0,0.036626777201989806,-3.6957863e-05,-3.6957863e-05,-0.9415728,-0.9415728,-0.94156694,-0.9415666,1.8831158,6.214282,0.257950039970251
6.0,0.0366367772019898,-3.68369e-05,-3.68369e-05,-0.94157296,-0.94157296,-0.9415671,-0.9415675,1.8831158,6.214282,0.2580670620935878
6.0,0.036646777201989805,-3.6957863e-05,-3.6957863e-05,-0.9415728,-0.9415728,-0.94156694,-0.9415666,1.8831158,6.214282,0.2581840842169246
6.0,0.03665677720198981,-3.68369e-05,-3.68369e-05,-0.94157296,-0.94157296,-0.9415671,-0.9415675,1.8831158,6.214282,0.25830110634026143
6.0,0.036666777201989804,-3.6957863e-05,-3.6957863e-05,-0.9415728,-0.9415728,-0.94156694,-0.9415666,1.8831158,6.214282,0.25841812846359824
6.0,0.03667677720198981,-3.68369e-05,-3.68369e-05,-0.94157296,-0.94157296,-0.9415671,-0.9415675,1.8831158,6.214282,0.25853515058693505
6.0,0.036686777201989804,-3.6957863e-05,-3.6957863e-05,-0.9415728,-0.9415728,-0.94156694,-0.9415666,1.8831158,6.214282,0.25865217271027185
6.0,0.03669677720198981,-3.68369e-05,-3.68369e-05,-0.94157296,-0.94157296,-0.9415671,-0.9415675,1.8831158,6.214282,0.25876919483360866
6.0,0.0367067772019898,-3.6957863e-05,-3.6957863e-05,-0.9415728,-0.9415728,-0.94156694,-0.9415666,1.8831158,6.214282,0.25888621695694547
6.0,0.036716777201989806,-3.68369e-05,-3.68369e-05,-0.94157296,-0.94157296,-0.9415671,-0.9415675,1.8831158,6.214282,0.2590032390802823
6.0,0.0367267772019898,-3.695786e-05,-3.695786e-05,-0.9415728,-0.9415728,-0.94156694,-0.9415666,1.8831158,6.214282,0.2591202612036191
6.0,0.036736777201989805,-3.68369e-05,-3.68369e-05,-0.94157296,-0.94157296,-0.9415671,-0.9415675,1.8831158,6.214282,0.2592372833269559
6.0,0.03674677720198981,-3.695786e-05,-3.695786e-05,-0.9415728,-0.9415728,-0.94156694,-0.9415666,1.8831158,6.214282,0.2593543054502927
6.0,0.036756777201989804,-3.68369e-05,-3.68369e-05,-0.94157296,-0.94157296,-0.9415671,-0.9415675,1.8831158,6.214282,0.2594713275736295
6.0,0.03676677720198981,-3.695786e-05,-3.695786e-05,-0.9415728,-0.9415728,-0.94156694,-0.9415666,1.8831158,6.214282,0.2595883496969663
6.0,0.0367767772019898,-3.68369e-05,-3.68369e-05,-0.94157296,-0.94157296,-0.9415671,-0.9415675,1.8831158,6.214282,0.2597053718203031
6.0,0.036786777201989806,-3.695786e-05,-3.695786e-05,-0.9415728,-0.9415728,-0.94156694,-0.9415666,1.8831158,6.214282,0.25982239394363993
6.0,0.0367967772019898,-3.68369e-05,-3.68369e-05,-0.94157296,-0.94157296,-0.9415671,-0.9415675,1.8831158,6.214282,0.25993941606697674
6.0,0.036806777201989806,-3.695786e-05,-3.695786e-05,-0.9415728,-0.9415728,-0.94156694,-0.9415666,1.8831158,6.214282,0.26005643819031354
6.0,0.0368167772019898,-3.68369e-05,-3.68369e-05,-0.94157296,-0.94157296,-0.9415671,-0.9415675,1.8831158,6.214282,0.26017346031365035
6.0,0.036826777201989805,-3.695786e-05,-3.695786e-05,-0.9415728,-0.9415728,-0.94156694,-0.9415666,1.8831158,6.214282,0.26029048243698716
6.0,0.03683677720198981,-3.68369e-05,-3.68369e-05,-0.94157296,-0.94157296,-0.9415671,-0.9415675,1.8831158,6.214282,0.26040750456032397
6.0,0.036846777201989804,-3.695786e-05,-3.695786e-05,-0.9415728,-0.9415728,-0.94156694,-0.9415666,1.8831158,6.214282,0.2605245266836608
6.0,0.03685677720198981,-3.68369e-05,-3.68369e-05,-0.94157296,-0.94157296,-0.9415671,-0.9415675,1.8831158,6.214282,0.2606415488069976
6.0,0.0368667772019898,-3.695786e-05,-3.695786e-05,-0.9415728,-0.9415728,-0.94156694,-0.9415666,1.8831158,6.214282,0.2607585709303344
6.0,0.036876777201989806,-3.68369e-05,-3.68369e-05,-0.94157296,-0.94157296,-0.9415671,-0.9415675,1.8831158,6.214282,0.2608755930536712
6.0,0.0368867772019898,-3.695786e-05,-3.695786e-05,-0.9415728,-0.9415728,-0.94156694,-0.9415666,1.8831158,6.214282,0.260992615177008
6.0,0.036896777201989805,-3.68369e-05,-3.68369e-05,-0.94157296,-0.94157296,-0.9415671,-0.9415675,1.8831158,6.214282,0.2611096373003448
6.0,0.03690677720198981,-3.695786e-05,-3.695786e-05,-0.9415728,-0.9415728,-0.94156694,-0.9415666,1.8831158,6.214282,0.2612266594236816
6.0,0.036916777201989805,-3.68369e-05,-3.68369e-05,-0.94157296,-0.94157296,-0.9415671,-0.9415675,1.8831158,6.214282,0.2613436815470184
6.0,0.03692677720198981,-3.695786e-05,-3.695786e-05,-0.9415728,-0.9415728,-0.94156694,-0.9415666,1.8831158,6.214282,0.26146070367035523
6.0,0.036936777201989804,-3.68369e-05,-3.68369e-05,-0.94157296,-0.94157296,-0.9415671,-0.9415675,1.8831158,6.214282,0.26157772579369204
6.0,0.03694677720198981,-3.695786e-05,-3.695786e-05,-0.9415728,-0.9415728,-0.94156694,-0.9415666,1.8831158,6.214282,0.26169474791702885
6.0,0.0369567772019898,-3.68369e-05,-3.68369e-05,-0.94157296,-0.94157296,-0.9415671,-0.9415675,1.8831158,6.214282,0.26181177004036565
6.0,0.036966777201989806,-3.695786e-05,-3.695786e-05,-0.9415728,-0.9415728,-0.94156694,-0.9415666,1.8831158,6.214282,0.26192879216370246
6.0,0.0369767772019898,-3.68369e-05,-3.68369e-05,-0.94157296,-0.94157296,-0.9415671,-0.9415675,1.8831158,6.214282,0.26204581428703927
6.0,0.036986777201989805,-3.695786e-05,-3.695786e-05,-0.9415728,-0.9415728,-0.94156694,-0.9415666,1.8831158,6.214282,0.2621628364103761
6.0,0.03699677720198981,-3.68369e-05,-3.68369e-05,-0.94157296,-0.94157296,-0.9415671,-0.9415675,1.8831158,6.214282,0.2622798585337129
6.0,0.037006777201989804,-3.695786e-05,-3.695786e-05,-0.9415728,-0.9415728,-0.94156694,-0.9415666,1.8831158,6.214282,0.2623968806570497
6.0,0.03701677720198981,-3.68369e-05,-3.68369e-05,-0.94157296,-0.94157296,-0.9415671,-0.9415675,1.8831158,6.214282,0.2625139027803865
6.0,0.037026777201989804,-3.695786e-05,-3.695786e-05,-0.9415728,-0.9415728,-0.94156694,-0.9415666,1.8831158,6.214282,0.2626309249037233
6.0,0.03703677720198981,-3.68369e-05,-3.68369e-05,-0.94157296,-0.94157296,-0.9415671,-0.9415675,1.8831158,6.214282,0.2627479470270601
6.0,0.0370467772019898,-3.695786e-05,-3.695786e-05,-0.9415728,-0.9415728,-0.94156694,-0.9415666,1.8831158,6.214282,0.2628649691503969
6.0,0.037056777201989806,-3.68369e-05,-3.68369e-05,-0.94157296,-0.94157296,-0.9415671,-0.9415675,1.8831158,6.214282,0.26298199127373373
6.0,0.0370667772019898,-3.695786e-05,-3.695786e-05,-0.9415728,-0.9415728,-0.94156694,-0.9415666,1.8831158,6.214282,0.26309901339707054
6.0,0.037076777201989805,-3.68369e-05,-3.68369e-05,-0.94157296,-0.94157296,-0.9415671,-0.9415675,1.8831158,6.214282,0.26321603552040734
6.0,0.03708677720198981,-3.695786e-05,-3.695786e-05,-0.9415728,-0.9415728,-0.94156694,-0.9415666,1.8831158,6.214282,0.26333305764374415
6.0,0.037096777201989804,-3.68369e-05,-3.68369e-05,-0.94157296,-0.94157296,-0.9415671,-0.9415675,1.8831158,6.214282,0.26345007976708096
6.0,0.03710677720198981,-3.695786e-05,-3.695786e-05,-0.9415728,-0.9415728,-0.94156694,-0.9415666,1.8831158,6.214282,0.26356710189041777
6.0,0.0371167772019898,-3.68369e-05,-3.68369e-05,-0.94157296,-0.94157296,-0.9415671,-0.9415675,1.8831158,6.214282,0.2636841240137546
6.0,0.037126777201989807,-3.695786e-05,-3.695786e-05,-0.9415728,-0.9415728,-0.94156694,-0.9415666,1.8831158,6.214282,0.2638011461370914
6.0,0.0371367772019898,-3.68369e-05,-3.68369e-05,-0.94157296,-0.94157296,-0.9415671,-0.9415675,1.8831158,6.214282,0.2639181682604282
6.0,0.037146777201989806,-3.695786e-05,-3.695786e-05,-0.9415728,-0.9415728,-0.94156694,-0.9415666,1.8831158,6.214282,0.264035190383765
6.0,0.0371567772019898,-3.68369e-05,-3.68369e-05,-0.94157296,-0.94157296,-0.9415671,-0.9415675,1.8831158,6.214282,0.2641522125071018
6.0,0.037166777201989805,-3.695786e-05,-3.695786e-05,-0.9415728,-0.9415728,-0.94156694,-0.9415666,1.8831158,6.214282,0.2642692346304386
6.0,0.03717677720198981,-3.68369e-05,-3.68369e-05,-0.94157296,-0.94157296,-0.9415671,-0.9415675,1.8831158,6.214282,0.2643862567537754
6.0,0.037186777201989804,-3.695786e-05,-3.695786e-05,-0.9415728,-0.9415728,-0.94156694,-0.9415666,1.8831158,6.214282,0.2645032788771122
6.0,0.03719677720198981,-3.68369e-05,-3.68369e-05,-0.94157296,-0.94157296,-0.9415671,-0.9415675,1.8831158,6.214282,0.26462030100044903
6.0,0.0372067772019898,-3.695786e-05,-3.695786e-05,-0.9415728,-0.9415728,-0.94156694,-0.9415666,1.8831158,6.214282,0.26473732312378584
6.0,0.037216777201989806,-3.68369e-05,-3.68369e-05,-0.94157296,-0.94157296,-0.9415671,-0.9415675,1.8831158,6.214282,0.26485434524712265
6.0,0.0372267772019898,-3.695786e-05,-3.695786e-05,-0.9415728,-0.9415728,-0.94156694,-0.9415666,1.8831158,6.214282,0.26497136737045945
6.0,0.037236777201989806,-3.68369e-05,-3.68369e-05,-0.94157296,-0.94157296,-0.9415671,-0.9415675,1.8831158,6.214282,0.26508838949379626
6.0,0.0372467772019898,-3.695786e-05,-3.695786e-05,-0.9415728,-0.9415728,-0.94156694,-0.9415666,1.8831158,6.214282,0.26520541161713307
6.0,0.037256777201989805,-3.68369e-05,-3.68369e-05,-0.94157296,-0.94157296,-0.9415671,-0.9415675,1.8831158,6.214282,0.2653224337404699
6.0,0.03726677720198981,-3.695786e-05,-3.695786e-05,-0.9415728,-0.9415728,-0.94156694,-0.9415666,1.8831158,6.214282,0.2654394558638067
6.0,0.037276777201989804,-3.68369e-05,-3.68369e-05,-0.94157296,-0.94157296,-0.9415671,-0.9415675,1.8831158,6.214282,0.2655564779871435
6.0,0.03728677720198981,-3.695786e-05,-3.695786e-05,-0.9415728,-0.9415728,-0.94156694,-0.9415666,1.8831158,6.214282,0.2656735001104803
6.0,0.0372967772019898,-3.68369e-05,-3.68369e-05,-0.94157296,-0.94157296,-0.9415671,-0.9415675,1.8831158,6.214282,0.2657905222338171
6.0,0.037306777201989806,-3.695786e-05,-3.695786e-05,-0.9415728,-0.9415728,-0.94156694,-0.9415666,1.8831158,6.214282,0.2659075443571539
6.0,0.0373167772019898,-3.68369e-05,-3.68369e-05,-0.94157296,-0.94157296,-0.9415671,-0.9415675,1.8831158,6.214282,0.2660245664804907
6.0,0.037326777201989805,-3.695786e-05,-3.695786e-05,-0.9415728,-0.9415728,-0.94156694,-0.9415666,1.8831158,6.214282,0.26614158860382753
6.0,0.03733677720198981,-3.68369e-05,-3.68369e-05,-0.94157296,-0.94157296,-0.9415671,-0.9415675,1.8831158,6.214282,0.26625861072716434
6.0,0.037346777201989804,-3.695786e-05,-3.695786e-05,-0.9415728,-0.9415728,-0.94156694,-0.9415666,1.8831158,6.214282,0.26637563285050114
6.0,0.03735677720198981,-3.68369e-05,-3.68369e-05,-0.94157296,-0.94157296,-0.9415671,-0.9415675,1.8831158,6.214282,0.26649265497383795
6.0,0.037366777201989804,-3.695786e-05,-3.695786e-05,-0.9415728,-0.9415728,-0.94156694,-0.9415666,1.8831158,6.214282,0.26660967709717476
6.0,0.03737677720198981,-3.68369e-05,-3.68369e-05,-0.94157296,-0.94157296,-0.9415671,-0.9415675,1.8831158,6.214282,0.26672669922051156
6.0,0.0373867772019898,-3.695786e-05,-3.695786e-05,-0.9415728,-0.9415728,-0.94156694,-0.9415666,1.8831158,6.214282,0.2668437213438484
6.0,0.037396777201989806,-3.68369e-05,-3.68369e-05,-0.94157296,-0.94157296,-0.9415671,-0.9415675,1.8831158,6.214282,0.2669607434671852
6.0,0.0374067772019898,-3.695786e-05,-3.695786e-05,-0.9415728,-0.9415728,-0.94156694,-0.9415666,1.8831158,6.214282,0.267077765590522
6.0,0.037416777201989805,-3.68369e-05,-3.68369e-05,-0.94157296,-0.94157296,-0.9415671,-0.9415675,1.8831158,6.214282,0.2671947877138588
6.0,0.03742677720198981,-3.695786e-05,-3.695786e-05,-0.9415728,-0.9415728,-0.94156694,-0.9415666,1.8831158,6.214282,0.2673118098371956
6.0,0.037436777201989804,-3.68369e-05,-3.68369e-05,-0.94157296,-0.94157296,-0.9415671,-0.9415675,1.8831158,6.214282,0.2674288319605324
6.0,0.03744677720198981,-3.695786e-05,-3.695786e-05,-0.9415728,-0.9415728,-0.94156694,-0.9415666,1.8831158,6.214282,0.2675458540838692
6.0,0.037456777201989803,-3.68369e-05,-3.68369e-05,-0.94157296,-0.94157296,-0.9415671,-0.9415675,1.8831158,6.214282,0.267662876207206
6.0,0.03746677720198981,-3.695786e-05,-3.695786e-05,-0.9415728,-0.9415728,-0.94156694,-0.9415666,1.8831158,6.214282,0.26777989833054283
6.0,0.0374767772019898,-3.68369e-05,-3.68369e-05,-0.94157296,-0.94157296,-0.9415671,-0.9415675,1.8831158,6.214282,0.26789692045387964
6.0,0.037486777201989806,-3.695786e-05,-3.695786e-05,-0.9415728,-0.9415728,-0.94156694,-0.9415666,1.8831158,6.214282,0.26801394257721645
6.0,0.0374967772019898,-3.68369e-05,-3.68369e-05,-0.94157296,-0.94157296,-0.9415671,-0.9415675,1.8831158,6.214282,0.26813096470055325
6.0,0.037506777201989805,-3.695786e-05,-3.695786e-05,-0.9415728,-0.9415728,-0.94156694,-0.9415666,1.8831158,6.214282,0.26824798682389006
6.0,0.03751677720198981,-3.68369e-05,-3.68369e-05,-0.94157296,-0.94157296,-0.9415671,-0.9415675,1.8831158,6.214282,0.26836500894722687
6.0,0.037526777201989804,-3.695786e-05,-3.695786e-05,-0.9415728,-0.9415728,-0.94156694,-0.9415666,1.8831158,6.214282,0.2684820310705637
6.0,0.03753677720198981,-3.68369e-05,-3.68369e-05,-0.94157296,-0.94157296,-0.9415671,-0.9415675,1.8831158,6.214282,0.2685990531939005
6.0,0.0375467772019898,-3.695786e-05,-3.695786e-05,-0.9415728,-0.9415728,-0.94156694,-0.9415666,1.8831158,6.214282,0.2687160753172373
6.0,0.037556777201989806,-3.68369e-05,-3.68369e-05,-0.94157296,-0.94157296,-0.9415671,-0.9415675,1.8831158,6.214282,0.2688330974405741
6.0,0.0375667772019898,-3.695786e-05,-3.695786e-05,-0.9415728,-0.9415728,-0.94156694,-0.9415666,1.8831158,6.214282,0.2689501195639109
6.0,0.037576777201989806,-3.68369e-05,-3.68369e-05,-0.94157296,-0.94157296,-0.9415671,-0.9415675,1.8831158,6.214282,0.2690671416872477
6.0,0.0375867772019898,-3.695786e-05,-3.695786e-05,-0.9415728,-0.9415728,-0.94156694,-0.9415666,1.8831158,6.214282,0.2691841638105845
6.0,0.037596777201989805,-3.68369e-05,-3.68369e-05,-0.94157296,-0.94157296,-0.9415671,-0.9415675,1.8831158,6.214282,0.2693011859339213
6.0,0.03760677720198981,-3.695786e-05,-3.695786e-05,-0.9415728,-0.9415728,-0.94156694,-0.9415666,1.8831158,6.214282,0.26941820805725814
6.0,0.037616777201989804,-3.68369e-05,-3.68369e-05,-0.94157296,-0.94157296,-0.9415671,-0.9415675,1.8831158,6.214282,0.26953523018059494
6.0,0.03762677720198981,-3.695786e-05,-3.695786e-05,-0.9415728,-0.9415728,-0.94156694,-0.9415666,1.8831158,6.214282,0.26965225230393175
6.0,0.0376367772019898,-3.68369e-05,-3.68369e-05,-0.94157296,-0.94157296,-0.9415671,-0.9415675,1.8831158,6.214282,0.26976927442726856
6.0,0.037646777201989806,-3.695786e-05,-3.695786e-05,-0.9415728,-0.9415728,-0.94156694,-0.9415666,1.8831158,6.214282,0.26988629655060536
6.0,0.0376567772019898,-3.68369e-05,-3.68369e-05,-0.94157296,-0.94157296,-0.9415671,-0.9415675,1.8831158,6.214282,0.27000331867394217
6.0,0.037666777201989805,-3.695786e-05,-3.695786e-05,-0.9415728,-0.9415728,-0.94156694,-0.9415666,1.8831158,6.214282,0.270120340797279
6.0,0.03767677720198981,-3.68369e-05,-3.68369e-05,-0.94157296,-0.94157296,-0.9415671,-0.9415675,1.8831158,6.214282,0.2702373629206158
6.0,0.037686777201989805,-3.695786e-05,-3.695786e-05,-0.9415728,-0.9415728,-0.94156694,-0.9415666,1.8831158,6.214282,0.2703543850439526
6.0,0.03769677720198981,-3.68369e-05,-3.68369e-05,-0.94157296,-0.94157296,-0.9415671,-0.9415675,1.8831158,6.214282,0.2704714071672894
6.0,0.037706777201989804,-3.695786e-05,-3.695786e-05,-0.9415728,-0.9415728,-0.94156694,-0.9415666,1.8831158,6.214282,0.2705884292906262
6.0,0.03771677720198981,-3.68369e-05,-3.68369e-05,-0.94157296,-0.94157296,-0.9415671,-0.9415675,1.8831158,6.214282,0.270705451413963
6.0,0.0377267772019898,-3.695786e-05,-3.695786e-05,-0.9415728,-0.9415728,-0.94156694,-0.9415666,1.8831158,6.214282,0.2708224735372998
6.0,0.037736777201989806,-3.68369e-05,-3.68369e-05,-0.94157296,-0.94157296,-0.9415671,-0.9415675,1.8831158,6.214282,0.27093949566063663
6.0,0.0377467772019898,-3.695786e-05,-3.695786e-05,-0.9415728,-0.9415728,-0.94156694,-0.9415666,1.8831158,6.214282,0.27105651778397344
6.0,0.037756777201989805,-3.68369e-05,-3.68369e-05,-0.94157296,-0.94157296,-0.9415671,-0.9415675,1.8831158,6.214282,0.27117353990731025
6.0,0.03776677720198981,-3.695786e-05,-3.695786e-05,-0.9415728,-0.9415728,-0.94156694,-0.9415666,1.8831158,6.214282,0.27129056203064705
6.0,0.037776777201989804,-3.68369e-05,-3.68369e-05,-0.94157296,-0.94157296,-0.9415671,-0.9415675,1.8831158,6.214282,0.27140758415398386
6.0,0.03778677720198981,-3.695786e-05,-3.695786e-05,-0.9415728,-0.9415728,-0.94156694,-0.9415666,1.8831158,6.214282,0.27152460627732067
6.0,0.037796777201989804,-3.68369e-05,-3.68369e-05,-0.94157296,-0.94157296,-0.9415671,-0.9415675,1.8831158,6.214282,0.2716416284006575
6.0,0.03780677720198981,-3.695786e-05,-3.695786e-05,-0.9415728,-0.9415728,-0.94156694,-0.9415666,1.8831158,6.214282,0.2717586505239943
6.0,0.0378167772019898,-3.68369e-05,-3.68369e-05,-0.94157296,-0.94157296,-0.9415671,-0.9415675,1.8831158,6.214282,0.2718756726473311
6.0,0.037826777201989806,-3.6957856e-05,-3.6957856e-05,-0.9415728,-0.9415728,-0.94156694,-0.9415666,1.8831158,6.214282,0.2719926947706679
6.0,0.0378367772019898,-3.68369e-05,-3.68369e-05,-0.94157296,-0.94157296,-0.9415671,-0.9415675,1.8831158,6.214282,0.2721097168940047
6.0,0.037846777201989805,-3.6957856e-05,-3.6957856e-05,-0.9415728,-0.9415728,-0.94156694,-0.9415666,1.8831158,6.214282,0.2722267390173415
6.0,0.03785677720198981,-3.68369e-05,-3.68369e-05,-0.94157296,-0.94157296,-0.9415671,-0.9415675,1.8831158,6.214282,0.2723437611406783
6.0,0.037866777201989804,-3.6957856e-05,-3.6957856e-05,-0.9415728,-0.9415728,-0.94156694,-0.9415666,1.8831158,6.214282,0.2724607832640151
6.0,0.03787677720198981,-3.68369e-05,-3.68369e-05,-0.94157296,-0.94157296,-0.9415671,-0.9415675,1.8831158,6.214282,0.27257780538735193
6.0,0.0378867772019898,-3.6957856e-05,-3.6957856e-05,-0.9415728,-0.9415728,-0.94156694,-0.9415666,1.8831158,6.214282,0.27269482751068874
6.0,0.037896777201989806,-3.68369e-05,-3.68369e-05,-0.94157296,-0.94157296,-0.9415671,-0.9415675,1.8831158,6.214282,0.27281184963402555
6.0,0.0379067772019898,-3.6957856e-05,-3.6957856e-05,-0.9415728,-0.9415728,-0.94156694,-0.9415666,1.8831158,6.214282,0.27292887175736236
6.0,0.037916777201989806,-3.68369e-05,-3.68369e-05,-0.94157296,-0.94157296,-0.9415671,-0.9415675,1.8831158,6.214282,0.27304589388069916
6.0,0.0379267772019898,-3.6957856e-05,-3.6957856e-05,-0.9415728,-0.9415728,-0.94156694,-0.9415666,1.8831158,6.214282,0.27316291600403597
6.0,0.037936777201989805,-3.68369e-05,-3.68369e-05,-0.94157296,-0.94157296,-0.9415671,-0.9415675,1.8831158,6.214282,0.2732799381273728
6.0,0.03794677720198981,-3.6957856e-05,-3.6957856e-05,-0.9415728,-0.9415728,-0.94156694,-0.9415666,1.8831158,6.214282,0.2733969602507096
6.0,0.037956777201989804,-3.68369e-05,-3.68369e-05,-0.94157296,-0.94157296,-0.9415671,-0.9415675,1.8831158,6.214282,0.2735139823740464
6.0,0.03796677720198981,-3.6957856e-05,-3.6957856e-05,-0.9415728,-0.9415728,-0.94156694,-0.9415666,1.8831158,6.214282,0.2736310044973832
6.0,0.0379767772019898,-3.68369e-05,-3.68369e-05,-0.94157296,-0.94157296,-0.9415671,-0.9415675,1.8831158,6.214282,0.27374802662072
6.0,0.037986777201989806,-3.6957856e-05,-3.6957856e-05,-0.9415728,-0.9415728,-0.94156694,-0.9415666,1.8831158,6.214282,0.2738650487440568
6.0,0.0379967772019898,-3.68369e-05,-3.68369e-05,-0.94157296,-0.94157296,-0.9415671,-0.9415675,1.8831158,6.214282,0.2739820708673936
6.0,0.038006777201989805,-3.6957856e-05,-3.6957856e-05,-0.9415728,-0.9415728,-0.94156694,-0.9415666,1.8831158,6.214282,0.27409909299073043
6.0,0.03801677720198981,-3.68369e-05,-3.68369e-05,-0.94157296,-0.94157296,-0.9415671,-0.9415675,1.8831158,6.214282,0.27421611511406724
6.0,0.038026777201989805,-3.6957856e-05,-3.6957856e-05,-0.9415728,-0.9415728,-0.94156694,-0.9415666,1.8831158,6.214282,0.27433313723740405
6.0,0.03803677720198981,-3.68369e-05,-3.68369e-05,-0.94157296,-0.94157296,-0.9415671,-0.9415675,1.8831158,6.214282,0.27445015936074085
6.0,0.038046777201989804,-3.6957856e-05,-3.6957856e-05,-0.9415728,-0.9415728,-0.94156694,-0.9415666,1.8831158,6.214282,0.27456718148407766
6.0,0.03805677720198981,-3.68369e-05,-3.68369e-05,-0.94157296,-0.94157296,-0.9415671,-0.9415675,1.8831158,6.214282,0.27468420360741447
6.0,0.0380667772019898,-3.6957856e-05,-3.6957856e-05,-0.9415728,-0.9415728,-0.94156694,-0.9415666,1.8831158,6.214282,0.2748012257307513
6.0,0.038076777201989806,-3.68369e-05,-3.68369e-05,-0.94157296,-0.94157296,-0.9415671,-0.9415675,1.8831158,6.214282,0.2749182478540881
6.0,0.0380867772019898,-3.6957856e-05,-3.6957856e-05,-0.9415728,-0.9415728,-0.94156694,-0.9415666,1.8831158,6.214282,0.2750352699774249
6.0,0.038096777201989805,-3.68369e-05,-3.68369e-05,-0.94157296,-0.94157296,-0.9415671,-0.9415675,1.8831158,6.214282,0.2751522921007617
6.0,0.03810677720198981,-3.6957856e-05,-3.6957856e-05,-0.9415728,-0.9415728,-0.94156694,-0.9415666,1.8831158,6.214282,0.2752693142240985
6.0,0.038116777201989804,-3.68369e-05,-3.68369e-05,-0.94157296,-0.94157296,-0.9415671,-0.9415675,1.8831158,6.214282,0.2753863363474353
6.0,0.03812677720198981,-3.6957856e-05,-3.6957856e-05,-0.9415728,-0.9415728,-0.94156694,-0.9415666,1.8831158,6.214282,0.2755033584707721
6.0,0.038136777201989804,-3.6836904e-05,-3.6836904e-05,-0.94157296,-0.94157296,-0.9415671,-0.9415675,1.8831158,6.214282,0.2756203805941089
6.0,0.03814677720198981,-3.6957856e-05,-3.6957856e-05,-0.9415728,-0.9415728,-0.94156694,-0.9415666,1.8831158,6.214282,0.27573740271744573
6.0,0.0381567772019898,-3.6836904e-05,-3.6836904e-05,-0.94157296,-0.94157296,-0.9415671,-0.9415675,1.8831158,6.214282,0.27585442484078254
6.0,0.038166777201989806,-3.6957856e-05,-3.6957856e-05,-0.9415728,-0.9415728,-0.94156694,-0.9415666,1.8831158,6.214282,0.27597144696411935
6.0,0.0381767772019898,-3.6836904e-05,-3.6836904e-05,-0.94157296,-0.94157296,-0.9415671,-0.9415675,1.8831158,6.214282,0.27608846908745616
6.0,0.038186777201989805,-3.6957856e-05,-3.6957856e-05,-0.9415728,-0.9415728,-0.94156694,-0.9415666,1.8831158,6.214282,0.27620549121079296
6.0,0.03819677720198981,-3.6836904e-05,-3.6836904e-05,-0.94157296,-0.94157296,-0.9415671,-0.9415675,1.8831158,6.214282,0.27632251333412977
6.0,0.038206777201989804,-3.6957856e-05,-3.6957856e-05,-0.9415728,-0.9415728,-0.94156694,-0.9415666,1.8831158,6.214282,0.2764395354574666
6.0,0.03821677720198981,-3.6836904e-05,-3.6836904e-05,-0.94157296,-0.94157296,-0.9415671,-0.9415675,1.8831158,6.214282,0.2765565575808034
6.0,0.0382267772019898,-3.6957856e-05,-3.6957856e-05,-0.9415728,-0.9415728,-0.94156694,-0.9415666,1.8831158,6.214282,0.2766735797041402
6.0,0.038236777201989806,-3.6836904e-05,-3.6836904e-05,-0.94157296,-0.94157296,-0.9415671,-0.9415675,1.8831158,6.214282,0.276790601827477
6.0,0.0382467772019898,-3.6957856e-05,-3.6957856e-05,-0.9415728,-0.9415728,-0.94156694,-0.9415666,1.8831158,6.214282,0.2769076239508138
6.0,0.038256777201989806,-3.6836904e-05,-3.6836904e-05,-0.94157296,-0.94157296,-0.9415671,-0.9415675,1.8831158,6.214282,0.2770246460741506
6.0,0.0382667772019898,-3.6957856e-05,-3.6957856e-05,-0.9415728,-0.9415728,-0.94156694,-0.9415666,1.8831158,6.214282,0.2771416681974874
6.0,0.038276777201989805,-3.6836904e-05,-3.6836904e-05,-0.94157296,-0.94157296,-0.9415671,-0.9415675,1.8831158,6.214282,0.27725869032082423
6.0,0.03828677720198981,-3.6957856e-05,-3.6957856e-05,-0.9415728,-0.9415728,-0.94156694,-0.9415666,1.8831158,6.214282,0.27737571244416104
6.0,0.038296777201989804,-3.6836904e-05,-3.6836904e-05,-0.94157296,-0.94157296,-0.9415671,-0.9415675,1.8831158,6.214282,0.27749273456749785
6.0,0.03830677720198981,-3.6957856e-05,-3.6957856e-05,-0.9415728,-0.9415728,-0.94156694,-0.9415666,1.8831158,6.214282,0.27760975669083465
6.0,0.0383167772019898,-3.6836904e-05,-3.6836904e-05,-0.94157296,-0.94157296,-0.9415671,-0.9415675,1.8831158,6.214282,0.27772677881417146
6.0,0.038326777201989806,-3.6957856e-05,-3.6957856e-05,-0.9415728,-0.9415728,-0.94156694,-0.9415666,1.8831158,6.214282,0.27784380093750827
6.0,0.0383367772019898,-3.6836904e-05,-3.6836904e-05,-0.94157296,-0.94157296,-0.9415671,-0.9415675,1.8831158,6.214282,0.2779608230608451
6.0,0.038346777201989805,-3.6957856e-05,-3.6957856e-05,-0.9415728,-0.9415728,-0.94156694,-0.9415666,1.8831158,6.214282,0.2780778451841819
6.0,0.03835677720198981,-3.6836904e-05,-3.6836904e-05,-0.94157296,-0.94157296,-0.9415671,-0.9415675,1.8831158,6.214282,0.2781948673075187
6.0,0.038366777201989805,-3.6957856e-05,-3.6957856e-05,-0.9415728,-0.9415728,-0.94156694,-0.9415666,1.8831158,6.214282,0.2783118894308555
6.0,0.03837677720198981,-3.6836904e-05,-3.6836904e-05,-0.94157296,-0.94157296,-0.9415671,-0.9415675,1.8831158,6.214282,0.2784289115541923
6.0,0.038386777201989804,-3.6957856e-05,-3.6957856e-05,-0.9415728,-0.9415728,-0.94156694,-0.9415666,1.8831158,6.214282,0.2785459336775291
6.0,0.03839677720198981,-3.6836904e-05,-3.6836904e-05,-0.94157296,-0.94157296,-0.9415671,-0.9415675,1.8831158,6.214282,0.2786629558008659
6.0,0.0384067772019898,-3.6957856e-05,-3.6957856e-05,-0.9415728,-0.9415728,-0.94156694,-0.9415666,1.8831158,6.214282,0.2787799779242027
6.0,0.038416777201989806,-3.6836904e-05,-3.6836904e-05,-0.94157296,-0.94157296,-0.9415671,-0.9415675,1.8831158,6.214282,0.27889700004753953
6.0,0.0384267772019898,-3.6957856e-05,-3.6957856e-05,-0.9415728,-0.9415728,-0.94156694,-0.9415666,1.8831158,6.214282,0.27901402217087634
6.0,0.038436777201989805,-3.6836904e-05,-3.6836904e-05,-0.94157296,-0.94157296,-0.9415671,-0.9415675,1.8831158,6.214282,0.27913104429421315
6.0,0.03844677720198981,-3.6957856e-05,-3.6957856e-05,-0.9415728,-0.9415728,-0.94156694,-0.9415666,1.8831158,6.214282,0.27924806641754996
6.0,0.038456777201989804,-3.6836904e-05,-3.6836904e-05,-0.94157296,-0.94157296,-0.9415671,-0.9415675,1.8831158,6.214282,0.27936508854088676
6.0,0.03846677720198981,-3.6957856e-05,-3.6957856e-05,-0.9415728,-0.9415728,-0.94156694,-0.9415666,1.8831158,6.214282,0.27948211066422357
6.0,0.038476777201989804,-3.6836904e-05,-3.6836904e-05,-0.94157296,-0.94157296,-0.9415671,-0.9415675,1.8831158,6.214282,0.2795991327875604
6.0,0.03848677720198981,-3.6957856e-05,-3.6957856e-05,-0.9415728,-0.9415728,-0.94156694,-0.9415666,1.8831158,6.214282,0.2797161549108972
6.0,0.0384967772019898,-3.6836904e-05,-3.6836904e-05,-0.94157296,-0.94157296,-0.9415671,-0.9415675,1.8831158,6.214282,0.279833177034234
6.0,0.038506777201989806,-3.6957856e-05,-3.6957856e-05,-0.9415728,-0.9415728,-0.94156694,-0.9415666,1.8831158,6.214282,0.2799501991575708
6.0,0.0385167772019898,-3.6836904e-05,-3.6836904e-05,-0.94157296,-0.94157296,-0.9415671,-0.9415675,1.8831158,6.214282,0.2800672212809076
6.0,0.038526777201989805,-3.6957856e-05,-3.6957856e-05,-0.9415728,-0.9415728,-0.94156694,-0.9415666,1.8831158,6.214282,0.2801842434042444
6.0,0.03853677720198981,-3.6836904e-05,-3.6836904e-05,-0.94157296,-0.94157296,-0.9415671,-0.9415675,1.8831158,6.214282,0.2803012655275812
6.0,0.038546777201989804,-3.6957856e-05,-3.6957856e-05,-0.9415728,-0.9415728,-0.94156694,-0.9415666,1.8831158,6.214282,0.28041828765091803
6.0,0.03855677720198981,-3.6836904e-05,-3.6836904e-05,-0.94157296,-0.94157296,-0.9415671,-0.9415675,1.8831158,6.214282,0.28053530977425484
6.0,0.0385667772019898,-3.6957856e-05,-3.6957856e-05,-0.9415728,-0.9415728,-0.94156694,-0.9415666,1.8831158,6.214282,0.28065233189759164
6.0,0.038576777201989806,-3.6836904e-05,-3.6836904e-05,-0.94157296,-0.94157296,-0.9415671,-0.9415675,1.8831158,6.214282,0.28076935402092845
6.0,0.0385867772019898,-3.6957856e-05,-3.6957856e-05,-0.9415728,-0.9415728,-0.94156694,-0.9415666,1.8831158,6.214282,0.28088637614426526
6.0,0.038596777201989806,-3.6836904e-05,-3.6836904e-05,-0.94157296,-0.94157296,-0.9415671,-0.9415675,1.8831158,6.214282,0.28100339826760207
6.0,0.0386067772019898,-3.6957856e-05,-3.6957856e-05,-0.9415728,-0.9415728,-0.94156694,-0.9415666,1.8831158,6.214282,0.2811204203909389
6.0,0.038616777201989805,-3.6836904e-05,-3.6836904e-05,-0.94157296,-0.94157296,-0.9415671,-0.9415675,1.8831158,6.214282,0.2812374425142757
6.0,0.03862677720198981,-3.6957856e-05,-3.6957856e-05,-0.9415728,-0.9415728,-0.94156694,-0.9415666,1.8831158,6.214282,0.2813544646376125
6.0,0.038636777201989804,-3.6836904e-05,-3.6836904e-05,-0.94157296,-0.94157296,-0.9415671,-0.9415675,1.8831158,6.214282,0.2814714867609493
6.0,0.03864677720198981,-3.6957856e-05,-3.6957856e-05,-0.9415728,-0.9415728,-0.94156694,-0.9415666,1.8831158,6.214282,0.2815885088842861
6.0,0.0386567772019898,-3.6836904e-05,-3.6836904e-05,-0.94157296,-0.94157296,-0.9415671,-0.9415675,1.8831158,6.214282,0.2817055310076229
6.0,0.038666777201989806,-3.6957856e-05,-3.6957856e-05,-0.9415728,-0.9415728,-0.94156694,-0.9415666,1.8831158,6.214282,0.2818225531309597
6.0,0.0386767772019898,-3.6836904e-05,-3.6836904e-05,-0.94157296,-0.94157296,-0.9415671,-0.9415675,1.8831158,6.214282,0.2819395752542965
6.0,0.038686777201989805,-3.6957856e-05,-3.6957856e-05,-0.9415728,-0.9415728,-0.94156694,-0.9415666,1.8831158,6.214282,0.28205659737763333
6.0,0.0386967772019898,-3.6836904e-05,-3.6836904e-05,-0.94157296,-0.94157296,-0.9415671,-0.9415675,1.8831158,6.214282,0.28217361950097014
6.0,0.038706777201989805,-3.6957856e-05,-3.6957856e-05,-0.9415728,-0.9415728,-0.94156694,-0.9415666,1.8831158,6.214282,0.28229064162430695
6.0,0.03871677720198981,-3.6836904e-05,-3.6836904e-05,-0.94157296,-0.94157296,-0.9415671,-0.9415675,1.8831158,6.214282,0.28240766374764376
6.0,0.038726777201989804,-3.6957856e-05,-3.6957856e-05,-0.9415728,-0.9415728,-0.94156694,-0.9415666,1.8831158,6.214282,0.28252468587098056
6.0,0.03873677720198981,-3.6836904e-05,-3.6836904e-05,-0.94157296,-0.94157296,-0.9415671,-0.9415675,1.8831158,6.214282,0.28264170799431737
6.0,0.0387467772019898,-3.6957856e-05,-3.6957856e-05,-0.9415728,-0.9415728,-0.94156694,-0.9415666,1.8831158,6.214282,0.2827587301176542
6.0,0.038756777201989806,-3.6836904e-05,-3.6836904e-05,-0.94157296,-0.94157296,-0.9415671,-0.9415675,1.8831158,6.214282,0.282875752240991
6.0,0.0387667772019898,-3.6957856e-05,-3.6957856e-05,-0.9415728,-0.9415728,-0.94156694,-0.9415666,1.8831158,6.214282,0.2829927743643278
6.0,0.038776777201989805,-3.6836904e-05,-3.6836904e-05,-0.94157296,-0.94157296,-0.9415671,-0.9415675,1.8831158,6.214282,0.2831097964876646
6.0,0.03878677720198981,-3.6957856e-05,-3.6957856e-05,-0.9415728,-0.9415728,-0.94156694,-0.9415666,1.8831158,6.214282,0.2832268186110014
6.0,0.038796777201989804,-3.6836904e-05,-3.6836904e-05,-0.94157296,-0.94157296,-0.9415671,-0.9415675,1.8831158,6.214282,0.2833438407343382
6.0,0.03880677720198981,-3.6957856e-05,-3.6957856e-05,-0.9415728,-0.9415728,-0.94156694,-0.9415666,1.8831158,6.214282,0.283460862857675
6.0,0.038816777201989804,-3.6836904e-05,-3.6836904e-05,-0.94157296,-0.94157296,-0.9415671,-0.9415675,1.8831158,6.214282,0.28357788498101183
6.0,0.03882677720198981,-3.6957856e-05,-3.6957856e-05,-0.9415728,-0.9415728,-0.94156694,-0.9415666,1.8831158,6.214282,0.28369490710434864
6.0,0.0388367772019898,-3.6836904e-05,-3.6836904e-05,-0.94157296,-0.94157296,-0.9415671,-0.9415675,1.8831158,6.214282,0.28381192922768544
6.0,0.038846777201989806,-3.6957856e-05,-3.6957856e-05,-0.9415728,-0.9415728,-0.94156694,-0.9415666,1.8831158,6.214282,0.28392895135102225
6.0,0.0388567772019898,-3.6836904e-05,-3.6836904e-05,-0.94157296,-0.94157296,-0.9415671,-0.9415675,1.8831158,6.214282,0.28404597347435906
6.0,0.038866777201989805,-3.6957856e-05,-3.6957856e-05,-0.9415728,-0.9415728,-0.94156694,-0.9415666,1.8831158,6.214282,0.28416299559769587
6.0,0.03887677720198981,-3.6836904e-05,-3.6836904e-05,-0.94157296,-0.94157296,-0.9415671,-0.9415675,1.8831158,6.214282,0.2842800177210327
6.0,0.038886777201989804,-3.6957856e-05,-3.6957856e-05,-0.9415728,-0.9415728,-0.94156694,-0.9415666,1.8831158,6.214282,0.2843970398443695
6.0,0.03889677720198981,-3.6836904e-05,-3.6836904e-05,-0.94157296,-0.94157296,-0.9415671,-0.9415675,1.8831158,6.214282,0.2845140619677063
6.0,0.0389067772019898,-3.6957856e-05,-3.6957856e-05,-0.9415728,-0.9415728,-0.94156694,-0.9415666,1.8831158,6.214282,0.2846310840910431
6.0,0.038916777201989806,-3.6836904e-05,-3.6836904e-05,-0.94157296,-0.94157296,-0.9415671,-0.9415675,1.8831158,6.214282,0.2847481062143799
6.0,0.0389267772019898,-3.6957856e-05,-3.6957856e-05,-0.9415728,-0.9415728,-0.94156694,-0.9415666,1.8831158,6.214282,0.2848651283377167
6.0,0.038936777201989806,-3.6836904e-05,-3.6836904e-05,-0.94157296,-0.94157296,-0.9415671,-0.9415675,1.8831158,6.214282,0.2849821504610535
6.0,0.0389467772019898,-3.6957856e-05,-3.6957856e-05,-0.9415728,-0.9415728,-0.94156694,-0.9415666,1.8831158,6.214282,0.2850991725843903
6.0,0.038956777201989805,-3.6836904e-05,-3.6836904e-05,-0.94157296,-0.94157296,-0.9415671,-0.9415675,1.8831158,6.214282,0.28521619470772713
6.0,0.03896677720198981,-3.6957856e-05,-3.6957856e-05,-0.9415728,-0.9415728,-0.94156694,-0.9415666,1.8831158,6.214282,0.28533321683106394
6.0,0.038976777201989804,-3.6836904e-05,-3.6836904e-05,-0.94157296,-0.94157296,-0.9415671,-0.9415675,1.8831158,6.214282,0.28545023895440075
6.0,0.03898677720198981,-3.6957856e-05,-3.6957856e-05,-0.9415728,-0.9415728,-0.94156694,-0.9415666,1.8831158,6.214282,0.28556726107773756
6.0,0.0389967772019898,-3.6836904e-05,-3.6836904e-05,-0.94157296,-0.94157296,-0.9415671,-0.9415675,1.8831158,6.214282,0.28568428320107436
6.0,0.039006777201989806,-3.6957856e-05,-3.6957856e-05,-0.9415728,-0.9415728,-0.94156694,-0.9415666,1.8831158,6.214282,0.28580130532441117
6.0,0.0390167772019898,-3.6836904e-05,-3.6836904e-05,-0.94157296,-0.94157296,-0.9415671,-0.9415675,1.8831158,6.214282,0.285918327447748
6.0,0.039026777201989805,-3.6957856e-05,-3.6957856e-05,-0.9415728,-0.9415728,-0.94156694,-0.9415666,1.8831158,6.214282,0.2860353495710848
6.0,0.0390367772019898,-3.6836904e-05,-3.6836904e-05,-0.94157296,-0.94157296,-0.9415671,-0.9415675,1.8831158,6.214282,0.2861523716944216
6.0,0.039046777201989805,-3.6957856e-05,-3.6957856e-05,-0.9415728,-0.9415728,-0.94156694,-0.9415666,1.8831158,6.214282,0.2862693938177584
6.0,0.03905677720198981,-3.6836904e-05,-3.6836904e-05,-0.94157296,-0.94157296,-0.9415671,-0.9415675,1.8831158,6.214282,0.2863864159410952
6.0,0.039066777201989804,-3.6957852e-05,-3.6957852e-05,-0.9415728,-0.9415728,-0.94156694,-0.9415666,1.8831158,6.214282,0.286503438064432
6.0,0.03907677720198981,-3.6836904e-05,-3.6836904e-05,-0.94157296,-0.94157296,-0.9415671,-0.9415675,1.8831158,6.214282,0.2866204601877688
6.0,0.0390867772019898,-3.6957852e-05,-3.6957852e-05,-0.9415728,-0.9415728,-0.94156694,-0.9415666,1.8831158,6.214282,0.28673748231110563
6.0,0.039096777201989806,-3.6836904e-05,-3.6836904e-05,-0.94157296,-0.94157296,-0.9415671,-0.9415675,1.8831158,6.214282,0.28685450443444244
6.0,0.0391067772019898,-3.6957852e-05,-3.6957852e-05,-0.9415728,-0.9415728,-0.94156694,-0.9415666,1.8831158,6.214282,0.28697152655777924
6.0,0.039116777201989805,-3.6836904e-05,-3.6836904e-05,-0.94157296,-0.94157296,-0.9415671,-0.9415675,1.8831158,6.214282,0.28708854868111605
6.0,0.03912677720198981,-3.6957852e-05,-3.6957852e-05,-0.9415728,-0.9415728,-0.94156694,-0.9415666,1.8831158,6.214282,0.28720557080445286
6.0,0.039136777201989804,-3.6836904e-05,-3.6836904e-05,-0.94157296,-0.94157296,-0.9415671,-0.9415675,1.8831158,6.214282,0.28732259292778967
6.0,0.03914677720198981,-3.6957852e-05,-3.6957852e-05,-0.9415728,-0.9415728,-0.94156694,-0.9415666,1.8831158,6.214282,0.2874396150511265
6.0,0.039156777201989804,-3.6836904e-05,-3.6836904e-05,-0.94157296,-0.94157296,-0.9415671,-0.9415675,1.8831158,6.214282,0.2875566371744633
6.0,0.03916677720198981,-3.6957852e-05,-3.6957852e-05,-0.9415728,-0.9415728,-0.94156694,-0.9415666,1.8831158,6.214282,0.2876736592978001
6.0,0.0391767772019898,-3.6836904e-05,-3.6836904e-05,-0.94157296,-0.94157296,-0.9415671,-0.9415675,1.8831158,6.214282,0.2877906814211369
6.0,0.039186777201989806,-3.6957852e-05,-3.6957852e-05,-0.9415728,-0.9415728,-0.94156694,-0.9415666,1.8831158,6.214282,0.2879077035444737
6.0,0.0391967772019898,-3.6836904e-05,-3.6836904e-05,-0.94157296,-0.94157296,-0.9415671,-0.9415675,1.8831158,6.214282,0.2880247256678105
6.0,0.039206777201989805,-3.6957852e-05,-3.6957852e-05,-0.9415728,-0.9415728,-0.94156694,-0.9415666,1.8831158,6.214282,0.2881417477911473
6.0,0.03921677720198981,-3.6836904e-05,-3.6836904e-05,-0.94157296,-0.94157296,-0.9415671,-0.9415675,1.8831158,6.214282,0.2882587699144841
6.0,0.039226777201989804,-3.6957852e-05,-3.6957852e-05,-0.9415728,-0.9415728,-0.94156694,-0.9415666,1.8831158,6.214282,0.28837579203782093
6.0,0.03923677720198981,-3.6836904e-05,-3.6836904e-05,-0.94157296,-0.94157296,-0.9415671,-0.9415675,1.8831158,6.214282,0.28849281416115774
6.0,0.0392467772019898,-3.6957852e-05,-3.6957852e-05,-0.9415728,-0.9415728,-0.94156694,-0.9415666,1.8831158,6.214282,0.28860983628449455
6.0,0.039256777201989806,-3.6836904e-05,-3.6836904e-05,-0.94157296,-0.94157296,-0.9415671,-0.9415675,1.8831158,6.214282,0.28872685840783135
6.0,0.0392667772019898,-3.6957852e-05,-3.6957852e-05,-0.9415728,-0.9415728,-0.94156694,-0.9415666,1.8831158,6.214282,0.28884388053116816
6.0,0.039276777201989806,-3.6836904e-05,-3.6836904e-05,-0.94157296,-0.94157296,-0.9415671,-0.9415675,1.8831158,6.214282,0.28896090265450497
6.0,0.0392867772019898,-3.6957852e-05,-3.6957852e-05,-0.9415728,-0.9415728,-0.94156694,-0.9415666,1.8831158,6.214282,0.2890779247778418
6.0,0.039296777201989805,-3.6836904e-05,-3.6836904e-05,-0.94157296,-0.94157296,-0.9415671,-0.9415675,1.8831158,6.214282,0.2891949469011786
6.0,0.03930677720198981,-3.6957852e-05,-3.6957852e-05,-0.9415728,-0.9415728,-0.94156694,-0.9415666,1.8831158,6.214282,0.2893119690245154
6.0,0.039316777201989804,-3.6836904e-05,-3.6836904e-05,-0.94157296,-0.94157296,-0.9415671,-0.9415675,1.8831158,6.214282,0.2894289911478522
6.0,0.03932677720198981,-3.6957852e-05,-3.6957852e-05,-0.9415728,-0.9415728,-0.94156694,-0.9415666,1.8831158,6.214282,0.289546013271189
6.0,0.0393367772019898,-3.6836904e-05,-3.6836904e-05,-0.94157296,-0.94157296,-0.9415671,-0.9415675,1.8831158,6.214282,0.2896630353945258
6.0,0.039346777201989806,-3.6957852e-05,-3.6957852e-05,-0.9415728,-0.9415728,-0.94156694,-0.9415666,1.8831158,6.214282,0.2897800575178626
6.0,0.0393567772019898,-3.6836904e-05,-3.6836904e-05,-0.94157296,-0.94157296,-0.9415671,-0.9415675,1.8831158,6.214282,0.28989707964119943
6.0,0.039366777201989805,-3.6957852e-05,-3.6957852e-05,-0.9415728,-0.9415728,-0.94156694,-0.9415666,1.8831158,6.214282,0.29001410176453624
6.0,0.0393767772019898,-3.6836904e-05,-3.6836904e-05,-0.94157296,-0.94157296,-0.9415671,-0.9415675,1.8831158,6.214282,0.29013112388787304
6.0,0.039386777201989805,-3.6957852e-05,-3.6957852e-05,-0.9415728,-0.9415728,-0.94156694,-0.9415666,1.8831158,6.214282,0.29024814601120985
6.0,0.03939677720198981,-3.6836904e-05,-3.6836904e-05,-0.94157296,-0.94157296,-0.9415671,-0.9415675,1.8831158,6.214282,0.29036516813454666
6.0,0.039406777201989804,-3.6957852e-05,-3.6957852e-05,-0.9415728,-0.9415728,-0.94156694,-0.9415666,1.8831158,6.214282,0.29048219025788347
6.0,0.03941677720198981,-3.6836907e-05,-3.6836907e-05,-0.94157296,-0.94157296,-0.9415671,-0.9415675,1.8831158,6.214282,0.2905992123812203
6.0,0.0394267772019898,-3.6957852e-05,-3.6957852e-05,-0.9415728,-0.9415728,-0.94156694,-0.9415666,1.8831158,6.214282,0.2907162345045571
6.0,0.039436777201989806,-3.6836907e-05,-3.6836907e-05,-0.94157296,-0.94157296,-0.9415671,-0.9415675,1.8831158,6.214282,0.2908332566278939
6.0,0.0394467772019898,-3.6957852e-05,-3.6957852e-05,-0.9415728,-0.9415728,-0.94156694,-0.9415666,1.8831158,6.214282,0.2909502787512307
6.0,0.039456777201989805,-3.6836907e-05,-3.6836907e-05,-0.94157296,-0.94157296,-0.9415671,-0.9415675,1.8831158,6.214282,0.2910673008745675
6.0,0.03946677720198981,-3.6957852e-05,-3.6957852e-05,-0.9415728,-0.9415728,-0.94156694,-0.9415666,1.8831158,6.214282,0.2911843229979043
6.0,0.039476777201989804,-3.6836907e-05,-3.6836907e-05,-0.94157296,-0.94157296,-0.9415671,-0.9415675,1.8831158,6.214282,0.2913013451212411
6.0,0.03948677720198981,-3.6957852e-05,-3.6957852e-05,-0.9415728,-0.9415728,-0.94156694,-0.9415666,1.8831158,6.214282,0.2914183672445779
6.0,0.039496777201989804,-3.6836907e-05,-3.6836907e-05,-0.94157296,-0.94157296,-0.9415671,-0.9415675,1.8831158,6.214282,0.29153538936791473
6.0,0.03950677720198981,-3.6957852e-05,-3.6957852e-05,-0.9415728,-0.9415728,-0.94156694,-0.9415666,1.8831158,6.214282,0.29165241149125154
6.0,0.0395167772019898,-3.6836907e-05,-3.6836907e-05,-0.94157296,-0.94157296,-0.9415671,-0.9415675,1.8831158,6.214282,0.29176943361458835
6.0,0.039526777201989806,-3.6957852e-05,-3.6957852e-05,-0.9415728,-0.9415728,-0.94156694,-0.9415666,1.8831158,6.214282,0.29188645573792515
6.0,0.0395367772019898,-3.6836907e-05,-3.6836907e-05,-0.94157296,-0.94157296,-0.9415671,-0.9415675,1.8831158,6.214282,0.29200347786126196
6.0,0.039546777201989805,-3.6957852e-05,-3.6957852e-05,-0.9415728,-0.9415728,-0.94156694,-0.9415666,1.8831158,6.214282,0.29212049998459877
6.0,0.03955677720198981,-3.6836907e-05,-3.6836907e-05,-0.94157296,-0.94157296,-0.9415671,-0.9415675,1.8831158,6.214282,0.2922375221079356
6.0,0.039566777201989804,-3.6957852e-05,-3.6957852e-05,-0.9415728,-0.9415728,-0.94156694,-0.9415666,1.8831158,6.214282,0.2923545442312724
6.0,0.03957677720198981,-3.6836907e-05,-3.6836907e-05,-0.94157296,-0.94157296,-0.9415671,-0.9415675,1.8831158,6.214282,0.2924715663546092
6.0,0.0395867772019898,-3.6957852e-05,-3.6957852e-05,-0.9415728,-0.9415728,-0.94156694,-0.9415666,1.8831158,6.214282,0.292588588477946
6.0,0.039596777201989806,-3.6836907e-05,-3.6836907e-05,-0.94157296,-0.94157296,-0.9415671,-0.9415675,1.8831158,6.214282,0.2927056106012828
6.0,0.0396067772019898,-3.6957852e-05,-3.6957852e-05,-0.9415728,-0.9415728,-0.94156694,-0.9415666,1.8831158,6.214282,0.2928226327246196
6.0,0.039616777201989806,-3.6836907e-05,-3.6836907e-05,-0.94157296,-0.94157296,-0.9415671,-0.9415675,1.8831158,6.214282,0.2929396548479564
6.0,0.0396267772019898,-3.6957852e-05,-3.6957852e-05,-0.9415728,-0.9415728,-0.94156694,-0.9415666,1.8831158,6.214282,0.29305667697129323
6.0,0.039636777201989805,-3.6836907e-05,-3.6836907e-05,-0.94157296,-0.94157296,-0.9415671,-0.9415675,1.8831158,6.214282,0.29317369909463004
6.0,0.03964677720198981,-3.6957852e-05,-3.6957852e-05,-0.9415728,-0.9415728,-0.94156694,-0.9415666,1.8831158,6.214282,0.29329072121796684
6.0,0.039656777201989804,-3.6836907e-05,-3.6836907e-05,-0.94157296,-0.94157296,-0.9415671,-0.9415675,1.8831158,6.214282,0.29340774334130365
6.0,0.03966677720198981,-3.6957852e-05,-3.6957852e-05,-0.9415728,-0.9415728,-0.94156694,-0.9415666,1.8831158,6.214282,0.29352476546464046
6.0,0.0396767772019898,-3.6836907e-05,-3.6836907e-05,-0.94157296,-0.94157296,-0.9415671,-0.9415675,1.8831158,6.214282,0.29364178758797727
6.0,0.039686777201989806,-3.6957852e-05,-3.6957852e-05,-0.9415728,-0.9415728,-0.94156694,-0.9415666,1.8831158,6.214282,0.2937588097113141
6.0,0.0396967772019898,-3.6836907e-05,-3.6836907e-05,-0.94157296,-0.94157296,-0.9415671,-0.9415675,1.8831158,6.214282,0.2938758318346509
6.0,0.039706777201989805,-3.6957852e-05,-3.6957852e-05,-0.9415728,-0.9415728,-0.94156694,-0.9415666,1.8831158,6.214282,0.2939928539579877
6.0,0.0397167772019898,-3.6836907e-05,-3.6836907e-05,-0.94157296,-0.94157296,-0.9415671,-0.9415675,1.8831158,6.214282,0.2941098760813245
6.0,0.039726777201989805,-3.6957852e-05,-3.6957852e-05,-0.9415728,-0.9415728,-0.94156694,-0.9415666,1.8831158,6.214282,0.2942268982046613
6.0,0.03973677720198981,-3.6836907e-05,-3.6836907e-05,-0.94157296,-0.94157296,-0.9415671,-0.9415675,1.8831158,6.214282,0.2943439203279981
6.0,0.039746777201989804,-3.6957852e-05,-3.6957852e-05,-0.9415728,-0.9415728,-0.94156694,-0.9415666,1.8831158,6.214282,0.2944609424513349
6.0,0.03975677720198981,-3.6836907e-05,-3.6836907e-05,-0.94157296,-0.94157296,-0.9415671,-0.9415675,1.8831158,6.214282,0.2945779645746717
6.0,0.0397667772019898,-3.6957852e-05,-3.6957852e-05,-0.9415728,-0.9415728,-0.94156694,-0.9415666,1.8831158,6.214282,0.29469498669800853
6.0,0.039776777201989806,-3.6836907e-05,-3.6836907e-05,-0.94157296,-0.94157296,-0.9415671,-0.9415675,1.8831158,6.214282,0.29481200882134534
6.0,0.0397867772019898,-3.6957852e-05,-3.6957852e-05,-0.9415728,-0.9415728,-0.94156694,-0.9415666,1.8831158,6.214282,0.29492903094468215
6.0,0.039796777201989805,-3.6836907e-05,-3.6836907e-05,-0.94157296,-0.94157296,-0.9415671,-0.9415675,1.8831158,6.214282,0.29504605306801895
6.0,0.0398067772019898,-3.6957852e-05,-3.6957852e-05,-0.9415728,-0.9415728,-0.94156694,-0.9415666,1.8831158,6.214282,0.29516307519135576
6.0,0.039816777201989804,-3.6836907e-05,-3.6836907e-05,-0.94157296,-0.94157296,-0.9415671,-0.9415675,1.8831158,6.214282,0.29528009731469257
6.0,0.03982677720198981,-3.6957852e-05,-3.6957852e-05,-0.9415728,-0.9415728,-0.94156694,-0.9415666,1.8831158,6.214282,0.2953971194380294
6.0,0.039836777201989804,-3.6836907e-05,-3.6836907e-05,-0.94157296,-0.94157296,-0.9415671,-0.9415675,1.8831158,6.214282,0.2955141415613662
6.0,0.03984677720198981,-3.6957852e-05,-3.6957852e-05,-0.9415728,-0.9415728,-0.94156694,-0.9415666,1.8831158,6.214282,0.295631163684703
6.0,0.0398567772019898,-3.6836907e-05,-3.6836907e-05,-0.94157296,-0.94157296,-0.9415671,-0.9415675,1.8831158,6.214282,0.2957481858080398
6.0,0.039866777201989806,-3.6957852e-05,-3.6957852e-05,-0.9415728,-0.9415728,-0.94156694,-0.9415666,1.8831158,6.214282,0.2958652079313766
6.0,0.0398767772019898,-3.6836907e-05,-3.6836907e-05,-0.94157296,-0.94157296,-0.9415671,-0.9415675,1.8831158,6.214282,0.2959822300547134
6.0,0.039886777201989805,-3.6957852e-05,-3.6957852e-05,-0.9415728,-0.9415728,-0.94156694,-0.9415666,1.8831158,6.214282,0.2960992521780502
6.0,0.03989677720198981,-3.6836907e-05,-3.6836907e-05,-0.94157296,-0.94157296,-0.9415671,-0.9415675,1.8831158,6.214282,0.29621627430138703
6.0,0.039906777201989804,-3.6957852e-05,-3.6957852e-05,-0.9415728,-0.9415728,-0.94156694,-0.9415666,1.8831158,6.214282,0.29633329642472384
6.0,0.03991677720198981,-3.6836907e-05,-3.6836907e-05,-0.94157296,-0.94157296,-0.9415671,-0.9415675,1.8831158,6.214282,0.29645031854806064
6.0,0.0399267772019898,-3.6957852e-05,-3.6957852e-05,-0.9415728,-0.9415728,-0.94156694,-0.9415666,1.8831158,6.214282,0.29656734067139745
6.0,0.039936777201989807,-3.6836907e-05,-3.6836907e-05,-0.94157296,-0.94157296,-0.9415671,-0.9415675,1.8831158,6.214282,0.29668436279473426
6.0,0.0399467772019898,-3.6957852e-05,-3.6957852e-05,-0.9415728,-0.9415728,-0.94156694,-0.9415666,1.8831158,6.214282,0.29680138491807107
6.0,0.039956777201989806,-3.6836907e-05,-3.6836907e-05,-0.94157296,-0.94157296,-0.9415671,-0.9415675,1.8831158,6.214282,0.2969184070414079
6.0,0.0399667772019898,-3.6957852e-05,-3.6957852e-05,-0.9415728,-0.9415728,-0.94156694,-0.9415666,1.8831158,6.214282,0.2970354291647447
6.0,0.039976777201989805,-3.6836907e-05,-3.6836907e-05,-0.94157296,-0.94157296,-0.9415671,-0.9415675,1.8831158,6.214282,0.2971524512880815
6.0,0.03998677720198981,-3.6957852e-05,-3.6957852e-05,-0.9415728,-0.9415728,-0.94156694,-0.9415666,1.8831158,6.214282,0.2972694734114183
6.0,0.039996777201989804,-3.6836907e-05,-3.6836907e-05,-0.94157296,-0.94157296,-0.9415671,-0.9415675,1.8831158,6.214282,0.2973468414063986
6.0,0.04,-3.6957852e-05,-3.6957852e-05,-0.9415728,-0.9415728,-0.94156694,-0.9415666,1.8831158,6.214282,0.2973845552730225
