config_id,t_s,Icell11_A,Icell12_A,Icell21_A,Icell22_A,Icell31_A,Icell32_A,I_RL_A,V_out_diff_V,E_out_J
1.0,0.0,-3.5354112e-06,-3.5354112e-06,-2.67223e-07,-2.67223e-07,-2.6563808e-07,-2.6563808e-07,5.061707e-07,1.66893e-06,8.447634479284133e-23
1.0,9.999999439624929e-11,-3.5353855e-06,-3.5353855e-06,-2.6720875e-07,-2.6720875e-07,-2.6563183e-07,-2.6563197e-07,5.061707e-07,1.66893e-06,2.53429034378524e-22
1.0,3.9999997758499717e-10,-3.5351886e-06,-3.5351886e-06,-2.6709566e-07,-2.6709566e-07,-2.6557993e-07,-2.6558044e-07,5.061708e-07,1.66893e-06,5.490962980740795e-22
1.0,7.999999551699943e-10,-3.5346197e-06,-3.5346197e-06,-2.6675562e-07,-2.6675562e-07,-2.654223e-07,-2.6542344e-07,5.061712e-07,1.66893e-06,1.0559548872481412e-21
1.0,1.5999999103399887e-09,-3.5324276e-06,-3.5324276e-06,-2.654108e-07,-2.654108e-07,-2.6478648e-07,-2.6478864e-07,5.0617274e-07,1.4305115e-06,1.9248579650899588e-21
1.0,3.1999998206799773e-09,-3.5240164e-06,-3.5240164e-06,-2.6014573e-07,-2.6014573e-07,-2.6228386e-07,-2.6228818e-07,5.061789e-07,1.66893e-06,3.95232302639001e-21
1.0,6.399999641359955e-09,-3.4919058e-06,-3.4919058e-06,-2.3987553e-07,-2.3987553e-07,-2.5267002e-07,-2.5267826e-07,5.062032e-07,1.66893e-06,8.007448045161716e-21
1.0,1.279999928271991e-08,-3.4508332e-06,-3.4508332e-06,-1.5566019e-07,-1.5566019e-07,-1.9991826e-07,-1.9993614e-07,5.0628273e-07,1.4305115e-06,1.4960182918069813e-20
1.0,2.559999856543982e-08,-3.1854706e-06,-3.1854706e-06,1.95115e-07,1.95115e-07,-2.98191e-08,-2.984664e-08,5.0660356e-07,1.66893e-06,2.96176344137734e-20
1.0,4.747225463320329e-08,-2.0842892e-06,-2.0842892e-06,9.895939e-07,9.895939e-07,3.2992858e-07,3.2988896e-07,5.076613e-07,1.66893e-06,5.326907858694813e-20
1.0,8.143100654203199e-08,2.850908e-07,2.850908e-07,2.4586022e-06,2.4586022e-06,1.0161235e-06,1.016078e-06,5.1022704e-07,1.66893e-06,7.563363954601504e-20
1.0,9.999999999999989e-08,1.6815238e-06,1.6815238e-06,3.313842e-06,3.313842e-06,1.4109137e-06,1.4108717e-06,5.1196304e-07,1.4305115e-06,9.654179615417954e-20
1.0,1.385283327549937e-07,3.6563074e-07,3.6563074e-07,2.5386018e-06,2.5386018e-06,1.1176162e-06,1.1176985e-06,5.125753e-07,1.66893e-06,1.3003728610601069e-19
1.0,1.7831059475573526e-07,-1.8778805e-05,-1.8778805e-05,-9.217223e-06,-9.217223e-06,-4.365211e-06,-4.3646974e-06,4.963664e-07,1.4305115e-06,1.5186150531870568e-19
1.0,1.9999999999999989e-07,-3.1879896e-05,-3.1879896e-05,-1.7229671e-05,-1.7229671e-05,-8.072798e-06,-8.072553e-06,4.825843e-07,1.4305115e-06,1.7409855789424885e-19
1.0,2.427338485938576e-07,-5.0964376e-05,-5.0964376e-05,-2.8847444e-05,-2.8847444e-05,-1.3564689e-05,-1.3564368e-05,4.5523365e-07,1.4305115e-06,2.030082679325394e-19
1.0,2.887867277793441e-07,-6.3269275e-05,-6.3269275e-05,-3.6332407e-05,-3.6332407e-05,-1.7267537e-05,-1.7267515e-05,4.2650132e-07,1.1920929e-06,2.340377138466204e-19
1.0,3.6479389948191615e-07,-6.5965396e-05,-6.5965396e-05,-3.778983e-05,-3.778983e-05,-1.8407987e-05,-1.840796e-05,3.8838283e-07,1.1920929e-06,2.5575558751655275e-19
1.0,3.826027821740257e-07,-6.5934015e-05,-6.5934015e-05,-3.7743037e-05,-3.7743037e-05,-1.8501369e-05,-1.8501369e-05,3.798494e-07,1.1920929e-06,2.67851802457939e-19
1.0,4.182205475582448e-07,-6.577023e-05,-6.577023e-05,-3.7557005e-05,-3.7557005e-05,-1.8633735e-05,-1.8633738e-05,3.6288546e-07,1.1920929e-06,2.9096380552616215e-19
1.0,4.894560783266831e-07,-6.541818e-05,-6.541818e-05,-3.706398e-05,-3.706398e-05,-1.881349e-05,-1.8813493e-05,3.2928634e-07,1.1920929e-06,3.3290798728383634e-19
1.0,6.319271398635594e-07,-6.477381e-05,-6.477381e-05,-3.5949983e-05,-3.5949983e-05,-1.9094621e-05,-1.9094627e-05,2.633642e-07,9.536743e-07,3.865833199927506e-19
1.0,9.168692629373123e-07,-6.382222e-05,-6.382222e-05,-3.372758e-05,-3.372758e-05,-1.9613954e-05,-1.9613957e-05,1.365846e-07,4.7683716e-07,4.144201483272118e-19
1.0,1.4867535090848182e-06,-6.308693e-05,-6.308693e-05,-2.99681e-05,-2.99681e-05,-2.083218e-05,-2.0832182e-05,-9.57597e-08,-2.3841858e-07,4.2908304548597417e-19
1.0,2.2013479459268224e-06,-6.477476e-05,-6.477476e-05,-2.5116817e-05,-2.5116817e-05,-2.06827e-05,-2.0682688e-05,-3.4207326e-07,-1.1920929e-06,7.846105973826178e-19
1.0,3.230462608881183e-06,-8.504682e-05,-8.504682e-05,-1.816181e-05,-1.816181e-05,-3.0306296e-06,-3.0305491e-06,-5.383475e-07,-1.66893e-06,1.991385874349519e-18
1.0,4.887654518316048e-06,-0.00013294561,-0.00013294561,-1.3669628e-06,-1.3669628e-06,2.9459392e-05,2.9459428e-05,-3.5540174e-07,-9.536743e-07,2.6833708910572777e-18
1.0,7.313722777665535e-06,-0.000122051,-0.000122051,3.0598515e-06,3.0598515e-06,1.9616858e-05,1.9616798e-05,2.3032291e-07,7.1525574e-07,3.0805848190979854e-18
1.0,9.709974129742714e-06,-9.2557595e-05,-9.2557595e-05,1.9485665e-06,1.9485665e-06,-1.8427528e-06,-1.8427479e-06,4.904753e-07,1.66893e-06,5.217350186620616e-18
1.0,1.2534456390226054e-05,-8.5094835e-05,-8.5094835e-05,-6.7746083e-07,-6.7746083e-07,-2.1060605e-06,-2.1060764e-06,5.1602956e-07,1.66893e-06,8.866089407656485e-18
1.0,1.8183420911192733e-05,-0.00012761934,-0.00012761934,-2.1050451e-05,-2.1050451e-05,-1.672382e-06,-1.6723731e-06,4.5271636e-07,1.4305115e-06,1.2886797551344622e-17
1.0,2.49514082536894e-05,-0.00015634419,-0.00015634419,-5.2889125e-05,-5.2889125e-05,-1.5073817e-06,-1.5073975e-06,2.5165997e-07,7.1525574e-07,1.439592678231043e-17
1.0,3.4951408253689404e-05,-0.00016530289,-0.00016530289,-5.8587193e-05,-5.8587193e-05,-7.6465295e-07,-7.6463965e-07,-1.351574e-07,-4.7683716e-07,1.5040407521160366e-17
1.0,4.49514082536894e-05,-0.00016060408,-0.00016060408,-5.4612723e-05,-5.4612723e-05,-8.4458327e-07,-8.44597e-07,-5.7498994e-07,-1.9073486e-06,2.600747028256816e-17
1.0,5.49514082536894e-05,-0.00015677349,-0.00015677349,-4.8405193e-05,-4.8405193e-05,-4.964551e-07,-4.964408e-07,-1.0100273e-06,-3.33786e-06,5.1915570055322036e-17
1.0,6.032107075870864e-05,-0.00014913687,-0.00014913687,-4.3001794e-05,-4.3001794e-05,-6.5273525e-07,-6.5275e-07,-1.2255485e-06,-4.053116e-06,7.278586196920036e-17
1.0,6.335449797478968e-05,-0.00059992936,-0.00059992936,-0.0069932574,-0.0069932574,2.037839e-05,2.038329e-05,6.56894e-05,0.00021028519,3.1706483497393285e-14
1.0,6.490118182430126e-05,0.00010648957,0.00010648957,-0.22239293,-0.22239293,8.0729905e-08,3.8287567e-07,0.0013033219,0.004170656,7.13221740512024e-12
1.0,6.596704143565008e-05,-0.0005561949,-0.0005561949,-0.5452766,-0.5452766,-1.1271045e-07,2.4683402e-07,0.004050713,0.012962341,6.086955676295076e-11
1.0,6.694805631984508e-05,0.0001142189,0.0001142189,-0.92115337,-0.92115337,-8.610093e-06,-8.139671e-06,0.008759117,0.028029203,2.931455861517075e-10
1.0,6.785922522201591e-05,-0.0005411546,-0.0005411546,-1.1990832,-1.1990832,1.3255303e-05,1.34356e-05,0.014933075,0.04778576,9.738042894588162e-10
1.0,6.885576328087536e-05,0.000121550416,0.000121550416,-1.4232482,-1.4232482,5.016137e-06,5.3092867e-06,0.023176834,0.07416582,3.156705958795316e-09
1.0,7.039906458665971e-05,-0.0005349228,-0.0005349228,-1.7192364,-1.7192364,1.9986684e-05,2.0089894e-05,0.038362563,0.12276006,1.0572662479209811e-08
1.0,7.200519698657218e-05,0.00012549115,0.00012549115,-1.9849087,-1.9849087,1.0444562e-05,1.0677295e-05,0.05687416,0.18199754,3.551017258274083e-08
1.0,7.521746178639713e-05,-0.017833807,-0.017833807,-2.411095,-2.411095,3.3119086e-05,3.3145086e-05,0.10046213,0.32147884,1.4943679512386013e-07
1.0,7.906025265115059e-05,-0.6269946,-0.6269946,-2.8172753,-2.8172753,2.1316144e-05,2.1474109e-05,0.16190301,0.5180898,4.570390483300772e-07
1.0,8.255177719659586e-05,-1.6443315,-1.6443315,-3.1166327,-3.1166327,2.9913374e-05,2.9852388e-05,0.22470199,0.7190461,1.0187231128791345e-06
1.0,8.601303214104677e-05,-2.6567395,-2.6567395,-3.3669503,-3.3669503,5.2626633e-06,5.346103e-06,0.2921649,0.93492746,1.7497296727507575e-06
1.0,8.790413738164347e-05,-3.2289398,-3.2289398,-3.5228353,-3.5228353,1.0021229e-05,9.982118e-06,0.33111948,1.0595822,2.3053387741978483e-06
1.0,8.918026467028479e-05,-3.5201013,-3.5201013,-3.6367822,-3.6367822,-4.8728834e-06,-4.745282e-06,0.35835665,1.1467412,2.825240754364262e-06
1.0,9.043442915182201e-05,-3.8378453,-3.8378453,-3.8498256,-3.8498256,-3.8843364e-06,-3.7433886e-06,0.3863617,1.2363577,3.406774596247846e-06
1.0,9.161508430215538e-05,-4.038797,-4.038797,-4.041948,-4.041948,-6.740104e-06,-6.6238626e-06,0.41411212,1.3251588,3.9646675149947055e-06
1.0,9.246769869912237e-05,-4.224167,-4.224167,-4.2230163,-4.2230163,-1.088926e-05,-1.0647644e-05,0.43510753,1.3923442,4.464774906744517e-06
1.0,9.326609560730821e-05,-4.333226,-4.333226,-4.3346887,-4.3346887,7.587211e-07,7.2627523e-07,0.45540977,1.4573112,5.259587521998348e-06
1.0,9.48628894236799e-05,-4.611046,-4.611046,-4.6096077,-4.6096077,-1.49547195e-05,-1.4642472e-05,0.4978185,1.5930192,7.159056243332856e-06
1.0,9.805647705642329e-05,-5.005458,-5.005458,-5.0068583,-5.0068583,5.189752e-06,5.0672675e-06,0.5885696,1.8834229,1.2469315733298229e-05
1.0,0.00010444365232191007,-5.612293,-5.612293,-5.6108603,-5.6108603,-1.2378278e-05,-1.2107557e-05,0.78704834,2.518555,2.8710845590262684e-05
1.0,0.00011444365232191007,-5.1366854,-5.1366854,-5.138104,-5.138104,1.9206693e-05,1.88468e-05,1.0931789,3.4981725,6.695212948384788e-05
1.0,0.00012444365232191007,-4.3126125,-4.3126125,-4.311154,-4.311154,-1.0857748e-05,-1.0628494e-05,1.3496972,4.3190312,0.00012524597275319604
1.0,0.00013444365232191007,-3.893145,-3.893145,-3.8945353,-3.8945353,1.437396e-05,1.4078663e-05,1.5603232,4.9930344,0.00020315344917836694
1.0,0.00014444365232191007,-3.7556279,-3.7556279,-3.7541528,-3.7541528,-1.3448478e-05,-1.3174863e-05,1.7475051,5.592016,0.0003008742152458718
1.0,0.00015444365232191007,-2.6323192,-2.6323192,-2.6337178,-2.6337178,2.4284878e-05,2.381628e-05,1.8895382,6.046522,0.0004151255618340066
1.0,0.00016444365232191007,-1.627363,-1.627363,-1.6259085,-1.6259085,-1.49641655e-05,-1.4659554e-05,1.9618057,6.277778,0.000538283368230491
1.0,0.00017444365232191007,-1.2208488,-1.2208488,-1.2222638,-1.2222638,1.8430856e-05,1.8058361e-05,1.9888062,6.36418,0.0006648545752769997
1.0,0.00018444365232191007,-1.0808653,-1.0808653,-1.0794215,-1.0794215,-1.755249e-05,-1.7203043e-05,1.9983265,6.394645,0.000792640467763572
1.0,0.00019444365232191007,-1.029384,-1.029384,-1.0308064,-1.0308064,1.7512042e-05,1.7154183e-05,2.0017235,6.405515,0.0009208611689812234
1.0,0.00020444365232191006,-1.0150346,-1.0150346,-1.0135958,-1.0135958,-1.7870054e-05,-1.7514763e-05,2.0030143,6.409646,0.0010492472945457985
1.0,0.00021444365232191006,-1.0060513,-1.0060513,-1.007477,-1.007477,1.7403096e-05,1.7046686e-05,2.0035567,6.4113817,0.001177702962041526
1.0,0.00022444365232191006,-1.0062244,-1.0062244,-1.0047878,-1.0047878,-1.7902748e-05,-1.7546668e-05,2.0038092,6.41219,0.0013061910163170386
1.0,0.00023444365232191006,-1.0024656,-1.0024656,-1.003893,-1.003893,1.7381672e-05,1.7025503e-05,2.003944,6.4126205,0.001434696332097678
1.0,0.00024444365232191003,-1.004565,-1.004565,-1.0031296,-1.0031296,-1.7899352e-05,-1.7543249e-05,2.0040228,6.4128733,0.0015632117758995578
1.0,0.00025444365232191006,-1.0015788,-1.0015788,-1.0030069,-1.0030069,1.7369535e-05,1.7013524e-05,2.0040727,6.4130325,0.0016917336093193575
1.0,0.00026444365232191003,-1.0040532,-1.0040532,-1.0026183,-1.0026183,-1.7890436e-05,-1.7534456e-05,2.0041049,6.413135,0.001820259562612204
1.0,0.00027444365232191006,-1.0012571,-1.0012571,-1.0026855,-1.0026855,1.7358163e-05,1.7002329e-05,2.0041265,6.4132047,0.0019487883006340547
1.0,0.00028444365232191003,-1.0038475,-1.0038475,-1.0024128,-1.0024128,-1.7879987e-05,-1.7524177e-05,2.0041406,6.41325,0.0020773188506371066
1.0,0.00029444365232191006,-1.0011195,-1.0011195,-1.0025482,-1.0025482,1.7346738e-05,1.6991093e-05,2.0041509,6.4132824,0.002205850707173972
1.0,0.00030444365232191003,-1.0037556,-1.0037556,-1.002321,-1.002321,-1.7868904e-05,-1.751328e-05,2.0041573,6.4133034,0.002334383393407492
1.0,0.00031444365232191006,-1.0010574,-1.0010574,-1.0024862,-1.0024862,1.7335193e-05,1.6979742e-05,2.0041623,6.413319,0.0024629167186028048
1.0,0.00032444365232191003,-1.0037124,-1.0037124,-1.0022779,-1.0022779,-1.7857492e-05,-1.7502063e-05,2.0041652,6.413328,0.0025914504061943576
1.0,0.00033444365232191005,-1.001029,-1.001029,-1.0024579,-1.0024579,1.7323535e-05,1.6968283e-05,2.0041676,6.4133363,0.0027199844084984347
1.0,0.00034444365232191,-1.0036916,-1.0036916,-1.002257,-1.002257,-1.7845876e-05,-1.7490645e-05,2.0041687,6.41334,0.0028485185633904024
1.0,0.00035444365232191005,-1.0010163,-1.0010163,-1.0024452,-1.0024452,1.7311771e-05,1.6956721e-05,2.0041702,6.4133444,0.0029770528994804905
1.0,0.00036444365232191,-1.003681,-1.003681,-1.0022465,-1.0022465,-1.7834112e-05,-1.7479084e-05,2.0041704,6.4133453,0.003105587273717551
1.0,0.00037444365232191005,-1.001011,-1.001011,-1.0024399,-1.0024399,1.7299912e-05,1.6945065e-05,2.0041714,6.413348,0.0032341217623955295
1.0,0.00038444365232191,-1.0036752,-1.0036752,-1.0022408,-1.0022408,-1.7822233e-05,-1.7467406e-05,2.0041714,6.413348,0.003362656251073508
1.0,0.00039444365232191005,-1.0010091,-1.0010091,-1.0024381,-1.0024381,1.7287959e-05,1.6933316e-05,2.0041718,6.41335,0.0034911908065086883
1.0,0.00040444365232191,-1.0036719,-1.0036719,-1.0022373,-1.0022373,-1.781025e-05,-1.7455628e-05,2.0041716,6.413349,0.0036197253333336396
1.0,0.00041444365232191005,-1.001009,-1.001009,-1.002438,-1.002438,1.7275917e-05,1.692148e-05,2.004172,6.4133506,0.0037482599173790498
1.0,0.00042444365232191,-1.0036695,-1.0036695,-1.0022349,-1.0022349,-1.7798171e-05,-1.7443757e-05,2.0041718,6.41335,0.0038767944728142303
1.0,0.00043444365232191004,-1.0010096,-1.0010096,-1.0024385,-1.0024385,1.7263787e-05,1.6909558e-05,2.0041723,6.4133515,0.00400532908546987
1.0,0.00044444365232191,-1.0036677,-1.0036677,-1.0022331,-1.0022331,-1.7786004e-05,-1.7431797e-05,2.004172,6.4133506,0.00413386366951528
1.0,0.00045444365232191004,-1.0010107,-1.0010107,-1.0024396,-1.0024396,1.7251572e-05,1.6897551e-05,2.0041723,6.413351,0.004262398272634176
1.0,0.00046444365232191,-1.0036662,-1.0036662,-1.0022316,-1.0022316,-1.777375e-05,-1.7419754e-05,2.004172,6.41335,0.004390932847142843
1.0,0.00047444365232191004,-1.0010118,-1.0010118,-1.0024408,-1.0024408,1.7239272e-05,1.6885462e-05,2.0041723,6.4133515,0.004519467459798482
1.0,0.00048444365232191,-1.0036647,-1.0036647,-1.0022302,-1.0022302,-1.7761411e-05,-1.7407627e-05,2.004172,6.4133506,0.004648002043843892
1.0,0.00049444365232191,-1.001013,-1.001013,-1.002442,-1.002442,1.722689e-05,1.6873293e-05,2.0041723,6.413352,0.004776536666036275
1.0,0.0005044436523219101,-1.0036634,-1.0036634,-1.0022289,-1.0022289,-1.7748991e-05,-1.739542e-05,2.004172,6.4133506,0.004905071250081685
1.0,0.00051444365232191,-1.0010144,-1.0010144,-1.0024433,-1.0024433,1.7214428e-05,1.6861046e-05,2.0041723,6.4133515,0.005033605862737324
1.0,0.00052444365232191,-1.003662,-1.003662,-1.0022274,-1.0022274,-1.7736491e-05,-1.7383134e-05,2.004172,6.4133506,0.005162140446782735
1.0,0.00053444365232191,-1.0010157,-1.0010157,-1.0024446,-1.0024446,1.7201888e-05,1.684872e-05,2.0041723,6.4133515,0.005290675059438375
1.0,0.0005444436523219101,-1.0036608,-1.0036608,-1.0022261,-1.0022261,-1.7723913e-05,-1.7370772e-05,2.004172,6.4133506,0.005419209643483785
1.0,0.00055444365232191,-1.0010169,-1.0010169,-1.0024459,-1.0024459,1.718927e-05,1.6836319e-05,2.0041723,6.4133515,0.005547744256139424
1.0,0.00056444365232191,-1.0036595,-1.0036595,-1.0022249,-1.0022249,-1.7711256e-05,-1.7358334e-05,2.004172,6.4133506,0.005676278840184835
1.0,0.00057444365232191,-1.0010182,-1.0010182,-1.0024471,-1.0024471,1.7176575e-05,1.6823842e-05,2.0041723,6.4133515,0.005804813452840475
1.0,0.0005844436523219101,-1.0036582,-1.0036582,-1.0022236,-1.0022236,-1.7698525e-05,-1.7345821e-05,2.004172,6.4133506,0.005933348036885885
1.0,0.00059444365232191,-1.0010194,-1.0010194,-1.0024484,-1.0024484,1.7163806e-05,1.6811293e-05,2.0041723,6.4133515,0.006061882649541524
1.0,0.00060444365232191,-1.003657,-1.003657,-1.0022224,-1.0022224,-1.768572e-05,-1.7333236e-05,2.004172,6.4133506,0.006190417233586935
1.0,0.00061444365232191,-1.0010207,-1.0010207,-1.0024496,-1.0024496,1.7150964e-05,1.6798671e-05,2.0041723,6.4133515,0.006318951846242575
1.0,0.0006244436523219101,-1.0036558,-1.0036558,-1.0022211,-1.0022211,-1.767284e-05,-1.7320579e-05,2.004172,6.4133506,0.006447486430287985
1.0,0.00063444365232191,-1.0010219,-1.0010219,-1.002451,-1.002451,1.7138049e-05,1.6785978e-05,2.0041723,6.413352,0.006576021052480367
1.0,0.00064444365232191,-1.0036546,-1.0036546,-1.0022199,-1.0022199,-1.7659891e-05,-1.7307853e-05,2.004172,6.4133506,0.0067045556365257775
1.0,0.00065444365232191,-1.001023,-1.001023,-1.0024521,-1.0024521,1.7125063e-05,1.6773216e-05,2.0041723,6.4133515,0.006833090249181418
1.0,0.00066444365232191,-1.0036534,-1.0036534,-1.0022187,-1.0022187,-1.7646873e-05,-1.7295057e-05,2.004172,6.4133506,0.006961624833226827
1.0,0.00067444365232191,-1.0010242,-1.0010242,-1.0024533,-1.0024533,1.7112008e-05,1.6760387e-05,2.0041723,6.4133515,0.007090159445882467
1.0,0.00068444365232191,-1.0036522,-1.0036522,-1.0022175,-1.0022175,-1.7633784e-05,-1.7282195e-05,2.004172,6.4133506,0.007218694029927877
1.0,0.00069444365232191,-1.0010254,-1.0010254,-1.0024545,-1.0024545,1.7098886e-05,1.674749e-05,2.0041723,6.4133515,0.0073472286425835176
1.0,0.00070444365232191,-1.003651,-1.003651,-1.0022163,-1.0022163,-1.7620627e-05,-1.7269265e-05,2.004172,6.4133506,0.007475763226628927
1.0,0.00071444365232191,-1.0010265,-1.0010265,-1.0024556,-1.0024556,1.7085697e-05,1.6734528e-05,2.0041723,6.4133515,0.007604297839284567
1.0,0.00072444365232191,-1.0036498,-1.0036498,-1.0022153,-1.0022153,-1.7607405e-05,-1.725627e-05,2.004172,6.4133506,0.007732832423329977
1.0,0.00073444365232191,-1.0010277,-1.0010277,-1.0024568,-1.0024568,1.707244e-05,1.67215e-05,2.0041723,6.413352,0.007861367045522361
1.0,0.00074444365232191,-1.0036488,-1.0036488,-1.0022141,-1.0022141,-1.7594117e-05,-1.7243212e-05,2.004172,6.4133506,0.007989901629567772
1.0,0.00075444365232191,-1.0010288,-1.0010288,-1.002458,-1.002458,1.705912e-05,1.670841e-05,2.0041723,6.4133515,0.008118436242223411
1.0,0.00076444365232191,-1.0036477,-1.0036477,-1.002213,-1.002213,-1.7580765e-05,-1.723009e-05,2.004172,6.4133506,0.008246970826268822
1.0,0.00077444365232191,-1.00103,-1.00103,-1.002459,-1.002459,1.7045735e-05,1.6695258e-05,2.0041723,6.4133515,0.008375505438924461
1.0,0.00078444365232191,-1.0036465,-1.0036465,-1.0022118,-1.0022118,-1.756735e-05,-1.7216908e-05,2.004172,6.4133506,0.008504040022969872
1.0,0.00079444365232191,-1.001031,-1.001031,-1.0024601,-1.0024601,1.703229e-05,1.6682043e-05,2.0041723,6.4133515,0.008632574635625511
1.0,0.00080444365232191,-1.0036454,-1.0036454,-1.0022107,-1.0022107,-1.7553873e-05,-1.7203663e-05,2.004172,6.4133506,0.008761109219670922
1.0,0.00081444365232191,-1.0010321,-1.0010321,-1.0024612,-1.0024612,1.7018781e-05,1.666877e-05,2.0041723,6.4133515,0.008889643832326561
1.0,0.00082444365232191,-1.0036443,-1.0036443,-1.0022097,-1.0022097,-1.7540335e-05,-1.719036e-05,2.004172,6.4133506,0.009018178416371972
1.0,0.00083444365232191,-1.0010332,-1.0010332,-1.0024623,-1.0024623,1.7005214e-05,1.6655435e-05,2.0041723,6.413352,0.009146713038564354
1.0,0.00084444365232191,-1.0036433,-1.0036433,-1.0022086,-1.0022086,-1.7526738e-05,-1.7176997e-05,2.004172,6.4133506,0.009275247622609764
1.0,0.00085444365232191,-1.0010343,-1.0010343,-1.0024633,-1.0024633,1.6991586e-05,1.6642043e-05,2.0041723,6.4133515,0.009403782235265404
1.0,0.00086444365232191,-1.0036423,-1.0036423,-1.0022075,-1.0022075,-1.751308e-05,-1.7163577e-05,2.004172,6.4133506,0.009532316819310814
1.0,0.00087444365232191,-1.0010352,-1.0010352,-1.0024644,-1.0024644,1.6977901e-05,1.6628595e-05,2.0041723,6.4133515,0.009660851431966454
1.0,0.00088444365232191,-1.0036412,-1.0036412,-1.0022066,-1.0022066,-1.7499367e-05,-1.71501e-05,2.004172,6.4133506,0.009789386016011864
1.0,0.00089444365232191,-1.0010363,-1.0010363,-1.0024655,-1.0024655,1.6964159e-05,1.6615091e-05,2.0041723,6.413352,0.009917920638204247
1.0,0.00090444365232191,-1.0036402,-1.0036402,-1.0022055,-1.0022055,-1.7485596e-05,-1.7136568e-05,2.004172,6.4133506,0.010046455222249657
1.0,0.00091444365232191,-1.0010374,-1.0010374,-1.0024664,-1.0024664,1.695036e-05,1.660153e-05,2.0041723,6.4133515,0.010174989834905297
1.0,0.00092444365232191,-1.0036392,-1.0036392,-1.0022044,-1.0022044,-1.747177e-05,-1.712298e-05,2.004172,6.4133506,0.010303524418950707
1.0,0.00093444365232191,-1.0010383,-1.0010383,-1.0024675,-1.0024675,1.6936505e-05,1.6587916e-05,2.0041723,6.4133515,0.010432059031606346
1.0,0.00094444365232191,-1.0036383,-1.0036383,-1.0022035,-1.0022035,-1.7457889e-05,-1.710934e-05,2.004172,6.4133506,0.010560593615651757
1.0,0.0009544436523219099,-1.0010393,-1.0010393,-1.0024685,-1.0024685,1.6922597e-05,1.657425e-05,2.0041723,6.413352,0.01068912823784414
1.0,0.00096444365232191,-1.0036372,-1.0036372,-1.0022025,-1.0022025,-1.7443954e-05,-1.7095646e-05,2.004172,6.4133506,0.01081766282188955
1.0,0.00097444365232191,-1.0010402,-1.0010402,-1.0024694,-1.0024694,1.6908634e-05,1.6560529e-05,2.0041723,6.4133515,0.01094619743454519
1.0,0.00098444365232191,-1.0036362,-1.0036362,-1.0022016,-1.0022016,-1.7429966e-05,-1.70819e-05,2.004172,6.4133506,0.0110747320185906
1.0,0.00099444365232191,-1.0010412,-1.0010412,-1.0024704,-1.0024704,1.689462e-05,1.6546757e-05,2.0041723,6.4133515,0.01120326663124624
1.0,0.00100444365232191,-1.0036353,-1.0036353,-1.0022006,-1.0022006,-1.7415925e-05,-1.7068103e-05,2.004172,6.4133506,0.011331801215291648
1.0,0.0010144436523219099,-1.0010421,-1.0010421,-1.0024713,-1.0024713,1.6880555e-05,1.6532935e-05,2.0041723,6.413352,0.01146033583748403
1.0,0.00102444365232191,-1.0036343,-1.0036343,-1.0021996,-1.0021996,-1.7401833e-05,-1.7054257e-05,2.004172,6.4133506,0.011588870421529441
1.0,0.00103444365232191,-1.0010431,-1.0010431,-1.0024723,-1.0024723,1.6866437e-05,1.6519063e-05,2.0041723,6.4133515,0.01171740503418508
1.0,0.00104444365232191,-1.0036335,-1.0036335,-1.0021987,-1.0021987,-1.7387692e-05,-1.704036e-05,2.004172,6.4133506,0.011845939618230491
1.0,0.00105444365232191,-1.001044,-1.001044,-1.0024732,-1.0024732,1.6852271e-05,1.6505142e-05,2.0041723,6.4133515,0.01197447423088613
1.0,0.00106444365232191,-1.0036325,-1.0036325,-1.0021977,-1.0021977,-1.73735e-05,-1.7026416e-05,2.004172,6.4133506,0.01210300881493154
1.0,0.00107444365232191,-1.0010449,-1.0010449,-1.0024741,-1.0024741,1.6838056e-05,1.6491174e-05,2.0041723,6.413352,0.012231543437123925
1.0,0.00108444365232191,-1.0036316,-1.0036316,-1.0021969,-1.0021969,-1.7359262e-05,-1.7012422e-05,2.004172,6.4133506,0.012360078021169334
1.0,0.0010944436523219099,-1.0010458,-1.0010458,-1.002475,-1.002475,1.6823791e-05,1.6477157e-05,2.0041723,6.4133515,0.012488612633824973
1.0,0.00110444365232191,-1.0036308,-1.0036308,-1.002196,-1.002196,-1.7344973e-05,-1.6998383e-05,2.004172,6.41335,0.01261714720833364
1.0,0.00111444365232191,-1.0010467,-1.0010467,-1.0024759,-1.0024759,1.680948e-05,1.6463095e-05,2.0041723,6.4133515,0.01274568182098928
1.0,0.00112444365232191,-1.0036299,-1.0036299,-1.0021951,-1.0021951,-1.7330638e-05,-1.6984297e-05,2.004172,6.4133506,0.01287421640503469
1.0,0.00113444365232191,-1.0010476,-1.0010476,-1.0024768,-1.0024768,1.6795122e-05,1.6448987e-05,2.0041723,6.4133515,0.01300275101769033
1.0,0.00114444365232191,-1.003629,-1.003629,-1.0021942,-1.0021942,-1.7316257e-05,-1.6970165e-05,2.004172,6.4133506,0.01313128560173574
1.0,0.00115444365232191,-1.0010484,-1.0010484,-1.0024776,-1.0024776,1.6780717e-05,1.6434833e-05,2.0041723,6.413352,0.013259820223928125
1.0,0.00116444365232191,-1.0036281,-1.0036281,-1.0021933,-1.0021933,-1.730183e-05,-1.695599e-05,2.004172,6.4133506,0.013388354807973533
1.0,0.0011744436523219099,-1.0010493,-1.0010493,-1.0024785,-1.0024785,1.676627e-05,1.6420634e-05,2.0041723,6.4133515,0.013516889420629173
1.0,0.00118444365232191,-1.0036273,-1.0036273,-1.0021925,-1.0021925,-1.7287359e-05,-1.694177e-05,2.004172,6.4133506,0.013645424004674583
1.0,0.00119444365232191,-1.0010501,-1.0010501,-1.0024793,-1.0024793,1.6751776e-05,1.6406393e-05,2.0041723,6.4133515,0.013773958617330223
1.0,0.00120444365232191,-1.0036265,-1.0036265,-1.0021917,-1.0021917,-1.7272843e-05,-1.6927508e-05,2.004172,6.4133506,0.013902493201375633
1.0,0.00121444365232191,-1.001051,-1.001051,-1.0024801,-1.0024801,1.6737238e-05,1.6392109e-05,2.0041723,6.413352,0.014031027823568017
1.0,0.00122444365232191,-1.0036256,-1.0036256,-1.0021908,-1.0021908,-1.7258284e-05,-1.6913202e-05,2.004172,6.4133506,0.014159562407613428
1.0,0.00123444365232191,-1.0010518,-1.0010518,-1.002481,-1.002481,1.6722657e-05,1.6377782e-05,2.0041723,6.4133515,0.014288097020269067
1.0,0.00124444365232191,-1.0036248,-1.0036248,-1.00219,-1.00219,-1.7243683e-05,-1.6898854e-05,2.004172,6.41335,0.014416631594777733
1.0,0.0012544436523219099,-1.0010525,-1.0010525,-1.0024818,-1.0024818,1.6708034e-05,1.6363414e-05,2.0041723,6.4133515,0.014545166207433373
1.0,0.0012644436523219099,-1.0036241,-1.0036241,-1.0021892,-1.0021892,-1.722904e-05,-1.6884465e-05,2.004172,6.4133506,0.014673700791478783
1.0,0.00127444365232191,-1.0010533,-1.0010533,-1.0024827,-1.0024827,1.6693371e-05,1.6349004e-05,2.0041723,6.4133515,0.014802235404134423
1.0,0.00128444365232191,-1.0036232,-1.0036232,-1.0021884,-1.0021884,-1.7214355e-05,-1.6870037e-05,2.004172,6.4133506,0.014930769988179833
1.0,0.00129444365232191,-1.0010542,-1.0010542,-1.0024834,-1.0024834,1.6678667e-05,1.6334556e-05,2.0041723,6.413352,0.015059304610372217
1.0,0.00130444365232191,-1.0036224,-1.0036224,-1.0021876,-1.0021876,-1.719963e-05,-1.6855567e-05,2.004172,6.4133506,0.015187839194417628
1.0,0.00131444365232191,-1.0010549,-1.0010549,-1.0024842,-1.0024842,1.666392e-05,1.6320068e-05,2.0041723,6.4133515,0.015316373807073267
1.0,0.00132444365232191,-1.0036217,-1.0036217,-1.0021868,-1.0021868,-1.7184864e-05,-1.684106e-05,2.004172,6.41335,0.015444908381581933
1.0,0.0013344436523219099,-1.0010556,-1.0010556,-1.0024849,-1.0024849,1.6649135e-05,1.630554e-05,2.0041723,6.4133515,0.015573442994237572
1.0,0.0013444436523219099,-1.003621,-1.003621,-1.0021861,-1.0021861,-1.7170061e-05,-1.6826512e-05,2.004172,6.4133506,0.015701977578282983
1.0,0.00135444365232191,-1.0010564,-1.0010564,-1.0024858,-1.0024858,1.6634312e-05,1.6290975e-05,2.0041723,6.4133515,0.015830512190938624
1.0,0.00136444365232191,-1.0036201,-1.0036201,-1.0021853,-1.0021853,-1.7155216e-05,-1.681193e-05,2.004172,6.4133506,0.015959046774984033
1.0,0.00137444365232191,-1.0010571,-1.0010571,-1.0024865,-1.0024865,1.661945e-05,1.627637e-05,2.0041723,6.413352,0.016087581397176417
1.0,0.00138444365232191,-1.0036194,-1.0036194,-1.0021845,-1.0021845,-1.7140335e-05,-1.6797307e-05,2.004172,6.4133506,0.016216115981221826
1.0,0.00139444365232191,-1.0010579,-1.0010579,-1.0024872,-1.0024872,1.6604548e-05,1.626173e-05,2.0041723,6.4133515,0.016344650593877467
1.0,0.00140444365232191,-1.0036187,-1.0036187,-1.0021838,-1.0021838,-1.7125418e-05,-1.6782647e-05,2.004172,6.41335,0.016473185168386133
1.0,0.0014144436523219099,-1.0010586,-1.0010586,-1.0024879,-1.0024879,1.6589613e-05,1.6247053e-05,2.0041723,6.4133515,0.01660171978104177
1.0,0.0014244436523219099,-1.003618,-1.003618,-1.0021831,-1.0021831,-1.7110462e-05,-1.6767954e-05,2.004172,6.4133506,0.01673025436508718
1.0,0.00143444365232191,-1.0010593,-1.0010593,-1.0024886,-1.0024886,1.6574639e-05,1.6232341e-05,2.0041723,6.4133515,0.01685878897774282
1.0,0.00144444365232191,-1.0036173,-1.0036173,-1.0021824,-1.0021824,-1.709547e-05,-1.6753223e-05,2.004172,6.4133506,0.01698732356178823
1.0,0.00145444365232191,-1.00106,-1.00106,-1.0024893,-1.0024893,1.6559628e-05,1.6217593e-05,2.0041723,6.413352,0.017115858183980613
1.0,0.00146444365232191,-1.0036166,-1.0036166,-1.0021816,-1.0021816,-1.7080441e-05,-1.6738457e-05,2.004172,6.4133506,0.017244392768026022
1.0,0.00147444365232191,-1.0010607,-1.0010607,-1.00249,-1.00249,1.6544584e-05,1.620281e-05,2.0041723,6.4133515,0.017372927380681663
1.0,0.00148444365232191,-1.0036159,-1.0036159,-1.0021809,-1.0021809,-1.706538e-05,-1.6723658e-05,2.004172,6.4133506,0.017501461964727072
1.0,0.0014944436523219098,-1.0010613,-1.0010613,-1.0024908,-1.0024908,1.6529502e-05,1.6187993e-05,2.0041723,6.4133515,0.01762999657738271
1.0,0.0015044436523219099,-1.0036153,-1.0036153,-1.0021803,-1.0021803,-1.7050283e-05,-1.6708824e-05,2.004172,6.4133506,0.01775853116142812
1.0,0.00151444365232191,-1.001062,-1.001062,-1.0024914,-1.0024914,1.6514388e-05,1.6173142e-05,2.0041723,6.4133515,0.01788706577408376
1.0,0.00152444365232191,-1.0036145,-1.0036145,-1.0021796,-1.0021796,-1.703515e-05,-1.6693955e-05,2.004172,6.4133506,0.01801560035812917
1.0,0.00153444365232191,-1.0010628,-1.0010628,-1.0024921,-1.0024921,1.649924e-05,1.615826e-05,2.0041723,6.413352,0.018144134980321552
1.0,0.00154444365232191,-1.0036138,-1.0036138,-1.0021789,-1.0021789,-1.7019986e-05,-1.6679056e-05,2.004172,6.4133506,0.01827266956436696
1.0,0.00155444365232191,-1.0010633,-1.0010633,-1.0024928,-1.0024928,1.6484059e-05,1.6143342e-05,2.0041723,6.413352,0.018401204186559345
1.0,0.00156444365232191,-1.0036132,-1.0036132,-1.0021783,-1.0021783,-1.7004788e-05,-1.6664124e-05,2.004172,6.4133506,0.018529738770604754
1.0,0.0015744436523219098,-1.0010641,-1.0010641,-1.0024934,-1.0024934,1.6468844e-05,1.6128393e-05,2.0041723,6.4133515,0.01865827338326039
1.0,0.0015844436523219099,-1.0036126,-1.0036126,-1.0021776,-1.0021776,-1.6989557e-05,-1.6649159e-05,2.004172,6.41335,0.018786807957769058
1.0,0.0015944436523219099,-1.0010647,-1.0010647,-1.002494,-1.002494,1.6453598e-05,1.6113414e-05,2.0041723,6.4133515,0.0189153425704247
1.0,0.00160444365232191,-1.0036119,-1.0036119,-1.002177,-1.002177,-1.6974296e-05,-1.6634163e-05,2.004172,6.4133506,0.019043877154470108
1.0,0.00161444365232191,-1.0010653,-1.0010653,-1.0024947,-1.0024947,1.643832e-05,1.6098402e-05,2.0041723,6.4133515,0.01917241176712575
1.0,0.00162444365232191,-1.0036113,-1.0036113,-1.0021764,-1.0021764,-1.6959002e-05,-1.6619137e-05,2.004172,6.4133506,0.019300946351171158
1.0,0.00163444365232191,-1.0010659,-1.0010659,-1.0024953,-1.0024953,1.6423011e-05,1.608336e-05,2.0041723,6.413352,0.01942948097336354
1.0,0.00164444365232191,-1.0036107,-1.0036107,-1.0021757,-1.0021757,-1.6943677e-05,-1.6604079e-05,2.004172,6.4133506,0.01955801555740895
1.0,0.0016544436523219098,-1.0010666,-1.0010666,-1.0024959,-1.0024959,1.6407672e-05,1.6068288e-05,2.0041723,6.413352,0.01968655017960133
1.0,0.0016644436523219099,-1.0036101,-1.0036101,-1.0021751,-1.0021751,-1.6928321e-05,-1.6588992e-05,2.004172,6.4133506,0.01981508476364674
1.0,0.0016744436523219099,-1.0010672,-1.0010672,-1.0024965,-1.0024965,1.6392301e-05,1.6053185e-05,2.0041723,6.4133515,0.01994361937630238
1.0,0.00168444365232191,-1.0036094,-1.0036094,-1.0021745,-1.0021745,-1.6912936e-05,-1.6573877e-05,2.004172,6.4133506,0.02007215396034779
1.0,0.00169444365232191,-1.0010678,-1.0010678,-1.0024971,-1.0024971,1.63769e-05,1.6038055e-05,2.0041723,6.4133515,0.02020068857300343
1.0,0.00170444365232191,-1.0036088,-1.0036088,-1.0021739,-1.0021739,-1.6897522e-05,-1.655873e-05,2.004172,6.4133506,0.02032922315704884
1.0,0.00171444365232191,-1.0010684,-1.0010684,-1.0024977,-1.0024977,1.6361471e-05,1.6022896e-05,2.0041723,6.413352,0.020457757779241224
1.0,0.00172444365232191,-1.0036083,-1.0036083,-1.0021733,-1.0021733,-1.6882077e-05,-1.6543556e-05,2.004172,6.4133506,0.020586292363286633
1.0,0.0017344436523219098,-1.0010688,-1.0010688,-1.0024983,-1.0024983,1.6346012e-05,1.6007707e-05,2.0041723,6.413352,0.020714826985479013
1.0,0.0017444436523219098,-1.0036077,-1.0036077,-1.0021727,-1.0021727,-1.6866605e-05,-1.6528355e-05,2.004172,6.4133506,0.020843361569524422
1.0,0.0017544436523219099,-1.0010694,-1.0010694,-1.0024989,-1.0024989,1.6330525e-05,1.5992491e-05,2.0041723,6.413352,0.020971896191716806
1.0,0.00176444365232191,-1.0036072,-1.0036072,-1.0021721,-1.0021721,-1.6851103e-05,-1.6513124e-05,2.004172,6.4133506,0.021100430775762215
1.0,0.00177444365232191,-1.00107,-1.00107,-1.0024995,-1.0024995,1.631501e-05,1.5977248e-05,2.0041723,6.4133515,0.021228965388417856
1.0,0.00178444365232191,-1.0036066,-1.0036066,-1.0021715,-1.0021715,-1.6835575e-05,-1.6497866e-05,2.004172,6.41335,0.021357499962926522
1.0,0.00179444365232191,-1.0010706,-1.0010706,-1.0025,-1.0025,1.6299467e-05,1.5961978e-05,2.0041723,6.4133515,0.021486034575582163
1.0,0.00180444365232191,-1.003606,-1.003606,-1.002171,-1.002171,-1.6820019e-05,-1.6482583e-05,2.004172,6.4133506,0.02161456915962757
1.0,0.0018144436523219098,-1.0010711,-1.0010711,-1.0025005,-1.0025005,1.6283899e-05,1.594668e-05,2.0041723,6.4133515,0.02174310377228321
1.0,0.0018244436523219098,-1.0036055,-1.0036055,-1.0021704,-1.0021704,-1.6804435e-05,-1.6467273e-05,2.004172,6.4133506,0.021871638356328618
1.0,0.0018344436523219099,-1.0010717,-1.0010717,-1.0025011,-1.0025011,1.6268303e-05,1.5931357e-05,2.0041723,6.413352,0.022000172978521002
1.0,0.00184444365232191,-1.0036049,-1.0036049,-1.0021698,-1.0021698,-1.6788827e-05,-1.6451937e-05,2.004172,6.4133506,0.02212870756256641
1.0,0.00185444365232191,-1.0010722,-1.0010722,-1.0025016,-1.0025016,1.625268e-05,1.5916006e-05,2.0041723,6.413352,0.022257242184758795
1.0,0.00186444365232191,-1.0036044,-1.0036044,-1.0021694,-1.0021694,-1.677319e-05,-1.6436574e-05,2.004172,6.4133506,0.022385776768804204
1.0,0.00187444365232191,-1.0010728,-1.0010728,-1.0025022,-1.0025022,1.623703e-05,1.5900632e-05,2.0041723,6.4133515,0.022514311381459845
1.0,0.00188444365232191,-1.0036038,-1.0036038,-1.0021688,-1.0021688,-1.6757529e-05,-1.6421187e-05,2.004172,6.4133506,0.022642845965505254
1.0,0.0018944436523219098,-1.0010732,-1.0010732,-1.0025027,-1.0025027,1.6221356e-05,1.5885233e-05,2.0041723,6.4133515,0.02277138057816089
1.0,0.0019044436523219098,-1.0036033,-1.0036033,-1.0021683,-1.0021683,-1.6741842e-05,-1.6405775e-05,2.004172,6.4133506,0.0228999151622063
1.0,0.0019144436523219099,-1.0010737,-1.0010737,-1.0025033,-1.0025033,1.6205657e-05,1.5869808e-05,2.0041723,6.4133515,0.02302844977486194
1.0,0.0019244436523219099,-1.0036029,-1.0036029,-1.0021678,-1.0021678,-1.672613e-05,-1.6390337e-05,2.004172,6.4133506,0.02315698435890735
1.0,0.00193444365232191,-1.0010743,-1.0010743,-1.0025038,-1.0025038,1.6189933e-05,1.5854359e-05,2.0041723,6.413352,0.023285518981099734
1.0,0.00194444365232191,-1.0036023,-1.0036023,-1.0021672,-1.0021672,-1.6710394e-05,-1.6374877e-05,2.004172,6.4133506,0.023414053565145143
1.0,0.0019544436523219097,-1.0010748,-1.0010748,-1.0025042,-1.0025042,1.6174185e-05,1.5838887e-05,2.0041723,6.413352,0.023542588187337524
1.0,0.0019644436523219098,-1.0036018,-1.0036018,-1.0021667,-1.0021667,-1.6694634e-05,-1.6359392e-05,2.004172,6.4133506,0.023671122771382933
1.0,0.00197444365232191,-1.0010753,-1.0010753,-1.0025047,-1.0025047,1.6158412e-05,1.5823389e-05,2.0041723,6.413352,0.023799657393575317
1.0,0.00198444365232191,-1.0036013,-1.0036013,-1.0021663,-1.0021663,-1.6678849e-05,-1.6343884e-05,2.004172,6.4133506,0.023928191977620725
1.0,0.00199444365232191,-1.0010757,-1.0010757,-1.0025052,-1.0025052,1.6142616e-05,1.580787e-05,2.0041723,6.4133515,0.024056726590276366
1.0,0.00200444365232191,-1.0036008,-1.0036008,-1.0021658,-1.0021658,-1.666304e-05,-1.6328353e-05,2.004172,6.4133506,0.024185261174321775
1.0,0.00201444365232191,-1.0010762,-1.0010762,-1.0025058,-1.0025058,1.6126796e-05,1.5792328e-05,2.0041723,6.4133515,0.024313795786977416
1.0,0.00202444365232191,-1.0036004,-1.0036004,-1.0021652,-1.0021652,-1.664721e-05,-1.6312799e-05,2.004172,6.4133506,0.024442330371022825
1.0,0.00203444365232191,-1.0010767,-1.0010767,-1.0025063,-1.0025063,1.6110953e-05,1.5776763e-05,2.0041723,6.4133515,0.024570864983678466
1.0,0.00204444365232191,-1.0035999,-1.0035999,-1.0021647,-1.0021647,-1.6631355e-05,-1.6297223e-05,2.004172,6.4133506,0.024699399567723875
1.0,0.00205444365232191,-1.0010772,-1.0010772,-1.0025067,-1.0025067,1.6095088e-05,1.5761176e-05,2.0041723,6.413352,0.02482793418991626
1.0,0.00206444365232191,-1.0035994,-1.0035994,-1.0021642,-1.0021642,-1.6615479e-05,-1.6281625e-05,2.004172,6.4133506,0.024956468773961668
1.0,0.00207444365232191,-1.0010777,-1.0010777,-1.0025071,-1.0025071,1.60792e-05,1.5745567e-05,2.0041723,6.413352,0.025085003396154052
1.0,0.00208444365232191,-1.0035989,-1.0035989,-1.0021639,-1.0021639,-1.659958e-05,-1.6266005e-05,2.004172,6.4133506,0.02521353798019946
1.0,0.0020944436523219097,-1.0010781,-1.0010781,-1.0025076,-1.0025076,1.6063292e-05,1.5729936e-05,2.0041723,6.413352,0.02534207260239184
1.0,0.0021044436523219097,-1.0035985,-1.0035985,-1.0021634,-1.0021634,-1.658366e-05,-1.6250364e-05,2.004172,6.4133506,0.02547060718643725
1.0,0.0021144436523219097,-1.0010786,-1.0010786,-1.002508,-1.002508,1.6047361e-05,1.5714284e-05,2.0041723,6.4133515,0.02559914179909289
1.0,0.0021244436523219098,-1.003598,-1.003598,-1.0021629,-1.0021629,-1.6567717e-05,-1.62347e-05,2.004172,6.4133506,0.0257276763831383
1.0,0.00213444365232191,-1.001079,-1.001079,-1.0025085,-1.0025085,1.6031408e-05,1.5698612e-05,2.0041723,6.4133515,0.02585621099579394
1.0,0.00214444365232191,-1.0035976,-1.0035976,-1.0021625,-1.0021625,-1.6551756e-05,-1.6219019e-05,2.004172,6.41335,0.025984745570302607
1.0,0.00215444365232191,-1.0010794,-1.0010794,-1.002509,-1.002509,1.6015434e-05,1.5682917e-05,2.0041723,6.4133515,0.02611328018295825
1.0,0.00216444365232191,-1.0035971,-1.0035971,-1.002162,-1.002162,-1.6535772e-05,-1.6203316e-05,2.004172,6.4133506,0.026241814767003657
1.0,0.00217444365232191,-1.0010799,-1.0010799,-1.0025094,-1.0025094,1.5999442e-05,1.5667205e-05,2.0041723,6.4133515,0.0263703493796593
1.0,0.00218444365232191,-1.0035967,-1.0035967,-1.0021616,-1.0021616,-1.6519767e-05,-1.618759e-05,2.004172,6.4133506,0.026498883963704707
1.0,0.00219444365232191,-1.0010803,-1.0010803,-1.0025098,-1.0025098,1.5983427e-05,1.565147e-05,2.0041723,6.413352,0.02662741858589709
1.0,0.00220444365232191,-1.0035963,-1.0035963,-1.0021611,-1.0021611,-1.6503744e-05,-1.6171847e-05,2.004172,6.4133506,0.0267559531699425
1.0,0.00221444365232191,-1.0010808,-1.0010808,-1.0025102,-1.0025102,1.5967393e-05,1.5635718e-05,2.0041723,6.413352,0.026884487792134884
1.0,0.00222444365232191,-1.0035958,-1.0035958,-1.0021607,-1.0021607,-1.6487698e-05,-1.6156086e-05,2.004172,6.4133506,0.027013022376180293
1.0,0.00223444365232191,-1.0010811,-1.0010811,-1.0025107,-1.0025107,1.5951338e-05,1.5619946e-05,2.0041723,6.413352,0.027141556998372677
1.0,0.00224444365232191,-1.0035955,-1.0035955,-1.0021603,-1.0021603,-1.6471635e-05,-1.6140302e-05,2.004172,6.4133506,0.027270091582418086
1.0,0.0022544436523219097,-1.0010816,-1.0010816,-1.002511,-1.002511,1.5935264e-05,1.5604153e-05,2.0041723,6.413352,0.027398626204610466
1.0,0.0022644436523219097,-1.003595,-1.003595,-1.0021598,-1.0021598,-1.6455551e-05,-1.61245e-05,2.004172,6.4133506,0.027527160788655875
1.0,0.0022744436523219097,-1.001082,-1.001082,-1.0025115,-1.0025115,1.5919171e-05,1.5588343e-05,2.0041723,6.4133515,0.027655695401311516
1.0,0.0022844436523219097,-1.0035946,-1.0035946,-1.0021595,-1.0021595,-1.643945e-05,-1.6108681e-05,2.004172,6.41335,0.027784229975820182
1.0,0.0022944436523219098,-1.0010823,-1.0010823,-1.0025119,-1.0025119,1.590306e-05,1.5572514e-05,2.0041723,6.4133515,0.027912764588475823
1.0,0.00230444365232191,-1.0035942,-1.0035942,-1.002159,-1.002159,-1.6423328e-05,-1.6092843e-05,2.004172,6.4133506,0.028041299172521232
1.0,0.00231444365232191,-1.0010828,-1.0010828,-1.0025123,-1.0025123,1.588693e-05,1.5556667e-05,2.0041723,6.4133515,0.028169833785176873
1.0,0.00232444365232191,-1.0035938,-1.0035938,-1.0021586,-1.0021586,-1.6407188e-05,-1.6076987e-05,2.004172,6.4133506,0.028298368369222282
1.0,0.00233444365232191,-1.0010831,-1.0010831,-1.0025127,-1.0025127,1.587078e-05,1.5540802e-05,2.0041723,6.413352,0.028426902991414666
1.0,0.00234444365232191,-1.0035934,-1.0035934,-1.0021583,-1.0021583,-1.6391032e-05,-1.6061113e-05,2.004172,6.4133506,0.028555437575460075
1.0,0.00235444365232191,-1.0010835,-1.0010835,-1.002513,-1.002513,1.5854614e-05,1.5524918e-05,2.0041723,6.413352,0.02868397219765246
1.0,0.00236444365232191,-1.0035931,-1.0035931,-1.0021579,-1.0021579,-1.6374855e-05,-1.6045222e-05,2.004172,6.4133506,0.028812506781697868
1.0,0.00237444365232191,-1.0010839,-1.0010839,-1.0025134,-1.0025134,1.583843e-05,1.5509018e-05,2.0041723,6.413352,0.028941041403890252
1.0,0.00238444365232191,-1.0035926,-1.0035926,-1.0021574,-1.0021574,-1.6358663e-05,-1.6029313e-05,2.004172,6.4133506,0.02906957598793566
1.0,0.00239444365232191,-1.0010842,-1.0010842,-1.0025139,-1.0025139,1.5822228e-05,1.54931e-05,2.0041723,6.413352,0.029198110610128045
1.0,0.00240444365232191,-1.0035923,-1.0035923,-1.0021571,-1.0021571,-1.6342452e-05,-1.6013386e-05,2.004172,6.4133506,0.029326645194173454
1.0,0.0024144436523219097,-1.0010846,-1.0010846,-1.0025142,-1.0025142,1.5806008e-05,1.5477166e-05,2.0041723,6.4133515,0.02945517980682909
1.0,0.0024244436523219097,-1.0035919,-1.0035919,-1.0021567,-1.0021567,-1.6326223e-05,-1.5997444e-05,2.004172,6.4133506,0.0295837143908745
1.0,0.0024344436523219097,-1.001085,-1.001085,-1.0025146,-1.0025146,1.5789772e-05,1.5461215e-05,2.0041723,6.4133515,0.02971224900353014
1.0,0.0024444436523219097,-1.0035915,-1.0035915,-1.0021564,-1.0021564,-1.630998e-05,-1.5981484e-05,2.004172,6.41335,0.029840783578038807
1.0,0.0024544436523219098,-1.0010854,-1.0010854,-1.002515,-1.002515,1.577352e-05,1.5445248e-05,2.0041723,6.4133515,0.029969318190694448
1.0,0.00246444365232191,-1.0035912,-1.0035912,-1.002156,-1.002156,-1.6293718e-05,-1.5965508e-05,2.004172,6.41335,0.030097852765203114
1.0,0.00247444365232191,-1.0010858,-1.0010858,-1.0025153,-1.0025153,1.575725e-05,1.5429265e-05,2.0041723,6.4133515,0.030226387377858755
1.0,0.00248444365232191,-1.0035908,-1.0035908,-1.0021557,-1.0021557,-1.627744e-05,-1.5949516e-05,2.004172,6.4133506,0.030354921961904164
1.0,0.00249444365232191,-1.001086,-1.001086,-1.0025157,-1.0025157,1.5740963e-05,1.5413265e-05,2.0041723,6.413352,0.030483456584096548
1.0,0.00250444365232191,-1.0035905,-1.0035905,-1.0021553,-1.0021553,-1.6261147e-05,-1.5933509e-05,2.004172,6.4133506,0.030611991168141957
1.0,0.00251444365232191,-1.0010864,-1.0010864,-1.002516,-1.002516,1.5724661e-05,1.5397249e-05,2.0041723,6.413352,0.03074052579033434
1.0,0.00252444365232191,-1.0035901,-1.0035901,-1.002155,-1.002155,-1.6244836e-05,-1.5917485e-05,2.004172,6.4133506,0.03086906037437975
1.0,0.00253444365232191,-1.0010867,-1.0010867,-1.0025164,-1.0025164,1.5708345e-05,1.5381218e-05,2.0041723,6.413352,0.030997594996572134
1.0,0.00254444365232191,-1.0035897,-1.0035897,-1.0021546,-1.0021546,-1.622851e-05,-1.5901447e-05,2.004172,6.4133506,0.031126129580617543
1.0,0.00255444365232191,-1.0010871,-1.0010871,-1.0025167,-1.0025167,1.569201e-05,1.536517e-05,2.0041723,6.413352,0.03125466420280992
1.0,0.00256444365232191,-1.0035894,-1.0035894,-1.0021542,-1.0021542,-1.621217e-05,-1.5885393e-05,2.004172,6.4133506,0.03138319878685533
1.0,0.0025744436523219096,-1.0010874,-1.0010874,-1.002517,-1.002517,1.5675663e-05,1.5349111e-05,2.0041723,6.413352,0.03151173340904771
1.0,0.0025844436523219097,-1.0035892,-1.0035892,-1.0021539,-1.0021539,-1.6195814e-05,-1.5869324e-05,2.004172,6.4133506,0.03164026799309312
1.0,0.0025944436523219097,-1.0010878,-1.0010878,-1.0025173,-1.0025173,1.56593e-05,1.5333035e-05,2.0041723,6.4133515,0.03176880260574876
1.0,0.0026044436523219097,-1.0035888,-1.0035888,-1.0021535,-1.0021535,-1.6179443e-05,-1.585324e-05,2.004172,6.4133506,0.03189733718979417
1.0,0.0026144436523219097,-1.001088,-1.001088,-1.0025177,-1.0025177,1.5642921e-05,1.5316944e-05,2.0041723,6.4133515,0.03202587180244981
1.0,0.0026244436523219098,-1.0035884,-1.0035884,-1.0021533,-1.0021533,-1.6163056e-05,-1.5837142e-05,2.004172,6.4133506,0.03215440638649522
1.0,0.00263444365232191,-1.0010884,-1.0010884,-1.002518,-1.002518,1.5626527e-05,1.5300839e-05,2.0041723,6.4133515,0.03228294099915086
1.0,0.00264444365232191,-1.0035881,-1.0035881,-1.0021529,-1.0021529,-1.6146656e-05,-1.5821031e-05,2.004172,6.41335,0.03241147557365953
1.0,0.00265444365232191,-1.0010887,-1.0010887,-1.0025183,-1.0025183,1.561012e-05,1.5284719e-05,2.0041723,6.4133515,0.03254001018631517
1.0,0.00266444365232191,-1.0035878,-1.0035878,-1.0021526,-1.0021526,-1.6130241e-05,-1.5804904e-05,2.004172,6.4133506,0.03266854477036058
1.0,0.00267444365232191,-1.001089,-1.001089,-1.0025187,-1.0025187,1.5593698e-05,1.5268586e-05,2.0041723,6.4133515,0.03279707938301622
1.0,0.00268444365232191,-1.0035875,-1.0035875,-1.0021523,-1.0021523,-1.6113812e-05,-1.5788764e-05,2.004172,6.4133506,0.03292561396706163
1.0,0.00269444365232191,-1.0010893,-1.0010893,-1.002519,-1.002519,1.5577263e-05,1.5252439e-05,2.0041723,6.413352,0.03305414858925401
1.0,0.00270444365232191,-1.0035872,-1.0035872,-1.002152,-1.002152,-1.609737e-05,-1.577261e-05,2.004172,6.4133506,0.03318268317329942
1.0,0.00271444365232191,-1.0010896,-1.0010896,-1.0025192,-1.0025192,1.5560812e-05,1.5236279e-05,2.0041723,6.413352,0.0333112177954918
1.0,0.00272444365232191,-1.0035869,-1.0035869,-1.0021516,-1.0021516,-1.6080914e-05,-1.5756443e-05,2.004172,6.4133506,0.03343975237953721
1.0,0.0027344436523219096,-1.0010899,-1.0010899,-1.0025196,-1.0025196,1.5544349e-05,1.5220105e-05,2.0041723,6.413352,0.03356828700172959
1.0,0.0027444436523219097,-1.0035865,-1.0035865,-1.0021514,-1.0021514,-1.6064443e-05,-1.5740263e-05,2.004172,6.4133506,0.033696821585775
1.0,0.0027544436523219097,-1.0010902,-1.0010902,-1.0025198,-1.0025198,1.5527872e-05,1.5203917e-05,2.0041723,6.413352,0.03382535620796738
1.0,0.0027644436523219097,-1.0035863,-1.0035863,-1.002151,-1.002151,-1.604796e-05,-1.572407e-05,2.004172,6.4133506,0.03395389079201279
1.0,0.0027744436523219097,-1.0010905,-1.0010905,-1.0025202,-1.0025202,1.5511383e-05,1.51877175e-05,2.0041723,6.413352,0.03408242541420517
1.0,0.0027844436523219098,-1.003586,-1.003586,-1.0021508,-1.0021508,-1.6031463e-05,-1.5707863e-05,2.004172,6.4133506,0.03421095999825058
1.0,0.00279444365232191,-1.0010908,-1.0010908,-1.0025204,-1.0025204,1.549488e-05,1.5171505e-05,2.0041723,6.4133515,0.03433949461090622
1.0,0.00280444365232191,-1.0035857,-1.0035857,-1.0021504,-1.0021504,-1.6014954e-05,-1.5691645e-05,2.004172,6.4133506,0.03446802919495163
1.0,0.00281444365232191,-1.0010911,-1.0010911,-1.0025207,-1.0025207,1.5478365e-05,1.51552795e-05,2.0041723,6.4133515,0.03459656380760727
1.0,0.00282444365232191,-1.0035855,-1.0035855,-1.0021502,-1.0021502,-1.5998432e-05,-1.5675412e-05,2.004172,6.4133506,0.03472509839165268
1.0,0.00283444365232191,-1.0010914,-1.0010914,-1.002521,-1.002521,1.5461836e-05,1.5139042e-05,2.0041723,6.4133515,0.03485363300430832
1.0,0.00284444365232191,-1.0035851,-1.0035851,-1.0021498,-1.0021498,-1.5981897e-05,-1.5659169e-05,2.004172,6.41335,0.03498216757881699
1.0,0.00285444365232191,-1.0010916,-1.0010916,-1.0025213,-1.0025213,1.5445296e-05,1.5122792e-05,2.0041723,6.4133515,0.03511070219147263
1.0,0.00286444365232191,-1.0035849,-1.0035849,-1.0021496,-1.0021496,-1.596535e-05,-1.5642912e-05,2.004172,6.4133506,0.03523923677551804
1.0,0.00287444365232191,-1.0010918,-1.0010918,-1.0025216,-1.0025216,1.542874e-05,1.5106531e-05,2.0041723,6.4133515,0.03536777138817368
1.0,0.00288444365232191,-1.0035846,-1.0035846,-1.0021493,-1.0021493,-1.594879e-05,-1.5626645e-05,2.004172,6.4133506,0.03549630597221909
1.0,0.0028944436523219096,-1.0010922,-1.0010922,-1.0025219,-1.0025219,1.5412177e-05,1.5090256e-05,2.0041723,6.413352,0.03562484059441147
1.0,0.0029044436523219096,-1.0035843,-1.0035843,-1.002149,-1.002149,-1.5932219e-05,-1.5610365e-05,2.004172,6.4133506,0.03575337517845688
1.0,0.0029144436523219097,-1.0010924,-1.0010924,-1.0025221,-1.0025221,1.5395599e-05,1.5073971e-05,2.0041723,6.413352,0.03588190980064926
1.0,0.0029244436523219097,-1.003584,-1.003584,-1.0021487,-1.0021487,-1.5915637e-05,-1.5594074e-05,2.004172,6.4133506,0.03601044438469467
1.0,0.0029344436523219097,-1.0010927,-1.0010927,-1.0025223,-1.0025223,1.537901e-05,1.5057674e-05,2.0041723,6.413352,0.03613897900688705
1.0,0.0029444436523219097,-1.0035838,-1.0035838,-1.0021485,-1.0021485,-1.5899042e-05,-1.557777e-05,2.004172,6.4133506,0.03626751359093246
1.0,0.0029544436523219098,-1.0010929,-1.0010929,-1.0025227,-1.0025227,1.536241e-05,1.5041365e-05,2.0041723,6.413352,0.03639604821312484
1.0,0.00296444365232191,-1.0035836,-1.0035836,-1.0021483,-1.0021483,-1.5882435e-05,-1.5561456e-05,2.004172,6.4133506,0.036524582797170246
1.0,0.00297444365232191,-1.0010931,-1.0010931,-1.002523,-1.002523,1.5345799e-05,1.5025046e-05,2.0041723,6.413352,0.03665311741936263
1.0,0.00298444365232191,-1.0035833,-1.0035833,-1.002148,-1.002148,-1.5865819e-05,-1.5545133e-05,2.004172,6.4133506,0.036781652003408036
1.0,0.00299444365232191,-1.0010935,-1.0010935,-1.0025232,-1.0025232,1.5329175e-05,1.5008715e-05,2.0041723,6.413352,0.036910186625600416
1.0,0.00300444365232191,-1.003583,-1.003583,-1.0021477,-1.0021477,-1.584919e-05,-1.5528796e-05,2.004172,6.4133506,0.037038721209645825
1.0,0.00301444365232191,-1.0010937,-1.0010937,-1.0025234,-1.0025234,1.531254e-05,1.4992374e-05,2.0041723,6.413352,0.037167255831838206
1.0,0.00302444365232191,-1.0035827,-1.0035827,-1.0021474,-1.0021474,-1.583255e-05,-1.5512449e-05,2.004172,6.4133506,0.037295790415883615
1.0,0.00303444365232191,-1.001094,-1.001094,-1.0025237,-1.0025237,1.5295896e-05,1.4976022e-05,2.0041723,6.4133515,0.037424325028539256
1.0,0.00304444365232191,-1.0035825,-1.0035825,-1.0021472,-1.0021472,-1.5815898e-05,-1.549609e-05,2.004172,6.4133506,0.037552859612584664
1.0,0.0030544436523219096,-1.0010942,-1.0010942,-1.0025239,-1.0025239,1.527924e-05,1.495966e-05,2.0041723,6.4133515,0.0376813942252403
1.0,0.0030644436523219096,-1.0035822,-1.0035822,-1.002147,-1.002147,-1.5799238e-05,-1.5479724e-05,2.004172,6.4133506,0.03780992880928571
1.0,0.0030744436523219097,-1.0010945,-1.0010945,-1.0025241,-1.0025241,1.5262574e-05,1.4943286e-05,2.0041723,6.4133515,0.03793846342194135
1.0,0.0030844436523219097,-1.003582,-1.003582,-1.0021467,-1.0021467,-1.5782567e-05,-1.5463345e-05,2.004172,6.41335,0.03806699799645002
1.0,0.0030944436523219097,-1.0010947,-1.0010947,-1.0025244,-1.0025244,1.5245897e-05,1.49269035e-05,2.0041723,6.4133515,0.03819553260910566
1.0,0.0031044436523219097,-1.0035818,-1.0035818,-1.0021465,-1.0021465,-1.5765885e-05,-1.5446958e-05,2.004172,6.41335,0.03832406718361433
1.0,0.0031144436523219098,-1.0010949,-1.0010949,-1.0025246,-1.0025246,1.522921e-05,1.491051e-05,2.0041726,6.4133515,0.038452601815343455
1.0,0.0031244436523219098,-1.0035815,-1.0035815,-1.0021462,-1.0021462,-1.5749192e-05,-1.543056e-05,2.004172,6.4133506,0.038581136399388864
1.0,0.00313444365232191,-1.0010952,-1.0010952,-1.0025249,-1.0025249,1.5212512e-05,1.4894107e-05,2.0041726,6.413352,0.03870967104065473
1.0,0.00314444365232191,-1.0035813,-1.0035813,-1.002146,-1.002146,-1.573249e-05,-1.541415e-05,2.004172,6.4133506,0.03883820562470014
1.0,0.00315444365232191,-1.0010954,-1.0010954,-1.0025251,-1.0025251,1.5195806e-05,1.48776935e-05,2.0041726,6.413352,0.038966740265966006
1.0,0.00316444365232191,-1.003581,-1.003581,-1.0021458,-1.0021458,-1.5715777e-05,-1.5397733e-05,2.004172,6.4133506,0.039095274850011415
1.0,0.00317444365232191,-1.0010955,-1.0010955,-1.0025253,-1.0025253,1.5179088e-05,1.4861271e-05,2.0041726,6.413352,0.03922380949127728
1.0,0.00318444365232191,-1.0035808,-1.0035808,-1.0021455,-1.0021455,-1.5699055e-05,-1.5381305e-05,2.004172,6.4133506,0.03935234407532269
1.0,0.00319444365232191,-1.0010958,-1.0010958,-1.0025256,-1.0025256,1.5162362e-05,1.4844839e-05,2.0041726,6.413352,0.039480878716588556
1.0,0.00320444365232191,-1.0035807,-1.0035807,-1.0021453,-1.0021453,-1.5682324e-05,-1.5364869e-05,2.004172,6.4133506,0.039609413300633965
1.0,0.0032144436523219096,-1.001096,-1.001096,-1.0025258,-1.0025258,1.5145625e-05,1.4828398e-05,2.0041726,6.413352,0.03973794794189983
1.0,0.0032244436523219096,-1.0035805,-1.0035805,-1.002145,-1.002145,-1.5665582e-05,-1.5348423e-05,2.004172,6.4133506,0.03986648252594524
1.0,0.0032344436523219096,-1.0010962,-1.0010962,-1.002526,-1.002526,1.512888e-05,1.4811947e-05,2.0041726,6.413352,0.03999501716721111
1.0,0.0032444436523219097,-1.0035802,-1.0035802,-1.0021448,-1.0021448,-1.5648833e-05,-1.5331967e-05,2.004172,6.4133506,0.040123551751256516
1.0,0.0032544436523219097,-1.0010965,-1.0010965,-1.0025262,-1.0025262,1.5112125e-05,1.4795487e-05,2.0041726,6.413352,0.04025208639252238
1.0,0.0032644436523219097,-1.00358,-1.00358,-1.0021447,-1.0021447,-1.5632073e-05,-1.5315503e-05,2.004172,6.4133506,0.04038062097656779
1.0,0.0032744436523219097,-1.0010967,-1.0010967,-1.0025264,-1.0025264,1.5095361e-05,1.4779019e-05,2.0041726,6.413352,0.04050915561783366
1.0,0.0032844436523219098,-1.0035797,-1.0035797,-1.0021445,-1.0021445,-1.5615306e-05,-1.529903e-05,2.004172,6.4133506,0.040637690201879066
1.0,0.00329444365232191,-1.0010968,-1.0010968,-1.0025266,-1.0025266,1.5078588e-05,1.4762541e-05,2.0041726,6.413352,0.04076622484314493
1.0,0.00330444365232191,-1.0035796,-1.0035796,-1.0021442,-1.0021442,-1.5598527e-05,-1.5282549e-05,2.004172,6.4133506,0.04089475942719034
1.0,0.00331444365232191,-1.0010971,-1.0010971,-1.0025269,-1.0025269,1.5061806e-05,1.4746055e-05,2.0041726,6.4133515,0.04102329405891947
1.0,0.00332444365232191,-1.0035794,-1.0035794,-1.002144,-1.002144,-1.5581742e-05,-1.5266058e-05,2.004172,6.4133506,0.04115182864296488
1.0,0.00333444365232191,-1.0010973,-1.0010973,-1.002527,-1.002527,1.5045015e-05,1.472956e-05,2.0041726,6.4133515,0.041280363274694004
1.0,0.00334444365232191,-1.0035791,-1.0035791,-1.0021437,-1.0021437,-1.5564947e-05,-1.5249559e-05,2.004172,6.4133506,0.04140889785873941
1.0,0.00335444365232191,-1.0010974,-1.0010974,-1.0025272,-1.0025272,1.5028216e-05,1.4713057e-05,2.0041726,6.4133515,0.04153743249046854
1.0,0.00336444365232191,-1.0035789,-1.0035789,-1.0021436,-1.0021436,-1.5548143e-05,-1.5233051e-05,2.004172,6.4133506,0.04166596707451395
1.0,0.0033744436523219096,-1.0010977,-1.0010977,-1.0025275,-1.0025275,1.5011408e-05,1.4696545e-05,2.0041726,6.4133515,0.041794501706243076
1.0,0.0033844436523219096,-1.0035788,-1.0035788,-1.0021434,-1.0021434,-1.553133e-05,-1.5216536e-05,2.004172,6.41335,0.041923036280751745
1.0,0.0033944436523219096,-1.0010979,-1.0010979,-1.0025277,-1.0025277,1.4994593e-05,1.4680026e-05,2.0041726,6.4133515,0.04205157091248087
1.0,0.0034044436523219096,-1.0035785,-1.0035785,-1.0021431,-1.0021431,-1.551451e-05,-1.5200011e-05,2.004172,6.41335,0.04218010548698954
1.0,0.0034144436523219097,-1.001098,-1.001098,-1.0025278,-1.0025278,1.4977768e-05,1.46634975e-05,2.0041726,6.4133515,0.04230864011871867
1.0,0.0034244436523219097,-1.0035783,-1.0035783,-1.002143,-1.002143,-1.5497682e-05,-1.518348e-05,2.004172,6.4133506,0.04243717470276408
1.0,0.0034344436523219097,-1.0010983,-1.0010983,-1.0025281,-1.0025281,1.4960936e-05,1.4646962e-05,2.0041726,6.413352,0.042565709344029944
1.0,0.0034444436523219098,-1.0035782,-1.0035782,-1.0021428,-1.0021428,-1.5480846e-05,-1.516694e-05,2.004172,6.4133506,0.04269424392807535
1.0,0.0034544436523219098,-1.0010984,-1.0010984,-1.0025282,-1.0025282,1.4944096e-05,1.4630418e-05,2.0041726,6.413352,0.04282277856934122
1.0,0.00346444365232191,-1.003578,-1.003578,-1.0021425,-1.0021425,-1.5464002e-05,-1.5150393e-05,2.004172,6.4133506,0.04295131315338663
1.0,0.00347444365232191,-1.0010986,-1.0010986,-1.0025284,-1.0025284,1.4927247e-05,1.4613867e-05,2.0041726,6.413352,0.043079847794652494
1.0,0.00348444365232191,-1.0035778,-1.0035778,-1.0021424,-1.0021424,-1.5447149e-05,-1.5133838e-05,2.004172,6.4133506,0.0432083823786979
1.0,0.00349444365232191,-1.0010989,-1.0010989,-1.0025287,-1.0025287,1.4910392e-05,1.4597309e-05,2.0041726,6.413352,0.04333691701996377
1.0,0.00350444365232191,-1.0035776,-1.0035776,-1.0021422,-1.0021422,-1.543029e-05,-1.5117275e-05,2.004172,6.4133506,0.04346545160400918
1.0,0.00351444365232191,-1.001099,-1.001099,-1.0025288,-1.0025288,1.4893528e-05,1.4580743e-05,2.0041726,6.413352,0.043593986245275045
1.0,0.00352444365232191,-1.0035775,-1.0035775,-1.0021421,-1.0021421,-1.5413423e-05,-1.5100705e-05,2.004172,6.4133506,0.04372252082932045
1.0,0.0035344436523219096,-1.0010992,-1.0010992,-1.002529,-1.002529,1.4876657e-05,1.4564169e-05,2.0041726,6.413352,0.04385105547058632
1.0,0.0035444436523219096,-1.0035772,-1.0035772,-1.0021418,-1.0021418,-1.5396548e-05,-1.5084128e-05,2.004172,6.4133506,0.04397959005463173
1.0,0.0035544436523219096,-1.0010993,-1.0010993,-1.0025291,-1.0025291,1.4859778e-05,1.4547588e-05,2.0041726,6.413352,0.044108124695897595
1.0,0.0035644436523219096,-1.0035771,-1.0035771,-1.0021417,-1.0021417,-1.5379665e-05,-1.5067543e-05,2.004172,6.4133506,0.044236659279943004
1.0,0.0035744436523219097,-1.0010995,-1.0010995,-1.0025294,-1.0025294,1.4842893e-05,1.4531e-05,2.0041726,6.413352,0.04436519392120887
1.0,0.0035844436523219097,-1.0035769,-1.0035769,-1.0021415,-1.0021415,-1.5362775e-05,-1.5050951e-05,2.004172,6.4133506,0.04449372850525428
1.0,0.0035944436523219097,-1.0010997,-1.0010997,-1.0025295,-1.0025295,1.4826e-05,1.4514405e-05,2.0041726,6.413352,0.044622263146520146
1.0,0.0036044436523219097,-1.0035768,-1.0035768,-1.0021414,-1.0021414,-1.5345879e-05,-1.5034353e-05,2.004172,6.4133506,0.044750797730565554
1.0,0.0036144436523219098,-1.0010998,-1.0010998,-1.0025297,-1.0025297,1.4809099e-05,1.4497802e-05,2.0041726,6.413352,0.04487933237183142
1.0,0.00362444365232191,-1.0035765,-1.0035765,-1.0021411,-1.0021411,-1.5328977e-05,-1.50177475e-05,2.004172,6.4133506,0.04500786695587683
1.0,0.00363444365232191,-1.0011001,-1.0011001,-1.0025299,-1.0025299,1.4792193e-05,1.4481194e-05,2.0041726,6.413352,0.045136401597142696
1.0,0.00364444365232191,-1.0035764,-1.0035764,-1.002141,-1.002141,-1.5312065e-05,-1.5001136e-05,2.004172,6.4133506,0.045264936181188105
1.0,0.00365444365232191,-1.0011002,-1.0011002,-1.00253,-1.00253,1.4775279e-05,1.4464578e-05,2.0041726,6.413352,0.04539347082245397
1.0,0.00366444365232191,-1.0035762,-1.0035762,-1.0021408,-1.0021408,-1.5295149e-05,-1.4984516e-05,2.004172,6.4133506,0.04552200540649938
1.0,0.00367444365232191,-1.0011004,-1.0011004,-1.0025302,-1.0025302,1.4758358e-05,1.4447955e-05,2.0041726,6.4133515,0.04565054003822851
1.0,0.00368444365232191,-1.003576,-1.003576,-1.0021406,-1.0021406,-1.5278225e-05,-1.4967891e-05,2.004172,6.4133506,0.045779074622273916
1.0,0.0036944436523219095,-1.0011005,-1.0011005,-1.0025303,-1.0025303,1.4741431e-05,1.4431327e-05,2.0041726,6.4133515,0.04590760925400304
1.0,0.0037044436523219096,-1.0035759,-1.0035759,-1.0021405,-1.0021405,-1.5261294e-05,-1.4951259e-05,2.004172,6.4133506,0.04603614383804845
1.0,0.0037144436523219096,-1.0011007,-1.0011007,-1.0025306,-1.0025306,1.4724497e-05,1.4414692e-05,2.0041726,6.4133515,0.04616467846977758
1.0,0.0037244436523219096,-1.0035757,-1.0035757,-1.0021403,-1.0021403,-1.5244356e-05,-1.4934621e-05,2.004172,6.4133506,0.04629321305382299
1.0,0.0037344436523219096,-1.0011009,-1.0011009,-1.0025307,-1.0025307,1.4707557e-05,1.4398051e-05,2.0041726,6.4133515,0.046421747685552114
1.0,0.0037444436523219097,-1.0035756,-1.0035756,-1.0021402,-1.0021402,-1.5227412e-05,-1.4917976e-05,2.004172,6.4133506,0.04655028226959752
1.0,0.0037544436523219097,-1.001101,-1.001101,-1.0025308,-1.0025308,1.46906095e-05,1.4381402e-05,2.0041726,6.4133515,0.04667881690132665
1.0,0.0037644436523219097,-1.0035754,-1.0035754,-1.0021399,-1.0021399,-1.5210463e-05,-1.4901325e-05,2.004172,6.41335,0.04680735147583532
1.0,0.0037744436523219098,-1.0011011,-1.0011011,-1.002531,-1.002531,1.4673657e-05,1.43647485e-05,2.0041726,6.4133515,0.046935886107564447
1.0,0.0037844436523219098,-1.0035752,-1.0035752,-1.0021398,-1.0021398,-1.5193506e-05,-1.48846675e-05,2.004172,6.41335,0.047064420682073116
1.0,0.00379444365232191,-1.0011013,-1.0011013,-1.0025312,-1.0025312,1.4656698e-05,1.4348088e-05,2.0041726,6.4133515,0.04719295531380224
1.0,0.00380444365232191,-1.0035751,-1.0035751,-1.0021397,-1.0021397,-1.5176544e-05,-1.4868005e-05,2.004172,6.4133506,0.04732148989784765
1.0,0.00381444365232191,-1.0011015,-1.0011015,-1.0025313,-1.0025313,1.4639732e-05,1.4331423e-05,2.0041726,6.413352,0.04745002453911352
1.0,0.00382444365232191,-1.003575,-1.003575,-1.0021396,-1.0021396,-1.5159576e-05,-1.4851335e-05,2.004172,6.4133506,0.04757855912315893
1.0,0.00383444365232191,-1.0011016,-1.0011016,-1.0025314,-1.0025314,1.4622761e-05,1.4314751e-05,2.0041726,6.413352,0.04770709376442479
1.0,0.00384444365232191,-1.0035748,-1.0035748,-1.0021393,-1.0021393,-1.5142602e-05,-1.4834661e-05,2.004172,6.4133506,0.0478356283484702
1.0,0.0038544436523219095,-1.0011017,-1.0011017,-1.0025316,-1.0025316,1.4605784e-05,1.4298073e-05,2.0041726,6.413352,0.04796416298973607
1.0,0.0038644436523219096,-1.0035746,-1.0035746,-1.0021392,-1.0021392,-1.5125622e-05,-1.4817981e-05,2.004172,6.4133506,0.04809269757378148
1.0,0.0038744436523219096,-1.0011019,-1.0011019,-1.0025318,-1.0025318,1.4588801e-05,1.428139e-05,2.0041726,6.413352,0.048221232215047344
1.0,0.0038844436523219096,-1.0035745,-1.0035745,-1.0021391,-1.0021391,-1.5108636e-05,-1.4801294e-05,2.004172,6.4133506,0.04834976679909275
1.0,0.0038944436523219096,-1.0011021,-1.0011021,-1.0025319,-1.0025319,1.4571812e-05,1.4264701e-05,2.0041726,6.413352,0.04847830144035862
1.0,0.0039044436523219097,-1.0035744,-1.0035744,-1.002139,-1.002139,-1.5091645e-05,-1.4784603e-05,2.004172,6.4133506,0.048606836024404035
1.0,0.00391444365232191,-1.0011022,-1.0011022,-1.002532,-1.002532,1.4554818e-05,1.4248007e-05,2.0041726,6.413352,0.0487353706656699
1.0,0.00392444365232191,-1.0035743,-1.0035743,-1.0021387,-1.0021387,-1.5074647e-05,-1.4767906e-05,2.004172,6.4133506,0.0488639052497153
1.0,0.003934443652321909,-1.0011023,-1.0011023,-1.0025321,-1.0025321,1.4537818e-05,1.42313065e-05,2.0041726,6.413352,0.04899243989098117
1.0,0.00394444365232191,-1.0035741,-1.0035741,-1.0021386,-1.0021386,-1.5057644e-05,-1.4751203e-05,2.004172,6.4133506,0.04912097447502658
1.0,0.003954443652321909,-1.0011024,-1.0011024,-1.0025324,-1.0025324,1.4520813e-05,1.4214601e-05,2.0041726,6.413352,0.049249509116292445
1.0,0.00396444365232191,-1.0035739,-1.0035739,-1.0021385,-1.0021385,-1.5040637e-05,-1.4734495e-05,2.004172,6.4133506,0.049378043700337854
1.0,0.003974443652321909,-1.0011026,-1.0011026,-1.0025325,-1.0025325,1.4503802e-05,1.4197891e-05,2.0041726,6.413352,0.04950657834160372
1.0,0.00398444365232191,-1.0035738,-1.0035738,-1.0021384,-1.0021384,-1.5023623e-05,-1.4717782e-05,2.004172,6.4133506,0.04963511292564913
1.0,0.0039944436523219095,-1.0011027,-1.0011027,-1.0025326,-1.0025326,1.4486786e-05,1.4181175e-05,2.0041726,6.413352,0.049763647566914995
1.0,0.00400444365232191,-1.0035737,-1.0035737,-1.0021383,-1.0021383,-1.5006604e-05,-1.4701063e-05,2.004172,6.4133506,0.049892182150960404
1.0,0.0040144436523219095,-1.0011028,-1.0011028,-1.0025327,-1.0025327,1.4469765e-05,1.4164454e-05,2.0041726,6.413352,0.05002071679222627
1.0,0.00402444365232191,-1.0035735,-1.0035735,-1.002138,-1.002138,-1.498958e-05,-1.468434e-05,2.004172,6.4133506,0.05014925137627168
1.0,0.00403444365232191,-1.0011029,-1.0011029,-1.0025328,-1.0025328,1.44527385e-05,1.41477285e-05,2.0041726,6.413352,0.050277786017537546
1.0,0.00404444365232191,-1.0035734,-1.0035734,-1.0021379,-1.0021379,-1.4972552e-05,-1.4667612e-05,2.004172,6.4133506,0.050406320601582955
1.0,0.00405444365232191,-1.0011032,-1.0011032,-1.002533,-1.002533,1.4435706e-05,1.4130997e-05,2.0041726,6.413352,0.05053485524284882
1.0,0.00406444365232191,-1.0035733,-1.0035733,-1.0021378,-1.0021378,-1.4955517e-05,-1.4650878e-05,2.004172,6.4133506,0.05066338982689423
1.0,0.00407444365232191,-1.0011033,-1.0011033,-1.0025331,-1.0025331,1.4418671e-05,1.4114262e-05,2.0041726,6.413352,0.050791924468160096
1.0,0.00408444365232191,-1.0035732,-1.0035732,-1.0021377,-1.0021377,-1.4938479e-05,-1.463414e-05,2.004172,6.4133506,0.050920459052205505
1.0,0.00409444365232191,-1.0011034,-1.0011034,-1.0025333,-1.0025333,1.44016285e-05,1.4097521e-05,2.0041726,6.413352,0.05104899369347137
1.0,0.004104443652321909,-1.0035731,-1.0035731,-1.0021375,-1.0021375,-1.4921435e-05,-1.4617397e-05,2.004172,6.4133506,0.05117752827751678
1.0,0.00411444365232191,-1.0011035,-1.0011035,-1.0025334,-1.0025334,1.4384583e-05,1.4080776e-05,2.0041726,6.413352,0.05130606291878265
1.0,0.004124443652321909,-1.003573,-1.003573,-1.0021374,-1.0021374,-1.4904386e-05,-1.460065e-05,2.004172,6.4133506,0.051434597502828056
1.0,0.00413444365232191,-1.0011036,-1.0011036,-1.0025336,-1.0025336,1.4367532e-05,1.4064026e-05,2.0041726,6.4133515,0.05156313213455718
1.0,0.004144443652321909,-1.0035728,-1.0035728,-1.0021373,-1.0021373,-1.4887332e-05,-1.4583897e-05,2.004172,6.4133506,0.05169166671860259
1.0,0.00415444365232191,-1.0011038,-1.0011038,-1.0025337,-1.0025337,1.4350476e-05,1.4047271e-05,2.0041726,6.4133515,0.05182020135033172
1.0,0.0041644436523219095,-1.0035727,-1.0035727,-1.0021372,-1.0021372,-1.4870275e-05,-1.456714e-05,2.004172,6.4133506,0.05194873593437713
1.0,0.00417444365232191,-1.0011039,-1.0011039,-1.0025338,-1.0025338,1.43334155e-05,1.4030512e-05,2.0041726,6.4133515,0.052077270566106254
1.0,0.0041844436523219095,-1.0035725,-1.0035725,-1.0021371,-1.0021371,-1.4853212e-05,-1.4550379e-05,2.004172,6.4133506,0.05220580515015166
1.0,0.00419444365232191,-1.001104,-1.001104,-1.0025339,-1.0025339,1.4316351e-05,1.4013749e-05,2.0041726,6.4133515,0.05233433978188079
1.0,0.00420444365232191,-1.0035723,-1.0035723,-1.002137,-1.002137,-1.4836145e-05,-1.45336135e-05,2.004172,6.4133506,0.0524628743659262
1.0,0.00421444365232191,-1.0011041,-1.0011041,-1.002534,-1.002534,1.4299281e-05,1.3996981e-05,2.0041726,6.4133515,0.052591408997655326
1.0,0.00422444365232191,-1.0035722,-1.0035722,-1.0021368,-1.0021368,-1.4819073e-05,-1.4516843e-05,2.004172,6.4133506,0.052719943581700734
1.0,0.00423444365232191,-1.0011042,-1.0011042,-1.0025342,-1.0025342,1.4282207e-05,1.3980209e-05,2.0041726,6.4133515,0.05284847821342986
1.0,0.00424444365232191,-1.0035722,-1.0035722,-1.0021367,-1.0021367,-1.4801997e-05,-1.4500069e-05,2.004172,6.4133506,0.05297701279747526
1.0,0.004254443652321909,-1.0011044,-1.0011044,-1.0025343,-1.0025343,1.426513e-05,1.3963432e-05,2.0041726,6.4133515,0.05310554742920439
1.0,0.00426444365232191,-1.0035721,-1.0035721,-1.0021366,-1.0021366,-1.4784917e-05,-1.448329e-05,2.004172,6.41335,0.05323408200371306
1.0,0.004274443652321909,-1.0011045,-1.0011045,-1.0025344,-1.0025344,1.4248047e-05,1.3946651e-05,2.0041726,6.4133515,0.05336261663544219
1.0,0.00428444365232191,-1.003572,-1.003572,-1.0021365,-1.0021365,-1.4767833e-05,-1.4466507e-05,2.004172,6.41335,0.053491151209950856
1.0,0.004294443652321909,-1.0011046,-1.0011046,-1.0025345,-1.0025345,1.4230961e-05,1.3929866e-05,2.0041726,6.4133515,0.05361968584167998
1.0,0.00430444365232191,-1.0035719,-1.0035719,-1.0021363,-1.0021363,-1.47507435e-05,-1.4449721e-05,2.004172,6.41335,0.05374822041618865
1.0,0.0043144436523219094,-1.0011047,-1.0011047,-1.0025346,-1.0025346,1.421387e-05,1.3913078e-05,2.0041726,6.413352,0.05387675505745452
1.0,0.00432444365232191,-1.0035717,-1.0035717,-1.0021362,-1.0021362,-1.4733651e-05,-1.443293e-05,2.004172,6.41335,0.05400528963196319
1.0,0.0043344436523219095,-1.0011047,-1.0011047,-1.0025347,-1.0025347,1.4196775e-05,1.3896285e-05,2.0041726,6.413352,0.054133824273229054
1.0,0.00434444365232191,-1.0035716,-1.0035716,-1.0021361,-1.0021361,-1.4716554e-05,-1.4416135e-05,2.004172,6.4133506,0.05426235885727446
1.0,0.0043544436523219095,-1.0011048,-1.0011048,-1.0025347,-1.0025347,1.4179676e-05,1.3879488e-05,2.0041726,6.413352,0.05439089349854033
1.0,0.00436444365232191,-1.0035715,-1.0035715,-1.002136,-1.002136,-1.46994535e-05,-1.4399336e-05,2.004172,6.4133506,0.05451942808258574
1.0,0.00437444365232191,-1.001105,-1.001105,-1.0025349,-1.0025349,1.4162573e-05,1.3862687e-05,2.0041726,6.413352,0.054647962723851605
1.0,0.00438444365232191,-1.0035714,-1.0035714,-1.0021359,-1.0021359,-1.4682349e-05,-1.4382534e-05,2.004172,6.4133506,0.054776497307897014
1.0,0.00439444365232191,-1.0011051,-1.0011051,-1.002535,-1.002535,1.4145467e-05,1.3845883e-05,2.0041726,6.413352,0.05490503194916288
1.0,0.00440444365232191,-1.0035713,-1.0035713,-1.0021358,-1.0021358,-1.466524e-05,-1.4365727e-05,2.004172,6.4133506,0.05503356653320829
1.0,0.00441444365232191,-1.0011052,-1.0011052,-1.0025351,-1.0025351,1.4128356e-05,1.3829074e-05,2.0041726,6.413352,0.055162101174474155
1.0,0.004424443652321909,-1.0035712,-1.0035712,-1.0021356,-1.0021356,-1.4648128e-05,-1.4348917e-05,2.004172,6.4133506,0.055290635758519564
1.0,0.00443444365232191,-1.0011053,-1.0011053,-1.0025352,-1.0025352,1.4111242e-05,1.3812263e-05,2.0041726,6.413352,0.05541917039978543
1.0,0.004444443652321909,-1.003571,-1.003571,-1.0021355,-1.0021355,-1.4631011e-05,-1.4332103e-05,2.004172,6.4133506,0.05554770498383084
1.0,0.00445444365232191,-1.0011054,-1.0011054,-1.0025353,-1.0025353,1.4094124e-05,1.3795448e-05,2.0041726,6.413352,0.055676239625096706
1.0,0.004464443652321909,-1.0035709,-1.0035709,-1.0021354,-1.0021354,-1.4613892e-05,-1.4315286e-05,2.004172,6.4133506,0.055804774209142115
1.0,0.00447444365232191,-1.0011055,-1.0011055,-1.0025355,-1.0025355,1.4077003e-05,1.3778628e-05,2.0041726,6.413352,0.05593330885040798
1.0,0.0044844436523219094,-1.0035709,-1.0035709,-1.0021354,-1.0021354,-1.4596769e-05,-1.4298465e-05,2.004172,6.4133506,0.05606184343445339
1.0,0.00449444365232191,-1.0011055,-1.0011055,-1.0025356,-1.0025356,1.4059878e-05,1.3761805e-05,2.0041726,6.413352,0.056190378075719256
1.0,0.0045044436523219095,-1.0035708,-1.0035708,-1.0021353,-1.0021353,-1.4579641e-05,-1.4281641e-05,2.004172,6.4133506,0.056318912659764665
1.0,0.00451444365232191,-1.0011057,-1.0011057,-1.0025356,-1.0025356,1.4042749e-05,1.374498e-05,2.0041726,6.413352,0.05644744730103053
1.0,0.0045244436523219096,-1.0035707,-1.0035707,-1.0021352,-1.0021352,-1.4562511e-05,-1.4264813e-05,2.004172,6.4133506,0.05657598188507594
1.0,0.00453444365232191,-1.0011058,-1.0011058,-1.0025357,-1.0025357,1.4025616e-05,1.372815e-05,2.0041726,6.413352,0.05670451652634181
1.0,0.00454444365232191,-1.0035706,-1.0035706,-1.002135,-1.002135,-1.4545377e-05,-1.4247982e-05,2.004172,6.4133506,0.056833051110387216
1.0,0.00455444365232191,-1.0011059,-1.0011059,-1.0025358,-1.0025358,1.4008481e-05,1.37113175e-05,2.0041726,6.413352,0.05696158575165308
1.0,0.00456444365232191,-1.0035704,-1.0035704,-1.0021349,-1.0021349,-1.452824e-05,-1.4231147e-05,2.004172,6.4133506,0.057090120335698484
1.0,0.004574443652321909,-1.001106,-1.001106,-1.0025359,-1.0025359,1.3991342e-05,1.3694481e-05,2.0041726,6.413352,0.05721865497696435
1.0,0.00458444365232191,-1.0035703,-1.0035703,-1.0021348,-1.0021348,-1.4511099e-05,-1.421431e-05,2.004172,6.4133506,0.05734718956100976
1.0,0.004594443652321909,-1.001106,-1.001106,-1.002536,-1.002536,1.39742e-05,1.3677642e-05,2.0041726,6.413352,0.057475724202275626
1.0,0.00460444365232191,-1.0035703,-1.0035703,-1.0021348,-1.0021348,-1.4493955e-05,-1.4197469e-05,2.004172,6.4133506,0.057604258786321035
1.0,0.004614443652321909,-1.0011061,-1.0011061,-1.0025362,-1.0025362,1.3957054e-05,1.36608e-05,2.0041726,6.413352,0.0577327934275869
1.0,0.00462444365232191,-1.0035702,-1.0035702,-1.0021347,-1.0021347,-1.4476808e-05,-1.4180624e-05,2.004172,6.4133506,0.05786132801163231
1.0,0.004634443652321909,-1.0011063,-1.0011063,-1.0025362,-1.0025362,1.3939905e-05,1.3643954e-05,2.0041726,6.413352,0.057989862652898176
1.0,0.00464444365232191,-1.0035701,-1.0035701,-1.0021346,-1.0021346,-1.4459658e-05,-1.4163777e-05,2.004172,6.4133506,0.058118397236943585
1.0,0.0046544436523219095,-1.0011064,-1.0011064,-1.0025363,-1.0025363,1.3922753e-05,1.3627105e-05,2.0041726,6.413352,0.05824693187820945
1.0,0.00466444365232191,-1.00357,-1.00357,-1.0021344,-1.0021344,-1.4442504e-05,-1.4146927e-05,2.004172,6.4133506,0.05837546646225486
1.0,0.0046744436523219095,-1.0011064,-1.0011064,-1.0025364,-1.0025364,1.3905598e-05,1.36102535e-05,2.0041726,6.413352,0.05850400110352073
1.0,0.00468444365232191,-1.00357,-1.00357,-1.0021343,-1.0021343,-1.4425347e-05,-1.4130073e-05,2.004172,6.4133506,0.058632535687566135
1.0,0.0046944436523219096,-1.0011065,-1.0011065,-1.0025365,-1.0025365,1.3888441e-05,1.3593399e-05,2.0041726,6.413352,0.058761070328832
1.0,0.00470444365232191,-1.0035698,-1.0035698,-1.0021343,-1.0021343,-1.4408188e-05,-1.4113218e-05,2.004172,6.4133506,0.05888960491287741
1.0,0.00471444365232191,-1.0011066,-1.0011066,-1.0025365,-1.0025365,1.3871279e-05,1.357654e-05,2.0041726,6.413352,0.05901813955414328
1.0,0.00472444365232191,-1.0035697,-1.0035697,-1.0021342,-1.0021342,-1.4391026e-05,-1.4096358e-05,2.004172,6.4133506,0.059146674138188686
1.0,0.00473444365232191,-1.0011067,-1.0011067,-1.0025367,-1.0025367,1.3854115e-05,1.355968e-05,2.0041726,6.413352,0.05927520877945455
1.0,0.004744443652321909,-1.0035696,-1.0035696,-1.0021341,-1.0021341,-1.437386e-05,-1.4079496e-05,2.004172,6.4133506,0.05940374336349996
1.0,0.00475444365232191,-1.0011067,-1.0011067,-1.0025368,-1.0025368,1.3836949e-05,1.3542816e-05,2.0041726,6.413352,0.05953227800476583
1.0,0.004764443652321909,-1.0035696,-1.0035696,-1.002134,-1.002134,-1.4356691e-05,-1.4062632e-05,2.004172,6.4133506,0.059660812588811236
1.0,0.00477444365232191,-1.0011069,-1.0011069,-1.0025369,-1.0025369,1.3819778e-05,1.3525951e-05,2.0041726,6.413352,0.0597893472300771
1.0,0.004784443652321909,-1.0035695,-1.0035695,-1.002134,-1.002134,-1.433952e-05,-1.4045763e-05,2.004172,6.4133506,0.05991788181412251
1.0,0.00479444365232191,-1.001107,-1.001107,-1.0025369,-1.0025369,1.3802606e-05,1.3509081e-05,2.0041726,6.413352,0.06004641645538838
1.0,0.004804443652321909,-1.0035694,-1.0035694,-1.0021338,-1.0021338,-1.4322346e-05,-1.4028893e-05,2.004172,6.4133506,0.06017495103943379
1.0,0.00481444365232191,-1.001107,-1.001107,-1.002537,-1.002537,1.378543e-05,1.3492209e-05,2.0041726,6.413352,0.06030348568069965
1.0,0.0048244436523219095,-1.0035694,-1.0035694,-1.0021337,-1.0021337,-1.4305169e-05,-1.401202e-05,2.004172,6.4133506,0.06043202026474506
1.0,0.00483444365232191,-1.0011071,-1.0011071,-1.0025371,-1.0025371,1.3768253e-05,1.3475335e-05,2.0041726,6.4133515,0.06056055489647419
1.0,0.0048444436523219095,-1.0035692,-1.0035692,-1.0021336,-1.0021336,-1.428799e-05,-1.3995144e-05,2.004172,6.4133506,0.0606890894805196
1.0,0.00485444365232191,-1.0011072,-1.0011072,-1.0025371,-1.0025371,1.37510715e-05,1.3458458e-05,2.0041726,6.4133515,0.060817624112248725
1.0,0.00486444365232191,-1.0035691,-1.0035691,-1.0021336,-1.0021336,-1.4270808e-05,-1.3978266e-05,2.004172,6.4133506,0.060946158696294134
1.0,0.00487444365232191,-1.0011073,-1.0011073,-1.0025373,-1.0025373,1.3733888e-05,1.3441579e-05,2.0041726,6.4133515,0.06107469332802326
1.0,0.00488444365232191,-1.003569,-1.003569,-1.0021335,-1.0021335,-1.4253624e-05,-1.3961386e-05,2.004172,6.4133506,0.06120322791206866
1.0,0.004894443652321909,-1.0011073,-1.0011073,-1.0025374,-1.0025374,1.3716703e-05,1.3424697e-05,2.0041726,6.4133515,0.06133176254379779
1.0,0.00490444365232191,-1.003569,-1.003569,-1.0021334,-1.0021334,-1.4236436e-05,-1.3944502e-05,2.004172,6.4133506,0.0614602971278432
1.0,0.004914443652321909,-1.0011075,-1.0011075,-1.0025375,-1.0025375,1.3699514e-05,1.3407812e-05,2.0041726,6.4133515,0.061588831759572325
1.0,0.00492444365232191,-1.0035689,-1.0035689,-1.0021334,-1.0021334,-1.4219247e-05,-1.3927616e-05,2.004172,6.4133506,0.061717366343617734
1.0,0.004934443652321909,-1.0011075,-1.0011075,-1.0025375,-1.0025375,1.3682323e-05,1.3390925e-05,2.0041726,6.4133515,0.06184590097534686
1.0,0.00494444365232191,-1.0035689,-1.0035689,-1.0021333,-1.0021333,-1.4202054e-05,-1.3910728e-05,2.004172,6.4133506,0.06197443555939227
1.0,0.004954443652321909,-1.0011076,-1.0011076,-1.0025376,-1.0025376,1.366513e-05,1.3374036e-05,2.0041726,6.4133515,0.0621029701911214
1.0,0.00496444365232191,-1.0035688,-1.0035688,-1.0021331,-1.0021331,-1.41848595e-05,-1.3893838e-05,2.004172,6.4133506,0.062231504775166806
1.0,0.004974443652321909,-1.0011077,-1.0011077,-1.0025376,-1.0025376,1.3647934e-05,1.3357144e-05,2.0041726,6.4133515,0.06236003940689593
1.0,0.00498444365232191,-1.0035686,-1.0035686,-1.0021331,-1.0021331,-1.4167662e-05,-1.3876945e-05,2.004172,6.4133506,0.06248857399094134
1.0,0.0049944436523219095,-1.0011077,-1.0011077,-1.0025377,-1.0025377,1.3630735e-05,1.334025e-05,2.0041726,6.4133515,0.06261710862267046
1.0,0.00500444365232191,-1.0035686,-1.0035686,-1.002133,-1.002133,-1.4150462e-05,-1.3860049e-05,2.004172,6.4133506,0.06274564320671587
1.0,0.0050144436523219095,-1.0011078,-1.0011078,-1.0025378,-1.0025378,1.3613535e-05,1.3323353e-05,2.0041726,6.4133515,0.062874177838445
1.0,0.00502444365232191,-1.0035685,-1.0035685,-1.0021329,-1.0021329,-1.4133261e-05,-1.38431515e-05,2.004172,6.4133506,0.0630027124224904
1.0,0.00503444365232191,-1.0011079,-1.0011079,-1.0025378,-1.0025378,1.3596332e-05,1.3306455e-05,2.0041726,6.4133515,0.06313124705421953
1.0,0.00504444365232191,-1.0035684,-1.0035684,-1.0021329,-1.0021329,-1.4116057e-05,-1.3826252e-05,2.004172,6.4133506,0.06325978163826494
1.0,0.00505444365232191,-1.0011079,-1.0011079,-1.002538,-1.002538,1.3579127e-05,1.3289554e-05,2.0041726,6.4133515,0.06338831626999407
1.0,0.005064443652321909,-1.0035684,-1.0035684,-1.0021328,-1.0021328,-1.409885e-05,-1.380935e-05,2.004172,6.4133506,0.06351685085403948
1.0,0.00507444365232191,-1.001108,-1.001108,-1.0025381,-1.0025381,1.3561919e-05,1.3272651e-05,2.0041726,6.4133515,0.0636453854857686
1.0,0.005084443652321909,-1.0035683,-1.0035683,-1.0021328,-1.0021328,-1.4081642e-05,-1.3792446e-05,2.004172,6.41335,0.06377392006027727
1.0,0.00509444365232191,-1.001108,-1.001108,-1.0025381,-1.0025381,1.354471e-05,1.3255746e-05,2.0041726,6.4133515,0.0639024546920064
1.0,0.005104443652321909,-1.0035683,-1.0035683,-1.0021327,-1.0021327,-1.40644315e-05,-1.377554e-05,2.004172,6.41335,0.06403098926651506
1.0,0.00511444365232191,-1.0011082,-1.0011082,-1.0025382,-1.0025382,1.3527499e-05,1.3238839e-05,2.0041726,6.4133515,0.06415952389824418
1.0,0.005124443652321909,-1.0035682,-1.0035682,-1.0021325,-1.0021325,-1.4047219e-05,-1.3758631e-05,2.004172,6.41335,0.06428805847275285
1.0,0.00513444365232191,-1.0011083,-1.0011083,-1.0025382,-1.0025382,1.3510285e-05,1.3221929e-05,2.0041726,6.4133515,0.06441659310448197
1.0,0.0051444436523219094,-1.003568,-1.003568,-1.0021325,-1.0021325,-1.4030004e-05,-1.3741721e-05,2.004172,6.41335,0.06454512767899064
1.0,0.00515444365232191,-1.0011083,-1.0011083,-1.0025383,-1.0025383,1.3493069e-05,1.3205018e-05,2.0041726,6.413352,0.06467366232025651
1.0,0.0051644436523219095,-1.003568,-1.003568,-1.0021324,-1.0021324,-1.4012788e-05,-1.3724809e-05,2.004172,6.41335,0.06480219689476517
1.0,0.00517444365232191,-1.0011084,-1.0011084,-1.0025384,-1.0025384,1.3475851e-05,1.3188105e-05,2.0041726,6.413352,0.06493073153603104
1.0,0.0051844436523219095,-1.0035679,-1.0035679,-1.0021324,-1.0021324,-1.3995568e-05,-1.3707895e-05,2.004172,6.41335,0.0650592661105397
1.0,0.00519444365232191,-1.0011084,-1.0011084,-1.0025384,-1.0025384,1.3458631e-05,1.31711895e-05,2.0041726,6.413352,0.06518780075180558
1.0,0.00520444365232191,-1.0035679,-1.0035679,-1.0021323,-1.0021323,-1.3978348e-05,-1.3690978e-05,2.004172,6.41335,0.06531633532631424
1.0,0.005214443652321909,-1.0011085,-1.0011085,-1.0025386,-1.0025386,1.3441409e-05,1.3154273e-05,2.0041726,6.413352,0.06544486996758012
1.0,0.00522444365232191,-1.0035678,-1.0035678,-1.0021322,-1.0021322,-1.3961125e-05,-1.367406e-05,2.004172,6.4133506,0.06557340455162552
1.0,0.005234443652321909,-1.0011085,-1.0011085,-1.0025386,-1.0025386,1.3424185e-05,1.3137354e-05,2.0041726,6.413352,0.0657019391928914
1.0,0.00524444365232191,-1.0035678,-1.0035678,-1.0021322,-1.0021322,-1.39439e-05,-1.3657141e-05,2.004172,6.4133506,0.06583047377693681
1.0,0.005254443652321909,-1.0011086,-1.0011086,-1.0025387,-1.0025387,1.340696e-05,1.3120432e-05,2.0041726,6.413352,0.06595900841820268
1.0,0.00526444365232191,-1.0035677,-1.0035677,-1.002132,-1.002132,-1.3926673e-05,-1.3640219e-05,2.004172,6.4133506,0.06608754300224809
1.0,0.005274443652321909,-1.0011086,-1.0011086,-1.0025387,-1.0025387,1.3389732e-05,1.310351e-05,2.0041726,6.413352,0.06621607764351396
1.0,0.00528444365232191,-1.0035676,-1.0035676,-1.002132,-1.002132,-1.3909445e-05,-1.3623295e-05,2.004172,6.4133506,0.06634461222755937
1.0,0.005294443652321909,-1.0011088,-1.0011088,-1.0025388,-1.0025388,1.33725025e-05,1.3086586e-05,2.0041726,6.413352,0.06647314686882524
1.0,0.00530444365232191,-1.0035676,-1.0035676,-1.0021319,-1.0021319,-1.3892215e-05,-1.360637e-05,2.004172,6.4133506,0.06660168145287065
1.0,0.0053144436523219095,-1.0011089,-1.0011089,-1.0025389,-1.0025389,1.3355272e-05,1.306966e-05,2.0041726,6.413352,0.06673021609413653
1.0,0.00532444365232191,-1.0035675,-1.0035675,-1.0021319,-1.0021319,-1.3874983e-05,-1.35894425e-05,2.004172,6.4133506,0.06685875067818194
1.0,0.0053344436523219095,-1.0011089,-1.0011089,-1.0025389,-1.0025389,1.3338039e-05,1.3052731e-05,2.0041726,6.413352,0.06698728531944781
1.0,0.00534444365232191,-1.0035675,-1.0035675,-1.0021318,-1.0021318,-1.3857749e-05,-1.3572514e-05,2.004172,6.4133506,0.06711581990349322
1.0,0.0053544436523219096,-1.001109,-1.001109,-1.002539,-1.002539,1.3320804e-05,1.3035802e-05,2.0041726,6.413352,0.06724435454475909
1.0,0.00536444365232191,-1.0035673,-1.0035673,-1.0021317,-1.0021317,-1.3840514e-05,-1.3555584e-05,2.004172,6.4133506,0.0673728891288045
1.0,0.00537444365232191,-1.001109,-1.001109,-1.002539,-1.002539,1.3303568e-05,1.3018871e-05,2.0041726,6.413352,0.06750142377007036
1.0,0.005384443652321909,-1.0035673,-1.0035673,-1.0021317,-1.0021317,-1.3823276e-05,-1.3538652e-05,2.004172,6.4133506,0.06762995835411577
1.0,0.00539444365232191,-1.0011091,-1.0011091,-1.0025392,-1.0025392,1.328633e-05,1.3001938e-05,2.0041726,6.413352,0.06775849299538164
1.0,0.005404443652321909,-1.0035672,-1.0035672,-1.0021316,-1.0021316,-1.3806038e-05,-1.3521718e-05,2.004172,6.4133506,0.06788702757942705
1.0,0.00541444365232191,-1.0011091,-1.0011091,-1.0025392,-1.0025392,1.326909e-05,1.2985003e-05,2.0041726,6.413352,0.06801556222069292
1.0,0.005424443652321909,-1.0035672,-1.0035672,-1.0021316,-1.0021316,-1.3788797e-05,-1.3504783e-05,2.004172,6.4133506,0.06814409680473833
1.0,0.00543444365232191,-1.0011092,-1.0011092,-1.0025393,-1.0025393,1.3251849e-05,1.29680675e-05,2.0041726,6.413352,0.0682726314460042
1.0,0.005444443652321909,-1.0035671,-1.0035671,-1.0021315,-1.0021315,-1.3771555e-05,-1.34878455e-05,2.004172,6.4133506,0.06840116603004961
1.0,0.00545444365232191,-1.0011092,-1.0011092,-1.0025393,-1.0025393,1.3234607e-05,1.295113e-05,2.0041726,6.413352,0.06852970067131549
1.0,0.005464443652321909,-1.0035671,-1.0035671,-1.0021315,-1.0021315,-1.3754312e-05,-1.3470908e-05,2.004172,6.4133506,0.0686582352553609
1.0,0.00547444365232191,-1.0011094,-1.0011094,-1.0025394,-1.0025394,1.3217363e-05,1.2934191e-05,2.0041726,6.413352,0.06878676989662677
1.0,0.0054844436523219095,-1.003567,-1.003567,-1.0021313,-1.0021313,-1.3737067e-05,-1.3453968e-05,2.004172,6.4133506,0.06891530448067218
1.0,0.00549444365232191,-1.0011094,-1.0011094,-1.0025394,-1.0025394,1.3200117e-05,1.291725e-05,2.0041726,6.413352,0.06904383912193805
1.0,0.0055044436523219095,-1.003567,-1.003567,-1.0021313,-1.0021313,-1.371982e-05,-1.3437027e-05,2.004172,6.4133506,0.06917237370598346
1.0,0.00551444365232191,-1.0011095,-1.0011095,-1.0025395,-1.0025395,1.3182869e-05,1.2900308e-05,2.0041726,6.413352,0.06930090834724933
1.0,0.00552444365232191,-1.0035669,-1.0035669,-1.0021312,-1.0021312,-1.3702573e-05,-1.3420084e-05,2.004172,6.4133506,0.06942944293129474
1.0,0.005534443652321909,-1.0011095,-1.0011095,-1.0025395,-1.0025395,1.3165621e-05,1.2883365e-05,2.0041726,6.413352,0.06955797757256062
1.0,0.00554444365232191,-1.0035669,-1.0035669,-1.0021312,-1.0021312,-1.3685323e-05,-1.340314e-05,2.004172,6.4133506,0.06968651215660603
1.0,0.005554443652321909,-1.0011095,-1.0011095,-1.0025396,-1.0025396,1.314837e-05,1.2866421e-05,2.0041726,6.413352,0.0698150467978719
1.0,0.00556444365232191,-1.0035667,-1.0035667,-1.0021311,-1.0021311,-1.3668072e-05,-1.3386194e-05,2.004172,6.4133506,0.06994358138191731
1.0,0.005574443652321909,-1.0011096,-1.0011096,-1.0025396,-1.0025396,1.3131119e-05,1.2849474e-05,2.0041726,6.413352,0.07007211602318318
1.0,0.00558444365232191,-1.0035667,-1.0035667,-1.0021311,-1.0021311,-1.365082e-05,-1.3369247e-05,2.004172,6.4133506,0.07020065060722859
1.0,0.005594443652321909,-1.0011096,-1.0011096,-1.0025398,-1.0025398,1.3113866e-05,1.2832526e-05,2.0041726,6.413352,0.07032918524849446
1.0,0.00560444365232191,-1.0035666,-1.0035666,-1.002131,-1.002131,-1.3633567e-05,-1.3352299e-05,2.004172,6.4133506,0.07045771983253987
1.0,0.005614443652321909,-1.0011097,-1.0011097,-1.0025398,-1.0025398,1.3096612e-05,1.2815578e-05,2.0041726,6.413352,0.07058625447380575
1.0,0.00562444365232191,-1.0035666,-1.0035666,-1.002131,-1.002131,-1.3616312e-05,-1.333535e-05,2.004172,6.4133506,0.07071478905785115
1.0,0.005634443652321909,-1.0011097,-1.0011097,-1.0025398,-1.0025398,1.3079356e-05,1.2798628e-05,2.0041726,6.413352,0.07084332369911703
1.0,0.00564444365232191,-1.0035666,-1.0035666,-1.002131,-1.002131,-1.3599055e-05,-1.3318399e-05,2.004172,6.4133506,0.07097185828316244
1.0,0.0056544436523219095,-1.0011098,-1.0011098,-1.0025399,-1.0025399,1.3062099e-05,1.2781677e-05,2.0041726,6.413352,0.07110039292442831
1.0,0.00566444365232191,-1.0035665,-1.0035665,-1.0021309,-1.0021309,-1.3581797e-05,-1.3301447e-05,2.004172,6.4133506,0.07122892750847372
1.0,0.0056744436523219095,-1.0011098,-1.0011098,-1.0025399,-1.0025399,1.3044842e-05,1.27647245e-05,2.0041726,6.413352,0.07135746214973959
1.0,0.00568444365232191,-1.0035665,-1.0035665,-1.0021309,-1.0021309,-1.3564539e-05,-1.3284494e-05,2.004172,6.4133506,0.071485996733785
1.0,0.00569444365232191,-1.00111,-1.00111,-1.00254,-1.00254,1.3027582e-05,1.2747771e-05,2.0041726,6.413352,0.07161453137505086
1.0,0.005704443652321909,-1.0035664,-1.0035664,-1.0021307,-1.0021307,-1.3547279e-05,-1.32675395e-05,2.004172,6.4133506,0.07174306595909627
1.0,0.00571444365232191,-1.00111,-1.00111,-1.00254,-1.00254,1.3010322e-05,1.2730816e-05,2.0041726,6.413352,0.07187160060036214
1.0,0.005724443652321909,-1.0035664,-1.0035664,-1.0021307,-1.0021307,-1.3530018e-05,-1.3250584e-05,2.004172,6.4133506,0.07200013518440755
1.0,0.00573444365232191,-1.00111,-1.00111,-1.0025401,-1.0025401,1.29930595e-05,1.2713859e-05,2.0041726,6.413352,0.07212866982567342
1.0,0.005744443652321909,-1.0035663,-1.0035663,-1.0021306,-1.0021306,-1.3512755e-05,-1.3233627e-05,2.004172,6.4133506,0.07225720440971883
1.0,0.00575444365232191,-1.0011101,-1.0011101,-1.0025401,-1.0025401,1.2975796e-05,1.2696902e-05,2.0041726,6.413352,0.07238573905098471
1.0,0.005764443652321909,-1.0035663,-1.0035663,-1.0021306,-1.0021306,-1.3495492e-05,-1.321667e-05,2.004172,6.4133506,0.07251427363503012
1.0,0.00577444365232191,-1.0011101,-1.0011101,-1.0025402,-1.0025402,1.2958532e-05,1.2679944e-05,2.0041726,6.413352,0.07264280827629599
1.0,0.005784443652321909,-1.0035663,-1.0035663,-1.0021305,-1.0021305,-1.3478227e-05,-1.3199711e-05,2.004172,6.4133506,0.0727713428603414
1.0,0.00579444365232191,-1.0011102,-1.0011102,-1.0025402,-1.0025402,1.2941267e-05,1.2662984e-05,2.0041726,6.413352,0.07289987750160727
1.0,0.0058044436523219094,-1.0035661,-1.0035661,-1.0021305,-1.0021305,-1.3460961e-05,-1.3182751e-05,2.004172,6.4133506,0.07302841208565268
1.0,0.00581444365232191,-1.0011102,-1.0011102,-1.0025402,-1.0025402,1.2924001e-05,1.2646024e-05,2.0041726,6.413352,0.07315694672691855
1.0,0.0058244436523219095,-1.0035661,-1.0035661,-1.0021305,-1.0021305,-1.3443694e-05,-1.316579e-05,2.004172,6.4133506,0.07328548131096396
1.0,0.00583444365232191,-1.0011103,-1.0011103,-1.0025403,-1.0025403,1.2906734e-05,1.2629062e-05,2.0041726,6.413352,0.07341401595222984
1.0,0.0058444436523219095,-1.003566,-1.003566,-1.0021304,-1.0021304,-1.3426426e-05,-1.3148828e-05,2.004172,6.4133506,0.07354255053627524
1.0,0.005854443652321909,-1.0011103,-1.0011103,-1.0025403,-1.0025403,1.2889465e-05,1.2612099e-05,2.0041726,6.413352,0.07367108517754112
1.0,0.00586444365232191,-1.003566,-1.003566,-1.0021304,-1.0021304,-1.3409158e-05,-1.3131865e-05,2.004172,6.4133506,0.07379961976158653
1.0,0.005874443652321909,-1.0011103,-1.0011103,-1.0025405,-1.0025405,1.2872196e-05,1.25951365e-05,2.0041726,6.413352,0.0739281544028524
1.0,0.00588444365232191,-1.0035659,-1.0035659,-1.0021303,-1.0021303,-1.33918875e-05,-1.3114901e-05,2.004172,6.4133506,0.07405668898689781
1.0,0.005894443652321909,-1.0011104,-1.0011104,-1.0025405,-1.0025405,1.2854925e-05,1.2578172e-05,2.0041726,6.413352,0.07418522362816368
1.0,0.00590444365232191,-1.0035659,-1.0035659,-1.0021303,-1.0021303,-1.3374617e-05,-1.3097936e-05,2.004172,6.4133506,0.07431375821220909
1.0,0.005914443652321909,-1.0011104,-1.0011104,-1.0025405,-1.0025405,1.2837654e-05,1.2561206e-05,2.0041726,6.413352,0.07444229285347496
1.0,0.00592444365232191,-1.0035659,-1.0035659,-1.0021302,-1.0021302,-1.3357345e-05,-1.3080969e-05,2.004172,6.4133506,0.07457082743752037
1.0,0.005934443652321909,-1.0011104,-1.0011104,-1.0025406,-1.0025406,1.2820382e-05,1.2544239e-05,2.0041726,6.413352,0.07469936207878625
1.0,0.00594444365232191,-1.0035658,-1.0035658,-1.0021302,-1.0021302,-1.3340072e-05,-1.3064003e-05,2.004172,6.4133506,0.07482789666283166
1.0,0.005954443652321909,-1.0011106,-1.0011106,-1.0025406,-1.0025406,1.2803108e-05,1.2527273e-05,2.0041726,6.413352,0.07495643130409753
1.0,0.00596444365232191,-1.0035658,-1.0035658,-1.0021302,-1.0021302,-1.3322799e-05,-1.3047035e-05,2.004172,6.4133506,0.07508496588814294
1.0,0.0059744436523219095,-1.0011106,-1.0011106,-1.0025407,-1.0025407,1.2785834e-05,1.2510304e-05,2.0041726,6.413352,0.07521350052940881
1.0,0.00598444365232191,-1.0035658,-1.0035658,-1.00213,-1.00213,-1.3305524e-05,-1.3030066e-05,2.004172,6.4133506,0.07534203511345422
1.0,0.0059944436523219095,-1.0011107,-1.0011107,-1.0025407,-1.0025407,1.2768559e-05,1.2493335e-05,2.0041726,6.413352,0.0754705697547201
1.0,0.00600444365232191,-1.0035657,-1.0035657,-1.00213,-1.00213,-1.3288248e-05,-1.3013097e-05,2.004172,6.4133506,0.0755991043387655
1.0,0.0060144436523219096,-1.0011107,-1.0011107,-1.0025407,-1.0025407,1.2751283e-05,1.2476366e-05,2.0041726,6.413352,0.07572763898003136
1.0,0.006024443652321909,-1.0035657,-1.0035657,-1.00213,-1.00213,-1.3270971e-05,-1.2996126e-05,2.004172,6.4133506,0.07585617356407677
1.0,0.00603444365232191,-1.0011107,-1.0011107,-1.0025408,-1.0025408,1.2734006e-05,1.2459394e-05,2.0041726,6.413352,0.07598470820534264
1.0,0.006044443652321909,-1.0035655,-1.0035655,-1.0021299,-1.0021299,-1.3253694e-05,-1.2979155e-05,2.004172,6.4133506,0.07611324278938805
1.0,0.00605444365232191,-1.0011108,-1.0011108,-1.0025408,-1.0025408,1.2716729e-05,1.2442423e-05,2.0041726,6.413352,0.07624177743065393
1.0,0.006064443652321909,-1.0035655,-1.0035655,-1.0021299,-1.0021299,-1.3236416e-05,-1.2962183e-05,2.004172,6.4133506,0.07637031201469933
1.0,0.00607444365232191,-1.0011108,-1.0011108,-1.002541,-1.002541,1.269945e-05,1.242545e-05,2.0041726,6.413352,0.07649884665596521
1.0,0.006084443652321909,-1.0035655,-1.0035655,-1.0021298,-1.0021298,-1.3219137e-05,-1.2945211e-05,2.004172,6.4133506,0.07662738124001062
1.0,0.00609444365232191,-1.0011108,-1.0011108,-1.002541,-1.002541,1.2682171e-05,1.2408477e-05,2.0041726,6.413352,0.07675591588127649
1.0,0.006104443652321909,-1.0035654,-1.0035654,-1.0021298,-1.0021298,-1.3201858e-05,-1.2928237e-05,2.004172,6.4133506,0.0768844504653219
1.0,0.00611444365232191,-1.0011109,-1.0011109,-1.002541,-1.002541,1.266489e-05,1.2391503e-05,2.0041726,6.413352,0.07701298510658777
1.0,0.006124443652321909,-1.0035654,-1.0035654,-1.0021298,-1.0021298,-1.3184577e-05,-1.2911263e-05,2.004172,6.4133506,0.07714151969063318
1.0,0.00613444365232191,-1.0011109,-1.0011109,-1.0025411,-1.0025411,1.264761e-05,1.23745285e-05,2.0041726,6.413352,0.07727005433189905
1.0,0.0061444436523219095,-1.0035654,-1.0035654,-1.0021297,-1.0021297,-1.3167296e-05,-1.28942875e-05,2.004172,6.4133506,0.07739858891594446
1.0,0.00615444365232191,-1.001111,-1.001111,-1.0025411,-1.0025411,1.26303285e-05,1.2357554e-05,2.0041726,6.413352,0.07752712355721034
1.0,0.0061644436523219095,-1.0035653,-1.0035653,-1.0021297,-1.0021297,-1.3150014e-05,-1.2877312e-05,2.004172,6.4133506,0.07765565814125575
1.0,0.006174443652321909,-1.001111,-1.001111,-1.0025411,-1.0025411,1.2613046e-05,1.2340577e-05,2.0041726,6.413352,0.07778419278252162
1.0,0.00618444365232191,-1.0035653,-1.0035653,-1.0021297,-1.0021297,-1.31327315e-05,-1.2860336e-05,2.004172,6.4133506,0.07791272736656703
1.0,0.006194443652321909,-1.001111,-1.001111,-1.0025412,-1.0025412,1.2595763e-05,1.23236005e-05,2.0041726,6.413352,0.0780412620078329
1.0,0.00620444365232191,-1.0035653,-1.0035653,-1.0021296,-1.0021296,-1.31154475e-05,-1.28433585e-05,2.004172,6.4133506,0.07816979659187831
1.0,0.006214443652321909,-1.0011111,-1.0011111,-1.0025412,-1.0025412,1.2578479e-05,1.2306623e-05,2.0041726,6.413352,0.07829833123314418
1.0,0.00622444365232191,-1.0035652,-1.0035652,-1.0021296,-1.0021296,-1.3098164e-05,-1.2826381e-05,2.004172,6.4133506,0.07842686581718959
1.0,0.006234443652321909,-1.0011111,-1.0011111,-1.0025412,-1.0025412,1.2561195e-05,1.2289645e-05,2.0041726,6.413352,0.07855540045845547
1.0,0.00624444365232191,-1.0035652,-1.0035652,-1.0021294,-1.0021294,-1.3080879e-05,-1.28094025e-05,2.004172,6.4133506,0.07868393504250087
1.0,0.006254443652321909,-1.0011111,-1.0011111,-1.0025413,-1.0025413,1.254391e-05,1.2272667e-05,2.0041726,6.413352,0.07881246968376675
1.0,0.00626444365232191,-1.0035652,-1.0035652,-1.0021294,-1.0021294,-1.30635935e-05,-1.2792423e-05,2.004172,6.4133506,0.07894100426781216
1.0,0.006274443652321909,-1.0011113,-1.0011113,-1.0025413,-1.0025413,1.2526624e-05,1.2255688e-05,2.0041726,6.413352,0.07906953890907803
1.0,0.00628444365232191,-1.0035651,-1.0035651,-1.0021294,-1.0021294,-1.3046308e-05,-1.2775444e-05,2.004172,6.4133506,0.07919807349312344
1.0,0.006294443652321909,-1.0011113,-1.0011113,-1.0025413,-1.0025413,1.2509338e-05,1.2238707e-05,2.0041726,6.413352,0.07932660813438931
1.0,0.00630444365232191,-1.0035651,-1.0035651,-1.0021293,-1.0021293,-1.3029022e-05,-1.27584635e-05,2.004172,6.4133506,0.07945514271843472
1.0,0.0063144436523219095,-1.0011113,-1.0011113,-1.0025414,-1.0025414,1.2492052e-05,1.2221727e-05,2.0041726,6.413352,0.0795836773597006
1.0,0.00632444365232191,-1.0035651,-1.0035651,-1.0021293,-1.0021293,-1.3011734e-05,-1.2741483e-05,2.004172,6.4133506,0.079712211943746
1.0,0.0063344436523219095,-1.0011114,-1.0011114,-1.0025414,-1.0025414,1.2474764e-05,1.2204746e-05,2.0041726,6.413352,0.07984074658501186
1.0,0.006344443652321909,-1.003565,-1.003565,-1.0021293,-1.0021293,-1.29944465e-05,-1.2724502e-05,2.004172,6.4133506,0.07996928116905727
1.0,0.00635444365232191,-1.0011114,-1.0011114,-1.0025414,-1.0025414,1.2457475e-05,1.2187765e-05,2.0041726,6.413352,0.08009781581032314
1.0,0.006364443652321909,-1.003565,-1.003565,-1.0021292,-1.0021292,-1.2977158e-05,-1.270752e-05,2.004172,6.4133506,0.08022635039436855
1.0,0.00637444365232191,-1.0011114,-1.0011114,-1.0025415,-1.0025415,1.2440188e-05,1.2170783e-05,2.0041726,6.413352,0.08035488503563443
1.0,0.006384443652321909,-1.003565,-1.003565,-1.0021292,-1.0021292,-1.2959869e-05,-1.2690538e-05,2.004172,6.4133506,0.08048341961967984
1.0,0.00639444365232191,-1.0011114,-1.0011114,-1.0025415,-1.0025415,1.2422898e-05,1.21538e-05,2.0041726,6.413352,0.08061195426094571
1.0,0.006404443652321909,-1.0035648,-1.0035648,-1.0021292,-1.0021292,-1.294258e-05,-1.2673555e-05,2.004172,6.4133506,0.08074048884499112
1.0,0.00641444365232191,-1.0011115,-1.0011115,-1.0025415,-1.0025415,1.2405609e-05,1.2136817e-05,2.0041726,6.413352,0.08086902348625699
1.0,0.006424443652321909,-1.0035648,-1.0035648,-1.0021291,-1.0021291,-1.292529e-05,-1.2656571e-05,2.004172,6.4133506,0.0809975580703024
1.0,0.00643444365232191,-1.0011115,-1.0011115,-1.0025417,-1.0025417,1.2388318e-05,1.2119833e-05,2.0041726,6.413352,0.08112609271156827
1.0,0.006444443652321909,-1.0035648,-1.0035648,-1.0021291,-1.0021291,-1.2908e-05,-1.2639588e-05,2.004172,6.4133506,0.08125462729561368
1.0,0.00645444365232191,-1.0011115,-1.0011115,-1.0025417,-1.0025417,1.2371028e-05,1.2102849e-05,2.0041726,6.413352,0.08138316193687956
1.0,0.0064644436523219094,-1.0035647,-1.0035647,-1.0021291,-1.0021291,-1.28907095e-05,-1.2622603e-05,2.004172,6.4133506,0.08151169652092496
1.0,0.00647444365232191,-1.0011116,-1.0011116,-1.0025417,-1.0025417,1.2353737e-05,1.2085865e-05,2.0041726,6.4133515,0.08164023115265409
1.0,0.0064844436523219095,-1.0035647,-1.0035647,-1.0021291,-1.0021291,-1.2873418e-05,-1.2605618e-05,2.004172,6.4133506,0.0817687657366995
1.0,0.006494443652321909,-1.0011116,-1.0011116,-1.0025418,-1.0025418,1.2336445e-05,1.206888e-05,2.0041726,6.4133515,0.08189730036842863
1.0,0.0065044436523219095,-1.0035647,-1.0035647,-1.002129,-1.002129,-1.2856126e-05,-1.2588634e-05,2.004172,6.4133506,0.08202583495247404
1.0,0.006514443652321909,-1.0011116,-1.0011116,-1.0025418,-1.0025418,1.2319154e-05,1.2051894e-05,2.0041726,6.4133515,0.08215436958420316
1.0,0.00652444365232191,-1.0035646,-1.0035646,-1.002129,-1.002129,-1.2838834e-05,-1.2571648e-05,2.004172,6.4133506,0.08228290416824857
1.0,0.006534443652321909,-1.0011117,-1.0011117,-1.0025418,-1.0025418,1.2301861e-05,1.2034909e-05,2.0041726,6.4133515,0.0824114387999777
1.0,0.00654444365232191,-1.0035646,-1.0035646,-1.002129,-1.002129,-1.28215415e-05,-1.2554662e-05,2.004172,6.4133506,0.08253997338402311
1.0,0.006554443652321909,-1.0011117,-1.0011117,-1.0025419,-1.0025419,1.2284569e-05,1.2017922e-05,2.0041726,6.4133515,0.08266850801575223
1.0,0.00656444365232191,-1.0035646,-1.0035646,-1.0021288,-1.0021288,-1.2804248e-05,-1.25376755e-05,2.004172,6.4133506,0.08279704259979764
1.0,0.006574443652321909,-1.0011117,-1.0011117,-1.0025419,-1.0025419,1.2267275e-05,1.2000935e-05,2.0041726,6.4133515,0.08292557723152677
1.0,0.00658444365232191,-1.0035645,-1.0035645,-1.0021288,-1.0021288,-1.2786955e-05,-1.2520689e-05,2.004172,6.4133506,0.08305411181557218
1.0,0.006594443652321909,-1.0011119,-1.0011119,-1.0025419,-1.0025419,1.2249981e-05,1.1983949e-05,2.0041726,6.4133515,0.0831826464473013
1.0,0.00660444365232191,-1.0035645,-1.0035645,-1.0021288,-1.0021288,-1.2769661e-05,-1.2503701e-05,2.004172,6.4133506,0.08331118103134671
1.0,0.006614443652321909,-1.0011119,-1.0011119,-1.002542,-1.002542,1.2232687e-05,1.1966961e-05,2.0041726,6.4133515,0.08343971566307584
1.0,0.00662444365232191,-1.0035645,-1.0035645,-1.0021287,-1.0021287,-1.2752367e-05,-1.2486715e-05,2.004172,6.4133506,0.08356825024712125
1.0,0.0066344436523219094,-1.0011119,-1.0011119,-1.002542,-1.002542,1.2215393e-05,1.1949974e-05,2.0041726,6.4133515,0.08369678487885038
1.0,0.00664444365232191,-1.0035645,-1.0035645,-1.0021287,-1.0021287,-1.2735073e-05,-1.2469726e-05,2.004172,6.4133506,0.08382531946289579
1.0,0.0066544436523219095,-1.0011119,-1.0011119,-1.002542,-1.002542,1.2198099e-05,1.1932986e-05,2.0041726,6.4133515,0.08395385409462491
1.0,0.006664443652321909,-1.0035644,-1.0035644,-1.0021287,-1.0021287,-1.2717778e-05,-1.2452739e-05,2.004172,6.4133506,0.08408238867867032
1.0,0.0066744436523219096,-1.001112,-1.001112,-1.002542,-1.002542,1.2180804e-05,1.1915998e-05,2.0041726,6.4133515,0.08421092331039945
1.0,0.006684443652321909,-1.0035644,-1.0035644,-1.0021286,-1.0021286,-1.2700483e-05,-1.243575e-05,2.004172,6.4133506,0.08433945789444486
1.0,0.00669444365232191,-1.001112,-1.001112,-1.0025421,-1.0025421,1.21635085e-05,1.1899009e-05,2.0041726,6.4133515,0.08446799252617399
1.0,0.006704443652321909,-1.0035644,-1.0035644,-1.0021286,-1.0021286,-1.2683187e-05,-1.2418761e-05,2.004172,6.4133506,0.0845965271102194
1.0,0.00671444365232191,-1.001112,-1.001112,-1.0025421,-1.0025421,1.21462135e-05,1.1882021e-05,2.0041726,6.4133515,0.08472506174194852
1.0,0.006724443652321909,-1.0035642,-1.0035642,-1.0021286,-1.0021286,-1.26658915e-05,-1.2401772e-05,2.004172,6.4133506,0.08485359632599393
1.0,0.00673444365232191,-1.001112,-1.001112,-1.0025421,-1.0025421,1.2128918e-05,1.1865031e-05,2.0041726,6.4133515,0.08498213095772306
1.0,0.006744443652321909,-1.0035642,-1.0035642,-1.0021286,-1.0021286,-1.2648596e-05,-1.2384783e-05,2.004172,6.4133506,0.08511066554176847
1.0,0.00675444365232191,-1.0011121,-1.0011121,-1.0025423,-1.0025423,1.2111621e-05,1.1848042e-05,2.0041726,6.4133515,0.08523920017349759
1.0,0.006764443652321909,-1.0035642,-1.0035642,-1.0021285,-1.0021285,-1.26313e-05,-1.2367794e-05,2.004172,6.4133506,0.085367734757543
1.0,0.00677444365232191,-1.0011121,-1.0011121,-1.0025423,-1.0025423,1.2094325e-05,1.1831053e-05,2.0041726,6.4133515,0.08549626938927213
1.0,0.006784443652321909,-1.0035642,-1.0035642,-1.0021285,-1.0021285,-1.2614003e-05,-1.2350803e-05,2.004172,6.4133506,0.08562480397331754
1.0,0.00679444365232191,-1.0011121,-1.0011121,-1.0025423,-1.0025423,1.2077028e-05,1.1814062e-05,2.0041726,6.4133515,0.08575333860504666
1.0,0.0068044436523219095,-1.0035641,-1.0035641,-1.0021285,-1.0021285,-1.2596706e-05,-1.2333814e-05,2.004172,6.4133506,0.08588187318909207
1.0,0.006814443652321909,-1.0011122,-1.0011122,-1.0025423,-1.0025423,1.20597315e-05,1.1797072e-05,2.0041726,6.4133515,0.0860104078208212
1.0,0.0068244436523219095,-1.0035641,-1.0035641,-1.0021285,-1.0021285,-1.25794095e-05,-1.2316824e-05,2.004172,6.4133506,0.08613894240486661
1.0,0.006834443652321909,-1.0011122,-1.0011122,-1.0025424,-1.0025424,1.2042434e-05,1.1780082e-05,2.0041726,6.4133515,0.08626747703659574
1.0,0.0068444436523219096,-1.0035641,-1.0035641,-1.0021284,-1.0021284,-1.2562112e-05,-1.22998335e-05,2.004172,6.4133506,0.08639601162064114
1.0,0.006854443652321909,-1.0011122,-1.0011122,-1.0025424,-1.0025424,1.2025137e-05,1.1763092e-05,2.0041726,6.4133515,0.08652454625237027
1.0,0.00686444365232191,-1.0035641,-1.0035641,-1.0021284,-1.0021284,-1.2544814e-05,-1.2282842e-05,2.004172,6.4133506,0.08665308083641568
1.0,0.006874443652321909,-1.0011122,-1.0011122,-1.0025424,-1.0025424,1.2007839e-05,1.17461e-05,2.0041726,6.4133515,0.08678161546814481
1.0,0.00688444365232191,-1.003564,-1.003564,-1.0021284,-1.0021284,-1.2527516e-05,-1.2265852e-05,2.004172,6.4133506,0.08691015005219022
1.0,0.006894443652321909,-1.0011123,-1.0011123,-1.0025424,-1.0025424,1.1990542e-05,1.172911e-05,2.0041726,6.4133515,0.08703868468391934
1.0,0.00690444365232191,-1.003564,-1.003564,-1.0021282,-1.0021282,-1.2510219e-05,-1.2248861e-05,2.004172,6.4133506,0.08716721926796475
1.0,0.006914443652321909,-1.0011123,-1.0011123,-1.0025425,-1.0025425,1.1973243e-05,1.1712119e-05,2.0041726,6.4133515,0.08729575389969388
1.0,0.00692444365232191,-1.003564,-1.003564,-1.0021282,-1.0021282,-1.2492921e-05,-1.223187e-05,2.004172,6.4133506,0.08742428848373929
1.0,0.006934443652321909,-1.0011123,-1.0011123,-1.0025425,-1.0025425,1.1955945e-05,1.1695128e-05,2.0041726,6.4133515,0.08755282311546841
1.0,0.00694444365232191,-1.003564,-1.003564,-1.0021282,-1.0021282,-1.24756225e-05,-1.2214879e-05,2.004172,6.4133506,0.08768135769951382
1.0,0.006954443652321909,-1.0011123,-1.0011123,-1.0025425,-1.0025425,1.1938647e-05,1.1678137e-05,2.0041726,6.4133515,0.08780989233124295
1.0,0.00696444365232191,-1.0035639,-1.0035639,-1.0021282,-1.0021282,-1.2458325e-05,-1.21978865e-05,2.004172,6.4133506,0.08793842691528836
1.0,0.0069744436523219095,-1.0011125,-1.0011125,-1.0025425,-1.0025425,1.1921348e-05,1.16611445e-05,2.0041726,6.4133515,0.08806696154701749
1.0,0.006984443652321909,-1.0035639,-1.0035639,-1.0021281,-1.0021281,-1.2441026e-05,-1.2180895e-05,2.004172,6.4133506,0.0881954961310629
1.0,0.0069944436523219095,-1.0011125,-1.0011125,-1.0025426,-1.0025426,1.190405e-05,1.1644153e-05,2.0041726,6.4133515,0.08832403076279202
1.0,0.007004443652321909,-1.0035639,-1.0035639,-1.0021281,-1.0021281,-1.2423728e-05,-1.2163903e-05,2.004172,6.4133506,0.08845256534683743
1.0,0.00701444365232191,-1.0011125,-1.0011125,-1.0025426,-1.0025426,1.1886751e-05,1.1627161e-05,2.0041726,6.4133515,0.08858109997856656
1.0,0.007024443652321909,-1.0035639,-1.0035639,-1.0021281,-1.0021281,-1.2406428e-05,-1.2146912e-05,2.004172,6.4133506,0.08870963456261197
1.0,0.00703444365232191,-1.0011125,-1.0011125,-1.0025426,-1.0025426,1.18694525e-05,1.1610169e-05,2.0041726,6.4133515,0.0888381691943411
1.0,0.007044443652321909,-1.0035638,-1.0035638,-1.0021281,-1.0021281,-1.238913e-05,-1.212992e-05,2.004172,6.4133506,0.0889667037783865
1.0,0.00705444365232191,-1.0011126,-1.0011126,-1.0025426,-1.0025426,1.1852154e-05,1.1593177e-05,2.0041726,6.4133515,0.08909523841011563
1.0,0.007064443652321909,-1.0035638,-1.0035638,-1.002128,-1.002128,-1.2371831e-05,-1.2112928e-05,2.004172,6.4133506,0.08922377299416104
1.0,0.00707444365232191,-1.0011126,-1.0011126,-1.0025427,-1.0025427,1.1834854e-05,1.1576185e-05,2.0041726,6.4133515,0.08935230762589016
1.0,0.007084443652321909,-1.0035638,-1.0035638,-1.002128,-1.002128,-1.23545315e-05,-1.2095936e-05,2.004172,6.4133506,0.08948084220993557
1.0,0.00709444365232191,-1.0011126,-1.0011126,-1.0025427,-1.0025427,1.1817556e-05,1.1559193e-05,2.0041726,6.4133515,0.0896093768416647
1.0,0.007104443652321909,-1.0035638,-1.0035638,-1.002128,-1.002128,-1.2337233e-05,-1.2078944e-05,2.004172,6.4133506,0.08973791142571011
1.0,0.00711444365232191,-1.0011126,-1.0011126,-1.0025427,-1.0025427,1.1800256e-05,1.1542201e-05,2.0041726,6.4133515,0.08986644605743924
1.0,0.007124443652321909,-1.0035636,-1.0035636,-1.002128,-1.002128,-1.2319933e-05,-1.2061951e-05,2.004172,6.4133506,0.08999498064148465
1.0,0.007134443652321909,-1.0011127,-1.0011127,-1.0025427,-1.0025427,1.1782957e-05,1.1525209e-05,2.0041726,6.4133515,0.09012351527321377
1.0,0.0071444436523219095,-1.0035636,-1.0035636,-1.0021279,-1.0021279,-1.2302634e-05,-1.2044959e-05,2.004172,6.4133506,0.09025204985725918
1.0,0.007154443652321909,-1.0011127,-1.0011127,-1.0025429,-1.0025429,1.1765658e-05,1.1508217e-05,2.0041726,6.4133515,0.09038058448898831
1.0,0.0071644436523219095,-1.0035636,-1.0035636,-1.0021279,-1.0021279,-1.2285334e-05,-1.20279665e-05,2.004172,6.4133506,0.09050911907303372
1.0,0.007174443652321909,-1.0011127,-1.0011127,-1.0025429,-1.0025429,1.1748359e-05,1.1491224e-05,2.0041726,6.4133515,0.09063765370476284
1.0,0.00718444365232191,-1.0035636,-1.0035636,-1.0021279,-1.0021279,-1.2268035e-05,-1.2010974e-05,2.004172,6.4133506,0.09076618828880825
1.0,0.007194443652321909,-1.0011127,-1.0011127,-1.0025429,-1.0025429,1.1731059e-05,1.14742315e-05,2.0041726,6.4133515,0.09089472292053738
1.0,0.00720444365232191,-1.0035635,-1.0035635,-1.0021279,-1.0021279,-1.2250736e-05,-1.1993981e-05,2.004172,6.4133506,0.09102325750458279
1.0,0.007214443652321909,-1.0011128,-1.0011128,-1.0025429,-1.0025429,1.171376e-05,1.1457239e-05,2.0041726,6.4133515,0.09115179213631192
1.0,0.00722444365232191,-1.0035635,-1.0035635,-1.0021278,-1.0021278,-1.2233437e-05,-1.1976989e-05,2.004172,6.4133506,0.09128032672035732
1.0,0.007234443652321909,-1.0011128,-1.0011128,-1.002543,-1.002543,1.169646e-05,1.1440246e-05,2.0041726,6.4133515,0.09140886135208645
1.0,0.00724444365232191,-1.0035635,-1.0035635,-1.0021278,-1.0021278,-1.2216137e-05,-1.1959997e-05,2.004172,6.4133506,0.09153739593613186
1.0,0.007254443652321909,-1.0011128,-1.0011128,-1.002543,-1.002543,1.1679161e-05,1.1423254e-05,2.0041726,6.4133515,0.09166593056786099
1.0,0.00726444365232191,-1.0035635,-1.0035635,-1.0021278,-1.0021278,-1.2198838e-05,-1.1943004e-05,2.004172,6.4133506,0.0917944651519064
1.0,0.007274443652321909,-1.0011128,-1.0011128,-1.002543,-1.002543,1.1661861e-05,1.1406262e-05,2.0041726,6.4133515,0.09192299978363552
1.0,0.00728444365232191,-1.0035634,-1.0035634,-1.0021278,-1.0021278,-1.2181538e-05,-1.1926012e-05,2.004172,6.4133506,0.09205153436768093
1.0,0.0072944436523219094,-1.0011128,-1.0011128,-1.002543,-1.002543,1.1644562e-05,1.1389269e-05,2.0041726,6.4133515,0.09218006899941006
1.0,0.007304443652321909,-1.0035634,-1.0035634,-1.0021276,-1.0021276,-1.2164239e-05,-1.1909019e-05,2.004172,6.4133506,0.09230860358345547
1.0,0.0073144436523219095,-1.0011129,-1.0011129,-1.0025431,-1.0025431,1.1627262e-05,1.1372277e-05,2.0041726,6.4133515,0.0924371382151846
1.0,0.007324443652321909,-1.0035634,-1.0035634,-1.0021276,-1.0021276,-1.2146939e-05,-1.1892027e-05,2.004172,6.4133506,0.09256567279923
1.0,0.0073344436523219095,-1.0011129,-1.0011129,-1.0025431,-1.0025431,1.1609963e-05,1.1355285e-05,2.0041726,6.4133515,0.09269420743095913
1.0,0.007344443652321909,-1.0035634,-1.0035634,-1.0021276,-1.0021276,-1.212964e-05,-1.1875035e-05,2.004172,6.4133506,0.09282274201500454
1.0,0.00735444365232191,-1.0011129,-1.0011129,-1.0025431,-1.0025431,1.1592663e-05,1.1338292e-05,2.0041726,6.4133515,0.09295127664673367
1.0,0.007364443652321909,-1.0035634,-1.0035634,-1.0021276,-1.0021276,-1.211234e-05,-1.1858043e-05,2.004172,6.4133506,0.09307981123077907
1.0,0.00737444365232191,-1.0011129,-1.0011129,-1.0025431,-1.0025431,1.1575365e-05,1.13213e-05,2.0041726,6.4133515,0.0932083458625082
1.0,0.007384443652321909,-1.0035633,-1.0035633,-1.0021276,-1.0021276,-1.2095041e-05,-1.184105e-05,2.004172,6.4133506,0.09333688044655361
1.0,0.00739444365232191,-1.001113,-1.001113,-1.0025432,-1.0025432,1.1558065e-05,1.1304308e-05,2.0041726,6.4133515,0.09346541507828274
1.0,0.007404443652321909,-1.0035633,-1.0035633,-1.0021275,-1.0021275,-1.2077741e-05,-1.1824058e-05,2.004172,6.4133506,0.09359394966232815
1.0,0.00741444365232191,-1.001113,-1.001113,-1.0025432,-1.0025432,1.1540766e-05,1.1287316e-05,2.0041726,6.4133515,0.09372248429405727
1.0,0.007424443652321909,-1.0035633,-1.0035633,-1.0021275,-1.0021275,-1.2060443e-05,-1.1807066e-05,2.004172,6.4133506,0.09385101887810268
1.0,0.00743444365232191,-1.001113,-1.001113,-1.0025432,-1.0025432,1.1523466e-05,1.1270324e-05,2.0041726,6.4133515,0.09397955350983181
1.0,0.007444443652321909,-1.0035633,-1.0035633,-1.0021275,-1.0021275,-1.2043143e-05,-1.1790074e-05,2.004172,6.4133506,0.09410808809387722
1.0,0.007454443652321909,-1.001113,-1.001113,-1.0025432,-1.0025432,1.15061675e-05,1.1253332e-05,2.0041726,6.4133515,0.09423662272560634
1.0,0.0074644436523219095,-1.0035632,-1.0035632,-1.0021275,-1.0021275,-1.2025845e-05,-1.17730815e-05,2.004172,6.4133506,0.09436515730965175
1.0,0.007474443652321909,-1.001113,-1.001113,-1.0025432,-1.0025432,1.1488868e-05,1.123634e-05,2.0041726,6.4133515,0.09449369194138088
1.0,0.0074844436523219095,-1.0035632,-1.0035632,-1.0021274,-1.0021274,-1.2008545e-05,-1.175609e-05,2.004172,6.4133506,0.09462222652542629
1.0,0.007494443652321909,-1.0011132,-1.0011132,-1.0025433,-1.0025433,1.1471569e-05,1.1219348e-05,2.0041726,6.4133515,0.09475076115715542
1.0,0.0075044436523219096,-1.0035632,-1.0035632,-1.0021274,-1.0021274,-1.19912465e-05,-1.1739098e-05,2.004172,6.4133506,0.09487929574120083
1.0,0.007514443652321909,-1.0011132,-1.0011132,-1.0025433,-1.0025433,1.1454271e-05,1.1202356e-05,2.0041726,6.4133515,0.09500783037292995
1.0,0.00752444365232191,-1.0035632,-1.0035632,-1.0021274,-1.0021274,-1.1973947e-05,-1.1722106e-05,2.004172,6.4133506,0.09513636495697536
1.0,0.007534443652321909,-1.0011132,-1.0011132,-1.0025433,-1.0025433,1.1436971e-05,1.1185364e-05,2.0041726,6.4133515,0.09526489958870449
1.0,0.00754444365232191,-1.0035632,-1.0035632,-1.0021274,-1.0021274,-1.1956648e-05,-1.1705115e-05,2.004172,6.4133506,0.0953934341727499
1.0,0.007554443652321909,-1.0011132,-1.0011132,-1.0025433,-1.0025433,1.1419673e-05,1.1168373e-05,2.0041726,6.4133515,0.09552196880447902
1.0,0.00756444365232191,-1.003563,-1.003563,-1.0021274,-1.0021274,-1.193935e-05,-1.1688124e-05,2.004172,6.4133506,0.09565050338852443
1.0,0.007574443652321909,-1.0011132,-1.0011132,-1.0025433,-1.0025433,1.1402374e-05,1.1151382e-05,2.0041726,6.4133515,0.09577903802025356
1.0,0.00758444365232191,-1.003563,-1.003563,-1.0021273,-1.0021273,-1.1922051e-05,-1.1671133e-05,2.004172,6.4133506,0.09590757260429897
1.0,0.007594443652321909,-1.0011133,-1.0011133,-1.0025434,-1.0025434,1.13850765e-05,1.1134391e-05,2.0041726,6.4133515,0.0960361072360281
1.0,0.00760444365232191,-1.003563,-1.003563,-1.0021273,-1.0021273,-1.1904754e-05,-1.1654141e-05,2.004172,6.4133506,0.0961646418200735
1.0,0.007614443652321909,-1.0011133,-1.0011133,-1.0025434,-1.0025434,1.1367778e-05,1.11173995e-05,2.0041726,6.4133515,0.09629317645180263
1.0,0.007624443652321909,-1.003563,-1.003563,-1.0021273,-1.0021273,-1.1887455e-05,-1.163715e-05,2.004172,6.4133506,0.09642171103584804
1.0,0.0076344436523219095,-1.0011133,-1.0011133,-1.0025434,-1.0025434,1.1350479e-05,1.1100408e-05,2.0041726,6.4133515,0.09655024566757717
1.0,0.007644443652321909,-1.003563,-1.003563,-1.0021273,-1.0021273,-1.1870157e-05,-1.1620159e-05,2.004172,6.4133506,0.09667878025162258
1.0,0.0076544436523219095,-1.0011133,-1.0011133,-1.0025434,-1.0025434,1.1333182e-05,1.1083418e-05,2.0041726,6.4133515,0.0968073148833517
1.0,0.007664443652321909,-1.0035629,-1.0035629,-1.0021273,-1.0021273,-1.185286e-05,-1.1603169e-05,2.004172,6.4133506,0.09693584946739711
1.0,0.00767444365232191,-1.0011133,-1.0011133,-1.0025436,-1.0025436,1.1315884e-05,1.1066427e-05,2.0041726,6.4133515,0.09706438409912624
1.0,0.007684443652321909,-1.0035629,-1.0035629,-1.0021272,-1.0021272,-1.1835561e-05,-1.1586178e-05,2.004172,6.4133506,0.09719291868317165
1.0,0.00769444365232191,-1.0011134,-1.0011134,-1.0025436,-1.0025436,1.1298586e-05,1.1049437e-05,2.0041726,6.4133515,0.09732145331490077
1.0,0.007704443652321909,-1.0035629,-1.0035629,-1.0021272,-1.0021272,-1.1818264e-05,-1.1569187e-05,2.004172,6.4133506,0.09744998789894618
1.0,0.00771444365232191,-1.0011134,-1.0011134,-1.0025436,-1.0025436,1.1281289e-05,1.1032446e-05,2.0041726,6.4133515,0.09757852253067531
1.0,0.007724443652321909,-1.0035629,-1.0035629,-1.0021272,-1.0021272,-1.1800967e-05,-1.1552197e-05,2.004172,6.4133506,0.09770705711472072
1.0,0.00773444365232191,-1.0011134,-1.0011134,-1.0025436,-1.0025436,1.1263992e-05,1.1015456e-05,2.0041726,6.4133515,0.09783559174644985
1.0,0.007744443652321909,-1.0035629,-1.0035629,-1.0021272,-1.0021272,-1.1783669e-05,-1.1535207e-05,2.004172,6.4133506,0.09796412633049525
1.0,0.00775444365232191,-1.0011134,-1.0011134,-1.0025436,-1.0025436,1.1246694e-05,1.0998466e-05,2.0041726,6.4133515,0.09809266096222438
1.0,0.007764443652321909,-1.0035628,-1.0035628,-1.002127,-1.002127,-1.1766372e-05,-1.1518217e-05,2.004172,6.4133506,0.09822119554626979
1.0,0.007774443652321909,-1.0011134,-1.0011134,-1.0025437,-1.0025437,1.1229397e-05,1.0981476e-05,2.0041726,6.4133515,0.09834973017799892
1.0,0.007784443652321909,-1.0035628,-1.0035628,-1.002127,-1.002127,-1.1749075e-05,-1.1501228e-05,2.004172,6.4133506,0.09847826476204433
1.0,0.007794443652321909,-1.0011135,-1.0011135,-1.0025437,-1.0025437,1.1212101e-05,1.0964487e-05,2.0041726,6.4133515,0.09860679939377345
1.0,0.0078044436523219095,-1.0035628,-1.0035628,-1.002127,-1.002127,-1.1731779e-05,-1.1484238e-05,2.004172,6.4133506,0.09873533397781886
1.0,0.007814443652321909,-1.0011135,-1.0011135,-1.0025437,-1.0025437,1.1194804e-05,1.0947498e-05,2.0041726,6.4133515,0.09886386860954799
1.0,0.007824443652321909,-1.0035628,-1.0035628,-1.002127,-1.002127,-1.1714482e-05,-1.1467249e-05,2.004172,6.4133506,0.09899240319359341
1.0,0.00783444365232191,-1.0011135,-1.0011135,-1.0025437,-1.0025437,1.1177508e-05,1.0930508e-05,2.0041726,6.4133515,0.09912093782532254
1.0,0.00784444365232191,-1.0035628,-1.0035628,-1.002127,-1.002127,-1.1697186e-05,-1.145026e-05,2.004172,6.4133506,0.09924947240936795
1.0,0.00785444365232191,-1.0011135,-1.0011135,-1.0025437,-1.0025437,1.1160211e-05,1.0913519e-05,2.0041726,6.4133515,0.09937800704109707
1.0,0.007864443652321909,-1.0035627,-1.0035627,-1.002127,-1.002127,-1.167989e-05,-1.1433271e-05,2.004172,6.4133506,0.0995065416251425
1.0,0.00787444365232191,-1.0011135,-1.0011135,-1.0025438,-1.0025438,1.1142915e-05,1.08965305e-05,2.0041726,6.4133515,0.09963507625687162
1.0,0.00788444365232191,-1.0035627,-1.0035627,-1.0021269,-1.0021269,-1.1662594e-05,-1.1416282e-05,2.004172,6.4133506,0.09976361084091703
1.0,0.00789444365232191,-1.0011137,-1.0011137,-1.0025438,-1.0025438,1.11256195e-05,1.0879542e-05,2.0041726,6.4133515,0.09989214547264616
1.0,0.007904443652321909,-1.0035627,-1.0035627,-1.0021269,-1.0021269,-1.1645298e-05,-1.1399294e-05,2.004172,6.4133506,0.10002068005669158
1.0,0.00791444365232191,-1.0011137,-1.0011137,-1.0025438,-1.0025438,1.11083245e-05,1.0862554e-05,2.0041726,6.4133515,0.10014921468842071
1.0,0.00792444365232191,-1.0035627,-1.0035627,-1.0021269,-1.0021269,-1.16280025e-05,-1.1382306e-05,2.004172,6.4133506,0.10027774927246612
1.0,0.00793444365232191,-1.0011137,-1.0011137,-1.0025438,-1.0025438,1.1091029e-05,1.0845566e-05,2.0041726,6.4133515,0.10040628390419525
1.0,0.007944443652321909,-1.0035627,-1.0035627,-1.0021269,-1.0021269,-1.1610708e-05,-1.1365318e-05,2.004172,6.4133506,0.10053481848824065
1.0,0.007954443652321909,-1.0011137,-1.0011137,-1.0025438,-1.0025438,1.1073734e-05,1.08285785e-05,2.0041726,6.4133515,0.10066335311996978
1.0,0.00796444365232191,-1.0035626,-1.0035626,-1.0021269,-1.0021269,-1.1593413e-05,-1.134833e-05,2.004172,6.4133506,0.1007918877040152
1.0,0.00797444365232191,-1.0011137,-1.0011137,-1.0025438,-1.0025438,1.105644e-05,1.0811591e-05,2.0041726,6.4133515,0.10092042233574433
1.0,0.007984443652321909,-1.0035626,-1.0035626,-1.0021268,-1.0021268,-1.1576119e-05,-1.1331343e-05,2.004172,6.4133506,0.10104895691978974
1.0,0.007994443652321909,-1.0011138,-1.0011138,-1.0025439,-1.0025439,1.1039145e-05,1.0794603e-05,2.0041726,6.4133515,0.10117749155151887
1.0,0.00800444365232191,-1.0035626,-1.0035626,-1.0021268,-1.0021268,-1.1558824e-05,-1.1314356e-05,2.004172,6.4133506,0.10130602613556429
1.0,0.00801444365232191,-1.0011138,-1.0011138,-1.0025439,-1.0025439,1.1021851e-05,1.0777617e-05,2.0041726,6.4133515,0.10143456076729342
1.0,0.00802444365232191,-1.0035626,-1.0035626,-1.0021268,-1.0021268,-1.154153e-05,-1.1297369e-05,2.004172,6.4133506,0.10156309535133883
1.0,0.008034443652321909,-1.0011138,-1.0011138,-1.0025439,-1.0025439,1.1004557e-05,1.0760629e-05,2.0041726,6.4133515,0.10169162998306795
1.0,0.00804444365232191,-1.0035626,-1.0035626,-1.0021268,-1.0021268,-1.1524236e-05,-1.1280383e-05,2.004172,6.4133506,0.10182016456711337
1.0,0.00805444365232191,-1.0011138,-1.0011138,-1.0025439,-1.0025439,1.0987263e-05,1.07436435e-05,2.0041726,6.4133515,0.1019486991988425
1.0,0.00806444365232191,-1.0035625,-1.0035625,-1.0021268,-1.0021268,-1.1506942e-05,-1.1263396e-05,2.004172,6.4133506,0.10207723378288791
1.0,0.008074443652321909,-1.0011138,-1.0011138,-1.0025439,-1.0025439,1.09699695e-05,1.0726657e-05,2.0041726,6.4133515,0.10220576841461704
1.0,0.00808444365232191,-1.0035625,-1.0035625,-1.0021267,-1.0021267,-1.1489649e-05,-1.124641e-05,2.004172,6.4133506,0.10233430299866246
1.0,0.00809444365232191,-1.0011139,-1.0011139,-1.002544,-1.002544,1.0952676e-05,1.0709671e-05,2.0041726,6.4133515,0.10246283763039159
1.0,0.00810444365232191,-1.0035625,-1.0035625,-1.0021267,-1.0021267,-1.1472356e-05,-1.1229425e-05,2.004172,6.4133506,0.102591372214437
1.0,0.008114443652321909,-1.0011139,-1.0011139,-1.002544,-1.002544,1.0935383e-05,1.06926855e-05,2.0041726,6.4133515,0.10271990684616612
1.0,0.008124443652321909,-1.0035625,-1.0035625,-1.0021267,-1.0021267,-1.1455063e-05,-1.1212439e-05,2.004172,6.4133506,0.10284844143021155
1.0,0.00813444365232191,-1.0011139,-1.0011139,-1.002544,-1.002544,1.0918091e-05,1.0675701e-05,2.0041726,6.4133515,0.10297697606194067
1.0,0.00814444365232191,-1.0035625,-1.0035625,-1.0021267,-1.0021267,-1.1437771e-05,-1.1195454e-05,2.004172,6.4133506,0.10310551064598608
1.0,0.008154443652321909,-1.0011139,-1.0011139,-1.002544,-1.002544,1.0900799e-05,1.0658715e-05,2.0041726,6.4133515,0.10323404527771521
1.0,0.008164443652321909,-1.0035625,-1.0035625,-1.0021267,-1.0021267,-1.1420479e-05,-1.1178468e-05,2.004172,6.4133506,0.10336257986176063
1.0,0.00817444365232191,-1.0011139,-1.0011139,-1.002544,-1.002544,1.0883507e-05,1.064173e-05,2.0041726,6.4133515,0.10349111449348976
1.0,0.00818444365232191,-1.0035623,-1.0035623,-1.0021266,-1.0021266,-1.1403186e-05,-1.11614845e-05,2.004172,6.4133506,0.10361964907753517
1.0,0.00819444365232191,-1.0011139,-1.0011139,-1.002544,-1.002544,1.0866214e-05,1.0624746e-05,2.0041726,6.4133515,0.1037481837092643
1.0,0.008204443652321909,-1.0035623,-1.0035623,-1.0021266,-1.0021266,-1.1385895e-05,-1.11445e-05,2.004172,6.4133506,0.10387671829330972
1.0,0.00821444365232191,-1.001114,-1.001114,-1.0025442,-1.0025442,1.0848923e-05,1.0607762e-05,2.0041726,6.4133515,0.10400525292503884
1.0,0.00822444365232191,-1.0035623,-1.0035623,-1.0021266,-1.0021266,-1.1368604e-05,-1.1127516e-05,2.004172,6.4133506,0.10413378750908425
1.0,0.00823444365232191,-1.001114,-1.001114,-1.0025442,-1.0025442,1.0831633e-05,1.0590778e-05,2.0041726,6.4133515,0.10426232214081338
1.0,0.008244443652321909,-1.0035623,-1.0035623,-1.0021266,-1.0021266,-1.1351313e-05,-1.1110533e-05,2.004172,6.4133506,0.10439085672485879
1.0,0.008254443652321908,-1.001114,-1.001114,-1.0025442,-1.0025442,1.0814341e-05,1.05737945e-05,2.0041726,6.4133515,0.10451939135658792
1.0,0.00826444365232191,-1.0035623,-1.0035623,-1.0021266,-1.0021266,-1.1334023e-05,-1.1093549e-05,2.004172,6.4133506,0.10464792594063334
1.0,0.00827444365232191,-1.001114,-1.001114,-1.0025442,-1.0025442,1.0797051e-05,1.05568115e-05,2.0041726,6.4133515,0.10477646057236246
1.0,0.008284443652321909,-1.0035622,-1.0035622,-1.0021266,-1.0021266,-1.13167325e-05,-1.1076566e-05,2.004172,6.4133506,0.10490499515640787
1.0,0.008294443652321909,-1.001114,-1.001114,-1.0025442,-1.0025442,1.0779761e-05,1.05398285e-05,2.0041726,6.4133515,0.105033529788137
1.0,0.00830444365232191,-1.0035622,-1.0035622,-1.0021265,-1.0021265,-1.1299442e-05,-1.1059584e-05,2.004172,6.4133506,0.10516206437218242
1.0,0.00831444365232191,-1.001114,-1.001114,-1.0025443,-1.0025443,1.0762471e-05,1.0522846e-05,2.0041726,6.4133515,0.10529059900391155
1.0,0.008324443652321909,-1.0035622,-1.0035622,-1.0021265,-1.0021265,-1.1282153e-05,-1.1042602e-05,2.004172,6.4133506,0.10541913358795696
1.0,0.008334443652321909,-1.0011141,-1.0011141,-1.0025443,-1.0025443,1.07451815e-05,1.0505864e-05,2.0041726,6.4133515,0.10554766821968609
1.0,0.00834444365232191,-1.0035622,-1.0035622,-1.0021265,-1.0021265,-1.1264863e-05,-1.102562e-05,2.004172,6.4133506,0.10567620280373151
1.0,0.00835444365232191,-1.0011141,-1.0011141,-1.0025443,-1.0025443,1.0727893e-05,1.0488882e-05,2.0041726,6.4133515,0.10580473743546064
1.0,0.00836444365232191,-1.0035622,-1.0035622,-1.0021265,-1.0021265,-1.1247575e-05,-1.1008638e-05,2.004172,6.4133506,0.10593327201950604
1.0,0.008374443652321909,-1.0011141,-1.0011141,-1.0025443,-1.0025443,1.0710604e-05,1.0471901e-05,2.0041726,6.4133515,0.10606180665123517
1.0,0.00838444365232191,-1.0035622,-1.0035622,-1.0021265,-1.0021265,-1.1230286e-05,-1.0991656e-05,2.004172,6.4133506,0.1061903412352806
1.0,0.00839444365232191,-1.0011141,-1.0011141,-1.0025443,-1.0025443,1.0693316e-05,1.045492e-05,2.0041726,6.4133515,0.10631887586700972
1.0,0.00840444365232191,-1.0035621,-1.0035621,-1.0021265,-1.0021265,-1.1212997e-05,-1.0974675e-05,2.004172,6.4133506,0.10644741045105513
1.0,0.008414443652321909,-1.0011141,-1.0011141,-1.0025443,-1.0025443,1.0676027e-05,1.043794e-05,2.0041726,6.4133515,0.10657594508278426
1.0,0.008424443652321909,-1.0035621,-1.0035621,-1.0021263,-1.0021263,-1.119571e-05,-1.0957695e-05,2.004172,6.4133506,0.10670447966682968
1.0,0.00843444365232191,-1.0011142,-1.0011142,-1.0025444,-1.0025444,1.06587395e-05,1.0420959e-05,2.0041726,6.4133515,0.1068330142985588
1.0,0.00844444365232191,-1.0035621,-1.0035621,-1.0021263,-1.0021263,-1.1178422e-05,-1.0940715e-05,2.004172,6.4133506,0.10696154888260422
1.0,0.008454443652321909,-1.0011142,-1.0011142,-1.0025444,-1.0025444,1.0641453e-05,1.0403979e-05,2.0041726,6.4133515,0.10709008351433334
1.0,0.008464443652321909,-1.0035621,-1.0035621,-1.0021263,-1.0021263,-1.1161135e-05,-1.0923735e-05,2.004172,6.4133506,0.10721861809837877
1.0,0.00847444365232191,-1.0011142,-1.0011142,-1.0025444,-1.0025444,1.0624166e-05,1.0387e-05,2.0041726,6.4133515,0.10734715273010789
1.0,0.00848444365232191,-1.0035621,-1.0035621,-1.0021263,-1.0021263,-1.11438485e-05,-1.0906756e-05,2.004172,6.4133506,0.1074756873141533
1.0,0.008494443652321909,-1.0011142,-1.0011142,-1.0025444,-1.0025444,1.0606879e-05,1.037002e-05,2.0041726,6.4133515,0.10760422194588243
1.0,0.008504443652321909,-1.0035621,-1.0035621,-1.0021263,-1.0021263,-1.1126562e-05,-1.0889777e-05,2.004172,6.4133506,0.10773275652992785
1.0,0.00851444365232191,-1.0011142,-1.0011142,-1.0025444,-1.0025444,1.0589593e-05,1.0353041e-05,2.0041726,6.4133515,0.10786129116165698
1.0,0.00852444365232191,-1.003562,-1.003562,-1.0021263,-1.0021263,-1.1109276e-05,-1.0872798e-05,2.004172,6.4133506,0.10798982574570239
1.0,0.00853444365232191,-1.0011142,-1.0011142,-1.0025444,-1.0025444,1.05723075e-05,1.0336063e-05,2.0041726,6.4133515,0.10811836037743151
1.0,0.008544443652321909,-1.003562,-1.003562,-1.0021262,-1.0021262,-1.1091991e-05,-1.085582e-05,2.004172,6.4133506,0.10824689496147694
1.0,0.00855444365232191,-1.0011144,-1.0011144,-1.0025445,-1.0025445,1.0555022e-05,1.0319085e-05,2.0041726,6.4133515,0.10837542959320606
1.0,0.00856444365232191,-1.003562,-1.003562,-1.0021262,-1.0021262,-1.1074705e-05,-1.0838841e-05,2.004172,6.4133506,0.10850396417725147
1.0,0.00857444365232191,-1.0011144,-1.0011144,-1.0025445,-1.0025445,1.0537737e-05,1.0302107e-05,2.0041726,6.4133515,0.1086324988089806
1.0,0.008584443652321909,-1.003562,-1.003562,-1.0021262,-1.0021262,-1.105742e-05,-1.0821865e-05,2.004172,6.4133506,0.10876103339302601
1.0,0.008594443652321909,-1.0011144,-1.0011144,-1.0025445,-1.0025445,1.0520452e-05,1.028513e-05,2.0041726,6.4133515,0.10888956802475513
1.0,0.00860444365232191,-1.003562,-1.003562,-1.0021262,-1.0021262,-1.1040136e-05,-1.0804887e-05,2.004172,6.4133506,0.10901810260880056
1.0,0.00861444365232191,-1.0011144,-1.0011144,-1.0025445,-1.0025445,1.0503168e-05,1.0268152e-05,2.0041726,6.4133515,0.10914663724052968
1.0,0.008624443652321909,-1.003562,-1.003562,-1.0021262,-1.0021262,-1.1022852e-05,-1.07879105e-05,2.004172,6.4133506,0.10927517182457509
1.0,0.008634443652321909,-1.0011144,-1.0011144,-1.0025445,-1.0025445,1.0485884e-05,1.0251176e-05,2.0041726,6.4133515,0.10940370645630422
1.0,0.00864444365232191,-1.0035619,-1.0035619,-1.0021262,-1.0021262,-1.1005568e-05,-1.0770934e-05,2.004172,6.4133506,0.10953224104034964
1.0,0.00865444365232191,-1.0011144,-1.0011144,-1.0025445,-1.0025445,1.04686005e-05,1.02342e-05,2.0041726,6.4133515,0.10966077567207877
1.0,0.00866444365232191,-1.0035619,-1.0035619,-1.0021261,-1.0021261,-1.0988285e-05,-1.0753958e-05,2.004172,6.4133506,0.10978931025612418
1.0,0.008674443652321909,-1.0011144,-1.0011144,-1.0025446,-1.0025446,1.0451317e-05,1.0217224e-05,2.0041726,6.4133515,0.1099178448878533
1.0,0.00868444365232191,-1.0035619,-1.0035619,-1.0021261,-1.0021261,-1.0971003e-05,-1.0736982e-05,2.004172,6.4133506,0.11004637947189873
1.0,0.00869444365232191,-1.0011145,-1.0011145,-1.0025446,-1.0025446,1.0434035e-05,1.0200249e-05,2.0041726,6.4133515,0.11017491410362786
1.0,0.00870444365232191,-1.0035619,-1.0035619,-1.0021261,-1.0021261,-1.09537195e-05,-1.0720008e-05,2.004172,6.4133506,0.11030344868767326
1.0,0.008714443652321909,-1.0011145,-1.0011145,-1.0025446,-1.0025446,1.0416753e-05,1.0183274e-05,2.0041726,6.4133515,0.11043198331940239
1.0,0.00872444365232191,-1.0035619,-1.0035619,-1.0021261,-1.0021261,-1.0936438e-05,-1.0703033e-05,2.004172,6.4133506,0.11056051790344781
1.0,0.00873444365232191,-1.0011145,-1.0011145,-1.0025446,-1.0025446,1.0399471e-05,1.01663e-05,2.0041726,6.4133515,0.11068905253517694
1.0,0.00874444365232191,-1.0035619,-1.0035619,-1.0021261,-1.0021261,-1.0919156e-05,-1.0686059e-05,2.004172,6.4133506,0.11081758711922235
1.0,0.008754443652321909,-1.0011145,-1.0011145,-1.0025446,-1.0025446,1.0382189e-05,1.0149326e-05,2.0041726,6.4133515,0.11094612175095148
1.0,0.008764443652321909,-1.0035617,-1.0035617,-1.0021261,-1.0021261,-1.0901875e-05,-1.0669085e-05,2.004172,6.4133506,0.1110746563349969
1.0,0.00877444365232191,-1.0011145,-1.0011145,-1.0025446,-1.0025446,1.0364908e-05,1.0132352e-05,2.0041726,6.4133515,0.11120319096672603
1.0,0.00878444365232191,-1.0035617,-1.0035617,-1.002126,-1.002126,-1.0884594e-05,-1.0652111e-05,2.004172,6.4133506,0.11133172555077143
1.0,0.008794443652321909,-1.0011145,-1.0011145,-1.0025448,-1.0025448,1.0347628e-05,1.0115379e-05,2.0041726,6.4133515,0.11146026018250056
1.0,0.008804443652321909,-1.0035617,-1.0035617,-1.002126,-1.002126,-1.0867314e-05,-1.0635138e-05,2.004172,6.4133506,0.11158879476654598
1.0,0.00881444365232191,-1.0011146,-1.0011146,-1.0025448,-1.0025448,1.0330348e-05,1.0098406e-05,2.0041726,6.4133515,0.11171732939827511
1.0,0.00882444365232191,-1.0035617,-1.0035617,-1.002126,-1.002126,-1.0850034e-05,-1.0618166e-05,2.004172,6.4133506,0.11184586398232052
1.0,0.00883444365232191,-1.0011146,-1.0011146,-1.0025448,-1.0025448,1.0313068e-05,1.0081434e-05,2.0041726,6.4133515,0.11197439861404965
1.0,0.008844443652321909,-1.0035617,-1.0035617,-1.002126,-1.002126,-1.0832755e-05,-1.0601194e-05,2.004172,6.4133506,0.11210293319809507
1.0,0.00885444365232191,-1.0011146,-1.0011146,-1.0025448,-1.0025448,1.0295789e-05,1.0064462e-05,2.0041726,6.4133515,0.1122314678298242
1.0,0.00886444365232191,-1.0035617,-1.0035617,-1.002126,-1.002126,-1.0815475e-05,-1.0584222e-05,2.004172,6.4133506,0.1123600024138696
1.0,0.00887444365232191,-1.0011146,-1.0011146,-1.0025448,-1.0025448,1.0278511e-05,1.0047491e-05,2.0041726,6.4133515,0.11248853704559873
1.0,0.008884443652321909,-1.0035616,-1.0035616,-1.002126,-1.002126,-1.0798197e-05,-1.0567251e-05,2.004172,6.4133506,0.11261707162964414
1.0,0.008894443652321908,-1.0011146,-1.0011146,-1.0025448,-1.0025448,1.0261232e-05,1.003052e-05,2.0041726,6.4133515,0.11274560626137327
1.0,0.00890444365232191,-1.0035616,-1.0035616,-1.0021259,-1.0021259,-1.0780919e-05,-1.055028e-05,2.004172,6.4133506,0.11287414084541869
1.0,0.00891444365232191,-1.0011146,-1.0011146,-1.0025448,-1.0025448,1.0243954e-05,1.0013549e-05,2.0041726,6.4133515,0.11300267547714782
1.0,0.008924443652321909,-1.0035616,-1.0035616,-1.0021259,-1.0021259,-1.07636415e-05,-1.053331e-05,2.004172,6.4133506,0.11313121006119323
1.0,0.008934443652321909,-1.0011147,-1.0011147,-1.0025449,-1.0025449,1.0226677e-05,9.996579e-06,2.0041726,6.4133515,0.11325974469292235
1.0,0.00894444365232191,-1.0035616,-1.0035616,-1.0021259,-1.0021259,-1.0746364e-05,-1.051634e-05,2.004172,6.4133506,0.11338827927696778
1.0,0.00895444365232191,-1.0011147,-1.0011147,-1.0025449,-1.0025449,1.02094e-05,9.97961e-06,2.0041726,6.4133515,0.1135168139086969
1.0,0.008964443652321909,-1.0035616,-1.0035616,-1.0021259,-1.0021259,-1.0729087e-05,-1.0499371e-05,2.004172,6.4133506,0.11364534849274231
1.0,0.008974443652321909,-1.0011147,-1.0011147,-1.0025449,-1.0025449,1.0192123e-05,9.96264e-06,2.0041726,6.4133515,0.11377388312447144
1.0,0.00898444365232191,-1.0035616,-1.0035616,-1.0021259,-1.0021259,-1.0711811e-05,-1.0482402e-05,2.004172,6.4133506,0.11390241770851686
1.0,0.00899444365232191,-1.0011147,-1.0011147,-1.0025449,-1.0025449,1.0174847e-05,9.945671e-06,2.0041726,6.4133515,0.11403095234024599
1.0,0.00900444365232191,-1.0035616,-1.0035616,-1.0021259,-1.0021259,-1.0694535e-05,-1.0465434e-05,2.004172,6.4133506,0.1141594869242914
1.0,0.009014443652321909,-1.0011147,-1.0011147,-1.0025449,-1.0025449,1.01575715e-05,9.928704e-06,2.0041726,6.4133515,0.11428802155602052
1.0,0.00902444365232191,-1.0035615,-1.0035615,-1.0021259,-1.0021259,-1.067726e-05,-1.0448465e-05,2.004172,6.4133506,0.11441655614006595
1.0,0.00903444365232191,-1.0011147,-1.0011147,-1.0025449,-1.0025449,1.0140297e-05,9.911735e-06,2.0041726,6.4133515,0.11454509077179507
1.0,0.00904444365232191,-1.0035615,-1.0035615,-1.0021257,-1.0021257,-1.06599855e-05,-1.0431498e-05,2.004172,6.4133506,0.11467362535584048
1.0,0.009054443652321909,-1.0011148,-1.0011148,-1.002545,-1.002545,1.0123022e-05,9.8947685e-06,2.0041726,6.4133515,0.11480215998756961
1.0,0.009064443652321908,-1.0035615,-1.0035615,-1.0021257,-1.0021257,-1.0642711e-05,-1.041453e-05,2.004172,6.4133506,0.11493069457161503
1.0,0.00907444365232191,-1.0011148,-1.0011148,-1.002545,-1.002545,1.0105748e-05,9.877801e-06,2.0041726,6.4133515,0.11505922920334416
1.0,0.00908444365232191,-1.0035615,-1.0035615,-1.0021257,-1.0021257,-1.06254365e-05,-1.0397564e-05,2.004172,6.4133506,0.11518776378738957
1.0,0.009094443652321909,-1.0011148,-1.0011148,-1.002545,-1.002545,1.0088474e-05,9.860835e-06,2.0041726,6.4133515,0.1153162984191187
1.0,0.009104443652321909,-1.0035615,-1.0035615,-1.0021257,-1.0021257,-1.0608163e-05,-1.0380598e-05,2.004172,6.4133506,0.11544483300316412
1.0,0.00911444365232191,-1.0011148,-1.0011148,-1.002545,-1.002545,1.00712e-05,9.8438695e-06,2.0041726,6.4133515,0.11557336763489325
1.0,0.00912444365232191,-1.0035615,-1.0035615,-1.0021257,-1.0021257,-1.059089e-05,-1.0363632e-05,2.004172,6.4133506,0.11570190221893865
1.0,0.009134443652321909,-1.0011148,-1.0011148,-1.002545,-1.002545,1.0053928e-05,9.826904e-06,2.0041726,6.4133515,0.11583043685066778
1.0,0.009144443652321909,-1.0035614,-1.0035614,-1.0021257,-1.0021257,-1.0573618e-05,-1.0346667e-05,2.004172,6.4133506,0.1159589714347132
1.0,0.00915444365232191,-1.0011148,-1.0011148,-1.002545,-1.002545,1.0036656e-05,9.809939e-06,2.0041726,6.4133515,0.11608750606644233
1.0,0.00916444365232191,-1.0035614,-1.0035614,-1.0021256,-1.0021256,-1.0556346e-05,-1.03297025e-05,2.004172,6.4133506,0.11621604065048774
1.0,0.00917444365232191,-1.0011148,-1.0011148,-1.002545,-1.002545,1.0019384e-05,9.792974e-06,2.0041726,6.4133515,0.11634457528221687
1.0,0.009184443652321909,-1.0035614,-1.0035614,-1.0021256,-1.0021256,-1.05390745e-05,-1.0312739e-05,2.004172,6.4133506,0.11647310986626229
1.0,0.00919444365232191,-1.001115,-1.001115,-1.0025451,-1.0025451,1.00021125e-05,9.77601e-06,2.0041726,6.4133515,0.11660164449799142
1.0,0.00920444365232191,-1.0035614,-1.0035614,-1.0021256,-1.0021256,-1.0521803e-05,-1.0295775e-05,2.004172,6.4133506,0.11673017908203683
1.0,0.00921444365232191,-1.001115,-1.001115,-1.0025451,-1.0025451,9.984842e-06,9.759047e-06,2.0041726,6.4133515,0.11685871371376595
1.0,0.009224443652321909,-1.0035614,-1.0035614,-1.0021256,-1.0021256,-1.0504533e-05,-1.0278812e-05,2.004172,6.4133506,0.11698724829781136
1.0,0.009234443652321908,-1.001115,-1.001115,-1.0025451,-1.0025451,9.967572e-06,9.742084e-06,2.0041726,6.4133515,0.11711578292954049
1.0,0.00924444365232191,-1.0035614,-1.0035614,-1.0021256,-1.0021256,-1.0487262e-05,-1.0261849e-05,2.004172,6.4133506,0.11724431751358591
1.0,0.00925444365232191,-1.001115,-1.001115,-1.0025451,-1.0025451,9.950302e-06,9.725121e-06,2.0041726,6.4133515,0.11737285214531504
1.0,0.009264443652321909,-1.0035614,-1.0035614,-1.0021256,-1.0021256,-1.0469993e-05,-1.0244887e-05,2.004172,6.4133506,0.11750138672936045
1.0,0.009274443652321909,-1.001115,-1.001115,-1.0025451,-1.0025451,9.933033e-06,9.708159e-06,2.0041726,6.4133515,0.11762992136108957
1.0,0.00928444365232191,-1.0035613,-1.0035613,-1.0021256,-1.0021256,-1.0452724e-05,-1.0227925e-05,2.004172,6.4133506,0.117758455945135
1.0,0.00929444365232191,-1.001115,-1.001115,-1.0025451,-1.0025451,9.915764e-06,9.691198e-06,2.0041726,6.4133515,0.11788699057686412
1.0,0.009304443652321909,-1.0035613,-1.0035613,-1.0021255,-1.0021255,-1.0435456e-05,-1.0210963e-05,2.004172,6.4133506,0.11801552516090953
1.0,0.009314443652321909,-1.001115,-1.001115,-1.0025451,-1.0025451,9.898496e-06,9.674237e-06,2.0041726,6.4133515,0.11814405979263866
1.0,0.00932444365232191,-1.0035613,-1.0035613,-1.0021255,-1.0021255,-1.0418187e-05,-1.0194003e-05,2.004172,6.4133506,0.11827259437668408
1.0,0.00933444365232191,-1.0011151,-1.0011151,-1.0025452,-1.0025452,9.881228e-06,9.657277e-06,2.0041726,6.4133515,0.11840112900841321
1.0,0.00934444365232191,-1.0035613,-1.0035613,-1.0021255,-1.0021255,-1.04009205e-05,-1.0177043e-05,2.004172,6.4133506,0.11852966359245862
1.0,0.009354443652321909,-1.0011151,-1.0011151,-1.0025452,-1.0025452,9.86396e-06,9.640317e-06,2.0041726,6.4133515,0.11865819822418774
1.0,0.00936444365232191,-1.0035613,-1.0035613,-1.0021255,-1.0021255,-1.0383653e-05,-1.0160083e-05,2.004172,6.4133506,0.11878673280823317
1.0,0.00937444365232191,-1.0011151,-1.0011151,-1.0025452,-1.0025452,9.8466935e-06,9.623357e-06,2.0041726,6.4133515,0.1189152674399623
1.0,0.00938444365232191,-1.0035613,-1.0035613,-1.0021255,-1.0021255,-1.0366387e-05,-1.0143124e-05,2.004172,6.4133506,0.1190438020240077
1.0,0.009394443652321909,-1.0011151,-1.0011151,-1.0025452,-1.0025452,9.829428e-06,9.606399e-06,2.0041726,6.4133515,0.11917233665573683
1.0,0.009404443652321908,-1.0035613,-1.0035613,-1.0021255,-1.0021255,-1.0349121e-05,-1.0126165e-05,2.004172,6.4133506,0.11930087123978225
1.0,0.00941444365232191,-1.0011151,-1.0011151,-1.0025452,-1.0025452,9.812162e-06,9.58944e-06,2.0041726,6.4133515,0.11942940587151138
1.0,0.00942444365232191,-1.0035611,-1.0035611,-1.0021255,-1.0021255,-1.0331855e-05,-1.0109207e-05,2.004172,6.4133506,0.11955794045555679
1.0,0.009434443652321909,-1.0011151,-1.0011151,-1.0025452,-1.0025452,9.794897e-06,9.572483e-06,2.0041726,6.4133515,0.11968647508728592
1.0,0.009444443652321909,-1.0035611,-1.0035611,-1.0021254,-1.0021254,-1.031459e-05,-1.009225e-05,2.004172,6.4133506,0.11981500967133134
1.0,0.00945444365232191,-1.0011151,-1.0011151,-1.0025452,-1.0025452,9.777632e-06,9.555525e-06,2.0041726,6.4133515,0.11994354430306046
1.0,0.00946444365232191,-1.0035611,-1.0035611,-1.0021254,-1.0021254,-1.0297326e-05,-1.0075292e-05,2.004172,6.4133506,0.12007207888710587
1.0,0.009474443652321909,-1.0011152,-1.0011152,-1.0025454,-1.0025454,9.760368e-06,9.5385685e-06,2.0041726,6.4133515,0.120200613518835
1.0,0.009484443652321909,-1.0035611,-1.0035611,-1.0021254,-1.0021254,-1.0280062e-05,-1.0058336e-05,2.004172,6.4133506,0.12032914810288042
1.0,0.00949444365232191,-1.0011152,-1.0011152,-1.0025454,-1.0025454,9.743104e-06,9.521612e-06,2.0041726,6.4133515,0.12045768273460955
1.0,0.00950444365232191,-1.0035611,-1.0035611,-1.0021254,-1.0021254,-1.0262798e-05,-1.004138e-05,2.004172,6.4133506,0.12058621731865496
1.0,0.00951444365232191,-1.0011152,-1.0011152,-1.0025454,-1.0025454,9.725841e-06,9.504656e-06,2.0041726,6.4133515,0.12071475195038409
1.0,0.009524443652321909,-1.0035611,-1.0035611,-1.0021254,-1.0021254,-1.0245536e-05,-1.0024424e-05,2.004172,6.4133506,0.1208432865344295
1.0,0.009534443652321908,-1.0011152,-1.0011152,-1.0025454,-1.0025454,9.708579e-06,9.4877005e-06,2.0041726,6.4133515,0.12097182116615862
1.0,0.00954444365232191,-1.0035611,-1.0035611,-1.0021254,-1.0021254,-1.0228274e-05,-1.0007469e-05,2.004172,6.4133506,0.12110035575020404
1.0,0.00955444365232191,-1.0011152,-1.0011152,-1.0025454,-1.0025454,9.691316e-06,9.470746e-06,2.0041726,6.4133515,0.12122889038193317
1.0,0.009564443652321909,-1.003561,-1.003561,-1.0021254,-1.0021254,-1.0211012e-05,-9.990515e-06,2.004172,6.4133506,0.12135742496597858
1.0,0.009574443652321908,-1.0011152,-1.0011152,-1.0025454,-1.0025454,9.674055e-06,9.453792e-06,2.0041726,6.4133515,0.12148595959770771
1.0,0.00958444365232191,-1.003561,-1.003561,-1.0021253,-1.0021253,-1.019375e-05,-9.973561e-06,2.004172,6.4133506,0.12161449418175313
1.0,0.00959444365232191,-1.0011153,-1.0011153,-1.0025454,-1.0025454,9.656794e-06,9.436838e-06,2.0041726,6.4133515,0.12174302881348226
1.0,0.009604443652321909,-1.003561,-1.003561,-1.0021253,-1.0021253,-1.017649e-05,-9.956608e-06,2.004172,6.4133506,0.12187156339752767
1.0,0.009614443652321909,-1.0011153,-1.0011153,-1.0025455,-1.0025455,9.639533e-06,9.419885e-06,2.0041726,6.4133515,0.12200009802925679
1.0,0.00962444365232191,-1.003561,-1.003561,-1.0021253,-1.0021253,-1.01592295e-05,-9.939655e-06,2.004172,6.4133506,0.12212863261330222
1.0,0.00963444365232191,-1.0011153,-1.0011153,-1.0025455,-1.0025455,9.622274e-06,9.402933e-06,2.0041726,6.4133515,0.12225716724503134
1.0,0.009644443652321909,-1.003561,-1.003561,-1.0021253,-1.0021253,-1.014197e-05,-9.922703e-06,2.004172,6.4133506,0.12238570182907675
1.0,0.009654443652321909,-1.0011153,-1.0011153,-1.0025455,-1.0025455,9.605014e-06,9.385981e-06,2.0041726,6.4133515,0.12251423646080588
1.0,0.00966444365232191,-1.003561,-1.003561,-1.0021253,-1.0021253,-1.01247115e-05,-9.905751e-06,2.004172,6.4133506,0.1226427710448513
1.0,0.00967444365232191,-1.0011153,-1.0011153,-1.0025455,-1.0025455,9.587756e-06,9.36903e-06,2.0041726,6.4133515,0.12277130567658043
1.0,0.00968444365232191,-1.0035609,-1.0035609,-1.0021253,-1.0021253,-1.0107453e-05,-9.8887995e-06,2.004172,6.4133506,0.12289984026062584
1.0,0.009694443652321909,-1.0011153,-1.0011153,-1.0025455,-1.0025455,9.570497e-06,9.352078e-06,2.0041726,6.4133515,0.12302837489235496
1.0,0.009704443652321908,-1.0035609,-1.0035609,-1.0021253,-1.0021253,-1.0090194e-05,-9.871849e-06,2.004172,6.4133506,0.12315690947640039
1.0,0.00971444365232191,-1.0011153,-1.0011153,-1.0025455,-1.0025455,9.55324e-06,9.335128e-06,2.0041726,6.4133515,0.12328544410812951
1.0,0.00972444365232191,-1.0035609,-1.0035609,-1.0021251,-1.0021251,-1.0072938e-05,-9.854899e-06,2.004172,6.4133506,0.12341397869217492
1.0,0.009734443652321909,-1.0011154,-1.0011154,-1.0025455,-1.0025455,9.535983e-06,9.318178e-06,2.0041726,6.4133515,0.12354251332390405
1.0,0.009744443652321908,-1.0035609,-1.0035609,-1.0021251,-1.0021251,-1.0055681e-05,-9.837949e-06,2.004172,6.4133506,0.12367104790794947
1.0,0.00975444365232191,-1.0011154,-1.0011154,-1.0025456,-1.0025456,9.518726e-06,9.301229e-06,2.0041726,6.4133515,0.1237995825396786
1.0,0.00976444365232191,-1.0035609,-1.0035609,-1.0021251,-1.0021251,-1.0038424e-05,-9.821e-06,2.004172,6.4133506,0.12392811712372401
1.0,0.009774443652321909,-1.0011154,-1.0011154,-1.0025456,-1.0025456,9.50147e-06,9.28428e-06,2.0041726,6.4133515,0.12405665175545313
1.0,0.009784443652321909,-1.0035609,-1.0035609,-1.0021251,-1.0021251,-1.0021168e-05,-9.804052e-06,2.004172,6.4133506,0.12418518633949856
1.0,0.00979444365232191,-1.0011154,-1.0011154,-1.0025456,-1.0025456,9.484214e-06,9.267332e-06,2.0041726,6.4133515,0.12431372097122768
1.0,0.00980444365232191,-1.0035609,-1.0035609,-1.0021251,-1.0021251,-1.0003913e-05,-9.787103e-06,2.004172,6.4133506,0.12444225555527309
1.0,0.009814443652321909,-1.0011154,-1.0011154,-1.0025456,-1.0025456,9.466959e-06,9.250384e-06,2.0041726,6.4133515,0.12457079018700222
1.0,0.009824443652321909,-1.0035609,-1.0035609,-1.0021251,-1.0021251,-9.986658e-06,-9.770157e-06,2.004172,6.4133506,0.12469932477104764
1.0,0.00983444365232191,-1.0011154,-1.0011154,-1.0025456,-1.0025456,9.449705e-06,9.233438e-06,2.0041726,6.4133515,0.12482785940277677
1.0,0.00984444365232191,-1.0035608,-1.0035608,-1.0021251,-1.0021251,-9.969404e-06,-9.75321e-06,2.004172,6.4133506,0.12495639398682218
1.0,0.00985444365232191,-1.0011154,-1.0011154,-1.0025456,-1.0025456,9.432451e-06,9.216491e-06,2.0041726,6.4133515,0.1250849286185513
1.0,0.009864443652321909,-1.0035608,-1.0035608,-1.0021251,-1.0021251,-9.952151e-06,-9.736264e-06,2.004172,6.4133506,0.12521346320259671
1.0,0.009874443652321908,-1.0011156,-1.0011156,-1.0025456,-1.0025456,9.415198e-06,9.199545e-06,2.0041726,6.4133515,0.12534199783432584
1.0,0.00988444365232191,-1.0035608,-1.0035608,-1.002125,-1.002125,-9.934898e-06,-9.719318e-06,2.004172,6.4133506,0.12547053241837125
1.0,0.00989444365232191,-1.0011156,-1.0011156,-1.0025457,-1.0025457,9.397946e-06,9.1826e-06,2.0041726,6.4133515,0.12559906705010038
1.0,0.009904443652321909,-1.0035608,-1.0035608,-1.002125,-1.002125,-9.917646e-06,-9.702373e-06,2.004172,6.4133506,0.12572760163414579
1.0,0.009914443652321909,-1.0011156,-1.0011156,-1.0025457,-1.0025457,9.380694e-06,9.165655e-06,2.0041726,6.4133515,0.1258561362658749
1.0,0.00992444365232191,-1.0035608,-1.0035608,-1.002125,-1.002125,-9.900394e-06,-9.685428e-06,2.004172,6.4133506,0.12598467084992032
1.0,0.00993444365232191,-1.0011156,-1.0011156,-1.0025457,-1.0025457,9.363443e-06,9.148711e-06,2.0041726,6.4133515,0.12611320548164945
1.0,0.009944443652321909,-1.0035608,-1.0035608,-1.002125,-1.002125,-9.883142e-06,-9.668484e-06,2.004172,6.4133506,0.12624174006569486
1.0,0.009954443652321909,-1.0011156,-1.0011156,-1.0025457,-1.0025457,9.346191e-06,9.131767e-06,2.0041726,6.4133515,0.12637027469742398
1.0,0.00996444365232191,-1.0035608,-1.0035608,-1.002125,-1.002125,-9.865892e-06,-9.651541e-06,2.004172,6.4133506,0.1264988092814694
1.0,0.00997444365232191,-1.0011156,-1.0011156,-1.0025457,-1.0025457,9.328941e-06,9.114824e-06,2.0041726,6.4133515,0.12662734391319852
1.0,0.009984443652321909,-1.0035607,-1.0035607,-1.002125,-1.002125,-9.848643e-06,-9.634598e-06,2.004172,6.4133506,0.12675587849724393
1.0,0.009994443652321909,-1.0011156,-1.0011156,-1.0025457,-1.0025457,9.311691e-06,9.097881e-06,2.0041726,6.4133515,0.12685585496823662
1.0,0.01,-1.0035611,-1.0035611,-1.0021255,-1.0021255,-9.824465e-06,-9.6108515e-06,2.004172,6.4133506,0.12689220678303761
1.0,0.0100001,-1.001103,-1.001103,-1.0025383,-1.0025383,8.4820695e-06,8.283837e-06,2.0041726,6.413352,0.12689349212945028
1.0,0.0100002,-1.003658,-1.003658,-1.0022016,-1.0022016,-8.0507825e-06,-7.867838e-06,2.004172,6.4133506,0.126894182721024
1.0,0.010000207456149466,-1.0024531,-1.0024531,-1.0024257,-1.0024257,-3.1239942e-06,-3.073402e-06,2.0041723,6.413351,0.12689432647700585
1.0,0.010000222368448396,-1.0024768,-1.0024768,-1.0024444,-1.0024444,2.5828435e-06,2.5326747e-06,2.0041723,6.413351,0.12689461398896956
1.0,0.010000252193046259,-1.0025376,-1.0025376,-1.0024942,-1.0024942,-3.0512538e-06,-3.000533e-06,2.0041723,6.4133515,0.12689514601541174
1.0,0.010000305151821869,-1.0026265,-1.0026265,-1.002573,-1.002573,2.437489e-06,2.3875953e-06,2.0041723,6.4133515,0.12689610803496615
1.0,0.010000401883395734,-1.002761,-1.002761,-1.0027031,-1.0027031,-3.868912e-06,-3.8178905e-06,2.0041723,6.4133515,0.12689688163308802
1.0,0.01000042552377552,-1.0027809,-1.0027809,-1.0027235,-1.0027235,-1.4782332e-06,-1.4773458e-06,2.0041723,6.413351,0.126897337424113
1.0,0.01000047280453509,-1.0028176,-1.0028176,-1.0027599,-1.0027599,-2.3691443e-06,-2.368333e-06,2.0041723,6.413352,0.12689824900629823
1.0,0.01000056736605423,-1.0028836,-1.0028836,-1.0028255,-1.0028255,-4.5170073e-06,-4.5161996e-06,2.0041726,6.413352,0.12690007217093927
1.0,0.01000075648909251,-1.0029131,-1.0029131,-1.0028486,-1.0028486,-9.879309e-06,-9.879668e-06,2.0041728,6.4133525,0.126903718501033
1.0,0.010001134735169075,-1.0018212,-1.0018212,-1.001725,-1.001725,-2.3869661e-05,-2.387523e-05,2.0041714,6.413348,0.12691000712359995
1.0,0.010001735000405956,-0.99534076,-0.99534076,-0.9951979,-0.9951979,-3.8041748e-05,-3.8058246e-05,2.0041518,6.413286,0.12691887358058662
1.0,0.010002514385010819,-0.9721707,-0.9721707,-0.972109,-0.972109,-3.332894e-05,-3.337379e-05,2.0040457,6.412946,0.12692463363128823
1.0,0.010002631378197038,-0.96655506,-0.96655506,-0.9666341,-0.9666341,-3.1445303e-05,-3.1495056e-05,2.004016,6.412851,0.12692688893041104
1.0,0.010002865364569475,-0.9546142,-0.9546142,-0.9556574,-0.9556574,-2.8266304e-05,-2.8322167e-05,2.0039473,6.412631,0.1269313992193752
1.0,0.01000333333731435,-0.92245126,-0.92245126,-0.95703477,-0.95703477,-2.2517823e-05,-2.2604252e-05,2.00374,6.4119687,0.1269404179329121
1.0,0.0100042692828041,-0.78539956,-0.78539956,-1.1972129,-1.1972129,-9.544172e-06,-9.762564e-06,2.0027876,6.4089203,0.12694792638348157
1.0,0.010004503269176537,-0.73863876,-0.73863876,-1.2952751,-1.2952751,-8.929565e-06,-9.13613e-06,2.002374,6.407596,0.126952429592779
1.0,0.010004971241921413,-0.58560425,-0.58560425,-1.665458,-1.665458,1.1248126e-05,1.0769366e-05,2.001286,6.404115,0.126958637628713
1.0,0.010005472028548028,-0.2084958,-0.2084958,-2.6465862,-2.6465862,5.75287e-05,5.6408062e-05,1.999162,6.3973184,0.12696493106865692
1.0,0.010005955416530304,0.27227342,0.27227342,-3.917638,-3.917638,8.228691e-05,8.130078e-05,1.9957474,6.3863916,0.1269715423700926
1.0,0.010006509451455594,0.6832346,0.6832346,-5.0219355,-5.0219355,9.265819e-05,9.2113994e-05,1.9903854,6.3692336,0.12697833148691395
1.0,0.01000702648913606,0.7263688,0.7263688,-5.3888917,-5.3888917,7.296044e-05,7.3441865e-05,1.9848698,6.3515835,0.12698738754990757
1.0,0.010007946116082026,0.33865866,0.33865866,-6.2421865,-6.2421865,0.00012177596,0.00012232563,1.9763598,6.324352,0.1269987266888614
1.0,0.01000884086820033,0.067960106,0.067960106,-6.8975997,-6.8975997,-4.6270475e-08,1.2561564e-07,1.9698749,6.3035994,0.12701070582111038
1.0,0.010009875541994671,0.00048485684,0.00048485684,-7.3540707,-7.3540707,2.9331035e-05,2.9314231e-05,1.9633366,6.282677,0.12702812347558518
1.0,0.01001166496888206,-0.00027434368,-0.00027434368,-7.8350997,-7.8350997,-8.115693e-05,-8.114117e-05,1.9523871,6.2476387,0.12704925751062662
1.0,0.010013340760159898,-0.0001036917,-0.0001036917,-7.788528,-7.788528,-5.945202e-05,-5.946904e-05,1.942191,6.2150116,0.12706902867948733
1.0,0.010014940852427986,-0.00033380988,-0.00033380988,-7.286583,-7.286583,-0.00014764415,-0.00014762685,1.9325057,6.184018,0.12709198715562894
1.0,0.010017182973885224,-0.00038716564,-0.00038716564,-6.300482,-6.300482,-9.283063e-05,-9.284691e-05,1.9190153,6.140849,0.127117970273486
1.0,0.010019350606617227,-0.001736058,-0.001736058,-5.164874,-5.164874,-0.0001477543,-0.00014773285,1.9060628,6.0994015,0.12715055363333247
1.0,0.010022788307173226,-0.020761877,-0.020761877,-2.274565,-2.274565,8.676026e-05,8.674416e-05,1.8856976,6.034232,0.12718895644479894
1.0,0.010026100531490074,-0.09497818,-0.09497818,-0.6419716,-0.6419716,-0.00021485788,-0.00021483896,1.8662832,5.9721065,0.1272256658519202
1.0,0.010029375528653538,-0.20198318,-0.20198318,-0.011111437,-0.011111437,6.426223e-05,6.4246204e-05,1.8472842,5.9113092,0.12727930965931342
1.0,0.010035925522980464,-1.0551087,-1.0551087,8.428769e-05,8.428769e-05,-0.60396177,-0.60401624,1.8224686,5.8318996,0.12735371174845206
1.0,0.010043376076180012,-0.70889336,-0.70889336,-4.381078e-06,-4.381078e-06,0.046991758,0.046990097,1.7929469,5.73743,0.12744346786741484
1.0,0.010053376076180013,-0.13645925,-0.13645925,8.30361e-05,8.30361e-05,1.2314947,1.2314991,1.697737,5.4327583,0.12753570181135404
1.0,0.010063376076180013,-0.00017535819,-0.00017535819,-3.0227107e-05,-3.0227107e-05,1.2415663,1.2415636,1.5694348,5.0221915,0.12761452183012234
1.0,0.010073376076180012,-0.00019550354,-0.00019550354,7.37973e-05,7.37973e-05,1.110117,1.1101204,1.4489024,4.6364875,0.1276817000079559
1.0,0.010083376076180012,-6.477259e-05,-6.477259e-05,-3.5155117e-05,-3.5155117e-05,1.0357202,1.035717,1.3383746,4.282799,0.12773901990179287
1.0,0.010093376076180013,-0.00018077437,-0.00018077437,6.840247e-05,6.840247e-05,1.0093479,1.0093511,1.2343171,3.9498146,0.12778777313474882
1.0,0.010103376076180013,-4.151874e-05,-4.151874e-05,-4.484544e-05,-4.484544e-05,0.7404831,0.74047977,1.1426904,3.6566093,0.12782955685858
1.0,0.010113376076180012,-0.00015419885,-0.00015419885,6.029846e-05,6.029846e-05,0.32862046,0.32862374,1.0749093,3.43971,0.1278665306210922
1.0,0.010123376076180012,-2.1834572e-05,-2.1834572e-05,-4.8682337e-05,-4.8682337e-05,0.004384251,0.004381012,1.0318013,3.301764,0.12790059826616515
1.0,0.010133376076180011,-0.00013955984,-0.00013955984,5.8017293e-05,5.8017293e-05,-0.20679079,-0.20678757,1.0064191,3.220541,0.1279330104041504
1.0,0.010143376076180013,-1.2067503e-05,-1.2067503e-05,-5.0454408e-05,-5.0454408e-05,-0.33271345,-0.33271664,0.9921338,3.1748283,0.12796450894836656
1.0,0.010153376076180012,-0.00013226169,-0.00013226169,5.6618133e-05,5.6618133e-05,-0.4040832,-0.40408,0.9843231,3.1498337,0.1279955134892868
1.0,0.010163376076180012,-7.1591826e-06,-7.1591826e-06,-5.169375e-05,-5.169375e-05,-0.44340757,-0.44341075,0.98013777,3.136441,0.12802625493292083
1.0,0.010173376076180012,-0.00012836145,-0.00012836145,5.56181e-05,5.56181e-05,-0.4646312,-0.464628,0.97793275,3.1293848,0.12805685821060409
1.0,0.010183376076180013,-4.449234e-06,-4.449234e-06,-5.257399e-05,-5.257399e-05,-0.47595984,-0.47596303,0.97679067,3.1257303,0.12808739005331268
1.0,0.010193376076180012,-0.00012606538,-0.00012606538,5.4923334e-05,5.4923334e-05,-0.48186457,-0.48186138,0.9762106,3.123874,0.12811788564209214
1.0,0.010203376076180012,-2.8161191e-06,-2.8161191e-06,-5.317235e-05,-5.317235e-05,-0.48499432,-0.4849975,0.97592443,3.122958,0.12814836335186233
1.0,0.010213376076180012,-0.00012460118,-0.00012460118,5.4462253e-05,5.4462253e-05,-0.48651582,-0.48651266,0.97578907,3.1225252,0.1281788326120781
1.0,0.010223376076180013,-1.7740471e-06,-1.7740471e-06,-5.3562086e-05,-5.3562086e-05,-0.48737487,-0.48737803,0.9757304,3.122337,0.12820929820541613
1.0,0.010233376076180013,-0.00012361423,-0.00012361423,5.4169104e-05,5.4169104e-05,-0.48769635,-0.48769316,0.97570986,3.1222715,0.12823976251606217
1.0,0.010243376076180012,-1.0815027e-06,-1.0815027e-06,-5.3807395e-05,-5.3807395e-05,-0.48795974,-0.4879629,0.9757079,3.122265,0.12827022670273056
1.0,0.010253376076180012,-0.00012292237,-0.00012292237,5.3987787e-05,5.3987787e-05,-0.48796076,-0.48795757,0.9757141,3.1222854,0.12830069128040542
1.0,0.010263376076180013,-6.2010207e-07,-6.2010207e-07,-5.3958946e-05,-5.3958946e-05,-0.48807934,-0.4880825,0.97572374,3.1223161,0.1283311564612793
1.0,0.010273376076180013,-0.0001224315,-0.0001224315,5.3878346e-05,5.3878346e-05,-0.48800033,-0.48799717,0.97573435,3.1223502,0.12836162230495682
1.0,0.010283376076180012,-3.2434377e-07,-3.2434377e-07,-5.4051638e-05,-5.4051638e-05,-0.4880903,-0.48809347,0.97574496,3.1223838,0.1283920888090538
1.0,0.010293376076180012,-0.00012209543,-0.00012209543,5.381367e-05,5.381367e-05,-0.4879939,-0.48799074,0.97575504,3.122416,0.12842255594019167
1.0,0.010303376076180011,-1.5896927e-07,-1.5896927e-07,-5.410831e-05,-5.410831e-05,-0.48808235,-0.4880855,0.9757646,3.1224465,0.12845302366737596
1.0,0.010313376076180013,-0.00012187926,-0.00012187926,5.3775966e-05,5.3775966e-05,-0.48798314,-0.48797995,0.97577345,3.122475,0.12848349194769135
1.0,0.010323376076180012,-6.4090216e-08,-6.4090216e-08,-5.414464e-05,-5.414464e-05,-0.48807114,-0.4880743,0.97578174,3.1225014,0.12851396074537505
1.0,0.010333376076180012,-0.00012170698,-0.00012170698,5.375232e-05,5.375232e-05,-0.48796698,-0.4879638,0.97578925,3.1225255,0.12854443001274338
1.0,0.010343376076180012,-1.0724792e-09,-1.0724792e-09,-5.4170538e-05,-5.4170538e-05,-0.48805237,-0.48805553,0.975796,3.122547,0.1285748996997284
1.0,0.010353376076180013,-0.00012159278,-0.00012159278,5.3737214e-05,5.3737214e-05,-0.48794657,-0.4879434,0.9758019,3.1225662,0.12860536975864642
1.0,0.010363376076180012,-2.7983904e-09,-2.7983904e-09,-5.4189222e-05,-5.4189222e-05,-0.4880334,-0.48803657,0.97580695,3.1225824,0.12863584013466112
1.0,0.010373376076180012,-0.00012154456,-0.00012154456,5.372804e-05,5.372804e-05,-0.48792863,-0.48792544,0.9758114,3.1225963,0.12866631078485719
1.0,0.010383376076180012,-5.963118e-08,-5.963118e-08,-5.4203112e-05,-5.4203112e-05,-0.4880177,-0.4880209,0.9758152,3.1226082,0.12869678166870346
1.0,0.010393376076180013,-0.00012154184,-0.00012154184,5.3722873e-05,5.3722873e-05,-0.48791417,-0.487911,0.9758184,3.122619,0.12872725275758973
1.0,0.010403376076180013,-1.486784e-07,-1.486784e-07,-5.42139e-05,-5.42139e-05,-0.48800546,-0.48800865,0.97582114,3.1226275,0.12875772401575317
1.0,0.010413376076180012,-0.00012156138,-0.00012156138,5.3720407e-05,5.3720407e-05,-0.4879032,-0.48790002,0.97582346,3.1226351,0.12878819542173614
1.0,0.010423376076180012,-2.498293e-07,-2.498293e-07,-5.422263e-05,-5.422263e-05,-0.48799607,-0.48799923,0.9758254,3.1226413,0.1288186669493126
1.0,0.010433376076180013,-0.00012158598,-0.00012158598,5.371984e-05,5.371984e-05,-0.48789495,-0.48789176,0.9758271,3.1226468,0.1288491385841774
1.0,0.010443376076180013,-3.4939362e-07,-3.4939362e-07,-5.4229964e-05,-5.4229964e-05,-0.48798904,-0.4879922,0.97582847,3.1226509,0.12887961030010453
1.0,0.010453376076180012,-0.00012160535,-0.00012160535,5.372065e-05,5.372065e-05,-0.48788887,-0.48788568,0.97582966,3.122655,0.1289100820923256
1.0,0.010463376076180012,-4.40291e-07,-4.40291e-07,-5.4236345e-05,-5.4236345e-05,-0.4879839,-0.4879871,0.97583055,3.1226575,0.12894055393938295
1.0,0.010473376076180011,-0.00012161502,-0.00012161502,5.372247e-05,5.372247e-05,-0.48788452,-0.48788133,0.9758314,3.1226606,0.12897102584127657
1.0,0.010483376076180013,-5.202418e-07,-5.202418e-07,-5.4242082e-05,-5.4242082e-05,-0.4879803,-0.48798347,0.97583205,3.1226623,0.12900149778131714
1.0,0.010493376076180012,-0.000121614285,-0.000121614285,5.3725034e-05,5.3725034e-05,-0.48788145,-0.48787826,0.9758326,3.1226642,0.12903196975712053
1.0,0.010503376076180012,-5.897062e-07,-5.897062e-07,-5.424739e-05,-5.424739e-05,-0.48797777,-0.48798093,0.97583306,3.1226656,0.12906244176153414
1.0,0.010513376076180012,-0.00012160431,-0.00012160431,5.3728152e-05,5.3728152e-05,-0.48787934,-0.48787615,0.9758334,3.1226668,0.12909291378740542
1.0,0.010523376076180013,-6.5032543e-07,-6.5032543e-07,-5.425243e-05,-5.425243e-05,-0.48797604,-0.4879792,0.9758337,3.122668,0.12912338583473437
1.0,0.010533376076180012,-0.00012158691,-0.00012158691,5.373169e-05,5.373169e-05,-0.48787788,-0.4878747,0.975834,3.122669,0.12915385790113681
1.0,0.010543376076180012,-7.040001e-07,-7.040001e-07,-5.4257307e-05,-5.4257307e-05,-0.48797485,-0.48797804,0.9758342,3.1226695,0.129184329977076
1.0,0.010553376076180012,-0.00012156393,-0.00012156393,5.3735534e-05,5.3735534e-05,-0.48787686,-0.4878737,0.97583437,3.12267,0.12921480206255193
1.0,0.010563376076180013,-7.5245345e-07,-7.5245345e-07,-5.42621e-05,-5.42621e-05,-0.48797405,-0.48797724,0.9758345,3.1226707,0.12924527415994877
1.0,0.010573376076180013,-0.00012153689,-0.00012153689,5.3739626e-05,5.3739626e-05,-0.4878762,-0.48787302,0.97583467,3.122671,0.12927574626449817
1.0,0.010583376076180012,-7.97083e-07,-7.97083e-07,-5.4266857e-05,-5.4266857e-05,-0.4879735,-0.4879767,0.9758347,3.1226711,0.12930621837381595
1.0,0.010593376076180012,-0.00012150701,-0.00012150701,5.3743912e-05,5.3743912e-05,-0.48787573,-0.48787257,0.97583485,3.1226714,0.1293366904902863
1.0,0.010603376076180013,-8.389541e-07,-8.389541e-07,-5.427162e-05,-5.427162e-05,-0.48797315,-0.4879763,0.97583485,3.1226716,0.12936716260675662
1.0,0.010613376076180013,-0.000121475176,-0.000121475176,5.3748357e-05,5.3748357e-05,-0.4878754,-0.48787224,0.97583497,3.1226718,0.12939763473037952
1.0,0.010623376076180012,-8.7884905e-07,-8.7884905e-07,-5.4276406e-05,-5.4276406e-05,-0.48797292,-0.48797607,0.97583497,3.122672,0.1294281068563866
1.0,0.010633376076180012,-0.000121442026,-0.000121442026,5.3752934e-05,5.3752934e-05,-0.4878752,-0.487872,0.975835,3.1226723,0.12945857898716204
1.0,0.010643376076180011,-9.173288e-07,-9.173288e-07,-5.4281234e-05,-5.4281234e-05,-0.48797274,-0.48797593,0.975835,3.1226723,0.1294890511179375
1.0,0.010653376076180013,-0.00012140803,-0.00012140803,5.3757623e-05,5.3757623e-05,-0.48787504,-0.48787186,0.9758351,3.1226726,0.12951952325348132
1.0,0.010663376076180012,-9.547898e-07,-9.547898e-07,-5.428611e-05,-5.428611e-05,-0.48797262,-0.4879758,0.9758351,3.1226723,0.12954999538664094
1.0,0.010673376076180012,-0.0001213735,-0.0001213735,5.3762415e-05,5.3762415e-05,-0.48787493,-0.48787177,0.97583514,3.1226726,0.12958046752218477
1.0,0.010683376076180012,-9.915096e-07,-9.915096e-07,-5.4291042e-05,-5.4291042e-05,-0.48797256,-0.48797572,0.97583514,3.1226726,0.1296109396577286
1.0,0.010693376076180013,-0.00012133865,-0.00012133865,5.3767293e-05,5.3767293e-05,-0.48787484,-0.48787168,0.9758352,3.1226728,0.1296414117980408
1.0,0.010703376076180013,-1.0276818e-06,-1.0276818e-06,-5.4296033e-05,-5.4296033e-05,-0.4879725,-0.4879757,0.97583514,3.1226728,0.12967188393596882
1.0,0.010713376076180012,-0.00012130362,-0.00012130362,5.377225e-05,5.377225e-05,-0.4878748,-0.48787162,0.9758352,3.1226726,0.12970235607389682
1.0,0.010723376076180012,-1.0634405e-06,-1.0634405e-06,-5.4301083e-05,-5.4301083e-05,-0.48797247,-0.48797566,0.9758352,3.1226726,0.12973282821182483
1.0,0.010733376076180013,-0.000121268524,-0.000121268524,5.377729e-05,5.377729e-05,-0.48787475,-0.4878716,0.9758352,3.1226728,0.12976330035213704
1.0,0.010743376076180013,-1.0988792e-06,-1.0988792e-06,-5.4306194e-05,-5.4306194e-05,-0.48797247,-0.48797563,0.9758352,3.1226726,0.12979377249006505
1.0,0.010753376076180012,-0.00012123341,-0.00012123341,5.3782394e-05,5.3782394e-05,-0.48787472,-0.48787156,0.9758352,3.122673,0.12982424463276143
1.0,0.010763376076180012,-1.1340629e-06,-1.1340629e-06,-5.4311364e-05,-5.4311364e-05,-0.48797247,-0.48797563,0.9758352,3.1226728,0.12985471677307361
1.0,0.010773376076180011,-0.00012119834,-0.00012119834,5.3787568e-05,5.3787568e-05,-0.4878747,-0.48787153,0.97583526,3.1226726,0.12988518891338582
1.0,0.010783376076180013,-1.1690372e-06,-1.1690372e-06,-5.4316588e-05,-5.4316588e-05,-0.48797244,-0.48797563,0.9758352,3.1226726,0.12991566105131383
1.0,0.010793376076180012,-0.000121163335,-0.000121163335,5.37928e-05,5.37928e-05,-0.4878747,-0.4878715,0.97583526,3.1226728,0.12994613319401022
1.0,0.010803376076180012,-1.203834e-06,-1.203834e-06,-5.432187e-05,-5.432187e-05,-0.48797244,-0.48797563,0.9758352,3.1226728,0.1299766053343224
1.0,0.010813376076180011,-0.00012112841,-0.00012112841,5.3798092e-05,5.3798092e-05,-0.48787466,-0.4878715,0.97583526,3.1226728,0.13000707747701878
1.0,0.010823376076180013,-1.2384762e-06,-1.2384762e-06,-5.4327207e-05,-5.4327207e-05,-0.48797244,-0.48797563,0.9758352,3.1226726,0.1300375496149468
1.0,0.010833376076180012,-0.00012109357,-0.00012109357,5.3803444e-05,5.3803444e-05,-0.48787466,-0.48787147,0.97583526,3.1226726,0.13006802175525897
1.0,0.010843376076180012,-1.27298e-06,-1.27298e-06,-5.43326e-05,-5.43326e-05,-0.48797244,-0.48797563,0.9758352,3.122673,0.13009849389795536
1.0,0.010853376076180012,-0.000121058845,-0.000121058845,5.3808846e-05,5.3808846e-05,-0.48787463,-0.48787147,0.97583526,3.1226728,0.13012896604065174
1.0,0.010863376076180013,-1.3073574e-06,-1.3073574e-06,-5.4338037e-05,-5.4338037e-05,-0.48797247,-0.48797563,0.9758352,3.1226728,0.13015943818096395
1.0,0.010873376076180013,-0.00012102422,-0.00012102422,5.38143e-05,5.38143e-05,-0.48787463,-0.48787147,0.97583526,3.122673,0.13018991032604452
1.0,0.010883376076180012,-1.3416171e-06,-1.3416171e-06,-5.4343527e-05,-5.4343527e-05,-0.48797247,-0.48797563,0.97583526,3.1226728,0.1302203824687409
1.0,0.010893376076180012,-0.000120989695,-0.000120989695,5.3819804e-05,5.3819804e-05,-0.48787463,-0.48787144,0.97583526,3.1226728,0.1302508546114373
1.0,0.010903376076180013,-1.375766e-06,-1.375766e-06,-5.434906e-05,-5.434906e-05,-0.48797247,-0.48797563,0.97583526,3.1226728,0.13028132675413368
1.0,0.010913376076180013,-0.00012095528,-0.00012095528,5.382535e-05,5.382535e-05,-0.4878746,-0.48787144,0.97583526,3.122673,0.13031179889921424
1.0,0.010923376076180012,-1.4098092e-06,-1.4098092e-06,-5.435464e-05,-5.435464e-05,-0.48797247,-0.48797566,0.97583526,3.1226728,0.13034227104191062
1.0,0.010933376076180012,-0.00012092097,-0.00012092097,5.3830947e-05,5.3830947e-05,-0.4878746,-0.48787144,0.97583526,3.1226726,0.1303727431822228
1.0,0.010943376076180011,-1.4437508e-06,-1.4437508e-06,-5.4360265e-05,-5.4360265e-05,-0.48797247,-0.48797566,0.97583526,3.1226726,0.13040321532253502
1.0,0.010953376076180013,-0.00012088677,-0.00012088677,5.3836586e-05,5.3836586e-05,-0.4878746,-0.4878714,0.97583526,3.1226728,0.1304336874652314
1.0,0.010963376076180012,-1.477594e-06,-1.477594e-06,-5.436593e-05,-5.436593e-05,-0.4879725,-0.48797566,0.97583526,3.1226726,0.13046415960554358
1.0,0.010973376076180012,-0.00012085266,-0.00012085266,5.3842265e-05,5.3842265e-05,-0.48787457,-0.4878714,0.97583526,3.122673,0.13049463175062415
1.0,0.010983376076180012,-1.5113417e-06,-1.5113417e-06,-5.4371634e-05,-5.4371634e-05,-0.4879725,-0.48797566,0.97583526,3.1226726,0.13052510389093636
1.0,0.010993376076180013,-0.00012081866,-0.00012081866,5.3847984e-05,5.3847984e-05,-0.48787457,-0.4878714,0.97583526,3.1226728,0.13055557603363274
1.0,0.011003376076180012,-1.5449964e-06,-1.5449964e-06,-5.437738e-05,-5.437738e-05,-0.4879725,-0.48797566,0.97583526,3.1226726,0.13058604817394492
1.0,0.011013376076180012,-0.00012078475,-0.00012078475,5.385374e-05,5.385374e-05,-0.48787457,-0.48787138,0.97583526,3.122673,0.1306165203190255
1.0,0.011023376076180012,-1.5785598e-06,-1.5785598e-06,-5.438316e-05,-5.438316e-05,-0.4879725,-0.4879757,0.97583526,3.1226726,0.1306469924593377
1.0,0.011033376076180013,-0.00012075095,-0.00012075095,5.385953e-05,5.385953e-05,-0.48787457,-0.48787138,0.97583526,3.1226728,0.13067746460203408
1.0,0.011043376076180013,-1.612034e-06,-1.612034e-06,-5.4388973e-05,-5.4388973e-05,-0.4879725,-0.4879757,0.97583526,3.1226728,0.13070793674473047
1.0,0.011053376076180012,-0.00012071724,-0.00012071724,5.3865355e-05,5.3865355e-05,-0.48787454,-0.48787138,0.97583526,3.1226728,0.13073840888742685
1.0,0.011063376076180012,-1.6454206e-06,-1.6454206e-06,-5.4394823e-05,-5.4394823e-05,-0.48797253,-0.4879757,0.97583526,3.1226728,0.13076888103012324
1.0,0.011073376076180013,-0.000120683624,-0.000120683624,5.3871216e-05,5.3871216e-05,-0.48787454,-0.48787138,0.97583526,3.122673,0.1307993531752038
1.0,0.011083376076180013,-1.678721e-06,-1.678721e-06,-5.44007e-05,-5.44007e-05,-0.48797253,-0.4879757,0.97583526,3.1226728,0.1308298253179002
1.0,0.011093376076180012,-0.0001206501,-0.0001206501,5.3877106e-05,5.3877106e-05,-0.48787454,-0.48787135,0.97583526,3.1226728,0.13086029746059658
1.0,0.011103376076180012,-1.7119364e-06,-1.7119364e-06,-5.4406613e-05,-5.4406613e-05,-0.48797253,-0.4879757,0.97583526,3.1226728,0.13089076960329296
1.0,0.011113376076180011,-0.00012061666,-0.00012061666,5.3883028e-05,5.3883028e-05,-0.48787454,-0.48787135,0.9758353,3.122673,0.13092124175075773
1.0,0.011123376076180013,-1.7450684e-06,-1.7450684e-06,-5.4412554e-05,-5.4412554e-05,-0.48797253,-0.48797572,0.97583526,3.122673,0.1309517138958383
1.0,0.011133376076180012,-0.000120583325,-0.000120583325,5.3888976e-05,5.3888976e-05,-0.4878745,-0.48787135,0.9758353,3.1226733,0.13098218604568723
1.0,0.011143376076180012,-1.7781178e-06,-1.7781178e-06,-5.4418524e-05,-5.4418524e-05,-0.48797253,-0.48797572,0.97583526,3.122673,0.1310126581907678
1.0,0.011153376076180012,-0.000120550074,-0.000120550074,5.3894957e-05,5.3894957e-05,-0.4878745,-0.48787135,0.9758353,3.1226728,0.13104313033584836
1.0,0.011163376076180013,-1.811086e-06,-1.811086e-06,-5.442452e-05,-5.442452e-05,-0.48797256,-0.48797572,0.97583526,3.122673,0.13107360248092892
1.0,0.011173376076180012,-0.0001205169,-0.0001205169,5.390096e-05,5.390096e-05,-0.4878745,-0.48787132,0.9758353,3.122673,0.13110407462839366
1.0,0.011183376076180012,-1.8439738e-06,-1.8439738e-06,-5.443054e-05,-5.443054e-05,-0.48797256,-0.48797572,0.97583526,3.1226728,0.13113454677109004
1.0,0.011193376076180012,-0.000120483826,-0.000120483826,5.390699e-05,5.390699e-05,-0.4878745,-0.48787132,0.9758353,3.1226728,0.1311650189161706
1.0,0.011203376076180013,-1.8767822e-06,-1.8767822e-06,-5.4436587e-05,-5.4436587e-05,-0.48797256,-0.48797572,0.97583526,3.1226728,0.131195491058867
1.0,0.011213376076180013,-0.00012045083,-0.00012045083,5.3913045e-05,5.3913045e-05,-0.48787448,-0.48787132,0.9758353,3.1226728,0.13122596320394755
1.0,0.011223376076180012,-1.9095123e-06,-1.9095123e-06,-5.444266e-05,-5.444266e-05,-0.48797256,-0.48797575,0.97583526,3.122673,0.13125643534902812
1.0,0.011233376076180012,-0.00012041792,-0.00012041792,5.3919124e-05,5.3919124e-05,-0.48787448,-0.48787132,0.9758353,3.122673,0.13128690749649288
1.0,0.011243376076180013,-1.9421648e-06,-1.9421648e-06,-5.4448752e-05,-5.4448752e-05,-0.48797256,-0.48797575,0.97583526,3.122673,0.13131737964157345
1.0,0.011253376076180013,-0.0001203851,-0.0001203851,5.392522e-05,5.392522e-05,-0.48787448,-0.4878713,0.9758353,3.1226728,0.131347851786654
1.0,0.011263376076180012,-1.9747404e-06,-1.9747404e-06,-5.4454864e-05,-5.4454864e-05,-0.4879726,-0.48797575,0.97583526,3.1226728,0.1313783239293504
1.0,0.011273376076180012,-0.00012035235,-0.00012035235,5.3931344e-05,5.3931344e-05,-0.48787448,-0.4878713,0.9758353,3.122673,0.13140879607681513
1.0,0.011283376076180011,-2.00724e-06,-2.00724e-06,-5.4461e-05,-5.4461e-05,-0.4879726,-0.48797575,0.97583526,3.1226728,0.13143926821951152
1.0,0.011293376076180013,-0.00012031969,-0.00012031969,5.3937485e-05,5.3937485e-05,-0.48787445,-0.4878713,0.9758353,3.122673,0.13146974036697628
1.0,0.011303376076180012,-2.0396647e-06,-2.0396647e-06,-5.4467153e-05,-5.4467153e-05,-0.4879726,-0.48797575,0.97583526,3.122673,0.13150021251205685
1.0,0.011313376076180012,-0.000120287106,-0.000120287106,5.3943644e-05,5.3943644e-05,-0.48787445,-0.4878713,0.9758353,3.1226733,0.1315306846619058
1.0,0.011323376076180012,-2.0720147e-06,-2.0720147e-06,-5.4473327e-05,-5.4473327e-05,-0.4879726,-0.48797578,0.97583526,3.122673,0.13156115680698635
1.0,0.011333376076180013,-0.000120254605,-0.000120254605,5.3949825e-05,5.3949825e-05,-0.48787445,-0.48787126,0.9758353,3.1226728,0.1315916289520669
1.0,0.011343376076180012,-2.104291e-06,-2.104291e-06,-5.447952e-05,-5.447952e-05,-0.4879726,-0.48797578,0.97583526,3.1226728,0.1316221010947633
1.0,0.011353376076180012,-0.000120222176,-0.000120222176,5.395602e-05,5.395602e-05,-0.48787445,-0.48787126,0.9758353,3.122673,0.13165257324222804
1.0,0.011363376076180012,-2.1364942e-06,-2.1364942e-06,-5.4485725e-05,-5.4485725e-05,-0.48797262,-0.48797578,0.97583526,3.122673,0.1316830453873086
1.0,0.011373376076180013,-0.000120189834,-0.000120189834,5.3962234e-05,5.3962234e-05,-0.48787442,-0.48787126,0.9758353,3.1226733,0.13171351753715754
1.0,0.011383376076180013,-2.1686249e-06,-2.1686249e-06,-5.449195e-05,-5.449195e-05,-0.48797262,-0.48797578,0.97583526,3.1226733,0.13174398968462228
1.0,0.011393376076180012,-0.00012015756,-0.00012015756,5.3968462e-05,5.3968462e-05,-0.48787442,-0.48787126,0.9758353,3.1226728,0.13177446182970284
1.0,0.011403376076180012,-2.2006839e-06,-2.2006839e-06,-5.4498192e-05,-5.4498192e-05,-0.48797262,-0.48797578,0.97583526,3.1226728,0.13180493397239923
1.0,0.011413376076180011,-0.00012012537,-0.00012012537,5.3974705e-05,5.3974705e-05,-0.48787442,-0.48787123,0.9758353,3.122673,0.131835406119864
1.0,0.011423376076180013,-2.2326717e-06,-2.2326717e-06,-5.4504446e-05,-5.4504446e-05,-0.48797262,-0.4879758,0.9758353,3.122673,0.13186587826732876
1.0,0.011433376076180012,-0.000120093246,-0.000120093246,5.3980963e-05,5.3980963e-05,-0.48787442,-0.48787123,0.9758353,3.122673,0.1318963504147935
1.0,0.011443376076180012,-2.2645886e-06,-2.2645886e-06,-5.4510714e-05,-5.4510714e-05,-0.48797262,-0.4879758,0.9758353,3.1226728,0.13192682255987406
1.0,0.011453376076180011,-0.0001200612,-0.0001200612,5.3987234e-05,5.3987234e-05,-0.4878744,-0.48787123,0.9758353,3.1226733,0.131957294709723
1.0,0.011463376076180013,-2.2964357e-06,-2.2964357e-06,-5.4516993e-05,-5.4516993e-05,-0.48797262,-0.4879758,0.9758353,3.122673,0.13198776685718777
1.0,0.011473376076180012,-0.00012002924,-0.00012002924,5.399352e-05,5.399352e-05,-0.4878744,-0.48787123,0.9758353,3.1226728,0.13201823900226833
1.0,0.011483376076180012,-2.3282132e-06,-2.3282132e-06,-5.4523287e-05,-5.4523287e-05,-0.48797265,-0.4879758,0.9758353,3.1226733,0.13204871115211728
1.0,0.011493376076180012,-0.00011999734,-0.00011999734,5.399982e-05,5.399982e-05,-0.4878744,-0.48787123,0.9758353,3.122673,0.13207918329958204
1.0,0.011503376076180013,-2.3599218e-06,-2.3599218e-06,-5.4529595e-05,-5.4529595e-05,-0.48797265,-0.4879758,0.9758353,3.1226728,0.1321096554446626
1.0,0.011513376076180012,-0.000119965516,-0.000119965516,5.4006126e-05,5.4006126e-05,-0.4878744,-0.4878712,0.9758353,3.122673,0.13214012759212734
1.0,0.011523376076180012,-2.3915618e-06,-2.3915618e-06,-5.453591e-05,-5.453591e-05,-0.48797265,-0.4879758,0.9758353,3.122673,0.13217059973959208
1.0,0.011533376076180012,-0.000119933764,-0.000119933764,5.4012446e-05,5.4012446e-05,-0.4878744,-0.4878712,0.9758353,3.1226733,0.13220107188944102
1.0,0.011543376076180013,-2.423134e-06,-2.423134e-06,-5.454224e-05,-5.454224e-05,-0.48797265,-0.48797584,0.9758353,3.1226728,0.1322315440345216
1.0,0.011553376076180013,-0.00011990209,-0.00011990209,5.4018776e-05,5.4018776e-05,-0.48787436,-0.4878712,0.9758353,3.1226728,0.13226201617960215
1.0,0.011563376076180012,-2.4546387e-06,-2.4546387e-06,-5.454858e-05,-5.454858e-05,-0.48797265,-0.48797584,0.9758353,3.122673,0.1322924883270669
1.0,0.011573376076180012,-0.00011987048,-0.00011987048,5.4025113e-05,5.4025113e-05,-0.48787436,-0.4878712,0.9758353,3.122673,0.13232296047453163
1.0,0.011583376076180011,-2.4860765e-06,-2.4860765e-06,-5.4554923e-05,-5.4554923e-05,-0.48797268,-0.48797584,0.9758353,3.1226728,0.1323534326196122
1.0,0.011593376076180013,-0.000119838944,-0.000119838944,5.4031465e-05,5.4031465e-05,-0.48787436,-0.48787117,0.9758353,3.122673,0.13238390476707695
1.0,0.011603376076180012,-2.5174477e-06,-2.5174477e-06,-5.4561282e-05,-5.4561282e-05,-0.48797268,-0.48797584,0.9758353,3.122673,0.1324143769145417
1.0,0.011613376076180012,-0.000119807475,-0.000119807475,5.403782e-05,5.403782e-05,-0.48787436,-0.48787117,0.9758353,3.1226733,0.13244484906439064
1.0,0.011623376076180011,-2.548753e-06,-2.548753e-06,-5.4567645e-05,-5.4567645e-05,-0.48797268,-0.48797584,0.9758353,3.1226728,0.1324753212094712
1.0,0.011633376076180013,-0.00011977608,-0.00011977608,5.4044187e-05,5.4044187e-05,-0.48787433,-0.48787117,0.9758353,3.1226728,0.13250579335455176
1.0,0.011643376076180012,-2.5799925e-06,-2.5799925e-06,-5.457402e-05,-5.457402e-05,-0.48797268,-0.48797587,0.9758353,3.122673,0.1325362655020165
1.0,0.011653376076180012,-0.00011974475,-0.00011974475,5.405056e-05,5.405056e-05,-0.48787433,-0.48787117,0.9758353,3.122673,0.13256673764948124
1.0,0.011663376076180012,-2.611167e-06,-2.611167e-06,-5.4580396e-05,-5.4580396e-05,-0.48797268,-0.48797587,0.9758353,3.1226728,0.1325972097945618
1.0,0.011673376076180013,-0.000119713484,-0.000119713484,5.405694e-05,5.405694e-05,-0.48787433,-0.48787117,0.9758353,3.122673,0.13262768194202657
1.0,0.011683376076180012,-2.642277e-06,-2.642277e-06,-5.4586784e-05,-5.4586784e-05,-0.48797268,-0.48797587,0.9758353,3.1226733,0.1326581540918755
1.0,0.011693376076180012,-0.00011968229,-0.00011968229,5.406333e-05,5.406333e-05,-0.48787433,-0.48787114,0.9758353,3.122673,0.13268862623934025
1.0,0.011703376076180012,-2.6733223e-06,-2.6733223e-06,-5.4593176e-05,-5.4593176e-05,-0.4879727,-0.48797587,0.9758353,3.122673,0.132719098386805
1.0,0.011713376076180013,-0.000119651166,-0.000119651166,5.4069726e-05,5.4069726e-05,-0.48787433,-0.48787114,0.9758353,3.1226733,0.13274957053665395
1.0,0.011723376076180013,-2.704304e-06,-2.704304e-06,-5.459958e-05,-5.459958e-05,-0.4879727,-0.48797587,0.9758353,3.1226728,0.13278004268173452
1.0,0.011733376076180012,-0.000119620105,-0.000119620105,5.4076125e-05,5.4076125e-05,-0.4878743,-0.48787114,0.9758353,3.1226728,0.13281051482681508
1.0,0.011743376076180012,-2.7352226e-06,-2.7352226e-06,-5.4605982e-05,-5.4605982e-05,-0.4879727,-0.48797587,0.9758353,3.122673,0.13284098697427982
1.0,0.011753376076180011,-0.00011958912,-0.00011958912,5.408253e-05,5.408253e-05,-0.4878743,-0.48787114,0.9758353,3.122673,0.13287145912174458
1.0,0.011763376076180013,-2.7660776e-06,-2.7660776e-06,-5.4612392e-05,-5.4612392e-05,-0.4879727,-0.4879759,0.9758353,3.1226728,0.13290193126682515
1.0,0.011773376076180012,-0.000119558186,-0.000119558186,5.408894e-05,5.408894e-05,-0.4878743,-0.4878711,0.9758353,3.122673,0.13293240341428988
1.0,0.011783376076180012,-2.7968704e-06,-2.7968704e-06,-5.461881e-05,-5.461881e-05,-0.4879727,-0.4879759,0.9758353,3.122673,0.13296287556175462
1.0,0.011793376076180011,-0.00011952732,-0.00011952732,5.4095355e-05,5.4095355e-05,-0.4878743,-0.4878711,0.9758353,3.122673,0.1329933477092194
1.0,0.011803376076180013,-2.8276006e-06,-2.8276006e-06,-5.4625227e-05,-5.4625227e-05,-0.4879727,-0.4879759,0.9758353,3.122673,0.13302381985668416
1.0,0.011813376076180012,-0.00011949653,-0.00011949653,5.4101776e-05,5.4101776e-05,-0.4878743,-0.4878711,0.9758353,3.1226733,0.1330542920065331
1.0,0.011823376076180012,-2.8582692e-06,-2.8582692e-06,-5.463165e-05,-5.463165e-05,-0.48797274,-0.4879759,0.9758353,3.1226728,0.13308476415161366
1.0,0.011833376076180012,-0.000119465796,-0.000119465796,5.41082e-05,5.41082e-05,-0.48787427,-0.4878711,0.9758353,3.1226733,0.1331152363014626
1.0,0.011843376076180013,-2.8888762e-06,-2.8888762e-06,-5.463808e-05,-5.463808e-05,-0.48797274,-0.4879759,0.9758353,3.122673,0.13314570844892737
1.0,0.011853376076180012,-0.00011943513,-0.00011943513,5.4114626e-05,5.4114626e-05,-0.48787427,-0.4878711,0.9758353,3.1226733,0.1331761805987763
1.0,0.011863376076180012,-2.919422e-06,-2.919422e-06,-5.4644508e-05,-5.4644508e-05,-0.48797274,-0.4879759,0.9758353,3.122673,0.13320665274624105
1.0,0.011873376076180012,-0.00011940452,-0.00011940452,5.4121057e-05,5.4121057e-05,-0.48787427,-0.48787108,0.9758353,3.1226728,0.1332371248913216
1.0,0.011883376076180013,-2.9499074e-06,-2.9499074e-06,-5.4650944e-05,-5.4650944e-05,-0.48797274,-0.48797593,0.9758353,3.1226733,0.13326759704117055
1.0,0.011893376076180013,-0.00011937397,-0.00011937397,5.412749e-05,5.412749e-05,-0.48787427,-0.48787108,0.9758353,3.122673,0.1332980691886353
1.0,0.011903376076180012,-2.980332e-06,-2.980332e-06,-5.465738e-05,-5.465738e-05,-0.48797274,-0.48797593,0.9758353,3.122673,0.13332854133610003
1.0,0.011913376076180012,-0.000119343495,-0.000119343495,5.4133925e-05,5.4133925e-05,-0.48787427,-0.48787108,0.9758353,3.122673,0.13335901348356477
1.0,0.011923376076180011,-3.010697e-06,-3.010697e-06,-5.466382e-05,-5.466382e-05,-0.48797274,-0.48797593,0.9758353,3.122673,0.13338948563102954
1.0,0.011933376076180013,-0.00011931308,-0.00011931308,5.4140364e-05,5.4140364e-05,-0.48787424,-0.48787108,0.9758353,3.122673,0.1334199577784943
1.0,0.011943376076180012,-3.041002e-06,-3.041002e-06,-5.467026e-05,-5.467026e-05,-0.48797277,-0.48797593,0.9758353,3.1226728,0.13345042992357486
1.0,0.011953376076180012,-0.000119282726,-0.000119282726,5.4146807e-05,5.4146807e-05,-0.48787424,-0.48787108,0.9758353,3.1226733,0.1334809020734238
1.0,0.011963376076180011,-3.0712476e-06,-3.0712476e-06,-5.4676704e-05,-5.4676704e-05,-0.48797277,-0.48797593,0.9758353,3.122673,0.13351137422088857
1.0,0.011973376076180013,-0.00011925243,-0.00011925243,5.4153246e-05,5.4153246e-05,-0.48787424,-0.48787105,0.9758353,3.1226733,0.13354184637073752
1.0,0.011983376076180012,-3.1014345e-06,-3.1014345e-06,-5.4683147e-05,-5.4683147e-05,-0.48797277,-0.48797593,0.9758353,3.122673,0.13357231851820225
1.0,0.011993376076180012,-0.0001192222,-0.0001192222,5.4159693e-05,5.4159693e-05,-0.48787424,-0.48787105,0.9758353,3.1226733,0.1336027906680512
1.0,0.012003376076180012,-3.1315626e-06,-3.1315626e-06,-5.4689594e-05,-5.4689594e-05,-0.48797277,-0.48797596,0.9758353,3.1226728,0.13363326281313176
1.0,0.012013376076180013,-0.000119192024,-0.000119192024,5.4166136e-05,5.4166136e-05,-0.48787424,-0.48787105,0.9758353,3.1226733,0.1336637349629807
1.0,0.012023376076180013,-3.1616325e-06,-3.1616325e-06,-5.469604e-05,-5.469604e-05,-0.48797277,-0.48797596,0.9758353,3.1226733,0.13369420711282964
1.0,0.012033376076180012,-0.00011916191,-0.00011916191,5.4172582e-05,5.4172582e-05,-0.4878742,-0.48787105,0.9758353,3.1226733,0.1337246792626786
1.0,0.012043376076180012,-3.1916443e-06,-3.1916443e-06,-5.470249e-05,-5.470249e-05,-0.48797277,-0.48797596,0.9758353,3.122673,0.13375515141014332
1.0,0.012053376076180011,-0.00011913186,-0.00011913186,5.417903e-05,5.417903e-05,-0.4878742,-0.48787105,0.9758354,3.122673,0.1337856235576081
1.0,0.012063376076180013,-3.2215985e-06,-3.2215985e-06,-5.4708937e-05,-5.4708937e-05,-0.4879728,-0.48797596,0.9758353,3.122673,0.13381609570507286
1.0,0.012073376076180012,-0.00011910186,-0.00011910186,5.4185475e-05,5.4185475e-05,-0.4878742,-0.48787102,0.9758354,3.122673,0.1338465678525376
1.0,0.012083376076180012,-3.2514952e-06,-3.2514952e-06,-5.4715387e-05,-5.4715387e-05,-0.4879728,-0.48797596,0.9758353,3.1226728,0.13387703999761816
1.0,0.012093376076180011,-0.00011907193,-0.00011907193,5.419192e-05,5.419192e-05,-0.4878742,-0.48787102,0.9758354,3.122673,0.13390751214508292
1.0,0.012103376076180013,-3.281335e-06,-3.281335e-06,-5.4721833e-05,-5.4721833e-05,-0.4879728,-0.48797596,0.9758353,3.1226733,0.13393798429493187
1.0,0.012113376076180012,-0.00011904205,-0.00011904205,5.4198368e-05,5.4198368e-05,-0.4878742,-0.48787102,0.9758354,3.122673,0.1339684564423966
1.0,0.012123376076180012,-3.311118e-06,-3.311118e-06,-5.4728283e-05,-5.4728283e-05,-0.4879728,-0.48797598,0.9758353,3.122673,0.13399892858986134
1.0,0.012133376076180011,-0.000119012235,-0.000119012235,5.420482e-05,5.420482e-05,-0.48787418,-0.48787102,0.9758354,3.122673,0.1340294007373261
1.0,0.012143376076180013,-3.3408446e-06,-3.3408446e-06,-5.473473e-05,-5.473473e-05,-0.4879728,-0.48797598,0.9758353,3.122673,0.13405987288479088
1.0,0.012153376076180012,-0.000118982476,-0.000118982476,5.4211265e-05,5.4211265e-05,-0.48787418,-0.48787102,0.9758354,3.122673,0.13409034503225561
1.0,0.012163376076180012,-3.3705153e-06,-3.3705153e-06,-5.474118e-05,-5.474118e-05,-0.4879728,-0.48797598,0.9758353,3.122673,0.13412081717972035
1.0,0.012173376076180012,-0.000118952776,-0.000118952776,5.4217708e-05,5.4217708e-05,-0.48787418,-0.487871,0.9758354,3.122673,0.13415128932718512
1.0,0.012183376076180013,-3.40013e-06,-3.40013e-06,-5.4747627e-05,-5.4747627e-05,-0.4879728,-0.48797598,0.9758353,3.1226728,0.13418176147226568
1.0,0.012193376076180013,-0.000118923126,-0.000118923126,5.4224154e-05,5.4224154e-05,-0.48787418,-0.487871,0.9758354,3.122673,0.13421223361973042
1.0,0.012203376076180012,-3.4296893e-06,-3.4296893e-06,-5.4754073e-05,-5.4754073e-05,-0.48797283,-0.48797598,0.9758353,3.1226733,0.13424270576957936
1.0,0.012213376076180012,-0.00011889354,-0.00011889354,5.4230597e-05,5.4230597e-05,-0.48787418,-0.487871,0.9758354,3.1226733,0.1342731779194283
1.0,0.012223376076180011,-3.4591933e-06,-3.4591933e-06,-5.4760516e-05,-5.4760516e-05,-0.48797283,-0.48797598,0.9758353,3.122673,0.13430365006689307
1.0,0.012233376076180013,-0.00011886401,-0.00011886401,5.4237044e-05,5.4237044e-05,-0.48787415,-0.487871,0.9758354,3.1226733,0.134334122216742
1.0,0.012243376076180012,-3.4886425e-06,-3.4886425e-06,-5.4766962e-05,-5.4766962e-05,-0.48797283,-0.48797598,0.9758353,3.122673,0.13436459436420675
1.0,0.012253376076180012,-0.000118834534,-0.000118834534,5.4243483e-05,5.4243483e-05,-0.48787415,-0.487871,0.9758354,3.1226733,0.1343950665140557
1.0,0.012263376076180011,-3.518037e-06,-3.518037e-06,-5.4773405e-05,-5.4773405e-05,-0.48797283,-0.487976,0.9758353,3.122673,0.13442553866152046
1.0,0.012273376076180013,-0.00011880512,-0.00011880512,5.4249926e-05,5.4249926e-05,-0.48787415,-0.487871,0.9758354,3.1226733,0.1344560108113694
1.0,0.012283376076180012,-3.5473772e-06,-3.5473772e-06,-5.4779845e-05,-5.4779845e-05,-0.48797283,-0.487976,0.9758353,3.122673,0.13448648295883414
1.0,0.012293376076180012,-0.00011877575,-0.00011877575,5.425636e-05,5.425636e-05,-0.48787415,-0.48787096,0.9758354,3.1226733,0.13451695510868308
1.0,0.012303376076180012,-3.5766634e-06,-3.5766634e-06,-5.4786284e-05,-5.4786284e-05,-0.48797283,-0.487976,0.9758353,3.1226728,0.13454742725376365
1.0,0.012313376076180013,-0.000118746444,-0.000118746444,5.42628e-05,5.42628e-05,-0.48787415,-0.48787096,0.9758354,3.1226733,0.1345778994036126
1.0,0.012323376076180012,-3.6058957e-06,-3.6058957e-06,-5.479272e-05,-5.479272e-05,-0.48797286,-0.487976,0.9758353,3.1226733,0.13460837155346153
1.0,0.012333376076180012,-0.000118717195,-0.000118717195,5.4269236e-05,5.4269236e-05,-0.48787412,-0.48787096,0.9758354,3.1226733,0.13463884370331047
1.0,0.012343376076180012,-3.6350746e-06,-3.6350746e-06,-5.4799155e-05,-5.4799155e-05,-0.48797286,-0.487976,0.9758353,3.1226733,0.13466931585315942
1.0,0.012353376076180013,-0.000118687996,-0.000118687996,5.4275668e-05,5.4275668e-05,-0.48787412,-0.48787096,0.9758354,3.1226733,0.13469978800300836
1.0,0.012363376076180013,-3.6642002e-06,-3.6642002e-06,-5.480559e-05,-5.480559e-05,-0.48797286,-0.487976,0.9758353,3.1226733,0.1347302601528573
1.0,0.012373376076180012,-0.00011865885,-0.00011865885,5.42821e-05,5.42821e-05,-0.48787412,-0.48787096,0.9758354,3.1226733,0.13476073230270624
1.0,0.012383376076180012,-3.6932731e-06,-3.6932731e-06,-5.481202e-05,-5.481202e-05,-0.48797286,-0.48797604,0.9758353,3.122673,0.13479120445017098
1.0,0.012393376076180011,-0.00011862976,-0.00011862976,5.428853e-05,5.428853e-05,-0.48787412,-0.48787093,0.9758354,3.1226733,0.13482167660001992
1.0,0.012403376076180013,-3.722293e-06,-3.722293e-06,-5.4818447e-05,-5.4818447e-05,-0.48797286,-0.48797604,0.9758353,3.122673,0.1348521487474847
1.0,0.012413376076180012,-0.00011860072,-0.00011860072,5.4294953e-05,5.4294953e-05,-0.48787412,-0.48787093,0.9758354,3.1226733,0.13488262089733363
1.0,0.012423376076180012,-3.751261e-06,-3.751261e-06,-5.482487e-05,-5.482487e-05,-0.48797286,-0.48797604,0.9758353,3.122673,0.13491309304479837
1.0,0.012433376076180011,-0.00011857174,-0.00011857174,5.4301378e-05,5.4301378e-05,-0.48787412,-0.48787093,0.9758354,3.1226733,0.1349435651946473
1.0,0.012443376076180013,-3.7801765e-06,-3.7801765e-06,-5.4831296e-05,-5.4831296e-05,-0.4879729,-0.48797604,0.9758353,3.122673,0.13497403734211208
1.0,0.012453376076180012,-0.00011854281,-0.00011854281,5.4307795e-05,5.4307795e-05,-0.4878741,-0.48787093,0.9758354,3.1226733,0.13500450949196102
1.0,0.012463376076180012,-3.8090402e-06,-3.8090402e-06,-5.4837717e-05,-5.4837717e-05,-0.4879729,-0.48797604,0.9758353,3.122673,0.13503498163942576
1.0,0.012473376076180012,-0.00011851393,-0.00011851393,5.4314212e-05,5.4314212e-05,-0.4878741,-0.48787093,0.9758354,3.1226733,0.1350654537892747
1.0,0.012483376076180013,-3.837852e-06,-3.837852e-06,-5.4844135e-05,-5.4844135e-05,-0.4879729,-0.48797604,0.9758353,3.1226728,0.13509592593435527
1.0,0.012493376076180012,-0.00011848511,-0.00011848511,5.432063e-05,5.432063e-05,-0.4878741,-0.4878709,0.9758354,3.1226733,0.1351263980842042
1.0,0.012503376076180012,-3.866613e-06,-3.866613e-06,-5.485055e-05,-5.485055e-05,-0.4879729,-0.48797607,0.9758353,3.1226728,0.13515687022928477
1.0,0.012513376076180012,-0.00011845634,-0.00011845634,5.432704e-05,5.432704e-05,-0.4878741,-0.4878709,0.9758354,3.122673,0.13518734237674954
1.0,0.012523376076180013,-3.8953226e-06,-3.8953226e-06,-5.485696e-05,-5.485696e-05,-0.4879729,-0.48797607,0.9758353,3.1226733,0.13521781452659848
1.0,0.012533376076180013,-0.00011842762,-0.00011842762,5.433345e-05,5.433345e-05,-0.4878741,-0.4878709,0.9758354,3.122673,0.13524828667406322
1.0,0.012543376076180012,-3.9239817e-06,-3.9239817e-06,-5.4863365e-05,-5.4863365e-05,-0.4879729,-0.48797607,0.9758353,3.1226733,0.13527875882391216
1.0,0.012553376076180012,-0.00011839895,-0.00011839895,5.4339853e-05,5.4339853e-05,-0.48787406,-0.4878709,0.9758354,3.122673,0.1353092309713769
1.0,0.012563376076180011,-3.95259e-06,-3.95259e-06,-5.486977e-05,-5.486977e-05,-0.4879729,-0.48797607,0.9758353,3.1226733,0.13533970312122584
1.0,0.012573376076180013,-0.000118370335,-0.000118370335,5.4346256e-05,5.4346256e-05,-0.48787406,-0.4878709,0.9758354,3.122673,0.1353701752686906
1.0,0.012583376076180012,-3.9811475e-06,-3.9811475e-06,-5.487617e-05,-5.487617e-05,-0.48797292,-0.48797607,0.9758353,3.1226733,0.13540064741853955
1.0,0.012593376076180012,-0.00011834177,-0.00011834177,5.4352655e-05,5.4352655e-05,-0.48787406,-0.4878709,0.9758354,3.122673,0.1354311195660043
1.0,0.012603376076180011,-4.0096556e-06,-4.0096556e-06,-5.488257e-05,-5.488257e-05,-0.48797292,-0.48797607,0.9758353,3.1226733,0.13546159171585323
1.0,0.012613376076180013,-0.000118313255,-0.000118313255,5.4359047e-05,5.4359047e-05,-0.48787406,-0.48787087,0.9758354,3.122673,0.135492063863318
1.0,0.012623376076180012,-4.0381137e-06,-4.0381137e-06,-5.4888962e-05,-5.4888962e-05,-0.48797292,-0.48797607,0.9758353,3.1226733,0.13552253601316694
1.0,0.012633376076180012,-0.00011828479,-0.00011828479,5.436544e-05,5.436544e-05,-0.48787406,-0.48787087,0.9758354,3.122673,0.13555300816063168
1.0,0.012643376076180012,-4.0665223e-06,-4.0665223e-06,-5.4895354e-05,-5.4895354e-05,-0.48797292,-0.4879761,0.9758353,3.1226733,0.13558348031048062
1.0,0.012653376076180013,-0.00011825638,-0.00011825638,5.4371827e-05,5.4371827e-05,-0.48787406,-0.48787087,0.9758354,3.1226735,0.13561395246271374
1.0,0.012663376076180012,-4.094881e-06,-4.094881e-06,-5.490174e-05,-5.490174e-05,-0.48797292,-0.4879761,0.9758353,3.1226733,0.13564442461256268
1.0,0.012673376076180012,-0.00011822801,-0.00011822801,5.4378208e-05,5.4378208e-05,-0.48787403,-0.48787087,0.9758354,3.1226733,0.13567489676241162
1.0,0.012683376076180012,-4.123191e-06,-4.123191e-06,-5.490812e-05,-5.490812e-05,-0.48797292,-0.4879761,0.9758353,3.1226733,0.13570536891226057
1.0,0.012693376076180011,-0.0001181997,-0.0001181997,5.438459e-05,5.438459e-05,-0.48787403,-0.48787087,0.9758354,3.1226733,0.1357358410621095
1.0,0.012703376076180013,-4.1514522e-06,-4.1514522e-06,-5.49145e-05,-5.49145e-05,-0.48797292,-0.4879761,0.9758353,3.1226733,0.13576631321195845
1.0,0.012713376076180012,-0.00011817143,-0.00011817143,5.4390963e-05,5.4390963e-05,-0.48787403,-0.48787087,0.9758354,3.1226733,0.1357967853618074
1.0,0.012723376076180012,-4.1796648e-06,-4.1796648e-06,-5.4920874e-05,-5.4920874e-05,-0.48797294,-0.4879761,0.9758353,3.1226733,0.13582725751165634
1.0,0.012733376076180011,-0.000118143216,-0.000118143216,5.4397336e-05,5.4397336e-05,-0.48787403,-0.48787084,0.9758354,3.1226733,0.13585772966150528
1.0,0.012743376076180013,-4.2078286e-06,-4.2078286e-06,-5.4927244e-05,-5.4927244e-05,-0.48797294,-0.4879761,0.9758353,3.1226733,0.13588820181135422
1.0,0.012753376076180012,-0.00011811505,-0.00011811505,5.4403703e-05,5.4403703e-05,-0.48787403,-0.48787084,0.9758354,3.1226733,0.13591867396120316
1.0,0.012763376076180012,-4.2359447e-06,-4.2359447e-06,-5.493361e-05,-5.493361e-05,-0.48797294,-0.48797613,0.9758353,3.1226733,0.1359491461110521
1.0,0.012773376076180011,-0.00011808694,-0.00011808694,5.4410066e-05,5.4410066e-05,-0.48787403,-0.48787084,0.9758354,3.122673,0.13597961825851687
1.0,0.012783376076180013,-4.2640127e-06,-4.2640127e-06,-5.493997e-05,-5.493997e-05,-0.48797294,-0.48797613,0.9758353,3.1226733,0.1360100904083658
1.0,0.012793376076180012,-0.000118058866,-0.000118058866,5.4416425e-05,5.4416425e-05,-0.487874,-0.48787084,0.9758354,3.122673,0.13604056255583055
1.0,0.012803376076180012,-4.292033e-06,-4.292033e-06,-5.494633e-05,-5.494633e-05,-0.48797294,-0.48797613,0.9758353,3.1226733,0.1360710347056795
1.0,0.012813376076180012,-0.000118030846,-0.000118030846,5.442278e-05,5.442278e-05,-0.487874,-0.48787084,0.9758354,3.122673,0.13610150685314426
1.0,0.012823376076180013,-4.3200057e-06,-4.3200057e-06,-5.495268e-05,-5.495268e-05,-0.48797294,-0.48797613,0.9758353,3.1226733,0.1361319790029932
1.0,0.012833376076180012,-0.00011800288,-0.00011800288,5.442913e-05,5.442913e-05,-0.487874,-0.4878708,0.9758354,3.122673,0.13616245115045794
1.0,0.012843376076180012,-4.3479313e-06,-4.3479313e-06,-5.495903e-05,-5.495903e-05,-0.48797297,-0.48797613,0.9758353,3.1226728,0.1361929232955385
1.0,0.012853376076180012,-0.00011797495,-0.00011797495,5.4435477e-05,5.4435477e-05,-0.487874,-0.4878708,0.9758354,3.1226733,0.13622339544538745
1.0,0.012863376076180011,-4.37581e-06,-4.37581e-06,-5.4965374e-05,-5.4965374e-05,-0.48797297,-0.48797613,0.9758353,3.1226728,0.136253867590468
1.0,0.012873376076180013,-0.00011794707,-0.00011794707,5.4441818e-05,5.4441818e-05,-0.487874,-0.4878708,0.9758354,3.1226733,0.13628433974031695
1.0,0.012883376076180012,-4.403642e-06,-4.403642e-06,-5.4971715e-05,-5.4971715e-05,-0.48797297,-0.48797613,0.9758353,3.122673,0.1363148118877817
1.0,0.012893376076180012,-0.00011791924,-0.00011791924,5.444815e-05,5.444815e-05,-0.487874,-0.4878708,0.9758354,3.1226733,0.13634528403763063
1.0,0.012903376076180011,-4.431427e-06,-4.431427e-06,-5.497805e-05,-5.497805e-05,-0.48797297,-0.48797616,0.9758353,3.122673,0.1363757561850954
1.0,0.012913376076180013,-0.00011789146,-0.00011789146,5.4454486e-05,5.4454486e-05,-0.48787397,-0.4878708,0.9758354,3.1226733,0.13640622833494434
1.0,0.012923376076180012,-4.4591657e-06,-4.4591657e-06,-5.498438e-05,-5.498438e-05,-0.48797297,-0.48797616,0.9758353,3.122673,0.13643670048240908
1.0,0.012933376076180012,-0.000117863725,-0.000117863725,5.4460812e-05,5.4460812e-05,-0.48787397,-0.4878708,0.9758354,3.122673,0.13646717262987382
1.0,0.012943376076180011,-4.4868584e-06,-4.4868584e-06,-5.4990705e-05,-5.4990705e-05,-0.48797297,-0.48797616,0.9758353,3.122673,0.13649764477733858
1.0,0.012953376076180013,-0.00011783603,-0.00011783603,5.4467135e-05,5.4467135e-05,-0.48787397,-0.48787078,0.9758354,3.122673,0.13652811692480335
1.0,0.012963376076180012,-4.5145052e-06,-4.5145052e-06,-5.4997025e-05,-5.4997025e-05,-0.48797297,-0.48797616,0.9758353,3.122673,0.1365585890722681
1.0,0.012973376076180012,-0.00011780839,-0.00011780839,5.4473454e-05,5.4473454e-05,-0.48787397,-0.48787078,0.9758354,3.122673,0.13658906121973283
1.0,0.012983376076180012,-4.5421066e-06,-4.5421066e-06,-5.500334e-05,-5.500334e-05,-0.487973,-0.48797616,0.9758353,3.1226733,0.13661953336958177
1.0,0.012993376076180013,-0.00011778079,-0.00011778079,5.4479766e-05,5.4479766e-05,-0.48787397,-0.48787078,0.9758354,3.1226733,0.1366500055194307
1.0,0.013003376076180012,-4.569662e-06,-4.569662e-06,-5.5009652e-05,-5.5009652e-05,-0.487973,-0.48797616,0.9758353,3.1226733,0.13668047766927965
1.0,0.013013376076180012,-0.00011775324,-0.00011775324,5.4486074e-05,5.4486074e-05,-0.48787397,-0.48787078,0.9758354,3.1226733,0.1367109498191286
1.0,0.013023376076180012,-4.5971724e-06,-4.5971724e-06,-5.501596e-05,-5.501596e-05,-0.487973,-0.48797616,0.9758353,3.1226733,0.13674142196897754
1.0,0.013033376076180011,-0.000117725736,-0.000117725736,5.4492375e-05,5.4492375e-05,-0.48787394,-0.48787078,0.9758354,3.1226733,0.13677189411882648
1.0,0.013043376076180013,-4.6246378e-06,-4.6246378e-06,-5.502226e-05,-5.502226e-05,-0.487973,-0.4879762,0.9758353,3.1226733,0.13680236626867542
1.0,0.013053376076180012,-0.00011769828,-0.00011769828,5.4498676e-05,5.4498676e-05,-0.48787394,-0.48787078,0.9758354,3.122673,0.13683283841614016
1.0,0.013063376076180012,-4.652058e-06,-4.652058e-06,-5.5028555e-05,-5.5028555e-05,-0.487973,-0.4879762,0.9758353,3.1226728,0.13686331056122072
1.0,0.013073376076180011,-0.00011767086,-0.00011767086,5.450497e-05,5.450497e-05,-0.48787394,-0.48787075,0.9758354,3.122673,0.1368937827086855
1.0,0.013083376076180013,-4.679434e-06,-4.679434e-06,-5.503485e-05,-5.503485e-05,-0.487973,-0.4879762,0.9758353,3.122673,0.13692425485615026
1.0,0.013093376076180012,-0.000117643496,-0.000117643496,5.4511256e-05,5.4511256e-05,-0.48787394,-0.48787075,0.9758354,3.1226735,0.13695472700838338
1.0,0.013103376076180012,-4.706765e-06,-4.706765e-06,-5.5041135e-05,-5.5041135e-05,-0.487973,-0.4879762,0.9758353,3.122673,0.13698519915584811
1.0,0.013113376076180011,-0.00011761617,-0.00011761617,5.451754e-05,5.451754e-05,-0.48787394,-0.48787075,0.9758354,3.1226733,0.13701567130569706
1.0,0.013123376076180013,-4.7340523e-06,-4.7340523e-06,-5.5047414e-05,-5.5047414e-05,-0.48797303,-0.4879762,0.9758353,3.122673,0.13704614345316182
1.0,0.013133376076180012,-0.00011758889,-0.00011758889,5.4523818e-05,5.4523818e-05,-0.48787394,-0.48787075,0.9758354,3.1226733,0.13707661560301077
1.0,0.013143376076180012,-4.7612953e-06,-4.7612953e-06,-5.505369e-05,-5.505369e-05,-0.48797303,-0.4879762,0.9758353,3.1226733,0.1371070877528597
1.0,0.013153376076180012,-0.00011756165,-0.00011756165,5.453009e-05,5.453009e-05,-0.4878739,-0.48787075,0.9758354,3.122673,0.13713755990032447
1.0,0.013163376076180013,-4.7884946e-06,-4.7884946e-06,-5.505996e-05,-5.505996e-05,-0.48797303,-0.48797622,0.9758353,3.1226733,0.13716803205017342
1.0,0.013173376076180012,-0.00011753446,-0.00011753446,5.453636e-05,5.453636e-05,-0.4878739,-0.48787075,0.9758354,3.122673,0.13719850419763815
1.0,0.013183376076180012,-4.8156503e-06,-4.8156503e-06,-5.5066226e-05,-5.5066226e-05,-0.48797303,-0.48797622,0.9758353,3.1226733,0.1372289763474871
1.0,0.013193376076180012,-0.00011750731,-0.00011750731,5.454262e-05,5.454262e-05,-0.4878739,-0.48787072,0.9758354,3.1226735,0.13725944849972022
1.0,0.013203376076180011,-4.8427623e-06,-4.8427623e-06,-5.5072487e-05,-5.5072487e-05,-0.48797303,-0.48797622,0.9758353,3.1226728,0.13728992064480078
1.0,0.013213376076180013,-0.00011748021,-0.00011748021,5.4548877e-05,5.4548877e-05,-0.4878739,-0.48787072,0.9758354,3.1226733,0.13732039279464972
1.0,0.013223376076180012,-4.869831e-06,-4.869831e-06,-5.507874e-05,-5.507874e-05,-0.48797303,-0.48797622,0.9758353,3.122673,0.13735086494211446
1.0,0.013233376076180012,-0.00011745315,-0.00011745315,5.455513e-05,5.455513e-05,-0.4878739,-0.48787072,0.9758354,3.1226733,0.1373813370919634
1.0,0.013243376076180011,-4.8968573e-06,-4.8968573e-06,-5.508499e-05,-5.508499e-05,-0.48797303,-0.48797622,0.9758353,3.122673,0.13741180923942817
1.0,0.013253376076180013,-0.00011742613,-0.00011742613,5.4561377e-05,5.4561377e-05,-0.4878739,-0.48787072,0.9758354,3.122673,0.13744228138689293
1.0,0.013263376076180012,-4.9238406e-06,-4.9238406e-06,-5.5091237e-05,-5.5091237e-05,-0.48797306,-0.48797622,0.9758354,3.1226733,0.13747275353674188
1.0,0.013273376076180012,-0.000117399155,-0.000117399155,5.456762e-05,5.456762e-05,-0.48787388,-0.48787072,0.9758354,3.122673,0.13750322568420661
1.0,0.013283376076180011,-4.9507807e-06,-4.9507807e-06,-5.5097476e-05,-5.5097476e-05,-0.48797306,-0.48797622,0.9758354,3.1226733,0.13753369783405556
1.0,0.013293376076180013,-0.00011737223,-0.00011737223,5.4573855e-05,5.4573855e-05,-0.48787388,-0.48787072,0.9758354,3.1226733,0.1375641699839045
1.0,0.013303376076180012,-4.977679e-06,-4.977679e-06,-5.510371e-05,-5.510371e-05,-0.48797306,-0.48797625,0.9758354,3.1226733,0.13759464213375344
1.0,0.013313376076180012,-0.000117345335,-0.000117345335,5.4580083e-05,5.4580083e-05,-0.48787388,-0.4878707,0.9758354,3.1226733,0.13762511428360238
1.0,0.013323376076180012,-5.0045346e-06,-5.0045346e-06,-5.5109937e-05,-5.5109937e-05,-0.48797306,-0.48797625,0.9758354,3.122673,0.13765558643106712
1.0,0.013333376076180011,-0.00011731849,-0.00011731849,5.4586308e-05,5.4586308e-05,-0.48787388,-0.4878707,0.9758354,3.122673,0.1376860585785319
1.0,0.013343376076180012,-5.0313483e-06,-5.0313483e-06,-5.511616e-05,-5.511616e-05,-0.48797306,-0.48797625,0.9758354,3.122673,0.13771653072599666
1.0,0.013353376076180012,-0.00011729168,-0.00011729168,5.459253e-05,5.459253e-05,-0.48787388,-0.4878707,0.9758354,3.122673,0.1377470028734614
1.0,0.013363376076180012,-5.05812e-06,-5.05812e-06,-5.512238e-05,-5.512238e-05,-0.48797306,-0.48797625,0.9758354,3.1226733,0.13777747502331034
1.0,0.013373376076180011,-0.00011726492,-0.00011726492,5.4598742e-05,5.4598742e-05,-0.48787388,-0.4878707,0.9758354,3.1226733,0.13780794717315928
1.0,0.013383376076180013,-5.0848503e-06,-5.0848503e-06,-5.512859e-05,-5.512859e-05,-0.4879731,-0.48797625,0.9758354,3.1226733,0.13783841932300822
1.0,0.013393376076180012,-0.0001172382,-0.0001172382,5.4604952e-05,5.4604952e-05,-0.48787385,-0.4878707,0.9758354,3.1226733,0.13786889147285716
1.0,0.013403376076180012,-5.111539e-06,-5.111539e-06,-5.5134795e-05,-5.5134795e-05,-0.4879731,-0.48797625,0.9758354,3.1226733,0.1378993636227061
1.0,0.013413376076180011,-0.00011721152,-0.00011721152,5.4611155e-05,5.4611155e-05,-0.48787385,-0.4878707,0.9758354,3.122673,0.13792983577017087
1.0,0.013423376076180013,-5.138186e-06,-5.138186e-06,-5.5140998e-05,-5.5140998e-05,-0.4879731,-0.48797625,0.9758354,3.122673,0.13796030791763564
1.0,0.013433376076180012,-0.000117184885,-0.000117184885,5.4617354e-05,5.4617354e-05,-0.48787385,-0.48787066,0.9758354,3.1226735,0.13799078006986876
1.0,0.013443376076180012,-5.1647926e-06,-5.1647926e-06,-5.5147193e-05,-5.5147193e-05,-0.4879731,-0.48797628,0.9758354,3.122673,0.1380212522173335
1.0,0.013453376076180011,-0.00011715829,-0.00011715829,5.4623546e-05,5.4623546e-05,-0.48787385,-0.48787066,0.9758354,3.1226733,0.13805172436718244
1.0,0.013463376076180013,-5.191358e-06,-5.191358e-06,-5.515338e-05,-5.515338e-05,-0.4879731,-0.48797628,0.9758354,3.1226733,0.13808219651703138
1.0,0.013473376076180012,-0.000117131734,-0.000117131734,5.462973e-05,5.462973e-05,-0.48787385,-0.48787066,0.9758354,3.1226733,0.13811266866688032
1.0,0.013483376076180012,-5.2178825e-06,-5.2178825e-06,-5.5159566e-05,-5.5159566e-05,-0.4879731,-0.48797628,0.9758354,3.1226733,0.13814314081672927
1.0,0.013493376076180012,-0.00011710522,-0.00011710522,5.463591e-05,5.463591e-05,-0.48787385,-0.48787066,0.9758354,3.122673,0.138173612964194
1.0,0.013503376076180011,-5.2443665e-06,-5.2443665e-06,-5.5165747e-05,-5.5165747e-05,-0.4879731,-0.48797628,0.9758354,3.122673,0.13820408511165877
1.0,0.013513376076180013,-0.00011707875,-0.00011707875,5.464209e-05,5.464209e-05,-0.48787382,-0.48787066,0.9758354,3.1226733,0.1382345572615077
1.0,0.013523376076180012,-5.27081e-06,-5.27081e-06,-5.5171917e-05,-5.5171917e-05,-0.48797312,-0.48797628,0.9758354,3.122673,0.13826502940897245
1.0,0.013533376076180012,-0.00011705232,-0.00011705232,5.464826e-05,5.464826e-05,-0.48787382,-0.48787066,0.9758354,3.1226733,0.1382955015588214
1.0,0.013543376076180011,-5.2972136e-06,-5.2972136e-06,-5.5178087e-05,-5.5178087e-05,-0.48797312,-0.48797628,0.9758354,3.1226733,0.13832597370867034
1.0,0.013553376076180013,-0.00011702593,-0.00011702593,5.465442e-05,5.465442e-05,-0.48787382,-0.48787063,0.9758354,3.122673,0.1383564458561351
1.0,0.013563376076180012,-5.3235767e-06,-5.3235767e-06,-5.5184246e-05,-5.5184246e-05,-0.48797312,-0.48797628,0.9758354,3.1226733,0.13838691800598404
1.0,0.013573376076180012,-0.000116999574,-0.000116999574,5.466058e-05,5.466058e-05,-0.48787382,-0.48787063,0.9758354,3.1226735,0.13841739015821716
1.0,0.013583376076180011,-5.3499e-06,-5.3499e-06,-5.5190405e-05,-5.5190405e-05,-0.48797312,-0.4879763,0.9758354,3.122673,0.13844786230568193
1.0,0.013593376076180013,-0.000116973264,-0.000116973264,5.4666732e-05,5.4666732e-05,-0.48787382,-0.48787063,0.9758354,3.1226733,0.13847833445553087
1.0,0.013603376076180012,-5.376184e-06,-5.376184e-06,-5.5196553e-05,-5.5196553e-05,-0.48797312,-0.4879763,0.9758354,3.122673,0.1385088066029956
1.0,0.013613376076180012,-0.00011694699,-0.00011694699,5.467288e-05,5.467288e-05,-0.48787382,-0.48787063,0.9758354,3.122673,0.13853927875046035
1.0,0.013623376076180011,-5.4024285e-06,-5.4024285e-06,-5.5202698e-05,-5.5202698e-05,-0.48797312,-0.4879763,0.9758354,3.1226733,0.1385697509003093
1.0,0.013633376076180013,-0.00011692076,-0.00011692076,5.467902e-05,5.467902e-05,-0.4878738,-0.48787063,0.9758354,3.122673,0.13860022304777406
1.0,0.013643376076180012,-5.4286334e-06,-5.4286334e-06,-5.520884e-05,-5.520884e-05,-0.48797312,-0.4879763,0.9758354,3.1226733,0.138630695197623
1.0,0.013653376076180012,-0.00011689457,-0.00011689457,5.468516e-05,5.468516e-05,-0.4878738,-0.48787063,0.9758354,3.1226733,0.13866116734747194
1.0,0.013663376076180012,-5.4547995e-06,-5.4547995e-06,-5.5214972e-05,-5.5214972e-05,-0.48797315,-0.4879763,0.9758354,3.122673,0.13869163949493668
1.0,0.013673376076180011,-0.00011686841,-0.00011686841,5.469129e-05,5.469129e-05,-0.4878738,-0.48787063,0.9758354,3.1226733,0.13872211164478562
1.0,0.013683376076180013,-5.480926e-06,-5.480926e-06,-5.52211e-05,-5.52211e-05,-0.48797315,-0.4879763,0.9758354,3.1226733,0.13875258379463457
1.0,0.013693376076180012,-0.0001168423,-0.0001168423,5.469741e-05,5.469741e-05,-0.4878738,-0.4878706,0.9758354,3.122673,0.1387830559420993
1.0,0.013703376076180012,-5.5070145e-06,-5.5070145e-06,-5.522722e-05,-5.522722e-05,-0.48797315,-0.4879763,0.9758354,3.1226733,0.13881352809194825
1.0,0.013713376076180011,-0.00011681622,-0.00011681622,5.470353e-05,5.470353e-05,-0.4878738,-0.4878706,0.9758354,3.1226733,0.1388440002417972
1.0,0.013723376076180013,-5.533064e-06,-5.533064e-06,-5.5233337e-05,-5.5233337e-05,-0.48797315,-0.48797634,0.9758354,3.122673,0.13887447238926195
1.0,0.013733376076180012,-0.00011679019,-0.00011679019,5.4709642e-05,5.4709642e-05,-0.4878738,-0.4878706,0.9758354,3.1226733,0.1389049445391109
1.0,0.013743376076180012,-5.559075e-06,-5.559075e-06,-5.5239445e-05,-5.5239445e-05,-0.48797315,-0.48797634,0.9758354,3.122673,0.13893541668657564
1.0,0.013753376076180011,-0.00011676419,-0.00011676419,5.471575e-05,5.471575e-05,-0.4878738,-0.4878706,0.9758354,3.122673,0.1389658888340404
1.0,0.013763376076180013,-5.5850473e-06,-5.5850473e-06,-5.524555e-05,-5.524555e-05,-0.48797315,-0.48797634,0.9758354,3.1226733,0.13899636098388934
1.0,0.013773376076180012,-0.00011673823,-0.00011673823,5.472185e-05,5.472185e-05,-0.48787376,-0.4878706,0.9758354,3.1226733,0.1390268331337383
1.0,0.013783376076180012,-5.610982e-06,-5.610982e-06,-5.525165e-05,-5.525165e-05,-0.48797315,-0.48797634,0.9758354,3.122673,0.13905730528120303
1.0,0.013793376076180012,-0.000116712305,-0.000116712305,5.472795e-05,5.472795e-05,-0.48787376,-0.4878706,0.9758354,3.1226733,0.13908777743105197
1.0,0.013803376076180013,-5.6368785e-06,-5.6368785e-06,-5.525774e-05,-5.525774e-05,-0.48797318,-0.48797634,0.9758354,3.122673,0.13911824957851673
1.0,0.013813376076180012,-0.000116686424,-0.000116686424,5.4734035e-05,5.4734035e-05,-0.48787376,-0.48787057,0.9758354,3.122673,0.13914872172598147
1.0,0.013823376076180012,-5.6627373e-06,-5.6627373e-06,-5.5263827e-05,-5.5263827e-05,-0.48797318,-0.48797634,0.9758354,3.1226733,0.13917919387583041
1.0,0.013833376076180012,-0.00011666058,-0.00011666058,5.474012e-05,5.474012e-05,-0.48787376,-0.48787057,0.9758354,3.1226733,0.13920966602567936
1.0,0.013843376076180011,-5.6885583e-06,-5.6885583e-06,-5.526991e-05,-5.526991e-05,-0.48797318,-0.48797634,0.9758354,3.122673,0.13924013817314412
1.0,0.013853376076180013,-0.00011663477,-0.00011663477,5.4746197e-05,5.4746197e-05,-0.48787376,-0.48787057,0.9758354,3.122673,0.1392706103206089
1.0,0.013863376076180012,-5.714342e-06,-5.714342e-06,-5.5275985e-05,-5.5275985e-05,-0.48797318,-0.48797637,0.9758354,3.122673,0.13930108246807363
1.0,0.013873376076180012,-0.000116609,-0.000116609,5.475227e-05,5.475227e-05,-0.48787376,-0.48787057,0.9758354,3.1226735,0.13933155462030675
1.0,0.013883376076180011,-5.740088e-06,-5.740088e-06,-5.5282053e-05,-5.5282053e-05,-0.48797318,-0.48797637,0.9758354,3.1226733,0.1393620267701557
1.0,0.013893376076180013,-0.000116583265,-0.000116583265,5.4758337e-05,5.4758337e-05,-0.48787373,-0.48787057,0.9758354,3.1226733,0.13939249892000463
1.0,0.013903376076180012,-5.765797e-06,-5.765797e-06,-5.5288117e-05,-5.5288117e-05,-0.48797318,-0.48797637,0.9758354,3.122673,0.13942297106746937
1.0,0.013913376076180012,-0.00011655757,-0.00011655757,5.4764398e-05,5.4764398e-05,-0.48787373,-0.48787057,0.9758354,3.122673,0.1394534432149341
1.0,0.013923376076180011,-5.7914694e-06,-5.7914694e-06,-5.5294175e-05,-5.5294175e-05,-0.48797318,-0.48797637,0.9758354,3.122673,0.13948391536239887
1.0,0.013933376076180013,-0.00011653191,-0.00011653191,5.477045e-05,5.477045e-05,-0.48787373,-0.48787054,0.9758354,3.1226735,0.139514387514632
1.0,0.013943376076180012,-5.817105e-06,-5.817105e-06,-5.530023e-05,-5.530023e-05,-0.4879732,-0.48797637,0.9758354,3.1226733,0.13954485966448094
1.0,0.013953376076180012,-0.00011650629,-0.00011650629,5.47765e-05,5.47765e-05,-0.48787373,-0.48787054,0.9758354,3.1226733,0.13957533181432988
1.0,0.013963376076180012,-5.8427036e-06,-5.8427036e-06,-5.5306275e-05,-5.5306275e-05,-0.4879732,-0.48797637,0.9758354,3.122673,0.13960580396179462
1.0,0.013973376076180011,-0.0001164807,-0.0001164807,5.4782544e-05,5.4782544e-05,-0.48787373,-0.48787054,0.9758354,3.122673,0.13963627610925938
1.0,0.013983376076180012,-5.8682654e-06,-5.8682654e-06,-5.5312314e-05,-5.5312314e-05,-0.4879732,-0.48797637,0.9758354,3.122673,0.13966674825672415
1.0,0.013993376076180012,-0.00011645516,-0.00011645516,5.478858e-05,5.478858e-05,-0.48787373,-0.48787054,0.9758354,3.1226733,0.1396972204065731
1.0,0.014003376076180012,-5.8937912e-06,-5.8937912e-06,-5.5318345e-05,-5.5318345e-05,-0.4879732,-0.4879764,0.9758354,3.1226733,0.13972769255642203
1.0,0.014013376076180011,-0.00011642964,-0.00011642964,5.479461e-05,5.479461e-05,-0.48787373,-0.48787054,0.9758354,3.1226733,0.13975816470627098
1.0,0.014023376076180013,-5.9192807e-06,-5.9192807e-06,-5.5324374e-05,-5.5324374e-05,-0.4879732,-0.4879764,0.9758354,3.122673,0.13978863685373574
1.0,0.014033376076180012,-0.00011640417,-0.00011640417,5.4800636e-05,5.4800636e-05,-0.4878737,-0.48787054,0.9758354,3.1226735,0.13981910900596886
1.0,0.014043376076180012,-5.9447343e-06,-5.9447343e-06,-5.5330398e-05,-5.5330398e-05,-0.4879732,-0.4879764,0.9758354,3.122673,0.1398495811534336
1.0,0.014053376076180011,-0.00011637873,-0.00011637873,5.4806653e-05,5.4806653e-05,-0.4878737,-0.48787054,0.9758354,3.1226733,0.13988005330328254
1.0,0.014063376076180013,-5.970152e-06,-5.970152e-06,-5.5336415e-05,-5.5336415e-05,-0.4879732,-0.4879764,0.9758354,3.1226733,0.13991052545313148
1.0,0.014073376076180012,-0.00011635332,-0.00011635332,5.4812666e-05,5.4812666e-05,-0.4878737,-0.4878705,0.9758354,3.122673,0.13994099760059622
1.0,0.014083376076180012,-5.9955337e-06,-5.9955337e-06,-5.5342425e-05,-5.5342425e-05,-0.48797324,-0.4879764,0.9758354,3.122673,0.13997146974806096
1.0,0.014093376076180011,-0.00011632796,-0.00011632796,5.4818676e-05,5.4818676e-05,-0.4878737,-0.4878705,0.9758354,3.1226733,0.1400019418979099
1.0,0.014103376076180013,-6.02088e-06,-6.02088e-06,-5.5348428e-05,-5.5348428e-05,-0.48797324,-0.4879764,0.9758354,3.1226733,0.14003241404775885
1.0,0.014113376076180012,-0.000116302625,-0.000116302625,5.4824675e-05,5.4824675e-05,-0.4878737,-0.4878705,0.9758354,3.1226733,0.1400628861976078
1.0,0.014123376076180012,-6.0461907e-06,-6.0461907e-06,-5.5354427e-05,-5.5354427e-05,-0.48797324,-0.4879764,0.9758354,3.1226733,0.14009335834745673
1.0,0.014133376076180012,-0.000116277326,-0.000116277326,5.483067e-05,5.483067e-05,-0.4878737,-0.4878705,0.9758354,3.1226735,0.14012383049968985
1.0,0.014143376076180011,-6.0714665e-06,-6.0714665e-06,-5.536042e-05,-5.536042e-05,-0.48797324,-0.48797643,0.9758354,3.122673,0.14015430264715462
1.0,0.014153376076180012,-0.000116252064,-0.000116252064,5.4836662e-05,5.4836662e-05,-0.48787367,-0.4878705,0.9758354,3.1226733,0.14018477479700356
1.0,0.014163376076180012,-6.096707e-06,-6.096707e-06,-5.5366407e-05,-5.5366407e-05,-0.48797324,-0.48797643,0.9758354,3.1226733,0.1402152469468525
1.0,0.014173376076180012,-0.00011622684,-0.00011622684,5.4842643e-05,5.4842643e-05,-0.48787367,-0.4878705,0.9758354,3.122673,0.14024571909431724
1.0,0.014183376076180011,-6.121912e-06,-6.121912e-06,-5.5372388e-05,-5.5372388e-05,-0.48797324,-0.48797643,0.9758354,3.122673,0.140276191241782
1.0,0.014193376076180013,-0.00011620165,-0.00011620165,5.484862e-05,5.484862e-05,-0.48787367,-0.48787048,0.9758354,3.1226733,0.14030666339163095
1.0,0.014203376076180012,-6.147083e-06,-6.147083e-06,-5.537836e-05,-5.537836e-05,-0.48797324,-0.48797643,0.9758354,3.1226733,0.1403371355414799
1.0,0.014213376076180012,-0.00011617649,-0.00011617649,5.4854594e-05,5.4854594e-05,-0.48787367,-0.48787048,0.9758354,3.122673,0.14036760768894463
1.0,0.014223376076180011,-6.1722185e-06,-6.1722185e-06,-5.538433e-05,-5.538433e-05,-0.48797327,-0.48797643,0.9758354,3.1226733,0.14039807983879357
1.0,0.014233376076180013,-0.00011615137,-0.00011615137,5.486056e-05,5.486056e-05,-0.48787367,-0.48787048,0.9758354,3.1226735,0.1404285519910267
1.0,0.014243376076180012,-6.1973196e-06,-6.1973196e-06,-5.5390294e-05,-5.5390294e-05,-0.48797327,-0.48797643,0.9758354,3.122673,0.14045902413849143
1.0,0.014253376076180012,-0.000116126284,-0.000116126284,5.486652e-05,5.486652e-05,-0.48787367,-0.48787048,0.9758354,3.1226733,0.14048949628834037
1.0,0.014263376076180011,-6.2223867e-06,-6.2223867e-06,-5.539625e-05,-5.539625e-05,-0.48797327,-0.48797643,0.9758354,3.1226733,0.1405199684381893
1.0,0.014273376076180013,-0.000116101226,-0.000116101226,5.487247e-05,5.487247e-05,-0.48787367,-0.48787048,0.9758354,3.122673,0.14055044058565408
1.0,0.014283376076180012,-6.247419e-06,-6.247419e-06,-5.54022e-05,-5.54022e-05,-0.48797327,-0.48797646,0.9758354,3.122673,0.14058091273311882
1.0,0.014293376076180012,-0.00011607621,-0.00011607621,5.487842e-05,5.487842e-05,-0.48787364,-0.48787048,0.9758354,3.1226733,0.14061138488296776
1.0,0.014303376076180012,-6.2724175e-06,-6.2724175e-06,-5.5408145e-05,-5.5408145e-05,-0.48797327,-0.48797646,0.9758354,3.1226733,0.1406418570328167
1.0,0.014313376076180011,-0.000116051226,-0.000116051226,5.488436e-05,5.488436e-05,-0.48787364,-0.48787048,0.9758354,3.122673,0.14067232918028147
1.0,0.014323376076180012,-6.2973822e-06,-6.2973822e-06,-5.5414086e-05,-5.5414086e-05,-0.48797327,-0.48797646,0.9758354,3.122673,0.14070280132774624
1.0,0.014333376076180012,-0.00011602628,-0.00011602628,5.4890297e-05,5.4890297e-05,-0.48787364,-0.48787045,0.9758354,3.1226733,0.14073327347759518
1.0,0.014343376076180012,-6.322313e-06,-6.322313e-06,-5.5420016e-05,-5.5420016e-05,-0.48797327,-0.48797646,0.9758354,3.122673,0.14076374562505992
1.0,0.014353376076180011,-0.000116001356,-0.000116001356,5.4896227e-05,5.4896227e-05,-0.48787364,-0.48787045,0.9758354,3.122673,0.14079421777252468
1.0,0.014363376076180013,-6.34721e-06,-6.34721e-06,-5.5425946e-05,-5.5425946e-05,-0.4879733,-0.48797646,0.9758354,3.1226733,0.14082468992237362
1.0,0.014373376076180012,-0.00011597647,-0.00011597647,5.490215e-05,5.490215e-05,-0.48787364,-0.48787045,0.9758354,3.1226733,0.14085516207222257
1.0,0.014383376076180012,-6.372073e-06,-6.372073e-06,-5.5431865e-05,-5.5431865e-05,-0.4879733,-0.48797646,0.9758354,3.122673,0.1408856342196873
1.0,0.014393376076180011,-0.000115951625,-0.000115951625,5.490807e-05,5.490807e-05,-0.48787364,-0.48787045,0.9758354,3.122673,0.14091610636715207
1.0,0.014403376076180013,-6.3969032e-06,-6.3969032e-06,-5.543778e-05,-5.543778e-05,-0.4879733,-0.48797646,0.9758354,3.1226733,0.14094657851700101
1.0,0.014413376076180012,-0.00011592681,-0.00011592681,5.491398e-05,5.491398e-05,-0.4878736,-0.48787045,0.9758354,3.1226735,0.14097705066923413
1.0,0.014423376076180012,-6.4216997e-06,-6.4216997e-06,-5.544369e-05,-5.544369e-05,-0.4879733,-0.4879765,0.9758354,3.122673,0.14100752281669887
1.0,0.014433376076180011,-0.000115902025,-0.000115902025,5.4919885e-05,5.4919885e-05,-0.4878736,-0.48787045,0.9758354,3.1226733,0.1410379949665478
1.0,0.014443376076180013,-6.4464634e-06,-6.4464634e-06,-5.5449593e-05,-5.5449593e-05,-0.4879733,-0.4879765,0.9758354,3.1226733,0.14106846711639676
1.0,0.014453376076180012,-0.00011587728,-0.00011587728,5.4925786e-05,5.4925786e-05,-0.4878736,-0.48787045,0.9758354,3.1226735,0.14109893926862987
1.0,0.014463376076180012,-6.471194e-06,-6.471194e-06,-5.545549e-05,-5.545549e-05,-0.4879733,-0.4879765,0.9758354,3.122673,0.1411294114160946
1.0,0.014473376076180012,-0.00011585256,-0.00011585256,5.493168e-05,5.493168e-05,-0.4878736,-0.48787042,0.9758354,3.1226733,0.14115988356594356
1.0,0.014483376076180011,-6.4958917e-06,-6.4958917e-06,-5.546138e-05,-5.546138e-05,-0.4879733,-0.4879765,0.9758354,3.1226733,0.1411903557157925
1.0,0.014493376076180012,-0.000115827876,-0.000115827876,5.4937565e-05,5.4937565e-05,-0.4878736,-0.48787042,0.9758354,3.122673,0.14122082786325726
1.0,0.014503376076180012,-6.520557e-06,-6.520557e-06,-5.5467266e-05,-5.5467266e-05,-0.48797333,-0.4879765,0.9758354,3.122673,0.141251300010722
1.0,0.014513376076180012,-0.000115803225,-0.000115803225,5.4943448e-05,5.4943448e-05,-0.4878736,-0.48787042,0.9758354,3.1226733,0.14128177216057095
1.0,0.014523376076180011,-6.545189e-06,-6.545189e-06,-5.5473145e-05,-5.5473145e-05,-0.48797333,-0.4879765,0.9758354,3.122673,0.1413122443080357
1.0,0.014533376076180013,-0.00011577861,-0.00011577861,5.4949323e-05,5.4949323e-05,-0.4878736,-0.48787042,0.9758354,3.122673,0.14134271645550048
1.0,0.014543376076180012,-6.5697886e-06,-6.5697886e-06,-5.5479017e-05,-5.5479017e-05,-0.48797333,-0.48797652,0.9758354,3.1226733,0.14137318860534942
1.0,0.014553376076180012,-0.000115754025,-0.000115754025,5.4955195e-05,5.4955195e-05,-0.48787358,-0.48787042,0.9758354,3.1226733,0.14140366075519836
1.0,0.014563376076180011,-6.5943564e-06,-6.5943564e-06,-5.5484885e-05,-5.5484885e-05,-0.48797333,-0.48797652,0.9758354,3.122673,0.14143413290266313
1.0,0.014573376076180013,-0.00011572947,-0.00011572947,5.496106e-05,5.496106e-05,-0.48787358,-0.48787042,0.9758354,3.122673,0.1414646050501279
1.0,0.014583376076180012,-6.618892e-06,-6.618892e-06,-5.5490746e-05,-5.5490746e-05,-0.48797333,-0.48797652,0.9758354,3.1226733,0.14149507719997684
1.0,0.014593376076180012,-0.00011570495,-0.00011570495,5.4966917e-05,5.4966917e-05,-0.48787358,-0.4878704,0.9758354,3.1226733,0.14152554934982578
1.0,0.014603376076180011,-6.643395e-06,-6.643395e-06,-5.54966e-05,-5.54966e-05,-0.48797333,-0.48797652,0.9758354,3.122673,0.14155602149729052
1.0,0.014613376076180011,-0.00011568046,-0.00011568046,5.4972767e-05,5.4972767e-05,-0.48787358,-0.4878704,0.9758354,3.122673,0.14158649364475528
1.0,0.014623376076180012,-6.6678663e-06,-6.6678663e-06,-5.550245e-05,-5.550245e-05,-0.48797333,-0.48797652,0.9758354,3.1226733,0.14161696579460423
1.0,0.014633376076180012,-0.000115656,-0.000115656,5.4978613e-05,5.4978613e-05,-0.48787358,-0.4878704,0.9758354,3.1226733,0.14164743794445317
1.0,0.014643376076180012,-6.6923058e-06,-6.6923058e-06,-5.550829e-05,-5.550829e-05,-0.48797336,-0.48797652,0.9758354,3.122673,0.1416779100919179
1.0,0.014653376076180011,-0.00011563158,-0.00011563158,5.498445e-05,5.498445e-05,-0.48787358,-0.4878704,0.9758354,3.122673,0.14170838223938267
1.0,0.014663376076180012,-6.7167134e-06,-6.7167134e-06,-5.5514127e-05,-5.5514127e-05,-0.48797336,-0.48797652,0.9758354,3.1226733,0.14173885438923162
1.0,0.014673376076180012,-0.00011560718,-0.00011560718,5.4990287e-05,5.4990287e-05,-0.48787358,-0.4878704,0.9758354,3.1226733,0.14176932653908056
1.0,0.014683376076180012,-6.7410897e-06,-6.7410897e-06,-5.551996e-05,-5.551996e-05,-0.48797336,-0.48797655,0.9758354,3.122673,0.1417997986865453
1.0,0.014693376076180011,-0.00011558282,-0.00011558282,5.4996115e-05,5.4996115e-05,-0.48787355,-0.4878704,0.9758354,3.122673,0.14183027083401006
1.0,0.014703376076180013,-6.7654346e-06,-6.7654346e-06,-5.5525783e-05,-5.5525783e-05,-0.48797336,-0.48797655,0.9758354,3.1226733,0.141860742983859
1.0,0.014713376076180012,-0.00011555849,-0.00011555849,5.5001936e-05,5.5001936e-05,-0.48787355,-0.4878704,0.9758354,3.1226733,0.14189121513370795
1.0,0.014723376076180012,-6.789748e-06,-6.789748e-06,-5.5531604e-05,-5.5531604e-05,-0.48797336,-0.48797655,0.9758354,3.122673,0.1419216872811727
1.0,0.014733376076180011,-0.00011553419,-0.00011553419,5.5007753e-05,5.5007753e-05,-0.48787355,-0.48787037,0.9758354,3.122673,0.14195215942863745
1.0,0.014743376076180013,-6.8140303e-06,-6.8140303e-06,-5.5537414e-05,-5.5537414e-05,-0.48797336,-0.48797655,0.9758354,3.1226733,0.1419826315784864
1.0,0.014753376076180012,-0.00011550992,-0.00011550992,5.5013563e-05,5.5013563e-05,-0.48787355,-0.48787037,0.9758354,3.1226733,0.14201310372833534
1.0,0.014763376076180012,-6.838282e-06,-6.838282e-06,-5.5543223e-05,-5.5543223e-05,-0.48797336,-0.48797655,0.9758354,3.122673,0.14204357587580008
1.0,0.014773376076180011,-0.00011548568,-0.00011548568,5.5019365e-05,5.5019365e-05,-0.48787355,-0.48787037,0.9758354,3.122673,0.14207404802326482
1.0,0.014783376076180011,-6.8625022e-06,-6.8625022e-06,-5.5549022e-05,-5.5549022e-05,-0.4879734,-0.48797655,0.9758354,3.1226733,0.14210452017311376
1.0,0.014793376076180012,-0.00011546147,-0.00011546147,5.502516e-05,5.502516e-05,-0.48787355,-0.48787037,0.9758354,3.1226733,0.1421349923229627
1.0,0.014803376076180012,-6.8866916e-06,-6.8866916e-06,-5.5554818e-05,-5.5554818e-05,-0.4879734,-0.48797655,0.9758354,3.122673,0.14216546447042744
1.0,0.014813376076180012,-0.0001154373,-0.0001154373,5.5030952e-05,5.5030952e-05,-0.48787355,-0.48787037,0.9758354,3.122673,0.14219593661789218
1.0,0.014823376076180011,-6.9108505e-06,-6.9108505e-06,-5.5560606e-05,-5.5560606e-05,-0.4879734,-0.48797658,0.9758354,3.1226733,0.14222640876774112
1.0,0.014833376076180012,-0.00011541315,-0.00011541315,5.503674e-05,5.503674e-05,-0.48787352,-0.48787037,0.9758354,3.1226733,0.14225688091759006
1.0,0.014843376076180012,-6.934979e-06,-6.934979e-06,-5.5566386e-05,-5.5566386e-05,-0.4879734,-0.48797658,0.9758354,3.122673,0.1422873530650548
1.0,0.014853376076180012,-0.00011538904,-0.00011538904,5.5042517e-05,5.5042517e-05,-0.48787352,-0.48787037,0.9758354,3.1226735,0.14231782521728792
1.0,0.014863376076180011,-6.959077e-06,-6.959077e-06,-5.5572164e-05,-5.5572164e-05,-0.4879734,-0.48797658,0.9758354,3.1226733,0.14234829736713686
1.0,0.014873376076180013,-0.00011536496,-0.00011536496,5.504829e-05,5.504829e-05,-0.48787352,-0.48787034,0.9758354,3.1226733,0.1423787695169858
1.0,0.014883376076180012,-6.9831444e-06,-6.9831444e-06,-5.5577937e-05,-5.5577937e-05,-0.4879734,-0.48797658,0.9758354,3.122673,0.14240924166445054
1.0,0.014893376076180012,-0.0001153409,-0.0001153409,5.505406e-05,5.505406e-05,-0.48787352,-0.48787034,0.9758354,3.1226735,0.14243971381668366
1.0,0.014903376076180011,-7.007182e-06,-7.007182e-06,-5.55837e-05,-5.55837e-05,-0.4879734,-0.48797658,0.9758354,3.1226733,0.1424701859665326
1.0,0.014913376076180013,-0.00011531688,-0.00011531688,5.505982e-05,5.505982e-05,-0.48787352,-0.48787034,0.9758354,3.1226733,0.14250065811638155
1.0,0.014923376076180012,-7.031189e-06,-7.031189e-06,-5.558946e-05,-5.558946e-05,-0.48797342,-0.48797658,0.9758354,3.122673,0.14253113026384628
1.0,0.014933376076180012,-0.00011529289,-0.00011529289,5.5065575e-05,5.5065575e-05,-0.48787352,-0.48787034,0.9758354,3.1226735,0.1425616024160794
1.0,0.014943376076180011,-7.0551664e-06,-7.0551664e-06,-5.559521e-05,-5.559521e-05,-0.48797342,-0.48797658,0.9758354,3.1226733,0.14259207456592835
1.0,0.014953376076180011,-0.00011526892,-0.00011526892,5.5071327e-05,5.5071327e-05,-0.4878735,-0.48787034,0.9758354,3.122673,0.1426225467133931
1.0,0.014963376076180012,-7.079114e-06,-7.079114e-06,-5.5600958e-05,-5.5600958e-05,-0.48797342,-0.4879766,0.9758354,3.122673,0.14265301886085788
1.0,0.014973376076180012,-0.00011524499,-0.00011524499,5.5077067e-05,5.5077067e-05,-0.4878735,-0.48787034,0.9758354,3.1226733,0.14268349101070682
1.0,0.014983376076180012,-7.1030317e-06,-7.1030317e-06,-5.56067e-05,-5.56067e-05,-0.48797342,-0.4879766,0.9758354,3.1226733,0.14271396316055576
1.0,0.014993376076180011,-0.00011522108,-0.00011522108,5.5082804e-05,5.5082804e-05,-0.4878735,-0.4878703,0.9758354,3.122673,0.14274443530802053
1.0,0.015003376076180013,-7.1269196e-06,-7.1269196e-06,-5.5612432e-05,-5.5612432e-05,-0.48797342,-0.4879766,0.9758354,3.122673,0.1427749074554853
1.0,0.015013376076180012,-0.00011519721,-0.00011519721,5.5088538e-05,5.5088538e-05,-0.4878735,-0.4878703,0.9758354,3.1226733,0.14280537960533424
1.0,0.015023376076180012,-7.1507784e-06,-7.1507784e-06,-5.561816e-05,-5.561816e-05,-0.48797342,-0.4879766,0.9758354,3.122673,0.14283585175279898
1.0,0.015033376076180011,-0.00011517337,-0.00011517337,5.5094264e-05,5.5094264e-05,-0.4878735,-0.4878703,0.9758354,3.122673,0.14286632390026374
1.0,0.015043376076180013,-7.1746076e-06,-7.1746076e-06,-5.562388e-05,-5.562388e-05,-0.48797342,-0.4879766,0.9758354,3.1226733,0.14289679605011268
1.0,0.015053376076180012,-0.000115149545,-0.000115149545,5.5099983e-05,5.5099983e-05,-0.4878735,-0.4878703,0.9758354,3.1226733,0.14292726819996163
1.0,0.015063376076180012,-7.1984077e-06,-7.1984077e-06,-5.56296e-05,-5.56296e-05,-0.48797345,-0.4879766,0.9758354,3.122673,0.14295774034742637
1.0,0.015073376076180011,-0.00011512576,-0.00011512576,5.5105695e-05,5.5105695e-05,-0.4878735,-0.4878703,0.9758354,3.122673,0.14298821249489113
1.0,0.015083376076180013,-7.2221787e-06,-7.2221787e-06,-5.5635308e-05,-5.5635308e-05,-0.48797345,-0.4879766,0.9758354,3.1226733,0.14301868464474007
1.0,0.015093376076180012,-0.000115102004,-0.000115102004,5.5111403e-05,5.5111403e-05,-0.48787346,-0.4878703,0.9758354,3.1226733,0.14304915679458902
1.0,0.015103376076180012,-7.2459206e-06,-7.2459206e-06,-5.5641012e-05,-5.5641012e-05,-0.48797345,-0.48797664,0.9758354,3.122673,0.14307962894205375
1.0,0.015113376076180011,-0.00011507828,-0.00011507828,5.5117103e-05,5.5117103e-05,-0.48787346,-0.4878703,0.9758354,3.1226735,0.14311010109428687
1.0,0.015123376076180011,-7.2696334e-06,-7.2696334e-06,-5.5646713e-05,-5.5646713e-05,-0.48797345,-0.48797664,0.9758354,3.1226733,0.14314057324413582
1.0,0.015133376076180012,-0.00011505458,-0.00011505458,5.5122797e-05,5.5122797e-05,-0.48787346,-0.48787028,0.9758354,3.122673,0.14317104539160058
1.0,0.015143376076180012,-7.2933176e-06,-7.2933176e-06,-5.5652403e-05,-5.5652403e-05,-0.48797345,-0.48797664,0.9758354,3.122673,0.14320151753906532
1.0,0.015153376076180012,-0.0001150309,-0.0001150309,5.5128487e-05,5.5128487e-05,-0.48787346,-0.48787028,0.9758354,3.1226733,0.14323198968891426
1.0,0.015163376076180011,-7.316973e-06,-7.316973e-06,-5.565809e-05,-5.565809e-05,-0.48797345,-0.48797664,0.9758354,3.1226733,0.1432624618387632
1.0,0.015173376076180013,-0.000115007264,-0.000115007264,5.513417e-05,5.513417e-05,-0.48787346,-0.48787028,0.9758354,3.122673,0.14329293398622797
1.0,0.015183376076180012,-7.3406e-06,-7.3406e-06,-5.5663768e-05,-5.5663768e-05,-0.48797345,-0.48797664,0.9758354,3.122673,0.1433234061336927
1.0,0.015193376076180012,-0.000114983646,-0.000114983646,5.5139848e-05,5.5139848e-05,-0.48787346,-0.48787028,0.9758354,3.1226733,0.14335387828354165
1.0,0.015203376076180011,-7.3641986e-06,-7.3641986e-06,-5.5669443e-05,-5.5669443e-05,-0.48797348,-0.48797664,0.9758354,3.1226735,0.14338435043577477
1.0,0.015213376076180013,-0.000114960065,-0.000114960065,5.514552e-05,5.514552e-05,-0.48787346,-0.48787028,0.9758354,3.122673,0.14341482258323954
1.0,0.015223376076180012,-7.3877686e-06,-7.3877686e-06,-5.567511e-05,-5.567511e-05,-0.48797348,-0.48797664,0.9758354,3.1226733,0.14344529473308848
1.0,0.015233376076180012,-0.000114936505,-0.000114936505,5.5151184e-05,5.5151184e-05,-0.48787344,-0.48787028,0.9758354,3.1226733,0.14347576688293742
1.0,0.015243376076180011,-7.4113104e-06,-7.4113104e-06,-5.5680775e-05,-5.5680775e-05,-0.48797348,-0.48797667,0.9758354,3.122673,0.14350623903040216
1.0,0.015253376076180011,-0.00011491298,-0.00011491298,5.515684e-05,5.515684e-05,-0.48787344,-0.48787028,0.9758354,3.1226735,0.14353671118263528
1.0,0.015263376076180012,-7.434824e-06,-7.434824e-06,-5.568643e-05,-5.568643e-05,-0.48797348,-0.48797667,0.9758354,3.1226733,0.14356718333248422
1.0,0.015273376076180012,-0.00011488948,-0.00011488948,5.5162494e-05,5.5162494e-05,-0.48787344,-0.48787025,0.9758354,3.122673,0.14359765547994896
1.0,0.015283376076180012,-7.4583095e-06,-7.4583095e-06,-5.569208e-05,-5.569208e-05,-0.48797348,-0.48797667,0.9758354,3.122673,0.1436281276274137
1.0,0.015293376076180011,-0.00011486601,-0.00011486601,5.516814e-05,5.516814e-05,-0.48787344,-0.48787025,0.9758354,3.1226733,0.14365859977726264
1.0,0.015303376076180012,-7.481767e-06,-7.481767e-06,-5.5697725e-05,-5.5697725e-05,-0.48797348,-0.48797667,0.9758354,3.1226733,0.14368907192711158
1.0,0.015313376076180012,-0.00011484256,-0.00011484256,5.5173783e-05,5.5173783e-05,-0.48787344,-0.48787025,0.9758354,3.122673,0.14371954407457632
1.0,0.015323376076180012,-7.505197e-06,-7.505197e-06,-5.570336e-05,-5.570336e-05,-0.48797348,-0.48797667,0.9758354,3.122673,0.14375001622204106
1.0,0.015333376076180011,-0.000114819144,-0.000114819144,5.517942e-05,5.517942e-05,-0.48787344,-0.48787025,0.9758354,3.1226733,0.14378048837189
1.0,0.015343376076180013,-7.5285993e-06,-7.5285993e-06,-5.5708995e-05,-5.5708995e-05,-0.4879735,-0.48797667,0.9758354,3.122673,0.14381096051935477
1.0,0.015353376076180012,-0.00011479576,-0.00011479576,5.5185046e-05,5.5185046e-05,-0.48787344,-0.48787025,0.9758354,3.1226735,0.1438414326715879
1.0,0.015363376076180012,-7.551974e-06,-7.551974e-06,-5.571462e-05,-5.571462e-05,-0.4879735,-0.48797667,0.9758354,3.1226733,0.14387190482143683
1.0,0.015373376076180011,-0.000114772396,-0.000114772396,5.519067e-05,5.519067e-05,-0.4878734,-0.48787025,0.9758354,3.122673,0.1439023769689016
1.0,0.015383376076180013,-7.5753205e-06,-7.5753205e-06,-5.572024e-05,-5.572024e-05,-0.4879735,-0.4879767,0.9758354,3.122673,0.14393284911636636
1.0,0.015393376076180012,-0.00011474906,-0.00011474906,5.5196284e-05,5.5196284e-05,-0.4878734,-0.48787022,0.9758354,3.1226733,0.1439633212662153
1.0,0.015403376076180012,-7.5986404e-06,-7.5986404e-06,-5.5725854e-05,-5.5725854e-05,-0.4879735,-0.4879767,0.9758354,3.1226733,0.14399379341606425
1.0,0.015413376076180011,-0.00011472576,-0.00011472576,5.5201897e-05,5.5201897e-05,-0.4878734,-0.48787022,0.9758354,3.122673,0.14402426556352899
1.0,0.015423376076180011,-7.6219326e-06,-7.6219326e-06,-5.573146e-05,-5.573146e-05,-0.4879735,-0.4879767,0.9758354,3.122673,0.14405473771099375
1.0,0.015433376076180012,-0.000114702474,-0.000114702474,5.52075e-05,5.52075e-05,-0.4878734,-0.48787022,0.9758354,3.1226733,0.1440852098608427
1.0,0.015443376076180012,-7.645198e-06,-7.645198e-06,-5.5737062e-05,-5.5737062e-05,-0.4879735,-0.4879767,0.9758354,3.122673,0.14411568200830743
1.0,0.015453376076180012,-0.00011467922,-0.00011467922,5.52131e-05,5.52131e-05,-0.4878734,-0.48787022,0.9758354,3.1226735,0.14414615416054055
1.0,0.015463376076180011,-7.6684355e-06,-7.6684355e-06,-5.5742657e-05,-5.5742657e-05,-0.4879735,-0.4879767,0.9758354,3.1226733,0.1441766263103895
1.0,0.015473376076180012,-0.000114655995,-0.000114655995,5.5218694e-05,5.5218694e-05,-0.4878734,-0.48787022,0.9758354,3.122673,0.14420709845785426
1.0,0.015483376076180012,-7.691647e-06,-7.691647e-06,-5.574825e-05,-5.574825e-05,-0.48797354,-0.4879767,0.9758354,3.122673,0.144237570605319
1.0,0.015493376076180012,-0.0001146328,-0.0001146328,5.522428e-05,5.522428e-05,-0.48787338,-0.48787022,0.9758354,3.1226733,0.14426804275516794
1.0,0.015503376076180011,-7.714831e-06,-7.714831e-06,-5.5753833e-05,-5.5753833e-05,-0.48797354,-0.4879767,0.9758354,3.1226733,0.14429851490501688
1.0,0.015513376076180013,-0.000114609626,-0.000114609626,5.522986e-05,5.522986e-05,-0.48787338,-0.48787022,0.9758354,3.122673,0.14432898705248165
1.0,0.015523376076180012,-7.737988e-06,-7.737988e-06,-5.575941e-05,-5.575941e-05,-0.48797354,-0.48797673,0.9758354,3.122673,0.1443594591999464
1.0,0.015533376076180012,-0.00011458648,-0.00011458648,5.5235436e-05,5.5235436e-05,-0.48787338,-0.4878702,0.9758354,3.1226733,0.14438993134979533
1.0,0.015543376076180011,-7.7611185e-06,-7.7611185e-06,-5.576498e-05,-5.576498e-05,-0.48797354,-0.48797673,0.9758354,3.122673,0.1444204034972601
1.0,0.015553376076180013,-0.000114563365,-0.000114563365,5.5241002e-05,5.5241002e-05,-0.48787338,-0.4878702,0.9758354,3.1226733,0.14445087564710904
1.0,0.015563376076180012,-7.784222e-06,-7.784222e-06,-5.5770546e-05,-5.5770546e-05,-0.48797354,-0.48797673,0.9758354,3.1226733,0.14448134779695798
1.0,0.015573376076180012,-0.00011454027,-0.00011454027,5.5246564e-05,5.5246564e-05,-0.48787338,-0.4878702,0.9758354,3.122673,0.14451181994442272
1.0,0.015583376076180011,-7.8073e-06,-7.8073e-06,-5.577611e-05,-5.577611e-05,-0.48797354,-0.48797673,0.9758354,3.122673,0.14454229209188746
1.0,0.015593376076180011,-0.00011451721,-0.00011451721,5.5252123e-05,5.5252123e-05,-0.48787338,-0.4878702,0.9758354,3.1226733,0.1445727642417364
1.0,0.015603376076180012,-7.830351e-06,-7.830351e-06,-5.578166e-05,-5.578166e-05,-0.48797354,-0.48797673,0.9758354,3.1226733,0.14460323639158534
1.0,0.015613376076180012,-0.00011449417,-0.00011449417,5.5257675e-05,5.5257675e-05,-0.48787338,-0.4878702,0.9758354,3.1226735,0.14463370854381846
1.0,0.015623376076180012,-7.853376e-06,-7.853376e-06,-5.5787208e-05,-5.5787208e-05,-0.48797357,-0.48797673,0.9758354,3.1226733,0.1446641806936674
1.0,0.01563337607618001,-0.00011447116,-0.00011447116,5.526322e-05,5.526322e-05,-0.48787335,-0.4878702,0.9758354,3.122673,0.14469465284113214
1.0,0.01564337607618001,-7.876374e-06,-7.876374e-06,-5.579275e-05,-5.579275e-05,-0.48797357,-0.48797673,0.9758354,3.122673,0.14472512498859688
1.0,0.01565337607618001,-0.00011444817,-0.00011444817,5.5268756e-05,5.5268756e-05,-0.48787335,-0.4878702,0.9758354,3.1226733,0.14475559713844582
1.0,0.015663376076180013,-7.899347e-06,-7.899347e-06,-5.5798286e-05,-5.5798286e-05,-0.48797357,-0.48797676,0.9758354,3.1226733,0.14478606928829477
1.0,0.015673376076180013,-0.00011442521,-0.00011442521,5.527429e-05,5.527429e-05,-0.48787335,-0.48787016,0.9758354,3.122673,0.1448165414357595
1.0,0.015683376076180013,-7.922294e-06,-7.922294e-06,-5.5803815e-05,-5.5803815e-05,-0.48797357,-0.48797676,0.9758354,3.122673,0.14484701358322424
1.0,0.015693376076180012,-0.000114402275,-0.000114402275,5.5279816e-05,5.5279816e-05,-0.48787335,-0.48787016,0.9758354,3.1226733,0.14487748573307319
1.0,0.015703376076180012,-7.945214e-06,-7.945214e-06,-5.5809338e-05,-5.5809338e-05,-0.48797357,-0.48797676,0.9758354,3.122673,0.14490795788053792
1.0,0.01571337607618001,-0.00011437937,-0.00011437937,5.5285338e-05,5.5285338e-05,-0.48787335,-0.48787016,0.9758354,3.1226733,0.14493843003038687
1.0,0.01572337607618001,-7.968109e-06,-7.968109e-06,-5.5814857e-05,-5.5814857e-05,-0.48797357,-0.48797676,0.9758354,3.1226733,0.1449689021802358
1.0,0.01573337607618001,-0.00011435649,-0.00011435649,5.529085e-05,5.529085e-05,-0.48787335,-0.48787016,0.9758354,3.122673,0.14499937432770055
1.0,0.01574337607618001,-7.990978e-06,-7.990978e-06,-5.582037e-05,-5.582037e-05,-0.48797357,-0.48797676,0.9758354,3.122673,0.1450298464751653
1.0,0.015753376076180013,-0.000114333634,-0.000114333634,5.529636e-05,5.529636e-05,-0.48787335,-0.48787016,0.9758354,3.1226733,0.14506031862501426
1.0,0.015763376076180013,-8.013821e-06,-8.013821e-06,-5.5825876e-05,-5.5825876e-05,-0.4879736,-0.48797676,0.9758354,3.1226733,0.1450907907748632
1.0,0.015773376076180012,-0.0001143108,-0.0001143108,5.530186e-05,5.530186e-05,-0.48787332,-0.48787016,0.9758354,3.1226735,0.14512126292709632
1.0,0.015783376076180012,-8.036639e-06,-8.036639e-06,-5.5831373e-05,-5.5831373e-05,-0.4879736,-0.48797676,0.9758354,3.1226733,0.14515173507694526
1.0,0.01579337607618001,-0.00011428799,-0.00011428799,5.530736e-05,5.530736e-05,-0.48787332,-0.48787016,0.9758354,3.122673,0.14518220722441
1.0,0.01580337607618001,-8.059431e-06,-8.059431e-06,-5.5836867e-05,-5.5836867e-05,-0.4879736,-0.4879768,0.9758354,3.122673,0.14521267937187474
1.0,0.01581337607618001,-0.00011426521,-0.00011426521,5.531285e-05,5.531285e-05,-0.48787332,-0.48787013,0.9758354,3.1226733,0.14524315152172368
1.0,0.01582337607618001,-8.082198e-06,-8.082198e-06,-5.5842356e-05,-5.5842356e-05,-0.4879736,-0.4879768,0.9758354,3.1226733,0.14527362367157262
1.0,0.015833376076180013,-0.00011424246,-0.00011424246,5.5318334e-05,5.5318334e-05,-0.48787332,-0.48787013,0.9758354,3.1226735,0.14530409582380574
1.0,0.015843376076180013,-8.10494e-06,-8.10494e-06,-5.584784e-05,-5.584784e-05,-0.4879736,-0.4879768,0.9758354,3.1226733,0.14533456797365468
1.0,0.015853376076180013,-0.00011421973,-0.00011421973,5.5323813e-05,5.5323813e-05,-0.48787332,-0.48787013,0.9758354,3.122673,0.14536504012111942
1.0,0.015863376076180012,-8.127657e-06,-8.127657e-06,-5.5853314e-05,-5.5853314e-05,-0.4879736,-0.4879768,0.9758354,3.122673,0.14539551226858416
1.0,0.015873376076180012,-0.00011419703,-0.00011419703,5.5329285e-05,5.5329285e-05,-0.48787332,-0.48787013,0.9758354,3.1226733,0.1454259844184331
1.0,0.01588337607618001,-8.150348e-06,-8.150348e-06,-5.585878e-05,-5.585878e-05,-0.4879736,-0.4879768,0.9758354,3.1226733,0.14545645656828204
1.0,0.01589337607618001,-0.00011417435,-0.00011417435,5.5334753e-05,5.5334753e-05,-0.48787332,-0.48787013,0.9758354,3.1226735,0.14548692872051516
1.0,0.01590337607618001,-8.173014e-06,-8.173014e-06,-5.5864246e-05,-5.5864246e-05,-0.48797363,-0.4879768,0.9758354,3.122673,0.1455174008679799
1.0,0.01591337607618001,-0.00011415169,-0.00011415169,5.5340213e-05,5.5340213e-05,-0.4878733,-0.48787013,0.9758354,3.122673,0.14554787301544467
1.0,0.015923376076180013,-8.195656e-06,-8.195656e-06,-5.5869703e-05,-5.5869703e-05,-0.48797363,-0.4879768,0.9758354,3.122673,0.14557834516290943
1.0,0.015933376076180013,-0.00011412906,-0.00011412906,5.5345667e-05,5.5345667e-05,-0.4878733,-0.4878701,0.9758354,3.1226733,0.14560881731275838
1.0,0.015943376076180012,-8.218272e-06,-8.218272e-06,-5.5875156e-05,-5.5875156e-05,-0.48797363,-0.48797682,0.9758354,3.1226733,0.14563928946260732
1.0,0.015953376076180012,-0.00011410646,-0.00011410646,5.5351116e-05,5.5351116e-05,-0.4878733,-0.4878701,0.9758354,3.1226735,0.14566976161484044
1.0,0.01596337607618001,-8.240865e-06,-8.240865e-06,-5.5880602e-05,-5.5880602e-05,-0.48797363,-0.48797682,0.9758354,3.122673,0.14570023376230518
1.0,0.01597337607618001,-0.00011408388,-0.00011408388,5.535656e-05,5.535656e-05,-0.4878733,-0.4878701,0.9758354,3.122673,0.14573070590976991
1.0,0.01598337607618001,-8.263432e-06,-8.263432e-06,-5.588604e-05,-5.588604e-05,-0.48797363,-0.48797682,0.9758354,3.122673,0.14576117805723465
1.0,0.01599337607618001,-0.000114061324,-0.000114061324,5.5361998e-05,5.5361998e-05,-0.4878733,-0.4878701,0.9758354,3.1226733,0.1457916502070836
1.0,0.016003376076180013,-8.285975e-06,-8.285975e-06,-5.5891476e-05,-5.5891476e-05,-0.48797363,-0.48797682,0.9758354,3.1226733,0.14582212235693254
1.0,0.016013376076180013,-0.00011403879,-0.00011403879,5.5367425e-05,5.5367425e-05,-0.4878733,-0.4878701,0.9758354,3.1226735,0.14585259450916566
1.0,0.016023376076180013,-8.308493e-06,-8.308493e-06,-5.5896904e-05,-5.5896904e-05,-0.48797363,-0.48797682,0.9758354,3.122673,0.1458830666566304
1.0,0.016033376076180012,-0.000114016286,-0.000114016286,5.5372853e-05,5.5372853e-05,-0.4878733,-0.4878701,0.9758354,3.122673,0.14591353880409513
1.0,0.016043376076180012,-8.330987e-06,-8.330987e-06,-5.5902325e-05,-5.5902325e-05,-0.48797366,-0.48797682,0.9758354,3.122673,0.14594401095155987
1.0,0.01605337607618001,-0.0001139938,-0.0001139938,5.537827e-05,5.537827e-05,-0.48787326,-0.4878701,0.9758354,3.1226733,0.14597448310140881
1.0,0.01606337607618001,-8.353457e-06,-8.353457e-06,-5.590774e-05,-5.590774e-05,-0.48797366,-0.48797682,0.9758354,3.1226733,0.14600495525125776
1.0,0.01607337607618001,-0.00011397134,-0.00011397134,5.5383684e-05,5.5383684e-05,-0.48787326,-0.48787007,0.9758354,3.1226735,0.14603542740349088
1.0,0.01608337607618001,-8.375902e-06,-8.375902e-06,-5.591315e-05,-5.591315e-05,-0.48797366,-0.48797685,0.9758354,3.122673,0.14606589955095564
1.0,0.016093376076180013,-0.00011394891,-0.00011394891,5.538909e-05,5.538909e-05,-0.48787326,-0.48787007,0.9758354,3.122673,0.1460963716984204
1.0,0.016103376076180013,-8.398324e-06,-8.398324e-06,-5.5918554e-05,-5.5918554e-05,-0.48797366,-0.48797685,0.9758354,3.122673,0.14612684384588515
1.0,0.016113376076180012,-0.0001139265,-0.0001139265,5.5394492e-05,5.5394492e-05,-0.48787326,-0.48787007,0.9758354,3.1226733,0.1461573159957341
1.0,0.016123376076180012,-8.420721e-06,-8.420721e-06,-5.5923952e-05,-5.5923952e-05,-0.48797366,-0.48797685,0.9758354,3.1226733,0.14618778814558303
1.0,0.01613337607618001,-0.00011390411,-0.00011390411,5.5399887e-05,5.5399887e-05,-0.48787326,-0.48787007,0.9758354,3.1226735,0.14621826029781615
1.0,0.01614337607618001,-8.443095e-06,-8.443095e-06,-5.5929344e-05,-5.5929344e-05,-0.48797366,-0.48797685,0.9758354,3.1226733,0.1462487324476651
1.0,0.01615337607618001,-0.00011388175,-0.00011388175,5.5405275e-05,5.5405275e-05,-0.48787326,-0.48787007,0.9758354,3.122673,0.14627920459512983
1.0,0.01616337607618001,-8.465444e-06,-8.465444e-06,-5.593473e-05,-5.593473e-05,-0.48797366,-0.48797685,0.9758354,3.122673,0.1463096767425946
1.0,0.016173376076180013,-0.000113859416,-0.000113859416,5.541066e-05,5.541066e-05,-0.48787323,-0.48787007,0.9758354,3.1226733,0.14634014889244354
1.0,0.016183376076180013,-8.48777e-06,-8.48777e-06,-5.5940112e-05,-5.5940112e-05,-0.4879737,-0.48797685,0.9758354,3.1226733,0.14637062104229248
1.0,0.016193376076180013,-0.0001138371,-0.0001138371,5.5416036e-05,5.5416036e-05,-0.48787323,-0.48787007,0.9758354,3.1226733,0.14640109319214142
1.0,0.016203376076180012,-8.510072e-06,-8.510072e-06,-5.5945486e-05,-5.5945486e-05,-0.4879737,-0.48797688,0.9758354,3.1226733,0.14643156534199037
1.0,0.016213376076180012,-0.000113814815,-0.000113814815,5.5421406e-05,5.5421406e-05,-0.48787323,-0.48787004,0.9758354,3.122673,0.1464620374894551
1.0,0.01622337607618001,-8.53235e-06,-8.53235e-06,-5.5950855e-05,-5.5950855e-05,-0.4879737,-0.48797688,0.9758354,3.122673,0.14649250963691984
1.0,0.01623337607618001,-0.00011379254,-0.00011379254,5.542677e-05,5.542677e-05,-0.48787323,-0.48787004,0.9758354,3.1226733,0.14652298178676879
1.0,0.01624337607618001,-8.554605e-06,-8.554605e-06,-5.5956218e-05,-5.5956218e-05,-0.4879737,-0.48797688,0.9758354,3.1226733,0.14655345393661773
1.0,0.01625337607618001,-0.0001137703,-0.0001137703,5.543213e-05,5.543213e-05,-0.48787323,-0.48787004,0.9758354,3.1226733,0.14658392608646667
1.0,0.016263376076180013,-8.576837e-06,-8.576837e-06,-5.5961573e-05,-5.5961573e-05,-0.4879737,-0.48797688,0.9758354,3.1226733,0.1466143982363156
1.0,0.016273376076180013,-0.00011374808,-0.00011374808,5.5437486e-05,5.5437486e-05,-0.48787323,-0.48787004,0.9758354,3.122673,0.14664487038378035
1.0,0.016283376076180012,-8.599045e-06,-8.599045e-06,-5.5966924e-05,-5.5966924e-05,-0.4879737,-0.48797688,0.9758354,3.122673,0.1466753425312451
1.0,0.016293376076180012,-0.00011372589,-0.00011372589,5.5442833e-05,5.5442833e-05,-0.48787323,-0.48787004,0.9758354,3.122673,0.14670581467870983
1.0,0.01630337607618001,-8.621229e-06,-8.621229e-06,-5.597227e-05,-5.597227e-05,-0.4879737,-0.48797688,0.9758354,3.1226735,0.14673628683094295
1.0,0.01631337607618001,-0.00011370371,-0.00011370371,5.5448174e-05,5.5448174e-05,-0.4878732,-0.48787004,0.9758354,3.1226733,0.1467667589807919
1.0,0.01632337607618001,-8.643391e-06,-8.643391e-06,-5.5977605e-05,-5.5977605e-05,-0.48797372,-0.48797688,0.9758354,3.1226733,0.14679723113064083
1.0,0.01633337607618001,-0.00011368156,-0.00011368156,5.5453507e-05,5.5453507e-05,-0.4878732,-0.48787,0.9758354,3.1226735,0.14682770328287395
1.0,0.016343376076180013,-8.665529e-06,-8.665529e-06,-5.598294e-05,-5.598294e-05,-0.48797372,-0.4879769,0.9758354,3.122673,0.14685817543033872
1.0,0.016353376076180013,-0.00011365944,-0.00011365944,5.5458837e-05,5.5458837e-05,-0.4878732,-0.48787,0.9758354,3.122673,0.14688864757780346
1.0,0.016363376076180013,-8.687644e-06,-8.687644e-06,-5.5988265e-05,-5.5988265e-05,-0.48797372,-0.4879769,0.9758354,3.122673,0.1469191197252682
1.0,0.016373376076180012,-0.00011363733,-0.00011363733,5.5464163e-05,5.5464163e-05,-0.4878732,-0.48787,0.9758354,3.1226733,0.14694959187511714
1.0,0.016383376076180012,-8.709737e-06,-8.709737e-06,-5.5993583e-05,-5.5993583e-05,-0.48797372,-0.4879769,0.9758354,3.1226733,0.14698006402496608
1.0,0.01639337607618001,-0.00011361525,-0.00011361525,5.5469478e-05,5.5469478e-05,-0.4878732,-0.48787,0.9758354,3.1226733,0.14701053617481502
1.0,0.01640337607618001,-8.731807e-06,-8.731807e-06,-5.59989e-05,-5.59989e-05,-0.48797372,-0.4879769,0.9758354,3.1226733,0.14704100832466396
1.0,0.01641337607618001,-0.00011359319,-0.00011359319,5.547479e-05,5.547479e-05,-0.4878732,-0.48787,0.9758354,3.122673,0.1470714804721287
1.0,0.01642337607618001,-8.753853e-06,-8.753853e-06,-5.600421e-05,-5.600421e-05,-0.48797372,-0.4879769,0.9758354,3.122673,0.14710195261959347
1.0,0.016433376076180013,-0.00011357116,-0.00011357116,5.5480097e-05,5.5480097e-05,-0.4878732,-0.48787,0.9758354,3.1226733,0.1471324247694424
1.0,0.016443376076180013,-8.775876e-06,-8.775876e-06,-5.600951e-05,-5.600951e-05,-0.48797372,-0.4879769,0.9758354,3.1226733,0.14716289691929135
1.0,0.016453376076180012,-0.00011354914,-0.00011354914,5.5485398e-05,5.5485398e-05,-0.48787317,-0.48787,0.9758354,3.1226733,0.1471933690691403
1.0,0.016463376076180012,-8.797878e-06,-8.797878e-06,-5.6014807e-05,-5.6014807e-05,-0.48797375,-0.4879769,0.9758354,3.1226733,0.14722384121898924
1.0,0.01647337607618001,-0.00011352715,-0.00011352715,5.549069e-05,5.549069e-05,-0.48787317,-0.48786998,0.9758354,3.1226735,0.14725431337122236
1.0,0.01648337607618001,-8.819857e-06,-8.819857e-06,-5.60201e-05,-5.60201e-05,-0.48797375,-0.48797694,0.9758354,3.122673,0.1472847855186871
1.0,0.01649337607618001,-0.000113505186,-0.000113505186,5.5495977e-05,5.5495977e-05,-0.48787317,-0.48786998,0.9758354,3.122673,0.14731525766615183
1.0,0.01650337607618001,-8.841813e-06,-8.841813e-06,-5.6025383e-05,-5.6025383e-05,-0.48797375,-0.48797694,0.9758354,3.122673,0.1473457298136166
1.0,0.016513376076180013,-0.00011348324,-0.00011348324,5.550126e-05,5.550126e-05,-0.48787317,-0.48786998,0.9758354,3.1226733,0.14737620196346554
1.0,0.016523376076180013,-8.863746e-06,-8.863746e-06,-5.603066e-05,-5.603066e-05,-0.48797375,-0.48797694,0.9758354,3.1226733,0.14740667411331448
1.0,0.016533376076180013,-0.00011346132,-0.00011346132,5.5506534e-05,5.5506534e-05,-0.48787317,-0.48786998,0.9758354,3.1226733,0.14743714626316343
1.0,0.016543376076180012,-8.885658e-06,-8.885658e-06,-5.6035937e-05,-5.6035937e-05,-0.48797375,-0.48797694,0.9758354,3.1226733,0.14746761841301237
1.0,0.016553376076180012,-0.00011343942,-0.00011343942,5.5511806e-05,5.5511806e-05,-0.48787317,-0.48786998,0.9758354,3.122673,0.1474980905604771
1.0,0.01656337607618001,-8.9075465e-06,-8.9075465e-06,-5.6041205e-05,-5.6041205e-05,-0.48797375,-0.48797694,0.9758354,3.122673,0.14752856270794185
1.0,0.01657337607618001,-0.00011341754,-0.00011341754,5.551707e-05,5.551707e-05,-0.48787317,-0.48786998,0.9758354,3.122673,0.14755903485540658
1.0,0.01658337607618001,-8.929413e-06,-8.929413e-06,-5.6046465e-05,-5.6046465e-05,-0.48797375,-0.48797694,0.9758354,3.1226733,0.14758950700525553
1.0,0.01659337607618001,-0.00011339568,-0.00011339568,5.5522327e-05,5.5522327e-05,-0.48787314,-0.48786998,0.9758354,3.1226733,0.14761997915510447
1.0,0.016603376076180013,-8.951258e-06,-8.951258e-06,-5.605172e-05,-5.605172e-05,-0.48797378,-0.48797694,0.9758354,3.1226733,0.1476504513049534
1.0,0.016613376076180013,-0.00011337385,-0.00011337385,5.552758e-05,5.552758e-05,-0.48787314,-0.48786995,0.9758354,3.1226735,0.14768092345718653
1.0,0.016623376076180012,-8.97308e-06,-8.97308e-06,-5.6056968e-05,-5.6056968e-05,-0.48797378,-0.48797697,0.9758354,3.122673,0.14771139560465127
1.0,0.016633376076180012,-0.000113352035,-0.000113352035,5.5532826e-05,5.5532826e-05,-0.48787314,-0.48786995,0.9758354,3.122673,0.147741867752116
1.0,0.01664337607618001,-8.994881e-06,-8.994881e-06,-5.6062214e-05,-5.6062214e-05,-0.48797378,-0.48797697,0.9758354,3.122673,0.14777233989958075
1.0,0.01665337607618001,-0.00011333025,-0.00011333025,5.553807e-05,5.553807e-05,-0.48787314,-0.48786995,0.9758354,3.1226733,0.1478028120494297
1.0,0.01666337607618001,-9.0166595e-06,-9.0166595e-06,-5.606745e-05,-5.606745e-05,-0.48797378,-0.48797697,0.9758354,3.1226733,0.14783328419927863
1.0,0.01667337607618001,-0.00011330848,-0.00011330848,5.5543303e-05,5.5543303e-05,-0.48787314,-0.48786995,0.9758354,3.1226733,0.14786375634912757
1.0,0.016683376076180013,-9.038416e-06,-9.038416e-06,-5.607268e-05,-5.607268e-05,-0.48797378,-0.48797697,0.9758354,3.1226733,0.14789422849897652
1.0,0.016693376076180013,-0.00011328673,-0.00011328673,5.554853e-05,5.554853e-05,-0.48787314,-0.48786995,0.9758354,3.1226735,0.14792470065120963
1.0,0.016703376076180013,-9.060151e-06,-9.060151e-06,-5.6077908e-05,-5.6077908e-05,-0.48797378,-0.48797697,0.9758354,3.122673,0.14795517279867437
1.0,0.016713376076180012,-0.00011326501,-0.00011326501,5.555375e-05,5.555375e-05,-0.4878731,-0.48786995,0.9758354,3.122673,0.1479856449461391
1.0,0.016723376076180012,-9.081864e-06,-9.081864e-06,-5.6083125e-05,-5.6083125e-05,-0.4879738,-0.48797697,0.9758354,3.122673,0.14801611709360385
1.0,0.01673337607618001,-0.00011324331,-0.00011324331,5.555897e-05,5.555897e-05,-0.4878731,-0.48786992,0.9758354,3.1226733,0.1480465892434528
1.0,0.01674337607618001,-9.103555e-06,-9.103555e-06,-5.608834e-05,-5.608834e-05,-0.4879738,-0.487977,0.9758354,3.1226733,0.14807706139330173
1.0,0.01675337607618001,-0.00011322163,-0.00011322163,5.5564182e-05,5.5564182e-05,-0.4878731,-0.48786992,0.9758354,3.1226733,0.14810753354315068
1.0,0.01676337607618001,-9.125226e-06,-9.125226e-06,-5.6093548e-05,-5.6093548e-05,-0.4879738,-0.487977,0.9758354,3.1226733,0.14813800569299962
1.0,0.016773376076180013,-0.00011319997,-0.00011319997,5.5569384e-05,5.5569384e-05,-0.4878731,-0.48786992,0.9758354,3.1226735,0.14816847784523274
1.0,0.016783376076180013,-9.146874e-06,-9.146874e-06,-5.609875e-05,-5.609875e-05,-0.4879738,-0.487977,0.9758354,3.122673,0.14819894999269748
1.0,0.016793376076180012,-0.00011317833,-0.00011317833,5.5574586e-05,5.5574586e-05,-0.4878731,-0.48786992,0.9758354,3.122673,0.14822942214016221
1.0,0.016803376076180012,-9.168501e-06,-9.168501e-06,-5.6103945e-05,-5.6103945e-05,-0.4879738,-0.487977,0.9758354,3.122673,0.14825989428762695
1.0,0.01681337607618001,-0.00011315671,-0.00011315671,5.5579778e-05,5.5579778e-05,-0.4878731,-0.48786992,0.9758354,3.1226733,0.1482903664374759
1.0,0.01682337607618001,-9.1901065e-06,-9.1901065e-06,-5.6109136e-05,-5.6109136e-05,-0.4879738,-0.487977,0.9758354,3.1226733,0.14832083858732484
1.0,0.01683337607618001,-0.00011313512,-0.00011313512,5.5584966e-05,5.5584966e-05,-0.4878731,-0.48786992,0.9758354,3.1226733,0.14835131073717378
1.0,0.01684337607618001,-9.211691e-06,-9.211691e-06,-5.611432e-05,-5.611432e-05,-0.4879738,-0.487977,0.9758354,3.1226733,0.14838178288702272
1.0,0.01685337607618001,-0.00011311354,-0.00011311354,5.5590146e-05,5.5590146e-05,-0.48787308,-0.48786992,0.9758354,3.1226735,0.14841225503925584
1.0,0.016863376076180013,-9.233254e-06,-9.233254e-06,-5.61195e-05,-5.61195e-05,-0.48797384,-0.487977,0.9758354,3.122673,0.1484427271867206
1.0,0.016873376076180013,-0.00011309199,-0.00011309199,5.5595323e-05,5.5595323e-05,-0.48787308,-0.4878699,0.9758354,3.122673,0.14847319933418535
1.0,0.016883376076180012,-9.254796e-06,-9.254796e-06,-5.612467e-05,-5.612467e-05,-0.48797384,-0.48797703,0.9758354,3.1226735,0.14850367148641846
1.0,0.016893376076180012,-0.00011307046,-0.00011307046,5.5600492e-05,5.5600492e-05,-0.48787308,-0.4878699,0.9758354,3.1226733,0.1485341436362674
1.0,0.01690337607618001,-9.2763175e-06,-9.2763175e-06,-5.612984e-05,-5.612984e-05,-0.48797384,-0.48797703,0.9758354,3.1226733,0.14856461578611635
1.0,0.01691337607618001,-0.00011304895,-0.00011304895,5.5605655e-05,5.5605655e-05,-0.48787308,-0.4878699,0.9758354,3.1226733,0.1485950879359653
1.0,0.01692337607618001,-9.297817e-06,-9.297817e-06,-5.6135e-05,-5.6135e-05,-0.48797384,-0.48797703,0.9758354,3.1226733,0.14862556008581423
1.0,0.01693337607618001,-0.00011302746,-0.00011302746,5.5610813e-05,5.5610813e-05,-0.48787308,-0.4878699,0.9758354,3.1226735,0.14865603223804735
1.0,0.016943376076180013,-9.319296e-06,-9.319296e-06,-5.6140154e-05,-5.6140154e-05,-0.48797384,-0.48797703,0.9758354,3.122673,0.14868650438551212
1.0,0.016953376076180013,-0.00011300599,-0.00011300599,5.5615965e-05,5.5615965e-05,-0.48787308,-0.4878699,0.9758354,3.122673,0.14871697653297686
1.0,0.016963376076180012,-9.340754e-06,-9.340754e-06,-5.61453e-05,-5.61453e-05,-0.48797384,-0.48797703,0.9758354,3.122673,0.1487474486804416
1.0,0.016973376076180012,-0.00011298454,-0.00011298454,5.562111e-05,5.562111e-05,-0.48787308,-0.4878699,0.9758354,3.1226733,0.14877792083029054
1.0,0.01698337607618001,-9.362191e-06,-9.362191e-06,-5.6150446e-05,-5.6150446e-05,-0.48797384,-0.48797703,0.9758354,3.1226733,0.14880839298013948
1.0,0.01699337607618001,-0.00011296311,-0.00011296311,5.562625e-05,5.562625e-05,-0.48787305,-0.4878699,0.9758354,3.1226733,0.14883886512998842
1.0,0.01700337607618001,-9.383608e-06,-9.383608e-06,-5.6155583e-05,-5.6155583e-05,-0.48797387,-0.48797703,0.9758354,3.1226733,0.14886933727983737
1.0,0.01701337607618001,-0.00011294171,-0.00011294171,5.5631386e-05,5.5631386e-05,-0.48787305,-0.48786986,0.9758354,3.1226735,0.14889980943207048
1.0,0.01702337607618001,-9.405004e-06,-9.405004e-06,-5.6160716e-05,-5.6160716e-05,-0.48797387,-0.48797706,0.9758354,3.122673,0.14893028157953525
1.0,0.017033376076180013,-0.00011292032,-0.00011292032,5.5636512e-05,5.5636512e-05,-0.48787305,-0.48786986,0.9758354,3.122673,0.14896075372700002
1.0,0.017043376076180013,-9.426379e-06,-9.426379e-06,-5.616584e-05,-5.616584e-05,-0.48797387,-0.48797706,0.9758354,3.122673,0.14899122587446476
1.0,0.017053376076180012,-0.00011289896,-0.00011289896,5.5641634e-05,5.5641634e-05,-0.48787305,-0.48786986,0.9758354,3.1226733,0.1490216980243137
1.0,0.017063376076180012,-9.447733e-06,-9.447733e-06,-5.617096e-05,-5.617096e-05,-0.48797387,-0.48797706,0.9758354,3.1226733,0.14905217017416264
1.0,0.01707337607618001,-0.00011287761,-0.00011287761,5.5646753e-05,5.5646753e-05,-0.48787305,-0.48786986,0.9758354,3.1226733,0.14908264232401158
1.0,0.01708337607618001,-9.469068e-06,-9.469068e-06,-5.617607e-05,-5.617607e-05,-0.48797387,-0.48797706,0.9758354,3.1226733,0.14911311447386053
1.0,0.01709337607618001,-0.000112856294,-0.000112856294,5.5651864e-05,5.5651864e-05,-0.48787305,-0.48786986,0.9758354,3.1226735,0.14914358662609364
1.0,0.01710337607618001,-9.490381e-06,-9.490381e-06,-5.618118e-05,-5.618118e-05,-0.48797387,-0.48797706,0.9758354,3.122673,0.1491740587735584
1.0,0.017113376076180013,-0.00011283499,-0.00011283499,5.565697e-05,5.565697e-05,-0.48787302,-0.48786986,0.9758354,3.122673,0.14920453092102318
1.0,0.017123376076180013,-9.511674e-06,-9.511674e-06,-5.6186283e-05,-5.6186283e-05,-0.48797387,-0.48797706,0.9758354,3.122673,0.14923500306848791
1.0,0.017133376076180012,-0.0001128137,-0.0001128137,5.5662065e-05,5.5662065e-05,-0.48787302,-0.48786983,0.9758354,3.122673,0.14926547521595265
1.0,0.017143376076180012,-9.532947e-06,-9.532947e-06,-5.619138e-05,-5.619138e-05,-0.4879739,-0.4879771,0.9758354,3.1226733,0.1492959473658016
1.0,0.01715337607618001,-0.00011279244,-0.00011279244,5.566716e-05,5.566716e-05,-0.48787302,-0.48786983,0.9758354,3.1226733,0.14932641951565054
1.0,0.01716337607618001,-9.5542e-06,-9.5542e-06,-5.619647e-05,-5.619647e-05,-0.4879739,-0.4879771,0.9758354,3.1226733,0.14935689166549948
1.0,0.01717337607618001,-0.0001127712,-0.0001127712,5.5672248e-05,5.5672248e-05,-0.48787302,-0.48786983,0.9758354,3.1226733,0.14938736381534842
1.0,0.01718337607618001,-9.575432e-06,-9.575432e-06,-5.6201552e-05,-5.6201552e-05,-0.4879739,-0.4879771,0.9758354,3.122673,0.14941783596281316
1.0,0.01719337607618001,-0.00011274998,-0.00011274998,5.5677327e-05,5.5677327e-05,-0.48787302,-0.48786983,0.9758354,3.1226735,0.14944830811504628
1.0,0.017203376076180013,-9.596644e-06,-9.596644e-06,-5.620663e-05,-5.620663e-05,-0.4879739,-0.4879771,0.9758354,3.122673,0.14947878026251105
1.0,0.017213376076180013,-0.000112728776,-0.000112728776,5.56824e-05,5.56824e-05,-0.48787302,-0.48786983,0.9758354,3.122673,0.14950925240997578
1.0,0.017223376076180012,-9.617837e-06,-9.617837e-06,-5.6211706e-05,-5.6211706e-05,-0.4879739,-0.4879771,0.9758354,3.1226735,0.1495397245622089
1.0,0.017233376076180012,-0.00011270759,-0.00011270759,5.5687473e-05,5.5687473e-05,-0.48787302,-0.48786983,0.9758354,3.1226733,0.14957019671205785
1.0,0.01724337607618001,-9.6390095e-06,-9.6390095e-06,-5.621677e-05,-5.621677e-05,-0.4879739,-0.4879771,0.9758354,3.1226733,0.1496006688619068
1.0,0.01725337607618001,-0.00011268643,-0.00011268643,5.5692537e-05,5.5692537e-05,-0.487873,-0.48786983,0.9758354,3.1226733,0.14963114101175573
1.0,0.01726337607618001,-9.660162e-06,-9.660162e-06,-5.622183e-05,-5.622183e-05,-0.48797393,-0.4879771,0.9758354,3.1226733,0.14966161316160467
1.0,0.01727337607618001,-0.000112665286,-0.000112665286,5.5697594e-05,5.5697594e-05,-0.487873,-0.4878698,0.9758354,3.1226735,0.1496920853138378
1.0,0.017283376076180013,-9.681295e-06,-9.681295e-06,-5.6226887e-05,-5.6226887e-05,-0.48797393,-0.48797712,0.9758354,3.122673,0.14972255746130256
1.0,0.017293376076180013,-0.000112644164,-0.000112644164,5.5702647e-05,5.5702647e-05,-0.487873,-0.4878698,0.9758354,3.122673,0.1497530296087673
1.0,0.017303376076180012,-9.702407e-06,-9.702407e-06,-5.6231936e-05,-5.6231936e-05,-0.48797393,-0.48797712,0.9758354,3.122673,0.14978350175623203
1.0,0.017313376076180012,-0.00011262306,-0.00011262306,5.5707693e-05,5.5707693e-05,-0.487873,-0.4878698,0.9758354,3.122673,0.14981397390369677
1.0,0.01732337607618001,-9.7235e-06,-9.7235e-06,-5.623698e-05,-5.623698e-05,-0.48797393,-0.48797712,0.9758354,3.1226733,0.14984444605354572
1.0,0.01733337607618001,-0.00011260198,-0.00011260198,5.571273e-05,5.571273e-05,-0.487873,-0.4878698,0.9758354,3.1226733,0.14987491820339466
1.0,0.01734337607618001,-9.744574e-06,-9.744574e-06,-5.6242017e-05,-5.6242017e-05,-0.48797393,-0.48797712,0.9758354,3.1226733,0.1499053903532436
1.0,0.01735337607618001,-0.000112580914,-0.000112580914,5.5717766e-05,5.5717766e-05,-0.487873,-0.4878698,0.9758354,3.1226733,0.14993586250309254
1.0,0.01736337607618001,-9.765627e-06,-9.765627e-06,-5.624705e-05,-5.624705e-05,-0.48797393,-0.48797712,0.9758354,3.122673,0.1499663346505573
1.0,0.017373376076180013,-0.00011255987,-0.00011255987,5.5722798e-05,5.5722798e-05,-0.487873,-0.4878698,0.9758354,3.1226735,0.14999680680279043
1.0,0.017383376076180013,-9.786661e-06,-9.786661e-06,-5.6252073e-05,-5.6252073e-05,-0.48797393,-0.48797712,0.9758354,3.122673,0.15002727895025517
1.0,0.017393376076180012,-0.000112538844,-0.000112538844,5.5727818e-05,5.5727818e-05,-0.48787296,-0.48786977,0.9758354,3.122673,0.1500577510977199
1.0,0.017403376076180012,-9.807675e-06,-9.807675e-06,-5.6257093e-05,-5.6257093e-05,-0.48797396,-0.48797712,0.9758354,3.122673,0.15008822324518464
1.0,0.01741337607618001,-0.00011251784,-0.00011251784,5.5732835e-05,5.5732835e-05,-0.48787296,-0.48786977,0.9758354,3.1226733,0.15011869539503359
1.0,0.01742337607618001,-9.828671e-06,-9.828671e-06,-5.6262106e-05,-5.6262106e-05,-0.48797396,-0.48797715,0.9758354,3.1226733,0.15014916754488253
1.0,0.01743337607618001,-0.000112496855,-0.000112496855,5.5737848e-05,5.5737848e-05,-0.48787296,-0.48786977,0.9758354,3.1226733,0.15017963969473147
1.0,0.01744337607618001,-9.849647e-06,-9.849647e-06,-5.6267116e-05,-5.6267116e-05,-0.48797396,-0.48797715,0.9758354,3.1226733,0.1502101118445804
1.0,0.017453376076180013,-0.000112475886,-0.000112475886,5.574285e-05,5.574285e-05,-0.48787296,-0.48786977,0.9758354,3.1226733,0.15024058399442936
1.0,0.017463376076180013,-9.870602e-06,-9.870602e-06,-5.6272118e-05,-5.6272118e-05,-0.48797396,-0.48797715,0.9758354,3.122673,0.1502710561418941
1.0,0.017473376076180012,-0.000112454945,-0.000112454945,5.5747852e-05,5.5747852e-05,-0.48787296,-0.48786977,0.9758354,3.1226735,0.1503015282941272
1.0,0.017483376076180012,-9.89154e-06,-9.89154e-06,-5.6277113e-05,-5.6277113e-05,-0.48797396,-0.48797715,0.9758354,3.122673,0.15033200044159195
1.0,0.01749337607618001,-0.00011243401,-0.00011243401,5.5752844e-05,5.5752844e-05,-0.48787296,-0.48786977,0.9758354,3.122673,0.1503624725890567
1.0,0.01750337607618001,-9.912457e-06,-9.912457e-06,-5.6282104e-05,-5.6282104e-05,-0.48797396,-0.48797715,0.9758354,3.1226735,0.1503929447412898
1.0,0.01751337607618001,-0.00011241311,-0.00011241311,5.575783e-05,5.575783e-05,-0.48787293,-0.48786977,0.9758354,3.1226733,0.15042341689113875
1.0,0.01752337607618001,-9.9333565e-06,-9.9333565e-06,-5.628709e-05,-5.628709e-05,-0.487974,-0.48797715,0.9758354,3.1226733,0.1504538890409877
1.0,0.01753337607618001,-0.00011239222,-0.00011239222,5.5762815e-05,5.5762815e-05,-0.48787293,-0.48786974,0.9758354,3.1226733,0.15048436119083664
1.0,0.017543376076180013,-9.954236e-06,-9.954236e-06,-5.629207e-05,-5.629207e-05,-0.487974,-0.48797718,0.9758354,3.1226733,0.15051483334068558
1.0,0.017553376076180013,-0.000112371345,-0.000112371345,5.5767792e-05,5.5767792e-05,-0.48787293,-0.48786974,0.9758354,3.1226733,0.15054530549053452
1.0,0.017563376076180012,-9.975096e-06,-9.975096e-06,-5.629704e-05,-5.629704e-05,-0.487974,-0.48797718,0.9758354,3.122673,0.15057577763799926
1.0,0.017573376076180012,-0.0001123505,-0.0001123505,5.577276e-05,5.577276e-05,-0.48787293,-0.48786974,0.9758354,3.1226735,0.15060624979023238
1.0,0.01758337607618001,-9.995938e-06,-9.995938e-06,-5.6302008e-05,-5.6302008e-05,-0.487974,-0.48797718,0.9758354,3.122673,0.15063672193769712
1.0,0.01759337607618001,-0.00011232966,-0.00011232966,5.5777724e-05,5.5777724e-05,-0.48787293,-0.48786974,0.9758354,3.122673,0.15066719408516185
1.0,0.01760337607618001,-1.001676e-05,-1.001676e-05,-5.630697e-05,-5.630697e-05,-0.487974,-0.48797718,0.9758354,3.1226735,0.15069766623739497
1.0,0.01761337607618001,-0.00011230885,-0.00011230885,5.5782682e-05,5.5782682e-05,-0.48787293,-0.48786974,0.9758354,3.1226733,0.15072813838724392
1.0,0.017623376076180013,-1.0037564e-05,-1.0037564e-05,-5.6311925e-05,-5.6311925e-05,-0.487974,-0.48797718,0.9758354,3.1226733,0.15075861053709286
1.0,0.017633376076180013,-0.00011228806,-0.00011228806,5.5787637e-05,5.5787637e-05,-0.48787293,-0.48786974,0.9758354,3.1226733,0.1507890826869418
1.0,0.017643376076180012,-1.0058348e-05,-1.0058348e-05,-5.6316876e-05,-5.6316876e-05,-0.487974,-0.48797718,0.9758354,3.1226733,0.15081955483679074
1.0,0.017653376076180012,-0.000112267284,-0.000112267284,5.5792585e-05,5.5792585e-05,-0.4878729,-0.4878697,0.9758354,3.1226733,0.15085002698663968
1.0,0.01766337607618001,-1.0079115e-05,-1.0079115e-05,-5.632182e-05,-5.632182e-05,-0.48797402,-0.48797718,0.9758354,3.122673,0.15088049913410442
1.0,0.01767337607618001,-0.000112246526,-0.000112246526,5.5797525e-05,5.5797525e-05,-0.4878729,-0.4878697,0.9758354,3.1226735,0.15091097128633754
1.0,0.01768337607618001,-1.0099862e-05,-1.0099862e-05,-5.6326757e-05,-5.6326757e-05,-0.48797402,-0.4879772,0.9758354,3.122673,0.15094144343380228
1.0,0.01769337607618001,-0.00011222579,-0.00011222579,5.580246e-05,5.580246e-05,-0.4878729,-0.4878697,0.9758354,3.122673,0.15097191558126702
1.0,0.01770337607618001,-1.0120591e-05,-1.0120591e-05,-5.633169e-05,-5.633169e-05,-0.48797402,-0.4879772,0.9758354,3.1226735,0.15100238773350014
1.0,0.017713376076180013,-0.00011220507,-0.00011220507,5.5807388e-05,5.5807388e-05,-0.4878729,-0.4878697,0.9758354,3.1226733,0.15103285988334908
1.0,0.017723376076180013,-1.0141301e-05,-1.0141301e-05,-5.633662e-05,-5.633662e-05,-0.48797402,-0.4879772,0.9758354,3.1226733,0.15106333203319802
1.0,0.017733376076180012,-0.00011218437,-0.00011218437,5.5812314e-05,5.5812314e-05,-0.4878729,-0.4878697,0.9758354,3.1226733,0.15109380418304696
1.0,0.017743376076180012,-1.0161993e-05,-1.0161993e-05,-5.6341538e-05,-5.6341538e-05,-0.48797402,-0.4879772,0.9758354,3.1226733,0.1511242763328959
1.0,0.01775337607618001,-0.00011216368,-0.00011216368,5.5817232e-05,5.5817232e-05,-0.4878729,-0.4878697,0.9758354,3.1226733,0.15115474848274485
1.0,0.01776337607618001,-1.0182665e-05,-1.0182665e-05,-5.6346453e-05,-5.6346453e-05,-0.48797402,-0.4879772,0.9758354,3.122673,0.1511852206302096
1.0,0.01777337607618001,-0.00011214302,-0.00011214302,5.5822144e-05,5.5822144e-05,-0.48787287,-0.4878697,0.9758354,3.1226735,0.1512156927824427
1.0,0.01778337607618001,-1.020332e-05,-1.020332e-05,-5.6351364e-05,-5.6351364e-05,-0.48797402,-0.4879772,0.9758354,3.122673,0.15124616492990747
1.0,0.017793376076180013,-0.000112122376,-0.000112122376,5.582705e-05,5.582705e-05,-0.48787287,-0.48786968,0.9758354,3.122673,0.15127663707737224
1.0,0.017803376076180013,-1.02239555e-05,-1.02239555e-05,-5.6356264e-05,-5.6356264e-05,-0.48797405,-0.48797724,0.9758354,3.122673,0.15130710922483698
1.0,0.017813376076180013,-0.00011210175,-0.00011210175,5.583195e-05,5.583195e-05,-0.48787287,-0.48786968,0.9758354,3.122673,0.15133758137230172
1.0,0.017823376076180012,-1.0244574e-05,-1.0244574e-05,-5.6361165e-05,-5.6361165e-05,-0.48797405,-0.48797724,0.9758354,3.1226733,0.15136805352215066
1.0,0.01783337607618001,-0.000112081136,-0.000112081136,5.5836845e-05,5.5836845e-05,-0.48787287,-0.48786968,0.9758354,3.1226733,0.1513985256719996
1.0,0.01784337607618001,-1.0265173e-05,-1.0265173e-05,-5.6366054e-05,-5.6366054e-05,-0.48797405,-0.48797724,0.9758354,3.1226733,0.15142899782184854
1.0,0.01785337607618001,-0.00011206055,-0.00011206055,5.5841734e-05,5.5841734e-05,-0.48787287,-0.48786968,0.9758354,3.1226733,0.15145946997169749
1.0,0.01786337607618001,-1.0285754e-05,-1.0285754e-05,-5.637094e-05,-5.637094e-05,-0.48797405,-0.48797724,0.9758354,3.1226733,0.15148994212154643
1.0,0.01787337607618001,-0.000112039976,-0.000112039976,5.5846616e-05,5.5846616e-05,-0.48787287,-0.48786968,0.9758354,3.1226733,0.15152041427139537
1.0,0.017883376076180013,-1.0306317e-05,-1.0306317e-05,-5.6375822e-05,-5.6375822e-05,-0.48797405,-0.48797724,0.9758354,3.122673,0.15155088641886014
1.0,0.017893376076180013,-0.00011201942,-0.00011201942,5.5851495e-05,5.5851495e-05,-0.48787287,-0.48786968,0.9758354,3.122673,0.15158135856632488
1.0,0.017903376076180012,-1.0326862e-05,-1.0326862e-05,-5.6380697e-05,-5.6380697e-05,-0.48797405,-0.48797724,0.9758354,3.122673,0.1516118307137896
1.0,0.017913376076180012,-0.00011199889,-0.00011199889,5.5856366e-05,5.5856366e-05,-0.48787284,-0.48786965,0.9758354,3.122673,0.15164230286125435
1.0,0.01792337607618001,-1.03473885e-05,-1.03473885e-05,-5.6385565e-05,-5.6385565e-05,-0.48797408,-0.48797724,0.9758354,3.1226735,0.15167277501348747
1.0,0.01793337607618001,-0.00011197837,-0.00011197837,5.586123e-05,5.586123e-05,-0.48787284,-0.48786965,0.9758354,3.1226733,0.1517032471633364
1.0,0.01794337607618001,-1.0367898e-05,-1.0367898e-05,-5.639043e-05,-5.639043e-05,-0.48797408,-0.48797727,0.9758354,3.1226733,0.15173371931318536
1.0,0.01795337607618001,-0.00011195787,-0.00011195787,5.586609e-05,5.586609e-05,-0.48787284,-0.48786965,0.9758354,3.1226733,0.1517641914630343
1.0,0.017963376076180013,-1.0388388e-05,-1.0388388e-05,-5.6395285e-05,-5.6395285e-05,-0.48797408,-0.48797727,0.9758354,3.1226733,0.15179466361288324
1.0,0.017973376076180013,-0.000111937385,-0.000111937385,5.5870943e-05,5.5870943e-05,-0.48787284,-0.48786965,0.9758354,3.1226733,0.15182513576273218
1.0,0.017983376076180013,-1.040886e-05,-1.040886e-05,-5.6400135e-05,-5.6400135e-05,-0.48797408,-0.48797727,0.9758354,3.122673,0.15185560791019692
1.0,0.017993376076180012,-0.000111916925,-0.000111916925,5.5875793e-05,5.5875793e-05,-0.48787284,-0.48786965,0.9758354,3.1226735,0.15188608006243004
1.0,0.01800337607618001,-1.0429316e-05,-1.0429316e-05,-5.640498e-05,-5.640498e-05,-0.48797408,-0.48797727,0.9758354,3.122673,0.15191655220989478
1.0,0.01801337607618001,-0.00011189648,-0.00011189648,5.5880635e-05,5.5880635e-05,-0.48787284,-0.48786965,0.9758354,3.122673,0.15194702435735952
1.0,0.01802337607618001,-1.0449752e-05,-1.0449752e-05,-5.6409823e-05,-5.6409823e-05,-0.48797408,-0.48797727,0.9758354,3.122673,0.15197749650482426
1.0,0.01803337607618001,-0.00011187605,-0.00011187605,5.5885474e-05,5.5885474e-05,-0.4878728,-0.48786965,0.9758354,3.122673,0.152007968652289
1.0,0.01804337607618001,-1.0470172e-05,-1.0470172e-05,-5.6414654e-05,-5.6414654e-05,-0.48797408,-0.48797727,0.9758354,3.1226733,0.15203844080213794
1.0,0.018053376076180013,-0.00011185564,-0.00011185564,5.5890305e-05,5.5890305e-05,-0.4878728,-0.48786962,0.9758354,3.1226733,0.15206891295198688
1.0,0.018063376076180013,-1.0490573e-05,-1.0490573e-05,-5.641948e-05,-5.641948e-05,-0.4879741,-0.4879773,0.9758354,3.1226733,0.15209938510183582
1.0,0.018073376076180012,-0.000111835245,-0.000111835245,5.589513e-05,5.589513e-05,-0.4878728,-0.48786962,0.9758354,3.1226733,0.15212985725168476
1.0,0.018083376076180012,-1.0510957e-05,-1.0510957e-05,-5.6424306e-05,-5.6424306e-05,-0.4879741,-0.4879773,0.9758354,3.1226733,0.1521603294015337
1.0,0.01809337607618001,-0.00011181487,-0.00011181487,5.589995e-05,5.589995e-05,-0.4878728,-0.48786962,0.9758354,3.1226733,0.15219080155138265
1.0,0.01810337607618001,-1.0531323e-05,-1.0531323e-05,-5.6429122e-05,-5.6429122e-05,-0.4879741,-0.4879773,0.9758354,3.122673,0.1522212736988474
1.0,0.01811337607618001,-0.000111794514,-0.000111794514,5.5904762e-05,5.5904762e-05,-0.4878728,-0.48786962,0.9758354,3.1226735,0.1522517458510805
1.0,0.01812337607618001,-1.0551672e-05,-1.0551672e-05,-5.643393e-05,-5.643393e-05,-0.4879741,-0.4879773,0.9758354,3.122673,0.15228221799854524
1.0,0.01813337607618001,-0.00011177418,-0.00011177418,5.590957e-05,5.590957e-05,-0.4878728,-0.48786962,0.9758354,3.122673,0.15231269014601
1.0,0.018143376076180013,-1.0572003e-05,-1.0572003e-05,-5.6438737e-05,-5.6438737e-05,-0.4879741,-0.4879773,0.9758354,3.122673,0.15234316229347478
1.0,0.018153376076180013,-0.000111753856,-0.000111753856,5.5914374e-05,5.5914374e-05,-0.4878728,-0.48786962,0.9758354,3.122673,0.15237363444093951
1.0,0.018163376076180012,-1.0592316e-05,-1.0592316e-05,-5.6443536e-05,-5.6443536e-05,-0.4879741,-0.4879773,0.9758354,3.1226733,0.15240410659078846
1.0,0.01817337607618001,-0.00011173355,-0.00011173355,5.591917e-05,5.591917e-05,-0.48787278,-0.4878696,0.9758354,3.1226733,0.1524345787406374
1.0,0.01818337607618001,-1.0612612e-05,-1.0612612e-05,-5.644833e-05,-5.644833e-05,-0.48797414,-0.4879773,0.9758354,3.1226733,0.15246505089048634
1.0,0.01819337607618001,-0.00011171326,-0.00011171326,5.592396e-05,5.592396e-05,-0.48787278,-0.4878696,0.9758354,3.1226733,0.15249552304033528
1.0,0.01820337607618001,-1.0632891e-05,-1.0632891e-05,-5.645312e-05,-5.645312e-05,-0.48797414,-0.48797733,0.9758354,3.1226733,0.15252599519018423
1.0,0.01821337607618001,-0.00011169299,-0.00011169299,5.5928744e-05,5.5928744e-05,-0.48787278,-0.4878696,0.9758354,3.1226733,0.15255646734003317
1.0,0.018223376076180013,-1.0653152e-05,-1.0653152e-05,-5.6457902e-05,-5.6457902e-05,-0.48797414,-0.48797733,0.9758354,3.122673,0.15258693948749794
1.0,0.018233376076180013,-0.000111672736,-0.000111672736,5.5933524e-05,5.5933524e-05,-0.48787278,-0.4878696,0.9758354,3.1226735,0.15261741163973105
1.0,0.018243376076180012,-1.0673396e-05,-1.0673396e-05,-5.646268e-05,-5.646268e-05,-0.48797414,-0.48797733,0.9758354,3.122673,0.1526478837871958
1.0,0.018253376076180012,-0.0001116525,-0.0001116525,5.5938297e-05,5.5938297e-05,-0.48787278,-0.4878696,0.9758354,3.122673,0.15267835593466053
1.0,0.01826337607618001,-1.0693622e-05,-1.0693622e-05,-5.646745e-05,-5.646745e-05,-0.48797414,-0.48797733,0.9758354,3.122673,0.15270882808212527
1.0,0.01827337607618001,-0.00011163228,-0.00011163228,5.5943066e-05,5.5943066e-05,-0.48787278,-0.4878696,0.9758354,3.122673,0.15273930022959
1.0,0.01828337607618001,-1.0713832e-05,-1.0713832e-05,-5.6472214e-05,-5.6472214e-05,-0.48797414,-0.48797733,0.9758354,3.1226735,0.15276977238182313
1.0,0.01829337607618001,-0.000111612084,-0.000111612084,5.594783e-05,5.594783e-05,-0.48787275,-0.4878696,0.9758354,3.1226733,0.15280024453167207
1.0,0.01830337607618001,-1.0734024e-05,-1.0734024e-05,-5.6476973e-05,-5.6476973e-05,-0.48797414,-0.48797733,0.9758354,3.1226733,0.152830716681521
1.0,0.018313376076180013,-0.0001115919,-0.0001115919,5.5952583e-05,5.5952583e-05,-0.48787275,-0.48786956,0.9758354,3.1226733,0.15286118883136995
1.0,0.018323376076180013,-1.0754199e-05,-1.0754199e-05,-5.6481724e-05,-5.6481724e-05,-0.48797417,-0.48797736,0.9758354,3.1226733,0.1528916609812189
1.0,0.018333376076180012,-0.00011157173,-0.00011157173,5.5957335e-05,5.5957335e-05,-0.48787275,-0.48786956,0.9758354,3.1226733,0.15292213313106784
1.0,0.01834337607618001,-1.0774357e-05,-1.0774357e-05,-5.648647e-05,-5.648647e-05,-0.48797417,-0.48797736,0.9758354,3.1226733,0.15295260528091678
1.0,0.01835337607618001,-0.000111551584,-0.000111551584,5.596208e-05,5.596208e-05,-0.48787275,-0.48786956,0.9758354,3.1226733,0.15298307743076572
1.0,0.01836337607618001,-1.0794498e-05,-1.0794498e-05,-5.6491215e-05,-5.6491215e-05,-0.48797417,-0.48797736,0.9758354,3.122673,0.15301354957823046
1.0,0.01837337607618001,-0.00011153145,-0.00011153145,5.596682e-05,5.596682e-05,-0.48787275,-0.48786956,0.9758354,3.1226735,0.15304402173046358
1.0,0.01838337607618001,-1.0814622e-05,-1.0814622e-05,-5.6495952e-05,-5.6495952e-05,-0.48797417,-0.48797736,0.9758354,3.122673,0.15307449387792835
1.0,0.018393376076180013,-0.000111511334,-0.000111511334,5.597155e-05,5.597155e-05,-0.48787275,-0.48786956,0.9758354,3.122673,0.1531049660253931
1.0,0.018403376076180013,-1.08347285e-05,-1.08347285e-05,-5.650068e-05,-5.650068e-05,-0.48797417,-0.48797736,0.9758354,3.122673,0.15313543817285785
1.0,0.018413376076180012,-0.00011149124,-0.00011149124,5.5976278e-05,5.5976278e-05,-0.48787275,-0.48786956,0.9758354,3.122673,0.1531659103203226
1.0,0.018423376076180012,-1.0854819e-05,-1.0854819e-05,-5.6505407e-05,-5.6505407e-05,-0.48797417,-0.48797736,0.9758354,3.1226733,0.15319638247017153
1.0,0.01843337607618001,-0.000111471156,-0.000111471156,5.5981e-05,5.5981e-05,-0.48787272,-0.48786953,0.9758354,3.1226733,0.15322685462002048
1.0,0.01844337607618001,-1.0874893e-05,-1.0874893e-05,-5.6510125e-05,-5.6510125e-05,-0.4879742,-0.4879774,0.9758354,3.1226733,0.15325732676986942
1.0,0.01845337607618001,-0.00011145109,-0.00011145109,5.5985714e-05,5.5985714e-05,-0.48787272,-0.48786953,0.9758354,3.1226733,0.15328779891971836
1.0,0.01846337607618001,-1.0894949e-05,-1.0894949e-05,-5.6514837e-05,-5.6514837e-05,-0.4879742,-0.4879774,0.9758354,3.1226733,0.1533182710695673
1.0,0.01847337607618001,-0.00011143104,-0.00011143104,5.5990426e-05,5.5990426e-05,-0.48787272,-0.48786953,0.9758354,3.1226733,0.15334874321941624
1.0,0.018483376076180013,-1.0914989e-05,-1.0914989e-05,-5.6519544e-05,-5.6519544e-05,-0.4879742,-0.4879774,0.9758354,3.122673,0.153379215366881
1.0,0.018493376076180013,-0.00011141101,-0.00011141101,5.599513e-05,5.599513e-05,-0.48787272,-0.48786953,0.9758354,3.1226735,0.15340968751911413
1.0,0.018503376076180012,-1.0935011e-05,-1.0935011e-05,-5.6524248e-05,-5.6524248e-05,-0.4879742,-0.4879774,0.9758354,3.122673,0.15344015966657887
1.0,0.018513376076180012,-0.000111391,-0.000111391,5.599983e-05,5.599983e-05,-0.48787272,-0.48786953,0.9758354,3.1226735,0.153470631818812
1.0,0.01852337607618001,-1.0955017e-05,-1.0955017e-05,-5.6528945e-05,-5.6528945e-05,-0.4879742,-0.4879774,0.9758354,3.122673,0.15350110396627673
1.0,0.01853337607618001,-0.000111371,-0.000111371,5.6004523e-05,5.6004523e-05,-0.48787272,-0.48786953,0.9758354,3.122673,0.15353157611374146
1.0,0.01854337607618001,-1.0975007e-05,-1.0975007e-05,-5.6533634e-05,-5.6533634e-05,-0.4879742,-0.4879774,0.9758354,3.1226735,0.15356204826597458
1.0,0.01855337607618001,-0.000111351015,-0.000111351015,5.6009212e-05,5.6009212e-05,-0.4878727,-0.4878695,0.9758354,3.122673,0.15359252041343935
1.0,0.018563376076180013,-1.099498e-05,-1.099498e-05,-5.6538316e-05,-5.6538316e-05,-0.48797423,-0.4879774,0.9758354,3.1226733,0.1536229925632883
1.0,0.018573376076180013,-0.00011133105,-0.00011133105,5.601389e-05,5.601389e-05,-0.4878727,-0.4878695,0.9758354,3.1226733,0.15365346471313723
1.0,0.018583376076180012,-1.1014937e-05,-1.1014937e-05,-5.6543e-05,-5.6543e-05,-0.48797423,-0.48797742,0.9758354,3.1226733,0.15368393686298618
1.0,0.018593376076180012,-0.00011131111,-0.00011131111,5.601857e-05,5.601857e-05,-0.4878727,-0.4878695,0.9758354,3.1226733,0.15371440901283512
1.0,0.01860337607618001,-1.10348765e-05,-1.10348765e-05,-5.654767e-05,-5.654767e-05,-0.48797423,-0.48797742,0.9758354,3.1226733,0.15374488116268406
1.0,0.01861337607618001,-0.00011129117,-0.00011129117,5.602324e-05,5.602324e-05,-0.4878727,-0.4878695,0.9758354,3.1226733,0.153775353312533
1.0,0.01862337607618001,-1.10548e-05,-1.10548e-05,-5.6552337e-05,-5.6552337e-05,-0.48797423,-0.48797742,0.9758354,3.122673,0.15380582545999774
1.0,0.01863337607618001,-0.000111271256,-0.000111271256,5.6027904e-05,5.6027904e-05,-0.4878727,-0.4878695,0.9758354,3.1226735,0.15383629761223086
1.0,0.01864337607618001,-1.1074707e-05,-1.1074707e-05,-5.6557e-05,-5.6557e-05,-0.48797423,-0.48797742,0.9758354,3.122673,0.15386676975969563
1.0,0.018653376076180013,-0.00011125136,-0.00011125136,5.603256e-05,5.603256e-05,-0.4878727,-0.4878695,0.9758354,3.1226735,0.15389724191192874
1.0,0.018663376076180013,-1.10945975e-05,-1.10945975e-05,-5.6561654e-05,-5.6561654e-05,-0.48797423,-0.48797742,0.9758354,3.122673,0.15392771405939348
1.0,0.018673376076180012,-0.00011123148,-0.00011123148,5.6037214e-05,5.6037214e-05,-0.48787266,-0.4878695,0.9758354,3.122673,0.15395818620685822
1.0,0.018683376076180012,-1.1114472e-05,-1.1114472e-05,-5.6566307e-05,-5.6566307e-05,-0.48797423,-0.48797742,0.9758354,3.122673,0.15398865835432296
1.0,0.01869337607618001,-0.00011121161,-0.00011121161,5.6041863e-05,5.6041863e-05,-0.48787266,-0.48786947,0.9758354,3.122673,0.1540191305017877
1.0,0.01870337607618001,-1.113433e-05,-1.113433e-05,-5.657095e-05,-5.657095e-05,-0.48797426,-0.48797745,0.9758354,3.1226733,0.15404960265163664
1.0,0.01871337607618001,-0.00011119176,-0.00011119176,5.6046505e-05,5.6046505e-05,-0.48787266,-0.48786947,0.9758354,3.1226733,0.15408007480148558
1.0,0.01872337607618001,-1.1154171e-05,-1.1154171e-05,-5.657559e-05,-5.657559e-05,-0.48797426,-0.48797745,0.9758354,3.1226733,0.15411054695133453
1.0,0.018733376076180013,-0.000111171925,-0.000111171925,5.605114e-05,5.605114e-05,-0.48787266,-0.48786947,0.9758354,3.1226733,0.15414101910118347
1.0,0.018743376076180013,-1.1173996e-05,-1.1173996e-05,-5.6580222e-05,-5.6580222e-05,-0.48797426,-0.48797745,0.9758354,3.1226733,0.1541714912510324
1.0,0.018753376076180012,-0.00011115211,-0.00011115211,5.605577e-05,5.605577e-05,-0.48787266,-0.48786947,0.9758354,3.1226733,0.15420196340088135
1.0,0.018763376076180012,-1.1193806e-05,-1.1193806e-05,-5.658485e-05,-5.658485e-05,-0.48797426,-0.48797745,0.9758354,3.1226733,0.1542324355507303
1.0,0.01877337607618001,-0.00011113231,-0.00011113231,5.6060395e-05,5.6060395e-05,-0.48787266,-0.48786947,0.9758354,3.1226733,0.15426290770057924
1.0,0.01878337607618001,-1.1213599e-05,-1.1213599e-05,-5.6589473e-05,-5.6589473e-05,-0.48797426,-0.48797745,0.9758354,3.122673,0.15429337984804398
1.0,0.01879337607618001,-0.000111112524,-0.000111112524,5.6065015e-05,5.6065015e-05,-0.48787266,-0.48786947,0.9758354,3.1226735,0.1543238520002771
1.0,0.01880337607618001,-1.12333755e-05,-1.12333755e-05,-5.6594086e-05,-5.6594086e-05,-0.48797426,-0.48797745,0.9758354,3.122673,0.15435432414774183
1.0,0.01881337607618001,-0.000111092755,-0.000111092755,5.6069628e-05,5.6069628e-05,-0.48787263,-0.48786944,0.9758354,3.122673,0.1543847962952066
1.0,0.018823376076180013,-1.1253137e-05,-1.1253137e-05,-5.65987e-05,-5.65987e-05,-0.4879743,-0.48797747,0.9758354,3.122673,0.15441526844267137
1.0,0.018833376076180013,-0.000111073,-0.000111073,5.6074237e-05,5.6074237e-05,-0.48787263,-0.48786944,0.9758354,3.122673,0.1544457405901361
1.0,0.018843376076180012,-1.1272881e-05,-1.1272881e-05,-5.6603305e-05,-5.6603305e-05,-0.4879743,-0.48797747,0.9758354,3.1226733,0.15447621273998505
1.0,0.018853376076180012,-0.00011105327,-0.00011105327,5.607884e-05,5.607884e-05,-0.48787263,-0.48786944,0.9758354,3.1226733,0.154506684889834
1.0,0.01886337607618001,-1.1292611e-05,-1.1292611e-05,-5.6607903e-05,-5.6607903e-05,-0.4879743,-0.48797747,0.9758354,3.1226733,0.15453715703968293
1.0,0.01887337607618001,-0.00011103354,-0.00011103354,5.6083434e-05,5.6083434e-05,-0.48787263,-0.48786944,0.9758354,3.1226733,0.15456762918953187
1.0,0.01888337607618001,-1.1312323e-05,-1.1312323e-05,-5.6612495e-05,-5.6612495e-05,-0.4879743,-0.48797747,0.9758354,3.1226733,0.15459810133938082
1.0,0.01889337607618001,-0.00011101384,-0.00011101384,5.6088025e-05,5.6088025e-05,-0.48787263,-0.48786944,0.9758354,3.1226733,0.15462857348922976
1.0,0.018903376076180013,-1.133202e-05,-1.133202e-05,-5.6617082e-05,-5.6617082e-05,-0.4879743,-0.48797747,0.9758354,3.1226733,0.1546590456390787
1.0,0.018913376076180013,-0.00011099415,-0.00011099415,5.609261e-05,5.609261e-05,-0.48787263,-0.48786944,0.9758354,3.1226733,0.15468951778892764
1.0,0.018923376076180012,-1.1351702e-05,-1.1351702e-05,-5.6621666e-05,-5.6621666e-05,-0.4879743,-0.48797747,0.9758354,3.122673,0.15471998993639238
1.0,0.018933376076180012,-0.00011097448,-0.00011097448,5.609719e-05,5.609719e-05,-0.4878726,-0.4878694,0.9758354,3.1226735,0.1547504620886255
1.0,0.01894337607618001,-1.1371367e-05,-1.1371367e-05,-5.6626242e-05,-5.6626242e-05,-0.48797432,-0.4879775,0.9758354,3.122673,0.15478093423609024
1.0,0.01895337607618001,-0.00011095482,-0.00011095482,5.6101762e-05,5.6101762e-05,-0.4878726,-0.4878694,0.9758354,3.1226735,0.15481140638832336
1.0,0.01896337607618001,-1.1391016e-05,-1.1391016e-05,-5.663081e-05,-5.663081e-05,-0.48797432,-0.4879775,0.9758354,3.122673,0.1548418785357881
1.0,0.01897337607618001,-0.00011093518,-0.00011093518,5.610633e-05,5.610633e-05,-0.4878726,-0.4878694,0.9758354,3.122673,0.15487235068325284
1.0,0.01898337607618001,-1.1410651e-05,-1.1410651e-05,-5.6635377e-05,-5.6635377e-05,-0.48797432,-0.4879775,0.9758354,3.122673,0.1549028228307176
1.0,0.018993376076180013,-0.00011091555,-0.00011091555,5.6110894e-05,5.6110894e-05,-0.4878726,-0.4878694,0.9758354,3.122673,0.15493329497818237
1.0,0.019003376076180013,-1.1430268e-05,-1.1430268e-05,-5.6639936e-05,-5.6639936e-05,-0.48797432,-0.4879775,0.9758354,3.1226733,0.1549637671280313
1.0,0.019013376076180012,-0.00011089594,-0.00011089594,5.611545e-05,5.611545e-05,-0.4878726,-0.4878694,0.9758354,3.1226733,0.15499423927788025
1.0,0.019023376076180012,-1.1449871e-05,-1.1449871e-05,-5.664449e-05,-5.664449e-05,-0.48797432,-0.4879775,0.9758354,3.1226733,0.1550247114277292
1.0,0.01903337607618001,-0.000110876346,-0.000110876346,5.612e-05,5.612e-05,-0.4878726,-0.4878694,0.9758354,3.1226733,0.15505518357757814
1.0,0.01904337607618001,-1.1469458e-05,-1.1469458e-05,-5.6649038e-05,-5.6649038e-05,-0.48797432,-0.4879775,0.9758354,3.1226733,0.15508565572742708
1.0,0.01905337607618001,-0.00011085677,-0.00011085677,5.6124547e-05,5.6124547e-05,-0.48787257,-0.48786938,0.9758354,3.1226733,0.15511612787727602
1.0,0.01906337607618001,-1.1489029e-05,-1.1489029e-05,-5.6653582e-05,-5.6653582e-05,-0.48797432,-0.4879775,0.9758354,3.1226733,0.15514660002712496
1.0,0.019073376076180013,-0.0001108372,-0.0001108372,5.6129084e-05,5.6129084e-05,-0.48787257,-0.48786938,0.9758354,3.1226733,0.1551770721769739
1.0,0.019083376076180013,-1.1508584e-05,-1.1508584e-05,-5.665812e-05,-5.665812e-05,-0.48797435,-0.48797753,0.9758354,3.122673,0.15520754432443865
1.0,0.019093376076180012,-0.00011081766,-0.00011081766,5.613362e-05,5.613362e-05,-0.48787257,-0.48786938,0.9758354,3.1226733,0.1552380164742876
1.0,0.019103376076180012,-1.1528125e-05,-1.1528125e-05,-5.666265e-05,-5.666265e-05,-0.48797435,-0.48797753,0.9758354,3.122673,0.15526848862175233
1.0,0.01911337607618001,-0.00011079812,-0.00011079812,5.6138146e-05,5.6138146e-05,-0.48787257,-0.48786938,0.9758354,3.1226735,0.15529896077398544
1.0,0.01912337607618001,-1.1547649e-05,-1.1547649e-05,-5.6667177e-05,-5.6667177e-05,-0.48797435,-0.48797753,0.9758354,3.122673,0.15532943292145018
1.0,0.01913337607618001,-0.00011077861,-0.00011077861,5.614267e-05,5.614267e-05,-0.48787257,-0.48786938,0.9758354,3.122673,0.15535990506891492
1.0,0.01914337607618001,-1.1567158e-05,-1.1567158e-05,-5.6671695e-05,-5.6671695e-05,-0.48797435,-0.48797753,0.9758354,3.122673,0.15539037721637966
1.0,0.01915337607618001,-0.00011075911,-0.00011075911,5.6147186e-05,5.6147186e-05,-0.48787257,-0.48786938,0.9758354,3.122673,0.15542084936384443
1.0,0.019163376076180013,-1.1586651e-05,-1.1586651e-05,-5.667621e-05,-5.667621e-05,-0.48797435,-0.48797753,0.9758354,3.1226735,0.15545132151607755
1.0,0.019173376076180013,-0.000110739624,-0.000110739624,5.6151697e-05,5.6151697e-05,-0.48787254,-0.48786935,0.9758354,3.122673,0.15548179366354228
1.0,0.019183376076180012,-1.160613e-05,-1.160613e-05,-5.6680718e-05,-5.6680718e-05,-0.48797435,-0.48797753,0.9758354,3.1226733,0.15551226581339123
1.0,0.019193376076180012,-0.000110720146,-0.000110720146,5.6156205e-05,5.6156205e-05,-0.48787254,-0.48786935,0.9758354,3.1226733,0.15554273796324017
1.0,0.01920337607618001,-1.1625593e-05,-1.1625593e-05,-5.668522e-05,-5.668522e-05,-0.48797438,-0.48797756,0.9758354,3.1226733,0.1555732101130891
1.0,0.01921337607618001,-0.0001107007,-0.0001107007,5.6160705e-05,5.6160705e-05,-0.48787254,-0.48786935,0.9758354,3.1226733,0.15560368226293805
1.0,0.01922337607618001,-1.1645041e-05,-1.1645041e-05,-5.6689718e-05,-5.6689718e-05,-0.48797438,-0.48797756,0.9758354,3.1226733,0.155634154412787
1.0,0.01923337607618001,-0.000110681256,-0.000110681256,5.6165198e-05,5.6165198e-05,-0.48787254,-0.48786935,0.9758354,3.1226733,0.15566462656263594
1.0,0.019243376076180013,-1.1664473e-05,-1.1664473e-05,-5.669421e-05,-5.669421e-05,-0.48797438,-0.48797756,0.9758354,3.1226733,0.15569509871248488
1.0,0.019253376076180013,-0.00011066183,-0.00011066183,5.6169687e-05,5.6169687e-05,-0.48787254,-0.48786935,0.9758354,3.1226733,0.15572557086233382
1.0,0.019263376076180012,-1.168389e-05,-1.168389e-05,-5.6698696e-05,-5.6698696e-05,-0.48797438,-0.48797756,0.9758354,3.122673,0.15575604300979856
1.0,0.019273376076180012,-0.00011064242,-0.00011064242,5.6174173e-05,5.6174173e-05,-0.48787254,-0.48786935,0.9758354,3.1226735,0.15578651516203168
1.0,0.01928337607618001,-1.1703292e-05,-1.1703292e-05,-5.6703175e-05,-5.6703175e-05,-0.48797438,-0.48797756,0.9758354,3.122673,0.15581698730949642
1.0,0.01929337607618001,-0.00011062303,-0.00011062303,5.6178647e-05,5.6178647e-05,-0.48787254,-0.48786935,0.9758354,3.1226735,0.15584745946172954
1.0,0.01930337607618001,-1.1722679e-05,-1.1722679e-05,-5.670765e-05,-5.670765e-05,-0.48797438,-0.48797756,0.9758354,3.122673,0.15587793160919428
1.0,0.01931337607618001,-0.00011060364,-0.00011060364,5.6183122e-05,5.6183122e-05,-0.4878725,-0.48786932,0.9758354,3.122673,0.15590840375665901
1.0,0.01932337607618001,-1.174205e-05,-1.174205e-05,-5.671212e-05,-5.671212e-05,-0.4879744,-0.4879776,0.9758354,3.122673,0.15593887590412378
1.0,0.019333376076180013,-0.00011058428,-0.00011058428,5.6187586e-05,5.6187586e-05,-0.4878725,-0.48786932,0.9758354,3.122673,0.15596934805158855
1.0,0.019343376076180013,-1.1761407e-05,-1.1761407e-05,-5.6716584e-05,-5.6716584e-05,-0.4879744,-0.4879776,0.9758354,3.1226733,0.1559998202014375
1.0,0.019353376076180012,-0.000110564935,-0.000110564935,5.6192046e-05,5.6192046e-05,-0.4878725,-0.48786932,0.9758354,3.122673,0.15603029234890223
1.0,0.019363376076180012,-1.17807485e-05,-1.17807485e-05,-5.672104e-05,-5.672104e-05,-0.4879744,-0.4879776,0.9758354,3.1226733,0.15606076449875117
1.0,0.01937337607618001,-0.000110545596,-0.000110545596,5.6196503e-05,5.6196503e-05,-0.4878725,-0.48786932,0.9758354,3.1226733,0.1560912366486001
1.0,0.01938337607618001,-1.1800075e-05,-1.1800075e-05,-5.6725494e-05,-5.6725494e-05,-0.4879744,-0.4879776,0.9758354,3.1226733,0.15612170879844905
1.0,0.01939337607618001,-0.00011052628,-0.00011052628,5.620095e-05,5.620095e-05,-0.4878725,-0.48786932,0.9758354,3.1226733,0.156152180948298
1.0,0.01940337607618001,-1.1819387e-05,-1.1819387e-05,-5.672994e-05,-5.672994e-05,-0.4879744,-0.4879776,0.9758354,3.1226733,0.15618265309814694
1.0,0.01941337607618001,-0.000110506975,-0.000110506975,5.6205397e-05,5.6205397e-05,-0.4878725,-0.48786932,0.9758354,3.1226733,0.15621312524799588
1.0,0.019423376076180013,-1.1838682e-05,-1.1838682e-05,-5.673438e-05,-5.673438e-05,-0.4879744,-0.4879776,0.9758354,3.1226733,0.15624359739784482
1.0,0.019433376076180012,-0.00011048769,-0.00011048769,5.6209836e-05,5.6209836e-05,-0.48787248,-0.4878693,0.9758354,3.1226733,0.15627406954769377
1.0,0.019443376076180012,-1.1857965e-05,-1.1857965e-05,-5.6738816e-05,-5.6738816e-05,-0.48797444,-0.48797762,0.9758354,3.122673,0.1563045416951585
1.0,0.01945337607618001,-0.00011046841,-0.00011046841,5.6214267e-05,5.6214267e-05,-0.48787248,-0.4878693,0.9758354,3.1226735,0.15633501384739162
1.0,0.01946337607618001,-1.1877231e-05,-1.1877231e-05,-5.6743247e-05,-5.6743247e-05,-0.48797444,-0.48797762,0.9758354,3.122673,0.15636548599485636
1.0,0.01947337607618001,-0.00011044915,-0.00011044915,5.6218694e-05,5.6218694e-05,-0.48787248,-0.4878693,0.9758354,3.1226735,0.15639595814708948
1.0,0.01948337607618001,-1.1896483e-05,-1.1896483e-05,-5.674767e-05,-5.674767e-05,-0.48797444,-0.48797762,0.9758354,3.122673,0.15642643029455422
1.0,0.01949337607618001,-0.00011042991,-0.00011042991,5.6223114e-05,5.6223114e-05,-0.48787248,-0.4878693,0.9758354,3.122673,0.15645690244201899
1.0,0.019503376076180013,-1.191572e-05,-1.191572e-05,-5.675209e-05,-5.675209e-05,-0.48797444,-0.48797762,0.9758354,3.122673,0.15648737458948375
1.0,0.019513376076180013,-0.00011041068,-0.00011041068,5.622753e-05,5.622753e-05,-0.48787248,-0.4878693,0.9758354,3.122673,0.1565178467369485
1.0,0.019523376076180012,-1.1934942e-05,-1.1934942e-05,-5.6756504e-05,-5.6756504e-05,-0.48797444,-0.48797762,0.9758354,3.1226735,0.1565483188891816
1.0,0.019533376076180012,-0.00011039146,-0.00011039146,5.623194e-05,5.623194e-05,-0.48787248,-0.4878693,0.9758354,3.122673,0.15657879103664635
1.0,0.01954337607618001,-1.1954149e-05,-1.1954149e-05,-5.676091e-05,-5.676091e-05,-0.48797444,-0.48797762,0.9758354,3.1226733,0.1566092631864953
1.0,0.01955337607618001,-0.00011037227,-0.00011037227,5.6236346e-05,5.6236346e-05,-0.48787245,-0.48786926,0.9758354,3.1226733,0.15663973533634423
1.0,0.01956337607618001,-1.1973342e-05,-1.1973342e-05,-5.676531e-05,-5.676531e-05,-0.48797446,-0.48797765,0.9758354,3.1226733,0.15667020748619317
1.0,0.01957337607618001,-0.00011035308,-0.00011035308,5.6240744e-05,5.6240744e-05,-0.48787245,-0.48786926,0.9758354,3.1226733,0.15670067963604212
1.0,0.01958337607618001,-1.199252e-05,-1.199252e-05,-5.676971e-05,-5.676971e-05,-0.48797446,-0.48797765,0.9758354,3.1226733,0.15673115178589106
1.0,0.019593376076180013,-0.00011033391,-0.00011033391,5.624514e-05,5.624514e-05,-0.48787245,-0.48786926,0.9758354,3.1226733,0.15676162393574
1.0,0.019603376076180012,-1.2011684e-05,-1.2011684e-05,-5.6774097e-05,-5.6774097e-05,-0.48797446,-0.48797765,0.9758354,3.1226733,0.15679209608558894
1.0,0.019613376076180012,-0.00011031475,-0.00011031475,5.6249526e-05,5.6249526e-05,-0.48787245,-0.48786926,0.9758354,3.1226733,0.1568225682354379
1.0,0.01962337607618001,-1.2030832e-05,-1.2030832e-05,-5.6778485e-05,-5.6778485e-05,-0.48797446,-0.48797765,0.9758354,3.1226733,0.15685304038528683
1.0,0.01963337607618001,-0.00011029561,-0.00011029561,5.625391e-05,5.625391e-05,-0.48787245,-0.48786926,0.9758354,3.1226733,0.15688351253513577
1.0,0.01964337607618001,-1.2049966e-05,-1.2049966e-05,-5.6782865e-05,-5.6782865e-05,-0.48797446,-0.48797765,0.9758354,3.122673,0.1569139846826005
1.0,0.01965337607618001,-0.00011027649,-0.00011027649,5.6258286e-05,5.6258286e-05,-0.48787245,-0.48786926,0.9758354,3.1226735,0.15694445683483363
1.0,0.01966337607618001,-1.2069086e-05,-1.2069086e-05,-5.6787238e-05,-5.6787238e-05,-0.48797446,-0.48797765,0.9758354,3.122673,0.1569749289822984
1.0,0.019673376076180013,-0.00011025737,-0.00011025737,5.6262656e-05,5.6262656e-05,-0.48787242,-0.48786923,0.9758354,3.1226735,0.1570054011345315
1.0,0.019683376076180013,-1.20881905e-05,-1.20881905e-05,-5.6791607e-05,-5.6791607e-05,-0.48797446,-0.48797768,0.9758354,3.122673,0.15703587328199625
1.0,0.019693376076180012,-0.000110238274,-0.000110238274,5.626702e-05,5.626702e-05,-0.48787242,-0.48786923,0.9758354,3.122673,0.157066345429461
1.0,0.019703376076180012,-1.2107282e-05,-1.2107282e-05,-5.679597e-05,-5.679597e-05,-0.4879745,-0.48797768,0.9758354,3.122673,0.15709681757692573
1.0,0.01971337607618001,-0.00011021919,-0.00011021919,5.6271383e-05,5.6271383e-05,-0.48787242,-0.48786923,0.9758354,3.122673,0.15712728972439047
1.0,0.01972337607618001,-1.2126357e-05,-1.2126357e-05,-5.6800327e-05,-5.6800327e-05,-0.4879745,-0.48797768,0.9758354,3.1226735,0.1571577618766236
1.0,0.01973337607618001,-0.000110200126,-0.000110200126,5.6275734e-05,5.6275734e-05,-0.48787242,-0.48786923,0.9758354,3.122673,0.15718823402408832
1.0,0.01974337607618001,-1.21454195e-05,-1.21454195e-05,-5.6804678e-05,-5.6804678e-05,-0.4879745,-0.48797768,0.9758354,3.1226733,0.15721870617393727
1.0,0.01975337607618001,-0.00011018107,-0.00011018107,5.6280085e-05,5.6280085e-05,-0.48787242,-0.48786923,0.9758354,3.1226733,0.1572491783237862
1.0,0.019763376076180013,-1.2164466e-05,-1.2164466e-05,-5.680902e-05,-5.680902e-05,-0.4879745,-0.48797768,0.9758354,3.1226733,0.15727965047363515
1.0,0.019773376076180012,-0.00011016203,-0.00011016203,5.628443e-05,5.628443e-05,-0.48787242,-0.48786923,0.9758354,3.1226733,0.1573101226234841
1.0,0.019783376076180012,-1.2183499e-05,-1.2183499e-05,-5.6813362e-05,-5.6813362e-05,-0.4879745,-0.48797768,0.9758354,3.1226733,0.15734059477333304
1.0,0.01979337607618001,-0.000110143,-0.000110143,5.6288765e-05,5.6288765e-05,-0.4878724,-0.4878692,0.9758354,3.1226733,0.15737106692318198
1.0,0.01980337607618001,-1.2202518e-05,-1.2202518e-05,-5.68177e-05,-5.68177e-05,-0.4879745,-0.4879777,0.9758354,3.1226733,0.15740153907303092
1.0,0.01981337607618001,-0.00011012399,-0.00011012399,5.6293098e-05,5.6293098e-05,-0.4878724,-0.4878692,0.9758354,3.1226733,0.15743201122287986
1.0,0.01982337607618001,-1.22215215e-05,-1.22215215e-05,-5.6822028e-05,-5.6822028e-05,-0.48797452,-0.4879777,0.9758354,3.1226733,0.1574624833727288
1.0,0.01983337607618001,-0.00011010499,-0.00011010499,5.6297424e-05,5.6297424e-05,-0.4878724,-0.4878692,0.9758354,3.1226733,0.15749295552257775
1.0,0.019843376076180013,-1.2240512e-05,-1.2240512e-05,-5.682635e-05,-5.682635e-05,-0.48797452,-0.4879777,0.9758354,3.122673,0.15752342767004252
1.0,0.019853376076180013,-0.00011008601,-0.00011008601,5.6301746e-05,5.6301746e-05,-0.4878724,-0.4878692,0.9758354,3.1226733,0.15755389981989146
1.0,0.019863376076180012,-1.2259487e-05,-1.2259487e-05,-5.6830668e-05,-5.6830668e-05,-0.48797452,-0.4879777,0.9758354,3.122673,0.1575843719673562
1.0,0.019873376076180012,-0.00011006704,-0.00011006704,5.630606e-05,5.630606e-05,-0.4878724,-0.4878692,0.9758354,3.1226735,0.15761484411958931
1.0,0.01988337607618001,-1.2278449e-05,-1.2278449e-05,-5.6834982e-05,-5.6834982e-05,-0.48797452,-0.4879777,0.9758354,3.122673,0.15764531626705405
1.0,0.01989337607618001,-0.00011004809,-0.00011004809,5.631037e-05,5.631037e-05,-0.4878724,-0.4878692,0.9758354,3.122673,0.1576757884145188
1.0,0.01990337607618001,-1.2297396e-05,-1.2297396e-05,-5.683929e-05,-5.683929e-05,-0.48797452,-0.4879777,0.9758354,3.122673,0.15770626056198353
1.0,0.01991337607618001,-0.00011002915,-0.00011002915,5.6314675e-05,5.6314675e-05,-0.48787236,-0.48786917,0.9758354,3.122673,0.15773673270944827
1.0,0.01992337607618001,-1.2316329e-05,-1.2316329e-05,-5.684359e-05,-5.684359e-05,-0.48797452,-0.4879777,0.9758354,3.122673,0.15776720485691303
1.0,0.019933376076180013,-0.00011001022,-0.00011001022,5.631897e-05,5.631897e-05,-0.48787236,-0.48786917,0.9758354,3.122673,0.1577976770043778
1.0,0.019943376076180012,-1.2335247e-05,-1.2335247e-05,-5.6847886e-05,-5.6847886e-05,-0.48797455,-0.48797774,0.9758354,3.1226735,0.15782814915661092
1.0,0.019953376076180012,-0.00010999131,-0.00010999131,5.6323268e-05,5.6323268e-05,-0.48787236,-0.48786917,0.9758354,3.122673,0.15785862130407566
1.0,0.01996337607618001,-1.2354153e-05,-1.2354153e-05,-5.6852175e-05,-5.6852175e-05,-0.48797455,-0.48797774,0.9758354,3.1226733,0.1578890934539246
1.0,0.01997337607618001,-0.00010997241,-0.00010997241,5.6327553e-05,5.6327553e-05,-0.48787236,-0.48786917,0.9758354,3.1226733,0.15791956560377354
1.0,0.01998337607618001,-1.2373043e-05,-1.2373043e-05,-5.685646e-05,-5.685646e-05,-0.48797455,-0.48797774,0.9758354,3.1226733,0.15795003775362249
1.0,0.01999337607618001,-0.00010995353,-0.00010995353,5.6331835e-05,5.6331835e-05,-0.48787236,-0.48786917,0.9758354,3.1226733,0.15797536608850848
1.0,0.02,-1.239674e-05,-1.239674e-05,-5.686182e-05,-5.686182e-05,-0.48797455,-0.48797774,0.9758354,3.1226733,0.15798561070921927
1.0,0.0200001,-0.000100226884,-0.000100226884,5.6798843e-05,5.6798843e-05,-0.4878684,-0.4878652,0.9758354,3.1226733,0.15798591543071774
1.0,0.0200002,-9.253911e-05,-9.253911e-05,-5.6781406e-05,-5.6781406e-05,-0.4880245,-0.48802763,0.9758353,3.1226728,0.1579860795234517
1.0,0.02000020770015272,-0.00014859303,-0.00014859303,6.951155e-07,6.951155e-07,-0.4879793,-0.48797917,0.9758353,3.122673,0.15798611471948007
1.0,0.02000022310045816,-0.00017531426,-0.00017531426,2.2010617e-08,2.2010617e-08,-0.48799458,-0.4879945,0.9758353,3.1226733,0.15798618511154233
1.0,0.020000253901069038,-0.00021195637,-0.00021195637,4.141644e-07,4.141644e-07,-0.48801652,-0.48801634,0.9758353,3.122673,0.1579863207431879
1.0,0.020000312120535102,-0.0002826908,-0.0002826908,2.6889464e-07,2.6889464e-07,-0.48804718,-0.48804694,0.97583526,3.122673,0.157986428753939
1.0,0.020000324792534552,-0.0002931554,-0.0002931554,2.9460142e-07,2.9460142e-07,-0.488049,-0.48804876,0.97583526,3.1226726,0.15798648667538082
1.0,0.020000350136533455,-0.00031461267,-0.00031461267,4.0118394e-07,4.0118394e-07,-0.48805073,-0.48805046,0.9758352,3.1226726,0.15798660251825536
1.0,0.020000400824531264,-0.00034140027,-0.00034140027,3.270632e-07,3.270632e-07,-0.48803452,-0.48803422,0.97583514,3.1226726,0.1579868342039863
1.0,0.020000502200526876,-0.00035020817,-0.00035020817,5.648042e-07,5.648042e-07,-0.48793682,-0.48793653,0.9758349,3.1226716,0.1579872975751944
1.0,0.0200007049525181,-0.0003592561,-0.0003592561,1.1740264e-06,1.1740264e-06,-0.4876092,-0.4876089,0.97583413,3.1226692,0.15798820869155153
1.0,0.02000110020146487,-0.00039119675,-0.00039119675,2.4966412e-06,2.4966412e-06,-0.4865146,-0.4865143,0.9758306,3.1226578,0.15798969689334882
1.0,0.02000168172407912,-0.00040806903,-0.00040806903,-6.211666e-07,-6.211666e-07,-0.47565427,-0.47565398,0.97579795,3.1225533,0.15799173195927607
1.0,0.020002435993097933,-0.00042864055,-0.00042864055,-2.4387348e-06,-2.4387348e-06,-0.4126494,-0.41265082,0.9755512,3.1217637,0.15799408380820915
1.0,0.020003226229162757,-0.00045141796,-0.00045141796,-4.4988137e-06,-4.4988137e-06,-0.3180077,-0.31820795,0.9748733,3.1195948,0.15799649369081462
1.0,0.020004020811538608,-0.00043866425,-0.00043866425,2.6674193e-06,2.6674193e-06,-0.401497,-0.40894926,0.9737366,3.115957,0.15799789285383703
1.0,0.020004148514658697,-0.0004363408,-0.0004363408,1.8434217e-07,1.8434217e-07,-0.43463647,-0.44409162,0.973503,3.1152093,0.15799847377515078
1.0,0.020004403920898868,-0.00042988552,-0.00042988552,1.2267618e-06,1.2267618e-06,-0.51627475,-0.53021055,0.97300607,3.1136193,0.15799963443199735
1.0,0.020004914733379217,-0.0004157815,-0.0004157815,-1.9422558e-07,-1.9422558e-07,-0.7328014,-0.7568957,0.9718301,3.1098564,0.15800172907150659
1.0,0.02000579006570203,-0.00033222858,-0.00033222858,4.3574797e-05,4.3574797e-05,-2.3049679,-2.377388,0.9693755,3.1020017,0.15800430221269843
1.0,0.020006626164933324,-0.00013462767,-0.00013462767,-1.18947655e-05,-1.18947655e-05,-4.972938,-5.0777473,0.96684575,3.0939064,0.15800752138297763
1.0,0.02000794239936047,-0.00016639123,-0.00016639123,-6.572007e-05,-6.572007e-05,-6.109729,-6.198304,0.9628758,3.0812025,0.15801126098611384
1.0,0.020009147119453383,-5.942596e-05,-5.942596e-05,-4.334634e-05,-4.334634e-05,-6.5898376,-6.677595,0.95925695,3.069622,0.1580148708892684
1.0,0.020010394315958368,-0.00013054315,-0.00013054315,-5.5192362e-05,-5.5192362e-05,-6.931905,-7.015766,0.9555252,3.0576808,0.158019319895559
1.0,0.02001219262017033,-6.963386e-05,-6.963386e-05,-1.3431596e-06,-1.3431596e-06,-7.2006655,-7.275674,0.9501705,3.0405455,0.15802530645948917
1.0,0.020014538648235297,-0.00017522143,-0.00017522143,-1.4267334e-05,-1.4267334e-05,-7.2303905,-7.2903385,0.9432306,3.0183382,0.15803244982169526
1.0,0.02001721080732711,-0.000122868,-0.000122868,-1.2976759e-05,-1.2976759e-05,-6.615711,-6.649773,0.9353881,2.9932418,0.15804178267006766
1.0,0.020021205343274184,-0.00021889305,-0.00021889305,-5.193577e-05,-5.193577e-05,-5.162478,-5.15272,0.9237862,2.956116,0.15805814520340838
1.0,0.02002919441516834,-0.00011987805,-0.00011987805,-4.4718276e-05,-4.4718276e-05,-0.8486794,-0.80615836,0.90101117,2.8832357,0.15807014596172794
1.0,0.020030444415168342,-0.00017301766,-0.00017301766,-6.082102e-05,-6.082102e-05,-0.50885165,-0.4772536,0.8975059,2.8720188,0.1580749790627621
1.0,0.02003294441516834,-0.00018888479,-0.00018888479,-5.9649377e-05,-5.9649377e-05,-0.07798518,-0.06672884,0.8905227,2.8496728,0.15808449543127043
1.0,0.02003794441516834,-0.00022638311,-0.00022638311,-5.810461e-05,-5.810461e-05,3.53719e-05,3.523889e-05,0.87671965,2.805503,0.1581012787974813
1.0,0.020046591427972268,-0.00019560034,-0.00019560034,-4.9014558e-05,-4.9014558e-05,2.104243e-05,2.1081365e-05,0.853351,2.7307231,0.15812300504077106
1.0,0.020056591427972267,-0.00020240321,-0.00020240321,-5.0211533e-05,-5.0211533e-05,2.72681e-05,2.7173659e-05,0.8271009,2.646723,0.1581448961101833
1.0,0.020066591427972267,-0.00066602766,-0.00066602766,-0.00078014657,-0.00078014657,3.4876168e-05,3.493935e-05,0.8016723,2.565351,0.15815576519350483
1.0,0.020067161531844957,-0.00038550826,-0.00038550826,-0.00043262867,-0.00043262867,3.903876e-05,3.9032402e-05,0.8002472,2.560791,0.15815751763511054
1.0,0.020068301739590334,-0.00038202136,-0.00038202136,-0.00043343657,-0.00043343657,3.6385387e-05,3.6379803e-05,0.79740256,2.5516882,0.15816099764516353
1.0,0.02007058215508109,-0.00040656418,-0.00040656418,-0.00046850898,-0.00046850898,3.3003504e-05,3.2994725e-05,0.7917435,2.533579,0.15816785922631343
1.0,0.020075142986062604,-0.028813526,-0.028813526,-0.028878639,-0.028878639,3.3325465e-05,3.3327837e-05,0.7809647,2.499087,0.15817730303479982
1.0,0.020080259681739262,-1.0248995,-1.0248995,-1.02491,-1.02491,8.9399955e-06,9.323693e-06,0.78589714,2.514871,0.15818759828759738
1.0,0.020085561016283626,-2.493953,-2.493953,-2.4939435,-2.4939435,2.9486066e-05,2.9625455e-05,0.8317063,2.66146,0.1582038158283574
1.0,0.020094912632098314,-4.3132043,-4.3132043,-4.3131466,-4.3131466,3.5686724e-05,3.5870013e-05,1.004899,3.2156768,0.1582350825294369
1.0,0.020104912632098314,-4.111614,-4.111614,-4.1116033,-4.1116033,5.8671027e-05,5.833186e-05,1.2329947,3.9455829,0.15828373135412868
1.0,0.020114912632098313,-3.7850995,-3.7850995,-3.7850273,-3.7850273,-1.0466528e-05,-1.0477122e-05,1.4377527,4.600809,0.15834987961138422
1.0,0.020124912632098313,-3.6819744,-3.6819744,-3.6819541,-3.6819541,1.2313754e-05,1.2207902e-05,1.623134,5.194029,0.15843418566073114
1.0,0.020134912632098313,-3.5750532,-3.5750532,-3.574978,-3.574978,-1.1096099e-05,-1.09624525e-05,1.7963493,5.7483172,0.15853744551981624
1.0,0.020144912632098316,-2.2362227,-2.2362227,-2.236222,-2.236222,2.4119867e-05,2.372625e-05,1.919007,6.1408224,0.15865528832758605
1.0,0.020154912632098315,-1.4571309,-1.4571309,-1.4570788,-1.4570788,-1.7106557e-05,-1.6819416e-05,1.9730889,6.3138843,0.15877986687029538
1.0,0.020164912632098315,-1.1623461,-1.1623461,-1.1623613,-1.1623613,1.9611398e-05,1.9261477e-05,1.9927735,6.3768754,0.1589069435533398
1.0,0.020174912632098314,-1.0587895,-1.0587895,-1.0587474,-1.0587474,-1.9135283e-05,-1.8793804e-05,1.9997176,6.399096,0.15903490740145382
1.0,0.020184912632098314,-1.0238488,-1.0238488,-1.0238706,-1.0238706,1.9009043e-05,1.8656136e-05,2.0022306,6.4071383,0.15916319308603938
1.0,0.020194912632098314,-1.0110692,-1.0110692,-1.0110317,-1.0110317,-1.9419715e-05,-1.906524e-05,2.0032165,6.410293,0.15929160513247187
1.0,0.020204912632098313,-1.0065415,-1.0065415,-1.0065665,-1.0065665,1.8958448e-05,1.8600942e-05,2.0036454,6.4116654,0.1594200721773022
1.0,0.020214912632098313,-1.004401,-1.004401,-1.0043657,-1.0043657,-1.9469639e-05,-1.9110887e-05,2.003854,6.4123335,0.15954856598223385
1.0,0.020224912632098316,-1.0036923,-1.0036923,-1.003719,-1.003719,1.8957393e-05,1.8597615e-05,2.003969,6.4127007,0.15967707451189694
1.0,0.020234912632098315,-1.0030468,-1.0030468,-1.0030124,-1.0030124,-1.948021e-05,-1.9119829e-05,2.0040386,6.412923,0.15980559195841487
1.0,0.020244912632098315,-1.0029244,-1.0029244,-1.0029519,-1.0029519,1.8956594e-05,1.8595865e-05,2.0040824,6.413064,0.15993411505068478
1.0,0.020254912632098315,-1.0026101,-1.0026101,-1.0025761,-1.0025761,-1.948126e-05,-1.9120249e-05,2.0041115,6.4131565,0.1600626418622845
1.0,0.020264912632098314,-1.0026314,-1.0026314,-1.0026591,-1.0026591,1.895372e-05,1.859263e-05,2.0041308,6.4132185,0.16019117115343745
1.0,0.020274912632098314,-1.0024331,-1.0024331,-1.0023993,-1.0023993,-1.9478937e-05,-1.91177e-05,2.004144,6.4132605,0.16031970212305718
1.0,0.020284912632098313,-1.002502,-1.002502,-1.0025299,-1.0025299,1.8949764e-05,1.8588556e-05,2.0041528,6.4132886,0.16044823422754936
1.0,0.020294912632098313,-1.0023552,-1.0023552,-1.0023215,-1.0023215,-1.9475257e-05,-1.9113962e-05,2.0041587,6.413308,0.16057676710451774
1.0,0.020304912632098313,-1.0024413,-1.0024413,-1.0024693,-1.0024693,1.894535e-05,1.858413e-05,2.004163,6.413322,0.16070530053461723
1.0,0.020314912632098316,-1.0023203,-1.0023203,-1.0022866,-1.0022866,-1.947102e-05,-1.9109735e-05,2.004166,6.413331,0.16083383432711298
1.0,0.020324912632098315,-1.0024118,-1.0024118,-1.0024399,-1.0024399,1.8940775e-05,1.8579587e-05,2.004168,6.4133377,0.16096236838663752
1.0,0.020334912632098315,-1.0023048,-1.0023048,-1.0022712,-1.0022712,-1.9466566e-05,-1.910532e-05,2.0041692,6.4133415,0.16109090260828668
1.0,0.020344912632098314,-1.0023971,-1.0023971,-1.0024251,-1.0024251,1.8936167e-05,1.8575027e-05,2.0041702,6.4133444,0.16121943694437676
1.0,0.020354912632098314,-1.0022984,-1.0022984,-1.0022647,-1.0022647,-1.946205e-05,-1.9100855e-05,2.004171,6.413347,0.1613479713758343
1.0,0.020364912632098314,-1.0023892,-1.0023892,-1.0024172,-1.0024172,1.8931587e-05,1.85705e-05,2.0041714,6.413348,0.16147650586451226
1.0,0.020374912632098313,-1.0022961,-1.0022961,-1.0022625,-1.0022625,-1.9457537e-05,-1.9096396e-05,2.0041716,6.413349,0.16160504039133722
1.0,0.020384912632098313,-1.0023847,-1.0023847,-1.0024128,-1.0024128,1.8927052e-05,1.8566021e-05,2.0041718,6.41335,0.16173357494677243
1.0,0.020394912632098316,-1.0022957,-1.0022957,-1.0022621,-1.0022621,-1.945306e-05,-1.9091976e-05,2.0041718,6.41335,0.16186210950220764
1.0,0.020404912632098315,-1.0023819,-1.0023819,-1.0024099,-1.0024099,1.8922578e-05,1.85616e-05,2.004172,6.4133506,0.16199064408625305
1.0,0.020414912632098315,-1.0022962,-1.0022962,-1.0022626,-1.0022626,-1.9448633e-05,-1.9087605e-05,2.004172,6.4133506,0.16211917867029846
1.0,0.020424912632098315,-1.0023799,-1.0023799,-1.002408,-1.002408,1.8918163e-05,1.8557243e-05,2.004172,6.413351,0.1622477132638806
1.0,0.020434912632098314,-1.0022972,-1.0022972,-1.0022634,-1.0022634,-1.944426e-05,-1.9083289e-05,2.004172,6.413351,0.16237624785746274
1.0,0.020444912632098314,-1.0023783,-1.0023783,-1.0024065,-1.0024065,1.891381e-05,1.8552946e-05,2.0041723,6.4133515,0.16250478247011838
1.0,0.020454912632098313,-1.0022982,-1.0022982,-1.0022645,-1.0022645,-1.9439947e-05,-1.907903e-05,2.0041723,6.413351,0.16263331707323728
1.0,0.020464912632098313,-1.0023769,-1.0023769,-1.002405,-1.002405,1.8909519e-05,1.854871e-05,2.0041723,6.413351,0.16276185167635618
1.0,0.020474912632098313,-1.0022993,-1.0022993,-1.0022657,-1.0022657,-1.943569e-05,-1.9074829e-05,2.0041723,6.413351,0.16289038627947508
1.0,0.020484912632098316,-1.0023757,-1.0023757,-1.0024039,-1.0024039,1.8905288e-05,1.8544533e-05,2.0041723,6.4133515,0.16301892089213074
1.0,0.020494912632098315,-1.0023005,-1.0023005,-1.0022668,-1.0022668,-1.9431493e-05,-1.9070687e-05,2.0041723,6.413351,0.16314745549524964
1.0,0.020504912632098315,-1.0023745,-1.0023745,-1.0024027,-1.0024027,1.8901115e-05,1.8540415e-05,2.0041723,6.4133515,0.16327599010790528
1.0,0.020514912632098314,-1.0023016,-1.0023016,-1.002268,-1.002268,-1.9427353e-05,-1.90666e-05,2.0041723,6.4133515,0.1634045247205609
1.0,0.020524912632098314,-1.0023733,-1.0023733,-1.0024015,-1.0024015,1.8896999e-05,1.8536353e-05,2.0041723,6.413351,0.1635330593236798
1.0,0.020534912632098314,-1.0023028,-1.0023028,-1.002269,-1.002269,-1.9423267e-05,-1.9062569e-05,2.0041723,6.413351,0.16366159392679872
1.0,0.020544912632098313,-1.0023723,-1.0023723,-1.0024004,-1.0024004,1.889294e-05,1.8532348e-05,2.0041723,6.4133515,0.16379012853945435
1.0,0.020554912632098313,-1.0023038,-1.0023038,-1.0022701,-1.0022701,-1.9419238e-05,-1.9058592e-05,2.0041723,6.413351,0.16391866314257325
1.0,0.020564912632098316,-1.0023712,-1.0023712,-1.0023993,-1.0023993,1.8888935e-05,1.8528395e-05,2.0041723,6.4133515,0.1640471977552289
1.0,0.020574912632098315,-1.0023049,-1.0023049,-1.0022712,-1.0022712,-1.9415262e-05,-1.9054669e-05,2.0041723,6.4133515,0.16417573236788455
1.0,0.020584912632098315,-1.0023701,-1.0023701,-1.0023983,-1.0023983,1.8884984e-05,1.8524497e-05,2.0041723,6.413351,0.16430426697100345
1.0,0.020594912632098315,-1.002306,-1.002306,-1.0022722,-1.0022722,-1.9411338e-05,-1.9050798e-05,2.0041723,6.413351,0.16443280157412235
1.0,0.020604912632098314,-1.0023692,-1.0023692,-1.0023973,-1.0023973,1.8881086e-05,1.8520652e-05,2.0041723,6.4133515,0.16456133618677798
1.0,0.020614912632098314,-1.0023069,-1.0023069,-1.0022732,-1.0022732,-1.9407467e-05,-1.9046978e-05,2.0041723,6.413351,0.16468987078989689
1.0,0.020624912632098313,-1.0023681,-1.0023681,-1.0023962,-1.0023962,1.887724e-05,1.8516856e-05,2.0041723,6.4133515,0.16481840540255252
1.0,0.020634912632098313,-1.002308,-1.002308,-1.0022743,-1.0022743,-1.9403646e-05,-1.9043207e-05,2.0041723,6.4133515,0.16494694001520815
1.0,0.020644912632098313,-1.0023671,-1.0023671,-1.0023953,-1.0023953,1.8873443e-05,1.851311e-05,2.0041723,6.413351,0.16507547461832706
1.0,0.020654912632098316,-1.002309,-1.002309,-1.0022752,-1.0022752,-1.9399875e-05,-1.9039488e-05,2.0041723,6.413351,0.16520400922144596
1.0,0.020664912632098315,-1.0023662,-1.0023662,-1.0023943,-1.0023943,1.8869696e-05,1.8509412e-05,2.0041723,6.4133515,0.1653325438341016
1.0,0.020674912632098315,-1.0023099,-1.0023099,-1.0022762,-1.0022762,-1.9396153e-05,-1.9035815e-05,2.0041723,6.413351,0.1654610784372205
1.0,0.020684912632098314,-1.0023652,-1.0023652,-1.0023934,-1.0023934,1.8865996e-05,1.8505763e-05,2.0041723,6.4133515,0.16558961304987613
1.0,0.020694912632098314,-1.0023109,-1.0023109,-1.0022771,-1.0022771,-1.9392477e-05,-1.903219e-05,2.0041723,6.4133515,0.16571814766253176
1.0,0.020704912632098314,-1.0023643,-1.0023643,-1.0023924,-1.0023924,1.8862345e-05,1.8502162e-05,2.0041723,6.413351,0.16584668226565066
1.0,0.020714912632098313,-1.0023118,-1.0023118,-1.0022781,-1.0022781,-1.938885e-05,-1.9028612e-05,2.0041723,6.413351,0.16597521686876957
1.0,0.020724912632098313,-1.0023633,-1.0023633,-1.0023916,-1.0023916,1.885874e-05,1.8498606e-05,2.0041723,6.4133515,0.16610375148142523
1.0,0.020734912632098316,-1.0023128,-1.0023128,-1.002279,-1.002279,-1.9385268e-05,-1.9025078e-05,2.0041723,6.413351,0.16623228608454413
1.0,0.020744912632098315,-1.0023625,-1.0023625,-1.0023906,-1.0023906,1.885518e-05,1.8495093e-05,2.0041723,6.4133515,0.16636082069719976
1.0,0.020754912632098315,-1.0023136,-1.0023136,-1.0022799,-1.0022799,-1.938173e-05,-1.9021589e-05,2.0041723,6.4133515,0.1664893553098554
1.0,0.020764912632098315,-1.0023617,-1.0023617,-1.0023898,-1.0023898,1.8851664e-05,1.8491626e-05,2.0041723,6.413351,0.1666178899129743
1.0,0.020774912632098314,-1.0023146,-1.0023146,-1.0022808,-1.0022808,-1.9378238e-05,-1.9018145e-05,2.0041723,6.413351,0.1667464245160932
1.0,0.020784912632098314,-1.0023607,-1.0023607,-1.0023888,-1.0023888,1.8848194e-05,1.8488203e-05,2.0041723,6.4133515,0.16687495912874883
1.0,0.020794912632098313,-1.0023154,-1.0023154,-1.0022817,-1.0022817,-1.937479e-05,-1.9014744e-05,2.0041723,6.413351,0.16700349373186774
1.0,0.020804912632098313,-1.0023599,-1.0023599,-1.002388,-1.002388,1.8844765e-05,1.8484823e-05,2.0041723,6.4133515,0.16713202834452337
1.0,0.020814912632098313,-1.0023164,-1.0023164,-1.0022826,-1.0022826,-1.9371382e-05,-1.9011384e-05,2.0041723,6.4133515,0.16726056295717903
1.0,0.020824912632098316,-1.002359,-1.002359,-1.0023872,-1.0023872,1.884138e-05,1.8481483e-05,2.0041723,6.4133515,0.1673890975698347
1.0,0.020834912632098315,-1.0023172,-1.0023172,-1.0022835,-1.0022835,-1.9368019e-05,-1.9008066e-05,2.0041723,6.413351,0.1675176321729536
1.0,0.020844912632098315,-1.0023582,-1.0023582,-1.0023863,-1.0023863,1.8838036e-05,1.8478186e-05,2.0041723,6.413351,0.1676461667760725
1.0,0.020854912632098314,-1.002318,-1.002318,-1.0022843,-1.0022843,-1.9364696e-05,-1.9004789e-05,2.0041723,6.413351,0.1677747013791914
1.0,0.020864912632098314,-1.0023574,-1.0023574,-1.0023855,-1.0023855,1.8834733e-05,1.847493e-05,2.0041723,6.4133515,0.16790323599184703
1.0,0.020874912632098314,-1.0023189,-1.0023189,-1.0022851,-1.0022851,-1.9361412e-05,-1.9001553e-05,2.0041723,6.413351,0.16803177059496593
1.0,0.020884912632098313,-1.0023565,-1.0023565,-1.0023848,-1.0023848,1.883147e-05,1.8471712e-05,2.0041723,6.4133515,0.16816030520762157
1.0,0.020894912632098313,-1.0023196,-1.0023196,-1.0022858,-1.0022858,-1.935817e-05,-1.8998355e-05,2.0041723,6.4133515,0.16828883982027723
1.0,0.020904912632098316,-1.0023558,-1.0023558,-1.002384,-1.002384,1.8828247e-05,1.8468534e-05,2.0041723,6.413351,0.16841737442339613
1.0,0.020914912632098315,-1.0023204,-1.0023204,-1.0022867,-1.0022867,-1.9354968e-05,-1.8995197e-05,2.0041723,6.413351,0.16854590902651503
1.0,0.020924912632098315,-1.002355,-1.002355,-1.0023831,-1.0023831,1.8825063e-05,1.8465395e-05,2.0041723,6.413351,0.16867444362963394
1.0,0.020934912632098315,-1.0023212,-1.0023212,-1.0022875,-1.0022875,-1.9351803e-05,-1.8992076e-05,2.0041723,6.413351,0.16880297823275284
1.0,0.020944912632098314,-1.0023543,-1.0023543,-1.0023824,-1.0023824,1.8821916e-05,1.8462293e-05,2.0041723,6.4133515,0.16893151284540847
1.0,0.020954912632098314,-1.002322,-1.002322,-1.0022882,-1.0022882,-1.9348676e-05,-1.8988992e-05,2.0041723,6.413351,0.16906004744852737
1.0,0.020964912632098313,-1.0023534,-1.0023534,-1.0023816,-1.0023816,1.881881e-05,1.8459228e-05,2.0041723,6.4133515,0.169188582061183
1.0,0.020974912632098313,-1.0023228,-1.0023228,-1.002289,-1.002289,-1.9345587e-05,-1.8985947e-05,2.0041723,6.4133515,0.16931711667383864
1.0,0.020984912632098313,-1.0023527,-1.0023527,-1.0023808,-1.0023808,1.8815737e-05,1.84562e-05,2.0041723,6.413351,0.16944565127695754
1.0,0.020994912632098316,-1.0023235,-1.0023235,-1.0022898,-1.0022898,-1.9342535e-05,-1.8982937e-05,2.0041723,6.413351,0.16957418588007644
1.0,0.021004912632098315,-1.002352,-1.002352,-1.0023801,-1.0023801,1.8812703e-05,1.845321e-05,2.0041723,6.413351,0.16970272048319535
1.0,0.021014912632098315,-1.0023242,-1.0023242,-1.0022905,-1.0022905,-1.9339517e-05,-1.8979965e-05,2.0041723,6.413351,0.16983125508631425
1.0,0.021024912632098314,-1.0023513,-1.0023513,-1.0023794,-1.0023794,1.8809704e-05,1.8450251e-05,2.0041723,6.4133515,0.16995978969896988
1.0,0.021034912632098314,-1.0023249,-1.0023249,-1.0022912,-1.0022912,-1.9336538e-05,-1.8977025e-05,2.0041723,6.413351,0.17008832430208878
1.0,0.021044912632098314,-1.0023506,-1.0023506,-1.0023787,-1.0023787,1.880674e-05,1.844733e-05,2.0041723,6.4133515,0.17021685891474442
1.0,0.021054912632098313,-1.0023258,-1.0023258,-1.002292,-1.002292,-1.933359e-05,-1.8974122e-05,2.0041723,6.4133515,0.17034539352740005
1.0,0.021064912632098313,-1.0023499,-1.0023499,-1.002378,-1.002378,1.8803812e-05,1.8444443e-05,2.0041723,6.413351,0.17047392813051895
1.0,0.021074912632098316,-1.0023265,-1.0023265,-1.0022928,-1.0022928,-1.933068e-05,-1.8971252e-05,2.0041723,6.413351,0.17060246273363786
1.0,0.021084912632098315,-1.0023491,-1.0023491,-1.0023773,-1.0023773,1.8800918e-05,1.8441591e-05,2.0041723,6.413351,0.17073099733675676
1.0,0.021094912632098315,-1.0023271,-1.0023271,-1.0022933,-1.0022933,-1.9327803e-05,-1.8968416e-05,2.0041723,6.413351,0.17085953193987566
1.0,0.021104912632098315,-1.0023484,-1.0023484,-1.0023766,-1.0023766,1.8798059e-05,1.843877e-05,2.0041723,6.4133515,0.1709880665525313
1.0,0.021114912632098314,-1.0023278,-1.0023278,-1.0022941,-1.0022941,-1.932496e-05,-1.8965611e-05,2.0041723,6.413351,0.1711166011556502
1.0,0.021124912632098314,-1.0023477,-1.0023477,-1.002376,-1.002376,1.879523e-05,1.8435983e-05,2.0041723,6.4133515,0.17124513576830583
1.0,0.021134912632098313,-1.0023285,-1.0023285,-1.0022948,-1.0022948,-1.9322148e-05,-1.896284e-05,2.0041723,6.4133515,0.17137367038096146
1.0,0.021144912632098313,-1.0023471,-1.0023471,-1.0023752,-1.0023752,1.8792436e-05,1.8433228e-05,2.0041723,6.413351,0.17150220498408036
1.0,0.021154912632098313,-1.0023292,-1.0023292,-1.0022955,-1.0022955,-1.931937e-05,-1.8960101e-05,2.0041723,6.413351,0.17163073958719927
1.0,0.021164912632098316,-1.0023464,-1.0023464,-1.0023745,-1.0023745,1.8789673e-05,1.8430504e-05,2.0041723,6.413351,0.17175927419031817
1.0,0.021174912632098315,-1.0023298,-1.0023298,-1.0022961,-1.0022961,-1.9316623e-05,-1.8957395e-05,2.0041723,6.413351,0.17188780879343707
1.0,0.021184912632098315,-1.0023458,-1.0023458,-1.0023739,-1.0023739,1.8786943e-05,1.8427812e-05,2.0041723,6.4133515,0.1720163434060927
1.0,0.021194912632098314,-1.0023305,-1.0023305,-1.0022968,-1.0022968,-1.9313908e-05,-1.8954719e-05,2.0041723,6.413351,0.1721448780092116
1.0,0.021204912632098314,-1.0023451,-1.0023451,-1.0023733,-1.0023733,1.8784242e-05,1.8425151e-05,2.0041723,6.4133515,0.17227341262186724
1.0,0.021214912632098314,-1.0023311,-1.0023311,-1.0022974,-1.0022974,-1.9311225e-05,-1.8952072e-05,2.0041723,6.4133515,0.17240194723452287
1.0,0.021224912632098313,-1.0023445,-1.0023445,-1.0023726,-1.0023726,1.8781573e-05,1.8422521e-05,2.0041723,6.413351,0.17253048183764177
1.0,0.021234912632098313,-1.0023317,-1.0023317,-1.0022981,-1.0022981,-1.930857e-05,-1.8949457e-05,2.0041723,6.4133515,0.17265901645029744
1.0,0.021244912632098316,-1.0023439,-1.0023439,-1.002372,-1.002372,1.8778934e-05,1.841992e-05,2.0041723,6.413351,0.17278755105341634
1.0,0.021254912632098315,-1.0023324,-1.0023324,-1.0022987,-1.0022987,-1.9305946e-05,-1.894687e-05,2.0041723,6.413351,0.17291608565653524
1.0,0.021264912632098315,-1.0023433,-1.0023433,-1.0023714,-1.0023714,1.8776325e-05,1.8417348e-05,2.0041723,6.413351,0.17304462025965414
1.0,0.021274912632098315,-1.002333,-1.002333,-1.0022993,-1.0022993,-1.9303352e-05,-1.8944313e-05,2.0041723,6.413351,0.17317315486277304
1.0,0.021284912632098314,-1.0023427,-1.0023427,-1.0023708,-1.0023708,1.8773746e-05,1.8414805e-05,2.0041723,6.4133515,0.17330168947542868
1.0,0.021294912632098314,-1.0023336,-1.0023336,-1.0022999,-1.0022999,-1.9300787e-05,-1.8941784e-05,2.0041723,6.413351,0.17343022407854758
1.0,0.021304912632098313,-1.0023421,-1.0023421,-1.0023702,-1.0023702,1.8771194e-05,1.8412291e-05,2.0041723,6.4133515,0.1735587586912032
1.0,0.021314912632098313,-1.0023342,-1.0023342,-1.0023005,-1.0023005,-1.9298252e-05,-1.8939285e-05,2.0041723,6.4133515,0.17368729330385885
1.0,0.021324912632098313,-1.0023415,-1.0023415,-1.0023696,-1.0023696,1.8768673e-05,1.8409804e-05,2.0041723,6.413351,0.17381582790697775
1.0,0.021334912632098316,-1.0023348,-1.0023348,-1.0023011,-1.0023011,-1.9295743e-05,-1.8936813e-05,2.0041723,6.4133515,0.1739443625196334
1.0,0.021344912632098315,-1.0023409,-1.0023409,-1.002369,-1.002369,1.8766177e-05,1.8407345e-05,2.0041723,6.413351,0.1740728971227523
1.0,0.021354912632098315,-1.0023354,-1.0023354,-1.0023017,-1.0023017,-1.9293262e-05,-1.8934368e-05,2.0041723,6.413351,0.17420143172587121
1.0,0.021364912632098314,-1.0023403,-1.0023403,-1.0023685,-1.0023685,1.876371e-05,1.8404915e-05,2.0041723,6.413351,0.17432996632899012
1.0,0.021374912632098314,-1.002336,-1.002336,-1.0023023,-1.0023023,-1.929081e-05,-1.893195e-05,2.0041723,6.413351,0.17445850093210902
1.0,0.021384912632098314,-1.0023397,-1.0023397,-1.0023679,-1.0023679,1.8761271e-05,1.840251e-05,2.0041723,6.4133515,0.17458703554476465
1.0,0.021394912632098313,-1.0023366,-1.0023366,-1.0023029,-1.0023029,-1.9288384e-05,-1.8929559e-05,2.0041723,6.413351,0.17471557014788355
1.0,0.021404912632098313,-1.0023392,-1.0023392,-1.0023673,-1.0023673,1.875886e-05,1.8400131e-05,2.0041723,6.4133515,0.1748441047605392
1.0,0.021414912632098312,-1.0023371,-1.0023371,-1.0023034,-1.0023034,-1.9285984e-05,-1.8927194e-05,2.0041723,6.4133515,0.17497263937319485
1.0,0.021424912632098315,-1.0023386,-1.0023386,-1.0023668,-1.0023668,1.8756473e-05,1.8397779e-05,2.0041723,6.413351,0.17510117397631375
1.0,0.021434912632098315,-1.0023377,-1.0023377,-1.002304,-1.002304,-1.928361e-05,-1.8924855e-05,2.0041723,6.4133515,0.17522970858896939
1.0,0.021444912632098315,-1.002338,-1.002338,-1.0023662,-1.0023662,1.8754112e-05,1.8395453e-05,2.0041723,6.413351,0.1753582431920883
1.0,0.021454912632098314,-1.0023382,-1.0023382,-1.0023046,-1.0023046,-1.9281264e-05,-1.8922541e-05,2.0041723,6.413351,0.1754867777952072
1.0,0.021464912632098314,-1.0023376,-1.0023376,-1.0023657,-1.0023657,1.8751776e-05,1.8393152e-05,2.0041723,6.413351,0.1756153123983261
1.0,0.021474912632098313,-1.0023388,-1.0023388,-1.002305,-1.002305,-1.9278941e-05,-1.8920253e-05,2.0041723,6.413351,0.175743847001445
1.0,0.021484912632098313,-1.002337,-1.002337,-1.0023651,-1.0023651,1.8749468e-05,1.8390876e-05,2.0041723,6.4133515,0.17587238161410063
1.0,0.021494912632098313,-1.0023392,-1.0023392,-1.0023056,-1.0023056,-1.9276644e-05,-1.8917988e-05,2.0041723,6.413351,0.17600091621721953
1.0,0.021504912632098316,-1.0023365,-1.0023365,-1.0023646,-1.0023646,1.8747183e-05,1.8388622e-05,2.0041723,6.4133515,0.1761294508298752
1.0,0.021514912632098315,-1.0023398,-1.0023398,-1.0023061,-1.0023061,-1.9274372e-05,-1.8915749e-05,2.0041723,6.413351,0.1762579854329941
1.0,0.021524912632098315,-1.002336,-1.002336,-1.0023642,-1.0023642,1.8744922e-05,1.8386396e-05,2.0041723,6.413351,0.176386520036113
1.0,0.021534912632098314,-1.0023403,-1.0023403,-1.0023067,-1.0023067,-1.9272124e-05,-1.8913532e-05,2.0041723,6.4133515,0.17651505464876863
1.0,0.021544912632098314,-1.0023354,-1.0023354,-1.0023636,-1.0023636,1.8742687e-05,1.8384191e-05,2.0041723,6.413351,0.17664358925188753
1.0,0.021554912632098314,-1.0023408,-1.0023408,-1.0023072,-1.0023072,-1.9269899e-05,-1.891134e-05,2.0041723,6.413351,0.17677212385500643
1.0,0.021564912632098313,-1.002335,-1.002335,-1.0023631,-1.0023631,1.8740473e-05,1.838201e-05,2.0041723,6.413351,0.17690065845812533
1.0,0.021574912632098313,-1.0023414,-1.0023414,-1.0023077,-1.0023077,-1.9267698e-05,-1.8909172e-05,2.0041723,6.413351,0.17702919306124423
1.0,0.021584912632098312,-1.0023345,-1.0023345,-1.0023626,-1.0023626,1.8738285e-05,1.8379853e-05,2.0041723,6.413351,0.17715772766436313
1.0,0.021594912632098315,-1.0023419,-1.0023419,-1.0023081,-1.0023081,-1.926552e-05,-1.8907025e-05,2.0041723,6.413351,0.17728626226748204
1.0,0.021604912632098315,-1.002334,-1.002334,-1.0023621,-1.0023621,1.8736118e-05,1.8377717e-05,2.0041723,6.4133515,0.17741479688013767
1.0,0.021614912632098315,-1.0023423,-1.0023423,-1.0023086,-1.0023086,-1.9263367e-05,-1.89049e-05,2.0041723,6.413351,0.17754333148325657
1.0,0.021624912632098314,-1.0023335,-1.0023335,-1.0023617,-1.0023617,1.8733976e-05,1.8375604e-05,2.0041723,6.4133515,0.1776718660959122
1.0,0.021634912632098314,-1.0023428,-1.0023428,-1.0023091,-1.0023091,-1.9261235e-05,-1.89028e-05,2.0041723,6.4133515,0.17780040070856784
1.0,0.021644912632098313,-1.002333,-1.002333,-1.0023612,-1.0023612,1.8731855e-05,1.8373514e-05,2.0041723,6.413351,0.17792893531168674
1.0,0.021654912632098313,-1.0023433,-1.0023433,-1.0023096,-1.0023096,-1.9259125e-05,-1.8900719e-05,2.0041723,6.4133515,0.17805746992434238
1.0,0.021664912632098313,-1.0023326,-1.0023326,-1.0023607,-1.0023607,1.8729756e-05,1.8371446e-05,2.0041723,6.413351,0.17818600452746128
1.0,0.021674912632098316,-1.0023438,-1.0023438,-1.00231,-1.00231,-1.9257037e-05,-1.8898661e-05,2.0041723,6.413351,0.17831453913058018
1.0,0.021684912632098315,-1.0023321,-1.0023321,-1.0023602,-1.0023602,1.8727678e-05,1.8369397e-05,2.0041723,6.413351,0.17844307373369908
1.0,0.021694912632098315,-1.0023443,-1.0023443,-1.0023105,-1.0023105,-1.925497e-05,-1.8896624e-05,2.0041723,6.413351,0.17857160833681798
1.0,0.021704912632098314,-1.0023316,-1.0023316,-1.0023597,-1.0023597,1.8725621e-05,1.8367371e-05,2.0041723,6.413351,0.17870014293993688
1.0,0.021714912632098314,-1.0023447,-1.0023447,-1.002311,-1.002311,-1.9252924e-05,-1.8894609e-05,2.0041723,6.413351,0.1788286775430558
1.0,0.021724912632098314,-1.0023313,-1.0023313,-1.0023593,-1.0023593,1.8723587e-05,1.8365365e-05,2.0041723,6.4133515,0.17895721215571142
1.0,0.021734912632098313,-1.0023451,-1.0023451,-1.0023115,-1.0023115,-1.9250901e-05,-1.8892613e-05,2.0041723,6.413351,0.17908574675883032
1.0,0.021744912632098313,-1.0023308,-1.0023308,-1.0023589,-1.0023589,1.8721574e-05,1.836338e-05,2.0041723,6.4133515,0.17921428137148596
1.0,0.021754912632098312,-1.0023456,-1.0023456,-1.002312,-1.002312,-1.9248897e-05,-1.8890638e-05,2.0041723,6.413351,0.17934281597460486
1.0,0.021764912632098316,-1.0023303,-1.0023303,-1.0023584,-1.0023584,1.871958e-05,1.8361414e-05,2.0041723,6.4133515,0.17947135058726052
1.0,0.021774912632098315,-1.002346,-1.002346,-1.0023123,-1.0023123,-1.9246914e-05,-1.8888682e-05,2.0041723,6.4133515,0.17959988519991615
1.0,0.021784912632098315,-1.00233,-1.00233,-1.002358,-1.002358,1.8717607e-05,1.835947e-05,2.0041723,6.413351,0.17972841980303506
1.0,0.021794912632098314,-1.0023465,-1.0023465,-1.0023128,-1.0023128,-1.924495e-05,-1.8886747e-05,2.0041723,6.4133515,0.1798569544156907
1.0,0.021804912632098314,-1.0023295,-1.0023295,-1.0023576,-1.0023576,1.8715653e-05,1.8357543e-05,2.0041723,6.413351,0.1799854890188096
1.0,0.021814912632098313,-1.0023469,-1.0023469,-1.0023133,-1.0023133,-1.9243007e-05,-1.8884832e-05,2.0041723,6.413351,0.1801140236219285
1.0,0.021824912632098313,-1.002329,-1.002329,-1.0023571,-1.0023571,1.8713718e-05,1.8355637e-05,2.0041723,6.413351,0.1802425582250474
1.0,0.021834912632098313,-1.0023474,-1.0023474,-1.0023136,-1.0023136,-1.9241083e-05,-1.8882934e-05,2.0041723,6.413351,0.1803710928281663
1.0,0.021844912632098316,-1.0023286,-1.0023286,-1.0023568,-1.0023568,1.8711804e-05,1.8353749e-05,2.0041723,6.413351,0.1804996274312852
1.0,0.021854912632098315,-1.0023477,-1.0023477,-1.0023141,-1.0023141,-1.9239176e-05,-1.8881055e-05,2.0041723,6.413351,0.1806281620344041
1.0,0.021864912632098315,-1.0023283,-1.0023283,-1.0023563,-1.0023563,1.8709909e-05,1.835188e-05,2.0041723,6.4133515,0.18075669664705973
1.0,0.021874912632098314,-1.0023482,-1.0023482,-1.0023144,-1.0023144,-1.923729e-05,-1.8879196e-05,2.0041723,6.413351,0.18088523125017864
1.0,0.021884912632098314,-1.0023278,-1.0023278,-1.0023559,-1.0023559,1.8708031e-05,1.8350029e-05,2.0041723,6.4133515,0.18101376586283427
1.0,0.021894912632098314,-1.0023485,-1.0023485,-1.0023148,-1.0023148,-1.9235424e-05,-1.8877356e-05,2.0041723,6.413351,0.18114230046595317
1.0,0.021904912632098313,-1.0023274,-1.0023274,-1.0023556,-1.0023556,1.8706172e-05,1.8348197e-05,2.0041723,6.413351,0.18127083506907207
1.0,0.021914912632098313,-1.0023489,-1.0023489,-1.0023153,-1.0023153,-1.9233574e-05,-1.8875531e-05,2.0041723,6.4133515,0.1813993696817277
1.0,0.021924912632098312,-1.0023271,-1.0023271,-1.0023551,-1.0023551,1.8704332e-05,1.8346384e-05,2.0041723,6.413351,0.1815279042848466
1.0,0.021934912632098316,-1.0023494,-1.0023494,-1.0023156,-1.0023156,-1.9231742e-05,-1.8873725e-05,2.0041723,6.4133515,0.18165643889750227
1.0,0.021944912632098315,-1.0023266,-1.0023266,-1.0023547,-1.0023547,1.8702509e-05,1.8344586e-05,2.0041723,6.413351,0.18178497350062117
1.0,0.021954912632098315,-1.0023497,-1.0023497,-1.002316,-1.002316,-1.9229929e-05,-1.8871937e-05,2.0041723,6.413351,0.18191350810374007
1.0,0.021964912632098314,-1.0023263,-1.0023263,-1.0023544,-1.0023544,1.8700704e-05,1.8342806e-05,2.0041723,6.413351,0.18204204270685898
1.0,0.021974912632098314,-1.0023501,-1.0023501,-1.0023165,-1.0023165,-1.9228133e-05,-1.8870167e-05,2.0041723,6.413351,0.18217057730997788
1.0,0.021984912632098313,-1.0023259,-1.0023259,-1.002354,-1.002354,1.8698916e-05,1.8341043e-05,2.0041723,6.413351,0.18229911191309678
1.0,0.021994912632098313,-1.0023504,-1.0023504,-1.0023168,-1.0023168,-1.9226354e-05,-1.8868413e-05,2.0041723,6.413351,0.18242764651621568
1.0,0.022004912632098313,-1.0023255,-1.0023255,-1.0023537,-1.0023537,1.8697147e-05,1.8339299e-05,2.0041723,6.4133515,0.18255618112887134
1.0,0.022014912632098316,-1.0023508,-1.0023508,-1.0023172,-1.0023172,-1.9224592e-05,-1.8866675e-05,2.0041723,6.413351,0.18268471573199024
1.0,0.022024912632098315,-1.0023252,-1.0023252,-1.0023532,-1.0023532,1.8695393e-05,1.8337569e-05,2.0041723,6.4133515,0.18281325034464588
1.0,0.022034912632098315,-1.0023512,-1.0023512,-1.0023175,-1.0023175,-1.9222845e-05,-1.8864954e-05,2.0041723,6.413351,0.18294178494776478
1.0,0.022044912632098315,-1.0023248,-1.0023248,-1.0023528,-1.0023528,1.8693656e-05,1.8335857e-05,2.0041723,6.4133515,0.1830703195604204
1.0,0.022054912632098314,-1.0023515,-1.0023515,-1.0023179,-1.0023179,-1.9221117e-05,-1.886325e-05,2.0041723,6.4133515,0.18319885417307605
1.0,0.022064912632098314,-1.0023245,-1.0023245,-1.0023525,-1.0023525,1.8691935e-05,1.833416e-05,2.0041723,6.413351,0.18332738877619495
1.0,0.022074912632098313,-1.0023519,-1.0023519,-1.0023183,-1.0023183,-1.9219406e-05,-1.8861561e-05,2.0041723,6.4133515,0.18345592338885058
1.0,0.022084912632098313,-1.0023241,-1.0023241,-1.0023521,-1.0023521,1.869023e-05,1.833248e-05,2.0041723,6.413351,0.18358445799196949
1.0,0.022094912632098312,-1.0023522,-1.0023522,-1.0023186,-1.0023186,-1.9217709e-05,-1.8859888e-05,2.0041723,6.4133515,0.18371299260462515
1.0,0.022104912632098316,-1.0023237,-1.0023237,-1.0023519,-1.0023519,1.868854e-05,1.8330813e-05,2.0041723,6.413351,0.18384152720774405
1.0,0.022114912632098315,-1.0023526,-1.0023526,-1.002319,-1.002319,-1.9216028e-05,-1.885823e-05,2.0041723,6.413351,0.18397006181086295
1.0,0.022124912632098315,-1.0023234,-1.0023234,-1.0023515,-1.0023515,1.868687e-05,1.8329163e-05,2.0041723,6.413351,0.18409859641398185
1.0,0.022134912632098314,-1.002353,-1.002353,-1.0023193,-1.0023193,-1.9214362e-05,-1.8856588e-05,2.0041723,6.413351,0.18422713101710075
1.0,0.022144912632098314,-1.002323,-1.002323,-1.0023512,-1.0023512,1.868521e-05,1.832753e-05,2.0041723,6.413351,0.18435566562021966
1.0,0.022154912632098313,-1.0023533,-1.0023533,-1.0023197,-1.0023197,-1.9212712e-05,-1.8854962e-05,2.0041723,6.413351,0.18448420022333856
1.0,0.022164912632098313,-1.0023227,-1.0023227,-1.0023508,-1.0023508,1.8683568e-05,1.8325909e-05,2.0041723,6.4133515,0.1846127348359942
1.0,0.022174912632098313,-1.0023537,-1.0023537,-1.0023199,-1.0023199,-1.9211078e-05,-1.885335e-05,2.0041723,6.413351,0.1847412694391131
1.0,0.022184912632098316,-1.0023224,-1.0023224,-1.0023504,-1.0023504,1.8681942e-05,1.8324305e-05,2.0041723,6.4133515,0.18486980405176875
1.0,0.022194912632098315,-1.002354,-1.002354,-1.0023203,-1.0023203,-1.9209458e-05,-1.8851752e-05,2.0041723,6.413351,0.18499833865488766
1.0,0.022204912632098315,-1.0023221,-1.0023221,-1.0023501,-1.0023501,1.8680328e-05,1.8322715e-05,2.0041723,6.4133515,0.1851268732675433
1.0,0.022214912632098315,-1.0023543,-1.0023543,-1.0023206,-1.0023206,-1.9207851e-05,-1.8850169e-05,2.0041723,6.413351,0.1852554078706622
1.0,0.022224912632098314,-1.0023217,-1.0023217,-1.0023499,-1.0023499,1.8678731e-05,1.8321138e-05,2.0041723,6.4133515,0.18538394248331783
1.0,0.022234912632098314,-1.0023546,-1.0023546,-1.002321,-1.002321,-1.9206262e-05,-1.88486e-05,2.0041723,6.4133515,0.18551247709597346
1.0,0.022244912632098313,-1.0023215,-1.0023215,-1.0023495,-1.0023495,1.8677147e-05,1.8319575e-05,2.0041723,6.413351,0.18564101169909236
1.0,0.022254912632098313,-1.002355,-1.002355,-1.0023212,-1.0023212,-1.9204685e-05,-1.8847044e-05,2.0041723,6.4133515,0.185769546311748
1.0,0.022264912632098312,-1.0023211,-1.0023211,-1.0023493,-1.0023493,1.8675577e-05,1.8318027e-05,2.0041723,6.413351,0.1858980809148669
1.0,0.022274912632098316,-1.0023552,-1.0023552,-1.0023216,-1.0023216,-1.9203122e-05,-1.8845503e-05,2.0041723,6.4133515,0.18602661552752256
1.0,0.022284912632098315,-1.0023208,-1.0023208,-1.0023489,-1.0023489,1.8674022e-05,1.8316494e-05,2.0041723,6.413351,0.18615515013064146
1.0,0.022294912632098315,-1.0023556,-1.0023556,-1.0023218,-1.0023218,-1.9201572e-05,-1.8843975e-05,2.0041723,6.413351,0.18628368473376036
1.0,0.022304912632098314,-1.0023205,-1.0023205,-1.0023485,-1.0023485,1.867248e-05,1.8314971e-05,2.0041723,6.413351,0.18641221933687926
1.0,0.022314912632098314,-1.0023558,-1.0023558,-1.0023222,-1.0023222,-1.9200037e-05,-1.8842462e-05,2.0041723,6.413351,0.18654075393999817
1.0,0.022324912632098314,-1.0023202,-1.0023202,-1.0023483,-1.0023483,1.867095e-05,1.8313463e-05,2.0041723,6.413351,0.18666928854311707
1.0,0.022334912632098313,-1.0023562,-1.0023562,-1.0023226,-1.0023226,-1.9198516e-05,-1.884096e-05,2.0041723,6.413351,0.18679782314623597
1.0,0.022344912632098313,-1.0023199,-1.0023199,-1.002348,-1.002348,1.8669434e-05,1.831197e-05,2.0041723,6.413351,0.18692635774935487
1.0,0.022354912632098316,-1.0023564,-1.0023564,-1.0023228,-1.0023228,-1.9197007e-05,-1.8839472e-05,2.0041723,6.413351,0.18705489235247377
1.0,0.022364912632098315,-1.0023196,-1.0023196,-1.0023477,-1.0023477,1.8667932e-05,1.8310488e-05,2.0041723,6.4133515,0.1871834269651294
1.0,0.022374912632098315,-1.0023568,-1.0023568,-1.002323,-1.002323,-1.9195511e-05,-1.8837996e-05,2.0041723,6.413351,0.1873119615682483
1.0,0.022384912632098315,-1.0023193,-1.0023193,-1.0023475,-1.0023475,1.8666444e-05,1.8309018e-05,2.0041723,6.4133515,0.18744049618090394
1.0,0.022394912632098314,-1.002357,-1.002357,-1.0023234,-1.0023234,-1.9194027e-05,-1.8836534e-05,2.0041723,6.413351,0.18756903078402284
1.0,0.022404912632098314,-1.0023191,-1.0023191,-1.0023471,-1.0023471,1.8664967e-05,1.830756e-05,2.0041723,6.4133515,0.18769756539667848
1.0,0.022414912632098313,-1.0023574,-1.0023574,-1.0023236,-1.0023236,-1.9192557e-05,-1.8835082e-05,2.0041723,6.413351,0.18782609999979738
1.0,0.022424912632098313,-1.0023187,-1.0023187,-1.0023469,-1.0023469,1.8663502e-05,1.8306117e-05,2.0041723,6.413351,0.18795463460291628
1.0,0.022434912632098312,-1.0023576,-1.0023576,-1.002324,-1.002324,-1.91911e-05,-1.8833643e-05,2.0041723,6.4133515,0.18808316921557194
1.0,0.022444912632098316,-1.0023185,-1.0023185,-1.0023465,-1.0023465,1.8662051e-05,1.8304685e-05,2.0041723,6.413351,0.18821170381869085
1.0,0.022454912632098315,-1.0023578,-1.0023578,-1.0023242,-1.0023242,-1.9189654e-05,-1.8832217e-05,2.0041723,6.4133515,0.18834023843134648
1.0,0.022464912632098315,-1.0023183,-1.0023183,-1.0023463,-1.0023463,1.866061e-05,1.8303264e-05,2.0041723,6.413351,0.18846877303446538
1.0,0.022474912632098314,-1.0023582,-1.0023582,-1.0023245,-1.0023245,-1.918822e-05,-1.8830804e-05,2.0041723,6.4133515,0.18859730764712102
1.0,0.022484912632098314,-1.0023179,-1.0023179,-1.002346,-1.002346,1.8659182e-05,1.8301856e-05,2.0041723,6.413351,0.18872584225023992
1.0,0.022494912632098314,-1.0023584,-1.0023584,-1.0023247,-1.0023247,-1.9186798e-05,-1.8829402e-05,2.0041723,6.413351,0.18885437685335882
1.0,0.022504912632098313,-1.0023177,-1.0023177,-1.0023458,-1.0023458,1.8657767e-05,1.830046e-05,2.0041723,6.413351,0.18898291145647772
1.0,0.022514912632098313,-1.0023587,-1.0023587,-1.002325,-1.002325,-1.9185389e-05,-1.882801e-05,2.0041723,6.413351,0.18911144605959662
1.0,0.022524912632098316,-1.0023174,-1.0023174,-1.0023456,-1.0023456,1.8656363e-05,1.8299073e-05,2.0041723,6.413351,0.18923998066271552
1.0,0.022534912632098315,-1.0023589,-1.0023589,-1.0023253,-1.0023253,-1.918399e-05,-1.882663e-05,2.0041723,6.413351,0.18936851526583443
1.0,0.022544912632098315,-1.0023172,-1.0023172,-1.0023452,-1.0023452,1.865497e-05,1.8297698e-05,2.0041723,6.413351,0.18949704986895333
1.0,0.022554912632098315,-1.0023592,-1.0023592,-1.0023255,-1.0023255,-1.9182602e-05,-1.8825262e-05,2.0041723,6.413351,0.18962558447207223
1.0,0.022564912632098314,-1.002317,-1.002317,-1.002345,-1.002345,1.8653587e-05,1.8296336e-05,2.0041723,6.413351,0.18975411907519113
1.0,0.022574912632098314,-1.0023595,-1.0023595,-1.0023258,-1.0023258,-1.9181227e-05,-1.8823903e-05,2.0041723,6.413351,0.18988265367831003
1.0,0.022584912632098313,-1.0023167,-1.0023167,-1.0023447,-1.0023447,1.8652217e-05,1.8294983e-05,2.0041723,6.4133515,0.19001118829096567
1.0,0.022594912632098313,-1.0023597,-1.0023597,-1.002326,-1.002326,-1.917986e-05,-1.8822557e-05,2.0041723,6.413351,0.19013972289408457
1.0,0.022604912632098313,-1.0023165,-1.0023165,-1.0023445,-1.0023445,1.8650859e-05,1.8293642e-05,2.0041723,6.4133515,0.19026825750674023
1.0,0.022614912632098316,-1.00236,-1.00236,-1.0023263,-1.0023263,-1.9178508e-05,-1.882122e-05,2.0041723,6.413351,0.19039679210985913
1.0,0.022624912632098315,-1.0023161,-1.0023161,-1.0023443,-1.0023443,1.8649509e-05,1.829231e-05,2.0041723,6.4133515,0.19052532672251477
1.0,0.022634912632098315,-1.0023602,-1.0023602,-1.0023265,-1.0023265,-1.9177163e-05,-1.8819894e-05,2.0041723,6.413351,0.19065386132563367
1.0,0.022644912632098314,-1.0023159,-1.0023159,-1.002344,-1.002344,1.864817e-05,1.829099e-05,2.0041723,6.413351,0.19078239592875257
1.0,0.022654912632098314,-1.0023605,-1.0023605,-1.0023267,-1.0023267,-1.9175832e-05,-1.8818579e-05,2.0041723,6.4133515,0.1909109305414082
1.0,0.022664912632098314,-1.0023156,-1.0023156,-1.0023438,-1.0023438,1.8646842e-05,1.828968e-05,2.0041723,6.413351,0.1910394651445271
1.0,0.022674912632098313,-1.0023607,-1.0023607,-1.002327,-1.002327,-1.917451e-05,-1.8817273e-05,2.0041723,6.4133515,0.19116799975718274
1.0,0.022684912632098313,-1.0023154,-1.0023154,-1.0023435,-1.0023435,1.8645525e-05,1.828838e-05,2.0041723,6.413351,0.19129653436030164
1.0,0.022694912632098312,-1.0023609,-1.0023609,-1.0023272,-1.0023272,-1.9173196e-05,-1.8815977e-05,2.0041723,6.4133515,0.1914250689729573
1.0,0.022704912632098315,-1.0023153,-1.0023153,-1.0023433,-1.0023433,1.864422e-05,1.828709e-05,2.0041723,6.413351,0.1915536035760762
1.0,0.022714912632098315,-1.0023612,-1.0023612,-1.0023274,-1.0023274,-1.9171894e-05,-1.8814693e-05,2.0041723,6.4133515,0.19168213818873184
1.0,0.022724912632098315,-1.002315,-1.002315,-1.002343,-1.002343,1.864292e-05,1.828581e-05,2.0041723,6.413351,0.19181067279185074
1.0,0.022734912632098314,-1.0023614,-1.0023614,-1.0023277,-1.0023277,-1.9170602e-05,-1.8813418e-05,2.0041723,6.413351,0.19193920739496964
1.0,0.022744912632098314,-1.0023148,-1.0023148,-1.0023428,-1.0023428,1.8641635e-05,1.8284538e-05,2.0041723,6.413351,0.19206774199808854
1.0,0.022754912632098313,-1.0023615,-1.0023615,-1.0023279,-1.0023279,-1.916932e-05,-1.8812152e-05,2.0041723,6.413351,0.19219627660120744
1.0,0.022764912632098313,-1.0023146,-1.0023146,-1.0023426,-1.0023426,1.8640356e-05,1.8283277e-05,2.0041723,6.413351,0.19232481120432635
1.0,0.022774912632098313,-1.0023618,-1.0023618,-1.0023282,-1.0023282,-1.9168046e-05,-1.8810895e-05,2.0041723,6.413351,0.19245334580744525
1.0,0.022784912632098316,-1.0023143,-1.0023143,-1.0023425,-1.0023425,1.8639088e-05,1.8282026e-05,2.0041723,6.413351,0.19258188041056415
1.0,0.022794912632098315,-1.002362,-1.002362,-1.0023284,-1.0023284,-1.9166782e-05,-1.8809647e-05,2.0041723,6.413351,0.19271041501368305
1.0,0.022804912632098315,-1.0023141,-1.0023141,-1.0023422,-1.0023422,1.863783e-05,1.8280782e-05,2.0041723,6.413351,0.19283894961680195
1.0,0.022814912632098314,-1.0023623,-1.0023623,-1.0023286,-1.0023286,-1.9165529e-05,-1.880841e-05,2.0041723,6.413351,0.19296748421992085
1.0,0.022824912632098314,-1.0023139,-1.0023139,-1.002342,-1.002342,1.863658e-05,1.8279548e-05,2.0041723,6.4133515,0.1930960188325765
1.0,0.022834912632098314,-1.0023625,-1.0023625,-1.0023288,-1.0023288,-1.9164283e-05,-1.880718e-05,2.0041723,6.413351,0.1932245534356954
1.0,0.022844912632098313,-1.0023137,-1.0023137,-1.0023417,-1.0023417,1.8635339e-05,1.8278324e-05,2.0041723,6.4133515,0.19335308804835102
1.0,0.022854912632098313,-1.0023627,-1.0023627,-1.002329,-1.002329,-1.9163048e-05,-1.880596e-05,2.0041723,6.413351,0.19348162265146993
1.0,0.022864912632098312,-1.0023135,-1.0023135,-1.0023415,-1.0023415,1.8634108e-05,1.827711e-05,2.0041723,6.4133515,0.1936101572641256
1.0,0.022874912632098315,-1.0023628,-1.0023628,-1.0023292,-1.0023292,-1.916182e-05,-1.8804749e-05,2.0041723,6.413351,0.1937386918672445
1.0,0.022884912632098315,-1.0023133,-1.0023133,-1.0023414,-1.0023414,1.8632885e-05,1.8275901e-05,2.0041723,6.4133515,0.19386722647990012
1.0,0.022894912632098315,-1.0023631,-1.0023631,-1.0023295,-1.0023295,-1.9160603e-05,-1.8803546e-05,2.0041723,6.413351,0.19399576108301902
1.0,0.022904912632098314,-1.0023131,-1.0023131,-1.0023412,-1.0023412,1.8631672e-05,1.8274703e-05,2.0041723,6.4133515,0.19412429569567466
1.0,0.022914912632098314,-1.0023633,-1.0023633,-1.0023296,-1.0023296,-1.9159394e-05,-1.8802353e-05,2.0041723,6.4133515,0.1942528303083303
1.0,0.022924912632098313,-1.0023129,-1.0023129,-1.0023409,-1.0023409,1.8630466e-05,1.8273513e-05,2.0041723,6.413351,0.1943813649114492
1.0,0.022934912632098313,-1.0023634,-1.0023634,-1.0023298,-1.0023298,-1.9158193e-05,-1.8801167e-05,2.0041723,6.4133515,0.19450989952410483
1.0,0.022944912632098313,-1.0023127,-1.0023127,-1.0023408,-1.0023408,1.862927e-05,1.8272332e-05,2.0041723,6.413351,0.19463843412722373
1.0,0.022954912632098316,-1.0023637,-1.0023637,-1.0023301,-1.0023301,-1.9157e-05,-1.8799989e-05,2.0041723,6.4133515,0.1947669687398794
1.0,0.022964912632098315,-1.0023125,-1.0023125,-1.0023406,-1.0023406,1.8628081e-05,1.8271157e-05,2.0041723,6.413351,0.1948955033429983
1.0,0.022974912632098315,-1.0023639,-1.0023639,-1.0023302,-1.0023302,-1.9155816e-05,-1.879882e-05,2.0041723,6.4133515,0.19502403795565393
1.0,0.022984912632098314,-1.0023123,-1.0023123,-1.0023403,-1.0023403,1.86269e-05,1.8269993e-05,2.0041723,6.413351,0.19515257255877283
1.0,0.022994912632098314,-1.002364,-1.002364,-1.0023304,-1.0023304,-1.9154639e-05,-1.8797658e-05,2.0041723,6.4133515,0.19528110717142846
1.0,0.023004912632098314,-1.0023121,-1.0023121,-1.0023402,-1.0023402,1.862573e-05,1.8268835e-05,2.0041723,6.413351,0.19540964177454737
1.0,0.023014912632098313,-1.0023643,-1.0023643,-1.0023307,-1.0023307,-1.9153471e-05,-1.8796505e-05,2.0041723,6.413351,0.19553817637766627
1.0,0.023024912632098313,-1.002312,-1.002312,-1.00234,-1.00234,1.8624565e-05,1.8267685e-05,2.0041723,6.413351,0.19566671098078517
1.0,0.023034912632098312,-1.0023644,-1.0023644,-1.0023308,-1.0023308,-1.915231e-05,-1.879536e-05,2.0041723,6.413351,0.19579524558390407
1.0,0.023044912632098315,-1.0023117,-1.0023117,-1.0023398,-1.0023398,1.8623408e-05,1.8266544e-05,2.0041723,6.413351,0.19592378018702297
1.0,0.023054912632098315,-1.0023646,-1.0023646,-1.002331,-1.002331,-1.9151159e-05,-1.879422e-05,2.0041723,6.413351,0.19605231479014187
1.0,0.023064912632098315,-1.0023116,-1.0023116,-1.0023396,-1.0023396,1.8622259e-05,1.826541e-05,2.0041723,6.413351,0.19618084939326078
1.0,0.023074912632098314,-1.0023648,-1.0023648,-1.0023311,-1.0023311,-1.9150013e-05,-1.8793091e-05,2.0041723,6.413351,0.19630938399637968
1.0,0.023084912632098314,-1.0023113,-1.0023113,-1.0023395,-1.0023395,1.8621118e-05,1.8264282e-05,2.0041723,6.413351,0.19643791859949858
1.0,0.023094912632098313,-1.002365,-1.002365,-1.0023314,-1.0023314,-1.9148876e-05,-1.8791967e-05,2.0041723,6.413351,0.19656645320261748
1.0,0.023104912632098313,-1.0023112,-1.0023112,-1.0023392,-1.0023392,1.8619985e-05,1.8263163e-05,2.0041723,6.413351,0.19669498780573638
1.0,0.023114912632098313,-1.0023651,-1.0023651,-1.0023315,-1.0023315,-1.9147747e-05,-1.8790852e-05,2.0041723,6.413351,0.19682352240885528
1.0,0.023124912632098316,-1.002311,-1.002311,-1.0023391,-1.0023391,1.8618859e-05,1.8262052e-05,2.0041723,6.4133515,0.19695205702151095
1.0,0.023134912632098315,-1.0023654,-1.0023654,-1.0023317,-1.0023317,-1.9146624e-05,-1.8789742e-05,2.0041723,6.413351,0.19708059162462985
1.0,0.023144912632098315,-1.0023109,-1.0023109,-1.0023389,-1.0023389,1.861774e-05,1.8260946e-05,2.0041723,6.4133515,0.19720912623728548
1.0,0.023154912632098314,-1.0023655,-1.0023655,-1.0023319,-1.0023319,-1.914551e-05,-1.8788642e-05,2.0041723,6.413351,0.19733766084040438
1.0,0.023164912632098314,-1.0023106,-1.0023106,-1.0023388,-1.0023388,1.8616629e-05,1.8259847e-05,2.0041723,6.4133515,0.19746619545306002
1.0,0.023174912632098314,-1.0023657,-1.0023657,-1.002332,-1.002332,-1.9144401e-05,-1.8787547e-05,2.0041723,6.413351,0.19759473005617892
1.0,0.023184912632098313,-1.0023105,-1.0023105,-1.0023385,-1.0023385,1.8615523e-05,1.8258756e-05,2.0041723,6.4133515,0.19772326466883455
1.0,0.023194912632098313,-1.0023658,-1.0023658,-1.0023322,-1.0023322,-1.91433e-05,-1.8786459e-05,2.0041723,6.413351,0.19785179927195345
1.0,0.023204912632098312,-1.0023104,-1.0023104,-1.0023384,-1.0023384,1.8614426e-05,1.8257671e-05,2.0041723,6.4133515,0.19798033388460912
1.0,0.023214912632098315,-1.002366,-1.002366,-1.0023323,-1.0023323,-1.9142206e-05,-1.8785377e-05,2.0041723,6.413351,0.19810886848772802
1.0,0.023224912632098315,-1.0023102,-1.0023102,-1.0023383,-1.0023383,1.8613335e-05,1.8256595e-05,2.0041723,6.4133515,0.19823740310038365
1.0,0.023234912632098315,-1.0023662,-1.0023662,-1.0023326,-1.0023326,-1.9141118e-05,-1.8784303e-05,2.0041723,6.4133515,0.1983659377130393
1.0,0.023244912632098314,-1.00231,-1.00231,-1.002338,-1.002338,1.861225e-05,1.8255523e-05,2.0041723,6.413351,0.1984944723161582
1.0,0.023254912632098314,-1.0023663,-1.0023663,-1.0023327,-1.0023327,-1.9140036e-05,-1.8783236e-05,2.0041723,6.4133515,0.19862300692881382
1.0,0.023264912632098313,-1.0023099,-1.0023099,-1.0023379,-1.0023379,1.8611174e-05,1.8254459e-05,2.0041723,6.413351,0.19875154153193272
1.0,0.023274912632098313,-1.0023665,-1.0023665,-1.0023328,-1.0023328,-1.9138963e-05,-1.8782173e-05,2.0041723,6.4133515,0.19888007614458836
1.0,0.023284912632098313,-1.0023097,-1.0023097,-1.0023378,-1.0023378,1.8610102e-05,1.82534e-05,2.0041723,6.413351,0.19900861074770726
1.0,0.023294912632098316,-1.0023667,-1.0023667,-1.002333,-1.002333,-1.9137895e-05,-1.8781118e-05,2.0041723,6.4133515,0.19913714536036292
1.0,0.023304912632098315,-1.0023096,-1.0023096,-1.0023376,-1.0023376,1.8609036e-05,1.8252349e-05,2.0041723,6.413351,0.19926567996348182
1.0,0.023314912632098315,-1.0023668,-1.0023668,-1.0023332,-1.0023332,-1.9136833e-05,-1.878007e-05,2.0041723,6.4133515,0.19939421457613746
1.0,0.023324912632098314,-1.0023094,-1.0023094,-1.0023375,-1.0023375,1.860798e-05,1.8251303e-05,2.0041723,6.413351,0.19952274917925636
1.0,0.023334912632098314,-1.0023669,-1.0023669,-1.0023333,-1.0023333,-1.9135778e-05,-1.8779027e-05,2.0041723,6.4133515,0.199651283791912
1.0,0.023344912632098314,-1.0023092,-1.0023092,-1.0023373,-1.0023373,1.8606926e-05,1.8250263e-05,2.0041723,6.413351,0.1997798183950309
1.0,0.023354912632098313,-1.0023671,-1.0023671,-1.0023334,-1.0023334,-1.9134728e-05,-1.8777991e-05,2.0041723,6.4133515,0.19990835300768653
1.0,0.023364912632098313,-1.0023091,-1.0023091,-1.0023372,-1.0023372,1.860588e-05,1.824923e-05,2.0041723,6.413351,0.20003688761080543
1.0,0.023374912632098312,-1.0023673,-1.0023673,-1.0023336,-1.0023336,-1.9133686e-05,-1.877696e-05,2.0041723,6.413351,0.20016542221392433
1.0,0.023384912632098315,-1.002309,-1.002309,-1.002337,-1.002337,1.860484e-05,1.8248202e-05,2.0041723,6.413351,0.20029395681704323
1.0,0.023394912632098315,-1.0023674,-1.0023674,-1.0023338,-1.0023338,-1.9132649e-05,-1.8775936e-05,2.0041723,6.413351,0.20042249142016214
1.0,0.023404912632098315,-1.0023088,-1.0023088,-1.0023369,-1.0023369,1.8603807e-05,1.824718e-05,2.0041723,6.413351,0.20055102602328104
1.0,0.023414912632098314,-1.0023675,-1.0023675,-1.0023339,-1.0023339,-1.9131618e-05,-1.8774917e-05,2.0041723,6.413351,0.20067956062639994
1.0,0.023424912632098314,-1.0023087,-1.0023087,-1.0023367,-1.0023367,1.860278e-05,1.8246164e-05,2.0041723,6.413351,0.20080809522951884
1.0,0.023434912632098313,-1.0023676,-1.0023676,-1.002334,-1.002334,-1.9130592e-05,-1.8773902e-05,2.0041723,6.413351,0.20093662983263774
1.0,0.023444912632098313,-1.0023085,-1.0023085,-1.0023366,-1.0023366,1.8601757e-05,1.8245153e-05,2.0041723,6.413351,0.20106516443575664
1.0,0.023454912632098313,-1.0023679,-1.0023679,-1.0023341,-1.0023341,-1.9129573e-05,-1.8772897e-05,2.0041723,6.413351,0.20119369903887555
1.0,0.023464912632098316,-1.0023084,-1.0023084,-1.0023365,-1.0023365,1.860074e-05,1.8244149e-05,2.0041723,6.413351,0.20132223364199445
1.0,0.023474912632098315,-1.002368,-1.002368,-1.0023344,-1.0023344,-1.9128558e-05,-1.8771894e-05,2.0041723,6.413351,0.20145076824511335
1.0,0.023484912632098315,-1.0023082,-1.0023082,-1.0023364,-1.0023364,1.8599729e-05,1.8243149e-05,2.0041723,6.413351,0.20157930284823225
1.0,0.023494912632098314,-1.0023681,-1.0023681,-1.0023345,-1.0023345,-1.912755e-05,-1.8770897e-05,2.0041723,6.413351,0.20170783745135115
1.0,0.023504912632098314,-1.0023081,-1.0023081,-1.0023361,-1.0023361,1.8598723e-05,1.8242155e-05,2.0041723,6.413351,0.20183637205447005
1.0,0.023514912632098314,-1.0023682,-1.0023682,-1.0023346,-1.0023346,-1.9126548e-05,-1.8769906e-05,2.0041723,6.413351,0.20196490665758896
1.0,0.023524912632098313,-1.002308,-1.002308,-1.002336,-1.002336,1.8597722e-05,1.8241166e-05,2.0041723,6.4133515,0.2020934412702446
1.0,0.023534912632098313,-1.0023683,-1.0023683,-1.0023347,-1.0023347,-1.912555e-05,-1.876892e-05,2.0041723,6.413351,0.2022219758733635
1.0,0.023544912632098312,-1.0023079,-1.0023079,-1.0023359,-1.0023359,1.8596727e-05,1.8240182e-05,2.0041723,6.4133515,0.20235051048601915
1.0,0.023554912632098315,-1.0023685,-1.0023685,-1.0023348,-1.0023348,-1.9124558e-05,-1.8767938e-05,2.0041723,6.413351,0.20247904508913805
1.0,0.023564912632098315,-1.0023078,-1.0023078,-1.0023358,-1.0023358,1.8595738e-05,1.8239205e-05,2.0041723,6.4133515,0.2026075797017937
1.0,0.023574912632098315,-1.0023686,-1.0023686,-1.002335,-1.002335,-1.912357e-05,-1.8766963e-05,2.0041723,6.413351,0.2027361143049126
1.0,0.023584912632098314,-1.0023077,-1.0023077,-1.0023357,-1.0023357,1.8594752e-05,1.8238232e-05,2.0041723,6.4133515,0.20286464891756822
1.0,0.023594912632098314,-1.0023687,-1.0023687,-1.0023351,-1.0023351,-1.9122588e-05,-1.8765992e-05,2.0041723,6.413351,0.20299318352068713
1.0,0.023604912632098313,-1.0023075,-1.0023075,-1.0023355,-1.0023355,1.8593773e-05,1.8237262e-05,2.0041723,6.4133515,0.20312171813334276
1.0,0.023614912632098313,-1.0023689,-1.0023689,-1.0023352,-1.0023352,-1.9121611e-05,-1.8765026e-05,2.0041723,6.413351,0.20325025273646166
1.0,0.023624912632098313,-1.0023073,-1.0023073,-1.0023354,-1.0023354,1.8592798e-05,1.82363e-05,2.0041723,6.4133515,0.20337878734911732
1.0,0.023634912632098316,-1.002369,-1.002369,-1.0023353,-1.0023353,-1.9120638e-05,-1.8764065e-05,2.0041723,6.413351,0.20350732195223623
1.0,0.023644912632098315,-1.0023072,-1.0023072,-1.0023353,-1.0023353,1.8591829e-05,1.8235341e-05,2.0041723,6.413351,0.20363585655535513
1.0,0.023654912632098315,-1.0023692,-1.0023692,-1.0023354,-1.0023354,-1.9119672e-05,-1.8763109e-05,2.0041723,6.4133515,0.20376439116801076
1.0,0.023664912632098314,-1.002307,-1.002307,-1.0023352,-1.0023352,1.8590865e-05,1.8234387e-05,2.0041723,6.413351,0.20389292577112966
1.0,0.023674912632098314,-1.0023693,-1.0023693,-1.0023355,-1.0023355,-1.911871e-05,-1.8762157e-05,2.0041723,6.4133515,0.2040214603837853
1.0,0.023684912632098314,-1.0023069,-1.0023069,-1.0023351,-1.0023351,1.8589904e-05,1.8233437e-05,2.0041723,6.413351,0.2041499949869042
1.0,0.023694912632098313,-1.0023694,-1.0023694,-1.0023357,-1.0023357,-1.9117751e-05,-1.876121e-05,2.0041723,6.4133515,0.20427852959955983
1.0,0.023704912632098313,-1.0023068,-1.0023068,-1.002335,-1.002335,1.858895e-05,1.8232493e-05,2.0041723,6.413351,0.20440706420267873
1.0,0.023714912632098312,-1.0023695,-1.0023695,-1.0023358,-1.0023358,-1.9116798e-05,-1.8760267e-05,2.0041723,6.4133515,0.2045355988153344
1.0,0.023724912632098315,-1.0023067,-1.0023067,-1.0023348,-1.0023348,1.8587998e-05,1.8231553e-05,2.0041723,6.413351,0.2046641334184533
1.0,0.023734912632098315,-1.0023696,-1.0023696,-1.0023359,-1.0023359,-1.911585e-05,-1.875933e-05,2.0041723,6.4133515,0.20479266803110893
1.0,0.023744912632098315,-1.0023067,-1.0023067,-1.0023347,-1.0023347,1.8587052e-05,1.8230618e-05,2.0041723,6.413351,0.20492120263422783
1.0,0.023754912632098314,-1.0023698,-1.0023698,-1.002336,-1.002336,-1.9114907e-05,-1.8758397e-05,2.0041723,6.4133515,0.20504973724688347
1.0,0.023764912632098314,-1.0023066,-1.0023066,-1.0023346,-1.0023346,1.858611e-05,1.8229686e-05,2.0041723,6.413351,0.20517827185000237
1.0,0.023774912632098313,-1.0023698,-1.0023698,-1.0023361,-1.0023361,-1.9113966e-05,-1.8757468e-05,2.0041723,6.4133515,0.205306806462658
1.0,0.023784912632098313,-1.0023065,-1.0023065,-1.0023345,-1.0023345,1.8585173e-05,1.8228759e-05,2.0041723,6.413351,0.2054353410657769
1.0,0.023794912632098313,-1.0023699,-1.0023699,-1.0023363,-1.0023363,-1.9113031e-05,-1.8756542e-05,2.0041723,6.4133515,0.20556387567843257
1.0,0.023804912632098316,-1.0023063,-1.0023063,-1.0023344,-1.0023344,1.858424e-05,1.8227836e-05,2.0041723,6.413351,0.20569241028155147
1.0,0.023814912632098315,-1.00237,-1.00237,-1.0023364,-1.0023364,-1.91121e-05,-1.8755622e-05,2.0041723,6.4133515,0.2058209448942071
1.0,0.023824912632098315,-1.0023062,-1.0023062,-1.0023342,-1.0023342,1.858331e-05,1.8226918e-05,2.0041723,6.413351,0.205949479497326
1.0,0.023834912632098314,-1.0023701,-1.0023701,-1.0023365,-1.0023365,-1.9111174e-05,-1.8754707e-05,2.0041723,6.413351,0.2060780141004449
1.0,0.023844912632098314,-1.0023061,-1.0023061,-1.0023341,-1.0023341,1.8582386e-05,1.8226003e-05,2.0041723,6.413351,0.2062065487035638
1.0,0.023854912632098314,-1.0023702,-1.0023702,-1.0023366,-1.0023366,-1.9110252e-05,-1.8753793e-05,2.0041723,6.413351,0.2063350833066827
1.0,0.023864912632098313,-1.002306,-1.002306,-1.002334,-1.002334,1.8581466e-05,1.8225093e-05,2.0041723,6.413351,0.2064636179098016
1.0,0.023874912632098313,-1.0023704,-1.0023704,-1.0023367,-1.0023367,-1.9109333e-05,-1.8752886e-05,2.0041723,6.413351,0.2065921525129205
1.0,0.023884912632098312,-1.0023059,-1.0023059,-1.002334,-1.002334,1.858055e-05,1.8224187e-05,2.0041723,6.413351,0.20672068711603941
1.0,0.023894912632098315,-1.0023705,-1.0023705,-1.0023369,-1.0023369,-1.9108418e-05,-1.875198e-05,2.0041723,6.413351,0.20684922171915832
1.0,0.023904912632098315,-1.0023057,-1.0023057,-1.0023339,-1.0023339,1.8579636e-05,1.8223283e-05,2.0041723,6.413351,0.20697775632227722
1.0,0.023914912632098315,-1.0023706,-1.0023706,-1.0023369,-1.0023369,-1.9107507e-05,-1.875108e-05,2.0041723,6.413351,0.20710629092539612
1.0,0.023924912632098314,-1.0023056,-1.0023056,-1.0023338,-1.0023338,1.8578728e-05,1.8222385e-05,2.0041723,6.413351,0.20723482552851502
1.0,0.023934912632098314,-1.0023707,-1.0023707,-1.002337,-1.002337,-1.9106601e-05,-1.8750183e-05,2.0041723,6.413351,0.20736336013163392
1.0,0.023944912632098313,-1.0023056,-1.0023056,-1.0023336,-1.0023336,1.8577823e-05,1.822149e-05,2.0041723,6.413351,0.20749189473475282
1.0,0.023954912632098313,-1.0023707,-1.0023707,-1.0023371,-1.0023371,-1.9105699e-05,-1.874929e-05,2.0041723,6.413351,0.20762042933787173
1.0,0.023964912632098313,-1.0023055,-1.0023055,-1.0023335,-1.0023335,1.8576922e-05,1.8220599e-05,2.0041723,6.413351,0.20774896394099063
1.0,0.023974912632098312,-1.0023708,-1.0023708,-1.0023372,-1.0023372,-1.9104798e-05,-1.87484e-05,2.0041723,6.413351,0.20787749854410953
1.0,0.023984912632098315,-1.0023054,-1.0023054,-1.0023334,-1.0023334,1.8576025e-05,1.8219711e-05,2.0041723,6.413351,0.20800603314722843
1.0,0.023994912632098315,-1.002371,-1.002371,-1.0023373,-1.0023373,-1.9103903e-05,-1.8747514e-05,2.0041723,6.413351,0.20813456775034733
1.0,0.024004912632098314,-1.0023053,-1.0023053,-1.0023334,-1.0023334,1.857513e-05,1.8218829e-05,2.0041723,6.413351,0.20826310235346623
1.0,0.024014912632098314,-1.0023711,-1.0023711,-1.0023375,-1.0023375,-1.9103012e-05,-1.8746632e-05,2.0041723,6.413351,0.20839163695658514
1.0,0.024024912632098314,-1.0023052,-1.0023052,-1.0023333,-1.0023333,1.8574241e-05,1.8217948e-05,2.0041723,6.413351,0.20852017155970404
1.0,0.024034912632098313,-1.0023712,-1.0023712,-1.0023375,-1.0023375,-1.9102124e-05,-1.8745754e-05,2.0041723,6.413351,0.20864870616282294
1.0,0.024044912632098313,-1.0023052,-1.0023052,-1.0023332,-1.0023332,1.8573355e-05,1.821707e-05,2.0041723,6.4133515,0.20877724077547857
1.0,0.024054912632098312,-1.0023712,-1.0023712,-1.0023376,-1.0023376,-1.9101239e-05,-1.8744879e-05,2.0041723,6.413351,0.20890577537859747
1.0,0.024064912632098315,-1.002305,-1.002305,-1.002333,-1.002333,1.8572471e-05,1.8216197e-05,2.0041723,6.4133515,0.20903430999125314
1.0,0.024074912632098315,-1.0023713,-1.0023713,-1.0023377,-1.0023377,-1.9100358e-05,-1.8744007e-05,2.0041723,6.413351,0.20916284459437204
1.0,0.024084912632098315,-1.0023049,-1.0023049,-1.0023329,-1.0023329,1.8571593e-05,1.8215327e-05,2.0041723,6.4133515,0.20929137920702767
1.0,0.024094912632098314,-1.0023714,-1.0023714,-1.0023378,-1.0023378,-1.909948e-05,-1.874314e-05,2.0041723,6.413351,0.20941991381014657
1.0,0.024104912632098314,-1.0023048,-1.0023048,-1.0023329,-1.0023329,1.8570716e-05,1.821446e-05,2.0041723,6.4133515,0.2095484484228022
1.0,0.024114912632098313,-1.0023715,-1.0023715,-1.0023379,-1.0023379,-1.9098605e-05,-1.8742274e-05,2.0041723,6.413351,0.2096769830259211
1.0,0.024124912632098313,-1.0023047,-1.0023047,-1.0023328,-1.0023328,1.8569843e-05,1.8213597e-05,2.0041723,6.4133515,0.20980551763857674
1.0,0.024134912632098313,-1.0023717,-1.0023717,-1.0023379,-1.0023379,-1.9097733e-05,-1.8741412e-05,2.0041723,6.413351,0.20993405224169565
1.0,0.024144912632098312,-1.0023047,-1.0023047,-1.0023327,-1.0023327,1.8568973e-05,1.8212737e-05,2.0041723,6.4133515,0.2100625868543513
1.0,0.024154912632098315,-1.0023717,-1.0023717,-1.002338,-1.002338,-1.9096866e-05,-1.8740553e-05,2.0041723,6.413351,0.2101911214574702
1.0,0.024164912632098315,-1.0023046,-1.0023046,-1.0023326,-1.0023326,1.8568107e-05,1.8211878e-05,2.0041723,6.4133515,0.21031965607012584
1.0,0.024174912632098314,-1.0023718,-1.0023718,-1.0023382,-1.0023382,-1.9096002e-05,-1.8739696e-05,2.0041723,6.413351,0.21044819067324474
1.0,0.024184912632098314,-1.0023044,-1.0023044,-1.0023326,-1.0023326,1.8567243e-05,1.8211025e-05,2.0041723,6.4133515,0.21057672528590038
1.0,0.024194912632098314,-1.0023719,-1.0023719,-1.0023382,-1.0023382,-1.909514e-05,-1.8738845e-05,2.0041723,6.413351,0.21070525988901928
1.0,0.024204912632098313,-1.0023044,-1.0023044,-1.0023324,-1.0023324,1.8566385e-05,1.8210174e-05,2.0041723,6.4133515,0.21083379450167491
1.0,0.024214912632098313,-1.0023719,-1.0023719,-1.0023383,-1.0023383,-1.9094281e-05,-1.8737996e-05,2.0041723,6.413351,0.21096232910479382
1.0,0.024224912632098312,-1.0023043,-1.0023043,-1.0023323,-1.0023323,1.8565526e-05,1.8209326e-05,2.0041723,6.413351,0.21109086370791272
1.0,0.024234912632098315,-1.002372,-1.002372,-1.0023384,-1.0023384,-1.9093426e-05,-1.8737148e-05,2.0041723,6.4133515,0.21121939832056838
1.0,0.024244912632098315,-1.0023042,-1.0023042,-1.0023323,-1.0023323,1.8564673e-05,1.820848e-05,2.0041723,6.413351,0.21134793292368728
1.0,0.024254912632098315,-1.0023721,-1.0023721,-1.0023384,-1.0023384,-1.9092573e-05,-1.8736304e-05,2.0041723,6.4133515,0.21147646753634292
1.0,0.024264912632098314,-1.0023041,-1.0023041,-1.0023322,-1.0023322,1.8563822e-05,1.8207638e-05,2.0041723,6.413351,0.21160500213946182
1.0,0.024274912632098314,-1.0023721,-1.0023721,-1.0023385,-1.0023385,-1.9091724e-05,-1.8735464e-05,2.0041723,6.4133515,0.21173353675211745
1.0,0.024284912632098313,-1.0023041,-1.0023041,-1.0023321,-1.0023321,1.8562974e-05,1.8206798e-05,2.0041723,6.413351,0.21186207135523635
1.0,0.024294912632098313,-1.0023723,-1.0023723,-1.0023386,-1.0023386,-1.9090876e-05,-1.8734625e-05,2.0041723,6.4133515,0.211990605967892
1.0,0.024304912632098313,-1.002304,-1.002304,-1.0023321,-1.0023321,1.8562128e-05,1.8205961e-05,2.0041723,6.413351,0.2121191405710109
1.0,0.024314912632098312,-1.0023724,-1.0023724,-1.0023386,-1.0023386,-1.9090032e-05,-1.873379e-05,2.0041723,6.4133515,0.21224767518366655
1.0,0.024324912632098315,-1.002304,-1.002304,-1.002332,-1.002332,1.8561286e-05,1.8205128e-05,2.0041723,6.413351,0.21237620978678545
1.0,0.024334912632098315,-1.0023724,-1.0023724,-1.0023388,-1.0023388,-1.9089191e-05,-1.8732957e-05,2.0041723,6.4133515,0.2125047443994411
1.0,0.024344912632098314,-1.0023038,-1.0023038,-1.0023319,-1.0023319,1.8560446e-05,1.8204297e-05,2.0041723,6.413351,0.21263327900256
1.0,0.024354912632098314,-1.0023725,-1.0023725,-1.0023389,-1.0023389,-1.9088353e-05,-1.8732128e-05,2.0041723,6.4133515,0.21276181361521562
1.0,0.024364912632098314,-1.0023037,-1.0023037,-1.0023319,-1.0023319,1.8559609e-05,1.8203467e-05,2.0041723,6.413351,0.21289034821833452
1.0,0.024374912632098313,-1.0023726,-1.0023726,-1.0023389,-1.0023389,-1.9087516e-05,-1.87313e-05,2.0041723,6.4133515,0.21301888283099016
1.0,0.024384912632098313,-1.0023037,-1.0023037,-1.0023317,-1.0023317,1.8558774e-05,1.8202642e-05,2.0041723,6.413351,0.21314741743410906
1.0,0.024394912632098312,-1.0023726,-1.0023726,-1.002339,-1.002339,-1.9086683e-05,-1.8730476e-05,2.0041723,6.4133515,0.21327595204676472
1.0,0.024404912632098315,-1.0023036,-1.0023036,-1.0023316,-1.0023316,1.8557941e-05,1.820182e-05,2.0041723,6.413351,0.21340448664988362
1.0,0.024414912632098315,-1.0023727,-1.0023727,-1.0023391,-1.0023391,-1.9085854e-05,-1.8729654e-05,2.0041723,6.4133515,0.21353302126253926
1.0,0.024424912632098315,-1.0023035,-1.0023035,-1.0023316,-1.0023316,1.8557113e-05,1.8200997e-05,2.0041723,6.413351,0.21366155586565816
1.0,0.024434912632098314,-1.0023729,-1.0023729,-1.0023391,-1.0023391,-1.9085024e-05,-1.8728833e-05,2.0041723,6.4133515,0.2137900904783138
1.0,0.024444912632098314,-1.0023035,-1.0023035,-1.0023315,-1.0023315,1.8556286e-05,1.8200179e-05,2.0041723,6.413351,0.2139186250814327
1.0,0.024454912632098313,-1.0023729,-1.0023729,-1.0023392,-1.0023392,-1.9084198e-05,-1.8728017e-05,2.0041723,6.4133515,0.21404715969408833
1.0,0.024464912632098313,-1.0023034,-1.0023034,-1.0023315,-1.0023315,1.8555462e-05,1.8199364e-05,2.0041723,6.413351,0.21417569429720723
1.0,0.024474912632098313,-1.002373,-1.002373,-1.0023392,-1.0023392,-1.9083376e-05,-1.8727202e-05,2.0041723,6.4133515,0.21430422890986286
1.0,0.024484912632098312,-1.0023034,-1.0023034,-1.0023314,-1.0023314,1.855464e-05,1.819855e-05,2.0041723,6.413351,0.21443276351298177
1.0,0.024494912632098315,-1.002373,-1.002373,-1.0023394,-1.0023394,-1.9082556e-05,-1.8726389e-05,2.0041723,6.4133515,0.21456129812563743
1.0,0.024504912632098315,-1.0023032,-1.0023032,-1.0023314,-1.0023314,1.855382e-05,1.8197738e-05,2.0041723,6.413351,0.21468983272875633
1.0,0.024514912632098314,-1.0023731,-1.0023731,-1.0023395,-1.0023395,-1.9081737e-05,-1.872558e-05,2.0041723,6.413351,0.21481836733187523
1.0,0.024524912632098314,-1.0023031,-1.0023031,-1.0023313,-1.0023313,1.8553003e-05,1.819693e-05,2.0041723,6.413351,0.21494690193499413
1.0,0.024534912632098314,-1.0023732,-1.0023732,-1.0023395,-1.0023395,-1.908092e-05,-1.8724772e-05,2.0041723,6.413351,0.21507543653811304
1.0,0.024544912632098313,-1.0023031,-1.0023031,-1.0023311,-1.0023311,1.8552188e-05,1.8196122e-05,2.0041723,6.413351,0.21520397114123194
1.0,0.024554912632098313,-1.0023732,-1.0023732,-1.0023396,-1.0023396,-1.9080107e-05,-1.8723966e-05,2.0041723,6.413351,0.21533250574435084
1.0,0.024564912632098312,-1.002303,-1.002303,-1.0023311,-1.0023311,1.8551375e-05,1.8195318e-05,2.0041723,6.413351,0.21546104034746974
1.0,0.024574912632098316,-1.0023733,-1.0023733,-1.0023396,-1.0023396,-1.9079294e-05,-1.8723162e-05,2.0041723,6.413351,0.21558957495058864
1.0,0.024584912632098315,-1.002303,-1.002303,-1.002331,-1.002331,1.8550565e-05,1.8194516e-05,2.0041723,6.413351,0.21571810955370754
1.0,0.024594912632098315,-1.0023733,-1.0023733,-1.0023397,-1.0023397,-1.9078485e-05,-1.8722361e-05,2.0041723,6.413351,0.21584664415682644
1.0,0.024604912632098314,-1.0023029,-1.0023029,-1.002331,-1.002331,1.8549756e-05,1.8193716e-05,2.0041723,6.413351,0.21597517875994535
1.0,0.024614912632098314,-1.0023735,-1.0023735,-1.0023397,-1.0023397,-1.907768e-05,-1.8721561e-05,2.0041723,6.413351,0.21610371336306425
1.0,0.024624912632098313,-1.0023029,-1.0023029,-1.0023309,-1.0023309,1.854895e-05,1.8192917e-05,2.0041723,6.413351,0.21623224796618315
1.0,0.024634912632098313,-1.0023735,-1.0023735,-1.0023398,-1.0023398,-1.9076873e-05,-1.8720764e-05,2.0041723,6.413351,0.21636078256930205
1.0,0.024644912632098313,-1.0023028,-1.0023028,-1.0023309,-1.0023309,1.8548146e-05,1.819212e-05,2.0041723,6.413351,0.21648931717242095
1.0,0.024654912632098312,-1.0023736,-1.0023736,-1.0023398,-1.0023398,-1.9076071e-05,-1.871997e-05,2.0041723,6.413351,0.21661785177553985
1.0,0.024664912632098315,-1.0023028,-1.0023028,-1.0023308,-1.0023308,1.8547344e-05,1.8191327e-05,2.0041723,6.413351,0.21674638637865876
1.0,0.024674912632098315,-1.0023736,-1.0023736,-1.00234,-1.00234,-1.9075269e-05,-1.8719176e-05,2.0041723,6.413351,0.21687492098177766
1.0,0.024684912632098314,-1.0023026,-1.0023026,-1.0023308,-1.0023308,1.8546543e-05,1.8190534e-05,2.0041723,6.413351,0.21700345558489656
1.0,0.024694912632098314,-1.0023737,-1.0023737,-1.00234,-1.00234,-1.907447e-05,-1.8718385e-05,2.0041723,6.413351,0.21713199018801546
1.0,0.024704912632098314,-1.0023026,-1.0023026,-1.0023307,-1.0023307,1.8545745e-05,1.8189745e-05,2.0041723,6.413351,0.21726052479113436
1.0,0.024714912632098313,-1.0023737,-1.0023737,-1.0023401,-1.0023401,-1.9073674e-05,-1.8717596e-05,2.0041723,6.413351,0.21738905939425326
1.0,0.024724912632098313,-1.0023025,-1.0023025,-1.0023307,-1.0023307,1.854495e-05,1.8188957e-05,2.0041723,6.413351,0.21751759399737217
1.0,0.024734912632098312,-1.0023738,-1.0023738,-1.0023401,-1.0023401,-1.9072879e-05,-1.871681e-05,2.0041723,6.413351,0.21764612860049107
1.0,0.024744912632098316,-1.0023025,-1.0023025,-1.0023305,-1.0023305,1.8544155e-05,1.818817e-05,2.0041723,6.413351,0.21777466320360997
1.0,0.024754912632098315,-1.0023738,-1.0023738,-1.0023402,-1.0023402,-1.9072086e-05,-1.8716024e-05,2.0041723,6.413351,0.21790319780672887
1.0,0.024764912632098315,-1.0023024,-1.0023024,-1.0023305,-1.0023305,1.8543364e-05,1.8187386e-05,2.0041723,6.413351,0.21803173240984777
1.0,0.024774912632098314,-1.0023739,-1.0023739,-1.0023402,-1.0023402,-1.9071293e-05,-1.871524e-05,2.0041723,6.413351,0.21816026701296667
1.0,0.024784912632098314,-1.0023024,-1.0023024,-1.0023304,-1.0023304,1.8542572e-05,1.8186603e-05,2.0041723,6.413351,0.21828880161608558
1.0,0.024794912632098313,-1.0023739,-1.0023739,-1.0023403,-1.0023403,-1.9070503e-05,-1.8714458e-05,2.0041723,6.413351,0.21841733621920448
1.0,0.024804912632098313,-1.0023023,-1.0023023,-1.0023304,-1.0023304,1.8541785e-05,1.8185821e-05,2.0041723,6.413351,0.21854587082232338
1.0,0.024814912632098313,-1.002374,-1.002374,-1.0023403,-1.0023403,-1.9069716e-05,-1.8713677e-05,2.0041723,6.413351,0.21867440542544228
1.0,0.024824912632098312,-1.0023023,-1.0023023,-1.0023303,-1.0023303,1.8540997e-05,1.8185043e-05,2.0041723,6.413351,0.21880294002856118
1.0,0.024834912632098315,-1.002374,-1.002374,-1.0023404,-1.0023404,-1.906893e-05,-1.8712899e-05,2.0041723,6.413351,0.21893147463168008
1.0,0.024844912632098315,-1.0023022,-1.0023022,-1.0023303,-1.0023303,1.8540211e-05,1.8184266e-05,2.0041723,6.413351,0.21906000923479899
1.0,0.024854912632098315,-1.0023742,-1.0023742,-1.0023404,-1.0023404,-1.9068146e-05,-1.8712122e-05,2.0041723,6.413351,0.2191885438379179
1.0,0.024864912632098314,-1.0023022,-1.0023022,-1.0023302,-1.0023302,1.853943e-05,1.818349e-05,2.0041723,6.4133515,0.21931707845057352
1.0,0.024874912632098314,-1.0023742,-1.0023742,-1.0023406,-1.0023406,-1.9067364e-05,-1.8711347e-05,2.0041723,6.413351,0.21944561305369242
1.0,0.024884912632098313,-1.002302,-1.002302,-1.0023302,-1.0023302,1.8538647e-05,1.8182714e-05,2.0041723,6.4133515,0.21957414766634806
1.0,0.024894912632098313,-1.0023743,-1.0023743,-1.0023406,-1.0023406,-1.9066581e-05,-1.8710574e-05,2.0041723,6.413351,0.21970268226946696
1.0,0.024904912632098312,-1.002302,-1.002302,-1.0023301,-1.0023301,1.8537867e-05,1.8181943e-05,2.0041723,6.4133515,0.21983121688212262
1.0,0.024914912632098316,-1.0023743,-1.0023743,-1.0023407,-1.0023407,-1.9065803e-05,-1.8709803e-05,2.0041723,6.413351,0.21995975148524152
1.0,0.024924912632098315,-1.0023019,-1.0023019,-1.0023301,-1.0023301,1.8537088e-05,1.8181172e-05,2.0041723,6.4133515,0.22008828609789716
1.0,0.024934912632098315,-1.0023743,-1.0023743,-1.0023407,-1.0023407,-1.9065024e-05,-1.8709032e-05,2.0041723,6.413351,0.22021682070101606
1.0,0.024944912632098314,-1.0023019,-1.0023019,-1.0023301,-1.0023301,1.8536311e-05,1.8180403e-05,2.0041723,6.4133515,0.2203453553136717
1.0,0.024954912632098314,-1.0023744,-1.0023744,-1.0023407,-1.0023407,-1.906425e-05,-1.8708264e-05,2.0041723,6.413351,0.2204738899167906
1.0,0.024964912632098313,-1.0023019,-1.0023019,-1.00233,-1.00233,1.8535535e-05,1.8179635e-05,2.0041723,6.4133515,0.22060242452944623
1.0,0.024974912632098313,-1.0023744,-1.0023744,-1.0023408,-1.0023408,-1.9063475e-05,-1.8707497e-05,2.0041723,6.413351,0.22073095913256513
1.0,0.024984912632098313,-1.0023018,-1.0023018,-1.00233,-1.00233,1.8534762e-05,1.8178867e-05,2.0041723,6.4133515,0.22085949374522076
1.0,0.024994912632098312,-1.0023745,-1.0023745,-1.0023408,-1.0023408,-1.9062702e-05,-1.870673e-05,2.0041723,6.413351,0.22098802834833967
1.0,0.025004912632098315,-1.0023018,-1.0023018,-1.0023298,-1.0023298,1.8533989e-05,1.8178103e-05,2.0041723,6.4133515,0.22111656296099533
1.0,0.025014912632098315,-1.0023745,-1.0023745,-1.0023409,-1.0023409,-1.906193e-05,-1.8705967e-05,2.0041723,6.413351,0.22124509756411423
1.0,0.025024912632098315,-1.0023017,-1.0023017,-1.0023298,-1.0023298,1.8533217e-05,1.817734e-05,2.0041723,6.4133515,0.22137363217676986
1.0,0.025034912632098314,-1.0023746,-1.0023746,-1.0023409,-1.0023409,-1.9061159e-05,-1.8705203e-05,2.0041723,6.413351,0.22150216677988877
1.0,0.025044912632098314,-1.0023017,-1.0023017,-1.0023298,-1.0023298,1.8532448e-05,1.8176577e-05,2.0041723,6.4133515,0.2216307013925444
1.0,0.025054912632098313,-1.0023746,-1.0023746,-1.002341,-1.002341,-1.906039e-05,-1.8704442e-05,2.0041723,6.413351,0.2217592359956633
1.0,0.025064912632098313,-1.0023016,-1.0023016,-1.0023297,-1.0023297,1.853168e-05,1.8175817e-05,2.0041723,6.4133515,0.22188777060831893
1.0,0.025074912632098312,-1.0023746,-1.0023746,-1.002341,-1.002341,-1.9059622e-05,-1.8703682e-05,2.0041723,6.413351,0.22201630521143784
1.0,0.025084912632098316,-1.0023016,-1.0023016,-1.0023297,-1.0023297,1.8530915e-05,1.8175057e-05,2.0041723,6.4133515,0.2221448398240935
1.0,0.025094912632098315,-1.0023748,-1.0023748,-1.002341,-1.002341,-1.9058856e-05,-1.8702924e-05,2.0041723,6.413351,0.2222733744272124
1.0,0.025104912632098315,-1.0023016,-1.0023016,-1.0023296,-1.0023296,1.8530149e-05,1.8174298e-05,2.0041723,6.4133515,0.22240190903986803
1.0,0.025114912632098314,-1.0023748,-1.0023748,-1.0023412,-1.0023412,-1.9058092e-05,-1.8702165e-05,2.0041723,6.413351,0.22253044364298694
1.0,0.025124912632098314,-1.0023015,-1.0023015,-1.0023296,-1.0023296,1.8529385e-05,1.8173541e-05,2.0041723,6.4133515,0.22265897825564257
1.0,0.025134912632098314,-1.0023749,-1.0023749,-1.0023412,-1.0023412,-1.9057328e-05,-1.8701408e-05,2.0041723,6.413351,0.22278751285876147
1.0,0.025144912632098313,-1.0023015,-1.0023015,-1.0023296,-1.0023296,1.852862e-05,1.8172786e-05,2.0041723,6.4133515,0.2229160474714171
1.0,0.025154912632098313,-1.0023749,-1.0023749,-1.0023412,-1.0023412,-1.9056566e-05,-1.8700654e-05,2.0041723,6.413351,0.223044582074536
1.0,0.025164912632098312,-1.0023015,-1.0023015,-1.0023295,-1.0023295,1.8527859e-05,1.8172032e-05,2.0041723,6.4133515,0.22317311668719167
1.0,0.025174912632098315,-1.0023749,-1.0023749,-1.0023413,-1.0023413,-1.9055806e-05,-1.86999e-05,2.0041723,6.413351,0.22330165129031057
1.0,0.025184912632098315,-1.0023013,-1.0023013,-1.0023295,-1.0023295,1.8527098e-05,1.8171278e-05,2.0041723,6.413351,0.22343018589342947
1.0,0.025194912632098315,-1.002375,-1.002375,-1.0023413,-1.0023413,-1.9055045e-05,-1.8699147e-05,2.0041723,6.413351,0.22355872049654837
1.0,0.025204912632098314,-1.0023013,-1.0023013,-1.0023293,-1.0023293,1.852634e-05,1.8170525e-05,2.0041723,6.413351,0.22368725509966728
1.0,0.025214912632098314,-1.002375,-1.002375,-1.0023414,-1.0023414,-1.9054287e-05,-1.8698396e-05,2.0041723,6.4133515,0.2238157897123229
1.0,0.025224912632098313,-1.0023012,-1.0023012,-1.0023293,-1.0023293,1.8525581e-05,1.8169776e-05,2.0041723,6.413351,0.2239443243154418
1.0,0.025234912632098313,-1.002375,-1.002375,-1.0023414,-1.0023414,-1.9053528e-05,-1.8697647e-05,2.0041723,6.4133515,0.22407285892809745
1.0,0.025244912632098312,-1.0023012,-1.0023012,-1.0023293,-1.0023293,1.8524825e-05,1.8169025e-05,2.0041723,6.413351,0.22420139353121635
1.0,0.025254912632098312,-1.0023751,-1.0023751,-1.0023414,-1.0023414,-1.9052773e-05,-1.8696897e-05,2.0041723,6.4133515,0.224329928143872
1.0,0.025264912632098315,-1.0023012,-1.0023012,-1.0023292,-1.0023292,1.852407e-05,1.8168277e-05,2.0041723,6.413351,0.2244584627469909
1.0,0.025274912632098315,-1.0023751,-1.0023751,-1.0023415,-1.0023415,-1.9052019e-05,-1.8696148e-05,2.0041723,6.4133515,0.22458699735964655
1.0,0.025284912632098314,-1.0023011,-1.0023011,-1.0023292,-1.0023292,1.8523315e-05,1.816753e-05,2.0041723,6.413351,0.22471553196276545
1.0,0.025294912632098314,-1.0023751,-1.0023751,-1.0023415,-1.0023415,-1.9051264e-05,-1.8695402e-05,2.0041723,6.4133515,0.22484406657542108
1.0,0.025304912632098314,-1.0023011,-1.0023011,-1.0023292,-1.0023292,1.8522562e-05,1.8166782e-05,2.0041723,6.413351,0.22497260117853998
1.0,0.025314912632098313,-1.0023752,-1.0023752,-1.0023415,-1.0023415,-1.905051e-05,-1.8694656e-05,2.0041723,6.4133515,0.22510113579119562
1.0,0.025324912632098313,-1.0023011,-1.0023011,-1.0023291,-1.0023291,1.8521809e-05,1.8166038e-05,2.0041723,6.413351,0.22522967039431452
1.0,0.025334912632098312,-1.0023752,-1.0023752,-1.0023416,-1.0023416,-1.904976e-05,-1.869391e-05,2.0041723,6.4133515,0.22535820500697018
1.0,0.025344912632098315,-1.002301,-1.002301,-1.0023291,-1.0023291,1.8521057e-05,1.8165292e-05,2.0041723,6.413351,0.22548673961008908
1.0,0.025354912632098315,-1.0023752,-1.0023752,-1.0023416,-1.0023416,-1.9049008e-05,-1.8693167e-05,2.0041723,6.4133515,0.22561527422274472
1.0,0.025364912632098315,-1.002301,-1.002301,-1.0023291,-1.0023291,1.8520306e-05,1.816455e-05,2.0041723,6.413351,0.22574380882586362
1.0,0.025374912632098314,-1.0023754,-1.0023754,-1.0023416,-1.0023416,-1.9048257e-05,-1.8692424e-05,2.0041723,6.4133515,0.22587234343851925
1.0,0.025384912632098314,-1.002301,-1.002301,-1.002329,-1.002329,1.8519557e-05,1.8163806e-05,2.0041723,6.413351,0.22600087804163815
1.0,0.025394912632098313,-1.0023754,-1.0023754,-1.0023417,-1.0023417,-1.904751e-05,-1.8691682e-05,2.0041723,6.4133515,0.2261294126542938
1.0,0.025404912632098313,-1.0023009,-1.0023009,-1.002329,-1.002329,1.851881e-05,1.8163066e-05,2.0041723,6.413351,0.2262579472574127
1.0,0.025414912632098313,-1.0023754,-1.0023754,-1.0023417,-1.0023417,-1.904676e-05,-1.869094e-05,2.0041723,6.4133515,0.22638648187006832
1.0,0.025424912632098312,-1.0023009,-1.0023009,-1.002329,-1.002329,1.8518062e-05,1.8162324e-05,2.0041723,6.413351,0.22651501647318723
1.0,0.025434912632098315,-1.0023755,-1.0023755,-1.0023417,-1.0023417,-1.9046014e-05,-1.86902e-05,2.0041723,6.4133515,0.2266435510858429
1.0,0.025444912632098315,-1.0023009,-1.0023009,-1.0023289,-1.0023289,1.8517314e-05,1.8161585e-05,2.0041723,6.413351,0.2267720856889618
1.0,0.025454912632098314,-1.0023755,-1.0023755,-1.0023419,-1.0023419,-1.9045267e-05,-1.8689461e-05,2.0041723,6.4133515,0.22690062030161742
1.0,0.025464912632098314,-1.0023007,-1.0023007,-1.0023289,-1.0023289,1.8516568e-05,1.8160847e-05,2.0041723,6.413351,0.22702915490473632
1.0,0.025474912632098314,-1.0023755,-1.0023755,-1.0023419,-1.0023419,-1.9044523e-05,-1.8688723e-05,2.0041723,6.4133515,0.22715768951739196
1.0,0.025484912632098313,-1.0023007,-1.0023007,-1.0023289,-1.0023289,1.8515824e-05,1.8160108e-05,2.0041723,6.413351,0.22728622412051086
1.0,0.025494912632098313,-1.0023756,-1.0023756,-1.0023419,-1.0023419,-1.9043777e-05,-1.8687984e-05,2.0041723,6.4133515,0.2274147587331665
1.0,0.025504912632098312,-1.0023007,-1.0023007,-1.0023289,-1.0023289,1.851508e-05,1.8159371e-05,2.0041723,6.413351,0.2275432933362854
1.0,0.025514912632098315,-1.0023756,-1.0023756,-1.0023419,-1.0023419,-1.9043033e-05,-1.8687248e-05,2.0041723,6.4133515,0.22767182794894106
1.0,0.025524912632098315,-1.0023007,-1.0023007,-1.0023288,-1.0023288,1.8514336e-05,1.8158635e-05,2.0041723,6.413351,0.22780036255205996
1.0,0.025534912632098315,-1.0023756,-1.0023756,-1.002342,-1.002342,-1.904229e-05,-1.8686513e-05,2.0041723,6.4133515,0.2279288971647156
1.0,0.025544912632098314,-1.0023006,-1.0023006,-1.0023288,-1.0023288,1.8513594e-05,1.8157898e-05,2.0041723,6.413351,0.2280574317678345
1.0,0.025554912632098314,-1.0023757,-1.0023757,-1.002342,-1.002342,-1.9041549e-05,-1.8685776e-05,2.0041723,6.4133515,0.22818596638049013
1.0,0.025564912632098313,-1.0023006,-1.0023006,-1.0023288,-1.0023288,1.8512852e-05,1.8157163e-05,2.0041723,6.413351,0.22831450098360903
1.0,0.025574912632098313,-1.0023757,-1.0023757,-1.002342,-1.002342,-1.9040808e-05,-1.8685043e-05,2.0041723,6.4133515,0.22844303559626467
1.0,0.025584912632098313,-1.0023006,-1.0023006,-1.0023286,-1.0023286,1.8512112e-05,1.815643e-05,2.0041723,6.413351,0.22857157019938357
1.0,0.025594912632098312,-1.0023757,-1.0023757,-1.0023421,-1.0023421,-1.9040066e-05,-1.8684308e-05,2.0041723,6.4133515,0.22870010481203923
1.0,0.025604912632098315,-1.0023005,-1.0023005,-1.0023286,-1.0023286,1.8511371e-05,1.8155697e-05,2.0041723,6.413351,0.22882863941515813
1.0,0.025614912632098315,-1.0023757,-1.0023757,-1.0023421,-1.0023421,-1.9039328e-05,-1.8683575e-05,2.0041723,6.4133515,0.22895717402781376
1.0,0.025624912632098314,-1.0023005,-1.0023005,-1.0023286,-1.0023286,1.8510631e-05,1.8154964e-05,2.0041723,6.413351,0.22908570863093267
1.0,0.025634912632098314,-1.0023758,-1.0023758,-1.0023421,-1.0023421,-1.9038587e-05,-1.8682844e-05,2.0041723,6.4133515,0.2292142432435883
1.0,0.025644912632098314,-1.0023005,-1.0023005,-1.0023286,-1.0023286,1.8509892e-05,1.8154231e-05,2.0041723,6.413351,0.2293427778467072
1.0,0.025654912632098313,-1.0023758,-1.0023758,-1.0023421,-1.0023421,-1.9037849e-05,-1.868211e-05,2.0041723,6.4133515,0.22947131245936284
1.0,0.025664912632098313,-1.0023005,-1.0023005,-1.0023285,-1.0023285,1.8509154e-05,1.81535e-05,2.0041723,6.413351,0.22959984706248174
1.0,0.025674912632098312,-1.0023758,-1.0023758,-1.0023422,-1.0023422,-1.9037112e-05,-1.8681381e-05,2.0041723,6.4133515,0.2297283816751374
1.0,0.025684912632098315,-1.0023004,-1.0023004,-1.0023285,-1.0023285,1.8508417e-05,1.815277e-05,2.0041723,6.413351,0.2298569162782563
1.0,0.025694912632098315,-1.002376,-1.002376,-1.0023422,-1.0023422,-1.9036375e-05,-1.868065e-05,2.0041723,6.4133515,0.22998545089091194
1.0,0.025704912632098315,-1.0023004,-1.0023004,-1.0023285,-1.0023285,1.850768e-05,1.8152039e-05,2.0041723,6.413351,0.23011398549403084
1.0,0.025714912632098314,-1.002376,-1.002376,-1.0023422,-1.0023422,-1.9035639e-05,-1.867992e-05,2.0041723,6.4133515,0.23024252010668647
1.0,0.025724912632098314,-1.0023004,-1.0023004,-1.0023285,-1.0023285,1.8506944e-05,1.8151311e-05,2.0041723,6.413351,0.23037105470980537
1.0,0.025734912632098313,-1.002376,-1.002376,-1.0023422,-1.0023422,-1.9034902e-05,-1.8679191e-05,2.0041723,6.4133515,0.230499589322461
1.0,0.025744912632098313,-1.0023003,-1.0023003,-1.0023284,-1.0023284,1.8506209e-05,1.8150582e-05,2.0041723,6.413351,0.2306281239255799
1.0,0.025754912632098313,-1.002376,-1.002376,-1.0023423,-1.0023423,-1.9034167e-05,-1.8678464e-05,2.0041723,6.4133515,0.23075665853823554
1.0,0.025764912632098312,-1.0023003,-1.0023003,-1.0023284,-1.0023284,1.8505474e-05,1.8149854e-05,2.0041723,6.413351,0.23088519314135444
1.0,0.025774912632098315,-1.0023761,-1.0023761,-1.0023423,-1.0023423,-1.9033432e-05,-1.8677736e-05,2.0041723,6.4133515,0.2310137277540101
1.0,0.025784912632098315,-1.0023003,-1.0023003,-1.0023284,-1.0023284,1.850474e-05,1.8149127e-05,2.0041723,6.413351,0.231142262357129
1.0,0.025794912632098314,-1.0023761,-1.0023761,-1.0023423,-1.0023423,-1.90327e-05,-1.8677008e-05,2.0041723,6.4133515,0.23127079696978464
1.0,0.025804912632098314,-1.0023003,-1.0023003,-1.0023284,-1.0023284,1.8504006e-05,1.81484e-05,2.0041723,6.413351,0.23139933157290354
1.0,0.025814912632098314,-1.0023761,-1.0023761,-1.0023423,-1.0023423,-1.9031966e-05,-1.867628e-05,2.0041723,6.413351,0.23152786617602245
1.0,0.025824912632098313,-1.0023001,-1.0023001,-1.0023283,-1.0023283,1.8503273e-05,1.8147673e-05,2.0041723,6.413351,0.23165640077914135
1.0,0.025834912632098313,-1.0023761,-1.0023761,-1.0023425,-1.0023425,-1.9031233e-05,-1.8675555e-05,2.0041723,6.413351,0.23178493538226025
1.0,0.025844912632098312,-1.0023001,-1.0023001,-1.0023283,-1.0023283,1.850254e-05,1.8146946e-05,2.0041723,6.413351,0.23191346998537915
1.0,0.025854912632098315,-1.0023762,-1.0023762,-1.0023425,-1.0023425,-1.90305e-05,-1.867483e-05,2.0041723,6.413351,0.23204200458849805
1.0,0.025864912632098315,-1.0023001,-1.0023001,-1.0023283,-1.0023283,1.8501809e-05,1.8146222e-05,2.0041723,6.413351,0.23217053919161695
1.0,0.025874912632098315,-1.0023762,-1.0023762,-1.0023425,-1.0023425,-1.9029769e-05,-1.8674104e-05,2.0041723,6.413351,0.23229907379473586
1.0,0.025884912632098314,-1.0023001,-1.0023001,-1.0023283,-1.0023283,1.8501078e-05,1.8145496e-05,2.0041723,6.413351,0.23242760839785476
1.0,0.025894912632098314,-1.0023762,-1.0023762,-1.0023425,-1.0023425,-1.9029038e-05,-1.867338e-05,2.0041723,6.413351,0.23255614300097366
1.0,0.025904912632098313,-1.0023001,-1.0023001,-1.0023282,-1.0023282,1.8500346e-05,1.8144772e-05,2.0041723,6.413351,0.23268467760409256
1.0,0.025914912632098313,-1.0023762,-1.0023762,-1.0023426,-1.0023426,-1.9028306e-05,-1.8672656e-05,2.0041723,6.413351,0.23281321220721146
1.0,0.025924912632098313,-1.0023,-1.0023,-1.0023282,-1.0023282,1.8499615e-05,1.8144048e-05,2.0041723,6.413351,0.23294174681033036
1.0,0.025934912632098312,-1.0023763,-1.0023763,-1.0023426,-1.0023426,-1.9027577e-05,-1.8671932e-05,2.0041723,6.413351,0.23307028141344927
1.0,0.025944912632098315,-1.0023,-1.0023,-1.0023282,-1.0023282,1.8498886e-05,1.8143324e-05,2.0041723,6.413351,0.23319881601656817
1.0,0.025954912632098315,-1.0023763,-1.0023763,-1.0023426,-1.0023426,-1.9026846e-05,-1.8671208e-05,2.0041723,6.413351,0.23332735061968707
1.0,0.025964912632098314,-1.0023,-1.0023,-1.0023282,-1.0023282,1.8498156e-05,1.81426e-05,2.0041723,6.413351,0.23345588522280597
1.0,0.025974912632098314,-1.0023763,-1.0023763,-1.0023426,-1.0023426,-1.9026116e-05,-1.8670486e-05,2.0041723,6.413351,0.23358441982592487
1.0,0.025984912632098314,-1.0023,-1.0023,-1.0023282,-1.0023282,1.8497427e-05,1.8141878e-05,2.0041723,6.413351,0.23371295442904377
1.0,0.025994912632098313,-1.0023763,-1.0023763,-1.0023426,-1.0023426,-1.9025387e-05,-1.8669763e-05,2.0041723,6.413351,0.23384148903216267
1.0,0.026004912632098313,-1.0022999,-1.0022999,-1.002328,-1.002328,1.8496698e-05,1.8141156e-05,2.0041723,6.413351,0.23397002363528158
1.0,0.026014912632098312,-1.0023763,-1.0023763,-1.0023427,-1.0023427,-1.902466e-05,-1.8669041e-05,2.0041723,6.413351,0.23409855823840048
1.0,0.026024912632098315,-1.0022999,-1.0022999,-1.002328,-1.002328,1.8495968e-05,1.8140434e-05,2.0041723,6.413351,0.23422709284151938
1.0,0.026034912632098315,-1.0023764,-1.0023764,-1.0023427,-1.0023427,-1.902393e-05,-1.866832e-05,2.0041723,6.413351,0.23435562744463828
1.0,0.026044912632098315,-1.0022999,-1.0022999,-1.002328,-1.002328,1.849524e-05,1.8139714e-05,2.0041723,6.413351,0.23448416204775718
1.0,0.026054912632098314,-1.0023764,-1.0023764,-1.0023427,-1.0023427,-1.9023202e-05,-1.8667597e-05,2.0041723,6.413351,0.23461269665087608
1.0,0.026064912632098314,-1.0022999,-1.0022999,-1.002328,-1.002328,1.8494513e-05,1.8138991e-05,2.0041723,6.413351,0.234741231253995
1.0,0.026074912632098313,-1.0023764,-1.0023764,-1.0023427,-1.0023427,-1.9022475e-05,-1.8666877e-05,2.0041723,6.413351,0.2348697658571139
1.0,0.026084912632098313,-1.0022999,-1.0022999,-1.0023279,-1.0023279,1.8493785e-05,1.8138271e-05,2.0041723,6.413351,0.2349983004602328
1.0,0.026094912632098313,-1.0023764,-1.0023764,-1.0023428,-1.0023428,-1.9021747e-05,-1.8666156e-05,2.0041723,6.413351,0.2351268350633517
1.0,0.026104912632098312,-1.0022998,-1.0022998,-1.0023279,-1.0023279,1.8493058e-05,1.813755e-05,2.0041723,6.413351,0.2352553696664706
1.0,0.026114912632098315,-1.0023764,-1.0023764,-1.0023428,-1.0023428,-1.9021021e-05,-1.8665436e-05,2.0041723,6.413351,0.2353839042695895
1.0,0.026124912632098315,-1.0022998,-1.0022998,-1.0023279,-1.0023279,1.8492332e-05,1.813683e-05,2.0041723,6.413351,0.2355124388727084
1.0,0.026134912632098314,-1.0023766,-1.0023766,-1.0023428,-1.0023428,-1.9020294e-05,-1.8664716e-05,2.0041723,6.413351,0.2356409734758273
1.0,0.026144912632098314,-1.0022998,-1.0022998,-1.0023279,-1.0023279,1.8491604e-05,1.813611e-05,2.0041723,6.413351,0.2357695080789462
1.0,0.026154912632098314,-1.0023766,-1.0023766,-1.0023428,-1.0023428,-1.9019568e-05,-1.8663995e-05,2.0041723,6.413351,0.2358980426820651
1.0,0.026164912632098313,-1.0022998,-1.0022998,-1.0023279,-1.0023279,1.8490879e-05,1.813539e-05,2.0041723,6.413351,0.236026577285184
1.0,0.026174912632098313,-1.0023766,-1.0023766,-1.0023428,-1.0023428,-1.9018842e-05,-1.8663277e-05,2.0041723,6.413351,0.2361551118883029
1.0,0.026184912632098312,-1.0022998,-1.0022998,-1.0023278,-1.0023278,1.8490153e-05,1.8134671e-05,2.0041723,6.413351,0.2362836464914218
1.0,0.026194912632098315,-1.0023766,-1.0023766,-1.0023428,-1.0023428,-1.9018116e-05,-1.8662557e-05,2.0041723,6.413351,0.2364121810945407
1.0,0.026204912632098315,-1.0022997,-1.0022997,-1.0023278,-1.0023278,1.8489427e-05,1.8133953e-05,2.0041723,6.413351,0.2365407156976596
1.0,0.026214912632098315,-1.0023766,-1.0023766,-1.0023429,-1.0023429,-1.901739e-05,-1.8661838e-05,2.0041723,6.413351,0.2366692503007785
1.0,0.026224912632098314,-1.0022997,-1.0022997,-1.0023278,-1.0023278,1.8488703e-05,1.8133233e-05,2.0041723,6.413351,0.2367977849038974
1.0,0.026234912632098314,-1.0023767,-1.0023767,-1.0023429,-1.0023429,-1.9016665e-05,-1.866112e-05,2.0041723,6.413351,0.23692631950701631
1.0,0.026244912632098313,-1.0022997,-1.0022997,-1.0023278,-1.0023278,1.8487977e-05,1.8132514e-05,2.0041723,6.413351,0.23705485411013522
1.0,0.026254912632098313,-1.0023767,-1.0023767,-1.0023429,-1.0023429,-1.901594e-05,-1.8660401e-05,2.0041723,6.413351,0.23718338871325412
1.0,0.026264912632098313,-1.0022997,-1.0022997,-1.0023278,-1.0023278,1.8487253e-05,1.8131796e-05,2.0041723,6.413351,0.23731192331637302
1.0,0.026274912632098312,-1.0023767,-1.0023767,-1.0023429,-1.0023429,-1.9015217e-05,-1.8659683e-05,2.0041723,6.413351,0.23744045791949192
1.0,0.026284912632098315,-1.0022997,-1.0022997,-1.0023278,-1.0023278,1.8486528e-05,1.8131079e-05,2.0041723,6.413351,0.23756899252261082
1.0,0.026294912632098315,-1.0023767,-1.0023767,-1.0023429,-1.0023429,-1.9014491e-05,-1.8658964e-05,2.0041723,6.413351,0.23769752712572972
1.0,0.026304912632098314,-1.0022995,-1.0022995,-1.0023277,-1.0023277,1.8485804e-05,1.813036e-05,2.0041723,6.413351,0.23782606172884863
1.0,0.026314912632098314,-1.0023767,-1.0023767,-1.002343,-1.002343,-1.9013767e-05,-1.8658247e-05,2.0041723,6.413351,0.23795459633196753
1.0,0.026324912632098314,-1.0022995,-1.0022995,-1.0023277,-1.0023277,1.848508e-05,1.8129642e-05,2.0041723,6.413351,0.23808313093508643
1.0,0.026334912632098313,-1.0023768,-1.0023768,-1.002343,-1.002343,-1.9013043e-05,-1.8657529e-05,2.0041723,6.413351,0.23821166553820533
1.0,0.026344912632098313,-1.0022995,-1.0022995,-1.0023277,-1.0023277,1.8484356e-05,1.8128925e-05,2.0041723,6.413351,0.23834020014132423
1.0,0.026354912632098312,-1.0023768,-1.0023768,-1.002343,-1.002343,-1.901232e-05,-1.8656812e-05,2.0041723,6.413351,0.23846873474444313
1.0,0.026364912632098315,-1.0022995,-1.0022995,-1.0023277,-1.0023277,1.8483632e-05,1.8128208e-05,2.0041723,6.413351,0.23859726934756204
1.0,0.026374912632098315,-1.0023768,-1.0023768,-1.002343,-1.002343,-1.9011595e-05,-1.8656096e-05,2.0041723,6.413351,0.23872580395068094
1.0,0.026384912632098315,-1.0022995,-1.0022995,-1.0023277,-1.0023277,1.8482908e-05,1.812749e-05,2.0041723,6.413351,0.23885433855379984
1.0,0.026394912632098314,-1.0023768,-1.0023768,-1.002343,-1.002343,-1.9010871e-05,-1.8655377e-05,2.0041723,6.413351,0.23898287315691874
1.0,0.026404912632098314,-1.0022995,-1.0022995,-1.0023277,-1.0023277,1.8482184e-05,1.8126773e-05,2.0041723,6.413351,0.23911140776003764
1.0,0.026414912632098313,-1.0023768,-1.0023768,-1.002343,-1.002343,-1.901015e-05,-1.865466e-05,2.0041723,6.413351,0.23923994236315654
1.0,0.026424912632098313,-1.0022994,-1.0022994,-1.0023276,-1.0023276,1.8481462e-05,1.8126057e-05,2.0041723,6.413351,0.23936847696627545
1.0,0.026434912632098313,-1.0023768,-1.0023768,-1.0023432,-1.0023432,-1.9009425e-05,-1.8653944e-05,2.0041723,6.413351,0.23949701156939435
1.0,0.026444912632098312,-1.0022994,-1.0022994,-1.0023276,-1.0023276,1.8480738e-05,1.812534e-05,2.0041723,6.413351,0.23962554617251325
1.0,0.026454912632098315,-1.0023769,-1.0023769,-1.0023432,-1.0023432,-1.9008701e-05,-1.8653227e-05,2.0041723,6.413351,0.23975408077563215
1.0,0.026464912632098315,-1.0022994,-1.0022994,-1.0023276,-1.0023276,1.8480014e-05,1.8124623e-05,2.0041723,6.413351,0.23988261537875105
1.0,0.026474912632098314,-1.0023769,-1.0023769,-1.0023432,-1.0023432,-1.9007979e-05,-1.865251e-05,2.0041723,6.413351,0.24001114998186995
1.0,0.026484912632098314,-1.0022994,-1.0022994,-1.0023276,-1.0023276,1.8479292e-05,1.8123907e-05,2.0041723,6.413351,0.24013968458498886
1.0,0.026494912632098314,-1.0023769,-1.0023769,-1.0023432,-1.0023432,-1.9007257e-05,-1.8651794e-05,2.0041723,6.413351,0.24026821918810776
1.0,0.026504912632098313,-1.0022994,-1.0022994,-1.0023276,-1.0023276,1.847857e-05,1.812319e-05,2.0041723,6.413351,0.24039675379122666
1.0,0.026514912632098313,-1.0023769,-1.0023769,-1.0023432,-1.0023432,-1.9006533e-05,-1.8651079e-05,2.0041723,6.413351,0.24052528839434556
1.0,0.026524912632098312,-1.0022994,-1.0022994,-1.0023276,-1.0023276,1.8477846e-05,1.8122475e-05,2.0041723,6.413351,0.24065382299746446
1.0,0.026534912632098312,-1.0023769,-1.0023769,-1.0023432,-1.0023432,-1.900581e-05,-1.8650362e-05,2.0041723,6.413351,0.24078235760058336
1.0,0.026544912632098315,-1.0022993,-1.0022993,-1.0023274,-1.0023274,1.8477123e-05,1.8121758e-05,2.0041723,6.413351,0.24091089220370226
1.0,0.026554912632098315,-1.0023769,-1.0023769,-1.0023432,-1.0023432,-1.9005089e-05,-1.8649645e-05,2.0041723,6.413351,0.24103942680682117
1.0,0.026564912632098314,-1.0022993,-1.0022993,-1.0023274,-1.0023274,1.8476401e-05,1.8121042e-05,2.0041723,6.413351,0.24116796140994007
1.0,0.026574912632098314,-1.002377,-1.002377,-1.0023433,-1.0023433,-1.9004365e-05,-1.8648929e-05,2.0041723,6.413351,0.24129649601305897
1.0,0.026584912632098313,-1.0022993,-1.0022993,-1.0023274,-1.0023274,1.8475677e-05,1.8120325e-05,2.0041723,6.413351,0.24142503061617787
1.0,0.026594912632098313,-1.002377,-1.002377,-1.0023433,-1.0023433,-1.9003643e-05,-1.8648214e-05,2.0041723,6.413351,0.24155356521929677
1.0,0.026604912632098313,-1.0022993,-1.0022993,-1.0023274,-1.0023274,1.8474955e-05,1.811961e-05,2.0041723,6.413351,0.24168209982241567
1.0,0.026614912632098312,-1.002377,-1.002377,-1.0023433,-1.0023433,-1.900292e-05,-1.8647497e-05,2.0041723,6.413351,0.24181063442553458
1.0,0.026624912632098315,-1.0022993,-1.0022993,-1.0023274,-1.0023274,1.8474233e-05,1.8118893e-05,2.0041723,6.413351,0.24193916902865348
1.0,0.026634912632098315,-1.002377,-1.002377,-1.0023433,-1.0023433,-1.9002198e-05,-1.864678e-05,2.0041723,6.413351,0.24206770363177238
1.0,0.026644912632098314,-1.0022993,-1.0022993,-1.0023274,-1.0023274,1.847351e-05,1.8118179e-05,2.0041723,6.413351,0.24219623823489128
1.0,0.026654912632098314,-1.002377,-1.002377,-1.0023433,-1.0023433,-1.9001476e-05,-1.8646066e-05,2.0041723,6.413351,0.24232477283801018
1.0,0.026664912632098314,-1.0022992,-1.0022992,-1.0023274,-1.0023274,1.8472789e-05,1.8117462e-05,2.0041723,6.413351,0.24245330744112908
1.0,0.026674912632098313,-1.002377,-1.002377,-1.0023433,-1.0023433,-1.9000752e-05,-1.8645349e-05,2.0041723,6.413351,0.242581842044248
1.0,0.026684912632098313,-1.0022992,-1.0022992,-1.0023273,-1.0023273,1.8472067e-05,1.8116745e-05,2.0041723,6.413351,0.2427103766473669
1.0,0.026694912632098312,-1.002377,-1.002377,-1.0023433,-1.0023433,-1.900003e-05,-1.8644634e-05,2.0041723,6.413351,0.2428389112504858
1.0,0.026704912632098312,-1.0022992,-1.0022992,-1.0023273,-1.0023273,1.8471344e-05,1.811603e-05,2.0041723,6.413351,0.2429674458536047
1.0,0.026714912632098315,-1.0023772,-1.0023772,-1.0023434,-1.0023434,-1.8999308e-05,-1.8643917e-05,2.0041723,6.413351,0.2430959804567236
1.0,0.026724912632098315,-1.0022992,-1.0022992,-1.0023273,-1.0023273,1.847062e-05,1.8115314e-05,2.0041723,6.413351,0.2432245150598425
1.0,0.026734912632098314,-1.0023772,-1.0023772,-1.0023434,-1.0023434,-1.8998586e-05,-1.8643203e-05,2.0041723,6.413351,0.2433530496629614
1.0,0.026744912632098314,-1.0022992,-1.0022992,-1.0023273,-1.0023273,1.8469898e-05,1.8114599e-05,2.0041723,6.413351,0.2434815842660803
1.0,0.026754912632098313,-1.0023772,-1.0023772,-1.0023434,-1.0023434,-1.8997864e-05,-1.8642486e-05,2.0041723,6.413351,0.2436101188691992
1.0,0.026764912632098313,-1.0022992,-1.0022992,-1.0023273,-1.0023273,1.8469176e-05,1.8113882e-05,2.0041723,6.413351,0.2437386534723181
1.0,0.026774912632098313,-1.0023772,-1.0023772,-1.0023434,-1.0023434,-1.8997142e-05,-1.864177e-05,2.0041723,6.413351,0.243867188075437
1.0,0.026784912632098312,-1.0022992,-1.0022992,-1.0023273,-1.0023273,1.8468454e-05,1.8113165e-05,2.0041723,6.413351,0.2439957226785559
1.0,0.026794912632098315,-1.0023772,-1.0023772,-1.0023434,-1.0023434,-1.899642e-05,-1.8641054e-05,2.0041723,6.413351,0.2441242572816748
1.0,0.026804912632098315,-1.0022991,-1.0022991,-1.0023273,-1.0023273,1.8467732e-05,1.811245e-05,2.0041723,6.413351,0.2442527918847937
1.0,0.026814912632098314,-1.0023772,-1.0023772,-1.0023434,-1.0023434,-1.8995695e-05,-1.8640338e-05,2.0041723,6.413351,0.2443813264879126
1.0,0.026824912632098314,-1.0022991,-1.0022991,-1.0023273,-1.0023273,1.846701e-05,1.8111734e-05,2.0041723,6.413351,0.2445098610910315
1.0,0.026834912632098314,-1.0023772,-1.0023772,-1.0023434,-1.0023434,-1.8994973e-05,-1.8639621e-05,2.0041723,6.413351,0.2446383956941504
1.0,0.026844912632098313,-1.0022991,-1.0022991,-1.0023272,-1.0023272,1.8466286e-05,1.8111019e-05,2.0041723,6.4133515,0.24476693030680605
1.0,0.026854912632098313,-1.0023773,-1.0023773,-1.0023435,-1.0023435,-1.8994251e-05,-1.8638906e-05,2.0041723,6.413351,0.24489546490992495
1.0,0.026864912632098312,-1.0022991,-1.0022991,-1.0023272,-1.0023272,1.8465564e-05,1.8110302e-05,2.0041723,6.4133515,0.24502399952258058
1.0,0.026874912632098312,-1.0023773,-1.0023773,-1.0023435,-1.0023435,-1.8993529e-05,-1.863819e-05,2.0041723,6.413351,0.24515253412569948
1.0,0.026884912632098315,-1.0022991,-1.0022991,-1.0023272,-1.0023272,1.8464842e-05,1.8109586e-05,2.0041723,6.4133515,0.24528106873835515
1.0,0.026894912632098315,-1.0023773,-1.0023773,-1.0023435,-1.0023435,-1.8992805e-05,-1.8637473e-05,2.0041723,6.413351,0.24540960334147405
1.0,0.026904912632098314,-1.0022991,-1.0022991,-1.0023272,-1.0023272,1.846412e-05,1.8108869e-05,2.0041723,6.4133515,0.24553813795412968
1.0,0.026914912632098314,-1.0023773,-1.0023773,-1.0023435,-1.0023435,-1.8992083e-05,-1.8636758e-05,2.0041723,6.413351,0.24566667255724858
1.0,0.026924912632098313,-1.0022991,-1.0022991,-1.0023272,-1.0023272,1.8463395e-05,1.8108154e-05,2.0041723,6.4133515,0.24579520716990422
1.0,0.026934912632098313,-1.0023773,-1.0023773,-1.0023435,-1.0023435,-1.899136e-05,-1.8636041e-05,2.0041723,6.413351,0.24592374177302312
1.0,0.026944912632098313,-1.0022991,-1.0022991,-1.0023272,-1.0023272,1.8462673e-05,1.8107437e-05,2.0041723,6.4133515,0.24605227638567875
1.0,0.026954912632098312,-1.0023773,-1.0023773,-1.0023435,-1.0023435,-1.8990637e-05,-1.8635325e-05,2.0041723,6.413351,0.24618081098879765
1.0,0.026964912632098315,-1.002299,-1.002299,-1.0023272,-1.0023272,1.846195e-05,1.810672e-05,2.0041723,6.4133515,0.24630934560145332
1.0,0.026974912632098315,-1.0023773,-1.0023773,-1.0023435,-1.0023435,-1.8989915e-05,-1.8634608e-05,2.0041723,6.413351,0.24643788020457222
1.0,0.026984912632098314,-1.002299,-1.002299,-1.0023272,-1.0023272,1.8461227e-05,1.8106004e-05,2.0041723,6.4133515,0.24656641481722785
1.0,0.026994912632098314,-1.0023773,-1.0023773,-1.0023435,-1.0023435,-1.898919e-05,-1.8633891e-05,2.0041723,6.413351,0.24669494942034675
1.0,0.027004912632098314,-1.002299,-1.002299,-1.0023272,-1.0023272,1.8460503e-05,1.8105287e-05,2.0041723,6.4133515,0.2468234840330024
1.0,0.027014912632098313,-1.0023774,-1.0023774,-1.0023435,-1.0023435,-1.8988469e-05,-1.8633174e-05,2.0041723,6.413351,0.2469520186361213
1.0,0.027024912632098313,-1.002299,-1.002299,-1.0023271,-1.0023271,1.8459781e-05,1.810457e-05,2.0041723,6.4133515,0.24708055324877692
1.0,0.027034912632098312,-1.0023774,-1.0023774,-1.0023437,-1.0023437,-1.8987745e-05,-1.8632458e-05,2.0041723,6.413351,0.24720908785189583
1.0,0.027044912632098312,-1.002299,-1.002299,-1.0023271,-1.0023271,1.8459057e-05,1.8103854e-05,2.0041723,6.4133515,0.2473376224645515
1.0,0.027054912632098315,-1.0023774,-1.0023774,-1.0023437,-1.0023437,-1.898702e-05,-1.8631741e-05,2.0041723,6.413351,0.2474661570676704
1.0,0.027064912632098315,-1.002299,-1.002299,-1.0023271,-1.0023271,1.8458333e-05,1.8103136e-05,2.0041723,6.4133515,0.24759469168032602
1.0,0.027074912632098314,-1.0023774,-1.0023774,-1.0023437,-1.0023437,-1.8986297e-05,-1.8631023e-05,2.0041723,6.413351,0.24772322628344493
1.0,0.027084912632098314,-1.002299,-1.002299,-1.0023271,-1.0023271,1.845761e-05,1.8102419e-05,2.0041723,6.4133515,0.24785176089610056
1.0,0.027094912632098313,-1.0023774,-1.0023774,-1.0023437,-1.0023437,-1.8985575e-05,-1.8630306e-05,2.0041723,6.413351,0.24798029549921946
1.0,0.027104912632098313,-1.002299,-1.002299,-1.0023271,-1.0023271,1.8456885e-05,1.8101702e-05,2.0041723,6.4133515,0.2481088301118751
1.0,0.027114912632098313,-1.0023774,-1.0023774,-1.0023437,-1.0023437,-1.898485e-05,-1.862959e-05,2.0041723,6.413351,0.248237364714994
1.0,0.027124912632098312,-1.002299,-1.002299,-1.0023271,-1.0023271,1.8456161e-05,1.8100984e-05,2.0041723,6.4133515,0.24836589932764966
1.0,0.027134912632098315,-1.0023774,-1.0023774,-1.0023437,-1.0023437,-1.8984125e-05,-1.862887e-05,2.0041723,6.413351,0.24849443393076856
1.0,0.027144912632098315,-1.0022988,-1.0022988,-1.0023271,-1.0023271,1.8455437e-05,1.8100267e-05,2.0041723,6.4133515,0.2486229685434242
1.0,0.027154912632098314,-1.0023774,-1.0023774,-1.0023437,-1.0023437,-1.89834e-05,-1.8628154e-05,2.0041723,6.413351,0.2487515031465431
1.0,0.027164912632098314,-1.0022988,-1.0022988,-1.0023271,-1.0023271,1.8454713e-05,1.8099548e-05,2.0041723,6.4133515,0.24888003775919873
1.0,0.027174912632098314,-1.0023774,-1.0023774,-1.0023437,-1.0023437,-1.8982677e-05,-1.8627436e-05,2.0041723,6.413351,0.24900857236231763
1.0,0.027184912632098313,-1.0022988,-1.0022988,-1.0023271,-1.0023271,1.845399e-05,1.809883e-05,2.0041723,6.4133515,0.24913710697497327
1.0,0.027194912632098313,-1.0023775,-1.0023775,-1.0023437,-1.0023437,-1.8981953e-05,-1.8626717e-05,2.0041723,6.413351,0.24926564157809217
1.0,0.027204912632098312,-1.0022988,-1.0022988,-1.002327,-1.002327,1.8453264e-05,1.8098113e-05,2.0041723,6.4133515,0.2493941761907478
1.0,0.027214912632098312,-1.0023775,-1.0023775,-1.0023437,-1.0023437,-1.8981227e-05,-1.8625999e-05,2.0041723,6.413351,0.2495227107938667
1.0,0.027224912632098315,-1.0022988,-1.0022988,-1.002327,-1.002327,1.845254e-05,1.8097395e-05,2.0041723,6.4133515,0.24965124540652237
1.0,0.027234912632098315,-1.0023775,-1.0023775,-1.0023438,-1.0023438,-1.8980503e-05,-1.862528e-05,2.0041723,6.413351,0.24977978000964127
1.0,0.027244912632098314,-1.0022988,-1.0022988,-1.002327,-1.002327,1.8451814e-05,1.8096676e-05,2.0041723,6.4133515,0.2499083146222969
1.0,0.027254912632098314,-1.0023775,-1.0023775,-1.0023438,-1.0023438,-1.8979777e-05,-1.8624562e-05,2.0041723,6.413351,0.2500368492254158
1.0,0.027264912632098313,-1.0022988,-1.0022988,-1.002327,-1.002327,1.845109e-05,1.8095958e-05,2.0041723,6.4133515,0.25016538383807146
1.0,0.027274912632098313,-1.0023775,-1.0023775,-1.0023438,-1.0023438,-1.8979053e-05,-1.8623843e-05,2.0041723,6.413351,0.25029391844119037
1.0,0.027284912632098313,-1.0022988,-1.0022988,-1.002327,-1.002327,1.8450364e-05,1.809524e-05,2.0041723,6.4133515,0.25042245305384603
1.0,0.027294912632098312,-1.0023775,-1.0023775,-1.0023438,-1.0023438,-1.8978328e-05,-1.8623125e-05,2.0041723,6.413351,0.25055098765696493
1.0,0.027304912632098315,-1.0022988,-1.0022988,-1.002327,-1.002327,1.8449638e-05,1.8094519e-05,2.0041723,6.4133515,0.2506795222696206
1.0,0.027314912632098315,-1.0023775,-1.0023775,-1.0023438,-1.0023438,-1.8977602e-05,-1.8622406e-05,2.0041723,6.413351,0.2508080568727395
1.0,0.027324912632098314,-1.0022987,-1.0022987,-1.002327,-1.002327,1.8448913e-05,1.80938e-05,2.0041723,6.4133515,0.25093659148539516
1.0,0.027334912632098314,-1.0023775,-1.0023775,-1.0023438,-1.0023438,-1.8976876e-05,-1.8621686e-05,2.0041723,6.413351,0.25106512608851406
1.0,0.027344912632098314,-1.0022987,-1.0022987,-1.002327,-1.002327,1.8448187e-05,1.809308e-05,2.0041723,6.4133515,0.2511936607011697
1.0,0.027354912632098313,-1.0023775,-1.0023775,-1.0023438,-1.0023438,-1.897615e-05,-1.8620967e-05,2.0041723,6.413351,0.2513221953042886
1.0,0.027364912632098313,-1.0022987,-1.0022987,-1.002327,-1.002327,1.8447461e-05,1.8092362e-05,2.0041723,6.4133515,0.2514507299169443
1.0,0.027374912632098312,-1.0023775,-1.0023775,-1.0023438,-1.0023438,-1.8975423e-05,-1.8620247e-05,2.0041723,6.413351,0.2515792645200632
1.0,0.027384912632098312,-1.0022987,-1.0022987,-1.002327,-1.002327,1.8446735e-05,1.8091641e-05,2.0041723,6.4133515,0.25170779913271885
1.0,0.027394912632098315,-1.0023776,-1.0023776,-1.0023438,-1.0023438,-1.8974697e-05,-1.8619527e-05,2.0041723,6.413351,0.25183633373583775
1.0,0.027404912632098315,-1.0022987,-1.0022987,-1.002327,-1.002327,1.8446008e-05,1.8090921e-05,2.0041723,6.4133515,0.2519648683484934
1.0,0.027414912632098314,-1.0023776,-1.0023776,-1.0023438,-1.0023438,-1.897397e-05,-1.8618806e-05,2.0041723,6.413351,0.2520934029516123
1.0,0.027424912632098314,-1.0022987,-1.0022987,-1.0023268,-1.0023268,1.844528e-05,1.80902e-05,2.0041723,6.4133515,0.252221937564268
1.0,0.027434912632098313,-1.0023776,-1.0023776,-1.0023438,-1.0023438,-1.8973244e-05,-1.8618086e-05,2.0041723,6.413351,0.2523504721673869
1.0,0.027444912632098313,-1.0022987,-1.0022987,-1.0023268,-1.0023268,1.8444554e-05,1.808948e-05,2.0041723,6.4133515,0.25247900678004254
1.0,0.027454912632098313,-1.0023776,-1.0023776,-1.0023439,-1.0023439,-1.8972516e-05,-1.8617366e-05,2.0041723,6.413351,0.25260754138316144
1.0,0.027464912632098312,-1.0022987,-1.0022987,-1.0023268,-1.0023268,1.8443827e-05,1.808876e-05,2.0041723,6.4133515,0.2527360759958171
1.0,0.027474912632098315,-1.0023776,-1.0023776,-1.0023439,-1.0023439,-1.8971788e-05,-1.8616645e-05,2.0041723,6.413351,0.252864610598936
1.0,0.027484912632098315,-1.0022987,-1.0022987,-1.0023268,-1.0023268,1.84431e-05,1.8088038e-05,2.0041723,6.4133515,0.25299314521159166
1.0,0.027494912632098314,-1.0023776,-1.0023776,-1.0023439,-1.0023439,-1.897106e-05,-1.8615923e-05,2.0041723,6.413351,0.25312167981471057
1.0,0.027504912632098314,-1.0022987,-1.0022987,-1.0023268,-1.0023268,1.8442372e-05,1.8087318e-05,2.0041723,6.4133515,0.2532502144273662
1.0,0.027514912632098314,-1.0023776,-1.0023776,-1.0023439,-1.0023439,-1.8970333e-05,-1.8615203e-05,2.0041723,6.413351,0.25337874903048513
1.0,0.027524912632098313,-1.0022987,-1.0022987,-1.0023268,-1.0023268,1.8441644e-05,1.8086595e-05,2.0041723,6.4133515,0.2535072836431408
1.0,0.027534912632098313,-1.0023776,-1.0023776,-1.0023439,-1.0023439,-1.8969606e-05,-1.861448e-05,2.0041723,6.413351,0.2536358182462597
1.0,0.027544912632098312,-1.0022986,-1.0022986,-1.0023268,-1.0023268,1.8440915e-05,1.8085873e-05,2.0041723,6.4133515,0.25376435285891535
1.0,0.027554912632098312,-1.0023776,-1.0023776,-1.0023439,-1.0023439,-1.8968876e-05,-1.8613759e-05,2.0041723,6.413351,0.25389288746203426
1.0,0.027564912632098315,-1.0022986,-1.0022986,-1.0023268,-1.0023268,1.8440187e-05,1.8085151e-05,2.0041723,6.4133515,0.2540214220746899
1.0,0.027574912632098315,-1.0023776,-1.0023776,-1.0023439,-1.0023439,-1.8968147e-05,-1.8613036e-05,2.0041723,6.413351,0.2541499566778088
1.0,0.027584912632098314,-1.0022986,-1.0022986,-1.0023268,-1.0023268,1.8439458e-05,1.8084429e-05,2.0041723,6.4133515,0.2542784912904645
1.0,0.027594912632098314,-1.0023776,-1.0023776,-1.0023439,-1.0023439,-1.896742e-05,-1.8612314e-05,2.0041723,6.413351,0.2544070258935834
1.0,0.027604912632098313,-1.0022986,-1.0022986,-1.0023268,-1.0023268,1.8438728e-05,1.8083707e-05,2.0041723,6.4133515,0.25453556050623904
1.0,0.027614912632098313,-1.0023777,-1.0023777,-1.0023439,-1.0023439,-1.896669e-05,-1.861159e-05,2.0041723,6.413351,0.25466409510935795
1.0,0.027624912632098313,-1.0022986,-1.0022986,-1.0023268,-1.0023268,1.8437999e-05,1.8082985e-05,2.0041723,6.4133515,0.2547926297220136
1.0,0.027634912632098312,-1.0023777,-1.0023777,-1.0023439,-1.0023439,-1.896596e-05,-1.8610868e-05,2.0041723,6.413351,0.2549211643251325
1.0,0.027644912632098315,-1.0022986,-1.0022986,-1.0023268,-1.0023268,1.843727e-05,1.808226e-05,2.0041723,6.4133515,0.25504969893778817
1.0,0.027654912632098315,-1.0023777,-1.0023777,-1.0023439,-1.0023439,-1.896523e-05,-1.8610144e-05,2.0041723,6.413351,0.2551782335409071
1.0,0.027664912632098314,-1.0022986,-1.0022986,-1.0023268,-1.0023268,1.843654e-05,1.8081539e-05,2.0041723,6.4133515,0.25530676815356274
1.0,0.027674912632098314,-1.0023777,-1.0023777,-1.0023439,-1.0023439,-1.89645e-05,-1.8609422e-05,2.0041723,6.413351,0.25543530275668164
1.0,0.027684912632098314,-1.0022986,-1.0022986,-1.0023267,-1.0023267,1.8435809e-05,1.8080815e-05,2.0041723,6.4133515,0.2555638373693373
1.0,0.027694912632098313,-1.0023777,-1.0023777,-1.0023439,-1.0023439,-1.8963769e-05,-1.8608698e-05,2.0041723,6.413351,0.2556923719724562
1.0,0.027704912632098313,-1.0022986,-1.0022986,-1.0023267,-1.0023267,1.843508e-05,1.808009e-05,2.0041723,6.4133515,0.25582090658511186
1.0,0.027714912632098312,-1.0023777,-1.0023777,-1.002344,-1.002344,-1.896304e-05,-1.8607974e-05,2.0041723,6.413351,0.25594944118823076
1.0,0.027724912632098312,-1.0022986,-1.0022986,-1.0023267,-1.0023267,1.8434348e-05,1.8079367e-05,2.0041723,6.4133515,0.2560779758008864
1.0,0.027734912632098315,-1.0023777,-1.0023777,-1.002344,-1.002344,-1.8962308e-05,-1.8607248e-05,2.0041723,6.413351,0.2562065104040053
1.0,0.027744912632098315,-1.0022986,-1.0022986,-1.0023267,-1.0023267,1.8433617e-05,1.8078641e-05,2.0041723,6.4133515,0.256335045016661
1.0,0.027754912632098314,-1.0023777,-1.0023777,-1.002344,-1.002344,-1.8961577e-05,-1.8606524e-05,2.0041723,6.413351,0.2564635796197799
1.0,0.027764912632098314,-1.0022986,-1.0022986,-1.0023267,-1.0023267,1.8432886e-05,1.8077917e-05,2.0041723,6.4133515,0.25659211423243555
1.0,0.027774912632098313,-1.0023777,-1.0023777,-1.002344,-1.002344,-1.8960845e-05,-1.8605799e-05,2.0041723,6.413351,0.25672064883555445
1.0,0.027784912632098313,-1.0022985,-1.0022985,-1.0023267,-1.0023267,1.8432153e-05,1.8077191e-05,2.0041723,6.4133515,0.2568491834482101
1.0,0.027794912632098313,-1.0023777,-1.0023777,-1.002344,-1.002344,-1.8960112e-05,-1.8605075e-05,2.0041723,6.413351,0.256977718051329
1.0,0.027804912632098312,-1.0022985,-1.0022985,-1.0023267,-1.0023267,1.8431421e-05,1.8076465e-05,2.0041723,6.4133515,0.2571062526639847
1.0,0.027814912632098312,-1.0023777,-1.0023777,-1.002344,-1.002344,-1.8959381e-05,-1.8604349e-05,2.0041723,6.413351,0.2572347872671036
1.0,0.027824912632098315,-1.0022985,-1.0022985,-1.0023267,-1.0023267,1.8430688e-05,1.807574e-05,2.0041723,6.4133515,0.25736332187975924
1.0,0.027834912632098315,-1.0023777,-1.0023777,-1.002344,-1.002344,-1.8958648e-05,-1.8603623e-05,2.0041723,6.413351,0.25749185648287815
1.0,0.027844912632098314,-1.0022985,-1.0022985,-1.0023267,-1.0023267,1.8429955e-05,1.8075014e-05,2.0041723,6.4133515,0.2576203910955338
1.0,0.027854912632098314,-1.0023779,-1.0023779,-1.002344,-1.002344,-1.8957915e-05,-1.8602897e-05,2.0041723,6.413351,0.2577489256986527
1.0,0.027864912632098313,-1.0022985,-1.0022985,-1.0023267,-1.0023267,1.8429222e-05,1.8074288e-05,2.0041723,6.4133515,0.25787746031130837
1.0,0.027874912632098313,-1.0023779,-1.0023779,-1.002344,-1.002344,-1.8957182e-05,-1.860217e-05,2.0041723,6.413351,0.2580059949144273
1.0,0.027884912632098312,-1.0022985,-1.0022985,-1.0023267,-1.0023267,1.8428489e-05,1.807356e-05,2.0041723,6.4133515,0.25813452952708293
1.0,0.027894912632098312,-1.0023779,-1.0023779,-1.002344,-1.002344,-1.8956449e-05,-1.8601444e-05,2.0041723,6.413351,0.25826306413020184
1.0,0.027904912632098315,-1.0022985,-1.0022985,-1.0023267,-1.0023267,1.8427756e-05,1.8072835e-05,2.0041723,6.4133515,0.2583915987428575
1.0,0.027914912632098315,-1.0023779,-1.0023779,-1.002344,-1.002344,-1.8955714e-05,-1.8600716e-05,2.0041723,6.413351,0.2585201333459764
1.0,0.027924912632098314,-1.0022985,-1.0022985,-1.0023267,-1.0023267,1.8427021e-05,1.8072107e-05,2.0041723,6.4133515,0.25864866795863206
1.0,0.027934912632098314,-1.0023779,-1.0023779,-1.002344,-1.002344,-1.8954981e-05,-1.8599989e-05,2.0041723,6.413351,0.25877720256175096
1.0,0.027944912632098313,-1.0022985,-1.0022985,-1.0023267,-1.0023267,1.8426288e-05,1.807138e-05,2.0041723,6.4133515,0.2589057371744066
1.0,0.027954912632098313,-1.0023779,-1.0023779,-1.002344,-1.002344,-1.8954246e-05,-1.8599261e-05,2.0041723,6.413351,0.2590342717775255
1.0,0.027964912632098313,-1.0022985,-1.0022985,-1.0023267,-1.0023267,1.8425553e-05,1.807065e-05,2.0041723,6.4133515,0.2591628063901812
1.0,0.027974912632098312,-1.0023779,-1.0023779,-1.002344,-1.002344,-1.8953511e-05,-1.8598532e-05,2.0041723,6.413351,0.2592913409933001
1.0,0.027984912632098312,-1.0022985,-1.0022985,-1.0023266,-1.0023266,1.8424818e-05,1.8069923e-05,2.0041723,6.4133515,0.25941987560595575
1.0,0.027994912632098315,-1.0023779,-1.0023779,-1.002344,-1.002344,-1.8952776e-05,-1.8597804e-05,2.0041723,6.413351,0.25954841020907465
1.0,0.028004912632098315,-1.0022985,-1.0022985,-1.0023266,-1.0023266,1.8424082e-05,1.8069193e-05,2.0041723,6.4133515,0.2596769448217303
1.0,0.028014912632098314,-1.0023779,-1.0023779,-1.0023441,-1.0023441,-1.895204e-05,-1.8597075e-05,2.0041723,6.413351,0.2598054794248492
1.0,0.028024912632098314,-1.0022985,-1.0022985,-1.0023266,-1.0023266,1.8423347e-05,1.8068466e-05,2.0041723,6.4133515,0.2599340140375049
1.0,0.028034912632098313,-1.0023779,-1.0023779,-1.0023441,-1.0023441,-1.8951305e-05,-1.8596345e-05,2.0041723,6.413351,0.2600625486406238
1.0,0.028044912632098313,-1.0022985,-1.0022985,-1.0023266,-1.0023266,1.842261e-05,1.8067736e-05,2.0041723,6.4133515,0.26019108325327944
1.0,0.028054912632098312,-1.0023779,-1.0023779,-1.0023441,-1.0023441,-1.8950568e-05,-1.8595616e-05,2.0041723,6.413351,0.26031961785639834
1.0,0.028064912632098312,-1.0022984,-1.0022984,-1.0023266,-1.0023266,1.8421873e-05,1.8067007e-05,2.0041723,6.4133515,0.260448152469054
1.0,0.028074912632098315,-1.0023779,-1.0023779,-1.0023441,-1.0023441,-1.8949831e-05,-1.8594887e-05,2.0041723,6.413351,0.2605766870721729
1.0,0.028084912632098315,-1.0022984,-1.0022984,-1.0023266,-1.0023266,1.8421137e-05,1.8066276e-05,2.0041723,6.4133515,0.26070522168482857
1.0,0.028094912632098314,-1.0023779,-1.0023779,-1.0023441,-1.0023441,-1.8949095e-05,-1.8594155e-05,2.0041723,6.413351,0.26083375628794747
1.0,0.028104912632098314,-1.0022984,-1.0022984,-1.0023266,-1.0023266,1.84204e-05,1.8065546e-05,2.0041723,6.4133515,0.26096229090060313
1.0,0.028114912632098314,-1.0023779,-1.0023779,-1.0023441,-1.0023441,-1.8948358e-05,-1.8593426e-05,2.0041723,6.413351,0.26109082550372203
1.0,0.028124912632098313,-1.0022984,-1.0022984,-1.0023266,-1.0023266,1.8419663e-05,1.8064815e-05,2.0041723,6.4133515,0.2612193601163777
1.0,0.028134912632098313,-1.002378,-1.002378,-1.0023441,-1.0023441,-1.894762e-05,-1.8592695e-05,2.0041723,6.413351,0.2613478947194966
1.0,0.028144912632098312,-1.0022984,-1.0022984,-1.0023266,-1.0023266,1.8418925e-05,1.8064084e-05,2.0041723,6.4133515,0.26147642933215226
1.0,0.028154912632098312,-1.002378,-1.002378,-1.0023441,-1.0023441,-1.8946881e-05,-1.8591963e-05,2.0041723,6.413351,0.26160496393527116
1.0,0.028164912632098315,-1.0022984,-1.0022984,-1.0023266,-1.0023266,1.8418186e-05,1.8063352e-05,2.0041723,6.4133515,0.2617334985479268
1.0,0.028174912632098315,-1.002378,-1.002378,-1.0023441,-1.0023441,-1.8946143e-05,-1.8591232e-05,2.0041723,6.413351,0.2618620331510457
1.0,0.028184912632098314,-1.0022984,-1.0022984,-1.0023266,-1.0023266,1.8417448e-05,1.806262e-05,2.0041723,6.4133515,0.2619905677637014
1.0,0.028194912632098314,-1.002378,-1.002378,-1.0023441,-1.0023441,-1.8945404e-05,-1.85905e-05,2.0041723,6.413351,0.2621191023668203
1.0,0.028204912632098313,-1.0022984,-1.0022984,-1.0023266,-1.0023266,1.841671e-05,1.8061888e-05,2.0041723,6.4133515,0.26224763697947595
1.0,0.028214912632098313,-1.002378,-1.002378,-1.0023441,-1.0023441,-1.8944665e-05,-1.8589768e-05,2.0041723,6.413351,0.26237617158259485
1.0,0.028224912632098312,-1.0022984,-1.0022984,-1.0023266,-1.0023266,1.841597e-05,1.8061155e-05,2.0041723,6.4133515,0.2625047061952505
1.0,0.028234912632098312,-1.002378,-1.002378,-1.0023441,-1.0023441,-1.8943925e-05,-1.8589035e-05,2.0041723,6.413351,0.2626332407983694
1.0,0.028244912632098315,-1.0022984,-1.0022984,-1.0023266,-1.0023266,1.841523e-05,1.8060422e-05,2.0041723,6.4133515,0.2627617754110251
1.0,0.028254912632098315,-1.002378,-1.002378,-1.0023441,-1.0023441,-1.8943187e-05,-1.8588302e-05,2.0041723,6.413351,0.262890310014144
1.0,0.028264912632098314,-1.0022984,-1.0022984,-1.0023266,-1.0023266,1.841449e-05,1.8059689e-05,2.0041723,6.4133515,0.26301884462679964
1.0,0.028274912632098314,-1.002378,-1.002378,-1.0023441,-1.0023441,-1.8942446e-05,-1.8587567e-05,2.0041723,6.413351,0.26314737922991854
1.0,0.028284912632098314,-1.0022984,-1.0022984,-1.0023266,-1.0023266,1.841375e-05,1.8058956e-05,2.0041723,6.4133515,0.2632759138425742
1.0,0.028294912632098313,-1.002378,-1.002378,-1.0023441,-1.0023441,-1.8941704e-05,-1.8586834e-05,2.0041723,6.413351,0.2634044484456931
1.0,0.028304912632098313,-1.0022984,-1.0022984,-1.0023266,-1.0023266,1.841301e-05,1.8058221e-05,2.0041723,6.4133515,0.26353298305834877
1.0,0.028314912632098312,-1.002378,-1.002378,-1.0023441,-1.0023441,-1.8940964e-05,-1.8586099e-05,2.0041723,6.413351,0.26366151766146767
1.0,0.028324912632098312,-1.0022984,-1.0022984,-1.0023266,-1.0023266,1.8412267e-05,1.8057486e-05,2.0041723,6.4133515,0.26379005227412333
1.0,0.028334912632098315,-1.002378,-1.002378,-1.0023441,-1.0023441,-1.8940222e-05,-1.8585364e-05,2.0041723,6.413351,0.26391858687724223
1.0,0.028344912632098315,-1.0022984,-1.0022984,-1.0023265,-1.0023265,1.8411525e-05,1.8056751e-05,2.0041723,6.4133515,0.2640471214898979
1.0,0.028354912632098314,-1.002378,-1.002378,-1.0023441,-1.0023441,-1.8939481e-05,-1.858463e-05,2.0041723,6.413351,0.2641756560930168
1.0,0.028364912632098314,-1.0022984,-1.0022984,-1.0023265,-1.0023265,1.8410783e-05,1.8056016e-05,2.0041723,6.4133515,0.26430419070567246
1.0,0.028374912632098313,-1.002378,-1.002378,-1.0023441,-1.0023441,-1.8938737e-05,-1.8583894e-05,2.0041723,6.413351,0.26443272530879136
1.0,0.028384912632098313,-1.0022982,-1.0022982,-1.0023265,-1.0023265,1.841004e-05,1.8055282e-05,2.0041723,6.4133515,0.264561259921447
1.0,0.028394912632098313,-1.002378,-1.002378,-1.0023443,-1.0023443,-1.8937995e-05,-1.858316e-05,2.0041723,6.413351,0.2646897945245659
1.0,0.028404912632098312,-1.0022982,-1.0022982,-1.0023265,-1.0023265,1.8409299e-05,1.8054545e-05,2.0041723,6.4133515,0.2648183291372216
1.0,0.028414912632098315,-1.002378,-1.002378,-1.0023443,-1.0023443,-1.8937253e-05,-1.8582423e-05,2.0041723,6.413351,0.2649468637403405
1.0,0.028424912632098315,-1.0022982,-1.0022982,-1.0023265,-1.0023265,1.8408555e-05,1.8053808e-05,2.0041723,6.4133515,0.26507539835299615
1.0,0.028434912632098314,-1.002378,-1.002378,-1.0023443,-1.0023443,-1.893651e-05,-1.8581686e-05,2.0041723,6.413351,0.26520393295611505
1.0,0.028444912632098314,-1.0022982,-1.0022982,-1.0023265,-1.0023265,1.840781e-05,1.8053071e-05,2.0041723,6.4133515,0.2653324675687707
1.0,0.028454912632098314,-1.002378,-1.002378,-1.0023443,-1.0023443,-1.8935765e-05,-1.858095e-05,2.0041723,6.413351,0.2654610021718896
1.0,0.028464912632098313,-1.0022982,-1.0022982,-1.0023265,-1.0023265,1.8407067e-05,1.8052335e-05,2.0041723,6.4133515,0.2655895367845453
1.0,0.028474912632098313,-1.0023781,-1.0023781,-1.0023443,-1.0023443,-1.8935021e-05,-1.8580211e-05,2.0041723,6.413351,0.2657180713876642
1.0,0.028484912632098312,-1.0022982,-1.0022982,-1.0023265,-1.0023265,1.8406323e-05,1.8051598e-05,2.0041723,6.4133515,0.26584660600031984
1.0,0.028494912632098312,-1.0023781,-1.0023781,-1.0023443,-1.0023443,-1.8934277e-05,-1.8579474e-05,2.0041723,6.413351,0.26597514060343874
1.0,0.028504912632098315,-1.0022982,-1.0022982,-1.0023265,-1.0023265,1.8405579e-05,1.805086e-05,2.0041723,6.4133515,0.2661036752160944
1.0,0.028514912632098315,-1.0023781,-1.0023781,-1.0023443,-1.0023443,-1.8933531e-05,-1.8578736e-05,2.0041723,6.413351,0.2662322098192133
1.0,0.028524912632098314,-1.0022982,-1.0022982,-1.0023265,-1.0023265,1.8404833e-05,1.8050121e-05,2.0041723,6.413351,0.2663607444223322
1.0,0.028534912632098314,-1.0023781,-1.0023781,-1.0023443,-1.0023443,-1.8932786e-05,-1.8577997e-05,2.0041723,6.413351,0.2664892790254511
1.0,0.028544912632098313,-1.0022982,-1.0022982,-1.0023265,-1.0023265,1.8404087e-05,1.8049383e-05,2.0041723,6.413351,0.26661781362857
1.0,0.028554912632098313,-1.0023781,-1.0023781,-1.0023443,-1.0023443,-1.893204e-05,-1.8577259e-05,2.0041723,6.413351,0.2667463482316889
1.0,0.028564912632098313,-1.0022982,-1.0022982,-1.0023265,-1.0023265,1.8403342e-05,1.8048642e-05,2.0041723,6.413351,0.2668748828348078
1.0,0.028574912632098312,-1.0023781,-1.0023781,-1.0023443,-1.0023443,-1.8931294e-05,-1.8576518e-05,2.0041723,6.413351,0.2670034174379267
1.0,0.028584912632098315,-1.0022982,-1.0022982,-1.0023265,-1.0023265,1.8402596e-05,1.8047904e-05,2.0041723,6.413351,0.2671319520410456
1.0,0.028594912632098315,-1.0023781,-1.0023781,-1.0023443,-1.0023443,-1.8930547e-05,-1.8575778e-05,2.0041723,6.413351,0.2672604866441645
1.0,0.028604912632098314,-1.0022982,-1.0022982,-1.0023265,-1.0023265,1.8401848e-05,1.8047163e-05,2.0041723,6.413351,0.2673890212472834
1.0,0.028614912632098314,-1.0023781,-1.0023781,-1.0023443,-1.0023443,-1.89298e-05,-1.857504e-05,2.0041723,6.413351,0.2675175558504023
1.0,0.028624912632098314,-1.0022982,-1.0022982,-1.0023265,-1.0023265,1.84011e-05,1.8046423e-05,2.0041723,6.413351,0.2676460904535212
1.0,0.028634912632098313,-1.0023781,-1.0023781,-1.0023443,-1.0023443,-1.8929053e-05,-1.8574297e-05,2.0041723,6.413351,0.2677746250566401
1.0,0.028644912632098313,-1.0022982,-1.0022982,-1.0023265,-1.0023265,1.8400353e-05,1.8045683e-05,2.0041723,6.413351,0.267903159659759
1.0,0.028654912632098312,-1.0023781,-1.0023781,-1.0023443,-1.0023443,-1.8928306e-05,-1.8573557e-05,2.0041723,6.4133515,0.2680316942724147
1.0,0.028664912632098312,-1.0022982,-1.0022982,-1.0023265,-1.0023265,1.8399605e-05,1.804494e-05,2.0041723,6.413351,0.2681602288755336
1.0,0.028674912632098315,-1.0023781,-1.0023781,-1.0023443,-1.0023443,-1.8927556e-05,-1.8572815e-05,2.0041723,6.4133515,0.26828876348818925
1.0,0.028684912632098315,-1.0022982,-1.0022982,-1.0023265,-1.0023265,1.8398856e-05,1.80442e-05,2.0041723,6.413351,0.26841729809130815
1.0,0.028694912632098314,-1.0023781,-1.0023781,-1.0023443,-1.0023443,-1.8926807e-05,-1.8572075e-05,2.0041723,6.4133515,0.2685458327039638
1.0,0.028704912632098314,-1.0022982,-1.0022982,-1.0023265,-1.0023265,1.8398106e-05,1.8043458e-05,2.0041723,6.413351,0.2686743673070827
1.0,0.028714912632098313,-1.0023781,-1.0023781,-1.0023443,-1.0023443,-1.8926059e-05,-1.8571332e-05,2.0041723,6.4133515,0.2688029019197384
1.0,0.028724912632098313,-1.0022982,-1.0022982,-1.0023265,-1.0023265,1.8397357e-05,1.8042714e-05,2.0041723,6.413351,0.2689314365228573
1.0,0.028734912632098313,-1.0023781,-1.0023781,-1.0023443,-1.0023443,-1.8925308e-05,-1.8570589e-05,2.0041723,6.4133515,0.26905997113551294
1.0,0.028744912632098312,-1.0022981,-1.0022981,-1.0023265,-1.0023265,1.8396608e-05,1.8041972e-05,2.0041723,6.413351,0.26918850573863184
1.0,0.028754912632098315,-1.0023781,-1.0023781,-1.0023443,-1.0023443,-1.8924558e-05,-1.8569846e-05,2.0041723,6.4133515,0.2693170403512875
1.0,0.028764912632098315,-1.0022981,-1.0022981,-1.0023265,-1.0023265,1.8395858e-05,1.8041228e-05,2.0041723,6.413351,0.2694455749544064
1.0,0.028774912632098314,-1.0023781,-1.0023781,-1.0023443,-1.0023443,-1.8923809e-05,-1.8569102e-05,2.0041723,6.4133515,0.26957410956706207
1.0,0.028784912632098314,-1.0022981,-1.0022981,-1.0023265,-1.0023265,1.8395107e-05,1.8040484e-05,2.0041723,6.413351,0.26970264417018097
1.0,0.028794912632098314,-1.0023781,-1.0023781,-1.0023443,-1.0023443,-1.8923058e-05,-1.8568358e-05,2.0041723,6.4133515,0.26983117878283663
1.0,0.028804912632098313,-1.0022981,-1.0022981,-1.0023265,-1.0023265,1.8394356e-05,1.803974e-05,2.0041723,6.413351,0.26995971338595554
1.0,0.028814912632098313,-1.0023781,-1.0023781,-1.0023443,-1.0023443,-1.8922306e-05,-1.8567614e-05,2.0041723,6.4133515,0.2700882479986112
1.0,0.028824912632098312,-1.0022981,-1.0022981,-1.0023264,-1.0023264,1.8393604e-05,1.8038996e-05,2.0041723,6.413351,0.2702167826017301
1.0,0.028834912632098312,-1.0023781,-1.0023781,-1.0023443,-1.0023443,-1.8921553e-05,-1.8566869e-05,2.0041723,6.4133515,0.27034531721438576
1.0,0.028844912632098315,-1.0022981,-1.0022981,-1.0023264,-1.0023264,1.8392853e-05,1.803825e-05,2.0041723,6.413351,0.27047385181750466
1.0,0.028854912632098315,-1.0023781,-1.0023781,-1.0023443,-1.0023443,-1.8920802e-05,-1.8566125e-05,2.0041723,6.4133515,0.2706023864301603
1.0,0.028864912632098314,-1.0022981,-1.0022981,-1.0023264,-1.0023264,1.83921e-05,1.8037506e-05,2.0041723,6.413351,0.2707309210332792
1.0,0.028874912632098314,-1.0023782,-1.0023782,-1.0023444,-1.0023444,-1.892005e-05,-1.8565379e-05,2.0041723,6.4133515,0.2708594556459349
1.0,0.028884912632098313,-1.0022981,-1.0022981,-1.0023264,-1.0023264,1.8391347e-05,1.803676e-05,2.0041723,6.413351,0.2709879902490538
1.0,0.028894912632098313,-1.0023782,-1.0023782,-1.0023444,-1.0023444,-1.8919296e-05,-1.8564633e-05,2.0041723,6.4133515,0.27111652486170945
1.0,0.028904912632098313,-1.0022981,-1.0022981,-1.0023264,-1.0023264,1.8390594e-05,1.8036013e-05,2.0041723,6.413351,0.27124505946482835
1.0,0.028914912632098312,-1.0023782,-1.0023782,-1.0023444,-1.0023444,-1.8918543e-05,-1.8563886e-05,2.0041723,6.4133515,0.271373594077484
1.0,0.028924912632098315,-1.0022981,-1.0022981,-1.0023264,-1.0023264,1.838984e-05,1.8035267e-05,2.0041723,6.413351,0.2715021286806029
1.0,0.028934912632098315,-1.0023782,-1.0023782,-1.0023444,-1.0023444,-1.8917788e-05,-1.8563138e-05,2.0041723,6.4133515,0.2716306632932586
1.0,0.028944912632098314,-1.0022981,-1.0022981,-1.0023264,-1.0023264,1.8389086e-05,1.803452e-05,2.0041723,6.413351,0.2717591978963775
1.0,0.028954912632098314,-1.0023782,-1.0023782,-1.0023444,-1.0023444,-1.8917035e-05,-1.8562392e-05,2.0041723,6.4133515,0.27188773250903314
1.0,0.028964912632098314,-1.0022981,-1.0022981,-1.0023264,-1.0023264,1.8388331e-05,1.8033772e-05,2.0041723,6.413351,0.27201626711215204
1.0,0.028974912632098313,-1.0023782,-1.0023782,-1.0023444,-1.0023444,-1.891628e-05,-1.8561645e-05,2.0041723,6.4133515,0.2721448017248077
1.0,0.028984912632098313,-1.0022981,-1.0022981,-1.0023264,-1.0023264,1.8387576e-05,1.8033024e-05,2.0041723,6.413351,0.2722733363279266
1.0,0.028994912632098312,-1.0023782,-1.0023782,-1.0023444,-1.0023444,-1.8915523e-05,-1.8560895e-05,2.0041723,6.4133515,0.27240187094058227
1.0,0.029004912632098312,-1.0022981,-1.0022981,-1.0023264,-1.0023264,1.8386821e-05,1.8032275e-05,2.0041723,6.413351,0.27253040554370117
1.0,0.029014912632098315,-1.0023782,-1.0023782,-1.0023444,-1.0023444,-1.8914769e-05,-1.8560148e-05,2.0041723,6.4133515,0.27265894015635683
1.0,0.029024912632098315,-1.0022981,-1.0022981,-1.0023264,-1.0023264,1.8386065e-05,1.8031527e-05,2.0041723,6.413351,0.27278747475947573
1.0,0.029034912632098314,-1.0023782,-1.0023782,-1.0023444,-1.0023444,-1.8914012e-05,-1.8559398e-05,2.0041723,6.4133515,0.2729160093721314
1.0,0.029044912632098314,-1.0022981,-1.0022981,-1.0023264,-1.0023264,1.8385308e-05,1.8030778e-05,2.0041723,6.413351,0.2730445439752503
1.0,0.029054912632098313,-1.0023782,-1.0023782,-1.0023444,-1.0023444,-1.8913255e-05,-1.8558649e-05,2.0041723,6.4133515,0.27317307858790596
1.0,0.029064912632098313,-1.0022981,-1.0022981,-1.0023264,-1.0023264,1.8384551e-05,1.8030029e-05,2.0041723,6.413351,0.27330161319102486
1.0,0.029074912632098313,-1.0023782,-1.0023782,-1.0023444,-1.0023444,-1.8912498e-05,-1.8557897e-05,2.0041723,6.4133515,0.2734301478036805
1.0,0.029084912632098312,-1.0022981,-1.0022981,-1.0023264,-1.0023264,1.8383795e-05,1.8029277e-05,2.0041723,6.413351,0.2735586824067994
1.0,0.029094912632098312,-1.0023782,-1.0023782,-1.0023444,-1.0023444,-1.8911742e-05,-1.8557148e-05,2.0041723,6.4133515,0.2736872170194551
1.0,0.029104912632098315,-1.0022981,-1.0022981,-1.0023264,-1.0023264,1.8383036e-05,1.8028526e-05,2.0041723,6.413351,0.273815751622574
1.0,0.029114912632098314,-1.0023782,-1.0023782,-1.0023444,-1.0023444,-1.8910983e-05,-1.8556397e-05,2.0041723,6.4133515,0.27394428623522965
1.0,0.029124912632098314,-1.0022981,-1.0022981,-1.0023264,-1.0023264,1.8382278e-05,1.8027777e-05,2.0041723,6.413351,0.27407282083834855
1.0,0.029134912632098314,-1.0023782,-1.0023782,-1.0023444,-1.0023444,-1.8910225e-05,-1.8555646e-05,2.0041723,6.4133515,0.2742013554510042
1.0,0.029144912632098313,-1.0022981,-1.0022981,-1.0023264,-1.0023264,1.838152e-05,1.8027024e-05,2.0041723,6.413351,0.2743298900541231
1.0,0.029154912632098313,-1.0023782,-1.0023782,-1.0023444,-1.0023444,-1.8909466e-05,-1.8554894e-05,2.0041723,6.4133515,0.2744584246667788
1.0,0.029164912632098312,-1.0022981,-1.0022981,-1.0023264,-1.0023264,1.838076e-05,1.8026272e-05,2.0041723,6.413351,0.2745869592698977
1.0,0.029174912632098312,-1.0023782,-1.0023782,-1.0023444,-1.0023444,-1.8908706e-05,-1.8554141e-05,2.0041723,6.4133515,0.27471549388255334
1.0,0.029184912632098315,-1.0022981,-1.0022981,-1.0023264,-1.0023264,1.838e-05,1.802552e-05,2.0041723,6.413351,0.27484402848567224
1.0,0.029194912632098315,-1.0023782,-1.0023782,-1.0023444,-1.0023444,-1.8907947e-05,-1.8553388e-05,2.0041723,6.4133515,0.2749725630983279
1.0,0.029204912632098314,-1.002298,-1.002298,-1.0023264,-1.0023264,1.8379242e-05,1.8024766e-05,2.0041723,6.413351,0.2751010977014468
1.0,0.029214912632098314,-1.0023782,-1.0023782,-1.0023444,-1.0023444,-1.8907187e-05,-1.8552635e-05,2.0041723,6.4133515,0.27522963231410247
1.0,0.029224912632098313,-1.002298,-1.002298,-1.0023264,-1.0023264,1.837848e-05,1.8024013e-05,2.0041723,6.413351,0.27535816691722137
1.0,0.029234912632098313,-1.0023782,-1.0023782,-1.0023444,-1.0023444,-1.8906425e-05,-1.8551882e-05,2.0041723,6.4133515,0.27548670152987703
1.0,0.029244912632098313,-1.002298,-1.002298,-1.0023264,-1.0023264,1.837772e-05,1.802326e-05,2.0041723,6.413351,0.27561523613299593
1.0,0.029254912632098312,-1.0023782,-1.0023782,-1.0023444,-1.0023444,-1.8905665e-05,-1.8551129e-05,2.0041723,6.4133515,0.2757437707456516
1.0,0.029264912632098312,-1.002298,-1.002298,-1.0023264,-1.0023264,1.8376959e-05,1.8022505e-05,2.0041723,6.413351,0.2758723053487705
1.0,0.029274912632098315,-1.0023782,-1.0023782,-1.0023444,-1.0023444,-1.8904902e-05,-1.8550374e-05,2.0041723,6.4133515,0.27600083996142616
1.0,0.029284912632098314,-1.002298,-1.002298,-1.0023264,-1.0023264,1.8376197e-05,1.802175e-05,2.0041723,6.413351,0.27612937456454506
1.0,0.029294912632098314,-1.0023782,-1.0023782,-1.0023444,-1.0023444,-1.890414e-05,-1.854962e-05,2.0041723,6.4133515,0.2762579091772007
1.0,0.029304912632098314,-1.002298,-1.002298,-1.0023264,-1.0023264,1.8375435e-05,1.8020995e-05,2.0041723,6.413351,0.2763864437803196
1.0,0.029314912632098313,-1.0023782,-1.0023782,-1.0023444,-1.0023444,-1.8903378e-05,-1.8548864e-05,2.0041723,6.4133515,0.2765149783929753
1.0,0.029324912632098313,-1.002298,-1.002298,-1.0023264,-1.0023264,1.837467e-05,1.802024e-05,2.0041723,6.413351,0.2766435129960942
1.0,0.029334912632098312,-1.0023782,-1.0023782,-1.0023444,-1.0023444,-1.8902616e-05,-1.8548108e-05,2.0041723,6.4133515,0.27677204760874985
1.0,0.029344912632098312,-1.002298,-1.002298,-1.0023264,-1.0023264,1.8373908e-05,1.8019484e-05,2.0041723,6.413351,0.27690058221186875
1.0,0.029354912632098315,-1.0023783,-1.0023783,-1.0023444,-1.0023444,-1.8901852e-05,-1.8547351e-05,2.0041723,6.4133515,0.2770291168245244
1.0,0.029364912632098315,-1.002298,-1.002298,-1.0023264,-1.0023264,1.8373144e-05,1.8018727e-05,2.0041723,6.413351,0.2771576514276433
1.0,0.029374912632098314,-1.0023783,-1.0023783,-1.0023444,-1.0023444,-1.8901088e-05,-1.8546594e-05,2.0041723,6.4133515,0.277286186040299
1.0,0.029384912632098314,-1.002298,-1.002298,-1.0023264,-1.0023264,1.837238e-05,1.801797e-05,2.0041723,6.413351,0.2774147206434179
1.0,0.029394912632098313,-1.0023783,-1.0023783,-1.0023444,-1.0023444,-1.8900324e-05,-1.8545838e-05,2.0041723,6.4133515,0.27754325525607354
1.0,0.029404912632098313,-1.002298,-1.002298,-1.0023264,-1.0023264,1.8371617e-05,1.8017214e-05,2.0041723,6.413351,0.27767178985919244
1.0,0.029414912632098313,-1.0023783,-1.0023783,-1.0023444,-1.0023444,-1.8899558e-05,-1.854508e-05,2.0041723,6.4133515,0.2778003244718481
1.0,0.029424912632098312,-1.002298,-1.002298,-1.0023264,-1.0023264,1.837085e-05,1.8016455e-05,2.0041723,6.413351,0.277928859074967
1.0,0.029434912632098312,-1.0023783,-1.0023783,-1.0023444,-1.0023444,-1.8898794e-05,-1.8544322e-05,2.0041723,6.4133515,0.27805739368762267
1.0,0.029444912632098315,-1.002298,-1.002298,-1.0023264,-1.0023264,1.8370085e-05,1.8015697e-05,2.0041723,6.413351,0.27818592829074157
1.0,0.029454912632098314,-1.0023783,-1.0023783,-1.0023444,-1.0023444,-1.8898028e-05,-1.8543564e-05,2.0041723,6.4133515,0.27831446290339723
1.0,0.029464912632098314,-1.002298,-1.002298,-1.0023264,-1.0023264,1.836932e-05,1.8014938e-05,2.0041723,6.413351,0.27844299750651613
1.0,0.029474912632098314,-1.0023783,-1.0023783,-1.0023444,-1.0023444,-1.889726e-05,-1.8542805e-05,2.0041723,6.4133515,0.2785715321191718
1.0,0.029484912632098313,-1.002298,-1.002298,-1.0023264,-1.0023264,1.8368553e-05,1.801418e-05,2.0041723,6.413351,0.2787000667222907
1.0,0.029494912632098313,-1.0023783,-1.0023783,-1.0023444,-1.0023444,-1.8896495e-05,-1.8542045e-05,2.0041723,6.4133515,0.27882860133494636
1.0,0.029504912632098312,-1.002298,-1.002298,-1.0023263,-1.0023263,1.8367786e-05,1.801342e-05,2.0041723,6.413351,0.27895713593806526
1.0,0.029514912632098312,-1.0023783,-1.0023783,-1.0023444,-1.0023444,-1.8895727e-05,-1.8541285e-05,2.0041723,6.4133515,0.2790856705507209
1.0,0.029524912632098315,-1.002298,-1.002298,-1.0023263,-1.0023263,1.8367018e-05,1.801266e-05,2.0041723,6.413351,0.2792142051538398
1.0,0.029534912632098315,-1.0023783,-1.0023783,-1.0023444,-1.0023444,-1.889496e-05,-1.8540524e-05,2.0041723,6.4133515,0.2793427397664955
1.0,0.029544912632098314,-1.002298,-1.002298,-1.0023263,-1.0023263,1.836625e-05,1.8011899e-05,2.0041723,6.413351,0.2794712743696144
1.0,0.029554912632098314,-1.0023783,-1.0023783,-1.0023444,-1.0023444,-1.8894192e-05,-1.8539764e-05,2.0041723,6.4133515,0.27959980898227005
1.0,0.029564912632098313,-1.002298,-1.002298,-1.0023263,-1.0023263,1.8365483e-05,1.8011138e-05,2.0041723,6.413351,0.27972834358538895
1.0,0.029574912632098313,-1.0023783,-1.0023783,-1.0023444,-1.0023444,-1.8893423e-05,-1.8539004e-05,2.0041723,6.4133515,0.2798568781980446
1.0,0.029584912632098313,-1.002298,-1.002298,-1.0023263,-1.0023263,1.8364713e-05,1.8010376e-05,2.0041723,6.413351,0.2799854128011635
1.0,0.029594912632098312,-1.0023783,-1.0023783,-1.0023445,-1.0023445,-1.8892655e-05,-1.8538241e-05,2.0041723,6.4133515,0.2801139474138192
1.0,0.029604912632098312,-1.002298,-1.002298,-1.0023263,-1.0023263,1.8363944e-05,1.8009616e-05,2.0041723,6.413351,0.2802424820169381
1.0,0.029614912632098315,-1.0023783,-1.0023783,-1.0023445,-1.0023445,-1.8891886e-05,-1.853748e-05,2.0041723,6.4133515,0.28037101662959374
1.0,0.029624912632098314,-1.002298,-1.002298,-1.0023263,-1.0023263,1.8363175e-05,1.8008852e-05,2.0041723,6.413351,0.28049955123271264
1.0,0.029634912632098314,-1.0023783,-1.0023783,-1.0023445,-1.0023445,-1.8891114e-05,-1.8536717e-05,2.0041723,6.4133515,0.2806280858453683
1.0,0.029644912632098314,-1.002298,-1.002298,-1.0023263,-1.0023263,1.8362405e-05,1.800809e-05,2.0041723,6.413351,0.2807566204484872
1.0,0.029654912632098313,-1.0023783,-1.0023783,-1.0023445,-1.0023445,-1.8890345e-05,-1.8535953e-05,2.0041723,6.4133515,0.28088515506114287
1.0,0.029664912632098313,-1.002298,-1.002298,-1.0023263,-1.0023263,1.8361634e-05,1.8007326e-05,2.0041723,6.413351,0.28101368966426177
1.0,0.029674912632098312,-1.0023783,-1.0023783,-1.0023445,-1.0023445,-1.8889574e-05,-1.8535191e-05,2.0041723,6.4133515,0.28114222427691743
1.0,0.029684912632098312,-1.002298,-1.002298,-1.0023263,-1.0023263,1.8360863e-05,1.8006564e-05,2.0041723,6.413351,0.28127075888003633
1.0,0.029694912632098315,-1.0023783,-1.0023783,-1.0023445,-1.0023445,-1.8888803e-05,-1.8534425e-05,2.0041723,6.4133515,0.281399293492692
1.0,0.029704912632098315,-1.002298,-1.002298,-1.0023263,-1.0023263,1.8360091e-05,1.8005798e-05,2.0041723,6.413351,0.2815278280958109
1.0,0.029714912632098314,-1.0023783,-1.0023783,-1.0023445,-1.0023445,-1.8888031e-05,-1.8533661e-05,2.0041723,6.4133515,0.28165636270846656
1.0,0.029724912632098314,-1.002298,-1.002298,-1.0023263,-1.0023263,1.8359318e-05,1.8005034e-05,2.0041723,6.413351,0.28178489731158546
1.0,0.029734912632098313,-1.0023783,-1.0023783,-1.0023445,-1.0023445,-1.8887258e-05,-1.8532897e-05,2.0041723,6.4133515,0.2819134319242411
1.0,0.029744912632098313,-1.002298,-1.002298,-1.0023263,-1.0023263,1.8358547e-05,1.8004268e-05,2.0041723,6.413351,0.28204196652736
1.0,0.029754912632098313,-1.0023783,-1.0023783,-1.0023445,-1.0023445,-1.8886485e-05,-1.8532131e-05,2.0041723,6.4133515,0.2821705011400157
1.0,0.029764912632098312,-1.0022979,-1.0022979,-1.0023263,-1.0023263,1.8357774e-05,1.8003502e-05,2.0041723,6.413351,0.2822990357431346
1.0,0.029774912632098312,-1.0023783,-1.0023783,-1.0023445,-1.0023445,-1.8885712e-05,-1.8531366e-05,2.0041723,6.4133515,0.28242757035579025
1.0,0.029784912632098315,-1.0022979,-1.0022979,-1.0023263,-1.0023263,1.8357001e-05,1.8002736e-05,2.0041723,6.413351,0.28255610495890915
1.0,0.029794912632098314,-1.0023783,-1.0023783,-1.0023445,-1.0023445,-1.8884939e-05,-1.85306e-05,2.0041723,6.4133515,0.2826846395715648
1.0,0.029804912632098314,-1.0022979,-1.0022979,-1.0023263,-1.0023263,1.8356226e-05,1.800197e-05,2.0041723,6.413351,0.2828131741746837
1.0,0.029814912632098314,-1.0023783,-1.0023783,-1.0023445,-1.0023445,-1.8884164e-05,-1.8529832e-05,2.0041723,6.4133515,0.2829417087873394
1.0,0.029824912632098313,-1.0022979,-1.0022979,-1.0023263,-1.0023263,1.8355451e-05,1.8001203e-05,2.0041723,6.413351,0.2830702433904583
1.0,0.029834912632098313,-1.0023783,-1.0023783,-1.0023445,-1.0023445,-1.888339e-05,-1.8529065e-05,2.0041723,6.4133515,0.28319877800311394
1.0,0.029844912632098312,-1.0022979,-1.0022979,-1.0023263,-1.0023263,1.8354676e-05,1.8000435e-05,2.0041723,6.413351,0.28332731260623284
1.0,0.029854912632098312,-1.0023783,-1.0023783,-1.0023445,-1.0023445,-1.8882614e-05,-1.8528297e-05,2.0041723,6.4133515,0.2834558472188885
1.0,0.029864912632098315,-1.0022979,-1.0022979,-1.0023263,-1.0023263,1.8353901e-05,1.7999668e-05,2.0041723,6.413351,0.2835843818220074
1.0,0.029874912632098315,-1.0023783,-1.0023783,-1.0023445,-1.0023445,-1.888184e-05,-1.852753e-05,2.0041723,6.4133515,0.28371291643466306
1.0,0.029884912632098314,-1.0022979,-1.0022979,-1.0023263,-1.0023263,1.8353127e-05,1.79989e-05,2.0041723,6.413351,0.28384145103778197
1.0,0.029894912632098314,-1.0023783,-1.0023783,-1.0023445,-1.0023445,-1.8881063e-05,-1.852676e-05,2.0041723,6.4133515,0.28396998565043763
1.0,0.029904912632098313,-1.0022979,-1.0022979,-1.0023263,-1.0023263,1.835235e-05,1.799813e-05,2.0041723,6.413351,0.28409852025355653
1.0,0.029914912632098313,-1.0023783,-1.0023783,-1.0023445,-1.0023445,-1.8880286e-05,-1.8525992e-05,2.0041723,6.4133515,0.2842270548662122
1.0,0.029924912632098313,-1.0022979,-1.0022979,-1.0023263,-1.0023263,1.8351573e-05,1.7997361e-05,2.0041723,6.413351,0.2843555894693311
1.0,0.029934912632098312,-1.0023785,-1.0023785,-1.0023445,-1.0023445,-1.887951e-05,-1.8525223e-05,2.0041723,6.4133515,0.28448412408198676
1.0,0.029944912632098312,-1.0022979,-1.0022979,-1.0023263,-1.0023263,1.8350795e-05,1.7996592e-05,2.0041723,6.413351,0.28461265868510566
1.0,0.029954912632098315,-1.0023785,-1.0023785,-1.0023445,-1.0023445,-1.8878733e-05,-1.8524452e-05,2.0041723,6.4133515,0.2847411932977613
1.0,0.029964912632098314,-1.0022979,-1.0022979,-1.0023263,-1.0023263,1.8350018e-05,1.799582e-05,2.0041723,6.413351,0.2848697279008802
1.0,0.029974912632098314,-1.0023785,-1.0023785,-1.0023445,-1.0023445,-1.8877954e-05,-1.8523682e-05,2.0041723,6.4133515,0.2849982625135359
1.0,0.029984912632098314,-1.0022979,-1.0022979,-1.0023263,-1.0023263,1.834924e-05,1.7995051e-05,2.0041723,6.413351,0.2851267971166548
1.0,0.029994912632098313,-1.0023785,-1.0023785,-1.0023445,-1.0023445,-1.8877176e-05,-1.8522911e-05,2.0041723,6.4133515,0.2852237595661166
1.0,0.03,-1.0022979,-1.0022979,-1.0023263,-1.0023263,1.8348082e-05,1.7993905e-05,2.0041723,6.413351,0.2852570973798404
1.0,0.030000100000000002,-1.002367,-1.002367,-1.002338,-1.002338,-1.8784543e-05,-1.8430612e-05,2.0041723,6.4133515,0.285258382725967
1.0,0.0300002,-1.0023953,-1.0023953,-1.0024029,-1.0024029,1.8307237e-05,1.7953578e-05,2.0041723,6.413351,0.2852590725572209
1.0,0.03000020733782766,-1.0024508,-1.0024508,-1.0024236,-1.0024236,-8.751203e-08,-8.916794e-08,2.0041723,6.413351,0.28525921403193577
1.0,0.030000222013482982,-1.0024786,-1.0024786,-1.002446,-1.002446,-4.233394e-07,-4.2134266e-07,2.0041723,6.4133515,0.2852594969813866
1.0,0.03000025136479362,-1.002534,-1.002534,-1.0024912,-1.0024912,-8.5182144e-08,-8.701789e-08,2.0041723,6.413351,0.2852600214163405
1.0,0.030000303615626094,-1.0026264,-1.0026264,-1.0025728,-1.0025728,-5.115445e-07,-5.0899024e-07,2.0041723,6.413351,0.2852609650331035
1.0,0.03000039819167761,-1.002755,-1.002755,-1.0026976,-1.0026976,-8.7067696e-07,-8.720608e-07,2.0041723,6.4133515,0.28526172463625404
1.0,0.030000421809960653,-1.002778,-1.002778,-1.0027206,-1.0027206,-1.4067209e-06,-1.405912e-06,2.0041723,6.4133515,0.28526218000128345
1.0,0.03000046904652674,-1.0028151,-1.0028151,-1.0027574,-1.0027574,-2.2979598e-06,-2.2970664e-06,2.0041723,6.4133515,0.2852630907313422
1.0,0.030000563519658907,-1.0028813,-1.0028813,-1.0028232,-1.0028232,-4.415756e-06,-4.415027e-06,2.0041726,6.413352,0.2852649121918651
1.0,0.03000075246592325,-1.0029148,-1.0029148,-1.0028507,-1.0028507,-9.7511065e-06,-9.751339e-06,2.0041728,6.4133525,0.28526855511372184
1.0,0.030001130358451936,-1.0018437,-1.0018437,-1.0017478,-1.0017478,-2.3695198e-05,-2.3700786e-05,2.0041714,6.413348,0.2852748437908371
1.0,0.030001730985724426,-0.9953977,-0.9953977,-0.99525505,-0.99525505,-3.8027632e-05,-3.804398e-05,2.004152,6.4132867,0.2852837310637183
1.0,0.030002513247007444,-0.9721766,-0.9721766,-0.97211415,-0.97211415,-3.3368557e-05,-3.3413464e-05,2.0040457,6.412946,0.2852895095336546
1.0,0.030002630229912664,-0.966563,-0.966563,-0.9666403,-0.9666403,-3.147883e-05,-3.152857e-05,2.004016,6.412851,0.2852917646345888
1.0,0.030002864195723112,-0.9546264,-0.9546264,-0.95566165,-0.95566165,-2.828189e-05,-2.8337738e-05,2.0039473,6.412631,0.28529627452720285
1.0,0.030003332127344,-0.9225095,-0.9225095,-0.9568937,-0.9568937,-2.2536131e-05,-2.2622378e-05,2.0037403,6.411969,0.28530529245021147
1.0,0.03000426799058578,-0.78557515,-0.78557515,-1.1967342,-1.1967342,-9.554229e-06,-9.772569e-06,2.0027885,6.4089236,0.2853128002487712
1.0,0.030004501956396225,-0.7388422,-0.7388422,-1.2947276,-1.2947276,-8.941966e-06,-9.148427e-06,2.0023751,6.4076004,0.2853173030680304
1.0,0.030004969888017118,-0.5861985,-0.5861985,-1.6637608,-1.6637608,1.1134419e-05,1.0657285e-05,2.001289,6.4041247,0.2853235100550943
1.0,0.030005470549281474,-0.20966443,-0.20966443,-2.643437,-2.643437,5.7469428e-05,5.634921e-05,1.9991684,6.397339,0.285329801631162
1.0,0.03000595376476829,0.27065706,0.27065706,-3.9137444,-3.9137444,8.217277e-05,8.118741e-05,1.9957594,6.3864303,0.2853364104684334
1.0,0.030006507573028147,0.68228865,0.68228865,-5.0208073,-5.0208073,9.2960625e-05,9.241224e-05,1.9904035,6.3692913,0.2853431977681042
1.0,0.030007024531281835,0.7259265,0.7259265,-5.388141,-5.388141,7.262139e-05,7.310482e-05,1.9848906,6.35165,0.2853522369792831
1.0,0.03000794153421546,0.33975425,0.33975425,-6.238918,-6.238918,0.00012224595,0.00012279267,1.9764028,6.3244886,0.28536354083639015
1.0,0.030008833186504054,0.069086805,0.069086805,-6.893339,-6.893339,-1.1359169e-10,1.7721551e-07,1.9699345,6.3037906,0.2853754885577047
1.0,0.03000986578430422,0.00050518435,0.00050518435,-7.350735,-7.350735,2.995284e-05,2.9933504e-05,1.9634062,6.2829,0.2853929059536815
1.0,0.030011657045068828,-0.00027413227,-0.00027413227,-7.833531,-7.833531,-8.137088e-05,-8.135253e-05,1.9524449,6.2478237,0.2854140818091564
1.0,0.03001333765402576,-0.000103775645,-0.000103775645,-7.7891765,-7.7891765,-5.893259e-05,-5.8952173e-05,1.9422194,6.215102,0.28543391273634333
1.0,0.03001494273417778,-0.00033376753,-0.00033376753,-7.2857985,-7.2857985,-0.00014814247,-0.00014812259,1.9325037,6.184012,0.2854569205620787
1.0,0.03001718813432976,-0.00038844417,-0.00038844417,-6.297924,-6.297924,-9.2367765e-05,-9.238661e-05,1.9189937,6.1407795,0.285482938540241
1.0,0.03001935850442508,-0.001743799,-0.001743799,-5.159651,-5.159651,-0.00014795898,-0.00014793487,1.906025,6.0992804,0.28551556035016096
1.0,0.03002280030456347,-0.020944007,-0.020944007,-2.2659743,-2.2659743,8.7146895e-05,8.712806e-05,1.8856361,6.0340357,0.28555402235261496
1.0,0.03002611927392694,-0.09551024,-0.09551024,-0.635384,-0.635384,-0.0002154436,-0.0002154219,1.866183,5.971786,0.2855907713764988
1.0,0.030029395343168116,-0.20270705,-0.20270705,-0.01016348,-0.01016348,6.474796e-05,6.472915e-05,1.8471788,5.9109726,0.2856444266238037
1.0,0.030035947481650466,-1.056821,-1.056821,8.480084e-05,8.480084e-05,-0.6048733,-0.6049277,1.8223763,5.8316045,0.2857187571931165
1.0,0.03004338384959736,-0.7080097,-0.7080097,-4.836312e-06,-4.836312e-06,0.04831482,0.048313186,1.7929007,5.737282,0.2858084357114998
1.0,0.030053383849597364,-0.13610747,-0.13610747,8.3474406e-05,8.3474406e-05,1.2319819,1.2319863,1.6976371,5.432439,0.28590065881216203
1.0,0.030063383849597364,-0.00017296305,-0.00017296305,-3.0682815e-05,-3.0682815e-05,1.2414156,1.2414129,1.5693281,5.0218496,0.28597946810686264
1.0,0.030073383849597363,-0.00019669604,-0.00019669604,7.424487e-05,7.424487e-05,1.1099231,1.1099265,1.4488095,4.6361904,0.28604663767301713
1.0,0.030083383849597363,-6.357827e-05,-6.357827e-05,-3.5606463e-05,-3.5606463e-05,1.0356557,1.0356525,1.3382925,4.282536,0.28610395052873766
1.0,0.030093383849597363,-0.00018195181,-0.00018195181,6.885018e-05,6.885018e-05,1.0093209,1.0093241,1.2342403,3.9495687,0.28615269769632495
1.0,0.030103383849597362,-4.032442e-05,-4.032442e-05,-4.5303237e-05,-4.5303237e-05,0.74016255,0.74015933,1.1426269,3.6564062,0.2861944767757622
1.0,0.03011338384959736,-0.00015537228,-0.00015537228,6.0752012e-05,6.0752012e-05,0.32832155,0.3283248,1.0748668,3.4395738,0.28623144761049424
1.0,0.03012338384959736,-2.0650426e-05,-2.0650426e-05,-4.9138478e-05,-4.9138478e-05,0.0041786926,0.004175486,1.0317756,3.301682,0.2862655135604111
1.0,0.030133383849597364,-0.00014073262,-0.00014073262,5.8471756e-05,5.8471756e-05,-0.20691952,-0.20691633,1.0064043,3.2204938,0.2862979247471062
1.0,0.030143383849597364,-1.0889386e-05,-1.0889386e-05,-5.091047e-05,-5.091047e-05,-0.3327858,-0.33278894,0.99212563,3.1748018,0.28632942276918566
1.0,0.030153383849597364,-0.00013343371,-0.00013343371,5.7073023e-05,5.7073023e-05,-0.4041255,-0.40412235,0.9843187,3.1498196,0.28636042703115616
1.0,0.030163383849597363,-5.9845333e-06,-5.9845333e-06,-5.214981e-05,-5.214981e-05,-0.4434285,-0.44343165,0.98013544,3.1364336,0.28639116832935485
1.0,0.030173383849597363,-0.00012953253,-0.00012953253,5.6073306e-05,5.6073306e-05,-0.4646444,-0.46464127,0.97793156,3.1293812,0.2864217715355125
1.0,0.030183383849597362,-3.2767084e-06,-3.2767084e-06,-5.303001e-05,-5.303001e-05,-0.4759649,-0.47596803,0.97679,3.1257281,0.28645230333530575
1.0,0.030193383849597362,-0.0001272356,-0.0001272356,5.537874e-05,5.537874e-05,-0.48186898,-0.48186585,0.9762103,3.123873,0.2864827989050117
1.0,0.03020338384959736,-1.645093e-06,-1.645093e-06,-5.362829e-05,-5.362829e-05,-0.4849949,-0.48499805,0.9759243,3.1229577,0.2865132766076294
1.0,0.03021338384959736,-0.0001257706,-0.0001257706,5.4917764e-05,5.4917764e-05,-0.48651773,-0.48651457,0.975789,3.122525,0.2865437458630768
1.0,0.030223383849597364,-6.0425026e-07,-6.0425026e-07,-5.401792e-05,-5.401792e-05,-0.48737422,-0.48737738,0.97573036,3.122337,0.2865742114540306
1.0,0.030233383849597364,-0.00012478292,-0.00012478292,5.462466e-05,5.462466e-05,-0.4876975,-0.48769435,0.97570986,3.1222718,0.28660467576706083
1.0,0.030243383849597363,8.7325866e-08,8.7325866e-08,-5.4263113e-05,-5.4263113e-05,-0.48795888,-0.48796204,0.9757079,3.1222653,0.2866351399561134
1.0,0.030253383849597363,-0.00012409032,-0.00012409032,5.444332e-05,5.444332e-05,-0.4879617,-0.48795858,0.9757141,3.1222851,0.28666560453140405
1.0,0.030263383849597363,5.478353e-07,5.478353e-07,-5.4414555e-05,-5.4414555e-05,-0.48807847,-0.4880816,0.97572374,3.1223161,0.2866960697122779
1.0,0.030273383849597362,-0.00012359873,-0.00012359873,5.433382e-05,5.433382e-05,-0.48800123,-0.4879981,0.9757344,3.12235,0.2867265355559554
1.0,0.030283383849597362,8.4276036e-07,8.4276036e-07,-5.4507138e-05,-5.4507138e-05,-0.48808944,-0.48809257,0.97574496,3.122384,0.2867570020624366
1.0,0.03029338384959736,-0.00012326195,-0.00012326195,5.426907e-05,5.426907e-05,-0.48799476,-0.48799163,0.97575504,3.122416,0.28678746919357445
1.0,0.030303383849597364,1.0073712e-06,1.0073712e-06,-5.4563698e-05,-5.4563698e-05,-0.48808149,-0.4880846,0.9757646,3.1224465,0.28681793692075874
1.0,0.030313383849597364,-0.00012304515,-0.00012304515,5.423127e-05,5.423127e-05,-0.487984,-0.48798084,0.97577345,3.1224751,0.28684840520345833
1.0,0.030323383849597364,1.1016045e-06,1.1016045e-06,-5.459992e-05,-5.459992e-05,-0.48807028,-0.4880734,0.97578174,3.1225014,0.28687887400114204
1.0,0.030333383849597363,-0.00012287265,-0.00012287265,5.420758e-05,5.420758e-05,-0.4879677,-0.48796457,0.97578925,3.122526,0.2869093432732787
1.0,0.030343383849597363,1.1642663e-06,1.1642663e-06,-5.4625736e-05,-5.4625736e-05,-0.4880516,-0.48805472,0.9757959,3.1225471,0.2869398129602637
1.0,0.030353383849597362,-0.0001227578,-0.0001227578,5.419237e-05,5.419237e-05,-0.48794746,-0.48794433,0.9758019,3.122566,0.2869702830191817
1.0,0.030363383849597362,1.1619327e-06,1.1619327e-06,-5.464432e-05,-5.464432e-05,-0.48803258,-0.48803574,0.97580695,3.1225824,0.28700075339519643
1.0,0.03037338384959736,-0.00012270903,-0.00012270903,5.418309e-05,5.418309e-05,-0.4879295,-0.48792636,0.9758114,3.1225965,0.2870312240477767
1.0,0.03038338384959736,1.1045264e-06,1.1045264e-06,-5.4658107e-05,-5.4658107e-05,-0.48801687,-0.48802003,0.9758152,3.1226087,0.28706169493639133
1.0,0.030393383849597364,-0.00012270578,-0.00012270578,5.4177817e-05,5.4177817e-05,-0.487915,-0.48791188,0.9758184,3.122619,0.2870921660252776
1.0,0.030403383849597364,1.0149233e-06,1.0149233e-06,-5.4668784e-05,-5.4668784e-05,-0.48800462,-0.48800775,0.97582114,3.1226275,0.28712263728344106
1.0,0.030413383849597363,-0.00012272478,-0.00012272478,5.417524e-05,5.417524e-05,-0.48790404,-0.4879009,0.97582346,3.1226351,0.287153108689424
1.0,0.030423383849597363,9.1322556e-07,9.1322556e-07,-5.4677406e-05,-5.4677406e-05,-0.4879952,-0.48799837,0.9758254,3.1226413,0.28718358021700047
1.0,0.030433383849597363,-0.00012274884,-0.00012274884,5.4174565e-05,5.4174565e-05,-0.4878958,-0.48789266,0.9758271,3.1226468,0.28721405185186527
1.0,0.030443383849597362,8.131199e-07,8.131199e-07,-5.468463e-05,-5.468463e-05,-0.4879882,-0.48799133,0.97582847,3.1226509,0.2872445235677924
1.0,0.030453383849597362,-0.00012276765,-0.00012276765,5.4175267e-05,5.4175267e-05,-0.4878897,-0.48788658,0.9758296,3.1226552,0.28727499536001344
1.0,0.03046338384959736,7.216841e-07,7.216841e-07,-5.4690903e-05,-5.4690903e-05,-0.48798308,-0.4879862,0.97583055,3.1226575,0.2873054672070708
1.0,0.030473383849597364,-0.00012277678,-0.00012277678,5.4176977e-05,5.4176977e-05,-0.48788536,-0.48788223,0.9758314,3.1226604,0.28733593910658023
1.0,0.030483383849597364,6.41196e-07,6.41196e-07,-5.469653e-05,-5.469653e-05,-0.48797944,-0.4879826,0.97583205,3.1226625,0.287366411049005
1.0,0.030493383849597364,-0.0001227755,-0.0001227755,5.4179432e-05,5.4179432e-05,-0.4878823,-0.48787916,0.9758326,3.1226645,0.2873968830271926
1.0,0.030503383849597363,5.711948e-07,5.711948e-07,-5.4701726e-05,-5.4701726e-05,-0.48797694,-0.48798007,0.975833,3.1226656,0.287427355029222
1.0,0.030513383849597363,-0.00012276498,-0.00012276498,5.418244e-05,5.418244e-05,-0.48788017,-0.48787704,0.9758334,3.122667,0.28745782705747747
1.0,0.030523383849597362,5.1003883e-07,5.1003883e-07,-5.4706656e-05,-5.4706656e-05,-0.4879752,-0.48797834,0.9758337,3.122668,0.2874882991048064
1.0,0.030533383849597362,-0.00012274703,-0.00012274703,5.418586e-05,5.418586e-05,-0.4878787,-0.48787558,0.975834,3.1226685,0.2875187711664404
1.0,0.03054338384959736,4.5582757e-07,4.5582757e-07,-5.471142e-05,-5.471142e-05,-0.48797402,-0.48797715,0.9758342,3.1226695,0.2875492432423796
1.0,0.03055338384959736,-0.0001227235,-0.0001227235,5.4189597e-05,5.4189597e-05,-0.48787773,-0.48787457,0.97583437,3.1226702,0.28757971533023974
1.0,0.030563383849597364,4.0683793e-07,4.0683793e-07,-5.47161e-05,-5.47161e-05,-0.4879732,-0.48797637,0.9758345,3.1226707,0.2876101874276366
1.0,0.030573383849597364,-0.00012269593,-0.00012269593,5.419358e-05,5.419358e-05,-0.48787704,-0.48787388,0.97583467,3.1226707,0.28764065952980183
1.0,0.030583383849597363,3.6167242e-07,3.6167242e-07,-5.472075e-05,-5.472075e-05,-0.48797268,-0.48797584,0.9758347,3.1226711,0.2876711316391196
1.0,0.030593383849597363,-0.00012266551,-0.00012266551,5.4197753e-05,5.4197753e-05,-0.48787656,-0.48787344,0.97583485,3.1226716,0.28770160375558995
1.0,0.030603383849597363,3.1926584e-07,3.1926584e-07,-5.47254e-05,-5.47254e-05,-0.48797232,-0.48797545,0.97583485,3.1226716,0.2877320758720603
1.0,0.030613383849597362,-0.00012263314,-0.00012263314,5.4202086e-05,5.4202086e-05,-0.48787624,-0.4878731,0.97583497,3.122672,0.2877625479980674
1.0,0.030623383849597362,2.78836e-07,2.78836e-07,-5.4730073e-05,-5.4730073e-05,-0.48797208,-0.4879752,0.97583497,3.122672,0.2877930201240745
1.0,0.03063338384959736,-0.00012259946,-0.00012259946,5.420655e-05,5.420655e-05,-0.48787603,-0.4878729,0.975835,3.122672,0.28782349225246573
1.0,0.030643383849597364,2.3982204e-07,2.3982204e-07,-5.4734788e-05,-5.4734788e-05,-0.4879719,-0.48797506,0.975835,3.1226723,0.2878539643832412
1.0,0.030653383849597364,-0.00012256493,-0.00012256493,5.4211127e-05,5.4211127e-05,-0.48787588,-0.48787272,0.9758351,3.1226723,0.28788443651640083
1.0,0.030663383849597364,2.0182746e-07,2.0182746e-07,-5.4739554e-05,-5.4739554e-05,-0.4879718,-0.48797494,0.9758351,3.122672,0.2879149086471763
1.0,0.030673383849597363,-0.00012252986,-0.00012252986,5.4215805e-05,5.4215805e-05,-0.48787576,-0.48787263,0.97583514,3.1226726,0.2879453807827201
1.0,0.030683383849597363,1.6457476e-07,1.6457476e-07,-5.4744374e-05,-5.4744374e-05,-0.48797172,-0.48797488,0.97583514,3.1226726,0.2879758529182639
1.0,0.030693383849597362,-0.00012249447,-0.00012249447,5.422057e-05,5.422057e-05,-0.4878757,-0.48787254,0.97583514,3.1226726,0.2880063250538077
1.0,0.030703383849597362,1.2787054e-07,1.2787054e-07,-5.4749253e-05,-5.4749253e-05,-0.4879717,-0.48797482,0.97583514,3.1226726,0.2880367971893515
1.0,0.03071338384959736,-0.00012245892,-0.00012245892,5.422542e-05,5.422542e-05,-0.48787564,-0.48787248,0.9758352,3.1226728,0.2880672693296637
1.0,0.03072338384959736,9.158046e-08,9.158046e-08,-5.475419e-05,-5.475419e-05,-0.48797166,-0.4879748,0.9758352,3.1226726,0.2880977414675917
1.0,0.030733383849597364,-0.00012242328,-0.00012242328,5.4230342e-05,5.4230342e-05,-0.48787558,-0.48787245,0.9758352,3.1226728,0.2881282136079039
1.0,0.030743383849597364,5.561114e-08,5.561114e-08,-5.4759188e-05,-5.4759188e-05,-0.48797163,-0.48797476,0.9758352,3.1226726,0.2881586857458319
1.0,0.030753383849597363,-0.00012238765,-0.00012238765,5.4235334e-05,5.4235334e-05,-0.48787555,-0.48787242,0.9758352,3.1226728,0.28818915788614413
1.0,0.030763383849597363,1.9897541e-08,1.9897541e-08,-5.476424e-05,-5.476424e-05,-0.48797163,-0.48797476,0.9758352,3.1226726,0.28821963002407214
1.0,0.030773383849597363,-0.00012235205,-0.00012235205,5.4240394e-05,5.4240394e-05,-0.48787552,-0.4878724,0.9758352,3.1226728,0.28825010216438435
1.0,0.030783383849597362,-1.5605844e-08,-1.5605844e-08,-5.4769356e-05,-5.4769356e-05,-0.48797163,-0.48797476,0.9758352,3.1226728,0.28828057430469656
1.0,0.030793383849597362,-0.00012231652,-0.00012231652,5.4245513e-05,5.4245513e-05,-0.48787552,-0.48787236,0.97583526,3.1226726,0.28831104644500877
1.0,0.03080338384959736,-5.0931042e-08,-5.0931042e-08,-5.4774526e-05,-5.4774526e-05,-0.48797163,-0.48797476,0.9758352,3.1226726,0.2883415185829368
1.0,0.030813383849597364,-0.00012228105,-0.00012228105,5.4250693e-05,5.4250693e-05,-0.4878755,-0.48787236,0.97583526,3.1226728,0.28837199072563313
1.0,0.030823383849597364,-8.6100805e-08,-8.6100805e-08,-5.4779746e-05,-5.4779746e-05,-0.48797163,-0.48797476,0.9758352,3.1226728,0.28840246286594534
1.0,0.030833383849597364,-0.00012224569,-0.00012224569,5.425593e-05,5.425593e-05,-0.4878755,-0.48787233,0.97583526,3.122673,0.2884329350110259
1.0,0.030843383849597363,-1.2113149e-07,-1.2113149e-07,-5.4785025e-05,-5.4785025e-05,-0.48797163,-0.48797476,0.9758352,3.1226728,0.2884634071513381
1.0,0.030853383849597363,-0.00012221045,-0.00012221045,5.4261218e-05,5.4261218e-05,-0.48787546,-0.48787233,0.97583526,3.1226728,0.28849387929403447
1.0,0.030863383849597362,-1.56035e-07,-1.56035e-07,-5.479035e-05,-5.479035e-05,-0.48797163,-0.48797476,0.9758352,3.1226726,0.2885243514319625
1.0,0.030873383849597362,-0.00012217529,-0.00012217529,5.426656e-05,5.426656e-05,-0.48787546,-0.48787233,0.97583526,3.1226728,0.28855482357465884
1.0,0.03088338384959736,-1.9082016e-07,-1.9082016e-07,-5.4795724e-05,-5.4795724e-05,-0.48797163,-0.48797476,0.97583526,3.1226726,0.28858529571497105
1.0,0.03089338384959736,-0.00012214025,-0.00012214025,5.4271946e-05,5.4271946e-05,-0.48787546,-0.4878723,0.97583526,3.1226726,0.28861576785528326
1.0,0.030903383849597364,-2.2549366e-07,-2.2549366e-07,-5.4801145e-05,-5.4801145e-05,-0.48797163,-0.4879748,0.97583526,3.122673,0.2886462400003638
1.0,0.030913383849597364,-0.0001221053,-0.0001221053,5.4277385e-05,5.4277385e-05,-0.48787543,-0.4878723,0.97583526,3.1226728,0.2886767121430602
1.0,0.030923383849597363,-2.600607e-07,-2.600607e-07,-5.4806613e-05,-5.4806613e-05,-0.48797163,-0.4879748,0.97583526,3.1226728,0.28870718428575654
1.0,0.030933383849597363,-0.00012207047,-0.00012207047,5.4282864e-05,5.4282864e-05,-0.48787543,-0.4878723,0.97583526,3.122673,0.2887376564308371
1.0,0.030943383849597363,-2.9452536e-07,-2.9452536e-07,-5.481212e-05,-5.481212e-05,-0.48797166,-0.4879748,0.97583526,3.1226728,0.28876812857353346
1.0,0.030953383849597362,-0.00012203574,-0.00012203574,5.4288386e-05,5.4288386e-05,-0.48787543,-0.48787227,0.97583526,3.1226728,0.2887986007162298
1.0,0.030963383849597362,-3.2889096e-07,-3.2889096e-07,-5.4817672e-05,-5.4817672e-05,-0.48797166,-0.4879748,0.97583526,3.1226728,0.2888290728589262
1.0,0.03097338384959736,-0.00012200111,-0.00012200111,5.4293952e-05,5.4293952e-05,-0.4878754,-0.48787227,0.97583526,3.122673,0.28885954500400673
1.0,0.030983383849597364,-3.6316032e-07,-3.6316032e-07,-5.4823264e-05,-5.4823264e-05,-0.48797166,-0.4879748,0.97583526,3.1226728,0.2888900171467031
1.0,0.030993383849597364,-0.00012196659,-0.00012196659,5.4299555e-05,5.4299555e-05,-0.4878754,-0.48787227,0.97583526,3.1226728,0.28892048928939945
1.0,0.031003383849597364,-3.9733573e-07,-3.9733573e-07,-5.482889e-05,-5.482889e-05,-0.48797166,-0.48797482,0.97583526,3.1226728,0.2889509614320958
1.0,0.031013383849597363,-0.000121932164,-0.000121932164,5.4305197e-05,5.4305197e-05,-0.4878754,-0.48787224,0.97583526,3.122673,0.28898143357717637
1.0,0.031023383849597363,-4.314193e-07,-4.314193e-07,-5.4834556e-05,-5.4834556e-05,-0.4879717,-0.48797482,0.97583526,3.1226728,0.28901190571987273
1.0,0.031033383849597362,-0.000121897836,-0.000121897836,5.4310873e-05,5.4310873e-05,-0.48787537,-0.48787224,0.97583526,3.1226728,0.2890423778625691
1.0,0.031043383849597362,-4.654128e-07,-4.654128e-07,-5.4840257e-05,-5.4840257e-05,-0.4879717,-0.48797482,0.97583526,3.1226728,0.28907285000526545
1.0,0.03105338384959736,-0.00012186361,-0.00012186361,5.4316584e-05,5.4316584e-05,-0.48787537,-0.48787224,0.97583526,3.122673,0.289103322150346
1.0,0.03106338384959736,-4.993178e-07,-4.993178e-07,-5.484599e-05,-5.484599e-05,-0.4879717,-0.48797482,0.97583526,3.1226728,0.28913379429304237
1.0,0.031073383849597364,-0.00012182947,-0.00012182947,5.432233e-05,5.432233e-05,-0.48787537,-0.4878722,0.97583526,3.122673,0.28916426643812293
1.0,0.031083383849597364,-5.331359e-07,-5.331359e-07,-5.4851756e-05,-5.4851756e-05,-0.4879717,-0.48797485,0.97583526,3.1226728,0.2891947385808193
1.0,0.031093383849597363,-0.000121795434,-0.000121795434,5.4328106e-05,5.4328106e-05,-0.48787537,-0.4878722,0.97583526,3.1226728,0.28922521072351565
1.0,0.031103383849597363,-5.668684e-07,-5.668684e-07,-5.485755e-05,-5.485755e-05,-0.4879717,-0.48797485,0.97583526,3.122673,0.2892556828685962
1.0,0.031113383849597363,-0.000121761484,-0.000121761484,5.4333912e-05,5.4333912e-05,-0.48787534,-0.4878722,0.97583526,3.122673,0.28928615501367677
1.0,0.031123383849597362,-6.0051644e-07,-6.0051644e-07,-5.4863376e-05,-5.4863376e-05,-0.48797172,-0.48797485,0.97583526,3.122673,0.28931662715875733
1.0,0.031133383849597362,-0.00012172763,-0.00012172763,5.4339747e-05,5.4339747e-05,-0.48787534,-0.4878722,0.9758353,3.1226728,0.2893470993038379
1.0,0.03114338384959736,-6.340813e-07,-6.340813e-07,-5.486923e-05,-5.486923e-05,-0.48797172,-0.48797485,0.97583526,3.122673,0.28937757144891846
1.0,0.03115338384959736,-0.00012169386,-0.00012169386,5.4345608e-05,5.4345608e-05,-0.48787534,-0.48787218,0.9758353,3.122673,0.2894080435963832
1.0,0.031163383849597364,-6.67564e-07,-6.67564e-07,-5.4875112e-05,-5.4875112e-05,-0.48797172,-0.48797485,0.97583526,3.1226728,0.2894385157390796
1.0,0.031173383849597364,-0.00012166018,-0.00012166018,5.4351498e-05,5.4351498e-05,-0.48787534,-0.48787218,0.9758353,3.122673,0.28946898788654435
1.0,0.031183383849597363,-7.009656e-07,-7.009656e-07,-5.4881017e-05,-5.4881017e-05,-0.48797172,-0.48797488,0.97583526,3.1226728,0.2894994600292407
1.0,0.031193383849597363,-0.00012162659,-0.00012162659,5.4357413e-05,5.4357413e-05,-0.4878753,-0.48787218,0.9758353,3.1226728,0.28952993217432127
1.0,0.031203383849597362,-7.34287e-07,-7.34287e-07,-5.488695e-05,-5.488695e-05,-0.48797172,-0.48797488,0.97583526,3.1226728,0.28956040431701763
1.0,0.031213383849597362,-0.00012159308,-0.00012159308,5.4363354e-05,5.4363354e-05,-0.4878753,-0.48787218,0.9758353,3.122673,0.2895908764644824
1.0,0.03122338384959736,-7.6752923e-07,-7.6752923e-07,-5.4892906e-05,-5.4892906e-05,-0.48797175,-0.48797488,0.97583526,3.122673,0.28962134860956296
1.0,0.03123338384959736,-0.00012155966,-0.00012155966,5.4369313e-05,5.4369313e-05,-0.4878753,-0.48787215,0.9758353,3.1226733,0.28965182075941187
1.0,0.031243383849597364,-8.00693e-07,-8.00693e-07,-5.4898883e-05,-5.4898883e-05,-0.48797175,-0.48797488,0.97583526,3.122673,0.28968229290449243
1.0,0.03125338384959736,-0.00012152632,-0.00012152632,5.4375298e-05,5.4375298e-05,-0.48787528,-0.48787215,0.9758353,3.1226728,0.289712765049573
1.0,0.03126338384959736,-8.3377927e-07,-8.3377927e-07,-5.4904882e-05,-5.4904882e-05,-0.48797175,-0.48797488,0.97583526,3.1226728,0.28974323719226935
1.0,0.03127338384959736,-0.00012149307,-0.00012149307,5.4381304e-05,5.4381304e-05,-0.48787528,-0.48787215,0.9758353,3.122673,0.2897737093397341
1.0,0.03128338384959736,-8.6678875e-07,-8.6678875e-07,-5.49109e-05,-5.49109e-05,-0.48797175,-0.4879749,0.97583526,3.1226728,0.28980418148243053
1.0,0.031293383849597366,-0.000121459896,-0.000121459896,5.438733e-05,5.438733e-05,-0.48787528,-0.48787215,0.9758353,3.1226733,0.28983465363227945
1.0,0.03130338384959736,-8.9972224e-07,-8.9972224e-07,-5.4916938e-05,-5.4916938e-05,-0.48797175,-0.4879749,0.97583526,3.122673,0.28986512577736
1.0,0.031313383849597365,-0.000121426805,-0.000121426805,5.4393375e-05,5.4393375e-05,-0.48787528,-0.48787212,0.9758353,3.1226728,0.2898955979224406
1.0,0.03132338384959736,-9.3258046e-07,-9.3258046e-07,-5.4922995e-05,-5.4922995e-05,-0.48797178,-0.4879749,0.97583526,3.122673,0.28992607006752114
1.0,0.031333383849597364,-0.00012139379,-0.00012139379,5.4399436e-05,5.4399436e-05,-0.48787525,-0.48787212,0.9758353,3.122673,0.2899565422149859
1.0,0.03134338384959736,-9.653642e-07,-9.653642e-07,-5.492907e-05,-5.492907e-05,-0.48797178,-0.4879749,0.97583526,3.1226728,0.28998701435768226
1.0,0.03135338384959736,-0.000121360856,-0.000121360856,5.440552e-05,5.440552e-05,-0.48787525,-0.48787212,0.9758353,3.1226733,0.2900174865075312
1.0,0.03136338384959736,-9.980738e-07,-9.980738e-07,-5.4935164e-05,-5.4935164e-05,-0.48797178,-0.4879749,0.97583526,3.122673,0.29004795865261174
1.0,0.03137338384959736,-0.000121328005,-0.000121328005,5.4411616e-05,5.4411616e-05,-0.48787525,-0.48787212,0.9758353,3.1226728,0.2900784307976923
1.0,0.031383383849597365,-1.0307103e-06,-1.0307103e-06,-5.4941273e-05,-5.4941273e-05,-0.48797178,-0.48797494,0.97583526,3.122673,0.29010890294277286
1.0,0.03139338384959736,-0.00012129523,-0.00012129523,5.4417727e-05,5.4417727e-05,-0.48787525,-0.4878721,0.9758353,3.122673,0.29013937509023763
1.0,0.031403383849597365,-1.0632741e-06,-1.0632741e-06,-5.4947395e-05,-5.4947395e-05,-0.48797178,-0.48797494,0.97583526,3.1226728,0.290169847232934
1.0,0.03141338384959736,-0.00012126253,-0.00012126253,5.4423854e-05,5.4423854e-05,-0.48787525,-0.4878721,0.9758353,3.1226733,0.2902003193827829
1.0,0.031423383849597364,-1.0957658e-06,-1.0957658e-06,-5.4953533e-05,-5.4953533e-05,-0.4879718,-0.48797494,0.9758353,3.122673,0.29023079153024767
1.0,0.03143338384959736,-0.00012122991,-0.00012122991,5.4429995e-05,5.4429995e-05,-0.48787522,-0.4878721,0.9758353,3.1226728,0.29026126367532823
1.0,0.03144338384959736,-1.1281862e-06,-1.1281862e-06,-5.4959684e-05,-5.4959684e-05,-0.4879718,-0.48797494,0.9758353,3.122673,0.290291735822793
1.0,0.031453383849597366,-0.000121197365,-0.000121197365,5.4436154e-05,5.4436154e-05,-0.48787522,-0.4878721,0.9758353,3.122673,0.29032220797025776
1.0,0.03146338384959736,-1.1605356e-06,-1.1605356e-06,-5.496585e-05,-5.496585e-05,-0.4879718,-0.48797494,0.9758353,3.1226728,0.2903526801153383
1.0,0.031473383849597365,-0.00012116489,-0.00012116489,5.444232e-05,5.444232e-05,-0.48787522,-0.48787206,0.9758353,3.122673,0.2903831522628031
1.0,0.03148338384959736,-1.1928147e-06,-1.1928147e-06,-5.4972028e-05,-5.4972028e-05,-0.4879718,-0.48797497,0.9758353,3.122673,0.29041362441026786
1.0,0.031493383849597364,-0.00012113249,-0.00012113249,5.44485e-05,5.44485e-05,-0.48787522,-0.48787206,0.9758353,3.1226733,0.29044409656011677
1.0,0.03150338384959736,-1.225024e-06,-1.225024e-06,-5.497822e-05,-5.497822e-05,-0.4879718,-0.48797497,0.9758353,3.1226728,0.29047456870519733
1.0,0.031513383849597364,-0.00012110017,-0.00012110017,5.4454693e-05,5.4454693e-05,-0.4878752,-0.48787206,0.9758353,3.1226728,0.2905050408502779
1.0,0.03152338384959736,-1.2571641e-06,-1.2571641e-06,-5.498442e-05,-5.498442e-05,-0.48797184,-0.48797497,0.9758353,3.122673,0.29053551299774266
1.0,0.03153338384959736,-0.00012106792,-0.00012106792,5.4460896e-05,5.4460896e-05,-0.4878752,-0.48787206,0.9758353,3.122673,0.29056598514520743
1.0,0.031543383849597366,-1.2892352e-06,-1.2892352e-06,-5.4990633e-05,-5.4990633e-05,-0.48797184,-0.48797497,0.9758353,3.1226733,0.29059645729505634
1.0,0.03155338384959736,-0.000121035744,-0.000121035744,5.446711e-05,5.446711e-05,-0.4878752,-0.48787203,0.9758353,3.1226733,0.29062692944490526
1.0,0.031563383849597365,-1.3212383e-06,-1.3212383e-06,-5.4996854e-05,-5.4996854e-05,-0.48797184,-0.48797497,0.9758353,3.122673,0.29065740159237
1.0,0.03157338384959736,-0.000121003635,-0.000121003635,5.4473334e-05,5.4473334e-05,-0.4878752,-0.48787203,0.9758353,3.1226733,0.29068787374221894
1.0,0.031583383849597364,-1.3531734e-06,-1.3531734e-06,-5.500308e-05,-5.500308e-05,-0.48797184,-0.487975,0.9758353,3.1226733,0.29071834589206785
1.0,0.03159338384959736,-0.00012097161,-0.00012097161,5.4479566e-05,5.4479566e-05,-0.48787516,-0.48787203,0.9758353,3.122673,0.2907488180395326
1.0,0.03160338384959736,-1.3850413e-06,-1.3850413e-06,-5.5009325e-05,-5.5009325e-05,-0.48797184,-0.487975,0.9758353,3.122673,0.2907792901869974
1.0,0.03161338384959736,-0.00012093964,-0.00012093964,5.448581e-05,5.448581e-05,-0.48787516,-0.48787203,0.9758353,3.122673,0.29080976233446215
1.0,0.03162338384959736,-1.4168423e-06,-1.4168423e-06,-5.501557e-05,-5.501557e-05,-0.48797187,-0.487975,0.9758353,3.1226733,0.2908402344843111
1.0,0.031633383849597366,-0.000120907745,-0.000120907745,5.449206e-05,5.449206e-05,-0.48787516,-0.487872,0.9758353,3.122673,0.2908707066317759
1.0,0.03164338384959736,-1.448577e-06,-1.448577e-06,-5.502183e-05,-5.502183e-05,-0.48797187,-0.487975,0.9758353,3.122673,0.29090117877924065
1.0,0.031653383849597365,-0.00012087592,-0.00012087592,5.4498316e-05,5.4498316e-05,-0.48787516,-0.487872,0.9758353,3.1226733,0.29093165092908957
1.0,0.03166338384959736,-1.4802457e-06,-1.4802457e-06,-5.5028093e-05,-5.5028093e-05,-0.48797187,-0.487975,0.9758353,3.1226733,0.2909621230789385
1.0,0.031673383849597364,-0.00012084417,-0.00012084417,5.450458e-05,5.450458e-05,-0.48787513,-0.487872,0.9758353,3.1226728,0.29099259522401905
1.0,0.03168338384959736,-1.5118488e-06,-1.5118488e-06,-5.503436e-05,-5.503436e-05,-0.48797187,-0.48797503,0.9758353,3.122673,0.2910230673714838
1.0,0.03169338384959736,-0.00012081248,-0.00012081248,5.4510852e-05,5.4510852e-05,-0.48787513,-0.487872,0.9758353,3.122673,0.2910535395189486
1.0,0.03170338384959736,-1.543387e-06,-1.543387e-06,-5.504064e-05,-5.504064e-05,-0.48797187,-0.48797503,0.9758353,3.1226733,0.2910840116687975
1.0,0.03171338384959736,-0.00012078086,-0.00012078086,5.4517128e-05,5.4517128e-05,-0.48787513,-0.487872,0.9758353,3.122673,0.29111448381626226
1.0,0.031723383849597366,-1.5748604e-06,-1.5748604e-06,-5.5046923e-05,-5.5046923e-05,-0.48797187,-0.48797503,0.9758353,3.122673,0.291144955963727
1.0,0.03173338384959736,-0.00012074931,-0.00012074931,5.4523414e-05,5.4523414e-05,-0.48787513,-0.48787197,0.9758353,3.1226733,0.29117542811357594
1.0,0.031743383849597365,-1.6062696e-06,-1.6062696e-06,-5.505321e-05,-5.505321e-05,-0.4879719,-0.48797503,0.9758353,3.1226728,0.2912059002586565
1.0,0.03175338384959736,-0.00012071783,-0.00012071783,5.45297e-05,5.45297e-05,-0.48787513,-0.48787197,0.9758353,3.1226733,0.2912363724085054
1.0,0.031763383849597364,-1.6376149e-06,-1.6376149e-06,-5.5059503e-05,-5.5059503e-05,-0.4879719,-0.48797503,0.9758353,3.122673,0.2912668445559702
1.0,0.03177338384959736,-0.00012068641,-0.00012068641,5.4535994e-05,5.4535994e-05,-0.4878751,-0.48787197,0.9758353,3.1226728,0.29129731670105075
1.0,0.03178338384959736,-1.6688967e-06,-1.6688967e-06,-5.50658e-05,-5.50658e-05,-0.4879719,-0.48797503,0.9758353,3.1226728,0.2913277888461313
1.0,0.03179338384959736,-0.00012065506,-0.00012065506,5.4542295e-05,5.4542295e-05,-0.4878751,-0.48787197,0.9758353,3.122673,0.2913582609935961
1.0,0.03180338384959736,-1.7001155e-06,-1.7001155e-06,-5.5072105e-05,-5.5072105e-05,-0.4879719,-0.48797506,0.9758353,3.1226733,0.29138873314344504
1.0,0.031813383849597365,-0.00012062377,-0.00012062377,5.4548596e-05,5.4548596e-05,-0.4878751,-0.48787194,0.9758353,3.122673,0.2914192052909098
1.0,0.03182338384959736,-1.7312716e-06,-1.7312716e-06,-5.5078413e-05,-5.5078413e-05,-0.4879719,-0.48797506,0.9758353,3.122673,0.2914496774383746
1.0,0.031833383849597365,-0.00012059255,-0.00012059255,5.4554905e-05,5.4554905e-05,-0.4878751,-0.48787194,0.9758353,3.1226733,0.2914801495882235
1.0,0.03184338384959736,-1.7623655e-06,-1.7623655e-06,-5.508472e-05,-5.508472e-05,-0.48797193,-0.48797506,0.9758353,3.1226728,0.29151062173330405
1.0,0.031853383849597364,-0.000120561395,-0.000120561395,5.4561213e-05,5.4561213e-05,-0.48787507,-0.48787194,0.9758353,3.1226733,0.29154109388315297
1.0,0.03186338384959736,-1.7933974e-06,-1.7933974e-06,-5.5091037e-05,-5.5091037e-05,-0.48797193,-0.48797506,0.9758353,3.122673,0.29157156603061773
1.0,0.03187338384959736,-0.000120530305,-0.000120530305,5.456753e-05,5.456753e-05,-0.48787507,-0.48787194,0.9758353,3.1226733,0.2916020381804667
1.0,0.031883383849597366,-1.8243677e-06,-1.8243677e-06,-5.5097353e-05,-5.5097353e-05,-0.48797193,-0.48797506,0.9758353,3.122673,0.29163251032793147
1.0,0.03189338384959736,-0.00012049928,-0.00012049928,5.4573844e-05,5.4573844e-05,-0.48787507,-0.48787194,0.9758353,3.1226728,0.29166298247301203
1.0,0.031903383849597365,-1.8552769e-06,-1.8552769e-06,-5.5103676e-05,-5.5103676e-05,-0.48797193,-0.48797506,0.9758353,3.1226733,0.29169345462286095
1.0,0.03191338384959736,-0.000120468314,-0.000120468314,5.4580163e-05,5.4580163e-05,-0.48787507,-0.48787192,0.9758353,3.122673,0.2917239267703257
1.0,0.031923383849597364,-1.8861251e-06,-1.8861251e-06,-5.5109995e-05,-5.5109995e-05,-0.48797193,-0.4879751,0.9758353,3.122673,0.2917543989177905
1.0,0.03193338384959736,-0.00012043741,-0.00012043741,5.4586486e-05,5.4586486e-05,-0.48787507,-0.48787192,0.9758353,3.122673,0.29178487106525525
1.0,0.031943383849597363,-1.9169129e-06,-1.9169129e-06,-5.511632e-05,-5.511632e-05,-0.48797193,-0.4879751,0.9758353,3.122673,0.29181534321272
1.0,0.03195338384959736,-0.00012040658,-0.00012040658,5.459281e-05,5.459281e-05,-0.48787504,-0.48787192,0.9758353,3.122673,0.2918458153601848
1.0,0.03196338384959736,-1.9476406e-06,-1.9476406e-06,-5.5122648e-05,-5.5122648e-05,-0.48797196,-0.4879751,0.9758353,3.1226733,0.29187628751003375
1.0,0.031973383849597366,-0.0001203758,-0.0001203758,5.4599135e-05,5.4599135e-05,-0.48787504,-0.48787192,0.9758353,3.1226733,0.29190675965988266
1.0,0.03198338384959736,-1.9783085e-06,-1.9783085e-06,-5.5128974e-05,-5.5128974e-05,-0.48797196,-0.4879751,0.9758353,3.122673,0.29193723180734743
1.0,0.031993383849597365,-0.00012034509,-0.00012034509,5.460546e-05,5.460546e-05,-0.48787504,-0.48787192,0.9758353,3.1226733,0.29196770395719635
1.0,0.03200338384959736,-2.008917e-06,-2.008917e-06,-5.5135304e-05,-5.5135304e-05,-0.48797196,-0.4879751,0.9758353,3.122673,0.2919981761046611
1.0,0.032013383849597364,-0.000120314435,-0.000120314435,5.4611788e-05,5.4611788e-05,-0.48787504,-0.4878719,0.9758353,3.1226733,0.29202864825451
1.0,0.03202338384959736,-2.0394664e-06,-2.0394664e-06,-5.5141634e-05,-5.5141634e-05,-0.48797196,-0.48797512,0.9758353,3.1226728,0.2920591203995906
1.0,0.03203338384959736,-0.00012028384,-0.00012028384,5.4618118e-05,5.4618118e-05,-0.48787504,-0.4878719,0.9758353,3.1226733,0.2920895925494395
1.0,0.03204338384959736,-2.0699567e-06,-2.0699567e-06,-5.5147964e-05,-5.5147964e-05,-0.48797196,-0.48797512,0.9758353,3.1226733,0.2921200646992884
1.0,0.03205338384959736,-0.00012025331,-0.00012025331,5.462445e-05,5.462445e-05,-0.487875,-0.4878719,0.9758353,3.1226728,0.292150536844369
1.0,0.032063383849597366,-2.1003889e-06,-2.1003889e-06,-5.5154294e-05,-5.5154294e-05,-0.48797196,-0.48797512,0.9758353,3.122673,0.29218100899183375
1.0,0.03207338384959736,-0.00012022284,-0.00012022284,5.463078e-05,5.463078e-05,-0.487875,-0.4878719,0.9758354,3.122673,0.2922114811392985
1.0,0.032083383849597365,-2.1307628e-06,-2.1307628e-06,-5.5160628e-05,-5.5160628e-05,-0.487972,-0.48797512,0.9758353,3.122673,0.2922419532867633
1.0,0.03209338384959736,-0.000120192424,-0.000120192424,5.463711e-05,5.463711e-05,-0.487875,-0.48787186,0.9758354,3.122673,0.29227242543422804
1.0,0.032103383849597364,-2.161079e-06,-2.161079e-06,-5.516696e-05,-5.516696e-05,-0.487972,-0.48797512,0.9758353,3.1226728,0.2923028975793086
1.0,0.03211338384959736,-0.000120162076,-0.000120162076,5.464344e-05,5.464344e-05,-0.487875,-0.48787186,0.9758354,3.122673,0.2923333697267734
1.0,0.03212338384959736,-2.1913374e-06,-2.1913374e-06,-5.5173292e-05,-5.5173292e-05,-0.487972,-0.48797512,0.9758353,3.1226733,0.2923638418766223
1.0,0.03213338384959736,-0.00012013178,-0.00012013178,5.464977e-05,5.464977e-05,-0.487875,-0.48787186,0.9758354,3.122673,0.29239431402408705
1.0,0.03214338384959736,-2.2215388e-06,-2.2215388e-06,-5.5179622e-05,-5.5179622e-05,-0.487972,-0.48797515,0.9758353,3.122673,0.2924247861715518
1.0,0.032153383849597365,-0.00012010155,-0.00012010155,5.46561e-05,5.46561e-05,-0.48787498,-0.48787186,0.9758354,3.122673,0.2924552583190166
1.0,0.03216338384959736,-2.2516833e-06,-2.2516833e-06,-5.5185952e-05,-5.5185952e-05,-0.487972,-0.48797515,0.9758353,3.122673,0.29248573046648135
1.0,0.032173383849597365,-0.000120071374,-0.000120071374,5.4662425e-05,5.4662425e-05,-0.48787498,-0.48787186,0.9758354,3.1226733,0.29251620261633027
1.0,0.03218338384959736,-2.2817715e-06,-2.2817715e-06,-5.5192282e-05,-5.5192282e-05,-0.487972,-0.48797515,0.9758353,3.1226728,0.29254667476141083
1.0,0.032193383849597364,-0.00012004125,-0.00012004125,5.4668755e-05,5.4668755e-05,-0.48787498,-0.48787183,0.9758354,3.1226733,0.29257714691125974
1.0,0.03220338384959736,-2.311803e-06,-2.311803e-06,-5.5198612e-05,-5.5198612e-05,-0.48797202,-0.48797515,0.9758353,3.1226733,0.29260761906110866
1.0,0.03221338384959736,-0.000120011195,-0.000120011195,5.467508e-05,5.467508e-05,-0.48787498,-0.48787183,0.9758354,3.1226733,0.29263809121095763
1.0,0.032223383849597366,-2.3417788e-06,-2.3417788e-06,-5.5204942e-05,-5.5204942e-05,-0.48797202,-0.48797515,0.9758353,3.1226733,0.29266856336080654
1.0,0.03223338384959736,-0.000119981196,-0.000119981196,5.4681408e-05,5.4681408e-05,-0.48787498,-0.48787183,0.9758354,3.1226733,0.29269903551065546
1.0,0.032243383849597365,-2.3716987e-06,-2.3716987e-06,-5.521127e-05,-5.521127e-05,-0.48797202,-0.48797515,0.9758353,3.122673,0.2927295076581202
1.0,0.03225338384959736,-0.00011995125,-0.00011995125,5.4687735e-05,5.4687735e-05,-0.48787495,-0.48787183,0.9758354,3.1226733,0.29275997980796914
1.0,0.032263383849597364,-2.4015633e-06,-2.4015633e-06,-5.521759e-05,-5.521759e-05,-0.48797202,-0.48797518,0.9758353,3.122673,0.2927904519554339
1.0,0.03227338384959736,-0.00011992136,-0.00011992136,5.4694057e-05,5.4694057e-05,-0.48787495,-0.48787183,0.9758354,3.1226733,0.2928209241052828
1.0,0.032283383849597364,-2.4313729e-06,-2.4313729e-06,-5.5223918e-05,-5.5223918e-05,-0.48797202,-0.48797518,0.9758353,3.1226728,0.2928513962503634
1.0,0.03229338384959736,-0.00011989153,-0.00011989153,5.4700376e-05,5.4700376e-05,-0.48787495,-0.4878718,0.9758354,3.1226733,0.2928818684002123
1.0,0.03230338384959736,-2.4611275e-06,-2.4611275e-06,-5.5230237e-05,-5.5230237e-05,-0.48797202,-0.48797518,0.9758353,3.1226728,0.29291234054529286
1.0,0.032313383849597366,-0.000119861754,-0.000119861754,5.47067e-05,5.47067e-05,-0.48787495,-0.4878718,0.9758354,3.1226733,0.2929428126951418
1.0,0.03232338384959736,-2.4908277e-06,-2.4908277e-06,-5.523656e-05,-5.523656e-05,-0.48797205,-0.48797518,0.9758353,3.1226733,0.2929732848449907
1.0,0.032333383849597365,-0.00011983203,-0.00011983203,5.4713015e-05,5.4713015e-05,-0.48787495,-0.4878718,0.9758354,3.1226733,0.2930037569948396
1.0,0.03234338384959736,-2.5204736e-06,-2.5204736e-06,-5.5242876e-05,-5.5242876e-05,-0.48797205,-0.48797518,0.9758353,3.1226733,0.2930342291446885
1.0,0.032353383849597364,-0.00011980237,-0.00011980237,5.471933e-05,5.471933e-05,-0.48787493,-0.4878718,0.9758354,3.1226733,0.29306470129453743
1.0,0.03236338384959736,-2.5500656e-06,-2.5500656e-06,-5.524919e-05,-5.524919e-05,-0.48797205,-0.48797518,0.9758353,3.122673,0.2930951734420022
1.0,0.03237338384959736,-0.000119772754,-0.000119772754,5.4725646e-05,5.4725646e-05,-0.48787493,-0.4878718,0.9758354,3.1226733,0.2931256455918511
1.0,0.03238338384959736,-2.5796037e-06,-2.5796037e-06,-5.5255507e-05,-5.5255507e-05,-0.48797205,-0.4879752,0.9758353,3.122673,0.2931561177393159
1.0,0.03239338384959736,-0.0001197432,-0.0001197432,5.4731958e-05,5.4731958e-05,-0.48787493,-0.48787177,0.9758354,3.1226733,0.29318658988916485
1.0,0.032403383849597366,-2.6090886e-06,-2.6090886e-06,-5.526182e-05,-5.526182e-05,-0.48797205,-0.4879752,0.9758353,3.122673,0.2932170620366296
1.0,0.03241338384959736,-0.0001197137,-0.0001197137,5.4738266e-05,5.4738266e-05,-0.48787493,-0.48787177,0.9758354,3.1226733,0.29324753418647853
1.0,0.032423383849597365,-2.6385203e-06,-2.6385203e-06,-5.5268127e-05,-5.5268127e-05,-0.48797205,-0.4879752,0.9758353,3.122673,0.2932780063339433
1.0,0.03243338384959736,-0.00011968426,-0.00011968426,5.474457e-05,5.474457e-05,-0.48787493,-0.48787177,0.9758354,3.1226733,0.2933084784837922
1.0,0.032443383849597364,-2.667899e-06,-2.667899e-06,-5.527443e-05,-5.527443e-05,-0.48797208,-0.4879752,0.9758353,3.1226728,0.2933389506288728
1.0,0.03245338384959736,-0.00011965486,-0.00011965486,5.4750875e-05,5.4750875e-05,-0.4878749,-0.48787177,0.9758354,3.1226733,0.2933694227787217
1.0,0.03246338384959736,-2.6972252e-06,-2.6972252e-06,-5.5280736e-05,-5.5280736e-05,-0.48797208,-0.4879752,0.9758353,3.1226728,0.29339989492380225
1.0,0.03247338384959736,-0.000119625525,-0.000119625525,5.4757176e-05,5.4757176e-05,-0.4878749,-0.48787177,0.9758354,3.1226733,0.29343036707365117
1.0,0.03248338384959736,-2.726499e-06,-2.726499e-06,-5.5287033e-05,-5.5287033e-05,-0.48797208,-0.4879752,0.9758353,3.1226733,0.29346083922350014
1.0,0.032493383849597365,-0.00011959624,-0.00011959624,5.4763474e-05,5.4763474e-05,-0.4878749,-0.48787174,0.9758354,3.1226733,0.29349131137334905
1.0,0.03250338384959736,-2.7557207e-06,-2.7557207e-06,-5.529333e-05,-5.529333e-05,-0.48797208,-0.48797524,0.9758353,3.1226733,0.29352178352319797
1.0,0.032513383849597365,-0.000119567005,-0.000119567005,5.4769767e-05,5.4769767e-05,-0.4878749,-0.48787174,0.9758354,3.1226733,0.2935522556730469
1.0,0.03252338384959736,-2.7848907e-06,-2.7848907e-06,-5.5299624e-05,-5.5299624e-05,-0.48797208,-0.48797524,0.9758353,3.1226733,0.2935827278228958
1.0,0.032533383849597364,-0.00011953783,-0.00011953783,5.4776057e-05,5.4776057e-05,-0.4878749,-0.48787174,0.9758354,3.1226733,0.2936131999727447
1.0,0.03254338384959736,-2.814009e-06,-2.814009e-06,-5.5305914e-05,-5.5305914e-05,-0.48797208,-0.48797524,0.9758353,3.1226733,0.2936436721225936
1.0,0.03255338384959736,-0.000119508695,-0.000119508695,5.4782344e-05,5.4782344e-05,-0.48787487,-0.48787174,0.9758354,3.1226733,0.2936741442724426
1.0,0.032563383849597366,-2.843076e-06,-2.843076e-06,-5.5312204e-05,-5.5312204e-05,-0.4879721,-0.48797524,0.9758353,3.1226733,0.2937046164222915
1.0,0.03257338384959736,-0.00011947962,-0.00011947962,5.478863e-05,5.478863e-05,-0.48787487,-0.48787174,0.9758354,3.1226733,0.2937350885721404
1.0,0.032583383849597365,-2.872092e-06,-2.872092e-06,-5.5318487e-05,-5.5318487e-05,-0.4879721,-0.48797524,0.9758353,3.122673,0.2937655607196052
1.0,0.03259338384959736,-0.0001194506,-0.0001194506,5.479491e-05,5.479491e-05,-0.48787487,-0.48787174,0.9758354,3.1226733,0.2937960328694541
1.0,0.032603383849597364,-2.901057e-06,-2.901057e-06,-5.5324766e-05,-5.5324766e-05,-0.4879721,-0.48797524,0.9758353,3.122673,0.29382650501691887
1.0,0.03261338384959736,-0.00011942163,-0.00011942163,5.480119e-05,5.480119e-05,-0.48787487,-0.4878717,0.9758354,3.1226733,0.2938569771667678
1.0,0.032623383849597364,-2.9299717e-06,-2.9299717e-06,-5.5331042e-05,-5.5331042e-05,-0.4879721,-0.48797527,0.9758353,3.122673,0.29388744931423255
1.0,0.03263338384959736,-0.00011939271,-0.00011939271,5.480746e-05,5.480746e-05,-0.48787487,-0.4878717,0.9758354,3.1226733,0.29391792146408147
1.0,0.03264338384959736,-2.958836e-06,-2.958836e-06,-5.5337317e-05,-5.5337317e-05,-0.4879721,-0.48797527,0.9758353,3.122673,0.29394839361154623
1.0,0.032653383849597366,-0.00011936384,-0.00011936384,5.4813732e-05,5.4813732e-05,-0.48787484,-0.4878717,0.9758354,3.122673,0.293978865759011
1.0,0.03266338384959736,-2.9876503e-06,-2.9876503e-06,-5.5343586e-05,-5.5343586e-05,-0.4879721,-0.48797527,0.9758353,3.122673,0.29400933790647577
1.0,0.032673383849597365,-0.00011933502,-0.00011933502,5.4819997e-05,5.4819997e-05,-0.48787484,-0.4878717,0.9758354,3.122673,0.29403981005394053
1.0,0.03268338384959736,-3.0164147e-06,-3.0164147e-06,-5.534985e-05,-5.534985e-05,-0.48797214,-0.48797527,0.9758353,3.122673,0.2940702822014053
1.0,0.032693383849597364,-0.00011930625,-0.00011930625,5.482626e-05,5.482626e-05,-0.48787484,-0.4878717,0.9758354,3.122673,0.29410075434887006
1.0,0.03270338384959736,-3.0451295e-06,-3.0451295e-06,-5.535611e-05,-5.535611e-05,-0.48797214,-0.48797527,0.9758353,3.122673,0.29413122649633483
1.0,0.03271338384959736,-0.00011927753,-0.00011927753,5.483252e-05,5.483252e-05,-0.48787484,-0.48787168,0.9758354,3.122673,0.2941616986437996
1.0,0.03272338384959736,-3.073795e-06,-3.073795e-06,-5.536237e-05,-5.536237e-05,-0.48797214,-0.48797527,0.9758353,3.122673,0.29419217079126436
1.0,0.03273338384959736,-0.00011924886,-0.00011924886,5.4838772e-05,5.4838772e-05,-0.48787484,-0.48787168,0.9758354,3.122673,0.29422264293872913
1.0,0.032743383849597366,-3.1024113e-06,-3.1024113e-06,-5.5368622e-05,-5.5368622e-05,-0.48797214,-0.4879753,0.9758353,3.122673,0.2942531150861939
1.0,0.03275338384959736,-0.00011922025,-0.00011922025,5.4845023e-05,5.4845023e-05,-0.48787484,-0.48787168,0.9758354,3.122673,0.29428358723365866
1.0,0.032763383849597365,-3.1309787e-06,-3.1309787e-06,-5.537487e-05,-5.537487e-05,-0.48797214,-0.4879753,0.9758353,3.122673,0.2943140593811234
1.0,0.03277338384959736,-0.00011919168,-0.00011919168,5.485127e-05,5.485127e-05,-0.4878748,-0.48787168,0.9758354,3.1226733,0.29434453153097234
1.0,0.032783383849597364,-3.1594975e-06,-3.1594975e-06,-5.5381115e-05,-5.5381115e-05,-0.48797214,-0.4879753,0.9758353,3.122673,0.2943750036784371
1.0,0.03279338384959736,-0.00011916316,-0.00011916316,5.485751e-05,5.485751e-05,-0.4878748,-0.48787168,0.9758354,3.1226733,0.294405475828286
1.0,0.03280338384959736,-3.187968e-06,-3.187968e-06,-5.5387354e-05,-5.5387354e-05,-0.48797217,-0.4879753,0.9758353,3.122673,0.2944359479757508
1.0,0.03281338384959736,-0.00011913469,-0.00011913469,5.4863747e-05,5.4863747e-05,-0.4878748,-0.48787165,0.9758354,3.1226733,0.2944664201255997
1.0,0.03282338384959736,-3.2163903e-06,-3.2163903e-06,-5.539359e-05,-5.539359e-05,-0.48797217,-0.4879753,0.9758353,3.122673,0.29449689227306447
1.0,0.032833383849597365,-0.00011910627,-0.00011910627,5.486998e-05,5.486998e-05,-0.4878748,-0.48787165,0.9758354,3.1226733,0.2945273644229134
1.0,0.03284338384959736,-3.2447647e-06,-3.2447647e-06,-5.539982e-05,-5.539982e-05,-0.48797217,-0.4879753,0.9758353,3.122673,0.29455783657037815
1.0,0.032853383849597365,-0.00011907789,-0.00011907789,5.4876207e-05,5.4876207e-05,-0.4878748,-0.48787165,0.9758354,3.1226733,0.29458830872022707
1.0,0.03286338384959736,-3.2730914e-06,-3.2730914e-06,-5.540605e-05,-5.540605e-05,-0.48797217,-0.48797533,0.9758353,3.1226733,0.294618780870076
1.0,0.032873383849597364,-0.00011904957,-0.00011904957,5.4882432e-05,5.4882432e-05,-0.48787478,-0.48787165,0.9758354,3.122673,0.29464925301754075
1.0,0.03288338384959736,-3.3013705e-06,-3.3013705e-06,-5.541227e-05,-5.541227e-05,-0.48797217,-0.48797533,0.9758353,3.1226733,0.29467972516738966
1.0,0.03289338384959736,-0.00011902129,-0.00011902129,5.4888653e-05,5.4888653e-05,-0.48787478,-0.48787165,0.9758354,3.122673,0.2947101973148544
1.0,0.032903383849597366,-3.3296024e-06,-3.3296024e-06,-5.5418488e-05,-5.5418488e-05,-0.48797217,-0.48797533,0.9758353,3.1226733,0.29474066946470334
1.0,0.03291338384959736,-0.00011899306,-0.00011899306,5.4894866e-05,5.4894866e-05,-0.48787478,-0.48787165,0.9758354,3.122673,0.2947711416121681
1.0,0.032923383849597365,-3.3577871e-06,-3.3577871e-06,-5.54247e-05,-5.54247e-05,-0.48797217,-0.48797533,0.9758353,3.1226733,0.294801613762017
1.0,0.03293338384959736,-0.00011896488,-0.00011896488,5.4901077e-05,5.4901077e-05,-0.48787478,-0.48787162,0.9758354,3.1226735,0.29483208591425014
1.0,0.032943383849597364,-3.385925e-06,-3.385925e-06,-5.5430908e-05,-5.5430908e-05,-0.4879722,-0.48797533,0.9758353,3.1226733,0.29486255806409906
1.0,0.03295338384959736,-0.00011893675,-0.00011893675,5.4907283e-05,5.4907283e-05,-0.48787478,-0.48787162,0.9758354,3.1226733,0.29489303021394797
1.0,0.032963383849597364,-3.4140166e-06,-3.4140166e-06,-5.5437114e-05,-5.5437114e-05,-0.4879722,-0.48797533,0.9758353,3.1226733,0.2949235023637969
1.0,0.03297338384959736,-0.00011890866,-0.00011890866,5.4913482e-05,5.4913482e-05,-0.48787478,-0.48787162,0.9758354,3.1226733,0.2949539745136458
1.0,0.03298338384959736,-3.4420616e-06,-3.4420616e-06,-5.5443314e-05,-5.5443314e-05,-0.4879722,-0.48797536,0.9758353,3.1226728,0.29498444665872636
1.0,0.032993383849597366,-0.00011888062,-0.00011888062,5.4919677e-05,5.4919677e-05,-0.48787475,-0.48787162,0.9758354,3.1226733,0.2950149188085753
1.0,0.03300338384959736,-3.4700604e-06,-3.4700604e-06,-5.5449505e-05,-5.5449505e-05,-0.4879722,-0.48797536,0.9758353,3.122673,0.29504539095604004
1.0,0.033013383849597365,-0.00011885262,-0.00011885262,5.492587e-05,5.492587e-05,-0.48787475,-0.48787162,0.9758354,3.122673,0.2950758631035048
1.0,0.03302338384959736,-3.4980135e-06,-3.4980135e-06,-5.5455694e-05,-5.5455694e-05,-0.4879722,-0.48797536,0.9758353,3.122673,0.2951063352509696
1.0,0.033033383849597364,-0.000118824675,-0.000118824675,5.4932054e-05,5.4932054e-05,-0.48787475,-0.4878716,0.9758354,3.122673,0.29513680739843434
1.0,0.03304338384959736,-3.5259206e-06,-3.5259206e-06,-5.546188e-05,-5.546188e-05,-0.4879722,-0.48797536,0.9758353,3.122673,0.2951672795458991
1.0,0.03305338384959736,-0.00011879678,-0.00011879678,5.4938235e-05,5.4938235e-05,-0.48787475,-0.4878716,0.9758354,3.1226735,0.2951977516981322
1.0,0.03306338384959736,-3.5537823e-06,-3.5537823e-06,-5.546806e-05,-5.546806e-05,-0.48797223,-0.48797536,0.9758353,3.122673,0.295228223845597
1.0,0.03307338384959736,-0.00011876892,-0.00011876892,5.4944412e-05,5.4944412e-05,-0.48787475,-0.4878716,0.9758354,3.1226733,0.29525869599544596
1.0,0.033083383849597366,-3.5815985e-06,-3.5815985e-06,-5.5474233e-05,-5.5474233e-05,-0.48797223,-0.48797536,0.9758353,3.122673,0.29528916814291073
1.0,0.03309338384959736,-0.00011874111,-0.00011874111,5.4950582e-05,5.4950582e-05,-0.48787472,-0.4878716,0.9758354,3.1226733,0.29531964029275964
1.0,0.033103383849597365,-3.60937e-06,-3.60937e-06,-5.54804e-05,-5.54804e-05,-0.48797223,-0.48797536,0.9758353,3.1226733,0.29535011244260856
1.0,0.03311338384959736,-0.000118713346,-0.000118713346,5.495675e-05,5.495675e-05,-0.48787472,-0.4878716,0.9758354,3.1226733,0.2953805845924575
1.0,0.033123383849597364,-3.6370964e-06,-3.6370964e-06,-5.5486566e-05,-5.5486566e-05,-0.48797223,-0.4879754,0.9758353,3.1226733,0.2954110567423064
1.0,0.03313338384959736,-0.000118685624,-0.000118685624,5.4962908e-05,5.4962908e-05,-0.48787472,-0.4878716,0.9758354,3.122673,0.29544152888977115
1.0,0.03314338384959736,-3.664778e-06,-3.664778e-06,-5.5492725e-05,-5.5492725e-05,-0.48797223,-0.4879754,0.9758353,3.1226733,0.29547200103962007
1.0,0.03315338384959736,-0.000118657954,-0.000118657954,5.4969063e-05,5.4969063e-05,-0.48787472,-0.48787156,0.9758354,3.122673,0.29550247318708484
1.0,0.03316338384959736,-3.6924152e-06,-3.6924152e-06,-5.5498876e-05,-5.5498876e-05,-0.48797223,-0.4879754,0.9758353,3.122673,0.2955329453345496
1.0,0.033173383849597365,-0.00011863032,-0.00011863032,5.4975215e-05,5.4975215e-05,-0.48787472,-0.48787156,0.9758354,3.1226733,0.2955634174843985
1.0,0.03318338384959736,-3.7200082e-06,-3.7200082e-06,-5.5505025e-05,-5.5505025e-05,-0.48797226,-0.4879754,0.9758353,3.122673,0.2955938896318633
1.0,0.033193383849597365,-0.00011860274,-0.00011860274,5.498136e-05,5.498136e-05,-0.48787472,-0.48787156,0.9758354,3.1226733,0.2956243617817122
1.0,0.03320338384959736,-3.747557e-06,-3.747557e-06,-5.551117e-05,-5.551117e-05,-0.48797226,-0.4879754,0.9758353,3.122673,0.29565483392917696
1.0,0.033213383849597364,-0.0001185752,-0.0001185752,5.49875e-05,5.49875e-05,-0.4878747,-0.48787156,0.9758354,3.1226733,0.2956853060790259
1.0,0.03322338384959736,-3.775062e-06,-3.775062e-06,-5.5517306e-05,-5.5517306e-05,-0.48797226,-0.4879754,0.9758353,3.122673,0.29571577822649064
1.0,0.03323338384959736,-0.0001185477,-0.0001185477,5.4993634e-05,5.4993634e-05,-0.4878747,-0.48787156,0.9758354,3.122673,0.2957462503739554
1.0,0.03324338384959736,-3.8025232e-06,-3.8025232e-06,-5.552344e-05,-5.552344e-05,-0.48797226,-0.48797542,0.9758353,3.1226733,0.2957767225238043
1.0,0.03325338384959736,-0.00011852025,-0.00011852025,5.4999764e-05,5.4999764e-05,-0.4878747,-0.48787153,0.9758354,3.122673,0.2958071946712691
1.0,0.033263383849597365,-3.8299413e-06,-3.8299413e-06,-5.5529566e-05,-5.5529566e-05,-0.48797226,-0.48797542,0.9758353,3.1226733,0.295837666821118
1.0,0.03327338384959736,-0.00011849284,-0.00011849284,5.5005887e-05,5.5005887e-05,-0.4878747,-0.48787153,0.9758354,3.1226733,0.2958681389709669
1.0,0.033283383849597364,-3.8573157e-06,-3.8573157e-06,-5.5535686e-05,-5.5535686e-05,-0.48797226,-0.48797542,0.9758354,3.1226728,0.2958986111160475
1.0,0.03329338384959736,-0.000118465476,-0.000118465476,5.5012006e-05,5.5012006e-05,-0.4878747,-0.48787153,0.9758354,3.1226733,0.2959290832658964
1.0,0.033303383849597364,-3.884647e-06,-3.884647e-06,-5.5541805e-05,-5.5541805e-05,-0.48797226,-0.48797542,0.9758354,3.122673,0.29595955541336116
1.0,0.03331338384959736,-0.000118438154,-0.000118438154,5.501812e-05,5.501812e-05,-0.4878747,-0.48787153,0.9758354,3.122673,0.29599002756082593
1.0,0.03332338384959736,-3.911936e-06,-3.911936e-06,-5.5547916e-05,-5.5547916e-05,-0.4879723,-0.48797542,0.9758354,3.122673,0.2960204997082907
1.0,0.033333383849597366,-0.00011841087,-0.00011841087,5.502423e-05,5.502423e-05,-0.48787466,-0.48787153,0.9758354,3.122673,0.29605097185575546
1.0,0.03334338384959736,-3.9391816e-06,-3.9391816e-06,-5.555402e-05,-5.555402e-05,-0.4879723,-0.48797542,0.9758354,3.1226733,0.2960814440056044
1.0,0.033353383849597365,-0.000118383636,-0.000118383636,5.503033e-05,5.503033e-05,-0.48787466,-0.48787153,0.9758354,3.1226733,0.2961119161554533
1.0,0.03336338384959736,-3.966385e-06,-3.966385e-06,-5.5560122e-05,-5.5560122e-05,-0.4879723,-0.48797545,0.9758354,3.1226733,0.2961423883053022
1.0,0.033373383849597364,-0.000118356445,-0.000118356445,5.5036428e-05,5.5036428e-05,-0.48787466,-0.4878715,0.9758354,3.1226733,0.2961728604551511
1.0,0.03338338384959736,-3.993546e-06,-3.993546e-06,-5.5566215e-05,-5.5566215e-05,-0.4879723,-0.48797545,0.9758354,3.1226733,0.29620333260500004
1.0,0.03339338384959736,-0.00011832929,-0.00011832929,5.5042517e-05,5.5042517e-05,-0.48787466,-0.4878715,0.9758354,3.1226733,0.29623380475484895
1.0,0.03340338384959736,-4.020665e-06,-4.020665e-06,-5.5572305e-05,-5.5572305e-05,-0.4879723,-0.48797545,0.9758354,3.122673,0.2962642769023137
1.0,0.03341338384959736,-0.00011830218,-0.00011830218,5.5048604e-05,5.5048604e-05,-0.48787466,-0.4878715,0.9758354,3.122673,0.2962947490497785
1.0,0.033423383849597366,-4.0477426e-06,-4.0477426e-06,-5.5578388e-05,-5.5578388e-05,-0.4879723,-0.48797545,0.9758354,3.122673,0.29632522119724325
1.0,0.03343338384959736,-0.00011827512,-0.00011827512,5.5054687e-05,5.5054687e-05,-0.48787466,-0.4878715,0.9758354,3.1226733,0.29635569334709216
1.0,0.033443383849597365,-4.0747777e-06,-4.0747777e-06,-5.5584467e-05,-5.5584467e-05,-0.48797232,-0.48797545,0.9758354,3.1226733,0.2963861654969411
1.0,0.03345338384959736,-0.00011824809,-0.00011824809,5.5060762e-05,5.5060762e-05,-0.48787463,-0.4878715,0.9758354,3.1226733,0.29641663764679
1.0,0.033463383849597364,-4.1017715e-06,-4.1017715e-06,-5.559054e-05,-5.559054e-05,-0.48797232,-0.48797545,0.9758354,3.1226733,0.2964471097966389
1.0,0.03347338384959736,-0.00011822111,-0.00011822111,5.506683e-05,5.506683e-05,-0.48787463,-0.4878715,0.9758354,3.122673,0.2964775819441037
1.0,0.03348338384959736,-4.128724e-06,-4.128724e-06,-5.5596607e-05,-5.5596607e-05,-0.48797232,-0.48797545,0.9758354,3.122673,0.29650805409156844
1.0,0.03349338384959736,-0.00011819417,-0.00011819417,5.5072895e-05,5.5072895e-05,-0.48787463,-0.48787147,0.9758354,3.122673,0.2965385262390332
1.0,0.03350338384959736,-4.155635e-06,-4.155635e-06,-5.5602668e-05,-5.5602668e-05,-0.48797232,-0.48797548,0.9758354,3.122673,0.296568998386498
1.0,0.033513383849597365,-0.00011816727,-0.00011816727,5.5078952e-05,5.5078952e-05,-0.48787463,-0.48787147,0.9758354,3.1226733,0.2965994705363469
1.0,0.03352338384959736,-4.1825056e-06,-4.1825056e-06,-5.560872e-05,-5.560872e-05,-0.48797232,-0.48797548,0.9758354,3.122673,0.29662994268381165
1.0,0.033533383849597365,-0.000118140415,-0.000118140415,5.5085005e-05,5.5085005e-05,-0.48787463,-0.48787147,0.9758354,3.1226733,0.29666041483366057
1.0,0.03354338384959736,-4.2093347e-06,-4.2093347e-06,-5.561477e-05,-5.561477e-05,-0.48797232,-0.48797548,0.9758354,3.1226733,0.2966908869835095
1.0,0.033553383849597364,-0.000118113596,-0.000118113596,5.509105e-05,5.509105e-05,-0.4878746,-0.48787147,0.9758354,3.122673,0.29672135913097425
1.0,0.03356338384959736,-4.236124e-06,-4.236124e-06,-5.5620818e-05,-5.5620818e-05,-0.48797232,-0.48797548,0.9758354,3.1226728,0.2967518312760548
1.0,0.03357338384959736,-0.00011808682,-0.00011808682,5.509709e-05,5.509709e-05,-0.4878746,-0.48787147,0.9758354,3.1226735,0.29678230342828793
1.0,0.03358338384959736,-4.262872e-06,-4.262872e-06,-5.5626857e-05,-5.5626857e-05,-0.48797235,-0.48797548,0.9758354,3.122673,0.2968127755757527
1.0,0.03359338384959736,-0.00011806008,-0.00011806008,5.5103126e-05,5.5103126e-05,-0.4878746,-0.48787147,0.9758354,3.1226733,0.29684324772560167
1.0,0.033603383849597365,-4.2895804e-06,-4.2895804e-06,-5.563289e-05,-5.563289e-05,-0.48797235,-0.48797548,0.9758354,3.122673,0.29687371987306643
1.0,0.03361338384959736,-0.000118033386,-0.000118033386,5.5109158e-05,5.5109158e-05,-0.4878746,-0.48787144,0.9758354,3.122673,0.2969041920205312
1.0,0.033623383849597364,-4.316248e-06,-4.316248e-06,-5.5638917e-05,-5.5638917e-05,-0.48797235,-0.4879755,0.9758354,3.1226733,0.2969346641703801
1.0,0.03363338384959736,-0.00011800673,-0.00011800673,5.5115182e-05,5.5115182e-05,-0.4878746,-0.48787144,0.9758354,3.122673,0.2969651363178449
1.0,0.033643383849597364,-4.3428763e-06,-4.3428763e-06,-5.5644938e-05,-5.5644938e-05,-0.48797235,-0.4879755,0.9758354,3.122673,0.29699560846530965
1.0,0.03365338384959736,-0.00011798011,-0.00011798011,5.51212e-05,5.51212e-05,-0.4878746,-0.48787144,0.9758354,3.1226733,0.29702608061515856
1.0,0.03366338384959736,-4.3694645e-06,-4.3694645e-06,-5.5650955e-05,-5.5650955e-05,-0.48797235,-0.4879755,0.9758354,3.122673,0.2970565527626233
1.0,0.033673383849597366,-0.00011795354,-0.00011795354,5.5127213e-05,5.5127213e-05,-0.48787457,-0.48787144,0.9758354,3.1226733,0.29708702491247224
1.0,0.03368338384959736,-4.396013e-06,-4.396013e-06,-5.5656965e-05,-5.5656965e-05,-0.48797235,-0.4879755,0.9758354,3.1226733,0.29711749706232116
1.0,0.033693383849597365,-0.000117927004,-0.000117927004,5.513322e-05,5.513322e-05,-0.48787457,-0.48787144,0.9758354,3.122673,0.2971479692097859
1.0,0.03370338384959736,-4.4225226e-06,-4.4225226e-06,-5.5662967e-05,-5.5662967e-05,-0.48797238,-0.4879755,0.9758354,3.1226733,0.29717844135963484
1.0,0.033713383849597364,-0.000117900505,-0.000117900505,5.5139222e-05,5.5139222e-05,-0.48787457,-0.48787144,0.9758354,3.1226733,0.29720891350948375
1.0,0.03372338384959736,-4.448993e-06,-4.448993e-06,-5.5668967e-05,-5.5668967e-05,-0.48797238,-0.4879755,0.9758354,3.122673,0.2972393856569485
1.0,0.03373338384959736,-0.00011787405,-0.00011787405,5.5145218e-05,5.5145218e-05,-0.48787457,-0.4878714,0.9758354,3.1226733,0.29726985780679743
1.0,0.03374338384959736,-4.475424e-06,-4.475424e-06,-5.567496e-05,-5.567496e-05,-0.48797238,-0.4879755,0.9758354,3.122673,0.2973003299542622
1.0,0.03375338384959736,-0.00011784763,-0.00011784763,5.5151206e-05,5.5151206e-05,-0.48787457,-0.4878714,0.9758354,3.122673,0.29733080210172697
1.0,0.033763383849597366,-4.501816e-06,-4.501816e-06,-5.5680946e-05,-5.5680946e-05,-0.48797238,-0.48797554,0.9758354,3.1226733,0.2973612742515759
1.0,0.03377338384959736,-0.00011782125,-0.00011782125,5.515719e-05,5.515719e-05,-0.48787457,-0.4878714,0.9758354,3.1226733,0.2973917464014248
1.0,0.033783383849597365,-4.5281695e-06,-4.5281695e-06,-5.5686927e-05,-5.5686927e-05,-0.48797238,-0.48797554,0.9758354,3.122673,0.29742221854888956
1.0,0.03379338384959736,-0.00011779491,-0.00011779491,5.5163167e-05,5.5163167e-05,-0.48787454,-0.4878714,0.9758354,3.1226733,0.2974526906987385
1.0,0.033803383849597364,-4.554485e-06,-4.554485e-06,-5.5692904e-05,-5.5692904e-05,-0.48797238,-0.48797554,0.9758354,3.122673,0.29748316284620324
1.0,0.03381338384959736,-0.000117768606,-0.000117768606,5.516914e-05,5.516914e-05,-0.48787454,-0.4878714,0.9758354,3.122673,0.297513634993668
1.0,0.03382338384959736,-4.580761e-06,-4.580761e-06,-5.5698874e-05,-5.5698874e-05,-0.48797238,-0.48797554,0.9758354,3.1226733,0.2975441071435169
1.0,0.03383338384959736,-0.00011774235,-0.00011774235,5.5175107e-05,5.5175107e-05,-0.48787454,-0.4878714,0.9758354,3.1226733,0.29757457929336584
1.0,0.03384338384959736,-4.6069995e-06,-4.6069995e-06,-5.5704837e-05,-5.5704837e-05,-0.4879724,-0.48797554,0.9758354,3.1226733,0.2976050514432148
1.0,0.033853383849597365,-0.00011771612,-0.00011771612,5.5181066e-05,5.5181066e-05,-0.48787454,-0.48787138,0.9758354,3.1226733,0.2976355235930637
1.0,0.03386338384959736,-4.6331998e-06,-4.6331998e-06,-5.5710796e-05,-5.5710796e-05,-0.4879724,-0.48797554,0.9758354,3.122673,0.2976659957405285
1.0,0.033873383849597365,-0.00011768993,-0.00011768993,5.518702e-05,5.518702e-05,-0.48787454,-0.48787138,0.9758354,3.122673,0.29769646788799325
1.0,0.03388338384959736,-4.6593623e-06,-4.6593623e-06,-5.5716748e-05,-5.5716748e-05,-0.4879724,-0.48797557,0.9758354,3.1226733,0.29772694003784217
1.0,0.033893383849597364,-0.00011766379,-0.00011766379,5.5192973e-05,5.5192973e-05,-0.48787454,-0.48787138,0.9758354,3.1226733,0.2977574121876911
1.0,0.03390338384959736,-4.685487e-06,-4.685487e-06,-5.5722692e-05,-5.5722692e-05,-0.4879724,-0.48797557,0.9758354,3.1226733,0.29778788433754
1.0,0.03391338384959736,-0.000117637675,-0.000117637675,5.5198914e-05,5.5198914e-05,-0.4878745,-0.48787138,0.9758354,3.1226733,0.2978183564873889
1.0,0.03392338384959736,-4.7115745e-06,-4.7115745e-06,-5.5728633e-05,-5.5728633e-05,-0.4879724,-0.48797557,0.9758354,3.122673,0.2978488286348537
1.0,0.03393338384959736,-0.0001176116,-0.0001176116,5.520485e-05,5.520485e-05,-0.4878745,-0.48787138,0.9758354,3.122673,0.29787930078231845
1.0,0.033943383849597365,-4.7376243e-06,-4.7376243e-06,-5.573457e-05,-5.573457e-05,-0.4879724,-0.48797557,0.9758354,3.1226733,0.29790977293216736
1.0,0.03395338384959736,-0.000117585565,-0.000117585565,5.5210785e-05,5.5210785e-05,-0.4878745,-0.48787138,0.9758354,3.1226733,0.2979402450820163
1.0,0.033963383849597364,-4.7636368e-06,-4.7636368e-06,-5.5740496e-05,-5.5740496e-05,-0.48797244,-0.48797557,0.9758354,3.1226733,0.2979707172318652
1.0,0.03397338384959736,-0.00011755957,-0.00011755957,5.5216708e-05,5.5216708e-05,-0.4878745,-0.48787135,0.9758354,3.122673,0.29800118937932996
1.0,0.033983383849597364,-4.7896124e-06,-4.7896124e-06,-5.574642e-05,-5.574642e-05,-0.48797244,-0.48797557,0.9758354,3.122673,0.2980316615267947
1.0,0.03399338384959736,-0.00011753361,-0.00011753361,5.5222627e-05,5.5222627e-05,-0.4878745,-0.48787135,0.9758354,3.1226735,0.29806213367902784
1.0,0.03400338384959736,-4.8155507e-06,-4.8155507e-06,-5.5752338e-05,-5.5752338e-05,-0.48797244,-0.48797557,0.9758354,3.1226733,0.2980926058288768
1.0,0.034013383849597366,-0.000117507676,-0.000117507676,5.5228542e-05,5.5228542e-05,-0.4878745,-0.48787135,0.9758354,3.1226733,0.2981230779787257
1.0,0.03402338384959736,-4.8414527e-06,-4.8414527e-06,-5.5758246e-05,-5.5758246e-05,-0.48797244,-0.4879756,0.9758354,3.1226733,0.29815355012857464
1.0,0.034033383849597365,-0.00011748179,-0.00011748179,5.523445e-05,5.523445e-05,-0.4878745,-0.48787135,0.9758354,3.122673,0.2981840222760394
1.0,0.03404338384959736,-4.867318e-06,-4.867318e-06,-5.5764154e-05,-5.5764154e-05,-0.48797244,-0.4879756,0.9758354,3.122673,0.2982144944235042
1.0,0.034053383849597364,-0.00011745594,-0.00011745594,5.524035e-05,5.524035e-05,-0.48787448,-0.48787135,0.9758354,3.1226733,0.2982449665733531
1.0,0.03406338384959736,-4.8931465e-06,-4.8931465e-06,-5.577005e-05,-5.577005e-05,-0.48797244,-0.4879756,0.9758354,3.1226733,0.298275438723202
1.0,0.03407338384959736,-0.00011743013,-0.00011743013,5.5246248e-05,5.5246248e-05,-0.48787448,-0.48787135,0.9758354,3.1226733,0.2983059108730509
1.0,0.03408338384959736,-4.9189393e-06,-4.9189393e-06,-5.5775945e-05,-5.5775945e-05,-0.48797244,-0.4879756,0.9758354,3.122673,0.2983363830205157
1.0,0.03409338384959736,-0.00011740435,-0.00011740435,5.5252138e-05,5.5252138e-05,-0.48787448,-0.48787132,0.9758354,3.1226735,0.2983668551727488
1.0,0.034103383849597366,-4.944696e-06,-4.944696e-06,-5.578183e-05,-5.578183e-05,-0.48797247,-0.4879756,0.9758354,3.122673,0.29839732732021357
1.0,0.03411338384959736,-0.00011737861,-0.00011737861,5.525802e-05,5.525802e-05,-0.48787448,-0.48787132,0.9758354,3.1226733,0.2984277994700625
1.0,0.034123383849597365,-4.970416e-06,-4.970416e-06,-5.5787714e-05,-5.5787714e-05,-0.48797247,-0.4879756,0.9758354,3.1226733,0.2984582716199114
1.0,0.03413338384959736,-0.0001173529,-0.0001173529,5.52639e-05,5.52639e-05,-0.48787448,-0.48787132,0.9758354,3.122673,0.29848874376737616
1.0,0.034143383849597364,-4.9961004e-06,-4.9961004e-06,-5.579359e-05,-5.579359e-05,-0.48797247,-0.48797563,0.9758354,3.122673,0.29851921591484093
1.0,0.03415338384959736,-0.000117327225,-0.000117327225,5.526977e-05,5.526977e-05,-0.48787448,-0.48787132,0.9758354,3.1226733,0.29854968806468984
1.0,0.03416338384959736,-5.0217495e-06,-5.0217495e-06,-5.5799457e-05,-5.5799457e-05,-0.48797247,-0.48797563,0.9758354,3.1226733,0.29858016021453876
1.0,0.03417338384959736,-0.00011730159,-0.00011730159,5.527564e-05,5.527564e-05,-0.48787445,-0.48787132,0.9758354,3.1226733,0.2986106323643877
1.0,0.03418338384959736,-5.0473627e-06,-5.0473627e-06,-5.580532e-05,-5.580532e-05,-0.48797247,-0.48797563,0.9758354,3.1226733,0.29864110451423664
1.0,0.034193383849597365,-0.000117275995,-0.000117275995,5.52815e-05,5.52815e-05,-0.48787445,-0.48787132,0.9758354,3.1226735,0.29867157666646976
1.0,0.03420338384959736,-5.072941e-06,-5.072941e-06,-5.581118e-05,-5.581118e-05,-0.48797247,-0.48797563,0.9758354,3.122673,0.29870204881393453
1.0,0.034213383849597365,-0.00011725043,-0.00011725043,5.5287353e-05,5.5287353e-05,-0.48787445,-0.4878713,0.9758354,3.1226733,0.29873252096378344
1.0,0.03422338384959736,-5.0984836e-06,-5.0984836e-06,-5.5817032e-05,-5.5817032e-05,-0.4879725,-0.48797563,0.9758354,3.1226733,0.29876299311363236
1.0,0.034233383849597364,-0.0001172249,-0.0001172249,5.52932e-05,5.52932e-05,-0.48787445,-0.4878713,0.9758354,3.122673,0.2987934652610971
1.0,0.03424338384959736,-5.1239913e-06,-5.1239913e-06,-5.5822875e-05,-5.5822875e-05,-0.4879725,-0.48797563,0.9758354,3.122673,0.2988239374085619
1.0,0.03425338384959736,-0.00011719941,-0.00011719941,5.5299042e-05,5.5299042e-05,-0.48787445,-0.4878713,0.9758354,3.1226733,0.2988544095584108
1.0,0.03426338384959736,-5.149464e-06,-5.149464e-06,-5.5828717e-05,-5.5828717e-05,-0.4879725,-0.48797563,0.9758354,3.1226733,0.2988848817082597
1.0,0.03427338384959736,-0.00011717395,-0.00011717395,5.530488e-05,5.530488e-05,-0.48787445,-0.4878713,0.9758354,3.122673,0.2989153538557245
1.0,0.034283383849597365,-5.174902e-06,-5.174902e-06,-5.583455e-05,-5.583455e-05,-0.4879725,-0.48797566,0.9758354,3.1226733,0.2989458260055734
1.0,0.03429338384959736,-0.00011714853,-0.00011714853,5.531071e-05,5.531071e-05,-0.48787442,-0.4878713,0.9758354,3.1226735,0.2989762981578065
1.0,0.034303383849597364,-5.2003056e-06,-5.2003056e-06,-5.5840377e-05,-5.5840377e-05,-0.4879725,-0.48797566,0.9758354,3.122673,0.2990067703052713
1.0,0.03431338384959736,-0.000117123134,-0.000117123134,5.5316534e-05,5.5316534e-05,-0.48787442,-0.4878713,0.9758354,3.1226733,0.2990372424551202
1.0,0.034323383849597364,-5.225674e-06,-5.225674e-06,-5.5846198e-05,-5.5846198e-05,-0.4879725,-0.48797566,0.9758354,3.1226733,0.2990677146049691
1.0,0.03433338384959736,-0.000117097785,-0.000117097785,5.5322354e-05,5.5322354e-05,-0.48787442,-0.48787126,0.9758354,3.122673,0.2990981867524339
1.0,0.03434338384959736,-5.251009e-06,-5.251009e-06,-5.5852015e-05,-5.5852015e-05,-0.4879725,-0.48797566,0.9758354,3.122673,0.29912865889989865
1.0,0.03435338384959736,-0.000117072464,-0.000117072464,5.5328164e-05,5.5328164e-05,-0.48787442,-0.48787126,0.9758354,3.1226733,0.29915913104974756
1.0,0.03436338384959736,-5.2763094e-06,-5.2763094e-06,-5.5857825e-05,-5.5857825e-05,-0.48797253,-0.48797566,0.9758354,3.1226733,0.29918960319959653
1.0,0.034373383849597365,-0.00011704717,-0.00011704717,5.533397e-05,5.533397e-05,-0.48787442,-0.48787126,0.9758354,3.122673,0.2992200753470613
1.0,0.03438338384959736,-5.3015756e-06,-5.3015756e-06,-5.5863627e-05,-5.5863627e-05,-0.48797253,-0.48797566,0.9758354,3.122673,0.29925054749452606
1.0,0.034393383849597364,-0.000117021926,-0.000117021926,5.5339773e-05,5.5339773e-05,-0.48787442,-0.48787126,0.9758354,3.1226733,0.299281019644375
1.0,0.03440338384959736,-5.3268077e-06,-5.3268077e-06,-5.5869426e-05,-5.5869426e-05,-0.48797253,-0.48797566,0.9758354,3.122673,0.29931149179183975
1.0,0.03441338384959736,-0.00011699671,-0.00011699671,5.534557e-05,5.534557e-05,-0.4878744,-0.48787126,0.9758354,3.122673,0.2993419639393045
1.0,0.03442338384959736,-5.352006e-06,-5.352006e-06,-5.5875218e-05,-5.5875218e-05,-0.48797253,-0.4879757,0.9758354,3.1226733,0.2993724360891534
1.0,0.03443338384959736,-0.00011697152,-0.00011697152,5.5351356e-05,5.5351356e-05,-0.4878744,-0.48787126,0.9758354,3.1226733,0.2994029082390024
1.0,0.034443383849597366,-5.377171e-06,-5.377171e-06,-5.5881002e-05,-5.5881002e-05,-0.48797253,-0.4879757,0.9758354,3.122673,0.29943338038646716
1.0,0.03445338384959736,-0.00011694637,-0.00011694637,5.5357137e-05,5.5357137e-05,-0.4878744,-0.48787126,0.9758354,3.122673,0.29946385253393193
1.0,0.034463383849597365,-5.4023026e-06,-5.4023026e-06,-5.5886783e-05,-5.5886783e-05,-0.48797253,-0.4879757,0.9758354,3.1226733,0.29949432468378084
1.0,0.03447338384959736,-0.000116921256,-0.000116921256,5.5362914e-05,5.5362914e-05,-0.4878744,-0.48787123,0.9758354,3.1226735,0.29952479683601396
1.0,0.034483383849597364,-5.4274005e-06,-5.4274005e-06,-5.5892557e-05,-5.5892557e-05,-0.48797253,-0.4879757,0.9758354,3.122673,0.29955526898347873
1.0,0.03449338384959736,-0.00011689617,-0.00011689617,5.5368684e-05,5.5368684e-05,-0.4878744,-0.48787123,0.9758354,3.1226733,0.29958574113332764
1.0,0.03450338384959736,-5.4524653e-06,-5.4524653e-06,-5.5898327e-05,-5.5898327e-05,-0.48797256,-0.4879757,0.9758354,3.1226733,0.29961621328317656
1.0,0.03451338384959736,-0.00011687112,-0.00011687112,5.537445e-05,5.537445e-05,-0.4878744,-0.48787123,0.9758354,3.1226735,0.2996466854354097
1.0,0.03452338384959736,-5.477497e-06,-5.477497e-06,-5.5904085e-05,-5.5904085e-05,-0.48797256,-0.4879757,0.9758354,3.122673,0.29967715758287444
1.0,0.034533383849597366,-0.0001168461,-0.0001168461,5.538021e-05,5.538021e-05,-0.4878744,-0.48787123,0.9758354,3.1226733,0.29970762973272336
1.0,0.03454338384959736,-5.5024957e-06,-5.5024957e-06,-5.590984e-05,-5.590984e-05,-0.48797256,-0.48797572,0.9758354,3.1226733,0.29973810188257227
1.0,0.034553383849597365,-0.00011682112,-0.00011682112,5.538596e-05,5.538596e-05,-0.48787436,-0.48787123,0.9758354,3.1226735,0.2997685740348054
1.0,0.03456338384959736,-5.5274613e-06,-5.5274613e-06,-5.5915592e-05,-5.5915592e-05,-0.48797256,-0.48797572,0.9758354,3.122673,0.29979904618227016
1.0,0.034573383849597364,-0.00011679617,-0.00011679617,5.539171e-05,5.539171e-05,-0.48787436,-0.48787123,0.9758354,3.1226733,0.29982951833211907
1.0,0.03458338384959736,-5.5523947e-06,-5.5523947e-06,-5.5921337e-05,-5.5921337e-05,-0.48797256,-0.48797572,0.9758354,3.122673,0.29985999047958384
1.0,0.03459338384959736,-0.00011677125,-0.00011677125,5.539745e-05,5.539745e-05,-0.48787436,-0.4878712,0.9758354,3.122673,0.2998904626270486
1.0,0.03460338384959736,-5.5772953e-06,-5.5772953e-06,-5.5927074e-05,-5.5927074e-05,-0.48797256,-0.48797572,0.9758354,3.1226733,0.2999209347768975
1.0,0.03461338384959736,-0.00011674636,-0.00011674636,5.5403183e-05,5.5403183e-05,-0.48787436,-0.4878712,0.9758354,3.1226733,0.2999514069267465
1.0,0.034623383849597365,-5.6021636e-06,-5.6021636e-06,-5.5932804e-05,-5.5932804e-05,-0.4879726,-0.48797572,0.9758354,3.122673,0.29998187907421126
1.0,0.03463338384959736,-0.00011672151,-0.00011672151,5.5408913e-05,5.5408913e-05,-0.48787436,-0.4878712,0.9758354,3.122673,0.300012351221676
1.0,0.034643383849597364,-5.6269996e-06,-5.6269996e-06,-5.593853e-05,-5.593853e-05,-0.4879726,-0.48797572,0.9758354,3.1226733,0.30004282337152494
1.0,0.03465338384959736,-0.00011669668,-0.00011669668,5.5414635e-05,5.5414635e-05,-0.48787436,-0.4878712,0.9758354,3.1226733,0.30007329552137385
1.0,0.034663383849597364,-5.6518033e-06,-5.6518033e-06,-5.5944252e-05,-5.5944252e-05,-0.4879726,-0.48797572,0.9758354,3.122673,0.3001037676688386
1.0,0.03467338384959736,-0.000116671894,-0.000116671894,5.542035e-05,5.542035e-05,-0.48787433,-0.4878712,0.9758354,3.122673,0.3001342398163034
1.0,0.03468338384959736,-5.676575e-06,-5.676575e-06,-5.5949964e-05,-5.5949964e-05,-0.4879726,-0.48797575,0.9758354,3.1226733,0.3001647119661523
1.0,0.03469338384959736,-0.000116647134,-0.000116647134,5.5426062e-05,5.5426062e-05,-0.48787433,-0.4878712,0.9758354,3.1226733,0.3001951841160012
1.0,0.03470338384959736,-5.701315e-06,-5.701315e-06,-5.5955672e-05,-5.5955672e-05,-0.4879726,-0.48797575,0.9758354,3.122673,0.300225656263466
1.0,0.034713383849597365,-0.00011662241,-0.00011662241,5.5431767e-05,5.5431767e-05,-0.48787433,-0.48787117,0.9758354,3.122673,0.30025612841093074
1.0,0.03472338384959736,-5.7260227e-06,-5.7260227e-06,-5.5961373e-05,-5.5961373e-05,-0.4879726,-0.48797575,0.9758354,3.1226733,0.30028660056077966
1.0,0.034733383849597364,-0.000116597716,-0.000116597716,5.5437464e-05,5.5437464e-05,-0.48787433,-0.48787117,0.9758354,3.1226733,0.3003170727106286
1.0,0.03474338384959736,-5.750699e-06,-5.750699e-06,-5.596707e-05,-5.596707e-05,-0.4879726,-0.48797575,0.9758354,3.122673,0.30034754485809334
1.0,0.034753383849597363,-0.00011657306,-0.00011657306,5.5443157e-05,5.5443157e-05,-0.48787433,-0.48787117,0.9758354,3.122673,0.3003780170055581
1.0,0.03476338384959736,-5.775344e-06,-5.775344e-06,-5.597276e-05,-5.597276e-05,-0.48797262,-0.48797575,0.9758354,3.1226733,0.300408489155407
1.0,0.03477338384959736,-0.00011654843,-0.00011654843,5.5448843e-05,5.5448843e-05,-0.48787433,-0.48787117,0.9758354,3.1226733,0.300438961305256
1.0,0.034783383849597366,-5.7999573e-06,-5.7999573e-06,-5.5978442e-05,-5.5978442e-05,-0.48797262,-0.48797575,0.9758354,3.122673,0.30046943345272076
1.0,0.03479338384959736,-0.00011652383,-0.00011652383,5.5454522e-05,5.5454522e-05,-0.4878743,-0.48787117,0.9758354,3.122673,0.3004999056001855
1.0,0.034803383849597365,-5.8245396e-06,-5.8245396e-06,-5.598412e-05,-5.598412e-05,-0.48797262,-0.48797578,0.9758354,3.1226733,0.30053037775003444
1.0,0.03481338384959736,-0.00011649926,-0.00011649926,5.5460197e-05,5.5460197e-05,-0.4878743,-0.48787117,0.9758354,3.1226733,0.30056084989988335
1.0,0.034823383849597364,-5.8490905e-06,-5.8490905e-06,-5.5989793e-05,-5.5989793e-05,-0.48797262,-0.48797578,0.9758354,3.122673,0.3005913220473481
1.0,0.03483338384959736,-0.00011647472,-0.00011647472,5.5465865e-05,5.5465865e-05,-0.4878743,-0.48787114,0.9758354,3.122673,0.3006217941948129
1.0,0.03484338384959736,-5.8736105e-06,-5.8736105e-06,-5.5995457e-05,-5.5995457e-05,-0.48797262,-0.48797578,0.9758354,3.1226733,0.3006522663446618
1.0,0.03485338384959736,-0.00011645022,-0.00011645022,5.547153e-05,5.547153e-05,-0.4878743,-0.48787114,0.9758354,3.1226733,0.3006827384945107
1.0,0.03486338384959736,-5.8981e-06,-5.8981e-06,-5.6001118e-05,-5.6001118e-05,-0.48797262,-0.48797578,0.9758354,3.122673,0.3007132106419755
1.0,0.034873383849597366,-0.00011642574,-0.00011642574,5.5477187e-05,5.5477187e-05,-0.4878743,-0.48787114,0.9758354,3.1226735,0.3007436827942086
1.0,0.03488338384959736,-5.922558e-06,-5.922558e-06,-5.600677e-05,-5.600677e-05,-0.48797262,-0.48797578,0.9758354,3.1226733,0.3007741549440575
1.0,0.034893383849597365,-0.000116401294,-0.000116401294,5.5482837e-05,5.5482837e-05,-0.4878743,-0.48787114,0.9758354,3.1226733,0.30080462709390643
1.0,0.03490338384959736,-5.9469858e-06,-5.9469858e-06,-5.6012417e-05,-5.6012417e-05,-0.48797265,-0.48797578,0.9758354,3.122673,0.3008350992413712
1.0,0.034913383849597364,-0.00011637688,-0.00011637688,5.548848e-05,5.548848e-05,-0.4878743,-0.48787114,0.9758354,3.1226735,0.3008655713936043
1.0,0.03492338384959736,-5.971383e-06,-5.971383e-06,-5.601806e-05,-5.601806e-05,-0.48797265,-0.48797578,0.9758354,3.1226733,0.30089604354345323
1.0,0.03493338384959736,-0.000116352494,-0.000116352494,5.5494118e-05,5.5494118e-05,-0.48787427,-0.48787114,0.9758354,3.1226733,0.30092651569330214
1.0,0.03494338384959736,-5.9957497e-06,-5.9957497e-06,-5.6023695e-05,-5.6023695e-05,-0.48797265,-0.4879758,0.9758354,3.122673,0.3009569878407669
1.0,0.03495338384959736,-0.00011632814,-0.00011632814,5.549975e-05,5.549975e-05,-0.48787427,-0.48787114,0.9758354,3.1226735,0.30098745999300003
1.0,0.034963383849597365,-6.0200864e-06,-6.0200864e-06,-5.6029323e-05,-5.6029323e-05,-0.48797265,-0.4879758,0.9758354,3.1226733,0.30101793214284894
1.0,0.03497338384959736,-0.000116303825,-0.000116303825,5.5505378e-05,5.5505378e-05,-0.48787427,-0.4878711,0.9758354,3.122673,0.3010484042903137
1.0,0.034983383849597365,-6.0443926e-06,-6.0443926e-06,-5.6034947e-05,-5.6034947e-05,-0.48797265,-0.4879758,0.9758354,3.122673,0.3010788764377785
1.0,0.03499338384959736,-0.00011627953,-0.00011627953,5.5511e-05,5.5511e-05,-0.48787427,-0.4878711,0.9758354,3.1226733,0.3011093485876274
1.0,0.035003383849597364,-6.068669e-06,-6.068669e-06,-5.6040564e-05,-5.6040564e-05,-0.48797265,-0.4879758,0.9758354,3.1226733,0.3011398207374763
1.0,0.03501338384959736,-0.000116255265,-0.000116255265,5.551661e-05,5.551661e-05,-0.48787427,-0.4878711,0.9758354,3.122673,0.30117029288494107
1.0,0.03502338384959736,-6.092915e-06,-6.092915e-06,-5.6046174e-05,-5.6046174e-05,-0.48797268,-0.4879758,0.9758354,3.122673,0.30120076503240584
1.0,0.03503338384959736,-0.00011623104,-0.00011623104,5.5522218e-05,5.5522218e-05,-0.48787427,-0.4878711,0.9758354,3.1226733,0.30123123718225475
1.0,0.03504338384959736,-6.1171318e-06,-6.1171318e-06,-5.605178e-05,-5.605178e-05,-0.48797268,-0.4879758,0.9758354,3.122673,0.3012617093297195
1.0,0.035053383849597365,-0.00011620683,-0.00011620683,5.552782e-05,5.552782e-05,-0.48787424,-0.4878711,0.9758354,3.122673,0.3012921814771843
1.0,0.03506338384959736,-6.1413184e-06,-6.1413184e-06,-5.605738e-05,-5.605738e-05,-0.48797268,-0.48797584,0.9758354,3.1226733,0.3013226536270332
1.0,0.035073383849597364,-0.00011618266,-0.00011618266,5.553342e-05,5.553342e-05,-0.48787424,-0.4878711,0.9758354,3.1226733,0.3013531257768821
1.0,0.03508338384959736,-6.1654755e-06,-6.1654755e-06,-5.6062974e-05,-5.6062974e-05,-0.48797268,-0.48797584,0.9758354,3.122673,0.3013835979243469
1.0,0.035093383849597364,-0.00011615852,-0.00011615852,5.5539007e-05,5.5539007e-05,-0.48787424,-0.48787108,0.9758354,3.122673,0.30141407007181165
1.0,0.03510338384959736,-6.1896035e-06,-6.1896035e-06,-5.606856e-05,-5.606856e-05,-0.48797268,-0.48797584,0.9758354,3.1226733,0.30144454222166056
1.0,0.03511338384959736,-0.000116134404,-0.000116134404,5.554459e-05,5.554459e-05,-0.48787424,-0.48787108,0.9758354,3.1226733,0.30147501437150953
1.0,0.035123383849597366,-6.2137015e-06,-6.2137015e-06,-5.6074143e-05,-5.6074143e-05,-0.48797268,-0.48797584,0.9758354,3.122673,0.3015054865189743
1.0,0.03513338384959736,-0.000116110314,-0.000116110314,5.555017e-05,5.555017e-05,-0.48787424,-0.48787108,0.9758354,3.1226735,0.3015359586712074
1.0,0.035143383849597365,-6.237771e-06,-6.237771e-06,-5.6079716e-05,-5.6079716e-05,-0.48797268,-0.48797584,0.9758354,3.1226733,0.30156643082105633
1.0,0.03515338384959736,-0.00011608626,-0.00011608626,5.555574e-05,5.555574e-05,-0.48787424,-0.48787108,0.9758354,3.1226733,0.30159690297090525
1.0,0.035163383849597364,-6.261811e-06,-6.261811e-06,-5.6085286e-05,-5.6085286e-05,-0.4879727,-0.48797584,0.9758354,3.122673,0.30162737511837
1.0,0.03517338384959736,-0.000116062234,-0.000116062234,5.5561308e-05,5.5561308e-05,-0.4878742,-0.48787108,0.9758354,3.1226733,0.3016578472682189
1.0,0.03518338384959736,-6.2858217e-06,-6.2858217e-06,-5.609085e-05,-5.609085e-05,-0.4879727,-0.48797584,0.9758354,3.1226733,0.30168831941806784
1.0,0.03519338384959736,-0.00011603824,-0.00011603824,5.5566867e-05,5.5566867e-05,-0.4878742,-0.48787108,0.9758354,3.122673,0.3017187915655326
1.0,0.03520338384959736,-6.3098037e-06,-6.3098037e-06,-5.6096407e-05,-5.6096407e-05,-0.4879727,-0.48797587,0.9758354,3.122673,0.3017492637129974
1.0,0.035213383849597366,-0.00011601427,-0.00011601427,5.5572422e-05,5.5572422e-05,-0.4878742,-0.48787105,0.9758354,3.1226733,0.3017797358628463
1.0,0.03522338384959736,-6.333757e-06,-6.333757e-06,-5.6101955e-05,-5.6101955e-05,-0.4879727,-0.48797587,0.9758354,3.1226733,0.3018102080126952
1.0,0.035233383849597365,-0.000115990326,-0.000115990326,5.557797e-05,5.557797e-05,-0.4878742,-0.48787105,0.9758354,3.122673,0.30184068016015997
1.0,0.03524338384959736,-6.3576817e-06,-6.3576817e-06,-5.6107503e-05,-5.6107503e-05,-0.4879727,-0.48797587,0.9758354,3.1226733,0.3018711523100089
1.0,0.035253383849597364,-0.00011596642,-0.00011596642,5.558351e-05,5.558351e-05,-0.4878742,-0.48787105,0.9758354,3.1226733,0.3019016244598578
1.0,0.03526338384959736,-6.381578e-06,-6.381578e-06,-5.611304e-05,-5.611304e-05,-0.4879727,-0.48797587,0.9758354,3.122673,0.30193209660732256
1.0,0.03527338384959736,-0.00011594254,-0.00011594254,5.5589047e-05,5.5589047e-05,-0.4878742,-0.48787105,0.9758354,3.1226735,0.3019625687595557
1.0,0.03528338384959736,-6.405445e-06,-6.405445e-06,-5.6118573e-05,-5.6118573e-05,-0.4879727,-0.48797587,0.9758354,3.1226733,0.3019930409094046
1.0,0.03529338384959736,-0.00011591868,-0.00011591868,5.5594577e-05,5.5594577e-05,-0.4878742,-0.48787105,0.9758354,3.1226733,0.30202351305925357
1.0,0.035303383849597365,-6.4292844e-06,-6.4292844e-06,-5.61241e-05,-5.61241e-05,-0.48797274,-0.48797587,0.9758354,3.122673,0.30205398520671833
1.0,0.03531338384959736,-0.00011589485,-0.00011589485,5.56001e-05,5.56001e-05,-0.48787418,-0.48787105,0.9758354,3.1226733,0.30208445735656725
1.0,0.035323383849597365,-6.4530955e-06,-6.4530955e-06,-5.6129622e-05,-5.6129622e-05,-0.48797274,-0.48797587,0.9758354,3.1226733,0.30211492950641616
1.0,0.03533338384959736,-0.00011587106,-0.00011587106,5.560562e-05,5.560562e-05,-0.48787418,-0.48787105,0.9758354,3.122673,0.30214540165388093
1.0,0.035343383849597364,-6.4768783e-06,-6.4768783e-06,-5.6135137e-05,-5.6135137e-05,-0.48797274,-0.4879759,0.9758354,3.122673,0.3021758738013457
1.0,0.03535338384959736,-0.00011584729,-0.00011584729,5.561113e-05,5.561113e-05,-0.48787418,-0.48787102,0.9758354,3.1226733,0.3022063459511946
1.0,0.03536338384959736,-6.500633e-06,-6.500633e-06,-5.6140645e-05,-5.6140645e-05,-0.48797274,-0.4879759,0.9758354,3.1226733,0.3022368181010435
1.0,0.03537338384959736,-0.00011582355,-0.00011582355,5.5616638e-05,5.5616638e-05,-0.48787418,-0.48787102,0.9758354,3.1226735,0.30226729025327664
1.0,0.03538338384959736,-6.52436e-06,-6.52436e-06,-5.614615e-05,-5.614615e-05,-0.48797274,-0.4879759,0.9758354,3.1226733,0.3022977624031256
1.0,0.035393383849597365,-0.000115799834,-0.000115799834,5.562214e-05,5.562214e-05,-0.48787418,-0.48787102,0.9758354,3.1226733,0.30232823455297453
1.0,0.03540338384959736,-6.548059e-06,-6.548059e-06,-5.6151646e-05,-5.6151646e-05,-0.48797274,-0.4879759,0.9758354,3.122673,0.3023587067004393
1.0,0.035413383849597364,-0.00011577614,-0.00011577614,5.562763e-05,5.562763e-05,-0.48787418,-0.48787102,0.9758354,3.1226733,0.3023891788502882
1.0,0.03542338384959736,-6.57173e-06,-6.57173e-06,-5.6157136e-05,-5.6157136e-05,-0.48797277,-0.4879759,0.9758354,3.1226733,0.3024196510001371
1.0,0.035433383849597364,-0.00011575249,-0.00011575249,5.5633118e-05,5.5633118e-05,-0.48787415,-0.48787102,0.9758354,3.122673,0.3024501231476019
1.0,0.03544338384959736,-6.5953736e-06,-6.5953736e-06,-5.6162622e-05,-5.6162622e-05,-0.48797277,-0.4879759,0.9758354,3.122673,0.30248059529506666
1.0,0.03545338384959736,-0.00011572886,-0.00011572886,5.56386e-05,5.56386e-05,-0.48787415,-0.48787102,0.9758354,3.1226733,0.3025110674449156
1.0,0.035463383849597366,-6.61899e-06,-6.61899e-06,-5.61681e-05,-5.61681e-05,-0.48797277,-0.48797593,0.9758354,3.1226733,0.30254153959476454
1.0,0.03547338384959736,-0.000115705254,-0.000115705254,5.5644075e-05,5.5644075e-05,-0.48787415,-0.487871,0.9758354,3.1226735,0.30257201174699766
1.0,0.035483383849597365,-6.6425787e-06,-6.6425787e-06,-5.6173572e-05,-5.6173572e-05,-0.48797277,-0.48797593,0.9758354,3.1226733,0.3026024838968466
1.0,0.03549338384959736,-0.00011568168,-0.00011568168,5.5649547e-05,5.5649547e-05,-0.48787415,-0.487871,0.9758354,3.1226733,0.3026329560466955
1.0,0.035503383849597364,-6.66614e-06,-6.66614e-06,-5.617904e-05,-5.617904e-05,-0.48797277,-0.48797593,0.9758354,3.122673,0.30266342819416026
1.0,0.03551338384959736,-0.00011565813,-0.00011565813,5.565501e-05,5.565501e-05,-0.48787415,-0.487871,0.9758354,3.1226733,0.30269390034400917
1.0,0.03552338384959736,-6.6896746e-06,-6.6896746e-06,-5.61845e-05,-5.61845e-05,-0.48797277,-0.48797593,0.9758354,3.1226733,0.3027243724938581
1.0,0.03553338384959736,-0.00011563461,-0.00011563461,5.566047e-05,5.566047e-05,-0.48787415,-0.487871,0.9758354,3.122673,0.30275484464132285
1.0,0.03554338384959736,-6.713182e-06,-6.713182e-06,-5.6189954e-05,-5.6189954e-05,-0.48797277,-0.48797593,0.9758354,3.122673,0.3027853167887876
1.0,0.035553383849597366,-0.00011561112,-0.00011561112,5.5665918e-05,5.5665918e-05,-0.48787415,-0.487871,0.9758354,3.1226733,0.30281578893863653
1.0,0.03556338384959736,-6.736662e-06,-6.736662e-06,-5.6195404e-05,-5.6195404e-05,-0.4879728,-0.48797593,0.9758354,3.1226733,0.30284626108848545
1.0,0.035573383849597365,-0.000115587645,-0.000115587645,5.5671364e-05,5.5671364e-05,-0.48787412,-0.487871,0.9758354,3.1226735,0.30287673324071857
1.0,0.03558338384959736,-6.760115e-06,-6.760115e-06,-5.6200846e-05,-5.6200846e-05,-0.4879728,-0.48797593,0.9758354,3.1226733,0.3029072053905675
1.0,0.035593383849597364,-0.00011556421,-0.00011556421,5.5676806e-05,5.5676806e-05,-0.48787412,-0.487871,0.9758354,3.122673,0.30293767753803225
1.0,0.03560338384959736,-6.7835417e-06,-6.7835417e-06,-5.6206285e-05,-5.6206285e-05,-0.4879728,-0.48797596,0.9758354,3.122673,0.302968149685497
1.0,0.03561338384959736,-0.000115540795,-0.000115540795,5.5682238e-05,5.5682238e-05,-0.48787412,-0.48787096,0.9758354,3.1226733,0.3029986218353459
1.0,0.03562338384959736,-6.806941e-06,-6.806941e-06,-5.6211717e-05,-5.6211717e-05,-0.4879728,-0.48797596,0.9758354,3.1226733,0.30302909398519484
1.0,0.03563338384959736,-0.0001155174,-0.0001155174,5.5687666e-05,5.5687666e-05,-0.48787412,-0.48787096,0.9758354,3.122673,0.3030595661326596
1.0,0.035643383849597365,-6.8303143e-06,-6.8303143e-06,-5.621714e-05,-5.621714e-05,-0.4879728,-0.48797596,0.9758354,3.122673,0.3030900382801244
1.0,0.03565338384959736,-0.00011549405,-0.00011549405,5.5693086e-05,5.5693086e-05,-0.48787412,-0.48787096,0.9758354,3.1226733,0.3031205104299733
1.0,0.035663383849597365,-6.853661e-06,-6.853661e-06,-5.6222558e-05,-5.6222558e-05,-0.4879728,-0.48797596,0.9758354,3.122673,0.30315098257743806
1.0,0.03567338384959736,-0.00011547071,-0.00011547071,5.5698503e-05,5.5698503e-05,-0.48787412,-0.48787096,0.9758354,3.1226733,0.30318145472728697
1.0,0.035683383849597364,-6.8769814e-06,-6.8769814e-06,-5.622797e-05,-5.622797e-05,-0.48797283,-0.48797596,0.9758354,3.1226733,0.3032119268771359
1.0,0.03569338384959736,-0.0001154474,-0.0001154474,5.5703913e-05,5.5703913e-05,-0.4878741,-0.48787096,0.9758354,3.122673,0.30324239902460065
1.0,0.03570338384959736,-6.9002754e-06,-6.9002754e-06,-5.6233377e-05,-5.6233377e-05,-0.48797283,-0.48797596,0.9758354,3.122673,0.3032728711720654
1.0,0.03571338384959736,-0.000115424125,-0.000115424125,5.570932e-05,5.570932e-05,-0.4878741,-0.48787096,0.9758354,3.1226733,0.30330334332191433
1.0,0.03572338384959736,-6.923543e-06,-6.923543e-06,-5.623878e-05,-5.623878e-05,-0.48797283,-0.48797598,0.9758354,3.1226733,0.3033338154717633
1.0,0.035733383849597365,-0.000115400864,-0.000115400864,5.5714714e-05,5.5714714e-05,-0.4878741,-0.48787093,0.9758354,3.1226735,0.3033642876239964
1.0,0.03574338384959736,-6.9467847e-06,-6.9467847e-06,-5.6244175e-05,-5.6244175e-05,-0.48797283,-0.48797598,0.9758354,3.1226733,0.30339475977384534
1.0,0.035753383849597364,-0.00011537764,-0.00011537764,5.5720106e-05,5.5720106e-05,-0.4878741,-0.48787093,0.9758354,3.122673,0.3034252319213101
1.0,0.03576338384959736,-6.97e-06,-6.97e-06,-5.6249562e-05,-5.6249562e-05,-0.48797283,-0.48797598,0.9758354,3.122673,0.30345570406877487
1.0,0.035773383849597364,-0.000115354436,-0.000115354436,5.5725493e-05,5.5725493e-05,-0.4878741,-0.48787093,0.9758354,3.1226733,0.3034861762186238
1.0,0.03578338384959736,-6.99319e-06,-6.99319e-06,-5.6254947e-05,-5.6254947e-05,-0.48797283,-0.48797598,0.9758354,3.1226733,0.3035166483684727
1.0,0.03579338384959736,-0.000115331255,-0.000115331255,5.5730874e-05,5.5730874e-05,-0.4878741,-0.48787093,0.9758354,3.1226735,0.3035471205207058
1.0,0.03580338384959736,-7.0163537e-06,-7.0163537e-06,-5.6260324e-05,-5.6260324e-05,-0.48797283,-0.48797598,0.9758354,3.122673,0.3035775926681706
1.0,0.03581338384959736,-0.00011530811,-0.00011530811,5.5736247e-05,5.5736247e-05,-0.4878741,-0.48787093,0.9758354,3.1226733,0.30360806481801955
1.0,0.035823383849597365,-7.0394917e-06,-7.0394917e-06,-5.6265693e-05,-5.6265693e-05,-0.48797286,-0.48797598,0.9758354,3.122673,0.3036385369654843
1.0,0.03583338384959736,-0.00011528498,-0.00011528498,5.5741613e-05,5.5741613e-05,-0.48787406,-0.48787093,0.9758354,3.1226733,0.30366900911533323
1.0,0.035843383849597364,-7.0626043e-06,-7.0626043e-06,-5.627106e-05,-5.627106e-05,-0.48797286,-0.48797598,0.9758354,3.1226733,0.30369948126518215
1.0,0.03585338384959736,-0.00011526188,-0.00011526188,5.5746976e-05,5.5746976e-05,-0.48787406,-0.4878709,0.9758354,3.122673,0.3037299534126469
1.0,0.03586338384959736,-7.085691e-06,-7.085691e-06,-5.6276418e-05,-5.6276418e-05,-0.48797286,-0.487976,0.9758354,3.122673,0.3037604255601117
1.0,0.03587338384959736,-0.00011523881,-0.00011523881,5.575233e-05,5.575233e-05,-0.48787406,-0.4878709,0.9758354,3.1226733,0.3037908977099606
1.0,0.03588338384959736,-7.1087525e-06,-7.1087525e-06,-5.628177e-05,-5.628177e-05,-0.48797286,-0.487976,0.9758354,3.1226735,0.3038213698621937
1.0,0.035893383849597366,-0.00011521576,-0.00011521576,5.5757682e-05,5.5757682e-05,-0.48787406,-0.4878709,0.9758354,3.1226733,0.30385184201204263
1.0,0.03590338384959736,-7.131788e-06,-7.131788e-06,-5.6287117e-05,-5.6287117e-05,-0.48797286,-0.487976,0.9758354,3.1226733,0.30388231416189154
1.0,0.035913383849597365,-0.000115192735,-0.000115192735,5.5763026e-05,5.5763026e-05,-0.48787406,-0.4878709,0.9758354,3.122673,0.3039127863093563
1.0,0.03592338384959736,-7.1547993e-06,-7.1547993e-06,-5.6292458e-05,-5.6292458e-05,-0.48797286,-0.487976,0.9758354,3.122673,0.3039432584568211
1.0,0.035933383849597364,-0.000115169736,-0.000115169736,5.5768363e-05,5.5768363e-05,-0.48787406,-0.4878709,0.9758354,3.1226733,0.30397373060667
1.0,0.03594338384959736,-7.1777845e-06,-7.1777845e-06,-5.6297795e-05,-5.6297795e-05,-0.48797286,-0.487976,0.9758354,3.1226733,0.3040042027565189
1.0,0.03595338384959736,-0.00011514676,-0.00011514676,5.5773697e-05,5.5773697e-05,-0.48787403,-0.4878709,0.9758354,3.1226733,0.3040346749063678
1.0,0.03596338384959736,-7.200745e-06,-7.200745e-06,-5.6303124e-05,-5.6303124e-05,-0.4879729,-0.487976,0.9758354,3.1226733,0.30406514705621673
1.0,0.03597338384959736,-0.00011512381,-0.00011512381,5.5779023e-05,5.5779023e-05,-0.48787403,-0.4878709,0.9758354,3.122673,0.3040956192036815
1.0,0.035983383849597365,-7.2236803e-06,-7.2236803e-06,-5.6308447e-05,-5.6308447e-05,-0.4879729,-0.48797604,0.9758354,3.122673,0.30412609135114627
1.0,0.03599338384959736,-0.00011510089,-0.00011510089,5.578434e-05,5.578434e-05,-0.48787403,-0.48787087,0.9758354,3.1226733,0.3041565635009952
1.0,0.036003383849597365,-7.246591e-06,-7.246591e-06,-5.6313762e-05,-5.6313762e-05,-0.4879729,-0.48797604,0.9758354,3.1226733,0.3041870356508441
1.0,0.03601338384959736,-0.00011507799,-0.00011507799,5.5789656e-05,5.5789656e-05,-0.48787403,-0.48787087,0.9758354,3.1226733,0.304217507800693
1.0,0.036023383849597364,-7.2694766e-06,-7.2694766e-06,-5.6319073e-05,-5.6319073e-05,-0.4879729,-0.48797604,0.9758354,3.1226733,0.3042479799505419
1.0,0.03603338384959736,-0.00011505512,-0.00011505512,5.5794964e-05,5.5794964e-05,-0.48787403,-0.48787087,0.9758354,3.122673,0.3042784520980067
1.0,0.03604338384959736,-7.2923376e-06,-7.2923376e-06,-5.632438e-05,-5.632438e-05,-0.4879729,-0.48797604,0.9758354,3.122673,0.30430892424547146
1.0,0.03605338384959736,-0.00011503227,-0.00011503227,5.580027e-05,5.580027e-05,-0.48787403,-0.48787087,0.9758354,3.1226733,0.30433939639532037
1.0,0.03606338384959736,-7.3151737e-06,-7.3151737e-06,-5.6329678e-05,-5.6329678e-05,-0.4879729,-0.48797604,0.9758354,3.1226733,0.30436986854516934
1.0,0.036073383849597365,-0.00011500945,-0.00011500945,5.580556e-05,5.580556e-05,-0.48787403,-0.48787087,0.9758354,3.1226733,0.30440034069501826
1.0,0.03608338384959736,-7.3379856e-06,-7.3379856e-06,-5.633497e-05,-5.633497e-05,-0.48797292,-0.48797604,0.9758354,3.1226733,0.30443081284486717
1.0,0.036093383849597364,-0.000114986644,-0.000114986644,5.5810855e-05,5.5810855e-05,-0.487874,-0.48787087,0.9758354,3.122673,0.30446128499233194
1.0,0.03610338384959736,-7.3607725e-06,-7.3607725e-06,-5.634026e-05,-5.634026e-05,-0.48797292,-0.48797604,0.9758354,3.122673,0.3044917571397967
1.0,0.036113383849597364,-0.00011496387,-0.00011496387,5.5816137e-05,5.5816137e-05,-0.487874,-0.48787084,0.9758354,3.1226733,0.3045222292896456
1.0,0.03612338384959736,-7.3835354e-06,-7.3835354e-06,-5.634554e-05,-5.634554e-05,-0.48797292,-0.48797607,0.9758354,3.1226733,0.30455270143949453
1.0,0.03613338384959736,-0.00011494112,-0.00011494112,5.5821416e-05,5.5821416e-05,-0.487874,-0.48787084,0.9758354,3.1226733,0.30458317358934345
1.0,0.03614338384959736,-7.406274e-06,-7.406274e-06,-5.6350815e-05,-5.6350815e-05,-0.48797292,-0.48797607,0.9758354,3.1226733,0.30461364573919236
1.0,0.03615338384959736,-0.000114918395,-0.000114918395,5.5826687e-05,5.5826687e-05,-0.487874,-0.48787084,0.9758354,3.122673,0.30464411788665713
1.0,0.036163383849597365,-7.4289883e-06,-7.4289883e-06,-5.6356086e-05,-5.6356086e-05,-0.48797292,-0.48797607,0.9758354,3.122673,0.3046745900341219
1.0,0.03617338384959736,-0.00011489569,-0.00011489569,5.5831955e-05,5.5831955e-05,-0.487874,-0.48787084,0.9758354,3.1226733,0.3047050621839708
1.0,0.036183383849597364,-7.4516784e-06,-7.4516784e-06,-5.636135e-05,-5.636135e-05,-0.48797292,-0.48797607,0.9758354,3.1226735,0.30473553433620393
1.0,0.03619338384959736,-0.00011487301,-0.00011487301,5.5837216e-05,5.5837216e-05,-0.487874,-0.48787084,0.9758354,3.1226733,0.30476600648605284
1.0,0.03620338384959736,-7.4743443e-06,-7.4743443e-06,-5.6366607e-05,-5.6366607e-05,-0.48797292,-0.48797607,0.9758354,3.1226733,0.30479647863590176
1.0,0.03621338384959736,-0.00011485036,-0.00011485036,5.584247e-05,5.584247e-05,-0.48787397,-0.48787084,0.9758354,3.1226735,0.3048269507881349
1.0,0.03622338384959736,-7.496986e-06,-7.496986e-06,-5.6371857e-05,-5.6371857e-05,-0.48797294,-0.48797607,0.9758354,3.122673,0.30485742293559964
1.0,0.036233383849597366,-0.00011482773,-0.00011482773,5.584772e-05,5.584772e-05,-0.48787397,-0.48787084,0.9758354,3.122673,0.3048878950830644
1.0,0.03624338384959736,-7.5196044e-06,-7.5196044e-06,-5.6377103e-05,-5.6377103e-05,-0.48797294,-0.4879761,0.9758354,3.122673,0.3049183672305292
1.0,0.036253383849597365,-0.00011480512,-0.00011480512,5.585296e-05,5.585296e-05,-0.48787397,-0.4878708,0.9758354,3.1226733,0.3049488393803781
1.0,0.03626338384959736,-7.5421985e-06,-7.5421985e-06,-5.6382345e-05,-5.6382345e-05,-0.48797294,-0.4879761,0.9758354,3.1226733,0.304979311530227
1.0,0.036273383849597364,-0.00011478254,-0.00011478254,5.5858196e-05,5.5858196e-05,-0.48787397,-0.4878708,0.9758354,3.1226735,0.3050097836824601
1.0,0.03628338384959736,-7.5647695e-06,-7.5647695e-06,-5.6387576e-05,-5.6387576e-05,-0.48797294,-0.4879761,0.9758354,3.122673,0.3050402558299249
1.0,0.03629338384959736,-0.000114759976,-0.000114759976,5.5863427e-05,5.5863427e-05,-0.48787397,-0.4878708,0.9758354,3.122673,0.30507072797738966
1.0,0.03630338384959736,-7.5873163e-06,-7.5873163e-06,-5.6392804e-05,-5.6392804e-05,-0.48797294,-0.4879761,0.9758354,3.122673,0.3051012001248544
1.0,0.03631338384959736,-0.00011473744,-0.00011473744,5.586865e-05,5.586865e-05,-0.48787397,-0.4878708,0.9758354,3.1226733,0.3051316722747034
1.0,0.036323383849597365,-7.6098395e-06,-7.6098395e-06,-5.639803e-05,-5.639803e-05,-0.48797294,-0.4879761,0.9758354,3.1226733,0.3051621444245523
1.0,0.03633338384959736,-0.00011471493,-0.00011471493,5.5873872e-05,5.5873872e-05,-0.48787394,-0.4878708,0.9758354,3.1226733,0.3051926165744012
1.0,0.036343383849597365,-7.6323395e-06,-7.6323395e-06,-5.640324e-05,-5.640324e-05,-0.48797297,-0.4879761,0.9758354,3.1226733,0.30522308872425014
1.0,0.03635338384959736,-0.00011469244,-0.00011469244,5.5879085e-05,5.5879085e-05,-0.48787394,-0.4878708,0.9758354,3.122673,0.3052535608717149
1.0,0.036363383849597364,-7.654816e-06,-7.654816e-06,-5.640845e-05,-5.640845e-05,-0.48797297,-0.4879761,0.9758354,3.122673,0.30528403301917967
1.0,0.03637338384959736,-0.00011466998,-0.00011466998,5.588429e-05,5.588429e-05,-0.48787394,-0.48787078,0.9758354,3.1226733,0.3053145051690286
1.0,0.03638338384959736,-7.677269e-06,-7.677269e-06,-5.6413657e-05,-5.6413657e-05,-0.48797297,-0.48797613,0.9758354,3.1226733,0.3053449773188775
1.0,0.03639338384959736,-0.00011464753,-0.00011464753,5.5889494e-05,5.5889494e-05,-0.48787394,-0.48787078,0.9758354,3.1226733,0.3053754494687264
1.0,0.03640338384959736,-7.699699e-06,-7.699699e-06,-5.6418856e-05,-5.6418856e-05,-0.48797297,-0.48797613,0.9758354,3.1226733,0.3054059216185754
1.0,0.036413383849597365,-0.000114625116,-0.000114625116,5.589469e-05,5.589469e-05,-0.48787394,-0.48787078,0.9758354,3.1226735,0.3054363937708085
1.0,0.03642338384959736,-7.722106e-06,-7.722106e-06,-5.6424047e-05,-5.6424047e-05,-0.48797297,-0.48797613,0.9758354,3.122673,0.30546686591827327
1.0,0.036433383849597364,-0.00011460272,-0.00011460272,5.5899876e-05,5.5899876e-05,-0.48787394,-0.48787078,0.9758354,3.122673,0.30549733806573803
1.0,0.03644338384959736,-7.744489e-06,-7.744489e-06,-5.642923e-05,-5.642923e-05,-0.48797297,-0.48797613,0.9758354,3.1226735,0.30552781021797115
1.0,0.036453383849597364,-0.00011458035,-0.00011458035,5.590506e-05,5.590506e-05,-0.48787394,-0.48787078,0.9758354,3.1226733,0.30555828236782007
1.0,0.03646338384959736,-7.76685e-06,-7.76685e-06,-5.643441e-05,-5.643441e-05,-0.48797297,-0.48797613,0.9758354,3.1226733,0.305588754517669
1.0,0.03647338384959736,-0.000114558,-0.000114558,5.5910237e-05,5.5910237e-05,-0.4878739,-0.48787078,0.9758354,3.1226735,0.3056192266699021
1.0,0.03648338384959736,-7.789187e-06,-7.789187e-06,-5.643959e-05,-5.643959e-05,-0.487973,-0.48797613,0.9758354,3.122673,0.30564969881736687
1.0,0.03649338384959736,-0.00011453567,-0.00011453567,5.5915407e-05,5.5915407e-05,-0.4878739,-0.48787075,0.9758354,3.122673,0.30568017096483163
1.0,0.036503383849597365,-7.811503e-06,-7.811503e-06,-5.6444755e-05,-5.6444755e-05,-0.487973,-0.48797616,0.9758354,3.122673,0.3057106431122964
1.0,0.03651338384959736,-0.00011451337,-0.00011451337,5.5920573e-05,5.5920573e-05,-0.4878739,-0.48787075,0.9758354,3.1226733,0.3057411152621453
1.0,0.036523383849597364,-7.833794e-06,-7.833794e-06,-5.6449917e-05,-5.6449917e-05,-0.487973,-0.48797616,0.9758354,3.1226733,0.30577158741199423
1.0,0.03653338384959736,-0.00011449109,-0.00011449109,5.5925735e-05,5.5925735e-05,-0.4878739,-0.48787075,0.9758354,3.1226733,0.30580205956184314
1.0,0.03654338384959736,-7.856063e-06,-7.856063e-06,-5.6455076e-05,-5.6455076e-05,-0.487973,-0.48797616,0.9758354,3.1226733,0.30583253171169206
1.0,0.03655338384959736,-0.00011446883,-0.00011446883,5.5930886e-05,5.5930886e-05,-0.4878739,-0.48787075,0.9758354,3.1226735,0.3058630038639252
1.0,0.03656338384959736,-7.8783105e-06,-7.8783105e-06,-5.6460227e-05,-5.6460227e-05,-0.487973,-0.48797616,0.9758354,3.122673,0.30589347601138994
1.0,0.036573383849597366,-0.00011444659,-0.00011444659,5.5936034e-05,5.5936034e-05,-0.4878739,-0.48787075,0.9758354,3.122673,0.3059239481588547
1.0,0.03658338384959736,-7.900534e-06,-7.900534e-06,-5.646537e-05,-5.646537e-05,-0.487973,-0.48797616,0.9758354,3.1226735,0.3059544203110878
1.0,0.036593383849597365,-0.00011442438,-0.00011442438,5.5941175e-05,5.5941175e-05,-0.48787388,-0.48787075,0.9758354,3.1226733,0.30598489246093674
1.0,0.03660338384959736,-7.922736e-06,-7.922736e-06,-5.6470508e-05,-5.6470508e-05,-0.48797303,-0.48797616,0.9758354,3.1226733,0.30601536461078566
1.0,0.036613383849597364,-0.000114402195,-0.000114402195,5.594631e-05,5.594631e-05,-0.48787388,-0.48787075,0.9758354,3.1226733,0.30604583676063457
1.0,0.03662338384959736,-7.9449155e-06,-7.9449155e-06,-5.647564e-05,-5.647564e-05,-0.48797303,-0.48797616,0.9758354,3.122673,0.30607630890809934
1.0,0.03663338384959736,-0.000114380025,-0.000114380025,5.595144e-05,5.595144e-05,-0.48787388,-0.48787072,0.9758354,3.122673,0.3061067810555641
1.0,0.03664338384959736,-7.967072e-06,-7.967072e-06,-5.648077e-05,-5.648077e-05,-0.48797303,-0.4879762,0.9758354,3.122673,0.30613725320302887
1.0,0.03665338384959736,-0.00011435788,-0.00011435788,5.5956567e-05,5.5956567e-05,-0.48787388,-0.48787072,0.9758354,3.1226733,0.30616772535287784
1.0,0.036663383849597365,-7.989207e-06,-7.989207e-06,-5.648589e-05,-5.648589e-05,-0.48797303,-0.4879762,0.9758354,3.1226733,0.30619819750272675
1.0,0.03667338384959736,-0.00011433575,-0.00011433575,5.5961686e-05,5.5961686e-05,-0.48787388,-0.48787072,0.9758354,3.1226733,0.30622866965257567
1.0,0.036683383849597365,-8.011319e-06,-8.011319e-06,-5.6491004e-05,-5.6491004e-05,-0.48797303,-0.4879762,0.9758354,3.1226733,0.3062591418024246
1.0,0.03669338384959736,-0.000114313654,-0.000114313654,5.5966797e-05,5.5966797e-05,-0.48787388,-0.48787072,0.9758354,3.1226735,0.3062896139546577
1.0,0.036703383849597364,-8.033409e-06,-8.033409e-06,-5.6496116e-05,-5.6496116e-05,-0.48797303,-0.4879762,0.9758354,3.122673,0.30632008610212247
1.0,0.03671338384959736,-0.00011429157,-0.00011429157,5.59719e-05,5.59719e-05,-0.48787388,-0.48787072,0.9758354,3.122673,0.30635055824958723
1.0,0.03672338384959736,-8.055477e-06,-8.055477e-06,-5.650122e-05,-5.650122e-05,-0.48797303,-0.4879762,0.9758354,3.122673,0.306381030397052
1.0,0.03673338384959736,-0.00011426952,-0.00011426952,5.5977e-05,5.5977e-05,-0.48787385,-0.48787072,0.9758354,3.1226733,0.3064115025469009
1.0,0.03674338384959736,-8.0775235e-06,-8.0775235e-06,-5.6506316e-05,-5.6506316e-05,-0.48797306,-0.4879762,0.9758354,3.1226733,0.3064419746967499
1.0,0.036753383849597365,-0.00011424748,-0.00011424748,5.59821e-05,5.59821e-05,-0.48787385,-0.4878707,0.9758354,3.1226733,0.3064724468465988
1.0,0.03676338384959736,-8.099548e-06,-8.099548e-06,-5.6511406e-05,-5.6511406e-05,-0.48797306,-0.48797622,0.9758354,3.1226733,0.3065029189964477
1.0,0.036773383849597364,-0.00011422547,-0.00011422547,5.5987188e-05,5.5987188e-05,-0.48787385,-0.4878707,0.9758354,3.1226735,0.30653339114868083
1.0,0.03678338384959736,-8.12155e-06,-8.12155e-06,-5.6516492e-05,-5.6516492e-05,-0.48797306,-0.48797622,0.9758354,3.122673,0.3065638632961456
1.0,0.036793383849597364,-0.000114203474,-0.000114203474,5.599227e-05,5.599227e-05,-0.48787385,-0.4878707,0.9758354,3.122673,0.30659433544361037
1.0,0.03680338384959736,-8.143532e-06,-8.143532e-06,-5.6521574e-05,-5.6521574e-05,-0.48797306,-0.48797622,0.9758354,3.122673,0.30662480759107513
1.0,0.03681338384959736,-0.00011418151,-0.00011418151,5.5997345e-05,5.5997345e-05,-0.48787385,-0.4878707,0.9758354,3.1226733,0.30665527974092405
1.0,0.03682338384959736,-8.165491e-06,-8.165491e-06,-5.6526645e-05,-5.6526645e-05,-0.48797306,-0.48797622,0.9758354,3.1226733,0.30668575189077296
1.0,0.03683338384959736,-0.00011415956,-0.00011415956,5.6002416e-05,5.6002416e-05,-0.48787385,-0.4878707,0.9758354,3.1226733,0.30671622404062193
1.0,0.036843383849597365,-8.187428e-06,-8.187428e-06,-5.6531713e-05,-5.6531713e-05,-0.48797306,-0.48797622,0.9758354,3.1226733,0.30674669619047085
1.0,0.03685338384959736,-0.00011413763,-0.00011413763,5.600748e-05,5.600748e-05,-0.48787382,-0.4878707,0.9758354,3.1226735,0.30677716834270397
1.0,0.036863383849597364,-8.209344e-06,-8.209344e-06,-5.6536777e-05,-5.6536777e-05,-0.4879731,-0.48797622,0.9758354,3.122673,0.30680764049016873
1.0,0.03687338384959736,-0.000114115726,-0.000114115726,5.601254e-05,5.601254e-05,-0.48787382,-0.48787066,0.9758354,3.122673,0.3068381126376335
1.0,0.03688338384959736,-8.231238e-06,-8.231238e-06,-5.6541834e-05,-5.6541834e-05,-0.4879731,-0.48797625,0.9758354,3.1226735,0.3068685847898666
1.0,0.03689338384959736,-0.00011409384,-0.00011409384,5.6017594e-05,5.6017594e-05,-0.48787382,-0.48787066,0.9758354,3.1226733,0.30689905693971553
1.0,0.03690338384959736,-8.253111e-06,-8.253111e-06,-5.6546884e-05,-5.6546884e-05,-0.4879731,-0.48797625,0.9758354,3.1226733,0.30692952908956445
1.0,0.03691338384959736,-0.000114071976,-0.000114071976,5.602264e-05,5.602264e-05,-0.48787382,-0.48787066,0.9758354,3.1226733,0.30696000123941336
1.0,0.03692338384959736,-8.274963e-06,-8.274963e-06,-5.6551926e-05,-5.6551926e-05,-0.4879731,-0.48797625,0.9758354,3.1226733,0.30699047338926233
1.0,0.036933383849597365,-0.00011405014,-0.00011405014,5.6027682e-05,5.6027682e-05,-0.48787382,-0.48787066,0.9758354,3.1226735,0.30702094554149545
1.0,0.03694338384959736,-8.296794e-06,-8.296794e-06,-5.6556964e-05,-5.6556964e-05,-0.4879731,-0.48797625,0.9758354,3.122673,0.3070514176889602
1.0,0.036953383849597364,-0.00011402832,-0.00011402832,5.6032717e-05,5.6032717e-05,-0.48787382,-0.48787066,0.9758354,3.122673,0.307081889836425
1.0,0.03696338384959736,-8.318602e-06,-8.318602e-06,-5.6562e-05,-5.6562e-05,-0.4879731,-0.48797625,0.9758354,3.1226735,0.3071123619886581
1.0,0.03697338384959736,-0.00011400652,-0.00011400652,5.603775e-05,5.603775e-05,-0.4878738,-0.48787066,0.9758354,3.1226733,0.307142834138507
1.0,0.03698338384959736,-8.340391e-06,-8.340391e-06,-5.6567023e-05,-5.6567023e-05,-0.48797312,-0.48797625,0.9758354,3.1226733,0.30717330628835593
1.0,0.03699338384959736,-0.000113984745,-0.000113984745,5.6042772e-05,5.6042772e-05,-0.4878738,-0.48787066,0.9758354,3.1226733,0.3072037784382049
1.0,0.037003383849597365,-8.362158e-06,-8.362158e-06,-5.6572047e-05,-5.6572047e-05,-0.48797312,-0.48797625,0.9758354,3.1226733,0.3072342505880538
1.0,0.03701338384959736,-0.00011396298,-0.00011396298,5.604779e-05,5.604779e-05,-0.4878738,-0.48787063,0.9758354,3.1226735,0.30726472274028693
1.0,0.037023383849597365,-8.383904e-06,-8.383904e-06,-5.657706e-05,-5.657706e-05,-0.48797312,-0.48797628,0.9758354,3.122673,0.3072951948877517
1.0,0.03703338384959736,-0.00011394125,-0.00011394125,5.6052802e-05,5.6052802e-05,-0.4878738,-0.48787063,0.9758354,3.122673,0.30732566703521647
1.0,0.037043383849597364,-8.405629e-06,-8.405629e-06,-5.658207e-05,-5.658207e-05,-0.48797312,-0.48797628,0.9758354,3.1226735,0.3073561391874496
1.0,0.03705338384959736,-0.00011391954,-0.00011391954,5.605781e-05,5.605781e-05,-0.4878738,-0.48787063,0.9758354,3.1226733,0.3073866113372985
1.0,0.03706338384959736,-8.427333e-06,-8.427333e-06,-5.6587072e-05,-5.6587072e-05,-0.48797312,-0.48797628,0.9758354,3.1226733,0.3074170834871474
1.0,0.03707338384959736,-0.00011389784,-0.00011389784,5.6062807e-05,5.6062807e-05,-0.4878738,-0.48787063,0.9758354,3.1226733,0.30744755563699633
1.0,0.03708338384959736,-8.449017e-06,-8.449017e-06,-5.659207e-05,-5.659207e-05,-0.48797312,-0.48797628,0.9758354,3.1226733,0.3074780277868453
1.0,0.037093383849597365,-0.000113876165,-0.000113876165,5.60678e-05,5.60678e-05,-0.4878738,-0.48787063,0.9758354,3.1226735,0.3075084999390784
1.0,0.03710338384959736,-8.470679e-06,-8.470679e-06,-5.6597062e-05,-5.6597062e-05,-0.48797312,-0.48797628,0.9758354,3.122673,0.3075389720865432
1.0,0.037113383849597364,-0.00011385451,-0.00011385451,5.607279e-05,5.607279e-05,-0.48787376,-0.48787063,0.9758354,3.122673,0.30756944423400795
1.0,0.03712338384959736,-8.492321e-06,-8.492321e-06,-5.6602046e-05,-5.6602046e-05,-0.48797315,-0.48797628,0.9758354,3.122673,0.3075999163814727
1.0,0.037133383849597364,-0.00011383288,-0.00011383288,5.6077773e-05,5.6077773e-05,-0.48787376,-0.4878706,0.9758354,3.1226733,0.30763038853132163
1.0,0.03714338384959736,-8.513942e-06,-8.513942e-06,-5.6607027e-05,-5.6607027e-05,-0.48797315,-0.4879763,0.9758354,3.1226733,0.30766086068117054
1.0,0.03715338384959736,-0.00011381127,-0.00011381127,5.608275e-05,5.608275e-05,-0.48787376,-0.4878706,0.9758354,3.1226733,0.30769133283101946
1.0,0.03716338384959736,-8.535543e-06,-8.535543e-06,-5.6612003e-05,-5.6612003e-05,-0.48797315,-0.4879763,0.9758354,3.1226733,0.3077218049808684
1.0,0.03717338384959736,-0.00011378968,-0.00011378968,5.608772e-05,5.608772e-05,-0.48787376,-0.4878706,0.9758354,3.1226735,0.3077522771331015
1.0,0.037183383849597365,-8.557123e-06,-8.557123e-06,-5.661697e-05,-5.661697e-05,-0.48797315,-0.4879763,0.9758354,3.122673,0.30778274928056626
1.0,0.03719338384959736,-0.00011376811,-0.00011376811,5.6092686e-05,5.6092686e-05,-0.48787376,-0.4878706,0.9758354,3.122673,0.307813221428031
1.0,0.037203383849597364,-8.578683e-06,-8.578683e-06,-5.662193e-05,-5.662193e-05,-0.48797315,-0.4879763,0.9758354,3.122673,0.3078436935754958
1.0,0.03721338384959736,-0.00011374656,-0.00011374656,5.6097644e-05,5.6097644e-05,-0.48787376,-0.4878706,0.9758354,3.122673,0.30787416572296056
1.0,0.03722338384959736,-8.600223e-06,-8.600223e-06,-5.662689e-05,-5.662689e-05,-0.48797315,-0.4879763,0.9758354,3.1226733,0.3079046378728095
1.0,0.03723338384959736,-0.00011372503,-0.00011372503,5.61026e-05,5.61026e-05,-0.48787373,-0.4878706,0.9758354,3.1226733,0.3079351100226584
1.0,0.03724338384959736,-8.6217415e-06,-8.6217415e-06,-5.6631838e-05,-5.6631838e-05,-0.48797318,-0.4879763,0.9758354,3.1226733,0.3079655821725073
1.0,0.03725338384959736,-0.00011370352,-0.00011370352,5.6107547e-05,5.6107547e-05,-0.48787373,-0.48787057,0.9758354,3.1226733,0.3079960543223562
1.0,0.03726338384959736,-8.64324e-06,-8.64324e-06,-5.663678e-05,-5.663678e-05,-0.48797318,-0.48797634,0.9758354,3.122673,0.308026526469821
1.0,0.037273383849597365,-0.000113682036,-0.000113682036,5.6112487e-05,5.6112487e-05,-0.48787373,-0.48787057,0.9758354,3.1226735,0.3080569986220541
1.0,0.03728338384959736,-8.66472e-06,-8.66472e-06,-5.6641722e-05,-5.6641722e-05,-0.48797318,-0.48797634,0.9758354,3.122673,0.30808747076951887
1.0,0.037293383849597364,-0.000113660564,-0.000113660564,5.6117424e-05,5.6117424e-05,-0.48787373,-0.48787057,0.9758354,3.122673,0.30811794291698363
1.0,0.03730338384959736,-8.686178e-06,-8.686178e-06,-5.6646655e-05,-5.6646655e-05,-0.48797318,-0.48797634,0.9758354,3.1226735,0.30814841506921675
1.0,0.03731338384959736,-0.000113639115,-0.000113639115,5.6122353e-05,5.6122353e-05,-0.48787373,-0.48787057,0.9758354,3.1226733,0.30817888721906567
1.0,0.03732338384959736,-8.707617e-06,-8.707617e-06,-5.665158e-05,-5.665158e-05,-0.48797318,-0.48797634,0.9758354,3.1226733,0.3082093593689146
1.0,0.03733338384959736,-0.00011361769,-0.00011361769,5.612728e-05,5.612728e-05,-0.48787373,-0.48787057,0.9758354,3.1226733,0.30823983151876355
1.0,0.037343383849597366,-8.7290355e-06,-8.7290355e-06,-5.6656503e-05,-5.6656503e-05,-0.48797318,-0.48797634,0.9758354,3.1226733,0.30827030366861247
1.0,0.03735338384959736,-0.00011359628,-0.00011359628,5.6132198e-05,5.6132198e-05,-0.4878737,-0.48787057,0.9758354,3.1226735,0.3083007758208456
1.0,0.037363383849597365,-8.750434e-06,-8.750434e-06,-5.6661418e-05,-5.6661418e-05,-0.48797318,-0.48797634,0.9758354,3.122673,0.30833124796831035
1.0,0.03737338384959736,-0.00011357489,-0.00011357489,5.613711e-05,5.613711e-05,-0.4878737,-0.48787057,0.9758354,3.122673,0.3083617201157751
1.0,0.037383383849597364,-8.771813e-06,-8.771813e-06,-5.666633e-05,-5.666633e-05,-0.4879732,-0.48797634,0.9758354,3.122673,0.3083921922632399
1.0,0.03739338384959736,-0.00011355352,-0.00011355352,5.6142017e-05,5.6142017e-05,-0.4878737,-0.48787054,0.9758354,3.122673,0.30842266441070465
1.0,0.03740338384959736,-8.793171e-06,-8.793171e-06,-5.6671233e-05,-5.6671233e-05,-0.4879732,-0.48797637,0.9758354,3.1226733,0.30845313656055356
1.0,0.03741338384959736,-0.00011353217,-0.00011353217,5.6146917e-05,5.6146917e-05,-0.4878737,-0.48787054,0.9758354,3.1226733,0.3084836087104025
1.0,0.03742338384959736,-8.814511e-06,-8.814511e-06,-5.667613e-05,-5.667613e-05,-0.4879732,-0.48797637,0.9758354,3.1226733,0.30851408086025145
1.0,0.037433383849597365,-0.00011351084,-0.00011351084,5.6151814e-05,5.6151814e-05,-0.4878737,-0.48787054,0.9758354,3.1226733,0.30854455301010036
1.0,0.03744338384959736,-8.83583e-06,-8.83583e-06,-5.6681023e-05,-5.6681023e-05,-0.4879732,-0.48797637,0.9758354,3.1226733,0.3085750251599493
1.0,0.037453383849597364,-0.000113489536,-0.000113489536,5.61567e-05,5.61567e-05,-0.4878737,-0.48787054,0.9758354,3.1226735,0.3086054973121824
1.0,0.03746338384959736,-8.85713e-06,-8.85713e-06,-5.668591e-05,-5.668591e-05,-0.4879732,-0.48797637,0.9758354,3.122673,0.30863596945964716
1.0,0.037473383849597364,-0.000113468246,-0.000113468246,5.6161585e-05,5.6161585e-05,-0.4878737,-0.48787054,0.9758354,3.122673,0.30866644160711193
1.0,0.03748338384959736,-8.87841e-06,-8.87841e-06,-5.669079e-05,-5.669079e-05,-0.4879732,-0.48797637,0.9758354,3.122673,0.3086969137545767
1.0,0.03749338384959736,-0.00011344697,-0.00011344697,5.6166464e-05,5.6166464e-05,-0.48787367,-0.48787054,0.9758354,3.122673,0.30872738590204146
1.0,0.03750338384959736,-8.899671e-06,-8.899671e-06,-5.6695662e-05,-5.6695662e-05,-0.48797324,-0.48797637,0.9758354,3.1226733,0.3087578580518904
1.0,0.03751338384959736,-0.00011342572,-0.00011342572,5.6171335e-05,5.6171335e-05,-0.48787367,-0.4878705,0.9758354,3.1226733,0.30878833020173935
1.0,0.037523383849597365,-8.9209125e-06,-8.9209125e-06,-5.6700534e-05,-5.6700534e-05,-0.48797324,-0.4879764,0.9758354,3.1226733,0.30881880235158826
1.0,0.03753338384959736,-0.00011340449,-0.00011340449,5.61762e-05,5.61762e-05,-0.48787367,-0.4878705,0.9758354,3.1226733,0.3088492745014372
1.0,0.037543383849597364,-8.942135e-06,-8.942135e-06,-5.6705394e-05,-5.6705394e-05,-0.48797324,-0.4879764,0.9758354,3.122673,0.30887974664890194
1.0,0.03755338384959736,-0.00011338328,-0.00011338328,5.618106e-05,5.618106e-05,-0.48787367,-0.4878705,0.9758354,3.1226735,0.30891021880113506
1.0,0.037563383849597363,-8.963337e-06,-8.963337e-06,-5.6710254e-05,-5.6710254e-05,-0.48797324,-0.4879764,0.9758354,3.122673,0.3089406909485998
1.0,0.03757338384959736,-0.00011336208,-0.00011336208,5.6185912e-05,5.6185912e-05,-0.48787367,-0.4878705,0.9758354,3.122673,0.3089711630960646
1.0,0.03758338384959736,-8.98452e-06,-8.98452e-06,-5.6715104e-05,-5.6715104e-05,-0.48797324,-0.4879764,0.9758354,3.122673,0.30900163524352936
1.0,0.03759338384959736,-0.00011334091,-0.00011334091,5.6190762e-05,5.6190762e-05,-0.48787367,-0.4878705,0.9758354,3.1226733,0.3090321073933783
1.0,0.03760338384959736,-9.005684e-06,-9.005684e-06,-5.671995e-05,-5.671995e-05,-0.48797324,-0.4879764,0.9758354,3.1226733,0.30906257954322724
1.0,0.037613383849597365,-0.00011331976,-0.00011331976,5.6195604e-05,5.6195604e-05,-0.48787364,-0.4878705,0.9758354,3.1226733,0.30909305169307616
1.0,0.03762338384959736,-9.026829e-06,-9.026829e-06,-5.6724788e-05,-5.6724788e-05,-0.48797327,-0.4879764,0.9758354,3.1226733,0.3091235238429251
1.0,0.037633383849597364,-0.00011329862,-0.00011329862,5.6200442e-05,5.6200442e-05,-0.48787364,-0.48787048,0.9758354,3.1226733,0.309153995992774
1.0,0.03764338384959736,-9.047954e-06,-9.047954e-06,-5.6729623e-05,-5.6729623e-05,-0.48797327,-0.48797643,0.9758354,3.122673,0.30918446814023876
1.0,0.03765338384959736,-0.00011327751,-0.00011327751,5.6205274e-05,5.6205274e-05,-0.48787364,-0.48787048,0.9758354,3.1226735,0.3092149402924719
1.0,0.03766338384959736,-9.069062e-06,-9.069062e-06,-5.673445e-05,-5.673445e-05,-0.48797327,-0.48797643,0.9758354,3.122673,0.30924541243993664
1.0,0.03767338384959736,-0.00011325641,-0.00011325641,5.6210098e-05,5.6210098e-05,-0.48787364,-0.48787048,0.9758354,3.122673,0.3092758845874014
1.0,0.037683383849597366,-9.090149e-06,-9.090149e-06,-5.6739274e-05,-5.6739274e-05,-0.48797327,-0.48797643,0.9758354,3.122673,0.3093063567348662
1.0,0.03769338384959736,-0.00011323533,-0.00011323533,5.6214918e-05,5.6214918e-05,-0.48787364,-0.48787048,0.9758354,3.122673,0.30933682888233094
1.0,0.037703383849597365,-9.111218e-06,-9.111218e-06,-5.674409e-05,-5.674409e-05,-0.48797327,-0.48797643,0.9758354,3.1226733,0.30936730103217985
1.0,0.03771338384959736,-0.00011321427,-0.00011321427,5.621973e-05,5.621973e-05,-0.48787364,-0.48787048,0.9758354,3.1226733,0.30939777318202877
1.0,0.037723383849597364,-9.132267e-06,-9.132267e-06,-5.67489e-05,-5.67489e-05,-0.48797327,-0.48797643,0.9758354,3.1226733,0.3094282453318777
1.0,0.03773338384959736,-0.00011319323,-0.00011319323,5.622454e-05,5.622454e-05,-0.4878736,-0.48787048,0.9758354,3.1226733,0.3094587174817266
1.0,0.03774338384959736,-9.153298e-06,-9.153298e-06,-5.6753706e-05,-5.6753706e-05,-0.48797327,-0.48797643,0.9758354,3.1226733,0.3094891896315755
1.0,0.03775338384959736,-0.00011317221,-0.00011317221,5.6229343e-05,5.6229343e-05,-0.4878736,-0.48787045,0.9758354,3.1226735,0.30951966178380863
1.0,0.03776338384959736,-9.17431e-06,-9.17431e-06,-5.6758505e-05,-5.6758505e-05,-0.4879733,-0.48797646,0.9758354,3.122673,0.3095501339312734
1.0,0.037773383849597365,-0.0001131512,-0.0001131512,5.6234137e-05,5.6234137e-05,-0.4878736,-0.48787045,0.9758354,3.122673,0.30958060607873816
1.0,0.03778338384959736,-9.195304e-06,-9.195304e-06,-5.67633e-05,-5.67633e-05,-0.4879733,-0.48797646,0.9758354,3.122673,0.30961107822620293
1.0,0.037793383849597365,-0.00011313022,-0.00011313022,5.623893e-05,5.623893e-05,-0.4878736,-0.48787045,0.9758354,3.122673,0.3096415503736677
1.0,0.03780338384959736,-9.216279e-06,-9.216279e-06,-5.6768087e-05,-5.6768087e-05,-0.4879733,-0.48797646,0.9758354,3.1226733,0.3096720225235166
1.0,0.037813383849597364,-0.00011310926,-0.00011310926,5.6243713e-05,5.6243713e-05,-0.4878736,-0.48787045,0.9758354,3.1226733,0.3097024946733655
1.0,0.03782338384959736,-9.237235e-06,-9.237235e-06,-5.6772868e-05,-5.6772868e-05,-0.4879733,-0.48797646,0.9758354,3.1226733,0.30973296682321444
1.0,0.03783338384959736,-0.00011308831,-0.00011308831,5.6248493e-05,5.6248493e-05,-0.4878736,-0.48787045,0.9758354,3.1226733,0.30976343897306335
1.0,0.03784338384959736,-9.258172e-06,-9.258172e-06,-5.6777644e-05,-5.6777644e-05,-0.4879733,-0.48797646,0.9758354,3.1226733,0.30979391112291227
1.0,0.03785338384959736,-0.00011306738,-0.00011306738,5.6253266e-05,5.6253266e-05,-0.4878736,-0.48787045,0.9758354,3.1226733,0.30982438327276124
1.0,0.037863383849597365,-9.2790915e-06,-9.2790915e-06,-5.6782414e-05,-5.6782414e-05,-0.4879733,-0.48797646,0.9758354,3.122673,0.309854855420226
1.0,0.03787338384959736,-0.00011304647,-0.00011304647,5.625803e-05,5.625803e-05,-0.48787358,-0.48787042,0.9758354,3.1226735,0.3098853275724591
1.0,0.037883383849597364,-9.299992e-06,-9.299992e-06,-5.678718e-05,-5.678718e-05,-0.48797333,-0.48797646,0.9758354,3.122673,0.3099157997199239
1.0,0.03789338384959736,-0.00011302558,-0.00011302558,5.6262794e-05,5.6262794e-05,-0.48787358,-0.48787042,0.9758354,3.122673,0.30994627186738866
1.0,0.037903383849597364,-9.320874e-06,-9.320874e-06,-5.6791938e-05,-5.6791938e-05,-0.48797333,-0.4879765,0.9758354,3.1226735,0.3099767440196218
1.0,0.03791338384959736,-0.00011300471,-0.00011300471,5.626755e-05,5.626755e-05,-0.48787358,-0.48787042,0.9758354,3.1226733,0.3100072161694707
1.0,0.03792338384959736,-9.3417375e-06,-9.3417375e-06,-5.679669e-05,-5.679669e-05,-0.48797333,-0.4879765,0.9758354,3.1226733,0.3100376883193196
1.0,0.03793338384959736,-0.00011298385,-0.00011298385,5.62723e-05,5.62723e-05,-0.48787358,-0.48787042,0.9758354,3.1226733,0.3100681604691685
1.0,0.03794338384959736,-9.362583e-06,-9.362583e-06,-5.6801437e-05,-5.6801437e-05,-0.48797333,-0.4879765,0.9758354,3.1226733,0.3100986326190175
1.0,0.037953383849597365,-0.00011296302,-0.00011296302,5.6277044e-05,5.6277044e-05,-0.48787358,-0.48787042,0.9758354,3.1226733,0.3101291047688664
1.0,0.03796338384959736,-9.3834105e-06,-9.3834105e-06,-5.6806177e-05,-5.6806177e-05,-0.48797333,-0.4879765,0.9758354,3.122673,0.31015957691633117
1.0,0.037973383849597364,-0.000112942194,-0.000112942194,5.628178e-05,5.628178e-05,-0.48787358,-0.48787042,0.9758354,3.1226735,0.3101900490685643
1.0,0.03798338384959736,-9.404219e-06,-9.404219e-06,-5.6810914e-05,-5.6810914e-05,-0.48797333,-0.4879765,0.9758354,3.122673,0.31022052121602905
1.0,0.03799338384959736,-0.0001129214,-0.0001129214,5.6286513e-05,5.6286513e-05,-0.48787355,-0.48787042,0.9758354,3.122673,0.3102509933634938
1.0,0.03800338384959736,-9.42501e-06,-9.42501e-06,-5.6815643e-05,-5.6815643e-05,-0.48797336,-0.4879765,0.9758354,3.122673,0.3102814655109586
1.0,0.03801338384959736,-0.00011290062,-0.00011290062,5.629124e-05,5.629124e-05,-0.48787355,-0.4878704,0.9758354,3.122673,0.31031193765842335
1.0,0.038023383849597366,-9.445783e-06,-9.445783e-06,-5.682037e-05,-5.682037e-05,-0.48797336,-0.48797652,0.9758354,3.1226733,0.31034240980827227
1.0,0.03803338384959736,-0.000112879854,-0.000112879854,5.629596e-05,5.629596e-05,-0.48787355,-0.4878704,0.9758354,3.1226733,0.3103728819581212
1.0,0.038043383849597365,-9.466537e-06,-9.466537e-06,-5.6825087e-05,-5.6825087e-05,-0.48797336,-0.48797652,0.9758354,3.1226733,0.3104033541079701
1.0,0.03805338384959736,-0.00011285911,-0.00011285911,5.6300676e-05,5.6300676e-05,-0.48787355,-0.4878704,0.9758354,3.1226733,0.310433826257819
1.0,0.038063383849597364,-9.487274e-06,-9.487274e-06,-5.68298e-05,-5.68298e-05,-0.48797336,-0.48797652,0.9758354,3.1226733,0.3104642984076679
1.0,0.03807338384959736,-0.00011283838,-0.00011283838,5.6305387e-05,5.6305387e-05,-0.48787355,-0.4878704,0.9758354,3.1226733,0.31049477055751684
1.0,0.03808338384959736,-9.507992e-06,-9.507992e-06,-5.6834506e-05,-5.6834506e-05,-0.48797336,-0.48797652,0.9758354,3.122673,0.3105252427049816
1.0,0.03809338384959736,-0.00011281767,-0.00011281767,5.631009e-05,5.631009e-05,-0.48787355,-0.4878704,0.9758354,3.1226735,0.3105557148572147
1.0,0.03810338384959736,-9.528692e-06,-9.528692e-06,-5.6839206e-05,-5.6839206e-05,-0.48797336,-0.48797652,0.9758354,3.122673,0.3105861870046795
1.0,0.038113383849597365,-0.00011279698,-0.00011279698,5.6314788e-05,5.6314788e-05,-0.48787352,-0.4878704,0.9758354,3.122673,0.31061665915214426
1.0,0.03812338384959736,-9.549375e-06,-9.549375e-06,-5.6843903e-05,-5.6843903e-05,-0.4879734,-0.48797652,0.9758354,3.122673,0.310647131299609
1.0,0.038133383849597365,-0.0001127763,-0.0001127763,5.631948e-05,5.631948e-05,-0.48787352,-0.48787037,0.9758354,3.122673,0.3106776034470738
1.0,0.03814338384959736,-9.570041e-06,-9.570041e-06,-5.6848592e-05,-5.6848592e-05,-0.4879734,-0.48797655,0.9758354,3.1226733,0.3107080755969227
1.0,0.038153383849597364,-0.000112755646,-0.000112755646,5.6324167e-05,5.6324167e-05,-0.48787352,-0.48787037,0.9758354,3.1226733,0.3107385477467716
1.0,0.03816338384959736,-9.590688e-06,-9.590688e-06,-5.6853274e-05,-5.6853274e-05,-0.4879734,-0.48797655,0.9758354,3.1226733,0.31076901989662054
1.0,0.03817338384959736,-0.00011273501,-0.00011273501,5.632885e-05,5.632885e-05,-0.48787352,-0.48787037,0.9758354,3.1226733,0.31079949204646945
1.0,0.03818338384959736,-9.611317e-06,-9.611317e-06,-5.6857953e-05,-5.6857953e-05,-0.4879734,-0.48797655,0.9758354,3.1226733,0.31082996419631836
1.0,0.03819338384959736,-0.00011271439,-0.00011271439,5.6333523e-05,5.6333523e-05,-0.48787352,-0.48787037,0.9758354,3.1226733,0.31086043634616733
1.0,0.038203383849597365,-9.631929e-06,-9.631929e-06,-5.6862624e-05,-5.6862624e-05,-0.4879734,-0.48797655,0.9758354,3.122673,0.3108909084936321
1.0,0.03821338384959736,-0.000112693786,-0.000112693786,5.6338195e-05,5.6338195e-05,-0.48787352,-0.48787037,0.9758354,3.1226735,0.3109213806458652
1.0,0.038223383849597364,-9.652523e-06,-9.652523e-06,-5.686729e-05,-5.686729e-05,-0.4879734,-0.48797655,0.9758354,3.122673,0.31095185279333
1.0,0.03823338384959736,-0.0001126732,-0.0001126732,5.634286e-05,5.634286e-05,-0.4878735,-0.48787037,0.9758354,3.122673,0.31098232494079475
1.0,0.038243383849597364,-9.6731e-06,-9.6731e-06,-5.687195e-05,-5.687195e-05,-0.48797342,-0.48797655,0.9758354,3.122673,0.3110127970882595
1.0,0.03825338384959736,-0.00011265263,-0.00011265263,5.6347515e-05,5.6347515e-05,-0.4878735,-0.48787034,0.9758354,3.122673,0.3110432692357243
1.0,0.03826338384959736,-9.693658e-06,-9.693658e-06,-5.6876608e-05,-5.6876608e-05,-0.48797342,-0.48797658,0.9758354,3.1226733,0.3110737413855732
1.0,0.03827338384959736,-0.000112632086,-0.000112632086,5.6352168e-05,5.6352168e-05,-0.4878735,-0.48787034,0.9758354,3.1226733,0.3111042135354221
1.0,0.03828338384959736,-9.7142e-06,-9.7142e-06,-5.6881257e-05,-5.6881257e-05,-0.48797342,-0.48797658,0.9758354,3.1226733,0.3111346856852711
1.0,0.038293383849597365,-0.00011261155,-0.00011261155,5.6356814e-05,5.6356814e-05,-0.4878735,-0.48787034,0.9758354,3.1226733,0.31116515783512
1.0,0.03830338384959736,-9.734725e-06,-9.734725e-06,-5.68859e-05,-5.68859e-05,-0.48797342,-0.48797658,0.9758354,3.1226733,0.3111956299849689
1.0,0.038313383849597364,-0.000112591035,-0.000112591035,5.6361452e-05,5.6361452e-05,-0.4878735,-0.48787034,0.9758354,3.1226733,0.31122610213481783
1.0,0.03832338384959736,-9.755231e-06,-9.755231e-06,-5.6890538e-05,-5.6890538e-05,-0.48797342,-0.48797658,0.9758354,3.122673,0.3112565742822826
1.0,0.03833338384959736,-0.00011257054,-0.00011257054,5.6366087e-05,5.6366087e-05,-0.4878735,-0.48787034,0.9758354,3.1226735,0.3112870464345157
1.0,0.03834338384959736,-9.77572e-06,-9.77572e-06,-5.689517e-05,-5.689517e-05,-0.48797342,-0.48797658,0.9758354,3.122673,0.3113175185819805
1.0,0.03835338384959736,-0.00011255006,-0.00011255006,5.6370718e-05,5.6370718e-05,-0.48787346,-0.48787034,0.9758354,3.122673,0.31134799072944525
1.0,0.03836338384959736,-9.796193e-06,-9.796193e-06,-5.6899797e-05,-5.6899797e-05,-0.48797342,-0.48797658,0.9758354,3.122673,0.31137846287691
1.0,0.03837338384959736,-0.00011252959,-0.00011252959,5.6375342e-05,5.6375342e-05,-0.48787346,-0.4878703,0.9758354,3.122673,0.3114089350243748
1.0,0.038383383849597365,-9.816647e-06,-9.816647e-06,-5.6904417e-05,-5.6904417e-05,-0.48797345,-0.4879766,0.9758354,3.1226735,0.3114394071766079
1.0,0.03839338384959736,-0.000112509144,-0.000112509144,5.637996e-05,5.637996e-05,-0.48787346,-0.4878703,0.9758354,3.1226733,0.3114698793264568
1.0,0.038403383849597364,-9.837085e-06,-9.837085e-06,-5.6909033e-05,-5.6909033e-05,-0.48797345,-0.4879766,0.9758354,3.1226733,0.3115003514763057
1.0,0.03841338384959736,-0.00011248871,-0.00011248871,5.638457e-05,5.638457e-05,-0.48787346,-0.4878703,0.9758354,3.1226733,0.31153082362615464
1.0,0.03842338384959736,-9.857506e-06,-9.857506e-06,-5.691364e-05,-5.691364e-05,-0.48797345,-0.4879766,0.9758354,3.1226733,0.31156129577600356
1.0,0.03843338384959736,-0.000112468304,-0.000112468304,5.6389177e-05,5.6389177e-05,-0.48787346,-0.4878703,0.9758354,3.1226733,0.31159176792585247
1.0,0.03844338384959736,-9.877908e-06,-9.877908e-06,-5.6918245e-05,-5.6918245e-05,-0.48797345,-0.4879766,0.9758354,3.1226733,0.31162224007570144
1.0,0.038453383849597365,-0.00011244791,-0.00011244791,5.639378e-05,5.639378e-05,-0.48787346,-0.4878703,0.9758354,3.1226733,0.31165271222555035
1.0,0.03846338384959736,-9.898295e-06,-9.898295e-06,-5.6922843e-05,-5.6922843e-05,-0.48797345,-0.4879766,0.9758354,3.122673,0.3116831843730151
1.0,0.038473383849597365,-0.00011242753,-0.00011242753,5.6398374e-05,5.6398374e-05,-0.48787344,-0.4878703,0.9758354,3.1226735,0.31171365652524824
1.0,0.03848338384959736,-9.918664e-06,-9.918664e-06,-5.6927434e-05,-5.6927434e-05,-0.48797345,-0.4879766,0.9758354,3.122673,0.311744128672713
1.0,0.038493383849597364,-0.00011240717,-0.00011240717,5.640296e-05,5.640296e-05,-0.48787344,-0.48787028,0.9758354,3.122673,0.31177460082017777
1.0,0.03850338384959736,-9.939016e-06,-9.939016e-06,-5.6932022e-05,-5.6932022e-05,-0.48797348,-0.48797664,0.9758354,3.122673,0.31180507296764254
1.0,0.03851338384959736,-0.00011238683,-0.00011238683,5.6407545e-05,5.6407545e-05,-0.48787344,-0.48787028,0.9758354,3.122673,0.3118355451151073
1.0,0.03852338384959736,-9.959352e-06,-9.959352e-06,-5.6936602e-05,-5.6936602e-05,-0.48797348,-0.48797664,0.9758354,3.1226733,0.3118660172649562
1.0,0.03853338384959736,-0.0001123665,-0.0001123665,5.6412122e-05,5.6412122e-05,-0.48787344,-0.48787028,0.9758354,3.1226733,0.3118964894148052
1.0,0.038543383849597365,-9.97967e-06,-9.97967e-06,-5.6941175e-05,-5.6941175e-05,-0.48797348,-0.48797664,0.9758354,3.1226733,0.3119269615646541
1.0,0.03855338384959736,-0.00011234619,-0.00011234619,5.6416695e-05,5.6416695e-05,-0.48787344,-0.48787028,0.9758354,3.1226733,0.311957433714503
1.0,0.038563383849597364,-9.999972e-06,-9.999972e-06,-5.6945744e-05,-5.6945744e-05,-0.48797348,-0.48797664,0.9758354,3.1226733,0.31198790586435193
1.0,0.03857338384959736,-0.0001123259,-0.0001123259,5.642126e-05,5.642126e-05,-0.48787344,-0.48787028,0.9758354,3.1226733,0.31201837801420085
1.0,0.038583383849597364,-1.0020256e-05,-1.0020256e-05,-5.695031e-05,-5.695031e-05,-0.48797348,-0.48797664,0.9758354,3.1226733,0.31204885016404976
1.0,0.03859338384959736,-0.00011230562,-0.00011230562,5.6425823e-05,5.6425823e-05,-0.48787344,-0.48787028,0.9758354,3.1226733,0.3120793223138987
1.0,0.03860338384959736,-1.0040524e-05,-1.0040524e-05,-5.695487e-05,-5.695487e-05,-0.48797348,-0.48797664,0.9758354,3.122673,0.31210979446136344
1.0,0.03861338384959736,-0.000112285365,-0.000112285365,5.6430377e-05,5.6430377e-05,-0.4878734,-0.48787025,0.9758354,3.1226735,0.31214026661359656
1.0,0.03862338384959736,-1.0060775e-05,-1.0060775e-05,-5.695942e-05,-5.695942e-05,-0.4879735,-0.48797667,0.9758354,3.122673,0.31217073876106133
1.0,0.038633383849597365,-0.000112265116,-0.000112265116,5.643493e-05,5.643493e-05,-0.4878734,-0.48787025,0.9758354,3.122673,0.3122012109085261
1.0,0.03864338384959736,-1.0081009e-05,-1.0081009e-05,-5.6963967e-05,-5.6963967e-05,-0.4879735,-0.48797667,0.9758354,3.122673,0.31223168305599086
1.0,0.038653383849597364,-0.000112244896,-0.000112244896,5.643947e-05,5.643947e-05,-0.4878734,-0.48787025,0.9758354,3.122673,0.3122621552034556
1.0,0.03866338384959736,-1.0101227e-05,-1.0101227e-05,-5.6968507e-05,-5.6968507e-05,-0.4879735,-0.48797667,0.9758354,3.1226733,0.31229262735330454
1.0,0.03867338384959736,-0.00011222468,-0.00011222468,5.644401e-05,5.644401e-05,-0.4878734,-0.48787025,0.9758354,3.1226733,0.31232309950315346
1.0,0.03868338384959736,-1.0121429e-05,-1.0121429e-05,-5.697304e-05,-5.697304e-05,-0.4879735,-0.48797667,0.9758354,3.1226733,0.31235357165300237
1.0,0.03869338384959736,-0.00011220449,-0.00011220449,5.644854e-05,5.644854e-05,-0.4878734,-0.48787025,0.9758354,3.1226733,0.3123840438028513
1.0,0.03870338384959736,-1.01416135e-05,-1.01416135e-05,-5.697757e-05,-5.697757e-05,-0.4879735,-0.48797667,0.9758354,3.1226733,0.3124145159527002
1.0,0.03871338384959736,-0.000112184316,-0.000112184316,5.6453067e-05,5.6453067e-05,-0.4878734,-0.48787025,0.9758354,3.1226733,0.31244498810254917
1.0,0.038723383849597365,-1.0161782e-05,-1.0161782e-05,-5.6982095e-05,-5.6982095e-05,-0.4879735,-0.48797667,0.9758354,3.1226733,0.3124754602523981
1.0,0.03873338384959736,-0.000112164154,-0.000112164154,5.645759e-05,5.645759e-05,-0.48787338,-0.48787022,0.9758354,3.1226733,0.312505932402247
1.0,0.038743383849597364,-1.0181933e-05,-1.0181933e-05,-5.6986613e-05,-5.6986613e-05,-0.48797354,-0.48797667,0.9758354,3.122673,0.31253640454971177
1.0,0.03875338384959736,-0.00011214401,-0.00011214401,5.6462104e-05,5.6462104e-05,-0.48787338,-0.48787022,0.9758354,3.1226735,0.3125668767019449
1.0,0.03876338384959736,-1.0202069e-05,-1.0202069e-05,-5.6991124e-05,-5.6991124e-05,-0.48797354,-0.4879767,0.9758354,3.122673,0.31259734884940965
1.0,0.03877338384959736,-0.00011212388,-0.00011212388,5.646661e-05,5.646661e-05,-0.48787338,-0.48787022,0.9758354,3.122673,0.3126278209968744
1.0,0.03878338384959736,-1.02221875e-05,-1.02221875e-05,-5.6995632e-05,-5.6995632e-05,-0.48797354,-0.4879767,0.9758354,3.122673,0.3126582931443392
1.0,0.038793383849597365,-0.00011210377,-0.00011210377,5.6471115e-05,5.6471115e-05,-0.48787338,-0.48787022,0.9758354,3.122673,0.31268876529180395
1.0,0.03880338384959736,-1.024229e-05,-1.024229e-05,-5.7000132e-05,-5.7000132e-05,-0.48797354,-0.4879767,0.9758354,3.1226733,0.31271923744165286
1.0,0.038813383849597365,-0.000112083675,-0.000112083675,5.6475616e-05,5.6475616e-05,-0.48787338,-0.48787022,0.9758354,3.1226733,0.3127497095915018
1.0,0.03882338384959736,-1.0262376e-05,-1.0262376e-05,-5.700463e-05,-5.700463e-05,-0.48797354,-0.4879767,0.9758354,3.1226733,0.3127801817413507
1.0,0.038833383849597364,-0.0001120636,-0.0001120636,5.648011e-05,5.648011e-05,-0.48787338,-0.48787022,0.9758354,3.1226733,0.3128106538911996
1.0,0.03884338384959736,-1.0282446e-05,-1.0282446e-05,-5.7009118e-05,-5.7009118e-05,-0.48797354,-0.4879767,0.9758354,3.1226733,0.3128411260410485
1.0,0.03885338384959736,-0.00011204354,-0.00011204354,5.6484594e-05,5.6484594e-05,-0.48787335,-0.4878702,0.9758354,3.1226733,0.31287159819089744
1.0,0.03886338384959736,-1.03025e-05,-1.03025e-05,-5.70136e-05,-5.70136e-05,-0.48797357,-0.4879767,0.9758354,3.1226733,0.31290207034074635
1.0,0.03887338384959736,-0.000112023496,-0.000112023496,5.6489076e-05,5.6489076e-05,-0.48787335,-0.4878702,0.9758354,3.1226733,0.3129325424905953
1.0,0.038883383849597365,-1.03225375e-05,-1.03225375e-05,-5.701808e-05,-5.701808e-05,-0.48797357,-0.48797673,0.9758354,3.122673,0.3129630146380601
1.0,0.03889338384959736,-0.000112003465,-0.000112003465,5.649355e-05,5.649355e-05,-0.48787335,-0.4878702,0.9758354,3.1226735,0.3129934867902932
1.0,0.038903383849597364,-1.0342559e-05,-1.0342559e-05,-5.7022553e-05,-5.7022553e-05,-0.48797357,-0.48797673,0.9758354,3.122673,0.313023958937758
1.0,0.03891338384959736,-0.00011198345,-0.00011198345,5.6498022e-05,5.6498022e-05,-0.48787335,-0.4878702,0.9758354,3.122673,0.31305443108522274
1.0,0.038923383849597364,-1.0362564e-05,-1.0362564e-05,-5.702702e-05,-5.702702e-05,-0.48797357,-0.48797673,0.9758354,3.122673,0.3130849032326875
1.0,0.03893338384959736,-0.000111963454,-0.000111963454,5.6502486e-05,5.6502486e-05,-0.48787335,-0.4878702,0.9758354,3.122673,0.31311537538015227
1.0,0.03894338384959736,-1.0382553e-05,-1.0382553e-05,-5.703148e-05,-5.703148e-05,-0.48797357,-0.48797673,0.9758354,3.122673,0.31314584752761704
1.0,0.03895338384959736,-0.000111943475,-0.000111943475,5.6506942e-05,5.6506942e-05,-0.48787335,-0.4878702,0.9758354,3.122673,0.3131763196750818
1.0,0.03896338384959736,-1.0402527e-05,-1.0402527e-05,-5.7035937e-05,-5.7035937e-05,-0.48797357,-0.48797673,0.9758354,3.1226733,0.3132067918249308
1.0,0.038973383849597365,-0.00011192351,-0.00011192351,5.6511395e-05,5.6511395e-05,-0.48787332,-0.48787016,0.9758354,3.1226733,0.3132372639747797
1.0,0.03898338384959736,-1.0422484e-05,-1.0422484e-05,-5.7040386e-05,-5.7040386e-05,-0.4879736,-0.48797673,0.9758354,3.1226733,0.3132677361246286
1.0,0.038993383849597364,-0.00011190356,-0.00011190356,5.6515844e-05,5.6515844e-05,-0.48787332,-0.48787016,0.9758354,3.1226733,0.3132982082744775
1.0,0.03900338384959736,-1.0442425e-05,-1.0442425e-05,-5.7044832e-05,-5.7044832e-05,-0.4879736,-0.48797676,0.9758354,3.1226733,0.31332868042432643
1.0,0.03901338384959736,-0.00011188362,-0.00011188362,5.6520283e-05,5.6520283e-05,-0.48787332,-0.48787016,0.9758354,3.1226733,0.31335915257417535
1.0,0.03902338384959736,-1.04623505e-05,-1.04623505e-05,-5.704927e-05,-5.704927e-05,-0.4879736,-0.48797676,0.9758354,3.1226733,0.31338962472402426
1.0,0.03903338384959736,-0.00011186371,-0.00011186371,5.652472e-05,5.652472e-05,-0.48787332,-0.48787016,0.9758354,3.1226733,0.3134200968738732
1.0,0.03904338384959736,-1.048226e-05,-1.048226e-05,-5.70537e-05,-5.70537e-05,-0.4879736,-0.48797676,0.9758354,3.122673,0.31345056902133794
1.0,0.03905338384959736,-0.0001118438,-0.0001118438,5.6529152e-05,5.6529152e-05,-0.48787332,-0.48787016,0.9758354,3.1226735,0.31348104117357106
1.0,0.039063383849597365,-1.0502154e-05,-1.0502154e-05,-5.705813e-05,-5.705813e-05,-0.4879736,-0.48797676,0.9758354,3.122673,0.31351151332103583
1.0,0.03907338384959736,-0.000111823916,-0.000111823916,5.6533576e-05,5.6533576e-05,-0.48787332,-0.48787016,0.9758354,3.122673,0.3135419854685006
1.0,0.039083383849597364,-1.05220315e-05,-1.05220315e-05,-5.7062553e-05,-5.7062553e-05,-0.4879736,-0.48797676,0.9758354,3.122673,0.31357245761596536
1.0,0.03909338384959736,-0.000111804045,-0.000111804045,5.6537996e-05,5.6537996e-05,-0.4878733,-0.48787013,0.9758354,3.122673,0.3136029297634301
1.0,0.03910338384959736,-1.0541893e-05,-1.0541893e-05,-5.706697e-05,-5.706697e-05,-0.48797363,-0.48797676,0.9758354,3.122673,0.3136334019108949
1.0,0.03911338384959736,-0.0001117842,-0.0001117842,5.654241e-05,5.654241e-05,-0.4878733,-0.48787013,0.9758354,3.122673,0.31366387405835966
1.0,0.03912338384959736,-1.0561739e-05,-1.0561739e-05,-5.707138e-05,-5.707138e-05,-0.48797363,-0.4879768,0.9758354,3.1226733,0.31369434620820863
1.0,0.039133383849597365,-0.000111764355,-0.000111764355,5.6546814e-05,5.6546814e-05,-0.4878733,-0.48787013,0.9758354,3.1226733,0.31372481835805754
1.0,0.03914338384959736,-1.058157e-05,-1.058157e-05,-5.7075784e-05,-5.7075784e-05,-0.48797363,-0.4879768,0.9758354,3.1226733,0.31375529050790646
1.0,0.039153383849597365,-0.000111744535,-0.000111744535,5.6551216e-05,5.6551216e-05,-0.4878733,-0.48787013,0.9758354,3.1226733,0.3137857626577554
1.0,0.03916338384959736,-1.0601385e-05,-1.0601385e-05,-5.7080182e-05,-5.7080182e-05,-0.48797363,-0.4879768,0.9758354,3.1226733,0.3138162348076043
1.0,0.039173383849597364,-0.00011172472,-0.00011172472,5.6555615e-05,5.6555615e-05,-0.4878733,-0.48787013,0.9758354,3.1226733,0.3138467069574532
1.0,0.03918338384959736,-1.0621185e-05,-1.0621185e-05,-5.7084577e-05,-5.7084577e-05,-0.48797363,-0.4879768,0.9758354,3.1226733,0.3138771791073021
1.0,0.03919338384959736,-0.00011170493,-0.00011170493,5.6560006e-05,5.6560006e-05,-0.4878733,-0.48787013,0.9758354,3.1226733,0.31390765125715103
1.0,0.03920338384959736,-1.0640968e-05,-1.0640968e-05,-5.7088964e-05,-5.7088964e-05,-0.48797363,-0.4879768,0.9758354,3.122673,0.3139381234046158
1.0,0.03921338384959736,-0.000111685156,-0.000111685156,5.656439e-05,5.656439e-05,-0.48787326,-0.4878701,0.9758354,3.1226735,0.3139685955568489
1.0,0.039223383849597365,-1.0660736e-05,-1.0660736e-05,-5.7093348e-05,-5.7093348e-05,-0.48797366,-0.4879768,0.9758354,3.122673,0.3139990677043137
1.0,0.03923338384959736,-0.0001116654,-0.0001116654,5.656877e-05,5.656877e-05,-0.48787326,-0.4878701,0.9758354,3.1226735,0.3140295398565468
1.0,0.039243383849597364,-1.0680489e-05,-1.0680489e-05,-5.7097724e-05,-5.7097724e-05,-0.48797366,-0.48797682,0.9758354,3.122673,0.31406001200401157
1.0,0.03925338384959736,-0.000111645655,-0.000111645655,5.6573143e-05,5.6573143e-05,-0.48787326,-0.4878701,0.9758354,3.122673,0.31409048415147633
1.0,0.039263383849597364,-1.0700226e-05,-1.0700226e-05,-5.7102094e-05,-5.7102094e-05,-0.48797366,-0.48797682,0.9758354,3.122673,0.3141209562989411
1.0,0.03927338384959736,-0.00011162592,-0.00011162592,5.657751e-05,5.657751e-05,-0.48787326,-0.4878701,0.9758354,3.122673,0.31415142844640587
1.0,0.03928338384959736,-1.0719948e-05,-1.0719948e-05,-5.710646e-05,-5.710646e-05,-0.48797366,-0.48797682,0.9758354,3.1226735,0.314181900598639
1.0,0.03929338384959736,-0.00011160621,-0.00011160621,5.6581874e-05,5.6581874e-05,-0.48787326,-0.4878701,0.9758354,3.122673,0.31421237274610375
1.0,0.03930338384959736,-1.07396545e-05,-1.07396545e-05,-5.711082e-05,-5.711082e-05,-0.48797366,-0.48797682,0.9758354,3.1226733,0.3142428448959527
1.0,0.039313383849597365,-0.00011158651,-0.00011158651,5.6586232e-05,5.6586232e-05,-0.48787326,-0.4878701,0.9758354,3.1226733,0.31427331704580164
1.0,0.03932338384959736,-1.0759345e-05,-1.0759345e-05,-5.7115172e-05,-5.7115172e-05,-0.48797366,-0.48797682,0.9758354,3.1226733,0.31430378919565055
1.0,0.039333383849597364,-0.00011156683,-0.00011156683,5.6590583e-05,5.6590583e-05,-0.48787323,-0.48787007,0.9758354,3.1226733,0.31433426134549947
1.0,0.03934338384959736,-1.0779021e-05,-1.0779021e-05,-5.7119523e-05,-5.7119523e-05,-0.4879737,-0.48797685,0.9758354,3.1226733,0.3143647334953484
1.0,0.03935338384959736,-0.00011154716,-0.00011154716,5.659493e-05,5.659493e-05,-0.48787323,-0.48787007,0.9758354,3.1226733,0.3143952056451973
1.0,0.03936338384959736,-1.0798682e-05,-1.0798682e-05,-5.7123867e-05,-5.7123867e-05,-0.4879737,-0.48797685,0.9758354,3.1226733,0.3144256777950462
1.0,0.03937338384959736,-0.00011152751,-0.00011152751,5.659927e-05,5.659927e-05,-0.48787323,-0.48787007,0.9758354,3.1226733,0.3144561499448951
1.0,0.03938338384959736,-1.0818327e-05,-1.0818327e-05,-5.7128203e-05,-5.7128203e-05,-0.4879737,-0.48797685,0.9758354,3.122673,0.3144866220923599
1.0,0.03939338384959736,-0.00011150787,-0.00011150787,5.6603603e-05,5.6603603e-05,-0.48787323,-0.48787007,0.9758354,3.1226735,0.314517094244593
1.0,0.039403383849597365,-1.0837956e-05,-1.0837956e-05,-5.7132536e-05,-5.7132536e-05,-0.4879737,-0.48797685,0.9758354,3.122673,0.3145475663920578
1.0,0.03941338384959736,-0.00011148825,-0.00011148825,5.6607932e-05,5.6607932e-05,-0.48787323,-0.48787007,0.9758354,3.1226735,0.3145780385442909
1.0,0.039423383849597364,-1.08575705e-05,-1.08575705e-05,-5.7136862e-05,-5.7136862e-05,-0.4879737,-0.48797685,0.9758354,3.122673,0.31460851069175566
1.0,0.03943338384959736,-0.00011146864,-0.00011146864,5.6612258e-05,5.6612258e-05,-0.48787323,-0.48787007,0.9758354,3.122673,0.3146389828392204
1.0,0.03944338384959736,-1.087717e-05,-1.087717e-05,-5.7141184e-05,-5.7141184e-05,-0.4879737,-0.48797685,0.9758354,3.122673,0.3146694549866852
1.0,0.03945338384959736,-0.00011144905,-0.00011144905,5.6616573e-05,5.6616573e-05,-0.4878732,-0.48787004,0.9758354,3.122673,0.31469992713414996
1.0,0.03946338384959736,-1.0896755e-05,-1.0896755e-05,-5.71455e-05,-5.71455e-05,-0.48797372,-0.48797688,0.9758354,3.1226735,0.3147303992863831
1.0,0.03947338384959736,-0.00011142947,-0.00011142947,5.6620887e-05,5.6620887e-05,-0.4878732,-0.48787004,0.9758354,3.122673,0.31476087143384784
1.0,0.03948338384959736,-1.0916324e-05,-1.0916324e-05,-5.7149806e-05,-5.7149806e-05,-0.48797372,-0.48797688,0.9758354,3.1226733,0.3147913435836968
1.0,0.039493383849597365,-0.00011140991,-0.00011140991,5.6625195e-05,5.6625195e-05,-0.4878732,-0.48787004,0.9758354,3.1226733,0.31482181573354573
1.0,0.03950338384959736,-1.0935879e-05,-1.0935879e-05,-5.715411e-05,-5.715411e-05,-0.48797372,-0.48797688,0.9758354,3.1226733,0.31485228788339464
1.0,0.039513383849597364,-0.00011139036,-0.00011139036,5.6629495e-05,5.6629495e-05,-0.4878732,-0.48787004,0.9758354,3.1226733,0.31488276003324356
1.0,0.03952338384959736,-1.0955418e-05,-1.0955418e-05,-5.715841e-05,-5.715841e-05,-0.48797372,-0.48797688,0.9758354,3.1226733,0.3149132321830925
1.0,0.03953338384959736,-0.00011137083,-0.00011137083,5.663379e-05,5.663379e-05,-0.4878732,-0.48787004,0.9758354,3.1226733,0.3149437043329414
1.0,0.03954338384959736,-1.0974942e-05,-1.0974942e-05,-5.7162702e-05,-5.7162702e-05,-0.48797372,-0.48797688,0.9758354,3.1226733,0.3149741764827903
1.0,0.03955338384959736,-0.00011135131,-0.00011135131,5.663808e-05,5.663808e-05,-0.4878732,-0.48787004,0.9758354,3.1226733,0.3150046486326393
1.0,0.039563383849597365,-1.0994451e-05,-1.0994451e-05,-5.7166988e-05,-5.7166988e-05,-0.48797372,-0.48797688,0.9758354,3.122673,0.31503512078010404
1.0,0.03957338384959736,-0.000111331814,-0.000111331814,5.6642366e-05,5.6642366e-05,-0.48787317,-0.48787,0.9758354,3.1226733,0.31506559292995295
1.0,0.039583383849597364,-1.1013946e-05,-1.1013946e-05,-5.717127e-05,-5.717127e-05,-0.48797375,-0.4879769,0.9758354,3.122673,0.3150960650774177
1.0,0.03959338384959736,-0.00011131233,-0.00011131233,5.6646644e-05,5.6646644e-05,-0.48787317,-0.48787,0.9758354,3.1226735,0.31512653722965084
1.0,0.039603383849597364,-1.1033426e-05,-1.1033426e-05,-5.7175548e-05,-5.7175548e-05,-0.48797375,-0.4879769,0.9758354,3.122673,0.3151570093771156
1.0,0.03961338384959736,-0.00011129285,-0.00011129285,5.6650915e-05,5.6650915e-05,-0.48787317,-0.48787,0.9758354,3.122673,0.31518748152458037
1.0,0.03962338384959736,-1.105289e-05,-1.105289e-05,-5.7179815e-05,-5.7179815e-05,-0.48797375,-0.4879769,0.9758354,3.122673,0.31521795367204514
1.0,0.03963338384959736,-0.000111273395,-0.000111273395,5.6655183e-05,5.6655183e-05,-0.48787317,-0.48787,0.9758354,3.122673,0.3152484258195099
1.0,0.03964338384959736,-1.107234e-05,-1.107234e-05,-5.7184083e-05,-5.7184083e-05,-0.48797375,-0.4879769,0.9758354,3.122673,0.31527889796697467
1.0,0.039653383849597365,-0.000111253954,-0.000111253954,5.6659446e-05,5.6659446e-05,-0.48787317,-0.48787,0.9758354,3.122673,0.31530937011443944
1.0,0.03966338384959736,-1.1091775e-05,-1.1091775e-05,-5.7188343e-05,-5.7188343e-05,-0.48797375,-0.4879769,0.9758354,3.1226733,0.31533984226428835
1.0,0.039673383849597364,-0.00011123453,-0.00011123453,5.6663703e-05,5.6663703e-05,-0.48787317,-0.48787,0.9758354,3.122673,0.3153703144117531
1.0,0.03968338384959736,-1.1111195e-05,-1.1111195e-05,-5.7192596e-05,-5.7192596e-05,-0.48797375,-0.4879769,0.9758354,3.1226733,0.31540078656160203
1.0,0.03969338384959736,-0.000111215115,-0.000111215115,5.6667952e-05,5.6667952e-05,-0.48787314,-0.48786998,0.9758354,3.1226733,0.31543125871145095
1.0,0.03970338384959736,-1.1130601e-05,-1.1130601e-05,-5.7196845e-05,-5.7196845e-05,-0.48797378,-0.48797694,0.9758354,3.1226733,0.31546173086129986
1.0,0.03971338384959736,-0.00011119572,-0.00011119572,5.6672197e-05,5.6672197e-05,-0.48787314,-0.48786998,0.9758354,3.1226733,0.3154922030111488
1.0,0.03972338384959736,-1.1149992e-05,-1.1149992e-05,-5.7201087e-05,-5.7201087e-05,-0.48797378,-0.48797694,0.9758354,3.1226733,0.3155226751609977
1.0,0.03973338384959736,-0.000111176334,-0.000111176334,5.667644e-05,5.667644e-05,-0.48787314,-0.48786998,0.9758354,3.1226733,0.31555314731084666
1.0,0.039743383849597365,-1.1169368e-05,-1.1169368e-05,-5.720532e-05,-5.720532e-05,-0.48797378,-0.48797694,0.9758354,3.1226733,0.3155836194606956
1.0,0.03975338384959736,-0.000111156965,-0.000111156965,5.6680674e-05,5.6680674e-05,-0.48787314,-0.48786998,0.9758354,3.1226733,0.3156140916105445
1.0,0.039763383849597364,-1.1188729e-05,-1.1188729e-05,-5.7209556e-05,-5.7209556e-05,-0.48797378,-0.48797694,0.9758354,3.122673,0.31564456375800926
1.0,0.03977338384959736,-0.000111137604,-0.000111137604,5.66849e-05,5.66849e-05,-0.48787314,-0.48786998,0.9758354,3.1226733,0.31567503590785817
1.0,0.03978338384959736,-1.1208077e-05,-1.1208077e-05,-5.721378e-05,-5.721378e-05,-0.48797378,-0.48797694,0.9758354,3.122673,0.31570550805532294
1.0,0.03979338384959736,-0.000111118265,-0.000111118265,5.6689125e-05,5.6689125e-05,-0.48787314,-0.48786998,0.9758354,3.1226735,0.31573598020755606
1.0,0.03980338384959736,-1.1227409e-05,-1.1227409e-05,-5.7218e-05,-5.7218e-05,-0.48797378,-0.48797694,0.9758354,3.122673,0.3157664523550208
1.0,0.03981338384959736,-0.00011109894,-0.00011109894,5.669334e-05,5.669334e-05,-0.4878731,-0.48786995,0.9758354,3.1226735,0.31579692450725394
1.0,0.03982338384959736,-1.1246727e-05,-1.1246727e-05,-5.7222216e-05,-5.7222216e-05,-0.4879738,-0.48797697,0.9758354,3.122673,0.3158273966547187
1.0,0.039833383849597365,-0.00011107963,-0.00011107963,5.6697554e-05,5.6697554e-05,-0.4878731,-0.48786995,0.9758354,3.122673,0.3158578688021835
1.0,0.03984338384959736,-1.1266031e-05,-1.1266031e-05,-5.7226425e-05,-5.7226425e-05,-0.4879738,-0.48797697,0.9758354,3.122673,0.31588834094964824
1.0,0.039853383849597364,-0.00011106033,-0.00011106033,5.670176e-05,5.670176e-05,-0.4878731,-0.48786995,0.9758354,3.122673,0.315918813097113
1.0,0.03986338384959736,-1.12853195e-05,-1.12853195e-05,-5.7230627e-05,-5.7230627e-05,-0.4879738,-0.48797697,0.9758354,3.1226735,0.3159492852493461
1.0,0.03987338384959736,-0.00011104105,-0.00011104105,5.670596e-05,5.670596e-05,-0.4878731,-0.48786995,0.9758354,3.122673,0.3159797573968109
1.0,0.03988338384959736,-1.1304594e-05,-1.1304594e-05,-5.7234825e-05,-5.7234825e-05,-0.4879738,-0.48797697,0.9758354,3.1226733,0.3160102295466598
1.0,0.03989338384959736,-0.000111021785,-0.000111021785,5.6710156e-05,5.6710156e-05,-0.4878731,-0.48786995,0.9758354,3.1226733,0.3160407016965088
1.0,0.039903383849597365,-1.1323854e-05,-1.1323854e-05,-5.723902e-05,-5.723902e-05,-0.4879738,-0.48797697,0.9758354,3.1226733,0.3160711738463577
1.0,0.03991338384959736,-0.00011100253,-0.00011100253,5.6714347e-05,5.6714347e-05,-0.4878731,-0.48786995,0.9758354,3.1226733,0.3161016459962066
1.0,0.039923383849597364,-1.13431e-05,-1.13431e-05,-5.7243207e-05,-5.7243207e-05,-0.4879738,-0.48797697,0.9758354,3.1226733,0.3161321181460555
1.0,0.03993338384959736,-0.000110983296,-0.000110983296,5.671853e-05,5.671853e-05,-0.48787308,-0.48786992,0.9758354,3.1226733,0.31616259029590443
1.0,0.039943383849597364,-1.1362331e-05,-1.1362331e-05,-5.7247387e-05,-5.7247387e-05,-0.48797384,-0.487977,0.9758354,3.1226733,0.31619306244575335
1.0,0.03995338384959736,-0.00011096407,-0.00011096407,5.672271e-05,5.672271e-05,-0.48787308,-0.48786992,0.9758354,3.1226733,0.31622353459560226
1.0,0.03996338384959736,-1.1381549e-05,-1.1381549e-05,-5.7251564e-05,-5.7251564e-05,-0.48797384,-0.487977,0.9758354,3.1226733,0.3162540067454512
1.0,0.03997338384959736,-0.000110944864,-0.000110944864,5.6726883e-05,5.6726883e-05,-0.48787308,-0.48786992,0.9758354,3.1226733,0.3162844788953001
1.0,0.03998338384959736,-1.1400751e-05,-1.1400751e-05,-5.7255736e-05,-5.7255736e-05,-0.48797384,-0.487977,0.9758354,3.122673,0.31631495104276486
1.0,0.039993383849597365,-0.00011092566,-0.00011092566,5.6731053e-05,5.6731053e-05,-0.48787308,-0.48786992,0.9758354,3.1226733,0.31634026753401395
1.0,0.04,-1.1424857e-05,-1.1424857e-05,-5.7260953e-05,-5.7260953e-05,-0.48797384,-0.487977,0.9758354,3.122673,0.31636042836508577
