t_s,Icell11_A,Icell12_A,Icell21_A,Icell22_A,Icell31_A,Icell32_A,I_RL_A,V_out_diff_V,E_out_J
0,-4.19E-06,-4.19E-06,-2.65E-07,-2.65E-07,-2.64E-07,-2.64E-07,5.08E-07,1.43E-06,7.27E-23
1.00E-10,-4.16E-06,-4.16E-06,-2.54E-07,-2.54E-07,-2.70E-07,-2.70E-07,5.08E-07,1.43E-06,1.45E-22
2.00E-10,-4.12E-06,-4.12E-06,-2.44E-07,-2.44E-07,-2.75E-07,-2.75E-07,5.08E-07,1.67E-06,2.72E-22
4.00E-10,-4.05E-06,-4.05E-06,-2.22E-07,-2.22E-07,-2.85E-07,-2.85E-07,5.08E-07,1.67E-06,5.27E-22
8.00E-10,-3.91E-06,-3.91E-06,-1.79E-07,-1.79E-07,-3.04E-07,-3.04E-07,5.08E-07,1.43E-06,9.63E-22
1.60E-09,-3.64E-06,-3.64E-06,-9.41E-08,-9.41E-08,-3.38E-07,-3.38E-07,5.08E-07,1.67E-06,1.98E-21
3.20E-09,-3.11E-06,-3.11E-06,6.90E-08,6.90E-08,-3.95E-07,-3.95E-07,5.08E-07,1.67E-06,4.02E-21
6.40E-09,-2.11E-06,-2.11E-06,3.75E-07,3.75E-07,-4.98E-07,-4.98E-07,5.08E-07,1.67E-06,7.91E-21
1.24E-08,-4.25E-07,-4.25E-07,8.84E-07,8.84E-07,-6.88E-07,-6.88E-07,5.09E-07,1.67E-06,1.41E-20
2.09E-08,1.62E-06,1.62E-06,1.50E-06,1.50E-06,-9.46E-07,-9.46E-07,5.09E-07,1.67E-06,2.30E-20
3.35E-08,3.93E-06,3.93E-06,2.19E-06,2.19E-06,-1.26E-06,-1.26E-06,5.10E-07,1.67E-06,3.56E-20
5.03E-08,6.08E-06,6.08E-06,2.82E-06,2.82E-06,-1.56E-06,-1.56E-06,5.11E-07,1.67E-06,5.25E-20
7.33E-08,7.29E-06,7.29E-06,3.19E-06,3.19E-06,-1.73E-06,-1.73E-06,5.12E-07,1.67E-06,6.84E-20
8.73E-08,4.65E-06,4.65E-06,2.42E-06,2.42E-06,-1.35E-06,-1.35E-06,5.12E-07,1.67E-06,7.93E-20
9.89E-08,-2.68E-06,-2.68E-06,2.52E-07,2.52E-07,-2.87E-07,-2.88E-07,5.10E-07,1.67E-06,8.98E-20
1.12E-07,-1.58E-05,-1.58E-05,-3.67E-06,-3.67E-06,1.70E-06,1.70E-06,5.07E-07,1.67E-06,1.02E-19
1.27E-07,-3.15E-05,-3.15E-05,-8.39E-06,-8.39E-06,4.14E-06,4.14E-06,5.02E-07,1.67E-06,1.16E-19
1.47E-07,-5.14E-05,-5.14E-05,-1.44E-05,-1.44E-05,7.27E-06,7.27E-06,4.95E-07,1.67E-06,1.36E-19
1.75E-07,-7.62E-05,-7.62E-05,-2.19E-05,-2.19E-05,1.12E-05,1.12E-05,4.84E-07,1.67E-06,1.62E-19
2.11E-07,-0.00010118,-0.00010118,-2.95E-05,-2.95E-05,1.52E-05,1.52E-05,4.70E-07,1.43E-06,1.92E-19
2.64E-07,-0.000119591,-0.000119591,-3.51E-05,-3.51E-05,1.81E-05,1.81E-05,4.51E-07,1.43E-06,2.27E-19
3.21E-07,-0.000121043,-0.000121043,-3.57E-05,-3.57E-05,1.84E-05,1.84E-05,4.34E-07,1.43E-06,2.68E-19
3.95E-07,-0.000120592,-0.000120592,-3.57E-05,-3.57E-05,1.83E-05,1.83E-05,4.12E-07,1.43E-06,3.16E-19
4.82E-07,-0.000119851,-0.000119851,-3.56E-05,-3.56E-05,1.82E-05,1.82E-05,3.87E-07,1.19E-06,3.66E-19
6.13E-07,-0.000118869,-0.000118869,-3.53E-05,-3.53E-05,1.80E-05,1.80E-05,3.50E-07,1.19E-06,4.29E-19
7.86E-07,-0.000117912,-0.000117912,-3.47E-05,-3.47E-05,1.77E-05,1.77E-05,3.02E-07,9.54E-07,4.91E-19
1.04E-06,-0.000117228,-0.000117228,-3.35E-05,-3.35E-05,1.68E-05,1.68E-05,2.36E-07,9.54E-07,5.54E-19
1.35E-06,-0.000117269,-0.000117269,-3.11E-05,-3.11E-05,1.50E-05,1.50E-05,1.63E-07,4.77E-07,5.79E-19
1.68E-06,-0.000117811,-0.000117811,-2.72E-05,-2.72E-05,1.23E-05,1.23E-05,9.72E-08,4.77E-07,5.95E-19
2.06E-06,-0.000118651,-0.000118651,-2.12E-05,-2.12E-05,8.71E-06,8.71E-06,3.96E-08,2.38E-07,5.99E-19
2.41E-06,-0.000119173,-0.000119173,-1.57E-05,-1.57E-05,5.57E-06,5.57E-06,3.85E-09,0,5.99E-19
2.81E-06,-0.000119105,-0.000119105,-1.07E-05,-1.07E-05,2.81E-06,2.81E-06,-2.09E-08,-2.38E-07,6.00E-19
3.16E-06,-0.000118259,-0.000118259,-7.95E-06,-7.95E-06,1.26E-06,1.26E-06,-3.31E-08,0,6.00E-19
3.53E-06,-0.000116843,-0.000116843,-6.14E-06,-6.14E-06,2.56E-07,2.56E-07,-4.05E-08,0,6.00E-19
3.94E-06,-0.000114903,-0.000114903,-5.17E-06,-5.17E-06,-2.99E-07,-2.99E-07,-4.47E-08,0,6.00E-19
4.22E-06,-0.0001135,-0.0001135,-4.75E-06,-4.75E-06,-5.32E-07,-5.32E-07,-4.63E-08,0,6.00E-19
4.55E-06,-0.000111785,-0.000111785,-4.50E-06,-4.50E-06,-6.77E-07,-6.77E-07,-4.77E-08,-2.38E-07,6.04E-19
4.87E-06,-0.000110146,-0.000110146,-4.29E-06,-4.29E-06,-7.87E-07,-7.87E-07,-4.85E-08,-2.38E-07,6.08E-19
5.22E-06,-0.000108324,-0.000108324,-4.19E-06,-4.19E-06,-8.38E-07,-8.38E-07,-4.92E-08,0,6.08E-19
5.61E-06,-0.000106437,-0.000106437,-4.05E-06,-4.05E-06,-8.96E-07,-8.96E-07,-4.97E-08,-2.38E-07,6.13E-19
6.06E-06,-0.000104211,-0.000104211,-3.98E-06,-3.98E-06,-9.13E-07,-9.13E-07,-5.02E-08,-2.38E-07,6.19E-19
6.56E-06,-0.000101889,-0.000101889,-3.85E-06,-3.85E-06,-9.47E-07,-9.47E-07,-5.07E-08,-2.38E-07,6.25E-19
7.06E-06,-9.95E-05,-9.95E-05,-3.79E-06,-3.79E-06,-9.45E-07,-9.45E-07,-5.11E-08,-2.38E-07,6.31E-19
7.62E-06,-9.71E-05,-9.71E-05,-3.67E-06,-3.67E-06,-9.68E-07,-9.68E-07,-5.15E-08,0,6.31E-19
8.18E-06,-9.48E-05,-9.48E-05,-3.61E-06,-3.61E-06,-9.60E-07,-9.60E-07,-5.19E-08,-2.38E-07,6.38E-19
8.78E-06,-9.23E-05,-9.23E-05,-3.48E-06,-3.48E-06,-9.84E-07,-9.84E-07,-5.23E-08,-2.38E-07,6.46E-19
9.42E-06,-8.99E-05,-8.99E-05,-3.42E-06,-3.42E-06,-9.87E-07,-9.87E-07,-5.28E-08,0,6.46E-19
1.02E-05,-8.73E-05,-8.73E-05,-3.27E-06,-3.27E-06,-1.05E-06,-1.05E-06,-5.33E-08,-2.38E-07,6.56E-19
1.10E-05,-8.49E-05,-8.49E-05,-3.18E-06,-3.18E-06,-1.17E-06,-1.17E-06,-5.41E-08,-2.38E-07,6.70E-19
1.22E-05,-8.37E-05,-8.37E-05,-2.97E-06,-2.97E-06,-1.74E-06,-1.74E-06,-5.58E-08,-2.38E-07,6.85E-19
1.34E-05,-8.69E-05,-8.69E-05,-2.83E-06,-2.83E-06,-3.40E-06,-3.40E-06,-5.96E-08,-2.38E-07,7.01E-19
1.45E-05,-9.38E-05,-9.38E-05,-2.64E-06,-2.64E-06,-6.84E-06,-6.84E-06,-6.64E-08,0,7.01E-19
1.52E-05,-0.00010001,-0.00010001,-2.57E-06,-2.57E-06,-1.06E-05,-1.06E-05,-7.42E-08,-2.38E-07,7.12E-19
1.57E-05,-0.000104301,-0.000104301,-2.48E-06,-2.48E-06,-1.35E-05,-1.35E-05,-8.07E-08,-2.38E-07,7.22E-19
1.63E-05,-0.000108963,-0.000108963,-2.45E-06,-2.45E-06,-1.70E-05,-1.70E-05,-8.95E-08,-2.38E-07,7.34E-19
1.68E-05,-0.000113937,-0.000113937,-2.36E-06,-2.36E-06,-2.11E-05,-2.11E-05,-1.01E-07,-2.38E-07,7.49E-19
1.75E-05,-0.000119091,-0.000119091,-2.35E-06,-2.35E-06,-2.55E-05,-2.55E-05,-1.16E-07,-2.38E-07,7.67E-19
1.82E-05,-0.000124122,-0.000124122,-2.26E-06,-2.26E-06,-3.00E-05,-3.00E-05,-1.34E-07,-4.77E-07,8.09E-19
1.88E-05,-0.000128332,-0.000128332,-2.26E-06,-2.26E-06,-3.40E-05,-3.40E-05,-1.53E-07,-4.77E-07,8.54E-19
1.94E-05,-0.000132077,-0.000132077,-2.19E-06,-2.19E-06,-3.75E-05,-3.75E-05,-1.74E-07,-4.77E-07,9.03E-19
2.00E-05,-0.00013526,-0.00013526,-2.19E-06,-2.19E-06,-4.05E-05,-4.05E-05,-1.95E-07,-4.77E-07,9.56E-19
2.05E-05,-0.000138143,-0.000138143,-2.13E-06,-2.13E-06,-4.31E-05,-4.31E-05,-2.16E-07,-7.15E-07,1.04E-18
2.11E-05,-0.000140768,-0.000140768,-2.14E-06,-2.14E-06,-4.55E-05,-4.55E-05,-2.38E-07,-7.15E-07,1.14E-18
2.16E-05,-0.000143419,-0.000143419,-2.08E-06,-2.08E-06,-4.77E-05,-4.77E-05,-2.62E-07,-7.15E-07,1.25E-18
2.23E-05,-0.000146222,-0.000146222,-2.09E-06,-2.09E-06,-4.98E-05,-4.98E-05,-2.90E-07,-9.54E-07,1.45E-18
2.31E-05,-0.000149634,-0.000149634,-2.01E-06,-2.01E-06,-5.22E-05,-5.22E-05,-3.27E-07,-9.54E-07,1.79E-18
2.44E-05,-0.00015419,-0.00015419,-1.96E-06,-1.96E-06,-5.53E-05,-5.53E-05,-3.90E-07,-1.19E-06,2.39E-18
2.57E-05,-0.000157445,-0.000157445,-1.84E-06,-1.84E-06,-5.73E-05,-5.73E-05,-4.51E-07,-1.43E-06,3.19E-18
2.69E-05,-0.000159876,-0.000159876,-1.81E-06,-1.81E-06,-5.87E-05,-5.87E-05,-5.13E-07,-1.67E-06,4.34E-18
2.84E-05,-0.000161908,-0.000161908,-1.69E-06,-1.69E-06,-5.97E-05,-5.97E-05,-5.87E-07,-1.91E-06,5.35E-18
2.87E-05,-0.000162285,-0.000162285,-1.69E-06,-1.69E-06,-5.99E-05,-5.99E-05,-6.06E-07,-1.91E-06,5.72E-18
2.90E-05,-0.000165577,-0.000165577,3.56E-06,3.56E-06,-6.26E-05,-6.26E-05,-6.10E-07,-1.91E-06,5.96E-18
2.91E-05,-0.000175159,-0.000175159,2.01E-05,2.01E-05,-7.07E-05,-7.07E-05,-5.90E-07,-1.91E-06,6.10E-18
2.92E-05,-0.000166966,-0.000166966,4.82E-06,4.82E-06,-6.31E-05,-6.31E-05,-5.97E-07,-1.91E-06,6.21E-18
2.93E-05,-0.000174924,-0.000174924,1.89E-05,1.89E-05,-7.00E-05,-7.00E-05,-5.81E-07,-1.91E-06,6.32E-18
2.94E-05,-0.000168121,-0.000168121,6.05E-06,6.05E-06,-6.37E-05,-6.37E-05,-5.86E-07,-1.91E-06,6.48E-18
2.96E-05,-0.000175152,-0.000175152,1.82E-05,1.82E-05,-6.97E-05,-6.97E-05,-5.67E-07,-1.91E-06,6.71E-18
2.99E-05,-0.000169382,-0.000169382,6.67E-06,6.67E-06,-6.40E-05,-6.40E-05,-5.63E-07,-1.67E-06,7.00E-18
3.03E-05,-0.000176373,-0.000176373,1.81E-05,1.81E-05,-6.96E-05,-6.96E-05,-5.36E-07,-1.91E-06,7.45E-18
3.08E-05,-0.000171361,-0.000171361,7.19E-06,7.19E-06,-6.41E-05,-6.41E-05,-5.19E-07,-1.67E-06,7.93E-18
3.14E-05,-0.00017847,-0.00017847,1.83E-05,1.83E-05,-6.95E-05,-6.95E-05,-4.80E-07,-1.67E-06,8.47E-18
3.21E-05,-0.000173877,-0.000173877,7.79E-06,7.79E-06,-6.42E-05,-6.42E-05,-4.52E-07,-1.43E-06,9.03E-18
3.31E-05,-0.000181249,-0.000181249,1.88E-05,1.88E-05,-6.93E-05,-6.93E-05,-3.94E-07,-1.19E-06,9.59E-18
3.45E-05,-0.000177451,-0.000177451,8.61E-06,8.61E-06,-6.37E-05,-6.37E-05,-3.31E-07,-1.19E-06,1.02E-17
3.61E-05,-0.000185358,-0.000185358,1.96E-05,1.96E-05,-6.81E-05,-6.81E-05,-2.31E-07,-7.15E-07,1.05E-17
3.86E-05,-0.000183095,-0.000183095,9.72E-06,9.72E-06,-6.09E-05,-6.09E-05,-5.61E-08,0,1.05E-17
3.92E-05,-0.000184481,-0.000184481,1.22E-05,1.22E-05,-6.20E-05,-6.20E-05,-2.07E-08,-2.38E-07,1.05E-17
3.96E-05,-0.000173146,-0.000173146,-7.33E-06,-7.33E-06,-5.28E-05,-5.28E-05,-4.03E-08,-2.38E-07,1.05E-17
3.98E-05,-0.000183542,-0.000183542,1.21E-05,1.21E-05,-6.23E-05,-6.23E-05,-2.83E-08,-2.38E-07,1.05E-17
4.00E-05,-0.00017261,-0.00017261,-7.36E-06,-7.36E-06,-5.29E-05,-5.29E-05,-4.60E-08,0,1.05E-17
4.02E-05,-0.000182928,-0.000182928,1.21E-05,1.21E-05,-6.24E-05,-6.24E-05,-3.49E-08,-2.38E-07,1.05E-17
4.04E-05,-0.000171962,-0.000171962,-7.38E-06,-7.38E-06,-5.31E-05,-5.31E-05,-5.41E-08,-2.38E-07,1.05E-17
4.09E-05,-0.000181913,-0.000181913,1.21E-05,1.21E-05,-6.26E-05,-6.26E-05,-4.87E-08,-2.38E-07,1.05E-17
4.13E-05,-0.000170694,-0.000170694,-7.44E-06,-7.44E-06,-5.33E-05,-5.33E-05,-7.34E-08,-2.38E-07,1.06E-17
4.19E-05,-0.000180501,-0.000180501,1.20E-05,1.20E-05,-6.27E-05,-6.27E-05,-7.29E-08,-2.38E-07,1.06E-17
4.26E-05,-0.000169059,-0.000169059,-7.51E-06,-7.51E-06,-5.33E-05,-5.33E-05,-1.05E-07,-4.77E-07,1.06E-17
4.35E-05,-0.000178454,-0.000178454,1.19E-05,1.19E-05,-6.25E-05,-6.25E-05,-1.16E-07,-4.77E-07,1.07E-17
4.46E-05,-0.000166549,-0.000166549,-7.63E-06,-7.63E-06,-5.29E-05,-5.29E-05,-1.64E-07,-4.77E-07,1.08E-17
4.65E-05,-0.000175015,-0.000175015,1.17E-05,1.17E-05,-6.15E-05,-6.15E-05,-2.09E-07,-7.15E-07,1.11E-17
4.89E-05,-0.000161783,-0.000161783,-7.86E-06,-7.86E-06,-5.07E-05,-5.07E-05,-3.08E-07,-9.54E-07,1.19E-17
5.18E-05,-0.000169462,-0.000169462,1.15E-05,1.15E-05,-5.78E-05,-5.78E-05,-3.97E-07,-1.19E-06,1.33E-17
5.51E-05,-0.000155614,-0.000155614,-8.17E-06,-8.17E-06,-4.50E-05,-4.50E-05,-5.31E-07,-1.67E-06,1.55E-17
5.67E-05,-0.000164538,-0.000164538,1.12E-05,1.12E-05,-5.21E-05,-5.21E-05,-5.74E-07,-1.91E-06,1.69E-17
5.76E-05,-0.000356159,-0.000356159,-8.36E-06,-8.36E-06,-0.00079981,-0.000799838,8.69E-07,2.86E-06,1.88E-17
5.83E-05,-0.000402866,-0.000402866,1.10E-05,1.10E-05,-0.000972354,-0.000972377,3.22E-06,1.05E-05,3.53E-17
5.85E-05,-0.000341682,-0.000341682,-8.52E-06,-8.52E-06,-0.001376084,-0.001376111,5.01E-06,1.60E-05,5.55E-17
5.88E-05,-0.000238099,-0.000238099,1.09E-05,1.09E-05,-0.004398613,-0.004398616,1.05E-05,3.39E-05,1.22E-16
5.89E-05,-0.000240514,-0.000240514,-8.58E-06,-8.58E-06,-0.00963888,-0.009638911,2.07E-05,6.63E-05,3.54E-16
5.91E-05,-0.000195458,-0.000195458,1.08E-05,1.08E-05,-0.0191333,-0.019133288,4.23E-05,0.000135422,1.39E-15
5.93E-05,-0.000210734,-0.000210734,-8.67E-06,-8.67E-06,-0.03375524,-0.033755276,8.18E-05,0.000261784,5.92E-15
5.95E-05,-0.000173369,-0.000173369,1.07E-05,1.07E-05,-0.060525946,-0.06052591,0.000168671,0.00053978,2.93E-14
5.98E-05,-0.000193217,-0.000193217,-8.86E-06,-8.86E-06,-0.10241778,-0.10241782,0.000334081,0.001069069,1.44E-13
6.02E-05,-0.000159572,-0.000159572,1.04E-05,1.04E-05,-0.177753,-0.17775293,0.000702112,0.002246618,8.07E-13
6.06E-05,-0.00018184,-0.00018184,-9.20E-06,-9.20E-06,-0.30616826,-0.30616832,0.001495273,0.004785061,4.24E-12
6.11E-05,-0.000151367,-0.000151367,9.99E-06,9.99E-06,-0.47385612,-0.473856,0.002783017,0.008905649,1.61E-11
6.16E-05,-0.000176257,-0.000176257,-9.58E-06,-9.58E-06,-0.6677125,-0.66771257,0.004580131,0.014656544,4.93E-11
6.21E-05,-0.000147156,-0.000147156,9.61E-06,9.61E-06,-0.9121366,-0.9121365,0.007274617,0.023278713,1.42E-10
6.27E-05,-0.000172495,-0.000172495,-9.95E-06,-9.95E-06,-1.2206836,-1.2206837,0.011328163,0.036250114,4.04E-10
6.34E-05,-0.000143458,-0.000143458,9.26E-06,9.26E-06,-1.6205759,-1.6205758,0.017673155,0.05655408,9.80E-10
6.38E-05,-0.000169378,-0.000169378,-1.02E-05,-1.02E-05,-1.9010596,-1.9010597,0.0229045,0.0732944,1.69E-09
6.42E-05,-0.000141228,-0.000141228,9.15E-06,9.15E-06,-2.1389718,-2.1389718,0.027901106,0.08928347,2.50E-09
6.45E-05,-0.00016765,-0.00016765,-1.02E-05,-1.02E-05,-2.2993095,-2.2993097,0.031588703,0.101083755,3.23E-09
6.47E-05,-0.000140042,-0.000140042,9.11E-06,9.11E-06,-2.4220557,-2.4220555,0.03459745,0.11071181,3.98E-09
6.49E-05,-0.000166585,-0.000166585,-1.02E-05,-1.02E-05,-2.5363622,-2.5363624,0.03755845,0.120187044,4.84E-09
6.51E-05,-0.000139058,-0.000139058,9.10E-06,9.10E-06,-2.652557,-2.6525567,0.04073317,0.13034606,5.84E-09
6.53E-05,-0.000165521,-0.000165521,-1.02E-05,-1.02E-05,-2.7619805,-2.7619808,0.043895207,0.14046478,6.98E-09
6.54E-05,-0.000138032,-0.000138032,9.12E-06,9.12E-06,-2.8705578,-2.8705575,0.047218733,0.15109992,8.31E-09
6.56E-05,-0.00016433,-0.00016433,-1.01E-05,-1.01E-05,-2.975635,-2.9756353,0.050661623,0.16211724,9.86E-09
6.58E-05,-0.000136706,-0.000136706,9.22E-06,9.22E-06,-3.078095,-3.078095,0.05431664,0.1738131,1.17E-08
6.60E-05,-0.000162589,-0.000162589,-9.90E-06,-9.90E-06,-3.1769295,-3.17693,0.05830283,0.18656921,1.41E-08
6.63E-05,-0.000134487,-0.000134487,9.54E-06,9.54E-06,-3.272585,-3.2725847,0.06294639,0.20142841,1.74E-08
6.66E-05,-0.000159626,-0.000159626,-9.43E-06,-9.43E-06,-3.3684025,-3.3684032,0.06920417,0.22145343,2.44E-08
6.72E-05,-0.000130361,-0.000130361,1.01E-05,1.01E-05,-3.4822807,-3.4822807,0.08204863,0.2625556,3.77E-08
6.78E-05,-0.000155686,-0.000155686,-8.99E-06,-8.99E-06,-3.540463,-3.540464,0.09584057,0.30668998,5.85E-08
6.86E-05,-0.000127246,-0.000127246,1.03E-05,1.03E-05,-3.573312,-3.5733118,0.112885125,0.36123252,1.00E-07
6.98E-05,-0.000151967,-0.000151967,-8.89E-06,-8.89E-06,-3.5888262,-3.5888271,0.14098027,0.45113683,1.97E-07
7.16E-05,-0.000122269,-0.000122269,1.03E-05,1.03E-05,-3.582928,-3.5829277,0.17956673,0.57461333,3.35E-07
7.25E-05,-0.000147656,-0.000147656,-8.93E-06,-8.93E-06,-3.5764287,-3.5764296,0.1994295,0.63817406,4.27E-07
7.31E-05,-0.000131605,-0.000131605,1.03E-05,1.03E-05,-3.5726507,-3.5726502,0.2108914,0.6748524,4.85E-07
7.33E-05,-0.000680237,-0.000680237,-8.42E-06,-8.42E-06,-3.5702705,-3.5702715,0.21712592,0.69480324,5.24E-07
7.36E-05,-0.000472897,-0.000472897,1.14E-05,1.14E-05,-3.5680149,-3.5680146,0.22199176,0.71037364,5.56E-07
7.38E-05,-0.00059679,-0.00059679,-7.38E-06,-7.38E-06,-3.5660346,-3.5660355,0.22605607,0.7233794,5.88E-07
7.40E-05,-0.000563654,-0.000563654,1.23E-05,1.23E-05,-3.5640812,-3.5640807,0.23037642,0.7372048,6.34E-07
7.43E-05,-0.00061193,-0.00061193,-6.07E-06,-6.07E-06,-3.5608597,-3.5608606,0.23768295,0.7605853,7.04E-07
7.47E-05,-0.000607982,-0.000607982,1.42E-05,1.42E-05,-3.557184,-3.5571835,0.24715088,0.7908828,7.79E-07
7.51E-05,-0.000641152,-0.000641152,-4.24E-06,-4.24E-06,-3.5547543,-3.5547552,0.2540707,0.8130262,8.36E-07
7.53E-05,-0.001245003,-0.001245003,1.53E-05,1.53E-05,-3.5534525,-3.553452,0.25896686,0.82869387,8.66E-07
7.53E-05,-0.001828072,-0.001828072,-3.84E-06,-3.84E-06,-3.5532308,-3.5532317,0.26005447,0.8321743,8.75E-07
7.54E-05,-0.002362251,-0.002362251,1.52E-05,1.52E-05,-3.553197,-3.5531962,0.2606906,0.83421016,8.79E-07
7.54E-05,-0.00259985,-0.00259985,-3.66E-06,-3.66E-06,-3.5531514,-3.5531523,0.2609251,0.8349602,8.81E-07
7.54E-05,-0.002689122,-0.002689122,1.48E-05,1.48E-05,-3.553167,-3.5531666,0.26104936,0.8353579,8.82E-07
7.54E-05,-0.002794913,-0.002794913,-3.02E-06,-3.02E-06,-3.5531397,-3.5531409,0.2611357,0.83563423,8.83E-07
7.54E-05,-0.002866552,-0.002866552,1.41E-05,1.41E-05,-3.5531552,-3.5531545,0.26123375,0.8359482,8.84E-07
7.54E-05,-0.002984417,-0.002984417,-2.42E-06,-2.42E-06,-3.55313,-3.553131,0.26133206,0.83626294,8.85E-07
7.54E-05,-0.003161381,-0.003161381,1.37E-05,1.37E-05,-3.5531406,-3.5531402,0.26152888,0.8368926,8.88E-07
7.54E-05,-0.003597582,-0.003597582,-2.23E-06,-2.23E-06,-3.55311,-3.5531108,0.2619223,0.83815145,8.95E-07
7.55E-05,-0.004489747,-0.004489747,1.36E-05,1.36E-05,-3.5531263,-3.5531259,0.26270923,0.8406694,9.07E-07
7.55E-05,-0.006655822,-0.006655822,-2.21E-06,-2.21E-06,-3.5531766,-3.5531778,0.26428276,0.84570456,9.31E-07
7.57E-05,-0.012198184,-0.012198184,1.35E-05,1.35E-05,-3.5535781,-3.5535774,0.26742923,0.85577345,9.77E-07
7.59E-05,-0.025545476,-0.025545476,-2.29E-06,-2.29E-06,-3.5548089,-3.55481,0.2727999,0.87295985,1.04E-06
7.62E-05,-0.047714975,-0.047714975,1.34E-05,1.34E-05,-3.5571346,-3.557134,0.27925164,0.89360523,1.13E-06
7.67E-05,-0.08917941,-0.08917941,-2.44E-06,-2.44E-06,-3.5615141,-3.5615153,0.28821403,0.9222851,1.23E-06
7.70E-05,-0.12781629,-0.12781629,1.32E-05,1.32E-05,-3.5656085,-3.5656078,0.29492658,0.9437649,1.32E-06
7.73E-05,-0.172441,-0.172441,-2.56E-06,-2.56E-06,-3.5702138,-3.570215,0.30161926,0.9651818,1.41E-06
7.76E-05,-0.22871938,-0.22871938,1.30E-05,1.30E-05,-3.5759459,-3.5759451,0.30906805,0.9890177,1.52E-06
7.80E-05,-0.29263097,-0.29263097,-2.70E-06,-2.70E-06,-3.5822585,-3.5822594,0.31664115,1.0132515,1.63E-06
7.83E-05,-0.36193794,-0.36193794,1.29E-05,1.29E-05,-3.5889835,-3.5889828,0.32413703,1.0372386,1.75E-06
7.87E-05,-0.4344814,-0.4344814,-2.83E-06,-2.83E-06,-3.5958204,-3.5958214,0.3314066,1.0605011,1.88E-06
7.91E-05,-0.53101224,-0.53101224,1.27E-05,1.27E-05,-3.604742,-3.604741,0.34042504,1.08936,2.05E-06
7.96E-05,-0.64929986,-0.64929986,-3.00E-06,-3.00E-06,-3.615334,-3.615335,0.35073048,1.1223373,2.26E-06
8.02E-05,-0.8093929,-0.8093929,1.25E-05,1.25E-05,-3.629287,-3.629286,0.36376816,1.1640582,2.54E-06
8.09E-05,-1.0118178,-1.0118178,-3.25E-06,-3.25E-06,-3.646334,-3.646335,0.37922812,1.2135301,2.93E-06
8.19E-05,-1.2995385,-1.2995385,1.22E-05,1.22E-05,-3.6698842,-3.6698833,0.39995086,1.2798429,3.50E-06
8.31E-05,-1.6999304,-1.6999304,-3.66E-06,-3.66E-06,-3.7020178,-3.7020187,0.42738476,1.367631,4.43E-06
8.50E-05,-2.3346622,-2.3346622,1.16E-05,1.16E-05,-3.7549856,-3.7549846,0.46952787,1.5024889,6.18E-06
8.81E-05,-3.3332112,-3.3332112,-4.56E-06,-4.56E-06,-3.8715565,-3.8715575,0.5371071,1.7187428,8.39E-06
8.98E-05,-3.8763125,-3.8763125,1.06E-05,1.06E-05,-4.024328,-4.0243273,0.5778235,1.8490353,9.90E-06
9.09E-05,-4.1689343,-4.1689343,-5.41E-06,-5.41E-06,-4.2043834,-4.2043843,0.60309696,1.9299102,1.11E-05
9.19E-05,-4.4163895,-4.4163895,1.00E-05,1.00E-05,-4.422253,-4.422252,0.6275931,2.0082982,1.18E-05
9.20E-05,-4.459981,-4.459981,-5.63E-06,-5.63E-06,-4.463865,-4.4638658,0.63224113,2.0231714,1.21E-05
9.23E-05,-4.5279107,-4.5279107,9.94E-06,9.94E-06,-4.5301914,-4.5301905,0.639703,2.0470498,1.25E-05
9.26E-05,-4.6019125,-4.6019125,-5.70E-06,-5.70E-06,-4.602877,-4.602878,0.6481202,2.0739846,1.30E-05
9.30E-05,-4.6840134,-4.6840134,9.85E-06,9.85E-06,-4.6845613,-4.68456,0.6578482,2.1051142,1.35E-05
9.34E-05,-4.765516,-4.765516,-5.78E-06,-5.78E-06,-4.7655606,-4.765561,0.6679064,2.1373003,1.40E-05
9.38E-05,-4.861907,-4.861907,9.74E-06,9.74E-06,-4.8620152,-4.8620143,0.6803779,2.1772094,1.47E-05
9.43E-05,-4.9719734,-4.9719734,-5.88E-06,-5.88E-06,-4.9718122,-4.971813,0.6954015,2.2252848,1.57E-05
9.50E-05,-5.110359,-5.110359,9.60E-06,9.60E-06,-5.110389,-5.1103883,0.7156244,2.289998,1.70E-05
9.59E-05,-5.2845664,-5.2845664,-6.05E-06,-6.05E-06,-5.284381,-5.2843814,0.7434027,2.3788888,1.94E-05
9.77E-05,-5.592519,-5.592519,9.33E-06,9.33E-06,-5.592542,-5.5925407,0.8001521,2.560487,2.35E-05
0.0001,-5.924735,-5.924735,-6.42E-06,-6.42E-06,-5.9245462,-5.924547,0.8759459,2.8030272,2.63E-05
0.0001,-5.9246845,-5.9246845,-1.74E-05,-1.74E-05,-5.924458,-5.924471,0.87594604,2.8030272,2.63E-05
0.0001,-5.924731,-5.924731,-3.34E-05,-3.34E-05,-5.9246163,-5.9245977,0.8759467,2.8030295,2.63E-05
0.0001,-5.924747,-5.924747,2.02E-05,2.02E-05,-5.92461,-5.924625,0.8759478,2.8030329,2.63E-05
0.0001,-5.9247465,-5.9247465,-1.83E-05,-1.83E-05,-5.924653,-5.924639,0.87595,2.8030398,2.63E-05
0.0001,-5.924766,-5.924766,1.85E-05,1.85E-05,-5.9246554,-5.9246683,0.87595385,2.8030522,2.63E-05
0.0001,-5.9247823,-5.9247823,-1.58E-05,-1.58E-05,-5.9247127,-5.9247,0.8759618,2.803078,2.63E-05
0.000100001,-5.924848,-5.924848,1.83E-05,1.83E-05,-5.9247503,-5.9247627,0.8759776,2.8031282,2.63E-05
0.000100002,-5.924962,-5.924962,-1.55E-05,-1.55E-05,-5.9248924,-5.9248796,0.8760092,2.8032296,2.63E-05
0.000100004,-5.9252133,-5.9252133,1.81E-05,1.81E-05,-5.9251156,-5.925128,0.87607235,2.8034317,2.63E-05
0.000100007,-5.9256926,-5.9256926,-1.54E-05,-1.54E-05,-5.9256234,-5.9256105,0.87619877,2.803836,2.64E-05
0.000100015,-5.926676,-5.926676,1.81E-05,1.81E-05,-5.926578,-5.926591,0.87645155,2.804645,2.64E-05
0.000100029,-5.928618,-5.928618,-1.54E-05,-1.54E-05,-5.928549,-5.928536,0.8769573,2.8062632,2.64E-05
0.000100059,-5.9325194,-5.9325194,1.81E-05,1.81E-05,-5.9324217,-5.9324346,0.8779692,2.8095016,2.65E-05
0.000100118,-5.9402704,-5.9402704,-1.54E-05,-1.54E-05,-5.9402018,-5.940189,0.8799949,2.8159838,2.68E-05
0.000100235,-5.9556828,-5.9556828,1.81E-05,1.81E-05,-5.955585,-5.9555974,0.8840536,2.8289716,2.72E-05
0.000100471,-5.9860277,-5.9860277,-1.54E-05,-1.54E-05,-5.9859586,-5.9859457,0.8921999,2.8550394,2.81E-05
0.000100941,-6.04496,-6.04496,1.80E-05,1.80E-05,-6.0448623,-6.0448747,0.90860444,2.9075341,3.00E-05
0.000101883,-6.15594,-6.15594,-1.55E-05,-1.55E-05,-6.155871,-6.155858,0.9418362,3.0138757,3.23E-05
0.000102572,-6.2315946,-6.2315946,1.79E-05,1.79E-05,-6.2314963,-6.231509,0.96650016,3.0928006,3.42E-05
0.00010313,-6.2894907,-6.2894907,-1.56E-05,-1.56E-05,-6.2894216,-6.2894087,0.98664653,3.1572688,3.56E-05
0.000103505,-6.3268714,-6.3268714,1.78E-05,1.78E-05,-6.3267736,-6.3267865,1.0003035,3.2009714,3.66E-05
0.000103756,-6.3511147,-6.3511147,-1.57E-05,-1.57E-05,-6.351046,-6.351033,1.0094718,3.2303097,3.74E-05
0.000103975,-6.371766,-6.371766,1.78E-05,1.78E-05,-6.371669,-6.371681,1.0174909,3.2559707,3.81E-05
0.000104201,-6.3925,-6.3925,-1.57E-05,-1.57E-05,-6.3924313,-6.3924184,1.0257877,3.2825208,3.88E-05
0.000104411,-6.4111876,-6.4111876,1.77E-05,1.77E-05,-6.4110904,-6.4111032,1.0335351,3.3073123,3.96E-05
0.000104625,-6.4292583,-6.4292583,-1.57E-05,-1.57E-05,-6.42919,-6.4291773,1.041425,3.33256,4.03E-05
0.000104839,-6.445907,-6.445907,1.77E-05,1.77E-05,-6.4458113,-6.4458237,1.0493318,3.3578618,4.11E-05
0.000105058,-6.4605155,-6.4605155,-1.57E-05,-1.57E-05,-6.46045,-6.4604373,1.0574777,3.3839285,4.19E-05
0.000105291,-6.47159,-6.47159,1.78E-05,1.78E-05,-6.471498,-6.471511,1.0661265,3.411605,4.28E-05
0.000105556,-6.4761863,-6.4761863,-1.56E-05,-1.56E-05,-6.4761267,-6.476114,1.0759505,3.4430413,4.39E-05
0.000105897,-6.4666586,-6.4666586,1.80E-05,1.80E-05,-6.4665723,-6.466585,1.0885786,3.4834511,4.54E-05
0.000106363,-6.429363,-6.429363,-1.54E-05,-1.54E-05,-6.4293075,-6.429295,1.1057358,3.5383544,4.71E-05
0.000106737,-6.3854256,-6.3854256,1.81E-05,1.81E-05,-6.38534,-6.385353,1.1193631,3.5819619,4.87E-05
0.000107188,-6.3218136,-6.3218136,-1.53E-05,-1.53E-05,-6.3217573,-6.3217444,1.1356496,3.6340785,5.07E-05
0.000107684,-6.2436748,-6.2436748,1.81E-05,1.81E-05,-6.2435865,-6.2436,1.1533023,3.6905673,5.39E-05
0.000108676,-6.0741916,-6.0741916,-1.54E-05,-1.54E-05,-6.074129,-6.0741167,1.1877513,3.800804,5.87E-05
0.000109834,-5.870153,-5.870153,1.80E-05,1.80E-05,-5.870056,-5.8700695,1.2264568,3.9246619,6.46E-05
0.000111111,-5.6505404,-5.6505404,-1.55E-05,-1.55E-05,-5.65047,-5.650457,1.2672983,4.055355,7.14E-05
0.000112502,-5.4267483,-5.4267483,1.78E-05,1.78E-05,-5.4266434,-5.4266562,1.3097085,4.1910667,8.04E-05
0.000114391,-5.155758,-5.155758,-1.57E-05,-1.57E-05,-5.1556783,-5.1556654,1.3640944,4.365102,9.39E-05
0.000117035,-4.843069,-4.843069,1.75E-05,1.75E-05,-4.842954,-4.842967,1.4349084,4.591707,0.000113285
0.000120268,-4.5559015,-4.5559015,-1.61E-05,-1.61E-05,-4.5558124,-4.5557995,1.5147746,4.8472786,0.000136516
0.000123362,-4.361104,-4.361104,1.72E-05,1.72E-05,-4.360981,-4.3609943,1.5858568,5.074742,0.000162346
0.000126687,-4.2160344,-4.2160344,-1.64E-05,-1.64E-05,-4.215939,-4.215926,1.65801,5.305632,0.000190943
0.000129864,-4.123058,-4.123058,1.69E-05,1.69E-05,-4.1229305,-4.122944,1.7239286,5.516571,0.000224997
0.000133849,-4.049533,-4.049533,-1.66E-05,-1.66E-05,-4.0494347,-4.049422,1.8036586,5.771708,0.000266999
0.000137934,-4.008502,-4.008502,1.67E-05,1.67E-05,-4.0083723,-4.008385,1.8829349,6.025392,0.000301124
0.000139864,-3.9063852,-3.9063852,-1.65E-05,-1.65E-05,-3.9062908,-3.906278,1.919144,6.141261,0.000319966
0.000141131,-3.6279697,-3.6279697,1.75E-05,1.75E-05,-3.627859,-3.6278725,1.941144,6.211661,0.000332008
0.000141862,-3.4254963,-3.4254963,-1.62E-05,-1.62E-05,-3.4254134,-3.4254005,1.9526751,6.2485604,0.00034163
0.000142708,-3.1775372,-3.1775372,1.76E-05,1.76E-05,-3.1774344,-3.1774478,1.9648023,6.2873673,0.00035279
0.000143668,-2.8964264,-2.8964264,-1.62E-05,-1.62E-05,-2.8963513,-2.8963385,1.9769326,6.3261847,0.000364518
0.000144584,-2.6418502,-2.6418502,1.75E-05,1.75E-05,-2.6417542,-2.6417675,1.9869446,6.3582225,0.00037698
0.000145641,-2.373287,-2.373287,-1.63E-05,-1.63E-05,-2.373218,-2.3732052,1.9967618,6.389638,0.000391225
0.000146817,-2.1127644,-2.1127644,1.74E-05,1.74E-05,-2.1126742,-2.1126876,2.0057254,6.4183207,0.000407333
0.000148144,-1.8677957,-1.8677957,-1.65E-05,-1.65E-05,-1.8677324,-1.8677194,2.0137403,6.443969,0.000425675
0.000149644,-1.64888,-1.64888,1.72E-05,1.72E-05,-1.6487952,-1.6488085,2.02063,6.466016,0.000446809
0.000151379,-1.4604055,-1.4604055,-1.67E-05,-1.67E-05,-1.4603474,-1.4603343,2.0263965,6.484469,0.000470568
0.00015326,-1.3175623,-1.3175623,1.70E-05,1.70E-05,-1.3174826,-1.3174958,2.0307107,6.4982743,0.000498668
0.000155638,-1.2010665,-1.2010665,-1.69E-05,-1.69E-05,-1.2010134,-1.2010003,2.0342476,6.509592,0.000531866
0.000158274,-1.126399,-1.126399,1.68E-05,1.68E-05,-1.1263244,-1.1263375,2.0366051,6.5171366,0.000565154
0.000160653,-1.0884767,-1.0884767,-1.70E-05,-1.70E-05,-1.0884281,-1.088415,2.0379014,6.521284,0.000600053
0.000163526,-1.0625702,-1.0625702,1.68E-05,1.68E-05,-1.0624996,-1.0625128,2.038896,6.524467,0.00063786
0.000166338,-1.0488733,-1.0488733,-1.70E-05,-1.70E-05,-1.0488286,-1.0488155,2.0395215,6.5264688,0.000684418
0.000170522,-1.0382149,-1.0382149,1.67E-05,1.67E-05,-1.0381486,-1.0381618,2.0401318,6.5284214,0.000737727
0.000174343,-1.0333565,-1.0333565,-1.71E-05,-1.71E-05,-1.0333161,-1.033303,2.0405009,6.529603,0.000809366
0.000181275,-1.0285944,-1.0285944,1.67E-05,1.67E-05,-1.0285325,-1.0285456,2.0409555,6.531058,0.000903306
0.000188438,-1.0260793,-1.0260793,-1.71E-05,-1.71E-05,-1.0260435,-1.0260304,2.0412557,6.532018,0.001015954
0.000198172,-1.0240611,-1.0240611,1.66E-05,1.66E-05,-1.0240031,-1.0240163,2.041519,6.5328608,0.001146505
0.000208015,-1.0229309,-1.0229309,-1.72E-05,-1.72E-05,-1.0228984,-1.0228853,2.0416815,6.533381,0.001278848
0.000218015,-1.0222914,-1.0222914,1.66E-05,1.66E-05,-1.0222358,-1.0222489,2.0417871,6.533719,0.001412252
0.000228015,-1.0218428,-1.0218428,-1.72E-05,-1.72E-05,-1.021812,-1.0217987,2.0418563,6.53394,0.001545666
0.000238015,-1.0215951,-1.0215951,1.66E-05,1.66E-05,-1.0215405,-1.0215536,2.0419018,6.534086,0.001679086
0.000248015,-1.0214038,-1.0214038,-1.72E-05,-1.72E-05,-1.0213735,-1.0213604,2.0419326,6.5341845,0.001812509
0.000258015,-1.0213025,-1.0213025,1.66E-05,1.66E-05,-1.0212483,-1.0212615,2.0419533,6.5342507,0.001945936
0.000268015,-1.0212084,-1.0212084,-1.72E-05,-1.72E-05,-1.0211785,-1.0211654,2.0419674,6.5342956,0.002079364
0.000278015,-1.0211704,-1.0211704,1.66E-05,1.66E-05,-1.0211164,-1.0211295,2.0419772,6.534327,0.002212793
0.000288015,-1.0211188,-1.0211188,-1.72E-05,-1.72E-05,-1.021089,-1.0210758,2.0419838,6.534348,0.002346224
0.000298015,-1.021109,-1.021109,1.66E-05,1.66E-05,-1.0210552,-1.0210683,2.0419884,6.5343623,0.002479655
0.000308015,-1.0210768,-1.0210768,-1.72E-05,-1.72E-05,-1.0210471,-1.021034,2.0419915,6.534373,0.002613086
0.000318015,-1.0210803,-1.0210803,1.66E-05,1.66E-05,-1.0210265,-1.0210396,2.0419936,6.5343795,0.002746518
0.000328015,-1.0210571,-1.0210571,-1.72E-05,-1.72E-05,-1.0210274,-1.0210143,2.041995,6.5343843,0.002879949
0.000338015,-1.0210667,-1.0210667,1.66E-05,1.66E-05,-1.0210129,-1.021026,2.041996,6.5343876,0.003013381
0.000348015,-1.0210478,-1.0210478,-1.72E-05,-1.72E-05,-1.0210181,-1.021005,2.0419967,6.53439,0.003146813
0.000358015,-1.0210601,-1.0210601,1.66E-05,1.66E-05,-1.0210063,-1.0210196,2.0419972,6.534391,0.003280245
0.000368015,-1.0210434,-1.0210434,-1.72E-05,-1.72E-05,-1.0210139,-1.0210007,2.0419977,6.5343924,0.003413677
0.000378015,-1.0210571,-1.0210571,1.66E-05,1.66E-05,-1.0210034,-1.0210165,2.041998,6.534393,0.00354711
0.000388015,-1.0210414,-1.0210414,-1.72E-05,-1.72E-05,-1.0210117,-1.0209986,2.041998,6.5343933,0.003680542
0.000398015,-1.0210556,-1.0210556,1.66E-05,1.66E-05,-1.0210018,-1.0210149,2.0419981,6.5343943,0.003813974
0.000408015,-1.0210404,-1.0210404,-1.72E-05,-1.72E-05,-1.0210108,-1.0209976,2.0419981,6.5343943,0.003947406
0.000418015,-1.0210549,-1.0210549,1.66E-05,1.66E-05,-1.0210011,-1.0210142,2.0419981,6.5343943,0.004080838
0.000428015,-1.02104,-1.02104,-1.72E-05,-1.72E-05,-1.0210104,-1.0209973,2.0419984,6.5343947,0.004214271
0.000438015,-1.0210545,-1.0210545,1.66E-05,1.66E-05,-1.0210007,-1.0210139,2.0419984,6.5343947,0.004347703
0.000448015,-1.0210397,-1.0210397,-1.72E-05,-1.72E-05,-1.0210102,-1.020997,2.0419984,6.5343947,0.004481135
0.000458015,-1.0210544,-1.0210544,1.66E-05,1.66E-05,-1.0210006,-1.0210137,2.0419984,6.5343947,0.004614567
0.000468015,-1.0210397,-1.0210397,-1.72E-05,-1.72E-05,-1.02101,-1.0209969,2.0419984,6.5343947,0.004748
0.000478015,-1.0210543,-1.0210543,1.66E-05,1.66E-05,-1.0210005,-1.0210136,2.0419984,6.5343947,0.004881432
0.000488015,-1.0210397,-1.0210397,-1.72E-05,-1.72E-05,-1.02101,-1.0209969,2.0419984,6.5343947,0.005014864
0.000498015,-1.0210541,-1.0210541,1.66E-05,1.66E-05,-1.0210004,-1.0210135,2.0419984,6.5343947,0.005148296
0.000508015,-1.0210397,-1.0210397,-1.72E-05,-1.72E-05,-1.02101,-1.0209969,2.0419984,6.5343947,0.005281729
0.000518015,-1.0210541,-1.0210541,1.66E-05,1.66E-05,-1.0210004,-1.0210135,2.0419984,6.5343947,0.005415161
0.000528015,-1.0210397,-1.0210397,-1.72E-05,-1.72E-05,-1.0210102,-1.020997,2.0419984,6.5343947,0.005548593
0.000538015,-1.021054,-1.021054,1.66E-05,1.66E-05,-1.0210003,-1.0210134,2.0419984,6.5343947,0.005682025
0.000548015,-1.0210397,-1.0210397,-1.72E-05,-1.72E-05,-1.0210102,-1.020997,2.0419984,6.5343947,0.005815458
0.000558015,-1.021054,-1.021054,1.66E-05,1.66E-05,-1.0210003,-1.0210134,2.0419984,6.5343947,0.00594889
0.000568015,-1.0210397,-1.0210397,-1.72E-05,-1.72E-05,-1.0210102,-1.020997,2.0419984,6.5343947,0.006082322
0.000578015,-1.021054,-1.021054,1.66E-05,1.66E-05,-1.0210003,-1.0210134,2.0419984,6.5343947,0.006215754
0.000588015,-1.0210398,-1.0210398,-1.72E-05,-1.72E-05,-1.0210102,-1.020997,2.0419984,6.5343947,0.006349186
0.000598015,-1.021054,-1.021054,1.66E-05,1.66E-05,-1.0210003,-1.0210134,2.0419984,6.5343947,0.006482619
0.000608015,-1.0210398,-1.0210398,-1.72E-05,-1.72E-05,-1.0210103,-1.020997,2.0419984,6.5343947,0.006616051
0.000618015,-1.0210539,-1.0210539,1.66E-05,1.66E-05,-1.0210001,-1.0210133,2.0419984,6.5343947,0.006749483
0.000628015,-1.0210398,-1.0210398,-1.72E-05,-1.72E-05,-1.0210103,-1.0209972,2.0419984,6.5343947,0.006882915
0.000638015,-1.0210539,-1.0210539,1.66E-05,1.66E-05,-1.0210001,-1.0210133,2.0419984,6.5343947,0.007016348
0.000648015,-1.0210398,-1.0210398,-1.72E-05,-1.72E-05,-1.0210103,-1.0209972,2.0419984,6.5343947,0.00714978
0.000658015,-1.0210539,-1.0210539,1.66E-05,1.66E-05,-1.0210001,-1.0210133,2.0419984,6.5343947,0.007283212
0.000668015,-1.02104,-1.02104,-1.72E-05,-1.72E-05,-1.0210103,-1.0209972,2.0419984,6.5343947,0.007416644
0.000678015,-1.0210539,-1.0210539,1.66E-05,1.66E-05,-1.0210001,-1.0210133,2.0419984,6.5343947,0.007550077
0.000688015,-1.02104,-1.02104,-1.72E-05,-1.72E-05,-1.0210104,-1.0209972,2.0419984,6.5343947,0.007683509
0.000698015,-1.0210538,-1.0210538,1.66E-05,1.66E-05,-1.021,-1.0210131,2.0419984,6.5343947,0.007816941
0.000708015,-1.02104,-1.02104,-1.72E-05,-1.72E-05,-1.0210104,-1.0209973,2.0419984,6.5343947,0.007950373
0.000718015,-1.0210538,-1.0210538,1.66E-05,1.66E-05,-1.021,-1.0210131,2.0419984,6.5343947,0.008083806
0.000728015,-1.02104,-1.02104,-1.72E-05,-1.72E-05,-1.0210104,-1.0209973,2.0419984,6.5343947,0.008217238
0.000738015,-1.0210538,-1.0210538,1.66E-05,1.66E-05,-1.021,-1.0210131,2.0419984,6.5343947,0.00835067
0.000748015,-1.0210401,-1.0210401,-1.72E-05,-1.72E-05,-1.0210104,-1.0209973,2.0419984,6.5343947,0.008484102
0.000758015,-1.0210538,-1.0210538,1.66E-05,1.66E-05,-1.021,-1.0210131,2.0419984,6.5343947,0.008617534
0.000768015,-1.0210401,-1.0210401,-1.72E-05,-1.72E-05,-1.0210104,-1.0209973,2.0419984,6.5343947,0.008750967
0.000778015,-1.0210537,-1.0210537,1.66E-05,1.66E-05,-1.0209999,-1.021013,2.0419984,6.5343947,0.008884399
0.000788015,-1.0210401,-1.0210401,-1.72E-05,-1.72E-05,-1.0210105,-1.0209974,2.0419984,6.5343947,0.009017831
0.000798015,-1.0210537,-1.0210537,1.66E-05,1.66E-05,-1.0209999,-1.021013,2.0419984,6.5343947,0.009151263
0.000808015,-1.0210401,-1.0210401,-1.72E-05,-1.72E-05,-1.0210105,-1.0209974,2.0419984,6.5343947,0.009284696
0.000818015,-1.0210537,-1.0210537,1.66E-05,1.66E-05,-1.0209999,-1.021013,2.0419984,6.5343947,0.009418128
0.000828015,-1.0210401,-1.0210401,-1.72E-05,-1.72E-05,-1.0210105,-1.0209974,2.0419984,6.5343947,0.00955156
0.000838015,-1.0210537,-1.0210537,1.66E-05,1.66E-05,-1.0209999,-1.021013,2.0419984,6.5343947,0.009684992
0.000848015,-1.0210402,-1.0210402,-1.72E-05,-1.72E-05,-1.0210105,-1.0209974,2.0419984,6.5343947,0.009818425
0.000858015,-1.0210537,-1.0210537,1.66E-05,1.66E-05,-1.0209999,-1.021013,2.0419984,6.5343947,0.009951857
0.000868015,-1.0210402,-1.0210402,-1.72E-05,-1.72E-05,-1.0210106,-1.0209975,2.0419984,6.5343947,0.010085289
0.000878015,-1.0210536,-1.0210536,1.66E-05,1.66E-05,-1.0209998,-1.0210129,2.0419984,6.5343947,0.010218721
0.000888015,-1.0210402,-1.0210402,-1.72E-05,-1.72E-05,-1.0210106,-1.0209975,2.0419984,6.5343947,0.010352154
0.000898015,-1.0210536,-1.0210536,1.66E-05,1.66E-05,-1.0209998,-1.0210129,2.0419984,6.5343947,0.010485586
0.000908015,-1.0210402,-1.0210402,-1.72E-05,-1.72E-05,-1.0210106,-1.0209975,2.0419984,6.5343947,0.010619018
0.000918015,-1.0210536,-1.0210536,1.66E-05,1.66E-05,-1.0209998,-1.0210129,2.0419984,6.5343947,0.01075245
0.000928015,-1.0210402,-1.0210402,-1.72E-05,-1.72E-05,-1.0210106,-1.0209975,2.0419984,6.5343947,0.010885882
0.000938015,-1.0210536,-1.0210536,1.66E-05,1.66E-05,-1.0209998,-1.0210129,2.0419984,6.5343947,0.011019315
0.000948015,-1.0210403,-1.0210403,-1.72E-05,-1.72E-05,-1.0210106,-1.0209975,2.0419984,6.5343947,0.011152747
0.000958015,-1.0210534,-1.0210534,1.66E-05,1.66E-05,-1.0209997,-1.0210129,2.0419984,6.5343947,0.011286179
0.000968015,-1.0210403,-1.0210403,-1.72E-05,-1.72E-05,-1.0210108,-1.0209976,2.0419984,6.5343947,0.011419611
0.000978015,-1.0210534,-1.0210534,1.66E-05,1.66E-05,-1.0209997,-1.0210128,2.0419984,6.5343947,0.011553044
0.000988015,-1.0210403,-1.0210403,-1.72E-05,-1.72E-05,-1.0210108,-1.0209976,2.0419984,6.5343947,0.011686476
0.000998015,-1.0210534,-1.0210534,1.66E-05,1.66E-05,-1.0209997,-1.0210128,2.0419984,6.5343947,0.011766435
0.001,-1.0210404,-1.0210404,-1.72E-05,-1.72E-05,-1.0210108,-1.0209976,2.0419984,6.5343947,0.011779678
0.001,-1.0210514,-1.0210514,-6.10E-06,-6.10E-06,-1.0210059,-1.0210048,2.0419984,6.5343947,0.011779678
0.001,-1.0210449,-1.0210449,2.86E-06,2.86E-06,-1.0210017,-1.0210013,2.0419984,6.5343943,0.011779678
0.001,-1.021047,-1.021047,-2.90E-06,-2.90E-06,-1.0210032,-1.0210038,2.0419984,6.5343943,0.011779679
0.001,-1.0210452,-1.0210452,1.83E-06,1.83E-06,-1.0210038,-1.0210029,2.0419984,6.5343947,0.011779679
0.001,-1.0210459,-1.0210459,-2.19E-06,-2.19E-06,-1.0210028,-1.0210037,2.0419984,6.5343947,0.01177968
0.001,-1.0210453,-1.0210453,1.56E-06,1.56E-06,-1.0210043,-1.0210034,2.0419984,6.5343947,0.011779683
0.001,-1.0210458,-1.0210458,-2.04E-06,-2.04E-06,-1.0210028,-1.0210037,2.0419984,6.5343947,0.011779688
0.001000001,-1.0210453,-1.0210453,1.50E-06,1.50E-06,-1.0210044,-1.0210035,2.0419984,6.5343947,0.011779697
0.001000002,-1.0210458,-1.0210458,-2.01E-06,-2.01E-06,-1.0210029,-1.0210038,2.0419984,6.5343947,0.011779716
0.001000004,-1.0210454,-1.0210454,1.48E-06,1.48E-06,-1.0210048,-1.0210037,2.0419984,6.5343947,0.011779755
0.001000008,-1.021046,-1.021046,-2.00E-06,-2.00E-06,-1.0210032,-1.0210043,2.0419984,6.5343947,0.011779831
0.001000015,-1.021046,-1.021046,1.48E-06,1.48E-06,-1.0210054,-1.0210044,2.0419984,6.5343947,0.011779984
0.001000031,-1.0210469,-1.0210469,-2.00E-06,-2.00E-06,-1.0210041,-1.021005,2.0419984,6.5343947,0.011780291
0.001000061,-1.0210466,-1.0210466,1.48E-06,1.48E-06,-1.0210061,-1.021005,2.0419984,6.5343947,0.011780904
0.001000122,-1.0210471,-1.0210471,-2.00E-06,-2.00E-06,-1.0210043,-1.0210054,2.0419984,6.5343947,0.011782129
0.001000245,-1.0210466,-1.0210466,1.48E-06,1.48E-06,-1.0210061,-1.021005,2.0419984,6.5343947,0.011784581
0.00100049,-1.0210471,-1.0210471,-2.00E-06,-2.00E-06,-1.0210043,-1.0210054,2.0419984,6.5343947,0.011789483
0.00100098,-1.0210466,-1.0210466,1.48E-06,1.48E-06,-1.0210061,-1.021005,2.0419984,6.5343947,0.011799289
0.00100196,-1.0210471,-1.0210471,-2.00E-06,-2.00E-06,-1.0210043,-1.0210054,2.0419984,6.5343947,0.011818899
0.001003919,-1.0210466,-1.0210466,1.48E-06,1.48E-06,-1.0210061,-1.021005,2.0419984,6.5343947,0.01185812
0.001007838,-1.0210471,-1.0210471,-2.00E-06,-2.00E-06,-1.0210043,-1.0210054,2.0419984,6.5343947,0.011936562
0.001015677,-1.0210466,-1.0210466,1.48E-06,1.48E-06,-1.0210061,-1.021005,2.0419984,6.5343947,0.012055573
0.001025677,-1.0210471,-1.0210471,-2.00E-06,-2.00E-06,-1.0210043,-1.0210054,2.0419984,6.5343947,0.012189005
0.001035677,-1.0210466,-1.0210466,1.48E-06,1.48E-06,-1.0210061,-1.021005,2.0419984,6.5343947,0.012322437
0.001045677,-1.0210471,-1.0210471,-2.00E-06,-2.00E-06,-1.0210043,-1.0210054,2.0419984,6.5343947,0.01245587
0.001055677,-1.0210466,-1.0210466,1.48E-06,1.48E-06,-1.0210061,-1.021005,2.0419984,6.5343947,0.012589302
0.001065677,-1.0210471,-1.0210471,-2.00E-06,-2.00E-06,-1.0210043,-1.0210054,2.0419984,6.5343947,0.012722734
0.001075677,-1.0210466,-1.0210466,1.48E-06,1.48E-06,-1.0210061,-1.021005,2.0419984,6.5343947,0.012856166
0.001085677,-1.0210471,-1.0210471,-2.00E-06,-2.00E-06,-1.0210043,-1.0210054,2.0419984,6.5343947,0.012989599
0.001095677,-1.0210466,-1.0210466,1.48E-06,1.48E-06,-1.0210061,-1.021005,2.0419984,6.5343947,0.013123031
0.001105677,-1.0210471,-1.0210471,-2.00E-06,-2.00E-06,-1.0210043,-1.0210054,2.0419984,6.5343947,0.013256463
0.001115677,-1.0210466,-1.0210466,1.48E-06,1.48E-06,-1.0210061,-1.021005,2.0419984,6.5343947,0.013389895
0.001125677,-1.0210471,-1.0210471,-2.00E-06,-2.00E-06,-1.0210043,-1.0210054,2.0419984,6.5343947,0.013523328
0.001135677,-1.0210466,-1.0210466,1.48E-06,1.48E-06,-1.0210061,-1.021005,2.0419984,6.5343947,0.01365676
0.001145677,-1.0210471,-1.0210471,-2.00E-06,-2.00E-06,-1.0210043,-1.0210054,2.0419984,6.5343947,0.013790192
0.001155677,-1.0210466,-1.0210466,1.48E-06,1.48E-06,-1.0210061,-1.021005,2.0419984,6.5343947,0.013923624
0.001165677,-1.0210471,-1.0210471,-2.00E-06,-2.00E-06,-1.0210043,-1.0210054,2.0419984,6.5343947,0.014057056
0.001175677,-1.0210466,-1.0210466,1.48E-06,1.48E-06,-1.0210061,-1.021005,2.0419984,6.5343947,0.014190489
0.001185677,-1.0210471,-1.0210471,-2.00E-06,-2.00E-06,-1.0210043,-1.0210054,2.0419984,6.5343947,0.014323921
0.001195677,-1.0210466,-1.0210466,1.48E-06,1.48E-06,-1.0210061,-1.021005,2.0419984,6.5343947,0.014457353
0.001205677,-1.0210471,-1.0210471,-2.00E-06,-2.00E-06,-1.0210043,-1.0210054,2.0419984,6.5343947,0.014590785
0.001215677,-1.0210466,-1.0210466,1.48E-06,1.48E-06,-1.0210061,-1.021005,2.0419984,6.5343947,0.014724218
0.001225677,-1.0210471,-1.0210471,-2.00E-06,-2.00E-06,-1.0210043,-1.0210054,2.0419984,6.5343947,0.01485765
0.001235677,-1.0210466,-1.0210466,1.48E-06,1.48E-06,-1.0210061,-1.021005,2.0419984,6.5343947,0.014991082
0.001245677,-1.0210471,-1.0210471,-2.00E-06,-2.00E-06,-1.0210043,-1.0210054,2.0419984,6.5343947,0.015124514
0.001255677,-1.0210466,-1.0210466,1.48E-06,1.48E-06,-1.0210061,-1.021005,2.0419984,6.5343947,0.015257947
0.001265677,-1.0210471,-1.0210471,-2.00E-06,-2.00E-06,-1.0210043,-1.0210054,2.0419984,6.5343947,0.015391379
0.001275677,-1.0210466,-1.0210466,1.48E-06,1.48E-06,-1.0210061,-1.021005,2.0419984,6.5343947,0.015524811
0.001285677,-1.0210471,-1.0210471,-2.00E-06,-2.00E-06,-1.0210043,-1.0210054,2.0419984,6.5343947,0.015658243
0.001295677,-1.0210466,-1.0210466,1.48E-06,1.48E-06,-1.0210061,-1.021005,2.0419984,6.5343947,0.015791676
0.001305677,-1.0210471,-1.0210471,-2.00E-06,-2.00E-06,-1.0210043,-1.0210054,2.0419984,6.5343947,0.015925108
0.001315677,-1.0210466,-1.0210466,1.48E-06,1.48E-06,-1.0210061,-1.021005,2.0419984,6.5343947,0.01605854
0.001325677,-1.0210471,-1.0210471,-2.00E-06,-2.00E-06,-1.0210043,-1.0210054,2.0419984,6.5343947,0.016191972
0.001335677,-1.0210466,-1.0210466,1.48E-06,1.48E-06,-1.0210061,-1.021005,2.0419984,6.5343947,0.016325404
0.001345677,-1.0210471,-1.0210471,-2.00E-06,-2.00E-06,-1.0210043,-1.0210054,2.0419984,6.5343947,0.016458837
0.001355677,-1.0210466,-1.0210466,1.48E-06,1.48E-06,-1.0210061,-1.021005,2.0419984,6.5343947,0.016592269
0.001365677,-1.0210471,-1.0210471,-2.00E-06,-2.00E-06,-1.0210043,-1.0210054,2.0419984,6.5343947,0.016725701
0.001375677,-1.0210466,-1.0210466,1.48E-06,1.48E-06,-1.0210061,-1.021005,2.0419984,6.5343947,0.016859133
0.001385677,-1.0210471,-1.0210471,-2.00E-06,-2.00E-06,-1.0210043,-1.0210054,2.0419984,6.5343947,0.016992566
0.001395677,-1.0210466,-1.0210466,1.48E-06,1.48E-06,-1.0210061,-1.021005,2.0419984,6.5343947,0.017125998
0.001405677,-1.0210471,-1.0210471,-2.00E-06,-2.00E-06,-1.0210043,-1.0210054,2.0419984,6.5343947,0.01725943
0.001415677,-1.0210466,-1.0210466,1.48E-06,1.48E-06,-1.0210061,-1.021005,2.0419984,6.5343947,0.017392862
0.001425677,-1.0210471,-1.0210471,-2.00E-06,-2.00E-06,-1.0210043,-1.0210054,2.0419984,6.5343947,0.017526295
0.001435677,-1.0210466,-1.0210466,1.48E-06,1.48E-06,-1.0210061,-1.021005,2.0419984,6.5343947,0.017659727
0.001445677,-1.0210471,-1.0210471,-2.00E-06,-2.00E-06,-1.0210043,-1.0210054,2.0419984,6.5343947,0.017793159
0.001455677,-1.0210466,-1.0210466,1.48E-06,1.48E-06,-1.0210061,-1.021005,2.0419984,6.5343947,0.017926591
0.001465677,-1.0210471,-1.0210471,-2.00E-06,-2.00E-06,-1.0210043,-1.0210054,2.0419984,6.5343947,0.018060024
0.001475677,-1.0210466,-1.0210466,1.48E-06,1.48E-06,-1.0210061,-1.021005,2.0419984,6.5343947,0.018193456
0.001485677,-1.0210471,-1.0210471,-2.00E-06,-2.00E-06,-1.0210043,-1.0210054,2.0419984,6.5343947,0.018326888
0.001495677,-1.0210466,-1.0210466,1.48E-06,1.48E-06,-1.0210061,-1.021005,2.0419984,6.5343947,0.01846032
0.001505677,-1.0210471,-1.0210471,-2.00E-06,-2.00E-06,-1.0210043,-1.0210054,2.0419984,6.5343947,0.018593752
0.001515677,-1.0210466,-1.0210466,1.48E-06,1.48E-06,-1.0210061,-1.021005,2.0419984,6.5343947,0.018727185
0.001525677,-1.0210471,-1.0210471,-2.00E-06,-2.00E-06,-1.0210043,-1.0210054,2.0419984,6.5343947,0.018860617
0.001535677,-1.0210466,-1.0210466,1.48E-06,1.48E-06,-1.0210061,-1.021005,2.0419984,6.5343947,0.018994049
0.001545677,-1.0210471,-1.0210471,-2.00E-06,-2.00E-06,-1.0210043,-1.0210054,2.0419984,6.5343947,0.019127481
0.001555677,-1.0210466,-1.0210466,1.48E-06,1.48E-06,-1.0210061,-1.021005,2.0419984,6.5343947,0.019260914
0.001565677,-1.0210471,-1.0210471,-2.00E-06,-2.00E-06,-1.0210043,-1.0210054,2.0419984,6.5343947,0.019394346
0.001575677,-1.0210466,-1.0210466,1.48E-06,1.48E-06,-1.0210061,-1.021005,2.0419984,6.5343947,0.019527778
0.001585677,-1.0210471,-1.0210471,-2.00E-06,-2.00E-06,-1.0210043,-1.0210054,2.0419984,6.5343947,0.01966121
0.001595677,-1.0210466,-1.0210466,1.48E-06,1.48E-06,-1.0210061,-1.021005,2.0419984,6.5343947,0.019794643
0.001605677,-1.0210471,-1.0210471,-2.00E-06,-2.00E-06,-1.0210043,-1.0210054,2.0419984,6.5343947,0.019928075
0.001615677,-1.0210466,-1.0210466,1.48E-06,1.48E-06,-1.0210061,-1.021005,2.0419984,6.5343947,0.020061507
0.001625677,-1.0210471,-1.0210471,-2.00E-06,-2.00E-06,-1.0210043,-1.0210054,2.0419984,6.5343947,0.020194939
0.001635677,-1.0210466,-1.0210466,1.48E-06,1.48E-06,-1.0210061,-1.021005,2.0419984,6.5343947,0.020328372
0.001645677,-1.0210471,-1.0210471,-2.00E-06,-2.00E-06,-1.0210043,-1.0210054,2.0419984,6.5343947,0.020461804
0.001655677,-1.0210466,-1.0210466,1.48E-06,1.48E-06,-1.0210061,-1.021005,2.0419984,6.5343947,0.020595236
0.001665677,-1.0210471,-1.0210471,-2.00E-06,-2.00E-06,-1.0210043,-1.0210054,2.0419984,6.5343947,0.020728668
0.001675677,-1.0210466,-1.0210466,1.48E-06,1.48E-06,-1.0210061,-1.021005,2.0419984,6.5343947,0.0208621
0.001685677,-1.0210471,-1.0210471,-2.00E-06,-2.00E-06,-1.0210043,-1.0210054,2.0419984,6.5343947,0.020995533
0.001695677,-1.0210466,-1.0210466,1.48E-06,1.48E-06,-1.0210061,-1.021005,2.0419984,6.5343947,0.021128965
0.001705677,-1.0210471,-1.0210471,-2.00E-06,-2.00E-06,-1.0210043,-1.0210054,2.0419984,6.5343947,0.021262397
0.001715677,-1.0210466,-1.0210466,1.48E-06,1.48E-06,-1.0210061,-1.021005,2.0419984,6.5343947,0.021395829
0.001725677,-1.0210471,-1.0210471,-2.00E-06,-2.00E-06,-1.0210043,-1.0210054,2.0419984,6.5343947,0.021529262
0.001735677,-1.0210466,-1.0210466,1.48E-06,1.48E-06,-1.0210061,-1.021005,2.0419984,6.5343947,0.021662694
0.001745677,-1.0210471,-1.0210471,-2.00E-06,-2.00E-06,-1.0210043,-1.0210054,2.0419984,6.5343947,0.021796126
0.001755677,-1.0210466,-1.0210466,1.48E-06,1.48E-06,-1.0210061,-1.021005,2.0419984,6.5343947,0.021929558
0.001765677,-1.0210471,-1.0210471,-2.00E-06,-2.00E-06,-1.0210043,-1.0210054,2.0419984,6.5343947,0.022062991
0.001775677,-1.0210466,-1.0210466,1.48E-06,1.48E-06,-1.0210061,-1.021005,2.0419984,6.5343947,0.022196423
0.001785677,-1.0210471,-1.0210471,-2.00E-06,-2.00E-06,-1.0210043,-1.0210054,2.0419984,6.5343947,0.022329855
0.001795677,-1.0210466,-1.0210466,1.48E-06,1.48E-06,-1.0210061,-1.021005,2.0419984,6.5343947,0.022463287
0.001805677,-1.0210471,-1.0210471,-2.00E-06,-2.00E-06,-1.0210043,-1.0210054,2.0419984,6.5343947,0.02259672
0.001815677,-1.0210466,-1.0210466,1.48E-06,1.48E-06,-1.0210061,-1.021005,2.0419984,6.5343947,0.022730152
0.001825677,-1.0210471,-1.0210471,-2.00E-06,-2.00E-06,-1.0210043,-1.0210054,2.0419984,6.5343947,0.022863584
0.001835677,-1.0210466,-1.0210466,1.48E-06,1.48E-06,-1.0210061,-1.021005,2.0419984,6.5343947,0.022997016
0.001845677,-1.0210471,-1.0210471,-2.00E-06,-2.00E-06,-1.0210043,-1.0210054,2.0419984,6.5343947,0.023130449
0.001855677,-1.0210466,-1.0210466,1.48E-06,1.48E-06,-1.0210061,-1.021005,2.0419984,6.5343947,0.023263881
0.001865677,-1.0210471,-1.0210471,-2.00E-06,-2.00E-06,-1.0210043,-1.0210054,2.0419984,6.5343947,0.023397313
0.001875677,-1.0210466,-1.0210466,1.48E-06,1.48E-06,-1.0210061,-1.021005,2.0419984,6.5343947,0.023530745
0.001885677,-1.0210471,-1.0210471,-2.00E-06,-2.00E-06,-1.0210043,-1.0210054,2.0419984,6.5343947,0.023664177
0.001895677,-1.0210466,-1.0210466,1.48E-06,1.48E-06,-1.0210061,-1.021005,2.0419984,6.5343947,0.02379761
0.001905677,-1.0210471,-1.0210471,-2.00E-06,-2.00E-06,-1.0210043,-1.0210054,2.0419984,6.5343947,0.023931042
0.001915677,-1.0210466,-1.0210466,1.48E-06,1.48E-06,-1.0210061,-1.021005,2.0419984,6.5343947,0.024064474
0.001925677,-1.0210471,-1.0210471,-2.00E-06,-2.00E-06,-1.0210043,-1.0210054,2.0419984,6.5343947,0.024197906
0.001935677,-1.0210466,-1.0210466,1.48E-06,1.48E-06,-1.0210061,-1.021005,2.0419984,6.5343947,0.024331339
0.001945677,-1.0210471,-1.0210471,-2.00E-06,-2.00E-06,-1.0210043,-1.0210054,2.0419984,6.5343947,0.024464771
0.001955677,-1.0210466,-1.0210466,1.48E-06,1.48E-06,-1.0210061,-1.021005,2.0419984,6.5343947,0.024598203
0.001965677,-1.0210471,-1.0210471,-2.00E-06,-2.00E-06,-1.0210043,-1.0210054,2.0419984,6.5343947,0.024731635
0.001975677,-1.0210466,-1.0210466,1.48E-06,1.48E-06,-1.0210061,-1.021005,2.0419984,6.5343947,0.024865068
0.001985677,-1.0210471,-1.0210471,-2.00E-06,-2.00E-06,-1.0210043,-1.0210054,2.0419984,6.5343947,0.0249985
0.001995677,-1.0210466,-1.0210466,1.48E-06,1.48E-06,-1.0210061,-1.021005,2.0419984,6.5343947,0.025131932
0.002005677,-1.0210471,-1.0210471,-2.00E-06,-2.00E-06,-1.0210043,-1.0210054,2.0419984,6.5343947,0.025265364
0.002015677,-1.0210466,-1.0210466,1.48E-06,1.48E-06,-1.0210061,-1.021005,2.0419984,6.5343947,0.025398797
0.002025677,-1.0210471,-1.0210471,-2.00E-06,-2.00E-06,-1.0210043,-1.0210054,2.0419984,6.5343947,0.025532229
0.002035677,-1.0210466,-1.0210466,1.48E-06,1.48E-06,-1.0210061,-1.021005,2.0419984,6.5343947,0.025665661
0.002045677,-1.0210471,-1.0210471,-2.00E-06,-2.00E-06,-1.0210043,-1.0210054,2.0419984,6.5343947,0.025799093
0.002055677,-1.0210466,-1.0210466,1.48E-06,1.48E-06,-1.0210061,-1.021005,2.0419984,6.5343947,0.025932525
0.002065677,-1.0210471,-1.0210471,-2.00E-06,-2.00E-06,-1.0210043,-1.0210054,2.0419984,6.5343947,0.026065958
0.002075677,-1.0210466,-1.0210466,1.48E-06,1.48E-06,-1.0210061,-1.021005,2.0419984,6.5343947,0.02619939
0.002085677,-1.0210471,-1.0210471,-2.00E-06,-2.00E-06,-1.0210043,-1.0210054,2.0419984,6.5343947,0.026332822
0.002095677,-1.0210466,-1.0210466,1.48E-06,1.48E-06,-1.0210061,-1.021005,2.0419984,6.5343947,0.026466254
0.002105677,-1.0210471,-1.0210471,-2.00E-06,-2.00E-06,-1.0210043,-1.0210054,2.0419984,6.5343947,0.026599687
0.002115677,-1.0210466,-1.0210466,1.48E-06,1.48E-06,-1.0210061,-1.021005,2.0419984,6.5343947,0.026733119
0.002125677,-1.0210471,-1.0210471,-2.00E-06,-2.00E-06,-1.0210043,-1.0210054,2.0419984,6.5343947,0.026866551
0.002135677,-1.0210466,-1.0210466,1.48E-06,1.48E-06,-1.0210061,-1.021005,2.0419984,6.5343947,0.026999983
0.002145677,-1.0210471,-1.0210471,-2.00E-06,-2.00E-06,-1.0210043,-1.0210054,2.0419984,6.5343947,0.027133416
0.002155677,-1.0210466,-1.0210466,1.48E-06,1.48E-06,-1.0210061,-1.021005,2.0419984,6.5343947,0.027266848
0.002165677,-1.0210471,-1.0210471,-2.00E-06,-2.00E-06,-1.0210043,-1.0210054,2.0419984,6.5343947,0.02740028
0.002175677,-1.0210466,-1.0210466,1.48E-06,1.48E-06,-1.0210061,-1.021005,2.0419984,6.5343947,0.027533712
0.002185677,-1.0210471,-1.0210471,-2.00E-06,-2.00E-06,-1.0210043,-1.0210054,2.0419984,6.5343947,0.027667145
0.002195677,-1.0210466,-1.0210466,1.48E-06,1.48E-06,-1.0210061,-1.021005,2.0419984,6.5343947,0.027800577
0.002205677,-1.0210471,-1.0210471,-2.00E-06,-2.00E-06,-1.0210043,-1.0210054,2.0419984,6.5343947,0.027934009
0.002215677,-1.0210466,-1.0210466,1.48E-06,1.48E-06,-1.0210061,-1.021005,2.0419984,6.5343947,0.028067441
0.002225677,-1.0210471,-1.0210471,-2.00E-06,-2.00E-06,-1.0210043,-1.0210054,2.0419984,6.5343947,0.028200873
0.002235677,-1.0210466,-1.0210466,1.48E-06,1.48E-06,-1.0210061,-1.021005,2.0419984,6.5343947,0.028334306
0.002245677,-1.0210471,-1.0210471,-2.00E-06,-2.00E-06,-1.0210043,-1.0210054,2.0419984,6.5343947,0.028467738
0.002255677,-1.0210466,-1.0210466,1.48E-06,1.48E-06,-1.0210061,-1.021005,2.0419984,6.5343947,0.02860117
0.002265677,-1.0210471,-1.0210471,-2.00E-06,-2.00E-06,-1.0210043,-1.0210054,2.0419984,6.5343947,0.028734602
0.002275677,-1.0210466,-1.0210466,1.48E-06,1.48E-06,-1.0210061,-1.021005,2.0419984,6.5343947,0.028868035
0.002285677,-1.0210471,-1.0210471,-2.00E-06,-2.00E-06,-1.0210043,-1.0210054,2.0419984,6.5343947,0.029001467
0.002295677,-1.0210466,-1.0210466,1.48E-06,1.48E-06,-1.0210061,-1.021005,2.0419984,6.5343947,0.029134899
0.002305677,-1.0210471,-1.0210471,-2.00E-06,-2.00E-06,-1.0210043,-1.0210054,2.0419984,6.5343947,0.029268331
0.002315677,-1.0210466,-1.0210466,1.48E-06,1.48E-06,-1.0210061,-1.021005,2.0419984,6.5343947,0.029401764
0.002325677,-1.0210471,-1.0210471,-2.00E-06,-2.00E-06,-1.0210043,-1.0210054,2.0419984,6.5343947,0.029535196
0.002335677,-1.0210466,-1.0210466,1.48E-06,1.48E-06,-1.0210061,-1.021005,2.0419984,6.5343947,0.029668628
0.002345677,-1.0210471,-1.0210471,-2.00E-06,-2.00E-06,-1.0210043,-1.0210054,2.0419984,6.5343947,0.02980206
0.002355677,-1.0210466,-1.0210466,1.48E-06,1.48E-06,-1.0210061,-1.021005,2.0419984,6.5343947,0.029935493
0.002365677,-1.0210471,-1.0210471,-2.00E-06,-2.00E-06,-1.0210043,-1.0210054,2.0419984,6.5343947,0.030068925
0.002375677,-1.0210466,-1.0210466,1.48E-06,1.48E-06,-1.0210061,-1.021005,2.0419984,6.5343947,0.030202357
0.002385677,-1.0210471,-1.0210471,-2.00E-06,-2.00E-06,-1.0210043,-1.0210054,2.0419984,6.5343947,0.030335789
0.002395677,-1.0210466,-1.0210466,1.48E-06,1.48E-06,-1.0210061,-1.021005,2.0419984,6.5343947,0.030469221
0.002405677,-1.0210471,-1.0210471,-2.00E-06,-2.00E-06,-1.0210043,-1.0210054,2.0419984,6.5343947,0.030602654
0.002415677,-1.0210466,-1.0210466,1.48E-06,1.48E-06,-1.0210061,-1.021005,2.0419984,6.5343947,0.030736086
0.002425677,-1.0210471,-1.0210471,-2.00E-06,-2.00E-06,-1.0210043,-1.0210054,2.0419984,6.5343947,0.030869518
0.002435677,-1.0210466,-1.0210466,1.48E-06,1.48E-06,-1.0210061,-1.021005,2.0419984,6.5343947,0.03100295
0.002445677,-1.0210471,-1.0210471,-2.00E-06,-2.00E-06,-1.0210043,-1.0210054,2.0419984,6.5343947,0.031136383
0.002455677,-1.0210466,-1.0210466,1.48E-06,1.48E-06,-1.0210061,-1.021005,2.0419984,6.5343947,0.031269815
0.002465677,-1.0210471,-1.0210471,-2.00E-06,-2.00E-06,-1.0210043,-1.0210054,2.0419984,6.5343947,0.031403247
0.002475677,-1.0210466,-1.0210466,1.48E-06,1.48E-06,-1.0210061,-1.021005,2.0419984,6.5343947,0.031536679
0.002485677,-1.0210471,-1.0210471,-2.00E-06,-2.00E-06,-1.0210043,-1.0210054,2.0419984,6.5343947,0.031670112
0.002495677,-1.0210466,-1.0210466,1.48E-06,1.48E-06,-1.0210061,-1.021005,2.0419984,6.5343947,0.031803544
0.002505677,-1.0210471,-1.0210471,-2.00E-06,-2.00E-06,-1.0210043,-1.0210054,2.0419984,6.5343947,0.031936976
0.002515677,-1.0210466,-1.0210466,1.48E-06,1.48E-06,-1.0210061,-1.021005,2.0419984,6.5343947,0.032070408
0.002525677,-1.0210471,-1.0210471,-2.00E-06,-2.00E-06,-1.0210043,-1.0210054,2.0419984,6.5343947,0.032203841
0.002535677,-1.0210466,-1.0210466,1.48E-06,1.48E-06,-1.0210061,-1.021005,2.0419984,6.5343947,0.032337273
0.002545677,-1.0210471,-1.0210471,-2.00E-06,-2.00E-06,-1.0210043,-1.0210054,2.0419984,6.5343947,0.032470705
0.002555677,-1.0210466,-1.0210466,1.48E-06,1.48E-06,-1.0210061,-1.021005,2.0419984,6.5343947,0.032604137
0.002565677,-1.0210471,-1.0210471,-2.00E-06,-2.00E-06,-1.0210043,-1.0210054,2.0419984,6.5343947,0.032737569
0.002575677,-1.0210466,-1.0210466,1.48E-06,1.48E-06,-1.0210061,-1.021005,2.0419984,6.5343947,0.032871002
0.002585677,-1.0210471,-1.0210471,-2.00E-06,-2.00E-06,-1.0210043,-1.0210054,2.0419984,6.5343947,0.033004434
0.002595677,-1.0210466,-1.0210466,1.48E-06,1.48E-06,-1.0210061,-1.021005,2.0419984,6.5343947,0.033137866
0.002605677,-1.0210471,-1.0210471,-2.00E-06,-2.00E-06,-1.0210043,-1.0210054,2.0419984,6.5343947,0.033271298
0.002615677,-1.0210466,-1.0210466,1.48E-06,1.48E-06,-1.0210061,-1.021005,2.0419984,6.5343947,0.033404731
0.002625677,-1.0210471,-1.0210471,-2.00E-06,-2.00E-06,-1.0210043,-1.0210054,2.0419984,6.5343947,0.033538163
0.002635677,-1.0210466,-1.0210466,1.48E-06,1.48E-06,-1.0210061,-1.021005,2.0419984,6.5343947,0.033671595
0.002645677,-1.0210471,-1.0210471,-2.00E-06,-2.00E-06,-1.0210043,-1.0210054,2.0419984,6.5343947,0.033805027
0.002655677,-1.0210466,-1.0210466,1.48E-06,1.48E-06,-1.0210061,-1.021005,2.0419984,6.5343947,0.03393846
0.002665677,-1.0210471,-1.0210471,-2.00E-06,-2.00E-06,-1.0210043,-1.0210054,2.0419984,6.5343947,0.034071892
0.002675677,-1.0210466,-1.0210466,1.48E-06,1.48E-06,-1.0210061,-1.021005,2.0419984,6.5343947,0.034205324
0.002685677,-1.0210471,-1.0210471,-2.00E-06,-2.00E-06,-1.0210043,-1.0210054,2.0419984,6.5343947,0.034338756
0.002695677,-1.0210466,-1.0210466,1.48E-06,1.48E-06,-1.0210061,-1.021005,2.0419984,6.5343947,0.034472189
0.002705677,-1.0210471,-1.0210471,-2.00E-06,-2.00E-06,-1.0210043,-1.0210054,2.0419984,6.5343947,0.034605621
0.002715677,-1.0210466,-1.0210466,1.48E-06,1.48E-06,-1.0210061,-1.021005,2.0419984,6.5343947,0.034739053
0.002725677,-1.0210471,-1.0210471,-2.00E-06,-2.00E-06,-1.0210043,-1.0210054,2.0419984,6.5343947,0.034872485
0.002735677,-1.0210466,-1.0210466,1.48E-06,1.48E-06,-1.0210061,-1.021005,2.0419984,6.5343947,0.035005917
0.002745677,-1.0210471,-1.0210471,-2.00E-06,-2.00E-06,-1.0210043,-1.0210054,2.0419984,6.5343947,0.03513935
0.002755677,-1.0210466,-1.0210466,1.48E-06,1.48E-06,-1.0210061,-1.021005,2.0419984,6.5343947,0.035272782
0.002765677,-1.0210471,-1.0210471,-2.00E-06,-2.00E-06,-1.0210043,-1.0210054,2.0419984,6.5343947,0.035406214
0.002775677,-1.0210466,-1.0210466,1.48E-06,1.48E-06,-1.0210061,-1.021005,2.0419984,6.5343947,0.035539646
0.002785677,-1.0210471,-1.0210471,-2.00E-06,-2.00E-06,-1.0210043,-1.0210054,2.0419984,6.5343947,0.035673079
0.002795677,-1.0210466,-1.0210466,1.48E-06,1.48E-06,-1.0210061,-1.021005,2.0419984,6.5343947,0.035806511
0.002805677,-1.0210471,-1.0210471,-2.00E-06,-2.00E-06,-1.0210043,-1.0210054,2.0419984,6.5343947,0.035939943
0.002815677,-1.0210466,-1.0210466,1.48E-06,1.48E-06,-1.0210061,-1.021005,2.0419984,6.5343947,0.036073375
0.002825677,-1.0210471,-1.0210471,-2.00E-06,-2.00E-06,-1.0210043,-1.0210054,2.0419984,6.5343947,0.036206808
0.002835677,-1.0210466,-1.0210466,1.48E-06,1.48E-06,-1.0210061,-1.021005,2.0419984,6.5343947,0.03634024
0.002845677,-1.0210471,-1.0210471,-2.00E-06,-2.00E-06,-1.0210043,-1.0210054,2.0419984,6.5343947,0.036473672
0.002855677,-1.0210466,-1.0210466,1.48E-06,1.48E-06,-1.0210061,-1.021005,2.0419984,6.5343947,0.036607104
0.002865677,-1.0210471,-1.0210471,-2.00E-06,-2.00E-06,-1.0210043,-1.0210054,2.0419984,6.5343947,0.036740537
0.002875677,-1.0210466,-1.0210466,1.48E-06,1.48E-06,-1.0210061,-1.021005,2.0419984,6.5343947,0.036873969
0.002885677,-1.0210471,-1.0210471,-2.00E-06,-2.00E-06,-1.0210043,-1.0210054,2.0419984,6.5343947,0.037007401
0.002895677,-1.0210466,-1.0210466,1.48E-06,1.48E-06,-1.0210061,-1.021005,2.0419984,6.5343947,0.037140833
0.002905677,-1.0210471,-1.0210471,-2.00E-06,-2.00E-06,-1.0210043,-1.0210054,2.0419984,6.5343947,0.037274265
0.002915677,-1.0210466,-1.0210466,1.48E-06,1.48E-06,-1.0210061,-1.021005,2.0419984,6.5343947,0.037407698
0.002925677,-1.0210471,-1.0210471,-2.00E-06,-2.00E-06,-1.0210043,-1.0210054,2.0419984,6.5343947,0.03754113
0.002935677,-1.0210466,-1.0210466,1.48E-06,1.48E-06,-1.0210061,-1.021005,2.0419984,6.5343947,0.037674562
0.002945677,-1.0210471,-1.0210471,-2.00E-06,-2.00E-06,-1.0210043,-1.0210054,2.0419984,6.5343947,0.037807994
0.002955677,-1.0210466,-1.0210466,1.48E-06,1.48E-06,-1.0210061,-1.021005,2.0419984,6.5343947,0.037941427
0.002965677,-1.0210471,-1.0210471,-2.00E-06,-2.00E-06,-1.0210043,-1.0210054,2.0419984,6.5343947,0.038074859
0.002975677,-1.0210466,-1.0210466,1.48E-06,1.48E-06,-1.0210061,-1.021005,2.0419984,6.5343947,0.038208291
0.002985677,-1.0210471,-1.0210471,-2.00E-06,-2.00E-06,-1.0210043,-1.0210054,2.0419984,6.5343947,0.038341723
0.002995677,-1.0210466,-1.0210466,1.48E-06,1.48E-06,-1.0210061,-1.021005,2.0419984,6.5343947,0.038475156
0.003005677,-1.0210471,-1.0210471,-2.00E-06,-2.00E-06,-1.0210043,-1.0210054,2.0419984,6.5343947,0.038608588
0.003015677,-1.0210466,-1.0210466,1.48E-06,1.48E-06,-1.0210061,-1.021005,2.0419984,6.5343947,0.03874202
0.003025677,-1.0210471,-1.0210471,-2.00E-06,-2.00E-06,-1.0210043,-1.0210054,2.0419984,6.5343947,0.038875452
0.003035677,-1.0210466,-1.0210466,1.48E-06,1.48E-06,-1.0210061,-1.021005,2.0419984,6.5343947,0.039008885
0.003045677,-1.0210471,-1.0210471,-2.00E-06,-2.00E-06,-1.0210043,-1.0210054,2.0419984,6.5343947,0.039142317
0.003055677,-1.0210466,-1.0210466,1.48E-06,1.48E-06,-1.0210061,-1.021005,2.0419984,6.5343947,0.039275749
0.003065677,-1.0210471,-1.0210471,-2.00E-06,-2.00E-06,-1.0210043,-1.0210054,2.0419984,6.5343947,0.039409181
0.003075677,-1.0210466,-1.0210466,1.48E-06,1.48E-06,-1.0210061,-1.021005,2.0419984,6.5343947,0.039542613
0.003085677,-1.0210471,-1.0210471,-2.00E-06,-2.00E-06,-1.0210043,-1.0210054,2.0419984,6.5343947,0.039676046
0.003095677,-1.0210466,-1.0210466,1.48E-06,1.48E-06,-1.0210061,-1.021005,2.0419984,6.5343947,0.039809478
0.003105677,-1.0210471,-1.0210471,-2.00E-06,-2.00E-06,-1.0210043,-1.0210054,2.0419984,6.5343947,0.03994291
0.003115677,-1.0210466,-1.0210466,1.48E-06,1.48E-06,-1.0210061,-1.021005,2.0419984,6.5343947,0.040076342
0.003125677,-1.0210471,-1.0210471,-2.00E-06,-2.00E-06,-1.0210043,-1.0210054,2.0419984,6.5343947,0.040209775
0.003135677,-1.0210466,-1.0210466,1.48E-06,1.48E-06,-1.0210061,-1.021005,2.0419984,6.5343947,0.040343207
0.003145677,-1.0210471,-1.0210471,-2.00E-06,-2.00E-06,-1.0210043,-1.0210054,2.0419984,6.5343947,0.040476639
0.003155677,-1.0210466,-1.0210466,1.48E-06,1.48E-06,-1.0210061,-1.021005,2.0419984,6.5343947,0.040610071
0.003165677,-1.0210471,-1.0210471,-2.00E-06,-2.00E-06,-1.0210043,-1.0210054,2.0419984,6.5343947,0.040743504
0.003175677,-1.0210466,-1.0210466,1.48E-06,1.48E-06,-1.0210061,-1.021005,2.0419984,6.5343947,0.040876936
0.003185677,-1.0210471,-1.0210471,-2.00E-06,-2.00E-06,-1.0210043,-1.0210054,2.0419984,6.5343947,0.041010368
0.003195677,-1.0210466,-1.0210466,1.48E-06,1.48E-06,-1.0210061,-1.021005,2.0419984,6.5343947,0.0411438
0.003205677,-1.0210471,-1.0210471,-2.00E-06,-2.00E-06,-1.0210043,-1.0210054,2.0419984,6.5343947,0.041277233
0.003215677,-1.0210466,-1.0210466,1.48E-06,1.48E-06,-1.0210061,-1.021005,2.0419984,6.5343947,0.041410665
0.003225677,-1.0210471,-1.0210471,-2.00E-06,-2.00E-06,-1.0210043,-1.0210054,2.0419984,6.5343947,0.041544097
0.003235677,-1.0210466,-1.0210466,1.48E-06,1.48E-06,-1.0210061,-1.021005,2.0419984,6.5343947,0.041677529
0.003245677,-1.0210471,-1.0210471,-2.00E-06,-2.00E-06,-1.0210043,-1.0210054,2.0419984,6.5343947,0.041810962
0.003255677,-1.0210466,-1.0210466,1.48E-06,1.48E-06,-1.0210061,-1.021005,2.0419984,6.5343947,0.041944394
0.003265677,-1.0210471,-1.0210471,-2.00E-06,-2.00E-06,-1.0210043,-1.0210054,2.0419984,6.5343947,0.042077826
0.003275677,-1.0210466,-1.0210466,1.48E-06,1.48E-06,-1.0210061,-1.021005,2.0419984,6.5343947,0.042211258
0.003285677,-1.0210471,-1.0210471,-2.00E-06,-2.00E-06,-1.0210043,-1.0210054,2.0419984,6.5343947,0.04234469
0.003295677,-1.0210466,-1.0210466,1.48E-06,1.48E-06,-1.0210061,-1.021005,2.0419984,6.5343947,0.042478123
0.003305677,-1.0210471,-1.0210471,-2.00E-06,-2.00E-06,-1.0210043,-1.0210054,2.0419984,6.5343947,0.042611555
0.003315677,-1.0210466,-1.0210466,1.48E-06,1.48E-06,-1.0210061,-1.021005,2.0419984,6.5343947,0.042744987
0.003325677,-1.0210471,-1.0210471,-2.00E-06,-2.00E-06,-1.0210043,-1.0210054,2.0419984,6.5343947,0.042878419
0.003335677,-1.0210466,-1.0210466,1.48E-06,1.48E-06,-1.0210061,-1.021005,2.0419984,6.5343947,0.043011852
0.003345677,-1.0210471,-1.0210471,-2.00E-06,-2.00E-06,-1.0210043,-1.0210054,2.0419984,6.5343947,0.043145284
0.003355677,-1.0210466,-1.0210466,1.48E-06,1.48E-06,-1.0210061,-1.021005,2.0419984,6.5343947,0.043278716
0.003365677,-1.0210471,-1.0210471,-2.00E-06,-2.00E-06,-1.0210043,-1.0210054,2.0419984,6.5343947,0.043412148
0.003375677,-1.0210466,-1.0210466,1.48E-06,1.48E-06,-1.0210061,-1.021005,2.0419984,6.5343947,0.043545581
0.003385677,-1.0210471,-1.0210471,-2.00E-06,-2.00E-06,-1.0210043,-1.0210054,2.0419984,6.5343947,0.043679013
0.003395677,-1.0210466,-1.0210466,1.48E-06,1.48E-06,-1.0210061,-1.021005,2.0419984,6.5343947,0.043812445
0.003405677,-1.0210471,-1.0210471,-2.00E-06,-2.00E-06,-1.0210043,-1.0210054,2.0419984,6.5343947,0.043945877
0.003415677,-1.0210466,-1.0210466,1.48E-06,1.48E-06,-1.0210061,-1.021005,2.0419984,6.5343947,0.04407931
0.003425677,-1.0210471,-1.0210471,-2.00E-06,-2.00E-06,-1.0210043,-1.0210054,2.0419984,6.5343947,0.044212742
0.003435677,-1.0210466,-1.0210466,1.48E-06,1.48E-06,-1.0210061,-1.021005,2.0419984,6.5343947,0.044346174
0.003445677,-1.0210471,-1.0210471,-2.00E-06,-2.00E-06,-1.0210043,-1.0210054,2.0419984,6.5343947,0.044479606
0.003455677,-1.0210466,-1.0210466,1.48E-06,1.48E-06,-1.0210061,-1.021005,2.0419984,6.5343947,0.044613038
0.003465677,-1.0210471,-1.0210471,-2.00E-06,-2.00E-06,-1.0210043,-1.0210054,2.0419984,6.5343947,0.044746471
0.003475677,-1.0210466,-1.0210466,1.48E-06,1.48E-06,-1.0210061,-1.021005,2.0419984,6.5343947,0.044879903
0.003485677,-1.0210471,-1.0210471,-2.00E-06,-2.00E-06,-1.0210043,-1.0210054,2.0419984,6.5343947,0.045013335
0.003495677,-1.0210466,-1.0210466,1.48E-06,1.48E-06,-1.0210061,-1.021005,2.0419984,6.5343947,0.045146767
0.003505677,-1.0210471,-1.0210471,-2.00E-06,-2.00E-06,-1.0210043,-1.0210054,2.0419984,6.5343947,0.0452802
0.003515677,-1.0210466,-1.0210466,1.48E-06,1.48E-06,-1.0210061,-1.021005,2.0419984,6.5343947,0.045413632
0.003525677,-1.0210471,-1.0210471,-2.00E-06,-2.00E-06,-1.0210043,-1.0210054,2.0419984,6.5343947,0.045547064
0.003535677,-1.0210466,-1.0210466,1.48E-06,1.48E-06,-1.0210061,-1.021005,2.0419984,6.5343947,0.045680496
0.003545677,-1.0210471,-1.0210471,-2.00E-06,-2.00E-06,-1.0210043,-1.0210054,2.0419984,6.5343947,0.045813929
0.003555677,-1.0210466,-1.0210466,1.48E-06,1.48E-06,-1.0210061,-1.021005,2.0419984,6.5343947,0.045947361
0.003565677,-1.0210471,-1.0210471,-2.00E-06,-2.00E-06,-1.0210043,-1.0210054,2.0419984,6.5343947,0.046080793
0.003575677,-1.0210466,-1.0210466,1.48E-06,1.48E-06,-1.0210061,-1.021005,2.0419984,6.5343947,0.046214225
0.003585677,-1.0210471,-1.0210471,-2.00E-06,-2.00E-06,-1.0210043,-1.0210054,2.0419984,6.5343947,0.046347658
0.003595677,-1.0210466,-1.0210466,1.48E-06,1.48E-06,-1.0210061,-1.021005,2.0419984,6.5343947,0.04648109
0.003605677,-1.0210471,-1.0210471,-2.00E-06,-2.00E-06,-1.0210043,-1.0210054,2.0419984,6.5343947,0.046614522
0.003615677,-1.0210466,-1.0210466,1.48E-06,1.48E-06,-1.0210061,-1.021005,2.0419984,6.5343947,0.046747954
0.003625677,-1.0210471,-1.0210471,-2.00E-06,-2.00E-06,-1.0210043,-1.0210054,2.0419984,6.5343947,0.046881386
0.003635677,-1.0210466,-1.0210466,1.48E-06,1.48E-06,-1.0210061,-1.021005,2.0419984,6.5343947,0.047014819
0.003645677,-1.0210471,-1.0210471,-2.00E-06,-2.00E-06,-1.0210043,-1.0210054,2.0419984,6.5343947,0.047148251
0.003655677,-1.0210466,-1.0210466,1.48E-06,1.48E-06,-1.0210061,-1.021005,2.0419984,6.5343947,0.047281683
0.003665677,-1.0210471,-1.0210471,-2.00E-06,-2.00E-06,-1.0210043,-1.0210054,2.0419984,6.5343947,0.047415115
0.003675677,-1.0210466,-1.0210466,1.48E-06,1.48E-06,-1.0210061,-1.021005,2.0419984,6.5343947,0.047548548
0.003685677,-1.0210471,-1.0210471,-2.00E-06,-2.00E-06,-1.0210043,-1.0210054,2.0419984,6.5343947,0.04768198
0.003695677,-1.0210466,-1.0210466,1.48E-06,1.48E-06,-1.0210061,-1.021005,2.0419984,6.5343947,0.047815412
0.003705677,-1.0210471,-1.0210471,-2.00E-06,-2.00E-06,-1.0210043,-1.0210054,2.0419984,6.5343947,0.047948844
0.003715677,-1.0210466,-1.0210466,1.48E-06,1.48E-06,-1.0210061,-1.021005,2.0419984,6.5343947,0.048082277
0.003725677,-1.0210471,-1.0210471,-2.00E-06,-2.00E-06,-1.0210043,-1.0210054,2.0419984,6.5343947,0.048215709
0.003735677,-1.0210466,-1.0210466,1.48E-06,1.48E-06,-1.0210061,-1.021005,2.0419984,6.5343947,0.048349141
0.003745677,-1.0210471,-1.0210471,-2.00E-06,-2.00E-06,-1.0210043,-1.0210054,2.0419984,6.5343947,0.048482573
0.003755677,-1.0210466,-1.0210466,1.48E-06,1.48E-06,-1.0210061,-1.021005,2.0419984,6.5343947,0.048616006
0.003765677,-1.0210471,-1.0210471,-2.00E-06,-2.00E-06,-1.0210043,-1.0210054,2.0419984,6.5343947,0.048749438
0.003775677,-1.0210466,-1.0210466,1.48E-06,1.48E-06,-1.0210061,-1.021005,2.0419984,6.5343947,0.04888287
0.003785677,-1.0210471,-1.0210471,-2.00E-06,-2.00E-06,-1.0210043,-1.0210054,2.0419984,6.5343947,0.049016302
0.003795677,-1.0210466,-1.0210466,1.48E-06,1.48E-06,-1.0210061,-1.021005,2.0419984,6.5343947,0.049149734
0.003805677,-1.0210471,-1.0210471,-2.00E-06,-2.00E-06,-1.0210043,-1.0210054,2.0419984,6.5343947,0.049283167
0.003815677,-1.0210466,-1.0210466,1.48E-06,1.48E-06,-1.0210061,-1.021005,2.0419984,6.5343947,0.049416599
0.003825677,-1.0210471,-1.0210471,-2.00E-06,-2.00E-06,-1.0210043,-1.0210054,2.0419984,6.5343947,0.049550031
0.003835677,-1.0210466,-1.0210466,1.48E-06,1.48E-06,-1.0210061,-1.021005,2.0419984,6.5343947,0.049683463
0.003845677,-1.0210471,-1.0210471,-2.00E-06,-2.00E-06,-1.0210043,-1.0210054,2.0419984,6.5343947,0.049816896
0.003855677,-1.0210466,-1.0210466,1.48E-06,1.48E-06,-1.0210061,-1.021005,2.0419984,6.5343947,0.049950328
0.003865677,-1.0210471,-1.0210471,-2.00E-06,-2.00E-06,-1.0210043,-1.0210054,2.0419984,6.5343947,0.05008376
0.003875677,-1.0210466,-1.0210466,1.48E-06,1.48E-06,-1.0210061,-1.021005,2.0419984,6.5343947,0.050217192
0.003885677,-1.0210471,-1.0210471,-2.00E-06,-2.00E-06,-1.0210043,-1.0210054,2.0419984,6.5343947,0.050350625
0.003895677,-1.0210466,-1.0210466,1.48E-06,1.48E-06,-1.0210061,-1.021005,2.0419984,6.5343947,0.050484057
0.003905677,-1.0210471,-1.0210471,-2.00E-06,-2.00E-06,-1.0210043,-1.0210054,2.0419984,6.5343947,0.050617489
0.003915677,-1.0210466,-1.0210466,1.48E-06,1.48E-06,-1.0210061,-1.021005,2.0419984,6.5343947,0.050750921
0.003925677,-1.0210471,-1.0210471,-2.00E-06,-2.00E-06,-1.0210043,-1.0210054,2.0419984,6.5343947,0.050884354
0.003935677,-1.0210466,-1.0210466,1.48E-06,1.48E-06,-1.0210061,-1.021005,2.0419984,6.5343947,0.051017786
0.003945677,-1.0210471,-1.0210471,-2.00E-06,-2.00E-06,-1.0210043,-1.0210054,2.0419984,6.5343947,0.051151218
0.003955677,-1.0210466,-1.0210466,1.48E-06,1.48E-06,-1.0210061,-1.021005,2.0419984,6.5343947,0.05128465
0.003965677,-1.0210471,-1.0210471,-2.00E-06,-2.00E-06,-1.0210043,-1.0210054,2.0419984,6.5343947,0.051418082
0.003975677,-1.0210466,-1.0210466,1.48E-06,1.48E-06,-1.0210061,-1.021005,2.0419984,6.5343947,0.051551515
0.003985677,-1.0210471,-1.0210471,-2.00E-06,-2.00E-06,-1.0210043,-1.0210054,2.0419984,6.5343947,0.051684947
0.003995677,-1.0210466,-1.0210466,1.48E-06,1.48E-06,-1.0210061,-1.021005,2.0419984,6.5343947,0.051818379
0.004005677,-1.0210471,-1.0210471,-2.00E-06,-2.00E-06,-1.0210043,-1.0210054,2.0419984,6.5343947,0.051951811
0.004015677,-1.0210466,-1.0210466,1.48E-06,1.48E-06,-1.0210061,-1.021005,2.0419984,6.5343947,0.052085244
0.004025677,-1.0210471,-1.0210471,-2.00E-06,-2.00E-06,-1.0210043,-1.0210054,2.0419984,6.5343947,0.052218676
0.004035677,-1.0210466,-1.0210466,1.48E-06,1.48E-06,-1.0210061,-1.021005,2.0419984,6.5343947,0.052352108
0.004045677,-1.0210471,-1.0210471,-2.00E-06,-2.00E-06,-1.0210043,-1.0210054,2.0419984,6.5343947,0.05248554
0.004055677,-1.0210466,-1.0210466,1.48E-06,1.48E-06,-1.0210061,-1.021005,2.0419984,6.5343947,0.052618973
0.004065677,-1.0210471,-1.0210471,-2.00E-06,-2.00E-06,-1.0210043,-1.0210054,2.0419984,6.5343947,0.052752405
0.004075677,-1.0210466,-1.0210466,1.48E-06,1.48E-06,-1.0210061,-1.021005,2.0419984,6.5343947,0.052885837
0.004085677,-1.0210471,-1.0210471,-2.00E-06,-2.00E-06,-1.0210043,-1.0210054,2.0419984,6.5343947,0.053019269
0.004095677,-1.0210466,-1.0210466,1.48E-06,1.48E-06,-1.0210061,-1.021005,2.0419984,6.5343947,0.053152702
0.004105677,-1.0210471,-1.0210471,-2.00E-06,-2.00E-06,-1.0210043,-1.0210054,2.0419984,6.5343947,0.053286134
0.004115677,-1.0210466,-1.0210466,1.48E-06,1.48E-06,-1.0210061,-1.021005,2.0419984,6.5343947,0.053419566
0.004125677,-1.0210471,-1.0210471,-2.00E-06,-2.00E-06,-1.0210043,-1.0210054,2.0419984,6.5343947,0.053552998
0.004135677,-1.0210466,-1.0210466,1.48E-06,1.48E-06,-1.0210061,-1.021005,2.0419984,6.5343947,0.05368643
0.004145677,-1.0210471,-1.0210471,-2.00E-06,-2.00E-06,-1.0210043,-1.0210054,2.0419984,6.5343947,0.053819863
0.004155677,-1.0210466,-1.0210466,1.48E-06,1.48E-06,-1.0210061,-1.021005,2.0419984,6.5343947,0.053953295
0.004165677,-1.0210471,-1.0210471,-2.00E-06,-2.00E-06,-1.0210043,-1.0210054,2.0419984,6.5343947,0.054086727
0.004175677,-1.0210466,-1.0210466,1.48E-06,1.48E-06,-1.0210061,-1.021005,2.0419984,6.5343947,0.054220159
0.004185677,-1.0210471,-1.0210471,-2.00E-06,-2.00E-06,-1.0210043,-1.0210054,2.0419984,6.5343947,0.054353592
0.004195677,-1.0210466,-1.0210466,1.48E-06,1.48E-06,-1.0210061,-1.021005,2.0419984,6.5343947,0.054487024
0.004205677,-1.0210471,-1.0210471,-2.00E-06,-2.00E-06,-1.0210043,-1.0210054,2.0419984,6.5343947,0.054620456
0.004215677,-1.0210466,-1.0210466,1.48E-06,1.48E-06,-1.0210061,-1.021005,2.0419984,6.5343947,0.054753888
0.004225677,-1.0210471,-1.0210471,-2.00E-06,-2.00E-06,-1.0210043,-1.0210054,2.0419984,6.5343947,0.054887321
0.004235677,-1.0210466,-1.0210466,1.48E-06,1.48E-06,-1.0210061,-1.021005,2.0419984,6.5343947,0.055020753
0.004245677,-1.0210471,-1.0210471,-2.00E-06,-2.00E-06,-1.0210043,-1.0210054,2.0419984,6.5343947,0.055154185
0.004255677,-1.0210466,-1.0210466,1.48E-06,1.48E-06,-1.0210061,-1.021005,2.0419984,6.5343947,0.055287617
0.004265677,-1.0210471,-1.0210471,-2.00E-06,-2.00E-06,-1.0210043,-1.0210054,2.0419984,6.5343947,0.05542105
0.004275677,-1.0210466,-1.0210466,1.48E-06,1.48E-06,-1.0210061,-1.021005,2.0419984,6.5343947,0.055554482
0.004285677,-1.0210471,-1.0210471,-2.00E-06,-2.00E-06,-1.0210043,-1.0210054,2.0419984,6.5343947,0.055687914
0.004295677,-1.0210466,-1.0210466,1.48E-06,1.48E-06,-1.0210061,-1.021005,2.0419984,6.5343947,0.055821346
0.004305677,-1.0210471,-1.0210471,-2.00E-06,-2.00E-06,-1.0210043,-1.0210054,2.0419984,6.5343947,0.055954778
0.004315677,-1.0210466,-1.0210466,1.48E-06,1.48E-06,-1.0210061,-1.021005,2.0419984,6.5343947,0.056088211
0.004325677,-1.0210471,-1.0210471,-2.00E-06,-2.00E-06,-1.0210043,-1.0210054,2.0419984,6.5343947,0.056221643
0.004335677,-1.0210466,-1.0210466,1.48E-06,1.48E-06,-1.0210061,-1.021005,2.0419984,6.5343947,0.056355075
0.004345677,-1.0210471,-1.0210471,-2.00E-06,-2.00E-06,-1.0210043,-1.0210054,2.0419984,6.5343947,0.056488507
0.004355677,-1.0210466,-1.0210466,1.48E-06,1.48E-06,-1.0210061,-1.021005,2.0419984,6.5343947,0.05662194
0.004365677,-1.0210471,-1.0210471,-2.00E-06,-2.00E-06,-1.0210043,-1.0210054,2.0419984,6.5343947,0.056755372
0.004375677,-1.0210466,-1.0210466,1.48E-06,1.48E-06,-1.0210061,-1.021005,2.0419984,6.5343947,0.056888804
0.004385677,-1.0210471,-1.0210471,-2.00E-06,-2.00E-06,-1.0210043,-1.0210054,2.0419984,6.5343947,0.057022236
0.004395677,-1.0210466,-1.0210466,1.48E-06,1.48E-06,-1.0210061,-1.021005,2.0419984,6.5343947,0.057155669
0.004405677,-1.0210471,-1.0210471,-2.00E-06,-2.00E-06,-1.0210043,-1.0210054,2.0419984,6.5343947,0.057289101
0.004415677,-1.0210466,-1.0210466,1.48E-06,1.48E-06,-1.0210061,-1.021005,2.0419984,6.5343947,0.057422533
0.004425677,-1.0210471,-1.0210471,-2.00E-06,-2.00E-06,-1.0210043,-1.0210054,2.0419984,6.5343947,0.057555965
0.004435677,-1.0210466,-1.0210466,1.48E-06,1.48E-06,-1.0210061,-1.021005,2.0419984,6.5343947,0.057689398
0.004445677,-1.0210471,-1.0210471,-2.00E-06,-2.00E-06,-1.0210043,-1.0210054,2.0419984,6.5343947,0.05782283
0.004455677,-1.0210466,-1.0210466,1.48E-06,1.48E-06,-1.0210061,-1.021005,2.0419984,6.5343947,0.057956262
0.004465677,-1.0210471,-1.0210471,-2.00E-06,-2.00E-06,-1.0210043,-1.0210054,2.0419984,6.5343947,0.058089694
0.004475677,-1.0210466,-1.0210466,1.48E-06,1.48E-06,-1.0210061,-1.021005,2.0419984,6.5343947,0.058223127
0.004485677,-1.0210471,-1.0210471,-2.00E-06,-2.00E-06,-1.0210043,-1.0210054,2.0419984,6.5343947,0.058356559
0.004495677,-1.0210466,-1.0210466,1.48E-06,1.48E-06,-1.0210061,-1.021005,2.0419984,6.5343947,0.058489991
0.004505677,-1.0210471,-1.0210471,-2.00E-06,-2.00E-06,-1.0210043,-1.0210054,2.0419984,6.5343947,0.058623423
0.004515677,-1.0210466,-1.0210466,1.48E-06,1.48E-06,-1.0210061,-1.021005,2.0419984,6.5343947,0.058756855
0.004525677,-1.0210471,-1.0210471,-2.00E-06,-2.00E-06,-1.0210043,-1.0210054,2.0419984,6.5343947,0.058890288
0.004535677,-1.0210466,-1.0210466,1.48E-06,1.48E-06,-1.0210061,-1.021005,2.0419984,6.5343947,0.05902372
0.004545677,-1.0210471,-1.0210471,-2.00E-06,-2.00E-06,-1.0210043,-1.0210054,2.0419984,6.5343947,0.059157152
0.004555677,-1.0210466,-1.0210466,1.48E-06,1.48E-06,-1.0210061,-1.021005,2.0419984,6.5343947,0.059290584
0.004565677,-1.0210471,-1.0210471,-2.00E-06,-2.00E-06,-1.0210043,-1.0210054,2.0419984,6.5343947,0.059424017
0.004575677,-1.0210466,-1.0210466,1.48E-06,1.48E-06,-1.0210061,-1.021005,2.0419984,6.5343947,0.059557449
0.004585677,-1.0210471,-1.0210471,-2.00E-06,-2.00E-06,-1.0210043,-1.0210054,2.0419984,6.5343947,0.059690881
0.004595677,-1.0210466,-1.0210466,1.48E-06,1.48E-06,-1.0210061,-1.021005,2.0419984,6.5343947,0.059824313
0.004605677,-1.0210471,-1.0210471,-2.00E-06,-2.00E-06,-1.0210043,-1.0210054,2.0419984,6.5343947,0.059957746
0.004615677,-1.0210466,-1.0210466,1.48E-06,1.48E-06,-1.0210061,-1.021005,2.0419984,6.5343947,0.060091178
0.004625677,-1.0210471,-1.0210471,-2.00E-06,-2.00E-06,-1.0210043,-1.0210054,2.0419984,6.5343947,0.06022461
0.004635677,-1.0210466,-1.0210466,1.48E-06,1.48E-06,-1.0210061,-1.021005,2.0419984,6.5343947,0.060358042
0.004645677,-1.0210471,-1.0210471,-2.00E-06,-2.00E-06,-1.0210043,-1.0210054,2.0419984,6.5343947,0.060491475
0.004655677,-1.0210466,-1.0210466,1.48E-06,1.48E-06,-1.0210061,-1.021005,2.0419984,6.5343947,0.060624907
0.004665677,-1.0210471,-1.0210471,-2.00E-06,-2.00E-06,-1.0210043,-1.0210054,2.0419984,6.5343947,0.060758339
0.004675677,-1.0210466,-1.0210466,1.48E-06,1.48E-06,-1.0210061,-1.021005,2.0419984,6.5343947,0.060891771
0.004685677,-1.0210471,-1.0210471,-2.00E-06,-2.00E-06,-1.0210043,-1.0210054,2.0419984,6.5343947,0.061025203
0.004695677,-1.0210466,-1.0210466,1.48E-06,1.48E-06,-1.0210061,-1.021005,2.0419984,6.5343947,0.061158636
0.004705677,-1.0210471,-1.0210471,-2.00E-06,-2.00E-06,-1.0210043,-1.0210054,2.0419984,6.5343947,0.061292068
0.004715677,-1.0210466,-1.0210466,1.48E-06,1.48E-06,-1.0210061,-1.021005,2.0419984,6.5343947,0.0614255
0.004725677,-1.0210471,-1.0210471,-2.00E-06,-2.00E-06,-1.0210043,-1.0210054,2.0419984,6.5343947,0.061558932
0.004735677,-1.0210466,-1.0210466,1.48E-06,1.48E-06,-1.0210061,-1.021005,2.0419984,6.5343947,0.061692365
0.004745677,-1.0210471,-1.0210471,-2.00E-06,-2.00E-06,-1.0210043,-1.0210054,2.0419984,6.5343947,0.061825797
0.004755677,-1.0210466,-1.0210466,1.48E-06,1.48E-06,-1.0210061,-1.021005,2.0419984,6.5343947,0.061959229
0.004765677,-1.0210471,-1.0210471,-2.00E-06,-2.00E-06,-1.0210043,-1.0210054,2.0419984,6.5343947,0.062092661
0.004775677,-1.0210466,-1.0210466,1.48E-06,1.48E-06,-1.0210061,-1.021005,2.0419984,6.5343947,0.062226094
0.004785677,-1.0210471,-1.0210471,-2.00E-06,-2.00E-06,-1.0210043,-1.0210054,2.0419984,6.5343947,0.062359526
0.004795677,-1.0210466,-1.0210466,1.48E-06,1.48E-06,-1.0210061,-1.021005,2.0419984,6.5343947,0.062492958
0.004805677,-1.0210471,-1.0210471,-2.00E-06,-2.00E-06,-1.0210043,-1.0210054,2.0419984,6.5343947,0.06262639
0.004815677,-1.0210466,-1.0210466,1.48E-06,1.48E-06,-1.0210061,-1.021005,2.0419984,6.5343947,0.062759823
0.004825677,-1.0210471,-1.0210471,-2.00E-06,-2.00E-06,-1.0210043,-1.0210054,2.0419984,6.5343947,0.062893255
0.004835677,-1.0210466,-1.0210466,1.48E-06,1.48E-06,-1.0210061,-1.021005,2.0419984,6.5343947,0.063026687
0.004845677,-1.0210471,-1.0210471,-2.00E-06,-2.00E-06,-1.0210043,-1.0210054,2.0419984,6.5343947,0.063160119
0.004855677,-1.0210466,-1.0210466,1.48E-06,1.48E-06,-1.0210061,-1.021005,2.0419984,6.5343947,0.063293551
0.004865677,-1.0210471,-1.0210471,-2.00E-06,-2.00E-06,-1.0210043,-1.0210054,2.0419984,6.5343947,0.063426984
0.004875677,-1.0210466,-1.0210466,1.48E-06,1.48E-06,-1.0210061,-1.021005,2.0419984,6.5343947,0.063560416
0.004885677,-1.0210471,-1.0210471,-2.00E-06,-2.00E-06,-1.0210043,-1.0210054,2.0419984,6.5343947,0.063693848
0.004895677,-1.0210466,-1.0210466,1.48E-06,1.48E-06,-1.0210061,-1.021005,2.0419984,6.5343947,0.06382728
0.004905677,-1.0210471,-1.0210471,-2.00E-06,-2.00E-06,-1.0210043,-1.0210054,2.0419984,6.5343947,0.063960713
0.004915677,-1.0210466,-1.0210466,1.48E-06,1.48E-06,-1.0210061,-1.021005,2.0419984,6.5343947,0.064094145
0.004925677,-1.0210471,-1.0210471,-2.00E-06,-2.00E-06,-1.0210043,-1.0210054,2.0419984,6.5343947,0.064227577
0.004935677,-1.0210466,-1.0210466,1.48E-06,1.48E-06,-1.0210061,-1.021005,2.0419984,6.5343947,0.064361009
0.004945677,-1.0210471,-1.0210471,-2.00E-06,-2.00E-06,-1.0210043,-1.0210054,2.0419984,6.5343947,0.064494442
0.004955677,-1.0210466,-1.0210466,1.48E-06,1.48E-06,-1.0210061,-1.021005,2.0419984,6.5343947,0.064627874
0.004965677,-1.0210471,-1.0210471,-2.00E-06,-2.00E-06,-1.0210043,-1.0210054,2.0419984,6.5343947,0.064761306
0.004975677,-1.0210466,-1.0210466,1.48E-06,1.48E-06,-1.0210061,-1.021005,2.0419984,6.5343947,0.064894738
0.004985677,-1.0210471,-1.0210471,-2.00E-06,-2.00E-06,-1.0210043,-1.0210054,2.0419984,6.5343947,0.065028171
0.004995677,-1.0210466,-1.0210466,1.48E-06,1.48E-06,-1.0210061,-1.021005,2.0419984,6.5343947,0.065161603
0.005005677,-1.0210471,-1.0210471,-2.00E-06,-2.00E-06,-1.0210043,-1.0210054,2.0419984,6.5343947,0.065295035
0.005015677,-1.0210466,-1.0210466,1.48E-06,1.48E-06,-1.0210061,-1.021005,2.0419984,6.5343947,0.065428467
0.005025677,-1.0210471,-1.0210471,-2.00E-06,-2.00E-06,-1.0210043,-1.0210054,2.0419984,6.5343947,0.065561899
0.005035677,-1.0210466,-1.0210466,1.48E-06,1.48E-06,-1.0210061,-1.021005,2.0419984,6.5343947,0.065695332
0.005045677,-1.0210471,-1.0210471,-2.00E-06,-2.00E-06,-1.0210043,-1.0210054,2.0419984,6.5343947,0.065828764
0.005055677,-1.0210466,-1.0210466,1.48E-06,1.48E-06,-1.0210061,-1.021005,2.0419984,6.5343947,0.065962196
0.005065677,-1.0210471,-1.0210471,-2.00E-06,-2.00E-06,-1.0210043,-1.0210054,2.0419984,6.5343947,0.066095628
0.005075677,-1.0210466,-1.0210466,1.48E-06,1.48E-06,-1.0210061,-1.021005,2.0419984,6.5343947,0.066229061
0.005085677,-1.0210471,-1.0210471,-2.00E-06,-2.00E-06,-1.0210043,-1.0210054,2.0419984,6.5343947,0.066362493
0.005095677,-1.0210466,-1.0210466,1.48E-06,1.48E-06,-1.0210061,-1.021005,2.0419984,6.5343947,0.066495925
0.005105677,-1.0210471,-1.0210471,-2.00E-06,-2.00E-06,-1.0210043,-1.0210054,2.0419984,6.5343947,0.066629357
0.005115677,-1.0210466,-1.0210466,1.48E-06,1.48E-06,-1.0210061,-1.021005,2.0419984,6.5343947,0.06676279
0.005125677,-1.0210471,-1.0210471,-2.00E-06,-2.00E-06,-1.0210043,-1.0210054,2.0419984,6.5343947,0.066896222
0.005135677,-1.0210466,-1.0210466,1.48E-06,1.48E-06,-1.0210061,-1.021005,2.0419984,6.5343947,0.067029654
0.005145677,-1.0210471,-1.0210471,-2.00E-06,-2.00E-06,-1.0210043,-1.0210054,2.0419984,6.5343947,0.067163086
0.005155677,-1.0210466,-1.0210466,1.48E-06,1.48E-06,-1.0210061,-1.021005,2.0419984,6.5343947,0.067296519
0.005165677,-1.0210471,-1.0210471,-2.00E-06,-2.00E-06,-1.0210043,-1.0210054,2.0419984,6.5343947,0.067429951
0.005175677,-1.0210466,-1.0210466,1.48E-06,1.48E-06,-1.0210061,-1.021005,2.0419984,6.5343947,0.067563383
0.005185677,-1.0210471,-1.0210471,-2.00E-06,-2.00E-06,-1.0210043,-1.0210054,2.0419984,6.5343947,0.067696815
0.005195677,-1.0210466,-1.0210466,1.48E-06,1.48E-06,-1.0210061,-1.021005,2.0419984,6.5343947,0.067830247
0.005205677,-1.0210471,-1.0210471,-2.00E-06,-2.00E-06,-1.0210043,-1.0210054,2.0419984,6.5343947,0.06796368
0.005215677,-1.0210466,-1.0210466,1.48E-06,1.48E-06,-1.0210061,-1.021005,2.0419984,6.5343947,0.068097112
0.005225677,-1.0210471,-1.0210471,-2.00E-06,-2.00E-06,-1.0210043,-1.0210054,2.0419984,6.5343947,0.068230544
0.005235677,-1.0210466,-1.0210466,1.48E-06,1.48E-06,-1.0210061,-1.021005,2.0419984,6.5343947,0.068363976
0.005245677,-1.0210471,-1.0210471,-2.00E-06,-2.00E-06,-1.0210043,-1.0210054,2.0419984,6.5343947,0.068497409
0.005255677,-1.0210466,-1.0210466,1.48E-06,1.48E-06,-1.0210061,-1.021005,2.0419984,6.5343947,0.068630841
0.005265677,-1.0210471,-1.0210471,-2.00E-06,-2.00E-06,-1.0210043,-1.0210054,2.0419984,6.5343947,0.068764273
0.005275677,-1.0210466,-1.0210466,1.48E-06,1.48E-06,-1.0210061,-1.021005,2.0419984,6.5343947,0.068897705
0.005285677,-1.0210471,-1.0210471,-2.00E-06,-2.00E-06,-1.0210043,-1.0210054,2.0419984,6.5343947,0.069031138
0.005295677,-1.0210466,-1.0210466,1.48E-06,1.48E-06,-1.0210061,-1.021005,2.0419984,6.5343947,0.06916457
0.005305677,-1.0210471,-1.0210471,-2.00E-06,-2.00E-06,-1.0210043,-1.0210054,2.0419984,6.5343947,0.069298002
0.005315677,-1.0210466,-1.0210466,1.48E-06,1.48E-06,-1.0210061,-1.021005,2.0419984,6.5343947,0.069431434
0.005325677,-1.0210471,-1.0210471,-2.00E-06,-2.00E-06,-1.0210043,-1.0210054,2.0419984,6.5343947,0.069564867
0.005335677,-1.0210466,-1.0210466,1.48E-06,1.48E-06,-1.0210061,-1.021005,2.0419984,6.5343947,0.069698299
0.005345677,-1.0210471,-1.0210471,-2.00E-06,-2.00E-06,-1.0210043,-1.0210054,2.0419984,6.5343947,0.069831731
0.005355677,-1.0210466,-1.0210466,1.48E-06,1.48E-06,-1.0210061,-1.021005,2.0419984,6.5343947,0.069965163
0.005365677,-1.0210471,-1.0210471,-2.00E-06,-2.00E-06,-1.0210043,-1.0210054,2.0419984,6.5343947,0.070098595
0.005375677,-1.0210466,-1.0210466,1.48E-06,1.48E-06,-1.0210061,-1.021005,2.0419984,6.5343947,0.070232028
0.005385677,-1.0210471,-1.0210471,-2.00E-06,-2.00E-06,-1.0210043,-1.0210054,2.0419984,6.5343947,0.07036546
0.005395677,-1.0210466,-1.0210466,1.48E-06,1.48E-06,-1.0210061,-1.021005,2.0419984,6.5343947,0.070498892
0.005405677,-1.0210471,-1.0210471,-2.00E-06,-2.00E-06,-1.0210043,-1.0210054,2.0419984,6.5343947,0.070632324
0.005415677,-1.0210466,-1.0210466,1.48E-06,1.48E-06,-1.0210061,-1.021005,2.0419984,6.5343947,0.070765757
0.005425677,-1.0210471,-1.0210471,-2.00E-06,-2.00E-06,-1.0210043,-1.0210054,2.0419984,6.5343947,0.070899189
0.005435677,-1.0210466,-1.0210466,1.48E-06,1.48E-06,-1.0210061,-1.021005,2.0419984,6.5343947,0.071032621
0.005445677,-1.0210471,-1.0210471,-2.00E-06,-2.00E-06,-1.0210043,-1.0210054,2.0419984,6.5343947,0.071166053
0.005455677,-1.0210466,-1.0210466,1.48E-06,1.48E-06,-1.0210061,-1.021005,2.0419984,6.5343947,0.071299486
0.005465677,-1.0210471,-1.0210471,-2.00E-06,-2.00E-06,-1.0210043,-1.0210054,2.0419984,6.5343947,0.071432918
0.005475677,-1.0210466,-1.0210466,1.48E-06,1.48E-06,-1.0210061,-1.021005,2.0419984,6.5343947,0.07156635
0.005485677,-1.0210471,-1.0210471,-2.00E-06,-2.00E-06,-1.0210043,-1.0210054,2.0419984,6.5343947,0.071699782
0.005495677,-1.0210466,-1.0210466,1.48E-06,1.48E-06,-1.0210061,-1.021005,2.0419984,6.5343947,0.071833215
0.005505677,-1.0210471,-1.0210471,-2.00E-06,-2.00E-06,-1.0210043,-1.0210054,2.0419984,6.5343947,0.071966647
0.005515677,-1.0210466,-1.0210466,1.48E-06,1.48E-06,-1.0210061,-1.021005,2.0419984,6.5343947,0.072100079
0.005525677,-1.0210471,-1.0210471,-2.00E-06,-2.00E-06,-1.0210043,-1.0210054,2.0419984,6.5343947,0.072233511
0.005535677,-1.0210466,-1.0210466,1.48E-06,1.48E-06,-1.0210061,-1.021005,2.0419984,6.5343947,0.072366943
0.005545677,-1.0210471,-1.0210471,-2.00E-06,-2.00E-06,-1.0210043,-1.0210054,2.0419984,6.5343947,0.072500376
0.005555677,-1.0210466,-1.0210466,1.48E-06,1.48E-06,-1.0210061,-1.021005,2.0419984,6.5343947,0.072633808
0.005565677,-1.0210471,-1.0210471,-2.00E-06,-2.00E-06,-1.0210043,-1.0210054,2.0419984,6.5343947,0.07276724
0.005575677,-1.0210466,-1.0210466,1.48E-06,1.48E-06,-1.0210061,-1.021005,2.0419984,6.5343947,0.072900672
0.005585677,-1.0210471,-1.0210471,-2.00E-06,-2.00E-06,-1.0210043,-1.0210054,2.0419984,6.5343947,0.073034105
0.005595677,-1.0210466,-1.0210466,1.48E-06,1.48E-06,-1.0210061,-1.021005,2.0419984,6.5343947,0.073167537
0.005605677,-1.0210471,-1.0210471,-2.00E-06,-2.00E-06,-1.0210043,-1.0210054,2.0419984,6.5343947,0.073300969
0.005615677,-1.0210466,-1.0210466,1.48E-06,1.48E-06,-1.0210061,-1.021005,2.0419984,6.5343947,0.073434401
0.005625677,-1.0210471,-1.0210471,-2.00E-06,-2.00E-06,-1.0210043,-1.0210054,2.0419984,6.5343947,0.073567834
0.005635677,-1.0210466,-1.0210466,1.48E-06,1.48E-06,-1.0210061,-1.021005,2.0419984,6.5343947,0.073701266
0.005645677,-1.0210471,-1.0210471,-2.00E-06,-2.00E-06,-1.0210043,-1.0210054,2.0419984,6.5343947,0.073834698
0.005655677,-1.0210466,-1.0210466,1.48E-06,1.48E-06,-1.0210061,-1.021005,2.0419984,6.5343947,0.07396813
0.005665677,-1.0210471,-1.0210471,-2.00E-06,-2.00E-06,-1.0210043,-1.0210054,2.0419984,6.5343947,0.074101563
0.005675677,-1.0210466,-1.0210466,1.48E-06,1.48E-06,-1.0210061,-1.021005,2.0419984,6.5343947,0.074234995
0.005685677,-1.0210471,-1.0210471,-2.00E-06,-2.00E-06,-1.0210043,-1.0210054,2.0419984,6.5343947,0.074368427
0.005695677,-1.0210466,-1.0210466,1.48E-06,1.48E-06,-1.0210061,-1.021005,2.0419984,6.5343947,0.074501859
0.005705677,-1.0210471,-1.0210471,-2.00E-06,-2.00E-06,-1.0210043,-1.0210054,2.0419984,6.5343947,0.074635291
0.005715677,-1.0210466,-1.0210466,1.48E-06,1.48E-06,-1.0210061,-1.021005,2.0419984,6.5343947,0.074768724
0.005725677,-1.0210471,-1.0210471,-2.00E-06,-2.00E-06,-1.0210043,-1.0210054,2.0419984,6.5343947,0.074902156
0.005735677,-1.0210466,-1.0210466,1.48E-06,1.48E-06,-1.0210061,-1.021005,2.0419984,6.5343947,0.075035588
0.005745677,-1.0210471,-1.0210471,-2.00E-06,-2.00E-06,-1.0210043,-1.0210054,2.0419984,6.5343947,0.07516902
0.005755677,-1.0210466,-1.0210466,1.48E-06,1.48E-06,-1.0210061,-1.021005,2.0419984,6.5343947,0.075302453
0.005765677,-1.0210471,-1.0210471,-2.00E-06,-2.00E-06,-1.0210043,-1.0210054,2.0419984,6.5343947,0.075435885
0.005775677,-1.0210466,-1.0210466,1.48E-06,1.48E-06,-1.0210061,-1.021005,2.0419984,6.5343947,0.075569317
0.005785677,-1.0210471,-1.0210471,-2.00E-06,-2.00E-06,-1.0210043,-1.0210054,2.0419984,6.5343947,0.075702749
0.005795677,-1.0210466,-1.0210466,1.48E-06,1.48E-06,-1.0210061,-1.021005,2.0419984,6.5343947,0.075836182
0.005805677,-1.0210471,-1.0210471,-2.00E-06,-2.00E-06,-1.0210043,-1.0210054,2.0419984,6.5343947,0.075969614
0.005815677,-1.0210466,-1.0210466,1.48E-06,1.48E-06,-1.0210061,-1.021005,2.0419984,6.5343947,0.076103046
0.005825677,-1.0210471,-1.0210471,-2.00E-06,-2.00E-06,-1.0210043,-1.0210054,2.0419984,6.5343947,0.076236478
0.005835677,-1.0210466,-1.0210466,1.48E-06,1.48E-06,-1.0210061,-1.021005,2.0419984,6.5343947,0.076369911
0.005845677,-1.0210471,-1.0210471,-2.00E-06,-2.00E-06,-1.0210043,-1.0210054,2.0419984,6.5343947,0.076503343
0.005855677,-1.0210466,-1.0210466,1.48E-06,1.48E-06,-1.0210061,-1.021005,2.0419984,6.5343947,0.076636775
0.005865677,-1.0210471,-1.0210471,-2.00E-06,-2.00E-06,-1.0210043,-1.0210054,2.0419984,6.5343947,0.076770207
0.005875677,-1.0210466,-1.0210466,1.48E-06,1.48E-06,-1.0210061,-1.021005,2.0419984,6.5343947,0.07690364
0.005885677,-1.0210471,-1.0210471,-2.00E-06,-2.00E-06,-1.0210043,-1.0210054,2.0419984,6.5343947,0.077037072
0.005895677,-1.0210466,-1.0210466,1.48E-06,1.48E-06,-1.0210061,-1.021005,2.0419984,6.5343947,0.077170504
0.005905677,-1.0210471,-1.0210471,-2.00E-06,-2.00E-06,-1.0210043,-1.0210054,2.0419984,6.5343947,0.077303936
0.005915677,-1.0210466,-1.0210466,1.48E-06,1.48E-06,-1.0210061,-1.021005,2.0419984,6.5343947,0.077437368
0.005925677,-1.0210471,-1.0210471,-2.00E-06,-2.00E-06,-1.0210043,-1.0210054,2.0419984,6.5343947,0.077570801
0.005935677,-1.0210466,-1.0210466,1.48E-06,1.48E-06,-1.0210061,-1.021005,2.0419984,6.5343947,0.077704233
0.005945677,-1.0210471,-1.0210471,-2.00E-06,-2.00E-06,-1.0210043,-1.0210054,2.0419984,6.5343947,0.077837665
0.005955677,-1.0210466,-1.0210466,1.48E-06,1.48E-06,-1.0210061,-1.021005,2.0419984,6.5343947,0.077971097
0.005965677,-1.0210471,-1.0210471,-2.00E-06,-2.00E-06,-1.0210043,-1.0210054,2.0419984,6.5343947,0.07810453
0.005975677,-1.0210466,-1.0210466,1.48E-06,1.48E-06,-1.0210061,-1.021005,2.0419984,6.5343947,0.078237962
0.005985677,-1.0210471,-1.0210471,-2.00E-06,-2.00E-06,-1.0210043,-1.0210054,2.0419984,6.5343947,0.078371394
0.005995677,-1.0210466,-1.0210466,1.48E-06,1.48E-06,-1.0210061,-1.021005,2.0419984,6.5343947,0.078504826
0.006005677,-1.0210471,-1.0210471,-2.00E-06,-2.00E-06,-1.0210043,-1.0210054,2.0419984,6.5343947,0.078638259
0.006015677,-1.0210466,-1.0210466,1.48E-06,1.48E-06,-1.0210061,-1.021005,2.0419984,6.5343947,0.078771691
0.006025677,-1.0210471,-1.0210471,-2.00E-06,-2.00E-06,-1.0210043,-1.0210054,2.0419984,6.5343947,0.078905123
0.006035677,-1.0210466,-1.0210466,1.48E-06,1.48E-06,-1.0210061,-1.021005,2.0419984,6.5343947,0.079038555
0.006045677,-1.0210471,-1.0210471,-2.00E-06,-2.00E-06,-1.0210043,-1.0210054,2.0419984,6.5343947,0.079171988
0.006055677,-1.0210466,-1.0210466,1.48E-06,1.48E-06,-1.0210061,-1.021005,2.0419984,6.5343947,0.07930542
0.006065677,-1.0210471,-1.0210471,-2.00E-06,-2.00E-06,-1.0210043,-1.0210054,2.0419984,6.5343947,0.079438852
0.006075677,-1.0210466,-1.0210466,1.48E-06,1.48E-06,-1.0210061,-1.021005,2.0419984,6.5343947,0.079572284
0.006085677,-1.0210471,-1.0210471,-2.00E-06,-2.00E-06,-1.0210043,-1.0210054,2.0419984,6.5343947,0.079705716
0.006095677,-1.0210466,-1.0210466,1.48E-06,1.48E-06,-1.0210061,-1.021005,2.0419984,6.5343947,0.079839149
0.006105677,-1.0210471,-1.0210471,-2.00E-06,-2.00E-06,-1.0210043,-1.0210054,2.0419984,6.5343947,0.079972581
0.006115677,-1.0210466,-1.0210466,1.48E-06,1.48E-06,-1.0210061,-1.021005,2.0419984,6.5343947,0.080106013
0.006125677,-1.0210471,-1.0210471,-2.00E-06,-2.00E-06,-1.0210043,-1.0210054,2.0419984,6.5343947,0.080239445
0.006135677,-1.0210466,-1.0210466,1.48E-06,1.48E-06,-1.0210061,-1.021005,2.0419984,6.5343947,0.080372878
0.006145677,-1.0210471,-1.0210471,-2.00E-06,-2.00E-06,-1.0210043,-1.0210054,2.0419984,6.5343947,0.08050631
0.006155677,-1.0210466,-1.0210466,1.48E-06,1.48E-06,-1.0210061,-1.021005,2.0419984,6.5343947,0.080639742
0.006165677,-1.0210471,-1.0210471,-2.00E-06,-2.00E-06,-1.0210043,-1.0210054,2.0419984,6.5343947,0.080773174
0.006175677,-1.0210466,-1.0210466,1.48E-06,1.48E-06,-1.0210061,-1.021005,2.0419984,6.5343947,0.080906607
0.006185677,-1.0210471,-1.0210471,-2.00E-06,-2.00E-06,-1.0210043,-1.0210054,2.0419984,6.5343947,0.081040039
0.006195677,-1.0210466,-1.0210466,1.48E-06,1.48E-06,-1.0210061,-1.021005,2.0419984,6.5343947,0.081173471
0.006205677,-1.0210471,-1.0210471,-2.00E-06,-2.00E-06,-1.0210043,-1.0210054,2.0419984,6.5343947,0.081306903
0.006215677,-1.0210466,-1.0210466,1.48E-06,1.48E-06,-1.0210061,-1.021005,2.0419984,6.5343947,0.081440336
0.006225677,-1.0210471,-1.0210471,-2.00E-06,-2.00E-06,-1.0210043,-1.0210054,2.0419984,6.5343947,0.081573768
0.006235677,-1.0210466,-1.0210466,1.48E-06,1.48E-06,-1.0210061,-1.021005,2.0419984,6.5343947,0.0817072
0.006245677,-1.0210471,-1.0210471,-2.00E-06,-2.00E-06,-1.0210043,-1.0210054,2.0419984,6.5343947,0.081840632
0.006255677,-1.0210466,-1.0210466,1.48E-06,1.48E-06,-1.0210061,-1.021005,2.0419984,6.5343947,0.081974064
0.006265677,-1.0210471,-1.0210471,-2.00E-06,-2.00E-06,-1.0210043,-1.0210054,2.0419984,6.5343947,0.082107497
0.006275677,-1.0210466,-1.0210466,1.48E-06,1.48E-06,-1.0210061,-1.021005,2.0419984,6.5343947,0.082240929
0.006285677,-1.0210471,-1.0210471,-2.00E-06,-2.00E-06,-1.0210043,-1.0210054,2.0419984,6.5343947,0.082374361
0.006295677,-1.0210466,-1.0210466,1.48E-06,1.48E-06,-1.0210061,-1.021005,2.0419984,6.5343947,0.082507793
0.006305677,-1.0210471,-1.0210471,-2.00E-06,-2.00E-06,-1.0210043,-1.0210054,2.0419984,6.5343947,0.082641226
0.006315677,-1.0210466,-1.0210466,1.48E-06,1.48E-06,-1.0210061,-1.021005,2.0419984,6.5343947,0.082774658
0.006325677,-1.0210471,-1.0210471,-2.00E-06,-2.00E-06,-1.0210043,-1.0210054,2.0419984,6.5343947,0.08290809
0.006335677,-1.0210466,-1.0210466,1.48E-06,1.48E-06,-1.0210061,-1.021005,2.0419984,6.5343947,0.083041522
0.006345677,-1.0210471,-1.0210471,-2.00E-06,-2.00E-06,-1.0210043,-1.0210054,2.0419984,6.5343947,0.083174955
0.006355677,-1.0210466,-1.0210466,1.48E-06,1.48E-06,-1.0210061,-1.021005,2.0419984,6.5343947,0.083308387
0.006365677,-1.0210471,-1.0210471,-2.00E-06,-2.00E-06,-1.0210043,-1.0210054,2.0419984,6.5343947,0.083441819
0.006375677,-1.0210466,-1.0210466,1.48E-06,1.48E-06,-1.0210061,-1.021005,2.0419984,6.5343947,0.083575251
0.006385677,-1.0210471,-1.0210471,-2.00E-06,-2.00E-06,-1.0210043,-1.0210054,2.0419984,6.5343947,0.083708684
0.006395677,-1.0210466,-1.0210466,1.48E-06,1.48E-06,-1.0210061,-1.021005,2.0419984,6.5343947,0.083842116
0.006405677,-1.0210471,-1.0210471,-2.00E-06,-2.00E-06,-1.0210043,-1.0210054,2.0419984,6.5343947,0.083975548
0.006415677,-1.0210466,-1.0210466,1.48E-06,1.48E-06,-1.0210061,-1.021005,2.0419984,6.5343947,0.08410898
0.006425677,-1.0210471,-1.0210471,-2.00E-06,-2.00E-06,-1.0210043,-1.0210054,2.0419984,6.5343947,0.084242412
0.006435677,-1.0210466,-1.0210466,1.48E-06,1.48E-06,-1.0210061,-1.021005,2.0419984,6.5343947,0.084375845
0.006445677,-1.0210471,-1.0210471,-2.00E-06,-2.00E-06,-1.0210043,-1.0210054,2.0419984,6.5343947,0.084509277
0.006455677,-1.0210466,-1.0210466,1.48E-06,1.48E-06,-1.0210061,-1.021005,2.0419984,6.5343947,0.084642709
0.006465677,-1.0210471,-1.0210471,-2.00E-06,-2.00E-06,-1.0210043,-1.0210054,2.0419984,6.5343947,0.084776141
0.006475677,-1.0210466,-1.0210466,1.48E-06,1.48E-06,-1.0210061,-1.021005,2.0419984,6.5343947,0.084909574
0.006485677,-1.0210471,-1.0210471,-2.00E-06,-2.00E-06,-1.0210043,-1.0210054,2.0419984,6.5343947,0.085043006
0.006495677,-1.0210466,-1.0210466,1.48E-06,1.48E-06,-1.0210061,-1.021005,2.0419984,6.5343947,0.085176438
0.006505677,-1.0210471,-1.0210471,-2.00E-06,-2.00E-06,-1.0210043,-1.0210054,2.0419984,6.5343947,0.08530987
0.006515677,-1.0210466,-1.0210466,1.48E-06,1.48E-06,-1.0210061,-1.021005,2.0419984,6.5343947,0.085443303
0.006525677,-1.0210471,-1.0210471,-2.00E-06,-2.00E-06,-1.0210043,-1.0210054,2.0419984,6.5343947,0.085576735
0.006535677,-1.0210466,-1.0210466,1.48E-06,1.48E-06,-1.0210061,-1.021005,2.0419984,6.5343947,0.085710167
0.006545677,-1.0210471,-1.0210471,-2.00E-06,-2.00E-06,-1.0210043,-1.0210054,2.0419984,6.5343947,0.085843599
0.006555677,-1.0210466,-1.0210466,1.48E-06,1.48E-06,-1.0210061,-1.021005,2.0419984,6.5343947,0.085977032
0.006565677,-1.0210471,-1.0210471,-2.00E-06,-2.00E-06,-1.0210043,-1.0210054,2.0419984,6.5343947,0.086110464
0.006575677,-1.0210466,-1.0210466,1.48E-06,1.48E-06,-1.0210061,-1.021005,2.0419984,6.5343947,0.086243896
0.006585677,-1.0210471,-1.0210471,-2.00E-06,-2.00E-06,-1.0210043,-1.0210054,2.0419984,6.5343947,0.086377328
0.006595677,-1.0210466,-1.0210466,1.48E-06,1.48E-06,-1.0210061,-1.021005,2.0419984,6.5343947,0.08651076
0.006605677,-1.0210471,-1.0210471,-2.00E-06,-2.00E-06,-1.0210043,-1.0210054,2.0419984,6.5343947,0.086644193
0.006615677,-1.0210466,-1.0210466,1.48E-06,1.48E-06,-1.0210061,-1.021005,2.0419984,6.5343947,0.086777625
0.006625677,-1.0210471,-1.0210471,-2.00E-06,-2.00E-06,-1.0210043,-1.0210054,2.0419984,6.5343947,0.086911057
0.006635677,-1.0210466,-1.0210466,1.48E-06,1.48E-06,-1.0210061,-1.021005,2.0419984,6.5343947,0.087044489
0.006645677,-1.0210471,-1.0210471,-2.00E-06,-2.00E-06,-1.0210043,-1.0210054,2.0419984,6.5343947,0.087177922
0.006655677,-1.0210466,-1.0210466,1.48E-06,1.48E-06,-1.0210061,-1.021005,2.0419984,6.5343947,0.087311354
0.006665677,-1.0210471,-1.0210471,-2.00E-06,-2.00E-06,-1.0210043,-1.0210054,2.0419984,6.5343947,0.087444786
0.006675677,-1.0210466,-1.0210466,1.48E-06,1.48E-06,-1.0210061,-1.021005,2.0419984,6.5343947,0.087578218
0.006685677,-1.0210471,-1.0210471,-2.00E-06,-2.00E-06,-1.0210043,-1.0210054,2.0419984,6.5343947,0.087711651
0.006695677,-1.0210466,-1.0210466,1.48E-06,1.48E-06,-1.0210061,-1.021005,2.0419984,6.5343947,0.087845083
0.006705677,-1.0210471,-1.0210471,-2.00E-06,-2.00E-06,-1.0210043,-1.0210054,2.0419984,6.5343947,0.087978515
0.006715677,-1.0210466,-1.0210466,1.48E-06,1.48E-06,-1.0210061,-1.021005,2.0419984,6.5343947,0.088111947
0.006725677,-1.0210471,-1.0210471,-2.00E-06,-2.00E-06,-1.0210043,-1.0210054,2.0419984,6.5343947,0.08824538
0.006735677,-1.0210466,-1.0210466,1.48E-06,1.48E-06,-1.0210061,-1.021005,2.0419984,6.5343947,0.088378812
0.006745677,-1.0210471,-1.0210471,-2.00E-06,-2.00E-06,-1.0210043,-1.0210054,2.0419984,6.5343947,0.088512244
0.006755677,-1.0210466,-1.0210466,1.48E-06,1.48E-06,-1.0210061,-1.021005,2.0419984,6.5343947,0.088645676
0.006765677,-1.0210471,-1.0210471,-2.00E-06,-2.00E-06,-1.0210043,-1.0210054,2.0419984,6.5343947,0.088779108
0.006775677,-1.0210466,-1.0210466,1.48E-06,1.48E-06,-1.0210061,-1.021005,2.0419984,6.5343947,0.088912541
0.006785677,-1.0210471,-1.0210471,-2.00E-06,-2.00E-06,-1.0210043,-1.0210054,2.0419984,6.5343947,0.089045973
0.006795677,-1.0210466,-1.0210466,1.48E-06,1.48E-06,-1.0210061,-1.021005,2.0419984,6.5343947,0.089179405
0.006805677,-1.0210471,-1.0210471,-2.00E-06,-2.00E-06,-1.0210043,-1.0210054,2.0419984,6.5343947,0.089312837
0.006815677,-1.0210466,-1.0210466,1.48E-06,1.48E-06,-1.0210061,-1.021005,2.0419984,6.5343947,0.08944627
0.006825677,-1.0210471,-1.0210471,-2.00E-06,-2.00E-06,-1.0210043,-1.0210054,2.0419984,6.5343947,0.089579702
0.006835677,-1.0210466,-1.0210466,1.48E-06,1.48E-06,-1.0210061,-1.021005,2.0419984,6.5343947,0.089713134
0.006845677,-1.0210471,-1.0210471,-2.00E-06,-2.00E-06,-1.0210043,-1.0210054,2.0419984,6.5343947,0.089846566
0.006855677,-1.0210466,-1.0210466,1.48E-06,1.48E-06,-1.0210061,-1.021005,2.0419984,6.5343947,0.089979999
0.006865677,-1.0210471,-1.0210471,-2.00E-06,-2.00E-06,-1.0210043,-1.0210054,2.0419984,6.5343947,0.090113431
0.006875677,-1.0210466,-1.0210466,1.48E-06,1.48E-06,-1.0210061,-1.021005,2.0419984,6.5343947,0.090246863
0.006885677,-1.0210471,-1.0210471,-2.00E-06,-2.00E-06,-1.0210043,-1.0210054,2.0419984,6.5343947,0.090380295
0.006895677,-1.0210466,-1.0210466,1.48E-06,1.48E-06,-1.0210061,-1.021005,2.0419984,6.5343947,0.090513728
0.006905677,-1.0210471,-1.0210471,-2.00E-06,-2.00E-06,-1.0210043,-1.0210054,2.0419984,6.5343947,0.09064716
0.006915677,-1.0210466,-1.0210466,1.48E-06,1.48E-06,-1.0210061,-1.021005,2.0419984,6.5343947,0.090780592
0.006925677,-1.0210471,-1.0210471,-2.00E-06,-2.00E-06,-1.0210043,-1.0210054,2.0419984,6.5343947,0.090914024
0.006935677,-1.0210466,-1.0210466,1.48E-06,1.48E-06,-1.0210061,-1.021005,2.0419984,6.5343947,0.091047456
0.006945677,-1.0210471,-1.0210471,-2.00E-06,-2.00E-06,-1.0210043,-1.0210054,2.0419984,6.5343947,0.091180889
0.006955677,-1.0210466,-1.0210466,1.48E-06,1.48E-06,-1.0210061,-1.021005,2.0419984,6.5343947,0.091314321
0.006965677,-1.0210471,-1.0210471,-2.00E-06,-2.00E-06,-1.0210043,-1.0210054,2.0419984,6.5343947,0.091447753
0.006975677,-1.0210466,-1.0210466,1.48E-06,1.48E-06,-1.0210061,-1.021005,2.0419984,6.5343947,0.091581185
0.006985677,-1.0210471,-1.0210471,-2.00E-06,-2.00E-06,-1.0210043,-1.0210054,2.0419984,6.5343947,0.091714618
0.006995677,-1.0210466,-1.0210466,1.48E-06,1.48E-06,-1.0210061,-1.021005,2.0419984,6.5343947,0.09184805
0.007005677,-1.0210471,-1.0210471,-2.00E-06,-2.00E-06,-1.0210043,-1.0210054,2.0419984,6.5343947,0.091981482
0.007015677,-1.0210466,-1.0210466,1.48E-06,1.48E-06,-1.0210061,-1.021005,2.0419984,6.5343947,0.092114914
0.007025677,-1.0210471,-1.0210471,-2.00E-06,-2.00E-06,-1.0210043,-1.0210054,2.0419984,6.5343947,0.092248347
0.007035677,-1.0210466,-1.0210466,1.48E-06,1.48E-06,-1.0210061,-1.021005,2.0419984,6.5343947,0.092381779
0.007045677,-1.0210471,-1.0210471,-2.00E-06,-2.00E-06,-1.0210043,-1.0210054,2.0419984,6.5343947,0.092515211
0.007055677,-1.0210466,-1.0210466,1.48E-06,1.48E-06,-1.0210061,-1.021005,2.0419984,6.5343947,0.092648643
0.007065677,-1.0210471,-1.0210471,-2.00E-06,-2.00E-06,-1.0210043,-1.0210054,2.0419984,6.5343947,0.092782076
0.007075677,-1.0210466,-1.0210466,1.48E-06,1.48E-06,-1.0210061,-1.021005,2.0419984,6.5343947,0.092915508
0.007085677,-1.0210471,-1.0210471,-2.00E-06,-2.00E-06,-1.0210043,-1.0210054,2.0419984,6.5343947,0.09304894
0.007095677,-1.0210466,-1.0210466,1.48E-06,1.48E-06,-1.0210061,-1.021005,2.0419984,6.5343947,0.093182372
0.007105677,-1.0210471,-1.0210471,-2.00E-06,-2.00E-06,-1.0210043,-1.0210054,2.0419984,6.5343947,0.093315804
0.007115677,-1.0210466,-1.0210466,1.48E-06,1.48E-06,-1.0210061,-1.021005,2.0419984,6.5343947,0.093449237
0.007125677,-1.0210471,-1.0210471,-2.00E-06,-2.00E-06,-1.0210043,-1.0210054,2.0419984,6.5343947,0.093582669
0.007135677,-1.0210466,-1.0210466,1.48E-06,1.48E-06,-1.0210061,-1.021005,2.0419984,6.5343947,0.093716101
0.007145677,-1.0210471,-1.0210471,-2.00E-06,-2.00E-06,-1.0210043,-1.0210054,2.0419984,6.5343947,0.093849533
0.007155677,-1.0210466,-1.0210466,1.48E-06,1.48E-06,-1.0210061,-1.021005,2.0419984,6.5343947,0.093982966
0.007165677,-1.0210471,-1.0210471,-2.00E-06,-2.00E-06,-1.0210043,-1.0210054,2.0419984,6.5343947,0.094116398
0.007175677,-1.0210466,-1.0210466,1.48E-06,1.48E-06,-1.0210061,-1.021005,2.0419984,6.5343947,0.09424983
0.007185677,-1.0210471,-1.0210471,-2.00E-06,-2.00E-06,-1.0210043,-1.0210054,2.0419984,6.5343947,0.094383262
0.007195677,-1.0210466,-1.0210466,1.48E-06,1.48E-06,-1.0210061,-1.021005,2.0419984,6.5343947,0.094516695
0.007205677,-1.0210471,-1.0210471,-2.00E-06,-2.00E-06,-1.0210043,-1.0210054,2.0419984,6.5343947,0.094650127
0.007215677,-1.0210466,-1.0210466,1.48E-06,1.48E-06,-1.0210061,-1.021005,2.0419984,6.5343947,0.094783559
0.007225677,-1.0210471,-1.0210471,-2.00E-06,-2.00E-06,-1.0210043,-1.0210054,2.0419984,6.5343947,0.094916991
0.007235677,-1.0210466,-1.0210466,1.48E-06,1.48E-06,-1.0210061,-1.021005,2.0419984,6.5343947,0.095050424
0.007245677,-1.0210471,-1.0210471,-2.00E-06,-2.00E-06,-1.0210043,-1.0210054,2.0419984,6.5343947,0.095183856
0.007255677,-1.0210466,-1.0210466,1.48E-06,1.48E-06,-1.0210061,-1.021005,2.0419984,6.5343947,0.095317288
0.007265677,-1.0210471,-1.0210471,-2.00E-06,-2.00E-06,-1.0210043,-1.0210054,2.0419984,6.5343947,0.09545072
0.007275677,-1.0210466,-1.0210466,1.48E-06,1.48E-06,-1.0210061,-1.021005,2.0419984,6.5343947,0.095584153
0.007285677,-1.0210471,-1.0210471,-2.00E-06,-2.00E-06,-1.0210043,-1.0210054,2.0419984,6.5343947,0.095717585
0.007295677,-1.0210466,-1.0210466,1.48E-06,1.48E-06,-1.0210061,-1.021005,2.0419984,6.5343947,0.095851017
0.007305677,-1.0210471,-1.0210471,-2.00E-06,-2.00E-06,-1.0210043,-1.0210054,2.0419984,6.5343947,0.095984449
0.007315677,-1.0210466,-1.0210466,1.48E-06,1.48E-06,-1.0210061,-1.021005,2.0419984,6.5343947,0.096117881
0.007325677,-1.0210471,-1.0210471,-2.00E-06,-2.00E-06,-1.0210043,-1.0210054,2.0419984,6.5343947,0.096251314
0.007335677,-1.0210466,-1.0210466,1.48E-06,1.48E-06,-1.0210061,-1.021005,2.0419984,6.5343947,0.096384746
0.007345677,-1.0210471,-1.0210471,-2.00E-06,-2.00E-06,-1.0210043,-1.0210054,2.0419984,6.5343947,0.096518178
0.007355677,-1.0210466,-1.0210466,1.48E-06,1.48E-06,-1.0210061,-1.021005,2.0419984,6.5343947,0.09665161
0.007365677,-1.0210471,-1.0210471,-2.00E-06,-2.00E-06,-1.0210043,-1.0210054,2.0419984,6.5343947,0.096785043
0.007375677,-1.0210466,-1.0210466,1.48E-06,1.48E-06,-1.0210061,-1.021005,2.0419984,6.5343947,0.096918475
0.007385677,-1.0210471,-1.0210471,-2.00E-06,-2.00E-06,-1.0210043,-1.0210054,2.0419984,6.5343947,0.097051907
0.007395677,-1.0210466,-1.0210466,1.48E-06,1.48E-06,-1.0210061,-1.021005,2.0419984,6.5343947,0.097185339
0.007405677,-1.0210471,-1.0210471,-2.00E-06,-2.00E-06,-1.0210043,-1.0210054,2.0419984,6.5343947,0.097318772
0.007415677,-1.0210466,-1.0210466,1.48E-06,1.48E-06,-1.0210061,-1.021005,2.0419984,6.5343947,0.097452204
0.007425677,-1.0210471,-1.0210471,-2.00E-06,-2.00E-06,-1.0210043,-1.0210054,2.0419984,6.5343947,0.097585636
0.007435677,-1.0210466,-1.0210466,1.48E-06,1.48E-06,-1.0210061,-1.021005,2.0419984,6.5343947,0.097719068
0.007445677,-1.0210471,-1.0210471,-2.00E-06,-2.00E-06,-1.0210043,-1.0210054,2.0419984,6.5343947,0.097852501
0.007455677,-1.0210466,-1.0210466,1.48E-06,1.48E-06,-1.0210061,-1.021005,2.0419984,6.5343947,0.097985933
0.007465677,-1.0210471,-1.0210471,-2.00E-06,-2.00E-06,-1.0210043,-1.0210054,2.0419984,6.5343947,0.098119365
0.007475677,-1.0210466,-1.0210466,1.48E-06,1.48E-06,-1.0210061,-1.021005,2.0419984,6.5343947,0.098252797
0.007485677,-1.0210471,-1.0210471,-2.00E-06,-2.00E-06,-1.0210043,-1.0210054,2.0419984,6.5343947,0.098386229
0.007495677,-1.0210466,-1.0210466,1.48E-06,1.48E-06,-1.0210061,-1.021005,2.0419984,6.5343947,0.098519662
0.007505677,-1.0210471,-1.0210471,-2.00E-06,-2.00E-06,-1.0210043,-1.0210054,2.0419984,6.5343947,0.098653094
0.007515677,-1.0210466,-1.0210466,1.48E-06,1.48E-06,-1.0210061,-1.021005,2.0419984,6.5343947,0.098786526
0.007525677,-1.0210471,-1.0210471,-2.00E-06,-2.00E-06,-1.0210043,-1.0210054,2.0419984,6.5343947,0.098919958
0.007535677,-1.0210466,-1.0210466,1.48E-06,1.48E-06,-1.0210061,-1.021005,2.0419984,6.5343947,0.099053391
0.007545677,-1.0210471,-1.0210471,-2.00E-06,-2.00E-06,-1.0210043,-1.0210054,2.0419984,6.5343947,0.099186823
0.007555677,-1.0210466,-1.0210466,1.48E-06,1.48E-06,-1.0210061,-1.021005,2.0419984,6.5343947,0.099320255
0.007565677,-1.0210471,-1.0210471,-2.00E-06,-2.00E-06,-1.0210043,-1.0210054,2.0419984,6.5343947,0.099453687
0.007575677,-1.0210466,-1.0210466,1.48E-06,1.48E-06,-1.0210061,-1.021005,2.0419984,6.5343947,0.09958712
0.007585677,-1.0210471,-1.0210471,-2.00E-06,-2.00E-06,-1.0210043,-1.0210054,2.0419984,6.5343947,0.099720552
0.007595677,-1.0210466,-1.0210466,1.48E-06,1.48E-06,-1.0210061,-1.021005,2.0419984,6.5343947,0.099853984
0.007605677,-1.0210471,-1.0210471,-2.00E-06,-2.00E-06,-1.0210043,-1.0210054,2.0419984,6.5343947,0.099987416
0.007615677,-1.0210466,-1.0210466,1.48E-06,1.48E-06,-1.0210061,-1.021005,2.0419984,6.5343947,0.100120849
0.007625677,-1.0210471,-1.0210471,-2.00E-06,-2.00E-06,-1.0210043,-1.0210054,2.0419984,6.5343947,0.100254281
0.007635677,-1.0210466,-1.0210466,1.48E-06,1.48E-06,-1.0210061,-1.021005,2.0419984,6.5343947,0.100387713
0.007645677,-1.0210471,-1.0210471,-2.00E-06,-2.00E-06,-1.0210043,-1.0210054,2.0419984,6.5343947,0.100521145
0.007655677,-1.0210466,-1.0210466,1.48E-06,1.48E-06,-1.0210061,-1.021005,2.0419984,6.5343947,0.100654577
0.007665677,-1.0210471,-1.0210471,-2.00E-06,-2.00E-06,-1.0210043,-1.0210054,2.0419984,6.5343947,0.10078801
0.007675677,-1.0210466,-1.0210466,1.48E-06,1.48E-06,-1.0210061,-1.021005,2.0419984,6.5343947,0.100921442
0.007685677,-1.0210471,-1.0210471,-2.00E-06,-2.00E-06,-1.0210043,-1.0210054,2.0419984,6.5343947,0.101054874
0.007695677,-1.0210466,-1.0210466,1.48E-06,1.48E-06,-1.0210061,-1.021005,2.0419984,6.5343947,0.101188306
0.007705677,-1.0210471,-1.0210471,-2.00E-06,-2.00E-06,-1.0210043,-1.0210054,2.0419984,6.5343947,0.101321739
0.007715677,-1.0210466,-1.0210466,1.48E-06,1.48E-06,-1.0210061,-1.021005,2.0419984,6.5343947,0.101455171
0.007725677,-1.0210471,-1.0210471,-2.00E-06,-2.00E-06,-1.0210043,-1.0210054,2.0419984,6.5343947,0.101588603
0.007735677,-1.0210466,-1.0210466,1.48E-06,1.48E-06,-1.0210061,-1.021005,2.0419984,6.5343947,0.101722035
0.007745677,-1.0210471,-1.0210471,-2.00E-06,-2.00E-06,-1.0210043,-1.0210054,2.0419984,6.5343947,0.101855468
0.007755677,-1.0210466,-1.0210466,1.48E-06,1.48E-06,-1.0210061,-1.021005,2.0419984,6.5343947,0.1019889
0.007765677,-1.0210471,-1.0210471,-2.00E-06,-2.00E-06,-1.0210043,-1.0210054,2.0419984,6.5343947,0.102122332
0.007775677,-1.0210466,-1.0210466,1.48E-06,1.48E-06,-1.0210061,-1.021005,2.0419984,6.5343947,0.102255764
0.007785677,-1.0210471,-1.0210471,-2.00E-06,-2.00E-06,-1.0210043,-1.0210054,2.0419984,6.5343947,0.102389197
0.007795677,-1.0210466,-1.0210466,1.48E-06,1.48E-06,-1.0210061,-1.021005,2.0419984,6.5343947,0.102522629
0.007805677,-1.0210471,-1.0210471,-2.00E-06,-2.00E-06,-1.0210043,-1.0210054,2.0419984,6.5343947,0.102656061
0.007815677,-1.0210466,-1.0210466,1.48E-06,1.48E-06,-1.0210061,-1.021005,2.0419984,6.5343947,0.102789493
0.007825677,-1.0210471,-1.0210471,-2.00E-06,-2.00E-06,-1.0210043,-1.0210054,2.0419984,6.5343947,0.102922925
0.007835677,-1.0210466,-1.0210466,1.48E-06,1.48E-06,-1.0210061,-1.021005,2.0419984,6.5343947,0.103056358
0.007845677,-1.0210471,-1.0210471,-2.00E-06,-2.00E-06,-1.0210043,-1.0210054,2.0419984,6.5343947,0.10318979
0.007855677,-1.0210466,-1.0210466,1.48E-06,1.48E-06,-1.0210061,-1.021005,2.0419984,6.5343947,0.103323222
0.007865677,-1.0210471,-1.0210471,-2.00E-06,-2.00E-06,-1.0210043,-1.0210054,2.0419984,6.5343947,0.103456654
0.007875677,-1.0210466,-1.0210466,1.48E-06,1.48E-06,-1.0210061,-1.021005,2.0419984,6.5343947,0.103590087
0.007885677,-1.0210471,-1.0210471,-2.00E-06,-2.00E-06,-1.0210043,-1.0210054,2.0419984,6.5343947,0.103723519
0.007895677,-1.0210466,-1.0210466,1.48E-06,1.48E-06,-1.0210061,-1.021005,2.0419984,6.5343947,0.103856951
0.007905677,-1.0210471,-1.0210471,-2.00E-06,-2.00E-06,-1.0210043,-1.0210054,2.0419984,6.5343947,0.103990383
0.007915677,-1.0210466,-1.0210466,1.48E-06,1.48E-06,-1.0210061,-1.021005,2.0419984,6.5343947,0.104123816
0.007925677,-1.0210471,-1.0210471,-2.00E-06,-2.00E-06,-1.0210043,-1.0210054,2.0419984,6.5343947,0.104257248
0.007935677,-1.0210466,-1.0210466,1.48E-06,1.48E-06,-1.0210061,-1.021005,2.0419984,6.5343947,0.10439068
0.007945677,-1.0210471,-1.0210471,-2.00E-06,-2.00E-06,-1.0210043,-1.0210054,2.0419984,6.5343947,0.104524112
0.007955677,-1.0210466,-1.0210466,1.48E-06,1.48E-06,-1.0210061,-1.021005,2.0419984,6.5343947,0.104657545
0.007965677,-1.0210471,-1.0210471,-2.00E-06,-2.00E-06,-1.0210043,-1.0210054,2.0419984,6.5343947,0.104790977
0.007975677,-1.0210466,-1.0210466,1.48E-06,1.48E-06,-1.0210061,-1.021005,2.0419984,6.5343947,0.104924409
0.007985677,-1.0210471,-1.0210471,-2.00E-06,-2.00E-06,-1.0210043,-1.0210054,2.0419984,6.5343947,0.105057841
0.007995677,-1.0210466,-1.0210466,1.48E-06,1.48E-06,-1.0210061,-1.021005,2.0419984,6.5343947,0.105191273
0.008005677,-1.0210471,-1.0210471,-2.00E-06,-2.00E-06,-1.0210043,-1.0210054,2.0419984,6.5343947,0.105324706
0.008015677,-1.0210466,-1.0210466,1.48E-06,1.48E-06,-1.0210061,-1.021005,2.0419984,6.5343947,0.105458138
0.008025677,-1.0210471,-1.0210471,-2.00E-06,-2.00E-06,-1.0210043,-1.0210054,2.0419984,6.5343947,0.10559157
0.008035677,-1.0210466,-1.0210466,1.48E-06,1.48E-06,-1.0210061,-1.021005,2.0419984,6.5343947,0.105725002
0.008045677,-1.0210471,-1.0210471,-2.00E-06,-2.00E-06,-1.0210043,-1.0210054,2.0419984,6.5343947,0.105858435
0.008055677,-1.0210466,-1.0210466,1.48E-06,1.48E-06,-1.0210061,-1.021005,2.0419984,6.5343947,0.105991867
0.008065677,-1.0210471,-1.0210471,-2.00E-06,-2.00E-06,-1.0210043,-1.0210054,2.0419984,6.5343947,0.106125299
0.008075677,-1.0210466,-1.0210466,1.48E-06,1.48E-06,-1.0210061,-1.021005,2.0419984,6.5343947,0.106258731
0.008085677,-1.0210471,-1.0210471,-2.00E-06,-2.00E-06,-1.0210043,-1.0210054,2.0419984,6.5343947,0.106392164
0.008095677,-1.0210466,-1.0210466,1.48E-06,1.48E-06,-1.0210061,-1.021005,2.0419984,6.5343947,0.106525596
0.008105677,-1.0210471,-1.0210471,-2.00E-06,-2.00E-06,-1.0210043,-1.0210054,2.0419984,6.5343947,0.106659028
0.008115677,-1.0210466,-1.0210466,1.48E-06,1.48E-06,-1.0210061,-1.021005,2.0419984,6.5343947,0.10679246
0.008125677,-1.0210471,-1.0210471,-2.00E-06,-2.00E-06,-1.0210043,-1.0210054,2.0419984,6.5343947,0.106925893
0.008135677,-1.0210466,-1.0210466,1.48E-06,1.48E-06,-1.0210061,-1.021005,2.0419984,6.5343947,0.107059325
0.008145677,-1.0210471,-1.0210471,-2.00E-06,-2.00E-06,-1.0210043,-1.0210054,2.0419984,6.5343947,0.107192757
0.008155677,-1.0210466,-1.0210466,1.48E-06,1.48E-06,-1.0210061,-1.021005,2.0419984,6.5343947,0.107326189
0.008165677,-1.0210471,-1.0210471,-2.00E-06,-2.00E-06,-1.0210043,-1.0210054,2.0419984,6.5343947,0.107459621
0.008175677,-1.0210466,-1.0210466,1.48E-06,1.48E-06,-1.0210061,-1.021005,2.0419984,6.5343947,0.107593054
0.008185677,-1.0210471,-1.0210471,-2.00E-06,-2.00E-06,-1.0210043,-1.0210054,2.0419984,6.5343947,0.107726486
0.008195677,-1.0210466,-1.0210466,1.48E-06,1.48E-06,-1.0210061,-1.021005,2.0419984,6.5343947,0.107859918
0.008205677,-1.0210471,-1.0210471,-2.00E-06,-2.00E-06,-1.0210043,-1.0210054,2.0419984,6.5343947,0.10799335
0.008215677,-1.0210466,-1.0210466,1.48E-06,1.48E-06,-1.0210061,-1.021005,2.0419984,6.5343947,0.108126783
0.008225677,-1.0210471,-1.0210471,-2.00E-06,-2.00E-06,-1.0210043,-1.0210054,2.0419984,6.5343947,0.108260215
0.008235677,-1.0210466,-1.0210466,1.48E-06,1.48E-06,-1.0210061,-1.021005,2.0419984,6.5343947,0.108393647
0.008245677,-1.0210471,-1.0210471,-2.00E-06,-2.00E-06,-1.0210043,-1.0210054,2.0419984,6.5343947,0.108527079
0.008255677,-1.0210466,-1.0210466,1.48E-06,1.48E-06,-1.0210061,-1.021005,2.0419984,6.5343947,0.108660512
0.008265677,-1.0210471,-1.0210471,-2.00E-06,-2.00E-06,-1.0210043,-1.0210054,2.0419984,6.5343947,0.108793944
0.008275677,-1.0210466,-1.0210466,1.48E-06,1.48E-06,-1.0210061,-1.021005,2.0419984,6.5343947,0.108927376
0.008285677,-1.0210471,-1.0210471,-2.00E-06,-2.00E-06,-1.0210043,-1.0210054,2.0419984,6.5343947,0.109060808
0.008295677,-1.0210466,-1.0210466,1.48E-06,1.48E-06,-1.0210061,-1.021005,2.0419984,6.5343947,0.109194241
0.008305677,-1.0210471,-1.0210471,-2.00E-06,-2.00E-06,-1.0210043,-1.0210054,2.0419984,6.5343947,0.109327673
0.008315677,-1.0210466,-1.0210466,1.48E-06,1.48E-06,-1.0210061,-1.021005,2.0419984,6.5343947,0.109461105
0.008325677,-1.0210471,-1.0210471,-2.00E-06,-2.00E-06,-1.0210043,-1.0210054,2.0419984,6.5343947,0.109594537
0.008335677,-1.0210466,-1.0210466,1.48E-06,1.48E-06,-1.0210061,-1.021005,2.0419984,6.5343947,0.109727969
0.008345677,-1.0210471,-1.0210471,-2.00E-06,-2.00E-06,-1.0210043,-1.0210054,2.0419984,6.5343947,0.109861402
0.008355677,-1.0210466,-1.0210466,1.48E-06,1.48E-06,-1.0210061,-1.021005,2.0419984,6.5343947,0.109994834
0.008365677,-1.0210471,-1.0210471,-2.00E-06,-2.00E-06,-1.0210043,-1.0210054,2.0419984,6.5343947,0.110128266
0.008375677,-1.0210466,-1.0210466,1.48E-06,1.48E-06,-1.0210061,-1.021005,2.0419984,6.5343947,0.110261698
0.008385677,-1.0210471,-1.0210471,-2.00E-06,-2.00E-06,-1.0210043,-1.0210054,2.0419984,6.5343947,0.110395131
0.008395677,-1.0210466,-1.0210466,1.48E-06,1.48E-06,-1.0210061,-1.021005,2.0419984,6.5343947,0.110528563
0.008405677,-1.0210471,-1.0210471,-2.00E-06,-2.00E-06,-1.0210043,-1.0210054,2.0419984,6.5343947,0.110661995
0.008415677,-1.0210466,-1.0210466,1.48E-06,1.48E-06,-1.0210061,-1.021005,2.0419984,6.5343947,0.110795427
0.008425677,-1.0210471,-1.0210471,-2.00E-06,-2.00E-06,-1.0210043,-1.0210054,2.0419984,6.5343947,0.11092886
0.008435677,-1.0210466,-1.0210466,1.48E-06,1.48E-06,-1.0210061,-1.021005,2.0419984,6.5343947,0.111062292
0.008445677,-1.0210471,-1.0210471,-2.00E-06,-2.00E-06,-1.0210043,-1.0210054,2.0419984,6.5343947,0.111195724
0.008455677,-1.0210466,-1.0210466,1.48E-06,1.48E-06,-1.0210061,-1.021005,2.0419984,6.5343947,0.111329156
0.008465677,-1.0210471,-1.0210471,-2.00E-06,-2.00E-06,-1.0210043,-1.0210054,2.0419984,6.5343947,0.111462589
0.008475677,-1.0210466,-1.0210466,1.48E-06,1.48E-06,-1.0210061,-1.021005,2.0419984,6.5343947,0.111596021
0.008485677,-1.0210471,-1.0210471,-2.00E-06,-2.00E-06,-1.0210043,-1.0210054,2.0419984,6.5343947,0.111729453
0.008495677,-1.0210466,-1.0210466,1.48E-06,1.48E-06,-1.0210061,-1.021005,2.0419984,6.5343947,0.111862885
0.008505677,-1.0210471,-1.0210471,-2.00E-06,-2.00E-06,-1.0210043,-1.0210054,2.0419984,6.5343947,0.111996317
0.008515677,-1.0210466,-1.0210466,1.48E-06,1.48E-06,-1.0210061,-1.021005,2.0419984,6.5343947,0.11212975
0.008525677,-1.0210471,-1.0210471,-2.00E-06,-2.00E-06,-1.0210043,-1.0210054,2.0419984,6.5343947,0.112263182
0.008535677,-1.0210466,-1.0210466,1.48E-06,1.48E-06,-1.0210061,-1.021005,2.0419984,6.5343947,0.112396614
0.008545677,-1.0210471,-1.0210471,-2.00E-06,-2.00E-06,-1.0210043,-1.0210054,2.0419984,6.5343947,0.112530046
0.008555677,-1.0210466,-1.0210466,1.48E-06,1.48E-06,-1.0210061,-1.021005,2.0419984,6.5343947,0.112663479
0.008565677,-1.0210471,-1.0210471,-2.00E-06,-2.00E-06,-1.0210043,-1.0210054,2.0419984,6.5343947,0.112796911
0.008575677,-1.0210466,-1.0210466,1.48E-06,1.48E-06,-1.0210061,-1.021005,2.0419984,6.5343947,0.112930343
0.008585677,-1.0210471,-1.0210471,-2.00E-06,-2.00E-06,-1.0210043,-1.0210054,2.0419984,6.5343947,0.113063775
0.008595677,-1.0210466,-1.0210466,1.48E-06,1.48E-06,-1.0210061,-1.021005,2.0419984,6.5343947,0.113197208
0.008605677,-1.0210471,-1.0210471,-2.00E-06,-2.00E-06,-1.0210043,-1.0210054,2.0419984,6.5343947,0.11333064
0.008615677,-1.0210466,-1.0210466,1.48E-06,1.48E-06,-1.0210061,-1.021005,2.0419984,6.5343947,0.113464072
0.008625677,-1.0210471,-1.0210471,-2.00E-06,-2.00E-06,-1.0210043,-1.0210054,2.0419984,6.5343947,0.113597504
0.008635677,-1.0210466,-1.0210466,1.48E-06,1.48E-06,-1.0210061,-1.021005,2.0419984,6.5343947,0.113730937
0.008645677,-1.0210471,-1.0210471,-2.00E-06,-2.00E-06,-1.0210043,-1.0210054,2.0419984,6.5343947,0.113864369
0.008655677,-1.0210466,-1.0210466,1.48E-06,1.48E-06,-1.0210061,-1.021005,2.0419984,6.5343947,0.113997801
0.008665677,-1.0210471,-1.0210471,-2.00E-06,-2.00E-06,-1.0210043,-1.0210054,2.0419984,6.5343947,0.114131233
0.008675677,-1.0210466,-1.0210466,1.48E-06,1.48E-06,-1.0210061,-1.021005,2.0419984,6.5343947,0.114264666
0.008685677,-1.0210471,-1.0210471,-2.00E-06,-2.00E-06,-1.0210043,-1.0210054,2.0419984,6.5343947,0.114398098
0.008695677,-1.0210466,-1.0210466,1.48E-06,1.48E-06,-1.0210061,-1.021005,2.0419984,6.5343947,0.11453153
0.008705677,-1.0210471,-1.0210471,-2.00E-06,-2.00E-06,-1.0210043,-1.0210054,2.0419984,6.5343947,0.114664962
0.008715677,-1.0210466,-1.0210466,1.48E-06,1.48E-06,-1.0210061,-1.021005,2.0419984,6.5343947,0.114798394
0.008725677,-1.0210471,-1.0210471,-2.00E-06,-2.00E-06,-1.0210043,-1.0210054,2.0419984,6.5343947,0.114931827
0.008735677,-1.0210466,-1.0210466,1.48E-06,1.48E-06,-1.0210061,-1.021005,2.0419984,6.5343947,0.115065259
0.008745677,-1.0210471,-1.0210471,-2.00E-06,-2.00E-06,-1.0210043,-1.0210054,2.0419984,6.5343947,0.115198691
0.008755677,-1.0210466,-1.0210466,1.48E-06,1.48E-06,-1.0210061,-1.021005,2.0419984,6.5343947,0.115332123
0.008765677,-1.0210471,-1.0210471,-2.00E-06,-2.00E-06,-1.0210043,-1.0210054,2.0419984,6.5343947,0.115465556
0.008775677,-1.0210466,-1.0210466,1.48E-06,1.48E-06,-1.0210061,-1.021005,2.0419984,6.5343947,0.115598988
0.008785677,-1.0210471,-1.0210471,-2.00E-06,-2.00E-06,-1.0210043,-1.0210054,2.0419984,6.5343947,0.11573242
0.008795677,-1.0210466,-1.0210466,1.48E-06,1.48E-06,-1.0210061,-1.021005,2.0419984,6.5343947,0.115865852
0.008805677,-1.0210471,-1.0210471,-2.00E-06,-2.00E-06,-1.0210043,-1.0210054,2.0419984,6.5343947,0.115999285
0.008815677,-1.0210466,-1.0210466,1.48E-06,1.48E-06,-1.0210061,-1.021005,2.0419984,6.5343947,0.116132717
0.008825677,-1.0210471,-1.0210471,-2.00E-06,-2.00E-06,-1.0210043,-1.0210054,2.0419984,6.5343947,0.116266149
0.008835677,-1.0210466,-1.0210466,1.48E-06,1.48E-06,-1.0210061,-1.021005,2.0419984,6.5343947,0.116399581
0.008845677,-1.0210471,-1.0210471,-2.00E-06,-2.00E-06,-1.0210043,-1.0210054,2.0419984,6.5343947,0.116533014
0.008855677,-1.0210466,-1.0210466,1.48E-06,1.48E-06,-1.0210061,-1.021005,2.0419984,6.5343947,0.116666446
0.008865677,-1.0210471,-1.0210471,-2.00E-06,-2.00E-06,-1.0210043,-1.0210054,2.0419984,6.5343947,0.116799878
0.008875677,-1.0210466,-1.0210466,1.48E-06,1.48E-06,-1.0210061,-1.021005,2.0419984,6.5343947,0.11693331
0.008885677,-1.0210471,-1.0210471,-2.00E-06,-2.00E-06,-1.0210043,-1.0210054,2.0419984,6.5343947,0.117066742
0.008895677,-1.0210466,-1.0210466,1.48E-06,1.48E-06,-1.0210061,-1.021005,2.0419984,6.5343947,0.117200175
0.008905677,-1.0210471,-1.0210471,-2.00E-06,-2.00E-06,-1.0210043,-1.0210054,2.0419984,6.5343947,0.117333607
0.008915677,-1.0210466,-1.0210466,1.48E-06,1.48E-06,-1.0210061,-1.021005,2.0419984,6.5343947,0.117467039
0.008925677,-1.0210471,-1.0210471,-2.00E-06,-2.00E-06,-1.0210043,-1.0210054,2.0419984,6.5343947,0.117600471
0.008935677,-1.0210466,-1.0210466,1.48E-06,1.48E-06,-1.0210061,-1.021005,2.0419984,6.5343947,0.117733904
0.008945677,-1.0210471,-1.0210471,-2.00E-06,-2.00E-06,-1.0210043,-1.0210054,2.0419984,6.5343947,0.117867336
0.008955677,-1.0210466,-1.0210466,1.48E-06,1.48E-06,-1.0210061,-1.021005,2.0419984,6.5343947,0.118000768
0.008965677,-1.0210471,-1.0210471,-2.00E-06,-2.00E-06,-1.0210043,-1.0210054,2.0419984,6.5343947,0.1181342
0.008975677,-1.0210466,-1.0210466,1.48E-06,1.48E-06,-1.0210061,-1.021005,2.0419984,6.5343947,0.118267633
0.008985677,-1.0210471,-1.0210471,-2.00E-06,-2.00E-06,-1.0210043,-1.0210054,2.0419984,6.5343947,0.118401065
0.008995677,-1.0210466,-1.0210466,1.48E-06,1.48E-06,-1.0210061,-1.021005,2.0419984,6.5343947,0.118534497
0.009005677,-1.0210471,-1.0210471,-2.00E-06,-2.00E-06,-1.0210043,-1.0210054,2.0419984,6.5343947,0.118667929
0.009015677,-1.0210466,-1.0210466,1.48E-06,1.48E-06,-1.0210061,-1.021005,2.0419984,6.5343947,0.118801362
0.009025677,-1.0210471,-1.0210471,-2.00E-06,-2.00E-06,-1.0210043,-1.0210054,2.0419984,6.5343947,0.118934794
0.009035677,-1.0210466,-1.0210466,1.48E-06,1.48E-06,-1.0210061,-1.021005,2.0419984,6.5343947,0.119068226
0.009045677,-1.0210471,-1.0210471,-2.00E-06,-2.00E-06,-1.0210043,-1.0210054,2.0419984,6.5343947,0.119201658
0.009055677,-1.0210466,-1.0210466,1.48E-06,1.48E-06,-1.0210061,-1.021005,2.0419984,6.5343947,0.11933509
0.009065677,-1.0210471,-1.0210471,-2.00E-06,-2.00E-06,-1.0210043,-1.0210054,2.0419984,6.5343947,0.119468523
0.009075677,-1.0210466,-1.0210466,1.48E-06,1.48E-06,-1.0210061,-1.021005,2.0419984,6.5343947,0.119601955
0.009085677,-1.0210471,-1.0210471,-2.00E-06,-2.00E-06,-1.0210043,-1.0210054,2.0419984,6.5343947,0.119735387
0.009095677,-1.0210466,-1.0210466,1.48E-06,1.48E-06,-1.0210061,-1.021005,2.0419984,6.5343947,0.119868819
0.009105677,-1.0210471,-1.0210471,-2.00E-06,-2.00E-06,-1.0210043,-1.0210054,2.0419984,6.5343947,0.120002252
0.009115677,-1.0210466,-1.0210466,1.48E-06,1.48E-06,-1.0210061,-1.021005,2.0419984,6.5343947,0.120135684
0.009125677,-1.0210471,-1.0210471,-2.00E-06,-2.00E-06,-1.0210043,-1.0210054,2.0419984,6.5343947,0.120269116
0.009135677,-1.0210466,-1.0210466,1.48E-06,1.48E-06,-1.0210061,-1.021005,2.0419984,6.5343947,0.120402548
0.009145677,-1.0210471,-1.0210471,-2.00E-06,-2.00E-06,-1.0210043,-1.0210054,2.0419984,6.5343947,0.120535981
0.009155677,-1.0210466,-1.0210466,1.48E-06,1.48E-06,-1.0210061,-1.021005,2.0419984,6.5343947,0.120669413
0.009165677,-1.0210471,-1.0210471,-2.00E-06,-2.00E-06,-1.0210043,-1.0210054,2.0419984,6.5343947,0.120802845
0.009175677,-1.0210466,-1.0210466,1.48E-06,1.48E-06,-1.0210061,-1.021005,2.0419984,6.5343947,0.120936277
0.009185677,-1.0210471,-1.0210471,-2.00E-06,-2.00E-06,-1.0210043,-1.0210054,2.0419984,6.5343947,0.12106971
0.009195677,-1.0210466,-1.0210466,1.48E-06,1.48E-06,-1.0210061,-1.021005,2.0419984,6.5343947,0.121203142
0.009205677,-1.0210471,-1.0210471,-2.00E-06,-2.00E-06,-1.0210043,-1.0210054,2.0419984,6.5343947,0.121336574
0.009215677,-1.0210466,-1.0210466,1.48E-06,1.48E-06,-1.0210061,-1.021005,2.0419984,6.5343947,0.121470006
0.009225677,-1.0210471,-1.0210471,-2.00E-06,-2.00E-06,-1.0210043,-1.0210054,2.0419984,6.5343947,0.121603438
0.009235677,-1.0210466,-1.0210466,1.48E-06,1.48E-06,-1.0210061,-1.021005,2.0419984,6.5343947,0.121736871
0.009245677,-1.0210471,-1.0210471,-2.00E-06,-2.00E-06,-1.0210043,-1.0210054,2.0419984,6.5343947,0.121870303
0.009255677,-1.0210466,-1.0210466,1.48E-06,1.48E-06,-1.0210061,-1.021005,2.0419984,6.5343947,0.122003735
0.009265677,-1.0210471,-1.0210471,-2.00E-06,-2.00E-06,-1.0210043,-1.0210054,2.0419984,6.5343947,0.122137167
0.009275677,-1.0210466,-1.0210466,1.48E-06,1.48E-06,-1.0210061,-1.021005,2.0419984,6.5343947,0.1222706
0.009285677,-1.0210471,-1.0210471,-2.00E-06,-2.00E-06,-1.0210043,-1.0210054,2.0419984,6.5343947,0.122404032
0.009295677,-1.0210466,-1.0210466,1.48E-06,1.48E-06,-1.0210061,-1.021005,2.0419984,6.5343947,0.122537464
0.009305677,-1.0210471,-1.0210471,-2.00E-06,-2.00E-06,-1.0210043,-1.0210054,2.0419984,6.5343947,0.122670896
0.009315677,-1.0210466,-1.0210466,1.48E-06,1.48E-06,-1.0210061,-1.021005,2.0419984,6.5343947,0.122804329
0.009325677,-1.0210471,-1.0210471,-2.00E-06,-2.00E-06,-1.0210043,-1.0210054,2.0419984,6.5343947,0.122937761
0.009335677,-1.0210466,-1.0210466,1.48E-06,1.48E-06,-1.0210061,-1.021005,2.0419984,6.5343947,0.123071193
0.009345677,-1.0210471,-1.0210471,-2.00E-06,-2.00E-06,-1.0210043,-1.0210054,2.0419984,6.5343947,0.123204625
0.009355677,-1.0210466,-1.0210466,1.48E-06,1.48E-06,-1.0210061,-1.021005,2.0419984,6.5343947,0.123338058
0.009365677,-1.0210471,-1.0210471,-2.00E-06,-2.00E-06,-1.0210043,-1.0210054,2.0419984,6.5343947,0.12347149
0.009375677,-1.0210466,-1.0210466,1.48E-06,1.48E-06,-1.0210061,-1.021005,2.0419984,6.5343947,0.123604922
0.009385677,-1.0210471,-1.0210471,-2.00E-06,-2.00E-06,-1.0210043,-1.0210054,2.0419984,6.5343947,0.123738354
0.009395677,-1.0210466,-1.0210466,1.48E-06,1.48E-06,-1.0210061,-1.021005,2.0419984,6.5343947,0.123871786
0.009405677,-1.0210471,-1.0210471,-2.00E-06,-2.00E-06,-1.0210043,-1.0210054,2.0419984,6.5343947,0.124005219
0.009415677,-1.0210466,-1.0210466,1.48E-06,1.48E-06,-1.0210061,-1.021005,2.0419984,6.5343947,0.124138651
0.009425677,-1.0210471,-1.0210471,-2.00E-06,-2.00E-06,-1.0210043,-1.0210054,2.0419984,6.5343947,0.124272083
0.009435677,-1.0210466,-1.0210466,1.48E-06,1.48E-06,-1.0210061,-1.021005,2.0419984,6.5343947,0.124405515
0.009445677,-1.0210471,-1.0210471,-2.00E-06,-2.00E-06,-1.0210043,-1.0210054,2.0419984,6.5343947,0.124538948
0.009455677,-1.0210466,-1.0210466,1.48E-06,1.48E-06,-1.0210061,-1.021005,2.0419984,6.5343947,0.12467238
0.009465677,-1.0210471,-1.0210471,-2.00E-06,-2.00E-06,-1.0210043,-1.0210054,2.0419984,6.5343947,0.124805812
0.009475677,-1.0210466,-1.0210466,1.48E-06,1.48E-06,-1.0210061,-1.021005,2.0419984,6.5343947,0.124939244
0.009485677,-1.0210471,-1.0210471,-2.00E-06,-2.00E-06,-1.0210043,-1.0210054,2.0419984,6.5343947,0.125072677
0.009495677,-1.0210466,-1.0210466,1.48E-06,1.48E-06,-1.0210061,-1.021005,2.0419984,6.5343947,0.125206109
0.009505677,-1.0210471,-1.0210471,-2.00E-06,-2.00E-06,-1.0210043,-1.0210054,2.0419984,6.5343947,0.125339541
0.009515677,-1.0210466,-1.0210466,1.48E-06,1.48E-06,-1.0210061,-1.021005,2.0419984,6.5343947,0.125472973
0.009525677,-1.0210471,-1.0210471,-2.00E-06,-2.00E-06,-1.0210043,-1.0210054,2.0419984,6.5343947,0.125606406
0.009535677,-1.0210466,-1.0210466,1.48E-06,1.48E-06,-1.0210061,-1.021005,2.0419984,6.5343947,0.125739838
0.009545677,-1.0210471,-1.0210471,-2.00E-06,-2.00E-06,-1.0210043,-1.0210054,2.0419984,6.5343947,0.12587327
0.009555677,-1.0210466,-1.0210466,1.48E-06,1.48E-06,-1.0210061,-1.021005,2.0419984,6.5343947,0.126006702
0.009565677,-1.0210471,-1.0210471,-2.00E-06,-2.00E-06,-1.0210043,-1.0210054,2.0419984,6.5343947,0.126140134
0.009575677,-1.0210466,-1.0210466,1.48E-06,1.48E-06,-1.0210061,-1.021005,2.0419984,6.5343947,0.126273567
0.009585677,-1.0210471,-1.0210471,-2.00E-06,-2.00E-06,-1.0210043,-1.0210054,2.0419984,6.5343947,0.126406999
0.009595677,-1.0210466,-1.0210466,1.48E-06,1.48E-06,-1.0210061,-1.021005,2.0419984,6.5343947,0.126540431
0.009605677,-1.0210471,-1.0210471,-2.00E-06,-2.00E-06,-1.0210043,-1.0210054,2.0419984,6.5343947,0.126673863
0.009615677,-1.0210466,-1.0210466,1.48E-06,1.48E-06,-1.0210061,-1.021005,2.0419984,6.5343947,0.126807296
0.009625677,-1.0210471,-1.0210471,-2.00E-06,-2.00E-06,-1.0210043,-1.0210054,2.0419984,6.5343947,0.126940728
0.009635677,-1.0210466,-1.0210466,1.48E-06,1.48E-06,-1.0210061,-1.021005,2.0419984,6.5343947,0.12707416
0.009645677,-1.0210471,-1.0210471,-2.00E-06,-2.00E-06,-1.0210043,-1.0210054,2.0419984,6.5343947,0.127207592
0.009655677,-1.0210466,-1.0210466,1.48E-06,1.48E-06,-1.0210061,-1.021005,2.0419984,6.5343947,0.127341025
0.009665677,-1.0210471,-1.0210471,-2.00E-06,-2.00E-06,-1.0210043,-1.0210054,2.0419984,6.5343947,0.127474457
0.009675677,-1.0210466,-1.0210466,1.48E-06,1.48E-06,-1.0210061,-1.021005,2.0419984,6.5343947,0.127607889
0.009685677,-1.0210471,-1.0210471,-2.00E-06,-2.00E-06,-1.0210043,-1.0210054,2.0419984,6.5343947,0.127741321
0.009695677,-1.0210466,-1.0210466,1.48E-06,1.48E-06,-1.0210061,-1.021005,2.0419984,6.5343947,0.127874754
0.009705677,-1.0210471,-1.0210471,-2.00E-06,-2.00E-06,-1.0210043,-1.0210054,2.0419984,6.5343947,0.128008186
0.009715677,-1.0210466,-1.0210466,1.48E-06,1.48E-06,-1.0210061,-1.021005,2.0419984,6.5343947,0.128141618
0.009725677,-1.0210471,-1.0210471,-2.00E-06,-2.00E-06,-1.0210043,-1.0210054,2.0419984,6.5343947,0.12827505
0.009735677,-1.0210466,-1.0210466,1.48E-06,1.48E-06,-1.0210061,-1.021005,2.0419984,6.5343947,0.128408482
0.009745677,-1.0210471,-1.0210471,-2.00E-06,-2.00E-06,-1.0210043,-1.0210054,2.0419984,6.5343947,0.128541915
0.009755677,-1.0210466,-1.0210466,1.48E-06,1.48E-06,-1.0210061,-1.021005,2.0419984,6.5343947,0.128675347
0.009765677,-1.0210471,-1.0210471,-2.00E-06,-2.00E-06,-1.0210043,-1.0210054,2.0419984,6.5343947,0.128808779
0.009775677,-1.0210466,-1.0210466,1.48E-06,1.48E-06,-1.0210061,-1.021005,2.0419984,6.5343947,0.128942211
0.009785677,-1.0210471,-1.0210471,-2.00E-06,-2.00E-06,-1.0210043,-1.0210054,2.0419984,6.5343947,0.129075644
0.009795677,-1.0210466,-1.0210466,1.48E-06,1.48E-06,-1.0210061,-1.021005,2.0419984,6.5343947,0.129209076
0.009805677,-1.0210471,-1.0210471,-2.00E-06,-2.00E-06,-1.0210043,-1.0210054,2.0419984,6.5343947,0.129342508
0.009815677,-1.0210466,-1.0210466,1.48E-06,1.48E-06,-1.0210061,-1.021005,2.0419984,6.5343947,0.12947594
0.009825677,-1.0210471,-1.0210471,-2.00E-06,-2.00E-06,-1.0210043,-1.0210054,2.0419984,6.5343947,0.129609373
0.009835677,-1.0210466,-1.0210466,1.48E-06,1.48E-06,-1.0210061,-1.021005,2.0419984,6.5343947,0.129742805
0.009845677,-1.0210471,-1.0210471,-2.00E-06,-2.00E-06,-1.0210043,-1.0210054,2.0419984,6.5343947,0.129876237
0.009855677,-1.0210466,-1.0210466,1.48E-06,1.48E-06,-1.0210061,-1.021005,2.0419984,6.5343947,0.130009669
0.009865677,-1.0210471,-1.0210471,-2.00E-06,-2.00E-06,-1.0210043,-1.0210054,2.0419984,6.5343947,0.130143102
0.009875677,-1.0210466,-1.0210466,1.48E-06,1.48E-06,-1.0210061,-1.021005,2.0419984,6.5343947,0.130276534
0.009885677,-1.0210471,-1.0210471,-2.00E-06,-2.00E-06,-1.0210043,-1.0210054,2.0419984,6.5343947,0.130409966
0.009895677,-1.0210466,-1.0210466,1.48E-06,1.48E-06,-1.0210061,-1.021005,2.0419984,6.5343947,0.130543398
0.009905677,-1.0210471,-1.0210471,-2.00E-06,-2.00E-06,-1.0210043,-1.0210054,2.0419984,6.5343947,0.13067683
0.009915677,-1.0210466,-1.0210466,1.48E-06,1.48E-06,-1.0210061,-1.021005,2.0419984,6.5343947,0.130810263
0.009925677,-1.0210471,-1.0210471,-2.00E-06,-2.00E-06,-1.0210043,-1.0210054,2.0419984,6.5343947,0.130943695
0.009935677,-1.0210466,-1.0210466,1.48E-06,1.48E-06,-1.0210061,-1.021005,2.0419984,6.5343947,0.131077127
0.009945677,-1.0210471,-1.0210471,-2.00E-06,-2.00E-06,-1.0210043,-1.0210054,2.0419984,6.5343947,0.131210559
0.009955677,-1.0210466,-1.0210466,1.48E-06,1.48E-06,-1.0210061,-1.021005,2.0419984,6.5343947,0.131343992
0.009965677,-1.0210471,-1.0210471,-2.00E-06,-2.00E-06,-1.0210043,-1.0210054,2.0419984,6.5343947,0.131477424
0.009975677,-1.0210466,-1.0210466,1.48E-06,1.48E-06,-1.0210061,-1.021005,2.0419984,6.5343947,0.131610856
0.009985677,-1.0210471,-1.0210471,-2.00E-06,-2.00E-06,-1.0210043,-1.0210054,2.0419984,6.5343947,0.131744288
0.009995677,-1.0210466,-1.0210466,1.48E-06,1.48E-06,-1.0210061,-1.021005,2.0419984,6.5343947,0.131839847
0.01,-1.0210471,-1.0210471,-2.00E-06,-2.00E-06,-1.0210043,-1.0210054,2.0419984,6.5343947,0.13186869
0.01,-1.021049,-1.021049,-4.41E-07,-4.41E-07,-1.0210075,-1.021007,2.0419984,6.5343947,0.13186869
0.01,-1.021045,-1.021045,-9.75E-07,-9.75E-07,-1.0210043,-1.0210038,2.0419984,6.5343947,0.13186869
0.01,-1.0210491,-1.0210491,-2.38E-07,-2.38E-07,-1.0210067,-1.021007,2.0419984,6.5343947,0.13186869
0.01,-1.0210447,-1.0210447,-4.32E-07,-4.32E-07,-1.021004,-1.0210036,2.0419984,6.5343947,0.13186869
0.01,-1.0210491,-1.0210491,-1.37E-07,-1.37E-07,-1.0210065,-1.0210068,2.0419984,6.5343947,0.13186869
0.01,-1.0210446,-1.0210446,-3.76E-07,-3.76E-07,-1.021004,-1.0210036,2.0419984,6.5343947,0.13186869
0.01,-1.0210491,-1.0210491,-1.52E-07,-1.52E-07,-1.0210065,-1.0210068,2.0419984,6.5343947,0.131868691
0.01,-1.0210446,-1.0210446,-3.69E-07,-3.69E-07,-1.021004,-1.0210036,2.0419984,6.5343947,0.131868692
0.01,-1.021049,-1.021049,-1.55E-07,-1.55E-07,-1.0210065,-1.0210068,2.0419984,6.5343947,0.131868693
0.01,-1.0210446,-1.0210446,-3.66E-07,-3.66E-07,-1.0210038,-1.0210035,2.0419984,6.5343947,0.131868697
0.010000001,-1.0210489,-1.0210489,-1.51E-07,-1.51E-07,-1.0210063,-1.0210067,2.0419984,6.5343947,0.131868704
0.010000001,-1.0210443,-1.0210443,-3.52E-07,-3.52E-07,-1.0210036,-1.0210034,2.0419984,6.5343947,0.131868718
0.010000003,-1.0210483,-1.0210483,-1.16E-07,-1.16E-07,-1.021006,-1.0210063,2.0419984,6.5343947,0.131868746
0.010000006,-1.0210431,-1.0210431,-2.74E-07,-2.74E-07,-1.0210031,-1.0210028,2.0419984,6.5343943,0.1318688
0.010000011,-1.0210466,-1.0210466,1.31E-08,1.31E-08,-1.0210057,-1.0210061,2.0419984,6.5343947,0.131868885
0.010000018,-1.0210421,-1.0210421,-1.33E-07,-1.33E-07,-1.0210044,-1.0210042,2.0419984,6.5343947,0.131869009
0.010000029,-1.021049,-1.021049,1.24E-07,1.24E-07,-1.0210114,-1.0210117,2.0419984,6.5343943,0.131869181
0.010000044,-1.0210519,-1.0210519,-6.25E-08,-6.25E-08,-1.0210186,-1.0210183,2.0419984,6.5343947,0.131869417
0.010000065,-1.0210692,-1.0210692,1.57E-07,1.57E-07,-1.021041,-1.0210415,2.0419984,6.5343947,0.131869659
0.01000008,-1.0210876,-1.0210876,-5.17E-08,-5.17E-08,-1.0210588,-1.0210586,2.0419984,6.5343947,0.131869841
0.010000092,-1.0211166,-1.0211166,1.64E-07,1.64E-07,-1.0210805,-1.0210809,2.0419984,6.5343947,0.131869991
0.010000103,-1.0211403,-1.0211403,-3.36E-08,-3.36E-08,-1.0211009,-1.0211004,2.0419984,6.5343947,0.131870151
0.010000116,-1.0211824,-1.0211824,2.04E-07,2.04E-07,-1.0211335,-1.0211338,2.0419984,6.5343947,0.131870329
0.01000013,-1.0212191,-1.0212191,3.29E-08,3.29E-08,-1.0211644,-1.0211638,2.0419984,6.534395,0.131870569
0.010000152,-1.0212926,-1.0212926,3.23E-07,3.23E-07,-1.0212238,-1.0212237,2.0419984,6.534395,0.13187089
0.010000178,-1.0213685,-1.0213685,2.16E-07,2.16E-07,-1.021289,-1.021288,2.0419986,6.534395,0.13187137
0.010000224,-1.0215143,-1.0215143,6.16E-07,6.16E-07,-1.0214145,-1.0214139,2.0419986,6.5343957,0.131872035
0.010000278,-1.0216619,-1.0216619,6.00E-07,6.00E-07,-1.0215524,-1.0215508,2.0419989,6.534396,0.131872845
0.010000345,-1.0218325,-1.0218325,1.00E-06,1.00E-06,-1.0217164,-1.0217152,2.0419989,6.5343966,0.131873868
0.010000431,-1.0219958,-1.0219958,1.02E-06,1.02E-06,-1.0218799,-1.021878,2.0419993,6.5343976,0.131875067
0.010000525,-1.0221267,-1.0221267,1.50E-06,1.50E-06,-1.0220068,-1.0220054,2.0419998,6.534399,0.131876379
0.010000628,-1.0220957,-1.0220957,1.54E-06,1.54E-06,-1.021972,-1.02197,2.0420003,6.5344005,0.131878244
0.010000804,-1.0212734,-1.0212734,1.97E-06,1.97E-06,-1.0211328,-1.0211315,2.042,6.5344,0.131880412
0.010000953,-1.0196944,-1.0196944,1.71E-06,1.71E-06,-1.0195433,-1.0195413,2.0419981,6.5343943,0.131882448
0.01000111,-1.0171967,-1.0171967,1.68E-06,1.68E-06,-1.0170321,-1.0170308,2.0419936,6.5343795,0.131884666
0.010001285,-1.0134516,-1.0134516,1.05E-06,1.05E-06,-1.0132812,-1.0132793,2.0419846,6.5343504,0.131887214
0.010001492,-1.0078405,-1.0078405,6.39E-07,6.39E-07,-1.0076628,-1.0076616,2.041967,6.534294,0.131890018
0.010001705,-1.0007097,-1.0007097,-2.66E-07,-2.66E-07,-1.0005288,-1.000527,2.0419395,6.5342064,0.131892958
0.010001932,-0.9917683,-0.9917683,-7.78E-07,-7.78E-07,-0.99157625,-0.9915751,2.0418983,6.5340743,0.131895866
0.010002141,-0.98231673,-0.98231673,-1.61E-06,-1.61E-06,-0.9821164,-0.9821146,2.0418475,6.533912,0.131898914
0.010002389,-0.96924716,-0.96924716,-2.15E-06,-2.15E-06,-0.9690341,-0.96903306,2.0417686,6.5336595,0.131902111
0.01000262,-0.9528468,-0.9528468,-3.73E-06,-3.73E-06,-0.9526273,-0.95262563,2.041671,6.5333476,0.131904705
0.010002778,-0.9301229,-0.9301229,-8.38E-06,-8.38E-06,-0.92989707,-0.9298962,2.0415783,6.5330505,0.13190634
0.010002866,-0.8815497,-0.8815497,-3.58E-05,-3.58E-05,-0.8813257,-0.8813249,2.0414846,6.532751,0.131907256
0.010002915,-0.74155647,-0.74155647,-0.000182482,-0.000182482,-0.74134135,-0.7413448,2.041332,6.532263,0.131907917
0.010002965,-0.5307496,-0.5307496,-0.00015064,-0.00015064,-0.5305366,-0.53053856,2.0410814,6.5314603,0.131908509
0.010003004,-0.36734724,-0.36734724,-0.000179761,-0.000179761,-0.36713314,-0.36713645,2.0408387,6.530684,0.131909124
0.010003057,-0.15837032,-0.15837032,-0.000139657,-0.000139657,-0.15815766,-0.15815927,2.040457,6.529463,0.131909707
0.010003092,-0.038649462,-0.038649462,-0.000148895,-0.000148895,-0.038433734,-0.03843622,2.0401838,6.528588,0.131910063
0.010003111,-0.000121564,-0.000121564,-3.26E-05,-3.26E-05,9.95E-05,0.000100618,2.0400407,6.52813,0.131910212
0.010003114,-2.72E-05,-2.72E-05,1.76E-06,1.76E-06,0.000199744,0.000201007,2.0400193,6.528062,0.131910245
0.010003116,-9.68E-05,-9.68E-05,-2.51E-05,-2.51E-05,0.00012758,0.000128819,2.0400088,6.5280285,0.131910263
0.010003117,-5.49E-05,-5.49E-05,-8.95E-06,-8.95E-06,0.000172354,0.000173431,2.0400026,6.5280085,0.131910273
0.010003117,-7.29E-05,-7.29E-05,-1.62E-05,-1.62E-05,0.000152331,0.000153737,2.0399985,6.5279956,0.131910282
0.010003118,-6.88E-05,-6.88E-05,-1.35E-05,-1.35E-05,0.00015836,0.000159335,2.039995,6.5279837,0.131910289
0.010003118,-6.75E-05,-6.75E-05,-1.48E-05,-1.48E-05,0.000157949,0.000159401,2.0399911,6.5279717,0.131910298
0.010003119,-7.06E-05,-7.06E-05,-1.39E-05,-1.39E-05,0.000156569,0.000157525,2.039987,6.527958,0.131910308
0.01000312,-6.69E-05,-6.69E-05,-1.47E-05,-1.47E-05,0.000158726,0.000160185,2.0399806,6.5279384,0.131910325
0.010003122,-7.09E-05,-7.09E-05,-1.39E-05,-1.39E-05,0.000156428,0.000157379,2.0399709,6.527907,0.131910354
0.010003124,-6.68E-05,-6.68E-05,-1.47E-05,-1.47E-05,0.000158952,0.000160412,2.039953,6.5278497,0.13191041
0.01000313,-7.10E-05,-7.10E-05,-1.39E-05,-1.39E-05,0.000156525,0.000157473,2.039918,6.527737,0.131910516
0.010003141,-6.69E-05,-6.69E-05,-1.47E-05,-1.47E-05,0.000159178,0.000160635,2.0398505,6.5275216,0.131910727
0.010003162,-7.13E-05,-7.13E-05,-1.39E-05,-1.39E-05,0.000156862,0.000157803,2.0397158,6.527091,0.131911149
0.010003204,-6.73E-05,-6.73E-05,-1.47E-05,-1.47E-05,0.000159781,0.000161223,2.0394466,6.526229,0.131911993
0.010003288,-7.19E-05,-7.19E-05,-1.38E-05,-1.38E-05,0.000157776,0.00015869,2.038908,6.5245056,0.131913523
0.010003434,-6.80E-05,-6.80E-05,-1.45E-05,-1.45E-05,0.000160772,0.000162162,2.0379803,6.5215373,0.13191602
0.010003664,-7.28E-05,-7.28E-05,-1.37E-05,-1.37E-05,0.000156989,0.000157822,2.0365152,6.5168486,0.131919222
0.010003917,-6.92E-05,-6.92E-05,-1.45E-05,-1.45E-05,0.000156068,0.000157351,2.0349092,6.5117097,0.131922751
0.010004197,-7.42E-05,-7.42E-05,-1.37E-05,-1.37E-05,0.00014918,0.000149905,2.0331275,6.506008,0.131926644
0.010004505,-7.08E-05,-7.08E-05,-1.44E-05,-1.44E-05,0.000146926,0.000148086,2.0311687,6.49974,0.131931108
0.010004873,-7.61E-05,-7.61E-05,-1.36E-05,-1.36E-05,0.00013871,0.000139308,2.0288353,6.492273,0.131935777
0.010005214,-7.28E-05,-7.28E-05,-1.44E-05,-1.44E-05,0.000136165,0.000137189,2.0266738,6.4853563,0.131940381
0.010005574,-7.80E-05,-7.80E-05,-1.35E-05,-1.35E-05,0.000128358,0.000128837,2.0243974,6.478071,0.13194493
0.010005908,-7.47E-05,-7.47E-05,-1.43E-05,-1.43E-05,0.000126196,0.000127101,2.0222845,6.4713106,0.131949829
0.010006322,-8.02E-05,-8.02E-05,-1.34E-05,-1.34E-05,0.000117924,0.00011829,2.0196655,6.4629297,0.131955188
0.010006729,-7.71E-05,-7.71E-05,-1.41E-05,-1.41E-05,0.000115076,0.000115855,2.0171015,6.4547253,0.131960958
0.010007209,-8.28E-05,-8.28E-05,-1.33E-05,-1.33E-05,0.000106274,0.000106523,2.0140789,6.445052,0.131967272
0.010007702,-8.04E-05,-8.04E-05,-1.40E-05,-1.40E-05,0.000102426,0.000103075,2.010978,6.43513,0.131974348
0.010008302,-8.87E-05,-8.87E-05,-1.31E-05,-1.31E-05,9.04E-05,9.05E-05,2.0072074,6.4230638,0.131979798
0.010008547,0.002099748,0.002099748,0.000868499,0.000868499,-1.8889769,-1.9209181,2.0056682,6.4181385,0.131982146
0.010008667,0.001908264,0.001908264,0.000874454,0.000874454,-3.205097,-3.2539408,2.0049162,6.415732,0.131983431
0.010008747,0.002090921,0.002090921,0.000923849,0.000923849,-4.156065,-4.227316,2.0044127,6.414121,0.131984356
0.010008811,0.001820465,0.001820465,0.000873113,0.000873113,-4.974468,-5.06674,2.004013,6.4128423,0.131985052
0.010008855,0.002024878,0.002024878,0.00091978,0.00091978,-5.578397,-5.6872606,2.0037332,6.411946,0.131985553
0.010008889,0.001785408,0.001785408,0.000873778,0.000873778,-6.044115,-6.1661897,2.0035245,6.4112782,0.131985923
0.010008913,0.001991727,0.001991727,0.000916708,0.000916708,-6.3928013,-6.5251303,2.0033717,6.4107895,0.131986196
0.010008931,0.001773106,0.001773106,0.000876128,0.000876128,-6.6584396,-6.7986608,2.0032575,6.4104238,0.131986401
0.010008945,0.001969358,0.001969358,0.000912867,0.000912867,-6.8610764,-7.0074625,2.003171,6.4101477,0.131986558
0.010008956,0.001772659,0.001772659,0.00088005,0.00088005,-7.0190277,-7.170221,2.0031047,6.4099345,0.13198668
0.010008964,0.001949942,0.001949942,0.000907771,0.000907771,-7.1441145,-7.2991867,2.003052,6.409766,0.131986777
0.010008971,0.001779445,0.001779445,0.000885481,0.000885481,-7.246598,-7.4048295,2.0030093,6.4096303,0.131986857
0.010008977,0.001930757,0.001930757,0.000901592,0.000901592,-7.3331137,-7.4940643,2.0029733,6.409515,0.131986927
0.010008982,0.001789692,0.001789692,0.000891608,0.000891608,-7.409894,-7.57323,2.0029418,6.409414,0.131986992
0.010008987,0.001913129,0.001913129,0.000895734,0.000895734,-7.487992,-7.6538043,2.0029094,6.4093103,0.131987055
0.010008991,0.001798202,0.001798202,0.000896713,0.000896713,-7.5596166,-7.7276707,2.00288,6.4092164,0.131987117
0.010008996,0.00189829,0.00189829,0.000891036,0.000891036,-7.634588,-7.805038,2.0028493,6.409118,0.13198718
0.010009001,0.001803799,0.001803799,0.00090049,0.00090049,-7.7115726,-7.8844533,2.002818,6.4090176,0.131987247
0.010009007,0.001886407,0.001886407,0.000887742,0.000887742,-7.7946453,-7.9701996,2.0027843,6.4089093,0.13198732
0.010009013,0.001805904,0.001805904,0.00090297,0.00090297,-7.8881326,-8.066668,2.0027463,6.408788,0.131987406
0.01000902,0.001876442,0.001876442,0.000885668,0.000885668,-8.002206,-8.18444,2.0027003,6.4086404,0.131987516
0.01000903,0.001803249,0.001803249,0.000904261,0.000904261,-8.1539135,-8.341053,2.0026393,6.4084463,0.131987669
0.010009044,0.001865407,0.001865407,0.000884542,0.000884542,-8.375883,-8.57031,2.0025508,6.408163,0.131987907
0.010009067,0.001791795,0.001791795,0.000904606,0.000904606,-8.741382,-8.947918,2.0024068,6.407702,0.131988327
0.010009109,0.001842709,0.001842709,0.000883807,0.000883807,-9.431136,-9.661101,2.0021398,6.406848,0.131989146
0.010009195,0.001753442,0.001753442,0.000904089,0.000904089,-10.857094,-11.137434,2.0016062,6.4051404,0.131990783
0.010009365,0.001777883,0.001777883,0.000882388,0.000882388,-13.873707,-14.268323,2.0005393,6.4017262,0.131994054
0.010009705,0.00166592,0.00166592,0.000899337,0.000899337,-20.43,-21.097567,1.9984075,6.3949037,0.131998735
0.010010097,0.001929156,0.001929156,0.000982838,0.000982838,-28.028376,-28.532843,1.9959564,6.3870606,0.132002671
0.010010323,0.00261842,0.00261842,0.001419058,0.001419058,-30.583658,-30.696833,1.9945453,6.382545,0.132004728
0.01001042,-0.000654228,-0.000654228,-0.000507661,-0.000507661,-29.572233,-29.559372,1.9939398,6.3806076,0.132005971
0.010010518,0.000949882,0.000949882,0.000476256,0.000476256,-28.51905,-28.453114,1.993328,6.3786497,0.132006876
0.010010563,-0.000766483,-0.000766483,-0.000555737,-0.000555737,-28.067717,-27.971094,1.9930521,6.377767,0.132007327
0.010010589,0.000856704,0.000856704,0.000435762,0.000435762,-27.863054,-27.75455,1.9928864,6.3772364,0.13200754
0.010010596,-0.000702641,-0.000702641,-0.000523809,-0.000523809,-27.80045,-27.68885,1.9928429,6.377097,0.132007613
0.010010601,0.000746003,0.000746003,0.000384278,0.000384278,-27.76218,-27.6455,1.992815,6.377008,0.132007653
0.010010603,-0.000545058,-0.000545058,-0.000441593,-0.000441593,-27.748274,-27.632105,1.9928039,6.376972,0.132007672
0.010010604,0.000496059,0.000496059,0.00025167,0.00025167,-27.738363,-27.621103,1.9927967,6.3769493,0.132007682
0.010010604,-0.000247097,-0.000247097,-0.000285985,-0.000285985,-27.734205,-27.616375,1.9927936,6.37694,0.132007688
0.010010605,0.000236137,0.000236137,0.000117662,0.000117662,-27.73087,-27.613121,1.9927906,6.3769298,0.132007693
0.010010605,-9.23E-05,-9.23E-05,-0.000201816,-0.000201816,-27.727432,-27.609306,1.9927886,6.376923,0.132007699
0.010010606,0.000156235,0.000156235,6.73E-05,6.73E-05,-27.724285,-27.60599,1.9927856,6.376914,0.132007704
0.010010606,-4.06E-05,-4.06E-05,-0.000162782,-0.000162782,-27.721062,-27.602499,1.9927837,6.376908,0.132007708
0.010010606,0.00010712,0.00010712,2.63E-05,2.63E-05,-27.719254,-27.600597,1.9927818,6.3769016,0.13200771
0.010010606,1.23E-05,1.23E-05,-0.000114963,-0.000114963,-27.717701,-27.598892,1.9927809,6.376899,0.132007712
0.010010606,5.10E-05,5.10E-05,-2.72E-05,-2.72E-05,-27.717037,-27.598234,1.9927802,6.3768964,0.132007713
0.010010607,5.83E-05,5.83E-05,-6.78E-05,-6.78E-05,-27.716305,-27.597387,1.9927797,6.3768954,0.132007714
0.010010607,2.49E-05,2.49E-05,-5.79E-05,-5.79E-05,-27.715801,-27.59691,1.9927794,6.3768935,0.132007715
0.010010607,6.71E-05,6.71E-05,-5.28E-05,-5.28E-05,-27.715189,-27.596195,1.9927789,6.3768926,0.132007716
0.010010607,2.42E-05,2.42E-05,-6.43E-05,-6.43E-05,-27.71457,-27.595587,1.9927784,6.376891,0.132007717
0.010010607,6.53E-05,6.53E-05,-5.03E-05,-5.03E-05,-27.71369,-27.594593,1.9927777,6.3768888,0.132007719
0.010010607,2.57E-05,2.57E-05,-6.53E-05,-6.53E-05,-27.712402,-27.593262,1.9927768,6.376886,0.132007721
0.010010607,6.40E-05,6.40E-05,-5.00E-05,-5.00E-05,-27.710186,-27.59084,1.9927751,6.37688,0.132007727
0.010010608,2.61E-05,2.61E-05,-6.55E-05,-6.55E-05,-27.705923,-27.586317,1.9927717,6.3768697,0.132007737
0.010010609,6.30E-05,6.30E-05,-5.01E-05,-5.01E-05,-27.69741,-27.577145,1.9927652,6.3768487,0.132007757
0.010010611,2.50E-05,2.50E-05,-6.59E-05,-6.59E-05,-27.680437,-27.558987,1.9927521,6.3768067,0.132007797
0.010010615,6.04E-05,6.04E-05,-5.08E-05,-5.08E-05,-27.646679,-27.522707,1.9927258,6.376723,0.132007877
0.010010624,2.04E-05,2.04E-05,-6.72E-05,-6.72E-05,-27.579832,-27.45089,1.9926734,6.376555,0.132008037
0.01001064,5.18E-05,5.18E-05,-5.30E-05,-5.30E-05,-27.44854,-27.309263,1.9925686,6.3762193,0.132008358
0.010010674,5.30E-06,5.30E-06,-7.07E-05,-7.07E-05,-27.194302,-27.033354,1.9923588,6.3755484,0.132009
0.010010741,2.79E-05,2.79E-05,-5.72E-05,-5.72E-05,-26.711922,-26.502153,1.9919394,6.3742065,0.132010283
0.010010876,-2.65E-05,-2.65E-05,-7.31E-05,-7.31E-05,-25.811344,-25.47995,1.9911009,6.371523,0.132011845
0.010010988,3.26E-06,3.26E-06,-5.55E-05,-5.55E-05,-25.101078,-24.652802,1.990407,6.3693023,0.132013041
0.010011065,-3.84E-05,-3.84E-05,-7.05E-05,-7.05E-05,-24.612942,-24.085485,1.9899272,6.3677673,0.132013956
0.010011132,-3.34E-06,-3.34E-06,-5.35E-05,-5.35E-05,-24.182922,-23.594168,1.9895086,6.366428,0.132014787
0.010011196,-4.33E-05,-4.33E-05,-6.89E-05,-6.89E-05,-23.768286,-23.131922,1.9891108,6.3651543,0.132015591
0.010011259,-7.33E-06,-7.33E-06,-5.22E-05,-5.22E-05,-23.354475,-22.682737,1.9887196,6.3639026,0.132016411
0.010011326,-4.70E-05,-4.70E-05,-6.79E-05,-6.79E-05,-22.910664,-22.213533,1.9883052,6.3625765,0.132017218
0.010011387,-1.08E-05,-1.08E-05,-5.17E-05,-5.17E-05,-22.501743,-21.790339,1.9879261,6.361364,0.132018003
0.01001145,-5.03E-05,-5.03E-05,-6.79E-05,-6.79E-05,-22.078554,-21.359262,1.9875344,6.3601103,0.132018777
0.010011509,-1.40E-05,-1.40E-05,-5.20E-05,-5.20E-05,-21.680824,-20.958399,1.9871651,6.358928,0.132019512
0.010011566,-5.32E-05,-5.32E-05,-6.84E-05,-6.84E-05,-21.303207,-20.580488,1.986812,6.357798,0.132020253
0.010011627,-1.69E-05,-1.69E-05,-5.28E-05,-5.28E-05,-20.905594,-20.184282,1.986437,6.3565984,0.132020971
0.01001168,-5.59E-05,-5.59E-05,-6.94E-05,-6.94E-05,-20.557842,-19.838823,1.9861056,6.355538,0.132021674
0.010011738,-1.93E-05,-1.93E-05,-5.39E-05,-5.39E-05,-20.184153,-19.46819,1.9857457,6.354386,0.132022392
0.010011794,-5.83E-05,-5.83E-05,-7.07E-05,-7.07E-05,-19.828909,-19.116356,1.9853995,6.3532786,0.132023082
0.010011847,-2.15E-05,-2.15E-05,-5.52E-05,-5.52E-05,-19.491169,-18.78205,1.9850667,6.3522134,0.13202374
0.010011898,-6.03E-05,-6.03E-05,-7.20E-05,-7.20E-05,-19.175674,-18.469997,1.9847523,6.3512077,0.132024415
0.010011954,-2.35E-05,-2.35E-05,-5.67E-05,-5.67E-05,-18.8282,-18.126373,1.9844022,6.350087,0.132025112
0.010012009,-6.22E-05,-6.22E-05,-7.37E-05,-7.37E-05,-18.498354,-17.80036,1.9840659,6.349011,0.132025775
0.01001206,-2.52E-05,-2.52E-05,-5.84E-05,-5.84E-05,-18.191193,-17.496765,1.9837492,6.347997,0.132026464
0.010012118,-6.38E-05,-6.38E-05,-7.55E-05,-7.55E-05,-17.844818,-17.15457,1.9833878,6.346841,0.132027167
0.010012171,-2.69E-05,-2.69E-05,-6.03E-05,-6.03E-05,-17.531593,-16.845112,1.9830573,6.345783,0.13202791
0.010012236,-6.55E-05,-6.55E-05,-7.75E-05,-7.75E-05,-17.15588,-16.474077,1.9826559,6.3444986,0.132028694
0.010012296,-2.85E-05,-2.85E-05,-6.25E-05,-6.25E-05,-16.812683,-16.135147,1.9822843,6.34331,0.132029578
0.010012377,-6.72E-05,-6.72E-05,-8.02E-05,-8.02E-05,-16.357887,-15.686203,1.9817848,6.3417115,0.132030553
0.010012451,-3.04E-05,-3.04E-05,-6.56E-05,-6.56E-05,-15.944233,-15.2779,1.9813232,6.3402343,0.132031652
0.010012552,-6.91E-05,-6.91E-05,-8.37E-05,-8.37E-05,-15.39685,-14.737862,1.9807016,6.338245,0.132032938
0.010012656,-3.24E-05,-3.24E-05,-6.98E-05,-6.98E-05,-14.8392515,-14.18788,1.9800549,6.3361754,0.132034481
0.010012798,-7.14E-05,-7.14E-05,-8.90E-05,-8.90E-05,-14.103106,-13.462268,1.97918,6.333376,0.13203642
0.010012966,-3.50E-05,-3.50E-05,-7.67E-05,-7.67E-05,-13.255668,-12.6275215,1.9781411,6.3300514,0.13203896
0.010013203,-7.43E-05,-7.43E-05,-9.83E-05,-9.83E-05,-12.104539,-11.495192,1.9766718,6.32535,0.13204255
0.01001354,-3.85E-05,-3.85E-05,-9.02E-05,-9.02E-05,-10.569378,-9.988791,1.9745947,6.318703,0.13204804
0.010014083,-7.89E-05,-7.89E-05,-0.000119373,-0.000119373,-8.318561,-7.793166,1.9712423,6.3079753,0.132054886
0.010014641,-4.37E-05,-4.37E-05,-0.000116098,-0.000116098,-6.3152843,-5.8587785,1.9678109,6.2969947,0.132061937
0.010015221,-8.39E-05,-8.39E-05,-0.000144451,-0.000144451,-4.5700884,-4.1941237,1.9642441,6.2855816,0.132068941
0.010015776,-4.84E-05,-4.84E-05,-0.000138555,-0.000138555,-3.2238505,-2.924685,1.9608457,6.2747064,0.13207597
0.010016364,-8.82E-05,-8.82E-05,-0.000163862,-0.000163862,-2.1085083,-1.8841714,1.9572432,6.2631783,0.132082871
0.010016901,-5.19E-05,-5.19E-05,-0.000154643,-0.000154643,-1.3386345,-1.1738484,1.9539583,6.252666,0.132087722
0.010017158,-9.02E-05,-9.02E-05,-0.000173569,-0.000173569,-1.0451441,-0.9056835,1.9523919,6.247654,0.132090382
0.010017338,-5.29E-05,-5.29E-05,-0.000159244,-0.000159244,-0.86574113,-0.7426999,1.9512974,6.2441516,0.132092323
0.010017477,-9.08E-05,-9.08E-05,-0.000176595,-0.000176595,-0.7402848,-0.62939036,1.950448,6.241434,0.132094055
0.010017622,-5.32E-05,-5.32E-05,-0.000161627,-0.000161627,-0.62182057,-0.5228746,1.9495635,6.238603,0.132095738
0.010017754,-9.07E-05,-9.07E-05,-0.000178493,-0.000178493,-0.5247201,-0.43616247,1.9487613,6.2360363,0.132097349
0.010017887,-5.24E-05,-5.24E-05,-0.000162775,-0.000162775,-0.43602836,-0.35739508,1.9479492,6.233437,0.132098967
0.01001802,-8.86E-05,-8.86E-05,-0.000178484,-0.000178484,-0.35684675,-0.287703,1.9471395,6.2308464,0.132100605
0.010018157,-4.81E-05,-4.81E-05,-0.00016079,-0.00016079,-0.28454915,-0.2245892,1.9463054,6.228177,0.132102324
0.010018304,-8.06E-05,-8.06E-05,-0.000173418,-0.000173418,-0.21731079,-0.16670129,1.9454147,6.225327,0.132104237
0.010018473,-3.50E-05,-3.50E-05,-0.0001518,-0.0001518,-0.15185079,-0.11127044,1.9443852,6.2220325,0.132106652
0.010018703,-6.22E-05,-6.22E-05,-0.00016082,-0.00016082,-0.08296415,-0.054965228,1.942989,6.217565,0.132110147
0.010019052,-1.44E-05,-1.44E-05,-0.000138932,-0.000138932,-0.019084167,-0.007728668,1.9408716,6.2107887,0.132115139
0.010019531,-4.54E-05,-4.54E-05,-0.000153152,-0.000153152,6.87E-05,4.46E-05,1.9379666,6.201493,0.132121321
0.010020081,-1.90E-06,-1.90E-06,-0.000136254,-0.000136254,6.38E-05,8.45E-05,1.9346415,6.190852,0.132130249
0.010021022,-3.47E-05,-3.47E-05,-0.00015336,-0.00015336,5.98E-05,3.61E-05,1.9289582,6.172666,0.132142357
0.010022114,6.69E-06,6.69E-06,-0.000137507,-0.000137507,5.40E-05,7.52E-05,1.9223837,6.1516275,0.132156744
0.010023455,-2.96E-05,-2.96E-05,-0.000152626,-0.000152626,5.16E-05,2.83E-05,1.9143459,6.1259065,0.13217422
0.010025095,7.41E-06,7.41E-06,-0.000131624,-0.000131624,4.80E-05,6.97E-05,1.90456,6.0945916,0.132197387
0.010027447,-3.61E-05,-3.61E-05,-0.000136493,-0.000136493,4.84E-05,2.56E-05,1.8906132,6.0499625,0.132223791
0.010029712,-8.41E-06,-8.41E-06,-0.000102998,-0.000102998,4.79E-05,6.99E-05,1.8772768,6.0072856,0.132248327
0.010031798,-5.82E-05,-5.82E-05,-0.000100575,-0.000100575,5.02E-05,2.77E-05,1.865078,5.9682493,0.132270948
0.010033776,-0.005058435,-0.005058435,-0.00509889,-0.00509889,5.01E-05,7.23E-05,1.8536172,5.931575,0.132286704
0.010034664,-0.13131534,-0.13131534,-0.13136794,-0.13136794,5.11E-05,2.89E-05,1.8489387,5.9166036,0.132296039
0.010035483,-0.31956315,-0.31956315,-0.31964022,-0.31964022,5.11E-05,7.35E-05,1.8454819,5.9055424,0.132305641
0.010036426,-0.5200508,-0.5200508,-0.5201557,-0.5201557,5.33E-05,3.12E-05,1.8426462,5.896468,0.132315622
0.01003732,-0.5937262,-0.5937262,-0.5939008,-0.5939008,5.48E-05,7.70E-05,1.8406575,5.890104,0.132323527
0.010037884,-0.626627,-0.626627,-0.6267484,-0.6267484,5.59E-05,3.37E-05,1.839585,5.886672,0.132330162
0.010038546,-0.6640558,-0.6640558,-0.6642318,-0.6642318,5.63E-05,7.85E-05,1.8384742,5.883117,0.132337423
0.010039227,-0.6990246,-0.6990246,-0.69914997,-0.69914997,5.71E-05,3.49E-05,1.837484,5.8799486,0.13234508
0.010039963,-0.7348017,-0.7348017,-0.7349794,-0.7349794,5.72E-05,7.94E-05,1.8365779,5.877049,0.132355563
0.010041169,-0.7672678,-0.7672678,-0.76737875,-0.76737875,5.78E-05,3.55E-05,1.8353376,5.8730803,0.132365447
0.010041797,-0.72526056,-0.72526056,-0.72533774,-0.72533774,5.74E-05,7.94E-05,1.8346388,5.8708444,0.132371737
0.010042337,-0.67425346,-0.67425346,-0.6743204,-0.6743204,5.68E-05,3.45E-05,1.8338716,5.868389,0.132377413
0.010042852,-0.6184354,-0.6184354,-0.61848897,-0.61848897,5.64E-05,7.84E-05,1.832967,5.8654947,0.132383025
0.010043382,-0.5602095,-0.5602095,-0.56025845,-0.56025845,5.58E-05,3.35E-05,1.8318474,5.861912,0.132388592
0.010043888,-0.5036345,-0.5036345,-0.5036751,-0.5036751,5.54E-05,7.74E-05,1.8305957,5.8579063,0.132393926
0.010044376,-0.4514573,-0.4514573,-0.4514953,-0.4514953,5.49E-05,3.27E-05,1.829229,5.8535333,0.1323994
0.010044911,-0.3957664,-0.3957664,-0.39579815,-0.39579815,5.47E-05,7.67E-05,1.8275537,5.8481717,0.13240523
0.010045467,-0.3417186,-0.3417186,-0.34174788,-0.34174788,5.43E-05,3.21E-05,1.8256269,5.842006,0.132411436
0.010046075,-0.2862353,-0.2862353,-0.28625935,-0.28625935,5.42E-05,7.62E-05,1.8233197,5.8346233,0.132418173
0.010046734,-0.23180626,-0.23180626,-0.23182781,-0.23182781,5.38E-05,3.16E-05,1.8206,5.82592,0.132425681
0.010047491,-0.17584608,-0.17584608,-0.1758627,-0.1758627,5.39E-05,7.59E-05,1.8172271,5.8151264,0.132433779
0.010048266,-0.12672222,-0.12672222,-0.12673634,-0.12673634,5.36E-05,3.15E-05,1.813528,5.8032894,0.132442861
0.010049216,-0.07721264,-0.07721264,-0.077221885,-0.077221885,5.38E-05,7.58E-05,1.8087255,5.7879214,0.132452813
0.010050168,-0.040017605,-0.040017605,-0.040024225,-0.040024225,5.36E-05,3.15E-05,1.8036802,5.7717767,0.13246233
0.010051045,-0.016359696,-0.016359696,-0.016362384,-0.016362384,5.38E-05,7.59E-05,1.7988843,5.7564297,0.132469785
0.010051608,-0.006812277,-0.006812277,-0.006813957,-0.006813957,5.37E-05,3.15E-05,1.7957553,5.746417,0.132474685
0.010051994,-0.002668095,-0.002668095,-0.002667817,-0.002667817,5.39E-05,7.60E-05,1.7935977,5.739513,0.132477931
0.010052239,-0.001219372,-0.001219372,-0.001219171,-0.001219171,5.37E-05,3.16E-05,1.79223,5.735136,0.132479869
0.010052371,-0.000710496,-0.000710496,-0.000710205,-0.000710205,5.38E-05,7.60E-05,1.7914878,5.732761,0.132480976
0.010052454,-0.000637449,-0.000637449,-0.000639539,-0.000639539,5.36E-05,3.15E-05,1.7910237,5.731276,0.132481823
0.010052536,-0.000559719,-0.000559719,-0.000561817,-0.000561817,5.37E-05,7.58E-05,1.7905644,5.7298064,0.132482697
0.010052624,-0.000610178,-0.000610178,-0.000612175,-0.000612175,5.34E-05,3.13E-05,1.7900718,5.7282295,0.132483634
0.010052719,-0.000553835,-0.000553835,-0.000556299,-0.000556299,5.35E-05,7.56E-05,1.7895416,5.726533,0.1324847
0.010052832,-0.000605952,-0.000605952,-0.000607588,-0.000607588,5.31E-05,3.11E-05,1.7889092,5.7245097,0.132485854
0.010052945,-0.000550411,-0.000550411,-0.000552999,-0.000552999,5.33E-05,7.54E-05,1.7882825,5.722504,0.13248736
0.010053127,-0.000600951,-0.000600951,-0.000602259,-0.000602259,5.29E-05,3.08E-05,1.7872661,5.7192516,0.132489397
0.010053343,-0.000544041,-0.000544041,-0.00054654,-0.00054654,5.30E-05,7.51E-05,1.7860577,5.7153845,0.132492128
0.010053662,-0.000592019,-0.000592019,-0.00059298,-0.00059298,5.25E-05,3.04E-05,1.7842817,5.7097015,0.132496383
0.010054178,-0.000529729,-0.000529729,-0.000531913,-0.000531913,5.24E-05,7.45E-05,1.7814047,5.7004952,0.132501647
0.010054698,-0.00057248,-0.00057248,-0.000572994,-0.000572994,5.19E-05,2.99E-05,1.7785139,5.691244,0.132507888
0.010055412,-0.000499992,-0.000499992,-0.000501799,-0.000501799,5.19E-05,7.40E-05,1.7745565,5.678581,0.132515624
0.010056234,-0.000511511,-0.000511511,-0.000511516,-0.000511516,5.14E-05,2.94E-05,1.7700062,5.6640196,0.132526402
0.010057562,-0.000286812,-0.000286812,-0.00028733,-0.00028733,5.15E-05,7.36E-05,1.7626779,5.640569,0.132536255
0.010058216,-0.000350144,-0.000350144,-0.000345264,-0.000345264,5.14E-05,2.94E-05,1.759082,5.629062,0.132542365
0.010058796,-0.000294278,-0.000294278,-0.000290849,-0.000290849,5.21E-05,7.42E-05,1.7558951,5.6188645,0.132546213
0.010058996,-0.000347792,-0.000347792,-0.000341944,-0.000341944,5.19E-05,2.98E-05,1.7548007,5.615362,0.132548204
0.0100592,-0.000293746,-0.000293746,-0.000289901,-0.000289901,5.22E-05,7.43E-05,1.7536805,5.6117773,0.132550002
0.010059361,-0.000346862,-0.000346862,-0.000340483,-0.000340483,5.20E-05,2.99E-05,1.7527986,5.6089554,0.132551663
0.010059538,-0.000293251,-0.000293251,-0.000289085,-0.000289085,5.23E-05,7.44E-05,1.7518301,5.605856,0.13255413
0.010059863,-0.000345753,-0.000345753,-0.000338726,-0.000338726,5.20E-05,3.00E-05,1.7500504,5.600161,0.132557201
0.010060165,-0.000292068,-0.000292068,-0.000287224,-0.000287224,5.24E-05,7.44E-05,1.7484034,5.594891,0.132560844
0.010060608,-0.000344219,-0.000344219,-0.000336331,-0.000336331,5.20E-05,3.00E-05,1.7459837,5.5871477,0.132564971
0.010061011,-0.000290431,-0.000290431,-0.000284709,-0.000284709,5.22E-05,7.43E-05,1.7437881,5.580122,0.132569821
0.010061605,-0.000342221,-0.000342221,-0.000333285,-0.000333285,5.17E-05,2.97E-05,1.7405549,5.569776,0.132575705
0.010062225,-0.000288082,-0.000288082,-0.000281193,-0.000281193,5.17E-05,7.38E-05,1.7371883,5.559003,0.132583236
0.010063165,-0.000339191,-0.000339191,-0.000328815,-0.000328815,5.06E-05,2.86E-05,1.7320949,5.5427036,0.132593195
0.0100643,-0.000284171,-0.000284171,-0.000275543,-0.000275543,4.93E-05,7.15E-05,1.7259657,5.5230904,0.132607684
0.010066205,-0.000333732,-0.000333732,-0.000321096,-0.000321096,4.34E-05,2.16E-05,1.7157251,5.49032,0.132626678
0.010068332,-0.000277765,-0.000277765,-0.000266582,-0.000266582,3.05E-05,5.30E-05,1.7043581,5.4539456,0.132645866
0.010070333,-0.000328635,-0.000328635,-0.000313832,-0.000313832,1.46E-05,-7.10E-06,1.6937397,5.4199667,0.13266397
0.010072277,-0.000274572,-0.000274572,-0.000261717,-0.000261717,5.76E-06,2.79E-05,1.6834878,5.387161,0.132678516
0.010073541,-0.000326889,-0.000326889,-0.000310928,-0.000310928,3.00E-06,-1.90E-05,1.6768516,5.3659253,0.132692399
0.010075362,-0.000273375,-0.000273375,-0.000259621,-0.000259621,1.71E-06,2.38E-05,1.667337,5.3354783,0.132707905
0.010077027,-0.000325672,-0.000325672,-0.000308832,-0.000308832,7.52E-07,-2.13E-05,1.6586901,5.307808,0.132729403
0.010080246,-0.00027184,-0.00027184,-0.000257166,-0.000257166,4.98E-07,2.26E-05,1.6420932,5.2546988,0.132759069
0.010083903,-0.00032356,-0.00032356,-0.000305758,-0.000305758,-1.03E-07,-2.22E-05,1.6234411,5.1950116,0.132791411
0.010087916,-0.000269437,-0.000269437,-0.000254098,-0.000254098,9.52E-08,2.21E-05,1.603217,5.1302943,0.132826164
0.010092353,-0.000320479,-0.000320479,-0.000302247,-0.000302247,-3.22E-07,-2.24E-05,1.5811454,5.059665,0.132866814
0.010098078,-0.000262424,-0.000262424,-0.000246581,-0.000246581,-2.98E-08,2.20E-05,1.5531185,4.969979,0.132895437
0.01009977,-0.000307485,-0.000307485,-0.000288281,-0.000288281,-3.75E-07,-2.24E-05,1.5449349,4.9437914,0.132902775
0.0101,-0.000257806,-0.000257806,-0.000241649,-0.000241649,-3.45E-08,2.20E-05,1.543823,4.940233,0.132903654
0.0101,-0.000272894,-0.000272894,-0.000250859,-0.000250859,6.78E-06,2.59E-05,1.543823,4.940233,0.132903654
0.0101,-0.000272291,-0.000272291,-0.000248573,-0.000248573,-2.18E-06,-1.54E-05,1.5438229,4.940233,0.132903654
0.0101,-0.000275428,-0.000275428,-0.000250893,-0.000250893,-6.47E-07,8.23E-06,1.5438228,4.940233,0.132903654
0.0101,-0.000272191,-0.000272191,-0.000252557,-0.000252557,4.69E-07,-5.70E-06,1.5438228,4.9402328,0.132903655
0.0101,-0.00027815,-0.00027815,-0.000255093,-0.000255093,-1.57E-06,3.74E-06,1.5438225,4.9402323,0.132903655
0.0101,-0.000274801,-0.000274801,-0.000258371,-0.000258371,8.80E-07,-3.92E-06,1.5438222,4.9402313,0.132903656
0.0101,-0.000281728,-0.000281728,-0.00026087,-0.00026087,-1.56E-06,3.11E-06,1.5438215,4.940229,0.132903658
0.010100001,-0.000278082,-0.000278082,-0.000262748,-0.000262748,1.03E-06,-3.50E-06,1.5438201,4.940224,0.13290366
0.010100001,-0.000284264,-0.000284264,-0.000263588,-0.000263588,-1.53E-06,2.96E-06,1.5438181,4.940218,0.132903665
0.010100002,-0.000279753,-0.000279753,-0.000264582,-0.000264582,1.08E-06,-3.36E-06,1.543814,4.9402046,0.132903675
0.010100004,-0.000285187,-0.000285187,-0.000264704,-0.000264704,-1.51E-06,2.93E-06,1.5438058,4.940179,0.132903694
0.010100007,-0.00027984,-0.00027984,-0.00026484,-0.00026484,1.10E-06,-3.33E-06,1.5437895,4.9401264,0.132903733
0.010100014,-0.000285078,-0.000285078,-0.000264649,-0.000264649,-1.51E-06,2.91E-06,1.5437567,4.9400215,0.132903811
0.010100027,-0.000279738,-0.000279738,-0.000264743,-0.000264743,1.10E-06,-3.32E-06,1.5436914,4.939812,0.132903966
0.010100054,-0.000284954,-0.000284954,-0.000264518,-0.000264518,-1.51E-06,2.91E-06,1.5435605,4.939394,0.132904276
0.010100109,-0.000279583,-0.000279583,-0.000264576,-0.000264576,1.10E-06,-3.32E-06,1.543299,4.9385567,0.132904896
0.010100217,-0.00028468,-0.00028468,-0.000264221,-0.000264221,-1.51E-06,2.91E-06,1.5427759,4.936883,0.132906136
0.010100434,-0.000279075,-0.000279075,-0.000264027,-0.000264027,1.10E-06,-3.32E-06,1.5417303,4.933537,0.132908612
0.010100868,-0.000283826,-0.000283826,-0.0002633,-0.0002633,-1.52E-06,2.90E-06,1.5396414,4.926852,0.132911928
0.010101309,-0.000278206,-0.000278206,-0.000263092,-0.000263092,1.09E-06,-3.33E-06,1.5375247,4.9200788,0.132915191
0.010101731,-0.000283226,-0.000283226,-0.000262657,-0.000262657,-1.52E-06,2.90E-06,1.5354987,4.913596,0.132918526
0.010102193,-0.000277776,-0.000277776,-0.000262635,-0.000262635,1.09E-06,-3.33E-06,1.5332835,4.906507,0.132921834
0.01010261,-0.000282918,-0.000282918,-0.000262332,-0.000262332,-1.52E-06,2.90E-06,1.5312867,4.900118,0.132924956
0.010103025,-0.000277555,-0.000277555,-0.000262404,-0.000262404,1.08E-06,-3.34E-06,1.5293021,4.893767,0.132928045
0.010103436,-0.00028274,-0.00028274,-0.000262151,-0.000262151,-1.53E-06,2.89E-06,1.5273427,4.887497,0.132931107
0.010103845,-0.000277404,-0.000277404,-0.000262253,-0.000262253,1.08E-06,-3.34E-06,1.525388,4.881242,0.132934161
0.010104256,-0.000282605,-0.000282605,-0.000262018,-0.000262018,-1.53E-06,2.89E-06,1.5234339,4.8749886,0.132937196
0.010104663,-0.000277278,-0.000277278,-0.000262132,-0.000262132,1.08E-06,-3.34E-06,1.5214978,4.868793,0.132940235
0.010105076,-0.000282485,-0.000282485,-0.000261905,-0.000261905,-1.53E-06,2.89E-06,1.5195351,4.862512,0.132943256
0.010105481,-0.000277162,-0.000277162,-0.000262024,-0.000262024,1.08E-06,-3.34E-06,1.5176162,4.856372,0.132946468
0.010105948,-0.000282363,-0.000282363,-0.000261794,-0.000261794,-1.53E-06,2.89E-06,1.5154026,4.849288,0.132950144
0.010106481,-0.000277023,-0.000277023,-0.0002619,-0.0002619,1.07E-06,-3.35E-06,1.5128808,4.8412185,0.132954622
0.010107171,-0.000282195,-0.000282195,-0.000261646,-0.000261646,-1.54E-06,2.88E-06,1.5096247,4.830799,0.132959919
0.010107934,-0.000276823,-0.000276823,-0.000261729,-0.000261729,1.07E-06,-3.35E-06,1.5060309,4.8192987,0.132966721
0.010109045,-0.000281936,-0.000281936,-0.000261431,-0.000261431,-1.54E-06,2.88E-06,1.5008115,4.802597,0.13297537
0.010110334,-0.00027649,-0.00027649,-0.00026146,-0.00026146,1.07E-06,-3.35E-06,1.4947815,4.7833004,0.132988194
0.010112632,-0.000281435,-0.000281435,-0.000261045,-0.000261045,-1.55E-06,2.87E-06,1.4840873,4.7490797,0.13300938
0.010116346,-0.000275647,-0.000275647,-0.000260846,-0.000260846,1.06E-06,-3.36E-06,1.4669697,4.6943035,0.13304774
0.010123773,-0.000279884,-0.000279884,-0.000260002,-0.000260002,-1.56E-06,2.86E-06,1.4333234,4.5866346,0.133105025
0.010133773,-0.000273304,-0.000273304,-0.000259384,-0.000259384,1.05E-06,-3.37E-06,1.389236,4.4455547,0.133166784
0.010143773,-0.000277364,-0.000277364,-0.000258514,-0.000258514,-1.56E-06,2.86E-06,1.3465046,4.308814,0.133224802
0.010153773,-0.000271006,-0.000271006,-0.000258055,-0.000258055,1.05E-06,-3.37E-06,1.3050876,4.17628,0.133279306
0.010163773,-0.000275292,-0.000275292,-0.00025731,-0.00025731,-1.57E-06,2.85E-06,1.2649444,4.0478225,0.133330509
0.010173773,-0.000269145,-0.000269145,-0.000256957,-0.000256957,1.05E-06,-3.37E-06,1.2260362,3.9233158,0.13337861
0.010183773,-0.000273619,-0.000273619,-0.000256308,-0.000256308,-1.57E-06,2.85E-06,1.1883247,3.802639,0.133423798
0.010193773,-0.000267638,-0.000267638,-0.000256044,-0.000256044,1.04E-06,-3.38E-06,1.1517731,3.685674,0.133466249
0.010203773,-0.000272259,-0.000272259,-0.000255478,-0.000255478,-1.57E-06,2.85E-06,1.1163458,3.5723064,0.133506128
0.010213773,-0.000266405,-0.000266405,-0.000255297,-0.000255297,1.04E-06,-3.38E-06,1.0820082,3.4624262,0.133543592
0.010223773,-0.000271137,-0.000271137,-0.000254815,-0.000254815,-1.57E-06,2.85E-06,1.0487269,3.355926,0.133578786
0.010233773,-0.000265381,-0.000265381,-0.000254734,-0.000254734,1.04E-06,-3.38E-06,1.0164692,3.2527018,0.133611849
0.010243773,-0.000270199,-0.000270199,-0.000255078,-0.000255078,-1.57E-06,2.85E-06,0.98520386,3.1526525,0.133642909
0.010253773,-0.000264519,-0.000264519,-0.000286255,-0.000286255,1.04E-06,-3.38E-06,0.9549011,3.0556839,0.133667895
0.010260899,-0.000269505,-0.000269505,-0.000684647,-0.000684647,-1.57E-06,2.85E-06,0.93388855,2.9884434,0.133682759
0.010264425,-0.000264084,-0.000264084,-0.001780664,-0.001780664,1.04E-06,-3.38E-06,0.92368,2.9557762,0.133691253
0.010267121,-0.000269205,-0.000269205,-0.004192833,-0.004192833,-1.57E-06,2.85E-06,0.915979,2.9311328,0.133696992
0.010268699,-0.00026382,-0.00026382,-0.007057831,-0.007057831,1.04E-06,-3.38E-06,0.9115293,2.916894,0.133700205
0.010269538,-0.00026877,-0.00026877,-0.013127781,-0.013127781,-1.61E-06,2.82E-06,0.90919894,2.9094365,0.133701918
0.010269995,-0.000259188,-0.000259188,-0.058901887,-0.058901887,4.05E-07,-3.82E-06,0.9080342,2.9057093,0.133702972
0.010270337,-0.000266548,-0.000266548,-0.10102185,-0.10102185,-1.77E-06,2.70E-06,0.90725994,2.9032319,0.133703838
0.010270652,-0.000258104,-0.000258104,-0.13928051,-0.13928051,4.08E-07,-3.82E-06,0.90662766,2.9012086,0.133704679
0.010270977,-0.000265719,-0.000265719,-0.17670023,-0.17670023,-1.73E-06,2.72E-06,0.90605164,2.8993652,0.133705618
0.010271367,-0.000257391,-0.000257391,-0.21786015,-0.21786015,4.70E-07,-3.79E-06,0.9054535,2.8974514,0.133706774
0.010271858,-0.000264997,-0.000264997,-0.2634438,-0.2634438,-1.65E-06,2.77E-06,0.90483135,2.8954606,0.13370814
0.01027241,-0.000256731,-0.000256731,-0.30664617,-0.30664617,5.69E-07,-3.72E-06,0.9042805,2.8936977,0.133709856
0.010273169,-0.000264355,-0.000264355,-0.3539361,-0.3539361,-1.54E-06,2.85E-06,0.9037317,2.8919413,0.133711977
0.010274034,-0.000256151,-0.000256151,-0.39368245,-0.39368245,6.84E-07,-3.63E-06,0.90333426,2.8906696,0.133714638
0.010275207,-0.000263853,-0.000263853,-0.43023685,-0.43023685,-1.43E-06,2.93E-06,0.90306467,2.889807,0.133717822
0.010276474,-0.000255759,-0.000255759,-0.45414653,-0.45414653,7.72E-07,-3.56E-06,0.90300393,2.8896127,0.133721809
0.010278263,-0.000263563,-0.000263563,-0.4721153,-0.4721153,-1.37E-06,2.98E-06,0.90314204,2.8900542,0.133726372
0.01027997,-0.000255563,-0.000255563,-0.47947025,-0.47947025,8.13E-07,-3.53E-06,0.90340155,2.8908849,0.133732606
0.010283037,-0.000263432,-0.000263432,-0.48321828,-0.48321828,-1.35E-06,3.00E-06,0.9039646,2.8926868,0.13374076
0.010286207,-0.000255464,-0.000255464,-0.48202336,-0.48202336,8.25E-07,-3.52E-06,0.9045628,2.8946009,0.133751709
0.0102914,-0.000263349,-0.000263349,-0.478444,-0.478444,-1.34E-06,3.00E-06,0.9054526,2.8974485,0.133767959
0.010298595,-0.000255361,-0.000255361,-0.4737352,-0.4737352,8.25E-07,-3.52E-06,0.9064777,2.9007285,0.133788974
0.010307385,-0.000263229,-0.000263229,-0.46930388,-0.46930388,-1.34E-06,3.00E-06,0.90745246,2.903848,0.133813731
0.010317385,-0.000255237,-0.000255237,-0.46552035,-0.46552035,8.24E-07,-3.52E-06,0.9082774,2.9064877,0.13384013
0.010327385,-0.000263117,-0.000263117,-0.46281424,-0.46281424,-1.35E-06,3.00E-06,0.908878,2.9084098,0.133866564
0.010337385,-0.000255145,-0.000255145,-0.46081987,-0.46081987,8.23E-07,-3.52E-06,0.909316,2.9098113,0.133893023
0.010347385,-0.000263038,-0.000263038,-0.45941,-0.45941,-1.35E-06,3.00E-06,0.9096362,2.910836,0.133919501
0.010357385,-0.000255073,-0.000255073,-0.45835087,-0.45835087,8.23E-07,-3.52E-06,0.9098708,2.9115865,0.133941952
0.010364334,-0.000262979,-0.000262979,-0.45782304,-0.45782304,-1.35E-06,3.00E-06,0.9099956,2.911986,0.133960203
0.01037116,-0.000255032,-0.000255032,-0.45736927,-0.45736927,8.23E-07,-3.52E-06,0.9100949,2.9123037,0.133979124
0.010378612,-0.000262942,-0.000262942,-0.45701134,-0.45701134,-1.35E-06,3.00E-06,0.91018236,2.9125834,0.133998539
0.010385807,-0.000255001,-0.000255001,-0.45670065,-0.45670065,8.23E-07,-3.52E-06,0.91025,2.9128,0.134017965
0.010393266,-0.00026292,-0.00026292,-0.45648172,-0.45648172,-1.35E-06,3.00E-06,0.91030645,2.9129803,0.134038264
0.010401117,-0.000254987,-0.000254987,-0.4562626,-0.4562626,8.23E-07,-3.52E-06,0.91035384,2.9131322,0.13405987
0.01040956,-0.000262912,-0.000262912,-0.45611683,-0.45611683,-1.35E-06,3.00E-06,0.9103941,2.9132607,0.134083477
0.010418919,-0.000254987,-0.000254987,-0.455956,-0.455956,8.23E-07,-3.52E-06,0.9104286,2.9133716,0.134109151
0.010428919,-0.000262919,-0.000262919,-0.4558647,-0.4558647,-1.35E-06,3.00E-06,0.91045666,2.9134614,0.134135677
0.010438919,-0.000255001,-0.000255001,-0.4557616,-0.4557616,8.23E-07,-3.52E-06,0.91047794,2.9135294,0.134162204
0.010448919,-0.000262936,-0.000262936,-0.45572072,-0.45572072,-1.35E-06,3.00E-06,0.91049415,2.9135811,0.134188732
0.010458919,-0.000255021,-0.000255021,-0.45565453,-0.45565453,8.23E-07,-3.52E-06,0.91050655,2.913621,0.134215261
0.010468919,-0.000262958,-0.000262958,-0.4556407,-0.4556407,-1.35E-06,3.00E-06,0.91051614,2.9136517,0.13424179
0.010478919,-0.000255044,-0.000255044,-0.45559442,-0.45559442,8.23E-07,-3.52E-06,0.91052353,2.9136753,0.13426832
0.010488919,-0.000262979,-0.000262979,-0.45559528,-0.45559528,-1.35E-06,3.00E-06,0.9105294,2.9136941,0.13429485
0.010498919,-0.000255064,-0.000255064,-0.4555599,-0.4555599,8.23E-07,-3.52E-06,0.9105339,2.9137087,0.13432138
0.010508919,-0.000262997,-0.000262997,-0.4555689,-0.4555689,-1.35E-06,3.00E-06,0.91053754,2.91372,0.134347911
0.010518919,-0.000255082,-0.000255082,-0.4555396,-0.4555396,8.23E-07,-3.52E-06,0.91054046,2.9137292,0.134374441
0.010528919,-0.000263013,-0.000263013,-0.45555317,-0.45555317,-1.35E-06,3.00E-06,0.9105428,2.913737,0.134400972
0.010538919,-0.000255096,-0.000255096,-0.45552737,-0.45552737,8.23E-07,-3.52E-06,0.91054463,2.913743,0.134427503
0.010548919,-0.000263025,-0.000263025,-0.45554355,-0.45554355,-1.35E-06,3.00E-06,0.9105462,2.9137475,0.134454034
0.010558919,-0.000255107,-0.000255107,-0.45551977,-0.45551977,8.23E-07,-3.52E-06,0.9105474,2.9137516,0.134480565
0.010568919,-0.000263034,-0.000263034,-0.45553753,-0.45553753,-1.35E-06,3.00E-06,0.9105484,2.913755,0.134507096
0.010578919,-0.000255115,-0.000255115,-0.45551494,-0.45551494,8.23E-07,-3.52E-06,0.9105492,2.9137573,0.134533628
0.010588919,-0.000263041,-0.000263041,-0.45553362,-0.45553362,-1.35E-06,3.00E-06,0.91054994,2.9137597,0.134560159
0.010598919,-0.000255121,-0.000255121,-0.4555118,-0.4555118,8.23E-07,-3.52E-06,0.9105505,2.9137614,0.13458669
0.010608919,-0.000263046,-0.000263046,-0.45553106,-0.45553106,-1.35E-06,3.00E-06,0.910551,2.913763,0.134613221
0.010618919,-0.000255126,-0.000255126,-0.4555097,-0.4555097,8.23E-07,-3.52E-06,0.91055137,2.9137645,0.134639753
0.010628919,-0.000263049,-0.000263049,-0.45552936,-0.45552936,-1.35E-06,3.00E-06,0.9105517,2.9137657,0.134666284
0.010638919,-0.000255129,-0.000255129,-0.4555083,-0.4555083,8.23E-07,-3.52E-06,0.91055197,2.9137664,0.134692815
0.010648919,-0.000263052,-0.000263052,-0.45552817,-0.45552817,-1.35E-06,3.00E-06,0.91055226,2.913767,0.134719347
0.010658919,-0.000255132,-0.000255132,-0.4555073,-0.4555073,8.23E-07,-3.52E-06,0.91055244,2.9137678,0.134745878
0.010668919,-0.000263053,-0.000263053,-0.45552737,-0.45552737,-1.35E-06,3.00E-06,0.9105526,2.9137683,0.13477241
0.010678919,-0.000255134,-0.000255134,-0.45550665,-0.45550665,8.23E-07,-3.52E-06,0.91055274,2.913769,0.134798941
0.010688919,-0.000263054,-0.000263054,-0.4555268,-0.4555268,-1.35E-06,3.00E-06,0.91055286,2.9137692,0.134825472
0.010698919,-0.000255135,-0.000255135,-0.45550618,-0.45550618,8.23E-07,-3.52E-06,0.910553,2.9137695,0.134852004
0.010708919,-0.000263055,-0.000263055,-0.4555264,-0.4555264,-1.35E-06,3.00E-06,0.91055304,2.91377,0.134878535
0.010718919,-0.000255136,-0.000255136,-0.45550585,-0.45550585,8.23E-07,-3.52E-06,0.9105531,2.9137702,0.134905067
0.010728919,-0.000263056,-0.000263056,-0.4555261,-0.4555261,-1.35E-06,3.00E-06,0.91055316,2.91377,0.134931598
0.010738919,-0.000255137,-0.000255137,-0.4555056,-0.4555056,8.23E-07,-3.52E-06,0.9105532,2.9137702,0.134958129
0.010748919,-0.000263056,-0.000263056,-0.4555259,-0.4555259,-1.35E-06,3.00E-06,0.9105533,2.9137704,0.134984661
0.010758919,-0.000255138,-0.000255138,-0.45550543,-0.45550543,8.23E-07,-3.52E-06,0.91055334,2.9137707,0.135011192
0.010768919,-0.000263056,-0.000263056,-0.4555258,-0.4555258,-1.35E-06,3.00E-06,0.91055334,2.9137704,0.135037724
0.010778919,-0.000255138,-0.000255138,-0.4555053,-0.4555053,8.23E-07,-3.52E-06,0.9105534,2.9137707,0.135064255
0.010788919,-0.000263056,-0.000263056,-0.45552567,-0.45552567,-1.35E-06,3.00E-06,0.9105534,2.9137712,0.135090787
0.010798919,-0.000255138,-0.000255138,-0.45550525,-0.45550525,8.23E-07,-3.52E-06,0.9105534,2.9137707,0.135117318
0.010808919,-0.000263055,-0.000263055,-0.4555256,-0.4555256,-1.35E-06,3.00E-06,0.91055346,2.9137712,0.13514385
0.010818919,-0.000255139,-0.000255139,-0.4555052,-0.4555052,8.23E-07,-3.52E-06,0.91055346,2.9137712,0.135170381
0.010828919,-0.000263055,-0.000263055,-0.45552555,-0.45552555,-1.35E-06,3.00E-06,0.91055346,2.9137712,0.135196912
0.010838919,-0.000255139,-0.000255139,-0.45550513,-0.45550513,8.23E-07,-3.52E-06,0.91055346,2.9137712,0.135223444
0.010848919,-0.000263055,-0.000263055,-0.45552552,-0.45552552,-1.35E-06,3.00E-06,0.9105535,2.9137712,0.135249975
0.010858919,-0.000255139,-0.000255139,-0.4555051,-0.4555051,8.23E-07,-3.52E-06,0.9105535,2.9137712,0.135276507
0.010868919,-0.000263055,-0.000263055,-0.4555255,-0.4555255,-1.35E-06,3.00E-06,0.9105535,2.9137712,0.135303038
0.010878919,-0.000255139,-0.000255139,-0.45550507,-0.45550507,8.23E-07,-3.52E-06,0.9105535,2.9137712,0.13532957
0.010888919,-0.000263054,-0.000263054,-0.45552546,-0.45552546,-1.35E-06,3.00E-06,0.9105535,2.9137712,0.135356101
0.010898919,-0.000255139,-0.000255139,-0.45550507,-0.45550507,8.23E-07,-3.52E-06,0.9105535,2.9137712,0.135382633
0.010908919,-0.000263054,-0.000263054,-0.45552543,-0.45552543,-1.35E-06,3.00E-06,0.9105535,2.9137716,0.135409164
0.010918919,-0.000255139,-0.000255139,-0.45550507,-0.45550507,8.23E-07,-3.52E-06,0.9105535,2.9137712,0.135435695
0.010928919,-0.000263054,-0.000263054,-0.45552543,-0.45552543,-1.35E-06,3.00E-06,0.9105536,2.9137716,0.135462227
0.010938919,-0.00025514,-0.00025514,-0.45550504,-0.45550504,8.23E-07,-3.52E-06,0.9105535,2.9137712,0.135488758
0.010948919,-0.000263053,-0.000263053,-0.45552543,-0.45552543,-1.35E-06,3.00E-06,0.9105536,2.9137716,0.13551529
0.010958919,-0.00025514,-0.00025514,-0.45550504,-0.45550504,8.23E-07,-3.52E-06,0.9105536,2.9137712,0.135541821
0.010968919,-0.000263053,-0.000263053,-0.45552543,-0.45552543,-1.35E-06,3.00E-06,0.9105536,2.9137716,0.135568353
0.010978919,-0.00025514,-0.00025514,-0.45550504,-0.45550504,8.23E-07,-3.52E-06,0.9105536,2.9137712,0.135594884
0.010988919,-0.000263053,-0.000263053,-0.4555254,-0.4555254,-1.35E-06,3.00E-06,0.9105536,2.9137716,0.135621416
0.010998919,-0.00025514,-0.00025514,-0.45550504,-0.45550504,8.23E-07,-3.52E-06,0.9105536,2.9137712,0.135636116
0.011,-0.000263051,-0.000263051,-0.4555254,-0.4555254,-1.35E-06,3.00E-06,0.9105536,2.9137716,0.13563755
0.011,-0.00025687,-0.00025687,-0.4555256,-0.4555256,1.88E-06,3.84E-06,0.9105536,2.9137716,0.13563755
0.011,-0.000263714,-0.000263714,-0.45552436,-0.45552436,-1.87E-06,-3.28E-06,0.9105536,2.9137714,0.13563755
0.011,-0.000256794,-0.000256794,-0.45552316,-0.45552316,1.65E-06,2.71E-06,0.9105536,2.9137714,0.13563755
0.011,-0.000263202,-0.000263202,-0.4555205,-0.4555205,-1.91E-06,-2.95E-06,0.9105536,2.9137714,0.13563755
0.011,-0.000256182,-0.000256182,-0.45551798,-0.45551798,1.54E-06,2.49E-06,0.9105536,2.9137712,0.135637551
0.011,-0.000262485,-0.000262485,-0.45551556,-0.45551556,-2.00E-06,-2.95E-06,0.9105536,2.9137716,0.135637552
0.011000001,-0.000255767,-0.000255767,-0.45551533,-0.45551533,1.48E-06,2.42E-06,0.9105536,2.9137716,0.135637554
0.011000002,-0.000262415,-0.000262415,-0.45551515,-0.45551515,-2.01E-06,-2.94E-06,0.9105536,2.9137716,0.135637558
0.011000004,-0.000255787,-0.000255787,-0.45551535,-0.45551535,1.49E-06,2.41E-06,0.9105536,2.9137712,0.135637566
0.011000008,-0.00026241,-0.00026241,-0.45551512,-0.45551512,-2.01E-06,-2.93E-06,0.9105536,2.9137712,0.135637583
0.011000016,-0.000255786,-0.000255786,-0.45551535,-0.45551535,1.49E-06,2.41E-06,0.9105536,2.9137714,0.135637615
0.011000033,-0.000262407,-0.000262407,-0.45551512,-0.45551512,-2.01E-06,-2.93E-06,0.9105536,2.9137714,0.13563768
0.011000066,-0.000255785,-0.000255785,-0.45551535,-0.45551535,1.49E-06,2.41E-06,0.9105536,2.9137714,0.135637811
0.011000131,-0.000262407,-0.000262407,-0.45551512,-0.45551512,-2.01E-06,-2.93E-06,0.9105536,2.9137714,0.135638072
0.011000262,-0.000255785,-0.000255785,-0.45551535,-0.45551535,1.49E-06,2.41E-06,0.9105536,2.9137714,0.135638593
0.011000524,-0.000262407,-0.000262407,-0.45551512,-0.45551512,-2.01E-06,-2.93E-06,0.9105536,2.9137714,0.135639636
0.011001049,-0.000255785,-0.000255785,-0.45551535,-0.45551535,1.49E-06,2.41E-06,0.9105536,2.9137714,0.135641723
0.011002097,-0.000262407,-0.000262407,-0.45551512,-0.45551512,-2.01E-06,-2.93E-06,0.9105536,2.9137714,0.135645896
0.011004194,-0.000255785,-0.000255785,-0.45551535,-0.45551535,1.49E-06,2.41E-06,0.9105536,2.9137714,0.135654242
0.011008389,-0.000262407,-0.000262407,-0.45551512,-0.45551512,-2.01E-06,-2.93E-06,0.9105536,2.9137714,0.135670934
0.011016777,-0.000255785,-0.000255785,-0.45551535,-0.45551535,1.49E-06,2.41E-06,0.9105536,2.9137714,0.135695328
0.011026777,-0.000262407,-0.000262407,-0.45551512,-0.45551512,-2.01E-06,-2.93E-06,0.9105536,2.9137714,0.135721859
0.011036777,-0.000255785,-0.000255785,-0.45551535,-0.45551535,1.49E-06,2.41E-06,0.9105536,2.9137714,0.135748391
0.011046777,-0.000262407,-0.000262407,-0.45551512,-0.45551512,-2.01E-06,-2.93E-06,0.9105536,2.9137714,0.135774922
0.011056777,-0.000255785,-0.000255785,-0.45551535,-0.45551535,1.49E-06,2.41E-06,0.9105536,2.9137714,0.135801454
0.011066777,-0.000262407,-0.000262407,-0.45551512,-0.45551512,-2.01E-06,-2.93E-06,0.9105536,2.9137714,0.135827985
0.011076777,-0.000255785,-0.000255785,-0.45551535,-0.45551535,1.49E-06,2.41E-06,0.9105536,2.9137714,0.135854517
0.011086777,-0.000262407,-0.000262407,-0.45551512,-0.45551512,-2.01E-06,-2.93E-06,0.9105536,2.9137714,0.135881048
0.011096777,-0.000255785,-0.000255785,-0.45551535,-0.45551535,1.49E-06,2.41E-06,0.9105536,2.9137714,0.13590758
0.011106777,-0.000262406,-0.000262406,-0.45551512,-0.45551512,-2.01E-06,-2.93E-06,0.9105536,2.9137714,0.135934111
0.011116777,-0.000255785,-0.000255785,-0.45551535,-0.45551535,1.49E-06,2.41E-06,0.9105536,2.9137714,0.135960643
0.011126777,-0.000262406,-0.000262406,-0.45551512,-0.45551512,-2.01E-06,-2.93E-06,0.9105536,2.9137714,0.135987174
0.011136777,-0.000255785,-0.000255785,-0.45551535,-0.45551535,1.49E-06,2.41E-06,0.9105536,2.9137714,0.136013705
0.011146777,-0.000262406,-0.000262406,-0.45551512,-0.45551512,-2.01E-06,-2.93E-06,0.9105536,2.9137714,0.136040237
0.011156777,-0.000255785,-0.000255785,-0.45551535,-0.45551535,1.49E-06,2.41E-06,0.9105536,2.9137714,0.136066768
0.011166777,-0.000262406,-0.000262406,-0.45551512,-0.45551512,-2.01E-06,-2.93E-06,0.9105536,2.9137714,0.1360933
0.011176777,-0.000255785,-0.000255785,-0.45551535,-0.45551535,1.49E-06,2.41E-06,0.9105536,2.9137714,0.136119831
0.011186777,-0.000262406,-0.000262406,-0.45551512,-0.45551512,-2.01E-06,-2.93E-06,0.9105536,2.9137714,0.136146363
0.011196777,-0.000255785,-0.000255785,-0.45551535,-0.45551535,1.49E-06,2.41E-06,0.9105536,2.9137714,0.136172894
0.011206777,-0.000262406,-0.000262406,-0.45551512,-0.45551512,-2.01E-06,-2.93E-06,0.9105536,2.9137714,0.136199426
0.011216777,-0.000255784,-0.000255784,-0.45551535,-0.45551535,1.49E-06,2.41E-06,0.9105536,2.9137714,0.136225957
0.011226777,-0.000262406,-0.000262406,-0.45551512,-0.45551512,-2.01E-06,-2.93E-06,0.9105536,2.9137714,0.136252488
0.011236777,-0.000255784,-0.000255784,-0.45551535,-0.45551535,1.49E-06,2.41E-06,0.9105536,2.9137719,0.13627902
0.011246777,-0.000262406,-0.000262406,-0.45551512,-0.45551512,-2.01E-06,-2.93E-06,0.91055363,2.9137719,0.136305551
0.011256777,-0.000255784,-0.000255784,-0.45551535,-0.45551535,1.49E-06,2.41E-06,0.91055363,2.9137719,0.136332083
0.011266777,-0.000262406,-0.000262406,-0.45551512,-0.45551512,-2.01E-06,-2.93E-06,0.91055363,2.9137719,0.136358614
0.011276777,-0.000255784,-0.000255784,-0.45551535,-0.45551535,1.49E-06,2.41E-06,0.91055363,2.9137719,0.136385146
0.011286777,-0.000262406,-0.000262406,-0.45551512,-0.45551512,-2.01E-06,-2.93E-06,0.91055363,2.9137719,0.136411677
0.011296777,-0.000255784,-0.000255784,-0.45551535,-0.45551535,1.49E-06,2.41E-06,0.91055363,2.9137719,0.136438209
0.011306777,-0.000262406,-0.000262406,-0.45551512,-0.45551512,-2.01E-06,-2.93E-06,0.91055363,2.9137719,0.13646474
0.011316777,-0.000255784,-0.000255784,-0.45551535,-0.45551535,1.49E-06,2.41E-06,0.91055363,2.9137716,0.136491272
0.011326777,-0.000262406,-0.000262406,-0.45551512,-0.45551512,-2.01E-06,-2.93E-06,0.91055363,2.9137719,0.136517803
0.011336777,-0.000255784,-0.000255784,-0.45551535,-0.45551535,1.49E-06,2.41E-06,0.91055363,2.9137716,0.136544334
0.011346777,-0.000262406,-0.000262406,-0.45551512,-0.45551512,-2.01E-06,-2.93E-06,0.91055363,2.9137719,0.136570866
0.011356777,-0.000255784,-0.000255784,-0.45551535,-0.45551535,1.49E-06,2.41E-06,0.91055363,2.9137716,0.136597397
0.011366777,-0.000262405,-0.000262405,-0.45551512,-0.45551512,-2.01E-06,-2.93E-06,0.91055363,2.9137716,0.136623929
0.011376777,-0.000255784,-0.000255784,-0.45551535,-0.45551535,1.49E-06,2.41E-06,0.91055363,2.9137716,0.13665046
0.011386777,-0.000262405,-0.000262405,-0.45551512,-0.45551512,-2.01E-06,-2.93E-06,0.91055363,2.9137716,0.136676992
0.011396777,-0.000255784,-0.000255784,-0.45551535,-0.45551535,1.49E-06,2.41E-06,0.91055363,2.9137716,0.136703523
0.011406777,-0.000262405,-0.000262405,-0.45551512,-0.45551512,-2.01E-06,-2.93E-06,0.91055363,2.9137716,0.136730055
0.011416777,-0.000255784,-0.000255784,-0.45551535,-0.45551535,1.49E-06,2.41E-06,0.91055363,2.9137716,0.136756586
0.011426777,-0.000262405,-0.000262405,-0.45551512,-0.45551512,-2.01E-06,-2.93E-06,0.91055363,2.9137716,0.136783118
0.011436777,-0.000255784,-0.000255784,-0.45551535,-0.45551535,1.49E-06,2.41E-06,0.91055363,2.9137716,0.136809649
0.011446777,-0.000262405,-0.000262405,-0.45551512,-0.45551512,-2.01E-06,-2.93E-06,0.91055363,2.9137716,0.13683618
0.011456777,-0.000255784,-0.000255784,-0.45551535,-0.45551535,1.49E-06,2.41E-06,0.91055363,2.9137716,0.136862712
0.011466777,-0.000262405,-0.000262405,-0.45551512,-0.45551512,-2.01E-06,-2.93E-06,0.91055363,2.9137716,0.136889243
0.011476777,-0.000255784,-0.000255784,-0.45551535,-0.45551535,1.49E-06,2.41E-06,0.91055363,2.9137716,0.136915775
0.011486777,-0.000262405,-0.000262405,-0.45551512,-0.45551512,-2.01E-06,-2.93E-06,0.91055363,2.9137716,0.136942306
0.011496777,-0.000255784,-0.000255784,-0.45551535,-0.45551535,1.49E-06,2.41E-06,0.91055363,2.9137716,0.136968838
0.011506777,-0.000262405,-0.000262405,-0.45551512,-0.45551512,-2.01E-06,-2.93E-06,0.91055363,2.9137716,0.136995369
0.011516777,-0.000255783,-0.000255783,-0.45551535,-0.45551535,1.49E-06,2.41E-06,0.91055363,2.9137716,0.137021901
0.011526777,-0.000262405,-0.000262405,-0.45551512,-0.45551512,-2.01E-06,-2.93E-06,0.91055363,2.9137716,0.137048432
0.011536777,-0.000255783,-0.000255783,-0.45551535,-0.45551535,1.49E-06,2.41E-06,0.91055363,2.9137716,0.137074964
0.011546777,-0.000262405,-0.000262405,-0.45551512,-0.45551512,-2.01E-06,-2.93E-06,0.91055363,2.9137716,0.137101495
0.011556777,-0.000255783,-0.000255783,-0.45551535,-0.45551535,1.49E-06,2.41E-06,0.91055363,2.9137716,0.137128026
0.011566777,-0.000262405,-0.000262405,-0.45551512,-0.45551512,-2.01E-06,-2.93E-06,0.91055363,2.9137716,0.137154558
0.011576777,-0.000255783,-0.000255783,-0.45551535,-0.45551535,1.49E-06,2.41E-06,0.91055363,2.9137716,0.137181089
0.011586777,-0.000262405,-0.000262405,-0.45551512,-0.45551512,-2.01E-06,-2.93E-06,0.91055363,2.9137716,0.137207621
0.011596777,-0.000255783,-0.000255783,-0.45551535,-0.45551535,1.49E-06,2.41E-06,0.91055363,2.9137716,0.137234152
0.011606777,-0.000262405,-0.000262405,-0.45551512,-0.45551512,-2.01E-06,-2.93E-06,0.91055363,2.9137716,0.137260684
0.011616777,-0.000255783,-0.000255783,-0.45551535,-0.45551535,1.49E-06,2.41E-06,0.91055363,2.9137716,0.137287215
0.011626777,-0.000262405,-0.000262405,-0.45551512,-0.45551512,-2.01E-06,-2.93E-06,0.91055363,2.9137716,0.137313747
0.011636777,-0.000255783,-0.000255783,-0.45551535,-0.45551535,1.49E-06,2.41E-06,0.91055363,2.9137716,0.137340278
0.011646777,-0.000262405,-0.000262405,-0.45551512,-0.45551512,-2.01E-06,-2.93E-06,0.91055363,2.9137716,0.13736681
0.011656777,-0.000255783,-0.000255783,-0.45551535,-0.45551535,1.49E-06,2.41E-06,0.91055363,2.9137716,0.137393341
0.011666777,-0.000262405,-0.000262405,-0.45551512,-0.45551512,-2.01E-06,-2.93E-06,0.91055363,2.9137716,0.137419872
0.011676777,-0.000255783,-0.000255783,-0.45551535,-0.45551535,1.49E-06,2.41E-06,0.91055363,2.9137716,0.137446404
0.011686777,-0.000262405,-0.000262405,-0.45551512,-0.45551512,-2.01E-06,-2.93E-06,0.91055363,2.9137716,0.137472935
0.011696777,-0.000255783,-0.000255783,-0.45551535,-0.45551535,1.49E-06,2.41E-06,0.91055363,2.9137716,0.137499467
0.011706777,-0.000262405,-0.000262405,-0.45551512,-0.45551512,-2.01E-06,-2.93E-06,0.91055363,2.9137716,0.137525998
0.011716777,-0.000255783,-0.000255783,-0.45551535,-0.45551535,1.49E-06,2.41E-06,0.91055363,2.9137716,0.13755253
0.011726777,-0.000262405,-0.000262405,-0.45551512,-0.45551512,-2.01E-06,-2.93E-06,0.91055363,2.9137716,0.137579061
0.011736777,-0.000255783,-0.000255783,-0.45551535,-0.45551535,1.49E-06,2.41E-06,0.91055363,2.9137716,0.137605593
0.011746777,-0.000262404,-0.000262404,-0.45551512,-0.45551512,-2.01E-06,-2.93E-06,0.91055363,2.9137716,0.137632124
0.011756777,-0.000255783,-0.000255783,-0.45551535,-0.45551535,1.49E-06,2.41E-06,0.91055363,2.9137716,0.137658655
0.011766777,-0.000262404,-0.000262404,-0.45551512,-0.45551512,-2.01E-06,-2.93E-06,0.91055363,2.9137716,0.137685187
0.011776777,-0.000255783,-0.000255783,-0.45551535,-0.45551535,1.49E-06,2.41E-06,0.91055363,2.9137716,0.137711718
0.011786777,-0.000262404,-0.000262404,-0.45551512,-0.45551512,-2.01E-06,-2.93E-06,0.91055363,2.9137716,0.13773825
0.011796777,-0.000255783,-0.000255783,-0.45551535,-0.45551535,1.49E-06,2.41E-06,0.91055363,2.9137716,0.137764781
0.011806777,-0.000262404,-0.000262404,-0.45551512,-0.45551512,-2.01E-06,-2.93E-06,0.91055363,2.9137716,0.137791313
0.011816777,-0.000255783,-0.000255783,-0.45551535,-0.45551535,1.49E-06,2.41E-06,0.91055363,2.9137716,0.137817844
0.011826777,-0.000262404,-0.000262404,-0.45551512,-0.45551512,-2.01E-06,-2.93E-06,0.91055363,2.9137716,0.137844376
0.011836777,-0.000255783,-0.000255783,-0.45551535,-0.45551535,1.49E-06,2.41E-06,0.91055363,2.9137716,0.137870907
0.011846777,-0.000262404,-0.000262404,-0.45551512,-0.45551512,-2.01E-06,-2.93E-06,0.91055363,2.9137716,0.137897439
0.011856777,-0.000255783,-0.000255783,-0.45551535,-0.45551535,1.49E-06,2.41E-06,0.91055363,2.9137716,0.13792397
0.011866777,-0.000262404,-0.000262404,-0.45551512,-0.45551512,-2.01E-06,-2.93E-06,0.91055363,2.9137716,0.137950501
0.011876777,-0.000255783,-0.000255783,-0.45551535,-0.45551535,1.49E-06,2.41E-06,0.91055363,2.9137716,0.137977033
0.011886777,-0.000262404,-0.000262404,-0.45551512,-0.45551512,-2.01E-06,-2.93E-06,0.91055363,2.9137716,0.138003564
0.011896777,-0.000255783,-0.000255783,-0.45551535,-0.45551535,1.49E-06,2.41E-06,0.91055363,2.9137716,0.138030096
0.011906777,-0.000262404,-0.000262404,-0.45551512,-0.45551512,-2.01E-06,-2.93E-06,0.91055363,2.9137716,0.138056627
0.011916777,-0.000255783,-0.000255783,-0.45551535,-0.45551535,1.49E-06,2.41E-06,0.91055363,2.9137716,0.138083159
0.011926777,-0.000262404,-0.000262404,-0.45551512,-0.45551512,-2.01E-06,-2.93E-06,0.91055363,2.9137716,0.13810969
0.011936777,-0.000255783,-0.000255783,-0.45551535,-0.45551535,1.49E-06,2.41E-06,0.91055363,2.9137716,0.138136222
0.011946777,-0.000262404,-0.000262404,-0.45551512,-0.45551512,-2.01E-06,-2.93E-06,0.91055363,2.9137716,0.138162753
0.011956777,-0.000255783,-0.000255783,-0.45551535,-0.45551535,1.49E-06,2.41E-06,0.91055363,2.9137716,0.138189285
0.011966777,-0.000262404,-0.000262404,-0.45551512,-0.45551512,-2.01E-06,-2.93E-06,0.91055363,2.9137716,0.138215816
0.011976777,-0.000255783,-0.000255783,-0.45551535,-0.45551535,1.49E-06,2.41E-06,0.91055363,2.9137716,0.138242347
0.011986777,-0.000262404,-0.000262404,-0.45551512,-0.45551512,-2.01E-06,-2.93E-06,0.91055363,2.9137716,0.138268879
0.011996777,-0.000255783,-0.000255783,-0.45551535,-0.45551535,1.49E-06,2.41E-06,0.91055363,2.9137716,0.13829541
0.012006777,-0.000262404,-0.000262404,-0.45551512,-0.45551512,-2.01E-06,-2.93E-06,0.91055363,2.9137716,0.138321942
0.012016777,-0.000255783,-0.000255783,-0.45551535,-0.45551535,1.49E-06,2.41E-06,0.91055363,2.9137716,0.138348473
0.012026777,-0.000262404,-0.000262404,-0.45551512,-0.45551512,-2.01E-06,-2.93E-06,0.91055363,2.9137716,0.138375005
0.012036777,-0.000255783,-0.000255783,-0.45551535,-0.45551535,1.49E-06,2.41E-06,0.91055363,2.9137716,0.138401536
0.012046777,-0.000262404,-0.000262404,-0.45551512,-0.45551512,-2.01E-06,-2.93E-06,0.91055363,2.9137716,0.138428068
0.012056777,-0.000255783,-0.000255783,-0.45551535,-0.45551535,1.49E-06,2.41E-06,0.91055363,2.9137716,0.138454599
0.012066777,-0.000262404,-0.000262404,-0.45551512,-0.45551512,-2.01E-06,-2.93E-06,0.91055363,2.9137716,0.138481131
0.012076777,-0.000255782,-0.000255782,-0.45551535,-0.45551535,1.49E-06,2.41E-06,0.91055363,2.9137716,0.138507662
0.012086777,-0.000262404,-0.000262404,-0.45551512,-0.45551512,-2.01E-06,-2.93E-06,0.91055363,2.9137716,0.138534193
0.012096777,-0.000255782,-0.000255782,-0.45551535,-0.45551535,1.49E-06,2.41E-06,0.91055363,2.9137716,0.138560725
0.012106777,-0.000262404,-0.000262404,-0.45551512,-0.45551512,-2.01E-06,-2.93E-06,0.91055363,2.9137716,0.138587256
0.012116777,-0.000255782,-0.000255782,-0.45551535,-0.45551535,1.49E-06,2.41E-06,0.91055363,2.9137716,0.138613788
0.012126777,-0.000262404,-0.000262404,-0.45551512,-0.45551512,-2.01E-06,-2.93E-06,0.9105537,2.9137716,0.138640319
0.012136777,-0.000255782,-0.000255782,-0.45551535,-0.45551535,1.49E-06,2.41E-06,0.91055363,2.9137716,0.138666851
0.012146777,-0.000262404,-0.000262404,-0.45551512,-0.45551512,-2.01E-06,-2.93E-06,0.9105537,2.9137716,0.138693382
0.012156777,-0.000255782,-0.000255782,-0.45551535,-0.45551535,1.49E-06,2.41E-06,0.91055363,2.9137716,0.138719914
0.012166777,-0.000262404,-0.000262404,-0.45551512,-0.45551512,-2.01E-06,-2.93E-06,0.9105537,2.9137716,0.138746445
0.012176777,-0.000255782,-0.000255782,-0.45551535,-0.45551535,1.49E-06,2.41E-06,0.9105537,2.9137716,0.138772977
0.012186777,-0.000262404,-0.000262404,-0.45551512,-0.45551512,-2.01E-06,-2.93E-06,0.9105537,2.9137716,0.138799508
0.012196777,-0.000255782,-0.000255782,-0.45551535,-0.45551535,1.49E-06,2.41E-06,0.9105537,2.9137716,0.138826039
0.012206777,-0.000262404,-0.000262404,-0.45551512,-0.45551512,-2.01E-06,-2.93E-06,0.9105537,2.9137716,0.138852571
0.012216777,-0.000255782,-0.000255782,-0.45551535,-0.45551535,1.49E-06,2.41E-06,0.9105537,2.9137716,0.138879102
0.012226777,-0.000262404,-0.000262404,-0.45551512,-0.45551512,-2.01E-06,-2.93E-06,0.9105537,2.9137716,0.138905634
0.012236777,-0.000255782,-0.000255782,-0.45551535,-0.45551535,1.49E-06,2.41E-06,0.9105537,2.9137716,0.138932165
0.012246777,-0.000262404,-0.000262404,-0.45551512,-0.45551512,-2.01E-06,-2.93E-06,0.9105537,2.9137716,0.138958697
0.012256777,-0.000255782,-0.000255782,-0.45551535,-0.45551535,1.49E-06,2.41E-06,0.9105537,2.9137716,0.138985228
0.012266777,-0.000262404,-0.000262404,-0.45551512,-0.45551512,-2.01E-06,-2.93E-06,0.9105537,2.9137716,0.13901176
0.012276777,-0.000255782,-0.000255782,-0.45551535,-0.45551535,1.49E-06,2.41E-06,0.9105537,2.9137716,0.139038291
0.012286777,-0.000262404,-0.000262404,-0.45551512,-0.45551512,-2.01E-06,-2.93E-06,0.9105537,2.9137716,0.139064823
0.012296777,-0.000255782,-0.000255782,-0.45551535,-0.45551535,1.49E-06,2.41E-06,0.9105537,2.9137716,0.139091354
0.012306777,-0.000262404,-0.000262404,-0.45551512,-0.45551512,-2.01E-06,-2.93E-06,0.9105537,2.9137716,0.139117885
0.012316777,-0.000255782,-0.000255782,-0.45551535,-0.45551535,1.49E-06,2.41E-06,0.9105537,2.9137716,0.139144417
0.012326777,-0.000262404,-0.000262404,-0.45551512,-0.45551512,-2.01E-06,-2.93E-06,0.9105537,2.9137716,0.139170948
0.012336777,-0.000255782,-0.000255782,-0.45551535,-0.45551535,1.49E-06,2.41E-06,0.9105537,2.9137716,0.13919748
0.012346777,-0.000262404,-0.000262404,-0.45551512,-0.45551512,-2.01E-06,-2.93E-06,0.9105537,2.9137716,0.139224011
0.012356777,-0.000255782,-0.000255782,-0.45551535,-0.45551535,1.49E-06,2.41E-06,0.9105537,2.9137716,0.139250543
0.012366777,-0.000262404,-0.000262404,-0.45551512,-0.45551512,-2.01E-06,-2.93E-06,0.9105537,2.9137716,0.139277074
0.012376777,-0.000255782,-0.000255782,-0.45551535,-0.45551535,1.49E-06,2.41E-06,0.9105537,2.9137716,0.139303606
0.012386777,-0.000262404,-0.000262404,-0.45551512,-0.45551512,-2.01E-06,-2.93E-06,0.9105537,2.9137716,0.139330137
0.012396777,-0.000255782,-0.000255782,-0.45551535,-0.45551535,1.49E-06,2.41E-06,0.9105537,2.9137716,0.139356669
0.012406777,-0.000262404,-0.000262404,-0.45551512,-0.45551512,-2.01E-06,-2.93E-06,0.9105537,2.9137716,0.1393832
0.012416777,-0.000255782,-0.000255782,-0.45551535,-0.45551535,1.49E-06,2.41E-06,0.9105537,2.9137716,0.139409731
0.012426777,-0.000262404,-0.000262404,-0.45551512,-0.45551512,-2.01E-06,-2.93E-06,0.9105537,2.9137716,0.139436263
0.012436777,-0.000255782,-0.000255782,-0.45551535,-0.45551535,1.49E-06,2.41E-06,0.9105537,2.9137716,0.139462794
0.012446777,-0.000262404,-0.000262404,-0.45551512,-0.45551512,-2.01E-06,-2.93E-06,0.9105537,2.9137716,0.139489326
0.012456777,-0.000255782,-0.000255782,-0.45551535,-0.45551535,1.49E-06,2.41E-06,0.9105537,2.9137716,0.139515857
0.012466777,-0.000262404,-0.000262404,-0.45551512,-0.45551512,-2.01E-06,-2.93E-06,0.9105537,2.9137716,0.139542389
0.012476777,-0.000255782,-0.000255782,-0.45551535,-0.45551535,1.49E-06,2.41E-06,0.9105537,2.9137716,0.13956892
0.012486777,-0.000262404,-0.000262404,-0.45551512,-0.45551512,-2.01E-06,-2.93E-06,0.9105537,2.9137716,0.139595452
0.012496777,-0.000255782,-0.000255782,-0.45551535,-0.45551535,1.49E-06,2.41E-06,0.9105537,2.9137716,0.139621983
0.012506777,-0.000262404,-0.000262404,-0.45551512,-0.45551512,-2.01E-06,-2.93E-06,0.9105537,2.9137716,0.139648515
0.012516777,-0.000255782,-0.000255782,-0.45551535,-0.45551535,1.49E-06,2.41E-06,0.9105537,2.9137716,0.139675046
0.012526777,-0.000262404,-0.000262404,-0.45551512,-0.45551512,-2.01E-06,-2.93E-06,0.9105537,2.9137716,0.139701577
0.012536777,-0.000255782,-0.000255782,-0.45551535,-0.45551535,1.49E-06,2.41E-06,0.9105537,2.9137716,0.139728109
0.012546777,-0.000262404,-0.000262404,-0.45551512,-0.45551512,-2.01E-06,-2.93E-06,0.9105537,2.9137716,0.13975464
0.012556777,-0.000255782,-0.000255782,-0.45551535,-0.45551535,1.49E-06,2.41E-06,0.9105537,2.9137716,0.139781172
0.012566777,-0.000262404,-0.000262404,-0.45551512,-0.45551512,-2.01E-06,-2.93E-06,0.9105537,2.9137716,0.139807703
0.012576777,-0.000255782,-0.000255782,-0.45551535,-0.45551535,1.49E-06,2.41E-06,0.9105537,2.9137716,0.139834235
0.012586777,-0.000262404,-0.000262404,-0.45551512,-0.45551512,-2.01E-06,-2.93E-06,0.9105537,2.9137716,0.139860766
0.012596777,-0.000255782,-0.000255782,-0.45551535,-0.45551535,1.49E-06,2.41E-06,0.9105537,2.9137716,0.139887298
0.012606777,-0.000262403,-0.000262403,-0.45551512,-0.45551512,-2.01E-06,-2.93E-06,0.9105537,2.9137716,0.139913829
0.012616777,-0.000255782,-0.000255782,-0.45551535,-0.45551535,1.49E-06,2.41E-06,0.9105537,2.9137716,0.139940361
0.012626777,-0.000262403,-0.000262403,-0.45551512,-0.45551512,-2.01E-06,-2.93E-06,0.9105537,2.9137716,0.139966892
0.012636777,-0.000255782,-0.000255782,-0.45551535,-0.45551535,1.49E-06,2.41E-06,0.9105537,2.9137716,0.139993423
0.012646777,-0.000262403,-0.000262403,-0.45551512,-0.45551512,-2.01E-06,-2.93E-06,0.9105537,2.9137716,0.140019955
0.012656777,-0.000255782,-0.000255782,-0.45551535,-0.45551535,1.49E-06,2.41E-06,0.9105537,2.9137716,0.140046486
0.012666777,-0.000262403,-0.000262403,-0.45551512,-0.45551512,-2.01E-06,-2.93E-06,0.9105537,2.9137716,0.140073018
0.012676777,-0.000255782,-0.000255782,-0.45551535,-0.45551535,1.49E-06,2.41E-06,0.9105537,2.9137716,0.140099549
0.012686777,-0.000262403,-0.000262403,-0.45551512,-0.45551512,-2.01E-06,-2.93E-06,0.9105537,2.9137716,0.140126081
0.012696777,-0.000255782,-0.000255782,-0.45551535,-0.45551535,1.49E-06,2.41E-06,0.9105537,2.9137716,0.140152612
0.012706777,-0.000262403,-0.000262403,-0.45551512,-0.45551512,-2.01E-06,-2.93E-06,0.9105537,2.9137716,0.140179144
0.012716777,-0.000255782,-0.000255782,-0.45551535,-0.45551535,1.49E-06,2.41E-06,0.9105537,2.9137716,0.140205675
0.012726777,-0.000262403,-0.000262403,-0.45551512,-0.45551512,-2.01E-06,-2.93E-06,0.9105537,2.9137716,0.140232207
0.012736777,-0.000255782,-0.000255782,-0.45551535,-0.45551535,1.49E-06,2.41E-06,0.9105537,2.9137716,0.140258738
0.012746777,-0.000262403,-0.000262403,-0.45551512,-0.45551512,-2.01E-06,-2.93E-06,0.9105537,2.9137716,0.14028527
0.012756777,-0.000255782,-0.000255782,-0.45551535,-0.45551535,1.49E-06,2.41E-06,0.9105537,2.9137716,0.140311801
0.012766777,-0.000262403,-0.000262403,-0.45551512,-0.45551512,-2.01E-06,-2.93E-06,0.9105537,2.9137716,0.140338332
0.012776777,-0.000255782,-0.000255782,-0.45551535,-0.45551535,1.49E-06,2.41E-06,0.9105537,2.9137716,0.140364864
0.012786777,-0.000262403,-0.000262403,-0.45551512,-0.45551512,-2.01E-06,-2.93E-06,0.9105537,2.9137716,0.140391395
0.012796777,-0.000255782,-0.000255782,-0.45551535,-0.45551535,1.49E-06,2.41E-06,0.9105537,2.9137716,0.140417927
0.012806777,-0.000262403,-0.000262403,-0.45551512,-0.45551512,-2.01E-06,-2.93E-06,0.9105537,2.9137716,0.140444458
0.012816777,-0.000255782,-0.000255782,-0.45551535,-0.45551535,1.49E-06,2.41E-06,0.9105537,2.9137716,0.14047099
0.012826777,-0.000262403,-0.000262403,-0.45551512,-0.45551512,-2.01E-06,-2.93E-06,0.9105537,2.9137716,0.140497521
0.012836777,-0.000255782,-0.000255782,-0.45551535,-0.45551535,1.49E-06,2.41E-06,0.9105537,2.9137716,0.140524053
0.012846777,-0.000262403,-0.000262403,-0.45551512,-0.45551512,-2.01E-06,-2.93E-06,0.9105537,2.9137716,0.140550584
0.012856777,-0.000255782,-0.000255782,-0.45551535,-0.45551535,1.49E-06,2.41E-06,0.9105537,2.9137716,0.140577116
0.012866777,-0.000262403,-0.000262403,-0.45551512,-0.45551512,-2.01E-06,-2.93E-06,0.9105537,2.9137716,0.140603647
0.012876777,-0.000255782,-0.000255782,-0.45551535,-0.45551535,1.49E-06,2.41E-06,0.9105537,2.9137716,0.140630178
0.012886777,-0.000262403,-0.000262403,-0.45551512,-0.45551512,-2.01E-06,-2.93E-06,0.9105537,2.9137716,0.14065671
0.012896777,-0.000255782,-0.000255782,-0.45551535,-0.45551535,1.49E-06,2.41E-06,0.9105537,2.9137716,0.140683241
0.012906777,-0.000262403,-0.000262403,-0.45551512,-0.45551512,-2.01E-06,-2.93E-06,0.9105537,2.9137716,0.140709773
0.012916777,-0.000255782,-0.000255782,-0.45551535,-0.45551535,1.49E-06,2.41E-06,0.9105537,2.9137716,0.140736304
0.012926777,-0.000262403,-0.000262403,-0.45551512,-0.45551512,-2.01E-06,-2.93E-06,0.9105537,2.9137716,0.140762836
0.012936777,-0.000255782,-0.000255782,-0.45551535,-0.45551535,1.49E-06,2.41E-06,0.9105537,2.9137716,0.140789367
0.012946777,-0.000262403,-0.000262403,-0.45551512,-0.45551512,-2.01E-06,-2.93E-06,0.9105537,2.9137716,0.140815899
0.012956777,-0.000255782,-0.000255782,-0.45551535,-0.45551535,1.49E-06,2.41E-06,0.9105537,2.9137716,0.14084243
0.012966777,-0.000262403,-0.000262403,-0.45551512,-0.45551512,-2.01E-06,-2.93E-06,0.9105537,2.9137716,0.140868962
0.012976777,-0.000255782,-0.000255782,-0.45551535,-0.45551535,1.49E-06,2.41E-06,0.9105537,2.9137716,0.140895493
0.012986777,-0.000262403,-0.000262403,-0.45551512,-0.45551512,-2.01E-06,-2.93E-06,0.9105537,2.9137716,0.140922024
0.012996777,-0.000255782,-0.000255782,-0.45551535,-0.45551535,1.49E-06,2.41E-06,0.9105537,2.9137716,0.140948556
0.013006777,-0.000262403,-0.000262403,-0.45551512,-0.45551512,-2.01E-06,-2.93E-06,0.9105537,2.9137716,0.140975087
0.013016777,-0.000255782,-0.000255782,-0.45551535,-0.45551535,1.49E-06,2.41E-06,0.9105537,2.9137716,0.141001619
0.013026777,-0.000262403,-0.000262403,-0.45551512,-0.45551512,-2.01E-06,-2.93E-06,0.9105537,2.9137716,0.14102815
0.013036777,-0.000255782,-0.000255782,-0.45551535,-0.45551535,1.49E-06,2.41E-06,0.9105537,2.9137716,0.141054682
0.013046777,-0.000262403,-0.000262403,-0.45551512,-0.45551512,-2.01E-06,-2.93E-06,0.9105537,2.9137716,0.141081213
0.013056777,-0.000255782,-0.000255782,-0.45551535,-0.45551535,1.49E-06,2.41E-06,0.9105537,2.9137716,0.141107745
0.013066777,-0.000262403,-0.000262403,-0.45551512,-0.45551512,-2.01E-06,-2.93E-06,0.9105537,2.9137716,0.141134276
0.013076777,-0.000255782,-0.000255782,-0.45551535,-0.45551535,1.49E-06,2.41E-06,0.9105537,2.9137716,0.141160808
0.013086777,-0.000262403,-0.000262403,-0.45551512,-0.45551512,-2.01E-06,-2.93E-06,0.9105537,2.9137716,0.141187339
0.013096777,-0.000255782,-0.000255782,-0.45551538,-0.45551538,1.49E-06,2.41E-06,0.9105537,2.9137716,0.14121387
0.013106777,-0.000262403,-0.000262403,-0.45551512,-0.45551512,-2.01E-06,-2.93E-06,0.9105537,2.9137716,0.141240402
0.013116777,-0.000255782,-0.000255782,-0.45551538,-0.45551538,1.49E-06,2.41E-06,0.9105537,2.9137716,0.141266933
0.013126777,-0.000262403,-0.000262403,-0.45551512,-0.45551512,-2.01E-06,-2.93E-06,0.9105537,2.9137716,0.141293465
0.013136777,-0.000255782,-0.000255782,-0.45551538,-0.45551538,1.49E-06,2.41E-06,0.9105537,2.9137716,0.141319996
0.013146777,-0.000262403,-0.000262403,-0.45551512,-0.45551512,-2.01E-06,-2.93E-06,0.9105537,2.9137716,0.141346528
0.013156777,-0.000255782,-0.000255782,-0.45551538,-0.45551538,1.49E-06,2.41E-06,0.9105537,2.9137716,0.141373059
0.013166777,-0.000262403,-0.000262403,-0.45551512,-0.45551512,-2.01E-06,-2.93E-06,0.9105537,2.9137716,0.141399591
0.013176777,-0.000255782,-0.000255782,-0.45551538,-0.45551538,1.49E-06,2.41E-06,0.9105537,2.9137716,0.141426122
0.013186777,-0.000262403,-0.000262403,-0.45551512,-0.45551512,-2.01E-06,-2.93E-06,0.9105537,2.9137716,0.141452654
0.013196777,-0.000255782,-0.000255782,-0.45551538,-0.45551538,1.49E-06,2.41E-06,0.9105537,2.9137716,0.141479185
0.013206777,-0.000262403,-0.000262403,-0.45551512,-0.45551512,-2.01E-06,-2.93E-06,0.9105537,2.9137716,0.141505716
0.013216777,-0.000255782,-0.000255782,-0.45551538,-0.45551538,1.49E-06,2.41E-06,0.9105537,2.9137716,0.141532248
0.013226777,-0.000262403,-0.000262403,-0.45551512,-0.45551512,-2.01E-06,-2.93E-06,0.9105537,2.9137716,0.141558779
0.013236777,-0.000255782,-0.000255782,-0.45551538,-0.45551538,1.49E-06,2.41E-06,0.9105537,2.9137716,0.141585311
0.013246777,-0.000262403,-0.000262403,-0.45551512,-0.45551512,-2.01E-06,-2.93E-06,0.9105537,2.9137716,0.141611842
0.013256777,-0.000255782,-0.000255782,-0.45551538,-0.45551538,1.49E-06,2.41E-06,0.9105537,2.9137716,0.141638374
0.013266777,-0.000262403,-0.000262403,-0.45551512,-0.45551512,-2.01E-06,-2.93E-06,0.9105537,2.9137716,0.141664905
0.013276777,-0.000255782,-0.000255782,-0.45551538,-0.45551538,1.49E-06,2.41E-06,0.9105537,2.9137716,0.141691437
0.013286777,-0.000262403,-0.000262403,-0.45551512,-0.45551512,-2.01E-06,-2.93E-06,0.9105537,2.9137716,0.141717968
0.013296777,-0.000255782,-0.000255782,-0.45551538,-0.45551538,1.49E-06,2.41E-06,0.9105537,2.9137716,0.1417445
0.013306777,-0.000262403,-0.000262403,-0.45551512,-0.45551512,-2.01E-06,-2.93E-06,0.9105537,2.9137716,0.141771031
0.013316777,-0.000255782,-0.000255782,-0.45551538,-0.45551538,1.49E-06,2.41E-06,0.9105537,2.9137716,0.141797562
0.013326777,-0.000262403,-0.000262403,-0.45551512,-0.45551512,-2.01E-06,-2.93E-06,0.9105537,2.9137716,0.141824094
0.013336777,-0.000255782,-0.000255782,-0.45551538,-0.45551538,1.49E-06,2.41E-06,0.9105537,2.9137716,0.141850625
0.013346777,-0.000262403,-0.000262403,-0.45551512,-0.45551512,-2.01E-06,-2.93E-06,0.9105537,2.9137716,0.141877157
0.013356777,-0.000255782,-0.000255782,-0.45551538,-0.45551538,1.49E-06,2.41E-06,0.9105537,2.9137716,0.141903688
0.013366777,-0.000262403,-0.000262403,-0.45551512,-0.45551512,-2.01E-06,-2.93E-06,0.9105537,2.9137716,0.14193022
0.013376777,-0.000255782,-0.000255782,-0.45551538,-0.45551538,1.49E-06,2.41E-06,0.9105537,2.9137716,0.141956751
0.013386777,-0.000262403,-0.000262403,-0.45551512,-0.45551512,-2.01E-06,-2.93E-06,0.9105537,2.9137716,0.141983283
0.013396777,-0.000255782,-0.000255782,-0.45551538,-0.45551538,1.49E-06,2.41E-06,0.9105537,2.9137716,0.142009814
0.013406777,-0.000262403,-0.000262403,-0.45551512,-0.45551512,-2.01E-06,-2.93E-06,0.9105537,2.9137716,0.142036346
0.013416777,-0.000255782,-0.000255782,-0.45551538,-0.45551538,1.49E-06,2.41E-06,0.9105537,2.9137716,0.142062877
0.013426777,-0.000262403,-0.000262403,-0.45551512,-0.45551512,-2.01E-06,-2.93E-06,0.9105537,2.9137716,0.142089408
0.013436777,-0.000255782,-0.000255782,-0.45551538,-0.45551538,1.49E-06,2.41E-06,0.9105537,2.9137716,0.14211594
0.013446777,-0.000262403,-0.000262403,-0.45551512,-0.45551512,-2.01E-06,-2.93E-06,0.9105537,2.9137716,0.142142471
0.013456777,-0.000255782,-0.000255782,-0.45551538,-0.45551538,1.49E-06,2.41E-06,0.9105537,2.9137716,0.142169003
0.013466777,-0.000262403,-0.000262403,-0.45551512,-0.45551512,-2.01E-06,-2.93E-06,0.9105537,2.9137716,0.142195534
0.013476777,-0.000255782,-0.000255782,-0.45551538,-0.45551538,1.49E-06,2.41E-06,0.9105537,2.9137716,0.142222066
0.013486777,-0.000262403,-0.000262403,-0.45551512,-0.45551512,-2.01E-06,-2.93E-06,0.9105537,2.9137716,0.142248597
0.013496777,-0.000255782,-0.000255782,-0.45551538,-0.45551538,1.49E-06,2.41E-06,0.9105537,2.9137716,0.142275129
0.013506777,-0.000262403,-0.000262403,-0.45551512,-0.45551512,-2.01E-06,-2.93E-06,0.9105537,2.9137716,0.14230166
0.013516777,-0.000255782,-0.000255782,-0.45551538,-0.45551538,1.49E-06,2.41E-06,0.9105537,2.9137716,0.142328192
0.013526777,-0.000262403,-0.000262403,-0.45551512,-0.45551512,-2.01E-06,-2.93E-06,0.9105537,2.9137716,0.142354723
0.013536777,-0.000255782,-0.000255782,-0.45551538,-0.45551538,1.49E-06,2.41E-06,0.9105537,2.9137716,0.142381254
0.013546777,-0.000262403,-0.000262403,-0.45551512,-0.45551512,-2.01E-06,-2.93E-06,0.9105537,2.9137716,0.142407786
0.013556777,-0.000255782,-0.000255782,-0.45551538,-0.45551538,1.49E-06,2.41E-06,0.9105537,2.9137716,0.142434317
0.013566777,-0.000262403,-0.000262403,-0.45551512,-0.45551512,-2.01E-06,-2.93E-06,0.9105537,2.9137716,0.142460849
0.013576777,-0.000255782,-0.000255782,-0.45551538,-0.45551538,1.49E-06,2.41E-06,0.9105537,2.9137716,0.14248738
0.013586777,-0.000262403,-0.000262403,-0.45551512,-0.45551512,-2.01E-06,-2.93E-06,0.9105537,2.9137716,0.142513912
0.013596777,-0.000255782,-0.000255782,-0.45551538,-0.45551538,1.49E-06,2.41E-06,0.9105537,2.9137716,0.142540443
0.013606777,-0.000262403,-0.000262403,-0.45551512,-0.45551512,-2.01E-06,-2.93E-06,0.9105537,2.9137716,0.142566975
0.013616777,-0.000255782,-0.000255782,-0.45551538,-0.45551538,1.49E-06,2.41E-06,0.9105537,2.9137716,0.142593506
0.013626777,-0.000262403,-0.000262403,-0.45551512,-0.45551512,-2.01E-06,-2.93E-06,0.9105537,2.9137716,0.142620038
0.013636777,-0.000255782,-0.000255782,-0.45551538,-0.45551538,1.49E-06,2.41E-06,0.9105537,2.9137716,0.142646569
0.013646777,-0.000262403,-0.000262403,-0.45551512,-0.45551512,-2.01E-06,-2.93E-06,0.9105537,2.9137716,0.142673101
0.013656777,-0.000255782,-0.000255782,-0.45551538,-0.45551538,1.49E-06,2.41E-06,0.9105537,2.9137716,0.142699632
0.013666777,-0.000262403,-0.000262403,-0.45551512,-0.45551512,-2.01E-06,-2.93E-06,0.9105537,2.9137716,0.142726163
0.013676777,-0.000255782,-0.000255782,-0.45551538,-0.45551538,1.49E-06,2.41E-06,0.9105537,2.9137716,0.142752695
0.013686777,-0.000262403,-0.000262403,-0.45551512,-0.45551512,-2.01E-06,-2.93E-06,0.9105537,2.9137716,0.142779226
0.013696777,-0.000255782,-0.000255782,-0.45551538,-0.45551538,1.49E-06,2.41E-06,0.9105537,2.9137716,0.142805758
0.013706777,-0.000262403,-0.000262403,-0.45551512,-0.45551512,-2.01E-06,-2.93E-06,0.9105537,2.9137716,0.142832289
0.013716777,-0.000255782,-0.000255782,-0.45551538,-0.45551538,1.49E-06,2.41E-06,0.9105537,2.9137716,0.142858821
0.013726777,-0.000262403,-0.000262403,-0.45551512,-0.45551512,-2.01E-06,-2.93E-06,0.9105537,2.9137716,0.142885352
0.013736777,-0.000255782,-0.000255782,-0.45551538,-0.45551538,1.49E-06,2.41E-06,0.9105537,2.9137716,0.142911884
0.013746777,-0.000262403,-0.000262403,-0.45551512,-0.45551512,-2.01E-06,-2.93E-06,0.9105537,2.9137716,0.142938415
0.013756777,-0.000255782,-0.000255782,-0.45551538,-0.45551538,1.49E-06,2.41E-06,0.9105537,2.9137716,0.142964947
0.013766777,-0.000262403,-0.000262403,-0.45551512,-0.45551512,-2.01E-06,-2.93E-06,0.9105537,2.9137716,0.142991478
0.013776777,-0.000255782,-0.000255782,-0.45551538,-0.45551538,1.49E-06,2.41E-06,0.9105537,2.9137716,0.143018009
0.013786777,-0.000262403,-0.000262403,-0.45551512,-0.45551512,-2.01E-06,-2.93E-06,0.9105537,2.9137716,0.143044541
0.013796777,-0.000255782,-0.000255782,-0.45551538,-0.45551538,1.49E-06,2.41E-06,0.9105537,2.9137716,0.143071072
0.013806777,-0.000262403,-0.000262403,-0.45551512,-0.45551512,-2.01E-06,-2.93E-06,0.9105537,2.9137716,0.143097604
0.013816777,-0.000255782,-0.000255782,-0.45551538,-0.45551538,1.49E-06,2.41E-06,0.9105537,2.9137716,0.143124135
0.013826777,-0.000262403,-0.000262403,-0.45551512,-0.45551512,-2.01E-06,-2.93E-06,0.9105537,2.9137716,0.143150667
0.013836777,-0.000255782,-0.000255782,-0.45551538,-0.45551538,1.49E-06,2.41E-06,0.9105537,2.9137716,0.143177198
0.013846777,-0.000262403,-0.000262403,-0.45551512,-0.45551512,-2.01E-06,-2.93E-06,0.9105537,2.9137716,0.14320373
0.013856777,-0.000255782,-0.000255782,-0.45551538,-0.45551538,1.49E-06,2.41E-06,0.9105537,2.9137716,0.143230261
0.013866777,-0.000262403,-0.000262403,-0.45551512,-0.45551512,-2.01E-06,-2.93E-06,0.9105537,2.9137716,0.143256793
0.013876777,-0.000255782,-0.000255782,-0.45551538,-0.45551538,1.49E-06,2.41E-06,0.9105537,2.9137716,0.143283324
0.013886777,-0.000262403,-0.000262403,-0.45551512,-0.45551512,-2.01E-06,-2.93E-06,0.9105537,2.9137716,0.143309855
0.013896777,-0.000255782,-0.000255782,-0.45551538,-0.45551538,1.49E-06,2.41E-06,0.9105537,2.9137716,0.143336387
0.013906777,-0.000262403,-0.000262403,-0.45551512,-0.45551512,-2.01E-06,-2.93E-06,0.9105537,2.9137716,0.143362918
0.013916777,-0.000255782,-0.000255782,-0.45551538,-0.45551538,1.49E-06,2.41E-06,0.9105537,2.9137716,0.14338945
0.013926777,-0.000262403,-0.000262403,-0.45551512,-0.45551512,-2.01E-06,-2.93E-06,0.9105537,2.9137716,0.143415981
0.013936777,-0.000255782,-0.000255782,-0.45551538,-0.45551538,1.49E-06,2.41E-06,0.9105537,2.9137716,0.143442513
0.013946777,-0.000262403,-0.000262403,-0.45551512,-0.45551512,-2.01E-06,-2.93E-06,0.9105537,2.9137716,0.143469044
0.013956777,-0.000255782,-0.000255782,-0.45551538,-0.45551538,1.49E-06,2.41E-06,0.9105537,2.9137716,0.143495576
0.013966777,-0.000262403,-0.000262403,-0.45551512,-0.45551512,-2.01E-06,-2.93E-06,0.9105537,2.9137716,0.143522107
0.013976777,-0.000255782,-0.000255782,-0.45551538,-0.45551538,1.49E-06,2.41E-06,0.9105537,2.9137716,0.143548639
0.013986777,-0.000262403,-0.000262403,-0.45551512,-0.45551512,-2.01E-06,-2.93E-06,0.9105537,2.9137716,0.14357517
0.013996777,-0.000255782,-0.000255782,-0.45551538,-0.45551538,1.49E-06,2.41E-06,0.9105537,2.9137716,0.143601701
0.014006777,-0.000262403,-0.000262403,-0.45551512,-0.45551512,-2.01E-06,-2.93E-06,0.9105537,2.9137716,0.143628233
0.014016777,-0.000255782,-0.000255782,-0.45551538,-0.45551538,1.49E-06,2.41E-06,0.9105537,2.9137716,0.143654764
0.014026777,-0.000262403,-0.000262403,-0.45551512,-0.45551512,-2.01E-06,-2.93E-06,0.9105537,2.9137716,0.143681296
0.014036777,-0.000255782,-0.000255782,-0.45551538,-0.45551538,1.49E-06,2.41E-06,0.9105537,2.9137716,0.143707827
0.014046777,-0.000262403,-0.000262403,-0.45551512,-0.45551512,-2.01E-06,-2.93E-06,0.9105537,2.9137716,0.143734359
0.014056777,-0.000255782,-0.000255782,-0.45551538,-0.45551538,1.49E-06,2.41E-06,0.9105537,2.9137716,0.14376089
0.014066777,-0.000262403,-0.000262403,-0.45551512,-0.45551512,-2.01E-06,-2.93E-06,0.9105537,2.9137716,0.143787422
0.014076777,-0.000255782,-0.000255782,-0.45551538,-0.45551538,1.49E-06,2.41E-06,0.9105537,2.9137716,0.143813953
0.014086777,-0.000262403,-0.000262403,-0.45551512,-0.45551512,-2.01E-06,-2.93E-06,0.9105537,2.9137716,0.143840485
0.014096777,-0.000255782,-0.000255782,-0.45551538,-0.45551538,1.49E-06,2.41E-06,0.9105537,2.9137716,0.143867016
0.014106777,-0.000262403,-0.000262403,-0.45551512,-0.45551512,-2.01E-06,-2.93E-06,0.9105537,2.9137716,0.143893547
0.014116777,-0.000255782,-0.000255782,-0.45551538,-0.45551538,1.49E-06,2.41E-06,0.9105537,2.9137716,0.143920079
0.014126777,-0.000262403,-0.000262403,-0.45551512,-0.45551512,-2.01E-06,-2.93E-06,0.9105537,2.9137716,0.14394661
0.014136777,-0.000255782,-0.000255782,-0.45551538,-0.45551538,1.49E-06,2.41E-06,0.9105537,2.9137716,0.143973142
0.014146777,-0.000262403,-0.000262403,-0.45551512,-0.45551512,-2.01E-06,-2.93E-06,0.9105537,2.9137716,0.143999673
0.014156777,-0.000255782,-0.000255782,-0.45551538,-0.45551538,1.49E-06,2.41E-06,0.9105537,2.9137716,0.144026205
0.014166777,-0.000262403,-0.000262403,-0.45551512,-0.45551512,-2.01E-06,-2.93E-06,0.9105537,2.9137716,0.144052736
0.014176777,-0.000255782,-0.000255782,-0.45551538,-0.45551538,1.49E-06,2.41E-06,0.9105537,2.9137716,0.144079268
0.014186777,-0.000262403,-0.000262403,-0.45551512,-0.45551512,-2.01E-06,-2.93E-06,0.9105537,2.9137716,0.144105799
0.014196777,-0.000255782,-0.000255782,-0.45551538,-0.45551538,1.49E-06,2.41E-06,0.9105537,2.9137716,0.144132331
0.014206777,-0.000262403,-0.000262403,-0.45551512,-0.45551512,-2.01E-06,-2.93E-06,0.9105537,2.9137716,0.144158862
0.014216777,-0.000255782,-0.000255782,-0.45551538,-0.45551538,1.49E-06,2.41E-06,0.9105537,2.9137716,0.144185393
0.014226777,-0.000262403,-0.000262403,-0.45551512,-0.45551512,-2.01E-06,-2.93E-06,0.9105537,2.9137716,0.144211925
0.014236777,-0.000255782,-0.000255782,-0.45551538,-0.45551538,1.49E-06,2.41E-06,0.9105537,2.9137716,0.144238456
0.014246777,-0.000262403,-0.000262403,-0.45551512,-0.45551512,-2.01E-06,-2.93E-06,0.9105537,2.9137716,0.144264988
0.014256777,-0.000255782,-0.000255782,-0.45551538,-0.45551538,1.49E-06,2.41E-06,0.9105537,2.9137716,0.144291519
0.014266777,-0.000262403,-0.000262403,-0.45551512,-0.45551512,-2.01E-06,-2.93E-06,0.9105537,2.9137716,0.144318051
0.014276777,-0.000255782,-0.000255782,-0.45551538,-0.45551538,1.49E-06,2.41E-06,0.9105537,2.9137716,0.144344582
0.014286777,-0.000262403,-0.000262403,-0.45551512,-0.45551512,-2.01E-06,-2.93E-06,0.9105537,2.9137716,0.144371114
0.014296777,-0.000255782,-0.000255782,-0.45551538,-0.45551538,1.49E-06,2.41E-06,0.9105537,2.9137716,0.144397645
0.014306777,-0.000262403,-0.000262403,-0.45551512,-0.45551512,-2.01E-06,-2.93E-06,0.9105537,2.9137716,0.144424177
0.014316777,-0.000255782,-0.000255782,-0.45551538,-0.45551538,1.49E-06,2.41E-06,0.9105537,2.9137716,0.144450708
0.014326777,-0.000262403,-0.000262403,-0.45551512,-0.45551512,-2.01E-06,-2.93E-06,0.9105537,2.9137716,0.144477239
0.014336777,-0.000255782,-0.000255782,-0.45551538,-0.45551538,1.49E-06,2.41E-06,0.9105537,2.9137716,0.144503771
0.014346777,-0.000262403,-0.000262403,-0.45551512,-0.45551512,-2.01E-06,-2.93E-06,0.9105537,2.9137716,0.144530302
0.014356777,-0.000255782,-0.000255782,-0.45551538,-0.45551538,1.49E-06,2.41E-06,0.9105537,2.9137716,0.144556834
0.014366777,-0.000262403,-0.000262403,-0.45551512,-0.45551512,-2.01E-06,-2.93E-06,0.9105537,2.9137716,0.144583365
0.014376777,-0.000255782,-0.000255782,-0.45551538,-0.45551538,1.49E-06,2.41E-06,0.9105537,2.9137716,0.144609897
0.014386777,-0.000262403,-0.000262403,-0.45551512,-0.45551512,-2.01E-06,-2.93E-06,0.9105537,2.9137716,0.144636428
0.014396777,-0.000255782,-0.000255782,-0.45551538,-0.45551538,1.49E-06,2.41E-06,0.9105537,2.9137716,0.14466296
0.014406777,-0.000262403,-0.000262403,-0.45551512,-0.45551512,-2.01E-06,-2.93E-06,0.9105537,2.9137716,0.144689491
0.014416777,-0.000255782,-0.000255782,-0.45551538,-0.45551538,1.49E-06,2.41E-06,0.9105537,2.9137716,0.144716023
0.014426777,-0.000262403,-0.000262403,-0.45551512,-0.45551512,-2.01E-06,-2.93E-06,0.9105537,2.9137716,0.144742554
0.014436777,-0.000255782,-0.000255782,-0.45551538,-0.45551538,1.49E-06,2.41E-06,0.9105537,2.9137716,0.144769085
0.014446777,-0.000262403,-0.000262403,-0.45551512,-0.45551512,-2.01E-06,-2.93E-06,0.9105537,2.9137716,0.144795617
0.014456777,-0.000255782,-0.000255782,-0.45551538,-0.45551538,1.49E-06,2.41E-06,0.9105537,2.9137716,0.144822148
0.014466777,-0.000262403,-0.000262403,-0.45551512,-0.45551512,-2.01E-06,-2.93E-06,0.9105537,2.9137716,0.14484868
0.014476777,-0.000255782,-0.000255782,-0.45551538,-0.45551538,1.49E-06,2.41E-06,0.9105537,2.9137716,0.144875211
0.014486777,-0.000262403,-0.000262403,-0.45551512,-0.45551512,-2.01E-06,-2.93E-06,0.9105537,2.9137716,0.144901743
0.014496777,-0.000255782,-0.000255782,-0.45551538,-0.45551538,1.49E-06,2.41E-06,0.9105537,2.9137716,0.144928274
0.014506777,-0.000262403,-0.000262403,-0.45551512,-0.45551512,-2.01E-06,-2.93E-06,0.9105537,2.9137716,0.144954806
0.014516777,-0.000255782,-0.000255782,-0.45551538,-0.45551538,1.49E-06,2.41E-06,0.9105537,2.9137716,0.144981337
0.014526777,-0.000262403,-0.000262403,-0.45551512,-0.45551512,-2.01E-06,-2.93E-06,0.9105537,2.9137716,0.145007869
0.014536777,-0.000255782,-0.000255782,-0.45551538,-0.45551538,1.49E-06,2.41E-06,0.9105537,2.9137716,0.1450344
0.014546777,-0.000262403,-0.000262403,-0.45551512,-0.45551512,-2.01E-06,-2.93E-06,0.9105537,2.9137716,0.145060931
0.014556777,-0.000255782,-0.000255782,-0.45551538,-0.45551538,1.49E-06,2.41E-06,0.9105537,2.9137716,0.145087463
0.014566777,-0.000262403,-0.000262403,-0.45551512,-0.45551512,-2.01E-06,-2.93E-06,0.9105537,2.9137716,0.145113994
0.014576777,-0.000255782,-0.000255782,-0.45551538,-0.45551538,1.49E-06,2.41E-06,0.9105537,2.9137716,0.145140526
0.014586777,-0.000262403,-0.000262403,-0.45551512,-0.45551512,-2.01E-06,-2.93E-06,0.9105537,2.9137716,0.145167057
0.014596777,-0.000255782,-0.000255782,-0.45551538,-0.45551538,1.49E-06,2.41E-06,0.9105537,2.9137716,0.145193589
0.014606777,-0.000262403,-0.000262403,-0.45551512,-0.45551512,-2.01E-06,-2.93E-06,0.9105537,2.9137716,0.14522012
0.014616777,-0.000255782,-0.000255782,-0.45551538,-0.45551538,1.49E-06,2.41E-06,0.9105537,2.9137716,0.145246652
0.014626777,-0.000262403,-0.000262403,-0.45551512,-0.45551512,-2.01E-06,-2.93E-06,0.9105537,2.9137716,0.145273183
0.014636777,-0.000255782,-0.000255782,-0.45551538,-0.45551538,1.49E-06,2.41E-06,0.9105537,2.9137716,0.145299715
0.014646777,-0.000262403,-0.000262403,-0.45551512,-0.45551512,-2.01E-06,-2.93E-06,0.9105537,2.9137716,0.145326246
0.014656777,-0.000255782,-0.000255782,-0.45551538,-0.45551538,1.49E-06,2.41E-06,0.9105537,2.9137716,0.145352778
0.014666777,-0.000262403,-0.000262403,-0.45551512,-0.45551512,-2.01E-06,-2.93E-06,0.9105537,2.9137716,0.145379309
0.014676777,-0.000255782,-0.000255782,-0.45551538,-0.45551538,1.49E-06,2.41E-06,0.9105537,2.9137716,0.14540584
0.014686777,-0.000262403,-0.000262403,-0.45551512,-0.45551512,-2.01E-06,-2.93E-06,0.9105537,2.9137716,0.145432372
0.014696777,-0.000255782,-0.000255782,-0.45551538,-0.45551538,1.49E-06,2.41E-06,0.9105537,2.9137716,0.145458903
0.014706777,-0.000262403,-0.000262403,-0.45551512,-0.45551512,-2.01E-06,-2.93E-06,0.9105537,2.9137716,0.145485435
0.014716777,-0.000255782,-0.000255782,-0.45551538,-0.45551538,1.49E-06,2.41E-06,0.9105537,2.9137716,0.145511966
0.014726777,-0.000262403,-0.000262403,-0.45551512,-0.45551512,-2.01E-06,-2.93E-06,0.9105537,2.9137716,0.145538498
0.014736777,-0.000255782,-0.000255782,-0.45551538,-0.45551538,1.49E-06,2.41E-06,0.9105537,2.9137716,0.145565029
0.014746777,-0.000262403,-0.000262403,-0.45551512,-0.45551512,-2.01E-06,-2.93E-06,0.9105537,2.9137716,0.145591561
0.014756777,-0.000255782,-0.000255782,-0.45551538,-0.45551538,1.49E-06,2.41E-06,0.9105537,2.9137716,0.145618092
0.014766777,-0.000262403,-0.000262403,-0.45551512,-0.45551512,-2.01E-06,-2.93E-06,0.9105537,2.9137716,0.145644624
0.014776777,-0.000255782,-0.000255782,-0.45551538,-0.45551538,1.49E-06,2.41E-06,0.9105537,2.9137716,0.145671155
0.014786777,-0.000262403,-0.000262403,-0.45551512,-0.45551512,-2.01E-06,-2.93E-06,0.9105537,2.9137716,0.145697686
0.014796777,-0.000255782,-0.000255782,-0.45551538,-0.45551538,1.49E-06,2.41E-06,0.9105537,2.9137716,0.145724218
0.014806777,-0.000262403,-0.000262403,-0.45551512,-0.45551512,-2.01E-06,-2.93E-06,0.9105537,2.9137716,0.145750749
0.014816777,-0.000255782,-0.000255782,-0.45551538,-0.45551538,1.49E-06,2.41E-06,0.9105537,2.9137716,0.145777281
0.014826777,-0.000262403,-0.000262403,-0.45551512,-0.45551512,-2.01E-06,-2.93E-06,0.9105537,2.9137716,0.145803812
0.014836777,-0.000255782,-0.000255782,-0.45551538,-0.45551538,1.49E-06,2.41E-06,0.9105537,2.9137716,0.145830344
0.014846777,-0.000262403,-0.000262403,-0.45551512,-0.45551512,-2.01E-06,-2.93E-06,0.9105537,2.9137716,0.145856875
0.014856777,-0.000255782,-0.000255782,-0.45551538,-0.45551538,1.49E-06,2.41E-06,0.9105537,2.9137716,0.145883407
0.014866777,-0.000262403,-0.000262403,-0.45551512,-0.45551512,-2.01E-06,-2.93E-06,0.9105537,2.9137716,0.145909938
0.014876777,-0.000255782,-0.000255782,-0.45551538,-0.45551538,1.49E-06,2.41E-06,0.9105537,2.9137716,0.14593647
0.014886777,-0.000262403,-0.000262403,-0.45551512,-0.45551512,-2.01E-06,-2.93E-06,0.9105537,2.9137716,0.145963001
0.014896777,-0.000255782,-0.000255782,-0.45551538,-0.45551538,1.49E-06,2.41E-06,0.9105537,2.9137716,0.145989532
0.014906777,-0.000262403,-0.000262403,-0.45551512,-0.45551512,-2.01E-06,-2.93E-06,0.9105537,2.9137716,0.146016064
0.014916777,-0.000255782,-0.000255782,-0.45551538,-0.45551538,1.49E-06,2.41E-06,0.9105537,2.9137716,0.146042595
0.014926777,-0.000262403,-0.000262403,-0.45551512,-0.45551512,-2.01E-06,-2.93E-06,0.9105537,2.9137716,0.146069127
0.014936777,-0.000255782,-0.000255782,-0.45551538,-0.45551538,1.49E-06,2.41E-06,0.9105537,2.9137716,0.146095658
0.014946777,-0.000262403,-0.000262403,-0.45551512,-0.45551512,-2.01E-06,-2.93E-06,0.9105537,2.9137716,0.14612219
0.014956777,-0.000255782,-0.000255782,-0.45551538,-0.45551538,1.49E-06,2.41E-06,0.9105537,2.9137716,0.146148721
0.014966777,-0.000262403,-0.000262403,-0.45551512,-0.45551512,-2.01E-06,-2.93E-06,0.9105537,2.9137716,0.146175253
0.014976777,-0.000255782,-0.000255782,-0.45551538,-0.45551538,1.49E-06,2.41E-06,0.9105537,2.9137716,0.146201784
0.014986777,-0.000262403,-0.000262403,-0.45551512,-0.45551512,-2.01E-06,-2.93E-06,0.9105537,2.9137716,0.146228316
0.014996777,-0.000255782,-0.000255782,-0.45551538,-0.45551538,1.49E-06,2.41E-06,0.9105537,2.9137716,0.146254847
0.015006777,-0.000262403,-0.000262403,-0.45551512,-0.45551512,-2.01E-06,-2.93E-06,0.9105537,2.9137716,0.146281378
0.015016777,-0.000255782,-0.000255782,-0.45551538,-0.45551538,1.49E-06,2.41E-06,0.9105537,2.9137716,0.14630791
0.015026777,-0.000262403,-0.000262403,-0.45551512,-0.45551512,-2.01E-06,-2.93E-06,0.9105537,2.9137716,0.146334441
0.015036777,-0.000255782,-0.000255782,-0.45551538,-0.45551538,1.49E-06,2.41E-06,0.9105537,2.9137716,0.146360973
0.015046777,-0.000262403,-0.000262403,-0.45551512,-0.45551512,-2.01E-06,-2.93E-06,0.9105537,2.9137716,0.146387504
0.015056777,-0.000255782,-0.000255782,-0.45551538,-0.45551538,1.49E-06,2.41E-06,0.9105537,2.9137716,0.146414036
0.015066777,-0.000262403,-0.000262403,-0.45551512,-0.45551512,-2.01E-06,-2.93E-06,0.9105537,2.9137716,0.146440567
0.015076777,-0.000255782,-0.000255782,-0.45551538,-0.45551538,1.49E-06,2.41E-06,0.9105537,2.9137716,0.146467099
0.015086777,-0.000262403,-0.000262403,-0.45551512,-0.45551512,-2.01E-06,-2.93E-06,0.9105537,2.9137716,0.14649363
0.015096777,-0.000255782,-0.000255782,-0.45551538,-0.45551538,1.49E-06,2.41E-06,0.9105537,2.9137716,0.146520162
0.015106777,-0.000262403,-0.000262403,-0.45551512,-0.45551512,-2.01E-06,-2.93E-06,0.9105537,2.9137716,0.146546693
0.015116777,-0.000255782,-0.000255782,-0.45551538,-0.45551538,1.49E-06,2.41E-06,0.9105537,2.9137716,0.146573224
0.015126777,-0.000262403,-0.000262403,-0.45551512,-0.45551512,-2.01E-06,-2.93E-06,0.9105537,2.9137716,0.146599756
0.015136777,-0.000255782,-0.000255782,-0.45551538,-0.45551538,1.49E-06,2.41E-06,0.9105537,2.9137716,0.146626287
0.015146777,-0.000262403,-0.000262403,-0.45551512,-0.45551512,-2.01E-06,-2.93E-06,0.9105537,2.9137716,0.146652819
0.015156777,-0.000255782,-0.000255782,-0.45551538,-0.45551538,1.49E-06,2.41E-06,0.9105537,2.9137716,0.14667935
0.015166777,-0.000262403,-0.000262403,-0.45551512,-0.45551512,-2.01E-06,-2.93E-06,0.9105537,2.9137716,0.146705882
0.015176777,-0.000255782,-0.000255782,-0.45551538,-0.45551538,1.49E-06,2.41E-06,0.9105537,2.9137716,0.146732413
0.015186777,-0.000262403,-0.000262403,-0.45551512,-0.45551512,-2.01E-06,-2.93E-06,0.9105537,2.9137716,0.146758945
0.015196777,-0.000255782,-0.000255782,-0.45551538,-0.45551538,1.49E-06,2.41E-06,0.9105537,2.9137716,0.146785476
0.015206777,-0.000262403,-0.000262403,-0.45551512,-0.45551512,-2.01E-06,-2.93E-06,0.9105537,2.9137716,0.146812008
0.015216777,-0.000255782,-0.000255782,-0.45551538,-0.45551538,1.49E-06,2.41E-06,0.9105537,2.9137716,0.146838539
0.015226777,-0.000262403,-0.000262403,-0.45551512,-0.45551512,-2.01E-06,-2.93E-06,0.9105537,2.9137716,0.14686507
0.015236777,-0.000255782,-0.000255782,-0.45551538,-0.45551538,1.49E-06,2.41E-06,0.9105537,2.9137716,0.146891602
0.015246777,-0.000262403,-0.000262403,-0.45551512,-0.45551512,-2.01E-06,-2.93E-06,0.9105537,2.9137716,0.146918133
0.015256777,-0.000255782,-0.000255782,-0.45551538,-0.45551538,1.49E-06,2.41E-06,0.9105537,2.9137716,0.146944665
0.015266777,-0.000262403,-0.000262403,-0.45551512,-0.45551512,-2.01E-06,-2.93E-06,0.9105537,2.9137716,0.146971196
0.015276777,-0.000255782,-0.000255782,-0.45551538,-0.45551538,1.49E-06,2.41E-06,0.9105537,2.9137716,0.146997728
0.015286777,-0.000262403,-0.000262403,-0.45551512,-0.45551512,-2.01E-06,-2.93E-06,0.9105537,2.9137716,0.147024259
0.015296777,-0.000255782,-0.000255782,-0.45551538,-0.45551538,1.49E-06,2.41E-06,0.9105537,2.9137716,0.147050791
0.015306777,-0.000262403,-0.000262403,-0.45551512,-0.45551512,-2.01E-06,-2.93E-06,0.9105537,2.9137716,0.147077322
0.015316777,-0.000255782,-0.000255782,-0.45551538,-0.45551538,1.49E-06,2.41E-06,0.9105537,2.9137716,0.147103854
0.015326777,-0.000262403,-0.000262403,-0.45551512,-0.45551512,-2.01E-06,-2.93E-06,0.9105537,2.9137716,0.147130385
0.015336777,-0.000255782,-0.000255782,-0.45551538,-0.45551538,1.49E-06,2.41E-06,0.9105537,2.9137716,0.147156916
0.015346777,-0.000262403,-0.000262403,-0.45551512,-0.45551512,-2.01E-06,-2.93E-06,0.9105537,2.9137716,0.147183448
0.015356777,-0.000255782,-0.000255782,-0.45551538,-0.45551538,1.49E-06,2.41E-06,0.9105537,2.9137716,0.147209979
0.015366777,-0.000262403,-0.000262403,-0.45551512,-0.45551512,-2.01E-06,-2.93E-06,0.9105537,2.9137716,0.147236511
0.015376777,-0.000255782,-0.000255782,-0.45551538,-0.45551538,1.49E-06,2.41E-06,0.9105537,2.9137716,0.147263042
0.015386777,-0.000262403,-0.000262403,-0.45551512,-0.45551512,-2.01E-06,-2.93E-06,0.9105537,2.9137716,0.147289574
0.015396777,-0.000255782,-0.000255782,-0.45551538,-0.45551538,1.49E-06,2.41E-06,0.9105537,2.9137716,0.147316105
0.015406777,-0.000262403,-0.000262403,-0.45551512,-0.45551512,-2.01E-06,-2.93E-06,0.9105537,2.9137716,0.147342637
0.015416777,-0.000255782,-0.000255782,-0.45551538,-0.45551538,1.49E-06,2.41E-06,0.9105537,2.9137716,0.147369168
0.015426777,-0.000262403,-0.000262403,-0.45551512,-0.45551512,-2.01E-06,-2.93E-06,0.9105537,2.9137716,0.1473957
0.015436777,-0.000255782,-0.000255782,-0.45551538,-0.45551538,1.49E-06,2.41E-06,0.9105537,2.9137716,0.147422231
0.015446777,-0.000262403,-0.000262403,-0.45551512,-0.45551512,-2.01E-06,-2.93E-06,0.9105537,2.9137716,0.147448762
0.015456777,-0.000255782,-0.000255782,-0.45551538,-0.45551538,1.49E-06,2.41E-06,0.9105537,2.9137716,0.147475294
0.015466777,-0.000262403,-0.000262403,-0.45551512,-0.45551512,-2.01E-06,-2.93E-06,0.9105537,2.9137716,0.147501825
0.015476777,-0.000255782,-0.000255782,-0.45551538,-0.45551538,1.49E-06,2.41E-06,0.9105537,2.9137716,0.147528357
0.015486777,-0.000262403,-0.000262403,-0.45551512,-0.45551512,-2.01E-06,-2.93E-06,0.9105537,2.9137716,0.147554888
0.015496777,-0.000255782,-0.000255782,-0.45551538,-0.45551538,1.49E-06,2.41E-06,0.9105537,2.9137716,0.14758142
0.015506777,-0.000262403,-0.000262403,-0.45551512,-0.45551512,-2.01E-06,-2.93E-06,0.9105537,2.9137716,0.147607951
0.015516777,-0.000255782,-0.000255782,-0.45551538,-0.45551538,1.49E-06,2.41E-06,0.9105537,2.9137716,0.147634483
0.015526777,-0.000262403,-0.000262403,-0.45551512,-0.45551512,-2.01E-06,-2.93E-06,0.9105537,2.9137716,0.147661014
0.015536777,-0.000255782,-0.000255782,-0.45551538,-0.45551538,1.49E-06,2.41E-06,0.9105537,2.9137716,0.147687546
0.015546777,-0.000262403,-0.000262403,-0.45551512,-0.45551512,-2.01E-06,-2.93E-06,0.9105537,2.9137716,0.147714077
0.015556777,-0.000255782,-0.000255782,-0.45551538,-0.45551538,1.49E-06,2.41E-06,0.9105537,2.9137716,0.147740609
0.015566777,-0.000262403,-0.000262403,-0.45551512,-0.45551512,-2.01E-06,-2.93E-06,0.9105537,2.9137716,0.14776714
0.015576777,-0.000255782,-0.000255782,-0.45551538,-0.45551538,1.49E-06,2.41E-06,0.9105537,2.9137716,0.147793671
0.015586777,-0.000262403,-0.000262403,-0.45551512,-0.45551512,-2.01E-06,-2.93E-06,0.9105537,2.9137716,0.147820203
0.015596777,-0.000255782,-0.000255782,-0.45551538,-0.45551538,1.49E-06,2.41E-06,0.9105537,2.9137716,0.147846734
0.015606777,-0.000262403,-0.000262403,-0.45551512,-0.45551512,-2.01E-06,-2.93E-06,0.9105537,2.9137716,0.147873266
0.015616777,-0.000255782,-0.000255782,-0.45551538,-0.45551538,1.49E-06,2.41E-06,0.9105537,2.9137716,0.147899797
0.015626777,-0.000262403,-0.000262403,-0.45551512,-0.45551512,-2.01E-06,-2.93E-06,0.9105537,2.9137716,0.147926329
0.015636777,-0.000255782,-0.000255782,-0.45551538,-0.45551538,1.49E-06,2.41E-06,0.9105537,2.9137716,0.14795286
0.015646777,-0.000262403,-0.000262403,-0.45551512,-0.45551512,-2.01E-06,-2.93E-06,0.9105537,2.9137716,0.147979392
0.015656777,-0.000255782,-0.000255782,-0.45551538,-0.45551538,1.49E-06,2.41E-06,0.9105537,2.9137716,0.148005923
0.015666777,-0.000262403,-0.000262403,-0.45551512,-0.45551512,-2.01E-06,-2.93E-06,0.9105537,2.9137716,0.148032455
0.015676777,-0.000255782,-0.000255782,-0.45551538,-0.45551538,1.49E-06,2.41E-06,0.9105537,2.9137716,0.148058986
0.015686777,-0.000262403,-0.000262403,-0.45551512,-0.45551512,-2.01E-06,-2.93E-06,0.9105537,2.9137716,0.148085517
0.015696777,-0.000255782,-0.000255782,-0.45551538,-0.45551538,1.49E-06,2.41E-06,0.9105537,2.9137716,0.148112049
0.015706777,-0.000262403,-0.000262403,-0.45551512,-0.45551512,-2.01E-06,-2.93E-06,0.9105537,2.9137716,0.14813858
0.015716777,-0.000255782,-0.000255782,-0.45551538,-0.45551538,1.49E-06,2.41E-06,0.9105537,2.9137716,0.148165112
0.015726777,-0.000262403,-0.000262403,-0.45551512,-0.45551512,-2.01E-06,-2.93E-06,0.9105537,2.9137716,0.148191643
0.015736777,-0.000255782,-0.000255782,-0.45551538,-0.45551538,1.49E-06,2.41E-06,0.9105537,2.9137716,0.148218175
0.015746777,-0.000262403,-0.000262403,-0.45551512,-0.45551512,-2.01E-06,-2.93E-06,0.9105537,2.9137716,0.148244706
0.015756777,-0.000255782,-0.000255782,-0.45551538,-0.45551538,1.49E-06,2.41E-06,0.9105537,2.9137716,0.148271238
0.015766777,-0.000262403,-0.000262403,-0.45551512,-0.45551512,-2.01E-06,-2.93E-06,0.9105537,2.9137716,0.148297769
0.015776777,-0.000255782,-0.000255782,-0.45551538,-0.45551538,1.49E-06,2.41E-06,0.9105537,2.9137716,0.148324301
0.015786777,-0.000262403,-0.000262403,-0.45551512,-0.45551512,-2.01E-06,-2.93E-06,0.9105537,2.9137716,0.148350832
0.015796777,-0.000255782,-0.000255782,-0.45551538,-0.45551538,1.49E-06,2.41E-06,0.9105537,2.9137716,0.148377363
0.015806777,-0.000262403,-0.000262403,-0.45551512,-0.45551512,-2.01E-06,-2.93E-06,0.9105537,2.9137716,0.148403895
0.015816777,-0.000255782,-0.000255782,-0.45551538,-0.45551538,1.49E-06,2.41E-06,0.9105537,2.9137716,0.148430426
0.015826777,-0.000262403,-0.000262403,-0.45551512,-0.45551512,-2.01E-06,-2.93E-06,0.9105537,2.9137716,0.148456958
0.015836777,-0.000255782,-0.000255782,-0.45551538,-0.45551538,1.49E-06,2.41E-06,0.9105537,2.9137716,0.148483489
0.015846777,-0.000262403,-0.000262403,-0.45551512,-0.45551512,-2.01E-06,-2.93E-06,0.9105537,2.9137716,0.148510021
0.015856777,-0.000255782,-0.000255782,-0.45551538,-0.45551538,1.49E-06,2.41E-06,0.9105537,2.9137716,0.148536552
0.015866777,-0.000262403,-0.000262403,-0.45551512,-0.45551512,-2.01E-06,-2.93E-06,0.9105537,2.9137716,0.148563084
0.015876777,-0.000255782,-0.000255782,-0.45551538,-0.45551538,1.49E-06,2.41E-06,0.9105537,2.9137716,0.148589615
0.015886777,-0.000262403,-0.000262403,-0.45551512,-0.45551512,-2.01E-06,-2.93E-06,0.9105537,2.9137716,0.148616147
0.015896777,-0.000255782,-0.000255782,-0.45551538,-0.45551538,1.49E-06,2.41E-06,0.9105537,2.9137716,0.148642678
0.015906777,-0.000262403,-0.000262403,-0.45551512,-0.45551512,-2.01E-06,-2.93E-06,0.9105537,2.9137716,0.148669209
0.015916777,-0.000255782,-0.000255782,-0.45551538,-0.45551538,1.49E-06,2.41E-06,0.9105537,2.9137716,0.148695741
0.015926777,-0.000262403,-0.000262403,-0.45551512,-0.45551512,-2.01E-06,-2.93E-06,0.9105537,2.9137716,0.148722272
0.015936777,-0.000255782,-0.000255782,-0.45551538,-0.45551538,1.49E-06,2.41E-06,0.9105537,2.9137716,0.148748804
0.015946777,-0.000262403,-0.000262403,-0.45551512,-0.45551512,-2.01E-06,-2.93E-06,0.9105537,2.9137716,0.148775335
0.015956777,-0.000255782,-0.000255782,-0.45551538,-0.45551538,1.49E-06,2.41E-06,0.9105537,2.9137716,0.148801867
0.015966777,-0.000262403,-0.000262403,-0.45551512,-0.45551512,-2.01E-06,-2.93E-06,0.9105537,2.9137716,0.148828398
0.015976777,-0.000255782,-0.000255782,-0.45551538,-0.45551538,1.49E-06,2.41E-06,0.9105537,2.9137716,0.14885493
0.015986777,-0.000262403,-0.000262403,-0.45551512,-0.45551512,-2.01E-06,-2.93E-06,0.9105537,2.9137716,0.148881461
0.015996777,-0.000255782,-0.000255782,-0.45551538,-0.45551538,1.49E-06,2.41E-06,0.9105537,2.9137716,0.148907993
0.016006777,-0.000262403,-0.000262403,-0.45551512,-0.45551512,-2.01E-06,-2.93E-06,0.9105537,2.9137716,0.148934524
0.016016777,-0.000255782,-0.000255782,-0.45551538,-0.45551538,1.49E-06,2.41E-06,0.9105537,2.9137716,0.148961055
0.016026777,-0.000262403,-0.000262403,-0.45551512,-0.45551512,-2.01E-06,-2.93E-06,0.9105537,2.9137716,0.148987587
0.016036777,-0.000255782,-0.000255782,-0.45551538,-0.45551538,1.49E-06,2.41E-06,0.9105537,2.9137716,0.149014118
0.016046777,-0.000262403,-0.000262403,-0.45551512,-0.45551512,-2.01E-06,-2.93E-06,0.9105537,2.9137716,0.14904065
0.016056777,-0.000255782,-0.000255782,-0.45551538,-0.45551538,1.49E-06,2.41E-06,0.9105537,2.9137716,0.149067181
0.016066777,-0.000262403,-0.000262403,-0.45551512,-0.45551512,-2.01E-06,-2.93E-06,0.9105537,2.9137716,0.149093713
0.016076777,-0.000255782,-0.000255782,-0.45551538,-0.45551538,1.49E-06,2.41E-06,0.9105537,2.9137716,0.149120244
0.016086777,-0.000262403,-0.000262403,-0.45551512,-0.45551512,-2.01E-06,-2.93E-06,0.9105537,2.9137716,0.149146776
0.016096777,-0.000255782,-0.000255782,-0.45551538,-0.45551538,1.49E-06,2.41E-06,0.9105537,2.9137716,0.149173307
0.016106777,-0.000262403,-0.000262403,-0.45551512,-0.45551512,-2.01E-06,-2.93E-06,0.9105537,2.9137716,0.149199839
0.016116777,-0.000255782,-0.000255782,-0.45551538,-0.45551538,1.49E-06,2.41E-06,0.9105537,2.9137716,0.14922637
0.016126777,-0.000262403,-0.000262403,-0.45551512,-0.45551512,-2.01E-06,-2.93E-06,0.9105537,2.9137716,0.149252901
0.016136777,-0.000255782,-0.000255782,-0.45551538,-0.45551538,1.49E-06,2.41E-06,0.9105537,2.9137716,0.149279433
0.016146777,-0.000262403,-0.000262403,-0.45551512,-0.45551512,-2.01E-06,-2.93E-06,0.9105537,2.9137716,0.149305964
0.016156777,-0.000255782,-0.000255782,-0.45551538,-0.45551538,1.49E-06,2.41E-06,0.9105537,2.9137716,0.149332496
0.016166777,-0.000262403,-0.000262403,-0.45551512,-0.45551512,-2.01E-06,-2.93E-06,0.9105537,2.9137716,0.149359027
0.016176777,-0.000255782,-0.000255782,-0.45551538,-0.45551538,1.49E-06,2.41E-06,0.9105537,2.9137716,0.149385559
0.016186777,-0.000262403,-0.000262403,-0.45551512,-0.45551512,-2.01E-06,-2.93E-06,0.9105537,2.9137716,0.14941209
0.016196777,-0.000255782,-0.000255782,-0.45551538,-0.45551538,1.49E-06,2.41E-06,0.9105537,2.9137716,0.149438622
0.016206777,-0.000262403,-0.000262403,-0.45551512,-0.45551512,-2.01E-06,-2.93E-06,0.9105537,2.9137716,0.149465153
0.016216777,-0.000255782,-0.000255782,-0.45551538,-0.45551538,1.49E-06,2.41E-06,0.9105537,2.9137716,0.149491685
0.016226777,-0.000262403,-0.000262403,-0.45551512,-0.45551512,-2.01E-06,-2.93E-06,0.9105537,2.9137716,0.149518216
0.016236777,-0.000255782,-0.000255782,-0.45551538,-0.45551538,1.49E-06,2.41E-06,0.9105537,2.9137716,0.149544747
0.016246777,-0.000262403,-0.000262403,-0.45551512,-0.45551512,-2.01E-06,-2.93E-06,0.9105537,2.9137716,0.149571279
0.016256777,-0.000255782,-0.000255782,-0.45551538,-0.45551538,1.49E-06,2.41E-06,0.9105537,2.9137716,0.14959781
0.016266777,-0.000262403,-0.000262403,-0.45551512,-0.45551512,-2.01E-06,-2.93E-06,0.9105537,2.9137716,0.149624342
0.016276777,-0.000255782,-0.000255782,-0.45551538,-0.45551538,1.49E-06,2.41E-06,0.9105537,2.9137716,0.149650873
0.016286777,-0.000262403,-0.000262403,-0.45551512,-0.45551512,-2.01E-06,-2.93E-06,0.9105537,2.9137716,0.149677405
0.016296777,-0.000255782,-0.000255782,-0.45551538,-0.45551538,1.49E-06,2.41E-06,0.9105537,2.9137716,0.149703936
0.016306777,-0.000262403,-0.000262403,-0.45551512,-0.45551512,-2.01E-06,-2.93E-06,0.9105537,2.9137716,0.149730468
0.016316777,-0.000255782,-0.000255782,-0.45551538,-0.45551538,1.49E-06,2.41E-06,0.9105537,2.9137716,0.149756999
0.016326777,-0.000262403,-0.000262403,-0.45551512,-0.45551512,-2.01E-06,-2.93E-06,0.9105537,2.9137716,0.149783531
0.016336777,-0.000255782,-0.000255782,-0.45551538,-0.45551538,1.49E-06,2.41E-06,0.9105537,2.9137716,0.149810062
0.016346777,-0.000262403,-0.000262403,-0.45551512,-0.45551512,-2.01E-06,-2.93E-06,0.9105537,2.9137716,0.149836593
0.016356777,-0.000255782,-0.000255782,-0.45551538,-0.45551538,1.49E-06,2.41E-06,0.9105537,2.9137716,0.149863125
0.016366777,-0.000262403,-0.000262403,-0.45551512,-0.45551512,-2.01E-06,-2.93E-06,0.9105537,2.9137716,0.149889656
0.016376777,-0.000255782,-0.000255782,-0.45551538,-0.45551538,1.49E-06,2.41E-06,0.9105537,2.9137716,0.149916188
0.016386777,-0.000262403,-0.000262403,-0.45551512,-0.45551512,-2.01E-06,-2.93E-06,0.9105537,2.9137716,0.149942719
0.016396777,-0.000255782,-0.000255782,-0.45551538,-0.45551538,1.49E-06,2.41E-06,0.9105537,2.9137716,0.149969251
0.016406777,-0.000262403,-0.000262403,-0.45551512,-0.45551512,-2.01E-06,-2.93E-06,0.9105537,2.9137716,0.149995782
0.016416777,-0.000255782,-0.000255782,-0.45551538,-0.45551538,1.49E-06,2.41E-06,0.9105537,2.9137716,0.150022314
0.016426777,-0.000262403,-0.000262403,-0.45551512,-0.45551512,-2.01E-06,-2.93E-06,0.9105537,2.9137716,0.150048845
0.016436777,-0.000255782,-0.000255782,-0.45551538,-0.45551538,1.49E-06,2.41E-06,0.9105537,2.9137716,0.150075377
0.016446777,-0.000262403,-0.000262403,-0.45551512,-0.45551512,-2.01E-06,-2.93E-06,0.9105537,2.9137716,0.150101908
0.016456777,-0.000255782,-0.000255782,-0.45551538,-0.45551538,1.49E-06,2.41E-06,0.9105537,2.9137716,0.15012844
0.016466777,-0.000262403,-0.000262403,-0.45551512,-0.45551512,-2.01E-06,-2.93E-06,0.9105537,2.9137716,0.150154971
0.016476777,-0.000255782,-0.000255782,-0.45551538,-0.45551538,1.49E-06,2.41E-06,0.9105537,2.9137716,0.150181502
0.016486777,-0.000262403,-0.000262403,-0.45551512,-0.45551512,-2.01E-06,-2.93E-06,0.9105537,2.9137716,0.150208034
0.016496777,-0.000255782,-0.000255782,-0.45551538,-0.45551538,1.49E-06,2.41E-06,0.9105537,2.9137716,0.150234565
0.016506777,-0.000262403,-0.000262403,-0.45551512,-0.45551512,-2.01E-06,-2.93E-06,0.9105537,2.9137716,0.150261097
0.016516777,-0.000255782,-0.000255782,-0.45551538,-0.45551538,1.49E-06,2.41E-06,0.9105537,2.9137716,0.150287628
0.016526777,-0.000262403,-0.000262403,-0.45551512,-0.45551512,-2.01E-06,-2.93E-06,0.9105537,2.9137716,0.15031416
0.016536777,-0.000255782,-0.000255782,-0.45551538,-0.45551538,1.49E-06,2.41E-06,0.9105537,2.9137716,0.150340691
0.016546777,-0.000262403,-0.000262403,-0.45551512,-0.45551512,-2.01E-06,-2.93E-06,0.9105537,2.9137716,0.150367223
0.016556777,-0.000255782,-0.000255782,-0.45551538,-0.45551538,1.49E-06,2.41E-06,0.9105537,2.9137716,0.150393754
0.016566777,-0.000262403,-0.000262403,-0.45551512,-0.45551512,-2.01E-06,-2.93E-06,0.9105537,2.9137716,0.150420286
0.016576777,-0.000255782,-0.000255782,-0.45551538,-0.45551538,1.49E-06,2.41E-06,0.9105537,2.9137716,0.150446817
0.016586777,-0.000262403,-0.000262403,-0.45551512,-0.45551512,-2.01E-06,-2.93E-06,0.9105537,2.9137716,0.150473348
0.016596777,-0.000255782,-0.000255782,-0.45551538,-0.45551538,1.49E-06,2.41E-06,0.9105537,2.9137716,0.15049988
0.016606777,-0.000262403,-0.000262403,-0.45551512,-0.45551512,-2.01E-06,-2.93E-06,0.9105537,2.9137716,0.150526411
0.016616777,-0.000255782,-0.000255782,-0.45551538,-0.45551538,1.49E-06,2.41E-06,0.9105537,2.9137716,0.150552943
0.016626777,-0.000262403,-0.000262403,-0.45551512,-0.45551512,-2.01E-06,-2.93E-06,0.9105537,2.9137716,0.150579474
0.016636777,-0.000255782,-0.000255782,-0.45551538,-0.45551538,1.49E-06,2.41E-06,0.9105537,2.9137716,0.150606006
0.016646777,-0.000262403,-0.000262403,-0.45551512,-0.45551512,-2.01E-06,-2.93E-06,0.9105537,2.9137716,0.150632537
0.016656777,-0.000255782,-0.000255782,-0.45551538,-0.45551538,1.49E-06,2.41E-06,0.9105537,2.9137716,0.150659069
0.016666777,-0.000262403,-0.000262403,-0.45551512,-0.45551512,-2.01E-06,-2.93E-06,0.9105537,2.9137716,0.1506856
0.016676777,-0.000255782,-0.000255782,-0.45551538,-0.45551538,1.49E-06,2.41E-06,0.9105537,2.9137716,0.150712132
0.016686777,-0.000262403,-0.000262403,-0.45551512,-0.45551512,-2.01E-06,-2.93E-06,0.9105537,2.9137716,0.150738663
0.016696777,-0.000255782,-0.000255782,-0.45551538,-0.45551538,1.49E-06,2.41E-06,0.9105537,2.9137716,0.150765194
0.016706777,-0.000262403,-0.000262403,-0.45551512,-0.45551512,-2.01E-06,-2.93E-06,0.9105537,2.9137716,0.150791726
0.016716777,-0.000255782,-0.000255782,-0.45551538,-0.45551538,1.49E-06,2.41E-06,0.9105537,2.9137716,0.150818257
0.016726777,-0.000262403,-0.000262403,-0.45551512,-0.45551512,-2.01E-06,-2.93E-06,0.9105537,2.9137716,0.150844789
0.016736777,-0.000255782,-0.000255782,-0.45551538,-0.45551538,1.49E-06,2.41E-06,0.9105537,2.9137716,0.15087132
0.016746777,-0.000262403,-0.000262403,-0.45551512,-0.45551512,-2.01E-06,-2.93E-06,0.9105537,2.9137716,0.150897852
0.016756777,-0.000255782,-0.000255782,-0.45551538,-0.45551538,1.49E-06,2.41E-06,0.9105537,2.9137716,0.150924383
0.016766777,-0.000262403,-0.000262403,-0.45551512,-0.45551512,-2.01E-06,-2.93E-06,0.9105537,2.9137716,0.150950915
0.016776777,-0.000255782,-0.000255782,-0.45551538,-0.45551538,1.49E-06,2.41E-06,0.9105537,2.9137716,0.150977446
0.016786777,-0.000262403,-0.000262403,-0.45551512,-0.45551512,-2.01E-06,-2.93E-06,0.9105537,2.9137716,0.151003978
0.016796777,-0.000255782,-0.000255782,-0.45551538,-0.45551538,1.49E-06,2.41E-06,0.9105537,2.9137716,0.151030509
0.016806777,-0.000262403,-0.000262403,-0.45551512,-0.45551512,-2.01E-06,-2.93E-06,0.9105537,2.9137716,0.15105704
0.016816777,-0.000255782,-0.000255782,-0.45551538,-0.45551538,1.49E-06,2.41E-06,0.9105537,2.9137716,0.151083572
0.016826777,-0.000262403,-0.000262403,-0.45551512,-0.45551512,-2.01E-06,-2.93E-06,0.9105537,2.9137716,0.151110103
0.016836777,-0.000255782,-0.000255782,-0.45551538,-0.45551538,1.49E-06,2.41E-06,0.9105537,2.9137716,0.151136635
0.016846777,-0.000262403,-0.000262403,-0.45551512,-0.45551512,-2.01E-06,-2.93E-06,0.9105537,2.9137716,0.151163166
0.016856777,-0.000255782,-0.000255782,-0.45551538,-0.45551538,1.49E-06,2.41E-06,0.9105537,2.9137716,0.151189698
0.016866777,-0.000262403,-0.000262403,-0.45551512,-0.45551512,-2.01E-06,-2.93E-06,0.9105537,2.9137716,0.151216229
0.016876777,-0.000255782,-0.000255782,-0.45551538,-0.45551538,1.49E-06,2.41E-06,0.9105537,2.9137716,0.151242761
0.016886777,-0.000262403,-0.000262403,-0.45551512,-0.45551512,-2.01E-06,-2.93E-06,0.9105537,2.9137716,0.151269292
0.016896777,-0.000255782,-0.000255782,-0.45551538,-0.45551538,1.49E-06,2.41E-06,0.9105537,2.9137716,0.151295824
0.016906777,-0.000262403,-0.000262403,-0.45551512,-0.45551512,-2.01E-06,-2.93E-06,0.9105537,2.9137716,0.151322355
0.016916777,-0.000255782,-0.000255782,-0.45551538,-0.45551538,1.49E-06,2.41E-06,0.9105537,2.9137716,0.151348886
0.016926777,-0.000262403,-0.000262403,-0.45551512,-0.45551512,-2.01E-06,-2.93E-06,0.9105537,2.9137716,0.151375418
0.016936777,-0.000255782,-0.000255782,-0.45551538,-0.45551538,1.49E-06,2.41E-06,0.9105537,2.9137716,0.151401949
0.016946777,-0.000262403,-0.000262403,-0.45551512,-0.45551512,-2.01E-06,-2.93E-06,0.9105537,2.9137716,0.151428481
0.016956777,-0.000255782,-0.000255782,-0.45551538,-0.45551538,1.49E-06,2.41E-06,0.9105537,2.9137716,0.151455012
0.016966777,-0.000262403,-0.000262403,-0.45551512,-0.45551512,-2.01E-06,-2.93E-06,0.9105537,2.9137716,0.151481544
0.016976777,-0.000255782,-0.000255782,-0.45551538,-0.45551538,1.49E-06,2.41E-06,0.9105537,2.9137716,0.151508075
0.016986777,-0.000262403,-0.000262403,-0.45551512,-0.45551512,-2.01E-06,-2.93E-06,0.9105537,2.9137716,0.151534607
0.016996777,-0.000255782,-0.000255782,-0.45551538,-0.45551538,1.49E-06,2.41E-06,0.9105537,2.9137716,0.151561138
0.017006777,-0.000262403,-0.000262403,-0.45551512,-0.45551512,-2.01E-06,-2.93E-06,0.9105537,2.9137716,0.15158767
0.017016777,-0.000255782,-0.000255782,-0.45551538,-0.45551538,1.49E-06,2.41E-06,0.9105537,2.9137716,0.151614201
0.017026777,-0.000262403,-0.000262403,-0.45551512,-0.45551512,-2.01E-06,-2.93E-06,0.9105537,2.9137716,0.151640732
0.017036777,-0.000255782,-0.000255782,-0.45551538,-0.45551538,1.49E-06,2.41E-06,0.9105537,2.9137716,0.151667264
0.017046777,-0.000262403,-0.000262403,-0.45551512,-0.45551512,-2.01E-06,-2.93E-06,0.9105537,2.9137716,0.151693795
0.017056777,-0.000255782,-0.000255782,-0.45551538,-0.45551538,1.49E-06,2.41E-06,0.9105537,2.9137716,0.151720327
0.017066777,-0.000262403,-0.000262403,-0.45551512,-0.45551512,-2.01E-06,-2.93E-06,0.9105537,2.9137716,0.151746858
0.017076777,-0.000255782,-0.000255782,-0.45551538,-0.45551538,1.49E-06,2.41E-06,0.9105537,2.9137716,0.15177339
0.017086777,-0.000262403,-0.000262403,-0.45551512,-0.45551512,-2.01E-06,-2.93E-06,0.9105537,2.9137716,0.151799921
0.017096777,-0.000255782,-0.000255782,-0.45551538,-0.45551538,1.49E-06,2.41E-06,0.9105537,2.9137716,0.151826453
0.017106777,-0.000262403,-0.000262403,-0.45551512,-0.45551512,-2.01E-06,-2.93E-06,0.9105537,2.9137716,0.151852984
0.017116777,-0.000255782,-0.000255782,-0.45551538,-0.45551538,1.49E-06,2.41E-06,0.9105537,2.9137716,0.151879516
0.017126777,-0.000262403,-0.000262403,-0.45551512,-0.45551512,-2.01E-06,-2.93E-06,0.9105537,2.9137716,0.151906047
0.017136777,-0.000255782,-0.000255782,-0.45551538,-0.45551538,1.49E-06,2.41E-06,0.9105537,2.9137716,0.151932578
0.017146777,-0.000262403,-0.000262403,-0.45551512,-0.45551512,-2.01E-06,-2.93E-06,0.9105537,2.9137716,0.15195911
0.017156777,-0.000255782,-0.000255782,-0.45551538,-0.45551538,1.49E-06,2.41E-06,0.9105537,2.9137716,0.151985641
0.017166777,-0.000262403,-0.000262403,-0.45551512,-0.45551512,-2.01E-06,-2.93E-06,0.9105537,2.9137716,0.152012173
0.017176777,-0.000255782,-0.000255782,-0.45551538,-0.45551538,1.49E-06,2.41E-06,0.9105537,2.9137716,0.152038704
0.017186777,-0.000262403,-0.000262403,-0.45551512,-0.45551512,-2.01E-06,-2.93E-06,0.9105537,2.9137716,0.152065236
0.017196777,-0.000255782,-0.000255782,-0.45551538,-0.45551538,1.49E-06,2.41E-06,0.9105537,2.9137716,0.152091767
0.017206777,-0.000262403,-0.000262403,-0.45551512,-0.45551512,-2.01E-06,-2.93E-06,0.9105537,2.9137716,0.152118299
0.017216777,-0.000255782,-0.000255782,-0.45551538,-0.45551538,1.49E-06,2.41E-06,0.9105537,2.9137716,0.15214483
0.017226777,-0.000262403,-0.000262403,-0.45551512,-0.45551512,-2.01E-06,-2.93E-06,0.9105537,2.9137716,0.152171362
0.017236777,-0.000255782,-0.000255782,-0.45551538,-0.45551538,1.49E-06,2.41E-06,0.9105537,2.9137716,0.152197893
0.017246777,-0.000262403,-0.000262403,-0.45551512,-0.45551512,-2.01E-06,-2.93E-06,0.9105537,2.9137716,0.152224424
0.017256777,-0.000255782,-0.000255782,-0.45551538,-0.45551538,1.49E-06,2.41E-06,0.9105537,2.9137716,0.152250956
0.017266777,-0.000262403,-0.000262403,-0.45551512,-0.45551512,-2.01E-06,-2.93E-06,0.9105537,2.9137716,0.152277487
0.017276777,-0.000255782,-0.000255782,-0.45551538,-0.45551538,1.49E-06,2.41E-06,0.9105537,2.9137716,0.152304019
0.017286777,-0.000262403,-0.000262403,-0.45551512,-0.45551512,-2.01E-06,-2.93E-06,0.9105537,2.9137716,0.15233055
0.017296777,-0.000255782,-0.000255782,-0.45551538,-0.45551538,1.49E-06,2.41E-06,0.9105537,2.9137716,0.152357082
0.017306777,-0.000262403,-0.000262403,-0.45551512,-0.45551512,-2.01E-06,-2.93E-06,0.9105537,2.9137716,0.152383613
0.017316777,-0.000255782,-0.000255782,-0.45551538,-0.45551538,1.49E-06,2.41E-06,0.9105537,2.9137716,0.152410145
0.017326777,-0.000262403,-0.000262403,-0.45551512,-0.45551512,-2.01E-06,-2.93E-06,0.9105537,2.9137716,0.152436676
0.017336777,-0.000255782,-0.000255782,-0.45551538,-0.45551538,1.49E-06,2.41E-06,0.9105537,2.9137716,0.152463208
0.017346777,-0.000262403,-0.000262403,-0.45551512,-0.45551512,-2.01E-06,-2.93E-06,0.9105537,2.9137716,0.152489739
0.017356777,-0.000255782,-0.000255782,-0.45551538,-0.45551538,1.49E-06,2.41E-06,0.9105537,2.9137716,0.15251627
0.017366777,-0.000262403,-0.000262403,-0.45551512,-0.45551512,-2.01E-06,-2.93E-06,0.9105537,2.9137716,0.152542802
0.017376777,-0.000255782,-0.000255782,-0.45551538,-0.45551538,1.49E-06,2.41E-06,0.9105537,2.9137716,0.152569333
0.017386777,-0.000262403,-0.000262403,-0.45551512,-0.45551512,-2.01E-06,-2.93E-06,0.9105537,2.9137716,0.152595865
0.017396777,-0.000255782,-0.000255782,-0.45551538,-0.45551538,1.49E-06,2.41E-06,0.9105537,2.9137716,0.152622396
0.017406777,-0.000262403,-0.000262403,-0.45551512,-0.45551512,-2.01E-06,-2.93E-06,0.9105537,2.9137716,0.152648928
0.017416777,-0.000255782,-0.000255782,-0.45551538,-0.45551538,1.49E-06,2.41E-06,0.9105537,2.9137716,0.152675459
0.017426777,-0.000262403,-0.000262403,-0.45551512,-0.45551512,-2.01E-06,-2.93E-06,0.9105537,2.9137716,0.152701991
0.017436777,-0.000255782,-0.000255782,-0.45551538,-0.45551538,1.49E-06,2.41E-06,0.9105537,2.9137716,0.152728522
0.017446777,-0.000262403,-0.000262403,-0.45551512,-0.45551512,-2.01E-06,-2.93E-06,0.9105537,2.9137716,0.152755054
0.017456777,-0.000255782,-0.000255782,-0.45551538,-0.45551538,1.49E-06,2.41E-06,0.9105537,2.9137716,0.152781585
0.017466777,-0.000262403,-0.000262403,-0.45551512,-0.45551512,-2.01E-06,-2.93E-06,0.9105537,2.9137716,0.152808117
0.017476777,-0.000255782,-0.000255782,-0.45551538,-0.45551538,1.49E-06,2.41E-06,0.9105537,2.9137716,0.152834648
0.017486777,-0.000262403,-0.000262403,-0.45551512,-0.45551512,-2.01E-06,-2.93E-06,0.9105537,2.9137716,0.152861179
0.017496777,-0.000255782,-0.000255782,-0.45551538,-0.45551538,1.49E-06,2.41E-06,0.9105537,2.9137716,0.152887711
0.017506777,-0.000262403,-0.000262403,-0.45551512,-0.45551512,-2.01E-06,-2.93E-06,0.9105537,2.9137716,0.152914242
0.017516777,-0.000255782,-0.000255782,-0.45551538,-0.45551538,1.49E-06,2.41E-06,0.9105537,2.9137716,0.152940774
0.017526777,-0.000262403,-0.000262403,-0.45551512,-0.45551512,-2.01E-06,-2.93E-06,0.9105537,2.9137716,0.152967305
0.017536777,-0.000255782,-0.000255782,-0.45551538,-0.45551538,1.49E-06,2.41E-06,0.9105537,2.9137716,0.152993837
0.017546777,-0.000262403,-0.000262403,-0.45551512,-0.45551512,-2.01E-06,-2.93E-06,0.9105537,2.9137716,0.153020368
0.017556777,-0.000255782,-0.000255782,-0.45551538,-0.45551538,1.49E-06,2.41E-06,0.9105537,2.9137716,0.1530469
0.017566777,-0.000262403,-0.000262403,-0.45551512,-0.45551512,-2.01E-06,-2.93E-06,0.9105537,2.9137716,0.153073431
0.017576777,-0.000255782,-0.000255782,-0.45551538,-0.45551538,1.49E-06,2.41E-06,0.9105537,2.9137716,0.153099963
0.017586777,-0.000262403,-0.000262403,-0.45551512,-0.45551512,-2.01E-06,-2.93E-06,0.9105537,2.9137716,0.153126494
0.017596777,-0.000255782,-0.000255782,-0.45551538,-0.45551538,1.49E-06,2.41E-06,0.9105537,2.9137716,0.153153025
0.017606777,-0.000262403,-0.000262403,-0.45551512,-0.45551512,-2.01E-06,-2.93E-06,0.9105537,2.9137716,0.153179557
0.017616777,-0.000255782,-0.000255782,-0.45551538,-0.45551538,1.49E-06,2.41E-06,0.9105537,2.9137716,0.153206088
0.017626777,-0.000262403,-0.000262403,-0.45551512,-0.45551512,-2.01E-06,-2.93E-06,0.9105537,2.9137716,0.15323262
0.017636777,-0.000255782,-0.000255782,-0.45551538,-0.45551538,1.49E-06,2.41E-06,0.9105537,2.9137716,0.153259151
0.017646777,-0.000262403,-0.000262403,-0.45551512,-0.45551512,-2.01E-06,-2.93E-06,0.9105537,2.9137716,0.153285683
0.017656777,-0.000255782,-0.000255782,-0.45551538,-0.45551538,1.49E-06,2.41E-06,0.9105537,2.9137716,0.153312214
0.017666777,-0.000262403,-0.000262403,-0.45551512,-0.45551512,-2.01E-06,-2.93E-06,0.9105537,2.9137716,0.153338746
0.017676777,-0.000255782,-0.000255782,-0.45551538,-0.45551538,1.49E-06,2.41E-06,0.9105537,2.9137716,0.153365277
0.017686777,-0.000262403,-0.000262403,-0.45551512,-0.45551512,-2.01E-06,-2.93E-06,0.9105537,2.9137716,0.153391809
0.017696777,-0.000255782,-0.000255782,-0.45551538,-0.45551538,1.49E-06,2.41E-06,0.9105537,2.9137716,0.15341834
0.017706777,-0.000262403,-0.000262403,-0.45551512,-0.45551512,-2.01E-06,-2.93E-06,0.9105537,2.9137716,0.153444871
0.017716777,-0.000255782,-0.000255782,-0.45551538,-0.45551538,1.49E-06,2.41E-06,0.9105537,2.9137716,0.153471403
0.017726777,-0.000262403,-0.000262403,-0.45551512,-0.45551512,-2.01E-06,-2.93E-06,0.9105537,2.9137716,0.153497934
0.017736777,-0.000255782,-0.000255782,-0.45551538,-0.45551538,1.49E-06,2.41E-06,0.9105537,2.9137716,0.153524466
0.017746777,-0.000262403,-0.000262403,-0.45551512,-0.45551512,-2.01E-06,-2.93E-06,0.9105537,2.9137716,0.153550997
0.017756777,-0.000255782,-0.000255782,-0.45551538,-0.45551538,1.49E-06,2.41E-06,0.9105537,2.9137716,0.153577529
0.017766777,-0.000262403,-0.000262403,-0.45551512,-0.45551512,-2.01E-06,-2.93E-06,0.9105537,2.9137716,0.15360406
0.017776777,-0.000255782,-0.000255782,-0.45551538,-0.45551538,1.49E-06,2.41E-06,0.9105537,2.9137716,0.153630592
0.017786777,-0.000262403,-0.000262403,-0.45551512,-0.45551512,-2.01E-06,-2.93E-06,0.9105537,2.9137716,0.153657123
0.017796777,-0.000255782,-0.000255782,-0.45551538,-0.45551538,1.49E-06,2.41E-06,0.9105537,2.9137716,0.153683655
0.017806777,-0.000262403,-0.000262403,-0.45551512,-0.45551512,-2.01E-06,-2.93E-06,0.9105537,2.9137716,0.153710186
0.017816777,-0.000255782,-0.000255782,-0.45551538,-0.45551538,1.49E-06,2.41E-06,0.9105537,2.9137716,0.153736717
0.017826777,-0.000262403,-0.000262403,-0.45551512,-0.45551512,-2.01E-06,-2.93E-06,0.9105537,2.9137716,0.153763249
0.017836777,-0.000255782,-0.000255782,-0.45551538,-0.45551538,1.49E-06,2.41E-06,0.9105537,2.9137716,0.15378978
0.017846777,-0.000262403,-0.000262403,-0.45551512,-0.45551512,-2.01E-06,-2.93E-06,0.9105537,2.9137716,0.153816312
0.017856777,-0.000255782,-0.000255782,-0.45551538,-0.45551538,1.49E-06,2.41E-06,0.9105537,2.9137716,0.153842843
0.017866777,-0.000262403,-0.000262403,-0.45551512,-0.45551512,-2.01E-06,-2.93E-06,0.9105537,2.9137716,0.153869375
0.017876777,-0.000255782,-0.000255782,-0.45551538,-0.45551538,1.49E-06,2.41E-06,0.9105537,2.9137716,0.153895906
0.017886777,-0.000262403,-0.000262403,-0.45551512,-0.45551512,-2.01E-06,-2.93E-06,0.9105537,2.9137716,0.153922438
0.017896777,-0.000255782,-0.000255782,-0.45551538,-0.45551538,1.49E-06,2.41E-06,0.9105537,2.9137716,0.153948969
0.017906777,-0.000262403,-0.000262403,-0.45551512,-0.45551512,-2.01E-06,-2.93E-06,0.9105537,2.9137716,0.153975501
0.017916777,-0.000255782,-0.000255782,-0.45551538,-0.45551538,1.49E-06,2.41E-06,0.9105537,2.9137716,0.154002032
0.017926777,-0.000262403,-0.000262403,-0.45551512,-0.45551512,-2.01E-06,-2.93E-06,0.9105537,2.9137716,0.154028563
0.017936777,-0.000255782,-0.000255782,-0.45551538,-0.45551538,1.49E-06,2.41E-06,0.9105537,2.9137716,0.154055095
0.017946777,-0.000262403,-0.000262403,-0.45551512,-0.45551512,-2.01E-06,-2.93E-06,0.9105537,2.9137716,0.154081626
0.017956777,-0.000255782,-0.000255782,-0.45551538,-0.45551538,1.49E-06,2.41E-06,0.9105537,2.9137716,0.154108158
0.017966777,-0.000262403,-0.000262403,-0.45551512,-0.45551512,-2.01E-06,-2.93E-06,0.9105537,2.9137716,0.154134689
0.017976777,-0.000255782,-0.000255782,-0.45551538,-0.45551538,1.49E-06,2.41E-06,0.9105537,2.9137716,0.154161221
0.017986777,-0.000262403,-0.000262403,-0.45551512,-0.45551512,-2.01E-06,-2.93E-06,0.9105537,2.9137716,0.154187752
0.017996777,-0.000255782,-0.000255782,-0.45551538,-0.45551538,1.49E-06,2.41E-06,0.9105537,2.9137716,0.154214284
0.018006777,-0.000262403,-0.000262403,-0.45551512,-0.45551512,-2.01E-06,-2.93E-06,0.9105537,2.9137716,0.154240815
0.018016777,-0.000255782,-0.000255782,-0.45551538,-0.45551538,1.49E-06,2.41E-06,0.9105537,2.9137716,0.154267347
0.018026777,-0.000262403,-0.000262403,-0.45551512,-0.45551512,-2.01E-06,-2.93E-06,0.9105537,2.9137716,0.154293878
0.018036777,-0.000255782,-0.000255782,-0.45551538,-0.45551538,1.49E-06,2.41E-06,0.9105537,2.9137716,0.154320409
0.018046777,-0.000262403,-0.000262403,-0.45551512,-0.45551512,-2.01E-06,-2.93E-06,0.9105537,2.9137716,0.154346941
0.018056777,-0.000255782,-0.000255782,-0.45551538,-0.45551538,1.49E-06,2.41E-06,0.9105537,2.9137716,0.154373472
0.018066777,-0.000262403,-0.000262403,-0.45551512,-0.45551512,-2.01E-06,-2.93E-06,0.9105537,2.9137716,0.154400004
0.018076777,-0.000255782,-0.000255782,-0.45551538,-0.45551538,1.49E-06,2.41E-06,0.9105537,2.9137716,0.154426535
0.018086777,-0.000262403,-0.000262403,-0.45551512,-0.45551512,-2.01E-06,-2.93E-06,0.9105537,2.9137716,0.154453067
0.018096777,-0.000255782,-0.000255782,-0.45551538,-0.45551538,1.49E-06,2.41E-06,0.9105537,2.9137716,0.154479598
0.018106777,-0.000262403,-0.000262403,-0.45551512,-0.45551512,-2.01E-06,-2.93E-06,0.9105537,2.9137716,0.15450613
0.018116777,-0.000255782,-0.000255782,-0.45551538,-0.45551538,1.49E-06,2.41E-06,0.9105537,2.9137716,0.154532661
0.018126777,-0.000262403,-0.000262403,-0.45551512,-0.45551512,-2.01E-06,-2.93E-06,0.9105537,2.9137716,0.154559193
0.018136777,-0.000255782,-0.000255782,-0.45551538,-0.45551538,1.49E-06,2.41E-06,0.9105537,2.9137716,0.154585724
0.018146777,-0.000262403,-0.000262403,-0.45551512,-0.45551512,-2.01E-06,-2.93E-06,0.9105537,2.9137716,0.154612255
0.018156777,-0.000255782,-0.000255782,-0.45551538,-0.45551538,1.49E-06,2.41E-06,0.9105537,2.9137716,0.154638787
0.018166777,-0.000262403,-0.000262403,-0.45551512,-0.45551512,-2.01E-06,-2.93E-06,0.9105537,2.9137716,0.154665318
0.018176777,-0.000255782,-0.000255782,-0.45551538,-0.45551538,1.49E-06,2.41E-06,0.9105537,2.9137716,0.15469185
0.018186777,-0.000262403,-0.000262403,-0.45551512,-0.45551512,-2.01E-06,-2.93E-06,0.9105537,2.9137716,0.154718381
0.018196777,-0.000255782,-0.000255782,-0.45551538,-0.45551538,1.49E-06,2.41E-06,0.9105537,2.9137716,0.154744913
0.018206777,-0.000262403,-0.000262403,-0.45551512,-0.45551512,-2.01E-06,-2.93E-06,0.9105537,2.9137716,0.154771444
0.018216777,-0.000255782,-0.000255782,-0.45551538,-0.45551538,1.49E-06,2.41E-06,0.9105537,2.9137716,0.154797976
0.018226777,-0.000262403,-0.000262403,-0.45551512,-0.45551512,-2.01E-06,-2.93E-06,0.9105537,2.9137716,0.154824507
0.018236777,-0.000255782,-0.000255782,-0.45551538,-0.45551538,1.49E-06,2.41E-06,0.9105537,2.9137716,0.154851039
0.018246777,-0.000262403,-0.000262403,-0.45551512,-0.45551512,-2.01E-06,-2.93E-06,0.9105537,2.9137716,0.15487757
0.018256777,-0.000255782,-0.000255782,-0.45551538,-0.45551538,1.49E-06,2.41E-06,0.9105537,2.9137716,0.154904101
0.018266777,-0.000262403,-0.000262403,-0.45551512,-0.45551512,-2.01E-06,-2.93E-06,0.9105537,2.9137716,0.154930633
0.018276777,-0.000255782,-0.000255782,-0.45551538,-0.45551538,1.49E-06,2.41E-06,0.9105537,2.9137716,0.154957164
0.018286777,-0.000262403,-0.000262403,-0.45551512,-0.45551512,-2.01E-06,-2.93E-06,0.9105537,2.9137716,0.154983696
0.018296777,-0.000255782,-0.000255782,-0.45551538,-0.45551538,1.49E-06,2.41E-06,0.9105537,2.9137716,0.155010227
0.018306777,-0.000262403,-0.000262403,-0.45551512,-0.45551512,-2.01E-06,-2.93E-06,0.9105537,2.9137716,0.155036759
0.018316777,-0.000255782,-0.000255782,-0.45551538,-0.45551538,1.49E-06,2.41E-06,0.9105537,2.9137716,0.15506329
0.018326777,-0.000262403,-0.000262403,-0.45551512,-0.45551512,-2.01E-06,-2.93E-06,0.9105537,2.9137716,0.155089822
0.018336777,-0.000255782,-0.000255782,-0.45551538,-0.45551538,1.49E-06,2.41E-06,0.9105537,2.9137716,0.155116353
0.018346777,-0.000262403,-0.000262403,-0.45551512,-0.45551512,-2.01E-06,-2.93E-06,0.9105537,2.9137716,0.155142885
0.018356777,-0.000255782,-0.000255782,-0.45551538,-0.45551538,1.49E-06,2.41E-06,0.9105537,2.9137716,0.155169416
0.018366777,-0.000262403,-0.000262403,-0.45551512,-0.45551512,-2.01E-06,-2.93E-06,0.9105537,2.9137716,0.155195948
0.018376777,-0.000255782,-0.000255782,-0.45551538,-0.45551538,1.49E-06,2.41E-06,0.9105537,2.9137716,0.155222479
0.018386777,-0.000262403,-0.000262403,-0.45551512,-0.45551512,-2.01E-06,-2.93E-06,0.9105537,2.9137716,0.15524901
0.018396777,-0.000255782,-0.000255782,-0.45551538,-0.45551538,1.49E-06,2.41E-06,0.9105537,2.9137716,0.155275542
0.018406777,-0.000262403,-0.000262403,-0.45551512,-0.45551512,-2.01E-06,-2.93E-06,0.9105537,2.9137716,0.155302073
0.018416777,-0.000255782,-0.000255782,-0.45551538,-0.45551538,1.49E-06,2.41E-06,0.9105537,2.9137716,0.155328605
0.018426777,-0.000262403,-0.000262403,-0.45551512,-0.45551512,-2.01E-06,-2.93E-06,0.9105537,2.9137716,0.155355136
0.018436777,-0.000255782,-0.000255782,-0.45551538,-0.45551538,1.49E-06,2.41E-06,0.9105537,2.9137716,0.155381668
0.018446777,-0.000262403,-0.000262403,-0.45551512,-0.45551512,-2.01E-06,-2.93E-06,0.9105537,2.9137716,0.155408199
0.018456777,-0.000255782,-0.000255782,-0.45551538,-0.45551538,1.49E-06,2.41E-06,0.9105537,2.9137716,0.155434731
0.018466777,-0.000262403,-0.000262403,-0.45551512,-0.45551512,-2.01E-06,-2.93E-06,0.9105537,2.9137716,0.155461262
0.018476777,-0.000255782,-0.000255782,-0.45551538,-0.45551538,1.49E-06,2.41E-06,0.9105537,2.9137716,0.155487794
0.018486777,-0.000262403,-0.000262403,-0.45551512,-0.45551512,-2.01E-06,-2.93E-06,0.9105537,2.9137716,0.155514325
0.018496777,-0.000255782,-0.000255782,-0.45551538,-0.45551538,1.49E-06,2.41E-06,0.9105537,2.9137716,0.155540856
0.018506777,-0.000262403,-0.000262403,-0.45551512,-0.45551512,-2.01E-06,-2.93E-06,0.9105537,2.9137716,0.155567388
0.018516777,-0.000255782,-0.000255782,-0.45551538,-0.45551538,1.49E-06,2.41E-06,0.9105537,2.9137716,0.155593919
0.018526777,-0.000262403,-0.000262403,-0.45551512,-0.45551512,-2.01E-06,-2.93E-06,0.9105537,2.9137716,0.155620451
0.018536777,-0.000255782,-0.000255782,-0.45551538,-0.45551538,1.49E-06,2.41E-06,0.9105537,2.9137716,0.155646982
0.018546777,-0.000262403,-0.000262403,-0.45551512,-0.45551512,-2.01E-06,-2.93E-06,0.9105537,2.9137716,0.155673514
0.018556777,-0.000255782,-0.000255782,-0.45551538,-0.45551538,1.49E-06,2.41E-06,0.9105537,2.9137716,0.155700045
0.018566777,-0.000262403,-0.000262403,-0.45551512,-0.45551512,-2.01E-06,-2.93E-06,0.9105537,2.9137716,0.155726577
0.018576777,-0.000255782,-0.000255782,-0.45551538,-0.45551538,1.49E-06,2.41E-06,0.9105537,2.9137716,0.155753108
0.018586777,-0.000262403,-0.000262403,-0.45551512,-0.45551512,-2.01E-06,-2.93E-06,0.9105537,2.9137716,0.15577964
0.018596777,-0.000255782,-0.000255782,-0.45551538,-0.45551538,1.49E-06,2.41E-06,0.9105537,2.9137716,0.155806171
0.018606777,-0.000262403,-0.000262403,-0.45551512,-0.45551512,-2.01E-06,-2.93E-06,0.9105537,2.9137716,0.155832702
0.018616777,-0.000255782,-0.000255782,-0.45551538,-0.45551538,1.49E-06,2.41E-06,0.9105537,2.9137716,0.155859234
0.018626777,-0.000262403,-0.000262403,-0.45551512,-0.45551512,-2.01E-06,-2.93E-06,0.9105537,2.9137716,0.155885765
0.018636777,-0.000255782,-0.000255782,-0.45551538,-0.45551538,1.49E-06,2.41E-06,0.9105537,2.9137716,0.155912297
0.018646777,-0.000262403,-0.000262403,-0.45551512,-0.45551512,-2.01E-06,-2.93E-06,0.9105537,2.9137716,0.155938828
0.018656777,-0.000255782,-0.000255782,-0.45551538,-0.45551538,1.49E-06,2.41E-06,0.9105537,2.9137716,0.15596536
0.018666777,-0.000262403,-0.000262403,-0.45551512,-0.45551512,-2.01E-06,-2.93E-06,0.9105537,2.9137716,0.155991891
0.018676777,-0.000255782,-0.000255782,-0.45551538,-0.45551538,1.49E-06,2.41E-06,0.9105537,2.9137716,0.156018423
0.018686777,-0.000262403,-0.000262403,-0.45551512,-0.45551512,-2.01E-06,-2.93E-06,0.9105537,2.9137716,0.156044954
0.018696777,-0.000255782,-0.000255782,-0.45551538,-0.45551538,1.49E-06,2.41E-06,0.9105537,2.9137716,0.156071486
0.018706777,-0.000262403,-0.000262403,-0.45551512,-0.45551512,-2.01E-06,-2.93E-06,0.9105537,2.9137716,0.156098017
0.018716777,-0.000255782,-0.000255782,-0.45551538,-0.45551538,1.49E-06,2.41E-06,0.9105537,2.9137716,0.156124548
0.018726777,-0.000262403,-0.000262403,-0.45551512,-0.45551512,-2.01E-06,-2.93E-06,0.9105537,2.9137716,0.15615108
0.018736777,-0.000255782,-0.000255782,-0.45551538,-0.45551538,1.49E-06,2.41E-06,0.9105537,2.9137716,0.156177611
0.018746777,-0.000262403,-0.000262403,-0.45551512,-0.45551512,-2.01E-06,-2.93E-06,0.9105537,2.9137716,0.156204143
0.018756777,-0.000255782,-0.000255782,-0.45551538,-0.45551538,1.49E-06,2.41E-06,0.9105537,2.9137716,0.156230674
0.018766777,-0.000262403,-0.000262403,-0.45551512,-0.45551512,-2.01E-06,-2.93E-06,0.9105537,2.9137716,0.156257206
0.018776777,-0.000255782,-0.000255782,-0.45551538,-0.45551538,1.49E-06,2.41E-06,0.9105537,2.9137716,0.156283737
0.018786777,-0.000262403,-0.000262403,-0.45551512,-0.45551512,-2.01E-06,-2.93E-06,0.9105537,2.9137716,0.156310269
0.018796777,-0.000255782,-0.000255782,-0.45551538,-0.45551538,1.49E-06,2.41E-06,0.9105537,2.9137716,0.1563368
0.018806777,-0.000262403,-0.000262403,-0.45551512,-0.45551512,-2.01E-06,-2.93E-06,0.9105537,2.9137716,0.156363332
0.018816777,-0.000255782,-0.000255782,-0.45551538,-0.45551538,1.49E-06,2.41E-06,0.9105537,2.9137716,0.156389863
0.018826777,-0.000262403,-0.000262403,-0.45551512,-0.45551512,-2.01E-06,-2.93E-06,0.9105537,2.9137716,0.156416394
0.018836777,-0.000255782,-0.000255782,-0.45551538,-0.45551538,1.49E-06,2.41E-06,0.9105537,2.9137716,0.156442926
0.018846777,-0.000262403,-0.000262403,-0.45551512,-0.45551512,-2.01E-06,-2.93E-06,0.9105537,2.9137716,0.156469457
0.018856777,-0.000255782,-0.000255782,-0.45551538,-0.45551538,1.49E-06,2.41E-06,0.9105537,2.9137716,0.156495989
0.018866777,-0.000262403,-0.000262403,-0.45551512,-0.45551512,-2.01E-06,-2.93E-06,0.9105537,2.9137716,0.15652252
0.018876777,-0.000255782,-0.000255782,-0.45551538,-0.45551538,1.49E-06,2.41E-06,0.9105537,2.9137716,0.156549052
0.018886777,-0.000262403,-0.000262403,-0.45551512,-0.45551512,-2.01E-06,-2.93E-06,0.9105537,2.9137716,0.156575583
0.018896777,-0.000255782,-0.000255782,-0.45551538,-0.45551538,1.49E-06,2.41E-06,0.9105537,2.9137716,0.156602115
0.018906777,-0.000262403,-0.000262403,-0.45551512,-0.45551512,-2.01E-06,-2.93E-06,0.9105537,2.9137716,0.156628646
0.018916777,-0.000255782,-0.000255782,-0.45551538,-0.45551538,1.49E-06,2.41E-06,0.9105537,2.9137716,0.156655178
0.018926777,-0.000262403,-0.000262403,-0.45551512,-0.45551512,-2.01E-06,-2.93E-06,0.9105537,2.9137716,0.156681709
0.018936777,-0.000255782,-0.000255782,-0.45551538,-0.45551538,1.49E-06,2.41E-06,0.9105537,2.9137716,0.15670824
0.018946777,-0.000262403,-0.000262403,-0.45551512,-0.45551512,-2.01E-06,-2.93E-06,0.9105537,2.9137716,0.156734772
0.018956777,-0.000255782,-0.000255782,-0.45551538,-0.45551538,1.49E-06,2.41E-06,0.9105537,2.9137716,0.156761303
0.018966777,-0.000262403,-0.000262403,-0.45551512,-0.45551512,-2.01E-06,-2.93E-06,0.9105537,2.9137716,0.156787835
0.018976777,-0.000255782,-0.000255782,-0.45551538,-0.45551538,1.49E-06,2.41E-06,0.9105537,2.9137716,0.156814366
0.018986777,-0.000262403,-0.000262403,-0.45551512,-0.45551512,-2.01E-06,-2.93E-06,0.9105537,2.9137716,0.156840898
0.018996777,-0.000255782,-0.000255782,-0.45551538,-0.45551538,1.49E-06,2.41E-06,0.9105537,2.9137716,0.156867429
0.019006777,-0.000262403,-0.000262403,-0.45551512,-0.45551512,-2.01E-06,-2.93E-06,0.9105537,2.9137716,0.156893961
0.019016777,-0.000255782,-0.000255782,-0.45551538,-0.45551538,1.49E-06,2.41E-06,0.9105537,2.9137716,0.156920492
0.019026777,-0.000262403,-0.000262403,-0.45551512,-0.45551512,-2.01E-06,-2.93E-06,0.9105537,2.9137716,0.156947024
0.019036777,-0.000255782,-0.000255782,-0.45551538,-0.45551538,1.49E-06,2.41E-06,0.9105537,2.9137716,0.156973555
0.019046777,-0.000262403,-0.000262403,-0.45551512,-0.45551512,-2.01E-06,-2.93E-06,0.9105537,2.9137716,0.157000086
0.019056777,-0.000255782,-0.000255782,-0.45551538,-0.45551538,1.49E-06,2.41E-06,0.9105537,2.9137716,0.157026618
0.019066777,-0.000262403,-0.000262403,-0.45551512,-0.45551512,-2.01E-06,-2.93E-06,0.9105537,2.9137716,0.157053149
0.019076777,-0.000255782,-0.000255782,-0.45551538,-0.45551538,1.49E-06,2.41E-06,0.9105537,2.9137716,0.157079681
0.019086777,-0.000262403,-0.000262403,-0.45551512,-0.45551512,-2.01E-06,-2.93E-06,0.9105537,2.9137716,0.157106212
0.019096777,-0.000255782,-0.000255782,-0.45551538,-0.45551538,1.49E-06,2.41E-06,0.9105537,2.9137716,0.157132744
0.019106777,-0.000262403,-0.000262403,-0.45551512,-0.45551512,-2.01E-06,-2.93E-06,0.9105537,2.9137716,0.157159275
0.019116777,-0.000255782,-0.000255782,-0.45551538,-0.45551538,1.49E-06,2.41E-06,0.9105537,2.9137716,0.157185807
0.019126777,-0.000262403,-0.000262403,-0.45551512,-0.45551512,-2.01E-06,-2.93E-06,0.9105537,2.9137716,0.157212338
0.019136777,-0.000255782,-0.000255782,-0.45551538,-0.45551538,1.49E-06,2.41E-06,0.9105537,2.9137716,0.15723887
0.019146777,-0.000262403,-0.000262403,-0.45551512,-0.45551512,-2.01E-06,-2.93E-06,0.9105537,2.9137716,0.157265401
0.019156777,-0.000255782,-0.000255782,-0.45551538,-0.45551538,1.49E-06,2.41E-06,0.9105537,2.9137716,0.157291932
0.019166777,-0.000262403,-0.000262403,-0.45551512,-0.45551512,-2.01E-06,-2.93E-06,0.9105537,2.9137716,0.157318464
0.019176777,-0.000255782,-0.000255782,-0.45551538,-0.45551538,1.49E-06,2.41E-06,0.9105537,2.9137716,0.157344995
0.019186777,-0.000262403,-0.000262403,-0.45551512,-0.45551512,-2.01E-06,-2.93E-06,0.9105537,2.9137716,0.157371527
0.019196777,-0.000255782,-0.000255782,-0.45551538,-0.45551538,1.49E-06,2.41E-06,0.9105537,2.9137716,0.157398058
0.019206777,-0.000262403,-0.000262403,-0.45551512,-0.45551512,-2.01E-06,-2.93E-06,0.9105537,2.9137716,0.15742459
0.019216777,-0.000255782,-0.000255782,-0.45551538,-0.45551538,1.49E-06,2.41E-06,0.9105537,2.9137716,0.157451121
0.019226777,-0.000262403,-0.000262403,-0.45551512,-0.45551512,-2.01E-06,-2.93E-06,0.9105537,2.9137716,0.157477653
0.019236777,-0.000255782,-0.000255782,-0.45551538,-0.45551538,1.49E-06,2.41E-06,0.9105537,2.9137716,0.157504184
0.019246777,-0.000262403,-0.000262403,-0.45551512,-0.45551512,-2.01E-06,-2.93E-06,0.9105537,2.9137716,0.157530716
0.019256777,-0.000255782,-0.000255782,-0.45551538,-0.45551538,1.49E-06,2.41E-06,0.9105537,2.9137716,0.157557247
0.019266777,-0.000262403,-0.000262403,-0.45551512,-0.45551512,-2.01E-06,-2.93E-06,0.9105537,2.9137716,0.157583779
0.019276777,-0.000255782,-0.000255782,-0.45551538,-0.45551538,1.49E-06,2.41E-06,0.9105537,2.9137716,0.15761031
0.019286777,-0.000262403,-0.000262403,-0.45551512,-0.45551512,-2.01E-06,-2.93E-06,0.9105537,2.9137716,0.157636841
0.019296777,-0.000255782,-0.000255782,-0.45551538,-0.45551538,1.49E-06,2.41E-06,0.9105537,2.9137716,0.157663373
0.019306777,-0.000262403,-0.000262403,-0.45551512,-0.45551512,-2.01E-06,-2.93E-06,0.9105537,2.9137716,0.157689904
0.019316777,-0.000255782,-0.000255782,-0.45551538,-0.45551538,1.49E-06,2.41E-06,0.9105537,2.9137716,0.157716436
0.019326777,-0.000262403,-0.000262403,-0.45551512,-0.45551512,-2.01E-06,-2.93E-06,0.9105537,2.9137716,0.157742967
0.019336777,-0.000255782,-0.000255782,-0.45551538,-0.45551538,1.49E-06,2.41E-06,0.9105537,2.9137716,0.157769499
0.019346777,-0.000262403,-0.000262403,-0.45551512,-0.45551512,-2.01E-06,-2.93E-06,0.9105537,2.9137716,0.15779603
0.019356777,-0.000255782,-0.000255782,-0.45551538,-0.45551538,1.49E-06,2.41E-06,0.9105537,2.9137716,0.157822562
0.019366777,-0.000262403,-0.000262403,-0.45551512,-0.45551512,-2.01E-06,-2.93E-06,0.9105537,2.9137716,0.157849093
0.019376777,-0.000255782,-0.000255782,-0.45551538,-0.45551538,1.49E-06,2.41E-06,0.9105537,2.9137716,0.157875625
0.019386777,-0.000262403,-0.000262403,-0.45551512,-0.45551512,-2.01E-06,-2.93E-06,0.9105537,2.9137716,0.157902156
0.019396777,-0.000255782,-0.000255782,-0.45551538,-0.45551538,1.49E-06,2.41E-06,0.9105537,2.9137716,0.157928687
0.019406777,-0.000262403,-0.000262403,-0.45551512,-0.45551512,-2.01E-06,-2.93E-06,0.9105537,2.9137716,0.157955219
0.019416777,-0.000255782,-0.000255782,-0.45551538,-0.45551538,1.49E-06,2.41E-06,0.9105537,2.9137716,0.15798175
0.019426777,-0.000262403,-0.000262403,-0.45551512,-0.45551512,-2.01E-06,-2.93E-06,0.9105537,2.9137716,0.158008282
0.019436777,-0.000255782,-0.000255782,-0.45551538,-0.45551538,1.49E-06,2.41E-06,0.9105537,2.9137716,0.158034813
0.019446777,-0.000262403,-0.000262403,-0.45551512,-0.45551512,-2.01E-06,-2.93E-06,0.9105537,2.9137716,0.158061345
0.019456777,-0.000255782,-0.000255782,-0.45551538,-0.45551538,1.49E-06,2.41E-06,0.9105537,2.9137716,0.158087876
0.019466777,-0.000262403,-0.000262403,-0.45551512,-0.45551512,-2.01E-06,-2.93E-06,0.9105537,2.9137716,0.158114408
0.019476777,-0.000255782,-0.000255782,-0.45551538,-0.45551538,1.49E-06,2.41E-06,0.9105537,2.9137716,0.158140939
0.019486777,-0.000262403,-0.000262403,-0.45551512,-0.45551512,-2.01E-06,-2.93E-06,0.9105537,2.9137716,0.158167471
0.019496777,-0.000255782,-0.000255782,-0.45551538,-0.45551538,1.49E-06,2.41E-06,0.9105537,2.9137716,0.158194002
0.019506777,-0.000262403,-0.000262403,-0.45551512,-0.45551512,-2.01E-06,-2.93E-06,0.9105537,2.9137716,0.158220533
0.019516777,-0.000255782,-0.000255782,-0.45551538,-0.45551538,1.49E-06,2.41E-06,0.9105537,2.9137716,0.158247065
0.019526777,-0.000262403,-0.000262403,-0.45551512,-0.45551512,-2.01E-06,-2.93E-06,0.9105537,2.9137716,0.158273596
0.019536777,-0.000255782,-0.000255782,-0.45551538,-0.45551538,1.49E-06,2.41E-06,0.9105537,2.9137716,0.158300128
0.019546777,-0.000262403,-0.000262403,-0.45551512,-0.45551512,-2.01E-06,-2.93E-06,0.9105537,2.9137716,0.158326659
0.019556777,-0.000255782,-0.000255782,-0.45551538,-0.45551538,1.49E-06,2.41E-06,0.9105537,2.9137716,0.158353191
0.019566777,-0.000262403,-0.000262403,-0.45551512,-0.45551512,-2.01E-06,-2.93E-06,0.9105537,2.9137716,0.158379722
0.019576777,-0.000255782,-0.000255782,-0.45551538,-0.45551538,1.49E-06,2.41E-06,0.9105537,2.9137716,0.158406254
0.019586777,-0.000262403,-0.000262403,-0.45551512,-0.45551512,-2.01E-06,-2.93E-06,0.9105537,2.9137716,0.158432785
0.019596777,-0.000255782,-0.000255782,-0.45551538,-0.45551538,1.49E-06,2.41E-06,0.9105537,2.9137716,0.158459317
0.019606777,-0.000262403,-0.000262403,-0.45551512,-0.45551512,-2.01E-06,-2.93E-06,0.9105537,2.9137716,0.158485848
0.019616777,-0.000255782,-0.000255782,-0.45551538,-0.45551538,1.49E-06,2.41E-06,0.9105537,2.9137716,0.158512379
0.019626777,-0.000262403,-0.000262403,-0.45551512,-0.45551512,-2.01E-06,-2.93E-06,0.9105537,2.9137716,0.158538911
0.019636777,-0.000255782,-0.000255782,-0.45551538,-0.45551538,1.49E-06,2.41E-06,0.9105537,2.9137716,0.158565442
0.019646777,-0.000262403,-0.000262403,-0.45551512,-0.45551512,-2.01E-06,-2.93E-06,0.9105537,2.9137716,0.158591974
0.019656777,-0.000255782,-0.000255782,-0.45551538,-0.45551538,1.49E-06,2.41E-06,0.9105537,2.9137716,0.158618505
0.019666777,-0.000262403,-0.000262403,-0.45551512,-0.45551512,-2.01E-06,-2.93E-06,0.9105537,2.9137716,0.158645037
0.019676777,-0.000255782,-0.000255782,-0.45551538,-0.45551538,1.49E-06,2.41E-06,0.9105537,2.9137716,0.158671568
0.019686777,-0.000262403,-0.000262403,-0.45551512,-0.45551512,-2.01E-06,-2.93E-06,0.9105537,2.9137716,0.1586981
0.019696777,-0.000255782,-0.000255782,-0.45551538,-0.45551538,1.49E-06,2.41E-06,0.9105537,2.9137716,0.158724631
0.019706777,-0.000262403,-0.000262403,-0.45551512,-0.45551512,-2.01E-06,-2.93E-06,0.9105537,2.9137716,0.158751163
0.019716777,-0.000255782,-0.000255782,-0.45551538,-0.45551538,1.49E-06,2.41E-06,0.9105537,2.9137716,0.158777694
0.019726777,-0.000262403,-0.000262403,-0.45551512,-0.45551512,-2.01E-06,-2.93E-06,0.9105537,2.9137716,0.158804225
0.019736777,-0.000255782,-0.000255782,-0.45551538,-0.45551538,1.49E-06,2.41E-06,0.9105537,2.9137716,0.158830757
0.019746777,-0.000262403,-0.000262403,-0.45551512,-0.45551512,-2.01E-06,-2.93E-06,0.9105537,2.9137716,0.158857288
0.019756777,-0.000255782,-0.000255782,-0.45551538,-0.45551538,1.49E-06,2.41E-06,0.9105537,2.9137716,0.15888382
0.019766777,-0.000262403,-0.000262403,-0.45551512,-0.45551512,-2.01E-06,-2.93E-06,0.9105537,2.9137716,0.158910351
0.019776777,-0.000255782,-0.000255782,-0.45551538,-0.45551538,1.49E-06,2.41E-06,0.9105537,2.9137716,0.158936883
0.019786777,-0.000262403,-0.000262403,-0.45551512,-0.45551512,-2.01E-06,-2.93E-06,0.9105537,2.9137716,0.158963414
0.019796777,-0.000255782,-0.000255782,-0.45551538,-0.45551538,1.49E-06,2.41E-06,0.9105537,2.9137716,0.158989946
0.019806777,-0.000262403,-0.000262403,-0.45551512,-0.45551512,-2.01E-06,-2.93E-06,0.9105537,2.9137716,0.159016477
0.019816777,-0.000255782,-0.000255782,-0.45551538,-0.45551538,1.49E-06,2.41E-06,0.9105537,2.9137716,0.159043009
0.019826777,-0.000262403,-0.000262403,-0.45551512,-0.45551512,-2.01E-06,-2.93E-06,0.9105537,2.9137716,0.15906954
0.019836777,-0.000255782,-0.000255782,-0.45551538,-0.45551538,1.49E-06,2.41E-06,0.9105537,2.9137716,0.159096071
0.019846777,-0.000262403,-0.000262403,-0.45551512,-0.45551512,-2.01E-06,-2.93E-06,0.9105537,2.9137716,0.159122603
0.019856777,-0.000255782,-0.000255782,-0.45551538,-0.45551538,1.49E-06,2.41E-06,0.9105537,2.9137716,0.159149134
0.019866777,-0.000262403,-0.000262403,-0.45551512,-0.45551512,-2.01E-06,-2.93E-06,0.9105537,2.9137716,0.159175666
0.019876777,-0.000255782,-0.000255782,-0.45551538,-0.45551538,1.49E-06,2.41E-06,0.9105537,2.9137716,0.159202197
0.019886777,-0.000262403,-0.000262403,-0.45551512,-0.45551512,-2.01E-06,-2.93E-06,0.9105537,2.9137716,0.159228729
0.019896777,-0.000255782,-0.000255782,-0.45551538,-0.45551538,1.49E-06,2.41E-06,0.9105537,2.9137716,0.15925526
0.019906777,-0.000262403,-0.000262403,-0.45551512,-0.45551512,-2.01E-06,-2.93E-06,0.9105537,2.9137716,0.159281792
0.019916777,-0.000255782,-0.000255782,-0.45551538,-0.45551538,1.49E-06,2.41E-06,0.9105537,2.9137716,0.159308323
0.019926777,-0.000262403,-0.000262403,-0.45551512,-0.45551512,-2.01E-06,-2.93E-06,0.9105537,2.9137716,0.159334855
0.019936777,-0.000255782,-0.000255782,-0.45551538,-0.45551538,1.49E-06,2.41E-06,0.9105537,2.9137716,0.159361386
0.019946777,-0.000262403,-0.000262403,-0.45551512,-0.45551512,-2.01E-06,-2.93E-06,0.9105537,2.9137716,0.159387917
0.019956777,-0.000255782,-0.000255782,-0.45551538,-0.45551538,1.49E-06,2.41E-06,0.9105537,2.9137716,0.159414449
0.019966777,-0.000262403,-0.000262403,-0.45551512,-0.45551512,-2.01E-06,-2.93E-06,0.9105537,2.9137716,0.15944098
0.019976777,-0.000255782,-0.000255782,-0.45551538,-0.45551538,1.49E-06,2.41E-06,0.9105537,2.9137716,0.159467512
0.019986777,-0.000262403,-0.000262403,-0.45551512,-0.45551512,-2.01E-06,-2.93E-06,0.9105537,2.9137716,0.159494043
0.019996777,-0.000255782,-0.000255782,-0.45551538,-0.45551538,1.49E-06,2.41E-06,0.9105537,2.9137716,0.159511584
0.02,-0.000262403,-0.000262403,-0.45551512,-0.45551512,-2.01E-06,-2.93E-06,0.9105537,2.9137716,0.15951586
0.02,-0.000256132,-0.000256132,-0.45551527,-0.45551527,1.41E-06,1.37E-06,0.9105537,2.9137716,0.15951586
0.02,-0.000262084,-0.000262084,-0.45551533,-0.45551533,-1.82E-06,-2.59E-06,0.9105537,2.9137716,0.15951586
0.02,-0.000256257,-0.000256257,-0.4555152,-0.4555152,1.23E-06,1.69E-06,0.9105537,2.9137716,0.15951586
0.02,-0.000261896,-0.000261896,-0.45551533,-0.45551533,-1.73E-06,-2.28E-06,0.9105537,2.9137716,0.15951586
0.02,-0.000256323,-0.000256323,-0.4555152,-0.4555152,1.18E-06,1.72E-06,0.9105537,2.9137716,0.15951586
0.02,-0.000261847,-0.000261847,-0.45551533,-0.45551533,-1.70E-06,-2.24E-06,0.9105537,2.9137716,0.15951586
0.02,-0.000256337,-0.000256337,-0.4555152,-0.4555152,1.17E-06,1.71E-06,0.9105537,2.9137716,0.15951586
0.02,-0.000261819,-0.000261819,-0.45551533,-0.45551533,-1.69E-06,-2.23E-06,0.9105537,2.9137716,0.15951586
0.02,-0.000256308,-0.000256308,-0.45551518,-0.45551518,1.16E-06,1.71E-06,0.9105537,2.9137716,0.15951586
0.02,-0.000261742,-0.000261742,-0.45551535,-0.45551535,-1.69E-06,-2.23E-06,0.9105537,2.9137716,0.159515861
0.020000001,-0.000256148,-0.000256148,-0.45551535,-0.45551535,1.17E-06,1.71E-06,0.9105537,2.9137716,0.159515862
0.020000001,-0.000261382,-0.000261382,-0.45551616,-0.45551616,-1.68E-06,-2.22E-06,0.9105537,2.9137719,0.159515865
0.020000003,-0.000255344,-0.000255344,-0.45551825,-0.45551825,1.19E-06,1.74E-06,0.9105537,2.9137719,0.159515871
0.020000006,-0.000259656,-0.000259656,-0.45552453,-0.45552453,-1.62E-06,-2.16E-06,0.9105537,2.9137716,0.159515881
0.020000011,-0.000252123,-0.000252123,-0.45553753,-0.45553753,1.28E-06,1.82E-06,0.9105537,2.9137719,0.159515898
0.020000019,-0.000254981,-0.000254981,-0.455558,-0.455558,-1.56E-06,-2.10E-06,0.9105537,2.9137719,0.159515923
0.020000029,-0.000246547,-0.000246547,-0.45558771,-0.45558771,1.29E-06,1.83E-06,0.91055375,2.913772,0.159515958
0.020000044,-0.000249092,-0.000249092,-0.45563078,-0.45563078,-1.59E-06,-2.13E-06,0.91055375,2.913772,0.159516005
0.020000065,-0.000241228,-0.000241228,-0.4556921,-0.4556921,1.22E-06,1.76E-06,0.9105538,2.9137726,0.159516051
0.020000079,-0.000247233,-0.000247233,-0.45573777,-0.45573777,-1.67E-06,-2.21E-06,0.9105539,2.9137723,0.159516083
0.020000089,-0.000245883,-0.000245883,-0.45577022,-0.45577022,1.16E-06,1.71E-06,0.91055393,2.9137726,0.15951611
0.0200001,-0.000262567,-0.000262567,-0.4558089,-0.4558089,-1.70E-06,-2.24E-06,0.91055393,2.9137726,0.159516142
0.020000114,-0.000278568,-0.000278568,-0.4558629,-0.4558629,1.14E-06,1.68E-06,0.910554,2.9137728,0.159516178
0.020000126,-0.000304656,-0.000304656,-0.4559121,-0.4559121,-1.72E-06,-2.26E-06,0.91055405,2.9137728,0.159516219
0.020000145,-0.000327558,-0.000327558,-0.45597833,-0.45597833,1.13E-06,1.68E-06,0.9105541,2.913773,0.159516279
0.020000172,-0.000374157,-0.000374157,-0.45606768,-0.45606768,-1.72E-06,-2.27E-06,0.91055423,2.9137735,0.159516363
0.020000208,-0.000418988,-0.000418988,-0.45615804,-0.45615804,1.09E-06,1.64E-06,0.91055435,2.9137738,0.159516478
0.020000258,-0.000486595,-0.000486595,-0.45622006,-0.45622006,-1.91E-06,-2.46E-06,0.9105545,2.9137745,0.159516621
0.020000316,-0.000532706,-0.000532706,-0.45618278,-0.45618278,5.36E-07,1.08E-06,0.9105546,2.9137747,0.159516802
0.020000395,-0.000560248,-0.000560248,-0.45594877,-0.45594877,-3.52E-06,-4.07E-06,0.9105546,2.9137747,0.159516924
0.020000408,-0.000557808,-0.000557808,-0.4558881,-0.4558881,-2.37E-06,-2.38E-06,0.9105545,2.9137745,0.159516978
0.020000435,-0.000558218,-0.000558218,-0.45575908,-0.45575908,-2.95E-06,-2.96E-06,0.91055447,2.9137743,0.159517085
0.020000489,-0.000558317,-0.000558317,-0.45545924,-0.45545924,-4.18E-06,-4.19E-06,0.91055423,2.9137735,0.1595173
0.020000597,-0.000559387,-0.000559387,-0.45470956,-0.45470956,-6.88E-06,-6.89E-06,0.9105533,2.9137704,0.159517691
0.020000784,-0.000563665,-0.000563665,-0.4529107,-0.4529107,-1.30E-05,-1.30E-05,0.9105499,2.9137595,0.15951814
0.020000935,-0.000565404,-0.000565404,-0.45094383,-0.45094383,-1.87E-05,-1.87E-05,0.910545,2.9137437,0.159518556
0.020001098,-0.000562602,-0.000562602,-0.44800577,-0.44800577,-2.48E-05,-2.48E-05,0.91053677,2.9137175,0.159518988
0.02000126,-0.000553045,-0.000553045,-0.44245014,-0.44245014,-3.03E-05,-3.04E-05,0.9105227,2.9136727,0.159519453
0.020001449,-0.000535981,-0.000535981,-0.42830297,-0.42830297,-3.50E-05,-3.51E-05,0.91049,2.913568,0.159519954
0.020001638,-0.000517071,-0.000517071,-0.39300436,-0.39300436,-3.67E-05,-3.70E-05,0.9104146,2.9133267,0.159520394
0.02000178,-0.000513969,-0.000513969,-0.31143472,-0.31143472,-3.45E-05,-3.54E-05,0.910272,2.9128702,0.159520775
0.020001926,-0.000515449,-0.000515449,-0.13234867,-0.13234867,-3.09E-05,-3.26E-05,0.90994793,2.9118338,0.159521057
0.020001993,-0.000505398,-0.000505398,-0.032978956,-0.032978956,-3.09E-05,-3.23E-05,0.9097287,2.911132,0.159521187
0.020002023,-0.000478606,-0.000478606,-0.009047542,-0.009047542,-3.44E-05,-3.46E-05,0.909632,2.9108226,0.159521243
0.020002035,-0.000468385,-0.000468385,-0.00884358,-0.00884358,-3.56E-05,-3.54E-05,0.90959805,2.9107134,0.159521268
0.020002043,-0.00047471,-0.00047471,-0.009026396,-0.009026396,-3.44E-05,-3.45E-05,0.9095779,2.910649,0.15952129
0.020002052,-0.000468353,-0.000468353,-0.008948832,-0.008948832,-3.52E-05,-3.50E-05,0.9095517,2.9105654,0.159521319
0.020002064,-0.00047193,-0.00047193,-0.009056547,-0.009056547,-3.43E-05,-3.44E-05,0.9095174,2.910456,0.159521353
0.020002078,-0.000466601,-0.000466601,-0.009038047,-0.009038047,-3.49E-05,-3.47E-05,0.90948075,2.9103386,0.159521398
0.020002099,-0.000468727,-0.000468727,-0.009142021,-0.009142021,-3.40E-05,-3.40E-05,0.9094216,2.9101489,0.159521463
0.020002126,-0.00046293,-0.00046293,-0.009182808,-0.009182808,-3.43E-05,-3.41E-05,0.9093449,2.9099038,0.159521555
0.020002168,-0.000463761,-0.000463761,-0.009338401,-0.009338401,-3.32E-05,-3.32E-05,0.90922785,2.9095292,0.159521697
0.020002234,-0.000457141,-0.000457141,-0.009500476,-0.009500476,-3.30E-05,-3.29E-05,0.90904665,2.9089491,0.159521913
0.020002332,-0.000458749,-0.000458749,-0.009833357,-0.009833357,-3.13E-05,-3.14E-05,0.9087734,2.9080746,0.159522255
0.020002493,-0.000457263,-0.000457263,-0.010327364,-0.010327364,-3.02E-05,-3.01E-05,0.908327,2.9066465,0.159522774
0.020002725,-0.000466623,-0.000466623,-0.011163848,-0.011163848,-2.74E-05,-2.74E-05,0.90768373,2.904588,0.159523413
0.020002977,-0.000468099,-0.000468099,-0.012083239,-0.012083239,-2.59E-05,-2.57E-05,0.9069875,2.9023597,0.159524187
0.020003313,-0.000473793,-0.000473793,-0.013490988,-0.013490988,-2.29E-05,-2.30E-05,0.90606314,2.899402,0.159525116
0.020003685,-0.0004676,-0.0004676,-0.015163234,-0.015163234,-2.13E-05,-2.12E-05,0.9050454,2.8961449,0.159526051
0.020004026,-0.000465636,-0.000465636,-0.01692147,-0.01692147,-1.90E-05,-1.91E-05,0.90411484,2.8931675,0.15952693
0.020004357,-0.000456858,-0.000456858,-0.018741146,-0.018741146,-1.82E-05,-1.81E-05,0.90321904,2.890301,0.15952779
0.020004685,-0.000454965,-0.000454965,-0.020769265,-0.020769265,-1.64E-05,-1.65E-05,0.90233517,2.8874724,0.159528663
0.020005027,-0.000446224,-0.000446224,-0.023029866,-0.023029866,-1.61E-05,-1.60E-05,0.90141845,2.8845394,0.159529562
0.020005376,-0.000444219,-0.000444219,-0.025586,-0.025586,-1.51E-05,-1.52E-05,0.9004899,2.8815675,0.159530227
0.02000554,-0.000438314,-0.000438314,-0.026801236,-0.026801236,-1.58E-05,-1.57E-05,0.90005696,2.8801823,0.15953056
0.020005633,-0.000439719,-0.000439719,-0.027448943,-0.027448943,-1.59E-05,-1.60E-05,0.8998102,2.8793924,0.159530745
0.020005683,-0.000430393,-0.000430393,-0.027027706,-0.027027706,-2.28E-05,-2.27E-05,0.89967924,2.8789735,0.159530843
0.020005709,-0.000292316,-0.000292316,-0.011544397,-0.011544397,-0.000196761,-0.000198161,0.8995995,2.8787181,0.159530895
0.020005723,-0.000238636,-0.000238636,-0.006499978,-0.006499978,-0.000200467,-0.000199816,0.8995564,2.8785806,0.159530932
0.020005737,-0.000247005,-0.000247005,-0.005488,-0.005488,-0.000223718,-0.000224523,0.8995173,2.8784554,0.15953096
0.020005745,-0.000237997,-0.000237997,-0.004793965,-0.004793965,-0.000201546,-0.000200917,0.89949507,2.8783839,0.15953098
0.020005752,-0.000243877,-0.000243877,-0.004307384,-0.004307384,-0.00022388,-0.000224647,0.8994741,2.8783169,0.159531004
0.020005764,-0.000234994,-0.000234994,-0.003581217,-0.003581217,-0.000204615,-0.000203975,0.8994421,2.8782146,0.159531034
0.020005775,-0.000241114,-0.000241114,-0.003046679,-0.003046679,-0.000224174,-0.00022491,0.8994104,2.8781133,0.159531068
0.02000579,-0.000231975,-0.000231975,-0.002377037,-0.002377037,-0.000207061,-0.00020641,0.8993678,2.8779771,0.159531112
0.020005809,-0.000238186,-0.000238186,-0.001799614,-0.001799614,-0.000224652,-0.000225358,0.89931357,2.8778033,0.159531172
0.020005836,-0.000228941,-0.000228941,-0.001148979,-0.001148979,-0.000208532,-0.000207866,0.89923817,2.8775625,0.159531253
0.020005872,-0.000243164,-0.000243164,-0.00077492,-0.00077492,-0.000216663,-0.000217341,0.8991369,2.877238,0.159531361
0.02000592,-0.00026982,-0.00026982,-0.000626001,-0.000626001,-0.000165315,-0.000164631,0.8990026,2.8768082,0.159531489
0.020005971,-0.000320519,-0.000320519,-0.000582012,-0.000582012,-0.000137753,-0.000138427,0.8988586,2.8763475,0.159531623
0.020006023,-0.000329253,-0.000329253,-0.000478788,-0.000478788,-0.000105511,-0.00010483,0.8987133,2.8758829,0.15953177
0.020006085,-0.000363621,-0.000363621,-0.000473034,-0.000473034,-9.39E-05,-9.46E-05,0.8985395,2.8753262,0.159531965
0.020006174,-0.000365525,-0.000365525,-0.000386591,-0.000386591,-6.90E-05,-6.83E-05,0.8982884,2.8745232,0.159532237
0.020006296,-0.000393626,-0.000393626,-0.000393386,-0.000393386,-6.35E-05,-6.42E-05,0.8979481,2.8734336,0.159532614
0.020006466,-0.000387203,-0.000387203,-0.000325095,-0.000325095,-4.75E-05,-4.68E-05,0.89747006,2.8719041,0.159533085
0.020006661,-0.000406793,-0.000406793,-0.000349366,-0.000349366,-5.14E-05,-5.20E-05,0.89692277,2.870153,0.159533609
0.020006873,-0.000393164,-0.000393164,-0.000297244,-0.000297244,-4.41E-05,-4.35E-05,0.89632994,2.8682559,0.159534164
0.020007093,-0.000408357,-0.000408357,-0.00033077,-0.00033077,-5.37E-05,-5.44E-05,0.8957146,2.8662865,0.159534746
0.020007327,-0.00039218,-0.00039218,-0.000284415,-0.000284415,-5.05E-05,-4.99E-05,0.89505935,2.8641899,0.159535344
0.020007559,-0.000405752,-0.000405752,-0.000321239,-0.000321239,-6.26E-05,-6.33E-05,0.8944105,2.8621135,0.159536024
0.020007858,-0.000388127,-0.000388127,-0.000276958,-0.000276958,-6.26E-05,-6.19E-05,0.8935749,2.8594394,0.159536841
0.020008199,-0.000400038,-0.000400038,-0.000314642,-0.000314642,-7.82E-05,-7.89E-05,0.892626,2.8564034,0.159537842
0.020008644,-0.000380602,-0.000380602,-0.00027185,-0.00027185,-8.23E-05,-8.16E-05,0.8913848,2.8524313,0.159538607
0.0200088,-0.00014069,-0.00014069,-0.7611776,-0.7611776,0.00015701,0.000156337,0.89094925,2.8510375,0.159538936
0.020008902,5.52E-05,5.52E-05,-1.8849372,-1.8849372,0.000322898,0.00032357,0.89066374,2.8501241,0.159539191
0.020009002,5.88E-06,5.88E-06,-2.8752632,-2.8752632,0.000269466,0.000268801,0.89038754,2.84924,0.159539439
0.020009098,7.77E-05,7.77E-05,-3.8397615,-3.8397615,0.000314559,0.000315226,0.8901186,2.8483796,0.159539672
0.020009185,-8.81E-06,-8.81E-06,-4.756559,-4.756559,0.000228223,0.000227564,0.8898763,2.847604,0.159539914
0.020009289,6.23E-05,6.23E-05,-5.8940187,-5.8940187,0.000273994,0.000274655,0.88958615,2.8466759,0.159540298
0.020009488,-2.90E-05,-2.90E-05,-8.124101,-8.124101,0.000171497,0.000170841,0.88903177,2.8449013,0.159540798
0.020009684,3.89E-05,3.89E-05,-10.311689,-10.311689,0.000207217,0.000207875,0.888487,2.8431582,0.1595414
0.020009965,-5.20E-05,-5.20E-05,-13.331111,-13.331111,0.000102387,0.000101734,0.887706,2.8406591,0.159542093
0.020010234,1.59E-05,1.59E-05,-15.998963,-15.998963,0.000137154,0.00013781,0.8869619,2.838278,0.15954288
0.02001059,-7.38E-05,-7.38E-05,-19.16762,-19.16762,3.49E-05,3.42E-05,0.88597256,2.8351123,0.159543766
0.020010939,-5.96E-06,-5.96E-06,-21.814686,-21.814686,7.15E-05,7.22E-05,0.88500667,2.8320215,0.159544738
0.020011366,-9.27E-05,-9.27E-05,-24.428434,-24.428434,-2.29E-05,-2.35E-05,0.8838265,2.828245,0.159545807
0.020011795,-1.70E-05,-1.70E-05,-26.262447,-26.262447,2.53E-05,2.60E-05,0.8826427,2.8244567,0.159546993
0.020012318,-9.40E-05,-9.40E-05,-27.306961,-27.306961,-5.57E-05,-5.63E-05,0.8812011,2.8198433,0.159548088
0.020012676,-2.34E-05,-2.34E-05,-27.390255,-27.390255,-4.81E-06,-4.16E-06,0.88021535,2.816689,0.159548885
0.020012961,-0.000107085,-0.000107085,-27.224218,-27.224218,-8.18E-05,-8.24E-05,0.8794312,2.8141794,0.159549489
0.020013164,-6.15E-05,-6.15E-05,-26.890879,-26.890879,-4.90E-05,-4.84E-05,0.87887377,2.812396,0.15954995
0.020013334,-0.00021804,-0.00021804,-26.227446,-26.227446,-0.000190904,-0.000191549,0.8784082,2.810906,0.159550293
0.020013442,-8.17E-05,-8.17E-05,-25.8161,-25.8161,-6.66E-05,-6.60E-05,0.8781103,2.8099527,0.159550532
0.020013527,-0.000224231,-0.000224231,-25.49897,-25.49897,-0.000195658,-0.000196293,0.87787735,2.8092074,0.159550757
0.020013624,-8.66E-05,-8.66E-05,-25.143862,-25.143862,-6.98E-05,-6.92E-05,0.87761027,2.8083527,0.15955105
0.020013765,-0.000228396,-0.000228396,-24.635191,-24.635191,-0.00019786,-0.000198488,0.8772237,2.8071156,0.159551452
0.020013951,-9.15E-05,-9.15E-05,-23.973562,-23.973562,-7.17E-05,-7.11E-05,0.87671566,2.80549,0.159551995
0.020014207,-0.000233593,-0.000233593,-23.077208,-23.077208,-0.000199036,-0.00019966,0.8760156,2.8032496,0.159552629
0.020014467,-9.70E-05,-9.70E-05,-22.186537,-22.186537,-7.23E-05,-7.17E-05,0.875302,2.8009663,0.159553318
0.020014768,-0.000239103,-0.000239103,-21.198685,-21.198685,-0.000199032,-0.000199652,0.87447935,2.7983341,0.159554065
0.020015078,-0.000102722,-0.000102722,-20.214945,-20.214945,-7.18E-05,-7.12E-05,0.8736324,2.7956233,0.159554897
0.02001545,-0.000245126,-0.000245126,-19.085482,-19.085482,-0.00019811,-0.000198728,0.8726199,2.7923837,0.159555817
0.020015833,-0.00010914,-0.00010914,-17.959574,-17.959574,-7.04E-05,-6.98E-05,0.8715758,2.7890427,0.159556796
0.020016255,-0.000251654,-0.000251654,-16.768927,-16.768927,-0.000196488,-0.000197104,0.87042594,2.785363,0.159557813
0.020016672,-0.000115659,-0.000115659,-15.637656,-15.637656,-6.86E-05,-6.80E-05,0.86929476,2.781743,0.159559063
0.020017289,-0.000259154,-0.000259154,-14.043812,-14.043812,-0.000194061,-0.000194675,0.86761945,2.7763824,0.159560627
0.020017971,-0.000124435,-0.000124435,-12.389083,-12.389083,-6.54E-05,-6.48E-05,0.86577386,2.7704763,0.159562145
0.020018555,-0.000266959,-0.000266959,-11.063751,-11.063751,-0.000190828,-0.000191441,0.86419547,2.7654257,0.159563578
0.02001917,-0.00013113,-0.00013113,-9.752925,-9.752925,-6.22E-05,-6.16E-05,0.8625365,2.7601168,0.159564975
0.020019728,-0.000272884,-0.000272884,-8.6429205,-8.6429205,-0.000187667,-0.000188279,0.8610326,2.7553043,0.159566283
0.020020272,-0.000136178,-0.000136178,-7.6296835,-7.6296835,-5.92E-05,-5.86E-05,0.85957146,2.750629,0.159567539
0.020020791,-0.000277265,-0.000277265,-6.7287183,-6.7287183,-0.000184687,-0.000185297,0.8581789,2.7461724,0.159568745
0.020021296,-0.000140054,-0.000140054,-5.9090114,-5.9090114,-5.63E-05,-5.56E-05,0.8568273,2.7418475,0.159569916
0.020021788,-0.000280703,-0.000280703,-5.1662216,-5.1662216,-0.000181791,-0.0001824,0.8555097,2.7376313,0.159571071
0.020022282,-0.000143297,-0.000143297,-4.4732614,-4.4732614,-5.34E-05,-5.27E-05,0.85419095,2.7334108,0.159572242
0.020022791,-0.00028387,-0.00028387,-3.8170698,-3.8170698,-0.000178794,-0.0001794,0.85283417,2.7290692,0.159573487
0.020023352,-0.000146729,-0.000146729,-3.1559186,-3.1559186,-5.01E-05,-4.95E-05,0.8513403,2.7242892,0.159574947
0.02002405,-0.000287811,-0.000287811,-2.4280224,-2.4280224,-0.000174869,-0.000175474,0.8494852,2.7183528,0.159577107
0.020025222,-0.000152048,-0.000152048,-1.429553,-1.429553,-4.40E-05,-4.34E-05,0.8463802,2.7084165,0.159579908
0.020026494,-0.000293501,-0.000293501,-0.65500706,-0.65500706,-0.000166122,-0.000166726,0.84302384,2.6976762,0.159582894
0.020027849,-0.000156748,-0.000156748,-0.16484469,-0.16484469,-3.34E-05,-3.28E-05,0.8394642,2.6862855,0.159585292
0.020028621,-0.000296468,-0.000296468,-0.0323248,-0.0323248,-0.000156735,-0.000157338,0.8374423,2.679815,0.159586642
0.020029052,-0.000158121,-0.000158121,-0.003208133,-0.003208133,-2.78E-05,-2.72E-05,0.83631533,2.6762094,0.159587464
0.020029355,-0.000297096,-0.000297096,0.000238824,0.000238824,-0.000153291,-0.000153891,0.8355218,2.6736698,0.159588099
0.02002962,-0.000158545,-0.000158545,-0.000141808,-0.000141808,-2.51E-05,-2.45E-05,0.83483136,2.6714602,0.159588698
0.020029892,-0.000297249,-0.000297249,0.000237094,0.000237094,-0.000150591,-0.000151188,0.8341218,2.66919,0.159589291
0.020030153,-0.000158748,-0.000158748,-0.000141456,-0.000141456,-2.24E-05,-2.18E-05,0.8334419,2.6670144,0.159589881
0.020030423,-0.000297153,-0.000297153,0.000235352,0.000235352,-0.000147642,-0.000148235,0.8327398,2.6647673,0.15959049
0.020030702,-0.000158563,-0.000158563,-0.00014117,-0.00014117,-1.91E-05,-1.85E-05,0.83201516,2.6624484,0.159591129
0.020031001,-0.000296459,-0.000296459,0.000233623,0.000233623,-0.000143479,-0.000144069,0.8312388,2.6599643,0.159591838
0.020031343,-0.000157482,-0.000157482,-0.000141166,-0.000141166,-1.38E-05,-1.33E-05,0.83035105,2.6571233,0.159592381
0.020031493,-0.000295306,-0.000295306,0.000231644,0.000231644,-0.000139087,-0.000139672,0.82996124,2.6558757,0.159592652
0.020031589,-0.000157318,-0.000157318,-0.00013917,-0.00013917,-1.24E-05,-1.19E-05,0.8297126,2.6550803,0.159592825
0.02003165,-0.000387539,-0.000387539,0.000227802,0.000227802,-0.000405939,-0.000408157,0.8295552,2.6545768,0.159592938
0.020031691,-0.000305566,-0.000305566,-0.00013401,-0.00013401,-0.00044094,-0.000442452,0.8294471,2.6542306,0.159593029
0.020031732,-0.000454073,-0.000454073,0.000221528,0.000221528,-0.000600887,-0.000603529,0.82934135,2.6538923,0.159593118
0.020031772,-0.000312887,-0.000312887,-0.00012811,-0.00012811,-0.000463109,-0.000464629,0.8292369,2.6535585,0.159593204
0.020031811,-0.000442182,-0.000442182,0.000215468,0.000215468,-0.000569708,-0.000572193,0.82913816,2.653242,0.159593287
0.020031847,-0.000300663,-0.000300663,-0.000122311,-0.000122311,-0.000428686,-0.000430103,0.8290429,2.6529372,0.159593365
0.020031882,-0.000431055,-0.000431055,0.000209499,0.000209499,-0.000540426,-0.000542775,0.8289534,2.6526508,0.159593439
0.020031914,-0.000292859,-0.000292859,-0.000116527,-0.000116527,-0.000406569,-0.00040793,0.82886994,2.6523836,0.159593503
0.020031941,-0.000424198,-0.000424198,0.000203139,0.000203139,-0.000523238,-0.000525487,0.82880175,2.652166,0.159593555
0.020031962,-0.000289233,-0.000289233,-0.000109483,-0.000109483,-0.000395543,-0.000396899,0.82874733,2.6519914,0.159593593
0.020031975,-0.000420256,-0.000420256,0.000194116,0.000194116,-0.000514808,-0.000516967,0.82871324,2.6518822,0.159593615
0.020031982,-0.000289539,-0.000289539,-9.66E-05,-9.66E-05,-0.000392943,-0.000394388,0.82869536,2.651825,0.159593625
0.020031984,-0.000415174,-0.000415174,0.000173981,0.000173981,-0.000509413,-0.000511317,0.82868916,2.651805,0.159593629
0.020031985,-0.000300028,-0.000300028,-7.07E-05,-7.07E-05,-0.000401182,-0.000403265,0.8286869,2.6517978,0.15959363
0.020031986,-0.00040129,-0.00040129,0.000153016,0.000153016,-0.000497196,-0.000498179,0.8286854,2.6517935,0.159593632
0.020031986,-0.000310807,-0.000310807,-5.64E-05,-5.64E-05,-0.00041112,-0.000414068,0.82868373,2.6517878,0.159593633
0.020031987,-0.000391661,-0.000391661,0.000139471,0.000139471,-0.00048764,-0.000487742,0.82868266,2.6517844,0.159593634
0.020031987,-0.000321859,-0.000321859,-4.04E-05,-4.04E-05,-0.000421706,-0.000425748,0.8286818,2.6517816,0.159593634
0.020031987,-0.000375306,-0.000375306,0.000114443,0.000114443,-0.000472667,-0.000471182,0.8286815,2.6517808,0.159593634
0.020031987,-0.000343666,-0.000343666,-4.85E-06,-4.85E-06,-0.000440568,-0.000446482,0.8286813,2.6517801,0.159593635
0.020031987,-0.000354639,-0.000354639,7.75E-05,7.75E-05,-0.000455022,-0.00045235,0.82868123,2.6517797,0.159593635
0.020031987,-0.000356434,-0.000356434,2.22E-05,2.22E-05,-0.000451731,-0.000457585,0.82868105,2.6517797,0.159593635
0.020031987,-0.000349338,-0.000349338,6.18E-05,6.18E-05,-0.00045005,-0.000448217,0.82868093,2.651779,0.159593635
0.020031987,-0.000358269,-0.000358269,3.08E-05,3.08E-05,-0.000453643,-0.000458664,0.82868075,2.6517787,0.159593635
0.020031987,-0.000348785,-0.000348785,5.73E-05,5.73E-05,-0.000449323,-0.000448048,0.82868046,2.6517777,0.159593635
0.020031988,-0.000358466,-0.000358466,3.38E-05,3.38E-05,-0.000453952,-0.000458551,0.82868016,2.6517766,0.159593636
0.020031988,-0.000348677,-0.000348677,5.52E-05,5.52E-05,-0.000449065,-0.000448115,0.82867974,2.651775,0.159593636
0.020031988,-0.00035846,-0.00035846,3.53E-05,3.53E-05,-0.000453989,-0.000458355,0.8286792,2.6517732,0.159593637
0.020031988,-0.000348645,-0.000348645,5.40E-05,5.40E-05,-0.000448906,-0.000448132,0.8286784,2.651771,0.159593637
0.020031989,-0.000358399,-0.000358399,3.61E-05,3.61E-05,-0.000453903,-0.000458141,0.8286775,2.6517682,0.159593638
0.020031989,-0.000348596,-0.000348596,5.35E-05,5.35E-05,-0.000448717,-0.000448036,0.82867616,2.651764,0.15959364
0.02003199,-0.000358301,-0.000358301,3.65E-05,3.65E-05,-0.000453697,-0.000457865,0.82867444,2.6517582,0.159593641
0.020031991,-0.000348492,-0.000348492,5.31E-05,5.31E-05,-0.000448406,-0.000447774,0.82867205,2.6517508,0.159593644
0.020031992,-0.000358122,-0.000358122,3.67E-05,3.67E-05,-0.000453259,-0.000457391,0.8286683,2.6517386,0.159593648
0.020031995,-0.000348219,-0.000348219,5.30E-05,5.30E-05,-0.000447679,-0.000447065,0.828662,2.6517181,0.159593656
0.020031999,-0.000357619,-0.000357619,3.67E-05,3.67E-05,-0.000451961,-0.000456076,0.82864994,2.6516795,0.159593671
0.020032009,-0.000347262,-0.000347262,5.30E-05,5.30E-05,-0.000445191,-0.000444573,0.82862586,2.6516027,0.159593702
0.020032027,-0.000355791,-0.000355791,3.67E-05,3.67E-05,-0.000447243,-0.000451334,0.82857764,2.6514482,0.159593763
0.020032064,-0.000343928,-0.000343928,5.29E-05,5.29E-05,-0.000436658,-0.000436004,0.8284813,2.65114,0.159593886
0.020032139,-0.000350171,-0.000350171,3.66E-05,3.66E-05,-0.00043312,-0.000437146,0.8282887,2.6505237,0.159594131
0.020032288,-0.000335653,-0.000335653,5.26E-05,5.26E-05,-0.000416694,-0.000415943,0.8279035,2.649291,0.159594621
0.020032586,-0.000340197,-0.000340197,3.60E-05,3.60E-05,-0.000411402,-0.000415298,0.8271337,2.6468277,0.159595336
0.020032941,-0.000327864,-0.000327864,5.17E-05,5.17E-05,-0.000403446,-0.00040257,0.82621676,2.6438935,0.159596214
0.02003339,-0.000335229,-0.000335229,3.49E-05,3.49E-05,-0.000407124,-0.000410911,0.82506,2.640192,0.159597156
0.020033806,-0.000324334,-0.000324334,5.05E-05,5.05E-05,-0.000403012,-0.000402033,0.8239893,2.6367657,0.159598177
0.020034329,-0.000332233,-0.000332233,3.36E-05,3.36E-05,-0.000408036,-0.000411713,0.82264245,2.6324558,0.15959937
0.020034907,-0.000321071,-0.000321071,4.90E-05,4.90E-05,-0.00040397,-0.000402862,0.82116026,2.627713,0.159600925
0.020035771,-0.000328173,-0.000328173,3.16E-05,3.16E-05,-0.000409082,-0.000412593,0.81894845,2.6206353,0.159602893
0.020036741,-0.000316057,-0.000316057,4.66E-05,4.66E-05,-0.000405388,-0.000404077,0.8164708,2.6127064,0.159605121
0.02003786,-0.000322693,-0.000322693,2.90E-05,2.90E-05,-0.000411612,-0.00041491,0.81362396,2.6035964,0.159607608
0.020039089,-0.000310127,-0.000310127,4.38E-05,4.38E-05,-0.000410018,-0.000408491,0.81050605,2.5936193,0.159610457
0.02004057,-0.000316151,-0.000316151,2.60E-05,2.60E-05,-0.000420404,-0.000423485,0.8067672,2.5816553,0.159614034
0.020042524,-0.00030172,-0.00030172,4.03E-05,4.03E-05,-0.000499779,-0.000498061,0.8018612,2.5659556,0.159616931
0.020043387,-0.000276908,-0.000276908,2.34E-05,2.34E-05,-0.006402715,-0.006406991,0.7997243,2.5591176,0.159618338
0.020043898,-0.000239729,-0.000239729,3.90E-05,3.90E-05,-0.029185895,-0.02918737,0.7985171,2.5552547,0.159619369
0.020044397,-0.000248424,-0.000248424,2.23E-05,2.23E-05,-0.07839633,-0.07840463,0.79747206,2.5519109,0.159620364
0.020044876,-0.000221636,-0.000221636,3.79E-05,3.79E-05,-0.15520899,-0.15521452,0.7966758,2.5493624,0.159621328
0.020045346,-0.000237623,-0.000237623,2.13E-05,2.13E-05,-0.25693968,-0.2569517,0.79617476,2.5477593,0.15962241
0.020045943,-0.000213476,-0.000213476,3.68E-05,3.68E-05,-0.41820332,-0.41821244,0.79604965,2.5473588,0.15962364
0.02004656,-0.000231222,-0.000231222,2.02E-05,2.02E-05,-0.61322546,-0.61324084,0.7966242,2.5491972,0.159624954
0.020047237,-0.000208481,-0.000208481,3.58E-05,3.58E-05,-0.848567,-0.8485789,0.7981766,2.5541654,0.159626408
0.020047987,-0.000226891,-0.000226891,1.92E-05,1.92E-05,-1.1207584,-1.1207759,0.8010852,2.5634727,0.159627994
0.020048781,-0.000203478,-0.000203478,3.50E-05,3.50E-05,-1.3796564,-1.379667,0.80545926,2.5774698,0.159629677
0.020049609,-0.00021993,-0.00021993,1.89E-05,1.89E-05,-1.533283,-1.5332956,0.81099343,2.5951788,0.159631475
0.02005049,-0.000197825,-0.000197825,3.47E-05,3.47E-05,-1.5916888,-1.5916944,0.81739175,2.6156538,0.159633985
0.020051956,-0.000214375,-0.000214375,1.83E-05,1.83E-05,-1.5307559,-1.5307634,0.82788575,2.6492343,0.159637227
0.020053446,-0.000192388,-0.000192388,3.37E-05,3.37E-05,-1.368128,-1.3681289,0.83740383,2.6796925,0.159640153
0.020054564,-0.000210591,-0.000210591,1.72E-05,1.72E-05,-1.228092,-1.2280968,0.8434456,2.699026,0.159642857
0.020055822,-0.000189245,-0.000189245,3.26E-05,3.26E-05,-1.0796274,-1.0796266,0.8490984,2.717115,0.159645696
0.020057025,-0.000207504,-0.000207504,1.62E-05,1.62E-05,-0.9553693,-0.955373,0.8534716,2.731109,0.159648886
0.020058559,-0.000185722,-0.000185722,3.15E-05,3.15E-05,-0.8277185,-0.8277169,0.85783416,2.7450693,0.159652655
0.020060226,-0.000203179,-0.000203179,1.49E-05,1.49E-05,-0.72248137,-0.7224844,0.8613653,2.7563689,0.159656973
0.020062196,-0.00018024,-0.00018024,3.01E-05,3.01E-05,-0.63502085,-0.63501877,0.8643547,2.7659352,0.159662007
0.020064437,-0.000196036,-0.000196036,1.35E-05,1.35E-05,-0.5678938,-0.56789654,0.8666744,2.773358,0.159667579
0.020066833,-0.000171145,-0.000171145,2.86E-05,2.86E-05,-0.5226359,-0.52263355,0.86831486,2.7786074,0.159673493
0.02006934,-0.000185422,-0.000185422,1.20E-05,1.20E-05,-0.49188516,-0.4918878,0.8694359,2.7821946,0.159680823
0.020072893,-0.000157356,-0.000157356,2.68E-05,2.68E-05,-0.4670825,-0.46708006,0.87040794,2.7853055,0.159686849
0.020074311,-0.000542673,-0.000542673,1.17E-05,1.17E-05,-0.46066192,-0.4606645,0.8706572,2.786103,0.159689846
0.020075364,-0.000763283,-0.000763283,2.95E-05,2.95E-05,-0.45754334,-0.4575409,0.8708114,2.7865965,0.159691632
0.020075783,-0.000661463,-0.000661463,1.44E-05,1.44E-05,-0.4558209,-0.45582348,0.87086594,2.786771,0.159692481
0.020076063,-0.001243059,-0.001243059,3.06E-05,3.06E-05,-0.45562357,-0.45562112,0.8709013,2.786884,0.159692934
0.020076157,-0.002406204,-0.002406204,1.46E-05,1.46E-05,-0.45581567,-0.45581824,0.87091327,2.7869225,0.159693124
0.02007622,-0.003913231,-0.003913231,3.04E-05,3.04E-05,-0.45653233,-0.45652986,0.87092185,2.7869496,0.15969326
0.020076269,-0.005160597,-0.005160597,1.46E-05,1.46E-05,-0.45716035,-0.45716292,0.8709288,2.7869723,0.159693365
0.020076306,-0.006243919,-0.006243919,3.03E-05,3.03E-05,-0.4576948,-0.45769233,0.8709342,2.7869895,0.159693442
0.020076333,-0.007122993,-0.007122993,1.45E-05,1.45E-05,-0.4581304,-0.45813295,0.87093824,2.7870023,0.159693492
0.020076347,-0.007595461,-0.007595461,3.03E-05,3.03E-05,-0.45838267,-0.4583802,0.8709405,2.7870095,0.159693518
0.020076354,-0.007837106,-0.007837106,1.45E-05,1.45E-05,-0.45849568,-0.45849824,0.87094146,2.7870126,0.159693529
0.020076357,-0.007927304,-0.007927304,3.02E-05,3.02E-05,-0.45855227,-0.4585498,0.87094194,2.7870142,0.159693536
0.020076359,-0.008024869,-0.008024869,1.46E-05,1.46E-05,-0.4585929,-0.45859542,0.8709423,2.7870152,0.159693542
0.020076362,-0.008095418,-0.008095418,3.01E-05,3.01E-05,-0.45863804,-0.4586356,0.8709427,2.7870166,0.159693548
0.020076364,-0.008200259,-0.008200259,1.47E-05,1.47E-05,-0.4586835,-0.45868602,0.87094307,2.7870178,0.159693557
0.020076369,-0.008358394,-0.008358394,3.00E-05,3.00E-05,-0.45877323,-0.45877078,0.87094384,2.7870202,0.159693575
0.020076379,-0.008732547,-0.008732547,1.48E-05,1.48E-05,-0.4589583,-0.4589608,0.8709454,2.787025,0.15969361
0.020076399,-0.009451472,-0.009451472,2.99E-05,2.99E-05,-0.45933938,-0.45933694,0.87094855,2.7870355,0.159693682
0.020076438,-0.01103084,-0.01103084,1.47E-05,1.47E-05,-0.46015698,-0.46015948,0.870955,2.787056,0.159693825
0.020076516,-0.0144946,-0.0144946,2.98E-05,2.98E-05,-0.46199858,-0.46199614,0.8709687,2.7870996,0.159694111
0.020076673,-0.022880571,-0.022880571,1.45E-05,1.45E-05,-0.46649703,-0.46649954,0.8709997,2.7871993,0.159694683
0.020076987,-0.045067377,-0.045067377,2.94E-05,2.94E-05,-0.47857103,-0.47856858,0.87107986,2.7874556,0.159695465
0.020077318,-0.07600203,-0.07600203,1.40E-05,1.40E-05,-0.49544472,-0.4954472,0.8711967,2.7878296,0.159696227
0.020077614,-0.1098536,-0.1098536,2.89E-05,2.89E-05,-0.51389825,-0.51389575,0.8713359,2.7882748,0.159696978
0.020077937,-0.15305701,-0.15305701,1.35E-05,1.35E-05,-0.5373902,-0.5373926,0.87153196,2.7889023,0.159697727
0.02007823,-0.1975331,-0.1975331,2.84E-05,2.84E-05,-0.5616185,-0.561616,0.8717551,2.7896163,0.159698433
0.020078518,-0.245935,-0.245935,1.31E-05,1.31E-05,-0.58808076,-0.5880832,0.87202185,2.7904701,0.159699138
0.020078809,-0.29900855,-0.29900855,2.80E-05,2.80E-05,-0.6173666,-0.6173641,0.87234265,2.7914965,0.159699938
0.020079175,-0.37167537,-0.37167537,1.26E-05,1.26E-05,-0.6580622,-0.6580646,0.87282926,2.7930536,0.159700795
0.020079512,-0.4435371,-0.4435371,2.75E-05,2.75E-05,-0.6993184,-0.69931585,0.87336445,2.794766,0.159701755
0.020079962,-0.54638594,-0.54638594,1.21E-05,1.21E-05,-0.76047635,-0.76047873,0.8742257,2.7975223,0.159702876
0.020080429,-0.6606085,-0.6606085,2.70E-05,2.70E-05,-0.8322198,-0.8322173,0.8753191,2.801021,0.159704229
0.020081065,-0.8259532,-0.8259532,1.15E-05,1.15E-05,-0.9444042,-0.9444065,0.8771774,2.8069677,0.159705885
0.020081775,-1.0212905,-1.0212905,2.62E-05,2.62E-05,-1.0916377,-1.0916351,0.8798366,2.815477,0.159708022
0.02008279,-1.314217,-1.314217,1.06E-05,1.06E-05,-1.3408712,-1.3408736,0.8849077,2.8317046,0.159710458
0.020083719,-1.5904627,-1.5904627,2.54E-05,2.54E-05,-1.5991299,-1.5991273,0.8910262,2.851284,0.159712155
0.020084126,-1.7126082,-1.7126082,1.01E-05,1.01E-05,-1.7173891,-1.7173914,0.89418226,2.861383,0.159713243
0.020084569,-1.8456807,-1.8456807,2.51E-05,2.51E-05,-1.8481917,-1.8481891,0.8979571,2.8734627,0.1597145
0.020085101,-2.005411,-2.005411,9.78E-06,9.78E-06,-2.0062928,-2.006295,0.9029663,2.889492,0.159715829
0.020085588,-2.1506655,-2.1506655,2.48E-05,2.48E-05,-2.151045,-2.1510425,0.90799695,2.9055903,0.159717166
0.020086115,-2.3070385,-2.3070385,9.50E-06,9.50E-06,-2.3069823,-2.3069844,0.91393864,2.9246037,0.159718666
0.02008671,-2.4813557,-2.4813557,2.45E-05,2.45E-05,-2.481302,-2.4812994,0.9212428,2.947977,0.159720448
0.020087427,-2.6877894,-2.6877894,9.17E-06,9.17E-06,-2.6875572,-2.6875596,0.9308738,2.978796,0.159722704
0.020088337,-2.943004,-2.943004,2.41E-05,2.41E-05,-2.942892,-2.9428895,0.9443807,3.0220182,0.159725791
0.02008959,-3.2795348,-3.2795348,8.69E-06,8.69E-06,-3.2792897,-3.279292,0.965205,3.0886562,0.159731168
0.020091945,-3.8601432,-3.8601432,2.33E-05,2.33E-05,-3.860032,-3.8600297,1.0108222,3.2346308,0.159739995
0.020094989,-4.501404,-4.501404,7.61E-06,7.61E-06,-4.5011644,-4.501167,1.0807904,3.4585292,0.159748819
0.020096667,-4.8006253,-4.8006253,2.24E-05,2.24E-05,-4.8005204,-4.800518,1.1239471,3.5966306,0.159754135
0.020097619,-4.954471,-4.954471,7.10E-06,7.10E-06,-4.9542356,-4.954238,1.1496927,3.6790168,0.159757192
0.020098112,-5.028887,-5.028887,2.21E-05,2.21E-05,-5.028784,-5.028781,1.1633183,3.7226186,0.159758883
0.0200984,-5.0697308,-5.0697308,6.98E-06,6.98E-06,-5.0694966,-5.069499,1.1713918,3.7484539,0.159760002
0.020098622,-5.0981207,-5.0981207,2.21E-05,2.21E-05,-5.098019,-5.0980167,1.1776265,3.768405,0.159761004
0.020098852,-5.1227555,-5.1227555,6.99E-06,6.99E-06,-5.1225233,-5.1225257,1.1841476,3.7892725,0.159762023
0.020099076,-5.1389227,-5.1389227,2.21E-05,2.21E-05,-5.1388245,-5.138822,1.190502,3.8096066,0.159763149
0.020099348,-5.1458473,-5.1458473,7.11E-06,7.11E-06,-5.1456194,-5.1456223,1.1982476,3.834392,0.159764718
0.020099759,-5.1320224,-5.1320224,2.23E-05,2.23E-05,-5.1319294,-5.131927,1.20987,3.871584,0.159766244
0.0201,-5.1145415,-5.1145415,7.16E-06,7.16E-06,-5.114318,-5.1143203,1.2166709,3.8933468,0.159766816
0.0201,-5.114535,-5.114535,6.04E-06,6.04E-06,-5.114318,-5.114319,1.2166709,3.8933468,0.159766816
0.0201,-5.11451,-5.11451,1.42E-05,1.42E-05,-5.1143427,-5.1143403,1.2166713,3.8933482,0.159766816
0.0201,-5.1145287,-5.1145287,1.31E-05,1.31E-05,-5.1143494,-5.114351,1.2166723,3.893351,0.159766816
0.0201,-5.114508,-5.114508,1.59E-05,1.59E-05,-5.114352,-5.114351,1.2166741,3.893357,0.159766816
0.0201,-5.114508,-5.114508,1.34E-05,1.34E-05,-5.1143446,-5.1143465,1.2166777,3.8933685,0.159766817
0.0201,-5.114471,-5.114471,1.61E-05,1.61E-05,-5.1143193,-5.1143184,1.2166848,3.8933916,0.159766819
0.020100001,-5.1144395,-5.1144395,1.33E-05,1.33E-05,-5.1142755,-5.114277,1.2166992,3.8934376,0.159766823
0.020100002,-5.114341,-5.114341,1.61E-05,1.61E-05,-5.114189,-5.114188,1.216728,3.8935297,0.15976683
0.020100004,-5.1141796,-5.1141796,1.33E-05,1.33E-05,-5.114016,-5.1140175,1.2167856,3.8937137,0.159766845
0.020100008,-5.113821,-5.113821,1.61E-05,1.61E-05,-5.113669,-5.113668,1.2169007,3.8940818,0.159766874
0.020100016,-5.1131377,-5.1131377,1.33E-05,1.33E-05,-5.112974,-5.1129756,1.2171308,3.8948185,0.159766932
0.020100033,-5.111726,-5.111726,1.61E-05,1.61E-05,-5.111574,-5.111573,1.2175909,3.8962913,0.159767049
0.020100066,-5.1088905,-5.1088905,1.33E-05,1.33E-05,-5.108727,-5.1087284,1.2185107,3.8992345,0.159767282
0.020100131,-5.102979,-5.102979,1.61E-05,1.61E-05,-5.102828,-5.102827,1.220348,3.905114,0.159767751
0.020100262,-5.090455,-5.090455,1.33E-05,1.33E-05,-5.090293,-5.0902944,1.2240136,3.9168432,0.159768693
0.020100524,-5.063104,-5.063104,1.60E-05,1.60E-05,-5.0629544,-5.0629535,1.2313061,3.940179,0.159770601
0.020101049,-5.0031977,-5.0031977,1.32E-05,1.32E-05,-5.0030375,-5.003039,1.245727,3.9863262,0.15977375
0.020101792,-4.914364,-4.914364,1.58E-05,1.58E-05,-4.9142175,-4.9142165,1.2657982,4.0505543,0.159777733
0.020102603,-4.819493,-4.819493,1.29E-05,1.29E-05,-4.8193364,-4.819338,1.287143,4.1188574,0.159781977
0.020103393,-4.732024,-4.732024,1.54E-05,1.54E-05,-4.7318807,-4.7318797,1.3074752,4.183921,0.159786697
0.020104328,-4.636663,-4.636663,1.25E-05,1.25E-05,-4.636509,-4.6365104,1.3309299,4.258976,0.159792666
0.020105499,-4.529981,-4.529981,1.49E-05,1.49E-05,-4.529841,-4.52984,1.3594775,4.350328,0.159800361
0.020106931,-4.4179053,-4.4179053,1.19E-05,1.19E-05,-4.417755,-4.4177566,1.3932583,4.458427,0.159810192
0.020108664,-4.305952,-4.305952,1.42E-05,1.42E-05,-4.305815,-4.305814,1.4327865,4.584917,0.159823141
0.020110873,-4.194768,-4.194768,1.10E-05,1.10E-05,-4.1946216,-4.194623,1.4813144,4.7402062,0.159841621
0.020113928,-4.08551,-4.08551,1.31E-05,1.31E-05,-4.0853777,-4.0853763,1.545824,4.946637,0.159867202
0.020117564,-4.003888,-4.003888,9.62E-06,9.62E-06,-4.003747,-4.003748,1.6196768,5.1829658,0.159900333
0.020121821,-3.9520786,-3.9520786,1.15E-05,1.15E-05,-3.951951,-3.9519498,1.7033567,5.450742,0.159939539
0.020126009,-3.9302254,-3.9302254,8.01E-06,8.01E-06,-3.9300888,-3.93009,1.7836592,5.7077093,0.1599818
0.020130123,-3.9257712,-3.9257712,1.00E-05,1.00E-05,-3.9256482,-3.925647,1.8611983,5.9558344,0.160017309
0.020132416,-3.9278302,-3.9278302,6.89E-06,6.89E-06,-3.9276965,-3.9276977,1.9039629,6.092681,0.160037276
0.020133566,-3.8162906,-3.8162906,9.90E-06,9.90E-06,-3.8161788,-3.8161778,1.9248364,6.1594763,0.160050715
0.020134683,-3.5722194,-3.5722194,7.12E-06,7.12E-06,-3.5721018,-3.5721033,1.9437166,6.2198935,0.160061683
0.02013538,-3.3840742,-3.3840742,9.88E-06,9.88E-06,-3.3839738,-3.383973,1.9545075,6.254424,0.160070836
0.020136181,-3.1544175,-3.1544175,7.00E-06,7.00E-06,-3.1543083,-3.15431,1.9658073,6.2905836,0.160084619
0.02013761,-2.7459664,-2.7459664,9.57E-06,9.57E-06,-2.7458768,-2.7458758,1.9830769,6.345846,0.160103055
0.020139111,-2.3586774,-2.3586774,6.47E-06,6.47E-06,-2.3585799,-2.3585813,1.997439,6.3918047,0.160123095
0.020140749,-2.0085483,-2.0085483,8.93E-06,8.93E-06,-2.0084684,-2.0084674,2.0093162,6.4298115,0.160145109
0.020142519,-1.7174997,-1.7174997,5.75E-06,5.75E-06,-1.7174108,-1.7174122,2.0185988,6.459516,0.160169988
0.020144565,-1.4776095,-1.4776095,8.14E-06,8.14E-06,-1.4775378,-1.4775367,2.0259454,6.4830256,0.160198856
0.020146914,-1.298719,-1.298719,4.90E-06,4.90E-06,-1.2986381,-1.2986393,2.0313206,6.500226,0.160228902
0.020149116,-1.1960843,-1.1960843,7.32E-06,7.32E-06,-1.1960195,-1.1960183,2.0344322,6.510183,0.160257407
0.020151219,-1.1353714,-1.1353714,4.16E-06,4.16E-06,-1.1352961,-1.1352974,2.0363383,6.5162826,0.160286273
0.020153467,-1.095376,-1.095376,6.61E-06,6.61E-06,-1.0953164,-1.0953152,2.0376732,6.520554,0.160315965
0.020155688,-1.0714276,-1.0714276,3.46E-06,3.46E-06,-1.071357,-1.0713582,2.0385506,6.523362,0.160348397
0.020158344,-1.0544235,-1.0544235,5.86E-06,5.86E-06,-1.0543685,-1.0543673,2.0392606,6.525634,0.160387008
0.020161491,-1.0432376,-1.0432376,2.60E-06,2.60E-06,-1.043172,-1.0431732,2.039824,6.527437,0.160435331
0.020165603,-1.0355825,-1.0355825,4.83E-06,4.83E-06,-1.035533,-1.0355316,2.0403159,6.529011,0.16050085
0.020171328,-1.0303446,-1.0303446,1.28E-06,1.28E-06,-1.0302849,-1.0302861,2.040765,6.5304484,0.16059721
0.020180063,-1.0264955,-1.0264955,3.11E-06,3.11E-06,-1.0264525,-1.0264513,2.0411923,6.5318155,0.160715178
0.020189024,-1.024499,-1.024499,-4.33E-07,-4.33E-07,-1.0244454,-1.0244466,2.0414586,6.532668,0.160841612
0.020199024,-1.0231767,-1.0231767,1.83E-06,1.83E-06,-1.023138,-1.0231369,2.041646,6.533267,0.160974998
0.020209024,-1.0224252,-1.0224252,-1.29E-06,-1.29E-06,-1.0223745,-1.0223758,2.041764,6.5336447,0.1611084
0.020219024,-1.0219424,-1.0219424,1.34E-06,1.34E-06,-1.0219057,-1.0219045,2.0418408,6.5338902,0.161241811
0.020229024,-1.0216533,-1.0216533,-1.55E-06,-1.55E-06,-1.021604,-1.0216051,2.0418916,6.534053,0.16137523
0.020239024,-1.0214461,-1.0214461,1.20E-06,1.20E-06,-1.0214102,-1.021409,2.0419257,6.534162,0.161508652
0.020249024,-1.0213271,-1.0213271,-1.63E-06,-1.63E-06,-1.0212784,-1.0212796,2.0419486,6.5342355,0.161642078
0.020259024,-1.0212283,-1.0212283,1.16E-06,1.16E-06,-1.0211928,-1.0211916,2.0419643,6.5342855,0.161775506
0.020269024,-1.0211805,-1.0211805,-1.65E-06,-1.65E-06,-1.021132,-1.0211332,2.041975,6.53432,0.161908935
0.020279024,-1.021129,-1.021129,1.15E-06,1.15E-06,-1.0210938,-1.0210925,2.0419822,6.5343432,0.162042365
0.020289024,-1.0211128,-1.0211128,-1.66E-06,-1.66E-06,-1.0210644,-1.0210656,2.0419872,6.5343595,0.162175796
0.020299024,-1.0210828,-1.0210828,1.14E-06,1.14E-06,-1.0210475,-1.0210463,2.0419908,6.5343704,0.162309227
0.020309024,-1.021081,-1.021081,-1.66E-06,-1.66E-06,-1.0210327,-1.0210339,2.0419931,6.534378,0.162442659
0.020319024,-1.021061,-1.021061,1.14E-06,1.14E-06,-1.0210258,-1.0210246,2.0419948,6.5343833,0.16257609
0.020329024,-1.021066,-1.021066,-1.66E-06,-1.66E-06,-1.0210177,-1.021019,2.0419958,6.5343866,0.162709522
0.020339024,-1.0210506,-1.0210506,1.14E-06,1.14E-06,-1.0210154,-1.0210142,2.0419967,6.534389,0.162842954
0.020349024,-1.0210589,-1.0210589,-1.66E-06,-1.66E-06,-1.0210106,-1.0210118,2.0419972,6.534391,0.162976386
0.020359024,-1.0210457,-1.0210457,1.14E-06,1.14E-06,-1.0210105,-1.0210093,2.0419974,6.5343924,0.163109819
0.020369024,-1.0210556,-1.0210556,-1.66E-06,-1.66E-06,-1.0210073,-1.0210085,2.0419977,6.534393,0.163243251
0.020379024,-1.0210433,-1.0210433,1.14E-06,1.14E-06,-1.0210083,-1.0210071,2.041998,6.5343933,0.163376683
0.020389024,-1.0210539,-1.0210539,-1.66E-06,-1.66E-06,-1.0210057,-1.021007,2.0419981,6.534394,0.163510115
0.020399024,-1.0210422,-1.0210422,1.14E-06,1.14E-06,-1.0210072,-1.0210059,2.0419981,6.5343943,0.163643547
0.020409024,-1.0210532,-1.0210532,-1.66E-06,-1.66E-06,-1.0210049,-1.0210062,2.0419981,6.5343943,0.163776979
0.020419024,-1.0210418,-1.0210418,1.14E-06,1.14E-06,-1.0210066,-1.0210054,2.0419981,6.5343943,0.163910412
0.020429024,-1.0210528,-1.0210528,-1.66E-06,-1.66E-06,-1.0210046,-1.0210059,2.0419984,6.5343943,0.164043844
0.020439024,-1.0210415,-1.0210415,1.14E-06,1.14E-06,-1.0210063,-1.0210052,2.0419984,6.5343947,0.164177276
0.020449024,-1.0210527,-1.0210527,-1.66E-06,-1.66E-06,-1.0210044,-1.0210056,2.0419984,6.5343943,0.164310708
0.020459024,-1.0210414,-1.0210414,1.14E-06,1.14E-06,-1.0210062,-1.021005,2.0419984,6.5343947,0.164444141
0.020469024,-1.0210526,-1.0210526,-1.66E-06,-1.66E-06,-1.0210044,-1.0210056,2.0419984,6.5343947,0.164577573
0.020479024,-1.0210413,-1.0210413,1.14E-06,1.14E-06,-1.0210061,-1.0210049,2.0419984,6.5343947,0.164711005
0.020489024,-1.0210526,-1.0210526,-1.66E-06,-1.66E-06,-1.0210043,-1.0210055,2.0419984,6.5343947,0.164844437
0.020499024,-1.0210413,-1.0210413,1.14E-06,1.14E-06,-1.0210061,-1.0210049,2.0419984,6.5343947,0.16497787
0.020509024,-1.0210526,-1.0210526,-1.66E-06,-1.66E-06,-1.0210043,-1.0210055,2.0419984,6.5343947,0.165111302
0.020519024,-1.0210413,-1.0210413,1.14E-06,1.14E-06,-1.0210061,-1.0210049,2.0419984,6.5343947,0.165244734
0.020529024,-1.0210526,-1.0210526,-1.66E-06,-1.66E-06,-1.0210043,-1.0210055,2.0419984,6.5343947,0.165378166
0.020539024,-1.0210413,-1.0210413,1.14E-06,1.14E-06,-1.0210061,-1.0210049,2.0419984,6.5343947,0.165511599
0.020549024,-1.0210526,-1.0210526,-1.66E-06,-1.66E-06,-1.0210043,-1.0210055,2.0419984,6.5343947,0.165645031
0.020559024,-1.0210412,-1.0210412,1.14E-06,1.14E-06,-1.0210061,-1.0210049,2.0419984,6.5343947,0.165778463
0.020569024,-1.0210526,-1.0210526,-1.66E-06,-1.66E-06,-1.0210043,-1.0210055,2.0419984,6.5343947,0.165911895
0.020579024,-1.0210412,-1.0210412,1.14E-06,1.14E-06,-1.0210061,-1.0210049,2.0419984,6.5343947,0.166045327
0.020589024,-1.0210526,-1.0210526,-1.66E-06,-1.66E-06,-1.0210043,-1.0210055,2.0419984,6.5343947,0.16617876
0.020599024,-1.0210412,-1.0210412,1.14E-06,1.14E-06,-1.0210061,-1.0210049,2.0419984,6.5343947,0.166312192
0.020609024,-1.0210526,-1.0210526,-1.66E-06,-1.66E-06,-1.0210043,-1.0210055,2.0419984,6.5343947,0.166445624
0.020619024,-1.0210412,-1.0210412,1.14E-06,1.14E-06,-1.0210061,-1.0210048,2.0419984,6.5343947,0.166579056
0.020629024,-1.0210526,-1.0210526,-1.66E-06,-1.66E-06,-1.0210043,-1.0210056,2.0419984,6.5343947,0.166712489
0.020639024,-1.0210412,-1.0210412,1.14E-06,1.14E-06,-1.0210061,-1.0210048,2.0419984,6.5343947,0.166845921
0.020649024,-1.0210526,-1.0210526,-1.66E-06,-1.66E-06,-1.0210043,-1.0210056,2.0419984,6.5343947,0.166979353
0.020659024,-1.0210412,-1.0210412,1.14E-06,1.14E-06,-1.0210061,-1.0210048,2.0419984,6.5343947,0.167112785
0.020669024,-1.0210526,-1.0210526,-1.66E-06,-1.66E-06,-1.0210043,-1.0210056,2.0419984,6.5343947,0.167246218
0.020679024,-1.0210412,-1.0210412,1.14E-06,1.14E-06,-1.0210061,-1.0210048,2.0419984,6.5343947,0.16737965
0.020689024,-1.0210526,-1.0210526,-1.66E-06,-1.66E-06,-1.0210043,-1.0210056,2.0419984,6.5343947,0.167513082
0.020699024,-1.0210412,-1.0210412,1.14E-06,1.14E-06,-1.021006,-1.0210048,2.0419984,6.5343947,0.167646514
0.020709024,-1.0210526,-1.0210526,-1.66E-06,-1.66E-06,-1.0210044,-1.0210056,2.0419984,6.5343947,0.167779947
0.020719024,-1.0210412,-1.0210412,1.14E-06,1.14E-06,-1.021006,-1.0210048,2.0419984,6.5343947,0.167913379
0.020729024,-1.0210526,-1.0210526,-1.66E-06,-1.66E-06,-1.0210044,-1.0210056,2.0419984,6.5343947,0.168046811
0.020739024,-1.0210412,-1.0210412,1.14E-06,1.14E-06,-1.021006,-1.0210048,2.0419984,6.5343947,0.168180243
0.020749024,-1.0210526,-1.0210526,-1.66E-06,-1.66E-06,-1.0210044,-1.0210056,2.0419984,6.5343947,0.168313675
0.020759024,-1.0210412,-1.0210412,1.14E-06,1.14E-06,-1.021006,-1.0210048,2.0419984,6.5343947,0.168447108
0.020769024,-1.0210526,-1.0210526,-1.66E-06,-1.66E-06,-1.0210044,-1.0210056,2.0419984,6.5343947,0.16858054
0.020779024,-1.0210412,-1.0210412,1.14E-06,1.14E-06,-1.021006,-1.0210048,2.0419984,6.5343947,0.168713972
0.020789024,-1.0210526,-1.0210526,-1.66E-06,-1.66E-06,-1.0210044,-1.0210056,2.0419984,6.5343947,0.168847404
0.020799024,-1.0210412,-1.0210412,1.14E-06,1.14E-06,-1.021006,-1.0210048,2.0419984,6.5343947,0.168980837
0.020809024,-1.0210526,-1.0210526,-1.66E-06,-1.66E-06,-1.0210044,-1.0210056,2.0419984,6.5343947,0.169114269
0.020819024,-1.0210412,-1.0210412,1.14E-06,1.14E-06,-1.021006,-1.0210048,2.0419984,6.5343947,0.169247701
0.020829024,-1.0210527,-1.0210527,-1.66E-06,-1.66E-06,-1.0210044,-1.0210056,2.0419984,6.5343947,0.169381133
0.020839024,-1.0210412,-1.0210412,1.14E-06,1.14E-06,-1.021006,-1.0210048,2.0419984,6.5343947,0.169514566
0.020849024,-1.0210527,-1.0210527,-1.66E-06,-1.66E-06,-1.0210044,-1.0210056,2.0419984,6.5343947,0.169647998
0.020859024,-1.0210412,-1.0210412,1.14E-06,1.14E-06,-1.021006,-1.0210048,2.0419984,6.5343947,0.16978143
0.020869024,-1.0210527,-1.0210527,-1.66E-06,-1.66E-06,-1.0210044,-1.0210056,2.0419984,6.5343947,0.169914862
0.020879024,-1.0210412,-1.0210412,1.14E-06,1.14E-06,-1.021006,-1.0210048,2.0419984,6.5343947,0.170048295
0.020889024,-1.0210527,-1.0210527,-1.66E-06,-1.66E-06,-1.0210044,-1.0210056,2.0419984,6.5343947,0.170181727
0.020899024,-1.0210412,-1.0210412,1.14E-06,1.14E-06,-1.021006,-1.0210048,2.0419984,6.5343947,0.170315159
0.020909024,-1.0210527,-1.0210527,-1.66E-06,-1.66E-06,-1.0210044,-1.0210056,2.0419984,6.5343947,0.170448591
0.020919024,-1.0210412,-1.0210412,1.14E-06,1.14E-06,-1.021006,-1.0210048,2.0419984,6.5343947,0.170582023
0.020929024,-1.0210527,-1.0210527,-1.66E-06,-1.66E-06,-1.0210044,-1.0210056,2.0419984,6.5343947,0.170715456
0.020939024,-1.0210412,-1.0210412,1.14E-06,1.14E-06,-1.021006,-1.0210048,2.0419984,6.5343947,0.170848888
0.020949024,-1.0210527,-1.0210527,-1.66E-06,-1.66E-06,-1.0210044,-1.0210056,2.0419984,6.5343947,0.17098232
0.020959024,-1.021041,-1.021041,1.14E-06,1.14E-06,-1.021006,-1.0210048,2.0419984,6.5343947,0.171115752
0.020969024,-1.0210527,-1.0210527,-1.66E-06,-1.66E-06,-1.0210044,-1.0210056,2.0419984,6.5343947,0.171249185
0.020979024,-1.021041,-1.021041,1.14E-06,1.14E-06,-1.021006,-1.0210048,2.0419984,6.5343947,0.171382617
0.020989024,-1.0210527,-1.0210527,-1.66E-06,-1.66E-06,-1.0210044,-1.0210056,2.0419984,6.5343947,0.171516049
0.020999024,-1.021041,-1.021041,1.14E-06,1.14E-06,-1.021006,-1.0210048,2.0419984,6.5343947,0.171589275
0.021,-1.0210527,-1.0210527,-1.66E-06,-1.66E-06,-1.0210044,-1.0210057,2.0419984,6.5343947,0.171595785
0.021,-1.0210509,-1.0210509,-2.92E-07,-2.92E-07,-1.0210046,-1.0210048,2.0419984,6.5343947,0.171595785
0.021,-1.021045,-1.021045,-3.46E-07,-3.46E-07,-1.0210047,-1.0210047,2.0419984,6.5343947,0.171595785
0.021,-1.0210482,-1.0210482,-1.17E-07,-1.17E-07,-1.0210048,-1.0210048,2.0419984,6.5343947,0.171595786
0.021,-1.0210454,-1.0210454,-4.40E-07,-4.40E-07,-1.0210048,-1.0210049,2.0419984,6.5343947,0.171595787
0.021,-1.0210478,-1.0210478,-7.87E-08,-7.87E-08,-1.0210049,-1.0210049,2.0419984,6.5343947,0.17159579
0.021,-1.0210456,-1.0210456,-4.50E-07,-4.50E-07,-1.0210048,-1.0210049,2.0419984,6.5343947,0.171595795
0.021000001,-1.0210477,-1.0210477,-7.09E-08,-7.09E-08,-1.0210049,-1.0210049,2.0419984,6.5343947,0.171595805
0.021000002,-1.0210456,-1.0210456,-4.53E-07,-4.53E-07,-1.0210048,-1.0210049,2.0419984,6.5343947,0.171595825
0.021000004,-1.0210477,-1.0210477,-6.99E-08,-6.99E-08,-1.021005,-1.0210049,2.0419984,6.5343947,0.171595866
0.021000008,-1.0210457,-1.0210457,-4.54E-07,-4.54E-07,-1.0210049,-1.021005,2.0419984,6.5343947,0.171595948
0.021000016,-1.0210478,-1.0210478,-6.96E-08,-6.96E-08,-1.0210052,-1.021005,2.0419984,6.5343947,0.171596112
0.021000033,-1.0210458,-1.0210458,-4.55E-07,-4.55E-07,-1.0210052,-1.0210052,2.0419984,6.5343947,0.17159644
0.021000066,-1.021048,-1.021048,-6.95E-08,-6.95E-08,-1.0210053,-1.0210052,2.0419984,6.5343947,0.171597096
0.021000131,-1.0210458,-1.0210458,-4.55E-07,-4.55E-07,-1.0210052,-1.0210053,2.0419984,6.5343947,0.171598408
0.021000262,-1.021048,-1.021048,-6.95E-08,-6.95E-08,-1.0210053,-1.0210052,2.0419984,6.5343947,0.171601031
0.021000524,-1.0210458,-1.0210458,-4.55E-07,-4.55E-07,-1.0210052,-1.0210053,2.0419984,6.5343947,0.171606278
0.021001049,-1.021048,-1.021048,-6.95E-08,-6.95E-08,-1.0210053,-1.0210052,2.0419984,6.5343947,0.171616772
0.021002097,-1.0210458,-1.0210458,-4.55E-07,-4.55E-07,-1.0210052,-1.0210053,2.0419984,6.5343947,0.171637759
0.021004194,-1.021048,-1.021048,-6.95E-08,-6.95E-08,-1.0210053,-1.0210052,2.0419984,6.5343947,0.171679733
0.021008389,-1.0210458,-1.0210458,-4.55E-07,-4.55E-07,-1.0210052,-1.0210053,2.0419984,6.5343947,0.171763681
0.021016777,-1.021048,-1.021048,-6.95E-08,-6.95E-08,-1.0210053,-1.0210052,2.0419984,6.5343947,0.171886363
0.021026777,-1.0210458,-1.0210458,-4.55E-07,-4.55E-07,-1.0210052,-1.0210053,2.0419984,6.5343947,0.172019795
0.021036777,-1.021048,-1.021048,-6.95E-08,-6.95E-08,-1.0210053,-1.0210052,2.0419984,6.5343947,0.172153227
0.021046777,-1.0210458,-1.0210458,-4.55E-07,-4.55E-07,-1.0210052,-1.0210053,2.0419984,6.5343947,0.172286659
0.021056777,-1.021048,-1.021048,-6.95E-08,-6.95E-08,-1.0210053,-1.0210052,2.0419984,6.5343947,0.172420092
0.021066777,-1.0210458,-1.0210458,-4.55E-07,-4.55E-07,-1.0210052,-1.0210053,2.0419984,6.5343947,0.172553524
0.021076777,-1.021048,-1.021048,-6.95E-08,-6.95E-08,-1.0210053,-1.0210052,2.0419984,6.5343947,0.172686956
0.021086777,-1.0210458,-1.0210458,-4.55E-07,-4.55E-07,-1.0210052,-1.0210053,2.0419984,6.5343947,0.172820388
0.021096777,-1.021048,-1.021048,-6.95E-08,-6.95E-08,-1.0210053,-1.0210052,2.0419984,6.5343947,0.172953821
0.021106777,-1.0210458,-1.0210458,-4.55E-07,-4.55E-07,-1.0210052,-1.0210053,2.0419984,6.5343947,0.173087253
0.021116777,-1.021048,-1.021048,-6.95E-08,-6.95E-08,-1.0210053,-1.0210052,2.0419984,6.5343947,0.173220685
0.021126777,-1.0210458,-1.0210458,-4.55E-07,-4.55E-07,-1.0210052,-1.0210053,2.0419984,6.5343947,0.173354117
0.021136777,-1.021048,-1.021048,-6.95E-08,-6.95E-08,-1.0210053,-1.0210052,2.0419984,6.5343947,0.17348755
0.021146777,-1.0210458,-1.0210458,-4.55E-07,-4.55E-07,-1.0210052,-1.0210053,2.0419984,6.5343947,0.173620982
0.021156777,-1.021048,-1.021048,-6.95E-08,-6.95E-08,-1.0210053,-1.0210052,2.0419984,6.5343947,0.173754414
0.021166777,-1.0210458,-1.0210458,-4.55E-07,-4.55E-07,-1.0210052,-1.0210053,2.0419984,6.5343947,0.173887846
0.021176777,-1.021048,-1.021048,-6.95E-08,-6.95E-08,-1.0210053,-1.0210052,2.0419984,6.5343947,0.174021278
0.021186777,-1.0210458,-1.0210458,-4.55E-07,-4.55E-07,-1.0210052,-1.0210053,2.0419984,6.5343947,0.174154711
0.021196777,-1.021048,-1.021048,-6.95E-08,-6.95E-08,-1.0210053,-1.0210052,2.0419984,6.5343947,0.174288143
0.021206777,-1.0210458,-1.0210458,-4.55E-07,-4.55E-07,-1.0210052,-1.0210053,2.0419984,6.5343947,0.174421575
0.021216777,-1.021048,-1.021048,-6.95E-08,-6.95E-08,-1.0210053,-1.0210052,2.0419984,6.5343947,0.174555007
0.021226777,-1.0210458,-1.0210458,-4.55E-07,-4.55E-07,-1.0210052,-1.0210053,2.0419984,6.5343947,0.17468844
0.021236777,-1.021048,-1.021048,-6.95E-08,-6.95E-08,-1.0210053,-1.0210052,2.0419984,6.5343947,0.174821872
0.021246777,-1.0210458,-1.0210458,-4.55E-07,-4.55E-07,-1.0210052,-1.0210053,2.0419984,6.5343947,0.174955304
0.021256777,-1.021048,-1.021048,-6.95E-08,-6.95E-08,-1.0210053,-1.0210052,2.0419984,6.5343947,0.175088736
0.021266777,-1.0210458,-1.0210458,-4.55E-07,-4.55E-07,-1.0210052,-1.0210053,2.0419984,6.5343947,0.175222169
0.021276777,-1.021048,-1.021048,-6.95E-08,-6.95E-08,-1.0210053,-1.0210052,2.0419984,6.5343947,0.175355601
0.021286777,-1.0210458,-1.0210458,-4.55E-07,-4.55E-07,-1.0210052,-1.0210053,2.0419984,6.5343947,0.175489033
0.021296777,-1.021048,-1.021048,-6.95E-08,-6.95E-08,-1.0210053,-1.0210052,2.0419984,6.5343947,0.175622465
0.021306777,-1.0210458,-1.0210458,-4.55E-07,-4.55E-07,-1.0210052,-1.0210053,2.0419984,6.5343947,0.175755898
0.021316777,-1.021048,-1.021048,-6.95E-08,-6.95E-08,-1.0210053,-1.0210052,2.0419984,6.5343947,0.17588933
0.021326777,-1.0210458,-1.0210458,-4.55E-07,-4.55E-07,-1.0210052,-1.0210053,2.0419984,6.5343947,0.176022762
0.021336777,-1.021048,-1.021048,-6.95E-08,-6.95E-08,-1.0210053,-1.0210052,2.0419984,6.5343947,0.176156194
0.021346777,-1.0210458,-1.0210458,-4.55E-07,-4.55E-07,-1.0210052,-1.0210053,2.0419984,6.5343947,0.176289626
0.021356777,-1.021048,-1.021048,-6.95E-08,-6.95E-08,-1.0210053,-1.0210052,2.0419984,6.5343947,0.176423059
0.021366777,-1.0210458,-1.0210458,-4.55E-07,-4.55E-07,-1.0210052,-1.0210053,2.0419984,6.5343947,0.176556491
0.021376777,-1.021048,-1.021048,-6.95E-08,-6.95E-08,-1.0210053,-1.0210052,2.0419984,6.5343947,0.176689923
0.021386777,-1.0210458,-1.0210458,-4.55E-07,-4.55E-07,-1.0210052,-1.0210053,2.0419984,6.5343947,0.176823355
0.021396777,-1.021048,-1.021048,-6.95E-08,-6.95E-08,-1.0210053,-1.0210052,2.0419984,6.5343947,0.176956788
0.021406777,-1.0210458,-1.0210458,-4.55E-07,-4.55E-07,-1.0210052,-1.0210053,2.0419984,6.5343947,0.17709022
0.021416777,-1.021048,-1.021048,-6.95E-08,-6.95E-08,-1.0210053,-1.0210052,2.0419984,6.5343947,0.177223652
0.021426777,-1.0210458,-1.0210458,-4.55E-07,-4.55E-07,-1.0210052,-1.0210053,2.0419984,6.5343947,0.177357084
0.021436777,-1.021048,-1.021048,-6.95E-08,-6.95E-08,-1.0210053,-1.0210052,2.0419984,6.5343947,0.177490517
0.021446777,-1.0210458,-1.0210458,-4.55E-07,-4.55E-07,-1.0210052,-1.0210053,2.0419984,6.5343947,0.177623949
0.021456777,-1.021048,-1.021048,-6.95E-08,-6.95E-08,-1.0210053,-1.0210052,2.0419984,6.5343947,0.177757381
0.021466777,-1.0210458,-1.0210458,-4.55E-07,-4.55E-07,-1.0210052,-1.0210053,2.0419984,6.5343947,0.177890813
0.021476777,-1.021048,-1.021048,-6.95E-08,-6.95E-08,-1.0210053,-1.0210052,2.0419984,6.5343947,0.178024246
0.021486777,-1.0210458,-1.0210458,-4.55E-07,-4.55E-07,-1.0210052,-1.0210053,2.0419984,6.5343947,0.178157678
0.021496777,-1.021048,-1.021048,-6.95E-08,-6.95E-08,-1.0210053,-1.0210052,2.0419984,6.5343947,0.17829111
0.021506777,-1.0210458,-1.0210458,-4.55E-07,-4.55E-07,-1.0210052,-1.0210053,2.0419984,6.5343947,0.178424542
0.021516777,-1.021048,-1.021048,-6.95E-08,-6.95E-08,-1.0210053,-1.0210052,2.0419984,6.5343947,0.178557974
0.021526777,-1.0210458,-1.0210458,-4.55E-07,-4.55E-07,-1.0210052,-1.0210053,2.0419984,6.5343947,0.178691407
0.021536777,-1.021048,-1.021048,-6.95E-08,-6.95E-08,-1.0210053,-1.0210052,2.0419984,6.5343947,0.178824839
0.021546777,-1.0210458,-1.0210458,-4.55E-07,-4.55E-07,-1.0210052,-1.0210053,2.0419984,6.5343947,0.178958271
0.021556777,-1.021048,-1.021048,-6.95E-08,-6.95E-08,-1.0210053,-1.0210052,2.0419984,6.5343947,0.179091703
0.021566777,-1.0210458,-1.0210458,-4.55E-07,-4.55E-07,-1.0210052,-1.0210053,2.0419984,6.5343947,0.179225136
0.021576777,-1.021048,-1.021048,-6.95E-08,-6.95E-08,-1.0210053,-1.0210052,2.0419984,6.5343947,0.179358568
0.021586777,-1.0210458,-1.0210458,-4.55E-07,-4.55E-07,-1.0210052,-1.0210053,2.0419984,6.5343947,0.179492
0.021596777,-1.021048,-1.021048,-6.95E-08,-6.95E-08,-1.0210053,-1.0210052,2.0419984,6.5343947,0.179625432
0.021606777,-1.0210458,-1.0210458,-4.55E-07,-4.55E-07,-1.0210052,-1.0210053,2.0419984,6.5343947,0.179758865
0.021616777,-1.021048,-1.021048,-6.95E-08,-6.95E-08,-1.0210053,-1.0210052,2.0419984,6.5343947,0.179892297
0.021626777,-1.0210458,-1.0210458,-4.55E-07,-4.55E-07,-1.0210052,-1.0210053,2.0419984,6.5343947,0.180025729
0.021636777,-1.021048,-1.021048,-6.95E-08,-6.95E-08,-1.0210053,-1.0210052,2.0419984,6.5343947,0.180159161
0.021646777,-1.0210458,-1.0210458,-4.55E-07,-4.55E-07,-1.0210052,-1.0210053,2.0419984,6.5343947,0.180292594
0.021656777,-1.021048,-1.021048,-6.95E-08,-6.95E-08,-1.0210053,-1.0210052,2.0419984,6.5343947,0.180426026
0.021666777,-1.0210458,-1.0210458,-4.55E-07,-4.55E-07,-1.0210052,-1.0210053,2.0419984,6.5343947,0.180559458
0.021676777,-1.021048,-1.021048,-6.95E-08,-6.95E-08,-1.0210053,-1.0210052,2.0419984,6.5343947,0.18069289
0.021686777,-1.0210458,-1.0210458,-4.55E-07,-4.55E-07,-1.0210052,-1.0210053,2.0419984,6.5343947,0.180826322
0.021696777,-1.021048,-1.021048,-6.95E-08,-6.95E-08,-1.0210053,-1.0210052,2.0419984,6.5343947,0.180959755
0.021706777,-1.0210458,-1.0210458,-4.55E-07,-4.55E-07,-1.0210052,-1.0210053,2.0419984,6.5343947,0.181093187
0.021716777,-1.021048,-1.021048,-6.95E-08,-6.95E-08,-1.0210053,-1.0210052,2.0419984,6.5343947,0.181226619
0.021726777,-1.0210458,-1.0210458,-4.55E-07,-4.55E-07,-1.0210052,-1.0210053,2.0419984,6.5343947,0.181360051
0.021736777,-1.021048,-1.021048,-6.95E-08,-6.95E-08,-1.0210053,-1.0210052,2.0419984,6.5343947,0.181493484
0.021746777,-1.0210458,-1.0210458,-4.55E-07,-4.55E-07,-1.0210052,-1.0210053,2.0419984,6.5343947,0.181626916
0.021756777,-1.021048,-1.021048,-6.95E-08,-6.95E-08,-1.0210053,-1.0210052,2.0419984,6.5343947,0.181760348
0.021766777,-1.0210458,-1.0210458,-4.55E-07,-4.55E-07,-1.0210052,-1.0210053,2.0419984,6.5343947,0.18189378
0.021776777,-1.021048,-1.021048,-6.95E-08,-6.95E-08,-1.0210053,-1.0210052,2.0419984,6.5343947,0.182027213
0.021786777,-1.0210458,-1.0210458,-4.55E-07,-4.55E-07,-1.0210052,-1.0210053,2.0419984,6.5343947,0.182160645
0.021796777,-1.021048,-1.021048,-6.95E-08,-6.95E-08,-1.0210053,-1.0210052,2.0419984,6.5343947,0.182294077
0.021806777,-1.0210458,-1.0210458,-4.55E-07,-4.55E-07,-1.0210052,-1.0210053,2.0419984,6.5343947,0.182427509
0.021816777,-1.021048,-1.021048,-6.95E-08,-6.95E-08,-1.0210053,-1.0210052,2.0419984,6.5343947,0.182560942
0.021826777,-1.0210458,-1.0210458,-4.55E-07,-4.55E-07,-1.0210052,-1.0210053,2.0419984,6.5343947,0.182694374
0.021836777,-1.021048,-1.021048,-6.95E-08,-6.95E-08,-1.0210053,-1.0210052,2.0419984,6.5343947,0.182827806
0.021846777,-1.0210458,-1.0210458,-4.55E-07,-4.55E-07,-1.0210052,-1.0210053,2.0419984,6.5343947,0.182961238
0.021856777,-1.021048,-1.021048,-6.95E-08,-6.95E-08,-1.0210053,-1.0210052,2.0419984,6.5343947,0.18309467
0.021866777,-1.0210458,-1.0210458,-4.55E-07,-4.55E-07,-1.0210052,-1.0210053,2.0419984,6.5343947,0.183228103
0.021876777,-1.021048,-1.021048,-6.95E-08,-6.95E-08,-1.0210053,-1.0210052,2.0419984,6.5343947,0.183361535
0.021886777,-1.0210458,-1.0210458,-4.55E-07,-4.55E-07,-1.0210052,-1.0210053,2.0419984,6.5343947,0.183494967
0.021896777,-1.021048,-1.021048,-6.95E-08,-6.95E-08,-1.0210053,-1.0210052,2.0419984,6.5343947,0.183628399
0.021906777,-1.0210458,-1.0210458,-4.55E-07,-4.55E-07,-1.0210052,-1.0210053,2.0419984,6.5343947,0.183761832
0.021916777,-1.021048,-1.021048,-6.95E-08,-6.95E-08,-1.0210053,-1.0210052,2.0419984,6.5343947,0.183895264
0.021926777,-1.0210458,-1.0210458,-4.55E-07,-4.55E-07,-1.0210052,-1.0210053,2.0419984,6.5343947,0.184028696
0.021936777,-1.021048,-1.021048,-6.95E-08,-6.95E-08,-1.0210053,-1.0210052,2.0419984,6.5343947,0.184162128
0.021946777,-1.0210458,-1.0210458,-4.55E-07,-4.55E-07,-1.0210052,-1.0210053,2.0419984,6.5343947,0.184295561
0.021956777,-1.021048,-1.021048,-6.95E-08,-6.95E-08,-1.0210053,-1.0210052,2.0419984,6.5343947,0.184428993
0.021966777,-1.0210458,-1.0210458,-4.55E-07,-4.55E-07,-1.0210052,-1.0210053,2.0419984,6.5343947,0.184562425
0.021976777,-1.021048,-1.021048,-6.95E-08,-6.95E-08,-1.0210053,-1.0210052,2.0419984,6.5343947,0.184695857
0.021986777,-1.0210458,-1.0210458,-4.55E-07,-4.55E-07,-1.0210052,-1.0210053,2.0419984,6.5343947,0.18482929
0.021996777,-1.021048,-1.021048,-6.95E-08,-6.95E-08,-1.0210053,-1.0210052,2.0419984,6.5343947,0.184962722
0.022006777,-1.0210458,-1.0210458,-4.55E-07,-4.55E-07,-1.0210052,-1.0210053,2.0419984,6.5343947,0.185096154
0.022016777,-1.021048,-1.021048,-6.95E-08,-6.95E-08,-1.0210053,-1.0210052,2.0419984,6.5343947,0.185229586
0.022026777,-1.0210458,-1.0210458,-4.55E-07,-4.55E-07,-1.0210052,-1.0210053,2.0419984,6.5343947,0.185363018
0.022036777,-1.021048,-1.021048,-6.95E-08,-6.95E-08,-1.0210053,-1.0210052,2.0419984,6.5343947,0.185496451
0.022046777,-1.0210458,-1.0210458,-4.55E-07,-4.55E-07,-1.0210052,-1.0210053,2.0419984,6.5343947,0.185629883
0.022056777,-1.021048,-1.021048,-6.95E-08,-6.95E-08,-1.0210053,-1.0210052,2.0419984,6.5343947,0.185763315
0.022066777,-1.0210458,-1.0210458,-4.55E-07,-4.55E-07,-1.0210052,-1.0210053,2.0419984,6.5343947,0.185896747
0.022076777,-1.021048,-1.021048,-6.95E-08,-6.95E-08,-1.0210053,-1.0210052,2.0419984,6.5343947,0.18603018
0.022086777,-1.0210458,-1.0210458,-4.55E-07,-4.55E-07,-1.0210052,-1.0210053,2.0419984,6.5343947,0.186163612
0.022096777,-1.021048,-1.021048,-6.95E-08,-6.95E-08,-1.0210053,-1.0210052,2.0419984,6.5343947,0.186297044
0.022106777,-1.0210458,-1.0210458,-4.55E-07,-4.55E-07,-1.0210052,-1.0210053,2.0419984,6.5343947,0.186430476
0.022116777,-1.021048,-1.021048,-6.95E-08,-6.95E-08,-1.0210053,-1.0210052,2.0419984,6.5343947,0.186563909
0.022126777,-1.0210458,-1.0210458,-4.55E-07,-4.55E-07,-1.0210052,-1.0210053,2.0419984,6.5343947,0.186697341
0.022136777,-1.021048,-1.021048,-6.95E-08,-6.95E-08,-1.0210053,-1.0210052,2.0419984,6.5343947,0.186830773
0.022146777,-1.0210458,-1.0210458,-4.55E-07,-4.55E-07,-1.0210052,-1.0210053,2.0419984,6.5343947,0.186964205
0.022156777,-1.021048,-1.021048,-6.95E-08,-6.95E-08,-1.0210053,-1.0210052,2.0419984,6.5343947,0.187097638
0.022166777,-1.0210458,-1.0210458,-4.55E-07,-4.55E-07,-1.0210052,-1.0210053,2.0419984,6.5343947,0.18723107
0.022176777,-1.021048,-1.021048,-6.95E-08,-6.95E-08,-1.0210053,-1.0210052,2.0419984,6.5343947,0.187364502
0.022186777,-1.0210458,-1.0210458,-4.55E-07,-4.55E-07,-1.0210052,-1.0210053,2.0419984,6.5343947,0.187497934
0.022196777,-1.021048,-1.021048,-6.95E-08,-6.95E-08,-1.0210053,-1.0210052,2.0419984,6.5343947,0.187631367
0.022206777,-1.0210458,-1.0210458,-4.55E-07,-4.55E-07,-1.0210052,-1.0210053,2.0419984,6.5343947,0.187764799
0.022216777,-1.021048,-1.021048,-6.95E-08,-6.95E-08,-1.0210053,-1.0210052,2.0419984,6.5343947,0.187898231
0.022226777,-1.0210458,-1.0210458,-4.55E-07,-4.55E-07,-1.0210052,-1.0210053,2.0419984,6.5343947,0.188031663
0.022236777,-1.021048,-1.021048,-6.95E-08,-6.95E-08,-1.0210053,-1.0210052,2.0419984,6.5343947,0.188165095
0.022246777,-1.0210458,-1.0210458,-4.55E-07,-4.55E-07,-1.0210052,-1.0210053,2.0419984,6.5343947,0.188298528
0.022256777,-1.021048,-1.021048,-6.95E-08,-6.95E-08,-1.0210053,-1.0210052,2.0419984,6.5343947,0.18843196
0.022266777,-1.0210458,-1.0210458,-4.55E-07,-4.55E-07,-1.0210052,-1.0210053,2.0419984,6.5343947,0.188565392
0.022276777,-1.021048,-1.021048,-6.95E-08,-6.95E-08,-1.0210053,-1.0210052,2.0419984,6.5343947,0.188698824
0.022286777,-1.0210458,-1.0210458,-4.55E-07,-4.55E-07,-1.0210052,-1.0210053,2.0419984,6.5343947,0.188832257
0.022296777,-1.021048,-1.021048,-6.95E-08,-6.95E-08,-1.0210053,-1.0210052,2.0419984,6.5343947,0.188965689
0.022306777,-1.0210458,-1.0210458,-4.55E-07,-4.55E-07,-1.0210052,-1.0210053,2.0419984,6.5343947,0.189099121
0.022316777,-1.021048,-1.021048,-6.95E-08,-6.95E-08,-1.0210053,-1.0210052,2.0419984,6.5343947,0.189232553
0.022326777,-1.0210458,-1.0210458,-4.55E-07,-4.55E-07,-1.0210052,-1.0210053,2.0419984,6.5343947,0.189365986
0.022336777,-1.021048,-1.021048,-6.95E-08,-6.95E-08,-1.0210053,-1.0210052,2.0419984,6.5343947,0.189499418
0.022346777,-1.0210458,-1.0210458,-4.55E-07,-4.55E-07,-1.0210052,-1.0210053,2.0419984,6.5343947,0.18963285
0.022356777,-1.021048,-1.021048,-6.95E-08,-6.95E-08,-1.0210053,-1.0210052,2.0419984,6.5343947,0.189766282
0.022366777,-1.0210458,-1.0210458,-4.55E-07,-4.55E-07,-1.0210052,-1.0210053,2.0419984,6.5343947,0.189899715
0.022376777,-1.021048,-1.021048,-6.95E-08,-6.95E-08,-1.0210053,-1.0210052,2.0419984,6.5343947,0.190033147
0.022386777,-1.0210458,-1.0210458,-4.55E-07,-4.55E-07,-1.0210052,-1.0210053,2.0419984,6.5343947,0.190166579
0.022396777,-1.021048,-1.021048,-6.95E-08,-6.95E-08,-1.0210053,-1.0210052,2.0419984,6.5343947,0.190300011
0.022406777,-1.0210458,-1.0210458,-4.55E-07,-4.55E-07,-1.0210052,-1.0210053,2.0419984,6.5343947,0.190433443
0.022416777,-1.021048,-1.021048,-6.95E-08,-6.95E-08,-1.0210053,-1.0210052,2.0419984,6.5343947,0.190566876
0.022426777,-1.0210458,-1.0210458,-4.55E-07,-4.55E-07,-1.0210052,-1.0210053,2.0419984,6.5343947,0.190700308
0.022436777,-1.021048,-1.021048,-6.95E-08,-6.95E-08,-1.0210053,-1.0210052,2.0419984,6.5343947,0.19083374
0.022446777,-1.0210458,-1.0210458,-4.55E-07,-4.55E-07,-1.0210052,-1.0210053,2.0419984,6.5343947,0.190967172
0.022456777,-1.021048,-1.021048,-6.95E-08,-6.95E-08,-1.0210053,-1.0210052,2.0419984,6.5343947,0.191100605
0.022466777,-1.0210458,-1.0210458,-4.55E-07,-4.55E-07,-1.0210052,-1.0210053,2.0419984,6.5343947,0.191234037
0.022476777,-1.021048,-1.021048,-6.95E-08,-6.95E-08,-1.0210053,-1.0210052,2.0419984,6.5343947,0.191367469
0.022486777,-1.0210458,-1.0210458,-4.55E-07,-4.55E-07,-1.0210052,-1.0210053,2.0419984,6.5343947,0.191500901
0.022496777,-1.021048,-1.021048,-6.95E-08,-6.95E-08,-1.0210053,-1.0210052,2.0419984,6.5343947,0.191634334
0.022506777,-1.0210458,-1.0210458,-4.55E-07,-4.55E-07,-1.0210052,-1.0210053,2.0419984,6.5343947,0.191767766
0.022516777,-1.021048,-1.021048,-6.95E-08,-6.95E-08,-1.0210053,-1.0210052,2.0419984,6.5343947,0.191901198
0.022526777,-1.0210458,-1.0210458,-4.55E-07,-4.55E-07,-1.0210052,-1.0210053,2.0419984,6.5343947,0.19203463
0.022536777,-1.021048,-1.021048,-6.95E-08,-6.95E-08,-1.0210053,-1.0210052,2.0419984,6.5343947,0.192168063
0.022546777,-1.0210458,-1.0210458,-4.55E-07,-4.55E-07,-1.0210052,-1.0210053,2.0419984,6.5343947,0.192301495
0.022556777,-1.021048,-1.021048,-6.95E-08,-6.95E-08,-1.0210053,-1.0210052,2.0419984,6.5343947,0.192434927
0.022566777,-1.0210458,-1.0210458,-4.55E-07,-4.55E-07,-1.0210052,-1.0210053,2.0419984,6.5343947,0.192568359
0.022576777,-1.021048,-1.021048,-6.95E-08,-6.95E-08,-1.0210053,-1.0210052,2.0419984,6.5343947,0.192701791
0.022586777,-1.0210458,-1.0210458,-4.55E-07,-4.55E-07,-1.0210052,-1.0210053,2.0419984,6.5343947,0.192835224
0.022596777,-1.021048,-1.021048,-6.95E-08,-6.95E-08,-1.0210053,-1.0210052,2.0419984,6.5343947,0.192968656
0.022606777,-1.0210458,-1.0210458,-4.55E-07,-4.55E-07,-1.0210052,-1.0210053,2.0419984,6.5343947,0.193102088
0.022616777,-1.021048,-1.021048,-6.95E-08,-6.95E-08,-1.0210053,-1.0210052,2.0419984,6.5343947,0.19323552
0.022626777,-1.0210458,-1.0210458,-4.55E-07,-4.55E-07,-1.0210052,-1.0210053,2.0419984,6.5343947,0.193368953
0.022636777,-1.021048,-1.021048,-6.95E-08,-6.95E-08,-1.0210053,-1.0210052,2.0419984,6.5343947,0.193502385
0.022646777,-1.0210458,-1.0210458,-4.55E-07,-4.55E-07,-1.0210052,-1.0210053,2.0419984,6.5343947,0.193635817
0.022656777,-1.021048,-1.021048,-6.95E-08,-6.95E-08,-1.0210053,-1.0210052,2.0419984,6.5343947,0.193769249
0.022666777,-1.0210458,-1.0210458,-4.55E-07,-4.55E-07,-1.0210052,-1.0210053,2.0419984,6.5343947,0.193902682
0.022676777,-1.021048,-1.021048,-6.95E-08,-6.95E-08,-1.0210053,-1.0210052,2.0419984,6.5343947,0.194036114
0.022686777,-1.0210458,-1.0210458,-4.55E-07,-4.55E-07,-1.0210052,-1.0210053,2.0419984,6.5343947,0.194169546
0.022696777,-1.021048,-1.021048,-6.95E-08,-6.95E-08,-1.0210053,-1.0210052,2.0419984,6.5343947,0.194302978
0.022706777,-1.0210458,-1.0210458,-4.55E-07,-4.55E-07,-1.0210052,-1.0210053,2.0419984,6.5343947,0.194436411
0.022716777,-1.021048,-1.021048,-6.95E-08,-6.95E-08,-1.0210053,-1.0210052,2.0419984,6.5343947,0.194569843
0.022726777,-1.0210458,-1.0210458,-4.55E-07,-4.55E-07,-1.0210052,-1.0210053,2.0419984,6.5343947,0.194703275
0.022736777,-1.021048,-1.021048,-6.95E-08,-6.95E-08,-1.0210053,-1.0210052,2.0419984,6.5343947,0.194836707
0.022746777,-1.0210458,-1.0210458,-4.55E-07,-4.55E-07,-1.0210052,-1.0210053,2.0419984,6.5343947,0.194970139
0.022756777,-1.021048,-1.021048,-6.95E-08,-6.95E-08,-1.0210053,-1.0210052,2.0419984,6.5343947,0.195103572
0.022766777,-1.0210458,-1.0210458,-4.55E-07,-4.55E-07,-1.0210052,-1.0210053,2.0419984,6.5343947,0.195237004
0.022776777,-1.021048,-1.021048,-6.95E-08,-6.95E-08,-1.0210053,-1.0210052,2.0419984,6.5343947,0.195370436
0.022786777,-1.0210458,-1.0210458,-4.55E-07,-4.55E-07,-1.0210052,-1.0210053,2.0419984,6.5343947,0.195503868
0.022796777,-1.021048,-1.021048,-6.95E-08,-6.95E-08,-1.0210053,-1.0210052,2.0419984,6.5343947,0.195637301
0.022806777,-1.0210458,-1.0210458,-4.55E-07,-4.55E-07,-1.0210052,-1.0210053,2.0419984,6.5343947,0.195770733
0.022816777,-1.021048,-1.021048,-6.95E-08,-6.95E-08,-1.0210053,-1.0210052,2.0419984,6.5343947,0.195904165
0.022826777,-1.0210458,-1.0210458,-4.55E-07,-4.55E-07,-1.0210052,-1.0210053,2.0419984,6.5343947,0.196037597
0.022836777,-1.021048,-1.021048,-6.95E-08,-6.95E-08,-1.0210053,-1.0210052,2.0419984,6.5343947,0.19617103
0.022846777,-1.0210458,-1.0210458,-4.55E-07,-4.55E-07,-1.0210052,-1.0210053,2.0419984,6.5343947,0.196304462
0.022856777,-1.021048,-1.021048,-6.95E-08,-6.95E-08,-1.0210053,-1.0210052,2.0419984,6.5343947,0.196437894
0.022866777,-1.0210458,-1.0210458,-4.55E-07,-4.55E-07,-1.0210052,-1.0210053,2.0419984,6.5343947,0.196571326
0.022876777,-1.021048,-1.021048,-6.95E-08,-6.95E-08,-1.0210053,-1.0210052,2.0419984,6.5343947,0.196704759
0.022886777,-1.0210458,-1.0210458,-4.55E-07,-4.55E-07,-1.0210052,-1.0210053,2.0419984,6.5343947,0.196838191
0.022896777,-1.021048,-1.021048,-6.95E-08,-6.95E-08,-1.0210053,-1.0210052,2.0419984,6.5343947,0.196971623
0.022906777,-1.0210458,-1.0210458,-4.55E-07,-4.55E-07,-1.0210052,-1.0210053,2.0419984,6.5343947,0.197105055
0.022916777,-1.021048,-1.021048,-6.95E-08,-6.95E-08,-1.0210053,-1.0210052,2.0419984,6.5343947,0.197238487
0.022926777,-1.0210458,-1.0210458,-4.55E-07,-4.55E-07,-1.0210052,-1.0210053,2.0419984,6.5343947,0.19737192
0.022936777,-1.021048,-1.021048,-6.95E-08,-6.95E-08,-1.0210053,-1.0210052,2.0419984,6.5343947,0.197505352
0.022946777,-1.0210458,-1.0210458,-4.55E-07,-4.55E-07,-1.0210052,-1.0210053,2.0419984,6.5343947,0.197638784
0.022956777,-1.021048,-1.021048,-6.95E-08,-6.95E-08,-1.0210053,-1.0210052,2.0419984,6.5343947,0.197772216
0.022966777,-1.0210458,-1.0210458,-4.55E-07,-4.55E-07,-1.0210052,-1.0210053,2.0419984,6.5343947,0.197905649
0.022976777,-1.021048,-1.021048,-6.95E-08,-6.95E-08,-1.0210053,-1.0210052,2.0419984,6.5343947,0.198039081
0.022986777,-1.0210458,-1.0210458,-4.55E-07,-4.55E-07,-1.0210052,-1.0210053,2.0419984,6.5343947,0.198172513
0.022996777,-1.021048,-1.021048,-6.95E-08,-6.95E-08,-1.0210053,-1.0210052,2.0419984,6.5343947,0.198305945
0.023006777,-1.0210458,-1.0210458,-4.55E-07,-4.55E-07,-1.0210052,-1.0210053,2.0419984,6.5343947,0.198439378
0.023016777,-1.021048,-1.021048,-6.95E-08,-6.95E-08,-1.0210053,-1.0210052,2.0419984,6.5343947,0.19857281
0.023026777,-1.0210458,-1.0210458,-4.55E-07,-4.55E-07,-1.0210052,-1.0210053,2.0419984,6.5343947,0.198706242
0.023036777,-1.021048,-1.021048,-6.95E-08,-6.95E-08,-1.0210053,-1.0210052,2.0419984,6.5343947,0.198839674
0.023046777,-1.0210458,-1.0210458,-4.55E-07,-4.55E-07,-1.0210052,-1.0210053,2.0419984,6.5343947,0.198973107
0.023056777,-1.021048,-1.021048,-6.95E-08,-6.95E-08,-1.0210053,-1.0210052,2.0419984,6.5343947,0.199106539
0.023066777,-1.0210458,-1.0210458,-4.55E-07,-4.55E-07,-1.0210052,-1.0210053,2.0419984,6.5343947,0.199239971
0.023076777,-1.021048,-1.021048,-6.95E-08,-6.95E-08,-1.0210053,-1.0210052,2.0419984,6.5343947,0.199373403
0.023086777,-1.0210458,-1.0210458,-4.55E-07,-4.55E-07,-1.0210052,-1.0210053,2.0419984,6.5343947,0.199506835
0.023096777,-1.021048,-1.021048,-6.95E-08,-6.95E-08,-1.0210053,-1.0210052,2.0419984,6.5343947,0.199640268
0.023106777,-1.0210458,-1.0210458,-4.55E-07,-4.55E-07,-1.0210052,-1.0210053,2.0419984,6.5343947,0.1997737
0.023116777,-1.021048,-1.021048,-6.95E-08,-6.95E-08,-1.0210053,-1.0210052,2.0419984,6.5343947,0.199907132
0.023126777,-1.0210458,-1.0210458,-4.55E-07,-4.55E-07,-1.0210052,-1.0210053,2.0419984,6.5343947,0.200040564
0.023136777,-1.021048,-1.021048,-6.95E-08,-6.95E-08,-1.0210053,-1.0210052,2.0419984,6.5343947,0.200173997
0.023146777,-1.0210458,-1.0210458,-4.55E-07,-4.55E-07,-1.0210052,-1.0210053,2.0419984,6.5343947,0.200307429
0.023156777,-1.021048,-1.021048,-6.95E-08,-6.95E-08,-1.0210053,-1.0210052,2.0419984,6.5343947,0.200440861
0.023166777,-1.0210458,-1.0210458,-4.55E-07,-4.55E-07,-1.0210052,-1.0210053,2.0419984,6.5343947,0.200574293
0.023176777,-1.021048,-1.021048,-6.95E-08,-6.95E-08,-1.0210053,-1.0210052,2.0419984,6.5343947,0.200707726
0.023186777,-1.0210458,-1.0210458,-4.55E-07,-4.55E-07,-1.0210052,-1.0210053,2.0419984,6.5343947,0.200841158
0.023196777,-1.021048,-1.021048,-6.95E-08,-6.95E-08,-1.0210053,-1.0210052,2.0419984,6.5343947,0.20097459
0.023206777,-1.0210458,-1.0210458,-4.55E-07,-4.55E-07,-1.0210052,-1.0210053,2.0419984,6.5343947,0.201108022
0.023216777,-1.021048,-1.021048,-6.95E-08,-6.95E-08,-1.0210053,-1.0210052,2.0419984,6.5343947,0.201241455
0.023226777,-1.0210458,-1.0210458,-4.55E-07,-4.55E-07,-1.0210052,-1.0210053,2.0419984,6.5343947,0.201374887
0.023236777,-1.021048,-1.021048,-6.95E-08,-6.95E-08,-1.0210053,-1.0210052,2.0419984,6.5343947,0.201508319
0.023246777,-1.0210458,-1.0210458,-4.55E-07,-4.55E-07,-1.0210052,-1.0210053,2.0419984,6.5343947,0.201641751
0.023256777,-1.021048,-1.021048,-6.95E-08,-6.95E-08,-1.0210053,-1.0210052,2.0419984,6.5343947,0.201775183
0.023266777,-1.0210458,-1.0210458,-4.55E-07,-4.55E-07,-1.0210052,-1.0210053,2.0419984,6.5343947,0.201908616
0.023276777,-1.021048,-1.021048,-6.95E-08,-6.95E-08,-1.0210053,-1.0210052,2.0419984,6.5343947,0.202042048
0.023286777,-1.0210458,-1.0210458,-4.55E-07,-4.55E-07,-1.0210052,-1.0210053,2.0419984,6.5343947,0.20217548
0.023296777,-1.021048,-1.021048,-6.95E-08,-6.95E-08,-1.0210053,-1.0210052,2.0419984,6.5343947,0.202308912
0.023306777,-1.0210458,-1.0210458,-4.55E-07,-4.55E-07,-1.0210052,-1.0210053,2.0419984,6.5343947,0.202442345
0.023316777,-1.021048,-1.021048,-6.95E-08,-6.95E-08,-1.0210053,-1.0210052,2.0419984,6.5343947,0.202575777
0.023326777,-1.0210458,-1.0210458,-4.55E-07,-4.55E-07,-1.0210052,-1.0210053,2.0419984,6.5343947,0.202709209
0.023336777,-1.021048,-1.021048,-6.95E-08,-6.95E-08,-1.0210053,-1.0210052,2.0419984,6.5343947,0.202842641
0.023346777,-1.0210458,-1.0210458,-4.55E-07,-4.55E-07,-1.0210052,-1.0210053,2.0419984,6.5343947,0.202976074
0.023356777,-1.021048,-1.021048,-6.95E-08,-6.95E-08,-1.0210053,-1.0210052,2.0419984,6.5343947,0.203109506
0.023366777,-1.0210458,-1.0210458,-4.55E-07,-4.55E-07,-1.0210052,-1.0210053,2.0419984,6.5343947,0.203242938
0.023376777,-1.021048,-1.021048,-6.95E-08,-6.95E-08,-1.0210053,-1.0210052,2.0419984,6.5343947,0.20337637
0.023386777,-1.0210458,-1.0210458,-4.55E-07,-4.55E-07,-1.0210052,-1.0210053,2.0419984,6.5343947,0.203509803
0.023396777,-1.021048,-1.021048,-6.95E-08,-6.95E-08,-1.0210053,-1.0210052,2.0419984,6.5343947,0.203643235
0.023406777,-1.0210458,-1.0210458,-4.55E-07,-4.55E-07,-1.0210052,-1.0210053,2.0419984,6.5343947,0.203776667
0.023416777,-1.021048,-1.021048,-6.95E-08,-6.95E-08,-1.0210053,-1.0210052,2.0419984,6.5343947,0.203910099
0.023426777,-1.0210458,-1.0210458,-4.55E-07,-4.55E-07,-1.0210052,-1.0210053,2.0419984,6.5343947,0.204043532
0.023436777,-1.021048,-1.021048,-6.95E-08,-6.95E-08,-1.0210053,-1.0210052,2.0419984,6.5343947,0.204176964
0.023446777,-1.0210458,-1.0210458,-4.55E-07,-4.55E-07,-1.0210052,-1.0210053,2.0419984,6.5343947,0.204310396
0.023456777,-1.021048,-1.021048,-6.95E-08,-6.95E-08,-1.0210053,-1.0210052,2.0419984,6.5343947,0.204443828
0.023466777,-1.0210458,-1.0210458,-4.55E-07,-4.55E-07,-1.0210052,-1.0210053,2.0419984,6.5343947,0.20457726
0.023476777,-1.021048,-1.021048,-6.95E-08,-6.95E-08,-1.0210053,-1.0210052,2.0419984,6.5343947,0.204710693
0.023486777,-1.0210458,-1.0210458,-4.55E-07,-4.55E-07,-1.0210052,-1.0210053,2.0419984,6.5343947,0.204844125
0.023496777,-1.021048,-1.021048,-6.95E-08,-6.95E-08,-1.0210053,-1.0210052,2.0419984,6.5343947,0.204977557
0.023506777,-1.0210458,-1.0210458,-4.55E-07,-4.55E-07,-1.0210052,-1.0210053,2.0419984,6.5343947,0.205110989
0.023516777,-1.021048,-1.021048,-6.95E-08,-6.95E-08,-1.0210053,-1.0210052,2.0419984,6.5343947,0.205244422
0.023526777,-1.0210458,-1.0210458,-4.55E-07,-4.55E-07,-1.0210052,-1.0210053,2.0419984,6.5343947,0.205377854
0.023536777,-1.021048,-1.021048,-6.95E-08,-6.95E-08,-1.0210053,-1.0210052,2.0419984,6.5343947,0.205511286
0.023546777,-1.0210458,-1.0210458,-4.55E-07,-4.55E-07,-1.0210052,-1.0210053,2.0419984,6.5343947,0.205644718
0.023556777,-1.021048,-1.021048,-6.95E-08,-6.95E-08,-1.0210053,-1.0210052,2.0419984,6.5343947,0.205778151
0.023566777,-1.0210458,-1.0210458,-4.55E-07,-4.55E-07,-1.0210052,-1.0210053,2.0419984,6.5343947,0.205911583
0.023576777,-1.021048,-1.021048,-6.95E-08,-6.95E-08,-1.0210053,-1.0210052,2.0419984,6.5343947,0.206045015
0.023586777,-1.0210458,-1.0210458,-4.55E-07,-4.55E-07,-1.0210052,-1.0210053,2.0419984,6.5343947,0.206178447
0.023596777,-1.021048,-1.021048,-6.95E-08,-6.95E-08,-1.0210053,-1.0210052,2.0419984,6.5343947,0.20631188
0.023606777,-1.0210458,-1.0210458,-4.55E-07,-4.55E-07,-1.0210052,-1.0210053,2.0419984,6.5343947,0.206445312
0.023616777,-1.021048,-1.021048,-6.95E-08,-6.95E-08,-1.0210053,-1.0210052,2.0419984,6.5343947,0.206578744
0.023626777,-1.0210458,-1.0210458,-4.55E-07,-4.55E-07,-1.0210052,-1.0210053,2.0419984,6.5343947,0.206712176
0.023636777,-1.021048,-1.021048,-6.95E-08,-6.95E-08,-1.0210053,-1.0210052,2.0419984,6.5343947,0.206845608
0.023646777,-1.0210458,-1.0210458,-4.55E-07,-4.55E-07,-1.0210052,-1.0210053,2.0419984,6.5343947,0.206979041
0.023656777,-1.021048,-1.021048,-6.95E-08,-6.95E-08,-1.0210053,-1.0210052,2.0419984,6.5343947,0.207112473
0.023666777,-1.0210458,-1.0210458,-4.55E-07,-4.55E-07,-1.0210052,-1.0210053,2.0419984,6.5343947,0.207245905
0.023676777,-1.021048,-1.021048,-6.95E-08,-6.95E-08,-1.0210053,-1.0210052,2.0419984,6.5343947,0.207379337
0.023686777,-1.0210458,-1.0210458,-4.55E-07,-4.55E-07,-1.0210052,-1.0210053,2.0419984,6.5343947,0.20751277
0.023696777,-1.021048,-1.021048,-6.95E-08,-6.95E-08,-1.0210053,-1.0210052,2.0419984,6.5343947,0.207646202
0.023706777,-1.0210458,-1.0210458,-4.55E-07,-4.55E-07,-1.0210052,-1.0210053,2.0419984,6.5343947,0.207779634
0.023716777,-1.021048,-1.021048,-6.95E-08,-6.95E-08,-1.0210053,-1.0210052,2.0419984,6.5343947,0.207913066
0.023726777,-1.0210458,-1.0210458,-4.55E-07,-4.55E-07,-1.0210052,-1.0210053,2.0419984,6.5343947,0.208046499
0.023736777,-1.021048,-1.021048,-6.95E-08,-6.95E-08,-1.0210053,-1.0210052,2.0419984,6.5343947,0.208179931
0.023746777,-1.0210458,-1.0210458,-4.55E-07,-4.55E-07,-1.0210052,-1.0210053,2.0419984,6.5343947,0.208313363
0.023756777,-1.021048,-1.021048,-6.95E-08,-6.95E-08,-1.0210053,-1.0210052,2.0419984,6.5343947,0.208446795
0.023766777,-1.0210458,-1.0210458,-4.55E-07,-4.55E-07,-1.0210052,-1.0210053,2.0419984,6.5343947,0.208580228
0.023776777,-1.021048,-1.021048,-6.95E-08,-6.95E-08,-1.0210053,-1.0210052,2.0419984,6.5343947,0.20871366
0.023786777,-1.0210458,-1.0210458,-4.55E-07,-4.55E-07,-1.0210052,-1.0210053,2.0419984,6.5343947,0.208847092
0.023796777,-1.021048,-1.021048,-6.95E-08,-6.95E-08,-1.0210053,-1.0210052,2.0419984,6.5343947,0.208980524
0.023806777,-1.0210458,-1.0210458,-4.55E-07,-4.55E-07,-1.0210052,-1.0210053,2.0419984,6.5343947,0.209113956
0.023816777,-1.021048,-1.021048,-6.95E-08,-6.95E-08,-1.0210053,-1.0210052,2.0419984,6.5343947,0.209247389
0.023826777,-1.0210458,-1.0210458,-4.55E-07,-4.55E-07,-1.0210052,-1.0210053,2.0419984,6.5343947,0.209380821
0.023836777,-1.021048,-1.021048,-6.95E-08,-6.95E-08,-1.0210053,-1.0210052,2.0419984,6.5343947,0.209514253
0.023846777,-1.0210458,-1.0210458,-4.55E-07,-4.55E-07,-1.0210052,-1.0210053,2.0419984,6.5343947,0.209647685
0.023856777,-1.021048,-1.021048,-6.95E-08,-6.95E-08,-1.0210053,-1.0210052,2.0419984,6.5343947,0.209781118
0.023866777,-1.0210458,-1.0210458,-4.55E-07,-4.55E-07,-1.0210052,-1.0210053,2.0419984,6.5343947,0.20991455
0.023876777,-1.021048,-1.021048,-6.95E-08,-6.95E-08,-1.0210053,-1.0210052,2.0419984,6.5343947,0.210047982
0.023886777,-1.0210458,-1.0210458,-4.55E-07,-4.55E-07,-1.0210052,-1.0210053,2.0419984,6.5343947,0.210181414
0.023896777,-1.021048,-1.021048,-6.95E-08,-6.95E-08,-1.0210053,-1.0210052,2.0419984,6.5343947,0.210314847
0.023906777,-1.0210458,-1.0210458,-4.55E-07,-4.55E-07,-1.0210052,-1.0210053,2.0419984,6.5343947,0.210448279
0.023916777,-1.021048,-1.021048,-6.95E-08,-6.95E-08,-1.0210053,-1.0210052,2.0419984,6.5343947,0.210581711
0.023926777,-1.0210458,-1.0210458,-4.55E-07,-4.55E-07,-1.0210052,-1.0210053,2.0419984,6.5343947,0.210715143
0.023936777,-1.021048,-1.021048,-6.95E-08,-6.95E-08,-1.0210053,-1.0210052,2.0419984,6.5343947,0.210848576
0.023946777,-1.0210458,-1.0210458,-4.55E-07,-4.55E-07,-1.0210052,-1.0210053,2.0419984,6.5343947,0.210982008
0.023956777,-1.021048,-1.021048,-6.94E-08,-6.94E-08,-1.0210053,-1.0210052,2.0419984,6.5343947,0.21111544
0.023966777,-1.0210458,-1.0210458,-4.55E-07,-4.55E-07,-1.0210052,-1.0210053,2.0419984,6.5343947,0.211248872
0.023976777,-1.021048,-1.021048,-6.94E-08,-6.94E-08,-1.0210053,-1.0210052,2.0419984,6.5343947,0.211382304
0.023986777,-1.0210458,-1.0210458,-4.55E-07,-4.55E-07,-1.0210052,-1.0210053,2.0419984,6.5343947,0.211515737
0.023996777,-1.021048,-1.021048,-6.94E-08,-6.94E-08,-1.0210053,-1.0210052,2.0419984,6.5343947,0.211649169
0.024006777,-1.0210458,-1.0210458,-4.55E-07,-4.55E-07,-1.0210052,-1.0210053,2.0419984,6.5343947,0.211782601
0.024016777,-1.021048,-1.021048,-6.94E-08,-6.94E-08,-1.0210053,-1.0210052,2.0419984,6.5343947,0.211916033
0.024026777,-1.0210458,-1.0210458,-4.55E-07,-4.55E-07,-1.0210052,-1.0210053,2.0419984,6.5343947,0.212049466
0.024036777,-1.021048,-1.021048,-6.94E-08,-6.94E-08,-1.0210053,-1.0210052,2.0419984,6.5343947,0.212182898
0.024046777,-1.0210458,-1.0210458,-4.55E-07,-4.55E-07,-1.0210052,-1.0210053,2.0419984,6.5343947,0.21231633
0.024056777,-1.021048,-1.021048,-6.94E-08,-6.94E-08,-1.0210053,-1.0210052,2.0419984,6.5343947,0.212449762
0.024066777,-1.0210458,-1.0210458,-4.55E-07,-4.55E-07,-1.0210052,-1.0210053,2.0419984,6.5343947,0.212583195
0.024076777,-1.021048,-1.021048,-6.94E-08,-6.94E-08,-1.0210053,-1.0210052,2.0419984,6.5343947,0.212716627
0.024086777,-1.0210458,-1.0210458,-4.55E-07,-4.55E-07,-1.0210052,-1.0210053,2.0419984,6.5343947,0.212850059
0.024096777,-1.021048,-1.021048,-6.94E-08,-6.94E-08,-1.0210053,-1.0210052,2.0419984,6.5343947,0.212983491
0.024106777,-1.0210458,-1.0210458,-4.55E-07,-4.55E-07,-1.0210052,-1.0210053,2.0419984,6.5343947,0.213116924
0.024116777,-1.021048,-1.021048,-6.94E-08,-6.94E-08,-1.0210053,-1.0210052,2.0419984,6.5343947,0.213250356
0.024126777,-1.0210458,-1.0210458,-4.55E-07,-4.55E-07,-1.0210052,-1.0210053,2.0419984,6.5343947,0.213383788
0.024136777,-1.021048,-1.021048,-6.94E-08,-6.94E-08,-1.0210053,-1.0210052,2.0419984,6.5343947,0.21351722
0.024146777,-1.0210458,-1.0210458,-4.55E-07,-4.55E-07,-1.0210052,-1.0210053,2.0419984,6.5343947,0.213650652
0.024156777,-1.021048,-1.021048,-6.94E-08,-6.94E-08,-1.0210053,-1.0210052,2.0419984,6.5343947,0.213784085
0.024166777,-1.0210458,-1.0210458,-4.55E-07,-4.55E-07,-1.0210052,-1.0210053,2.0419984,6.5343947,0.213917517
0.024176777,-1.021048,-1.021048,-6.94E-08,-6.94E-08,-1.0210053,-1.0210052,2.0419984,6.5343947,0.214050949
0.024186777,-1.0210458,-1.0210458,-4.55E-07,-4.55E-07,-1.0210052,-1.0210053,2.0419984,6.5343947,0.214184381
0.024196777,-1.021048,-1.021048,-6.94E-08,-6.94E-08,-1.0210053,-1.0210052,2.0419984,6.5343947,0.214317814
0.024206777,-1.0210458,-1.0210458,-4.55E-07,-4.55E-07,-1.0210052,-1.0210053,2.0419984,6.5343947,0.214451246
0.024216777,-1.021048,-1.021048,-6.94E-08,-6.94E-08,-1.0210053,-1.0210052,2.0419984,6.5343947,0.214584678
0.024226777,-1.0210458,-1.0210458,-4.55E-07,-4.55E-07,-1.0210052,-1.0210053,2.0419984,6.5343947,0.21471811
0.024236777,-1.021048,-1.021048,-6.94E-08,-6.94E-08,-1.0210053,-1.0210052,2.0419984,6.5343947,0.214851543
0.024246777,-1.0210458,-1.0210458,-4.55E-07,-4.55E-07,-1.0210052,-1.0210053,2.0419984,6.5343947,0.214984975
0.024256777,-1.021048,-1.021048,-6.94E-08,-6.94E-08,-1.0210053,-1.0210052,2.0419984,6.5343947,0.215118407
0.024266777,-1.0210458,-1.0210458,-4.55E-07,-4.55E-07,-1.0210052,-1.0210053,2.0419984,6.5343947,0.215251839
0.024276777,-1.021048,-1.021048,-6.94E-08,-6.94E-08,-1.0210053,-1.0210052,2.0419984,6.5343947,0.215385272
0.024286777,-1.0210458,-1.0210458,-4.55E-07,-4.55E-07,-1.0210052,-1.0210053,2.0419984,6.5343947,0.215518704
0.024296777,-1.021048,-1.021048,-6.94E-08,-6.94E-08,-1.0210053,-1.0210052,2.0419984,6.5343947,0.215652136
0.024306777,-1.0210458,-1.0210458,-4.55E-07,-4.55E-07,-1.0210052,-1.0210053,2.0419984,6.5343947,0.215785568
0.024316777,-1.021048,-1.021048,-6.94E-08,-6.94E-08,-1.0210053,-1.0210052,2.0419984,6.5343947,0.215919
0.024326777,-1.0210458,-1.0210458,-4.55E-07,-4.55E-07,-1.0210052,-1.0210053,2.0419984,6.5343947,0.216052433
0.024336777,-1.021048,-1.021048,-6.94E-08,-6.94E-08,-1.0210053,-1.0210052,2.0419984,6.5343947,0.216185865
0.024346777,-1.0210458,-1.0210458,-4.55E-07,-4.55E-07,-1.0210052,-1.0210053,2.0419984,6.5343947,0.216319297
0.024356777,-1.021048,-1.021048,-6.94E-08,-6.94E-08,-1.0210053,-1.0210052,2.0419984,6.5343947,0.216452729
0.024366777,-1.0210458,-1.0210458,-4.55E-07,-4.55E-07,-1.0210052,-1.0210053,2.0419984,6.5343947,0.216586162
0.024376777,-1.021048,-1.021048,-6.94E-08,-6.94E-08,-1.0210053,-1.0210052,2.0419984,6.5343947,0.216719594
0.024386777,-1.0210458,-1.0210458,-4.55E-07,-4.55E-07,-1.0210052,-1.0210053,2.0419984,6.5343947,0.216853026
0.024396777,-1.021048,-1.021048,-6.94E-08,-6.94E-08,-1.0210053,-1.0210052,2.0419984,6.5343947,0.216986458
0.024406777,-1.0210458,-1.0210458,-4.55E-07,-4.55E-07,-1.0210052,-1.0210053,2.0419984,6.5343947,0.217119891
0.024416777,-1.021048,-1.021048,-6.94E-08,-6.94E-08,-1.0210053,-1.0210052,2.0419984,6.5343947,0.217253323
0.024426777,-1.0210458,-1.0210458,-4.55E-07,-4.55E-07,-1.0210052,-1.0210053,2.0419984,6.5343947,0.217386755
0.024436777,-1.021048,-1.021048,-6.94E-08,-6.94E-08,-1.0210053,-1.0210052,2.0419984,6.5343947,0.217520187
0.024446777,-1.0210458,-1.0210458,-4.55E-07,-4.55E-07,-1.0210052,-1.0210053,2.0419984,6.5343947,0.21765362
0.024456777,-1.021048,-1.021048,-6.94E-08,-6.94E-08,-1.0210053,-1.0210052,2.0419984,6.5343947,0.217787052
0.024466777,-1.0210458,-1.0210458,-4.55E-07,-4.55E-07,-1.0210052,-1.0210053,2.0419984,6.5343947,0.217920484
0.024476777,-1.021048,-1.021048,-6.94E-08,-6.94E-08,-1.0210053,-1.0210052,2.0419984,6.5343947,0.218053916
0.024486777,-1.0210458,-1.0210458,-4.55E-07,-4.55E-07,-1.0210052,-1.0210053,2.0419984,6.5343947,0.218187348
0.024496777,-1.021048,-1.021048,-6.94E-08,-6.94E-08,-1.0210053,-1.0210052,2.0419984,6.5343947,0.218320781
0.024506777,-1.0210458,-1.0210458,-4.55E-07,-4.55E-07,-1.0210052,-1.0210053,2.0419984,6.5343947,0.218454213
0.024516777,-1.021048,-1.021048,-6.94E-08,-6.94E-08,-1.0210053,-1.0210052,2.0419984,6.5343947,0.218587645
0.024526777,-1.0210458,-1.0210458,-4.55E-07,-4.55E-07,-1.0210052,-1.0210053,2.0419984,6.5343947,0.218721077
0.024536777,-1.021048,-1.021048,-6.94E-08,-6.94E-08,-1.0210053,-1.0210052,2.0419984,6.5343947,0.21885451
0.024546777,-1.0210458,-1.0210458,-4.55E-07,-4.55E-07,-1.0210052,-1.0210053,2.0419984,6.5343947,0.218987942
0.024556777,-1.021048,-1.021048,-6.94E-08,-6.94E-08,-1.0210053,-1.0210052,2.0419984,6.5343947,0.219121374
0.024566777,-1.0210458,-1.0210458,-4.55E-07,-4.55E-07,-1.0210052,-1.0210053,2.0419984,6.5343947,0.219254806
0.024576777,-1.021048,-1.021048,-6.94E-08,-6.94E-08,-1.0210053,-1.0210052,2.0419984,6.5343947,0.219388239
0.024586777,-1.0210458,-1.0210458,-4.55E-07,-4.55E-07,-1.0210052,-1.0210053,2.0419984,6.5343947,0.219521671
0.024596777,-1.021048,-1.021048,-6.94E-08,-6.94E-08,-1.0210053,-1.0210052,2.0419984,6.5343947,0.219655103
0.024606777,-1.0210458,-1.0210458,-4.55E-07,-4.55E-07,-1.0210052,-1.0210053,2.0419984,6.5343947,0.219788535
0.024616777,-1.021048,-1.021048,-6.94E-08,-6.94E-08,-1.0210053,-1.0210052,2.0419984,6.5343947,0.219921968
0.024626777,-1.0210458,-1.0210458,-4.55E-07,-4.55E-07,-1.0210052,-1.0210053,2.0419984,6.5343947,0.2200554
0.024636777,-1.021048,-1.021048,-6.94E-08,-6.94E-08,-1.0210053,-1.0210052,2.0419984,6.5343947,0.220188832
0.024646777,-1.0210458,-1.0210458,-4.55E-07,-4.55E-07,-1.0210052,-1.0210053,2.0419984,6.5343947,0.220322264
0.024656777,-1.021048,-1.021048,-6.94E-08,-6.94E-08,-1.0210053,-1.0210052,2.0419984,6.5343947,0.220455696
0.024666777,-1.0210458,-1.0210458,-4.55E-07,-4.55E-07,-1.0210052,-1.0210053,2.0419984,6.5343947,0.220589129
0.024676777,-1.021048,-1.021048,-6.94E-08,-6.94E-08,-1.0210053,-1.0210052,2.0419984,6.5343947,0.220722561
0.024686777,-1.0210458,-1.0210458,-4.55E-07,-4.55E-07,-1.0210052,-1.0210053,2.0419984,6.5343947,0.220855993
0.024696777,-1.021048,-1.021048,-6.94E-08,-6.94E-08,-1.0210053,-1.0210052,2.0419984,6.5343947,0.220989425
0.024706777,-1.0210458,-1.0210458,-4.55E-07,-4.55E-07,-1.0210052,-1.0210053,2.0419984,6.5343947,0.221122858
0.024716777,-1.021048,-1.021048,-6.94E-08,-6.94E-08,-1.0210053,-1.0210052,2.0419984,6.5343947,0.22125629
0.024726777,-1.0210458,-1.0210458,-4.55E-07,-4.55E-07,-1.0210052,-1.0210053,2.0419984,6.5343947,0.221389722
0.024736777,-1.021048,-1.021048,-6.94E-08,-6.94E-08,-1.0210053,-1.0210052,2.0419984,6.5343947,0.221523154
0.024746777,-1.0210458,-1.0210458,-4.55E-07,-4.55E-07,-1.0210052,-1.0210053,2.0419984,6.5343947,0.221656587
0.024756777,-1.021048,-1.021048,-6.94E-08,-6.94E-08,-1.0210053,-1.0210052,2.0419984,6.5343947,0.221790019
0.024766777,-1.0210458,-1.0210458,-4.55E-07,-4.55E-07,-1.0210052,-1.0210053,2.0419984,6.5343947,0.221923451
0.024776777,-1.021048,-1.021048,-6.94E-08,-6.94E-08,-1.0210053,-1.0210052,2.0419984,6.5343947,0.222056883
0.024786777,-1.0210458,-1.0210458,-4.55E-07,-4.55E-07,-1.0210052,-1.0210053,2.0419984,6.5343947,0.222190316
0.024796777,-1.021048,-1.021048,-6.94E-08,-6.94E-08,-1.0210053,-1.0210052,2.0419984,6.5343947,0.222323748
0.024806777,-1.0210458,-1.0210458,-4.55E-07,-4.55E-07,-1.0210052,-1.0210053,2.0419984,6.5343947,0.22245718
0.024816777,-1.021048,-1.021048,-6.94E-08,-6.94E-08,-1.0210053,-1.0210052,2.0419984,6.5343947,0.222590612
0.024826777,-1.0210458,-1.0210458,-4.55E-07,-4.55E-07,-1.0210052,-1.0210053,2.0419984,6.5343947,0.222724045
0.024836777,-1.021048,-1.021048,-6.94E-08,-6.94E-08,-1.0210053,-1.0210052,2.0419984,6.5343947,0.222857477
0.024846777,-1.0210458,-1.0210458,-4.55E-07,-4.55E-07,-1.0210052,-1.0210053,2.0419984,6.5343947,0.222990909
0.024856777,-1.021048,-1.021048,-6.94E-08,-6.94E-08,-1.0210053,-1.0210052,2.0419984,6.5343947,0.223124341
0.024866777,-1.0210458,-1.0210458,-4.55E-07,-4.55E-07,-1.0210052,-1.0210053,2.0419984,6.5343947,0.223257773
0.024876777,-1.021048,-1.021048,-6.94E-08,-6.94E-08,-1.0210053,-1.0210052,2.0419984,6.5343947,0.223391206
0.024886777,-1.0210458,-1.0210458,-4.55E-07,-4.55E-07,-1.0210052,-1.0210053,2.0419984,6.5343947,0.223524638
0.024896777,-1.021048,-1.021048,-6.94E-08,-6.94E-08,-1.0210053,-1.0210052,2.0419984,6.5343947,0.22365807
0.024906777,-1.0210458,-1.0210458,-4.55E-07,-4.55E-07,-1.0210052,-1.0210053,2.0419984,6.5343947,0.223791502
0.024916777,-1.021048,-1.021048,-6.94E-08,-6.94E-08,-1.0210053,-1.0210052,2.0419984,6.5343947,0.223924935
0.024926777,-1.0210458,-1.0210458,-4.55E-07,-4.55E-07,-1.0210052,-1.0210053,2.0419984,6.5343947,0.224058367
0.024936777,-1.021048,-1.021048,-6.94E-08,-6.94E-08,-1.0210053,-1.0210052,2.0419984,6.5343947,0.224191799
0.024946777,-1.0210458,-1.0210458,-4.55E-07,-4.55E-07,-1.0210052,-1.0210053,2.0419984,6.5343947,0.224325231
0.024956777,-1.021048,-1.021048,-6.94E-08,-6.94E-08,-1.0210053,-1.0210052,2.0419984,6.5343947,0.224458664
0.024966777,-1.0210458,-1.0210458,-4.55E-07,-4.55E-07,-1.0210052,-1.0210053,2.0419984,6.5343947,0.224592096
0.024976777,-1.021048,-1.021048,-6.94E-08,-6.94E-08,-1.0210053,-1.0210052,2.0419984,6.5343947,0.224725528
0.024986777,-1.0210458,-1.0210458,-4.55E-07,-4.55E-07,-1.0210052,-1.0210053,2.0419984,6.5343947,0.22485896
0.024996777,-1.021048,-1.021048,-6.94E-08,-6.94E-08,-1.0210053,-1.0210052,2.0419984,6.5343947,0.224992393
0.025006777,-1.0210458,-1.0210458,-4.55E-07,-4.55E-07,-1.0210052,-1.0210053,2.0419984,6.5343947,0.225125825
0.025016777,-1.021048,-1.021048,-6.94E-08,-6.94E-08,-1.0210053,-1.0210052,2.0419984,6.5343947,0.225259257
0.025026777,-1.0210458,-1.0210458,-4.55E-07,-4.55E-07,-1.0210052,-1.0210053,2.0419984,6.5343947,0.225392689
0.025036777,-1.021048,-1.021048,-6.94E-08,-6.94E-08,-1.0210053,-1.0210052,2.0419984,6.5343947,0.225526121
0.025046777,-1.0210458,-1.0210458,-4.55E-07,-4.55E-07,-1.0210052,-1.0210053,2.0419984,6.5343947,0.225659554
0.025056777,-1.021048,-1.021048,-6.94E-08,-6.94E-08,-1.0210053,-1.0210052,2.0419984,6.5343947,0.225792986
0.025066777,-1.0210458,-1.0210458,-4.55E-07,-4.55E-07,-1.0210052,-1.0210053,2.0419984,6.5343947,0.225926418
0.025076777,-1.021048,-1.021048,-6.94E-08,-6.94E-08,-1.0210053,-1.0210052,2.0419984,6.5343947,0.22605985
0.025086777,-1.0210458,-1.0210458,-4.55E-07,-4.55E-07,-1.0210052,-1.0210053,2.0419984,6.5343947,0.226193283
0.025096777,-1.021048,-1.021048,-6.94E-08,-6.94E-08,-1.0210053,-1.0210052,2.0419984,6.5343947,0.226326715
0.025106777,-1.0210458,-1.0210458,-4.55E-07,-4.55E-07,-1.0210052,-1.0210053,2.0419984,6.5343947,0.226460147
0.025116777,-1.021048,-1.021048,-6.94E-08,-6.94E-08,-1.0210053,-1.0210052,2.0419984,6.5343947,0.226593579
0.025126777,-1.0210458,-1.0210458,-4.55E-07,-4.55E-07,-1.0210052,-1.0210053,2.0419984,6.5343947,0.226727012
0.025136777,-1.021048,-1.021048,-6.94E-08,-6.94E-08,-1.0210053,-1.0210052,2.0419984,6.5343947,0.226860444
0.025146777,-1.0210458,-1.0210458,-4.55E-07,-4.55E-07,-1.0210052,-1.0210053,2.0419984,6.5343947,0.226993876
0.025156777,-1.021048,-1.021048,-6.94E-08,-6.94E-08,-1.0210053,-1.0210052,2.0419984,6.5343947,0.227127308
0.025166777,-1.0210458,-1.0210458,-4.55E-07,-4.55E-07,-1.0210052,-1.0210053,2.0419984,6.5343947,0.227260741
0.025176777,-1.021048,-1.021048,-6.94E-08,-6.94E-08,-1.0210053,-1.0210052,2.0419984,6.5343947,0.227394173
0.025186777,-1.0210458,-1.0210458,-4.55E-07,-4.55E-07,-1.0210052,-1.0210053,2.0419984,6.5343947,0.227527605
0.025196777,-1.021048,-1.021048,-6.94E-08,-6.94E-08,-1.0210053,-1.0210052,2.0419984,6.5343947,0.227661037
0.025206777,-1.0210458,-1.0210458,-4.55E-07,-4.55E-07,-1.0210052,-1.0210053,2.0419984,6.5343947,0.227794469
0.025216777,-1.021048,-1.021048,-6.94E-08,-6.94E-08,-1.0210053,-1.0210052,2.0419984,6.5343947,0.227927902
0.025226777,-1.0210458,-1.0210458,-4.55E-07,-4.55E-07,-1.0210052,-1.0210053,2.0419984,6.5343947,0.228061334
0.025236777,-1.021048,-1.021048,-6.94E-08,-6.94E-08,-1.0210053,-1.0210052,2.0419984,6.5343947,0.228194766
0.025246777,-1.0210458,-1.0210458,-4.55E-07,-4.55E-07,-1.0210052,-1.0210053,2.0419984,6.5343947,0.228328198
0.025256777,-1.021048,-1.021048,-6.94E-08,-6.94E-08,-1.0210053,-1.0210052,2.0419984,6.5343947,0.228461631
0.025266777,-1.0210458,-1.0210458,-4.55E-07,-4.55E-07,-1.0210052,-1.0210053,2.0419984,6.5343947,0.228595063
0.025276777,-1.021048,-1.021048,-6.94E-08,-6.94E-08,-1.0210053,-1.0210052,2.0419984,6.5343947,0.228728495
0.025286777,-1.0210458,-1.0210458,-4.55E-07,-4.55E-07,-1.0210052,-1.0210053,2.0419984,6.5343947,0.228861927
0.025296777,-1.021048,-1.021048,-6.94E-08,-6.94E-08,-1.0210053,-1.0210052,2.0419984,6.5343947,0.22899536
0.025306777,-1.0210458,-1.0210458,-4.55E-07,-4.55E-07,-1.0210052,-1.0210053,2.0419984,6.5343947,0.229128792
0.025316777,-1.021048,-1.021048,-6.94E-08,-6.94E-08,-1.0210053,-1.0210052,2.0419984,6.5343947,0.229262224
0.025326777,-1.0210458,-1.0210458,-4.55E-07,-4.55E-07,-1.0210052,-1.0210053,2.0419984,6.5343947,0.229395656
0.025336777,-1.021048,-1.021048,-6.94E-08,-6.94E-08,-1.0210053,-1.0210052,2.0419984,6.5343947,0.229529089
0.025346777,-1.0210458,-1.0210458,-4.55E-07,-4.55E-07,-1.0210052,-1.0210053,2.0419984,6.5343947,0.229662521
0.025356777,-1.021048,-1.021048,-6.94E-08,-6.94E-08,-1.0210053,-1.0210052,2.0419984,6.5343947,0.229795953
0.025366777,-1.0210458,-1.0210458,-4.55E-07,-4.55E-07,-1.0210052,-1.0210053,2.0419984,6.5343947,0.229929385
0.025376777,-1.021048,-1.021048,-6.94E-08,-6.94E-08,-1.0210053,-1.0210052,2.0419984,6.5343947,0.230062817
0.025386777,-1.0210458,-1.0210458,-4.55E-07,-4.55E-07,-1.0210052,-1.0210053,2.0419984,6.5343947,0.23019625
0.025396777,-1.021048,-1.021048,-6.94E-08,-6.94E-08,-1.0210053,-1.0210052,2.0419984,6.5343947,0.230329682
0.025406777,-1.0210458,-1.0210458,-4.55E-07,-4.55E-07,-1.0210052,-1.0210053,2.0419984,6.5343947,0.230463114
0.025416777,-1.021048,-1.021048,-6.94E-08,-6.94E-08,-1.0210053,-1.0210052,2.0419984,6.5343947,0.230596546
0.025426777,-1.0210458,-1.0210458,-4.55E-07,-4.55E-07,-1.0210052,-1.0210053,2.0419984,6.5343947,0.230729979
0.025436777,-1.021048,-1.021048,-6.94E-08,-6.94E-08,-1.0210053,-1.0210052,2.0419984,6.5343947,0.230863411
0.025446777,-1.0210458,-1.0210458,-4.55E-07,-4.55E-07,-1.0210052,-1.0210053,2.0419984,6.5343947,0.230996843
0.025456777,-1.021048,-1.021048,-6.94E-08,-6.94E-08,-1.0210053,-1.0210052,2.0419984,6.5343947,0.231130275
0.025466777,-1.0210458,-1.0210458,-4.55E-07,-4.55E-07,-1.0210052,-1.0210053,2.0419984,6.5343947,0.231263708
0.025476777,-1.021048,-1.021048,-6.94E-08,-6.94E-08,-1.0210053,-1.0210052,2.0419984,6.5343947,0.23139714
0.025486777,-1.0210458,-1.0210458,-4.55E-07,-4.55E-07,-1.0210052,-1.0210053,2.0419984,6.5343947,0.231530572
0.025496777,-1.021048,-1.021048,-6.94E-08,-6.94E-08,-1.0210053,-1.0210052,2.0419984,6.5343947,0.231664004
0.025506777,-1.0210458,-1.0210458,-4.55E-07,-4.55E-07,-1.0210052,-1.0210053,2.0419984,6.5343947,0.231797437
0.025516777,-1.021048,-1.021048,-6.94E-08,-6.94E-08,-1.0210053,-1.0210052,2.0419984,6.5343947,0.231930869
0.025526777,-1.0210458,-1.0210458,-4.55E-07,-4.55E-07,-1.0210052,-1.0210053,2.0419984,6.5343947,0.232064301
0.025536777,-1.021048,-1.021048,-6.94E-08,-6.94E-08,-1.0210053,-1.0210052,2.0419984,6.5343947,0.232197733
0.025546777,-1.0210458,-1.0210458,-4.55E-07,-4.55E-07,-1.0210052,-1.0210053,2.0419984,6.5343947,0.232331165
0.025556777,-1.021048,-1.021048,-6.94E-08,-6.94E-08,-1.0210053,-1.0210052,2.0419984,6.5343947,0.232464598
0.025566777,-1.0210458,-1.0210458,-4.55E-07,-4.55E-07,-1.0210052,-1.0210053,2.0419984,6.5343947,0.23259803
0.025576777,-1.021048,-1.021048,-6.94E-08,-6.94E-08,-1.0210053,-1.0210052,2.0419984,6.5343947,0.232731462
0.025586777,-1.0210458,-1.0210458,-4.55E-07,-4.55E-07,-1.0210052,-1.0210053,2.0419984,6.5343947,0.232864894
0.025596777,-1.021048,-1.021048,-6.94E-08,-6.94E-08,-1.0210053,-1.0210052,2.0419984,6.5343947,0.232998327
0.025606777,-1.0210458,-1.0210458,-4.55E-07,-4.55E-07,-1.0210052,-1.0210053,2.0419984,6.5343947,0.233131759
0.025616777,-1.021048,-1.021048,-6.94E-08,-6.94E-08,-1.0210053,-1.0210052,2.0419984,6.5343947,0.233265191
0.025626777,-1.0210458,-1.0210458,-4.55E-07,-4.55E-07,-1.0210052,-1.0210053,2.0419984,6.5343947,0.233398623
0.025636777,-1.021048,-1.021048,-6.94E-08,-6.94E-08,-1.0210053,-1.0210052,2.0419984,6.5343947,0.233532056
0.025646777,-1.0210458,-1.0210458,-4.55E-07,-4.55E-07,-1.0210052,-1.0210053,2.0419984,6.5343947,0.233665488
0.025656777,-1.021048,-1.021048,-6.94E-08,-6.94E-08,-1.0210053,-1.0210052,2.0419984,6.5343947,0.23379892
0.025666777,-1.0210458,-1.0210458,-4.55E-07,-4.55E-07,-1.0210052,-1.0210053,2.0419984,6.5343947,0.233932352
0.025676777,-1.021048,-1.021048,-6.94E-08,-6.94E-08,-1.0210053,-1.0210052,2.0419984,6.5343947,0.234065785
0.025686777,-1.0210458,-1.0210458,-4.55E-07,-4.55E-07,-1.0210052,-1.0210053,2.0419984,6.5343947,0.234199217
0.025696777,-1.021048,-1.021048,-6.94E-08,-6.94E-08,-1.0210053,-1.0210052,2.0419984,6.5343947,0.234332649
0.025706777,-1.0210458,-1.0210458,-4.55E-07,-4.55E-07,-1.0210052,-1.0210053,2.0419984,6.5343947,0.234466081
0.025716777,-1.021048,-1.021048,-6.94E-08,-6.94E-08,-1.0210053,-1.0210052,2.0419984,6.5343947,0.234599513
0.025726777,-1.0210458,-1.0210458,-4.55E-07,-4.55E-07,-1.0210052,-1.0210053,2.0419984,6.5343947,0.234732946
0.025736777,-1.021048,-1.021048,-6.94E-08,-6.94E-08,-1.0210053,-1.0210052,2.0419984,6.5343947,0.234866378
0.025746777,-1.0210458,-1.0210458,-4.55E-07,-4.55E-07,-1.0210052,-1.0210053,2.0419984,6.5343947,0.23499981
0.025756777,-1.021048,-1.021048,-6.94E-08,-6.94E-08,-1.0210053,-1.0210052,2.0419984,6.5343947,0.235133242
0.025766777,-1.0210458,-1.0210458,-4.55E-07,-4.55E-07,-1.0210052,-1.0210053,2.0419984,6.5343947,0.235266675
0.025776777,-1.021048,-1.021048,-6.94E-08,-6.94E-08,-1.0210053,-1.0210052,2.0419984,6.5343947,0.235400107
0.025786777,-1.0210458,-1.0210458,-4.55E-07,-4.55E-07,-1.0210052,-1.0210053,2.0419984,6.5343947,0.235533539
0.025796777,-1.021048,-1.021048,-6.94E-08,-6.94E-08,-1.0210053,-1.0210052,2.0419984,6.5343947,0.235666971
0.025806777,-1.0210458,-1.0210458,-4.55E-07,-4.55E-07,-1.0210052,-1.0210053,2.0419984,6.5343947,0.235800404
0.025816777,-1.021048,-1.021048,-6.94E-08,-6.94E-08,-1.0210053,-1.0210052,2.0419984,6.5343947,0.235933836
0.025826777,-1.0210458,-1.0210458,-4.55E-07,-4.55E-07,-1.0210052,-1.0210053,2.0419984,6.5343947,0.236067268
0.025836777,-1.021048,-1.021048,-6.94E-08,-6.94E-08,-1.0210053,-1.0210052,2.0419984,6.5343947,0.2362007
0.025846777,-1.0210458,-1.0210458,-4.55E-07,-4.55E-07,-1.0210052,-1.0210053,2.0419984,6.5343947,0.236334133
0.025856777,-1.021048,-1.021048,-6.94E-08,-6.94E-08,-1.0210053,-1.0210052,2.0419984,6.5343947,0.236467565
0.025866777,-1.0210458,-1.0210458,-4.55E-07,-4.55E-07,-1.0210052,-1.0210053,2.0419984,6.5343947,0.236600997
0.025876777,-1.021048,-1.021048,-6.94E-08,-6.94E-08,-1.0210053,-1.0210052,2.0419984,6.5343947,0.236734429
0.025886777,-1.0210458,-1.0210458,-4.55E-07,-4.55E-07,-1.0210052,-1.0210053,2.0419984,6.5343947,0.236867861
0.025896777,-1.021048,-1.021048,-6.94E-08,-6.94E-08,-1.0210053,-1.0210052,2.0419984,6.5343947,0.237001294
0.025906777,-1.0210458,-1.0210458,-4.55E-07,-4.55E-07,-1.0210052,-1.0210053,2.0419984,6.5343947,0.237134726
0.025916777,-1.021048,-1.021048,-6.94E-08,-6.94E-08,-1.0210053,-1.0210052,2.0419984,6.5343947,0.237268158
0.025926777,-1.0210458,-1.0210458,-4.55E-07,-4.55E-07,-1.0210052,-1.0210053,2.0419984,6.5343947,0.23740159
0.025936777,-1.021048,-1.021048,-6.94E-08,-6.94E-08,-1.0210053,-1.0210052,2.0419984,6.5343947,0.237535023
0.025946777,-1.0210458,-1.0210458,-4.55E-07,-4.55E-07,-1.0210052,-1.0210053,2.0419984,6.5343947,0.237668455
0.025956777,-1.021048,-1.021048,-6.94E-08,-6.94E-08,-1.0210053,-1.0210052,2.0419984,6.5343947,0.237801887
0.025966777,-1.0210458,-1.0210458,-4.55E-07,-4.55E-07,-1.0210052,-1.0210053,2.0419984,6.5343947,0.237935319
0.025976777,-1.021048,-1.021048,-6.94E-08,-6.94E-08,-1.0210053,-1.0210052,2.0419984,6.5343947,0.238068752
0.025986777,-1.0210458,-1.0210458,-4.55E-07,-4.55E-07,-1.0210052,-1.0210053,2.0419984,6.5343947,0.238202184
0.025996777,-1.021048,-1.021048,-6.94E-08,-6.94E-08,-1.0210053,-1.0210052,2.0419984,6.5343947,0.238335616
0.026006777,-1.0210458,-1.0210458,-4.55E-07,-4.55E-07,-1.0210052,-1.0210053,2.0419984,6.5343947,0.238469048
0.026016777,-1.021048,-1.021048,-6.94E-08,-6.94E-08,-1.0210053,-1.0210052,2.0419984,6.5343947,0.238602481
0.026026777,-1.0210458,-1.0210458,-4.55E-07,-4.55E-07,-1.0210052,-1.0210053,2.0419984,6.5343947,0.238735913
0.026036777,-1.021048,-1.021048,-6.94E-08,-6.94E-08,-1.0210053,-1.0210052,2.0419984,6.5343947,0.238869345
0.026046777,-1.0210458,-1.0210458,-4.55E-07,-4.55E-07,-1.0210052,-1.0210053,2.0419984,6.5343947,0.239002777
0.026056777,-1.021048,-1.021048,-6.94E-08,-6.94E-08,-1.0210053,-1.0210052,2.0419984,6.5343947,0.239136209
0.026066777,-1.0210458,-1.0210458,-4.55E-07,-4.55E-07,-1.0210052,-1.0210053,2.0419984,6.5343947,0.239269642
0.026076777,-1.021048,-1.021048,-6.94E-08,-6.94E-08,-1.0210053,-1.0210052,2.0419984,6.5343947,0.239403074
0.026086777,-1.0210458,-1.0210458,-4.55E-07,-4.55E-07,-1.0210052,-1.0210053,2.0419984,6.5343947,0.239536506
0.026096777,-1.021048,-1.021048,-6.94E-08,-6.94E-08,-1.0210053,-1.0210052,2.0419984,6.5343947,0.239669938
0.026106777,-1.0210458,-1.0210458,-4.55E-07,-4.55E-07,-1.0210052,-1.0210053,2.0419984,6.5343947,0.239803371
0.026116777,-1.021048,-1.021048,-6.94E-08,-6.94E-08,-1.0210053,-1.0210052,2.0419984,6.5343947,0.239936803
0.026126777,-1.0210458,-1.0210458,-4.55E-07,-4.55E-07,-1.0210052,-1.0210053,2.0419984,6.5343947,0.240070235
0.026136777,-1.021048,-1.021048,-6.94E-08,-6.94E-08,-1.0210053,-1.0210052,2.0419984,6.5343947,0.240203667
0.026146777,-1.0210458,-1.0210458,-4.55E-07,-4.55E-07,-1.0210052,-1.0210053,2.0419984,6.5343947,0.2403371
0.026156777,-1.021048,-1.021048,-6.94E-08,-6.94E-08,-1.0210053,-1.0210052,2.0419984,6.5343947,0.240470532
0.026166777,-1.0210458,-1.0210458,-4.55E-07,-4.55E-07,-1.0210052,-1.0210053,2.0419984,6.5343947,0.240603964
0.026176777,-1.021048,-1.021048,-6.94E-08,-6.94E-08,-1.0210053,-1.0210052,2.0419984,6.5343947,0.240737396
0.026186777,-1.0210458,-1.0210458,-4.55E-07,-4.55E-07,-1.0210052,-1.0210053,2.0419984,6.5343947,0.240870829
0.026196777,-1.021048,-1.021048,-6.94E-08,-6.94E-08,-1.0210053,-1.0210052,2.0419984,6.5343947,0.241004261
0.026206777,-1.0210458,-1.0210458,-4.55E-07,-4.55E-07,-1.0210052,-1.0210053,2.0419984,6.5343947,0.241137693
0.026216777,-1.021048,-1.021048,-6.94E-08,-6.94E-08,-1.0210053,-1.0210052,2.0419984,6.5343947,0.241271125
0.026226777,-1.0210458,-1.0210458,-4.55E-07,-4.55E-07,-1.0210052,-1.0210053,2.0419984,6.5343947,0.241404558
0.026236777,-1.021048,-1.021048,-6.94E-08,-6.94E-08,-1.0210053,-1.0210052,2.0419984,6.5343947,0.24153799
0.026246777,-1.0210458,-1.0210458,-4.55E-07,-4.55E-07,-1.0210052,-1.0210053,2.0419984,6.5343947,0.241671422
0.026256777,-1.021048,-1.021048,-6.94E-08,-6.94E-08,-1.0210053,-1.0210052,2.0419984,6.5343947,0.241804854
0.026266777,-1.0210458,-1.0210458,-4.55E-07,-4.55E-07,-1.0210052,-1.0210053,2.0419984,6.5343947,0.241938286
0.026276777,-1.021048,-1.021048,-6.94E-08,-6.94E-08,-1.0210053,-1.0210052,2.0419984,6.5343947,0.242071719
0.026286777,-1.0210458,-1.0210458,-4.55E-07,-4.55E-07,-1.0210052,-1.0210053,2.0419984,6.5343947,0.242205151
0.026296777,-1.021048,-1.021048,-6.94E-08,-6.94E-08,-1.0210053,-1.0210052,2.0419984,6.5343947,0.242338583
0.026306777,-1.0210458,-1.0210458,-4.55E-07,-4.55E-07,-1.0210052,-1.0210053,2.0419984,6.5343947,0.242472015
0.026316777,-1.021048,-1.021048,-6.94E-08,-6.94E-08,-1.0210053,-1.0210052,2.0419984,6.5343947,0.242605448
0.026326777,-1.0210458,-1.0210458,-4.55E-07,-4.55E-07,-1.0210052,-1.0210053,2.0419984,6.5343947,0.24273888
0.026336777,-1.021048,-1.021048,-6.94E-08,-6.94E-08,-1.0210053,-1.0210052,2.0419984,6.5343947,0.242872312
0.026346777,-1.0210458,-1.0210458,-4.55E-07,-4.55E-07,-1.0210052,-1.0210053,2.0419984,6.5343947,0.243005744
0.026356777,-1.021048,-1.021048,-6.94E-08,-6.94E-08,-1.0210053,-1.0210052,2.0419984,6.5343947,0.243139177
0.026366777,-1.0210458,-1.0210458,-4.55E-07,-4.55E-07,-1.0210052,-1.0210053,2.0419984,6.5343947,0.243272609
0.026376777,-1.021048,-1.021048,-6.94E-08,-6.94E-08,-1.0210053,-1.0210052,2.0419984,6.5343947,0.243406041
0.026386777,-1.0210458,-1.0210458,-4.55E-07,-4.55E-07,-1.0210052,-1.0210053,2.0419984,6.5343947,0.243539473
0.026396777,-1.021048,-1.021048,-6.94E-08,-6.94E-08,-1.0210053,-1.0210052,2.0419984,6.5343947,0.243672906
0.026406777,-1.0210458,-1.0210458,-4.55E-07,-4.55E-07,-1.0210052,-1.0210053,2.0419984,6.5343947,0.243806338
0.026416777,-1.021048,-1.021048,-6.94E-08,-6.94E-08,-1.0210053,-1.0210052,2.0419984,6.5343947,0.24393977
0.026426777,-1.0210458,-1.0210458,-4.55E-07,-4.55E-07,-1.0210052,-1.0210053,2.0419984,6.5343947,0.244073202
0.026436777,-1.021048,-1.021048,-6.94E-08,-6.94E-08,-1.0210053,-1.0210052,2.0419984,6.5343947,0.244206634
0.026446777,-1.0210458,-1.0210458,-4.55E-07,-4.55E-07,-1.0210052,-1.0210053,2.0419984,6.5343947,0.244340067
0.026456777,-1.021048,-1.021048,-6.94E-08,-6.94E-08,-1.0210053,-1.0210052,2.0419984,6.5343947,0.244473499
0.026466777,-1.0210458,-1.0210458,-4.55E-07,-4.55E-07,-1.0210052,-1.0210053,2.0419984,6.5343947,0.244606931
0.026476777,-1.021048,-1.021048,-6.94E-08,-6.94E-08,-1.0210053,-1.0210052,2.0419984,6.5343947,0.244740363
0.026486777,-1.0210458,-1.0210458,-4.55E-07,-4.55E-07,-1.0210052,-1.0210053,2.0419984,6.5343947,0.244873796
0.026496777,-1.021048,-1.021048,-6.94E-08,-6.94E-08,-1.0210053,-1.0210052,2.0419984,6.5343947,0.245007228
0.026506777,-1.0210458,-1.0210458,-4.55E-07,-4.55E-07,-1.0210052,-1.0210053,2.0419984,6.5343947,0.24514066
0.026516777,-1.021048,-1.021048,-6.94E-08,-6.94E-08,-1.0210053,-1.0210052,2.0419984,6.5343947,0.245274092
0.026526777,-1.0210458,-1.0210458,-4.55E-07,-4.55E-07,-1.0210052,-1.0210053,2.0419984,6.5343947,0.245407525
0.026536777,-1.021048,-1.021048,-6.94E-08,-6.94E-08,-1.0210053,-1.0210052,2.0419984,6.5343947,0.245540957
0.026546777,-1.0210458,-1.0210458,-4.55E-07,-4.55E-07,-1.0210052,-1.0210053,2.0419984,6.5343947,0.245674389
0.026556777,-1.021048,-1.021048,-6.94E-08,-6.94E-08,-1.0210053,-1.0210052,2.0419984,6.5343947,0.245807821
0.026566777,-1.0210458,-1.0210458,-4.55E-07,-4.55E-07,-1.0210052,-1.0210053,2.0419984,6.5343947,0.245941254
0.026576777,-1.021048,-1.021048,-6.94E-08,-6.94E-08,-1.0210053,-1.0210052,2.0419984,6.5343947,0.246074686
0.026586777,-1.0210458,-1.0210458,-4.55E-07,-4.55E-07,-1.0210052,-1.0210053,2.0419984,6.5343947,0.246208118
0.026596777,-1.021048,-1.021048,-6.94E-08,-6.94E-08,-1.0210053,-1.0210052,2.0419984,6.5343947,0.24634155
0.026606777,-1.0210458,-1.0210458,-4.55E-07,-4.55E-07,-1.0210052,-1.0210053,2.0419984,6.5343947,0.246474982
0.026616777,-1.021048,-1.021048,-6.94E-08,-6.94E-08,-1.0210053,-1.0210052,2.0419984,6.5343947,0.246608415
0.026626777,-1.0210458,-1.0210458,-4.55E-07,-4.55E-07,-1.0210052,-1.0210053,2.0419984,6.5343947,0.246741847
0.026636777,-1.021048,-1.021048,-6.94E-08,-6.94E-08,-1.0210053,-1.0210052,2.0419984,6.5343947,0.246875279
0.026646777,-1.0210458,-1.0210458,-4.55E-07,-4.55E-07,-1.0210052,-1.0210053,2.0419984,6.5343947,0.247008711
0.026656777,-1.021048,-1.021048,-6.94E-08,-6.94E-08,-1.0210053,-1.0210052,2.0419984,6.5343947,0.247142144
0.026666777,-1.0210458,-1.0210458,-4.55E-07,-4.55E-07,-1.0210052,-1.0210053,2.0419984,6.5343947,0.247275576
0.026676777,-1.021048,-1.021048,-6.94E-08,-6.94E-08,-1.0210053,-1.0210052,2.0419984,6.5343947,0.247409008
0.026686777,-1.0210458,-1.0210458,-4.55E-07,-4.55E-07,-1.0210052,-1.0210053,2.0419984,6.5343947,0.24754244
0.026696777,-1.021048,-1.021048,-6.94E-08,-6.94E-08,-1.0210053,-1.0210052,2.0419984,6.5343947,0.247675873
0.026706777,-1.0210458,-1.0210458,-4.55E-07,-4.55E-07,-1.0210052,-1.0210053,2.0419984,6.5343947,0.247809305
0.026716777,-1.021048,-1.021048,-6.94E-08,-6.94E-08,-1.0210053,-1.0210052,2.0419984,6.5343947,0.247942737
0.026726777,-1.0210458,-1.0210458,-4.55E-07,-4.55E-07,-1.0210052,-1.0210053,2.0419984,6.5343947,0.248076169
0.026736777,-1.021048,-1.021048,-6.94E-08,-6.94E-08,-1.0210053,-1.0210052,2.0419984,6.5343947,0.248209602
0.026746777,-1.0210458,-1.0210458,-4.55E-07,-4.55E-07,-1.0210052,-1.0210053,2.0419984,6.5343947,0.248343034
0.026756777,-1.021048,-1.021048,-6.94E-08,-6.94E-08,-1.0210053,-1.0210052,2.0419984,6.5343947,0.248476466
0.026766777,-1.0210458,-1.0210458,-4.55E-07,-4.55E-07,-1.0210052,-1.0210053,2.0419984,6.5343947,0.248609898
0.026776777,-1.021048,-1.021048,-6.94E-08,-6.94E-08,-1.0210053,-1.0210052,2.0419984,6.5343947,0.24874333
0.026786777,-1.0210458,-1.0210458,-4.55E-07,-4.55E-07,-1.0210052,-1.0210053,2.0419984,6.5343947,0.248876763
0.026796777,-1.021048,-1.021048,-6.94E-08,-6.94E-08,-1.0210053,-1.0210052,2.0419984,6.5343947,0.249010195
0.026806777,-1.0210458,-1.0210458,-4.55E-07,-4.55E-07,-1.0210052,-1.0210053,2.0419984,6.5343947,0.249143627
0.026816777,-1.021048,-1.021048,-6.94E-08,-6.94E-08,-1.0210053,-1.0210052,2.0419984,6.5343947,0.249277059
0.026826777,-1.0210458,-1.0210458,-4.55E-07,-4.55E-07,-1.0210052,-1.0210053,2.0419984,6.5343947,0.249410492
0.026836777,-1.021048,-1.021048,-6.94E-08,-6.94E-08,-1.0210053,-1.0210052,2.0419984,6.5343947,0.249543924
0.026846777,-1.0210458,-1.0210458,-4.55E-07,-4.55E-07,-1.0210052,-1.0210053,2.0419984,6.5343947,0.249677356
0.026856777,-1.021048,-1.021048,-6.94E-08,-6.94E-08,-1.0210053,-1.0210052,2.0419984,6.5343947,0.249810788
0.026866777,-1.0210458,-1.0210458,-4.55E-07,-4.55E-07,-1.0210052,-1.0210053,2.0419984,6.5343947,0.249944221
0.026876777,-1.021048,-1.021048,-6.94E-08,-6.94E-08,-1.0210053,-1.0210052,2.0419984,6.5343947,0.250077653
0.026886777,-1.0210458,-1.0210458,-4.55E-07,-4.55E-07,-1.0210052,-1.0210053,2.0419984,6.5343947,0.250211085
0.026896777,-1.021048,-1.021048,-6.94E-08,-6.94E-08,-1.0210053,-1.0210052,2.0419984,6.5343947,0.250344517
0.026906777,-1.0210458,-1.0210458,-4.55E-07,-4.55E-07,-1.0210052,-1.0210053,2.0419984,6.5343947,0.25047795
0.026916777,-1.021048,-1.021048,-6.94E-08,-6.94E-08,-1.0210053,-1.0210052,2.0419984,6.5343947,0.250611382
0.026926777,-1.0210458,-1.0210458,-4.55E-07,-4.55E-07,-1.0210052,-1.0210053,2.0419984,6.5343947,0.250744814
0.026936777,-1.021048,-1.021048,-6.94E-08,-6.94E-08,-1.0210053,-1.0210052,2.0419984,6.5343947,0.250878246
0.026946777,-1.0210458,-1.0210458,-4.55E-07,-4.55E-07,-1.0210052,-1.0210053,2.0419984,6.5343947,0.251011678
0.026956777,-1.021048,-1.021048,-6.94E-08,-6.94E-08,-1.0210053,-1.0210052,2.0419984,6.5343947,0.251145111
0.026966777,-1.0210458,-1.0210458,-4.55E-07,-4.55E-07,-1.0210052,-1.0210053,2.0419984,6.5343947,0.251278543
0.026976777,-1.021048,-1.021048,-6.94E-08,-6.94E-08,-1.0210053,-1.0210052,2.0419984,6.5343947,0.251411975
0.026986777,-1.0210458,-1.0210458,-4.55E-07,-4.55E-07,-1.0210052,-1.0210053,2.0419984,6.5343947,0.251545407
0.026996777,-1.021048,-1.021048,-6.94E-08,-6.94E-08,-1.0210053,-1.0210052,2.0419984,6.5343947,0.25167884
0.027006777,-1.0210458,-1.0210458,-4.55E-07,-4.55E-07,-1.0210052,-1.0210053,2.0419984,6.5343947,0.251812272
0.027016777,-1.021048,-1.021048,-6.94E-08,-6.94E-08,-1.0210053,-1.0210052,2.0419984,6.5343947,0.251945704
0.027026777,-1.0210458,-1.0210458,-4.55E-07,-4.55E-07,-1.0210052,-1.0210053,2.0419984,6.5343947,0.252079136
0.027036777,-1.021048,-1.021048,-6.94E-08,-6.94E-08,-1.0210053,-1.0210052,2.0419984,6.5343947,0.252212569
0.027046777,-1.0210458,-1.0210458,-4.55E-07,-4.55E-07,-1.0210052,-1.0210053,2.0419984,6.5343947,0.252346001
0.027056777,-1.021048,-1.021048,-6.94E-08,-6.94E-08,-1.0210053,-1.0210052,2.0419984,6.5343947,0.252479433
0.027066777,-1.0210458,-1.0210458,-4.55E-07,-4.55E-07,-1.0210052,-1.0210053,2.0419984,6.5343947,0.252612865
0.027076777,-1.021048,-1.021048,-6.94E-08,-6.94E-08,-1.0210053,-1.0210052,2.0419984,6.5343947,0.252746298
0.027086777,-1.0210458,-1.0210458,-4.55E-07,-4.55E-07,-1.0210052,-1.0210053,2.0419984,6.5343947,0.25287973
0.027096777,-1.021048,-1.021048,-6.94E-08,-6.94E-08,-1.0210053,-1.0210052,2.0419984,6.5343947,0.253013162
0.027106777,-1.0210458,-1.0210458,-4.55E-07,-4.55E-07,-1.0210052,-1.0210053,2.0419984,6.5343947,0.253146594
0.027116777,-1.021048,-1.021048,-6.94E-08,-6.94E-08,-1.0210053,-1.0210052,2.0419984,6.5343947,0.253280026
0.027126777,-1.0210458,-1.0210458,-4.55E-07,-4.55E-07,-1.0210052,-1.0210053,2.0419984,6.5343947,0.253413459
0.027136777,-1.021048,-1.021048,-6.94E-08,-6.94E-08,-1.0210053,-1.0210052,2.0419984,6.5343947,0.253546891
0.027146777,-1.0210458,-1.0210458,-4.55E-07,-4.55E-07,-1.0210052,-1.0210053,2.0419984,6.5343947,0.253680323
0.027156777,-1.021048,-1.021048,-6.94E-08,-6.94E-08,-1.0210053,-1.0210052,2.0419984,6.5343947,0.253813755
0.027166777,-1.0210458,-1.0210458,-4.55E-07,-4.55E-07,-1.0210052,-1.0210053,2.0419984,6.5343947,0.253947188
0.027176777,-1.021048,-1.021048,-6.94E-08,-6.94E-08,-1.0210053,-1.0210052,2.0419984,6.5343947,0.25408062
0.027186777,-1.0210458,-1.0210458,-4.55E-07,-4.55E-07,-1.0210052,-1.0210053,2.0419984,6.5343947,0.254214052
0.027196777,-1.021048,-1.021048,-6.94E-08,-6.94E-08,-1.0210053,-1.0210052,2.0419984,6.5343947,0.254347484
0.027206777,-1.0210458,-1.0210458,-4.55E-07,-4.55E-07,-1.0210052,-1.0210053,2.0419984,6.5343947,0.254480917
0.027216777,-1.021048,-1.021048,-6.94E-08,-6.94E-08,-1.0210053,-1.0210052,2.0419984,6.5343947,0.254614349
0.027226777,-1.0210458,-1.0210458,-4.55E-07,-4.55E-07,-1.0210052,-1.0210053,2.0419984,6.5343947,0.254747781
0.027236777,-1.021048,-1.021048,-6.94E-08,-6.94E-08,-1.0210053,-1.0210052,2.0419984,6.5343947,0.254881213
0.027246777,-1.0210458,-1.0210458,-4.55E-07,-4.55E-07,-1.0210052,-1.0210053,2.0419984,6.5343947,0.255014646
0.027256777,-1.021048,-1.021048,-6.94E-08,-6.94E-08,-1.0210053,-1.0210052,2.0419984,6.5343947,0.255148078
0.027266777,-1.0210458,-1.0210458,-4.55E-07,-4.55E-07,-1.0210052,-1.0210053,2.0419984,6.5343947,0.25528151
0.027276777,-1.021048,-1.021048,-6.94E-08,-6.94E-08,-1.0210053,-1.0210052,2.0419984,6.5343947,0.255414942
0.027286777,-1.0210458,-1.0210458,-4.55E-07,-4.55E-07,-1.0210052,-1.0210053,2.0419984,6.5343947,0.255548374
0.027296777,-1.021048,-1.021048,-6.94E-08,-6.94E-08,-1.0210053,-1.0210052,2.0419984,6.5343947,0.255681807
0.027306777,-1.0210458,-1.0210458,-4.55E-07,-4.55E-07,-1.0210052,-1.0210053,2.0419984,6.5343947,0.255815239
0.027316777,-1.021048,-1.021048,-6.94E-08,-6.94E-08,-1.0210053,-1.0210052,2.0419984,6.5343947,0.255948671
0.027326777,-1.0210458,-1.0210458,-4.55E-07,-4.55E-07,-1.0210052,-1.0210053,2.0419984,6.5343947,0.256082103
0.027336777,-1.021048,-1.021048,-6.94E-08,-6.94E-08,-1.0210053,-1.0210052,2.0419984,6.5343947,0.256215536
0.027346777,-1.0210458,-1.0210458,-4.55E-07,-4.55E-07,-1.0210052,-1.0210053,2.0419984,6.5343947,0.256348968
0.027356777,-1.021048,-1.021048,-6.94E-08,-6.94E-08,-1.0210053,-1.0210052,2.0419984,6.5343947,0.2564824
0.027366777,-1.0210458,-1.0210458,-4.55E-07,-4.55E-07,-1.0210052,-1.0210053,2.0419984,6.5343947,0.256615832
0.027376777,-1.021048,-1.021048,-6.94E-08,-6.94E-08,-1.0210053,-1.0210052,2.0419984,6.5343947,0.256749265
0.027386777,-1.0210458,-1.0210458,-4.55E-07,-4.55E-07,-1.0210052,-1.0210053,2.0419984,6.5343947,0.256882697
0.027396777,-1.021048,-1.021048,-6.94E-08,-6.94E-08,-1.0210053,-1.0210052,2.0419984,6.5343947,0.257016129
0.027406777,-1.0210458,-1.0210458,-4.55E-07,-4.55E-07,-1.0210052,-1.0210053,2.0419984,6.5343947,0.257149561
0.027416777,-1.021048,-1.021048,-6.94E-08,-6.94E-08,-1.0210053,-1.0210052,2.0419984,6.5343947,0.257282994
0.027426777,-1.0210458,-1.0210458,-4.55E-07,-4.55E-07,-1.0210052,-1.0210053,2.0419984,6.5343947,0.257416426
0.027436777,-1.021048,-1.021048,-6.94E-08,-6.94E-08,-1.0210053,-1.0210052,2.0419984,6.5343947,0.257549858
0.027446777,-1.0210458,-1.0210458,-4.55E-07,-4.55E-07,-1.0210052,-1.0210053,2.0419984,6.5343947,0.25768329
0.027456777,-1.021048,-1.021048,-6.94E-08,-6.94E-08,-1.0210053,-1.0210052,2.0419984,6.5343947,0.257816722
0.027466777,-1.0210458,-1.0210458,-4.55E-07,-4.55E-07,-1.0210052,-1.0210053,2.0419984,6.5343947,0.257950155
0.027476777,-1.021048,-1.021048,-6.94E-08,-6.94E-08,-1.0210053,-1.0210052,2.0419984,6.5343947,0.258083587
0.027486777,-1.0210458,-1.0210458,-4.55E-07,-4.55E-07,-1.0210052,-1.0210053,2.0419984,6.5343947,0.258217019
0.027496777,-1.021048,-1.021048,-6.94E-08,-6.94E-08,-1.0210053,-1.0210052,2.0419984,6.5343947,0.258350451
0.027506777,-1.0210458,-1.0210458,-4.55E-07,-4.55E-07,-1.0210052,-1.0210053,2.0419984,6.5343947,0.258483884
0.027516777,-1.021048,-1.021048,-6.94E-08,-6.94E-08,-1.0210053,-1.0210052,2.0419984,6.5343947,0.258617316
0.027526777,-1.0210458,-1.0210458,-4.55E-07,-4.55E-07,-1.0210052,-1.0210053,2.0419984,6.5343947,0.258750748
0.027536777,-1.021048,-1.021048,-6.94E-08,-6.94E-08,-1.0210053,-1.0210052,2.0419984,6.5343947,0.25888418
0.027546777,-1.0210458,-1.0210458,-4.55E-07,-4.55E-07,-1.0210052,-1.0210053,2.0419984,6.5343947,0.259017613
0.027556777,-1.021048,-1.021048,-6.94E-08,-6.94E-08,-1.0210053,-1.0210052,2.0419984,6.5343947,0.259151045
0.027566777,-1.0210458,-1.0210458,-4.55E-07,-4.55E-07,-1.0210052,-1.0210053,2.0419984,6.5343947,0.259284477
0.027576777,-1.021048,-1.021048,-6.94E-08,-6.94E-08,-1.0210053,-1.0210052,2.0419984,6.5343947,0.259417909
0.027586777,-1.0210458,-1.0210458,-4.55E-07,-4.55E-07,-1.0210052,-1.0210053,2.0419984,6.5343947,0.259551342
0.027596777,-1.021048,-1.021048,-6.94E-08,-6.94E-08,-1.0210053,-1.0210052,2.0419984,6.5343947,0.259684774
0.027606777,-1.0210458,-1.0210458,-4.55E-07,-4.55E-07,-1.0210052,-1.0210053,2.0419984,6.5343947,0.259818206
0.027616777,-1.021048,-1.021048,-6.94E-08,-6.94E-08,-1.0210053,-1.0210052,2.0419984,6.5343947,0.259951638
0.027626777,-1.0210458,-1.0210458,-4.55E-07,-4.55E-07,-1.0210052,-1.0210053,2.0419984,6.5343947,0.260085071
0.027636777,-1.021048,-1.021048,-6.94E-08,-6.94E-08,-1.0210053,-1.0210052,2.0419984,6.5343947,0.260218503
0.027646777,-1.0210458,-1.0210458,-4.55E-07,-4.55E-07,-1.0210052,-1.0210053,2.0419984,6.5343947,0.260351935
0.027656777,-1.021048,-1.021048,-6.94E-08,-6.94E-08,-1.0210053,-1.0210052,2.0419984,6.5343947,0.260485367
0.027666777,-1.0210458,-1.0210458,-4.55E-07,-4.55E-07,-1.0210052,-1.0210053,2.0419984,6.5343947,0.260618799
0.027676777,-1.021048,-1.021048,-6.94E-08,-6.94E-08,-1.0210053,-1.0210052,2.0419984,6.5343947,0.260752232
0.027686777,-1.0210458,-1.0210458,-4.55E-07,-4.55E-07,-1.0210052,-1.0210053,2.0419984,6.5343947,0.260885664
0.027696777,-1.021048,-1.021048,-6.94E-08,-6.94E-08,-1.0210053,-1.0210052,2.0419984,6.5343947,0.261019096
0.027706777,-1.0210458,-1.0210458,-4.55E-07,-4.55E-07,-1.0210052,-1.0210053,2.0419984,6.5343947,0.261152528
0.027716777,-1.021048,-1.021048,-6.94E-08,-6.94E-08,-1.0210053,-1.0210052,2.0419984,6.5343947,0.261285961
0.027726777,-1.0210458,-1.0210458,-4.55E-07,-4.55E-07,-1.0210052,-1.0210053,2.0419984,6.5343947,0.261419393
0.027736777,-1.021048,-1.021048,-6.94E-08,-6.94E-08,-1.0210053,-1.0210052,2.0419984,6.5343947,0.261552825
0.027746777,-1.0210458,-1.0210458,-4.55E-07,-4.55E-07,-1.0210052,-1.0210053,2.0419984,6.5343947,0.261686257
0.027756777,-1.021048,-1.021048,-6.94E-08,-6.94E-08,-1.0210053,-1.0210052,2.0419984,6.5343947,0.26181969
0.027766777,-1.0210458,-1.0210458,-4.55E-07,-4.55E-07,-1.0210052,-1.0210053,2.0419984,6.5343947,0.261953122
0.027776777,-1.021048,-1.021048,-6.94E-08,-6.94E-08,-1.0210053,-1.0210052,2.0419984,6.5343947,0.262086554
0.027786777,-1.0210458,-1.0210458,-4.55E-07,-4.55E-07,-1.0210052,-1.0210053,2.0419984,6.5343947,0.262219986
0.027796777,-1.021048,-1.021048,-6.94E-08,-6.94E-08,-1.0210053,-1.0210052,2.0419984,6.5343947,0.262353419
0.027806777,-1.0210458,-1.0210458,-4.55E-07,-4.55E-07,-1.0210052,-1.0210053,2.0419984,6.5343947,0.262486851
0.027816777,-1.021048,-1.021048,-6.94E-08,-6.94E-08,-1.0210053,-1.0210052,2.0419984,6.5343947,0.262620283
0.027826777,-1.0210458,-1.0210458,-4.55E-07,-4.55E-07,-1.0210052,-1.0210053,2.0419984,6.5343947,0.262753715
0.027836777,-1.021048,-1.021048,-6.94E-08,-6.94E-08,-1.0210053,-1.0210052,2.0419984,6.5343947,0.262887147
0.027846777,-1.0210458,-1.0210458,-4.55E-07,-4.55E-07,-1.0210052,-1.0210053,2.0419984,6.5343947,0.26302058
0.027856777,-1.021048,-1.021048,-6.94E-08,-6.94E-08,-1.0210053,-1.0210052,2.0419984,6.5343947,0.263154012
0.027866777,-1.0210458,-1.0210458,-4.55E-07,-4.55E-07,-1.0210052,-1.0210053,2.0419984,6.5343947,0.263287444
0.027876777,-1.021048,-1.021048,-6.94E-08,-6.94E-08,-1.0210053,-1.0210052,2.0419984,6.5343947,0.263420876
0.027886777,-1.0210458,-1.0210458,-4.55E-07,-4.55E-07,-1.0210052,-1.0210053,2.0419984,6.5343947,0.263554309
0.027896777,-1.021048,-1.021048,-6.94E-08,-6.94E-08,-1.0210053,-1.0210052,2.0419984,6.5343947,0.263687741
0.027906777,-1.0210458,-1.0210458,-4.55E-07,-4.55E-07,-1.0210052,-1.0210053,2.0419984,6.5343947,0.263821173
0.027916777,-1.021048,-1.021048,-6.94E-08,-6.94E-08,-1.0210053,-1.0210052,2.0419984,6.5343947,0.263954605
0.027926777,-1.0210458,-1.0210458,-4.55E-07,-4.55E-07,-1.0210052,-1.0210053,2.0419984,6.5343947,0.264088038
0.027936777,-1.021048,-1.021048,-6.94E-08,-6.94E-08,-1.0210053,-1.0210052,2.0419984,6.5343947,0.26422147
0.027946777,-1.0210458,-1.0210458,-4.55E-07,-4.55E-07,-1.0210052,-1.0210053,2.0419984,6.5343947,0.264354902
0.027956777,-1.021048,-1.021048,-6.94E-08,-6.94E-08,-1.0210053,-1.0210052,2.0419984,6.5343947,0.264488334
0.027966777,-1.0210458,-1.0210458,-4.55E-07,-4.55E-07,-1.0210052,-1.0210053,2.0419984,6.5343947,0.264621767
0.027976777,-1.021048,-1.021048,-6.94E-08,-6.94E-08,-1.0210053,-1.0210052,2.0419984,6.5343947,0.264755199
0.027986777,-1.0210458,-1.0210458,-4.55E-07,-4.55E-07,-1.0210052,-1.0210053,2.0419984,6.5343947,0.264888631
0.027996777,-1.021048,-1.021048,-6.94E-08,-6.94E-08,-1.0210053,-1.0210052,2.0419984,6.5343947,0.265022063
0.028006777,-1.0210458,-1.0210458,-4.55E-07,-4.55E-07,-1.0210052,-1.0210053,2.0419984,6.5343947,0.265155495
0.028016777,-1.021048,-1.021048,-6.94E-08,-6.94E-08,-1.0210053,-1.0210052,2.0419984,6.5343947,0.265288928
0.028026777,-1.0210458,-1.0210458,-4.55E-07,-4.55E-07,-1.0210052,-1.0210053,2.0419984,6.5343947,0.26542236
0.028036777,-1.021048,-1.021048,-6.94E-08,-6.94E-08,-1.0210053,-1.0210052,2.0419984,6.5343947,0.265555792
0.028046777,-1.0210458,-1.0210458,-4.55E-07,-4.55E-07,-1.0210052,-1.0210053,2.0419984,6.5343947,0.265689224
0.028056777,-1.021048,-1.021048,-6.94E-08,-6.94E-08,-1.0210053,-1.0210052,2.0419984,6.5343947,0.265822657
0.028066777,-1.0210458,-1.0210458,-4.55E-07,-4.55E-07,-1.0210052,-1.0210053,2.0419984,6.5343947,0.265956089
0.028076777,-1.021048,-1.021048,-6.94E-08,-6.94E-08,-1.0210053,-1.0210052,2.0419984,6.5343947,0.266089521
0.028086777,-1.0210458,-1.0210458,-4.55E-07,-4.55E-07,-1.0210052,-1.0210053,2.0419984,6.5343947,0.266222953
0.028096777,-1.021048,-1.021048,-6.94E-08,-6.94E-08,-1.0210053,-1.0210052,2.0419984,6.5343947,0.266356386
0.028106777,-1.0210458,-1.0210458,-4.55E-07,-4.55E-07,-1.0210052,-1.0210053,2.0419984,6.5343947,0.266489818
0.028116777,-1.021048,-1.021048,-6.94E-08,-6.94E-08,-1.0210053,-1.0210052,2.0419984,6.5343947,0.26662325
0.028126777,-1.0210458,-1.0210458,-4.55E-07,-4.55E-07,-1.0210052,-1.0210053,2.0419984,6.5343947,0.266756682
0.028136777,-1.021048,-1.021048,-6.94E-08,-6.94E-08,-1.0210053,-1.0210052,2.0419984,6.5343947,0.266890115
0.028146777,-1.0210458,-1.0210458,-4.55E-07,-4.55E-07,-1.0210052,-1.0210053,2.0419984,6.5343947,0.267023547
0.028156777,-1.021048,-1.021048,-6.94E-08,-6.94E-08,-1.0210053,-1.0210052,2.0419984,6.5343947,0.267156979
0.028166777,-1.0210458,-1.0210458,-4.55E-07,-4.55E-07,-1.0210052,-1.0210053,2.0419984,6.5343947,0.267290411
0.028176777,-1.021048,-1.021048,-6.94E-08,-6.94E-08,-1.0210053,-1.0210052,2.0419984,6.5343947,0.267423843
0.028186777,-1.0210458,-1.0210458,-4.55E-07,-4.55E-07,-1.0210052,-1.0210053,2.0419984,6.5343947,0.267557276
0.028196777,-1.021048,-1.021048,-6.94E-08,-6.94E-08,-1.0210053,-1.0210052,2.0419984,6.5343947,0.267690708
0.028206777,-1.0210458,-1.0210458,-4.55E-07,-4.55E-07,-1.0210052,-1.0210053,2.0419984,6.5343947,0.26782414
0.028216777,-1.021048,-1.021048,-6.94E-08,-6.94E-08,-1.0210053,-1.0210052,2.0419984,6.5343947,0.267957572
0.028226777,-1.0210458,-1.0210458,-4.55E-07,-4.55E-07,-1.0210052,-1.0210053,2.0419984,6.5343947,0.268091005
0.028236777,-1.021048,-1.021048,-6.94E-08,-6.94E-08,-1.0210053,-1.0210052,2.0419984,6.5343947,0.268224437
0.028246777,-1.0210458,-1.0210458,-4.55E-07,-4.55E-07,-1.0210052,-1.0210053,2.0419984,6.5343947,0.268357869
0.028256777,-1.021048,-1.021048,-6.94E-08,-6.94E-08,-1.0210053,-1.0210052,2.0419984,6.5343947,0.268491301
0.028266777,-1.0210458,-1.0210458,-4.55E-07,-4.55E-07,-1.0210052,-1.0210053,2.0419984,6.5343947,0.268624734
0.028276777,-1.021048,-1.021048,-6.94E-08,-6.94E-08,-1.0210053,-1.0210052,2.0419984,6.5343947,0.268758166
0.028286777,-1.0210458,-1.0210458,-4.55E-07,-4.55E-07,-1.0210052,-1.0210053,2.0419984,6.5343947,0.268891598
0.028296777,-1.021048,-1.021048,-6.94E-08,-6.94E-08,-1.0210053,-1.0210052,2.0419984,6.5343947,0.26902503
0.028306777,-1.0210458,-1.0210458,-4.55E-07,-4.55E-07,-1.0210052,-1.0210053,2.0419984,6.5343947,0.269158463
0.028316777,-1.021048,-1.021048,-6.94E-08,-6.94E-08,-1.0210053,-1.0210052,2.0419984,6.5343947,0.269291895
0.028326777,-1.0210458,-1.0210458,-4.55E-07,-4.55E-07,-1.0210052,-1.0210053,2.0419984,6.5343947,0.269425327
0.028336777,-1.021048,-1.021048,-6.94E-08,-6.94E-08,-1.0210053,-1.0210052,2.0419984,6.5343947,0.269558759
0.028346777,-1.0210458,-1.0210458,-4.55E-07,-4.55E-07,-1.0210052,-1.0210053,2.0419984,6.5343947,0.269692191
0.028356777,-1.021048,-1.021048,-6.94E-08,-6.94E-08,-1.0210053,-1.0210052,2.0419984,6.5343947,0.269825624
0.028366777,-1.0210458,-1.0210458,-4.55E-07,-4.55E-07,-1.0210052,-1.0210053,2.0419984,6.5343947,0.269959056
0.028376777,-1.021048,-1.021048,-6.94E-08,-6.94E-08,-1.0210053,-1.0210052,2.0419984,6.5343947,0.270092488
0.028386777,-1.0210458,-1.0210458,-4.55E-07,-4.55E-07,-1.0210052,-1.0210053,2.0419984,6.5343947,0.27022592
0.028396777,-1.021048,-1.021048,-6.94E-08,-6.94E-08,-1.0210053,-1.0210052,2.0419984,6.5343947,0.270359353
0.028406777,-1.0210458,-1.0210458,-4.55E-07,-4.55E-07,-1.0210052,-1.0210053,2.0419984,6.5343947,0.270492785
0.028416777,-1.021048,-1.021048,-6.94E-08,-6.94E-08,-1.0210053,-1.0210052,2.0419984,6.5343947,0.270626217
0.028426777,-1.0210458,-1.0210458,-4.55E-07,-4.55E-07,-1.0210052,-1.0210053,2.0419984,6.5343947,0.270759649
0.028436777,-1.021048,-1.021048,-6.94E-08,-6.94E-08,-1.0210053,-1.0210052,2.0419984,6.5343947,0.270893082
0.028446777,-1.0210458,-1.0210458,-4.55E-07,-4.55E-07,-1.0210052,-1.0210053,2.0419984,6.5343947,0.271026514
0.028456777,-1.021048,-1.021048,-6.94E-08,-6.94E-08,-1.0210053,-1.0210052,2.0419984,6.5343947,0.271159946
0.028466777,-1.0210458,-1.0210458,-4.55E-07,-4.55E-07,-1.0210052,-1.0210053,2.0419984,6.5343947,0.271293378
0.028476777,-1.021048,-1.021048,-6.94E-08,-6.94E-08,-1.0210053,-1.0210052,2.0419984,6.5343947,0.271426811
0.028486777,-1.0210458,-1.0210458,-4.55E-07,-4.55E-07,-1.0210052,-1.0210053,2.0419984,6.5343947,0.271560243
0.028496777,-1.021048,-1.021048,-6.94E-08,-6.94E-08,-1.0210053,-1.0210052,2.0419984,6.5343947,0.271693675
0.028506777,-1.0210458,-1.0210458,-4.55E-07,-4.55E-07,-1.0210052,-1.0210053,2.0419984,6.5343947,0.271827107
0.028516777,-1.021048,-1.021048,-6.94E-08,-6.94E-08,-1.0210053,-1.0210052,2.0419984,6.5343947,0.271960539
0.028526777,-1.0210458,-1.0210458,-4.55E-07,-4.55E-07,-1.0210052,-1.0210053,2.0419984,6.5343947,0.272093972
0.028536777,-1.021048,-1.021048,-6.94E-08,-6.94E-08,-1.0210053,-1.0210052,2.0419984,6.5343947,0.272227404
0.028546777,-1.0210458,-1.0210458,-4.55E-07,-4.55E-07,-1.0210052,-1.0210053,2.0419984,6.5343947,0.272360836
0.028556777,-1.021048,-1.021048,-6.94E-08,-6.94E-08,-1.0210053,-1.0210052,2.0419984,6.5343947,0.272494268
0.028566777,-1.0210458,-1.0210458,-4.55E-07,-4.55E-07,-1.0210052,-1.0210053,2.0419984,6.5343947,0.272627701
0.028576777,-1.021048,-1.021048,-6.94E-08,-6.94E-08,-1.0210053,-1.0210052,2.0419984,6.5343947,0.272761133
0.028586777,-1.0210458,-1.0210458,-4.55E-07,-4.55E-07,-1.0210052,-1.0210053,2.0419984,6.5343947,0.272894565
0.028596777,-1.021048,-1.021048,-6.94E-08,-6.94E-08,-1.0210053,-1.0210052,2.0419984,6.5343947,0.273027997
0.028606777,-1.0210458,-1.0210458,-4.55E-07,-4.55E-07,-1.0210052,-1.0210053,2.0419984,6.5343947,0.27316143
0.028616777,-1.021048,-1.021048,-6.94E-08,-6.94E-08,-1.0210053,-1.0210052,2.0419984,6.5343947,0.273294862
0.028626777,-1.0210458,-1.0210458,-4.55E-07,-4.55E-07,-1.0210052,-1.0210053,2.0419984,6.5343947,0.273428294
0.028636777,-1.021048,-1.021048,-6.94E-08,-6.94E-08,-1.0210053,-1.0210052,2.0419984,6.5343947,0.273561726
0.028646777,-1.0210458,-1.0210458,-4.55E-07,-4.55E-07,-1.0210052,-1.0210053,2.0419984,6.5343947,0.273695159
0.028656777,-1.021048,-1.021048,-6.94E-08,-6.94E-08,-1.0210053,-1.0210052,2.0419984,6.5343947,0.273828591
0.028666777,-1.0210458,-1.0210458,-4.55E-07,-4.55E-07,-1.0210052,-1.0210053,2.0419984,6.5343947,0.273962023
0.028676777,-1.021048,-1.021048,-6.94E-08,-6.94E-08,-1.0210053,-1.0210052,2.0419984,6.5343947,0.274095455
0.028686777,-1.0210458,-1.0210458,-4.55E-07,-4.55E-07,-1.0210052,-1.0210053,2.0419984,6.5343947,0.274228887
0.028696777,-1.021048,-1.021048,-6.94E-08,-6.94E-08,-1.0210053,-1.0210052,2.0419984,6.5343947,0.27436232
0.028706777,-1.0210458,-1.0210458,-4.55E-07,-4.55E-07,-1.0210052,-1.0210053,2.0419984,6.5343947,0.274495752
0.028716777,-1.021048,-1.021048,-6.94E-08,-6.94E-08,-1.0210053,-1.0210052,2.0419984,6.5343947,0.274629184
0.028726777,-1.0210458,-1.0210458,-4.55E-07,-4.55E-07,-1.0210052,-1.0210053,2.0419984,6.5343947,0.274762616
0.028736777,-1.021048,-1.021048,-6.94E-08,-6.94E-08,-1.0210053,-1.0210052,2.0419984,6.5343947,0.274896049
0.028746777,-1.0210458,-1.0210458,-4.55E-07,-4.55E-07,-1.0210052,-1.0210053,2.0419984,6.5343947,0.275029481
0.028756777,-1.021048,-1.021048,-6.94E-08,-6.94E-08,-1.0210053,-1.0210052,2.0419984,6.5343947,0.275162913
0.028766777,-1.0210458,-1.0210458,-4.55E-07,-4.55E-07,-1.0210052,-1.0210053,2.0419984,6.5343947,0.275296345
0.028776777,-1.021048,-1.021048,-6.94E-08,-6.94E-08,-1.0210053,-1.0210052,2.0419984,6.5343947,0.275429778
0.028786777,-1.0210458,-1.0210458,-4.55E-07,-4.55E-07,-1.0210052,-1.0210053,2.0419984,6.5343947,0.27556321
0.028796777,-1.021048,-1.021048,-6.94E-08,-6.94E-08,-1.0210053,-1.0210052,2.0419984,6.5343947,0.275696642
0.028806777,-1.0210458,-1.0210458,-4.55E-07,-4.55E-07,-1.0210052,-1.0210053,2.0419984,6.5343947,0.275830074
0.028816777,-1.021048,-1.021048,-6.94E-08,-6.94E-08,-1.0210053,-1.0210052,2.0419984,6.5343947,0.275963507
0.028826777,-1.0210458,-1.0210458,-4.55E-07,-4.55E-07,-1.0210052,-1.0210053,2.0419984,6.5343947,0.276096939
0.028836777,-1.021048,-1.021048,-6.94E-08,-6.94E-08,-1.0210053,-1.0210052,2.0419984,6.5343947,0.276230371
0.028846777,-1.0210458,-1.0210458,-4.55E-07,-4.55E-07,-1.0210052,-1.0210053,2.0419984,6.5343947,0.276363803
0.028856777,-1.021048,-1.021048,-6.94E-08,-6.94E-08,-1.0210053,-1.0210052,2.0419984,6.5343947,0.276497235
0.028866777,-1.0210458,-1.0210458,-4.55E-07,-4.55E-07,-1.0210052,-1.0210053,2.0419984,6.5343947,0.276630668
0.028876777,-1.021048,-1.021048,-6.94E-08,-6.94E-08,-1.0210053,-1.0210052,2.0419984,6.5343947,0.2767641
0.028886777,-1.0210458,-1.0210458,-4.55E-07,-4.55E-07,-1.0210052,-1.0210053,2.0419984,6.5343947,0.276897532
0.028896777,-1.021048,-1.021048,-6.94E-08,-6.94E-08,-1.0210053,-1.0210052,2.0419984,6.5343947,0.277030964
0.028906777,-1.0210458,-1.0210458,-4.55E-07,-4.55E-07,-1.0210052,-1.0210053,2.0419984,6.5343947,0.277164397
0.028916777,-1.021048,-1.021048,-6.94E-08,-6.94E-08,-1.0210053,-1.0210052,2.0419984,6.5343947,0.277297829
0.028926777,-1.0210458,-1.0210458,-4.55E-07,-4.55E-07,-1.0210052,-1.0210053,2.0419984,6.5343947,0.277431261
0.028936777,-1.021048,-1.021048,-6.94E-08,-6.94E-08,-1.0210053,-1.0210052,2.0419984,6.5343947,0.277564693
0.028946777,-1.0210458,-1.0210458,-4.55E-07,-4.55E-07,-1.0210052,-1.0210053,2.0419984,6.5343947,0.277698126
0.028956777,-1.021048,-1.021048,-6.94E-08,-6.94E-08,-1.0210053,-1.0210052,2.0419984,6.5343947,0.277831558
0.028966777,-1.0210458,-1.0210458,-4.55E-07,-4.55E-07,-1.0210052,-1.0210053,2.0419984,6.5343947,0.27796499
0.028976777,-1.021048,-1.021048,-6.94E-08,-6.94E-08,-1.0210053,-1.0210052,2.0419984,6.5343947,0.278098422
0.028986777,-1.0210458,-1.0210458,-4.55E-07,-4.55E-07,-1.0210052,-1.0210053,2.0419984,6.5343947,0.278231855
0.028996777,-1.021048,-1.021048,-6.94E-08,-6.94E-08,-1.0210053,-1.0210052,2.0419984,6.5343947,0.278365287
0.029006777,-1.0210458,-1.0210458,-4.55E-07,-4.55E-07,-1.0210052,-1.0210053,2.0419984,6.5343947,0.278498719
0.029016777,-1.021048,-1.021048,-6.94E-08,-6.94E-08,-1.0210053,-1.0210052,2.0419984,6.5343947,0.278632151
0.029026777,-1.0210458,-1.0210458,-4.55E-07,-4.55E-07,-1.0210052,-1.0210053,2.0419984,6.5343947,0.278765584
0.029036777,-1.021048,-1.021048,-6.94E-08,-6.94E-08,-1.0210053,-1.0210052,2.0419984,6.5343947,0.278899016
0.029046777,-1.0210458,-1.0210458,-4.55E-07,-4.55E-07,-1.0210052,-1.0210053,2.0419984,6.5343947,0.279032448
0.029056777,-1.021048,-1.021048,-6.94E-08,-6.94E-08,-1.0210053,-1.0210052,2.0419984,6.5343947,0.27916588
0.029066777,-1.0210458,-1.0210458,-4.55E-07,-4.55E-07,-1.0210052,-1.0210053,2.0419984,6.5343947,0.279299312
0.029076777,-1.021048,-1.021048,-6.94E-08,-6.94E-08,-1.0210053,-1.0210052,2.0419984,6.5343947,0.279432745
0.029086777,-1.0210458,-1.0210458,-4.55E-07,-4.55E-07,-1.0210052,-1.0210053,2.0419984,6.5343947,0.279566177
0.029096777,-1.021048,-1.021048,-6.94E-08,-6.94E-08,-1.0210053,-1.0210052,2.0419984,6.5343947,0.279699609
0.029106777,-1.0210458,-1.0210458,-4.55E-07,-4.55E-07,-1.0210052,-1.0210053,2.0419984,6.5343947,0.279833041
0.029116777,-1.021048,-1.021048,-6.94E-08,-6.94E-08,-1.0210053,-1.0210052,2.0419984,6.5343947,0.279966474
0.029126777,-1.0210458,-1.0210458,-4.55E-07,-4.55E-07,-1.0210052,-1.0210053,2.0419984,6.5343947,0.280099906
0.029136777,-1.021048,-1.021048,-6.94E-08,-6.94E-08,-1.0210053,-1.0210052,2.0419984,6.5343947,0.280233338
0.029146777,-1.0210458,-1.0210458,-4.55E-07,-4.55E-07,-1.0210052,-1.0210053,2.0419984,6.5343947,0.28036677
0.029156777,-1.021048,-1.021048,-6.94E-08,-6.94E-08,-1.0210053,-1.0210052,2.0419984,6.5343947,0.280500203
0.029166777,-1.0210458,-1.0210458,-4.55E-07,-4.55E-07,-1.0210052,-1.0210053,2.0419984,6.5343947,0.280633635
0.029176777,-1.021048,-1.021048,-6.94E-08,-6.94E-08,-1.0210053,-1.0210052,2.0419984,6.5343947,0.280767067
0.029186777,-1.0210458,-1.0210458,-4.55E-07,-4.55E-07,-1.0210052,-1.0210053,2.0419984,6.5343947,0.280900499
0.029196777,-1.021048,-1.021048,-6.94E-08,-6.94E-08,-1.0210053,-1.0210052,2.0419984,6.5343947,0.281033932
0.029206777,-1.0210458,-1.0210458,-4.55E-07,-4.55E-07,-1.0210052,-1.0210053,2.0419984,6.5343947,0.281167364
0.029216777,-1.021048,-1.021048,-6.94E-08,-6.94E-08,-1.0210053,-1.0210052,2.0419984,6.5343947,0.281300796
0.029226777,-1.0210458,-1.0210458,-4.55E-07,-4.55E-07,-1.0210052,-1.0210053,2.0419984,6.5343947,0.281434228
0.029236777,-1.021048,-1.021048,-6.94E-08,-6.94E-08,-1.0210053,-1.0210052,2.0419984,6.5343947,0.28156766
0.029246777,-1.0210458,-1.0210458,-4.55E-07,-4.55E-07,-1.0210052,-1.0210053,2.0419984,6.5343947,0.281701093
0.029256777,-1.021048,-1.021048,-6.94E-08,-6.94E-08,-1.0210053,-1.0210052,2.0419984,6.5343947,0.281834525
0.029266777,-1.0210458,-1.0210458,-4.55E-07,-4.55E-07,-1.0210052,-1.0210053,2.0419984,6.5343947,0.281967957
0.029276777,-1.021048,-1.021048,-6.94E-08,-6.94E-08,-1.0210053,-1.0210052,2.0419984,6.5343947,0.282101389
0.029286777,-1.0210458,-1.0210458,-4.55E-07,-4.55E-07,-1.0210052,-1.0210053,2.0419984,6.5343947,0.282234822
0.029296777,-1.021048,-1.021048,-6.94E-08,-6.94E-08,-1.0210053,-1.0210052,2.0419984,6.5343947,0.282368254
0.029306777,-1.0210458,-1.0210458,-4.55E-07,-4.55E-07,-1.0210052,-1.0210053,2.0419984,6.5343947,0.282501686
0.029316777,-1.021048,-1.021048,-6.94E-08,-6.94E-08,-1.0210053,-1.0210052,2.0419984,6.5343947,0.282635118
0.029326777,-1.0210458,-1.0210458,-4.55E-07,-4.55E-07,-1.0210052,-1.0210053,2.0419984,6.5343947,0.282768551
0.029336777,-1.021048,-1.021048,-6.94E-08,-6.94E-08,-1.0210053,-1.0210052,2.0419984,6.5343947,0.282901983
0.029346777,-1.0210458,-1.0210458,-4.55E-07,-4.55E-07,-1.0210052,-1.0210053,2.0419984,6.5343947,0.283035415
0.029356777,-1.021048,-1.021048,-6.94E-08,-6.94E-08,-1.0210053,-1.0210052,2.0419984,6.5343947,0.283168847
0.029366777,-1.0210458,-1.0210458,-4.55E-07,-4.55E-07,-1.0210052,-1.0210053,2.0419984,6.5343947,0.28330228
0.029376777,-1.021048,-1.021048,-6.94E-08,-6.94E-08,-1.0210053,-1.0210052,2.0419984,6.5343947,0.283435712
0.029386777,-1.0210458,-1.0210458,-4.55E-07,-4.55E-07,-1.0210052,-1.0210053,2.0419984,6.5343947,0.283569144
0.029396777,-1.021048,-1.021048,-6.94E-08,-6.94E-08,-1.0210053,-1.0210052,2.0419984,6.5343947,0.283702576
0.029406777,-1.0210458,-1.0210458,-4.55E-07,-4.55E-07,-1.0210052,-1.0210053,2.0419984,6.5343947,0.283836008
0.029416777,-1.021048,-1.021048,-6.94E-08,-6.94E-08,-1.0210053,-1.0210052,2.0419984,6.5343947,0.283969441
0.029426777,-1.0210458,-1.0210458,-4.55E-07,-4.55E-07,-1.0210052,-1.0210053,2.0419984,6.5343947,0.284102873
0.029436777,-1.021048,-1.021048,-6.94E-08,-6.94E-08,-1.0210053,-1.0210052,2.0419984,6.5343947,0.284236305
0.029446777,-1.0210458,-1.0210458,-4.55E-07,-4.55E-07,-1.0210052,-1.0210053,2.0419984,6.5343947,0.284369737
0.029456777,-1.021048,-1.021048,-6.94E-08,-6.94E-08,-1.0210053,-1.0210052,2.0419984,6.5343947,0.28450317
0.029466777,-1.0210458,-1.0210458,-4.55E-07,-4.55E-07,-1.0210052,-1.0210053,2.0419984,6.5343947,0.284636602
0.029476777,-1.021048,-1.021048,-6.94E-08,-6.94E-08,-1.0210053,-1.0210052,2.0419984,6.5343947,0.284770034
0.029486777,-1.0210458,-1.0210458,-4.55E-07,-4.55E-07,-1.0210052,-1.0210053,2.0419984,6.5343947,0.284903466
0.029496777,-1.021048,-1.021048,-6.94E-08,-6.94E-08,-1.0210053,-1.0210052,2.0419984,6.5343947,0.285036899
0.029506777,-1.0210458,-1.0210458,-4.55E-07,-4.55E-07,-1.0210052,-1.0210053,2.0419984,6.5343947,0.285170331
0.029516777,-1.021048,-1.021048,-6.94E-08,-6.94E-08,-1.0210053,-1.0210052,2.0419984,6.5343947,0.285303763
0.029526777,-1.0210458,-1.0210458,-4.55E-07,-4.55E-07,-1.0210052,-1.0210053,2.0419984,6.5343947,0.285437195
0.029536777,-1.021048,-1.021048,-6.94E-08,-6.94E-08,-1.0210053,-1.0210052,2.0419984,6.5343947,0.285570628
0.029546777,-1.0210458,-1.0210458,-4.55E-07,-4.55E-07,-1.0210052,-1.0210053,2.0419984,6.5343947,0.28570406
0.029556777,-1.021048,-1.021048,-6.94E-08,-6.94E-08,-1.0210053,-1.0210052,2.0419984,6.5343947,0.285837492
0.029566777,-1.0210458,-1.0210458,-4.55E-07,-4.55E-07,-1.0210052,-1.0210053,2.0419984,6.5343947,0.285970924
0.029576777,-1.021048,-1.021048,-6.94E-08,-6.94E-08,-1.0210053,-1.0210052,2.0419984,6.5343947,0.286104356
0.029586777,-1.0210458,-1.0210458,-4.55E-07,-4.55E-07,-1.0210052,-1.0210053,2.0419984,6.5343947,0.286237789
0.029596777,-1.021048,-1.021048,-6.94E-08,-6.94E-08,-1.0210053,-1.0210052,2.0419984,6.5343947,0.286371221
0.029606777,-1.0210458,-1.0210458,-4.55E-07,-4.55E-07,-1.0210052,-1.0210053,2.0419984,6.5343947,0.286504653
0.029616777,-1.021048,-1.021048,-6.94E-08,-6.94E-08,-1.0210053,-1.0210052,2.0419984,6.5343947,0.286638085
0.029626777,-1.0210458,-1.0210458,-4.55E-07,-4.55E-07,-1.0210052,-1.0210053,2.0419984,6.5343947,0.286771518
0.029636777,-1.021048,-1.021048,-6.94E-08,-6.94E-08,-1.0210053,-1.0210052,2.0419984,6.5343947,0.28690495
0.029646777,-1.0210458,-1.0210458,-4.55E-07,-4.55E-07,-1.0210052,-1.0210053,2.0419984,6.5343947,0.287038382
0.029656777,-1.021048,-1.021048,-6.94E-08,-6.94E-08,-1.0210053,-1.0210052,2.0419984,6.5343947,0.287171814
0.029666777,-1.0210458,-1.0210458,-4.55E-07,-4.55E-07,-1.0210052,-1.0210053,2.0419984,6.5343947,0.287305247
0.029676777,-1.021048,-1.021048,-6.94E-08,-6.94E-08,-1.0210053,-1.0210052,2.0419984,6.5343947,0.287438679
0.029686777,-1.0210458,-1.0210458,-4.55E-07,-4.55E-07,-1.0210052,-1.0210053,2.0419984,6.5343947,0.287572111
0.029696777,-1.021048,-1.021048,-6.94E-08,-6.94E-08,-1.0210053,-1.0210052,2.0419984,6.5343947,0.287705543
0.029706777,-1.0210458,-1.0210458,-4.55E-07,-4.55E-07,-1.0210052,-1.0210053,2.0419984,6.5343947,0.287838976
0.029716777,-1.021048,-1.021048,-6.94E-08,-6.94E-08,-1.0210053,-1.0210052,2.0419984,6.5343947,0.287972408
0.029726777,-1.0210458,-1.0210458,-4.55E-07,-4.55E-07,-1.0210052,-1.0210053,2.0419984,6.5343947,0.28810584
0.029736777,-1.021048,-1.021048,-6.94E-08,-6.94E-08,-1.0210053,-1.0210052,2.0419984,6.5343947,0.288239272
0.029746777,-1.0210458,-1.0210458,-4.55E-07,-4.55E-07,-1.0210052,-1.0210053,2.0419984,6.5343947,0.288372704
0.029756777,-1.021048,-1.021048,-6.94E-08,-6.94E-08,-1.0210053,-1.0210052,2.0419984,6.5343947,0.288506137
0.029766777,-1.0210458,-1.0210458,-4.55E-07,-4.55E-07,-1.0210052,-1.0210053,2.0419984,6.5343947,0.288639569
0.029776777,-1.021048,-1.021048,-6.94E-08,-6.94E-08,-1.0210053,-1.0210052,2.0419984,6.5343947,0.288773001
0.029786777,-1.0210458,-1.0210458,-4.55E-07,-4.55E-07,-1.0210052,-1.0210053,2.0419984,6.5343947,0.288906433
0.029796777,-1.021048,-1.021048,-6.94E-08,-6.94E-08,-1.0210053,-1.0210052,2.0419984,6.5343947,0.289039866
0.029806777,-1.0210458,-1.0210458,-4.55E-07,-4.55E-07,-1.0210052,-1.0210053,2.0419984,6.5343947,0.289173298
0.029816777,-1.021048,-1.021048,-6.94E-08,-6.94E-08,-1.0210053,-1.0210052,2.0419984,6.5343947,0.28930673
0.029826777,-1.0210458,-1.0210458,-4.55E-07,-4.55E-07,-1.0210052,-1.0210053,2.0419984,6.5343947,0.289440162
0.029836777,-1.021048,-1.021048,-6.94E-08,-6.94E-08,-1.0210053,-1.0210052,2.0419984,6.5343947,0.289573595
0.029846777,-1.0210458,-1.0210458,-4.55E-07,-4.55E-07,-1.0210052,-1.0210053,2.0419984,6.5343947,0.289707027
0.029856777,-1.021048,-1.021048,-6.94E-08,-6.94E-08,-1.0210053,-1.0210052,2.0419984,6.5343947,0.289840459
0.029866777,-1.0210458,-1.0210458,-4.55E-07,-4.55E-07,-1.0210052,-1.0210053,2.0419984,6.5343947,0.289973891
0.029876777,-1.021048,-1.021048,-6.94E-08,-6.94E-08,-1.0210053,-1.0210052,2.0419984,6.5343947,0.290107324
0.029886777,-1.0210458,-1.0210458,-4.55E-07,-4.55E-07,-1.0210052,-1.0210053,2.0419984,6.5343947,0.290240756
0.029896777,-1.021048,-1.021048,-6.94E-08,-6.94E-08,-1.0210053,-1.0210052,2.0419984,6.5343947,0.290374188
0.029906777,-1.0210458,-1.0210458,-4.55E-07,-4.55E-07,-1.0210052,-1.0210053,2.0419984,6.5343947,0.29050762
0.029916777,-1.021048,-1.021048,-6.94E-08,-6.94E-08,-1.0210053,-1.0210052,2.0419984,6.5343947,0.290641052
0.029926777,-1.0210458,-1.0210458,-4.55E-07,-4.55E-07,-1.0210052,-1.0210053,2.0419984,6.5343947,0.290774485
0.029936777,-1.021048,-1.021048,-6.94E-08,-6.94E-08,-1.0210053,-1.0210052,2.0419984,6.5343947,0.290907917
0.029946777,-1.0210458,-1.0210458,-4.55E-07,-4.55E-07,-1.0210052,-1.0210053,2.0419984,6.5343947,0.291041349
0.029956777,-1.021048,-1.021048,-6.94E-08,-6.94E-08,-1.0210053,-1.0210052,2.0419984,6.5343947,0.291174781
0.029966777,-1.0210458,-1.0210458,-4.55E-07,-4.55E-07,-1.0210052,-1.0210053,2.0419984,6.5343947,0.291308214
0.029976777,-1.021048,-1.021048,-6.94E-08,-6.94E-08,-1.0210053,-1.0210052,2.0419984,6.5343947,0.291441646
0.029986777,-1.0210458,-1.0210458,-4.55E-07,-4.55E-07,-1.0210052,-1.0210053,2.0419984,6.5343947,0.291575078
0.029996777,-1.021048,-1.021048,-6.94E-08,-6.94E-08,-1.0210053,-1.0210052,2.0419984,6.5343947,0.291663296
0.03,-1.0210458,-1.0210458,-4.55E-07,-4.55E-07,-1.0210052,-1.0210053,2.0419984,6.5343947,0.291684797
0.03,-1.021046,-1.021046,2.14E-08,2.14E-08,-1.0210053,-1.021005,2.0419984,6.5343947,0.291684797
0.03,-1.0210465,-1.0210465,-3.62E-07,-3.62E-07,-1.0210052,-1.0210053,2.0419984,6.5343947,0.291684797
0.03,-1.0210466,-1.0210466,-1.10E-07,-1.10E-07,-1.0210053,-1.0210052,2.0419984,6.5343947,0.291684797
0.03,-1.0210469,-1.0210469,-3.78E-07,-3.78E-07,-1.0210052,-1.0210053,2.0419984,6.5343947,0.291684797
0.03,-1.0210469,-1.0210469,-1.44E-07,-1.44E-07,-1.0210053,-1.0210052,2.0419984,6.5343947,0.291684797
0.03,-1.0210469,-1.0210469,-3.77E-07,-3.77E-07,-1.0210052,-1.0210053,2.0419984,6.5343947,0.291684797
0.03,-1.0210469,-1.0210469,-1.48E-07,-1.48E-07,-1.0210053,-1.0210052,2.0419984,6.5343947,0.291684798
0.03,-1.0210469,-1.0210469,-3.75E-07,-3.75E-07,-1.0210052,-1.0210053,2.0419984,6.5343947,0.291684799
0.03,-1.0210468,-1.0210468,-1.48E-07,-1.48E-07,-1.0210052,-1.0210052,2.0419984,6.5343947,0.2916848
0.03,-1.0210469,-1.0210469,-3.73E-07,-3.73E-07,-1.0210052,-1.0210052,2.0419984,6.5343947,0.291684804
0.030000001,-1.0210466,-1.0210466,-1.44E-07,-1.44E-07,-1.021005,-1.021005,2.0419984,6.5343947,0.291684811
0.030000001,-1.0210465,-1.0210465,-3.59E-07,-3.59E-07,-1.0210049,-1.0210049,2.0419984,6.5343947,0.291684825
0.030000003,-1.021046,-1.021046,-1.09E-07,-1.09E-07,-1.0210047,-1.0210047,2.0419984,6.5343947,0.291684853
0.030000006,-1.0210453,-1.0210453,-2.81E-07,-2.81E-07,-1.0210044,-1.0210044,2.0419984,6.5343943,0.291684907
0.030000011,-1.0210444,-1.0210444,2.02E-08,2.02E-08,-1.0210044,-1.0210044,2.0419984,6.5343947,0.291684992
0.030000018,-1.0210444,-1.0210444,-1.41E-07,-1.41E-07,-1.0210057,-1.0210057,2.0419984,6.5343947,0.291685115
0.030000029,-1.0210468,-1.0210468,1.31E-07,1.31E-07,-1.02101,-1.02101,2.0419984,6.5343943,0.291685288
0.030000044,-1.0210541,-1.0210541,-6.97E-08,-6.97E-08,-1.0210198,-1.0210199,2.0419984,6.5343947,0.291685524
0.030000065,-1.0210669,-1.0210669,1.64E-07,1.64E-07,-1.0210398,-1.0210398,2.0419984,6.5343947,0.291685765
0.03000008,-1.0210899,-1.0210899,-5.89E-08,-5.89E-08,-1.02106,-1.0210601,2.0419984,6.5343947,0.291685947
0.030000092,-1.0211143,-1.0211143,1.71E-07,1.71E-07,-1.0210792,-1.0210791,2.0419984,6.5343947,0.291686098
0.030000103,-1.0211425,-1.0211425,-4.10E-08,-4.10E-08,-1.021102,-1.021102,2.0419984,6.5343947,0.291686258
0.030000116,-1.02118,-1.02118,2.11E-07,2.11E-07,-1.0211322,-1.021132,2.0419984,6.5343947,0.291686435
0.03000013,-1.0212213,-1.0212213,2.55E-08,2.55E-08,-1.0211655,-1.0211654,2.0419984,6.534395,0.291686674
0.030000152,-1.0212898,-1.0212898,3.29E-07,3.29E-07,-1.0212222,-1.0212216,2.0419984,6.534395,0.291686996
0.030000178,-1.0213709,-1.0213709,2.09E-07,2.09E-07,-1.0212903,-1.0212897,2.0419986,6.534395,0.291687476
0.030000224,-1.0215116,-1.0215116,6.23E-07,6.23E-07,-1.0214128,-1.0214118,2.0419986,6.5343957,0.291688141
0.030000278,-1.021664,-1.021664,5.92E-07,5.92E-07,-1.0215536,-1.0215523,2.0419989,6.534396,0.29168895
0.030000345,-1.0218297,-1.0218297,1.01E-06,1.01E-06,-1.0217147,-1.021713,2.0419989,6.5343966,0.291689973
0.030000431,-1.0219979,-1.0219979,1.01E-06,1.01E-06,-1.021881,-1.0218794,2.0419993,6.5343976,0.291691172
0.030000525,-1.0221243,-1.0221243,1.50E-06,1.50E-06,-1.0220054,-1.0220038,2.0419998,6.534399,0.291692485
0.030000628,-1.0220981,-1.0220981,1.53E-06,1.53E-06,-1.0219734,-1.0219718,2.0420003,6.5344005,0.29169435
0.030000804,-1.0212713,-1.0212713,1.98E-06,1.98E-06,-1.0211318,-1.0211301,2.042,6.5344,0.291696518
0.030000953,-1.0196971,-1.0196971,1.70E-06,1.70E-06,-1.0195448,-1.0195433,2.0419981,6.5343943,0.291698555
0.03000111,-1.0171945,-1.0171945,1.69E-06,1.69E-06,-1.017031,-1.0170293,2.0419936,6.5343795,0.291700772
0.030001285,-1.0134549,-1.0134549,1.04E-06,1.04E-06,-1.0132835,-1.013282,2.0419846,6.5343504,0.291703321
0.030001492,-1.0078386,-1.0078386,6.47E-07,6.47E-07,-1.007662,-1.0076604,2.041967,6.534294,0.291706125
0.030001705,-1.0007132,-1.0007132,-2.73E-07,-2.73E-07,-1.0005314,-1.0005299,2.0419397,6.5342064,0.291709065
0.030001932,-0.99176687,-0.99176687,-7.71E-07,-7.71E-07,-0.99157584,-0.99157435,2.0418983,6.5340743,0.291711973
0.030002141,-0.9823195,-0.9823195,-1.61E-06,-1.61E-06,-0.9821181,-0.98211676,2.0418475,6.533912,0.291715021
0.030002389,-0.96924555,-0.96924555,-2.15E-06,-2.15E-06,-0.96903354,-0.9690321,2.0417686,6.5336595,0.291718217
0.03000262,-0.9528492,-0.9528492,-3.73E-06,-3.73E-06,-0.9526287,-0.9526274,2.041671,6.5333476,0.291720787
0.030002775,-0.93100923,-0.93100923,-8.18E-06,-8.18E-06,-0.93078446,-0.9307832,2.0415812,6.533059,0.291722484
0.030002875,-0.86871105,-0.86871105,-4.13E-05,-4.13E-05,-0.86848634,-0.86848605,2.041466,6.532691,0.291723501
0.030002927,-0.6918504,-0.6918504,-0.000221288,-0.000221288,-0.6916394,-0.6916435,2.041277,6.532086,0.291724198
0.030002979,-0.47010833,-0.47010833,-0.000111465,-0.000111465,-0.46989194,-0.46989328,2.0409944,6.531182,0.291724894
0.030003032,-0.25762543,-0.25762543,-0.000215124,-0.000215124,-0.2574146,-0.25741836,2.0406475,6.530072,0.291725632
0.03000309,-0.04342347,-0.04342347,-8.57E-05,-8.57E-05,-0.04320692,-0.043207563,2.040195,6.528624,0.291726144
0.030003108,-0.000477648,-0.000477648,-0.000120386,-0.000120386,-0.000258932,-0.000260299,2.0400543,6.5281744,0.291726335
0.030003119,0.000219441,0.000219441,8.57E-05,8.57E-05,0.000449306,0.000452954,2.0399876,6.52796,0.291726443
0.030003125,-0.000326899,-0.000326899,-0.000104222,-0.000104222,-0.00010205,-0.000103099,2.0399508,6.5278425,0.291726519
0.03000313,0.000163047,0.000163047,6.60E-05,6.60E-05,0.000391477,0.000394766,2.0399141,6.527725,0.291726589
0.030003135,-0.000274095,-0.000274095,-8.43E-05,-8.43E-05,-4.88E-05,-4.95E-05,2.0398839,6.527628,0.291726646
0.030003139,0.000106541,0.000106541,4.42E-05,4.42E-05,0.000334459,0.000337368,2.0398598,6.527551,0.291726687
0.030003141,-0.0002071,-0.0002071,-5.86E-05,-5.86E-05,1.95E-05,1.92E-05,2.0398445,6.5275025,0.291726711
0.030003142,1.85E-05,1.85E-05,1.15E-05,1.15E-05,0.000244957,0.000247257,2.0398366,6.527477,0.291726723
0.030003143,-9.38E-05,-9.38E-05,-1.93E-05,-1.93E-05,0.000134564,0.000135129,2.0398335,6.5274673,0.291726728
0.030003143,-6.54E-05,-6.54E-05,-1.39E-05,-1.39E-05,0.000160475,0.000162111,2.0398319,6.527462,0.291726731
0.030003143,-7.15E-05,-7.15E-05,-1.51E-05,-1.51E-05,0.000156113,0.000156932,2.0398304,6.527457,0.291726734
0.030003144,-6.72E-05,-6.72E-05,-1.37E-05,-1.37E-05,0.000159473,0.000161017,2.0398288,6.527452,0.291726738
0.030003144,-7.08E-05,-7.08E-05,-1.48E-05,-1.48E-05,0.000156426,0.000157309,2.0398266,6.5274453,0.291726745
0.030003145,-6.73E-05,-6.73E-05,-1.38E-05,-1.38E-05,0.000159465,0.00016097,2.0398223,6.5274315,0.291726758
0.030003146,-7.08E-05,-7.08E-05,-1.48E-05,-1.48E-05,0.000156471,0.000157373,2.0398138,6.527404,0.291726785
0.030003149,-6.74E-05,-6.74E-05,-1.38E-05,-1.38E-05,0.000159497,0.000160992,2.0397966,6.527349,0.291726839
0.030003154,-7.08E-05,-7.08E-05,-1.48E-05,-1.48E-05,0.000156563,0.000157468,2.039762,6.527239,0.291726947
0.030003165,-6.75E-05,-6.75E-05,-1.38E-05,-1.38E-05,0.000159659,0.000161148,2.0396934,6.5270185,0.291727163
0.030003187,-7.10E-05,-7.10E-05,-1.47E-05,-1.47E-05,0.00015687,0.000157769,2.0395558,6.5265784,0.291727594
0.03000323,-6.78E-05,-6.78E-05,-1.38E-05,-1.38E-05,0.000160191,0.000161666,2.0392804,6.5256977,0.291728456
0.030003316,-7.16E-05,-7.16E-05,-1.47E-05,-1.47E-05,0.000157688,0.000158556,2.0387301,6.5239363,0.291730178
0.030003489,-6.86E-05,-6.86E-05,-1.37E-05,-1.37E-05,0.000160975,0.000162393,2.03763,6.5204163,0.291733102
0.030003756,-7.27E-05,-7.27E-05,-1.45E-05,-1.45E-05,0.000155623,0.000156393,2.0359275,6.5149684,0.291736527
0.030004005,-6.99E-05,-6.99E-05,-1.36E-05,-1.36E-05,0.00015492,0.000156231,2.034344,6.5099,0.291740127
0.0300043,-7.41E-05,-7.41E-05,-1.45E-05,-1.45E-05,0.000147368,0.000148021,2.0324714,6.5039086,0.291744149
0.030004614,-7.15E-05,-7.15E-05,-1.36E-05,-1.36E-05,0.000145444,0.000146637,2.0304785,6.497531,0.291748663
0.030004984,-7.60E-05,-7.60E-05,-1.45E-05,-1.45E-05,0.000136834,0.000137351,2.0281289,6.490012,0.291753342
0.030005325,-7.35E-05,-7.35E-05,-1.35E-05,-1.35E-05,0.000134733,0.000135801,2.0259721,6.483111,0.291757798
0.030005663,-7.79E-05,-7.79E-05,-1.44E-05,-1.44E-05,0.000126893,0.000127289,2.0238323,6.476263,0.291762216
0.030005999,-7.54E-05,-7.54E-05,-1.34E-05,-1.34E-05,0.00012512,0.000126082,2.0217078,6.4694653,0.291767185
0.030006423,-8.00E-05,-8.00E-05,-1.42E-05,-1.42E-05,0.000116388,0.000116662,2.0190322,6.4609036,0.29177269
0.030006843,-7.79E-05,-7.79E-05,-1.33E-05,-1.33E-05,0.000113767,0.000114612,2.0163817,6.4524217,0.291778604
0.030007332,-8.28E-05,-8.28E-05,-1.41E-05,-1.41E-05,0.000104523,0.000104669,2.0133035,6.442571,0.291785075
0.030007841,-8.16E-05,-8.16E-05,-1.31E-05,-1.31E-05,0.000100597,0.000101321,2.0101042,6.432334,0.291790251
0.030008132,-8.69E-05,-8.69E-05,-1.40E-05,-1.40E-05,9.31E-05,9.31E-05,2.0082717,6.4264693,0.291793161
0.030008291,-8.48E-05,-8.48E-05,-1.30E-05,-1.30E-05,9.34E-05,9.40E-05,2.0072737,6.423276,0.291794705
0.030008372,8.55E-05,8.55E-05,5.44E-05,5.44E-05,-0.056725405,-0.058022153,2.0067685,6.4216585,0.291795507
0.030008416,0.001721447,0.001721447,0.000701238,0.000701238,-0.40004122,-0.40880647,2.0064924,6.420776,0.291795927
0.030008437,0.00082114,0.00082114,0.000350906,0.000350906,-0.61981255,-0.6329174,2.0063581,6.4203463,0.291796141
0.030008449,0.00188408,0.00188408,0.00077523,0.00077523,-0.7470651,-0.76262325,2.0062838,6.4201074,0.291796257
0.030008455,0.001046725,0.001046725,0.000441327,0.000441327,-0.81687516,-0.8336721,2.006245,6.419984,0.29179632
0.030008459,0.001768999,0.001768999,0.00073267,0.00073267,-0.8557415,-0.8732709,2.0062225,6.419912,0.291796355
0.030008461,0.001298916,0.001298916,0.000544227,0.000544227,-0.8786108,-0.8965162,2.0062103,6.4198728,0.291796377
0.030008462,0.001563209,0.001563209,0.000649904,0.000649904,-0.89440644,-0.9126172,2.0062013,6.4198437,0.291796395
0.030008463,0.001469847,0.001469847,0.000613208,0.000613208,-0.90916765,-0.9276134,2.0061932,6.4198184,0.291796411
0.030008465,0.001495819,0.001495819,0.000624152,0.000624152,-0.92282706,-0.9415335,2.0061855,6.419794,0.291796427
0.030008466,0.001518458,0.001518458,0.000632719,0.000632719,-0.9378495,-0.9567953,2.0061774,6.4197674,0.291796442
0.030008467,0.001495629,0.001495629,0.000624724,0.000624724,-0.95013916,-0.969318,2.0061705,6.419746,0.291796456
0.030008468,0.001531617,0.001531617,0.00063879,0.00063879,-0.9612942,-0.98064446,2.0061646,6.419726,0.291796468
0.030008469,0.001508512,0.001508512,0.000629638,0.000629638,-0.97256875,-0.99213177,2.0061584,6.4197063,0.29179648
0.03000847,0.001536462,0.001536462,0.000642071,0.000642071,-0.9828026,-1.0025207,2.0061526,6.4196887,0.291796492
0.030008471,0.001522451,0.001522451,0.000634692,0.000634692,-0.9936454,-1.0135664,2.0061467,6.4196696,0.291796505
0.030008472,0.001542283,0.001542283,0.000645701,0.000645701,-1.0049392,-1.0250326,2.0061405,6.4196496,0.291796518
0.030008473,0.001535695,0.001535695,0.000639779,0.000639779,-1.0174537,-1.0377755,2.0061338,6.4196277,0.291796533
0.030008474,0.001551789,0.001551789,0.000650603,0.000650603,-1.032127,-1.0526767,2.0061257,6.419602,0.291796551
0.030008476,0.001550854,0.001550854,0.000646121,0.000646121,-1.0496607,-1.0705191,2.0061162,6.4195714,0.291796573
0.030008478,0.001567315,0.001567315,0.000657932,0.000657932,-1.0717726,-1.0929782,2.0061042,6.4195333,0.291796601
0.03000848,0.001572428,0.001572428,0.000655625,0.000655625,-1.1002239,-1.1219106,2.0060887,6.419484,0.291796638
0.030008483,0.00159348,0.00159348,0.000669961,0.000669961,-1.1377686,-1.1600422,2.0060685,6.419419,0.291796687
0.030008488,0.001607682,0.001607682,0.000671563,0.000671563,-1.1886208,-1.2117131,2.006041,6.4193316,0.291796753
0.030008494,0.001639252,0.001639252,0.000691027,0.000691027,-1.2579248,-1.2820638,2.0060039,6.4192123,0.291796844
0.030008502,0.001669141,0.001669141,0.000699919,0.000699919,-1.3546958,-1.3802774,2.0059521,6.419047,0.291796971
0.030008513,0.001720956,0.001720956,0.000729286,0.000729286,-1.4898901,-1.5173285,2.00588,6.418816,0.291797149
0.03000853,0.001778757,0.001778757,0.000751961,0.000751961,-1.6813279,-1.7111852,2.0057778,6.418489,0.291797421
0.030008555,0.001878031,0.001878031,0.00080552,0.00080552,-1.9829097,-2.0158846,2.0056152,6.417969,0.291797877
0.0300086,0.002029599,0.002029599,0.000877201,0.000877201,-2.4872947,-2.5234149,2.0053322,6.417063,0.291798747
0.030008691,0.002058477,0.002058477,0.000923393,0.000923393,-3.4765482,-3.5316572,2.0047665,6.415253,0.291800021
0.030008799,0.001893668,0.001893668,0.000873953,0.000873953,-4.814314,-4.9025173,2.0040884,6.413083,0.291801579
0.030008933,0.001921263,0.001921263,0.000918492,0.000918492,-6.686273,-6.8274975,2.0032446,6.410383,0.291803715
0.030009131,0.001754042,0.001754042,0.000870374,0.000870374,-9.790963,-10.033581,2.0020025,6.406408,0.291806704
0.030009399,0.001785291,0.001785291,0.000915433,0.000915433,-14.507373,-14.927362,2.0003233,6.401035,0.291811271
0.030009845,0.00164504,0.00164504,0.000865478,0.000865478,-23.259186,-24.027359,1.9975351,6.3921123,0.291816328
0.030010191,0.002212413,0.002212413,0.001159547,0.001159547,-29.308643,-29.670736,1.995368,6.3851776,0.291819685
0.030010372,0.002089097,0.002089097,0.001101174,0.001101174,-30.462126,-30.500536,1.994241,6.3815713,0.291821269
0.03001044,-0.001369687,-0.001369687,-0.000908885,-0.000908885,-29.330313,-29.31145,1.9938159,6.380211,0.291822027
0.030010491,0.001630249,0.001630249,0.000858502,0.000858502,-28.861689,-28.81523,1.9934981,6.3791943,0.291822519
0.030010517,-0.00135934,-0.00135934,-0.000900218,-0.000900218,-28.547606,-28.48548,1.9933339,6.3786683,0.291822789
0.030010533,0.001490923,0.001490923,0.000795268,0.000795268,-28.407368,-28.335691,1.9932338,6.3783484,0.291822945
0.030010542,-0.001267302,-0.001267302,-0.000858035,-0.000858035,-28.32703,-28.253107,1.9931809,6.3781786,0.291823032
0.030010547,0.00133155,0.00133155,0.00071989,0.00071989,-28.278492,-28.199095,1.9931483,6.3780746,0.291823081
0.03001055,-0.001041694,-0.001041694,-0.000740245,-0.000740245,-28.255545,-28.176695,1.9931325,6.378024,0.291823109
0.030010551,0.000994169,0.000994169,0.00053993,0.00053993,-28.23905,-28.15819,1.9931211,6.3779874,0.291823125
0.030010552,-0.000619172,-0.000619172,-0.000516593,-0.000516593,-28.23176,-28.150589,1.9931164,6.3779726,0.291823136
0.030010553,0.000568809,0.000568809,0.00032002,0.00032002,-28.22516,-28.143969,1.9931113,6.3779564,0.291823143
0.030010554,-0.000290845,-0.000290845,-0.000347237,-0.000347237,-28.220266,-28.13834,1.9931087,6.377948,0.29182315
0.030010554,0.000355393,0.000355393,0.000204819,0.000204819,-28.215925,-28.134043,1.9931048,6.3779354,0.291823158
0.030010555,-0.000174008,-0.000174008,-0.000277542,-0.000277542,-28.208935,-28.126417,1.9931009,6.3779225,0.291823169
0.030010556,0.000292774,0.000292774,0.000163775,0.000163775,-28.200554,-28.11769,1.9930942,6.3779016,0.291823181
0.030010557,-0.000131201,-0.000131201,-0.000246751,-0.000246751,-28.191748,-28.1082,1.993089,6.3778844,0.291823194
0.030010558,0.000254924,0.000254924,0.000136047,0.000136047,-28.182459,-28.098469,1.9930817,6.3778615,0.291823209
0.030010559,-0.000104093,-0.000104093,-0.000225206,-0.000225206,-28.17113,-28.08632,1.9930745,6.3778386,0.291823225
0.03001056,0.000229921,0.000229921,0.000116749,0.000116749,-28.159773,-28.074377,1.9930658,6.377811,0.291823243
0.030010562,-8.64E-05,-8.64E-05,-0.000210041,-0.000210041,-28.14541,-28.059008,1.9930565,6.377781,0.291823265
0.030010564,0.000212523,0.000212523,0.00010323,0.00010323,-28.129723,-28.042452,1.9930447,6.3777432,0.29182329
0.030010566,-7.62E-05,-7.62E-05,-0.000200435,-0.000200435,-28.10953,-28.02088,1.9930311,6.3776994,0.291823323
0.030010569,0.000200269,0.000200269,9.42E-05,9.42E-05,-28.084843,-27.994741,1.9930129,6.3776417,0.291823366
0.030010573,-7.27E-05,-7.27E-05,-0.000195629,-0.000195629,-28.05068,-27.958284,1.9929892,6.3775654,0.291823426
0.030010578,0.000190543,0.000190543,8.84E-05,8.84E-05,-28.002787,-27.907398,1.992954,6.377453,0.291823517
0.030010587,-7.63E-05,-7.63E-05,-0.000195116,-0.000195116,-27.927223,-27.82672,1.9928995,6.3772783,0.291823671
0.030010602,0.000177809,0.000177809,8.33E-05,8.33E-05,-27.79955,-27.690376,1.9928036,6.3769712,0.291823961
0.030010633,-9.32E-05,-9.32E-05,-0.000199414,-0.000199414,-27.554546,-27.427134,1.992615,6.376368,0.291824539
0.030010693,0.000148988,0.000148988,7.59E-05,7.59E-05,-27.094599,-26.927675,1.9922366,6.3751574,0.291825696
0.030010815,-0.000130854,-0.000130854,-0.000204982,-0.000204982,-26.247952,-25.983313,1.9914813,6.37274,0.291827258
0.03001094,0.000117173,0.000117173,7.53E-05,7.53E-05,-25.439646,-25.051157,1.9907039,6.3702526,0.291828639
0.030011033,-0.000147541,-0.000147541,-0.000202274,-0.000202274,-24.85093,-24.364368,1.9901264,6.3684044,0.291829713
0.030011109,0.00010804,0.00010804,7.74E-05,7.74E-05,-24.365536,-23.804644,1.9896501,6.3668804,0.291830654
0.030011181,-0.000153109,-0.000153109,-0.000200059,-0.000200059,-23.89922,-23.279957,1.9892015,6.3654447,0.291831513
0.030011245,0.000103164,0.000103164,7.86E-05,7.86E-05,-23.485497,-22.826853,1.9888071,6.364183,0.291832305
0.030011306,-0.000156283,-0.000156283,-0.000198682,-0.000198682,-23.075083,-22.38953,1.988424,6.3629565,0.291833096
0.03001137,9.93E-05,9.93E-05,7.88E-05,7.88E-05,-22.652014,-21.948162,1.9880294,6.361694,0.291833888
0.030011432,-0.00015912,-0.00015912,-0.000198102,-0.000198102,-22.236437,-21.523003,1.9876462,6.360468,0.291834761
0.030011508,9.52E-05,9.52E-05,7.82E-05,7.82E-05,-21.726065,-21.007008,1.9871709,6.3589473,0.291835688
0.030011578,-0.000162425,-0.000162425,-0.000198452,-0.000198452,-21.258102,-20.53903,1.986735,6.357552,0.291836651
0.030011661,9.12E-05,9.12E-05,7.68E-05,7.68E-05,-20.719889,-20.002851,1.986224,6.355917,0.291837659
0.030011738,-0.000165693,-0.000165693,-0.000199643,-0.000199643,-20.218609,-19.505898,1.9857442,6.3543816,0.291838825
0.030011845,8.70E-05,8.70E-05,7.44E-05,7.44E-05,-19.538649,-18.832157,1.9850771,6.3522468,0.291840137
0.030011946,-0.000169427,-0.000169427,-0.000202136,-0.000202136,-18.91253,-18.213236,1.9844526,6.3502483,0.291841685
0.030012091,8.26E-05,8.26E-05,7.06E-05,7.06E-05,-18.038563,-17.349018,1.9835536,6.347372,0.291843611
0.030012252,-0.000173871,-0.000173871,-0.000207085,-0.000207085,-17.096031,-16.418295,1.9825562,6.34418,0.291846101
0.030012487,7.74E-05,7.74E-05,6.31E-05,6.31E-05,-15.77916,-15.117932,1.9811003,6.339521,0.29184959
0.030012808,-0.000179581,-0.000179581,-0.000218425,-0.000218425,-14.079101,-13.441674,1.9791164,6.333173,0.291854463
0.030013264,7.11E-05,7.11E-05,4.56E-05,4.56E-05,-11.842957,-11.240855,1.9762925,6.3241363,0.291860353
0.03001375,-0.000185339,-0.000185339,-0.000240549,-0.000240549,-9.685684,-9.127238,1.9732946,6.314543,0.291866655
0.030014276,6.61E-05,6.61E-05,2.15E-05,2.15E-05,-7.611087,-7.1093926,1.9700553,6.3041773,0.291873179
0.030014801,-0.000190125,-0.000190125,-0.000264821,-0.000264821,-5.8147893,-5.3808327,1.9668266,6.293845,0.291879972
0.030015373,6.12E-05,6.12E-05,-2.06E-06,-2.06E-06,-4.182537,-3.8281999,1.9633093,6.2825894,0.291887086
0.030015954,-0.000194802,-0.000194802,-0.000286744,-0.000286744,-2.8604376,-2.5849166,1.9597496,6.2711987,0.291894258
0.030016541,5.71E-05,5.71E-05,-2.10E-05,-2.10E-05,-1.8364955,-1.6324501,1.9561607,6.259714,0.291899842
0.030016866,-0.000197512,-0.000197512,-0.000299409,-0.000299409,-1.3862551,-1.217578,1.9541723,6.253351,0.291903214
0.030017093,5.56E-05,5.56E-05,-2.76E-05,-2.76E-05,-1.1193683,-0.97333306,1.9527895,6.2489266,0.29190558
0.030017254,-0.000198394,-0.000198394,-0.000303575,-0.000303575,-0.9490701,-0.8182048,1.9518051,6.2457767,0.2919074
0.030017391,5.51E-05,5.51E-05,-3.07E-05,-3.07E-05,-0.8186028,-0.7000308,1.950968,6.2430973,0.291909093
0.030017532,-0.000198812,-0.000198812,-0.000306034,-0.000306034,-0.69545406,-0.5888572,1.9501104,6.240353,0.291910746
0.030017663,5.49E-05,5.49E-05,-3.29E-05,-3.29E-05,-0.5925311,-0.49661025,1.9493123,6.2377996,0.291912347
0.030017795,-0.000198586,-0.000198586,-0.000307608,-0.000307608,-0.49713108,-0.41140845,1.948507,6.2352223,0.291913948
0.030017927,5.59E-05,5.59E-05,-3.38E-05,-3.38E-05,-0.41297328,-0.336982,1.9477074,6.2326636,0.291915557
0.03001806,-0.000196054,-0.000196054,-0.000307079,-0.000307079,-0.3352703,-0.2685846,1.9468936,6.2300596,0.291917209
0.030018199,6.12E-05,6.12E-05,-3.11E-05,-3.11E-05,-0.2652687,-0.20785561,1.9460498,6.2273593,0.291918965
0.03001835,-0.000186673,-0.000186673,-0.000300914,-0.000300914,-0.19827625,-0.15023895,1.9451312,6.2244196,0.291920971
0.03001853,7.57E-05,7.57E-05,-2.11E-05,-2.11E-05,-0.13310234,-0.09567379,1.9440353,6.220913,0.29192367
0.030018796,-0.000166928,-0.000166928,-0.000287498,-0.000287498,-0.06102422,-0.037588883,1.9424201,6.2157445,0.291927624
0.030019185,9.59E-05,9.59E-05,-9.24E-06,-9.24E-06,-0.0069336,-0.001341879,1.9400597,6.208191,0.291932781
0.030019653,-0.000152116,-0.000152116,-0.000281753,-0.000281753,0.000293106,0.000357852,1.9372284,6.199131,0.291939419
0.030020291,0.000107715,0.000107715,-7.49E-06,-7.49E-06,-0.000162585,-0.000230503,1.9333686,6.1867795,0.291949643
0.030021362,-0.000141588,-0.000141588,-0.000282461,-0.000282461,0.000283511,0.000348599,1.9269066,6.166101,0.291963461
0.030022617,0.00011579,0.00011579,-8.45E-06,-8.45E-06,-0.000172703,-0.000240132,1.9193656,6.14197,0.291980258
0.030024212,-0.000137778,-0.000137778,-0.000279813,-0.000279813,0.000275578,0.000341122,1.9098219,6.11143,0.292001773
0.030026304,0.000113114,0.000113114,2.69E-06,2.69E-06,-0.0001779,-0.000244818,1.897378,6.0716095,0.292025696
0.030028365,-0.000147512,-0.000147512,-0.000259543,-0.000259543,0.000273903,0.000339854,1.8851925,6.032616,0.292049496
0.030030489,9.53E-05,9.53E-05,3.29E-05,3.29E-05,-0.000176935,-0.000243539,1.8727221,5.9927106,0.292072619
0.030032486,-0.000169911,-0.000169911,-0.00022374,-0.00022374,0.000275923,0.000342068,1.8610705,5.9554257,0.292090296
0.030033679,-0.001050567,-0.001050567,-0.001070973,-0.001070973,-0.000175259,-0.000241721,1.8541522,5.933287,0.292100492
0.03003434,-0.07045529,-0.07045529,-0.070518196,-0.070518196,0.000276369,0.000342761,1.8505172,5.921655,0.292107737
0.030035001,-0.2050927,-0.2050927,-0.20514187,-0.20514187,-0.000174851,-0.000241017,1.8473489,5.9115167,0.292113962
0.03003548,-0.31882092,-0.31882092,-0.31890836,-0.31890836,0.000277409,0.000343839,1.8454411,5.9054117,0.292119057
0.030035936,-0.4244046,-0.4244046,-0.4244791,-0.4244791,-0.000173786,-0.000239885,1.8439362,5.9005957,0.292125865
0.030036731,-0.55604637,-0.55604637,-0.5561929,-0.5561929,0.000279703,0.000345949,1.8418746,5.893999,0.292134709
0.030037565,-0.6079479,-0.6079479,-0.608094,-0.608094,-0.000170519,-0.000236787,1.8401414,5.8884525,0.29214264
0.030038195,-0.644266,-0.644266,-0.64441663,-0.64441663,0.000281964,0.000348179,1.8390075,5.8848243,0.292149749
0.030038879,-0.6811942,-0.6811942,-0.6813426,-0.6813426,-0.000169176,-0.000235388,1.8379331,5.881386,0.292158165
0.030039752,-0.72453547,-0.72453547,-0.72468966,-0.72468966,0.000283172,0.000349354,1.8367814,5.877701,0.292167715
0.030040648,-0.7647259,-0.7647259,-0.76487714,-0.76487714,-0.000168374,-0.000234545,1.8358331,5.8746657,0.292176702
0.030041419,-0.7541398,-0.7541398,-0.75423634,-0.75423634,0.000283648,0.000349678,1.8350633,5.8722024,0.292185667
0.030042312,-0.6764303,-0.6764303,-0.6764916,-0.6764916,-0.000169104,-0.000235384,1.8338851,5.868432,0.29219262
0.030042711,-0.6344076,-0.6344076,-0.6344697,-0.6344697,0.000282499,0.000348446,1.8332077,5.866265,0.292197787
0.030043273,-0.5719576,-0.5719576,-0.57200205,-0.57200205,-0.000170142,-0.00023636,1.8320667,5.862613,0.292204284
0.030043921,-0.50060713,-0.50060713,-0.5006529,-0.5006529,0.000281429,0.000347339,1.8304867,5.8575573,0.292211921
0.030044698,-0.4176093,-0.4176093,-0.41763893,-0.41763893,-0.00017132,-0.000237477,1.828221,5.8503075,0.292219865
0.030045406,-0.34762678,-0.34762678,-0.34766036,-0.34766036,0.000280521,0.000346419,1.8258264,5.842644,0.292228158
0.030046252,-0.27097222,-0.27097222,-0.27099118,-0.27099118,-0.000172088,-0.000238179,1.822589,5.8322854,0.292237149
0.030047098,-0.20416765,-0.20416765,-0.20419134,-0.20419134,0.000280013,0.000345911,1.8189923,5.8207755,0.292246584
0.030048035,-0.14038526,-0.14038526,-0.14039528,-0.14039528,-0.000172462,-0.000238488,1.8146411,5.806852,0.292255962
0.030048878,-0.09370473,-0.09370473,-0.09372041,-0.09372041,0.000279881,0.00034578,1.810453,5.79345,0.292266008
0.03004995,-0.047252614,-0.047252614,-0.047254995,-0.047254995,-0.000172532,-0.000238496,1.8048377,5.7754807,0.292276071
0.030050809,-0.021929324,-0.021929324,-0.021937808,-0.021937808,0.000279949,0.000345851,1.8001722,5.760551,0.29228381
0.030051443,-0.008955694,-0.008955694,-0.008952987,-0.008952987,-0.00017252,-0.000238422,1.796661,5.7493153,0.292289296
0.030051871,-0.003984797,-0.003984797,-0.00398973,-0.00398973,0.000280047,0.000345914,1.7942735,5.741675,0.292292945
0.030052151,-0.001431757,-0.001431757,-0.001427032,-0.001427032,-0.000172594,-0.000238405,1.7927053,5.7366567,0.292295306
0.03005233,-0.001054651,-0.001054651,-0.001058474,-0.001058474,0.000280169,0.000345922,1.791705,5.733456,0.292296725
0.030052427,-0.000438807,-0.000438807,-0.000436178,-0.000436178,-0.00017289,-0.00023849,1.7911592,5.7317095,0.29229772
0.030052524,-0.000792091,-0.000792091,-0.000798011,-0.000798011,0.000280301,0.000345797,1.7906204,5.729985,0.292298705
0.030052619,-0.000378466,-0.000378466,-0.000377052,-0.000377052,-0.000173363,-0.000238708,1.7900862,5.728276,0.292299776
0.030052733,-0.000784635,-0.000784635,-0.000790178,-0.000790178,0.000280317,0.000345586,1.7894524,5.726248,0.292300923
0.030052843,-0.000375064,-0.000375064,-0.000373928,-0.000373928,-0.000173802,-0.000238942,1.788835,5.7242723,0.292302055
0.030052954,-0.000780422,-0.000780422,-0.000785482,-0.000785482,0.000280306,0.000345374,1.7882164,5.7222924,0.292303511
0.030053128,-0.000370926,-0.000370926,-0.000369949,-0.000369949,-0.000174219,-0.000239199,1.7872461,5.7191873,0.292305456
0.030053335,-0.000773858,-0.000773858,-0.000778502,-0.000778502,0.000280095,0.000345052,1.786092,5.7154946,0.29230804
0.030053634,-0.000362845,-0.000362845,-0.00036179,-0.00036179,-0.000174683,-0.000239577,1.7844225,5.710152,0.292311987
0.030054109,-0.000760439,-0.000760439,-0.000764623,-0.000764623,0.000279649,0.00034455,1.781776,5.701683,0.292317085
0.030054638,-0.000344323,-0.000344323,-0.000342952,-0.000342952,-0.00017526,-0.000240113,1.7788378,5.692281,0.292323212
0.030055319,-0.000732372,-0.000732372,-0.000736076,-0.000736076,0.000279173,0.000344041,1.7750547,5.680175,0.292330766
0.030056136,-0.000288948,-0.000288948,-0.000287163,-0.000287163,-0.000175776,-0.0002406,1.7705328,5.665705,0.292341018
0.030057363,-0.000541947,-0.000541947,-0.000544633,-0.000544633,0.000278718,0.000343568,1.7637581,5.644026,0.292350394
0.03005802,-0.000118064,-0.000118064,-0.000112306,-0.000112306,-0.000175871,-0.000240668,1.760145,5.632464,0.292357322
0.030058761,-0.000524401,-0.000524401,-0.000522659,-0.000522659,0.000279296,0.00034412,1.7560738,5.6194363,0.292362228
0.030059014,-0.000118315,-0.000118315,-0.000110823,-0.000110823,-0.000175432,-0.000240175,1.7546865,5.614997,0.292364758
0.030059275,-0.000523003,-0.000523003,-0.000520539,-0.000520539,0.00027955,0.000344299,1.7532585,5.6104274,0.292367241
0.030059519,-0.000117306,-0.000117306,-0.00010939,-0.00010939,-0.00017537,-0.000240035,1.7519214,5.6061487,0.292369604
0.030059756,-0.000521861,-0.000521861,-0.000518662,-0.000518662,0.000279705,0.000344376,1.7506257,5.602002,0.292372157
0.03006004,-0.000116419,-0.000116419,-0.000108067,-0.000108067,-0.000175388,-0.00023998,1.7490742,5.5970373,0.292375518
0.030060443,-0.000520345,-0.000520345,-0.000516252,-0.000516252,0.000279749,0.000344366,1.7468742,5.589998,0.292379261
0.030060806,-0.00011503,-0.00011503,-0.000105953,-0.000105953,-0.000175508,-0.000240049,1.7448913,5.583652,0.29238385
0.030061385,-0.000518365,-0.000518365,-0.000513195,-0.000513195,0.000279555,0.000344137,1.741741,5.573571,0.292389224
0.030061913,-0.000112957,-0.000112957,-0.000102847,-0.000102847,-0.00017595,-0.00024045,1.7388672,5.564375,0.292396251
0.030062837,-0.000515463,-0.000515463,-0.000508872,-0.000508872,0.00027868,0.00034325,1.7338558,5.5483384,0.292404994
0.030063731,-0.000109546,-0.000109546,-9.79E-05,-9.79E-05,-0.000177633,-0.000242084,1.7290208,5.5328665,0.29241782
0.030065519,-0.000510498,-0.000510498,-0.00050179,-0.00050179,0.000273763,0.000338414,1.7193927,5.502056,0.292436045
0.030067584,-0.000103102,-0.000103102,-8.89E-05,-8.89E-05,-0.000191886,-0.00025609,1.708335,5.4666724,0.292455834
0.030069756,-0.000504725,-0.000504725,-0.000493632,-0.000493632,0.000246509,0.000311351,1.69678,5.429696,0.292475932
0.030071947,-9.91E-05,-9.91E-05,-8.29E-05,-8.29E-05,-0.000221265,-0.000285606,1.6852092,5.392669,0.292491929
0.030073277,-0.000502577,-0.000502577,-0.000490139,-0.000490139,0.000231145,0.00029571,1.6782215,5.370309,0.292504708
0.030074783,-9.80E-05,-9.80E-05,-8.10E-05,-8.10E-05,-0.000225779,-0.000290231,1.6703469,5.34511,0.292518838
0.030076442,-0.000501415,-0.000501415,-0.000488121,-0.000488121,0.000228784,0.000293279,1.661709,5.3174686,0.292538287
0.030079185,-9.66E-05,-9.66E-05,-7.87E-05,-7.87E-05,-0.000227234,-0.000291704,1.6475333,5.272106,0.292565956
0.030082813,-0.000499433,-0.000499433,-0.000485145,-0.000485145,0.000227818,0.000292294,1.6289644,5.212686,0.292597375
0.030086585,-9.43E-05,-9.43E-05,-7.57E-05,-7.57E-05,-0.000227733,-0.000292202,1.6098827,5.1516247,0.292631154
0.030090959,-0.000496642,-0.000496642,-0.00048186,-0.00048186,0.000227562,0.000292032,1.5880352,5.0817127,0.292669556
0.030096103,-8.96E-05,-8.96E-05,-7.05E-05,-7.05E-05,-0.000227884,-0.000292351,1.5627224,5.000712,0.292704882
0.0301,-0.000484338,-0.000484338,-0.00046865,-0.00046865,0.000227492,0.000291957,1.5438114,4.9401965,0.292719745
0.0301,-0.000483577,-0.000483577,-0.000491977,-0.000491977,0.000227213,0.000262705,1.5438114,4.9401965,0.292719745
0.0301,-0.000378943,-0.000378943,-0.000416793,-0.000416793,1.82E-06,-5.26E-05,1.5438112,4.9401956,0.292719745
0.0301,-0.000365039,-0.000365039,-0.000381065,-0.000381065,7.21E-06,3.08E-05,1.5438111,4.9401956,0.292719745
0.0301,-0.000358091,-0.000358091,-0.000368402,-0.000368402,-7.58E-07,-1.11E-05,1.5438111,4.9401956,0.292719745
0.0301,-0.000351044,-0.000351044,-0.000356749,-0.000356749,-4.10E-06,5.65E-06,1.5438111,4.9401956,0.292719745
0.0301,-0.000346527,-0.000346527,-0.000348481,-0.000348481,-6.07E-06,-8.71E-06,1.543811,4.940195,0.292719745
0.0301,-0.000338212,-0.000338212,-0.000333662,-0.000333662,-5.21E-06,2.51E-06,1.5438107,4.9401946,0.292719746
0.0301,-0.000332146,-0.000332146,-0.000324188,-0.000324188,-5.42E-06,-7.25E-06,1.5438105,4.940194,0.292719746
0.0301,-0.000321303,-0.000321303,-0.000308383,-0.000308383,-3.91E-06,2.75E-06,1.5438101,4.940192,0.292719747
0.0301,-0.000309928,-0.000309928,-0.000295593,-0.000295593,-3.71E-06,-6.01E-06,1.5438093,4.9401894,0.292719749
0.030100001,-0.000301092,-0.000301092,-0.000285439,-0.000285439,-2.20E-06,3.41E-06,1.5438083,4.9401865,0.292719751
0.030100001,-0.000293471,-0.000293471,-0.000278152,-0.000278152,-2.16E-06,-5.28E-06,1.5438067,4.9401813,0.292719754
0.030100001,-0.00028628,-0.00028628,-0.00026951,-0.00026951,-5.57E-07,3.96E-06,1.543804,4.9401727,0.29271976
0.030100002,-0.000283407,-0.000283407,-0.000266735,-0.000266735,-8.00E-07,-4.72E-06,1.5437995,4.9401584,0.292719767
0.030100003,-0.000282241,-0.000282241,-0.000264334,-0.000264334,1.66E-07,4.21E-06,1.543795,4.940144,0.292719776
0.030100005,-0.00028298,-0.00028298,-0.000265732,-0.000265732,-6.16E-07,-4.63E-06,1.5437881,4.9401217,0.292719788
0.030100007,-0.000282243,-0.000282243,-0.000264089,-0.000264089,2.08E-07,4.21E-06,1.5437794,4.940094,0.292719809
0.03010001,-0.000282934,-0.000282934,-0.000265644,-0.000265644,-6.20E-07,-4.62E-06,1.543762,4.9400387,0.292719849
0.030100017,-0.000282107,-0.000282107,-0.000263955,-0.000263955,2.07E-07,4.20E-06,1.5437284,4.939931,0.292719929
0.030100031,-0.000282768,-0.000282768,-0.000265479,-0.000265479,-6.20E-07,-4.62E-06,1.5436612,4.9397154,0.292720088
0.030100059,-0.000281945,-0.000281945,-0.000263789,-0.000263789,2.07E-07,4.20E-06,1.5435268,4.9392858,0.292720407
0.030100115,-0.000282595,-0.000282595,-0.000265296,-0.000265296,-6.21E-07,-4.61E-06,1.5432581,4.9384255,0.292721044
0.030100226,-0.000281659,-0.000281659,-0.000263481,-0.000263481,2.06E-07,4.20E-06,1.5427208,4.9367065,0.292722317
0.030100449,-0.000282068,-0.000282068,-0.000264731,-0.000264731,-6.22E-07,-4.62E-06,1.5416467,4.9332695,0.292724861
0.030100895,-0.000280786,-0.000280786,-0.000262545,-0.000262545,2.03E-07,4.20E-06,1.5395008,4.9264026,0.292728223
0.030101336,-0.0002812,-0.0002812,-0.0002638,-0.0002638,-6.27E-07,-4.62E-06,1.5373831,4.9196258,0.292731482
0.030101757,-0.0002802,-0.0002802,-0.000261917,-0.000261917,1.99E-07,4.19E-06,1.5353612,4.913156,0.292734803
0.030102216,-0.000280781,-0.000280781,-0.000263354,-0.000263354,-6.31E-07,-4.62E-06,1.5331609,4.9061146,0.292738098
0.030102633,-0.000279898,-0.000279898,-0.000261599,-0.000261599,1.95E-07,4.19E-06,1.5311637,4.899724,0.292741219
0.030103048,-0.000280563,-0.000280563,-0.000263127,-0.000263127,-6.34E-07,-4.63E-06,1.5291817,4.8933816,0.292744307
0.030103459,-0.000279723,-0.000279723,-0.00026142,-0.00026142,1.92E-07,4.19E-06,1.5272208,4.887107,0.292747367
0.030103868,-0.000280413,-0.000280413,-0.000262976,-0.000262976,-6.37E-07,-4.63E-06,1.5252702,4.8808646,0.292750421
0.030104279,-0.000279588,-0.000279588,-0.000261288,-0.000261288,1.89E-07,4.18E-06,1.5233109,4.874595,0.292753454
0.030104685,-0.000280288,-0.000280288,-0.000262856,-0.000262856,-6.39E-07,-4.63E-06,1.5213833,4.8684263,0.292756496
0.030105101,-0.000279468,-0.000279468,-0.000261175,-0.000261175,1.87E-07,4.18E-06,1.5194067,4.8621016,0.292759511
0.030105501,-0.000280172,-0.000280172,-0.000262748,-0.000262748,-6.42E-07,-4.64E-06,1.5175085,4.856027,0.292762767
0.030105984,-0.000279345,-0.000279345,-0.000261063,-0.000261063,1.84E-07,4.18E-06,1.5152186,4.8486996,0.292766463
0.030106507,-0.000280032,-0.000280032,-0.000262624,-0.000262624,-6.44E-07,-4.64E-06,1.5127459,4.840787,0.292771041
0.030107235,-0.000279173,-0.000279173,-0.000260912,-0.000260912,1.81E-07,4.17E-06,1.5093119,4.829798,0.292776393
0.030107976,-0.00027983,-0.00027983,-0.000262451,-0.000262451,-6.47E-07,-4.64E-06,1.5058221,4.818631,0.292783429
0.030109174,-0.000278905,-0.000278905,-0.00026069,-0.00026069,1.77E-07,4.17E-06,1.5001965,4.8006287,0.292793102
0.030110662,-0.000279457,-0.000279457,-0.000262152,-0.000262152,-6.52E-07,-4.65E-06,1.4932383,4.7783628,0.292809029
0.030113638,-0.000278281,-0.000278281,-0.000260216,-0.000260216,1.71E-07,4.16E-06,1.4794188,4.73414,0.292837876
0.030118899,-0.000278302,-0.000278302,-0.000261332,-0.000261332,-6.62E-07,-4.66E-06,1.4553025,4.656968,0.29288959
0.030128899,-0.000276183,-0.000276183,-0.000258855,-0.000258855,1.59E-07,4.15E-06,1.410539,4.5137253,0.292953258
0.030138899,-0.000275686,-0.000275686,-0.000259744,-0.000259744,-6.70E-07,-4.66E-06,1.3671523,4.3748875,0.293013069
0.030148899,-0.000273775,-0.000273775,-0.000257454,-0.000257454,1.55E-07,4.15E-06,1.3251003,4.240321,0.293069258
0.030158899,-0.000273506,-0.000273506,-0.000258483,-0.000258483,-6.73E-07,-4.67E-06,1.2843417,4.109893,0.293122043
0.030168899,-0.000271813,-0.000271813,-0.000256307,-0.000256307,1.54E-07,4.15E-06,1.2448367,3.9834774,0.293171631
0.030178899,-0.000271744,-0.000271744,-0.000257435,-0.000257435,-6.74E-07,-4.67E-06,1.2065469,3.86095,0.293218215
0.030188899,-0.000270229,-0.000270229,-0.00025535,-0.00025535,1.53E-07,4.15E-06,1.1694348,3.7421918,0.293261977
0.030198899,-0.000270314,-0.000270314,-0.000256565,-0.000256565,-6.75E-07,-4.67E-06,1.1334643,3.6270857,0.293303089
0.030208899,-0.000268935,-0.000268935,-0.000254564,-0.000254564,1.52E-07,4.15E-06,1.0986001,3.5155203,0.29334171
0.030218899,-0.00026914,-0.00026914,-0.000255861,-0.000255861,-6.75E-07,-4.67E-06,1.0648085,3.407387,0.293377993
0.030228899,-0.000267865,-0.000267865,-0.000253946,-0.000253946,1.52E-07,4.15E-06,1.0320562,3.3025796,0.293412077
0.030238899,-0.000268161,-0.000268161,-0.000255443,-0.000255443,-6.75E-07,-4.67E-06,1.0003113,3.200996,0.293444097
0.030248899,-0.000266967,-0.000266967,-0.000258721,-0.000258721,1.52E-07,4.15E-06,0.96954304,3.1025376,0.293474177
0.030258899,-0.000267333,-0.000267333,-0.000463577,-0.000463577,-6.75E-07,-4.67E-06,0.9397277,3.0071285,0.293496318
0.030264569,-0.000266331,-0.000266331,-0.001856323,-0.001856323,1.50E-07,4.14E-06,0.92326146,2.9544368,0.293509476
0.030268547,-0.000266853,-0.000266853,-0.00669611,-0.00669611,-6.82E-07,-4.67E-06,0.91196185,2.9182777,0.293516578
0.030269906,-0.000264425,-0.000264425,-0.04481332,-0.04481332,-3.32E-08,4.02E-06,0.9083375,2.9066799,0.293519743
0.030270944,-0.000260657,-0.000260657,-0.16952264,-0.16952264,-1.31E-06,-5.12E-06,0.90616745,2.8997357,0.293521664
0.030271369,-0.000262523,-0.000262523,-0.21494246,-0.21494246,4.35E-08,4.05E-06,0.9055036,2.8976114,0.293522973
0.030271942,-0.000259862,-0.000259862,-0.26795805,-0.26795805,-1.22E-06,-5.06E-06,0.90477955,2.8952947,0.293524241
0.030272336,-0.000261875,-0.000261875,-0.29905456,-0.29905456,1.35E-07,4.11E-06,0.90438277,2.894025,0.293525342
0.030272784,-0.00025944,-0.00025944,-0.32947046,-0.32947046,-1.14E-06,-5.01E-06,0.90401566,2.8928504,0.293526683
0.030273362,-0.000261431,-0.000261431,-0.36220184,-0.36220184,2.14E-07,4.17E-06,0.9036521,2.8916867,0.293528121
0.030273885,-0.000259074,-0.000259074,-0.3861453,-0.3861453,-1.07E-06,-4.95E-06,0.9034128,2.890921,0.293530016
0.030274813,-0.000261053,-0.000261053,-0.4185938,-0.4185938,2.91E-07,4.23E-06,0.9031459,2.890067,0.293532458
0.030275755,-0.000258722,-0.000258722,-0.44112104,-0.44112104,-9.89E-07,-4.89E-06,0.9030309,2.8896987,0.293535794
0.03027737,-0.000260742,-0.000260742,-0.46446374,-0.46446374,3.60E-07,4.28E-06,0.9030557,2.8897786,0.2935398
0.030278825,-0.000258484,-0.000258484,-0.4748512,-0.4748512,-9.36E-07,-4.85E-06,0.9032244,2.890318,0.293545132
0.030281454,-0.000260581,-0.000260581,-0.48229882,-0.48229882,3.91E-07,4.31E-06,0.903666,2.8917315,0.293551864
0.030283978,-0.000258367,-0.000258367,-0.48295146,-0.48295146,-9.17E-07,-4.83E-06,0.9041463,2.893268,0.293560179
0.030287811,-0.000260501,-0.000260501,-0.48099515,-0.48099515,3.97E-07,4.31E-06,0.9048512,2.8955238,0.293573774
0.030294357,-0.000258273,-0.000258273,-0.47638527,-0.47638527,-9.15E-07,-4.83E-06,0.9059019,2.8988862,0.293591158
0.030301051,-0.000260394,-0.000260394,-0.4723916,-0.4723916,3.96E-07,4.31E-06,0.9067769,2.901686,0.293613121
0.030311051,-0.000258154,-0.000258154,-0.46775657,-0.46775657,-9.16E-07,-4.83E-06,0.9077859,2.904915,0.293639491
0.030321051,-0.000260268,-0.000260268,-0.46444225,-0.46444225,3.95E-07,4.31E-06,0.90852016,2.9072645,0.293665904
0.030331051,-0.00025805,-0.00025805,-0.46198916,-0.46198916,-9.17E-07,-4.83E-06,0.90905493,2.9089758,0.293692349
0.030341051,-0.000260181,-0.000260181,-0.46026722,-0.46026722,3.95E-07,4.31E-06,0.9094453,2.910225,0.293718815
0.030351051,-0.000257975,-0.000257975,-0.45896387,-0.45896387,-9.17E-07,-4.83E-06,0.9097308,2.9111383,0.29374337
0.030359594,-0.000260115,-0.000260115,-0.45819008,-0.45819008,3.94E-07,4.31E-06,0.9099133,2.9117227,0.293763809
0.03036648,-0.000257924,-0.000257924,-0.4576509,-0.4576509,-9.18E-07,-4.83E-06,0.91002893,2.9120927,0.293782127
0.030373418,-0.000260074,-0.000260074,-0.45727178,-0.45727178,3.94E-07,4.31E-06,0.9101234,2.912395,0.29380108
0.030380781,-0.00025789,-0.00025789,-0.45689097,-0.45689097,-9.18E-07,-4.83E-06,0.91020423,2.9126534,0.293820446
0.030388028,-0.000260046,-0.000260046,-0.45665,-0.45665,3.94E-07,4.31E-06,0.91026807,2.912858,0.293840118
0.030395619,-0.000257871,-0.000257871,-0.45639098,-0.45639098,-9.18E-07,-4.83E-06,0.9103217,2.9130294,0.293861067
0.030403828,-0.000260032,-0.000260032,-0.4562308,-0.4562308,3.94E-07,4.31E-06,0.9103678,2.9131768,0.293885212
0.030413828,-0.000257866,-0.000257866,-0.4560214,-0.4560214,-9.18E-07,-4.83E-06,0.910411,2.9133153,0.293911735
0.030423828,-0.000260035,-0.000260035,-0.45592296,-0.45592296,3.94E-07,4.31E-06,0.9104434,2.9134192,0.29393826
0.030433828,-0.000257877,-0.000257877,-0.45579466,-0.45579466,-9.18E-07,-4.83E-06,0.91046786,2.9134972,0.293964786
0.030443828,-0.000260051,-0.000260051,-0.45575538,-0.45575538,3.94E-07,4.31E-06,0.91048646,2.9135566,0.293991314
0.030453828,-0.000257897,-0.000257897,-0.4556703,-0.4556703,-9.18E-07,-4.83E-06,0.91050065,2.913602,0.294017842
0.030463828,-0.000260072,-0.000260072,-0.45566267,-0.45566267,3.94E-07,4.31E-06,0.91051155,2.9136372,0.294044371
0.030473828,-0.000257919,-0.000257919,-0.45560083,-0.45560083,-9.18E-07,-4.83E-06,0.91051996,2.9136639,0.294070901
0.030483828,-0.000260093,-0.000260093,-0.45561033,-0.45561033,3.94E-07,4.31E-06,0.9105266,2.913685,0.29409743
0.030493828,-0.00025794,-0.00025794,-0.4555612,-0.4555612,-9.18E-07,-4.83E-06,0.9105317,2.9137015,0.294123961
0.030503828,-0.000260112,-0.000260112,-0.45558012,-0.45558012,3.94E-07,4.31E-06,0.9105358,2.9137144,0.294150491
0.030513828,-0.000257958,-0.000257958,-0.45553803,-0.45553803,-9.18E-07,-4.83E-06,0.91053903,2.9137251,0.294177022
0.030523828,-0.000260128,-0.000260128,-0.45556223,-0.45556223,3.93E-07,4.31E-06,0.91054165,2.9137332,0.294203552
0.030533828,-0.000257973,-0.000257973,-0.45552415,-0.45552415,-9.17E-07,-4.83E-06,0.91054374,2.91374,0.294230083
0.030543828,-0.000260141,-0.000260141,-0.4555514,-0.4555514,3.93E-07,4.31E-06,0.9105454,2.9137454,0.294256614
0.030553828,-0.000257985,-0.000257985,-0.4555156,-0.4555156,-9.17E-07,-4.83E-06,0.9105468,2.91375,0.294283145
0.030563828,-0.00026015,-0.00026015,-0.4555446,-0.4555446,3.93E-07,4.31E-06,0.9105479,2.9137535,0.294309676
0.030573828,-0.000257994,-0.000257994,-0.4555102,-0.4555102,-9.17E-07,-4.83E-06,0.9105488,2.9137564,0.294336208
0.030583828,-0.000260158,-0.000260158,-0.45554024,-0.45554024,3.93E-07,4.31E-06,0.91054964,2.9137585,0.294362739
0.030593828,-0.000258001,-0.000258001,-0.45550668,-0.45550668,-9.17E-07,-4.83E-06,0.91055024,2.9137607,0.29438927
0.030603828,-0.000260163,-0.000260163,-0.4555374,-0.4555374,3.93E-07,4.31E-06,0.9105508,2.9137626,0.294415801
0.030613828,-0.000258007,-0.000258007,-0.4555044,-0.4555044,-9.17E-07,-4.83E-06,0.9105512,2.9137638,0.294442333
0.030623828,-0.000260167,-0.000260167,-0.4555355,-0.4555355,3.93E-07,4.31E-06,0.91055155,2.9137652,0.294468864
0.030633828,-0.00025801,-0.00025801,-0.4555028,-0.4555028,-9.17E-07,-4.83E-06,0.91055185,2.913766,0.294495395
0.030643828,-0.000260169,-0.000260169,-0.45553422,-0.45553422,3.93E-07,4.31E-06,0.91055214,2.913767,0.294521927
0.030653828,-0.000258013,-0.000258013,-0.45550177,-0.45550177,-9.17E-07,-4.83E-06,0.9105523,2.9137676,0.294548458
0.030663828,-0.000260171,-0.000260171,-0.45553333,-0.45553333,3.93E-07,4.31E-06,0.9105525,2.9137683,0.29457499
0.030673828,-0.000258016,-0.000258016,-0.45550102,-0.45550102,-9.17E-07,-4.83E-06,0.9105527,2.9137683,0.294601521
0.030683828,-0.000260172,-0.000260172,-0.4555327,-0.4555327,3.93E-07,4.31E-06,0.9105528,2.913769,0.294628052
0.030693828,-0.000258017,-0.000258017,-0.4555005,-0.4555005,-9.17E-07,-4.83E-06,0.9105529,2.9137695,0.294654584
0.030703828,-0.000260173,-0.000260173,-0.45553228,-0.45553228,3.93E-07,4.31E-06,0.91055304,2.9137695,0.294681115
0.030713828,-0.000258018,-0.000258018,-0.45550013,-0.45550013,-9.17E-07,-4.83E-06,0.9105531,2.91377,0.294707647
0.030723828,-0.000260173,-0.000260173,-0.45553195,-0.45553195,3.93E-07,4.31E-06,0.91055316,2.91377,0.294734178
0.030733828,-0.000258019,-0.000258019,-0.4554999,-0.4554999,-9.17E-07,-4.83E-06,0.9105532,2.91377,0.294760709
0.030743828,-0.000260173,-0.000260173,-0.45553175,-0.45553175,3.93E-07,4.31E-06,0.9105533,2.9137707,0.294787241
0.030753828,-0.00025802,-0.00025802,-0.4554997,-0.4554997,-9.17E-07,-4.83E-06,0.9105533,2.9137704,0.294813772
0.030763828,-0.000260173,-0.000260173,-0.4555316,-0.4555316,3.93E-07,4.31E-06,0.91055334,2.9137707,0.294840304
0.030773828,-0.000258021,-0.000258021,-0.45549956,-0.45549956,-9.17E-07,-4.83E-06,0.91055334,2.9137707,0.294866835
0.030783828,-0.000260173,-0.000260173,-0.45553148,-0.45553148,3.93E-07,4.31E-06,0.9105534,2.9137707,0.294893367
0.030793828,-0.000258021,-0.000258021,-0.45549947,-0.45549947,-9.17E-07,-4.83E-06,0.9105534,2.9137712,0.294919898
0.030803828,-0.000260173,-0.000260173,-0.4555314,-0.4555314,3.93E-07,4.31E-06,0.91055346,2.9137712,0.29494643
0.030813828,-0.000258022,-0.000258022,-0.4554994,-0.4554994,-9.17E-07,-4.83E-06,0.91055346,2.9137712,0.294972961
0.030823828,-0.000260172,-0.000260172,-0.45553133,-0.45553133,3.93E-07,4.31E-06,0.91055346,2.9137712,0.294999492
0.030833828,-0.000258022,-0.000258022,-0.45549938,-0.45549938,-9.17E-07,-4.83E-06,0.91055346,2.9137712,0.295026024
0.030843828,-0.000260172,-0.000260172,-0.4555313,-0.4555313,3.93E-07,4.31E-06,0.9105535,2.9137712,0.295052555
0.030853828,-0.000258022,-0.000258022,-0.45549935,-0.45549935,-9.17E-07,-4.83E-06,0.9105535,2.9137712,0.295079087
0.030863828,-0.000260171,-0.000260171,-0.45553127,-0.45553127,3.93E-07,4.31E-06,0.9105535,2.9137712,0.295105618
0.030873828,-0.000258023,-0.000258023,-0.45549932,-0.45549932,-9.17E-07,-4.83E-06,0.9105535,2.9137712,0.29513215
0.030883828,-0.000260171,-0.000260171,-0.45553124,-0.45553124,3.93E-07,4.31E-06,0.9105535,2.9137712,0.295158681
0.030893828,-0.000258023,-0.000258023,-0.4554993,-0.4554993,-9.17E-07,-4.83E-06,0.9105535,2.9137712,0.295185213
0.030903828,-0.00026017,-0.00026017,-0.4555312,-0.4555312,3.93E-07,4.31E-06,0.9105535,2.9137712,0.295211744
0.030913828,-0.000258023,-0.000258023,-0.4554993,-0.4554993,-9.17E-07,-4.83E-06,0.9105535,2.9137712,0.295238275
0.030923828,-0.00026017,-0.00026017,-0.4555312,-0.4555312,3.93E-07,4.31E-06,0.9105536,2.9137712,0.295264807
0.030933828,-0.000258023,-0.000258023,-0.4554993,-0.4554993,-9.17E-07,-4.83E-06,0.9105535,2.9137716,0.295291338
0.030943828,-0.00026017,-0.00026017,-0.45553118,-0.45553118,3.93E-07,4.31E-06,0.9105536,2.9137712,0.29531787
0.030953828,-0.000258024,-0.000258024,-0.4554993,-0.4554993,-9.17E-07,-4.83E-06,0.9105535,2.9137716,0.295344401
0.030963828,-0.000260169,-0.000260169,-0.45553118,-0.45553118,3.93E-07,4.31E-06,0.9105536,2.9137712,0.295370933
0.030973828,-0.000258024,-0.000258024,-0.4554993,-0.4554993,-9.17E-07,-4.83E-06,0.9105536,2.9137716,0.295397464
0.030983828,-0.000260169,-0.000260169,-0.45553118,-0.45553118,3.93E-07,4.31E-06,0.9105536,2.9137716,0.295423996
0.030993828,-0.000258024,-0.000258024,-0.4554993,-0.4554993,-9.17E-07,-4.83E-06,0.9105536,2.9137716,0.29544545
0.031,-0.000260168,-0.000260168,-0.45553118,-0.45553118,3.92E-07,4.31E-06,0.9105536,2.9137716,0.295453638
0.031,-0.000260486,-0.000260486,-0.45553267,-0.45553267,-2.94E-07,-3.45E-07,0.9105536,2.9137716,0.295453638
0.031,-0.000260922,-0.000260922,-0.45552966,-0.45552966,2.97E-07,4.49E-07,0.9105536,2.9137716,0.295453638
0.031,-0.000260647,-0.000260647,-0.45552838,-0.45552838,-1.98E-07,-6.44E-07,0.9105536,2.9137714,0.295453638
0.031,-0.000260294,-0.000260294,-0.45552328,-0.45552328,5.63E-08,4.15E-07,0.9105536,2.9137714,0.295453638
0.031,-0.000259723,-0.000259723,-0.45552006,-0.45552006,-3.17E-07,-7.78E-07,0.9105536,2.9137716,0.295453639
0.031,-0.000259226,-0.000259226,-0.4555153,-0.4555153,-1.09E-07,3.28E-07,0.9105536,2.9137714,0.29545364
0.031000001,-0.000259067,-0.000259067,-0.4555158,-0.4555158,-4.07E-07,-8.50E-07,0.9105536,2.9137714,0.295453642
0.031000002,-0.000259113,-0.000259113,-0.45551467,-0.45551467,-1.26E-07,3.22E-07,0.9105536,2.9137716,0.295453646
0.031000004,-0.000259093,-0.000259093,-0.45551586,-0.45551586,-3.99E-07,-8.48E-07,0.9105536,2.9137716,0.295453654
0.031000008,-0.000259106,-0.000259106,-0.4555146,-0.4555146,-1.25E-07,3.24E-07,0.9105536,2.9137712,0.29545367
0.031000016,-0.000259091,-0.000259091,-0.45551586,-0.45551586,-3.98E-07,-8.48E-07,0.9105536,2.9137714,0.295453703
0.031000033,-0.000259102,-0.000259102,-0.4555146,-0.4555146,-1.26E-07,3.24E-07,0.9105536,2.9137714,0.295453768
0.031000066,-0.000259091,-0.000259091,-0.45551586,-0.45551586,-3.98E-07,-8.48E-07,0.9105536,2.9137714,0.295453899
0.031000131,-0.000259102,-0.000259102,-0.4555146,-0.4555146,-1.26E-07,3.24E-07,0.9105536,2.9137714,0.295454159
0.031000262,-0.000259091,-0.000259091,-0.45551586,-0.45551586,-3.98E-07,-8.48E-07,0.9105536,2.9137714,0.295454681
0.031000524,-0.000259102,-0.000259102,-0.4555146,-0.4555146,-1.26E-07,3.24E-07,0.9105536,2.9137714,0.295455724
0.031001049,-0.000259091,-0.000259091,-0.45551586,-0.45551586,-3.98E-07,-8.48E-07,0.9105536,2.9137714,0.295457811
0.031002097,-0.000259102,-0.000259102,-0.4555146,-0.4555146,-1.26E-07,3.24E-07,0.9105536,2.9137714,0.295461984
0.031004194,-0.000259091,-0.000259091,-0.45551586,-0.45551586,-3.98E-07,-8.48E-07,0.9105536,2.9137714,0.29547033
0.031008389,-0.000259102,-0.000259102,-0.4555146,-0.4555146,-1.26E-07,3.24E-07,0.9105536,2.9137714,0.295487022
0.031016777,-0.000259091,-0.000259091,-0.45551586,-0.45551586,-3.98E-07,-8.48E-07,0.9105536,2.9137714,0.295511416
0.031026777,-0.000259102,-0.000259102,-0.45551458,-0.45551458,-1.26E-07,3.24E-07,0.9105536,2.9137714,0.295537947
0.031036777,-0.00025909,-0.00025909,-0.45551586,-0.45551586,-3.98E-07,-8.48E-07,0.9105536,2.9137714,0.295564479
0.031046777,-0.000259102,-0.000259102,-0.45551458,-0.45551458,-1.26E-07,3.24E-07,0.9105536,2.9137714,0.29559101
0.031056777,-0.00025909,-0.00025909,-0.45551586,-0.45551586,-3.98E-07,-8.48E-07,0.9105536,2.9137714,0.295617542
0.031066777,-0.000259101,-0.000259101,-0.45551458,-0.45551458,-1.26E-07,3.24E-07,0.9105536,2.9137714,0.295644073
0.031076777,-0.00025909,-0.00025909,-0.45551586,-0.45551586,-3.98E-07,-8.48E-07,0.9105536,2.9137714,0.295670605
0.031086777,-0.000259101,-0.000259101,-0.45551458,-0.45551458,-1.26E-07,3.24E-07,0.9105536,2.9137714,0.295697136
0.031096777,-0.00025909,-0.00025909,-0.45551586,-0.45551586,-3.98E-07,-8.48E-07,0.9105536,2.9137714,0.295723667
0.031106777,-0.000259101,-0.000259101,-0.45551458,-0.45551458,-1.26E-07,3.24E-07,0.9105536,2.9137714,0.295750199
0.031116777,-0.00025909,-0.00025909,-0.45551586,-0.45551586,-3.98E-07,-8.48E-07,0.9105536,2.9137714,0.29577673
0.031126777,-0.000259101,-0.000259101,-0.45551458,-0.45551458,-1.26E-07,3.24E-07,0.9105536,2.9137714,0.295803262
0.031136777,-0.00025909,-0.00025909,-0.45551586,-0.45551586,-3.98E-07,-8.48E-07,0.9105536,2.9137714,0.295829793
0.031146777,-0.000259101,-0.000259101,-0.45551458,-0.45551458,-1.26E-07,3.24E-07,0.9105536,2.9137714,0.295856325
0.031156777,-0.00025909,-0.00025909,-0.45551586,-0.45551586,-3.98E-07,-8.48E-07,0.9105536,2.9137714,0.295882856
0.031166777,-0.000259101,-0.000259101,-0.45551458,-0.45551458,-1.26E-07,3.24E-07,0.9105536,2.9137714,0.295909388
0.031176777,-0.00025909,-0.00025909,-0.45551586,-0.45551586,-3.98E-07,-8.48E-07,0.9105536,2.9137714,0.295935919
0.031186777,-0.000259101,-0.000259101,-0.4555146,-0.4555146,-1.26E-07,3.24E-07,0.9105536,2.9137714,0.29596245
0.031196777,-0.00025909,-0.00025909,-0.45551586,-0.45551586,-3.98E-07,-8.48E-07,0.9105536,2.9137714,0.295988982
0.031206777,-0.000259101,-0.000259101,-0.4555146,-0.4555146,-1.26E-07,3.24E-07,0.9105536,2.9137714,0.296015513
0.031216777,-0.00025909,-0.00025909,-0.45551586,-0.45551586,-3.98E-07,-8.48E-07,0.9105536,2.9137714,0.296042045
0.031226777,-0.000259101,-0.000259101,-0.4555146,-0.4555146,-1.26E-07,3.24E-07,0.9105536,2.9137714,0.296068576
0.031236777,-0.00025909,-0.00025909,-0.45551586,-0.45551586,-3.98E-07,-8.48E-07,0.9105536,2.9137719,0.296095108
0.031246777,-0.000259101,-0.000259101,-0.4555146,-0.4555146,-1.26E-07,3.24E-07,0.91055363,2.9137719,0.296121639
0.031256777,-0.00025909,-0.00025909,-0.45551586,-0.45551586,-3.98E-07,-8.48E-07,0.91055363,2.9137719,0.296148171
0.031266777,-0.000259101,-0.000259101,-0.4555146,-0.4555146,-1.26E-07,3.24E-07,0.91055363,2.9137719,0.296174702
0.031276777,-0.000259089,-0.000259089,-0.45551586,-0.45551586,-3.98E-07,-8.48E-07,0.91055363,2.9137719,0.296201234
0.031286777,-0.000259101,-0.000259101,-0.4555146,-0.4555146,-1.26E-07,3.24E-07,0.91055363,2.9137719,0.296227765
0.031296777,-0.000259089,-0.000259089,-0.45551586,-0.45551586,-3.98E-07,-8.48E-07,0.91055363,2.9137719,0.296254296
0.031306777,-0.0002591,-0.0002591,-0.4555146,-0.4555146,-1.26E-07,3.24E-07,0.91055363,2.9137719,0.296280828
0.031316777,-0.000259089,-0.000259089,-0.45551586,-0.45551586,-3.98E-07,-8.48E-07,0.91055363,2.9137716,0.296307359
0.031326777,-0.0002591,-0.0002591,-0.4555146,-0.4555146,-1.26E-07,3.24E-07,0.91055363,2.9137719,0.296333891
0.031336777,-0.000259089,-0.000259089,-0.45551586,-0.45551586,-3.98E-07,-8.48E-07,0.91055363,2.9137716,0.296360422
0.031346777,-0.0002591,-0.0002591,-0.4555146,-0.4555146,-1.26E-07,3.24E-07,0.91055363,2.9137716,0.296386954
0.031356777,-0.000259089,-0.000259089,-0.45551586,-0.45551586,-3.98E-07,-8.48E-07,0.91055363,2.9137716,0.296413485
0.031366777,-0.0002591,-0.0002591,-0.4555146,-0.4555146,-1.26E-07,3.24E-07,0.91055363,2.9137716,0.296440017
0.031376777,-0.000259089,-0.000259089,-0.45551586,-0.45551586,-3.98E-07,-8.48E-07,0.91055363,2.9137716,0.296466548
0.031386777,-0.0002591,-0.0002591,-0.4555146,-0.4555146,-1.26E-07,3.24E-07,0.91055363,2.9137716,0.29649308
0.031396777,-0.000259089,-0.000259089,-0.45551586,-0.45551586,-3.98E-07,-8.48E-07,0.91055363,2.9137716,0.296519611
0.031406777,-0.0002591,-0.0002591,-0.4555146,-0.4555146,-1.26E-07,3.24E-07,0.91055363,2.9137716,0.296546142
0.031416777,-0.000259089,-0.000259089,-0.45551586,-0.45551586,-3.98E-07,-8.48E-07,0.91055363,2.9137716,0.296572674
0.031426777,-0.0002591,-0.0002591,-0.4555146,-0.4555146,-1.26E-07,3.24E-07,0.91055363,2.9137716,0.296599205
0.031436777,-0.000259089,-0.000259089,-0.45551586,-0.45551586,-3.98E-07,-8.48E-07,0.91055363,2.9137716,0.296625737
0.031446777,-0.0002591,-0.0002591,-0.4555146,-0.4555146,-1.26E-07,3.24E-07,0.91055363,2.9137716,0.296652268
0.031456777,-0.000259089,-0.000259089,-0.45551586,-0.45551586,-3.98E-07,-8.48E-07,0.91055363,2.9137716,0.2966788
0.031466777,-0.0002591,-0.0002591,-0.4555146,-0.4555146,-1.26E-07,3.24E-07,0.91055363,2.9137716,0.296705331
0.031476777,-0.000259089,-0.000259089,-0.45551586,-0.45551586,-3.98E-07,-8.48E-07,0.91055363,2.9137716,0.296731863
0.031486777,-0.0002591,-0.0002591,-0.4555146,-0.4555146,-1.26E-07,3.24E-07,0.91055363,2.9137716,0.296758394
0.031496777,-0.000259089,-0.000259089,-0.45551586,-0.45551586,-3.98E-07,-8.48E-07,0.91055363,2.9137716,0.296784926
0.031506777,-0.0002591,-0.0002591,-0.4555146,-0.4555146,-1.26E-07,3.24E-07,0.91055363,2.9137716,0.296811457
0.031516777,-0.000259089,-0.000259089,-0.45551586,-0.45551586,-3.98E-07,-8.48E-07,0.91055363,2.9137716,0.296837988
0.031526777,-0.0002591,-0.0002591,-0.4555146,-0.4555146,-1.26E-07,3.24E-07,0.91055363,2.9137716,0.29686452
0.031536777,-0.000259089,-0.000259089,-0.45551586,-0.45551586,-3.98E-07,-8.48E-07,0.91055363,2.9137716,0.296891051
0.031546777,-0.0002591,-0.0002591,-0.4555146,-0.4555146,-1.26E-07,3.24E-07,0.91055363,2.9137716,0.296917583
0.031556777,-0.000259089,-0.000259089,-0.45551586,-0.45551586,-3.98E-07,-8.48E-07,0.91055363,2.9137716,0.296944114
0.031566777,-0.0002591,-0.0002591,-0.4555146,-0.4555146,-1.26E-07,3.24E-07,0.91055363,2.9137716,0.296970646
0.031576777,-0.000259089,-0.000259089,-0.45551586,-0.45551586,-3.98E-07,-8.48E-07,0.91055363,2.9137716,0.296997177
0.031586777,-0.0002591,-0.0002591,-0.4555146,-0.4555146,-1.26E-07,3.24E-07,0.91055363,2.9137716,0.297023709
0.031596777,-0.000259089,-0.000259089,-0.45551586,-0.45551586,-3.98E-07,-8.48E-07,0.91055363,2.9137716,0.29705024
0.031606777,-0.0002591,-0.0002591,-0.4555146,-0.4555146,-1.26E-07,3.24E-07,0.91055363,2.9137716,0.297076772
0.031616777,-0.000259088,-0.000259088,-0.45551586,-0.45551586,-3.98E-07,-8.48E-07,0.91055363,2.9137716,0.297103303
0.031626777,-0.0002591,-0.0002591,-0.4555146,-0.4555146,-1.26E-07,3.24E-07,0.91055363,2.9137716,0.297129834
0.031636777,-0.000259088,-0.000259088,-0.45551586,-0.45551586,-3.98E-07,-8.48E-07,0.91055363,2.9137716,0.297156366
0.031646777,-0.000259099,-0.000259099,-0.4555146,-0.4555146,-1.26E-07,3.24E-07,0.91055363,2.9137716,0.297182897
0.031656777,-0.000259088,-0.000259088,-0.45551586,-0.45551586,-3.98E-07,-8.48E-07,0.91055363,2.9137716,0.297209429
0.031666777,-0.000259099,-0.000259099,-0.4555146,-0.4555146,-1.26E-07,3.24E-07,0.91055363,2.9137716,0.29723596
0.031676777,-0.000259088,-0.000259088,-0.45551586,-0.45551586,-3.98E-07,-8.48E-07,0.91055363,2.9137716,0.297262492
0.031686777,-0.000259099,-0.000259099,-0.4555146,-0.4555146,-1.26E-07,3.24E-07,0.91055363,2.9137716,0.297289023
0.031696777,-0.000259088,-0.000259088,-0.45551586,-0.45551586,-3.98E-07,-8.48E-07,0.91055363,2.9137716,0.297315555
0.031706777,-0.000259099,-0.000259099,-0.4555146,-0.4555146,-1.26E-07,3.24E-07,0.91055363,2.9137716,0.297342086
0.031716777,-0.000259088,-0.000259088,-0.45551586,-0.45551586,-3.98E-07,-8.48E-07,0.91055363,2.9137716,0.297368617
0.031726777,-0.000259099,-0.000259099,-0.4555146,-0.4555146,-1.26E-07,3.24E-07,0.91055363,2.9137716,0.297395149
0.031736777,-0.000259088,-0.000259088,-0.45551586,-0.45551586,-3.98E-07,-8.48E-07,0.91055363,2.9137716,0.29742168
0.031746777,-0.000259099,-0.000259099,-0.4555146,-0.4555146,-1.26E-07,3.24E-07,0.91055363,2.9137716,0.297448212
0.031756777,-0.000259088,-0.000259088,-0.45551586,-0.45551586,-3.98E-07,-8.48E-07,0.91055363,2.9137716,0.297474743
0.031766777,-0.000259099,-0.000259099,-0.4555146,-0.4555146,-1.26E-07,3.24E-07,0.91055363,2.9137716,0.297501275
0.031776777,-0.000259088,-0.000259088,-0.45551586,-0.45551586,-3.98E-07,-8.48E-07,0.91055363,2.9137716,0.297527806
0.031786777,-0.000259099,-0.000259099,-0.4555146,-0.4555146,-1.26E-07,3.24E-07,0.91055363,2.9137716,0.297554338
0.031796777,-0.000259088,-0.000259088,-0.45551586,-0.45551586,-3.98E-07,-8.48E-07,0.91055363,2.9137716,0.297580869
0.031806777,-0.000259099,-0.000259099,-0.4555146,-0.4555146,-1.26E-07,3.24E-07,0.91055363,2.9137716,0.297607401
0.031816777,-0.000259088,-0.000259088,-0.45551586,-0.45551586,-3.98E-07,-8.48E-07,0.91055363,2.9137716,0.297633932
0.031826777,-0.000259099,-0.000259099,-0.4555146,-0.4555146,-1.26E-07,3.24E-07,0.91055363,2.9137716,0.297660463
0.031836777,-0.000259088,-0.000259088,-0.45551586,-0.45551586,-3.98E-07,-8.48E-07,0.91055363,2.9137716,0.297686995
0.031846777,-0.000259099,-0.000259099,-0.4555146,-0.4555146,-1.26E-07,3.24E-07,0.91055363,2.9137716,0.297713526
0.031856777,-0.000259088,-0.000259088,-0.45551586,-0.45551586,-3.98E-07,-8.48E-07,0.91055363,2.9137716,0.297740058
0.031866777,-0.000259099,-0.000259099,-0.4555146,-0.4555146,-1.26E-07,3.24E-07,0.91055363,2.9137716,0.297766589
0.031876777,-0.000259088,-0.000259088,-0.45551586,-0.45551586,-3.98E-07,-8.48E-07,0.91055363,2.9137716,0.297793121
0.031886777,-0.000259099,-0.000259099,-0.4555146,-0.4555146,-1.26E-07,3.24E-07,0.91055363,2.9137716,0.297819652
0.031896777,-0.000259088,-0.000259088,-0.45551586,-0.45551586,-3.98E-07,-8.48E-07,0.91055363,2.9137716,0.297846184
0.031906777,-0.000259099,-0.000259099,-0.4555146,-0.4555146,-1.26E-07,3.24E-07,0.91055363,2.9137716,0.297872715
0.031916777,-0.000259088,-0.000259088,-0.45551586,-0.45551586,-3.98E-07,-8.48E-07,0.91055363,2.9137716,0.297899247
0.031926777,-0.000259099,-0.000259099,-0.4555146,-0.4555146,-1.26E-07,3.24E-07,0.91055363,2.9137716,0.297925778
0.031936777,-0.000259088,-0.000259088,-0.45551586,-0.45551586,-3.98E-07,-8.48E-07,0.91055363,2.9137716,0.297952309
0.031946777,-0.000259099,-0.000259099,-0.4555146,-0.4555146,-1.26E-07,3.24E-07,0.91055363,2.9137716,0.297978841
0.031956777,-0.000259088,-0.000259088,-0.45551586,-0.45551586,-3.98E-07,-8.48E-07,0.91055363,2.9137716,0.298005372
0.031966777,-0.000259099,-0.000259099,-0.4555146,-0.4555146,-1.26E-07,3.24E-07,0.91055363,2.9137716,0.298031904
0.031976777,-0.000259088,-0.000259088,-0.45551586,-0.45551586,-3.98E-07,-8.48E-07,0.91055363,2.9137716,0.298058435
0.031986777,-0.000259099,-0.000259099,-0.4555146,-0.4555146,-1.26E-07,3.24E-07,0.91055363,2.9137716,0.298084967
0.031996777,-0.000259088,-0.000259088,-0.4555159,-0.4555159,-3.98E-07,-8.48E-07,0.91055363,2.9137716,0.298111498
0.032006777,-0.000259099,-0.000259099,-0.4555146,-0.4555146,-1.26E-07,3.24E-07,0.91055363,2.9137716,0.29813803
0.032016777,-0.000259088,-0.000259088,-0.4555159,-0.4555159,-3.98E-07,-8.48E-07,0.91055363,2.9137716,0.298164561
0.032026777,-0.000259099,-0.000259099,-0.4555146,-0.4555146,-1.26E-07,3.24E-07,0.91055363,2.9137716,0.298191093
0.032036777,-0.000259088,-0.000259088,-0.4555159,-0.4555159,-3.98E-07,-8.48E-07,0.91055363,2.9137716,0.298217624
0.032046777,-0.000259099,-0.000259099,-0.4555146,-0.4555146,-1.26E-07,3.24E-07,0.91055363,2.9137716,0.298244155
0.032056777,-0.000259088,-0.000259088,-0.4555159,-0.4555159,-3.98E-07,-8.48E-07,0.91055363,2.9137716,0.298270687
0.032066777,-0.000259099,-0.000259099,-0.4555146,-0.4555146,-1.26E-07,3.24E-07,0.91055363,2.9137716,0.298297218
0.032076777,-0.000259088,-0.000259088,-0.4555159,-0.4555159,-3.98E-07,-8.48E-07,0.91055363,2.9137716,0.29832375
0.032086777,-0.000259099,-0.000259099,-0.4555146,-0.4555146,-1.26E-07,3.24E-07,0.91055363,2.9137716,0.298350281
0.032096777,-0.000259088,-0.000259088,-0.4555159,-0.4555159,-3.98E-07,-8.48E-07,0.91055363,2.9137716,0.298376813
0.032106777,-0.000259099,-0.000259099,-0.4555146,-0.4555146,-1.26E-07,3.24E-07,0.91055363,2.9137716,0.298403344
0.032116777,-0.000259088,-0.000259088,-0.4555159,-0.4555159,-3.98E-07,-8.48E-07,0.91055363,2.9137716,0.298429876
0.032126777,-0.000259099,-0.000259099,-0.4555146,-0.4555146,-1.26E-07,3.24E-07,0.9105537,2.9137716,0.298456407
0.032136777,-0.000259088,-0.000259088,-0.4555159,-0.4555159,-3.98E-07,-8.48E-07,0.91055363,2.9137716,0.298482939
0.032146777,-0.000259099,-0.000259099,-0.4555146,-0.4555146,-1.26E-07,3.24E-07,0.9105537,2.9137716,0.29850947
0.032156777,-0.000259088,-0.000259088,-0.4555159,-0.4555159,-3.98E-07,-8.48E-07,0.91055363,2.9137716,0.298536001
0.032166777,-0.000259099,-0.000259099,-0.4555146,-0.4555146,-1.26E-07,3.24E-07,0.9105537,2.9137716,0.298562533
0.032176777,-0.000259088,-0.000259088,-0.4555159,-0.4555159,-3.98E-07,-8.48E-07,0.9105537,2.9137716,0.298589064
0.032186777,-0.000259099,-0.000259099,-0.4555146,-0.4555146,-1.26E-07,3.24E-07,0.9105537,2.9137716,0.298615596
0.032196777,-0.000259088,-0.000259088,-0.4555159,-0.4555159,-3.98E-07,-8.48E-07,0.9105537,2.9137716,0.298642127
0.032206777,-0.000259099,-0.000259099,-0.4555146,-0.4555146,-1.26E-07,3.24E-07,0.9105537,2.9137716,0.298668659
0.032216777,-0.000259088,-0.000259088,-0.4555159,-0.4555159,-3.98E-07,-8.48E-07,0.9105537,2.9137716,0.29869519
0.032226777,-0.000259099,-0.000259099,-0.4555146,-0.4555146,-1.26E-07,3.24E-07,0.9105537,2.9137716,0.298721722
0.032236777,-0.000259088,-0.000259088,-0.4555159,-0.4555159,-3.98E-07,-8.48E-07,0.9105537,2.9137716,0.298748253
0.032246777,-0.000259099,-0.000259099,-0.4555146,-0.4555146,-1.26E-07,3.24E-07,0.9105537,2.9137716,0.298774785
0.032256777,-0.000259088,-0.000259088,-0.4555159,-0.4555159,-3.98E-07,-8.48E-07,0.9105537,2.9137716,0.298801316
0.032266777,-0.000259099,-0.000259099,-0.4555146,-0.4555146,-1.26E-07,3.24E-07,0.9105537,2.9137716,0.298827847
0.032276777,-0.000259087,-0.000259087,-0.4555159,-0.4555159,-3.98E-07,-8.48E-07,0.9105537,2.9137716,0.298854379
0.032286777,-0.000259099,-0.000259099,-0.4555146,-0.4555146,-1.26E-07,3.24E-07,0.9105537,2.9137716,0.29888091
0.032296777,-0.000259087,-0.000259087,-0.4555159,-0.4555159,-3.98E-07,-8.48E-07,0.9105537,2.9137716,0.298907442
0.032306777,-0.000259098,-0.000259098,-0.4555146,-0.4555146,-1.26E-07,3.24E-07,0.9105537,2.9137716,0.298933973
0.032316777,-0.000259087,-0.000259087,-0.4555159,-0.4555159,-3.98E-07,-8.48E-07,0.9105537,2.9137716,0.298960505
0.032326777,-0.000259098,-0.000259098,-0.4555146,-0.4555146,-1.26E-07,3.24E-07,0.9105537,2.9137716,0.298987036
0.032336777,-0.000259087,-0.000259087,-0.4555159,-0.4555159,-3.98E-07,-8.48E-07,0.9105537,2.9137716,0.299013568
0.032346777,-0.000259098,-0.000259098,-0.4555146,-0.4555146,-1.26E-07,3.24E-07,0.9105537,2.9137716,0.299040099
0.032356777,-0.000259087,-0.000259087,-0.4555159,-0.4555159,-3.98E-07,-8.48E-07,0.9105537,2.9137716,0.299066631
0.032366777,-0.000259098,-0.000259098,-0.4555146,-0.4555146,-1.26E-07,3.24E-07,0.9105537,2.9137716,0.299093162
0.032376777,-0.000259087,-0.000259087,-0.4555159,-0.4555159,-3.98E-07,-8.48E-07,0.9105537,2.9137716,0.299119693
0.032386777,-0.000259098,-0.000259098,-0.4555146,-0.4555146,-1.26E-07,3.24E-07,0.9105537,2.9137716,0.299146225
0.032396777,-0.000259087,-0.000259087,-0.4555159,-0.4555159,-3.98E-07,-8.48E-07,0.9105537,2.9137716,0.299172756
0.032406777,-0.000259098,-0.000259098,-0.4555146,-0.4555146,-1.26E-07,3.24E-07,0.9105537,2.9137716,0.299199288
0.032416777,-0.000259087,-0.000259087,-0.4555159,-0.4555159,-3.98E-07,-8.48E-07,0.9105537,2.9137716,0.299225819
0.032426777,-0.000259098,-0.000259098,-0.4555146,-0.4555146,-1.26E-07,3.24E-07,0.9105537,2.9137716,0.299252351
0.032436777,-0.000259087,-0.000259087,-0.4555159,-0.4555159,-3.98E-07,-8.48E-07,0.9105537,2.9137716,0.299278882
0.032446777,-0.000259098,-0.000259098,-0.4555146,-0.4555146,-1.26E-07,3.24E-07,0.9105537,2.9137716,0.299305414
0.032456777,-0.000259087,-0.000259087,-0.4555159,-0.4555159,-3.98E-07,-8.48E-07,0.9105537,2.9137716,0.299331945
0.032466777,-0.000259098,-0.000259098,-0.4555146,-0.4555146,-1.26E-07,3.24E-07,0.9105537,2.9137716,0.299358477
0.032476777,-0.000259087,-0.000259087,-0.4555159,-0.4555159,-3.98E-07,-8.48E-07,0.9105537,2.9137716,0.299385008
0.032486777,-0.000259098,-0.000259098,-0.4555146,-0.4555146,-1.26E-07,3.24E-07,0.9105537,2.9137716,0.299411539
0.032496777,-0.000259087,-0.000259087,-0.4555159,-0.4555159,-3.98E-07,-8.48E-07,0.9105537,2.9137716,0.299438071
0.032506777,-0.000259098,-0.000259098,-0.4555146,-0.4555146,-1.26E-07,3.24E-07,0.9105537,2.9137716,0.299464602
0.032516777,-0.000259087,-0.000259087,-0.4555159,-0.4555159,-3.98E-07,-8.48E-07,0.9105537,2.9137716,0.299491134
0.032526777,-0.000259098,-0.000259098,-0.4555146,-0.4555146,-1.26E-07,3.24E-07,0.9105537,2.9137716,0.299517665
0.032536777,-0.000259087,-0.000259087,-0.4555159,-0.4555159,-3.98E-07,-8.48E-07,0.9105537,2.9137716,0.299544197
0.032546777,-0.000259098,-0.000259098,-0.4555146,-0.4555146,-1.26E-07,3.24E-07,0.9105537,2.9137716,0.299570728
0.032556777,-0.000259087,-0.000259087,-0.4555159,-0.4555159,-3.98E-07,-8.48E-07,0.9105537,2.9137716,0.29959726
0.032566777,-0.000259098,-0.000259098,-0.4555146,-0.4555146,-1.26E-07,3.24E-07,0.9105537,2.9137716,0.299623791
0.032576777,-0.000259087,-0.000259087,-0.4555159,-0.4555159,-3.98E-07,-8.48E-07,0.9105537,2.9137716,0.299650323
0.032586777,-0.000259098,-0.000259098,-0.4555146,-0.4555146,-1.26E-07,3.24E-07,0.9105537,2.9137716,0.299676854
0.032596777,-0.000259087,-0.000259087,-0.4555159,-0.4555159,-3.98E-07,-8.48E-07,0.9105537,2.9137716,0.299703385
0.032606777,-0.000259098,-0.000259098,-0.4555146,-0.4555146,-1.26E-07,3.24E-07,0.9105537,2.9137716,0.299729917
0.032616777,-0.000259087,-0.000259087,-0.4555159,-0.4555159,-3.98E-07,-8.48E-07,0.9105537,2.9137716,0.299756448
0.032626777,-0.000259098,-0.000259098,-0.4555146,-0.4555146,-1.26E-07,3.24E-07,0.9105537,2.9137716,0.29978298
0.032636777,-0.000259087,-0.000259087,-0.4555159,-0.4555159,-3.98E-07,-8.48E-07,0.9105537,2.9137716,0.299809511
0.032646777,-0.000259098,-0.000259098,-0.4555146,-0.4555146,-1.26E-07,3.24E-07,0.9105537,2.9137716,0.299836043
0.032656777,-0.000259087,-0.000259087,-0.4555159,-0.4555159,-3.98E-07,-8.48E-07,0.9105537,2.9137716,0.299862574
0.032666777,-0.000259098,-0.000259098,-0.4555146,-0.4555146,-1.26E-07,3.24E-07,0.9105537,2.9137716,0.299889106
0.032676777,-0.000259087,-0.000259087,-0.4555159,-0.4555159,-3.98E-07,-8.48E-07,0.9105537,2.9137716,0.299915637
0.032686777,-0.000259098,-0.000259098,-0.4555146,-0.4555146,-1.26E-07,3.24E-07,0.9105537,2.9137716,0.299942169
0.032696777,-0.000259087,-0.000259087,-0.4555159,-0.4555159,-3.98E-07,-8.48E-07,0.9105537,2.9137716,0.2999687
0.032706777,-0.000259098,-0.000259098,-0.4555146,-0.4555146,-1.26E-07,3.24E-07,0.9105537,2.9137716,0.299995231
0.032716777,-0.000259087,-0.000259087,-0.4555159,-0.4555159,-3.98E-07,-8.48E-07,0.9105537,2.9137716,0.300021763
0.032726777,-0.000259098,-0.000259098,-0.4555146,-0.4555146,-1.26E-07,3.24E-07,0.9105537,2.9137716,0.300048294
0.032736777,-0.000259087,-0.000259087,-0.4555159,-0.4555159,-3.98E-07,-8.48E-07,0.9105537,2.9137716,0.300074826
0.032746777,-0.000259098,-0.000259098,-0.4555146,-0.4555146,-1.26E-07,3.24E-07,0.9105537,2.9137716,0.300101357
0.032756777,-0.000259087,-0.000259087,-0.4555159,-0.4555159,-3.98E-07,-8.48E-07,0.9105537,2.9137716,0.300127889
0.032766777,-0.000259098,-0.000259098,-0.4555146,-0.4555146,-1.26E-07,3.24E-07,0.9105537,2.9137716,0.30015442
0.032776777,-0.000259087,-0.000259087,-0.4555159,-0.4555159,-3.98E-07,-8.48E-07,0.9105537,2.9137716,0.300180952
0.032786777,-0.000259098,-0.000259098,-0.4555146,-0.4555146,-1.26E-07,3.24E-07,0.9105537,2.9137716,0.300207483
0.032796777,-0.000259087,-0.000259087,-0.4555159,-0.4555159,-3.98E-07,-8.48E-07,0.9105537,2.9137716,0.300234015
0.032806777,-0.000259098,-0.000259098,-0.4555146,-0.4555146,-1.26E-07,3.24E-07,0.9105537,2.9137716,0.300260546
0.032816777,-0.000259087,-0.000259087,-0.4555159,-0.4555159,-3.98E-07,-8.48E-07,0.9105537,2.9137716,0.300287077
0.032826777,-0.000259098,-0.000259098,-0.4555146,-0.4555146,-1.26E-07,3.24E-07,0.9105537,2.9137716,0.300313609
0.032836777,-0.000259087,-0.000259087,-0.4555159,-0.4555159,-3.98E-07,-8.48E-07,0.9105537,2.9137716,0.30034014
0.032846777,-0.000259098,-0.000259098,-0.4555146,-0.4555146,-1.26E-07,3.24E-07,0.9105537,2.9137716,0.300366672
0.032856777,-0.000259087,-0.000259087,-0.4555159,-0.4555159,-3.98E-07,-8.48E-07,0.9105537,2.9137716,0.300393203
0.032866777,-0.000259098,-0.000259098,-0.4555146,-0.4555146,-1.26E-07,3.24E-07,0.9105537,2.9137716,0.300419735
0.032876777,-0.000259087,-0.000259087,-0.4555159,-0.4555159,-3.98E-07,-8.48E-07,0.9105537,2.9137716,0.300446266
0.032886777,-0.000259098,-0.000259098,-0.4555146,-0.4555146,-1.26E-07,3.24E-07,0.9105537,2.9137716,0.300472798
0.032896777,-0.000259087,-0.000259087,-0.4555159,-0.4555159,-3.98E-07,-8.48E-07,0.9105537,2.9137716,0.300499329
0.032906777,-0.000259098,-0.000259098,-0.4555146,-0.4555146,-1.26E-07,3.24E-07,0.9105537,2.9137716,0.300525861
0.032916777,-0.000259087,-0.000259087,-0.4555159,-0.4555159,-3.98E-07,-8.48E-07,0.9105537,2.9137716,0.300552392
0.032926777,-0.000259098,-0.000259098,-0.4555146,-0.4555146,-1.26E-07,3.24E-07,0.9105537,2.9137716,0.300578924
0.032936777,-0.000259087,-0.000259087,-0.4555159,-0.4555159,-3.98E-07,-8.48E-07,0.9105537,2.9137716,0.300605455
0.032946777,-0.000259098,-0.000259098,-0.4555146,-0.4555146,-1.26E-07,3.24E-07,0.9105537,2.9137716,0.300631986
0.032956777,-0.000259087,-0.000259087,-0.4555159,-0.4555159,-3.98E-07,-8.48E-07,0.9105537,2.9137716,0.300658518
0.032966777,-0.000259098,-0.000259098,-0.4555146,-0.4555146,-1.26E-07,3.24E-07,0.9105537,2.9137716,0.300685049
0.032976777,-0.000259087,-0.000259087,-0.4555159,-0.4555159,-3.98E-07,-8.48E-07,0.9105537,2.9137716,0.300711581
0.032986777,-0.000259098,-0.000259098,-0.4555146,-0.4555146,-1.26E-07,3.24E-07,0.9105537,2.9137716,0.300738112
0.032996777,-0.000259087,-0.000259087,-0.4555159,-0.4555159,-3.98E-07,-8.48E-07,0.9105537,2.9137716,0.300764644
0.033006777,-0.000259098,-0.000259098,-0.4555146,-0.4555146,-1.26E-07,3.24E-07,0.9105537,2.9137716,0.300791175
0.033016777,-0.000259087,-0.000259087,-0.4555159,-0.4555159,-3.98E-07,-8.48E-07,0.9105537,2.9137716,0.300817707
0.033026777,-0.000259098,-0.000259098,-0.4555146,-0.4555146,-1.26E-07,3.24E-07,0.9105537,2.9137716,0.300844238
0.033036777,-0.000259087,-0.000259087,-0.4555159,-0.4555159,-3.98E-07,-8.48E-07,0.9105537,2.9137716,0.30087077
0.033046777,-0.000259098,-0.000259098,-0.4555146,-0.4555146,-1.26E-07,3.24E-07,0.9105537,2.9137716,0.300897301
0.033056777,-0.000259087,-0.000259087,-0.4555159,-0.4555159,-3.98E-07,-8.48E-07,0.9105537,2.9137716,0.300923832
0.033066777,-0.000259098,-0.000259098,-0.4555146,-0.4555146,-1.26E-07,3.24E-07,0.9105537,2.9137716,0.300950364
0.033076777,-0.000259087,-0.000259087,-0.4555159,-0.4555159,-3.98E-07,-8.48E-07,0.9105537,2.9137716,0.300976895
0.033086777,-0.000259098,-0.000259098,-0.4555146,-0.4555146,-1.26E-07,3.24E-07,0.9105537,2.9137716,0.301003427
0.033096777,-0.000259087,-0.000259087,-0.4555159,-0.4555159,-3.98E-07,-8.48E-07,0.9105537,2.9137716,0.301029958
0.033106777,-0.000259098,-0.000259098,-0.4555146,-0.4555146,-1.26E-07,3.24E-07,0.9105537,2.9137716,0.30105649
0.033116777,-0.000259087,-0.000259087,-0.4555159,-0.4555159,-3.98E-07,-8.48E-07,0.9105537,2.9137716,0.301083021
0.033126777,-0.000259098,-0.000259098,-0.4555146,-0.4555146,-1.26E-07,3.24E-07,0.9105537,2.9137716,0.301109553
0.033136777,-0.000259087,-0.000259087,-0.4555159,-0.4555159,-3.98E-07,-8.48E-07,0.9105537,2.9137716,0.301136084
0.033146777,-0.000259098,-0.000259098,-0.4555146,-0.4555146,-1.26E-07,3.24E-07,0.9105537,2.9137716,0.301162616
0.033156777,-0.000259087,-0.000259087,-0.4555159,-0.4555159,-3.98E-07,-8.48E-07,0.9105537,2.9137716,0.301189147
0.033166777,-0.000259098,-0.000259098,-0.4555146,-0.4555146,-1.26E-07,3.24E-07,0.9105537,2.9137716,0.301215678
0.033176777,-0.000259087,-0.000259087,-0.4555159,-0.4555159,-3.98E-07,-8.48E-07,0.9105537,2.9137716,0.30124221
0.033186777,-0.000259098,-0.000259098,-0.4555146,-0.4555146,-1.26E-07,3.24E-07,0.9105537,2.9137716,0.301268741
0.033196777,-0.000259087,-0.000259087,-0.4555159,-0.4555159,-3.98E-07,-8.48E-07,0.9105537,2.9137716,0.301295273
0.033206777,-0.000259098,-0.000259098,-0.4555146,-0.4555146,-1.26E-07,3.24E-07,0.9105537,2.9137716,0.301321804
0.033216777,-0.000259087,-0.000259087,-0.4555159,-0.4555159,-3.98E-07,-8.48E-07,0.9105537,2.9137716,0.301348336
0.033226777,-0.000259098,-0.000259098,-0.4555146,-0.4555146,-1.26E-07,3.24E-07,0.9105537,2.9137716,0.301374867
0.033236777,-0.000259087,-0.000259087,-0.4555159,-0.4555159,-3.98E-07,-8.48E-07,0.9105537,2.9137716,0.301401399
0.033246777,-0.000259098,-0.000259098,-0.4555146,-0.4555146,-1.26E-07,3.24E-07,0.9105537,2.9137716,0.30142793
0.033256777,-0.000259087,-0.000259087,-0.4555159,-0.4555159,-3.98E-07,-8.48E-07,0.9105537,2.9137716,0.301454462
0.033266777,-0.000259098,-0.000259098,-0.4555146,-0.4555146,-1.26E-07,3.24E-07,0.9105537,2.9137716,0.301480993
0.033276777,-0.000259087,-0.000259087,-0.4555159,-0.4555159,-3.98E-07,-8.48E-07,0.9105537,2.9137716,0.301507524
0.033286777,-0.000259098,-0.000259098,-0.4555146,-0.4555146,-1.26E-07,3.24E-07,0.9105537,2.9137716,0.301534056
0.033296777,-0.000259087,-0.000259087,-0.4555159,-0.4555159,-3.98E-07,-8.48E-07,0.9105537,2.9137716,0.301560587
0.033306777,-0.000259098,-0.000259098,-0.4555146,-0.4555146,-1.26E-07,3.24E-07,0.9105537,2.9137716,0.301587119
0.033316777,-0.000259087,-0.000259087,-0.4555159,-0.4555159,-3.98E-07,-8.48E-07,0.9105537,2.9137716,0.30161365
0.033326777,-0.000259098,-0.000259098,-0.4555146,-0.4555146,-1.26E-07,3.24E-07,0.9105537,2.9137716,0.301640182
0.033336777,-0.000259087,-0.000259087,-0.4555159,-0.4555159,-3.98E-07,-8.48E-07,0.9105537,2.9137716,0.301666713
0.033346777,-0.000259098,-0.000259098,-0.4555146,-0.4555146,-1.26E-07,3.24E-07,0.9105537,2.9137716,0.301693245
0.033356777,-0.000259087,-0.000259087,-0.4555159,-0.4555159,-3.98E-07,-8.48E-07,0.9105537,2.9137716,0.301719776
0.033366777,-0.000259098,-0.000259098,-0.4555146,-0.4555146,-1.26E-07,3.24E-07,0.9105537,2.9137716,0.301746308
0.033376777,-0.000259087,-0.000259087,-0.4555159,-0.4555159,-3.98E-07,-8.48E-07,0.9105537,2.9137716,0.301772839
0.033386777,-0.000259098,-0.000259098,-0.4555146,-0.4555146,-1.26E-07,3.24E-07,0.9105537,2.9137716,0.30179937
0.033396777,-0.000259087,-0.000259087,-0.4555159,-0.4555159,-3.98E-07,-8.48E-07,0.9105537,2.9137716,0.301825902
0.033406777,-0.000259098,-0.000259098,-0.4555146,-0.4555146,-1.26E-07,3.24E-07,0.9105537,2.9137716,0.301852433
0.033416777,-0.000259087,-0.000259087,-0.4555159,-0.4555159,-3.98E-07,-8.48E-07,0.9105537,2.9137716,0.301878965
0.033426777,-0.000259098,-0.000259098,-0.4555146,-0.4555146,-1.26E-07,3.24E-07,0.9105537,2.9137716,0.301905496
0.033436777,-0.000259087,-0.000259087,-0.4555159,-0.4555159,-3.98E-07,-8.48E-07,0.9105537,2.9137716,0.301932028
0.033446777,-0.000259098,-0.000259098,-0.4555146,-0.4555146,-1.26E-07,3.24E-07,0.9105537,2.9137716,0.301958559
0.033456777,-0.000259087,-0.000259087,-0.4555159,-0.4555159,-3.98E-07,-8.48E-07,0.9105537,2.9137716,0.301985091
0.033466777,-0.000259098,-0.000259098,-0.4555146,-0.4555146,-1.26E-07,3.24E-07,0.9105537,2.9137716,0.302011622
0.033476777,-0.000259087,-0.000259087,-0.4555159,-0.4555159,-3.98E-07,-8.48E-07,0.9105537,2.9137716,0.302038154
0.033486777,-0.000259098,-0.000259098,-0.4555146,-0.4555146,-1.26E-07,3.24E-07,0.9105537,2.9137716,0.302064685
0.033496777,-0.000259087,-0.000259087,-0.4555159,-0.4555159,-3.98E-07,-8.48E-07,0.9105537,2.9137716,0.302091216
0.033506777,-0.000259098,-0.000259098,-0.4555146,-0.4555146,-1.26E-07,3.24E-07,0.9105537,2.9137716,0.302117748
0.033516777,-0.000259087,-0.000259087,-0.4555159,-0.4555159,-3.98E-07,-8.48E-07,0.9105537,2.9137716,0.302144279
0.033526777,-0.000259098,-0.000259098,-0.4555146,-0.4555146,-1.26E-07,3.24E-07,0.9105537,2.9137716,0.302170811
0.033536777,-0.000259087,-0.000259087,-0.4555159,-0.4555159,-3.98E-07,-8.48E-07,0.9105537,2.9137716,0.302197342
0.033546777,-0.000259098,-0.000259098,-0.4555146,-0.4555146,-1.26E-07,3.24E-07,0.9105537,2.9137716,0.302223874
0.033556777,-0.000259087,-0.000259087,-0.4555159,-0.4555159,-3.98E-07,-8.48E-07,0.9105537,2.9137716,0.302250405
0.033566777,-0.000259098,-0.000259098,-0.4555146,-0.4555146,-1.26E-07,3.24E-07,0.9105537,2.9137716,0.302276937
0.033576777,-0.000259087,-0.000259087,-0.4555159,-0.4555159,-3.98E-07,-8.48E-07,0.9105537,2.9137716,0.302303468
0.033586777,-0.000259098,-0.000259098,-0.4555146,-0.4555146,-1.26E-07,3.24E-07,0.9105537,2.9137716,0.30233
0.033596777,-0.000259087,-0.000259087,-0.4555159,-0.4555159,-3.98E-07,-8.48E-07,0.9105537,2.9137716,0.302356531
0.033606777,-0.000259098,-0.000259098,-0.4555146,-0.4555146,-1.26E-07,3.24E-07,0.9105537,2.9137716,0.302383062
0.033616777,-0.000259087,-0.000259087,-0.4555159,-0.4555159,-3.98E-07,-8.48E-07,0.9105537,2.9137716,0.302409594
0.033626777,-0.000259098,-0.000259098,-0.4555146,-0.4555146,-1.26E-07,3.24E-07,0.9105537,2.9137716,0.302436125
0.033636777,-0.000259087,-0.000259087,-0.4555159,-0.4555159,-3.98E-07,-8.48E-07,0.9105537,2.9137716,0.302462657
0.033646777,-0.000259098,-0.000259098,-0.4555146,-0.4555146,-1.26E-07,3.24E-07,0.9105537,2.9137716,0.302489188
0.033656777,-0.000259087,-0.000259087,-0.4555159,-0.4555159,-3.98E-07,-8.48E-07,0.9105537,2.9137716,0.30251572
0.033666777,-0.000259098,-0.000259098,-0.4555146,-0.4555146,-1.26E-07,3.24E-07,0.9105537,2.9137716,0.302542251
0.033676777,-0.000259087,-0.000259087,-0.4555159,-0.4555159,-3.98E-07,-8.48E-07,0.9105537,2.9137716,0.302568783
0.033686777,-0.000259098,-0.000259098,-0.4555146,-0.4555146,-1.26E-07,3.24E-07,0.9105537,2.9137716,0.302595314
0.033696777,-0.000259087,-0.000259087,-0.4555159,-0.4555159,-3.98E-07,-8.48E-07,0.9105537,2.9137716,0.302621846
0.033706777,-0.000259098,-0.000259098,-0.4555146,-0.4555146,-1.26E-07,3.24E-07,0.9105537,2.9137716,0.302648377
0.033716777,-0.000259087,-0.000259087,-0.4555159,-0.4555159,-3.98E-07,-8.48E-07,0.9105537,2.9137716,0.302674908
0.033726777,-0.000259098,-0.000259098,-0.4555146,-0.4555146,-1.26E-07,3.24E-07,0.9105537,2.9137716,0.30270144
0.033736777,-0.000259087,-0.000259087,-0.4555159,-0.4555159,-3.98E-07,-8.48E-07,0.9105537,2.9137716,0.302727971
0.033746777,-0.000259098,-0.000259098,-0.4555146,-0.4555146,-1.26E-07,3.24E-07,0.9105537,2.9137716,0.302754503
0.033756777,-0.000259087,-0.000259087,-0.4555159,-0.4555159,-3.98E-07,-8.48E-07,0.9105537,2.9137716,0.302781034
0.033766777,-0.000259098,-0.000259098,-0.4555146,-0.4555146,-1.26E-07,3.24E-07,0.9105537,2.9137716,0.302807566
0.033776777,-0.000259087,-0.000259087,-0.4555159,-0.4555159,-3.98E-07,-8.48E-07,0.9105537,2.9137716,0.302834097
0.033786777,-0.000259098,-0.000259098,-0.4555146,-0.4555146,-1.26E-07,3.24E-07,0.9105537,2.9137716,0.302860629
0.033796777,-0.000259087,-0.000259087,-0.4555159,-0.4555159,-3.98E-07,-8.48E-07,0.9105537,2.9137716,0.30288716
0.033806777,-0.000259098,-0.000259098,-0.4555146,-0.4555146,-1.26E-07,3.24E-07,0.9105537,2.9137716,0.302913692
0.033816777,-0.000259087,-0.000259087,-0.4555159,-0.4555159,-3.98E-07,-8.48E-07,0.9105537,2.9137716,0.302940223
0.033826777,-0.000259098,-0.000259098,-0.4555146,-0.4555146,-1.26E-07,3.24E-07,0.9105537,2.9137716,0.302966755
0.033836777,-0.000259087,-0.000259087,-0.4555159,-0.4555159,-3.98E-07,-8.48E-07,0.9105537,2.9137716,0.302993286
0.033846777,-0.000259098,-0.000259098,-0.4555146,-0.4555146,-1.26E-07,3.24E-07,0.9105537,2.9137716,0.303019817
0.033856777,-0.000259087,-0.000259087,-0.4555159,-0.4555159,-3.98E-07,-8.48E-07,0.9105537,2.9137716,0.303046349
0.033866777,-0.000259098,-0.000259098,-0.4555146,-0.4555146,-1.26E-07,3.24E-07,0.9105537,2.9137716,0.30307288
0.033876777,-0.000259087,-0.000259087,-0.4555159,-0.4555159,-3.98E-07,-8.48E-07,0.9105537,2.9137716,0.303099412
0.033886777,-0.000259098,-0.000259098,-0.4555146,-0.4555146,-1.26E-07,3.24E-07,0.9105537,2.9137716,0.303125943
0.033896777,-0.000259087,-0.000259087,-0.4555159,-0.4555159,-3.98E-07,-8.48E-07,0.9105537,2.9137716,0.303152475
0.033906777,-0.000259098,-0.000259098,-0.4555146,-0.4555146,-1.26E-07,3.24E-07,0.9105537,2.9137716,0.303179006
0.033916777,-0.000259087,-0.000259087,-0.4555159,-0.4555159,-3.98E-07,-8.48E-07,0.9105537,2.9137716,0.303205538
0.033926777,-0.000259098,-0.000259098,-0.4555146,-0.4555146,-1.26E-07,3.24E-07,0.9105537,2.9137716,0.303232069
0.033936777,-0.000259087,-0.000259087,-0.4555159,-0.4555159,-3.98E-07,-8.48E-07,0.9105537,2.9137716,0.303258601
0.033946777,-0.000259098,-0.000259098,-0.4555146,-0.4555146,-1.26E-07,3.24E-07,0.9105537,2.9137716,0.303285132
0.033956777,-0.000259087,-0.000259087,-0.4555159,-0.4555159,-3.98E-07,-8.48E-07,0.9105537,2.9137716,0.303311663
0.033966777,-0.000259098,-0.000259098,-0.4555146,-0.4555146,-1.26E-07,3.24E-07,0.9105537,2.9137716,0.303338195
0.033976777,-0.000259087,-0.000259087,-0.4555159,-0.4555159,-3.98E-07,-8.48E-07,0.9105537,2.9137716,0.303364726
0.033986777,-0.000259098,-0.000259098,-0.4555146,-0.4555146,-1.26E-07,3.24E-07,0.9105537,2.9137716,0.303391258
0.033996777,-0.000259087,-0.000259087,-0.4555159,-0.4555159,-3.98E-07,-8.48E-07,0.9105537,2.9137716,0.303417789
0.034006777,-0.000259098,-0.000259098,-0.4555146,-0.4555146,-1.26E-07,3.24E-07,0.9105537,2.9137716,0.303444321
0.034016777,-0.000259087,-0.000259087,-0.4555159,-0.4555159,-3.98E-07,-8.48E-07,0.9105537,2.9137716,0.303470852
0.034026777,-0.000259098,-0.000259098,-0.4555146,-0.4555146,-1.26E-07,3.24E-07,0.9105537,2.9137716,0.303497384
0.034036777,-0.000259087,-0.000259087,-0.4555159,-0.4555159,-3.98E-07,-8.48E-07,0.9105537,2.9137716,0.303523915
0.034046777,-0.000259098,-0.000259098,-0.4555146,-0.4555146,-1.26E-07,3.24E-07,0.9105537,2.9137716,0.303550447
0.034056777,-0.000259087,-0.000259087,-0.4555159,-0.4555159,-3.98E-07,-8.48E-07,0.9105537,2.9137716,0.303576978
0.034066777,-0.000259098,-0.000259098,-0.4555146,-0.4555146,-1.26E-07,3.24E-07,0.9105537,2.9137716,0.303603509
0.034076777,-0.000259087,-0.000259087,-0.4555159,-0.4555159,-3.98E-07,-8.48E-07,0.9105537,2.9137716,0.303630041
0.034086777,-0.000259098,-0.000259098,-0.4555146,-0.4555146,-1.26E-07,3.24E-07,0.9105537,2.9137716,0.303656572
0.034096777,-0.000259087,-0.000259087,-0.4555159,-0.4555159,-3.98E-07,-8.48E-07,0.9105537,2.9137716,0.303683104
0.034106777,-0.000259098,-0.000259098,-0.4555146,-0.4555146,-1.26E-07,3.24E-07,0.9105537,2.9137716,0.303709635
0.034116777,-0.000259087,-0.000259087,-0.4555159,-0.4555159,-3.98E-07,-8.48E-07,0.9105537,2.9137716,0.303736167
0.034126777,-0.000259098,-0.000259098,-0.4555146,-0.4555146,-1.26E-07,3.24E-07,0.9105537,2.9137716,0.303762698
0.034136777,-0.000259087,-0.000259087,-0.4555159,-0.4555159,-3.98E-07,-8.48E-07,0.9105537,2.9137716,0.30378923
0.034146777,-0.000259098,-0.000259098,-0.4555146,-0.4555146,-1.26E-07,3.24E-07,0.9105537,2.9137716,0.303815761
0.034156777,-0.000259087,-0.000259087,-0.4555159,-0.4555159,-3.98E-07,-8.48E-07,0.9105537,2.9137716,0.303842293
0.034166777,-0.000259098,-0.000259098,-0.4555146,-0.4555146,-1.26E-07,3.24E-07,0.9105537,2.9137716,0.303868824
0.034176777,-0.000259087,-0.000259087,-0.4555159,-0.4555159,-3.98E-07,-8.48E-07,0.9105537,2.9137716,0.303895355
0.034186777,-0.000259098,-0.000259098,-0.4555146,-0.4555146,-1.26E-07,3.24E-07,0.9105537,2.9137716,0.303921887
0.034196777,-0.000259087,-0.000259087,-0.4555159,-0.4555159,-3.98E-07,-8.48E-07,0.9105537,2.9137716,0.303948418
0.034206777,-0.000259098,-0.000259098,-0.4555146,-0.4555146,-1.26E-07,3.24E-07,0.9105537,2.9137716,0.30397495
0.034216777,-0.000259087,-0.000259087,-0.4555159,-0.4555159,-3.98E-07,-8.48E-07,0.9105537,2.9137716,0.304001481
0.034226777,-0.000259098,-0.000259098,-0.4555146,-0.4555146,-1.26E-07,3.24E-07,0.9105537,2.9137716,0.304028013
0.034236777,-0.000259087,-0.000259087,-0.4555159,-0.4555159,-3.98E-07,-8.48E-07,0.9105537,2.9137716,0.304054544
0.034246777,-0.000259098,-0.000259098,-0.4555146,-0.4555146,-1.26E-07,3.24E-07,0.9105537,2.9137716,0.304081076
0.034256777,-0.000259087,-0.000259087,-0.4555159,-0.4555159,-3.98E-07,-8.48E-07,0.9105537,2.9137716,0.304107607
0.034266777,-0.000259098,-0.000259098,-0.4555146,-0.4555146,-1.26E-07,3.24E-07,0.9105537,2.9137716,0.304134139
0.034276777,-0.000259087,-0.000259087,-0.4555159,-0.4555159,-3.98E-07,-8.48E-07,0.9105537,2.9137716,0.30416067
0.034286777,-0.000259098,-0.000259098,-0.4555146,-0.4555146,-1.26E-07,3.24E-07,0.9105537,2.9137716,0.304187201
0.034296777,-0.000259087,-0.000259087,-0.4555159,-0.4555159,-3.98E-07,-8.48E-07,0.9105537,2.9137716,0.304213733
0.034306777,-0.000259098,-0.000259098,-0.4555146,-0.4555146,-1.26E-07,3.24E-07,0.9105537,2.9137716,0.304240264
0.034316777,-0.000259087,-0.000259087,-0.4555159,-0.4555159,-3.98E-07,-8.48E-07,0.9105537,2.9137716,0.304266796
0.034326777,-0.000259098,-0.000259098,-0.4555146,-0.4555146,-1.26E-07,3.24E-07,0.9105537,2.9137716,0.304293327
0.034336777,-0.000259087,-0.000259087,-0.4555159,-0.4555159,-3.98E-07,-8.48E-07,0.9105537,2.9137716,0.304319859
0.034346777,-0.000259098,-0.000259098,-0.4555146,-0.4555146,-1.26E-07,3.24E-07,0.9105537,2.9137716,0.30434639
0.034356777,-0.000259087,-0.000259087,-0.4555159,-0.4555159,-3.98E-07,-8.48E-07,0.9105537,2.9137716,0.304372922
0.034366777,-0.000259098,-0.000259098,-0.4555146,-0.4555146,-1.26E-07,3.24E-07,0.9105537,2.9137716,0.304399453
0.034376777,-0.000259087,-0.000259087,-0.4555159,-0.4555159,-3.98E-07,-8.48E-07,0.9105537,2.9137716,0.304425985
0.034386777,-0.000259098,-0.000259098,-0.4555146,-0.4555146,-1.26E-07,3.24E-07,0.9105537,2.9137716,0.304452516
0.034396777,-0.000259087,-0.000259087,-0.4555159,-0.4555159,-3.98E-07,-8.48E-07,0.9105537,2.9137716,0.304479047
0.034406777,-0.000259098,-0.000259098,-0.4555146,-0.4555146,-1.26E-07,3.24E-07,0.9105537,2.9137716,0.304505579
0.034416777,-0.000259087,-0.000259087,-0.4555159,-0.4555159,-3.98E-07,-8.48E-07,0.9105537,2.9137716,0.30453211
0.034426777,-0.000259098,-0.000259098,-0.4555146,-0.4555146,-1.26E-07,3.24E-07,0.9105537,2.9137716,0.304558642
0.034436777,-0.000259087,-0.000259087,-0.4555159,-0.4555159,-3.98E-07,-8.48E-07,0.9105537,2.9137716,0.304585173
0.034446777,-0.000259098,-0.000259098,-0.4555146,-0.4555146,-1.26E-07,3.24E-07,0.9105537,2.9137716,0.304611705
0.034456777,-0.000259087,-0.000259087,-0.4555159,-0.4555159,-3.98E-07,-8.48E-07,0.9105537,2.9137716,0.304638236
0.034466777,-0.000259098,-0.000259098,-0.4555146,-0.4555146,-1.26E-07,3.24E-07,0.9105537,2.9137716,0.304664768
0.034476777,-0.000259087,-0.000259087,-0.4555159,-0.4555159,-3.98E-07,-8.48E-07,0.9105537,2.9137716,0.304691299
0.034486777,-0.000259098,-0.000259098,-0.4555146,-0.4555146,-1.26E-07,3.24E-07,0.9105537,2.9137716,0.304717831
0.034496777,-0.000259087,-0.000259087,-0.4555159,-0.4555159,-3.98E-07,-8.48E-07,0.9105537,2.9137716,0.304744362
0.034506777,-0.000259098,-0.000259098,-0.4555146,-0.4555146,-1.26E-07,3.24E-07,0.9105537,2.9137716,0.304770893
0.034516777,-0.000259087,-0.000259087,-0.4555159,-0.4555159,-3.98E-07,-8.48E-07,0.9105537,2.9137716,0.304797425
0.034526777,-0.000259098,-0.000259098,-0.4555146,-0.4555146,-1.26E-07,3.24E-07,0.9105537,2.9137716,0.304823956
0.034536777,-0.000259087,-0.000259087,-0.4555159,-0.4555159,-3.98E-07,-8.48E-07,0.9105537,2.9137716,0.304850488
0.034546777,-0.000259098,-0.000259098,-0.4555146,-0.4555146,-1.26E-07,3.24E-07,0.9105537,2.9137716,0.304877019
0.034556777,-0.000259087,-0.000259087,-0.4555159,-0.4555159,-3.98E-07,-8.48E-07,0.9105537,2.9137716,0.304903551
0.034566777,-0.000259098,-0.000259098,-0.4555146,-0.4555146,-1.26E-07,3.24E-07,0.9105537,2.9137716,0.304930082
0.034576777,-0.000259087,-0.000259087,-0.4555159,-0.4555159,-3.98E-07,-8.48E-07,0.9105537,2.9137716,0.304956614
0.034586777,-0.000259098,-0.000259098,-0.4555146,-0.4555146,-1.26E-07,3.24E-07,0.9105537,2.9137716,0.304983145
0.034596777,-0.000259087,-0.000259087,-0.4555159,-0.4555159,-3.98E-07,-8.48E-07,0.9105537,2.9137716,0.305009677
0.034606777,-0.000259098,-0.000259098,-0.4555146,-0.4555146,-1.26E-07,3.24E-07,0.9105537,2.9137716,0.305036208
0.034616777,-0.000259087,-0.000259087,-0.4555159,-0.4555159,-3.98E-07,-8.48E-07,0.9105537,2.9137716,0.305062739
0.034626777,-0.000259098,-0.000259098,-0.4555146,-0.4555146,-1.26E-07,3.24E-07,0.9105537,2.9137716,0.305089271
0.034636777,-0.000259087,-0.000259087,-0.4555159,-0.4555159,-3.98E-07,-8.48E-07,0.9105537,2.9137716,0.305115802
0.034646777,-0.000259098,-0.000259098,-0.4555146,-0.4555146,-1.26E-07,3.24E-07,0.9105537,2.9137716,0.305142334
0.034656777,-0.000259087,-0.000259087,-0.4555159,-0.4555159,-3.98E-07,-8.48E-07,0.9105537,2.9137716,0.305168865
0.034666777,-0.000259098,-0.000259098,-0.4555146,-0.4555146,-1.26E-07,3.24E-07,0.9105537,2.9137716,0.305195397
0.034676777,-0.000259087,-0.000259087,-0.4555159,-0.4555159,-3.98E-07,-8.48E-07,0.9105537,2.9137716,0.305221928
0.034686777,-0.000259098,-0.000259098,-0.4555146,-0.4555146,-1.26E-07,3.24E-07,0.9105537,2.9137716,0.30524846
0.034696777,-0.000259087,-0.000259087,-0.4555159,-0.4555159,-3.98E-07,-8.48E-07,0.9105537,2.9137716,0.305274991
0.034706777,-0.000259098,-0.000259098,-0.4555146,-0.4555146,-1.26E-07,3.24E-07,0.9105537,2.9137716,0.305301523
0.034716777,-0.000259087,-0.000259087,-0.4555159,-0.4555159,-3.98E-07,-8.48E-07,0.9105537,2.9137716,0.305328054
0.034726777,-0.000259098,-0.000259098,-0.4555146,-0.4555146,-1.26E-07,3.24E-07,0.9105537,2.9137716,0.305354586
0.034736777,-0.000259087,-0.000259087,-0.4555159,-0.4555159,-3.98E-07,-8.48E-07,0.9105537,2.9137716,0.305381117
0.034746777,-0.000259098,-0.000259098,-0.4555146,-0.4555146,-1.26E-07,3.24E-07,0.9105537,2.9137716,0.305407648
0.034756777,-0.000259087,-0.000259087,-0.4555159,-0.4555159,-3.98E-07,-8.48E-07,0.9105537,2.9137716,0.30543418
0.034766777,-0.000259098,-0.000259098,-0.4555146,-0.4555146,-1.26E-07,3.24E-07,0.9105537,2.9137716,0.305460711
0.034776777,-0.000259087,-0.000259087,-0.4555159,-0.4555159,-3.98E-07,-8.48E-07,0.9105537,2.9137716,0.305487243
0.034786777,-0.000259098,-0.000259098,-0.4555146,-0.4555146,-1.26E-07,3.24E-07,0.9105537,2.9137716,0.305513774
0.034796777,-0.000259087,-0.000259087,-0.4555159,-0.4555159,-3.98E-07,-8.48E-07,0.9105537,2.9137716,0.305540306
0.034806777,-0.000259098,-0.000259098,-0.4555146,-0.4555146,-1.26E-07,3.24E-07,0.9105537,2.9137716,0.305566837
0.034816777,-0.000259087,-0.000259087,-0.4555159,-0.4555159,-3.98E-07,-8.48E-07,0.9105537,2.9137716,0.305593369
0.034826777,-0.000259098,-0.000259098,-0.4555146,-0.4555146,-1.26E-07,3.24E-07,0.9105537,2.9137716,0.3056199
0.034836777,-0.000259087,-0.000259087,-0.4555159,-0.4555159,-3.98E-07,-8.48E-07,0.9105537,2.9137716,0.305646432
0.034846777,-0.000259098,-0.000259098,-0.4555146,-0.4555146,-1.26E-07,3.24E-07,0.9105537,2.9137716,0.305672963
0.034856777,-0.000259087,-0.000259087,-0.4555159,-0.4555159,-3.98E-07,-8.48E-07,0.9105537,2.9137716,0.305699494
0.034866777,-0.000259098,-0.000259098,-0.4555146,-0.4555146,-1.26E-07,3.24E-07,0.9105537,2.9137716,0.305726026
0.034876777,-0.000259087,-0.000259087,-0.4555159,-0.4555159,-3.98E-07,-8.48E-07,0.9105537,2.9137716,0.305752557
0.034886777,-0.000259098,-0.000259098,-0.4555146,-0.4555146,-1.26E-07,3.24E-07,0.9105537,2.9137716,0.305779089
0.034896777,-0.000259087,-0.000259087,-0.4555159,-0.4555159,-3.98E-07,-8.48E-07,0.9105537,2.9137716,0.30580562
0.034906777,-0.000259098,-0.000259098,-0.4555146,-0.4555146,-1.26E-07,3.24E-07,0.9105537,2.9137716,0.305832152
0.034916777,-0.000259087,-0.000259087,-0.4555159,-0.4555159,-3.98E-07,-8.48E-07,0.9105537,2.9137716,0.305858683
0.034926777,-0.000259098,-0.000259098,-0.4555146,-0.4555146,-1.26E-07,3.24E-07,0.9105537,2.9137716,0.305885215
0.034936777,-0.000259087,-0.000259087,-0.4555159,-0.4555159,-3.98E-07,-8.48E-07,0.9105537,2.9137716,0.305911746
0.034946777,-0.000259098,-0.000259098,-0.4555146,-0.4555146,-1.26E-07,3.24E-07,0.9105537,2.9137716,0.305938278
0.034956777,-0.000259087,-0.000259087,-0.4555159,-0.4555159,-3.98E-07,-8.48E-07,0.9105537,2.9137716,0.305964809
0.034966777,-0.000259098,-0.000259098,-0.4555146,-0.4555146,-1.26E-07,3.24E-07,0.9105537,2.9137716,0.30599134
0.034976777,-0.000259087,-0.000259087,-0.4555159,-0.4555159,-3.98E-07,-8.48E-07,0.9105537,2.9137716,0.306017872
0.034986777,-0.000259098,-0.000259098,-0.4555146,-0.4555146,-1.26E-07,3.24E-07,0.9105537,2.9137716,0.306044403
0.034996777,-0.000259087,-0.000259087,-0.4555159,-0.4555159,-3.98E-07,-8.48E-07,0.9105537,2.9137716,0.306070935
0.035006777,-0.000259098,-0.000259098,-0.4555146,-0.4555146,-1.26E-07,3.24E-07,0.9105537,2.9137716,0.306097466
0.035016777,-0.000259087,-0.000259087,-0.4555159,-0.4555159,-3.98E-07,-8.48E-07,0.9105537,2.9137716,0.306123998
0.035026777,-0.000259098,-0.000259098,-0.4555146,-0.4555146,-1.26E-07,3.24E-07,0.9105537,2.9137716,0.306150529
0.035036777,-0.000259087,-0.000259087,-0.4555159,-0.4555159,-3.98E-07,-8.48E-07,0.9105537,2.9137716,0.306177061
0.035046777,-0.000259098,-0.000259098,-0.4555146,-0.4555146,-1.26E-07,3.24E-07,0.9105537,2.9137716,0.306203592
0.035056777,-0.000259087,-0.000259087,-0.4555159,-0.4555159,-3.98E-07,-8.48E-07,0.9105537,2.9137716,0.306230124
0.035066777,-0.000259098,-0.000259098,-0.4555146,-0.4555146,-1.26E-07,3.24E-07,0.9105537,2.9137716,0.306256655
0.035076777,-0.000259087,-0.000259087,-0.4555159,-0.4555159,-3.98E-07,-8.48E-07,0.9105537,2.9137716,0.306283186
0.035086777,-0.000259098,-0.000259098,-0.4555146,-0.4555146,-1.26E-07,3.24E-07,0.9105537,2.9137716,0.306309718
0.035096777,-0.000259087,-0.000259087,-0.4555159,-0.4555159,-3.98E-07,-8.48E-07,0.9105537,2.9137716,0.306336249
0.035106777,-0.000259098,-0.000259098,-0.4555146,-0.4555146,-1.26E-07,3.24E-07,0.9105537,2.9137716,0.306362781
0.035116777,-0.000259087,-0.000259087,-0.4555159,-0.4555159,-3.98E-07,-8.48E-07,0.9105537,2.9137716,0.306389312
0.035126777,-0.000259098,-0.000259098,-0.4555146,-0.4555146,-1.26E-07,3.24E-07,0.9105537,2.9137716,0.306415844
0.035136777,-0.000259087,-0.000259087,-0.4555159,-0.4555159,-3.98E-07,-8.48E-07,0.9105537,2.9137716,0.306442375
0.035146777,-0.000259098,-0.000259098,-0.4555146,-0.4555146,-1.26E-07,3.24E-07,0.9105537,2.9137716,0.306468907
0.035156777,-0.000259087,-0.000259087,-0.4555159,-0.4555159,-3.98E-07,-8.48E-07,0.9105537,2.9137716,0.306495438
0.035166777,-0.000259098,-0.000259098,-0.4555146,-0.4555146,-1.26E-07,3.24E-07,0.9105537,2.9137716,0.30652197
0.035176777,-0.000259087,-0.000259087,-0.4555159,-0.4555159,-3.98E-07,-8.48E-07,0.9105537,2.9137716,0.306548501
0.035186777,-0.000259098,-0.000259098,-0.4555146,-0.4555146,-1.26E-07,3.24E-07,0.9105537,2.9137716,0.306575032
0.035196777,-0.000259087,-0.000259087,-0.4555159,-0.4555159,-3.98E-07,-8.48E-07,0.9105537,2.9137716,0.306601564
0.035206777,-0.000259098,-0.000259098,-0.4555146,-0.4555146,-1.26E-07,3.24E-07,0.9105537,2.9137716,0.306628095
0.035216777,-0.000259087,-0.000259087,-0.4555159,-0.4555159,-3.98E-07,-8.48E-07,0.9105537,2.9137716,0.306654627
0.035226777,-0.000259098,-0.000259098,-0.4555146,-0.4555146,-1.26E-07,3.24E-07,0.9105537,2.9137716,0.306681158
0.035236777,-0.000259087,-0.000259087,-0.4555159,-0.4555159,-3.98E-07,-8.48E-07,0.9105537,2.9137716,0.30670769
0.035246777,-0.000259098,-0.000259098,-0.4555146,-0.4555146,-1.26E-07,3.24E-07,0.9105537,2.9137716,0.306734221
0.035256777,-0.000259087,-0.000259087,-0.4555159,-0.4555159,-3.98E-07,-8.48E-07,0.9105537,2.9137716,0.306760753
0.035266777,-0.000259098,-0.000259098,-0.4555146,-0.4555146,-1.26E-07,3.24E-07,0.9105537,2.9137716,0.306787284
0.035276777,-0.000259087,-0.000259087,-0.4555159,-0.4555159,-3.98E-07,-8.48E-07,0.9105537,2.9137716,0.306813816
0.035286777,-0.000259098,-0.000259098,-0.4555146,-0.4555146,-1.26E-07,3.24E-07,0.9105537,2.9137716,0.306840347
0.035296777,-0.000259087,-0.000259087,-0.4555159,-0.4555159,-3.98E-07,-8.48E-07,0.9105537,2.9137716,0.306866878
0.035306777,-0.000259098,-0.000259098,-0.4555146,-0.4555146,-1.26E-07,3.24E-07,0.9105537,2.9137716,0.30689341
0.035316777,-0.000259087,-0.000259087,-0.4555159,-0.4555159,-3.98E-07,-8.48E-07,0.9105537,2.9137716,0.306919941
0.035326777,-0.000259098,-0.000259098,-0.4555146,-0.4555146,-1.26E-07,3.24E-07,0.9105537,2.9137716,0.306946473
0.035336777,-0.000259087,-0.000259087,-0.4555159,-0.4555159,-3.98E-07,-8.48E-07,0.9105537,2.9137716,0.306973004
0.035346777,-0.000259098,-0.000259098,-0.4555146,-0.4555146,-1.26E-07,3.24E-07,0.9105537,2.9137716,0.306999536
0.035356777,-0.000259087,-0.000259087,-0.4555159,-0.4555159,-3.98E-07,-8.48E-07,0.9105537,2.9137716,0.307026067
0.035366777,-0.000259098,-0.000259098,-0.4555146,-0.4555146,-1.26E-07,3.24E-07,0.9105537,2.9137716,0.307052599
0.035376777,-0.000259087,-0.000259087,-0.4555159,-0.4555159,-3.98E-07,-8.48E-07,0.9105537,2.9137716,0.30707913
0.035386777,-0.000259098,-0.000259098,-0.4555146,-0.4555146,-1.26E-07,3.24E-07,0.9105537,2.9137716,0.307105662
0.035396777,-0.000259087,-0.000259087,-0.4555159,-0.4555159,-3.98E-07,-8.48E-07,0.9105537,2.9137716,0.307132193
0.035406777,-0.000259098,-0.000259098,-0.4555146,-0.4555146,-1.26E-07,3.24E-07,0.9105537,2.9137716,0.307158724
0.035416777,-0.000259087,-0.000259087,-0.4555159,-0.4555159,-3.98E-07,-8.48E-07,0.9105537,2.9137716,0.307185256
0.035426777,-0.000259098,-0.000259098,-0.4555146,-0.4555146,-1.26E-07,3.24E-07,0.9105537,2.9137716,0.307211787
0.035436777,-0.000259087,-0.000259087,-0.4555159,-0.4555159,-3.98E-07,-8.48E-07,0.9105537,2.9137716,0.307238319
0.035446777,-0.000259098,-0.000259098,-0.4555146,-0.4555146,-1.26E-07,3.24E-07,0.9105537,2.9137716,0.30726485
0.035456777,-0.000259087,-0.000259087,-0.4555159,-0.4555159,-3.98E-07,-8.48E-07,0.9105537,2.9137716,0.307291382
0.035466777,-0.000259098,-0.000259098,-0.4555146,-0.4555146,-1.26E-07,3.24E-07,0.9105537,2.9137716,0.307317913
0.035476777,-0.000259087,-0.000259087,-0.4555159,-0.4555159,-3.98E-07,-8.48E-07,0.9105537,2.9137716,0.307344445
0.035486777,-0.000259098,-0.000259098,-0.4555146,-0.4555146,-1.26E-07,3.24E-07,0.9105537,2.9137716,0.307370976
0.035496777,-0.000259087,-0.000259087,-0.4555159,-0.4555159,-3.98E-07,-8.48E-07,0.9105537,2.9137716,0.307397508
0.035506777,-0.000259098,-0.000259098,-0.4555146,-0.4555146,-1.26E-07,3.24E-07,0.9105537,2.9137716,0.307424039
0.035516777,-0.000259087,-0.000259087,-0.4555159,-0.4555159,-3.98E-07,-8.48E-07,0.9105537,2.9137716,0.30745057
0.035526777,-0.000259098,-0.000259098,-0.4555146,-0.4555146,-1.26E-07,3.24E-07,0.9105537,2.9137716,0.307477102
0.035536777,-0.000259087,-0.000259087,-0.4555159,-0.4555159,-3.98E-07,-8.48E-07,0.9105537,2.9137716,0.307503633
0.035546777,-0.000259098,-0.000259098,-0.4555146,-0.4555146,-1.26E-07,3.24E-07,0.9105537,2.9137716,0.307530165
0.035556777,-0.000259087,-0.000259087,-0.4555159,-0.4555159,-3.98E-07,-8.48E-07,0.9105537,2.9137716,0.307556696
0.035566777,-0.000259098,-0.000259098,-0.4555146,-0.4555146,-1.26E-07,3.24E-07,0.9105537,2.9137716,0.307583228
0.035576777,-0.000259087,-0.000259087,-0.4555159,-0.4555159,-3.98E-07,-8.48E-07,0.9105537,2.9137716,0.307609759
0.035586777,-0.000259098,-0.000259098,-0.4555146,-0.4555146,-1.26E-07,3.24E-07,0.9105537,2.9137716,0.307636291
0.035596777,-0.000259087,-0.000259087,-0.4555159,-0.4555159,-3.98E-07,-8.48E-07,0.9105537,2.9137716,0.307662822
0.035606777,-0.000259098,-0.000259098,-0.4555146,-0.4555146,-1.26E-07,3.24E-07,0.9105537,2.9137716,0.307689354
0.035616777,-0.000259087,-0.000259087,-0.4555159,-0.4555159,-3.98E-07,-8.48E-07,0.9105537,2.9137716,0.307715885
0.035626777,-0.000259098,-0.000259098,-0.4555146,-0.4555146,-1.26E-07,3.24E-07,0.9105537,2.9137716,0.307742416
0.035636777,-0.000259087,-0.000259087,-0.4555159,-0.4555159,-3.98E-07,-8.48E-07,0.9105537,2.9137716,0.307768948
0.035646777,-0.000259098,-0.000259098,-0.4555146,-0.4555146,-1.26E-07,3.24E-07,0.9105537,2.9137716,0.307795479
0.035656777,-0.000259087,-0.000259087,-0.4555159,-0.4555159,-3.98E-07,-8.48E-07,0.9105537,2.9137716,0.307822011
0.035666777,-0.000259098,-0.000259098,-0.4555146,-0.4555146,-1.26E-07,3.24E-07,0.9105537,2.9137716,0.307848542
0.035676777,-0.000259087,-0.000259087,-0.4555159,-0.4555159,-3.98E-07,-8.48E-07,0.9105537,2.9137716,0.307875074
0.035686777,-0.000259098,-0.000259098,-0.4555146,-0.4555146,-1.26E-07,3.24E-07,0.9105537,2.9137716,0.307901605
0.035696777,-0.000259087,-0.000259087,-0.4555159,-0.4555159,-3.98E-07,-8.48E-07,0.9105537,2.9137716,0.307928137
0.035706777,-0.000259098,-0.000259098,-0.4555146,-0.4555146,-1.26E-07,3.24E-07,0.9105537,2.9137716,0.307954668
0.035716777,-0.000259087,-0.000259087,-0.4555159,-0.4555159,-3.98E-07,-8.48E-07,0.9105537,2.9137716,0.3079812
0.035726777,-0.000259098,-0.000259098,-0.4555146,-0.4555146,-1.26E-07,3.24E-07,0.9105537,2.9137716,0.308007731
0.035736777,-0.000259087,-0.000259087,-0.4555159,-0.4555159,-3.98E-07,-8.48E-07,0.9105537,2.9137716,0.308034263
0.035746777,-0.000259098,-0.000259098,-0.4555146,-0.4555146,-1.26E-07,3.24E-07,0.9105537,2.9137716,0.308060794
0.035756777,-0.000259087,-0.000259087,-0.4555159,-0.4555159,-3.98E-07,-8.48E-07,0.9105537,2.9137716,0.308087325
0.035766777,-0.000259098,-0.000259098,-0.4555146,-0.4555146,-1.26E-07,3.24E-07,0.9105537,2.9137716,0.308113857
0.035776777,-0.000259087,-0.000259087,-0.4555159,-0.4555159,-3.98E-07,-8.48E-07,0.9105537,2.9137716,0.308140388
0.035786777,-0.000259098,-0.000259098,-0.4555146,-0.4555146,-1.26E-07,3.24E-07,0.9105537,2.9137716,0.30816692
0.035796777,-0.000259087,-0.000259087,-0.4555159,-0.4555159,-3.98E-07,-8.48E-07,0.9105537,2.9137716,0.308193451
0.035806777,-0.000259098,-0.000259098,-0.4555146,-0.4555146,-1.26E-07,3.24E-07,0.9105537,2.9137716,0.308219983
0.035816777,-0.000259087,-0.000259087,-0.4555159,-0.4555159,-3.98E-07,-8.48E-07,0.9105537,2.9137716,0.308246514
0.035826777,-0.000259098,-0.000259098,-0.4555146,-0.4555146,-1.26E-07,3.24E-07,0.9105537,2.9137716,0.308273046
0.035836777,-0.000259087,-0.000259087,-0.4555159,-0.4555159,-3.98E-07,-8.48E-07,0.9105537,2.9137716,0.308299577
0.035846777,-0.000259098,-0.000259098,-0.4555146,-0.4555146,-1.26E-07,3.24E-07,0.9105537,2.9137716,0.308326109
0.035856777,-0.000259087,-0.000259087,-0.4555159,-0.4555159,-3.98E-07,-8.48E-07,0.9105537,2.9137716,0.30835264
0.035866777,-0.000259098,-0.000259098,-0.4555146,-0.4555146,-1.26E-07,3.24E-07,0.9105537,2.9137716,0.308379171
0.035876777,-0.000259087,-0.000259087,-0.4555159,-0.4555159,-3.98E-07,-8.48E-07,0.9105537,2.9137716,0.308405703
0.035886777,-0.000259098,-0.000259098,-0.4555146,-0.4555146,-1.26E-07,3.24E-07,0.9105537,2.9137716,0.308432234
0.035896777,-0.000259087,-0.000259087,-0.4555159,-0.4555159,-3.98E-07,-8.48E-07,0.9105537,2.9137716,0.308458766
0.035906777,-0.000259098,-0.000259098,-0.4555146,-0.4555146,-1.26E-07,3.24E-07,0.9105537,2.9137716,0.308485297
0.035916777,-0.000259087,-0.000259087,-0.4555159,-0.4555159,-3.98E-07,-8.48E-07,0.9105537,2.9137716,0.308511829
0.035926777,-0.000259098,-0.000259098,-0.4555146,-0.4555146,-1.26E-07,3.24E-07,0.9105537,2.9137716,0.30853836
0.035936777,-0.000259087,-0.000259087,-0.4555159,-0.4555159,-3.98E-07,-8.48E-07,0.9105537,2.9137716,0.308564892
0.035946777,-0.000259098,-0.000259098,-0.4555146,-0.4555146,-1.26E-07,3.24E-07,0.9105537,2.9137716,0.308591423
0.035956777,-0.000259087,-0.000259087,-0.4555159,-0.4555159,-3.98E-07,-8.48E-07,0.9105537,2.9137716,0.308617955
0.035966777,-0.000259098,-0.000259098,-0.4555146,-0.4555146,-1.26E-07,3.24E-07,0.9105537,2.9137716,0.308644486
0.035976777,-0.000259087,-0.000259087,-0.4555159,-0.4555159,-3.98E-07,-8.48E-07,0.9105537,2.9137716,0.308671017
0.035986777,-0.000259098,-0.000259098,-0.4555146,-0.4555146,-1.26E-07,3.24E-07,0.9105537,2.9137716,0.308697549
0.035996777,-0.000259087,-0.000259087,-0.4555159,-0.4555159,-3.98E-07,-8.48E-07,0.9105537,2.9137716,0.30872408
0.036006777,-0.000259098,-0.000259098,-0.4555146,-0.4555146,-1.26E-07,3.24E-07,0.9105537,2.9137716,0.308750612
0.036016777,-0.000259087,-0.000259087,-0.4555159,-0.4555159,-3.98E-07,-8.48E-07,0.9105537,2.9137716,0.308777143
0.036026777,-0.000259098,-0.000259098,-0.4555146,-0.4555146,-1.26E-07,3.24E-07,0.9105537,2.9137716,0.308803675
0.036036777,-0.000259087,-0.000259087,-0.4555159,-0.4555159,-3.98E-07,-8.48E-07,0.9105537,2.9137716,0.308830206
0.036046777,-0.000259098,-0.000259098,-0.4555146,-0.4555146,-1.26E-07,3.24E-07,0.9105537,2.9137716,0.308856738
0.036056777,-0.000259087,-0.000259087,-0.4555159,-0.4555159,-3.98E-07,-8.48E-07,0.9105537,2.9137716,0.308883269
0.036066777,-0.000259098,-0.000259098,-0.4555146,-0.4555146,-1.26E-07,3.24E-07,0.9105537,2.9137716,0.308909801
0.036076777,-0.000259087,-0.000259087,-0.4555159,-0.4555159,-3.98E-07,-8.48E-07,0.9105537,2.9137716,0.308936332
0.036086777,-0.000259098,-0.000259098,-0.4555146,-0.4555146,-1.26E-07,3.24E-07,0.9105537,2.9137716,0.308962863
0.036096777,-0.000259087,-0.000259087,-0.4555159,-0.4555159,-3.98E-07,-8.48E-07,0.9105537,2.9137716,0.308989395
0.036106777,-0.000259098,-0.000259098,-0.4555146,-0.4555146,-1.26E-07,3.24E-07,0.9105537,2.9137716,0.309015926
0.036116777,-0.000259087,-0.000259087,-0.4555159,-0.4555159,-3.98E-07,-8.48E-07,0.9105537,2.9137716,0.309042458
0.036126777,-0.000259098,-0.000259098,-0.4555146,-0.4555146,-1.26E-07,3.24E-07,0.9105537,2.9137716,0.309068989
0.036136777,-0.000259087,-0.000259087,-0.4555159,-0.4555159,-3.98E-07,-8.48E-07,0.9105537,2.9137716,0.309095521
0.036146777,-0.000259098,-0.000259098,-0.4555146,-0.4555146,-1.26E-07,3.24E-07,0.9105537,2.9137716,0.309122052
0.036156777,-0.000259087,-0.000259087,-0.4555159,-0.4555159,-3.98E-07,-8.48E-07,0.9105537,2.9137716,0.309148584
0.036166777,-0.000259098,-0.000259098,-0.4555146,-0.4555146,-1.26E-07,3.24E-07,0.9105537,2.9137716,0.309175115
0.036176777,-0.000259087,-0.000259087,-0.4555159,-0.4555159,-3.98E-07,-8.48E-07,0.9105537,2.9137716,0.309201647
0.036186777,-0.000259098,-0.000259098,-0.4555146,-0.4555146,-1.26E-07,3.24E-07,0.9105537,2.9137716,0.309228178
0.036196777,-0.000259087,-0.000259087,-0.4555159,-0.4555159,-3.98E-07,-8.48E-07,0.9105537,2.9137716,0.309254709
0.036206777,-0.000259098,-0.000259098,-0.4555146,-0.4555146,-1.26E-07,3.24E-07,0.9105537,2.9137716,0.309281241
0.036216777,-0.000259087,-0.000259087,-0.4555159,-0.4555159,-3.98E-07,-8.48E-07,0.9105537,2.9137716,0.309307772
0.036226777,-0.000259098,-0.000259098,-0.4555146,-0.4555146,-1.26E-07,3.24E-07,0.9105537,2.9137716,0.309334304
0.036236777,-0.000259087,-0.000259087,-0.4555159,-0.4555159,-3.98E-07,-8.48E-07,0.9105537,2.9137716,0.309360835
0.036246777,-0.000259098,-0.000259098,-0.4555146,-0.4555146,-1.26E-07,3.24E-07,0.9105537,2.9137716,0.309387367
0.036256777,-0.000259087,-0.000259087,-0.4555159,-0.4555159,-3.98E-07,-8.48E-07,0.9105537,2.9137716,0.309413898
0.036266777,-0.000259098,-0.000259098,-0.4555146,-0.4555146,-1.26E-07,3.24E-07,0.9105537,2.9137716,0.30944043
0.036276777,-0.000259087,-0.000259087,-0.4555159,-0.4555159,-3.98E-07,-8.48E-07,0.9105537,2.9137716,0.309466961
0.036286777,-0.000259098,-0.000259098,-0.4555146,-0.4555146,-1.26E-07,3.24E-07,0.9105537,2.9137716,0.309493493
0.036296777,-0.000259087,-0.000259087,-0.4555159,-0.4555159,-3.98E-07,-8.48E-07,0.9105537,2.9137716,0.309520024
0.036306777,-0.000259098,-0.000259098,-0.4555146,-0.4555146,-1.26E-07,3.24E-07,0.9105537,2.9137716,0.309546555
0.036316777,-0.000259087,-0.000259087,-0.4555159,-0.4555159,-3.98E-07,-8.48E-07,0.9105537,2.9137716,0.309573087
0.036326777,-0.000259098,-0.000259098,-0.4555146,-0.4555146,-1.26E-07,3.24E-07,0.9105537,2.9137716,0.309599618
0.036336777,-0.000259087,-0.000259087,-0.4555159,-0.4555159,-3.98E-07,-8.48E-07,0.9105537,2.9137716,0.30962615
0.036346777,-0.000259098,-0.000259098,-0.4555146,-0.4555146,-1.26E-07,3.24E-07,0.9105537,2.9137716,0.309652681
0.036356777,-0.000259087,-0.000259087,-0.4555159,-0.4555159,-3.98E-07,-8.48E-07,0.9105537,2.9137716,0.309679213
0.036366777,-0.000259098,-0.000259098,-0.4555146,-0.4555146,-1.26E-07,3.24E-07,0.9105537,2.9137716,0.309705744
0.036376777,-0.000259087,-0.000259087,-0.4555159,-0.4555159,-3.98E-07,-8.48E-07,0.9105537,2.9137716,0.309732276
0.036386777,-0.000259098,-0.000259098,-0.4555146,-0.4555146,-1.26E-07,3.24E-07,0.9105537,2.9137716,0.309758807
0.036396777,-0.000259087,-0.000259087,-0.4555159,-0.4555159,-3.98E-07,-8.48E-07,0.9105537,2.9137716,0.309785339
0.036406777,-0.000259098,-0.000259098,-0.4555146,-0.4555146,-1.26E-07,3.24E-07,0.9105537,2.9137716,0.30981187
0.036416777,-0.000259087,-0.000259087,-0.4555159,-0.4555159,-3.98E-07,-8.48E-07,0.9105537,2.9137716,0.309838401
0.036426777,-0.000259098,-0.000259098,-0.4555146,-0.4555146,-1.26E-07,3.24E-07,0.9105537,2.9137716,0.309864933
0.036436777,-0.000259087,-0.000259087,-0.4555159,-0.4555159,-3.98E-07,-8.48E-07,0.9105537,2.9137716,0.309891464
0.036446777,-0.000259098,-0.000259098,-0.4555146,-0.4555146,-1.26E-07,3.24E-07,0.9105537,2.9137716,0.309917996
0.036456777,-0.000259087,-0.000259087,-0.4555159,-0.4555159,-3.98E-07,-8.48E-07,0.9105537,2.9137716,0.309944527
0.036466777,-0.000259098,-0.000259098,-0.4555146,-0.4555146,-1.26E-07,3.24E-07,0.9105537,2.9137716,0.309971059
0.036476777,-0.000259087,-0.000259087,-0.4555159,-0.4555159,-3.98E-07,-8.48E-07,0.9105537,2.9137716,0.30999759
0.036486777,-0.000259098,-0.000259098,-0.4555146,-0.4555146,-1.26E-07,3.24E-07,0.9105537,2.9137716,0.310024122
0.036496777,-0.000259087,-0.000259087,-0.4555159,-0.4555159,-3.98E-07,-8.48E-07,0.9105537,2.9137716,0.310050653
0.036506777,-0.000259098,-0.000259098,-0.4555146,-0.4555146,-1.26E-07,3.24E-07,0.9105537,2.9137716,0.310077185
0.036516777,-0.000259087,-0.000259087,-0.4555159,-0.4555159,-3.98E-07,-8.48E-07,0.9105537,2.9137716,0.310103716
0.036526777,-0.000259098,-0.000259098,-0.4555146,-0.4555146,-1.26E-07,3.24E-07,0.9105537,2.9137716,0.310130247
0.036536777,-0.000259087,-0.000259087,-0.4555159,-0.4555159,-3.98E-07,-8.48E-07,0.9105537,2.9137716,0.310156779
0.036546777,-0.000259098,-0.000259098,-0.4555146,-0.4555146,-1.26E-07,3.24E-07,0.9105537,2.9137716,0.31018331
0.036556777,-0.000259087,-0.000259087,-0.4555159,-0.4555159,-3.98E-07,-8.48E-07,0.9105537,2.9137716,0.310209842
0.036566777,-0.000259098,-0.000259098,-0.4555146,-0.4555146,-1.26E-07,3.24E-07,0.9105537,2.9137716,0.310236373
0.036576777,-0.000259087,-0.000259087,-0.4555159,-0.4555159,-3.98E-07,-8.48E-07,0.9105537,2.9137716,0.310262905
0.036586777,-0.000259098,-0.000259098,-0.4555146,-0.4555146,-1.26E-07,3.24E-07,0.9105537,2.9137716,0.310289436
0.036596777,-0.000259087,-0.000259087,-0.4555159,-0.4555159,-3.98E-07,-8.48E-07,0.9105537,2.9137716,0.310315968
0.036606777,-0.000259098,-0.000259098,-0.4555146,-0.4555146,-1.26E-07,3.24E-07,0.9105537,2.9137716,0.310342499
0.036616777,-0.000259087,-0.000259087,-0.4555159,-0.4555159,-3.98E-07,-8.48E-07,0.9105537,2.9137716,0.310369031
0.036626777,-0.000259098,-0.000259098,-0.4555146,-0.4555146,-1.26E-07,3.24E-07,0.9105537,2.9137716,0.310395562
0.036636777,-0.000259087,-0.000259087,-0.4555159,-0.4555159,-3.98E-07,-8.48E-07,0.9105537,2.9137716,0.310422094
0.036646777,-0.000259098,-0.000259098,-0.4555146,-0.4555146,-1.26E-07,3.24E-07,0.9105537,2.9137716,0.310448625
0.036656777,-0.000259087,-0.000259087,-0.4555159,-0.4555159,-3.98E-07,-8.48E-07,0.9105537,2.9137716,0.310475156
0.036666777,-0.000259098,-0.000259098,-0.4555146,-0.4555146,-1.26E-07,3.24E-07,0.9105537,2.9137716,0.310501688
0.036676777,-0.000259087,-0.000259087,-0.4555159,-0.4555159,-3.98E-07,-8.48E-07,0.9105537,2.9137716,0.310528219
0.036686777,-0.000259098,-0.000259098,-0.4555146,-0.4555146,-1.26E-07,3.24E-07,0.9105537,2.9137716,0.310554751
0.036696777,-0.000259087,-0.000259087,-0.4555159,-0.4555159,-3.98E-07,-8.48E-07,0.9105537,2.9137716,0.310581282
0.036706777,-0.000259098,-0.000259098,-0.4555146,-0.4555146,-1.26E-07,3.24E-07,0.9105537,2.9137716,0.310607814
0.036716777,-0.000259087,-0.000259087,-0.4555159,-0.4555159,-3.98E-07,-8.48E-07,0.9105537,2.9137716,0.310634345
0.036726777,-0.000259098,-0.000259098,-0.4555146,-0.4555146,-1.26E-07,3.24E-07,0.9105537,2.9137716,0.310660877
0.036736777,-0.000259087,-0.000259087,-0.4555159,-0.4555159,-3.98E-07,-8.48E-07,0.9105537,2.9137716,0.310687408
0.036746777,-0.000259098,-0.000259098,-0.4555146,-0.4555146,-1.26E-07,3.24E-07,0.9105537,2.9137716,0.31071394
0.036756777,-0.000259087,-0.000259087,-0.4555159,-0.4555159,-3.98E-07,-8.48E-07,0.9105537,2.9137716,0.310740471
0.036766777,-0.000259098,-0.000259098,-0.4555146,-0.4555146,-1.26E-07,3.24E-07,0.9105537,2.9137716,0.310767002
0.036776777,-0.000259087,-0.000259087,-0.4555159,-0.4555159,-3.98E-07,-8.48E-07,0.9105537,2.9137716,0.310793534
0.036786777,-0.000259098,-0.000259098,-0.4555146,-0.4555146,-1.26E-07,3.24E-07,0.9105537,2.9137716,0.310820065
0.036796777,-0.000259087,-0.000259087,-0.4555159,-0.4555159,-3.98E-07,-8.48E-07,0.9105537,2.9137716,0.310846597
0.036806777,-0.000259098,-0.000259098,-0.4555146,-0.4555146,-1.26E-07,3.24E-07,0.9105537,2.9137716,0.310873128
0.036816777,-0.000259087,-0.000259087,-0.4555159,-0.4555159,-3.98E-07,-8.48E-07,0.9105537,2.9137716,0.31089966
0.036826777,-0.000259098,-0.000259098,-0.4555146,-0.4555146,-1.26E-07,3.24E-07,0.9105537,2.9137716,0.310926191
0.036836777,-0.000259087,-0.000259087,-0.4555159,-0.4555159,-3.98E-07,-8.48E-07,0.9105537,2.9137716,0.310952723
0.036846777,-0.000259098,-0.000259098,-0.4555146,-0.4555146,-1.26E-07,3.24E-07,0.9105537,2.9137716,0.310979254
0.036856777,-0.000259087,-0.000259087,-0.4555159,-0.4555159,-3.98E-07,-8.48E-07,0.9105537,2.9137716,0.311005786
0.036866777,-0.000259098,-0.000259098,-0.4555146,-0.4555146,-1.26E-07,3.24E-07,0.9105537,2.9137716,0.311032317
0.036876777,-0.000259087,-0.000259087,-0.4555159,-0.4555159,-3.98E-07,-8.48E-07,0.9105537,2.9137716,0.311058848
0.036886777,-0.000259098,-0.000259098,-0.4555146,-0.4555146,-1.26E-07,3.24E-07,0.9105537,2.9137716,0.31108538
0.036896777,-0.000259087,-0.000259087,-0.4555159,-0.4555159,-3.98E-07,-8.48E-07,0.9105537,2.9137716,0.311111911
0.036906777,-0.000259098,-0.000259098,-0.4555146,-0.4555146,-1.26E-07,3.24E-07,0.9105537,2.9137716,0.311138443
0.036916777,-0.000259087,-0.000259087,-0.4555159,-0.4555159,-3.98E-07,-8.48E-07,0.9105537,2.9137716,0.311164974
0.036926777,-0.000259098,-0.000259098,-0.4555146,-0.4555146,-1.26E-07,3.24E-07,0.9105537,2.9137716,0.311191506
0.036936777,-0.000259087,-0.000259087,-0.4555159,-0.4555159,-3.98E-07,-8.48E-07,0.9105537,2.9137716,0.311218037
0.036946777,-0.000259098,-0.000259098,-0.4555146,-0.4555146,-1.26E-07,3.24E-07,0.9105537,2.9137716,0.311244569
0.036956777,-0.000259087,-0.000259087,-0.4555159,-0.4555159,-3.98E-07,-8.48E-07,0.9105537,2.9137716,0.3112711
0.036966777,-0.000259098,-0.000259098,-0.4555146,-0.4555146,-1.26E-07,3.24E-07,0.9105537,2.9137716,0.311297632
0.036976777,-0.000259087,-0.000259087,-0.4555159,-0.4555159,-3.98E-07,-8.48E-07,0.9105537,2.9137716,0.311324163
0.036986777,-0.000259098,-0.000259098,-0.4555146,-0.4555146,-1.26E-07,3.24E-07,0.9105537,2.9137716,0.311350694
0.036996777,-0.000259087,-0.000259087,-0.4555159,-0.4555159,-3.98E-07,-8.48E-07,0.9105537,2.9137716,0.311377226
0.037006777,-0.000259098,-0.000259098,-0.4555146,-0.4555146,-1.26E-07,3.24E-07,0.9105537,2.9137716,0.311403757
0.037016777,-0.000259087,-0.000259087,-0.4555159,-0.4555159,-3.98E-07,-8.48E-07,0.9105537,2.9137716,0.311430289
0.037026777,-0.000259098,-0.000259098,-0.4555146,-0.4555146,-1.26E-07,3.24E-07,0.9105537,2.9137716,0.31145682
0.037036777,-0.000259087,-0.000259087,-0.4555159,-0.4555159,-3.98E-07,-8.48E-07,0.9105537,2.9137716,0.311483352
0.037046777,-0.000259098,-0.000259098,-0.4555146,-0.4555146,-1.26E-07,3.24E-07,0.9105537,2.9137716,0.311509883
0.037056777,-0.000259087,-0.000259087,-0.4555159,-0.4555159,-3.98E-07,-8.48E-07,0.9105537,2.9137716,0.311536415
0.037066777,-0.000259098,-0.000259098,-0.4555146,-0.4555146,-1.26E-07,3.24E-07,0.9105537,2.9137716,0.311562946
0.037076777,-0.000259087,-0.000259087,-0.4555159,-0.4555159,-3.98E-07,-8.48E-07,0.9105537,2.9137716,0.311589478
0.037086777,-0.000259098,-0.000259098,-0.4555146,-0.4555146,-1.26E-07,3.24E-07,0.9105537,2.9137716,0.311616009
0.037096777,-0.000259087,-0.000259087,-0.4555159,-0.4555159,-3.98E-07,-8.48E-07,0.9105537,2.9137716,0.31164254
0.037106777,-0.000259098,-0.000259098,-0.4555146,-0.4555146,-1.26E-07,3.24E-07,0.9105537,2.9137716,0.311669072
0.037116777,-0.000259087,-0.000259087,-0.4555159,-0.4555159,-3.98E-07,-8.48E-07,0.9105537,2.9137716,0.311695603
0.037126777,-0.000259098,-0.000259098,-0.4555146,-0.4555146,-1.26E-07,3.24E-07,0.9105537,2.9137716,0.311722135
0.037136777,-0.000259087,-0.000259087,-0.4555159,-0.4555159,-3.98E-07,-8.48E-07,0.9105537,2.9137716,0.311748666
0.037146777,-0.000259098,-0.000259098,-0.4555146,-0.4555146,-1.26E-07,3.24E-07,0.9105537,2.9137716,0.311775198
0.037156777,-0.000259087,-0.000259087,-0.4555159,-0.4555159,-3.98E-07,-8.48E-07,0.9105537,2.9137716,0.311801729
0.037166777,-0.000259098,-0.000259098,-0.4555146,-0.4555146,-1.26E-07,3.24E-07,0.9105537,2.9137716,0.311828261
0.037176777,-0.000259087,-0.000259087,-0.4555159,-0.4555159,-3.98E-07,-8.48E-07,0.9105537,2.9137716,0.311854792
0.037186777,-0.000259098,-0.000259098,-0.4555146,-0.4555146,-1.26E-07,3.24E-07,0.9105537,2.9137716,0.311881324
0.037196777,-0.000259087,-0.000259087,-0.4555159,-0.4555159,-3.98E-07,-8.48E-07,0.9105537,2.9137716,0.311907855
0.037206777,-0.000259098,-0.000259098,-0.4555146,-0.4555146,-1.26E-07,3.24E-07,0.9105537,2.9137716,0.311934386
0.037216777,-0.000259087,-0.000259087,-0.4555159,-0.4555159,-3.98E-07,-8.48E-07,0.9105537,2.9137716,0.311960918
0.037226777,-0.000259098,-0.000259098,-0.4555146,-0.4555146,-1.26E-07,3.24E-07,0.9105537,2.9137716,0.311987449
0.037236777,-0.000259087,-0.000259087,-0.4555159,-0.4555159,-3.98E-07,-8.48E-07,0.9105537,2.9137716,0.312013981
0.037246777,-0.000259098,-0.000259098,-0.4555146,-0.4555146,-1.26E-07,3.24E-07,0.9105537,2.9137716,0.312040512
0.037256777,-0.000259087,-0.000259087,-0.4555159,-0.4555159,-3.98E-07,-8.48E-07,0.9105537,2.9137716,0.312067044
0.037266777,-0.000259098,-0.000259098,-0.4555146,-0.4555146,-1.26E-07,3.24E-07,0.9105537,2.9137716,0.312093575
0.037276777,-0.000259087,-0.000259087,-0.4555159,-0.4555159,-3.98E-07,-8.48E-07,0.9105537,2.9137716,0.312120107
0.037286777,-0.000259098,-0.000259098,-0.4555146,-0.4555146,-1.26E-07,3.24E-07,0.9105537,2.9137716,0.312146638
0.037296777,-0.000259087,-0.000259087,-0.4555159,-0.4555159,-3.98E-07,-8.48E-07,0.9105537,2.9137716,0.31217317
0.037306777,-0.000259098,-0.000259098,-0.4555146,-0.4555146,-1.26E-07,3.24E-07,0.9105537,2.9137716,0.312199701
0.037316777,-0.000259087,-0.000259087,-0.4555159,-0.4555159,-3.98E-07,-8.48E-07,0.9105537,2.9137716,0.312226232
0.037326777,-0.000259098,-0.000259098,-0.4555146,-0.4555146,-1.26E-07,3.24E-07,0.9105537,2.9137716,0.312252764
0.037336777,-0.000259087,-0.000259087,-0.4555159,-0.4555159,-3.98E-07,-8.48E-07,0.9105537,2.9137716,0.312279295
0.037346777,-0.000259098,-0.000259098,-0.4555146,-0.4555146,-1.26E-07,3.24E-07,0.9105537,2.9137716,0.312305827
0.037356777,-0.000259087,-0.000259087,-0.4555159,-0.4555159,-3.98E-07,-8.48E-07,0.9105537,2.9137716,0.312332358
0.037366777,-0.000259098,-0.000259098,-0.4555146,-0.4555146,-1.26E-07,3.24E-07,0.9105537,2.9137716,0.31235889
0.037376777,-0.000259087,-0.000259087,-0.4555159,-0.4555159,-3.98E-07,-8.48E-07,0.9105537,2.9137716,0.312385421
0.037386777,-0.000259098,-0.000259098,-0.4555146,-0.4555146,-1.26E-07,3.24E-07,0.9105537,2.9137716,0.312411953
0.037396777,-0.000259087,-0.000259087,-0.4555159,-0.4555159,-3.98E-07,-8.48E-07,0.9105537,2.9137716,0.312438484
0.037406777,-0.000259098,-0.000259098,-0.4555146,-0.4555146,-1.26E-07,3.24E-07,0.9105537,2.9137716,0.312465016
0.037416777,-0.000259087,-0.000259087,-0.4555159,-0.4555159,-3.98E-07,-8.48E-07,0.9105537,2.9137716,0.312491547
0.037426777,-0.000259098,-0.000259098,-0.4555146,-0.4555146,-1.26E-07,3.24E-07,0.9105537,2.9137716,0.312518078
0.037436777,-0.000259087,-0.000259087,-0.4555159,-0.4555159,-3.98E-07,-8.48E-07,0.9105537,2.9137716,0.31254461
0.037446777,-0.000259098,-0.000259098,-0.4555146,-0.4555146,-1.26E-07,3.24E-07,0.9105537,2.9137716,0.312571141
0.037456777,-0.000259087,-0.000259087,-0.4555159,-0.4555159,-3.98E-07,-8.48E-07,0.9105537,2.9137716,0.312597673
0.037466777,-0.000259098,-0.000259098,-0.4555146,-0.4555146,-1.26E-07,3.24E-07,0.9105537,2.9137716,0.312624204
0.037476777,-0.000259087,-0.000259087,-0.4555159,-0.4555159,-3.98E-07,-8.48E-07,0.9105537,2.9137716,0.312650736
0.037486777,-0.000259098,-0.000259098,-0.4555146,-0.4555146,-1.26E-07,3.24E-07,0.9105537,2.9137716,0.312677267
0.037496777,-0.000259087,-0.000259087,-0.4555159,-0.4555159,-3.98E-07,-8.48E-07,0.9105537,2.9137716,0.312703799
0.037506777,-0.000259098,-0.000259098,-0.4555146,-0.4555146,-1.26E-07,3.24E-07,0.9105537,2.9137716,0.31273033
0.037516777,-0.000259087,-0.000259087,-0.4555159,-0.4555159,-3.98E-07,-8.48E-07,0.9105537,2.9137716,0.312756862
0.037526777,-0.000259098,-0.000259098,-0.4555146,-0.4555146,-1.26E-07,3.24E-07,0.9105537,2.9137716,0.312783393
0.037536777,-0.000259087,-0.000259087,-0.4555159,-0.4555159,-3.98E-07,-8.48E-07,0.9105537,2.9137716,0.312809925
0.037546777,-0.000259098,-0.000259098,-0.4555146,-0.4555146,-1.26E-07,3.24E-07,0.9105537,2.9137716,0.312836456
0.037556777,-0.000259087,-0.000259087,-0.4555159,-0.4555159,-3.98E-07,-8.48E-07,0.9105537,2.9137716,0.312862987
0.037566777,-0.000259098,-0.000259098,-0.4555146,-0.4555146,-1.26E-07,3.24E-07,0.9105537,2.9137716,0.312889519
0.037576777,-0.000259087,-0.000259087,-0.4555159,-0.4555159,-3.98E-07,-8.48E-07,0.9105537,2.9137716,0.31291605
0.037586777,-0.000259098,-0.000259098,-0.4555146,-0.4555146,-1.26E-07,3.24E-07,0.9105537,2.9137716,0.312942582
0.037596777,-0.000259087,-0.000259087,-0.4555159,-0.4555159,-3.98E-07,-8.48E-07,0.9105537,2.9137716,0.312969113
0.037606777,-0.000259098,-0.000259098,-0.4555146,-0.4555146,-1.26E-07,3.24E-07,0.9105537,2.9137716,0.312995645
0.037616777,-0.000259087,-0.000259087,-0.4555159,-0.4555159,-3.98E-07,-8.48E-07,0.9105537,2.9137716,0.313022176
0.037626777,-0.000259098,-0.000259098,-0.4555146,-0.4555146,-1.26E-07,3.24E-07,0.9105537,2.9137716,0.313048708
0.037636777,-0.000259087,-0.000259087,-0.4555159,-0.4555159,-3.98E-07,-8.48E-07,0.9105537,2.9137716,0.313075239
0.037646777,-0.000259098,-0.000259098,-0.4555146,-0.4555146,-1.26E-07,3.24E-07,0.9105537,2.9137716,0.313101771
0.037656777,-0.000259087,-0.000259087,-0.4555159,-0.4555159,-3.98E-07,-8.48E-07,0.9105537,2.9137716,0.313128302
0.037666777,-0.000259098,-0.000259098,-0.4555146,-0.4555146,-1.26E-07,3.24E-07,0.9105537,2.9137716,0.313154833
0.037676777,-0.000259087,-0.000259087,-0.4555159,-0.4555159,-3.98E-07,-8.48E-07,0.9105537,2.9137716,0.313181365
0.037686777,-0.000259098,-0.000259098,-0.4555146,-0.4555146,-1.26E-07,3.24E-07,0.9105537,2.9137716,0.313207896
0.037696777,-0.000259087,-0.000259087,-0.4555159,-0.4555159,-3.98E-07,-8.48E-07,0.9105537,2.9137716,0.313234428
0.037706777,-0.000259098,-0.000259098,-0.4555146,-0.4555146,-1.26E-07,3.24E-07,0.9105537,2.9137716,0.313260959
0.037716777,-0.000259087,-0.000259087,-0.4555159,-0.4555159,-3.98E-07,-8.48E-07,0.9105537,2.9137716,0.313287491
0.037726777,-0.000259098,-0.000259098,-0.4555146,-0.4555146,-1.26E-07,3.24E-07,0.9105537,2.9137716,0.313314022
0.037736777,-0.000259087,-0.000259087,-0.4555159,-0.4555159,-3.98E-07,-8.48E-07,0.9105537,2.9137716,0.313340554
0.037746777,-0.000259098,-0.000259098,-0.4555146,-0.4555146,-1.26E-07,3.24E-07,0.9105537,2.9137716,0.313367085
0.037756777,-0.000259087,-0.000259087,-0.4555159,-0.4555159,-3.98E-07,-8.48E-07,0.9105537,2.9137716,0.313393617
0.037766777,-0.000259098,-0.000259098,-0.4555146,-0.4555146,-1.26E-07,3.24E-07,0.9105537,2.9137716,0.313420148
0.037776777,-0.000259087,-0.000259087,-0.4555159,-0.4555159,-3.98E-07,-8.48E-07,0.9105537,2.9137716,0.313446679
0.037786777,-0.000259098,-0.000259098,-0.4555146,-0.4555146,-1.26E-07,3.24E-07,0.9105537,2.9137716,0.313473211
0.037796777,-0.000259087,-0.000259087,-0.4555159,-0.4555159,-3.98E-07,-8.48E-07,0.9105537,2.9137716,0.313499742
0.037806777,-0.000259098,-0.000259098,-0.4555146,-0.4555146,-1.26E-07,3.24E-07,0.9105537,2.9137716,0.313526274
0.037816777,-0.000259087,-0.000259087,-0.4555159,-0.4555159,-3.98E-07,-8.48E-07,0.9105537,2.9137716,0.313552805
0.037826777,-0.000259098,-0.000259098,-0.4555146,-0.4555146,-1.26E-07,3.24E-07,0.9105537,2.9137716,0.313579337
0.037836777,-0.000259087,-0.000259087,-0.4555159,-0.4555159,-3.98E-07,-8.48E-07,0.9105537,2.9137716,0.313605868
0.037846777,-0.000259098,-0.000259098,-0.4555146,-0.4555146,-1.26E-07,3.24E-07,0.9105537,2.9137716,0.3136324
0.037856777,-0.000259087,-0.000259087,-0.4555159,-0.4555159,-3.98E-07,-8.48E-07,0.9105537,2.9137716,0.313658931
0.037866777,-0.000259098,-0.000259098,-0.4555146,-0.4555146,-1.26E-07,3.24E-07,0.9105537,2.9137716,0.313685463
0.037876777,-0.000259087,-0.000259087,-0.4555159,-0.4555159,-3.98E-07,-8.48E-07,0.9105537,2.9137716,0.313711994
0.037886777,-0.000259098,-0.000259098,-0.4555146,-0.4555146,-1.26E-07,3.24E-07,0.9105537,2.9137716,0.313738525
0.037896777,-0.000259087,-0.000259087,-0.4555159,-0.4555159,-3.98E-07,-8.48E-07,0.9105537,2.9137716,0.313765057
0.037906777,-0.000259098,-0.000259098,-0.4555146,-0.4555146,-1.26E-07,3.24E-07,0.9105537,2.9137716,0.313791588
0.037916777,-0.000259087,-0.000259087,-0.4555159,-0.4555159,-3.98E-07,-8.48E-07,0.9105537,2.9137716,0.31381812
0.037926777,-0.000259098,-0.000259098,-0.4555146,-0.4555146,-1.26E-07,3.24E-07,0.9105537,2.9137716,0.313844651
0.037936777,-0.000259087,-0.000259087,-0.4555159,-0.4555159,-3.98E-07,-8.48E-07,0.9105537,2.9137716,0.313871183
0.037946777,-0.000259098,-0.000259098,-0.4555146,-0.4555146,-1.26E-07,3.24E-07,0.9105537,2.9137716,0.313897714
0.037956777,-0.000259087,-0.000259087,-0.4555159,-0.4555159,-3.98E-07,-8.48E-07,0.9105537,2.9137716,0.313924246
0.037966777,-0.000259098,-0.000259098,-0.4555146,-0.4555146,-1.26E-07,3.24E-07,0.9105537,2.9137716,0.313950777
0.037976777,-0.000259087,-0.000259087,-0.4555159,-0.4555159,-3.98E-07,-8.48E-07,0.9105537,2.9137716,0.313977309
0.037986777,-0.000259098,-0.000259098,-0.4555146,-0.4555146,-1.26E-07,3.24E-07,0.9105537,2.9137716,0.31400384
0.037996777,-0.000259087,-0.000259087,-0.4555159,-0.4555159,-3.98E-07,-8.48E-07,0.9105537,2.9137716,0.314030371
0.038006777,-0.000259098,-0.000259098,-0.4555146,-0.4555146,-1.26E-07,3.24E-07,0.9105537,2.9137716,0.314056903
0.038016777,-0.000259087,-0.000259087,-0.4555159,-0.4555159,-3.98E-07,-8.48E-07,0.9105537,2.9137716,0.314083434
0.038026777,-0.000259098,-0.000259098,-0.4555146,-0.4555146,-1.26E-07,3.24E-07,0.9105537,2.9137716,0.314109966
0.038036777,-0.000259087,-0.000259087,-0.4555159,-0.4555159,-3.98E-07,-8.48E-07,0.9105537,2.9137716,0.314136497
0.038046777,-0.000259098,-0.000259098,-0.4555146,-0.4555146,-1.26E-07,3.24E-07,0.9105537,2.9137716,0.314163029
0.038056777,-0.000259087,-0.000259087,-0.4555159,-0.4555159,-3.98E-07,-8.48E-07,0.9105537,2.9137716,0.31418956
0.038066777,-0.000259098,-0.000259098,-0.4555146,-0.4555146,-1.26E-07,3.24E-07,0.9105537,2.9137716,0.314216092
0.038076777,-0.000259087,-0.000259087,-0.4555159,-0.4555159,-3.98E-07,-8.48E-07,0.9105537,2.9137716,0.314242623
0.038086777,-0.000259098,-0.000259098,-0.4555146,-0.4555146,-1.26E-07,3.24E-07,0.9105537,2.9137716,0.314269155
0.038096777,-0.000259087,-0.000259087,-0.4555159,-0.4555159,-3.98E-07,-8.48E-07,0.9105537,2.9137716,0.314295686
0.038106777,-0.000259098,-0.000259098,-0.4555146,-0.4555146,-1.26E-07,3.24E-07,0.9105537,2.9137716,0.314322217
0.038116777,-0.000259087,-0.000259087,-0.4555159,-0.4555159,-3.98E-07,-8.48E-07,0.9105537,2.9137716,0.314348749
0.038126777,-0.000259098,-0.000259098,-0.4555146,-0.4555146,-1.26E-07,3.24E-07,0.9105537,2.9137716,0.31437528
0.038136777,-0.000259087,-0.000259087,-0.4555159,-0.4555159,-3.98E-07,-8.48E-07,0.9105537,2.9137716,0.314401812
0.038146777,-0.000259098,-0.000259098,-0.4555146,-0.4555146,-1.26E-07,3.24E-07,0.9105537,2.9137716,0.314428343
0.038156777,-0.000259087,-0.000259087,-0.4555159,-0.4555159,-3.98E-07,-8.48E-07,0.9105537,2.9137716,0.314454875
0.038166777,-0.000259098,-0.000259098,-0.4555146,-0.4555146,-1.26E-07,3.24E-07,0.9105537,2.9137716,0.314481406
0.038176777,-0.000259087,-0.000259087,-0.4555159,-0.4555159,-3.98E-07,-8.48E-07,0.9105537,2.9137716,0.314507938
0.038186777,-0.000259098,-0.000259098,-0.4555146,-0.4555146,-1.26E-07,3.24E-07,0.9105537,2.9137716,0.314534469
0.038196777,-0.000259087,-0.000259087,-0.4555159,-0.4555159,-3.98E-07,-8.48E-07,0.9105537,2.9137716,0.314561001
0.038206777,-0.000259098,-0.000259098,-0.4555146,-0.4555146,-1.26E-07,3.24E-07,0.9105537,2.9137716,0.314587532
0.038216777,-0.000259087,-0.000259087,-0.4555159,-0.4555159,-3.98E-07,-8.48E-07,0.9105537,2.9137716,0.314614063
0.038226777,-0.000259098,-0.000259098,-0.4555146,-0.4555146,-1.26E-07,3.24E-07,0.9105537,2.9137716,0.314640595
0.038236777,-0.000259087,-0.000259087,-0.4555159,-0.4555159,-3.98E-07,-8.48E-07,0.9105537,2.9137716,0.314667126
0.038246777,-0.000259098,-0.000259098,-0.4555146,-0.4555146,-1.26E-07,3.24E-07,0.9105537,2.9137716,0.314693658
0.038256777,-0.000259087,-0.000259087,-0.4555159,-0.4555159,-3.98E-07,-8.48E-07,0.9105537,2.9137716,0.314720189
0.038266777,-0.000259098,-0.000259098,-0.4555146,-0.4555146,-1.26E-07,3.24E-07,0.9105537,2.9137716,0.314746721
0.038276777,-0.000259087,-0.000259087,-0.4555159,-0.4555159,-3.98E-07,-8.48E-07,0.9105537,2.9137716,0.314773252
0.038286777,-0.000259098,-0.000259098,-0.4555146,-0.4555146,-1.26E-07,3.24E-07,0.9105537,2.9137716,0.314799784
0.038296777,-0.000259087,-0.000259087,-0.4555159,-0.4555159,-3.98E-07,-8.48E-07,0.9105537,2.9137716,0.314826315
0.038306777,-0.000259098,-0.000259098,-0.4555146,-0.4555146,-1.26E-07,3.24E-07,0.9105537,2.9137716,0.314852847
0.038316777,-0.000259087,-0.000259087,-0.4555159,-0.4555159,-3.98E-07,-8.48E-07,0.9105537,2.9137716,0.314879378
0.038326777,-0.000259098,-0.000259098,-0.4555146,-0.4555146,-1.26E-07,3.24E-07,0.9105537,2.9137716,0.314905909
0.038336777,-0.000259087,-0.000259087,-0.4555159,-0.4555159,-3.98E-07,-8.48E-07,0.9105537,2.9137716,0.314932441
0.038346777,-0.000259098,-0.000259098,-0.4555146,-0.4555146,-1.26E-07,3.24E-07,0.9105537,2.9137716,0.314958972
0.038356777,-0.000259087,-0.000259087,-0.4555159,-0.4555159,-3.98E-07,-8.48E-07,0.9105537,2.9137716,0.314985504
0.038366777,-0.000259098,-0.000259098,-0.4555146,-0.4555146,-1.26E-07,3.24E-07,0.9105537,2.9137716,0.315012035
0.038376777,-0.000259087,-0.000259087,-0.4555159,-0.4555159,-3.98E-07,-8.48E-07,0.9105537,2.9137716,0.315038567
0.038386777,-0.000259098,-0.000259098,-0.4555146,-0.4555146,-1.26E-07,3.24E-07,0.9105537,2.9137716,0.315065098
0.038396777,-0.000259087,-0.000259087,-0.4555159,-0.4555159,-3.98E-07,-8.48E-07,0.9105537,2.9137716,0.31509163
0.038406777,-0.000259098,-0.000259098,-0.4555146,-0.4555146,-1.26E-07,3.24E-07,0.9105537,2.9137716,0.315118161
0.038416777,-0.000259087,-0.000259087,-0.4555159,-0.4555159,-3.98E-07,-8.48E-07,0.9105537,2.9137716,0.315144693
0.038426777,-0.000259098,-0.000259098,-0.4555146,-0.4555146,-1.26E-07,3.24E-07,0.9105537,2.9137716,0.315171224
0.038436777,-0.000259087,-0.000259087,-0.4555159,-0.4555159,-3.98E-07,-8.48E-07,0.9105537,2.9137716,0.315197755
0.038446777,-0.000259098,-0.000259098,-0.4555146,-0.4555146,-1.26E-07,3.24E-07,0.9105537,2.9137716,0.315224287
0.038456777,-0.000259087,-0.000259087,-0.4555159,-0.4555159,-3.98E-07,-8.48E-07,0.9105537,2.9137716,0.315250818
0.038466777,-0.000259098,-0.000259098,-0.4555146,-0.4555146,-1.26E-07,3.24E-07,0.9105537,2.9137716,0.31527735
0.038476777,-0.000259087,-0.000259087,-0.4555159,-0.4555159,-3.98E-07,-8.48E-07,0.9105537,2.9137716,0.315303881
0.038486777,-0.000259098,-0.000259098,-0.4555146,-0.4555146,-1.26E-07,3.24E-07,0.9105537,2.9137716,0.315330413
0.038496777,-0.000259087,-0.000259087,-0.4555159,-0.4555159,-3.98E-07,-8.48E-07,0.9105537,2.9137716,0.315356944
0.038506777,-0.000259098,-0.000259098,-0.4555146,-0.4555146,-1.26E-07,3.24E-07,0.9105537,2.9137716,0.315383476
0.038516777,-0.000259087,-0.000259087,-0.4555159,-0.4555159,-3.98E-07,-8.48E-07,0.9105537,2.9137716,0.315410007
0.038526777,-0.000259098,-0.000259098,-0.4555146,-0.4555146,-1.26E-07,3.24E-07,0.9105537,2.9137716,0.315436539
0.038536777,-0.000259087,-0.000259087,-0.4555159,-0.4555159,-3.98E-07,-8.48E-07,0.9105537,2.9137716,0.31546307
0.038546777,-0.000259098,-0.000259098,-0.4555146,-0.4555146,-1.26E-07,3.24E-07,0.9105537,2.9137716,0.315489602
0.038556777,-0.000259087,-0.000259087,-0.4555159,-0.4555159,-3.98E-07,-8.48E-07,0.9105537,2.9137716,0.315516133
0.038566777,-0.000259098,-0.000259098,-0.4555146,-0.4555146,-1.26E-07,3.24E-07,0.9105537,2.9137716,0.315542664
0.038576777,-0.000259087,-0.000259087,-0.4555159,-0.4555159,-3.98E-07,-8.48E-07,0.9105537,2.9137716,0.315569196
0.038586777,-0.000259098,-0.000259098,-0.4555146,-0.4555146,-1.26E-07,3.24E-07,0.9105537,2.9137716,0.315595727
0.038596777,-0.000259087,-0.000259087,-0.4555159,-0.4555159,-3.98E-07,-8.48E-07,0.9105537,2.9137716,0.315622259
0.038606777,-0.000259098,-0.000259098,-0.4555146,-0.4555146,-1.26E-07,3.24E-07,0.9105537,2.9137716,0.31564879
0.038616777,-0.000259087,-0.000259087,-0.4555159,-0.4555159,-3.98E-07,-8.48E-07,0.9105537,2.9137716,0.315675322
0.038626777,-0.000259098,-0.000259098,-0.4555146,-0.4555146,-1.26E-07,3.24E-07,0.9105537,2.9137716,0.315701853
0.038636777,-0.000259087,-0.000259087,-0.4555159,-0.4555159,-3.98E-07,-8.48E-07,0.9105537,2.9137716,0.315728385
0.038646777,-0.000259098,-0.000259098,-0.4555146,-0.4555146,-1.26E-07,3.24E-07,0.9105537,2.9137716,0.315754916
0.038656777,-0.000259087,-0.000259087,-0.4555159,-0.4555159,-3.98E-07,-8.48E-07,0.9105537,2.9137716,0.315781448
0.038666777,-0.000259098,-0.000259098,-0.4555146,-0.4555146,-1.26E-07,3.24E-07,0.9105537,2.9137716,0.315807979
0.038676777,-0.000259087,-0.000259087,-0.4555159,-0.4555159,-3.98E-07,-8.48E-07,0.9105537,2.9137716,0.31583451
0.038686777,-0.000259098,-0.000259098,-0.4555146,-0.4555146,-1.26E-07,3.24E-07,0.9105537,2.9137716,0.315861042
0.038696777,-0.000259087,-0.000259087,-0.4555159,-0.4555159,-3.98E-07,-8.48E-07,0.9105537,2.9137716,0.315887573
0.038706777,-0.000259098,-0.000259098,-0.4555146,-0.4555146,-1.26E-07,3.24E-07,0.9105537,2.9137716,0.315914105
0.038716777,-0.000259087,-0.000259087,-0.4555159,-0.4555159,-3.98E-07,-8.48E-07,0.9105537,2.9137716,0.315940636
0.038726777,-0.000259098,-0.000259098,-0.4555146,-0.4555146,-1.26E-07,3.24E-07,0.9105537,2.9137716,0.315967168
0.038736777,-0.000259087,-0.000259087,-0.4555159,-0.4555159,-3.98E-07,-8.48E-07,0.9105537,2.9137716,0.315993699
0.038746777,-0.000259098,-0.000259098,-0.4555146,-0.4555146,-1.26E-07,3.24E-07,0.9105537,2.9137716,0.316020231
0.038756777,-0.000259087,-0.000259087,-0.4555159,-0.4555159,-3.98E-07,-8.48E-07,0.9105537,2.9137716,0.316046762
0.038766777,-0.000259098,-0.000259098,-0.4555146,-0.4555146,-1.26E-07,3.24E-07,0.9105537,2.9137716,0.316073294
0.038776777,-0.000259087,-0.000259087,-0.4555159,-0.4555159,-3.98E-07,-8.48E-07,0.9105537,2.9137716,0.316099825
0.038786777,-0.000259098,-0.000259098,-0.4555146,-0.4555146,-1.26E-07,3.24E-07,0.9105537,2.9137716,0.316126356
0.038796777,-0.000259087,-0.000259087,-0.4555159,-0.4555159,-3.98E-07,-8.48E-07,0.9105537,2.9137716,0.316152888
0.038806777,-0.000259098,-0.000259098,-0.4555146,-0.4555146,-1.26E-07,3.24E-07,0.9105537,2.9137716,0.316179419
0.038816777,-0.000259087,-0.000259087,-0.4555159,-0.4555159,-3.98E-07,-8.48E-07,0.9105537,2.9137716,0.316205951
0.038826777,-0.000259098,-0.000259098,-0.4555146,-0.4555146,-1.26E-07,3.24E-07,0.9105537,2.9137716,0.316232482
0.038836777,-0.000259087,-0.000259087,-0.4555159,-0.4555159,-3.98E-07,-8.48E-07,0.9105537,2.9137716,0.316259014
0.038846777,-0.000259098,-0.000259098,-0.4555146,-0.4555146,-1.26E-07,3.24E-07,0.9105537,2.9137716,0.316285545
0.038856777,-0.000259087,-0.000259087,-0.4555159,-0.4555159,-3.98E-07,-8.48E-07,0.9105537,2.9137716,0.316312077
0.038866777,-0.000259098,-0.000259098,-0.4555146,-0.4555146,-1.26E-07,3.24E-07,0.9105537,2.9137716,0.316338608
0.038876777,-0.000259087,-0.000259087,-0.4555159,-0.4555159,-3.98E-07,-8.48E-07,0.9105537,2.9137716,0.31636514
0.038886777,-0.000259098,-0.000259098,-0.4555146,-0.4555146,-1.26E-07,3.24E-07,0.9105537,2.9137716,0.316391671
0.038896777,-0.000259087,-0.000259087,-0.4555159,-0.4555159,-3.98E-07,-8.48E-07,0.9105537,2.9137716,0.316418202
0.038906777,-0.000259098,-0.000259098,-0.4555146,-0.4555146,-1.26E-07,3.24E-07,0.9105537,2.9137716,0.316444734
0.038916777,-0.000259087,-0.000259087,-0.4555159,-0.4555159,-3.98E-07,-8.48E-07,0.9105537,2.9137716,0.316471265
0.038926777,-0.000259098,-0.000259098,-0.4555146,-0.4555146,-1.26E-07,3.24E-07,0.9105537,2.9137716,0.316497797
0.038936777,-0.000259087,-0.000259087,-0.4555159,-0.4555159,-3.98E-07,-8.48E-07,0.9105537,2.9137716,0.316524328
0.038946777,-0.000259098,-0.000259098,-0.4555146,-0.4555146,-1.26E-07,3.24E-07,0.9105537,2.9137716,0.31655086
0.038956777,-0.000259087,-0.000259087,-0.4555159,-0.4555159,-3.98E-07,-8.48E-07,0.9105537,2.9137716,0.316577391
0.038966777,-0.000259098,-0.000259098,-0.4555146,-0.4555146,-1.26E-07,3.24E-07,0.9105537,2.9137716,0.316603923
0.038976777,-0.000259087,-0.000259087,-0.4555159,-0.4555159,-3.98E-07,-8.48E-07,0.9105537,2.9137716,0.316630454
0.038986777,-0.000259098,-0.000259098,-0.4555146,-0.4555146,-1.26E-07,3.24E-07,0.9105537,2.9137716,0.316656986
0.038996777,-0.000259087,-0.000259087,-0.4555159,-0.4555159,-3.98E-07,-8.48E-07,0.9105537,2.9137716,0.316683517
0.039006777,-0.000259098,-0.000259098,-0.4555146,-0.4555146,-1.26E-07,3.24E-07,0.9105537,2.9137716,0.316710048
0.039016777,-0.000259087,-0.000259087,-0.4555159,-0.4555159,-3.98E-07,-8.48E-07,0.9105537,2.9137716,0.31673658
0.039026777,-0.000259098,-0.000259098,-0.4555146,-0.4555146,-1.26E-07,3.24E-07,0.9105537,2.9137716,0.316763111
0.039036777,-0.000259087,-0.000259087,-0.4555159,-0.4555159,-3.98E-07,-8.48E-07,0.9105537,2.9137716,0.316789643
0.039046777,-0.000259098,-0.000259098,-0.4555146,-0.4555146,-1.26E-07,3.24E-07,0.9105537,2.9137716,0.316816174
0.039056777,-0.000259087,-0.000259087,-0.4555159,-0.4555159,-3.98E-07,-8.48E-07,0.9105537,2.9137716,0.316842706
0.039066777,-0.000259098,-0.000259098,-0.4555146,-0.4555146,-1.26E-07,3.24E-07,0.9105537,2.9137716,0.316869237
0.039076777,-0.000259087,-0.000259087,-0.4555159,-0.4555159,-3.98E-07,-8.48E-07,0.9105537,2.9137716,0.316895769
0.039086777,-0.000259098,-0.000259098,-0.4555146,-0.4555146,-1.26E-07,3.24E-07,0.9105537,2.9137716,0.3169223
0.039096777,-0.000259087,-0.000259087,-0.4555159,-0.4555159,-3.98E-07,-8.48E-07,0.9105537,2.9137716,0.316948832
0.039106777,-0.000259098,-0.000259098,-0.4555146,-0.4555146,-1.26E-07,3.24E-07,0.9105537,2.9137716,0.316975363
0.039116777,-0.000259087,-0.000259087,-0.4555159,-0.4555159,-3.98E-07,-8.48E-07,0.9105537,2.9137716,0.317001894
0.039126777,-0.000259098,-0.000259098,-0.4555146,-0.4555146,-1.26E-07,3.24E-07,0.9105537,2.9137716,0.317028426
0.039136777,-0.000259087,-0.000259087,-0.4555159,-0.4555159,-3.98E-07,-8.48E-07,0.9105537,2.9137716,0.317054957
0.039146777,-0.000259098,-0.000259098,-0.4555146,-0.4555146,-1.26E-07,3.24E-07,0.9105537,2.9137716,0.317081489
0.039156777,-0.000259087,-0.000259087,-0.4555159,-0.4555159,-3.98E-07,-8.48E-07,0.9105537,2.9137716,0.31710802
0.039166777,-0.000259098,-0.000259098,-0.4555146,-0.4555146,-1.26E-07,3.24E-07,0.9105537,2.9137716,0.317134552
0.039176777,-0.000259087,-0.000259087,-0.4555159,-0.4555159,-3.98E-07,-8.48E-07,0.9105537,2.9137716,0.317161083
0.039186777,-0.000259098,-0.000259098,-0.4555146,-0.4555146,-1.26E-07,3.24E-07,0.9105537,2.9137716,0.317187615
0.039196777,-0.000259087,-0.000259087,-0.4555159,-0.4555159,-3.98E-07,-8.48E-07,0.9105537,2.9137716,0.317214146
0.039206777,-0.000259098,-0.000259098,-0.4555146,-0.4555146,-1.26E-07,3.24E-07,0.9105537,2.9137716,0.317240678
0.039216777,-0.000259087,-0.000259087,-0.4555159,-0.4555159,-3.98E-07,-8.48E-07,0.9105537,2.9137716,0.317267209
0.039226777,-0.000259098,-0.000259098,-0.4555146,-0.4555146,-1.26E-07,3.24E-07,0.9105537,2.9137716,0.31729374
0.039236777,-0.000259087,-0.000259087,-0.4555159,-0.4555159,-3.98E-07,-8.48E-07,0.9105537,2.9137716,0.317320272
0.039246777,-0.000259098,-0.000259098,-0.4555146,-0.4555146,-1.26E-07,3.24E-07,0.9105537,2.9137716,0.317346803
0.039256777,-0.000259087,-0.000259087,-0.4555159,-0.4555159,-3.98E-07,-8.48E-07,0.9105537,2.9137716,0.317373335
0.039266777,-0.000259098,-0.000259098,-0.4555146,-0.4555146,-1.26E-07,3.24E-07,0.9105537,2.9137716,0.317399866
0.039276777,-0.000259087,-0.000259087,-0.4555159,-0.4555159,-3.98E-07,-8.48E-07,0.9105537,2.9137716,0.317426398
0.039286777,-0.000259098,-0.000259098,-0.4555146,-0.4555146,-1.26E-07,3.24E-07,0.9105537,2.9137716,0.317452929
0.039296777,-0.000259087,-0.000259087,-0.4555159,-0.4555159,-3.98E-07,-8.48E-07,0.9105537,2.9137716,0.317479461
0.039306777,-0.000259098,-0.000259098,-0.4555146,-0.4555146,-1.26E-07,3.24E-07,0.9105537,2.9137716,0.317505992
0.039316777,-0.000259087,-0.000259087,-0.4555159,-0.4555159,-3.98E-07,-8.48E-07,0.9105537,2.9137716,0.317532524
0.039326777,-0.000259098,-0.000259098,-0.4555146,-0.4555146,-1.26E-07,3.24E-07,0.9105537,2.9137716,0.317559055
0.039336777,-0.000259087,-0.000259087,-0.4555159,-0.4555159,-3.98E-07,-8.48E-07,0.9105537,2.9137716,0.317585586
0.039346777,-0.000259098,-0.000259098,-0.4555146,-0.4555146,-1.26E-07,3.24E-07,0.9105537,2.9137716,0.317612118
0.039356777,-0.000259087,-0.000259087,-0.4555159,-0.4555159,-3.98E-07,-8.48E-07,0.9105537,2.9137716,0.317638649
0.039366777,-0.000259098,-0.000259098,-0.4555146,-0.4555146,-1.26E-07,3.24E-07,0.9105537,2.9137716,0.317665181
0.039376777,-0.000259087,-0.000259087,-0.4555159,-0.4555159,-3.98E-07,-8.48E-07,0.9105537,2.9137716,0.317691712
0.039386777,-0.000259098,-0.000259098,-0.4555146,-0.4555146,-1.26E-07,3.24E-07,0.9105537,2.9137716,0.317718244
0.039396777,-0.000259087,-0.000259087,-0.4555159,-0.4555159,-3.98E-07,-8.48E-07,0.9105537,2.9137716,0.317744775
0.039406777,-0.000259098,-0.000259098,-0.4555146,-0.4555146,-1.26E-07,3.24E-07,0.9105537,2.9137716,0.317771307
0.039416777,-0.000259087,-0.000259087,-0.4555159,-0.4555159,-3.98E-07,-8.48E-07,0.9105537,2.9137716,0.317797838
0.039426777,-0.000259098,-0.000259098,-0.4555146,-0.4555146,-1.26E-07,3.24E-07,0.9105537,2.9137716,0.31782437
0.039436777,-0.000259087,-0.000259087,-0.4555159,-0.4555159,-3.98E-07,-8.48E-07,0.9105537,2.9137716,0.317850901
0.039446777,-0.000259098,-0.000259098,-0.4555146,-0.4555146,-1.26E-07,3.24E-07,0.9105537,2.9137716,0.317877433
0.039456777,-0.000259087,-0.000259087,-0.4555159,-0.4555159,-3.98E-07,-8.48E-07,0.9105537,2.9137716,0.317903964
0.039466777,-0.000259098,-0.000259098,-0.4555146,-0.4555146,-1.26E-07,3.24E-07,0.9105537,2.9137716,0.317930495
0.039476777,-0.000259087,-0.000259087,-0.4555159,-0.4555159,-3.98E-07,-8.48E-07,0.9105537,2.9137716,0.317957027
0.039486777,-0.000259098,-0.000259098,-0.4555146,-0.4555146,-1.26E-07,3.24E-07,0.9105537,2.9137716,0.317983558
0.039496777,-0.000259087,-0.000259087,-0.4555159,-0.4555159,-3.98E-07,-8.48E-07,0.9105537,2.9137716,0.31801009
0.039506777,-0.000259098,-0.000259098,-0.4555146,-0.4555146,-1.26E-07,3.24E-07,0.9105537,2.9137716,0.318036621
0.039516777,-0.000259087,-0.000259087,-0.4555159,-0.4555159,-3.98E-07,-8.48E-07,0.9105537,2.9137716,0.318063153
0.039526777,-0.000259098,-0.000259098,-0.4555146,-0.4555146,-1.26E-07,3.24E-07,0.9105537,2.9137716,0.318089684
0.039536777,-0.000259087,-0.000259087,-0.4555159,-0.4555159,-3.98E-07,-8.48E-07,0.9105537,2.9137716,0.318116216
0.039546777,-0.000259098,-0.000259098,-0.4555146,-0.4555146,-1.26E-07,3.24E-07,0.9105537,2.9137716,0.318142747
0.039556777,-0.000259087,-0.000259087,-0.4555159,-0.4555159,-3.98E-07,-8.48E-07,0.9105537,2.9137716,0.318169279
0.039566777,-0.000259098,-0.000259098,-0.4555146,-0.4555146,-1.26E-07,3.24E-07,0.9105537,2.9137716,0.31819581
0.039576777,-0.000259087,-0.000259087,-0.4555159,-0.4555159,-3.98E-07,-8.48E-07,0.9105537,2.9137716,0.318222341
0.039586777,-0.000259098,-0.000259098,-0.4555146,-0.4555146,-1.26E-07,3.24E-07,0.9105537,2.9137716,0.318248873
0.039596777,-0.000259087,-0.000259087,-0.4555159,-0.4555159,-3.98E-07,-8.48E-07,0.9105537,2.9137716,0.318275404
0.039606777,-0.000259098,-0.000259098,-0.4555146,-0.4555146,-1.26E-07,3.24E-07,0.9105537,2.9137716,0.318301936
0.039616777,-0.000259087,-0.000259087,-0.4555159,-0.4555159,-3.98E-07,-8.48E-07,0.9105537,2.9137716,0.318328467
0.039626777,-0.000259098,-0.000259098,-0.4555146,-0.4555146,-1.26E-07,3.24E-07,0.9105537,2.9137716,0.318354999
0.039636777,-0.000259087,-0.000259087,-0.4555159,-0.4555159,-3.98E-07,-8.48E-07,0.9105537,2.9137716,0.31838153
0.039646777,-0.000259098,-0.000259098,-0.4555146,-0.4555146,-1.26E-07,3.24E-07,0.9105537,2.9137716,0.318408062
0.039656777,-0.000259087,-0.000259087,-0.4555159,-0.4555159,-3.98E-07,-8.48E-07,0.9105537,2.9137716,0.318434593
0.039666777,-0.000259098,-0.000259098,-0.4555146,-0.4555146,-1.26E-07,3.24E-07,0.9105537,2.9137716,0.318461125
0.039676777,-0.000259087,-0.000259087,-0.4555159,-0.4555159,-3.98E-07,-8.48E-07,0.9105537,2.9137716,0.318487656
0.039686777,-0.000259098,-0.000259098,-0.4555146,-0.4555146,-1.26E-07,3.24E-07,0.9105537,2.9137716,0.318514187
0.039696777,-0.000259087,-0.000259087,-0.4555159,-0.4555159,-3.98E-07,-8.48E-07,0.9105537,2.9137716,0.318540719
0.039706777,-0.000259098,-0.000259098,-0.4555146,-0.4555146,-1.26E-07,3.24E-07,0.9105537,2.9137716,0.31856725
0.039716777,-0.000259087,-0.000259087,-0.4555159,-0.4555159,-3.98E-07,-8.48E-07,0.9105537,2.9137716,0.318593782
0.039726777,-0.000259098,-0.000259098,-0.4555146,-0.4555146,-1.26E-07,3.24E-07,0.9105537,2.9137716,0.318620313
0.039736777,-0.000259087,-0.000259087,-0.4555159,-0.4555159,-3.98E-07,-8.48E-07,0.9105537,2.9137716,0.318646845
0.039746777,-0.000259098,-0.000259098,-0.4555146,-0.4555146,-1.26E-07,3.24E-07,0.9105537,2.9137716,0.318673376
0.039756777,-0.000259087,-0.000259087,-0.4555159,-0.4555159,-3.98E-07,-8.48E-07,0.9105537,2.9137716,0.318699908
0.039766777,-0.000259098,-0.000259098,-0.4555146,-0.4555146,-1.26E-07,3.24E-07,0.9105537,2.9137716,0.318726439
0.039776777,-0.000259087,-0.000259087,-0.4555159,-0.4555159,-3.98E-07,-8.48E-07,0.9105537,2.9137716,0.318752971
0.039786777,-0.000259098,-0.000259098,-0.4555146,-0.4555146,-1.26E-07,3.24E-07,0.9105537,2.9137716,0.318779502
0.039796777,-0.000259087,-0.000259087,-0.4555159,-0.4555159,-3.98E-07,-8.48E-07,0.9105537,2.9137716,0.318806033
0.039806777,-0.000259098,-0.000259098,-0.4555146,-0.4555146,-1.26E-07,3.24E-07,0.9105537,2.9137716,0.318832565
0.039816777,-0.000259087,-0.000259087,-0.4555159,-0.4555159,-3.98E-07,-8.48E-07,0.9105537,2.9137716,0.318859096
0.039826777,-0.000259098,-0.000259098,-0.4555146,-0.4555146,-1.26E-07,3.24E-07,0.9105537,2.9137716,0.318885628
0.039836777,-0.000259087,-0.000259087,-0.4555159,-0.4555159,-3.98E-07,-8.48E-07,0.9105537,2.9137716,0.318912159
0.039846777,-0.000259098,-0.000259098,-0.4555146,-0.4555146,-1.26E-07,3.24E-07,0.9105537,2.9137716,0.318938691
0.039856777,-0.000259087,-0.000259087,-0.4555159,-0.4555159,-3.98E-07,-8.48E-07,0.9105537,2.9137716,0.318965222
0.039866777,-0.000259098,-0.000259098,-0.4555146,-0.4555146,-1.26E-07,3.24E-07,0.9105537,2.9137716,0.318991754
0.039876777,-0.000259087,-0.000259087,-0.4555159,-0.4555159,-3.98E-07,-8.48E-07,0.9105537,2.9137716,0.319018285
0.039886777,-0.000259098,-0.000259098,-0.4555146,-0.4555146,-1.26E-07,3.24E-07,0.9105537,2.9137716,0.319044817
0.039896777,-0.000259087,-0.000259087,-0.4555159,-0.4555159,-3.98E-07,-8.48E-07,0.9105537,2.9137716,0.319071348
0.039906777,-0.000259098,-0.000259098,-0.4555146,-0.4555146,-1.26E-07,3.24E-07,0.9105537,2.9137716,0.319097879
0.039916777,-0.000259087,-0.000259087,-0.4555159,-0.4555159,-3.98E-07,-8.48E-07,0.9105537,2.9137716,0.319124411
0.039926777,-0.000259098,-0.000259098,-0.4555146,-0.4555146,-1.26E-07,3.24E-07,0.9105537,2.9137716,0.319150942
0.039936777,-0.000259087,-0.000259087,-0.4555159,-0.4555159,-3.98E-07,-8.48E-07,0.9105537,2.9137716,0.319177474
0.039946777,-0.000259098,-0.000259098,-0.4555146,-0.4555146,-1.26E-07,3.24E-07,0.9105537,2.9137716,0.319204005
0.039956777,-0.000259087,-0.000259087,-0.4555159,-0.4555159,-3.98E-07,-8.48E-07,0.9105537,2.9137716,0.319230537
0.039966777,-0.000259098,-0.000259098,-0.4555146,-0.4555146,-1.26E-07,3.24E-07,0.9105537,2.9137716,0.319257068
0.039976777,-0.000259087,-0.000259087,-0.4555159,-0.4555159,-3.98E-07,-8.48E-07,0.9105537,2.9137716,0.3192836
0.039986777,-0.000259098,-0.000259098,-0.4555146,-0.4555146,-1.26E-07,3.24E-07,0.9105537,2.9137716,0.319310131
0.039996777,-0.000259087,-0.000259087,-0.4555159,-0.4555159,-3.98E-07,-8.48E-07,0.9105537,2.9137716,0.319327672
0.04,-0.000259098,-0.000259098,-0.4555146,-0.4555146,-1.26E-07,3.24E-07,0.9105537,2.9137716,0.319336223
