config_id,t_s,Icell11_A,Icell12_A,Icell21_A,Icell22_A,Icell31_A,Icell32_A,I_RL_A,V_out_diff_V,E_out_J
2.0,0.0,-7.074924e-05,-7.074924e-05,-2.619869e-07,-2.619869e-07,-2.6198688e-07,-2.6198688e-07,5.239793e-07,1.66893e-06,8.744847346273602e-23
2.0,9.999999439624929e-11,-7.0750066e-05,-7.075045e-05,-2.619843e-07,-2.619843e-07,-2.6204313e-07,-2.620449e-07,5.239792e-07,1.66893e-06,4.372423239455956e-22
2.0,7.999999551699943e-10,-7.075096e-05,-7.0756796e-05,-2.6198884e-07,-2.6198884e-07,-2.6199245e-07,-2.6199123e-07,5.2397945e-07,1.66893e-06,1.0931060782040117e-21
2.0,1.5999999103399887e-09,-7.0746006e-05,-7.0761635e-05,-2.619889e-07,-2.619889e-07,-2.6198688e-07,-2.619864e-07,5.239798e-07,1.66893e-06,2.1424887355387445e-21
2.0,3.1999998206799773e-09,-7.073057e-05,-7.076795e-05,-2.619896e-07,-2.619896e-07,-2.619934e-07,-2.6199203e-07,5.2398065e-07,1.66893e-06,4.241257563023052e-21
2.0,6.399999641359955e-09,-7.069968e-05,-7.077498e-05,-2.6198995e-07,-2.6198995e-07,-2.6198776e-07,-2.619875e-07,5.2398207e-07,1.66893e-06,8.43880640695746e-21
2.0,1.279999928271991e-08,-7.065092e-05,-7.077759e-05,-2.6199308e-07,-2.6199308e-07,-2.6199626e-07,-2.619955e-07,5.2398406e-07,1.66893e-06,1.6833936360681122e-20
2.0,2.559999856543982e-08,-7.0582406e-05,-7.076081e-05,-2.6199734e-07,-2.6199734e-07,-2.6199473e-07,-2.6199493e-07,5.239868e-07,1.66893e-06,3.362428369818674e-20
2.0,5.119999713087964e-08,-7.049433e-05,-7.070404e-05,-2.619887e-07,-2.619887e-07,-2.6199166e-07,-2.619911e-07,5.239913e-07,1.66893e-06,5.563894667026768e-20
2.0,7.594772288960212e-08,-7.046418e-05,-7.0680086e-05,-2.6196201e-07,-2.6196201e-07,-2.6195926e-07,-2.619596e-07,5.23995e-07,1.66893e-06,7.2762828451875e-20
2.0,9.036218103152653e-08,-7.05383e-05,-7.076034e-05,-2.619546e-07,-2.619546e-07,-2.6195718e-07,-2.61957e-07,5.239959e-07,1.66893e-06,8.43268485301215e-20
2.0,1.0239450387132505e-07,-7.067467e-05,-7.09076e-05,-2.6197364e-07,-2.6197364e-07,-2.619704e-07,-2.6197128e-07,5.239947e-07,1.66893e-06,9.729367533703769e-20
2.0,1.2001723289194613e-07,-7.088172e-05,-7.114221e-05,-2.620647e-07,-2.620647e-07,-2.6206695e-07,-2.6206715e-07,5.2399054e-07,1.66893e-06,1.1278995441121354e-19
2.0,1.378346784607792e-07,-7.1061506e-05,-7.1360584e-05,-2.622263e-07,-2.622263e-07,-2.6222315e-07,-2.6222403e-07,5.2398576e-07,1.66893e-06,1.3349375366361364e-19
2.0,1.6736749955650727e-07,-7.130699e-05,-7.168276e-05,-2.6262302e-07,-2.6262302e-07,-2.6262558e-07,-2.6262555e-07,5.2397826e-07,1.66893e-06,1.5986885447322104e-19
2.0,1.9815626123484913e-07,-7.149586e-05,-7.195921e-05,-2.6317673e-07,-2.6317673e-07,-2.631739e-07,-2.631745e-07,5.2397127e-07,1.9073486e-06,2.0239860236196734e-19
2.0,2.52478412661922e-07,-7.1634524e-05,-7.224752e-05,-2.6435222e-07,-2.6435222e-07,-2.6435518e-07,-2.643548e-07,5.239634e-07,1.66893e-06,2.498846174071927e-19
2.0,3.067629641705541e-07,-7.157898e-05,-7.232367e-05,-2.6559775e-07,-2.6559775e-07,-2.6559533e-07,-2.6559556e-07,5.239628e-07,1.9073486e-06,3.162200013191317e-19
2.0,3.852315240625173e-07,-7.149436e-05,-7.242394e-05,-2.673425e-07,-2.673425e-07,-2.6734554e-07,-2.673451e-07,5.23969e-07,1.66893e-06,3.571356761883574e-19
2.0,4.0034144532813506e-07,-7.147801e-05,-7.244777e-05,-2.6767148e-07,-2.6767148e-07,-2.6767177e-07,-2.6767165e-07,5.2397104e-07,1.66893e-06,3.7695545845024185e-19
2.0,4.305612878593705e-07,-7.144473e-05,-7.2495655e-05,-2.6832737e-07,-2.6832737e-07,-2.6832768e-07,-2.6832754e-07,5.239757e-07,1.9073486e-06,4.2225822090833046e-19
2.0,4.910009729218413e-07,-7.137367e-05,-7.259836e-05,-2.6963068e-07,-2.6963068e-07,-2.69631e-07,-2.6963085e-07,5.239885e-07,1.66893e-06,5.015399891298126e-19
2.0,6.11880343046783e-07,-7.122802e-05,-7.280724e-05,-2.722164e-07,-2.722164e-07,-2.722167e-07,-2.7221657e-07,5.2402703e-07,1.66893e-06,6.601151929823559e-19
2.0,8.536390832966664e-07,-7.1017545e-05,-7.311259e-05,-2.771085e-07,-2.771085e-07,-2.7710877e-07,-2.7710868e-07,5.241443e-07,1.66893e-06,8.669092823591538e-19
2.0,1.0846821377247179e-06,-7.095839e-05,-7.3208816e-05,-2.8102974e-07,-2.8102974e-07,-2.8102988e-07,-2.8102986e-07,5.2428874e-07,1.66893e-06,1.1303647856332404e-18
2.0,1.4558222351047566e-06,-7.1073955e-05,-7.307191e-05,-2.8489305e-07,-2.8489305e-07,-2.8489305e-07,-2.8489308e-07,5.2453476e-07,1.66893e-06,1.4658611741859966e-18
2.0,1.8511702677398454e-06,-7.130912e-05,-7.276484e-05,-2.8583443e-07,-2.8583443e-07,-2.8583435e-07,-2.8583437e-07,5.247718e-07,1.66893e-06,1.805625327542238e-18
2.0,2.231710067598693e-06,-7.152742e-05,-7.247223e-05,-2.846143e-07,-2.846143e-07,-2.8461417e-07,-2.8461423e-07,5.249506e-07,1.9073486e-06,2.223321806809943e-18
2.0,2.6855087471903033e-06,-7.172782e-05,-7.2196846e-05,-2.8197394e-07,-2.8197394e-07,-2.8197383e-07,-2.8197388e-07,5.2509546e-07,1.9073486e-06,2.660504603287175e-18
2.0,3.1047311163048792e-06,-7.1849536e-05,-7.2024195e-05,-2.79341e-07,-2.79341e-07,-2.7934092e-07,-2.7934092e-07,5.2517214e-07,1.66893e-06,2.996998071636289e-18
2.0,3.453341852475395e-06,-7.191703e-05,-7.1923976e-05,-2.7738577e-07,-2.7738577e-07,-2.7738568e-07,-2.773857e-07,5.25203e-07,1.66893e-06,3.3004499932630093e-18
2.0,3.79712710330048e-06,-7.196359e-05,-7.1851566e-05,-2.7575817e-07,-2.7575817e-07,-2.757581e-07,-2.757581e-07,5.2521114e-07,1.9073486e-06,3.644575485015058e-18
2.0,4.140383134683944e-06,-7.199552e-05,-7.179795e-05,-2.7442485e-07,-2.7442485e-07,-2.744248e-07,-2.7442482e-07,5.252024e-07,1.66893e-06,3.951764246969318e-18
2.0,4.498050382425307e-06,-7.201811e-05,-7.175653e-05,-2.7330788e-07,-2.7330788e-07,-2.7330785e-07,-2.7330785e-07,5.2517976e-07,1.66893e-06,4.326982352657156e-18
2.0,4.996568240397622e-06,-7.203706e-05,-7.171505e-05,-2.721182e-07,-2.721182e-07,-2.7211817e-07,-2.7211817e-07,5.251318e-07,1.66893e-06,4.786749107396428e-18
2.0,5.547257243301643e-06,-7.2047325e-05,-7.1684066e-05,-2.711738e-07,-2.711738e-07,-2.711738e-07,-2.711738e-07,5.250636e-07,1.66893e-06,5.253476858162878e-18
2.0,6.061798620333112e-06,-7.205074e-05,-7.166366e-05,-2.7053252e-07,-2.7053252e-07,-2.7053252e-07,-2.7053252e-07,5.249906e-07,1.66893e-06,5.693842461874269e-18
2.0,6.552460152490634e-06,-7.2051465e-05,-7.1649054e-05,-2.7006382e-07,-2.7006382e-07,-2.7006382e-07,-2.7006382e-07,5.249156e-07,1.66893e-06,6.121598993632298e-18
2.0,7.038358815968775e-06,-7.205128e-05,-7.1637616e-05,-2.6969153e-07,-2.6969153e-07,-2.6969153e-07,-2.6969153e-07,5.248378e-07,1.66893e-06,6.552842464271438e-18
2.0,7.537126956552652e-06,-7.205259e-05,-7.162846e-05,-2.6937528e-07,-2.6937528e-07,-2.6937528e-07,-2.6937528e-07,5.24755e-07,1.9073486e-06,7.054689020756376e-18
2.0,8.041158658395678e-06,-7.2058065e-05,-7.162175e-05,-2.6910672e-07,-2.6910672e-07,-2.691067e-07,-2.691067e-07,5.2466856e-07,1.66893e-06,7.500421851861504e-18
2.0,8.555205879695111e-06,-7.207375e-05,-7.1618655e-05,-2.6888037e-07,-2.6888037e-07,-2.6888037e-07,-2.6888037e-07,5.2457636e-07,1.66893e-06,7.955935192781367e-18
2.0,9.081759650162698e-06,-7.211058e-05,-7.1621886e-05,-2.6870725e-07,-2.6870725e-07,-2.6870725e-07,-2.6870725e-07,5.244751e-07,1.66893e-06,8.434598834804925e-18
2.0,9.648903846717436e-06,-7.219757e-05,-7.163906e-05,-2.6862335e-07,-2.6862335e-07,-2.6862332e-07,-2.6862335e-07,5.243516e-07,1.66893e-06,8.996343127452886e-18
2.0,1.0365590872543312e-05,-7.2453324e-05,-7.170191e-05,-2.6881065e-07,-2.6881065e-07,-2.688106e-07,-2.6881062e-07,5.24149e-07,1.66893e-06,9.702984278581663e-18
2.0,1.1264511929601704e-05,-7.3289266e-05,-7.192516e-05,-2.7008102e-07,-2.7008102e-07,-2.7008093e-07,-2.7008102e-07,5.2371837e-07,1.66893e-06,1.0527520220614352e-17
2.0,1.2252294354800738e-05,-7.561284e-05,-7.2563955e-05,-2.7443951e-07,-2.7443951e-07,-2.7443932e-07,-2.7443954e-07,5.2270224e-07,1.66893e-06,1.138808263689338e-17
2.0,1.323747921115495e-05,-8.0278514e-05,-7.386095e-05,-2.8437628e-07,-2.8437628e-07,-2.8437594e-07,-2.843763e-07,5.205365e-07,1.66893e-06,1.225430324372568e-17
2.0,1.4246496541704311e-05,-8.7467895e-05,-7.58743e-05,-3.017661e-07,-3.017661e-07,-3.0176562e-07,-3.0176614e-07,5.1641723e-07,1.66893e-06,1.3086408865111765e-17
2.0,1.5168422823824497e-05,-9.5233896e-05,-7.806459e-05,-3.225734e-07,-3.225734e-07,-3.2257287e-07,-3.2257338e-07,5.105728e-07,1.66893e-06,1.3837471541577897e-17
2.0,1.6009326209713063e-05,-0.00010251597,-8.013169e-05,-3.4305552e-07,-3.4305552e-07,-3.4305492e-07,-3.4305543e-07,5.034136e-07,1.66893e-06,1.4506513273993274e-17
2.0,1.676107190801794e-05,-0.00010880517,-8.192565e-05,-3.608256e-07,-3.608256e-07,-3.60825e-07,-3.6082545e-07,4.955836e-07,1.66893e-06,1.5099511437323046e-17
2.0,1.7443257309660004e-05,-0.000114178154,-8.3461564e-05,-3.7567273e-07,-3.7567273e-07,-3.7567207e-07,-3.756725e-07,4.873867e-07,1.4305115e-06,1.555699458147133e-17
2.0,1.8073392815954272e-05,-0.00011880865,-8.478132e-05,-3.8796534e-07,-3.8796534e-07,-3.8796472e-07,-3.879651e-07,4.7896634e-07,1.4305115e-06,1.5995829572095144e-17
2.0,1.8724215296159704e-05,-0.00012324979,-8.602925e-05,-3.990704e-07,-3.990704e-07,-3.9906976e-07,-3.990701e-07,4.6949324e-07,1.4305115e-06,1.641354707231338e-17
2.0,1.9317311422537282e-05,-0.00012703246,-8.7044216e-05,-4.0768631e-07,-4.0768631e-07,-4.076857e-07,-4.0768597e-07,4.6024792e-07,1.4305115e-06,1.6799859321482142e-17
2.0,1.9897721295337192e-05,-0.00013056006,-8.789671e-05,-4.145952e-07,-4.145952e-07,-4.145946e-07,-4.1459484e-07,4.5071945e-07,1.4305115e-06,1.717016940400733e-17
2.0,2.046598828550401e-05,-0.00013397759,-8.854403e-05,-4.1965313e-07,-4.1965313e-07,-4.1965262e-07,-4.1965274e-07,4.4103348e-07,1.4305115e-06,1.7533277458208337e-17
2.0,2.104879463023469e-05,-0.0001375537,-8.8982364e-05,-4.227709e-07,-4.227709e-07,-4.2277043e-07,-4.2277048e-07,4.3086501e-07,1.4305115e-06,1.7913546040314516e-17
2.0,2.1699910755704428e-05,-0.00014162318,-8.9238885e-05,-4.2372903e-07,-4.2372903e-07,-4.237286e-07,-4.2372858e-07,4.1937506e-07,1.4305115e-06,1.836235413974805e-17
2.0,2.254501905725462e-05,-0.00014659882,-8.946623e-05,-4.2235877e-07,-4.2235877e-07,-4.223583e-07,-4.2235834e-07,4.0436103e-07,1.1920929e-06,1.8896602410643187e-17
2.0,2.3916543432996112e-05,-0.00015328238,-8.996564e-05,-4.190588e-07,-4.190588e-07,-4.1905835e-07,-4.1905838e-07,3.796072e-07,1.1920929e-06,1.9531321684112892e-17
2.0,2.535024047766423e-05,-0.00015845886,-9.0681475e-05,-4.17153e-07,-4.17153e-07,-4.1715253e-07,-4.1715262e-07,3.5293237e-07,1.1920929e-06,2.0175599771670848e-17
2.0,2.6979224390694736e-05,-0.00016308858,-9.1326074e-05,-4.1511842e-07,-4.1511842e-07,-4.1511805e-07,-4.1511808e-07,3.216486e-07,1.1920929e-06,2.0851532892674705e-17
2.0,2.8875912903080547e-05,-0.00016683002,-9.203087e-05,-4.1159367e-07,-4.1159367e-07,-4.1159325e-07,-4.1159333e-07,2.8410258e-07,9.536743e-07,2.1456349670132647e-17
2.0,3.144378328357364e-05,-0.0001703544,-9.259206e-05,-4.0463735e-07,-4.0463735e-07,-4.0463706e-07,-4.04637e-07,2.3191348e-07,7.1525574e-07,2.2027025492871638e-17
2.0,3.575660518162069e-05,-0.00017305516,-9.315896e-05,-3.8946433e-07,-3.8946433e-07,-3.89464e-07,-3.8946405e-07,1.4232465e-07,4.7683716e-07,2.2397511048911105e-17
2.0,4.236198355284981e-05,-0.00017342863,-9.313047e-05,-3.6348462e-07,-3.6348462e-07,-3.634845e-07,-3.634844e-07,4.166884e-09,0.0,2.2397511048911105e-17
2.0,5.236198355284981e-05,-0.00016943924,-9.234395e-05,-3.2673384e-07,-3.2673384e-07,-3.2673367e-07,-3.2673373e-07,-1.9980996e-07,-7.1525574e-07,2.382666325564514e-17
2.0,6.236198355284981e-05,-0.00016173263,-9.064484e-05,-2.9450902e-07,-2.9450902e-07,-2.945091e-07,-2.94509e-07,-3.9010592e-07,-1.1920929e-06,2.847708826600032e-17
2.0,7.236198355284981e-05,-0.000147744,-8.777254e-05,-2.6138488e-07,-2.6138488e-07,-2.613849e-07,-2.613849e-07,-5.5499163e-07,-1.66893e-06,3.50676085352224e-17
2.0,7.659264715913578e-05,-0.044629306,0.00012447464,4.664599e-06,4.664599e-06,4.650258e-06,4.6616374e-06,0.00029399898,0.0009701252,8.684531879243189e-13
2.0,7.845153473373023e-05,-0.29707432,-0.000120344994,4.043628e-06,4.043628e-06,3.8857975e-06,4.0232762e-06,0.001326364,0.0043768883,9.572073265410622e-12
2.0,7.959113118363438e-05,-0.54994404,0.00012472761,3.891852e-06,3.891852e-06,3.7509067e-06,3.854783e-06,0.0028566949,0.009427071,3.245491414972713e-11
2.0,8.015094928079206e-05,-0.6804888,-0.000114124494,3.6936278e-06,3.6936278e-06,3.4990944e-06,3.6481617e-06,0.003933406,0.012980223,4.941854698146789e-11
2.0,8.025563570284167e-05,-0.713957,0.00011104418,3.566736e-06,3.566736e-06,3.323575e-06,3.519143e-06,0.0041631977,0.013738632,5.4293967743405224e-11
2.0,8.032142854898016e-05,-0.727558,-9.058439e-05,3.917109e-06,3.917109e-06,3.8377707e-06,3.868617e-06,0.0043101343,0.014223576,5.878558674494855e-11
2.0,8.040216798054815e-05,-0.75042814,9.443089e-05,3.3704919e-06,3.3704919e-06,3.04708e-06,3.3206172e-06,0.0044966037,0.0148386955,6.470874904038192e-11
2.0,8.049897144269719e-05,-0.7751325,-8.220861e-05,3.940872e-06,3.940872e-06,3.885223e-06,3.889356e-06,0.0047263987,0.015597105,7.303272214567603e-11
2.0,8.062800040432844e-05,-0.81033665,9.032583e-05,3.2949972e-06,3.2949972e-06,2.9525427e-06,3.2413643e-06,0.005044841,0.016648054,8.488746312805311e-11
2.0,8.078127158822183e-05,-0.851494,-7.921024e-05,3.891634e-06,3.891634e-06,3.8332437e-06,3.835323e-06,0.0054406044,0.017954111,1.0224135051937755e-10
2.0,8.098331718338589e-05,-0.9076057,8.910151e-05,3.2123844e-06,3.2123844e-06,2.8565887e-06,3.152701e-06,0.0059922147,0.019774199,1.3072970478614892e-10
2.0,8.126212324111796e-05,-0.9856831,-7.743513e-05,3.7927762e-06,3.7927762e-06,3.7223367e-06,3.7281702e-06,0.0068098158,0.022472382,1.8515560650027555e-10
2.0,8.16946145229297e-05,-1.1106579,8.945151e-05,3.0624738e-06,3.0624738e-06,2.6865894e-06,2.990407e-06,0.008210685,0.027095318,3.294808367048639e-10
2.0,8.255959708655317e-05,-1.368759,-7.515873e-05,3.5310316e-06,3.5310316e-06,3.428364e-06,3.4436016e-06,0.011510764,0.037985563,8.511793726170466e-10
2.0,8.408092470939179e-05,-1.841977,9.290323e-05,2.6039966e-06,2.6039966e-06,2.1760802e-06,2.4902488e-06,0.018981036,0.06263757,2.694660449192904e-09
2.0,8.56606835802766e-05,-2.3410854,-7.0295326e-05,2.9757211e-06,2.9757211e-06,2.8197367e-06,2.8362003e-06,0.029025467,0.09578395,8.606052195423717e-09
2.0,8.833345850606357e-05,-3.1676629,9.9222656e-05,1.9158792e-06,1.9158792e-06,1.4388962e-06,1.7396869e-06,0.05125026,0.1691258,3.281348423207735e-08
2.0,9.124632166477044e-05,-3.998178,-6.233632e-05,2.1711858e-06,2.1711858e-06,1.9833885e-06,1.9665683e-06,0.082525454,0.2723341,9.529682487961957e-08
2.0,9.38938360556349e-05,-4.6682625,0.000106277395,1.2158923e-06,1.2158923e-06,7.367591e-07,9.966603e-07,0.11668108,0.38504767,1.8975612029500586e-07
2.0,9.545126142008277e-05,-5.021078,-5.7456655e-05,1.6999919e-06,1.6999919e-06,1.5254915e-06,1.4764964e-06,0.13904071,0.4588344,2.666677395094901e-07
2.0,9.630498476001723e-05,-5.202053,0.00010867928,9.69293e-07,9.69293e-07,5.0274525e-07,7.449172e-07,0.15193826,0.5013964,3.197929653918923e-07
2.0,9.684596657458243e-05,-5.311731,-5.5929544e-05,1.5655628e-06,1.5655628e-06,1.4000109e-06,1.3408553e-06,0.16033038,0.52909017,3.582726277712147e-07
2.0,9.721221121373626e-05,-5.3841286,0.000109289336,8.856429e-07,8.856429e-07,4.2580098e-07,6.6111903e-07,0.16610435,0.54814434,3.897027963183522e-07
2.0,9.753636656408423e-05,-5.446225,-5.5017077e-05,1.5046015e-06,1.5046015e-06,1.3450348e-06,1.2801278e-06,0.17127493,0.56520724,4.215990028775565e-07
2.0,9.787118403548595e-05,-5.508656,0.00010957717,8.323373e-07,8.323373e-07,3.8010504e-07,6.083619e-07,0.17667274,0.58302,4.551082933697322e-07
2.0,9.818700877166055e-05,-5.5646186,-5.4216558e-05,1.4575596e-06,1.4575596e-06,1.3079714e-06,1.2339813e-06,0.18181518,0.5999899,4.901618263243271e-07
2.0,9.851385360143915e-05,-5.618688,0.0001097866,7.989709e-07,7.989709e-07,3.625222e-07,5.764221e-07,0.18718503,0.6177106,5.288084871656029e-07
2.0,9.885548473933243e-05,-5.6680655,-5.3582808e-05,1.4391119e-06,1.4391119e-06,1.3136614e-06,1.2178328e-06,0.1928436,0.636384,5.732493140234909e-07
2.0,9.9238102170615e-05,-5.7120056,0.00010986933,8.0310804e-07,8.0310804e-07,4.043017e-07,5.844302e-07,0.19922459,0.65744114,6.305533815207338e-07
2.0,9.973050004052522e-05,-5.747913,-5.3256583e-05,1.456579e-06,1.456579e-06,1.3830373e-06,1.2422798e-06,0.20747891,0.68468046,6.84669822304232e-07
2.0,0.00010000000099999939,-5.7590437,0.00010970209,8.136388e-07,8.136388e-07,4.580745e-07,6.025723e-07,0.21200801,0.69962645,7.04656951621004e-07
2.0,0.0001000000019999994,-5.759043,0.00010904955,8.150361e-07,8.150361e-07,4.6020324e-07,6.0381825e-07,0.21200803,0.69962645,7.046582123956313e-07
2.0,0.00010000001799999939,-5.759031,9.450286e-05,9.2751407e-07,9.2751407e-07,6.276968e-07,7.119932e-07,0.2120083,0.69962716,7.046617722380985e-07
2.0,0.0001000000499999994,-5.759011,7.191376e-05,1.0370901e-06,1.0370901e-06,7.8485175e-07,8.256973e-07,0.21200883,0.69962907,7.046679385846778e-07
2.0,0.00010000010114499592,-5.758995,5.277113e-05,1.0568572e-06,1.0568572e-06,8.1322037e-07,8.451365e-07,0.2120097,0.69963217,7.04675895277883e-07
2.0,0.000100000157284527,-5.7589874,4.1699393e-05,1.0767972e-06,1.0767972e-06,8.423656e-07,8.6550557e-07,0.21201064,0.699635,7.046855881990914e-07
2.0,0.00010000023183895016,-5.758985,3.5383862e-05,1.0842142e-06,1.0842142e-06,8.5352036e-07,8.728085e-07,0.2120119,0.6996391,7.046978348562e-07
2.0,0.00010000032240967721,-5.758986,3.1246633e-05,1.1005641e-06,1.1005641e-06,8.769436e-07,8.892872e-07,0.21201342,0.6996441,7.047153910006725e-07
2.0,0.00010000046855004724,-5.758991,2.9051662e-05,1.1057244e-06,1.1057244e-06,8.8514923e-07,8.9450316e-07,0.21201588,0.69965243,7.047420560372162e-07
2.0,0.00010000068192834566,-5.7589993,2.7663378e-05,1.1185489e-06,1.1185489e-06,9.031614e-07,9.0732897e-07,0.21201947,0.69966435,7.047891112980072e-07
2.0,0.00010000110296390203,-5.759017,2.796197e-05,1.1211336e-06,1.1211336e-06,9.076893e-07,9.10001e-07,0.21202655,0.6996877,7.048708946527773e-07
2.0,0.00010000178448376765,-5.7590427,2.8049813e-05,1.1314668e-06,1.1314668e-06,9.2191704e-07,9.202871e-07,0.21203801,0.6997254,7.050225686437458e-07
2.0,0.0001000031475234989,-5.759089,2.854893e-05,1.1315567e-06,1.1315567e-06,9.2283915e-07,9.204772e-07,0.21206093,0.6998012,7.05325982311052e-07
2.0,0.00010000587360296138,-5.759173,2.824332e-05,1.1381886e-06,1.1381886e-06,9.317622e-07,9.270687e-07,0.21210676,0.69995236,7.0593307189968e-07
2.0,0.00010001132576188635,-5.7593355,2.8492006e-05,1.13304e-06,1.13304e-06,9.253476e-07,9.2206267e-07,0.21219842,0.7002547,7.071483003367255e-07
2.0,0.0001000222300797363,-5.759657,2.815274e-05,1.1374472e-06,1.1374472e-06,9.314939e-07,9.2652266e-07,0.21238175,0.7008598,7.095829591245826e-07
2.0,0.00010004403871543616,-5.7602825,2.8426768e-05,1.1323356e-06,1.1323356e-06,9.259676e-07,9.217543e-07,0.21274842,0.70206976,7.144691043412708e-07
2.0,0.00010008765598683593,-5.7614455,2.8124416e-05,1.1366615e-06,1.1366615e-06,9.3364713e-07,9.2653596e-07,0.21348178,0.70448995,7.243088837492636e-07
2.0,0.00010017489052963545,-5.763421,2.8413338e-05,1.130953e-06,1.130953e-06,9.3055354e-07,9.21998e-07,0.2149485,0.7093301,7.44259786752621e-07
2.0,0.00010034935961523448,-5.7660766,2.809126e-05,1.1326027e-06,1.1326027e-06,9.4091035e-07,9.258289e-07,0.21788163,0.7190094,7.852580017260432e-07
2.0,0.00010069829778643255,-5.7670655,2.8328872e-05,1.1177855e-06,1.1177855e-06,9.3759263e-07,9.158574e-07,0.22374387,0.7383547,8.7172610245531e-07
2.0,0.0001013961741288287,-5.757021,2.7870314e-05,1.091225e-06,1.091225e-06,9.323887e-07,8.993427e-07,0.23543656,0.7769406,1.0236246692094796e-06
2.0,0.00010235911547863229,-5.728645,2.7908896e-05,1.0286806e-06,1.0286806e-06,8.8787687e-07,8.512694e-07,0.25146946,0.82984924,1.1965916873793205e-06
2.0,0.00010305388516866232,-5.703181,2.7407457e-05,9.887964e-07,9.887964e-07,8.6076346e-07,8.2159505e-07,0.26295018,0.8677356,1.3669660050864906e-06
2.0,0.00010385250539511365,-5.6718655,2.7470536e-05,9.3213885e-07,9.3213885e-07,8.143011e-07,7.765223e-07,0.27604797,0.9109583,1.5909049378912183e-06
2.0,0.0001048349370009131,-5.6327376,2.688708e-05,8.7306734e-07,8.7306734e-07,7.688236e-07,7.3089075e-07,0.2920121,0.96364,1.9090056493082407e-06
2.0,0.000106113392973022,-5.5833507,2.6833957e-05,7.8806914e-07,7.8806914e-07,6.9649826e-07,6.623736e-07,0.31254488,1.0313983,2.384992251861764e-06
2.0,0.00010778808990853081,-5.523879,2.6116606e-05,6.929665e-07,6.929665e-07,6.181837e-07,5.865473e-07,0.3390477,1.1188574,3.096422123191329e-06
2.0,0.0001098642159516195,-5.4601116,2.596906e-05,5.750195e-07,5.750195e-07,5.149532e-07,4.894166e-07,0.3713339,1.2254019,4.256790895799698e-06
2.0,0.00011288823936449949,-5.386697,2.5160145e-05,4.3446332e-07,4.3446332e-07,3.9384807e-07,3.7318253e-07,0.4173798,1.3773534,6.334140301345119e-06
2.0,0.00011709129405418258,-5.317443,2.4988078e-05,2.6425963e-07,2.6425963e-07,2.4000173e-07,2.2751115e-07,0.47978964,1.583306,1.0858919002076624e-05
2.0,0.00012480097819606942,-5.258729,2.4354966e-05,5.218821e-08,5.218821e-08,4.643502e-08,4.060079e-08,0.59077,1.9495411,2.105730996358583e-05
2.0,0.00013480097819606942,-5.259493,2.487868e-05,-1.1487942e-07,-1.1487942e-07,-1.1587936e-07,-1.1538292e-07,0.7300739,2.409244,3.864657268750856e-05
2.0,0.00014480097819606942,-5.29572,2.5216581e-05,-1.9122749e-07,-1.9122749e-07,-1.9133891e-07,-1.9076953e-07,0.8657833,2.8570848,5.7647117979516644e-05
2.0,0.00015016354404758246,-4.1033764,1.6547261e-05,3.6675706e-07,3.6675706e-07,6.8247505e-07,4.4249856e-07,0.9271996,3.059759,7.069447244461137e-05
2.0,0.0001539989485628868,-2.844863,8.586567e-06,1.2347394e-07,1.2347394e-07,3.6377148e-07,2.625444e-07,0.95623946,3.1555903,8.053388787127454e-05
2.0,0.0001566851120180489,-2.179874,4.512931e-06,2.2148491e-07,2.2148491e-07,5.2410644e-07,3.8244238e-07,0.9686487,3.1965406,8.945283821073301e-05
2.0,0.0001597599397818405,-1.6670212,1.6496049e-06,-6.178719e-08,-6.178719e-08,1.1114634e-07,1.02181794e-07,0.97734463,3.2252374,9.919418653431585e-05
2.0,0.0001628658401646783,-1.3610269,-4.2933492e-09,4.3208118e-08,4.3208118e-08,2.6334894e-07,1.9669407e-07,0.9822765,3.2415123,0.00010839180965133178
2.0,0.00016553723003016055,-1.2110459,-6.2008536e-07,-1.9036482e-07,-1.9036482e-07,-8.8320974e-08,-5.300816e-08,0.98467803,3.2494376,0.0001163447383816581
2.0,0.00016783696463180253,-1.1332872,-9.682011e-07,-3.8051237e-08,-3.8051237e-08,1.3015827e-07,8.51102e-08,0.98595494,3.2536511,0.00012434521863806164
2.0,0.0001705251329866465,-1.0781693,-1.0391453e-06,-2.502694e-07,-2.502694e-07,-1.9154969e-07,-1.448157e-07,0.9869082,3.2567973,0.00013270143335828376
2.0,0.00017303659054331678,-1.048268,-1.1230846e-06,-8.605351e-08,-8.605351e-08,4.4048253e-08,5.1604796e-09,0.9874762,3.2586715,0.00014120008965972115
2.0,0.00017580731086642293,-1.028828,-1.0142593e-06,-2.8684912e-07,-2.8684912e-07,-2.5991957e-07,-2.1088238e-07,0.98789585,3.2600565,0.00015109848098949856
2.0,0.00017918352133893228,-1.0155709,-9.986514e-07,-1.18165865e-07,-1.18165865e-07,-1.8090528e-08,-5.6748014e-08,0.9882393,3.2611897,0.00016329772391034136
2.0,0.00018337781321693897,-1.0069988,-8.098105e-07,-3.162222e-07,-3.162222e-07,-3.1841608e-07,-2.7049626e-07,0.9885256,3.2621346,0.0001796171460287892
2.0,0.00018930502358786524,-1.0009719,-7.294389e-07,-1.453387e-07,-1.453387e-07,-7.367607e-08,-1.14482525e-07,0.9887961,3.2630272,0.0002030341133830952
2.0,0.00019789335359583128,-0.99674094,-4.8678754e-07,-3.4101188e-07,-3.4101188e-07,-3.7008525e-07,-3.2473125e-07,0.98904884,3.2638612,0.00023303677641179173
2.0,0.00020789335359583128,-0.9941251,-4.2339187e-07,-1.6357718e-07,-1.6357718e-07,-1.1223901e-07,-1.5520547e-07,0.98923355,3.2644708,0.00026533001743580907
2.0,0.00021789335359583128,-0.9925724,-2.6057256e-07,-3.510713e-07,-3.510713e-07,-3.9156777e-07,-3.474533e-07,0.989351,3.264858,0.00029763092123295874
2.0,0.00022789335359583128,-0.99161136,-2.7367773e-07,-1.6839611e-07,-1.6839611e-07,-1.2260634e-07,-1.6616556e-07,0.9894275,3.2651107,0.0003299368246677122
2.0,0.00023789335359583128,-0.9909917,-1.5944164e-07,-3.533941e-07,-3.533941e-07,-3.96591e-07,-3.5275534e-07,0.9894784,3.2652788,0.0003622460540416441
2.0,0.0002478933535958313,-0.9905859,-2.0594044e-07,-1.6951881e-07,-1.6951881e-07,-1.2504609e-07,-1.6873746e-07,0.9895125,3.2653913,0.0003945575102451048
2.0,0.0002578933535958313,-0.9903169,-1.1280406e-07,-3.5394916e-07,-3.5394916e-07,-3.977961e-07,-3.5401908e-07,0.98953557,3.2654676,0.0004268704732539854
2.0,0.0002678933535958313,-0.99013823,-1.747283e-07,-1.6979178e-07,-1.6979178e-07,-1.2564045e-07,-1.6935982e-07,0.9895513,3.2655194,0.00045918446384694194
2.0,0.0002778933535958313,-0.9900137,-9.0889365e-08,-3.540893e-07,-3.540893e-07,-3.9809882e-07,-3.5433308e-07,0.98956203,3.265555,0.000491499155390521
2.0,0.0002878933535958313,-0.98993224,-1.6033401e-07,-1.6986263e-07,-1.6986263e-07,-1.2579359e-07,-1.6951856e-07,0.9895694,3.2655792,0.0005238143285396299
2.0,0.0002978933535958313,-0.9898731,-8.0437886e-08,-3.5412887e-07,-3.5412887e-07,-3.9818235e-07,-3.5441786e-07,0.9895745,3.2655957,0.000556129830706378
2.0,0.0003078933535958313,-0.989836,-1.5376472e-07,-1.6988278e-07,-1.6988278e-07,-1.2583648e-07,-1.6956258e-07,0.98957795,3.265607,0.0005884455593707762
2.0,0.0003178933535958313,-0.98980707,-7.534442e-08,-3.5414212e-07,-3.5414212e-07,-3.98209e-07,-3.54444e-07,0.98958033,3.265615,0.0006207614430072508
2.0,0.00032789335359583127,-0.9897906,-1.5085888e-07,-1.6988902e-07,-1.6988902e-07,-1.2584957e-07,-1.6957608e-07,0.98958194,3.2656205,0.0006530774339320861
2.0,0.0003378933535958313,-0.98977596,-7.276666e-08,-3.5414763e-07,-3.5414763e-07,-3.9821938e-07,-3.5445365e-07,0.9895831,3.2656243,0.0006853934987666808
2.0,0.00034789335359583127,-0.9897692,-1.496723e-07,-1.6989095e-07,-1.6989095e-07,-1.2585366e-07,-1.6958053e-07,0.98958385,3.265627,0.0007177096160533629
2.0,0.0003578933535958313,-0.9897612,-7.137332e-08,-3.541505e-07,-3.541505e-07,-3.9822442e-07,-3.5445802e-07,0.9895844,3.2656286,0.0007500257667186461
2.0,0.00036789335359583127,-0.989759,-1.4929283e-07,-1.6989138e-07,-1.6989136e-07,-1.2585467e-07,-1.6958194e-07,0.9895848,3.2656298,0.000782341943609973
2.0,0.0003778933535958313,-0.9897542,-7.053904e-08,-3.5415232e-07,-3.5415232e-07,-3.9822737e-07,-3.5446044e-07,0.98958504,3.2656305,0.0008146581348064146
2.0,0.00038789335359583127,-0.9897542,-1.4929164e-07,-1.6989121e-07,-1.6989121e-07,-1.2585454e-07,-1.6958222e-07,0.9895852,3.2656312,0.0008469743379237852
2.0,0.0003978933535958313,-0.9897509,-6.99696e-08,-3.5415366e-07,-3.5415366e-07,-3.9822947e-07,-3.5446206e-07,0.98958534,3.2656317,0.0008792905505778989
2.0,0.00040789335359583126,-0.98975194,-1.4946694e-07,-1.6989082e-07,-1.6989082e-07,-1.2585394e-07,-1.6958205e-07,0.9895854,3.2656317,0.0009116067656161985
2.0,0.0004178933535958313,-0.9897493,-6.952653e-08,-3.5415476e-07,-3.5415476e-07,-3.9823112e-07,-3.5446325e-07,0.98958546,3.2656322,0.0009439229854228696
2.0,0.00042789335359583126,-0.98975086,-1.4972376e-07,-1.6989037e-07,-1.6989037e-07,-1.2585319e-07,-1.6958171e-07,0.9895855,3.2656322,0.0009762392076137266
2.0,0.0004378933535958313,-0.9897486,-6.9144576e-08,-3.5415573e-07,-3.5415573e-07,-3.9823254e-07,-3.5446425e-07,0.9895855,3.2656324,0.0010085554321887693
2.0,0.00044789335359583126,-0.9897503,-1.5001737e-07,-1.698899e-07,-1.698899e-07,-1.2585241e-07,-1.695813e-07,0.9895856,3.2656322,0.001040871656763812
2.0,0.0004578933535958313,-0.98974824,-6.8793014e-08,-3.5415658e-07,-3.5415658e-07,-3.982338e-07,-3.544651e-07,0.9895856,3.2656324,0.0010731878837230405
2.0,0.00046789335359583126,-0.9897501,-1.5032671e-07,-1.6988945e-07,-1.6988945e-07,-1.2585163e-07,-1.695809e-07,0.9895856,3.2656324,0.001105504110682269
2.0,0.0004778933535958313,-0.98974806,-6.8457354e-08,-3.5415738e-07,-3.5415738e-07,-3.9823493e-07,-3.544659e-07,0.9895856,3.2656326,0.0011378203400256833
2.0,0.00048789335359583126,-0.98974997,-1.506419e-07,-1.6988903e-07,-1.6988903e-07,-1.258509e-07,-1.6958052e-07,0.9895856,3.2656324,0.0011701365669849117
2.0,0.0004978933535958312,-0.989748,-6.813074e-08,-3.5415812e-07,-3.5415812e-07,-3.9823598e-07,-3.544666e-07,0.9895856,3.2656326,0.001202452796328326
2.0,0.0005078933535958313,-0.9897499,-1.5095826e-07,-1.6988865e-07,-1.6988865e-07,-1.2585022e-07,-1.6958016e-07,0.9895856,3.2656324,0.0012347690232875548
2.0,0.0005178933535958313,-0.989748,-6.780995e-08,-3.541588e-07,-3.541588e-07,-3.9823695e-07,-3.5446726e-07,0.9895856,3.2656326,0.0012670852526309691
2.0,0.0005278933535958313,-0.98974985,-1.5127364e-07,-1.698883e-07,-1.698883e-07,-1.258496e-07,-1.6957985e-07,0.9895856,3.2656324,0.0012994014795901976
2.0,0.0005378933535958312,-0.98974794,-6.749344e-08,-3.5415943e-07,-3.5415943e-07,-3.9823786e-07,-3.5446786e-07,0.9895856,3.2656326,0.0013317177089336117
2.0,0.0005478933535958313,-0.98974985,-1.5158702e-07,-1.69888e-07,-1.69888e-07,-1.2584904e-07,-1.6957956e-07,0.9895856,3.2656324,0.0013640339358928404
2.0,0.0005578933535958313,-0.98974794,-6.7180466e-08,-3.5416002e-07,-3.5416002e-07,-3.9823868e-07,-3.5446843e-07,0.9895856,3.2656326,0.0013963501652362548
2.0,0.0005678933535958313,-0.98974985,-1.5189792e-07,-1.6988771e-07,-1.6988771e-07,-1.2584853e-07,-1.6957932e-07,0.9895856,3.2656324,0.0014286663921954832
2.0,0.0005778933535958312,-0.98974794,-6.687067e-08,-3.5416056e-07,-3.5416056e-07,-3.9823945e-07,-3.5446894e-07,0.9895856,3.2656326,0.0014609826215388974
2.0,0.0005878933535958312,-0.98974985,-1.5220617e-07,-1.6988749e-07,-1.6988749e-07,-1.2584808e-07,-1.6957912e-07,0.9895856,3.2656324,0.001493298848498126
2.0,0.0005978933535958313,-0.98974794,-6.656387e-08,-3.5416105e-07,-3.5416105e-07,-3.9824013e-07,-3.544694e-07,0.9895856,3.2656326,0.0015256150778415404
2.0,0.0006078933535958313,-0.9897498,-1.5251165e-07,-1.6988729e-07,-1.6988729e-07,-1.2584768e-07,-1.6957895e-07,0.9895856,3.2656324,0.0015579313048007689
2.0,0.0006178933535958312,-0.989748,-6.625997e-08,-3.541615e-07,-3.541615e-07,-3.982408e-07,-3.5446982e-07,0.9895856,3.2656326,0.001590247534144183
2.0,0.0006278933535958312,-0.9897498,-1.5281435e-07,-1.6988712e-07,-1.6988712e-07,-1.2584734e-07,-1.6957881e-07,0.9895856,3.2656324,0.0016225637611034117
2.0,0.0006378933535958313,-0.989748,-6.59589e-08,-3.541619e-07,-3.541619e-07,-3.9824135e-07,-3.544702e-07,0.9895856,3.2656326,0.001654879990446826
2.0,0.0006478933535958313,-0.9897498,-1.5311429e-07,-1.6988699e-07,-1.6988699e-07,-1.2584704e-07,-1.6957871e-07,0.9895856,3.2656324,0.0016871962174060545
2.0,0.0006578933535958312,-0.989748,-6.566063e-08,-3.5416227e-07,-3.5416227e-07,-3.982419e-07,-3.5447053e-07,0.9895856,3.2656326,0.0017195124467494687
2.0,0.0006678933535958312,-0.9897498,-1.5341145e-07,-1.6988689e-07,-1.6988689e-07,-1.258468e-07,-1.6957864e-07,0.9895856,3.2656324,0.0017518286737086973
2.0,0.0006778933535958313,-0.989748,-6.5365114e-08,-3.541626e-07,-3.541626e-07,-3.9824235e-07,-3.5447084e-07,0.9895856,3.2656326,0.0017841449030521117
2.0,0.0006878933535958313,-0.9897498,-1.5370587e-07,-1.6988682e-07,-1.6988682e-07,-1.258466e-07,-1.695786e-07,0.9895856,3.2656324,0.0018164611300113401
2.0,0.0006978933535958312,-0.989748,-6.5072335e-08,-3.541629e-07,-3.541629e-07,-3.9824278e-07,-3.544711e-07,0.9895856,3.2656326,0.0018487773593547543
2.0,0.0007078933535958312,-0.9897498,-1.5399756e-07,-1.6988677e-07,-1.6988677e-07,-1.2584644e-07,-1.695786e-07,0.9895856,3.2656324,0.001881093586313983
2.0,0.0007178933535958313,-0.989748,-6.478226e-08,-3.5416315e-07,-3.5416315e-07,-3.9824315e-07,-3.5447133e-07,0.9895856,3.2656326,0.0019134098156573973
2.0,0.0007278933535958313,-0.9897498,-1.5428655e-07,-1.6988676e-07,-1.6988676e-07,-1.2584633e-07,-1.6957861e-07,0.9895856,3.2656324,0.0019457260426166258
2.0,0.0007378933535958312,-0.989748,-6.449488e-08,-3.5416338e-07,-3.5416338e-07,-3.9824346e-07,-3.5447152e-07,0.9895856,3.2656326,0.00197804227196004
2.0,0.0007478933535958312,-0.9897498,-1.5457286e-07,-1.6988677e-07,-1.6988677e-07,-1.2584627e-07,-1.6957866e-07,0.9895856,3.2656324,0.0020103584989192686
2.0,0.0007578933535958313,-0.989748,-6.421015e-08,-3.5416357e-07,-3.5416357e-07,-3.982437e-07,-3.5447167e-07,0.9895856,3.2656326,0.002042674728262683
2.0,0.0007678933535958313,-0.9897498,-1.5485652e-07,-1.6988682e-07,-1.6988682e-07,-1.2584624e-07,-1.6957873e-07,0.9895856,3.2656324,0.0020749909552219116
2.0,0.0007778933535958312,-0.989748,-6.3928056e-08,-3.5416372e-07,-3.5416372e-07,-3.9824394e-07,-3.544718e-07,0.9895856,3.2656326,0.002107307184565326
2.0,0.0007878933535958312,-0.9897498,-1.5513756e-07,-1.6988689e-07,-1.6988689e-07,-1.2584626e-07,-1.6957883e-07,0.9895856,3.2656324,0.0021396234115245542
2.0,0.0007978933535958313,-0.989748,-6.364857e-08,-3.5416383e-07,-3.5416383e-07,-3.982441e-07,-3.544719e-07,0.9895856,3.2656326,0.002171939640867969
2.0,0.0008078933535958313,-0.9897498,-1.5541598e-07,-1.6988699e-07,-1.6988699e-07,-1.258463e-07,-1.6957895e-07,0.9895856,3.2656324,0.0022042558678271973
2.0,0.0008178933535958312,-0.989748,-6.337168e-08,-3.5416394e-07,-3.5416394e-07,-3.9824425e-07,-3.5447195e-07,0.9895856,3.2656326,0.0022365720971706114
2.0,0.0008278933535958312,-0.9897497,-1.5569182e-07,-1.698871e-07,-1.698871e-07,-1.258464e-07,-1.6957911e-07,0.9895856,3.2656324,0.00226888832412984
2.0,0.0008378933535958313,-0.98974806,-6.3097346e-08,-3.54164e-07,-3.54164e-07,-3.9824434e-07,-3.54472e-07,0.9895856,3.2656326,0.0023012045534732545
2.0,0.0008478933535958313,-0.9897497,-1.559651e-07,-1.6988724e-07,-1.6988724e-07,-1.2584651e-07,-1.6957928e-07,0.9895856,3.2656324,0.002333520780432483
2.0,0.0008578933535958312,-0.98974806,-6.282556e-08,-3.5416403e-07,-3.5416403e-07,-3.9824437e-07,-3.54472e-07,0.9895856,3.2656326,0.002365837009775897
2.0,0.0008678933535958312,-0.9897497,-1.5623584e-07,-1.6988741e-07,-1.6988741e-07,-1.2584667e-07,-1.6957948e-07,0.9895856,3.2656324,0.0023981532367351255
2.0,0.0008778933535958313,-0.98974806,-6.2556296e-08,-3.5416406e-07,-3.5416406e-07,-3.982444e-07,-3.5447198e-07,0.9895856,3.2656326,0.00243046946607854
2.0,0.0008878933535958313,-0.9897497,-1.5650407e-07,-1.698876e-07,-1.698876e-07,-1.2584687e-07,-1.6957969e-07,0.9895856,3.2656324,0.0024627856930377686
2.0,0.0008978933535958312,-0.98974806,-6.228953e-08,-3.5416403e-07,-3.5416403e-07,-3.9824437e-07,-3.5447192e-07,0.9895856,3.2656326,0.0024951019223811827
2.0,0.0009078933535958312,-0.9897497,-1.567698e-07,-1.698878e-07,-1.698878e-07,-1.258471e-07,-1.6957993e-07,0.9895856,3.2656324,0.002527418149340411
2.0,0.0009178933535958312,-0.98974806,-6.202524e-08,-3.54164e-07,-3.54164e-07,-3.9824428e-07,-3.5447187e-07,0.9895856,3.2656326,0.0025597343786838258
2.0,0.0009278933535958313,-0.9897497,-1.5703306e-07,-1.6988804e-07,-1.6988804e-07,-1.2584735e-07,-1.6958019e-07,0.9895856,3.2656324,0.002592050605643054
2.0,0.0009378933535958312,-0.98974806,-6.17634e-08,-3.5416392e-07,-3.5416392e-07,-3.982442e-07,-3.5447175e-07,0.9895856,3.2656326,0.0026243668349864684
2.0,0.0009478933535958312,-0.9897497,-1.5729387e-07,-1.6988828e-07,-1.6988828e-07,-1.2584763e-07,-1.6958047e-07,0.9895856,3.2656324,0.002656683061945697
2.0,0.0009578933535958312,-0.98974806,-6.1504e-08,-3.5416383e-07,-3.5416383e-07,-3.9824405e-07,-3.5447164e-07,0.9895856,3.2656326,0.0026889992912891114
2.0,0.0009678933535958313,-0.9897497,-1.5755226e-07,-1.6988855e-07,-1.6988855e-07,-1.2584795e-07,-1.6958077e-07,0.9895856,3.2656324,0.00272131551824834
2.0,0.0009778933535958313,-0.98974806,-6.1247e-08,-3.5416372e-07,-3.5416372e-07,-3.9824388e-07,-3.544715e-07,0.9895856,3.2656326,0.0027536317475917544
2.0,0.0009878933535958313,-0.9897497,-1.5780824e-07,-1.6988884e-07,-1.6988884e-07,-1.258483e-07,-1.6958109e-07,0.9895856,3.2656324,0.002785947974550983
2.0,0.0009978933535958311,-0.98974806,-6.09924e-08,-3.5416357e-07,-3.5416357e-07,-3.9824369e-07,-3.5447133e-07,0.9895856,3.2656326,0.00280551003263982
2.0,0.001,-0.9897497,-1.5853043e-07,-1.6988959e-07,-1.6988959e-07,-1.2584927e-07,-1.6958192e-07,0.9895856,3.2656324,0.0028089139774216294
2.0,0.001000000001,-0.98974967,-2.1762477e-07,-1.6989387e-07,-1.6989387e-07,-1.2826327e-07,-1.6952652e-07,0.9895856,3.2656324,0.0028089140048904223
2.0,0.001000000017,-0.98974925,-3.3741313e-07,-2.1332659e-07,-2.1332659e-07,-1.9109727e-07,-2.1173776e-07,0.9895856,3.2656326,0.002808914082449373
2.0,0.001000000049,-0.98974925,-6.688427e-08,-2.4302278e-07,-2.4302278e-07,-2.3474708e-07,-2.4317563e-07,0.9895856,3.2656326,0.0028089142375672736
2.0,0.001000000113,-0.9897492,-1.6735963e-07,-2.5546854e-07,-2.5546854e-07,-2.517544e-07,-2.5504045e-07,0.9895856,3.2656326,0.002808914547803075
2.0,0.001000000241,-0.98974925,-4.38778e-08,-2.5897728e-07,-2.5897728e-07,-2.5809496e-07,-2.5926832e-07,0.9895856,3.2656326,0.0028089151682746784
2.0,0.001000000497,-0.9897492,-1.334538e-07,-2.6556395e-07,-2.6556395e-07,-2.6672058e-07,-2.652584e-07,0.9895856,3.2656326,0.0028089164092178855
2.0,0.0010000010090000001,-0.98974925,-3.369177e-08,-2.6198617e-07,-2.6198617e-07,-2.625202e-07,-2.6230927e-07,0.9895856,3.2656326,0.0028089188911042994
2.0,0.0010000020330000001,-0.98974913,-1.3411626e-07,-2.6418834e-07,-2.6418834e-07,-2.6470804e-07,-2.6388034e-07,0.9895856,3.2656326,0.0028089238548771266
2.0,0.0010000040810000002,-0.9897492,-4.061519e-08,-2.6067931e-07,-2.6067931e-07,-2.6058441e-07,-2.6099153e-07,0.9895856,3.2656326,0.002808933782422781
2.0,0.0010000081770000003,-0.9897491,-1.4404488e-07,-2.6346854e-07,-2.6346854e-07,-2.636495e-07,-2.631572e-07,0.9895856,3.2656326,0.00280895363751409
2.0,0.0010000163690000005,-0.9897491,-5.454536e-08,-2.6057862e-07,-2.6057862e-07,-2.60434e-07,-2.6088964e-07,0.9895856,3.2656326,0.0028089933476967083
2.0,0.001000032753000001,-0.9897489,-1.5690709e-07,-2.634838e-07,-2.634838e-07,-2.6367297e-07,-2.6317295e-07,0.9895856,3.2656326,0.002809072768061945
2.0,0.0010000655210000019,-0.98974895,-6.123244e-08,-2.60576e-07,-2.60576e-07,-2.604297e-07,-2.6088685e-07,0.9895856,3.2656326,0.002809231608792418
2.0,0.0010001310570000037,-0.98974884,-1.5778392e-07,-2.634805e-07,-2.634805e-07,-2.6366834e-07,-2.631697e-07,0.9895856,3.2656326,0.0028095492902533645
2.0,0.0010002621290000073,-0.98974895,-6.112056e-08,-2.6057228e-07,-2.6057228e-07,-2.6042412e-07,-2.608831e-07,0.9895856,3.2656326,0.002810184653175257
2.0,0.0010005242730000146,-0.98974884,-1.5781569e-07,-2.634803e-07,-2.634803e-07,-2.6366808e-07,-2.631695e-07,0.9895856,3.2656326,0.002811455379019042
2.0,0.001001048561000029,-0.98974895,-6.110845e-08,-2.6057228e-07,-2.6057228e-07,-2.6042406e-07,-2.6088307e-07,0.9895856,3.2656326,0.002813996830706612
2.0,0.001002097137000058,-0.98974884,-1.5782098e-07,-2.6348033e-07,-2.6348033e-07,-2.6366814e-07,-2.6316954e-07,0.9895856,3.2656326,0.0028190797340817524
2.0,0.0010041942890001159,-0.98974895,-6.1106e-08,-2.6057228e-07,-2.6057228e-07,-2.6042406e-07,-2.6088307e-07,0.9895856,3.2656326,0.002829245540832033
2.0,0.0010083885930002316,-0.98974884,-1.578222e-07,-2.6348036e-07,-2.6348036e-07,-2.6366817e-07,-2.6316957e-07,0.9895856,3.2656326,0.0028495771543325943
2.0,0.0010167772010004632,-0.98974895,-6.110547e-08,-2.605723e-07,-2.605723e-07,-2.604241e-07,-2.608831e-07,0.9895856,3.2656326,0.0028792896780046756
2.0,0.0010267772010004632,-0.98974884,-1.5782264e-07,-2.6348042e-07,-2.6348042e-07,-2.6366826e-07,-2.6316965e-07,0.9895856,3.2656326,0.0029116059073480897
2.0,0.001036777201000463,-0.98974895,-6.110523e-08,-2.605724e-07,-2.605724e-07,-2.6042417e-07,-2.6088318e-07,0.9895856,3.2656326,0.002943922136691504
2.0,0.001046777201000463,-0.98974884,-1.5782304e-07,-2.634805e-07,-2.634805e-07,-2.636683e-07,-2.631697e-07,0.9895856,3.2656326,0.0029762383660349185
2.0,0.001056777201000463,-0.98974895,-6.1105e-08,-2.6057245e-07,-2.6057245e-07,-2.6042423e-07,-2.6088324e-07,0.9895856,3.2656326,0.003008554595378333
2.0,0.001066777201000463,-0.98974884,-1.5782344e-07,-2.6348056e-07,-2.6348056e-07,-2.636684e-07,-2.631698e-07,0.9895856,3.2656326,0.0030408708247217477
2.0,0.0010767772010004631,-0.98974895,-6.1104764e-08,-2.6057253e-07,-2.6057253e-07,-2.604243e-07,-2.608833e-07,0.9895856,3.2656326,0.0030731870540651623
2.0,0.0010867772010004632,-0.98974884,-1.5782383e-07,-2.6348064e-07,-2.6348064e-07,-2.6366845e-07,-2.6316985e-07,0.9895856,3.2656326,0.003105503283408577
2.0,0.0010967772010004632,-0.98974895,-6.110453e-08,-2.605726e-07,-2.605726e-07,-2.6042437e-07,-2.6088338e-07,0.9895856,3.2656326,0.0031378195127519915
2.0,0.0011067772010004632,-0.98974884,-1.5782422e-07,-2.634807e-07,-2.634807e-07,-2.6366854e-07,-2.6316994e-07,0.9895856,3.2656326,0.0031701357420954057
2.0,0.001116777201000463,-0.98974895,-6.1104295e-08,-2.6057265e-07,-2.6057265e-07,-2.6042443e-07,-2.6088344e-07,0.9895856,3.2656326,0.00320245197143882
2.0,0.001126777201000463,-0.98974884,-1.578246e-07,-2.6348076e-07,-2.6348076e-07,-2.636686e-07,-2.6317e-07,0.9895856,3.2656326,0.0032347682007822344
2.0,0.001136777201000463,-0.98974895,-6.110407e-08,-2.605727e-07,-2.605727e-07,-2.6042449e-07,-2.608835e-07,0.9895856,3.2656326,0.003267084430125649
2.0,0.001146777201000463,-0.98974884,-1.5782499e-07,-2.6348084e-07,-2.6348084e-07,-2.6366868e-07,-2.6317005e-07,0.9895856,3.2656326,0.0032994006594690636
2.0,0.0011567772010004631,-0.98974895,-6.110384e-08,-2.6057276e-07,-2.6057276e-07,-2.6042454e-07,-2.6088355e-07,0.9895856,3.2656326,0.0033317168888124782
2.0,0.0011667772010004632,-0.98974884,-1.5782535e-07,-2.634809e-07,-2.634809e-07,-2.6366874e-07,-2.6317014e-07,0.9895856,3.2656326,0.003364033118155893
2.0,0.0011767772010004632,-0.98974895,-6.110361e-08,-2.6057282e-07,-2.6057282e-07,-2.604246e-07,-2.608836e-07,0.9895856,3.2656326,0.0033963493474993074
2.0,0.0011867772010004632,-0.98974884,-1.5782571e-07,-2.6348096e-07,-2.6348096e-07,-2.636688e-07,-2.631702e-07,0.9895856,3.2656326,0.0034286655768427216
2.0,0.001196777201000463,-0.98974895,-6.1103385e-08,-2.6057288e-07,-2.6057288e-07,-2.6042466e-07,-2.6088367e-07,0.9895856,3.2656326,0.0034609818061861358
2.0,0.001206777201000463,-0.98974884,-1.5782608e-07,-2.63481e-07,-2.63481e-07,-2.6366885e-07,-2.6317025e-07,0.9895856,3.2656326,0.0034932980355295504
2.0,0.001216777201000463,-0.98974895,-6.1103165e-08,-2.6057293e-07,-2.6057293e-07,-2.604247e-07,-2.6088372e-07,0.9895856,3.2656326,0.003525614264872965
2.0,0.001226777201000463,-0.98974884,-1.5782642e-07,-2.6348107e-07,-2.6348107e-07,-2.636689e-07,-2.631703e-07,0.9895856,3.2656326,0.0035579304942163796
2.0,0.0012367772010004631,-0.98974895,-6.110294e-08,-2.60573e-07,-2.60573e-07,-2.6042477e-07,-2.6088378e-07,0.9895856,3.2656326,0.003590246723559794
2.0,0.0012467772010004631,-0.98974884,-1.5782678e-07,-2.6348113e-07,-2.6348113e-07,-2.6366897e-07,-2.6317036e-07,0.9895856,3.2656326,0.0036225629529032088
2.0,0.0012567772010004632,-0.98974895,-6.110272e-08,-2.6057305e-07,-2.6057305e-07,-2.604248e-07,-2.6088384e-07,0.9895856,3.2656326,0.0036548791822466234
2.0,0.0012667772010004632,-0.98974884,-1.5782712e-07,-2.6348118e-07,-2.6348118e-07,-2.6366902e-07,-2.6317042e-07,0.9895856,3.2656326,0.0036871954115900375
2.0,0.001276777201000463,-0.98974895,-6.11025e-08,-2.605731e-07,-2.605731e-07,-2.6042486e-07,-2.608839e-07,0.9895856,3.2656326,0.0037195116409334517
2.0,0.001286777201000463,-0.98974884,-1.5782746e-07,-2.6348124e-07,-2.6348124e-07,-2.6366908e-07,-2.6317048e-07,0.9895856,3.2656326,0.0037518278702768663
2.0,0.001296777201000463,-0.98974895,-6.110228e-08,-2.6057313e-07,-2.6057313e-07,-2.604249e-07,-2.6088392e-07,0.9895856,3.2656326,0.003784144099620281
2.0,0.001306777201000463,-0.98974884,-1.5782778e-07,-2.634813e-07,-2.634813e-07,-2.6366914e-07,-2.6317053e-07,0.9895856,3.2656326,0.0038164603289636955
2.0,0.0013167772010004631,-0.98974895,-6.1102064e-08,-2.605732e-07,-2.605732e-07,-2.6042494e-07,-2.6088398e-07,0.9895856,3.2656326,0.00384877655830711
2.0,0.0013267772010004631,-0.98974884,-1.5782813e-07,-2.6348135e-07,-2.6348135e-07,-2.636692e-07,-2.6317056e-07,0.9895856,3.2656326,0.0038810927876505247
2.0,0.0013367772010004632,-0.98974895,-6.110185e-08,-2.6057324e-07,-2.6057324e-07,-2.60425e-07,-2.6088404e-07,0.9895856,3.2656326,0.003913409016993939
2.0,0.0013467772010004632,-0.98974884,-1.5782844e-07,-2.6348138e-07,-2.6348138e-07,-2.6366925e-07,-2.6317062e-07,0.9895856,3.2656326,0.003945725246337353
2.0,0.001356777201000463,-0.98974895,-6.110164e-08,-2.6057327e-07,-2.6057327e-07,-2.6042503e-07,-2.6088406e-07,0.9895856,3.2656326,0.003978041475680767
2.0,0.001366777201000463,-0.98974884,-1.5782877e-07,-2.6348144e-07,-2.6348144e-07,-2.636693e-07,-2.6317068e-07,0.9895856,3.2656326,0.004010357705024181
2.0,0.001376777201000463,-0.98974895,-6.1101424e-08,-2.6057333e-07,-2.6057333e-07,-2.6042508e-07,-2.6088412e-07,0.9895856,3.2656326,0.0040426739343675955
2.0,0.001386777201000463,-0.98974884,-1.5782908e-07,-2.634815e-07,-2.634815e-07,-2.6366934e-07,-2.631707e-07,0.9895856,3.2656326,0.00407499016371101
2.0,0.001396777201000463,-0.98974895,-6.110121e-08,-2.6057336e-07,-2.6057336e-07,-2.604251e-07,-2.6088415e-07,0.9895856,3.2656326,0.004107306393054424
2.0,0.0014067772010004631,-0.98974884,-1.5782939e-07,-2.6348152e-07,-2.6348152e-07,-2.636694e-07,-2.6317076e-07,0.9895856,3.2656326,0.004139622622397838
2.0,0.0014167772010004632,-0.98974895,-6.1101005e-08,-2.6057342e-07,-2.6057342e-07,-2.6042514e-07,-2.6088418e-07,0.9895856,3.2656326,0.004171938851741252
2.0,0.0014267772010004632,-0.98974884,-1.5782969e-07,-2.6348158e-07,-2.6348158e-07,-2.6366945e-07,-2.6317082e-07,0.9895856,3.2656326,0.004204255081084666
2.0,0.001436777201000463,-0.98974895,-6.11008e-08,-2.6057344e-07,-2.6057344e-07,-2.604252e-07,-2.6088424e-07,0.9895856,3.2656326,0.0042365713104280806
2.0,0.001446777201000463,-0.98974884,-1.5782999e-07,-2.634816e-07,-2.634816e-07,-2.6366948e-07,-2.6317085e-07,0.9895856,3.2656326,0.004268887539771495
2.0,0.001456777201000463,-0.98974895,-6.110059e-08,-2.6057347e-07,-2.6057347e-07,-2.6042522e-07,-2.6088426e-07,0.9895856,3.2656326,0.004301203769114909
2.0,0.001466777201000463,-0.98974884,-1.5783029e-07,-2.6348167e-07,-2.6348167e-07,-2.6366953e-07,-2.631709e-07,0.9895856,3.2656326,0.004333519998458323
2.0,0.001476777201000463,-0.98974895,-6.1100394e-08,-2.6057353e-07,-2.6057353e-07,-2.6042525e-07,-2.608843e-07,0.9895856,3.2656326,0.004365836227801737
2.0,0.0014867772010004631,-0.98974884,-1.5783058e-07,-2.634817e-07,-2.634817e-07,-2.6366956e-07,-2.6317093e-07,0.9895856,3.2656326,0.004398152457145151
2.0,0.0014967772010004632,-0.98974895,-6.110019e-08,-2.6057356e-07,-2.6057356e-07,-2.6042528e-07,-2.6088435e-07,0.9895856,3.2656326,0.0044304686864885656
2.0,0.0015067772010004632,-0.98974884,-1.5783087e-07,-2.6348172e-07,-2.6348172e-07,-2.6366962e-07,-2.6317096e-07,0.9895856,3.2656326,0.00446278491583198
2.0,0.001516777201000463,-0.98974895,-6.109999e-08,-2.605736e-07,-2.605736e-07,-2.6042534e-07,-2.6088438e-07,0.9895856,3.2656326,0.004495101145175394
2.0,0.001526777201000463,-0.98974884,-1.5783115e-07,-2.6348178e-07,-2.6348178e-07,-2.6366965e-07,-2.6317102e-07,0.9895856,3.2656326,0.004527417374518808
2.0,0.001536777201000463,-0.98974895,-6.109979e-08,-2.6057361e-07,-2.6057361e-07,-2.6042537e-07,-2.608844e-07,0.9895856,3.2656326,0.004559733603862222
2.0,0.001546777201000463,-0.98974884,-1.5783142e-07,-2.634818e-07,-2.634818e-07,-2.636697e-07,-2.6317105e-07,0.9895856,3.2656326,0.004592049833205636
2.0,0.001556777201000463,-0.98974895,-6.10996e-08,-2.6057364e-07,-2.6057364e-07,-2.604254e-07,-2.6088443e-07,0.9895856,3.2656326,0.0046243660625490506
2.0,0.0015667772010004631,-0.98974884,-1.578317e-07,-2.6348184e-07,-2.6348184e-07,-2.6366973e-07,-2.6317107e-07,0.9895856,3.2656326,0.004656682291892465
2.0,0.0015767772010004631,-0.98974895,-6.10994e-08,-2.605737e-07,-2.605737e-07,-2.6042542e-07,-2.6088446e-07,0.9895856,3.2656326,0.004688998521235879
2.0,0.0015867772010004632,-0.98974884,-1.5783198e-07,-2.634819e-07,-2.634819e-07,-2.6366976e-07,-2.6317113e-07,0.9895856,3.2656326,0.004721314750579293
2.0,0.001596777201000463,-0.98974895,-6.109921e-08,-2.6057373e-07,-2.6057373e-07,-2.6042545e-07,-2.608845e-07,0.9895856,3.2656326,0.004753630979922707
2.0,0.001606777201000463,-0.98974884,-1.5783225e-07,-2.6348192e-07,-2.6348192e-07,-2.636698e-07,-2.6317116e-07,0.9895856,3.2656326,0.004785947209266121
2.0,0.001616777201000463,-0.98974895,-6.1099016e-08,-2.6057376e-07,-2.6057376e-07,-2.6042548e-07,-2.6088452e-07,0.9895856,3.2656326,0.0048182634386095356
2.0,0.001626777201000463,-0.98974884,-1.578325e-07,-2.6348195e-07,-2.6348195e-07,-2.6366985e-07,-2.631712e-07,0.9895856,3.2656326,0.00485057966795295
2.0,0.001636777201000463,-0.98974895,-6.109883e-08,-2.6057378e-07,-2.6057378e-07,-2.604255e-07,-2.6088455e-07,0.9895856,3.2656326,0.004882895897296364
2.0,0.0016467772010004631,-0.98974884,-1.5783276e-07,-2.6348198e-07,-2.6348198e-07,-2.6366988e-07,-2.6317122e-07,0.9895856,3.2656326,0.004915212126639778
2.0,0.0016567772010004631,-0.98974895,-6.109864e-08,-2.605738e-07,-2.605738e-07,-2.6042554e-07,-2.6088458e-07,0.9895856,3.2656326,0.004947528355983192
2.0,0.0016667772010004632,-0.98974884,-1.5783301e-07,-2.63482e-07,-2.63482e-07,-2.636699e-07,-2.6317124e-07,0.9895856,3.2656326,0.004979844585326606
2.0,0.001676777201000463,-0.98974895,-6.1098454e-08,-2.6057384e-07,-2.6057384e-07,-2.6042554e-07,-2.608846e-07,0.9895856,3.2656326,0.0050121608146700206
2.0,0.001686777201000463,-0.98974884,-1.5783327e-07,-2.6348204e-07,-2.6348204e-07,-2.6366993e-07,-2.6317127e-07,0.9895856,3.2656326,0.005044477044013435
2.0,0.001696777201000463,-0.98974895,-6.109828e-08,-2.6057387e-07,-2.6057387e-07,-2.6042557e-07,-2.6088463e-07,0.9895856,3.2656326,0.005076793273356849
2.0,0.001706777201000463,-0.98974884,-1.5783351e-07,-2.6348206e-07,-2.6348206e-07,-2.6366996e-07,-2.631713e-07,0.9895856,3.2656326,0.005109109502700263
2.0,0.001716777201000463,-0.98974895,-6.109809e-08,-2.6057387e-07,-2.6057387e-07,-2.604256e-07,-2.6088466e-07,0.9895856,3.2656326,0.005141425732043677
2.0,0.001726777201000463,-0.98974884,-1.5783377e-07,-2.634821e-07,-2.634821e-07,-2.6367e-07,-2.6317136e-07,0.9895856,3.2656326,0.005173741961387091
2.0,0.0017367772010004631,-0.98974895,-6.1097914e-08,-2.605739e-07,-2.605739e-07,-2.6042562e-07,-2.608847e-07,0.9895856,3.2656326,0.0052060581907305056
2.0,0.0017467772010004632,-0.98974884,-1.57834e-07,-2.6348212e-07,-2.6348212e-07,-2.6367005e-07,-2.631714e-07,0.9895856,3.2656326,0.00523837442007392
2.0,0.001756777201000463,-0.98974895,-6.109774e-08,-2.6057393e-07,-2.6057393e-07,-2.6042565e-07,-2.6088472e-07,0.9895856,3.2656326,0.005270690649417334
2.0,0.001766777201000463,-0.98974884,-1.5783424e-07,-2.6348215e-07,-2.6348215e-07,-2.6367007e-07,-2.6317142e-07,0.9895856,3.2656326,0.005303006878760748
2.0,0.001776777201000463,-0.98974895,-6.109756e-08,-2.6057396e-07,-2.6057396e-07,-2.6042565e-07,-2.6088472e-07,0.9895856,3.2656326,0.005335323108104162
2.0,0.001786777201000463,-0.98974884,-1.5783448e-07,-2.6348218e-07,-2.6348218e-07,-2.636701e-07,-2.6317142e-07,0.9895856,3.2656326,0.005367639337447576
2.0,0.001796777201000463,-0.98974895,-6.109738e-08,-2.6057398e-07,-2.6057398e-07,-2.6042568e-07,-2.6088475e-07,0.9895856,3.2656326,0.0053999555667909906
2.0,0.001806777201000463,-0.98974884,-1.578347e-07,-2.634822e-07,-2.634822e-07,-2.6367013e-07,-2.6317144e-07,0.9895856,3.2656326,0.005432271796134405
2.0,0.0018167772010004631,-0.98974895,-6.109721e-08,-2.6057398e-07,-2.6057398e-07,-2.604257e-07,-2.6088478e-07,0.9895856,3.2656326,0.005464588025477819
2.0,0.0018267772010004632,-0.98974884,-1.5783493e-07,-2.6348224e-07,-2.6348224e-07,-2.6367016e-07,-2.6317147e-07,0.9895856,3.2656326,0.005496904254821233
2.0,0.001836777201000463,-0.98974895,-6.109704e-08,-2.60574e-07,-2.60574e-07,-2.604257e-07,-2.608848e-07,0.9895856,3.2656326,0.005529220484164647
2.0,0.001846777201000463,-0.98974884,-1.5783515e-07,-2.6348226e-07,-2.6348226e-07,-2.636702e-07,-2.631715e-07,0.9895856,3.2656326,0.005561536713508061
2.0,0.001856777201000463,-0.98974895,-6.109687e-08,-2.6057404e-07,-2.6057404e-07,-2.6042574e-07,-2.608848e-07,0.9895856,3.2656326,0.0055938529428514756
2.0,0.001866777201000463,-0.98974884,-1.5783537e-07,-2.634823e-07,-2.634823e-07,-2.636702e-07,-2.6317153e-07,0.9895856,3.2656326,0.00562616917219489
2.0,0.001876777201000463,-0.98974895,-6.10967e-08,-2.6057407e-07,-2.6057407e-07,-2.6042576e-07,-2.6088483e-07,0.9895856,3.2656326,0.005658485401538304
2.0,0.001886777201000463,-0.98974884,-1.5783559e-07,-2.6348232e-07,-2.6348232e-07,-2.6367022e-07,-2.6317156e-07,0.9895856,3.2656326,0.005690801630881718
2.0,0.0018967772010004631,-0.98974895,-6.1096536e-08,-2.6057407e-07,-2.6057407e-07,-2.6042576e-07,-2.6088486e-07,0.9895856,3.2656326,0.005723117860225132
2.0,0.0019067772010004631,-0.98974884,-1.578358e-07,-2.6348232e-07,-2.6348232e-07,-2.6367024e-07,-2.631716e-07,0.9895856,3.2656326,0.005755434089568546
2.0,0.001916777201000463,-0.98974895,-6.109637e-08,-2.605741e-07,-2.605741e-07,-2.604258e-07,-2.6088486e-07,0.9895856,3.2656326,0.005787750318911961
2.0,0.001926777201000463,-0.98974884,-1.5783601e-07,-2.6348235e-07,-2.6348235e-07,-2.6367027e-07,-2.6317161e-07,0.9895856,3.2656326,0.005820066548255375
2.0,0.001936777201000463,-0.98974895,-6.109621e-08,-2.605741e-07,-2.605741e-07,-2.604258e-07,-2.608849e-07,0.9895856,3.2656326,0.005852382777598789
2.0,0.001946777201000463,-0.98974884,-1.5783621e-07,-2.6348238e-07,-2.6348238e-07,-2.636703e-07,-2.6317161e-07,0.9895856,3.2656326,0.005884699006942203
2.0,0.001956777201000463,-0.98974895,-6.109605e-08,-2.6057413e-07,-2.6057413e-07,-2.6042582e-07,-2.6088492e-07,0.9895856,3.2656326,0.005917015236285617
2.0,0.001966777201000463,-0.98974884,-1.5783642e-07,-2.634824e-07,-2.634824e-07,-2.6367033e-07,-2.6317164e-07,0.9895856,3.2656326,0.005949331465629031
2.0,0.001976777201000463,-0.98974895,-6.109589e-08,-2.6057415e-07,-2.6057415e-07,-2.6042585e-07,-2.6088492e-07,0.9895856,3.2656326,0.005981647694972446
2.0,0.001986777201000463,-0.98974884,-1.5783662e-07,-2.634824e-07,-2.634824e-07,-2.6367036e-07,-2.6317167e-07,0.9895856,3.2656326,0.00601396392431586
2.0,0.001996777201000463,-0.98974895,-6.109573e-08,-2.6057415e-07,-2.6057415e-07,-2.6042585e-07,-2.6088495e-07,0.9895856,3.2656326,0.006046280153659274
2.0,0.002006777201000463,-0.98974884,-1.5783682e-07,-2.6348243e-07,-2.6348243e-07,-2.6367036e-07,-2.631717e-07,0.9895856,3.2656326,0.006078596383002688
2.0,0.002016777201000463,-0.98974895,-6.1095584e-08,-2.6057418e-07,-2.6057418e-07,-2.6042585e-07,-2.6088495e-07,0.9895856,3.2656326,0.006110912612346102
2.0,0.0020267772010004632,-0.98974884,-1.5783701e-07,-2.6348246e-07,-2.6348246e-07,-2.636704e-07,-2.631717e-07,0.9895856,3.2656326,0.0061432288416895155
2.0,0.002036777201000463,-0.98974895,-6.109543e-08,-2.6057418e-07,-2.6057418e-07,-2.6042588e-07,-2.6088497e-07,0.9895856,3.2656326,0.006175545071032929
2.0,0.002046777201000463,-0.98974884,-1.578372e-07,-2.634825e-07,-2.634825e-07,-2.6367042e-07,-2.6317173e-07,0.9895856,3.2656326,0.006207861300376343
2.0,0.002056777201000463,-0.98974895,-6.109528e-08,-2.605742e-07,-2.605742e-07,-2.6042588e-07,-2.6088497e-07,0.9895856,3.2656326,0.006240177529719757
2.0,0.002066777201000463,-0.98974884,-1.5783739e-07,-2.634825e-07,-2.634825e-07,-2.6367044e-07,-2.6317176e-07,0.9895856,3.2656326,0.006272493759063171
2.0,0.002076777201000463,-0.98974895,-6.109513e-08,-2.605742e-07,-2.605742e-07,-2.604259e-07,-2.60885e-07,0.9895856,3.2656326,0.0063048099884065855
2.0,0.002086777201000463,-0.98974884,-1.5783758e-07,-2.6348252e-07,-2.6348252e-07,-2.6367044e-07,-2.6317176e-07,0.9895856,3.2656326,0.00633712621775
2.0,0.002096777201000463,-0.98974895,-6.109498e-08,-2.6057424e-07,-2.6057424e-07,-2.604259e-07,-2.60885e-07,0.9895856,3.2656326,0.006369442447093414
2.0,0.002106777201000463,-0.98974884,-1.5783776e-07,-2.6348252e-07,-2.6348252e-07,-2.6367047e-07,-2.6317178e-07,0.9895856,3.2656326,0.006401758676436828
2.0,0.002116777201000463,-0.98974895,-6.109484e-08,-2.6057424e-07,-2.6057424e-07,-2.6042594e-07,-2.6088503e-07,0.9895856,3.2656326,0.006434074905780242
2.0,0.002126777201000463,-0.98974884,-1.5783795e-07,-2.6348255e-07,-2.6348255e-07,-2.636705e-07,-2.631718e-07,0.9895856,3.2656326,0.006466391135123656
2.0,0.002136777201000463,-0.98974895,-6.109469e-08,-2.6057427e-07,-2.6057427e-07,-2.6042594e-07,-2.6088503e-07,0.9895856,3.2656326,0.0064987073644670705
2.0,0.002146777201000463,-0.98974884,-1.5783812e-07,-2.6348258e-07,-2.6348258e-07,-2.636705e-07,-2.631718e-07,0.9895856,3.2656326,0.006531023593810485
2.0,0.002156777201000463,-0.98974895,-6.1094546e-08,-2.6057427e-07,-2.6057427e-07,-2.6042594e-07,-2.6088503e-07,0.9895856,3.2656326,0.006563339823153899
2.0,0.002166777201000463,-0.98974884,-1.5783829e-07,-2.6348258e-07,-2.6348258e-07,-2.6367053e-07,-2.6317184e-07,0.9895856,3.2656326,0.006595656052497313
2.0,0.002176777201000463,-0.98974895,-6.109441e-08,-2.6057427e-07,-2.6057427e-07,-2.6042596e-07,-2.6088506e-07,0.9895856,3.2656326,0.006627972281840727
2.0,0.0021867772010004632,-0.98974884,-1.5783846e-07,-2.634826e-07,-2.634826e-07,-2.6367056e-07,-2.6317184e-07,0.9895856,3.2656326,0.0066602885111841405
2.0,0.002196777201000463,-0.98974895,-6.109427e-08,-2.605743e-07,-2.605743e-07,-2.6042596e-07,-2.6088506e-07,0.9895856,3.2656326,0.006692604740527554
2.0,0.002206777201000463,-0.98974884,-1.5783863e-07,-2.634826e-07,-2.634826e-07,-2.6367056e-07,-2.6317187e-07,0.9895856,3.2656326,0.006724920969870968
2.0,0.002216777201000463,-0.98974895,-6.1094134e-08,-2.605743e-07,-2.605743e-07,-2.6042596e-07,-2.608851e-07,0.9895856,3.2656326,0.006757237199214382
2.0,0.002226777201000463,-0.98974884,-1.578388e-07,-2.6348263e-07,-2.6348263e-07,-2.636706e-07,-2.6317187e-07,0.9895856,3.2656326,0.006789553428557796
2.0,0.002236777201000463,-0.98974895,-6.1094e-08,-2.6057432e-07,-2.6057432e-07,-2.60426e-07,-2.608851e-07,0.9895856,3.2656326,0.0068218696579012104
2.0,0.002246777201000463,-0.98974884,-1.5783897e-07,-2.6348263e-07,-2.6348263e-07,-2.636706e-07,-2.631719e-07,0.9895856,3.2656326,0.006854185887244625
2.0,0.002256777201000463,-0.98974895,-6.1093864e-08,-2.6057432e-07,-2.6057432e-07,-2.60426e-07,-2.608851e-07,0.9895856,3.2656326,0.006886502116588039
2.0,0.002266777201000463,-0.98974884,-1.5783912e-07,-2.6348266e-07,-2.6348266e-07,-2.6367061e-07,-2.631719e-07,0.9895856,3.2656326,0.006918818345931453
2.0,0.002276777201000463,-0.98974895,-6.109373e-08,-2.6057432e-07,-2.6057432e-07,-2.60426e-07,-2.6088512e-07,0.9895856,3.2656326,0.006951134575274867
2.0,0.002286777201000463,-0.98974884,-1.5783928e-07,-2.6348266e-07,-2.6348266e-07,-2.6367064e-07,-2.6317193e-07,0.9895856,3.2656326,0.006983450804618281
2.0,0.002296777201000463,-0.98974895,-6.10936e-08,-2.6057435e-07,-2.6057435e-07,-2.60426e-07,-2.6088512e-07,0.9895856,3.2656326,0.0070157670339616954
2.0,0.002306777201000463,-0.98974884,-1.5783944e-07,-2.634827e-07,-2.634827e-07,-2.6367064e-07,-2.6317193e-07,0.9895856,3.2656326,0.00704808326330511
2.0,0.002316777201000463,-0.98974895,-6.109347e-08,-2.6057435e-07,-2.6057435e-07,-2.6042602e-07,-2.6088512e-07,0.9895856,3.2656326,0.007080399492648524
2.0,0.002326777201000463,-0.98974884,-1.578396e-07,-2.634827e-07,-2.634827e-07,-2.6367067e-07,-2.6317196e-07,0.9895856,3.2656326,0.007112715721991938
2.0,0.002336777201000463,-0.98974895,-6.1093345e-08,-2.6057435e-07,-2.6057435e-07,-2.6042602e-07,-2.6088514e-07,0.9895856,3.2656326,0.007145031951335352
2.0,0.002346777201000463,-0.98974884,-1.5783975e-07,-2.6348272e-07,-2.6348272e-07,-2.6367067e-07,-2.6317196e-07,0.9895856,3.2656326,0.007177348180678765
2.0,0.002356777201000463,-0.98974895,-6.1093225e-08,-2.6057438e-07,-2.6057438e-07,-2.6042602e-07,-2.6088514e-07,0.9895856,3.2656326,0.007209664410022179
2.0,0.002366777201000463,-0.98974884,-1.5783989e-07,-2.6348272e-07,-2.6348272e-07,-2.636707e-07,-2.6317198e-07,0.9895856,3.2656326,0.007241980639365593
2.0,0.002376777201000463,-0.98974895,-6.10931e-08,-2.6057438e-07,-2.6057438e-07,-2.6042602e-07,-2.6088514e-07,0.9895856,3.2656326,0.007274296868709007
2.0,0.002386777201000463,-0.98974884,-1.5784003e-07,-2.6348275e-07,-2.6348275e-07,-2.636707e-07,-2.6317198e-07,0.9895856,3.2656326,0.007306613098052421
2.0,0.002396777201000463,-0.98974895,-6.1092976e-08,-2.6057438e-07,-2.6057438e-07,-2.6042605e-07,-2.6088514e-07,0.9895856,3.2656326,0.007338929327395835
2.0,0.002406777201000463,-0.98974884,-1.5784019e-07,-2.6348275e-07,-2.6348275e-07,-2.6367073e-07,-2.63172e-07,0.9895856,3.2656326,0.0073712455567392495
2.0,0.002416777201000463,-0.98974895,-6.1092855e-08,-2.6057438e-07,-2.6057438e-07,-2.6042605e-07,-2.6088517e-07,0.9895856,3.2656326,0.007403561786082664
2.0,0.002426777201000463,-0.98974884,-1.5784032e-07,-2.6348278e-07,-2.6348278e-07,-2.6367073e-07,-2.63172e-07,0.9895856,3.2656326,0.007435878015426078
2.0,0.002436777201000463,-0.98974895,-6.109274e-08,-2.605744e-07,-2.605744e-07,-2.6042605e-07,-2.6088517e-07,0.9895856,3.2656326,0.007468194244769492
2.0,0.002446777201000463,-0.98974884,-1.5784046e-07,-2.6348278e-07,-2.6348278e-07,-2.6367076e-07,-2.6317204e-07,0.9895856,3.2656326,0.007500510474112906
2.0,0.002456777201000463,-0.98974895,-6.109262e-08,-2.605744e-07,-2.605744e-07,-2.6042605e-07,-2.6088517e-07,0.9895856,3.2656326,0.00753282670345632
2.0,0.002466777201000463,-0.98974884,-1.578406e-07,-2.6348278e-07,-2.6348278e-07,-2.6367076e-07,-2.6317204e-07,0.9895856,3.2656326,0.0075651429327997346
2.0,0.002476777201000463,-0.98974895,-6.109251e-08,-2.605744e-07,-2.605744e-07,-2.6042605e-07,-2.6088517e-07,0.9895856,3.2656326,0.007597459162143149
2.0,0.002486777201000463,-0.98974884,-1.5784073e-07,-2.634828e-07,-2.634828e-07,-2.6367078e-07,-2.6317204e-07,0.9895856,3.2656326,0.007629775391486563
2.0,0.002496777201000463,-0.98974895,-6.109239e-08,-2.605744e-07,-2.605744e-07,-2.6042608e-07,-2.608852e-07,0.9895856,3.2656326,0.007662091620829977
2.0,0.002506777201000463,-0.98974884,-1.5784087e-07,-2.634828e-07,-2.634828e-07,-2.6367078e-07,-2.6317207e-07,0.9895856,3.2656326,0.00769440785017339
2.0,0.002516777201000463,-0.98974895,-6.109228e-08,-2.6057444e-07,-2.6057444e-07,-2.6042608e-07,-2.608852e-07,0.9895856,3.2656326,0.007726724079516804
2.0,0.002526777201000463,-0.98974884,-1.57841e-07,-2.634828e-07,-2.634828e-07,-2.6367078e-07,-2.6317207e-07,0.9895856,3.2656326,0.007759040308860218
2.0,0.002536777201000463,-0.98974895,-6.109217e-08,-2.6057444e-07,-2.6057444e-07,-2.6042608e-07,-2.608852e-07,0.9895856,3.2656326,0.007791356538203632
2.0,0.002546777201000463,-0.98974884,-1.5784113e-07,-2.6348283e-07,-2.6348283e-07,-2.636708e-07,-2.631721e-07,0.9895856,3.2656326,0.007823672767547047
2.0,0.002556777201000463,-0.98974895,-6.109206e-08,-2.6057444e-07,-2.6057444e-07,-2.6042608e-07,-2.608852e-07,0.9895856,3.2656326,0.007855988996890462
2.0,0.002566777201000463,-0.98974884,-1.5784126e-07,-2.6348283e-07,-2.6348283e-07,-2.636708e-07,-2.631721e-07,0.9895856,3.2656326,0.007888305226233877
2.0,0.002576777201000463,-0.98974895,-6.109195e-08,-2.6057444e-07,-2.6057444e-07,-2.6042608e-07,-2.608852e-07,0.9895856,3.2656326,0.007920621455577292
2.0,0.002586777201000463,-0.98974884,-1.5784138e-07,-2.6348286e-07,-2.6348286e-07,-2.6367084e-07,-2.631721e-07,0.9895856,3.2656326,0.007952937684920707
2.0,0.002596777201000463,-0.98974895,-6.109185e-08,-2.6057444e-07,-2.6057444e-07,-2.6042608e-07,-2.6088523e-07,0.9895856,3.2656326,0.007985253914264122
2.0,0.002606777201000463,-0.98974884,-1.578415e-07,-2.6348286e-07,-2.6348286e-07,-2.6367084e-07,-2.6317213e-07,0.9895856,3.2656326,0.008017570143607537
2.0,0.002616777201000463,-0.98974895,-6.109175e-08,-2.6057447e-07,-2.6057447e-07,-2.6042608e-07,-2.6088523e-07,0.9895856,3.2656326,0.008049886372950952
2.0,0.002626777201000463,-0.98974884,-1.5784163e-07,-2.6348286e-07,-2.6348286e-07,-2.6367087e-07,-2.6317213e-07,0.9895856,3.2656326,0.008082202602294367
2.0,0.002636777201000463,-0.98974895,-6.109165e-08,-2.6057447e-07,-2.6057447e-07,-2.6042608e-07,-2.6088523e-07,0.9895856,3.2656326,0.008114518831637782
2.0,0.002646777201000463,-0.98974884,-1.5784174e-07,-2.6348286e-07,-2.6348286e-07,-2.6367087e-07,-2.6317213e-07,0.9895856,3.2656326,0.008146835060981197
2.0,0.002656777201000463,-0.98974895,-6.109154e-08,-2.6057447e-07,-2.6057447e-07,-2.604261e-07,-2.6088523e-07,0.9895856,3.2656326,0.008179151290324612
2.0,0.002666777201000463,-0.98974884,-1.5784185e-07,-2.634829e-07,-2.634829e-07,-2.6367087e-07,-2.6317215e-07,0.9895856,3.2656326,0.008211467519668026
2.0,0.0026767772010004628,-0.98974895,-6.109145e-08,-2.6057447e-07,-2.6057447e-07,-2.604261e-07,-2.6088523e-07,0.9895856,3.2656326,0.008243783749011439
2.0,0.002686777201000463,-0.98974884,-1.5784197e-07,-2.634829e-07,-2.634829e-07,-2.636709e-07,-2.6317215e-07,0.9895856,3.2656326,0.008276099978354854
2.0,0.002696777201000463,-0.98974895,-6.109135e-08,-2.6057447e-07,-2.6057447e-07,-2.604261e-07,-2.6088523e-07,0.9895856,3.2656326,0.008308416207698269
2.0,0.002706777201000463,-0.98974884,-1.5784208e-07,-2.634829e-07,-2.634829e-07,-2.636709e-07,-2.6317215e-07,0.9895856,3.2656326,0.008340732437041684
2.0,0.002716777201000463,-0.98974895,-6.109125e-08,-2.6057447e-07,-2.6057447e-07,-2.604261e-07,-2.6088526e-07,0.9895856,3.2656326,0.0083730486663851
2.0,0.002726777201000463,-0.98974884,-1.578422e-07,-2.6348292e-07,-2.6348292e-07,-2.636709e-07,-2.6317218e-07,0.9895856,3.2656326,0.008405364895728514
2.0,0.002736777201000463,-0.98974895,-6.109116e-08,-2.605745e-07,-2.605745e-07,-2.604261e-07,-2.6088526e-07,0.9895856,3.2656326,0.00843768112507193
2.0,0.002746777201000463,-0.98974884,-1.578423e-07,-2.6348292e-07,-2.6348292e-07,-2.6367093e-07,-2.6317218e-07,0.9895856,3.2656326,0.008469997354415344
2.0,0.002756777201000463,-0.98974895,-6.1091065e-08,-2.605745e-07,-2.605745e-07,-2.604261e-07,-2.6088526e-07,0.9895856,3.2656326,0.00850231358375876
2.0,0.002766777201000463,-0.98974884,-1.5784241e-07,-2.6348292e-07,-2.6348292e-07,-2.6367093e-07,-2.6317218e-07,0.9895856,3.2656326,0.008534629813102174
2.0,0.002776777201000463,-0.98974895,-6.109097e-08,-2.605745e-07,-2.605745e-07,-2.604261e-07,-2.6088526e-07,0.9895856,3.2656326,0.00856694604244559
2.0,0.002786777201000463,-0.98974884,-1.578425e-07,-2.6348295e-07,-2.6348295e-07,-2.6367093e-07,-2.6317218e-07,0.9895856,3.2656326,0.008599262271789004
2.0,0.002796777201000463,-0.98974895,-6.109088e-08,-2.605745e-07,-2.605745e-07,-2.604261e-07,-2.6088526e-07,0.9895856,3.2656326,0.00863157850113242
2.0,0.002806777201000463,-0.98974884,-1.578426e-07,-2.6348295e-07,-2.6348295e-07,-2.6367096e-07,-2.631722e-07,0.9895856,3.2656326,0.008663894730475834
2.0,0.002816777201000463,-0.98974895,-6.1090795e-08,-2.605745e-07,-2.605745e-07,-2.604261e-07,-2.6088526e-07,0.9895856,3.2656326,0.00869621095981925
2.0,0.002826777201000463,-0.98974884,-1.578427e-07,-2.6348295e-07,-2.6348295e-07,-2.6367096e-07,-2.631722e-07,0.9895856,3.2656326,0.008728527189162663
2.0,0.0028367772010004628,-0.98974895,-6.109071e-08,-2.605745e-07,-2.605745e-07,-2.604261e-07,-2.6088526e-07,0.9895856,3.2656326,0.008760843418506076
2.0,0.002846777201000463,-0.98974884,-1.578428e-07,-2.6348295e-07,-2.6348295e-07,-2.6367096e-07,-2.631722e-07,0.9895856,3.2656326,0.008793159647849491
2.0,0.002856777201000463,-0.98974895,-6.1090624e-08,-2.605745e-07,-2.605745e-07,-2.604261e-07,-2.6088526e-07,0.9895856,3.2656326,0.008825475877192906
2.0,0.002866777201000463,-0.98974884,-1.578429e-07,-2.6348297e-07,-2.6348297e-07,-2.6367098e-07,-2.6317224e-07,0.9895856,3.2656326,0.008857792106536321
2.0,0.002876777201000463,-0.98974895,-6.109054e-08,-2.605745e-07,-2.605745e-07,-2.604261e-07,-2.6088526e-07,0.9895856,3.2656326,0.008890108335879736
2.0,0.002886777201000463,-0.98974884,-1.57843e-07,-2.6348297e-07,-2.6348297e-07,-2.6367098e-07,-2.6317224e-07,0.9895856,3.2656326,0.008922424565223151
2.0,0.002896777201000463,-0.98974895,-6.1090454e-08,-2.6057452e-07,-2.6057452e-07,-2.604261e-07,-2.608853e-07,0.9895856,3.2656326,0.008954740794566566
2.0,0.002906777201000463,-0.98974884,-1.5784309e-07,-2.6348297e-07,-2.6348297e-07,-2.6367098e-07,-2.6317224e-07,0.9895856,3.2656326,0.008987057023909981
2.0,0.002916777201000463,-0.98974895,-6.1090375e-08,-2.6057452e-07,-2.6057452e-07,-2.604261e-07,-2.608853e-07,0.9895856,3.2656326,0.009019373253253396
2.0,0.002926777201000463,-0.98974884,-1.5784319e-07,-2.6348297e-07,-2.6348297e-07,-2.63671e-07,-2.6317224e-07,0.9895856,3.2656326,0.009051689482596811
2.0,0.002936777201000463,-0.98974895,-6.10903e-08,-2.6057452e-07,-2.6057452e-07,-2.604261e-07,-2.608853e-07,0.9895856,3.2656326,0.009084005711940226
2.0,0.002946777201000463,-0.98974884,-1.5784327e-07,-2.63483e-07,-2.63483e-07,-2.63671e-07,-2.6317227e-07,0.9895856,3.2656326,0.009116321941283641
2.0,0.002956777201000463,-0.98974895,-6.109022e-08,-2.6057452e-07,-2.6057452e-07,-2.604261e-07,-2.608853e-07,0.9895856,3.2656326,0.009148638170627056
2.0,0.002966777201000463,-0.98974884,-1.5784336e-07,-2.63483e-07,-2.63483e-07,-2.63671e-07,-2.6317227e-07,0.9895856,3.2656326,0.009180954399970472
2.0,0.002976777201000463,-0.98974895,-6.109014e-08,-2.6057452e-07,-2.6057452e-07,-2.604261e-07,-2.608853e-07,0.9895856,3.2656326,0.009213270629313887
2.0,0.002986777201000463,-0.98974884,-1.5784344e-07,-2.63483e-07,-2.63483e-07,-2.6367104e-07,-2.6317227e-07,0.9895856,3.2656326,0.0092455868586573
2.0,0.0029967772010004627,-0.98974895,-6.109006e-08,-2.6057452e-07,-2.6057452e-07,-2.604261e-07,-2.608853e-07,0.9895856,3.2656326,0.009277903088000713
2.0,0.0030067772010004628,-0.98974884,-1.5784353e-07,-2.63483e-07,-2.63483e-07,-2.6367104e-07,-2.6317227e-07,0.9895856,3.2656326,0.009310219317344128
2.0,0.003016777201000463,-0.98974895,-6.108999e-08,-2.6057452e-07,-2.6057452e-07,-2.604261e-07,-2.608853e-07,0.9895856,3.2656326,0.009342535546687543
2.0,0.003026777201000463,-0.98974884,-1.5784362e-07,-2.63483e-07,-2.63483e-07,-2.6367104e-07,-2.6317227e-07,0.9895856,3.2656326,0.009374851776030958
2.0,0.003036777201000463,-0.98974895,-6.108992e-08,-2.6057452e-07,-2.6057452e-07,-2.604261e-07,-2.608853e-07,0.9895856,3.2656326,0.009407168005374373
2.0,0.003046777201000463,-0.98974884,-1.5784369e-07,-2.6348303e-07,-2.6348303e-07,-2.6367104e-07,-2.631723e-07,0.9895856,3.2656326,0.009439484234717788
2.0,0.003056777201000463,-0.98974895,-6.108985e-08,-2.6057452e-07,-2.6057452e-07,-2.604261e-07,-2.608853e-07,0.9895856,3.2656326,0.009471800464061203
2.0,0.003066777201000463,-0.98974884,-1.5784377e-07,-2.6348303e-07,-2.6348303e-07,-2.6367107e-07,-2.631723e-07,0.9895856,3.2656326,0.009504116693404618
2.0,0.003076777201000463,-0.98974895,-6.108978e-08,-2.6057452e-07,-2.6057452e-07,-2.604261e-07,-2.608853e-07,0.9895856,3.2656326,0.009536432922748033
2.0,0.003086777201000463,-0.98974884,-1.5784386e-07,-2.6348303e-07,-2.6348303e-07,-2.6367107e-07,-2.631723e-07,0.9895856,3.2656326,0.009568749152091448
2.0,0.003096777201000463,-0.98974895,-6.108971e-08,-2.6057452e-07,-2.6057452e-07,-2.604261e-07,-2.608853e-07,0.9895856,3.2656326,0.009601065381434864
2.0,0.003106777201000463,-0.98974884,-1.5784393e-07,-2.6348303e-07,-2.6348303e-07,-2.6367107e-07,-2.631723e-07,0.9895856,3.2656326,0.009633381610778279
2.0,0.003116777201000463,-0.98974895,-6.1089644e-08,-2.6057452e-07,-2.6057452e-07,-2.604261e-07,-2.608853e-07,0.9895856,3.2656326,0.009665697840121694
2.0,0.003126777201000463,-0.98974884,-1.57844e-07,-2.6348303e-07,-2.6348303e-07,-2.6367107e-07,-2.6317232e-07,0.9895856,3.2656326,0.009698014069465109
2.0,0.003136777201000463,-0.98974895,-6.108958e-08,-2.6057452e-07,-2.6057452e-07,-2.604261e-07,-2.608853e-07,0.9895856,3.2656326,0.009730330298808524
2.0,0.003146777201000463,-0.98974884,-1.5784407e-07,-2.6348306e-07,-2.6348306e-07,-2.636711e-07,-2.6317232e-07,0.9895856,3.2656326,0.009762646528151937
2.0,0.0031567772010004627,-0.98974895,-6.108951e-08,-2.6057452e-07,-2.6057452e-07,-2.604261e-07,-2.608853e-07,0.9895856,3.2656326,0.00979496275749535
2.0,0.0031667772010004628,-0.98974884,-1.5784414e-07,-2.6348306e-07,-2.6348306e-07,-2.636711e-07,-2.6317232e-07,0.9895856,3.2656326,0.009827278986838765
2.0,0.003176777201000463,-0.98974895,-6.108945e-08,-2.6057455e-07,-2.6057455e-07,-2.604261e-07,-2.608853e-07,0.9895856,3.2656326,0.00985959521618218
2.0,0.003186777201000463,-0.98974884,-1.5784421e-07,-2.6348306e-07,-2.6348306e-07,-2.636711e-07,-2.6317232e-07,0.9895856,3.2656326,0.009891911445525595
2.0,0.003196777201000463,-0.98974895,-6.108939e-08,-2.6057455e-07,-2.6057455e-07,-2.604261e-07,-2.608853e-07,0.9895856,3.2656326,0.00992422767486901
2.0,0.003206777201000463,-0.98974884,-1.5784428e-07,-2.6348306e-07,-2.6348306e-07,-2.636711e-07,-2.6317232e-07,0.9895856,3.2656326,0.009956543904212425
2.0,0.003216777201000463,-0.98974895,-6.1089324e-08,-2.6057455e-07,-2.6057455e-07,-2.604261e-07,-2.608853e-07,0.9895856,3.2656326,0.00998886013355584
2.0,0.003226777201000463,-0.98974884,-1.5784435e-07,-2.6348306e-07,-2.6348306e-07,-2.6367113e-07,-2.6317232e-07,0.9895856,3.2656326,0.010021176362899255
2.0,0.003236777201000463,-0.98974895,-6.108927e-08,-2.6057455e-07,-2.6057455e-07,-2.604261e-07,-2.608853e-07,0.9895856,3.2656326,0.01005349259224267
2.0,0.003246777201000463,-0.98974884,-1.5784441e-07,-2.6348306e-07,-2.6348306e-07,-2.6367113e-07,-2.6317235e-07,0.9895856,3.2656326,0.010085808821586086
2.0,0.003256777201000463,-0.98974895,-6.108921e-08,-2.6057455e-07,-2.6057455e-07,-2.604261e-07,-2.608853e-07,0.9895856,3.2656326,0.0101181250509295
2.0,0.003266777201000463,-0.98974884,-1.5784448e-07,-2.634831e-07,-2.634831e-07,-2.6367113e-07,-2.6317235e-07,0.9895856,3.2656326,0.010150441280272916
2.0,0.003276777201000463,-0.98974895,-6.108915e-08,-2.6057455e-07,-2.6057455e-07,-2.604261e-07,-2.608853e-07,0.9895856,3.2656326,0.01018275750961633
2.0,0.003286777201000463,-0.98974884,-1.5784454e-07,-2.634831e-07,-2.634831e-07,-2.6367113e-07,-2.6317235e-07,0.9895856,3.2656326,0.010215073738959746
2.0,0.003296777201000463,-0.98974895,-6.10891e-08,-2.6057455e-07,-2.6057455e-07,-2.604261e-07,-2.608853e-07,0.9895856,3.2656326,0.01024738996830316
2.0,0.003306777201000463,-0.98974884,-1.5784461e-07,-2.634831e-07,-2.634831e-07,-2.6367115e-07,-2.6317235e-07,0.9895856,3.2656326,0.010279706197646574
2.0,0.0033167772010004627,-0.98974895,-6.108904e-08,-2.6057455e-07,-2.6057455e-07,-2.604261e-07,-2.608853e-07,0.9895856,3.2656326,0.010312022426989987
2.0,0.0033267772010004627,-0.98974884,-1.5784467e-07,-2.634831e-07,-2.634831e-07,-2.6367115e-07,-2.6317235e-07,0.9895856,3.2656326,0.010344338656333402
2.0,0.0033367772010004628,-0.98974895,-6.108899e-08,-2.6057455e-07,-2.6057455e-07,-2.604261e-07,-2.608853e-07,0.9895856,3.2656326,0.010376654885676817
2.0,0.003346777201000463,-0.98974884,-1.5784472e-07,-2.634831e-07,-2.634831e-07,-2.6367115e-07,-2.6317238e-07,0.9895856,3.2656326,0.010408971115020232
2.0,0.003356777201000463,-0.98974895,-6.108894e-08,-2.6057455e-07,-2.6057455e-07,-2.604261e-07,-2.608853e-07,0.9895856,3.2656326,0.010441287344363647
2.0,0.003366777201000463,-0.98974884,-1.5784478e-07,-2.634831e-07,-2.634831e-07,-2.6367115e-07,-2.6317238e-07,0.9895856,3.2656326,0.010473603573707062
2.0,0.003376777201000463,-0.98974895,-6.108889e-08,-2.6057455e-07,-2.6057455e-07,-2.604261e-07,-2.608853e-07,0.9895856,3.2656326,0.010505919803050478
2.0,0.003386777201000463,-0.98974884,-1.5784484e-07,-2.6348312e-07,-2.6348312e-07,-2.6367118e-07,-2.6317238e-07,0.9895856,3.2656326,0.010538236032393893
2.0,0.003396777201000463,-0.98974895,-6.108884e-08,-2.6057455e-07,-2.6057455e-07,-2.604261e-07,-2.608853e-07,0.9895856,3.2656326,0.010570552261737308
2.0,0.003406777201000463,-0.98974884,-1.578449e-07,-2.6348312e-07,-2.6348312e-07,-2.6367118e-07,-2.6317238e-07,0.9895856,3.2656326,0.010602868491080723
2.0,0.003416777201000463,-0.98974895,-6.108879e-08,-2.6057455e-07,-2.6057455e-07,-2.604261e-07,-2.608853e-07,0.9895856,3.2656326,0.010635184720424138
2.0,0.003426777201000463,-0.98974884,-1.5784494e-07,-2.6348312e-07,-2.6348312e-07,-2.6367118e-07,-2.6317238e-07,0.9895856,3.2656326,0.010667500949767553
2.0,0.003436777201000463,-0.98974895,-6.108874e-08,-2.6057455e-07,-2.6057455e-07,-2.604261e-07,-2.608853e-07,0.9895856,3.2656326,0.010699817179110968
2.0,0.003446777201000463,-0.98974884,-1.57845e-07,-2.6348312e-07,-2.6348312e-07,-2.6367118e-07,-2.6317238e-07,0.9895856,3.2656326,0.010732133408454383
2.0,0.003456777201000463,-0.98974895,-6.10887e-08,-2.6057455e-07,-2.6057455e-07,-2.604261e-07,-2.608853e-07,0.9895856,3.2656326,0.010764449637797798
2.0,0.003466777201000463,-0.98974884,-1.5784504e-07,-2.6348312e-07,-2.6348312e-07,-2.6367118e-07,-2.6317238e-07,0.9895856,3.2656326,0.010796765867141211
2.0,0.0034767772010004627,-0.98974895,-6.1088656e-08,-2.6057455e-07,-2.6057455e-07,-2.604261e-07,-2.608853e-07,0.9895856,3.2656326,0.010829082096484624
2.0,0.0034867772010004627,-0.98974884,-1.578451e-07,-2.6348312e-07,-2.6348312e-07,-2.636712e-07,-2.631724e-07,0.9895856,3.2656326,0.01086139832582804
2.0,0.0034967772010004628,-0.98974895,-6.108861e-08,-2.6057455e-07,-2.6057455e-07,-2.604261e-07,-2.608853e-07,0.9895856,3.2656326,0.010893714555171454
2.0,0.003506777201000463,-0.98974884,-1.5784514e-07,-2.6348312e-07,-2.6348312e-07,-2.636712e-07,-2.631724e-07,0.9895856,3.2656326,0.01092603078451487
2.0,0.003516777201000463,-0.98974895,-6.108857e-08,-2.6057455e-07,-2.6057455e-07,-2.6042608e-07,-2.608853e-07,0.9895856,3.2656326,0.010958347013858285
2.0,0.003526777201000463,-0.98974884,-1.5784518e-07,-2.6348314e-07,-2.6348314e-07,-2.636712e-07,-2.631724e-07,0.9895856,3.2656326,0.0109906632432017
2.0,0.003536777201000463,-0.98974895,-6.108853e-08,-2.6057455e-07,-2.6057455e-07,-2.6042608e-07,-2.608853e-07,0.9895856,3.2656326,0.011022979472545115
2.0,0.003546777201000463,-0.98974884,-1.5784522e-07,-2.6348314e-07,-2.6348314e-07,-2.636712e-07,-2.631724e-07,0.9895856,3.2656326,0.01105529570188853
2.0,0.003556777201000463,-0.98974895,-6.1088485e-08,-2.6057455e-07,-2.6057455e-07,-2.6042608e-07,-2.608853e-07,0.9895856,3.2656326,0.011087611931231945
2.0,0.003566777201000463,-0.98974884,-1.5784528e-07,-2.6348314e-07,-2.6348314e-07,-2.636712e-07,-2.631724e-07,0.9895856,3.2656326,0.01111992816057536
2.0,0.003576777201000463,-0.98974895,-6.108845e-08,-2.6057455e-07,-2.6057455e-07,-2.6042608e-07,-2.608853e-07,0.9895856,3.2656326,0.011152244389918775
2.0,0.003586777201000463,-0.98974884,-1.578453e-07,-2.6348314e-07,-2.6348314e-07,-2.6367124e-07,-2.631724e-07,0.9895856,3.2656326,0.01118456061926219
2.0,0.003596777201000463,-0.98974895,-6.1088414e-08,-2.6057455e-07,-2.6057455e-07,-2.6042608e-07,-2.608853e-07,0.9895856,3.2656326,0.011216876848605605
2.0,0.003606777201000463,-0.98974884,-1.5784535e-07,-2.6348314e-07,-2.6348314e-07,-2.6367124e-07,-2.6317244e-07,0.9895856,3.2656326,0.01124919307794902
2.0,0.003616777201000463,-0.98974895,-6.108837e-08,-2.6057455e-07,-2.6057455e-07,-2.6042608e-07,-2.608853e-07,0.9895856,3.2656326,0.011281509307292435
2.0,0.003626777201000463,-0.98974884,-1.5784539e-07,-2.6348314e-07,-2.6348314e-07,-2.6367124e-07,-2.6317244e-07,0.9895856,3.2656326,0.011313825536635848
2.0,0.0036367772010004627,-0.98974895,-6.1088336e-08,-2.6057455e-07,-2.6057455e-07,-2.6042608e-07,-2.608853e-07,0.9895856,3.2656326,0.011346141765979261
2.0,0.0036467772010004627,-0.98974884,-1.5784543e-07,-2.6348314e-07,-2.6348314e-07,-2.6367124e-07,-2.6317244e-07,0.9895856,3.2656326,0.011378457995322677
2.0,0.0036567772010004627,-0.98974895,-6.108831e-08,-2.6057455e-07,-2.6057455e-07,-2.6042608e-07,-2.608853e-07,0.9895856,3.2656326,0.011410774224666092
2.0,0.0036667772010004628,-0.98974884,-1.5784548e-07,-2.6348314e-07,-2.6348314e-07,-2.6367124e-07,-2.6317244e-07,0.9895856,3.2656326,0.011443090454009507
2.0,0.003676777201000463,-0.98974895,-6.108827e-08,-2.6057455e-07,-2.6057455e-07,-2.6042608e-07,-2.608853e-07,0.9895856,3.2656326,0.011475406683352922
2.0,0.003686777201000463,-0.98974884,-1.578455e-07,-2.6348317e-07,-2.6348317e-07,-2.6367127e-07,-2.6317244e-07,0.9895856,3.2656326,0.011507722912696337
2.0,0.003696777201000463,-0.98974895,-6.108824e-08,-2.6057455e-07,-2.6057455e-07,-2.6042608e-07,-2.608853e-07,0.9895856,3.2656326,0.011540039142039752
2.0,0.003706777201000463,-0.98974884,-1.5784555e-07,-2.6348317e-07,-2.6348317e-07,-2.6367127e-07,-2.6317244e-07,0.9895856,3.2656326,0.011572355371383167
2.0,0.003716777201000463,-0.98974895,-6.108821e-08,-2.6057455e-07,-2.6057455e-07,-2.6042608e-07,-2.608853e-07,0.9895856,3.2656326,0.011604671600726582
2.0,0.003726777201000463,-0.98974884,-1.5784558e-07,-2.6348317e-07,-2.6348317e-07,-2.6367127e-07,-2.6317244e-07,0.9895856,3.2656326,0.011636987830069997
2.0,0.003736777201000463,-0.98974895,-6.108818e-08,-2.6057455e-07,-2.6057455e-07,-2.6042608e-07,-2.608853e-07,0.9895856,3.2656326,0.011669304059413412
2.0,0.003746777201000463,-0.98974884,-1.578456e-07,-2.6348317e-07,-2.6348317e-07,-2.6367127e-07,-2.6317244e-07,0.9895856,3.2656326,0.011701620288756827
2.0,0.003756777201000463,-0.98974895,-6.108815e-08,-2.6057455e-07,-2.6057455e-07,-2.6042608e-07,-2.608853e-07,0.9895856,3.2656326,0.011733936518100242
2.0,0.003766777201000463,-0.98974884,-1.5784563e-07,-2.6348317e-07,-2.6348317e-07,-2.6367127e-07,-2.6317247e-07,0.9895856,3.2656326,0.011766252747443657
2.0,0.003776777201000463,-0.98974895,-6.108812e-08,-2.6057455e-07,-2.6057455e-07,-2.6042605e-07,-2.608853e-07,0.9895856,3.2656326,0.011798568976787072
2.0,0.003786777201000463,-0.98974884,-1.5784568e-07,-2.6348317e-07,-2.6348317e-07,-2.6367127e-07,-2.6317247e-07,0.9895856,3.2656326,0.011830885206130485
2.0,0.0037967772010004627,-0.98974895,-6.1088095e-08,-2.6057455e-07,-2.6057455e-07,-2.6042605e-07,-2.608853e-07,0.9895856,3.2656326,0.011863201435473899
2.0,0.0038067772010004627,-0.98974884,-1.578457e-07,-2.6348317e-07,-2.6348317e-07,-2.636713e-07,-2.6317247e-07,0.9895856,3.2656326,0.011895517664817314
2.0,0.0038167772010004627,-0.98974895,-6.108807e-08,-2.6057455e-07,-2.6057455e-07,-2.6042605e-07,-2.608853e-07,0.9895856,3.2656326,0.011927833894160729
2.0,0.0038267772010004628,-0.98974884,-1.5784573e-07,-2.6348317e-07,-2.6348317e-07,-2.636713e-07,-2.6317247e-07,0.9895856,3.2656326,0.011960150123504144
2.0,0.003836777201000463,-0.98974895,-6.1088045e-08,-2.6057455e-07,-2.6057455e-07,-2.6042605e-07,-2.608853e-07,0.9895856,3.2656326,0.011992466352847559
2.0,0.003846777201000463,-0.98974884,-1.5784575e-07,-2.634832e-07,-2.634832e-07,-2.636713e-07,-2.6317247e-07,0.9895856,3.2656326,0.012024782582190974
2.0,0.003856777201000463,-0.98974895,-6.108802e-08,-2.6057455e-07,-2.6057455e-07,-2.6042605e-07,-2.608853e-07,0.9895856,3.2656326,0.012057098811534389
2.0,0.003866777201000463,-0.98974884,-1.5784578e-07,-2.634832e-07,-2.634832e-07,-2.636713e-07,-2.6317247e-07,0.9895856,3.2656326,0.012089415040877804
2.0,0.003876777201000463,-0.98974895,-6.1088e-08,-2.6057455e-07,-2.6057455e-07,-2.6042605e-07,-2.608853e-07,0.9895856,3.2656326,0.012121731270221219
2.0,0.003886777201000463,-0.98974884,-1.578458e-07,-2.634832e-07,-2.634832e-07,-2.636713e-07,-2.6317247e-07,0.9895856,3.2656326,0.012154047499564634
2.0,0.003896777201000463,-0.98974895,-6.108798e-08,-2.6057455e-07,-2.6057455e-07,-2.6042605e-07,-2.608853e-07,0.9895856,3.2656326,0.012186363728908049
2.0,0.003906777201000463,-0.98974884,-1.5784583e-07,-2.634832e-07,-2.634832e-07,-2.636713e-07,-2.6317247e-07,0.9895856,3.2656326,0.012218679958251462
2.0,0.0039167772010004626,-0.98974895,-6.108796e-08,-2.6057455e-07,-2.6057455e-07,-2.6042605e-07,-2.608853e-07,0.9895856,3.2656326,0.012250996187594877
2.0,0.003926777201000463,-0.98974884,-1.5784585e-07,-2.634832e-07,-2.634832e-07,-2.6367132e-07,-2.631725e-07,0.9895856,3.2656326,0.012283312416938292
2.0,0.003936777201000463,-0.98974895,-6.108794e-08,-2.6057455e-07,-2.6057455e-07,-2.6042605e-07,-2.608853e-07,0.9895856,3.2656326,0.012315628646281707
2.0,0.003946777201000463,-0.98974884,-1.5784588e-07,-2.634832e-07,-2.634832e-07,-2.6367132e-07,-2.631725e-07,0.9895856,3.2656326,0.012347944875625122
2.0,0.003956777201000463,-0.98974895,-6.108792e-08,-2.6057452e-07,-2.6057452e-07,-2.6042605e-07,-2.608853e-07,0.9895856,3.2656326,0.012380261104968537
2.0,0.003966777201000463,-0.98974884,-1.5784589e-07,-2.634832e-07,-2.634832e-07,-2.6367132e-07,-2.631725e-07,0.9895856,3.2656326,0.012412577334311952
2.0,0.003976777201000463,-0.98974895,-6.10879e-08,-2.6057452e-07,-2.6057452e-07,-2.6042605e-07,-2.608853e-07,0.9895856,3.2656326,0.012444893563655367
2.0,0.003986777201000463,-0.98974884,-1.5784592e-07,-2.634832e-07,-2.634832e-07,-2.6367132e-07,-2.631725e-07,0.9895856,3.2656326,0.012477209792998782
2.0,0.003996777201000463,-0.98974895,-6.108788e-08,-2.6057452e-07,-2.6057452e-07,-2.6042602e-07,-2.608853e-07,0.9895856,3.2656326,0.012509526022342198
2.0,0.004006777201000463,-0.98974884,-1.5784593e-07,-2.634832e-07,-2.634832e-07,-2.6367132e-07,-2.631725e-07,0.9895856,3.2656326,0.012541842251685613
2.0,0.004016777201000463,-0.98974895,-6.108787e-08,-2.6057452e-07,-2.6057452e-07,-2.6042602e-07,-2.608853e-07,0.9895856,3.2656326,0.012574158481029028
2.0,0.004026777201000463,-0.98974884,-1.5784595e-07,-2.634832e-07,-2.634832e-07,-2.6367132e-07,-2.631725e-07,0.9895856,3.2656326,0.012606474710372443
2.0,0.004036777201000463,-0.98974895,-6.108785e-08,-2.6057452e-07,-2.6057452e-07,-2.6042602e-07,-2.608853e-07,0.9895856,3.2656326,0.012638790939715856
2.0,0.0040467772010004625,-0.98974884,-1.5784596e-07,-2.6348323e-07,-2.6348323e-07,-2.6367135e-07,-2.631725e-07,0.9895856,3.2656326,0.012671107169059271
2.0,0.004056777201000463,-0.98974895,-6.108784e-08,-2.6057452e-07,-2.6057452e-07,-2.6042602e-07,-2.608853e-07,0.9895856,3.2656326,0.012703423398402686
2.0,0.0040667772010004625,-0.98974884,-1.5784597e-07,-2.6348323e-07,-2.6348323e-07,-2.6367135e-07,-2.631725e-07,0.9895856,3.2656326,0.012735739627746101
2.0,0.004076777201000463,-0.98974895,-6.1087825e-08,-2.6057452e-07,-2.6057452e-07,-2.6042602e-07,-2.608853e-07,0.9895856,3.2656326,0.012768055857089516
2.0,0.004086777201000463,-0.98974884,-1.5784599e-07,-2.6348323e-07,-2.6348323e-07,-2.6367135e-07,-2.631725e-07,0.9895856,3.2656326,0.012800372086432931
2.0,0.004096777201000463,-0.98974895,-6.108782e-08,-2.6057452e-07,-2.6057452e-07,-2.6042602e-07,-2.608853e-07,0.9895856,3.2656326,0.012832688315776346
2.0,0.004106777201000463,-0.98974884,-1.57846e-07,-2.6348323e-07,-2.6348323e-07,-2.6367135e-07,-2.631725e-07,0.9895856,3.2656326,0.012865004545119761
2.0,0.004116777201000463,-0.98974895,-6.10878e-08,-2.6057452e-07,-2.6057452e-07,-2.6042602e-07,-2.608853e-07,0.9895856,3.2656326,0.012897320774463176
2.0,0.004126777201000463,-0.98974884,-1.5784602e-07,-2.6348323e-07,-2.6348323e-07,-2.6367135e-07,-2.6317252e-07,0.9895856,3.2656326,0.012929637003806591
2.0,0.004136777201000463,-0.98974895,-6.108779e-08,-2.6057452e-07,-2.6057452e-07,-2.6042602e-07,-2.6088526e-07,0.9895856,3.2656326,0.012961953233150006
2.0,0.004146777201000463,-0.98974884,-1.5784603e-07,-2.6348323e-07,-2.6348323e-07,-2.6367135e-07,-2.6317252e-07,0.9895856,3.2656326,0.012994269462493421
2.0,0.004156777201000463,-0.98974895,-6.108778e-08,-2.6057452e-07,-2.6057452e-07,-2.6042602e-07,-2.6088526e-07,0.9895856,3.2656326,0.013026585691836836
2.0,0.004166777201000463,-0.98974884,-1.5784605e-07,-2.6348323e-07,-2.6348323e-07,-2.6367138e-07,-2.6317252e-07,0.9895856,3.2656326,0.013058901921180251
2.0,0.004176777201000463,-0.98974895,-6.1087775e-08,-2.6057452e-07,-2.6057452e-07,-2.6042602e-07,-2.6088526e-07,0.9895856,3.2656326,0.013091218150523666
2.0,0.004186777201000463,-0.98974884,-1.5784606e-07,-2.6348323e-07,-2.6348323e-07,-2.6367138e-07,-2.6317252e-07,0.9895856,3.2656326,0.01312353437986708
2.0,0.004196777201000462,-0.98974895,-6.108777e-08,-2.6057452e-07,-2.6057452e-07,-2.6042602e-07,-2.6088526e-07,0.9895856,3.2656326,0.013155850609210495
2.0,0.004206777201000463,-0.98974884,-1.5784606e-07,-2.6348323e-07,-2.6348323e-07,-2.6367138e-07,-2.6317252e-07,0.9895856,3.2656326,0.01318816683855391
2.0,0.0042167772010004625,-0.98974895,-6.108776e-08,-2.6057452e-07,-2.6057452e-07,-2.60426e-07,-2.6088526e-07,0.9895856,3.2656326,0.013220483067897325
2.0,0.004226777201000463,-0.98974884,-1.5784607e-07,-2.6348323e-07,-2.6348323e-07,-2.6367138e-07,-2.6317252e-07,0.9895856,3.2656326,0.01325279929724074
2.0,0.0042367772010004625,-0.98974895,-6.108775e-08,-2.6057452e-07,-2.6057452e-07,-2.60426e-07,-2.6088526e-07,0.9895856,3.2656326,0.013285115526584155
2.0,0.004246777201000463,-0.98974884,-1.5784607e-07,-2.6348323e-07,-2.6348323e-07,-2.6367138e-07,-2.6317252e-07,0.9895856,3.2656326,0.01331743175592757
2.0,0.004256777201000463,-0.98974895,-6.1087746e-08,-2.6057452e-07,-2.6057452e-07,-2.60426e-07,-2.6088526e-07,0.9895856,3.2656326,0.013349747985270985
2.0,0.004266777201000463,-0.98974884,-1.5784609e-07,-2.6348323e-07,-2.6348323e-07,-2.6367138e-07,-2.6317252e-07,0.9895856,3.2656326,0.0133820642146144
2.0,0.004276777201000463,-0.98974895,-6.1087746e-08,-2.6057452e-07,-2.6057452e-07,-2.60426e-07,-2.6088526e-07,0.9895856,3.2656326,0.013414380443957815
2.0,0.004286777201000463,-0.98974884,-1.5784609e-07,-2.6348326e-07,-2.6348326e-07,-2.6367138e-07,-2.6317252e-07,0.9895856,3.2656326,0.01344669667330123
2.0,0.004296777201000463,-0.98974895,-6.108774e-08,-2.6057452e-07,-2.6057452e-07,-2.60426e-07,-2.6088526e-07,0.9895856,3.2656326,0.013479012902644645
2.0,0.004306777201000463,-0.98974884,-1.5784609e-07,-2.6348326e-07,-2.6348326e-07,-2.636714e-07,-2.6317252e-07,0.9895856,3.2656326,0.01351132913198806
2.0,0.004316777201000463,-0.98974895,-6.108774e-08,-2.6057452e-07,-2.6057452e-07,-2.60426e-07,-2.6088526e-07,0.9895856,3.2656326,0.013543645361331475
2.0,0.004326777201000463,-0.98974884,-1.578461e-07,-2.6348326e-07,-2.6348326e-07,-2.636714e-07,-2.6317255e-07,0.9895856,3.2656326,0.01357596159067489
2.0,0.004336777201000463,-0.98974895,-6.108774e-08,-2.6057452e-07,-2.6057452e-07,-2.60426e-07,-2.6088526e-07,0.9895856,3.2656326,0.013608277820018305
2.0,0.004346777201000463,-0.98974884,-1.578461e-07,-2.6348326e-07,-2.6348326e-07,-2.636714e-07,-2.6317255e-07,0.9895856,3.2656326,0.01364059404936172
2.0,0.004356777201000463,-0.98974895,-6.108774e-08,-2.6057452e-07,-2.6057452e-07,-2.60426e-07,-2.6088526e-07,0.9895856,3.2656326,0.013672910278705134
2.0,0.0043667772010004624,-0.98974884,-1.578461e-07,-2.6348326e-07,-2.6348326e-07,-2.636714e-07,-2.6317255e-07,0.9895856,3.2656326,0.013705226508048549
2.0,0.004376777201000463,-0.98974895,-6.108774e-08,-2.6057452e-07,-2.6057452e-07,-2.60426e-07,-2.6088526e-07,0.9895856,3.2656326,0.013737542737391964
2.0,0.0043867772010004625,-0.98974884,-1.578461e-07,-2.6348326e-07,-2.6348326e-07,-2.636714e-07,-2.6317255e-07,0.9895856,3.2656326,0.013769858966735379
2.0,0.004396777201000463,-0.98974895,-6.108774e-08,-2.6057452e-07,-2.6057452e-07,-2.60426e-07,-2.6088526e-07,0.9895856,3.2656326,0.013802175196078794
2.0,0.0044067772010004625,-0.98974884,-1.578461e-07,-2.6348326e-07,-2.6348326e-07,-2.636714e-07,-2.6317255e-07,0.9895856,3.2656326,0.013834491425422209
2.0,0.004416777201000463,-0.98974895,-6.108774e-08,-2.6057452e-07,-2.6057452e-07,-2.6042596e-07,-2.6088526e-07,0.9895856,3.2656326,0.013866807654765624
2.0,0.004426777201000463,-0.98974884,-1.578461e-07,-2.6348326e-07,-2.6348326e-07,-2.636714e-07,-2.6317255e-07,0.9895856,3.2656326,0.013899123884109039
2.0,0.004436777201000463,-0.98974895,-6.108774e-08,-2.6057452e-07,-2.6057452e-07,-2.6042596e-07,-2.6088526e-07,0.9895856,3.2656326,0.013931440113452454
2.0,0.004446777201000463,-0.98974884,-1.578461e-07,-2.6348326e-07,-2.6348326e-07,-2.6367144e-07,-2.6317255e-07,0.9895856,3.2656326,0.013963756342795869
2.0,0.004456777201000463,-0.98974895,-6.1087746e-08,-2.6057452e-07,-2.6057452e-07,-2.6042596e-07,-2.6088526e-07,0.9895856,3.2656326,0.013996072572139284
2.0,0.004466777201000463,-0.98974884,-1.578461e-07,-2.6348326e-07,-2.6348326e-07,-2.6367144e-07,-2.6317255e-07,0.9895856,3.2656326,0.014028388801482699
2.0,0.004476777201000463,-0.98974895,-6.1087746e-08,-2.6057452e-07,-2.6057452e-07,-2.6042596e-07,-2.6088526e-07,0.9895856,3.2656326,0.014060705030826114
2.0,0.004486777201000463,-0.98974884,-1.5784609e-07,-2.6348326e-07,-2.6348326e-07,-2.6367144e-07,-2.6317255e-07,0.9895856,3.2656326,0.014093021260169529
2.0,0.004496777201000463,-0.98974895,-6.108775e-08,-2.6057452e-07,-2.6057452e-07,-2.6042596e-07,-2.6088526e-07,0.9895856,3.2656326,0.014125337489512944
2.0,0.004506777201000463,-0.98974884,-1.5784609e-07,-2.6348326e-07,-2.6348326e-07,-2.6367144e-07,-2.6317255e-07,0.9895856,3.2656326,0.014157653718856357
2.0,0.004516777201000462,-0.98974895,-6.108776e-08,-2.605745e-07,-2.605745e-07,-2.6042596e-07,-2.6088523e-07,0.9895856,3.2656326,0.014189969948199772
2.0,0.004526777201000463,-0.98974884,-1.5784609e-07,-2.6348326e-07,-2.6348326e-07,-2.6367144e-07,-2.6317255e-07,0.9895856,3.2656326,0.014222286177543187
2.0,0.0045367772010004625,-0.98974895,-6.108777e-08,-2.605745e-07,-2.605745e-07,-2.6042596e-07,-2.6088523e-07,0.9895856,3.2656326,0.014254602406886602
2.0,0.004546777201000463,-0.98974884,-1.5784607e-07,-2.634833e-07,-2.634833e-07,-2.6367144e-07,-2.6317258e-07,0.9895856,3.2656326,0.014286918636230017
2.0,0.0045567772010004625,-0.98974895,-6.1087775e-08,-2.605745e-07,-2.605745e-07,-2.6042596e-07,-2.6088523e-07,0.9895856,3.2656326,0.014319234865573433
2.0,0.004566777201000463,-0.98974884,-1.5784607e-07,-2.634833e-07,-2.634833e-07,-2.6367144e-07,-2.6317258e-07,0.9895856,3.2656326,0.014351551094916848
2.0,0.0045767772010004626,-0.98974895,-6.108778e-08,-2.605745e-07,-2.605745e-07,-2.6042596e-07,-2.6088523e-07,0.9895856,3.2656326,0.014383867324260263
2.0,0.004586777201000463,-0.98974884,-1.5784606e-07,-2.634833e-07,-2.634833e-07,-2.6367144e-07,-2.6317258e-07,0.9895856,3.2656326,0.014416183553603678
2.0,0.004596777201000463,-0.98974895,-6.108779e-08,-2.605745e-07,-2.605745e-07,-2.6042594e-07,-2.6088523e-07,0.9895856,3.2656326,0.014448499782947093
2.0,0.004606777201000463,-0.98974884,-1.5784606e-07,-2.634833e-07,-2.634833e-07,-2.6367147e-07,-2.6317258e-07,0.9895856,3.2656326,0.014480816012290508
2.0,0.004616777201000463,-0.98974895,-6.1087796e-08,-2.605745e-07,-2.605745e-07,-2.6042594e-07,-2.6088523e-07,0.9895856,3.2656326,0.014513132241633923
2.0,0.004626777201000463,-0.98974884,-1.5784605e-07,-2.634833e-07,-2.634833e-07,-2.6367147e-07,-2.6317258e-07,0.9895856,3.2656326,0.014545448470977338
2.0,0.004636777201000463,-0.98974895,-6.108781e-08,-2.605745e-07,-2.605745e-07,-2.6042594e-07,-2.6088523e-07,0.9895856,3.2656326,0.014577764700320753
2.0,0.004646777201000463,-0.98974884,-1.5784605e-07,-2.634833e-07,-2.634833e-07,-2.6367147e-07,-2.6317258e-07,0.9895856,3.2656326,0.014610080929664168
2.0,0.004656777201000463,-0.98974895,-6.108782e-08,-2.605745e-07,-2.605745e-07,-2.6042594e-07,-2.6088523e-07,0.9895856,3.2656326,0.014642397159007583
2.0,0.004666777201000463,-0.98974884,-1.5784603e-07,-2.634833e-07,-2.634833e-07,-2.6367147e-07,-2.6317258e-07,0.9895856,3.2656326,0.014674713388350998
2.0,0.004676777201000463,-0.98974895,-6.108783e-08,-2.605745e-07,-2.605745e-07,-2.6042594e-07,-2.6088523e-07,0.9895856,3.2656326,0.014707029617694411
2.0,0.004686777201000462,-0.98974884,-1.5784602e-07,-2.634833e-07,-2.634833e-07,-2.6367147e-07,-2.6317258e-07,0.9895856,3.2656326,0.014739345847037826
2.0,0.004696777201000463,-0.98974895,-6.1087846e-08,-2.605745e-07,-2.605745e-07,-2.6042594e-07,-2.6088523e-07,0.9895856,3.2656326,0.014771662076381241
2.0,0.0047067772010004625,-0.98974884,-1.57846e-07,-2.634833e-07,-2.634833e-07,-2.6367147e-07,-2.6317258e-07,0.9895856,3.2656326,0.014803978305724656
2.0,0.004716777201000463,-0.98974895,-6.108785e-08,-2.605745e-07,-2.605745e-07,-2.6042594e-07,-2.6088523e-07,0.9895856,3.2656326,0.014836294535068071
2.0,0.0047267772010004625,-0.98974884,-1.5784599e-07,-2.634833e-07,-2.634833e-07,-2.6367147e-07,-2.6317258e-07,0.9895856,3.2656326,0.014868610764411486
2.0,0.004736777201000463,-0.98974895,-6.108787e-08,-2.605745e-07,-2.605745e-07,-2.6042594e-07,-2.6088523e-07,0.9895856,3.2656326,0.014900926993754901
2.0,0.004746777201000463,-0.98974884,-1.5784597e-07,-2.634833e-07,-2.634833e-07,-2.636715e-07,-2.6317258e-07,0.9895856,3.2656326,0.014933243223098316
2.0,0.004756777201000463,-0.98974895,-6.108788e-08,-2.605745e-07,-2.605745e-07,-2.6042594e-07,-2.6088523e-07,0.9895856,3.2656326,0.014965559452441731
2.0,0.004766777201000463,-0.98974884,-1.5784596e-07,-2.634833e-07,-2.634833e-07,-2.636715e-07,-2.6317258e-07,0.9895856,3.2656326,0.014997875681785146
2.0,0.004776777201000463,-0.98974895,-6.1087896e-08,-2.605745e-07,-2.605745e-07,-2.6042594e-07,-2.6088523e-07,0.9895856,3.2656326,0.015030191911128562
2.0,0.004786777201000463,-0.98974884,-1.5784595e-07,-2.634833e-07,-2.634833e-07,-2.636715e-07,-2.6317258e-07,0.9895856,3.2656326,0.015062508140471977
2.0,0.004796777201000463,-0.98974895,-6.108792e-08,-2.605745e-07,-2.605745e-07,-2.604259e-07,-2.6088523e-07,0.9895856,3.2656326,0.015094824369815392
2.0,0.004806777201000463,-0.98974884,-1.5784593e-07,-2.634833e-07,-2.634833e-07,-2.636715e-07,-2.631726e-07,0.9895856,3.2656326,0.015127140599158807
2.0,0.004816777201000463,-0.98974895,-6.108793e-08,-2.605745e-07,-2.605745e-07,-2.604259e-07,-2.6088523e-07,0.9895856,3.2656326,0.015159456828502222
2.0,0.004826777201000463,-0.98974884,-1.5784592e-07,-2.6348332e-07,-2.6348332e-07,-2.636715e-07,-2.631726e-07,0.9895856,3.2656326,0.015191773057845635
2.0,0.004836777201000462,-0.98974895,-6.1087945e-08,-2.605745e-07,-2.605745e-07,-2.604259e-07,-2.6088523e-07,0.9895856,3.2656326,0.01522408928718905
2.0,0.004846777201000463,-0.98974884,-1.578459e-07,-2.6348332e-07,-2.6348332e-07,-2.636715e-07,-2.631726e-07,0.9895856,3.2656326,0.015256405516532465
2.0,0.004856777201000462,-0.98974895,-6.108797e-08,-2.605745e-07,-2.605745e-07,-2.604259e-07,-2.6088523e-07,0.9895856,3.2656326,0.01528872174587588
2.0,0.004866777201000463,-0.98974884,-1.5784589e-07,-2.6348332e-07,-2.6348332e-07,-2.636715e-07,-2.631726e-07,0.9895856,3.2656326,0.015321037975219295
2.0,0.0048767772010004625,-0.98974895,-6.108798e-08,-2.605745e-07,-2.605745e-07,-2.604259e-07,-2.608852e-07,0.9895856,3.2656326,0.01535335420456271
2.0,0.004886777201000463,-0.98974884,-1.5784588e-07,-2.6348332e-07,-2.6348332e-07,-2.636715e-07,-2.631726e-07,0.9895856,3.2656326,0.015385670433906125
2.0,0.0048967772010004625,-0.98974895,-6.1088e-08,-2.605745e-07,-2.605745e-07,-2.604259e-07,-2.608852e-07,0.9895856,3.2656326,0.01541798666324954
2.0,0.004906777201000463,-0.98974884,-1.5784585e-07,-2.6348332e-07,-2.6348332e-07,-2.6367152e-07,-2.631726e-07,0.9895856,3.2656326,0.015450302892592955
2.0,0.004916777201000463,-0.98974895,-6.108802e-08,-2.605745e-07,-2.605745e-07,-2.604259e-07,-2.608852e-07,0.9895856,3.2656326,0.01548261912193637
2.0,0.004926777201000463,-0.98974884,-1.5784583e-07,-2.6348332e-07,-2.6348332e-07,-2.6367152e-07,-2.631726e-07,0.9895856,3.2656326,0.015514935351279785
2.0,0.004936777201000463,-0.98974895,-6.1088045e-08,-2.605745e-07,-2.605745e-07,-2.604259e-07,-2.608852e-07,0.9895856,3.2656326,0.0155472515806232
2.0,0.004946777201000463,-0.98974884,-1.578458e-07,-2.6348332e-07,-2.6348332e-07,-2.6367152e-07,-2.631726e-07,0.9895856,3.2656326,0.015579567809966615
2.0,0.004956777201000463,-0.98974895,-6.1088066e-08,-2.6057447e-07,-2.6057447e-07,-2.604259e-07,-2.608852e-07,0.9895856,3.2656326,0.01561188403931003
2.0,0.004966777201000463,-0.98974884,-1.5784579e-07,-2.6348332e-07,-2.6348332e-07,-2.6367152e-07,-2.631726e-07,0.9895856,3.2656326,0.015644200268653444
2.0,0.004976777201000463,-0.98974895,-6.108809e-08,-2.6057447e-07,-2.6057447e-07,-2.6042588e-07,-2.608852e-07,0.9895856,3.2656326,0.015676516497996857
2.0,0.004986777201000463,-0.98974884,-1.5784576e-07,-2.6348332e-07,-2.6348332e-07,-2.6367152e-07,-2.631726e-07,0.9895856,3.2656326,0.01570883272734027
2.0,0.004996777201000463,-0.98974895,-6.108811e-08,-2.6057447e-07,-2.6057447e-07,-2.6042588e-07,-2.608852e-07,0.9895856,3.2656326,0.015741148956683684
2.0,0.005006777201000462,-0.98974884,-1.5784575e-07,-2.6348332e-07,-2.6348332e-07,-2.6367152e-07,-2.631726e-07,0.9895856,3.2656326,0.015773465186027097
2.0,0.005016777201000463,-0.98974895,-6.108813e-08,-2.6057447e-07,-2.6057447e-07,-2.6042588e-07,-2.608852e-07,0.9895856,3.2656326,0.01580578141537051
2.0,0.0050267772010004624,-0.98974884,-1.5784572e-07,-2.6348332e-07,-2.6348332e-07,-2.6367152e-07,-2.631726e-07,0.9895856,3.2656326,0.015838097644713924
2.0,0.005036777201000463,-0.98974895,-6.108815e-08,-2.6057447e-07,-2.6057447e-07,-2.6042588e-07,-2.608852e-07,0.9895856,3.2656326,0.015870413874057337
2.0,0.0050467772010004625,-0.98974884,-1.578457e-07,-2.6348332e-07,-2.6348332e-07,-2.6367152e-07,-2.631726e-07,0.9895856,3.2656326,0.01590273010340075
2.0,0.005056777201000463,-0.98974895,-6.108818e-08,-2.6057447e-07,-2.6057447e-07,-2.6042588e-07,-2.608852e-07,0.9895856,3.2656326,0.015935046332744163
2.0,0.0050667772010004625,-0.98974884,-1.5784568e-07,-2.6348332e-07,-2.6348332e-07,-2.6367152e-07,-2.6317264e-07,0.9895856,3.2656326,0.015967362562087577
2.0,0.005076777201000463,-0.98974895,-6.10882e-08,-2.6057447e-07,-2.6057447e-07,-2.6042588e-07,-2.608852e-07,0.9895856,3.2656326,0.01599967879143099
2.0,0.005086777201000463,-0.98974884,-1.5784565e-07,-2.6348332e-07,-2.6348332e-07,-2.6367155e-07,-2.6317264e-07,0.9895856,3.2656326,0.016031995020774403
2.0,0.005096777201000463,-0.98974895,-6.108823e-08,-2.6057447e-07,-2.6057447e-07,-2.6042588e-07,-2.608852e-07,0.9895856,3.2656326,0.016064311250117817
2.0,0.005106777201000463,-0.98974884,-1.5784563e-07,-2.6348332e-07,-2.6348332e-07,-2.6367155e-07,-2.6317264e-07,0.9895856,3.2656326,0.01609662747946123
2.0,0.005116777201000463,-0.98974895,-6.108825e-08,-2.6057447e-07,-2.6057447e-07,-2.6042588e-07,-2.608852e-07,0.9895856,3.2656326,0.016128943708804643
2.0,0.005126777201000463,-0.98974884,-1.578456e-07,-2.6348332e-07,-2.6348332e-07,-2.6367155e-07,-2.6317264e-07,0.9895856,3.2656326,0.016161259938148057
2.0,0.005136777201000463,-0.98974895,-6.108828e-08,-2.6057447e-07,-2.6057447e-07,-2.6042588e-07,-2.608852e-07,0.9895856,3.2656326,0.01619357616749147
2.0,0.005146777201000463,-0.98974884,-1.5784558e-07,-2.6348332e-07,-2.6348332e-07,-2.6367155e-07,-2.6317264e-07,0.9895856,3.2656326,0.016225892396834883
2.0,0.005156777201000462,-0.98974895,-6.108831e-08,-2.6057447e-07,-2.6057447e-07,-2.6042588e-07,-2.608852e-07,0.9895856,3.2656326,0.016258208626178296
2.0,0.005166777201000463,-0.98974884,-1.5784555e-07,-2.6348334e-07,-2.6348334e-07,-2.6367155e-07,-2.6317264e-07,0.9895856,3.2656326,0.01629052485552171
2.0,0.005176777201000462,-0.98974895,-6.1088336e-08,-2.6057447e-07,-2.6057447e-07,-2.6042585e-07,-2.608852e-07,0.9895856,3.2656326,0.016322841084865123
2.0,0.005186777201000463,-0.98974884,-1.5784552e-07,-2.6348334e-07,-2.6348334e-07,-2.6367155e-07,-2.6317264e-07,0.9895856,3.2656326,0.016355157314208536
2.0,0.0051967772010004624,-0.98974895,-6.1088365e-08,-2.6057447e-07,-2.6057447e-07,-2.6042585e-07,-2.608852e-07,0.9895856,3.2656326,0.01638747354355195
2.0,0.005206777201000463,-0.98974884,-1.5784549e-07,-2.6348334e-07,-2.6348334e-07,-2.6367155e-07,-2.6317264e-07,0.9895856,3.2656326,0.016419789772895363
2.0,0.0052167772010004625,-0.98974895,-6.108839e-08,-2.6057447e-07,-2.6057447e-07,-2.6042585e-07,-2.6088517e-07,0.9895856,3.2656326,0.016452106002238776
2.0,0.005226777201000463,-0.98974884,-1.5784546e-07,-2.6348334e-07,-2.6348334e-07,-2.6367155e-07,-2.6317264e-07,0.9895856,3.2656326,0.01648442223158219
2.0,0.0052367772010004626,-0.98974895,-6.108842e-08,-2.6057447e-07,-2.6057447e-07,-2.6042585e-07,-2.6088517e-07,0.9895856,3.2656326,0.016516738460925603
2.0,0.005246777201000463,-0.98974884,-1.5784543e-07,-2.6348334e-07,-2.6348334e-07,-2.6367158e-07,-2.6317264e-07,0.9895856,3.2656326,0.016549054690269016
2.0,0.005256777201000463,-0.98974895,-6.108845e-08,-2.6057447e-07,-2.6057447e-07,-2.6042585e-07,-2.6088517e-07,0.9895856,3.2656326,0.01658137091961243
2.0,0.005266777201000463,-0.98974884,-1.578454e-07,-2.6348334e-07,-2.6348334e-07,-2.6367158e-07,-2.6317264e-07,0.9895856,3.2656326,0.016613687148955843
2.0,0.005276777201000463,-0.98974895,-6.108848e-08,-2.6057447e-07,-2.6057447e-07,-2.6042585e-07,-2.6088517e-07,0.9895856,3.2656326,0.016646003378299256
2.0,0.005286777201000463,-0.98974884,-1.5784538e-07,-2.6348334e-07,-2.6348334e-07,-2.6367158e-07,-2.6317264e-07,0.9895856,3.2656326,0.01667831960764267
2.0,0.005296777201000463,-0.98974895,-6.1088514e-08,-2.6057447e-07,-2.6057447e-07,-2.6042585e-07,-2.6088517e-07,0.9895856,3.2656326,0.016710635836986083
2.0,0.005306777201000463,-0.98974884,-1.5784535e-07,-2.6348334e-07,-2.6348334e-07,-2.6367158e-07,-2.6317264e-07,0.9895856,3.2656326,0.016742952066329496
2.0,0.005316777201000463,-0.98974895,-6.108854e-08,-2.6057447e-07,-2.6057447e-07,-2.6042585e-07,-2.6088517e-07,0.9895856,3.2656326,0.01677526829567291
2.0,0.005326777201000462,-0.98974884,-1.578453e-07,-2.6348334e-07,-2.6348334e-07,-2.6367158e-07,-2.6317264e-07,0.9895856,3.2656326,0.016807584525016322
2.0,0.005336777201000463,-0.98974895,-6.108858e-08,-2.6057447e-07,-2.6057447e-07,-2.6042585e-07,-2.6088517e-07,0.9895856,3.2656326,0.016839900754359736
2.0,0.005346777201000462,-0.98974884,-1.5784528e-07,-2.6348334e-07,-2.6348334e-07,-2.6367158e-07,-2.6317267e-07,0.9895856,3.2656326,0.01687221698370315
2.0,0.005356777201000463,-0.98974895,-6.1088606e-08,-2.6057447e-07,-2.6057447e-07,-2.6042582e-07,-2.6088517e-07,0.9895856,3.2656326,0.016904533213046562
2.0,0.0053667772010004625,-0.98974884,-1.5784525e-07,-2.6348334e-07,-2.6348334e-07,-2.6367158e-07,-2.6317267e-07,0.9895856,3.2656326,0.016936849442389976
2.0,0.005376777201000463,-0.98974895,-6.108864e-08,-2.6057447e-07,-2.6057447e-07,-2.6042582e-07,-2.6088517e-07,0.9895856,3.2656326,0.01696916567173339
2.0,0.0053867772010004625,-0.98974884,-1.5784522e-07,-2.6348334e-07,-2.6348334e-07,-2.6367158e-07,-2.6317267e-07,0.9895856,3.2656326,0.017001481901076802
2.0,0.005396777201000463,-0.98974895,-6.108868e-08,-2.6057444e-07,-2.6057444e-07,-2.6042582e-07,-2.6088517e-07,0.9895856,3.2656326,0.017033798130420216
2.0,0.0054067772010004626,-0.98974884,-1.5784518e-07,-2.6348334e-07,-2.6348334e-07,-2.6367158e-07,-2.6317267e-07,0.9895856,3.2656326,0.01706611435976363
2.0,0.005416777201000463,-0.98974895,-6.1088706e-08,-2.6057444e-07,-2.6057444e-07,-2.6042582e-07,-2.6088517e-07,0.9895856,3.2656326,0.017098430589107042
2.0,0.005426777201000463,-0.98974884,-1.5784515e-07,-2.6348334e-07,-2.6348334e-07,-2.636716e-07,-2.6317267e-07,0.9895856,3.2656326,0.017130746818450455
2.0,0.005436777201000463,-0.98974895,-6.108874e-08,-2.6057444e-07,-2.6057444e-07,-2.6042582e-07,-2.6088517e-07,0.9895856,3.2656326,0.01716306304779387
2.0,0.005446777201000463,-0.98974884,-1.5784511e-07,-2.6348334e-07,-2.6348334e-07,-2.636716e-07,-2.6317267e-07,0.9895856,3.2656326,0.017195379277137282
2.0,0.005456777201000463,-0.98974895,-6.108878e-08,-2.6057444e-07,-2.6057444e-07,-2.6042582e-07,-2.6088517e-07,0.9895856,3.2656326,0.017227695506480695
2.0,0.005466777201000463,-0.98974884,-1.5784508e-07,-2.6348334e-07,-2.6348334e-07,-2.636716e-07,-2.6317267e-07,0.9895856,3.2656326,0.01726001173582411
2.0,0.005476777201000462,-0.98974895,-6.108881e-08,-2.6057444e-07,-2.6057444e-07,-2.6042582e-07,-2.6088517e-07,0.9895856,3.2656326,0.017292327965167522
2.0,0.005486777201000463,-0.98974884,-1.5784504e-07,-2.6348334e-07,-2.6348334e-07,-2.636716e-07,-2.6317267e-07,0.9895856,3.2656326,0.017324644194510935
2.0,0.005496777201000462,-0.98974895,-6.108885e-08,-2.6057444e-07,-2.6057444e-07,-2.6042582e-07,-2.6088517e-07,0.9895856,3.2656326,0.01735696042385435
2.0,0.005506777201000463,-0.98974884,-1.5784501e-07,-2.6348337e-07,-2.6348337e-07,-2.636716e-07,-2.6317267e-07,0.9895856,3.2656326,0.017389276653197762
2.0,0.005516777201000462,-0.98974895,-6.108888e-08,-2.6057444e-07,-2.6057444e-07,-2.6042582e-07,-2.6088517e-07,0.9895856,3.2656326,0.017421592882541175
2.0,0.005526777201000463,-0.98974884,-1.5784497e-07,-2.6348337e-07,-2.6348337e-07,-2.636716e-07,-2.6317267e-07,0.9895856,3.2656326,0.01745390911188459
2.0,0.0055367772010004625,-0.98974895,-6.1088926e-08,-2.6057444e-07,-2.6057444e-07,-2.6042582e-07,-2.6088517e-07,0.9895856,3.2656326,0.017486225341228002
2.0,0.005546777201000463,-0.98974884,-1.5784494e-07,-2.6348337e-07,-2.6348337e-07,-2.636716e-07,-2.6317267e-07,0.9895856,3.2656326,0.017518541570571415
2.0,0.0055567772010004625,-0.98974895,-6.108896e-08,-2.6057444e-07,-2.6057444e-07,-2.604258e-07,-2.6088517e-07,0.9895856,3.2656326,0.01755085779991483
2.0,0.005566777201000463,-0.98974884,-1.578449e-07,-2.6348337e-07,-2.6348337e-07,-2.636716e-07,-2.6317267e-07,0.9895856,3.2656326,0.01758317402925824
2.0,0.005576777201000463,-0.98974895,-6.1089e-08,-2.6057444e-07,-2.6057444e-07,-2.604258e-07,-2.6088514e-07,0.9895856,3.2656326,0.017615490258601655
2.0,0.005586777201000463,-0.98974884,-1.5784485e-07,-2.6348337e-07,-2.6348337e-07,-2.636716e-07,-2.6317267e-07,0.9895856,3.2656326,0.01764780648794507
2.0,0.005596777201000463,-0.98974895,-6.108904e-08,-2.6057444e-07,-2.6057444e-07,-2.604258e-07,-2.6088514e-07,0.9895856,3.2656326,0.01768012271728848
2.0,0.005606777201000463,-0.98974884,-1.5784482e-07,-2.6348337e-07,-2.6348337e-07,-2.6367164e-07,-2.6317267e-07,0.9895856,3.2656326,0.017712438946631895
2.0,0.005616777201000463,-0.98974895,-6.1089075e-08,-2.6057444e-07,-2.6057444e-07,-2.604258e-07,-2.6088514e-07,0.9895856,3.2656326,0.017744755175975308
2.0,0.005626777201000463,-0.98974884,-1.5784478e-07,-2.6348337e-07,-2.6348337e-07,-2.6367164e-07,-2.6317267e-07,0.9895856,3.2656326,0.01777707140531872
2.0,0.005636777201000463,-0.98974895,-6.108912e-08,-2.6057444e-07,-2.6057444e-07,-2.604258e-07,-2.6088514e-07,0.9895856,3.2656326,0.017809387634662135
2.0,0.005646777201000462,-0.98974884,-1.5784474e-07,-2.6348337e-07,-2.6348337e-07,-2.6367164e-07,-2.6317267e-07,0.9895856,3.2656326,0.017841703864005548
2.0,0.005656777201000463,-0.98974895,-6.108916e-08,-2.6057444e-07,-2.6057444e-07,-2.604258e-07,-2.6088514e-07,0.9895856,3.2656326,0.01787402009334896
2.0,0.005666777201000462,-0.98974884,-1.578447e-07,-2.6348337e-07,-2.6348337e-07,-2.6367164e-07,-2.631727e-07,0.9895856,3.2656326,0.017906336322692375
2.0,0.005676777201000463,-0.98974895,-6.1089196e-08,-2.6057444e-07,-2.6057444e-07,-2.604258e-07,-2.6088514e-07,0.9895856,3.2656326,0.017938652552035788
2.0,0.005686777201000462,-0.98974884,-1.5784465e-07,-2.6348337e-07,-2.6348337e-07,-2.6367164e-07,-2.631727e-07,0.9895856,3.2656326,0.0179709687813792
2.0,0.005696777201000463,-0.98974895,-6.108924e-08,-2.6057444e-07,-2.6057444e-07,-2.604258e-07,-2.6088514e-07,0.9895856,3.2656326,0.018003285010722615
2.0,0.0057067772010004625,-0.98974884,-1.5784461e-07,-2.6348337e-07,-2.6348337e-07,-2.6367164e-07,-2.631727e-07,0.9895856,3.2656326,0.018035601240066028
2.0,0.005716777201000463,-0.98974895,-6.108928e-08,-2.6057444e-07,-2.6057444e-07,-2.604258e-07,-2.6088514e-07,0.9895856,3.2656326,0.01806791746940944
2.0,0.0057267772010004625,-0.98974884,-1.5784457e-07,-2.6348337e-07,-2.6348337e-07,-2.6367164e-07,-2.631727e-07,0.9895856,3.2656326,0.018100233698752854
2.0,0.005736777201000463,-0.98974895,-6.1089324e-08,-2.6057444e-07,-2.6057444e-07,-2.604258e-07,-2.6088514e-07,0.9895856,3.2656326,0.018132549928096268
2.0,0.005746777201000463,-0.98974884,-1.5784454e-07,-2.6348337e-07,-2.6348337e-07,-2.6367164e-07,-2.631727e-07,0.9895856,3.2656326,0.01816486615743968
2.0,0.005756777201000463,-0.98974895,-6.108937e-08,-2.6057444e-07,-2.6057444e-07,-2.6042576e-07,-2.6088514e-07,0.9895856,3.2656326,0.018197182386783094
2.0,0.005766777201000463,-0.98974884,-1.578445e-07,-2.6348337e-07,-2.6348337e-07,-2.6367164e-07,-2.631727e-07,0.9895856,3.2656326,0.018229498616126508
2.0,0.005776777201000463,-0.98974895,-6.108941e-08,-2.6057444e-07,-2.6057444e-07,-2.6042576e-07,-2.6088514e-07,0.9895856,3.2656326,0.01826181484546992
2.0,0.005786777201000463,-0.98974884,-1.5784445e-07,-2.6348337e-07,-2.6348337e-07,-2.6367167e-07,-2.631727e-07,0.9895856,3.2656326,0.018294131074813334
2.0,0.005796777201000462,-0.98974895,-6.108945e-08,-2.6057444e-07,-2.6057444e-07,-2.6042576e-07,-2.6088514e-07,0.9895856,3.2656326,0.018326447304156748
2.0,0.005806777201000463,-0.98974884,-1.578444e-07,-2.6348337e-07,-2.6348337e-07,-2.6367167e-07,-2.631727e-07,0.9895856,3.2656326,0.01835876353350016
2.0,0.005816777201000462,-0.98974895,-6.1089494e-08,-2.6057444e-07,-2.6057444e-07,-2.6042576e-07,-2.6088514e-07,0.9895856,3.2656326,0.018391079762843574
2.0,0.005826777201000463,-0.98974884,-1.5784435e-07,-2.6348337e-07,-2.6348337e-07,-2.6367167e-07,-2.631727e-07,0.9895856,3.2656326,0.018423395992186987
2.0,0.005836777201000462,-0.98974895,-6.108954e-08,-2.605744e-07,-2.605744e-07,-2.6042576e-07,-2.6088514e-07,0.9895856,3.2656326,0.0184557122215304
2.0,0.005846777201000463,-0.98974884,-1.5784431e-07,-2.6348337e-07,-2.6348337e-07,-2.6367167e-07,-2.631727e-07,0.9895856,3.2656326,0.018488028450873814
2.0,0.0058567772010004624,-0.98974895,-6.108958e-08,-2.605744e-07,-2.605744e-07,-2.6042576e-07,-2.6088514e-07,0.9895856,3.2656326,0.018520344680217227
2.0,0.005866777201000463,-0.98974884,-1.5784427e-07,-2.6348337e-07,-2.6348337e-07,-2.6367167e-07,-2.631727e-07,0.9895856,3.2656326,0.01855266090956064
2.0,0.0058767772010004625,-0.98974895,-6.108963e-08,-2.605744e-07,-2.605744e-07,-2.6042576e-07,-2.6088514e-07,0.9895856,3.2656326,0.018584977138904054
2.0,0.005886777201000463,-0.98974884,-1.5784423e-07,-2.6348337e-07,-2.6348337e-07,-2.6367167e-07,-2.631727e-07,0.9895856,3.2656326,0.018617293368247467
2.0,0.0058967772010004625,-0.98974895,-6.108967e-08,-2.605744e-07,-2.605744e-07,-2.6042576e-07,-2.6088514e-07,0.9895856,3.2656326,0.01864960959759088
2.0,0.005906777201000463,-0.98974884,-1.5784418e-07,-2.634834e-07,-2.634834e-07,-2.6367167e-07,-2.631727e-07,0.9895856,3.2656326,0.018681925826934294
2.0,0.005916777201000463,-0.98974895,-6.108972e-08,-2.605744e-07,-2.605744e-07,-2.6042576e-07,-2.6088512e-07,0.9895856,3.2656326,0.018714242056277707
2.0,0.005926777201000463,-0.98974884,-1.5784414e-07,-2.634834e-07,-2.634834e-07,-2.6367167e-07,-2.631727e-07,0.9895856,3.2656326,0.01874655828562112
2.0,0.005936777201000463,-0.98974895,-6.1089764e-08,-2.605744e-07,-2.605744e-07,-2.6042576e-07,-2.6088512e-07,0.9895856,3.2656326,0.018778874514964534
2.0,0.005946777201000463,-0.98974884,-1.5784408e-07,-2.634834e-07,-2.634834e-07,-2.6367167e-07,-2.631727e-07,0.9895856,3.2656326,0.018811190744307947
2.0,0.005956777201000463,-0.98974895,-6.1089814e-08,-2.605744e-07,-2.605744e-07,-2.6042574e-07,-2.6088512e-07,0.9895856,3.2656326,0.01884350697365136
2.0,0.005966777201000462,-0.98974884,-1.5784404e-07,-2.634834e-07,-2.634834e-07,-2.6367167e-07,-2.631727e-07,0.9895856,3.2656326,0.018875823202994774
2.0,0.005976777201000463,-0.98974895,-6.108986e-08,-2.605744e-07,-2.605744e-07,-2.6042574e-07,-2.6088512e-07,0.9895856,3.2656326,0.018908139432338187
2.0,0.005986777201000462,-0.98974884,-1.57844e-07,-2.634834e-07,-2.634834e-07,-2.636717e-07,-2.6317272e-07,0.9895856,3.2656326,0.0189404556616816
2.0,0.005996777201000463,-0.98974895,-6.108991e-08,-2.605744e-07,-2.605744e-07,-2.6042574e-07,-2.6088512e-07,0.9895856,3.2656326,0.018972771891025014
2.0,0.006006777201000462,-0.98974884,-1.5784394e-07,-2.634834e-07,-2.634834e-07,-2.636717e-07,-2.6317272e-07,0.9895856,3.2656326,0.019005088120368427
2.0,0.006016777201000463,-0.98974895,-6.1089956e-08,-2.605744e-07,-2.605744e-07,-2.6042574e-07,-2.6088512e-07,0.9895856,3.2656326,0.01903740434971184
2.0,0.0060267772010004625,-0.98974884,-1.578439e-07,-2.634834e-07,-2.634834e-07,-2.636717e-07,-2.6317272e-07,0.9895856,3.2656326,0.019069720579055253
2.0,0.006036777201000463,-0.98974895,-6.1090006e-08,-2.605744e-07,-2.605744e-07,-2.6042574e-07,-2.6088512e-07,0.9895856,3.2656326,0.019102036808398667
2.0,0.0060467772010004625,-0.98974884,-1.5784386e-07,-2.634834e-07,-2.634834e-07,-2.636717e-07,-2.6317272e-07,0.9895856,3.2656326,0.01913435303774208
2.0,0.006056777201000463,-0.98974895,-6.109005e-08,-2.605744e-07,-2.605744e-07,-2.6042574e-07,-2.6088512e-07,0.9895856,3.2656326,0.019166669267085493
2.0,0.0060667772010004626,-0.98974884,-1.578438e-07,-2.634834e-07,-2.634834e-07,-2.636717e-07,-2.6317272e-07,0.9895856,3.2656326,0.019198985496428907
2.0,0.006076777201000463,-0.98974895,-6.10901e-08,-2.605744e-07,-2.605744e-07,-2.6042574e-07,-2.6088512e-07,0.9895856,3.2656326,0.01923130172577232
2.0,0.006086777201000463,-0.98974884,-1.5784376e-07,-2.634834e-07,-2.634834e-07,-2.636717e-07,-2.6317272e-07,0.9895856,3.2656326,0.019263617955115733
2.0,0.006096777201000463,-0.98974895,-6.109015e-08,-2.605744e-07,-2.605744e-07,-2.6042574e-07,-2.6088512e-07,0.9895856,3.2656326,0.019295934184459147
2.0,0.006106777201000463,-0.98974884,-1.578437e-07,-2.634834e-07,-2.634834e-07,-2.636717e-07,-2.6317272e-07,0.9895856,3.2656326,0.01932825041380256
2.0,0.006116777201000462,-0.98974895,-6.10902e-08,-2.605744e-07,-2.605744e-07,-2.6042574e-07,-2.6088512e-07,0.9895856,3.2656326,0.019360566643145973
2.0,0.006126777201000463,-0.98974884,-1.5784366e-07,-2.634834e-07,-2.634834e-07,-2.636717e-07,-2.6317272e-07,0.9895856,3.2656326,0.019392882872489386
2.0,0.006136777201000462,-0.98974895,-6.109025e-08,-2.605744e-07,-2.605744e-07,-2.6042574e-07,-2.6088512e-07,0.9895856,3.2656326,0.0194251991018328
2.0,0.006146777201000463,-0.98974884,-1.578436e-07,-2.634834e-07,-2.634834e-07,-2.636717e-07,-2.6317272e-07,0.9895856,3.2656326,0.019457515331176213
2.0,0.006156777201000462,-0.98974895,-6.10903e-08,-2.605744e-07,-2.605744e-07,-2.604257e-07,-2.6088512e-07,0.9895856,3.2656326,0.019489831560519626
2.0,0.006166777201000463,-0.98974884,-1.5784356e-07,-2.634834e-07,-2.634834e-07,-2.636717e-07,-2.6317272e-07,0.9895856,3.2656326,0.01952214778986304
2.0,0.006176777201000462,-0.98974895,-6.1090354e-08,-2.605744e-07,-2.605744e-07,-2.604257e-07,-2.6088512e-07,0.9895856,3.2656326,0.019554464019206453
2.0,0.006186777201000463,-0.98974884,-1.578435e-07,-2.634834e-07,-2.634834e-07,-2.6367172e-07,-2.6317272e-07,0.9895856,3.2656326,0.019586780248549866
2.0,0.0061967772010004625,-0.98974895,-6.1090404e-08,-2.605744e-07,-2.605744e-07,-2.604257e-07,-2.6088512e-07,0.9895856,3.2656326,0.01961909647789328
2.0,0.006206777201000463,-0.98974884,-1.5784344e-07,-2.634834e-07,-2.634834e-07,-2.6367172e-07,-2.6317272e-07,0.9895856,3.2656326,0.019651412707236693
2.0,0.0062167772010004625,-0.98974895,-6.1090454e-08,-2.605744e-07,-2.605744e-07,-2.604257e-07,-2.6088512e-07,0.9895856,3.2656326,0.019683728936580106
2.0,0.006226777201000463,-0.98974884,-1.578434e-07,-2.634834e-07,-2.634834e-07,-2.6367172e-07,-2.6317272e-07,0.9895856,3.2656326,0.01971604516592352
2.0,0.006236777201000463,-0.98974895,-6.10905e-08,-2.605744e-07,-2.605744e-07,-2.604257e-07,-2.6088512e-07,0.9895856,3.2656326,0.019748361395266933
2.0,0.006246777201000463,-0.98974884,-1.5784335e-07,-2.634834e-07,-2.634834e-07,-2.6367172e-07,-2.6317272e-07,0.9895856,3.2656326,0.019780677624610346
2.0,0.006256777201000463,-0.98974895,-6.109056e-08,-2.605744e-07,-2.605744e-07,-2.604257e-07,-2.6088512e-07,0.9895856,3.2656326,0.01981299385395376
2.0,0.006266777201000463,-0.98974884,-1.5784329e-07,-2.634834e-07,-2.634834e-07,-2.6367172e-07,-2.6317272e-07,0.9895856,3.2656326,0.019845310083297173
2.0,0.006276777201000463,-0.98974895,-6.109061e-08,-2.605744e-07,-2.605744e-07,-2.604257e-07,-2.6088512e-07,0.9895856,3.2656326,0.019877626312640586
2.0,0.006286777201000462,-0.98974884,-1.5784325e-07,-2.634834e-07,-2.634834e-07,-2.6367172e-07,-2.6317272e-07,0.9895856,3.2656326,0.019909942541984
2.0,0.006296777201000463,-0.98974895,-6.109067e-08,-2.605744e-07,-2.6057438e-07,-2.604257e-07,-2.608851e-07,0.9895856,3.2656326,0.019942258771327413
2.0,0.006306777201000462,-0.98974884,-1.5784319e-07,-2.634834e-07,-2.634834e-07,-2.6367172e-07,-2.6317272e-07,0.9895856,3.2656326,0.019974575000670826
2.0,0.006316777201000463,-0.98974895,-6.109072e-08,-2.6057438e-07,-2.6057438e-07,-2.604257e-07,-2.608851e-07,0.9895856,3.2656326,0.02000689123001424
2.0,0.006326777201000462,-0.98974884,-1.5784313e-07,-2.634834e-07,-2.634834e-07,-2.6367172e-07,-2.6317272e-07,0.9895856,3.2656326,0.020039207459357652
2.0,0.006336777201000463,-0.98974895,-6.109077e-08,-2.6057438e-07,-2.6057438e-07,-2.604257e-07,-2.608851e-07,0.9895856,3.2656326,0.020071523688701066
2.0,0.006346777201000462,-0.98974884,-1.5784308e-07,-2.6348343e-07,-2.6348343e-07,-2.6367172e-07,-2.6317275e-07,0.9895856,3.2656326,0.02010383991804448
2.0,0.006356777201000463,-0.98974895,-6.109082e-08,-2.6057438e-07,-2.6057438e-07,-2.6042568e-07,-2.608851e-07,0.9895856,3.2656326,0.020136156147387892
2.0,0.0063667772010004625,-0.98974884,-1.5784303e-07,-2.6348343e-07,-2.6348343e-07,-2.6367172e-07,-2.6317275e-07,0.9895856,3.2656326,0.020168472376731306
2.0,0.006376777201000463,-0.98974895,-6.109088e-08,-2.6057438e-07,-2.6057438e-07,-2.6042568e-07,-2.608851e-07,0.9895856,3.2656326,0.02020078860607472
2.0,0.0063867772010004625,-0.98974884,-1.5784298e-07,-2.6348343e-07,-2.6348343e-07,-2.6367175e-07,-2.6317275e-07,0.9895856,3.2656326,0.020233104835418132
2.0,0.006396777201000463,-0.98974895,-6.109094e-08,-2.6057438e-07,-2.6057438e-07,-2.6042568e-07,-2.608851e-07,0.9895856,3.2656326,0.020265421064761546
2.0,0.006406777201000463,-0.98974884,-1.5784292e-07,-2.6348343e-07,-2.6348343e-07,-2.6367175e-07,-2.6317275e-07,0.9895856,3.2656326,0.02029773729410496
2.0,0.006416777201000463,-0.98974895,-6.109099e-08,-2.6057438e-07,-2.6057438e-07,-2.6042568e-07,-2.608851e-07,0.9895856,3.2656326,0.020330053523448372
2.0,0.006426777201000463,-0.98974884,-1.5784286e-07,-2.6348343e-07,-2.6348343e-07,-2.6367175e-07,-2.6317275e-07,0.9895856,3.2656326,0.020362369752791785
2.0,0.006436777201000462,-0.98974895,-6.109104e-08,-2.6057438e-07,-2.6057438e-07,-2.6042568e-07,-2.608851e-07,0.9895856,3.2656326,0.0203946859821352
2.0,0.006446777201000463,-0.98974884,-1.578428e-07,-2.6348343e-07,-2.6348343e-07,-2.6367175e-07,-2.6317275e-07,0.9895856,3.2656326,0.020427002211478612
2.0,0.006456777201000462,-0.98974895,-6.10911e-08,-2.6057438e-07,-2.6057438e-07,-2.6042568e-07,-2.608851e-07,0.9895856,3.2656326,0.020459318440822025
2.0,0.006466777201000463,-0.98974884,-1.5784275e-07,-2.6348343e-07,-2.6348343e-07,-2.6367175e-07,-2.6317275e-07,0.9895856,3.2656326,0.02049163467016544
2.0,0.006476777201000462,-0.98974895,-6.109116e-08,-2.6057438e-07,-2.6057438e-07,-2.6042568e-07,-2.608851e-07,0.9895856,3.2656326,0.020523950899508852
2.0,0.006486777201000463,-0.98974884,-1.5784269e-07,-2.6348343e-07,-2.6348343e-07,-2.6367175e-07,-2.6317275e-07,0.9895856,3.2656326,0.020556267128852265
2.0,0.006496777201000462,-0.98974895,-6.1091214e-08,-2.6057438e-07,-2.6057438e-07,-2.6042568e-07,-2.608851e-07,0.9895856,3.2656326,0.02058858335819568
2.0,0.006506777201000463,-0.98974884,-1.5784263e-07,-2.6348343e-07,-2.6348343e-07,-2.6367175e-07,-2.6317275e-07,0.9895856,3.2656326,0.020620899587539092
2.0,0.0065167772010004624,-0.98974895,-6.109127e-08,-2.6057438e-07,-2.6057438e-07,-2.6042568e-07,-2.608851e-07,0.9895856,3.2656326,0.020653215816882505
2.0,0.006526777201000463,-0.98974884,-1.5784258e-07,-2.6348343e-07,-2.6348343e-07,-2.6367175e-07,-2.6317275e-07,0.9895856,3.2656326,0.02068553204622592
2.0,0.0065367772010004625,-0.98974895,-6.109133e-08,-2.6057438e-07,-2.6057438e-07,-2.6042568e-07,-2.608851e-07,0.9895856,3.2656326,0.020717848275569332
2.0,0.006546777201000463,-0.98974884,-1.5784252e-07,-2.6348343e-07,-2.6348343e-07,-2.6367175e-07,-2.6317275e-07,0.9895856,3.2656326,0.020750164504912745
2.0,0.0065567772010004625,-0.98974895,-6.1091384e-08,-2.6057438e-07,-2.6057438e-07,-2.6042568e-07,-2.608851e-07,0.9895856,3.2656326,0.02078248073425616
2.0,0.006566777201000463,-0.98974884,-1.5784246e-07,-2.6348343e-07,-2.6348343e-07,-2.6367175e-07,-2.6317275e-07,0.9895856,3.2656326,0.02081479696359957
2.0,0.006576777201000463,-0.98974895,-6.109144e-08,-2.6057438e-07,-2.6057438e-07,-2.6042565e-07,-2.608851e-07,0.9895856,3.2656326,0.020847113192942985
2.0,0.006586777201000463,-0.98974884,-1.5784241e-07,-2.6348343e-07,-2.6348343e-07,-2.6367178e-07,-2.6317275e-07,0.9895856,3.2656326,0.020879429422286398
2.0,0.006596777201000463,-0.98974895,-6.10915e-08,-2.6057438e-07,-2.6057438e-07,-2.6042565e-07,-2.608851e-07,0.9895856,3.2656326,0.02091174565162981
2.0,0.006606777201000462,-0.98974884,-1.5784235e-07,-2.6348343e-07,-2.6348343e-07,-2.6367178e-07,-2.6317275e-07,0.9895856,3.2656326,0.020944061880973225
2.0,0.006616777201000463,-0.98974895,-6.109156e-08,-2.6057438e-07,-2.6057438e-07,-2.6042565e-07,-2.608851e-07,0.9895856,3.2656326,0.020976378110316638
2.0,0.006626777201000462,-0.98974884,-1.578423e-07,-2.6348343e-07,-2.6348343e-07,-2.6367178e-07,-2.6317275e-07,0.9895856,3.2656326,0.02100869433966005
2.0,0.006636777201000463,-0.98974895,-6.109162e-08,-2.6057438e-07,-2.6057438e-07,-2.6042565e-07,-2.608851e-07,0.9895856,3.2656326,0.021041010569003465
2.0,0.006646777201000462,-0.98974884,-1.5784224e-07,-2.6348343e-07,-2.6348343e-07,-2.6367178e-07,-2.6317275e-07,0.9895856,3.2656326,0.021073326798346878
2.0,0.006656777201000463,-0.98974895,-6.1091676e-08,-2.6057438e-07,-2.6057438e-07,-2.6042565e-07,-2.608851e-07,0.9895856,3.2656326,0.02110564302769029
2.0,0.006666777201000462,-0.98974884,-1.5784218e-07,-2.6348343e-07,-2.6348343e-07,-2.6367178e-07,-2.6317275e-07,0.9895856,3.2656326,0.021137959257033705
2.0,0.006676777201000463,-0.98974895,-6.109173e-08,-2.6057438e-07,-2.6057438e-07,-2.6042565e-07,-2.6088506e-07,0.9895856,3.2656326,0.021170275486377118
2.0,0.0066867772010004625,-0.98974884,-1.5784211e-07,-2.6348343e-07,-2.6348343e-07,-2.6367178e-07,-2.6317275e-07,0.9895856,3.2656326,0.02120259171572053
2.0,0.006696777201000463,-0.98974895,-6.10918e-08,-2.6057438e-07,-2.6057438e-07,-2.6042565e-07,-2.6088506e-07,0.9895856,3.2656326,0.021234907945063945
2.0,0.0067067772010004625,-0.98974884,-1.5784205e-07,-2.6348343e-07,-2.6348343e-07,-2.6367178e-07,-2.6317275e-07,0.9895856,3.2656326,0.021267224174407358
2.0,0.006716777201000463,-0.98974895,-6.109185e-08,-2.6057438e-07,-2.6057438e-07,-2.6042565e-07,-2.6088506e-07,0.9895856,3.2656326,0.02129954040375077
2.0,0.0067267772010004626,-0.98974884,-1.57842e-07,-2.6348343e-07,-2.6348343e-07,-2.6367178e-07,-2.6317278e-07,0.9895856,3.2656326,0.021331856633094184
2.0,0.006736777201000463,-0.98974895,-6.109192e-08,-2.6057438e-07,-2.6057438e-07,-2.6042565e-07,-2.6088506e-07,0.9895856,3.2656326,0.021364172862437598
2.0,0.006746777201000463,-0.98974884,-1.5784194e-07,-2.6348343e-07,-2.6348343e-07,-2.6367178e-07,-2.6317278e-07,0.9895856,3.2656326,0.02139648909178101
2.0,0.006756777201000462,-0.98974895,-6.1091974e-08,-2.6057438e-07,-2.6057438e-07,-2.6042565e-07,-2.6088506e-07,0.9895856,3.2656326,0.021428805321124424
2.0,0.006766777201000463,-0.98974884,-1.5784187e-07,-2.6348343e-07,-2.6348343e-07,-2.6367178e-07,-2.6317278e-07,0.9895856,3.2656326,0.021461121550467838
2.0,0.006776777201000462,-0.98974895,-6.109204e-08,-2.6057438e-07,-2.6057438e-07,-2.6042565e-07,-2.6088506e-07,0.9895856,3.2656326,0.02149343777981125
2.0,0.006786777201000463,-0.98974884,-1.5784181e-07,-2.6348343e-07,-2.6348343e-07,-2.6367178e-07,-2.6317278e-07,0.9895856,3.2656326,0.021525754009154664
2.0,0.006796777201000462,-0.98974895,-6.1092095e-08,-2.6057438e-07,-2.6057438e-07,-2.6042562e-07,-2.6088506e-07,0.9895856,3.2656326,0.021558070238498078
2.0,0.006806777201000463,-0.98974884,-1.5784175e-07,-2.6348343e-07,-2.6348343e-07,-2.636718e-07,-2.6317278e-07,0.9895856,3.2656326,0.02159038646784149
2.0,0.006816777201000462,-0.98974895,-6.109216e-08,-2.6057435e-07,-2.6057435e-07,-2.6042562e-07,-2.6088506e-07,0.9895856,3.2656326,0.021622702697184904
2.0,0.006826777201000463,-0.98974884,-1.578417e-07,-2.6348343e-07,-2.6348343e-07,-2.636718e-07,-2.6317278e-07,0.9895856,3.2656326,0.021655018926528317
2.0,0.006836777201000462,-0.98974895,-6.109222e-08,-2.6057435e-07,-2.6057435e-07,-2.6042562e-07,-2.6088506e-07,0.9895856,3.2656326,0.02168733515587173
2.0,0.006846777201000463,-0.98974884,-1.5784163e-07,-2.6348346e-07,-2.6348346e-07,-2.636718e-07,-2.6317278e-07,0.9895856,3.2656326,0.021719651385215144
2.0,0.0068567772010004625,-0.98974895,-6.109228e-08,-2.6057435e-07,-2.6057435e-07,-2.6042562e-07,-2.6088506e-07,0.9895856,3.2656326,0.021751967614558557
2.0,0.006866777201000463,-0.98974884,-1.5784157e-07,-2.6348346e-07,-2.6348346e-07,-2.636718e-07,-2.6317278e-07,0.9895856,3.2656326,0.02178428384390197
2.0,0.0068767772010004625,-0.98974895,-6.1092344e-08,-2.6057435e-07,-2.6057435e-07,-2.6042562e-07,-2.6088506e-07,0.9895856,3.2656326,0.021816600073245384
2.0,0.006886777201000463,-0.98974884,-1.5784151e-07,-2.6348346e-07,-2.6348346e-07,-2.636718e-07,-2.6317278e-07,0.9895856,3.2656326,0.021848916302588797
2.0,0.006896777201000463,-0.98974895,-6.109241e-08,-2.6057435e-07,-2.6057435e-07,-2.6042562e-07,-2.6088506e-07,0.9895856,3.2656326,0.02188123253193221
2.0,0.006906777201000463,-0.98974884,-1.5784144e-07,-2.6348346e-07,-2.6348346e-07,-2.636718e-07,-2.6317278e-07,0.9895856,3.2656326,0.021913548761275624
2.0,0.006916777201000463,-0.98974895,-6.109247e-08,-2.6057435e-07,-2.6057435e-07,-2.6042562e-07,-2.6088506e-07,0.9895856,3.2656326,0.021945864990619037
2.0,0.006926777201000462,-0.98974884,-1.5784138e-07,-2.6348346e-07,-2.6348346e-07,-2.636718e-07,-2.6317278e-07,0.9895856,3.2656326,0.02197818121996245
2.0,0.006936777201000463,-0.98974895,-6.109253e-08,-2.6057435e-07,-2.6057435e-07,-2.6042562e-07,-2.6088506e-07,0.9895856,3.2656326,0.022010497449305864
2.0,0.006946777201000462,-0.98974884,-1.5784131e-07,-2.6348346e-07,-2.6348346e-07,-2.636718e-07,-2.6317278e-07,0.9895856,3.2656326,0.022042813678649277
2.0,0.006956777201000463,-0.98974895,-6.109259e-08,-2.6057435e-07,-2.6057435e-07,-2.6042562e-07,-2.6088506e-07,0.9895856,3.2656326,0.02207512990799269
2.0,0.006966777201000462,-0.98974884,-1.5784126e-07,-2.6348346e-07,-2.6348346e-07,-2.636718e-07,-2.6317278e-07,0.9895856,3.2656326,0.022107446137336104
2.0,0.006976777201000463,-0.98974895,-6.1092656e-08,-2.6057435e-07,-2.6057435e-07,-2.6042562e-07,-2.6088506e-07,0.9895856,3.2656326,0.022139762366679517
2.0,0.006986777201000462,-0.98974884,-1.5784119e-07,-2.6348346e-07,-2.6348346e-07,-2.636718e-07,-2.6317278e-07,0.9895856,3.2656326,0.02217207859602293
2.0,0.006996777201000463,-0.98974895,-6.109272e-08,-2.6057435e-07,-2.6057435e-07,-2.6042562e-07,-2.6088506e-07,0.9895856,3.2656326,0.022204394825366344
2.0,0.007006777201000462,-0.98974884,-1.5784113e-07,-2.6348346e-07,-2.6348346e-07,-2.636718e-07,-2.6317278e-07,0.9895856,3.2656326,0.022236711054709757
2.0,0.007016777201000463,-0.98974895,-6.1092784e-08,-2.6057435e-07,-2.6057435e-07,-2.604256e-07,-2.6088506e-07,0.9895856,3.2656326,0.02226902728405317
2.0,0.0070267772010004625,-0.98974884,-1.5784106e-07,-2.6348346e-07,-2.6348346e-07,-2.6367184e-07,-2.6317278e-07,0.9895856,3.2656326,0.022301343513396583
2.0,0.007036777201000463,-0.98974895,-6.109285e-08,-2.6057435e-07,-2.6057435e-07,-2.604256e-07,-2.6088506e-07,0.9895856,3.2656326,0.022333659742739997
2.0,0.0070467772010004625,-0.98974884,-1.57841e-07,-2.6348346e-07,-2.6348346e-07,-2.6367184e-07,-2.6317278e-07,0.9895856,3.2656326,0.02236597597208341
2.0,0.007056777201000463,-0.98974895,-6.109291e-08,-2.6057435e-07,-2.6057435e-07,-2.604256e-07,-2.6088506e-07,0.9895856,3.2656326,0.022398292201426823
2.0,0.007066777201000463,-0.98974884,-1.5784093e-07,-2.6348346e-07,-2.6348346e-07,-2.6367184e-07,-2.6317278e-07,0.9895856,3.2656326,0.022430608430770237
2.0,0.007076777201000462,-0.98974895,-6.1092976e-08,-2.6057435e-07,-2.6057435e-07,-2.604256e-07,-2.6088503e-07,0.9895856,3.2656326,0.02246292466011365
2.0,0.007086777201000463,-0.98974884,-1.5784087e-07,-2.6348346e-07,-2.6348346e-07,-2.6367184e-07,-2.6317278e-07,0.9895856,3.2656326,0.022495240889457063
2.0,0.007096777201000462,-0.98974895,-6.109305e-08,-2.6057435e-07,-2.6057435e-07,-2.604256e-07,-2.6088503e-07,0.9895856,3.2656326,0.022527557118800477
2.0,0.007106777201000463,-0.98974884,-1.578408e-07,-2.6348346e-07,-2.6348346e-07,-2.6367184e-07,-2.631728e-07,0.9895856,3.2656326,0.02255987334814389
2.0,0.007116777201000462,-0.98974895,-6.109311e-08,-2.6057435e-07,-2.6057435e-07,-2.604256e-07,-2.6088503e-07,0.9895856,3.2656326,0.022592189577487303
2.0,0.007126777201000463,-0.98974884,-1.5784074e-07,-2.6348346e-07,-2.6348346e-07,-2.6367184e-07,-2.631728e-07,0.9895856,3.2656326,0.022624505806830716
2.0,0.007136777201000462,-0.98974895,-6.1093175e-08,-2.6057435e-07,-2.6057435e-07,-2.604256e-07,-2.6088503e-07,0.9895856,3.2656326,0.02265682203617413
2.0,0.007146777201000463,-0.98974884,-1.5784067e-07,-2.6348346e-07,-2.6348346e-07,-2.6367184e-07,-2.631728e-07,0.9895856,3.2656326,0.022689138265517543
2.0,0.007156777201000462,-0.98974895,-6.109324e-08,-2.6057435e-07,-2.6057435e-07,-2.604256e-07,-2.6088503e-07,0.9895856,3.2656326,0.022721454494860956
2.0,0.007166777201000463,-0.98974884,-1.578406e-07,-2.6348346e-07,-2.6348346e-07,-2.6367184e-07,-2.631728e-07,0.9895856,3.2656326,0.02275377072420437
2.0,0.0071767772010004624,-0.98974895,-6.10933e-08,-2.6057435e-07,-2.6057435e-07,-2.604256e-07,-2.6088503e-07,0.9895856,3.2656326,0.022786086953547783
2.0,0.007186777201000463,-0.98974884,-1.5784055e-07,-2.6348346e-07,-2.6348346e-07,-2.6367184e-07,-2.631728e-07,0.9895856,3.2656326,0.022818403182891196
2.0,0.0071967772010004625,-0.98974895,-6.1093374e-08,-2.6057435e-07,-2.6057435e-07,-2.604256e-07,-2.6088503e-07,0.9895856,3.2656326,0.02285071941223461
2.0,0.007206777201000463,-0.98974884,-1.5784047e-07,-2.6348346e-07,-2.6348346e-07,-2.6367184e-07,-2.631728e-07,0.9895856,3.2656326,0.022883035641578023
2.0,0.0072167772010004625,-0.98974895,-6.109344e-08,-2.6057435e-07,-2.6057435e-07,-2.604256e-07,-2.6088503e-07,0.9895856,3.2656326,0.022915351870921436
2.0,0.007226777201000463,-0.98974884,-1.578404e-07,-2.6348346e-07,-2.6348346e-07,-2.6367184e-07,-2.631728e-07,0.9895856,3.2656326,0.02294766810026485
2.0,0.007236777201000463,-0.98974895,-6.10935e-08,-2.6057435e-07,-2.6057435e-07,-2.604256e-07,-2.6088503e-07,0.9895856,3.2656326,0.022979984329608263
2.0,0.007246777201000462,-0.98974884,-1.5784035e-07,-2.6348346e-07,-2.6348346e-07,-2.6367184e-07,-2.631728e-07,0.9895856,3.2656326,0.023012300558951676
2.0,0.007256777201000463,-0.98974895,-6.109357e-08,-2.6057435e-07,-2.6057435e-07,-2.6042557e-07,-2.6088503e-07,0.9895856,3.2656326,0.02304461678829509
2.0,0.007266777201000462,-0.98974884,-1.5784028e-07,-2.6348346e-07,-2.6348346e-07,-2.6367186e-07,-2.631728e-07,0.9895856,3.2656326,0.023076933017638503
2.0,0.007276777201000463,-0.98974895,-6.109364e-08,-2.6057435e-07,-2.6057435e-07,-2.6042557e-07,-2.6088503e-07,0.9895856,3.2656326,0.023109249246981916
2.0,0.007286777201000462,-0.98974884,-1.578402e-07,-2.6348346e-07,-2.6348346e-07,-2.6367186e-07,-2.631728e-07,0.9895856,3.2656326,0.02314156547632533
2.0,0.007296777201000463,-0.98974895,-6.109371e-08,-2.6057435e-07,-2.6057435e-07,-2.6042557e-07,-2.6088503e-07,0.9895856,3.2656326,0.023173881705668743
2.0,0.007306777201000462,-0.98974884,-1.5784015e-07,-2.6348346e-07,-2.6348346e-07,-2.6367186e-07,-2.631728e-07,0.9895856,3.2656326,0.023206197935012156
2.0,0.007316777201000463,-0.98974895,-6.109377e-08,-2.6057435e-07,-2.6057435e-07,-2.6042557e-07,-2.6088503e-07,0.9895856,3.2656326,0.02323851416435557
2.0,0.007326777201000462,-0.98974884,-1.5784008e-07,-2.6348346e-07,-2.6348346e-07,-2.6367186e-07,-2.631728e-07,0.9895856,3.2656326,0.023270830393698982
2.0,0.007336777201000463,-0.98974895,-6.109384e-08,-2.6057435e-07,-2.6057435e-07,-2.6042557e-07,-2.6088503e-07,0.9895856,3.2656326,0.023303146623042396
2.0,0.0073467772010004624,-0.98974884,-1.5784e-07,-2.6348346e-07,-2.6348346e-07,-2.6367186e-07,-2.631728e-07,0.9895856,3.2656326,0.02333546285238581
2.0,0.007356777201000463,-0.98974895,-6.109391e-08,-2.6057435e-07,-2.6057435e-07,-2.6042557e-07,-2.6088503e-07,0.9895856,3.2656326,0.023367779081729222
2.0,0.0073667772010004625,-0.98974884,-1.5783993e-07,-2.6348346e-07,-2.6348346e-07,-2.6367186e-07,-2.631728e-07,0.9895856,3.2656326,0.023400095311072636
2.0,0.007376777201000463,-0.98974895,-6.109398e-08,-2.6057432e-07,-2.6057432e-07,-2.6042557e-07,-2.6088503e-07,0.9895856,3.2656326,0.02343241154041605
2.0,0.0073867772010004626,-0.98974884,-1.5783986e-07,-2.6348346e-07,-2.6348346e-07,-2.6367186e-07,-2.631728e-07,0.9895856,3.2656326,0.023464727769759462
2.0,0.007396777201000462,-0.98974895,-6.109405e-08,-2.6057432e-07,-2.6057432e-07,-2.6042557e-07,-2.6088503e-07,0.9895856,3.2656326,0.023497043999102876
2.0,0.007406777201000463,-0.98974884,-1.578398e-07,-2.6348349e-07,-2.6348349e-07,-2.6367186e-07,-2.631728e-07,0.9895856,3.2656326,0.02352936022844629
2.0,0.007416777201000462,-0.98974895,-6.109411e-08,-2.6057432e-07,-2.6057432e-07,-2.6042557e-07,-2.6088503e-07,0.9895856,3.2656326,0.023561676457789702
2.0,0.007426777201000463,-0.98974884,-1.5783974e-07,-2.6348349e-07,-2.6348349e-07,-2.6367186e-07,-2.631728e-07,0.9895856,3.2656326,0.023593992687133115
2.0,0.007436777201000462,-0.98974895,-6.1094184e-08,-2.6057432e-07,-2.6057432e-07,-2.6042557e-07,-2.6088503e-07,0.9895856,3.2656326,0.02362630891647653
2.0,0.007446777201000463,-0.98974884,-1.5783966e-07,-2.6348349e-07,-2.6348349e-07,-2.6367186e-07,-2.631728e-07,0.9895856,3.2656326,0.023658625145819942
2.0,0.007456777201000462,-0.98974895,-6.1094255e-08,-2.6057432e-07,-2.6057432e-07,-2.6042557e-07,-2.6088503e-07,0.9895856,3.2656326,0.023690941375163355
2.0,0.007466777201000463,-0.98974884,-1.578396e-07,-2.6348349e-07,-2.6348349e-07,-2.6367186e-07,-2.631728e-07,0.9895856,3.2656326,0.02372325760450677
2.0,0.007476777201000462,-0.98974895,-6.109432e-08,-2.6057432e-07,-2.6057432e-07,-2.6042557e-07,-2.6088503e-07,0.9895856,3.2656326,0.023755573833850182
2.0,0.007486777201000463,-0.98974884,-1.5783952e-07,-2.6348349e-07,-2.6348349e-07,-2.6367186e-07,-2.631728e-07,0.9895856,3.2656326,0.023787890063193595
2.0,0.007496777201000462,-0.98974895,-6.109439e-08,-2.6057432e-07,-2.6057432e-07,-2.6042554e-07,-2.6088503e-07,0.9895856,3.2656326,0.02382020629253701
2.0,0.007506777201000463,-0.98974884,-1.5783945e-07,-2.6348349e-07,-2.6348349e-07,-2.636719e-07,-2.631728e-07,0.9895856,3.2656326,0.023852522521880422
2.0,0.0075167772010004625,-0.98974895,-6.109446e-08,-2.6057432e-07,-2.6057432e-07,-2.6042554e-07,-2.60885e-07,0.9895856,3.2656326,0.023884838751223835
2.0,0.007526777201000463,-0.98974884,-1.5783938e-07,-2.6348349e-07,-2.6348349e-07,-2.636719e-07,-2.631728e-07,0.9895856,3.2656326,0.02391715498056725
2.0,0.0075367772010004625,-0.98974895,-6.109453e-08,-2.6057432e-07,-2.6057432e-07,-2.6042554e-07,-2.60885e-07,0.9895856,3.2656326,0.02394947120991066
2.0,0.007546777201000463,-0.98974884,-1.5783931e-07,-2.6348349e-07,-2.6348349e-07,-2.636719e-07,-2.6317284e-07,0.9895856,3.2656326,0.023981787439254075
2.0,0.007556777201000463,-0.98974895,-6.10946e-08,-2.6057432e-07,-2.6057432e-07,-2.6042554e-07,-2.60885e-07,0.9895856,3.2656326,0.02401410366859749
2.0,0.007566777201000462,-0.98974884,-1.5783925e-07,-2.6348349e-07,-2.6348349e-07,-2.636719e-07,-2.6317284e-07,0.9895856,3.2656326,0.0240464198979409
2.0,0.007576777201000463,-0.98974895,-6.109467e-08,-2.6057432e-07,-2.6057432e-07,-2.6042554e-07,-2.60885e-07,0.9895856,3.2656326,0.024078736127284315
2.0,0.007586777201000462,-0.98974884,-1.5783918e-07,-2.6348349e-07,-2.6348349e-07,-2.636719e-07,-2.6317284e-07,0.9895856,3.2656326,0.024111052356627728
2.0,0.007596777201000463,-0.98974895,-6.109474e-08,-2.6057432e-07,-2.6057432e-07,-2.6042554e-07,-2.60885e-07,0.9895856,3.2656326,0.02414336858597114
2.0,0.007606777201000462,-0.98974884,-1.5783911e-07,-2.6348349e-07,-2.6348349e-07,-2.636719e-07,-2.6317284e-07,0.9895856,3.2656326,0.024175684815314555
2.0,0.007616777201000463,-0.98974895,-6.109481e-08,-2.6057432e-07,-2.6057432e-07,-2.6042554e-07,-2.60885e-07,0.9895856,3.2656326,0.024208001044657968
2.0,0.007626777201000462,-0.98974884,-1.5783904e-07,-2.6348349e-07,-2.6348349e-07,-2.636719e-07,-2.6317284e-07,0.9895856,3.2656326,0.02424031727400138
2.0,0.007636777201000463,-0.98974895,-6.109488e-08,-2.6057432e-07,-2.6057432e-07,-2.6042554e-07,-2.60885e-07,0.9895856,3.2656326,0.024272633503344795
2.0,0.007646777201000462,-0.98974884,-1.5783897e-07,-2.6348349e-07,-2.6348349e-07,-2.636719e-07,-2.6317284e-07,0.9895856,3.2656326,0.024304949732688208
2.0,0.007656777201000463,-0.98974895,-6.109495e-08,-2.6057432e-07,-2.6057432e-07,-2.6042554e-07,-2.60885e-07,0.9895856,3.2656326,0.02433726596203162
2.0,0.007666777201000462,-0.98974884,-1.578389e-07,-2.6348349e-07,-2.6348349e-07,-2.636719e-07,-2.6317284e-07,0.9895856,3.2656326,0.024369582191375035
2.0,0.007676777201000463,-0.98974895,-6.109502e-08,-2.6057432e-07,-2.6057432e-07,-2.6042554e-07,-2.60885e-07,0.9895856,3.2656326,0.024401898420718448
2.0,0.0076867772010004625,-0.98974884,-1.5783883e-07,-2.6348349e-07,-2.6348349e-07,-2.636719e-07,-2.6317284e-07,0.9895856,3.2656326,0.02443421465006186
2.0,0.007696777201000463,-0.98974895,-6.109509e-08,-2.6057432e-07,-2.6057432e-07,-2.6042554e-07,-2.60885e-07,0.9895856,3.2656326,0.024466530879405275
2.0,0.0077067772010004625,-0.98974884,-1.5783876e-07,-2.6348349e-07,-2.6348349e-07,-2.636719e-07,-2.6317284e-07,0.9895856,3.2656326,0.024498847108748688
2.0,0.007716777201000462,-0.98974895,-6.1095164e-08,-2.6057432e-07,-2.6057432e-07,-2.6042554e-07,-2.60885e-07,0.9895856,3.2656326,0.0245311633380921
2.0,0.007726777201000463,-0.98974884,-1.5783868e-07,-2.6348349e-07,-2.6348349e-07,-2.636719e-07,-2.6317284e-07,0.9895856,3.2656326,0.024563479567435514
2.0,0.007736777201000462,-0.98974895,-6.109524e-08,-2.6057432e-07,-2.6057432e-07,-2.604255e-07,-2.60885e-07,0.9895856,3.2656326,0.024595795796778928
2.0,0.007746777201000463,-0.98974884,-1.5783861e-07,-2.6348349e-07,-2.6348349e-07,-2.6367192e-07,-2.6317284e-07,0.9895856,3.2656326,0.02462811202612234
2.0,0.007756777201000462,-0.98974895,-6.1095314e-08,-2.6057432e-07,-2.6057432e-07,-2.604255e-07,-2.60885e-07,0.9895856,3.2656326,0.024660428255465754
2.0,0.007766777201000463,-0.98974884,-1.5783853e-07,-2.6348349e-07,-2.6348349e-07,-2.6367192e-07,-2.6317284e-07,0.9895856,3.2656326,0.024692744484809168
2.0,0.007776777201000462,-0.98974895,-6.1095385e-08,-2.6057432e-07,-2.6057432e-07,-2.604255e-07,-2.60885e-07,0.9895856,3.2656326,0.02472506071415258
2.0,0.007786777201000463,-0.98974884,-1.5783846e-07,-2.6348349e-07,-2.6348349e-07,-2.6367192e-07,-2.6317284e-07,0.9895856,3.2656326,0.024757376943495994
2.0,0.007796777201000462,-0.98974895,-6.1095456e-08,-2.6057432e-07,-2.6057432e-07,-2.604255e-07,-2.60885e-07,0.9895856,3.2656326,0.024789693172839408
2.0,0.007806777201000463,-0.98974884,-1.5783839e-07,-2.6348349e-07,-2.6348349e-07,-2.6367192e-07,-2.6317284e-07,0.9895856,3.2656326,0.024822009402182824
2.0,0.007816777201000463,-0.98974895,-6.109553e-08,-2.6057432e-07,-2.6057432e-07,-2.604255e-07,-2.60885e-07,0.9895856,3.2656326,0.024854325631526238
2.0,0.007826777201000463,-0.98974884,-1.5783831e-07,-2.6348349e-07,-2.6348349e-07,-2.6367192e-07,-2.6317284e-07,0.9895856,3.2656326,0.02488664186086965
2.0,0.007836777201000462,-0.98974895,-6.10956e-08,-2.6057432e-07,-2.6057432e-07,-2.604255e-07,-2.60885e-07,0.9895856,3.2656326,0.024918958090213064
2.0,0.007846777201000462,-0.98974884,-1.5783824e-07,-2.6348349e-07,-2.6348349e-07,-2.6367192e-07,-2.6317284e-07,0.9895856,3.2656326,0.02495127431955648
2.0,0.007856777201000463,-0.98974895,-6.1095676e-08,-2.6057432e-07,-2.6057432e-07,-2.604255e-07,-2.60885e-07,0.9895856,3.2656326,0.024983590548899898
2.0,0.007866777201000463,-0.98974884,-1.5783817e-07,-2.6348349e-07,-2.6348349e-07,-2.6367192e-07,-2.6317284e-07,0.9895856,3.2656326,0.02501590677824331
2.0,0.007876777201000463,-0.98974895,-6.109575e-08,-2.6057432e-07,-2.6057432e-07,-2.604255e-07,-2.60885e-07,0.9895856,3.2656326,0.025048223007586724
2.0,0.007886777201000462,-0.98974884,-1.578381e-07,-2.6348349e-07,-2.6348349e-07,-2.6367192e-07,-2.6317284e-07,0.9895856,3.2656326,0.025080539236930138
2.0,0.007896777201000462,-0.98974895,-6.109582e-08,-2.6057432e-07,-2.6057432e-07,-2.604255e-07,-2.60885e-07,0.9895856,3.2656326,0.025112855466273554
2.0,0.007906777201000463,-0.98974884,-1.5783803e-07,-2.6348349e-07,-2.6348349e-07,-2.6367192e-07,-2.6317284e-07,0.9895856,3.2656326,0.02514517169561697
2.0,0.007916777201000463,-0.98974895,-6.1095896e-08,-2.6057432e-07,-2.6057432e-07,-2.604255e-07,-2.60885e-07,0.9895856,3.2656326,0.025177487924960384
2.0,0.007926777201000462,-0.98974884,-1.5783795e-07,-2.6348349e-07,-2.6348349e-07,-2.6367192e-07,-2.6317284e-07,0.9895856,3.2656326,0.025209804154303798
2.0,0.007936777201000462,-0.98974895,-6.109597e-08,-2.6057432e-07,-2.6057432e-07,-2.604255e-07,-2.60885e-07,0.9895856,3.2656326,0.025242120383647215
2.0,0.007946777201000463,-0.98974884,-1.5783787e-07,-2.6348349e-07,-2.6348349e-07,-2.6367192e-07,-2.6317284e-07,0.9895856,3.2656326,0.02527443661299063
2.0,0.007956777201000463,-0.98974895,-6.109604e-08,-2.6057432e-07,-2.6057432e-07,-2.604255e-07,-2.60885e-07,0.9895856,3.2656326,0.025306752842334045
2.0,0.007966777201000462,-0.98974884,-1.578378e-07,-2.6348349e-07,-2.6348349e-07,-2.6367192e-07,-2.6317284e-07,0.9895856,3.2656326,0.025339069071677458
2.0,0.007976777201000462,-0.98974895,-6.109612e-08,-2.6057432e-07,-2.6057432e-07,-2.604255e-07,-2.6088497e-07,0.9895856,3.2656326,0.025371385301020875
2.0,0.007986777201000463,-0.98974884,-1.5783773e-07,-2.6348349e-07,-2.6348349e-07,-2.6367192e-07,-2.6317284e-07,0.9895856,3.2656326,0.02540370153036429
2.0,0.007996777201000463,-0.98974895,-6.109619e-08,-2.6057432e-07,-2.6057432e-07,-2.6042548e-07,-2.6088497e-07,0.9895856,3.2656326,0.025436017759707705
2.0,0.008006777201000462,-0.98974884,-1.5783766e-07,-2.6348349e-07,-2.6348349e-07,-2.6367195e-07,-2.6317284e-07,0.9895856,3.2656326,0.025468333989051118
2.0,0.008016777201000462,-0.98974895,-6.109626e-08,-2.605743e-07,-2.605743e-07,-2.6042548e-07,-2.6088497e-07,0.9895856,3.2656326,0.025500650218394535
2.0,0.008026777201000463,-0.98974884,-1.5783758e-07,-2.6348349e-07,-2.634835e-07,-2.6367195e-07,-2.6317286e-07,0.9895856,3.2656326,0.02553296644773795
2.0,0.008036777201000463,-0.98974895,-6.109634e-08,-2.605743e-07,-2.605743e-07,-2.6042548e-07,-2.6088497e-07,0.9895856,3.2656326,0.025565282677081365
2.0,0.008046777201000463,-0.98974884,-1.578375e-07,-2.634835e-07,-2.634835e-07,-2.6367195e-07,-2.6317286e-07,0.9895856,3.2656326,0.025597598906424778
2.0,0.008056777201000462,-0.98974895,-6.109641e-08,-2.605743e-07,-2.605743e-07,-2.6042548e-07,-2.6088497e-07,0.9895856,3.2656326,0.02562991513576819
2.0,0.008066777201000462,-0.98974884,-1.5783743e-07,-2.634835e-07,-2.634835e-07,-2.6367195e-07,-2.6317286e-07,0.9895856,3.2656326,0.025662231365111608
2.0,0.008076777201000463,-0.98974895,-6.1096486e-08,-2.605743e-07,-2.605743e-07,-2.6042548e-07,-2.6088497e-07,0.9895856,3.2656326,0.025694547594455025
2.0,0.008086777201000463,-0.98974884,-1.5783736e-07,-2.634835e-07,-2.634835e-07,-2.6367195e-07,-2.6317286e-07,0.9895856,3.2656326,0.02572686382379844
2.0,0.008096777201000462,-0.98974895,-6.109656e-08,-2.605743e-07,-2.605743e-07,-2.6042548e-07,-2.6088497e-07,0.9895856,3.2656326,0.02575918005314185
2.0,0.008106777201000462,-0.98974884,-1.5783728e-07,-2.634835e-07,-2.634835e-07,-2.6367195e-07,-2.6317286e-07,0.9895856,3.2656326,0.02579149628248527
2.0,0.008116777201000463,-0.98974895,-6.1096635e-08,-2.605743e-07,-2.605743e-07,-2.6042548e-07,-2.6088497e-07,0.9895856,3.2656326,0.025823812511828685
2.0,0.008126777201000463,-0.98974884,-1.578372e-07,-2.634835e-07,-2.634835e-07,-2.6367195e-07,-2.6317286e-07,0.9895856,3.2656326,0.0258561287411721
2.0,0.008136777201000462,-0.98974895,-6.109671e-08,-2.605743e-07,-2.605743e-07,-2.6042548e-07,-2.6088497e-07,0.9895856,3.2656326,0.025888444970515512
2.0,0.008146777201000462,-0.98974884,-1.5783714e-07,-2.634835e-07,-2.634835e-07,-2.6367195e-07,-2.6317286e-07,0.9895856,3.2656326,0.02592076119985893
2.0,0.008156777201000463,-0.98974895,-6.1096785e-08,-2.605743e-07,-2.605743e-07,-2.6042548e-07,-2.6088497e-07,0.9895856,3.2656326,0.025953077429202345
2.0,0.008166777201000463,-0.98974884,-1.5783706e-07,-2.634835e-07,-2.634835e-07,-2.6367195e-07,-2.6317286e-07,0.9895856,3.2656326,0.02598539365854576
2.0,0.008176777201000462,-0.98974895,-6.109686e-08,-2.605743e-07,-2.605743e-07,-2.6042548e-07,-2.6088497e-07,0.9895856,3.2656326,0.026017709887889172
2.0,0.008186777201000462,-0.98974884,-1.5783698e-07,-2.634835e-07,-2.634835e-07,-2.6367195e-07,-2.6317286e-07,0.9895856,3.2656326,0.026050026117232585
2.0,0.008196777201000462,-0.98974895,-6.1096934e-08,-2.605743e-07,-2.605743e-07,-2.6042548e-07,-2.6088497e-07,0.9895856,3.2656326,0.026082342346576002
2.0,0.008206777201000463,-0.98974884,-1.5783691e-07,-2.634835e-07,-2.634835e-07,-2.6367195e-07,-2.6317286e-07,0.9895856,3.2656326,0.02611465857591942
2.0,0.008216777201000463,-0.98974895,-6.109701e-08,-2.605743e-07,-2.605743e-07,-2.6042548e-07,-2.6088497e-07,0.9895856,3.2656326,0.026146974805262832
2.0,0.008226777201000462,-0.98974884,-1.5783684e-07,-2.634835e-07,-2.634835e-07,-2.6367195e-07,-2.6317286e-07,0.9895856,3.2656326,0.026179291034606245
2.0,0.008236777201000462,-0.98974895,-6.109709e-08,-2.605743e-07,-2.605743e-07,-2.6042548e-07,-2.6088497e-07,0.9895856,3.2656326,0.026211607263949662
2.0,0.008246777201000463,-0.98974884,-1.5783675e-07,-2.634835e-07,-2.634835e-07,-2.6367195e-07,-2.6317286e-07,0.9895856,3.2656326,0.02624392349329308
2.0,0.008256777201000463,-0.98974895,-6.109716e-08,-2.605743e-07,-2.605743e-07,-2.6042545e-07,-2.6088497e-07,0.9895856,3.2656326,0.026276239722636492
2.0,0.008266777201000462,-0.98974884,-1.5783668e-07,-2.634835e-07,-2.634835e-07,-2.6367198e-07,-2.6317286e-07,0.9895856,3.2656326,0.026308555951979905
2.0,0.008276777201000462,-0.98974895,-6.109724e-08,-2.605743e-07,-2.605743e-07,-2.6042545e-07,-2.6088497e-07,0.9895856,3.2656326,0.026340872181323322
2.0,0.008286777201000463,-0.98974884,-1.5783661e-07,-2.634835e-07,-2.634835e-07,-2.6367198e-07,-2.6317286e-07,0.9895856,3.2656326,0.02637318841066674
2.0,0.008296777201000463,-0.98974895,-6.109732e-08,-2.605743e-07,-2.605743e-07,-2.6042545e-07,-2.6088497e-07,0.9895856,3.2656326,0.026405504640010152
2.0,0.008306777201000462,-0.98974884,-1.5783652e-07,-2.634835e-07,-2.634835e-07,-2.6367198e-07,-2.6317286e-07,0.9895856,3.2656326,0.026437820869353566
2.0,0.008316777201000462,-0.98974895,-6.1097396e-08,-2.605743e-07,-2.605743e-07,-2.6042545e-07,-2.6088497e-07,0.9895856,3.2656326,0.026470137098696982
2.0,0.008326777201000463,-0.98974884,-1.5783645e-07,-2.634835e-07,-2.634835e-07,-2.6367198e-07,-2.6317286e-07,0.9895856,3.2656326,0.0265024533280404
2.0,0.008336777201000463,-0.98974895,-6.109747e-08,-2.605743e-07,-2.605743e-07,-2.6042545e-07,-2.6088497e-07,0.9895856,3.2656326,0.026534769557383812
2.0,0.008346777201000462,-0.98974884,-1.5783637e-07,-2.634835e-07,-2.634835e-07,-2.6367198e-07,-2.6317286e-07,0.9895856,3.2656326,0.026567085786727226
2.0,0.008356777201000462,-0.98974895,-6.1097545e-08,-2.605743e-07,-2.605743e-07,-2.6042545e-07,-2.6088497e-07,0.9895856,3.2656326,0.02659940201607064
2.0,0.008366777201000462,-0.98974884,-1.578363e-07,-2.634835e-07,-2.634835e-07,-2.6367198e-07,-2.6317286e-07,0.9895856,3.2656326,0.026631718245414056
2.0,0.008376777201000463,-0.98974895,-6.109762e-08,-2.605743e-07,-2.605743e-07,-2.6042545e-07,-2.6088497e-07,0.9895856,3.2656326,0.026664034474757473
2.0,0.008386777201000463,-0.98974884,-1.5783623e-07,-2.634835e-07,-2.634835e-07,-2.6367198e-07,-2.6317286e-07,0.9895856,3.2656326,0.026696350704100886
2.0,0.008396777201000462,-0.98974895,-6.10977e-08,-2.605743e-07,-2.605743e-07,-2.6042545e-07,-2.6088497e-07,0.9895856,3.2656326,0.0267286669334443
2.0,0.008406777201000462,-0.98974884,-1.5783614e-07,-2.634835e-07,-2.634835e-07,-2.6367198e-07,-2.6317286e-07,0.9895856,3.2656326,0.026760983162787716
2.0,0.008416777201000463,-0.98974895,-6.109778e-08,-2.605743e-07,-2.605743e-07,-2.6042545e-07,-2.6088497e-07,0.9895856,3.2656326,0.026793299392131133
2.0,0.008426777201000463,-0.98974884,-1.5783607e-07,-2.634835e-07,-2.634835e-07,-2.6367198e-07,-2.6317286e-07,0.9895856,3.2656326,0.026825615621474546
2.0,0.008436777201000462,-0.98974895,-6.109786e-08,-2.605743e-07,-2.605743e-07,-2.6042545e-07,-2.6088497e-07,0.9895856,3.2656326,0.02685793185081796
2.0,0.008446777201000462,-0.98974884,-1.5783598e-07,-2.634835e-07,-2.634835e-07,-2.6367198e-07,-2.6317286e-07,0.9895856,3.2656326,0.026890248080161376
2.0,0.008456777201000463,-0.98974895,-6.1097936e-08,-2.605743e-07,-2.605743e-07,-2.6042545e-07,-2.6088497e-07,0.9895856,3.2656326,0.026922564309504793
2.0,0.008466777201000463,-0.98974884,-1.5783591e-07,-2.634835e-07,-2.634835e-07,-2.6367198e-07,-2.6317286e-07,0.9895856,3.2656326,0.026954880538848206
2.0,0.008476777201000462,-0.98974895,-6.109801e-08,-2.605743e-07,-2.605743e-07,-2.6042545e-07,-2.6088497e-07,0.9895856,3.2656326,0.02698719676819162
2.0,0.008486777201000462,-0.98974884,-1.5783583e-07,-2.634835e-07,-2.634835e-07,-2.6367198e-07,-2.6317286e-07,0.9895856,3.2656326,0.027019512997535036
2.0,0.008496777201000463,-0.98974895,-6.1098085e-08,-2.605743e-07,-2.605743e-07,-2.6042545e-07,-2.6088495e-07,0.9895856,3.2656326,0.027051829226878453
2.0,0.008506777201000463,-0.98974884,-1.5783576e-07,-2.634835e-07,-2.634835e-07,-2.6367198e-07,-2.6317286e-07,0.9895856,3.2656326,0.027084145456221866
2.0,0.008516777201000462,-0.98974895,-6.109816e-08,-2.605743e-07,-2.605743e-07,-2.6042545e-07,-2.6088495e-07,0.9895856,3.2656326,0.02711646168556528
2.0,0.008526777201000462,-0.98974884,-1.5783567e-07,-2.634835e-07,-2.634835e-07,-2.6367198e-07,-2.6317286e-07,0.9895856,3.2656326,0.027148777914908693
2.0,0.008536777201000462,-0.98974895,-6.109824e-08,-2.605743e-07,-2.605743e-07,-2.6042542e-07,-2.6088495e-07,0.9895856,3.2656326,0.02718109414425211
2.0,0.008546777201000463,-0.98974884,-1.578356e-07,-2.634835e-07,-2.634835e-07,-2.63672e-07,-2.631729e-07,0.9895856,3.2656326,0.027213410373595526
2.0,0.008556777201000463,-0.98974895,-6.109832e-08,-2.605743e-07,-2.605743e-07,-2.6042542e-07,-2.6088495e-07,0.9895856,3.2656326,0.02724572660293894
2.0,0.008566777201000462,-0.98974884,-1.5783552e-07,-2.634835e-07,-2.634835e-07,-2.63672e-07,-2.631729e-07,0.9895856,3.2656326,0.027278042832282353
2.0,0.008576777201000462,-0.98974895,-6.10984e-08,-2.605743e-07,-2.605743e-07,-2.6042542e-07,-2.6088495e-07,0.9895856,3.2656326,0.02731035906162577
2.0,0.008586777201000463,-0.98974884,-1.5783544e-07,-2.634835e-07,-2.634835e-07,-2.63672e-07,-2.631729e-07,0.9895856,3.2656326,0.027342675290969187
2.0,0.008596777201000463,-0.98974895,-6.1098476e-08,-2.605743e-07,-2.605743e-07,-2.6042542e-07,-2.6088495e-07,0.9895856,3.2656326,0.0273749915203126
2.0,0.008606777201000462,-0.98974884,-1.5783536e-07,-2.634835e-07,-2.634835e-07,-2.63672e-07,-2.631729e-07,0.9895856,3.2656326,0.027407307749656013
2.0,0.008616777201000462,-0.98974895,-6.1098554e-08,-2.605743e-07,-2.605743e-07,-2.6042542e-07,-2.6088495e-07,0.9895856,3.2656326,0.02743962397899943
2.0,0.008626777201000463,-0.98974884,-1.5783529e-07,-2.634835e-07,-2.634835e-07,-2.63672e-07,-2.631729e-07,0.9895856,3.2656326,0.027471940208342847
2.0,0.008636777201000463,-0.98974895,-6.109863e-08,-2.605743e-07,-2.605743e-07,-2.6042542e-07,-2.6088495e-07,0.9895856,3.2656326,0.02750425643768626
2.0,0.008646777201000462,-0.98974884,-1.578352e-07,-2.634835e-07,-2.634835e-07,-2.63672e-07,-2.631729e-07,0.9895856,3.2656326,0.027536572667029673
2.0,0.008656777201000462,-0.98974895,-6.109871e-08,-2.605743e-07,-2.605743e-07,-2.6042542e-07,-2.6088495e-07,0.9895856,3.2656326,0.02756888889637309
2.0,0.008666777201000463,-0.98974884,-1.5783513e-07,-2.634835e-07,-2.634835e-07,-2.63672e-07,-2.631729e-07,0.9895856,3.2656326,0.027601205125716507
2.0,0.008676777201000463,-0.98974895,-6.1098795e-08,-2.605743e-07,-2.605743e-07,-2.6042542e-07,-2.6088495e-07,0.9895856,3.2656326,0.02763352135505992
2.0,0.008686777201000462,-0.98974884,-1.5783505e-07,-2.634835e-07,-2.634835e-07,-2.63672e-07,-2.631729e-07,0.9895856,3.2656326,0.027665837584403333
2.0,0.008696777201000462,-0.98974895,-6.109887e-08,-2.605743e-07,-2.605743e-07,-2.6042542e-07,-2.6088495e-07,0.9895856,3.2656326,0.027698153813746747
2.0,0.008706777201000462,-0.98974884,-1.5783498e-07,-2.634835e-07,-2.634835e-07,-2.63672e-07,-2.631729e-07,0.9895856,3.2656326,0.027730470043090164
2.0,0.008716777201000463,-0.98974895,-6.109895e-08,-2.605743e-07,-2.605743e-07,-2.6042542e-07,-2.6088495e-07,0.9895856,3.2656326,0.02776278627243358
2.0,0.008726777201000463,-0.98974884,-1.5783489e-07,-2.634835e-07,-2.634835e-07,-2.63672e-07,-2.631729e-07,0.9895856,3.2656326,0.027795102501776994
2.0,0.008736777201000462,-0.98974895,-6.109903e-08,-2.605743e-07,-2.605743e-07,-2.6042542e-07,-2.6088495e-07,0.9895856,3.2656326,0.027827418731120407
2.0,0.008746777201000462,-0.98974884,-1.5783482e-07,-2.634835e-07,-2.634835e-07,-2.63672e-07,-2.631729e-07,0.9895856,3.2656326,0.027859734960463824
2.0,0.008756777201000463,-0.98974895,-6.109911e-08,-2.605743e-07,-2.605743e-07,-2.6042542e-07,-2.6088495e-07,0.9895856,3.2656326,0.02789205118980724
2.0,0.008766777201000463,-0.98974884,-1.5783473e-07,-2.634835e-07,-2.634835e-07,-2.63672e-07,-2.631729e-07,0.9895856,3.2656326,0.027924367419150654
2.0,0.008776777201000462,-0.98974895,-6.1099186e-08,-2.6057427e-07,-2.6057427e-07,-2.6042542e-07,-2.6088495e-07,0.9895856,3.2656326,0.027956683648494067
2.0,0.008786777201000462,-0.98974884,-1.5783465e-07,-2.634835e-07,-2.634835e-07,-2.63672e-07,-2.631729e-07,0.9895856,3.2656326,0.027988999877837484
2.0,0.008796777201000463,-0.98974895,-6.1099264e-08,-2.6057427e-07,-2.6057427e-07,-2.6042542e-07,-2.6088495e-07,0.9895856,3.2656326,0.0280213161071809
2.0,0.008806777201000463,-0.98974884,-1.5783458e-07,-2.6348354e-07,-2.6348354e-07,-2.63672e-07,-2.631729e-07,0.9895856,3.2656326,0.028053632336524314
2.0,0.008816777201000462,-0.98974895,-6.109935e-08,-2.6057427e-07,-2.6057427e-07,-2.604254e-07,-2.6088495e-07,0.9895856,3.2656326,0.028085948565867727
2.0,0.008826777201000462,-0.98974884,-1.5783449e-07,-2.6348354e-07,-2.6348354e-07,-2.6367204e-07,-2.631729e-07,0.9895856,3.2656326,0.02811826479521114
2.0,0.008836777201000462,-0.98974895,-6.109943e-08,-2.6057427e-07,-2.6057427e-07,-2.604254e-07,-2.6088495e-07,0.9895856,3.2656326,0.028150581024554557
2.0,0.008846777201000463,-0.98974884,-1.5783442e-07,-2.6348354e-07,-2.6348354e-07,-2.6367204e-07,-2.631729e-07,0.9895856,3.2656326,0.028182897253897974
2.0,0.008856777201000463,-0.98974895,-6.1099506e-08,-2.6057427e-07,-2.6057427e-07,-2.604254e-07,-2.6088495e-07,0.9895856,3.2656326,0.028215213483241387
2.0,0.008866777201000462,-0.98974884,-1.5783434e-07,-2.6348354e-07,-2.6348354e-07,-2.6367204e-07,-2.631729e-07,0.9895856,3.2656326,0.0282475297125848
2.0,0.008876777201000462,-0.98974895,-6.1099584e-08,-2.6057427e-07,-2.6057427e-07,-2.604254e-07,-2.6088495e-07,0.9895856,3.2656326,0.028279845941928217
2.0,0.008886777201000463,-0.98974884,-1.5783425e-07,-2.6348354e-07,-2.6348354e-07,-2.6367204e-07,-2.631729e-07,0.9895856,3.2656326,0.028312162171271634
2.0,0.008896777201000463,-0.98974895,-6.109967e-08,-2.6057427e-07,-2.6057427e-07,-2.604254e-07,-2.6088495e-07,0.9895856,3.2656326,0.028344478400615047
2.0,0.008906777201000462,-0.98974884,-1.5783418e-07,-2.6348354e-07,-2.6348354e-07,-2.6367204e-07,-2.631729e-07,0.9895856,3.2656326,0.02837679462995846
2.0,0.008916777201000462,-0.98974895,-6.109975e-08,-2.6057427e-07,-2.6057427e-07,-2.604254e-07,-2.6088495e-07,0.9895856,3.2656326,0.028409110859301877
2.0,0.008926777201000463,-0.98974884,-1.578341e-07,-2.6348354e-07,-2.6348354e-07,-2.6367204e-07,-2.631729e-07,0.9895856,3.2656326,0.028441427088645294
2.0,0.008936777201000463,-0.98974895,-6.1099826e-08,-2.6057427e-07,-2.6057427e-07,-2.604254e-07,-2.6088495e-07,0.9895856,3.2656326,0.028473743317988708
2.0,0.008946777201000462,-0.98974884,-1.5783401e-07,-2.6348354e-07,-2.6348354e-07,-2.6367204e-07,-2.631729e-07,0.9895856,3.2656326,0.02850605954733212
2.0,0.008956777201000462,-0.98974895,-6.109991e-08,-2.6057427e-07,-2.6057427e-07,-2.604254e-07,-2.6088495e-07,0.9895856,3.2656326,0.028538375776675538
2.0,0.008966777201000463,-0.98974884,-1.5783394e-07,-2.6348354e-07,-2.6348354e-07,-2.6367204e-07,-2.631729e-07,0.9895856,3.2656326,0.028570692006018954
2.0,0.008976777201000463,-0.98974895,-6.109999e-08,-2.6057427e-07,-2.6057427e-07,-2.604254e-07,-2.6088495e-07,0.9895856,3.2656326,0.028603008235362368
2.0,0.008986777201000462,-0.98974884,-1.5783385e-07,-2.6348354e-07,-2.6348354e-07,-2.6367204e-07,-2.631729e-07,0.9895856,3.2656326,0.02863532446470578
2.0,0.008996777201000462,-0.98974895,-6.110007e-08,-2.6057427e-07,-2.6057427e-07,-2.604254e-07,-2.6088495e-07,0.9895856,3.2656326,0.028667640694049194
2.0,0.009006777201000462,-0.98974884,-1.5783377e-07,-2.6348354e-07,-2.6348354e-07,-2.6367204e-07,-2.631729e-07,0.9895856,3.2656326,0.02869995692339261
2.0,0.009016777201000463,-0.98974895,-6.110015e-08,-2.6057427e-07,-2.6057427e-07,-2.604254e-07,-2.6088495e-07,0.9895856,3.2656326,0.028732273152736028
2.0,0.009026777201000463,-0.98974884,-1.578337e-07,-2.6348354e-07,-2.6348354e-07,-2.6367204e-07,-2.631729e-07,0.9895856,3.2656326,0.02876458938207944
2.0,0.009036777201000462,-0.98974895,-6.110023e-08,-2.6057427e-07,-2.6057427e-07,-2.604254e-07,-2.6088495e-07,0.9895856,3.2656326,0.028796905611422854
2.0,0.009046777201000462,-0.98974884,-1.5783361e-07,-2.6348354e-07,-2.6348354e-07,-2.6367204e-07,-2.631729e-07,0.9895856,3.2656326,0.02882922184076627
2.0,0.009056777201000463,-0.98974895,-6.110031e-08,-2.6057427e-07,-2.6057427e-07,-2.604254e-07,-2.6088495e-07,0.9895856,3.2656326,0.028861538070109688
2.0,0.009066777201000463,-0.98974884,-1.5783353e-07,-2.6348354e-07,-2.6348354e-07,-2.6367204e-07,-2.631729e-07,0.9895856,3.2656326,0.0288938542994531
2.0,0.009076777201000462,-0.98974895,-6.1100394e-08,-2.6057427e-07,-2.6057427e-07,-2.604254e-07,-2.6088492e-07,0.9895856,3.2656326,0.028926170528796515
2.0,0.009086777201000462,-0.98974884,-1.5783345e-07,-2.6348354e-07,-2.6348354e-07,-2.6367204e-07,-2.631729e-07,0.9895856,3.2656326,0.02895848675813993
2.0,0.009096777201000463,-0.98974895,-6.110047e-08,-2.6057427e-07,-2.6057427e-07,-2.604254e-07,-2.6088492e-07,0.9895856,3.2656326,0.028990802987483348
2.0,0.009106777201000463,-0.98974884,-1.5783337e-07,-2.6348354e-07,-2.6348354e-07,-2.6367204e-07,-2.6317292e-07,0.9895856,3.2656326,0.02902311921682676
2.0,0.009116777201000462,-0.98974895,-6.110056e-08,-2.6057427e-07,-2.6057427e-07,-2.6042537e-07,-2.6088492e-07,0.9895856,3.2656326,0.029055435446170175
2.0,0.009126777201000462,-0.98974884,-1.5783328e-07,-2.6348354e-07,-2.6348354e-07,-2.6367206e-07,-2.6317292e-07,0.9895856,3.2656326,0.02908775167551359
2.0,0.009136777201000463,-0.98974895,-6.1100636e-08,-2.6057427e-07,-2.6057427e-07,-2.6042537e-07,-2.6088492e-07,0.9895856,3.2656326,0.029120067904857008
2.0,0.009146777201000463,-0.98974884,-1.578332e-07,-2.6348354e-07,-2.6348354e-07,-2.6367206e-07,-2.6317292e-07,0.9895856,3.2656326,0.02915238413420042
2.0,0.009156777201000462,-0.98974895,-6.110072e-08,-2.6057427e-07,-2.6057427e-07,-2.6042537e-07,-2.6088492e-07,0.9895856,3.2656326,0.029184700363543835
2.0,0.009166777201000462,-0.98974884,-1.5783313e-07,-2.6348354e-07,-2.6348354e-07,-2.6367206e-07,-2.6317292e-07,0.9895856,3.2656326,0.029217016592887248
2.0,0.009176777201000462,-0.98974895,-6.11008e-08,-2.6057427e-07,-2.6057427e-07,-2.6042537e-07,-2.6088492e-07,0.9895856,3.2656326,0.029249332822230665
2.0,0.009186777201000463,-0.98974884,-1.5783304e-07,-2.6348354e-07,-2.6348354e-07,-2.6367206e-07,-2.6317292e-07,0.9895856,3.2656326,0.02928164905157408
2.0,0.009196777201000463,-0.98974895,-6.110088e-08,-2.6057427e-07,-2.6057427e-07,-2.6042537e-07,-2.6088492e-07,0.9895856,3.2656326,0.029313965280917495
2.0,0.009206777201000462,-0.98974884,-1.5783296e-07,-2.6348354e-07,-2.6348354e-07,-2.6367206e-07,-2.6317292e-07,0.9895856,3.2656326,0.02934628151026091
2.0,0.009216777201000462,-0.98974895,-6.110096e-08,-2.6057427e-07,-2.6057427e-07,-2.6042537e-07,-2.6088492e-07,0.9895856,3.2656326,0.029378597739604325
2.0,0.009226777201000463,-0.98974884,-1.5783287e-07,-2.6348354e-07,-2.6348354e-07,-2.6367206e-07,-2.6317292e-07,0.9895856,3.2656326,0.029410913968947742
2.0,0.009236777201000463,-0.98974895,-6.110104e-08,-2.6057427e-07,-2.6057427e-07,-2.6042537e-07,-2.6088492e-07,0.9895856,3.2656326,0.029443230198291155
2.0,0.009246777201000462,-0.98974884,-1.578328e-07,-2.6348354e-07,-2.6348354e-07,-2.6367206e-07,-2.6317292e-07,0.9895856,3.2656326,0.02947554642763457
2.0,0.009256777201000462,-0.98974895,-6.1101126e-08,-2.6057427e-07,-2.6057427e-07,-2.6042537e-07,-2.6088492e-07,0.9895856,3.2656326,0.029507862656977985
2.0,0.009266777201000463,-0.98974884,-1.5783272e-07,-2.6348354e-07,-2.6348354e-07,-2.6367206e-07,-2.6317292e-07,0.9895856,3.2656326,0.029540178886321402
2.0,0.009276777201000463,-0.98974895,-6.110121e-08,-2.6057427e-07,-2.6057427e-07,-2.6042537e-07,-2.6088492e-07,0.9895856,3.2656326,0.029572495115664815
2.0,0.009286777201000462,-0.98974884,-1.5783263e-07,-2.6348354e-07,-2.6348354e-07,-2.6367206e-07,-2.6317292e-07,0.9895856,3.2656326,0.02960481134500823
2.0,0.009296777201000462,-0.98974895,-6.110129e-08,-2.6057427e-07,-2.6057427e-07,-2.6042537e-07,-2.6088492e-07,0.9895856,3.2656326,0.029637127574351645
2.0,0.009306777201000463,-0.98974884,-1.5783255e-07,-2.6348354e-07,-2.6348354e-07,-2.6367206e-07,-2.6317292e-07,0.9895856,3.2656326,0.029669443803695062
2.0,0.009316777201000463,-0.98974895,-6.1101375e-08,-2.6057427e-07,-2.6057427e-07,-2.6042537e-07,-2.6088492e-07,0.9895856,3.2656326,0.029701760033038475
2.0,0.009326777201000462,-0.98974884,-1.5783247e-07,-2.6348354e-07,-2.6348354e-07,-2.6367206e-07,-2.6317292e-07,0.9895856,3.2656326,0.02973407626238189
2.0,0.009336777201000462,-0.98974895,-6.110145e-08,-2.6057427e-07,-2.6057427e-07,-2.6042537e-07,-2.6088492e-07,0.9895856,3.2656326,0.029766392491725302
2.0,0.009346777201000462,-0.98974884,-1.5783239e-07,-2.6348354e-07,-2.6348354e-07,-2.6367206e-07,-2.6317292e-07,0.9895856,3.2656326,0.02979870872106872
2.0,0.009356777201000463,-0.98974895,-6.110154e-08,-2.6057427e-07,-2.6057427e-07,-2.6042537e-07,-2.6088492e-07,0.9895856,3.2656326,0.029831024950412136
2.0,0.009366777201000463,-0.98974884,-1.578323e-07,-2.6348354e-07,-2.6348354e-07,-2.6367206e-07,-2.6317292e-07,0.9895856,3.2656326,0.02986334117975555
2.0,0.009376777201000462,-0.98974895,-6.1101616e-08,-2.6057427e-07,-2.6057427e-07,-2.6042537e-07,-2.6088492e-07,0.9895856,3.2656326,0.029895657409098962
2.0,0.009386777201000462,-0.98974884,-1.5783222e-07,-2.6348354e-07,-2.6348354e-07,-2.6367206e-07,-2.6317292e-07,0.9895856,3.2656326,0.02992797363844238
2.0,0.009396777201000463,-0.98974895,-6.11017e-08,-2.6057427e-07,-2.6057427e-07,-2.6042537e-07,-2.6088492e-07,0.9895856,3.2656326,0.029960289867785796
2.0,0.009406777201000463,-0.98974884,-1.5783213e-07,-2.6348354e-07,-2.6348354e-07,-2.6367206e-07,-2.6317292e-07,0.9895856,3.2656326,0.02999260609712921
2.0,0.009416777201000462,-0.98974895,-6.110179e-08,-2.6057427e-07,-2.6057427e-07,-2.6042537e-07,-2.6088492e-07,0.9895856,3.2656326,0.030024922326472622
2.0,0.009426777201000462,-0.98974884,-1.5783206e-07,-2.6348354e-07,-2.6348354e-07,-2.6367206e-07,-2.6317292e-07,0.9895856,3.2656326,0.03005723855581604
2.0,0.009436777201000463,-0.98974895,-6.1101865e-08,-2.6057427e-07,-2.6057427e-07,-2.6042534e-07,-2.6088492e-07,0.9895856,3.2656326,0.030089554785159456
2.0,0.009446777201000463,-0.98974884,-1.5783198e-07,-2.6348354e-07,-2.6348354e-07,-2.636721e-07,-2.6317292e-07,0.9895856,3.2656326,0.03012187101450287
2.0,0.009456777201000462,-0.98974895,-6.110195e-08,-2.6057427e-07,-2.6057427e-07,-2.6042534e-07,-2.6088492e-07,0.9895856,3.2656326,0.030154187243846282
2.0,0.009466777201000462,-0.98974884,-1.5783189e-07,-2.6348354e-07,-2.6348354e-07,-2.636721e-07,-2.6317292e-07,0.9895856,3.2656326,0.030186503473189696
2.0,0.009476777201000462,-0.98974895,-6.1102035e-08,-2.6057427e-07,-2.6057427e-07,-2.6042534e-07,-2.6088492e-07,0.9895856,3.2656326,0.030218819702533112
2.0,0.009486777201000463,-0.98974884,-1.578318e-07,-2.6348354e-07,-2.6348354e-07,-2.636721e-07,-2.6317292e-07,0.9895856,3.2656326,0.03025113593187653
2.0,0.009496777201000462,-0.98974895,-6.1102114e-08,-2.6057427e-07,-2.6057427e-07,-2.6042534e-07,-2.6088492e-07,0.9895856,3.2656326,0.030283452161219943
2.0,0.009506777201000462,-0.98974884,-1.5783172e-07,-2.6348354e-07,-2.6348354e-07,-2.636721e-07,-2.6317292e-07,0.9895856,3.2656326,0.030315768390563356
2.0,0.009516777201000462,-0.98974895,-6.11022e-08,-2.6057427e-07,-2.6057427e-07,-2.6042534e-07,-2.6088492e-07,0.9895856,3.2656326,0.030348084619906773
2.0,0.009526777201000463,-0.98974884,-1.5783164e-07,-2.6348354e-07,-2.6348354e-07,-2.636721e-07,-2.6317292e-07,0.9895856,3.2656326,0.03038040084925019
2.0,0.009536777201000463,-0.98974895,-6.1102284e-08,-2.6057427e-07,-2.6057427e-07,-2.6042534e-07,-2.6088492e-07,0.9895856,3.2656326,0.030412717078593603
2.0,0.009546777201000462,-0.98974884,-1.5783156e-07,-2.6348354e-07,-2.6348354e-07,-2.636721e-07,-2.6317292e-07,0.9895856,3.2656326,0.030445033307937016
2.0,0.009556777201000462,-0.98974895,-6.110236e-08,-2.6057427e-07,-2.6057427e-07,-2.6042534e-07,-2.6088492e-07,0.9895856,3.2656326,0.030477349537280433
2.0,0.009566777201000463,-0.98974884,-1.5783148e-07,-2.6348354e-07,-2.6348354e-07,-2.636721e-07,-2.6317292e-07,0.9895856,3.2656326,0.03050966576662385
2.0,0.009576777201000463,-0.98974895,-6.110245e-08,-2.6057427e-07,-2.6057427e-07,-2.6042534e-07,-2.6088492e-07,0.9895856,3.2656326,0.030541981995967263
2.0,0.009586777201000462,-0.98974884,-1.578314e-07,-2.6348354e-07,-2.6348354e-07,-2.636721e-07,-2.6317292e-07,0.9895856,3.2656326,0.030574298225310676
2.0,0.009596777201000462,-0.98974895,-6.110253e-08,-2.6057427e-07,-2.6057427e-07,-2.6042534e-07,-2.6088492e-07,0.9895856,3.2656326,0.030606614454654093
2.0,0.009606777201000463,-0.98974884,-1.5783131e-07,-2.6348354e-07,-2.6348354e-07,-2.636721e-07,-2.6317292e-07,0.9895856,3.2656326,0.03063893068399751
2.0,0.009616777201000463,-0.98974895,-6.110262e-08,-2.6057427e-07,-2.6057427e-07,-2.6042534e-07,-2.6088492e-07,0.9895856,3.2656326,0.030671246913340923
2.0,0.009626777201000462,-0.98974884,-1.5783122e-07,-2.6348354e-07,-2.6348354e-07,-2.636721e-07,-2.6317292e-07,0.9895856,3.2656326,0.030703563142684336
2.0,0.009636777201000462,-0.98974895,-6.1102696e-08,-2.6057427e-07,-2.6057427e-07,-2.6042534e-07,-2.6088492e-07,0.9895856,3.2656326,0.03073587937202775
2.0,0.009646777201000462,-0.98974884,-1.5783114e-07,-2.6348354e-07,-2.6348354e-07,-2.636721e-07,-2.6317292e-07,0.9895856,3.2656326,0.030768195601371166
2.0,0.009656777201000463,-0.98974895,-6.110278e-08,-2.6057427e-07,-2.6057427e-07,-2.6042534e-07,-2.6088492e-07,0.9895856,3.2656326,0.030800511830714583
2.0,0.009666777201000462,-0.98974884,-1.5783105e-07,-2.6348354e-07,-2.6348354e-07,-2.636721e-07,-2.6317292e-07,0.9895856,3.2656326,0.030832828060057996
2.0,0.009676777201000462,-0.98974895,-6.110287e-08,-2.6057427e-07,-2.6057427e-07,-2.6042534e-07,-2.6088492e-07,0.9895856,3.2656326,0.03086514428940141
2.0,0.009686777201000462,-0.98974884,-1.5783097e-07,-2.6348354e-07,-2.6348354e-07,-2.636721e-07,-2.6317292e-07,0.9895856,3.2656326,0.030897460518744826
2.0,0.009696777201000463,-0.98974895,-6.110295e-08,-2.6057427e-07,-2.6057427e-07,-2.6042534e-07,-2.6088492e-07,0.9895856,3.2656326,0.030929776748088243
2.0,0.009706777201000463,-0.98974884,-1.578309e-07,-2.6348354e-07,-2.6348354e-07,-2.636721e-07,-2.6317292e-07,0.9895856,3.2656326,0.030962092977431657
2.0,0.009716777201000462,-0.98974895,-6.110303e-08,-2.6057427e-07,-2.6057427e-07,-2.6042534e-07,-2.608849e-07,0.9895856,3.2656326,0.03099440920677507
2.0,0.009726777201000462,-0.98974884,-1.5783081e-07,-2.6348354e-07,-2.6348354e-07,-2.636721e-07,-2.6317292e-07,0.9895856,3.2656326,0.031026725436118487
2.0,0.009736777201000463,-0.98974895,-6.1103115e-08,-2.6057427e-07,-2.6057427e-07,-2.6042534e-07,-2.608849e-07,0.9895856,3.2656326,0.031059041665461903
2.0,0.009746777201000463,-0.98974884,-1.5783073e-07,-2.6348354e-07,-2.6348354e-07,-2.636721e-07,-2.6317292e-07,0.9895856,3.2656326,0.031091357894805317
2.0,0.009756777201000462,-0.98974895,-6.11032e-08,-2.6057427e-07,-2.6057427e-07,-2.6042534e-07,-2.608849e-07,0.9895856,3.2656326,0.03112367412414873
2.0,0.009766777201000462,-0.98974884,-1.5783064e-07,-2.6348354e-07,-2.6348354e-07,-2.636721e-07,-2.6317295e-07,0.9895856,3.2656326,0.031155990353492147
2.0,0.009776777201000463,-0.98974895,-6.1103286e-08,-2.6057427e-07,-2.6057427e-07,-2.604253e-07,-2.608849e-07,0.9895856,3.2656326,0.031188306582835564
2.0,0.009786777201000463,-0.98974884,-1.5783056e-07,-2.6348354e-07,-2.6348354e-07,-2.6367212e-07,-2.6317295e-07,0.9895856,3.2656326,0.031220622812178977
2.0,0.009796777201000462,-0.98974895,-6.110337e-08,-2.6057424e-07,-2.6057424e-07,-2.604253e-07,-2.608849e-07,0.9895856,3.2656326,0.03125293904152239
2.0,0.009806777201000462,-0.98974884,-1.5783047e-07,-2.6348354e-07,-2.6348354e-07,-2.6367212e-07,-2.6317295e-07,0.9895856,3.2656326,0.0312852552708658
2.0,0.009816777201000462,-0.98974895,-6.110346e-08,-2.6057424e-07,-2.6057424e-07,-2.604253e-07,-2.608849e-07,0.9895856,3.2656326,0.03131757150020922
2.0,0.009826777201000463,-0.98974884,-1.5783039e-07,-2.6348354e-07,-2.6348354e-07,-2.6367212e-07,-2.6317295e-07,0.9895856,3.2656326,0.031349887729552633
2.0,0.009836777201000462,-0.98974895,-6.1103535e-08,-2.6057424e-07,-2.6057424e-07,-2.604253e-07,-2.608849e-07,0.9895856,3.2656326,0.03138220395889604
2.0,0.009846777201000462,-0.98974884,-1.578303e-07,-2.6348357e-07,-2.6348357e-07,-2.6367212e-07,-2.6317295e-07,0.9895856,3.2656326,0.03141452018823945
2.0,0.009856777201000462,-0.98974895,-6.110362e-08,-2.6057424e-07,-2.6057424e-07,-2.604253e-07,-2.608849e-07,0.9895856,3.2656326,0.03144683641758287
2.0,0.009866777201000463,-0.98974884,-1.5783021e-07,-2.6348357e-07,-2.6348357e-07,-2.6367212e-07,-2.6317295e-07,0.9895856,3.2656326,0.03147915264692629
2.0,0.009876777201000463,-0.98974895,-6.1103705e-08,-2.6057424e-07,-2.6057424e-07,-2.604253e-07,-2.608849e-07,0.9895856,3.2656326,0.031511468876269697
2.0,0.009886777201000462,-0.98974884,-1.5783013e-07,-2.6348357e-07,-2.6348357e-07,-2.6367212e-07,-2.6317295e-07,0.9895856,3.2656326,0.031543785105613106
2.0,0.009896777201000462,-0.98974895,-6.110379e-08,-2.6057424e-07,-2.6057424e-07,-2.604253e-07,-2.608849e-07,0.9895856,3.2656326,0.03157610133495652
2.0,0.009906777201000463,-0.98974884,-1.5783004e-07,-2.6348357e-07,-2.6348357e-07,-2.6367212e-07,-2.6317295e-07,0.9895856,3.2656326,0.03160841756429994
2.0,0.009916777201000463,-0.98974895,-6.1103876e-08,-2.6057424e-07,-2.6057424e-07,-2.604253e-07,-2.608849e-07,0.9895856,3.2656326,0.03164073379364335
2.0,0.009926777201000462,-0.98974884,-1.5782996e-07,-2.6348357e-07,-2.6348357e-07,-2.6367212e-07,-2.6317295e-07,0.9895856,3.2656326,0.03167305002298676
2.0,0.009936777201000462,-0.98974895,-6.110396e-08,-2.6057424e-07,-2.6057424e-07,-2.604253e-07,-2.608849e-07,0.9895856,3.2656326,0.031705366252330176
2.0,0.009946777201000463,-0.98974884,-1.5782987e-07,-2.6348357e-07,-2.6348357e-07,-2.6367212e-07,-2.6317295e-07,0.9895856,3.2656326,0.03173768248167359
2.0,0.009956777201000463,-0.98974895,-6.1104046e-08,-2.6057424e-07,-2.6057424e-07,-2.604253e-07,-2.608849e-07,0.9895856,3.2656326,0.031769998711017
2.0,0.009966777201000462,-0.98974884,-1.5782979e-07,-2.6348357e-07,-2.6348357e-07,-2.6367212e-07,-2.6317295e-07,0.9895856,3.2656326,0.03180231494036041
2.0,0.009976777201000462,-0.98974895,-6.110413e-08,-2.6057424e-07,-2.6057424e-07,-2.604253e-07,-2.608849e-07,0.9895856,3.2656326,0.03183463116970382
2.0,0.009986777201000462,-0.98974884,-1.5782972e-07,-2.6348357e-07,-2.6348357e-07,-2.6367212e-07,-2.6317295e-07,0.9895856,3.2656326,0.03186694739904724
2.0,0.009996777201000463,-0.98974895,-6.110422e-08,-2.6057424e-07,-2.6057424e-07,-2.604253e-07,-2.608849e-07,0.9895856,3.2656326,0.03188831294929879
2.0,0.01,-0.98974884,-1.5782953e-07,-2.6348357e-07,-2.6348357e-07,-2.6367212e-07,-2.6317295e-07,0.9895856,3.2656326,0.031893520386494435
2.0,0.010000000001,-0.9897489,-1.2925797e-07,-2.6282936e-07,-2.6282936e-07,-2.6269126e-07,-2.627353e-07,0.9895856,3.2656326,0.03189352038972606
2.0,0.010000000002000001,-0.9897489,-1.3474992e-07,-2.6247136e-07,-2.6247136e-07,-2.6267898e-07,-2.6240335e-07,0.9895856,3.2656326,0.03189352039471278
2.0,0.0100000000040862,-0.9897489,-1.0968661e-07,-2.621954e-07,-2.621954e-07,-2.6208795e-07,-2.6217356e-07,0.9895856,3.2656326,0.031893520402515176
2.0,0.010000000006828779,-0.9897489,-1.1741455e-07,-2.6205242e-07,-2.6205242e-07,-2.6222116e-07,-2.6205385e-07,0.9895856,3.2656326,0.031893520415809645
2.0,0.010000000012313937,-0.9897489,-1.0068488e-07,-2.6208215e-07,-2.6208215e-07,-2.6199103e-07,-2.6208286e-07,0.9895856,3.2656326,0.031893520442398585
2.0,0.010000000023284251,-0.9897489,-1.1324012e-07,-2.6204168e-07,-2.6204168e-07,-2.622023e-07,-2.6204435e-07,0.9895856,3.2656326,0.03189352049557646
2.0,0.010000000045224881,-0.9897489,-9.874366e-08,-2.6203702e-07,-2.6203702e-07,-2.6192518e-07,-2.6203568e-07,0.9895856,3.2656326,0.03189352060193223
2.0,0.010000000089106141,-0.98974884,-1.1054964e-07,-2.6199052e-07,-2.6199052e-07,-2.6212578e-07,-2.6199206e-07,0.9895856,3.2656326,0.03189352081464376
2.0,0.01000000017686866,-0.98974884,-9.57996e-08,-2.6202682e-07,-2.6202682e-07,-2.6191222e-07,-2.6202503e-07,0.9895856,3.2656326,0.031893521240066815
2.0,0.0100000003523937,-0.9897488,-1.0745879e-07,-2.6199473e-07,-2.6199473e-07,-2.6213155e-07,-2.6199646e-07,0.9895856,3.2656326,0.031893522090912924
2.0,0.010000000703443777,-0.9897487,-9.087331e-08,-2.620307e-07,-2.620307e-07,-2.6191833e-07,-2.6202892e-07,0.9895856,3.2656326,0.03189352379260515
2.0,0.010000001405543933,-0.9897485,-9.596374e-08,-2.620027e-07,-2.620027e-07,-2.621432e-07,-2.6200448e-07,0.9895856,3.2656326,0.0318935271959896
2.0,0.010000002809744245,-0.9897481,-6.394001e-08,-2.620539e-07,-2.620539e-07,-2.6195272e-07,-2.6205214e-07,0.9895856,3.2656326,0.03189353400275849
2.0,0.010000005618144866,-0.9897474,-4.3178453e-08,-2.6206516e-07,-2.6206516e-07,-2.6223546e-07,-2.6206698e-07,0.9895856,3.2656326,0.03189354761629628
2.0,0.01000001123494611,-0.98974645,1.8001101e-08,-2.6219234e-07,-2.6219234e-07,-2.6215727e-07,-2.6219067e-07,0.9895856,3.2656324,0.031893572824197025
2.0,0.010000021218914582,-0.98974603,5.0820507e-08,-2.6231507e-07,-2.6231507e-07,-2.6260477e-07,-2.6231712e-07,0.9895856,3.2656324,0.03189361430527049
2.0,0.010000036906924166,-0.9897483,9.2547744e-08,-2.625692e-07,-2.625692e-07,-2.627143e-07,-2.6256816e-07,0.9895856,3.2656326,0.031893676951145665
2.0,0.010000059989449665,-0.9897508,1.0354741e-07,-2.6280347e-07,-2.6280347e-07,-2.633289e-07,-2.6280702e-07,0.9895856,3.2656326,0.03189374054852037
2.0,0.010000076266327167,-0.9897593,9.576914e-08,-2.6300475e-07,-2.6300475e-07,-2.6336133e-07,-2.630057e-07,0.98958564,3.2656326,0.03189378555807007
2.0,0.010000087845141552,-0.98978275,3.611793e-08,-2.631034e-07,-2.631034e-07,-2.6376935e-07,-2.631087e-07,0.98958564,3.2656326,0.031893824258701395
2.0,0.010000100217530174,-0.98980343,1.16345646e-07,-2.6324724e-07,-2.6324724e-07,-2.6371202e-07,-2.6324983e-07,0.98958564,3.2656326,0.03189386989615968
2.0,0.010000116089436042,-0.9898347,5.4528783e-08,-2.633442e-07,-2.633442e-07,-2.6411726e-07,-2.633516e-07,0.98958564,3.2656326,0.03189392450265056
2.0,0.010000134012615774,-0.9898715,1.6895105e-07,-2.634743e-07,-2.634743e-07,-2.6403794e-07,-2.6347965e-07,0.98958564,3.2656326,0.03189399395421102
2.0,0.010000159071898258,-0.98992294,1.5172526e-07,-2.6357463e-07,-2.6357463e-07,-2.6444633e-07,-2.635858e-07,0.98958564,3.2656326,0.03189408171444071
2.0,0.010000188326021144,-0.9899825,3.0860224e-07,-2.6369e-07,-2.6369e-07,-2.6434452e-07,-2.6370034e-07,0.9895857,3.2656329,0.031894210220306855
2.0,0.01000023860211593,-0.9900768,3.6824648e-07,-2.637555e-07,-2.637555e-07,-2.6470155e-07,-2.6377435e-07,0.98958576,3.265633,0.031894381132265844
2.0,0.010000294100673332,-0.9901637,5.743067e-07,-2.6377296e-07,-2.6377296e-07,-2.6446125e-07,-2.6379374e-07,0.9895858,3.265633,0.03189448542658106
2.0,0.010000303148183875,-0.99017656,5.5152674e-07,-2.637622e-07,-2.637622e-07,-2.6457886e-07,-2.6378564e-07,0.9895858,3.265633,0.0318945292838111
2.0,0.010000321243204964,-0.9902022,5.827973e-07,-2.6374954e-07,-2.6374954e-07,-2.6456118e-07,-2.6377475e-07,0.9895858,3.265633,0.031894616998271175
2.0,0.010000357433247141,-0.9902523,6.435642e-07,-2.6371214e-07,-2.6371214e-07,-2.645079e-07,-2.637408e-07,0.9895859,3.2656336,0.03189479242723015
2.0,0.010000429813331494,-0.99034643,7.6567176e-07,-2.635684e-07,-2.635684e-07,-2.642998e-07,-2.636035e-07,0.98958606,3.2656338,0.03189506497134536
2.0,0.010000526106312937,-0.9904433,9.3005764e-07,-2.6303348e-07,-2.6303348e-07,-2.6351591e-07,-2.63075e-07,0.98958623,3.2656345,0.03189550496421023
2.0,0.010000702117571173,-0.9903454,1.1345434e-06,-2.599086e-07,-2.599086e-07,-2.5891129e-07,-2.599416e-07,0.9895865,3.2656353,0.031896042680851576
2.0,0.010000858890019355,-0.98979056,1.1758649e-06,-2.5601506e-07,-2.5601506e-07,-2.5315782e-07,-2.5600718e-07,0.9895864,3.2656353,0.031896535036552466
2.0,0.010001006828183615,-0.98881596,1.080425e-06,-2.5269804e-07,-2.5269804e-07,-2.482376e-07,-2.5262025e-07,0.9895859,3.2656333,0.03189700647225566
2.0,0.010001150653922075,-0.98748827,8.9508063e-07,-2.4971018e-07,-2.4971018e-07,-2.4378906e-07,-2.4953837e-07,0.98958474,3.2656295,0.03189757386861701
2.0,0.010001357981382821,-0.98499346,5.324026e-07,-2.459457e-07,-2.459457e-07,-2.3815433e-07,-2.455993e-07,0.9895817,3.2656195,0.03189823417108658
2.0,0.010001559307837169,-0.9820066,1.2626153e-07,-2.4287127e-07,-2.4287127e-07,-2.3351829e-07,-2.423182e-07,0.98957694,3.2656038,0.03189892230189749
2.0,0.010001783862067478,-0.9781573,-3.3599076e-07,-2.40202e-07,-2.40202e-07,-2.2944863e-07,-2.393858e-07,0.9895691,3.265578,0.03189968254702907
2.0,0.010002029827139597,-0.9735074,-8.005166e-07,-2.3832013e-07,-2.3832013e-07,-2.2651109e-07,-2.371903e-07,0.98955727,3.2655392,0.03190047955500754
2.0,0.010002277145861148,-0.9686022,-1.1863682e-06,-2.3755422e-07,-2.3755422e-07,-2.2521002e-07,-2.3609883e-07,0.9895417,3.2654877,0.03190124900896248
2.0,0.010002506072179021,-0.9640486,-1.4703775e-06,-2.3772382e-07,-2.3772382e-07,-2.2530142e-07,-2.359716e-07,0.98952407,3.2654295,0.031902018210931866
2.0,0.010002753251939165,-0.9593047,-1.7119844e-06,-2.3874333e-07,-2.3874333e-07,-2.266409e-07,-2.3668848e-07,0.9895016,3.265355,0.03190305386257184
2.0,0.010003147129369044,-0.95230544,-1.9951717e-06,-2.4050317e-07,-2.4050317e-07,-2.2900112e-07,-2.380163e-07,0.9894589,3.2652147,0.03190418368780364
2.0,0.010003452661793985,-0.947341,-2.1492028e-06,-2.4176225e-07,-2.4176225e-07,-2.3069764e-07,-2.3898122e-07,0.98942053,3.2650876,0.03190522892518431
2.0,0.010003794226031428,-0.94222873,-2.2758672e-06,-2.4306462e-07,-2.4306462e-07,-2.3245961e-07,-2.3999291e-07,0.98937255,3.2649293,0.031906328501103774
2.0,0.010004133464957139,-0.93756497,-2.3671087e-06,-2.442113e-07,-2.442113e-07,-2.3401263e-07,-2.4088686e-07,0.98932004,3.2647562,0.03190740439958821
2.0,0.01000446044000462,-0.9334202,-2.4312935e-06,-2.4522532e-07,-2.4522532e-07,-2.3539133e-07,-2.4168762e-07,0.9892652,3.2645752,0.03190848138023586
2.0,0.010004800422970596,-0.9294369,-2.480564e-06,-2.4615542e-07,-2.4615542e-07,-2.3665687e-07,-2.4242402e-07,0.98920417,3.2643738,0.03190957862657074
2.0,0.010005140032090213,-0.92575556,-2.516518e-06,-2.470069e-07,-2.470069e-07,-2.3782036e-07,-2.4310754e-07,0.98913944,3.2641602,0.03191070341929786
2.0,0.0100054971674385,-0.9221699,-2.5444508e-06,-2.4779106e-07,-2.4779106e-07,-2.3889308e-07,-2.4373938e-07,0.98906755,3.263923,0.031911869518568524
2.0,0.010005862468575608,-0.9187717,-2.56522e-06,-2.4852181e-07,-2.4852181e-07,-2.398974e-07,-2.4433717e-07,0.98899037,3.2636683,0.03191309072379141
2.0,0.010006253861941327,-0.9153976,-2.581887e-06,-2.4919976e-07,-2.4919976e-07,-2.4083087e-07,-2.448951e-07,0.9889038,3.2633827,0.03191439190545692
2.0,0.010006668859931761,-0.91208446,-2.595195e-06,-2.4984763e-07,-2.4984763e-07,-2.417279e-07,-2.454378e-07,0.98880804,3.2630665,0.03191579885334887
2.0,0.010007125969617196,-0.9087083,-2.6079308e-06,-2.5045262e-07,-2.5045262e-07,-2.4256806e-07,-2.459495e-07,0.9886981,3.262704,0.03191734823770609
2.0,0.0100076294714815,-0.9052729,-2.6230136e-06,-2.5103932e-07,-2.5103932e-07,-2.433886e-07,-2.464567e-07,0.9885721,3.2622879,0.03191905878515571
2.0,0.010008186771994212,-0.9017614,-2.649289e-06,-2.5157033e-07,-2.5157033e-07,-2.44135e-07,-2.469231e-07,0.9884271,3.2618093,0.031920889025278704
2.0,0.010008764834771075,-0.8983859,-2.7032268e-06,-2.5204096e-07,-2.5204096e-07,-2.4480246e-07,-2.473479e-07,0.988271,3.2612944,0.03192287142497573
2.0,0.010009416913736182,-0.89483964,-2.8418222e-06,-2.5245484e-07,-2.5245484e-07,-2.4539395e-07,-2.4773036e-07,0.9880885,3.2606921,0.03192513818580724
2.0,0.010010171951310662,-0.8910012,-3.2398668e-06,-2.528397e-07,-2.528397e-07,-2.4595062e-07,-2.4809904e-07,0.98786926,3.2599688,0.031928034281247665
2.0,0.010011215494516135,-0.8860259,-4.7862836e-06,-2.5318613e-07,-2.5318613e-07,-2.4645934e-07,-2.4844684e-07,0.9875533,3.2589257,0.031931421714668555
2.0,0.010012277017533917,-0.8812086,-8.527791e-06,-2.5339654e-07,-2.5339654e-07,-2.467757e-07,-2.486749e-07,0.9872172,3.2578168,0.03193496817791071
2.0,0.010013420888055787,-0.8761228,-1.5154797e-05,-2.5344139e-07,-2.5344139e-07,-2.4685093e-07,-2.487442e-07,0.9868392,3.2565691,0.03193906839715414
2.0,0.010014828722046495,-0.8697808,-2.4876561e-05,-2.533103e-07,-2.533103e-07,-2.4666434e-07,-2.486348e-07,0.9863513,3.2549593,0.031943157067157286
2.0,0.010015967922780903,-0.8644203,-3.2490214e-05,-2.5300827e-07,-2.5300827e-07,-2.462159e-07,-2.483331e-07,0.9859378,3.2535946,0.03194645741038858
2.0,0.01001688639406512,-0.859843,-3.8050646e-05,-2.5266323e-07,-2.5266323e-07,-2.4569587e-07,-2.4797077e-07,0.98559153,3.252452,0.03194897952924546
2.0,0.010017541498690233,-0.85639256,-4.165798e-05,-2.523255e-07,-2.523255e-07,-2.4518374e-07,-2.476085e-07,0.9853371,3.2516124,0.031950888993064974
2.0,0.010018078343527683,-0.8534255,-4.438593e-05,-2.5202397e-07,-2.5202397e-07,-2.4472294e-07,-2.4727802e-07,0.98512375,3.2509084,0.03195253137283347
2.0,0.010018567169652048,-0.85059893,-4.6705587e-05,-2.5168725e-07,-2.5168725e-07,-2.4420788e-07,-2.4690723e-07,0.98492545,3.250254,0.031954122077508786
2.0,0.0100190721433536,-0.8475389,-4.894592e-05,-2.5132326e-07,-2.5132326e-07,-2.436475e-07,-2.4649947e-07,0.98471636,3.249564,0.031955675500831934
2.0,0.010019538089958709,-0.8445758,-5.090485e-05,-2.5092328e-07,-2.5092328e-07,-2.4303174e-07,-2.4605077e-07,0.9845194,3.248914,0.031957156486315134
2.0,0.010019998158946369,-0.84150565,-5.277571e-05,-2.5051523e-07,-2.5051523e-07,-2.4239995e-07,-2.4558614e-07,0.984321,3.2482593,0.031958609123072725
2.0,0.010020446746160485,-0.8383613,-5.4630025e-05,-2.5005238e-07,-2.5005238e-07,-2.4168372e-07,-2.4505934e-07,0.98412347,3.2476075,0.03196003845189821
2.0,0.010020892594417347,-0.835076,-5.661788e-05,-2.4957723e-07,-2.4957723e-07,-2.4094493e-07,-2.445115e-07,0.9839231,3.2469463,0.03196145741398314
2.0,0.010021335056084945,-0.83164465,-5.8863345e-05,-2.490378e-07,-2.490378e-07,-2.401069e-07,-2.438903e-07,0.98371994,3.2462757,0.03196288137147504
2.0,0.010021784399915861,-0.8279721,-6.1340455e-05,-2.484703e-07,-2.484703e-07,-2.3922155e-07,-2.4322924e-07,0.983509,3.2455797,0.03196434852581596
2.0,0.010022254309337317,-0.82391334,-6.376966e-05,-2.4779985e-07,-2.4779985e-07,-2.3817618e-07,-2.4244892e-07,0.98328316,3.2448344,0.03196592184039911
2.0,0.01002277062129954,-0.81917655,-6.576083e-05,-2.4702763e-07,-2.4702763e-07,-2.3696715e-07,-2.415408e-07,0.9830284,3.243994,0.031967732330775094
2.0,0.010023389790905567,-0.8130803,-6.725532e-05,-2.459859e-07,-2.459859e-07,-2.3533498e-07,-2.403137e-07,0.9827132,3.2429538,0.03197014676588027
2.0,0.010024285849300164,-0.8033683,-6.876777e-05,-2.4433228e-07,-2.4433228e-07,-2.327323e-07,-2.3834484e-07,0.9822364,3.24138,0.03197412976100366
2.0,0.010025891828317606,-0.7828949,-7.159639e-05,-2.4075308e-07,-2.4075308e-07,-2.2707617e-07,-2.3404311e-07,0.9813108,3.2383256,0.03197928414353308
2.0,0.01002752983975843,-0.7570011,-7.4609976e-05,-2.3591282e-07,-2.3591282e-07,-2.1941875e-07,-2.2821146e-07,0.98025507,3.2348416,0.03198560958138386
2.0,0.010029881420098322,-0.7081575,-7.790743e-05,-2.2694336e-07,-2.2694336e-07,-2.0514246e-07,-2.1724418e-07,0.9784798,3.2289834,0.03199455534203814
2.0,0.01003319261835303,-0.6045529,-8.1704755e-05,-2.0652223e-07,-2.0652223e-07,-1.726598e-07,-1.9231648e-07,0.97523016,3.2182596,0.03200532204433994
2.0,0.010036742373990437,-0.41269284,-8.476758e-05,-1.6389569e-07,-1.6389569e-07,-1.0515275e-07,-1.4084453e-07,0.970178,3.2015874,0.032015765282072554
2.0,0.010039916938491806,-0.17048274,-8.742062e-05,-1.404098e-07,-1.404098e-07,-6.474053e-08,-1.06704285e-07,0.96360725,3.179904,0.03202248310050896
2.0,0.01004112711757453,-0.10231013,-8.752366e-05,-2.0216035e-07,-2.0216035e-07,-1.5448087e-07,-1.6666488e-07,0.9605584,3.1698427,0.032026644764161255
2.0,0.010042650541699708,-0.040390138,-8.811429e-05,-1.7689476e-07,-1.7689476e-07,-1.1658005e-07,-1.40951e-07,0.956444,3.1562653,0.03203035017393023
2.0,0.010043582014132583,-0.016247882,-8.7797554e-05,-2.396363e-07,-2.396363e-07,-2.0846427e-07,-2.0439232e-07,0.9538206,3.1476078,0.03203271055032553
2.0,0.01004422294505919,-0.005930297,-8.828181e-05,-2.0618033e-07,-2.0618033e-07,-1.5810753e-07,-1.7181772e-07,0.9519882,3.141561,0.0320342778016271
2.0,0.010044630087196069,-0.002110969,-8.869852e-05,-2.6689494e-07,-2.6689494e-07,-2.4458024e-07,-2.3327185e-07,0.9508182,3.1376998,0.03203526432092236
2.0,0.010044884287991265,-0.00082568417,-9.305388e-05,-2.4165016e-07,-2.4165016e-07,-1.9948331e-07,-2.0854812e-07,0.9500868,3.1352863,0.03203584343912625
2.0,0.010045018914476409,-0.00048413282,-0.000119922486,-3.446885e-07,-3.446885e-07,-3.2612567e-07,-3.118974e-07,0.94969946,3.1340082,0.032036238064958644
2.0,0.010045149460929196,-0.0003586661,-0.00014295922,-4.1936164e-07,-4.1936164e-07,-3.794583e-07,-3.868771e-07,0.94932395,3.132769,0.03203662977944563
2.0,0.010045282339354858,-0.0003375968,-0.00014488543,-6.235565e-07,-6.235565e-07,-6.062431e-07,-5.9139563e-07,0.94894195,3.1315084,0.03203706995544395
2.0,0.010045445714189489,-0.00032818932,-0.00014618746,-7.7314786e-07,-7.7314786e-07,-7.339853e-07,-7.4138256e-07,0.94847244,3.129959,0.032037612693028496
2.0,0.010045647981729197,-0.00031842582,-0.00014546716,-1.0622574e-06,-1.0622574e-06,-1.0457301e-06,-1.0309923e-06,0.94789153,3.128042,0.03203839146930369
2.0,0.010045971019138948,-0.000304533,-0.00014622325,-1.3953614e-06,-1.3953614e-06,-1.3573655e-06,-1.3649e-06,0.94696444,3.1249826,0.03203938514459644
2.0,0.010046319554717183,-0.0002886282,-0.00014577757,-1.8439936e-06,-1.8439936e-06,-1.8289453e-06,-1.8144125e-06,0.94596523,3.1216853,0.03204055117113918
2.0,0.010046760740951488,-0.00026917638,-0.00014718609,-2.2923991e-06,-2.2923991e-06,-2.2561785e-06,-2.2639379e-06,0.9447019,3.1175163,0.03204185700685347
2.0,0.010047206332903437,-0.0002470497,-0.0001483361,-2.825053e-06,-2.825053e-06,-2.8119882e-06,-2.797727e-06,0.9434276,3.113311,0.03204323227703872
2.0,0.010047697195980428,-0.00021937276,-0.00015319961,-3.2946623e-06,-3.2946623e-06,-3.2605435e-06,-3.2685784e-06,0.94202584,3.1086855,0.03204467388922894
2.0,0.010048190885324599,-0.00018152369,-0.00016151156,-3.8383323e-06,-3.8383323e-06,-3.827438e-06,-3.8134829e-06,0.9406181,3.1040397,0.03204627421106374
2.0,0.01004879341348914,-0.000117879725,-0.00018398755,-4.3488176e-06,-4.3488176e-06,-4.3170785e-06,-4.3254386e-06,0.9389028,3.0983794,0.032047751926844094
2.0,0.01004920681972253,-9.634778e-05,-0.00019702606,-4.6943233e-06,-4.6943233e-06,-4.685637e-06,-4.671923e-06,0.9377277,3.0945013,0.03204891944304185
2.0,0.010049598097769872,-0.00010036888,-0.00020039675,-4.794792e-06,-4.794792e-06,-4.764745e-06,-4.773285e-06,0.93661684,3.0908356,0.03205005424226768
2.0,0.01004999081086419,-0.00010271211,-0.00020225783,-4.866068e-06,-4.866068e-06,-4.8589154e-06,-4.8454194e-06,0.93550324,3.0871606,0.03205119637315819
2.0,0.010050389033816581,-0.00010509114,-0.00020425771,-4.774068e-06,-4.774068e-06,-4.7455105e-06,-4.754245e-06,0.93437535,3.0834386,0.03205247708743806
2.0,0.01005087985961782,-0.000106265354,-0.00020505053,-4.7229632e-06,-4.7229632e-06,-4.717371e-06,-4.704093e-06,0.9329871,3.0788572,0.032054011690844625
2.0,0.010051457500464493,-0.00010801655,-0.00020639409,-4.540393e-06,-4.540393e-06,-4.513598e-06,-4.5225615e-06,0.9313559,3.0734744,0.032056318685448754
2.0,0.010052491734409407,-0.00010921653,-0.00020689818,-4.342845e-06,-4.342845e-06,-4.3396253e-06,-4.326667e-06,0.9284425,3.0638602,0.03205935314293346
2.0,0.010053590973325534,-0.000110859946,-0.0002077933,-4.0521954e-06,-4.0521954e-06,-4.0282e-06,-4.037532e-06,0.925356,3.0536747,0.032062573240390004
2.0,0.010054770855604241,-0.00011133414,-0.00020744905,-3.8597796e-06,-3.8597796e-06,-3.8591274e-06,-3.8465123e-06,0.9220544,3.0427797,0.03206635316409555
2.0,0.010056285521542627,-0.000112567264,-0.0002075907,-3.535469e-06,-3.535469e-06,-3.5140488e-06,-3.5237201e-06,0.9178333,3.0288498,0.03207208152291077
2.0,0.010058892007845611,-0.00011281334,-0.0002058504,-3.1698476e-06,-3.1698476e-06,-3.1723573e-06,-3.1601642e-06,0.91061467,3.0050285,0.03207971299577697
2.0,0.010061863221205808,-0.00011338118,-0.00020388904,-2.7327742e-06,-2.7327742e-06,-2.7147323e-06,-2.7248514e-06,0.90245515,2.978102,0.03208742181193501
2.0,0.010064628580397016,-0.00011264003,-0.00020043956,-2.475703e-06,-2.475703e-06,-2.4808653e-06,-2.4690262e-06,0.89492667,2.953258,0.03209502886728034
2.0,0.010067619710913994,-0.0001125229,-0.00019718401,-2.150285e-06,-2.150285e-06,-2.1342767e-06,-2.1446654e-06,0.88685423,2.926619,0.03210283919816451
2.0,0.010070646979581231,-0.00011138215,-0.00019283032,-1.9577772e-06,-1.9577772e-06,-1.9646163e-06,-1.953002e-06,0.87875843,2.8999026,0.032109014422743026
2.0,0.010072466228986074,-0.00011134939,-0.00019075922,-1.7841471e-06,-1.7841471e-06,-1.7692621e-06,-1.7797989e-06,0.8739288,2.883965,0.03211261646838586
2.0,0.010073505314922768,-0.000108842956,-0.00019654431,-1.757083e-06,-1.757083e-06,-1.7644965e-06,-1.7529541e-06,0.87118226,2.8749013,0.03211464493588385
2.0,0.010074086046433279,0.00019597169,-0.0018686571,-5.8974865e-07,-5.8974865e-07,-5.777566e-07,-5.8579786e-07,0.86965257,2.8698537,0.03211588220032232
2.0,0.01007449680180892,8.898874e-05,-0.0012672254,5.7616086e-07,5.7616086e-07,5.72436e-07,5.8006583e-07,0.86857235,2.8662887,0.03211670658520468
2.0,0.010074748314885806,0.00017418306,-0.001633438,1.2091837e-06,1.2091837e-06,1.2185549e-06,1.2130412e-06,0.86791164,2.8641086,0.032117358025848544
2.0,0.010075020932831953,0.00012521287,-0.0015671329,1.9259262e-06,1.9259262e-06,1.9234276e-06,1.9297506e-06,0.867196,2.8617468,0.03211800932902947
2.0,0.010075273200556598,0.00016649351,-0.0016359474,2.5994048e-06,2.5994048e-06,2.6085215e-06,2.6032005e-06,0.8665344,2.8595636,0.03211876300826616
2.0,0.010075629251254697,0.00013367739,-0.0016652755,3.5116623e-06,3.5116623e-06,3.5090495e-06,3.5154255e-06,0.8656015,2.856485,0.03211937792669017
2.0,0.01007577059115902,0.00010191376,-0.0019316839,3.8012272e-06,3.8012272e-06,3.8080468e-06,3.8049436e-06,0.8652316,2.8552642,0.03211963615319005
2.0,0.010075838302207103,-2.4668409e-05,-0.0025105763,3.7785574e-06,3.7785574e-06,3.7665568e-06,3.7822042e-06,0.8650547,2.8546805,0.03211977228270227
2.0,0.010075880841811099,5.505296e-05,-0.0033771459,3.785277e-06,3.785277e-06,3.7832485e-06,3.7888685e-06,0.8649438,2.8543146,0.03211984966310885
2.0,0.010075900988309206,4.791322e-06,-0.0037394632,3.7617822e-06,3.7617822e-06,3.7474892e-06,3.7653458e-06,0.86489135,2.8541415,0.03211988742914276
2.0,0.010075911439901102,2.6686155e-05,-0.0039724996,3.7838215e-06,3.7838215e-06,3.7816524e-06,3.7873558e-06,0.8648641,2.8540518,0.03211990988823372
2.0,0.010075919185838215,2.089194e-05,-0.0041351016,3.756375e-06,3.756375e-06,3.7412515e-06,3.75992e-06,0.86484396,2.8539853,0.0321199299688744
2.0,0.010075927711044522,2.1898355e-05,-0.0043223496,3.779308e-06,3.779308e-06,3.7760883e-06,3.7828072e-06,0.8648218,2.853912,0.032119950678778306
2.0,0.01007593596772813,2.1570131e-05,-0.0045079873,3.7539496e-06,3.7539496e-06,3.7386926e-06,3.7574735e-06,0.86480033,2.853841,0.032119979672073376
2.0,0.010075951206394783,2.1390255e-05,-0.0048622796,3.7732239e-06,3.7732239e-06,3.7687673e-06,3.7766772e-06,0.8647607,2.8537102,0.032120036080503955
2.0,0.01007598168372809,2.1286232e-05,-0.0056157163,3.7440773e-06,3.7440773e-06,3.727288e-06,3.7475202e-06,0.86468154,2.8534489,0.032120143127696454
2.0,0.010076037978274771,2.0842532e-05,-0.007164194,3.7531079e-06,3.7531079e-06,3.7453326e-06,3.7563877e-06,0.86453557,2.8529675,0.032120351402764744
2.0,0.01007615056736814,2.0698337e-05,-0.010863517,3.7044463e-06,3.7044463e-06,3.6814256e-06,3.7074997e-06,0.8642448,2.8520079,0.03212076767273747
2.0,0.010076375745554872,2.0340482e-05,-0.020623129,3.671881e-06,3.671881e-06,3.6515762e-06,3.67417e-06,0.8636689,2.8501074,0.032121506361079466
2.0,0.010076750749007704,2.0608215e-05,-0.043596856,3.5591822e-06,3.5591822e-06,3.514155e-06,3.5598605e-06,0.8627313,2.8470132,0.03212260125227149
2.0,0.01007726727551897,2.0801275e-05,-0.08812154,3.4581965e-06,3.4581965e-06,3.4058435e-06,3.455667e-06,0.86149824,2.8429441,0.032123817152560345
2.0,0.010077743648397013,2.1467304e-05,-0.14129846,3.326512e-06,3.326512e-06,3.2470107e-06,3.3203244e-06,0.86043686,2.8394418,0.032125141316933496
2.0,0.010078351252182796,2.2048329e-05,-0.22414693,3.2120909e-06,3.2120909e-06,3.1237191e-06,3.20019e-06,0.85921496,2.8354092,0.03212656944977
2.0,0.010078916062532922,2.3058932e-05,-0.31439695,3.069489e-06,3.069489e-06,2.9532564e-06,3.0515926e-06,0.8582331,2.8321693,0.03212826565698821
2.0,0.010079746927607082,2.4260915e-05,-0.4665326,2.9195458e-06,2.9195458e-06,2.790656e-06,2.8916747e-06,0.85710233,2.8284376,0.03213039210081768
2.0,0.010080670365700083,2.6153108e-05,-0.6570311,2.7203382e-06,2.7203382e-06,2.558285e-06,2.6805074e-06,0.8563339,2.825902,0.03213328146253942
2.0,0.010082134913064804,2.8925235e-05,-0.99059093,2.478003e-06,2.478003e-06,2.296063e-06,2.418155e-06,0.8562892,2.8257544,0.03213737100538212
2.0,0.01008405062396176,3.3131128e-05,-1.4555523,2.1518085e-06,2.1518085e-06,1.9316712e-06,2.0664263e-06,0.85855,2.8332152,0.032142976773423884
2.0,0.010086744053625482,3.845678e-05,-2.1075952,1.7980212e-06,1.7980212e-06,1.5655789e-06,1.6816081e-06,0.8662447,2.8586073,0.03214954869676978
2.0,0.010089358581287924,4.3406304e-05,-2.6917377,1.4743081e-06,1.4743081e-06,1.2275746e-06,1.3361843e-06,0.8785156,2.8991017,0.03215599129060423
2.0,0.010091803206847922,4.7054364e-05,-3.173207,1.2450537e-06,1.2450536e-06,1.0118493e-06,1.0945075e-06,0.89381325,2.949584,0.032162738070276774
2.0,0.010094476801342397,4.8118083e-05,-3.4292238,1.1749136e-06,1.1749136e-06,1.036499e-06,1.0317763e-06,0.9133075,3.0139146,0.03217116330994277
2.0,0.010097924797828903,4.3271793e-05,-3.1279263,1.1615172e-06,1.1615172e-06,1.1838397e-06,1.0684511e-06,0.9377908,3.0947096,0.032179177996474434
2.0,0.0101,3.9612918e-05,-2.7688107,9.96039e-07,9.96039e-07,1.0324433e-06,9.405118e-07,0.9502804,3.1359253,0.032182270057877584
2.0,0.010100000001,3.9804665e-05,-2.7688107,9.966467e-07,9.966467e-07,1.0336935e-06,9.410014e-07,0.9502804,3.1359253,0.032182270083207655
2.0,0.010100000017,4.0702114e-05,-2.7688088,1.0070729e-06,1.0070729e-06,1.0493363e-06,9.511364e-07,0.95028055,3.1359258,0.032182270154727875
2.0,0.010100000049,3.9237e-05,-2.768802,1.0183624e-06,1.0183624e-06,1.0658774e-06,9.628219e-07,0.9502807,3.1359262,0.032182270261690606
2.0,0.010100000088786821,3.957388e-05,-2.7687948,1.0254988e-06,1.0254988e-06,1.0760903e-06,9.698167e-07,0.9502809,3.135927,0.032182270439538384
2.0,0.010100000168360464,3.934921e-05,-2.76878,1.0255059e-06,1.0255059e-06,1.0762477e-06,9.701093e-07,0.9502813,3.1359284,0.032182270795234245
2.0,0.01010000032750775,3.9424118e-05,-2.768751,1.0296259e-06,1.0296259e-06,1.0822224e-06,9.739748e-07,0.9502822,3.1359315,0.0321822715066274
2.0,0.010100000645802321,3.9358503e-05,-2.7686925,1.0279317e-06,1.0279317e-06,1.0798522e-06,9.725703e-07,0.95028394,3.135937,0.032182272929418713
2.0,0.010100001282391463,3.9436338e-05,-2.768576,1.0300104e-06,1.0300104e-06,1.0828339e-06,9.743803e-07,0.9502874,3.1359484,0.03218227577502206
2.0,0.01010000255556975,3.9389943e-05,-2.7683423,1.0276574e-06,1.0276574e-06,1.0795173e-06,9.723287e-07,0.9502944,3.1359713,0.03218228146631207
2.0,0.010100005101926322,3.9444e-05,-2.767875,1.0296767e-06,1.0296767e-06,1.0824981e-06,9.741126e-07,0.95030826,3.1360173,0.0321822928492254
2.0,0.010100010194639464,3.9381157e-05,-2.7669404,1.0272004e-06,1.0272004e-06,1.0791663e-06,9.720064e-07,0.950336,3.1361086,0.03218231561637978
2.0,0.010100020380065751,3.941487e-05,-2.765071,1.0288899e-06,1.0288899e-06,1.0819912e-06,9.735961e-07,0.9503914,3.1362917,0.03218236115600307
2.0,0.010100040750918323,3.932319e-05,-2.7613306,1.0256168e-06,1.0256168e-06,1.0781366e-06,9.709635e-07,0.95050216,3.136657,0.03218245225647141
2.0,0.01010008149262347,3.9294537e-05,-2.7538462,1.0256784e-06,1.0256784e-06,1.0798635e-06,9.714643e-07,0.9507229,3.1373854,0.032182634542032774
2.0,0.010100162976033762,3.908036e-05,-2.7388637,1.0191459e-06,1.0191459e-06,1.0737964e-06,9.666462e-07,0.95116144,3.1388326,0.03218299944958533
2.0,0.010100325942854343,3.8808477e-05,-2.7088614,1.0126147e-06,1.0126147e-06,1.070947e-06,9.626843e-07,0.95202714,3.1416895,0.032183730593799524
2.0,0.01010065187649551,3.8112063e-05,-2.6488152,9.925237e-07,9.925237e-07,1.0550062e-06,9.484895e-07,0.9537128,3.1472523,0.03218519806519964
2.0,0.010101303743777842,3.689403e-05,-2.5293572,9.575676e-07,9.575676e-07,1.0297771e-06,9.2410244e-07,0.9569024,3.1577778,0.032188152671703864
2.0,0.010102607478342506,3.4420686e-05,-2.2981977,8.7692547e-07,8.7692547e-07,9.607032e-07,8.6360495e-07,0.9625739,3.176494,0.03219413213953559
2.0,0.010105214947471835,3.029544e-05,-1.8927839,7.160728e-07,7.160728e-07,8.103804e-07,7.3373144e-07,0.971363,3.2054977,0.032204386590964314
2.0,0.010109194140791443,2.5770833e-05,-1.4582715,4.786575e-07,4.786575e-07,5.6325007e-07,5.2305217e-07,0.97966635,3.232899,0.03221683271875621
2.0,0.010113074429334668,2.3290995e-05,-1.2266834,2.9612752e-07,2.9612752e-07,3.6548334e-07,3.4714233e-07,0.9838334,3.2466502,0.03222981009515741
2.0,0.01011731982318677,2.1627928e-05,-1.1031381,1.463138e-07,1.463138e-07,2.0003628e-07,1.9436354e-07,0.9861068,3.2541525,0.032243158931569774
2.0,0.010121394203688051,2.0723426e-05,-1.050396,4.2137202e-08,4.2137202e-08,8.395325e-08,8.276404e-08,0.9872,3.25776,0.03225819679581985
2.0,0.010126671551792617,1.9744059e-05,-1.0209167,-5.4343317e-08,-5.4343317e-08,-2.426083e-08,-2.318928e-08,0.9879558,3.2602541,0.032276955624357374
2.0,0.010133042079362628,1.8880664e-05,-1.0074767,-1.307104e-07,-1.307104e-07,-1.1058832e-07,-1.0959416e-07,0.9884488,3.261881,0.03229997110375247
2.0,0.010140948248214939,1.776747e-05,-1.0005572,-1.8831908e-07,-1.8831908e-07,-1.7620214e-07,-1.75316e-07,0.98880965,3.263072,0.032327860412451816
2.0,0.010150329428420975,1.6644917e-05,-0.99644035,-2.2503575e-07,-2.2503575e-07,-2.1850329e-07,-2.1823396e-07,0.9890735,3.2639425,0.032359144342081494
2.0,0.010160329428420975,1.5393274e-05,-0.99397117,-2.4456617e-07,-2.4456617e-07,-2.4119913e-07,-2.408693e-07,0.98924905,3.264522,0.03239143859638447
2.0,0.010170329428420976,1.4331739e-05,-0.99250066,-2.5358958e-07,-2.5358958e-07,-2.5186856e-07,-2.5190081e-07,0.98936117,3.2648919,0.032423740167753644
2.0,0.010180329428420976,1.3218538e-05,-0.9915657,-2.5811357e-07,-2.5811357e-07,-2.5721388e-07,-2.570341e-07,0.9894343,3.2651331,0.03245604651464695
2.0,0.010190329428420975,1.2292076e-05,-0.99099547,-2.6004358e-07,-2.6004358e-07,-2.595993e-07,-2.5969166e-07,0.98948276,3.2652931,0.032488356027738995
2.0,0.010200329428420975,1.130857e-05,-0.9906039,-2.6116945e-07,-2.6116945e-07,-2.6092076e-07,-2.6077362e-07,0.9895155,3.2654011,0.03252066767706151
2.0,0.010210329428420976,1.0505406e-05,-0.99034554,-2.6150542e-07,-2.6150542e-07,-2.6139958e-07,-2.61504e-07,0.98953766,3.265474,0.032552980773584796
2.0,0.010220329428420976,9.639052e-06,-0.99017084,-2.618707e-07,-2.618707e-07,-2.6179944e-07,-2.6165708e-07,0.98955274,3.265524,0.03258529485477681
2.0,0.010230329428420976,8.947893e-06,-0.9900522,-2.6184483e-07,-2.6184483e-07,-2.618336e-07,-2.6193928e-07,0.98956305,3.265558,0.032617609610693404
2.0,0.010240329428420975,8.192267e-06,-0.98997116,-2.6203668e-07,-2.6203668e-07,-2.620168e-07,-2.6187442e-07,0.9895701,3.2655814,0.03264992482675786
2.0,0.010250329428420977,7.610306e-06,-0.98991555,-2.6192723e-07,-2.6192723e-07,-2.6194462e-07,-2.620498e-07,0.9895749,3.265597,0.032682240357534836
2.0,0.010260329428420976,6.8489912e-06,-0.9898772,-2.620782e-07,-2.620782e-07,-2.6207468e-07,-2.6193177e-07,0.98957825,3.2656083,0.03270970762033262
2.0,0.010267328732286137,6.193493e-06,-0.98985773,-2.61947e-07,-2.61947e-07,-2.6197313e-07,-2.6207786e-07,0.9895799,3.2656138,0.0327246576146147
2.0,0.010269581848427784,5.9903696e-06,-0.9898525,-2.6208514e-07,-2.6208514e-07,-2.620849e-07,-2.6194184e-07,0.9895804,3.2656152,0.0327321586540802
2.0,0.010271971055202672,5.782173e-06,-0.9898473,-2.6194976e-07,-2.6194976e-07,-2.6197728e-07,-2.6208187e-07,0.9895808,3.265617,0.03274057734116486
2.0,0.010274792090229516,5.5550427e-06,-0.9898418,-2.6208764e-07,-2.6208764e-07,-2.6208866e-07,-2.6194556e-07,0.9895813,3.2656183,0.0327493548777136
2.0,0.01027740338016257,5.353536e-06,-0.98983717,-2.6195224e-07,-2.6195224e-07,-2.6198103e-07,-2.6208545e-07,0.9895817,3.2656195,0.032757746733266
2.0,0.010279985717066351,5.1665475e-06,-0.989833,-2.6208951e-07,-2.6208951e-07,-2.6209153e-07,-2.619484e-07,0.98958206,3.2656207,0.032766111803683017
2.0,0.010282580426537022,4.9811692e-06,-0.9898292,-2.6195403e-07,-2.6195403e-07,-2.6198376e-07,-2.620881e-07,0.98958236,3.2656217,0.03277461220693938
2.0,0.010285246516281682,4.800836e-06,-0.98982567,-2.6209096e-07,-2.6209096e-07,-2.6209375e-07,-2.619506e-07,0.98958266,3.2656229,0.032783299162314386
2.0,0.010287956676689608,4.6167343e-06,-0.9898223,-2.6195545e-07,-2.6195545e-07,-2.6198595e-07,-2.6209017e-07,0.98958296,3.2656236,0.032792207857146045
2.0,0.010290759995417393,4.4358985e-06,-0.9898193,-2.6209213e-07,-2.6209213e-07,-2.6209554e-07,-2.6195235e-07,0.9895832,3.2656245,0.03280135595378347
2.0,0.010293618315666686,4.2487604e-06,-0.9898164,-2.619566e-07,-2.619566e-07,-2.6198774e-07,-2.6209187e-07,0.98958343,3.2656255,0.032811002006915425
2.0,0.010296729810161082,4.0552254e-06,-0.9898137,-2.6209307e-07,-2.6209307e-07,-2.6209705e-07,-2.6195383e-07,0.9895837,3.2656262,0.032822468496383976
2.0,0.010300714771248037,3.8041583e-06,-0.9898106,-2.6195764e-07,-2.6195764e-07,-2.6198938e-07,-2.6209344e-07,0.98958397,3.2656271,0.03283688757807901
2.0,0.010305653579956522,3.5076512e-06,-0.9898073,-2.620941e-07,-2.620941e-07,-2.620987e-07,-2.6195542e-07,0.9895842,3.2656279,0.03285555064715535
2.0,0.010312265080042026,3.113434e-06,-0.98980373,-2.6195875e-07,-2.6195875e-07,-2.6199115e-07,-2.6209514e-07,0.9895845,3.2656288,0.03288146065392317
2.0,0.010321688906256059,2.5856984e-06,-0.9898,-2.6209523e-07,-2.6209523e-07,-2.621005e-07,-2.6195715e-07,0.9895848,3.26563,0.03291284584643062
2.0,0.010331688906256058,2.058862e-06,-0.98979723,-2.6195977e-07,-2.6195977e-07,-2.619928e-07,-2.620967e-07,0.98958504,3.2656307,0.03294516204001125
2.0,0.010341688906256058,1.5950048e-06,-0.9897954,-2.6209597e-07,-2.6209597e-07,-2.6210165e-07,-2.6195826e-07,0.9895852,3.2656312,0.032977478243128626
2.0,0.01035168890625606,1.1895153e-06,-0.98979414,-2.619603e-07,-2.619603e-07,-2.6199362e-07,-2.6209747e-07,0.98958534,3.2656314,0.03300979445339856
2.0,0.010361688906256059,8.633673e-07,-0.9897933,-2.620963e-07,-2.620963e-07,-2.621022e-07,-2.6195877e-07,0.9895854,3.265632,0.033042110670821044
2.0,0.010371688906256058,5.9845166e-07,-0.98979276,-2.6196057e-07,-2.6196057e-07,-2.6199402e-07,-2.6209784e-07,0.98958546,3.265632,0.03307442688824353
2.0,0.010381688906256058,4.0349013e-07,-0.9897924,-2.6209645e-07,-2.6209645e-07,-2.6210242e-07,-2.61959e-07,0.9895855,3.2656322,0.033106743110434385
2.0,0.010391688906256058,2.51555e-07,-0.98979217,-2.6196068e-07,-2.6196068e-07,-2.619942e-07,-2.62098e-07,0.9895855,3.2656322,0.033139059332625245
2.0,0.010401688906256059,1.4843839e-07,-0.989792,-2.6209653e-07,-2.6209653e-07,-2.6210253e-07,-2.6195912e-07,0.9895855,3.2656322,0.033171375554816106
2.0,0.010411688906256059,6.744042e-08,-0.98979187,-2.619607e-07,-2.619607e-07,-2.6199427e-07,-2.620981e-07,0.9895856,3.2656322,0.03320369177939115
2.0,0.010421688906256058,1.7531406e-08,-0.9897918,-2.6209653e-07,-2.6209653e-07,-2.6210256e-07,-2.6195914e-07,0.9895856,3.2656324,0.033236008006350376
2.0,0.010431688906256058,-2.48386e-08,-0.98979175,-2.6196074e-07,-2.6196074e-07,-2.6199433e-07,-2.6209813e-07,0.9895856,3.2656324,0.0332683242333096
2.0,0.010441688906256059,-4.693773e-08,-0.98979175,-2.6209656e-07,-2.6209656e-07,-2.6210256e-07,-2.6195917e-07,0.9895856,3.2656324,0.03330064046026883
2.0,0.010451688906256059,-6.979479e-08,-0.9897917,-2.6196076e-07,-2.6196076e-07,-2.6199436e-07,-2.6209815e-07,0.9895856,3.2656324,0.033332956687228056
2.0,0.010461688906256058,-7.805844e-08,-0.9897917,-2.6209656e-07,-2.6209656e-07,-2.621026e-07,-2.6195917e-07,0.9895856,3.2656324,0.03336527291418728
2.0,0.010471688906256058,-9.143475e-08,-0.98979163,-2.619608e-07,-2.619608e-07,-2.6199436e-07,-2.6209818e-07,0.9895856,3.2656324,0.03339758914114651
2.0,0.01048168890625606,-9.296726e-08,-0.9897917,-2.6209656e-07,-2.6209656e-07,-2.621026e-07,-2.6195917e-07,0.9895856,3.2656324,0.033429905368105736
2.0,0.010491688906256059,-1.0183185e-07,-0.98979163,-2.619608e-07,-2.619608e-07,-2.619944e-07,-2.6209818e-07,0.9895856,3.2656324,0.03346222159506496
2.0,0.010501688906256058,-1.0010062e-07,-0.98979163,-2.6209656e-07,-2.6209656e-07,-2.621026e-07,-2.6195917e-07,0.9895856,3.2656324,0.03349453782202419
2.0,0.010511688906256058,-1.06853726e-07,-0.98979163,-2.6196082e-07,-2.6196082e-07,-2.6199442e-07,-2.620982e-07,0.9895856,3.2656324,0.033526854048983416
2.0,0.01052168890625606,-1.035226e-07,-0.98979163,-2.6209656e-07,-2.6209656e-07,-2.621026e-07,-2.6195917e-07,0.9895856,3.2656324,0.03355917027594264
2.0,0.010531688906256059,-1.0930907e-07,-0.98979163,-2.6196082e-07,-2.6196082e-07,-2.6199442e-07,-2.620982e-07,0.9895856,3.2656324,0.03359148650290187
2.0,0.010541688906256058,-1.0517177e-07,-0.98979163,-2.6209656e-07,-2.6209656e-07,-2.6210256e-07,-2.619592e-07,0.9895856,3.2656324,0.033623802729861096
2.0,0.010551688906256058,-1.10535076e-07,-0.98979163,-2.6196082e-07,-2.6196082e-07,-2.6199444e-07,-2.6209824e-07,0.9895856,3.2656324,0.03365611895682032
2.0,0.010561688906256058,-1.05970386e-07,-0.98979163,-2.6209656e-07,-2.6209656e-07,-2.6210256e-07,-2.619592e-07,0.9895856,3.2656324,0.03368843518377955
2.0,0.010571688906256059,-1.11168056e-07,-0.98979163,-2.6196085e-07,-2.6196085e-07,-2.6199444e-07,-2.6209824e-07,0.9895856,3.2656324,0.033720751410738777
2.0,0.010581688906256059,-1.06357746e-07,-0.98979163,-2.6209656e-07,-2.6209656e-07,-2.6210256e-07,-2.619592e-07,0.9895856,3.2656324,0.033753067637698
2.0,0.010591688906256058,-1.11511646e-07,-0.98979163,-2.6196085e-07,-2.6196085e-07,-2.6199447e-07,-2.6209824e-07,0.9895856,3.2656324,0.03378538386465723
2.0,0.010601688906256058,-1.0654399e-07,-0.98979163,-2.6209656e-07,-2.6209656e-07,-2.6210256e-07,-2.619592e-07,0.9895856,3.2656324,0.03381770009161646
2.0,0.010611688906256059,-1.1171156e-07,-0.98979163,-2.6196088e-07,-2.6196085e-07,-2.6199447e-07,-2.6209827e-07,0.9895856,3.2656324,0.03385001631857568
2.0,0.010621688906256059,-1.0663035e-07,-0.98979163,-2.6209656e-07,-2.6209656e-07,-2.6210256e-07,-2.619592e-07,0.9895856,3.2656324,0.03388233254553491
2.0,0.010631688906256058,-1.1183832e-07,-0.98979163,-2.6196088e-07,-2.6196088e-07,-2.6199447e-07,-2.6209827e-07,0.9895856,3.2656324,0.03391464877249414
2.0,0.010641688906256058,-1.0666609e-07,-0.98979163,-2.6209656e-07,-2.6209656e-07,-2.6210256e-07,-2.619592e-07,0.9895856,3.2656324,0.03394696499945336
2.0,0.01065168890625606,-1.1192651e-07,-0.98979163,-2.6196088e-07,-2.6196088e-07,-2.619945e-07,-2.6209827e-07,0.9895856,3.2656324,0.03397928122641259
2.0,0.010661688906256059,-1.06675564e-07,-0.98979163,-2.6209656e-07,-2.6209656e-07,-2.6210256e-07,-2.619592e-07,0.9895856,3.2656324,0.03401159745337182
2.0,0.010671688906256058,-1.1199339e-07,-0.98979163,-2.6196088e-07,-2.6196088e-07,-2.619945e-07,-2.6209827e-07,0.9895856,3.2656324,0.034043913680331044
2.0,0.010681688906256058,-1.0667103e-07,-0.98979163,-2.6209656e-07,-2.6209656e-07,-2.6210256e-07,-2.619592e-07,0.9895856,3.2656324,0.03407622990729027
2.0,0.01069168890625606,-1.1204776e-07,-0.98979163,-2.619609e-07,-2.619609e-07,-2.6199453e-07,-2.620983e-07,0.9895856,3.2656324,0.0341085461342495
2.0,0.010701688906256059,-1.06658845e-07,-0.98979163,-2.6209656e-07,-2.6209656e-07,-2.6210256e-07,-2.619592e-07,0.9895856,3.2656324,0.034140862361208724
2.0,0.010711688906256059,-1.1209428e-07,-0.98979163,-2.619609e-07,-2.619609e-07,-2.6199453e-07,-2.620983e-07,0.9895856,3.2656324,0.03417317858816795
2.0,0.010721688906256058,-1.0664242e-07,-0.98979163,-2.620966e-07,-2.620966e-07,-2.6210256e-07,-2.619592e-07,0.9895856,3.2656324,0.03420549481512718
2.0,0.010731688906256058,-1.12135496e-07,-0.98979163,-2.619609e-07,-2.619609e-07,-2.6199453e-07,-2.620983e-07,0.9895856,3.2656324,0.034237811042086404
2.0,0.010741688906256059,-1.0662365e-07,-0.98979163,-2.620966e-07,-2.620966e-07,-2.621026e-07,-2.619592e-07,0.9895856,3.2656324,0.03427012726904563
2.0,0.010751688906256059,-1.1217286e-07,-0.98979163,-2.619609e-07,-2.619609e-07,-2.6199453e-07,-2.620983e-07,0.9895856,3.2656324,0.03430244349600486
2.0,0.010761688906256058,-1.0660364e-07,-0.98979163,-2.620966e-07,-2.620966e-07,-2.621026e-07,-2.6195923e-07,0.9895856,3.2656324,0.034334759722964084
2.0,0.010771688906256058,-1.1220727e-07,-0.98979163,-2.6196093e-07,-2.6196093e-07,-2.6199456e-07,-2.6209833e-07,0.9895856,3.2656324,0.03436707594992331
2.0,0.010781688906256059,-1.0658309e-07,-0.98979163,-2.620966e-07,-2.620966e-07,-2.621026e-07,-2.6195923e-07,0.9895856,3.2656324,0.03439939217688254
2.0,0.010791688906256059,-1.1223926e-07,-0.98979163,-2.6196093e-07,-2.6196093e-07,-2.6199456e-07,-2.6209833e-07,0.9895856,3.2656324,0.034431708403841764
2.0,0.010801688906256058,-1.065624e-07,-0.98979163,-2.620966e-07,-2.620966e-07,-2.621026e-07,-2.6195923e-07,0.9895856,3.2656324,0.03446402463080099
2.0,0.010811688906256058,-1.1226923e-07,-0.98979163,-2.6196093e-07,-2.6196093e-07,-2.6199456e-07,-2.6209833e-07,0.9895856,3.2656324,0.03449634085776022
2.0,0.01082168890625606,-1.0654188e-07,-0.98979163,-2.620966e-07,-2.620966e-07,-2.621026e-07,-2.6195923e-07,0.9895856,3.2656324,0.034528657084719444
2.0,0.010831688906256059,-1.1229741e-07,-0.98979163,-2.6196093e-07,-2.6196093e-07,-2.6199456e-07,-2.6209833e-07,0.9895856,3.2656324,0.03456097331167867
2.0,0.010841688906256058,-1.0652173e-07,-0.98979163,-2.620966e-07,-2.620966e-07,-2.621026e-07,-2.6195923e-07,0.9895856,3.2656324,0.0345932895386379
2.0,0.010851688906256058,-1.12323995e-07,-0.98979163,-2.6196093e-07,-2.6196093e-07,-2.6199456e-07,-2.6209833e-07,0.9895856,3.2656324,0.034625605765597124
2.0,0.01086168890625606,-1.06502085e-07,-0.98979163,-2.620966e-07,-2.620966e-07,-2.621026e-07,-2.6195923e-07,0.9895856,3.2656324,0.03465792199255635
2.0,0.010871688906256059,-1.1234913e-07,-0.98979163,-2.6196093e-07,-2.6196093e-07,-2.619946e-07,-2.6209833e-07,0.9895856,3.2656324,0.03469023821951558
2.0,0.010881688906256059,-1.06483036e-07,-0.98979163,-2.6209662e-07,-2.6209662e-07,-2.621026e-07,-2.6195923e-07,0.9895856,3.2656324,0.034722554446474804
2.0,0.010891688906256058,-1.12372895e-07,-0.98979163,-2.6196093e-07,-2.6196093e-07,-2.619946e-07,-2.6209833e-07,0.9895856,3.2656324,0.03475487067343403
2.0,0.010901688906256058,-1.0646467e-07,-0.98979163,-2.6209662e-07,-2.6209662e-07,-2.621026e-07,-2.6195926e-07,0.9895856,3.2656324,0.03478718690039326
2.0,0.010911688906256059,-1.1239539e-07,-0.98979163,-2.6196096e-07,-2.6196096e-07,-2.619946e-07,-2.6209835e-07,0.9895856,3.2656324,0.034819503127352484
2.0,0.010921688906256059,-1.0644703e-07,-0.98979163,-2.6209662e-07,-2.6209662e-07,-2.621026e-07,-2.6195926e-07,0.9895856,3.2656324,0.03485181935431171
2.0,0.010931688906256058,-1.1241667e-07,-0.98979163,-2.6196096e-07,-2.6196096e-07,-2.619946e-07,-2.6209835e-07,0.9895856,3.2656324,0.03488413558127094
2.0,0.010941688906256058,-1.06430164e-07,-0.98979163,-2.6209662e-07,-2.6209662e-07,-2.6210262e-07,-2.6195926e-07,0.9895856,3.2656324,0.034916451808230164
2.0,0.01095168890625606,-1.1243679e-07,-0.98979163,-2.6196096e-07,-2.6196096e-07,-2.619946e-07,-2.6209835e-07,0.9895856,3.2656324,0.03494876803518939
2.0,0.010961688906256059,-1.0641409e-07,-0.98979163,-2.6209662e-07,-2.6209662e-07,-2.6210262e-07,-2.6195926e-07,0.9895856,3.2656324,0.03498108426214862
2.0,0.010971688906256058,-1.1245578e-07,-0.98979163,-2.6196096e-07,-2.6196096e-07,-2.619946e-07,-2.6209835e-07,0.9895856,3.2656324,0.035013400489107845
2.0,0.010981688906256058,-1.06398836e-07,-0.98979163,-2.6209662e-07,-2.6209662e-07,-2.6210262e-07,-2.6195926e-07,0.9895856,3.2656324,0.03504571671606707
2.0,0.01099168890625606,-1.12473685e-07,-0.98979163,-2.6196096e-07,-2.6196096e-07,-2.619946e-07,-2.6209835e-07,0.9895856,3.2656324,0.03507530399074793
2.0,0.011000000001,-1.0638273e-07,-0.98979163,-2.6209662e-07,-2.6209662e-07,-2.6210262e-07,-2.6195926e-07,0.9895856,3.2656324,0.035088733153564984
2.0,0.011000000002,-9.13065e-08,-0.98979163,-2.6169747e-07,-2.6169747e-07,-2.614422e-07,-2.6167024e-07,0.9895856,3.2656324,0.035088733181033775
2.0,0.011000000018,-2.8963097e-08,-0.9897917,-2.6085397e-07,-2.6085397e-07,-2.6044538e-07,-2.6088773e-07,0.9895856,3.2656324,0.03508873325859272
2.0,0.01100000005,4.7346404e-08,-0.98979175,-2.6204697e-07,-2.6204697e-07,-2.619664e-07,-2.6200365e-07,0.9895856,3.2656324,0.03508873341371061
2.0,0.011000000114,-2.0659561e-08,-0.9897917,-2.6176397e-07,-2.6176397e-07,-2.6177452e-07,-2.617989e-07,0.9895856,3.2656324,0.03508873372394639
2.0,0.011000000242000001,2.6472776e-08,-0.98979175,-2.6216867e-07,-2.6216867e-07,-2.6213678e-07,-2.621356e-07,0.9895856,3.2656324,0.03508873434441795
2.0,0.011000000498,-7.2199285e-08,-0.9897917,-2.619157e-07,-2.619157e-07,-2.6200104e-07,-2.6194706e-07,0.9895856,3.2656324,0.03508873558536106
2.0,0.01100000101,-4.488176e-08,-0.9897917,-2.6218396e-07,-2.6218396e-07,-2.6215795e-07,-2.621533e-07,0.9895856,3.2656324,0.03508873806724729
2.0,0.011000002034,-1.4216991e-07,-0.9897916,-2.619024e-07,-2.619024e-07,-2.61982e-07,-2.6193274e-07,0.9895856,3.2656324,0.035088743031019755
2.0,0.011000004082000001,-8.6900144e-08,-0.98979163,-2.621635e-07,-2.621635e-07,-2.621274e-07,-2.6213334e-07,0.9895856,3.2656324,0.03508875295856468
2.0,0.011000008178000002,-1.4763656e-07,-0.9897916,-2.6189588e-07,-2.6189588e-07,-2.619725e-07,-2.6192598e-07,0.9895856,3.2656324,0.03508877200970545
2.0,0.011000015872448678,-8.0233484e-08,-0.98979163,-2.621615e-07,-2.621615e-07,-2.6212436e-07,-2.621315e-07,0.9895856,3.2656324,0.035088809308037906
2.0,0.011000031261346029,-1.4222334e-07,-0.9897916,-2.618964e-07,-2.618964e-07,-2.619733e-07,-2.619264e-07,0.9895856,3.2656324,0.03508888390470282
2.0,0.01100006203914073,-7.707693e-08,-0.9897917,-2.6216122e-07,-2.6216122e-07,-2.621239e-07,-2.6213124e-07,0.9895856,3.2656324,0.03508903309803266
2.0,0.011000123594730134,-1.4174799e-07,-0.9897916,-2.6189645e-07,-2.6189645e-07,-2.619734e-07,-2.6192646e-07,0.9895856,3.2656324,0.03508933148469232
2.0,0.01100024670590894,-7.712618e-08,-0.9897917,-2.6216114e-07,-2.6216114e-07,-2.6212376e-07,-2.6213115e-07,0.9895856,3.2656324,0.03508992825801166
2.0,0.011000492928266556,-1.4173774e-07,-0.9897916,-2.6189647e-07,-2.6189647e-07,-2.6197347e-07,-2.619265e-07,0.9895856,3.2656324,0.03509112180465033
2.0,0.011000985372981786,-7.712975e-08,-0.9897917,-2.621611e-07,-2.621611e-07,-2.6212376e-07,-2.6213112e-07,0.9895856,3.2656324,0.035093508897927665
2.0,0.011001970262412245,-1.4173644e-07,-0.9897916,-2.6189647e-07,-2.6189647e-07,-2.6197347e-07,-2.619265e-07,0.9895856,3.2656324,0.03509828308448233
2.0,0.01100394004127316,-7.7130586e-08,-0.9897917,-2.621611e-07,-2.621611e-07,-2.6212373e-07,-2.6213112e-07,0.9895856,3.2656324,0.035107831457591665
2.0,0.011007879598994996,-1.4173656e-07,-0.9897916,-2.618965e-07,-2.618965e-07,-2.6197347e-07,-2.619265e-07,0.9895856,3.2656324,0.03512692820381033
2.0,0.011015758714438663,-7.7131546e-08,-0.9897917,-2.621611e-07,-2.621611e-07,-2.6212373e-07,-2.6213112e-07,0.9895856,3.2656324,0.035155817481435724
2.0,0.011025758714438663,-1.4173769e-07,-0.9897916,-2.618965e-07,-2.618965e-07,-2.6197347e-07,-2.619265e-07,0.9895856,3.2656324,0.03518813370839495
2.0,0.011035758714438664,-7.713293e-08,-0.9897917,-2.621611e-07,-2.621611e-07,-2.6212376e-07,-2.6213112e-07,0.9895856,3.2656324,0.03522044993535418
2.0,0.011045758714438664,-1.4173888e-07,-0.9897916,-2.618965e-07,-2.618965e-07,-2.6197347e-07,-2.619265e-07,0.9895856,3.2656324,0.035252766162313404
2.0,0.011055758714438663,-7.713423e-08,-0.9897917,-2.621611e-07,-2.621611e-07,-2.6212376e-07,-2.6213112e-07,0.9895856,3.2656324,0.03528508238927263
2.0,0.011065758714438663,-1.4174e-07,-0.9897916,-2.618965e-07,-2.618965e-07,-2.6197347e-07,-2.6192652e-07,0.9895856,3.2656324,0.03531739861623186
2.0,0.011075758714438664,-7.713546e-08,-0.9897917,-2.621611e-07,-2.621611e-07,-2.6212376e-07,-2.6213112e-07,0.9895856,3.2656324,0.035349714843191084
2.0,0.011085758714438664,-1.4174105e-07,-0.9897916,-2.618965e-07,-2.618965e-07,-2.619735e-07,-2.6192652e-07,0.9895856,3.2656324,0.03538203107015031
2.0,0.011095758714438663,-7.713663e-08,-0.9897917,-2.621611e-07,-2.621611e-07,-2.6212376e-07,-2.6213115e-07,0.9895856,3.2656324,0.03541434729710954
2.0,0.011105758714438663,-1.4174206e-07,-0.9897916,-2.618965e-07,-2.618965e-07,-2.619735e-07,-2.6192652e-07,0.9895856,3.2656324,0.035446663524068764
2.0,0.011115758714438664,-7.713775e-08,-0.9897917,-2.621611e-07,-2.621611e-07,-2.6212376e-07,-2.6213115e-07,0.9895856,3.2656324,0.03547897975102799
2.0,0.011125758714438664,-1.4174303e-07,-0.9897916,-2.618965e-07,-2.618965e-07,-2.619735e-07,-2.6192652e-07,0.9895856,3.2656324,0.03551129597798722
2.0,0.011135758714438664,-7.7138814e-08,-0.9897917,-2.6216114e-07,-2.6216114e-07,-2.6212376e-07,-2.6213115e-07,0.9895856,3.2656324,0.035543612204946444
2.0,0.011145758714438663,-1.4174394e-07,-0.9897916,-2.618965e-07,-2.618965e-07,-2.619735e-07,-2.6192652e-07,0.9895856,3.2656324,0.03557592843190567
2.0,0.011155758714438663,-7.713983e-08,-0.9897917,-2.6216114e-07,-2.6216114e-07,-2.6212376e-07,-2.6213115e-07,0.9895856,3.2656324,0.0356082446588649
2.0,0.011165758714438664,-1.417448e-07,-0.9897916,-2.618965e-07,-2.618965e-07,-2.619735e-07,-2.6192652e-07,0.9895856,3.2656324,0.035640560885824124
2.0,0.011175758714438664,-7.714081e-08,-0.9897917,-2.6216114e-07,-2.6216114e-07,-2.6212376e-07,-2.6213115e-07,0.9895856,3.2656324,0.03567287711278335
2.0,0.011185758714438663,-1.4174564e-07,-0.9897916,-2.6189653e-07,-2.6189653e-07,-2.619735e-07,-2.6192652e-07,0.9895856,3.2656324,0.03570519333974258
2.0,0.011195758714438663,-7.7141756e-08,-0.9897917,-2.6216114e-07,-2.6216114e-07,-2.6212376e-07,-2.6213115e-07,0.9895856,3.2656324,0.035737509566701804
2.0,0.011205758714438664,-1.4174645e-07,-0.9897916,-2.6189653e-07,-2.6189653e-07,-2.619735e-07,-2.6192652e-07,0.9895856,3.2656324,0.03576982579366103
2.0,0.011215758714438664,-7.7142666e-08,-0.9897917,-2.6216114e-07,-2.6216114e-07,-2.6212376e-07,-2.6213115e-07,0.9895856,3.2656324,0.03580214202062026
2.0,0.011225758714438663,-1.4174722e-07,-0.9897916,-2.6189653e-07,-2.6189653e-07,-2.619735e-07,-2.6192652e-07,0.9895856,3.2656324,0.035834458247579484
2.0,0.011235758714438663,-7.714354e-08,-0.9897917,-2.6216114e-07,-2.6216114e-07,-2.6212376e-07,-2.6213115e-07,0.9895856,3.2656324,0.03586677447453871
2.0,0.011245758714438664,-1.4174798e-07,-0.9897916,-2.6189653e-07,-2.6189653e-07,-2.619735e-07,-2.6192654e-07,0.9895856,3.2656324,0.03589909070149794
2.0,0.011255758714438664,-7.714439e-08,-0.9897917,-2.6216114e-07,-2.6216114e-07,-2.6212376e-07,-2.6213115e-07,0.9895856,3.2656324,0.035931406928457164
2.0,0.011265758714438663,-1.4174869e-07,-0.9897916,-2.6189653e-07,-2.6189653e-07,-2.6197353e-07,-2.6192654e-07,0.9895856,3.2656324,0.03596372315541639
2.0,0.011275758714438663,-7.714521e-08,-0.9897917,-2.6216114e-07,-2.6216114e-07,-2.6212376e-07,-2.6213115e-07,0.9895856,3.2656324,0.03599603938237562
2.0,0.011285758714438663,-1.4174938e-07,-0.9897916,-2.6189653e-07,-2.6189653e-07,-2.6197353e-07,-2.6192654e-07,0.9895856,3.2656324,0.036028355609334844
2.0,0.011295758714438664,-7.7146005e-08,-0.9897917,-2.6216114e-07,-2.6216114e-07,-2.6212376e-07,-2.6213115e-07,0.9895856,3.2656324,0.03606067183629407
2.0,0.011305758714438664,-1.4175006e-07,-0.9897916,-2.6189653e-07,-2.6189653e-07,-2.6197353e-07,-2.6192654e-07,0.9895856,3.2656324,0.0360929880632533
2.0,0.011315758714438663,-7.714677e-08,-0.9897917,-2.6216114e-07,-2.6216114e-07,-2.6212376e-07,-2.6213115e-07,0.9895856,3.2656324,0.036125304290212525
2.0,0.011325758714438663,-1.4175072e-07,-0.9897916,-2.6189653e-07,-2.6189653e-07,-2.6197353e-07,-2.6192654e-07,0.9895856,3.2656324,0.03615762051717175
2.0,0.011335758714438664,-7.714752e-08,-0.9897917,-2.6216114e-07,-2.6216114e-07,-2.6212376e-07,-2.6213115e-07,0.9895856,3.2656324,0.03618993674413098
2.0,0.011345758714438664,-1.4175134e-07,-0.9897916,-2.6189653e-07,-2.6189653e-07,-2.6197353e-07,-2.6192654e-07,0.9895856,3.2656324,0.036222252971090205
2.0,0.011355758714438663,-7.714824e-08,-0.9897917,-2.6216114e-07,-2.6216114e-07,-2.6212376e-07,-2.6213115e-07,0.9895856,3.2656324,0.03625456919804943
2.0,0.011365758714438663,-1.4175195e-07,-0.9897916,-2.6189653e-07,-2.6189653e-07,-2.6197353e-07,-2.6192654e-07,0.9895856,3.2656324,0.03628688542500866
2.0,0.011375758714438664,-7.714895e-08,-0.9897917,-2.6216114e-07,-2.6216114e-07,-2.621238e-07,-2.6213115e-07,0.9895856,3.2656324,0.036319201651967885
2.0,0.011385758714438664,-1.4175255e-07,-0.9897916,-2.6189653e-07,-2.6189653e-07,-2.6197353e-07,-2.6192654e-07,0.9895856,3.2656324,0.03635151787892711
2.0,0.011395758714438663,-7.714963e-08,-0.9897917,-2.6216114e-07,-2.6216114e-07,-2.621238e-07,-2.6213118e-07,0.9895856,3.2656324,0.03638383410588634
2.0,0.011405758714438663,-1.4175312e-07,-0.9897916,-2.6189653e-07,-2.6189656e-07,-2.6197353e-07,-2.6192654e-07,0.9895856,3.2656324,0.036416150332845565
2.0,0.011415758714438664,-7.715029e-08,-0.9897917,-2.6216114e-07,-2.6216114e-07,-2.621238e-07,-2.6213118e-07,0.9895856,3.2656324,0.03644846655980479
2.0,0.011425758714438664,-1.4175369e-07,-0.9897916,-2.6189656e-07,-2.6189656e-07,-2.6197353e-07,-2.6192654e-07,0.9895856,3.2656324,0.03648078278676402
2.0,0.011435758714438663,-7.7150936e-08,-0.9897917,-2.6216114e-07,-2.6216114e-07,-2.621238e-07,-2.6213118e-07,0.9895856,3.2656324,0.036513099013723245
2.0,0.011445758714438663,-1.4175423e-07,-0.9897916,-2.6189656e-07,-2.6189656e-07,-2.6197353e-07,-2.6192654e-07,0.9895856,3.2656324,0.03654541524068247
2.0,0.011455758714438663,-7.715156e-08,-0.9897917,-2.6216114e-07,-2.6216114e-07,-2.621238e-07,-2.6213118e-07,0.9895856,3.2656324,0.0365777314676417
2.0,0.011465758714438664,-1.4175475e-07,-0.9897916,-2.6189656e-07,-2.6189656e-07,-2.6197353e-07,-2.6192654e-07,0.9895856,3.2656324,0.036610047694600925
2.0,0.011475758714438664,-7.715217e-08,-0.9897917,-2.6216114e-07,-2.6216114e-07,-2.621238e-07,-2.6213118e-07,0.9895856,3.2656324,0.03664236392156015
2.0,0.011485758714438663,-1.4175528e-07,-0.9897916,-2.6189656e-07,-2.6189656e-07,-2.6197355e-07,-2.6192654e-07,0.9895856,3.2656324,0.03667468014851938
2.0,0.011495758714438663,-7.715276e-08,-0.98979163,-2.6216114e-07,-2.6216114e-07,-2.621238e-07,-2.6213118e-07,0.9895856,3.2656324,0.036706996375478605
2.0,0.011505758714438664,-1.4175578e-07,-0.9897916,-2.6189656e-07,-2.6189656e-07,-2.6197355e-07,-2.6192657e-07,0.9895856,3.2656324,0.03673931260243783
2.0,0.011515758714438664,-7.715334e-08,-0.98979163,-2.6216117e-07,-2.6216117e-07,-2.621238e-07,-2.6213118e-07,0.9895856,3.2656324,0.03677162882939706
2.0,0.011525758714438663,-1.4175626e-07,-0.9897916,-2.6189656e-07,-2.6189656e-07,-2.6197355e-07,-2.6192657e-07,0.9895856,3.2656324,0.036803945056356285
2.0,0.011535758714438663,-7.71539e-08,-0.98979163,-2.6216117e-07,-2.6216117e-07,-2.621238e-07,-2.6213118e-07,0.9895856,3.2656324,0.03683626128331551
2.0,0.011545758714438664,-1.4175673e-07,-0.9897916,-2.6189656e-07,-2.6189656e-07,-2.6197355e-07,-2.6192657e-07,0.9895856,3.2656324,0.03686857751027474
2.0,0.011555758714438664,-7.715444e-08,-0.98979163,-2.6216117e-07,-2.6216117e-07,-2.621238e-07,-2.6213118e-07,0.9895856,3.2656324,0.036900893737233965
2.0,0.011565758714438663,-1.417572e-07,-0.9897916,-2.6189656e-07,-2.6189656e-07,-2.6197355e-07,-2.6192657e-07,0.9895856,3.2656324,0.03693320996419319
2.0,0.011575758714438663,-7.715497e-08,-0.98979163,-2.6216117e-07,-2.6216117e-07,-2.621238e-07,-2.6213118e-07,0.9895856,3.2656324,0.03696552619115242
2.0,0.011585758714438664,-1.4175764e-07,-0.9897916,-2.6189656e-07,-2.6189656e-07,-2.6197355e-07,-2.6192657e-07,0.9895856,3.2656324,0.036997842418111646
2.0,0.011595758714438664,-7.7155484e-08,-0.98979163,-2.6216117e-07,-2.6216117e-07,-2.621238e-07,-2.6213118e-07,0.9895856,3.2656324,0.03703015864507087
2.0,0.011605758714438663,-1.4175808e-07,-0.9897916,-2.6189656e-07,-2.6189656e-07,-2.6197355e-07,-2.6192657e-07,0.9895856,3.2656324,0.0370624748720301
2.0,0.011615758714438663,-7.715599e-08,-0.98979163,-2.6216117e-07,-2.6216117e-07,-2.621238e-07,-2.6213118e-07,0.9895856,3.2656324,0.037094791098989326
2.0,0.011625758714438663,-1.417585e-07,-0.9897916,-2.6189656e-07,-2.6189656e-07,-2.6197355e-07,-2.6192657e-07,0.9895856,3.2656324,0.03712710732594855
2.0,0.011635758714438664,-7.715647e-08,-0.98979163,-2.6216117e-07,-2.6216117e-07,-2.621238e-07,-2.6213118e-07,0.9895856,3.2656324,0.03715942355290778
2.0,0.011645758714438664,-1.4175892e-07,-0.9897916,-2.6189656e-07,-2.6189656e-07,-2.6197355e-07,-2.6192657e-07,0.9895856,3.2656324,0.037191739779867006
2.0,0.011655758714438663,-7.715695e-08,-0.98979163,-2.6216117e-07,-2.6216117e-07,-2.621238e-07,-2.6213118e-07,0.9895856,3.2656324,0.03722405600682623
2.0,0.011665758714438663,-1.4175932e-07,-0.9897916,-2.6189656e-07,-2.6189656e-07,-2.6197355e-07,-2.6192657e-07,0.9895856,3.2656324,0.03725637223378546
2.0,0.011675758714438664,-7.71574e-08,-0.98979163,-2.6216117e-07,-2.6216117e-07,-2.621238e-07,-2.6213118e-07,0.9895856,3.2656324,0.037288688460744686
2.0,0.011685758714438664,-1.417597e-07,-0.9897916,-2.6189656e-07,-2.6189656e-07,-2.6197355e-07,-2.6192657e-07,0.9895856,3.2656324,0.03732100468770391
2.0,0.011695758714438663,-7.715785e-08,-0.98979163,-2.6216117e-07,-2.6216117e-07,-2.621238e-07,-2.6213118e-07,0.9895856,3.2656324,0.03735332091466314
2.0,0.011705758714438663,-1.4176008e-07,-0.9897916,-2.6189656e-07,-2.6189656e-07,-2.6197355e-07,-2.6192657e-07,0.9895856,3.2656324,0.037385637141622366
2.0,0.011715758714438664,-7.715829e-08,-0.98979163,-2.6216117e-07,-2.6216117e-07,-2.621238e-07,-2.6213118e-07,0.9895856,3.2656324,0.03741795336858159
2.0,0.011725758714438664,-1.4176045e-07,-0.9897916,-2.618966e-07,-2.618966e-07,-2.6197355e-07,-2.6192657e-07,0.9895856,3.2656324,0.03745026959554082
2.0,0.011735758714438663,-7.715871e-08,-0.98979163,-2.6216117e-07,-2.6216117e-07,-2.621238e-07,-2.6213118e-07,0.9895856,3.2656324,0.037482585822500046
2.0,0.011745758714438663,-1.4176082e-07,-0.9897916,-2.618966e-07,-2.618966e-07,-2.6197355e-07,-2.6192657e-07,0.9895856,3.2656324,0.03751490204945927
2.0,0.011755758714438664,-7.715912e-08,-0.98979163,-2.6216117e-07,-2.6216117e-07,-2.621238e-07,-2.6213118e-07,0.9895856,3.2656324,0.0375472182764185
2.0,0.011765758714438664,-1.4176116e-07,-0.9897916,-2.618966e-07,-2.618966e-07,-2.6197358e-07,-2.6192657e-07,0.9895856,3.2656324,0.037579534503377726
2.0,0.011775758714438663,-7.715952e-08,-0.98979163,-2.6216117e-07,-2.6216117e-07,-2.621238e-07,-2.6213118e-07,0.9895856,3.2656324,0.03761185073033695
2.0,0.011785758714438663,-1.417615e-07,-0.9897916,-2.618966e-07,-2.618966e-07,-2.6197358e-07,-2.6192657e-07,0.9895856,3.2656324,0.03764416695729618
2.0,0.011795758714438663,-7.715991e-08,-0.98979163,-2.6216117e-07,-2.6216117e-07,-2.621238e-07,-2.6213118e-07,0.9895856,3.2656324,0.037676483184255406
2.0,0.011805758714438664,-1.4176184e-07,-0.9897916,-2.618966e-07,-2.618966e-07,-2.6197358e-07,-2.6192657e-07,0.9895856,3.2656324,0.03770879941121463
2.0,0.011815758714438664,-7.716029e-08,-0.98979163,-2.6216117e-07,-2.6216117e-07,-2.621238e-07,-2.6213118e-07,0.9895856,3.2656324,0.03774111563817386
2.0,0.011825758714438663,-1.4176217e-07,-0.9897916,-2.618966e-07,-2.618966e-07,-2.6197358e-07,-2.6192657e-07,0.9895856,3.2656324,0.037773431865133086
2.0,0.011835758714438663,-7.716066e-08,-0.98979163,-2.6216117e-07,-2.6216117e-07,-2.621238e-07,-2.6213118e-07,0.9895856,3.2656324,0.03780574809209231
2.0,0.011845758714438664,-1.4176248e-07,-0.9897916,-2.618966e-07,-2.618966e-07,-2.6197358e-07,-2.619266e-07,0.9895856,3.2656324,0.03783806431905154
2.0,0.011855758714438664,-7.716101e-08,-0.98979163,-2.6216117e-07,-2.6216117e-07,-2.621238e-07,-2.6213118e-07,0.9895856,3.2656324,0.037870380546010766
2.0,0.011865758714438663,-1.417628e-07,-0.9897916,-2.618966e-07,-2.618966e-07,-2.6197358e-07,-2.619266e-07,0.9895856,3.2656324,0.03790269677296999
2.0,0.011875758714438663,-7.716136e-08,-0.98979163,-2.6216117e-07,-2.6216117e-07,-2.621238e-07,-2.6213118e-07,0.9895856,3.2656324,0.03793501299992922
2.0,0.011885758714438664,-1.417631e-07,-0.9897916,-2.618966e-07,-2.618966e-07,-2.6197358e-07,-2.619266e-07,0.9895856,3.2656324,0.03796732922688845
2.0,0.011895758714438664,-7.71617e-08,-0.98979163,-2.6216117e-07,-2.6216117e-07,-2.621238e-07,-2.6213118e-07,0.9895856,3.2656324,0.03799964545384767
2.0,0.011905758714438663,-1.4176338e-07,-0.9897916,-2.618966e-07,-2.618966e-07,-2.6197358e-07,-2.619266e-07,0.9895856,3.2656324,0.0380319616808069
2.0,0.011915758714438663,-7.716203e-08,-0.98979163,-2.6216117e-07,-2.6216117e-07,-2.621238e-07,-2.6213118e-07,0.9895856,3.2656324,0.03806427790776613
2.0,0.011925758714438663,-1.4176366e-07,-0.9897916,-2.618966e-07,-2.618966e-07,-2.6197358e-07,-2.619266e-07,0.9895856,3.2656324,0.03809659413472535
2.0,0.011935758714438664,-7.716235e-08,-0.98979163,-2.6216117e-07,-2.6216117e-07,-2.621238e-07,-2.6213118e-07,0.9895856,3.2656324,0.03812891036168458
2.0,0.011945758714438664,-1.4176395e-07,-0.9897916,-2.618966e-07,-2.618966e-07,-2.6197358e-07,-2.619266e-07,0.9895856,3.2656324,0.03816122658864381
2.0,0.011955758714438663,-7.716265e-08,-0.98979163,-2.6216117e-07,-2.6216117e-07,-2.621238e-07,-2.6213118e-07,0.9895856,3.2656324,0.038193542815603033
2.0,0.011965758714438663,-1.4176422e-07,-0.9897916,-2.618966e-07,-2.618966e-07,-2.6197358e-07,-2.619266e-07,0.9895856,3.2656324,0.03822585904256226
2.0,0.011975758714438664,-7.716296e-08,-0.98979163,-2.6216117e-07,-2.6216117e-07,-2.621238e-07,-2.6213118e-07,0.9895856,3.2656324,0.03825817526952149
2.0,0.011985758714438664,-1.4176449e-07,-0.9897916,-2.618966e-07,-2.618966e-07,-2.6197358e-07,-2.619266e-07,0.9895856,3.2656324,0.038290491496480714
2.0,0.011995758714438663,-7.716325e-08,-0.98979163,-2.6216117e-07,-2.6216117e-07,-2.621238e-07,-2.6213118e-07,0.9895856,3.2656324,0.03832280772343994
2.0,0.012005758714438663,-1.4176474e-07,-0.9897916,-2.618966e-07,-2.618966e-07,-2.6197358e-07,-2.619266e-07,0.9895856,3.2656324,0.03835512395039917
2.0,0.012015758714438664,-7.7163534e-08,-0.98979163,-2.6216117e-07,-2.6216117e-07,-2.621238e-07,-2.6213118e-07,0.9895856,3.2656324,0.038387440177358394
2.0,0.012025758714438664,-1.4176499e-07,-0.9897916,-2.618966e-07,-2.618966e-07,-2.6197358e-07,-2.619266e-07,0.9895856,3.2656324,0.03841975640431762
2.0,0.012035758714438663,-7.7163804e-08,-0.98979163,-2.6216117e-07,-2.6216117e-07,-2.621238e-07,-2.6213118e-07,0.9895856,3.2656324,0.03845207263127685
2.0,0.012045758714438663,-1.4176523e-07,-0.9897916,-2.618966e-07,-2.618966e-07,-2.6197358e-07,-2.619266e-07,0.9895856,3.2656324,0.038484388858236074
2.0,0.012055758714438664,-7.7164074e-08,-0.98979163,-2.6216117e-07,-2.6216117e-07,-2.621238e-07,-2.6213118e-07,0.9895856,3.2656324,0.0385167050851953
2.0,0.012065758714438664,-1.4176547e-07,-0.9897916,-2.618966e-07,-2.618966e-07,-2.6197358e-07,-2.619266e-07,0.9895856,3.2656324,0.03854902131215453
2.0,0.012075758714438663,-7.716433e-08,-0.98979163,-2.6216117e-07,-2.6216117e-07,-2.621238e-07,-2.6213118e-07,0.9895856,3.2656324,0.038581337539113754
2.0,0.012085758714438663,-1.4176571e-07,-0.9897916,-2.618966e-07,-2.618966e-07,-2.6197358e-07,-2.619266e-07,0.9895856,3.2656324,0.03861365376607298
2.0,0.012095758714438663,-7.7164586e-08,-0.98979163,-2.6216117e-07,-2.6216117e-07,-2.621238e-07,-2.6213118e-07,0.9895856,3.2656324,0.03864596999303221
2.0,0.012105758714438664,-1.4176592e-07,-0.9897916,-2.618966e-07,-2.618966e-07,-2.6197358e-07,-2.619266e-07,0.9895856,3.2656324,0.038678286219991434
2.0,0.012115758714438664,-7.716483e-08,-0.98979163,-2.6216117e-07,-2.6216117e-07,-2.621238e-07,-2.6213118e-07,0.9895856,3.2656324,0.03871060244695066
2.0,0.012125758714438663,-1.4176615e-07,-0.9897916,-2.618966e-07,-2.618966e-07,-2.619736e-07,-2.619266e-07,0.9895856,3.2656324,0.03874291867390989
2.0,0.012135758714438663,-7.716506e-08,-0.98979163,-2.6216117e-07,-2.6216117e-07,-2.621238e-07,-2.6213118e-07,0.9895856,3.2656324,0.038775234900869114
2.0,0.012145758714438664,-1.4176636e-07,-0.9897916,-2.618966e-07,-2.618966e-07,-2.619736e-07,-2.619266e-07,0.9895856,3.2656324,0.03880755112782834
2.0,0.012155758714438664,-7.7165296e-08,-0.98979163,-2.6216117e-07,-2.6216117e-07,-2.621238e-07,-2.6213118e-07,0.9895856,3.2656324,0.03883986735478757
2.0,0.012165758714438663,-1.4176658e-07,-0.9897916,-2.6189662e-07,-2.6189662e-07,-2.619736e-07,-2.619266e-07,0.9895856,3.2656324,0.038872183581746794
2.0,0.012175758714438663,-7.716552e-08,-0.98979163,-2.6216117e-07,-2.6216117e-07,-2.621238e-07,-2.6213118e-07,0.9895856,3.2656324,0.03890449980870602
2.0,0.012185758714438664,-1.4176678e-07,-0.9897916,-2.6189662e-07,-2.6189662e-07,-2.619736e-07,-2.619266e-07,0.9895856,3.2656324,0.03893681603566525
2.0,0.012195758714438664,-7.716573e-08,-0.98979163,-2.6216117e-07,-2.6216117e-07,-2.621238e-07,-2.6213118e-07,0.9895856,3.2656324,0.038969132262624474
2.0,0.012205758714438663,-1.4176698e-07,-0.9897916,-2.6189662e-07,-2.6189662e-07,-2.619736e-07,-2.619266e-07,0.9895856,3.2656324,0.0390014484895837
2.0,0.012215758714438663,-7.716594e-08,-0.98979163,-2.6216117e-07,-2.6216117e-07,-2.621238e-07,-2.6213118e-07,0.9895856,3.2656324,0.03903376471654293
2.0,0.012225758714438664,-1.4176717e-07,-0.9897916,-2.6189662e-07,-2.6189662e-07,-2.619736e-07,-2.619266e-07,0.9895856,3.2656324,0.039066080943502154
2.0,0.012235758714438664,-7.716614e-08,-0.98979163,-2.6216117e-07,-2.6216117e-07,-2.621238e-07,-2.6213118e-07,0.9895856,3.2656324,0.03909839717046138
2.0,0.012245758714438663,-1.4176736e-07,-0.9897916,-2.6189662e-07,-2.6189662e-07,-2.619736e-07,-2.619266e-07,0.9895856,3.2656324,0.03913071339742061
2.0,0.012255758714438663,-7.716634e-08,-0.98979163,-2.6216117e-07,-2.6216117e-07,-2.621238e-07,-2.6213118e-07,0.9895856,3.2656324,0.039163029624379835
2.0,0.012265758714438663,-1.4176756e-07,-0.9897916,-2.6189662e-07,-2.6189662e-07,-2.619736e-07,-2.619266e-07,0.9895856,3.2656324,0.03919534585133906
2.0,0.012275758714438664,-7.7166526e-08,-0.98979163,-2.6216117e-07,-2.6216117e-07,-2.621238e-07,-2.6213118e-07,0.9895856,3.2656324,0.03922766207829829
2.0,0.012285758714438664,-1.4176773e-07,-0.9897916,-2.6189662e-07,-2.6189662e-07,-2.619736e-07,-2.619266e-07,0.9895856,3.2656324,0.039259978305257515
2.0,0.012295758714438663,-7.716671e-08,-0.98979163,-2.6216117e-07,-2.6216117e-07,-2.621238e-07,-2.6213118e-07,0.9895856,3.2656324,0.03929229453221674
2.0,0.012305758714438663,-1.4176791e-07,-0.9897916,-2.6189662e-07,-2.6189662e-07,-2.619736e-07,-2.619266e-07,0.9895856,3.2656324,0.03932461075917597
2.0,0.012315758714438664,-7.716689e-08,-0.98979163,-2.6216117e-07,-2.6216117e-07,-2.621238e-07,-2.6213118e-07,0.9895856,3.2656324,0.039356926986135195
2.0,0.012325758714438664,-1.4176808e-07,-0.9897916,-2.6189662e-07,-2.6189662e-07,-2.619736e-07,-2.619266e-07,0.9895856,3.2656324,0.03938924321309442
2.0,0.012335758714438663,-7.7167066e-08,-0.98979163,-2.6216117e-07,-2.6216117e-07,-2.621238e-07,-2.6213118e-07,0.9895856,3.2656324,0.03942155944005365
2.0,0.012345758714438663,-1.4176825e-07,-0.9897916,-2.6189662e-07,-2.6189662e-07,-2.619736e-07,-2.619266e-07,0.9895856,3.2656324,0.039453875667012875
2.0,0.012355758714438664,-7.716723e-08,-0.98979163,-2.6216117e-07,-2.6216117e-07,-2.621238e-07,-2.6213118e-07,0.9895856,3.2656324,0.0394861918939721
2.0,0.012365758714438664,-1.4176841e-07,-0.9897916,-2.6189662e-07,-2.6189662e-07,-2.619736e-07,-2.619266e-07,0.9895856,3.2656324,0.03951850812093133
2.0,0.012375758714438663,-7.716739e-08,-0.98979163,-2.6216117e-07,-2.6216117e-07,-2.621238e-07,-2.6213118e-07,0.9895856,3.2656324,0.039550824347890555
2.0,0.012385758714438663,-1.4176858e-07,-0.9897916,-2.6189662e-07,-2.6189662e-07,-2.619736e-07,-2.619266e-07,0.9895856,3.2656324,0.03958314057484978
2.0,0.012395758714438664,-7.716755e-08,-0.98979163,-2.6216117e-07,-2.6216117e-07,-2.621238e-07,-2.6213118e-07,0.9895856,3.2656324,0.03961545680180901
2.0,0.012405758714438664,-1.4176874e-07,-0.9897916,-2.6189662e-07,-2.6189662e-07,-2.619736e-07,-2.6192663e-07,0.9895856,3.2656324,0.039647773028768235
2.0,0.012415758714438663,-7.71677e-08,-0.98979163,-2.6216117e-07,-2.6216117e-07,-2.621238e-07,-2.6213118e-07,0.9895856,3.2656324,0.03968008925572746
2.0,0.012425758714438663,-1.417689e-07,-0.9897916,-2.6189662e-07,-2.6189662e-07,-2.619736e-07,-2.6192663e-07,0.9895856,3.2656324,0.03971240548268669
2.0,0.012435758714438663,-7.716785e-08,-0.98979163,-2.6216117e-07,-2.6216117e-07,-2.621238e-07,-2.6213118e-07,0.9895856,3.2656324,0.039744721709645915
2.0,0.012445758714438664,-1.4176904e-07,-0.9897916,-2.6189662e-07,-2.6189662e-07,-2.619736e-07,-2.6192663e-07,0.9895856,3.2656324,0.03977703793660514
2.0,0.012455758714438664,-7.716798e-08,-0.98979163,-2.6216117e-07,-2.6216117e-07,-2.621238e-07,-2.6213118e-07,0.9895856,3.2656324,0.03980935416356437
2.0,0.012465758714438663,-1.4176919e-07,-0.9897916,-2.6189662e-07,-2.6189662e-07,-2.619736e-07,-2.6192663e-07,0.9895856,3.2656324,0.039841670390523595
2.0,0.012475758714438663,-7.7168124e-08,-0.98979163,-2.6216117e-07,-2.6216117e-07,-2.621238e-07,-2.6213118e-07,0.9895856,3.2656324,0.03987398661748282
2.0,0.012485758714438664,-1.4176933e-07,-0.9897916,-2.6189662e-07,-2.6189662e-07,-2.619736e-07,-2.6192663e-07,0.9895856,3.2656324,0.03990630284444205
2.0,0.012495758714438664,-7.716825e-08,-0.98979163,-2.6216117e-07,-2.6216117e-07,-2.621238e-07,-2.6213118e-07,0.9895856,3.2656324,0.039938619071401275
2.0,0.012505758714438663,-1.4176948e-07,-0.9897916,-2.6189662e-07,-2.6189662e-07,-2.619736e-07,-2.6192663e-07,0.9895856,3.2656324,0.0399709352983605
2.0,0.012515758714438663,-7.716838e-08,-0.98979163,-2.6216117e-07,-2.6216117e-07,-2.621238e-07,-2.6213118e-07,0.9895856,3.2656324,0.04000325152531973
2.0,0.012525758714438664,-1.417696e-07,-0.9897916,-2.6189662e-07,-2.6189662e-07,-2.619736e-07,-2.6192663e-07,0.9895856,3.2656324,0.040035567752278955
2.0,0.012535758714438664,-7.71685e-08,-0.98979163,-2.6216117e-07,-2.6216117e-07,-2.621238e-07,-2.6213118e-07,0.9895856,3.2656324,0.04006788397923818
2.0,0.012545758714438663,-1.4176975e-07,-0.9897916,-2.6189662e-07,-2.6189662e-07,-2.619736e-07,-2.6192663e-07,0.9895856,3.2656324,0.04010020020619741
2.0,0.012555758714438663,-7.716862e-08,-0.98979163,-2.6216117e-07,-2.6216117e-07,-2.621238e-07,-2.6213118e-07,0.9895856,3.2656324,0.040132516433156636
2.0,0.012565758714438663,-1.4176987e-07,-0.9897916,-2.6189662e-07,-2.6189662e-07,-2.619736e-07,-2.6192663e-07,0.9895856,3.2656324,0.04016483266011586
2.0,0.012575758714438664,-7.7168735e-08,-0.98979163,-2.6216117e-07,-2.6216117e-07,-2.621238e-07,-2.6213118e-07,0.9895856,3.2656324,0.04019714888707509
2.0,0.012585758714438663,-1.4177e-07,-0.9897916,-2.6189662e-07,-2.6189662e-07,-2.619736e-07,-2.6192663e-07,0.9895856,3.2656324,0.040229465114034316
2.0,0.012595758714438663,-7.716884e-08,-0.98979163,-2.6216117e-07,-2.6216117e-07,-2.621238e-07,-2.6213118e-07,0.9895856,3.2656324,0.04026178134099354
2.0,0.012605758714438663,-1.4177013e-07,-0.9897916,-2.6189662e-07,-2.6189662e-07,-2.619736e-07,-2.6192663e-07,0.9895856,3.2656324,0.04029409756795277
2.0,0.012615758714438664,-7.716895e-08,-0.98979163,-2.6216117e-07,-2.6216117e-07,-2.621238e-07,-2.6213118e-07,0.9895856,3.2656324,0.040326413794911996
2.0,0.012625758714438664,-1.4177026e-07,-0.9897916,-2.6189662e-07,-2.6189662e-07,-2.6197364e-07,-2.6192663e-07,0.9895856,3.2656324,0.04035873002187122
2.0,0.012635758714438663,-7.716905e-08,-0.98979163,-2.6216117e-07,-2.6216117e-07,-2.621238e-07,-2.6213118e-07,0.9895856,3.2656324,0.04039104624883045
2.0,0.012645758714438663,-1.4177037e-07,-0.9897916,-2.6189662e-07,-2.6189662e-07,-2.6197364e-07,-2.6192663e-07,0.9895856,3.2656324,0.040423362475789676
2.0,0.012655758714438664,-7.716915e-08,-0.98979163,-2.6216117e-07,-2.6216117e-07,-2.621238e-07,-2.6213118e-07,0.9895856,3.2656324,0.0404556787027489
2.0,0.012665758714438664,-1.4177049e-07,-0.9897916,-2.6189662e-07,-2.6189662e-07,-2.6197364e-07,-2.6192663e-07,0.9895856,3.2656324,0.04048799492970813
2.0,0.012675758714438663,-7.716924e-08,-0.98979163,-2.6216117e-07,-2.6216117e-07,-2.621238e-07,-2.6213118e-07,0.9895856,3.2656324,0.040520311156667356
2.0,0.012685758714438663,-1.4177061e-07,-0.9897916,-2.6189662e-07,-2.6189662e-07,-2.6197364e-07,-2.6192663e-07,0.9895856,3.2656324,0.04055262738362658
2.0,0.012695758714438664,-7.716933e-08,-0.98979163,-2.6216117e-07,-2.6216117e-07,-2.621238e-07,-2.6213118e-07,0.9895856,3.2656324,0.04058494361058581
2.0,0.012705758714438664,-1.4177073e-07,-0.9897916,-2.6189662e-07,-2.6189662e-07,-2.6197364e-07,-2.6192663e-07,0.9895856,3.2656324,0.040617259837545036
2.0,0.012715758714438663,-7.716942e-08,-0.98979163,-2.6216117e-07,-2.6216117e-07,-2.621238e-07,-2.6213118e-07,0.9895856,3.2656324,0.04064957606450426
2.0,0.012725758714438663,-1.4177084e-07,-0.9897916,-2.6189662e-07,-2.6189662e-07,-2.6197364e-07,-2.6192663e-07,0.9895856,3.2656324,0.04068189229146349
2.0,0.012735758714438663,-7.71695e-08,-0.98979163,-2.6216117e-07,-2.6216117e-07,-2.621238e-07,-2.6213118e-07,0.9895856,3.2656324,0.040714208518422716
2.0,0.012745758714438664,-1.4177094e-07,-0.9897916,-2.6189662e-07,-2.6189662e-07,-2.6197364e-07,-2.6192663e-07,0.9895856,3.2656324,0.04074652474538194
2.0,0.012755758714438663,-7.716958e-08,-0.98979163,-2.6216117e-07,-2.6216117e-07,-2.621238e-07,-2.6213118e-07,0.9895856,3.2656324,0.04077884097234117
2.0,0.012765758714438663,-1.4177105e-07,-0.9897916,-2.6189662e-07,-2.6189662e-07,-2.6197364e-07,-2.6192663e-07,0.9895856,3.2656324,0.040811157199300396
2.0,0.012775758714438663,-7.716966e-08,-0.98979163,-2.6216117e-07,-2.6216117e-07,-2.621238e-07,-2.6213118e-07,0.9895856,3.2656324,0.04084347342625962
2.0,0.012785758714438664,-1.4177115e-07,-0.9897916,-2.6189662e-07,-2.6189662e-07,-2.6197364e-07,-2.6192663e-07,0.9895856,3.2656324,0.04087578965321885
2.0,0.012795758714438664,-7.716973e-08,-0.98979163,-2.6216117e-07,-2.6216117e-07,-2.621238e-07,-2.6213118e-07,0.9895856,3.2656324,0.040908105880178076
2.0,0.012805758714438663,-1.4177127e-07,-0.9897916,-2.6189662e-07,-2.6189662e-07,-2.6197364e-07,-2.6192663e-07,0.9895856,3.2656324,0.0409404221071373
2.0,0.012815758714438663,-7.71698e-08,-0.98979163,-2.6216117e-07,-2.6216117e-07,-2.621238e-07,-2.6213118e-07,0.9895856,3.2656324,0.04097273833409653
2.0,0.012825758714438664,-1.4177137e-07,-0.9897916,-2.6189662e-07,-2.6189662e-07,-2.6197364e-07,-2.6192663e-07,0.9895856,3.2656324,0.041005054561055757
2.0,0.012835758714438664,-7.716987e-08,-0.98979163,-2.6216117e-07,-2.6216117e-07,-2.621238e-07,-2.6213118e-07,0.9895856,3.2656324,0.04103737078801498
2.0,0.012845758714438663,-1.4177147e-07,-0.9897916,-2.6189664e-07,-2.6189664e-07,-2.6197364e-07,-2.6192663e-07,0.9895856,3.2656324,0.04106968701497421
2.0,0.012855758714438663,-7.7169936e-08,-0.98979163,-2.6216117e-07,-2.6216117e-07,-2.621238e-07,-2.6213118e-07,0.9895856,3.2656324,0.04110200324193344
2.0,0.012865758714438664,-1.4177157e-07,-0.9897916,-2.6189664e-07,-2.6189664e-07,-2.6197364e-07,-2.6192663e-07,0.9895856,3.2656324,0.04113431946889266
2.0,0.012875758714438664,-7.716999e-08,-0.98979163,-2.6216117e-07,-2.6216117e-07,-2.621238e-07,-2.6213118e-07,0.9895856,3.2656324,0.04116663569585189
2.0,0.012885758714438663,-1.4177166e-07,-0.9897916,-2.6189664e-07,-2.6189664e-07,-2.6197364e-07,-2.6192663e-07,0.9895856,3.2656324,0.04119895192281112
2.0,0.012895758714438663,-7.717006e-08,-0.98979163,-2.6216117e-07,-2.6216117e-07,-2.621238e-07,-2.6213118e-07,0.9895856,3.2656324,0.04123126814977034
2.0,0.012905758714438663,-1.4177175e-07,-0.9897916,-2.6189664e-07,-2.6189664e-07,-2.6197364e-07,-2.6192663e-07,0.9895856,3.2656324,0.04126358437672957
2.0,0.012915758714438664,-7.717011e-08,-0.98979163,-2.6216117e-07,-2.6216117e-07,-2.6212376e-07,-2.6213118e-07,0.9895856,3.2656324,0.0412959006036888
2.0,0.012925758714438663,-1.4177185e-07,-0.9897916,-2.6189664e-07,-2.6189664e-07,-2.6197364e-07,-2.6192663e-07,0.9895856,3.2656324,0.041328216830648024
2.0,0.012935758714438663,-7.7170164e-08,-0.98979163,-2.6216117e-07,-2.6216117e-07,-2.6212376e-07,-2.6213118e-07,0.9895856,3.2656324,0.04136053305760725
2.0,0.012945758714438663,-1.4177193e-07,-0.9897916,-2.6189664e-07,-2.6189664e-07,-2.6197364e-07,-2.6192663e-07,0.9895856,3.2656324,0.04139284928456648
2.0,0.012955758714438664,-7.717021e-08,-0.98979163,-2.6216117e-07,-2.6216117e-07,-2.6212376e-07,-2.6213118e-07,0.9895856,3.2656324,0.041425165511525704
2.0,0.012965758714438664,-1.4177203e-07,-0.9897916,-2.6189664e-07,-2.6189664e-07,-2.6197364e-07,-2.6192663e-07,0.9895856,3.2656324,0.04145748173848493
2.0,0.012975758714438663,-7.7170256e-08,-0.98979163,-2.6216117e-07,-2.6216117e-07,-2.6212376e-07,-2.6213118e-07,0.9895856,3.2656324,0.04148979796544416
2.0,0.012985758714438663,-1.4177212e-07,-0.9897916,-2.6189664e-07,-2.6189664e-07,-2.6197364e-07,-2.6192663e-07,0.9895856,3.2656324,0.041522114192403384
2.0,0.012995758714438664,-7.7170306e-08,-0.98979163,-2.6216117e-07,-2.6216117e-07,-2.6212376e-07,-2.6213118e-07,0.9895856,3.2656324,0.04155443041936261
2.0,0.013005758714438664,-1.417722e-07,-0.9897916,-2.6189664e-07,-2.6189664e-07,-2.6197364e-07,-2.6192663e-07,0.9895856,3.2656324,0.04158674664632184
2.0,0.013015758714438663,-7.717035e-08,-0.98979163,-2.6216117e-07,-2.6216117e-07,-2.6212376e-07,-2.6213118e-07,0.9895856,3.2656324,0.041619062873281064
2.0,0.013025758714438663,-1.4177229e-07,-0.9897916,-2.6189664e-07,-2.6189664e-07,-2.6197364e-07,-2.6192663e-07,0.9895856,3.2656324,0.04165137910024029
2.0,0.013035758714438664,-7.7170384e-08,-0.98979163,-2.6216117e-07,-2.6216117e-07,-2.6212376e-07,-2.6213118e-07,0.9895856,3.2656324,0.04168369532719952
2.0,0.013045758714438664,-1.4177238e-07,-0.9897916,-2.6189664e-07,-2.6189664e-07,-2.6197364e-07,-2.6192663e-07,0.9895856,3.2656324,0.041716011554158744
2.0,0.013055758714438663,-7.717043e-08,-0.98979163,-2.6216117e-07,-2.6216117e-07,-2.6212376e-07,-2.6213118e-07,0.9895856,3.2656324,0.04174832778111797
2.0,0.013065758714438663,-1.4177246e-07,-0.9897916,-2.6189664e-07,-2.6189664e-07,-2.6197364e-07,-2.6192663e-07,0.9895856,3.2656324,0.0417806440080772
2.0,0.013075758714438663,-7.717046e-08,-0.98979163,-2.6216117e-07,-2.6216117e-07,-2.6212376e-07,-2.6213118e-07,0.9895856,3.2656324,0.041812960235036424
2.0,0.013085758714438664,-1.4177255e-07,-0.9897916,-2.6189664e-07,-2.6189664e-07,-2.6197364e-07,-2.6192663e-07,0.9895856,3.2656324,0.04184527646199565
2.0,0.013095758714438663,-7.717049e-08,-0.98979163,-2.6216117e-07,-2.6216117e-07,-2.6212376e-07,-2.6213118e-07,0.9895856,3.2656324,0.04187759268895488
2.0,0.013105758714438663,-1.4177263e-07,-0.9897916,-2.6189664e-07,-2.6189664e-07,-2.6197364e-07,-2.6192663e-07,0.9895856,3.2656324,0.041909908915914104
2.0,0.013115758714438663,-7.7170526e-08,-0.98979163,-2.6216117e-07,-2.6216117e-07,-2.6212376e-07,-2.6213118e-07,0.9895856,3.2656324,0.04194222514287333
2.0,0.013125758714438664,-1.417727e-07,-0.9897916,-2.6189664e-07,-2.6189664e-07,-2.6197364e-07,-2.6192663e-07,0.9895856,3.2656324,0.04197454136983256
2.0,0.013135758714438664,-7.7170554e-08,-0.98979163,-2.6216117e-07,-2.6216117e-07,-2.6212376e-07,-2.6213118e-07,0.9895856,3.2656324,0.042006857596791784
2.0,0.013145758714438663,-1.4177279e-07,-0.9897916,-2.6189664e-07,-2.6189664e-07,-2.6197364e-07,-2.6192663e-07,0.9895856,3.2656324,0.04203917382375101
2.0,0.013155758714438663,-7.7170576e-08,-0.98979163,-2.6216117e-07,-2.6216117e-07,-2.6212376e-07,-2.6213118e-07,0.9895856,3.2656324,0.04207149005071024
2.0,0.013165758714438664,-1.4177287e-07,-0.9897916,-2.6189664e-07,-2.6189664e-07,-2.6197364e-07,-2.6192663e-07,0.9895856,3.2656324,0.042103806277669464
2.0,0.013175758714438664,-7.7170604e-08,-0.98979163,-2.6216117e-07,-2.6216117e-07,-2.6212376e-07,-2.6213118e-07,0.9895856,3.2656324,0.04213612250462869
2.0,0.013185758714438663,-1.4177294e-07,-0.9897916,-2.6189664e-07,-2.6189664e-07,-2.6197364e-07,-2.6192663e-07,0.9895856,3.2656324,0.04216843873158792
2.0,0.013195758714438663,-7.7170625e-08,-0.98979163,-2.6216117e-07,-2.6216117e-07,-2.6212376e-07,-2.6213118e-07,0.9895856,3.2656324,0.042200754958547144
2.0,0.013205758714438662,-1.4177301e-07,-0.9897916,-2.6189664e-07,-2.6189664e-07,-2.6197364e-07,-2.6192663e-07,0.9895856,3.2656324,0.04223307118550637
2.0,0.013215758714438664,-7.717065e-08,-0.98979163,-2.6216117e-07,-2.6216117e-07,-2.6212376e-07,-2.6213118e-07,0.9895856,3.2656324,0.0422653874124656
2.0,0.013225758714438663,-1.417731e-07,-0.9897916,-2.6189664e-07,-2.6189664e-07,-2.6197367e-07,-2.6192663e-07,0.9895856,3.2656324,0.042297703639424825
2.0,0.013235758714438663,-7.717067e-08,-0.98979163,-2.6216117e-07,-2.6216117e-07,-2.6212376e-07,-2.6213118e-07,0.9895856,3.2656324,0.04233001986638405
2.0,0.013245758714438663,-1.4177317e-07,-0.9897916,-2.6189664e-07,-2.6189664e-07,-2.6197367e-07,-2.6192663e-07,0.9895856,3.2656324,0.04236233609334328
2.0,0.013255758714438664,-7.717068e-08,-0.98979163,-2.6216117e-07,-2.6216117e-07,-2.6212376e-07,-2.6213118e-07,0.9895856,3.2656324,0.042394652320302505
2.0,0.013265758714438664,-1.4177324e-07,-0.9897916,-2.6189664e-07,-2.6189664e-07,-2.6197367e-07,-2.6192663e-07,0.9895856,3.2656324,0.04242696854726173
2.0,0.013275758714438663,-7.71707e-08,-0.98979163,-2.6216117e-07,-2.6216117e-07,-2.6212376e-07,-2.6213118e-07,0.9895856,3.2656324,0.04245928477422096
2.0,0.013285758714438663,-1.4177331e-07,-0.9897916,-2.6189664e-07,-2.6189664e-07,-2.6197367e-07,-2.6192663e-07,0.9895856,3.2656324,0.042491601001180185
2.0,0.013295758714438664,-7.717071e-08,-0.98979163,-2.6216117e-07,-2.6216117e-07,-2.6212376e-07,-2.6213118e-07,0.9895856,3.2656324,0.04252391722813941
2.0,0.013305758714438664,-1.4177338e-07,-0.9897916,-2.6189664e-07,-2.6189664e-07,-2.6197367e-07,-2.6192666e-07,0.9895856,3.2656324,0.04255623345509864
2.0,0.013315758714438663,-7.7170725e-08,-0.98979163,-2.6216117e-07,-2.6216117e-07,-2.6212376e-07,-2.6213118e-07,0.9895856,3.2656324,0.042588549682057865
2.0,0.013325758714438663,-1.4177347e-07,-0.9897916,-2.6189664e-07,-2.6189664e-07,-2.6197367e-07,-2.6192666e-07,0.9895856,3.2656324,0.04262086590901709
2.0,0.013335758714438664,-7.717073e-08,-0.98979163,-2.6216117e-07,-2.6216117e-07,-2.6212376e-07,-2.6213118e-07,0.9895856,3.2656324,0.04265318213597632
2.0,0.013345758714438664,-1.4177354e-07,-0.9897916,-2.6189664e-07,-2.6189664e-07,-2.6197367e-07,-2.6192666e-07,0.9895856,3.2656324,0.042685498362935545
2.0,0.013355758714438663,-7.717074e-08,-0.98979163,-2.6216117e-07,-2.6216117e-07,-2.6212376e-07,-2.6213118e-07,0.9895856,3.2656324,0.04271781458989477
2.0,0.013365758714438663,-1.4177361e-07,-0.9897916,-2.6189664e-07,-2.6189664e-07,-2.6197367e-07,-2.6192666e-07,0.9895856,3.2656324,0.042750130816854
2.0,0.013375758714438662,-7.7170746e-08,-0.98979163,-2.6216117e-07,-2.6216117e-07,-2.6212376e-07,-2.6213118e-07,0.9895856,3.2656324,0.042782447043813225
2.0,0.013385758714438664,-1.4177367e-07,-0.9897916,-2.6189664e-07,-2.6189664e-07,-2.6197367e-07,-2.6192666e-07,0.9895856,3.2656324,0.04281476327077245
2.0,0.013395758714438663,-7.717075e-08,-0.98979163,-2.6216117e-07,-2.6216117e-07,-2.6212376e-07,-2.6213118e-07,0.9895856,3.2656324,0.04284707949773168
2.0,0.013405758714438663,-1.4177374e-07,-0.9897916,-2.6189664e-07,-2.6189664e-07,-2.6197367e-07,-2.6192666e-07,0.9895856,3.2656324,0.042879395724690905
2.0,0.013415758714438663,-7.717075e-08,-0.98979163,-2.6216117e-07,-2.6216117e-07,-2.6212376e-07,-2.6213118e-07,0.9895856,3.2656324,0.04291171195165013
2.0,0.013425758714438664,-1.4177381e-07,-0.9897916,-2.6189664e-07,-2.6189664e-07,-2.6197367e-07,-2.6192666e-07,0.9895856,3.2656324,0.04294402817860936
2.0,0.013435758714438664,-7.717075e-08,-0.98979163,-2.6216117e-07,-2.6216117e-07,-2.6212376e-07,-2.6213118e-07,0.9895856,3.2656324,0.042976344405568585
2.0,0.013445758714438663,-1.4177388e-07,-0.9897916,-2.6189664e-07,-2.6189664e-07,-2.6197367e-07,-2.6192666e-07,0.9895856,3.2656324,0.04300866063252781
2.0,0.013455758714438663,-7.717075e-08,-0.98979163,-2.6216117e-07,-2.6216117e-07,-2.6212376e-07,-2.6213118e-07,0.9895856,3.2656324,0.04304097685948704
2.0,0.013465758714438664,-1.4177395e-07,-0.9897916,-2.6189664e-07,-2.6189664e-07,-2.6197367e-07,-2.6192666e-07,0.9895856,3.2656324,0.043073293086446265
2.0,0.013475758714438664,-7.717075e-08,-0.98979163,-2.6216117e-07,-2.6216117e-07,-2.6212376e-07,-2.6213118e-07,0.9895856,3.2656324,0.04310560931340549
2.0,0.013485758714438663,-1.4177401e-07,-0.9897916,-2.6189664e-07,-2.6189664e-07,-2.6197367e-07,-2.6192666e-07,0.9895856,3.2656324,0.04313792554036472
2.0,0.013495758714438663,-7.717075e-08,-0.98979163,-2.6216117e-07,-2.6216117e-07,-2.6212376e-07,-2.6213118e-07,0.9895856,3.2656324,0.043170241767323946
2.0,0.013505758714438664,-1.4177408e-07,-0.9897916,-2.6189664e-07,-2.6189664e-07,-2.6197367e-07,-2.6192666e-07,0.9895856,3.2656324,0.04320255799428317
2.0,0.013515758714438664,-7.7170746e-08,-0.98979163,-2.6216117e-07,-2.6216117e-07,-2.6212376e-07,-2.6213118e-07,0.9895856,3.2656324,0.0432348742212424
2.0,0.013525758714438663,-1.4177415e-07,-0.9897916,-2.6189664e-07,-2.6189664e-07,-2.6197367e-07,-2.6192666e-07,0.9895856,3.2656324,0.043267190448201626
2.0,0.013535758714438663,-7.7170746e-08,-0.98979163,-2.6216117e-07,-2.6216117e-07,-2.6212376e-07,-2.6213118e-07,0.9895856,3.2656324,0.04329950667516085
2.0,0.013545758714438663,-1.4177421e-07,-0.9897916,-2.6189664e-07,-2.6189664e-07,-2.6197367e-07,-2.6192666e-07,0.9895856,3.2656324,0.04333182290212008
2.0,0.013555758714438664,-7.717074e-08,-0.98979163,-2.6216117e-07,-2.6216117e-07,-2.6212376e-07,-2.6213118e-07,0.9895856,3.2656324,0.043364139129079306
2.0,0.013565758714438663,-1.4177428e-07,-0.9897916,-2.6189664e-07,-2.6189664e-07,-2.6197367e-07,-2.6192666e-07,0.9895856,3.2656324,0.04339645535603853
2.0,0.013575758714438663,-7.717073e-08,-0.98979163,-2.6216117e-07,-2.6216117e-07,-2.6212376e-07,-2.6213118e-07,0.9895856,3.2656324,0.04342877158299776
2.0,0.013585758714438663,-1.4177435e-07,-0.9897916,-2.6189664e-07,-2.6189664e-07,-2.6197367e-07,-2.6192666e-07,0.9895856,3.2656324,0.043461087809956986
2.0,0.013595758714438664,-7.717072e-08,-0.98979163,-2.6216117e-07,-2.6216117e-07,-2.6212376e-07,-2.6213118e-07,0.9895856,3.2656324,0.04349340403691621
2.0,0.013605758714438664,-1.4177441e-07,-0.9897916,-2.6189664e-07,-2.6189664e-07,-2.6197367e-07,-2.6192666e-07,0.9895856,3.2656324,0.04352572026387544
2.0,0.013615758714438663,-7.717071e-08,-0.98979163,-2.6216114e-07,-2.6216114e-07,-2.6212376e-07,-2.6213118e-07,0.9895856,3.2656324,0.043558036490834666
2.0,0.013625758714438663,-1.4177448e-07,-0.9897916,-2.6189664e-07,-2.6189664e-07,-2.6197367e-07,-2.6192666e-07,0.9895856,3.2656324,0.04359035271779389
2.0,0.013635758714438664,-7.71707e-08,-0.98979163,-2.6216114e-07,-2.6216114e-07,-2.6212376e-07,-2.6213118e-07,0.9895856,3.2656324,0.04362266894475312
2.0,0.013645758714438664,-1.4177454e-07,-0.9897916,-2.6189664e-07,-2.6189664e-07,-2.6197367e-07,-2.6192666e-07,0.9895856,3.2656324,0.043654985171712346
2.0,0.013655758714438663,-7.717069e-08,-0.98979163,-2.6216114e-07,-2.6216114e-07,-2.6212376e-07,-2.6213118e-07,0.9895856,3.2656324,0.04368730139867157
2.0,0.013665758714438663,-1.417746e-07,-0.9897916,-2.6189664e-07,-2.6189664e-07,-2.6197367e-07,-2.6192666e-07,0.9895856,3.2656324,0.0437196176256308
2.0,0.013675758714438664,-7.7170675e-08,-0.98979163,-2.6216114e-07,-2.6216114e-07,-2.6212376e-07,-2.6213118e-07,0.9895856,3.2656324,0.043751933852590026
2.0,0.013685758714438664,-1.4177466e-07,-0.9897916,-2.6189664e-07,-2.6189664e-07,-2.6197367e-07,-2.6192666e-07,0.9895856,3.2656324,0.04378425007954925
2.0,0.013695758714438663,-7.717066e-08,-0.98979163,-2.6216114e-07,-2.6216114e-07,-2.6212376e-07,-2.6213118e-07,0.9895856,3.2656324,0.04381656630650848
2.0,0.013705758714438663,-1.4177472e-07,-0.9897916,-2.6189664e-07,-2.6189664e-07,-2.6197367e-07,-2.6192666e-07,0.9895856,3.2656324,0.043848882533467706
2.0,0.013715758714438663,-7.717064e-08,-0.98979163,-2.6216114e-07,-2.6216114e-07,-2.6212376e-07,-2.6213118e-07,0.9895856,3.2656324,0.04388119876042693
2.0,0.013725758714438664,-1.4177479e-07,-0.9897916,-2.6189664e-07,-2.6189664e-07,-2.6197367e-07,-2.6192666e-07,0.9895856,3.2656324,0.04391351498738616
2.0,0.013735758714438663,-7.7170625e-08,-0.98979163,-2.6216114e-07,-2.6216114e-07,-2.6212376e-07,-2.6213118e-07,0.9895856,3.2656324,0.043945831214345386
2.0,0.013745758714438663,-1.4177485e-07,-0.9897916,-2.6189664e-07,-2.6189664e-07,-2.6197367e-07,-2.6192666e-07,0.9895856,3.2656324,0.04397814744130461
2.0,0.013755758714438663,-7.7170604e-08,-0.98979163,-2.6216114e-07,-2.6216114e-07,-2.6212376e-07,-2.6213118e-07,0.9895856,3.2656324,0.04401046366826384
2.0,0.013765758714438664,-1.4177492e-07,-0.9897916,-2.6189664e-07,-2.6189664e-07,-2.6197367e-07,-2.6192666e-07,0.9895856,3.2656324,0.044042779895223066
2.0,0.013775758714438664,-7.717059e-08,-0.98979163,-2.6216114e-07,-2.6216114e-07,-2.6212376e-07,-2.6213118e-07,0.9895856,3.2656324,0.04407509612218229
2.0,0.013785758714438663,-1.4177498e-07,-0.9897916,-2.6189664e-07,-2.6189664e-07,-2.6197367e-07,-2.6192666e-07,0.9895856,3.2656324,0.04410741234914152
2.0,0.013795758714438663,-7.717057e-08,-0.98979163,-2.6216114e-07,-2.6216114e-07,-2.6212376e-07,-2.6213118e-07,0.9895856,3.2656324,0.04413972857610075
2.0,0.013805758714438664,-1.4177503e-07,-0.9897916,-2.6189664e-07,-2.6189664e-07,-2.6197367e-07,-2.6192666e-07,0.9895856,3.2656324,0.04417204480305997
2.0,0.013815758714438664,-7.717055e-08,-0.98979163,-2.6216114e-07,-2.6216114e-07,-2.6212376e-07,-2.6213118e-07,0.9895856,3.2656324,0.0442043610300192
2.0,0.013825758714438663,-1.417751e-07,-0.9897916,-2.6189667e-07,-2.6189667e-07,-2.6197367e-07,-2.6192666e-07,0.9895856,3.2656324,0.04423667725697843
2.0,0.013835758714438663,-7.7170526e-08,-0.98979163,-2.6216114e-07,-2.6216114e-07,-2.6212373e-07,-2.6213118e-07,0.9895856,3.2656324,0.04426899348393765
2.0,0.013845758714438662,-1.4177516e-07,-0.9897916,-2.6189667e-07,-2.6189667e-07,-2.6197367e-07,-2.6192666e-07,0.9895856,3.2656324,0.04430130971089688
2.0,0.013855758714438664,-7.7170505e-08,-0.98979163,-2.6216114e-07,-2.6216114e-07,-2.6212373e-07,-2.6213118e-07,0.9895856,3.2656324,0.04433362593785611
2.0,0.013865758714438663,-1.4177522e-07,-0.9897916,-2.6189667e-07,-2.6189667e-07,-2.6197367e-07,-2.6192666e-07,0.9895856,3.2656324,0.044365942164815333
2.0,0.013875758714438663,-7.7170476e-08,-0.98979163,-2.6216114e-07,-2.6216114e-07,-2.6212373e-07,-2.6213118e-07,0.9895856,3.2656324,0.04439825839177456
2.0,0.013885758714438663,-1.4177529e-07,-0.9897916,-2.6189667e-07,-2.6189667e-07,-2.6197367e-07,-2.6192666e-07,0.9895856,3.2656324,0.04443057461873379
2.0,0.013895758714438664,-7.7170455e-08,-0.98979163,-2.6216114e-07,-2.6216114e-07,-2.6212373e-07,-2.6213118e-07,0.9895856,3.2656324,0.044462890845693014
2.0,0.013905758714438663,-1.4177535e-07,-0.9897916,-2.6189667e-07,-2.6189667e-07,-2.6197367e-07,-2.6192666e-07,0.9895856,3.2656324,0.04449520707265224
2.0,0.013915758714438663,-7.717043e-08,-0.98979163,-2.6216114e-07,-2.6216114e-07,-2.6212373e-07,-2.6213118e-07,0.9895856,3.2656324,0.04452752329961147
2.0,0.013925758714438663,-1.417754e-07,-0.9897916,-2.6189667e-07,-2.6189667e-07,-2.6197367e-07,-2.6192666e-07,0.9895856,3.2656324,0.044559839526570694
2.0,0.013935758714438664,-7.71704e-08,-0.98979163,-2.6216114e-07,-2.6216114e-07,-2.6212373e-07,-2.6213118e-07,0.9895856,3.2656324,0.04459215575352992
2.0,0.013945758714438664,-1.4177546e-07,-0.9897916,-2.6189667e-07,-2.6189667e-07,-2.619737e-07,-2.6192666e-07,0.9895856,3.2656324,0.04462447198048915
2.0,0.013955758714438663,-7.717037e-08,-0.98979163,-2.6216114e-07,-2.6216114e-07,-2.6212373e-07,-2.6213118e-07,0.9895856,3.2656324,0.044656788207448374
2.0,0.013965758714438663,-1.4177553e-07,-0.9897916,-2.6189667e-07,-2.6189667e-07,-2.619737e-07,-2.6192666e-07,0.9895856,3.2656324,0.0446891044344076
2.0,0.013975758714438664,-7.717035e-08,-0.98979163,-2.6216114e-07,-2.6216114e-07,-2.6212373e-07,-2.6213118e-07,0.9895856,3.2656324,0.04472142066136683
2.0,0.013985758714438664,-1.4177559e-07,-0.9897916,-2.6189667e-07,-2.6189667e-07,-2.619737e-07,-2.6192666e-07,0.9895856,3.2656324,0.044753736888326054
2.0,0.013995758714438663,-7.717031e-08,-0.98979163,-2.6216114e-07,-2.6216114e-07,-2.6212373e-07,-2.6213118e-07,0.9895856,3.2656324,0.04478605311528528
2.0,0.014005758714438663,-1.4177564e-07,-0.9897916,-2.6189667e-07,-2.6189667e-07,-2.619737e-07,-2.6192666e-07,0.9895856,3.2656324,0.04481836934224451
2.0,0.014015758714438662,-7.7170284e-08,-0.98979163,-2.6216114e-07,-2.6216114e-07,-2.6212373e-07,-2.6213118e-07,0.9895856,3.2656324,0.044850685569203734
2.0,0.014025758714438664,-1.417757e-07,-0.9897916,-2.6189667e-07,-2.6189667e-07,-2.619737e-07,-2.6192666e-07,0.9895856,3.2656324,0.04488300179616296
2.0,0.014035758714438663,-7.7170256e-08,-0.98979163,-2.6216114e-07,-2.6216114e-07,-2.6212373e-07,-2.6213118e-07,0.9895856,3.2656324,0.04491531802312219
2.0,0.014045758714438663,-1.4177576e-07,-0.9897916,-2.6189667e-07,-2.6189667e-07,-2.619737e-07,-2.6192666e-07,0.9895856,3.2656324,0.044947634250081414
2.0,0.014055758714438663,-7.717022e-08,-0.98979163,-2.6216114e-07,-2.6216114e-07,-2.6212373e-07,-2.6213118e-07,0.9895856,3.2656324,0.04497995047704064
2.0,0.014065758714438664,-1.4177583e-07,-0.9897916,-2.6189667e-07,-2.6189667e-07,-2.619737e-07,-2.6192666e-07,0.9895856,3.2656324,0.04501226670399987
2.0,0.014075758714438663,-7.717019e-08,-0.98979163,-2.6216114e-07,-2.6216114e-07,-2.6212373e-07,-2.6213118e-07,0.9895856,3.2656324,0.045044582930959094
2.0,0.014085758714438663,-1.4177589e-07,-0.9897916,-2.6189667e-07,-2.6189667e-07,-2.619737e-07,-2.6192666e-07,0.9895856,3.2656324,0.04507689915791832
2.0,0.014095758714438663,-7.717016e-08,-0.98979163,-2.6216114e-07,-2.6216114e-07,-2.6212373e-07,-2.6213118e-07,0.9895856,3.2656324,0.04510921538487755
2.0,0.014105758714438664,-1.4177594e-07,-0.9897916,-2.6189667e-07,-2.6189667e-07,-2.619737e-07,-2.6192666e-07,0.9895856,3.2656324,0.045141531611836774
2.0,0.014115758714438664,-7.717013e-08,-0.98979163,-2.6216114e-07,-2.6216114e-07,-2.6212373e-07,-2.6213118e-07,0.9895856,3.2656324,0.045173847838796
2.0,0.014125758714438663,-1.41776e-07,-0.9897916,-2.6189667e-07,-2.6189667e-07,-2.619737e-07,-2.6192666e-07,0.9895856,3.2656324,0.04520616406575523
2.0,0.014135758714438663,-7.717009e-08,-0.98979163,-2.6216114e-07,-2.6216114e-07,-2.6212373e-07,-2.6213118e-07,0.9895856,3.2656324,0.045238480292714454
2.0,0.014145758714438664,-1.4177606e-07,-0.9897916,-2.6189667e-07,-2.6189667e-07,-2.619737e-07,-2.6192666e-07,0.9895856,3.2656324,0.04527079651967368
2.0,0.014155758714438664,-7.717006e-08,-0.98979163,-2.6216114e-07,-2.6216114e-07,-2.6212373e-07,-2.6213118e-07,0.9895856,3.2656324,0.04530311274663291
2.0,0.014165758714438663,-1.4177613e-07,-0.9897916,-2.6189667e-07,-2.6189667e-07,-2.619737e-07,-2.6192666e-07,0.9895856,3.2656324,0.045335428973592135
2.0,0.014175758714438663,-7.717002e-08,-0.98979163,-2.6216114e-07,-2.6216114e-07,-2.6212373e-07,-2.6213118e-07,0.9895856,3.2656324,0.04536774520055136
2.0,0.014185758714438662,-1.4177618e-07,-0.9897916,-2.6189667e-07,-2.6189667e-07,-2.619737e-07,-2.6192666e-07,0.9895856,3.2656324,0.04540006142751059
2.0,0.014195758714438664,-7.7169986e-08,-0.98979163,-2.6216114e-07,-2.6216114e-07,-2.6212373e-07,-2.6213118e-07,0.9895856,3.2656324,0.045432377654469815
2.0,0.014205758714438663,-1.4177624e-07,-0.9897916,-2.6189667e-07,-2.6189667e-07,-2.619737e-07,-2.6192666e-07,0.9895856,3.2656324,0.04546469388142904
2.0,0.014215758714438663,-7.716995e-08,-0.98979163,-2.6216114e-07,-2.6216114e-07,-2.6212373e-07,-2.6213118e-07,0.9895856,3.2656324,0.04549701010838827
2.0,0.014225758714438663,-1.417763e-07,-0.9897916,-2.6189667e-07,-2.6189667e-07,-2.619737e-07,-2.6192666e-07,0.9895856,3.2656324,0.045529326335347495
2.0,0.014235758714438664,-7.716991e-08,-0.98979163,-2.6216114e-07,-2.6216114e-07,-2.6212373e-07,-2.6213118e-07,0.9895856,3.2656324,0.04556164256230672
2.0,0.014245758714438663,-1.4177635e-07,-0.9897916,-2.6189667e-07,-2.6189667e-07,-2.619737e-07,-2.6192666e-07,0.9895856,3.2656324,0.04559395878926595
2.0,0.014255758714438663,-7.716987e-08,-0.98979163,-2.6216114e-07,-2.6216114e-07,-2.6212373e-07,-2.6213118e-07,0.9895856,3.2656324,0.045626275016225175
2.0,0.014265758714438663,-1.4177641e-07,-0.9897916,-2.6189667e-07,-2.6189667e-07,-2.619737e-07,-2.6192666e-07,0.9895856,3.2656324,0.0456585912431844
2.0,0.014275758714438664,-7.716983e-08,-0.98979163,-2.6216114e-07,-2.6216114e-07,-2.6212373e-07,-2.6213118e-07,0.9895856,3.2656324,0.04569090747014363
2.0,0.014285758714438664,-1.4177648e-07,-0.9897916,-2.6189667e-07,-2.6189667e-07,-2.619737e-07,-2.6192666e-07,0.9895856,3.2656324,0.045723223697102855
2.0,0.014295758714438663,-7.7169794e-08,-0.98979163,-2.6216114e-07,-2.6216114e-07,-2.6212373e-07,-2.6213118e-07,0.9895856,3.2656324,0.04575553992406208
2.0,0.014305758714438663,-1.4177654e-07,-0.9897916,-2.6189667e-07,-2.6189667e-07,-2.619737e-07,-2.6192666e-07,0.9895856,3.2656324,0.04578785615102131
2.0,0.014315758714438664,-7.716975e-08,-0.98979163,-2.6216114e-07,-2.6216114e-07,-2.6212373e-07,-2.6213118e-07,0.9895856,3.2656324,0.045820172377980535
2.0,0.014325758714438664,-1.417766e-07,-0.9897916,-2.6189667e-07,-2.6189667e-07,-2.619737e-07,-2.6192666e-07,0.9895856,3.2656324,0.04585248860493976
2.0,0.014335758714438663,-7.7169716e-08,-0.98979163,-2.6216114e-07,-2.6216114e-07,-2.6212373e-07,-2.6213118e-07,0.9895856,3.2656324,0.04588480483189899
2.0,0.014345758714438663,-1.4177665e-07,-0.9897916,-2.6189667e-07,-2.6189667e-07,-2.619737e-07,-2.6192666e-07,0.9895856,3.2656324,0.045917121058858215
2.0,0.014355758714438662,-7.716967e-08,-0.98979163,-2.6216114e-07,-2.6216114e-07,-2.6212373e-07,-2.6213118e-07,0.9895856,3.2656324,0.04594943728581744
2.0,0.014365758714438664,-1.4177671e-07,-0.9897916,-2.6189667e-07,-2.6189667e-07,-2.619737e-07,-2.6192666e-07,0.9895856,3.2656324,0.04598175351277667
2.0,0.014375758714438663,-7.716963e-08,-0.98979163,-2.6216114e-07,-2.6216114e-07,-2.6212373e-07,-2.6213118e-07,0.9895856,3.2656324,0.046014069739735895
2.0,0.014385758714438663,-1.4177678e-07,-0.9897916,-2.6189667e-07,-2.6189667e-07,-2.619737e-07,-2.6192666e-07,0.9895856,3.2656324,0.04604638596669512
2.0,0.014395758714438663,-7.716959e-08,-0.98979163,-2.6216114e-07,-2.6216114e-07,-2.6212373e-07,-2.6213118e-07,0.9895856,3.2656324,0.04607870219365435
2.0,0.014405758714438664,-1.4177684e-07,-0.9897916,-2.6189667e-07,-2.6189667e-07,-2.619737e-07,-2.6192666e-07,0.9895856,3.2656324,0.046111018420613575
2.0,0.014415758714438663,-7.7169545e-08,-0.98979163,-2.6216114e-07,-2.6216114e-07,-2.6212373e-07,-2.6213115e-07,0.9895856,3.2656324,0.0461433346475728
2.0,0.014425758714438663,-1.417769e-07,-0.9897916,-2.6189667e-07,-2.6189667e-07,-2.619737e-07,-2.6192666e-07,0.9895856,3.2656324,0.04617565087453203
2.0,0.014435758714438663,-7.71695e-08,-0.98979163,-2.6216114e-07,-2.6216114e-07,-2.6212373e-07,-2.6213115e-07,0.9895856,3.2656324,0.046207967101491255
2.0,0.014445758714438664,-1.4177695e-07,-0.9897916,-2.6189667e-07,-2.6189667e-07,-2.619737e-07,-2.6192666e-07,0.9895856,3.2656324,0.04624028332845048
2.0,0.014455758714438664,-7.716946e-08,-0.98979163,-2.6216114e-07,-2.6216114e-07,-2.6212373e-07,-2.6213115e-07,0.9895856,3.2656324,0.04627259955540971
2.0,0.014465758714438663,-1.4177701e-07,-0.9897916,-2.6189667e-07,-2.6189667e-07,-2.619737e-07,-2.6192666e-07,0.9895856,3.2656324,0.046304915782368936
2.0,0.014475758714438663,-7.716942e-08,-0.98979163,-2.6216114e-07,-2.6216114e-07,-2.6212373e-07,-2.6213115e-07,0.9895856,3.2656324,0.04633723200932816
2.0,0.014485758714438662,-1.4177706e-07,-0.9897916,-2.6189667e-07,-2.6189667e-07,-2.619737e-07,-2.6192666e-07,0.9895856,3.2656324,0.04636954823628739
2.0,0.014495758714438664,-7.716937e-08,-0.98979163,-2.6216114e-07,-2.6216114e-07,-2.6212373e-07,-2.6213115e-07,0.9895856,3.2656324,0.046401864463246616
2.0,0.014505758714438663,-1.4177714e-07,-0.9897916,-2.6189667e-07,-2.6189667e-07,-2.619737e-07,-2.6192666e-07,0.9895856,3.2656324,0.04643418069020584
2.0,0.014515758714438663,-7.7169325e-08,-0.98979163,-2.6216114e-07,-2.6216114e-07,-2.6212373e-07,-2.6213115e-07,0.9895856,3.2656324,0.04646649691716507
2.0,0.014525758714438662,-1.4177719e-07,-0.9897916,-2.6189667e-07,-2.6189667e-07,-2.619737e-07,-2.6192666e-07,0.9895856,3.2656324,0.046498813144124296
2.0,0.014535758714438664,-7.7169275e-08,-0.98979163,-2.6216114e-07,-2.6216114e-07,-2.6212373e-07,-2.6213115e-07,0.9895856,3.2656324,0.04653112937108352
2.0,0.014545758714438663,-1.4177725e-07,-0.9897916,-2.6189667e-07,-2.6189667e-07,-2.619737e-07,-2.6192666e-07,0.9895856,3.2656324,0.04656344559804275
2.0,0.014555758714438663,-7.716923e-08,-0.98979163,-2.6216114e-07,-2.6216114e-07,-2.6212373e-07,-2.6213115e-07,0.9895856,3.2656324,0.046595761825001976
2.0,0.014565758714438663,-1.417773e-07,-0.9897916,-2.6189667e-07,-2.6189667e-07,-2.619737e-07,-2.619267e-07,0.9895856,3.2656324,0.0466280780519612
2.0,0.014575758714438664,-7.716918e-08,-0.98979163,-2.6216114e-07,-2.6216114e-07,-2.6212373e-07,-2.6213115e-07,0.9895856,3.2656324,0.04666039427892043
2.0,0.014585758714438663,-1.4177738e-07,-0.9897916,-2.6189667e-07,-2.6189667e-07,-2.619737e-07,-2.619267e-07,0.9895856,3.2656324,0.046692710505879656
2.0,0.014595758714438663,-7.716914e-08,-0.98979163,-2.6216114e-07,-2.6216114e-07,-2.6212373e-07,-2.6213115e-07,0.9895856,3.2656324,0.04672502673283888
2.0,0.014605758714438663,-1.4177743e-07,-0.9897916,-2.6189667e-07,-2.6189667e-07,-2.619737e-07,-2.619267e-07,0.9895856,3.2656324,0.04675734295979811
2.0,0.014615758714438664,-7.716909e-08,-0.98979163,-2.6216114e-07,-2.6216114e-07,-2.6212373e-07,-2.6213115e-07,0.9895856,3.2656324,0.046789659186757336
2.0,0.014625758714438664,-1.4177749e-07,-0.9897916,-2.6189667e-07,-2.6189667e-07,-2.619737e-07,-2.619267e-07,0.9895856,3.2656324,0.04682197541371656
2.0,0.014635758714438663,-7.716904e-08,-0.98979163,-2.6216114e-07,-2.6216114e-07,-2.621237e-07,-2.6213115e-07,0.9895856,3.2656324,0.04685429164067579
2.0,0.014645758714438663,-1.4177755e-07,-0.9897916,-2.6189667e-07,-2.6189667e-07,-2.619737e-07,-2.619267e-07,0.9895856,3.2656324,0.046886607867635016
2.0,0.014655758714438662,-7.7169e-08,-0.98979163,-2.6216114e-07,-2.6216114e-07,-2.621237e-07,-2.6213115e-07,0.9895856,3.2656324,0.04691892409459424
2.0,0.014665758714438664,-1.417776e-07,-0.9897916,-2.6189667e-07,-2.6189667e-07,-2.619737e-07,-2.619267e-07,0.9895856,3.2656324,0.04695124032155347
2.0,0.014675758714438663,-7.716895e-08,-0.98979163,-2.6216114e-07,-2.6216114e-07,-2.621237e-07,-2.6213115e-07,0.9895856,3.2656324,0.046983556548512696
2.0,0.014685758714438663,-1.4177768e-07,-0.9897916,-2.6189667e-07,-2.6189667e-07,-2.6197372e-07,-2.619267e-07,0.9895856,3.2656324,0.04701587277547192
2.0,0.014695758714438662,-7.71689e-08,-0.98979163,-2.6216114e-07,-2.6216114e-07,-2.621237e-07,-2.6213115e-07,0.9895856,3.2656324,0.04704818900243115
2.0,0.014705758714438664,-1.4177773e-07,-0.9897916,-2.6189667e-07,-2.6189667e-07,-2.6197372e-07,-2.619267e-07,0.9895856,3.2656324,0.047080505229390376
2.0,0.014715758714438663,-7.716885e-08,-0.98979163,-2.6216114e-07,-2.6216114e-07,-2.621237e-07,-2.6213115e-07,0.9895856,3.2656324,0.0471128214563496
2.0,0.014725758714438663,-1.4177779e-07,-0.9897916,-2.6189667e-07,-2.6189667e-07,-2.6197372e-07,-2.619267e-07,0.9895856,3.2656324,0.04714513768330883
2.0,0.014735758714438663,-7.71688e-08,-0.98979163,-2.6216114e-07,-2.6216114e-07,-2.621237e-07,-2.6213115e-07,0.9895856,3.2656324,0.047177453910268057
2.0,0.014745758714438664,-1.4177785e-07,-0.9897916,-2.6189667e-07,-2.6189667e-07,-2.6197372e-07,-2.619267e-07,0.9895856,3.2656324,0.04720977013722728
2.0,0.014755758714438664,-7.716875e-08,-0.98979163,-2.6216114e-07,-2.6216114e-07,-2.621237e-07,-2.6213115e-07,0.9895856,3.2656324,0.04724208636418651
2.0,0.014765758714438663,-1.4177792e-07,-0.9897916,-2.6189667e-07,-2.6189667e-07,-2.6197372e-07,-2.619267e-07,0.9895856,3.2656324,0.04727440259114574
2.0,0.014775758714438663,-7.71687e-08,-0.98979163,-2.6216114e-07,-2.6216114e-07,-2.621237e-07,-2.6213115e-07,0.9895856,3.2656324,0.04730671881810496
2.0,0.014785758714438664,-1.4177797e-07,-0.9897916,-2.6189667e-07,-2.6189667e-07,-2.6197372e-07,-2.619267e-07,0.9895856,3.2656324,0.04733903504506419
2.0,0.014795758714438664,-7.716864e-08,-0.98979163,-2.6216114e-07,-2.6216114e-07,-2.621237e-07,-2.6213115e-07,0.9895856,3.2656324,0.04737135127202342
2.0,0.014805758714438663,-1.4177803e-07,-0.9897916,-2.6189667e-07,-2.6189667e-07,-2.6197372e-07,-2.619267e-07,0.9895856,3.2656324,0.04740366749898264
2.0,0.014815758714438663,-7.716859e-08,-0.98979163,-2.6216114e-07,-2.6216114e-07,-2.621237e-07,-2.6213115e-07,0.9895856,3.2656324,0.04743598372594187
2.0,0.014825758714438662,-1.4177809e-07,-0.9897916,-2.6189667e-07,-2.6189667e-07,-2.6197372e-07,-2.619267e-07,0.9895856,3.2656324,0.0474682999529011
2.0,0.014835758714438664,-7.7168544e-08,-0.98979163,-2.6216114e-07,-2.6216114e-07,-2.621237e-07,-2.6213115e-07,0.9895856,3.2656324,0.047500616179860324
2.0,0.014845758714438663,-1.4177816e-07,-0.9897916,-2.6189667e-07,-2.6189667e-07,-2.6197372e-07,-2.619267e-07,0.9895856,3.2656324,0.04753293240681955
2.0,0.014855758714438663,-7.7168494e-08,-0.98979163,-2.6216114e-07,-2.6216114e-07,-2.621237e-07,-2.6213115e-07,0.9895856,3.2656324,0.04756524863377878
2.0,0.014865758714438662,-1.4177822e-07,-0.9897916,-2.6189667e-07,-2.6189667e-07,-2.6197372e-07,-2.619267e-07,0.9895856,3.2656324,0.047597564860738004
2.0,0.014875758714438664,-7.716844e-08,-0.98979163,-2.6216114e-07,-2.6216114e-07,-2.621237e-07,-2.6213115e-07,0.9895856,3.2656324,0.04762988108769723
2.0,0.014885758714438663,-1.4177827e-07,-0.9897916,-2.6189667e-07,-2.6189667e-07,-2.6197372e-07,-2.619267e-07,0.9895856,3.2656324,0.04766219731465646
2.0,0.014895758714438663,-7.716839e-08,-0.98979163,-2.6216114e-07,-2.6216114e-07,-2.621237e-07,-2.6213115e-07,0.9895856,3.2656324,0.047694513541615684
2.0,0.014905758714438663,-1.4177834e-07,-0.9897916,-2.6189667e-07,-2.6189667e-07,-2.6197372e-07,-2.619267e-07,0.9895856,3.2656324,0.04772682976857491
2.0,0.014915758714438664,-7.716833e-08,-0.98979163,-2.621611e-07,-2.621611e-07,-2.621237e-07,-2.6213115e-07,0.9895856,3.2656324,0.04775914599553414
2.0,0.014925758714438664,-1.417784e-07,-0.9897916,-2.6189667e-07,-2.6189667e-07,-2.6197372e-07,-2.619267e-07,0.9895856,3.2656324,0.047791462222493364
2.0,0.014935758714438663,-7.716828e-08,-0.98979163,-2.621611e-07,-2.621611e-07,-2.621237e-07,-2.6213115e-07,0.9895856,3.2656324,0.04782377844945259
2.0,0.014945758714438663,-1.4177846e-07,-0.9897916,-2.6189667e-07,-2.6189667e-07,-2.6197372e-07,-2.619267e-07,0.9895856,3.2656324,0.04785609467641182
2.0,0.014955758714438664,-7.7168224e-08,-0.98979163,-2.621611e-07,-2.621611e-07,-2.621237e-07,-2.6213115e-07,0.9895856,3.2656324,0.047888410903371044
2.0,0.014965758714438664,-1.4177853e-07,-0.9897916,-2.6189667e-07,-2.6189667e-07,-2.6197372e-07,-2.619267e-07,0.9895856,3.2656324,0.04792072713033027
2.0,0.014975758714438663,-7.7168174e-08,-0.98979163,-2.621611e-07,-2.621611e-07,-2.621237e-07,-2.6213115e-07,0.9895856,3.2656324,0.0479530433572895
2.0,0.014985758714438663,-1.4177859e-07,-0.9897916,-2.618967e-07,-2.618967e-07,-2.6197372e-07,-2.619267e-07,0.9895856,3.2656324,0.047985359584248724
2.0,0.014995758714438662,-7.716812e-08,-0.98979163,-2.621611e-07,-2.621611e-07,-2.621237e-07,-2.6213115e-07,0.9895856,3.2656324,0.04801767581120795
2.0,0.015005758714438664,-1.4177864e-07,-0.9897916,-2.618967e-07,-2.618967e-07,-2.6197372e-07,-2.619267e-07,0.9895856,3.2656324,0.04804999203816718
2.0,0.015015758714438663,-7.716806e-08,-0.98979163,-2.621611e-07,-2.621611e-07,-2.621237e-07,-2.6213115e-07,0.9895856,3.2656324,0.048082308265126404
2.0,0.015025758714438663,-1.4177871e-07,-0.9897916,-2.618967e-07,-2.618967e-07,-2.6197372e-07,-2.619267e-07,0.9895856,3.2656324,0.04811462449208563
2.0,0.015035758714438663,-7.716801e-08,-0.98979163,-2.621611e-07,-2.621611e-07,-2.621237e-07,-2.6213115e-07,0.9895856,3.2656324,0.04814694071904486
2.0,0.015045758714438664,-1.4177877e-07,-0.9897916,-2.618967e-07,-2.618967e-07,-2.6197372e-07,-2.619267e-07,0.9895856,3.2656324,0.048179256946004084
2.0,0.015055758714438663,-7.7167954e-08,-0.98979163,-2.621611e-07,-2.621611e-07,-2.621237e-07,-2.6213115e-07,0.9895856,3.2656324,0.04821157317296331
2.0,0.015065758714438663,-1.4177883e-07,-0.9897916,-2.618967e-07,-2.618967e-07,-2.6197372e-07,-2.619267e-07,0.9895856,3.2656324,0.04824388939992254
2.0,0.015075758714438663,-7.71679e-08,-0.98979163,-2.621611e-07,-2.621611e-07,-2.621237e-07,-2.6213115e-07,0.9895856,3.2656324,0.048276205626881764
2.0,0.015085758714438664,-1.417789e-07,-0.9897916,-2.618967e-07,-2.618967e-07,-2.6197372e-07,-2.619267e-07,0.9895856,3.2656324,0.04830852185384099
2.0,0.015095758714438664,-7.716784e-08,-0.98979163,-2.621611e-07,-2.621611e-07,-2.621237e-07,-2.6213115e-07,0.9895856,3.2656324,0.04834083808080022
2.0,0.015105758714438663,-1.4177895e-07,-0.9897916,-2.618967e-07,-2.618967e-07,-2.6197372e-07,-2.619267e-07,0.9895856,3.2656324,0.048373154307759444
2.0,0.015115758714438663,-7.716778e-08,-0.98979163,-2.621611e-07,-2.621611e-07,-2.621237e-07,-2.6213115e-07,0.9895856,3.2656324,0.04840547053471867
2.0,0.015125758714438662,-1.4177901e-07,-0.9897916,-2.618967e-07,-2.618967e-07,-2.6197372e-07,-2.619267e-07,0.9895856,3.2656324,0.0484377867616779
2.0,0.015135758714438664,-7.7167726e-08,-0.98979163,-2.621611e-07,-2.621611e-07,-2.621237e-07,-2.6213115e-07,0.9895856,3.2656324,0.048470102988637125
2.0,0.015145758714438663,-1.4177908e-07,-0.9897916,-2.618967e-07,-2.618967e-07,-2.6197372e-07,-2.619267e-07,0.9895856,3.2656324,0.04850241921559635
2.0,0.015155758714438663,-7.716767e-08,-0.98979163,-2.621611e-07,-2.621611e-07,-2.621237e-07,-2.6213115e-07,0.9895856,3.2656324,0.04853473544255558
2.0,0.015165758714438662,-1.4177914e-07,-0.9897916,-2.618967e-07,-2.618967e-07,-2.6197372e-07,-2.619267e-07,0.9895856,3.2656324,0.048567051669514805
2.0,0.015175758714438664,-7.716761e-08,-0.98979163,-2.621611e-07,-2.621611e-07,-2.621237e-07,-2.6213115e-07,0.9895856,3.2656324,0.04859936789647403
2.0,0.015185758714438663,-1.417792e-07,-0.9897916,-2.618967e-07,-2.618967e-07,-2.6197372e-07,-2.619267e-07,0.9895856,3.2656324,0.04863168412343326
2.0,0.015195758714438663,-7.7167556e-08,-0.98979163,-2.621611e-07,-2.621611e-07,-2.621237e-07,-2.6213115e-07,0.9895856,3.2656324,0.048664000350392485
2.0,0.015205758714438663,-1.4177927e-07,-0.9897916,-2.618967e-07,-2.618967e-07,-2.6197372e-07,-2.619267e-07,0.9895856,3.2656324,0.04869631657735171
2.0,0.015215758714438664,-7.71675e-08,-0.98979163,-2.621611e-07,-2.621611e-07,-2.621237e-07,-2.6213115e-07,0.9895856,3.2656324,0.04872863280431094
2.0,0.015225758714438663,-1.4177932e-07,-0.9897916,-2.618967e-07,-2.618967e-07,-2.6197372e-07,-2.619267e-07,0.9895856,3.2656324,0.048760949031270165
2.0,0.015235758714438663,-7.716744e-08,-0.98979163,-2.621611e-07,-2.621611e-07,-2.621237e-07,-2.6213115e-07,0.9895856,3.2656324,0.04879326525822939
2.0,0.015245758714438663,-1.417794e-07,-0.9897916,-2.618967e-07,-2.618967e-07,-2.6197372e-07,-2.619267e-07,0.9895856,3.2656324,0.04882558148518862
2.0,0.015255758714438664,-7.7167385e-08,-0.98979163,-2.621611e-07,-2.621611e-07,-2.621237e-07,-2.6213115e-07,0.9895856,3.2656324,0.048857897712147845
2.0,0.015265758714438664,-1.4177945e-07,-0.9897916,-2.618967e-07,-2.618967e-07,-2.6197372e-07,-2.619267e-07,0.9895856,3.2656324,0.04889021393910707
2.0,0.015275758714438663,-7.716733e-08,-0.98979163,-2.621611e-07,-2.621611e-07,-2.621237e-07,-2.6213115e-07,0.9895856,3.2656324,0.0489225301660663
2.0,0.015285758714438663,-1.4177951e-07,-0.9897916,-2.618967e-07,-2.618967e-07,-2.6197372e-07,-2.619267e-07,0.9895856,3.2656324,0.048954846393025525
2.0,0.015295758714438662,-7.716727e-08,-0.98979163,-2.621611e-07,-2.621611e-07,-2.621237e-07,-2.6213115e-07,0.9895856,3.2656324,0.04898716261998475
2.0,0.015305758714438664,-1.4177958e-07,-0.9897916,-2.618967e-07,-2.618967e-07,-2.6197372e-07,-2.619267e-07,0.9895856,3.2656324,0.04901947884694398
2.0,0.015315758714438663,-7.716721e-08,-0.98979163,-2.621611e-07,-2.621611e-07,-2.621237e-07,-2.6213115e-07,0.9895856,3.2656324,0.049051795073903205
2.0,0.015325758714438663,-1.4177964e-07,-0.9897916,-2.618967e-07,-2.618967e-07,-2.6197372e-07,-2.619267e-07,0.9895856,3.2656324,0.04908411130086243
2.0,0.015335758714438662,-7.716715e-08,-0.98979163,-2.621611e-07,-2.621611e-07,-2.621237e-07,-2.6213115e-07,0.9895856,3.2656324,0.04911642752782166
2.0,0.015345758714438664,-1.4177971e-07,-0.9897916,-2.618967e-07,-2.618967e-07,-2.6197372e-07,-2.619267e-07,0.9895856,3.2656324,0.049148743754780885
2.0,0.015355758714438663,-7.7167094e-08,-0.98979163,-2.621611e-07,-2.621611e-07,-2.621237e-07,-2.6213115e-07,0.9895856,3.2656324,0.04918105998174011
2.0,0.015365758714438663,-1.4177976e-07,-0.9897916,-2.618967e-07,-2.618967e-07,-2.6197372e-07,-2.619267e-07,0.9895856,3.2656324,0.04921337620869934
2.0,0.015375758714438663,-7.716703e-08,-0.98979163,-2.621611e-07,-2.621611e-07,-2.621237e-07,-2.6213115e-07,0.9895856,3.2656324,0.049245692435658565
2.0,0.015385758714438664,-1.4177984e-07,-0.9897916,-2.618967e-07,-2.618967e-07,-2.6197372e-07,-2.619267e-07,0.9895856,3.2656324,0.04927800866261779
2.0,0.015395758714438663,-7.716697e-08,-0.98979163,-2.621611e-07,-2.621611e-07,-2.621237e-07,-2.6213115e-07,0.9895856,3.2656324,0.04931032488957702
2.0,0.015405758714438663,-1.4177989e-07,-0.9897916,-2.618967e-07,-2.618967e-07,-2.6197372e-07,-2.619267e-07,0.9895856,3.2656324,0.049342641116536246
2.0,0.015415758714438663,-7.7166916e-08,-0.98979163,-2.621611e-07,-2.621611e-07,-2.621237e-07,-2.6213115e-07,0.9895856,3.2656324,0.04937495734349547
2.0,0.015425758714438664,-1.4177996e-07,-0.9897916,-2.618967e-07,-2.618967e-07,-2.6197372e-07,-2.619267e-07,0.9895856,3.2656324,0.0494072735704547
2.0,0.015435758714438664,-7.716685e-08,-0.98979163,-2.621611e-07,-2.621611e-07,-2.6212368e-07,-2.6213115e-07,0.9895856,3.2656324,0.049439589797413926
2.0,0.015445758714438663,-1.4178002e-07,-0.9897916,-2.618967e-07,-2.618967e-07,-2.6197372e-07,-2.619267e-07,0.9895856,3.2656324,0.04947190602437315
2.0,0.015455758714438663,-7.7166796e-08,-0.98979163,-2.621611e-07,-2.621611e-07,-2.6212368e-07,-2.6213115e-07,0.9895856,3.2656324,0.04950422225133238
2.0,0.015465758714438662,-1.4178009e-07,-0.9897916,-2.618967e-07,-2.618967e-07,-2.6197375e-07,-2.619267e-07,0.9895856,3.2656324,0.049536538478291606
2.0,0.015475758714438664,-7.716673e-08,-0.98979163,-2.621611e-07,-2.621611e-07,-2.6212368e-07,-2.6213115e-07,0.9895856,3.2656324,0.04956885470525083
2.0,0.015485758714438663,-1.4178015e-07,-0.9897916,-2.618967e-07,-2.618967e-07,-2.6197375e-07,-2.619267e-07,0.9895856,3.2656324,0.04960117093221006
2.0,0.015495758714438663,-7.7166675e-08,-0.98979163,-2.621611e-07,-2.621611e-07,-2.6212368e-07,-2.6213115e-07,0.9895856,3.2656324,0.049633487159169286
2.0,0.015505758714438662,-1.4178022e-07,-0.9897916,-2.618967e-07,-2.618967e-07,-2.6197375e-07,-2.619267e-07,0.9895856,3.2656324,0.04966580338612851
2.0,0.015515758714438664,-7.716661e-08,-0.98979163,-2.621611e-07,-2.621611e-07,-2.6212368e-07,-2.6213115e-07,0.9895856,3.2656324,0.04969811961308774
2.0,0.015525758714438663,-1.4178028e-07,-0.9897916,-2.618967e-07,-2.618967e-07,-2.6197375e-07,-2.619267e-07,0.9895856,3.2656324,0.049730435840046966
2.0,0.015535758714438663,-7.7166554e-08,-0.98979163,-2.621611e-07,-2.621611e-07,-2.6212368e-07,-2.6213115e-07,0.9895856,3.2656324,0.04976275206700619
2.0,0.015545758714438663,-1.4178035e-07,-0.9897916,-2.618967e-07,-2.618967e-07,-2.6197375e-07,-2.619267e-07,0.9895856,3.2656324,0.04979506829396542
2.0,0.015555758714438664,-7.716649e-08,-0.98979163,-2.621611e-07,-2.621611e-07,-2.6212368e-07,-2.6213115e-07,0.9895856,3.2656324,0.049827384520924646
2.0,0.015565758714438663,-1.417804e-07,-0.9897916,-2.618967e-07,-2.618967e-07,-2.6197375e-07,-2.619267e-07,0.9895856,3.2656324,0.04985970074788387
2.0,0.015575758714438663,-7.716643e-08,-0.98979163,-2.621611e-07,-2.621611e-07,-2.6212368e-07,-2.6213115e-07,0.9895856,3.2656324,0.0498920169748431
2.0,0.015585758714438663,-1.4178048e-07,-0.9897916,-2.618967e-07,-2.618967e-07,-2.6197375e-07,-2.619267e-07,0.9895856,3.2656324,0.049924333201802326
2.0,0.015595758714438664,-7.716637e-08,-0.98979163,-2.621611e-07,-2.621611e-07,-2.6212368e-07,-2.6213115e-07,0.9895856,3.2656324,0.04995664942876155
2.0,0.015605758714438664,-1.4178053e-07,-0.9897916,-2.618967e-07,-2.618967e-07,-2.6197375e-07,-2.619267e-07,0.9895856,3.2656324,0.04998896565572078
2.0,0.015615758714438663,-7.7166305e-08,-0.98979163,-2.621611e-07,-2.621611e-07,-2.6212368e-07,-2.6213115e-07,0.9895856,3.2656324,0.050021281882680006
2.0,0.015625758714438664,-1.417806e-07,-0.9897916,-2.618967e-07,-2.618967e-07,-2.6197375e-07,-2.619267e-07,0.9895856,3.2656324,0.05005359810963923
2.0,0.015635758714438664,-7.716625e-08,-0.98979163,-2.621611e-07,-2.621611e-07,-2.6212368e-07,-2.6213115e-07,0.9895856,3.2656324,0.05008591433659846
2.0,0.015645758714438664,-1.4178066e-07,-0.9897916,-2.618967e-07,-2.618967e-07,-2.6197375e-07,-2.619267e-07,0.9895856,3.2656324,0.050118230563557686
2.0,0.015655758714438663,-7.7166185e-08,-0.98979163,-2.621611e-07,-2.621611e-07,-2.6212368e-07,-2.6213115e-07,0.9895856,3.2656324,0.05015054679051691
2.0,0.015665758714438663,-1.4178073e-07,-0.9897916,-2.618967e-07,-2.618967e-07,-2.6197375e-07,-2.619267e-07,0.9895856,3.2656324,0.05018286301747614
2.0,0.015675758714438662,-7.716612e-08,-0.98979163,-2.621611e-07,-2.621611e-07,-2.6212368e-07,-2.6213115e-07,0.9895856,3.2656324,0.050215179244435366
2.0,0.015685758714438662,-1.4178079e-07,-0.9897916,-2.618967e-07,-2.618967e-07,-2.6197375e-07,-2.619267e-07,0.9895856,3.2656324,0.05024749547139459
2.0,0.01569575871443866,-7.716606e-08,-0.98979163,-2.621611e-07,-2.621611e-07,-2.6212368e-07,-2.6213115e-07,0.9895856,3.2656324,0.05027981169835383
2.0,0.015705758714438665,-1.4178086e-07,-0.9897916,-2.618967e-07,-2.618967e-07,-2.6197375e-07,-2.619267e-07,0.9895856,3.2656324,0.05031212792531306
2.0,0.015715758714438664,-7.7166e-08,-0.98979163,-2.621611e-07,-2.621611e-07,-2.6212368e-07,-2.6213115e-07,0.9895856,3.2656324,0.05034444415227229
2.0,0.015725758714438664,-1.4178092e-07,-0.9897916,-2.618967e-07,-2.618967e-07,-2.6197375e-07,-2.619267e-07,0.9895856,3.2656324,0.050376760379231514
2.0,0.015735758714438663,-7.7165936e-08,-0.98979163,-2.621611e-07,-2.621611e-07,-2.6212368e-07,-2.6213115e-07,0.9895856,3.2656324,0.05040907660619074
2.0,0.015745758714438663,-1.4178099e-07,-0.9897916,-2.618967e-07,-2.618967e-07,-2.6197375e-07,-2.619267e-07,0.9895856,3.2656324,0.05044139283314997
2.0,0.015755758714438663,-7.716587e-08,-0.98979163,-2.621611e-07,-2.621611e-07,-2.6212368e-07,-2.6213115e-07,0.9895856,3.2656324,0.050473709060109194
2.0,0.015765758714438662,-1.4178106e-07,-0.9897916,-2.618967e-07,-2.618967e-07,-2.6197375e-07,-2.619267e-07,0.9895856,3.2656324,0.05050602528706842
2.0,0.015775758714438662,-7.716581e-08,-0.98979163,-2.621611e-07,-2.621611e-07,-2.6212368e-07,-2.6213115e-07,0.9895856,3.2656324,0.05053834151402765
2.0,0.01578575871443866,-1.4178111e-07,-0.9897916,-2.618967e-07,-2.618967e-07,-2.6197375e-07,-2.619267e-07,0.9895856,3.2656324,0.05057065774098688
2.0,0.015795758714438664,-7.7165744e-08,-0.98979163,-2.621611e-07,-2.621611e-07,-2.6212368e-07,-2.6213115e-07,0.9895856,3.2656324,0.050602973967946115
2.0,0.015805758714438664,-1.4178119e-07,-0.9897916,-2.618967e-07,-2.618967e-07,-2.6197375e-07,-2.619267e-07,0.9895856,3.2656324,0.05063529019490534
2.0,0.015815758714438664,-7.716568e-08,-0.98979163,-2.621611e-07,-2.621611e-07,-2.6212368e-07,-2.6213115e-07,0.9895856,3.2656324,0.05066760642186457
2.0,0.015825758714438663,-1.4178124e-07,-0.9897916,-2.618967e-07,-2.618967e-07,-2.6197375e-07,-2.619267e-07,0.9895856,3.2656324,0.050699922648823795
2.0,0.015835758714438663,-7.7165616e-08,-0.98979163,-2.621611e-07,-2.621611e-07,-2.6212368e-07,-2.6213115e-07,0.9895856,3.2656324,0.05073223887578302
2.0,0.015845758714438662,-1.4178131e-07,-0.9897916,-2.618967e-07,-2.618967e-07,-2.6197375e-07,-2.619267e-07,0.9895856,3.2656324,0.05076455510274225
2.0,0.015855758714438662,-7.716556e-08,-0.98979163,-2.621611e-07,-2.621611e-07,-2.6212368e-07,-2.6213115e-07,0.9895856,3.2656324,0.050796871329701475
2.0,0.01586575871443866,-1.4178138e-07,-0.9897916,-2.618967e-07,-2.618967e-07,-2.6197375e-07,-2.619267e-07,0.9895856,3.2656324,0.05082918755666071
2.0,0.015875758714438665,-7.7165495e-08,-0.98979163,-2.621611e-07,-2.621611e-07,-2.6212368e-07,-2.6213115e-07,0.9895856,3.2656324,0.05086150378361994
2.0,0.015885758714438664,-1.4178144e-07,-0.9897916,-2.618967e-07,-2.618967e-07,-2.6197375e-07,-2.619267e-07,0.9895856,3.2656324,0.05089382001057917
2.0,0.015895758714438664,-7.716543e-08,-0.98979163,-2.621611e-07,-2.621611e-07,-2.6212368e-07,-2.6213112e-07,0.9895856,3.2656324,0.050926136237538396
2.0,0.015905758714438663,-1.4178151e-07,-0.9897916,-2.618967e-07,-2.618967e-07,-2.6197375e-07,-2.619267e-07,0.9895856,3.2656324,0.05095845246449762
2.0,0.015915758714438663,-7.716537e-08,-0.98979163,-2.621611e-07,-2.621611e-07,-2.6212368e-07,-2.6213112e-07,0.9895856,3.2656324,0.05099076869145685
2.0,0.015925758714438663,-1.4178157e-07,-0.9897916,-2.618967e-07,-2.618967e-07,-2.6197375e-07,-2.619267e-07,0.9895856,3.2656324,0.051023084918416076
2.0,0.015935758714438662,-7.71653e-08,-0.98979163,-2.621611e-07,-2.621611e-07,-2.6212368e-07,-2.6213112e-07,0.9895856,3.2656324,0.0510554011453753
2.0,0.015945758714438662,-1.4178164e-07,-0.9897916,-2.618967e-07,-2.618967e-07,-2.6197375e-07,-2.619267e-07,0.9895856,3.2656324,0.05108771737233453
2.0,0.01595575871443866,-7.716524e-08,-0.98979163,-2.621611e-07,-2.621611e-07,-2.6212368e-07,-2.6213112e-07,0.9895856,3.2656324,0.05112003359929376
2.0,0.015965758714438665,-1.4178171e-07,-0.9897916,-2.618967e-07,-2.618967e-07,-2.6197375e-07,-2.619267e-07,0.9895856,3.2656324,0.051152349826252996
2.0,0.015975758714438664,-7.7165176e-08,-0.98979163,-2.621611e-07,-2.621611e-07,-2.6212368e-07,-2.6213112e-07,0.9895856,3.2656324,0.05118466605321222
2.0,0.015985758714438664,-1.4178177e-07,-0.9897916,-2.618967e-07,-2.618967e-07,-2.6197375e-07,-2.6192671e-07,0.9895856,3.2656324,0.05121698228017145
2.0,0.015995758714438663,-7.716511e-08,-0.98979163,-2.621611e-07,-2.621611e-07,-2.6212368e-07,-2.6213112e-07,0.9895856,3.2656324,0.051249298507130676
2.0,0.016005758714438663,-1.4178184e-07,-0.9897916,-2.618967e-07,-2.618967e-07,-2.6197375e-07,-2.6192671e-07,0.9895856,3.2656324,0.0512816147340899
2.0,0.016015758714438662,-7.716504e-08,-0.98979163,-2.621611e-07,-2.621611e-07,-2.6212368e-07,-2.6213112e-07,0.9895856,3.2656324,0.05131393096104913
2.0,0.016025758714438662,-1.4178191e-07,-0.9897916,-2.618967e-07,-2.618967e-07,-2.6197375e-07,-2.6192671e-07,0.9895856,3.2656324,0.051346247188008357
2.0,0.01603575871443866,-7.716498e-08,-0.98979163,-2.621611e-07,-2.621611e-07,-2.6212368e-07,-2.6213112e-07,0.9895856,3.2656324,0.05137856341496759
2.0,0.016045758714438665,-1.4178197e-07,-0.9897916,-2.618967e-07,-2.618967e-07,-2.6197375e-07,-2.6192671e-07,0.9895856,3.2656324,0.051410879641926824
2.0,0.016055758714438664,-7.716491e-08,-0.98979163,-2.621611e-07,-2.621611e-07,-2.6212368e-07,-2.6213112e-07,0.9895856,3.2656324,0.05144319586888605
2.0,0.016065758714438664,-1.4178204e-07,-0.9897916,-2.618967e-07,-2.618967e-07,-2.6197375e-07,-2.6192671e-07,0.9895856,3.2656324,0.05147551209584528
2.0,0.016075758714438663,-7.716485e-08,-0.98979163,-2.621611e-07,-2.621611e-07,-2.6212368e-07,-2.6213112e-07,0.9895856,3.2656324,0.051507828322804504
2.0,0.016085758714438663,-1.4178211e-07,-0.9897916,-2.618967e-07,-2.618967e-07,-2.6197375e-07,-2.6192671e-07,0.9895856,3.2656324,0.05154014454976373
2.0,0.016095758714438663,-7.7164785e-08,-0.98979163,-2.621611e-07,-2.621611e-07,-2.6212368e-07,-2.6213112e-07,0.9895856,3.2656324,0.05157246077672296
2.0,0.016105758714438662,-1.4178217e-07,-0.9897916,-2.618967e-07,-2.618967e-07,-2.6197375e-07,-2.6192671e-07,0.9895856,3.2656324,0.051604777003682184
2.0,0.016115758714438662,-7.716472e-08,-0.98979163,-2.621611e-07,-2.621611e-07,-2.6212368e-07,-2.6213112e-07,0.9895856,3.2656324,0.05163709323064141
2.0,0.01612575871443866,-1.4178224e-07,-0.9897916,-2.618967e-07,-2.618967e-07,-2.6197375e-07,-2.6192671e-07,0.9895856,3.2656324,0.051669409457600644
2.0,0.016135758714438665,-7.716466e-08,-0.98979163,-2.621611e-07,-2.621611e-07,-2.6212368e-07,-2.6213112e-07,0.9895856,3.2656324,0.05170172568455988
2.0,0.016145758714438664,-1.4178231e-07,-0.9897916,-2.618967e-07,-2.618967e-07,-2.6197375e-07,-2.6192671e-07,0.9895856,3.2656324,0.051734041911519105
2.0,0.016155758714438664,-7.7164586e-08,-0.98979163,-2.6216108e-07,-2.6216108e-07,-2.6212368e-07,-2.6213112e-07,0.9895856,3.2656324,0.05176635813847833
2.0,0.016165758714438663,-1.4178237e-07,-0.9897916,-2.618967e-07,-2.618967e-07,-2.6197375e-07,-2.6192671e-07,0.9895856,3.2656324,0.05179867436543756
2.0,0.016175758714438663,-7.716452e-08,-0.98979163,-2.6216108e-07,-2.6216108e-07,-2.6212368e-07,-2.6213112e-07,0.9895856,3.2656324,0.051830990592396785
2.0,0.016185758714438662,-1.4178244e-07,-0.9897916,-2.618967e-07,-2.6189673e-07,-2.6197375e-07,-2.6192671e-07,0.9895856,3.2656324,0.05186330681935601
2.0,0.016195758714438662,-7.716446e-08,-0.98979163,-2.6216108e-07,-2.6216108e-07,-2.6212368e-07,-2.6213112e-07,0.9895856,3.2656324,0.05189562304631524
2.0,0.01620575871443866,-1.4178251e-07,-0.9897916,-2.6189673e-07,-2.6189673e-07,-2.6197375e-07,-2.6192671e-07,0.9895856,3.2656324,0.05192793927327447
2.0,0.016215758714438665,-7.7164394e-08,-0.98979163,-2.6216108e-07,-2.6216108e-07,-2.6212365e-07,-2.6213112e-07,0.9895856,3.2656324,0.051960255500233705
2.0,0.016225758714438664,-1.4178258e-07,-0.9897916,-2.6189673e-07,-2.6189673e-07,-2.6197375e-07,-2.6192671e-07,0.9895856,3.2656324,0.05199257172719293
2.0,0.016235758714438664,-7.716432e-08,-0.98979163,-2.6216108e-07,-2.6216108e-07,-2.6212365e-07,-2.6213112e-07,0.9895856,3.2656324,0.05202488795415216
2.0,0.016245758714438664,-1.4178264e-07,-0.9897916,-2.6189673e-07,-2.6189673e-07,-2.6197378e-07,-2.6192671e-07,0.9895856,3.2656324,0.052057204181111386
2.0,0.016255758714438663,-7.716426e-08,-0.98979163,-2.6216108e-07,-2.6216108e-07,-2.6212365e-07,-2.6213112e-07,0.9895856,3.2656324,0.05208952040807061
2.0,0.016265758714438663,-1.417827e-07,-0.9897916,-2.6189673e-07,-2.6189673e-07,-2.6197378e-07,-2.6192671e-07,0.9895856,3.2656324,0.05212183663502984
2.0,0.016275758714438662,-7.7164195e-08,-0.98979163,-2.6216108e-07,-2.6216108e-07,-2.6212365e-07,-2.6213112e-07,0.9895856,3.2656324,0.052154152861989066
2.0,0.016285758714438662,-1.4178278e-07,-0.9897916,-2.6189673e-07,-2.6189673e-07,-2.6197378e-07,-2.6192671e-07,0.9895856,3.2656324,0.05218646908894829
2.0,0.01629575871443866,-7.716413e-08,-0.98979163,-2.6216108e-07,-2.6216108e-07,-2.6212365e-07,-2.6213112e-07,0.9895856,3.2656324,0.052218785315907526
2.0,0.016305758714438665,-1.4178283e-07,-0.9897916,-2.6189673e-07,-2.6189673e-07,-2.6197378e-07,-2.6192671e-07,0.9895856,3.2656324,0.05225110154286676
2.0,0.016315758714438664,-7.716406e-08,-0.98979163,-2.6216108e-07,-2.6216108e-07,-2.6212365e-07,-2.6213112e-07,0.9895856,3.2656324,0.052283417769825986
2.0,0.016325758714438664,-1.417829e-07,-0.9897916,-2.6189673e-07,-2.6189673e-07,-2.6197378e-07,-2.6192671e-07,0.9895856,3.2656324,0.05231573399678521
2.0,0.016335758714438663,-7.7163996e-08,-0.98979163,-2.6216108e-07,-2.6216108e-07,-2.6212365e-07,-2.6213112e-07,0.9895856,3.2656324,0.05234805022374444
2.0,0.016345758714438663,-1.4178298e-07,-0.9897916,-2.6189673e-07,-2.6189673e-07,-2.6197378e-07,-2.6192671e-07,0.9895856,3.2656324,0.052380366450703666
2.0,0.016355758714438662,-7.716393e-08,-0.98979163,-2.6216108e-07,-2.6216108e-07,-2.6212365e-07,-2.6213112e-07,0.9895856,3.2656324,0.05241268267766289
2.0,0.016365758714438662,-1.4178305e-07,-0.9897916,-2.6189673e-07,-2.6189673e-07,-2.6197378e-07,-2.6192671e-07,0.9895856,3.2656324,0.05244499890462212
2.0,0.01637575871443866,-7.716386e-08,-0.98979163,-2.6216108e-07,-2.6216108e-07,-2.6212365e-07,-2.6213112e-07,0.9895856,3.2656324,0.052477315131581354
2.0,0.016385758714438665,-1.417831e-07,-0.9897916,-2.6189673e-07,-2.6189673e-07,-2.6197378e-07,-2.6192671e-07,0.9895856,3.2656324,0.05250963135854059
2.0,0.016395758714438664,-7.71638e-08,-0.98979163,-2.6216108e-07,-2.6216108e-07,-2.6212365e-07,-2.6213112e-07,0.9895856,3.2656324,0.052541947585499814
2.0,0.016405758714438664,-1.4178318e-07,-0.9897916,-2.6189673e-07,-2.6189673e-07,-2.6197378e-07,-2.6192671e-07,0.9895856,3.2656324,0.05257426381245904
2.0,0.016415758714438664,-7.716373e-08,-0.98979163,-2.6216108e-07,-2.6216108e-07,-2.6212365e-07,-2.6213112e-07,0.9895856,3.2656324,0.05260658003941827
2.0,0.016425758714438663,-1.4178325e-07,-0.9897916,-2.6189673e-07,-2.6189673e-07,-2.6197378e-07,-2.6192671e-07,0.9895856,3.2656324,0.052638896266377494
2.0,0.016435758714438663,-7.716366e-08,-0.98979163,-2.6216108e-07,-2.6216108e-07,-2.6212365e-07,-2.6213112e-07,0.9895856,3.2656324,0.05267121249333672
2.0,0.016445758714438662,-1.4178332e-07,-0.9897916,-2.6189673e-07,-2.6189673e-07,-2.6197378e-07,-2.6192671e-07,0.9895856,3.2656324,0.05270352872029595
2.0,0.016455758714438662,-7.71636e-08,-0.98979163,-2.6216108e-07,-2.6216108e-07,-2.6212365e-07,-2.6213112e-07,0.9895856,3.2656324,0.052735844947255174
2.0,0.01646575871443866,-1.4178337e-07,-0.9897916,-2.6189673e-07,-2.6189673e-07,-2.6197378e-07,-2.6192671e-07,0.9895856,3.2656324,0.05276816117421441
2.0,0.016475758714438665,-7.716353e-08,-0.98979163,-2.6216108e-07,-2.6216108e-07,-2.6212365e-07,-2.6213112e-07,0.9895856,3.2656324,0.05280047740117364
2.0,0.016485758714438664,-1.4178345e-07,-0.9897916,-2.6189673e-07,-2.6189673e-07,-2.6197378e-07,-2.6192671e-07,0.9895856,3.2656324,0.05283279362813287
2.0,0.016495758714438664,-7.716346e-08,-0.98979163,-2.6216108e-07,-2.6216108e-07,-2.6212365e-07,-2.6213112e-07,0.9895856,3.2656324,0.052865109855092095
2.0,0.016505758714438663,-1.4178352e-07,-0.9897916,-2.6189673e-07,-2.6189673e-07,-2.6197378e-07,-2.6192671e-07,0.9895856,3.2656324,0.05289742608205132
2.0,0.016515758714438663,-7.716339e-08,-0.98979163,-2.6216108e-07,-2.6216108e-07,-2.6212365e-07,-2.6213112e-07,0.9895856,3.2656324,0.05292974230901055
2.0,0.016525758714438663,-1.4178359e-07,-0.9897916,-2.6189673e-07,-2.6189673e-07,-2.6197378e-07,-2.6192671e-07,0.9895856,3.2656324,0.052962058535969775
2.0,0.016535758714438662,-7.716333e-08,-0.98979163,-2.6216108e-07,-2.6216108e-07,-2.6212365e-07,-2.6213112e-07,0.9895856,3.2656324,0.052994374762929
2.0,0.01654575871443866,-1.4178364e-07,-0.9897916,-2.6189673e-07,-2.6189673e-07,-2.6197378e-07,-2.6192671e-07,0.9895856,3.2656324,0.053026690989888235
2.0,0.016555758714438665,-7.7163264e-08,-0.98979163,-2.6216108e-07,-2.6216108e-07,-2.6212365e-07,-2.6213112e-07,0.9895856,3.2656324,0.05305900721684747
2.0,0.016565758714438664,-1.4178372e-07,-0.9897916,-2.6189673e-07,-2.6189673e-07,-2.6197378e-07,-2.6192671e-07,0.9895856,3.2656324,0.053091323443806696
2.0,0.016575758714438664,-7.716319e-08,-0.98979163,-2.6216108e-07,-2.6216108e-07,-2.6212365e-07,-2.6213112e-07,0.9895856,3.2656324,0.05312363967076592
2.0,0.016585758714438664,-1.4178379e-07,-0.9897916,-2.6189673e-07,-2.6189673e-07,-2.6197378e-07,-2.6192671e-07,0.9895856,3.2656324,0.05315595589772515
2.0,0.016595758714438663,-7.716313e-08,-0.98979163,-2.6216108e-07,-2.6216108e-07,-2.6212365e-07,-2.6213112e-07,0.9895856,3.2656324,0.053188272124684376
2.0,0.016605758714438663,-1.4178386e-07,-0.9897916,-2.6189673e-07,-2.6189673e-07,-2.6197378e-07,-2.6192671e-07,0.9895856,3.2656324,0.0532205883516436
2.0,0.016615758714438662,-7.716306e-08,-0.98979163,-2.6216108e-07,-2.6216108e-07,-2.6212365e-07,-2.6213112e-07,0.9895856,3.2656324,0.05325290457860283
2.0,0.016625758714438662,-1.4178393e-07,-0.9897916,-2.6189673e-07,-2.6189673e-07,-2.6197378e-07,-2.6192671e-07,0.9895856,3.2656324,0.053285220805562056
2.0,0.01663575871443866,-7.7162994e-08,-0.98979163,-2.6216108e-07,-2.6216108e-07,-2.6212365e-07,-2.6213112e-07,0.9895856,3.2656324,0.05331753703252129
2.0,0.016645758714438665,-1.4178399e-07,-0.9897916,-2.6189673e-07,-2.6189673e-07,-2.6197378e-07,-2.6192671e-07,0.9895856,3.2656324,0.05334985325948052
2.0,0.016655758714438664,-7.716292e-08,-0.98979163,-2.6216108e-07,-2.6216108e-07,-2.6212365e-07,-2.6213112e-07,0.9895856,3.2656324,0.05338216948643975
2.0,0.016665758714438664,-1.4178406e-07,-0.9897916,-2.6189673e-07,-2.6189673e-07,-2.6197378e-07,-2.6192671e-07,0.9895856,3.2656324,0.053414485713398976
2.0,0.016675758714438663,-7.716286e-08,-0.98979163,-2.6216108e-07,-2.6216108e-07,-2.6212365e-07,-2.6213112e-07,0.9895856,3.2656324,0.0534468019403582
2.0,0.016685758714438663,-1.4178413e-07,-0.9897916,-2.6189673e-07,-2.6189673e-07,-2.6197378e-07,-2.6192671e-07,0.9895856,3.2656324,0.05347911816731743
2.0,0.016695758714438663,-7.716279e-08,-0.98979163,-2.6216108e-07,-2.6216108e-07,-2.6212365e-07,-2.6213112e-07,0.9895856,3.2656324,0.05351143439427666
2.0,0.016705758714438662,-1.417842e-07,-0.9897916,-2.6189673e-07,-2.6189673e-07,-2.6197378e-07,-2.6192671e-07,0.9895856,3.2656324,0.05354375062123588
2.0,0.01671575871443866,-7.7162724e-08,-0.98979163,-2.6216108e-07,-2.6216108e-07,-2.6212365e-07,-2.6213112e-07,0.9895856,3.2656324,0.05357606684819511
2.0,0.01672575871443866,-1.4178427e-07,-0.9897916,-2.6189673e-07,-2.6189673e-07,-2.6197378e-07,-2.6192671e-07,0.9895856,3.2656324,0.053608383075154344
2.0,0.016735758714438664,-7.716265e-08,-0.98979163,-2.6216108e-07,-2.6216108e-07,-2.6212365e-07,-2.6213112e-07,0.9895856,3.2656324,0.05364069930211358
2.0,0.016745758714438664,-1.4178433e-07,-0.9897916,-2.6189673e-07,-2.6189673e-07,-2.6197378e-07,-2.6192671e-07,0.9895856,3.2656324,0.053673015529072804
2.0,0.016755758714438664,-7.716258e-08,-0.98979163,-2.6216108e-07,-2.6216108e-07,-2.6212365e-07,-2.6213112e-07,0.9895856,3.2656324,0.05370533175603203
2.0,0.016765758714438663,-1.417844e-07,-0.9897916,-2.6189673e-07,-2.6189673e-07,-2.6197378e-07,-2.6192671e-07,0.9895856,3.2656324,0.05373764798299126
2.0,0.016775758714438663,-7.716252e-08,-0.98979163,-2.6216108e-07,-2.6216108e-07,-2.6212365e-07,-2.6213112e-07,0.9895856,3.2656324,0.053769964209950484
2.0,0.016785758714438662,-1.4178447e-07,-0.9897916,-2.6189673e-07,-2.6189673e-07,-2.6197378e-07,-2.6192671e-07,0.9895856,3.2656324,0.05380228043690971
2.0,0.016795758714438662,-7.716245e-08,-0.98979163,-2.6216108e-07,-2.6216108e-07,-2.6212365e-07,-2.6213112e-07,0.9895856,3.2656324,0.05383459666386894
2.0,0.01680575871443866,-1.4178454e-07,-0.9897916,-2.6189673e-07,-2.6189673e-07,-2.6197378e-07,-2.6192671e-07,0.9895856,3.2656324,0.05386691289082817
2.0,0.016815758714438665,-7.716238e-08,-0.98979163,-2.6216108e-07,-2.6216108e-07,-2.6212365e-07,-2.6213112e-07,0.9895856,3.2656324,0.053899229117787405
2.0,0.016825758714438664,-1.4178461e-07,-0.9897916,-2.6189673e-07,-2.6189673e-07,-2.6197378e-07,-2.6192671e-07,0.9895856,3.2656324,0.05393154534474663
2.0,0.016835758714438664,-7.716231e-08,-0.98979163,-2.6216108e-07,-2.6216108e-07,-2.6212365e-07,-2.6213112e-07,0.9895856,3.2656324,0.05396386157170586
2.0,0.016845758714438663,-1.4178468e-07,-0.9897916,-2.6189673e-07,-2.6189673e-07,-2.6197378e-07,-2.6192671e-07,0.9895856,3.2656324,0.053996177798665085
2.0,0.016855758714438663,-7.716225e-08,-0.98979163,-2.6216108e-07,-2.6216108e-07,-2.6212365e-07,-2.6213112e-07,0.9895856,3.2656324,0.05402849402562431
2.0,0.016865758714438663,-1.4178474e-07,-0.9897916,-2.6189673e-07,-2.6189673e-07,-2.6197378e-07,-2.6192671e-07,0.9895856,3.2656324,0.05406081025258354
2.0,0.016875758714438662,-7.716218e-08,-0.98979163,-2.6216108e-07,-2.6216108e-07,-2.6212365e-07,-2.6213112e-07,0.9895856,3.2656324,0.054093126479542765
2.0,0.01688575871443866,-1.4178481e-07,-0.9897916,-2.6189673e-07,-2.6189673e-07,-2.6197378e-07,-2.6192671e-07,0.9895856,3.2656324,0.05412544270650199
2.0,0.01689575871443866,-7.7162106e-08,-0.98979163,-2.6216108e-07,-2.6216108e-07,-2.6212365e-07,-2.6213112e-07,0.9895856,3.2656324,0.054157758933461225
2.0,0.016905758714438664,-1.4178488e-07,-0.9897916,-2.6189673e-07,-2.6189673e-07,-2.6197378e-07,-2.6192671e-07,0.9895856,3.2656324,0.05419007516042046
2.0,0.016915758714438664,-7.716204e-08,-0.98979163,-2.6216108e-07,-2.6216108e-07,-2.6212365e-07,-2.6213112e-07,0.9895856,3.2656324,0.054222391387379686
2.0,0.016925758714438664,-1.4178495e-07,-0.9897916,-2.6189673e-07,-2.6189673e-07,-2.6197378e-07,-2.6192671e-07,0.9895856,3.2656324,0.05425470761433891
2.0,0.016935758714438663,-7.716197e-08,-0.98979163,-2.6216108e-07,-2.6216108e-07,-2.6212365e-07,-2.6213112e-07,0.9895856,3.2656324,0.05428702384129814
2.0,0.016945758714438663,-1.4178502e-07,-0.9897916,-2.6189673e-07,-2.6189673e-07,-2.6197378e-07,-2.6192671e-07,0.9895856,3.2656324,0.054319340068257366
2.0,0.016955758714438662,-7.716191e-08,-0.98979163,-2.6216108e-07,-2.6216108e-07,-2.6212365e-07,-2.6213112e-07,0.9895856,3.2656324,0.05435165629521659
2.0,0.016965758714438662,-1.417851e-07,-0.9897916,-2.6189673e-07,-2.6189673e-07,-2.6197378e-07,-2.6192671e-07,0.9895856,3.2656324,0.05438397252217582
2.0,0.01697575871443866,-7.7161836e-08,-0.98979163,-2.6216108e-07,-2.6216108e-07,-2.6212365e-07,-2.6213112e-07,0.9895856,3.2656324,0.05441628874913505
2.0,0.016985758714438665,-1.4178515e-07,-0.9897916,-2.6189673e-07,-2.6189673e-07,-2.6197378e-07,-2.6192671e-07,0.9895856,3.2656324,0.054448604976094286
2.0,0.016995758714438664,-7.7161765e-08,-0.98979163,-2.6216108e-07,-2.6216108e-07,-2.6212365e-07,-2.6213112e-07,0.9895856,3.2656324,0.05448092120305351
2.0,0.017005758714438664,-1.4178522e-07,-0.9897916,-2.6189673e-07,-2.6189673e-07,-2.6197378e-07,-2.6192671e-07,0.9895856,3.2656324,0.05451323743001274
2.0,0.017015758714438663,-7.71617e-08,-0.98979163,-2.6216108e-07,-2.6216108e-07,-2.6212362e-07,-2.6213112e-07,0.9895856,3.2656324,0.054545553656971967
2.0,0.017025758714438663,-1.4178529e-07,-0.9897916,-2.6189673e-07,-2.6189673e-07,-2.619738e-07,-2.6192671e-07,0.9895856,3.2656324,0.05457786988393119
2.0,0.017035758714438663,-7.716163e-08,-0.98979163,-2.6216108e-07,-2.6216108e-07,-2.6212362e-07,-2.6213112e-07,0.9895856,3.2656324,0.05461018611089042
2.0,0.017045758714438662,-1.4178536e-07,-0.9897916,-2.6189673e-07,-2.6189673e-07,-2.619738e-07,-2.6192671e-07,0.9895856,3.2656324,0.05464250233784965
2.0,0.01705575871443866,-7.716156e-08,-0.98979163,-2.6216108e-07,-2.6216108e-07,-2.6212362e-07,-2.6213112e-07,0.9895856,3.2656324,0.05467481856480887
2.0,0.01706575871443866,-1.4178543e-07,-0.9897916,-2.6189673e-07,-2.6189673e-07,-2.619738e-07,-2.6192671e-07,0.9895856,3.2656324,0.05470713479176811
2.0,0.017075758714438664,-7.7161495e-08,-0.98979163,-2.6216108e-07,-2.6216108e-07,-2.6212362e-07,-2.6213112e-07,0.9895856,3.2656324,0.05473945101872734
2.0,0.017085758714438664,-1.417855e-07,-0.9897916,-2.6189673e-07,-2.6189673e-07,-2.619738e-07,-2.6192671e-07,0.9895856,3.2656324,0.05477176724568657
2.0,0.017095758714438664,-7.7161424e-08,-0.98979163,-2.6216108e-07,-2.6216108e-07,-2.6212362e-07,-2.6213112e-07,0.9895856,3.2656324,0.054804083472645794
2.0,0.017105758714438663,-1.4178558e-07,-0.9897916,-2.6189673e-07,-2.6189673e-07,-2.619738e-07,-2.6192671e-07,0.9895856,3.2656324,0.05483639969960502
2.0,0.017115758714438663,-7.716135e-08,-0.98979163,-2.6216108e-07,-2.6216108e-07,-2.6212362e-07,-2.6213112e-07,0.9895856,3.2656324,0.05486871592656425
2.0,0.017125758714438662,-1.4178563e-07,-0.9897916,-2.6189673e-07,-2.6189673e-07,-2.619738e-07,-2.6192671e-07,0.9895856,3.2656324,0.054901032153523474
2.0,0.017135758714438662,-7.716129e-08,-0.98979163,-2.6216108e-07,-2.6216108e-07,-2.6212362e-07,-2.6213112e-07,0.9895856,3.2656324,0.0549333483804827
2.0,0.01714575871443866,-1.417857e-07,-0.9897916,-2.6189673e-07,-2.6189673e-07,-2.619738e-07,-2.6192671e-07,0.9895856,3.2656324,0.054965664607441934
2.0,0.017155758714438665,-7.716122e-08,-0.98979163,-2.6216108e-07,-2.6216108e-07,-2.6212362e-07,-2.6213112e-07,0.9895856,3.2656324,0.05499798083440117
2.0,0.017165758714438664,-1.4178578e-07,-0.9897916,-2.6189673e-07,-2.6189673e-07,-2.619738e-07,-2.6192671e-07,0.9895856,3.2656324,0.055030297061360395
2.0,0.017175758714438664,-7.716115e-08,-0.98979163,-2.6216108e-07,-2.6216108e-07,-2.6212362e-07,-2.6213112e-07,0.9895856,3.2656324,0.05506261328831962
2.0,0.017185758714438663,-1.4178585e-07,-0.9897916,-2.6189673e-07,-2.6189673e-07,-2.619738e-07,-2.6192671e-07,0.9895856,3.2656324,0.05509492951527885
2.0,0.017195758714438663,-7.7161076e-08,-0.98979163,-2.6216108e-07,-2.6216108e-07,-2.6212362e-07,-2.6213112e-07,0.9895856,3.2656324,0.055127245742238075
2.0,0.017205758714438663,-1.4178592e-07,-0.9897916,-2.6189673e-07,-2.6189673e-07,-2.619738e-07,-2.6192671e-07,0.9895856,3.2656324,0.0551595619691973
2.0,0.017215758714438662,-7.716101e-08,-0.98979163,-2.6216108e-07,-2.6216108e-07,-2.6212362e-07,-2.6213112e-07,0.9895856,3.2656324,0.05519187819615653
2.0,0.017225758714438662,-1.4178599e-07,-0.9897916,-2.6189673e-07,-2.6189673e-07,-2.619738e-07,-2.6192671e-07,0.9895856,3.2656324,0.055224194423115755
2.0,0.01723575871443866,-7.716094e-08,-0.98979163,-2.6216108e-07,-2.6216108e-07,-2.6212362e-07,-2.6213112e-07,0.9895856,3.2656324,0.05525651065007499
2.0,0.017245758714438664,-1.4178606e-07,-0.9897916,-2.6189673e-07,-2.6189673e-07,-2.619738e-07,-2.6192671e-07,0.9895856,3.2656324,0.05528882687703422
2.0,0.017255758714438664,-7.716087e-08,-0.98979163,-2.6216108e-07,-2.6216108e-07,-2.6212362e-07,-2.6213112e-07,0.9895856,3.2656324,0.05532114310399345
2.0,0.017265758714438664,-1.4178613e-07,-0.9897916,-2.6189673e-07,-2.6189673e-07,-2.619738e-07,-2.6192671e-07,0.9895856,3.2656324,0.055353459330952676
2.0,0.017275758714438663,-7.7160806e-08,-0.98979163,-2.6216108e-07,-2.6216108e-07,-2.6212362e-07,-2.6213112e-07,0.9895856,3.2656324,0.0553857755579119
2.0,0.017285758714438663,-1.4178619e-07,-0.9897916,-2.6189673e-07,-2.6189673e-07,-2.619738e-07,-2.6192671e-07,0.9895856,3.2656324,0.05541809178487113
2.0,0.017295758714438662,-7.7160735e-08,-0.98979163,-2.6216108e-07,-2.6216108e-07,-2.6212362e-07,-2.6213112e-07,0.9895856,3.2656324,0.055450408011830356
2.0,0.017305758714438662,-1.4178626e-07,-0.9897916,-2.6189673e-07,-2.6189673e-07,-2.619738e-07,-2.6192671e-07,0.9895856,3.2656324,0.05548272423878958
2.0,0.01731575871443866,-7.7160664e-08,-0.98979163,-2.6216108e-07,-2.6216108e-07,-2.6212362e-07,-2.6213112e-07,0.9895856,3.2656324,0.055515040465748816
2.0,0.017325758714438665,-1.4178633e-07,-0.9897916,-2.6189673e-07,-2.6189673e-07,-2.619738e-07,-2.6192671e-07,0.9895856,3.2656324,0.05554735669270805
2.0,0.017335758714438664,-7.716059e-08,-0.98979163,-2.6216108e-07,-2.6216108e-07,-2.6212362e-07,-2.621311e-07,0.9895856,3.2656324,0.055579672919667276
2.0,0.017345758714438664,-1.417864e-07,-0.9897916,-2.6189673e-07,-2.6189673e-07,-2.619738e-07,-2.6192671e-07,0.9895856,3.2656324,0.0556119891466265
2.0,0.017355758714438663,-7.716053e-08,-0.98979163,-2.6216108e-07,-2.6216108e-07,-2.6212362e-07,-2.621311e-07,0.9895856,3.2656324,0.05564430537358573
2.0,0.017365758714438663,-1.4178647e-07,-0.9897916,-2.6189673e-07,-2.6189673e-07,-2.619738e-07,-2.6192671e-07,0.9895856,3.2656324,0.05567662160054496
2.0,0.017375758714438663,-7.716046e-08,-0.98979163,-2.6216108e-07,-2.6216105e-07,-2.6212362e-07,-2.621311e-07,0.9895856,3.2656324,0.05570893782750418
2.0,0.017385758714438662,-1.4178654e-07,-0.9897916,-2.6189673e-07,-2.6189673e-07,-2.619738e-07,-2.6192671e-07,0.9895856,3.2656324,0.05574125405446341
2.0,0.017395758714438662,-7.716039e-08,-0.98979163,-2.6216105e-07,-2.6216105e-07,-2.6212362e-07,-2.621311e-07,0.9895856,3.2656324,0.05577357028142264
2.0,0.01740575871443866,-1.4178661e-07,-0.9897916,-2.6189673e-07,-2.6189673e-07,-2.619738e-07,-2.6192671e-07,0.9895856,3.2656324,0.05580588650838187
2.0,0.017415758714438664,-7.7160315e-08,-0.98979163,-2.6216105e-07,-2.6216105e-07,-2.6212362e-07,-2.621311e-07,0.9895856,3.2656324,0.055838202735341104
2.0,0.017425758714438664,-1.4178669e-07,-0.9897916,-2.6189676e-07,-2.6189676e-07,-2.619738e-07,-2.6192674e-07,0.9895856,3.2656324,0.05587051896230033
2.0,0.017435758714438664,-7.716025e-08,-0.98979163,-2.6216105e-07,-2.6216105e-07,-2.6212362e-07,-2.621311e-07,0.9895856,3.2656324,0.05590283518925956
2.0,0.017445758714438663,-1.4178676e-07,-0.9897916,-2.6189676e-07,-2.6189676e-07,-2.619738e-07,-2.6192674e-07,0.9895856,3.2656324,0.055935151416218784
2.0,0.017455758714438663,-7.716018e-08,-0.98979163,-2.6216105e-07,-2.6216105e-07,-2.6212362e-07,-2.621311e-07,0.9895856,3.2656324,0.05596746764317801
2.0,0.017465758714438662,-1.4178681e-07,-0.9897916,-2.6189676e-07,-2.6189676e-07,-2.619738e-07,-2.6192674e-07,0.9895856,3.2656324,0.05599978387013724
2.0,0.017475758714438662,-7.716011e-08,-0.98979163,-2.6216105e-07,-2.6216105e-07,-2.6212362e-07,-2.621311e-07,0.9895856,3.2656324,0.056032100097096464
2.0,0.01748575871443866,-1.4178688e-07,-0.9897916,-2.6189676e-07,-2.6189676e-07,-2.619738e-07,-2.6192674e-07,0.9895856,3.2656324,0.0560644163240557
2.0,0.017495758714438665,-7.716004e-08,-0.98979163,-2.6216105e-07,-2.6216105e-07,-2.6212362e-07,-2.621311e-07,0.9895856,3.2656324,0.05609673255101493
2.0,0.017505758714438664,-1.4178696e-07,-0.9897916,-2.6189676e-07,-2.6189676e-07,-2.619738e-07,-2.6192674e-07,0.9895856,3.2656324,0.05612904877797416
2.0,0.017515758714438664,-7.7159974e-08,-0.98979163,-2.6216105e-07,-2.6216105e-07,-2.6212362e-07,-2.621311e-07,0.9895856,3.2656324,0.056161365004933385
2.0,0.017525758714438663,-1.4178703e-07,-0.9897916,-2.6189676e-07,-2.6189676e-07,-2.619738e-07,-2.6192674e-07,0.9895856,3.2656324,0.05619368123189261
2.0,0.017535758714438663,-7.71599e-08,-0.98979163,-2.6216105e-07,-2.6216105e-07,-2.6212362e-07,-2.621311e-07,0.9895856,3.2656324,0.05622599745885184
2.0,0.017545758714438663,-1.417871e-07,-0.9897916,-2.6189676e-07,-2.6189676e-07,-2.619738e-07,-2.6192674e-07,0.9895856,3.2656324,0.056258313685811065
2.0,0.017555758714438662,-7.715983e-08,-0.98979163,-2.6216105e-07,-2.6216105e-07,-2.6212362e-07,-2.621311e-07,0.9895856,3.2656324,0.05629062991277029
2.0,0.017565758714438662,-1.4178717e-07,-0.9897916,-2.6189676e-07,-2.6189676e-07,-2.619738e-07,-2.6192674e-07,0.9895856,3.2656324,0.05632294613972952
2.0,0.01757575871443866,-7.715976e-08,-0.98979163,-2.6216105e-07,-2.6216105e-07,-2.6212362e-07,-2.621311e-07,0.9895856,3.2656324,0.05635526236668875
2.0,0.017585758714438664,-1.4178724e-07,-0.9897916,-2.6189676e-07,-2.6189676e-07,-2.619738e-07,-2.6192674e-07,0.9895856,3.2656324,0.056387578593647986
2.0,0.017595758714438664,-7.715969e-08,-0.98979163,-2.6216105e-07,-2.6216105e-07,-2.6212362e-07,-2.621311e-07,0.9895856,3.2656324,0.05641989482060721
2.0,0.017605758714438664,-1.4178731e-07,-0.9897916,-2.6189676e-07,-2.6189676e-07,-2.619738e-07,-2.6192674e-07,0.9895856,3.2656324,0.05645221104756644
2.0,0.017615758714438663,-7.7159626e-08,-0.98979163,-2.6216105e-07,-2.6216105e-07,-2.6212362e-07,-2.621311e-07,0.9895856,3.2656324,0.056484527274525666
2.0,0.017625758714438663,-1.4178738e-07,-0.9897916,-2.6189676e-07,-2.6189676e-07,-2.619738e-07,-2.6192674e-07,0.9895856,3.2656324,0.05651684350148489
2.0,0.017635758714438662,-7.7159555e-08,-0.98979163,-2.6216105e-07,-2.6216105e-07,-2.6212362e-07,-2.621311e-07,0.9895856,3.2656324,0.05654915972844412
2.0,0.017645758714438662,-1.4178745e-07,-0.9897916,-2.6189676e-07,-2.6189676e-07,-2.619738e-07,-2.6192674e-07,0.9895856,3.2656324,0.056581475955403346
2.0,0.01765575871443866,-7.7159484e-08,-0.98979163,-2.6216105e-07,-2.6216105e-07,-2.6212362e-07,-2.621311e-07,0.9895856,3.2656324,0.05661379218236258
2.0,0.017665758714438665,-1.4178751e-07,-0.9897916,-2.6189676e-07,-2.6189676e-07,-2.619738e-07,-2.6192674e-07,0.9895856,3.2656324,0.05664610840932181
2.0,0.017675758714438664,-7.715941e-08,-0.98979163,-2.6216105e-07,-2.6216105e-07,-2.6212362e-07,-2.621311e-07,0.9895856,3.2656324,0.05667842463628104
2.0,0.017685758714438664,-1.4178758e-07,-0.9897916,-2.6189676e-07,-2.6189676e-07,-2.619738e-07,-2.6192674e-07,0.9895856,3.2656324,0.056710740863240267
2.0,0.017695758714438663,-7.715934e-08,-0.98979163,-2.6216105e-07,-2.6216105e-07,-2.6212362e-07,-2.621311e-07,0.9895856,3.2656324,0.05674305709019949
2.0,0.017705758714438663,-1.4178765e-07,-0.9897916,-2.6189676e-07,-2.6189676e-07,-2.619738e-07,-2.6192674e-07,0.9895856,3.2656324,0.05677537331715872
2.0,0.017715758714438663,-7.715928e-08,-0.98979163,-2.6216105e-07,-2.6216105e-07,-2.6212362e-07,-2.621311e-07,0.9895856,3.2656324,0.05680768954411795
2.0,0.017725758714438662,-1.4178772e-07,-0.9897916,-2.6189676e-07,-2.6189676e-07,-2.619738e-07,-2.6192674e-07,0.9895856,3.2656324,0.05684000577107717
2.0,0.017735758714438662,-7.715921e-08,-0.98979163,-2.6216105e-07,-2.6216105e-07,-2.6212362e-07,-2.621311e-07,0.9895856,3.2656324,0.0568723219980364
2.0,0.01774575871443866,-1.417878e-07,-0.9897916,-2.6189676e-07,-2.6189676e-07,-2.619738e-07,-2.6192674e-07,0.9895856,3.2656324,0.056904638224995634
2.0,0.017755758714438664,-7.7159136e-08,-0.98979163,-2.6216105e-07,-2.6216105e-07,-2.6212362e-07,-2.621311e-07,0.9895856,3.2656324,0.05693695445195487
2.0,0.017765758714438664,-1.4178787e-07,-0.9897916,-2.6189676e-07,-2.6189676e-07,-2.619738e-07,-2.6192674e-07,0.9895856,3.2656324,0.056969270678914094
2.0,0.017775758714438664,-7.7159065e-08,-0.98979163,-2.6216105e-07,-2.6216105e-07,-2.6212362e-07,-2.621311e-07,0.9895856,3.2656324,0.05700158690587332
2.0,0.017785758714438663,-1.4178794e-07,-0.9897916,-2.6189676e-07,-2.6189676e-07,-2.619738e-07,-2.6192674e-07,0.9895856,3.2656324,0.05703390313283255
2.0,0.017795758714438663,-7.7158994e-08,-0.98979163,-2.6216105e-07,-2.6216105e-07,-2.621236e-07,-2.621311e-07,0.9895856,3.2656324,0.057066219359791774
2.0,0.017805758714438662,-1.4178801e-07,-0.9897916,-2.6189676e-07,-2.6189676e-07,-2.619738e-07,-2.6192674e-07,0.9895856,3.2656324,0.057098535586751
2.0,0.017815758714438662,-7.715893e-08,-0.98979163,-2.6216105e-07,-2.6216105e-07,-2.621236e-07,-2.621311e-07,0.9895856,3.2656324,0.05713085181371023
2.0,0.01782575871443866,-1.4178808e-07,-0.9897916,-2.6189676e-07,-2.6189676e-07,-2.6197384e-07,-2.6192674e-07,0.9895856,3.2656324,0.05716316804066946
2.0,0.017835758714438665,-7.715886e-08,-0.98979163,-2.6216105e-07,-2.6216105e-07,-2.621236e-07,-2.621311e-07,0.9895856,3.2656324,0.057195484267628695
2.0,0.017845758714438664,-1.4178815e-07,-0.9897916,-2.6189676e-07,-2.6189676e-07,-2.6197384e-07,-2.6192674e-07,0.9895856,3.2656324,0.05722780049458792
2.0,0.017855758714438664,-7.715879e-08,-0.98979163,-2.6216105e-07,-2.6216105e-07,-2.621236e-07,-2.621311e-07,0.9895856,3.2656324,0.05726011672154715
2.0,0.017865758714438663,-1.4178822e-07,-0.9897916,-2.6189676e-07,-2.6189676e-07,-2.6197384e-07,-2.6192674e-07,0.9895856,3.2656324,0.057292432948506375
2.0,0.017875758714438663,-7.715872e-08,-0.98979163,-2.6216105e-07,-2.6216105e-07,-2.621236e-07,-2.621311e-07,0.9895856,3.2656324,0.0573247491754656
2.0,0.017885758714438663,-1.4178829e-07,-0.9897916,-2.6189676e-07,-2.6189676e-07,-2.6197384e-07,-2.6192674e-07,0.9895856,3.2656324,0.05735706540242483
2.0,0.017895758714438662,-7.7158646e-08,-0.98979163,-2.6216105e-07,-2.6216105e-07,-2.621236e-07,-2.621311e-07,0.9895856,3.2656324,0.057389381629384055
2.0,0.017905758714438662,-1.4178835e-07,-0.9897916,-2.6189676e-07,-2.6189676e-07,-2.6197384e-07,-2.6192674e-07,0.9895856,3.2656324,0.05742169785634328
2.0,0.01791575871443866,-7.7158575e-08,-0.98979163,-2.6216105e-07,-2.6216105e-07,-2.621236e-07,-2.621311e-07,0.9895856,3.2656324,0.057454014083302515
2.0,0.017925758714438664,-1.4178842e-07,-0.9897916,-2.6189676e-07,-2.6189676e-07,-2.6197384e-07,-2.6192674e-07,0.9895856,3.2656324,0.05748633031026175
2.0,0.017935758714438664,-7.715851e-08,-0.98979163,-2.6216105e-07,-2.6216105e-07,-2.621236e-07,-2.621311e-07,0.9895856,3.2656324,0.057518646537220976
2.0,0.017945758714438664,-1.4178849e-07,-0.9897916,-2.6189676e-07,-2.6189676e-07,-2.6197384e-07,-2.6192674e-07,0.9895856,3.2656324,0.0575509627641802
2.0,0.017955758714438663,-7.715844e-08,-0.98979163,-2.6216105e-07,-2.6216105e-07,-2.621236e-07,-2.621311e-07,0.9895856,3.2656324,0.05758327899113943
2.0,0.017965758714438663,-1.4178856e-07,-0.9897916,-2.6189676e-07,-2.6189676e-07,-2.6197384e-07,-2.6192674e-07,0.9895856,3.2656324,0.057615595218098656
2.0,0.017975758714438662,-7.715837e-08,-0.98979163,-2.6216105e-07,-2.6216105e-07,-2.621236e-07,-2.621311e-07,0.9895856,3.2656324,0.05764791144505788
2.0,0.017985758714438662,-1.4178863e-07,-0.9897916,-2.6189676e-07,-2.6189676e-07,-2.6197384e-07,-2.6192674e-07,0.9895856,3.2656324,0.05768022767201711
2.0,0.01799575871443866,-7.71583e-08,-0.98979163,-2.6216105e-07,-2.6216105e-07,-2.621236e-07,-2.621311e-07,0.9895856,3.2656324,0.057712543898976336
2.0,0.01800575871443866,-1.417887e-07,-0.9897916,-2.6189676e-07,-2.6189676e-07,-2.6197384e-07,-2.6192674e-07,0.9895856,3.2656324,0.05774486012593557
2.0,0.018015758714438664,-7.715823e-08,-0.98979163,-2.6216105e-07,-2.6216105e-07,-2.621236e-07,-2.621311e-07,0.9895856,3.2656324,0.0577771763528948
2.0,0.018025758714438664,-1.4178877e-07,-0.9897916,-2.6189676e-07,-2.6189676e-07,-2.6197384e-07,-2.6192674e-07,0.9895856,3.2656324,0.05780949257985403
2.0,0.018035758714438663,-7.715816e-08,-0.98979163,-2.6216105e-07,-2.6216105e-07,-2.621236e-07,-2.621311e-07,0.9895856,3.2656324,0.05784180880681326
2.0,0.018045758714438663,-1.4178885e-07,-0.9897916,-2.6189676e-07,-2.6189676e-07,-2.6197384e-07,-2.6192674e-07,0.9895856,3.2656324,0.05787412503377248
2.0,0.018055758714438663,-7.715809e-08,-0.98979163,-2.6216105e-07,-2.6216105e-07,-2.621236e-07,-2.621311e-07,0.9895856,3.2656324,0.05790644126073171
2.0,0.018065758714438662,-1.4178892e-07,-0.9897916,-2.6189676e-07,-2.6189676e-07,-2.6197384e-07,-2.6192674e-07,0.9895856,3.2656324,0.05793875748769094
2.0,0.018075758714438662,-7.715802e-08,-0.98979163,-2.6216105e-07,-2.6216105e-07,-2.621236e-07,-2.621311e-07,0.9895856,3.2656324,0.05797107371465016
2.0,0.01808575871443866,-1.4178899e-07,-0.9897916,-2.6189676e-07,-2.6189676e-07,-2.6197384e-07,-2.6192674e-07,0.9895856,3.2656324,0.0580033899416094
2.0,0.018095758714438664,-7.715795e-08,-0.98979163,-2.6216105e-07,-2.6216105e-07,-2.621236e-07,-2.621311e-07,0.9895856,3.2656324,0.05803570616856863
2.0,0.018105758714438664,-1.4178906e-07,-0.9897916,-2.6189676e-07,-2.6189676e-07,-2.6197384e-07,-2.6192674e-07,0.9895856,3.2656324,0.05806802239552786
2.0,0.018115758714438664,-7.715788e-08,-0.98979163,-2.6216105e-07,-2.6216105e-07,-2.621236e-07,-2.621311e-07,0.9895856,3.2656324,0.058100338622487084
2.0,0.018125758714438663,-1.4178913e-07,-0.9897916,-2.6189676e-07,-2.6189676e-07,-2.6197384e-07,-2.6192674e-07,0.9895856,3.2656324,0.05813265484944631
2.0,0.018135758714438663,-7.715781e-08,-0.98979163,-2.6216105e-07,-2.6216105e-07,-2.621236e-07,-2.621311e-07,0.9895856,3.2656324,0.05816497107640554
2.0,0.018145758714438662,-1.4178919e-07,-0.9897916,-2.6189676e-07,-2.6189676e-07,-2.6197384e-07,-2.6192674e-07,0.9895856,3.2656324,0.058197287303364764
2.0,0.018155758714438662,-7.715774e-08,-0.98979163,-2.6216105e-07,-2.6216105e-07,-2.621236e-07,-2.621311e-07,0.9895856,3.2656324,0.05822960353032399
2.0,0.01816575871443866,-1.4178926e-07,-0.9897916,-2.6189676e-07,-2.6189676e-07,-2.6197384e-07,-2.6192674e-07,0.9895856,3.2656324,0.05826191975728322
2.0,0.01817575871443866,-7.715767e-08,-0.98979163,-2.6216105e-07,-2.6216105e-07,-2.621236e-07,-2.621311e-07,0.9895856,3.2656324,0.05829423598424245
2.0,0.018185758714438664,-1.4178933e-07,-0.9897916,-2.6189676e-07,-2.6189676e-07,-2.6197384e-07,-2.6192674e-07,0.9895856,3.2656324,0.058326552211201685
2.0,0.018195758714438664,-7.71576e-08,-0.98979163,-2.6216105e-07,-2.6216105e-07,-2.621236e-07,-2.621311e-07,0.9895856,3.2656324,0.05835886843816091
2.0,0.018205758714438663,-1.417894e-07,-0.9897916,-2.6189676e-07,-2.6189676e-07,-2.6197384e-07,-2.6192674e-07,0.9895856,3.2656324,0.05839118466512014
2.0,0.018215758714438663,-7.715753e-08,-0.98979163,-2.6216105e-07,-2.6216105e-07,-2.621236e-07,-2.621311e-07,0.9895856,3.2656324,0.058423500892079365
2.0,0.018225758714438663,-1.4178947e-07,-0.9897916,-2.6189676e-07,-2.6189676e-07,-2.6197384e-07,-2.6192674e-07,0.9895856,3.2656324,0.05845581711903859
2.0,0.018235758714438662,-7.715746e-08,-0.98979163,-2.6216105e-07,-2.6216105e-07,-2.621236e-07,-2.621311e-07,0.9895856,3.2656324,0.05848813334599782
2.0,0.018245758714438662,-1.4178954e-07,-0.9897916,-2.6189676e-07,-2.6189676e-07,-2.6197384e-07,-2.6192674e-07,0.9895856,3.2656324,0.058520449572957045
2.0,0.01825575871443866,-7.715739e-08,-0.98979163,-2.6216105e-07,-2.6216105e-07,-2.621236e-07,-2.621311e-07,0.9895856,3.2656324,0.05855276579991628
2.0,0.018265758714438664,-1.4178961e-07,-0.9897916,-2.6189676e-07,-2.6189676e-07,-2.6197384e-07,-2.6192674e-07,0.9895856,3.2656324,0.05858508202687551
2.0,0.018275758714438664,-7.7157324e-08,-0.98979163,-2.6216105e-07,-2.6216105e-07,-2.621236e-07,-2.621311e-07,0.9895856,3.2656324,0.05861739825383474
2.0,0.018285758714438664,-1.4178968e-07,-0.9897916,-2.6189676e-07,-2.6189676e-07,-2.6197384e-07,-2.6192674e-07,0.9895856,3.2656324,0.058649714480793966
2.0,0.018295758714438663,-7.715725e-08,-0.98979163,-2.6216105e-07,-2.6216105e-07,-2.621236e-07,-2.621311e-07,0.9895856,3.2656324,0.05868203070775319
2.0,0.018305758714438663,-1.4178976e-07,-0.9897916,-2.6189676e-07,-2.6189676e-07,-2.6197384e-07,-2.6192674e-07,0.9895856,3.2656324,0.05871434693471242
2.0,0.018315758714438662,-7.715718e-08,-0.98979163,-2.6216105e-07,-2.6216105e-07,-2.621236e-07,-2.621311e-07,0.9895856,3.2656324,0.058746663161671646
2.0,0.018325758714438662,-1.4178983e-07,-0.9897916,-2.6189676e-07,-2.6189676e-07,-2.6197384e-07,-2.6192674e-07,0.9895856,3.2656324,0.05877897938863087
2.0,0.01833575871443866,-7.715711e-08,-0.98979163,-2.6216105e-07,-2.6216105e-07,-2.621236e-07,-2.621311e-07,0.9895856,3.2656324,0.0588112956155901
2.0,0.01834575871443866,-1.417899e-07,-0.9897916,-2.6189676e-07,-2.6189676e-07,-2.6197384e-07,-2.6192674e-07,0.9895856,3.2656324,0.05884361184254933
2.0,0.018355758714438664,-7.715704e-08,-0.98979163,-2.6216105e-07,-2.6216105e-07,-2.621236e-07,-2.621311e-07,0.9895856,3.2656324,0.05887592806950857
2.0,0.018365758714438664,-1.4178997e-07,-0.9897916,-2.6189676e-07,-2.6189676e-07,-2.6197384e-07,-2.6192674e-07,0.9895856,3.2656324,0.05890824429646779
2.0,0.018375758714438663,-7.7156976e-08,-0.98979163,-2.6216105e-07,-2.6216105e-07,-2.621236e-07,-2.621311e-07,0.9895856,3.2656324,0.05894056052342702
2.0,0.018385758714438663,-1.4179003e-07,-0.9897916,-2.6189676e-07,-2.6189676e-07,-2.6197384e-07,-2.6192674e-07,0.9895856,3.2656324,0.05897287675038625
2.0,0.018395758714438663,-7.7156905e-08,-0.98979163,-2.6216105e-07,-2.6216105e-07,-2.621236e-07,-2.621311e-07,0.9895856,3.2656324,0.05900519297734547
2.0,0.018405758714438662,-1.417901e-07,-0.9897916,-2.6189676e-07,-2.6189676e-07,-2.6197384e-07,-2.6192674e-07,0.9895856,3.2656324,0.0590375092043047
2.0,0.018415758714438662,-7.7156834e-08,-0.98979163,-2.6216105e-07,-2.6216105e-07,-2.621236e-07,-2.621311e-07,0.9895856,3.2656324,0.05906982543126393
2.0,0.01842575871443866,-1.4179017e-07,-0.9897916,-2.6189676e-07,-2.6189676e-07,-2.6197384e-07,-2.6192674e-07,0.9895856,3.2656324,0.05910214165822316
2.0,0.018435758714438664,-7.715676e-08,-0.98979163,-2.6216105e-07,-2.6216105e-07,-2.621236e-07,-2.621311e-07,0.9895856,3.2656324,0.059134457885182394
2.0,0.018445758714438664,-1.4179024e-07,-0.9897916,-2.6189676e-07,-2.6189676e-07,-2.6197384e-07,-2.6192674e-07,0.9895856,3.2656324,0.05916677411214162
2.0,0.018455758714438664,-7.715669e-08,-0.98979163,-2.6216105e-07,-2.6216105e-07,-2.621236e-07,-2.621311e-07,0.9895856,3.2656324,0.05919909033910085
2.0,0.018465758714438663,-1.4179031e-07,-0.9897916,-2.6189676e-07,-2.6189676e-07,-2.6197384e-07,-2.6192674e-07,0.9895856,3.2656324,0.059231406566060074
2.0,0.018475758714438663,-7.715662e-08,-0.98979163,-2.6216105e-07,-2.6216105e-07,-2.621236e-07,-2.621311e-07,0.9895856,3.2656324,0.0592637227930193
2.0,0.018485758714438662,-1.4179038e-07,-0.9897916,-2.6189676e-07,-2.6189676e-07,-2.6197384e-07,-2.6192674e-07,0.9895856,3.2656324,0.05929603901997853
2.0,0.018495758714438662,-7.715656e-08,-0.98979163,-2.6216105e-07,-2.6216105e-07,-2.621236e-07,-2.621311e-07,0.9895856,3.2656324,0.059328355246937754
2.0,0.01850575871443866,-1.4179045e-07,-0.9897916,-2.6189676e-07,-2.6189676e-07,-2.6197384e-07,-2.6192674e-07,0.9895856,3.2656324,0.05936067147389698
2.0,0.01851575871443866,-7.7156486e-08,-0.98979163,-2.6216105e-07,-2.6216105e-07,-2.621236e-07,-2.621311e-07,0.9895856,3.2656324,0.059392987700856215
2.0,0.018525758714438664,-1.4179052e-07,-0.9897916,-2.6189676e-07,-2.6189676e-07,-2.6197384e-07,-2.6192674e-07,0.9895856,3.2656324,0.05942530392781545
2.0,0.018535758714438664,-7.7156415e-08,-0.98979163,-2.6216105e-07,-2.6216105e-07,-2.621236e-07,-2.621311e-07,0.9895856,3.2656324,0.059457620154774675
2.0,0.018545758714438663,-1.417906e-07,-0.9897916,-2.6189676e-07,-2.6189676e-07,-2.6197384e-07,-2.6192674e-07,0.9895856,3.2656324,0.0594899363817339
2.0,0.018555758714438663,-7.715634e-08,-0.98979163,-2.6216105e-07,-2.6216105e-07,-2.621236e-07,-2.621311e-07,0.9895856,3.2656324,0.05952225260869313
2.0,0.018565758714438663,-1.4179066e-07,-0.9897916,-2.6189676e-07,-2.6189676e-07,-2.6197384e-07,-2.6192674e-07,0.9895856,3.2656324,0.059554568835652355
2.0,0.018575758714438662,-7.715627e-08,-0.98979163,-2.6216105e-07,-2.6216105e-07,-2.621236e-07,-2.621311e-07,0.9895856,3.2656324,0.05958688506261158
2.0,0.018585758714438662,-1.4179074e-07,-0.9897916,-2.6189676e-07,-2.6189676e-07,-2.6197384e-07,-2.6192674e-07,0.9895856,3.2656324,0.05961920128957081
2.0,0.01859575871443866,-7.71562e-08,-0.98979163,-2.6216105e-07,-2.6216105e-07,-2.6212356e-07,-2.621311e-07,0.9895856,3.2656324,0.05965151751653004
2.0,0.018605758714438664,-1.4179079e-07,-0.9897916,-2.6189676e-07,-2.6189676e-07,-2.6197387e-07,-2.6192674e-07,0.9895856,3.2656324,0.059683833743489276
2.0,0.018615758714438664,-7.715614e-08,-0.98979163,-2.6216105e-07,-2.6216102e-07,-2.6212356e-07,-2.621311e-07,0.9895856,3.2656324,0.0597161499704485
2.0,0.018625758714438664,-1.4179086e-07,-0.9897916,-2.6189676e-07,-2.6189676e-07,-2.6197387e-07,-2.6192674e-07,0.9895856,3.2656324,0.05974846619740773
2.0,0.018635758714438663,-7.7156066e-08,-0.98979163,-2.6216102e-07,-2.6216102e-07,-2.6212356e-07,-2.621311e-07,0.9895856,3.2656324,0.059780782424366956
2.0,0.018645758714438663,-1.4179093e-07,-0.9897916,-2.6189676e-07,-2.6189676e-07,-2.6197387e-07,-2.6192674e-07,0.9895856,3.2656324,0.05981309865132618
2.0,0.018655758714438662,-7.7155995e-08,-0.98979163,-2.6216102e-07,-2.6216102e-07,-2.6212356e-07,-2.621311e-07,0.9895856,3.2656324,0.05984541487828541
2.0,0.018665758714438662,-1.41791e-07,-0.9897916,-2.618968e-07,-2.618968e-07,-2.6197387e-07,-2.6192674e-07,0.9895856,3.2656324,0.059877731105244636
2.0,0.01867575871443866,-7.7155924e-08,-0.98979163,-2.6216102e-07,-2.6216102e-07,-2.6212356e-07,-2.621311e-07,0.9895856,3.2656324,0.05991004733220386
2.0,0.01868575871443866,-1.4179108e-07,-0.9897916,-2.618968e-07,-2.618968e-07,-2.6197387e-07,-2.6192674e-07,0.9895856,3.2656324,0.059942363559163096
2.0,0.018695758714438664,-7.715585e-08,-0.98979163,-2.6216102e-07,-2.6216102e-07,-2.6212356e-07,-2.621311e-07,0.9895856,3.2656324,0.05997467978612233
2.0,0.018705758714438664,-1.4179115e-07,-0.9897916,-2.618968e-07,-2.618968e-07,-2.6197387e-07,-2.6192674e-07,0.9895856,3.2656324,0.06000699601308156
2.0,0.018715758714438663,-7.715579e-08,-0.98979163,-2.6216102e-07,-2.6216102e-07,-2.6212356e-07,-2.621311e-07,0.9895856,3.2656324,0.06003931224004078
2.0,0.018725758714438663,-1.4179122e-07,-0.9897916,-2.618968e-07,-2.618968e-07,-2.6197387e-07,-2.6192674e-07,0.9895856,3.2656324,0.06007162846700001
2.0,0.018735758714438663,-7.715572e-08,-0.98979163,-2.6216102e-07,-2.6216102e-07,-2.6212356e-07,-2.621311e-07,0.9895856,3.2656324,0.06010394469395924
2.0,0.018745758714438662,-1.4179129e-07,-0.9897916,-2.618968e-07,-2.618968e-07,-2.6197387e-07,-2.6192674e-07,0.9895856,3.2656324,0.06013626092091846
2.0,0.018755758714438662,-7.715565e-08,-0.98979163,-2.6216102e-07,-2.6216102e-07,-2.6212356e-07,-2.621311e-07,0.9895856,3.2656324,0.06016857714787769
2.0,0.01876575871443866,-1.4179136e-07,-0.9897916,-2.618968e-07,-2.618968e-07,-2.6197387e-07,-2.6192674e-07,0.9895856,3.2656324,0.060200893374836924
2.0,0.018775758714438665,-7.7155576e-08,-0.98979163,-2.6216102e-07,-2.6216102e-07,-2.6212356e-07,-2.621311e-07,0.9895856,3.2656324,0.06023320960179616
2.0,0.018785758714438664,-1.4179143e-07,-0.9897916,-2.618968e-07,-2.618968e-07,-2.6197387e-07,-2.6192674e-07,0.9895856,3.2656324,0.060265525828755384
2.0,0.018795758714438664,-7.7155505e-08,-0.98979163,-2.6216102e-07,-2.6216102e-07,-2.6212356e-07,-2.6213107e-07,0.9895856,3.2656324,0.06029784205571461
2.0,0.018805758714438663,-1.417915e-07,-0.9897916,-2.618968e-07,-2.618968e-07,-2.6197387e-07,-2.6192674e-07,0.9895856,3.2656324,0.06033015828267384
2.0,0.018815758714438663,-7.715544e-08,-0.98979163,-2.6216102e-07,-2.6216102e-07,-2.6212356e-07,-2.6213107e-07,0.9895856,3.2656324,0.060362474509633064
2.0,0.018825758714438662,-1.4179156e-07,-0.9897916,-2.618968e-07,-2.618968e-07,-2.6197387e-07,-2.6192674e-07,0.9895856,3.2656324,0.06039479073659229
2.0,0.018835758714438662,-7.715537e-08,-0.98979163,-2.6216102e-07,-2.6216102e-07,-2.6212356e-07,-2.6213107e-07,0.9895856,3.2656324,0.06042710696355152
2.0,0.01884575871443866,-1.4179163e-07,-0.9897916,-2.618968e-07,-2.618968e-07,-2.6197387e-07,-2.6192674e-07,0.9895856,3.2656324,0.060459423190510744
2.0,0.01885575871443866,-7.71553e-08,-0.98979163,-2.6216102e-07,-2.6216102e-07,-2.6212356e-07,-2.6213107e-07,0.9895856,3.2656324,0.06049173941746998
2.0,0.018865758714438664,-1.417917e-07,-0.9897916,-2.618968e-07,-2.618968e-07,-2.6197387e-07,-2.6192674e-07,0.9895856,3.2656324,0.06052405564442921
2.0,0.018875758714438664,-7.715523e-08,-0.98979163,-2.6216102e-07,-2.6216102e-07,-2.6212356e-07,-2.6213107e-07,0.9895856,3.2656324,0.06055637187138844
2.0,0.018885758714438663,-1.4179177e-07,-0.9897916,-2.618968e-07,-2.618968e-07,-2.6197387e-07,-2.6192677e-07,0.9895856,3.2656324,0.060588688098347665
2.0,0.018895758714438663,-7.715516e-08,-0.98979163,-2.6216102e-07,-2.6216102e-07,-2.6212356e-07,-2.6213107e-07,0.9895856,3.2656324,0.06062100432530689
2.0,0.018905758714438663,-1.4179184e-07,-0.9897916,-2.618968e-07,-2.618968e-07,-2.6197387e-07,-2.6192677e-07,0.9895856,3.2656324,0.06065332055226612
2.0,0.018915758714438662,-7.715509e-08,-0.98979163,-2.6216102e-07,-2.6216102e-07,-2.6212356e-07,-2.6213107e-07,0.9895856,3.2656324,0.060685636779225345
2.0,0.018925758714438662,-1.4179192e-07,-0.9897916,-2.618968e-07,-2.618968e-07,-2.6197387e-07,-2.6192677e-07,0.9895856,3.2656324,0.06071795300618457
2.0,0.01893575871443866,-7.715502e-08,-0.98979163,-2.6216102e-07,-2.6216102e-07,-2.6212356e-07,-2.6213107e-07,0.9895856,3.2656324,0.060750269233143805
2.0,0.018945758714438665,-1.4179199e-07,-0.9897916,-2.618968e-07,-2.618968e-07,-2.6197387e-07,-2.6192677e-07,0.9895856,3.2656324,0.06078258546010304
2.0,0.018955758714438664,-7.715495e-08,-0.98979163,-2.6216102e-07,-2.6216102e-07,-2.6212356e-07,-2.6213107e-07,0.9895856,3.2656324,0.060814901687062266
2.0,0.018965758714438664,-1.4179206e-07,-0.9897916,-2.618968e-07,-2.618968e-07,-2.6197387e-07,-2.6192677e-07,0.9895856,3.2656324,0.06084721791402149
2.0,0.018975758714438663,-7.715488e-08,-0.98979163,-2.6216102e-07,-2.6216102e-07,-2.6212356e-07,-2.6213107e-07,0.9895856,3.2656324,0.06087953414098072
2.0,0.018985758714438663,-1.4179213e-07,-0.9897916,-2.618968e-07,-2.618968e-07,-2.6197387e-07,-2.6192677e-07,0.9895856,3.2656324,0.060911850367939946
2.0,0.018995758714438662,-7.7154816e-08,-0.98979163,-2.6216102e-07,-2.6216102e-07,-2.6212356e-07,-2.6213107e-07,0.9895856,3.2656324,0.06094416659489917
2.0,0.019005758714438662,-1.4179219e-07,-0.9897916,-2.618968e-07,-2.618968e-07,-2.6197387e-07,-2.6192677e-07,0.9895856,3.2656324,0.0609764828218584
2.0,0.01901575871443866,-7.7154745e-08,-0.98979163,-2.6216102e-07,-2.6216102e-07,-2.6212356e-07,-2.6213107e-07,0.9895856,3.2656324,0.061008799048817626
2.0,0.01902575871443866,-1.4179226e-07,-0.9897916,-2.618968e-07,-2.618968e-07,-2.6197387e-07,-2.6192677e-07,0.9895856,3.2656324,0.06104111527577686
2.0,0.019035758714438664,-7.7154674e-08,-0.98979163,-2.6216102e-07,-2.6216102e-07,-2.6212356e-07,-2.6213107e-07,0.9895856,3.2656324,0.06107343150273609
2.0,0.019045758714438664,-1.4179233e-07,-0.9897916,-2.618968e-07,-2.618968e-07,-2.6197387e-07,-2.6192677e-07,0.9895856,3.2656324,0.06110574772969532
2.0,0.019055758714438664,-7.71546e-08,-0.98979163,-2.6216102e-07,-2.6216102e-07,-2.6212356e-07,-2.6213107e-07,0.9895856,3.2656324,0.06113806395665455
2.0,0.019065758714438663,-1.417924e-07,-0.9897916,-2.618968e-07,-2.618968e-07,-2.6197387e-07,-2.6192677e-07,0.9895856,3.2656324,0.06117038018361377
2.0,0.019075758714438663,-7.715454e-08,-0.98979163,-2.6216102e-07,-2.6216102e-07,-2.6212356e-07,-2.6213107e-07,0.9895856,3.2656324,0.061202696410573
2.0,0.019085758714438662,-1.4179247e-07,-0.9897916,-2.618968e-07,-2.618968e-07,-2.6197387e-07,-2.6192677e-07,0.9895856,3.2656324,0.06123501263753223
2.0,0.019095758714438662,-7.715447e-08,-0.98979163,-2.6216102e-07,-2.6216102e-07,-2.6212356e-07,-2.6213107e-07,0.9895856,3.2656324,0.061267328864491453
2.0,0.01910575871443866,-1.4179254e-07,-0.9897916,-2.618968e-07,-2.618968e-07,-2.6197387e-07,-2.6192677e-07,0.9895856,3.2656324,0.06129964509145069
2.0,0.019115758714438665,-7.71544e-08,-0.98979163,-2.6216102e-07,-2.6216102e-07,-2.6212356e-07,-2.6213107e-07,0.9895856,3.2656324,0.06133196131840992
2.0,0.019125758714438664,-1.4179261e-07,-0.9897916,-2.618968e-07,-2.618968e-07,-2.6197387e-07,-2.6192677e-07,0.9895856,3.2656324,0.06136427754536915
2.0,0.019135758714438664,-7.7154326e-08,-0.98979163,-2.6216102e-07,-2.6216102e-07,-2.6212356e-07,-2.6213107e-07,0.9895856,3.2656324,0.061396593772328374
2.0,0.019145758714438663,-1.4179268e-07,-0.9897916,-2.618968e-07,-2.618968e-07,-2.6197387e-07,-2.6192677e-07,0.9895856,3.2656324,0.0614289099992876
2.0,0.019155758714438663,-7.715426e-08,-0.98979163,-2.6216102e-07,-2.6216102e-07,-2.6212356e-07,-2.6213107e-07,0.9895856,3.2656324,0.06146122622624683
2.0,0.019165758714438662,-1.4179274e-07,-0.9897916,-2.618968e-07,-2.618968e-07,-2.6197387e-07,-2.6192677e-07,0.9895856,3.2656324,0.061493542453206054
2.0,0.019175758714438662,-7.715419e-08,-0.98979163,-2.6216102e-07,-2.6216102e-07,-2.6212356e-07,-2.6213107e-07,0.9895856,3.2656324,0.06152585868016528
2.0,0.01918575871443866,-1.4179281e-07,-0.9897916,-2.618968e-07,-2.618968e-07,-2.6197387e-07,-2.6192677e-07,0.9895856,3.2656324,0.06155817490712451
2.0,0.01919575871443866,-7.715412e-08,-0.98979163,-2.6216102e-07,-2.6216102e-07,-2.6212356e-07,-2.6213107e-07,0.9895856,3.2656324,0.06159049113408374
2.0,0.019205758714438664,-1.4179288e-07,-0.9897916,-2.618968e-07,-2.618968e-07,-2.6197387e-07,-2.6192677e-07,0.9895856,3.2656324,0.061622807361042975
2.0,0.019215758714438664,-7.715405e-08,-0.98979163,-2.6216102e-07,-2.6216102e-07,-2.6212356e-07,-2.6213107e-07,0.9895856,3.2656324,0.0616551235880022
2.0,0.019225758714438664,-1.4179295e-07,-0.9897916,-2.618968e-07,-2.618968e-07,-2.6197387e-07,-2.6192677e-07,0.9895856,3.2656324,0.06168743981496143
2.0,0.019235758714438663,-7.7153985e-08,-0.98979163,-2.6216102e-07,-2.6216102e-07,-2.6212356e-07,-2.6213107e-07,0.9895856,3.2656324,0.061719756041920655
2.0,0.019245758714438663,-1.4179302e-07,-0.9897916,-2.618968e-07,-2.618968e-07,-2.6197387e-07,-2.6192677e-07,0.9895856,3.2656324,0.06175207226887988
2.0,0.019255758714438662,-7.715391e-08,-0.98979163,-2.6216102e-07,-2.6216102e-07,-2.6212356e-07,-2.6213107e-07,0.9895856,3.2656324,0.06178438849583911
2.0,0.019265758714438662,-1.417931e-07,-0.9897916,-2.618968e-07,-2.618968e-07,-2.6197387e-07,-2.6192677e-07,0.9895856,3.2656324,0.061816704722798335
2.0,0.01927575871443866,-7.715384e-08,-0.98979163,-2.6216102e-07,-2.6216102e-07,-2.6212356e-07,-2.6213107e-07,0.9895856,3.2656324,0.06184902094975756
2.0,0.01928575871443866,-1.4179317e-07,-0.9897916,-2.618968e-07,-2.618968e-07,-2.6197387e-07,-2.6192677e-07,0.9895856,3.2656324,0.061881337176716796
2.0,0.019295758714438664,-7.715377e-08,-0.98979163,-2.6216102e-07,-2.6216102e-07,-2.6212356e-07,-2.6213107e-07,0.9895856,3.2656324,0.06191365340367603
2.0,0.019305758714438664,-1.4179324e-07,-0.9897916,-2.618968e-07,-2.618968e-07,-2.6197387e-07,-2.6192677e-07,0.9895856,3.2656324,0.061945969630635256
2.0,0.019315758714438663,-7.715371e-08,-0.98979163,-2.6216102e-07,-2.6216102e-07,-2.6212356e-07,-2.6213107e-07,0.9895856,3.2656324,0.06197828585759448
2.0,0.019325758714438663,-1.417933e-07,-0.9897916,-2.618968e-07,-2.618968e-07,-2.6197387e-07,-2.6192677e-07,0.9895856,3.2656324,0.06201060208455371
2.0,0.019335758714438663,-7.7153636e-08,-0.98979163,-2.6216102e-07,-2.6216102e-07,-2.6212356e-07,-2.6213107e-07,0.9895856,3.2656324,0.062042918311512936
2.0,0.019345758714438662,-1.4179336e-07,-0.9897916,-2.618968e-07,-2.618968e-07,-2.6197387e-07,-2.6192677e-07,0.9895856,3.2656324,0.06207523453847216
2.0,0.01935575871443866,-7.7153565e-08,-0.98979163,-2.6216102e-07,-2.6216102e-07,-2.6212356e-07,-2.6213107e-07,0.9895856,3.2656324,0.06210755076543139
2.0,0.01936575871443866,-1.4179344e-07,-0.9897916,-2.618968e-07,-2.618968e-07,-2.6197387e-07,-2.6192677e-07,0.9895856,3.2656324,0.06213986699239062
2.0,0.019375758714438664,-7.7153494e-08,-0.98979163,-2.6216102e-07,-2.6216102e-07,-2.6212356e-07,-2.6213107e-07,0.9895856,3.2656324,0.06217218321934986
2.0,0.019385758714438664,-1.417935e-07,-0.9897916,-2.618968e-07,-2.618968e-07,-2.6197387e-07,-2.6192677e-07,0.9895856,3.2656324,0.06220449944630908
2.0,0.019395758714438664,-7.715343e-08,-0.98979163,-2.6216102e-07,-2.6216102e-07,-2.6212354e-07,-2.6213107e-07,0.9895856,3.2656324,0.06223681567326831
2.0,0.019405758714438663,-1.4179358e-07,-0.9897916,-2.618968e-07,-2.618968e-07,-2.619739e-07,-2.6192677e-07,0.9895856,3.2656324,0.06226913190022754
2.0,0.019415758714438663,-7.715336e-08,-0.98979163,-2.6216102e-07,-2.6216102e-07,-2.6212354e-07,-2.6213107e-07,0.9895856,3.2656324,0.06230144812718676
2.0,0.019425758714438662,-1.4179365e-07,-0.9897916,-2.618968e-07,-2.618968e-07,-2.619739e-07,-2.6192677e-07,0.9895856,3.2656324,0.06233376435414599
2.0,0.019435758714438662,-7.715329e-08,-0.98979163,-2.6216102e-07,-2.6216102e-07,-2.6212354e-07,-2.6213107e-07,0.9895856,3.2656324,0.06236608058110522
2.0,0.01944575871443866,-1.4179372e-07,-0.9897916,-2.618968e-07,-2.618968e-07,-2.619739e-07,-2.6192677e-07,0.9895856,3.2656324,0.062398396808064444
2.0,0.01945575871443866,-7.7153224e-08,-0.98979163,-2.6216102e-07,-2.6216102e-07,-2.6212354e-07,-2.6213107e-07,0.9895856,3.2656324,0.06243071303502368
2.0,0.019465758714438664,-1.4179378e-07,-0.9897916,-2.618968e-07,-2.618968e-07,-2.619739e-07,-2.6192677e-07,0.9895856,3.2656324,0.06246302926198291
2.0,0.019475758714438664,-7.715315e-08,-0.98979163,-2.6216102e-07,-2.6216102e-07,-2.6212354e-07,-2.6213107e-07,0.9895856,3.2656324,0.06249534548894214
2.0,0.019485758714438663,-1.4179385e-07,-0.9897916,-2.618968e-07,-2.618968e-07,-2.619739e-07,-2.6192677e-07,0.9895856,3.2656324,0.06252766171590136
2.0,0.019495758714438663,-7.715308e-08,-0.98979163,-2.6216102e-07,-2.6216102e-07,-2.6212354e-07,-2.6213107e-07,0.9895856,3.2656324,0.0625599779428606
2.0,0.019505758714438663,-1.4179392e-07,-0.9897916,-2.618968e-07,-2.618968e-07,-2.619739e-07,-2.6192677e-07,0.9895856,3.2656324,0.06259229416981983
2.0,0.019515758714438662,-7.715302e-08,-0.98979163,-2.6216102e-07,-2.6216102e-07,-2.6212354e-07,-2.6213107e-07,0.9895856,3.2656324,0.06262461039677907
2.0,0.01952575871443866,-1.4179399e-07,-0.9897916,-2.618968e-07,-2.618968e-07,-2.619739e-07,-2.6192677e-07,0.9895856,3.2656324,0.0626569266237383
2.0,0.01953575871443866,-7.715295e-08,-0.98979163,-2.6216102e-07,-2.6216102e-07,-2.6212354e-07,-2.6213107e-07,0.9895856,3.2656324,0.06268924285069753
2.0,0.019545758714438664,-1.4179406e-07,-0.9897916,-2.618968e-07,-2.618968e-07,-2.619739e-07,-2.6192677e-07,0.9895856,3.2656324,0.06272155907765677
2.0,0.019555758714438664,-7.7152876e-08,-0.98979163,-2.6216102e-07,-2.6216102e-07,-2.6212354e-07,-2.6213107e-07,0.9895856,3.2656324,0.062753875304616
2.0,0.019565758714438664,-1.4179413e-07,-0.9897916,-2.618968e-07,-2.618968e-07,-2.619739e-07,-2.6192677e-07,0.9895856,3.2656324,0.06278619153157523
2.0,0.019575758714438663,-7.7152805e-08,-0.98979163,-2.6216102e-07,-2.6216102e-07,-2.6212354e-07,-2.6213107e-07,0.9895856,3.2656324,0.06281850775853447
2.0,0.019585758714438663,-1.417942e-07,-0.9897916,-2.618968e-07,-2.618968e-07,-2.619739e-07,-2.6192677e-07,0.9895856,3.2656324,0.0628508239854937
2.0,0.019595758714438662,-7.715274e-08,-0.98979163,-2.6216102e-07,-2.6216102e-07,-2.6212354e-07,-2.6213107e-07,0.9895856,3.2656324,0.06288314021245293
2.0,0.019605758714438662,-1.4179426e-07,-0.9897916,-2.618968e-07,-2.618968e-07,-2.619739e-07,-2.6192677e-07,0.9895856,3.2656324,0.06291545643941217
2.0,0.01961575871443866,-7.715267e-08,-0.98979163,-2.6216102e-07,-2.6216102e-07,-2.6212354e-07,-2.6213107e-07,0.9895856,3.2656324,0.0629477726663714
2.0,0.01962575871443866,-1.4179433e-07,-0.9897916,-2.618968e-07,-2.618968e-07,-2.619739e-07,-2.6192677e-07,0.9895856,3.2656324,0.06298008889333064
2.0,0.019635758714438664,-7.71526e-08,-0.98979163,-2.6216102e-07,-2.6216102e-07,-2.6212354e-07,-2.6213107e-07,0.9895856,3.2656324,0.06301240512028987
2.0,0.019645758714438664,-1.417944e-07,-0.9897916,-2.618968e-07,-2.618968e-07,-2.619739e-07,-2.6192677e-07,0.9895856,3.2656324,0.0630447213472491
2.0,0.019655758714438663,-7.7152535e-08,-0.98979163,-2.6216102e-07,-2.6216102e-07,-2.6212354e-07,-2.6213107e-07,0.9895856,3.2656324,0.06307703757420834
2.0,0.019665758714438663,-1.4179447e-07,-0.9897916,-2.618968e-07,-2.618968e-07,-2.619739e-07,-2.6192677e-07,0.9895856,3.2656324,0.06310935380116757
2.0,0.019675758714438663,-7.7152464e-08,-0.98979163,-2.6216102e-07,-2.6216102e-07,-2.6212354e-07,-2.6213107e-07,0.9895856,3.2656324,0.0631416700281268
2.0,0.019685758714438662,-1.4179454e-07,-0.9897916,-2.618968e-07,-2.618968e-07,-2.619739e-07,-2.6192677e-07,0.9895856,3.2656324,0.06317398625508604
2.0,0.01969575871443866,-7.715239e-08,-0.98979163,-2.6216102e-07,-2.6216102e-07,-2.6212354e-07,-2.6213107e-07,0.9895856,3.2656324,0.06320630248204527
2.0,0.01970575871443866,-1.4179462e-07,-0.9897916,-2.618968e-07,-2.618968e-07,-2.619739e-07,-2.6192677e-07,0.9895856,3.2656324,0.0632386187090045
2.0,0.019715758714438664,-7.715233e-08,-0.98979163,-2.6216102e-07,-2.6216102e-07,-2.6212354e-07,-2.6213107e-07,0.9895856,3.2656324,0.06327093493596374
2.0,0.019725758714438664,-1.4179467e-07,-0.9897916,-2.618968e-07,-2.618968e-07,-2.619739e-07,-2.6192677e-07,0.9895856,3.2656324,0.06330325116292297
2.0,0.019735758714438664,-7.715226e-08,-0.98979163,-2.6216102e-07,-2.6216102e-07,-2.6212354e-07,-2.6213107e-07,0.9895856,3.2656324,0.0633355673898822
2.0,0.019745758714438663,-1.4179474e-07,-0.9897916,-2.618968e-07,-2.618968e-07,-2.619739e-07,-2.6192677e-07,0.9895856,3.2656324,0.06336788361684144
2.0,0.019755758714438663,-7.7152194e-08,-0.98979163,-2.6216102e-07,-2.6216102e-07,-2.6212354e-07,-2.6213107e-07,0.9895856,3.2656324,0.06340019984380067
2.0,0.019765758714438662,-1.4179481e-07,-0.9897916,-2.618968e-07,-2.618968e-07,-2.619739e-07,-2.6192677e-07,0.9895856,3.2656324,0.0634325160707599
2.0,0.019775758714438662,-7.715212e-08,-0.98979163,-2.6216102e-07,-2.6216102e-07,-2.6212354e-07,-2.6213107e-07,0.9895856,3.2656324,0.06346483229771914
2.0,0.01978575871443866,-1.4179489e-07,-0.9897916,-2.618968e-07,-2.618968e-07,-2.619739e-07,-2.6192677e-07,0.9895856,3.2656324,0.06349714852467837
2.0,0.01979575871443866,-7.715205e-08,-0.98979163,-2.6216102e-07,-2.6216102e-07,-2.6212354e-07,-2.6213107e-07,0.9895856,3.2656324,0.06352946475163761
2.0,0.019805758714438664,-1.4179496e-07,-0.9897916,-2.618968e-07,-2.618968e-07,-2.619739e-07,-2.6192677e-07,0.9895856,3.2656324,0.06356178097859684
2.0,0.019815758714438664,-7.715199e-08,-0.98979163,-2.6216102e-07,-2.6216102e-07,-2.6212354e-07,-2.6213107e-07,0.9895856,3.2656324,0.06359409720555607
2.0,0.019825758714438663,-1.4179501e-07,-0.9897916,-2.618968e-07,-2.618968e-07,-2.619739e-07,-2.6192677e-07,0.9895856,3.2656324,0.06362641343251531
2.0,0.019835758714438663,-7.715192e-08,-0.98979163,-2.6216102e-07,-2.6216102e-07,-2.6212354e-07,-2.6213107e-07,0.9895856,3.2656324,0.06365872965947454
2.0,0.019845758714438663,-1.4179508e-07,-0.9897916,-2.618968e-07,-2.618968e-07,-2.619739e-07,-2.6192677e-07,0.9895856,3.2656324,0.06369104588643378
2.0,0.019855758714438662,-7.7151846e-08,-0.98979163,-2.6216102e-07,-2.6216102e-07,-2.6212354e-07,-2.6213107e-07,0.9895856,3.2656324,0.06372336211339301
2.0,0.01986575871443866,-1.4179516e-07,-0.9897916,-2.618968e-07,-2.618968e-07,-2.619739e-07,-2.6192677e-07,0.9895856,3.2656324,0.06375567834035224
2.0,0.01987575871443866,-7.715178e-08,-0.98979163,-2.62161e-07,-2.62161e-07,-2.6212354e-07,-2.6213107e-07,0.9895856,3.2656324,0.06378799456731148
2.0,0.019885758714438664,-1.4179523e-07,-0.9897916,-2.618968e-07,-2.618968e-07,-2.619739e-07,-2.6192677e-07,0.9895856,3.2656324,0.06382031079427071
2.0,0.019895758714438664,-7.715171e-08,-0.98979163,-2.62161e-07,-2.62161e-07,-2.6212354e-07,-2.6213107e-07,0.9895856,3.2656324,0.06385262702122994
2.0,0.019905758714438664,-1.417953e-07,-0.9897916,-2.6189682e-07,-2.6189682e-07,-2.619739e-07,-2.6192677e-07,0.9895856,3.2656324,0.06388494324818918
2.0,0.019915758714438663,-7.715165e-08,-0.98979163,-2.62161e-07,-2.62161e-07,-2.6212354e-07,-2.6213107e-07,0.9895856,3.2656324,0.06391725947514841
2.0,0.019925758714438663,-1.4179535e-07,-0.9897916,-2.6189682e-07,-2.6189682e-07,-2.619739e-07,-2.6192677e-07,0.9895856,3.2656324,0.06394957570210764
2.0,0.019935758714438662,-7.7151576e-08,-0.98979163,-2.62161e-07,-2.62161e-07,-2.6212354e-07,-2.6213107e-07,0.9895856,3.2656324,0.06398189192906688
2.0,0.019945758714438662,-1.4179543e-07,-0.9897916,-2.6189682e-07,-2.6189682e-07,-2.619739e-07,-2.6192677e-07,0.9895856,3.2656324,0.06401420815602611
2.0,0.01995575871443866,-7.7151505e-08,-0.98979163,-2.62161e-07,-2.62161e-07,-2.6212354e-07,-2.6213107e-07,0.9895856,3.2656324,0.06404652438298535
2.0,0.01996575871443866,-1.417955e-07,-0.9897916,-2.6189682e-07,-2.6189682e-07,-2.619739e-07,-2.6192677e-07,0.9895856,3.2656324,0.06407884060994458
2.0,0.019975758714438664,-7.715144e-08,-0.98979163,-2.62161e-07,-2.62161e-07,-2.6212354e-07,-2.6213107e-07,0.9895856,3.2656324,0.06411115683690381
2.0,0.019985758714438664,-1.4179557e-07,-0.9897916,-2.6189682e-07,-2.6189682e-07,-2.619739e-07,-2.6192677e-07,0.9895856,3.2656324,0.06414347306386305
2.0,0.019995758714438663,-7.715137e-08,-0.98979163,-2.62161e-07,-2.62161e-07,-2.6212354e-07,-2.6213107e-07,0.9895856,3.2656324,0.06416648429468261
2.0,0.02,-1.4179568e-07,-0.9897916,-2.6189682e-07,-2.6189682e-07,-2.619739e-07,-2.6192677e-07,0.9895856,3.2656324,0.06417333741363837
2.0,0.020000000001,-1.1036572e-07,-0.98979163,-2.6199322e-07,-2.6199322e-07,-2.6193217e-07,-2.620129e-07,0.9895856,3.2656324,0.06417333741687
2.0,0.020000000002,-1.2693606e-07,-0.98979163,-2.6193806e-07,-2.6193806e-07,-2.6192893e-07,-2.619608e-07,0.9895856,3.2656324,0.06417333742185671
2.0,0.0200000000040862,-1.0203205e-07,-0.98979163,-2.6198083e-07,-2.6198083e-07,-2.61957e-07,-2.6198725e-07,0.9895856,3.2656324,0.06417333742965911
2.0,0.02000000000682878,-1.1821932e-07,-0.98979163,-2.6199183e-07,-2.6199183e-07,-2.619963e-07,-2.6199535e-07,0.9895856,3.2656324,0.06417333744295359
2.0,0.02000000001231394,-1.0049962e-07,-0.98979163,-2.620288e-07,-2.6202883e-07,-2.6203887e-07,-2.6202636e-07,0.9895856,3.2656324,0.06417333746954253
2.0,0.020000000023284253,-1.1913324e-07,-0.98979163,-2.6202892e-07,-2.6202892e-07,-2.6205723e-07,-2.6203e-07,0.9895856,3.2656324,0.0641733375227204
2.0,0.020000000045224883,-1.0192608e-07,-0.98979163,-2.6203963e-07,-2.6203963e-07,-2.62057e-07,-2.620385e-07,0.9895856,3.2656324,0.06417333762907616
2.0,0.020000000089106143,-1.1933278e-07,-0.98979163,-2.620277e-07,-2.620277e-07,-2.6205407e-07,-2.6202886e-07,0.9895856,3.2656324,0.06417333784178768
2.0,0.020000000176868662,-1.0183874e-07,-0.98979163,-2.6203864e-07,-2.6203864e-07,-2.6205606e-07,-2.620375e-07,0.9895856,3.2656324,0.06417333826721071
2.0,0.0200000003523937,-1.1794601e-07,-0.98979163,-2.620269e-07,-2.620269e-07,-2.6205268e-07,-2.6202807e-07,0.9895856,3.2656324,0.06417333911805675
2.0,0.02000000070344378,-9.735704e-08,-0.9897917,-2.6203813e-07,-2.6203813e-07,-2.620554e-07,-2.62037e-07,0.9895856,3.2656324,0.06417334081974885
2.0,0.020000001405543935,-1.05864075e-07,-0.9897917,-2.6203043e-07,-2.6203043e-07,-2.6205782e-07,-2.620316e-07,0.9895856,3.2656324,0.06417334422313303
2.0,0.020000002809744243,-6.9401395e-08,-0.9897918,-2.6205714e-07,-2.6205714e-07,-2.6208338e-07,-2.62056e-07,0.9895856,3.2656324,0.06417335102990142
2.0,0.020000005618144866,-5.2375047e-08,-0.9897919,-2.620897e-07,-2.620897e-07,-2.621451e-07,-2.620909e-07,0.9895856,3.2656324,0.0641733646434382
2.0,0.02000001123494611,1.2685838e-08,-0.98979247,-2.6219504e-07,-2.6219504e-07,-2.622864e-07,-2.62194e-07,0.9895856,3.2656324,0.06417338985133894
2.0,0.020000021218914577,4.1828383e-08,-0.98979443,-2.6234068e-07,-2.6234068e-07,-2.6251467e-07,-2.6234213e-07,0.9895856,3.2656324,0.06417343594301907
2.0,0.020000039760355456,9.125792e-08,-0.98980135,-2.6260997e-07,-2.6260997e-07,-2.6289771e-07,-2.6260972e-07,0.9895856,3.2656324,0.06417350735456911
2.0,0.020000065414389586,8.2547444e-08,-0.98981696,-2.6289223e-07,-2.6289223e-07,-2.633277e-07,-2.628955e-07,0.9895856,3.2656324,0.06417357366042695
2.0,0.02000008079599858,1.0139779e-07,-0.9898293,-2.6304792e-07,-2.6304792e-07,-2.6354365e-07,-2.630498e-07,0.9895856,3.2656326,0.06417361687329888
2.0,0.020000092158148255,8.7963464e-08,-0.98983973,-2.6313015e-07,-2.6313015e-07,-2.636788e-07,-2.631351e-07,0.9895856,3.2656324,0.06417365519737613
2.0,0.020000104514161777,1.15698285e-07,-0.9898522,-2.632323e-07,-2.632323e-07,-2.638158e-07,-2.6323582e-07,0.98958564,3.2656324,0.06417370051546664
2.0,0.0200001202047932,1.2158472e-07,-0.9898693,-2.6332117e-07,-2.6332117e-07,-2.6396089e-07,-2.6332822e-07,0.98958564,3.2656326,0.06417375520465857
2.0,0.020000138360429735,1.7526408e-07,-0.9898906,-2.6342875e-07,-2.6342875e-07,-2.6410615e-07,-2.63435e-07,0.98958564,3.2656326,0.0641738324524789
2.0,0.02000016801223621,2.2941167e-07,-0.98992795,-2.6353678e-07,-2.6353678e-07,-2.6428012e-07,-2.6354795e-07,0.98958564,3.2656326,0.06417393017206575
2.0,0.020000198837522284,3.271062e-07,-0.98996925,-2.636303e-07,-2.636303e-07,-2.644054e-07,-2.6364205e-07,0.9895857,3.2656329,0.06417407249127198
2.0,0.020000256091308316,4.4985663e-07,-0.99004906,-2.6368946e-07,-2.6368943e-07,-2.64509e-07,-2.637091e-07,0.98958576,3.265633,0.06417425570612109
2.0,0.02000031222623455,5.776309e-07,-0.99012816,-2.636937e-07,-2.636937e-07,-2.6450437e-07,-2.6371654e-07,0.9895858,3.2656333,0.06417447771197694
2.0,0.020000393487138272,6.9549407e-07,-0.9902384,-2.6358012e-07,-2.6358012e-07,-2.6435498e-07,-2.636129e-07,0.98958594,3.2656336,0.06417463328071753
2.0,0.02000040850518816,7.3101705e-07,-0.9902577,-2.6355414e-07,-2.6355414e-07,-2.6431056e-07,-2.6358708e-07,0.989586,3.2656336,0.06417470607978291
2.0,0.020000438541287937,7.8316174e-07,-0.99029523,-2.6347834e-07,-2.6347834e-07,-2.642003e-07,-2.6351387e-07,0.989586,3.2656338,0.06417485167792442
2.0,0.020000498613487492,8.8809395e-07,-0.99036133,-2.632057e-07,-2.632057e-07,-2.6380127e-07,-2.6324565e-07,0.9895861,3.265634,0.0641751428742504
2.0,0.020000618757886602,1.0660187e-06,-0.9903994,-2.6164707e-07,-2.6164707e-07,-2.6150752e-07,-2.6168883e-07,0.98958635,3.265635,0.06417561270055354
2.0,0.020000789381058325,1.1850661e-06,-0.99005365,-2.5770132e-07,-2.5770132e-07,-2.5568454e-07,-2.5771675e-07,0.9895865,3.2656355,0.06417612176081311
2.0,0.020000933806621282,1.1477778e-06,-0.9893066,-2.5423287e-07,-2.5423287e-07,-2.5054945e-07,-2.541942e-07,0.98958623,3.2656343,0.06417661432519214
2.0,0.02000109422095308,9.815311e-07,-0.988011,-2.5080578e-07,-2.5080578e-07,-2.4545503e-07,-2.5067487e-07,0.9895853,3.2656312,0.06417714206112977
2.0,0.020001260414234667,7.1749366e-07,-0.9862055,-2.4757705e-07,-2.4757705e-07,-2.4063476e-07,-2.473193e-07,0.9895834,3.2656252,0.06417770518308828
2.0,0.02000144272973905,3.6768864e-07,-0.98374987,-2.4452007e-07,-2.4452007e-07,-2.3604494e-07,-2.4409172e-07,0.98958,3.2656138,0.06417831119938491
2.0,0.020001635472364315,-2.846012e-08,-0.98070014,-2.4180468e-07,-2.4180468e-07,-2.3193786e-07,-2.411667e-07,0.9895746,3.2655962,0.06417899647177736
2.0,0.020001866843365527,-4.979962e-07,-0.9765666,-2.393007e-07,-2.393007e-07,-2.2810418e-07,-2.3838145e-07,0.98956555,3.2655663,0.0641797251487986
2.0,0.020002086457241674,-8.9421036e-07,-0.9723289,-2.3795286e-07,-2.3795286e-07,-2.2596933e-07,-2.3674859e-07,0.9895541,3.2655284,0.06418039778569246
2.0,0.020002283154139756,-1.1924946e-06,-0.96841085,-2.3744133e-07,-2.3744133e-07,-2.2507811e-07,-2.3597724e-07,0.98954135,3.2654865,0.06418110515171636
2.0,0.020002524273963967,-1.4890121e-06,-0.9636232,-2.3769695e-07,-2.3769695e-07,-2.2528796e-07,-2.3592084e-07,0.9895226,3.2654245,0.06418189642860152
2.0,0.02000277292521304,-1.7280125e-06,-0.9588714,-2.387421e-07,-2.387421e-07,-2.2666484e-07,-2.3666328e-07,0.9894997,3.265349,0.06418283787348547
2.0,0.020003107020424564,-1.9695851e-06,-0.9529211,-2.4024624e-07,-2.4024624e-07,-2.2868238e-07,-2.3779965e-07,0.9894637,3.2652302,0.06418384321898214
2.0,0.020003395270894855,-2.1225164e-06,-0.9481801,-2.4145112e-07,-2.4145112e-07,-2.3030476e-07,-2.387219e-07,0.9894281,3.2651126,0.06418485918776697
2.0,0.02000373598756502,-2.256424e-06,-0.94300663,-2.4277577e-07,-2.4277577e-07,-2.3209583e-07,-2.3975005e-07,0.9893811,3.2649574,0.0641859878263513
2.0,0.020004094056209055,-2.3577284e-06,-0.9380249,-2.4400742e-07,-2.4400742e-07,-2.3376299e-07,-2.4070977e-07,0.98932636,3.2647767,0.06418708813164525
2.0,0.020004417305984335,-2.4237245e-06,-0.93388766,-2.4502444e-07,-2.4502444e-07,-2.351449e-07,-2.4151242e-07,0.98927265,3.2645996,0.0641881610673896
2.0,0.020004758499316773,-2.4752878e-06,-0.9298515,-2.4597284e-07,-2.4597284e-07,-2.3643459e-07,-2.422631e-07,0.98921186,3.2643993,0.06418924962550265
2.0,0.02000509150641692,-2.512018e-06,-0.9262059,-2.4682086e-07,-2.4682086e-07,-2.3759243e-07,-2.429433e-07,0.98914886,3.2641912,0.06419036755555046
2.0,0.020005450979556312,-2.54142e-06,-0.92256063,-2.4762454e-07,-2.4762454e-07,-2.3869097e-07,-2.4359053e-07,0.98907703,3.2639542,0.06419152928486939
2.0,0.020005811221807997,-2.5627473e-06,-0.9191766,-2.4835714e-07,-2.4835714e-07,-2.3969687e-07,-2.441892e-07,0.98900133,3.2637043,0.0641927417799982
2.0,0.020006202260381762,-2.5801141e-06,-0.91577226,-2.4904796e-07,-2.4904796e-07,-2.4064715e-07,-2.447573e-07,0.9889154,3.2634206,0.06419403054442102
2.0,0.0200066098991439,-2.593584e-06,-0.9124855,-2.496964e-07,-2.496964e-07,-2.4154386e-07,-2.452997e-07,0.9888218,3.2631118,0.06419541984543489
2.0,0.020007063405512542,-2.6063865e-06,-0.90910155,-2.5031116e-07,-2.5031116e-07,-2.4239657e-07,-2.4581908e-07,0.9887133,3.262754,0.06419694629762461
2.0,0.020007556263752564,-2.6206042e-06,-0.9057032,-2.5090517e-07,-2.5090517e-07,-2.4322648e-07,-2.4633243e-07,0.98859066,3.2623491,0.06419864232393216
2.0,0.02000811516304993,-2.645043e-06,-0.90214473,-2.514538e-07,-2.514538e-07,-2.439965e-07,-2.468136e-07,0.98844594,3.2618716,0.06420045878243112
2.0,0.020008683034813308,-2.692887e-06,-0.8987959,-2.5193162e-07,-2.5193162e-07,-2.446731e-07,-2.472442e-07,0.98829335,3.261368,0.06420241357256662
2.0,0.020009328117362706,-2.815357e-06,-0.8952539,-2.5235255e-07,-2.5235255e-07,-2.4527327e-07,-2.4763187e-07,0.98811364,3.260775,0.06420462908750048
2.0,0.0200100582698859,-3.1541676e-06,-0.89150745,-2.527375e-07,-2.527375e-07,-2.458284e-07,-2.47999e-07,0.98790276,3.2600791,0.06420739675104828
2.0,0.02001104682083247,-4.4182675e-06,-0.8867517,-2.530893e-07,-2.530893e-07,-2.463426e-07,-2.4834938e-07,0.98760533,3.2590976,0.06421013244326655
2.0,0.02001175814278627,-6.377524e-06,-0.8834874,-2.5326423e-07,-2.5326423e-07,-2.466028e-07,-2.48534e-07,0.9873833,3.258365,0.0642122533317271
2.0,0.02001236526676504,-8.972887e-06,-0.8807624,-2.5334458e-07,-2.5334458e-07,-2.4672508e-07,-2.4862632e-07,0.9871887,3.2577226,0.06421438006661499
2.0,0.02001308074446946,-1.2995916e-05,-0.8775841,-2.5339875e-07,-2.5339875e-07,-2.4681e-07,-2.4869607e-07,0.98695344,3.2569463,0.06421657519676875
2.0,0.020013731053845584,-1.7262599e-05,-0.8746965,-2.533802e-07,-2.533802e-07,-2.467869e-07,-2.4869098e-07,0.98673403,3.2562222,0.0642187026338574
2.0,0.0200144050023692,-2.1933956e-05,-0.8716742,-2.5332488e-07,-2.5332488e-07,-2.4670828e-07,-2.486468e-07,0.9865011,3.2554536,0.06422077741257012
2.0,0.020015023143656118,-2.6222151e-05,-0.8688511,-2.5321222e-07,-2.5321222e-07,-2.4654292e-07,-2.4854035e-07,0.98628235,3.2547317,0.06422280636015569
2.0,0.02001566911091497,-3.0551066e-05,-0.8658234,-2.5306133e-07,-2.5306133e-07,-2.463184e-07,-2.4839025e-07,0.98604846,3.25396,0.0642248306022796
2.0,0.020016284918892686,-3.446169e-05,-0.8628404,-2.5285345e-07,-2.5285345e-07,-2.4600666e-07,-2.481764e-07,0.9858203,3.253207,0.06422683192330925
2.0,0.020016917176187886,-3.8212158e-05,-0.85965526,-2.5260425e-07,-2.5260425e-07,-2.4562974e-07,-2.4791285e-07,0.9855805,3.2524157,0.06422881229451857
2.0,0.020017520520439404,-4.1531846e-05,-0.856477,-2.522988e-07,-2.522988e-07,-2.4516578e-07,-2.4758464e-07,0.98534626,3.2516427,0.06423066753539278
2.0,0.020018075256292605,-4.4357428e-05,-0.85341513,-2.5198554e-07,-2.5198554e-07,-2.446869e-07,-2.472416e-07,0.98512596,3.2509155,0.06423239327326002
2.0,0.02001859824396336,-4.6834546e-05,-0.8503884,-2.516311e-07,-2.516311e-07,-2.441439e-07,-2.4685042e-07,0.9849137,3.2502153,0.06423402358528711
2.0,0.020019093825187004,-4.9027545e-05,-0.8473794,-2.5126823e-07,-2.5126823e-07,-2.435852e-07,-2.464442e-07,0.98470837,3.2495377,0.06423557514591573
2.0,0.020019568015728618,-5.1014995e-05,-0.84435797,-2.5086615e-07,-2.5086615e-07,-2.4296537e-07,-2.4599208e-07,0.9845078,3.2488759,0.06423706700945474
2.0,0.020020026664472352,-5.2880067e-05,-0.84129006,-2.5045244e-07,-2.5045244e-07,-2.423249e-07,-2.4552145e-07,0.9843098,3.2482224,0.06423851842228091
2.0,0.02002047592698326,-5.4739117e-05,-0.8381336,-2.4999346e-07,-2.4999346e-07,-2.4161386e-07,-2.4499795e-07,0.98411185,3.247569,0.06423994857519219
2.0,0.020020921636797927,-5.6740082e-05,-0.8348412,-2.4951103e-07,-2.4951103e-07,-2.4086393e-07,-2.444423e-07,0.98391134,3.2469075,0.06424136743140312
2.0,0.020021364191906643,-5.8998867e-05,-0.8314007,-2.4897582e-07,-2.4897582e-07,-2.4003174e-07,-2.438248e-07,0.9837079,3.246236,0.06424279263942202
2.0,0.02002181424727655,-6.148452e-05,-0.8277129,-2.4839943e-07,-2.4839943e-07,-2.391328e-07,-2.431541e-07,0.9834964,3.2455382,0.06424426351244168
2.0,0.02002228579865858,-6.389647e-05,-0.8236288,-2.4773055e-07,-2.4773055e-07,-2.3808906e-07,-2.423743e-07,0.9832695,3.2447894,0.06424584520181534
2.0,0.020022805745901397,-6.58593e-05,-0.81884384,-2.4694359e-07,-2.4694359e-07,-2.3685732e-07,-2.4144964e-07,0.9830126,3.2439418,0.06424767498527226
2.0,0.02002343341720934,-6.7331945e-05,-0.8126396,-2.4588917e-07,-2.4588917e-07,-2.3520431e-07,-2.4020596e-07,0.98269254,3.242885,0.06425014651218727
2.0,0.020024356868480073,-6.888172e-05,-0.80256754,-2.4416633e-07,-2.4416633e-07,-2.3249277e-07,-2.3815484e-07,0.9821996,3.2412586,0.06425419871086936
2.0,0.02002597911753927,-7.175411e-05,-0.7816936,-2.40515e-07,-2.40515e-07,-2.2672137e-07,-2.3376364e-07,0.98126024,3.2381587,0.06425938682625805
2.0,0.02002762242562393,-7.475268e-05,-0.7554287,-2.3558822e-07,-2.3558822e-07,-2.1892788e-07,-2.2782771e-07,0.98019475,3.2346425,0.06426581311420068
2.0,0.020030032816614973,-7.809831e-05,-0.70455885,-2.2624856e-07,-2.2624856e-07,-2.0406092e-07,-2.1640106e-07,0.9783571,3.2285783,0.06427477834339512
2.0,0.0200332989523329,-8.179795e-05,-0.6005093,-2.0554323e-07,-2.0554323e-07,-1.7114911e-07,-1.9115743e-07,0.9751152,3.21788,0.06428542501293599
2.0,0.02003681888167981,-8.4831045e-05,-0.40760368,-1.6265095e-07,-1.6265095e-07,-1.032332e-07,-1.3935914e-07,0.9700579,3.2011912,0.06429573888667134
2.0,0.02003994162034772,-8.742053e-05,-0.16935055,-1.4120285e-07,-1.4120285e-07,-6.5965395e-08,-1.07462505e-07,0.9635663,3.179769,0.06430244026316101
2.0,0.02004119326488426,-8.7538785e-05,-0.099374354,-2.019204e-07,-2.019204e-07,-1.5419901e-07,-1.6636987e-07,0.96040606,3.1693401,0.06430668003712196
2.0,0.02004272741403406,-8.8102184e-05,-0.038168095,-1.7829788e-07,-1.7829788e-07,-1.1882649e-07,-1.4237942e-07,0.95625216,3.1556323,0.06431039137758032
2.0,0.020043653077134703,-8.777573e-05,-0.01492849,-2.392732e-07,-2.392732e-07,-2.0824031e-07,-2.0409975e-07,0.953641,3.1470156,0.06431272673469002
2.0,0.02004428373621574,-8.822787e-05,-0.005239559,-2.0684755e-07,-2.0684755e-07,-1.595851e-07,-1.7257075e-07,0.9518367,3.141061,0.06431426123243844
2.0,0.02004467957347928,-8.86228e-05,-0.0017674777,-2.65275e-07,-2.65275e-07,-2.4296887e-07,-2.317315e-07,0.95069885,3.1373062,0.06431521738374688
2.0,0.020044924881938667,-9.318264e-05,-0.00064479216,-2.410243e-07,-2.410243e-07,-1.9951098e-07,-2.0799084e-07,0.94999295,3.1349769,0.06431577554420427
2.0,0.020045054403475947,-0.00012210003,-0.00035607742,-3.4346047e-07,-3.4346047e-07,-3.2472602e-07,-3.1072886e-07,0.94962037,3.133747,0.06431612622070684
2.0,0.02004516056191593,-0.00013910879,-0.00026479262,-3.9502325e-07,-3.9502325e-07,-3.554364e-07,-3.6254033e-07,0.949315,3.1327395,0.06431644214655755
2.0,0.020045266865118663,-0.00014351978,-0.00023829902,-5.6073804e-07,-5.6073804e-07,-5.4298295e-07,-5.2851317e-07,0.94900936,3.131731,0.0643168282734448
2.0,0.02004542040136394,-0.0001455587,-0.00022430846,-6.9750655e-07,-6.9750655e-07,-6.5861775e-07,-6.656517e-07,0.9485681,3.1302745,0.0643172845801817
2.0,0.020045574217039692,-0.00014551991,-0.00021646742,-9.272274e-07,-9.272274e-07,-9.101581e-07,-8.957502e-07,0.9481262,3.1288164,0.06431783738943181
2.0,0.020045793101102476,-0.00014591291,-0.00020799467,-1.1415376e-06,-1.1415376e-06,-1.1034783e-06,-1.1106002e-06,0.9474978,3.1267426,0.06431863570470298
2.0,0.020046113149207408,-0.00014564217,-0.00019514903,-1.5606654e-06,-1.5606654e-06,-1.5447728e-06,-1.530528e-06,0.94657964,3.1237128,0.06431968690535952
2.0,0.0200465041301915,-0.00014634016,-0.00018046616,-1.961262e-06,-1.961262e-06,-1.9247889e-06,-1.932111e-06,0.9454592,3.1200154,0.0643210353226764
2.0,0.020047027377786505,-0.00014721963,-0.00015910977,-2.5856393e-06,-2.5856393e-06,-2.5717864e-06,-2.557817e-06,0.94396174,3.1150737,0.06432250255838912
2.0,0.020047502076518165,-0.00015030714,-0.00013831972,-3.0464375e-06,-3.0464375e-06,-3.0122046e-06,-3.019819e-06,0.9426053,3.1105974,0.06432391672747989
2.0,0.02004799200083609,-0.00015573205,-0.00011131973,-3.5920145e-06,-3.5920145e-06,-3.5803012e-06,-3.5666255e-06,0.94120735,3.1059842,0.06432540247526311
2.0,0.020048518537093565,-0.00016775331,-7.845272e-05,-4.0451278e-06,-4.0451278e-06,-4.0131335e-06,-4.021038e-06,0.9397072,3.101034,0.06432679073274335
2.0,0.020048944799067932,-0.00017311696,-7.186804e-05,-4.4140475e-06,-4.4140475e-06,-4.4044186e-06,-4.390981e-06,0.93849456,3.0970323,0.06432810289772513
2.0,0.020049421439761125,-0.00017597005,-7.5480246e-05,-4.573914e-06,-4.573914e-06,-4.543814e-06,-4.551952e-06,0.9371404,3.0925634,0.0643294259387294
2.0,0.02004985781848935,-0.00017767564,-7.773228e-05,-4.6745495e-06,-4.6745495e-06,-4.6667355e-06,-4.653549e-06,0.9359024,3.088478,0.06433066260764154
2.0,0.020050277113772205,-0.0001797195,-8.018301e-05,-4.6065247e-06,-4.6065247e-06,-4.5780516e-06,-4.586401e-06,0.9347144,3.0845573,0.06433209677916757
2.0,0.020050852672404588,-0.000180792,-8.1727485e-05,-4.560901e-06,-4.560901e-06,-4.554842e-06,-4.5418974e-06,0.93308604,3.079184,0.06433369651351609
2.0,0.020051390691463142,-0.00018215545,-8.34705e-05,-4.4026733e-06,-4.4026733e-06,-4.3760497e-06,-4.3846394e-06,0.93156654,3.0741694,0.06433519203860529
2.0,0.02005189710885258,-0.00018232978,-8.3996354e-05,-4.3358514e-06,-4.3358514e-06,-4.3313876e-06,-4.3186615e-06,0.93013847,3.069457,0.0643364738696012
2.0,0.020052288640321755,-0.00018312948,-8.505449e-05,-4.2032834e-06,-4.2032834e-06,-4.1779545e-06,-4.186709e-06,0.9290359,3.0658185,0.06433763169715133
2.0,0.02005271011709039,-0.0001829883,-8.52027e-05,-4.156508e-06,-4.156508e-06,-4.1531284e-06,-4.140555e-06,0.9278505,3.0619066,0.06433891353657242
2.0,0.02005319102909865,-0.0001836896,-8.6224136e-05,-4.008895e-06,-4.008895e-06,-3.984715e-06,-3.993614e-06,0.9264997,3.057449,0.06434030514324925
2.0,0.020053692638374195,-0.00018343708,-8.632009e-05,-3.951132e-06,-3.951132e-06,-3.948914e-06,-3.9365023e-06,0.92509294,3.0528069,0.06434186556124089
2.0,0.02005429609009756,-0.00018401492,-8.730948e-05,-3.7866105e-06,-3.7866105e-06,-3.7636603e-06,-3.772716e-06,0.9234034,3.0472312,0.06434371949088484
2.0,0.020055010368155192,-0.00018362366,-8.742585e-05,-3.6974666e-06,-3.6974666e-06,-3.6965946e-06,-3.6843667e-06,0.92140746,3.0406446,0.0643460251371765
2.0,0.020055941997054544,-0.00018398107,-8.844578e-05,-3.4869286e-06,-3.4869286e-06,-3.4655175e-06,-3.474773e-06,0.9188107,3.0320754,0.06434900005758094
2.0,0.020057146063417974,-0.00018322213,-8.858314e-05,-3.3342753e-06,-3.3342753e-06,-3.3351791e-06,-3.3231904e-06,0.9154655,3.0210361,0.06435308168791377
2.0,0.020058893653228795,-0.00018286548,-8.957592e-05,-3.0293045e-06,-3.0293045e-06,-3.0100132e-06,-3.0195476e-06,0.9106318,3.0050848,0.0643590785318178
2.0,0.02006152887900188,-0.00018059276,-8.9541616e-05,-2.734981e-06,-2.734981e-06,-2.7384642e-06,-2.72682e-06,0.9033911,2.9811904,0.06436650887729958
2.0,0.02006441154851857,-0.00017823139,-8.9979796e-05,-2.3760142e-06,-2.3760142e-06,-2.3593257e-06,-2.369205e-06,0.8955365,2.9552705,0.06437453299271392
2.0,0.020067592703712854,-0.00017414152,-8.923567e-05,-2.1303517e-06,-2.1303517e-06,-2.136038e-06,-2.1246883e-06,0.8869478,2.9269278,0.06438258450591686
2.0,0.020070614486510513,-0.00017090037,-8.9219546e-05,-1.8516089e-06,-1.8516089e-06,-1.8366912e-06,-1.8468055e-06,0.8788657,2.9002569,0.0643887813087871
2.0,0.02007245496936247,-0.00016803043,-8.8434674e-05,-1.771566e-06,-1.771566e-06,-1.7783917e-06,-1.7671957e-06,0.87397933,2.884132,0.06439237788644246
2.0,0.02007346815268957,-0.00016726354,-8.861907e-05,-1.6618382e-06,-1.6618382e-06,-1.6475009e-06,-1.6576893e-06,0.87130094,2.875293,0.06439428734121168
2.0,0.020073979334786534,-0.0016591398,0.00018214932,-7.714193e-07,-7.714193e-07,-7.811557e-07,-7.674238e-07,0.86995405,2.8708484,0.06439541997245472
2.0,0.02007437516246556,-0.0012042477,9.778215e-05,4.2977504e-07,4.2977504e-07,4.4754813e-07,4.337123e-07,0.8689126,2.8674116,0.06439625552704518
2.0,0.020074650050860638,-0.0015067682,0.00017000652,1.0459995e-06,1.0459995e-06,1.034241e-06,1.0498927e-06,0.86819017,2.8650277,0.06439696951212164
2.0,0.02007494924647069,-0.0014571595,0.0001282769,1.9213205e-06,1.9213205e-06,1.9399542e-06,1.9251686e-06,0.8674045,2.8624349,0.06439782632216996
2.0,0.02007534022272903,-0.001538995,0.00016595186,2.8699246e-06,2.8699246e-06,2.857944e-06,2.8737365e-06,0.866379,2.8590508,0.06439871826348983
2.0,0.02007566941886318,-0.0018572222,0.00011170604,3.7155e-06,3.7155e-06,3.7329046e-06,3.7192474e-06,0.8655168,2.8562055,0.06439923551871511
2.0,0.020075758698129095,-0.0024941533,-3.262603e-05,3.6570227e-06,3.6570227e-06,3.6362223e-06,3.6606814e-06,0.8652834,2.8554354,0.06439942761273282
2.0,0.0200758249126819,-0.0040165843,6.3493055e-05,3.6885629e-06,3.6885629e-06,3.6920906e-06,3.6921303e-06,0.86511093,2.854866,0.06439953750619057
2.0,0.020075847688759446,-0.004434014,-2.3720152e-06,3.639212e-06,3.639212e-06,3.6180727e-06,3.642735e-06,0.8650516,2.8546705,0.06439957870038165
2.0,0.02007585827590199,-0.004701333,2.8728151e-05,3.6864528e-06,3.6864528e-06,3.689301e-06,3.689951e-06,0.8650241,2.8545797,0.06439959951366761
2.0,0.02007586454653492,-0.0048413016,2.0986203e-05,3.63146e-06,3.63146e-06,3.6089639e-06,3.634974e-06,0.8650078,2.8545258,0.06439961429044744
2.0,0.02007587024484537,-0.0049779727,2.1037322e-05,3.6826862e-06,3.6826862e-06,3.6843787e-06,3.6861413e-06,0.864993,2.854477,0.06439962886907362
2.0,0.02007587635538196,-0.005126215,2.1486658e-05,3.63094e-06,3.63094e-06,3.6089255e-06,3.6344522e-06,0.8649771,2.8544245,0.06439964776245574
2.0,0.020075885549253592,-0.005354918,2.0810383e-05,3.6773517e-06,3.6773517e-06,3.6776669e-06,3.680764e-06,0.8649532,2.8543456,0.06439968181024111
2.0,0.020075903936996858,-0.005828623,2.1317272e-05,3.6254805e-06,3.6254805e-06,3.6028225e-06,3.6289484e-06,0.8649055,2.8541882,0.06439974989829551
2.0,0.02007594071248339,-0.0068431245,2.0519672e-05,3.663996e-06,3.663996e-06,3.662008e-06,3.6672927e-06,0.8648101,2.8538735,0.06439988604437845
2.0,0.02007601426345645,-0.009130039,2.0954336e-05,3.5997386e-06,3.5997386e-06,3.57307e-06,3.6029628e-06,0.86461985,2.8532455,0.06440015821673016
2.0,0.02007616136540257,-0.014722215,2.0133468e-05,3.611198e-06,3.611198e-06,3.6009742e-06,3.6139115e-06,0.8642415,2.851997,0.06440070208512295
2.0,0.020076455569294816,-0.029865846,2.0749902e-05,3.4934365e-06,3.4934365e-06,3.4505101e-06,3.495147e-06,0.8634957,2.849536,0.06440152127357134
2.0,0.02007682722015564,-0.056210425,2.031051e-05,3.4512946e-06,3.4512946e-06,3.416823e-06,3.4510176e-06,0.8625801,2.8465145,0.06440234671596488
2.0,0.02007712793247048,-0.08308742,2.1180704e-05,3.3341091e-06,3.3341091e-06,3.26724e-06,3.3320296e-06,0.86186594,2.8441577,0.06440307400613351
2.0,0.02007742061573329,-0.113732696,2.0824948e-05,3.3129695e-06,3.3129695e-06,3.2577889e-06,3.3086449e-06,0.8611983,2.8419542,0.06440389251998029
2.0,0.02007779679332813,-0.15918823,2.1881337e-05,3.1812542e-06,3.1812542e-06,3.091664e-06,3.1738855e-06,0.86038625,2.8392746,0.06440477417806499
2.0,0.020078142436450414,-0.20653202,2.168329e-05,3.1514348e-06,3.1514348e-06,3.072507e-06,3.1407326e-06,0.8596912,2.836981,0.0644056390437462
2.0,0.02007850601131666,-0.261613,2.2828703e-05,3.0263202e-06,3.0263202e-06,2.9142648e-06,3.0120043e-06,0.85901886,2.834762,0.06440648664755536
2.0,0.020078838587643814,-0.31633613,2.2693663e-05,3.0027486e-06,3.0027486e-06,2.902584e-06,2.9846879e-06,0.8584611,2.8329215,0.06440731632173545
2.0,0.020079188322361333,-0.37794554,2.3895032e-05,2.8841155e-06,2.8841155e-06,2.7521364e-06,2.862105e-06,0.85793793,2.8311954,0.06440824669179719
2.0,0.0200796046427572,-0.45616776,2.3967232e-05,2.8470015e-06,2.8470015e-06,2.7254607e-06,2.819821e-06,0.85740554,2.8294382,0.06440935497898696
2.0,0.020080102005903485,-0.5557177,2.550493e-05,2.7037304e-06,2.7037304e-06,2.5477093e-06,2.6703165e-06,0.85690606,2.82779,0.06441068684932602
2.0,0.020080703931017213,-0.683681,2.601153e-05,2.6373782e-06,2.6373782e-06,2.4889493e-06,2.5959016e-06,0.85651207,2.82649,0.06441231225577676
2.0,0.020081444805004848,-0.85009027,2.8127848e-05,2.4584056e-06,2.4584056e-06,2.2726144e-06,2.4069736e-06,0.8563608,2.8259907,0.06441437211740066
2.0,0.02008240624847935,-1.0764093,2.9475199e-05,2.3422358e-06,2.3422358e-06,2.1606843e-06,2.2775598e-06,0.8567393,2.8272395,0.06441712943523417
2.0,0.020083721503652185,-1.3962966,3.288533e-05,2.0896866e-06,2.0896866e-06,1.8673678e-06,2.0076168e-06,0.8583443,2.8325362,0.06442111376492983
2.0,0.020085683790440026,-1.8753915,3.6316946e-05,1.8590421e-06,1.8590421e-06,1.6391888e-06,1.7531997e-06,0.8630954,2.8482146,0.06442697319384193
2.0,0.020088488598070036,-2.5236087,4.2313975e-05,1.4725435e-06,1.4725435e-06,1.2197307e-06,1.3404064e-06,0.8745956,2.8861656,0.06443371858452111
2.0,0.02009102830899925,-3.0445466,4.5838187e-05,1.2603169e-06,1.2603169e-06,1.0323937e-06,1.1129111e-06,0.88938534,2.9349716,0.06444054253281746
2.0,0.02009371703457435,-3.4118545,4.8749655e-05,1.0737285e-06,1.0737285e-06,8.8342546e-07,9.258763e-07,0.9084666,2.9979396,0.06444839047297934
2.0,0.020096791378390162,-3.2665489,4.4665907e-05,1.1893461e-06,1.1893461e-06,1.1992971e-06,1.0791283e-06,0.93095344,3.0721464,0.06445724255187407
2.0,0.02009990724506301,-2.764353,3.992099e-05,9.1783295e-07,9.1783295e-07,9.384011e-07,8.629119e-07,0.95038295,3.1362636,0.06446202444457683
2.0,0.020100000001,-2.747344,3.870602e-05,1.0494774e-06,1.0494774e-06,1.1357976e-06,9.961358e-07,0.95088494,3.1379204,0.06446216282870337
2.0,0.020100000002,-2.747344,3.8891056e-05,1.0488882e-06,1.0488882e-06,1.1345625e-06,9.956324e-07,0.95088494,3.1379204,0.06446216285406568
2.0,0.020100000018,-2.7473419,3.9978888e-05,1.0257281e-06,1.0257281e-06,1.1001033e-06,9.732931e-07,0.95088506,3.1379209,0.06446216292567693
2.0,0.02010000005,-2.7473347,3.9087136e-05,9.979796e-07,9.979796e-07,1.0597153e-06,9.448205e-07,0.95088524,3.1379213,0.0644621630406944
2.0,0.020100000095094547,-2.7473266,3.943896e-05,9.893953e-07,9.893953e-07,1.0476277e-06,9.362003e-07,0.9508855,3.137922,0.06446216324252435
2.0,0.02010000018528364,-2.74731,3.9206276e-05,9.843466e-07,9.843466e-07,1.039923e-06,9.3102824e-07,0.95088595,3.1379237,0.06446216364618469
2.0,0.02010000036566182,-2.7472768,3.9287574e-05,9.81194e-07,9.81194e-07,1.035538e-06,9.2793033e-07,0.9508869,3.1379268,0.06446216445350698
2.0,0.02010000072641819,-2.7472105,3.9190083e-05,9.803937e-07,9.803937e-07,1.0341308e-06,9.270503e-07,0.9508889,3.1379333,0.06446216606815829
2.0,0.02010000144793092,-2.7470782,3.9269322e-05,9.809191e-07,9.809191e-07,1.0351645e-06,9.276658e-07,0.95089275,3.1379461,0.0644621692974872
2.0,0.02010000289095639,-2.746813,3.91845e-05,9.810395e-07,9.810395e-07,1.0351757e-06,9.277378e-07,0.9509005,3.1379719,0.06446217575625084
2.0,0.020100005777007327,-2.7462833,3.9254595e-05,9.811497e-07,9.811497e-07,1.0356812e-06,9.2797353e-07,0.95091605,3.1380231,0.06446218867420024
2.0,0.020100011549109204,-2.7452235,3.9166433e-05,9.807616e-07,9.807616e-07,1.0351254e-06,9.276126e-07,0.9509471,3.1381254,0.0644622145117835
2.0,0.02010002309331295,-2.743104,3.9217506e-05,9.802325e-07,9.802325e-07,1.0350452e-06,9.273598e-07,0.95100915,3.1383302,0.06446226619369601
2.0,0.020100046181720448,-2.738864,3.909572e-05,9.78971e-07,9.78971e-07,1.0339182e-06,9.264289e-07,0.9511331,3.138739,0.06446236958445556
2.0,0.020100092358535437,-2.7303813,3.9078524e-05,9.76677e-07,9.76677e-07,1.0326637e-06,9.250163e-07,0.95137995,3.1395538,0.06446257647333292
2.0,0.020100184712165424,-2.7134047,3.8820483e-05,9.718517e-07,9.718517e-07,1.0291252e-06,9.2172587e-07,0.95186996,3.141171,0.06446299067748211
2.0,0.02010036941942539,-2.6794274,3.852941e-05,9.622753e-07,9.622753e-07,1.0227653e-06,9.1541483e-07,0.95283544,3.1443567,0.06446382076698355
2.0,0.02010073883394533,-2.6115289,3.772811e-05,9.424227e-07,9.424227e-07,1.0081153e-06,9.0175746e-07,0.95470774,3.1505358,0.06446548747712111
2.0,0.0201014776629852,-2.4770532,3.6378224e-05,9.0123285e-07,9.0123285e-07,9.763319e-07,8.7265613e-07,0.9582203,3.1621273,0.0644688454711934
2.0,0.02010295532106495,-2.2202826,3.3623677e-05,8.140359e-07,8.140359e-07,9.0104703e-07,8.06941e-07,0.9643519,3.1823614,0.06447564768468966
2.0,0.020105910637224448,-1.7863392,2.92351e-05,6.3528256e-07,6.3528256e-07,7.290419e-07,6.6036785e-07,0.973479,3.2124805,0.06448714533514359
2.0,0.020110308447472806,-1.3659141,2.4796991e-05,3.930877e-07,3.930877e-07,4.7293253e-07,4.4104345e-07,0.98132515,3.238373,0.06450090080953595
2.0,0.020114567604076556,-1.1663429,2.2587272e-05,2.1533049e-07,2.1533049e-07,2.779717e-07,2.6606418e-07,0.98491347,3.2502146,0.06451178650650777
2.0,0.020117109499725342,-1.106111,2.1671192e-05,1.3482887e-07,1.3482887e-07,1.8848009e-07,1.8245164e-07,0.9860544,3.2539797,0.06451945894088242
2.0,0.020119350021322955,-1.0721716,2.1174012e-05,7.524408e-08,7.524408e-08,1.2214149e-07,1.1918607e-07,0.9867403,3.2562428,0.06452735971639934
2.0,0.020122027404215724,-1.0460907,2.0535734e-05,1.6433782e-08,1.6433782e-08,5.6136333e-08,5.532928e-08,0.9873157,3.2581418,0.06453617361790139
2.0,0.02012482991545599,-1.0294325,2.0115753e-05,-3.47115e-08,-3.47115e-08,-1.371721e-09,-9.35728e-10,0.9877355,3.259527,0.064545532482772
2.0,0.020127841175145583,-1.0184903,1.9561916e-05,-7.82497e-08,-7.82497e-08,-5.0606946e-08,-4.9750277e-08,0.98805946,3.260596,0.06455519473339552
2.0,0.020130828215926256,-1.0116808,1.9201134e-05,-1.13925864e-07,-1.13925864e-07,-9.099856e-08,-8.992345e-08,0.98829925,3.2613876,0.06456536314206253
2.0,0.02013415063370438,-1.0067233,1.8659726e-05,-1.4474841e-07,-1.4474841e-07,-1.2615743e-07,-1.2519641e-07,0.98850524,3.2620673,0.06457668121665301
2.0,0.020137848111263526,-1.0030228,1.8238941e-05,-1.7236565e-07,-1.7236565e-07,-1.5765278e-07,-1.5675461e-07,0.9886844,3.2626586,0.06458962556894969
2.0,0.0201421762981599,-1.0000433,1.7595798e-05,-1.9585067e-07,-1.9585067e-07,-1.8469628e-07,-1.8405237e-07,0.98884857,3.2632003,0.06460462355191214
2.0,0.020147143966073592,-0.99765533,1.7042588e-05,-2.1610568e-07,-2.1610568e-07,-2.0799722e-07,-2.0746003e-07,0.98899454,3.2636821,0.0646223361384319
2.0,0.02015315144201595,-0.9956319,1.62271e-05,-2.3188822e-07,-2.3188822e-07,-2.2640296e-07,-2.261042e-07,0.9891287,3.2641246,0.06464339769677963
2.0,0.020160190674591728,-0.993999,1.5472402e-05,-2.4432703e-07,-2.4432703e-07,-2.4086026e-07,-2.406156e-07,0.9892445,3.2645068,0.0646698553319748
2.0,0.02016953694580451,-0.9925682,1.4344044e-05,-2.527984e-07,-2.527984e-07,-2.5093877e-07,-2.5086646e-07,0.9893519,3.2648613,0.06470110049650757
2.0,0.02017953694580451,-0.99161476,1.3363373e-05,-2.5797064e-07,-2.5797064e-07,-2.5701237e-07,-2.5691526e-07,0.98942816,3.2651129,0.06473340644285766
2.0,0.02018953694580451,-0.9909974,1.2294465e-05,-2.5973014e-07,-2.5973014e-07,-2.592384e-07,-2.59243e-07,0.98947877,3.26528,0.06476571569607345
2.0,0.020199536945804508,-0.9905933,1.1443795e-05,-2.612683e-07,-2.612683e-07,-2.6101358e-07,-2.6095037e-07,0.9895128,3.2653923,0.0647980271713504
2.0,0.020209536945804508,-0.99032384,1.0498835e-05,-2.6130363e-07,-2.6130363e-07,-2.611761e-07,-2.611952e-07,0.9895358,3.2654681,0.0648303401486644
2.0,0.020219536945804507,-0.99014246,9.765772e-06,-2.6202315e-07,-2.6202315e-07,-2.6195914e-07,-2.6190148e-07,0.9895515,3.2655199,0.0648626541487941
2.0,0.020229536945804507,-0.9900192,8.933091e-06,-2.6166848e-07,-2.6166848e-07,-2.616423e-07,-2.6166308e-07,0.98956215,3.2655551,0.06489496884749023
2.0,0.02023953694580451,-0.9899351,8.310689e-06,-2.6220135e-07,-2.6220135e-07,-2.621923e-07,-2.6213473e-07,0.9895695,3.2655795,0.06492728402540772
2.0,0.02024953694580451,-0.98987734,7.5882667e-06,-2.6175672e-07,-2.6175672e-07,-2.61761e-07,-2.6178137e-07,0.98957455,3.265596,0.06495959953234284
2.0,0.02025953694580451,-0.9898377,6.979541e-06,-2.622458e-07,-2.622458e-07,-2.6225408e-07,-2.62196e-07,0.989578,3.2656074,0.06498942864425973
2.0,0.020267997991708944,-0.98981375,6.0635e-06,-2.6177875e-07,-2.6177875e-07,-2.617927e-07,-2.6181263e-07,0.98958004,3.265614,0.06500615053414294
2.0,0.02026988597412811,-0.9898095,6.023288e-06,-2.6225402e-07,-2.6225402e-07,-2.6226618e-07,-2.6220786e-07,0.9895804,3.2656155,0.06501291385610765
2.0,0.020272183747880028,-0.9898044,5.696071e-06,-2.6178097e-07,-2.6178097e-07,-2.6179606e-07,-2.6181596e-07,0.9895808,3.265617,0.06502116563207745
2.0,0.020274992916299025,-0.9897991,5.5997143e-06,-2.6225663e-07,-2.6225663e-07,-2.6227013e-07,-2.6221167e-07,0.9895813,3.2656183,0.06502997821626662
2.0,0.020277637763455605,-0.98979425,5.267947e-06,-2.6178327e-07,-2.6178327e-07,-2.6179956e-07,-2.6181937e-07,0.9895817,3.2656195,0.06503839480778724
2.0,0.02028020185195374,-0.98979026,5.212037e-06,-2.6225868e-07,-2.6225868e-07,-2.6227323e-07,-2.6221468e-07,0.98958206,3.2656207,0.06504676530434562
2.0,0.02028281816800687,-0.98978627,4.8965803e-06,-2.617849e-07,-2.617849e-07,-2.6180203e-07,-2.6182184e-07,0.98958236,3.265622,0.06505551672007064
2.0,0.020285617999422755,-0.9897827,4.8370775e-06,-2.622603e-07,-2.622603e-07,-2.6227576e-07,-2.6221707e-07,0.9895827,3.2656229,0.06506449566221745
2.0,0.020288375125191865,-0.98977923,4.5209836e-06,-2.617862e-07,-2.617862e-07,-2.6180408e-07,-2.6182386e-07,0.98958296,3.265624,0.06507351995657451
2.0,0.02029120302082609,-0.9897763,4.4688554e-06,-2.6226158e-07,-2.6226158e-07,-2.6227775e-07,-2.6221898e-07,0.98958325,3.2656248,0.06508278800546244
2.0,0.02029411100022276,-0.98977333,4.1491917e-06,-2.6178722e-07,-2.6178722e-07,-2.6180567e-07,-2.6182542e-07,0.9895835,3.2656255,0.06509232887922788
2.0,0.02029710774101489,-0.9897708,4.0935333e-06,-2.6226263e-07,-2.6226263e-07,-2.6227937e-07,-2.622205e-07,0.98958373,3.2656262,0.0651021960221368
2.0,0.02030021764135246,-0.98976827,3.7665052e-06,-2.6178802e-07,-2.6178802e-07,-2.6180695e-07,-2.6182667e-07,0.9895839,3.265627,0.0651124142550105
2.0,0.020303431664636693,-0.9897661,3.704153e-06,-2.6226346e-07,-2.6226346e-07,-2.622807e-07,-2.6222176e-07,0.9895841,3.2656276,0.06512344531643016
2.0,0.020307044610346766,-0.98976374,3.3522879e-06,-2.617887e-07,-2.617887e-07,-2.6180803e-07,-2.6182775e-07,0.98958427,3.265628,0.06513683035064122
2.0,0.02031171547188819,-0.9897614,3.2119403e-06,-2.6226425e-07,-2.6226425e-07,-2.62282e-07,-2.6222295e-07,0.9895845,3.2656288,0.06515387142075504
2.0,0.020317591080759423,-0.98975873,2.740785e-06,-2.6178944e-07,-2.6178944e-07,-2.6180922e-07,-2.6182892e-07,0.9895847,3.2656295,0.06517630490652501
2.0,0.020325599224790415,-0.98975617,2.4389628e-06,-2.622651e-07,-2.622651e-07,-2.6228332e-07,-2.6222423e-07,0.9895849,3.2656302,0.06520540263136473
2.0,0.020335599224790415,-0.98975366,1.8009207e-06,-2.617902e-07,-2.617902e-07,-2.6181047e-07,-2.618301e-07,0.98958516,3.265631,0.06523771882971373
2.0,0.020345599224790414,-0.9897522,1.4937075e-06,-2.6226576e-07,-2.6226576e-07,-2.6228437e-07,-2.6222523e-07,0.9895853,3.2656314,0.06527003503759947
2.0,0.020355599224790414,-0.989751,9.846455e-07,-2.6179066e-07,-2.6179066e-07,-2.6181112e-07,-2.6183073e-07,0.9895854,3.2656317,0.06530235125263777
2.0,0.020365599224790417,-0.98975044,8.181314e-07,-2.622661e-07,-2.622661e-07,-2.6228486e-07,-2.622257e-07,0.98958546,3.265632,0.06533466747006025
2.0,0.020375599224790417,-0.9897498,4.470671e-07,-2.6179083e-07,-2.6179083e-07,-2.6181144e-07,-2.6183105e-07,0.9895855,3.2656322,0.06536698369225111
2.0,0.020385599224790416,-0.9897496,4.054552e-07,-2.6226624e-07,-2.6226624e-07,-2.622851e-07,-2.6222594e-07,0.9895855,3.2656324,0.06539929991682615
2.0,0.020395599224790416,-0.98974925,1.3896117e-07,-2.6179092e-07,-2.6179092e-07,-2.6181155e-07,-2.6183116e-07,0.9895856,3.2656324,0.06543161614378538
2.0,0.020405599224790415,-0.98974925,1.8089321e-07,-2.6226633e-07,-2.6226633e-07,-2.6228523e-07,-2.6222602e-07,0.9895856,3.2656324,0.06546393237074462
2.0,0.020415599224790415,-0.989749,-2.2268173e-08,-2.6179092e-07,-2.6179092e-07,-2.6181158e-07,-2.618312e-07,0.9895856,3.2656326,0.06549624860008803
2.0,0.020425599224790415,-0.98974913,6.687585e-08,-2.6226638e-07,-2.6226638e-07,-2.622853e-07,-2.622261e-07,0.9895856,3.2656326,0.06552856482943144
2.0,0.020435599224790414,-0.9897489,-1.0250684e-07,-2.6179092e-07,-2.6179092e-07,-2.6181158e-07,-2.6183122e-07,0.9895856,3.2656326,0.06556088105877486
2.0,0.020445599224790417,-0.989749,1.1050153e-08,-2.622664e-07,-2.622664e-07,-2.6228537e-07,-2.6222614e-07,0.9895856,3.2656326,0.06559319728811829
2.0,0.020455599224790417,-0.9897489,-1.4149983e-07,-2.6179092e-07,-2.6179092e-07,-2.6181158e-07,-2.6183122e-07,0.9895856,3.2656326,0.0656255135174617
2.0,0.020465599224790416,-0.989749,-1.580777e-08,-2.6226644e-07,-2.6226644e-07,-2.622854e-07,-2.6222617e-07,0.9895856,3.2656326,0.0656578297468051
2.0,0.020475599224790416,-0.98974884,-1.6028001e-07,-2.6179092e-07,-2.6179092e-07,-2.6181155e-07,-2.618312e-07,0.9895856,3.2656326,0.06569014597614851
2.0,0.020485599224790416,-0.989749,-2.8631707e-08,-2.6226647e-07,-2.6226647e-07,-2.6228543e-07,-2.622262e-07,0.9895856,3.2656326,0.06572246220549192
2.0,0.020495599224790415,-0.98974884,-1.6934037e-07,-2.617909e-07,-2.617909e-07,-2.6181152e-07,-2.618312e-07,0.9895856,3.2656326,0.06575477843483533
2.0,0.020505599224790415,-0.98974895,-3.4736438e-08,-2.622665e-07,-2.622665e-07,-2.6228548e-07,-2.6222622e-07,0.9895856,3.2656326,0.06578709466417874
2.0,0.020515599224790414,-0.98974884,-1.7375716e-07,-2.617909e-07,-2.617909e-07,-2.6181152e-07,-2.618312e-07,0.9895856,3.2656326,0.06581941089352215
2.0,0.020525599224790414,-0.98974895,-3.7634376e-08,-2.622665e-07,-2.622665e-07,-2.622855e-07,-2.6222625e-07,0.9895856,3.2656326,0.06585172712286558
2.0,0.020535599224790417,-0.98974884,-1.7595633e-07,-2.617909e-07,-2.617909e-07,-2.618115e-07,-2.6183116e-07,0.9895856,3.2656326,0.065884043352209
2.0,0.020545599224790417,-0.98974895,-3.899937e-08,-2.6226652e-07,-2.6226652e-07,-2.6228554e-07,-2.6222628e-07,0.9895856,3.2656326,0.06591635958155241
2.0,0.020555599224790416,-0.98974884,-1.7709235e-07,-2.6179086e-07,-2.6179086e-07,-2.6181146e-07,-2.6183116e-07,0.9895856,3.2656326,0.06594867581089582
2.0,0.020565599224790416,-0.98974895,-3.9627743e-08,-2.6226655e-07,-2.6226655e-07,-2.6228557e-07,-2.6222628e-07,0.9895856,3.2656326,0.06598099204023923
2.0,0.020575599224790415,-0.98974884,-1.7771475e-07,-2.6179086e-07,-2.6179086e-07,-2.6181146e-07,-2.6183113e-07,0.9895856,3.2656326,0.06601330826958264
2.0,0.020585599224790415,-0.98974895,-3.9899046e-08,-2.6226658e-07,-2.6226658e-07,-2.622856e-07,-2.622263e-07,0.9895856,3.2656326,0.06604562449892605
2.0,0.020595599224790415,-0.98974884,-1.7808603e-07,-2.6179083e-07,-2.6179083e-07,-2.6181144e-07,-2.6183113e-07,0.9895856,3.2656326,0.06607794072826946
2.0,0.020605599224790414,-0.98974895,-3.9995033e-08,-2.622666e-07,-2.622666e-07,-2.6228562e-07,-2.6222634e-07,0.9895856,3.2656326,0.06611025695761288
2.0,0.020615599224790417,-0.98974884,-1.7833229e-07,-2.6179083e-07,-2.6179083e-07,-2.618114e-07,-2.618311e-07,0.9895856,3.2656326,0.06614257318695631
2.0,0.020625599224790417,-0.98974895,-4.0003425e-08,-2.6226664e-07,-2.6226664e-07,-2.6228565e-07,-2.6222637e-07,0.9895856,3.2656326,0.06617488941629972
2.0,0.020635599224790416,-0.98974884,-1.7851472e-07,-2.617908e-07,-2.617908e-07,-2.6181138e-07,-2.618311e-07,0.9895856,3.2656326,0.06620720564564313
2.0,0.020645599224790416,-0.98974895,-3.9967027e-08,-2.6226664e-07,-2.6226664e-07,-2.622857e-07,-2.622264e-07,0.9895856,3.2656326,0.06623952187498654
2.0,0.020655599224790416,-0.98974884,-1.7866341e-07,-2.617908e-07,-2.617908e-07,-2.6181138e-07,-2.618311e-07,0.9895856,3.2656326,0.06627183810432995
2.0,0.020665599224790415,-0.98974895,-3.9907064e-08,-2.6226667e-07,-2.6226667e-07,-2.6228574e-07,-2.622264e-07,0.9895856,3.2656326,0.06630415433367336
2.0,0.020675599224790415,-0.98974884,-1.7879343e-07,-2.617908e-07,-2.617908e-07,-2.6181135e-07,-2.6183108e-07,0.9895856,3.2656326,0.06633647056301677
2.0,0.020685599224790414,-0.98974895,-3.9834294e-08,-2.622667e-07,-2.622667e-07,-2.6228577e-07,-2.6222642e-07,0.9895856,3.2656326,0.06636878679236018
2.0,0.020695599224790414,-0.98974884,-1.7891252e-07,-2.6179077e-07,-2.6179077e-07,-2.6181132e-07,-2.6183108e-07,0.9895856,3.2656326,0.0664011030217036
2.0,0.020705599224790417,-0.98974895,-3.9754315e-08,-2.6226672e-07,-2.6226672e-07,-2.622858e-07,-2.6222645e-07,0.9895856,3.2656326,0.06643341925104702
2.0,0.020715599224790417,-0.98974884,-1.7902478e-07,-2.6179077e-07,-2.6179077e-07,-2.618113e-07,-2.6183105e-07,0.9895856,3.2656326,0.06646573548039043
2.0,0.020725599224790416,-0.98974895,-3.967016e-08,-2.6226675e-07,-2.6226675e-07,-2.6228582e-07,-2.6222648e-07,0.9895856,3.2656326,0.06649805170973384
2.0,0.020735599224790416,-0.98974884,-1.7913248e-07,-2.6179075e-07,-2.6179075e-07,-2.618113e-07,-2.6183105e-07,0.9895856,3.2656326,0.06653036793907725
2.0,0.020745599224790415,-0.98974895,-3.9583533e-08,-2.6226675e-07,-2.6226675e-07,-2.6228585e-07,-2.622265e-07,0.9895856,3.2656326,0.06656268416842066
2.0,0.020755599224790415,-0.98974884,-1.7923695e-07,-2.6179075e-07,-2.6179075e-07,-2.6181127e-07,-2.6183102e-07,0.9895856,3.2656326,0.06659500039776407
2.0,0.020765599224790415,-0.98974895,-3.949544e-08,-2.6226678e-07,-2.6226678e-07,-2.6228588e-07,-2.622265e-07,0.9895856,3.2656326,0.06662731662710748
2.0,0.020775599224790414,-0.98974884,-1.7933897e-07,-2.6179072e-07,-2.6179072e-07,-2.6181124e-07,-2.6183102e-07,0.9895856,3.2656326,0.06665963285645089
2.0,0.020785599224790414,-0.98974895,-3.940651e-08,-2.622668e-07,-2.622668e-07,-2.622859e-07,-2.6222654e-07,0.9895856,3.2656326,0.06669194908579432
2.0,0.020795599224790417,-0.98974884,-1.7943904e-07,-2.6179072e-07,-2.6179072e-07,-2.618112e-07,-2.61831e-07,0.9895856,3.2656326,0.06672426531513774
2.0,0.020805599224790416,-0.98974895,-3.9317136e-08,-2.6226684e-07,-2.6226684e-07,-2.6228594e-07,-2.6222656e-07,0.9895856,3.2656326,0.06675658154448115
2.0,0.020815599224790416,-0.98974884,-1.7953752e-07,-2.617907e-07,-2.617907e-07,-2.618112e-07,-2.61831e-07,0.9895856,3.2656326,0.06678889777382456
2.0,0.020825599224790416,-0.98974895,-3.9227597e-08,-2.6226684e-07,-2.6226684e-07,-2.6228597e-07,-2.622266e-07,0.9895856,3.2656326,0.06682121400316797
2.0,0.020835599224790415,-0.98974884,-1.7963465e-07,-2.617907e-07,-2.617907e-07,-2.6181118e-07,-2.61831e-07,0.9895856,3.2656326,0.06685353023251138
2.0,0.020845599224790415,-0.98974895,-3.9138083e-08,-2.6226687e-07,-2.6226687e-07,-2.62286e-07,-2.622266e-07,0.9895856,3.2656326,0.06688584646185479
2.0,0.020855599224790414,-0.98974884,-1.7973058e-07,-2.617907e-07,-2.617907e-07,-2.6181115e-07,-2.6183096e-07,0.9895856,3.2656326,0.0669181626911982
2.0,0.020865599224790414,-0.98974895,-3.904872e-08,-2.622669e-07,-2.622669e-07,-2.6228602e-07,-2.6222662e-07,0.9895856,3.2656326,0.06695047892054162
2.0,0.020875599224790417,-0.98974884,-1.7982543e-07,-2.6179066e-07,-2.6179066e-07,-2.6181112e-07,-2.6183096e-07,0.9895856,3.2656326,0.06698279514988505
2.0,0.020885599224790417,-0.98974895,-3.895962e-08,-2.6226692e-07,-2.6226692e-07,-2.6228605e-07,-2.6222665e-07,0.9895856,3.2656326,0.06701511137922846
2.0,0.020895599224790416,-0.98974884,-1.7991931e-07,-2.6179066e-07,-2.6179066e-07,-2.618111e-07,-2.6183093e-07,0.9895856,3.2656326,0.06704742760857187
2.0,0.020905599224790416,-0.98974895,-3.8870844e-08,-2.6226692e-07,-2.6226692e-07,-2.6228608e-07,-2.6222668e-07,0.9895856,3.2656326,0.06707974383791528
2.0,0.020915599224790415,-0.98974884,-1.800123e-07,-2.6179063e-07,-2.6179063e-07,-2.618111e-07,-2.6183093e-07,0.9895856,3.2656326,0.06711206006725869
2.0,0.020925599224790415,-0.98974895,-3.8782453e-08,-2.6226695e-07,-2.6226695e-07,-2.622861e-07,-2.6222668e-07,0.9895856,3.2656326,0.0671443762966021
2.0,0.020935599224790415,-0.98974884,-1.8010442e-07,-2.6179063e-07,-2.6179063e-07,-2.6181107e-07,-2.618309e-07,0.9895856,3.2656326,0.0671766925259455
2.0,0.020945599224790414,-0.98974895,-3.869448e-08,-2.6226698e-07,-2.6226698e-07,-2.6228614e-07,-2.622267e-07,0.9895856,3.2656326,0.06720900875528892
2.0,0.020955599224790414,-0.98974884,-1.8019574e-07,-2.617906e-07,-2.617906e-07,-2.6181104e-07,-2.618309e-07,0.9895856,3.2656326,0.06724132498463234
2.0,0.020965599224790417,-0.98974895,-3.860696e-08,-2.6226698e-07,-2.6226698e-07,-2.6228616e-07,-2.6222673e-07,0.9895856,3.2656326,0.06727364121397576
2.0,0.020975599224790416,-0.98974884,-1.8028629e-07,-2.617906e-07,-2.617906e-07,-2.61811e-07,-2.6183088e-07,0.9895856,3.2656326,0.06730595744331917
2.0,0.020985599224790416,-0.98974895,-3.8519918e-08,-2.62267e-07,-2.62267e-07,-2.622862e-07,-2.6222673e-07,0.9895856,3.2656326,0.06733827367266258
2.0,0.020995599224790416,-0.98974884,-1.8037612e-07,-2.6179057e-07,-2.6179057e-07,-2.61811e-07,-2.6183088e-07,0.9895856,3.2656326,0.06736154261038238
2.0,0.021,-0.98974895,-3.8377298e-08,-2.6226704e-07,-2.6226704e-07,-2.6228625e-07,-2.6222676e-07,0.9895856,3.2656326,0.06736865343504628
2.0,0.021000000001,-0.98974895,-5.332006e-08,-2.6220485e-07,-2.6220485e-07,-2.6210301e-07,-2.621954e-07,0.9895856,3.2656326,0.06736865346251507
2.0,0.021000000017,-0.9897489,-1.2548936e-07,-2.6222608e-07,-2.6222608e-07,-2.6247906e-07,-2.622247e-07,0.9895856,3.2656326,0.06736865354007401
2.0,0.021000000049,-0.98974884,-1.8097275e-07,-2.6223876e-07,-2.6223876e-07,-2.6223336e-07,-2.62241e-07,0.9895856,3.2656326,0.06736865369519192
2.0,0.021000000113,-0.9897489,-1.3116336e-07,-2.618499e-07,-2.618499e-07,-2.6189707e-07,-2.6185108e-07,0.9895856,3.2656326,0.06736865400542771
2.0,0.021000000241,-0.98974884,-1.7036932e-07,-2.6219598e-07,-2.6219598e-07,-2.6218763e-07,-2.6219325e-07,0.9895856,3.2656326,0.06736865462589932
2.0,0.021000000497,-0.9897489,-1.065932e-07,-2.6181505e-07,-2.6181505e-07,-2.6183875e-07,-2.6181854e-07,0.9895856,3.2656326,0.06736865586684253
2.0,0.021000001009,-0.98974884,-1.4826023e-07,-2.6220064e-07,-2.6220064e-07,-2.6219786e-07,-2.6219683e-07,0.9895856,3.2656326,0.06736865834872893
2.0,0.021000002033,-0.9897489,-9.2382344e-08,-2.6183704e-07,-2.6183704e-07,-2.618695e-07,-2.6184105e-07,0.9895856,3.2656326,0.06736866331250176
2.0,0.021000004080999998,-0.98974884,-1.39402e-07,-2.622165e-07,-2.622165e-07,-2.6222202e-07,-2.6221244e-07,0.9895856,3.2656326,0.0673686732400474
2.0,0.021000008176999995,-0.9897489,-8.835214e-08,-2.6184117e-07,-2.6184117e-07,-2.618752e-07,-2.6184532e-07,0.9895856,3.2656326,0.0673686930951387
2.0,0.02100001636899999,-0.9897489,-1.3589911e-07,-2.622165e-07,-2.622165e-07,-2.6222224e-07,-2.6221238e-07,0.9895856,3.2656326,0.06736873280532128
2.0,0.02100003275299998,-0.9897489,-8.4894694e-08,-2.618411e-07,-2.618411e-07,-2.61875e-07,-2.618453e-07,0.9895856,3.2656326,0.06736881222568647
2.0,0.02100006552099996,-0.9897489,-1.3416175e-07,-2.6221647e-07,-2.6221647e-07,-2.6222224e-07,-2.6221232e-07,0.9895856,3.2656326,0.06736897106641684
2.0,0.02100013105699992,-0.9897489,-8.465989e-08,-2.618411e-07,-2.618411e-07,-2.6187496e-07,-2.618453e-07,0.9895856,3.2656326,0.06736928874787759
2.0,0.02100026212899984,-0.9897489,-1.3420092e-07,-2.622165e-07,-2.622165e-07,-2.6222224e-07,-2.6221235e-07,0.9895856,3.2656326,0.06736992411079908
2.0,0.02100052427299968,-0.9897489,-8.46494e-08,-2.618411e-07,-2.618411e-07,-2.6187496e-07,-2.618453e-07,0.9895856,3.2656326,0.06737119483664206
2.0,0.021001048560999363,-0.9897489,-1.3420541e-07,-2.622165e-07,-2.622165e-07,-2.6222224e-07,-2.6221232e-07,0.9895856,3.2656326,0.06737373628832802
2.0,0.021002097136998726,-0.9897489,-8.464749e-08,-2.618411e-07,-2.618411e-07,-2.6187496e-07,-2.618453e-07,0.9895856,3.2656326,0.06737881919169993
2.0,0.02100419428899745,-0.9897489,-1.342066e-07,-2.622165e-07,-2.622165e-07,-2.6222227e-07,-2.6221232e-07,0.9895856,3.2656326,0.06738898499844374
2.0,0.021008388592994903,-0.9897489,-8.464746e-08,-2.618411e-07,-2.618411e-07,-2.6187496e-07,-2.618453e-07,0.9895856,3.2656326,0.06740931661193139
2.0,0.021016777200989805,-0.9897489,-1.342077e-07,-2.622165e-07,-2.622165e-07,-2.6222227e-07,-2.6221235e-07,0.9895856,3.2656326,0.06743902913559487
2.0,0.021026777200989805,-0.9897489,-8.4648555e-08,-2.618411e-07,-2.618411e-07,-2.6187496e-07,-2.618453e-07,0.9895856,3.2656326,0.06747134536493828
2.0,0.021036777200989804,-0.9897489,-1.3420913e-07,-2.622165e-07,-2.622165e-07,-2.6222227e-07,-2.6221235e-07,0.9895856,3.2656326,0.06750366159428169
2.0,0.021046777200989804,-0.9897489,-8.464969e-08,-2.618411e-07,-2.618411e-07,-2.6187496e-07,-2.618453e-07,0.9895856,3.2656326,0.06753597782362511
2.0,0.021056777200989807,-0.9897489,-1.3421048e-07,-2.622165e-07,-2.622165e-07,-2.6222227e-07,-2.6221235e-07,0.9895856,3.2656326,0.06756829405296853
2.0,0.021066777200989806,-0.9897489,-8.465076e-08,-2.618411e-07,-2.618411e-07,-2.6187496e-07,-2.618453e-07,0.9895856,3.2656326,0.06760061028231194
2.0,0.021076777200989806,-0.9897489,-1.3421177e-07,-2.622165e-07,-2.622165e-07,-2.6222227e-07,-2.6221235e-07,0.9895856,3.2656326,0.06763292651165535
2.0,0.021086777200989806,-0.9897489,-8.465175e-08,-2.6184114e-07,-2.6184114e-07,-2.61875e-07,-2.6184532e-07,0.9895856,3.2656326,0.06766524274099876
2.0,0.021096777200989805,-0.9897489,-1.34213e-07,-2.622165e-07,-2.622165e-07,-2.6222227e-07,-2.6221235e-07,0.9895856,3.2656326,0.06769755897034217
2.0,0.021106777200989805,-0.9897489,-8.46527e-08,-2.6184114e-07,-2.6184114e-07,-2.61875e-07,-2.6184532e-07,0.9895856,3.2656326,0.06772987519968558
2.0,0.021116777200989804,-0.9897489,-1.3421416e-07,-2.622165e-07,-2.622165e-07,-2.6222227e-07,-2.6221235e-07,0.9895856,3.2656326,0.06776219142902899
2.0,0.021126777200989804,-0.9897489,-8.465359e-08,-2.6184114e-07,-2.6184114e-07,-2.61875e-07,-2.6184532e-07,0.9895856,3.2656326,0.06779450765837242
2.0,0.021136777200989807,-0.9897489,-1.3421528e-07,-2.622165e-07,-2.622165e-07,-2.6222227e-07,-2.6221235e-07,0.9895856,3.2656326,0.06782682388771584
2.0,0.021146777200989807,-0.9897489,-8.4654445e-08,-2.6184114e-07,-2.6184114e-07,-2.61875e-07,-2.6184532e-07,0.9895856,3.2656326,0.06785914011705925
2.0,0.021156777200989806,-0.9897489,-1.3421636e-07,-2.622165e-07,-2.622165e-07,-2.6222227e-07,-2.6221235e-07,0.9895856,3.2656326,0.06789145634640266
2.0,0.021166777200989806,-0.9897489,-8.4655255e-08,-2.6184114e-07,-2.6184114e-07,-2.61875e-07,-2.6184532e-07,0.9895856,3.2656326,0.06792377257574607
2.0,0.021176777200989805,-0.9897489,-1.342174e-07,-2.622165e-07,-2.622165e-07,-2.6222227e-07,-2.6221235e-07,0.9895856,3.2656326,0.06795608880508948
2.0,0.021186777200989805,-0.9897489,-8.465603e-08,-2.6184114e-07,-2.6184114e-07,-2.61875e-07,-2.6184532e-07,0.9895856,3.2656326,0.06798840503443289
2.0,0.021196777200989805,-0.9897489,-1.3421841e-07,-2.622165e-07,-2.622165e-07,-2.6222227e-07,-2.6221235e-07,0.9895856,3.2656326,0.0680207212637763
2.0,0.021206777200989804,-0.9897489,-8.4656776e-08,-2.6184114e-07,-2.6184114e-07,-2.61875e-07,-2.6184532e-07,0.9895856,3.2656326,0.06805303749311971
2.0,0.021216777200989804,-0.9897489,-1.3421938e-07,-2.6221653e-07,-2.6221653e-07,-2.622223e-07,-2.6221235e-07,0.9895856,3.2656326,0.06808535372246313
2.0,0.021226777200989807,-0.9897489,-8.4657486e-08,-2.6184114e-07,-2.6184114e-07,-2.61875e-07,-2.6184532e-07,0.9895856,3.2656326,0.06811766995180656
2.0,0.021236777200989806,-0.9897489,-1.3422031e-07,-2.6221653e-07,-2.6221653e-07,-2.622223e-07,-2.6221238e-07,0.9895856,3.2656326,0.06814998618114997
2.0,0.021246777200989806,-0.9897489,-8.465817e-08,-2.6184114e-07,-2.6184114e-07,-2.61875e-07,-2.6184532e-07,0.9895856,3.2656326,0.06818230241049338
2.0,0.021256777200989806,-0.9897489,-1.3422122e-07,-2.6221653e-07,-2.6221653e-07,-2.622223e-07,-2.6221238e-07,0.9895856,3.2656326,0.06821461863983679
2.0,0.021266777200989805,-0.9897489,-8.465882e-08,-2.6184114e-07,-2.6184114e-07,-2.61875e-07,-2.6184532e-07,0.9895856,3.2656326,0.0682469348691802
2.0,0.021276777200989805,-0.9897489,-1.342221e-07,-2.6221653e-07,-2.6221653e-07,-2.622223e-07,-2.6221238e-07,0.9895856,3.2656326,0.0682792510985236
2.0,0.021286777200989804,-0.9897489,-8.4659455e-08,-2.6184114e-07,-2.6184114e-07,-2.61875e-07,-2.6184532e-07,0.9895856,3.2656326,0.06831156732786701
2.0,0.021296777200989804,-0.9897489,-1.3422296e-07,-2.6221653e-07,-2.6221653e-07,-2.622223e-07,-2.6221238e-07,0.9895856,3.2656326,0.06834388355721044
2.0,0.021306777200989807,-0.9897489,-8.4660066e-08,-2.6184114e-07,-2.6184114e-07,-2.61875e-07,-2.6184532e-07,0.9895856,3.2656326,0.06837619978655386
2.0,0.021316777200989807,-0.9897489,-1.3422378e-07,-2.6221653e-07,-2.6221653e-07,-2.622223e-07,-2.6221238e-07,0.9895856,3.2656326,0.06840851601589727
2.0,0.021326777200989806,-0.9897489,-8.4660655e-08,-2.6184117e-07,-2.6184117e-07,-2.61875e-07,-2.6184534e-07,0.9895856,3.2656326,0.06844083224524068
2.0,0.021336777200989806,-0.9897489,-1.3422459e-07,-2.6221653e-07,-2.6221653e-07,-2.622223e-07,-2.6221238e-07,0.9895856,3.2656326,0.06847314847458409
2.0,0.021346777200989805,-0.9897489,-8.4661224e-08,-2.6184117e-07,-2.6184117e-07,-2.6187502e-07,-2.6184534e-07,0.9895856,3.2656326,0.0685054647039275
2.0,0.021356777200989805,-0.9897489,-1.3422537e-07,-2.6221653e-07,-2.6221653e-07,-2.622223e-07,-2.6221238e-07,0.9895856,3.2656326,0.06853778093327091
2.0,0.021366777200989805,-0.9897489,-8.466177e-08,-2.6184117e-07,-2.6184117e-07,-2.6187502e-07,-2.6184534e-07,0.9895856,3.2656326,0.06857009716261432
2.0,0.021376777200989804,-0.9897489,-1.3422614e-07,-2.6221653e-07,-2.6221653e-07,-2.622223e-07,-2.6221238e-07,0.9895856,3.2656326,0.06860241339195773
2.0,0.021386777200989804,-0.9897489,-8.46623e-08,-2.6184117e-07,-2.6184117e-07,-2.6187502e-07,-2.6184534e-07,0.9895856,3.2656326,0.06863472962130115
2.0,0.021396777200989807,-0.9897489,-1.342269e-07,-2.6221653e-07,-2.6221653e-07,-2.622223e-07,-2.6221238e-07,0.9895856,3.2656326,0.06866704585064458
2.0,0.021406777200989806,-0.9897489,-8.466281e-08,-2.6184117e-07,-2.6184117e-07,-2.6187502e-07,-2.6184534e-07,0.9895856,3.2656326,0.06869936207998799
2.0,0.021416777200989806,-0.9897489,-1.3422762e-07,-2.6221653e-07,-2.6221653e-07,-2.622223e-07,-2.6221238e-07,0.9895856,3.2656326,0.0687316783093314
2.0,0.021426777200989806,-0.9897489,-8.4663306e-08,-2.6184117e-07,-2.6184117e-07,-2.6187502e-07,-2.6184534e-07,0.9895856,3.2656326,0.06876399453867481
2.0,0.021436777200989805,-0.9897489,-1.3422833e-07,-2.6221653e-07,-2.6221653e-07,-2.622223e-07,-2.6221238e-07,0.9895856,3.2656326,0.06879631076801822
2.0,0.021446777200989805,-0.9897489,-8.466378e-08,-2.6184117e-07,-2.6184117e-07,-2.6187502e-07,-2.6184534e-07,0.9895856,3.2656326,0.06882862699736163
2.0,0.021456777200989804,-0.9897489,-1.3422901e-07,-2.6221653e-07,-2.6221653e-07,-2.622223e-07,-2.6221238e-07,0.9895856,3.2656326,0.06886094322670504
2.0,0.021466777200989804,-0.9897489,-8.4664244e-08,-2.6184117e-07,-2.6184117e-07,-2.6187502e-07,-2.6184534e-07,0.9895856,3.2656326,0.06889325945604846
2.0,0.021476777200989807,-0.9897489,-1.342297e-07,-2.6221653e-07,-2.6221653e-07,-2.622223e-07,-2.6221238e-07,0.9895856,3.2656326,0.06892557568539188
2.0,0.021486777200989807,-0.9897489,-8.466469e-08,-2.6184117e-07,-2.6184117e-07,-2.6187502e-07,-2.6184534e-07,0.9895856,3.2656326,0.0689578919147353
2.0,0.021496777200989806,-0.9897489,-1.3423035e-07,-2.6221653e-07,-2.6221653e-07,-2.6222233e-07,-2.6221238e-07,0.9895856,3.2656326,0.0689902081440787
2.0,0.021506777200989806,-0.9897489,-8.4665125e-08,-2.6184117e-07,-2.6184117e-07,-2.6187502e-07,-2.6184534e-07,0.9895856,3.2656326,0.06902252437342211
2.0,0.021516777200989805,-0.9897489,-1.3423099e-07,-2.6221653e-07,-2.6221653e-07,-2.6222233e-07,-2.6221238e-07,0.9895856,3.2656326,0.06905484060276552
2.0,0.021526777200989805,-0.9897489,-8.466554e-08,-2.6184117e-07,-2.6184117e-07,-2.6187502e-07,-2.6184534e-07,0.9895856,3.2656326,0.06908715683210893
2.0,0.021536777200989805,-0.9897489,-1.3423161e-07,-2.6221656e-07,-2.6221656e-07,-2.6222233e-07,-2.6221238e-07,0.9895856,3.2656326,0.06911947306145234
2.0,0.021546777200989804,-0.9897489,-8.466594e-08,-2.6184117e-07,-2.6184117e-07,-2.6187502e-07,-2.6184534e-07,0.9895856,3.2656326,0.06915178929079575
2.0,0.021556777200989804,-0.9897489,-1.3423222e-07,-2.6221656e-07,-2.6221656e-07,-2.6222233e-07,-2.6221238e-07,0.9895856,3.2656326,0.06918410552013918
2.0,0.021566777200989807,-0.9897489,-8.466633e-08,-2.6184117e-07,-2.6184117e-07,-2.6187502e-07,-2.6184534e-07,0.9895856,3.2656326,0.0692164217494826
2.0,0.021576777200989807,-0.9897489,-1.3423282e-07,-2.6221656e-07,-2.6221656e-07,-2.6222233e-07,-2.622124e-07,0.9895856,3.2656326,0.06924873797882601
2.0,0.021586777200989806,-0.9897489,-8.4666716e-08,-2.6184117e-07,-2.6184117e-07,-2.6187502e-07,-2.6184534e-07,0.9895856,3.2656326,0.06928105420816942
2.0,0.021596777200989806,-0.9897489,-1.342334e-07,-2.6221656e-07,-2.6221656e-07,-2.6222233e-07,-2.622124e-07,0.9895856,3.2656326,0.06931337043751283
2.0,0.021606777200989805,-0.9897489,-8.466708e-08,-2.6184117e-07,-2.6184117e-07,-2.6187502e-07,-2.6184534e-07,0.9895856,3.2656326,0.06934568666685624
2.0,0.021616777200989805,-0.9897489,-1.3423397e-07,-2.6221656e-07,-2.6221656e-07,-2.6222233e-07,-2.622124e-07,0.9895856,3.2656326,0.06937800289619965
2.0,0.021626777200989804,-0.9897489,-8.4667434e-08,-2.6184117e-07,-2.6184117e-07,-2.6187502e-07,-2.6184534e-07,0.9895856,3.2656326,0.06941031912554306
2.0,0.021636777200989804,-0.9897489,-1.3423453e-07,-2.6221656e-07,-2.6221656e-07,-2.6222233e-07,-2.622124e-07,0.9895856,3.2656326,0.06944263535488647
2.0,0.021646777200989804,-0.9897489,-8.4667775e-08,-2.6184117e-07,-2.6184117e-07,-2.6187502e-07,-2.6184534e-07,0.9895856,3.2656326,0.0694749515842299
2.0,0.021656777200989807,-0.9897489,-1.3423507e-07,-2.6221656e-07,-2.6221656e-07,-2.6222233e-07,-2.622124e-07,0.9895856,3.2656326,0.06950726781357332
2.0,0.021666777200989806,-0.9897489,-8.466811e-08,-2.6184117e-07,-2.6184117e-07,-2.6187502e-07,-2.6184534e-07,0.9895856,3.2656326,0.06953958404291673
2.0,0.021676777200989806,-0.9897489,-1.342356e-07,-2.6221656e-07,-2.6221656e-07,-2.6222233e-07,-2.622124e-07,0.9895856,3.2656326,0.06957190027226014
2.0,0.021686777200989805,-0.9897489,-8.466843e-08,-2.6184117e-07,-2.6184117e-07,-2.6187502e-07,-2.6184534e-07,0.9895856,3.2656326,0.06960421650160355
2.0,0.021696777200989805,-0.9897489,-1.3423612e-07,-2.6221656e-07,-2.6221656e-07,-2.6222233e-07,-2.622124e-07,0.9895856,3.2656326,0.06963653273094696
2.0,0.021706777200989805,-0.9897489,-8.4668734e-08,-2.618412e-07,-2.618412e-07,-2.6187502e-07,-2.6184537e-07,0.9895856,3.2656326,0.06966884896029037
2.0,0.021716777200989804,-0.9897489,-1.3423663e-07,-2.6221656e-07,-2.6221656e-07,-2.6222233e-07,-2.622124e-07,0.9895856,3.2656326,0.06970116518963378
2.0,0.021726777200989804,-0.9897489,-8.466903e-08,-2.618412e-07,-2.618412e-07,-2.6187502e-07,-2.6184537e-07,0.9895856,3.2656326,0.0697334814189772
2.0,0.021736777200989807,-0.9897489,-1.3423711e-07,-2.6221656e-07,-2.6221656e-07,-2.6222233e-07,-2.622124e-07,0.9895856,3.2656326,0.06976579764832062
2.0,0.021746777200989807,-0.9897489,-8.4669324e-08,-2.618412e-07,-2.618412e-07,-2.6187502e-07,-2.6184537e-07,0.9895856,3.2656326,0.06979811387766403
2.0,0.021756777200989806,-0.9897489,-1.342376e-07,-2.6221656e-07,-2.6221656e-07,-2.6222233e-07,-2.622124e-07,0.9895856,3.2656326,0.06983043010700744
2.0,0.021766777200989806,-0.9897489,-8.466961e-08,-2.618412e-07,-2.618412e-07,-2.6187502e-07,-2.6184537e-07,0.9895856,3.2656326,0.06986274633635085
2.0,0.021776777200989805,-0.9897489,-1.3423808e-07,-2.6221656e-07,-2.6221656e-07,-2.6222233e-07,-2.622124e-07,0.9895856,3.2656326,0.06989506256569426
2.0,0.021786777200989805,-0.9897489,-8.466987e-08,-2.618412e-07,-2.618412e-07,-2.6187502e-07,-2.6184537e-07,0.9895856,3.2656326,0.06992737879503767
2.0,0.021796777200989804,-0.9897489,-1.3423853e-07,-2.6221656e-07,-2.6221656e-07,-2.6222233e-07,-2.622124e-07,0.9895856,3.2656326,0.06995969502438108
2.0,0.021806777200989804,-0.9897489,-8.4670134e-08,-2.618412e-07,-2.618412e-07,-2.6187504e-07,-2.6184537e-07,0.9895856,3.2656326,0.06999201125372449
2.0,0.021816777200989804,-0.9897489,-1.3423899e-07,-2.6221656e-07,-2.6221656e-07,-2.6222233e-07,-2.622124e-07,0.9895856,3.2656326,0.07002432748306792
2.0,0.021826777200989807,-0.9897489,-8.467039e-08,-2.618412e-07,-2.618412e-07,-2.6187504e-07,-2.6184537e-07,0.9895856,3.2656326,0.07005664371241134
2.0,0.021836777200989806,-0.9897489,-1.3423943e-07,-2.6221656e-07,-2.6221656e-07,-2.6222233e-07,-2.622124e-07,0.9895856,3.2656326,0.07008895994175475
2.0,0.021846777200989806,-0.9897489,-8.467063e-08,-2.618412e-07,-2.618412e-07,-2.6187504e-07,-2.6184537e-07,0.9895856,3.2656326,0.07012127617109816
2.0,0.021856777200989806,-0.9897489,-1.3423985e-07,-2.6221656e-07,-2.6221656e-07,-2.6222233e-07,-2.622124e-07,0.9895856,3.2656326,0.07015359240044157
2.0,0.021866777200989805,-0.9897489,-8.4670866e-08,-2.618412e-07,-2.618412e-07,-2.6187504e-07,-2.6184537e-07,0.9895856,3.2656326,0.07018590862978498
2.0,0.021876777200989805,-0.9897489,-1.3424027e-07,-2.6221656e-07,-2.6221656e-07,-2.6222233e-07,-2.622124e-07,0.9895856,3.2656326,0.07021822485912839
2.0,0.021886777200989804,-0.9897489,-8.467109e-08,-2.618412e-07,-2.618412e-07,-2.6187504e-07,-2.6184537e-07,0.9895856,3.2656326,0.0702505410884718
2.0,0.021896777200989804,-0.9897489,-1.3424068e-07,-2.6221656e-07,-2.6221656e-07,-2.6222233e-07,-2.622124e-07,0.9895856,3.2656326,0.07028285731781522
2.0,0.021906777200989807,-0.9897489,-8.4671306e-08,-2.618412e-07,-2.618412e-07,-2.6187504e-07,-2.6184537e-07,0.9895856,3.2656326,0.07031517354715865
2.0,0.021916777200989807,-0.9897489,-1.3424109e-07,-2.6221656e-07,-2.6221656e-07,-2.6222233e-07,-2.622124e-07,0.9895856,3.2656326,0.07034748977650206
2.0,0.021926777200989806,-0.9897489,-8.467152e-08,-2.618412e-07,-2.618412e-07,-2.6187504e-07,-2.6184537e-07,0.9895856,3.2656326,0.07037980600584547
2.0,0.021936777200989806,-0.9897489,-1.3424147e-07,-2.6221656e-07,-2.6221656e-07,-2.6222233e-07,-2.622124e-07,0.9895856,3.2656326,0.07041212223518888
2.0,0.021946777200989805,-0.9897489,-8.4671726e-08,-2.618412e-07,-2.618412e-07,-2.6187504e-07,-2.6184537e-07,0.9895856,3.2656326,0.07044443846453229
2.0,0.021956777200989805,-0.9897489,-1.3424186e-07,-2.6221656e-07,-2.6221656e-07,-2.6222233e-07,-2.622124e-07,0.9895856,3.2656326,0.0704767546938757
2.0,0.021966777200989804,-0.9897489,-8.467192e-08,-2.618412e-07,-2.618412e-07,-2.6187504e-07,-2.6184537e-07,0.9895856,3.2656326,0.0705090709232191
2.0,0.021976777200989804,-0.9897489,-1.3424223e-07,-2.6221656e-07,-2.6221656e-07,-2.6222233e-07,-2.622124e-07,0.9895856,3.2656326,0.07054138715256252
2.0,0.021986777200989804,-0.9897489,-8.467211e-08,-2.618412e-07,-2.618412e-07,-2.6187504e-07,-2.6184537e-07,0.9895856,3.2656326,0.07057370338190594
2.0,0.021996777200989807,-0.9897489,-1.342426e-07,-2.6221656e-07,-2.6221656e-07,-2.6222236e-07,-2.622124e-07,0.9895856,3.2656326,0.07060601961124936
2.0,0.022006777200989806,-0.9897489,-8.467229e-08,-2.618412e-07,-2.618412e-07,-2.6187504e-07,-2.6184537e-07,0.9895856,3.2656326,0.07063833584059277
2.0,0.022016777200989806,-0.9897489,-1.3424295e-07,-2.6221656e-07,-2.6221656e-07,-2.6222236e-07,-2.622124e-07,0.9895856,3.2656326,0.07067065206993618
2.0,0.022026777200989806,-0.9897489,-8.4672465e-08,-2.618412e-07,-2.618412e-07,-2.6187504e-07,-2.6184537e-07,0.9895856,3.2656326,0.07070296829927959
2.0,0.022036777200989805,-0.9897489,-1.3424331e-07,-2.6221656e-07,-2.6221656e-07,-2.6222236e-07,-2.622124e-07,0.9895856,3.2656326,0.070735284528623
2.0,0.022046777200989805,-0.9897489,-8.467263e-08,-2.618412e-07,-2.618412e-07,-2.6187504e-07,-2.6184537e-07,0.9895856,3.2656326,0.07076760075796641
2.0,0.022056777200989804,-0.9897489,-1.3424365e-07,-2.6221656e-07,-2.6221656e-07,-2.6222236e-07,-2.622124e-07,0.9895856,3.2656326,0.07079991698730982
2.0,0.022066777200989804,-0.9897489,-8.467279e-08,-2.618412e-07,-2.618412e-07,-2.6187504e-07,-2.6184537e-07,0.9895856,3.2656326,0.07083223321665325
2.0,0.022076777200989807,-0.9897489,-1.3424399e-07,-2.6221656e-07,-2.6221656e-07,-2.6222236e-07,-2.622124e-07,0.9895856,3.2656326,0.07086454944599667
2.0,0.022086777200989807,-0.9897489,-8.467295e-08,-2.618412e-07,-2.618412e-07,-2.6187504e-07,-2.6184537e-07,0.9895856,3.2656326,0.07089686567534008
2.0,0.022096777200989806,-0.9897489,-1.3424432e-07,-2.6221656e-07,-2.6221656e-07,-2.6222236e-07,-2.622124e-07,0.9895856,3.2656326,0.07092918190468349
2.0,0.022106777200989806,-0.9897489,-8.46731e-08,-2.618412e-07,-2.618412e-07,-2.6187504e-07,-2.6184537e-07,0.9895856,3.2656326,0.0709614981340269
2.0,0.022116777200989805,-0.9897489,-1.3424463e-07,-2.6221656e-07,-2.6221656e-07,-2.6222236e-07,-2.622124e-07,0.9895856,3.2656326,0.07099381436337031
2.0,0.022126777200989805,-0.9897489,-8.467324e-08,-2.618412e-07,-2.618412e-07,-2.6187504e-07,-2.6184537e-07,0.9895856,3.2656326,0.07102613059271372
2.0,0.022136777200989805,-0.9897489,-1.3424494e-07,-2.6221656e-07,-2.6221656e-07,-2.6222236e-07,-2.622124e-07,0.9895856,3.2656326,0.07105844682205713
2.0,0.022146777200989804,-0.9897489,-8.4673374e-08,-2.618412e-07,-2.618412e-07,-2.6187504e-07,-2.6184537e-07,0.9895856,3.2656326,0.07109076305140054
2.0,0.022156777200989804,-0.9897489,-1.3424525e-07,-2.622166e-07,-2.622166e-07,-2.6222236e-07,-2.622124e-07,0.9895856,3.2656326,0.07112307928074396
2.0,0.022166777200989807,-0.9897489,-8.467351e-08,-2.618412e-07,-2.618412e-07,-2.6187504e-07,-2.6184537e-07,0.9895856,3.2656326,0.07115539551008739
2.0,0.022176777200989806,-0.9897489,-1.3424555e-07,-2.622166e-07,-2.622166e-07,-2.6222236e-07,-2.622124e-07,0.9895856,3.2656326,0.0711877117394308
2.0,0.022186777200989806,-0.9897489,-8.467364e-08,-2.618412e-07,-2.618412e-07,-2.6187504e-07,-2.6184537e-07,0.9895856,3.2656326,0.0712200279687742
2.0,0.022196777200989806,-0.9897489,-1.3424585e-07,-2.622166e-07,-2.622166e-07,-2.6222236e-07,-2.622124e-07,0.9895856,3.2656326,0.07125234419811761
2.0,0.022206777200989805,-0.9897489,-8.467376e-08,-2.618412e-07,-2.618412e-07,-2.6187504e-07,-2.6184537e-07,0.9895856,3.2656326,0.07128466042746102
2.0,0.022216777200989805,-0.9897489,-1.3424614e-07,-2.622166e-07,-2.622166e-07,-2.6222236e-07,-2.622124e-07,0.9895856,3.2656326,0.07131697665680443
2.0,0.022226777200989804,-0.9897489,-8.467387e-08,-2.618412e-07,-2.618412e-07,-2.6187504e-07,-2.6184537e-07,0.9895856,3.2656326,0.07134929288614784
2.0,0.022236777200989804,-0.9897489,-1.3424642e-07,-2.622166e-07,-2.622166e-07,-2.6222236e-07,-2.622124e-07,0.9895856,3.2656326,0.07138160911549127
2.0,0.022246777200989807,-0.9897489,-8.4673985e-08,-2.618412e-07,-2.618412e-07,-2.6187504e-07,-2.6184537e-07,0.9895856,3.2656326,0.07141392534483469
2.0,0.022256777200989807,-0.9897489,-1.3424669e-07,-2.622166e-07,-2.622166e-07,-2.6222236e-07,-2.622124e-07,0.9895856,3.2656326,0.0714462415741781
2.0,0.022266777200989806,-0.9897489,-8.467409e-08,-2.618412e-07,-2.618412e-07,-2.6187504e-07,-2.6184537e-07,0.9895856,3.2656326,0.07147855780352151
2.0,0.022276777200989806,-0.9897489,-1.3424696e-07,-2.622166e-07,-2.622166e-07,-2.6222236e-07,-2.6221244e-07,0.9895856,3.2656326,0.07151087403286492
2.0,0.022286777200989805,-0.9897489,-8.467419e-08,-2.618412e-07,-2.618412e-07,-2.6187504e-07,-2.6184537e-07,0.9895856,3.2656326,0.07154319026220833
2.0,0.022296777200989805,-0.9897489,-1.3424722e-07,-2.622166e-07,-2.622166e-07,-2.6222236e-07,-2.6221244e-07,0.9895856,3.2656326,0.07157550649155174
2.0,0.022306777200989805,-0.9897489,-8.467429e-08,-2.618412e-07,-2.618412e-07,-2.6187504e-07,-2.6184537e-07,0.9895856,3.2656326,0.07160782272089515
2.0,0.022316777200989804,-0.9897489,-1.3424749e-07,-2.622166e-07,-2.622166e-07,-2.6222236e-07,-2.6221244e-07,0.9895856,3.2656326,0.07164013895023856
2.0,0.022326777200989804,-0.9897489,-8.467438e-08,-2.618412e-07,-2.618412e-07,-2.6187504e-07,-2.6184537e-07,0.9895856,3.2656326,0.07167245517958198
2.0,0.022336777200989807,-0.9897489,-1.3424773e-07,-2.622166e-07,-2.622166e-07,-2.6222236e-07,-2.6221244e-07,0.9895856,3.2656326,0.07170477140892541
2.0,0.022346777200989806,-0.9897489,-8.4674475e-08,-2.618412e-07,-2.618412e-07,-2.6187504e-07,-2.6184537e-07,0.9895856,3.2656326,0.07173708763826882
2.0,0.022356777200989806,-0.9897489,-1.3424798e-07,-2.622166e-07,-2.622166e-07,-2.6222236e-07,-2.6221244e-07,0.9895856,3.2656326,0.07176940386761223
2.0,0.022366777200989806,-0.9897489,-8.4674554e-08,-2.618412e-07,-2.618412e-07,-2.6187504e-07,-2.6184537e-07,0.9895856,3.2656326,0.07180172009695564
2.0,0.022376777200989805,-0.9897489,-1.3424822e-07,-2.622166e-07,-2.622166e-07,-2.6222236e-07,-2.6221244e-07,0.9895856,3.2656326,0.07183403632629905
2.0,0.022386777200989805,-0.9897489,-8.467464e-08,-2.618412e-07,-2.618412e-07,-2.6187504e-07,-2.6184537e-07,0.9895856,3.2656326,0.07186635255564246
2.0,0.022396777200989804,-0.9897489,-1.3424845e-07,-2.622166e-07,-2.622166e-07,-2.6222236e-07,-2.6221244e-07,0.9895856,3.2656326,0.07189866878498587
2.0,0.022406777200989804,-0.9897489,-8.467472e-08,-2.618412e-07,-2.618412e-07,-2.6187504e-07,-2.6184537e-07,0.9895856,3.2656326,0.07193098501432929
2.0,0.022416777200989807,-0.9897489,-1.3424868e-07,-2.622166e-07,-2.622166e-07,-2.6222236e-07,-2.6221244e-07,0.9895856,3.2656326,0.07196330124367271
2.0,0.022426777200989807,-0.9897489,-8.467479e-08,-2.618412e-07,-2.618412e-07,-2.6187504e-07,-2.6184537e-07,0.9895856,3.2656326,0.07199561747301612
2.0,0.022436777200989806,-0.9897489,-1.342489e-07,-2.622166e-07,-2.622166e-07,-2.6222236e-07,-2.6221244e-07,0.9895856,3.2656326,0.07202793370235953
2.0,0.022446777200989806,-0.9897489,-8.467486e-08,-2.618412e-07,-2.618412e-07,-2.6187504e-07,-2.6184537e-07,0.9895856,3.2656326,0.07206024993170294
2.0,0.022456777200989805,-0.9897489,-1.3424913e-07,-2.622166e-07,-2.622166e-07,-2.6222236e-07,-2.6221244e-07,0.9895856,3.2656326,0.07209256616104635
2.0,0.022466777200989805,-0.9897489,-8.467492e-08,-2.618412e-07,-2.618412e-07,-2.6187504e-07,-2.6184537e-07,0.9895856,3.2656326,0.07212488239038976
2.0,0.022476777200989805,-0.9897489,-1.3424935e-07,-2.622166e-07,-2.622166e-07,-2.6222236e-07,-2.6221244e-07,0.9895856,3.2656326,0.07215719861973317
2.0,0.022486777200989804,-0.9897489,-8.467498e-08,-2.618412e-07,-2.618412e-07,-2.6187504e-07,-2.6184537e-07,0.9895856,3.2656326,0.07218951484907658
2.0,0.022496777200989804,-0.9897489,-1.3424956e-07,-2.622166e-07,-2.622166e-07,-2.6222236e-07,-2.6221244e-07,0.9895856,3.2656326,0.07222183107842
2.0,0.022506777200989807,-0.9897489,-8.4675044e-08,-2.618412e-07,-2.618412e-07,-2.6187504e-07,-2.6184537e-07,0.9895856,3.2656326,0.07225414730776343
2.0,0.022516777200989806,-0.9897489,-1.3424977e-07,-2.622166e-07,-2.622166e-07,-2.6222236e-07,-2.6221244e-07,0.9895856,3.2656326,0.07228646353710684
2.0,0.022526777200989806,-0.9897489,-8.46751e-08,-2.618412e-07,-2.618412e-07,-2.6187504e-07,-2.6184537e-07,0.9895856,3.2656326,0.07231877976645025
2.0,0.022536777200989806,-0.9897489,-1.3424997e-07,-2.622166e-07,-2.622166e-07,-2.6222236e-07,-2.6221244e-07,0.9895856,3.2656326,0.07235109599579366
2.0,0.022546777200989805,-0.9897489,-8.467515e-08,-2.618412e-07,-2.618412e-07,-2.6187504e-07,-2.618454e-07,0.9895856,3.2656326,0.07238341222513707
2.0,0.022556777200989805,-0.9897489,-1.3425017e-07,-2.622166e-07,-2.622166e-07,-2.6222236e-07,-2.6221244e-07,0.9895856,3.2656326,0.07241572845448048
2.0,0.022566777200989804,-0.9897489,-8.46752e-08,-2.618412e-07,-2.618412e-07,-2.6187504e-07,-2.618454e-07,0.9895856,3.2656326,0.07244804468382389
2.0,0.022576777200989804,-0.9897489,-1.3425037e-07,-2.622166e-07,-2.622166e-07,-2.6222236e-07,-2.6221244e-07,0.9895856,3.2656326,0.07248036091316731
2.0,0.022586777200989807,-0.9897489,-8.467524e-08,-2.618412e-07,-2.618412e-07,-2.6187504e-07,-2.618454e-07,0.9895856,3.2656326,0.07251267714251074
2.0,0.022596777200989807,-0.9897489,-1.3425057e-07,-2.622166e-07,-2.622166e-07,-2.6222236e-07,-2.6221244e-07,0.9895856,3.2656326,0.07254499337185415
2.0,0.022606777200989806,-0.9897489,-8.4675285e-08,-2.618412e-07,-2.618412e-07,-2.6187504e-07,-2.618454e-07,0.9895856,3.2656326,0.07257730960119756
2.0,0.022616777200989806,-0.9897489,-1.3425075e-07,-2.622166e-07,-2.622166e-07,-2.6222236e-07,-2.6221244e-07,0.9895856,3.2656326,0.07260962583054097
2.0,0.022626777200989805,-0.9897489,-8.467533e-08,-2.618412e-07,-2.618412e-07,-2.6187504e-07,-2.618454e-07,0.9895856,3.2656326,0.07264194205988438
2.0,0.022636777200989805,-0.9897489,-1.3425094e-07,-2.622166e-07,-2.622166e-07,-2.6222236e-07,-2.6221244e-07,0.9895856,3.2656326,0.07267425828922779
2.0,0.022646777200989805,-0.9897489,-8.467537e-08,-2.618412e-07,-2.618412e-07,-2.6187504e-07,-2.618454e-07,0.9895856,3.2656326,0.0727065745185712
2.0,0.022656777200989804,-0.9897489,-1.3425112e-07,-2.622166e-07,-2.622166e-07,-2.6222236e-07,-2.6221244e-07,0.9895856,3.2656326,0.0727388907479146
2.0,0.022666777200989804,-0.9897489,-8.46754e-08,-2.618412e-07,-2.618412e-07,-2.6187504e-07,-2.618454e-07,0.9895856,3.2656326,0.07277120697725803
2.0,0.022676777200989807,-0.9897489,-1.342513e-07,-2.622166e-07,-2.622166e-07,-2.6222236e-07,-2.6221244e-07,0.9895856,3.2656326,0.07280352320660145
2.0,0.022686777200989806,-0.9897489,-8.4675435e-08,-2.6184122e-07,-2.6184122e-07,-2.6187504e-07,-2.618454e-07,0.9895856,3.2656326,0.07283583943594486
2.0,0.022696777200989806,-0.9897489,-1.3425147e-07,-2.622166e-07,-2.622166e-07,-2.6222236e-07,-2.6221244e-07,0.9895856,3.2656326,0.07286815566528827
2.0,0.022706777200989806,-0.9897489,-8.467546e-08,-2.6184122e-07,-2.6184122e-07,-2.6187504e-07,-2.618454e-07,0.9895856,3.2656326,0.07290047189463168
2.0,0.022716777200989805,-0.9897489,-1.3425164e-07,-2.622166e-07,-2.622166e-07,-2.6222236e-07,-2.6221244e-07,0.9895856,3.2656326,0.07293278812397509
2.0,0.022726777200989805,-0.9897489,-8.467549e-08,-2.6184122e-07,-2.6184122e-07,-2.6187504e-07,-2.618454e-07,0.9895856,3.2656326,0.0729651043533185
2.0,0.022736777200989804,-0.9897489,-1.342518e-07,-2.622166e-07,-2.622166e-07,-2.6222236e-07,-2.6221244e-07,0.9895856,3.2656326,0.07299742058266191
2.0,0.022746777200989804,-0.9897489,-8.467552e-08,-2.6184122e-07,-2.6184122e-07,-2.6187504e-07,-2.618454e-07,0.9895856,3.2656326,0.07302973681200534
2.0,0.022756777200989807,-0.9897489,-1.3425198e-07,-2.622166e-07,-2.622166e-07,-2.6222236e-07,-2.6221244e-07,0.9895856,3.2656326,0.07306205304134876
2.0,0.022766777200989807,-0.9897489,-8.467554e-08,-2.6184122e-07,-2.6184122e-07,-2.6187504e-07,-2.618454e-07,0.9895856,3.2656326,0.07309436927069217
2.0,0.022776777200989806,-0.9897489,-1.3425213e-07,-2.622166e-07,-2.622166e-07,-2.6222236e-07,-2.6221244e-07,0.9895856,3.2656326,0.07312668550003558
2.0,0.022786777200989806,-0.9897489,-8.467556e-08,-2.6184122e-07,-2.6184122e-07,-2.6187504e-07,-2.618454e-07,0.9895856,3.2656326,0.07315900172937899
2.0,0.022796777200989805,-0.9897489,-1.3425229e-07,-2.622166e-07,-2.622166e-07,-2.6222236e-07,-2.6221244e-07,0.9895856,3.2656326,0.0731913179587224
2.0,0.022806777200989805,-0.9897489,-8.4675584e-08,-2.6184122e-07,-2.6184122e-07,-2.6187504e-07,-2.618454e-07,0.9895856,3.2656326,0.07322363418806581
2.0,0.022816777200989805,-0.9897489,-1.3425245e-07,-2.622166e-07,-2.622166e-07,-2.6222236e-07,-2.6221244e-07,0.9895856,3.2656326,0.07325595041740922
2.0,0.022826777200989804,-0.9897489,-8.46756e-08,-2.6184122e-07,-2.6184122e-07,-2.6187504e-07,-2.618454e-07,0.9895856,3.2656326,0.07328826664675263
2.0,0.022836777200989804,-0.9897489,-1.342526e-07,-2.622166e-07,-2.622166e-07,-2.6222236e-07,-2.6221244e-07,0.9895856,3.2656326,0.07332058287609605
2.0,0.022846777200989807,-0.9897489,-8.467561e-08,-2.6184122e-07,-2.6184122e-07,-2.6187504e-07,-2.618454e-07,0.9895856,3.2656326,0.07335289910543948
2.0,0.022856777200989806,-0.9897489,-1.3425274e-07,-2.622166e-07,-2.622166e-07,-2.6222236e-07,-2.6221244e-07,0.9895856,3.2656326,0.07338521533478289
2.0,0.022866777200989806,-0.9897489,-8.467563e-08,-2.6184122e-07,-2.6184122e-07,-2.6187504e-07,-2.618454e-07,0.9895856,3.2656326,0.0734175315641263
2.0,0.022876777200989806,-0.9897489,-1.3425289e-07,-2.622166e-07,-2.622166e-07,-2.6222236e-07,-2.6221244e-07,0.9895856,3.2656326,0.0734498477934697
2.0,0.022886777200989805,-0.9897489,-8.467564e-08,-2.6184122e-07,-2.6184122e-07,-2.6187504e-07,-2.618454e-07,0.9895856,3.2656326,0.07348216402281312
2.0,0.022896777200989805,-0.9897489,-1.3425303e-07,-2.622166e-07,-2.622166e-07,-2.6222236e-07,-2.6221244e-07,0.9895856,3.2656326,0.07351448025215652
2.0,0.022906777200989804,-0.9897489,-8.467565e-08,-2.6184122e-07,-2.6184122e-07,-2.6187504e-07,-2.618454e-07,0.9895856,3.2656326,0.07354679648149993
2.0,0.022916777200989804,-0.9897489,-1.3425317e-07,-2.622166e-07,-2.622166e-07,-2.6222236e-07,-2.6221244e-07,0.9895856,3.2656326,0.07357911271084334
2.0,0.022926777200989804,-0.9897489,-8.4675655e-08,-2.6184122e-07,-2.6184122e-07,-2.6187504e-07,-2.618454e-07,0.9895856,3.2656326,0.07361142894018677
2.0,0.022936777200989807,-0.9897489,-1.3425331e-07,-2.622166e-07,-2.622166e-07,-2.6222236e-07,-2.6221244e-07,0.9895856,3.2656326,0.07364374516953019
2.0,0.022946777200989806,-0.9897489,-8.467566e-08,-2.6184122e-07,-2.6184122e-07,-2.6187504e-07,-2.618454e-07,0.9895856,3.2656326,0.0736760613988736
2.0,0.022956777200989806,-0.9897489,-1.3425345e-07,-2.622166e-07,-2.622166e-07,-2.6222236e-07,-2.6221244e-07,0.9895856,3.2656326,0.07370837762821701
2.0,0.022966777200989805,-0.9897489,-8.467567e-08,-2.6184122e-07,-2.6184122e-07,-2.6187504e-07,-2.618454e-07,0.9895856,3.2656326,0.07374069385756042
2.0,0.022976777200989805,-0.9897489,-1.3425358e-07,-2.622166e-07,-2.622166e-07,-2.6222236e-07,-2.6221244e-07,0.9895856,3.2656326,0.07377301008690383
2.0,0.022986777200989805,-0.9897489,-8.467567e-08,-2.6184122e-07,-2.6184122e-07,-2.6187504e-07,-2.618454e-07,0.9895856,3.2656326,0.07380532631624724
2.0,0.022996777200989804,-0.9897489,-1.3425371e-07,-2.622166e-07,-2.622166e-07,-2.6222236e-07,-2.6221244e-07,0.9895856,3.2656326,0.07383764254559065
2.0,0.023006777200989804,-0.9897489,-8.467567e-08,-2.6184122e-07,-2.6184122e-07,-2.6187504e-07,-2.618454e-07,0.9895856,3.2656326,0.07386995877493407
2.0,0.023016777200989807,-0.9897489,-1.3425384e-07,-2.622166e-07,-2.622166e-07,-2.6222236e-07,-2.6221244e-07,0.9895856,3.2656326,0.0739022750042775
2.0,0.023026777200989806,-0.9897489,-8.467567e-08,-2.6184122e-07,-2.6184122e-07,-2.6187504e-07,-2.618454e-07,0.9895856,3.2656326,0.07393459123362091
2.0,0.023036777200989806,-0.9897489,-1.3425397e-07,-2.622166e-07,-2.622166e-07,-2.6222236e-07,-2.6221244e-07,0.9895856,3.2656326,0.07396690746296432
2.0,0.023046777200989806,-0.9897489,-8.467567e-08,-2.6184122e-07,-2.6184122e-07,-2.6187504e-07,-2.618454e-07,0.9895856,3.2656326,0.07399922369230773
2.0,0.023056777200989805,-0.9897489,-1.342541e-07,-2.622166e-07,-2.622166e-07,-2.6222236e-07,-2.6221244e-07,0.9895856,3.2656326,0.07403153992165114
2.0,0.023066777200989805,-0.9897489,-8.467567e-08,-2.6184122e-07,-2.6184122e-07,-2.6187504e-07,-2.618454e-07,0.9895856,3.2656326,0.07406385615099455
2.0,0.023076777200989804,-0.9897489,-1.3425421e-07,-2.622166e-07,-2.622166e-07,-2.6222236e-07,-2.6221244e-07,0.9895856,3.2656326,0.07409617238033796
2.0,0.023086777200989804,-0.9897489,-8.467566e-08,-2.6184122e-07,-2.6184122e-07,-2.6187504e-07,-2.618454e-07,0.9895856,3.2656326,0.07412848860968137
2.0,0.023096777200989804,-0.9897489,-1.3425434e-07,-2.622166e-07,-2.622166e-07,-2.6222236e-07,-2.6221244e-07,0.9895856,3.2656326,0.07416080483902479
2.0,0.023106777200989807,-0.9897489,-8.467566e-08,-2.6184122e-07,-2.6184122e-07,-2.6187504e-07,-2.618454e-07,0.9895856,3.2656326,0.07419312106836821
2.0,0.023116777200989806,-0.9897489,-1.3425445e-07,-2.622166e-07,-2.622166e-07,-2.6222236e-07,-2.6221244e-07,0.9895856,3.2656326,0.07422543729771162
2.0,0.023126777200989806,-0.9897489,-8.4675655e-08,-2.6184122e-07,-2.6184122e-07,-2.6187504e-07,-2.618454e-07,0.9895856,3.2656326,0.07425775352705503
2.0,0.023136777200989805,-0.9897489,-1.3425456e-07,-2.622166e-07,-2.622166e-07,-2.6222236e-07,-2.6221244e-07,0.9895856,3.2656326,0.07429006975639844
2.0,0.023146777200989805,-0.9897489,-8.467565e-08,-2.6184122e-07,-2.6184122e-07,-2.6187504e-07,-2.618454e-07,0.9895856,3.2656326,0.07432238598574185
2.0,0.023156777200989805,-0.9897489,-1.3425468e-07,-2.622166e-07,-2.622166e-07,-2.6222236e-07,-2.6221244e-07,0.9895856,3.2656326,0.07435470221508526
2.0,0.023166777200989804,-0.9897489,-8.4675634e-08,-2.6184122e-07,-2.6184122e-07,-2.6187504e-07,-2.618454e-07,0.9895856,3.2656326,0.07438701844442867
2.0,0.023176777200989804,-0.9897489,-1.3425479e-07,-2.622166e-07,-2.622166e-07,-2.6222236e-07,-2.6221244e-07,0.9895856,3.2656326,0.0744193346737721
2.0,0.023186777200989807,-0.9897489,-8.467563e-08,-2.6184122e-07,-2.6184122e-07,-2.6187504e-07,-2.618454e-07,0.9895856,3.2656326,0.07445165090311552
2.0,0.023196777200989806,-0.9897489,-1.342549e-07,-2.622166e-07,-2.622166e-07,-2.6222236e-07,-2.6221244e-07,0.9895856,3.2656326,0.07448396713245893
2.0,0.023206777200989806,-0.9897489,-8.467561e-08,-2.6184122e-07,-2.6184122e-07,-2.6187504e-07,-2.618454e-07,0.9895856,3.2656326,0.07451628336180234
2.0,0.023216777200989806,-0.9897489,-1.3425502e-07,-2.622166e-07,-2.622166e-07,-2.6222236e-07,-2.6221244e-07,0.9895856,3.2656326,0.07454859959114575
2.0,0.023226777200989805,-0.9897489,-8.4675605e-08,-2.6184122e-07,-2.6184122e-07,-2.6187504e-07,-2.618454e-07,0.9895856,3.2656326,0.07458091582048916
2.0,0.023236777200989805,-0.9897489,-1.3425512e-07,-2.622166e-07,-2.622166e-07,-2.6222236e-07,-2.6221244e-07,0.9895856,3.2656326,0.07461323204983257
2.0,0.023246777200989804,-0.9897489,-8.467559e-08,-2.6184122e-07,-2.6184122e-07,-2.6187504e-07,-2.618454e-07,0.9895856,3.2656326,0.07464554827917598
2.0,0.023256777200989804,-0.9897489,-1.3425522e-07,-2.622166e-07,-2.622166e-07,-2.6222236e-07,-2.6221244e-07,0.9895856,3.2656326,0.07467786450851939
2.0,0.023266777200989804,-0.9897489,-8.467558e-08,-2.6184122e-07,-2.6184122e-07,-2.6187504e-07,-2.618454e-07,0.9895856,3.2656326,0.07471018073786281
2.0,0.023276777200989807,-0.9897489,-1.3425533e-07,-2.622166e-07,-2.622166e-07,-2.6222236e-07,-2.6221244e-07,0.9895856,3.2656326,0.07474249696720624
2.0,0.023286777200989806,-0.9897489,-8.467556e-08,-2.6184122e-07,-2.6184122e-07,-2.6187504e-07,-2.618454e-07,0.9895856,3.2656326,0.07477481319654965
2.0,0.023296777200989806,-0.9897489,-1.3425543e-07,-2.622166e-07,-2.622166e-07,-2.6222236e-07,-2.6221244e-07,0.9895856,3.2656326,0.07480712942589306
2.0,0.023306777200989805,-0.9897489,-8.467555e-08,-2.6184122e-07,-2.6184122e-07,-2.6187504e-07,-2.618454e-07,0.9895856,3.2656326,0.07483944565523647
2.0,0.023316777200989805,-0.9897489,-1.3425553e-07,-2.622166e-07,-2.622166e-07,-2.622224e-07,-2.6221244e-07,0.9895856,3.2656326,0.07487176188457988
2.0,0.023326777200989805,-0.9897489,-8.467553e-08,-2.6184122e-07,-2.6184122e-07,-2.6187504e-07,-2.618454e-07,0.9895856,3.2656326,0.07490407811392329
2.0,0.023336777200989804,-0.9897489,-1.3425563e-07,-2.622166e-07,-2.622166e-07,-2.622224e-07,-2.6221244e-07,0.9895856,3.2656326,0.0749363943432667
2.0,0.023346777200989804,-0.9897489,-8.467551e-08,-2.6184122e-07,-2.6184122e-07,-2.6187504e-07,-2.618454e-07,0.9895856,3.2656326,0.07496871057261012
2.0,0.023356777200989807,-0.9897489,-1.3425573e-07,-2.622166e-07,-2.622166e-07,-2.622224e-07,-2.6221244e-07,0.9895856,3.2656326,0.07500102680195354
2.0,0.023366777200989806,-0.9897489,-8.467549e-08,-2.6184122e-07,-2.6184122e-07,-2.6187504e-07,-2.618454e-07,0.9895856,3.2656326,0.07503334303129695
2.0,0.023376777200989806,-0.9897489,-1.3425581e-07,-2.622166e-07,-2.622166e-07,-2.622224e-07,-2.6221244e-07,0.9895856,3.2656326,0.07506565926064036
2.0,0.023386777200989806,-0.9897489,-8.467548e-08,-2.6184122e-07,-2.6184122e-07,-2.6187504e-07,-2.618454e-07,0.9895856,3.2656326,0.07509797548998377
2.0,0.023396777200989805,-0.9897489,-1.3425591e-07,-2.622166e-07,-2.622166e-07,-2.622224e-07,-2.6221244e-07,0.9895856,3.2656326,0.07513029171932718
2.0,0.023406777200989805,-0.9897489,-8.4675456e-08,-2.6184122e-07,-2.6184122e-07,-2.6187504e-07,-2.618454e-07,0.9895856,3.2656326,0.07516260794867059
2.0,0.023416777200989804,-0.9897489,-1.34256e-07,-2.622166e-07,-2.622166e-07,-2.622224e-07,-2.6221244e-07,0.9895856,3.2656326,0.075194924178014
2.0,0.023426777200989804,-0.9897489,-8.4675435e-08,-2.6184122e-07,-2.6184122e-07,-2.6187504e-07,-2.618454e-07,0.9895856,3.2656326,0.07522724040735741
2.0,0.023436777200989804,-0.9897489,-1.342561e-07,-2.622166e-07,-2.622166e-07,-2.622224e-07,-2.6221244e-07,0.9895856,3.2656326,0.07525955663670084
2.0,0.023446777200989807,-0.9897489,-8.467541e-08,-2.6184122e-07,-2.6184122e-07,-2.6187504e-07,-2.618454e-07,0.9895856,3.2656326,0.07529187286604426
2.0,0.023456777200989806,-0.9897489,-1.3425618e-07,-2.622166e-07,-2.622166e-07,-2.622224e-07,-2.6221244e-07,0.9895856,3.2656326,0.07532418909538767
2.0,0.023466777200989806,-0.9897489,-8.467539e-08,-2.6184122e-07,-2.6184122e-07,-2.6187504e-07,-2.618454e-07,0.9895856,3.2656326,0.07535650532473108
2.0,0.023476777200989805,-0.9897489,-1.3425627e-07,-2.622166e-07,-2.622166e-07,-2.622224e-07,-2.6221244e-07,0.9895856,3.2656326,0.07538882155407449
2.0,0.023486777200989805,-0.9897489,-8.467537e-08,-2.6184122e-07,-2.6184122e-07,-2.6187504e-07,-2.618454e-07,0.9895856,3.2656326,0.0754211377834179
2.0,0.023496777200989805,-0.9897489,-1.3425635e-07,-2.622166e-07,-2.622166e-07,-2.622224e-07,-2.6221244e-07,0.9895856,3.2656326,0.07545345401276131
2.0,0.023506777200989804,-0.9897489,-8.467535e-08,-2.6184122e-07,-2.6184122e-07,-2.6187504e-07,-2.618454e-07,0.9895856,3.2656326,0.07548577024210472
2.0,0.023516777200989804,-0.9897489,-1.3425644e-07,-2.622166e-07,-2.622166e-07,-2.622224e-07,-2.6221244e-07,0.9895856,3.2656326,0.07551808647144814
2.0,0.023526777200989807,-0.9897489,-8.467532e-08,-2.6184122e-07,-2.6184122e-07,-2.6187504e-07,-2.618454e-07,0.9895856,3.2656326,0.07555040270079157
2.0,0.023536777200989806,-0.9897489,-1.3425652e-07,-2.622166e-07,-2.622166e-07,-2.622224e-07,-2.6221244e-07,0.9895856,3.2656326,0.07558271893013498
2.0,0.023546777200989806,-0.9897489,-8.46753e-08,-2.6184122e-07,-2.6184122e-07,-2.6187504e-07,-2.618454e-07,0.9895856,3.2656326,0.07561503515947839
2.0,0.023556777200989806,-0.9897489,-1.3425661e-07,-2.622166e-07,-2.622166e-07,-2.622224e-07,-2.6221244e-07,0.9895856,3.2656326,0.0756473513888218
2.0,0.023566777200989805,-0.9897489,-8.467528e-08,-2.6184122e-07,-2.6184122e-07,-2.6187504e-07,-2.618454e-07,0.9895856,3.2656326,0.0756796676181652
2.0,0.023576777200989805,-0.9897489,-1.342567e-07,-2.622166e-07,-2.622166e-07,-2.622224e-07,-2.6221244e-07,0.9895856,3.2656326,0.07571198384750862
2.0,0.023586777200989804,-0.9897489,-8.467525e-08,-2.6184122e-07,-2.6184122e-07,-2.6187504e-07,-2.618454e-07,0.9895856,3.2656326,0.07574430007685203
2.0,0.023596777200989804,-0.9897489,-1.3425678e-07,-2.622166e-07,-2.622166e-07,-2.622224e-07,-2.6221244e-07,0.9895856,3.2656326,0.07577661630619544
2.0,0.023606777200989804,-0.9897489,-8.467523e-08,-2.6184122e-07,-2.6184122e-07,-2.6187504e-07,-2.618454e-07,0.9895856,3.2656326,0.07580893253553886
2.0,0.023616777200989807,-0.9897489,-1.3425685e-07,-2.622166e-07,-2.622166e-07,-2.622224e-07,-2.6221244e-07,0.9895856,3.2656326,0.07584124876488228
2.0,0.023626777200989806,-0.9897489,-8.46752e-08,-2.6184122e-07,-2.6184122e-07,-2.6187504e-07,-2.618454e-07,0.9895856,3.2656326,0.07587356499422569
2.0,0.023636777200989806,-0.9897489,-1.3425694e-07,-2.622166e-07,-2.622166e-07,-2.622224e-07,-2.6221244e-07,0.9895856,3.2656326,0.0759058812235691
2.0,0.023646777200989805,-0.9897489,-8.467517e-08,-2.6184122e-07,-2.6184122e-07,-2.6187504e-07,-2.618454e-07,0.9895856,3.2656326,0.07593819745291251
2.0,0.023656777200989805,-0.9897489,-1.3425701e-07,-2.622166e-07,-2.622166e-07,-2.622224e-07,-2.6221244e-07,0.9895856,3.2656326,0.07597051368225592
2.0,0.023666777200989805,-0.9897489,-8.467514e-08,-2.6184122e-07,-2.6184122e-07,-2.6187504e-07,-2.618454e-07,0.9895856,3.2656326,0.07600282991159933
2.0,0.023676777200989804,-0.9897489,-1.3425709e-07,-2.622166e-07,-2.622166e-07,-2.622224e-07,-2.6221244e-07,0.9895856,3.2656326,0.07603514614094274
2.0,0.023686777200989804,-0.9897489,-8.467512e-08,-2.6184122e-07,-2.6184122e-07,-2.6187504e-07,-2.618454e-07,0.9895856,3.2656326,0.07606746237028617
2.0,0.023696777200989807,-0.9897489,-1.3425716e-07,-2.622166e-07,-2.622166e-07,-2.622224e-07,-2.6221244e-07,0.9895856,3.2656326,0.07609977859962959
2.0,0.023706777200989806,-0.9897489,-8.4675094e-08,-2.6184122e-07,-2.6184122e-07,-2.6187504e-07,-2.618454e-07,0.9895856,3.2656326,0.076132094828973
2.0,0.023716777200989806,-0.9897489,-1.3425723e-07,-2.622166e-07,-2.622166e-07,-2.622224e-07,-2.6221244e-07,0.9895856,3.2656326,0.07616441105831641
2.0,0.023726777200989806,-0.9897489,-8.4675065e-08,-2.6184122e-07,-2.6184122e-07,-2.6187504e-07,-2.618454e-07,0.9895856,3.2656326,0.07619672728765982
2.0,0.023736777200989805,-0.9897489,-1.342573e-07,-2.622166e-07,-2.622166e-07,-2.622224e-07,-2.6221244e-07,0.9895856,3.2656326,0.07622904351700323
2.0,0.023746777200989805,-0.9897489,-8.467504e-08,-2.6184122e-07,-2.6184122e-07,-2.6187504e-07,-2.618454e-07,0.9895856,3.2656326,0.07626135974634664
2.0,0.023756777200989804,-0.9897489,-1.3425738e-07,-2.622166e-07,-2.622166e-07,-2.622224e-07,-2.6221244e-07,0.9895856,3.2656326,0.07629367597569005
2.0,0.023766777200989804,-0.9897489,-8.467501e-08,-2.6184122e-07,-2.6184122e-07,-2.6187504e-07,-2.618454e-07,0.9895856,3.2656326,0.07632599220503346
2.0,0.023776777200989804,-0.9897489,-1.3425745e-07,-2.622166e-07,-2.622166e-07,-2.622224e-07,-2.6221244e-07,0.9895856,3.2656326,0.07635830843437688
2.0,0.023786777200989807,-0.9897489,-8.467498e-08,-2.6184122e-07,-2.6184122e-07,-2.6187504e-07,-2.618454e-07,0.9895856,3.2656326,0.0763906246637203
2.0,0.023796777200989806,-0.9897489,-1.3425752e-07,-2.622166e-07,-2.622166e-07,-2.622224e-07,-2.6221244e-07,0.9895856,3.2656326,0.07642294089306371
2.0,0.023806777200989806,-0.9897489,-8.467495e-08,-2.6184122e-07,-2.6184122e-07,-2.6187504e-07,-2.618454e-07,0.9895856,3.2656326,0.07645525712240712
2.0,0.023816777200989805,-0.9897489,-1.3425759e-07,-2.622166e-07,-2.622166e-07,-2.622224e-07,-2.6221244e-07,0.9895856,3.2656326,0.07648757335175053
2.0,0.023826777200989805,-0.9897489,-8.4674916e-08,-2.6184122e-07,-2.6184122e-07,-2.6187504e-07,-2.618454e-07,0.9895856,3.2656326,0.07651988958109394
2.0,0.023836777200989805,-0.9897489,-1.3425766e-07,-2.622166e-07,-2.622166e-07,-2.622224e-07,-2.6221244e-07,0.9895856,3.2656326,0.07655220581043735
2.0,0.023846777200989804,-0.9897489,-8.467489e-08,-2.6184122e-07,-2.6184122e-07,-2.6187504e-07,-2.618454e-07,0.9895856,3.2656326,0.07658452203978076
2.0,0.023856777200989804,-0.9897489,-1.3425773e-07,-2.622166e-07,-2.622166e-07,-2.622224e-07,-2.6221244e-07,0.9895856,3.2656326,0.07661683826912419
2.0,0.023866777200989807,-0.9897489,-8.467486e-08,-2.6184122e-07,-2.6184122e-07,-2.6187504e-07,-2.618454e-07,0.9895856,3.2656326,0.07664915449846761
2.0,0.023876777200989806,-0.9897489,-1.342578e-07,-2.622166e-07,-2.622166e-07,-2.622224e-07,-2.6221244e-07,0.9895856,3.2656326,0.07668147072781102
2.0,0.023886777200989806,-0.9897489,-8.467483e-08,-2.6184122e-07,-2.6184122e-07,-2.6187504e-07,-2.618454e-07,0.9895856,3.2656326,0.07671378695715443
2.0,0.023896777200989806,-0.9897489,-1.3425786e-07,-2.622166e-07,-2.622166e-07,-2.622224e-07,-2.6221244e-07,0.9895856,3.2656326,0.07674610318649784
2.0,0.023906777200989805,-0.9897489,-8.4674795e-08,-2.6184122e-07,-2.6184122e-07,-2.6187504e-07,-2.618454e-07,0.9895856,3.2656326,0.07677841941584125
2.0,0.023916777200989805,-0.9897489,-1.3425793e-07,-2.622166e-07,-2.622166e-07,-2.622224e-07,-2.6221244e-07,0.9895856,3.2656326,0.07681073564518466
2.0,0.023926777200989804,-0.9897489,-8.467477e-08,-2.6184122e-07,-2.6184122e-07,-2.6187504e-07,-2.618454e-07,0.9895856,3.2656326,0.07684305187452807
2.0,0.023936777200989804,-0.9897489,-1.3425799e-07,-2.622166e-07,-2.622166e-07,-2.622224e-07,-2.6221244e-07,0.9895856,3.2656326,0.07687536810387148
2.0,0.023946777200989804,-0.9897489,-8.467474e-08,-2.6184122e-07,-2.6184122e-07,-2.6187504e-07,-2.618454e-07,0.9895856,3.2656326,0.0769076843332149
2.0,0.023956777200989807,-0.9897489,-1.3425806e-07,-2.622166e-07,-2.622166e-07,-2.622224e-07,-2.6221244e-07,0.9895856,3.2656326,0.07694000056255833
2.0,0.023966777200989806,-0.9897489,-8.46747e-08,-2.6184122e-07,-2.6184122e-07,-2.6187504e-07,-2.618454e-07,0.9895856,3.2656326,0.07697231679190174
2.0,0.023976777200989806,-0.9897489,-1.3425812e-07,-2.622166e-07,-2.622166e-07,-2.622224e-07,-2.6221244e-07,0.9895856,3.2656326,0.07700463302124515
2.0,0.023986777200989805,-0.9897489,-8.4674674e-08,-2.6184122e-07,-2.6184122e-07,-2.6187504e-07,-2.618454e-07,0.9895856,3.2656326,0.07703694925058856
2.0,0.023996777200989805,-0.9897489,-1.3425819e-07,-2.622166e-07,-2.622166e-07,-2.622224e-07,-2.6221244e-07,0.9895856,3.2656326,0.07706926547993197
2.0,0.024006777200989805,-0.9897489,-8.467464e-08,-2.6184122e-07,-2.6184122e-07,-2.6187504e-07,-2.618454e-07,0.9895856,3.2656326,0.07710158170927538
2.0,0.024016777200989804,-0.9897489,-1.3425824e-07,-2.622166e-07,-2.622166e-07,-2.622224e-07,-2.6221244e-07,0.9895856,3.2656326,0.07713389793861879
2.0,0.024026777200989804,-0.9897489,-8.467461e-08,-2.6184122e-07,-2.6184122e-07,-2.6187504e-07,-2.618454e-07,0.9895856,3.2656326,0.07716621416796221
2.0,0.024036777200989807,-0.9897489,-1.342583e-07,-2.622166e-07,-2.622166e-07,-2.622224e-07,-2.6221244e-07,0.9895856,3.2656326,0.07719853039730563
2.0,0.024046777200989806,-0.9897489,-8.4674575e-08,-2.6184122e-07,-2.6184122e-07,-2.6187504e-07,-2.618454e-07,0.9895856,3.2656326,0.07723084662664904
2.0,0.024056777200989806,-0.9897489,-1.3425837e-07,-2.622166e-07,-2.622166e-07,-2.622224e-07,-2.6221244e-07,0.9895856,3.2656326,0.07726316285599245
2.0,0.024066777200989806,-0.9897489,-8.467455e-08,-2.6184122e-07,-2.6184122e-07,-2.6187504e-07,-2.618454e-07,0.9895856,3.2656326,0.07729547908533586
2.0,0.024076777200989805,-0.9897489,-1.3425843e-07,-2.622166e-07,-2.622166e-07,-2.622224e-07,-2.6221244e-07,0.9895856,3.2656326,0.07732779531467927
2.0,0.024086777200989805,-0.9897489,-8.467451e-08,-2.6184122e-07,-2.6184122e-07,-2.6187504e-07,-2.618454e-07,0.9895856,3.2656326,0.07736011154402268
2.0,0.024096777200989804,-0.9897489,-1.3425849e-07,-2.622166e-07,-2.622166e-07,-2.622224e-07,-2.6221244e-07,0.9895856,3.2656326,0.0773924277733661
2.0,0.024106777200989804,-0.9897489,-8.467448e-08,-2.6184122e-07,-2.6184122e-07,-2.6187504e-07,-2.618454e-07,0.9895856,3.2656326,0.0774247440027095
2.0,0.024116777200989804,-0.9897489,-1.3425854e-07,-2.622166e-07,-2.622166e-07,-2.622224e-07,-2.6221244e-07,0.9895856,3.2656326,0.07745706023205293
2.0,0.024126777200989807,-0.9897489,-8.467445e-08,-2.6184122e-07,-2.6184122e-07,-2.6187504e-07,-2.618454e-07,0.9895856,3.2656326,0.07748937646139635
2.0,0.024136777200989806,-0.9897489,-1.342586e-07,-2.622166e-07,-2.622166e-07,-2.622224e-07,-2.6221244e-07,0.9895856,3.2656326,0.07752169269073976
2.0,0.024146777200989806,-0.9897489,-8.467442e-08,-2.6184122e-07,-2.6184122e-07,-2.6187504e-07,-2.618454e-07,0.9895856,3.2656326,0.07755400892008317
2.0,0.024156777200989805,-0.9897489,-1.3425866e-07,-2.622166e-07,-2.622166e-07,-2.622224e-07,-2.6221244e-07,0.9895856,3.2656326,0.07758632514942658
2.0,0.024166777200989805,-0.9897489,-8.467438e-08,-2.6184122e-07,-2.6184122e-07,-2.6187504e-07,-2.618454e-07,0.9895856,3.2656326,0.07761864137876999
2.0,0.024176777200989805,-0.9897489,-1.3425871e-07,-2.622166e-07,-2.622166e-07,-2.622224e-07,-2.6221244e-07,0.9895856,3.2656326,0.0776509576081134
2.0,0.024186777200989804,-0.9897489,-8.4674355e-08,-2.6184122e-07,-2.6184122e-07,-2.6187504e-07,-2.618454e-07,0.9895856,3.2656326,0.07768327383745681
2.0,0.024196777200989804,-0.9897489,-1.3425877e-07,-2.622166e-07,-2.622166e-07,-2.622224e-07,-2.6221244e-07,0.9895856,3.2656326,0.07771559006680022
2.0,0.024206777200989803,-0.9897489,-8.467432e-08,-2.6184122e-07,-2.6184122e-07,-2.6187504e-07,-2.618454e-07,0.9895856,3.2656326,0.07774790629614364
2.0,0.024216777200989806,-0.9897489,-1.3425883e-07,-2.622166e-07,-2.622166e-07,-2.622224e-07,-2.6221244e-07,0.9895856,3.2656326,0.07778022252548707
2.0,0.024226777200989806,-0.9897489,-8.4674284e-08,-2.6184122e-07,-2.6184122e-07,-2.6187504e-07,-2.618454e-07,0.9895856,3.2656326,0.07781253875483048
2.0,0.024236777200989806,-0.9897489,-1.3425888e-07,-2.622166e-07,-2.622166e-07,-2.622224e-07,-2.6221244e-07,0.9895856,3.2656326,0.07784485498417389
2.0,0.024246777200989805,-0.9897489,-8.4674255e-08,-2.6184122e-07,-2.6184122e-07,-2.6187504e-07,-2.618454e-07,0.9895856,3.2656326,0.0778771712135173
2.0,0.024256777200989805,-0.9897489,-1.3425894e-07,-2.622166e-07,-2.622166e-07,-2.622224e-07,-2.6221244e-07,0.9895856,3.2656326,0.0779094874428607
2.0,0.024266777200989804,-0.9897489,-8.467422e-08,-2.6184122e-07,-2.6184122e-07,-2.6187504e-07,-2.618454e-07,0.9895856,3.2656326,0.07794180367220412
2.0,0.024276777200989804,-0.9897489,-1.3425898e-07,-2.622166e-07,-2.622166e-07,-2.622224e-07,-2.6221244e-07,0.9895856,3.2656326,0.07797411990154753
2.0,0.024286777200989804,-0.9897489,-8.4674184e-08,-2.6184122e-07,-2.6184122e-07,-2.6187504e-07,-2.618454e-07,0.9895856,3.2656326,0.07800643613089095
2.0,0.024296777200989807,-0.9897489,-1.3425904e-07,-2.622166e-07,-2.622166e-07,-2.622224e-07,-2.6221244e-07,0.9895856,3.2656326,0.07803875236023437
2.0,0.024306777200989806,-0.9897489,-8.4674156e-08,-2.6184122e-07,-2.6184122e-07,-2.6187504e-07,-2.618454e-07,0.9895856,3.2656326,0.07807106858957778
2.0,0.024316777200989806,-0.9897489,-1.342591e-07,-2.622166e-07,-2.622166e-07,-2.622224e-07,-2.6221244e-07,0.9895856,3.2656326,0.07810338481892119
2.0,0.024326777200989805,-0.9897489,-8.467412e-08,-2.6184122e-07,-2.6184122e-07,-2.6187504e-07,-2.618454e-07,0.9895856,3.2656326,0.0781357010482646
2.0,0.024336777200989805,-0.9897489,-1.3425915e-07,-2.622166e-07,-2.622166e-07,-2.622224e-07,-2.6221244e-07,0.9895856,3.2656326,0.07816801727760801
2.0,0.024346777200989805,-0.9897489,-8.4674085e-08,-2.6184122e-07,-2.6184122e-07,-2.6187504e-07,-2.618454e-07,0.9895856,3.2656326,0.07820033350695142
2.0,0.024356777200989804,-0.9897489,-1.342592e-07,-2.622166e-07,-2.622166e-07,-2.622224e-07,-2.6221244e-07,0.9895856,3.2656326,0.07823264973629483
2.0,0.024366777200989804,-0.9897489,-8.4674056e-08,-2.6184122e-07,-2.6184122e-07,-2.6187504e-07,-2.618454e-07,0.9895856,3.2656326,0.07826496596563824
2.0,0.024376777200989803,-0.9897489,-1.3425925e-07,-2.622166e-07,-2.622166e-07,-2.622224e-07,-2.6221244e-07,0.9895856,3.2656326,0.07829728219498167
2.0,0.024386777200989807,-0.9897489,-8.467402e-08,-2.6184122e-07,-2.6184122e-07,-2.6187504e-07,-2.618454e-07,0.9895856,3.2656326,0.07832959842432509
2.0,0.024396777200989806,-0.9897489,-1.342593e-07,-2.622166e-07,-2.622166e-07,-2.622224e-07,-2.6221244e-07,0.9895856,3.2656326,0.0783619146536685
2.0,0.024406777200989806,-0.9897489,-8.4673985e-08,-2.6184122e-07,-2.6184122e-07,-2.6187504e-07,-2.618454e-07,0.9895856,3.2656326,0.07839423088301191
2.0,0.024416777200989805,-0.9897489,-1.3425935e-07,-2.622166e-07,-2.622166e-07,-2.622224e-07,-2.6221244e-07,0.9895856,3.2656326,0.07842654711235532
2.0,0.024426777200989805,-0.9897489,-8.467396e-08,-2.6184122e-07,-2.6184122e-07,-2.6187504e-07,-2.618454e-07,0.9895856,3.2656326,0.07845886334169873
2.0,0.024436777200989804,-0.9897489,-1.342594e-07,-2.622166e-07,-2.622166e-07,-2.622224e-07,-2.6221244e-07,0.9895856,3.2656326,0.07849117957104214
2.0,0.024446777200989804,-0.9897489,-8.467392e-08,-2.6184122e-07,-2.6184122e-07,-2.6187504e-07,-2.618454e-07,0.9895856,3.2656326,0.07852349580038555
2.0,0.024456777200989804,-0.9897489,-1.3425945e-07,-2.622166e-07,-2.622166e-07,-2.622224e-07,-2.6221244e-07,0.9895856,3.2656326,0.07855581202972897
2.0,0.024466777200989807,-0.9897489,-8.4673886e-08,-2.6184122e-07,-2.6184122e-07,-2.6187504e-07,-2.618454e-07,0.9895856,3.2656326,0.0785881282590724
2.0,0.024476777200989806,-0.9897489,-1.342595e-07,-2.622166e-07,-2.622166e-07,-2.622224e-07,-2.6221244e-07,0.9895856,3.2656326,0.0786204444884158
2.0,0.024486777200989806,-0.9897489,-8.467386e-08,-2.6184122e-07,-2.6184122e-07,-2.6187504e-07,-2.618454e-07,0.9895856,3.2656326,0.07865276071775922
2.0,0.024496777200989805,-0.9897489,-1.3425955e-07,-2.622166e-07,-2.622166e-07,-2.622224e-07,-2.6221244e-07,0.9895856,3.2656326,0.07868507694710263
2.0,0.024506777200989805,-0.9897489,-8.467382e-08,-2.6184122e-07,-2.6184122e-07,-2.6187504e-07,-2.618454e-07,0.9895856,3.2656326,0.07871739317644603
2.0,0.024516777200989805,-0.9897489,-1.342596e-07,-2.622166e-07,-2.622166e-07,-2.622224e-07,-2.6221244e-07,0.9895856,3.2656326,0.07874970940578944
2.0,0.024526777200989804,-0.9897489,-8.4673786e-08,-2.6184122e-07,-2.6184122e-07,-2.6187504e-07,-2.618454e-07,0.9895856,3.2656326,0.07878202563513285
2.0,0.024536777200989804,-0.9897489,-1.3425964e-07,-2.622166e-07,-2.622166e-07,-2.622224e-07,-2.6221244e-07,0.9895856,3.2656326,0.07881434186447626
2.0,0.024546777200989803,-0.9897489,-8.467376e-08,-2.6184122e-07,-2.6184122e-07,-2.6187504e-07,-2.618454e-07,0.9895856,3.2656326,0.07884665809381969
2.0,0.024556777200989807,-0.9897489,-1.342597e-07,-2.622166e-07,-2.622166e-07,-2.622224e-07,-2.6221244e-07,0.9895856,3.2656326,0.07887897432316311
2.0,0.024566777200989806,-0.9897489,-8.467372e-08,-2.6184122e-07,-2.6184122e-07,-2.6187504e-07,-2.618454e-07,0.9895856,3.2656326,0.07891129055250652
2.0,0.024576777200989806,-0.9897489,-1.3425974e-07,-2.622166e-07,-2.622166e-07,-2.622224e-07,-2.6221244e-07,0.9895856,3.2656326,0.07894360678184993
2.0,0.024586777200989805,-0.9897489,-8.467369e-08,-2.6184122e-07,-2.6184122e-07,-2.6187504e-07,-2.618454e-07,0.9895856,3.2656326,0.07897592301119334
2.0,0.024596777200989805,-0.9897489,-1.3425978e-07,-2.622166e-07,-2.622166e-07,-2.622224e-07,-2.6221244e-07,0.9895856,3.2656326,0.07900823924053675
2.0,0.024606777200989804,-0.9897489,-8.467366e-08,-2.6184122e-07,-2.6184122e-07,-2.6187504e-07,-2.618454e-07,0.9895856,3.2656326,0.07904055546988016
2.0,0.024616777200989804,-0.9897489,-1.3425982e-07,-2.622166e-07,-2.622166e-07,-2.622224e-07,-2.6221244e-07,0.9895856,3.2656326,0.07907287169922357
2.0,0.024626777200989804,-0.9897489,-8.467362e-08,-2.6184122e-07,-2.6184122e-07,-2.6187504e-07,-2.618454e-07,0.9895856,3.2656326,0.079105187928567
2.0,0.024636777200989807,-0.9897489,-1.3425986e-07,-2.622166e-07,-2.622166e-07,-2.622224e-07,-2.6221244e-07,0.9895856,3.2656326,0.07913750415791042
2.0,0.024646777200989806,-0.9897489,-8.467359e-08,-2.6184122e-07,-2.6184122e-07,-2.6187504e-07,-2.618454e-07,0.9895856,3.2656326,0.07916982038725383
2.0,0.024656777200989806,-0.9897489,-1.3425992e-07,-2.622166e-07,-2.622166e-07,-2.622224e-07,-2.6221244e-07,0.9895856,3.2656326,0.07920213661659724
2.0,0.024666777200989806,-0.9897489,-8.467356e-08,-2.6184122e-07,-2.6184122e-07,-2.6187504e-07,-2.618454e-07,0.9895856,3.2656326,0.07923445284594065
2.0,0.024676777200989805,-0.9897489,-1.3425996e-07,-2.622166e-07,-2.622166e-07,-2.622224e-07,-2.6221244e-07,0.9895856,3.2656326,0.07926676907528406
2.0,0.024686777200989805,-0.9897489,-8.467352e-08,-2.6184122e-07,-2.6184122e-07,-2.6187504e-07,-2.618454e-07,0.9895856,3.2656326,0.07929908530462747
2.0,0.024696777200989804,-0.9897489,-1.3426e-07,-2.622166e-07,-2.622166e-07,-2.622224e-07,-2.6221244e-07,0.9895856,3.2656326,0.07933140153397088
2.0,0.024706777200989804,-0.9897489,-8.467349e-08,-2.6184122e-07,-2.6184122e-07,-2.6187504e-07,-2.618454e-07,0.9895856,3.2656326,0.07936371776331429
2.0,0.024716777200989803,-0.9897489,-1.3426005e-07,-2.622166e-07,-2.622166e-07,-2.622224e-07,-2.6221244e-07,0.9895856,3.2656326,0.07939603399265771
2.0,0.024726777200989807,-0.9897489,-8.467346e-08,-2.6184122e-07,-2.6184122e-07,-2.6187504e-07,-2.618454e-07,0.9895856,3.2656326,0.07942835022200113
2.0,0.024736777200989806,-0.9897489,-1.3426009e-07,-2.622166e-07,-2.622166e-07,-2.622224e-07,-2.6221244e-07,0.9895856,3.2656326,0.07946066645134454
2.0,0.024746777200989806,-0.9897489,-8.4673424e-08,-2.6184122e-07,-2.6184122e-07,-2.6187504e-07,-2.618454e-07,0.9895856,3.2656326,0.07949298268068795
2.0,0.024756777200989805,-0.9897489,-1.3426013e-07,-2.622166e-07,-2.622166e-07,-2.622224e-07,-2.6221244e-07,0.9895856,3.2656326,0.07952529891003136
2.0,0.024766777200989805,-0.9897489,-8.467339e-08,-2.6184122e-07,-2.6184122e-07,-2.6187504e-07,-2.618454e-07,0.9895856,3.2656326,0.07955761513937477
2.0,0.024776777200989804,-0.9897489,-1.3426018e-07,-2.622166e-07,-2.622166e-07,-2.622224e-07,-2.6221244e-07,0.9895856,3.2656326,0.07958993136871818
2.0,0.024786777200989804,-0.9897489,-8.467336e-08,-2.6184122e-07,-2.6184122e-07,-2.6187504e-07,-2.618454e-07,0.9895856,3.2656326,0.0796222475980616
2.0,0.024796777200989804,-0.9897489,-1.3426022e-07,-2.622166e-07,-2.622166e-07,-2.622224e-07,-2.6221244e-07,0.9895856,3.2656326,0.07965456382740502
2.0,0.024806777200989807,-0.9897489,-8.4673324e-08,-2.6184122e-07,-2.6184122e-07,-2.6187504e-07,-2.618454e-07,0.9895856,3.2656326,0.07968688005674844
2.0,0.024816777200989806,-0.9897489,-1.3426026e-07,-2.622166e-07,-2.622166e-07,-2.622224e-07,-2.6221244e-07,0.9895856,3.2656326,0.07971919628609185
2.0,0.024826777200989806,-0.9897489,-8.4673296e-08,-2.6184122e-07,-2.6184122e-07,-2.6187504e-07,-2.618454e-07,0.9895856,3.2656326,0.07975151251543526
2.0,0.024836777200989806,-0.9897489,-1.342603e-07,-2.622166e-07,-2.622166e-07,-2.622224e-07,-2.6221244e-07,0.9895856,3.2656326,0.07978382874477867
2.0,0.024846777200989805,-0.9897489,-8.467326e-08,-2.6184122e-07,-2.6184122e-07,-2.6187504e-07,-2.618454e-07,0.9895856,3.2656326,0.07981614497412208
2.0,0.024856777200989805,-0.9897489,-1.3426035e-07,-2.622166e-07,-2.622166e-07,-2.622224e-07,-2.6221244e-07,0.9895856,3.2656326,0.07984846120346549
2.0,0.024866777200989804,-0.9897489,-8.467323e-08,-2.6184122e-07,-2.6184122e-07,-2.6187504e-07,-2.618454e-07,0.9895856,3.2656326,0.0798807774328089
2.0,0.024876777200989804,-0.9897489,-1.3426039e-07,-2.622166e-07,-2.622166e-07,-2.622224e-07,-2.6221244e-07,0.9895856,3.2656326,0.07991309366215231
2.0,0.024886777200989803,-0.9897489,-8.46732e-08,-2.6184122e-07,-2.6184122e-07,-2.6187504e-07,-2.618454e-07,0.9895856,3.2656326,0.07994540989149573
2.0,0.024896777200989807,-0.9897489,-1.3426042e-07,-2.622166e-07,-2.622166e-07,-2.622224e-07,-2.6221244e-07,0.9895856,3.2656326,0.07997772612083916
2.0,0.024906777200989806,-0.9897489,-8.467316e-08,-2.6184122e-07,-2.6184122e-07,-2.6187504e-07,-2.618454e-07,0.9895856,3.2656326,0.08001004235018257
2.0,0.024916777200989806,-0.9897489,-1.3426046e-07,-2.622166e-07,-2.622166e-07,-2.622224e-07,-2.6221244e-07,0.9895856,3.2656326,0.08004235857952598
2.0,0.024926777200989805,-0.9897489,-8.467313e-08,-2.6184122e-07,-2.6184122e-07,-2.6187504e-07,-2.618454e-07,0.9895856,3.2656326,0.08007467480886939
2.0,0.024936777200989805,-0.9897489,-1.342605e-07,-2.622166e-07,-2.622166e-07,-2.622224e-07,-2.6221244e-07,0.9895856,3.2656326,0.0801069910382128
2.0,0.024946777200989805,-0.9897489,-8.46731e-08,-2.6184122e-07,-2.6184122e-07,-2.6187504e-07,-2.618454e-07,0.9895856,3.2656326,0.0801393072675562
2.0,0.024956777200989804,-0.9897489,-1.3426055e-07,-2.622166e-07,-2.622166e-07,-2.622224e-07,-2.6221244e-07,0.9895856,3.2656326,0.08017162349689962
2.0,0.024966777200989804,-0.9897489,-8.467307e-08,-2.6184122e-07,-2.6184122e-07,-2.6187504e-07,-2.618454e-07,0.9895856,3.2656326,0.08020393972624304
2.0,0.024976777200989807,-0.9897489,-1.3426059e-07,-2.622166e-07,-2.622166e-07,-2.622224e-07,-2.6221244e-07,0.9895856,3.2656326,0.08023625595558646
2.0,0.024986777200989806,-0.9897489,-8.467303e-08,-2.6184122e-07,-2.6184122e-07,-2.6187504e-07,-2.618454e-07,0.9895856,3.2656326,0.08026857218492987
2.0,0.024996777200989806,-0.9897489,-1.3426062e-07,-2.622166e-07,-2.622166e-07,-2.622224e-07,-2.6221244e-07,0.9895856,3.2656326,0.08030088841427328
2.0,0.025006777200989806,-0.9897489,-8.4673005e-08,-2.6184122e-07,-2.6184122e-07,-2.6187504e-07,-2.618454e-07,0.9895856,3.2656326,0.08033320464361669
2.0,0.025016777200989805,-0.9897489,-1.3426066e-07,-2.622166e-07,-2.622166e-07,-2.622224e-07,-2.6221244e-07,0.9895856,3.2656326,0.0803655208729601
2.0,0.025026777200989805,-0.9897489,-8.467297e-08,-2.6184122e-07,-2.6184122e-07,-2.6187504e-07,-2.618454e-07,0.9895856,3.2656326,0.08039783710230351
2.0,0.025036777200989804,-0.9897489,-1.342607e-07,-2.622166e-07,-2.622166e-07,-2.622224e-07,-2.6221244e-07,0.9895856,3.2656326,0.08043015333164692
2.0,0.025046777200989804,-0.9897489,-8.467294e-08,-2.6184122e-07,-2.6184122e-07,-2.6187504e-07,-2.618454e-07,0.9895856,3.2656326,0.08046246956099033
2.0,0.025056777200989803,-0.9897489,-1.3426074e-07,-2.622166e-07,-2.622166e-07,-2.622224e-07,-2.6221244e-07,0.9895856,3.2656326,0.08049478579033376
2.0,0.025066777200989807,-0.9897489,-8.4672905e-08,-2.6184122e-07,-2.6184122e-07,-2.6187504e-07,-2.618454e-07,0.9895856,3.2656326,0.08052710201967718
2.0,0.025076777200989806,-0.9897489,-1.3426077e-07,-2.622166e-07,-2.622166e-07,-2.622224e-07,-2.6221244e-07,0.9895856,3.2656326,0.08055941824902059
2.0,0.025086777200989806,-0.9897489,-8.467288e-08,-2.6184122e-07,-2.6184122e-07,-2.6187504e-07,-2.618454e-07,0.9895856,3.2656326,0.080591734478364
2.0,0.025096777200989805,-0.9897489,-1.3426082e-07,-2.622166e-07,-2.622166e-07,-2.622224e-07,-2.6221244e-07,0.9895856,3.2656326,0.08062405070770741
2.0,0.025106777200989805,-0.9897489,-8.467284e-08,-2.6184122e-07,-2.6184122e-07,-2.6187504e-07,-2.618454e-07,0.9895856,3.2656326,0.08065636693705082
2.0,0.025116777200989805,-0.9897489,-1.3426086e-07,-2.622166e-07,-2.622166e-07,-2.622224e-07,-2.6221244e-07,0.9895856,3.2656326,0.08068868316639423
2.0,0.025126777200989804,-0.9897489,-8.467281e-08,-2.6184122e-07,-2.6184122e-07,-2.6187504e-07,-2.618454e-07,0.9895856,3.2656326,0.08072099939573764
2.0,0.025136777200989804,-0.9897489,-1.3426089e-07,-2.622166e-07,-2.622166e-07,-2.622224e-07,-2.6221244e-07,0.9895856,3.2656326,0.08075331562508106
2.0,0.025146777200989807,-0.9897489,-8.4672784e-08,-2.6184122e-07,-2.6184122e-07,-2.6187504e-07,-2.618454e-07,0.9895856,3.2656326,0.08078563185442449
2.0,0.025156777200989806,-0.9897489,-1.3426093e-07,-2.622166e-07,-2.622166e-07,-2.622224e-07,-2.6221244e-07,0.9895856,3.2656326,0.0808179480837679
2.0,0.025166777200989806,-0.9897489,-8.467275e-08,-2.6184122e-07,-2.6184122e-07,-2.6187504e-07,-2.618454e-07,0.9895856,3.2656326,0.0808502643131113
2.0,0.025176777200989806,-0.9897489,-1.3426096e-07,-2.622166e-07,-2.622166e-07,-2.622224e-07,-2.6221244e-07,0.9895856,3.2656326,0.08088258054245472
2.0,0.025186777200989805,-0.9897489,-8.467272e-08,-2.6184122e-07,-2.6184122e-07,-2.6187504e-07,-2.618454e-07,0.9895856,3.2656326,0.08091489677179813
2.0,0.025196777200989805,-0.9897489,-1.34261e-07,-2.622166e-07,-2.622166e-07,-2.622224e-07,-2.6221244e-07,0.9895856,3.2656326,0.08094721300114154
2.0,0.025206777200989804,-0.9897489,-8.4672685e-08,-2.6184122e-07,-2.6184122e-07,-2.6187504e-07,-2.618454e-07,0.9895856,3.2656326,0.08097952923048495
2.0,0.025216777200989804,-0.9897489,-1.3426103e-07,-2.622166e-07,-2.622166e-07,-2.622224e-07,-2.6221244e-07,0.9895856,3.2656326,0.08101184545982835
2.0,0.025226777200989804,-0.9897489,-8.4672656e-08,-2.6184122e-07,-2.6184122e-07,-2.6187504e-07,-2.618454e-07,0.9895856,3.2656326,0.08104416168917178
2.0,0.025236777200989807,-0.9897489,-1.3426107e-07,-2.622166e-07,-2.622166e-07,-2.622224e-07,-2.6221244e-07,0.9895856,3.2656326,0.0810764779185152
2.0,0.025246777200989806,-0.9897489,-8.467263e-08,-2.6184122e-07,-2.6184122e-07,-2.6187504e-07,-2.618454e-07,0.9895856,3.2656326,0.08110879414785861
2.0,0.025256777200989806,-0.9897489,-1.3426111e-07,-2.622166e-07,-2.622166e-07,-2.622224e-07,-2.6221244e-07,0.9895856,3.2656326,0.08114111037720202
2.0,0.025266777200989805,-0.9897489,-8.467259e-08,-2.6184122e-07,-2.6184122e-07,-2.6187504e-07,-2.618454e-07,0.9895856,3.2656326,0.08117342660654543
2.0,0.025276777200989805,-0.9897489,-1.3426114e-07,-2.622166e-07,-2.622166e-07,-2.622224e-07,-2.6221244e-07,0.9895856,3.2656326,0.08120574283588884
2.0,0.025286777200989805,-0.9897489,-8.4672564e-08,-2.6184122e-07,-2.6184122e-07,-2.6187504e-07,-2.618454e-07,0.9895856,3.2656326,0.08123805906523225
2.0,0.025296777200989804,-0.9897489,-1.3426119e-07,-2.622166e-07,-2.622166e-07,-2.622224e-07,-2.6221244e-07,0.9895856,3.2656326,0.08127037529457566
2.0,0.025306777200989804,-0.9897489,-8.4672536e-08,-2.6184122e-07,-2.6184122e-07,-2.6187504e-07,-2.618454e-07,0.9895856,3.2656326,0.08130269152391909
2.0,0.025316777200989807,-0.9897489,-1.3426121e-07,-2.622166e-07,-2.622166e-07,-2.622224e-07,-2.6221244e-07,0.9895856,3.2656326,0.08133500775326251
2.0,0.025326777200989806,-0.9897489,-8.46725e-08,-2.6184122e-07,-2.6184122e-07,-2.6187504e-07,-2.618454e-07,0.9895856,3.2656326,0.08136732398260592
2.0,0.025336777200989806,-0.9897489,-1.3426124e-07,-2.622166e-07,-2.622166e-07,-2.622224e-07,-2.6221244e-07,0.9895856,3.2656326,0.08139964021194933
2.0,0.025346777200989806,-0.9897489,-8.467247e-08,-2.6184122e-07,-2.6184122e-07,-2.6187504e-07,-2.618454e-07,0.9895856,3.2656326,0.08143195644129274
2.0,0.025356777200989805,-0.9897489,-1.3426128e-07,-2.622166e-07,-2.622166e-07,-2.622224e-07,-2.6221244e-07,0.9895856,3.2656326,0.08146427267063615
2.0,0.025366777200989805,-0.9897489,-8.467244e-08,-2.6184122e-07,-2.6184122e-07,-2.6187504e-07,-2.618454e-07,0.9895856,3.2656326,0.08149658889997956
2.0,0.025376777200989804,-0.9897489,-1.3426131e-07,-2.622166e-07,-2.622166e-07,-2.622224e-07,-2.6221244e-07,0.9895856,3.2656326,0.08152890512932297
2.0,0.025386777200989804,-0.9897489,-8.4672415e-08,-2.6184122e-07,-2.6184122e-07,-2.6187504e-07,-2.618454e-07,0.9895856,3.2656326,0.08156122135866638
2.0,0.025396777200989804,-0.9897489,-1.3426136e-07,-2.622166e-07,-2.622166e-07,-2.622224e-07,-2.6221244e-07,0.9895856,3.2656326,0.0815935375880098
2.0,0.025406777200989807,-0.9897489,-8.467238e-08,-2.6184122e-07,-2.6184122e-07,-2.6187504e-07,-2.618454e-07,0.9895856,3.2656326,0.08162585381735322
2.0,0.025416777200989806,-0.9897489,-1.3426138e-07,-2.622166e-07,-2.622166e-07,-2.622224e-07,-2.6221244e-07,0.9895856,3.2656326,0.08165817004669663
2.0,0.025426777200989806,-0.9897489,-8.467235e-08,-2.6184122e-07,-2.6184122e-07,-2.6187504e-07,-2.618454e-07,0.9895856,3.2656326,0.08169048627604004
2.0,0.025436777200989805,-0.9897489,-1.3426141e-07,-2.622166e-07,-2.622166e-07,-2.622224e-07,-2.6221244e-07,0.9895856,3.2656326,0.08172280250538345
2.0,0.025446777200989805,-0.9897489,-8.467232e-08,-2.6184122e-07,-2.6184122e-07,-2.6187504e-07,-2.618454e-07,0.9895856,3.2656326,0.08175511873472686
2.0,0.025456777200989805,-0.9897489,-1.3426146e-07,-2.622166e-07,-2.622166e-07,-2.622224e-07,-2.6221244e-07,0.9895856,3.2656326,0.08178743496407027
2.0,0.025466777200989804,-0.9897489,-8.4672294e-08,-2.6184122e-07,-2.6184122e-07,-2.6187504e-07,-2.618454e-07,0.9895856,3.2656326,0.08181975119341368
2.0,0.025476777200989804,-0.9897489,-1.3426148e-07,-2.622166e-07,-2.622166e-07,-2.622224e-07,-2.6221244e-07,0.9895856,3.2656326,0.0818520674227571
2.0,0.025486777200989803,-0.9897489,-8.4672266e-08,-2.6184122e-07,-2.6184122e-07,-2.6187504e-07,-2.618454e-07,0.9895856,3.2656326,0.08188438365210052
2.0,0.025496777200989806,-0.9897489,-1.3426153e-07,-2.622166e-07,-2.622166e-07,-2.622224e-07,-2.6221244e-07,0.9895856,3.2656326,0.08191669988144394
2.0,0.025506777200989806,-0.9897489,-8.467223e-08,-2.6184122e-07,-2.6184122e-07,-2.6187504e-07,-2.618454e-07,0.9895856,3.2656326,0.08194901611078735
2.0,0.025516777200989806,-0.9897489,-1.3426155e-07,-2.622166e-07,-2.622166e-07,-2.622224e-07,-2.6221244e-07,0.9895856,3.2656326,0.08198133234013076
2.0,0.025526777200989805,-0.9897489,-8.46722e-08,-2.6184122e-07,-2.6184122e-07,-2.6187504e-07,-2.618454e-07,0.9895856,3.2656326,0.08201364856947417
2.0,0.025536777200989805,-0.9897489,-1.3426158e-07,-2.622166e-07,-2.622166e-07,-2.622224e-07,-2.6221244e-07,0.9895856,3.2656326,0.08204596479881758
2.0,0.025546777200989804,-0.9897489,-8.467217e-08,-2.6184122e-07,-2.6184122e-07,-2.6187504e-07,-2.618454e-07,0.9895856,3.2656326,0.08207828102816099
2.0,0.025556777200989804,-0.9897489,-1.3426161e-07,-2.622166e-07,-2.622166e-07,-2.622224e-07,-2.6221244e-07,0.9895856,3.2656326,0.0821105972575044
2.0,0.025566777200989804,-0.9897489,-8.4672145e-08,-2.6184122e-07,-2.6184122e-07,-2.6187504e-07,-2.618454e-07,0.9895856,3.2656326,0.08214291348684782
2.0,0.025576777200989807,-0.9897489,-1.3426165e-07,-2.622166e-07,-2.622166e-07,-2.622224e-07,-2.6221244e-07,0.9895856,3.2656326,0.08217522971619125
2.0,0.025586777200989806,-0.9897489,-8.4672116e-08,-2.6184122e-07,-2.6184122e-07,-2.6187504e-07,-2.618454e-07,0.9895856,3.2656326,0.08220754594553466
2.0,0.025596777200989806,-0.9897489,-1.3426168e-07,-2.622166e-07,-2.622166e-07,-2.622224e-07,-2.6221244e-07,0.9895856,3.2656326,0.08223986217487807
2.0,0.025606777200989805,-0.9897489,-8.467209e-08,-2.6184122e-07,-2.6184122e-07,-2.6187504e-07,-2.618454e-07,0.9895856,3.2656326,0.08227217840422148
2.0,0.025616777200989805,-0.9897489,-1.3426171e-07,-2.622166e-07,-2.622166e-07,-2.622224e-07,-2.6221244e-07,0.9895856,3.2656326,0.08230449463356489
2.0,0.025626777200989805,-0.9897489,-8.467206e-08,-2.6184122e-07,-2.6184122e-07,-2.6187504e-07,-2.618454e-07,0.9895856,3.2656326,0.0823368108629083
2.0,0.025636777200989804,-0.9897489,-1.3426174e-07,-2.622166e-07,-2.622166e-07,-2.622224e-07,-2.6221244e-07,0.9895856,3.2656326,0.0823691270922517
2.0,0.025646777200989804,-0.9897489,-8.467203e-08,-2.6184122e-07,-2.6184122e-07,-2.6187504e-07,-2.618454e-07,0.9895856,3.2656326,0.08240144332159512
2.0,0.025656777200989803,-0.9897489,-1.3426178e-07,-2.622166e-07,-2.622166e-07,-2.622224e-07,-2.6221244e-07,0.9895856,3.2656326,0.08243375955093854
2.0,0.025666777200989806,-0.9897489,-8.4671996e-08,-2.6184122e-07,-2.6184122e-07,-2.6187504e-07,-2.618454e-07,0.9895856,3.2656326,0.08246607578028196
2.0,0.025676777200989806,-0.9897489,-1.3426181e-07,-2.622166e-07,-2.622166e-07,-2.622224e-07,-2.6221244e-07,0.9895856,3.2656326,0.08249839200962537
2.0,0.025686777200989806,-0.9897489,-8.467197e-08,-2.6184122e-07,-2.6184122e-07,-2.6187504e-07,-2.618454e-07,0.9895856,3.2656326,0.08253070823896878
2.0,0.025696777200989805,-0.9897489,-1.3426184e-07,-2.622166e-07,-2.622166e-07,-2.622224e-07,-2.6221244e-07,0.9895856,3.2656326,0.0825630244683122
2.0,0.025706777200989805,-0.9897489,-8.467194e-08,-2.6184122e-07,-2.6184122e-07,-2.6187504e-07,-2.618454e-07,0.9895856,3.2656326,0.0825953406976556
2.0,0.025716777200989804,-0.9897489,-1.3426187e-07,-2.622166e-07,-2.622166e-07,-2.622224e-07,-2.6221244e-07,0.9895856,3.2656326,0.08262765692699901
2.0,0.025726777200989804,-0.9897489,-8.467191e-08,-2.6184122e-07,-2.6184122e-07,-2.6187504e-07,-2.618454e-07,0.9895856,3.2656326,0.08265997315634242
2.0,0.025736777200989804,-0.9897489,-1.342619e-07,-2.622166e-07,-2.622166e-07,-2.622224e-07,-2.6221244e-07,0.9895856,3.2656326,0.08269228938568585
2.0,0.025746777200989807,-0.9897489,-8.467188e-08,-2.6184122e-07,-2.6184122e-07,-2.6187504e-07,-2.618454e-07,0.9895856,3.2656326,0.08272460561502927
2.0,0.025756777200989806,-0.9897489,-1.3426194e-07,-2.622166e-07,-2.622166e-07,-2.622224e-07,-2.6221244e-07,0.9895856,3.2656326,0.08275692184437268
2.0,0.025766777200989806,-0.9897489,-8.467185e-08,-2.6184122e-07,-2.6184122e-07,-2.6187504e-07,-2.618454e-07,0.9895856,3.2656326,0.08278923807371609
2.0,0.025776777200989805,-0.9897489,-1.3426197e-07,-2.622166e-07,-2.622166e-07,-2.622224e-07,-2.6221244e-07,0.9895856,3.2656326,0.0828215543030595
2.0,0.025786777200989805,-0.9897489,-8.4671825e-08,-2.6184122e-07,-2.6184122e-07,-2.6187504e-07,-2.618454e-07,0.9895856,3.2656326,0.08285387053240291
2.0,0.025796777200989805,-0.9897489,-1.34262e-07,-2.622166e-07,-2.622166e-07,-2.622224e-07,-2.6221244e-07,0.9895856,3.2656326,0.08288618676174632
2.0,0.025806777200989804,-0.9897489,-8.46718e-08,-2.6184122e-07,-2.6184122e-07,-2.6187504e-07,-2.618454e-07,0.9895856,3.2656326,0.08291850299108973
2.0,0.025816777200989804,-0.9897489,-1.3426202e-07,-2.622166e-07,-2.622166e-07,-2.622224e-07,-2.6221244e-07,0.9895856,3.2656326,0.08295081922043314
2.0,0.025826777200989803,-0.9897489,-8.4671775e-08,-2.6184122e-07,-2.6184122e-07,-2.6187504e-07,-2.618454e-07,0.9895856,3.2656326,0.08298313544977656
2.0,0.025836777200989806,-0.9897489,-1.3426205e-07,-2.622166e-07,-2.622166e-07,-2.622224e-07,-2.6221244e-07,0.9895856,3.2656326,0.08301545167911999
2.0,0.025846777200989806,-0.9897489,-8.467175e-08,-2.6184122e-07,-2.6184122e-07,-2.6187504e-07,-2.618454e-07,0.9895856,3.2656326,0.0830477679084634
2.0,0.025856777200989806,-0.9897489,-1.3426208e-07,-2.622166e-07,-2.622166e-07,-2.622224e-07,-2.6221244e-07,0.9895856,3.2656326,0.0830800841378068
2.0,0.025866777200989805,-0.9897489,-8.467172e-08,-2.6184122e-07,-2.6184122e-07,-2.6187504e-07,-2.618454e-07,0.9895856,3.2656326,0.08311240036715022
2.0,0.025876777200989805,-0.9897489,-1.3426211e-07,-2.622166e-07,-2.622166e-07,-2.622224e-07,-2.6221244e-07,0.9895856,3.2656326,0.08314471659649363
2.0,0.025886777200989804,-0.9897489,-8.467169e-08,-2.6184122e-07,-2.6184122e-07,-2.6187504e-07,-2.618454e-07,0.9895856,3.2656326,0.08317703282583704
2.0,0.025896777200989804,-0.9897489,-1.3426214e-07,-2.622166e-07,-2.622166e-07,-2.622224e-07,-2.6221244e-07,0.9895856,3.2656326,0.08320934905518045
2.0,0.025906777200989804,-0.9897489,-8.467166e-08,-2.6184122e-07,-2.6184122e-07,-2.6187504e-07,-2.618454e-07,0.9895856,3.2656326,0.08324166528452387
2.0,0.025916777200989807,-0.9897489,-1.3426218e-07,-2.622166e-07,-2.622166e-07,-2.622224e-07,-2.6221244e-07,0.9895856,3.2656326,0.08327398151386729
2.0,0.025926777200989806,-0.9897489,-8.467163e-08,-2.6184122e-07,-2.6184122e-07,-2.6187504e-07,-2.618454e-07,0.9895856,3.2656326,0.0833062977432107
2.0,0.025936777200989806,-0.9897489,-1.3426221e-07,-2.622166e-07,-2.622166e-07,-2.622224e-07,-2.6221244e-07,0.9895856,3.2656326,0.08333861397255411
2.0,0.025946777200989805,-0.9897489,-8.4671605e-08,-2.6184122e-07,-2.6184122e-07,-2.6187504e-07,-2.618454e-07,0.9895856,3.2656326,0.08337093020189752
2.0,0.025956777200989805,-0.9897489,-1.3426224e-07,-2.622166e-07,-2.622166e-07,-2.622224e-07,-2.6221244e-07,0.9895856,3.2656326,0.08340324643124093
2.0,0.025966777200989805,-0.9897489,-8.4671576e-08,-2.6184122e-07,-2.6184122e-07,-2.6187504e-07,-2.618454e-07,0.9895856,3.2656326,0.08343556266058434
2.0,0.025976777200989804,-0.9897489,-1.3426227e-07,-2.622166e-07,-2.622166e-07,-2.622224e-07,-2.6221244e-07,0.9895856,3.2656326,0.08346787888992775
2.0,0.025986777200989804,-0.9897489,-8.467155e-08,-2.6184122e-07,-2.6184122e-07,-2.6187504e-07,-2.618454e-07,0.9895856,3.2656326,0.08350019511927116
2.0,0.025996777200989803,-0.9897489,-1.342623e-07,-2.622166e-07,-2.622166e-07,-2.622224e-07,-2.6221244e-07,0.9895856,3.2656326,0.08353251134861459
2.0,0.026006777200989806,-0.9897489,-8.467153e-08,-2.6184122e-07,-2.6184122e-07,-2.6187504e-07,-2.618454e-07,0.9895856,3.2656326,0.08356482757795801
2.0,0.026016777200989806,-0.9897489,-1.3426232e-07,-2.622166e-07,-2.622166e-07,-2.622224e-07,-2.6221244e-07,0.9895856,3.2656326,0.08359714380730142
2.0,0.026026777200989806,-0.9897489,-8.46715e-08,-2.6184122e-07,-2.6184122e-07,-2.6187504e-07,-2.618454e-07,0.9895856,3.2656326,0.08362946003664483
2.0,0.026036777200989805,-0.9897489,-1.3426235e-07,-2.622166e-07,-2.622166e-07,-2.622224e-07,-2.6221244e-07,0.9895856,3.2656326,0.08366177626598824
2.0,0.026046777200989805,-0.9897489,-8.467147e-08,-2.6184122e-07,-2.6184122e-07,-2.6187504e-07,-2.618454e-07,0.9895856,3.2656326,0.08369409249533165
2.0,0.026056777200989804,-0.9897489,-1.3426238e-07,-2.622166e-07,-2.622166e-07,-2.622224e-07,-2.6221244e-07,0.9895856,3.2656326,0.08372640872467506
2.0,0.026066777200989804,-0.9897489,-8.467144e-08,-2.6184122e-07,-2.6184122e-07,-2.6187504e-07,-2.618454e-07,0.9895856,3.2656326,0.08375872495401847
2.0,0.026076777200989804,-0.9897489,-1.3426241e-07,-2.622166e-07,-2.622166e-07,-2.622224e-07,-2.6221244e-07,0.9895856,3.2656326,0.08379104118336189
2.0,0.026086777200989807,-0.9897489,-8.467141e-08,-2.6184122e-07,-2.6184122e-07,-2.6187504e-07,-2.618454e-07,0.9895856,3.2656326,0.08382335741270532
2.0,0.026096777200989806,-0.9897489,-1.3426244e-07,-2.622166e-07,-2.622166e-07,-2.622224e-07,-2.6221244e-07,0.9895856,3.2656326,0.08385567364204873
2.0,0.026106777200989806,-0.9897489,-8.467139e-08,-2.6184122e-07,-2.6184122e-07,-2.6187504e-07,-2.618454e-07,0.9895856,3.2656326,0.08388798987139214
2.0,0.026116777200989805,-0.9897489,-1.3426246e-07,-2.622166e-07,-2.622166e-07,-2.622224e-07,-2.6221244e-07,0.9895856,3.2656326,0.08392030610073554
2.0,0.026126777200989805,-0.9897489,-8.467136e-08,-2.6184122e-07,-2.6184122e-07,-2.6187504e-07,-2.618454e-07,0.9895856,3.2656326,0.08395262233007895
2.0,0.026136777200989805,-0.9897489,-1.3426249e-07,-2.622166e-07,-2.622166e-07,-2.622224e-07,-2.6221244e-07,0.9895856,3.2656326,0.08398493855942236
2.0,0.026146777200989804,-0.9897489,-8.4671335e-08,-2.6184122e-07,-2.6184122e-07,-2.6187504e-07,-2.618454e-07,0.9895856,3.2656326,0.08401725478876577
2.0,0.026156777200989804,-0.9897489,-1.3426252e-07,-2.622166e-07,-2.622166e-07,-2.622224e-07,-2.6221244e-07,0.9895856,3.2656326,0.08404957101810918
2.0,0.026166777200989803,-0.9897489,-8.467131e-08,-2.6184122e-07,-2.6184122e-07,-2.6187504e-07,-2.618454e-07,0.9895856,3.2656326,0.08408188724745261
2.0,0.026176777200989806,-0.9897489,-1.3426255e-07,-2.622166e-07,-2.622166e-07,-2.622224e-07,-2.6221244e-07,0.9895856,3.2656326,0.08411420347679603
2.0,0.026186777200989806,-0.9897489,-8.4671285e-08,-2.6184122e-07,-2.6184122e-07,-2.6187504e-07,-2.618454e-07,0.9895856,3.2656326,0.08414651970613944
2.0,0.026196777200989806,-0.9897489,-1.3426256e-07,-2.622166e-07,-2.622166e-07,-2.622224e-07,-2.6221244e-07,0.9895856,3.2656326,0.08417883593548285
2.0,0.026206777200989805,-0.9897489,-8.467126e-08,-2.6184122e-07,-2.6184122e-07,-2.6187504e-07,-2.618454e-07,0.9895856,3.2656326,0.08421115216482626
2.0,0.026216777200989805,-0.9897489,-1.3426259e-07,-2.622166e-07,-2.622166e-07,-2.622224e-07,-2.6221244e-07,0.9895856,3.2656326,0.08424346839416967
2.0,0.026226777200989804,-0.9897489,-8.467123e-08,-2.6184122e-07,-2.6184122e-07,-2.6187504e-07,-2.618454e-07,0.9895856,3.2656326,0.08427578462351308
2.0,0.026236777200989804,-0.9897489,-1.3426262e-07,-2.622166e-07,-2.622166e-07,-2.622224e-07,-2.6221244e-07,0.9895856,3.2656326,0.08430810085285649
2.0,0.026246777200989804,-0.9897489,-8.467121e-08,-2.6184122e-07,-2.6184122e-07,-2.6187504e-07,-2.618454e-07,0.9895856,3.2656326,0.08434041708219991
2.0,0.026256777200989807,-0.9897489,-1.3426265e-07,-2.622166e-07,-2.622166e-07,-2.622224e-07,-2.6221244e-07,0.9895856,3.2656326,0.08437273331154334
2.0,0.026266777200989806,-0.9897489,-8.467118e-08,-2.6184122e-07,-2.6184122e-07,-2.6187504e-07,-2.618454e-07,0.9895856,3.2656326,0.08440504954088675
2.0,0.026276777200989806,-0.9897489,-1.3426268e-07,-2.622166e-07,-2.622166e-07,-2.622224e-07,-2.6221244e-07,0.9895856,3.2656326,0.08443736577023016
2.0,0.026286777200989805,-0.9897489,-8.467116e-08,-2.6184122e-07,-2.6184122e-07,-2.6187504e-07,-2.618454e-07,0.9895856,3.2656326,0.08446968199957357
2.0,0.026296777200989805,-0.9897489,-1.342627e-07,-2.622166e-07,-2.622166e-07,-2.622224e-07,-2.6221244e-07,0.9895856,3.2656326,0.08450199822891698
2.0,0.026306777200989805,-0.9897489,-8.467113e-08,-2.6184122e-07,-2.6184122e-07,-2.6187504e-07,-2.618454e-07,0.9895856,3.2656326,0.08453431445826039
2.0,0.026316777200989804,-0.9897489,-1.3426273e-07,-2.622166e-07,-2.622166e-07,-2.622224e-07,-2.6221244e-07,0.9895856,3.2656326,0.0845666306876038
2.0,0.026326777200989804,-0.9897489,-8.46711e-08,-2.6184122e-07,-2.6184122e-07,-2.6187504e-07,-2.618454e-07,0.9895856,3.2656326,0.0845989469169472
2.0,0.026336777200989803,-0.9897489,-1.3426276e-07,-2.622166e-07,-2.622166e-07,-2.622224e-07,-2.6221244e-07,0.9895856,3.2656326,0.08463126314629063
2.0,0.026346777200989806,-0.9897489,-8.467108e-08,-2.6184122e-07,-2.6184122e-07,-2.6187504e-07,-2.618454e-07,0.9895856,3.2656326,0.08466357937563405
2.0,0.026356777200989806,-0.9897489,-1.3426279e-07,-2.622166e-07,-2.622166e-07,-2.622224e-07,-2.6221244e-07,0.9895856,3.2656326,0.08469589560497746
2.0,0.026366777200989806,-0.9897489,-8.467105e-08,-2.6184122e-07,-2.6184122e-07,-2.6187504e-07,-2.618454e-07,0.9895856,3.2656326,0.08472821183432087
2.0,0.026376777200989805,-0.9897489,-1.342628e-07,-2.622166e-07,-2.622166e-07,-2.622224e-07,-2.6221244e-07,0.9895856,3.2656326,0.08476052806366428
2.0,0.026386777200989805,-0.9897489,-8.467103e-08,-2.6184122e-07,-2.6184122e-07,-2.6187504e-07,-2.618454e-07,0.9895856,3.2656326,0.0847928442930077
2.0,0.026396777200989804,-0.9897489,-1.3426283e-07,-2.622166e-07,-2.622166e-07,-2.622224e-07,-2.6221244e-07,0.9895856,3.2656326,0.0848251605223511
2.0,0.026406777200989804,-0.9897489,-8.4671e-08,-2.6184122e-07,-2.6184122e-07,-2.6187504e-07,-2.618454e-07,0.9895856,3.2656326,0.08485747675169451
2.0,0.026416777200989804,-0.9897489,-1.3426286e-07,-2.622166e-07,-2.622166e-07,-2.622224e-07,-2.6221244e-07,0.9895856,3.2656326,0.08488979298103794
2.0,0.026426777200989807,-0.9897489,-8.467097e-08,-2.6184122e-07,-2.6184122e-07,-2.6187504e-07,-2.618454e-07,0.9895856,3.2656326,0.08492210921038136
2.0,0.026436777200989806,-0.9897489,-1.3426289e-07,-2.622166e-07,-2.622166e-07,-2.622224e-07,-2.6221244e-07,0.9895856,3.2656326,0.08495442543972477
2.0,0.026446777200989806,-0.9897489,-8.467095e-08,-2.6184122e-07,-2.6184122e-07,-2.6187504e-07,-2.618454e-07,0.9895856,3.2656326,0.08498674166906818
2.0,0.026456777200989805,-0.9897489,-1.3426292e-07,-2.622166e-07,-2.622166e-07,-2.622224e-07,-2.6221244e-07,0.9895856,3.2656326,0.08501905789841159
2.0,0.026466777200989805,-0.9897489,-8.467092e-08,-2.6184122e-07,-2.6184122e-07,-2.6187504e-07,-2.618454e-07,0.9895856,3.2656326,0.085051374127755
2.0,0.026476777200989805,-0.9897489,-1.3426295e-07,-2.622166e-07,-2.622166e-07,-2.622224e-07,-2.6221244e-07,0.9895856,3.2656326,0.08508369035709841
2.0,0.026486777200989804,-0.9897489,-8.46709e-08,-2.6184122e-07,-2.6184122e-07,-2.6187504e-07,-2.618454e-07,0.9895856,3.2656326,0.08511600658644182
2.0,0.026496777200989804,-0.9897489,-1.3426296e-07,-2.622166e-07,-2.622166e-07,-2.622224e-07,-2.6221244e-07,0.9895856,3.2656326,0.08514832281578523
2.0,0.026506777200989803,-0.9897489,-8.467087e-08,-2.6184122e-07,-2.6184122e-07,-2.6187504e-07,-2.618454e-07,0.9895856,3.2656326,0.08518063904512865
2.0,0.026516777200989806,-0.9897489,-1.3426299e-07,-2.622166e-07,-2.622166e-07,-2.622224e-07,-2.6221244e-07,0.9895856,3.2656326,0.08521295527447208
2.0,0.026526777200989806,-0.9897489,-8.467085e-08,-2.6184122e-07,-2.6184122e-07,-2.6187504e-07,-2.618454e-07,0.9895856,3.2656326,0.08524527150381549
2.0,0.026536777200989806,-0.9897489,-1.3426302e-07,-2.622166e-07,-2.622166e-07,-2.622224e-07,-2.6221244e-07,0.9895856,3.2656326,0.0852775877331589
2.0,0.026546777200989805,-0.9897489,-8.467082e-08,-2.6184122e-07,-2.6184122e-07,-2.6187504e-07,-2.618454e-07,0.9895856,3.2656326,0.0853099039625023
2.0,0.026556777200989805,-0.9897489,-1.3426305e-07,-2.622166e-07,-2.622166e-07,-2.622224e-07,-2.6221244e-07,0.9895856,3.2656326,0.08534222019184572
2.0,0.026566777200989804,-0.9897489,-8.46708e-08,-2.6184122e-07,-2.6184122e-07,-2.6187504e-07,-2.618454e-07,0.9895856,3.2656326,0.08537453642118913
2.0,0.026576777200989804,-0.9897489,-1.3426308e-07,-2.622166e-07,-2.622166e-07,-2.622224e-07,-2.6221244e-07,0.9895856,3.2656326,0.08540685265053254
2.0,0.026586777200989804,-0.9897489,-8.467078e-08,-2.6184122e-07,-2.6184122e-07,-2.6187504e-07,-2.618454e-07,0.9895856,3.2656326,0.08543916887987596
2.0,0.026596777200989807,-0.9897489,-1.3426309e-07,-2.622166e-07,-2.622166e-07,-2.622224e-07,-2.6221244e-07,0.9895856,3.2656326,0.08547148510921938
2.0,0.026606777200989806,-0.9897489,-8.467075e-08,-2.6184122e-07,-2.6184122e-07,-2.6187504e-07,-2.618454e-07,0.9895856,3.2656326,0.0855038013385628
2.0,0.026616777200989806,-0.9897489,-1.3426312e-07,-2.622166e-07,-2.622166e-07,-2.622224e-07,-2.6221244e-07,0.9895856,3.2656326,0.0855361175679062
2.0,0.026626777200989805,-0.9897489,-8.467073e-08,-2.6184122e-07,-2.6184122e-07,-2.6187504e-07,-2.618454e-07,0.9895856,3.2656326,0.08556843379724961
2.0,0.026636777200989805,-0.9897489,-1.3426315e-07,-2.622166e-07,-2.622166e-07,-2.622224e-07,-2.6221244e-07,0.9895856,3.2656326,0.08560075002659302
2.0,0.026646777200989805,-0.9897489,-8.46707e-08,-2.6184122e-07,-2.6184122e-07,-2.6187504e-07,-2.618454e-07,0.9895856,3.2656326,0.08563306625593643
2.0,0.026656777200989804,-0.9897489,-1.3426317e-07,-2.622166e-07,-2.622166e-07,-2.622224e-07,-2.6221244e-07,0.9895856,3.2656326,0.08566538248527984
2.0,0.026666777200989804,-0.9897489,-8.467068e-08,-2.6184122e-07,-2.6184122e-07,-2.6187504e-07,-2.618454e-07,0.9895856,3.2656326,0.08569769871462325
2.0,0.026676777200989803,-0.9897489,-1.3426319e-07,-2.622166e-07,-2.622166e-07,-2.622224e-07,-2.6221244e-07,0.9895856,3.2656326,0.08573001494396668
2.0,0.026686777200989806,-0.9897489,-8.467066e-08,-2.6184122e-07,-2.6184122e-07,-2.6187504e-07,-2.618454e-07,0.9895856,3.2656326,0.0857623311733101
2.0,0.026696777200989806,-0.9897489,-1.3426322e-07,-2.622166e-07,-2.622166e-07,-2.622224e-07,-2.6221244e-07,0.9895856,3.2656326,0.08579464740265351
2.0,0.026706777200989806,-0.9897489,-8.467063e-08,-2.6184122e-07,-2.6184122e-07,-2.6187504e-07,-2.618454e-07,0.9895856,3.2656326,0.08582696363199692
2.0,0.026716777200989805,-0.9897489,-1.3426325e-07,-2.622166e-07,-2.622166e-07,-2.622224e-07,-2.6221244e-07,0.9895856,3.2656326,0.08585927986134033
2.0,0.026726777200989805,-0.9897489,-8.467061e-08,-2.6184122e-07,-2.6184122e-07,-2.6187504e-07,-2.618454e-07,0.9895856,3.2656326,0.08589159609068374
2.0,0.026736777200989804,-0.9897489,-1.3426326e-07,-2.622166e-07,-2.622166e-07,-2.622224e-07,-2.6221244e-07,0.9895856,3.2656326,0.08592391232002715
2.0,0.026746777200989804,-0.9897489,-8.467058e-08,-2.6184122e-07,-2.6184122e-07,-2.6187504e-07,-2.618454e-07,0.9895856,3.2656326,0.08595622854937056
2.0,0.026756777200989804,-0.9897489,-1.3426329e-07,-2.622166e-07,-2.622166e-07,-2.622224e-07,-2.6221244e-07,0.9895856,3.2656326,0.08598854477871397
2.0,0.026766777200989803,-0.9897489,-8.467056e-08,-2.6184122e-07,-2.6184122e-07,-2.6187504e-07,-2.618454e-07,0.9895856,3.2656326,0.08602086100805739
2.0,0.026776777200989806,-0.9897489,-1.3426332e-07,-2.622166e-07,-2.622166e-07,-2.622224e-07,-2.6221244e-07,0.9895856,3.2656326,0.08605317723740082
2.0,0.026786777200989806,-0.9897489,-8.467054e-08,-2.6184122e-07,-2.6184122e-07,-2.6187504e-07,-2.618454e-07,0.9895856,3.2656326,0.08608549346674423
2.0,0.026796777200989805,-0.9897489,-1.3426335e-07,-2.622166e-07,-2.622166e-07,-2.622224e-07,-2.6221244e-07,0.9895856,3.2656326,0.08611780969608764
2.0,0.026806777200989805,-0.9897489,-8.467052e-08,-2.6184122e-07,-2.6184122e-07,-2.6187504e-07,-2.618454e-07,0.9895856,3.2656326,0.08615012592543105
2.0,0.026816777200989805,-0.9897489,-1.3426336e-07,-2.622166e-07,-2.622166e-07,-2.622224e-07,-2.6221244e-07,0.9895856,3.2656326,0.08618244215477446
2.0,0.026826777200989804,-0.9897489,-8.467049e-08,-2.6184122e-07,-2.6184122e-07,-2.6187504e-07,-2.618454e-07,0.9895856,3.2656326,0.08621475838411786
2.0,0.026836777200989804,-0.9897489,-1.3426339e-07,-2.622166e-07,-2.622166e-07,-2.622224e-07,-2.6221244e-07,0.9895856,3.2656326,0.08624707461346127
2.0,0.026846777200989803,-0.9897489,-8.467047e-08,-2.6184122e-07,-2.6184122e-07,-2.6187504e-07,-2.618454e-07,0.9895856,3.2656326,0.0862793908428047
2.0,0.026856777200989806,-0.9897489,-1.3426342e-07,-2.622166e-07,-2.622166e-07,-2.622224e-07,-2.6221244e-07,0.9895856,3.2656326,0.08631170707214812
2.0,0.026866777200989806,-0.9897489,-8.467045e-08,-2.6184122e-07,-2.6184122e-07,-2.6187504e-07,-2.618454e-07,0.9895856,3.2656326,0.08634402330149153
2.0,0.026876777200989806,-0.9897489,-1.3426343e-07,-2.622166e-07,-2.622166e-07,-2.622224e-07,-2.6221244e-07,0.9895856,3.2656326,0.08637633953083494
2.0,0.026886777200989805,-0.9897489,-8.467042e-08,-2.6184122e-07,-2.6184122e-07,-2.6187504e-07,-2.618454e-07,0.9895856,3.2656326,0.08640865576017835
2.0,0.026896777200989805,-0.9897489,-1.3426346e-07,-2.622166e-07,-2.622166e-07,-2.622224e-07,-2.6221244e-07,0.9895856,3.2656326,0.08644097198952176
2.0,0.026906777200989804,-0.9897489,-8.46704e-08,-2.6184122e-07,-2.6184122e-07,-2.6187504e-07,-2.618454e-07,0.9895856,3.2656326,0.08647328821886517
2.0,0.026916777200989804,-0.9897489,-1.3426349e-07,-2.622166e-07,-2.622166e-07,-2.622224e-07,-2.6221244e-07,0.9895856,3.2656326,0.08650560444820858
2.0,0.026926777200989804,-0.9897489,-8.4670376e-08,-2.6184122e-07,-2.6184122e-07,-2.6187504e-07,-2.618454e-07,0.9895856,3.2656326,0.08653792067755199
2.0,0.026936777200989803,-0.9897489,-1.342635e-07,-2.622166e-07,-2.622166e-07,-2.622224e-07,-2.6221244e-07,0.9895856,3.2656326,0.08657023690689541
2.0,0.026946777200989806,-0.9897489,-8.4670354e-08,-2.6184122e-07,-2.6184122e-07,-2.6187504e-07,-2.618454e-07,0.9895856,3.2656326,0.08660255313623884
2.0,0.026956777200989806,-0.9897489,-1.3426353e-07,-2.622166e-07,-2.622166e-07,-2.622224e-07,-2.6221244e-07,0.9895856,3.2656326,0.08663486936558225
2.0,0.026966777200989805,-0.9897489,-8.4670326e-08,-2.6184122e-07,-2.6184122e-07,-2.6187504e-07,-2.618454e-07,0.9895856,3.2656326,0.08666718559492566
2.0,0.026976777200989805,-0.9897489,-1.3426354e-07,-2.622166e-07,-2.622166e-07,-2.622224e-07,-2.6221244e-07,0.9895856,3.2656326,0.08669950182426907
2.0,0.026986777200989805,-0.9897489,-8.4670305e-08,-2.6184122e-07,-2.6184122e-07,-2.6187504e-07,-2.618454e-07,0.9895856,3.2656326,0.08673181805361248
2.0,0.026996777200989804,-0.9897489,-1.3426357e-07,-2.622166e-07,-2.622166e-07,-2.622224e-07,-2.6221244e-07,0.9895856,3.2656326,0.08676413428295589
2.0,0.027006777200989804,-0.9897489,-8.467028e-08,-2.6184122e-07,-2.6184122e-07,-2.6187504e-07,-2.618454e-07,0.9895856,3.2656326,0.0867964505122993
2.0,0.027016777200989803,-0.9897489,-1.342636e-07,-2.622166e-07,-2.622166e-07,-2.622224e-07,-2.6221244e-07,0.9895856,3.2656326,0.08682876674164272
2.0,0.027026777200989806,-0.9897489,-8.467026e-08,-2.6184122e-07,-2.6184122e-07,-2.6187504e-07,-2.618454e-07,0.9895856,3.2656326,0.08686108297098614
2.0,0.027036777200989806,-0.9897489,-1.3426362e-07,-2.622166e-07,-2.622166e-07,-2.622224e-07,-2.6221244e-07,0.9895856,3.2656326,0.08689339920032955
2.0,0.027046777200989806,-0.9897489,-8.467024e-08,-2.6184122e-07,-2.6184122e-07,-2.6187504e-07,-2.618454e-07,0.9895856,3.2656326,0.08692571542967296
2.0,0.027056777200989805,-0.9897489,-1.3426364e-07,-2.622166e-07,-2.622166e-07,-2.622224e-07,-2.6221244e-07,0.9895856,3.2656326,0.08695803165901637
2.0,0.027066777200989805,-0.9897489,-8.467022e-08,-2.6184122e-07,-2.6184122e-07,-2.6187504e-07,-2.618454e-07,0.9895856,3.2656326,0.08699034788835978
2.0,0.027076777200989804,-0.9897489,-1.3426367e-07,-2.622166e-07,-2.622166e-07,-2.622224e-07,-2.6221244e-07,0.9895856,3.2656326,0.0870226641177032
2.0,0.027086777200989804,-0.9897489,-8.467019e-08,-2.6184122e-07,-2.6184122e-07,-2.6187504e-07,-2.618454e-07,0.9895856,3.2656326,0.0870549803470466
2.0,0.027096777200989804,-0.9897489,-1.3426369e-07,-2.622166e-07,-2.622166e-07,-2.622224e-07,-2.6221244e-07,0.9895856,3.2656326,0.08708729657639001
2.0,0.027106777200989803,-0.9897489,-8.467017e-08,-2.6184122e-07,-2.6184122e-07,-2.6187504e-07,-2.618454e-07,0.9895856,3.2656326,0.08711961280573344
2.0,0.027116777200989806,-0.9897489,-1.3426371e-07,-2.622166e-07,-2.622166e-07,-2.622224e-07,-2.6221244e-07,0.9895856,3.2656326,0.08715192903507686
2.0,0.027126777200989806,-0.9897489,-8.467015e-08,-2.6184122e-07,-2.6184122e-07,-2.6187504e-07,-2.618454e-07,0.9895856,3.2656326,0.08718424526442027
2.0,0.027136777200989805,-0.9897489,-1.3426373e-07,-2.622166e-07,-2.622166e-07,-2.622224e-07,-2.6221244e-07,0.9895856,3.2656326,0.08721656149376368
2.0,0.027146777200989805,-0.9897489,-8.467013e-08,-2.6184122e-07,-2.6184122e-07,-2.6187504e-07,-2.618454e-07,0.9895856,3.2656326,0.08724887772310709
2.0,0.027156777200989805,-0.9897489,-1.3426376e-07,-2.622166e-07,-2.622166e-07,-2.622224e-07,-2.6221244e-07,0.9895856,3.2656326,0.0872811939524505
2.0,0.027166777200989804,-0.9897489,-8.4670106e-08,-2.6184122e-07,-2.6184122e-07,-2.6187504e-07,-2.618454e-07,0.9895856,3.2656326,0.08731351018179391
2.0,0.027176777200989804,-0.9897489,-1.3426377e-07,-2.622166e-07,-2.622166e-07,-2.622224e-07,-2.6221244e-07,0.9895856,3.2656326,0.08734582641113732
2.0,0.027186777200989803,-0.9897489,-8.4670084e-08,-2.6184122e-07,-2.6184122e-07,-2.6187504e-07,-2.618454e-07,0.9895856,3.2656326,0.08737814264048074
2.0,0.027196777200989806,-0.9897489,-1.342638e-07,-2.622166e-07,-2.622166e-07,-2.622224e-07,-2.6221244e-07,0.9895856,3.2656326,0.08741045886982417
2.0,0.027206777200989806,-0.9897489,-8.467006e-08,-2.6184122e-07,-2.6184122e-07,-2.6187504e-07,-2.618454e-07,0.9895856,3.2656326,0.08744277509916758
2.0,0.027216777200989806,-0.9897489,-1.3426383e-07,-2.622166e-07,-2.622166e-07,-2.622224e-07,-2.6221244e-07,0.9895856,3.2656326,0.08747509132851099
2.0,0.027226777200989805,-0.9897489,-8.467004e-08,-2.6184122e-07,-2.6184122e-07,-2.6187504e-07,-2.618454e-07,0.9895856,3.2656326,0.0875074075578544
2.0,0.027236777200989805,-0.9897489,-1.3426384e-07,-2.622166e-07,-2.622166e-07,-2.622224e-07,-2.6221244e-07,0.9895856,3.2656326,0.0875397237871978
2.0,0.027246777200989804,-0.9897489,-8.467002e-08,-2.6184122e-07,-2.6184122e-07,-2.6187504e-07,-2.618454e-07,0.9895856,3.2656326,0.08757204001654122
2.0,0.027256777200989804,-0.9897489,-1.3426387e-07,-2.622166e-07,-2.622166e-07,-2.622224e-07,-2.6221244e-07,0.9895856,3.2656326,0.08760435624588463
2.0,0.027266777200989804,-0.9897489,-8.466999e-08,-2.6184122e-07,-2.6184122e-07,-2.6187504e-07,-2.618454e-07,0.9895856,3.2656326,0.08763667247522804
2.0,0.027276777200989803,-0.9897489,-1.3426389e-07,-2.622166e-07,-2.622166e-07,-2.622224e-07,-2.6221244e-07,0.9895856,3.2656326,0.08766898870457146
2.0,0.027286777200989806,-0.9897489,-8.466997e-08,-2.6184122e-07,-2.6184122e-07,-2.6187504e-07,-2.618454e-07,0.9895856,3.2656326,0.08770130493391488
2.0,0.027296777200989806,-0.9897489,-1.3426391e-07,-2.622166e-07,-2.622166e-07,-2.622224e-07,-2.6221244e-07,0.9895856,3.2656326,0.0877336211632583
2.0,0.027306777200989805,-0.9897489,-8.466995e-08,-2.6184122e-07,-2.6184122e-07,-2.6187504e-07,-2.618454e-07,0.9895856,3.2656326,0.0877659373926017
2.0,0.027316777200989805,-0.9897489,-1.3426393e-07,-2.622166e-07,-2.622166e-07,-2.622224e-07,-2.6221244e-07,0.9895856,3.2656326,0.08779825362194511
2.0,0.027326777200989805,-0.9897489,-8.466993e-08,-2.6184122e-07,-2.6184122e-07,-2.6187504e-07,-2.618454e-07,0.9895856,3.2656326,0.08783056985128852
2.0,0.027336777200989804,-0.9897489,-1.3426396e-07,-2.622166e-07,-2.622166e-07,-2.622224e-07,-2.6221244e-07,0.9895856,3.2656326,0.08786288608063193
2.0,0.027346777200989804,-0.9897489,-8.466991e-08,-2.6184122e-07,-2.6184122e-07,-2.6187504e-07,-2.618454e-07,0.9895856,3.2656326,0.08789520230997534
2.0,0.027356777200989803,-0.9897489,-1.3426397e-07,-2.622166e-07,-2.622166e-07,-2.622224e-07,-2.6221244e-07,0.9895856,3.2656326,0.08792751853931877
2.0,0.027366777200989807,-0.9897489,-8.4669885e-08,-2.6184122e-07,-2.6184122e-07,-2.6187504e-07,-2.618454e-07,0.9895856,3.2656326,0.08795983476866219
2.0,0.027376777200989806,-0.9897489,-1.34264e-07,-2.622166e-07,-2.622166e-07,-2.622224e-07,-2.6221244e-07,0.9895856,3.2656326,0.0879921509980056
2.0,0.027386777200989806,-0.9897489,-8.4669864e-08,-2.6184122e-07,-2.6184122e-07,-2.6187504e-07,-2.618454e-07,0.9895856,3.2656326,0.08802446722734901
2.0,0.027396777200989805,-0.9897489,-1.3426401e-07,-2.622166e-07,-2.622166e-07,-2.622224e-07,-2.6221244e-07,0.9895856,3.2656326,0.08805678345669242
2.0,0.027406777200989805,-0.9897489,-8.466984e-08,-2.6184122e-07,-2.6184122e-07,-2.6187504e-07,-2.618454e-07,0.9895856,3.2656326,0.08808909968603583
2.0,0.027416777200989804,-0.9897489,-1.3426404e-07,-2.622166e-07,-2.622166e-07,-2.622224e-07,-2.6221244e-07,0.9895856,3.2656326,0.08812141591537924
2.0,0.027426777200989804,-0.9897489,-8.466982e-08,-2.6184122e-07,-2.6184122e-07,-2.6187504e-07,-2.618454e-07,0.9895856,3.2656326,0.08815373214472265
2.0,0.027436777200989804,-0.9897489,-1.3426406e-07,-2.622166e-07,-2.622166e-07,-2.622224e-07,-2.6221244e-07,0.9895856,3.2656326,0.08818604837406606
2.0,0.027446777200989803,-0.9897489,-8.46698e-08,-2.6184122e-07,-2.6184122e-07,-2.6187504e-07,-2.618454e-07,0.9895856,3.2656326,0.08821836460340948
2.0,0.027456777200989806,-0.9897489,-1.3426408e-07,-2.622166e-07,-2.622166e-07,-2.622224e-07,-2.6221244e-07,0.9895856,3.2656326,0.0882506808327529
2.0,0.027466777200989806,-0.9897489,-8.466978e-08,-2.6184122e-07,-2.6184122e-07,-2.6187504e-07,-2.618454e-07,0.9895856,3.2656326,0.08828299706209632
2.0,0.027476777200989805,-0.9897489,-1.342641e-07,-2.622166e-07,-2.622166e-07,-2.622224e-07,-2.6221244e-07,0.9895856,3.2656326,0.08831531329143973
2.0,0.027486777200989805,-0.9897489,-8.466976e-08,-2.6184122e-07,-2.6184122e-07,-2.6187504e-07,-2.618454e-07,0.9895856,3.2656326,0.08834762952078314
2.0,0.027496777200989805,-0.9897489,-1.3426413e-07,-2.622166e-07,-2.622166e-07,-2.622224e-07,-2.6221244e-07,0.9895856,3.2656326,0.08837994575012655
2.0,0.027506777200989804,-0.9897489,-8.466974e-08,-2.6184122e-07,-2.6184122e-07,-2.6187504e-07,-2.618454e-07,0.9895856,3.2656326,0.08841226197946996
2.0,0.027516777200989804,-0.9897489,-1.3426414e-07,-2.622166e-07,-2.622166e-07,-2.622224e-07,-2.6221244e-07,0.9895856,3.2656326,0.08844457820881337
2.0,0.027526777200989803,-0.9897489,-8.466972e-08,-2.6184122e-07,-2.6184122e-07,-2.6187504e-07,-2.618454e-07,0.9895856,3.2656326,0.08847689443815679
2.0,0.027536777200989807,-0.9897489,-1.3426417e-07,-2.622166e-07,-2.622166e-07,-2.622224e-07,-2.6221244e-07,0.9895856,3.2656326,0.08850921066750021
2.0,0.027546777200989806,-0.9897489,-8.46697e-08,-2.6184122e-07,-2.6184122e-07,-2.6187504e-07,-2.618454e-07,0.9895856,3.2656326,0.08854152689684362
2.0,0.027556777200989806,-0.9897489,-1.3426418e-07,-2.622166e-07,-2.622166e-07,-2.622224e-07,-2.6221244e-07,0.9895856,3.2656326,0.08857384312618703
2.0,0.027566777200989805,-0.9897489,-8.466968e-08,-2.6184122e-07,-2.6184122e-07,-2.6187504e-07,-2.618454e-07,0.9895856,3.2656326,0.08860615935553044
2.0,0.027576777200989805,-0.9897489,-1.3426421e-07,-2.622166e-07,-2.622166e-07,-2.622224e-07,-2.6221244e-07,0.9895856,3.2656326,0.08863847558487385
2.0,0.027586777200989804,-0.9897489,-8.466966e-08,-2.6184122e-07,-2.6184122e-07,-2.6187504e-07,-2.618454e-07,0.9895856,3.2656326,0.08867079181421726
2.0,0.027596777200989804,-0.9897489,-1.3426423e-07,-2.622166e-07,-2.622166e-07,-2.622224e-07,-2.6221244e-07,0.9895856,3.2656326,0.08870310804356067
2.0,0.027606777200989804,-0.9897489,-8.466964e-08,-2.6184122e-07,-2.6184122e-07,-2.6187504e-07,-2.618454e-07,0.9895856,3.2656326,0.08873542427290408
2.0,0.027616777200989803,-0.9897489,-1.3426425e-07,-2.622166e-07,-2.622166e-07,-2.622224e-07,-2.6221244e-07,0.9895856,3.2656326,0.0887677405022475
2.0,0.027626777200989806,-0.9897489,-8.4669615e-08,-2.6184122e-07,-2.6184122e-07,-2.6187504e-07,-2.618454e-07,0.9895856,3.2656326,0.08880005673159093
2.0,0.027636777200989806,-0.9897489,-1.3426427e-07,-2.622166e-07,-2.622166e-07,-2.622224e-07,-2.6221244e-07,0.9895856,3.2656326,0.08883237296093434
2.0,0.027646777200989806,-0.9897489,-8.4669594e-08,-2.6184122e-07,-2.6184122e-07,-2.6187504e-07,-2.618454e-07,0.9895856,3.2656326,0.08886468919027775
2.0,0.027656777200989805,-0.9897489,-1.342643e-07,-2.622166e-07,-2.622166e-07,-2.622224e-07,-2.6221244e-07,0.9895856,3.2656326,0.08889700541962116
2.0,0.027666777200989805,-0.9897489,-8.466957e-08,-2.6184122e-07,-2.6184122e-07,-2.6187504e-07,-2.618454e-07,0.9895856,3.2656326,0.08892932164896457
2.0,0.027676777200989804,-0.9897489,-1.3426431e-07,-2.622166e-07,-2.622166e-07,-2.622224e-07,-2.6221244e-07,0.9895856,3.2656326,0.08896163787830798
2.0,0.027686777200989804,-0.9897489,-8.466955e-08,-2.6184122e-07,-2.6184122e-07,-2.6187504e-07,-2.618454e-07,0.9895856,3.2656326,0.08899395410765139
2.0,0.027696777200989803,-0.9897489,-1.3426433e-07,-2.622166e-07,-2.622166e-07,-2.622224e-07,-2.6221244e-07,0.9895856,3.2656326,0.08902627033699481
2.0,0.027706777200989807,-0.9897489,-8.466954e-08,-2.6184122e-07,-2.6184122e-07,-2.6187502e-07,-2.618454e-07,0.9895856,3.2656326,0.08905858656633824
2.0,0.027716777200989806,-0.9897489,-1.3426435e-07,-2.622166e-07,-2.622166e-07,-2.622224e-07,-2.6221244e-07,0.9895856,3.2656326,0.08909090279568165
2.0,0.027726777200989806,-0.9897489,-8.4669516e-08,-2.6184122e-07,-2.6184122e-07,-2.6187502e-07,-2.618454e-07,0.9895856,3.2656326,0.08912321902502505
2.0,0.027736777200989805,-0.9897489,-1.3426437e-07,-2.622166e-07,-2.622166e-07,-2.622224e-07,-2.6221244e-07,0.9895856,3.2656326,0.08915553525436846
2.0,0.027746777200989805,-0.9897489,-8.4669495e-08,-2.6184122e-07,-2.6184122e-07,-2.6187502e-07,-2.618454e-07,0.9895856,3.2656326,0.08918785148371187
2.0,0.027756777200989804,-0.9897489,-1.342644e-07,-2.622166e-07,-2.622166e-07,-2.622224e-07,-2.6221244e-07,0.9895856,3.2656326,0.08922016771305528
2.0,0.027766777200989804,-0.9897489,-8.466947e-08,-2.6184122e-07,-2.6184122e-07,-2.6187502e-07,-2.618454e-07,0.9895856,3.2656326,0.0892524839423987
2.0,0.027776777200989804,-0.9897489,-1.3426441e-07,-2.622166e-07,-2.622166e-07,-2.622224e-07,-2.6221244e-07,0.9895856,3.2656326,0.0892848001717421
2.0,0.027786777200989803,-0.9897489,-8.466945e-08,-2.6184122e-07,-2.6184122e-07,-2.6187502e-07,-2.618454e-07,0.9895856,3.2656326,0.08931711640108553
2.0,0.027796777200989806,-0.9897489,-1.3426444e-07,-2.622166e-07,-2.622166e-07,-2.6222241e-07,-2.6221244e-07,0.9895856,3.2656326,0.08934943263042895
2.0,0.027806777200989806,-0.9897489,-8.466943e-08,-2.6184122e-07,-2.6184122e-07,-2.6187502e-07,-2.618454e-07,0.9895856,3.2656326,0.08938174885977236
2.0,0.027816777200989806,-0.9897489,-1.3426445e-07,-2.622166e-07,-2.622166e-07,-2.622224e-07,-2.6221244e-07,0.9895856,3.2656326,0.08941406508911577
2.0,0.027826777200989805,-0.9897489,-8.4669416e-08,-2.6184122e-07,-2.6184122e-07,-2.6187502e-07,-2.618454e-07,0.9895856,3.2656326,0.08944638131845918
2.0,0.027836777200989805,-0.9897489,-1.3426447e-07,-2.622166e-07,-2.622166e-07,-2.6222241e-07,-2.6221244e-07,0.9895856,3.2656326,0.08947869754780259
2.0,0.027846777200989804,-0.9897489,-8.4669395e-08,-2.6184122e-07,-2.6184122e-07,-2.6187502e-07,-2.618454e-07,0.9895856,3.2656326,0.089511013777146
2.0,0.027856777200989804,-0.9897489,-1.342645e-07,-2.622166e-07,-2.622166e-07,-2.6222241e-07,-2.6221244e-07,0.9895856,3.2656326,0.08954333000648941
2.0,0.027866777200989803,-0.9897489,-8.4669374e-08,-2.6184122e-07,-2.6184122e-07,-2.6187502e-07,-2.618454e-07,0.9895856,3.2656326,0.08957564623583283
2.0,0.027876777200989807,-0.9897489,-1.3426451e-07,-2.622166e-07,-2.622166e-07,-2.6222241e-07,-2.6221244e-07,0.9895856,3.2656326,0.08960796246517626
2.0,0.027886777200989806,-0.9897489,-8.466935e-08,-2.6184122e-07,-2.6184122e-07,-2.6187502e-07,-2.618454e-07,0.9895856,3.2656326,0.08964027869451967
2.0,0.027896777200989806,-0.9897489,-1.3426454e-07,-2.622166e-07,-2.622166e-07,-2.6222241e-07,-2.6221244e-07,0.9895856,3.2656326,0.08967259492386308
2.0,0.027906777200989805,-0.9897489,-8.466934e-08,-2.6184122e-07,-2.6184122e-07,-2.6187502e-07,-2.618454e-07,0.9895856,3.2656326,0.08970491115320649
2.0,0.027916777200989805,-0.9897489,-1.3426455e-07,-2.622166e-07,-2.622166e-07,-2.6222241e-07,-2.6221244e-07,0.9895856,3.2656326,0.0897372273825499
2.0,0.027926777200989805,-0.9897489,-8.466932e-08,-2.6184122e-07,-2.6184122e-07,-2.6187502e-07,-2.618454e-07,0.9895856,3.2656326,0.08976954361189331
2.0,0.027936777200989804,-0.9897489,-1.3426457e-07,-2.622166e-07,-2.622166e-07,-2.6222241e-07,-2.6221244e-07,0.9895856,3.2656326,0.08980185984123672
2.0,0.027946777200989804,-0.9897489,-8.4669296e-08,-2.6184122e-07,-2.6184122e-07,-2.6187502e-07,-2.618454e-07,0.9895856,3.2656326,0.08983417607058013
2.0,0.027956777200989803,-0.9897489,-1.342646e-07,-2.622166e-07,-2.622166e-07,-2.6222241e-07,-2.6221244e-07,0.9895856,3.2656326,0.08986649229992355
2.0,0.027966777200989806,-0.9897489,-8.4669274e-08,-2.6184122e-07,-2.6184122e-07,-2.6187502e-07,-2.618454e-07,0.9895856,3.2656326,0.08989880852926697
2.0,0.027976777200989806,-0.9897489,-1.3426461e-07,-2.622166e-07,-2.622166e-07,-2.6222241e-07,-2.6221244e-07,0.9895856,3.2656326,0.08993112475861038
2.0,0.027986777200989806,-0.9897489,-8.466926e-08,-2.6184122e-07,-2.6184122e-07,-2.6187502e-07,-2.618454e-07,0.9895856,3.2656326,0.0899634409879538
2.0,0.027996777200989805,-0.9897489,-1.3426462e-07,-2.622166e-07,-2.622166e-07,-2.6222241e-07,-2.6221244e-07,0.9895856,3.2656326,0.0899957572172972
2.0,0.028006777200989805,-0.9897489,-8.466924e-08,-2.6184122e-07,-2.6184122e-07,-2.6187502e-07,-2.618454e-07,0.9895856,3.2656326,0.09002807344664061
2.0,0.028016777200989804,-0.9897489,-1.3426465e-07,-2.622166e-07,-2.622166e-07,-2.6222241e-07,-2.6221244e-07,0.9895856,3.2656326,0.09006038967598402
2.0,0.028026777200989804,-0.9897489,-8.466922e-08,-2.6184122e-07,-2.6184122e-07,-2.6187502e-07,-2.618454e-07,0.9895856,3.2656326,0.09009270590532743
2.0,0.028036777200989803,-0.9897489,-1.3426467e-07,-2.622166e-07,-2.622166e-07,-2.6222241e-07,-2.6221244e-07,0.9895856,3.2656326,0.09012502213467084
2.0,0.028046777200989803,-0.9897489,-8.4669196e-08,-2.6184122e-07,-2.6184122e-07,-2.6187502e-07,-2.618454e-07,0.9895856,3.2656326,0.09015733836401427
2.0,0.028056777200989806,-0.9897489,-1.342647e-07,-2.622166e-07,-2.622166e-07,-2.6222241e-07,-2.6221244e-07,0.9895856,3.2656326,0.09018965459335769
2.0,0.028066777200989806,-0.9897489,-8.466918e-08,-2.6184122e-07,-2.6184122e-07,-2.6187502e-07,-2.618454e-07,0.9895856,3.2656326,0.0902219708227011
2.0,0.028076777200989805,-0.9897489,-1.3426471e-07,-2.622166e-07,-2.622166e-07,-2.6222241e-07,-2.6221244e-07,0.9895856,3.2656326,0.09025428705204451
2.0,0.028086777200989805,-0.9897489,-8.466916e-08,-2.6184122e-07,-2.6184122e-07,-2.6187502e-07,-2.618454e-07,0.9895856,3.2656326,0.09028660328138792
2.0,0.028096777200989805,-0.9897489,-1.3426472e-07,-2.622166e-07,-2.622166e-07,-2.6222241e-07,-2.6221244e-07,0.9895856,3.2656326,0.09031891951073133
2.0,0.028106777200989804,-0.9897489,-8.466914e-08,-2.6184122e-07,-2.6184122e-07,-2.6187502e-07,-2.618454e-07,0.9895856,3.2656326,0.09035123574007474
2.0,0.028116777200989804,-0.9897489,-1.3426475e-07,-2.622166e-07,-2.622166e-07,-2.6222241e-07,-2.6221244e-07,0.9895856,3.2656326,0.09038355196941815
2.0,0.028126777200989803,-0.9897489,-8.4669125e-08,-2.6184122e-07,-2.6184122e-07,-2.6187502e-07,-2.618454e-07,0.9895856,3.2656326,0.09041586819876157
2.0,0.028136777200989806,-0.9897489,-1.3426477e-07,-2.622166e-07,-2.622166e-07,-2.6222241e-07,-2.6221244e-07,0.9895856,3.2656326,0.090448184428105
2.0,0.028146777200989806,-0.9897489,-8.4669104e-08,-2.6184122e-07,-2.6184122e-07,-2.6187502e-07,-2.618454e-07,0.9895856,3.2656326,0.0904805006574484
2.0,0.028156777200989806,-0.9897489,-1.3426478e-07,-2.622166e-07,-2.622166e-07,-2.6222241e-07,-2.6221244e-07,0.9895856,3.2656326,0.09051281688679182
2.0,0.028166777200989805,-0.9897489,-8.466908e-08,-2.6184122e-07,-2.6184122e-07,-2.6187502e-07,-2.618454e-07,0.9895856,3.2656326,0.09054513311613523
2.0,0.028176777200989805,-0.9897489,-1.3426481e-07,-2.622166e-07,-2.622166e-07,-2.6222241e-07,-2.6221244e-07,0.9895856,3.2656326,0.09057744934547864
2.0,0.028186777200989804,-0.9897489,-8.466907e-08,-2.6184122e-07,-2.6184122e-07,-2.6187502e-07,-2.618454e-07,0.9895856,3.2656326,0.09060976557482205
2.0,0.028196777200989804,-0.9897489,-1.3426482e-07,-2.622166e-07,-2.622166e-07,-2.6222241e-07,-2.6221244e-07,0.9895856,3.2656326,0.09064208180416546
2.0,0.028206777200989804,-0.9897489,-8.466905e-08,-2.6184122e-07,-2.6184122e-07,-2.6187502e-07,-2.618454e-07,0.9895856,3.2656326,0.09067439803350887
2.0,0.028216777200989803,-0.9897489,-1.3426484e-07,-2.622166e-07,-2.622166e-07,-2.6222241e-07,-2.6221244e-07,0.9895856,3.2656326,0.09070671426285229
2.0,0.028226777200989806,-0.9897489,-8.4669026e-08,-2.6184122e-07,-2.6184122e-07,-2.6187502e-07,-2.618454e-07,0.9895856,3.2656326,0.09073903049219571
2.0,0.028236777200989806,-0.9897489,-1.3426487e-07,-2.622166e-07,-2.622166e-07,-2.6222241e-07,-2.6221244e-07,0.9895856,3.2656326,0.09077134672153912
2.0,0.028246777200989805,-0.9897489,-8.466901e-08,-2.6184122e-07,-2.6184122e-07,-2.6187502e-07,-2.618454e-07,0.9895856,3.2656326,0.09080366295088253
2.0,0.028256777200989805,-0.9897489,-1.3426488e-07,-2.622166e-07,-2.622166e-07,-2.6222241e-07,-2.6221244e-07,0.9895856,3.2656326,0.09083597918022594
2.0,0.028266777200989805,-0.9897489,-8.466899e-08,-2.6184122e-07,-2.6184122e-07,-2.6187502e-07,-2.618454e-07,0.9895856,3.2656326,0.09086829540956935
2.0,0.028276777200989804,-0.9897489,-1.342649e-07,-2.622166e-07,-2.622166e-07,-2.6222241e-07,-2.6221244e-07,0.9895856,3.2656326,0.09090061163891276
2.0,0.028286777200989804,-0.9897489,-8.4668976e-08,-2.6184122e-07,-2.6184122e-07,-2.6187502e-07,-2.618454e-07,0.9895856,3.2656326,0.09093292786825617
2.0,0.028296777200989803,-0.9897489,-1.3426492e-07,-2.622166e-07,-2.622166e-07,-2.6222241e-07,-2.6221244e-07,0.9895856,3.2656326,0.0909652440975996
2.0,0.028306777200989806,-0.9897489,-8.4668955e-08,-2.6184122e-07,-2.6184122e-07,-2.6187502e-07,-2.618454e-07,0.9895856,3.2656326,0.09099756032694302
2.0,0.028316777200989806,-0.9897489,-1.3426494e-07,-2.622166e-07,-2.622166e-07,-2.6222241e-07,-2.6221244e-07,0.9895856,3.2656326,0.09102987655628643
2.0,0.028326777200989806,-0.9897489,-8.466893e-08,-2.6184122e-07,-2.6184122e-07,-2.6187502e-07,-2.618454e-07,0.9895856,3.2656326,0.09106219278562984
2.0,0.028336777200989805,-0.9897489,-1.3426495e-07,-2.622166e-07,-2.622166e-07,-2.6222241e-07,-2.6221244e-07,0.9895856,3.2656326,0.09109450901497325
2.0,0.028346777200989805,-0.9897489,-8.466892e-08,-2.6184122e-07,-2.6184122e-07,-2.6187502e-07,-2.618454e-07,0.9895856,3.2656326,0.09112682524431666
2.0,0.028356777200989804,-0.9897489,-1.3426497e-07,-2.622166e-07,-2.622166e-07,-2.6222241e-07,-2.6221244e-07,0.9895856,3.2656326,0.09115914147366007
2.0,0.028366777200989804,-0.9897489,-8.46689e-08,-2.6184122e-07,-2.6184122e-07,-2.6187502e-07,-2.618454e-07,0.9895856,3.2656326,0.09119145770300348
2.0,0.028376777200989804,-0.9897489,-1.34265e-07,-2.622166e-07,-2.622166e-07,-2.6222241e-07,-2.6221244e-07,0.9895856,3.2656326,0.09122377393234689
2.0,0.028386777200989803,-0.9897489,-8.466888e-08,-2.6184122e-07,-2.6184122e-07,-2.6187502e-07,-2.618454e-07,0.9895856,3.2656326,0.09125609016169031
2.0,0.028396777200989806,-0.9897489,-1.3426501e-07,-2.622166e-07,-2.622166e-07,-2.6222241e-07,-2.6221244e-07,0.9895856,3.2656326,0.09128840639103374
2.0,0.028406777200989806,-0.9897489,-8.466886e-08,-2.6184122e-07,-2.6184122e-07,-2.6187502e-07,-2.618454e-07,0.9895856,3.2656326,0.09132072262037715
2.0,0.028416777200989805,-0.9897489,-1.3426502e-07,-2.622166e-07,-2.622166e-07,-2.6222241e-07,-2.6221244e-07,0.9895856,3.2656326,0.09135303884972056
2.0,0.028426777200989805,-0.9897489,-8.466884e-08,-2.6184122e-07,-2.6184122e-07,-2.6187502e-07,-2.618454e-07,0.9895856,3.2656326,0.09138535507906397
2.0,0.028436777200989805,-0.9897489,-1.3426505e-07,-2.622166e-07,-2.622166e-07,-2.6222241e-07,-2.6221244e-07,0.9895856,3.2656326,0.09141767130840737
2.0,0.028446777200989804,-0.9897489,-8.466883e-08,-2.6184122e-07,-2.6184122e-07,-2.6187502e-07,-2.618454e-07,0.9895856,3.2656326,0.09144998753775078
2.0,0.028456777200989804,-0.9897489,-1.3426506e-07,-2.622166e-07,-2.622166e-07,-2.6222241e-07,-2.6221244e-07,0.9895856,3.2656326,0.0914823037670942
2.0,0.028466777200989803,-0.9897489,-8.4668805e-08,-2.6184122e-07,-2.6184122e-07,-2.6187502e-07,-2.618454e-07,0.9895856,3.2656326,0.09151461999643762
2.0,0.028476777200989806,-0.9897489,-1.3426508e-07,-2.622166e-07,-2.622166e-07,-2.6222241e-07,-2.6221244e-07,0.9895856,3.2656326,0.09154693622578104
2.0,0.028486777200989806,-0.9897489,-8.466879e-08,-2.6184122e-07,-2.6184122e-07,-2.6187502e-07,-2.618454e-07,0.9895856,3.2656326,0.09157925245512445
2.0,0.028496777200989806,-0.9897489,-1.342651e-07,-2.622166e-07,-2.622166e-07,-2.6222241e-07,-2.6221244e-07,0.9895856,3.2656326,0.09161156868446786
2.0,0.028506777200989805,-0.9897489,-8.466877e-08,-2.6184122e-07,-2.6184122e-07,-2.6187502e-07,-2.618454e-07,0.9895856,3.2656326,0.09164388491381127
2.0,0.028516777200989805,-0.9897489,-1.3426512e-07,-2.622166e-07,-2.622166e-07,-2.6222241e-07,-2.6221244e-07,0.9895856,3.2656326,0.09167620114315468
2.0,0.028526777200989804,-0.9897489,-8.4668756e-08,-2.6184122e-07,-2.6184122e-07,-2.6187502e-07,-2.618454e-07,0.9895856,3.2656326,0.09170851737249809
2.0,0.028536777200989804,-0.9897489,-1.3426514e-07,-2.622166e-07,-2.622166e-07,-2.6222241e-07,-2.6221244e-07,0.9895856,3.2656326,0.0917408336018415
2.0,0.028546777200989804,-0.9897489,-8.4668734e-08,-2.6184122e-07,-2.6184122e-07,-2.6187502e-07,-2.618454e-07,0.9895856,3.2656326,0.09177314983118491
2.0,0.028556777200989803,-0.9897489,-1.3426515e-07,-2.622166e-07,-2.622166e-07,-2.6222241e-07,-2.6221244e-07,0.9895856,3.2656326,0.09180546606052833
2.0,0.028566777200989806,-0.9897489,-8.466872e-08,-2.6184122e-07,-2.6184122e-07,-2.6187502e-07,-2.618454e-07,0.9895856,3.2656326,0.09183778228987176
2.0,0.028576777200989806,-0.9897489,-1.3426518e-07,-2.622166e-07,-2.622166e-07,-2.6222241e-07,-2.6221244e-07,0.9895856,3.2656326,0.09187009851921517
2.0,0.028586777200989805,-0.9897489,-8.46687e-08,-2.6184122e-07,-2.6184122e-07,-2.6187502e-07,-2.618454e-07,0.9895856,3.2656326,0.09190241474855858
2.0,0.028596777200989805,-0.9897489,-1.3426519e-07,-2.622166e-07,-2.622166e-07,-2.6222241e-07,-2.6221244e-07,0.9895856,3.2656326,0.09193473097790199
2.0,0.028606777200989805,-0.9897489,-8.4668685e-08,-2.6184122e-07,-2.6184122e-07,-2.6187502e-07,-2.618454e-07,0.9895856,3.2656326,0.0919670472072454
2.0,0.028616777200989804,-0.9897489,-1.342652e-07,-2.622166e-07,-2.622166e-07,-2.6222241e-07,-2.6221244e-07,0.9895856,3.2656326,0.09199936343658881
2.0,0.028626777200989804,-0.9897489,-8.466866e-08,-2.6184122e-07,-2.6184122e-07,-2.6187502e-07,-2.618454e-07,0.9895856,3.2656326,0.09203167966593222
2.0,0.028636777200989803,-0.9897489,-1.3426522e-07,-2.622166e-07,-2.622166e-07,-2.6222241e-07,-2.6221244e-07,0.9895856,3.2656326,0.09206399589527564
2.0,0.028646777200989806,-0.9897489,-8.466865e-08,-2.6184122e-07,-2.6184122e-07,-2.6187502e-07,-2.618454e-07,0.9895856,3.2656326,0.09209631212461906
2.0,0.028656777200989806,-0.9897489,-1.3426525e-07,-2.622166e-07,-2.622166e-07,-2.6222241e-07,-2.6221244e-07,0.9895856,3.2656326,0.09212862835396247
2.0,0.028666777200989806,-0.9897489,-8.466863e-08,-2.6184122e-07,-2.6184122e-07,-2.6187502e-07,-2.618454e-07,0.9895856,3.2656326,0.09216094458330588
2.0,0.028676777200989805,-0.9897489,-1.3426526e-07,-2.622166e-07,-2.622166e-07,-2.6222241e-07,-2.6221244e-07,0.9895856,3.2656326,0.0921932608126493
2.0,0.028686777200989805,-0.9897489,-8.466861e-08,-2.6184122e-07,-2.6184122e-07,-2.6187502e-07,-2.618454e-07,0.9895856,3.2656326,0.0922255770419927
2.0,0.028696777200989804,-0.9897489,-1.3426528e-07,-2.622166e-07,-2.622166e-07,-2.6222241e-07,-2.6221244e-07,0.9895856,3.2656326,0.09225789327133611
2.0,0.028706777200989804,-0.9897489,-8.466859e-08,-2.6184122e-07,-2.6184122e-07,-2.6187502e-07,-2.618454e-07,0.9895856,3.2656326,0.09229020950067952
2.0,0.028716777200989804,-0.9897489,-1.3426529e-07,-2.622166e-07,-2.622166e-07,-2.6222241e-07,-2.6221244e-07,0.9895856,3.2656326,0.09232252573002293
2.0,0.028726777200989803,-0.9897489,-8.466858e-08,-2.6184122e-07,-2.6184122e-07,-2.6187502e-07,-2.618454e-07,0.9895856,3.2656326,0.09235484195936636
2.0,0.028736777200989806,-0.9897489,-1.342653e-07,-2.622166e-07,-2.622166e-07,-2.6222241e-07,-2.6221244e-07,0.9895856,3.2656326,0.09238715818870978
2.0,0.028746777200989806,-0.9897489,-8.466856e-08,-2.6184122e-07,-2.6184122e-07,-2.6187502e-07,-2.618454e-07,0.9895856,3.2656326,0.09241947441805319
2.0,0.028756777200989805,-0.9897489,-1.3426533e-07,-2.622166e-07,-2.622166e-07,-2.6222241e-07,-2.6221244e-07,0.9895856,3.2656326,0.0924517906473966
2.0,0.028766777200989805,-0.9897489,-8.466854e-08,-2.6184122e-07,-2.6184122e-07,-2.6187502e-07,-2.618454e-07,0.9895856,3.2656326,0.09248410687674001
2.0,0.028776777200989805,-0.9897489,-1.3426535e-07,-2.622166e-07,-2.622166e-07,-2.6222241e-07,-2.6221244e-07,0.9895856,3.2656326,0.09251642310608342
2.0,0.028786777200989804,-0.9897489,-8.466852e-08,-2.6184122e-07,-2.6184122e-07,-2.6187502e-07,-2.618454e-07,0.9895856,3.2656326,0.09254873933542683
2.0,0.028796777200989804,-0.9897489,-1.3426536e-07,-2.622166e-07,-2.622166e-07,-2.6222241e-07,-2.6221244e-07,0.9895856,3.2656326,0.09258105556477024
2.0,0.028806777200989803,-0.9897489,-8.466851e-08,-2.6184122e-07,-2.6184122e-07,-2.6187502e-07,-2.618454e-07,0.9895856,3.2656326,0.09261337179411366
2.0,0.028816777200989806,-0.9897489,-1.3426538e-07,-2.622166e-07,-2.622166e-07,-2.6222241e-07,-2.6221244e-07,0.9895856,3.2656326,0.09264568802345709
2.0,0.028826777200989806,-0.9897489,-8.4668486e-08,-2.6184122e-07,-2.6184122e-07,-2.6187502e-07,-2.618454e-07,0.9895856,3.2656326,0.0926780042528005
2.0,0.028836777200989806,-0.9897489,-1.342654e-07,-2.622166e-07,-2.622166e-07,-2.6222241e-07,-2.6221244e-07,0.9895856,3.2656326,0.09271032048214391
2.0,0.028846777200989805,-0.9897489,-8.466847e-08,-2.6184122e-07,-2.6184122e-07,-2.6187502e-07,-2.618454e-07,0.9895856,3.2656326,0.09274263671148732
2.0,0.028856777200989805,-0.9897489,-1.3426542e-07,-2.622166e-07,-2.622166e-07,-2.6222241e-07,-2.6221244e-07,0.9895856,3.2656326,0.09277495294083073
2.0,0.028866777200989804,-0.9897489,-8.466846e-08,-2.6184122e-07,-2.6184122e-07,-2.6187502e-07,-2.618454e-07,0.9895856,3.2656326,0.09280726917017414
2.0,0.028876777200989804,-0.9897489,-1.3426543e-07,-2.622166e-07,-2.622166e-07,-2.6222241e-07,-2.6221244e-07,0.9895856,3.2656326,0.09283958539951755
2.0,0.028886777200989804,-0.9897489,-8.4668436e-08,-2.6184122e-07,-2.6184122e-07,-2.6187502e-07,-2.618454e-07,0.9895856,3.2656326,0.09287190162886096
2.0,0.028896777200989803,-0.9897489,-1.3426545e-07,-2.622166e-07,-2.622166e-07,-2.6222241e-07,-2.6221244e-07,0.9895856,3.2656326,0.09290421785820438
2.0,0.028906777200989806,-0.9897489,-8.466842e-08,-2.6184122e-07,-2.6184122e-07,-2.6187502e-07,-2.618454e-07,0.9895856,3.2656326,0.0929365340875478
2.0,0.028916777200989806,-0.9897489,-1.3426546e-07,-2.622166e-07,-2.622166e-07,-2.6222241e-07,-2.6221244e-07,0.9895856,3.2656326,0.09296885031689121
2.0,0.028926777200989805,-0.9897489,-8.46684e-08,-2.6184122e-07,-2.6184122e-07,-2.6187502e-07,-2.618454e-07,0.9895856,3.2656326,0.09300116654623462
2.0,0.028936777200989805,-0.9897489,-1.3426549e-07,-2.622166e-07,-2.622166e-07,-2.6222241e-07,-2.6221244e-07,0.9895856,3.2656326,0.09303348277557803
2.0,0.028946777200989805,-0.9897489,-8.4668386e-08,-2.6184122e-07,-2.6184122e-07,-2.6187502e-07,-2.618454e-07,0.9895856,3.2656326,0.09306579900492144
2.0,0.028956777200989804,-0.9897489,-1.342655e-07,-2.622166e-07,-2.622166e-07,-2.6222241e-07,-2.6221244e-07,0.9895856,3.2656326,0.09309811523426485
2.0,0.028966777200989804,-0.9897489,-8.466837e-08,-2.6184122e-07,-2.6184122e-07,-2.6187502e-07,-2.618454e-07,0.9895856,3.2656326,0.09313043146360826
2.0,0.028976777200989803,-0.9897489,-1.3426552e-07,-2.622166e-07,-2.622166e-07,-2.6222241e-07,-2.6221244e-07,0.9895856,3.2656326,0.09316274769295169
2.0,0.028986777200989806,-0.9897489,-8.466835e-08,-2.6184122e-07,-2.6184122e-07,-2.6187502e-07,-2.618454e-07,0.9895856,3.2656326,0.09319506392229511
2.0,0.028996777200989806,-0.9897489,-1.3426553e-07,-2.622166e-07,-2.622166e-07,-2.6222241e-07,-2.6221244e-07,0.9895856,3.2656326,0.09322738015163852
2.0,0.029006777200989806,-0.9897489,-8.4668336e-08,-2.6184122e-07,-2.6184122e-07,-2.6187502e-07,-2.618454e-07,0.9895856,3.2656326,0.09325969638098193
2.0,0.029016777200989805,-0.9897489,-1.3426555e-07,-2.622166e-07,-2.622166e-07,-2.6222241e-07,-2.6221244e-07,0.9895856,3.2656326,0.09329201261032534
2.0,0.029026777200989805,-0.9897489,-8.4668315e-08,-2.6184122e-07,-2.6184122e-07,-2.6187502e-07,-2.618454e-07,0.9895856,3.2656326,0.09332432883966875
2.0,0.029036777200989804,-0.9897489,-1.3426558e-07,-2.622166e-07,-2.622166e-07,-2.6222241e-07,-2.6221244e-07,0.9895856,3.2656326,0.09335664506901216
2.0,0.029046777200989804,-0.9897489,-8.46683e-08,-2.6184122e-07,-2.6184122e-07,-2.6187502e-07,-2.618454e-07,0.9895856,3.2656326,0.09338896129835557
2.0,0.029056777200989804,-0.9897489,-1.3426559e-07,-2.622166e-07,-2.622166e-07,-2.6222241e-07,-2.6221244e-07,0.9895856,3.2656326,0.09342127752769898
2.0,0.029066777200989803,-0.9897489,-8.466829e-08,-2.6184122e-07,-2.6184122e-07,-2.6187502e-07,-2.618454e-07,0.9895856,3.2656326,0.0934535937570424
2.0,0.029076777200989806,-0.9897489,-1.342656e-07,-2.622166e-07,-2.622166e-07,-2.6222241e-07,-2.6221244e-07,0.9895856,3.2656326,0.09348590998638583
2.0,0.029086777200989806,-0.9897489,-8.4668265e-08,-2.6184122e-07,-2.6184122e-07,-2.6187502e-07,-2.618454e-07,0.9895856,3.2656326,0.09351822621572924
2.0,0.029096777200989805,-0.9897489,-1.3426562e-07,-2.622166e-07,-2.622166e-07,-2.6222241e-07,-2.6221244e-07,0.9895856,3.2656326,0.09355054244507265
2.0,0.029106777200989805,-0.9897489,-8.466825e-08,-2.6184122e-07,-2.6184122e-07,-2.6187502e-07,-2.618454e-07,0.9895856,3.2656326,0.09358285867441606
2.0,0.029116777200989805,-0.9897489,-1.3426563e-07,-2.622166e-07,-2.622166e-07,-2.6222241e-07,-2.6221244e-07,0.9895856,3.2656326,0.09361517490375947
2.0,0.029126777200989804,-0.9897489,-8.466824e-08,-2.6184122e-07,-2.6184122e-07,-2.6187502e-07,-2.618454e-07,0.9895856,3.2656326,0.09364749113310288
2.0,0.029136777200989804,-0.9897489,-1.3426566e-07,-2.622166e-07,-2.622166e-07,-2.6222241e-07,-2.6221244e-07,0.9895856,3.2656326,0.09367980736244629
2.0,0.029146777200989803,-0.9897489,-8.4668216e-08,-2.6184122e-07,-2.6184122e-07,-2.6187502e-07,-2.618454e-07,0.9895856,3.2656326,0.09371212359178971
2.0,0.029156777200989806,-0.9897489,-1.3426568e-07,-2.622166e-07,-2.622166e-07,-2.6222241e-07,-2.6221244e-07,0.9895856,3.2656326,0.09374443982113313
2.0,0.029166777200989806,-0.9897489,-8.46682e-08,-2.6184122e-07,-2.6184122e-07,-2.6187502e-07,-2.618454e-07,0.9895856,3.2656326,0.09377675605047654
2.0,0.029176777200989806,-0.9897489,-1.3426569e-07,-2.622166e-07,-2.622166e-07,-2.6222241e-07,-2.6221244e-07,0.9895856,3.2656326,0.09380907227981995
2.0,0.029186777200989805,-0.9897489,-8.466819e-08,-2.6184122e-07,-2.6184122e-07,-2.6187502e-07,-2.618454e-07,0.9895856,3.2656326,0.09384138850916336
2.0,0.029196777200989805,-0.9897489,-1.342657e-07,-2.622166e-07,-2.622166e-07,-2.6222241e-07,-2.6221244e-07,0.9895856,3.2656326,0.09387370473850677
2.0,0.029206777200989804,-0.9897489,-8.4668166e-08,-2.6184122e-07,-2.6184122e-07,-2.6187502e-07,-2.618454e-07,0.9895856,3.2656326,0.09390602096785018
2.0,0.029216777200989804,-0.9897489,-1.3426572e-07,-2.622166e-07,-2.622166e-07,-2.6222241e-07,-2.6221244e-07,0.9895856,3.2656326,0.09393833719719359
2.0,0.029226777200989804,-0.9897489,-8.466815e-08,-2.6184122e-07,-2.6184122e-07,-2.6187502e-07,-2.618454e-07,0.9895856,3.2656326,0.093970653426537
2.0,0.029236777200989803,-0.9897489,-1.3426573e-07,-2.622166e-07,-2.622166e-07,-2.6222241e-07,-2.6221244e-07,0.9895856,3.2656326,0.09400296965588043
2.0,0.029246777200989806,-0.9897489,-8.466814e-08,-2.6184122e-07,-2.6184122e-07,-2.6187502e-07,-2.618454e-07,0.9895856,3.2656326,0.09403528588522385
2.0,0.029256777200989806,-0.9897489,-1.3426575e-07,-2.622166e-07,-2.622166e-07,-2.6222241e-07,-2.6221244e-07,0.9895856,3.2656326,0.09406760211456726
2.0,0.029266777200989805,-0.9897489,-8.4668116e-08,-2.6184122e-07,-2.6184122e-07,-2.6187502e-07,-2.618454e-07,0.9895856,3.2656326,0.09409991834391067
2.0,0.029276777200989805,-0.9897489,-1.3426578e-07,-2.622166e-07,-2.622166e-07,-2.6222241e-07,-2.6221244e-07,0.9895856,3.2656326,0.09413223457325408
2.0,0.029286777200989805,-0.9897489,-8.46681e-08,-2.6184122e-07,-2.6184122e-07,-2.6187502e-07,-2.618454e-07,0.9895856,3.2656326,0.09416455080259749
2.0,0.029296777200989804,-0.9897489,-1.3426579e-07,-2.622166e-07,-2.622166e-07,-2.6222241e-07,-2.6221244e-07,0.9895856,3.2656326,0.0941968670319409
2.0,0.029306777200989804,-0.9897489,-8.466809e-08,-2.6184122e-07,-2.6184122e-07,-2.6187502e-07,-2.618454e-07,0.9895856,3.2656326,0.09422918326128431
2.0,0.029316777200989803,-0.9897489,-1.342658e-07,-2.622166e-07,-2.622166e-07,-2.6222241e-07,-2.6221244e-07,0.9895856,3.2656326,0.09426149949062772
2.0,0.029326777200989803,-0.9897489,-8.466807e-08,-2.6184122e-07,-2.6184122e-07,-2.6187502e-07,-2.618454e-07,0.9895856,3.2656326,0.09429381571997114
2.0,0.029336777200989806,-0.9897489,-1.3426582e-07,-2.622166e-07,-2.622166e-07,-2.6222241e-07,-2.6221244e-07,0.9895856,3.2656326,0.09432613194931457
2.0,0.029346777200989806,-0.9897489,-8.466805e-08,-2.6184122e-07,-2.6184122e-07,-2.6187502e-07,-2.618454e-07,0.9895856,3.2656326,0.09435844817865797
2.0,0.029356777200989805,-0.9897489,-1.3426583e-07,-2.622166e-07,-2.622166e-07,-2.6222241e-07,-2.6221244e-07,0.9895856,3.2656326,0.09439076440800138
2.0,0.029366777200989805,-0.9897489,-8.466804e-08,-2.6184122e-07,-2.6184122e-07,-2.6187502e-07,-2.618454e-07,0.9895856,3.2656326,0.0944230806373448
2.0,0.029376777200989804,-0.9897489,-1.3426585e-07,-2.622166e-07,-2.622166e-07,-2.6222241e-07,-2.6221244e-07,0.9895856,3.2656326,0.0944553968666882
2.0,0.029386777200989804,-0.9897489,-8.4668024e-08,-2.6184122e-07,-2.6184122e-07,-2.6187502e-07,-2.618454e-07,0.9895856,3.2656326,0.09448771309603161
2.0,0.029396777200989804,-0.9897489,-1.3426586e-07,-2.622166e-07,-2.622166e-07,-2.6222241e-07,-2.6221244e-07,0.9895856,3.2656326,0.09452002932537502
2.0,0.029406777200989803,-0.9897489,-8.4668e-08,-2.6184122e-07,-2.6184122e-07,-2.6187502e-07,-2.618454e-07,0.9895856,3.2656326,0.09455234555471845
2.0,0.029416777200989806,-0.9897489,-1.3426589e-07,-2.622166e-07,-2.622166e-07,-2.6222241e-07,-2.6221244e-07,0.9895856,3.2656326,0.09458466178406187
2.0,0.029426777200989806,-0.9897489,-8.466799e-08,-2.6184122e-07,-2.6184122e-07,-2.6187502e-07,-2.618454e-07,0.9895856,3.2656326,0.09461697801340528
2.0,0.029436777200989805,-0.9897489,-1.342659e-07,-2.622166e-07,-2.622166e-07,-2.6222241e-07,-2.6221244e-07,0.9895856,3.2656326,0.09464929424274869
2.0,0.029446777200989805,-0.9897489,-8.4667974e-08,-2.6184122e-07,-2.6184122e-07,-2.6187502e-07,-2.618454e-07,0.9895856,3.2656326,0.0946816104720921
2.0,0.029456777200989805,-0.9897489,-1.3426592e-07,-2.622166e-07,-2.622166e-07,-2.6222241e-07,-2.6221244e-07,0.9895856,3.2656326,0.09471392670143551
2.0,0.029466777200989804,-0.9897489,-8.466796e-08,-2.6184122e-07,-2.6184122e-07,-2.6187502e-07,-2.618454e-07,0.9895856,3.2656326,0.09474624293077892
2.0,0.029476777200989804,-0.9897489,-1.3426593e-07,-2.622166e-07,-2.622166e-07,-2.6222241e-07,-2.6221244e-07,0.9895856,3.2656326,0.09477855916012233
2.0,0.029486777200989803,-0.9897489,-8.466794e-08,-2.6184122e-07,-2.6184122e-07,-2.6187502e-07,-2.618454e-07,0.9895856,3.2656326,0.09481087538946574
2.0,0.029496777200989803,-0.9897489,-1.3426595e-07,-2.622166e-07,-2.622166e-07,-2.6222241e-07,-2.6221244e-07,0.9895856,3.2656326,0.09484319161880916
2.0,0.029506777200989806,-0.9897489,-8.4667924e-08,-2.6184122e-07,-2.6184122e-07,-2.6187502e-07,-2.618454e-07,0.9895856,3.2656326,0.09487550784815259
2.0,0.029516777200989806,-0.9897489,-1.3426596e-07,-2.622166e-07,-2.622166e-07,-2.6222241e-07,-2.6221244e-07,0.9895856,3.2656326,0.094907824077496
2.0,0.029526777200989805,-0.9897489,-8.466791e-08,-2.6184122e-07,-2.6184122e-07,-2.6187502e-07,-2.618454e-07,0.9895856,3.2656326,0.09494014030683941
2.0,0.029536777200989805,-0.9897489,-1.3426597e-07,-2.622166e-07,-2.622166e-07,-2.6222241e-07,-2.6221244e-07,0.9895856,3.2656326,0.09497245653618282
2.0,0.029546777200989804,-0.9897489,-8.4667896e-08,-2.6184122e-07,-2.6184122e-07,-2.6187502e-07,-2.618454e-07,0.9895856,3.2656326,0.09500477276552623
2.0,0.029556777200989804,-0.9897489,-1.3426599e-07,-2.622166e-07,-2.622166e-07,-2.6222241e-07,-2.6221244e-07,0.9895856,3.2656326,0.09503708899486964
2.0,0.029566777200989804,-0.9897489,-8.4667874e-08,-2.6184122e-07,-2.6184122e-07,-2.6187502e-07,-2.618454e-07,0.9895856,3.2656326,0.09506940522421305
2.0,0.029576777200989803,-0.9897489,-1.3426602e-07,-2.622166e-07,-2.622166e-07,-2.6222241e-07,-2.6221244e-07,0.9895856,3.2656326,0.09510172145355647
2.0,0.029586777200989806,-0.9897489,-8.466786e-08,-2.6184122e-07,-2.6184122e-07,-2.6187502e-07,-2.618454e-07,0.9895856,3.2656326,0.0951340376828999
2.0,0.029596777200989806,-0.9897489,-1.3426603e-07,-2.622166e-07,-2.622166e-07,-2.6222241e-07,-2.6221244e-07,0.9895856,3.2656326,0.0951663539122433
2.0,0.029606777200989805,-0.9897489,-8.4667846e-08,-2.6184122e-07,-2.6184122e-07,-2.6187502e-07,-2.618454e-07,0.9895856,3.2656326,0.09519867014158671
2.0,0.029616777200989805,-0.9897489,-1.3426605e-07,-2.622166e-07,-2.622166e-07,-2.6222241e-07,-2.6221244e-07,0.9895856,3.2656326,0.09523098637093012
2.0,0.029626777200989805,-0.9897489,-8.466783e-08,-2.6184122e-07,-2.6184122e-07,-2.6187502e-07,-2.618454e-07,0.9895856,3.2656326,0.09526330260027353
2.0,0.029636777200989804,-0.9897489,-1.3426606e-07,-2.622166e-07,-2.622166e-07,-2.6222241e-07,-2.6221244e-07,0.9895856,3.2656326,0.09529561882961694
2.0,0.029646777200989804,-0.9897489,-8.466782e-08,-2.6184122e-07,-2.6184122e-07,-2.6187502e-07,-2.618454e-07,0.9895856,3.2656326,0.09532793505896035
2.0,0.029656777200989803,-0.9897489,-1.3426607e-07,-2.622166e-07,-2.622166e-07,-2.6222241e-07,-2.6221244e-07,0.9895856,3.2656326,0.09536025128830376
2.0,0.029666777200989803,-0.9897489,-8.4667796e-08,-2.6184122e-07,-2.6184122e-07,-2.6187502e-07,-2.618454e-07,0.9895856,3.2656326,0.09539256751764719
2.0,0.029676777200989806,-0.9897489,-1.3426609e-07,-2.622166e-07,-2.622166e-07,-2.6222241e-07,-2.6221244e-07,0.9895856,3.2656326,0.09542488374699061
2.0,0.029686777200989806,-0.9897489,-8.466778e-08,-2.6184122e-07,-2.6184122e-07,-2.6187502e-07,-2.618454e-07,0.9895856,3.2656326,0.09545719997633402
2.0,0.029696777200989805,-0.9897489,-1.342661e-07,-2.622166e-07,-2.622166e-07,-2.6222241e-07,-2.6221244e-07,0.9895856,3.2656326,0.09548951620567743
2.0,0.029706777200989805,-0.9897489,-8.466777e-08,-2.6184122e-07,-2.6184122e-07,-2.6187502e-07,-2.618454e-07,0.9895856,3.2656326,0.09552183243502084
2.0,0.029716777200989804,-0.9897489,-1.3426612e-07,-2.622166e-07,-2.622166e-07,-2.6222241e-07,-2.6221244e-07,0.9895856,3.2656326,0.09555414866436425
2.0,0.029726777200989804,-0.9897489,-8.4667754e-08,-2.6184122e-07,-2.6184122e-07,-2.6187502e-07,-2.618454e-07,0.9895856,3.2656326,0.09558646489370766
2.0,0.029736777200989804,-0.9897489,-1.3426613e-07,-2.622166e-07,-2.622166e-07,-2.6222241e-07,-2.6221244e-07,0.9895856,3.2656326,0.09561878112305107
2.0,0.029746777200989803,-0.9897489,-8.466774e-08,-2.6184122e-07,-2.6184122e-07,-2.6187502e-07,-2.618454e-07,0.9895856,3.2656326,0.09565109735239449
2.0,0.029756777200989806,-0.9897489,-1.3426616e-07,-2.622166e-07,-2.622166e-07,-2.6222241e-07,-2.6221244e-07,0.9895856,3.2656326,0.09568341358173792
2.0,0.029766777200989806,-0.9897489,-8.466772e-08,-2.6184122e-07,-2.6184122e-07,-2.6187502e-07,-2.618454e-07,0.9895856,3.2656326,0.09571572981108133
2.0,0.029776777200989805,-0.9897489,-1.3426617e-07,-2.622166e-07,-2.622166e-07,-2.6222241e-07,-2.6221244e-07,0.9895856,3.2656326,0.09574804604042474
2.0,0.029786777200989805,-0.9897489,-8.4667704e-08,-2.6184122e-07,-2.6184122e-07,-2.6187502e-07,-2.618454e-07,0.9895856,3.2656326,0.09578036226976815
2.0,0.029796777200989805,-0.9897489,-1.3426619e-07,-2.622166e-07,-2.622166e-07,-2.6222241e-07,-2.6221244e-07,0.9895856,3.2656326,0.09581267849911156
2.0,0.029806777200989804,-0.9897489,-8.466769e-08,-2.6184122e-07,-2.6184122e-07,-2.6187502e-07,-2.618454e-07,0.9895856,3.2656326,0.09584499472845497
2.0,0.029816777200989804,-0.9897489,-1.342662e-07,-2.622166e-07,-2.622166e-07,-2.6222241e-07,-2.6221244e-07,0.9895856,3.2656326,0.09587731095779838
2.0,0.029826777200989803,-0.9897489,-8.4667676e-08,-2.6184122e-07,-2.6184122e-07,-2.6187502e-07,-2.618454e-07,0.9895856,3.2656326,0.09590962718714179
2.0,0.029836777200989803,-0.9897489,-1.3426622e-07,-2.622166e-07,-2.622166e-07,-2.6222241e-07,-2.6221244e-07,0.9895856,3.2656326,0.09594194341648521
2.0,0.029846777200989806,-0.9897489,-8.466766e-08,-2.6184122e-07,-2.6184122e-07,-2.6187502e-07,-2.618454e-07,0.9895856,3.2656326,0.09597425964582863
2.0,0.029856777200989806,-0.9897489,-1.3426623e-07,-2.622166e-07,-2.622166e-07,-2.6222241e-07,-2.6221244e-07,0.9895856,3.2656326,0.09600657587517204
2.0,0.029866777200989805,-0.9897489,-8.466765e-08,-2.6184122e-07,-2.6184122e-07,-2.6187502e-07,-2.618454e-07,0.9895856,3.2656326,0.09603889210451545
2.0,0.029876777200989805,-0.9897489,-1.3426624e-07,-2.622166e-07,-2.622166e-07,-2.6222241e-07,-2.6221244e-07,0.9895856,3.2656326,0.09607120833385886
2.0,0.029886777200989804,-0.9897489,-8.466763e-08,-2.6184122e-07,-2.6184122e-07,-2.6187502e-07,-2.618454e-07,0.9895856,3.2656326,0.09610352456320227
2.0,0.029896777200989804,-0.9897489,-1.3426626e-07,-2.622166e-07,-2.622166e-07,-2.6222241e-07,-2.6221244e-07,0.9895856,3.2656326,0.09613584079254568
2.0,0.029906777200989804,-0.9897489,-8.466761e-08,-2.6184122e-07,-2.6184122e-07,-2.6187502e-07,-2.618454e-07,0.9895856,3.2656326,0.09616815702188909
2.0,0.029916777200989803,-0.9897489,-1.3426627e-07,-2.622166e-07,-2.622166e-07,-2.6222241e-07,-2.6221244e-07,0.9895856,3.2656326,0.09620047325123252
2.0,0.029926777200989806,-0.9897489,-8.46676e-08,-2.6184122e-07,-2.6184122e-07,-2.6187502e-07,-2.618454e-07,0.9895856,3.2656326,0.09623278948057594
2.0,0.029936777200989806,-0.9897489,-1.3426629e-07,-2.622166e-07,-2.622166e-07,-2.6222241e-07,-2.6221244e-07,0.9895856,3.2656326,0.09626510570991935
2.0,0.029946777200989805,-0.9897489,-8.466758e-08,-2.6184122e-07,-2.6184122e-07,-2.6187502e-07,-2.618454e-07,0.9895856,3.2656326,0.09629742193926276
2.0,0.029956777200989805,-0.9897489,-1.342663e-07,-2.622166e-07,-2.622166e-07,-2.6222241e-07,-2.6221244e-07,0.9895856,3.2656326,0.09632973816860617
2.0,0.029966777200989805,-0.9897489,-8.466757e-08,-2.6184122e-07,-2.6184122e-07,-2.6187502e-07,-2.618454e-07,0.9895856,3.2656326,0.09636205439794958
2.0,0.029976777200989804,-0.9897489,-1.3426632e-07,-2.622166e-07,-2.622166e-07,-2.6222241e-07,-2.6221244e-07,0.9895856,3.2656326,0.09639437062729299
2.0,0.029986777200989804,-0.9897489,-8.4667555e-08,-2.6184122e-07,-2.6184122e-07,-2.6187502e-07,-2.618454e-07,0.9895856,3.2656326,0.0964266868566364
2.0,0.029996777200989803,-0.9897489,-1.3426633e-07,-2.622166e-07,-2.622166e-07,-2.6222241e-07,-2.6221244e-07,0.9895856,3.2656326,0.09644805240690517
2.0,0.03,-0.9897489,-8.466752e-08,-2.6184122e-07,-2.6184122e-07,-2.6187502e-07,-2.618454e-07,0.9895856,3.2656326,0.09645325984411804
2.0,0.030000000001,-0.9897489,-1.0808552e-07,-2.619651e-07,-2.619651e-07,-2.619511e-07,-2.6195747e-07,0.9895856,3.2656326,0.09645325984734966
2.0,0.030000000002,-0.9897489,-9.617604e-08,-2.619971e-07,-2.619971e-07,-2.6203523e-07,-2.6199106e-07,0.9895856,3.2656326,0.09645325985233638
2.0,0.030000000004086202,-0.9897489,-1.1474059e-07,-2.6205385e-07,-2.6205385e-07,-2.6207948e-07,-2.6204575e-07,0.9895856,3.2656326,0.09645325986013878
2.0,0.03000000000682878,-0.9897489,-1.0247633e-07,-2.6205112e-07,-2.6205115e-07,-2.6209764e-07,-2.620484e-07,0.9895856,3.2656326,0.09645325987343324
2.0,0.030000000012313937,-0.9897489,-1.1496595e-07,-2.6203972e-07,-2.6203972e-07,-2.6205646e-07,-2.6203955e-07,0.9895856,3.2656326,0.09645325990002218
2.0,0.030000000023284252,-0.9897489,-1.0025619e-07,-2.6201323e-07,-2.6201323e-07,-2.620345e-07,-2.6201465e-07,0.9895856,3.2656326,0.09645325995320006
2.0,0.030000000045224882,-0.9897489,-1.1184196e-07,-2.6201874e-07,-2.6201874e-07,-2.6202423e-07,-2.6201778e-07,0.9895856,3.2656326,0.09645326005955582
2.0,0.03000000008910614,-0.9897489,-9.751662e-08,-2.6201002e-07,-2.6201002e-07,-2.6203048e-07,-2.6201099e-07,0.9895856,3.2656326,0.09645326027226735
2.0,0.03000000017686866,-0.98974884,-1.0883274e-07,-2.620175e-07,-2.620175e-07,-2.620224e-07,-2.6201658e-07,0.9895856,3.2656326,0.0964532606976904
2.0,0.0300000003523937,-0.9897488,-9.44692e-08,-2.620106e-07,-2.620106e-07,-2.6203128e-07,-2.620115e-07,0.9895856,3.2656326,0.09645326154853652
2.0,0.030000000703443778,-0.98974866,-1.0389147e-07,-2.6201909e-07,-2.6201909e-07,-2.6202477e-07,-2.620182e-07,0.9895856,3.2656326,0.09645326325022874
2.0,0.030000001405543934,-0.9897485,-8.2967176e-08,-2.6201707e-07,-2.6201707e-07,-2.6204086e-07,-2.6201795e-07,0.9895856,3.2656326,0.09645326665361319
2.0,0.030000002809744245,-0.98974806,-7.694234e-08,-2.62041e-07,-2.62041e-07,-2.6205717e-07,-2.6204012e-07,0.9895856,3.2656326,0.09645327346038207
2.0,0.030000005618144865,-0.9897474,-3.0178242e-08,-2.6207846e-07,-2.6207846e-07,-2.6213158e-07,-2.6207937e-07,0.9895856,3.2656326,0.09645328707391986
2.0,0.030000011234946108,-0.98974645,5.0001536e-09,-2.6217904e-07,-2.6217904e-07,-2.6226118e-07,-2.6217825e-07,0.9895856,3.2656324,0.0964533122818206
2.0,0.03000002121891458,-0.9897461,6.382077e-08,-2.6232834e-07,-2.6232834e-07,-2.6250086e-07,-2.623295e-07,0.9895856,3.2656324,0.09645335376292957
2.0,0.030000036906946137,-0.9897483,7.9547426e-08,-2.6255591e-07,-2.6255591e-07,-2.6281822e-07,-2.6255577e-07,0.9895856,3.2656326,0.09645341640883513
2.0,0.030000059989468465,-0.9897508,1.16547696e-07,-2.6281677e-07,-2.6281677e-07,-2.6322502e-07,-2.628194e-07,0.9895856,3.2656326,0.09645348001872657
2.0,0.030000076274095542,-0.9897593,8.273578e-08,-2.6299153e-07,-2.6299153e-07,-2.6346535e-07,-2.6299338e-07,0.98958564,3.2656326,0.09645352502900342
2.0,0.03000008784561038,-0.98978275,4.9152813e-08,-2.6311668e-07,-2.6311668e-07,-2.6366544e-07,-2.6312105e-07,0.98958564,3.2656326,0.09645356370555491
2.0,0.03000010021039592,-0.9898034,1.0331001e-07,-2.6323391e-07,-2.6323391e-07,-2.6381582e-07,-2.6323738e-07,0.98958564,3.2656326,0.09645360932915284
2.0,0.030000116081326914,-0.9898347,6.7548655e-08,-2.6335744e-07,-2.6335744e-07,-2.640133e-07,-2.6336394e-07,0.98958564,3.2656326,0.09645366392420021
2.0,0.030000133998399316,-0.98987144,1.5588722e-07,-2.6346095e-07,-2.6346095e-07,-2.641417e-07,-2.634672e-07,0.98958564,3.2656326,0.096453735127996
2.0,0.030000160148219605,-0.98992515,1.6750734e-07,-2.6359228e-07,-2.6359228e-07,-2.6434864e-07,-2.6360266e-07,0.98958564,3.2656326,0.09645382469531931
2.0,0.030000189430186085,-0.9899847,2.9863494e-07,-2.6367965e-07,-2.6367965e-07,-2.6445258e-07,-2.63691e-07,0.9895857,3.2656326,0.09645395502899921
2.0,0.03000024080964782,-0.99008054,3.8696618e-07,-2.6377032e-07,-2.6377032e-07,-2.6459983e-07,-2.637885e-07,0.98958576,3.2656329,0.0964541274325044
2.0,0.030000296127940005,-0.99016654,5.652538e-07,-2.6375878e-07,-2.6375878e-07,-2.6456388e-07,-2.6378063e-07,0.9895858,3.265633,0.09645423168608937
2.0,0.03000030533050847,-0.99017966,5.555391e-07,-2.63761e-07,-2.63761e-07,-2.645772e-07,-2.6378467e-07,0.9895858,3.265633,0.09645427629495279
2.0,0.0300003237356454,-0.99020565,5.8707707e-07,-2.6374758e-07,-2.6374758e-07,-2.645584e-07,-2.6377305e-07,0.9895859,3.2656333,0.09645436551269279
2.0,0.03000036054591926,-0.99025655,6.487617e-07,-2.6370802e-07,-2.6370802e-07,-2.64502e-07,-2.6373698e-07,0.9895859,3.2656336,0.09645454394818595
2.0,0.030000434166466982,-0.99035174,7.7318816e-07,-2.635556e-07,-2.635556e-07,-2.6428117e-07,-2.6359106e-07,0.98958606,3.2656338,0.09645482113836207
2.0,0.030000532094355666,-0.9904472,9.3973296e-07,-2.629751e-07,-2.629751e-07,-2.634301e-07,-2.630169e-07,0.98958623,3.2656345,0.09645528711979381
2.0,0.0300007225545969,-0.9902978,1.144615e-06,-2.5942927e-07,-2.5942927e-07,-2.5820378e-07,-2.5945872e-07,0.9895865,3.2656355,0.09645584539884873
2.0,0.030000877603765488,-0.98968756,1.1674836e-06,-2.5555946e-07,-2.5555946e-07,-2.5248315e-07,-2.5554414e-07,0.98958635,3.2656348,0.09645633658845008
2.0,0.030001026543574925,-0.98865145,1.0575363e-06,-2.5227624e-07,-2.5227624e-07,-2.4761042e-07,-2.5218677e-07,0.98958576,3.265633,0.09645681107516518
2.0,0.030001171255933275,-0.98726535,8.61399e-07,-2.493011e-07,-2.493011e-07,-2.431785e-07,-2.491136e-07,0.9895845,3.2656288,0.09645736304222786
2.0,0.030001368147961064,-0.984849,5.109e-07,-2.4577577e-07,-2.4577577e-07,-2.3789883e-07,-2.4541933e-07,0.98958147,3.265619,0.09645800517601234
2.0,0.03000156866562549,-0.9818498,1.0564602e-07,-2.4274124e-07,-2.4274124e-07,-2.3332116e-07,-2.421774e-07,0.98957664,3.2656028,0.0964586892655911
2.0,0.03000179152779744,-0.9780112,-3.523103e-07,-2.4012482e-07,-2.4012482e-07,-2.293297e-07,-2.3929869e-07,0.98956877,3.265577,0.09645946364071008
2.0,0.030002047930362083,-0.97314894,-8.323691e-07,-2.3823506e-07,-2.3823506e-07,-2.2637307e-07,-2.3708127e-07,0.98955625,3.2655356,0.09646026526004105
2.0,0.030002287666672137,-0.96838635,-1.2012754e-06,-2.3753529e-07,-2.3753529e-07,-2.2517457e-07,-2.3606572e-07,0.98954093,3.265485,0.09646102585290316
2.0,0.03000251869168998,-0.96379584,-1.4844687e-06,-2.3776853e-07,-2.3776853e-07,-2.2535855e-07,-2.36e-07,0.98952293,3.265426,0.09646179720525182
2.0,0.030002765104808066,-0.9590793,-1.7223548e-06,-2.3879628e-07,-2.3879628e-07,-2.2671128e-07,-2.3672725e-07,0.98950034,3.2653513,0.09646276986823861
2.0,0.030003120761049426,-0.9527487,-1.9788572e-06,-2.4039028e-07,-2.4039028e-07,-2.2884925e-07,-2.3793024e-07,0.989462,3.2652245,0.09646381084176557
2.0,0.03000340950773293,-0.9480158,-2.129581e-06,-2.4159033e-07,-2.4159033e-07,-2.3046556e-07,-2.3884866e-07,0.98942614,3.2651064,0.09646482191944213
2.0,0.030003746702598994,-0.9429112,-2.2602387e-06,-2.428938e-07,-2.428938e-07,-2.3222849e-07,-2.3986016e-07,0.98937947,3.2649522,0.09646594235393546
2.0,0.030004103215818898,-0.9379624,-2.3599725e-06,-2.4411406e-07,-2.4411406e-07,-2.3388074e-07,-2.408107e-07,0.9893248,3.264772,0.09646703787267663
2.0,0.03000442505919702,-0.9338507,-2.425064e-06,-2.4512198e-07,-2.4512198e-07,-2.3525075e-07,-2.416059e-07,0.9892712,3.2645953,0.09646811174959857
2.0,0.030004768243591603,-0.92979825,-2.476445e-06,-2.4607178e-07,-2.4607178e-07,-2.3654292e-07,-2.423575e-07,0.98921007,3.264393,0.09646920305241617
2.0,0.0300051009620625,-0.92616284,-2.5127747e-06,-2.469147e-07,-2.469147e-07,-2.3769431e-07,-2.4303338e-07,0.989147,3.264185,0.09647032232882506
2.0,0.03000546156041957,-0.9225132,-2.5419824e-06,-2.4771705e-07,-2.4771705e-07,-2.3879167e-07,-2.4367947e-07,0.9890748,3.2639468,0.09647148546117665
2.0,0.030005821549854424,-0.919138,-2.5630777e-06,-2.4844502e-07,-2.4844502e-07,-2.3979175e-07,-2.4427416e-07,0.9889991,3.263697,0.09647269995374995
2.0,0.03000621408228331,-0.9157272,-2.5803627e-06,-2.4913484e-07,-2.4913484e-07,-2.4074134e-07,-2.4484137e-07,0.9889127,3.2634118,0.09647399197574877
2.0,0.030006622250304246,-0.9124427,-2.5937352e-06,-2.4977984e-07,-2.4977984e-07,-2.4163393e-07,-2.453808e-07,0.9888189,3.2631025,0.09647538554684451
2.0,0.030007077879226362,-0.90904987,-2.606579e-06,-2.5039319e-07,-2.5039319e-07,-2.4248536e-07,-2.458989e-07,0.9887098,3.2627423,0.09647691770838211
2.0,0.030007572161384777,-0.9056493,-2.6209595e-06,-2.50978e-07,-2.50978e-07,-2.4330262e-07,-2.4640332e-07,0.9885866,3.2623358,0.09647861704599099
2.0,0.030008131698849833,-0.90209526,-2.6458877e-06,-2.5152227e-07,-2.5152227e-07,-2.4406722e-07,-2.468805e-07,0.9884416,3.2618573,0.09648043688490943
2.0,0.030008701039294164,-0.8987459,-2.6949685e-06,-2.5199412e-07,-2.5199412e-07,-2.4473584e-07,-2.4730525e-07,0.9882884,3.2613518,0.096482398170903
2.0,0.030009348696018755,-0.8951987,-2.821155e-06,-2.5241596e-07,-2.5241596e-07,-2.4533819e-07,-2.4769398e-07,0.9881078,3.2607558,0.09648462553720111
2.0,0.030010083647225343,-0.8914374,-3.1721643e-06,-2.528011e-07,-2.528011e-07,-2.4589454e-07,-2.480615e-07,0.98789525,3.260054,0.0964874220412753
2.0,0.030011085335776382,-0.8866306,-4.497288e-06,-2.5315168e-07,-2.5315168e-07,-2.4640823e-07,-2.484112e-07,0.9875934,3.2590582,0.09649072322951578
2.0,0.030012134951060775,-0.8818453,-7.877755e-06,-2.5337815e-07,-2.5337815e-07,-2.467476e-07,-2.4865378e-07,0.9872629,3.2579677,0.09649425028349169
2.0,0.03001327845630178,-0.876756,-1.4226024e-05,-2.534438e-07,-2.534438e-07,-2.468535e-07,-2.487438e-07,0.98688704,3.2567272,0.09649821558844769
2.0,0.03001460245442775,-0.87081826,-2.3300929e-05,-2.533484e-07,-2.533484e-07,-2.4672016e-07,-2.4867086e-07,0.9864313,3.2552233,0.09650219413401856
2.0,0.03001575648716857,-0.86544174,-3.112678e-05,-2.5307548e-07,-2.5307548e-07,-2.4631655e-07,-2.4840213e-07,0.9860158,3.2538521,0.09650555323692306
2.0,0.030016696429968837,-0.86081666,-3.6945385e-05,-2.527458e-07,-2.527458e-07,-2.4582084e-07,-2.480587e-07,0.98566407,3.2526913,0.09650816837897642
2.0,0.03001738786108569,-0.8572219,-4.083608e-05,-2.5240888e-07,-2.5240888e-07,-2.4531064e-07,-2.4769895e-07,0.98539734,3.2518113,0.09651013989611153
2.0,0.030017926964590522,-0.85428053,-4.363346e-05,-2.521164e-07,-2.521164e-07,-2.4486437e-07,-2.4737977e-07,0.9851844,3.2511084,0.0965117956321919
2.0,0.030018421745873256,-0.8514579,-4.6028654e-05,-2.5178971e-07,-2.5178971e-07,-2.4436508e-07,-2.4702095e-07,0.9849848,3.2504501,0.09651340894995811
2.0,0.03001893477045185,-0.84839135,-4.8347658e-05,-2.5142987e-07,-2.5142987e-07,-2.4381177e-07,-2.4661918e-07,0.98477364,3.2497532,0.09651498213337437
2.0,0.030019404902134297,-0.8454426,-5.035138e-05,-2.510399e-07,-2.510399e-07,-2.4321176e-07,-2.4618248e-07,0.9845761,3.249101,0.09651647665830249
2.0,0.03001986914424793,-0.8423875,-5.225021e-05,-2.5063747e-07,-2.5063747e-07,-2.4258924e-07,-2.4572543e-07,0.984377,3.248444,0.09651793927192313
2.0,0.03002031969491985,-0.83927375,-5.409383e-05,-2.501861e-07,-2.501861e-07,-2.4189112e-07,-2.4521242e-07,0.98417985,3.2477934,0.09651937315302675
2.0,0.030020766325677583,-0.83602977,-5.6028424e-05,-2.4971996e-07,-2.4971996e-07,-2.4116687e-07,-2.4467616e-07,0.9839803,3.247135,0.09652079398402218
2.0,0.03002120907149222,-0.8326466,-5.819309e-05,-2.4919456e-07,-2.4919456e-07,-2.403509e-07,-2.440717e-07,0.98377824,3.246468,0.09652221347961042
2.0,0.03002165523135804,-0.8290553,-6.062454e-05,-2.4864255e-07,-2.4864255e-07,-2.3949028e-07,-2.434299e-07,0.98357016,3.2457814,0.09652366340162885
2.0,0.03002211741478014,-0.8251275,-6.310352e-05,-2.4799942e-07,-2.4799942e-07,-2.384879e-07,-2.426822e-07,0.98334956,3.2450535,0.09652519740341207
2.0,0.030022616679961058,-0.82062894,-6.5252636e-05,-2.4726947e-07,-2.4726947e-07,-2.3734584e-07,-2.4182532e-07,0.9831052,3.2442472,0.09652691936477438
2.0,0.030023197205223215,-0.81503654,-6.686065e-05,-2.4631916e-07,-2.4631916e-07,-2.3585798e-07,-2.407078e-07,0.9828125,3.2432814,0.09652909040063805
2.0,0.030023978882545453,-0.8068312,-6.8268004e-05,-2.449284e-07,-2.449284e-07,-2.336714e-07,-2.3905605e-07,0.98240274,3.241929,0.09653278257777965
2.0,0.0300255157711475,-0.78809536,-7.0882e-05,-2.4168588e-07,-2.4168588e-07,-2.2855129e-07,-2.3516596e-07,0.98153645,3.2390702,0.09653789416714828
2.0,0.030027194461345053,-0.7627963,-7.405884e-05,-2.3701273e-07,-2.3701273e-07,-2.2116022e-07,-2.2953934e-07,0.98048174,3.2355897,0.09654387649854565
2.0,0.030029287213692368,-0.72205275,-7.710957e-05,-2.2948319e-07,-2.2948319e-07,-2.0919286e-07,-2.2036414e-07,0.97896284,3.2305772,0.09655253553414028
2.0,0.03003267033205846,-0.62461114,-8.120359e-05,-2.1088765e-07,-2.1088765e-07,-1.795686e-07,-1.9758033e-07,0.9758137,3.2201853,0.0965637978315432
2.0,0.030036455399019838,-0.4331123,-8.4509826e-05,-1.6899442e-07,-1.6899442e-07,-1.1318666e-07,-1.469247e-07,0.9706566,3.203167,0.09657551167827777
2.0,0.030040205351386486,-0.15284772,-8.758727e-05,-1.3930033e-07,-1.3930033e-07,-6.276462e-08,-1.05005086e-07,0.96291363,3.177615,0.09658328049304923
2.0,0.030041533439611908,-0.083215974,-8.761507e-05,-2.1195635e-07,-2.1195635e-07,-1.6862572e-07,-1.7611116e-07,0.959499,3.1663465,0.09658746614811918
2.0,0.030042960788136678,-0.031215364,-8.815999e-05,-1.773705e-07,-1.773705e-07,-1.17155295e-07,-1.4154165e-07,0.95558894,3.1534433,0.09659093002284838
2.0,0.03004383242404603,-0.011626498,-8.780291e-05,-2.488137e-07,-2.488137e-07,-2.2169193e-07,-2.138428e-07,0.95311874,3.145292,0.09659310225808888
2.0,0.03004440998992114,-0.003926454,-8.848032e-05,-2.069384e-07,-2.069384e-07,-1.5836386e-07,-1.7286084e-07,0.9514633,3.139829,0.09659449801691253
2.0,0.030044766844526383,-0.0013223615,-8.9687994e-05,-2.795165e-07,-2.795165e-07,-2.6047593e-07,-2.4613627e-07,0.950437,3.1364422,0.09659531202850039
2.0,0.030044956124870157,-0.00062106136,-9.9397424e-05,-2.545946e-07,-2.545946e-07,-2.1101233e-07,-2.2161687e-07,0.94989234,3.1346447,0.09659575915630962
2.0,0.030045067174694164,-0.00040650676,-0.00013578765,-3.822459e-07,-3.822459e-07,-3.661078e-07,-3.4953538e-07,0.9495729,3.1335907,0.09659608829910502
2.0,0.030045177354740715,-0.00035406774,-0.00014197921,-4.4636366e-07,-4.4636366e-07,-4.0452747e-07,-4.1391073e-07,0.94925606,3.1325448,0.09659643204076412
2.0,0.030045298371329694,-0.00033713196,-0.00014603764,-6.448663e-07,-6.448663e-07,-6.295608e-07,-6.1271106e-07,0.94890815,3.131397,0.09659680435995834
2.0,0.03004542795592243,-0.00032935772,-0.00014526915,-7.4564895e-07,-7.4564895e-07,-7.043964e-07,-7.138057e-07,0.94853574,3.130168,0.09659738147974517
2.0,0.0300456871251079,-0.00031671367,-0.00014622006,-1.1106927e-06,-1.1106927e-06,-1.0962507e-06,-1.0794918e-06,0.9477914,3.1277115,0.09659820963985916
2.0,0.03004598668958664,-0.0003039231,-0.00014559992,-1.4073751e-06,-1.4073751e-06,-1.3673515e-06,-1.3769197e-06,0.9469318,3.1248748,0.09659923031873267
2.0,0.0300463769959765,-0.0002861612,-0.00014640806,-1.911433e-06,-1.911433e-06,-1.8985221e-06,-1.8819659e-06,0.9458129,3.1211824,0.09660043689245115
2.0,0.03004680413636362,-0.00026724706,-0.00014680259,-2.3341813e-06,-2.3341813e-06,-2.2959916e-06,-2.3057994e-06,0.9445899,3.1171467,0.09660171697144976
2.0,0.030047246489238413,-0.00024505955,-0.00014901634,-2.8703312e-06,-2.8703312e-06,-2.8593718e-06,-2.843078e-06,0.94332504,3.1129725,0.09660307852854655
2.0,0.030047731455471894,-0.00021726656,-0.00015321863,-3.3238773e-06,-3.3238773e-06,-3.287766e-06,-3.2978508e-06,0.94194025,3.108403,0.0966045313622096
2.0,0.03004823888572567,-0.00017732654,-0.00016304823,-3.887563e-06,-3.887563e-06,-3.8787934e-06,-3.862805e-06,0.94049346,3.1036286,0.09660616140137736
2.0,0.03004884832515662,-0.000112007656,-0.00018627406,-4.3893515e-06,-4.3893515e-06,-4.3556606e-06,-4.3660775e-06,0.93875873,3.097904,0.09660762227916238
2.0,0.030049243552307547,-9.678749e-05,-0.00019740609,-4.718163e-06,-4.718163e-06,-4.711585e-06,-4.6958235e-06,0.9376354,3.094197,0.09660877216645719
2.0,0.03004964101503189,-0.000100617086,-0.00020059079,-4.7977137e-06,-4.7977137e-06,-4.7656745e-06,-4.7762787e-06,0.93650717,3.0904737,0.09660992078871337
2.0,0.03005003727918368,-0.00010304342,-0.00020254754,-4.868032e-06,-4.868032e-06,-4.863002e-06,-4.8474594e-06,0.9353836,3.086766,0.0966110742910875
2.0,0.03005044003021742,-0.00010522256,-0.00020435067,-4.76139e-06,-4.76139e-06,-4.7308467e-06,-4.741647e-06,0.9342431,3.083002,0.09661236176819377
2.0,0.030050931275657857,-0.00010644868,-0.00020520284,-4.7160843e-06,-4.7160843e-06,-4.7126155e-06,-4.69729e-06,0.9328538,3.0784178,0.0966139504495227
2.0,0.030051546464491263,-0.000108135755,-0.00020645608,-4.515162e-06,-4.515162e-06,-4.4864278e-06,-4.497463e-06,0.931117,3.072686,0.0966162410383416
2.0,0.030052532509295685,-0.000109304965,-0.00020696495,-4.338085e-06,-4.338085e-06,-4.3369596e-06,-4.3219497e-06,0.92833984,3.0635214,0.09661921845791208
2.0,0.030053640297962467,-0.000110861845,-0.00020776379,-4.0377668e-06,-4.0377668e-06,-4.0117566e-06,-4.0231503e-06,0.92522967,3.053258,0.09662244220004283
2.0,0.030054814833078567,-0.000111396585,-0.0002074851,-3.8559947e-06,-3.8559947e-06,-3.8574285e-06,-3.8427615e-06,0.9219435,3.0424135,0.09662630516339435
2.0,0.03005639470452063,-0.000112574584,-0.00020751932,-3.512599e-06,-3.512599e-06,-3.4891993e-06,-3.5009368e-06,0.9175416,3.0278873,0.0966321398783138
2.0,0.030059015170035792,-0.00011286207,-0.00020580427,-3.1567627e-06,-3.1567627e-06,-3.1613934e-06,-3.147153e-06,0.9102868,3.0039463,0.09663975911154653
2.0,0.03006196747099385,-0.000113341936,-0.00020375446,-2.7162569e-06,-2.7162569e-06,-2.6961984e-06,-2.7083786e-06,0.90218186,2.9772,0.0966474336457717
2.0,0.030064729692298932,-0.000112654656,-0.0002003527,-2.4700635e-06,-2.4700635e-06,-2.477311e-06,-2.4634198e-06,0.89466417,2.9523916,0.09665502418912085
2.0,0.03006771483715643,-0.00011247113,-0.0001970313,-2.137979e-06,-2.137979e-06,-2.119936e-06,-2.1323833e-06,0.88661015,2.9258137,0.09666286272075242
2.0,0.030070773147984075,-0.000111379835,-0.00019269307,-1.9530996e-06,-1.9530996e-06,-1.9620181e-06,-1.948351e-06,0.87843394,2.898832,0.09666905149374903
2.0,0.030072575577041332,-0.00011128901,-0.00019056647,-1.7726411e-06,-1.7726411e-06,-1.7557173e-06,-1.7683124e-06,0.87365067,2.883047,0.09667261598960313
2.0,0.030073603487751552,-7.159048e-05,-0.00034542542,-1.6131454e-06,-1.6131454e-06,-1.6227494e-06,-1.6090364e-06,0.87093467,2.8740842,0.09667462488533159
2.0,0.030074180677941053,0.0002020633,-0.0019242534,-3.3828636e-07,-3.3828636e-07,-3.240305e-07,-3.343492e-07,0.86941487,2.869069,0.09667593062593124
2.0,0.030074650420658135,9.0651985e-05,-0.0012657987,9.804073e-07,9.804073e-07,9.743482e-07,9.842952e-07,0.86818,2.8649938,0.09667691646427716
2.0,0.03007497336589748,0.00017993186,-0.0017088879,1.800661e-06,1.800661e-06,1.8123543e-06,1.804493e-06,0.8673321,2.862196,0.09667768197485922
2.0,0.030075267152580566,0.0001251999,-0.0015779572,2.5693303e-06,2.5693303e-06,2.564679e-06,2.5731324e-06,0.8665615,2.859653,0.0966783931857624
2.0,0.03007554737093706,0.00016790535,-0.0016774046,3.3172423e-06,3.3172423e-06,3.328374e-06,3.3210174e-06,0.86582714,2.8572297,0.09667901996097591
2.0,0.03007577386957774,9.042738e-05,-0.0020481776,3.7708724e-06,3.7708724e-06,3.7641596e-06,3.7745904e-06,0.8652343,2.8552735,0.09667936819024059
2.0,0.03007582928309078,-8.053788e-06,-0.002396539,3.8089945e-06,3.8089945e-06,3.8129733e-06,3.8126498e-06,0.86508954,2.8547955,0.09667947827960362
2.0,0.030075863023265325,4.1257936e-05,-0.0030418625,3.7554935e-06,3.7554935e-06,3.7386646e-06,3.7591242e-06,0.86500156,2.854505,0.09667953417629087
2.0,0.030075874559124038,1.7593306e-05,-0.0032378656,3.7948273e-06,3.7948273e-06,3.7964815e-06,3.7984205e-06,0.86497146,2.8544059,0.09667956012730479
2.0,0.0300758840449165,2.309027e-05,-0.0034237758,3.7567443e-06,3.7567443e-06,3.7406019e-06,3.7603486e-06,0.8649468,2.8543243,0.09667958273780428
2.0,0.030075892875832663,2.1793025e-05,-0.0035980071,3.7890375e-06,3.7890375e-06,3.7893376e-06,3.7925956e-06,0.8649238,2.8542483,0.09667960513921184
2.0,0.030075902193207726,2.2109803e-05,-0.0037870232,3.7541124e-06,3.7541124e-06,3.7378118e-06,3.7576976e-06,0.8648995,2.8541684,0.09667963764529752
2.0,0.030075919211809736,2.1575499e-05,-0.004147748,3.78269e-06,3.78269e-06,3.7816792e-06,3.7862003e-06,0.86485523,2.8540223,0.09667970065623098
2.0,0.030075953249013757,2.156146e-05,-0.0049237413,3.7433374e-06,3.7433374e-06,3.725321e-06,3.74684e-06,0.8647667,2.8537302,0.09667982665230404
2.0,0.030076021323421798,2.0824893e-05,-0.0067006205,3.7594161e-06,3.7594161e-06,3.7545158e-06,3.762733e-06,0.86459005,2.8531473,0.09668007854151821
2.0,0.030076157472237883,2.074231e-05,-0.011136044,3.695601e-06,3.695601e-06,3.6700328e-06,3.698642e-06,0.8642384,2.8519864,0.09668050659285102
2.0,0.0300763686554698,2.0290714e-05,-0.020296015,3.6760584e-06,3.6760584e-06,3.6582776e-06,3.6783738e-06,0.86369824,2.850204,0.09668117382498337
2.0,0.030076699559208834,2.063782e-05,-0.04001866,3.564406e-06,3.564406e-06,3.5189603e-06,3.5653488e-06,0.86286867,2.8474667,0.09668217028122218
2.0,0.0300771797750381,2.0672107e-05,-0.07963352,3.4812579e-06,3.4812579e-06,3.434223e-06,3.4793281e-06,0.8617127,2.843652,0.09668334618540793
2.0,0.0300776593199565,2.142651e-05,-0.13115607,3.3386395e-06,3.3386395e-06,3.259665e-06,3.3331623e-06,0.86062986,2.8400784,0.09668468106242616
2.0,0.030078272031210343,2.1888996e-05,-0.21254182,3.2320465e-06,3.2320465e-06,3.1484326e-06,3.2209346e-06,0.8593765,2.8359425,0.09668610278962382
2.0,0.030078826036529088,2.2972692e-05,-0.29932526,3.0815152e-06,3.0815152e-06,2.9656594e-06,3.0646281e-06,0.8583902,2.8326876,0.09668774114270307
2.0,0.03007961960971669,2.3987297e-05,-0.44200388,2.9477624e-06,2.9477624e-06,2.8245483e-06,2.9214739e-06,0.8572614,2.8289626,0.09668977867112682
2.0,0.030080506361192992,2.5891059e-05,-0.6219445,2.7443014e-06,2.7443014e-06,2.5837667e-06,2.7066578e-06,0.8564422,2.8262594,0.09669253243309794
2.0,0.030081894949679732,2.8378714e-05,-0.93415767,2.5220936e-06,2.5220936e-06,2.3468722e-06,2.4655353e-06,0.85620606,2.82548,0.09669638769478768
2.0,0.030083693590688847,3.2431137e-05,-1.368025,2.1993833e-06,2.1993833e-06,1.981373e-06,2.1186208e-06,0.8579376,2.831194,0.0967020198152495
2.0,0.03008653237157006,3.7998292e-05,-2.0581024,1.8270908e-06,1.8270908e-06,1.5975015e-06,1.7127938e-06,0.86546516,2.8560348,0.09670885866108728
2.0,0.030089227088180334,4.3235163e-05,-2.6644335,1.4828198e-06,1.4828198e-06,1.234129e-06,1.3455507e-06,0.87780637,2.896761,0.09671532830168696
2.0,0.030091620976934207,4.6747933e-05,-3.1399863,1.2649581e-06,1.2649581e-06,1.0331381e-06,1.1150682e-06,0.8925753,2.9454987,0.09672196913597236
2.0,0.030094278920720793,4.8318656e-05,-3.4279702,1.1592937e-06,1.1592937e-06,1.0044935e-06,1.0143748e-06,0.9118377,3.0090644,0.09673017088420262
2.0,0.030097599410199405,4.3755233e-05,-3.1755588,1.1863443e-06,1.1863443e-06,1.2056804e-06,1.0876279e-06,0.9356783,3.0877383,0.09673843535405799
2.0,0.030100000000000002,3.9686358e-05,-2.7677555,9.830228e-07,9.830228e-07,1.0138289e-06,9.275922e-07,0.9503055,3.1360083,0.09674201243354999
2.0,0.030100000001,3.9849936e-05,-2.7677555,9.840735e-07,9.840735e-07,1.015847e-06,9.284405e-07,0.9503055,3.1360083,0.0967420124588814
2.0,0.030100000017,4.0590017e-05,-2.7677536,9.994654e-07,9.994654e-07,1.0386876e-06,9.434383e-07,0.95030564,3.1360087,0.0967420125304054
2.0,0.030100000049,3.9347997e-05,-2.7677467,1.0145715e-06,1.0145715e-06,1.0609559e-06,9.591427e-07,0.9503058,3.1360092,0.09674201264419086
2.0,0.030100000093361775,3.9600294e-05,-2.7677388,1.0239869e-06,1.0239869e-06,1.0742198e-06,9.683409e-07,0.95030606,3.13601,0.09674201284249925
2.0,0.030100000182085328,3.937988e-05,-2.7677224,1.0242222e-06,1.0242222e-06,1.0749964e-06,9.689634e-07,0.95030653,3.1360116,0.09674201323911648
2.0,0.030100000359532433,3.9456656e-05,-2.76769,1.0294336e-06,1.0294336e-06,1.0823043e-06,9.738295e-07,0.9503075,3.136015,0.09674201403235258
2.0,0.030100000714426645,3.9372706e-05,-2.7676246,1.027023e-06,1.027023e-06,1.0791584e-06,9.718058e-07,0.95030946,3.1360211,0.09674201561883113
2.0,0.030100001424215067,3.9446033e-05,-2.7674947,1.029501e-06,1.029501e-06,1.0824614e-06,9.739192e-07,0.9503133,3.136034,0.0967420187918141
2.0,0.030100002843791912,3.9375835e-05,-2.7672343,1.0264038e-06,1.0264038e-06,1.078334e-06,9.712223e-07,0.950321,3.1360593,0.0967420251378826
2.0,0.030100005682945602,3.9437513e-05,-2.7667136,1.0289468e-06,1.0289468e-06,1.081828e-06,9.734385e-07,0.9503365,3.1361103,0.09674203783043288
2.0,0.030100011361252982,3.936249e-05,-2.7656717,1.0258562e-06,1.0258562e-06,1.07789e-06,9.708251e-07,0.9503674,3.1362126,0.09674206321718642
2.0,0.030100022717867738,3.9406186e-05,-2.763588,1.0280892e-06,1.0280892e-06,1.0812914e-06,9.728822e-07,0.9504292,3.1364162,0.09674211399729335
2.0,0.03010004543109725,3.9298135e-05,-2.7594187,1.0240971e-06,1.0240971e-06,1.0767504e-06,9.696682e-07,0.9505525,3.1368234,0.09674221558387407
2.0,0.030100090857556275,3.9272214e-05,-2.751075,1.02451e-06,1.02451e-06,1.0789184e-06,9.705057e-07,0.9507983,3.1376343,0.09674241886209689
2.0,0.03010018171047433,3.902739e-05,-2.734372,1.0168746e-06,1.0168746e-06,1.0718923e-06,9.648442e-07,0.95128626,3.1392446,0.0967428258359613
2.0,0.030100363416310436,3.8730665e-05,-2.7009234,1.0099166e-06,1.0099166e-06,1.0689133e-06,9.606796e-07,0.952248,3.1424184,0.09674364143029617
2.0,0.03010072682798265,3.7949296e-05,-2.6340072,9.870786e-07,9.870786e-07,1.0507e-06,9.4445363e-07,0.9541147,3.1485784,0.09674527902044819
2.0,0.030101453651327072,3.660408e-05,-2.501181,9.481485e-07,9.481485e-07,1.0221567e-06,9.1712803e-07,0.9576225,3.1601543,0.09674857832792672
2.0,0.030102907298015923,3.3878565e-05,-2.246423,8.571808e-07,8.571808e-07,9.430027e-07,8.481545e-07,0.9637669,3.1804307,0.0967552618908335
2.0,0.03010581459139362,2.9475448e-05,-1.8120768,6.7851806e-07,6.7851806e-07,7.729408e-07,7.017281e-07,0.9729762,3.2108214,0.0967655742717402
2.0,0.03010950922294427,2.5522275e-05,-1.4347806,4.5957404e-07,4.5957404e-07,5.4211097e-07,5.0496544e-07,0.98009914,3.234327,0.09677741067154401
2.0,0.03011328244289368,2.319956e-05,-1.2191547,2.895106e-07,2.895106e-07,3.588583e-07,3.4037964e-07,0.9839735,3.2471125,0.0967901883464538
2.0,0.030117507585614454,2.1579042e-05,-1.1001194,1.385795e-07,1.385795e-07,1.9086463e-07,1.8633135e-07,0.98616856,3.2543561,0.09680368152145487
2.0,0.030121691124780657,2.066523e-05,-1.047969,3.753719e-08,3.753719e-08,7.940068e-08,7.752858e-08,0.9872564,3.257946,0.09681896220440307
2.0,0.03012700923325043,1.9692634e-05,-1.0198509,-6.150212e-08,-6.150212e-08,-3.2888206e-08,-3.09017e-08,0.98798966,3.2603657,0.09683798150330652
2.0,0.030133499925177727,1.881755e-05,-1.006892,-1.3304111e-07,-1.3304111e-07,-1.1267896e-07,-1.12576245e-07,0.9884753,3.2619686,0.09686125667028525
2.0,0.030141446241022683,1.7703576e-05,-1.0002702,-1.9304596e-07,-1.9304596e-07,-1.8214728e-07,-1.804088e-07,0.9888271,3.2631295,0.09688948969119009
2.0,0.030150999708127933,1.6562642e-05,-0.996225,-2.2482513e-07,-2.2482513e-07,-2.1775362e-07,-2.183792e-07,0.9890881,3.2639909,0.09692105264830088
2.0,0.030160999708127932,1.5316367e-05,-0.9938482,-2.474818e-07,-2.474818e-07,-2.450927e-07,-2.4389544e-07,0.9892582,3.264552,0.0969533474986503
2.0,0.03017099970812793,1.4258831e-05,-0.9924248,-2.5195823e-07,-2.5195823e-07,-2.4948514e-07,-2.5039853e-07,0.9893671,3.2649117,0.09698564946102593
2.0,0.03018099970812793,1.3150802e-05,-0.9915185,-2.6035502e-07,-2.6035502e-07,-2.6032362e-07,-2.5926875e-07,0.98943824,3.265146,0.09701795606302713
2.0,0.03019099970812793,1.2228001e-05,-0.9909639,-2.5809115e-07,-2.5809115e-07,-2.5683786e-07,-2.5780838e-07,0.9894854,3.2653017,0.09705026574539635
2.0,0.03020099970812793,1.124929e-05,-0.9905831,-2.6325978e-07,-2.6325978e-07,-2.6385075e-07,-2.6282672e-07,0.9895173,3.2654068,0.09708257750915977
2.0,0.03021099970812793,1.04493565e-05,-0.9903316,-2.5948103e-07,-2.5948103e-07,-2.5855152e-07,-2.5953335e-07,0.98953885,3.2654781,0.09711489068436119
2.0,0.030220999708127933,9.587409e-06,-0.9901613,-2.6392692e-07,-2.6392692e-07,-2.646878e-07,-2.6366817e-07,0.9895535,3.2655268,0.0971472048180053
2.0,0.030230999708127933,8.899223e-06,-0.9900458,-2.5980407e-07,-2.5980407e-07,-2.5896526e-07,-2.5994822e-07,0.9895636,3.26556,0.09717951960968468
2.0,0.030240999708127932,8.14814e-06,-0.9899667,-2.6408506e-07,-2.6408506e-07,-2.6489533e-07,-2.6387562e-07,0.9895705,3.2655826,0.09721183485197518
2.0,0.030250999708127932,7.56776e-06,-0.98991257,-2.598826e-07,-2.598826e-07,-2.590713e-07,-2.6005378e-07,0.9895752,3.2655983,0.09724415040420983
2.0,0.03026099970812793,6.791686e-06,-0.9898751,-2.641248e-07,-2.641248e-07,-2.649508e-07,-2.6393053e-07,0.9895784,3.2656088,0.09726968656928227
2.0,0.030266803863959045,6.2384956e-06,-0.98985904,-2.5990073e-07,-2.5990073e-07,-2.5909742e-07,-2.6007953e-07,0.9895798,3.2656133,0.09728309119200976
2.0,0.03026929571310414,6.0197067e-06,-0.9898531,-2.6413093e-07,-2.6413093e-07,-2.6495988e-07,-2.6393946e-07,0.98958033,3.265615,0.09729108140303001
2.0,0.03027174893128887,5.7969687e-06,-0.98984784,-2.5990366e-07,-2.5990366e-07,-2.591018e-07,-2.600838e-07,0.98958075,3.2656167,0.09729963835419293
2.0,0.030274591525561043,5.574899e-06,-0.9898422,-2.6413358e-07,-2.6413358e-07,-2.6496386e-07,-2.6394335e-07,0.9895813,3.2656183,0.09730841377805591
2.0,0.03027717994872979,5.366269e-06,-0.9898376,-2.599061e-07,-2.599061e-07,-2.591055e-07,-2.6008738e-07,0.98958164,3.2656195,0.09731678817419347
2.0,0.030279774347340988,5.185961e-06,-0.9898333,-2.641355e-07,-2.641355e-07,-2.6496681e-07,-2.6394625e-07,0.989582,3.2656207,0.09732517217126462
2.0,0.030282368708593944,4.99173e-06,-0.98982954,-2.599079e-07,-2.599079e-07,-2.5910825e-07,-2.6009002e-07,0.98958236,3.2656217,0.09733402211831627
2.0,0.030285251475084336,4.8048237e-06,-0.9898256,-2.6413704e-07,-2.6413704e-07,-2.6496917e-07,-2.6394858e-07,0.98958266,3.2656229,0.09734457312854329
2.0,0.03028889859943535,4.55019e-06,-0.9898213,-2.5990957e-07,-2.5990957e-07,-2.591108e-07,-2.600925e-07,0.989583,3.265624,0.09735779491246666
2.0,0.03029343426958111,4.2680012e-06,-0.9898166,-2.641387e-07,-2.641387e-07,-2.6497176e-07,-2.6395108e-07,0.98958343,3.2656255,0.09737487531503375
2.0,0.030299469434747813,3.8767193e-06,-0.9898115,-2.5991133e-07,-2.5991133e-07,-2.5911362e-07,-2.6009516e-07,0.98958385,3.265627,0.09739882370318285
2.0,0.030308255597240402,3.3563954e-06,-0.98980576,-2.6414048e-07,-2.6414048e-07,-2.6497463e-07,-2.6395384e-07,0.9895843,3.2656283,0.09742917852158053
2.0,0.030318255597240402,2.767219e-06,-0.98980117,-2.59913e-07,-2.59913e-07,-2.5911626e-07,-2.6009772e-07,0.98958474,3.2656295,0.0974614946937035
2.0,0.0303282555972404,2.2406518e-06,-0.989798,-2.6414168e-07,-2.6414168e-07,-2.6497653e-07,-2.6395566e-07,0.989585,3.2656305,0.09749381088251574
2.0,0.0303382555972404,1.7401495e-06,-0.9897959,-2.5991386e-07,-2.5991386e-07,-2.591176e-07,-2.60099e-07,0.98958516,3.265631,0.09752612708086474
2.0,0.0303482555972404,1.3274565e-06,-0.9897945,-2.6414224e-07,-2.6414224e-07,-2.6497742e-07,-2.639565e-07,0.9895853,3.2656314,0.09755844328875048
2.0,0.0303582555972404,9.601488e-07,-0.9897936,-2.5991426e-07,-2.5991426e-07,-2.5911825e-07,-2.600996e-07,0.9895854,3.2656317,0.09759075950378877
2.0,0.0303682555972404,6.8883816e-07,-0.9897929,-2.641425e-07,-2.641425e-07,-2.649778e-07,-2.639569e-07,0.98958546,3.265632,0.09762307572121126
2.0,0.0303782555972404,4.5690595e-07,-0.9897925,-2.599145e-07,-2.599145e-07,-2.5911856e-07,-2.600999e-07,0.9895855,3.2656322,0.09765539194340213
2.0,0.030388255597240402,3.0566866e-07,-0.9897922,-2.641426e-07,-2.641426e-07,-2.6497798e-07,-2.6395708e-07,0.9895855,3.2656322,0.097687708165593
2.0,0.030398255597240402,1.726866e-07,-0.98979205,-2.5991457e-07,-2.5991457e-07,-2.5911874e-07,-2.6010005e-07,0.9895855,3.2656322,0.09772002438778385
2.0,0.0304082555972404,9.954106e-08,-0.98979187,-2.6414264e-07,-2.6414264e-07,-2.6497804e-07,-2.6395713e-07,0.9895856,3.2656322,0.09775234061235889
2.0,0.0304182555972404,2.5231751e-08,-0.98979187,-2.5991463e-07,-2.5991463e-07,-2.5911882e-07,-2.601001e-07,0.9895856,3.2656324,0.09778465683931813
2.0,0.0304282555972404,-4.4647255e-09,-0.98979175,-2.6414264e-07,-2.6414264e-07,-2.6497804e-07,-2.6395716e-07,0.9895856,3.2656324,0.09781697306627736
2.0,0.0304382555972404,-4.7828333e-08,-0.98979175,-2.5991466e-07,-2.5991466e-07,-2.5911888e-07,-2.6010017e-07,0.9895856,3.2656324,0.0978492892932366
2.0,0.0304482555972404,-5.5236026e-08,-0.9897917,-2.6414264e-07,-2.6414264e-07,-2.6497804e-07,-2.6395716e-07,0.9895856,3.2656324,0.09788160552019583
2.0,0.0304582555972404,-8.326142e-08,-0.9897917,-2.5991469e-07,-2.5991469e-07,-2.591189e-07,-2.601002e-07,0.9895856,3.2656324,0.09791392174715506
2.0,0.030468255597240403,-7.9635086e-08,-0.98979163,-2.6414264e-07,-2.6414264e-07,-2.64978e-07,-2.6395713e-07,0.9895856,3.2656324,0.0979462379741143
2.0,0.030478255597240402,-1.0031559e-07,-0.9897917,-2.599147e-07,-2.599147e-07,-2.5911893e-07,-2.6010022e-07,0.9895856,3.2656324,0.09797855420107353
2.0,0.030488255597240402,-9.128578e-08,-0.98979163,-2.641426e-07,-2.641426e-07,-2.64978e-07,-2.6395713e-07,0.9895856,3.2656324,0.09801087042803276
2.0,0.0304982555972404,-1.0854311e-07,-0.9897917,-2.5991474e-07,-2.5991474e-07,-2.59119e-07,-2.6010025e-07,0.9895856,3.2656324,0.098043186654992
2.0,0.0305082555972404,-9.683796e-08,-0.98979163,-2.641426e-07,-2.641426e-07,-2.6497798e-07,-2.6395713e-07,0.9895856,3.2656324,0.09807550288195123
2.0,0.0305182555972404,-1.1255467e-07,-0.98979163,-2.5991477e-07,-2.5991477e-07,-2.5911902e-07,-2.6010028e-07,0.9895856,3.2656324,0.09810781910891046
2.0,0.0305282555972404,-9.94801e-08,-0.98979163,-2.6414259e-07,-2.6414259e-07,-2.6497796e-07,-2.639571e-07,0.9895856,3.2656324,0.0981401353358697
2.0,0.0305382555972404,-1.1455176e-07,-0.98979163,-2.599148e-07,-2.599148e-07,-2.5911905e-07,-2.601003e-07,0.9895856,3.2656324,0.09817245156282893
2.0,0.0305482555972404,-1.0073093e-07,-0.98979163,-2.6414259e-07,-2.6414259e-07,-2.6497793e-07,-2.639571e-07,0.9895856,3.2656324,0.09820476778978816
2.0,0.030558255597240402,-1.1558187e-07,-0.98979163,-2.5991483e-07,-2.5991483e-07,-2.5911908e-07,-2.6010034e-07,0.9895856,3.2656324,0.0982370840167474
2.0,0.030568255597240402,-1.0131303e-07,-0.98979163,-2.6414256e-07,-2.6414256e-07,-2.649779e-07,-2.6395708e-07,0.9895856,3.2656324,0.09826940024370663
2.0,0.0305782555972404,-1.16143774e-07,-0.98979163,-2.5991486e-07,-2.5991486e-07,-2.5911913e-07,-2.6010036e-07,0.9895856,3.2656324,0.09830171647066586
2.0,0.0305882555972404,-1.0157094e-07,-0.98979163,-2.6414256e-07,-2.6414256e-07,-2.649779e-07,-2.6395708e-07,0.9895856,3.2656324,0.0983340326976251
2.0,0.0305982555972404,-1.1647583e-07,-0.98979163,-2.5991488e-07,-2.5991488e-07,-2.5911916e-07,-2.601004e-07,0.9895856,3.2656324,0.09836634892458433
2.0,0.0306082555972404,-1.01669805e-07,-0.98979163,-2.6414253e-07,-2.6414253e-07,-2.6497787e-07,-2.6395705e-07,0.9895856,3.2656324,0.09839866515154357
2.0,0.0306182555972404,-1.1669272e-07,-0.98979163,-2.599149e-07,-2.599149e-07,-2.591192e-07,-2.6010042e-07,0.9895856,3.2656324,0.0984309813785028
2.0,0.0306282555972404,-1.01689416e-07,-0.98979163,-2.6414253e-07,-2.6414253e-07,-2.6497784e-07,-2.6395702e-07,0.9895856,3.2656324,0.09846329760546203
2.0,0.030638255597240403,-1.1685015e-07,-0.98979163,-2.5991494e-07,-2.5991494e-07,-2.5911925e-07,-2.6010045e-07,0.9895856,3.2656324,0.09849561383242127
2.0,0.030648255597240402,-1.01668775e-07,-0.98979163,-2.641425e-07,-2.641425e-07,-2.649778e-07,-2.6395702e-07,0.9895856,3.2656324,0.0985279300593805
2.0,0.030658255597240402,-1.1697559e-07,-0.98979163,-2.5991497e-07,-2.5991497e-07,-2.5911928e-07,-2.6010048e-07,0.9895856,3.2656324,0.09856024628633973
2.0,0.0306682555972404,-1.0162726e-07,-0.98979163,-2.641425e-07,-2.641425e-07,-2.6497779e-07,-2.63957e-07,0.9895856,3.2656324,0.09859256251329897
2.0,0.0306782555972404,-1.1708284e-07,-0.98979163,-2.59915e-07,-2.59915e-07,-2.591193e-07,-2.601005e-07,0.9895856,3.2656324,0.0986248787402582
2.0,0.0306882555972404,-1.0157472e-07,-0.98979163,-2.6414247e-07,-2.6414247e-07,-2.6497776e-07,-2.63957e-07,0.9895856,3.2656324,0.09865719496721743
2.0,0.0306982555972404,-1.1717902e-07,-0.98979163,-2.5991503e-07,-2.5991503e-07,-2.5911933e-07,-2.6010053e-07,0.9895856,3.2656324,0.09868951119417667
2.0,0.0307082555972404,-1.0151631e-07,-0.98979163,-2.6414244e-07,-2.6414244e-07,-2.6497773e-07,-2.6395696e-07,0.9895856,3.2656324,0.0987218274211359
2.0,0.0307182555972404,-1.1726792e-07,-0.98979163,-2.5991503e-07,-2.5991503e-07,-2.591194e-07,-2.6010056e-07,0.9895856,3.2656324,0.09875414364809514
2.0,0.030728255597240402,-1.01454816e-07,-0.98979163,-2.6414244e-07,-2.6414244e-07,-2.649777e-07,-2.6395696e-07,0.9895856,3.2656324,0.09878645987505437
2.0,0.030738255597240402,-1.17351675e-07,-0.98979163,-2.5991505e-07,-2.5991505e-07,-2.5911942e-07,-2.6010056e-07,0.9895856,3.2656324,0.0988187761020136
2.0,0.0307482555972404,-1.0139183e-07,-0.98979163,-2.6414241e-07,-2.6414241e-07,-2.6497767e-07,-2.6395693e-07,0.9895856,3.2656324,0.09885109232897284
2.0,0.0307582555972404,-1.17431505e-07,-0.98979163,-2.5991508e-07,-2.5991508e-07,-2.5911945e-07,-2.601006e-07,0.9895856,3.2656324,0.09888340855593207
2.0,0.0307682555972404,-1.01328276e-07,-0.98979163,-2.6414241e-07,-2.6414241e-07,-2.6497764e-07,-2.639569e-07,0.9895856,3.2656324,0.0989157247828913
2.0,0.0307782555972404,-1.1750817e-07,-0.98979163,-2.599151e-07,-2.599151e-07,-2.5911947e-07,-2.6010062e-07,0.9895856,3.2656324,0.09894804100985054
2.0,0.0307882555972404,-1.0126473e-07,-0.98979163,-2.641424e-07,-2.641424e-07,-2.6497761e-07,-2.639569e-07,0.9895856,3.2656324,0.09898035723680977
2.0,0.0307982555972404,-1.1758217e-07,-0.98979163,-2.5991514e-07,-2.5991514e-07,-2.5911953e-07,-2.6010065e-07,0.9895856,3.2656324,0.099012673463769
2.0,0.030808255597240403,-1.0120158e-07,-0.98979163,-2.6414236e-07,-2.6414236e-07,-2.649776e-07,-2.6395688e-07,0.9895856,3.2656324,0.09904498969072824
2.0,0.030818255597240402,-1.17653826e-07,-0.98979163,-2.5991517e-07,-2.5991517e-07,-2.5911956e-07,-2.6010068e-07,0.9895856,3.2656324,0.09907730591768747
2.0,0.030828255597240402,-1.0113906e-07,-0.98979163,-2.6414236e-07,-2.6414236e-07,-2.6497756e-07,-2.6395685e-07,0.9895856,3.2656324,0.0991096221446467
2.0,0.0308382555972404,-1.1772337e-07,-0.98979163,-2.599152e-07,-2.599152e-07,-2.591196e-07,-2.601007e-07,0.9895856,3.2656324,0.09914193837160594
2.0,0.0308482555972404,-1.01077354e-07,-0.98979163,-2.6414233e-07,-2.6414233e-07,-2.6497753e-07,-2.6395685e-07,0.9895856,3.2656324,0.09917425459856517
2.0,0.0308582555972404,-1.17790975e-07,-0.98979163,-2.5991523e-07,-2.5991523e-07,-2.5911964e-07,-2.6010073e-07,0.9895856,3.2656324,0.0992065708255244
2.0,0.0308682555972404,-1.01016575e-07,-0.98979163,-2.641423e-07,-2.641423e-07,-2.649775e-07,-2.6395682e-07,0.9895856,3.2656324,0.09923888705248364
2.0,0.0308782555972404,-1.1785677e-07,-0.98979163,-2.5991525e-07,-2.5991525e-07,-2.5911967e-07,-2.6010076e-07,0.9895856,3.2656324,0.09927120327944287
2.0,0.0308882555972404,-1.0095682e-07,-0.98979163,-2.641423e-07,-2.641423e-07,-2.6497747e-07,-2.639568e-07,0.9895856,3.2656324,0.09930351950640211
2.0,0.030898255597240402,-1.17920855e-07,-0.98979163,-2.5991528e-07,-2.5991528e-07,-2.591197e-07,-2.601008e-07,0.9895856,3.2656324,0.09933583573336134
2.0,0.030908255597240402,-1.00898134e-07,-0.98979163,-2.6414227e-07,-2.6414227e-07,-2.6497744e-07,-2.639568e-07,0.9895856,3.2656324,0.09936815196032057
2.0,0.0309182555972404,-1.179833e-07,-0.98979163,-2.599153e-07,-2.599153e-07,-2.5911973e-07,-2.6010082e-07,0.9895856,3.2656324,0.09940046818727981
2.0,0.0309282555972404,-1.0084057e-07,-0.98979163,-2.6414224e-07,-2.6414224e-07,-2.6497742e-07,-2.6395676e-07,0.9895856,3.2656324,0.09943278441423904
2.0,0.0309382555972404,-1.1804418e-07,-0.98979163,-2.5991534e-07,-2.5991534e-07,-2.591198e-07,-2.6010085e-07,0.9895856,3.2656324,0.09946510064119828
2.0,0.0309482555972404,-1.0078417e-07,-0.98979163,-2.6414224e-07,-2.6414224e-07,-2.649774e-07,-2.6395674e-07,0.9895856,3.2656324,0.09949741686815751
2.0,0.0309582555972404,-1.1810353e-07,-0.98979163,-2.5991537e-07,-2.5991537e-07,-2.5911982e-07,-2.6010088e-07,0.9895856,3.2656324,0.09952973309511674
2.0,0.0309682555972404,-1.0072894e-07,-0.98979163,-2.6414222e-07,-2.6414222e-07,-2.6497736e-07,-2.6395674e-07,0.9895856,3.2656324,0.09956204932207598
2.0,0.030978255597240403,-1.18161395e-07,-0.98979163,-2.599154e-07,-2.599154e-07,-2.5911984e-07,-2.601009e-07,0.9895856,3.2656324,0.09959436554903521
2.0,0.030988255597240402,-1.006749e-07,-0.98979163,-2.641422e-07,-2.641422e-07,-2.6497733e-07,-2.639567e-07,0.9895856,3.2656324,0.09962668177599444
2.0,0.030998255597240402,-1.1821783e-07,-0.98979163,-2.5991542e-07,-2.5991542e-07,-2.591199e-07,-2.6010093e-07,0.9895856,3.2656324,0.09964565851686424
2.0,0.031000000001000002,-1.0049818e-07,-0.98979163,-2.641421e-07,-2.641421e-07,-2.6497722e-07,-2.6395662e-07,0.9895856,3.2656324,0.09964847714587025
2.0,0.031000000002,-8.734427e-08,-0.98979163,-2.6340714e-07,-2.6340714e-07,-2.638911e-07,-2.6340157e-07,0.9895856,3.2656324,0.09964847717333904
2.0,0.031000000018,-1.9934273e-08,-0.9897917,-2.6172688e-07,-2.6172688e-07,-2.6175718e-07,-2.6177784e-07,0.9895856,3.2656324,0.09964847725089798
2.0,0.03100000005,3.7717072e-08,-0.98979175,-2.6243973e-07,-2.6243973e-07,-2.6248733e-07,-2.6240167e-07,0.9895856,3.2656324,0.09964847740601587
2.0,0.031000000114,-1.719008e-08,-0.9897917,-2.6185015e-07,-2.6185015e-07,-2.6195707e-07,-2.6188442e-07,0.9895856,3.2656324,0.09964847771625165
2.0,0.031000000242,1.7150752e-08,-0.98979175,-2.622823e-07,-2.622823e-07,-2.6224896e-07,-2.6225132e-07,0.9895856,3.2656324,0.0996484783367232
2.0,0.031000000498,-6.8473604e-08,-0.98979163,-2.6182815e-07,-2.6182815e-07,-2.619267e-07,-2.6185774e-07,0.9895856,3.2656324,0.09964847957766632
2.0,0.03100000101,-5.4622987e-08,-0.9897917,-2.6223708e-07,-2.6223708e-07,-2.6218117e-07,-2.6220786e-07,0.9895856,3.2656324,0.09964848205955255
2.0,0.031000002034,-1.3940708e-07,-0.9897916,-2.6182383e-07,-2.6182383e-07,-2.6192095e-07,-2.6185256e-07,0.9895856,3.2656324,0.09964848702332502
2.0,0.031000004081999998,-9.6017736e-08,-0.98979163,-2.6222918e-07,-2.6222918e-07,-2.621694e-07,-2.6220056e-07,0.9895856,3.2656324,0.09964849695086993
2.0,0.031000008177999996,-1.4322842e-07,-0.9897916,-2.618284e-07,-2.618284e-07,-2.6192785e-07,-2.6185697e-07,0.9895856,3.2656324,0.09964851680595976
2.0,0.03100001636999999,-8.729326e-08,-0.98979163,-2.622292e-07,-2.622292e-07,-2.6216938e-07,-2.622007e-07,0.9895856,3.2656324,0.09964855651613942
2.0,0.03100003275399998,-1.359324e-07,-0.98979163,-2.6182855e-07,-2.6182855e-07,-2.6192808e-07,-2.6185705e-07,0.9895856,3.2656324,0.09964863593649875
2.0,0.03100006552199996,-8.3373735e-08,-0.98979163,-2.6222895e-07,-2.6222895e-07,-2.6216898e-07,-2.622005e-07,0.9895856,3.2656324,0.0996487947772174
2.0,0.03100013105799992,-1.354465e-07,-0.98979163,-2.6182866e-07,-2.6182866e-07,-2.6192822e-07,-2.6185714e-07,0.9895856,3.2656324,0.09964911245865471
2.0,0.03100026212999984,-8.343052e-08,-0.98979163,-2.6222892e-07,-2.6222892e-07,-2.6216895e-07,-2.6220047e-07,0.9895856,3.2656324,0.09964974782152933
2.0,0.031000524273999682,-1.3543239e-07,-0.98979163,-2.618287e-07,-2.618287e-07,-2.6192828e-07,-2.6185717e-07,0.9895856,3.2656324,0.09965101854727855
2.0,0.031001048561999364,-8.343555e-08,-0.98979163,-2.622289e-07,-2.622289e-07,-2.6216892e-07,-2.6220047e-07,0.9895856,3.2656324,0.09965355999877701
2.0,0.031002097137998726,-1.3543044e-07,-0.98979163,-2.618287e-07,-2.618287e-07,-2.6192828e-07,-2.6185717e-07,0.9895856,3.2656324,0.09965864290177393
2.0,0.031004194289997452,-8.343671e-08,-0.98979163,-2.622289e-07,-2.622289e-07,-2.6216892e-07,-2.6220047e-07,0.9895856,3.2656324,0.09966880870776774
2.0,0.031008388593994903,-1.3543044e-07,-0.98979163,-2.618287e-07,-2.618287e-07,-2.6192828e-07,-2.6185717e-07,0.9895856,3.2656324,0.09968914031975538
2.0,0.031016777201989806,-8.34378e-08,-0.98979163,-2.622289e-07,-2.622289e-07,-2.6216892e-07,-2.6220047e-07,0.9895856,3.2656324,0.09971885284122677
2.0,0.031026777201989805,-1.3543155e-07,-0.98979163,-2.618287e-07,-2.618287e-07,-2.6192828e-07,-2.6185717e-07,0.9895856,3.2656324,0.099751169068186
2.0,0.031036777201989805,-8.343922e-08,-0.98979163,-2.6222892e-07,-2.6222892e-07,-2.6216892e-07,-2.6220047e-07,0.9895856,3.2656324,0.09978348529514523
2.0,0.031046777201989804,-1.3543269e-07,-0.98979163,-2.618287e-07,-2.618287e-07,-2.619283e-07,-2.6185717e-07,0.9895856,3.2656324,0.09981580152210447
2.0,0.031056777201989804,-8.344056e-08,-0.98979163,-2.6222892e-07,-2.6222892e-07,-2.6216892e-07,-2.6220047e-07,0.9895856,3.2656324,0.0998481177490637
2.0,0.031066777201989807,-1.3543377e-07,-0.98979163,-2.618287e-07,-2.618287e-07,-2.619283e-07,-2.6185717e-07,0.9895856,3.2656324,0.09988043397602293
2.0,0.031076777201989807,-8.344183e-08,-0.98979163,-2.6222892e-07,-2.6222892e-07,-2.6216892e-07,-2.6220047e-07,0.9895856,3.2656324,0.09991275020298217
2.0,0.031086777201989806,-1.3543477e-07,-0.98979163,-2.6182872e-07,-2.6182872e-07,-2.619283e-07,-2.6185717e-07,0.9895856,3.2656324,0.0999450664299414
2.0,0.031096777201989806,-8.344305e-08,-0.98979163,-2.6222892e-07,-2.6222892e-07,-2.6216892e-07,-2.6220047e-07,0.9895856,3.2656324,0.09997738265690063
2.0,0.031106777201989805,-1.3543574e-07,-0.98979163,-2.6182872e-07,-2.6182872e-07,-2.619283e-07,-2.6185717e-07,0.9895856,3.2656324,0.10000969888385987
2.0,0.031116777201989805,-8.34442e-08,-0.98979163,-2.6222892e-07,-2.6222892e-07,-2.6216892e-07,-2.6220047e-07,0.9895856,3.2656324,0.1000420151108191
2.0,0.031126777201989805,-1.3543665e-07,-0.98979163,-2.6182872e-07,-2.6182872e-07,-2.619283e-07,-2.618572e-07,0.9895856,3.2656324,0.10007433133777834
2.0,0.031136777201989804,-8.344531e-08,-0.98979163,-2.6222892e-07,-2.6222892e-07,-2.6216895e-07,-2.6220047e-07,0.9895856,3.2656324,0.10010664756473757
2.0,0.031146777201989807,-1.3543752e-07,-0.98979163,-2.6182872e-07,-2.6182872e-07,-2.619283e-07,-2.618572e-07,0.9895856,3.2656324,0.1001389637916968
2.0,0.031156777201989807,-8.3446366e-08,-0.98979163,-2.6222892e-07,-2.6222892e-07,-2.6216895e-07,-2.6220047e-07,0.9895856,3.2656324,0.10017128001865604
2.0,0.031166777201989807,-1.3543836e-07,-0.98979163,-2.6182872e-07,-2.6182872e-07,-2.619283e-07,-2.618572e-07,0.9895856,3.2656324,0.10020359624561527
2.0,0.031176777201989806,-8.344738e-08,-0.98979163,-2.6222892e-07,-2.6222892e-07,-2.6216895e-07,-2.6220047e-07,0.9895856,3.2656324,0.1002359124725745
2.0,0.031186777201989806,-1.3543914e-07,-0.98979163,-2.6182872e-07,-2.6182872e-07,-2.619283e-07,-2.618572e-07,0.9895856,3.2656324,0.10026822869953374
2.0,0.031196777201989805,-8.344837e-08,-0.98979163,-2.6222892e-07,-2.6222892e-07,-2.6216895e-07,-2.6220047e-07,0.9895856,3.2656324,0.10030054492649297
2.0,0.031206777201989805,-1.354399e-07,-0.98979163,-2.6182872e-07,-2.6182872e-07,-2.6192834e-07,-2.618572e-07,0.9895856,3.2656324,0.1003328611534522
2.0,0.031216777201989804,-8.3449315e-08,-0.98979163,-2.6222892e-07,-2.6222892e-07,-2.6216895e-07,-2.6220047e-07,0.9895856,3.2656324,0.10036517738041144
2.0,0.031226777201989804,-1.3544064e-07,-0.98979163,-2.6182872e-07,-2.6182872e-07,-2.6192834e-07,-2.618572e-07,0.9895856,3.2656324,0.10039749360737067
2.0,0.031236777201989807,-8.345023e-08,-0.98979163,-2.6222892e-07,-2.6222892e-07,-2.6216895e-07,-2.622005e-07,0.9895856,3.2656324,0.1004298098343299
2.0,0.031246777201989807,-1.3544134e-07,-0.98979163,-2.6182872e-07,-2.6182872e-07,-2.6192834e-07,-2.618572e-07,0.9895856,3.2656324,0.10046212606128914
2.0,0.031256777201989806,-8.345112e-08,-0.98979163,-2.6222892e-07,-2.6222892e-07,-2.6216895e-07,-2.622005e-07,0.9895856,3.2656324,0.10049444228824836
2.0,0.0312667772019898,-1.3544202e-07,-0.98979163,-2.6182872e-07,-2.6182872e-07,-2.6192834e-07,-2.618572e-07,0.9895856,3.2656324,0.10052675851520759
2.0,0.031276777201989805,-8.345197e-08,-0.98979163,-2.6222892e-07,-2.6222892e-07,-2.6216895e-07,-2.622005e-07,0.9895856,3.2656324,0.10055907474216683
2.0,0.03128677720198981,-1.3544268e-07,-0.98979163,-2.6182875e-07,-2.6182875e-07,-2.6192834e-07,-2.618572e-07,0.9895856,3.2656324,0.10059139096912606
2.0,0.031296777201989805,-8.3452804e-08,-0.98979163,-2.6222892e-07,-2.6222892e-07,-2.6216895e-07,-2.622005e-07,0.9895856,3.2656324,0.1006237071960853
2.0,0.03130677720198981,-1.3544332e-07,-0.98979163,-2.6182875e-07,-2.6182875e-07,-2.6192834e-07,-2.618572e-07,0.9895856,3.2656324,0.10065602342304453
2.0,0.031316777201989804,-8.3453614e-08,-0.98979163,-2.6222895e-07,-2.6222895e-07,-2.6216895e-07,-2.622005e-07,0.9895856,3.2656324,0.10068833965000376
2.0,0.03132677720198981,-1.3544393e-07,-0.98979163,-2.6182875e-07,-2.6182875e-07,-2.6192834e-07,-2.618572e-07,0.9895856,3.2656324,0.100720655876963
2.0,0.0313367772019898,-8.3454395e-08,-0.98979163,-2.6222895e-07,-2.6222895e-07,-2.6216895e-07,-2.622005e-07,0.9895856,3.2656324,0.10075297210392223
2.0,0.031346777201989806,-1.3544452e-07,-0.98979163,-2.6182875e-07,-2.6182875e-07,-2.6192834e-07,-2.6185722e-07,0.9895856,3.2656324,0.10078528833088146
2.0,0.0313567772019898,-8.3455156e-08,-0.98979163,-2.6222895e-07,-2.6222895e-07,-2.6216895e-07,-2.622005e-07,0.9895856,3.2656324,0.1008176045578407
2.0,0.031366777201989805,-1.3544509e-07,-0.98979163,-2.6182875e-07,-2.6182875e-07,-2.6192834e-07,-2.6185722e-07,0.9895856,3.2656324,0.10084992078479993
2.0,0.03137677720198981,-8.3455895e-08,-0.98979163,-2.6222895e-07,-2.6222895e-07,-2.6216895e-07,-2.622005e-07,0.9895856,3.2656324,0.10088223701175916
2.0,0.031386777201989804,-1.3544565e-07,-0.98979163,-2.6182875e-07,-2.6182875e-07,-2.6192834e-07,-2.6185722e-07,0.9895856,3.2656324,0.1009145532387184
2.0,0.03139677720198981,-8.345661e-08,-0.98979163,-2.6222895e-07,-2.6222895e-07,-2.6216895e-07,-2.622005e-07,0.9895856,3.2656324,0.10094686946567763
2.0,0.031406777201989804,-1.354462e-07,-0.98979163,-2.6182875e-07,-2.6182875e-07,-2.6192836e-07,-2.6185722e-07,0.9895856,3.2656324,0.10097918569263686
2.0,0.03141677720198981,-8.345731e-08,-0.98979163,-2.6222895e-07,-2.6222895e-07,-2.6216895e-07,-2.622005e-07,0.9895856,3.2656324,0.1010115019195961
2.0,0.0314267772019898,-1.3544671e-07,-0.98979163,-2.6182875e-07,-2.6182875e-07,-2.6192836e-07,-2.6185722e-07,0.9895856,3.2656324,0.10104381814655533
2.0,0.031436777201989806,-8.3457984e-08,-0.98979163,-2.6222895e-07,-2.6222895e-07,-2.6216895e-07,-2.622005e-07,0.9895856,3.2656324,0.10107613437351456
2.0,0.03144677720198981,-1.3544722e-07,-0.98979163,-2.6182875e-07,-2.6182875e-07,-2.6192836e-07,-2.6185722e-07,0.9895856,3.2656324,0.1011084506004738
2.0,0.031456777201989805,-8.3458644e-08,-0.98979163,-2.6222895e-07,-2.6222895e-07,-2.6216895e-07,-2.622005e-07,0.9895856,3.2656324,0.10114076682743303
2.0,0.03146677720198981,-1.3544772e-07,-0.98979163,-2.6182875e-07,-2.6182875e-07,-2.6192836e-07,-2.6185722e-07,0.9895856,3.2656324,0.10117308305439227
2.0,0.031476777201989804,-8.3459284e-08,-0.98979163,-2.6222895e-07,-2.6222895e-07,-2.6216895e-07,-2.622005e-07,0.9895856,3.2656324,0.1012053992813515
2.0,0.03148677720198981,-1.354482e-07,-0.98979163,-2.6182875e-07,-2.6182875e-07,-2.6192836e-07,-2.6185722e-07,0.9895856,3.2656324,0.10123771550831073
2.0,0.0314967772019898,-8.345991e-08,-0.98979163,-2.6222895e-07,-2.6222895e-07,-2.6216895e-07,-2.622005e-07,0.9895856,3.2656324,0.10127003173526997
2.0,0.031506777201989807,-1.3544866e-07,-0.98979163,-2.6182875e-07,-2.6182875e-07,-2.6192836e-07,-2.6185722e-07,0.9895856,3.2656324,0.1013023479622292
2.0,0.0315167772019898,-8.346051e-08,-0.98979163,-2.6222895e-07,-2.6222895e-07,-2.6216895e-07,-2.622005e-07,0.9895856,3.2656324,0.10133466418918843
2.0,0.031526777201989806,-1.3544911e-07,-0.98979163,-2.6182877e-07,-2.6182877e-07,-2.6192836e-07,-2.6185722e-07,0.9895856,3.2656324,0.10136698041614767
2.0,0.03153677720198981,-8.346111e-08,-0.98979163,-2.6222895e-07,-2.6222895e-07,-2.6216895e-07,-2.622005e-07,0.9895856,3.2656324,0.1013992966431069
2.0,0.031546777201989805,-1.3544955e-07,-0.98979163,-2.6182877e-07,-2.6182877e-07,-2.6192836e-07,-2.6185722e-07,0.9895856,3.2656324,0.10143161287006613
2.0,0.03155677720198981,-8.346168e-08,-0.98979163,-2.6222895e-07,-2.6222895e-07,-2.6216898e-07,-2.622005e-07,0.9895856,3.2656324,0.10146392909702537
2.0,0.031566777201989804,-1.3544998e-07,-0.98979163,-2.6182877e-07,-2.6182877e-07,-2.6192836e-07,-2.6185722e-07,0.9895856,3.2656324,0.1014962453239846
2.0,0.03157677720198981,-8.346224e-08,-0.98979163,-2.6222895e-07,-2.6222895e-07,-2.6216898e-07,-2.622005e-07,0.9895856,3.2656324,0.10152856155094384
2.0,0.0315867772019898,-1.354504e-07,-0.98979163,-2.6182877e-07,-2.6182877e-07,-2.6192836e-07,-2.6185722e-07,0.9895856,3.2656324,0.10156087777790307
2.0,0.031596777201989806,-8.346279e-08,-0.98979163,-2.6222895e-07,-2.6222895e-07,-2.6216898e-07,-2.622005e-07,0.9895856,3.2656324,0.1015931940048623
2.0,0.0316067772019898,-1.354508e-07,-0.98979163,-2.6182877e-07,-2.6182877e-07,-2.6192836e-07,-2.6185722e-07,0.9895856,3.2656324,0.10162551023182154
2.0,0.031616777201989806,-8.346332e-08,-0.98979163,-2.6222895e-07,-2.6222895e-07,-2.6216898e-07,-2.622005e-07,0.9895856,3.2656324,0.10165782645878077
2.0,0.03162677720198981,-1.354512e-07,-0.98979163,-2.6182877e-07,-2.6182877e-07,-2.6192836e-07,-2.6185722e-07,0.9895856,3.2656324,0.10169014268574
2.0,0.031636777201989805,-8.346383e-08,-0.98979163,-2.6222895e-07,-2.6222895e-07,-2.6216898e-07,-2.622005e-07,0.9895856,3.2656324,0.10172245891269924
2.0,0.03164677720198981,-1.3545159e-07,-0.98979163,-2.6182877e-07,-2.6182877e-07,-2.6192836e-07,-2.6185725e-07,0.9895856,3.2656324,0.10175477513965847
2.0,0.031656777201989804,-8.3464336e-08,-0.98979163,-2.6222895e-07,-2.6222895e-07,-2.6216898e-07,-2.622005e-07,0.9895856,3.2656324,0.1017870913666177
2.0,0.03166677720198981,-1.3545196e-07,-0.98979163,-2.6182877e-07,-2.6182877e-07,-2.6192836e-07,-2.6185725e-07,0.9895856,3.2656324,0.10181940759357694
2.0,0.0316767772019898,-8.3464826e-08,-0.98979163,-2.6222895e-07,-2.6222895e-07,-2.6216898e-07,-2.6220053e-07,0.9895856,3.2656324,0.10185172382053617
2.0,0.031686777201989806,-1.3545231e-07,-0.98979163,-2.6182877e-07,-2.6182877e-07,-2.619284e-07,-2.6185725e-07,0.9895856,3.2656324,0.1018840400474954
2.0,0.0316967772019898,-8.34653e-08,-0.98979163,-2.6222895e-07,-2.6222895e-07,-2.6216898e-07,-2.6220053e-07,0.9895856,3.2656324,0.10191635627445464
2.0,0.031706777201989805,-1.3545267e-07,-0.98979163,-2.6182877e-07,-2.6182877e-07,-2.619284e-07,-2.6185725e-07,0.9895856,3.2656324,0.10194867250141387
2.0,0.03171677720198981,-8.3465764e-08,-0.98979163,-2.6222895e-07,-2.6222895e-07,-2.6216898e-07,-2.6220053e-07,0.9895856,3.2656324,0.1019809887283731
2.0,0.031726777201989804,-1.35453e-07,-0.98979163,-2.6182877e-07,-2.6182877e-07,-2.619284e-07,-2.6185725e-07,0.9895856,3.2656324,0.10201330495533234
2.0,0.03173677720198981,-8.346621e-08,-0.98979163,-2.6222895e-07,-2.6222895e-07,-2.6216898e-07,-2.6220053e-07,0.9895856,3.2656324,0.10204562118229157
2.0,0.031746777201989804,-1.3545333e-07,-0.98979163,-2.6182877e-07,-2.6182877e-07,-2.619284e-07,-2.6185725e-07,0.9895856,3.2656324,0.10207793740925081
2.0,0.03175677720198981,-8.346665e-08,-0.98979163,-2.6222895e-07,-2.6222895e-07,-2.6216898e-07,-2.6220053e-07,0.9895856,3.2656324,0.10211025363621004
2.0,0.0317667772019898,-1.3545366e-07,-0.98979163,-2.6182877e-07,-2.6182877e-07,-2.619284e-07,-2.6185725e-07,0.9895856,3.2656324,0.10214256986316927
2.0,0.031776777201989806,-8.346708e-08,-0.98979163,-2.6222895e-07,-2.6222895e-07,-2.6216898e-07,-2.6220053e-07,0.9895856,3.2656324,0.10217488609012851
2.0,0.03178677720198981,-1.3545397e-07,-0.98979163,-2.6182877e-07,-2.6182877e-07,-2.619284e-07,-2.6185725e-07,0.9895856,3.2656324,0.10220720231708774
2.0,0.031796777201989805,-8.34675e-08,-0.98979163,-2.6222895e-07,-2.6222895e-07,-2.6216898e-07,-2.6220053e-07,0.9895856,3.2656324,0.10223951854404698
2.0,0.03180677720198981,-1.3545429e-07,-0.98979163,-2.6182877e-07,-2.6182877e-07,-2.619284e-07,-2.6185725e-07,0.9895856,3.2656324,0.10227183477100621
2.0,0.031816777201989804,-8.34679e-08,-0.98979163,-2.6222895e-07,-2.6222895e-07,-2.6216898e-07,-2.6220053e-07,0.9895856,3.2656324,0.10230415099796544
2.0,0.03182677720198981,-1.3545458e-07,-0.98979163,-2.6182877e-07,-2.6182877e-07,-2.619284e-07,-2.6185725e-07,0.9895856,3.2656324,0.10233646722492468
2.0,0.031836777201989803,-8.3468294e-08,-0.98979163,-2.6222895e-07,-2.6222895e-07,-2.6216898e-07,-2.6220053e-07,0.9895856,3.2656324,0.10236878345188391
2.0,0.03184677720198981,-1.3545487e-07,-0.98979163,-2.6182877e-07,-2.6182877e-07,-2.619284e-07,-2.6185725e-07,0.9895856,3.2656324,0.10240109967884314
2.0,0.0318567772019898,-8.346868e-08,-0.98979163,-2.6222895e-07,-2.6222895e-07,-2.6216898e-07,-2.6220053e-07,0.9895856,3.2656324,0.10243341590580238
2.0,0.031866777201989806,-1.3545515e-07,-0.98979163,-2.6182877e-07,-2.6182877e-07,-2.619284e-07,-2.6185725e-07,0.9895856,3.2656324,0.10246573213276161
2.0,0.03187677720198981,-8.346905e-08,-0.98979163,-2.6222895e-07,-2.6222895e-07,-2.6216898e-07,-2.6220053e-07,0.9895856,3.2656324,0.10249804835972084
2.0,0.031886777201989805,-1.3545542e-07,-0.98979163,-2.6182877e-07,-2.6182877e-07,-2.619284e-07,-2.6185725e-07,0.9895856,3.2656324,0.10253036458668008
2.0,0.03189677720198981,-8.346941e-08,-0.98979163,-2.6222895e-07,-2.6222895e-07,-2.6216898e-07,-2.6220053e-07,0.9895856,3.2656324,0.10256268081363931
2.0,0.031906777201989804,-1.3545569e-07,-0.98979163,-2.618288e-07,-2.618288e-07,-2.619284e-07,-2.6185725e-07,0.9895856,3.2656324,0.10259499704059855
2.0,0.03191677720198981,-8.3469764e-08,-0.98979163,-2.6222895e-07,-2.6222895e-07,-2.6216898e-07,-2.6220053e-07,0.9895856,3.2656324,0.10262731326755778
2.0,0.0319267772019898,-1.3545595e-07,-0.98979163,-2.618288e-07,-2.618288e-07,-2.619284e-07,-2.6185725e-07,0.9895856,3.2656324,0.10265962949451701
2.0,0.031936777201989806,-8.3470105e-08,-0.98979163,-2.6222895e-07,-2.6222895e-07,-2.6216898e-07,-2.6220053e-07,0.9895856,3.2656324,0.10269194572147625
2.0,0.0319467772019898,-1.354562e-07,-0.98979163,-2.618288e-07,-2.618288e-07,-2.619284e-07,-2.6185725e-07,0.9895856,3.2656324,0.10272426194843548
2.0,0.031956777201989806,-8.347043e-08,-0.98979163,-2.6222895e-07,-2.6222895e-07,-2.6216898e-07,-2.6220053e-07,0.9895856,3.2656324,0.10275657817539471
2.0,0.03196677720198981,-1.3545646e-07,-0.98979163,-2.618288e-07,-2.618288e-07,-2.619284e-07,-2.6185725e-07,0.9895856,3.2656324,0.10278889440235395
2.0,0.031976777201989805,-8.347076e-08,-0.98979163,-2.6222895e-07,-2.6222895e-07,-2.6216898e-07,-2.6220053e-07,0.9895856,3.2656324,0.10282121062931318
2.0,0.03198677720198981,-1.354567e-07,-0.98979163,-2.618288e-07,-2.618288e-07,-2.619284e-07,-2.6185725e-07,0.9895856,3.2656324,0.10285352685627241
2.0,0.031996777201989804,-8.347107e-08,-0.98979163,-2.6222895e-07,-2.6222895e-07,-2.6216898e-07,-2.6220053e-07,0.9895856,3.2656324,0.10288584308323165
2.0,0.03200677720198981,-1.3545693e-07,-0.98979163,-2.618288e-07,-2.618288e-07,-2.619284e-07,-2.6185725e-07,0.9895856,3.2656324,0.10291815931019088
2.0,0.0320167772019898,-8.347138e-08,-0.98979163,-2.6222898e-07,-2.6222898e-07,-2.6216898e-07,-2.6220053e-07,0.9895856,3.2656324,0.10295047553715012
2.0,0.032026777201989806,-1.3545716e-07,-0.98979163,-2.618288e-07,-2.618288e-07,-2.619284e-07,-2.6185725e-07,0.9895856,3.2656324,0.10298279176410935
2.0,0.0320367772019898,-8.3471676e-08,-0.98979163,-2.6222898e-07,-2.6222898e-07,-2.6216898e-07,-2.6220053e-07,0.9895856,3.2656324,0.10301510799106858
2.0,0.032046777201989805,-1.3545738e-07,-0.98979163,-2.618288e-07,-2.618288e-07,-2.6192842e-07,-2.6185725e-07,0.9895856,3.2656324,0.10304742421802782
2.0,0.03205677720198981,-8.347197e-08,-0.98979163,-2.6222898e-07,-2.6222898e-07,-2.6216898e-07,-2.6220053e-07,0.9895856,3.2656324,0.10307974044498705
2.0,0.032066777201989805,-1.354576e-07,-0.98979163,-2.618288e-07,-2.618288e-07,-2.6192842e-07,-2.6185725e-07,0.9895856,3.2656324,0.10311205667194628
2.0,0.03207677720198981,-8.3472244e-08,-0.98979163,-2.6222898e-07,-2.6222898e-07,-2.6216898e-07,-2.6220053e-07,0.9895856,3.2656324,0.10314437289890552
2.0,0.032086777201989804,-1.3545781e-07,-0.98979163,-2.618288e-07,-2.618288e-07,-2.6192842e-07,-2.6185728e-07,0.9895856,3.2656324,0.10317668912586475
2.0,0.03209677720198981,-8.3472514e-08,-0.98979163,-2.6222898e-07,-2.6222898e-07,-2.6216898e-07,-2.6220053e-07,0.9895856,3.2656324,0.10320900535282398
2.0,0.0321067772019898,-1.3545801e-07,-0.98979163,-2.618288e-07,-2.618288e-07,-2.6192842e-07,-2.6185728e-07,0.9895856,3.2656324,0.10324132157978322
2.0,0.032116777201989806,-8.3472784e-08,-0.98979163,-2.6222898e-07,-2.6222898e-07,-2.6216898e-07,-2.6220053e-07,0.9895856,3.2656324,0.10327363780674245
2.0,0.0321267772019898,-1.3545821e-07,-0.98979163,-2.618288e-07,-2.618288e-07,-2.6192842e-07,-2.6185728e-07,0.9895856,3.2656324,0.10330595403370169
2.0,0.032136777201989805,-8.347304e-08,-0.98979163,-2.6222898e-07,-2.6222898e-07,-2.6216898e-07,-2.6220053e-07,0.9895856,3.2656324,0.10333827026066092
2.0,0.03214677720198981,-1.3545841e-07,-0.98979163,-2.618288e-07,-2.618288e-07,-2.6192842e-07,-2.6185728e-07,0.9895856,3.2656324,0.10337058648762015
2.0,0.032156777201989804,-8.347329e-08,-0.98979163,-2.6222898e-07,-2.6222898e-07,-2.6216898e-07,-2.6220053e-07,0.9895856,3.2656324,0.10340290271457939
2.0,0.03216677720198981,-1.3545859e-07,-0.98979163,-2.618288e-07,-2.618288e-07,-2.6192842e-07,-2.6185728e-07,0.9895856,3.2656324,0.10343521894153862
2.0,0.032176777201989804,-8.347353e-08,-0.98979163,-2.6222898e-07,-2.6222898e-07,-2.6216898e-07,-2.6220053e-07,0.9895856,3.2656324,0.10346753516849785
2.0,0.03218677720198981,-1.3545878e-07,-0.98979163,-2.618288e-07,-2.618288e-07,-2.6192842e-07,-2.6185728e-07,0.9895856,3.2656324,0.10349985139545709
2.0,0.0321967772019898,-8.3473765e-08,-0.98979163,-2.6222898e-07,-2.6222898e-07,-2.6216898e-07,-2.6220053e-07,0.9895856,3.2656324,0.10353216762241632
2.0,0.032206777201989806,-1.3545896e-07,-0.98979163,-2.618288e-07,-2.618288e-07,-2.6192842e-07,-2.6185728e-07,0.9895856,3.2656324,0.10356448384937555
2.0,0.03221677720198981,-8.347399e-08,-0.98979163,-2.6222898e-07,-2.6222898e-07,-2.6216898e-07,-2.6220053e-07,0.9895856,3.2656324,0.10359680007633479
2.0,0.032226777201989805,-1.3545913e-07,-0.98979163,-2.618288e-07,-2.618288e-07,-2.6192842e-07,-2.6185728e-07,0.9895856,3.2656324,0.10362911630329402
2.0,0.03223677720198981,-8.347421e-08,-0.98979163,-2.6222898e-07,-2.6222898e-07,-2.6216898e-07,-2.6220053e-07,0.9895856,3.2656324,0.10366143253025326
2.0,0.032246777201989804,-1.354593e-07,-0.98979163,-2.618288e-07,-2.618288e-07,-2.6192842e-07,-2.6185728e-07,0.9895856,3.2656324,0.10369374875721249
2.0,0.03225677720198981,-8.3474426e-08,-0.98979163,-2.6222898e-07,-2.6222898e-07,-2.6216898e-07,-2.6220053e-07,0.9895856,3.2656324,0.10372606498417172
2.0,0.0322667772019898,-1.3545947e-07,-0.98979163,-2.618288e-07,-2.618288e-07,-2.6192842e-07,-2.6185728e-07,0.9895856,3.2656324,0.10375838121113096
2.0,0.032276777201989806,-8.347464e-08,-0.98979163,-2.6222898e-07,-2.6222898e-07,-2.6216898e-07,-2.6220053e-07,0.9895856,3.2656324,0.10379069743809019
2.0,0.0322867772019898,-1.3545963e-07,-0.98979163,-2.618288e-07,-2.618288e-07,-2.6192842e-07,-2.6185728e-07,0.9895856,3.2656324,0.10382301366504942
2.0,0.032296777201989806,-8.347484e-08,-0.98979163,-2.6222898e-07,-2.6222898e-07,-2.6216898e-07,-2.6220053e-07,0.9895856,3.2656324,0.10385532989200866
2.0,0.03230677720198981,-1.354598e-07,-0.98979163,-2.618288e-07,-2.618288e-07,-2.6192842e-07,-2.6185728e-07,0.9895856,3.2656324,0.10388764611896789
2.0,0.032316777201989805,-8.347503e-08,-0.98979163,-2.6222898e-07,-2.6222898e-07,-2.6216898e-07,-2.6220053e-07,0.9895856,3.2656324,0.10391996234592712
2.0,0.03232677720198981,-1.3545996e-07,-0.98979163,-2.618288e-07,-2.618288e-07,-2.6192842e-07,-2.6185728e-07,0.9895856,3.2656324,0.10395227857288636
2.0,0.032336777201989804,-8.347522e-08,-0.98979163,-2.6222898e-07,-2.6222898e-07,-2.6216898e-07,-2.6220053e-07,0.9895856,3.2656324,0.10398459479984559
2.0,0.03234677720198981,-1.354601e-07,-0.98979163,-2.618288e-07,-2.618288e-07,-2.6192842e-07,-2.6185728e-07,0.9895856,3.2656324,0.10401691102680483
2.0,0.0323567772019898,-8.3475406e-08,-0.98979163,-2.6222898e-07,-2.6222898e-07,-2.6216898e-07,-2.6220053e-07,0.9895856,3.2656324,0.10404922725376406
2.0,0.032366777201989806,-1.3546025e-07,-0.98979163,-2.618288e-07,-2.618288e-07,-2.6192842e-07,-2.6185728e-07,0.9895856,3.2656324,0.1040815434807233
2.0,0.0323767772019898,-8.3475584e-08,-0.98979163,-2.6222898e-07,-2.6222898e-07,-2.6216898e-07,-2.6220053e-07,0.9895856,3.2656324,0.10411385970768253
2.0,0.032386777201989805,-1.354604e-07,-0.98979163,-2.618288e-07,-2.618288e-07,-2.6192842e-07,-2.6185728e-07,0.9895856,3.2656324,0.10414617593464176
2.0,0.03239677720198981,-8.3475754e-08,-0.98979163,-2.6222898e-07,-2.6222898e-07,-2.6216898e-07,-2.6220053e-07,0.9895856,3.2656324,0.104178492161601
2.0,0.032406777201989805,-1.3546054e-07,-0.98979163,-2.618288e-07,-2.618288e-07,-2.6192842e-07,-2.6185728e-07,0.9895856,3.2656324,0.10421080838856023
2.0,0.03241677720198981,-8.3475925e-08,-0.98979163,-2.6222898e-07,-2.6222898e-07,-2.6216898e-07,-2.6220053e-07,0.9895856,3.2656324,0.10424312461551946
2.0,0.032426777201989804,-1.3546067e-07,-0.98979163,-2.618288e-07,-2.618288e-07,-2.6192842e-07,-2.6185728e-07,0.9895856,3.2656324,0.1042754408424787
2.0,0.03243677720198981,-8.347608e-08,-0.98979163,-2.6222898e-07,-2.6222898e-07,-2.6216898e-07,-2.6220053e-07,0.9895856,3.2656324,0.10430775706943793
2.0,0.0324467772019898,-1.3546081e-07,-0.98979163,-2.618288e-07,-2.618288e-07,-2.6192842e-07,-2.6185728e-07,0.9895856,3.2656324,0.10434007329639716
2.0,0.032456777201989806,-8.347624e-08,-0.98979163,-2.6222898e-07,-2.6222898e-07,-2.6216898e-07,-2.6220053e-07,0.9895856,3.2656324,0.1043723895233564
2.0,0.0324667772019898,-1.3546094e-07,-0.98979163,-2.6182883e-07,-2.6182883e-07,-2.6192842e-07,-2.6185728e-07,0.9895856,3.2656324,0.10440470575031563
2.0,0.032476777201989805,-8.3476394e-08,-0.98979163,-2.6222898e-07,-2.6222898e-07,-2.6216898e-07,-2.6220053e-07,0.9895856,3.2656324,0.10443702197727486
2.0,0.03248677720198981,-1.3546106e-07,-0.98979163,-2.6182883e-07,-2.6182883e-07,-2.6192842e-07,-2.6185728e-07,0.9895856,3.2656324,0.1044693382042341
2.0,0.032496777201989804,-8.3476536e-08,-0.98979163,-2.6222898e-07,-2.6222898e-07,-2.6216898e-07,-2.6220053e-07,0.9895856,3.2656324,0.10450165443119333
2.0,0.03250677720198981,-1.3546119e-07,-0.98979163,-2.6182883e-07,-2.6182883e-07,-2.6192842e-07,-2.6185728e-07,0.9895856,3.2656324,0.10453397065815256
2.0,0.032516777201989804,-8.347668e-08,-0.98979163,-2.6222898e-07,-2.6222898e-07,-2.6216898e-07,-2.6220053e-07,0.9895856,3.2656324,0.1045662868851118
2.0,0.03252677720198981,-1.3546132e-07,-0.98979163,-2.6182883e-07,-2.6182883e-07,-2.6192845e-07,-2.6185728e-07,0.9895856,3.2656324,0.10459860311207103
2.0,0.0325367772019898,-8.347681e-08,-0.98979163,-2.6222898e-07,-2.6222898e-07,-2.6216898e-07,-2.6220053e-07,0.9895856,3.2656324,0.10463091933903026
2.0,0.032546777201989806,-1.3546143e-07,-0.98979163,-2.6182883e-07,-2.6182883e-07,-2.6192845e-07,-2.6185728e-07,0.9895856,3.2656324,0.1046632355659895
2.0,0.03255677720198981,-8.347695e-08,-0.98979163,-2.6222898e-07,-2.6222898e-07,-2.6216898e-07,-2.6220053e-07,0.9895856,3.2656324,0.10469555179294873
2.0,0.032566777201989805,-1.3546155e-07,-0.98979163,-2.6182883e-07,-2.6182883e-07,-2.6192845e-07,-2.6185728e-07,0.9895856,3.2656324,0.10472786801990797
2.0,0.03257677720198981,-8.3477076e-08,-0.98979163,-2.6222898e-07,-2.6222898e-07,-2.6216898e-07,-2.6220053e-07,0.9895856,3.2656324,0.1047601842468672
2.0,0.032586777201989804,-1.3546166e-07,-0.98979163,-2.6182883e-07,-2.6182883e-07,-2.6192845e-07,-2.6185728e-07,0.9895856,3.2656324,0.10479250047382643
2.0,0.03259677720198981,-8.34772e-08,-0.98979163,-2.6222898e-07,-2.6222898e-07,-2.6216898e-07,-2.6220053e-07,0.9895856,3.2656324,0.10482481670078567
2.0,0.0326067772019898,-1.3546178e-07,-0.98979163,-2.6182883e-07,-2.6182883e-07,-2.6192845e-07,-2.6185728e-07,0.9895856,3.2656324,0.1048571329277449
2.0,0.032616777201989806,-8.347732e-08,-0.98979163,-2.6222898e-07,-2.6222898e-07,-2.6216898e-07,-2.6220053e-07,0.9895856,3.2656324,0.10488944915470413
2.0,0.0326267772019898,-1.3546189e-07,-0.98979163,-2.6182883e-07,-2.6182883e-07,-2.6192845e-07,-2.6185728e-07,0.9895856,3.2656324,0.10492176538166337
2.0,0.032636777201989806,-8.347743e-08,-0.98979163,-2.6222898e-07,-2.6222898e-07,-2.6216898e-07,-2.6220053e-07,0.9895856,3.2656324,0.1049540816086226
2.0,0.03264677720198981,-1.35462e-07,-0.98979163,-2.6182883e-07,-2.6182883e-07,-2.6192845e-07,-2.6185728e-07,0.9895856,3.2656324,0.10498639783558184
2.0,0.032656777201989805,-8.347754e-08,-0.98979163,-2.6222898e-07,-2.6222898e-07,-2.6216898e-07,-2.6220053e-07,0.9895856,3.2656324,0.10501871406254107
2.0,0.03266677720198981,-1.354621e-07,-0.98979163,-2.6182883e-07,-2.6182883e-07,-2.6192845e-07,-2.6185728e-07,0.9895856,3.2656324,0.1050510302895003
2.0,0.032676777201989804,-8.3477644e-08,-0.98979163,-2.6222898e-07,-2.6222898e-07,-2.6216898e-07,-2.6220053e-07,0.9895856,3.2656324,0.10508334651645954
2.0,0.03268677720198981,-1.3546222e-07,-0.98979163,-2.6182883e-07,-2.6182883e-07,-2.6192845e-07,-2.6185728e-07,0.9895856,3.2656324,0.10511566274341877
2.0,0.0326967772019898,-8.347775e-08,-0.98979163,-2.6222898e-07,-2.6222898e-07,-2.6216898e-07,-2.6220053e-07,0.9895856,3.2656324,0.105147978970378
2.0,0.032706777201989806,-1.3546232e-07,-0.98979163,-2.6182883e-07,-2.6182883e-07,-2.6192845e-07,-2.6185728e-07,0.9895856,3.2656324,0.10518029519733724
2.0,0.0327167772019898,-8.347784e-08,-0.98979163,-2.6222898e-07,-2.6222898e-07,-2.6216898e-07,-2.6220053e-07,0.9895856,3.2656324,0.10521261142429647
2.0,0.032726777201989805,-1.3546241e-07,-0.98979163,-2.6182883e-07,-2.6182883e-07,-2.6192845e-07,-2.6185728e-07,0.9895856,3.2656324,0.1052449276512557
2.0,0.03273677720198981,-8.347794e-08,-0.98979163,-2.6222898e-07,-2.6222898e-07,-2.6216898e-07,-2.6220053e-07,0.9895856,3.2656324,0.10527724387821494
2.0,0.032746777201989805,-1.3546251e-07,-0.98979163,-2.6182883e-07,-2.6182883e-07,-2.6192845e-07,-2.6185728e-07,0.9895856,3.2656324,0.10530956010517417
2.0,0.03275677720198981,-8.3478035e-08,-0.98979163,-2.6222898e-07,-2.6222898e-07,-2.6216898e-07,-2.6220053e-07,0.9895856,3.2656324,0.1053418763321334
2.0,0.032766777201989804,-1.354626e-07,-0.98979163,-2.6182883e-07,-2.6182883e-07,-2.6192845e-07,-2.6185728e-07,0.9895856,3.2656324,0.10537419255909264
2.0,0.03277677720198981,-8.347812e-08,-0.98979163,-2.6222895e-07,-2.6222895e-07,-2.6216895e-07,-2.6220053e-07,0.9895856,3.2656324,0.10540650878605187
2.0,0.0327867772019898,-1.354627e-07,-0.98979163,-2.6182883e-07,-2.6182883e-07,-2.6192845e-07,-2.6185728e-07,0.9895856,3.2656324,0.1054388250130111
2.0,0.032796777201989806,-8.3478206e-08,-0.98979163,-2.6222895e-07,-2.6222895e-07,-2.6216895e-07,-2.6220053e-07,0.9895856,3.2656324,0.10547114123997034
2.0,0.0328067772019898,-1.354628e-07,-0.98979163,-2.6182883e-07,-2.6182883e-07,-2.6192845e-07,-2.6185728e-07,0.9895856,3.2656324,0.10550345746692957
2.0,0.032816777201989805,-8.3478284e-08,-0.98979163,-2.6222895e-07,-2.6222895e-07,-2.6216895e-07,-2.6220053e-07,0.9895856,3.2656324,0.1055357736938888
2.0,0.03282677720198981,-1.3546288e-07,-0.98979163,-2.6182883e-07,-2.6182883e-07,-2.6192845e-07,-2.618573e-07,0.9895856,3.2656324,0.10556808992084804
2.0,0.032836777201989804,-8.347836e-08,-0.98979163,-2.6222895e-07,-2.6222895e-07,-2.6216895e-07,-2.6220053e-07,0.9895856,3.2656324,0.10560040614780727
2.0,0.03284677720198981,-1.3546297e-07,-0.98979163,-2.6182883e-07,-2.6182883e-07,-2.6192845e-07,-2.618573e-07,0.9895856,3.2656324,0.10563272237476651
2.0,0.032856777201989804,-8.347843e-08,-0.98979163,-2.6222895e-07,-2.6222895e-07,-2.6216895e-07,-2.6220053e-07,0.9895856,3.2656324,0.10566503860172574
2.0,0.03286677720198981,-1.3546307e-07,-0.98979163,-2.6182883e-07,-2.6182883e-07,-2.6192845e-07,-2.618573e-07,0.9895856,3.2656324,0.10569735482868498
2.0,0.0328767772019898,-8.3478504e-08,-0.98979163,-2.6222895e-07,-2.6222895e-07,-2.6216895e-07,-2.6220053e-07,0.9895856,3.2656324,0.10572967105564421
2.0,0.032886777201989806,-1.3546315e-07,-0.98979163,-2.6182883e-07,-2.6182883e-07,-2.6192845e-07,-2.618573e-07,0.9895856,3.2656324,0.10576198728260344
2.0,0.03289677720198981,-8.3478575e-08,-0.98979163,-2.6222895e-07,-2.6222895e-07,-2.6216895e-07,-2.6220053e-07,0.9895856,3.2656324,0.10579430350956268
2.0,0.032906777201989805,-1.3546324e-07,-0.98979163,-2.6182883e-07,-2.6182883e-07,-2.6192845e-07,-2.618573e-07,0.9895856,3.2656324,0.10582661973652191
2.0,0.03291677720198981,-8.347864e-08,-0.98979163,-2.6222895e-07,-2.6222895e-07,-2.6216895e-07,-2.6220053e-07,0.9895856,3.2656324,0.10585893596348114
2.0,0.032926777201989804,-1.3546332e-07,-0.98979163,-2.6182883e-07,-2.6182883e-07,-2.6192845e-07,-2.618573e-07,0.9895856,3.2656324,0.10589125219044038
2.0,0.03293677720198981,-8.34787e-08,-0.98979163,-2.6222895e-07,-2.6222895e-07,-2.6216895e-07,-2.6220053e-07,0.9895856,3.2656324,0.10592356841739961
2.0,0.0329467772019898,-1.3546341e-07,-0.98979163,-2.6182883e-07,-2.6182883e-07,-2.6192845e-07,-2.618573e-07,0.9895856,3.2656324,0.10595588464435884
2.0,0.032956777201989806,-8.347876e-08,-0.98979163,-2.6222895e-07,-2.6222895e-07,-2.6216895e-07,-2.6220053e-07,0.9895856,3.2656324,0.10598820087131808
2.0,0.0329667772019898,-1.3546348e-07,-0.98979163,-2.6182883e-07,-2.6182883e-07,-2.6192845e-07,-2.618573e-07,0.9895856,3.2656324,0.10602051709827731
2.0,0.032976777201989806,-8.347882e-08,-0.98979163,-2.6222895e-07,-2.6222895e-07,-2.6216895e-07,-2.6220053e-07,0.9895856,3.2656324,0.10605283332523655
2.0,0.03298677720198981,-1.3546357e-07,-0.98979163,-2.6182883e-07,-2.6182883e-07,-2.6192845e-07,-2.618573e-07,0.9895856,3.2656324,0.10608514955219578
2.0,0.032996777201989805,-8.347887e-08,-0.98979163,-2.6222895e-07,-2.6222895e-07,-2.6216895e-07,-2.6220053e-07,0.9895856,3.2656324,0.10611746577915501
2.0,0.03300677720198981,-1.3546365e-07,-0.98979163,-2.6182883e-07,-2.6182883e-07,-2.6192845e-07,-2.618573e-07,0.9895856,3.2656324,0.10614978200611425
2.0,0.033016777201989804,-8.3478916e-08,-0.98979163,-2.6222895e-07,-2.6222895e-07,-2.6216895e-07,-2.6220053e-07,0.9895856,3.2656324,0.10618209823307348
2.0,0.03302677720198981,-1.3546372e-07,-0.98979163,-2.6182883e-07,-2.6182883e-07,-2.6192845e-07,-2.618573e-07,0.9895856,3.2656324,0.10621441446003271
2.0,0.0330367772019898,-8.3478966e-08,-0.98979163,-2.6222895e-07,-2.6222895e-07,-2.6216895e-07,-2.6220053e-07,0.9895856,3.2656324,0.10624673068699195
2.0,0.033046777201989806,-1.3546381e-07,-0.98979163,-2.6182883e-07,-2.6182883e-07,-2.6192845e-07,-2.618573e-07,0.9895856,3.2656324,0.10627904691395118
2.0,0.0330567772019898,-8.347901e-08,-0.98979163,-2.6222895e-07,-2.6222895e-07,-2.6216895e-07,-2.6220053e-07,0.9895856,3.2656324,0.10631136314091041
2.0,0.033066777201989805,-1.3546388e-07,-0.98979163,-2.6182883e-07,-2.6182883e-07,-2.6192845e-07,-2.618573e-07,0.9895856,3.2656324,0.10634367936786965
2.0,0.03307677720198981,-8.347905e-08,-0.98979163,-2.6222895e-07,-2.6222895e-07,-2.6216895e-07,-2.6220053e-07,0.9895856,3.2656324,0.10637599559482888
2.0,0.033086777201989805,-1.3546395e-07,-0.98979163,-2.6182883e-07,-2.6182883e-07,-2.6192845e-07,-2.618573e-07,0.9895856,3.2656324,0.10640831182178812
2.0,0.03309677720198981,-8.3479094e-08,-0.98979163,-2.6222895e-07,-2.6222895e-07,-2.6216895e-07,-2.6220053e-07,0.9895856,3.2656324,0.10644062804874735
2.0,0.033106777201989804,-1.3546402e-07,-0.98979163,-2.6182883e-07,-2.6182883e-07,-2.6192845e-07,-2.618573e-07,0.9895856,3.2656324,0.10647294427570658
2.0,0.03311677720198981,-8.347913e-08,-0.98979163,-2.6222895e-07,-2.6222895e-07,-2.6216895e-07,-2.6220053e-07,0.9895856,3.2656324,0.10650526050266582
2.0,0.0331267772019898,-1.354641e-07,-0.98979163,-2.6182883e-07,-2.6182883e-07,-2.6192845e-07,-2.618573e-07,0.9895856,3.2656324,0.10653757672962505
2.0,0.033136777201989806,-8.3479165e-08,-0.98979163,-2.6222895e-07,-2.6222895e-07,-2.6216895e-07,-2.6220053e-07,0.9895856,3.2656324,0.10656989295658428
2.0,0.0331467772019898,-1.3546418e-07,-0.98979163,-2.6182883e-07,-2.6182883e-07,-2.6192845e-07,-2.618573e-07,0.9895856,3.2656324,0.10660220918354352
2.0,0.033156777201989805,-8.34792e-08,-0.98979163,-2.6222895e-07,-2.6222895e-07,-2.6216895e-07,-2.6220053e-07,0.9895856,3.2656324,0.10663452541050275
2.0,0.03316677720198981,-1.3546425e-07,-0.98979163,-2.6182883e-07,-2.6182883e-07,-2.6192848e-07,-2.618573e-07,0.9895856,3.2656324,0.10666684163746198
2.0,0.033176777201989804,-8.347923e-08,-0.98979163,-2.6222895e-07,-2.6222895e-07,-2.6216895e-07,-2.6220053e-07,0.9895856,3.2656324,0.10669915786442122
2.0,0.03318677720198981,-1.3546432e-07,-0.98979163,-2.6182883e-07,-2.6182883e-07,-2.6192848e-07,-2.618573e-07,0.9895856,3.2656324,0.10673147409138045
2.0,0.033196777201989804,-8.347926e-08,-0.98979163,-2.6222895e-07,-2.6222895e-07,-2.6216895e-07,-2.6220053e-07,0.9895856,3.2656324,0.10676379031833969
2.0,0.03320677720198981,-1.3546439e-07,-0.98979163,-2.6182883e-07,-2.6182883e-07,-2.6192848e-07,-2.618573e-07,0.9895856,3.2656324,0.10679610654529892
2.0,0.0332167772019898,-8.3479286e-08,-0.98979163,-2.6222895e-07,-2.6222895e-07,-2.6216895e-07,-2.6220053e-07,0.9895856,3.2656324,0.10682842277225815
2.0,0.033226777201989806,-1.3546446e-07,-0.98979163,-2.6182883e-07,-2.6182883e-07,-2.6192848e-07,-2.618573e-07,0.9895856,3.2656324,0.10686073899921739
2.0,0.03323677720198981,-8.3479314e-08,-0.98979163,-2.6222895e-07,-2.6222895e-07,-2.6216895e-07,-2.6220053e-07,0.9895856,3.2656324,0.10689305522617662
2.0,0.033246777201989805,-1.3546453e-07,-0.98979163,-2.6182883e-07,-2.6182883e-07,-2.6192848e-07,-2.618573e-07,0.9895856,3.2656324,0.10692537145313585
2.0,0.03325677720198981,-8.3479335e-08,-0.98979163,-2.6222895e-07,-2.6222895e-07,-2.6216895e-07,-2.6220053e-07,0.9895856,3.2656324,0.10695768768009509
2.0,0.033266777201989804,-1.3546459e-07,-0.98979163,-2.6182883e-07,-2.6182883e-07,-2.6192848e-07,-2.618573e-07,0.9895856,3.2656324,0.10699000390705432
2.0,0.03327677720198981,-8.347936e-08,-0.98979163,-2.6222895e-07,-2.6222895e-07,-2.6216895e-07,-2.6220053e-07,0.9895856,3.2656324,0.10702232013401355
2.0,0.0332867772019898,-1.3546466e-07,-0.98979163,-2.6182883e-07,-2.6182883e-07,-2.6192848e-07,-2.618573e-07,0.9895856,3.2656324,0.10705463636097279
2.0,0.033296777201989806,-8.347937e-08,-0.98979163,-2.6222895e-07,-2.6222895e-07,-2.6216895e-07,-2.6220053e-07,0.9895856,3.2656324,0.10708695258793202
2.0,0.0333067772019898,-1.3546473e-07,-0.98979163,-2.6182883e-07,-2.6182883e-07,-2.6192848e-07,-2.618573e-07,0.9895856,3.2656324,0.10711926881489126
2.0,0.033316777201989806,-8.3479385e-08,-0.98979163,-2.6222895e-07,-2.6222895e-07,-2.6216895e-07,-2.6220053e-07,0.9895856,3.2656324,0.10715158504185049
2.0,0.03332677720198981,-1.354648e-07,-0.98979163,-2.6182883e-07,-2.6182883e-07,-2.6192848e-07,-2.618573e-07,0.9895856,3.2656324,0.10718390126880972
2.0,0.033336777201989805,-8.34794e-08,-0.98979163,-2.6222895e-07,-2.6222895e-07,-2.6216895e-07,-2.6220053e-07,0.9895856,3.2656324,0.10721621749576896
2.0,0.03334677720198981,-1.3546486e-07,-0.98979163,-2.6182886e-07,-2.6182886e-07,-2.6192848e-07,-2.618573e-07,0.9895856,3.2656324,0.10724853372272819
2.0,0.033356777201989804,-8.3479414e-08,-0.98979163,-2.6222895e-07,-2.6222895e-07,-2.6216895e-07,-2.6220053e-07,0.9895856,3.2656324,0.10728084994968742
2.0,0.03336677720198981,-1.3546493e-07,-0.98979163,-2.6182886e-07,-2.6182886e-07,-2.6192848e-07,-2.618573e-07,0.9895856,3.2656324,0.10731316617664666
2.0,0.0333767772019898,-8.347943e-08,-0.98979163,-2.6222895e-07,-2.6222895e-07,-2.6216895e-07,-2.6220053e-07,0.9895856,3.2656324,0.10734548240360589
2.0,0.033386777201989806,-1.35465e-07,-0.98979163,-2.6182886e-07,-2.6182886e-07,-2.6192848e-07,-2.618573e-07,0.9895856,3.2656324,0.10737779863056512
2.0,0.0333967772019898,-8.3479435e-08,-0.98979163,-2.6222895e-07,-2.6222895e-07,-2.6216895e-07,-2.6220053e-07,0.9895856,3.2656324,0.10741011485752436
2.0,0.033406777201989805,-1.3546506e-07,-0.98979163,-2.6182886e-07,-2.6182886e-07,-2.6192848e-07,-2.618573e-07,0.9895856,3.2656324,0.10744243108448359
2.0,0.03341677720198981,-8.347944e-08,-0.98979163,-2.6222895e-07,-2.6222895e-07,-2.6216895e-07,-2.6220053e-07,0.9895856,3.2656324,0.10747474731144283
2.0,0.033426777201989805,-1.3546513e-07,-0.98979163,-2.6182886e-07,-2.6182886e-07,-2.6192848e-07,-2.618573e-07,0.9895856,3.2656324,0.10750706353840206
2.0,0.03343677720198981,-8.347945e-08,-0.98979163,-2.6222895e-07,-2.6222895e-07,-2.6216895e-07,-2.6220053e-07,0.9895856,3.2656324,0.10753937976536129
2.0,0.033446777201989804,-1.3546519e-07,-0.98979163,-2.6182886e-07,-2.6182886e-07,-2.6192848e-07,-2.618573e-07,0.9895856,3.2656324,0.10757169599232053
2.0,0.03345677720198981,-8.347945e-08,-0.98979163,-2.6222895e-07,-2.6222895e-07,-2.6216895e-07,-2.6220053e-07,0.9895856,3.2656324,0.10760401221927976
2.0,0.0334667772019898,-1.3546526e-07,-0.98979163,-2.6182886e-07,-2.6182886e-07,-2.6192848e-07,-2.618573e-07,0.9895856,3.2656324,0.107636328446239
2.0,0.033476777201989806,-8.3479456e-08,-0.98979163,-2.6222895e-07,-2.6222895e-07,-2.6216895e-07,-2.6220053e-07,0.9895856,3.2656324,0.10766864467319823
2.0,0.0334867772019898,-1.3546531e-07,-0.98979163,-2.6182886e-07,-2.6182886e-07,-2.6192848e-07,-2.618573e-07,0.9895856,3.2656324,0.10770096090015746
2.0,0.033496777201989805,-8.3479456e-08,-0.98979163,-2.6222895e-07,-2.6222895e-07,-2.6216895e-07,-2.6220053e-07,0.9895856,3.2656324,0.1077332771271167
2.0,0.03350677720198981,-1.3546538e-07,-0.98979163,-2.6182886e-07,-2.6182886e-07,-2.6192848e-07,-2.618573e-07,0.9895856,3.2656324,0.10776559335407593
2.0,0.033516777201989804,-8.3479456e-08,-0.98979163,-2.6222895e-07,-2.6222895e-07,-2.6216895e-07,-2.6220053e-07,0.9895856,3.2656324,0.10779790958103516
2.0,0.03352677720198981,-1.3546544e-07,-0.98979163,-2.6182886e-07,-2.6182886e-07,-2.6192848e-07,-2.618573e-07,0.9895856,3.2656324,0.1078302258079944
2.0,0.033536777201989804,-8.347945e-08,-0.98979163,-2.6222895e-07,-2.6222895e-07,-2.6216895e-07,-2.6220053e-07,0.9895856,3.2656324,0.10786254203495363
2.0,0.03354677720198981,-1.3546551e-07,-0.98979163,-2.6182886e-07,-2.6182886e-07,-2.6192848e-07,-2.618573e-07,0.9895856,3.2656324,0.10789485826191286
2.0,0.0335567772019898,-8.347945e-08,-0.98979163,-2.6222895e-07,-2.6222895e-07,-2.6216895e-07,-2.6220053e-07,0.9895856,3.2656324,0.1079271744888721
2.0,0.033566777201989806,-1.3546557e-07,-0.98979163,-2.6182886e-07,-2.6182886e-07,-2.6192848e-07,-2.618573e-07,0.9895856,3.2656324,0.10795949071583133
2.0,0.0335767772019898,-8.347944e-08,-0.98979163,-2.6222895e-07,-2.6222895e-07,-2.6216895e-07,-2.6220053e-07,0.9895856,3.2656324,0.10799180694279056
2.0,0.033586777201989805,-1.3546564e-07,-0.98979163,-2.6182886e-07,-2.6182886e-07,-2.6192848e-07,-2.618573e-07,0.9895856,3.2656324,0.1080241231697498
2.0,0.03359677720198981,-8.3479435e-08,-0.98979163,-2.6222895e-07,-2.6222895e-07,-2.6216895e-07,-2.6220053e-07,0.9895856,3.2656324,0.10805643939670903
2.0,0.033606777201989804,-1.354657e-07,-0.98979163,-2.6182886e-07,-2.6182886e-07,-2.6192848e-07,-2.618573e-07,0.9895856,3.2656324,0.10808875562366826
2.0,0.03361677720198981,-8.347943e-08,-0.98979163,-2.6222895e-07,-2.6222895e-07,-2.6216895e-07,-2.6220053e-07,0.9895856,3.2656324,0.1081210718506275
2.0,0.0336267772019898,-1.3546575e-07,-0.98979163,-2.6182886e-07,-2.6182886e-07,-2.6192848e-07,-2.618573e-07,0.9895856,3.2656324,0.10815338807758673
2.0,0.033636777201989806,-8.347942e-08,-0.98979163,-2.6222895e-07,-2.6222895e-07,-2.6216895e-07,-2.6220053e-07,0.9895856,3.2656324,0.10818570430454597
2.0,0.0336467772019898,-1.3546583e-07,-0.98979163,-2.6182886e-07,-2.6182886e-07,-2.6192848e-07,-2.618573e-07,0.9895856,3.2656324,0.1082180205315052
2.0,0.033656777201989806,-8.347941e-08,-0.98979163,-2.6222895e-07,-2.6222895e-07,-2.6216895e-07,-2.6220053e-07,0.9895856,3.2656324,0.10825033675846443
2.0,0.03366677720198981,-1.3546588e-07,-0.98979163,-2.6182886e-07,-2.6182886e-07,-2.6192848e-07,-2.618573e-07,0.9895856,3.2656324,0.10828265298542367
2.0,0.033676777201989805,-8.347939e-08,-0.98979163,-2.6222895e-07,-2.6222895e-07,-2.6216895e-07,-2.6220053e-07,0.9895856,3.2656324,0.1083149692123829
2.0,0.03368677720198981,-1.3546594e-07,-0.98979163,-2.6182886e-07,-2.6182886e-07,-2.6192848e-07,-2.618573e-07,0.9895856,3.2656324,0.10834728543934213
2.0,0.033696777201989804,-8.3479385e-08,-0.98979163,-2.6222895e-07,-2.6222895e-07,-2.6216895e-07,-2.6220053e-07,0.9895856,3.2656324,0.10837960166630137
2.0,0.03370677720198981,-1.3546601e-07,-0.98979163,-2.6182886e-07,-2.6182886e-07,-2.6192848e-07,-2.618573e-07,0.9895856,3.2656324,0.1084119178932606
2.0,0.0337167772019898,-8.3479364e-08,-0.98979163,-2.6222895e-07,-2.6222895e-07,-2.6216895e-07,-2.6220053e-07,0.9895856,3.2656324,0.10844423412021983
2.0,0.033726777201989806,-1.3546607e-07,-0.98979163,-2.6182886e-07,-2.6182886e-07,-2.6192848e-07,-2.618573e-07,0.9895856,3.2656324,0.10847655034717907
2.0,0.0337367772019898,-8.347935e-08,-0.98979163,-2.6222895e-07,-2.6222895e-07,-2.6216895e-07,-2.6220053e-07,0.9895856,3.2656324,0.1085088665741383
2.0,0.033746777201989805,-1.3546612e-07,-0.98979163,-2.6182886e-07,-2.6182886e-07,-2.6192848e-07,-2.618573e-07,0.9895856,3.2656324,0.10854118280109754
2.0,0.03375677720198981,-8.3479335e-08,-0.98979163,-2.6222895e-07,-2.6222895e-07,-2.6216895e-07,-2.6220053e-07,0.9895856,3.2656324,0.10857349902805677
2.0,0.033766777201989805,-1.354662e-07,-0.98979163,-2.6182886e-07,-2.6182886e-07,-2.6192848e-07,-2.618573e-07,0.9895856,3.2656324,0.108605815255016
2.0,0.03377677720198981,-8.3479314e-08,-0.98979163,-2.6222895e-07,-2.6222895e-07,-2.6216895e-07,-2.622005e-07,0.9895856,3.2656324,0.10863813148197524
2.0,0.033786777201989804,-1.3546625e-07,-0.98979163,-2.6182886e-07,-2.6182886e-07,-2.6192848e-07,-2.618573e-07,0.9895856,3.2656324,0.10867044770893447
2.0,0.03379677720198981,-8.34793e-08,-0.98979163,-2.6222895e-07,-2.6222895e-07,-2.6216892e-07,-2.622005e-07,0.9895856,3.2656324,0.1087027639358937
2.0,0.0338067772019898,-1.3546631e-07,-0.98979163,-2.6182886e-07,-2.6182886e-07,-2.6192848e-07,-2.618573e-07,0.9895856,3.2656324,0.10873508016285294
2.0,0.033816777201989806,-8.347928e-08,-0.98979163,-2.6222895e-07,-2.6222895e-07,-2.6216892e-07,-2.622005e-07,0.9895856,3.2656324,0.10876739638981217
2.0,0.0338267772019898,-1.3546637e-07,-0.98979163,-2.6182886e-07,-2.6182886e-07,-2.6192848e-07,-2.618573e-07,0.9895856,3.2656324,0.1087997126167714
2.0,0.033836777201989805,-8.347926e-08,-0.98979163,-2.6222895e-07,-2.6222895e-07,-2.6216892e-07,-2.622005e-07,0.9895856,3.2656324,0.10883202884373064
2.0,0.03384677720198981,-1.3546644e-07,-0.98979163,-2.6182886e-07,-2.6182886e-07,-2.6192848e-07,-2.618573e-07,0.9895856,3.2656324,0.10886434507068987
2.0,0.033856777201989804,-8.347923e-08,-0.98979163,-2.6222895e-07,-2.6222895e-07,-2.6216892e-07,-2.622005e-07,0.9895856,3.2656324,0.1088966612976491
2.0,0.03386677720198981,-1.354665e-07,-0.98979163,-2.6182886e-07,-2.6182886e-07,-2.6192848e-07,-2.618573e-07,0.9895856,3.2656324,0.10892897752460834
2.0,0.033876777201989804,-8.347921e-08,-0.98979163,-2.6222895e-07,-2.6222895e-07,-2.6216892e-07,-2.622005e-07,0.9895856,3.2656324,0.10896129375156757
2.0,0.03388677720198981,-1.3546655e-07,-0.98979163,-2.6182886e-07,-2.6182886e-07,-2.6192848e-07,-2.618573e-07,0.9895856,3.2656324,0.1089936099785268
2.0,0.0338967772019898,-8.347918e-08,-0.98979163,-2.6222895e-07,-2.6222895e-07,-2.6216892e-07,-2.622005e-07,0.9895856,3.2656324,0.10902592620548604
2.0,0.033906777201989806,-1.3546662e-07,-0.98979163,-2.6182886e-07,-2.6182886e-07,-2.6192848e-07,-2.618573e-07,0.9895856,3.2656324,0.10905824243244527
2.0,0.0339167772019898,-8.347916e-08,-0.98979163,-2.6222895e-07,-2.6222895e-07,-2.6216892e-07,-2.622005e-07,0.9895856,3.2656324,0.10909055865940451
2.0,0.033926777201989805,-1.3546668e-07,-0.98979163,-2.6182886e-07,-2.6182886e-07,-2.619285e-07,-2.618573e-07,0.9895856,3.2656324,0.10912287488636374
2.0,0.03393677720198981,-8.347913e-08,-0.98979163,-2.6222895e-07,-2.6222895e-07,-2.6216892e-07,-2.622005e-07,0.9895856,3.2656324,0.10915519111332297
2.0,0.033946777201989804,-1.3546673e-07,-0.98979163,-2.6182886e-07,-2.6182886e-07,-2.619285e-07,-2.618573e-07,0.9895856,3.2656324,0.10918750734028221
2.0,0.03395677720198981,-8.34791e-08,-0.98979163,-2.6222895e-07,-2.6222895e-07,-2.6216892e-07,-2.622005e-07,0.9895856,3.2656324,0.10921982356724144
2.0,0.0339667772019898,-1.3546679e-07,-0.98979163,-2.6182886e-07,-2.6182886e-07,-2.619285e-07,-2.618573e-07,0.9895856,3.2656324,0.10925213979420068
2.0,0.033976777201989806,-8.347907e-08,-0.98979163,-2.6222895e-07,-2.6222895e-07,-2.6216892e-07,-2.622005e-07,0.9895856,3.2656324,0.10928445602115991
2.0,0.0339867772019898,-1.3546686e-07,-0.98979163,-2.6182886e-07,-2.6182886e-07,-2.619285e-07,-2.618573e-07,0.9895856,3.2656324,0.10931677224811914
2.0,0.033996777201989806,-8.3479044e-08,-0.98979163,-2.6222895e-07,-2.6222895e-07,-2.6216892e-07,-2.622005e-07,0.9895856,3.2656324,0.10934908847507838
2.0,0.03400677720198981,-1.3546692e-07,-0.98979163,-2.6182886e-07,-2.6182886e-07,-2.619285e-07,-2.618573e-07,0.9895856,3.2656324,0.10938140470203761
2.0,0.034016777201989805,-8.347901e-08,-0.98979163,-2.6222895e-07,-2.6222895e-07,-2.6216892e-07,-2.622005e-07,0.9895856,3.2656324,0.10941372092899684
2.0,0.03402677720198981,-1.3546698e-07,-0.98979163,-2.6182886e-07,-2.6182886e-07,-2.619285e-07,-2.618573e-07,0.9895856,3.2656324,0.10944603715595608
2.0,0.034036777201989804,-8.347898e-08,-0.98979163,-2.6222895e-07,-2.6222895e-07,-2.6216892e-07,-2.622005e-07,0.9895856,3.2656324,0.10947835338291531
2.0,0.03404677720198981,-1.3546705e-07,-0.98979163,-2.6182886e-07,-2.6182886e-07,-2.619285e-07,-2.6185734e-07,0.9895856,3.2656324,0.10951066960987454
2.0,0.0340567772019898,-8.3478945e-08,-0.98979163,-2.6222895e-07,-2.6222895e-07,-2.6216892e-07,-2.622005e-07,0.9895856,3.2656324,0.10954298583683378
2.0,0.034066777201989806,-1.354671e-07,-0.98979163,-2.6182886e-07,-2.6182886e-07,-2.619285e-07,-2.6185734e-07,0.9895856,3.2656324,0.10957530206379301
2.0,0.0340767772019898,-8.3478916e-08,-0.98979163,-2.6222895e-07,-2.6222895e-07,-2.6216892e-07,-2.622005e-07,0.9895856,3.2656324,0.10960761829075225
2.0,0.034086777201989805,-1.3546716e-07,-0.98979163,-2.6182886e-07,-2.6182886e-07,-2.619285e-07,-2.6185734e-07,0.9895856,3.2656324,0.10963993451771148
2.0,0.03409677720198981,-8.347888e-08,-0.98979163,-2.6222895e-07,-2.6222895e-07,-2.6216892e-07,-2.622005e-07,0.9895856,3.2656324,0.10967225074467071
2.0,0.034106777201989805,-1.3546722e-07,-0.98979163,-2.6182886e-07,-2.6182886e-07,-2.619285e-07,-2.6185734e-07,0.9895856,3.2656324,0.10970456697162995
2.0,0.03411677720198981,-8.3478845e-08,-0.98979163,-2.6222895e-07,-2.6222895e-07,-2.6216892e-07,-2.622005e-07,0.9895856,3.2656324,0.10973688319858918
2.0,0.034126777201989804,-1.3546729e-07,-0.98979163,-2.6182886e-07,-2.6182886e-07,-2.619285e-07,-2.6185734e-07,0.9895856,3.2656324,0.10976919942554841
2.0,0.03413677720198981,-8.347881e-08,-0.98979163,-2.6222895e-07,-2.6222895e-07,-2.6216892e-07,-2.622005e-07,0.9895856,3.2656324,0.10980151565250765
2.0,0.0341467772019898,-1.3546735e-07,-0.98979163,-2.6182886e-07,-2.6182886e-07,-2.619285e-07,-2.6185734e-07,0.9895856,3.2656324,0.10983383187946688
2.0,0.034156777201989806,-8.3478774e-08,-0.98979163,-2.6222895e-07,-2.6222895e-07,-2.6216892e-07,-2.622005e-07,0.9895856,3.2656324,0.10986614810642611
2.0,0.0341667772019898,-1.354674e-07,-0.98979163,-2.6182886e-07,-2.6182886e-07,-2.619285e-07,-2.6185734e-07,0.9895856,3.2656324,0.10989846433338535
2.0,0.034176777201989805,-8.347873e-08,-0.98979163,-2.6222895e-07,-2.6222895e-07,-2.6216892e-07,-2.622005e-07,0.9895856,3.2656324,0.10993078056034458
2.0,0.03418677720198981,-1.3546747e-07,-0.98979163,-2.6182886e-07,-2.6182886e-07,-2.619285e-07,-2.6185734e-07,0.9895856,3.2656324,0.10996309678730382
2.0,0.034196777201989804,-8.3478696e-08,-0.98979163,-2.6222895e-07,-2.6222895e-07,-2.6216892e-07,-2.622005e-07,0.9895856,3.2656324,0.10999541301426305
2.0,0.03420677720198981,-1.3546753e-07,-0.98979163,-2.6182886e-07,-2.6182886e-07,-2.619285e-07,-2.6185734e-07,0.9895856,3.2656324,0.11002772924122228
2.0,0.034216777201989804,-8.347865e-08,-0.98979163,-2.6222895e-07,-2.6222895e-07,-2.6216892e-07,-2.622005e-07,0.9895856,3.2656324,0.11006004546818152
2.0,0.03422677720198981,-1.3546759e-07,-0.98979163,-2.6182886e-07,-2.6182886e-07,-2.619285e-07,-2.6185734e-07,0.9895856,3.2656324,0.11009236169514075
2.0,0.0342367772019898,-8.347862e-08,-0.98979163,-2.6222895e-07,-2.6222895e-07,-2.6216892e-07,-2.622005e-07,0.9895856,3.2656324,0.11012467792209998
2.0,0.034246777201989806,-1.3546766e-07,-0.98979163,-2.6182886e-07,-2.6182886e-07,-2.619285e-07,-2.6185734e-07,0.9895856,3.2656324,0.11015699414905922
2.0,0.0342567772019898,-8.3478575e-08,-0.98979163,-2.6222895e-07,-2.6222895e-07,-2.6216892e-07,-2.622005e-07,0.9895856,3.2656324,0.11018931037601845
2.0,0.034266777201989805,-1.3546772e-07,-0.98979163,-2.6182886e-07,-2.6182886e-07,-2.619285e-07,-2.6185734e-07,0.9895856,3.2656324,0.11022162660297768
2.0,0.03427677720198981,-8.347853e-08,-0.98979163,-2.6222895e-07,-2.6222895e-07,-2.6216892e-07,-2.622005e-07,0.9895856,3.2656324,0.11025394282993692
2.0,0.034286777201989804,-1.3546779e-07,-0.98979163,-2.6182886e-07,-2.6182886e-07,-2.619285e-07,-2.6185734e-07,0.9895856,3.2656324,0.11028625905689615
2.0,0.03429677720198981,-8.347849e-08,-0.98979163,-2.6222895e-07,-2.6222895e-07,-2.6216892e-07,-2.622005e-07,0.9895856,3.2656324,0.11031857528385539
2.0,0.0343067772019898,-1.3546784e-07,-0.98979163,-2.6182886e-07,-2.6182886e-07,-2.619285e-07,-2.6185734e-07,0.9895856,3.2656324,0.11035089151081462
2.0,0.034316777201989807,-8.347845e-08,-0.98979163,-2.6222895e-07,-2.6222895e-07,-2.6216892e-07,-2.622005e-07,0.9895856,3.2656324,0.11038320773777385
2.0,0.0343267772019898,-1.354679e-07,-0.98979163,-2.6182886e-07,-2.6182886e-07,-2.619285e-07,-2.6185734e-07,0.9895856,3.2656324,0.11041552396473309
2.0,0.034336777201989806,-8.3478405e-08,-0.98979163,-2.6222895e-07,-2.6222895e-07,-2.6216892e-07,-2.622005e-07,0.9895856,3.2656324,0.11044784019169232
2.0,0.03434677720198981,-1.3546797e-07,-0.98979163,-2.6182886e-07,-2.6182886e-07,-2.619285e-07,-2.6185734e-07,0.9895856,3.2656324,0.11048015641865155
2.0,0.034356777201989805,-8.347836e-08,-0.98979163,-2.6222895e-07,-2.6222895e-07,-2.6216892e-07,-2.622005e-07,0.9895856,3.2656324,0.11051247264561079
2.0,0.03436677720198981,-1.3546803e-07,-0.98979163,-2.6182886e-07,-2.6182886e-07,-2.619285e-07,-2.6185734e-07,0.9895856,3.2656324,0.11054478887257002
2.0,0.034376777201989804,-8.347831e-08,-0.98979163,-2.6222895e-07,-2.6222895e-07,-2.6216892e-07,-2.622005e-07,0.9895856,3.2656324,0.11057710509952925
2.0,0.03438677720198981,-1.354681e-07,-0.98979163,-2.6182886e-07,-2.6182886e-07,-2.619285e-07,-2.6185734e-07,0.9895856,3.2656324,0.11060942132648849
2.0,0.0343967772019898,-8.347827e-08,-0.98979163,-2.6222895e-07,-2.6222895e-07,-2.6216892e-07,-2.622005e-07,0.9895856,3.2656324,0.11064173755344772
2.0,0.034406777201989806,-1.3546816e-07,-0.98979163,-2.6182886e-07,-2.6182886e-07,-2.619285e-07,-2.6185734e-07,0.9895856,3.2656324,0.11067405378040696
2.0,0.0344167772019898,-8.347822e-08,-0.98979163,-2.6222892e-07,-2.6222892e-07,-2.6216892e-07,-2.622005e-07,0.9895856,3.2656324,0.11070637000736619
2.0,0.034426777201989806,-1.3546821e-07,-0.98979163,-2.6182886e-07,-2.6182886e-07,-2.619285e-07,-2.6185734e-07,0.9895856,3.2656324,0.11073868623432542
2.0,0.03443677720198981,-8.347818e-08,-0.98979163,-2.6222892e-07,-2.6222892e-07,-2.6216892e-07,-2.622005e-07,0.9895856,3.2656324,0.11077100246128466
2.0,0.034446777201989805,-1.3546828e-07,-0.98979163,-2.6182886e-07,-2.6182886e-07,-2.619285e-07,-2.6185734e-07,0.9895856,3.2656324,0.11080331868824389
2.0,0.03445677720198981,-8.347813e-08,-0.98979163,-2.6222892e-07,-2.6222892e-07,-2.6216892e-07,-2.622005e-07,0.9895856,3.2656324,0.11083563491520312
2.0,0.034466777201989804,-1.3546834e-07,-0.98979163,-2.6182886e-07,-2.6182886e-07,-2.619285e-07,-2.6185734e-07,0.9895856,3.2656324,0.11086795114216236
2.0,0.03447677720198981,-8.347808e-08,-0.98979163,-2.6222892e-07,-2.6222892e-07,-2.6216892e-07,-2.622005e-07,0.9895856,3.2656324,0.11090026736912159
2.0,0.0344867772019898,-1.3546841e-07,-0.98979163,-2.6182886e-07,-2.6182886e-07,-2.619285e-07,-2.6185734e-07,0.9895856,3.2656324,0.11093258359608082
2.0,0.034496777201989806,-8.347803e-08,-0.98979163,-2.6222892e-07,-2.6222892e-07,-2.6216892e-07,-2.622005e-07,0.9895856,3.2656324,0.11096489982304006
2.0,0.0345067772019898,-1.3546847e-07,-0.98979163,-2.618289e-07,-2.618289e-07,-2.619285e-07,-2.6185734e-07,0.9895856,3.2656324,0.11099721604999929
2.0,0.034516777201989805,-8.347798e-08,-0.98979163,-2.6222892e-07,-2.6222892e-07,-2.6216892e-07,-2.622005e-07,0.9895856,3.2656324,0.11102953227695853
2.0,0.03452677720198981,-1.3546854e-07,-0.98979163,-2.618289e-07,-2.618289e-07,-2.619285e-07,-2.6185734e-07,0.9895856,3.2656324,0.11106184850391776
2.0,0.034536777201989804,-8.347793e-08,-0.98979163,-2.6222892e-07,-2.6222892e-07,-2.6216892e-07,-2.622005e-07,0.9895856,3.2656324,0.111094164730877
2.0,0.03454677720198981,-1.354686e-07,-0.98979163,-2.618289e-07,-2.618289e-07,-2.619285e-07,-2.6185734e-07,0.9895856,3.2656324,0.11112648095783623
2.0,0.034556777201989804,-8.347788e-08,-0.98979163,-2.6222892e-07,-2.6222892e-07,-2.6216892e-07,-2.622005e-07,0.9895856,3.2656324,0.11115879718479546
2.0,0.03456677720198981,-1.3546867e-07,-0.98979163,-2.618289e-07,-2.618289e-07,-2.619285e-07,-2.6185734e-07,0.9895856,3.2656324,0.1111911134117547
2.0,0.0345767772019898,-8.347783e-08,-0.98979163,-2.6222892e-07,-2.6222892e-07,-2.6216892e-07,-2.622005e-07,0.9895856,3.2656324,0.11122342963871393
2.0,0.034586777201989806,-1.3546872e-07,-0.98979163,-2.618289e-07,-2.618289e-07,-2.619285e-07,-2.6185734e-07,0.9895856,3.2656324,0.11125574586567316
2.0,0.0345967772019898,-8.347778e-08,-0.98979163,-2.6222892e-07,-2.6222892e-07,-2.6216892e-07,-2.622005e-07,0.9895856,3.2656324,0.1112880620926324
2.0,0.034606777201989805,-1.354688e-07,-0.98979163,-2.618289e-07,-2.618289e-07,-2.619285e-07,-2.6185734e-07,0.9895856,3.2656324,0.11132037831959163
2.0,0.03461677720198981,-8.347772e-08,-0.98979163,-2.6222892e-07,-2.6222892e-07,-2.6216892e-07,-2.622005e-07,0.9895856,3.2656324,0.11135269454655086
2.0,0.034626777201989804,-1.3546885e-07,-0.98979163,-2.618289e-07,-2.618289e-07,-2.619285e-07,-2.6185734e-07,0.9895856,3.2656324,0.1113850107735101
2.0,0.03463677720198981,-8.347767e-08,-0.98979163,-2.6222892e-07,-2.6222892e-07,-2.6216892e-07,-2.622005e-07,0.9895856,3.2656324,0.11141732700046933
2.0,0.034646777201989803,-1.3546892e-07,-0.98979163,-2.618289e-07,-2.618289e-07,-2.619285e-07,-2.6185734e-07,0.9895856,3.2656324,0.11144964322742856
2.0,0.03465677720198981,-8.347762e-08,-0.98979163,-2.6222892e-07,-2.6222892e-07,-2.6216892e-07,-2.622005e-07,0.9895856,3.2656324,0.1114819594543878
2.0,0.0346667772019898,-1.35469e-07,-0.98979163,-2.618289e-07,-2.618289e-07,-2.619285e-07,-2.6185734e-07,0.9895856,3.2656324,0.11151427568134703
2.0,0.034676777201989806,-8.3477566e-08,-0.98979163,-2.6222892e-07,-2.6222892e-07,-2.621689e-07,-2.622005e-07,0.9895856,3.2656324,0.11154659190830626
2.0,0.0346867772019898,-1.3546905e-07,-0.98979163,-2.618289e-07,-2.618289e-07,-2.619285e-07,-2.6185734e-07,0.9895856,3.2656324,0.1115789081352655
2.0,0.034696777201989805,-8.347751e-08,-0.98979163,-2.6222892e-07,-2.6222892e-07,-2.621689e-07,-2.622005e-07,0.9895856,3.2656324,0.11161122436222473
2.0,0.03470677720198981,-1.3546912e-07,-0.98979163,-2.618289e-07,-2.618289e-07,-2.619285e-07,-2.6185734e-07,0.9895856,3.2656324,0.11164354058918396
2.0,0.034716777201989804,-8.347746e-08,-0.98979163,-2.6222892e-07,-2.6222892e-07,-2.621689e-07,-2.622005e-07,0.9895856,3.2656324,0.1116758568161432
2.0,0.03472677720198981,-1.3546918e-07,-0.98979163,-2.618289e-07,-2.618289e-07,-2.6192853e-07,-2.6185734e-07,0.9895856,3.2656324,0.11170817304310243
2.0,0.0347367772019898,-8.34774e-08,-0.98979163,-2.6222892e-07,-2.6222892e-07,-2.621689e-07,-2.622005e-07,0.9895856,3.2656324,0.11174048927006167
2.0,0.034746777201989806,-1.3546925e-07,-0.98979163,-2.618289e-07,-2.618289e-07,-2.6192853e-07,-2.6185734e-07,0.9895856,3.2656324,0.1117728054970209
2.0,0.0347567772019898,-8.3477346e-08,-0.98979163,-2.6222892e-07,-2.6222892e-07,-2.621689e-07,-2.622005e-07,0.9895856,3.2656324,0.11180512172398013
2.0,0.034766777201989806,-1.3546932e-07,-0.98979163,-2.618289e-07,-2.618289e-07,-2.6192853e-07,-2.6185734e-07,0.9895856,3.2656324,0.11183743795093937
2.0,0.03477677720198981,-8.347729e-08,-0.98979163,-2.6222892e-07,-2.6222892e-07,-2.621689e-07,-2.622005e-07,0.9895856,3.2656324,0.1118697541778986
2.0,0.034786777201989805,-1.3546938e-07,-0.98979163,-2.618289e-07,-2.618289e-07,-2.6192853e-07,-2.6185734e-07,0.9895856,3.2656324,0.11190207040485783
2.0,0.03479677720198981,-8.347723e-08,-0.98979163,-2.6222892e-07,-2.6222892e-07,-2.621689e-07,-2.622005e-07,0.9895856,3.2656324,0.11193438663181707
2.0,0.034806777201989804,-1.3546945e-07,-0.98979163,-2.618289e-07,-2.618289e-07,-2.6192853e-07,-2.6185734e-07,0.9895856,3.2656324,0.1119667028587763
2.0,0.03481677720198981,-8.3477175e-08,-0.98979163,-2.6222892e-07,-2.6222892e-07,-2.621689e-07,-2.622005e-07,0.9895856,3.2656324,0.11199901908573553
2.0,0.0348267772019898,-1.3546952e-07,-0.98979163,-2.618289e-07,-2.618289e-07,-2.6192853e-07,-2.6185734e-07,0.9895856,3.2656324,0.11203133531269477
2.0,0.034836777201989806,-8.347712e-08,-0.98979163,-2.6222892e-07,-2.6222892e-07,-2.621689e-07,-2.622005e-07,0.9895856,3.2656324,0.112063651539654
2.0,0.0348467772019898,-1.3546958e-07,-0.98979163,-2.618289e-07,-2.618289e-07,-2.6192853e-07,-2.6185734e-07,0.9895856,3.2656324,0.11209596776661324
2.0,0.034856777201989805,-8.347706e-08,-0.98979163,-2.6222892e-07,-2.6222892e-07,-2.621689e-07,-2.622005e-07,0.9895856,3.2656324,0.11212828399357247
2.0,0.03486677720198981,-1.3546965e-07,-0.98979163,-2.618289e-07,-2.618289e-07,-2.6192853e-07,-2.6185734e-07,0.9895856,3.2656324,0.1121606002205317
2.0,0.034876777201989805,-8.3477005e-08,-0.98979163,-2.6222892e-07,-2.6222892e-07,-2.621689e-07,-2.622005e-07,0.9895856,3.2656324,0.11219291644749094
2.0,0.03488677720198981,-1.3546972e-07,-0.98979163,-2.618289e-07,-2.618289e-07,-2.6192853e-07,-2.6185734e-07,0.9895856,3.2656324,0.11222523267445017
2.0,0.034896777201989804,-8.347694e-08,-0.98979163,-2.6222892e-07,-2.6222892e-07,-2.621689e-07,-2.622005e-07,0.9895856,3.2656324,0.1122575489014094
2.0,0.03490677720198981,-1.3546979e-07,-0.98979163,-2.618289e-07,-2.618289e-07,-2.6192853e-07,-2.6185734e-07,0.9895856,3.2656324,0.11228986512836864
2.0,0.0349167772019898,-8.3476884e-08,-0.98979163,-2.6222892e-07,-2.6222892e-07,-2.621689e-07,-2.622005e-07,0.9895856,3.2656324,0.11232218135532787
2.0,0.034926777201989806,-1.3546985e-07,-0.98979163,-2.618289e-07,-2.618289e-07,-2.6192853e-07,-2.6185734e-07,0.9895856,3.2656324,0.1123544975822871
2.0,0.0349367772019898,-8.347683e-08,-0.98979163,-2.6222892e-07,-2.6222892e-07,-2.621689e-07,-2.622005e-07,0.9895856,3.2656324,0.11238681380924634
2.0,0.034946777201989805,-1.3546992e-07,-0.98979163,-2.618289e-07,-2.618289e-07,-2.6192853e-07,-2.6185734e-07,0.9895856,3.2656324,0.11241913003620557
2.0,0.03495677720198981,-8.347676e-08,-0.98979163,-2.6222892e-07,-2.6222892e-07,-2.621689e-07,-2.622005e-07,0.9895856,3.2656324,0.1124514462631648
2.0,0.034966777201989804,-1.3546999e-07,-0.98979163,-2.618289e-07,-2.618289e-07,-2.6192853e-07,-2.6185734e-07,0.9895856,3.2656324,0.11248376249012404
2.0,0.03497677720198981,-8.3476706e-08,-0.98979163,-2.6222892e-07,-2.6222892e-07,-2.621689e-07,-2.622005e-07,0.9895856,3.2656324,0.11251607871708327
2.0,0.034986777201989804,-1.3547006e-07,-0.98979163,-2.618289e-07,-2.618289e-07,-2.6192853e-07,-2.6185734e-07,0.9895856,3.2656324,0.1125483949440425
2.0,0.03499677720198981,-8.347664e-08,-0.98979163,-2.6222892e-07,-2.6222892e-07,-2.621689e-07,-2.622005e-07,0.9895856,3.2656324,0.11258071117100174
2.0,0.0350067772019898,-1.3547012e-07,-0.98979163,-2.618289e-07,-2.618289e-07,-2.6192853e-07,-2.6185734e-07,0.9895856,3.2656324,0.11261302739796097
2.0,0.035016777201989806,-8.347658e-08,-0.98979163,-2.6222892e-07,-2.6222892e-07,-2.621689e-07,-2.622005e-07,0.9895856,3.2656324,0.11264534362492021
2.0,0.0350267772019898,-1.3547019e-07,-0.98979163,-2.618289e-07,-2.618289e-07,-2.6192853e-07,-2.6185734e-07,0.9895856,3.2656324,0.11267765985187944
2.0,0.035036777201989805,-8.347652e-08,-0.98979163,-2.6222892e-07,-2.6222892e-07,-2.621689e-07,-2.622005e-07,0.9895856,3.2656324,0.11270997607883868
2.0,0.03504677720198981,-1.3547026e-07,-0.98979163,-2.618289e-07,-2.618289e-07,-2.6192853e-07,-2.6185734e-07,0.9895856,3.2656324,0.11274229230579791
2.0,0.035056777201989804,-8.347646e-08,-0.98979163,-2.6222892e-07,-2.6222892e-07,-2.621689e-07,-2.622005e-07,0.9895856,3.2656324,0.11277460853275714
2.0,0.03506677720198981,-1.3547033e-07,-0.98979163,-2.618289e-07,-2.618289e-07,-2.6192853e-07,-2.6185734e-07,0.9895856,3.2656324,0.11280692475971638
2.0,0.0350767772019898,-8.3476394e-08,-0.98979163,-2.6222892e-07,-2.6222892e-07,-2.621689e-07,-2.622005e-07,0.9895856,3.2656324,0.11283924098667561
2.0,0.035086777201989806,-1.354704e-07,-0.98979163,-2.618289e-07,-2.618289e-07,-2.6192853e-07,-2.6185734e-07,0.9895856,3.2656324,0.11287155721363484
2.0,0.0350967772019898,-8.347633e-08,-0.98979163,-2.6222892e-07,-2.6222892e-07,-2.621689e-07,-2.622005e-07,0.9895856,3.2656324,0.11290387344059408
2.0,0.035106777201989806,-1.3547047e-07,-0.98979163,-2.618289e-07,-2.618289e-07,-2.6192853e-07,-2.6185734e-07,0.9895856,3.2656324,0.11293618966755331
2.0,0.03511677720198981,-8.3476266e-08,-0.98979163,-2.6222892e-07,-2.6222892e-07,-2.621689e-07,-2.622005e-07,0.9895856,3.2656324,0.11296850589451254
2.0,0.035126777201989805,-1.3547053e-07,-0.98979163,-2.618289e-07,-2.618289e-07,-2.6192853e-07,-2.6185734e-07,0.9895856,3.2656324,0.11300082212147178
2.0,0.03513677720198981,-8.34762e-08,-0.98979163,-2.6222892e-07,-2.6222892e-07,-2.621689e-07,-2.622005e-07,0.9895856,3.2656324,0.11303313834843101
2.0,0.035146777201989804,-1.354706e-07,-0.98979163,-2.618289e-07,-2.618289e-07,-2.6192853e-07,-2.6185734e-07,0.9895856,3.2656324,0.11306545457539025
2.0,0.03515677720198981,-8.347614e-08,-0.98979163,-2.6222892e-07,-2.6222892e-07,-2.621689e-07,-2.622005e-07,0.9895856,3.2656324,0.11309777080234948
2.0,0.0351667772019898,-1.3547067e-07,-0.98979163,-2.618289e-07,-2.618289e-07,-2.6192853e-07,-2.6185734e-07,0.9895856,3.2656324,0.11313008702930871
2.0,0.035176777201989806,-8.3476074e-08,-0.98979163,-2.6222892e-07,-2.6222892e-07,-2.621689e-07,-2.622005e-07,0.9895856,3.2656324,0.11316240325626795
2.0,0.0351867772019898,-1.3547074e-07,-0.98979163,-2.618289e-07,-2.618289e-07,-2.6192853e-07,-2.6185734e-07,0.9895856,3.2656324,0.11319471948322718
2.0,0.035196777201989805,-8.347601e-08,-0.98979163,-2.6222892e-07,-2.6222892e-07,-2.621689e-07,-2.622005e-07,0.9895856,3.2656324,0.11322703571018641
2.0,0.03520677720198981,-1.3547081e-07,-0.98979163,-2.618289e-07,-2.618289e-07,-2.6192853e-07,-2.6185734e-07,0.9895856,3.2656324,0.11325935193714565
2.0,0.035216777201989805,-8.3475946e-08,-0.98979163,-2.6222892e-07,-2.6222892e-07,-2.621689e-07,-2.622005e-07,0.9895856,3.2656324,0.11329166816410488
2.0,0.03522677720198981,-1.3547088e-07,-0.98979163,-2.618289e-07,-2.618289e-07,-2.6192853e-07,-2.6185734e-07,0.9895856,3.2656324,0.11332398439106411
2.0,0.035236777201989804,-8.347588e-08,-0.98979163,-2.6222892e-07,-2.6222892e-07,-2.621689e-07,-2.622005e-07,0.9895856,3.2656324,0.11335630061802335
2.0,0.03524677720198981,-1.3547096e-07,-0.98979163,-2.618289e-07,-2.618289e-07,-2.6192853e-07,-2.6185734e-07,0.9895856,3.2656324,0.11338861684498258
2.0,0.0352567772019898,-8.347582e-08,-0.98979163,-2.6222892e-07,-2.6222892e-07,-2.621689e-07,-2.622005e-07,0.9895856,3.2656324,0.11342093307194182
2.0,0.035266777201989806,-1.3547103e-07,-0.98979163,-2.618289e-07,-2.618289e-07,-2.6192853e-07,-2.6185734e-07,0.9895856,3.2656324,0.11345324929890105
2.0,0.0352767772019898,-8.347575e-08,-0.98979163,-2.6222892e-07,-2.6222892e-07,-2.621689e-07,-2.622005e-07,0.9895856,3.2656324,0.11348556552586028
2.0,0.035286777201989805,-1.354711e-07,-0.98979163,-2.618289e-07,-2.618289e-07,-2.6192853e-07,-2.6185734e-07,0.9895856,3.2656324,0.11351788175281952
2.0,0.03529677720198981,-8.347568e-08,-0.98979163,-2.6222892e-07,-2.6222892e-07,-2.621689e-07,-2.622005e-07,0.9895856,3.2656324,0.11355019797977875
2.0,0.035306777201989804,-1.3547117e-07,-0.98979163,-2.618289e-07,-2.618289e-07,-2.6192853e-07,-2.6185734e-07,0.9895856,3.2656324,0.11358251420673798
2.0,0.03531677720198981,-8.347562e-08,-0.98979163,-2.6222892e-07,-2.6222892e-07,-2.621689e-07,-2.622005e-07,0.9895856,3.2656324,0.11361483043369722
2.0,0.035326777201989804,-1.3547124e-07,-0.98979163,-2.618289e-07,-2.618289e-07,-2.6192853e-07,-2.6185734e-07,0.9895856,3.2656324,0.11364714666065645
2.0,0.03533677720198981,-8.347555e-08,-0.98979163,-2.6222892e-07,-2.6222892e-07,-2.621689e-07,-2.622005e-07,0.9895856,3.2656324,0.11367946288761568
2.0,0.0353467772019898,-1.3547131e-07,-0.98979163,-2.618289e-07,-2.618289e-07,-2.6192853e-07,-2.6185734e-07,0.9895856,3.2656324,0.11371177911457492
2.0,0.035356777201989806,-8.3475484e-08,-0.98979163,-2.6222892e-07,-2.6222892e-07,-2.621689e-07,-2.622005e-07,0.9895856,3.2656324,0.11374409534153415
2.0,0.0353667772019898,-1.3547138e-07,-0.98979163,-2.618289e-07,-2.618289e-07,-2.6192853e-07,-2.6185734e-07,0.9895856,3.2656324,0.11377641156849339
2.0,0.035376777201989805,-8.347541e-08,-0.98979163,-2.6222892e-07,-2.6222892e-07,-2.621689e-07,-2.622005e-07,0.9895856,3.2656324,0.11380872779545262
2.0,0.03538677720198981,-1.3547145e-07,-0.98979163,-2.618289e-07,-2.618289e-07,-2.6192853e-07,-2.6185734e-07,0.9895856,3.2656324,0.11384104402241185
2.0,0.035396777201989804,-8.347535e-08,-0.98979163,-2.6222892e-07,-2.6222892e-07,-2.621689e-07,-2.6220047e-07,0.9895856,3.2656324,0.11387336024937109
2.0,0.03540677720198981,-1.3547152e-07,-0.98979163,-2.618289e-07,-2.618289e-07,-2.6192853e-07,-2.6185734e-07,0.9895856,3.2656324,0.11390567647633032
2.0,0.0354167772019898,-8.347528e-08,-0.98979163,-2.6222892e-07,-2.6222892e-07,-2.621689e-07,-2.6220047e-07,0.9895856,3.2656324,0.11393799270328955
2.0,0.035426777201989806,-1.354716e-07,-0.98979163,-2.618289e-07,-2.618289e-07,-2.6192853e-07,-2.6185734e-07,0.9895856,3.2656324,0.11397030893024879
2.0,0.0354367772019898,-8.3475214e-08,-0.98979163,-2.6222892e-07,-2.6222892e-07,-2.621689e-07,-2.6220047e-07,0.9895856,3.2656324,0.11400262515720802
2.0,0.035446777201989806,-1.3547167e-07,-0.98979163,-2.618289e-07,-2.618289e-07,-2.6192853e-07,-2.6185734e-07,0.9895856,3.2656324,0.11403494138416725
2.0,0.03545677720198981,-8.347514e-08,-0.98979163,-2.6222892e-07,-2.6222892e-07,-2.621689e-07,-2.6220047e-07,0.9895856,3.2656324,0.11406725761112649
2.0,0.035466777201989805,-1.3547174e-07,-0.98979163,-2.618289e-07,-2.618289e-07,-2.6192853e-07,-2.6185734e-07,0.9895856,3.2656324,0.11409957383808572
2.0,0.03547677720198981,-8.347507e-08,-0.98979163,-2.6222892e-07,-2.6222892e-07,-2.621689e-07,-2.6220047e-07,0.9895856,3.2656324,0.11413189006504496
2.0,0.035486777201989804,-1.3547181e-07,-0.98979163,-2.618289e-07,-2.618289e-07,-2.6192853e-07,-2.6185734e-07,0.9895856,3.2656324,0.11416420629200419
2.0,0.03549677720198981,-8.347501e-08,-0.98979163,-2.6222892e-07,-2.6222892e-07,-2.621689e-07,-2.6220047e-07,0.9895856,3.2656324,0.11419652251896342
2.0,0.0355067772019898,-1.3547188e-07,-0.98979163,-2.618289e-07,-2.618289e-07,-2.6192853e-07,-2.6185737e-07,0.9895856,3.2656324,0.11422883874592266
2.0,0.035516777201989806,-8.347494e-08,-0.98979163,-2.6222892e-07,-2.6222892e-07,-2.621689e-07,-2.6220047e-07,0.9895856,3.2656324,0.11426115497288189
2.0,0.0355267772019898,-1.3547196e-07,-0.98979163,-2.618289e-07,-2.618289e-07,-2.6192853e-07,-2.6185737e-07,0.9895856,3.2656324,0.11429347119984112
2.0,0.035536777201989805,-8.3474866e-08,-0.98979163,-2.6222892e-07,-2.6222892e-07,-2.6216887e-07,-2.6220047e-07,0.9895856,3.2656324,0.11432578742680036
2.0,0.03554677720198981,-1.3547204e-07,-0.98979163,-2.618289e-07,-2.618289e-07,-2.6192856e-07,-2.6185737e-07,0.9895856,3.2656324,0.11435810365375959
2.0,0.035556777201989805,-8.3474795e-08,-0.98979163,-2.6222892e-07,-2.6222892e-07,-2.6216887e-07,-2.6220047e-07,0.9895856,3.2656324,0.11439041988071882
2.0,0.03556677720198981,-1.354721e-07,-0.98979163,-2.618289e-07,-2.618289e-07,-2.6192856e-07,-2.6185737e-07,0.9895856,3.2656324,0.11442273610767806
2.0,0.035576777201989804,-8.347473e-08,-0.98979163,-2.6222892e-07,-2.6222892e-07,-2.6216887e-07,-2.6220047e-07,0.9895856,3.2656324,0.11445505233463729
2.0,0.03558677720198981,-1.3547218e-07,-0.98979163,-2.618289e-07,-2.618289e-07,-2.6192856e-07,-2.6185737e-07,0.9895856,3.2656324,0.11448736856159653
2.0,0.0355967772019898,-8.347466e-08,-0.98979163,-2.6222892e-07,-2.6222892e-07,-2.6216887e-07,-2.6220047e-07,0.9895856,3.2656324,0.11451968478855576
2.0,0.035606777201989806,-1.3547225e-07,-0.98979163,-2.618289e-07,-2.618289e-07,-2.6192856e-07,-2.6185737e-07,0.9895856,3.2656324,0.11455200101551499
2.0,0.0356167772019898,-8.347459e-08,-0.98979163,-2.6222892e-07,-2.6222892e-07,-2.6216887e-07,-2.6220047e-07,0.9895856,3.2656324,0.11458431724247423
2.0,0.035626777201989805,-1.3547232e-07,-0.98979163,-2.618289e-07,-2.618289e-07,-2.6192856e-07,-2.6185737e-07,0.9895856,3.2656324,0.11461663346943346
2.0,0.03563677720198981,-8.347452e-08,-0.98979163,-2.6222892e-07,-2.6222892e-07,-2.6216887e-07,-2.6220047e-07,0.9895856,3.2656324,0.1146489496963927
2.0,0.035646777201989804,-1.354724e-07,-0.98979163,-2.618289e-07,-2.618289e-07,-2.6192856e-07,-2.6185737e-07,0.9895856,3.2656324,0.11468126592335193
2.0,0.03565677720198981,-8.347445e-08,-0.98979163,-2.6222892e-07,-2.6222892e-07,-2.6216887e-07,-2.6220047e-07,0.9895856,3.2656324,0.11471358215031116
2.0,0.035666777201989804,-1.3547248e-07,-0.98979163,-2.618289e-07,-2.618289e-07,-2.6192856e-07,-2.6185737e-07,0.9895856,3.2656324,0.1147458983772704
2.0,0.03567677720198981,-8.3474376e-08,-0.98979163,-2.6222892e-07,-2.6222892e-07,-2.6216887e-07,-2.6220047e-07,0.9895856,3.2656324,0.11477821460422963
2.0,0.0356867772019898,-1.3547255e-07,-0.98979163,-2.618289e-07,-2.618289e-07,-2.6192856e-07,-2.6185737e-07,0.9895856,3.2656324,0.11481053083118886
2.0,0.035696777201989806,-8.3474305e-08,-0.98979163,-2.6222892e-07,-2.6222892e-07,-2.6216887e-07,-2.6220047e-07,0.9895856,3.2656324,0.1148428470581481
2.0,0.0357067772019898,-1.3547262e-07,-0.98979163,-2.618289e-07,-2.618289e-07,-2.6192856e-07,-2.6185737e-07,0.9895856,3.2656324,0.11487516328510733
2.0,0.035716777201989805,-8.3474234e-08,-0.98979163,-2.6222892e-07,-2.6222892e-07,-2.6216887e-07,-2.6220047e-07,0.9895856,3.2656324,0.11490747951206656
2.0,0.03572677720198981,-1.3547269e-07,-0.98979163,-2.618289e-07,-2.618289e-07,-2.6192856e-07,-2.6185737e-07,0.9895856,3.2656324,0.1149397957390258
2.0,0.035736777201989804,-8.3474156e-08,-0.98979163,-2.622289e-07,-2.622289e-07,-2.6216887e-07,-2.6220047e-07,0.9895856,3.2656324,0.11497211196598503
2.0,0.03574677720198981,-1.3547277e-07,-0.98979163,-2.618289e-07,-2.618289e-07,-2.6192856e-07,-2.6185737e-07,0.9895856,3.2656324,0.11500442819294426
2.0,0.0357567772019898,-8.3474085e-08,-0.98979163,-2.622289e-07,-2.622289e-07,-2.6216887e-07,-2.6220047e-07,0.9895856,3.2656324,0.1150367444199035
2.0,0.035766777201989806,-1.3547285e-07,-0.98979163,-2.618289e-07,-2.618289e-07,-2.6192856e-07,-2.6185737e-07,0.9895856,3.2656324,0.11506906064686273
2.0,0.0357767772019898,-8.347401e-08,-0.98979163,-2.622289e-07,-2.622289e-07,-2.6216887e-07,-2.6220047e-07,0.9895856,3.2656324,0.11510137687382196
2.0,0.035786777201989806,-1.3547292e-07,-0.98979163,-2.6182892e-07,-2.6182892e-07,-2.6192856e-07,-2.6185737e-07,0.9895856,3.2656324,0.1151336931007812
2.0,0.03579677720198981,-8.347394e-08,-0.98979163,-2.622289e-07,-2.622289e-07,-2.6216887e-07,-2.6220047e-07,0.9895856,3.2656324,0.11516600932774043
2.0,0.035806777201989805,-1.3547299e-07,-0.98979163,-2.6182892e-07,-2.6182892e-07,-2.6192856e-07,-2.6185737e-07,0.9895856,3.2656324,0.11519832555469967
2.0,0.03581677720198981,-8.347387e-08,-0.98979163,-2.622289e-07,-2.622289e-07,-2.6216887e-07,-2.6220047e-07,0.9895856,3.2656324,0.1152306417816589
2.0,0.035826777201989804,-1.3547307e-07,-0.98979163,-2.6182892e-07,-2.6182892e-07,-2.6192856e-07,-2.6185737e-07,0.9895856,3.2656324,0.11526295800861813
2.0,0.03583677720198981,-8.347379e-08,-0.98979163,-2.622289e-07,-2.622289e-07,-2.6216887e-07,-2.6220047e-07,0.9895856,3.2656324,0.11529527423557737
2.0,0.0358467772019898,-1.3547314e-07,-0.98979163,-2.6182892e-07,-2.6182892e-07,-2.6192856e-07,-2.6185737e-07,0.9895856,3.2656324,0.1153275904625366
2.0,0.035856777201989806,-8.347372e-08,-0.98979163,-2.622289e-07,-2.622289e-07,-2.6216887e-07,-2.6220047e-07,0.9895856,3.2656324,0.11535990668949583
2.0,0.0358667772019898,-1.3547321e-07,-0.98979163,-2.6182892e-07,-2.6182892e-07,-2.6192856e-07,-2.6185737e-07,0.9895856,3.2656324,0.11539222291645507
2.0,0.035876777201989805,-8.347365e-08,-0.98979163,-2.622289e-07,-2.622289e-07,-2.6216887e-07,-2.6220047e-07,0.9895856,3.2656324,0.1154245391434143
2.0,0.03588677720198981,-1.354733e-07,-0.98979163,-2.6182892e-07,-2.6182892e-07,-2.6192856e-07,-2.6185737e-07,0.9895856,3.2656324,0.11545685537037353
2.0,0.035896777201989805,-8.347357e-08,-0.98979163,-2.622289e-07,-2.622289e-07,-2.6216887e-07,-2.6220047e-07,0.9895856,3.2656324,0.11548917159733277
2.0,0.03590677720198981,-1.3547337e-07,-0.98979163,-2.6182892e-07,-2.6182892e-07,-2.6192856e-07,-2.6185737e-07,0.9895856,3.2656324,0.115521487824292
2.0,0.035916777201989804,-8.34735e-08,-0.98979163,-2.622289e-07,-2.622289e-07,-2.6216887e-07,-2.6220047e-07,0.9895856,3.2656324,0.11555380405125124
2.0,0.03592677720198981,-1.3547344e-07,-0.98979163,-2.6182892e-07,-2.6182892e-07,-2.6192856e-07,-2.6185737e-07,0.9895856,3.2656324,0.11558612027821047
2.0,0.0359367772019898,-8.3473424e-08,-0.98979163,-2.622289e-07,-2.622289e-07,-2.6216887e-07,-2.6220047e-07,0.9895856,3.2656324,0.1156184365051697
2.0,0.035946777201989806,-1.3547353e-07,-0.98979163,-2.6182892e-07,-2.6182892e-07,-2.6192856e-07,-2.6185737e-07,0.9895856,3.2656324,0.11565075273212894
2.0,0.0359567772019898,-8.347335e-08,-0.98979163,-2.622289e-07,-2.622289e-07,-2.6216887e-07,-2.6220047e-07,0.9895856,3.2656324,0.11568306895908817
2.0,0.035966777201989805,-1.354736e-07,-0.98979163,-2.6182892e-07,-2.6182892e-07,-2.6192856e-07,-2.6185737e-07,0.9895856,3.2656324,0.1157153851860474
2.0,0.03597677720198981,-8.347328e-08,-0.98979163,-2.622289e-07,-2.622289e-07,-2.6216887e-07,-2.6220047e-07,0.9895856,3.2656324,0.11574770141300664
2.0,0.035986777201989804,-1.3547367e-07,-0.98979163,-2.6182892e-07,-2.6182892e-07,-2.6192856e-07,-2.6185737e-07,0.9895856,3.2656324,0.11578001763996587
2.0,0.03599677720198981,-8.34732e-08,-0.98979163,-2.622289e-07,-2.622289e-07,-2.6216887e-07,-2.6220047e-07,0.9895856,3.2656324,0.1158123338669251
2.0,0.036006777201989804,-1.3547375e-07,-0.98979163,-2.6182892e-07,-2.6182892e-07,-2.6192856e-07,-2.6185737e-07,0.9895856,3.2656324,0.11584465009388434
2.0,0.03601677720198981,-8.347313e-08,-0.98979163,-2.622289e-07,-2.622289e-07,-2.6216887e-07,-2.6220047e-07,0.9895856,3.2656324,0.11587696632084357
2.0,0.0360267772019898,-1.3547383e-07,-0.98979163,-2.6182892e-07,-2.6182892e-07,-2.6192856e-07,-2.6185737e-07,0.9895856,3.2656324,0.1159092825478028
2.0,0.036036777201989806,-8.3473054e-08,-0.98979163,-2.622289e-07,-2.622289e-07,-2.6216887e-07,-2.6220047e-07,0.9895856,3.2656324,0.11594159877476204
2.0,0.0360467772019898,-1.354739e-07,-0.98979163,-2.6182892e-07,-2.6182892e-07,-2.6192856e-07,-2.6185737e-07,0.9895856,3.2656324,0.11597391500172127
2.0,0.036056777201989805,-8.3472976e-08,-0.98979163,-2.622289e-07,-2.622289e-07,-2.6216887e-07,-2.6220047e-07,0.9895856,3.2656324,0.1160062312286805
2.0,0.03606677720198981,-1.3547398e-07,-0.98979163,-2.6182892e-07,-2.6182892e-07,-2.6192856e-07,-2.6185737e-07,0.9895856,3.2656324,0.11603854745563974
2.0,0.036076777201989804,-8.3472905e-08,-0.98979163,-2.622289e-07,-2.622289e-07,-2.6216887e-07,-2.6220047e-07,0.9895856,3.2656324,0.11607086368259897
2.0,0.03608677720198981,-1.3547405e-07,-0.98979163,-2.6182892e-07,-2.6182892e-07,-2.6192856e-07,-2.6185737e-07,0.9895856,3.2656324,0.11610317990955821
2.0,0.0360967772019898,-8.347283e-08,-0.98979163,-2.622289e-07,-2.622289e-07,-2.6216887e-07,-2.6220047e-07,0.9895856,3.2656324,0.11613549613651744
2.0,0.036106777201989806,-1.3547414e-07,-0.98979163,-2.6182892e-07,-2.6182892e-07,-2.6192856e-07,-2.6185737e-07,0.9895856,3.2656324,0.11616781236347667
2.0,0.0361167772019898,-8.3472756e-08,-0.98979163,-2.622289e-07,-2.622289e-07,-2.6216887e-07,-2.6220047e-07,0.9895856,3.2656324,0.11620012859043591
2.0,0.036126777201989806,-1.3547421e-07,-0.98979163,-2.6182892e-07,-2.6182892e-07,-2.6192856e-07,-2.6185737e-07,0.9895856,3.2656324,0.11623244481739514
2.0,0.0361367772019898,-8.347268e-08,-0.98979163,-2.622289e-07,-2.622289e-07,-2.6216887e-07,-2.6220047e-07,0.9895856,3.2656324,0.11626476104435438
2.0,0.036146777201989805,-1.3547428e-07,-0.98979163,-2.6182892e-07,-2.6182892e-07,-2.6192856e-07,-2.6185737e-07,0.9895856,3.2656324,0.11629707727131361
2.0,0.03615677720198981,-8.34726e-08,-0.98979163,-2.622289e-07,-2.622289e-07,-2.6216887e-07,-2.6220047e-07,0.9895856,3.2656324,0.11632939349827284
2.0,0.036166777201989804,-1.3547437e-07,-0.98979163,-2.6182892e-07,-2.6182892e-07,-2.6192856e-07,-2.6185737e-07,0.9895856,3.2656324,0.11636170972523208
2.0,0.03617677720198981,-8.347252e-08,-0.98979163,-2.622289e-07,-2.622289e-07,-2.6216887e-07,-2.6220047e-07,0.9895856,3.2656324,0.11639402595219131
2.0,0.0361867772019898,-1.3547444e-07,-0.98979163,-2.6182892e-07,-2.6182892e-07,-2.6192856e-07,-2.6185737e-07,0.9895856,3.2656324,0.11642634217915054
2.0,0.036196777201989806,-8.347245e-08,-0.98979163,-2.622289e-07,-2.622289e-07,-2.6216887e-07,-2.6220047e-07,0.9895856,3.2656324,0.11645865840610978
2.0,0.0362067772019898,-1.3547452e-07,-0.98979163,-2.6182892e-07,-2.6182892e-07,-2.6192856e-07,-2.6185737e-07,0.9895856,3.2656324,0.11649097463306901
2.0,0.036216777201989805,-8.347237e-08,-0.98979163,-2.622289e-07,-2.622289e-07,-2.6216887e-07,-2.6220047e-07,0.9895856,3.2656324,0.11652329086002824
2.0,0.03622677720198981,-1.354746e-07,-0.98979163,-2.6182892e-07,-2.6182892e-07,-2.6192856e-07,-2.6185737e-07,0.9895856,3.2656324,0.11655560708698748
2.0,0.036236777201989805,-8.3472294e-08,-0.98979163,-2.622289e-07,-2.622289e-07,-2.6216887e-07,-2.6220047e-07,0.9895856,3.2656324,0.11658792331394671
2.0,0.03624677720198981,-1.3547468e-07,-0.98979163,-2.6182892e-07,-2.6182892e-07,-2.6192856e-07,-2.6185737e-07,0.9895856,3.2656324,0.11662023954090595
2.0,0.036256777201989804,-8.3472216e-08,-0.98979163,-2.622289e-07,-2.622289e-07,-2.6216887e-07,-2.6220047e-07,0.9895856,3.2656324,0.11665255576786518
2.0,0.03626677720198981,-1.3547475e-07,-0.98979163,-2.6182892e-07,-2.6182892e-07,-2.6192856e-07,-2.6185737e-07,0.9895856,3.2656324,0.11668487199482441
2.0,0.0362767772019898,-8.3472145e-08,-0.98979163,-2.622289e-07,-2.622289e-07,-2.6216887e-07,-2.6220047e-07,0.9895856,3.2656324,0.11671718822178365
2.0,0.036286777201989806,-1.3547483e-07,-0.98979163,-2.6182892e-07,-2.6182892e-07,-2.6192856e-07,-2.6185737e-07,0.9895856,3.2656324,0.11674950444874288
2.0,0.0362967772019898,-8.347207e-08,-0.98979163,-2.622289e-07,-2.622289e-07,-2.6216887e-07,-2.6220047e-07,0.9895856,3.2656324,0.11678182067570211
2.0,0.036306777201989805,-1.354749e-07,-0.98979163,-2.6182892e-07,-2.6182892e-07,-2.6192856e-07,-2.6185737e-07,0.9895856,3.2656324,0.11681413690266135
2.0,0.03631677720198981,-8.347199e-08,-0.98979163,-2.622289e-07,-2.622289e-07,-2.6216887e-07,-2.6220047e-07,0.9895856,3.2656324,0.11684645312962058
2.0,0.036326777201989804,-1.3547499e-07,-0.98979163,-2.6182892e-07,-2.6182892e-07,-2.6192856e-07,-2.6185737e-07,0.9895856,3.2656324,0.11687876935657981
2.0,0.03633677720198981,-8.347191e-08,-0.98979163,-2.622289e-07,-2.622289e-07,-2.6216887e-07,-2.6220047e-07,0.9895856,3.2656324,0.11691108558353905
2.0,0.036346777201989804,-1.3547506e-07,-0.98979163,-2.6182892e-07,-2.6182892e-07,-2.6192856e-07,-2.6185737e-07,0.9895856,3.2656324,0.11694340181049828
2.0,0.03635677720198981,-8.347183e-08,-0.98979163,-2.622289e-07,-2.622289e-07,-2.6216884e-07,-2.6220047e-07,0.9895856,3.2656324,0.11697571803745752
2.0,0.0363667772019898,-1.3547515e-07,-0.98979163,-2.6182892e-07,-2.6182892e-07,-2.6192856e-07,-2.6185737e-07,0.9895856,3.2656324,0.11700803426441675
2.0,0.036376777201989806,-8.3471754e-08,-0.98979163,-2.622289e-07,-2.622289e-07,-2.6216884e-07,-2.6220047e-07,0.9895856,3.2656324,0.11704035049137598
2.0,0.0363867772019898,-1.3547522e-07,-0.98979163,-2.6182892e-07,-2.6182892e-07,-2.619286e-07,-2.6185737e-07,0.9895856,3.2656324,0.11707266671833522
2.0,0.036396777201989805,-8.3471676e-08,-0.98979163,-2.622289e-07,-2.622289e-07,-2.6216884e-07,-2.6220047e-07,0.9895856,3.2656324,0.11710498294529445
2.0,0.03640677720198981,-1.354753e-07,-0.98979163,-2.6182892e-07,-2.6182892e-07,-2.619286e-07,-2.6185737e-07,0.9895856,3.2656324,0.11713729917225368
2.0,0.036416777201989804,-8.34716e-08,-0.98979163,-2.622289e-07,-2.622289e-07,-2.6216884e-07,-2.6220047e-07,0.9895856,3.2656324,0.11716961539921292
2.0,0.03642677720198981,-1.3547537e-07,-0.98979163,-2.6182892e-07,-2.6182892e-07,-2.619286e-07,-2.6185737e-07,0.9895856,3.2656324,0.11720193162617215
2.0,0.0364367772019898,-8.347152e-08,-0.98979163,-2.622289e-07,-2.622289e-07,-2.6216884e-07,-2.6220047e-07,0.9895856,3.2656324,0.11723424785313138
2.0,0.036446777201989806,-1.3547546e-07,-0.98979163,-2.6182892e-07,-2.6182892e-07,-2.619286e-07,-2.6185737e-07,0.9895856,3.2656324,0.11726656408009062
2.0,0.0364567772019898,-8.347144e-08,-0.98979163,-2.622289e-07,-2.622289e-07,-2.6216884e-07,-2.6220047e-07,0.9895856,3.2656324,0.11729888030704985
2.0,0.036466777201989806,-1.3547553e-07,-0.98979163,-2.6182892e-07,-2.6182892e-07,-2.619286e-07,-2.6185737e-07,0.9895856,3.2656324,0.11733119653400909
2.0,0.0364767772019898,-8.347136e-08,-0.98979163,-2.622289e-07,-2.622289e-07,-2.6216884e-07,-2.6220047e-07,0.9895856,3.2656324,0.11736351276096832
2.0,0.036486777201989805,-1.3547562e-07,-0.98979163,-2.6182892e-07,-2.6182892e-07,-2.619286e-07,-2.6185737e-07,0.9895856,3.2656324,0.11739582898792755
2.0,0.03649677720198981,-8.3471285e-08,-0.98979163,-2.622289e-07,-2.622289e-07,-2.6216884e-07,-2.6220047e-07,0.9895856,3.2656324,0.11742814521488679
2.0,0.036506777201989804,-1.354757e-07,-0.98979163,-2.6182892e-07,-2.6182892e-07,-2.619286e-07,-2.6185737e-07,0.9895856,3.2656324,0.11746046144184602
2.0,0.03651677720198981,-8.347121e-08,-0.98979163,-2.622289e-07,-2.622289e-07,-2.6216884e-07,-2.6220047e-07,0.9895856,3.2656324,0.11749277766880525
2.0,0.0365267772019898,-1.3547577e-07,-0.98979163,-2.6182892e-07,-2.6182892e-07,-2.619286e-07,-2.6185737e-07,0.9895856,3.2656324,0.11752509389576449
2.0,0.036536777201989806,-8.347113e-08,-0.98979163,-2.622289e-07,-2.622289e-07,-2.6216884e-07,-2.6220047e-07,0.9895856,3.2656324,0.11755741012272372
2.0,0.0365467772019898,-1.3547586e-07,-0.98979163,-2.6182892e-07,-2.6182892e-07,-2.619286e-07,-2.6185737e-07,0.9895856,3.2656324,0.11758972634968295
2.0,0.036556777201989805,-8.347105e-08,-0.98979163,-2.622289e-07,-2.622289e-07,-2.6216884e-07,-2.6220047e-07,0.9895856,3.2656324,0.11762204257664219
2.0,0.03656677720198981,-1.3547593e-07,-0.98979163,-2.6182892e-07,-2.6182892e-07,-2.619286e-07,-2.6185737e-07,0.9895856,3.2656324,0.11765435880360142
2.0,0.036576777201989805,-8.347097e-08,-0.98979163,-2.622289e-07,-2.622289e-07,-2.6216884e-07,-2.6220047e-07,0.9895856,3.2656324,0.11768667503056066
2.0,0.03658677720198981,-1.3547601e-07,-0.98979163,-2.6182892e-07,-2.6182892e-07,-2.619286e-07,-2.6185737e-07,0.9895856,3.2656324,0.11771899125751989
2.0,0.036596777201989804,-8.3470894e-08,-0.98979163,-2.622289e-07,-2.622289e-07,-2.6216884e-07,-2.6220047e-07,0.9895856,3.2656324,0.11775130748447912
2.0,0.03660677720198981,-1.354761e-07,-0.98979163,-2.6182892e-07,-2.6182892e-07,-2.619286e-07,-2.6185737e-07,0.9895856,3.2656324,0.11778362371143836
2.0,0.0366167772019898,-8.3470816e-08,-0.98979163,-2.622289e-07,-2.622289e-07,-2.6216884e-07,-2.6220047e-07,0.9895856,3.2656324,0.11781593993839759
2.0,0.036626777201989806,-1.3547617e-07,-0.98979163,-2.6182892e-07,-2.6182892e-07,-2.619286e-07,-2.6185737e-07,0.9895856,3.2656324,0.11784825616535682
2.0,0.0366367772019898,-8.347074e-08,-0.98979163,-2.622289e-07,-2.622289e-07,-2.6216884e-07,-2.6220047e-07,0.9895856,3.2656324,0.11788057239231606
2.0,0.036646777201989805,-1.3547626e-07,-0.98979163,-2.6182892e-07,-2.6182892e-07,-2.619286e-07,-2.6185737e-07,0.9895856,3.2656324,0.11791288861927529
2.0,0.03665677720198981,-8.347065e-08,-0.98979163,-2.622289e-07,-2.622289e-07,-2.6216884e-07,-2.6220047e-07,0.9895856,3.2656324,0.11794520484623452
2.0,0.036666777201989804,-1.3547633e-07,-0.98979163,-2.6182892e-07,-2.6182892e-07,-2.619286e-07,-2.6185737e-07,0.9895856,3.2656324,0.11797752107319376
2.0,0.03667677720198981,-8.3470574e-08,-0.98979163,-2.622289e-07,-2.622289e-07,-2.6216884e-07,-2.6220047e-07,0.9895856,3.2656324,0.11800983730015299
2.0,0.036686777201989804,-1.3547641e-07,-0.98979163,-2.6182892e-07,-2.6182892e-07,-2.619286e-07,-2.6185737e-07,0.9895856,3.2656324,0.11804215352711223
2.0,0.03669677720198981,-8.3470496e-08,-0.98979163,-2.622289e-07,-2.622289e-07,-2.6216884e-07,-2.6220047e-07,0.9895856,3.2656324,0.11807446975407146
2.0,0.0367067772019898,-1.354765e-07,-0.98979163,-2.6182892e-07,-2.6182892e-07,-2.619286e-07,-2.6185737e-07,0.9895856,3.2656324,0.11810678598103069
2.0,0.036716777201989806,-8.347042e-08,-0.98979163,-2.622289e-07,-2.622289e-07,-2.6216884e-07,-2.6220047e-07,0.9895856,3.2656324,0.11813910220798993
2.0,0.0367267772019898,-1.3547657e-07,-0.98979163,-2.6182892e-07,-2.6182892e-07,-2.619286e-07,-2.6185737e-07,0.9895856,3.2656324,0.11817141843494916
2.0,0.036736777201989805,-8.347034e-08,-0.98979163,-2.622289e-07,-2.622289e-07,-2.6216884e-07,-2.6220047e-07,0.9895856,3.2656324,0.1182037346619084
2.0,0.03674677720198981,-1.3547665e-07,-0.98979163,-2.6182892e-07,-2.6182892e-07,-2.619286e-07,-2.6185737e-07,0.9895856,3.2656324,0.11823605088886763
2.0,0.036756777201989804,-8.3470255e-08,-0.98979163,-2.622289e-07,-2.622289e-07,-2.6216884e-07,-2.6220047e-07,0.9895856,3.2656324,0.11826836711582686
2.0,0.03676677720198981,-1.3547674e-07,-0.98979163,-2.6182892e-07,-2.6182892e-07,-2.619286e-07,-2.6185737e-07,0.9895856,3.2656324,0.1183006833427861
2.0,0.0367767772019898,-8.347018e-08,-0.98979163,-2.622289e-07,-2.622289e-07,-2.6216884e-07,-2.6220047e-07,0.9895856,3.2656324,0.11833299956974533
2.0,0.036786777201989806,-1.3547681e-07,-0.98979163,-2.6182892e-07,-2.6182892e-07,-2.619286e-07,-2.6185737e-07,0.9895856,3.2656324,0.11836531579670456
2.0,0.0367967772019898,-8.34701e-08,-0.98979163,-2.622289e-07,-2.622289e-07,-2.6216884e-07,-2.6220047e-07,0.9895856,3.2656324,0.1183976320236638
2.0,0.036806777201989806,-1.354769e-07,-0.98979163,-2.6182892e-07,-2.6182892e-07,-2.619286e-07,-2.6185737e-07,0.9895856,3.2656324,0.11842994825062303
2.0,0.0368167772019898,-8.347002e-08,-0.98979163,-2.622289e-07,-2.622289e-07,-2.6216884e-07,-2.6220047e-07,0.9895856,3.2656324,0.11846226447758226
2.0,0.036826777201989805,-1.3547698e-07,-0.98979163,-2.6182892e-07,-2.6182892e-07,-2.619286e-07,-2.6185737e-07,0.9895856,3.2656324,0.1184945807045415
2.0,0.03683677720198981,-8.3469935e-08,-0.98979163,-2.622289e-07,-2.622289e-07,-2.6216884e-07,-2.6220047e-07,0.9895856,3.2656324,0.11852689693150073
2.0,0.036846777201989804,-1.3547705e-07,-0.98979163,-2.6182892e-07,-2.6182892e-07,-2.619286e-07,-2.6185737e-07,0.9895856,3.2656324,0.11855921315845996
2.0,0.03685677720198981,-8.346986e-08,-0.98979163,-2.622289e-07,-2.622289e-07,-2.6216884e-07,-2.6220047e-07,0.9895856,3.2656324,0.1185915293854192
2.0,0.0368667772019898,-1.3547714e-07,-0.98979163,-2.6182892e-07,-2.6182892e-07,-2.619286e-07,-2.6185737e-07,0.9895856,3.2656324,0.11862384561237843
2.0,0.036876777201989806,-8.346978e-08,-0.98979163,-2.622289e-07,-2.622289e-07,-2.6216884e-07,-2.6220047e-07,0.9895856,3.2656324,0.11865616183933766
2.0,0.0368867772019898,-1.3547722e-07,-0.98979163,-2.6182892e-07,-2.6182892e-07,-2.619286e-07,-2.6185737e-07,0.9895856,3.2656324,0.1186884780662969
2.0,0.036896777201989805,-8.346969e-08,-0.98979163,-2.622289e-07,-2.622289e-07,-2.6216884e-07,-2.6220044e-07,0.9895856,3.2656324,0.11872079429325613
2.0,0.03690677720198981,-1.354773e-07,-0.98979163,-2.6182892e-07,-2.6182892e-07,-2.619286e-07,-2.6185737e-07,0.9895856,3.2656324,0.11875311052021537
2.0,0.036916777201989805,-8.3469615e-08,-0.98979163,-2.622289e-07,-2.622289e-07,-2.6216884e-07,-2.6220044e-07,0.9895856,3.2656324,0.1187854267471746
2.0,0.03692677720198981,-1.3547738e-07,-0.98979163,-2.6182892e-07,-2.6182892e-07,-2.619286e-07,-2.6185737e-07,0.9895856,3.2656324,0.11881774297413383
2.0,0.036936777201989804,-8.346954e-08,-0.98979163,-2.622289e-07,-2.622289e-07,-2.6216884e-07,-2.6220044e-07,0.9895856,3.2656324,0.11885005920109307
2.0,0.03694677720198981,-1.3547746e-07,-0.98979163,-2.6182892e-07,-2.6182892e-07,-2.619286e-07,-2.6185737e-07,0.9895856,3.2656324,0.1188823754280523
2.0,0.0369567772019898,-8.346945e-08,-0.98979163,-2.622289e-07,-2.622289e-07,-2.6216884e-07,-2.6220044e-07,0.9895856,3.2656324,0.11891469165501153
2.0,0.036966777201989806,-1.3547755e-07,-0.98979163,-2.6182892e-07,-2.6182892e-07,-2.619286e-07,-2.6185737e-07,0.9895856,3.2656324,0.11894700788197077
2.0,0.0369767772019898,-8.3469374e-08,-0.98979163,-2.622289e-07,-2.622289e-07,-2.6216884e-07,-2.6220044e-07,0.9895856,3.2656324,0.11897932410893
2.0,0.036986777201989805,-1.3547762e-07,-0.98979163,-2.6182892e-07,-2.6182892e-07,-2.619286e-07,-2.618574e-07,0.9895856,3.2656324,0.11901164033588923
2.0,0.03699677720198981,-8.3469295e-08,-0.98979163,-2.622289e-07,-2.622289e-07,-2.6216884e-07,-2.6220044e-07,0.9895856,3.2656324,0.11904395656284847
2.0,0.037006777201989804,-1.354777e-07,-0.98979163,-2.6182892e-07,-2.6182892e-07,-2.619286e-07,-2.618574e-07,0.9895856,3.2656324,0.1190762727898077
2.0,0.03701677720198981,-8.346921e-08,-0.98979163,-2.6222887e-07,-2.6222887e-07,-2.6216884e-07,-2.6220044e-07,0.9895856,3.2656324,0.11910858901676694
2.0,0.037026777201989804,-1.3547779e-07,-0.98979163,-2.6182892e-07,-2.6182892e-07,-2.619286e-07,-2.618574e-07,0.9895856,3.2656324,0.11914090524372617
2.0,0.03703677720198981,-8.346913e-08,-0.98979163,-2.6222887e-07,-2.6222887e-07,-2.6216884e-07,-2.6220044e-07,0.9895856,3.2656324,0.1191732214706854
2.0,0.0370467772019898,-1.3547786e-07,-0.98979163,-2.6182894e-07,-2.6182894e-07,-2.619286e-07,-2.618574e-07,0.9895856,3.2656324,0.11920553769764464
2.0,0.037056777201989806,-8.346905e-08,-0.98979163,-2.6222887e-07,-2.6222887e-07,-2.6216884e-07,-2.6220044e-07,0.9895856,3.2656324,0.11923785392460387
2.0,0.0370667772019898,-1.3547795e-07,-0.98979163,-2.6182894e-07,-2.6182894e-07,-2.619286e-07,-2.618574e-07,0.9895856,3.2656324,0.1192701701515631
2.0,0.037076777201989805,-8.346897e-08,-0.98979163,-2.6222887e-07,-2.6222887e-07,-2.6216884e-07,-2.6220044e-07,0.9895856,3.2656324,0.11930248637852234
2.0,0.03708677720198981,-1.3547803e-07,-0.98979163,-2.6182894e-07,-2.6182894e-07,-2.619286e-07,-2.618574e-07,0.9895856,3.2656324,0.11933480260548157
2.0,0.037096777201989804,-8.346889e-08,-0.98979163,-2.6222887e-07,-2.6222887e-07,-2.6216884e-07,-2.6220044e-07,0.9895856,3.2656324,0.1193671188324408
2.0,0.03710677720198981,-1.3547812e-07,-0.98979163,-2.6182894e-07,-2.6182894e-07,-2.619286e-07,-2.618574e-07,0.9895856,3.2656324,0.11939943505940004
2.0,0.0371167772019898,-8.3468805e-08,-0.98979163,-2.6222887e-07,-2.6222887e-07,-2.6216884e-07,-2.6220044e-07,0.9895856,3.2656324,0.11943175128635927
2.0,0.037126777201989807,-1.3547819e-07,-0.98979163,-2.6182894e-07,-2.6182894e-07,-2.619286e-07,-2.618574e-07,0.9895856,3.2656324,0.1194640675133185
2.0,0.0371367772019898,-8.346873e-08,-0.98979163,-2.6222887e-07,-2.6222887e-07,-2.6216884e-07,-2.6220044e-07,0.9895856,3.2656324,0.11949638374027774
2.0,0.037146777201989806,-1.3547827e-07,-0.98979163,-2.6182894e-07,-2.6182894e-07,-2.619286e-07,-2.618574e-07,0.9895856,3.2656324,0.11952869996723697
2.0,0.0371567772019898,-8.346864e-08,-0.98979163,-2.6222887e-07,-2.6222887e-07,-2.6216884e-07,-2.6220044e-07,0.9895856,3.2656324,0.1195610161941962
2.0,0.037166777201989805,-1.3547836e-07,-0.98979163,-2.6182894e-07,-2.6182894e-07,-2.619286e-07,-2.618574e-07,0.9895856,3.2656324,0.11959333242115544
2.0,0.03717677720198981,-8.3468564e-08,-0.98979163,-2.6222887e-07,-2.6222887e-07,-2.621688e-07,-2.6220044e-07,0.9895856,3.2656324,0.11962564864811467
2.0,0.037186777201989804,-1.3547844e-07,-0.98979163,-2.6182894e-07,-2.6182894e-07,-2.619286e-07,-2.618574e-07,0.9895856,3.2656324,0.11965796487507391
2.0,0.03719677720198981,-8.346848e-08,-0.98979163,-2.6222887e-07,-2.6222887e-07,-2.621688e-07,-2.6220044e-07,0.9895856,3.2656324,0.11969028110203314
2.0,0.0372067772019898,-1.3547852e-07,-0.98979163,-2.6182894e-07,-2.6182894e-07,-2.6192862e-07,-2.618574e-07,0.9895856,3.2656324,0.11972259732899238
2.0,0.037216777201989806,-8.34684e-08,-0.98979163,-2.6222887e-07,-2.6222887e-07,-2.621688e-07,-2.6220044e-07,0.9895856,3.2656324,0.11975491355595161
2.0,0.0372267772019898,-1.354786e-07,-0.98979163,-2.6182894e-07,-2.6182894e-07,-2.6192862e-07,-2.618574e-07,0.9895856,3.2656324,0.11978722978291084
2.0,0.037236777201989806,-8.3468315e-08,-0.98979163,-2.6222887e-07,-2.6222887e-07,-2.621688e-07,-2.6220044e-07,0.9895856,3.2656324,0.11981954600987008
2.0,0.0372467772019898,-1.3547869e-07,-0.98979163,-2.6182894e-07,-2.6182894e-07,-2.6192862e-07,-2.618574e-07,0.9895856,3.2656324,0.11985186223682931
2.0,0.037256777201989805,-8.346824e-08,-0.98979163,-2.6222887e-07,-2.6222887e-07,-2.621688e-07,-2.6220044e-07,0.9895856,3.2656324,0.11988417846378854
2.0,0.03726677720198981,-1.3547877e-07,-0.98979163,-2.6182894e-07,-2.6182894e-07,-2.6192862e-07,-2.618574e-07,0.9895856,3.2656324,0.11991649469074778
2.0,0.037276777201989804,-8.346815e-08,-0.98979163,-2.6222887e-07,-2.6222887e-07,-2.621688e-07,-2.6220044e-07,0.9895856,3.2656324,0.11994881091770701
2.0,0.03728677720198981,-1.3547886e-07,-0.98979163,-2.6182894e-07,-2.6182894e-07,-2.6192862e-07,-2.618574e-07,0.9895856,3.2656324,0.11998112714466624
2.0,0.0372967772019898,-8.346807e-08,-0.98979163,-2.6222887e-07,-2.6222887e-07,-2.621688e-07,-2.6220044e-07,0.9895856,3.2656324,0.12001344337162548
2.0,0.037306777201989806,-1.3547893e-07,-0.98979163,-2.6182894e-07,-2.6182894e-07,-2.6192862e-07,-2.618574e-07,0.9895856,3.2656324,0.12004575959858471
2.0,0.0373167772019898,-8.346799e-08,-0.98979163,-2.6222887e-07,-2.6222887e-07,-2.621688e-07,-2.6220044e-07,0.9895856,3.2656324,0.12007807582554395
2.0,0.037326777201989805,-1.3547901e-07,-0.98979163,-2.6182894e-07,-2.6182894e-07,-2.6192862e-07,-2.618574e-07,0.9895856,3.2656324,0.12011039205250318
2.0,0.03733677720198981,-8.346791e-08,-0.98979163,-2.6222887e-07,-2.6222887e-07,-2.621688e-07,-2.6220044e-07,0.9895856,3.2656324,0.12014270827946241
2.0,0.037346777201989804,-1.354791e-07,-0.98979163,-2.6182894e-07,-2.6182894e-07,-2.6192862e-07,-2.618574e-07,0.9895856,3.2656324,0.12017502450642165
2.0,0.03735677720198981,-8.3467825e-08,-0.98979163,-2.6222887e-07,-2.6222887e-07,-2.621688e-07,-2.6220044e-07,0.9895856,3.2656324,0.12020734073338088
2.0,0.037366777201989804,-1.3547918e-07,-0.98979163,-2.6182894e-07,-2.6182894e-07,-2.6192862e-07,-2.618574e-07,0.9895856,3.2656324,0.12023965696034011
2.0,0.03737677720198981,-8.346774e-08,-0.98979163,-2.6222887e-07,-2.6222887e-07,-2.621688e-07,-2.6220044e-07,0.9895856,3.2656324,0.12027197318729935
2.0,0.0373867772019898,-1.3547927e-07,-0.98979163,-2.6182894e-07,-2.6182894e-07,-2.6192862e-07,-2.618574e-07,0.9895856,3.2656324,0.12030428941425858
2.0,0.037396777201989806,-8.346766e-08,-0.98979163,-2.6222887e-07,-2.6222887e-07,-2.621688e-07,-2.6220044e-07,0.9895856,3.2656324,0.12033660564121781
2.0,0.0374067772019898,-1.3547934e-07,-0.98979163,-2.6182894e-07,-2.6182894e-07,-2.6192862e-07,-2.618574e-07,0.9895856,3.2656324,0.12036892186817705
2.0,0.037416777201989805,-8.3467576e-08,-0.98979163,-2.6222887e-07,-2.6222887e-07,-2.621688e-07,-2.6220044e-07,0.9895856,3.2656324,0.12040123809513628
2.0,0.03742677720198981,-1.3547943e-07,-0.98979163,-2.6182894e-07,-2.6182894e-07,-2.6192862e-07,-2.618574e-07,0.9895856,3.2656324,0.12043355432209552
2.0,0.037436777201989804,-8.34675e-08,-0.98979163,-2.6222887e-07,-2.6222887e-07,-2.621688e-07,-2.6220044e-07,0.9895856,3.2656324,0.12046587054905475
2.0,0.03744677720198981,-1.3547951e-07,-0.98979163,-2.6182894e-07,-2.6182894e-07,-2.6192862e-07,-2.618574e-07,0.9895856,3.2656324,0.12049818677601398
2.0,0.037456777201989803,-8.346741e-08,-0.98979163,-2.6222887e-07,-2.6222887e-07,-2.621688e-07,-2.6220044e-07,0.9895856,3.2656324,0.12053050300297322
2.0,0.03746677720198981,-1.354796e-07,-0.98979163,-2.6182894e-07,-2.6182894e-07,-2.6192862e-07,-2.618574e-07,0.9895856,3.2656324,0.12056281922993245
2.0,0.0374767772019898,-8.346733e-08,-0.98979163,-2.6222887e-07,-2.6222887e-07,-2.621688e-07,-2.6220044e-07,0.9895856,3.2656324,0.12059513545689168
2.0,0.037486777201989806,-1.3547968e-07,-0.98979163,-2.6182894e-07,-2.6182894e-07,-2.6192862e-07,-2.618574e-07,0.9895856,3.2656324,0.12062745168385092
2.0,0.0374967772019898,-8.346725e-08,-0.98979163,-2.6222887e-07,-2.6222887e-07,-2.621688e-07,-2.6220044e-07,0.9895856,3.2656324,0.12065976791081015
2.0,0.037506777201989805,-1.3547975e-07,-0.98979163,-2.6182894e-07,-2.6182894e-07,-2.6192862e-07,-2.618574e-07,0.9895856,3.2656324,0.12069208413776938
2.0,0.03751677720198981,-8.3467164e-08,-0.98979163,-2.6222887e-07,-2.6222887e-07,-2.621688e-07,-2.6220044e-07,0.9895856,3.2656324,0.12072440036472862
2.0,0.037526777201989804,-1.3547984e-07,-0.98979163,-2.6182894e-07,-2.6182894e-07,-2.6192862e-07,-2.618574e-07,0.9895856,3.2656324,0.12075671659168785
2.0,0.03753677720198981,-8.3467086e-08,-0.98979163,-2.6222887e-07,-2.6222887e-07,-2.621688e-07,-2.6220044e-07,0.9895856,3.2656324,0.12078903281864709
2.0,0.0375467772019898,-1.3547992e-07,-0.98979163,-2.6182894e-07,-2.6182894e-07,-2.6192862e-07,-2.618574e-07,0.9895856,3.2656324,0.12082134904560632
2.0,0.037556777201989806,-8.3467e-08,-0.98979163,-2.6222887e-07,-2.6222887e-07,-2.621688e-07,-2.6220044e-07,0.9895856,3.2656324,0.12085366527256555
2.0,0.0375667772019898,-1.3548001e-07,-0.98979163,-2.6182894e-07,-2.6182894e-07,-2.6192862e-07,-2.618574e-07,0.9895856,3.2656324,0.12088598149952479
2.0,0.037576777201989806,-8.3466915e-08,-0.98979163,-2.6222887e-07,-2.6222887e-07,-2.621688e-07,-2.6220044e-07,0.9895856,3.2656324,0.12091829772648402
2.0,0.0375867772019898,-1.354801e-07,-0.98979163,-2.6182894e-07,-2.6182894e-07,-2.6192862e-07,-2.618574e-07,0.9895856,3.2656324,0.12095061395344325
2.0,0.037596777201989805,-8.346684e-08,-0.98979163,-2.6222887e-07,-2.6222887e-07,-2.621688e-07,-2.6220044e-07,0.9895856,3.2656324,0.12098293018040249
2.0,0.03760677720198981,-1.3548018e-07,-0.98979163,-2.6182894e-07,-2.6182894e-07,-2.6192862e-07,-2.618574e-07,0.9895856,3.2656324,0.12101524640736172
2.0,0.037616777201989804,-8.346675e-08,-0.98979163,-2.6222887e-07,-2.6222887e-07,-2.621688e-07,-2.6220044e-07,0.9895856,3.2656324,0.12104756263432095
2.0,0.03762677720198981,-1.3548025e-07,-0.98979163,-2.6182894e-07,-2.6182894e-07,-2.6192862e-07,-2.618574e-07,0.9895856,3.2656324,0.12107987886128019
2.0,0.0376367772019898,-8.346667e-08,-0.98979163,-2.6222887e-07,-2.6222887e-07,-2.621688e-07,-2.6220044e-07,0.9895856,3.2656324,0.12111219508823942
2.0,0.037646777201989806,-1.3548033e-07,-0.98979163,-2.6182894e-07,-2.6182894e-07,-2.6192862e-07,-2.618574e-07,0.9895856,3.2656324,0.12114451131519866
2.0,0.0376567772019898,-8.346659e-08,-0.98979163,-2.6222887e-07,-2.6222887e-07,-2.621688e-07,-2.6220044e-07,0.9895856,3.2656324,0.12117682754215789
2.0,0.037666777201989805,-1.3548042e-07,-0.98979163,-2.6182894e-07,-2.6182894e-07,-2.6192862e-07,-2.618574e-07,0.9895856,3.2656324,0.12120914376911712
2.0,0.03767677720198981,-8.34665e-08,-0.98979163,-2.6222887e-07,-2.6222887e-07,-2.621688e-07,-2.6220044e-07,0.9895856,3.2656324,0.12124145999607636
2.0,0.037686777201989805,-1.354805e-07,-0.98979163,-2.6182894e-07,-2.6182894e-07,-2.6192862e-07,-2.618574e-07,0.9895856,3.2656324,0.12127377622303559
2.0,0.03769677720198981,-8.346642e-08,-0.98979163,-2.6222887e-07,-2.6222887e-07,-2.621688e-07,-2.6220044e-07,0.9895856,3.2656324,0.12130609244999482
2.0,0.037706777201989804,-1.3548059e-07,-0.98979163,-2.6182894e-07,-2.6182894e-07,-2.6192862e-07,-2.618574e-07,0.9895856,3.2656324,0.12133840867695406
2.0,0.03771677720198981,-8.346634e-08,-0.98979163,-2.6222887e-07,-2.6222887e-07,-2.621688e-07,-2.6220044e-07,0.9895856,3.2656324,0.12137072490391329
2.0,0.0377267772019898,-1.3548068e-07,-0.98979163,-2.6182894e-07,-2.6182894e-07,-2.6192862e-07,-2.618574e-07,0.9895856,3.2656324,0.12140304113087252
2.0,0.037736777201989806,-8.3466254e-08,-0.98979163,-2.6222887e-07,-2.6222887e-07,-2.621688e-07,-2.6220044e-07,0.9895856,3.2656324,0.12143535735783176
2.0,0.0377467772019898,-1.3548075e-07,-0.98979163,-2.6182894e-07,-2.6182894e-07,-2.6192862e-07,-2.618574e-07,0.9895856,3.2656324,0.12146767358479099
2.0,0.037756777201989805,-8.346617e-08,-0.98979163,-2.6222887e-07,-2.6222887e-07,-2.621688e-07,-2.6220044e-07,0.9895856,3.2656324,0.12149998981175023
2.0,0.03776677720198981,-1.3548083e-07,-0.98979163,-2.6182894e-07,-2.6182894e-07,-2.6192862e-07,-2.618574e-07,0.9895856,3.2656324,0.12153230603870946
2.0,0.037776777201989804,-8.346609e-08,-0.98979163,-2.6222887e-07,-2.6222887e-07,-2.621688e-07,-2.6220044e-07,0.9895856,3.2656324,0.12156462226566869
2.0,0.03778677720198981,-1.3548092e-07,-0.98979163,-2.6182894e-07,-2.6182894e-07,-2.6192862e-07,-2.618574e-07,0.9895856,3.2656324,0.12159693849262793
2.0,0.037796777201989804,-8.3466006e-08,-0.98979163,-2.6222887e-07,-2.6222887e-07,-2.621688e-07,-2.6220044e-07,0.9895856,3.2656324,0.12162925471958716
2.0,0.03780677720198981,-1.35481e-07,-0.98979163,-2.6182894e-07,-2.6182894e-07,-2.6192862e-07,-2.618574e-07,0.9895856,3.2656324,0.1216615709465464
2.0,0.0378167772019898,-8.346592e-08,-0.98979163,-2.6222887e-07,-2.6222887e-07,-2.621688e-07,-2.6220044e-07,0.9895856,3.2656324,0.12169388717350563
2.0,0.037826777201989806,-1.3548109e-07,-0.98979163,-2.6182894e-07,-2.6182894e-07,-2.6192862e-07,-2.618574e-07,0.9895856,3.2656324,0.12172620340046486
2.0,0.0378367772019898,-8.3465835e-08,-0.98979163,-2.6222887e-07,-2.6222887e-07,-2.621688e-07,-2.6220044e-07,0.9895856,3.2656324,0.1217585196274241
2.0,0.037846777201989805,-1.3548117e-07,-0.98979163,-2.6182894e-07,-2.6182894e-07,-2.6192862e-07,-2.618574e-07,0.9895856,3.2656324,0.12179083585438333
2.0,0.03785677720198981,-8.346576e-08,-0.98979163,-2.6222887e-07,-2.6222887e-07,-2.621688e-07,-2.6220044e-07,0.9895856,3.2656324,0.12182315208134256
2.0,0.037866777201989804,-1.3548126e-07,-0.98979163,-2.6182894e-07,-2.6182894e-07,-2.6192862e-07,-2.618574e-07,0.9895856,3.2656324,0.1218554683083018
2.0,0.03787677720198981,-8.346567e-08,-0.98979163,-2.6222887e-07,-2.6222887e-07,-2.621688e-07,-2.6220044e-07,0.9895856,3.2656324,0.12188778453526103
2.0,0.0378867772019898,-1.3548134e-07,-0.98979163,-2.6182894e-07,-2.6182894e-07,-2.6192862e-07,-2.618574e-07,0.9895856,3.2656324,0.12192010076222026
2.0,0.037896777201989806,-8.3465586e-08,-0.98979163,-2.6222887e-07,-2.6222887e-07,-2.621688e-07,-2.6220044e-07,0.9895856,3.2656324,0.1219524169891795
2.0,0.0379067772019898,-1.3548141e-07,-0.98979163,-2.6182894e-07,-2.6182894e-07,-2.6192862e-07,-2.618574e-07,0.9895856,3.2656324,0.12198473321613873
2.0,0.037916777201989806,-8.346551e-08,-0.98979163,-2.6222887e-07,-2.6222887e-07,-2.621688e-07,-2.6220044e-07,0.9895856,3.2656324,0.12201704944309796
2.0,0.0379267772019898,-1.354815e-07,-0.98979163,-2.6182894e-07,-2.6182894e-07,-2.6192862e-07,-2.618574e-07,0.9895856,3.2656324,0.1220493656700572
2.0,0.037936777201989805,-8.346542e-08,-0.98979163,-2.6222887e-07,-2.6222887e-07,-2.621688e-07,-2.6220044e-07,0.9895856,3.2656324,0.12208168189701643
2.0,0.03794677720198981,-1.3548159e-07,-0.98979163,-2.6182894e-07,-2.6182894e-07,-2.6192862e-07,-2.618574e-07,0.9895856,3.2656324,0.12211399812397566
2.0,0.037956777201989804,-8.346534e-08,-0.98979163,-2.6222887e-07,-2.6222887e-07,-2.621688e-07,-2.6220044e-07,0.9895856,3.2656324,0.1221463143509349
2.0,0.03796677720198981,-1.3548167e-07,-0.98979163,-2.6182894e-07,-2.6182894e-07,-2.6192862e-07,-2.618574e-07,0.9895856,3.2656324,0.12217863057789413
2.0,0.0379767772019898,-8.346525e-08,-0.98979163,-2.6222887e-07,-2.6222887e-07,-2.621688e-07,-2.6220044e-07,0.9895856,3.2656324,0.12221094680485337
2.0,0.037986777201989806,-1.3548176e-07,-0.98979163,-2.6182894e-07,-2.6182894e-07,-2.6192862e-07,-2.618574e-07,0.9895856,3.2656324,0.1222432630318126
2.0,0.0379967772019898,-8.3465174e-08,-0.98979163,-2.6222887e-07,-2.6222887e-07,-2.6216878e-07,-2.6220044e-07,0.9895856,3.2656324,0.12227557925877183
2.0,0.038006777201989805,-1.3548184e-07,-0.98979163,-2.6182894e-07,-2.6182894e-07,-2.6192862e-07,-2.618574e-07,0.9895856,3.2656324,0.12230789548573107
2.0,0.03801677720198981,-8.346509e-08,-0.98979163,-2.6222887e-07,-2.6222887e-07,-2.6216878e-07,-2.6220044e-07,0.9895856,3.2656324,0.1223402117126903
2.0,0.038026777201989805,-1.3548193e-07,-0.98979163,-2.6182894e-07,-2.6182894e-07,-2.6192865e-07,-2.618574e-07,0.9895856,3.2656324,0.12237252793964953
2.0,0.03803677720198981,-8.3465004e-08,-0.98979163,-2.6222887e-07,-2.6222887e-07,-2.6216878e-07,-2.6220044e-07,0.9895856,3.2656324,0.12240484416660877
2.0,0.038046777201989804,-1.3548201e-07,-0.98979163,-2.6182894e-07,-2.6182894e-07,-2.6192865e-07,-2.618574e-07,0.9895856,3.2656324,0.122437160393568
2.0,0.03805677720198981,-8.346492e-08,-0.98979163,-2.6222887e-07,-2.6222887e-07,-2.6216878e-07,-2.6220044e-07,0.9895856,3.2656324,0.12246947662052723
2.0,0.0380667772019898,-1.3548208e-07,-0.98979163,-2.6182894e-07,-2.6182894e-07,-2.6192865e-07,-2.618574e-07,0.9895856,3.2656324,0.12250179284748647
2.0,0.038076777201989806,-8.346484e-08,-0.98979163,-2.6222887e-07,-2.6222887e-07,-2.6216878e-07,-2.6220044e-07,0.9895856,3.2656324,0.1225341090744457
2.0,0.0380867772019898,-1.3548217e-07,-0.98979163,-2.6182894e-07,-2.6182894e-07,-2.6192865e-07,-2.618574e-07,0.9895856,3.2656324,0.12256642530140494
2.0,0.038096777201989805,-8.3464755e-08,-0.98979163,-2.6222887e-07,-2.6222887e-07,-2.6216878e-07,-2.6220044e-07,0.9895856,3.2656324,0.12259874152836417
2.0,0.03810677720198981,-1.3548225e-07,-0.98979163,-2.6182894e-07,-2.6182894e-07,-2.6192865e-07,-2.618574e-07,0.9895856,3.2656324,0.1226310577553234
2.0,0.038116777201989804,-8.346467e-08,-0.98979163,-2.6222887e-07,-2.6222887e-07,-2.6216878e-07,-2.6220044e-07,0.9895856,3.2656324,0.12266337398228264
2.0,0.03812677720198981,-1.3548234e-07,-0.98979163,-2.6182894e-07,-2.6182894e-07,-2.6192865e-07,-2.618574e-07,0.9895856,3.2656324,0.12269569020924187
2.0,0.038136777201989804,-8.3464585e-08,-0.98979163,-2.6222887e-07,-2.6222887e-07,-2.6216878e-07,-2.6220044e-07,0.9895856,3.2656324,0.1227280064362011
2.0,0.03814677720198981,-1.3548242e-07,-0.98979163,-2.6182894e-07,-2.6182894e-07,-2.6192865e-07,-2.618574e-07,0.9895856,3.2656324,0.12276032266316034
2.0,0.0381567772019898,-8.3464506e-08,-0.98979163,-2.6222887e-07,-2.6222887e-07,-2.6216878e-07,-2.6220044e-07,0.9895856,3.2656324,0.12279263889011957
2.0,0.038166777201989806,-1.3548251e-07,-0.98979163,-2.6182894e-07,-2.6182894e-07,-2.6192865e-07,-2.618574e-07,0.9895856,3.2656324,0.1228249551170788
2.0,0.0381767772019898,-8.346442e-08,-0.98979163,-2.6222887e-07,-2.6222887e-07,-2.6216878e-07,-2.6220044e-07,0.9895856,3.2656324,0.12285727134403804
2.0,0.038186777201989805,-1.354826e-07,-0.98979163,-2.6182894e-07,-2.6182894e-07,-2.6192865e-07,-2.618574e-07,0.9895856,3.2656324,0.12288958757099727
2.0,0.03819677720198981,-8.3464336e-08,-0.98979163,-2.6222887e-07,-2.6222887e-07,-2.6216878e-07,-2.6220044e-07,0.9895856,3.2656324,0.1229219037979565
2.0,0.038206777201989804,-1.3548268e-07,-0.98979163,-2.6182894e-07,-2.6182894e-07,-2.6192865e-07,-2.618574e-07,0.9895856,3.2656324,0.12295422002491574
2.0,0.03821677720198981,-8.346425e-08,-0.98979163,-2.6222887e-07,-2.6222887e-07,-2.6216878e-07,-2.6220044e-07,0.9895856,3.2656324,0.12298653625187497
2.0,0.0382267772019898,-1.3548276e-07,-0.98979163,-2.6182894e-07,-2.6182894e-07,-2.6192865e-07,-2.618574e-07,0.9895856,3.2656324,0.1230188524788342
2.0,0.038236777201989806,-8.3464165e-08,-0.98979163,-2.6222887e-07,-2.6222887e-07,-2.6216878e-07,-2.6220044e-07,0.9895856,3.2656324,0.12305116870579344
2.0,0.0382467772019898,-1.3548284e-07,-0.98979163,-2.6182894e-07,-2.6182894e-07,-2.6192865e-07,-2.618574e-07,0.9895856,3.2656324,0.12308348493275267
2.0,0.038256777201989806,-8.346409e-08,-0.98979163,-2.6222887e-07,-2.6222887e-07,-2.6216878e-07,-2.6220044e-07,0.9895856,3.2656324,0.12311580115971191
2.0,0.0382667772019898,-1.3548292e-07,-0.98979163,-2.6182894e-07,-2.6182894e-07,-2.6192865e-07,-2.618574e-07,0.9895856,3.2656324,0.12314811738667114
2.0,0.038276777201989805,-8.3464e-08,-0.98979163,-2.6222884e-07,-2.6222884e-07,-2.6216878e-07,-2.6220044e-07,0.9895856,3.2656324,0.12318043361363037
2.0,0.03828677720198981,-1.35483e-07,-0.98979163,-2.6182894e-07,-2.6182894e-07,-2.6192865e-07,-2.618574e-07,0.9895856,3.2656324,0.12321274984058961
2.0,0.038296777201989804,-8.346392e-08,-0.98979163,-2.6222884e-07,-2.6222884e-07,-2.6216878e-07,-2.6220044e-07,0.9895856,3.2656324,0.12324506606754884
2.0,0.03830677720198981,-1.3548309e-07,-0.98979163,-2.6182897e-07,-2.6182897e-07,-2.6192865e-07,-2.618574e-07,0.9895856,3.2656324,0.12327738229450808
2.0,0.0383167772019898,-8.346383e-08,-0.98979163,-2.6222884e-07,-2.6222884e-07,-2.6216878e-07,-2.6220044e-07,0.9895856,3.2656324,0.12330969852146731
2.0,0.038326777201989806,-1.3548318e-07,-0.98979163,-2.6182897e-07,-2.6182897e-07,-2.6192865e-07,-2.618574e-07,0.9895856,3.2656324,0.12334201474842654
2.0,0.0383367772019898,-8.346375e-08,-0.98979163,-2.6222884e-07,-2.6222884e-07,-2.6216878e-07,-2.6220044e-07,0.9895856,3.2656324,0.12337433097538578
2.0,0.038346777201989805,-1.3548326e-07,-0.98979163,-2.6182897e-07,-2.6182897e-07,-2.6192865e-07,-2.618574e-07,0.9895856,3.2656324,0.12340664720234501
2.0,0.03835677720198981,-8.346367e-08,-0.98979163,-2.6222884e-07,-2.6222884e-07,-2.6216878e-07,-2.6220044e-07,0.9895856,3.2656324,0.12343896342930424
2.0,0.038366777201989805,-1.3548335e-07,-0.98979163,-2.6182897e-07,-2.6182897e-07,-2.6192865e-07,-2.618574e-07,0.9895856,3.2656324,0.12347127965626348
2.0,0.03837677720198981,-8.346358e-08,-0.98979163,-2.6222884e-07,-2.6222884e-07,-2.6216878e-07,-2.6220044e-07,0.9895856,3.2656324,0.12350359588322271
2.0,0.038386777201989804,-1.3548343e-07,-0.98979163,-2.6182897e-07,-2.6182897e-07,-2.6192865e-07,-2.618574e-07,0.9895856,3.2656324,0.12353591211018194
2.0,0.03839677720198981,-8.34635e-08,-0.98979163,-2.6222884e-07,-2.6222884e-07,-2.6216878e-07,-2.6220042e-07,0.9895856,3.2656324,0.12356822833714118
2.0,0.0384067772019898,-1.3548352e-07,-0.98979163,-2.6182897e-07,-2.6182897e-07,-2.6192865e-07,-2.618574e-07,0.9895856,3.2656324,0.12360054456410041
2.0,0.038416777201989806,-8.346341e-08,-0.98979163,-2.6222884e-07,-2.6222884e-07,-2.6216878e-07,-2.6220042e-07,0.9895856,3.2656324,0.12363286079105965
2.0,0.0384267772019898,-1.3548359e-07,-0.98979163,-2.6182897e-07,-2.6182897e-07,-2.6192865e-07,-2.618574e-07,0.9895856,3.2656324,0.12366517701801888
2.0,0.038436777201989805,-8.3463334e-08,-0.98979163,-2.6222884e-07,-2.6222884e-07,-2.6216878e-07,-2.6220042e-07,0.9895856,3.2656324,0.12369749324497811
2.0,0.03844677720198981,-1.3548367e-07,-0.98979163,-2.6182897e-07,-2.6182897e-07,-2.6192865e-07,-2.618574e-07,0.9895856,3.2656324,0.12372980947193735
2.0,0.038456777201989804,-8.346325e-08,-0.98979163,-2.6222884e-07,-2.6222884e-07,-2.6216878e-07,-2.6220042e-07,0.9895856,3.2656324,0.12376212569889658
2.0,0.03846677720198981,-1.3548376e-07,-0.98979163,-2.6182897e-07,-2.6182897e-07,-2.6192865e-07,-2.618574e-07,0.9895856,3.2656324,0.12379444192585581
2.0,0.038476777201989804,-8.346316e-08,-0.98979163,-2.6222884e-07,-2.6222884e-07,-2.6216878e-07,-2.6220042e-07,0.9895856,3.2656324,0.12382675815281505
2.0,0.03848677720198981,-1.3548384e-07,-0.98979163,-2.6182897e-07,-2.6182897e-07,-2.6192865e-07,-2.6185742e-07,0.9895856,3.2656324,0.12385907437977428
2.0,0.0384967772019898,-8.346308e-08,-0.98979163,-2.6222884e-07,-2.6222884e-07,-2.6216878e-07,-2.6220042e-07,0.9895856,3.2656324,0.12389139060673351
2.0,0.038506777201989806,-1.3548393e-07,-0.98979163,-2.6182897e-07,-2.6182897e-07,-2.6192865e-07,-2.6185742e-07,0.9895856,3.2656324,0.12392370683369275
2.0,0.0385167772019898,-8.346299e-08,-0.98979163,-2.6222884e-07,-2.6222884e-07,-2.6216878e-07,-2.6220042e-07,0.9895856,3.2656324,0.12395602306065198
2.0,0.038526777201989805,-1.3548402e-07,-0.98979163,-2.6182897e-07,-2.6182897e-07,-2.6192865e-07,-2.6185742e-07,0.9895856,3.2656324,0.12398833928761122
2.0,0.03853677720198981,-8.3462915e-08,-0.98979163,-2.6222884e-07,-2.6222884e-07,-2.6216878e-07,-2.6220042e-07,0.9895856,3.2656324,0.12402065551457045
2.0,0.038546777201989804,-1.354841e-07,-0.98979163,-2.6182897e-07,-2.6182897e-07,-2.6192865e-07,-2.6185742e-07,0.9895856,3.2656324,0.12405297174152968
2.0,0.03855677720198981,-8.346283e-08,-0.98979163,-2.6222884e-07,-2.6222884e-07,-2.6216878e-07,-2.6220042e-07,0.9895856,3.2656324,0.12408528796848892
2.0,0.0385667772019898,-1.3548419e-07,-0.98979163,-2.6182897e-07,-2.6182897e-07,-2.6192865e-07,-2.6185742e-07,0.9895856,3.2656324,0.12411760419544815
2.0,0.038576777201989806,-8.3462744e-08,-0.98979163,-2.6222884e-07,-2.6222884e-07,-2.6216878e-07,-2.6220042e-07,0.9895856,3.2656324,0.12414992042240738
2.0,0.0385867772019898,-1.3548427e-07,-0.98979163,-2.6182897e-07,-2.6182897e-07,-2.6192865e-07,-2.6185742e-07,0.9895856,3.2656324,0.12418223664936662
2.0,0.038596777201989806,-8.346266e-08,-0.98979163,-2.6222884e-07,-2.6222884e-07,-2.6216878e-07,-2.6220042e-07,0.9895856,3.2656324,0.12421455287632585
2.0,0.0386067772019898,-1.3548436e-07,-0.98979163,-2.6182897e-07,-2.6182897e-07,-2.6192865e-07,-2.6185742e-07,0.9895856,3.2656324,0.12424686910328508
2.0,0.038616777201989805,-8.3462574e-08,-0.98979163,-2.6222884e-07,-2.6222884e-07,-2.6216878e-07,-2.6220042e-07,0.9895856,3.2656324,0.12427918533024432
2.0,0.03862677720198981,-1.3548444e-07,-0.98979163,-2.6182897e-07,-2.6182897e-07,-2.6192865e-07,-2.6185742e-07,0.9895856,3.2656324,0.12431150155720355
2.0,0.038636777201989804,-8.3462496e-08,-0.98979163,-2.6222884e-07,-2.6222884e-07,-2.6216878e-07,-2.6220042e-07,0.9895856,3.2656324,0.12434381778416279
2.0,0.03864677720198981,-1.3548451e-07,-0.98979163,-2.6182897e-07,-2.6182897e-07,-2.6192865e-07,-2.6185742e-07,0.9895856,3.2656324,0.12437613401112202
2.0,0.0386567772019898,-8.346241e-08,-0.98979163,-2.6222884e-07,-2.6222884e-07,-2.6216878e-07,-2.6220042e-07,0.9895856,3.2656324,0.12440845023808125
2.0,0.038666777201989806,-1.354846e-07,-0.98979163,-2.6182897e-07,-2.6182897e-07,-2.6192865e-07,-2.6185742e-07,0.9895856,3.2656324,0.12444076646504049
2.0,0.0386767772019898,-8.3462325e-08,-0.98979163,-2.6222884e-07,-2.6222884e-07,-2.6216878e-07,-2.6220042e-07,0.9895856,3.2656324,0.12447308269199972
2.0,0.038686777201989805,-1.3548468e-07,-0.98979163,-2.6182897e-07,-2.6182897e-07,-2.6192865e-07,-2.6185742e-07,0.9895856,3.2656324,0.12450539891895895
2.0,0.0386967772019898,-8.346224e-08,-0.98979163,-2.6222884e-07,-2.6222884e-07,-2.6216878e-07,-2.6220042e-07,0.9895856,3.2656324,0.12453771514591819
2.0,0.038706777201989805,-1.3548477e-07,-0.98979163,-2.6182897e-07,-2.6182897e-07,-2.6192865e-07,-2.6185742e-07,0.9895856,3.2656324,0.12457003137287742
2.0,0.03871677720198981,-8.3462155e-08,-0.98979163,-2.6222884e-07,-2.6222884e-07,-2.6216878e-07,-2.6220042e-07,0.9895856,3.2656324,0.12460234759983665
2.0,0.038726777201989804,-1.3548485e-07,-0.98979163,-2.6182897e-07,-2.6182897e-07,-2.6192865e-07,-2.6185742e-07,0.9895856,3.2656324,0.12463466382679589
2.0,0.03873677720198981,-8.3462076e-08,-0.98979163,-2.6222884e-07,-2.6222884e-07,-2.6216878e-07,-2.6220042e-07,0.9895856,3.2656324,0.12466698005375512
2.0,0.0387467772019898,-1.3548494e-07,-0.98979163,-2.6182897e-07,-2.6182897e-07,-2.6192865e-07,-2.6185742e-07,0.9895856,3.2656324,0.12469929628071436
2.0,0.038756777201989806,-8.346199e-08,-0.98979163,-2.6222884e-07,-2.6222884e-07,-2.6216878e-07,-2.6220042e-07,0.9895856,3.2656324,0.12473161250767359
2.0,0.0387667772019898,-1.3548502e-07,-0.98979163,-2.6182897e-07,-2.6182897e-07,-2.6192865e-07,-2.6185742e-07,0.9895856,3.2656324,0.12476392873463282
2.0,0.038776777201989805,-8.3461906e-08,-0.98979163,-2.6222884e-07,-2.6222884e-07,-2.6216878e-07,-2.6220042e-07,0.9895856,3.2656324,0.12479624496159206
2.0,0.03878677720198981,-1.3548511e-07,-0.98979163,-2.6182897e-07,-2.6182897e-07,-2.6192865e-07,-2.6185742e-07,0.9895856,3.2656324,0.12482856118855129
2.0,0.038796777201989804,-8.346182e-08,-0.98979163,-2.6222884e-07,-2.6222884e-07,-2.6216878e-07,-2.6220042e-07,0.9895856,3.2656324,0.12486087741551052
2.0,0.03880677720198981,-1.354852e-07,-0.98979163,-2.6182897e-07,-2.6182897e-07,-2.6192865e-07,-2.6185742e-07,0.9895856,3.2656324,0.12489319364246976
2.0,0.038816777201989804,-8.3461735e-08,-0.98979163,-2.6222884e-07,-2.6222884e-07,-2.6216875e-07,-2.6220042e-07,0.9895856,3.2656324,0.12492550986942899
2.0,0.03882677720198981,-1.3548528e-07,-0.98979163,-2.6182897e-07,-2.6182897e-07,-2.6192865e-07,-2.6185742e-07,0.9895856,3.2656324,0.12495782609638822
2.0,0.0388367772019898,-8.346166e-08,-0.98979163,-2.6222884e-07,-2.6222884e-07,-2.6216875e-07,-2.6220042e-07,0.9895856,3.2656324,0.12499014232334746
2.0,0.038846777201989806,-1.3548535e-07,-0.98979163,-2.6182897e-07,-2.6182897e-07,-2.6192868e-07,-2.6185742e-07,0.9895856,3.2656324,0.1250224585503067
2.0,0.0388567772019898,-8.346157e-08,-0.98979163,-2.6222884e-07,-2.6222884e-07,-2.6216875e-07,-2.6220042e-07,0.9895856,3.2656324,0.12505477477726593
2.0,0.038866777201989805,-1.3548544e-07,-0.98979163,-2.6182897e-07,-2.6182897e-07,-2.6192868e-07,-2.6185742e-07,0.9895856,3.2656324,0.12508709100422516
2.0,0.03887677720198981,-8.346149e-08,-0.98979163,-2.6222884e-07,-2.6222884e-07,-2.6216875e-07,-2.6220042e-07,0.9895856,3.2656324,0.1251194072311844
2.0,0.038886777201989804,-1.3548552e-07,-0.98979163,-2.6182897e-07,-2.6182897e-07,-2.6192868e-07,-2.6185742e-07,0.9895856,3.2656324,0.12515172345814363
2.0,0.03889677720198981,-8.34614e-08,-0.98979163,-2.6222884e-07,-2.6222884e-07,-2.6216875e-07,-2.6220042e-07,0.9895856,3.2656324,0.12518403968510286
2.0,0.0389067772019898,-1.354856e-07,-0.98979163,-2.6182897e-07,-2.6182897e-07,-2.6192868e-07,-2.6185742e-07,0.9895856,3.2656324,0.1252163559120621
2.0,0.038916777201989806,-8.3461316e-08,-0.98979163,-2.6222884e-07,-2.6222884e-07,-2.6216875e-07,-2.6220042e-07,0.9895856,3.2656324,0.12524867213902133
2.0,0.0389267772019898,-1.3548569e-07,-0.98979163,-2.6182897e-07,-2.6182897e-07,-2.6192868e-07,-2.6185742e-07,0.9895856,3.2656324,0.12528098836598056
2.0,0.038936777201989806,-8.346124e-08,-0.98979163,-2.6222884e-07,-2.6222884e-07,-2.6216875e-07,-2.6220042e-07,0.9895856,3.2656324,0.1253133045929398
2.0,0.0389467772019898,-1.3548578e-07,-0.98979163,-2.6182897e-07,-2.6182897e-07,-2.6192868e-07,-2.6185742e-07,0.9895856,3.2656324,0.12534562081989903
2.0,0.038956777201989805,-8.346115e-08,-0.98979163,-2.6222884e-07,-2.6222884e-07,-2.6216875e-07,-2.6220042e-07,0.9895856,3.2656324,0.12537793704685826
2.0,0.03896677720198981,-1.3548586e-07,-0.98979163,-2.6182897e-07,-2.6182897e-07,-2.6192868e-07,-2.6185742e-07,0.9895856,3.2656324,0.1254102532738175
2.0,0.038976777201989804,-8.346107e-08,-0.98979163,-2.6222884e-07,-2.6222884e-07,-2.6216875e-07,-2.6220042e-07,0.9895856,3.2656324,0.12544256950077673
2.0,0.03898677720198981,-1.3548595e-07,-0.98979163,-2.6182897e-07,-2.6182897e-07,-2.6192868e-07,-2.6185742e-07,0.9895856,3.2656324,0.12547488572773596
2.0,0.0389967772019898,-8.346098e-08,-0.98979163,-2.6222884e-07,-2.6222884e-07,-2.6216875e-07,-2.6220042e-07,0.9895856,3.2656324,0.1255072019546952
2.0,0.039006777201989806,-1.3548603e-07,-0.98979163,-2.6182897e-07,-2.6182897e-07,-2.6192868e-07,-2.6185742e-07,0.9895856,3.2656324,0.12553951818165443
2.0,0.0390167772019898,-8.34609e-08,-0.98979163,-2.6222884e-07,-2.6222884e-07,-2.6216875e-07,-2.6220042e-07,0.9895856,3.2656324,0.12557183440861366
2.0,0.039026777201989805,-1.3548612e-07,-0.98979163,-2.6182897e-07,-2.6182897e-07,-2.6192868e-07,-2.6185742e-07,0.9895856,3.2656324,0.1256041506355729
2.0,0.0390367772019898,-8.346082e-08,-0.98979163,-2.6222884e-07,-2.6222884e-07,-2.6216875e-07,-2.6220042e-07,0.9895856,3.2656324,0.12563646686253213
2.0,0.039046777201989805,-1.3548619e-07,-0.98979163,-2.6182897e-07,-2.6182897e-07,-2.6192868e-07,-2.6185742e-07,0.9895856,3.2656324,0.12566878308949136
2.0,0.03905677720198981,-8.346073e-08,-0.98979163,-2.6222884e-07,-2.6222884e-07,-2.6216875e-07,-2.6220042e-07,0.9895856,3.2656324,0.1257010993164506
2.0,0.039066777201989804,-1.3548627e-07,-0.98979163,-2.6182897e-07,-2.6182897e-07,-2.6192868e-07,-2.6185742e-07,0.9895856,3.2656324,0.12573341554340983
2.0,0.03907677720198981,-8.346065e-08,-0.98979163,-2.6222884e-07,-2.6222884e-07,-2.6216875e-07,-2.6220042e-07,0.9895856,3.2656324,0.12576573177036907
2.0,0.0390867772019898,-1.3548636e-07,-0.98979163,-2.6182897e-07,-2.6182897e-07,-2.6192868e-07,-2.6185742e-07,0.9895856,3.2656324,0.1257980479973283
2.0,0.039096777201989806,-8.346056e-08,-0.98979163,-2.6222884e-07,-2.6222884e-07,-2.6216875e-07,-2.6220042e-07,0.9895856,3.2656324,0.12583036422428753
2.0,0.0391067772019898,-1.3548645e-07,-0.98979163,-2.6182897e-07,-2.6182897e-07,-2.6192868e-07,-2.6185742e-07,0.9895856,3.2656324,0.12586268045124677
2.0,0.039116777201989805,-8.3460485e-08,-0.98979163,-2.6222884e-07,-2.6222884e-07,-2.6216875e-07,-2.6220042e-07,0.9895856,3.2656324,0.125894996678206
2.0,0.03912677720198981,-1.3548653e-07,-0.98979163,-2.6182897e-07,-2.6182897e-07,-2.6192868e-07,-2.6185742e-07,0.9895856,3.2656324,0.12592731290516523
2.0,0.039136777201989804,-8.34604e-08,-0.98979163,-2.6222884e-07,-2.6222884e-07,-2.6216875e-07,-2.6220042e-07,0.9895856,3.2656324,0.12595962913212447
2.0,0.03914677720198981,-1.3548662e-07,-0.98979163,-2.6182897e-07,-2.6182897e-07,-2.6192868e-07,-2.6185742e-07,0.9895856,3.2656324,0.1259919453590837
2.0,0.039156777201989804,-8.3460314e-08,-0.98979163,-2.6222884e-07,-2.6222884e-07,-2.6216875e-07,-2.6220042e-07,0.9895856,3.2656324,0.12602426158604293
2.0,0.03916677720198981,-1.354867e-07,-0.98979163,-2.6182897e-07,-2.6182897e-07,-2.6192868e-07,-2.6185742e-07,0.9895856,3.2656324,0.12605657781300217
2.0,0.0391767772019898,-8.346023e-08,-0.98979163,-2.6222884e-07,-2.6222884e-07,-2.6216875e-07,-2.6220042e-07,0.9895856,3.2656324,0.1260888940399614
2.0,0.039186777201989806,-1.3548679e-07,-0.98979163,-2.6182897e-07,-2.6182897e-07,-2.6192868e-07,-2.6185742e-07,0.9895856,3.2656324,0.12612121026692064
2.0,0.0391967772019898,-8.3460144e-08,-0.98979163,-2.6222884e-07,-2.6222884e-07,-2.6216875e-07,-2.6220042e-07,0.9895856,3.2656324,0.12615352649387987
2.0,0.039206777201989805,-1.3548687e-07,-0.98979163,-2.6182897e-07,-2.6182897e-07,-2.6192868e-07,-2.6185742e-07,0.9895856,3.2656324,0.1261858427208391
2.0,0.03921677720198981,-8.3460066e-08,-0.98979163,-2.6222884e-07,-2.6222884e-07,-2.6216875e-07,-2.6220042e-07,0.9895856,3.2656324,0.12621815894779834
2.0,0.039226777201989804,-1.3548694e-07,-0.98979163,-2.6182897e-07,-2.6182897e-07,-2.6192868e-07,-2.6185742e-07,0.9895856,3.2656324,0.12625047517475757
2.0,0.03923677720198981,-8.345998e-08,-0.98979163,-2.6222884e-07,-2.6222884e-07,-2.6216875e-07,-2.6220042e-07,0.9895856,3.2656324,0.1262827914017168
2.0,0.0392467772019898,-1.3548703e-07,-0.98979163,-2.6182897e-07,-2.6182897e-07,-2.6192868e-07,-2.6185742e-07,0.9895856,3.2656324,0.12631510762867604
2.0,0.039256777201989806,-8.3459895e-08,-0.98979163,-2.6222884e-07,-2.6222884e-07,-2.6216875e-07,-2.6220042e-07,0.9895856,3.2656324,0.12634742385563527
2.0,0.0392667772019898,-1.3548711e-07,-0.98979163,-2.6182897e-07,-2.6182897e-07,-2.6192868e-07,-2.6185742e-07,0.9895856,3.2656324,0.1263797400825945
2.0,0.039276777201989806,-8.345981e-08,-0.98979163,-2.6222884e-07,-2.6222884e-07,-2.6216875e-07,-2.6220042e-07,0.9895856,3.2656324,0.12641205630955374
2.0,0.0392867772019898,-1.354872e-07,-0.98979163,-2.6182897e-07,-2.6182897e-07,-2.6192868e-07,-2.6185742e-07,0.9895856,3.2656324,0.12644437253651297
2.0,0.039296777201989805,-8.345973e-08,-0.98979163,-2.6222884e-07,-2.6222884e-07,-2.6216875e-07,-2.6220042e-07,0.9895856,3.2656324,0.1264766887634722
2.0,0.03930677720198981,-1.3548728e-07,-0.98979163,-2.6182897e-07,-2.6182897e-07,-2.6192868e-07,-2.6185742e-07,0.9895856,3.2656324,0.12650900499043144
2.0,0.039316777201989804,-8.3459646e-08,-0.98979163,-2.6222884e-07,-2.6222884e-07,-2.6216875e-07,-2.6220042e-07,0.9895856,3.2656324,0.12654132121739067
2.0,0.03932677720198981,-1.3548737e-07,-0.98979163,-2.6182897e-07,-2.6182897e-07,-2.6192868e-07,-2.6185742e-07,0.9895856,3.2656324,0.1265736374443499
2.0,0.0393367772019898,-8.345956e-08,-0.98979163,-2.6222884e-07,-2.6222884e-07,-2.6216875e-07,-2.6220042e-07,0.9895856,3.2656324,0.12660595367130914
2.0,0.039346777201989806,-1.3548745e-07,-0.98979163,-2.6182897e-07,-2.6182897e-07,-2.6192868e-07,-2.6185742e-07,0.9895856,3.2656324,0.12663826989826837
2.0,0.0393567772019898,-8.3459476e-08,-0.98979163,-2.6222884e-07,-2.6222884e-07,-2.6216875e-07,-2.6220042e-07,0.9895856,3.2656324,0.1266705861252276
2.0,0.039366777201989805,-1.3548754e-07,-0.98979163,-2.6182897e-07,-2.6182897e-07,-2.6192868e-07,-2.6185742e-07,0.9895856,3.2656324,0.12670290235218684
2.0,0.0393767772019898,-8.345939e-08,-0.98979163,-2.6222884e-07,-2.6222884e-07,-2.6216875e-07,-2.6220042e-07,0.9895856,3.2656324,0.12673521857914608
2.0,0.039386777201989805,-1.3548762e-07,-0.98979163,-2.6182897e-07,-2.6182897e-07,-2.6192868e-07,-2.6185742e-07,0.9895856,3.2656324,0.1267675348061053
2.0,0.03939677720198981,-8.345931e-08,-0.98979163,-2.6222884e-07,-2.6222884e-07,-2.6216875e-07,-2.6220042e-07,0.9895856,3.2656324,0.12679985103306454
2.0,0.039406777201989804,-1.354877e-07,-0.98979163,-2.6182897e-07,-2.6182897e-07,-2.6192868e-07,-2.6185742e-07,0.9895856,3.2656324,0.12683216726002378
2.0,0.03941677720198981,-8.345923e-08,-0.98979163,-2.6222884e-07,-2.6222884e-07,-2.6216875e-07,-2.6220042e-07,0.9895856,3.2656324,0.126864483486983
2.0,0.0394267772019898,-1.3548778e-07,-0.98979163,-2.6182897e-07,-2.6182897e-07,-2.6192868e-07,-2.6185742e-07,0.9895856,3.2656324,0.12689679971394224
2.0,0.039436777201989806,-8.345914e-08,-0.98979163,-2.6222884e-07,-2.6222884e-07,-2.6216875e-07,-2.6220042e-07,0.9895856,3.2656324,0.12692911594090148
2.0,0.0394467772019898,-1.3548787e-07,-0.98979163,-2.6182897e-07,-2.6182897e-07,-2.6192868e-07,-2.6185742e-07,0.9895856,3.2656324,0.1269614321678607
2.0,0.039456777201989805,-8.345906e-08,-0.98979163,-2.6222884e-07,-2.6222884e-07,-2.6216875e-07,-2.6220042e-07,0.9895856,3.2656324,0.12699374839481994
2.0,0.03946677720198981,-1.3548795e-07,-0.98979163,-2.6182897e-07,-2.6182897e-07,-2.6192868e-07,-2.6185742e-07,0.9895856,3.2656324,0.12702606462177918
2.0,0.039476777201989804,-8.345898e-08,-0.98979163,-2.6222884e-07,-2.6222884e-07,-2.6216875e-07,-2.6220042e-07,0.9895856,3.2656324,0.1270583808487384
2.0,0.03948677720198981,-1.3548804e-07,-0.98979163,-2.6182897e-07,-2.6182897e-07,-2.6192868e-07,-2.6185742e-07,0.9895856,3.2656324,0.12709069707569765
2.0,0.039496777201989804,-8.345889e-08,-0.98979163,-2.6222884e-07,-2.6222884e-07,-2.6216875e-07,-2.6220042e-07,0.9895856,3.2656324,0.12712301330265688
2.0,0.03950677720198981,-1.3548812e-07,-0.98979163,-2.6182897e-07,-2.6182897e-07,-2.6192868e-07,-2.6185742e-07,0.9895856,3.2656324,0.1271553295296161
2.0,0.0395167772019898,-8.345881e-08,-0.98979163,-2.622288e-07,-2.6222884e-07,-2.6216875e-07,-2.6220042e-07,0.9895856,3.2656324,0.12718764575657535
2.0,0.039526777201989806,-1.3548821e-07,-0.98979163,-2.6182897e-07,-2.6182897e-07,-2.6192868e-07,-2.6185742e-07,0.9895856,3.2656324,0.12721996198353458
2.0,0.0395367772019898,-8.345872e-08,-0.98979163,-2.622288e-07,-2.622288e-07,-2.6216875e-07,-2.6220042e-07,0.9895856,3.2656324,0.1272522782104938
2.0,0.039546777201989805,-1.3548829e-07,-0.98979163,-2.6182897e-07,-2.6182897e-07,-2.6192868e-07,-2.6185742e-07,0.9895856,3.2656324,0.12728459443745305
2.0,0.03955677720198981,-8.3458644e-08,-0.98979163,-2.622288e-07,-2.622288e-07,-2.6216875e-07,-2.6220042e-07,0.9895856,3.2656324,0.12731691066441228
2.0,0.039566777201989804,-1.3548836e-07,-0.98979163,-2.61829e-07,-2.61829e-07,-2.6192868e-07,-2.6185742e-07,0.9895856,3.2656324,0.12734922689137151
2.0,0.03957677720198981,-8.345856e-08,-0.98979163,-2.622288e-07,-2.622288e-07,-2.6216875e-07,-2.6220042e-07,0.9895856,3.2656324,0.12738154311833075
2.0,0.0395867772019898,-1.3548845e-07,-0.98979163,-2.61829e-07,-2.61829e-07,-2.6192868e-07,-2.6185742e-07,0.9895856,3.2656324,0.12741385934528998
2.0,0.039596777201989806,-8.3458474e-08,-0.98979163,-2.622288e-07,-2.622288e-07,-2.6216875e-07,-2.6220042e-07,0.9895856,3.2656324,0.12744617557224922
2.0,0.0396067772019898,-1.3548853e-07,-0.98979163,-2.61829e-07,-2.61829e-07,-2.6192868e-07,-2.6185742e-07,0.9895856,3.2656324,0.12747849179920845
2.0,0.039616777201989806,-8.3458396e-08,-0.98979163,-2.622288e-07,-2.622288e-07,-2.6216875e-07,-2.6220042e-07,0.9895856,3.2656324,0.12751080802616768
2.0,0.0396267772019898,-1.3548862e-07,-0.98979163,-2.61829e-07,-2.61829e-07,-2.6192868e-07,-2.6185742e-07,0.9895856,3.2656324,0.12754312425312692
2.0,0.039636777201989805,-8.345831e-08,-0.98979163,-2.622288e-07,-2.622288e-07,-2.6216873e-07,-2.6220042e-07,0.9895856,3.2656324,0.12757544048008615
2.0,0.03964677720198981,-1.354887e-07,-0.98979163,-2.61829e-07,-2.61829e-07,-2.6192868e-07,-2.6185742e-07,0.9895856,3.2656324,0.12760775670704538
2.0,0.039656777201989804,-8.3458225e-08,-0.98979163,-2.622288e-07,-2.622288e-07,-2.6216873e-07,-2.6220042e-07,0.9895856,3.2656324,0.12764007293400462
2.0,0.03966677720198981,-1.3548879e-07,-0.98979163,-2.61829e-07,-2.61829e-07,-2.619287e-07,-2.6185742e-07,0.9895856,3.2656324,0.12767238916096385
2.0,0.0396767772019898,-8.345814e-08,-0.98979163,-2.622288e-07,-2.622288e-07,-2.6216873e-07,-2.6220042e-07,0.9895856,3.2656324,0.12770470538792308
2.0,0.039686777201989806,-1.3548888e-07,-0.98979163,-2.61829e-07,-2.61829e-07,-2.619287e-07,-2.6185742e-07,0.9895856,3.2656324,0.12773702161488232
2.0,0.0396967772019898,-8.345806e-08,-0.98979163,-2.622288e-07,-2.622288e-07,-2.6216873e-07,-2.6220042e-07,0.9895856,3.2656324,0.12776933784184155
2.0,0.039706777201989805,-1.3548895e-07,-0.98979163,-2.61829e-07,-2.61829e-07,-2.619287e-07,-2.6185742e-07,0.9895856,3.2656324,0.12780165406880079
2.0,0.0397167772019898,-8.345798e-08,-0.98979163,-2.622288e-07,-2.622288e-07,-2.6216873e-07,-2.6220042e-07,0.9895856,3.2656324,0.12783397029576002
2.0,0.039726777201989805,-1.3548903e-07,-0.98979163,-2.61829e-07,-2.61829e-07,-2.619287e-07,-2.6185742e-07,0.9895856,3.2656324,0.12786628652271925
2.0,0.03973677720198981,-8.345789e-08,-0.98979163,-2.622288e-07,-2.622288e-07,-2.6216873e-07,-2.6220042e-07,0.9895856,3.2656324,0.12789860274967849
2.0,0.039746777201989804,-1.3548912e-07,-0.98979163,-2.61829e-07,-2.61829e-07,-2.619287e-07,-2.6185742e-07,0.9895856,3.2656324,0.12793091897663772
2.0,0.03975677720198981,-8.345781e-08,-0.98979163,-2.622288e-07,-2.622288e-07,-2.6216873e-07,-2.6220042e-07,0.9895856,3.2656324,0.12796323520359695
2.0,0.0397667772019898,-1.354892e-07,-0.98979163,-2.61829e-07,-2.61829e-07,-2.619287e-07,-2.6185742e-07,0.9895856,3.2656324,0.1279955514305562
2.0,0.039776777201989806,-8.345773e-08,-0.98979163,-2.622288e-07,-2.622288e-07,-2.6216873e-07,-2.6220042e-07,0.9895856,3.2656324,0.12802786765751542
2.0,0.0397867772019898,-1.3548929e-07,-0.98979163,-2.61829e-07,-2.61829e-07,-2.619287e-07,-2.6185742e-07,0.9895856,3.2656324,0.12806018388447465
2.0,0.039796777201989805,-8.345764e-08,-0.98979163,-2.622288e-07,-2.622288e-07,-2.6216873e-07,-2.6220042e-07,0.9895856,3.2656324,0.1280925001114339
2.0,0.0398067772019898,-1.3548937e-07,-0.98979163,-2.61829e-07,-2.61829e-07,-2.619287e-07,-2.6185742e-07,0.9895856,3.2656324,0.12812481633839312
2.0,0.039816777201989804,-8.345756e-08,-0.98979163,-2.622288e-07,-2.622288e-07,-2.6216873e-07,-2.6220042e-07,0.9895856,3.2656324,0.12815713256535236
2.0,0.03982677720198981,-1.3548946e-07,-0.98979163,-2.61829e-07,-2.61829e-07,-2.619287e-07,-2.6185742e-07,0.9895856,3.2656324,0.1281894487923116
2.0,0.039836777201989804,-8.345748e-08,-0.98979163,-2.622288e-07,-2.622288e-07,-2.6216873e-07,-2.6220042e-07,0.9895856,3.2656324,0.12822176501927082
2.0,0.03984677720198981,-1.3548953e-07,-0.98979163,-2.61829e-07,-2.61829e-07,-2.619287e-07,-2.6185742e-07,0.9895856,3.2656324,0.12825408124623006
2.0,0.0398567772019898,-8.3457394e-08,-0.98979163,-2.622288e-07,-2.622288e-07,-2.6216873e-07,-2.622004e-07,0.9895856,3.2656324,0.1282863974731893
2.0,0.039866777201989806,-1.3548961e-07,-0.98979163,-2.61829e-07,-2.61829e-07,-2.619287e-07,-2.6185742e-07,0.9895856,3.2656324,0.12831871370014852
2.0,0.0398767772019898,-8.345731e-08,-0.98979163,-2.622288e-07,-2.622288e-07,-2.6216873e-07,-2.622004e-07,0.9895856,3.2656324,0.12835102992710776
2.0,0.039886777201989805,-1.354897e-07,-0.98979163,-2.61829e-07,-2.61829e-07,-2.619287e-07,-2.6185742e-07,0.9895856,3.2656324,0.128383346154067
2.0,0.03989677720198981,-8.345723e-08,-0.98979163,-2.622288e-07,-2.622288e-07,-2.6216873e-07,-2.622004e-07,0.9895856,3.2656324,0.12841566238102622
2.0,0.039906777201989804,-1.3548978e-07,-0.98979163,-2.61829e-07,-2.61829e-07,-2.619287e-07,-2.6185742e-07,0.9895856,3.2656324,0.12844797860798546
2.0,0.03991677720198981,-8.3457145e-08,-0.98979163,-2.622288e-07,-2.622288e-07,-2.6216873e-07,-2.622004e-07,0.9895856,3.2656324,0.1284802948349447
2.0,0.0399267772019898,-1.3548987e-07,-0.98979163,-2.61829e-07,-2.61829e-07,-2.619287e-07,-2.6185742e-07,0.9895856,3.2656324,0.12851261106190393
2.0,0.039936777201989807,-8.345706e-08,-0.98979163,-2.622288e-07,-2.622288e-07,-2.6216873e-07,-2.622004e-07,0.9895856,3.2656324,0.12854492728886316
2.0,0.0399467772019898,-1.3548996e-07,-0.98979163,-2.61829e-07,-2.61829e-07,-2.619287e-07,-2.6185742e-07,0.9895856,3.2656324,0.1285772435158224
2.0,0.039956777201989806,-8.345698e-08,-0.98979163,-2.622288e-07,-2.622288e-07,-2.6216873e-07,-2.622004e-07,0.9895856,3.2656324,0.12860955974278163
2.0,0.0399667772019898,-1.3549003e-07,-0.98979163,-2.61829e-07,-2.61829e-07,-2.619287e-07,-2.6185745e-07,0.9895856,3.2656324,0.12864187596974086
2.0,0.039976777201989805,-8.34569e-08,-0.98979163,-2.622288e-07,-2.622288e-07,-2.6216873e-07,-2.622004e-07,0.9895856,3.2656324,0.1286741921967001
2.0,0.03998677720198981,-1.3549011e-07,-0.98979163,-2.61829e-07,-2.61829e-07,-2.619287e-07,-2.6185745e-07,0.9895856,3.2656324,0.12870650842365933
2.0,0.039996777201989804,-8.345681e-08,-0.98979163,-2.622288e-07,-2.622288e-07,-2.6216873e-07,-2.622004e-07,0.9895856,3.2656324,0.128727873970736
2.0,0.04,-1.3549028e-07,-0.98979163,-2.61829e-07,-2.61829e-07,-2.619287e-07,-2.6185745e-07,0.9895856,3.2656324,0.12873828883793015
