config_id,t_s,Icell11_A,Icell12_A,Icell21_A,Icell22_A,Icell31_A,Icell32_A,I_RL_A,V_out_diff_V,E_out_J
4.0,0.0,-1.7279986e-05,-1.7279986e-05,-0.91308373,-0.91308373,-0.91307783,-0.91307783,1.8261374,6.0262537,1.1004766801227983e-09
4.0,9.999999439624929e-11,-1.728085e-05,-1.7281243e-05,-0.91308373,-0.91308373,-0.91307783,-0.91307783,1.8261374,6.0262537,5.502383400613991e-09
4.0,7.999999551699943e-10,-1.7281638e-05,-1.7287493e-05,-0.91308373,-0.91308373,-0.91307783,-0.91307783,1.8261374,6.0262537,1.3755958501534978e-08
4.0,1.5999999103399887e-09,-1.7276583e-05,-1.729225e-05,-0.91308373,-0.91308373,-0.91307783,-0.91307783,1.8261374,6.0262537,2.6961678663008558e-08
4.0,3.1999998206799773e-09,-1.7261002e-05,-1.729845e-05,-0.91308373,-0.91308373,-0.91307783,-0.91307783,1.8261374,6.0262537,5.3373118985955716e-08
4.0,6.399999641359955e-09,-1.7229926e-05,-1.7305285e-05,-0.91308373,-0.91308373,-0.91307783,-0.91307783,1.8261374,6.0262537,1.0619599963185003e-07
4.0,1.279999928271991e-08,-1.7181112e-05,-1.7307659e-05,-0.91308373,-0.91308373,-0.91307783,-0.91307783,1.8261374,6.0262527,2.118417426130928e-07
4.0,2.559999856543982e-08,-1.7112907e-05,-1.7290673e-05,-0.91308373,-0.91308373,-0.91307783,-0.91307783,1.8261374,6.026253,4.2313324688612423e-07
4.0,5.119999713087964e-08,-1.7025886e-05,-1.7234004e-05,-0.91308373,-0.91308373,-0.91307783,-0.91307783,1.8261374,6.0262537,6.997747180413993e-07
4.0,7.587665788040272e-08,-1.6996304e-05,-1.7209873e-05,-0.91308373,-0.91308373,-0.91307783,-0.91307783,1.8261374,6.026253,9.144479020258886e-07
4.0,9.02145795270075e-08,-1.7069055e-05,-1.728829e-05,-0.91308373,-0.91308373,-0.91307783,-0.91307783,1.8261374,6.0262527,1.0591249245113908e-06
4.0,1.0217017996348289e-07,-1.7203256e-05,-1.7432914e-05,-0.91308373,-0.91308373,-0.91307783,-0.91307783,1.8261374,6.026253,1.221784229121565e-06
4.0,1.1977618906026449e-07,-1.7408875e-05,-1.7665492e-05,-0.91308373,-0.91308373,-0.91307783,-0.91307783,1.8261374,6.026253,1.4156554452246267e-06
4.0,1.3740422454464917e-07,-1.7585842e-05,-1.7880064e-05,-0.91308373,-0.91308373,-0.91307783,-0.91307783,1.8261374,6.0262527,1.6740411521406604e-06
4.0,1.6673506458889112e-07,-1.7828905e-05,-1.8198292e-05,-0.91308373,-0.91308373,-0.91307783,-0.91307783,1.8261374,6.026253,2.00366493673779e-06
4.0,1.973098637362559e-07,-1.8017554e-05,-1.8472836e-05,-0.91308373,-0.91308373,-0.91307783,-0.91307783,1.8261374,6.0262537,2.472602962973967e-06
4.0,2.51959587457605e-07,-1.8163495e-05,-1.8767138e-05,-0.91308373,-0.91308373,-0.9130779,-0.9130779,1.8261374,6.0262537,3.0734943795849727e-06
4.0,3.0651551866599005e-07,-1.8111221e-05,-1.8843688e-05,-0.9130838,-0.9130838,-0.91307795,-0.91307795,1.8261374,6.0262537,3.8051445355499612e-06
4.0,3.849292592699137e-07,-1.8028368e-05,-1.893656e-05,-0.9130839,-0.9130839,-0.91307807,-0.91307807,1.8261374,6.026253,4.318156130204779e-06
4.0,3.997499541848459e-07,-1.8013046e-05,-1.8958384e-05,-0.913084,-0.913084,-0.91307807,-0.91307807,1.8261374,6.0262537,4.562803580970673e-06
4.0,4.2939134401471017e-07,-1.798202e-05,-1.9002084e-05,-0.91308403,-0.91308403,-0.9130781,-0.9130781,1.8261374,6.026253,5.052098440100112e-06
4.0,4.886741236744388e-07,-1.7916229e-05,-1.9095605e-05,-0.9130841,-0.9130841,-0.91307825,-0.91307825,1.8261374,6.0262527,6.030688073554295e-06
4.0,6.072396829938961e-07,-1.7782982e-05,-1.9284658e-05,-0.9130843,-0.9130843,-0.9130785,-0.9130785,1.8261374,6.0262537,7.987867679681448e-06
4.0,8.443708016328107e-07,-1.759943e-05,-1.9555258e-05,-0.91308486,-0.91308486,-0.91307896,-0.91307896,1.8261374,6.0262537,1.0557909467471692e-05
4.0,1.0743175757275663e-06,-1.7563654e-05,-1.9632627e-05,-0.91308534,-0.91308534,-0.9130795,-0.9130795,1.8261374,6.0262537,1.3838178562685095e-05
4.0,1.440524990203034e-06,-1.7712571e-05,-1.9483996e-05,-0.91308606,-0.91308606,-0.91308016,-0.91308016,1.8261374,6.0262537,1.802405043863074e-05
4.0,1.835055484487747e-06,-1.7979582e-05,-1.9172687e-05,-0.91308653,-0.91308653,-0.9130807,-0.9130807,1.8261374,6.026253,2.234163971675839e-05
4.0,2.2252012106680933e-06,-1.822749e-05,-1.8869547e-05,-0.9130868,-0.9130868,-0.9130809,-0.9130809,1.8261374,6.0262537,2.7039534520896955e-05
4.0,2.6888481410220106e-06,-1.8444616e-05,-1.8591567e-05,-0.91308665,-0.91308665,-0.9130808,-0.9130808,1.8261374,6.026253,3.1730886521922105e-05
4.0,3.0778048558744717e-06,-1.8560004e-05,-1.8433877e-05,-0.9130865,-0.9130865,-0.9130806,-0.9130806,1.8261374,6.0262537,3.572082825452629e-05
4.0,3.413977820021218e-06,-1.8626173e-05,-1.8335477e-05,-0.9130862,-0.9130862,-0.91308033,-0.91308033,1.8261374,6.026253,3.941565873144479e-05
4.0,3.7493012459027525e-06,-1.867099e-05,-1.8261826e-05,-0.9130859,-0.9130859,-0.91308004,-0.91308004,1.8261374,6.0262537,4.315778409933826e-05
4.0,4.094069497707023e-06,-1.8701026e-05,-1.8204606e-05,-0.9130856,-0.9130856,-0.9130797,-0.9130797,1.8261374,6.026253,4.789380976754608e-05
4.0,4.610023857981869e-06,-1.8726516e-05,-1.8142437e-05,-0.9130851,-0.9130851,-0.9130792,-0.9130792,1.8261374,6.0262527,5.375871816853124e-05
4.0,5.159954708138409e-06,-1.8736666e-05,-1.8097107e-05,-0.9130846,-0.9130846,-0.9130788,-0.9130788,1.8261374,6.0262537,5.964268143074721e-05
4.0,5.679371903019365e-06,-1.8737332e-05,-1.806652e-05,-0.91308427,-0.91308427,-0.9130784,-0.9130784,1.8261374,6.0262537,6.515209350669402e-05
4.0,6.161232039448749e-06,-1.8733708e-05,-1.804472e-05,-0.913084,-0.913084,-0.9130781,-0.9130781,1.8261374,6.0262537,7.047919865674185e-05
4.0,6.647516880146133e-06,-1.8728497e-05,-1.8027082e-05,-0.91308373,-0.91308373,-0.91307783,-0.91307783,1.8261374,6.026253,7.587612658681456e-05
4.0,7.142066652816195e-06,-1.872338e-05,-1.801238e-05,-0.91308355,-0.91308355,-0.91307765,-0.91307765,1.8261374,6.0262537,8.138982532232088e-05
4.0,7.64957326645995e-06,-1.8721154e-05,-1.8000332e-05,-0.9130834,-0.9130834,-0.9130775,-0.9130775,1.8261374,6.0262537,8.701312660120119e-05
4.0,8.164042141317603e-06,-1.8726076e-05,-1.799161e-05,-0.9130832,-0.9130832,-0.91307735,-0.91307735,1.8261374,6.026253,9.278688847093517e-05
4.0,8.698893465757097e-06,-1.8747665e-05,-1.7988208e-05,-0.91308314,-0.91308314,-0.91307724,-0.91307724,1.8261374,6.026253,9.883111745403242e-05
4.0,9.26251688001226e-06,-1.880705e-05,-1.7995628e-05,-0.913083,-0.913083,-0.9130772,-0.9130772,1.8261374,6.0262537,0.00010532616605885731
4.0,9.879299803878464e-06,-1.8960936e-05,-1.8029146e-05,-0.913083,-0.913083,-0.9130771,-0.9130771,1.8261374,6.0262537,0.00011298652557437167
4.0,1.0654706142104049e-05,-1.9438747e-05,-1.81511e-05,-0.913083,-0.913083,-0.9130772,-0.9130772,1.8261374,6.0262527,0.00012314187703319613
4.0,1.1724927763707395e-05,-2.1288952e-05,-1.865247e-05,-0.9130834,-0.9130834,-0.9130775,-0.9130775,1.8261374,6.0262537,0.00013442628350366753
4.0,1.2705527580112567e-05,-2.5225765e-05,-1.9740215e-05,-0.9130842,-0.9130842,-0.9130783,-0.9130783,1.8261374,6.026253,0.0001458632505972032
4.0,1.3803475660331459e-05,-3.2652457e-05,-2.1817561e-05,-0.9130861,-0.9130861,-0.9130803,-0.9130803,1.8261374,6.0262537,0.00015855327438280204
4.0,1.5011805087613318e-05,-4.302254e-05,-2.4762398e-05,-0.9130895,-0.9130895,-0.9130837,-0.9130837,1.8261374,6.0262537,0.00017012233589005918
4.0,1.590603013838997e-05,-5.0957664e-05,-2.705372e-05,-0.9130925,-0.9130925,-0.91308665,-0.91308665,1.8261375,6.0262537,0.0001789480751822039
4.0,1.6615789650329916e-05,-5.69893e-05,-2.8818358e-05,-0.9130947,-0.9130947,-0.91308886,-0.91308886,1.8261375,6.0262537,0.00018637363849779827
4.0,1.725554755935989e-05,-6.211275e-05,-3.0330802e-05,-0.91309637,-0.91309637,-0.9130905,-0.9130905,1.8261377,6.0262547,0.00019315439138891516
4.0,1.7848119398111944e-05,-6.6542925e-05,-3.1645253e-05,-0.91309756,-0.91309756,-0.9130917,-0.9130917,1.8261377,6.0262547,0.0001997882506656621
4.0,1.8461180954442726e-05,-7.0807706e-05,-3.2908225e-05,-0.9130984,-0.9130984,-0.91309255,-0.91309255,1.8261377,6.026254,0.00020624580805367904
4.0,1.902171190099097e-05,-7.44318e-05,-3.3962475e-05,-0.9130987,-0.9130987,-0.91309285,-0.91309285,1.8261378,6.0262547,0.0002123392896511288
4.0,1.956860635541716e-05,-7.77586e-05,-3.4884746e-05,-0.9130987,-0.9130987,-0.91309285,-0.91309285,1.8261378,6.0262547,0.00021825414270363317
4.0,2.0096673465840192e-05,-8.084703e-05,-3.5642184e-05,-0.91309834,-0.91309834,-0.9130925,-0.9130925,1.8261379,6.0262547,0.00022404718531270957
4.0,2.0621430077892605e-05,-8.3910054e-05,-3.622352e-05,-0.9130977,-0.9130977,-0.91309184,-0.91309184,1.8261379,6.0262547,0.00022991770587260456
4.0,2.1163577979722694e-05,-8.7185166e-05,-3.659928e-05,-0.9130967,-0.9130967,-0.9130909,-0.9130909,1.8261379,6.0262547,0.000236229513442212
4.0,2.1768533800308045e-05,-9.094862e-05,-3.6791076e-05,-0.91309536,-0.91309536,-0.9130895,-0.9130895,1.826138,6.0262556,0.00024385865087815244
4.0,2.2550092118228802e-05,-9.558682e-05,-3.6916084e-05,-0.91309315,-0.91309315,-0.9130873,-0.9130873,1.826138,6.0262556,0.00025349127155612297
4.0,2.351915959162676e-05,-0.000100470694,-3.7178346e-05,-0.9130903,-0.9130903,-0.91308445,-0.91308445,1.826138,6.0262556,0.00026503812773642175
4.0,2.4648609740137048e-05,-0.00010504621,-3.761421e-05,-0.9130873,-0.9130873,-0.91308147,-0.91308147,1.8261381,6.0262556,0.0002784441614777106
4.0,2.595556264096946e-05,-0.00010924195,-3.8148708e-05,-0.91308475,-0.91308475,-0.9130789,-0.9130789,1.8261381,6.0262556,0.0002933373486135064
4.0,2.7355286991017663e-05,-0.00011272472,-3.867558e-05,-0.9130828,-0.9130828,-0.91307694,-0.91307694,1.8261381,6.0262556,0.0003092754423071861
4.0,2.8852140467444318e-05,-0.000115583396,-3.9136252e-05,-0.91308135,-0.91308135,-0.9130755,-0.9130755,1.8261381,6.0262556,0.00032741226448856534
4.0,3.0651460171009264e-05,-0.00011807222,-3.956149e-05,-0.91308016,-0.91308016,-0.9130743,-0.9130743,1.826138,6.0262556,0.0003535318904145012
4.0,3.359910314086437e-05,-0.0001205859,-3.9980412e-05,-0.91307914,-0.91307914,-0.91307324,-0.91307324,1.826138,6.0262556,0.0003992258029735995
4.0,3.8955840101090035e-05,-0.00012198295,-4.0173258e-05,-0.9130788,-0.9130788,-0.91307294,-0.91307294,1.8261378,6.0262547,0.00046281631025456705
4.0,4.515600076951499e-05,-0.000120724566,-3.9831964e-05,-0.9130796,-0.9130796,-0.9130737,-0.9130737,1.8261377,6.0262547,0.0005464148970523877
4.0,5.4148994465770505e-05,-0.00011607125,-3.876883e-05,-0.9130811,-0.9130811,-0.91307527,-0.91307527,1.8261374,6.026253,0.0006458753736620367
4.0,6.323189123623331e-05,-0.00010766942,-3.6940066e-05,-0.913082,-0.913082,-0.9130761,-0.9130761,1.8261373,6.0262537,0.0007243231296178483
4.0,6.84060450285016e-05,-0.00010013484,-3.532044e-05,-0.91308206,-0.91308206,-0.91307616,-0.91307616,1.8261373,6.026253,0.0007699319154024974
4.0,7.152080675031444e-05,-9.5335454e-05,-3.428292e-05,-0.91308206,-0.91308206,-0.91307616,-0.91307616,1.8261373,6.0262537,0.0007963220170535749
4.0,7.320216709739749e-05,-0.0006556871,8.080699e-05,-0.91307724,-0.91307724,-0.91307086,-0.91307086,1.8261372,6.0262527,0.0008118602649305468
4.0,7.434471957401058e-05,-0.0010934538,0.00014782995,-0.91298264,-0.91298264,-0.9129756,-0.9129756,1.8261368,6.026252,0.0008201601172495438
4.0,7.471057832294628e-05,-0.006134669,-8.4814e-05,-0.91382504,-0.91382504,-0.9138189,-0.9138189,1.826138,6.0262556,0.0008241715787784975
4.0,7.507375980597252e-05,-0.023974825,8.091485e-05,-0.9168495,-0.9168495,-0.9168433,-0.9168433,1.8261448,6.0262775,0.0008269331188820612
4.0,7.52124550063612e-05,-0.03193283,-7.16016e-05,-0.91831696,-0.91831696,-0.9183108,-0.9183108,1.8261495,6.0262938,0.0008284954560197375
4.0,7.535769427975094e-05,-0.04377344,6.655054e-05,-0.92023677,-0.92023677,-0.9202307,-0.9202307,1.826156,6.0263147,0.0008301428016556352
4.0,7.551183656862007e-05,-0.056403447,-6.1442865e-05,-0.9224701,-0.9224701,-0.922464,-0.922464,1.8261651,6.0263443,0.0008318236835222298
4.0,7.566316755560199e-05,-0.07162618,5.9308997e-05,-0.9249414,-0.9249414,-0.92493534,-0.92493534,1.8261764,6.0263824,0.0008340159071590954
4.0,7.591023299051647e-05,-0.09845774,-5.656305e-05,-0.9294403,-0.9294403,-0.92943424,-0.92943424,1.8262001,6.0264606,0.0008371092803934278
4.0,7.622531681662198e-05,-0.13940687,5.6983095e-05,-0.93601155,-0.93601155,-0.93600553,-0.9360055,1.8262415,6.026597,0.0008403886458055822
4.0,7.65061550341475e-05,-0.18024383,-5.4410255e-05,-0.94255215,-0.94255215,-0.94254607,-0.94254607,1.82629,6.0267572,0.0008436168192122025
4.0,7.68119051576069e-05,-0.23065059,5.5561e-05,-0.9503621,-0.9503621,-0.95035607,-0.950356,1.8263564,6.0269756,0.0008469507435047455
4.0,7.711191528507194e-05,-0.28431204,-5.2825602e-05,-0.9586318,-0.9586318,-0.95862573,-0.95862573,1.8264364,6.0272408,0.0008502518834095266
4.0,7.741165593143109e-05,-0.34308118,5.4629254e-05,-0.96745795,-0.96745795,-0.96745193,-0.96745193,1.8265321,6.0275564,0.0008540350096086497
4.0,7.779916130092729e-05,-0.42457342,-5.1647163e-05,-0.9796065,-0.9796065,-0.9796004,-0.9796004,1.8266809,6.0280476,0.0008581611536202292
4.0,7.816109275211565e-05,-0.50698525,5.4228407e-05,-0.9916553,-0.9916553,-0.99164927,-0.9916492,1.8268466,6.028594,0.0008630467271232199
4.0,7.868637336938378e-05,-0.6348566,-5.0720606e-05,-1.0102351,-1.0102351,-1.0102291,-1.0102291,1.8271362,6.0295496,0.0008686828995728675
4.0,7.918428788973112e-05,-0.7650773,5.4271586e-05,-1.0290065,-1.0290065,-1.0290005,-1.0290004,1.8274671,6.0306416,0.000875838910837561
4.0,7.998501087659524e-05,-0.988506,-4.979699e-05,-1.0615433,-1.0615433,-1.0615373,-1.0615373,1.8281242,6.03281,0.0008844323928902843
4.0,8.074266944758994e-05,-1.2136006,5.4876968e-05,-1.0953563,-1.0953563,-1.0953504,-1.0953503,1.8288983,6.035364,0.0008967246137386803
4.0,8.221225247602261e-05,-1.6749144,-4.819468e-05,-1.1719494,-1.1719494,-1.1719434,-1.1719433,1.8308918,6.041943,0.0009124559073452236
4.0,8.358683658356276e-05,-2.1228478,5.7254234e-05,-1.2642465,-1.2642465,-1.2642404,-1.2642404,1.833463,6.0504274,0.0009285437137145386
4.0,8.511272404203577e-05,-2.6221218,-4.4484896e-05,-1.4027306,-1.4027306,-1.4027246,-1.4027245,1.8373905,6.063389,0.0009456126319145492
4.0,8.665105072902964e-05,-3.115152,6.2073654e-05,-1.5874994,-1.5874994,-1.5874934,-1.5874933,1.842862,6.0814447,0.0009602791446194017
4.0,8.773004665972772e-05,-3.4491625,-4.0126633e-05,-1.7357107,-1.7357107,-1.7357048,-1.7357047,1.8477825,6.097682,0.0009694040654834494
4.0,8.827078393324592e-05,-3.612477,6.441911e-05,-1.8127196,-1.8127196,-1.8127136,-1.8127135,1.8506126,6.1070213,0.0009757659507672973
4.0,8.885587158374015e-05,-3.7854154,-3.840003e-05,-1.8960831,-1.8960831,-1.8960772,-1.896077,1.8539537,6.1180468,0.0009829539769565735
4.0,8.953822561079465e-05,-3.982659,6.59752e-05,-1.9928994,-1.9928994,-1.9928935,-1.9928933,1.8582146,6.132108,0.000990380680726083
4.0,9.015939969343173e-05,-4.1573524,-3.6670484e-05,-2.0793273,-2.0793273,-2.0793214,-2.0793211,1.8624291,6.146016,0.00099783378628248
4.0,9.084047391909596e-05,-4.3439364,6.7408146e-05,-2.1722593,-2.1722593,-2.1722534,-2.1722534,1.8674097,6.1624517,0.0010060561548146667
4.0,9.158840485286741e-05,-4.5422072,-3.4981324e-05,-2.2711155,-2.2711155,-2.2711096,-2.2711093,1.8732995,6.1818886,0.0010155931618550226
4.0,9.248755025738229e-05,-4.7717896,6.908588e-05,-2.385899,-2.385899,-2.385893,-2.3858929,1.8809409,6.2071056,0.0010272571264454628
4.0,9.358648043770658e-05,-5.0387545,-3.292353e-05,-2.519276,-2.519276,-2.51927,-2.5192697,1.8910728,6.2405405,0.0010424490425952355
4.0,9.506216410780548e-05,-5.374387,7.143339e-05,-2.6871629,-2.6871629,-2.687157,-2.6871567,1.905962,6.2896748,0.001065371888650942
4.0,9.74108171351394e-05,-5.8556294,-2.9718154e-05,-2.927705,-2.927705,-2.927699,-2.9276989,1.9324013,6.3769245,0.0010957958195858546
4.0,0.00010000000099999939,-6.314877,7.49942e-05,-3.1574059,-3.1574059,-3.1574,-3.1574,1.9649829,6.484443,0.0011122912825328112
4.0,0.0001000000019999994,-6.314791,7.265283e-05,-3.1572607,-3.1572607,-3.1572592,-3.1572535,1.9649829,6.4844437,0.001112291390838284
4.0,0.00010000001799999939,-6.3149457,0.00010960675,-3.1573086,-3.1573086,-3.1573012,-3.1573014,1.9649831,6.4844446,0.0011122916966420638
4.0,0.0001000000499999994,-6.314859,4.7415382e-05,-3.157298,-3.157298,-3.157293,-3.1572926,1.9649836,6.484446,0.0011122921017546414
4.0,0.0001000000815878171,-6.314911,7.6804296e-05,-3.1573374,-3.1573374,-3.1573312,-3.1573303,1.9649839,6.4844475,0.0011122925783526281
4.0,0.00010000012480837112,-6.314875,2.6897533e-05,-3.1573312,-3.1573312,-3.1573255,-3.157326,1.9649845,6.4844484,0.0011122933004546187
4.0,0.00010000019493124568,-6.3149076,5.412481e-05,-3.1573675,-3.1573675,-3.1573615,-3.1573603,1.9649855,6.484452,0.001112294219280731
4.0,0.00010000026903010413,-6.3148932,1.2318008e-05,-3.1573615,-3.1573615,-3.1573553,-3.1573563,1.9649864,6.4844556,0.0011122956355174372
4.0,0.00010000041722782105,-6.314933,4.281297e-05,-3.1573946,-3.1573946,-3.157389,-3.1573877,1.9649885,6.4844623,0.0011122975504893066
4.0,0.00010000056960895124,-6.31494,6.532572e-06,-3.157392,-3.157392,-3.1573858,-3.157387,1.9649905,6.4844685,0.0011123004629312338
4.0,0.0001000008743712116,-6.315008,4.0586117e-05,-3.1574347,-3.1574347,-3.157429,-3.1574278,1.9649944,6.484482,0.0011123051287762465
4.0,0.00010000130196739198,-6.3150673,6.521392e-06,-3.1574566,-3.1574566,-3.1574504,-3.1574514,1.9650002,6.4845004,0.001112313301450551
4.0,0.0001000021571597527,-6.315226,4.0767478e-05,-3.157545,-3.157545,-3.1575394,-3.1575382,1.9650115,6.484538,0.00111232649458225
4.0,0.0001000033727464869,-6.3154125,6.7278493e-06,-3.1576304,-3.1576304,-3.1576242,-3.1576252,1.9650276,6.4845915,0.0011123497288229008
4.0,0.00010000580391995532,-6.315822,4.0667546e-05,-3.157844,-3.157844,-3.157838,-3.157837,1.9650596,6.484697,0.0011123898974369887
4.0,0.00010000967725785678,-6.3164363,6.6373846e-06,-3.1581426,-3.1581426,-3.1581364,-3.1581376,1.9651109,6.4848657,0.001112461235618214
4.0,0.00010001699994847252,-6.317639,4.054665e-05,-3.1587524,-3.1587524,-3.1587467,-3.1587453,1.9652078,6.4851856,0.0011126012242741255
4.0,0.00010003164532970401,-6.320007,6.556061e-06,-3.1599276,-3.1599276,-3.1599214,-3.1599226,1.9654016,6.4858255,0.001112881256832116
4.0,0.000100060936092167,-6.324784,4.0511008e-05,-3.162325,-3.162325,-3.1623192,-3.162318,1.9657897,6.487106,0.0011134415431003704
4.0,0.00010011951761709295,-6.334276,6.6009275e-06,-3.1670625,-3.1670625,-3.1670563,-3.1670573,1.9665669,6.4896708,0.0011145630019220047
4.0,0.0001002366806669449,-6.3531976,4.0616273e-05,-3.1765318,-3.1765318,-3.176526,-3.1765246,1.9681259,6.494816,0.0011168094772760057
4.0,0.00010047100676664876,-6.3905883,6.809181e-06,-3.1952186,-3.1952186,-3.1952124,-3.1952133,1.9712621,6.505165,0.0011213167580479643
4.0,0.00010093965896605648,-6.463787,4.102369e-05,-3.2318265,-3.2318265,-3.2318208,-3.2318194,1.9776057,6.5260987,0.0011303894309342799
4.0,0.00010187696336487192,-6.6038303,7.5910575e-06,-3.3018396,-3.3018396,-3.3018334,-3.3018346,1.9905664,6.5688696,0.0011487733979150632
4.0,0.0001037515721625028,-6.860125,4.246293e-05,-3.4299955,-3.4299955,-3.4299898,-3.4299886,2.0174925,6.657726,0.0011705447065892137
4.0,0.00010511869216563444,-7.0279803,9.119816e-06,-3.5139148,-3.5139148,-3.5139086,-3.5139098,2.037904,6.7250834,0.0011874287510857343
4.0,0.0001062154835743261,-7.151979,4.350243e-05,-3.5759227,-3.5759227,-3.575917,-3.5759158,2.0546992,6.7805066,0.0011990611409225128
4.0,0.00010678858486083426,-7.213143,9.77396e-06,-3.6064963,-3.6064963,-3.6064901,-3.6064913,2.0636122,6.8099203,0.0012059925056566332
4.0,0.00010720194163714917,-7.255778,4.386433e-05,-3.6278224,-3.6278224,-3.6278167,-3.6278155,2.070096,6.831317,0.0012113202008168043
4.0,0.00010754206954187429,-7.2898664,1.0036377e-05,-3.6448584,-3.6448584,-3.6448522,-3.6448534,2.0754642,6.8490314,0.001216240521494449
4.0,0.00010789421717052307,-7.324192,4.4088178e-05,-3.6620297,-3.6620297,-3.662024,-3.6620228,2.0810523,6.8674726,0.0012210896592314967
4.0,0.00010822067068024051,-7.3549185,1.0229931e-05,-3.6773846,-3.6773846,-3.6773784,-3.6773796,2.0862594,6.884656,0.0012258084173679658
4.0,0.00010855128039891077,-7.3846755,4.422857e-05,-3.692272,-3.692272,-3.6922662,-3.692265,2.0915573,6.9021387,0.0012305804568332741
4.0,0.00010888179111757312,-7.412314,1.0285007e-05,-3.7060828,-3.7060828,-3.7060766,-3.7060776,2.0968764,6.919692,0.001235438637597034
4.0,0.0001092209245310121,-7.4372373,4.412731e-05,-3.7185535,-3.7185535,-3.7185478,-3.7185466,2.1023545,6.93777,0.0012405292530506611
4.0,0.00010957982166581196,-7.4575434,9.922125e-06,-3.7286987,-3.7286987,-3.7286925,-3.7286937,2.1081688,6.9569573,0.0012461174040256059
4.0,0.00010998295684529456,-7.469939,4.3390803e-05,-3.7349067,-3.7349067,-3.734901,-3.7348998,2.114709,6.9785395,0.0012529280860401014
4.0,0.00011050282965292045,-7.467533,8.735353e-06,-3.7336967,-3.7336967,-3.7336905,-3.7336917,2.1231332,7.006339,0.0012605920331662894
4.0,0.00011101337643196019,-7.44825,4.209178e-05,-3.7240648,-3.7240648,-3.724059,-3.724058,2.1313717,7.0335264,0.0012680550587899962
4.0,0.00011149849319780044,-7.4194136,7.679369e-06,-3.7096395,-3.7096395,-3.7096334,-3.7096345,2.1391497,7.0591936,0.001275630072764599
4.0,0.00011201664490781178,-7.3818455,4.1220683e-05,-3.6908648,-3.6908648,-3.690859,-3.690858,2.1473904,7.0863876,0.0012844803927175995
4.0,0.00011266168964590853,-7.3297653,6.837656e-06,-3.664817,-3.664817,-3.664811,-3.664812,2.157542,7.1198893,0.00129699718122144
4.0,0.00011364628020578036,-7.246101,4.023349e-05,-3.6229944,-3.6229944,-3.6229887,-3.6229877,2.172796,7.170227,0.0013135224120954896
4.0,0.00011478310475948155,-7.1500306,5.7496495e-06,-3.5749521,-3.5749521,-3.574946,-3.574947,2.190043,7.227142,0.0013317929881141216
4.0,0.00011595495638274589,-7.055825,3.9212544e-05,-3.5278587,-3.5278587,-3.527853,-3.527852,2.207424,7.284499,0.0013524009808461447
4.0,0.0001173462915956938,-6.9526496,4.7682925e-06,-3.4762635,-3.4762635,-3.4762573,-3.4762585,2.2275677,7.350973,0.0013776689821458892
4.0,0.00011904116402315019,-6.8407154,3.8195973e-05,-3.4203057,-3.4203057,-3.4203002,-3.420299,2.2514448,7.4297676,0.00140989555364761
4.0,0.00012119936729255427,-6.7191725,3.7101e-06,-3.3595269,-3.3595269,-3.3595207,-3.3595219,2.2809181,7.5270305,0.0014521405144893482
4.0,0.00012396236972763897,-6.594061,3.7120695e-05,-3.2969806,-3.2969806,-3.296975,-3.296974,2.317352,7.6472626,0.0015104616489886326
4.0,0.00012778136835106226,-6.4668145,2.662497e-06,-3.2333503,-3.2333503,-3.233344,-3.2333453,2.365774,7.8070545,0.00160054169153533
4.0,0.00013371671473560366,-6.3446965,3.617254e-05,-3.1723008,-3.1723008,-3.172295,-3.1722941,2.4377284,8.044503,0.0017161796739093252
4.0,0.00013957495674750612,-6.2851634,2.0856664e-06,-3.1425266,-3.1425266,-3.1425204,-3.1425216,2.505911,8.269507,0.0018573569345513223
4.0,0.00014734212046751562,-6.2586303,3.6097583e-05,-3.1292696,-3.1292696,-3.1292639,-3.1292627,2.5934823,8.558492,0.002039569055820142
4.0,0.00015599320198887186,-6.2676587,2.417203e-06,-3.133776,-3.133776,-3.1337698,-3.133771,2.6884103,8.871754,0.0022619917265202312
4.0,0.00016599320198887186,-6.3019176,3.681225e-05,-3.1509144,-3.1509144,-3.1509087,-3.1509075,2.7957392,9.22594,0.002447432372802928
4.0,0.00017037216791580527,-5.9198203,-3.340935e-06,-2.9598687,-2.9598687,-2.9598625,-2.9598637,2.83931,9.369723,0.002544311829897338
4.0,0.00017327640022337778,-5.408412,2.7301621e-05,-2.7041786,-2.7041786,-2.7041728,-2.704172,2.8638988,9.450867,0.002610709113664393
4.0,0.0001752784328754667,-5.0436363,-9.304937e-06,-2.5217872,-2.5217872,-2.5217807,-2.5217822,2.8780708,9.497634,0.002660538636957207
4.0,0.00017692225878024876,-4.7606754,2.3537788e-05,-2.3803167,-2.3803167,-2.380311,-2.3803098,2.8880394,9.53053,0.0027076586586968123
4.0,0.0001787022875181774,-4.480976,-1.2280561e-05,-2.2404623,-2.2404623,-2.2404559,-2.2404573,2.8972738,9.561004,0.0027661927970170697
4.0,0.0001811484213252725,-4.1486535,2.0543139e-05,-2.0743113,-2.0743113,-2.0743055,-2.0743043,2.9076395,9.59521,0.0028356654465456076
4.0,0.00018368251069579805,-3.8693159,-1.5021407e-05,-1.9346373,-1.9346373,-1.9346311,-1.9346323,2.915977,9.622725,0.002917731126205709
4.0,0.00018699779583578735,-3.591578,1.8247341e-05,-1.7957784,-1.7957784,-1.7957726,-1.7957715,2.9240317,9.649304,0.0030119859962331992
4.0,0.0001903637296518227,-3.3930514,-1.6809703e-05,-1.6965094,-1.6965094,-1.6965032,-1.6965044,2.9297364,9.66813,0.0031140877842297833
4.0,0.00019420708309862312,-3.240631,1.707461e-05,-1.6203084,-1.6203084,-1.6203026,-1.6203014,2.9341707,9.682764,0.003236347424687193
4.0,0.00019897026544117555,-3.1243544,-1.7575177e-05,-1.562164,-1.562164,-1.5621576,-1.5621588,2.9376926,9.694386,0.0033783426266154786
4.0,0.0002041789622949962,-3.053101,1.6665032e-05,-1.526546,-1.526546,-1.5265403,-1.5265391,2.9400349,9.702115,0.0035460358201725136
4.0,0.0002107280776931879,-3.0063062,-1.7709726e-05,-1.503142,-1.503142,-1.5031357,-1.5031369,2.9417815,9.707879,0.003753053034786326
4.0,0.0002186767487115026,-2.979546,1.6697171e-05,-1.4897704,-1.4897704,-1.4897647,-1.4897635,2.9429893,9.711865,0.004009556745725852
4.0,0.0002286767487115026,-2.964328,-1.758594e-05,-1.4821546,-1.4821546,-1.4821483,-1.4821495,2.9438474,9.714697,0.004295542597013693
4.0,0.0002386767487115026,-2.9570649,1.6834887e-05,-1.4785314,-1.4785314,-1.4785255,-1.4785243,2.9443476,9.716347,0.004581625627714377
4.0,0.0002486767487115026,-2.9528632,-1.7480032e-05,-1.4764231,-1.4764231,-1.4764168,-1.476418,2.9446628,9.717387,0.004867769922453146
4.0,0.0002586767487115026,-2.9503589,1.6912358e-05,-1.4751788,-1.4751788,-1.4751731,-1.4751719,2.9448683,9.718064,0.005153954118925314
4.0,0.0002686767487115026,-2.948708,-1.7426117e-05,-1.474346,-1.474346,-1.4743397,-1.4743409,2.945006,9.718519,0.0054401650754988
4.0,0.00027867674871150257,-2.947642,1.695027e-05,-1.4738208,-1.4738208,-1.4738151,-1.4738139,2.945099,9.718827,0.0057263941709577845
4.0,0.0002886767487115026,-2.9469101,-1.7399907e-05,-1.4734473,-1.4734473,-1.473441,-1.4734422,2.9451625,9.719036,0.006012635587888937
4.0,0.00029867674871150257,-2.9464276,1.696865e-05,-1.4732137,-1.4732137,-1.473208,-1.4732068,2.9452064,9.719181,0.006298885530668478
4.0,0.0003086767487115026,-2.9460855,-1.7387247e-05,-1.4730351,-1.4730351,-1.4730288,-1.47303,2.9452364,9.71928,0.006585141309934835
4.0,0.00031867674871150257,-2.945863,1.6977576e-05,-1.4729314,-1.4729314,-1.4729257,-1.4729245,2.9452572,9.719349,0.006871401132780294
4.0,0.0003286767487115026,-2.9456968,-1.7381171e-05,-1.4728408,-1.4728408,-1.4728345,-1.4728357,2.9452717,9.719397,0.007157663778501729
4.0,0.00033867674871150257,-2.9455945,1.6981921e-05,-1.4727973,-1.4727973,-1.4727916,-1.4727904,2.9452817,9.71943,0.00744392836971877
4.0,0.0003486767487115026,-2.945511,-1.7378276e-05,-1.4727479,-1.4727479,-1.4727416,-1.4727428,2.9452887,9.719452,0.007730194277006368
4.0,0.00035867674871150257,-2.945466,1.6984057e-05,-1.472733,-1.472733,-1.4727272,-1.472726,2.9452934,9.719468,0.008016461137968282
4.0,0.0003686767487115026,-2.945422,-1.7376915e-05,-1.4727033,-1.4727033,-1.472697,-1.4726982,2.9452968,9.719479,0.008302728628355245
4.0,0.00037867674871150256,-2.945404,1.6985123e-05,-1.472702,-1.472702,-1.4726963,-1.4726951,2.9452991,9.719486,0.00858899657650588
4.0,0.0003886767487115026,-2.9453788,-1.7376295e-05,-1.4726818,-1.4726818,-1.4726756,-1.4726768,2.9453006,9.719493,0.008875264848905782
4.0,0.00039867674871150256,-2.9453743,1.6985674e-05,-1.4726871,-1.4726871,-1.4726814,-1.4726802,2.9453018,9.719496,0.009161533331114033
4.0,0.0004086767487115026,-2.945358,-1.7376029e-05,-1.4726714,-1.4726714,-1.4726652,-1.4726664,2.9453025,9.719498,0.00944780194683669
4.0,0.00041867674871150256,-2.9453597,1.6985974e-05,-1.47268,-1.47268,-1.4726741,-1.4726729,2.9453032,9.719501,0.009734070715147236
4.0,0.0004286767487115026,-2.945348,-1.7375936e-05,-1.4726664,-1.4726664,-1.4726602,-1.4726614,2.9453034,9.7195015,0.010020339521604756
4.0,0.00043867674871150256,-2.9453528,1.6986154e-05,-1.4726765,-1.4726765,-1.4726707,-1.4726695,2.9453037,9.719502,0.010306608385282735
4.0,0.0004486767487115026,-2.9453433,-1.7375927e-05,-1.472664,-1.472664,-1.4726577,-1.4726589,2.945304,9.719503,0.010592877306181171
4.0,0.00045867674871150256,-2.9453495,1.6986274e-05,-1.4726748,-1.4726748,-1.472669,-1.4726678,2.9453042,9.719503,0.010879146246153095
4.0,0.0004686767487115026,-2.9453409,-1.7375956e-05,-1.4726628,-1.4726628,-1.4726565,-1.4726577,2.9453042,9.719503,0.01116541518612502
4.0,0.00047867674871150255,-2.945348,1.6986365e-05,-1.472674,-1.472674,-1.4726682,-1.472667,2.9453042,9.719503,0.011451684126096944
4.0,0.0004886767487115026,-2.9453397,-1.7376004e-05,-1.4726622,-1.4726622,-1.4726559,-1.4726571,2.9453042,9.719504,0.011737953085142354
4.0,0.0004986767487115026,-2.945347,1.6986443e-05,-1.4726737,-1.4726737,-1.4726678,-1.4726666,2.9453042,9.719503,0.012024222025114276
4.0,0.0005086767487115025,-2.9453392,-1.7376058e-05,-1.472662,-1.472662,-1.4726557,-1.4726568,2.9453042,9.719504,0.012310490984159686
4.0,0.0005186767487115026,-2.9453468,1.6986512e-05,-1.4726734,-1.4726734,-1.4726677,-1.4726665,2.9453044,9.719504,0.01259675998135207
4.0,0.0005286767487115026,-2.9453387,-1.7376118e-05,-1.4726617,-1.4726617,-1.4726555,-1.4726567,2.9453044,9.719504,0.012883028978544453
4.0,0.0005386767487115026,-2.9453466,1.6986578e-05,-1.4726734,-1.4726734,-1.4726676,-1.4726664,2.9453044,9.719504,0.013169297975736835
4.0,0.0005486767487115025,-2.9453387,-1.7376178e-05,-1.4726617,-1.4726617,-1.4726554,-1.4726566,2.9453044,9.719504,0.013455566972929217
4.0,0.0005586767487115025,-2.9453466,1.698664e-05,-1.4726733,-1.4726733,-1.4726676,-1.4726664,2.9453044,9.719504,0.0137418359701216
4.0,0.0005686767487115026,-2.9453385,-1.7376238e-05,-1.4726616,-1.4726616,-1.4726554,-1.4726566,2.9453044,9.719504,0.014028104967313984
4.0,0.0005786767487115026,-2.9453466,1.6986702e-05,-1.4726733,-1.4726733,-1.4726676,-1.4726664,2.9453044,9.719504,0.014314373964506365
4.0,0.0005886767487115025,-2.9453385,-1.7376296e-05,-1.4726616,-1.4726616,-1.4726554,-1.4726566,2.9453044,9.719504,0.014600642961698747
4.0,0.0005986767487115025,-2.9453466,1.6986762e-05,-1.4726733,-1.4726733,-1.4726676,-1.4726664,2.9453044,9.719504,0.01488691195889113
4.0,0.0006086767487115026,-2.9453385,-1.7376356e-05,-1.4726616,-1.4726616,-1.4726554,-1.4726566,2.9453044,9.719504,0.015173180956083514
4.0,0.0006186767487115026,-2.9453466,1.698682e-05,-1.4726733,-1.4726733,-1.4726676,-1.4726664,2.9453044,9.719504,0.015459449953275896
4.0,0.0006286767487115025,-2.9453385,-1.7376415e-05,-1.4726616,-1.4726616,-1.4726553,-1.4726565,2.9453044,9.719504,0.01574571895046828
4.0,0.0006386767487115025,-2.9453466,1.6986876e-05,-1.4726733,-1.4726733,-1.4726676,-1.4726664,2.9453044,9.719504,0.016031987947660663
4.0,0.0006486767487115026,-2.9453385,-1.7376471e-05,-1.4726616,-1.4726616,-1.4726553,-1.4726565,2.9453044,9.719504,0.016318256944853046
4.0,0.0006586767487115026,-2.9453466,1.6986933e-05,-1.4726733,-1.4726733,-1.4726676,-1.4726664,2.9453044,9.719504,0.01660452594204543
4.0,0.0006686767487115025,-2.9453385,-1.7376527e-05,-1.4726616,-1.4726616,-1.4726553,-1.4726565,2.9453044,9.719504,0.016890794939237813
4.0,0.0006786767487115025,-2.9453466,1.6986989e-05,-1.4726733,-1.4726733,-1.4726676,-1.4726664,2.9453044,9.719504,0.017177063936430197
4.0,0.0006886767487115026,-2.9453385,-1.7376582e-05,-1.4726616,-1.4726616,-1.4726553,-1.4726565,2.9453044,9.719504,0.01746333293362258
4.0,0.0006986767487115026,-2.9453466,1.6987044e-05,-1.4726734,-1.4726734,-1.4726676,-1.4726664,2.9453044,9.719504,0.017749601930814964
4.0,0.0007086767487115025,-2.9453385,-1.7376637e-05,-1.4726616,-1.4726616,-1.4726553,-1.4726565,2.9453044,9.719504,0.018035870928007347
4.0,0.0007186767487115025,-2.9453466,1.6987096e-05,-1.4726734,-1.4726734,-1.4726676,-1.4726664,2.9453044,9.719504,0.01832213992519973
4.0,0.0007286767487115026,-2.9453382,-1.737669e-05,-1.4726616,-1.4726616,-1.4726553,-1.4726565,2.9453044,9.719504,0.018608408922392114
4.0,0.0007386767487115026,-2.9453466,1.698715e-05,-1.4726734,-1.4726734,-1.4726676,-1.4726664,2.9453044,9.719504,0.018894677919584497
4.0,0.0007486767487115025,-2.9453382,-1.7376742e-05,-1.4726616,-1.4726616,-1.4726553,-1.4726565,2.9453044,9.719504,0.01918094691677688
4.0,0.0007586767487115025,-2.9453466,1.69872e-05,-1.4726734,-1.4726734,-1.4726676,-1.4726664,2.9453044,9.719504,0.019467215913969264
4.0,0.0007686767487115026,-2.9453382,-1.7376793e-05,-1.4726615,-1.4726615,-1.4726553,-1.4726565,2.9453044,9.719504,0.019753484911161648
4.0,0.0007786767487115026,-2.9453466,1.6987251e-05,-1.4726734,-1.4726734,-1.4726676,-1.4726664,2.9453044,9.719504,0.02003975390835403
4.0,0.0007886767487115025,-2.9453382,-1.7376842e-05,-1.4726615,-1.4726615,-1.4726553,-1.4726565,2.9453044,9.719504,0.020326022905546415
4.0,0.0007986767487115025,-2.9453468,1.69873e-05,-1.4726734,-1.4726734,-1.4726676,-1.4726664,2.9453044,9.719504,0.020612291902738798
4.0,0.0008086767487115026,-2.9453382,-1.7376893e-05,-1.4726615,-1.4726615,-1.4726553,-1.4726565,2.9453044,9.719504,0.02089856089993118
4.0,0.0008186767487115026,-2.9453468,1.698735e-05,-1.4726734,-1.4726734,-1.4726676,-1.4726664,2.9453044,9.719504,0.021184829897123565
4.0,0.0008286767487115025,-2.9453382,-1.737694e-05,-1.4726615,-1.4726615,-1.4726553,-1.4726565,2.9453044,9.719504,0.02147109889431595
4.0,0.0008386767487115025,-2.9453468,1.6987397e-05,-1.4726734,-1.4726734,-1.4726676,-1.4726664,2.9453044,9.719504,0.021757367891508332
4.0,0.0008486767487115025,-2.9453382,-1.7376988e-05,-1.4726615,-1.4726615,-1.4726553,-1.4726565,2.9453044,9.719504,0.022043636888700716
4.0,0.0008586767487115026,-2.9453468,1.6987444e-05,-1.4726734,-1.4726734,-1.4726677,-1.4726665,2.9453044,9.719504,0.0223299058858931
4.0,0.0008686767487115025,-2.9453382,-1.7377035e-05,-1.4726615,-1.4726615,-1.4726552,-1.4726564,2.9453044,9.719504,0.022616174883085483
4.0,0.0008786767487115025,-2.9453468,1.698749e-05,-1.4726734,-1.4726734,-1.4726677,-1.4726665,2.9453044,9.719504,0.022902443880277866
4.0,0.0008886767487115025,-2.9453382,-1.737708e-05,-1.4726615,-1.4726615,-1.4726552,-1.4726564,2.9453044,9.719504,0.02318871287747025
4.0,0.0008986767487115026,-2.9453468,1.6987535e-05,-1.4726734,-1.4726734,-1.4726677,-1.4726665,2.9453044,9.719504,0.023474981874662633
4.0,0.0009086767487115025,-2.9453382,-1.7377126e-05,-1.4726615,-1.4726615,-1.4726552,-1.4726564,2.9453044,9.719504,0.023761250871855016
4.0,0.0009186767487115025,-2.9453468,1.698758e-05,-1.4726734,-1.4726734,-1.4726677,-1.4726665,2.9453044,9.719504,0.0240475198690474
4.0,0.0009286767487115025,-2.9453382,-1.737717e-05,-1.4726615,-1.4726615,-1.4726552,-1.4726564,2.9453044,9.719504,0.024333788866239783
4.0,0.0009386767487115026,-2.9453468,1.6987622e-05,-1.4726734,-1.4726734,-1.4726677,-1.4726665,2.9453044,9.719504,0.024620057863432167
4.0,0.0009486767487115025,-2.9453382,-1.7377213e-05,-1.4726615,-1.4726615,-1.4726552,-1.4726564,2.9453044,9.719504,0.02490632686062455
4.0,0.0009586767487115025,-2.9453468,1.6987666e-05,-1.4726734,-1.4726734,-1.4726677,-1.4726665,2.9453044,9.719504,0.025192595857816934
4.0,0.0009686767487115025,-2.9453382,-1.7377255e-05,-1.4726615,-1.4726615,-1.4726552,-1.4726564,2.9453044,9.719504,0.025478864855009317
4.0,0.0009786767487115025,-2.9453468,1.6987708e-05,-1.4726735,-1.4726735,-1.4726677,-1.4726665,2.9453044,9.719504,0.0257651338522017
4.0,0.0009886767487115025,-2.9453382,-1.7377295e-05,-1.4726615,-1.4726615,-1.4726552,-1.4726564,2.9453044,9.719504,0.026051402849394084
4.0,0.0009986767487115025,-2.9453468,1.6987748e-05,-1.4726735,-1.4726735,-1.4726677,-1.4726665,2.9453044,9.719504,0.026213477638959863
4.0,0.001,-2.945338,-1.7377462e-05,-1.4726614,-1.4726614,-1.4726552,-1.4726564,2.9453044,9.719504,0.0262324179442429
4.0,0.001000000001,-2.9453337,-1.8776905e-06,-1.4726658,-1.4726658,-1.4726611,-1.4726597,2.9453044,9.719504,0.026232418187571546
4.0,0.001000000017,-2.9453437,-1.0629047e-06,-1.47267,-1.47267,-1.4726626,-1.4726639,2.9453044,9.719504,0.02623241887461714
4.0,0.001000000049,-2.9453433,-8.174275e-08,-1.4726669,-1.4726669,-1.4726621,-1.4726609,2.9453044,9.719504,0.02623241977563679
4.0,0.0010000000799491604,-2.945342,-9.578664e-07,-1.4726694,-1.4726694,-1.4726621,-1.4726634,2.9453044,9.719504,0.026232421104604553
4.0,0.0010000001418474808,-2.945345,2.4764668e-07,-1.4726669,-1.4726669,-1.4726621,-1.4726608,2.9453044,9.719504,0.02623242376254007
4.0,0.0010000002656441217,-2.9453418,-7.64571e-07,-1.4726691,-1.4726691,-1.4726619,-1.4726632,2.9453044,9.719504,0.026232429078411112
4.0,0.001000000513237404,-2.9453452,3.635919e-07,-1.4726669,-1.4726669,-1.4726621,-1.4726608,2.9453044,9.719504,0.0262324397101532
4.0,0.001000001008423968,-2.9453418,-7.350539e-07,-1.4726691,-1.4726691,-1.4726619,-1.4726632,2.9453044,9.719504,0.02623246097363737
4.0,0.0010000019987970964,-2.9453452,3.6646122e-07,-1.4726667,-1.4726667,-1.472662,-1.4726608,2.9453044,9.719504,0.026232503500605714
4.0,0.0010000039795433529,-2.9453416,-7.3886065e-07,-1.472669,-1.472669,-1.4726617,-1.472663,2.9453044,9.719504,0.026232588554542396
4.0,0.001000007941035866,-2.945345,3.6292423e-07,-1.4726666,-1.4726666,-1.4726619,-1.4726605,2.9453044,9.719504,0.026232758662415766
4.0,0.0010000158640208925,-2.945341,-7.4439805e-07,-1.4726688,-1.4726688,-1.4726615,-1.4726628,2.9453044,9.719504,0.026233098878162508
4.0,0.0010000317099909451,-2.9453444,3.5779422e-07,-1.4726664,-1.4726664,-1.4726616,-1.4726603,2.9453044,9.719504,0.026233779309655984
4.0,0.0010000634019310503,-2.9453409,-7.4710243e-07,-1.4726686,-1.4726686,-1.4726614,-1.4726626,2.9453044,9.719504,0.026235140172642935
4.0,0.001000126785811261,-2.9453442,3.5749298e-07,-1.4726663,-1.4726663,-1.4726615,-1.4726603,2.9453044,9.719504,0.026237861898616845
4.0,0.0010002535535716822,-2.9453409,-7.470517e-07,-1.4726686,-1.4726686,-1.4726614,-1.4726626,2.9453044,9.719504,0.026243305350564666
4.0,0.001000507089092525,-2.9453442,3.574797e-07,-1.4726663,-1.4726663,-1.4726615,-1.4726603,2.9453044,9.719504,0.026254192254460303
4.0,0.0010010141601342099,-2.9453409,-7.47047e-07,-1.4726686,-1.4726686,-1.4726614,-1.4726626,2.9453044,9.719504,0.026275966062251573
4.0,0.00100202830221758,-2.9453442,3.5747777e-07,-1.4726663,-1.4726663,-1.4726615,-1.4726603,2.9453044,9.719504,0.026319513677834114
4.0,0.0010040565863843201,-2.9453409,-7.4704616e-07,-1.4726686,-1.4726686,-1.4726614,-1.4726626,2.9453044,9.719504,0.0264066089089992
4.0,0.0010081131547178006,-2.9453442,3.5747735e-07,-1.4726663,-1.4726663,-1.4726615,-1.4726603,2.9453044,9.719504,0.026580799371329372
4.0,0.0010162262913847614,-2.9453409,-7.47046e-07,-1.4726686,-1.4726686,-1.4726614,-1.4726626,2.9453044,9.719504,0.026840060844812347
4.0,0.0010262262913847615,-2.9453442,3.5747715e-07,-1.4726663,-1.4726663,-1.4726615,-1.4726603,2.9453044,9.719504,0.02712632984200473
4.0,0.0010362262913847615,-2.9453409,-7.47046e-07,-1.4726686,-1.4726686,-1.4726614,-1.4726626,2.9453044,9.719504,0.027412598839197114
4.0,0.0010462262913847615,-2.9453442,3.5747698e-07,-1.4726663,-1.4726663,-1.4726615,-1.4726603,2.9453044,9.719504,0.027698867836389498
4.0,0.0010562262913847615,-2.9453409,-7.4704593e-07,-1.4726686,-1.4726686,-1.4726614,-1.4726626,2.9453044,9.719504,0.02798513683358188
4.0,0.0010662262913847616,-2.9453442,3.5747684e-07,-1.4726663,-1.4726663,-1.4726615,-1.4726603,2.9453044,9.719504,0.02827140583077426
4.0,0.0010762262913847614,-2.9453409,-7.470459e-07,-1.4726686,-1.4726686,-1.4726614,-1.4726626,2.9453044,9.719504,0.02855767482796664
4.0,0.0010862262913847614,-2.9453442,3.5747667e-07,-1.4726663,-1.4726663,-1.4726615,-1.4726603,2.9453044,9.719504,0.028843943825159025
4.0,0.0010962262913847614,-2.9453409,-7.470458e-07,-1.4726686,-1.4726686,-1.4726614,-1.4726626,2.9453044,9.719504,0.02913021282235141
4.0,0.0011062262913847615,-2.9453442,3.574765e-07,-1.4726663,-1.4726663,-1.4726615,-1.4726603,2.9453044,9.719504,0.029416481819543792
4.0,0.0011162262913847615,-2.9453409,-7.4704576e-07,-1.4726686,-1.4726686,-1.4726614,-1.4726626,2.9453044,9.719504,0.029702750816736175
4.0,0.0011262262913847615,-2.9453442,3.5747635e-07,-1.4726663,-1.4726663,-1.4726615,-1.4726603,2.9453044,9.719504,0.02998901981392856
4.0,0.0011362262913847615,-2.9453409,-7.4704576e-07,-1.4726686,-1.4726686,-1.4726614,-1.4726626,2.9453044,9.719504,0.030275288811120942
4.0,0.0011462262913847616,-2.9453442,3.574762e-07,-1.4726663,-1.4726663,-1.4726615,-1.4726603,2.9453044,9.719504,0.030561557808313322
4.0,0.0011562262913847614,-2.9453409,-7.470457e-07,-1.4726686,-1.4726686,-1.4726614,-1.4726626,2.9453044,9.719504,0.030847826805505702
4.0,0.0011662262913847614,-2.9453442,3.5747607e-07,-1.4726663,-1.4726663,-1.4726615,-1.4726603,2.9453044,9.719504,0.031134095802698086
4.0,0.0011762262913847614,-2.9453409,-7.4704565e-07,-1.4726686,-1.4726686,-1.4726614,-1.4726626,2.9453044,9.719504,0.03142036479989047
4.0,0.0011862262913847614,-2.9453442,3.574759e-07,-1.4726663,-1.4726663,-1.4726615,-1.4726603,2.9453044,9.719504,0.031706633797082856
4.0,0.0011962262913847615,-2.9453409,-7.470456e-07,-1.4726686,-1.4726686,-1.4726614,-1.4726626,2.9453044,9.719504,0.03199290279427524
4.0,0.0012062262913847615,-2.9453442,3.5747576e-07,-1.4726663,-1.4726663,-1.4726615,-1.4726603,2.9453044,9.719504,0.03227917179146762
4.0,0.0012162262913847615,-2.9453409,-7.4704553e-07,-1.4726686,-1.4726686,-1.4726614,-1.4726626,2.9453044,9.719504,0.032565440788660006
4.0,0.0012262262913847616,-2.9453442,3.5747564e-07,-1.4726663,-1.4726663,-1.4726615,-1.4726603,2.9453044,9.719504,0.03285170978585239
4.0,0.0012362262913847614,-2.9453409,-7.4704553e-07,-1.4726686,-1.4726686,-1.4726614,-1.4726626,2.9453044,9.719504,0.03313797878304477
4.0,0.0012462262913847614,-2.9453442,3.574755e-07,-1.4726663,-1.4726663,-1.4726615,-1.4726603,2.9453044,9.719504,0.03342424778023716
4.0,0.0012562262913847614,-2.9453409,-7.470455e-07,-1.4726686,-1.4726686,-1.4726614,-1.4726626,2.9453044,9.719504,0.03371051677742954
4.0,0.0012662262913847614,-2.9453442,3.5747536e-07,-1.4726663,-1.4726663,-1.4726615,-1.4726603,2.9453044,9.719504,0.033996785774621924
4.0,0.0012762262913847615,-2.9453409,-7.470454e-07,-1.4726686,-1.4726686,-1.4726614,-1.4726626,2.9453044,9.719504,0.03428305477181431
4.0,0.0012862262913847615,-2.9453442,3.5747524e-07,-1.4726663,-1.4726663,-1.4726615,-1.4726603,2.9453044,9.719504,0.03456932376900669
4.0,0.0012962262913847615,-2.9453409,-7.4704536e-07,-1.4726686,-1.4726686,-1.4726614,-1.4726626,2.9453044,9.719504,0.034855592766199074
4.0,0.0013062262913847615,-2.9453442,3.574751e-07,-1.4726663,-1.4726663,-1.4726615,-1.4726603,2.9453044,9.719504,0.03514186176339146
4.0,0.0013162262913847614,-2.9453409,-7.4704536e-07,-1.4726686,-1.4726686,-1.4726614,-1.4726626,2.9453044,9.719504,0.03542813076058384
4.0,0.0013262262913847614,-2.9453442,3.57475e-07,-1.4726663,-1.4726663,-1.4726615,-1.4726603,2.9453044,9.719504,0.035714399757776225
4.0,0.0013362262913847614,-2.9453409,-7.470453e-07,-1.4726686,-1.4726686,-1.4726614,-1.4726626,2.9453044,9.719504,0.03600066875496861
4.0,0.0013462262913847614,-2.9453442,3.5747485e-07,-1.4726663,-1.4726663,-1.4726615,-1.4726603,2.9453044,9.719504,0.03628693775216099
4.0,0.0013562262913847615,-2.9453409,-7.4704525e-07,-1.4726686,-1.4726686,-1.4726614,-1.4726626,2.9453044,9.719504,0.036573206749353375
4.0,0.0013662262913847615,-2.9453442,3.5747473e-07,-1.4726663,-1.4726663,-1.4726615,-1.4726603,2.9453044,9.719504,0.03685947574654576
4.0,0.0013762262913847615,-2.9453409,-7.470452e-07,-1.4726686,-1.4726686,-1.4726614,-1.4726626,2.9453044,9.719504,0.03714574474373814
4.0,0.0013862262913847615,-2.9453442,3.5747462e-07,-1.4726663,-1.4726663,-1.4726615,-1.4726603,2.9453044,9.719504,0.037432013740930525
4.0,0.0013962262913847613,-2.9453409,-7.470452e-07,-1.4726686,-1.4726686,-1.4726614,-1.4726626,2.9453044,9.719504,0.03771828273812291
4.0,0.0014062262913847614,-2.9453442,3.574745e-07,-1.4726663,-1.4726663,-1.4726615,-1.4726603,2.9453044,9.719504,0.03800455173531529
4.0,0.0014162262913847614,-2.9453409,-7.4704514e-07,-1.4726686,-1.4726686,-1.4726614,-1.4726626,2.9453044,9.719504,0.038290820732507676
4.0,0.0014262262913847614,-2.9453442,3.574744e-07,-1.4726663,-1.4726663,-1.4726615,-1.4726603,2.9453044,9.719504,0.03857708972970006
4.0,0.0014362262913847615,-2.9453409,-7.470451e-07,-1.4726686,-1.4726686,-1.4726614,-1.4726626,2.9453044,9.719504,0.03886335872689244
4.0,0.0014462262913847615,-2.9453442,3.5747428e-07,-1.4726663,-1.4726663,-1.4726615,-1.4726603,2.9453044,9.719504,0.039149627724084826
4.0,0.0014562262913847615,-2.9453409,-7.47045e-07,-1.4726686,-1.4726686,-1.4726614,-1.4726626,2.9453044,9.719504,0.03943589672127721
4.0,0.0014662262913847615,-2.9453442,3.574742e-07,-1.4726663,-1.4726663,-1.4726615,-1.4726603,2.9453044,9.719504,0.03972216571846959
4.0,0.0014762262913847613,-2.9453409,-7.47045e-07,-1.4726686,-1.4726686,-1.4726614,-1.4726626,2.9453044,9.719504,0.04000843471566198
4.0,0.0014862262913847614,-2.9453442,3.5747408e-07,-1.4726663,-1.4726663,-1.4726615,-1.4726603,2.9453044,9.719504,0.04029470371285436
4.0,0.0014962262913847614,-2.9453409,-7.4704496e-07,-1.4726686,-1.4726686,-1.4726614,-1.4726626,2.9453044,9.719504,0.040580972710046744
4.0,0.0015062262913847614,-2.9453442,3.5747397e-07,-1.4726663,-1.4726663,-1.4726615,-1.4726603,2.9453044,9.719504,0.04086724170723913
4.0,0.0015162262913847614,-2.9453409,-7.470449e-07,-1.4726686,-1.4726686,-1.4726614,-1.4726626,2.9453044,9.719504,0.04115351070443151
4.0,0.0015262262913847615,-2.9453442,3.5747388e-07,-1.4726663,-1.4726663,-1.4726615,-1.4726603,2.9453044,9.719504,0.041439779701623894
4.0,0.0015362262913847615,-2.9453409,-7.470449e-07,-1.4726686,-1.4726686,-1.4726614,-1.4726626,2.9453044,9.719504,0.04172604869881628
4.0,0.0015462262913847615,-2.9453442,3.5747377e-07,-1.4726663,-1.4726663,-1.4726615,-1.4726603,2.9453044,9.719504,0.04201231769600866
4.0,0.0015562262913847613,-2.9453409,-7.4704485e-07,-1.4726686,-1.4726686,-1.4726614,-1.4726626,2.9453044,9.719504,0.042298586693201044
4.0,0.0015662262913847614,-2.9453442,3.5747368e-07,-1.4726663,-1.4726663,-1.4726615,-1.4726603,2.9453044,9.719504,0.04258485569039343
4.0,0.0015762262913847614,-2.9453409,-7.470448e-07,-1.4726686,-1.4726686,-1.4726614,-1.4726626,2.9453044,9.719504,0.04287112468758581
4.0,0.0015862262913847614,-2.9453442,3.574736e-07,-1.4726663,-1.4726663,-1.4726615,-1.4726603,2.9453044,9.719504,0.043157393684778195
4.0,0.0015962262913847614,-2.9453409,-7.470448e-07,-1.4726686,-1.4726686,-1.4726614,-1.4726626,2.9453044,9.719504,0.04344366268197058
4.0,0.0016062262913847615,-2.9453442,3.574735e-07,-1.4726663,-1.4726663,-1.4726615,-1.4726603,2.9453044,9.719504,0.04372993167916296
4.0,0.0016162262913847615,-2.9453409,-7.4704474e-07,-1.4726686,-1.4726686,-1.4726614,-1.4726626,2.9453044,9.719504,0.044016200676355345
4.0,0.0016262262913847615,-2.9453442,3.574734e-07,-1.4726663,-1.4726663,-1.4726615,-1.4726603,2.9453044,9.719504,0.04430246967354773
4.0,0.0016362262913847613,-2.9453409,-7.470447e-07,-1.4726686,-1.4726686,-1.4726614,-1.4726626,2.9453044,9.719504,0.04458873867074011
4.0,0.0016462262913847614,-2.9453442,3.574733e-07,-1.4726663,-1.4726663,-1.4726615,-1.4726603,2.9453044,9.719504,0.044875007667932496
4.0,0.0016562262913847614,-2.9453409,-7.470447e-07,-1.4726686,-1.4726686,-1.4726614,-1.4726626,2.9453044,9.719504,0.04516127666512488
4.0,0.0016662262913847614,-2.9453442,3.5747323e-07,-1.4726663,-1.4726663,-1.4726615,-1.4726603,2.9453044,9.719504,0.04544754566231726
4.0,0.0016762262913847614,-2.9453409,-7.470446e-07,-1.4726686,-1.4726686,-1.4726614,-1.4726626,2.9453044,9.719504,0.045733814659509646
4.0,0.0016862262913847615,-2.9453442,3.5747317e-07,-1.4726663,-1.4726663,-1.4726615,-1.4726603,2.9453044,9.719504,0.04602008365670203
4.0,0.0016962262913847615,-2.9453409,-7.470446e-07,-1.4726686,-1.4726686,-1.4726614,-1.4726626,2.9453044,9.719504,0.04630635265389441
4.0,0.0017062262913847615,-2.9453442,3.5747308e-07,-1.4726663,-1.4726663,-1.4726615,-1.4726603,2.9453044,9.719504,0.046592621651086796
4.0,0.0017162262913847613,-2.9453409,-7.4704457e-07,-1.4726686,-1.4726686,-1.4726614,-1.4726626,2.9453044,9.719504,0.04687889064827918
4.0,0.0017262262913847613,-2.9453442,3.57473e-07,-1.4726663,-1.4726663,-1.4726615,-1.4726603,2.9453044,9.719504,0.04716515964547156
4.0,0.0017362262913847614,-2.9453409,-7.470445e-07,-1.4726686,-1.4726686,-1.4726614,-1.4726626,2.9453044,9.719504,0.04745142864266395
4.0,0.0017462262913847614,-2.9453442,3.574729e-07,-1.4726663,-1.4726663,-1.4726615,-1.4726603,2.9453044,9.719504,0.04773769763985633
4.0,0.0017562262913847614,-2.9453409,-7.470445e-07,-1.4726686,-1.4726686,-1.4726614,-1.4726626,2.9453044,9.719504,0.048023966637048714
4.0,0.0017662262913847615,-2.9453442,3.5747286e-07,-1.4726663,-1.4726663,-1.4726615,-1.4726603,2.9453044,9.719504,0.0483102356342411
4.0,0.0017762262913847615,-2.9453409,-7.4704445e-07,-1.4726686,-1.4726686,-1.4726614,-1.4726626,2.9453044,9.719504,0.04859650463143348
4.0,0.0017862262913847615,-2.9453442,3.5747277e-07,-1.4726663,-1.4726663,-1.4726615,-1.4726603,2.9453044,9.719504,0.048882773628625864
4.0,0.0017962262913847613,-2.9453409,-7.4704445e-07,-1.4726686,-1.4726686,-1.4726614,-1.4726626,2.9453044,9.719504,0.04916904262581825
4.0,0.0018062262913847613,-2.9453442,3.5747271e-07,-1.4726663,-1.4726663,-1.4726615,-1.4726603,2.9453044,9.719504,0.04945531162301063
4.0,0.0018162262913847614,-2.9453409,-7.470444e-07,-1.4726686,-1.4726686,-1.4726614,-1.4726626,2.9453044,9.719504,0.049741580620203014
4.0,0.0018262262913847614,-2.9453442,3.5747263e-07,-1.4726663,-1.4726663,-1.4726615,-1.4726603,2.9453044,9.719504,0.0500278496173954
4.0,0.0018362262913847614,-2.9453409,-7.470444e-07,-1.4726686,-1.4726686,-1.4726614,-1.4726626,2.9453044,9.719504,0.05031411861458778
4.0,0.0018462262913847614,-2.9453442,3.5747257e-07,-1.4726663,-1.4726663,-1.4726615,-1.4726603,2.9453044,9.719504,0.050600387611780165
4.0,0.0018562262913847615,-2.9453409,-7.4704434e-07,-1.4726686,-1.4726686,-1.4726614,-1.4726626,2.9453044,9.719504,0.05088665660897255
4.0,0.0018662262913847615,-2.9453442,3.574725e-07,-1.4726663,-1.4726663,-1.4726615,-1.4726603,2.9453044,9.719504,0.05117292560616493
4.0,0.0018762262913847613,-2.9453409,-7.4704434e-07,-1.4726686,-1.4726686,-1.4726614,-1.4726626,2.9453044,9.719504,0.051459194603357315
4.0,0.0018862262913847613,-2.9453442,3.5747243e-07,-1.4726663,-1.4726663,-1.4726615,-1.4726603,2.9453044,9.719504,0.0517454636005497
4.0,0.0018962262913847614,-2.9453409,-7.470443e-07,-1.4726686,-1.4726686,-1.4726614,-1.4726626,2.9453044,9.719504,0.05203173259774208
4.0,0.0019062262913847614,-2.9453442,3.5747237e-07,-1.4726663,-1.4726663,-1.4726615,-1.4726603,2.9453044,9.719504,0.052318001594934466
4.0,0.0019162262913847614,-2.9453409,-7.470443e-07,-1.4726686,-1.4726686,-1.4726614,-1.4726626,2.9453044,9.719504,0.05260427059212685
4.0,0.0019262262913847614,-2.9453442,3.5747232e-07,-1.4726663,-1.4726663,-1.4726615,-1.4726603,2.9453044,9.719504,0.05289053958931923
4.0,0.0019362262913847615,-2.9453409,-7.470442e-07,-1.4726686,-1.4726686,-1.4726614,-1.4726626,2.9453044,9.719504,0.053176808586511616
4.0,0.0019462262913847615,-2.9453442,3.5747226e-07,-1.4726663,-1.4726663,-1.4726615,-1.4726603,2.9453044,9.719504,0.053463077583704
4.0,0.0019562262913847615,-2.9453409,-7.470442e-07,-1.4726686,-1.4726686,-1.4726614,-1.4726626,2.9453044,9.719504,0.05374934658089638
4.0,0.0019662262913847615,-2.9453442,3.574722e-07,-1.4726663,-1.4726663,-1.4726615,-1.4726603,2.9453044,9.719504,0.054035615578088766
4.0,0.0019762262913847616,-2.9453409,-7.4704417e-07,-1.4726686,-1.4726686,-1.4726614,-1.4726626,2.9453044,9.719504,0.05432188457528115
4.0,0.0019862262913847616,-2.9453442,3.5747215e-07,-1.4726663,-1.4726663,-1.4726615,-1.4726603,2.9453044,9.719504,0.054608153572473526
4.0,0.001996226291384761,-2.9453409,-7.4704417e-07,-1.4726686,-1.4726686,-1.4726614,-1.4726626,2.9453044,9.719504,0.0548944225696659
4.0,0.002006226291384761,-2.9453442,3.574721e-07,-1.4726663,-1.4726663,-1.4726615,-1.4726603,2.9453044,9.719504,0.055180691566858286
4.0,0.0020162262913847612,-2.9453409,-7.470441e-07,-1.4726686,-1.4726686,-1.4726614,-1.4726626,2.9453044,9.719504,0.05546696056405067
4.0,0.0020262262913847613,-2.9453442,3.5747203e-07,-1.4726663,-1.4726663,-1.4726615,-1.4726603,2.9453044,9.719504,0.05575322956124305
4.0,0.0020362262913847613,-2.9453409,-7.470441e-07,-1.4726686,-1.4726686,-1.4726614,-1.4726626,2.9453044,9.719504,0.05603949855843544
4.0,0.0020462262913847613,-2.9453442,3.5747198e-07,-1.4726663,-1.4726663,-1.4726615,-1.4726603,2.9453044,9.719504,0.05632576755562782
4.0,0.0020562262913847613,-2.9453409,-7.470441e-07,-1.4726686,-1.4726686,-1.4726614,-1.4726626,2.9453044,9.719504,0.056612036552820204
4.0,0.0020662262913847614,-2.9453442,3.5747192e-07,-1.4726663,-1.4726663,-1.4726615,-1.4726603,2.9453044,9.719504,0.05689830555001259
4.0,0.0020762262913847614,-2.9453409,-7.4704406e-07,-1.4726686,-1.4726686,-1.4726614,-1.4726626,2.9453044,9.719504,0.05718457454720497
4.0,0.0020862262913847614,-2.9453442,3.574719e-07,-1.4726663,-1.4726663,-1.4726615,-1.4726603,2.9453044,9.719504,0.057470843544397354
4.0,0.0020962262913847615,-2.9453409,-7.4704406e-07,-1.4726686,-1.4726686,-1.4726614,-1.4726626,2.9453044,9.719504,0.05775711254158974
4.0,0.0021062262913847615,-2.9453442,3.5747183e-07,-1.4726663,-1.4726663,-1.4726615,-1.4726603,2.9453044,9.719504,0.05804338153878212
4.0,0.0021162262913847615,-2.9453409,-7.47044e-07,-1.4726686,-1.4726686,-1.4726614,-1.4726626,2.9453044,9.719504,0.058329650535974505
4.0,0.0021262262913847615,-2.9453442,3.5747178e-07,-1.4726663,-1.4726663,-1.4726615,-1.4726603,2.9453044,9.719504,0.05861591953316689
4.0,0.0021362262913847616,-2.9453409,-7.47044e-07,-1.4726686,-1.4726686,-1.4726614,-1.4726626,2.9453044,9.719504,0.05890218853035927
4.0,0.0021462262913847616,-2.9453442,3.5747175e-07,-1.4726663,-1.4726663,-1.4726615,-1.4726603,2.9453044,9.719504,0.05918845752755165
4.0,0.002156226291384761,-2.9453409,-7.47044e-07,-1.4726686,-1.4726686,-1.4726614,-1.4726626,2.9453044,9.719504,0.059474726524744025
4.0,0.002166226291384761,-2.9453442,3.574717e-07,-1.4726663,-1.4726663,-1.4726615,-1.4726603,2.9453044,9.719504,0.05976099552193641
4.0,0.0021762262913847612,-2.9453409,-7.4704394e-07,-1.4726686,-1.4726686,-1.4726614,-1.4726626,2.9453044,9.719504,0.06004726451912879
4.0,0.0021862262913847613,-2.9453442,3.5747166e-07,-1.4726663,-1.4726663,-1.4726615,-1.4726603,2.9453044,9.719504,0.060333533516321175
4.0,0.0021962262913847613,-2.9453409,-7.4704394e-07,-1.4726686,-1.4726686,-1.4726614,-1.4726626,2.9453044,9.719504,0.06061980251351356
4.0,0.0022062262913847613,-2.9453442,3.574716e-07,-1.4726663,-1.4726663,-1.4726615,-1.4726603,2.9453044,9.719504,0.06090607151070594
4.0,0.0022162262913847613,-2.9453409,-7.4704394e-07,-1.4726686,-1.4726686,-1.4726614,-1.4726626,2.9453044,9.719504,0.061192340507898325
4.0,0.0022262262913847614,-2.9453442,3.5747158e-07,-1.4726663,-1.4726663,-1.4726615,-1.4726603,2.9453044,9.719504,0.06147860950509071
4.0,0.0022362262913847614,-2.9453409,-7.470439e-07,-1.4726686,-1.4726686,-1.4726614,-1.4726626,2.9453044,9.719504,0.06176487850228309
4.0,0.0022462262913847614,-2.9453442,3.5747155e-07,-1.4726663,-1.4726663,-1.4726615,-1.4726603,2.9453044,9.719504,0.062051147499475476
4.0,0.0022562262913847614,-2.9453409,-7.470439e-07,-1.4726686,-1.4726686,-1.4726614,-1.4726626,2.9453044,9.719504,0.06233741649666786
4.0,0.0022662262913847615,-2.9453442,3.574715e-07,-1.4726663,-1.4726663,-1.4726615,-1.4726603,2.9453044,9.719504,0.06262368549386024
4.0,0.0022762262913847615,-2.9453409,-7.470439e-07,-1.4726686,-1.4726686,-1.4726614,-1.4726626,2.9453044,9.719504,0.06290995449105263
4.0,0.0022862262913847615,-2.9453442,3.5747146e-07,-1.4726663,-1.4726663,-1.4726615,-1.4726603,2.9453044,9.719504,0.06319622348824502
4.0,0.0022962262913847615,-2.9453409,-7.470439e-07,-1.4726686,-1.4726686,-1.4726614,-1.4726626,2.9453044,9.719504,0.06348249248543741
4.0,0.0023062262913847616,-2.9453442,3.5747144e-07,-1.4726663,-1.4726663,-1.4726615,-1.4726603,2.9453044,9.719504,0.06376876148262979
4.0,0.002316226291384761,-2.9453409,-7.470438e-07,-1.4726686,-1.4726686,-1.4726614,-1.4726626,2.9453044,9.719504,0.06405503047982217
4.0,0.002326226291384761,-2.9453442,3.574714e-07,-1.4726663,-1.4726663,-1.4726615,-1.4726603,2.9453044,9.719504,0.06434129947701456
4.0,0.002336226291384761,-2.9453409,-7.470438e-07,-1.4726686,-1.4726686,-1.4726614,-1.4726626,2.9453044,9.719504,0.06462756847420695
4.0,0.0023462262913847612,-2.9453442,3.5747138e-07,-1.4726663,-1.4726663,-1.4726615,-1.4726603,2.9453044,9.719504,0.06491383747139934
4.0,0.0023562262913847613,-2.9453409,-7.470438e-07,-1.4726686,-1.4726686,-1.4726614,-1.4726626,2.9453044,9.719504,0.06520010646859173
4.0,0.0023662262913847613,-2.9453442,3.5747135e-07,-1.4726663,-1.4726663,-1.4726615,-1.4726603,2.9453044,9.719504,0.06548637546578412
4.0,0.0023762262913847613,-2.9453409,-7.470438e-07,-1.4726686,-1.4726686,-1.4726614,-1.4726626,2.9453044,9.719504,0.06577264446297651
4.0,0.0023862262913847613,-2.9453442,3.5747132e-07,-1.4726663,-1.4726663,-1.4726615,-1.4726603,2.9453044,9.719504,0.0660589134601689
4.0,0.0023962262913847614,-2.9453409,-7.470438e-07,-1.4726686,-1.4726686,-1.4726614,-1.4726626,2.9453044,9.719504,0.06634518245736129
4.0,0.0024062262913847614,-2.9453442,3.574713e-07,-1.4726663,-1.4726663,-1.4726615,-1.4726603,2.9453044,9.719504,0.06663145145455368
4.0,0.0024162262913847614,-2.9453409,-7.4704377e-07,-1.4726686,-1.4726686,-1.4726614,-1.4726626,2.9453044,9.719504,0.06691772045174607
4.0,0.0024262262913847614,-2.9453442,3.5747127e-07,-1.4726663,-1.4726663,-1.4726615,-1.4726603,2.9453044,9.719504,0.06720398944893846
4.0,0.0024362262913847615,-2.9453409,-7.4704377e-07,-1.4726686,-1.4726686,-1.4726614,-1.4726626,2.9453044,9.719504,0.06749025844613085
4.0,0.0024462262913847615,-2.9453442,3.5747124e-07,-1.4726663,-1.4726663,-1.4726615,-1.4726603,2.9453044,9.719504,0.06777652744332324
4.0,0.0024562262913847615,-2.9453409,-7.4704377e-07,-1.4726686,-1.4726686,-1.4726614,-1.4726626,2.9453044,9.719504,0.06806279644051563
4.0,0.0024662262913847616,-2.9453442,3.574712e-07,-1.4726663,-1.4726663,-1.4726615,-1.4726603,2.9453044,9.719504,0.06834906543770801
4.0,0.002476226291384761,-2.9453409,-7.4704377e-07,-1.4726686,-1.4726686,-1.4726614,-1.4726626,2.9453044,9.719504,0.06863533443490039
4.0,0.002486226291384761,-2.9453442,3.5747118e-07,-1.4726663,-1.4726663,-1.4726615,-1.4726603,2.9453044,9.719504,0.06892160343209278
4.0,0.002496226291384761,-2.9453409,-7.4704377e-07,-1.4726686,-1.4726686,-1.4726614,-1.4726626,2.9453044,9.719504,0.06920787242928517
4.0,0.0025062262913847612,-2.9453442,3.5747115e-07,-1.4726663,-1.4726663,-1.4726615,-1.4726603,2.9453044,9.719504,0.06949414142647756
4.0,0.0025162262913847613,-2.9453409,-7.4704377e-07,-1.4726686,-1.4726686,-1.4726614,-1.4726626,2.9453044,9.719504,0.06978041042366995
4.0,0.0025262262913847613,-2.9453442,3.5747115e-07,-1.4726663,-1.4726663,-1.4726615,-1.4726603,2.9453044,9.719504,0.07006667942086234
4.0,0.0025362262913847613,-2.9453409,-7.470437e-07,-1.4726686,-1.4726686,-1.4726614,-1.4726626,2.9453044,9.719504,0.07035294841805473
4.0,0.0025462262913847613,-2.9453442,3.5747112e-07,-1.4726663,-1.4726663,-1.4726615,-1.4726603,2.9453044,9.719504,0.07063921741524712
4.0,0.0025562262913847614,-2.9453409,-7.470437e-07,-1.4726686,-1.4726686,-1.4726614,-1.4726626,2.9453044,9.719504,0.07092548641243951
4.0,0.0025662262913847614,-2.9453442,3.574711e-07,-1.4726663,-1.4726663,-1.4726615,-1.4726603,2.9453044,9.719504,0.0712117554096319
4.0,0.0025762262913847614,-2.9453409,-7.470437e-07,-1.4726686,-1.4726686,-1.4726614,-1.4726626,2.9453044,9.719504,0.07149802440682429
4.0,0.0025862262913847614,-2.9453442,3.574711e-07,-1.4726663,-1.4726663,-1.4726615,-1.4726603,2.9453044,9.719504,0.07178429340401668
4.0,0.0025962262913847615,-2.9453409,-7.470437e-07,-1.4726686,-1.4726686,-1.4726614,-1.4726626,2.9453044,9.719504,0.07207056240120907
4.0,0.0026062262913847615,-2.9453442,3.5747107e-07,-1.4726663,-1.4726663,-1.4726615,-1.4726603,2.9453044,9.719504,0.07235683139840146
4.0,0.0026162262913847615,-2.9453409,-7.470437e-07,-1.4726686,-1.4726686,-1.4726614,-1.4726626,2.9453044,9.719504,0.07264310039559385
4.0,0.0026262262913847615,-2.9453442,3.5747104e-07,-1.4726663,-1.4726663,-1.4726615,-1.4726603,2.9453044,9.719504,0.07292936939278623
4.0,0.002636226291384761,-2.9453409,-7.470437e-07,-1.4726686,-1.4726686,-1.4726614,-1.4726626,2.9453044,9.719504,0.0732156383899786
4.0,0.002646226291384761,-2.9453442,3.5747104e-07,-1.4726663,-1.4726663,-1.4726615,-1.4726603,2.9453044,9.719504,0.073501907387171
4.0,0.002656226291384761,-2.9453409,-7.470437e-07,-1.4726686,-1.4726686,-1.4726614,-1.4726626,2.9453044,9.719504,0.07378817638436339
4.0,0.002666226291384761,-2.9453442,3.57471e-07,-1.4726663,-1.4726663,-1.4726615,-1.4726603,2.9453044,9.719504,0.07407444538155578
4.0,0.0026762262913847612,-2.9453409,-7.470437e-07,-1.4726686,-1.4726686,-1.4726614,-1.4726626,2.9453044,9.719504,0.07436071437874817
4.0,0.0026862262913847613,-2.9453442,3.57471e-07,-1.4726663,-1.4726663,-1.4726615,-1.4726603,2.9453044,9.719504,0.07464698337594056
4.0,0.0026962262913847613,-2.9453409,-7.470437e-07,-1.4726686,-1.4726686,-1.4726614,-1.4726626,2.9453044,9.719504,0.07493325237313295
4.0,0.0027062262913847613,-2.9453442,3.57471e-07,-1.4726663,-1.4726663,-1.4726615,-1.4726603,2.9453044,9.719504,0.07521952137032534
4.0,0.0027162262913847613,-2.9453409,-7.470437e-07,-1.4726686,-1.4726686,-1.4726614,-1.4726626,2.9453044,9.719504,0.07550579036751773
4.0,0.0027262262913847614,-2.9453442,3.5747098e-07,-1.4726663,-1.4726663,-1.4726615,-1.4726603,2.9453044,9.719504,0.07579205936471012
4.0,0.0027362262913847614,-2.9453409,-7.470437e-07,-1.4726686,-1.4726686,-1.4726614,-1.4726626,2.9453044,9.719504,0.07607832836190251
4.0,0.0027462262913847614,-2.9453442,3.5747098e-07,-1.4726663,-1.4726663,-1.4726615,-1.4726603,2.9453044,9.719504,0.0763645973590949
4.0,0.0027562262913847614,-2.9453409,-7.470437e-07,-1.4726686,-1.4726686,-1.4726614,-1.4726626,2.9453044,9.719504,0.07665086635628729
4.0,0.0027662262913847615,-2.9453442,3.5747098e-07,-1.4726663,-1.4726663,-1.4726615,-1.4726603,2.9453044,9.719504,0.07693713535347968
4.0,0.0027762262913847615,-2.9453409,-7.470437e-07,-1.4726686,-1.4726686,-1.4726614,-1.4726626,2.9453044,9.719504,0.07722340435067207
4.0,0.0027862262913847615,-2.9453442,3.5747095e-07,-1.4726663,-1.4726663,-1.4726615,-1.4726603,2.9453044,9.719504,0.07750967334786445
4.0,0.002796226291384761,-2.9453409,-7.470437e-07,-1.4726686,-1.4726686,-1.4726614,-1.4726626,2.9453044,9.719504,0.07779594234505682
4.0,0.002806226291384761,-2.9453442,3.5747095e-07,-1.4726663,-1.4726663,-1.4726615,-1.4726603,2.9453044,9.719504,0.07808221134224921
4.0,0.002816226291384761,-2.9453409,-7.470437e-07,-1.4726686,-1.4726686,-1.4726614,-1.4726626,2.9453044,9.719504,0.0783684803394416
4.0,0.002826226291384761,-2.9453442,3.5747095e-07,-1.4726663,-1.4726663,-1.4726615,-1.4726603,2.9453044,9.719504,0.078654749336634
4.0,0.0028362262913847612,-2.9453409,-7.470437e-07,-1.4726686,-1.4726686,-1.4726614,-1.4726626,2.9453044,9.719504,0.07894101833382638
4.0,0.0028462262913847612,-2.9453442,3.5747095e-07,-1.4726663,-1.4726663,-1.4726615,-1.4726603,2.9453044,9.719504,0.07922728733101878
4.0,0.0028562262913847613,-2.9453409,-7.470437e-07,-1.4726686,-1.4726686,-1.4726614,-1.4726626,2.9453044,9.719504,0.07951355632821117
4.0,0.0028662262913847613,-2.9453442,3.5747092e-07,-1.4726663,-1.4726663,-1.4726615,-1.4726603,2.9453044,9.719504,0.07979982532540356
4.0,0.0028762262913847613,-2.9453409,-7.470437e-07,-1.4726686,-1.4726686,-1.4726614,-1.4726626,2.9453044,9.719504,0.08008609432259595
4.0,0.0028862262913847614,-2.9453442,3.5747092e-07,-1.4726663,-1.4726663,-1.4726615,-1.4726603,2.9453044,9.719504,0.08037236331978834
4.0,0.0028962262913847614,-2.9453409,-7.470437e-07,-1.4726686,-1.4726686,-1.4726614,-1.4726626,2.9453044,9.719504,0.08065863231698073
4.0,0.0029062262913847614,-2.9453442,3.5747092e-07,-1.4726663,-1.4726663,-1.4726615,-1.4726603,2.9453044,9.719504,0.08094490131417312
4.0,0.0029162262913847614,-2.9453409,-7.470437e-07,-1.4726686,-1.4726686,-1.4726614,-1.4726626,2.9453044,9.719504,0.08123117031136551
4.0,0.0029262262913847615,-2.9453442,3.5747092e-07,-1.4726663,-1.4726663,-1.4726615,-1.4726603,2.9453044,9.719504,0.0815174393085579
4.0,0.0029362262913847615,-2.9453409,-7.4704377e-07,-1.4726686,-1.4726686,-1.4726614,-1.4726626,2.9453044,9.719504,0.08180370830575029
4.0,0.0029462262913847615,-2.9453442,3.5747092e-07,-1.4726663,-1.4726663,-1.4726615,-1.4726603,2.9453044,9.719504,0.08208997730294267
4.0,0.002956226291384761,-2.9453409,-7.4704377e-07,-1.4726686,-1.4726686,-1.4726614,-1.4726626,2.9453044,9.719504,0.08237624630013504
4.0,0.002966226291384761,-2.9453442,3.5747092e-07,-1.4726663,-1.4726663,-1.4726615,-1.4726603,2.9453044,9.719504,0.08266251529732743
4.0,0.002976226291384761,-2.9453409,-7.4704377e-07,-1.4726686,-1.4726686,-1.4726614,-1.4726626,2.9453044,9.719504,0.08294878429451982
4.0,0.002986226291384761,-2.9453442,3.5747092e-07,-1.4726663,-1.4726663,-1.4726615,-1.4726603,2.9453044,9.719504,0.08323505329171221
4.0,0.002996226291384761,-2.9453409,-7.4704377e-07,-1.4726686,-1.4726686,-1.4726614,-1.4726626,2.9453044,9.719504,0.0835213222889046
4.0,0.0030062262913847612,-2.9453442,3.5747092e-07,-1.4726663,-1.4726663,-1.4726615,-1.4726603,2.9453044,9.719504,0.083807591286097
4.0,0.0030162262913847613,-2.9453409,-7.4704377e-07,-1.4726686,-1.4726686,-1.4726614,-1.4726626,2.9453044,9.719504,0.08409386028328938
4.0,0.0030262262913847613,-2.9453442,3.5747092e-07,-1.4726663,-1.4726663,-1.4726615,-1.4726603,2.9453044,9.719504,0.08438012928048177
4.0,0.0030362262913847613,-2.9453409,-7.4704377e-07,-1.4726686,-1.4726686,-1.4726614,-1.4726626,2.9453044,9.719504,0.08466639827767417
4.0,0.0030462262913847613,-2.9453442,3.5747092e-07,-1.4726663,-1.4726663,-1.4726615,-1.4726603,2.9453044,9.719504,0.08495266727486656
4.0,0.0030562262913847614,-2.9453409,-7.4704377e-07,-1.4726686,-1.4726686,-1.4726614,-1.4726626,2.9453044,9.719504,0.08523893627205895
4.0,0.0030662262913847614,-2.9453442,3.5747092e-07,-1.4726663,-1.4726663,-1.4726615,-1.4726603,2.9453044,9.719504,0.08552520526925134
4.0,0.0030762262913847614,-2.9453409,-7.470438e-07,-1.4726686,-1.4726686,-1.4726614,-1.4726626,2.9453044,9.719504,0.08581147426644373
4.0,0.0030862262913847614,-2.9453442,3.5747095e-07,-1.4726663,-1.4726663,-1.4726615,-1.4726603,2.9453044,9.719504,0.08609774326363612
4.0,0.0030962262913847615,-2.9453409,-7.470438e-07,-1.4726686,-1.4726686,-1.4726614,-1.4726626,2.9453044,9.719504,0.08638401226082851
4.0,0.0031062262913847615,-2.9453442,3.5747095e-07,-1.4726663,-1.4726663,-1.4726615,-1.4726603,2.9453044,9.719504,0.08667028125802088
4.0,0.003116226291384761,-2.9453409,-7.470438e-07,-1.4726686,-1.4726686,-1.4726614,-1.4726626,2.9453044,9.719504,0.08695655025521326
4.0,0.003126226291384761,-2.9453442,3.5747095e-07,-1.4726663,-1.4726663,-1.4726615,-1.4726603,2.9453044,9.719504,0.08724281925240565
4.0,0.003136226291384761,-2.9453409,-7.470438e-07,-1.4726686,-1.4726686,-1.4726614,-1.4726626,2.9453044,9.719504,0.08752908824959804
4.0,0.003146226291384761,-2.9453442,3.5747095e-07,-1.4726663,-1.4726663,-1.4726615,-1.4726603,2.9453044,9.719504,0.08781535724679043
4.0,0.003156226291384761,-2.9453409,-7.470438e-07,-1.4726686,-1.4726686,-1.4726614,-1.4726626,2.9453044,9.719504,0.08810162624398282
4.0,0.0031662262913847612,-2.9453442,3.5747095e-07,-1.4726663,-1.4726663,-1.4726615,-1.4726603,2.9453044,9.719504,0.08838789524117521
4.0,0.0031762262913847612,-2.9453409,-7.470439e-07,-1.4726686,-1.4726686,-1.4726614,-1.4726626,2.9453044,9.719504,0.0886741642383676
4.0,0.0031862262913847613,-2.9453442,3.5747098e-07,-1.4726663,-1.4726663,-1.4726615,-1.4726603,2.9453044,9.719504,0.08896043323556
4.0,0.0031962262913847613,-2.9453409,-7.470439e-07,-1.4726686,-1.4726686,-1.4726614,-1.4726626,2.9453044,9.719504,0.08924670223275238
4.0,0.0032062262913847613,-2.9453442,3.5747098e-07,-1.4726663,-1.4726663,-1.4726615,-1.4726603,2.9453044,9.719504,0.08953297122994477
4.0,0.0032162262913847614,-2.9453409,-7.470439e-07,-1.4726686,-1.4726686,-1.4726614,-1.4726626,2.9453044,9.719504,0.08981924022713716
4.0,0.0032262262913847614,-2.9453442,3.5747098e-07,-1.4726663,-1.4726663,-1.4726615,-1.4726603,2.9453044,9.719504,0.09010550922432956
4.0,0.0032362262913847614,-2.9453409,-7.470439e-07,-1.4726686,-1.4726686,-1.4726614,-1.4726626,2.9453044,9.719504,0.09039177822152195
4.0,0.0032462262913847614,-2.9453442,3.57471e-07,-1.4726663,-1.4726663,-1.4726615,-1.4726603,2.9453044,9.719504,0.09067804721871434
4.0,0.0032562262913847615,-2.9453409,-7.4704394e-07,-1.4726686,-1.4726686,-1.4726614,-1.4726626,2.9453044,9.719504,0.09096431621590673
4.0,0.0032662262913847615,-2.9453442,3.57471e-07,-1.4726663,-1.4726663,-1.4726615,-1.4726603,2.9453044,9.719504,0.0912505852130991
4.0,0.003276226291384761,-2.9453409,-7.4704394e-07,-1.4726686,-1.4726686,-1.4726614,-1.4726626,2.9453044,9.719504,0.09153685421029148
4.0,0.003286226291384761,-2.9453442,3.57471e-07,-1.4726663,-1.4726663,-1.4726615,-1.4726603,2.9453044,9.719504,0.09182312320748387
4.0,0.003296226291384761,-2.9453409,-7.4704394e-07,-1.4726686,-1.4726686,-1.4726614,-1.4726626,2.9453044,9.719504,0.09210939220467626
4.0,0.003306226291384761,-2.9453442,3.5747104e-07,-1.4726663,-1.4726663,-1.4726615,-1.4726603,2.9453044,9.719504,0.09239566120186865
4.0,0.003316226291384761,-2.9453409,-7.4704394e-07,-1.4726686,-1.4726686,-1.4726614,-1.4726626,2.9453044,9.719504,0.09268193019906104
4.0,0.003326226291384761,-2.9453442,3.5747104e-07,-1.4726663,-1.4726663,-1.4726615,-1.4726603,2.9453044,9.719504,0.09296819919625343
4.0,0.0033362262913847612,-2.9453409,-7.47044e-07,-1.4726686,-1.4726686,-1.4726614,-1.4726626,2.9453044,9.719504,0.09325446819344582
4.0,0.0033462262913847613,-2.9453442,3.5747107e-07,-1.4726663,-1.4726663,-1.4726615,-1.4726603,2.9453044,9.719504,0.09354073719063821
4.0,0.0033562262913847613,-2.9453409,-7.47044e-07,-1.4726686,-1.4726686,-1.4726614,-1.4726626,2.9453044,9.719504,0.0938270061878306
4.0,0.0033662262913847613,-2.9453442,3.5747107e-07,-1.4726663,-1.4726663,-1.4726615,-1.4726603,2.9453044,9.719504,0.094113275185023
4.0,0.0033762262913847613,-2.9453409,-7.47044e-07,-1.4726686,-1.4726686,-1.4726614,-1.4726626,2.9453044,9.719504,0.09439954418221538
4.0,0.0033862262913847614,-2.9453442,3.574711e-07,-1.4726663,-1.4726663,-1.4726615,-1.4726603,2.9453044,9.719504,0.09468581317940777
4.0,0.0033962262913847614,-2.9453409,-7.4704406e-07,-1.4726686,-1.4726686,-1.4726614,-1.4726626,2.9453044,9.719504,0.09497208217660016
4.0,0.0034062262913847614,-2.9453442,3.574711e-07,-1.4726663,-1.4726663,-1.4726615,-1.4726603,2.9453044,9.719504,0.09525835117379255
4.0,0.0034162262913847614,-2.9453409,-7.4704406e-07,-1.4726686,-1.4726686,-1.4726614,-1.4726626,2.9453044,9.719504,0.09554462017098495
4.0,0.0034262262913847615,-2.9453442,3.5747112e-07,-1.4726663,-1.4726663,-1.4726615,-1.4726603,2.9453044,9.719504,0.09583088916817732
4.0,0.003436226291384761,-2.9453409,-7.4704406e-07,-1.4726686,-1.4726686,-1.4726614,-1.4726626,2.9453044,9.719504,0.0961171581653697
4.0,0.003446226291384761,-2.9453442,3.5747115e-07,-1.4726663,-1.4726663,-1.4726615,-1.4726603,2.9453044,9.719504,0.09640342716256209
4.0,0.003456226291384761,-2.9453409,-7.470441e-07,-1.4726686,-1.4726686,-1.4726614,-1.4726626,2.9453044,9.719504,0.09668969615975448
4.0,0.003466226291384761,-2.9453442,3.5747115e-07,-1.4726663,-1.4726663,-1.4726615,-1.4726603,2.9453044,9.719504,0.09697596515694687
4.0,0.003476226291384761,-2.9453409,-7.470441e-07,-1.4726686,-1.4726686,-1.4726614,-1.4726626,2.9453044,9.719504,0.09726223415413926
4.0,0.003486226291384761,-2.9453442,3.5747118e-07,-1.4726663,-1.4726663,-1.4726615,-1.4726603,2.9453044,9.719504,0.09754850315133165
4.0,0.0034962262913847612,-2.9453409,-7.4704417e-07,-1.4726686,-1.4726686,-1.4726614,-1.4726626,2.9453044,9.719504,0.09783477214852404
4.0,0.0035062262913847612,-2.9453442,3.5747118e-07,-1.4726663,-1.4726663,-1.4726615,-1.4726603,2.9453044,9.719504,0.09812104114571643
4.0,0.0035162262913847613,-2.9453409,-7.4704417e-07,-1.4726686,-1.4726686,-1.4726614,-1.4726626,2.9453044,9.719504,0.09840731014290882
4.0,0.0035262262913847613,-2.9453442,3.574712e-07,-1.4726663,-1.4726663,-1.4726615,-1.4726603,2.9453044,9.719504,0.09869357914010121
4.0,0.0035362262913847613,-2.9453409,-7.4704417e-07,-1.4726686,-1.4726686,-1.4726614,-1.4726626,2.9453044,9.719504,0.0989798481372936
4.0,0.0035462262913847614,-2.9453442,3.5747124e-07,-1.4726663,-1.4726663,-1.4726615,-1.4726603,2.9453044,9.719504,0.09926611713448599
4.0,0.0035562262913847614,-2.9453409,-7.470442e-07,-1.4726686,-1.4726686,-1.4726614,-1.4726626,2.9453044,9.719504,0.09955238613167838
4.0,0.0035662262913847614,-2.9453442,3.5747127e-07,-1.4726663,-1.4726663,-1.4726615,-1.4726603,2.9453044,9.719504,0.09983865512887077
4.0,0.0035762262913847614,-2.9453409,-7.470442e-07,-1.4726686,-1.4726686,-1.4726614,-1.4726626,2.9453044,9.719504,0.10012492412606316
4.0,0.0035862262913847615,-2.9453442,3.5747127e-07,-1.4726663,-1.4726663,-1.4726615,-1.4726603,2.9453044,9.719504,0.10041119312325554
4.0,0.003596226291384761,-2.9453409,-7.470443e-07,-1.4726686,-1.4726686,-1.4726614,-1.4726626,2.9453044,9.719504,0.10069746212044792
4.0,0.003606226291384761,-2.9453442,3.574713e-07,-1.4726663,-1.4726663,-1.4726615,-1.4726603,2.9453044,9.719504,0.10098373111764031
4.0,0.003616226291384761,-2.9453409,-7.470443e-07,-1.4726686,-1.4726686,-1.4726614,-1.4726626,2.9453044,9.719504,0.1012700001148327
4.0,0.003626226291384761,-2.9453442,3.5747132e-07,-1.4726663,-1.4726663,-1.4726615,-1.4726603,2.9453044,9.719504,0.10155626911202509
4.0,0.003636226291384761,-2.9453409,-7.470443e-07,-1.4726686,-1.4726686,-1.4726614,-1.4726626,2.9453044,9.719504,0.10184253810921748
4.0,0.003646226291384761,-2.9453442,3.5747135e-07,-1.4726663,-1.4726663,-1.4726615,-1.4726603,2.9453044,9.719504,0.10212880710640987
4.0,0.003656226291384761,-2.9453409,-7.4704434e-07,-1.4726686,-1.4726686,-1.4726614,-1.4726626,2.9453044,9.719504,0.10241507610360226
4.0,0.0036662262913847612,-2.9453442,3.5747135e-07,-1.4726663,-1.4726663,-1.4726615,-1.4726603,2.9453044,9.719504,0.10270134510079465
4.0,0.0036762262913847613,-2.9453409,-7.4704434e-07,-1.4726686,-1.4726686,-1.4726614,-1.4726626,2.9453044,9.719504,0.10298761409798704
4.0,0.0036862262913847613,-2.9453442,3.5747138e-07,-1.4726663,-1.4726663,-1.4726615,-1.4726603,2.9453044,9.719504,0.10327388309517943
4.0,0.0036962262913847613,-2.9453409,-7.470444e-07,-1.4726686,-1.4726686,-1.4726614,-1.4726626,2.9453044,9.719504,0.10356015209237182
4.0,0.0037062262913847613,-2.9453442,3.574714e-07,-1.4726663,-1.4726663,-1.4726615,-1.4726603,2.9453044,9.719504,0.10384642108956421
4.0,0.0037162262913847614,-2.9453409,-7.470444e-07,-1.4726686,-1.4726686,-1.4726614,-1.4726626,2.9453044,9.719504,0.1041326900867566
4.0,0.0037262262913847614,-2.9453442,3.5747144e-07,-1.4726663,-1.4726663,-1.4726615,-1.4726603,2.9453044,9.719504,0.10441895908394899
4.0,0.0037362262913847614,-2.9453409,-7.4704445e-07,-1.4726686,-1.4726686,-1.4726614,-1.4726626,2.9453044,9.719504,0.10470522808114138
4.0,0.0037462262913847614,-2.9453442,3.5747146e-07,-1.4726663,-1.4726663,-1.4726615,-1.4726603,2.9453044,9.719504,0.10499149707833376
4.0,0.003756226291384761,-2.9453409,-7.4704445e-07,-1.4726686,-1.4726686,-1.4726614,-1.4726626,2.9453044,9.719504,0.10527776607552614
4.0,0.003766226291384761,-2.9453442,3.574715e-07,-1.4726663,-1.4726663,-1.4726615,-1.4726603,2.9453044,9.719504,0.10556403507271853
4.0,0.003776226291384761,-2.9453409,-7.470445e-07,-1.4726686,-1.4726686,-1.4726614,-1.4726626,2.9453044,9.719504,0.10585030406991092
4.0,0.003786226291384761,-2.9453442,3.5747152e-07,-1.4726663,-1.4726663,-1.4726615,-1.4726603,2.9453044,9.719504,0.10613657306710331
4.0,0.003796226291384761,-2.9453409,-7.470445e-07,-1.4726686,-1.4726686,-1.4726614,-1.4726626,2.9453044,9.719504,0.1064228420642957
4.0,0.003806226291384761,-2.9453442,3.5747155e-07,-1.4726663,-1.4726663,-1.4726615,-1.4726603,2.9453044,9.719504,0.10670911106148809
4.0,0.003816226291384761,-2.9453409,-7.4704457e-07,-1.4726686,-1.4726686,-1.4726614,-1.4726626,2.9453044,9.719504,0.10699538005868048
4.0,0.0038262262913847612,-2.9453442,3.5747158e-07,-1.4726663,-1.4726663,-1.4726615,-1.4726603,2.9453044,9.719504,0.10728164905587287
4.0,0.0038362262913847612,-2.9453409,-7.4704457e-07,-1.4726686,-1.4726686,-1.4726614,-1.4726626,2.9453044,9.719504,0.10756791805306526
4.0,0.0038462262913847613,-2.9453442,3.574716e-07,-1.4726663,-1.4726663,-1.4726615,-1.4726603,2.9453044,9.719504,0.10785418705025765
4.0,0.0038562262913847613,-2.9453409,-7.470446e-07,-1.4726686,-1.4726686,-1.4726614,-1.4726626,2.9453044,9.719504,0.10814045604745004
4.0,0.0038662262913847613,-2.9453442,3.5747163e-07,-1.4726663,-1.4726663,-1.4726615,-1.4726603,2.9453044,9.719504,0.10842672504464243
4.0,0.0038762262913847613,-2.9453409,-7.470446e-07,-1.4726686,-1.4726686,-1.4726614,-1.4726626,2.9453044,9.719504,0.10871299404183482
4.0,0.0038862262913847614,-2.9453442,3.5747166e-07,-1.4726663,-1.4726663,-1.4726615,-1.4726603,2.9453044,9.719504,0.10899926303902721
4.0,0.0038962262913847614,-2.9453409,-7.470447e-07,-1.4726686,-1.4726686,-1.4726614,-1.4726626,2.9453044,9.719504,0.1092855320362196
4.0,0.0039062262913847614,-2.9453442,3.574717e-07,-1.4726663,-1.4726663,-1.4726615,-1.4726603,2.9453044,9.719504,0.10957180103341198
4.0,0.003916226291384761,-2.9453409,-7.470447e-07,-1.4726686,-1.4726686,-1.4726614,-1.4726626,2.9453044,9.719504,0.10985807003060437
4.0,0.0039262262913847615,-2.9453442,3.5747172e-07,-1.4726663,-1.4726663,-1.4726615,-1.4726603,2.9453044,9.719504,0.11014433902779676
4.0,0.003936226291384761,-2.9453409,-7.4704474e-07,-1.4726686,-1.4726686,-1.4726614,-1.4726626,2.9453044,9.719504,0.11043060802498915
4.0,0.0039462262913847615,-2.9453442,3.5747175e-07,-1.4726663,-1.4726663,-1.4726615,-1.4726603,2.9453044,9.719504,0.11071687702218154
4.0,0.003956226291384761,-2.9453409,-7.470448e-07,-1.4726686,-1.4726686,-1.4726614,-1.4726626,2.9453044,9.719504,0.11100314601937393
4.0,0.003966226291384762,-2.9453442,3.5747178e-07,-1.4726663,-1.4726663,-1.4726615,-1.4726603,2.9453044,9.719504,0.11128941501656632
4.0,0.003976226291384761,-2.9453409,-7.470448e-07,-1.4726686,-1.4726686,-1.4726614,-1.4726626,2.9453044,9.719504,0.11157568401375871
4.0,0.003986226291384762,-2.9453442,3.574718e-07,-1.4726663,-1.4726663,-1.4726615,-1.4726603,2.9453044,9.719504,0.1118619530109511
4.0,0.003996226291384761,-2.9453409,-7.4704485e-07,-1.4726686,-1.4726686,-1.4726614,-1.4726626,2.9453044,9.719504,0.11214822200814348
4.0,0.004006226291384761,-2.9453442,3.5747183e-07,-1.4726663,-1.4726663,-1.4726615,-1.4726603,2.9453044,9.719504,0.11243449100533587
4.0,0.004016226291384761,-2.9453409,-7.4704485e-07,-1.4726686,-1.4726686,-1.4726614,-1.4726626,2.9453044,9.719504,0.11272076000252826
4.0,0.004026226291384761,-2.9453442,3.5747186e-07,-1.4726663,-1.4726663,-1.4726615,-1.4726603,2.9453044,9.719504,0.11300702899972065
4.0,0.004036226291384761,-2.9453409,-7.470449e-07,-1.4726686,-1.4726686,-1.4726614,-1.4726626,2.9453044,9.719504,0.11329329799691304
4.0,0.004046226291384761,-2.9453442,3.574719e-07,-1.4726663,-1.4726663,-1.4726615,-1.4726603,2.9453044,9.719504,0.11357956699410543
4.0,0.004056226291384761,-2.9453409,-7.4704496e-07,-1.4726686,-1.4726686,-1.4726614,-1.4726626,2.9453044,9.719504,0.11386583599129782
4.0,0.004066226291384761,-2.9453442,3.5747192e-07,-1.4726663,-1.4726663,-1.4726615,-1.4726603,2.9453044,9.719504,0.11415210498849021
4.0,0.0040762262913847614,-2.9453409,-7.4704496e-07,-1.4726686,-1.4726686,-1.4726614,-1.4726626,2.9453044,9.719504,0.1144383739856826
4.0,0.004086226291384761,-2.9453442,3.5747198e-07,-1.4726663,-1.4726663,-1.4726615,-1.4726603,2.9453044,9.719504,0.11472464298287499
4.0,0.0040962262913847615,-2.9453409,-7.47045e-07,-1.4726686,-1.4726686,-1.4726614,-1.4726626,2.9453044,9.719504,0.11501091198006738
4.0,0.004106226291384761,-2.9453442,3.57472e-07,-1.4726663,-1.4726663,-1.4726615,-1.4726603,2.9453044,9.719504,0.11529718097725977
4.0,0.0041162262913847615,-2.9453409,-7.47045e-07,-1.4726686,-1.4726686,-1.4726614,-1.4726626,2.9453044,9.719504,0.11558344997445216
4.0,0.004126226291384761,-2.9453442,3.5747203e-07,-1.4726663,-1.4726663,-1.4726615,-1.4726603,2.9453044,9.719504,0.11586971897164455
4.0,0.004136226291384762,-2.9453409,-7.470451e-07,-1.4726686,-1.4726686,-1.4726614,-1.4726626,2.9453044,9.719504,0.11615598796883694
4.0,0.004146226291384761,-2.9453442,3.5747206e-07,-1.4726663,-1.4726663,-1.4726615,-1.4726603,2.9453044,9.719504,0.11644225696602932
4.0,0.004156226291384761,-2.9453409,-7.4704514e-07,-1.4726686,-1.4726686,-1.4726614,-1.4726626,2.9453044,9.719504,0.11672852596322171
4.0,0.004166226291384761,-2.9453442,3.5747212e-07,-1.4726663,-1.4726663,-1.4726615,-1.4726603,2.9453044,9.719504,0.1170147949604141
4.0,0.004176226291384761,-2.9453409,-7.4704514e-07,-1.4726686,-1.4726686,-1.4726614,-1.4726626,2.9453044,9.719504,0.11730106395760649
4.0,0.004186226291384761,-2.9453442,3.5747215e-07,-1.4726663,-1.4726663,-1.4726615,-1.4726603,2.9453044,9.719504,0.11758733295479888
4.0,0.004196226291384761,-2.9453409,-7.470452e-07,-1.4726686,-1.4726686,-1.4726614,-1.4726626,2.9453044,9.719504,0.11787360195199127
4.0,0.004206226291384761,-2.9453442,3.5747217e-07,-1.4726663,-1.4726663,-1.4726615,-1.4726603,2.9453044,9.719504,0.11815987094918366
4.0,0.004216226291384761,-2.9453409,-7.4704525e-07,-1.4726686,-1.4726686,-1.4726614,-1.4726626,2.9453044,9.719504,0.11844613994637605
4.0,0.004226226291384761,-2.9453442,3.574722e-07,-1.4726663,-1.4726663,-1.4726615,-1.4726603,2.9453044,9.719504,0.11873240894356844
4.0,0.004236226291384761,-2.9453409,-7.4704525e-07,-1.4726686,-1.4726686,-1.4726614,-1.4726626,2.9453044,9.719504,0.11901867794076083
4.0,0.0042462262913847615,-2.9453442,3.5747226e-07,-1.4726663,-1.4726663,-1.4726615,-1.4726603,2.9453044,9.719504,0.11930494693795322
4.0,0.004256226291384761,-2.9453409,-7.470453e-07,-1.4726686,-1.4726686,-1.4726614,-1.4726626,2.9453044,9.719504,0.11959121593514561
4.0,0.0042662262913847615,-2.9453442,3.574723e-07,-1.4726663,-1.4726663,-1.4726615,-1.4726603,2.9453044,9.719504,0.119877484932338
4.0,0.004276226291384761,-2.9453409,-7.4704536e-07,-1.4726686,-1.4726686,-1.4726614,-1.4726626,2.9453044,9.719504,0.1201637539295304
4.0,0.0042862262913847616,-2.9453442,3.5747232e-07,-1.4726663,-1.4726663,-1.4726615,-1.4726603,2.9453044,9.719504,0.12045002292672279
4.0,0.004296226291384761,-2.9453409,-7.4704536e-07,-1.4726686,-1.4726686,-1.4726614,-1.4726626,2.9453044,9.719504,0.12073629192391518
4.0,0.004306226291384762,-2.9453442,3.5747237e-07,-1.4726663,-1.4726663,-1.4726615,-1.4726603,2.9453044,9.719504,0.12102256092110757
4.0,0.004316226291384761,-2.9453409,-7.470454e-07,-1.4726686,-1.4726686,-1.4726614,-1.4726626,2.9453044,9.719504,0.12130882991829994
4.0,0.004326226291384761,-2.9453442,3.574724e-07,-1.4726663,-1.4726663,-1.4726615,-1.4726603,2.9453044,9.719504,0.12159509891549233
4.0,0.004336226291384761,-2.9453409,-7.470455e-07,-1.4726686,-1.4726686,-1.4726614,-1.4726626,2.9453044,9.719504,0.12188136791268472
4.0,0.004346226291384761,-2.9453442,3.5747243e-07,-1.4726663,-1.4726663,-1.4726615,-1.4726603,2.9453044,9.719504,0.12216763690987711
4.0,0.004356226291384761,-2.9453409,-7.470455e-07,-1.4726686,-1.4726686,-1.4726614,-1.4726626,2.9453044,9.719504,0.1224539059070695
4.0,0.004366226291384761,-2.9453442,3.574725e-07,-1.4726663,-1.4726663,-1.4726615,-1.4726603,2.9453044,9.719504,0.1227401749042619
4.0,0.004376226291384761,-2.9453409,-7.4704553e-07,-1.4726686,-1.4726686,-1.4726614,-1.4726626,2.9453044,9.719504,0.12302644390145429
4.0,0.004386226291384761,-2.9453442,3.5747252e-07,-1.4726663,-1.4726663,-1.4726615,-1.4726603,2.9453044,9.719504,0.12331271289864668
4.0,0.004396226291384761,-2.9453409,-7.470456e-07,-1.4726686,-1.4726686,-1.4726614,-1.4726626,2.9453044,9.719504,0.12359898189583907
4.0,0.004406226291384761,-2.9453442,3.5747257e-07,-1.4726663,-1.4726663,-1.4726615,-1.4726603,2.9453044,9.719504,0.12388525089303146
4.0,0.0044162262913847615,-2.9453409,-7.4704565e-07,-1.4726686,-1.4726686,-1.4726614,-1.4726626,2.9453044,9.719504,0.12417151989022385
4.0,0.004426226291384761,-2.9453442,3.574726e-07,-1.4726663,-1.4726663,-1.4726615,-1.4726603,2.9453044,9.719504,0.12445778888741624
4.0,0.0044362262913847615,-2.9453409,-7.4704565e-07,-1.4726686,-1.4726686,-1.4726614,-1.4726626,2.9453044,9.719504,0.12474405788460863
4.0,0.004446226291384761,-2.9453442,3.5747263e-07,-1.4726663,-1.4726663,-1.4726615,-1.4726603,2.9453044,9.719504,0.12503032688180102
4.0,0.004456226291384762,-2.9453409,-7.470457e-07,-1.4726686,-1.4726686,-1.4726614,-1.4726626,2.9453044,9.719504,0.1253165958789934
4.0,0.004466226291384761,-2.9453442,3.574727e-07,-1.4726663,-1.4726663,-1.4726615,-1.4726603,2.9453044,9.719504,0.12560286487618577
4.0,0.004476226291384761,-2.9453409,-7.4704576e-07,-1.4726686,-1.4726686,-1.4726614,-1.4726626,2.9453044,9.719504,0.12588913387337816
4.0,0.004486226291384761,-2.9453442,3.5747271e-07,-1.4726663,-1.4726663,-1.4726615,-1.4726603,2.9453044,9.719504,0.12617540287057055
4.0,0.004496226291384761,-2.9453409,-7.470458e-07,-1.4726686,-1.4726686,-1.4726614,-1.4726626,2.9453044,9.719504,0.12646167186776294
4.0,0.004506226291384761,-2.9453442,3.5747277e-07,-1.4726663,-1.4726663,-1.4726615,-1.4726603,2.9453044,9.719504,0.12674794086495533
4.0,0.004516226291384761,-2.9453409,-7.470458e-07,-1.4726686,-1.4726686,-1.4726614,-1.4726626,2.9453044,9.719504,0.12703420986214772
4.0,0.004526226291384761,-2.9453442,3.574728e-07,-1.4726663,-1.4726663,-1.4726615,-1.4726603,2.9453044,9.719504,0.1273204788593401
4.0,0.004536226291384761,-2.9453409,-7.470459e-07,-1.4726686,-1.4726686,-1.4726614,-1.4726626,2.9453044,9.719504,0.1276067478565325
4.0,0.004546226291384761,-2.9453442,3.5747286e-07,-1.4726663,-1.4726663,-1.4726615,-1.4726603,2.9453044,9.719504,0.1278930168537249
4.0,0.004556226291384761,-2.9453409,-7.4704593e-07,-1.4726686,-1.4726686,-1.4726614,-1.4726626,2.9453044,9.719504,0.12817928585091728
4.0,0.004566226291384761,-2.9453442,3.5747289e-07,-1.4726663,-1.4726663,-1.4726615,-1.4726603,2.9453044,9.719504,0.12846555484810968
4.0,0.004576226291384761,-2.9453409,-7.47046e-07,-1.4726686,-1.4726686,-1.4726614,-1.4726626,2.9453044,9.719504,0.12875182384530207
4.0,0.0045862262913847615,-2.9453442,3.5747294e-07,-1.4726663,-1.4726663,-1.4726615,-1.4726603,2.9453044,9.719504,0.12903809284249446
4.0,0.004596226291384761,-2.9453409,-7.47046e-07,-1.4726686,-1.4726686,-1.4726614,-1.4726626,2.9453044,9.719504,0.12932436183968685
4.0,0.0046062262913847615,-2.9453442,3.5747297e-07,-1.4726663,-1.4726663,-1.4726615,-1.4726603,2.9453044,9.719504,0.12961063083687924
4.0,0.004616226291384761,-2.9453409,-7.4704604e-07,-1.4726686,-1.4726686,-1.4726614,-1.4726626,2.9453044,9.719504,0.12989689983407163
4.0,0.004626226291384762,-2.9453442,3.5747303e-07,-1.4726663,-1.4726663,-1.4726615,-1.4726603,2.9453044,9.719504,0.13018316883126402
4.0,0.004636226291384761,-2.9453409,-7.470461e-07,-1.4726686,-1.4726686,-1.4726614,-1.4726626,2.9453044,9.719504,0.13046943782845638
4.0,0.004646226291384761,-2.9453442,3.5747308e-07,-1.4726663,-1.4726663,-1.4726615,-1.4726603,2.9453044,9.719504,0.13075570682564877
4.0,0.004656226291384761,-2.9453409,-7.4704616e-07,-1.4726686,-1.4726686,-1.4726614,-1.4726626,2.9453044,9.719504,0.13104197582284116
4.0,0.004666226291384761,-2.9453442,3.574731e-07,-1.4726663,-1.4726663,-1.4726615,-1.4726603,2.9453044,9.719504,0.13132824482003355
4.0,0.004676226291384761,-2.9453409,-7.470462e-07,-1.4726686,-1.4726686,-1.4726614,-1.4726626,2.9453044,9.719504,0.13161451381722594
4.0,0.004686226291384761,-2.9453442,3.5747317e-07,-1.4726663,-1.4726663,-1.4726615,-1.4726603,2.9453044,9.719504,0.13190078281441833
4.0,0.004696226291384761,-2.9453409,-7.470462e-07,-1.4726686,-1.4726686,-1.4726614,-1.4726626,2.9453044,9.719504,0.13218705181161072
4.0,0.004706226291384761,-2.9453442,3.574732e-07,-1.4726663,-1.4726663,-1.4726615,-1.4726603,2.9453044,9.719504,0.1324733208088031
4.0,0.004716226291384761,-2.9453409,-7.470463e-07,-1.4726686,-1.4726686,-1.4726614,-1.4726626,2.9453044,9.719504,0.1327595898059955
4.0,0.004726226291384761,-2.9453442,3.5747325e-07,-1.4726663,-1.4726663,-1.4726615,-1.4726603,2.9453044,9.719504,0.1330458588031879
4.0,0.0047362262913847614,-2.9453409,-7.4704633e-07,-1.4726686,-1.4726686,-1.4726614,-1.4726626,2.9453044,9.719504,0.13333212780038028
4.0,0.004746226291384761,-2.9453442,3.574733e-07,-1.4726663,-1.4726663,-1.4726615,-1.4726603,2.9453044,9.719504,0.13361839679757267
4.0,0.0047562262913847615,-2.9453409,-7.470464e-07,-1.4726686,-1.4726686,-1.4726614,-1.4726626,2.9453044,9.719504,0.13390466579476507
4.0,0.004766226291384761,-2.9453442,3.5747334e-07,-1.4726663,-1.4726663,-1.4726615,-1.4726603,2.9453044,9.719504,0.13419093479195746
4.0,0.0047762262913847615,-2.9453409,-7.4704644e-07,-1.4726686,-1.4726686,-1.4726614,-1.4726626,2.9453044,9.719504,0.13447720378914985
4.0,0.004786226291384761,-2.9453442,3.574734e-07,-1.4726663,-1.4726663,-1.4726615,-1.4726603,2.9453044,9.719504,0.1347634727863422
4.0,0.004796226291384761,-2.9453409,-7.470465e-07,-1.4726686,-1.4726686,-1.4726614,-1.4726626,2.9453044,9.719504,0.1350497417835346
4.0,0.004806226291384761,-2.9453442,3.5747343e-07,-1.4726663,-1.4726663,-1.4726615,-1.4726603,2.9453044,9.719504,0.135336010780727
4.0,0.004816226291384761,-2.9453409,-7.470465e-07,-1.4726686,-1.4726686,-1.4726614,-1.4726626,2.9453044,9.719504,0.13562227977791938
4.0,0.004826226291384761,-2.9453442,3.5747348e-07,-1.4726663,-1.4726663,-1.4726615,-1.4726603,2.9453044,9.719504,0.13590854877511177
4.0,0.004836226291384761,-2.9453409,-7.4704656e-07,-1.4726686,-1.4726686,-1.4726614,-1.4726626,2.9453044,9.719504,0.13619481777230416
4.0,0.004846226291384761,-2.9453442,3.5747354e-07,-1.4726663,-1.4726663,-1.4726615,-1.4726603,2.9453044,9.719504,0.13648108676949655
4.0,0.004856226291384761,-2.9453409,-7.470466e-07,-1.4726686,-1.4726686,-1.4726614,-1.4726626,2.9453044,9.719504,0.13676735576668894
4.0,0.004866226291384761,-2.9453442,3.5747357e-07,-1.4726663,-1.4726663,-1.4726615,-1.4726603,2.9453044,9.719504,0.13705362476388133
4.0,0.004876226291384761,-2.9453409,-7.4704667e-07,-1.4726686,-1.4726686,-1.4726614,-1.4726626,2.9453044,9.719504,0.13733989376107372
4.0,0.004886226291384761,-2.9453442,3.5747362e-07,-1.4726663,-1.4726663,-1.4726615,-1.4726603,2.9453044,9.719504,0.1376261627582661
4.0,0.004896226291384761,-2.9453409,-7.470467e-07,-1.4726686,-1.4726686,-1.4726614,-1.4726626,2.9453044,9.719504,0.1379124317554585
4.0,0.0049062262913847614,-2.9453442,3.5747368e-07,-1.4726663,-1.4726663,-1.4726615,-1.4726603,2.9453044,9.719504,0.1381987007526509
4.0,0.004916226291384761,-2.9453409,-7.470468e-07,-1.4726686,-1.4726686,-1.4726614,-1.4726626,2.9453044,9.719504,0.13848496974984328
4.0,0.0049262262913847615,-2.9453442,3.5747374e-07,-1.4726663,-1.4726663,-1.4726615,-1.4726603,2.9453044,9.719504,0.13877123874703567
4.0,0.004936226291384761,-2.9453409,-7.470468e-07,-1.4726686,-1.4726686,-1.4726614,-1.4726626,2.9453044,9.719504,0.13905750774422806
4.0,0.0049462262913847616,-2.9453442,3.5747377e-07,-1.4726663,-1.4726663,-1.4726615,-1.4726603,2.9453044,9.719504,0.13934377674142046
4.0,0.004956226291384761,-2.9453409,-7.4704684e-07,-1.4726686,-1.4726686,-1.4726614,-1.4726626,2.9453044,9.719504,0.13963004573861282
4.0,0.004966226291384761,-2.9453442,3.5747382e-07,-1.4726663,-1.4726663,-1.4726615,-1.4726603,2.9453044,9.719504,0.1399163147358052
4.0,0.004976226291384761,-2.9453409,-7.470469e-07,-1.4726686,-1.4726686,-1.4726614,-1.4726626,2.9453044,9.719504,0.1402025837329976
4.0,0.004986226291384761,-2.9453442,3.5747388e-07,-1.4726663,-1.4726663,-1.4726615,-1.4726603,2.9453044,9.719504,0.14048885273019
4.0,0.004996226291384761,-2.9453409,-7.4704695e-07,-1.4726686,-1.4726686,-1.4726614,-1.4726626,2.9453044,9.719504,0.14077512172738238
4.0,0.005006226291384761,-2.9453442,3.5747394e-07,-1.4726663,-1.4726663,-1.4726615,-1.4726603,2.9453044,9.719504,0.14106139072457477
4.0,0.005016226291384761,-2.9453409,-7.47047e-07,-1.4726686,-1.4726686,-1.4726614,-1.4726626,2.9453044,9.719504,0.14134765972176716
4.0,0.005026226291384761,-2.9453442,3.5747397e-07,-1.4726663,-1.4726663,-1.4726615,-1.4726603,2.9453044,9.719504,0.14163392871895955
4.0,0.005036226291384761,-2.9453409,-7.4704707e-07,-1.4726686,-1.4726686,-1.4726614,-1.4726626,2.9453044,9.719504,0.14192019771615194
4.0,0.005046226291384761,-2.9453442,3.5747402e-07,-1.4726663,-1.4726663,-1.4726615,-1.4726603,2.9453044,9.719504,0.14220646671334433
4.0,0.005056226291384761,-2.9453409,-7.470471e-07,-1.4726686,-1.4726686,-1.4726614,-1.4726626,2.9453044,9.719504,0.14249273571053672
4.0,0.005066226291384761,-2.9453442,3.5747408e-07,-1.4726663,-1.4726663,-1.4726615,-1.4726603,2.9453044,9.719504,0.1427790047077291
4.0,0.0050762262913847615,-2.9453409,-7.470472e-07,-1.4726686,-1.4726686,-1.4726614,-1.4726626,2.9453044,9.719504,0.1430652737049215
4.0,0.005086226291384761,-2.9453442,3.5747414e-07,-1.4726663,-1.4726663,-1.4726615,-1.4726603,2.9453044,9.719504,0.1433515427021139
4.0,0.0050962262913847615,-2.9453409,-7.4704724e-07,-1.4726686,-1.4726686,-1.4726614,-1.4726626,2.9453044,9.719504,0.14363781169930628
4.0,0.005106226291384761,-2.9453442,3.574742e-07,-1.4726663,-1.4726663,-1.4726615,-1.4726603,2.9453044,9.719504,0.14392408069649865
4.0,0.005116226291384761,-2.9453409,-7.470473e-07,-1.4726686,-1.4726686,-1.4726614,-1.4726626,2.9453044,9.719504,0.14421034969369104
4.0,0.005126226291384761,-2.9453442,3.5747422e-07,-1.4726663,-1.4726663,-1.4726615,-1.4726603,2.9453044,9.719504,0.14449661869088343
4.0,0.005136226291384761,-2.9453409,-7.470473e-07,-1.4726686,-1.4726686,-1.4726614,-1.4726626,2.9453044,9.719504,0.14478288768807582
4.0,0.005146226291384761,-2.9453442,3.5747428e-07,-1.4726663,-1.4726663,-1.4726615,-1.4726603,2.9453044,9.719504,0.1450691566852682
4.0,0.005156226291384761,-2.9453409,-7.4704735e-07,-1.4726686,-1.4726686,-1.4726614,-1.4726626,2.9453044,9.719504,0.1453554256824606
4.0,0.005166226291384761,-2.9453442,3.5747433e-07,-1.4726663,-1.4726663,-1.4726615,-1.4726603,2.9453044,9.719504,0.145641694679653
4.0,0.005176226291384761,-2.9453409,-7.470474e-07,-1.4726686,-1.4726686,-1.4726614,-1.4726626,2.9453044,9.719504,0.14592796367684538
4.0,0.005186226291384761,-2.9453442,3.574744e-07,-1.4726663,-1.4726663,-1.4726615,-1.4726603,2.9453044,9.719504,0.14621423267403777
4.0,0.005196226291384761,-2.9453409,-7.4704747e-07,-1.4726686,-1.4726686,-1.4726614,-1.4726626,2.9453044,9.719504,0.14650050167123016
4.0,0.005206226291384761,-2.9453442,3.5747445e-07,-1.4726663,-1.4726663,-1.4726615,-1.4726603,2.9453044,9.719504,0.14678677066842255
4.0,0.005216226291384761,-2.9453409,-7.470475e-07,-1.4726686,-1.4726686,-1.4726614,-1.4726626,2.9453044,9.719504,0.14707303966561494
4.0,0.005226226291384761,-2.9453442,3.574745e-07,-1.4726663,-1.4726663,-1.4726615,-1.4726603,2.9453044,9.719504,0.14735930866280733
4.0,0.005236226291384761,-2.9453409,-7.470476e-07,-1.4726686,-1.4726686,-1.4726614,-1.4726626,2.9453044,9.719504,0.14764557765999972
4.0,0.0052462262913847615,-2.9453442,3.5747453e-07,-1.4726663,-1.4726663,-1.4726615,-1.4726603,2.9453044,9.719504,0.1479318466571921
4.0,0.005256226291384761,-2.9453409,-7.4704764e-07,-1.4726686,-1.4726686,-1.4726614,-1.4726626,2.9453044,9.719504,0.1482181156543845
4.0,0.0052662262913847615,-2.9453442,3.574746e-07,-1.4726663,-1.4726663,-1.4726615,-1.4726603,2.9453044,9.719504,0.1485043846515769
4.0,0.005276226291384761,-2.9453409,-7.470477e-07,-1.4726686,-1.4726686,-1.4726614,-1.4726626,2.9453044,9.719504,0.14879065364876926
4.0,0.005286226291384761,-2.9453442,3.5747465e-07,-1.4726663,-1.4726663,-1.4726615,-1.4726603,2.9453044,9.719504,0.14907692264596165
4.0,0.005296226291384761,-2.9453409,-7.4704775e-07,-1.4726686,-1.4726686,-1.4726614,-1.4726626,2.9453044,9.719504,0.14936319164315404
4.0,0.005306226291384761,-2.9453442,3.574747e-07,-1.4726663,-1.4726663,-1.4726615,-1.4726603,2.9453044,9.719504,0.14964946064034643
4.0,0.005316226291384761,-2.9453409,-7.470478e-07,-1.4726686,-1.4726686,-1.4726614,-1.4726626,2.9453044,9.719504,0.14993572963753882
4.0,0.005326226291384761,-2.9453442,3.5747476e-07,-1.4726663,-1.4726663,-1.4726615,-1.4726603,2.9453044,9.719504,0.1502219986347312
4.0,0.005336226291384761,-2.9453409,-7.4704786e-07,-1.4726686,-1.4726686,-1.4726614,-1.4726626,2.9453044,9.719504,0.1505082676319236
4.0,0.005346226291384761,-2.9453442,3.5747482e-07,-1.4726663,-1.4726663,-1.4726615,-1.4726603,2.9453044,9.719504,0.150794536629116
4.0,0.005356226291384761,-2.9453409,-7.470479e-07,-1.4726686,-1.4726686,-1.4726614,-1.4726626,2.9453044,9.719504,0.15108080562630838
4.0,0.005366226291384761,-2.9453442,3.5747487e-07,-1.4726663,-1.4726663,-1.4726615,-1.4726603,2.9453044,9.719504,0.15136707462350077
4.0,0.005376226291384761,-2.9453409,-7.47048e-07,-1.4726686,-1.4726686,-1.4726614,-1.4726626,2.9453044,9.719504,0.15165334362069316
4.0,0.005386226291384761,-2.9453442,3.5747493e-07,-1.4726663,-1.4726663,-1.4726615,-1.4726603,2.9453044,9.719504,0.15193961261788555
4.0,0.005396226291384761,-2.9453409,-7.4704803e-07,-1.4726686,-1.4726686,-1.4726614,-1.4726626,2.9453044,9.719504,0.15222588161507794
4.0,0.005406226291384761,-2.9453442,3.57475e-07,-1.4726663,-1.4726663,-1.4726615,-1.4726603,2.9453044,9.719504,0.15251215061227033
4.0,0.0054162262913847615,-2.9453409,-7.470481e-07,-1.4726686,-1.4726686,-1.4726614,-1.4726626,2.9453044,9.719504,0.15279841960946272
4.0,0.005426226291384761,-2.9453442,3.5747505e-07,-1.4726663,-1.4726663,-1.4726615,-1.4726603,2.9453044,9.719504,0.15308468860665508
4.0,0.005436226291384761,-2.9453409,-7.4704815e-07,-1.4726686,-1.4726686,-1.4726614,-1.4726626,2.9453044,9.719504,0.15337095760384747
4.0,0.005446226291384761,-2.9453442,3.574751e-07,-1.4726663,-1.4726663,-1.4726615,-1.4726603,2.9453044,9.719504,0.15365722660103986
4.0,0.005456226291384761,-2.9453409,-7.470482e-07,-1.4726686,-1.4726686,-1.4726614,-1.4726626,2.9453044,9.719504,0.15394349559823226
4.0,0.005466226291384761,-2.9453442,3.5747516e-07,-1.4726663,-1.4726663,-1.4726615,-1.4726603,2.9453044,9.719504,0.15422976459542465
4.0,0.005476226291384761,-2.9453409,-7.4704826e-07,-1.4726686,-1.4726686,-1.4726614,-1.4726626,2.9453044,9.719504,0.15451603359261704
4.0,0.005486226291384761,-2.9453442,3.5747522e-07,-1.4726663,-1.4726663,-1.4726615,-1.4726603,2.9453044,9.719504,0.15480230258980943
4.0,0.005496226291384761,-2.9453409,-7.470483e-07,-1.4726686,-1.4726686,-1.4726614,-1.4726626,2.9453044,9.719504,0.15508857158700182
4.0,0.005506226291384761,-2.9453442,3.5747527e-07,-1.4726663,-1.4726663,-1.4726615,-1.4726603,2.9453044,9.719504,0.1553748405841942
4.0,0.005516226291384761,-2.9453409,-7.470484e-07,-1.4726686,-1.4726686,-1.4726614,-1.4726626,2.9453044,9.719504,0.1556611095813866
4.0,0.005526226291384761,-2.9453442,3.5747533e-07,-1.4726663,-1.4726663,-1.4726615,-1.4726603,2.9453044,9.719504,0.155947378578579
4.0,0.005536226291384761,-2.9453409,-7.4704843e-07,-1.4726686,-1.4726686,-1.4726614,-1.4726626,2.9453044,9.719504,0.15623364757577138
4.0,0.005546226291384761,-2.9453442,3.5747536e-07,-1.4726663,-1.4726663,-1.4726615,-1.4726603,2.9453044,9.719504,0.15651991657296377
4.0,0.005556226291384761,-2.9453409,-7.470485e-07,-1.4726686,-1.4726686,-1.4726614,-1.4726626,2.9453044,9.719504,0.15680618557015616
4.0,0.0055662262913847614,-2.9453442,3.5747541e-07,-1.4726663,-1.4726663,-1.4726615,-1.4726603,2.9453044,9.719504,0.15709245456734855
4.0,0.005576226291384761,-2.9453409,-7.4704855e-07,-1.4726686,-1.4726686,-1.4726614,-1.4726626,2.9453044,9.719504,0.15737872356454094
4.0,0.0055862262913847615,-2.9453442,3.574755e-07,-1.4726663,-1.4726663,-1.4726615,-1.4726603,2.9453044,9.719504,0.15766499256173333
4.0,0.005596226291384761,-2.9453409,-7.470486e-07,-1.4726686,-1.4726686,-1.4726614,-1.4726626,2.9453044,9.719504,0.1579512615589257
4.0,0.005606226291384761,-2.9453442,3.5747556e-07,-1.4726663,-1.4726663,-1.4726615,-1.4726603,2.9453044,9.719504,0.15823753055611808
4.0,0.005616226291384761,-2.9453409,-7.4704866e-07,-1.4726686,-1.4726686,-1.4726614,-1.4726626,2.9453044,9.719504,0.15852379955331047
4.0,0.005626226291384761,-2.9453442,3.574756e-07,-1.4726663,-1.4726663,-1.4726615,-1.4726603,2.9453044,9.719504,0.15881006855050286
4.0,0.005636226291384761,-2.9453409,-7.470487e-07,-1.4726686,-1.4726686,-1.4726614,-1.4726626,2.9453044,9.719504,0.15909633754769525
4.0,0.005646226291384761,-2.9453442,3.5747567e-07,-1.4726663,-1.4726663,-1.4726615,-1.4726603,2.9453044,9.719504,0.15938260654488765
4.0,0.005656226291384761,-2.9453409,-7.470488e-07,-1.4726686,-1.4726686,-1.4726614,-1.4726626,2.9453044,9.719504,0.15966887554208004
4.0,0.005666226291384761,-2.9453442,3.5747573e-07,-1.4726663,-1.4726663,-1.4726615,-1.4726603,2.9453044,9.719504,0.15995514453927243
4.0,0.005676226291384761,-2.9453409,-7.4704883e-07,-1.4726686,-1.4726686,-1.4726614,-1.4726626,2.9453044,9.719504,0.16024141353646482
4.0,0.005686226291384761,-2.9453442,3.5747578e-07,-1.4726663,-1.4726663,-1.4726615,-1.4726603,2.9453044,9.719504,0.1605276825336572
4.0,0.005696226291384761,-2.9453409,-7.470489e-07,-1.4726686,-1.4726686,-1.4726614,-1.4726626,2.9453044,9.719504,0.1608139515308496
4.0,0.005706226291384761,-2.9453442,3.5747584e-07,-1.4726663,-1.4726663,-1.4726615,-1.4726603,2.9453044,9.719504,0.161100220528042
4.0,0.005716226291384761,-2.9453409,-7.4704894e-07,-1.4726686,-1.4726686,-1.4726614,-1.4726626,2.9453044,9.719504,0.16138648952523438
4.0,0.005726226291384761,-2.9453442,3.574759e-07,-1.4726663,-1.4726663,-1.4726615,-1.4726603,2.9453044,9.719504,0.16167275852242677
4.0,0.0057362262913847615,-2.9453409,-7.47049e-07,-1.4726686,-1.4726686,-1.4726614,-1.4726626,2.9453044,9.719504,0.16195902751961916
4.0,0.005746226291384761,-2.9453442,3.5747595e-07,-1.4726663,-1.4726663,-1.4726615,-1.4726603,2.9453044,9.719504,0.16224529651681152
4.0,0.005756226291384761,-2.9453409,-7.4704906e-07,-1.4726686,-1.4726686,-1.4726614,-1.4726626,2.9453044,9.719504,0.1625315655140039
4.0,0.005766226291384761,-2.9453442,3.57476e-07,-1.4726663,-1.4726663,-1.4726615,-1.4726603,2.9453044,9.719504,0.1628178345111963
4.0,0.005776226291384761,-2.9453409,-7.470491e-07,-1.4726686,-1.4726686,-1.4726614,-1.4726626,2.9453044,9.719504,0.1631041035083887
4.0,0.005786226291384761,-2.9453442,3.5747607e-07,-1.4726663,-1.4726663,-1.4726615,-1.4726603,2.9453044,9.719504,0.16339037250558108
4.0,0.005796226291384761,-2.9453409,-7.4704917e-07,-1.4726686,-1.4726686,-1.4726614,-1.4726626,2.9453044,9.719504,0.16367664150277347
4.0,0.005806226291384761,-2.9453442,3.5747613e-07,-1.4726663,-1.4726663,-1.4726615,-1.4726603,2.9453044,9.719504,0.16396291049996586
4.0,0.005816226291384761,-2.9453409,-7.470492e-07,-1.4726686,-1.4726686,-1.4726614,-1.4726626,2.9453044,9.719504,0.16424917949715825
4.0,0.005826226291384761,-2.9453442,3.5747618e-07,-1.4726663,-1.4726663,-1.4726615,-1.4726603,2.9453044,9.719504,0.16453544849435064
4.0,0.005836226291384761,-2.9453409,-7.470493e-07,-1.4726686,-1.4726686,-1.4726614,-1.4726626,2.9453044,9.719504,0.16482171749154303
4.0,0.005846226291384761,-2.9453442,3.5747624e-07,-1.4726663,-1.4726663,-1.4726615,-1.4726603,2.9453044,9.719504,0.16510798648873543
4.0,0.005856226291384761,-2.9453409,-7.4704934e-07,-1.4726686,-1.4726686,-1.4726614,-1.4726626,2.9453044,9.719504,0.16539425548592782
4.0,0.005866226291384761,-2.9453442,3.574763e-07,-1.4726663,-1.4726663,-1.4726615,-1.4726603,2.9453044,9.719504,0.1656805244831202
4.0,0.005876226291384761,-2.9453409,-7.470494e-07,-1.4726686,-1.4726686,-1.4726614,-1.4726626,2.9453044,9.719504,0.1659667934803126
4.0,0.005886226291384761,-2.9453442,3.5747638e-07,-1.4726663,-1.4726663,-1.4726615,-1.4726603,2.9453044,9.719504,0.166253062477505
4.0,0.005896226291384761,-2.9453409,-7.4704946e-07,-1.4726686,-1.4726686,-1.4726614,-1.4726626,2.9453044,9.719504,0.16653933147469738
4.0,0.0059062262913847615,-2.9453442,3.5747644e-07,-1.4726663,-1.4726663,-1.4726615,-1.4726603,2.9453044,9.719504,0.16682560047188977
4.0,0.005916226291384761,-2.9453409,-7.470495e-07,-1.4726686,-1.4726686,-1.4726614,-1.4726626,2.9453044,9.719504,0.16711186946908213
4.0,0.005926226291384761,-2.9453442,3.574765e-07,-1.4726663,-1.4726663,-1.4726615,-1.4726603,2.9453044,9.719504,0.16739813846627452
4.0,0.005936226291384761,-2.9453409,-7.4704957e-07,-1.4726686,-1.4726686,-1.4726614,-1.4726626,2.9453044,9.719504,0.1676844074634669
4.0,0.005946226291384761,-2.9453442,3.5747655e-07,-1.4726663,-1.4726663,-1.4726615,-1.4726603,2.9453044,9.719504,0.1679706764606593
4.0,0.005956226291384761,-2.9453409,-7.470496e-07,-1.4726686,-1.4726686,-1.4726614,-1.4726626,2.9453044,9.719504,0.1682569454578517
4.0,0.005966226291384761,-2.9453442,3.574766e-07,-1.4726663,-1.4726663,-1.4726615,-1.4726603,2.9453044,9.719504,0.16854321445504408
4.0,0.005976226291384761,-2.9453409,-7.4704974e-07,-1.4726686,-1.4726686,-1.4726614,-1.4726626,2.9453044,9.719504,0.16882948345223647
4.0,0.005986226291384761,-2.9453442,3.5747667e-07,-1.4726663,-1.4726663,-1.4726615,-1.4726603,2.9453044,9.719504,0.16911575244942886
4.0,0.005996226291384761,-2.9453409,-7.470498e-07,-1.4726686,-1.4726686,-1.4726614,-1.4726626,2.9453044,9.719504,0.16940202144662125
4.0,0.006006226291384761,-2.9453442,3.5747672e-07,-1.4726663,-1.4726663,-1.4726615,-1.4726603,2.9453044,9.719504,0.16968829044381364
4.0,0.006016226291384761,-2.9453409,-7.4704985e-07,-1.4726686,-1.4726686,-1.4726614,-1.4726626,2.9453044,9.719504,0.16997455944100603
4.0,0.006026226291384761,-2.9453442,3.574768e-07,-1.4726663,-1.4726663,-1.4726615,-1.4726603,2.9453044,9.719504,0.17026082843819842
4.0,0.006036226291384761,-2.9453409,-7.470499e-07,-1.4726686,-1.4726686,-1.4726614,-1.4726626,2.9453044,9.719504,0.17054709743539082
4.0,0.006046226291384761,-2.9453442,3.5747686e-07,-1.4726663,-1.4726663,-1.4726615,-1.4726603,2.9453044,9.719504,0.1708333664325832
4.0,0.006056226291384761,-2.9453409,-7.4704997e-07,-1.4726686,-1.4726686,-1.4726614,-1.4726626,2.9453044,9.719504,0.1711196354297756
4.0,0.006066226291384761,-2.9453442,3.5747692e-07,-1.4726663,-1.4726663,-1.4726615,-1.4726603,2.9453044,9.719504,0.17140590442696796
4.0,0.006076226291384761,-2.9453409,-7.4705e-07,-1.4726686,-1.4726686,-1.4726614,-1.4726626,2.9453044,9.719504,0.17169217342416035
4.0,0.006086226291384761,-2.9453442,3.5747698e-07,-1.4726663,-1.4726663,-1.4726615,-1.4726603,2.9453044,9.719504,0.17197844242135274
4.0,0.006096226291384761,-2.9453409,-7.470501e-07,-1.4726686,-1.4726686,-1.4726614,-1.4726626,2.9453044,9.719504,0.17226471141854513
4.0,0.006106226291384761,-2.9453442,3.5747703e-07,-1.4726663,-1.4726663,-1.4726615,-1.4726603,2.9453044,9.719504,0.17255098041573752
4.0,0.006116226291384761,-2.9453409,-7.4705014e-07,-1.4726686,-1.4726686,-1.4726614,-1.4726626,2.9453044,9.719504,0.1728372494129299
4.0,0.006126226291384761,-2.9453442,3.574771e-07,-1.4726663,-1.4726663,-1.4726615,-1.4726603,2.9453044,9.719504,0.1731235184101223
4.0,0.006136226291384761,-2.9453409,-7.470502e-07,-1.4726686,-1.4726686,-1.4726614,-1.4726626,2.9453044,9.719504,0.1734097874073147
4.0,0.006146226291384761,-2.9453442,3.5747718e-07,-1.4726663,-1.4726663,-1.4726615,-1.4726603,2.9453044,9.719504,0.17369605640450708
4.0,0.006156226291384761,-2.9453409,-7.4705025e-07,-1.4726686,-1.4726686,-1.4726614,-1.4726626,2.9453044,9.719504,0.17398232540169947
4.0,0.006166226291384761,-2.9453442,3.5747723e-07,-1.4726663,-1.4726663,-1.4726615,-1.4726603,2.9453044,9.719504,0.17426859439889186
4.0,0.006176226291384761,-2.9453409,-7.470503e-07,-1.4726686,-1.4726686,-1.4726614,-1.4726626,2.9453044,9.719504,0.17455486339608425
4.0,0.006186226291384761,-2.9453442,3.574773e-07,-1.4726663,-1.4726663,-1.4726615,-1.4726603,2.9453044,9.719504,0.17484113239327664
4.0,0.006196226291384761,-2.9453409,-7.470504e-07,-1.4726686,-1.4726686,-1.4726614,-1.4726626,2.9453044,9.719504,0.17512740139046903
4.0,0.006206226291384761,-2.9453442,3.5747735e-07,-1.4726663,-1.4726663,-1.4726615,-1.4726603,2.9453044,9.719504,0.17541367038766142
4.0,0.006216226291384761,-2.9453409,-7.470505e-07,-1.4726686,-1.4726686,-1.4726614,-1.4726626,2.9453044,9.719504,0.17569993938485381
4.0,0.0062262262913847614,-2.9453442,3.574774e-07,-1.4726663,-1.4726663,-1.4726615,-1.4726603,2.9453044,9.719504,0.1759862083820462
4.0,0.006236226291384761,-2.9453409,-7.4705054e-07,-1.4726686,-1.4726686,-1.4726614,-1.4726626,2.9453044,9.719504,0.17627247737923857
4.0,0.006246226291384761,-2.9453442,3.574775e-07,-1.4726663,-1.4726663,-1.4726615,-1.4726603,2.9453044,9.719504,0.17655874637643096
4.0,0.006256226291384761,-2.9453409,-7.470506e-07,-1.4726686,-1.4726686,-1.4726614,-1.4726626,2.9453044,9.719504,0.17684501537362335
4.0,0.006266226291384761,-2.9453442,3.5747755e-07,-1.4726663,-1.4726663,-1.4726615,-1.4726603,2.9453044,9.719504,0.17713128437081574
4.0,0.006276226291384761,-2.9453409,-7.4705065e-07,-1.4726686,-1.4726686,-1.4726614,-1.4726626,2.9453044,9.719504,0.17741755336800813
4.0,0.006286226291384761,-2.9453442,3.574776e-07,-1.4726663,-1.4726663,-1.4726615,-1.4726603,2.9453044,9.719504,0.17770382236520052
4.0,0.006296226291384761,-2.9453409,-7.470507e-07,-1.4726686,-1.4726686,-1.4726614,-1.4726626,2.9453044,9.719504,0.1779900913623929
4.0,0.006306226291384761,-2.9453442,3.5747766e-07,-1.4726663,-1.4726663,-1.4726615,-1.4726603,2.9453044,9.719504,0.1782763603595853
4.0,0.006316226291384761,-2.9453409,-7.4705076e-07,-1.4726686,-1.4726686,-1.4726614,-1.4726626,2.9453044,9.719504,0.1785626293567777
4.0,0.006326226291384761,-2.9453442,3.5747775e-07,-1.4726663,-1.4726663,-1.4726615,-1.4726603,2.9453044,9.719504,0.17884889835397008
4.0,0.006336226291384761,-2.9453409,-7.470508e-07,-1.4726686,-1.4726686,-1.4726614,-1.4726626,2.9453044,9.719504,0.17913516735116247
4.0,0.006346226291384761,-2.9453442,3.574778e-07,-1.4726663,-1.4726663,-1.4726615,-1.4726603,2.9453044,9.719504,0.17942143634835486
4.0,0.006356226291384761,-2.9453409,-7.470509e-07,-1.4726686,-1.4726686,-1.4726614,-1.4726626,2.9453044,9.719504,0.17970770534554725
4.0,0.006366226291384761,-2.9453442,3.5747786e-07,-1.4726663,-1.4726663,-1.4726615,-1.4726603,2.9453044,9.719504,0.17999397434273964
4.0,0.006376226291384761,-2.9453409,-7.47051e-07,-1.4726686,-1.4726686,-1.4726614,-1.4726626,2.9453044,9.719504,0.18028024333993203
4.0,0.006386226291384761,-2.9453442,3.5747792e-07,-1.4726663,-1.4726663,-1.4726615,-1.4726603,2.9453044,9.719504,0.1805665123371244
4.0,0.006396226291384761,-2.9453409,-7.4705105e-07,-1.4726686,-1.4726686,-1.4726614,-1.4726626,2.9453044,9.719504,0.1808527813343168
4.0,0.006406226291384761,-2.9453442,3.57478e-07,-1.4726663,-1.4726663,-1.4726615,-1.4726603,2.9453044,9.719504,0.18113905033150918
4.0,0.006416226291384761,-2.9453409,-7.470511e-07,-1.4726686,-1.4726686,-1.4726614,-1.4726626,2.9453044,9.719504,0.18142531932870157
4.0,0.006426226291384761,-2.9453442,3.5747806e-07,-1.4726663,-1.4726663,-1.4726615,-1.4726603,2.9453044,9.719504,0.18171158832589396
4.0,0.006436226291384761,-2.9453409,-7.4705116e-07,-1.4726686,-1.4726686,-1.4726614,-1.4726626,2.9453044,9.719504,0.18199785732308635
4.0,0.006446226291384761,-2.9453442,3.5747811e-07,-1.4726663,-1.4726663,-1.4726615,-1.4726603,2.9453044,9.719504,0.18228412632027874
4.0,0.006456226291384761,-2.9453409,-7.470512e-07,-1.4726686,-1.4726686,-1.4726614,-1.4726626,2.9453044,9.719504,0.18257039531747113
4.0,0.006466226291384761,-2.9453442,3.5747817e-07,-1.4726663,-1.4726663,-1.4726615,-1.4726603,2.9453044,9.719504,0.18285666431466352
4.0,0.006476226291384761,-2.9453409,-7.470513e-07,-1.4726686,-1.4726686,-1.4726614,-1.4726626,2.9453044,9.719504,0.1831429333118559
4.0,0.006486226291384761,-2.9453442,3.5747826e-07,-1.4726663,-1.4726663,-1.4726615,-1.4726603,2.9453044,9.719504,0.1834292023090483
4.0,0.006496226291384761,-2.9453409,-7.4705133e-07,-1.4726686,-1.4726686,-1.4726614,-1.4726626,2.9453044,9.719504,0.1837154713062407
4.0,0.006506226291384761,-2.9453442,3.574783e-07,-1.4726663,-1.4726663,-1.4726615,-1.4726603,2.9453044,9.719504,0.18400174030343308
4.0,0.006516226291384761,-2.9453409,-7.4705144e-07,-1.4726686,-1.4726686,-1.4726614,-1.4726626,2.9453044,9.719504,0.18428800930062547
4.0,0.006526226291384761,-2.9453442,3.5747837e-07,-1.4726663,-1.4726663,-1.4726615,-1.4726603,2.9453044,9.719504,0.18457427829781786
4.0,0.006536226291384761,-2.9453409,-7.470515e-07,-1.4726686,-1.4726686,-1.4726614,-1.4726626,2.9453044,9.719504,0.18486054729501025
4.0,0.006546226291384761,-2.9453442,3.5747846e-07,-1.4726663,-1.4726663,-1.4726615,-1.4726603,2.9453044,9.719504,0.18514681629220264
4.0,0.006556226291384761,-2.9453409,-7.4705156e-07,-1.4726686,-1.4726686,-1.4726614,-1.4726626,2.9453044,9.719504,0.185433085289395
4.0,0.006566226291384761,-2.9453442,3.574785e-07,-1.4726663,-1.4726663,-1.4726615,-1.4726603,2.9453044,9.719504,0.1857193542865874
4.0,0.006576226291384761,-2.9453409,-7.470516e-07,-1.4726686,-1.4726686,-1.4726614,-1.4726626,2.9453044,9.719504,0.1860056232837798
4.0,0.006586226291384761,-2.9453442,3.5747857e-07,-1.4726663,-1.4726663,-1.4726615,-1.4726603,2.9453044,9.719504,0.18629189228097218
4.0,0.006596226291384761,-2.9453409,-7.470517e-07,-1.4726686,-1.4726686,-1.4726614,-1.4726626,2.9453044,9.719504,0.18657816127816457
4.0,0.006606226291384761,-2.9453442,3.5747865e-07,-1.4726663,-1.4726663,-1.4726615,-1.4726603,2.9453044,9.719504,0.18686443027535696
4.0,0.006616226291384761,-2.9453409,-7.4705173e-07,-1.4726686,-1.4726686,-1.4726614,-1.4726626,2.9453044,9.719504,0.18715069927254935
4.0,0.006626226291384761,-2.9453442,3.574787e-07,-1.4726663,-1.4726663,-1.4726615,-1.4726603,2.9453044,9.719504,0.18743696826974174
4.0,0.006636226291384761,-2.9453409,-7.4705184e-07,-1.4726686,-1.4726686,-1.4726614,-1.4726626,2.9453044,9.719504,0.18772323726693413
4.0,0.006646226291384761,-2.9453442,3.5747877e-07,-1.4726663,-1.4726663,-1.4726615,-1.4726603,2.9453044,9.719504,0.18800950626412652
4.0,0.006656226291384761,-2.9453409,-7.470519e-07,-1.4726686,-1.4726686,-1.4726614,-1.4726626,2.9453044,9.719504,0.1882957752613189
4.0,0.006666226291384761,-2.9453442,3.5747885e-07,-1.4726663,-1.4726663,-1.4726615,-1.4726603,2.9453044,9.719504,0.1885820442585113
4.0,0.006676226291384761,-2.9453409,-7.4705196e-07,-1.4726686,-1.4726686,-1.4726614,-1.4726626,2.9453044,9.719504,0.1888683132557037
4.0,0.006686226291384761,-2.9453442,3.574789e-07,-1.4726663,-1.4726663,-1.4726615,-1.4726603,2.9453044,9.719504,0.18915458225289608
4.0,0.006696226291384761,-2.9453409,-7.47052e-07,-1.4726686,-1.4726686,-1.4726614,-1.4726626,2.9453044,9.719504,0.18944085125008847
4.0,0.006706226291384761,-2.9453442,3.5747897e-07,-1.4726663,-1.4726663,-1.4726615,-1.4726603,2.9453044,9.719504,0.18972712024728083
4.0,0.0067162262913847606,-2.9453409,-7.4705207e-07,-1.4726686,-1.4726686,-1.4726614,-1.4726626,2.9453044,9.719504,0.19001338924447322
4.0,0.006726226291384761,-2.9453442,3.5747905e-07,-1.4726663,-1.4726663,-1.4726615,-1.4726603,2.9453044,9.719504,0.19029965824166561
4.0,0.006736226291384761,-2.9453409,-7.470521e-07,-1.4726686,-1.4726686,-1.4726614,-1.4726626,2.9453044,9.719504,0.190585927238858
4.0,0.006746226291384761,-2.9453442,3.574791e-07,-1.4726663,-1.4726663,-1.4726615,-1.4726603,2.9453044,9.719504,0.1908721962360504
4.0,0.006756226291384761,-2.9453409,-7.4705224e-07,-1.4726686,-1.4726686,-1.4726614,-1.4726626,2.9453044,9.719504,0.19115846523324279
4.0,0.006766226291384761,-2.9453442,3.5747917e-07,-1.4726663,-1.4726663,-1.4726615,-1.4726603,2.9453044,9.719504,0.19144473423043518
4.0,0.006776226291384761,-2.9453409,-7.470523e-07,-1.4726686,-1.4726686,-1.4726614,-1.4726626,2.9453044,9.719504,0.19173100322762757
4.0,0.006786226291384761,-2.9453442,3.5747925e-07,-1.4726663,-1.4726663,-1.4726615,-1.4726603,2.9453044,9.719504,0.19201727222481996
4.0,0.006796226291384761,-2.9453409,-7.4705235e-07,-1.4726686,-1.4726686,-1.4726614,-1.4726626,2.9453044,9.719504,0.19230354122201235
4.0,0.006806226291384761,-2.9453442,3.574793e-07,-1.4726663,-1.4726663,-1.4726615,-1.4726603,2.9453044,9.719504,0.19258981021920474
4.0,0.006816226291384761,-2.9453409,-7.470524e-07,-1.4726686,-1.4726686,-1.4726614,-1.4726626,2.9453044,9.719504,0.19287607921639713
4.0,0.006826226291384761,-2.9453442,3.5747937e-07,-1.4726663,-1.4726663,-1.4726615,-1.4726603,2.9453044,9.719504,0.19316234821358952
4.0,0.006836226291384761,-2.9453409,-7.4705247e-07,-1.4726686,-1.4726686,-1.4726614,-1.4726626,2.9453044,9.719504,0.1934486172107819
4.0,0.006846226291384761,-2.9453442,3.5747945e-07,-1.4726663,-1.4726663,-1.4726615,-1.4726603,2.9453044,9.719504,0.1937348862079743
4.0,0.006856226291384761,-2.9453409,-7.470525e-07,-1.4726686,-1.4726686,-1.4726614,-1.4726626,2.9453044,9.719504,0.1940211552051667
4.0,0.006866226291384761,-2.9453442,3.574795e-07,-1.4726663,-1.4726663,-1.4726615,-1.4726603,2.9453044,9.719504,0.19430742420235908
4.0,0.006876226291384761,-2.9453409,-7.4705264e-07,-1.4726686,-1.4726686,-1.4726614,-1.4726626,2.9453044,9.719504,0.19459369319955144
4.0,0.006886226291384761,-2.9453442,3.5747956e-07,-1.4726663,-1.4726663,-1.4726615,-1.4726603,2.9453044,9.719504,0.19487996219674383
4.0,0.006896226291384761,-2.9453409,-7.470527e-07,-1.4726686,-1.4726686,-1.4726614,-1.4726626,2.9453044,9.719504,0.19516623119393622
4.0,0.006906226291384761,-2.9453442,3.5747965e-07,-1.4726663,-1.4726663,-1.4726615,-1.4726603,2.9453044,9.719504,0.19545250019112861
4.0,0.006916226291384761,-2.9453409,-7.4705275e-07,-1.4726686,-1.4726686,-1.4726614,-1.4726626,2.9453044,9.719504,0.195738769188321
4.0,0.006926226291384761,-2.9453442,3.574797e-07,-1.4726663,-1.4726663,-1.4726615,-1.4726603,2.9453044,9.719504,0.1960250381855134
4.0,0.006936226291384761,-2.9453409,-7.470528e-07,-1.4726686,-1.4726686,-1.4726614,-1.4726626,2.9453044,9.719504,0.19631130718270579
4.0,0.006946226291384761,-2.9453442,3.574798e-07,-1.4726663,-1.4726663,-1.4726615,-1.4726603,2.9453044,9.719504,0.19659757617989818
4.0,0.006956226291384761,-2.9453409,-7.4705287e-07,-1.4726686,-1.4726686,-1.4726614,-1.4726626,2.9453044,9.719504,0.19688384517709057
4.0,0.006966226291384761,-2.9453442,3.5747985e-07,-1.4726663,-1.4726663,-1.4726615,-1.4726603,2.9453044,9.719504,0.19717011417428296
4.0,0.006976226291384761,-2.9453409,-7.47053e-07,-1.4726686,-1.4726686,-1.4726614,-1.4726626,2.9453044,9.719504,0.19745638317147535
4.0,0.006986226291384761,-2.9453442,3.574799e-07,-1.4726663,-1.4726663,-1.4726615,-1.4726603,2.9453044,9.719504,0.19774265216866774
4.0,0.006996226291384761,-2.9453409,-7.4705304e-07,-1.4726686,-1.4726686,-1.4726614,-1.4726626,2.9453044,9.719504,0.19802892116586013
4.0,0.007006226291384761,-2.9453442,3.5748e-07,-1.4726663,-1.4726663,-1.4726615,-1.4726603,2.9453044,9.719504,0.19831519016305252
4.0,0.007016226291384761,-2.9453409,-7.470531e-07,-1.4726686,-1.4726686,-1.4726614,-1.4726626,2.9453044,9.719504,0.1986014591602449
4.0,0.007026226291384761,-2.9453442,3.5748005e-07,-1.4726663,-1.4726663,-1.4726615,-1.4726603,2.9453044,9.719504,0.19888772815743727
4.0,0.0070362262913847605,-2.9453409,-7.4705315e-07,-1.4726686,-1.4726686,-1.4726614,-1.4726626,2.9453044,9.719504,0.19917399715462966
4.0,0.007046226291384761,-2.9453442,3.5748013e-07,-1.4726663,-1.4726663,-1.4726615,-1.4726603,2.9453044,9.719504,0.19946026615182205
4.0,0.007056226291384761,-2.9453409,-7.470532e-07,-1.4726686,-1.4726686,-1.4726614,-1.4726626,2.9453044,9.719504,0.19974653514901444
4.0,0.007066226291384761,-2.9453442,3.574802e-07,-1.4726663,-1.4726663,-1.4726615,-1.4726603,2.9453044,9.719504,0.20003280414620683
4.0,0.007076226291384761,-2.9453409,-7.470533e-07,-1.4726686,-1.4726686,-1.4726614,-1.4726626,2.9453044,9.719504,0.20031907314339922
4.0,0.007086226291384761,-2.9453442,3.5748025e-07,-1.4726663,-1.4726663,-1.4726615,-1.4726603,2.9453044,9.719504,0.2006053421405916
4.0,0.007096226291384761,-2.9453409,-7.470534e-07,-1.4726686,-1.4726686,-1.4726614,-1.4726626,2.9453044,9.719504,0.200891611137784
4.0,0.007106226291384761,-2.9453442,3.5748033e-07,-1.4726663,-1.4726663,-1.4726615,-1.4726603,2.9453044,9.719504,0.2011778801349764
4.0,0.007116226291384761,-2.9453409,-7.4705343e-07,-1.4726686,-1.4726686,-1.4726614,-1.4726626,2.9453044,9.719504,0.20146414913216878
4.0,0.007126226291384761,-2.9453442,3.574804e-07,-1.4726663,-1.4726663,-1.4726615,-1.4726603,2.9453044,9.719504,0.20175041812936118
4.0,0.007136226291384761,-2.9453409,-7.470535e-07,-1.4726686,-1.4726686,-1.4726614,-1.4726626,2.9453044,9.719504,0.20203668712655357
4.0,0.007146226291384761,-2.9453442,3.5748047e-07,-1.4726663,-1.4726663,-1.4726615,-1.4726603,2.9453044,9.719504,0.20232295612374596
4.0,0.007156226291384761,-2.9453409,-7.4705355e-07,-1.4726686,-1.4726686,-1.4726614,-1.4726626,2.9453044,9.719504,0.20260922512093835
4.0,0.007166226291384761,-2.9453442,3.5748053e-07,-1.4726663,-1.4726663,-1.4726615,-1.4726603,2.9453044,9.719504,0.20289549411813074
4.0,0.007176226291384761,-2.9453409,-7.4705366e-07,-1.4726686,-1.4726686,-1.4726614,-1.4726626,2.9453044,9.719504,0.20318176311532313
4.0,0.007186226291384761,-2.9453442,3.5748062e-07,-1.4726663,-1.4726663,-1.4726615,-1.4726603,2.9453044,9.719504,0.20346803211251552
4.0,0.007196226291384761,-2.9453409,-7.470537e-07,-1.4726686,-1.4726686,-1.4726614,-1.4726626,2.9453044,9.719504,0.20375430110970788
4.0,0.0072062262913847605,-2.9453442,3.5748067e-07,-1.4726663,-1.4726663,-1.4726615,-1.4726603,2.9453044,9.719504,0.20404057010690027
4.0,0.007216226291384761,-2.9453409,-7.470538e-07,-1.4726686,-1.4726686,-1.4726614,-1.4726626,2.9453044,9.719504,0.20432683910409266
4.0,0.007226226291384761,-2.9453442,3.5748073e-07,-1.4726663,-1.4726663,-1.4726615,-1.4726603,2.9453044,9.719504,0.20461310810128505
4.0,0.007236226291384761,-2.9453409,-7.4705383e-07,-1.4726686,-1.4726686,-1.4726614,-1.4726626,2.9453044,9.719504,0.20489937709847744
4.0,0.007246226291384761,-2.9453442,3.5748081e-07,-1.4726663,-1.4726663,-1.4726615,-1.4726603,2.9453044,9.719504,0.20518564609566983
4.0,0.007256226291384761,-2.9453409,-7.4705395e-07,-1.4726686,-1.4726686,-1.4726614,-1.4726626,2.9453044,9.719504,0.20547191509286222
4.0,0.007266226291384761,-2.9453442,3.5748087e-07,-1.4726663,-1.4726663,-1.4726615,-1.4726603,2.9453044,9.719504,0.2057581840900546
4.0,0.007276226291384761,-2.9453409,-7.47054e-07,-1.4726686,-1.4726686,-1.4726614,-1.4726626,2.9453044,9.719504,0.206044453087247
4.0,0.007286226291384761,-2.9453442,3.5748096e-07,-1.4726663,-1.4726663,-1.4726615,-1.4726603,2.9453044,9.719504,0.2063307220844394
4.0,0.007296226291384761,-2.9453409,-7.4705406e-07,-1.4726686,-1.4726686,-1.4726614,-1.4726626,2.9453044,9.719504,0.20661699108163178
4.0,0.007306226291384761,-2.9453442,3.57481e-07,-1.4726663,-1.4726663,-1.4726615,-1.4726603,2.9453044,9.719504,0.20690326007882417
4.0,0.007316226291384761,-2.9453409,-7.470541e-07,-1.4726686,-1.4726686,-1.4726614,-1.4726626,2.9453044,9.719504,0.20718952907601657
4.0,0.007326226291384761,-2.9453442,3.574811e-07,-1.4726663,-1.4726663,-1.4726615,-1.4726603,2.9453044,9.719504,0.20747579807320896
4.0,0.007336226291384761,-2.9453409,-7.470542e-07,-1.4726686,-1.4726686,-1.4726614,-1.4726626,2.9453044,9.719504,0.20776206707040135
4.0,0.007346226291384761,-2.9453442,3.5748116e-07,-1.4726663,-1.4726663,-1.4726615,-1.4726603,2.9453044,9.719504,0.2080483360675937
4.0,0.0073562262913847605,-2.9453409,-7.470543e-07,-1.4726686,-1.4726686,-1.4726614,-1.4726626,2.9453044,9.719504,0.2083346050647861
4.0,0.007366226291384761,-2.9453442,3.5748124e-07,-1.4726663,-1.4726663,-1.4726615,-1.4726603,2.9453044,9.719504,0.2086208740619785
4.0,0.0073762262913847606,-2.9453409,-7.4705434e-07,-1.4726686,-1.4726686,-1.4726614,-1.4726626,2.9453044,9.719504,0.20890714305917088
4.0,0.007386226291384761,-2.9453442,3.574813e-07,-1.4726663,-1.4726663,-1.4726615,-1.4726603,2.9453044,9.719504,0.20919341205636327
4.0,0.007396226291384761,-2.9453409,-7.470544e-07,-1.4726686,-1.4726686,-1.4726614,-1.4726626,2.9453044,9.719504,0.20947968105355566
4.0,0.007406226291384761,-2.9453442,3.5748138e-07,-1.4726663,-1.4726663,-1.4726615,-1.4726603,2.9453044,9.719504,0.20976595005074805
4.0,0.007416226291384761,-2.9453409,-7.4705446e-07,-1.4726686,-1.4726686,-1.4726614,-1.4726626,2.9453044,9.719504,0.21005221904794044
4.0,0.007426226291384761,-2.9453442,3.5748144e-07,-1.4726663,-1.4726663,-1.4726615,-1.4726603,2.9453044,9.719504,0.21033848804513283
4.0,0.007436226291384761,-2.9453409,-7.4705457e-07,-1.4726686,-1.4726686,-1.4726614,-1.4726626,2.9453044,9.719504,0.21062475704232522
4.0,0.007446226291384761,-2.9453442,3.5748153e-07,-1.4726663,-1.4726663,-1.4726615,-1.4726603,2.9453044,9.719504,0.2109110260395176
4.0,0.007456226291384761,-2.9453409,-7.470546e-07,-1.4726686,-1.4726686,-1.4726614,-1.4726626,2.9453044,9.719504,0.21119729503671
4.0,0.007466226291384761,-2.9453442,3.5748158e-07,-1.4726663,-1.4726663,-1.4726615,-1.4726603,2.9453044,9.719504,0.2114835640339024
4.0,0.007476226291384761,-2.9453409,-7.470547e-07,-1.4726686,-1.4726686,-1.4726614,-1.4726626,2.9453044,9.719504,0.21176983303109478
4.0,0.007486226291384761,-2.9453442,3.5748164e-07,-1.4726663,-1.4726663,-1.4726615,-1.4726603,2.9453044,9.719504,0.21205610202828717
4.0,0.007496226291384761,-2.9453409,-7.4705474e-07,-1.4726686,-1.4726686,-1.4726614,-1.4726626,2.9453044,9.719504,0.21234237102547956
4.0,0.007506226291384761,-2.9453442,3.5748172e-07,-1.4726663,-1.4726663,-1.4726615,-1.4726603,2.9453044,9.719504,0.21262864002267196
4.0,0.007516226291384761,-2.9453409,-7.4705486e-07,-1.4726686,-1.4726686,-1.4726614,-1.4726626,2.9453044,9.719504,0.21291490901986432
4.0,0.0075262262913847605,-2.9453442,3.5748178e-07,-1.4726663,-1.4726663,-1.4726615,-1.4726603,2.9453044,9.719504,0.2132011780170567
4.0,0.007536226291384761,-2.9453409,-7.470549e-07,-1.4726686,-1.4726686,-1.4726614,-1.4726626,2.9453044,9.719504,0.2134874470142491
4.0,0.007546226291384761,-2.9453442,3.5748187e-07,-1.4726663,-1.4726663,-1.4726615,-1.4726603,2.9453044,9.719504,0.2137737160114415
4.0,0.007556226291384761,-2.9453409,-7.4705497e-07,-1.4726686,-1.4726686,-1.4726614,-1.4726626,2.9453044,9.719504,0.21405998500863388
4.0,0.007566226291384761,-2.9453442,3.5748192e-07,-1.4726663,-1.4726663,-1.4726615,-1.4726603,2.9453044,9.719504,0.21434625400582627
4.0,0.007576226291384761,-2.9453409,-7.47055e-07,-1.4726686,-1.4726686,-1.4726614,-1.4726626,2.9453044,9.719504,0.21463252300301866
4.0,0.007586226291384761,-2.9453442,3.57482e-07,-1.4726663,-1.4726663,-1.4726615,-1.4726603,2.9453044,9.719504,0.21491879200021105
4.0,0.007596226291384761,-2.9453409,-7.4705514e-07,-1.4726686,-1.4726686,-1.4726614,-1.4726626,2.9453044,9.719504,0.21520506099740344
4.0,0.007606226291384761,-2.9453442,3.5748207e-07,-1.4726663,-1.4726663,-1.4726615,-1.4726603,2.9453044,9.719504,0.21549132999459583
4.0,0.007616226291384761,-2.9453409,-7.470552e-07,-1.4726686,-1.4726686,-1.4726614,-1.4726626,2.9453044,9.719504,0.21577759899178822
4.0,0.007626226291384761,-2.9453442,3.5748215e-07,-1.4726663,-1.4726663,-1.4726615,-1.4726603,2.9453044,9.719504,0.2160638679889806
4.0,0.007636226291384761,-2.9453409,-7.4705525e-07,-1.4726686,-1.4726686,-1.4726614,-1.4726626,2.9453044,9.719504,0.216350136986173
4.0,0.007646226291384761,-2.9453442,3.574822e-07,-1.4726663,-1.4726663,-1.4726615,-1.4726603,2.9453044,9.719504,0.2166364059833654
4.0,0.007656226291384761,-2.9453409,-7.470553e-07,-1.4726686,-1.4726686,-1.4726614,-1.4726626,2.9453044,9.719504,0.21692267498055778
4.0,0.007666226291384761,-2.9453442,3.574823e-07,-1.4726663,-1.4726663,-1.4726615,-1.4726603,2.9453044,9.719504,0.21720894397775015
4.0,0.0076762262913847605,-2.9453409,-7.470554e-07,-1.4726686,-1.4726686,-1.4726614,-1.4726626,2.9453044,9.719504,0.21749521297494254
4.0,0.007686226291384761,-2.9453442,3.5748235e-07,-1.4726663,-1.4726663,-1.4726615,-1.4726603,2.9453044,9.719504,0.21778148197213493
4.0,0.0076962262913847605,-2.9453409,-7.470555e-07,-1.4726686,-1.4726686,-1.4726614,-1.4726626,2.9453044,9.719504,0.21806775096932732
4.0,0.007706226291384761,-2.9453442,3.5748243e-07,-1.4726663,-1.4726663,-1.4726615,-1.4726603,2.9453044,9.719504,0.2183540199665197
4.0,0.007716226291384761,-2.9453409,-7.4705554e-07,-1.4726686,-1.4726686,-1.4726614,-1.4726626,2.9453044,9.719504,0.2186402889637121
4.0,0.007726226291384761,-2.9453442,3.5748252e-07,-1.4726663,-1.4726663,-1.4726615,-1.4726603,2.9453044,9.719504,0.2189265579609045
4.0,0.007736226291384761,-2.9453409,-7.470556e-07,-1.4726686,-1.4726686,-1.4726614,-1.4726626,2.9453044,9.719504,0.21921282695809688
4.0,0.007746226291384761,-2.9453442,3.5748258e-07,-1.4726663,-1.4726663,-1.4726615,-1.4726603,2.9453044,9.719504,0.21949909595528927
4.0,0.007756226291384761,-2.9453409,-7.470557e-07,-1.4726686,-1.4726686,-1.4726614,-1.4726626,2.9453044,9.719504,0.21978536495248166
4.0,0.007766226291384761,-2.9453442,3.5748266e-07,-1.4726663,-1.4726663,-1.4726615,-1.4726603,2.9453044,9.719504,0.22007163394967405
4.0,0.007776226291384761,-2.9453409,-7.4705576e-07,-1.4726686,-1.4726686,-1.4726614,-1.4726626,2.9453044,9.719504,0.22035790294686644
4.0,0.007786226291384761,-2.9453442,3.5748272e-07,-1.4726663,-1.4726663,-1.4726615,-1.4726603,2.9453044,9.719504,0.22064417194405883
4.0,0.007796226291384761,-2.9453409,-7.470558e-07,-1.4726686,-1.4726686,-1.4726614,-1.4726626,2.9453044,9.719504,0.22093044094125122
4.0,0.007806226291384761,-2.9453442,3.574828e-07,-1.4726663,-1.4726663,-1.4726615,-1.4726603,2.9453044,9.719504,0.2212167099384436
4.0,0.00781622629138476,-2.9453409,-7.470559e-07,-1.4726686,-1.4726686,-1.4726614,-1.4726626,2.9453044,9.719504,0.22150297893563597
4.0,0.00782622629138476,-2.9453442,3.5748286e-07,-1.4726663,-1.4726663,-1.4726615,-1.4726603,2.9453044,9.719504,0.22178924793282834
4.0,0.00783622629138476,-2.9453409,-7.47056e-07,-1.4726686,-1.4726686,-1.4726614,-1.4726626,2.9453044,9.719504,0.22207551693002073
4.0,0.007846226291384761,-2.9453442,3.5748295e-07,-1.4726663,-1.4726663,-1.4726615,-1.4726603,2.9453044,9.719504,0.22236178592721312
4.0,0.007856226291384761,-2.9453409,-7.4705605e-07,-1.4726686,-1.4726686,-1.4726614,-1.4726626,2.9453044,9.719504,0.22264805492440548
4.0,0.00786622629138476,-2.9453442,3.57483e-07,-1.4726663,-1.4726663,-1.4726615,-1.4726603,2.9453044,9.719504,0.22293432392159784
4.0,0.00787622629138476,-2.9453409,-7.470561e-07,-1.4726686,-1.4726686,-1.4726614,-1.4726626,2.9453044,9.719504,0.22322059291879023
4.0,0.007886226291384761,-2.9453442,3.574831e-07,-1.4726663,-1.4726663,-1.4726615,-1.4726603,2.9453044,9.719504,0.22350686191598262
4.0,0.007896226291384761,-2.9453409,-7.4705616e-07,-1.4726686,-1.4726686,-1.4726614,-1.4726626,2.9453044,9.719504,0.223793130913175
4.0,0.00790622629138476,-2.9453442,3.5748315e-07,-1.4726663,-1.4726663,-1.4726615,-1.4726603,2.9453044,9.719504,0.22407939991036735
4.0,0.00791622629138476,-2.9453409,-7.470563e-07,-1.4726686,-1.4726686,-1.4726614,-1.4726626,2.9453044,9.719504,0.22436566890755974
4.0,0.007926226291384762,-2.9453442,3.5748323e-07,-1.4726663,-1.4726663,-1.4726615,-1.4726603,2.9453044,9.719504,0.22465193790475213
4.0,0.007936226291384761,-2.9453409,-7.4705633e-07,-1.4726686,-1.4726686,-1.4726614,-1.4726626,2.9453044,9.719504,0.2249382069019445
4.0,0.00794622629138476,-2.9453442,3.574833e-07,-1.4726663,-1.4726663,-1.4726615,-1.4726603,2.9453044,9.719504,0.22522447589913686
4.0,0.00795622629138476,-2.9453409,-7.470564e-07,-1.4726686,-1.4726686,-1.4726614,-1.4726626,2.9453044,9.719504,0.22551074489632925
4.0,0.007966226291384762,-2.9453442,3.5748337e-07,-1.4726663,-1.4726663,-1.4726615,-1.4726603,2.9453044,9.719504,0.22579701389352164
4.0,0.007976226291384761,-2.9453409,-7.470565e-07,-1.4726686,-1.4726686,-1.4726614,-1.4726626,2.9453044,9.719504,0.226083282890714
4.0,0.00798622629138476,-2.9453442,3.5748343e-07,-1.4726663,-1.4726663,-1.4726615,-1.4726603,2.9453044,9.719504,0.22636955188790636
4.0,0.00799622629138476,-2.9453409,-7.4705656e-07,-1.4726686,-1.4726686,-1.4726614,-1.4726626,2.9453044,9.719504,0.22665582088509872
4.0,0.00800622629138476,-2.9453442,3.5748351e-07,-1.4726663,-1.4726663,-1.4726615,-1.4726603,2.9453044,9.719504,0.22694208988229111
4.0,0.008016226291384761,-2.9453409,-7.470566e-07,-1.4726686,-1.4726686,-1.4726614,-1.4726626,2.9453044,9.719504,0.2272283588794835
4.0,0.008026226291384761,-2.9453442,3.574836e-07,-1.4726663,-1.4726663,-1.4726615,-1.4726603,2.9453044,9.719504,0.22751462787667587
4.0,0.00803622629138476,-2.9453409,-7.470567e-07,-1.4726686,-1.4726686,-1.4726614,-1.4726626,2.9453044,9.719504,0.22780089687386823
4.0,0.00804622629138476,-2.9453442,3.5748366e-07,-1.4726663,-1.4726663,-1.4726615,-1.4726603,2.9453044,9.719504,0.22808716587106062
4.0,0.008056226291384761,-2.9453409,-7.470568e-07,-1.4726686,-1.4726686,-1.4726614,-1.4726626,2.9453044,9.719504,0.228373434868253
4.0,0.008066226291384761,-2.9453442,3.5748374e-07,-1.4726663,-1.4726663,-1.4726615,-1.4726603,2.9453044,9.719504,0.22865970386544537
4.0,0.00807622629138476,-2.9453409,-7.4705684e-07,-1.4726686,-1.4726686,-1.4726614,-1.4726626,2.9453044,9.719504,0.22894597286263774
4.0,0.00808622629138476,-2.9453442,3.574838e-07,-1.4726663,-1.4726663,-1.4726615,-1.4726603,2.9453044,9.719504,0.22923224185983013
4.0,0.008096226291384762,-2.9453409,-7.470569e-07,-1.4726686,-1.4726686,-1.4726614,-1.4726626,2.9453044,9.719504,0.22951851085702252
4.0,0.008106226291384761,-2.9453442,3.5748388e-07,-1.4726663,-1.4726663,-1.4726615,-1.4726603,2.9453044,9.719504,0.22980477985421488
4.0,0.00811622629138476,-2.9453409,-7.47057e-07,-1.4726686,-1.4726686,-1.4726614,-1.4726626,2.9453044,9.719504,0.23009104885140724
4.0,0.00812622629138476,-2.9453442,3.5748394e-07,-1.4726663,-1.4726663,-1.4726615,-1.4726603,2.9453044,9.719504,0.23037731784859963
4.0,0.008136226291384762,-2.9453409,-7.470571e-07,-1.4726686,-1.4726686,-1.4726614,-1.4726626,2.9453044,9.719504,0.23066358684579202
4.0,0.008146226291384761,-2.9453442,3.5748403e-07,-1.4726663,-1.4726663,-1.4726615,-1.4726603,2.9453044,9.719504,0.2309498558429844
4.0,0.00815622629138476,-2.9453409,-7.4705713e-07,-1.4726686,-1.4726686,-1.4726614,-1.4726626,2.9453044,9.719504,0.23123612484017675
4.0,0.00816622629138476,-2.9453442,3.574841e-07,-1.4726663,-1.4726663,-1.4726615,-1.4726603,2.9453044,9.719504,0.2315223938373691
4.0,0.00817622629138476,-2.9453409,-7.470572e-07,-1.4726686,-1.4726686,-1.4726614,-1.4726626,2.9453044,9.719504,0.2318086628345615
4.0,0.008186226291384761,-2.9453442,3.5748417e-07,-1.4726663,-1.4726663,-1.4726615,-1.4726603,2.9453044,9.719504,0.2320949318317539
4.0,0.008196226291384761,-2.9453409,-7.470573e-07,-1.4726686,-1.4726686,-1.4726614,-1.4726626,2.9453044,9.719504,0.23238120082894625
4.0,0.00820622629138476,-2.9453442,3.5748425e-07,-1.4726663,-1.4726663,-1.4726615,-1.4726603,2.9453044,9.719504,0.23266746982613862
4.0,0.00821622629138476,-2.9453409,-7.4705736e-07,-1.4726686,-1.4726686,-1.4726614,-1.4726626,2.9453044,9.719504,0.232953738823331
4.0,0.008226226291384761,-2.9453442,3.574843e-07,-1.4726663,-1.4726663,-1.4726615,-1.4726603,2.9453044,9.719504,0.2332400078205234
4.0,0.008236226291384761,-2.9453409,-7.470574e-07,-1.4726686,-1.4726686,-1.4726614,-1.4726626,2.9453044,9.719504,0.23352627681771576
4.0,0.00824622629138476,-2.9453442,3.574844e-07,-1.4726663,-1.4726663,-1.4726615,-1.4726603,2.9453044,9.719504,0.23381254581490812
4.0,0.00825622629138476,-2.9453409,-7.470575e-07,-1.4726686,-1.4726686,-1.4726614,-1.4726626,2.9453044,9.719504,0.23409881481210051
4.0,0.008266226291384762,-2.9453442,3.5748445e-07,-1.4726663,-1.4726663,-1.4726615,-1.4726603,2.9453044,9.719504,0.2343850838092929
4.0,0.008276226291384761,-2.9453409,-7.470576e-07,-1.4726686,-1.4726686,-1.4726614,-1.4726626,2.9453044,9.719504,0.23467135280648527
4.0,0.00828622629138476,-2.9453442,3.5748454e-07,-1.4726663,-1.4726663,-1.4726615,-1.4726603,2.9453044,9.719504,0.23495762180367763
4.0,0.00829622629138476,-2.9453409,-7.4705764e-07,-1.4726686,-1.4726686,-1.4726614,-1.4726626,2.9453044,9.719504,0.23524389080087002
4.0,0.008306226291384762,-2.9453442,3.5748462e-07,-1.4726663,-1.4726663,-1.4726615,-1.4726603,2.9453044,9.719504,0.2355301597980624
4.0,0.008316226291384761,-2.9453409,-7.470577e-07,-1.4726686,-1.4726686,-1.4726614,-1.4726626,2.9453044,9.719504,0.23581642879525477
4.0,0.008326226291384761,-2.9453442,3.5748468e-07,-1.4726663,-1.4726663,-1.4726615,-1.4726603,2.9453044,9.719504,0.23610269779244714
4.0,0.00833622629138476,-2.9453409,-7.470578e-07,-1.4726686,-1.4726686,-1.4726614,-1.4726626,2.9453044,9.719504,0.2363889667896395
4.0,0.00834622629138476,-2.9453442,3.5748477e-07,-1.4726663,-1.4726663,-1.4726615,-1.4726603,2.9453044,9.719504,0.2366752357868319
4.0,0.008356226291384761,-2.9453409,-7.4705787e-07,-1.4726686,-1.4726686,-1.4726614,-1.4726626,2.9453044,9.719504,0.23696150478402428
4.0,0.008366226291384761,-2.9453442,3.5748482e-07,-1.4726663,-1.4726663,-1.4726615,-1.4726603,2.9453044,9.719504,0.23724777378121664
4.0,0.00837622629138476,-2.9453409,-7.470579e-07,-1.4726686,-1.4726686,-1.4726614,-1.4726626,2.9453044,9.719504,0.237534042778409
4.0,0.00838622629138476,-2.9453442,3.574849e-07,-1.4726663,-1.4726663,-1.4726615,-1.4726603,2.9453044,9.719504,0.2378203117756014
4.0,0.008396226291384761,-2.9453409,-7.4705804e-07,-1.4726686,-1.4726686,-1.4726614,-1.4726626,2.9453044,9.719504,0.23810658077279379
4.0,0.008406226291384761,-2.9453442,3.57485e-07,-1.4726663,-1.4726663,-1.4726615,-1.4726603,2.9453044,9.719504,0.23839284976998615
4.0,0.00841622629138476,-2.9453409,-7.470581e-07,-1.4726686,-1.4726686,-1.4726614,-1.4726626,2.9453044,9.719504,0.2386791187671785
4.0,0.00842622629138476,-2.9453442,3.5748505e-07,-1.4726663,-1.4726663,-1.4726615,-1.4726603,2.9453044,9.719504,0.2389653877643709
4.0,0.008436226291384762,-2.9453409,-7.4705815e-07,-1.4726686,-1.4726686,-1.4726614,-1.4726626,2.9453044,9.719504,0.2392516567615633
4.0,0.008446226291384761,-2.9453442,3.5748513e-07,-1.4726663,-1.4726663,-1.4726615,-1.4726603,2.9453044,9.719504,0.23953792575875565
4.0,0.00845622629138476,-2.9453409,-7.4705827e-07,-1.4726686,-1.4726686,-1.4726614,-1.4726626,2.9453044,9.719504,0.23982419475594802
4.0,0.00846622629138476,-2.9453442,3.574852e-07,-1.4726663,-1.4726663,-1.4726615,-1.4726603,2.9453044,9.719504,0.24011046375314038
4.0,0.00847622629138476,-2.9453409,-7.470583e-07,-1.4726686,-1.4726686,-1.4726614,-1.4726626,2.9453044,9.719504,0.24039673275033277
4.0,0.008486226291384761,-2.9453442,3.5748528e-07,-1.4726663,-1.4726663,-1.4726615,-1.4726603,2.9453044,9.719504,0.24068300174752516
4.0,0.008496226291384761,-2.9453409,-7.470584e-07,-1.4726686,-1.4726686,-1.4726614,-1.4726626,2.9453044,9.719504,0.24096927074471752
4.0,0.00850622629138476,-2.9453442,3.5748536e-07,-1.4726663,-1.4726663,-1.4726615,-1.4726603,2.9453044,9.719504,0.24125553974190989
4.0,0.00851622629138476,-2.9453409,-7.4705844e-07,-1.4726686,-1.4726686,-1.4726614,-1.4726626,2.9453044,9.719504,0.24154180873910228
4.0,0.008526226291384761,-2.9453442,3.5748542e-07,-1.4726663,-1.4726663,-1.4726615,-1.4726603,2.9453044,9.719504,0.24182807773629467
4.0,0.008536226291384761,-2.9453409,-7.4705855e-07,-1.4726686,-1.4726686,-1.4726614,-1.4726626,2.9453044,9.719504,0.24211434673348703
4.0,0.00854622629138476,-2.9453442,3.574855e-07,-1.4726663,-1.4726663,-1.4726615,-1.4726603,2.9453044,9.719504,0.2424006157306794
4.0,0.00855622629138476,-2.9453409,-7.470586e-07,-1.4726686,-1.4726686,-1.4726614,-1.4726626,2.9453044,9.719504,0.24268688472787178
4.0,0.008566226291384762,-2.9453442,3.5748556e-07,-1.4726663,-1.4726663,-1.4726615,-1.4726603,2.9453044,9.719504,0.24297315372506417
4.0,0.008576226291384761,-2.9453409,-7.4705866e-07,-1.4726686,-1.4726686,-1.4726614,-1.4726626,2.9453044,9.719504,0.24325942272225654
4.0,0.00858622629138476,-2.9453442,3.5748565e-07,-1.4726663,-1.4726663,-1.4726615,-1.4726603,2.9453044,9.719504,0.2435456917194489
4.0,0.00859622629138476,-2.9453409,-7.470588e-07,-1.4726686,-1.4726686,-1.4726614,-1.4726626,2.9453044,9.719504,0.2438319607166413
4.0,0.008606226291384762,-2.9453442,3.5748573e-07,-1.4726663,-1.4726663,-1.4726615,-1.4726603,2.9453044,9.719504,0.24411822971383368
4.0,0.008616226291384761,-2.9453409,-7.4705883e-07,-1.4726686,-1.4726686,-1.4726614,-1.4726626,2.9453044,9.719504,0.24440449871102604
4.0,0.00862622629138476,-2.9453442,3.574858e-07,-1.4726663,-1.4726663,-1.4726615,-1.4726603,2.9453044,9.719504,0.2446907677082184
4.0,0.00863622629138476,-2.9453409,-7.470589e-07,-1.4726686,-1.4726686,-1.4726614,-1.4726626,2.9453044,9.719504,0.24497703670541077
4.0,0.00864622629138476,-2.9453442,3.5748587e-07,-1.4726663,-1.4726663,-1.4726615,-1.4726603,2.9453044,9.719504,0.24526330570260316
4.0,0.008656226291384761,-2.9453409,-7.47059e-07,-1.4726686,-1.4726686,-1.4726614,-1.4726626,2.9453044,9.719504,0.24554957469979555
4.0,0.008666226291384761,-2.9453442,3.5748593e-07,-1.4726663,-1.4726663,-1.4726615,-1.4726603,2.9453044,9.719504,0.2458358436969879
4.0,0.00867622629138476,-2.9453409,-7.4705906e-07,-1.4726686,-1.4726686,-1.4726614,-1.4726626,2.9453044,9.719504,0.24612211269418027
4.0,0.00868622629138476,-2.9453442,3.5748602e-07,-1.4726663,-1.4726663,-1.4726615,-1.4726603,2.9453044,9.719504,0.24640838169137266
4.0,0.008696226291384761,-2.9453409,-7.470591e-07,-1.4726686,-1.4726686,-1.4726614,-1.4726626,2.9453044,9.719504,0.24669465068856505
4.0,0.008706226291384761,-2.9453442,3.574861e-07,-1.4726663,-1.4726663,-1.4726615,-1.4726603,2.9453044,9.719504,0.24698091968575742
4.0,0.00871622629138476,-2.9453409,-7.4705923e-07,-1.4726686,-1.4726686,-1.4726614,-1.4726626,2.9453044,9.719504,0.24726718868294978
4.0,0.00872622629138476,-2.9453442,3.5748616e-07,-1.4726663,-1.4726663,-1.4726615,-1.4726603,2.9453044,9.719504,0.24755345768014217
4.0,0.008736226291384762,-2.9453409,-7.470593e-07,-1.4726686,-1.4726686,-1.4726614,-1.4726626,2.9453044,9.719504,0.24783972667733456
4.0,0.008746226291384761,-2.9453442,3.5748624e-07,-1.4726663,-1.4726663,-1.4726615,-1.4726603,2.9453044,9.719504,0.24812599567452692
4.0,0.00875622629138476,-2.9453409,-7.4705935e-07,-1.4726686,-1.4726686,-1.4726614,-1.4726626,2.9453044,9.719504,0.24841226467171929
4.0,0.00876622629138476,-2.9453442,3.5748633e-07,-1.4726663,-1.4726663,-1.4726615,-1.4726603,2.9453044,9.719504,0.24869853366891168
4.0,0.008776226291384762,-2.9453409,-7.470594e-07,-1.4726686,-1.4726686,-1.4726614,-1.4726626,2.9453044,9.719504,0.24898480266610407
4.0,0.008786226291384761,-2.9453442,3.5748639e-07,-1.4726663,-1.4726663,-1.4726615,-1.4726603,2.9453044,9.719504,0.24927107166329643
4.0,0.00879622629138476,-2.9453409,-7.470595e-07,-1.4726686,-1.4726686,-1.4726614,-1.4726626,2.9453044,9.719504,0.2495573406604888
4.0,0.00880622629138476,-2.9453442,3.5748647e-07,-1.4726663,-1.4726663,-1.4726615,-1.4726603,2.9453044,9.719504,0.24984360965768115
4.0,0.00881622629138476,-2.9453409,-7.470596e-07,-1.4726686,-1.4726686,-1.4726614,-1.4726626,2.9453044,9.719504,0.25012987865487357
4.0,0.008826226291384761,-2.9453442,3.5748656e-07,-1.4726663,-1.4726663,-1.4726615,-1.4726603,2.9453044,9.719504,0.250416147652066
4.0,0.008836226291384761,-2.9453409,-7.4705963e-07,-1.4726686,-1.4726686,-1.4726614,-1.4726626,2.9453044,9.719504,0.25070241664925835
4.0,0.00884622629138476,-2.9453442,3.574866e-07,-1.4726663,-1.4726663,-1.4726615,-1.4726603,2.9453044,9.719504,0.2509886856464507
4.0,0.00885622629138476,-2.9453409,-7.4705974e-07,-1.4726686,-1.4726686,-1.4726614,-1.4726626,2.9453044,9.719504,0.25127495464364313
4.0,0.008866226291384761,-2.9453442,3.574867e-07,-1.4726663,-1.4726663,-1.4726615,-1.4726603,2.9453044,9.719504,0.25156122364083555
4.0,0.008876226291384761,-2.9453409,-7.470598e-07,-1.4726686,-1.4726686,-1.4726614,-1.4726626,2.9453044,9.719504,0.2518474926380279
4.0,0.00888622629138476,-2.9453442,3.5748675e-07,-1.4726663,-1.4726663,-1.4726615,-1.4726603,2.9453044,9.719504,0.2521337616352203
4.0,0.00889622629138476,-2.9453409,-7.4705986e-07,-1.4726686,-1.4726686,-1.4726614,-1.4726626,2.9453044,9.719504,0.2524200306324127
4.0,0.008906226291384762,-2.9453442,3.5748684e-07,-1.4726663,-1.4726663,-1.4726615,-1.4726603,2.9453044,9.719504,0.2527062996296051
4.0,0.008916226291384761,-2.9453409,-7.4705997e-07,-1.4726686,-1.4726686,-1.4726614,-1.4726626,2.9453044,9.719504,0.2529925686267975
4.0,0.00892622629138476,-2.9453442,3.5748693e-07,-1.4726663,-1.4726663,-1.4726615,-1.4726603,2.9453044,9.719504,0.25327883762398984
4.0,0.00893622629138476,-2.9453409,-7.4706e-07,-1.4726686,-1.4726686,-1.4726614,-1.4726626,2.9453044,9.719504,0.25356510662118226
4.0,0.008946226291384762,-2.9453442,3.5748698e-07,-1.4726663,-1.4726663,-1.4726615,-1.4726603,2.9453044,9.719504,0.2538513756183747
4.0,0.008956226291384761,-2.9453409,-7.470601e-07,-1.4726686,-1.4726686,-1.4726614,-1.4726626,2.9453044,9.719504,0.25413764461556704
4.0,0.00896622629138476,-2.9453442,3.5748707e-07,-1.4726663,-1.4726663,-1.4726615,-1.4726603,2.9453044,9.719504,0.2544239136127594
4.0,0.00897622629138476,-2.9453409,-7.470602e-07,-1.4726686,-1.4726686,-1.4726614,-1.4726626,2.9453044,9.719504,0.25471018260995176
4.0,0.00898622629138476,-2.9453442,3.5748715e-07,-1.4726663,-1.4726663,-1.4726615,-1.4726603,2.9453044,9.719504,0.2549964516071442
4.0,0.008996226291384761,-2.9453409,-7.4706026e-07,-1.4726686,-1.4726686,-1.4726614,-1.4726626,2.9453044,9.719504,0.2552827206043366
4.0,0.009006226291384761,-2.9453442,3.574872e-07,-1.4726663,-1.4726663,-1.4726615,-1.4726603,2.9453044,9.719504,0.25556898960152896
4.0,0.00901622629138476,-2.9453409,-7.470603e-07,-1.4726686,-1.4726686,-1.4726614,-1.4726626,2.9453044,9.719504,0.2558552585987213
4.0,0.00902622629138476,-2.9453442,3.574873e-07,-1.4726663,-1.4726663,-1.4726615,-1.4726603,2.9453044,9.719504,0.25614152759591374
4.0,0.009036226291384761,-2.9453409,-7.470604e-07,-1.4726686,-1.4726686,-1.4726614,-1.4726626,2.9453044,9.719504,0.25642779659310616
4.0,0.009046226291384761,-2.9453442,3.5748738e-07,-1.4726663,-1.4726663,-1.4726615,-1.4726603,2.9453044,9.719504,0.2567140655902985
4.0,0.00905622629138476,-2.9453409,-7.470605e-07,-1.4726686,-1.4726686,-1.4726614,-1.4726626,2.9453044,9.719504,0.2570003345874909
4.0,0.00906622629138476,-2.9453442,3.5748744e-07,-1.4726663,-1.4726663,-1.4726615,-1.4726603,2.9453044,9.719504,0.2572866035846833
4.0,0.009076226291384762,-2.9453409,-7.4706054e-07,-1.4726686,-1.4726686,-1.4726614,-1.4726626,2.9453044,9.719504,0.2575728725818757
4.0,0.009086226291384761,-2.9453442,3.5748752e-07,-1.4726663,-1.4726663,-1.4726615,-1.4726603,2.9453044,9.719504,0.2578591415790681
4.0,0.00909622629138476,-2.9453409,-7.4706065e-07,-1.4726686,-1.4726686,-1.4726614,-1.4726626,2.9453044,9.719504,0.25814541057626045
4.0,0.00910622629138476,-2.9453442,3.574876e-07,-1.4726663,-1.4726663,-1.4726615,-1.4726603,2.9453044,9.719504,0.2584316795734528
4.0,0.00911622629138476,-2.9453409,-7.470607e-07,-1.4726686,-1.4726686,-1.4726614,-1.4726626,2.9453044,9.719504,0.25871794857064523
4.0,0.009126226291384761,-2.9453442,3.5748766e-07,-1.4726663,-1.4726663,-1.4726615,-1.4726603,2.9453044,9.719504,0.25900421756783765
4.0,0.00913622629138476,-2.9453409,-7.4706077e-07,-1.4726686,-1.4726686,-1.4726614,-1.4726626,2.9453044,9.719504,0.25929048656503
4.0,0.00914622629138476,-2.9453442,3.5748775e-07,-1.4726663,-1.4726663,-1.4726615,-1.4726603,2.9453044,9.719504,0.25957675556222237
4.0,0.00915622629138476,-2.9453409,-7.470609e-07,-1.4726686,-1.4726686,-1.4726614,-1.4726626,2.9453044,9.719504,0.2598630245594148
4.0,0.009166226291384761,-2.9453442,3.5748783e-07,-1.4726663,-1.4726663,-1.4726615,-1.4726603,2.9453044,9.719504,0.2601492935566072
4.0,0.009176226291384761,-2.9453409,-7.4706094e-07,-1.4726686,-1.4726686,-1.4726614,-1.4726626,2.9453044,9.719504,0.26043556255379957
4.0,0.00918622629138476,-2.9453442,3.574879e-07,-1.4726663,-1.4726663,-1.4726615,-1.4726603,2.9453044,9.719504,0.26072183155099193
4.0,0.00919622629138476,-2.9453409,-7.47061e-07,-1.4726686,-1.4726686,-1.4726614,-1.4726626,2.9453044,9.719504,0.26100810054818435
4.0,0.009206226291384761,-2.9453442,3.5748798e-07,-1.4726663,-1.4726663,-1.4726615,-1.4726603,2.9453044,9.719504,0.26129436954537677
4.0,0.009216226291384761,-2.9453409,-7.470611e-07,-1.4726686,-1.4726686,-1.4726614,-1.4726626,2.9453044,9.719504,0.26158063854256913
4.0,0.00922622629138476,-2.9453442,3.5748806e-07,-1.4726663,-1.4726663,-1.4726615,-1.4726603,2.9453044,9.719504,0.2618669075397615
4.0,0.00923622629138476,-2.9453409,-7.4706116e-07,-1.4726686,-1.4726686,-1.4726614,-1.4726626,2.9453044,9.719504,0.2621531765369539
4.0,0.009246226291384762,-2.9453442,3.5748812e-07,-1.4726663,-1.4726663,-1.4726615,-1.4726603,2.9453044,9.719504,0.26243944553414633
4.0,0.009256226291384761,-2.9453409,-7.470612e-07,-1.4726686,-1.4726686,-1.4726614,-1.4726626,2.9453044,9.719504,0.2627257145313387
4.0,0.00926622629138476,-2.9453442,3.574882e-07,-1.4726663,-1.4726663,-1.4726615,-1.4726603,2.9453044,9.719504,0.26301198352853106
4.0,0.00927622629138476,-2.9453409,-7.4706134e-07,-1.4726686,-1.4726686,-1.4726614,-1.4726626,2.9453044,9.719504,0.2632982525257234
4.0,0.00928622629138476,-2.9453442,3.574883e-07,-1.4726663,-1.4726663,-1.4726615,-1.4726603,2.9453044,9.719504,0.26358452152291584
4.0,0.009296226291384761,-2.9453409,-7.470614e-07,-1.4726686,-1.4726686,-1.4726614,-1.4726626,2.9453044,9.719504,0.26387079052010826
4.0,0.00930622629138476,-2.9453442,3.5748835e-07,-1.4726663,-1.4726663,-1.4726615,-1.4726603,2.9453044,9.719504,0.2641570595173006
4.0,0.00931622629138476,-2.9453409,-7.4706145e-07,-1.4726686,-1.4726686,-1.4726614,-1.4726626,2.9453044,9.719504,0.264443328514493
4.0,0.00932622629138476,-2.9453442,3.5748843e-07,-1.4726663,-1.4726663,-1.4726615,-1.4726603,2.9453044,9.719504,0.2647295975116854
4.0,0.009336226291384761,-2.9453409,-7.4706156e-07,-1.4726686,-1.4726686,-1.4726614,-1.4726626,2.9453044,9.719504,0.2650158665088778
4.0,0.009346226291384761,-2.9453442,3.5748852e-07,-1.4726663,-1.4726663,-1.4726615,-1.4726603,2.9453044,9.719504,0.2653021355060702
4.0,0.00935622629138476,-2.9453409,-7.470616e-07,-1.4726686,-1.4726686,-1.4726614,-1.4726626,2.9453044,9.719504,0.26558840450326254
4.0,0.00936622629138476,-2.9453442,3.5748857e-07,-1.4726663,-1.4726663,-1.4726615,-1.4726603,2.9453044,9.719504,0.26587467350045496
4.0,0.009376226291384761,-2.9453409,-7.470617e-07,-1.4726686,-1.4726686,-1.4726614,-1.4726626,2.9453044,9.719504,0.2661609424976474
4.0,0.009386226291384761,-2.9453442,3.5748866e-07,-1.4726663,-1.4726663,-1.4726615,-1.4726603,2.9453044,9.719504,0.26644721149483974
4.0,0.00939622629138476,-2.9453409,-7.470618e-07,-1.4726686,-1.4726686,-1.4726614,-1.4726626,2.9453044,9.719504,0.2667334804920321
4.0,0.00940622629138476,-2.9453442,3.5748874e-07,-1.4726663,-1.4726663,-1.4726615,-1.4726603,2.9453044,9.719504,0.2670197494892245
4.0,0.009416226291384762,-2.9453409,-7.4706185e-07,-1.4726686,-1.4726686,-1.4726614,-1.4726626,2.9453044,9.719504,0.26730601848641694
4.0,0.009426226291384761,-2.9453442,3.574888e-07,-1.4726663,-1.4726663,-1.4726615,-1.4726603,2.9453044,9.719504,0.2675922874836093
4.0,0.00943622629138476,-2.9453409,-7.470619e-07,-1.4726686,-1.4726686,-1.4726614,-1.4726626,2.9453044,9.719504,0.26787855648080167
4.0,0.00944622629138476,-2.9453442,3.574889e-07,-1.4726663,-1.4726663,-1.4726615,-1.4726603,2.9453044,9.719504,0.26816482547799403
4.0,0.00945622629138476,-2.9453409,-7.47062e-07,-1.4726686,-1.4726686,-1.4726614,-1.4726626,2.9453044,9.719504,0.26845109447518645
4.0,0.009466226291384761,-2.9453442,3.5748897e-07,-1.4726663,-1.4726663,-1.4726615,-1.4726603,2.9453044,9.719504,0.26873736347237887
4.0,0.00947622629138476,-2.9453409,-7.470621e-07,-1.4726686,-1.4726686,-1.4726614,-1.4726626,2.9453044,9.719504,0.26902363246957123
4.0,0.00948622629138476,-2.9453442,3.5748903e-07,-1.4726663,-1.4726663,-1.4726615,-1.4726603,2.9453044,9.719504,0.2693099014667636
4.0,0.00949622629138476,-2.9453409,-7.4706213e-07,-1.4726686,-1.4726686,-1.4726614,-1.4726626,2.9453044,9.719504,0.269596170463956
4.0,0.009506226291384761,-2.9453442,3.574891e-07,-1.4726663,-1.4726663,-1.4726615,-1.4726603,2.9453044,9.719504,0.2698824394611484
4.0,0.009516226291384761,-2.9453409,-7.4706224e-07,-1.4726686,-1.4726686,-1.4726614,-1.4726626,2.9453044,9.719504,0.2701687084583408
4.0,0.00952622629138476,-2.9453442,3.574892e-07,-1.4726663,-1.4726663,-1.4726615,-1.4726603,2.9453044,9.719504,0.27045497745553315
4.0,0.00953622629138476,-2.9453409,-7.470623e-07,-1.4726686,-1.4726686,-1.4726614,-1.4726626,2.9453044,9.719504,0.27074124645272557
4.0,0.009546226291384761,-2.9453442,3.5748926e-07,-1.4726663,-1.4726663,-1.4726615,-1.4726603,2.9453044,9.719504,0.271027515449918
4.0,0.009556226291384761,-2.9453409,-7.4706236e-07,-1.4726686,-1.4726686,-1.4726614,-1.4726626,2.9453044,9.719504,0.27131378444711035
4.0,0.00956622629138476,-2.9453442,3.5748934e-07,-1.4726663,-1.4726663,-1.4726615,-1.4726603,2.9453044,9.719504,0.2716000534443027
4.0,0.00957622629138476,-2.9453409,-7.470625e-07,-1.4726686,-1.4726686,-1.4726614,-1.4726626,2.9453044,9.719504,0.27188632244149513
4.0,0.009586226291384762,-2.9453442,3.5748943e-07,-1.4726663,-1.4726663,-1.4726615,-1.4726603,2.9453044,9.719504,0.27217259143868755
4.0,0.009596226291384761,-2.9453409,-7.4706253e-07,-1.4726686,-1.4726686,-1.4726614,-1.4726626,2.9453044,9.719504,0.2724588604358799
4.0,0.00960622629138476,-2.9453442,3.5748948e-07,-1.4726663,-1.4726663,-1.4726615,-1.4726603,2.9453044,9.719504,0.2727451294330723
4.0,0.00961622629138476,-2.9453409,-7.470626e-07,-1.4726686,-1.4726686,-1.4726614,-1.4726626,2.9453044,9.719504,0.27303139843026464
4.0,0.00962622629138476,-2.9453442,3.5748957e-07,-1.4726663,-1.4726663,-1.4726615,-1.4726603,2.9453044,9.719504,0.27331766742745706
4.0,0.009636226291384761,-2.9453409,-7.470627e-07,-1.4726686,-1.4726686,-1.4726614,-1.4726626,2.9453044,9.719504,0.2736039364246495
4.0,0.009646226291384761,-2.9453442,3.5748965e-07,-1.4726663,-1.4726663,-1.4726615,-1.4726603,2.9453044,9.719504,0.27389020542184184
4.0,0.00965622629138476,-2.9453409,-7.4706276e-07,-1.4726686,-1.4726686,-1.4726614,-1.4726626,2.9453044,9.719504,0.2741764744190342
4.0,0.00966622629138476,-2.9453442,3.574897e-07,-1.4726663,-1.4726663,-1.4726615,-1.4726603,2.9453044,9.719504,0.2744627434162266
4.0,0.009676226291384761,-2.9453409,-7.470628e-07,-1.4726686,-1.4726686,-1.4726614,-1.4726626,2.9453044,9.719504,0.27474901241341904
4.0,0.009686226291384761,-2.9453442,3.574898e-07,-1.4726663,-1.4726663,-1.4726615,-1.4726603,2.9453044,9.719504,0.2750352814106114
4.0,0.00969622629138476,-2.9453409,-7.470629e-07,-1.4726686,-1.4726686,-1.4726614,-1.4726626,2.9453044,9.719504,0.27532155040780376
4.0,0.00970622629138476,-2.9453442,3.5748988e-07,-1.4726663,-1.4726663,-1.4726615,-1.4726603,2.9453044,9.719504,0.2756078194049962
4.0,0.009716226291384761,-2.9453409,-7.47063e-07,-1.4726686,-1.4726686,-1.4726614,-1.4726626,2.9453044,9.719504,0.2758940884021886
4.0,0.009726226291384761,-2.9453442,3.5748994e-07,-1.4726663,-1.4726663,-1.4726615,-1.4726603,2.9453044,9.719504,0.27618035739938096
4.0,0.00973622629138476,-2.9453409,-7.4706304e-07,-1.4726686,-1.4726686,-1.4726614,-1.4726626,2.9453044,9.719504,0.2764666263965733
4.0,0.00974622629138476,-2.9453442,3.5749002e-07,-1.4726663,-1.4726663,-1.4726615,-1.4726603,2.9453044,9.719504,0.2767528953937657
4.0,0.00975622629138476,-2.9453409,-7.4706315e-07,-1.4726686,-1.4726686,-1.4726614,-1.4726626,2.9453044,9.719504,0.2770391643909581
4.0,0.009766226291384761,-2.9453442,3.574901e-07,-1.4726663,-1.4726663,-1.4726615,-1.4726603,2.9453044,9.719504,0.2773254333881505
4.0,0.00977622629138476,-2.9453409,-7.470632e-07,-1.4726686,-1.4726686,-1.4726614,-1.4726626,2.9453044,9.719504,0.2776117023853429
4.0,0.00978622629138476,-2.9453442,3.574902e-07,-1.4726663,-1.4726663,-1.4726615,-1.4726603,2.9453044,9.719504,0.27789797138253525
4.0,0.00979622629138476,-2.9453409,-7.4706327e-07,-1.4726686,-1.4726686,-1.4726614,-1.4726626,2.9453044,9.719504,0.27818424037972767
4.0,0.009806226291384761,-2.9453442,3.5749025e-07,-1.4726663,-1.4726663,-1.4726615,-1.4726603,2.9453044,9.719504,0.2784705093769201
4.0,0.009816226291384761,-2.9453409,-7.470634e-07,-1.4726686,-1.4726686,-1.4726614,-1.4726626,2.9453044,9.719504,0.27875677837411245
4.0,0.00982622629138476,-2.9453442,3.5749034e-07,-1.4726663,-1.4726663,-1.4726615,-1.4726603,2.9453044,9.719504,0.2790430473713048
4.0,0.00983622629138476,-2.9453409,-7.4706344e-07,-1.4726686,-1.4726686,-1.4726614,-1.4726626,2.9453044,9.719504,0.2793293163684972
4.0,0.009846226291384761,-2.9453442,3.5749042e-07,-1.4726663,-1.4726663,-1.4726615,-1.4726603,2.9453044,9.719504,0.27961558536568965
4.0,0.009856226291384761,-2.9453409,-7.470635e-07,-1.4726686,-1.4726686,-1.4726614,-1.4726626,2.9453044,9.719504,0.279901854362882
4.0,0.00986622629138476,-2.9453442,3.5749048e-07,-1.4726663,-1.4726663,-1.4726615,-1.4726603,2.9453044,9.719504,0.28018812336007437
4.0,0.00987622629138476,-2.9453409,-7.470636e-07,-1.4726686,-1.4726686,-1.4726614,-1.4726626,2.9453044,9.719504,0.2804743923572668
4.0,0.009886226291384761,-2.9453442,3.5749056e-07,-1.4726663,-1.4726663,-1.4726615,-1.4726603,2.9453044,9.719504,0.2807606613544592
4.0,0.009896226291384761,-2.9453409,-7.4706367e-07,-1.4726686,-1.4726686,-1.4726614,-1.4726626,2.9453044,9.719504,0.28104693035165157
4.0,0.00990622629138476,-2.9453442,3.5749065e-07,-1.4726663,-1.4726663,-1.4726615,-1.4726603,2.9453044,9.719504,0.28133319934884393
4.0,0.00991622629138476,-2.9453409,-7.470638e-07,-1.4726686,-1.4726686,-1.4726614,-1.4726626,2.9453044,9.719504,0.2816194683460363
4.0,0.00992622629138476,-2.9453442,3.574907e-07,-1.4726663,-1.4726663,-1.4726615,-1.4726603,2.9453044,9.719504,0.2819057373432287
4.0,0.009936226291384761,-2.9453409,-7.4706384e-07,-1.4726686,-1.4726686,-1.4726614,-1.4726626,2.9453044,9.719504,0.28219200634042113
4.0,0.00994622629138476,-2.9453442,3.574908e-07,-1.4726663,-1.4726663,-1.4726615,-1.4726603,2.9453044,9.719504,0.2824782753376135
4.0,0.00995622629138476,-2.9453409,-7.470639e-07,-1.4726686,-1.4726686,-1.4726614,-1.4726626,2.9453044,9.719504,0.28276454433480586
4.0,0.00996622629138476,-2.9453442,3.5749088e-07,-1.4726663,-1.4726663,-1.4726615,-1.4726603,2.9453044,9.719504,0.2830508133319983
4.0,0.009976226291384761,-2.9453409,-7.47064e-07,-1.4726686,-1.4726686,-1.4726614,-1.4726626,2.9453044,9.719504,0.2833370823291907
4.0,0.009986226291384761,-2.9453442,3.5749096e-07,-1.4726663,-1.4726663,-1.4726615,-1.4726603,2.9453044,9.719504,0.28362335132638306
4.0,0.00999622629138476,-2.9453409,-7.4706406e-07,-1.4726686,-1.4726686,-1.4726614,-1.4726626,2.9453044,9.719504,0.2838205006140283
4.0,0.01,-2.9453442,3.5749107e-07,-1.4726663,-1.4726663,-1.4726615,-1.4726603,2.9453044,9.719504,0.2838745154173908
4.0,0.010000000001,-2.945338,-2.3526582e-07,-1.4726678,-1.4726678,-1.4726611,-1.4726617,2.9453044,9.719504,0.2838745154460177
4.0,0.010000000002000001,-2.9453456,-4.5680085e-07,-1.4726672,-1.4726672,-1.4726614,-1.4726613,2.9453044,9.719504,0.2838745154901919
4.0,0.0100000000040862,-2.9453385,5.406953e-08,-1.4726676,-1.4726676,-1.4726614,-1.4726615,2.9453044,9.719504,0.28387451555930837
4.0,0.010000000006828779,-2.945346,-5.121379e-07,-1.4726673,-1.4726673,-1.4726615,-1.4726614,2.9453044,9.719504,0.28387451567707567
4.0,0.010000000012313937,-2.9453387,1.16843474e-07,-1.4726676,-1.4726676,-1.4726614,-1.4726615,2.9453044,9.719504,0.28387451591261026
4.0,0.010000000023284251,-2.945346,-5.092268e-07,-1.4726673,-1.4726673,-1.4726615,-1.4726614,2.9453044,9.719504,0.28387451638367944
4.0,0.010000000045224881,-2.945339,1.2805198e-07,-1.4726676,-1.4726676,-1.4726614,-1.4726615,2.9453044,9.719504,0.28387451732581775
4.0,0.010000000089106141,-2.945346,-5.094597e-07,-1.4726673,-1.4726673,-1.4726615,-1.4726614,2.9453044,9.719504,0.2838745192100944
4.0,0.01000000017686866,-2.9453387,1.326597e-07,-1.4726676,-1.4726676,-1.4726614,-1.4726615,2.9453044,9.719504,0.2838745229786476
4.0,0.0100000003523937,-2.945346,-5.0704836e-07,-1.4726673,-1.4726673,-1.4726615,-1.4726614,2.9453044,9.719504,0.2838745305157542
4.0,0.010000000703443777,-2.9453387,1.38098e-07,-1.4726676,-1.4726676,-1.4726614,-1.4726615,2.9453044,9.719504,0.2838745455899672
4.0,0.010000001405543933,-2.9453456,-4.954444e-07,-1.4726673,-1.4726673,-1.4726615,-1.4726614,2.9453044,9.719504,0.28387457573839336
4.0,0.010000002809744245,-2.945338,1.6598023e-07,-1.4726676,-1.4726676,-1.4726615,-1.4726615,2.9453044,9.719504,0.2838746360352456
4.0,0.010000005618144866,-2.945345,-4.405168e-07,-1.4726675,-1.4726675,-1.4726616,-1.4726615,2.9453044,9.719504,0.28387475662895006
4.0,0.01000001123494611,-2.9453373,2.526354e-07,-1.4726682,-1.4726682,-1.4726621,-1.4726622,2.9453044,9.719504,0.28387497992977195
4.0,0.010000021218913658,-2.945346,-3.3830003e-07,-1.4726701,-1.4726701,-1.4726641,-1.472664,2.9453044,9.719504,0.28387534732586334
4.0,0.010000036902838547,-2.9453466,3.3931272e-07,-1.4726758,-1.4726758,-1.4726696,-1.4726697,2.9453044,9.719504,0.2838759022160635
4.0,0.010000059985961828,-2.9453692,-2.6985893e-07,-1.4726886,-1.4726886,-1.4726826,-1.4726826,2.9453044,9.719504,0.283876465582941
4.0,0.010000076262104344,-2.9453824,3.5643862e-07,-1.4727008,-1.4727008,-1.4726946,-1.4726948,2.9453044,9.719504,0.28387686431921744
4.0,0.010000087843416206,-2.9454226,-3.287219e-07,-1.4727106,-1.4727106,-1.4727046,-1.4727046,2.9453044,9.719504,0.28387720723738535
4.0,0.010000100219862347,-2.9454474,3.8378326e-07,-1.4727225,-1.4727225,-1.4727163,-1.4727165,2.9453044,9.719504,0.28387761156944236
4.0,0.010000116091816207,-2.9455018,-3.035273e-07,-1.4727387,-1.4727387,-1.4727328,-1.4727328,2.9453044,9.719504,0.2838780953298516
4.0,0.010000134017473261,-2.9455507,4.4322405e-07,-1.472759,-1.472759,-1.4727529,-1.472753,2.9453044,9.719504,0.2838787106203447
4.0,0.010000159078692127,-2.945639,-1.9929577e-07,-1.4727893,-1.4727893,-1.4727833,-1.4727832,2.9453044,9.719505,0.28387948806189234
4.0,0.010000188332925054,-2.945728,5.897148e-07,-1.4728273,-1.4728273,-1.4728211,-1.4728212,2.9453044,9.719504,0.2838806262416965
4.0,0.01000023859689461,-2.9458969,2.3543274e-08,-1.4728957,-1.4728957,-1.4728898,-1.4728897,2.9453046,9.719505,0.28388213979434
4.0,0.010000294076296263,-2.9460537,8.597147e-07,-1.4729737,-1.4729737,-1.4729676,-1.4729676,2.9453046,9.719506,0.2838830633766423
4.0,0.01000030312236298,-2.946083,5.22488e-07,-1.4729863,-1.4729863,-1.4729803,-1.4729803,2.9453046,9.719506,0.283883451818013
4.0,0.010000321214496415,-2.946134,5.537263e-07,-1.4730117,-1.4730117,-1.4730057,-1.4730057,2.9453049,9.719505,0.2838842287007027
4.0,0.010000357398763288,-2.9462345,6.1403665e-07,-1.4730617,-1.4730617,-1.4730557,-1.4730557,2.9453049,9.719506,0.28388578246628904
4.0,0.01000042976729703,-2.9464247,7.3321416e-07,-1.4731567,-1.4731567,-1.4731506,-1.4731506,2.945305,9.719506,0.2838881964325909
4.0,0.010000526048904274,-2.9466245,8.8285935e-07,-1.4732565,-1.4732565,-1.4732504,-1.4732504,2.9453056,9.719508,0.2838920923032797
4.0,0.010000701949587963,-2.9464533,9.908103e-07,-1.4731706,-1.4731706,-1.4731647,-1.4731647,2.945306,9.71951,0.2838970338999874
4.0,0.010000871289999812,-2.9452493,8.942219e-07,-1.4725684,-1.4725684,-1.4725624,-1.4725624,2.9453058,9.71951,0.2839016286576186
4.0,0.010001022959042571,-2.9431968,6.7127513e-07,-1.471542,-1.471542,-1.471536,-1.471536,2.9453046,9.719505,0.2839059289141502
4.0,0.010001171724626036,-2.9403584,3.6142188e-07,-1.4701228,-1.4701228,-1.4701167,-1.4701169,2.9453022,9.719498,0.2839108403757526
4.0,0.010001366095662314,-2.935531,-1.1781307e-07,-1.4677091,-1.4677091,-1.467703,-1.467703,2.9452963,9.719478,0.2839164646094607
4.0,0.010001564660282083,-2.929435,-6.4427087e-07,-1.464661,-1.464661,-1.4646549,-1.464655,2.9452868,9.719446,0.2839224976193015
4.0,0.010001787593082907,-2.921413,-1.2266386e-06,-1.4606498,-1.4606498,-1.4606439,-1.4606439,2.9452708,9.719394,0.28392934820667404
4.0,0.010002043283116005,-2.9110546,-1.8209013e-06,-1.4554708,-1.4554708,-1.4554647,-1.4554647,2.945245,9.719308,0.28393647590464116
4.0,0.01000228558523993,-2.9005127,-2.273035e-06,-1.4501997,-1.4501997,-1.4501938,-1.4501938,2.9452128,9.719202,0.2839432577676489
4.0,0.010002517123115348,-2.8901708,-2.6039982e-06,-1.4450288,-1.4450288,-1.4450227,-1.4450227,2.9451745,9.719076,0.28395011199073605
4.0,0.010002764493389599,-2.8792129,-2.866619e-06,-1.4395498,-1.4395498,-1.4395438,-1.4395438,2.9451258,9.718916,0.2839589344792948
4.0,0.01000313357533516,-2.863421,-3.1590766e-06,-1.4316539,-1.4316539,-1.4316478,-1.4316478,2.9450383,9.718627,0.2839684241221272
4.0,0.010003427600979393,-2.8513525,-3.3316642e-06,-1.4256195,-1.4256195,-1.4256134,-1.4256134,2.9449565,9.718357,0.2839774758558336
4.0,0.010003766118270484,-2.8380039,-3.485073e-06,-1.4189451,-1.4189451,-1.418939,-1.418939,2.9448497,9.718004,0.2839873354359873
4.0,0.010004116646926561,-2.8247652,-3.60804e-06,-1.4123255,-1.4123255,-1.4123194,-1.4123194,2.944725,9.717592,0.2839969793610052
4.0,0.010004440150099774,-2.8130412,-3.6972617e-06,-1.4064634,-1.4064634,-1.4064573,-1.4064573,2.9445982,9.717174,0.2840065033292072
4.0,0.01000478235207978,-2.80112,-3.7748666e-06,-1.4005027,-1.4005027,-1.4004966,-1.4004966,2.9444518,9.716691,0.2840161925114904
4.0,0.010005117470685183,-2.7898915,-3.8376293e-06,-1.3948883,-1.3948883,-1.3948822,-1.3948822,2.944297,9.716181,0.2840261291542502
4.0,0.01000547704433508,-2.7782972,-3.895885e-06,-1.3890909,-1.3890909,-1.3890848,-1.3890848,2.944119,9.715593,0.28403644811143425
4.0,0.010005838978634635,-2.7670643,-3.9467163e-06,-1.3834742,-1.3834742,-1.3834683,-1.3834683,2.9439278,9.714961,0.28404723547331817
4.0,0.010006231401522788,-2.755339,-3.9971064e-06,-1.3776114,-1.3776114,-1.3776053,-1.3776053,2.9437068,9.714233,0.2840587197124468
4.0,0.010006642188722832,-2.7435248,-4.0455266e-06,-1.3717041,-1.3717041,-1.3716981,-1.3716981,2.9434614,9.713423,0.2840711197593072
4.0,0.010007098808035849,-2.7308884,-4.0983646e-06,-1.3653858,-1.3653858,-1.3653798,-1.3653798,2.9431722,9.712468,0.2840847636664034
4.0,0.01000759679319998,-2.7176347,-4.1570042e-06,-1.3587588,-1.3587588,-1.3587527,-1.3587527,2.9428382,9.711366,0.28409997514891805
4.0,0.010008163330548558,-2.7031362,-4.234258e-06,-1.3515093,-1.3515093,-1.3515034,-1.3515034,2.9424348,9.710035,0.28411635263875235
4.0,0.010008743228826176,-2.6888375,-4.339677e-06,-1.3443599,-1.3443599,-1.3443539,-1.3443539,2.9419978,9.708592,0.2841341154548296
4.0,0.01000940710954634,-2.6730149,-4.5395823e-06,-1.3364484,-1.3364484,-1.3364424,-1.3364424,2.941468,9.706844,0.284154455335714
4.0,0.010010167970763519,-2.6554313,-5.0067897e-06,-1.3276561,-1.3276561,-1.3276502,-1.3276502,2.940824,9.70472,0.284180474203149
4.0,0.010011230444031589,-2.6315084,-6.682716e-06,-1.3156939,-1.3156939,-1.3156879,-1.3156879,2.9398608,9.701541,0.2842112267624931
4.0,0.010012324442565003,-2.607202,-1.0701259e-05,-1.3035388,-1.3035388,-1.3035327,-1.3035327,2.9387925,9.698016,0.28424343906861305
4.0,0.010013490920434251,-2.581082,-1.7672492e-05,-1.2904755,-1.2904755,-1.2904694,-1.2904694,2.9375684,9.693975,0.2842807656322695
4.0,0.010014945992209416,-2.5472684,-2.7925025e-05,-1.2735639,-1.2735639,-1.2735579,-1.2735579,2.935915,9.6885195,0.2843174832392224
4.0,0.010016072606726255,-2.519412,-3.5568366e-05,-1.2596323,-1.2596323,-1.2596263,-1.2596264,2.9345343,9.683964,0.28434597897872715
4.0,0.010016951468655997,-2.496186,-4.0992672e-05,-1.2480171,-1.2480171,-1.248011,-1.248011,2.9333923,9.680195,0.2843673535960517
4.0,0.010017578083622079,-2.4786046,-4.454509e-05,-1.2392249,-1.2392249,-1.2392188,-1.239219,2.932541,9.677385,0.28438372054045724
4.0,0.010018104909959177,-2.4630406,-4.7321373e-05,-1.231442,-1.231442,-1.2314359,-1.2314359,2.9317994,9.674938,0.28439805532224227
4.0,0.01001858882167981,-2.4480262,-4.9723683e-05,-1.2239339,-1.2239339,-1.2239279,-1.2239279,2.931097,9.672621,0.284411990374885
4.0,0.010019087934229278,-2.431729,-5.2059095e-05,-1.2157848,-1.2157848,-1.2157787,-1.2157787,2.9303496,9.670154,0.2844256226800626
4.0,0.01001955097986607,-2.4157884,-5.4141685e-05,-1.2078139,-1.2078139,-1.2078078,-1.2078078,2.9296343,9.667793,0.28443866255380373
4.0,0.010020008728502417,-2.3991656,-5.6165838e-05,-1.1995021,-1.1995021,-1.199496,-1.199496,2.9289055,9.665388,0.28445145739542493
4.0,0.010020454921239205,-2.382048,-5.8226455e-05,-1.190943,-1.190943,-1.190937,-1.190937,2.9281728,9.6629715,0.2844641068029062
4.0,0.010020902842229732,-2.3638616,-6.0529233e-05,-1.1818498,-1.1818498,-1.1818438,-1.1818439,2.9274142,9.660467,0.2844770099178288
4.0,0.01002136744099346,-2.3438268,-6.335958e-05,-1.1718328,-1.1718328,-1.1718267,-1.1718267,2.9266012,9.657784,0.28449086515218136
4.0,0.010021883241170591,-2.3200343,-6.6962566e-05,-1.1599373,-1.1599373,-1.1599312,-1.1599313,2.9256654,9.6546955,0.2845050622331927
4.0,0.010022372671873005,-2.2957811,-7.0459886e-05,-1.1478115,-1.1478115,-1.1478055,-1.1478055,2.9247425,9.651649,0.28451925800007205
4.0,0.01002288901353348,-2.2682166,-7.377051e-05,-1.13403,-1.13403,-1.1340239,-1.134024,2.9237292,9.648306,0.2845338431333805
4.0,0.010023406747221065,-2.2382963,-7.66839e-05,-1.1190705,-1.1190705,-1.1190646,-1.1190646,2.922669,9.644808,0.2845485546285694
4.0,0.010023932804701314,-2.2052655,-7.919434e-05,-1.1025559,-1.1025559,-1.1025498,-1.1025499,2.9215426,9.641091,0.28456348016056393
4.0,0.010024466541085039,-2.1686988,-8.1402526e-05,-1.0842731,-1.0842731,-1.084267,-1.084267,2.9203446,9.637136,0.2845786806432637
4.0,0.010025013007443379,-2.1276484,-8.3242405e-05,-1.0637485,-1.0637485,-1.0637425,-1.0637425,2.9190545,9.63288,0.28459439986679974
4.0,0.010025584594942238,-2.0802495,-8.476276e-05,-1.0400497,-1.0400497,-1.0400436,-1.0400437,2.9176297,9.628178,0.2846111984896752
4.0,0.010026209002557197,-2.0224502,-8.589222e-05,-1.0111506,-1.0111506,-1.0111445,-1.0111446,2.9159749,9.622717,0.28463044658556647
4.0,0.010026956538613697,-1.9434782,-8.694132e-05,-0.97166526,-0.97166526,-0.97165924,-0.97165924,2.91384,9.615672,0.28465649664687603
4.0,0.010028068490646686,-1.8012383,-8.884117e-05,-0.90054715,-0.90054715,-0.90054107,-0.9005411,2.910294,9.603971,0.284685674273763
4.0,0.010029044354846497,-1.66219,-9.0559864e-05,-0.8310243,-0.8310243,-0.8310182,-0.83101827,2.9067724,9.592348,0.2847176504528054
4.0,0.010030362106111551,-1.4830145,-9.2320486e-05,-0.741438,-0.741438,-0.7414319,-0.741432,2.9014022,9.574627,0.28475423366436614
4.0,0.010031678150139707,-1.3133943,-9.465144e-05,-0.6566302,-0.6566302,-0.65662414,-0.6566242,2.8953693,9.554719,0.28478884589023234
4.0,0.010032864396103488,-1.1681085,-9.595619e-05,-0.5839889,-0.5839889,-0.5839828,-0.5839829,2.8893893,9.534985,0.28483364148543794
4.0,0.01003493006574467,-0.9319921,-9.865441e-05,-0.4659344,-0.4659344,-0.46592832,-0.46592838,2.877843,9.4968815,0.2849032104329166
4.0,0.01003795532863933,-0.62600183,-0.000100772595,-0.3129438,-0.3129438,-0.3129377,-0.31293777,2.8586016,9.433385,0.28499179434504684
4.0,0.010041500039864665,-0.33415735,-0.00010242008,-0.16702679,-0.16702679,-0.16702071,-0.16702074,2.8331072,9.349254,0.285082698062972
4.0,0.010044819240296788,-0.13632686,-0.00010195838,-0.06811477,-0.06811477,-0.06810869,-0.06810871,2.807055,9.263283,0.28515296634117726
4.0,0.010046904763119131,-0.05449005,-0.00010152657,-0.02719828,-0.02719828,-0.027192192,-0.027192209,2.7899518,9.206841,0.28519801301179215
4.0,0.010048326640587425,-0.019298334,-0.00010043758,-0.0096029285,-0.0096029285,-0.009596843,-0.009596852,2.7781074,9.167755,0.2852277828505558
4.0,0.01004924249369406,-0.0060173664,-0.00010023834,-0.002963214,-0.002963214,-0.0029571282,-0.0029571345,2.770441,9.142456,0.2852464562060052
4.0,0.010049801126250568,-0.0016717609,-0.00010005815,-0.00079062063,-0.00079062063,-0.0007845396,-0.000784541,2.7657616,9.127013,0.28525724917122375
4.0,0.010050097614245699,-0.0005513636,-0.00010348909,-0.00023270957,-0.00023270957,-0.00022664183,-0.00022664452,2.7632792,9.118821,0.2852630335307089
4.0,0.01005026024158397,-0.00027845937,-0.00013110324,-0.00011166881,-0.00011166881,-0.000105693274,-0.00010569272,2.761918,9.11433,0.2852666599665281
4.0,0.01005038573493848,-0.00020930788,-0.0001435942,-8.453725e-05,-8.453725e-05,-7.8666795e-05,-7.866884e-05,2.7608683,9.110866,0.28526978017441706
4.0,0.010050508330975339,-0.000191402,-0.00014701905,-7.7751116e-05,-7.7751116e-05,-7.194672e-05,-7.194605e-05,2.7598433,9.107482,0.2852729477228038
4.0,0.010050637775538062,-0.00018460947,-0.00014798512,-7.547552e-05,-7.547552e-05,-6.9707734e-05,-6.970971e-05,2.7587614,9.103912,0.28527621047686885
4.0,0.010050768150700773,-0.00018130035,-0.00014813528,-7.419231e-05,-7.419231e-05,-6.8448775e-05,-6.844805e-05,2.757672,9.100318,0.28528090534297923
4.0,0.01005101193264943,-0.00017782033,-0.00014820574,-7.344121e-05,-7.344121e-05,-6.772436e-05,-6.772624e-05,2.7556362,9.0936,0.2852883967392403
4.0,0.010051366059592953,-0.00017351127,-0.00014777147,-7.205933e-05,-7.205933e-05,-6.637098e-05,-6.6370114e-05,2.7526817,9.08385,0.2852981223885584
4.0,0.010051789830643813,-0.00016834785,-0.00014777672,-7.099995e-05,-7.099995e-05,-6.533666e-05,-6.533839e-05,2.7491503,9.072196,0.2853107179753449
4.0,0.010052376097083284,-0.00015955664,-0.00014790296,-6.839775e-05,-6.839775e-05,-6.276651e-05,-6.2765495e-05,2.7442722,9.056099,0.2853250101864373
4.0,0.010052939998039762,-0.0001485293,-0.00014960776,-6.5689695e-05,-6.5689695e-05,-6.0083068e-05,-6.0084672e-05,2.7395885,9.040642,0.2853401256396134
4.0,0.010053596677945139,-0.00012830854,-0.00015410487,-5.972743e-05,-5.972743e-05,-5.414792e-05,-5.4146814e-05,2.7341442,9.0226755,0.2853576764477021
4.0,0.01005436288484613,-8.927505e-05,-0.00016731505,-4.919986e-05,-4.919986e-05,-4.3636875e-05,-4.36384e-05,2.7278054,9.001758,0.2853752376827542
4.0,0.010055027034680938,-7.8396035e-05,-0.00017495173,-4.840029e-05,-4.840029e-05,-4.2783642e-05,-4.278235e-05,2.7223227,8.983665,0.2853928890698913
4.0,0.010055806381112196,-8.257542e-05,-0.00017802836,-5.2659707e-05,-5.2659707e-05,-4.692173e-05,-4.6923e-05,2.7159033,8.962481,0.285408435096909
4.0,0.010056304375782192,-8.361458e-05,-0.00017831089,-5.3543656e-05,-5.3543656e-05,-4.7754627e-05,-4.7753223e-05,2.7118092,8.948971,0.28541979485135804
4.0,0.010056742577011345,-8.4266656e-05,-0.00017863145,-5.4576158e-05,-5.4576158e-05,-4.8758062e-05,-4.875936e-05,2.708212,8.937099,0.2854312630423027
4.0,0.010057252020757036,-8.4203275e-05,-0.00017790748,-5.4540233e-05,-5.4540233e-05,-4.870466e-05,-4.870333e-05,2.7040355,8.923317,0.2854427759578999
4.0,0.0100576968587567,-8.430514e-05,-0.00017771382,-5.5112196e-05,-5.5112196e-05,-4.9266087e-05,-4.926746e-05,2.7003942,8.911301,0.2854527420554904
4.0,0.010058080319266239,-8.3966406e-05,-0.00017685439,-5.4778873e-05,-5.4778873e-05,-4.8929414e-05,-4.892815e-05,2.6972592,8.900955,0.2854632984124699
4.0,0.010058576255351443,-8.3905274e-05,-0.00017644442,-5.5237222e-05,-5.5237222e-05,-4.9382772e-05,-4.9384198e-05,2.6932101,8.887593,0.2854747454150428
4.0,0.01005903678052079,-8.3464576e-05,-0.00017539455,-5.4858192e-05,-5.4858192e-05,-4.9003214e-05,-4.9002e-05,2.6894555,8.875203,0.2854874046280673
4.0,0.010059636958898105,-8.330242e-05,-0.00017475292,-5.5284185e-05,-5.5284185e-05,-4.9426417e-05,-4.9427876e-05,2.6845703,8.859081,0.28550176893015283
4.0,0.010060244736316594,-8.275954e-05,-0.00017341606,-5.4897828e-05,-5.4897828e-05,-4.9040602e-05,-4.903942e-05,2.6796322,8.842786,0.285516403004124
4.0,0.010060872140880972,-8.257421e-05,-0.00017268625,-5.5317865e-05,-5.5317865e-05,-4.9458766e-05,-4.9460243e-05,2.674544,8.825995,0.28553191643334247
4.0,0.010061559126579186,-8.198792e-05,-0.00017118866,-5.4935044e-05,-5.4935044e-05,-4.9076913e-05,-4.907575e-05,2.668984,8.807647,0.28554928835112015
4.0,0.010062350132327537,-8.171445e-05,-0.00017016203,-5.5360313e-05,-5.5360313e-05,-4.9500533e-05,-4.9502018e-05,2.6625962,8.786568,0.2855695035896621
4.0,0.010063287287919472,-8.099713e-05,-0.00016822875,-5.498782e-05,-5.498782e-05,-4.912916e-05,-4.9128e-05,2.655048,8.761658,0.28559332329637704
4.0,0.01006439802768643,-8.056056e-05,-0.00016665999,-5.5422974e-05,-5.5422974e-05,-4.9562823e-05,-4.956431e-05,2.6461294,8.732226,0.2856224222716602
4.0,0.010065805960119212,-7.960834e-05,-0.00016394933,-5.506475e-05,-5.506475e-05,-4.9205904e-05,-4.9204747e-05,2.6348674,8.695063,0.2856590019316364
4.0,0.010067591316310751,-7.883469e-05,-0.00016126086,-5.5521745e-05,-5.5521745e-05,-4.9661667e-05,-4.9663155e-05,2.6206555,8.648164,0.2856915636429454
4.0,0.010068679408295126,-7.806416e-05,-0.00015904802,-5.5166987e-05,-5.5166987e-05,-4.9308353e-05,-4.93072e-05,2.6120317,8.619704,0.2857105556954736
4.0,0.010069278378528756,-7.7915356e-05,-0.00015828444,-5.5601966e-05,-5.5601966e-05,-4.974204e-05,-4.974353e-05,2.6072967,8.604079,0.2857206392414392
4.0,0.010069578384952163,0.00013018431,-0.0013218727,-0.00052410015,-0.00052410015,-0.000517665,-0.0005176598,2.604929,8.596266,0.28572572305840765
4.0,0.010069732439502611,0.000114136266,-0.0013140109,-0.0005284976,-0.0005284976,-0.0005217699,-0.00052177295,2.603714,8.592257,0.28572912933782724
4.0,0.010069882900699215,0.00014192218,-0.0013591988,-0.00053587696,-0.00053587696,-0.00052910554,-0.00052910036,2.6025279,8.588342,0.2857323709351745
4.0,0.01007002249717859,0.00013310096,-0.0013908268,-0.0005557934,-0.0005557934,-0.0005489464,-0.00054894947,2.601428,8.584712,0.2857365079049619
4.0,0.010070253389263949,0.00015055791,-0.0014179525,-0.0005593547,-0.0005593547,-0.00055245135,-0.0005524466,2.5996099,8.578712,0.28574222661713544
4.0,0.010070535356132436,0.0001431639,-0.0014433984,-0.0005746601,-0.0005746601,-0.000567676,-0.0005676793,2.5973911,8.571391,0.28574979760200164
4.0,0.010070933522020934,0.00015538462,-0.0014629153,-0.0005764673,-0.0005764673,-0.0005694114,-0.00056940696,2.5942614,8.561063,0.2857565162127095
4.0,0.010071140373799239,0.00014728474,-0.0014746172,-0.0005855067,-0.0005855067,-0.0005784022,-0.0005784057,2.592637,8.555702,0.28575999155668286
4.0,0.010071246872520898,4.484771e-05,-0.0017453736,-0.0007778517,-0.0007778517,-0.0007709959,-0.00077098893,2.5918012,8.552944,0.28576153482285555
4.0,0.010071279610436657,5.1878555e-07,-0.0020711352,-0.00096494047,-0.00096494047,-0.000958244,-0.00095824123,2.5915444,8.552096,0.2857620433120757
4.0,0.010071292758553202,1.4503215e-05,-0.0022925446,-0.00106835,-0.00106835,-0.001061717,-0.0010617066,2.5914414,8.551757,0.28576228028854717
4.0,0.01007130099687595,1.0736641e-05,-0.0024346497,-0.0011411292,-0.0011411292,-0.0011345223,-0.0011345178,2.5913768,8.551544,0.2857624728541628
4.0,0.010071310137907607,1.1200597e-05,-0.0026001858,-0.0012238249,-0.0012238249,-0.0012172514,-0.0012172406,2.5913053,8.551308,0.2857626803720388
4.0,0.010071319726730704,1.0436577e-05,-0.0027833967,-0.0013158524,-0.0013158524,-0.0013093046,-0.0013092991,2.5912302,8.55106,0.285762979335212
4.0,0.01007133712286578,1.0632739e-05,-0.003133805,-0.0014909264,-0.0014909264,-0.0014844268,-0.0014844153,2.5910938,8.550609,0.28576355746343746
4.0,0.010071371915135931,9.903569e-06,-0.0039098742,-0.0018794936,-0.0018794936,-0.0018730623,-0.001873055,2.5908213,8.54971,0.2857645899913883
4.0,0.010071430350130856,1.0098143e-05,-0.0054250276,-0.0026369297,-0.0026369297,-0.002630583,-0.002630568,2.590364,8.548201,0.2857661383775834
4.0,0.010071511768786057,9.623148e-06,-0.007974941,-0.0039122873,-0.0039122873,-0.003906008,-0.0039059955,2.5897274,8.546101,0.28576830423851046
4.0,0.010071626071622255,1.0089418e-05,-0.012399301,-0.0061241305,-0.0061241305,-0.0061179115,-0.0061178897,2.5888357,8.543158,0.28577152384031934
4.0,0.010071802913736636,9.966026e-06,-0.021150444,-0.010499873,-0.010499873,-0.0104937,-0.010493677,2.5874608,8.53862,0.285776565560688
4.0,0.010072082473371956,1.091746e-05,-0.039542742,-0.019695371,-0.019695371,-0.019689243,-0.019689206,2.5853014,8.531494,0.2857830755327024
4.0,0.01007239321379976,1.1229585e-05,-0.06622923,-0.033038538,-0.033038538,-0.033032432,-0.03303239,2.5829265,8.523658,0.28578974326521245
4.0,0.010072688190855623,1.2308748e-05,-0.09728372,-0.04856508,-0.04856508,-0.048558995,-0.04855894,2.5807018,8.516315,0.28579612318666714
4.0,0.01007297378535155,1.2620898e-05,-0.13232547,-0.066085905,-0.066085905,-0.06607983,-0.06607977,2.5785797,8.509314,0.28580256101092094
4.0,0.010073274996179486,1.3750061e-05,-0.17423029,-0.08703762,-0.08703762,-0.087031566,-0.08703149,2.5763803,8.502054,0.2858088316412037
4.0,0.010073546327382214,1.4052767e-05,-0.2160286,-0.10793676,-0.10793676,-0.107930705,-0.10793064,2.5744362,8.49564,0.28581481502572165
4.0,0.010073822136449693,1.5134923e-05,-0.26216692,-0.13100526,-0.13100526,-0.13099921,-0.13099913,2.5724995,8.489248,0.2858211812806022
4.0,0.010074129355481673,1.5544809e-05,-0.31756443,-0.15870398,-0.15870398,-0.15869793,-0.15869786,2.5703928,8.482296,0.2858282288930493
4.0,0.010074468622368934,1.6797283e-05,-0.3832227,-0.19153239,-0.19153239,-0.19152635,-0.19152626,2.568132,8.474836,0.2858363127590231
4.0,0.010074872204323309,1.7465003e-05,-0.4668285,-0.23333514,-0.23333514,-0.2333291,-0.23332901,2.5655384,8.466277,0.2858457421416315
4.0,0.010075336867331712,1.9039288e-05,-0.56957227,-0.28470618,-0.28470618,-0.28470013,-0.28470004,2.5626895,8.456875,0.2858569508064536
4.0,0.010075906579258909,2.0128424e-05,-0.7035355,-0.35168746,-0.35168746,-0.35168144,-0.35168132,2.5594082,8.446047,0.2858706074613078
4.0,0.010076600384859299,2.2257887e-05,-0.87616295,-0.4380001,-0.4380001,-0.4379941,-0.43799397,2.5557446,8.433957,0.2858879133324775
4.0,0.010077512317024277,2.4141069e-05,-1.1144705,-0.5571532,-0.5571532,-0.5571472,-0.5571471,2.5515115,8.419989,0.2859109008211226
4.0,0.010078740378519746,2.741774e-05,-1.447196,-0.7235143,-0.7235143,-0.7235083,-0.7235082,2.546893,8.404746,0.2859436415655256
4.0,0.010080571343624004,3.1055202e-05,-1.9486035,-0.97421664,-0.97421664,-0.97421056,-0.97421044,2.5423472,8.389746,0.28599319163349324
4.0,0.010083386500213036,3.67201e-05,-2.686852,-1.3433383,-1.3433383,-1.3433322,-1.343332,2.5406606,8.38418,0.2860592140713572
4.0,0.010086770239116067,4.1283325e-05,-3.4685323,-1.7341766,-1.7341766,-1.7341706,-1.7341706,2.5463712,8.403025,0.2861296967022286
4.0,0.010089974517615006,4.5139088e-05,-4.0809674,-2.0403929,-2.0403929,-2.0403867,-2.0403867,2.5584202,8.442786,0.28620097854805027
4.0,0.010093370350462219,4.7419962e-05,-4.6012864,-2.300552,-2.300552,-2.300546,-2.300546,2.5768201,8.503507,0.28627926219714894
4.0,0.010097119792013672,4.9769526e-05,-5.0442634,-2.5220401,-2.5220401,-2.5220342,-2.5220342,2.6023178,8.587649,0.286353341216835
4.0,0.0101,5.038093e-05,-5.3069563,-2.6533873,-2.6533873,-2.6533813,-2.6533813,2.6247504,8.661676,0.286386081617057
4.0,0.010100000001,5.0442057e-05,-5.306957,-2.6533875,-2.6533875,-2.6533816,-2.6533813,2.6247504,8.661676,0.2863860818103023
4.0,0.010100000017,5.0750583e-05,-5.306958,-2.653388,-2.653388,-2.653382,-2.653382,2.6247506,8.661676,0.28638608235593604
4.0,0.010100000049,5.0373368e-05,-5.30696,-2.6533892,-2.6533892,-2.6533833,-2.6533833,2.6247509,8.661677,0.2863860834472038
4.0,0.010100000113,5.056742e-05,-5.306966,-2.6533918,-2.6533918,-2.6533859,-2.6533859,2.6247513,8.661679,0.2863860856297402
4.0,0.010100000240999999,5.0497747e-05,-5.306976,-2.653397,-2.653397,-2.6533911,-2.653391,2.6247525,8.661683,0.28638608999481674
4.0,0.010100000497,5.0601942e-05,-5.306997,-2.6534073,-2.6534073,-2.6534014,-2.6534014,2.6247544,8.66169,0.286386098724983
4.0,0.010100001009,5.0527353e-05,-5.3070383,-2.653428,-2.653428,-2.653422,-2.653422,2.6247587,8.661703,0.2863861161853712
4.0,0.010100002033,5.0604136e-05,-5.3071213,-2.6534696,-2.6534696,-2.6534636,-2.6534636,2.624767,8.661731,0.2863861511063702
4.0,0.010100004081000001,5.053512e-05,-5.307287,-2.6535525,-2.6535525,-2.6535466,-2.6535466,2.6247838,8.661786,0.2863862209492589
4.0,0.010100008177000002,5.060582e-05,-5.3076186,-2.6537182,-2.6537182,-2.6537123,-2.6537123,2.6248171,8.661896,0.2863863606385871
4.0,0.010100016369000004,5.053891e-05,-5.3082814,-2.6540496,-2.6540496,-2.6540437,-2.6540437,2.624884,8.662117,0.28638664003146996
4.0,0.010100032753000008,5.061238e-05,-5.3096056,-2.6547117,-2.6547117,-2.6547058,-2.6547058,2.6250174,8.662558,0.2863871988740951
4.0,0.010100065521000016,5.055254e-05,-5.3122487,-2.6560335,-2.6560335,-2.6560276,-2.6560276,2.625285,8.66344,0.2863883167870641
4.0,0.010100131057000031,5.0639097e-05,-5.317516,-2.6586668,-2.6586668,-2.658661,-2.658661,2.6258204,8.665207,0.28639055352518966
4.0,0.010100262129000063,5.0605453e-05,-5.3279696,-2.6638937,-2.6638937,-2.6638877,-2.6638877,2.626894,8.668751,0.2863950306606907
4.0,0.010100524273000126,5.0742274e-05,-5.3485613,-2.6741898,-2.6741898,-2.6741838,-2.6741838,2.6290524,8.675873,0.28640399965194285
4.0,0.010101048561000251,5.080182e-05,-5.388514,-2.6941662,-2.6941662,-2.6941602,-2.6941602,2.633412,8.690259,0.28642199717244715
4.0,0.010102097137000502,5.109686e-05,-5.463736,-2.7317774,-2.7317774,-2.7317715,-2.7317715,2.642291,8.719561,0.28645823535745585
4.0,0.010104194289001004,5.137304e-05,-5.597227,-2.7985234,-2.7985234,-2.7985175,-2.7985175,2.6606207,8.780048,0.28653172075347344
4.0,0.010108388593002008,5.178633e-05,-5.808609,-2.9042153,-2.9042153,-2.9042094,-2.9042094,2.6990929,8.907007,0.2866680606412617
4.0,0.010115536645336615,5.1590952e-05,-6.048295,-3.0240602,-3.0240602,-3.0240543,-3.0240543,2.7683394,9.13552,0.28680275302137404
4.0,0.010119040329422195,5.13503e-05,-6.12502,-3.062424,-3.062424,-3.062418,-3.062418,2.803395,9.251204,0.2868725173708255
4.0,0.010120916629609249,4.656443e-05,-6.049678,-3.0247598,-3.0247598,-3.0247536,-3.0247538,2.8219843,9.312549,0.2869211657341836
4.0,0.01012274265916154,4.330413e-05,-5.8414783,-2.9206643,-2.9206643,-2.9206583,-2.9206583,2.8391516,9.3692,0.28696003257811203
4.0,0.010123838885169129,4.0179504e-05,-5.677644,-2.8387513,-2.8387513,-2.8387454,-2.8387454,2.8487837,9.400987,0.2869908125816476
4.0,0.010125041271561113,3.841144e-05,-5.4796605,-2.739762,-2.739762,-2.739756,-2.739756,2.8586488,9.433541,0.2870302610359263
4.0,0.010126764548966369,3.4361194e-05,-5.1826606,-2.5912673,-2.5912673,-2.5912614,-2.5912614,2.8714323,9.475726,0.28708398141422775
4.0,0.010128990006431854,3.1401843e-05,-4.8065333,-2.4032075,-2.4032075,-2.4032016,-2.4032018,2.8855834,9.522426,0.2871522922750478
4.0,0.010131736633954672,2.6934653e-05,-4.389546,-2.1947198,-2.1947198,-2.1947138,-2.194714,2.899646,9.568832,0.2872347280518622
4.0,0.010134932131538005,2.4375877e-05,-3.9935858,-1.9967433,-1.9967433,-1.9967372,-1.9967374,2.9119713,9.609506,0.28732293290598143
4.0,0.010138040897205419,2.1260728e-05,-3.7012565,-1.8505828,-1.8505828,-1.8505769,-1.8505769,2.9206505,9.638146,0.2874231627293575
4.0,0.010142053342704701,1.9784033e-05,-3.4347184,-1.717316,-1.717316,-1.7173101,-1.7173101,2.9283898,9.663686,0.28754444525489953
4.0,0.010146612391814365,1.7348084e-05,-3.243977,-1.621949,-1.621949,-1.621943,-1.621943,2.9339676,9.682093,0.287718923036625
4.0,0.010154337505923518,1.6198708e-05,-3.0759797,-1.5379524,-1.5379524,-1.5379463,-1.5379463,2.9391427,9.699171,0.28793187777820073
4.0,0.01016155278466726,1.4347964e-05,-3.0138662,-1.5068984,-1.5068984,-1.5068924,-1.5068924,2.941409,9.70665,0.2881369818655717
4.0,0.010168704950326467,1.4151866e-05,-2.9858506,-1.4928912,-1.4928912,-1.4928851,-1.4928851,2.9426513,9.71075,0.28835924879240726
4.0,0.010177109334513965,1.2509499e-05,-2.9695632,-1.4847498,-1.4847498,-1.4847437,-1.4847438,2.9435253,9.713634,0.2886223608789537
4.0,0.010187109334513967,1.2223945e-05,-2.9598126,-1.4798748,-1.4798748,-1.4798688,-1.4798688,2.9441512,9.715699,0.28890840574360827
4.0,0.010197109334513966,1.0607382e-05,-2.9545722,-1.4772564,-1.4772564,-1.4772505,-1.4772505,2.944536,9.716969,0.2891945253763292
4.0,0.010207109334513966,1.0494846e-05,-2.9514196,-1.4756801,-1.4756801,-1.475674,-1.475674,2.9447849,9.71779,0.2894806933794115
4.0,0.010217109334513965,9.0528365e-06,-2.949427,-1.4746853,-1.4746853,-1.4746792,-1.4746792,2.9449499,9.718334,0.2897668934450243
4.0,0.010227109334513965,9.162245e-06,-2.948123,-1.4740329,-1.4740329,-1.4740268,-1.4740268,2.945061,9.718701,0.29005311512089715
4.0,0.010237109334513966,7.9827505e-06,-2.9472578,-1.4736016,-1.4736016,-1.4735955,-1.4735955,2.9451365,9.71895,0.29033289281861585
4.0,0.010246658052595545,7.920881e-06,-2.946693,-1.4733186,-1.4733186,-1.4733126,-1.4733126,2.9451864,9.719115,0.2905032349672263
4.0,0.010249011133511452,6.8226796e-06,-2.946586,-1.4732664,-1.4732664,-1.4732603,-1.4732603,2.9451962,9.719147,0.29058114640652566
4.0,0.01025210168578166,7.284719e-06,-2.9464552,-1.4732002,-1.4732002,-1.4731941,-1.4731941,2.9452076,9.719186,0.2906677031650882
4.0,0.01025505876326781,6.0938064e-06,-2.9463465,-1.473147,-1.473147,-1.4731411,-1.4731411,2.9452176,9.719217,0.290761633081472
4.0,0.010258664426597371,6.5278196e-06,-2.9462261,-1.473086,-1.473086,-1.4730799,-1.4730799,2.945228,9.719254,0.2908625761808567
4.0,0.010262111453321775,5.3520034e-06,-2.9461277,-1.473038,-1.473038,-1.473032,-1.473032,2.9452372,9.719282,0.29095128719964625
4.0,0.010264862448355441,5.9519475e-06,-2.9460554,-1.473001,-1.473001,-1.4729949,-1.4729949,2.9452436,9.719304,0.2910288749482802
4.0,0.010267532295218746,4.8932116e-06,-2.9459944,-1.4729716,-1.4729716,-1.4729656,-1.4729656,2.945249,9.719322,0.2911090422131301
4.0,0.010270463493406302,5.51754e-06,-2.9459314,-1.4729393,-1.4729393,-1.4729332,-1.4729332,2.9452546,9.71934,0.2911895914256013
4.0,0.010273160004799473,4.4772587e-06,-2.9458816,-1.4729154,-1.4729154,-1.4729093,-1.4729093,2.9452593,9.719356,0.29126705764136557
4.0,0.010275875786797764,5.1390793e-06,-2.9458337,-1.4728905,-1.4728905,-1.4728845,-1.4728845,2.9452634,9.719369,0.29134549842575364
4.0,0.010278640372918632,4.102324e-06,-2.945792,-1.4728707,-1.4728707,-1.4728646,-1.4728646,2.9452674,9.719382,0.291425318459119
4.0,0.010281452502346697,4.771584e-06,-2.9457514,-1.4728495,-1.4728495,-1.4728435,-1.4728435,2.945271,9.719394,0.2915073845821795
4.0,0.010284374000273176,3.7288069e-06,-2.9457154,-1.4728327,-1.4728327,-1.4728266,-1.4728266,2.9452744,9.719405,0.29159791424313636
4.0,0.010287777428457736,4.3716395e-06,-2.945676,-1.472812,-1.472812,-1.4728061,-1.472806,2.9452777,9.719417,0.29170449616442584
4.0,0.010291820412838274,3.2638006e-06,-2.9456372,-1.4727937,-1.4727937,-1.4727877,-1.4727877,2.9452813,9.719428,0.29183762775537386
4.0,0.010297078727981655,3.8065957e-06,-2.9455926,-1.4727705,-1.4727705,-1.4727645,-1.4727645,2.9452853,9.719442,0.29201421178485654
4.0,0.010304157501518398,2.5327558e-06,-2.9455462,-1.4727484,-1.4727484,-1.4727423,-1.4727424,2.9452896,9.719456,0.2922586654941127
4.0,0.010314157501518397,2.8388517e-06,-2.945496,-1.4727224,-1.4727224,-1.4727165,-1.4727165,2.9452941,9.719471,0.29254493250766256
4.0,0.010324157501518398,1.4659083e-06,-2.9454627,-1.4727069,-1.4727069,-1.4727008,-1.4727008,2.9452972,9.7194805,0.29283120009341695
4.0,0.010334157501518398,1.8731034e-06,-2.9454384,-1.4726937,-1.4726937,-1.4726876,-1.4726876,2.9452994,9.719488,0.29311746811786155
4.0,0.010344157501518398,6.2204913e-07,-2.9454226,-1.4726869,-1.4726869,-1.4726808,-1.4726808,2.9453008,9.719493,0.2934037364284084
4.0,0.010354157501518397,1.1672618e-06,-2.9454105,-1.4726797,-1.4726797,-1.4726737,-1.4726737,2.945302,9.719497,0.2936900049678371
4.0,0.010364157501518399,5.332851e-08,-2.9454036,-1.4726772,-1.4726772,-1.4726712,-1.4726712,2.9453027,9.719499,0.29397627362170675
4.0,0.010374157501518398,7.26877e-07,-2.9453971,-1.472673,-1.472673,-1.472667,-1.472667,2.9453032,9.7195,0.2942625423518703
4.0,0.010384157501518398,-2.790559e-07,-2.9453943,-1.4726725,-1.4726725,-1.4726665,-1.4726665,2.9453034,9.7195015,0.2945488111583278
4.0,0.010394157501518397,4.834591e-07,-2.945391,-1.4726698,-1.4726698,-1.4726638,-1.4726638,2.9453037,9.719502,0.2948350800220058
4.0,0.010404157501518399,-4.5555183e-07,-2.9453897,-1.4726702,-1.4726702,-1.4726642,-1.4726642,2.945304,9.719503,0.29512134894290426
4.0,0.010414157501518398,3.5863604e-07,-2.9453878,-1.4726683,-1.4726683,-1.4726622,-1.4726622,2.9453042,9.719503,0.2954076178828762
4.0,0.010424157501518398,-5.4439874e-07,-2.9453876,-1.4726691,-1.4726691,-1.4726632,-1.4726632,2.9453042,9.719504,0.29569388684192155
4.0,0.010434157501518397,2.972135e-07,-2.9453862,-1.4726675,-1.4726675,-1.4726615,-1.4726615,2.9453042,9.719504,0.295980155800967
4.0,0.010444157501518399,-5.8805034e-07,-2.9453866,-1.4726686,-1.4726686,-1.4726626,-1.4726626,2.9453042,9.719504,0.2962664247600124
4.0,0.010454157501518398,2.6766986e-07,-2.9453855,-1.4726671,-1.4726671,-1.4726611,-1.4726611,2.9453042,9.719504,0.2965526937190578
4.0,0.010464157501518398,-6.0936406e-07,-2.945386,-1.4726684,-1.4726684,-1.4726623,-1.4726623,2.9453042,9.719504,0.29683896267810317
4.0,0.010474157501518398,2.5367797e-07,-2.9453852,-1.472667,-1.472667,-1.4726609,-1.4726609,2.9453042,9.719504,0.29712523163714855
4.0,0.010484157501518397,-6.1986776e-07,-2.9453857,-1.4726683,-1.4726683,-1.4726622,-1.4726622,2.9453044,9.719504,0.29741150063434096
4.0,0.010494157501518398,2.4717005e-07,-2.945385,-1.4726669,-1.4726669,-1.4726609,-1.4726609,2.9453044,9.719504,0.2976977696315334
4.0,0.010504157501518398,-6.2517927e-07,-2.9453857,-1.4726682,-1.4726682,-1.4726621,-1.4726621,2.9453044,9.719504,0.29798403862872574
4.0,0.010514157501518398,2.4424762e-07,-2.945385,-1.4726669,-1.4726669,-1.4726608,-1.4726608,2.9453044,9.719504,0.2982703076259181
4.0,0.010524157501518397,-6.2799836e-07,-2.9453857,-1.4726682,-1.4726682,-1.4726621,-1.4726621,2.9453044,9.719504,0.2985565766231105
4.0,0.010534157501518399,2.4304342e-07,-2.945385,-1.4726669,-1.4726669,-1.4726608,-1.4726608,2.9453044,9.719504,0.29884284562030294
4.0,0.010544157501518398,-6.296159e-07,-2.9453855,-1.4726682,-1.4726682,-1.4726621,-1.4726621,2.9453044,9.719504,0.2991291146174953
4.0,0.010554157501518398,2.4266527e-07,-2.945385,-1.4726669,-1.4726669,-1.4726608,-1.4726608,2.9453044,9.719504,0.29941538361468767
4.0,0.010564157501518397,-6.3064886e-07,-2.9453855,-1.4726682,-1.4726682,-1.4726621,-1.4726621,2.9453044,9.719504,0.2997016526118801
4.0,0.010574157501518399,2.4268627e-07,-2.945385,-1.4726669,-1.4726669,-1.4726608,-1.4726608,2.9453044,9.719504,0.2999879216090725
4.0,0.010584157501518398,-6.3139305e-07,-2.9453855,-1.472668,-1.472668,-1.4726621,-1.4726621,2.9453044,9.719504,0.30027419060626487
4.0,0.010594157501518398,2.4290134e-07,-2.945385,-1.4726669,-1.4726669,-1.4726608,-1.4726608,2.9453044,9.719504,0.30056045960345723
4.0,0.010604157501518397,-6.319911e-07,-2.9453855,-1.472668,-1.472668,-1.4726621,-1.4726621,2.9453044,9.719504,0.30084672860064965
4.0,0.010614157501518399,2.4321125e-07,-2.945385,-1.4726669,-1.4726669,-1.4726608,-1.4726608,2.9453044,9.719504,0.30113299759784207
4.0,0.010624157501518398,-6.325124e-07,-2.9453855,-1.472668,-1.472668,-1.4726621,-1.4726621,2.9453044,9.719504,0.30141926659503443
4.0,0.010634157501518398,2.435674e-07,-2.945385,-1.4726669,-1.4726669,-1.4726608,-1.4726608,2.9453044,9.719504,0.3017055355922268
4.0,0.010644157501518398,-6.3299115e-07,-2.9453855,-1.472668,-1.472668,-1.4726621,-1.4726621,2.9453044,9.719504,0.30199180458941915
4.0,0.010654157501518397,2.439458e-07,-2.945385,-1.4726669,-1.4726669,-1.4726608,-1.4726608,2.9453044,9.719504,0.3022780735866116
4.0,0.010664157501518398,-6.334445e-07,-2.9453855,-1.472668,-1.472668,-1.4726621,-1.4726621,2.9453044,9.719504,0.302564342583804
4.0,0.010674157501518398,2.4433425e-07,-2.945385,-1.4726669,-1.4726669,-1.4726608,-1.4726608,2.9453044,9.719504,0.30285061158099635
4.0,0.010684157501518398,-6.3388126e-07,-2.9453855,-1.472668,-1.472668,-1.4726621,-1.4726621,2.9453044,9.719504,0.3031368805781887
4.0,0.010694157501518397,2.4472644e-07,-2.945385,-1.4726669,-1.4726669,-1.4726608,-1.4726608,2.9453044,9.719504,0.30342314957538113
4.0,0.010704157501518399,-6.3430616e-07,-2.9453855,-1.472668,-1.472668,-1.4726621,-1.4726621,2.9453044,9.719504,0.30370941857257355
4.0,0.010714157501518398,2.4511897e-07,-2.945385,-1.4726669,-1.4726669,-1.4726608,-1.4726608,2.9453044,9.719504,0.3039956875697659
4.0,0.010724157501518398,-6.347218e-07,-2.9453855,-1.472668,-1.472668,-1.472662,-1.4726621,2.9453044,9.719504,0.3042819565669583
4.0,0.010734157501518397,2.4550997e-07,-2.945385,-1.4726669,-1.4726669,-1.4726608,-1.4726608,2.9453044,9.719504,0.3045682255641507
4.0,0.010744157501518399,-6.351297e-07,-2.9453855,-1.472668,-1.472668,-1.472662,-1.472662,2.9453044,9.719504,0.3048544945613431
4.0,0.010754157501518398,2.4589838e-07,-2.945385,-1.4726669,-1.4726669,-1.4726608,-1.4726608,2.9453044,9.719504,0.3051407635585355
4.0,0.010764157501518398,-6.3553074e-07,-2.9453855,-1.472668,-1.472668,-1.472662,-1.472662,2.9453044,9.719504,0.30542703255572784
4.0,0.010774157501518397,2.4628352e-07,-2.945385,-1.4726669,-1.4726669,-1.4726609,-1.4726608,2.9453044,9.719504,0.3057133015529202
4.0,0.010784157501518397,-6.359255e-07,-2.9453855,-1.472668,-1.472668,-1.472662,-1.472662,2.9453044,9.719504,0.3059995705501126
4.0,0.010794157501518398,2.4666502e-07,-2.945385,-1.4726669,-1.4726669,-1.4726609,-1.4726609,2.9453044,9.719504,0.30628583954730504
4.0,0.010804157501518398,-6.363145e-07,-2.9453855,-1.472668,-1.472668,-1.472662,-1.472662,2.9453044,9.719504,0.3065721085444974
4.0,0.010814157501518398,2.4704258e-07,-2.945385,-1.4726669,-1.4726669,-1.4726609,-1.4726609,2.9453044,9.719504,0.30685837754168976
4.0,0.010824157501518397,-6.3669796e-07,-2.9453855,-1.472668,-1.472668,-1.472662,-1.472662,2.9453044,9.719504,0.3071446465388822
4.0,0.010834157501518399,2.4741607e-07,-2.945385,-1.4726669,-1.4726669,-1.4726609,-1.4726609,2.9453044,9.719504,0.3074309155360746
4.0,0.010844157501518398,-6.370761e-07,-2.9453855,-1.472668,-1.472668,-1.472662,-1.472662,2.9453044,9.719504,0.30771718453326696
4.0,0.010854157501518398,2.4778538e-07,-2.945385,-1.4726669,-1.4726669,-1.4726609,-1.4726609,2.9453044,9.719504,0.3080034535304593
4.0,0.010864157501518397,-6.374491e-07,-2.9453855,-1.472668,-1.472668,-1.472662,-1.472662,2.9453044,9.719504,0.30828972252765174
4.0,0.010874157501518399,2.481504e-07,-2.945385,-1.4726669,-1.4726669,-1.4726609,-1.4726609,2.9453044,9.719504,0.30857599152484416
4.0,0.010884157501518398,-6.3781704e-07,-2.9453855,-1.472668,-1.472668,-1.472662,-1.472662,2.9453044,9.719504,0.3088622605220365
4.0,0.010894157501518398,2.4851116e-07,-2.9453852,-1.4726669,-1.4726669,-1.4726609,-1.4726609,2.9453044,9.719504,0.3091485295192289
4.0,0.010904157501518397,-6.3818015e-07,-2.9453855,-1.472668,-1.472668,-1.472662,-1.472662,2.9453044,9.719504,0.3094347985164213
4.0,0.010914157501518399,2.4886756e-07,-2.9453852,-1.4726669,-1.4726669,-1.4726609,-1.4726609,2.9453044,9.719504,0.3097210675136137
4.0,0.010924157501518398,-6.385385e-07,-2.9453852,-1.472668,-1.472668,-1.472662,-1.472662,2.9453044,9.719504,0.3100073365108061
4.0,0.010934157501518398,2.4921965e-07,-2.9453852,-1.4726669,-1.4726669,-1.4726609,-1.4726609,2.9453044,9.719504,0.31029360550799845
4.0,0.010944157501518397,-6.3889206e-07,-2.9453852,-1.472668,-1.472668,-1.472662,-1.472662,2.9453044,9.719504,0.3105798745051908
4.0,0.010954157501518397,2.4956742e-07,-2.9453852,-1.4726669,-1.4726669,-1.4726609,-1.4726609,2.9453044,9.719504,0.31086614350238323
4.0,0.010964157501518398,-6.39241e-07,-2.9453852,-1.472668,-1.472668,-1.472662,-1.472662,2.9453044,9.719504,0.31115241249957565
4.0,0.010974157501518398,2.499109e-07,-2.9453852,-1.4726669,-1.4726669,-1.4726609,-1.4726609,2.9453044,9.719504,0.311438681496768
4.0,0.010984157501518398,-6.3958544e-07,-2.9453852,-1.472668,-1.472668,-1.472662,-1.472662,2.9453044,9.719504,0.3117249504939604
4.0,0.010994157501518397,2.5025005e-07,-2.9453852,-1.472667,-1.472667,-1.4726609,-1.4726609,2.9453044,9.719504,0.31195171131594135
4.0,0.011000000001,-6.400444e-07,-2.9453852,-1.472668,-1.472668,-1.472662,-1.472662,2.9453044,9.719504,0.31203533765363956
4.0,0.011000000002,-6.326998e-07,-2.9453852,-1.472668,-1.472668,-1.472662,-1.472662,2.9453044,9.719504,0.3120353378969682
4.0,0.011000000018,-5.428469e-07,-2.9453855,-1.4726679,-1.4726679,-1.4726619,-1.4726619,2.9453044,9.719504,0.3120353385840138
4.0,0.01100000005,-4.475387e-07,-2.9453855,-1.4726679,-1.4726679,-1.4726619,-1.4726619,2.9453044,9.719504,0.31203533995810495
4.0,0.011000000114,-3.917159e-07,-2.9453857,-1.4726678,-1.4726678,-1.4726619,-1.4726619,2.9453044,9.719504,0.31203534270628736
4.0,0.011000000242000001,-3.0869126e-07,-2.9453857,-1.4726678,-1.4726678,-1.4726617,-1.4726617,2.9453044,9.719504,0.3120353482026521
4.0,0.011000000498,-2.825154e-07,-2.9453857,-1.4726678,-1.4726678,-1.4726617,-1.4726617,2.9453044,9.719504,0.31203535919538156
4.0,0.01100000101,-1.9727773e-07,-2.9453857,-1.4726677,-1.4726677,-1.4726617,-1.4726617,2.9453044,9.719504,0.31203538118084057
4.0,0.011000002034,-1.7382999e-07,-2.9453857,-1.4726677,-1.4726677,-1.4726617,-1.4726617,2.9453044,9.719504,0.3120354251517586
4.0,0.011000004082000001,-1.422755e-07,-2.9453857,-1.4726677,-1.4726677,-1.4726616,-1.4726616,2.9453044,9.719504,0.3120355079065191
4.0,0.011000007815608304,-1.795993e-07,-2.9453857,-1.4726677,-1.4726677,-1.4726616,-1.4726616,2.9453044,9.719504,0.3120356491745197
4.0,0.011000013951598312,-1.6678705e-07,-2.9453855,-1.4726676,-1.4726676,-1.4726616,-1.4726616,2.9453044,9.719504,0.31203591265607566
4.0,0.011000026223578327,-2.0235282e-07,-2.9453855,-1.4726676,-1.4726676,-1.4726615,-1.4726615,2.9453044,9.719504,0.31203643961918753
4.0,0.011000050767538358,-1.8290191e-07,-2.9453852,-1.4726675,-1.4726675,-1.4726615,-1.4726615,2.9453044,9.719504,0.3120374935454113
4.0,0.01100009985545842,-2.0673085e-07,-2.9453852,-1.4726675,-1.4726675,-1.4726614,-1.4726614,2.9453044,9.719504,0.31203960139785886
4.0,0.011000198031298543,-1.8275217e-07,-2.9453852,-1.4726675,-1.4726675,-1.4726614,-1.4726614,2.9453044,9.719504,0.3120438171027539
4.0,0.01100039438297879,-2.067609e-07,-2.9453852,-1.4726675,-1.4726675,-1.4726614,-1.4726614,2.9453044,9.719504,0.3120522485125441
4.0,0.011000787086339283,-1.827436e-07,-2.9453852,-1.4726675,-1.4726675,-1.4726614,-1.4726614,2.9453044,9.719504,0.31206911133212445
4.0,0.011001572493060269,-2.0676421e-07,-2.9453852,-1.4726675,-1.4726675,-1.4726614,-1.4726614,2.9453044,9.719504,0.3121028369712852
4.0,0.011003143306502242,-1.827424e-07,-2.9453852,-1.4726675,-1.4726675,-1.4726614,-1.4726614,2.9453044,9.719504,0.3121702882496067
4.0,0.011006284933386186,-2.0676516e-07,-2.9453852,-1.4726675,-1.4726675,-1.4726614,-1.4726614,2.9453044,9.719504,0.31230519080624963
4.0,0.011012568187154077,-1.8274274e-07,-2.9453852,-1.4726675,-1.4726675,-1.4726614,-1.4726614,2.9453044,9.719504,0.3125382603426078
4.0,0.011022568187154077,-2.0676642e-07,-2.9453852,-1.4726675,-1.4726675,-1.4726614,-1.4726614,2.9453044,9.719504,0.31282452933980015
4.0,0.011032568187154077,-1.827439e-07,-2.9453852,-1.4726675,-1.4726675,-1.4726614,-1.4726614,2.9453044,9.719504,0.3131107983369925
4.0,0.011042568187154076,-2.067678e-07,-2.9453852,-1.4726675,-1.4726675,-1.4726614,-1.4726614,2.9453044,9.719504,0.31339706733418493
4.0,0.011052568187154077,-1.8274501e-07,-2.9453852,-1.4726675,-1.4726675,-1.4726614,-1.4726614,2.9453044,9.719504,0.31368333633137735
4.0,0.011062568187154077,-2.067691e-07,-2.9453852,-1.4726675,-1.4726675,-1.4726614,-1.4726614,2.9453044,9.719504,0.3139696053285697
4.0,0.011072568187154077,-1.8274605e-07,-2.9453852,-1.4726675,-1.4726675,-1.4726614,-1.4726614,2.9453044,9.719504,0.3142558743257621
4.0,0.011082568187154076,-2.0677035e-07,-2.9453852,-1.4726675,-1.4726675,-1.4726614,-1.4726614,2.9453044,9.719504,0.3145421433229545
4.0,0.011092568187154078,-1.8274703e-07,-2.9453852,-1.4726675,-1.4726675,-1.4726614,-1.4726614,2.9453044,9.719504,0.3148284123201469
4.0,0.011102568187154077,-2.0677153e-07,-2.9453852,-1.4726675,-1.4726675,-1.4726614,-1.4726614,2.9453044,9.719504,0.3151146813173393
4.0,0.011112568187154077,-1.8274797e-07,-2.9453852,-1.4726675,-1.4726675,-1.4726614,-1.4726614,2.9453044,9.719504,0.31540095031453164
4.0,0.011122568187154076,-2.0677265e-07,-2.9453852,-1.4726675,-1.4726675,-1.4726614,-1.4726614,2.9453044,9.719504,0.315687219311724
4.0,0.011132568187154076,-1.8274885e-07,-2.9453852,-1.4726675,-1.4726675,-1.4726614,-1.4726614,2.9453044,9.719504,0.3159734883089164
4.0,0.011142568187154077,-2.0677373e-07,-2.9453852,-1.4726675,-1.4726675,-1.4726614,-1.4726614,2.9453044,9.719504,0.31625975730610884
4.0,0.011152568187154077,-1.8274969e-07,-2.9453852,-1.4726675,-1.4726675,-1.4726614,-1.4726614,2.9453044,9.719504,0.3165460263033012
4.0,0.011162568187154076,-2.0677477e-07,-2.9453852,-1.4726675,-1.4726675,-1.4726614,-1.4726614,2.9453044,9.719504,0.31683229530049356
4.0,0.011172568187154076,-1.8275051e-07,-2.9453852,-1.4726675,-1.4726675,-1.4726614,-1.4726614,2.9453044,9.719504,0.317118564297686
4.0,0.011182568187154077,-2.0677578e-07,-2.9453852,-1.4726675,-1.4726675,-1.4726614,-1.4726614,2.9453044,9.719504,0.3174048332948784
4.0,0.011192568187154077,-1.8275128e-07,-2.9453852,-1.4726675,-1.4726675,-1.4726614,-1.4726614,2.9453044,9.719504,0.31769110229207076
4.0,0.011202568187154077,-2.0677675e-07,-2.9453852,-1.4726675,-1.4726675,-1.4726614,-1.4726614,2.9453044,9.719504,0.3179773712892631
4.0,0.011212568187154076,-1.8275203e-07,-2.9453852,-1.4726675,-1.4726675,-1.4726614,-1.4726614,2.9453044,9.719504,0.31826364028645554
4.0,0.011222568187154077,-2.0677767e-07,-2.9453852,-1.4726675,-1.4726675,-1.4726614,-1.4726614,2.9453044,9.719504,0.31854990928364796
4.0,0.011232568187154077,-1.8275276e-07,-2.9453852,-1.4726675,-1.4726675,-1.4726614,-1.4726614,2.9453044,9.719504,0.3188361782808403
4.0,0.011242568187154077,-2.0677857e-07,-2.9453852,-1.4726675,-1.4726675,-1.4726614,-1.4726614,2.9453044,9.719504,0.3191224472780327
4.0,0.011252568187154076,-1.8275344e-07,-2.9453852,-1.4726675,-1.4726675,-1.4726614,-1.4726614,2.9453044,9.719504,0.3194087162752251
4.0,0.011262568187154078,-2.0677945e-07,-2.9453852,-1.4726675,-1.4726675,-1.4726614,-1.4726614,2.9453044,9.719504,0.3196949852724175
4.0,0.011272568187154077,-1.8275412e-07,-2.9453852,-1.4726675,-1.4726675,-1.4726614,-1.4726614,2.9453044,9.719504,0.3199812542696099
4.0,0.011282568187154077,-2.0678029e-07,-2.9453852,-1.4726675,-1.4726675,-1.4726614,-1.4726614,2.9453044,9.719504,0.32026752326680225
4.0,0.011292568187154076,-1.8275476e-07,-2.9453852,-1.4726675,-1.4726675,-1.4726614,-1.4726614,2.9453044,9.719504,0.3205537922639946
4.0,0.011302568187154076,-2.067811e-07,-2.9453852,-1.4726675,-1.4726675,-1.4726614,-1.4726614,2.9453044,9.719504,0.320840061261187
4.0,0.011312568187154077,-1.827554e-07,-2.9453852,-1.4726675,-1.4726675,-1.4726614,-1.4726614,2.9453044,9.719504,0.32112633025837944
4.0,0.011322568187154077,-2.0678189e-07,-2.9453852,-1.4726675,-1.4726675,-1.4726614,-1.4726614,2.9453044,9.719504,0.3214125992555718
4.0,0.011332568187154076,-1.82756e-07,-2.9453852,-1.4726675,-1.4726675,-1.4726614,-1.4726614,2.9453044,9.719504,0.32169886825276417
4.0,0.011342568187154076,-2.0678266e-07,-2.9453852,-1.4726675,-1.4726675,-1.4726614,-1.4726614,2.9453044,9.719504,0.3219851372499566
4.0,0.011352568187154077,-1.827566e-07,-2.9453852,-1.4726675,-1.4726675,-1.4726614,-1.4726614,2.9453044,9.719504,0.322271406247149
4.0,0.011362568187154077,-2.067834e-07,-2.9453852,-1.4726675,-1.4726675,-1.4726614,-1.4726614,2.9453044,9.719504,0.32255767524434137
4.0,0.011372568187154077,-1.8275716e-07,-2.9453852,-1.4726675,-1.4726675,-1.4726614,-1.4726614,2.9453044,9.719504,0.32284394424153373
4.0,0.011382568187154076,-2.0678412e-07,-2.9453852,-1.4726675,-1.4726675,-1.4726614,-1.4726614,2.9453044,9.719504,0.32313021323872615
4.0,0.011392568187154077,-1.8275772e-07,-2.9453852,-1.4726675,-1.4726675,-1.4726614,-1.4726614,2.9453044,9.719504,0.32341648223591857
4.0,0.011402568187154077,-2.0678482e-07,-2.9453852,-1.4726675,-1.4726675,-1.4726614,-1.4726614,2.9453044,9.719504,0.32370275123311093
4.0,0.011412568187154077,-1.8275826e-07,-2.9453852,-1.4726675,-1.4726675,-1.4726614,-1.4726614,2.9453044,9.719504,0.3239890202303033
4.0,0.011422568187154076,-2.067855e-07,-2.9453852,-1.4726675,-1.4726675,-1.4726614,-1.4726614,2.9453044,9.719504,0.3242752892274957
4.0,0.011432568187154078,-1.8275878e-07,-2.9453852,-1.4726675,-1.4726675,-1.4726614,-1.4726614,2.9453044,9.719504,0.32456155822468813
4.0,0.011442568187154077,-2.0678617e-07,-2.9453852,-1.4726675,-1.4726675,-1.4726614,-1.4726614,2.9453044,9.719504,0.3248478272218805
4.0,0.011452568187154077,-1.827593e-07,-2.9453852,-1.4726675,-1.4726675,-1.4726614,-1.4726614,2.9453044,9.719504,0.32513409621907285
4.0,0.011462568187154076,-2.0678681e-07,-2.9453852,-1.4726675,-1.4726675,-1.4726614,-1.4726614,2.9453044,9.719504,0.3254203652162652
4.0,0.011472568187154076,-1.8275979e-07,-2.9453852,-1.4726675,-1.4726675,-1.4726614,-1.4726614,2.9453044,9.719504,0.32570663421345764
4.0,0.011482568187154077,-2.0678743e-07,-2.9453852,-1.4726675,-1.4726675,-1.4726614,-1.4726614,2.9453044,9.719504,0.32599290321065005
4.0,0.011492568187154077,-1.8276027e-07,-2.9453852,-1.4726675,-1.4726675,-1.4726614,-1.4726614,2.9453044,9.719504,0.3262791722078424
4.0,0.011502568187154076,-2.0678804e-07,-2.9453852,-1.4726675,-1.4726675,-1.4726614,-1.4726614,2.9453044,9.719504,0.3265654412050348
4.0,0.011512568187154076,-1.8276074e-07,-2.9453852,-1.4726675,-1.4726675,-1.4726614,-1.4726614,2.9453044,9.719504,0.3268517102022272
4.0,0.011522568187154077,-2.0678863e-07,-2.9453852,-1.4726675,-1.4726675,-1.4726614,-1.4726614,2.9453044,9.719504,0.3271379791994196
4.0,0.011532568187154077,-1.827612e-07,-2.9453852,-1.4726675,-1.4726675,-1.4726614,-1.4726614,2.9453044,9.719504,0.327424248196612
4.0,0.011542568187154077,-2.0678921e-07,-2.9453852,-1.4726675,-1.4726675,-1.4726614,-1.4726614,2.9453044,9.719504,0.32771051719380434
4.0,0.011552568187154076,-1.8276164e-07,-2.9453852,-1.4726675,-1.4726675,-1.4726614,-1.4726614,2.9453044,9.719504,0.32799678619099676
4.0,0.011562568187154077,-2.0678976e-07,-2.9453852,-1.4726675,-1.4726675,-1.4726614,-1.4726614,2.9453044,9.719504,0.3282830551881892
4.0,0.011572568187154077,-1.8276207e-07,-2.9453852,-1.4726675,-1.4726675,-1.4726614,-1.4726614,2.9453044,9.719504,0.32856932418538154
4.0,0.011582568187154077,-2.067903e-07,-2.9453852,-1.4726675,-1.4726675,-1.4726614,-1.4726614,2.9453044,9.719504,0.3288555931825739
4.0,0.011592568187154076,-1.8276249e-07,-2.9453852,-1.4726675,-1.4726675,-1.4726614,-1.4726614,2.9453044,9.719504,0.3291418621797663
4.0,0.011602568187154078,-2.0679083e-07,-2.9453852,-1.4726675,-1.4726675,-1.4726614,-1.4726614,2.9453044,9.719504,0.32942813117695874
4.0,0.011612568187154077,-1.827629e-07,-2.9453852,-1.4726675,-1.4726675,-1.4726614,-1.4726614,2.9453044,9.719504,0.3297144001741511
4.0,0.011622568187154077,-2.0679134e-07,-2.9453852,-1.4726675,-1.4726675,-1.4726614,-1.4726614,2.9453044,9.719504,0.33000066917134346
4.0,0.011632568187154076,-1.827633e-07,-2.9453852,-1.4726675,-1.4726675,-1.4726614,-1.4726614,2.9453044,9.719504,0.3302869381685358
4.0,0.011642568187154076,-2.0679184e-07,-2.9453852,-1.4726675,-1.4726675,-1.4726614,-1.4726614,2.9453044,9.719504,0.33057320716572824
4.0,0.011652568187154077,-1.8276369e-07,-2.9453852,-1.4726675,-1.4726675,-1.4726614,-1.4726614,2.9453044,9.719504,0.33085947616292066
4.0,0.011662568187154077,-2.0679232e-07,-2.9453852,-1.4726675,-1.4726675,-1.4726614,-1.4726614,2.9453044,9.719504,0.331145745160113
4.0,0.011672568187154076,-1.8276407e-07,-2.9453852,-1.4726675,-1.4726675,-1.4726614,-1.4726614,2.9453044,9.719504,0.3314320141573054
4.0,0.011682568187154076,-2.067928e-07,-2.9453852,-1.4726675,-1.4726675,-1.4726614,-1.4726614,2.9453044,9.719504,0.3317182831544978
4.0,0.011692568187154077,-1.8276444e-07,-2.9453852,-1.4726675,-1.4726675,-1.4726614,-1.4726614,2.9453044,9.719504,0.3320045521516902
4.0,0.011702568187154077,-2.0679326e-07,-2.9453852,-1.4726675,-1.4726675,-1.4726614,-1.4726614,2.9453044,9.719504,0.3322908211488826
4.0,0.011712568187154077,-1.8276481e-07,-2.9453852,-1.4726675,-1.4726675,-1.4726614,-1.4726614,2.9453044,9.719504,0.33257709014607495
4.0,0.011722568187154076,-2.067937e-07,-2.9453852,-1.4726675,-1.4726675,-1.4726614,-1.4726614,2.9453044,9.719504,0.33286335914326737
4.0,0.011732568187154077,-1.8276515e-07,-2.9453852,-1.4726675,-1.4726675,-1.4726614,-1.4726614,2.9453044,9.719504,0.3331496281404598
4.0,0.011742568187154077,-2.0679413e-07,-2.9453852,-1.4726675,-1.4726675,-1.4726614,-1.4726614,2.9453044,9.719504,0.33343589713765215
4.0,0.011752568187154077,-1.8276549e-07,-2.9453852,-1.4726675,-1.4726675,-1.4726614,-1.4726614,2.9453044,9.719504,0.3337221661348445
4.0,0.011762568187154076,-2.0679455e-07,-2.9453852,-1.4726675,-1.4726675,-1.4726614,-1.4726614,2.9453044,9.719504,0.3340084351320369
4.0,0.011772568187154076,-1.8276583e-07,-2.9453852,-1.4726675,-1.4726675,-1.4726614,-1.4726614,2.9453044,9.719504,0.3342947041292293
4.0,0.011782568187154077,-2.0679495e-07,-2.9453852,-1.4726675,-1.4726675,-1.4726614,-1.4726614,2.9453044,9.719504,0.3345809731264217
4.0,0.011792568187154077,-1.8276616e-07,-2.9453852,-1.4726675,-1.4726675,-1.4726614,-1.4726614,2.9453044,9.719504,0.3348672421236141
4.0,0.011802568187154076,-2.0679535e-07,-2.9453852,-1.4726675,-1.4726675,-1.4726614,-1.4726614,2.9453044,9.719504,0.33515351112080644
4.0,0.011812568187154076,-1.8276647e-07,-2.9453852,-1.4726675,-1.4726675,-1.4726614,-1.4726614,2.9453044,9.719504,0.33543978011799885
4.0,0.011822568187154077,-2.0679573e-07,-2.9453852,-1.4726675,-1.4726675,-1.4726614,-1.4726614,2.9453044,9.719504,0.33572604911519127
4.0,0.011832568187154077,-1.8276678e-07,-2.9453852,-1.4726675,-1.4726675,-1.4726614,-1.4726614,2.9453044,9.719504,0.33601231811238363
4.0,0.011842568187154076,-2.067961e-07,-2.9453852,-1.4726675,-1.4726675,-1.4726614,-1.4726614,2.9453044,9.719504,0.336298587109576
4.0,0.011852568187154076,-1.827671e-07,-2.9453852,-1.4726675,-1.4726675,-1.4726614,-1.4726614,2.9453044,9.719504,0.3365848561067684
4.0,0.011862568187154077,-2.0679647e-07,-2.9453852,-1.4726675,-1.4726675,-1.4726614,-1.4726614,2.9453044,9.719504,0.33687112510396083
4.0,0.011872568187154077,-1.8276738e-07,-2.9453852,-1.4726675,-1.4726675,-1.4726614,-1.4726614,2.9453044,9.719504,0.3371573941011532
4.0,0.011882568187154077,-2.0679681e-07,-2.9453852,-1.4726675,-1.4726675,-1.4726614,-1.4726614,2.9453044,9.719504,0.33744366309834556
4.0,0.011892568187154076,-1.8276768e-07,-2.9453852,-1.4726675,-1.4726675,-1.4726614,-1.4726614,2.9453044,9.719504,0.337729932095538
4.0,0.011902568187154077,-2.0679715e-07,-2.9453852,-1.4726675,-1.4726675,-1.4726614,-1.4726614,2.9453044,9.719504,0.3380162010927304
4.0,0.011912568187154077,-1.8276796e-07,-2.9453852,-1.4726675,-1.4726675,-1.4726614,-1.4726614,2.9453044,9.719504,0.33830247008992276
4.0,0.011922568187154077,-2.0679748e-07,-2.9453852,-1.4726675,-1.4726675,-1.4726614,-1.4726614,2.9453044,9.719504,0.3385887390871151
4.0,0.011932568187154076,-1.8276823e-07,-2.9453852,-1.4726675,-1.4726675,-1.4726614,-1.4726614,2.9453044,9.719504,0.3388750080843075
4.0,0.011942568187154076,-2.0679781e-07,-2.9453852,-1.4726675,-1.4726675,-1.4726614,-1.4726614,2.9453044,9.719504,0.3391612770814999
4.0,0.011952568187154077,-1.827685e-07,-2.9453852,-1.4726675,-1.4726675,-1.4726614,-1.4726614,2.9453044,9.719504,0.3394475460786923
4.0,0.011962568187154077,-2.0679812e-07,-2.9453852,-1.4726675,-1.4726675,-1.4726614,-1.4726614,2.9453044,9.719504,0.3397338150758847
4.0,0.011972568187154076,-1.8276876e-07,-2.9453852,-1.4726675,-1.4726675,-1.4726614,-1.4726614,2.9453044,9.719504,0.34002008407307704
4.0,0.011982568187154076,-2.0679842e-07,-2.9453852,-1.4726675,-1.4726675,-1.4726614,-1.4726614,2.9453044,9.719504,0.34030635307026946
4.0,0.011992568187154077,-1.8276901e-07,-2.9453852,-1.4726675,-1.4726675,-1.4726614,-1.4726614,2.9453044,9.719504,0.3405926220674619
4.0,0.012002568187154077,-2.067987e-07,-2.9453852,-1.4726675,-1.4726675,-1.4726614,-1.4726614,2.9453044,9.719504,0.34087889106465424
4.0,0.012012568187154076,-1.8276927e-07,-2.9453852,-1.4726675,-1.4726675,-1.4726614,-1.4726614,2.9453044,9.719504,0.3411651600618466
4.0,0.012022568187154076,-2.0679899e-07,-2.9453852,-1.4726675,-1.4726675,-1.4726614,-1.4726614,2.9453044,9.719504,0.341451429059039
4.0,0.012032568187154077,-1.8276951e-07,-2.9453852,-1.4726675,-1.4726675,-1.4726614,-1.4726614,2.9453044,9.719504,0.34173769805623144
4.0,0.012042568187154077,-2.0679926e-07,-2.9453852,-1.4726675,-1.4726675,-1.4726614,-1.4726614,2.9453044,9.719504,0.3420239670534238
4.0,0.012052568187154077,-1.8276975e-07,-2.9453852,-1.4726675,-1.4726675,-1.4726614,-1.4726614,2.9453044,9.719504,0.34231023605061617
4.0,0.012062568187154076,-2.0679953e-07,-2.9453852,-1.4726675,-1.4726675,-1.4726614,-1.4726614,2.9453044,9.719504,0.3425965050478086
4.0,0.012072568187154077,-1.8277e-07,-2.9453852,-1.4726675,-1.4726675,-1.4726614,-1.4726614,2.9453044,9.719504,0.342882774045001
4.0,0.012082568187154077,-2.0679978e-07,-2.9453852,-1.4726675,-1.4726675,-1.4726614,-1.4726614,2.9453044,9.719504,0.34316904304219337
4.0,0.012092568187154077,-1.8277022e-07,-2.9453852,-1.4726675,-1.4726675,-1.4726614,-1.4726614,2.9453044,9.719504,0.34345531203938573
4.0,0.012102568187154076,-2.0680002e-07,-2.9453852,-1.4726675,-1.4726675,-1.4726614,-1.4726614,2.9453044,9.719504,0.3437415810365781
4.0,0.012112568187154076,-1.8277044e-07,-2.9453852,-1.4726675,-1.4726675,-1.4726614,-1.4726614,2.9453044,9.719504,0.3440278500337705
4.0,0.012122568187154077,-2.0680027e-07,-2.9453852,-1.4726675,-1.4726675,-1.4726614,-1.4726614,2.9453044,9.719504,0.34431411903096293
4.0,0.012132568187154077,-1.8277066e-07,-2.9453852,-1.4726675,-1.4726675,-1.4726614,-1.4726614,2.9453044,9.719504,0.3446003880281553
4.0,0.012142568187154076,-2.068005e-07,-2.9453852,-1.4726675,-1.4726675,-1.4726614,-1.4726614,2.9453044,9.719504,0.34488665702534765
4.0,0.012152568187154076,-1.8277088e-07,-2.9453852,-1.4726675,-1.4726675,-1.4726614,-1.4726614,2.9453044,9.719504,0.34517292602254007
4.0,0.012162568187154077,-2.0680072e-07,-2.9453852,-1.4726675,-1.4726675,-1.4726614,-1.4726614,2.9453044,9.719504,0.3454591950197325
4.0,0.012172568187154077,-1.8277109e-07,-2.9453852,-1.4726675,-1.4726675,-1.4726614,-1.4726614,2.9453044,9.719504,0.34574546401692485
4.0,0.012182568187154076,-2.0680093e-07,-2.9453852,-1.4726675,-1.4726675,-1.4726614,-1.4726614,2.9453044,9.719504,0.3460317330141172
4.0,0.012192568187154076,-1.8277129e-07,-2.9453852,-1.4726675,-1.4726675,-1.4726614,-1.4726614,2.9453044,9.719504,0.34631800201130963
4.0,0.012202568187154077,-2.0680115e-07,-2.9453852,-1.4726675,-1.4726675,-1.4726614,-1.4726614,2.9453044,9.719504,0.34660427100850205
4.0,0.012212568187154077,-1.8277149e-07,-2.9453852,-1.4726675,-1.4726675,-1.4726614,-1.4726614,2.9453044,9.719504,0.3468905400056944
4.0,0.012222568187154077,-2.0680135e-07,-2.9453852,-1.4726675,-1.4726675,-1.4726614,-1.4726614,2.9453044,9.719504,0.3471768090028868
4.0,0.012232568187154076,-1.8277169e-07,-2.9453852,-1.4726675,-1.4726675,-1.4726614,-1.4726614,2.9453044,9.719504,0.3474630780000792
4.0,0.012242568187154078,-2.0680154e-07,-2.9453852,-1.4726675,-1.4726675,-1.4726614,-1.4726614,2.9453044,9.719504,0.3477493469972716
4.0,0.012252568187154077,-1.8277188e-07,-2.9453852,-1.4726675,-1.4726675,-1.4726614,-1.4726614,2.9453044,9.719504,0.348035615994464
4.0,0.012262568187154077,-2.0680173e-07,-2.9453852,-1.4726675,-1.4726675,-1.4726614,-1.4726614,2.9453044,9.719504,0.34832188499165634
4.0,0.012272568187154076,-1.8277207e-07,-2.9453852,-1.4726675,-1.4726675,-1.4726614,-1.4726614,2.9453044,9.719504,0.3486081539888487
4.0,0.012282568187154076,-2.0680191e-07,-2.9453852,-1.4726675,-1.4726675,-1.4726614,-1.4726614,2.9453044,9.719504,0.3488944229860411
4.0,0.012292568187154077,-1.8277225e-07,-2.9453852,-1.4726675,-1.4726675,-1.4726614,-1.4726614,2.9453044,9.719504,0.34918069198323354
4.0,0.012302568187154077,-2.0680208e-07,-2.9453852,-1.4726675,-1.4726675,-1.4726614,-1.4726614,2.9453044,9.719504,0.3494669609804259
4.0,0.012312568187154076,-1.8277244e-07,-2.9453852,-1.4726675,-1.4726675,-1.4726614,-1.4726614,2.9453044,9.719504,0.34975322997761826
4.0,0.012322568187154076,-2.0680226e-07,-2.9453852,-1.4726675,-1.4726675,-1.4726614,-1.4726614,2.9453044,9.719504,0.3500394989748107
4.0,0.012332568187154077,-1.8277262e-07,-2.9453852,-1.4726675,-1.4726675,-1.4726614,-1.4726614,2.9453044,9.719504,0.3503257679720031
4.0,0.012342568187154077,-2.0680241e-07,-2.9453852,-1.4726675,-1.4726675,-1.4726614,-1.4726614,2.9453044,9.719504,0.35061203696919546
4.0,0.012352568187154076,-1.827728e-07,-2.9453852,-1.4726675,-1.4726675,-1.4726614,-1.4726614,2.9453044,9.719504,0.3508983059663878
4.0,0.012362568187154076,-2.0680257e-07,-2.9453852,-1.4726675,-1.4726675,-1.4726614,-1.4726614,2.9453044,9.719504,0.35118457496358024
4.0,0.012372568187154077,-1.8277296e-07,-2.9453852,-1.4726675,-1.4726675,-1.4726614,-1.4726614,2.9453044,9.719504,0.35147084396077266
4.0,0.012382568187154077,-2.0680272e-07,-2.9453852,-1.4726675,-1.4726675,-1.4726614,-1.4726614,2.9453044,9.719504,0.351757112957965
4.0,0.012392568187154077,-1.8277314e-07,-2.9453852,-1.4726675,-1.4726675,-1.4726614,-1.4726614,2.9453044,9.719504,0.3520433819551574
4.0,0.012402568187154076,-2.0680287e-07,-2.9453852,-1.4726675,-1.4726675,-1.4726614,-1.4726614,2.9453044,9.719504,0.35232965095234975
4.0,0.012412568187154076,-1.827733e-07,-2.9453852,-1.4726675,-1.4726675,-1.4726614,-1.4726614,2.9453044,9.719504,0.35261591994954217
4.0,0.012422568187154077,-2.06803e-07,-2.9453852,-1.4726675,-1.4726675,-1.4726614,-1.4726614,2.9453044,9.719504,0.3529021889467346
4.0,0.012432568187154077,-1.8277346e-07,-2.9453852,-1.4726675,-1.4726675,-1.4726614,-1.4726614,2.9453044,9.719504,0.35318845794392695
4.0,0.012442568187154076,-2.0680314e-07,-2.9453852,-1.4726675,-1.4726675,-1.4726614,-1.4726614,2.9453044,9.719504,0.3534747269411193
4.0,0.012452568187154076,-1.8277362e-07,-2.9453852,-1.4726675,-1.4726675,-1.4726614,-1.4726614,2.9453044,9.719504,0.35376099593831173
4.0,0.012462568187154077,-2.0680326e-07,-2.9453852,-1.4726675,-1.4726675,-1.4726614,-1.4726614,2.9453044,9.719504,0.35404726493550415
4.0,0.012472568187154077,-1.8277377e-07,-2.9453852,-1.4726675,-1.4726675,-1.4726614,-1.4726614,2.9453044,9.719504,0.3543335339326965
4.0,0.012482568187154076,-2.0680338e-07,-2.9453852,-1.4726675,-1.4726675,-1.4726614,-1.4726614,2.9453044,9.719504,0.35461980292988887
4.0,0.012492568187154076,-1.8277393e-07,-2.9453852,-1.4726675,-1.4726675,-1.4726614,-1.4726614,2.9453044,9.719504,0.3549060719270813
4.0,0.012502568187154077,-2.0680349e-07,-2.9453852,-1.4726675,-1.4726675,-1.4726614,-1.4726614,2.9453044,9.719504,0.3551923409242737
4.0,0.012512568187154077,-1.8277409e-07,-2.9453852,-1.4726675,-1.4726675,-1.4726614,-1.4726614,2.9453044,9.719504,0.35547860992146607
4.0,0.012522568187154077,-2.068036e-07,-2.9453852,-1.4726675,-1.4726675,-1.4726614,-1.4726614,2.9453044,9.719504,0.35576487891865843
4.0,0.012532568187154076,-1.8277423e-07,-2.9453852,-1.4726675,-1.4726675,-1.4726614,-1.4726614,2.9453044,9.719504,0.35605114791585085
4.0,0.012542568187154077,-2.0680372e-07,-2.9453852,-1.4726675,-1.4726675,-1.4726614,-1.4726614,2.9453044,9.719504,0.35633741691304327
4.0,0.012552568187154077,-1.8277439e-07,-2.9453852,-1.4726675,-1.4726675,-1.4726614,-1.4726614,2.9453044,9.719504,0.35662368591023563
4.0,0.012562568187154077,-2.0680382e-07,-2.9453852,-1.4726675,-1.4726675,-1.4726614,-1.4726614,2.9453044,9.719504,0.356909954907428
4.0,0.012572568187154076,-1.8277453e-07,-2.9453852,-1.4726675,-1.4726675,-1.4726614,-1.4726614,2.9453044,9.719504,0.35719622390462036
4.0,0.012582568187154076,-2.0680392e-07,-2.9453852,-1.4726675,-1.4726675,-1.4726614,-1.4726614,2.9453044,9.719504,0.3574824929018128
4.0,0.012592568187154077,-1.8277467e-07,-2.9453852,-1.4726675,-1.4726675,-1.4726614,-1.4726614,2.9453044,9.719504,0.3577687618990052
4.0,0.012602568187154077,-2.06804e-07,-2.9453852,-1.4726675,-1.4726675,-1.4726614,-1.4726614,2.9453044,9.719504,0.35805503089619756
4.0,0.012612568187154076,-1.8277481e-07,-2.9453852,-1.4726675,-1.4726675,-1.4726614,-1.4726614,2.9453044,9.719504,0.3583412998933899
4.0,0.012622568187154076,-2.0680409e-07,-2.9453852,-1.4726675,-1.4726675,-1.4726614,-1.4726614,2.9453044,9.719504,0.35862756889058234
4.0,0.012632568187154077,-1.8277495e-07,-2.9453852,-1.4726675,-1.4726675,-1.4726614,-1.4726614,2.9453044,9.719504,0.35891383788777476
4.0,0.012642568187154077,-2.0680417e-07,-2.9453852,-1.4726675,-1.4726675,-1.4726614,-1.4726614,2.9453044,9.719504,0.3592001068849671
4.0,0.012652568187154076,-1.8277508e-07,-2.9453852,-1.4726675,-1.4726675,-1.4726614,-1.4726614,2.9453044,9.719504,0.3594863758821595
4.0,0.012662568187154076,-2.0680426e-07,-2.9453852,-1.4726675,-1.4726675,-1.4726614,-1.4726614,2.9453044,9.719504,0.3597726448793519
4.0,0.012672568187154077,-1.8277522e-07,-2.9453852,-1.4726675,-1.4726675,-1.4726614,-1.4726614,2.9453044,9.719504,0.3600589138765443
4.0,0.012682568187154077,-2.0680433e-07,-2.9453852,-1.4726675,-1.4726675,-1.4726614,-1.4726614,2.9453044,9.719504,0.3603451828737367
4.0,0.012692568187154077,-1.8277535e-07,-2.9453852,-1.4726675,-1.4726675,-1.4726614,-1.4726614,2.9453044,9.719504,0.36063145187092904
4.0,0.012702568187154076,-2.068044e-07,-2.9453852,-1.4726675,-1.4726675,-1.4726614,-1.4726614,2.9453044,9.719504,0.36091772086812146
4.0,0.012712568187154077,-1.827755e-07,-2.9453852,-1.4726675,-1.4726675,-1.4726614,-1.4726614,2.9453044,9.719504,0.3612039898653139
4.0,0.012722568187154077,-2.0680446e-07,-2.9453852,-1.4726675,-1.4726675,-1.4726614,-1.4726614,2.9453044,9.719504,0.36149025886250624
4.0,0.012732568187154077,-1.8277562e-07,-2.9453852,-1.4726675,-1.4726675,-1.4726614,-1.4726614,2.9453044,9.719504,0.3617765278596986
4.0,0.012742568187154076,-2.0680453e-07,-2.9453852,-1.4726675,-1.4726675,-1.4726614,-1.4726614,2.9453044,9.719504,0.36206279685689097
4.0,0.012752568187154076,-1.8277575e-07,-2.9453852,-1.4726675,-1.4726675,-1.4726614,-1.4726614,2.9453044,9.719504,0.3623490658540834
4.0,0.012762568187154077,-2.0680459e-07,-2.9453852,-1.4726675,-1.4726675,-1.4726614,-1.4726614,2.9453044,9.719504,0.3626353348512758
4.0,0.012772568187154077,-1.8277588e-07,-2.9453852,-1.4726675,-1.4726675,-1.4726614,-1.4726614,2.9453044,9.719504,0.36292160384846817
4.0,0.012782568187154076,-2.0680464e-07,-2.9453852,-1.4726675,-1.4726675,-1.4726614,-1.4726614,2.9453044,9.719504,0.36320787284566053
4.0,0.012792568187154076,-1.82776e-07,-2.9453852,-1.4726675,-1.4726675,-1.4726614,-1.4726614,2.9453044,9.719504,0.36349414184285295
4.0,0.012802568187154077,-2.0680469e-07,-2.9453852,-1.4726675,-1.4726675,-1.4726614,-1.4726614,2.9453044,9.719504,0.36378041084004537
4.0,0.012812568187154077,-1.8277612e-07,-2.9453852,-1.4726675,-1.4726675,-1.4726614,-1.4726614,2.9453044,9.719504,0.3640666798372377
4.0,0.012822568187154076,-2.0680473e-07,-2.9453852,-1.4726675,-1.4726675,-1.4726614,-1.4726614,2.9453044,9.719504,0.3643529488344301
4.0,0.012832568187154076,-1.8277625e-07,-2.9453852,-1.4726675,-1.4726675,-1.4726614,-1.4726614,2.9453044,9.719504,0.3646392178316225
4.0,0.012842568187154077,-2.0680478e-07,-2.9453852,-1.4726675,-1.4726675,-1.4726614,-1.4726614,2.9453044,9.719504,0.3649254868288149
4.0,0.012852568187154077,-1.8277636e-07,-2.9453852,-1.4726675,-1.4726675,-1.4726614,-1.4726614,2.9453044,9.719504,0.3652117558260073
4.0,0.012862568187154077,-2.0680481e-07,-2.9453852,-1.4726675,-1.4726675,-1.4726614,-1.4726614,2.9453044,9.719504,0.36549802482319965
4.0,0.012872568187154076,-1.8277649e-07,-2.9453852,-1.4726675,-1.4726675,-1.4726614,-1.4726614,2.9453044,9.719504,0.36578429382039207
4.0,0.012882568187154077,-2.0680486e-07,-2.9453852,-1.4726675,-1.4726675,-1.4726614,-1.4726614,2.9453044,9.719504,0.3660705628175845
4.0,0.012892568187154077,-1.827766e-07,-2.9453852,-1.4726675,-1.4726675,-1.4726614,-1.4726614,2.9453044,9.719504,0.36635683181477685
4.0,0.012902568187154077,-2.0680488e-07,-2.9453852,-1.4726675,-1.4726675,-1.4726614,-1.4726614,2.9453044,9.719504,0.3666431008119692
4.0,0.012912568187154076,-1.8277673e-07,-2.9453852,-1.4726675,-1.4726675,-1.4726614,-1.4726614,2.9453044,9.719504,0.3669293698091616
4.0,0.012922568187154076,-2.0680491e-07,-2.9453852,-1.4726675,-1.4726675,-1.4726614,-1.4726614,2.9453044,9.719504,0.367215638806354
4.0,0.012932568187154077,-1.8277684e-07,-2.9453852,-1.4726675,-1.4726675,-1.4726614,-1.4726614,2.9453044,9.719504,0.3675019078035464
4.0,0.012942568187154077,-2.0680494e-07,-2.9453852,-1.4726675,-1.4726675,-1.4726614,-1.4726614,2.9453044,9.719504,0.3677881768007388
4.0,0.012952568187154076,-1.8277696e-07,-2.9453852,-1.4726675,-1.4726675,-1.4726614,-1.4726614,2.9453044,9.719504,0.36807444579793114
4.0,0.012962568187154076,-2.0680497e-07,-2.9453852,-1.4726675,-1.4726675,-1.4726614,-1.4726614,2.9453044,9.719504,0.36836071479512356
4.0,0.012972568187154077,-1.8277707e-07,-2.9453852,-1.4726675,-1.4726675,-1.4726614,-1.4726614,2.9453044,9.719504,0.368646983792316
4.0,0.012982568187154077,-2.0680498e-07,-2.9453852,-1.4726675,-1.4726675,-1.4726614,-1.4726614,2.9453044,9.719504,0.36893325278950834
4.0,0.012992568187154076,-1.8277719e-07,-2.9453852,-1.4726675,-1.4726675,-1.4726614,-1.4726614,2.9453044,9.719504,0.3692195217867007
4.0,0.013002568187154076,-2.0680501e-07,-2.9453852,-1.4726675,-1.4726675,-1.4726614,-1.4726614,2.9453044,9.719504,0.3695057907838931
4.0,0.013012568187154077,-1.827773e-07,-2.9453852,-1.4726675,-1.4726675,-1.4726614,-1.4726614,2.9453044,9.719504,0.36979205978108554
4.0,0.013022568187154077,-2.0680503e-07,-2.9453852,-1.4726675,-1.4726675,-1.4726614,-1.4726614,2.9453044,9.719504,0.3700783287782779
4.0,0.013032568187154077,-1.8277741e-07,-2.9453852,-1.4726675,-1.4726675,-1.4726614,-1.4726614,2.9453044,9.719504,0.37036459777547026
4.0,0.013042568187154076,-2.0680504e-07,-2.9453852,-1.4726675,-1.4726675,-1.4726614,-1.4726614,2.9453044,9.719504,0.3706508667726626
4.0,0.013052568187154076,-1.8277753e-07,-2.9453852,-1.4726675,-1.4726675,-1.4726614,-1.4726614,2.9453044,9.719504,0.37093713576985504
4.0,0.013062568187154077,-2.0680504e-07,-2.9453852,-1.4726675,-1.4726675,-1.4726614,-1.4726614,2.9453044,9.719504,0.37122340476704746
4.0,0.013072568187154077,-1.8277764e-07,-2.9453852,-1.4726675,-1.4726675,-1.4726614,-1.4726614,2.9453044,9.719504,0.3715096737642398
4.0,0.013082568187154076,-2.0680505e-07,-2.9453852,-1.4726675,-1.4726675,-1.4726614,-1.4726614,2.9453044,9.719504,0.3717959427614322
4.0,0.013092568187154076,-1.8277774e-07,-2.9453852,-1.4726675,-1.4726675,-1.4726614,-1.4726614,2.9453044,9.719504,0.3720822117586246
4.0,0.013102568187154077,-2.0680505e-07,-2.9453852,-1.4726675,-1.4726675,-1.4726614,-1.4726614,2.9453044,9.719504,0.372368480755817
4.0,0.013112568187154077,-1.8277785e-07,-2.9453852,-1.4726675,-1.4726675,-1.4726614,-1.4726614,2.9453044,9.719504,0.3726547497530094
4.0,0.013122568187154076,-2.0680505e-07,-2.9453852,-1.4726675,-1.4726675,-1.4726614,-1.4726614,2.9453044,9.719504,0.37294101875020175
4.0,0.013132568187154076,-1.8277797e-07,-2.9453852,-1.4726675,-1.4726675,-1.4726614,-1.4726614,2.9453044,9.719504,0.37322728774739417
4.0,0.013142568187154077,-2.0680505e-07,-2.9453852,-1.4726675,-1.4726675,-1.4726614,-1.4726614,2.9453044,9.719504,0.3735135567445866
4.0,0.013152568187154077,-1.8277807e-07,-2.9453852,-1.4726675,-1.4726675,-1.4726614,-1.4726614,2.9453044,9.719504,0.37379982574177895
4.0,0.013162568187154076,-2.0680505e-07,-2.9453852,-1.4726675,-1.4726675,-1.4726614,-1.4726614,2.9453044,9.719504,0.3740860947389713
4.0,0.013172568187154076,-1.8277818e-07,-2.9453852,-1.4726675,-1.4726675,-1.4726614,-1.4726614,2.9453044,9.719504,0.3743723637361637
4.0,0.013182568187154077,-2.0680504e-07,-2.9453852,-1.4726675,-1.4726675,-1.4726614,-1.4726614,2.9453044,9.719504,0.37465863273335615
4.0,0.013192568187154077,-1.8277828e-07,-2.9453852,-1.4726675,-1.4726675,-1.4726614,-1.4726614,2.9453044,9.719504,0.3749449017305485
4.0,0.013202568187154077,-2.0680504e-07,-2.9453852,-1.4726675,-1.4726675,-1.4726614,-1.4726614,2.9453044,9.719504,0.37523117072774087
4.0,0.013212568187154076,-1.827784e-07,-2.9453852,-1.4726675,-1.4726675,-1.4726614,-1.4726614,2.9453044,9.719504,0.37551743972493323
4.0,0.013222568187154076,-2.0680503e-07,-2.9453852,-1.4726675,-1.4726675,-1.4726614,-1.4726614,2.9453044,9.719504,0.37580370872212565
4.0,0.013232568187154077,-1.8277849e-07,-2.9453852,-1.4726675,-1.4726675,-1.4726614,-1.4726614,2.9453044,9.719504,0.37608997771931807
4.0,0.013242568187154077,-2.0680501e-07,-2.9453852,-1.4726675,-1.4726675,-1.4726614,-1.4726614,2.9453044,9.719504,0.37637624671651043
4.0,0.013252568187154076,-1.827786e-07,-2.9453852,-1.4726675,-1.4726675,-1.4726614,-1.4726614,2.9453044,9.719504,0.3766625157137028
4.0,0.013262568187154076,-2.06805e-07,-2.9453852,-1.4726675,-1.4726675,-1.4726614,-1.4726614,2.9453044,9.719504,0.3769487847108952
4.0,0.013272568187154077,-1.827787e-07,-2.9453852,-1.4726675,-1.4726675,-1.4726614,-1.4726614,2.9453044,9.719504,0.37723505370808763
4.0,0.013282568187154077,-2.0680498e-07,-2.9453852,-1.4726675,-1.4726675,-1.4726614,-1.4726614,2.9453044,9.719504,0.37752132270528
4.0,0.013292568187154076,-1.8277882e-07,-2.9453852,-1.4726675,-1.4726675,-1.4726614,-1.4726614,2.9453044,9.719504,0.37780759170247236
4.0,0.013302568187154076,-2.0680496e-07,-2.9453852,-1.4726675,-1.4726675,-1.4726614,-1.4726614,2.9453044,9.719504,0.3780938606996648
4.0,0.013312568187154077,-1.8277892e-07,-2.9453852,-1.4726675,-1.4726675,-1.4726614,-1.4726614,2.9453044,9.719504,0.3783801296968572
4.0,0.013322568187154077,-2.0680494e-07,-2.9453852,-1.4726675,-1.4726675,-1.4726614,-1.4726614,2.9453044,9.719504,0.37866639869404956
4.0,0.013332568187154076,-1.8277902e-07,-2.9453852,-1.4726675,-1.4726675,-1.4726614,-1.4726614,2.9453044,9.719504,0.3789526676912419
4.0,0.013342568187154076,-2.0680491e-07,-2.9453852,-1.4726675,-1.4726675,-1.4726614,-1.4726614,2.9453044,9.719504,0.37923893668843434
4.0,0.013352568187154077,-1.8277913e-07,-2.9453852,-1.4726675,-1.4726675,-1.4726614,-1.4726614,2.9453044,9.719504,0.37952520568562675
4.0,0.013362568187154077,-2.0680488e-07,-2.9453852,-1.4726675,-1.4726675,-1.4726614,-1.4726614,2.9453044,9.719504,0.3798114746828191
4.0,0.013372568187154077,-1.8277923e-07,-2.9453852,-1.4726675,-1.4726675,-1.4726614,-1.4726614,2.9453044,9.719504,0.3800977436800115
4.0,0.013382568187154076,-2.0680486e-07,-2.9453852,-1.4726675,-1.4726675,-1.4726614,-1.4726614,2.9453044,9.719504,0.38038401267720384
4.0,0.013392568187154076,-1.8277933e-07,-2.9453852,-1.4726675,-1.4726675,-1.4726614,-1.4726614,2.9453044,9.719504,0.38067028167439626
4.0,0.013402568187154077,-2.0680483e-07,-2.9453852,-1.4726675,-1.4726675,-1.4726614,-1.4726614,2.9453044,9.719504,0.3809565506715887
4.0,0.013412568187154077,-1.8277943e-07,-2.9453852,-1.4726675,-1.4726675,-1.4726614,-1.4726614,2.9453044,9.719504,0.38124281966878104
4.0,0.013422568187154076,-2.068048e-07,-2.9453852,-1.4726675,-1.4726675,-1.4726614,-1.4726614,2.9453044,9.719504,0.3815290886659734
4.0,0.013432568187154076,-1.8277954e-07,-2.9453852,-1.4726675,-1.4726675,-1.4726614,-1.4726614,2.9453044,9.719504,0.3818153576631658
4.0,0.013442568187154077,-2.0680477e-07,-2.9453852,-1.4726675,-1.4726675,-1.4726614,-1.4726614,2.9453044,9.719504,0.38210162666035824
4.0,0.013452568187154077,-1.8277964e-07,-2.9453852,-1.4726675,-1.4726675,-1.4726614,-1.4726614,2.9453044,9.719504,0.3823878956575506
4.0,0.013462568187154076,-2.0680473e-07,-2.9453852,-1.4726675,-1.4726675,-1.4726614,-1.4726614,2.9453044,9.719504,0.38267416465474297
4.0,0.013472568187154076,-1.8277974e-07,-2.9453852,-1.4726675,-1.4726675,-1.4726614,-1.4726614,2.9453044,9.719504,0.3829604336519354
4.0,0.013482568187154077,-2.068047e-07,-2.9453852,-1.4726675,-1.4726675,-1.4726614,-1.4726614,2.9453044,9.719504,0.3832467026491278
4.0,0.013492568187154077,-1.8277984e-07,-2.9453852,-1.4726675,-1.4726675,-1.4726614,-1.4726614,2.9453044,9.719504,0.38353297164632016
4.0,0.013502568187154076,-2.0680466e-07,-2.9453852,-1.4726675,-1.4726675,-1.4726614,-1.4726614,2.9453044,9.719504,0.3838192406435125
4.0,0.013512568187154076,-1.8277994e-07,-2.9453852,-1.4726675,-1.4726675,-1.4726614,-1.4726614,2.9453044,9.719504,0.38410550964070495
4.0,0.013522568187154077,-2.0680461e-07,-2.9453852,-1.4726675,-1.4726675,-1.4726614,-1.4726614,2.9453044,9.719504,0.38439177863789736
4.0,0.013532568187154077,-1.8278006e-07,-2.9453852,-1.4726675,-1.4726675,-1.4726614,-1.4726614,2.9453044,9.719504,0.3846780476350897
4.0,0.013542568187154077,-2.0680457e-07,-2.9453852,-1.4726675,-1.4726675,-1.4726614,-1.4726614,2.9453044,9.719504,0.3849643166322821
4.0,0.013552568187154076,-1.8278016e-07,-2.9453852,-1.4726675,-1.4726675,-1.4726614,-1.4726614,2.9453044,9.719504,0.38525058562947445
4.0,0.013562568187154076,-2.0680453e-07,-2.9453852,-1.4726675,-1.4726675,-1.4726614,-1.4726614,2.9453044,9.719504,0.38553685462666687
4.0,0.013572568187154077,-1.8278025e-07,-2.9453852,-1.4726675,-1.4726675,-1.4726614,-1.4726614,2.9453044,9.719504,0.3858231236238593
4.0,0.013582568187154077,-2.0680449e-07,-2.9453852,-1.4726675,-1.4726675,-1.4726614,-1.4726614,2.9453044,9.719504,0.38610939262105165
4.0,0.013592568187154076,-1.8278035e-07,-2.9453852,-1.4726675,-1.4726675,-1.4726614,-1.4726614,2.9453044,9.719504,0.386395661618244
4.0,0.013602568187154076,-2.0680443e-07,-2.9453852,-1.4726675,-1.4726675,-1.4726614,-1.4726614,2.9453044,9.719504,0.38668193061543643
4.0,0.013612568187154077,-1.8278045e-07,-2.9453852,-1.4726675,-1.4726675,-1.4726614,-1.4726614,2.9453044,9.719504,0.38696819961262885
4.0,0.013622568187154077,-2.0680439e-07,-2.9453852,-1.4726675,-1.4726675,-1.4726614,-1.4726614,2.9453044,9.719504,0.3872544686098212
4.0,0.013632568187154076,-1.8278057e-07,-2.9453852,-1.4726675,-1.4726675,-1.4726614,-1.4726614,2.9453044,9.719504,0.3875407376070136
4.0,0.013642568187154076,-2.0680433e-07,-2.9453852,-1.4726675,-1.4726675,-1.4726614,-1.4726614,2.9453044,9.719504,0.387827006604206
4.0,0.013652568187154077,-1.8278067e-07,-2.9453852,-1.4726675,-1.4726675,-1.4726614,-1.4726614,2.9453044,9.719504,0.3881132756013984
4.0,0.013662568187154077,-2.0680429e-07,-2.9453852,-1.4726675,-1.4726675,-1.4726614,-1.4726614,2.9453044,9.719504,0.3883995445985908
4.0,0.013672568187154076,-1.8278077e-07,-2.9453852,-1.4726675,-1.4726675,-1.4726614,-1.4726614,2.9453044,9.719504,0.38868581359578314
4.0,0.013682568187154076,-2.0680423e-07,-2.9453852,-1.4726675,-1.4726675,-1.4726614,-1.4726614,2.9453044,9.719504,0.3889720825929755
4.0,0.013692568187154076,-1.8278087e-07,-2.9453852,-1.4726675,-1.4726675,-1.4726614,-1.4726614,2.9453044,9.719504,0.3892583515901679
4.0,0.013702568187154077,-2.0680417e-07,-2.9453852,-1.4726675,-1.4726675,-1.4726614,-1.4726614,2.9453044,9.719504,0.38954462058736034
4.0,0.013712568187154077,-1.8278097e-07,-2.9453852,-1.4726675,-1.4726675,-1.4726614,-1.4726614,2.9453044,9.719504,0.3898308895845527
4.0,0.013722568187154076,-2.0680412e-07,-2.9453852,-1.4726675,-1.4726675,-1.4726614,-1.4726614,2.9453044,9.719504,0.39011715858174506
4.0,0.013732568187154076,-1.8278106e-07,-2.9453852,-1.4726675,-1.4726675,-1.4726614,-1.4726614,2.9453044,9.719504,0.3904034275789375
4.0,0.013742568187154077,-2.0680406e-07,-2.9453852,-1.4726675,-1.4726675,-1.4726614,-1.4726614,2.9453044,9.719504,0.3906896965761299
4.0,0.013752568187154077,-1.8278118e-07,-2.9453852,-1.4726675,-1.4726675,-1.4726614,-1.4726614,2.9453044,9.719504,0.39097596557332226
4.0,0.013762568187154076,-2.06804e-07,-2.9453852,-1.4726675,-1.4726675,-1.4726614,-1.4726614,2.9453044,9.719504,0.3912622345705146
4.0,0.013772568187154076,-1.8278128e-07,-2.9453852,-1.4726675,-1.4726675,-1.4726614,-1.4726614,2.9453044,9.719504,0.39154850356770704
4.0,0.013782568187154077,-2.0680395e-07,-2.9453852,-1.4726675,-1.4726675,-1.4726614,-1.4726614,2.9453044,9.719504,0.39183477256489946
4.0,0.013792568187154077,-1.8278138e-07,-2.9453852,-1.4726675,-1.4726675,-1.4726614,-1.4726614,2.9453044,9.719504,0.3921210415620918
4.0,0.013802568187154076,-2.0680389e-07,-2.9453852,-1.4726675,-1.4726675,-1.4726614,-1.4726614,2.9453044,9.719504,0.3924073105592842
4.0,0.013812568187154076,-1.8278148e-07,-2.9453852,-1.4726675,-1.4726675,-1.4726614,-1.4726614,2.9453044,9.719504,0.3926935795564766
4.0,0.013822568187154077,-2.0680382e-07,-2.9453852,-1.4726675,-1.4726675,-1.4726614,-1.4726614,2.9453044,9.719504,0.392979848553669
4.0,0.013832568187154077,-1.8278158e-07,-2.9453852,-1.4726675,-1.4726675,-1.4726614,-1.4726614,2.9453044,9.719504,0.3932661175508614
4.0,0.013842568187154076,-2.0680376e-07,-2.9453852,-1.4726675,-1.4726675,-1.4726614,-1.4726614,2.9453044,9.719504,0.39355238654805375
4.0,0.013852568187154076,-1.8278169e-07,-2.9453852,-1.4726675,-1.4726675,-1.4726614,-1.4726614,2.9453044,9.719504,0.3938386555452461
4.0,0.013862568187154076,-2.0680369e-07,-2.9453852,-1.4726675,-1.4726675,-1.4726614,-1.4726614,2.9453044,9.719504,0.3941249245424385
4.0,0.013872568187154077,-1.8278179e-07,-2.9453852,-1.4726675,-1.4726675,-1.4726614,-1.4726614,2.9453044,9.719504,0.39441119353963094
4.0,0.013882568187154077,-2.0680363e-07,-2.9453852,-1.4726675,-1.4726675,-1.4726614,-1.4726614,2.9453044,9.719504,0.3946974625368233
4.0,0.013892568187154076,-1.8278189e-07,-2.9453852,-1.4726675,-1.4726675,-1.4726614,-1.4726614,2.9453044,9.719504,0.39498373153401567
4.0,0.013902568187154076,-2.0680356e-07,-2.9453852,-1.4726675,-1.4726675,-1.4726614,-1.4726614,2.9453044,9.719504,0.3952700005312081
4.0,0.013912568187154077,-1.8278199e-07,-2.9453852,-1.4726675,-1.4726675,-1.4726614,-1.4726614,2.9453044,9.719504,0.3955562695284005
4.0,0.013922568187154077,-2.0680349e-07,-2.9453852,-1.4726675,-1.4726675,-1.4726614,-1.4726614,2.9453044,9.719504,0.39584253852559287
4.0,0.013932568187154076,-1.827821e-07,-2.9453852,-1.4726675,-1.4726675,-1.4726614,-1.4726614,2.9453044,9.719504,0.39612880752278523
4.0,0.013942568187154076,-2.0680342e-07,-2.9453852,-1.4726675,-1.4726675,-1.4726614,-1.4726614,2.9453044,9.719504,0.39641507651997765
4.0,0.013952568187154077,-1.827822e-07,-2.9453852,-1.4726675,-1.4726675,-1.4726614,-1.4726614,2.9453044,9.719504,0.39670134551717007
4.0,0.013962568187154077,-2.0680335e-07,-2.9453852,-1.4726675,-1.4726675,-1.4726614,-1.4726614,2.9453044,9.719504,0.39698761451436243
4.0,0.013972568187154076,-1.827823e-07,-2.9453852,-1.4726675,-1.4726675,-1.4726614,-1.4726614,2.9453044,9.719504,0.3972738835115548
4.0,0.013982568187154076,-2.0680328e-07,-2.9453852,-1.4726675,-1.4726675,-1.4726614,-1.4726614,2.9453044,9.719504,0.3975601525087472
4.0,0.013992568187154077,-1.827824e-07,-2.9453852,-1.4726675,-1.4726675,-1.4726614,-1.4726614,2.9453044,9.719504,0.39784642150593963
4.0,0.014002568187154077,-2.0680321e-07,-2.9453852,-1.4726675,-1.4726675,-1.4726614,-1.4726614,2.9453044,9.719504,0.398132690503132
4.0,0.014012568187154077,-1.8278251e-07,-2.9453852,-1.4726675,-1.4726675,-1.4726614,-1.4726614,2.9453044,9.719504,0.39841895950032435
4.0,0.014022568187154076,-2.0680314e-07,-2.9453852,-1.4726675,-1.4726675,-1.4726614,-1.4726614,2.9453044,9.719504,0.3987052284975167
4.0,0.014032568187154076,-1.8278261e-07,-2.9453852,-1.4726675,-1.4726675,-1.4726614,-1.4726614,2.9453044,9.719504,0.39899149749470914
4.0,0.014042568187154077,-2.0680305e-07,-2.9453852,-1.4726675,-1.4726675,-1.4726614,-1.4726614,2.9453044,9.719504,0.39927776649190155
4.0,0.014052568187154077,-1.8278271e-07,-2.9453852,-1.4726675,-1.4726675,-1.4726614,-1.4726614,2.9453044,9.719504,0.3995640354890939
4.0,0.014062568187154076,-2.0680298e-07,-2.9453852,-1.4726675,-1.4726675,-1.4726614,-1.4726614,2.9453044,9.719504,0.3998503044862863
4.0,0.014072568187154076,-1.8278283e-07,-2.9453852,-1.4726675,-1.4726675,-1.4726614,-1.4726614,2.9453044,9.719504,0.4001365734834787
4.0,0.014082568187154077,-2.0680291e-07,-2.9453852,-1.4726675,-1.4726675,-1.4726614,-1.4726614,2.9453044,9.719504,0.4004228424806711
4.0,0.014092568187154077,-1.8278293e-07,-2.9453852,-1.4726675,-1.4726675,-1.4726614,-1.4726614,2.9453044,9.719504,0.4007091114778635
4.0,0.014102568187154076,-2.0680282e-07,-2.9453852,-1.4726675,-1.4726675,-1.4726614,-1.4726614,2.9453044,9.719504,0.40099538047505584
4.0,0.014112568187154076,-1.8278303e-07,-2.9453852,-1.4726675,-1.4726675,-1.4726614,-1.4726614,2.9453044,9.719504,0.40128164947224826
4.0,0.014122568187154077,-2.0680275e-07,-2.9453852,-1.4726675,-1.4726675,-1.4726614,-1.4726614,2.9453044,9.719504,0.4015679184694407
4.0,0.014132568187154077,-1.8278314e-07,-2.9453852,-1.4726675,-1.4726675,-1.4726614,-1.4726614,2.9453044,9.719504,0.40185418746663304
4.0,0.014142568187154076,-2.0680267e-07,-2.9453852,-1.4726675,-1.4726675,-1.4726614,-1.4726614,2.9453044,9.719504,0.4021404564638254
4.0,0.014152568187154076,-1.8278324e-07,-2.9453852,-1.4726675,-1.4726675,-1.4726614,-1.4726614,2.9453044,9.719504,0.4024267254610178
4.0,0.014162568187154077,-2.0680258e-07,-2.9453852,-1.4726675,-1.4726675,-1.4726614,-1.4726614,2.9453044,9.719504,0.40271299445821024
4.0,0.014172568187154077,-1.8278334e-07,-2.9453852,-1.4726675,-1.4726675,-1.4726614,-1.4726614,2.9453044,9.719504,0.4029992634554026
4.0,0.014182568187154077,-2.068025e-07,-2.9453852,-1.4726675,-1.4726675,-1.4726614,-1.4726614,2.9453044,9.719504,0.40328553245259496
4.0,0.014192568187154076,-1.8278345e-07,-2.9453852,-1.4726675,-1.4726675,-1.4726614,-1.4726614,2.9453044,9.719504,0.4035718014497873
4.0,0.014202568187154076,-2.0680243e-07,-2.9453852,-1.4726675,-1.4726675,-1.4726614,-1.4726614,2.9453044,9.719504,0.40385807044697974
4.0,0.014212568187154077,-1.8278355e-07,-2.9453852,-1.4726675,-1.4726675,-1.4726614,-1.4726614,2.9453044,9.719504,0.40414433944417216
4.0,0.014222568187154077,-2.0680234e-07,-2.9453852,-1.4726675,-1.4726675,-1.4726614,-1.4726614,2.9453044,9.719504,0.4044306084413645
4.0,0.014232568187154076,-1.8278367e-07,-2.9453852,-1.4726675,-1.4726675,-1.4726614,-1.4726614,2.9453044,9.719504,0.4047168774385569
4.0,0.014242568187154076,-2.0680226e-07,-2.9453852,-1.4726675,-1.4726675,-1.4726614,-1.4726614,2.9453044,9.719504,0.4050031464357493
4.0,0.014252568187154077,-1.8278377e-07,-2.9453852,-1.4726675,-1.4726675,-1.4726614,-1.4726614,2.9453044,9.719504,0.4052894154329417
4.0,0.014262568187154077,-2.0680217e-07,-2.9453852,-1.4726675,-1.4726675,-1.4726614,-1.4726614,2.9453044,9.719504,0.4055756844301341
4.0,0.014272568187154076,-1.8278388e-07,-2.9453852,-1.4726675,-1.4726675,-1.4726614,-1.4726614,2.9453044,9.719504,0.40586195342732645
4.0,0.014282568187154076,-2.0680208e-07,-2.9453852,-1.4726675,-1.4726675,-1.4726614,-1.4726614,2.9453044,9.719504,0.40614822242451887
4.0,0.014292568187154077,-1.8278398e-07,-2.9453852,-1.4726675,-1.4726675,-1.4726614,-1.4726614,2.9453044,9.719504,0.4064344914217113
4.0,0.014302568187154077,-2.06802e-07,-2.9453852,-1.4726675,-1.4726675,-1.4726614,-1.4726614,2.9453044,9.719504,0.40672076041890365
4.0,0.014312568187154076,-1.8278409e-07,-2.9453852,-1.4726675,-1.4726675,-1.4726614,-1.4726614,2.9453044,9.719504,0.407007029416096
4.0,0.014322568187154076,-2.068019e-07,-2.9453852,-1.4726675,-1.4726675,-1.4726614,-1.4726614,2.9453044,9.719504,0.4072932984132884
4.0,0.014332568187154076,-1.8278419e-07,-2.9453852,-1.4726675,-1.4726675,-1.4726614,-1.4726614,2.9453044,9.719504,0.4075795674104808
4.0,0.014342568187154077,-2.0680181e-07,-2.9453852,-1.4726675,-1.4726675,-1.4726614,-1.4726614,2.9453044,9.719504,0.4078658364076732
4.0,0.014352568187154077,-1.827843e-07,-2.9453852,-1.4726675,-1.4726675,-1.4726614,-1.4726614,2.9453044,9.719504,0.4081521054048656
4.0,0.014362568187154076,-2.0680173e-07,-2.9453852,-1.4726675,-1.4726675,-1.4726614,-1.4726614,2.9453044,9.719504,0.40843837440205794
4.0,0.014372568187154076,-1.827844e-07,-2.9453852,-1.4726675,-1.4726675,-1.4726614,-1.4726614,2.9453044,9.719504,0.40872464339925035
4.0,0.014382568187154077,-2.0680163e-07,-2.9453852,-1.4726675,-1.4726675,-1.4726614,-1.4726614,2.9453044,9.719504,0.40901091239644277
4.0,0.014392568187154077,-1.8278452e-07,-2.9453852,-1.4726675,-1.4726675,-1.4726614,-1.4726614,2.9453044,9.719504,0.40929718139363513
4.0,0.014402568187154076,-2.0680154e-07,-2.9453852,-1.4726675,-1.4726675,-1.4726614,-1.4726614,2.9453044,9.719504,0.4095834503908275
4.0,0.014412568187154076,-1.8278463e-07,-2.9453852,-1.4726675,-1.4726675,-1.4726614,-1.4726614,2.9453044,9.719504,0.4098697193880199
4.0,0.014422568187154077,-2.0680146e-07,-2.9453852,-1.4726675,-1.4726675,-1.4726614,-1.4726614,2.9453044,9.719504,0.41015598838521233
4.0,0.014432568187154077,-1.8278473e-07,-2.9453852,-1.4726675,-1.4726675,-1.4726614,-1.4726614,2.9453044,9.719504,0.4104422573824047
4.0,0.014442568187154076,-2.0680136e-07,-2.9453852,-1.4726675,-1.4726675,-1.4726614,-1.4726614,2.9453044,9.719504,0.41072852637959706
4.0,0.014452568187154076,-1.8278485e-07,-2.9453852,-1.4726675,-1.4726675,-1.4726614,-1.4726614,2.9453044,9.719504,0.4110147953767895
4.0,0.014462568187154077,-2.0680127e-07,-2.9453852,-1.4726675,-1.4726675,-1.4726614,-1.4726614,2.9453044,9.719504,0.4113010643739819
4.0,0.014472568187154077,-1.8278496e-07,-2.9453852,-1.4726675,-1.4726675,-1.4726614,-1.4726614,2.9453044,9.719504,0.41158733337117426
4.0,0.014482568187154076,-2.0680118e-07,-2.9453852,-1.4726675,-1.4726675,-1.4726614,-1.4726614,2.9453044,9.719504,0.4118736023683666
4.0,0.014492568187154076,-1.8278506e-07,-2.9453852,-1.4726675,-1.4726675,-1.4726614,-1.4726614,2.9453044,9.719504,0.412159871365559
4.0,0.014502568187154076,-2.0680108e-07,-2.9453852,-1.4726675,-1.4726675,-1.4726614,-1.4726614,2.9453044,9.719504,0.4124461403627514
4.0,0.014512568187154077,-1.8278517e-07,-2.9453852,-1.4726675,-1.4726675,-1.4726614,-1.4726614,2.9453044,9.719504,0.4127324093599438
4.0,0.014522568187154077,-2.0680099e-07,-2.9453852,-1.4726675,-1.4726675,-1.4726614,-1.4726614,2.9453044,9.719504,0.4130186783571362
4.0,0.014532568187154076,-1.8278529e-07,-2.9453852,-1.4726675,-1.4726675,-1.4726614,-1.4726614,2.9453044,9.719504,0.41330494735432854
4.0,0.014542568187154076,-2.0680089e-07,-2.9453852,-1.4726675,-1.4726675,-1.4726614,-1.4726614,2.9453044,9.719504,0.41359121635152096
4.0,0.014552568187154077,-1.8278539e-07,-2.9453852,-1.4726675,-1.4726675,-1.4726614,-1.4726614,2.9453044,9.719504,0.4138774853487134
4.0,0.014562568187154077,-2.0680079e-07,-2.9453852,-1.4726675,-1.4726675,-1.4726614,-1.4726614,2.9453044,9.719504,0.41416375434590574
4.0,0.014572568187154076,-1.827855e-07,-2.9453852,-1.4726675,-1.4726675,-1.4726614,-1.4726614,2.9453044,9.719504,0.4144500233430981
4.0,0.014582568187154076,-2.0680069e-07,-2.9453852,-1.4726675,-1.4726675,-1.4726614,-1.4726614,2.9453044,9.719504,0.4147362923402905
4.0,0.014592568187154077,-1.8278561e-07,-2.9453852,-1.4726675,-1.4726675,-1.4726614,-1.4726614,2.9453044,9.719504,0.41502256133748294
4.0,0.014602568187154077,-2.0680059e-07,-2.9453852,-1.4726675,-1.4726675,-1.4726614,-1.4726614,2.9453044,9.719504,0.4153088303346753
4.0,0.014612568187154076,-1.8278573e-07,-2.9453852,-1.4726675,-1.4726675,-1.4726614,-1.4726614,2.9453044,9.719504,0.41559509933186767
4.0,0.014622568187154076,-2.068005e-07,-2.9453852,-1.4726675,-1.4726675,-1.4726614,-1.4726614,2.9453044,9.719504,0.4158813683290601
4.0,0.014632568187154077,-1.8278584e-07,-2.9453852,-1.4726675,-1.4726675,-1.4726614,-1.4726614,2.9453044,9.719504,0.4161676373262525
4.0,0.014642568187154077,-2.068004e-07,-2.9453852,-1.4726675,-1.4726675,-1.4726614,-1.4726614,2.9453044,9.719504,0.41645390632344487
4.0,0.014652568187154076,-1.8278594e-07,-2.9453852,-1.4726675,-1.4726675,-1.4726614,-1.4726614,2.9453044,9.719504,0.41674017532063723
4.0,0.014662568187154076,-2.068003e-07,-2.9453852,-1.4726675,-1.4726675,-1.4726614,-1.4726614,2.9453044,9.719504,0.4170264443178296
4.0,0.014672568187154076,-1.8278605e-07,-2.9453852,-1.4726675,-1.4726675,-1.4726614,-1.4726614,2.9453044,9.719504,0.417312713315022
4.0,0.014682568187154077,-2.068002e-07,-2.9453852,-1.4726675,-1.4726675,-1.4726614,-1.4726614,2.9453044,9.719504,0.41759898231221443
4.0,0.014692568187154077,-1.8278617e-07,-2.9453852,-1.4726675,-1.4726675,-1.4726614,-1.4726614,2.9453044,9.719504,0.4178852513094068
4.0,0.014702568187154076,-2.068001e-07,-2.9453852,-1.4726675,-1.4726675,-1.4726614,-1.4726614,2.9453044,9.719504,0.41817152030659915
4.0,0.014712568187154076,-1.8278628e-07,-2.9453852,-1.4726675,-1.4726675,-1.4726614,-1.4726614,2.9453044,9.719504,0.41845778930379157
4.0,0.014722568187154077,-2.068e-07,-2.9453852,-1.4726675,-1.4726675,-1.4726614,-1.4726614,2.9453044,9.719504,0.418744058300984
4.0,0.014732568187154077,-1.827864e-07,-2.9453852,-1.4726675,-1.4726675,-1.4726614,-1.4726614,2.9453044,9.719504,0.41903032729817635
4.0,0.014742568187154076,-2.067999e-07,-2.9453852,-1.4726675,-1.4726675,-1.4726614,-1.4726614,2.9453044,9.719504,0.4193165962953687
4.0,0.014752568187154076,-1.8278651e-07,-2.9453852,-1.4726675,-1.4726675,-1.4726614,-1.4726614,2.9453044,9.719504,0.41960286529256113
4.0,0.014762568187154077,-2.067998e-07,-2.9453852,-1.4726675,-1.4726675,-1.4726614,-1.4726614,2.9453044,9.719504,0.41988913428975355
4.0,0.014772568187154077,-1.8278662e-07,-2.9453852,-1.4726675,-1.4726675,-1.4726614,-1.4726614,2.9453044,9.719504,0.4201754032869459
4.0,0.014782568187154076,-2.0679968e-07,-2.9453852,-1.4726675,-1.4726675,-1.4726614,-1.4726614,2.9453044,9.719504,0.4204616722841383
4.0,0.014792568187154076,-1.8278674e-07,-2.9453852,-1.4726675,-1.4726675,-1.4726614,-1.4726614,2.9453044,9.719504,0.4207479412813307
4.0,0.014802568187154077,-2.0679958e-07,-2.9453852,-1.4726675,-1.4726675,-1.4726614,-1.4726614,2.9453044,9.719504,0.4210342102785231
4.0,0.014812568187154077,-1.8278685e-07,-2.9453852,-1.4726675,-1.4726675,-1.4726614,-1.4726614,2.9453044,9.719504,0.4213204792757155
4.0,0.014822568187154076,-2.0679948e-07,-2.9453852,-1.4726675,-1.4726675,-1.4726614,-1.4726614,2.9453044,9.719504,0.42160674827290784
4.0,0.014832568187154076,-1.8278696e-07,-2.9453852,-1.4726675,-1.4726675,-1.4726614,-1.4726614,2.9453044,9.719504,0.4218930172701002
4.0,0.014842568187154076,-2.0679937e-07,-2.9453852,-1.4726675,-1.4726675,-1.4726614,-1.4726614,2.9453044,9.719504,0.4221792862672926
4.0,0.014852568187154077,-1.8278708e-07,-2.9453852,-1.4726675,-1.4726675,-1.4726614,-1.4726614,2.9453044,9.719504,0.42246555526448504
4.0,0.014862568187154077,-2.0679927e-07,-2.9453852,-1.4726675,-1.4726675,-1.4726614,-1.4726614,2.9453044,9.719504,0.4227518242616774
4.0,0.014872568187154076,-1.8278719e-07,-2.9453852,-1.4726675,-1.4726675,-1.4726614,-1.4726614,2.9453044,9.719504,0.42303809325886976
4.0,0.014882568187154076,-2.0679916e-07,-2.9453852,-1.4726675,-1.4726675,-1.4726614,-1.4726614,2.9453044,9.719504,0.4233243622560622
4.0,0.014892568187154077,-1.827873e-07,-2.9453852,-1.4726675,-1.4726675,-1.4726614,-1.4726614,2.9453044,9.719504,0.4236106312532546
4.0,0.014902568187154077,-2.0679906e-07,-2.9453852,-1.4726675,-1.4726675,-1.4726614,-1.4726614,2.9453044,9.719504,0.42389690025044696
4.0,0.014912568187154076,-1.8278742e-07,-2.9453852,-1.4726675,-1.4726675,-1.4726614,-1.4726614,2.9453044,9.719504,0.4241831692476393
4.0,0.014922568187154076,-2.0679894e-07,-2.9453852,-1.4726675,-1.4726675,-1.4726614,-1.4726614,2.9453044,9.719504,0.42446943824483174
4.0,0.014932568187154077,-1.8278753e-07,-2.9453852,-1.4726675,-1.4726675,-1.4726614,-1.4726614,2.9453044,9.719504,0.42475570724202416
4.0,0.014942568187154077,-2.0679884e-07,-2.9453852,-1.4726675,-1.4726675,-1.4726614,-1.4726614,2.9453044,9.719504,0.4250419762392165
4.0,0.014952568187154076,-1.8278764e-07,-2.9453852,-1.4726675,-1.4726675,-1.4726614,-1.4726614,2.9453044,9.719504,0.4253282452364089
4.0,0.014962568187154076,-2.0679873e-07,-2.9453852,-1.4726675,-1.4726675,-1.4726614,-1.4726614,2.9453044,9.719504,0.42561451423360125
4.0,0.014972568187154076,-1.8278776e-07,-2.9453852,-1.4726675,-1.4726675,-1.4726614,-1.4726614,2.9453044,9.719504,0.42590078323079367
4.0,0.014982568187154077,-2.0679863e-07,-2.9453852,-1.4726675,-1.4726675,-1.4726614,-1.4726614,2.9453044,9.719504,0.4261870522279861
4.0,0.014992568187154076,-1.8278787e-07,-2.9453852,-1.4726675,-1.4726675,-1.4726614,-1.4726614,2.9453044,9.719504,0.42647332122517845
4.0,0.015002568187154076,-2.0679852e-07,-2.9453852,-1.4726675,-1.4726675,-1.4726614,-1.4726614,2.9453044,9.719504,0.4267595902223708
4.0,0.015012568187154076,-1.82788e-07,-2.9453852,-1.4726675,-1.4726675,-1.4726614,-1.4726614,2.9453044,9.719504,0.42704585921956323
4.0,0.015022568187154077,-2.067984e-07,-2.9453852,-1.4726675,-1.4726675,-1.4726614,-1.4726614,2.9453044,9.719504,0.42733212821675565
4.0,0.015032568187154077,-1.8278811e-07,-2.9453852,-1.4726675,-1.4726675,-1.4726614,-1.4726614,2.9453044,9.719504,0.427618397213948
4.0,0.015042568187154076,-2.067983e-07,-2.9453852,-1.4726675,-1.4726675,-1.4726614,-1.4726614,2.9453044,9.719504,0.42790466621114037
4.0,0.015052568187154076,-1.8278823e-07,-2.9453852,-1.4726675,-1.4726675,-1.4726614,-1.4726614,2.9453044,9.719504,0.4281909352083328
4.0,0.015062568187154077,-2.0679819e-07,-2.9453852,-1.4726675,-1.4726675,-1.4726614,-1.4726614,2.9453044,9.719504,0.4284772042055252
4.0,0.015072568187154077,-1.8278834e-07,-2.9453852,-1.4726675,-1.4726675,-1.4726614,-1.4726614,2.9453044,9.719504,0.42876347320271757
4.0,0.015082568187154076,-2.0679808e-07,-2.9453852,-1.4726675,-1.4726675,-1.4726614,-1.4726614,2.9453044,9.719504,0.42904974219990993
4.0,0.015092568187154076,-1.8278845e-07,-2.9453852,-1.4726675,-1.4726675,-1.4726614,-1.4726614,2.9453044,9.719504,0.42933601119710235
4.0,0.015102568187154077,-2.0679796e-07,-2.9453852,-1.4726675,-1.4726675,-1.4726614,-1.4726614,2.9453044,9.719504,0.42962228019429477
4.0,0.015112568187154077,-1.8278858e-07,-2.9453852,-1.4726675,-1.4726675,-1.4726614,-1.4726614,2.9453044,9.719504,0.42990854919148713
4.0,0.015122568187154076,-2.0679785e-07,-2.9453852,-1.4726675,-1.4726675,-1.4726614,-1.4726614,2.9453044,9.719504,0.4301948181886795
4.0,0.015132568187154076,-1.827887e-07,-2.9453852,-1.4726675,-1.4726675,-1.4726614,-1.4726614,2.9453044,9.719504,0.43048108718587186
4.0,0.015142568187154076,-2.0679774e-07,-2.9453852,-1.4726675,-1.4726675,-1.4726614,-1.4726614,2.9453044,9.719504,0.4307673561830643
4.0,0.015152568187154077,-1.8278881e-07,-2.9453852,-1.4726675,-1.4726675,-1.4726614,-1.4726614,2.9453044,9.719504,0.4310536251802567
4.0,0.015162568187154076,-2.0679764e-07,-2.9453852,-1.4726675,-1.4726675,-1.4726614,-1.4726614,2.9453044,9.719504,0.43133989417744906
4.0,0.015172568187154076,-1.8278892e-07,-2.9453852,-1.4726675,-1.4726675,-1.4726614,-1.4726614,2.9453044,9.719504,0.4316261631746414
4.0,0.015182568187154076,-2.0679752e-07,-2.9453852,-1.4726675,-1.4726675,-1.4726614,-1.4726614,2.9453044,9.719504,0.43191243217183384
4.0,0.015192568187154077,-1.8278905e-07,-2.9453852,-1.4726675,-1.4726675,-1.4726614,-1.4726614,2.9453044,9.719504,0.43219870116902626
4.0,0.015202568187154077,-2.0679741e-07,-2.9453852,-1.4726675,-1.4726675,-1.4726614,-1.4726614,2.9453044,9.719504,0.4324849701662186
4.0,0.015212568187154076,-1.8278917e-07,-2.9453852,-1.4726675,-1.4726675,-1.4726614,-1.4726614,2.9453044,9.719504,0.432771239163411
4.0,0.015222568187154076,-2.067973e-07,-2.9453852,-1.4726675,-1.4726675,-1.4726614,-1.4726614,2.9453044,9.719504,0.4330575081606034
4.0,0.015232568187154077,-1.827893e-07,-2.9453852,-1.4726675,-1.4726675,-1.4726614,-1.4726614,2.9453044,9.719504,0.4333437771577958
4.0,0.015242568187154077,-2.0679718e-07,-2.9453852,-1.4726675,-1.4726675,-1.4726614,-1.4726614,2.9453044,9.719504,0.4336300461549882
4.0,0.015252568187154076,-1.827894e-07,-2.9453852,-1.4726675,-1.4726675,-1.4726614,-1.4726614,2.9453044,9.719504,0.43391631515218054
4.0,0.015262568187154076,-2.0679707e-07,-2.9453852,-1.4726675,-1.4726675,-1.4726614,-1.4726614,2.9453044,9.719504,0.43420258414937296
4.0,0.015272568187154077,-1.8278952e-07,-2.9453852,-1.4726675,-1.4726675,-1.4726614,-1.4726614,2.9453044,9.719504,0.4344888531465654
4.0,0.015282568187154077,-2.0679695e-07,-2.9453852,-1.4726675,-1.4726675,-1.4726614,-1.4726614,2.9453044,9.719504,0.43477512214375774
4.0,0.015292568187154076,-1.8278965e-07,-2.9453852,-1.4726675,-1.4726675,-1.4726614,-1.4726614,2.9453044,9.719504,0.4350613911409501
4.0,0.015302568187154076,-2.0679683e-07,-2.9453852,-1.4726675,-1.4726675,-1.4726614,-1.4726614,2.9453044,9.719504,0.43534766013814247
4.0,0.015312568187154076,-1.8278976e-07,-2.9453852,-1.4726675,-1.4726675,-1.4726614,-1.4726614,2.9453044,9.719504,0.4356339291353349
4.0,0.015322568187154077,-2.0679671e-07,-2.9453852,-1.4726675,-1.4726675,-1.4726614,-1.4726614,2.9453044,9.719504,0.4359201981325273
4.0,0.015332568187154077,-1.8278989e-07,-2.9453852,-1.4726675,-1.4726675,-1.4726614,-1.4726614,2.9453044,9.719504,0.43620646712971967
4.0,0.015342568187154076,-2.067966e-07,-2.9453852,-1.4726675,-1.4726675,-1.4726614,-1.4726614,2.9453044,9.719504,0.43649273612691203
4.0,0.015352568187154076,-1.8279e-07,-2.9453852,-1.4726675,-1.4726675,-1.4726614,-1.4726614,2.9453044,9.719504,0.43677900512410445
4.0,0.015362568187154077,-2.0679649e-07,-2.9453852,-1.4726675,-1.4726675,-1.4726614,-1.4726614,2.9453044,9.719504,0.43706527412129687
4.0,0.015372568187154077,-1.8279013e-07,-2.9453852,-1.4726675,-1.4726675,-1.4726614,-1.4726614,2.9453044,9.719504,0.4373515431184892
4.0,0.015382568187154076,-2.0679637e-07,-2.9453852,-1.4726675,-1.4726675,-1.4726614,-1.4726614,2.9453044,9.719504,0.4376378121156816
4.0,0.015392568187154076,-1.8279025e-07,-2.9453852,-1.4726675,-1.4726675,-1.4726614,-1.4726614,2.9453044,9.719504,0.437924081112874
4.0,0.015402568187154077,-2.0679626e-07,-2.9453852,-1.4726675,-1.4726675,-1.4726614,-1.4726614,2.9453044,9.719504,0.4382103501100664
4.0,0.015412568187154077,-1.8279037e-07,-2.9453852,-1.4726675,-1.4726675,-1.4726614,-1.4726614,2.9453044,9.719504,0.4384966191072588
4.0,0.015422568187154076,-2.0679613e-07,-2.9453852,-1.4726675,-1.4726675,-1.4726614,-1.4726614,2.9453044,9.719504,0.43878288810445115
4.0,0.015432568187154076,-1.8279049e-07,-2.9453852,-1.4726675,-1.4726675,-1.4726614,-1.4726614,2.9453044,9.719504,0.43906915710164357
4.0,0.015442568187154077,-2.0679602e-07,-2.9453852,-1.4726675,-1.4726675,-1.4726614,-1.4726614,2.9453044,9.719504,0.439355426098836
4.0,0.015452568187154077,-1.8279061e-07,-2.9453852,-1.4726675,-1.4726675,-1.4726614,-1.4726614,2.9453044,9.719504,0.43964169509602835
4.0,0.015462568187154076,-2.067959e-07,-2.9453852,-1.4726675,-1.4726675,-1.4726614,-1.4726614,2.9453044,9.719504,0.4399279640932207
4.0,0.015472568187154076,-1.8279073e-07,-2.9453852,-1.4726675,-1.4726675,-1.4726614,-1.4726614,2.9453044,9.719504,0.4402142330904131
4.0,0.015482568187154076,-2.0679578e-07,-2.9453852,-1.4726675,-1.4726675,-1.4726614,-1.4726614,2.9453044,9.719504,0.4405005020876055
4.0,0.015492568187154077,-1.8279086e-07,-2.9453852,-1.4726675,-1.4726675,-1.4726614,-1.4726614,2.9453044,9.719504,0.4407867710847979
4.0,0.015502568187154077,-2.0679566e-07,-2.9453852,-1.4726675,-1.4726675,-1.4726614,-1.4726614,2.9453044,9.719504,0.4410730400819903
4.0,0.015512568187154076,-1.8279097e-07,-2.9453852,-1.4726675,-1.4726675,-1.4726614,-1.4726614,2.9453044,9.719504,0.44135930907918264
4.0,0.015522568187154076,-2.0679555e-07,-2.9453852,-1.4726675,-1.4726675,-1.4726614,-1.4726614,2.9453044,9.719504,0.44164557807637506
4.0,0.015532568187154077,-1.827911e-07,-2.9453852,-1.4726675,-1.4726675,-1.4726614,-1.4726614,2.9453044,9.719504,0.4419318470735675
4.0,0.015542568187154077,-2.0679542e-07,-2.9453852,-1.4726675,-1.4726675,-1.4726614,-1.4726614,2.9453044,9.719504,0.44221811607075984
4.0,0.015552568187154076,-1.8279123e-07,-2.9453852,-1.4726675,-1.4726675,-1.4726614,-1.4726614,2.9453044,9.719504,0.4425043850679522
4.0,0.015562568187154076,-2.067953e-07,-2.9453852,-1.4726675,-1.4726675,-1.4726614,-1.4726614,2.9453044,9.719504,0.4427906540651446
4.0,0.015572568187154077,-1.8279134e-07,-2.9453852,-1.4726675,-1.4726675,-1.4726614,-1.4726614,2.9453044,9.719504,0.44307692306233704
4.0,0.015582568187154077,-2.0679518e-07,-2.9453852,-1.4726675,-1.4726675,-1.4726614,-1.4726614,2.9453044,9.719504,0.4433631920595294
4.0,0.015592568187154076,-1.8279147e-07,-2.9453852,-1.4726675,-1.4726675,-1.4726614,-1.4726614,2.9453044,9.719504,0.44364946105672176
4.0,0.015602568187154076,-2.0679506e-07,-2.9453852,-1.4726675,-1.4726675,-1.4726614,-1.4726614,2.9453044,9.719504,0.4439357300539141
4.0,0.015612568187154076,-1.8279158e-07,-2.9453852,-1.4726675,-1.4726675,-1.4726614,-1.4726614,2.9453044,9.719504,0.44422199905110654
4.0,0.015622568187154077,-2.0679494e-07,-2.9453852,-1.4726675,-1.4726675,-1.4726614,-1.4726614,2.9453044,9.719504,0.44450826804829896
4.0,0.015632568187154076,-1.8279171e-07,-2.9453852,-1.4726675,-1.4726675,-1.4726614,-1.4726614,2.9453044,9.719504,0.4447945370454913
4.0,0.015642568187154076,-2.0679482e-07,-2.9453852,-1.4726675,-1.4726675,-1.4726614,-1.4726614,2.9453044,9.719504,0.4450808060426837
4.0,0.015652568187154076,-1.8279184e-07,-2.9453852,-1.4726675,-1.4726675,-1.4726614,-1.4726614,2.9453044,9.719504,0.44536707503987605
4.0,0.015662568187154075,-2.067947e-07,-2.9453852,-1.4726675,-1.4726675,-1.4726614,-1.4726614,2.9453044,9.719504,0.4456533440370684
4.0,0.015672568187154075,-1.8279196e-07,-2.9453852,-1.4726675,-1.4726675,-1.4726614,-1.4726614,2.9453044,9.719504,0.44593961303426083
4.0,0.015682568187154078,-2.0679458e-07,-2.9453852,-1.4726675,-1.4726675,-1.4726614,-1.4726614,2.9453044,9.719504,0.44622588203145325
4.0,0.015692568187154077,-1.8279208e-07,-2.9453852,-1.4726675,-1.4726675,-1.4726614,-1.4726614,2.9453044,9.719504,0.4465121510286456
4.0,0.015702568187154077,-2.0679445e-07,-2.9453852,-1.4726675,-1.4726675,-1.4726614,-1.4726614,2.9453044,9.719504,0.446798420025838
4.0,0.015712568187154077,-1.827922e-07,-2.9453852,-1.4726675,-1.4726675,-1.4726614,-1.4726614,2.9453044,9.719504,0.44708468902303033
4.0,0.015722568187154076,-2.0679434e-07,-2.9453852,-1.4726675,-1.4726675,-1.4726614,-1.4726614,2.9453044,9.719504,0.4473709580202227
4.0,0.015732568187154076,-1.8279233e-07,-2.9453852,-1.4726675,-1.4726675,-1.4726614,-1.4726614,2.9453044,9.719504,0.44765722701741506
4.0,0.015742568187154075,-2.0679421e-07,-2.9453852,-1.4726675,-1.4726675,-1.4726614,-1.4726614,2.9453044,9.719504,0.4479434960146074
4.0,0.015752568187154075,-1.8279246e-07,-2.9453852,-1.4726675,-1.4726675,-1.4726614,-1.4726614,2.9453044,9.719504,0.4482297650117998
4.0,0.015762568187154075,-2.067941e-07,-2.9453852,-1.4726675,-1.4726675,-1.4726614,-1.4726614,2.9453044,9.719504,0.4485160340089922
4.0,0.015772568187154078,-1.8279258e-07,-2.9453852,-1.4726675,-1.4726675,-1.4726614,-1.4726614,2.9453044,9.719504,0.4488023030061846
4.0,0.015782568187154077,-2.0679397e-07,-2.9453852,-1.4726675,-1.4726675,-1.4726614,-1.4726614,2.9453044,9.719504,0.449088572003377
4.0,0.015792568187154077,-1.827927e-07,-2.9453852,-1.4726675,-1.4726675,-1.4726614,-1.4726614,2.9453044,9.719504,0.44937484100056935
4.0,0.015802568187154076,-2.0679384e-07,-2.9453852,-1.4726675,-1.4726675,-1.4726614,-1.4726614,2.9453044,9.719504,0.4496611099977617
4.0,0.015812568187154076,-1.8279283e-07,-2.9453852,-1.4726675,-1.4726675,-1.4726614,-1.4726614,2.9453044,9.719504,0.4499473789949541
4.0,0.015822568187154076,-2.0679373e-07,-2.9453852,-1.4726675,-1.4726675,-1.4726614,-1.4726614,2.9453044,9.719504,0.45023364799214644
4.0,0.015832568187154075,-1.8279296e-07,-2.9453852,-1.4726675,-1.4726675,-1.4726614,-1.4726614,2.9453044,9.719504,0.4505199169893388
4.0,0.015842568187154075,-2.067936e-07,-2.9453852,-1.4726675,-1.4726675,-1.4726614,-1.4726614,2.9453044,9.719504,0.4508061859865312
4.0,0.015852568187154078,-1.8279309e-07,-2.9453852,-1.4726675,-1.4726675,-1.4726614,-1.4726614,2.9453044,9.719504,0.45109245498372363
4.0,0.015862568187154077,-2.0679347e-07,-2.9453852,-1.4726675,-1.4726675,-1.4726614,-1.4726614,2.9453044,9.719504,0.451378723980916
4.0,0.015872568187154077,-1.827932e-07,-2.9453852,-1.4726675,-1.4726675,-1.4726614,-1.4726614,2.9453044,9.719504,0.45166499297810836
4.0,0.015882568187154077,-2.0679336e-07,-2.9453852,-1.4726675,-1.4726675,-1.4726614,-1.4726614,2.9453044,9.719504,0.4519512619753007
4.0,0.015892568187154076,-1.8279333e-07,-2.9453852,-1.4726675,-1.4726675,-1.4726614,-1.4726614,2.9453044,9.719504,0.4522375309724931
4.0,0.015902568187154076,-2.0679323e-07,-2.9453852,-1.4726675,-1.4726675,-1.4726614,-1.4726614,2.9453044,9.719504,0.45252379996968545
4.0,0.015912568187154075,-1.8279346e-07,-2.9453852,-1.4726675,-1.4726675,-1.4726614,-1.4726614,2.9453044,9.719504,0.4528100689668778
4.0,0.015922568187154075,-2.067931e-07,-2.9453852,-1.4726675,-1.4726675,-1.4726614,-1.4726614,2.9453044,9.719504,0.4530963379640702
4.0,0.015932568187154075,-1.8279358e-07,-2.9453852,-1.4726675,-1.4726675,-1.4726614,-1.4726614,2.9453044,9.719504,0.4533826069612626
4.0,0.015942568187154078,-2.0679298e-07,-2.9453852,-1.4726675,-1.4726675,-1.4726614,-1.4726614,2.9453044,9.719504,0.453668875958455
4.0,0.015952568187154077,-1.8279371e-07,-2.9453852,-1.4726675,-1.4726675,-1.4726614,-1.4726614,2.9453044,9.719504,0.45395514495564737
4.0,0.015962568187154077,-2.0679286e-07,-2.9453852,-1.4726675,-1.4726675,-1.4726614,-1.4726614,2.9453044,9.719504,0.45424141395283973
4.0,0.015972568187154076,-1.8279384e-07,-2.9453852,-1.4726675,-1.4726675,-1.4726614,-1.4726614,2.9453044,9.719504,0.4545276829500321
4.0,0.015982568187154076,-2.0679273e-07,-2.9453852,-1.4726675,-1.4726675,-1.4726614,-1.4726614,2.9453044,9.719504,0.45481395194722446
4.0,0.015992568187154076,-1.8279397e-07,-2.9453852,-1.4726675,-1.4726675,-1.4726614,-1.4726614,2.9453044,9.719504,0.4551002209444168
4.0,0.016002568187154075,-2.067926e-07,-2.9453852,-1.4726675,-1.4726675,-1.4726614,-1.4726614,2.9453044,9.719504,0.4553864899416092
4.0,0.016012568187154075,-1.827941e-07,-2.9453852,-1.4726675,-1.4726675,-1.4726614,-1.4726614,2.9453044,9.719504,0.4556727589388016
4.0,0.016022568187154078,-2.0679248e-07,-2.9453852,-1.4726675,-1.4726675,-1.4726614,-1.4726614,2.9453044,9.719504,0.455959027935994
4.0,0.016032568187154077,-1.8279422e-07,-2.9453852,-1.4726675,-1.4726675,-1.4726614,-1.4726614,2.9453044,9.719504,0.4562452969331864
4.0,0.016042568187154077,-2.0679235e-07,-2.9453852,-1.4726675,-1.4726675,-1.4726614,-1.4726614,2.9453044,9.719504,0.45653156593037875
4.0,0.016052568187154077,-1.8279435e-07,-2.9453852,-1.4726675,-1.4726675,-1.4726614,-1.4726614,2.9453044,9.719504,0.4568178349275711
4.0,0.016062568187154076,-2.0679222e-07,-2.9453852,-1.4726675,-1.4726675,-1.4726614,-1.4726614,2.9453044,9.719504,0.45710410392476347
4.0,0.016072568187154076,-1.8279448e-07,-2.9453852,-1.4726675,-1.4726675,-1.4726614,-1.4726614,2.9453044,9.719504,0.45739037292195583
4.0,0.016082568187154075,-2.067921e-07,-2.9453852,-1.4726675,-1.4726675,-1.4726614,-1.4726614,2.9453044,9.719504,0.4576766419191482
4.0,0.016092568187154075,-1.8279461e-07,-2.9453852,-1.4726675,-1.4726675,-1.4726614,-1.4726614,2.9453044,9.719504,0.45796291091634056
4.0,0.016102568187154075,-2.0679198e-07,-2.9453852,-1.4726675,-1.4726675,-1.4726614,-1.4726614,2.9453044,9.719504,0.458249179913533
4.0,0.016112568187154078,-1.8279474e-07,-2.9453852,-1.4726675,-1.4726675,-1.4726614,-1.4726614,2.9453044,9.719504,0.4585354489107254
4.0,0.016122568187154077,-2.0679185e-07,-2.9453852,-1.4726675,-1.4726675,-1.4726614,-1.4726614,2.9453044,9.719504,0.45882171790791776
4.0,0.016132568187154077,-1.8279486e-07,-2.9453852,-1.4726675,-1.4726675,-1.4726614,-1.4726614,2.9453044,9.719504,0.4591079869051101
4.0,0.016142568187154076,-2.0679173e-07,-2.9453852,-1.4726675,-1.4726675,-1.4726614,-1.4726614,2.9453044,9.719504,0.4593942559023025
4.0,0.016152568187154076,-1.8279499e-07,-2.9453852,-1.4726675,-1.4726675,-1.4726614,-1.4726614,2.9453044,9.719504,0.45968052489949485
4.0,0.016162568187154076,-2.067916e-07,-2.9453852,-1.4726675,-1.4726675,-1.4726614,-1.4726614,2.9453044,9.719504,0.4599667938966872
4.0,0.016172568187154075,-1.8279512e-07,-2.9453852,-1.4726675,-1.4726675,-1.4726614,-1.4726614,2.9453044,9.719504,0.46025306289387957
4.0,0.016182568187154075,-2.0679147e-07,-2.9453852,-1.4726675,-1.4726675,-1.4726614,-1.4726614,2.9453044,9.719504,0.460539331891072
4.0,0.016192568187154078,-1.8279525e-07,-2.9453852,-1.4726675,-1.4726675,-1.4726614,-1.4726614,2.9453044,9.719504,0.4608256008882644
4.0,0.016202568187154077,-2.0679134e-07,-2.9453852,-1.4726675,-1.4726675,-1.4726614,-1.4726614,2.9453044,9.719504,0.46111186988545677
4.0,0.016212568187154077,-1.8279538e-07,-2.9453852,-1.4726675,-1.4726675,-1.4726614,-1.4726614,2.9453044,9.719504,0.46139813888264913
4.0,0.016222568187154077,-2.0679121e-07,-2.9453852,-1.4726675,-1.4726675,-1.4726614,-1.4726614,2.9453044,9.719504,0.4616844078798415
4.0,0.016232568187154076,-1.827955e-07,-2.9453852,-1.4726675,-1.4726675,-1.4726614,-1.4726614,2.9453044,9.719504,0.46197067687703386
4.0,0.016242568187154076,-2.0679109e-07,-2.9453852,-1.4726675,-1.4726675,-1.4726614,-1.4726614,2.9453044,9.719504,0.4622569458742262
4.0,0.016252568187154075,-1.8279563e-07,-2.9453852,-1.4726675,-1.4726675,-1.4726614,-1.4726614,2.9453044,9.719504,0.4625432148714186
4.0,0.016262568187154075,-2.0679096e-07,-2.9453852,-1.4726675,-1.4726675,-1.4726614,-1.4726614,2.9453044,9.719504,0.46282948386861095
4.0,0.016272568187154075,-1.8279576e-07,-2.9453852,-1.4726675,-1.4726675,-1.4726614,-1.4726614,2.9453044,9.719504,0.46311575286580337
4.0,0.016282568187154078,-2.0679083e-07,-2.9453852,-1.4726675,-1.4726675,-1.4726614,-1.4726614,2.9453044,9.719504,0.4634020218629958
4.0,0.016292568187154077,-1.8279589e-07,-2.9453852,-1.4726675,-1.4726675,-1.4726614,-1.4726614,2.9453044,9.719504,0.46368829086018815
4.0,0.016302568187154077,-2.067907e-07,-2.9453852,-1.4726675,-1.4726675,-1.4726614,-1.4726614,2.9453044,9.719504,0.4639745598573805
4.0,0.016312568187154076,-1.8279601e-07,-2.9453852,-1.4726675,-1.4726675,-1.4726614,-1.4726614,2.9453044,9.719504,0.46426082885457287
4.0,0.016322568187154076,-2.0679057e-07,-2.9453852,-1.4726675,-1.4726675,-1.4726614,-1.4726614,2.9453044,9.719504,0.46454709785176523
4.0,0.016332568187154076,-1.8279614e-07,-2.9453852,-1.4726675,-1.4726675,-1.4726614,-1.4726614,2.9453044,9.719504,0.4648333668489576
4.0,0.016342568187154075,-2.0679045e-07,-2.9453852,-1.4726675,-1.4726675,-1.4726614,-1.4726614,2.9453044,9.719504,0.46511963584614996
4.0,0.016352568187154075,-1.8279628e-07,-2.9453852,-1.4726675,-1.4726675,-1.4726614,-1.4726614,2.9453044,9.719504,0.4654059048433424
4.0,0.016362568187154078,-2.0679032e-07,-2.9453852,-1.4726675,-1.4726675,-1.4726614,-1.4726614,2.9453044,9.719504,0.4656921738405348
4.0,0.016372568187154077,-1.8279641e-07,-2.9453852,-1.4726675,-1.4726675,-1.4726614,-1.4726614,2.9453044,9.719504,0.46597844283772716
4.0,0.016382568187154077,-2.0679019e-07,-2.9453852,-1.4726675,-1.4726675,-1.4726614,-1.4726614,2.9453044,9.719504,0.4662647118349195
4.0,0.016392568187154077,-1.8279654e-07,-2.9453852,-1.4726675,-1.4726675,-1.4726614,-1.4726614,2.9453044,9.719504,0.4665509808321119
4.0,0.016402568187154076,-2.0679006e-07,-2.9453852,-1.4726675,-1.4726675,-1.4726614,-1.4726614,2.9453044,9.719504,0.46683724982930425
4.0,0.016412568187154076,-1.8279667e-07,-2.9453852,-1.4726675,-1.4726675,-1.4726614,-1.4726614,2.9453044,9.719504,0.4671235188264966
4.0,0.016422568187154075,-2.0678992e-07,-2.9453852,-1.4726675,-1.4726675,-1.4726614,-1.4726614,2.9453044,9.719504,0.46740978782368897
4.0,0.016432568187154075,-1.827968e-07,-2.9453852,-1.4726675,-1.4726675,-1.4726614,-1.4726614,2.9453044,9.719504,0.46769605682088133
4.0,0.016442568187154075,-2.0678979e-07,-2.9453852,-1.4726675,-1.4726675,-1.4726614,-1.4726614,2.9453044,9.719504,0.46798232581807375
4.0,0.016452568187154078,-1.8279692e-07,-2.9453852,-1.4726675,-1.4726675,-1.4726614,-1.4726614,2.9453044,9.719504,0.46826859481526617
4.0,0.016462568187154077,-2.0678966e-07,-2.9453852,-1.4726675,-1.4726675,-1.4726614,-1.4726614,2.9453044,9.719504,0.46855486381245853
4.0,0.016472568187154077,-1.8279705e-07,-2.9453852,-1.4726675,-1.4726675,-1.4726614,-1.4726614,2.9453044,9.719504,0.4688411328096509
4.0,0.016482568187154076,-2.0678954e-07,-2.9453852,-1.4726675,-1.4726675,-1.4726614,-1.4726614,2.9453044,9.719504,0.46912740180684326
4.0,0.016492568187154076,-1.827972e-07,-2.9453852,-1.4726675,-1.4726675,-1.4726614,-1.4726614,2.9453044,9.719504,0.4694136708040356
4.0,0.016502568187154076,-2.0678941e-07,-2.9453852,-1.4726675,-1.4726675,-1.4726614,-1.4726614,2.9453044,9.719504,0.469699939801228
4.0,0.016512568187154075,-1.8279732e-07,-2.9453852,-1.4726675,-1.4726675,-1.4726614,-1.4726614,2.9453044,9.719504,0.46998620879842035
4.0,0.016522568187154075,-2.0678928e-07,-2.9453852,-1.4726675,-1.4726675,-1.4726614,-1.4726614,2.9453044,9.719504,0.47027247779561276
4.0,0.016532568187154078,-1.8279745e-07,-2.9453852,-1.4726675,-1.4726675,-1.4726614,-1.4726614,2.9453044,9.719504,0.4705587467928052
4.0,0.016542568187154078,-2.0678915e-07,-2.9453852,-1.4726675,-1.4726675,-1.4726614,-1.4726614,2.9453044,9.719504,0.47084501578999755
4.0,0.016552568187154077,-1.8279758e-07,-2.9453852,-1.4726675,-1.4726675,-1.4726614,-1.4726614,2.9453044,9.719504,0.4711312847871899
4.0,0.016562568187154077,-2.0678901e-07,-2.9453852,-1.4726675,-1.4726675,-1.4726614,-1.4726614,2.9453044,9.719504,0.47141755378438227
4.0,0.016572568187154076,-1.8279772e-07,-2.9453852,-1.4726675,-1.4726675,-1.4726614,-1.4726614,2.9453044,9.719504,0.47170382278157463
4.0,0.016582568187154076,-2.0678888e-07,-2.9453852,-1.4726675,-1.4726675,-1.4726614,-1.4726614,2.9453044,9.719504,0.471990091778767
4.0,0.016592568187154075,-1.8279785e-07,-2.9453852,-1.4726675,-1.4726675,-1.4726614,-1.4726614,2.9453044,9.719504,0.47227636077595936
4.0,0.016602568187154075,-2.0678876e-07,-2.9453852,-1.4726675,-1.4726675,-1.4726614,-1.4726614,2.9453044,9.719504,0.4725626297731517
4.0,0.016612568187154075,-1.8279798e-07,-2.9453852,-1.4726675,-1.4726675,-1.4726614,-1.4726614,2.9453044,9.719504,0.47284889877034414
4.0,0.016622568187154078,-2.0678863e-07,-2.9453852,-1.4726675,-1.4726675,-1.4726614,-1.4726614,2.9453044,9.719504,0.47313516776753656
4.0,0.016632568187154077,-1.827981e-07,-2.9453852,-1.4726675,-1.4726675,-1.4726614,-1.4726614,2.9453044,9.719504,0.4734214367647289
4.0,0.016642568187154077,-2.067885e-07,-2.9453852,-1.4726675,-1.4726675,-1.4726614,-1.4726614,2.9453044,9.719504,0.4737077057619213
4.0,0.016652568187154076,-1.8279825e-07,-2.9453852,-1.4726675,-1.4726675,-1.4726614,-1.4726614,2.9453044,9.719504,0.47399397475911365
4.0,0.016662568187154076,-2.0678836e-07,-2.9453852,-1.4726675,-1.4726675,-1.4726614,-1.4726614,2.9453044,9.719504,0.474280243756306
4.0,0.016672568187154076,-1.8279837e-07,-2.9453852,-1.4726675,-1.4726675,-1.4726614,-1.4726614,2.9453044,9.719504,0.47456651275349837
4.0,0.016682568187154075,-2.0678823e-07,-2.9453852,-1.4726675,-1.4726675,-1.4726614,-1.4726614,2.9453044,9.719504,0.47485278175069073
4.0,0.016692568187154075,-1.827985e-07,-2.9453852,-1.4726675,-1.4726675,-1.4726614,-1.4726614,2.9453044,9.719504,0.47513905074788315
4.0,0.016702568187154078,-2.067881e-07,-2.9453852,-1.4726675,-1.4726675,-1.4726614,-1.4726614,2.9453044,9.719504,0.47542531974507557
4.0,0.016712568187154078,-1.8279863e-07,-2.9453852,-1.4726675,-1.4726675,-1.4726614,-1.4726614,2.9453044,9.719504,0.47571158874226793
4.0,0.016722568187154077,-2.0678797e-07,-2.9453852,-1.4726675,-1.4726675,-1.4726614,-1.4726614,2.9453044,9.719504,0.4759978577394603
4.0,0.016732568187154077,-1.8279877e-07,-2.9453852,-1.4726675,-1.4726675,-1.4726614,-1.4726614,2.9453044,9.719504,0.47628412673665266
4.0,0.016742568187154076,-2.0678783e-07,-2.9453852,-1.4726675,-1.4726675,-1.4726614,-1.4726614,2.9453044,9.719504,0.476570395733845
4.0,0.016752568187154076,-1.827989e-07,-2.9453852,-1.4726675,-1.4726675,-1.4726614,-1.4726614,2.9453044,9.719504,0.4768566647310374
4.0,0.016762568187154075,-2.067877e-07,-2.9453852,-1.4726675,-1.4726675,-1.4726614,-1.4726614,2.9453044,9.719504,0.47714293372822975
4.0,0.016772568187154075,-1.8279903e-07,-2.9453852,-1.4726675,-1.4726675,-1.4726614,-1.4726614,2.9453044,9.719504,0.4774292027254221
4.0,0.016782568187154075,-2.0678758e-07,-2.9453852,-1.4726675,-1.4726675,-1.4726614,-1.4726614,2.9453044,9.719504,0.4777154717226145
4.0,0.016792568187154078,-1.8279917e-07,-2.9453852,-1.4726675,-1.4726675,-1.4726614,-1.4726614,2.9453044,9.719504,0.47800174071980694
4.0,0.016802568187154077,-2.0678743e-07,-2.9453852,-1.4726675,-1.4726675,-1.4726614,-1.4726614,2.9453044,9.719504,0.4782880097169993
4.0,0.016812568187154077,-1.827993e-07,-2.9453852,-1.4726675,-1.4726675,-1.4726614,-1.4726614,2.9453044,9.719504,0.47857427871419167
4.0,0.016822568187154077,-2.067873e-07,-2.9453852,-1.4726675,-1.4726675,-1.4726614,-1.4726614,2.9453044,9.719504,0.47886054771138403
4.0,0.016832568187154076,-1.8279943e-07,-2.9453852,-1.4726675,-1.4726675,-1.4726614,-1.4726614,2.9453044,9.719504,0.4791468167085764
4.0,0.016842568187154076,-2.0678718e-07,-2.9453852,-1.4726675,-1.4726675,-1.4726614,-1.4726614,2.9453044,9.719504,0.47943308570576876
4.0,0.016852568187154075,-1.8279957e-07,-2.9453852,-1.4726675,-1.4726675,-1.4726614,-1.4726614,2.9453044,9.719504,0.4797193547029611
4.0,0.016862568187154075,-2.0678705e-07,-2.9453852,-1.4726675,-1.4726675,-1.4726614,-1.4726614,2.9453044,9.719504,0.48000562370015354
4.0,0.016872568187154078,-1.827997e-07,-2.9453852,-1.4726675,-1.4726675,-1.4726614,-1.4726614,2.9453044,9.719504,0.48029189269734596
4.0,0.016882568187154078,-2.0678691e-07,-2.9453852,-1.4726675,-1.4726675,-1.4726614,-1.4726614,2.9453044,9.719504,0.4805781616945383
4.0,0.016892568187154077,-1.8279982e-07,-2.9453852,-1.4726675,-1.4726675,-1.4726614,-1.4726614,2.9453044,9.719504,0.4808644306917307
4.0,0.016902568187154077,-2.0678678e-07,-2.9453852,-1.4726675,-1.4726675,-1.4726614,-1.4726614,2.9453044,9.719504,0.48115069968892304
4.0,0.016912568187154076,-1.8279997e-07,-2.9453852,-1.4726675,-1.4726675,-1.4726614,-1.4726614,2.9453044,9.719504,0.4814369686861154
4.0,0.016922568187154076,-2.0678665e-07,-2.9453852,-1.4726675,-1.4726675,-1.4726614,-1.4726614,2.9453044,9.719504,0.48172323768330777
4.0,0.016932568187154075,-1.828001e-07,-2.9453852,-1.4726675,-1.4726675,-1.4726614,-1.4726614,2.9453044,9.719504,0.48200950668050013
4.0,0.016942568187154075,-2.0678651e-07,-2.9453852,-1.4726675,-1.4726675,-1.4726614,-1.4726614,2.9453044,9.719504,0.4822957756776925
4.0,0.016952568187154075,-1.8280024e-07,-2.9453852,-1.4726675,-1.4726675,-1.4726614,-1.4726614,2.9453044,9.719504,0.4825820446748849
4.0,0.016962568187154078,-2.0678638e-07,-2.9453852,-1.4726675,-1.4726675,-1.4726614,-1.4726614,2.9453044,9.719504,0.48286831367207733
4.0,0.016972568187154077,-1.8280036e-07,-2.9453852,-1.4726675,-1.4726675,-1.4726614,-1.4726614,2.9453044,9.719504,0.4831545826692697
4.0,0.016982568187154077,-2.0678624e-07,-2.9453852,-1.4726675,-1.4726675,-1.4726614,-1.4726614,2.9453044,9.719504,0.48344085166646206
4.0,0.016992568187154077,-1.8280049e-07,-2.9453852,-1.4726675,-1.4726675,-1.4726614,-1.4726614,2.9453044,9.719504,0.4837271206636544
4.0,0.017002568187154076,-2.0678611e-07,-2.9453852,-1.4726675,-1.4726675,-1.4726614,-1.4726614,2.9453044,9.719504,0.4840133896608468
4.0,0.017012568187154076,-1.8280063e-07,-2.9453852,-1.4726675,-1.4726675,-1.4726614,-1.4726614,2.9453044,9.719504,0.48429965865803914
4.0,0.017022568187154075,-2.0678598e-07,-2.9453852,-1.4726675,-1.4726675,-1.4726614,-1.4726614,2.9453044,9.719504,0.4845859276552315
4.0,0.017032568187154075,-1.8280076e-07,-2.9453852,-1.4726675,-1.4726675,-1.4726614,-1.4726614,2.9453044,9.719504,0.4848721966524239
4.0,0.017042568187154078,-2.0678584e-07,-2.9453852,-1.4726675,-1.4726675,-1.4726614,-1.4726614,2.9453044,9.719504,0.48515846564961634
4.0,0.017052568187154078,-1.828009e-07,-2.9453852,-1.4726675,-1.4726675,-1.4726614,-1.4726614,2.9453044,9.719504,0.4854447346468087
4.0,0.017062568187154077,-2.0678571e-07,-2.9453852,-1.4726675,-1.4726675,-1.4726614,-1.4726614,2.9453044,9.719504,0.48573100364400107
4.0,0.017072568187154077,-1.8280103e-07,-2.9453852,-1.4726675,-1.4726675,-1.4726614,-1.4726614,2.9453044,9.719504,0.48601727264119343
4.0,0.017082568187154076,-2.0678559e-07,-2.9453852,-1.4726675,-1.4726675,-1.4726614,-1.4726614,2.9453044,9.719504,0.4863035416383858
4.0,0.017092568187154076,-1.8280116e-07,-2.9453852,-1.4726675,-1.4726675,-1.4726614,-1.4726614,2.9453044,9.719504,0.48658981063557816
4.0,0.017102568187154076,-2.0678544e-07,-2.9453852,-1.4726675,-1.4726675,-1.4726614,-1.4726614,2.9453044,9.719504,0.4868760796327705
4.0,0.017112568187154075,-1.828013e-07,-2.9453852,-1.4726675,-1.4726675,-1.4726614,-1.4726614,2.9453044,9.719504,0.4871623486299629
4.0,0.017122568187154075,-2.0678532e-07,-2.9453852,-1.4726675,-1.4726675,-1.4726614,-1.4726614,2.9453044,9.719504,0.4874486176271553
4.0,0.017132568187154078,-1.8280143e-07,-2.9453852,-1.4726675,-1.4726675,-1.4726614,-1.4726614,2.9453044,9.719504,0.4877348866243477
4.0,0.017142568187154077,-2.0678517e-07,-2.9453852,-1.4726675,-1.4726675,-1.4726614,-1.4726614,2.9453044,9.719504,0.4880211556215401
4.0,0.017152568187154077,-1.8280157e-07,-2.9453852,-1.4726675,-1.4726675,-1.4726614,-1.4726614,2.9453044,9.719504,0.48830742461873244
4.0,0.017162568187154077,-2.0678505e-07,-2.9453852,-1.4726675,-1.4726675,-1.4726614,-1.4726614,2.9453044,9.719504,0.4885936936159248
4.0,0.017172568187154076,-1.828017e-07,-2.9453852,-1.4726675,-1.4726675,-1.4726614,-1.4726614,2.9453044,9.719504,0.48887996261311717
4.0,0.017182568187154076,-2.067849e-07,-2.9453852,-1.4726675,-1.4726675,-1.4726614,-1.4726614,2.9453044,9.719504,0.48916623161030953
4.0,0.017192568187154075,-1.8280184e-07,-2.9453852,-1.4726675,-1.4726675,-1.4726614,-1.4726614,2.9453044,9.719504,0.4894525006075019
4.0,0.017202568187154075,-2.0678478e-07,-2.9453852,-1.4726675,-1.4726675,-1.4726614,-1.4726614,2.9453044,9.719504,0.48973876960469426
4.0,0.017212568187154074,-1.8280197e-07,-2.9453852,-1.4726675,-1.4726675,-1.4726614,-1.4726614,2.9453044,9.719504,0.4900250386018867
4.0,0.017222568187154078,-2.0678465e-07,-2.9453852,-1.4726675,-1.4726675,-1.4726614,-1.4726614,2.9453044,9.719504,0.4903113075990791
4.0,0.017232568187154077,-1.8280211e-07,-2.9453852,-1.4726675,-1.4726675,-1.4726614,-1.4726614,2.9453044,9.719504,0.49059757659627146
4.0,0.017242568187154077,-2.067845e-07,-2.9453852,-1.4726675,-1.4726675,-1.4726614,-1.4726614,2.9453044,9.719504,0.4908838455934638
4.0,0.017252568187154076,-1.8280224e-07,-2.9453852,-1.4726675,-1.4726675,-1.4726614,-1.4726614,2.9453044,9.719504,0.4911701145906562
4.0,0.017262568187154076,-2.0678438e-07,-2.9453852,-1.4726675,-1.4726675,-1.4726614,-1.4726614,2.9453044,9.719504,0.49145638358784854
4.0,0.017272568187154076,-1.8280237e-07,-2.9453852,-1.4726675,-1.4726675,-1.4726614,-1.4726614,2.9453044,9.719504,0.4917426525850409
4.0,0.017282568187154075,-2.0678424e-07,-2.9453852,-1.4726675,-1.4726675,-1.4726614,-1.4726614,2.9453044,9.719504,0.49202892158223327
4.0,0.017292568187154075,-1.8280251e-07,-2.9453852,-1.4726675,-1.4726675,-1.4726614,-1.4726614,2.9453044,9.719504,0.4923151905794257
4.0,0.017302568187154078,-2.0678411e-07,-2.9453852,-1.4726675,-1.4726675,-1.4726614,-1.4726614,2.9453044,9.719504,0.4926014595766181
4.0,0.017312568187154077,-1.8280264e-07,-2.9453852,-1.4726675,-1.4726675,-1.4726614,-1.4726614,2.9453044,9.719504,0.49288772857381047
4.0,0.017322568187154077,-2.0678397e-07,-2.9453852,-1.4726675,-1.4726675,-1.4726614,-1.4726614,2.9453044,9.719504,0.49317399757100283
4.0,0.017332568187154077,-1.8280278e-07,-2.9453852,-1.4726675,-1.4726675,-1.4726614,-1.4726614,2.9453044,9.719504,0.4934602665681952
4.0,0.017342568187154076,-2.0678384e-07,-2.9453852,-1.4726675,-1.4726675,-1.4726614,-1.4726614,2.9453044,9.719504,0.49374653556538756
4.0,0.017352568187154076,-1.828029e-07,-2.9453852,-1.4726675,-1.4726675,-1.4726614,-1.4726614,2.9453044,9.719504,0.4940328045625799
4.0,0.017362568187154075,-2.067837e-07,-2.9453852,-1.4726675,-1.4726675,-1.4726614,-1.4726614,2.9453044,9.719504,0.4943190735597723
4.0,0.017372568187154075,-1.8280305e-07,-2.9453852,-1.4726675,-1.4726675,-1.4726614,-1.4726614,2.9453044,9.719504,0.49460534255696464
4.0,0.017382568187154075,-2.0678357e-07,-2.9453852,-1.4726675,-1.4726675,-1.4726614,-1.4726614,2.9453044,9.719504,0.49489161155415706
4.0,0.017392568187154078,-1.8280318e-07,-2.9453852,-1.4726675,-1.4726675,-1.4726614,-1.4726614,2.9453044,9.719504,0.4951778805513495
4.0,0.017402568187154077,-2.0678343e-07,-2.9453852,-1.4726675,-1.4726675,-1.4726614,-1.4726614,2.9453044,9.719504,0.49546414954854184
4.0,0.017412568187154077,-1.8280332e-07,-2.9453852,-1.4726675,-1.4726675,-1.4726614,-1.4726614,2.9453044,9.719504,0.4957504185457342
4.0,0.017422568187154076,-2.067833e-07,-2.9453852,-1.4726675,-1.4726675,-1.4726614,-1.4726614,2.9453044,9.719504,0.49603668754292657
4.0,0.017432568187154076,-1.8280345e-07,-2.9453852,-1.4726675,-1.4726675,-1.4726614,-1.4726614,2.9453044,9.719504,0.49632295654011893
4.0,0.017442568187154076,-2.0678316e-07,-2.9453852,-1.4726675,-1.4726675,-1.4726614,-1.4726614,2.9453044,9.719504,0.4966092255373113
4.0,0.017452568187154075,-1.8280359e-07,-2.9453852,-1.4726675,-1.4726675,-1.4726614,-1.4726614,2.9453044,9.719504,0.49689549453450366
4.0,0.017462568187154075,-2.0678303e-07,-2.9453852,-1.4726675,-1.4726675,-1.4726614,-1.4726614,2.9453044,9.719504,0.4971817635316961
4.0,0.017472568187154078,-1.8280372e-07,-2.9453852,-1.4726675,-1.4726675,-1.4726614,-1.4726614,2.9453044,9.719504,0.4974680325288885
4.0,0.017482568187154077,-2.0678289e-07,-2.9453852,-1.4726675,-1.4726675,-1.4726614,-1.4726614,2.9453044,9.719504,0.49775430152608086
4.0,0.017492568187154077,-1.8280386e-07,-2.9453852,-1.4726675,-1.4726675,-1.4726614,-1.4726614,2.9453044,9.719504,0.4980405705232732
4.0,0.017502568187154077,-2.0678276e-07,-2.9453852,-1.4726675,-1.4726675,-1.4726614,-1.4726614,2.9453044,9.719504,0.4983268395204656
4.0,0.017512568187154076,-1.82804e-07,-2.9453852,-1.4726675,-1.4726675,-1.4726614,-1.4726614,2.9453044,9.719504,0.49861310851765794
4.0,0.017522568187154076,-2.0678262e-07,-2.9453852,-1.4726675,-1.4726675,-1.4726614,-1.4726614,2.9453044,9.719504,0.4988993775148503
4.0,0.017532568187154075,-1.8280413e-07,-2.9453852,-1.4726675,-1.4726675,-1.4726614,-1.4726614,2.9453044,9.719504,0.49918564651204267
4.0,0.017542568187154075,-2.0678249e-07,-2.9453852,-1.4726675,-1.4726675,-1.4726614,-1.4726614,2.9453044,9.719504,0.49947191550923503
4.0,0.017552568187154075,-1.8280427e-07,-2.9453852,-1.4726675,-1.4726675,-1.4726614,-1.4726614,2.9453044,9.719504,0.49975818450642745
4.0,0.017562568187154078,-2.0678235e-07,-2.9453852,-1.4726675,-1.4726675,-1.4726614,-1.4726614,2.9453044,9.719504,0.5000444535036199
4.0,0.017572568187154077,-1.828044e-07,-2.9453852,-1.4726675,-1.4726675,-1.4726614,-1.4726614,2.9453044,9.719504,0.5003307225008123
4.0,0.017582568187154077,-2.0678222e-07,-2.9453852,-1.4726675,-1.4726675,-1.4726614,-1.4726614,2.9453044,9.719504,0.5006169914980048
4.0,0.017592568187154076,-1.8280454e-07,-2.9453852,-1.4726675,-1.4726675,-1.4726614,-1.4726614,2.9453044,9.719504,0.5009032604951972
4.0,0.017602568187154076,-2.0678208e-07,-2.9453852,-1.4726675,-1.4726675,-1.4726614,-1.4726614,2.9453044,9.719504,0.5011895294923896
4.0,0.017612568187154076,-1.8280467e-07,-2.9453852,-1.4726675,-1.4726675,-1.4726614,-1.4726614,2.9453044,9.719504,0.501475798489582
4.0,0.017622568187154075,-2.0678195e-07,-2.9453852,-1.4726675,-1.4726675,-1.4726614,-1.4726614,2.9453044,9.719504,0.5017620674867744
4.0,0.017632568187154075,-1.8280481e-07,-2.9453852,-1.4726675,-1.4726675,-1.4726614,-1.4726614,2.9453044,9.719504,0.5020483364839669
4.0,0.017642568187154078,-2.067818e-07,-2.9453852,-1.4726675,-1.4726675,-1.4726614,-1.4726614,2.9453044,9.719504,0.5023346054811593
4.0,0.017652568187154077,-1.8280494e-07,-2.9453852,-1.4726675,-1.4726675,-1.4726614,-1.4726614,2.9453044,9.719504,0.5026208744783517
4.0,0.017662568187154077,-2.0678168e-07,-2.9453852,-1.4726675,-1.4726675,-1.4726614,-1.4726614,2.9453044,9.719504,0.5029071434755441
4.0,0.017672568187154077,-1.8280508e-07,-2.9453852,-1.4726675,-1.4726675,-1.4726614,-1.4726614,2.9453044,9.719504,0.5031934124727365
4.0,0.017682568187154076,-2.0678154e-07,-2.9453852,-1.4726675,-1.4726675,-1.4726614,-1.4726614,2.9453044,9.719504,0.5034796814699289
4.0,0.017692568187154076,-1.8280521e-07,-2.9453852,-1.4726675,-1.4726675,-1.4726614,-1.4726614,2.9453044,9.719504,0.5037659504671214
4.0,0.017702568187154075,-2.067814e-07,-2.9453852,-1.4726675,-1.4726675,-1.4726614,-1.4726614,2.9453044,9.719504,0.5040522194643138
4.0,0.017712568187154075,-1.8280535e-07,-2.9453852,-1.4726675,-1.4726675,-1.4726614,-1.4726614,2.9453044,9.719504,0.5043384884615062
4.0,0.017722568187154075,-2.0678127e-07,-2.9453852,-1.4726675,-1.4726675,-1.4726614,-1.4726614,2.9453044,9.719504,0.5046247574586986
4.0,0.017732568187154078,-1.828055e-07,-2.9453852,-1.4726675,-1.4726675,-1.4726614,-1.4726614,2.9453044,9.719504,0.504911026455891
4.0,0.017742568187154077,-2.0678112e-07,-2.9453852,-1.4726675,-1.4726675,-1.4726614,-1.4726614,2.9453044,9.719504,0.5051972954530835
4.0,0.017752568187154077,-1.8280562e-07,-2.9453852,-1.4726675,-1.4726675,-1.4726614,-1.4726614,2.9453044,9.719504,0.5054835644502759
4.0,0.017762568187154076,-2.06781e-07,-2.9453852,-1.4726675,-1.4726675,-1.4726614,-1.4726614,2.9453044,9.719504,0.5057698334474683
4.0,0.017772568187154076,-1.8280576e-07,-2.9453852,-1.4726675,-1.4726675,-1.4726614,-1.4726614,2.9453044,9.719504,0.5060561024446607
4.0,0.017782568187154076,-2.0678085e-07,-2.9453852,-1.4726675,-1.4726675,-1.4726614,-1.4726614,2.9453044,9.719504,0.5063423714418531
4.0,0.017792568187154075,-1.8280589e-07,-2.9453852,-1.4726675,-1.4726675,-1.4726614,-1.4726614,2.9453044,9.719504,0.5066286404390455
4.0,0.017802568187154075,-2.0678073e-07,-2.9453852,-1.4726675,-1.4726675,-1.4726614,-1.4726614,2.9453044,9.719504,0.506914909436238
4.0,0.017812568187154078,-1.8280603e-07,-2.9453852,-1.4726675,-1.4726675,-1.4726614,-1.4726614,2.9453044,9.719504,0.5072011784334304
4.0,0.017822568187154077,-2.0678058e-07,-2.9453852,-1.4726675,-1.4726675,-1.4726614,-1.4726614,2.9453044,9.719504,0.5074874474306228
4.0,0.017832568187154077,-1.8280616e-07,-2.9453852,-1.4726675,-1.4726675,-1.4726614,-1.4726614,2.9453044,9.719504,0.5077737164278152
4.0,0.017842568187154077,-2.0678044e-07,-2.9453852,-1.4726675,-1.4726675,-1.4726614,-1.4726614,2.9453044,9.719504,0.5080599854250076
4.0,0.017852568187154076,-1.828063e-07,-2.9453852,-1.4726675,-1.4726675,-1.4726614,-1.4726614,2.9453044,9.719504,0.5083462544222
4.0,0.017862568187154076,-2.0678031e-07,-2.9453852,-1.4726675,-1.4726675,-1.4726614,-1.4726614,2.9453044,9.719504,0.5086325234193925
4.0,0.017872568187154075,-1.8280645e-07,-2.9453852,-1.4726675,-1.4726675,-1.4726614,-1.4726614,2.9453044,9.719504,0.5089187924165849
4.0,0.017882568187154075,-2.0678017e-07,-2.9453852,-1.4726675,-1.4726675,-1.4726614,-1.4726614,2.9453044,9.719504,0.5092050614137773
4.0,0.017892568187154075,-1.8280657e-07,-2.9453852,-1.4726675,-1.4726675,-1.4726614,-1.4726614,2.9453044,9.719504,0.5094913304109697
4.0,0.017902568187154078,-2.0678004e-07,-2.9453852,-1.4726675,-1.4726675,-1.4726614,-1.4726614,2.9453044,9.719504,0.5097775994081621
4.0,0.017912568187154077,-1.8280672e-07,-2.9453852,-1.4726675,-1.4726675,-1.4726614,-1.4726614,2.9453044,9.719504,0.5100638684053546
4.0,0.017922568187154077,-2.067799e-07,-2.9453852,-1.4726675,-1.4726675,-1.4726614,-1.4726614,2.9453044,9.719504,0.510350137402547
4.0,0.017932568187154076,-1.8280684e-07,-2.9453852,-1.4726675,-1.4726675,-1.4726614,-1.4726614,2.9453044,9.719504,0.5106364063997394
4.0,0.017942568187154076,-2.0677977e-07,-2.9453852,-1.4726675,-1.4726675,-1.4726614,-1.4726614,2.9453044,9.719504,0.5109226753969318
4.0,0.017952568187154076,-1.8280699e-07,-2.9453852,-1.4726675,-1.4726675,-1.4726614,-1.4726614,2.9453044,9.719504,0.5112089443941242
4.0,0.017962568187154075,-2.0677963e-07,-2.9453852,-1.4726675,-1.4726675,-1.4726614,-1.4726614,2.9453044,9.719504,0.5114952133913166
4.0,0.017972568187154075,-1.8280713e-07,-2.9453852,-1.4726675,-1.4726675,-1.4726614,-1.4726614,2.9453044,9.719504,0.5117814823885091
4.0,0.017982568187154078,-2.0677949e-07,-2.9453852,-1.4726675,-1.4726675,-1.4726614,-1.4726614,2.9453044,9.719504,0.5120677513857015
4.0,0.017992568187154077,-1.8280726e-07,-2.9453852,-1.4726675,-1.4726675,-1.4726614,-1.4726614,2.9453044,9.719504,0.5123540203828939
4.0,0.018002568187154077,-2.0677936e-07,-2.9453852,-1.4726675,-1.4726675,-1.4726614,-1.4726614,2.9453044,9.719504,0.5126402893800863
4.0,0.018012568187154077,-1.828074e-07,-2.9453852,-1.4726675,-1.4726675,-1.4726614,-1.4726614,2.9453044,9.719504,0.5129265583772787
4.0,0.018022568187154076,-2.0677922e-07,-2.9453852,-1.4726675,-1.4726675,-1.4726614,-1.4726614,2.9453044,9.719504,0.5132128273744712
4.0,0.018032568187154076,-1.8280753e-07,-2.9453852,-1.4726675,-1.4726675,-1.4726614,-1.4726614,2.9453044,9.719504,0.5134990963716636
4.0,0.018042568187154075,-2.0677909e-07,-2.9453852,-1.4726675,-1.4726675,-1.4726614,-1.4726614,2.9453044,9.719504,0.513785365368856
4.0,0.018052568187154075,-1.8280767e-07,-2.9453852,-1.4726675,-1.4726675,-1.4726614,-1.4726614,2.9453044,9.719504,0.5140716343660484
4.0,0.018062568187154075,-2.0677895e-07,-2.9453852,-1.4726675,-1.4726675,-1.4726614,-1.4726614,2.9453044,9.719504,0.5143579033632408
4.0,0.018072568187154078,-1.8280781e-07,-2.9453852,-1.4726675,-1.4726675,-1.4726614,-1.4726614,2.9453044,9.719504,0.5146441723604332
4.0,0.018082568187154077,-2.0677881e-07,-2.9453852,-1.4726675,-1.4726675,-1.4726614,-1.4726614,2.9453044,9.719504,0.5149304413576257
4.0,0.018092568187154077,-1.8280794e-07,-2.9453852,-1.4726675,-1.4726675,-1.4726614,-1.4726614,2.9453044,9.719504,0.5152167103548181
4.0,0.018102568187154076,-2.0677868e-07,-2.9453852,-1.4726675,-1.4726675,-1.4726614,-1.4726614,2.9453044,9.719504,0.5155029793520105
4.0,0.018112568187154076,-1.8280808e-07,-2.9453852,-1.4726675,-1.4726675,-1.4726614,-1.4726614,2.9453044,9.719504,0.5157892483492029
4.0,0.018122568187154076,-2.0677854e-07,-2.9453852,-1.4726675,-1.4726675,-1.4726614,-1.4726614,2.9453044,9.719504,0.5160755173463953
4.0,0.018132568187154075,-1.8280822e-07,-2.9453852,-1.4726675,-1.4726675,-1.4726614,-1.4726614,2.9453044,9.719504,0.5163617863435878
4.0,0.018142568187154075,-2.067784e-07,-2.9453852,-1.4726675,-1.4726675,-1.4726614,-1.4726614,2.9453044,9.719504,0.5166480553407802
4.0,0.018152568187154078,-1.8280835e-07,-2.9453852,-1.4726675,-1.4726675,-1.4726614,-1.4726614,2.9453044,9.719504,0.5169343243379726
4.0,0.018162568187154077,-2.0677827e-07,-2.9453852,-1.4726675,-1.4726675,-1.4726614,-1.4726614,2.9453044,9.719504,0.517220593335165
4.0,0.018172568187154077,-1.8280849e-07,-2.9453852,-1.4726675,-1.4726675,-1.4726614,-1.4726614,2.9453044,9.719504,0.5175068623323574
4.0,0.018182568187154077,-2.0677813e-07,-2.9453852,-1.4726675,-1.4726675,-1.4726614,-1.4726614,2.9453044,9.719504,0.5177931313295498
4.0,0.018192568187154076,-1.8280862e-07,-2.9453852,-1.4726675,-1.4726675,-1.4726614,-1.4726614,2.9453044,9.719504,0.5180794003267423
4.0,0.018202568187154076,-2.06778e-07,-2.9453852,-1.4726675,-1.4726675,-1.4726614,-1.4726614,2.9453044,9.719504,0.5183656693239347
4.0,0.018212568187154075,-1.8280876e-07,-2.9453852,-1.4726675,-1.4726675,-1.4726614,-1.4726614,2.9453044,9.719504,0.5186519383211271
4.0,0.018222568187154075,-2.0677786e-07,-2.9453852,-1.4726675,-1.4726675,-1.4726614,-1.4726614,2.9453044,9.719504,0.5189382073183195
4.0,0.018232568187154075,-1.828089e-07,-2.9453852,-1.4726675,-1.4726675,-1.4726614,-1.4726614,2.9453044,9.719504,0.5192244763155119
4.0,0.018242568187154078,-2.0677771e-07,-2.9453852,-1.4726675,-1.4726675,-1.4726614,-1.4726614,2.9453044,9.719504,0.5195107453127044
4.0,0.018252568187154077,-1.8280903e-07,-2.9453852,-1.4726675,-1.4726675,-1.4726614,-1.4726614,2.9453044,9.719504,0.5197970143098968
4.0,0.018262568187154077,-2.0677759e-07,-2.9453852,-1.4726675,-1.4726675,-1.4726614,-1.4726614,2.9453044,9.719504,0.5200832833070892
4.0,0.018272568187154076,-1.8280917e-07,-2.9453852,-1.4726675,-1.4726675,-1.4726614,-1.4726614,2.9453044,9.719504,0.5203695523042816
4.0,0.018282568187154076,-2.0677744e-07,-2.9453852,-1.4726675,-1.4726675,-1.4726614,-1.4726614,2.9453044,9.719504,0.520655821301474
4.0,0.018292568187154076,-1.8280932e-07,-2.9453852,-1.4726675,-1.4726675,-1.4726614,-1.4726614,2.9453044,9.719504,0.5209420902986664
4.0,0.018302568187154075,-2.0677732e-07,-2.9453852,-1.4726675,-1.4726675,-1.4726614,-1.4726614,2.9453044,9.719504,0.5212283592958589
4.0,0.018312568187154075,-1.8280944e-07,-2.9453852,-1.4726675,-1.4726675,-1.4726614,-1.4726614,2.9453044,9.719504,0.5215146282930513
4.0,0.018322568187154074,-2.0677717e-07,-2.9453852,-1.4726675,-1.4726675,-1.4726614,-1.4726614,2.9453044,9.719504,0.5218008972902437
4.0,0.018332568187154077,-1.8280959e-07,-2.9453852,-1.4726675,-1.4726675,-1.4726614,-1.4726614,2.9453044,9.719504,0.5220871662874361
4.0,0.018342568187154077,-2.0677703e-07,-2.9453852,-1.4726675,-1.4726675,-1.4726614,-1.4726614,2.9453044,9.719504,0.5223734352846285
4.0,0.018352568187154077,-1.8280971e-07,-2.9453852,-1.4726675,-1.4726675,-1.4726614,-1.4726614,2.9453044,9.719504,0.522659704281821
4.0,0.018362568187154076,-2.067769e-07,-2.9453852,-1.4726675,-1.4726675,-1.4726614,-1.4726614,2.9453044,9.719504,0.5229459732790134
4.0,0.018372568187154076,-1.8280986e-07,-2.9453852,-1.4726675,-1.4726675,-1.4726614,-1.4726614,2.9453044,9.719504,0.5232322422762058
4.0,0.018382568187154075,-2.0677676e-07,-2.9453852,-1.4726675,-1.4726675,-1.4726614,-1.4726614,2.9453044,9.719504,0.5235185112733982
4.0,0.018392568187154075,-1.8281e-07,-2.9453852,-1.4726675,-1.4726675,-1.4726614,-1.4726614,2.9453044,9.719504,0.5238047802705906
4.0,0.018402568187154075,-2.0677662e-07,-2.9453852,-1.4726675,-1.4726675,-1.4726614,-1.4726614,2.9453044,9.719504,0.524091049267783
4.0,0.018412568187154078,-1.8281013e-07,-2.9453852,-1.4726675,-1.4726675,-1.4726614,-1.4726614,2.9453044,9.719504,0.5243773182649755
4.0,0.018422568187154077,-2.0677649e-07,-2.9453852,-1.4726675,-1.4726675,-1.4726614,-1.4726614,2.9453044,9.719504,0.5246635872621679
4.0,0.018432568187154077,-1.8281027e-07,-2.9453852,-1.4726675,-1.4726675,-1.4726614,-1.4726614,2.9453044,9.719504,0.5249498562593603
4.0,0.018442568187154076,-2.0677635e-07,-2.9453852,-1.4726675,-1.4726675,-1.4726614,-1.4726614,2.9453044,9.719504,0.5252361252565527
4.0,0.018452568187154076,-1.8281041e-07,-2.9453852,-1.4726675,-1.4726675,-1.4726614,-1.4726614,2.9453044,9.719504,0.5255223942537451
4.0,0.018462568187154076,-2.067762e-07,-2.9453852,-1.4726675,-1.4726675,-1.4726614,-1.4726614,2.9453044,9.719504,0.5258086632509376
4.0,0.018472568187154075,-1.8281054e-07,-2.9453852,-1.4726675,-1.4726675,-1.4726614,-1.4726614,2.9453044,9.719504,0.52609493224813
4.0,0.018482568187154075,-2.0677608e-07,-2.9453852,-1.4726675,-1.4726675,-1.4726614,-1.4726614,2.9453044,9.719504,0.5263812012453224
4.0,0.018492568187154074,-1.8281068e-07,-2.9453852,-1.4726675,-1.4726675,-1.4726614,-1.4726614,2.9453044,9.719504,0.5266674702425148
4.0,0.018502568187154077,-2.0677594e-07,-2.9453852,-1.4726675,-1.4726675,-1.4726614,-1.4726614,2.9453044,9.719504,0.5269537392397072
4.0,0.018512568187154077,-1.8281082e-07,-2.9453852,-1.4726675,-1.4726675,-1.4726614,-1.4726614,2.9453044,9.719504,0.5272400082368996
4.0,0.018522568187154077,-2.0677581e-07,-2.9453852,-1.4726675,-1.4726675,-1.4726614,-1.4726614,2.9453044,9.719504,0.5275262772340921
4.0,0.018532568187154076,-1.8281095e-07,-2.9453852,-1.4726675,-1.4726675,-1.4726614,-1.4726614,2.9453044,9.719504,0.5278125462312845
4.0,0.018542568187154076,-2.0677567e-07,-2.9453852,-1.4726675,-1.4726675,-1.4726614,-1.4726614,2.9453044,9.719504,0.5280988152284769
4.0,0.018552568187154075,-1.8281109e-07,-2.9453852,-1.4726675,-1.4726675,-1.4726614,-1.4726614,2.9453044,9.719504,0.5283850842256693
4.0,0.018562568187154075,-2.0677552e-07,-2.9453852,-1.4726675,-1.4726675,-1.4726614,-1.4726614,2.9453044,9.719504,0.5286713532228617
4.0,0.018572568187154075,-1.8281122e-07,-2.9453852,-1.4726675,-1.4726675,-1.4726614,-1.4726614,2.9453044,9.719504,0.5289576222200542
4.0,0.018582568187154078,-2.067754e-07,-2.9453852,-1.4726675,-1.4726675,-1.4726614,-1.4726614,2.9453044,9.719504,0.5292438912172466
4.0,0.018592568187154077,-1.8281136e-07,-2.9453852,-1.4726675,-1.4726675,-1.4726614,-1.4726614,2.9453044,9.719504,0.529530160214439
4.0,0.018602568187154077,-2.0677525e-07,-2.9453852,-1.4726675,-1.4726675,-1.4726614,-1.4726614,2.9453044,9.719504,0.5298164292116314
4.0,0.018612568187154076,-1.828115e-07,-2.9453852,-1.4726675,-1.4726675,-1.4726614,-1.4726614,2.9453044,9.719504,0.5301026982088238
4.0,0.018622568187154076,-2.0677511e-07,-2.9453852,-1.4726675,-1.4726675,-1.4726614,-1.4726614,2.9453044,9.719504,0.5303889672060162
4.0,0.018632568187154076,-1.8281163e-07,-2.9453852,-1.4726675,-1.4726675,-1.4726614,-1.4726614,2.9453044,9.719504,0.5306752362032087
4.0,0.018642568187154075,-2.0677498e-07,-2.9453852,-1.4726675,-1.4726675,-1.4726614,-1.4726614,2.9453044,9.719504,0.5309615052004011
4.0,0.018652568187154075,-1.8281177e-07,-2.9453852,-1.4726675,-1.4726675,-1.4726614,-1.4726614,2.9453044,9.719504,0.5312477741975935
4.0,0.018662568187154074,-2.0677484e-07,-2.9453852,-1.4726675,-1.4726675,-1.4726614,-1.4726614,2.9453044,9.719504,0.5315340431947859
4.0,0.018672568187154077,-1.8281192e-07,-2.9453852,-1.4726675,-1.4726675,-1.4726614,-1.4726614,2.9453044,9.719504,0.5318203121919783
4.0,0.018682568187154077,-2.067747e-07,-2.9453852,-1.4726675,-1.4726675,-1.4726614,-1.4726614,2.9453044,9.719504,0.5321065811891708
4.0,0.018692568187154077,-1.8281204e-07,-2.9453852,-1.4726675,-1.4726675,-1.4726614,-1.4726614,2.9453044,9.719504,0.5323928501863632
4.0,0.018702568187154076,-2.0677457e-07,-2.9453852,-1.4726675,-1.4726675,-1.4726614,-1.4726614,2.9453044,9.719504,0.5326791191835556
4.0,0.018712568187154076,-1.8281219e-07,-2.9453852,-1.4726675,-1.4726675,-1.4726614,-1.4726614,2.9453044,9.719504,0.532965388180748
4.0,0.018722568187154075,-2.0677443e-07,-2.9453852,-1.4726675,-1.4726675,-1.4726614,-1.4726614,2.9453044,9.719504,0.5332516571779404
4.0,0.018732568187154075,-1.8281233e-07,-2.9453852,-1.4726675,-1.4726675,-1.4726614,-1.4726614,2.9453044,9.719504,0.5335379261751328
4.0,0.018742568187154075,-2.0677429e-07,-2.9453852,-1.4726675,-1.4726675,-1.4726614,-1.4726614,2.9453044,9.719504,0.5338241951723253
4.0,0.018752568187154078,-1.8281246e-07,-2.9453852,-1.4726675,-1.4726675,-1.4726614,-1.4726614,2.9453044,9.719504,0.5341104641695177
4.0,0.018762568187154077,-2.0677416e-07,-2.9453852,-1.4726675,-1.4726675,-1.4726614,-1.4726614,2.9453044,9.719504,0.5343967331667101
4.0,0.018772568187154077,-1.828126e-07,-2.9453852,-1.4726675,-1.4726675,-1.4726614,-1.4726614,2.9453044,9.719504,0.5346830021639025
4.0,0.018782568187154076,-2.0677402e-07,-2.9453852,-1.4726675,-1.4726675,-1.4726614,-1.4726614,2.9453044,9.719504,0.5349692711610949
4.0,0.018792568187154076,-1.8281274e-07,-2.9453852,-1.4726675,-1.4726675,-1.4726614,-1.4726614,2.9453044,9.719504,0.5352555401582874
4.0,0.018802568187154076,-2.0677389e-07,-2.9453852,-1.4726675,-1.4726675,-1.4726614,-1.4726614,2.9453044,9.719504,0.5355418091554798
4.0,0.018812568187154075,-1.8281287e-07,-2.9453852,-1.4726675,-1.4726675,-1.4726614,-1.4726614,2.9453044,9.719504,0.5358280781526722
4.0,0.018822568187154075,-2.0677375e-07,-2.9453852,-1.4726675,-1.4726675,-1.4726614,-1.4726614,2.9453044,9.719504,0.5361143471498646
4.0,0.018832568187154074,-1.8281301e-07,-2.9453852,-1.4726675,-1.4726675,-1.4726614,-1.4726614,2.9453044,9.719504,0.536400616147057
4.0,0.018842568187154077,-2.067736e-07,-2.9453852,-1.4726675,-1.4726675,-1.4726614,-1.4726614,2.9453044,9.719504,0.5366868851442494
4.0,0.018852568187154077,-1.8281315e-07,-2.9453852,-1.4726675,-1.4726675,-1.4726614,-1.4726614,2.9453044,9.719504,0.5369731541414419
4.0,0.018862568187154077,-2.0677348e-07,-2.9453852,-1.4726675,-1.4726675,-1.4726614,-1.4726614,2.9453044,9.719504,0.5372594231386343
4.0,0.018872568187154076,-1.8281328e-07,-2.9453852,-1.4726675,-1.4726675,-1.4726614,-1.4726614,2.9453044,9.719504,0.5375456921358267
4.0,0.018882568187154076,-2.0677334e-07,-2.9453852,-1.4726675,-1.4726675,-1.4726614,-1.4726614,2.9453044,9.719504,0.5378319611330191
4.0,0.018892568187154075,-1.8281342e-07,-2.9453852,-1.4726675,-1.4726675,-1.4726614,-1.4726614,2.9453044,9.719504,0.5381182301302115
4.0,0.018902568187154075,-2.067732e-07,-2.9453852,-1.4726675,-1.4726675,-1.4726614,-1.4726614,2.9453044,9.719504,0.538404499127404
4.0,0.018912568187154075,-1.8281355e-07,-2.9453852,-1.4726675,-1.4726675,-1.4726614,-1.4726614,2.9453044,9.719504,0.5386907681245964
4.0,0.018922568187154078,-2.0677307e-07,-2.9453852,-1.4726675,-1.4726675,-1.4726614,-1.4726614,2.9453044,9.719504,0.5389770371217888
4.0,0.018932568187154077,-1.828137e-07,-2.9453852,-1.4726675,-1.4726675,-1.4726614,-1.4726614,2.9453044,9.719504,0.5392633061189812
4.0,0.018942568187154077,-2.0677292e-07,-2.9453852,-1.4726675,-1.4726675,-1.4726614,-1.4726614,2.9453044,9.719504,0.5395495751161736
4.0,0.018952568187154076,-1.8281384e-07,-2.9453852,-1.4726675,-1.4726675,-1.4726614,-1.4726614,2.9453044,9.719504,0.539835844113366
4.0,0.018962568187154076,-2.0677278e-07,-2.9453852,-1.4726675,-1.4726675,-1.4726614,-1.4726614,2.9453044,9.719504,0.5401221131105585
4.0,0.018972568187154076,-1.8281396e-07,-2.9453852,-1.4726675,-1.4726675,-1.4726614,-1.4726614,2.9453044,9.719504,0.5404083821077509
4.0,0.018982568187154075,-2.0677265e-07,-2.9453852,-1.4726675,-1.4726675,-1.4726614,-1.4726614,2.9453044,9.719504,0.5406946511049433
4.0,0.018992568187154075,-1.828141e-07,-2.9453852,-1.4726675,-1.4726675,-1.4726614,-1.4726614,2.9453044,9.719504,0.5409809201021357
4.0,0.019002568187154074,-2.0677251e-07,-2.9453852,-1.4726675,-1.4726675,-1.4726614,-1.4726614,2.9453044,9.719504,0.5412671890993281
4.0,0.019012568187154077,-1.8281425e-07,-2.9453852,-1.4726675,-1.4726675,-1.4726614,-1.4726614,2.9453044,9.719504,0.5415534580965206
4.0,0.019022568187154077,-2.0677237e-07,-2.9453852,-1.4726675,-1.4726675,-1.4726614,-1.4726614,2.9453044,9.719504,0.541839727093713
4.0,0.019032568187154077,-1.8281438e-07,-2.9453852,-1.4726675,-1.4726675,-1.4726614,-1.4726614,2.9453044,9.719504,0.5421259960909054
4.0,0.019042568187154076,-2.0677224e-07,-2.9453852,-1.4726675,-1.4726675,-1.4726614,-1.4726614,2.9453044,9.719504,0.5424122650880978
4.0,0.019052568187154076,-1.8281452e-07,-2.9453852,-1.4726675,-1.4726675,-1.4726614,-1.4726614,2.9453044,9.719504,0.5426985340852902
4.0,0.019062568187154075,-2.067721e-07,-2.9453852,-1.4726675,-1.4726675,-1.4726614,-1.4726614,2.9453044,9.719504,0.5429848030824826
4.0,0.019072568187154075,-1.8281466e-07,-2.9453852,-1.4726675,-1.4726675,-1.4726614,-1.4726614,2.9453044,9.719504,0.5432710720796751
4.0,0.019082568187154075,-2.0677197e-07,-2.9453852,-1.4726675,-1.4726675,-1.4726614,-1.4726614,2.9453044,9.719504,0.5435573410768675
4.0,0.019092568187154078,-1.8281479e-07,-2.9453852,-1.4726675,-1.4726675,-1.4726614,-1.4726614,2.9453044,9.719504,0.5438436100740599
4.0,0.019102568187154077,-2.0677183e-07,-2.9453852,-1.4726675,-1.4726675,-1.4726614,-1.4726614,2.9453044,9.719504,0.5441298790712523
4.0,0.019112568187154077,-1.8281493e-07,-2.9453852,-1.4726675,-1.4726675,-1.4726614,-1.4726614,2.9453044,9.719504,0.5444161480684447
4.0,0.019122568187154076,-2.0677169e-07,-2.9453852,-1.4726675,-1.4726675,-1.4726614,-1.4726614,2.9453044,9.719504,0.5447024170656372
4.0,0.019132568187154076,-1.8281506e-07,-2.9453852,-1.4726675,-1.4726675,-1.4726614,-1.4726614,2.9453044,9.719504,0.5449886860628296
4.0,0.019142568187154076,-2.0677156e-07,-2.9453852,-1.4726675,-1.4726675,-1.4726614,-1.4726614,2.9453044,9.719504,0.545274955060022
4.0,0.019152568187154075,-1.828152e-07,-2.9453852,-1.4726675,-1.4726675,-1.4726614,-1.4726614,2.9453044,9.719504,0.5455612240572144
4.0,0.019162568187154075,-2.0677142e-07,-2.9453852,-1.4726675,-1.4726675,-1.4726614,-1.4726614,2.9453044,9.719504,0.5458474930544068
4.0,0.019172568187154074,-1.8281534e-07,-2.9453852,-1.4726675,-1.4726675,-1.4726614,-1.4726614,2.9453044,9.719504,0.5461337620515992
4.0,0.019182568187154077,-2.0677128e-07,-2.9453852,-1.4726675,-1.4726675,-1.4726614,-1.4726614,2.9453044,9.719504,0.5464200310487917
4.0,0.019192568187154077,-1.8281547e-07,-2.9453852,-1.4726675,-1.4726675,-1.4726614,-1.4726614,2.9453044,9.719504,0.5467063000459841
4.0,0.019202568187154077,-2.0677115e-07,-2.9453852,-1.4726675,-1.4726675,-1.4726614,-1.4726614,2.9453044,9.719504,0.5469925690431765
4.0,0.019212568187154076,-1.8281561e-07,-2.9453852,-1.4726675,-1.4726675,-1.4726614,-1.4726614,2.9453044,9.719504,0.5472788380403689
4.0,0.019222568187154076,-2.06771e-07,-2.9453852,-1.4726675,-1.4726675,-1.4726614,-1.4726614,2.9453044,9.719504,0.5475651070375613
4.0,0.019232568187154075,-1.8281575e-07,-2.9453852,-1.4726675,-1.4726675,-1.4726614,-1.4726614,2.9453044,9.719504,0.5478513760347538
4.0,0.019242568187154075,-2.0677086e-07,-2.9453852,-1.4726675,-1.4726675,-1.4726614,-1.4726614,2.9453044,9.719504,0.5481376450319462
4.0,0.019252568187154075,-1.8281588e-07,-2.9453852,-1.4726675,-1.4726675,-1.4726614,-1.4726614,2.9453044,9.719504,0.5484239140291386
4.0,0.019262568187154078,-2.0677074e-07,-2.9453852,-1.4726675,-1.4726675,-1.4726614,-1.4726614,2.9453044,9.719504,0.548710183026331
4.0,0.019272568187154077,-1.8281602e-07,-2.9453852,-1.4726675,-1.4726675,-1.4726614,-1.4726614,2.9453044,9.719504,0.5489964520235234
4.0,0.019282568187154077,-2.067706e-07,-2.9453852,-1.4726675,-1.4726675,-1.4726614,-1.4726614,2.9453044,9.719504,0.5492827210207158
4.0,0.019292568187154076,-1.8281617e-07,-2.9453852,-1.4726675,-1.4726675,-1.4726614,-1.4726614,2.9453044,9.719504,0.5495689900179083
4.0,0.019302568187154076,-2.0677047e-07,-2.9453852,-1.4726675,-1.4726675,-1.4726614,-1.4726614,2.9453044,9.719504,0.5498552590151007
4.0,0.019312568187154076,-1.828163e-07,-2.9453852,-1.4726675,-1.4726675,-1.4726614,-1.4726614,2.9453044,9.719504,0.5501415280122931
4.0,0.019322568187154075,-2.0677032e-07,-2.9453852,-1.4726675,-1.4726675,-1.4726614,-1.4726614,2.9453044,9.719504,0.5504277970094855
4.0,0.019332568187154075,-1.8281644e-07,-2.9453852,-1.4726675,-1.4726675,-1.4726614,-1.4726614,2.9453044,9.719504,0.5507140660066779
4.0,0.019342568187154074,-2.0677018e-07,-2.9453852,-1.4726675,-1.4726675,-1.4726614,-1.4726614,2.9453044,9.719504,0.5510003350038704
4.0,0.019352568187154078,-1.8281656e-07,-2.9453852,-1.4726675,-1.4726675,-1.4726614,-1.4726614,2.9453044,9.719504,0.5512866040010628
4.0,0.019362568187154077,-2.0677005e-07,-2.9453852,-1.4726675,-1.4726675,-1.4726614,-1.4726614,2.9453044,9.719504,0.5515728729982552
4.0,0.019372568187154077,-1.828167e-07,-2.9453852,-1.4726675,-1.4726675,-1.4726614,-1.4726614,2.9453044,9.719504,0.5518591419954476
4.0,0.019382568187154076,-2.0676991e-07,-2.9453852,-1.4726675,-1.4726675,-1.4726614,-1.4726614,2.9453044,9.719504,0.55214541099264
4.0,0.019392568187154076,-1.8281685e-07,-2.9453852,-1.4726675,-1.4726675,-1.4726614,-1.4726614,2.9453044,9.719504,0.5524316799898324
4.0,0.019402568187154075,-2.0676977e-07,-2.9453852,-1.4726675,-1.4726675,-1.4726614,-1.4726614,2.9453044,9.719504,0.5527179489870249
4.0,0.019412568187154075,-1.8281698e-07,-2.9453852,-1.4726675,-1.4726675,-1.4726614,-1.4726614,2.9453044,9.719504,0.5530042179842173
4.0,0.019422568187154075,-2.0676964e-07,-2.9453852,-1.4726675,-1.4726675,-1.4726614,-1.4726614,2.9453044,9.719504,0.5532904869814097
4.0,0.019432568187154078,-1.8281712e-07,-2.9453852,-1.4726675,-1.4726675,-1.4726614,-1.4726614,2.9453044,9.719504,0.5535767559786021
4.0,0.019442568187154077,-2.067695e-07,-2.9453852,-1.4726675,-1.4726675,-1.4726614,-1.4726614,2.9453044,9.719504,0.5538630249757945
4.0,0.019452568187154077,-1.8281726e-07,-2.9453852,-1.4726675,-1.4726675,-1.4726614,-1.4726614,2.9453044,9.719504,0.554149293972987
4.0,0.019462568187154076,-2.0676937e-07,-2.9453852,-1.4726675,-1.4726675,-1.4726614,-1.4726614,2.9453044,9.719504,0.5544355629701794
4.0,0.019472568187154076,-1.8281739e-07,-2.9453852,-1.4726675,-1.4726675,-1.4726614,-1.4726614,2.9453044,9.719504,0.5547218319673718
4.0,0.019482568187154076,-2.0676923e-07,-2.9453852,-1.4726675,-1.4726675,-1.4726614,-1.4726614,2.9453044,9.719504,0.5550081009645642
4.0,0.019492568187154075,-1.8281753e-07,-2.9453852,-1.4726675,-1.4726675,-1.4726614,-1.4726614,2.9453044,9.719504,0.5552943699617566
4.0,0.019502568187154075,-2.0676909e-07,-2.9453852,-1.4726675,-1.4726675,-1.4726614,-1.4726614,2.9453044,9.719504,0.555580638958949
4.0,0.019512568187154074,-1.8281766e-07,-2.9453852,-1.4726675,-1.4726675,-1.4726614,-1.4726614,2.9453044,9.719504,0.5558669079561415
4.0,0.019522568187154078,-2.0676896e-07,-2.9453852,-1.4726675,-1.4726675,-1.4726614,-1.4726614,2.9453044,9.719504,0.5561531769533339
4.0,0.019532568187154077,-1.828178e-07,-2.9453852,-1.4726675,-1.4726675,-1.4726614,-1.4726614,2.9453044,9.719504,0.5564394459505263
4.0,0.019542568187154077,-2.0676882e-07,-2.9453852,-1.4726675,-1.4726675,-1.4726614,-1.4726614,2.9453044,9.719504,0.5567257149477187
4.0,0.019552568187154076,-1.8281794e-07,-2.9453852,-1.4726675,-1.4726675,-1.4726614,-1.4726614,2.9453044,9.719504,0.5570119839449111
4.0,0.019562568187154076,-2.0676869e-07,-2.9453852,-1.4726675,-1.4726675,-1.4726614,-1.4726614,2.9453044,9.719504,0.5572982529421036
4.0,0.019572568187154075,-1.8281807e-07,-2.9453852,-1.4726675,-1.4726675,-1.4726614,-1.4726614,2.9453044,9.719504,0.557584521939296
4.0,0.019582568187154075,-2.0676855e-07,-2.9453852,-1.4726675,-1.4726675,-1.4726614,-1.4726614,2.9453044,9.719504,0.5578707909364884
4.0,0.019592568187154075,-1.8281821e-07,-2.9453852,-1.4726675,-1.4726675,-1.4726614,-1.4726614,2.9453044,9.719504,0.5581570599336808
4.0,0.019602568187154078,-2.067684e-07,-2.9453852,-1.4726675,-1.4726675,-1.4726614,-1.4726614,2.9453044,9.719504,0.5584433289308732
4.0,0.019612568187154077,-1.8281834e-07,-2.9453852,-1.4726675,-1.4726675,-1.4726614,-1.4726614,2.9453044,9.719504,0.5587295979280656
4.0,0.019622568187154077,-2.0676828e-07,-2.9453852,-1.4726675,-1.4726675,-1.4726614,-1.4726614,2.9453044,9.719504,0.5590158669252581
4.0,0.019632568187154077,-1.8281848e-07,-2.9453852,-1.4726675,-1.4726675,-1.4726614,-1.4726614,2.9453044,9.719504,0.5593021359224505
4.0,0.019642568187154076,-2.0676814e-07,-2.9453852,-1.4726675,-1.4726675,-1.4726614,-1.4726614,2.9453044,9.719504,0.5595884049196429
4.0,0.019652568187154076,-1.8281862e-07,-2.9453852,-1.4726675,-1.4726675,-1.4726614,-1.4726614,2.9453044,9.719504,0.5598746739168353
4.0,0.019662568187154075,-2.0676801e-07,-2.9453852,-1.4726675,-1.4726675,-1.4726614,-1.4726614,2.9453044,9.719504,0.5601609429140277
4.0,0.019672568187154075,-1.8281875e-07,-2.9453852,-1.4726675,-1.4726675,-1.4726614,-1.4726614,2.9453044,9.719504,0.5604472119112202
4.0,0.019682568187154074,-2.0676787e-07,-2.9453852,-1.4726675,-1.4726675,-1.4726614,-1.4726614,2.9453044,9.719504,0.5607334809084126
4.0,0.019692568187154078,-1.828189e-07,-2.9453852,-1.4726675,-1.4726675,-1.4726614,-1.4726614,2.9453044,9.719504,0.561019749905605
4.0,0.019702568187154077,-2.0676772e-07,-2.9453852,-1.4726675,-1.4726675,-1.4726614,-1.4726614,2.9453044,9.719504,0.5613060189027974
4.0,0.019712568187154077,-1.8281902e-07,-2.9453852,-1.4726675,-1.4726675,-1.4726614,-1.4726614,2.9453044,9.719504,0.5615922878999898
4.0,0.019722568187154076,-2.067676e-07,-2.9453852,-1.4726675,-1.4726675,-1.4726614,-1.4726614,2.9453044,9.719504,0.5618785568971822
4.0,0.019732568187154076,-1.8281916e-07,-2.9453852,-1.4726675,-1.4726675,-1.4726614,-1.4726614,2.9453044,9.719504,0.5621648258943747
4.0,0.019742568187154075,-2.0676745e-07,-2.9453852,-1.4726675,-1.4726675,-1.4726614,-1.4726614,2.9453044,9.719504,0.5624510948915671
4.0,0.019752568187154075,-1.828193e-07,-2.9453852,-1.4726675,-1.4726675,-1.4726614,-1.4726614,2.9453044,9.719504,0.5627373638887595
4.0,0.019762568187154075,-2.0676733e-07,-2.9453852,-1.4726675,-1.4726675,-1.4726614,-1.4726614,2.9453044,9.719504,0.5630236328859519
4.0,0.019772568187154074,-1.8281943e-07,-2.9453852,-1.4726675,-1.4726675,-1.4726614,-1.4726614,2.9453044,9.719504,0.5633099018831443
4.0,0.019782568187154077,-2.0676718e-07,-2.9453852,-1.4726675,-1.4726675,-1.4726614,-1.4726614,2.9453044,9.719504,0.5635961708803368
4.0,0.019792568187154077,-1.8281958e-07,-2.9453852,-1.4726675,-1.4726675,-1.4726614,-1.4726614,2.9453044,9.719504,0.5638824398775292
4.0,0.019802568187154077,-2.0676704e-07,-2.9453852,-1.4726675,-1.4726675,-1.4726614,-1.4726614,2.9453044,9.719504,0.5641687088747216
4.0,0.019812568187154076,-1.828197e-07,-2.9453852,-1.4726675,-1.4726675,-1.4726614,-1.4726614,2.9453044,9.719504,0.564454977871914
4.0,0.019822568187154076,-2.0676691e-07,-2.9453852,-1.4726675,-1.4726675,-1.4726614,-1.4726614,2.9453044,9.719504,0.5647412468691064
4.0,0.019832568187154075,-1.8281985e-07,-2.9453852,-1.4726675,-1.4726675,-1.4726614,-1.4726614,2.9453044,9.719504,0.5650275158662988
4.0,0.019842568187154075,-2.0676677e-07,-2.9453852,-1.4726675,-1.4726675,-1.4726614,-1.4726614,2.9453044,9.719504,0.5653137848634913
4.0,0.019852568187154074,-1.8281999e-07,-2.9453852,-1.4726675,-1.4726675,-1.4726614,-1.4726614,2.9453044,9.719504,0.5656000538606837
4.0,0.019862568187154078,-2.0676664e-07,-2.9453852,-1.4726675,-1.4726675,-1.4726614,-1.4726614,2.9453044,9.719504,0.5658863228578761
4.0,0.019872568187154077,-1.8282012e-07,-2.9453852,-1.4726675,-1.4726675,-1.4726614,-1.4726614,2.9453044,9.719504,0.5661725918550685
4.0,0.019882568187154077,-2.067665e-07,-2.9453852,-1.4726675,-1.4726675,-1.4726614,-1.4726614,2.9453044,9.719504,0.5664588608522609
4.0,0.019892568187154076,-1.8282026e-07,-2.9453852,-1.4726675,-1.4726675,-1.4726614,-1.4726614,2.9453044,9.719504,0.5667451298494534
4.0,0.019902568187154076,-2.0676636e-07,-2.9453852,-1.4726675,-1.4726675,-1.4726614,-1.4726614,2.9453044,9.719504,0.5670313988466458
4.0,0.019912568187154076,-1.8282039e-07,-2.9453852,-1.4726675,-1.4726675,-1.4726614,-1.4726614,2.9453044,9.719504,0.5673176678438382
4.0,0.019922568187154075,-2.0676623e-07,-2.9453852,-1.4726675,-1.4726675,-1.4726614,-1.4726614,2.9453044,9.719504,0.5676039368410306
4.0,0.019932568187154075,-1.8282053e-07,-2.9453852,-1.4726675,-1.4726675,-1.4726614,-1.4726614,2.9453044,9.719504,0.567890205838223
4.0,0.019942568187154074,-2.0676609e-07,-2.9453852,-1.4726675,-1.4726675,-1.4726614,-1.4726614,2.9453044,9.719504,0.5681764748354154
4.0,0.019952568187154077,-1.8282066e-07,-2.9453852,-1.4726675,-1.4726675,-1.4726614,-1.4726614,2.9453044,9.719504,0.5684627438326079
4.0,0.019962568187154077,-2.0676596e-07,-2.9453852,-1.4726675,-1.4726675,-1.4726614,-1.4726614,2.9453044,9.719504,0.5687490128298003
4.0,0.019972568187154077,-1.828208e-07,-2.9453852,-1.4726675,-1.4726675,-1.4726614,-1.4726614,2.9453044,9.719504,0.5690352818269927
4.0,0.019982568187154076,-2.0676582e-07,-2.9453852,-1.4726675,-1.4726675,-1.4726614,-1.4726614,2.9453044,9.719504,0.5693215508241851
4.0,0.019992568187154076,-1.8282094e-07,-2.9453852,-1.4726675,-1.4726675,-1.4726614,-1.4726614,2.9453044,9.719504,0.5695710602033175
4.0,0.02,-2.0676566e-07,-2.9453852,-1.4726675,-1.4726675,-1.4726614,-1.4726614,2.9453044,9.719504,0.5696774350981672
4.0,0.020000000001,-1.9655346e-07,-2.9453852,-1.4726675,-1.4726675,-1.4726614,-1.4726614,2.9453044,9.719504,0.569677435126794
4.0,0.020000000002,-2.0121907e-07,-2.9453852,-1.4726675,-1.4726675,-1.4726614,-1.4726614,2.9453044,9.719504,0.5696774351709682
4.0,0.0200000000040862,-1.9339845e-07,-2.9453852,-1.4726675,-1.4726675,-1.4726614,-1.4726614,2.9453044,9.719504,0.5696774352400847
4.0,0.02000000000682878,-1.9799096e-07,-2.9453852,-1.4726675,-1.4726675,-1.4726614,-1.4726614,2.9453044,9.719504,0.5696774353578521
4.0,0.02000000001231394,-1.9297792e-07,-2.9453852,-1.4726675,-1.4726675,-1.4726614,-1.4726614,2.9453044,9.719504,0.5696774355933867
4.0,0.020000000023284253,-1.9869873e-07,-2.9453852,-1.4726675,-1.4726675,-1.4726614,-1.4726614,2.9453044,9.719504,0.5696774360644559
4.0,0.020000000045224883,-1.9372477e-07,-2.9453852,-1.4726675,-1.4726675,-1.4726614,-1.4726614,2.9453044,9.719504,0.5696774370065942
4.0,0.020000000089106143,-1.9886835e-07,-2.9453852,-1.4726675,-1.4726675,-1.4726614,-1.4726614,2.9453044,9.719504,0.5696774388908709
4.0,0.020000000176868662,-1.9349328e-07,-2.9453852,-1.4726675,-1.4726675,-1.4726614,-1.4726614,2.9453044,9.719504,0.5696774426594241
4.0,0.0200000003523937,-1.9734773e-07,-2.9453852,-1.4726675,-1.4726675,-1.4726614,-1.4726614,2.9453044,9.719504,0.5696774501965306
4.0,0.02000000070344378,-1.887852e-07,-2.9453852,-1.4726675,-1.4726675,-1.4726614,-1.4726614,2.9453044,9.719504,0.5696774652707437
4.0,0.020000001405543935,-1.8483972e-07,-2.9453852,-1.4726675,-1.4726675,-1.4726614,-1.4726614,2.9453044,9.719504,0.5696774954191698
4.0,0.020000002809744243,-1.5985631e-07,-2.9453855,-1.4726675,-1.4726675,-1.4726615,-1.4726615,2.9453044,9.719504,0.569677555716022
4.0,0.020000005618144866,-1.2911893e-07,-2.9453857,-1.4726676,-1.4726676,-1.4726616,-1.4726616,2.9453044,9.719504,0.5696776763097264
4.0,0.02000001123494611,-7.307463e-08,-2.945387,-1.4726682,-1.4726682,-1.4726621,-1.4726621,2.9453044,9.719504,0.569677899610551
4.0,0.02000002121891385,-2.6682983e-08,-2.9453907,-1.4726702,-1.4726702,-1.4726641,-1.4726641,2.9453044,9.719504,0.5696783079073182
4.0,0.020000039760338043,1.8794108e-08,-2.9454045,-1.4726771,-1.4726771,-1.472671,-1.472671,2.9453044,9.719504,0.5696789405393444
4.0,0.020000065417344864,3.1552066e-08,-2.9454353,-1.4726926,-1.4726926,-1.4726865,-1.4726865,2.9453044,9.719504,0.5696795279738991
4.0,0.020000080801076677,4.2875758e-08,-2.9454596,-1.4727048,-1.4727048,-1.4726987,-1.4726987,2.9453044,9.719504,0.5696799108019844
4.0,0.02000009216338367,4.462527e-08,-2.9454799,-1.4727148,-1.4727148,-1.4727088,-1.4727088,2.9453044,9.719504,0.5696802503260003
4.0,0.020000104521704424,6.31612e-08,-2.9455042,-1.4727267,-1.4727267,-1.4727207,-1.4727207,2.9453044,9.719504,0.5696806518145955
4.0,0.02000012021312703,8.449481e-08,-2.9455373,-1.4727432,-1.4727432,-1.4727371,-1.4727371,2.9453044,9.719504,0.5696811362772711
4.0,0.020000138368378734,1.2923522e-07,-2.9455788,-1.4727635,-1.4727635,-1.4727576,-1.4727576,2.9453044,9.719505,0.5696818206614561
4.0,0.02000016802718626,1.9966708e-07,-2.9456518,-1.4727997,-1.4727997,-1.4727937,-1.4727937,2.9453044,9.719504,0.5696826864685717
4.0,0.02000019885743791,2.882319e-07,-2.9457328,-1.47284,-1.47284,-1.4728339,-1.4728339,2.9453044,9.719504,0.5696839470955385
4.0,0.020000256100081274,4.262164e-07,-2.9458904,-1.4729184,-1.4729184,-1.4729124,-1.4729124,2.9453046,9.719505,0.5696855697464474
4.0,0.020000312222888488,5.425939e-07,-2.946048,-1.4729971,-1.4729971,-1.4729911,-1.4729911,2.9453049,9.719505,0.5696875361376265
4.0,0.02000039348071315,6.710695e-07,-2.9462698,-1.4731079,-1.4731079,-1.4731019,-1.4731019,2.945305,9.719507,0.5696889142770553
4.0,0.020000408505665018,6.9986754e-07,-2.9463089,-1.4731274,-1.4731274,-1.4731214,-1.4731214,2.945305,9.719506,0.5696895594539988
4.0,0.020000438555568757,7.503311e-07,-2.9463851,-1.4731655,-1.4731655,-1.4731596,-1.4731596,2.945305,9.719507,0.569690849808058
4.0,0.020000498655376234,8.480692e-07,-2.9465206,-1.4732332,-1.4732332,-1.4732273,-1.4732273,2.9453053,9.719507,0.5696934305163481
4.0,0.020000618854991183,9.788885e-07,-2.946609,-1.4732772,-1.4732772,-1.4732711,-1.4732711,2.9453058,9.719509,0.5696977251511759
4.0,0.02000079869700588,9.665168e-07,-2.9458787,-1.4729117,-1.4729117,-1.4729058,-1.4729058,2.945306,9.71951,0.569702398084178
4.0,0.020000945326090397,8.046244e-07,-2.9443333,-1.4721389,-1.4721389,-1.4721329,-1.4721329,2.9453056,9.719508,0.5697067617279384
4.0,0.020001103559936503,5.171275e-07,-2.9417353,-1.47084,-1.47084,-1.4708339,-1.4708339,2.9453037,9.719502,0.5697114576349485
4.0,0.020001273402776746,1.2236664e-07,-2.9379635,-1.4689552,-1.4689552,-1.4689492,-1.4689492,2.9452996,9.719489,0.5697165964402026
4.0,0.020001462580419977,-3.6820225e-07,-2.932682,-1.466317,-1.466317,-1.466311,-1.466311,2.9452922,9.719464,0.5697220996114161
4.0,0.020001657881482737,-8.877948e-07,-2.9261882,-1.4630736,-1.4630736,-1.4630677,-1.4630677,2.9452808,9.719427,0.5697282594222459
4.0,0.020001892938537092,-1.4830151e-06,-2.917236,-1.4585978,-1.4585978,-1.4585917,-1.4585917,2.9452612,9.719362,0.5697348427101266
4.0,0.020002117832154883,-1.9688334e-06,-2.9078276,-1.4538904,-1.4538904,-1.4538845,-1.4538845,2.9452362,9.719279,0.5697408271488903
4.0,0.020002311056877026,-2.3126902e-06,-2.899337,-1.4496431,-1.4496431,-1.449637,-1.449637,2.945209,9.71919,0.5697475176873297
4.0,0.020002585292608337,-2.6825978e-06,-2.8871028,-1.4435242,-1.4435242,-1.4435182,-1.4435182,2.9451623,9.719035,0.5697551802300772
4.0,0.020002846447203234,-2.9398059e-06,-2.8756213,-1.4377823,-1.4377823,-1.4377762,-1.4377763,2.9451082,9.718857,0.5697636983658512
4.0,0.020003180486017257,-3.1884251e-06,-2.8614407,-1.430691,-1.430691,-1.4306849,-1.4306849,2.9450264,9.718587,0.5697725922533866
4.0,0.020003467930305715,-3.3516253e-06,-2.8497074,-1.4248235,-1.4248235,-1.4248176,-1.4248176,2.9449449,9.718318,0.5697816031040167
4.0,0.020003810177043835,-3.501725e-06,-2.8362827,-1.4181106,-1.4181106,-1.4181046,-1.4181046,2.944835,9.717956,0.5697915439353031
4.0,0.020004162661555722,-3.6218084e-06,-2.8230436,-1.4114904,-1.4114904,-1.4114844,-1.4114845,2.944708,9.717536,0.5698012765014183
4.0,0.02000449041200793,-3.7093318e-06,-2.8112338,-1.405585,-1.405585,-1.4055791,-1.4055791,2.9445777,9.717107,0.5698108110561045
4.0,0.02000482911592226,-3.7842983e-06,-2.7995007,-1.3997182,-1.3997182,-1.3997121,-1.3997121,2.9444313,9.716623,0.5698204906225172
4.0,0.02000516706982566,-3.8459843e-06,-2.7882378,-1.3940864,-1.3940864,-1.3940804,-1.3940804,2.9442737,9.716103,0.5698304631120156
4.0,0.02000552632545732,-3.9032598e-06,-2.776715,-1.3883246,-1.3883246,-1.3883187,-1.3883187,2.9440942,9.71551,0.5698408413493784
4.0,0.020005892734973007,-3.953748e-06,-2.765403,-1.3826684,-1.3826684,-1.3826623,-1.3826623,2.9438987,9.714865,0.5698517137242275
4.0,0.0200062866426374,-4.003906e-06,-2.7536955,-1.3768142,-1.3768142,-1.3768082,-1.3768082,2.9436753,9.714128,0.5698633012416141
4.0,0.020006703185824665,-4.052499e-06,-2.7417793,-1.3708558,-1.3708558,-1.3708497,-1.3708497,2.9434242,9.7133,0.5698758441105671
4.0,0.02000716406200776,-4.1059598e-06,-2.729093,-1.3645124,-1.3645124,-1.3645065,-1.3645065,2.9431303,9.71233,0.5698896805643607
4.0,0.020007671289534255,-4.1661046e-06,-2.715665,-1.3577994,-1.3577994,-1.3577933,-1.3577933,2.942787,9.711197,0.5699050245290881
4.0,0.020008237893164256,-4.2457737e-06,-2.701237,-1.3505874,-1.3505874,-1.3505814,-1.3505814,2.9423807,9.709856,0.5699215411317581
4.0,0.020008827505762213,-4.3587365e-06,-2.6867645,-1.3433539,-1.3433539,-1.3433478,-1.3433478,2.941933,9.708379,0.5699395672190211
4.0,0.020009500162353016,-4.579031e-06,-2.6707983,-1.335374,-1.335374,-1.3353679,-1.3353679,2.9413922,9.706594,0.5699603997861369
4.0,0.020010286833915432,-5.1194643e-06,-2.6526842,-1.3263196,-1.3263196,-1.3263135,-1.3263135,2.9407208,9.704378,0.5699835570244951
4.0,0.020011123075424193,-6.429839e-06,-2.63387,-1.3169138,-1.3169138,-1.3169078,-1.3169078,2.9399624,9.701876,0.5700050788404193
4.0,0.02001179591102008,-8.423446e-06,-2.61891,-1.3094339,-1.3094339,-1.309428,-1.309428,2.9393191,9.699754,0.5700236313693436
4.0,0.020012424519962185,-1.122825e-05,-2.6049612,-1.3024586,-1.3024586,-1.3024526,-1.3024526,2.9386919,9.697683,0.5700428231641655
4.0,0.02001314277439763,-1.5408545e-05,-2.5889277,-1.29444,-1.29444,-1.2944341,-1.2944341,2.9379442,9.695215,0.5700623062686959
4.0,0.020013792523314044,-1.9776406e-05,-2.574224,-1.287086,-1.287086,-1.28708,-1.28708,2.9372387,9.692888,0.5700809473494202
4.0,0.020014452283802085,-2.4439545e-05,-2.5589828,-1.2794632,-1.2794632,-1.2794571,-1.2794571,2.9364939,9.690431,0.5700990273428831
4.0,0.020015063261501917,-2.8756467e-05,-2.5444872,-1.2722131,-1.2722131,-1.2722071,-1.2722071,2.935778,9.688067,0.5701166494406559
4.0,0.020015691443401873,-3.3052343e-05,-2.5290933,-1.264514,-1.264514,-1.2645079,-1.2645079,2.9350145,9.685548,0.570134012238513
4.0,0.02001628482280121,-3.691479e-05,-2.5139928,-1.2569618,-1.2569618,-1.2569557,-1.2569557,2.9342673,9.683082,0.5701507600178375
4.0,0.020016870335214917,-4.0501513e-05,-2.4984558,-1.2491915,-1.2491915,-1.2491854,-1.2491854,2.9335039,9.680562,0.5701655430119443
4.0,0.02001732595327559,-4.3134325e-05,-2.4858582,-1.2428916,-1.2428916,-1.2428855,-1.2428855,2.9328911,9.678541,0.5701789784771688
4.0,0.020017816957769576,-4.5811274e-05,-2.4717147,-1.2358185,-1.2358185,-1.2358124,-1.2358124,2.9322116,9.676298,0.570192274999276
4.0,0.02001826322067337,-4.811062e-05,-2.4582877,-1.2291039,-1.2291039,-1.2290978,-1.229098,2.9315763,9.674202,0.5702057408259007
4.0,0.0200187665708154,-5.055489e-05,-2.4424095,-1.2211637,-1.2211637,-1.2211577,-1.2211578,2.930838,9.671765,0.5702194544582785
4.0,0.02001923079629942,-5.269806e-05,-2.4269967,-1.2134566,-1.2134566,-1.2134506,-1.2134506,2.930136,9.669449,0.5702325927774706
4.0,0.02001969399904227,-5.475715e-05,-2.4107988,-1.205357,-1.205357,-1.2053509,-1.2053509,2.929414,9.667067,0.5702455295255328
4.0,0.02002014444587334,-5.6765788e-05,-2.3941777,-1.1970459,-1.1970459,-1.1970398,-1.1970398,2.9286902,9.664679,0.5702581987890817
4.0,0.02002058919995073,-5.8862013e-05,-2.3768375,-1.1883754,-1.1883754,-1.1883693,-1.1883694,2.9279535,9.662247,0.5702708594881156
4.0,0.0200210394919201,-6.129055e-05,-2.3582435,-1.1790783,-1.1790783,-1.1790723,-1.1790723,2.9271839,9.659707,0.5702839333365252
4.0,0.02002151393963529,-6.4314794e-05,-2.3374045,-1.168659,-1.168659,-1.1686529,-1.1686529,2.926345,9.6569395,0.5702980551418597
4.0,0.020022038928288056,-6.806451e-05,-2.3126879,-1.1563013,-1.1563013,-1.1562952,-1.1562952,2.925382,9.653761,0.5703124195412426
4.0,0.020022531214577644,-7.1490336e-05,-2.2877479,-1.1438318,-1.1438318,-1.1438258,-1.1438258,2.9244425,9.6506605,0.5703267142103883
4.0,0.020023051915556055,-7.471536e-05,-2.2592907,-1.1296037,-1.1296037,-1.1295978,-1.1295978,2.9234078,9.647246,0.5703413856799416
4.0,0.020023571639734207,-7.748779e-05,-2.2285008,-1.1142093,-1.1142093,-1.1142033,-1.1142033,2.9223294,9.643687,0.5703561549712203
4.0,0.02002410005086949,-7.991416e-05,-2.1944468,-1.0971828,-1.0971828,-1.0971767,-1.0971767,2.921182,9.6399,0.5703711543994008
4.0,0.020024636943716836,-8.200008e-05,-2.1566403,-1.07828,-1.07828,-1.0782739,-1.0782739,2.9199586,9.635863,0.5703864775513735
4.0,0.02002518925875963,-8.3755964e-05,-2.11392,-1.0569202,-1.0569202,-1.0569141,-1.0569141,2.9186335,9.631491,0.5704024430130148
4.0,0.02002577283932829,-8.513991e-05,-2.0639544,-1.0319376,-1.0319376,-1.0319315,-1.0319316,2.9171526,9.626604,0.570419779387708
4.0,0.02002642394331632,-8.621087e-05,-2.0014105,-1.000666,-1.000666,-1.00066,-1.00066,2.9153907,9.62079,0.5704403515025241
4.0,0.020027239742506323,-8.73323e-05,-1.910938,-0.9554304,-0.9554304,-0.9554243,-0.95542437,2.9129953,9.6128845,0.5704713735877512
4.0,0.020028639625580106,-8.996237e-05,-1.7199503,-0.85993856,-0.85993856,-0.8599325,-0.85993254,2.9082925,9.597366,0.5705040947365311
4.0,0.020029584340412753,-9.110183e-05,-1.5883496,-0.7941383,-0.7941383,-0.79413223,-0.7941323,2.9046683,9.585406,0.5705325429482405
4.0,0.020030683140854447,-9.31346e-05,-1.4415793,-0.72075504,-0.72075504,-0.72074896,-0.720749,2.9000053,9.570018,0.5705634991501949
4.0,0.020031815168559685,-9.452953e-05,-1.2969887,-0.64846045,-0.64846045,-0.64845437,-0.6484544,2.894721,9.552579,0.5705967418476997
4.0,0.020033087497507193,-9.654202e-05,-1.1423137,-0.5711252,-0.5711252,-0.5711192,-0.57111925,2.8882298,9.531158,0.5706492791892622
4.0,0.020035632155402217,-9.901429e-05,-0.85729486,-0.42861855,-0.42861855,-0.42861247,-0.42861253,2.8736417,9.483017,0.5707199254924886
4.0,0.020038272396313003,-0.000101261365,-0.59742993,-0.29869026,-0.29869026,-0.29868418,-0.29868424,2.8564644,9.4263315,0.5708023995027862
4.0,0.020041758135699247,-0.000102136226,-0.31644005,-0.15819854,-0.15819854,-0.15819246,-0.15819249,2.8311737,9.342874,0.5708904712349757
4.0,0.020044931557839863,-0.00010223893,-0.13132115,-0.065642394,-0.065642394,-0.06563631,-0.06563633,2.806172,9.260367,0.5709589109834985
4.0,0.020047025530921102,-0.000101149875,-0.050978478,-0.025471522,-0.025471522,-0.025465438,-0.025465447,2.788979,9.20363,0.5710026640486167
4.0,0.020048340613312295,-0.000100726946,-0.01910601,-0.009536457,-0.009536457,-0.009530368,-0.009530382,2.7780194,9.167464,0.5710308081048229
4.0,0.020049235734002285,-9.98736e-05,-0.006090446,-0.0030282438,-0.0030282438,-0.003022161,-0.003022161,2.7705266,9.142738,0.5710490544659819
4.0,0.020049781293687365,-0.000100124875,-0.0017428191,-0.00085540576,-0.00085540576,-0.0008493198,-0.0008493278,2.7659566,9.127656,0.5710596826412988
4.0,0.020050077679697853,-0.00010135099,-0.0005433359,-0.00025601455,-0.00025601455,-0.00024994183,-0.0002499382,2.7634747,9.119467,0.5710654509856368
4.0,0.020050239073070426,-0.00011600131,-0.00023477059,-0.00011050006,-0.00011050006,-0.000104469014,-0.00010447496,2.762124,9.115009,0.571068914171776
4.0,0.02005035278916425,-0.00013691423,-0.0001310682,-6.994431e-05,-6.994431e-05,-6.400649e-05,-6.4002095e-05,2.7611728,9.111871,0.5710717137449448
4.0,0.02005046161953484,-0.0001424128,-0.00010207135,-5.9290127e-05,-5.9290127e-05,-5.3429027e-05,-5.3434742e-05,2.7602625,9.108867,0.5710744372239523
4.0,0.020050569429495242,-0.00014535016,-8.903798e-05,-5.4183874e-05,-5.4183874e-05,-4.8374273e-05,-4.836989e-05,2.7593613,9.105892,0.5710771410127324
4.0,0.0200506768341183,-0.0001465674,-8.308361e-05,-5.2658514e-05,-5.2658514e-05,-4.687581e-05,-4.6881465e-05,2.7584636,9.10293,0.5710804264079695
4.0,0.020050831108661366,-0.00014736284,-7.742129e-05,-5.0157567e-05,-5.0157567e-05,-4.4409622e-05,-4.4405206e-05,2.7571747,9.098677,0.5710854510139781
4.0,0.0200510774143272,-0.00014782933,-7.395034e-05,-4.9779745e-05,-4.9779745e-05,-4.405751e-05,-4.4063057e-05,2.7551184,9.09189,0.5710933244765314
4.0,0.020051459747639354,-0.00014758925,-6.977034e-05,-4.7984988e-05,-4.7984988e-05,-4.2298645e-05,-4.229411e-05,2.7519293,9.081366,0.5711032757094721
4.0,0.020051873790872785,-0.0001475411,-6.71663e-05,-4.813455e-05,-4.813455e-05,-4.2468775e-05,-4.2474167e-05,2.7484796,9.0699835,0.5711161394298665
4.0,0.0200524917900942,-0.0001475753,-6.0931936e-05,-4.5976878e-05,-4.5976878e-05,-4.034719e-05,-4.03425e-05,2.743339,9.05302,0.5711309540641074
4.0,0.020053066811562954,-0.00014888927,-5.5197976e-05,-4.5575383e-05,-4.5575383e-05,-3.996396e-05,-3.9969214e-05,2.7385645,9.037263,0.5711465425703834
4.0,0.020053751511831645,-0.00015025507,-5.0750958e-05,-4.4867465e-05,-4.4867465e-05,-3.9268845e-05,-3.9264036e-05,2.7328901,9.0185375,0.5711665901114739
4.0,0.020054693606585315,-0.00015134587,-5.400842e-05,-4.8631773e-05,-4.8631773e-05,-4.2975345e-05,-4.2980402e-05,2.725102,8.992836,0.5711920165439119
4.0,0.020055826597301,-0.00015320338,-5.7158624e-05,-5.1361596e-05,-5.1361596e-05,-4.560333e-05,-4.5598306e-05,2.7157648,8.962024,0.5712130124212562
4.0,0.02005641891115237,-0.00015378707,-5.8889214e-05,-5.3435204e-05,-5.3435204e-05,-4.763021e-05,-4.763519e-05,2.7108963,8.945958,0.5712275244154346
4.0,0.020057023385612292,-0.00015356416,-5.8905247e-05,-5.32944e-05,-5.32944e-05,-4.746469e-05,-4.7459707e-05,2.705937,8.929591,0.5712432138995371
4.0,0.02005771755306288,-0.0001531994,-5.9679336e-05,-5.4634133e-05,-5.4634133e-05,-4.8780694e-05,-4.878574e-05,2.7002525,8.910833,0.5712582634156826
4.0,0.02005827430644449,-0.00015239991,-5.9017333e-05,-5.3922573e-05,-5.3922573e-05,-4.8065336e-05,-4.806043e-05,2.6957023,8.895818,0.5712707061241575
4.0,0.020058755289618067,-0.00015194803,-5.9477465e-05,-5.491995e-05,-5.491995e-05,-4.9053655e-05,-4.905874e-05,2.6917775,8.882866,0.5712838247726998
4.0,0.020059371610134814,-0.00015088686,-5.862876e-05,-5.408371e-05,-5.408371e-05,-4.8218808e-05,-4.8213944e-05,2.6867566,8.866297,0.5712978250579697
4.0,0.02005993071834686,-0.0001502344,-5.8994145e-05,-5.5043343e-05,-5.5043343e-05,-4.917189e-05,-4.9177004e-05,2.6822097,8.851293,0.5713132697545433
4.0,0.020060672707893898,-0.0001488787,-5.802317e-05,-5.4167e-05,-5.4167e-05,-4.8299044e-05,-4.8294212e-05,2.6761878,8.831419,0.5713310155767207
4.0,0.020061432404104646,-0.00014786219,-5.827879e-05,-5.5128785e-05,-5.5128785e-05,-4.9255195e-05,-4.926033e-05,2.670036,8.811119,0.5713516276059558
4.0,0.02006242498396005,-0.00014604957,-5.7169058e-05,-5.4248074e-05,-5.4248074e-05,-4.83788e-05,-4.8373986e-05,2.6620197,8.784665,0.5713770551310914
4.0,0.020063607095294325,-0.00014432949,-5.7230973e-05,-5.523015e-05,-5.523015e-05,-4.9355625e-05,-4.9360766e-05,2.6525042,8.753263,0.5714080339032188
4.0,0.020065093489426665,-0.00014171023,-5.589925e-05,-5.4364464e-05,-5.4364464e-05,-4.8494643e-05,-4.8489834e-05,2.6405876,8.713939,0.57144906431679
4.0,0.020067173419449982,-0.000138558,-5.557294e-05,-5.5386477e-05,-5.5386477e-05,-4.951174e-05,-4.951688e-05,2.6240022,8.659206,0.5714867352638517
4.0,0.02006840933458475,-0.0001363082,-5.4364595e-05,-5.4516226e-05,-5.4516226e-05,-4.864646e-05,-4.8641654e-05,2.6141963,8.626848,0.5715084547800282
4.0,0.020069099568050204,-0.00013532175,-5.4671153e-05,-5.549806e-05,-5.549806e-05,-4.962339e-05,-4.9628532e-05,2.608736,8.6088295,0.5715198252407026
4.0,0.020069421924978646,-0.00044607712,7.1008635e-06,-0.00017704433,-0.00017704433,-0.00017099497,-0.00017098914,2.60619,8.600427,0.571525597884963
4.0,0.020069614652859967,-0.0012353428,0.00013475923,-0.0005020405,-0.0005020405,-0.00049555104,-0.0004955526,2.6046693,8.595409,0.5715287407988164
4.0,0.02006970269020448,-0.0012335766,0.00012518896,-0.0005058458,-0.0005058458,-0.00049917895,-0.0004991753,2.603975,8.593118,0.571530783568681
4.0,0.02006979723649523,-0.0012486151,0.00013769895,-0.0005068801,-0.0005068801,-0.000500139,-0.0005001406,2.6032298,8.590658,0.5715329536211052
4.0,0.020069896761492366,-0.0012688735,0.00013610962,-0.0005172482,-0.0005172482,-0.00051044894,-0.0005104452,2.6024451,8.588069,0.5715362457204786
4.0,0.02007009183181411,-0.0012947593,0.00014562656,-0.0005251712,-0.0005251712,-0.00051829516,-0.000518297,2.6009083,8.582997,0.5715407179002355
4.0,0.020070297430013175,-0.0013139903,0.00014536682,-0.00053401187,-0.00053401187,-0.0005270768,-0.0005270733,2.5992897,8.577656,0.5715475740553538
4.0,0.020070706849103608,-0.0013350543,0.00015156175,-0.0005407664,-0.0005407664,-0.0005337356,-0.0005337378,2.596069,8.567027,0.5715556370959467
4.0,0.020071022504197764,-0.0013479108,0.0001502326,-0.0005466975,-0.0005466975,-0.0005396052,-0.000539602,2.5935888,8.558844,0.5715607837491489
4.0,0.020071170550780396,-0.0017884257,5.1713545e-05,-0.00082202203,-0.00082202203,-0.0008151888,-0.00081518834,2.5924265,8.555008,0.5715629121299493
4.0,0.020071214438429935,-0.0022628272,-9.866028e-06,-0.0010928788,-0.0010928788,-0.0010862506,-0.0010862405,2.5920823,8.553871,0.5715636338532577
4.0,0.020071235652015337,-0.0026863876,1.9374658e-05,-0.0012892311,-0.0012892311,-0.0012826823,-0.0012826767,2.591916,8.553323,0.5715639586326957
4.0,0.020071243738099907,-0.0028405262,9.410878e-06,-0.0013709746,-0.0013709746,-0.0013644486,-0.001364437,2.5918527,8.553114,0.5715641154510042
4.0,0.02007124979992216,-0.00296473,9.805869e-06,-0.0014335834,-0.0014335834,-0.0014270707,-0.0014270646,2.5918052,8.552957,0.5715642603780607
4.0,0.020071256813676636,-0.0031120079,1.00787865e-05,-0.0015066463,-0.0015066463,-0.0015001536,-0.0015001418,2.5917501,8.552775,0.5715644135752848
4.0,0.02007126362223443,-0.0032581228,9.705674e-06,-0.0015802401,-0.0015802401,-0.0015737603,-0.0015737535,2.5916967,8.5526,0.5715646399504164
4.0,0.020071277239350017,-0.00356151,1.002866e-05,-0.0017315383,-0.0017315383,-0.0017250894,-0.0017250773,2.5915902,8.552248,0.5715650926634348
4.0,0.02007130447358119,-0.0042107007,9.564814e-06,-0.0020566732,-0.0020566732,-0.002050269,-0.0020502608,2.5913768,8.551544,0.571565997940415
4.0,0.020071358942043534,-0.005681356,9.865222e-06,-0.0027916925,-0.0027916925,-0.0027853602,-0.002785345,2.5909505,8.550137,0.5715676840749849
4.0,0.020071456700009305,-0.008890148,9.505458e-06,-0.004396579,-0.004396579,-0.0043903203,-0.004390307,2.5901864,8.547615,0.5715698065480672
4.0,0.020071550674761355,-0.012655338,1.0015622e-05,-0.0062787095,-0.0062787095,-0.0062724953,-0.0062724734,2.5894532,8.545196,0.5715721922257418
4.0,0.020071672331251983,-0.01850118,9.825308e-06,-0.009201955,-0.009201955,-0.009195773,-0.0091957515,2.5885067,8.542072,0.5715754572396547
4.0,0.020071846001308437,-0.02870343,1.0563259e-05,-0.014302454,-0.014302454,-0.014296306,-0.014296274,2.5871606,8.53763,0.5715803660523071
4.0,0.020072116804597494,-0.04881612,1.0763462e-05,-0.024358861,-0.024358861,-0.024352742,-0.024352707,2.5850768,8.530753,0.5715867554210822
4.0,0.020072425466188315,-0.07768603,1.1876067e-05,-0.038792964,-0.038792964,-0.038786873,-0.038786825,2.5827284,8.523004,0.57159337823542
4.0,0.02007271853389859,-0.11060876,1.2187951e-05,-0.055254344,-0.055254344,-0.055248268,-0.055248212,2.58053,8.515749,0.57159965562506
4.0,0.02007299678342357,-0.14651622,1.326837e-05,-0.07320727,-0.07320727,-0.0732012,-0.073201135,2.5784748,8.508967,0.5716055309293068
4.0,0.02007325410930616,-0.18349428,1.3519026e-05,-0.09169637,-0.09169637,-0.09169031,-0.09169024,2.576605,8.502797,0.5716113718311086
4.0,0.02007352999581101,-0.22689721,1.4613591e-05,-0.11339704,-0.11339704,-0.11339099,-0.11339091,2.5746372,8.496302,0.5716174771697781
4.0,0.02007381231442441,-0.27505487,1.4941622e-05,-0.13747591,-0.13747591,-0.13746987,-0.13746978,2.572665,8.489795,0.5716241844817755
4.0,0.020074144179200188,-0.33611774,1.619225e-05,-0.1680065,-0.1680065,-0.16800046,-0.16800036,2.5704055,8.482338,0.5716315711447821
4.0,0.0200744898952181,-0.40438482,1.6691305e-05,-0.20214,-0.20214,-0.20213395,-0.20213386,2.5681229,8.474805,0.5716394939679177
4.0,0.020074872234664937,-0.48483604,1.8077233e-05,-0.24236469,-0.24236469,-0.24235865,-0.24235855,2.5656888,8.466773,0.5716484977630267
4.0,0.02007531885547271,-0.5845919,1.883711e-05,-0.2922425,-0.2922425,-0.29223648,-0.29223636,2.562973,8.457811,0.571659133278918
4.0,0.020075853500124478,-0.7109629,2.0605527e-05,-0.35542688,-0.35542688,-0.35542083,-0.3554207,2.5599115,8.447708,0.5716719569390145
4.0,0.02007650483758843,-0.87316966,2.1860664e-05,-0.43652987,-0.43652987,-0.43652382,-0.4365237,2.5564756,8.436369,0.5716878247341821
4.0,0.020077324963187503,-1.0869302,2.4289604e-05,-0.5434087,-0.5434087,-0.5434027,-0.54340255,2.5526283,8.423673,0.5717082697504055
4.0,0.020078406478057073,-1.3788222,2.6475205e-05,-0.6893538,-0.6893538,-0.68934774,-0.6893476,2.5483992,8.409718,0.5717361921356409
4.0,0.020079930718453383,-1.79671,3.028179e-05,-0.8982955,-0.8982955,-0.8982895,-0.8982894,2.5440993,8.395528,0.5717775001083101
4.0,0.020082274436618062,-2.4244177,3.45483e-05,-1.2121475,-1.2121475,-1.2121414,-1.2121413,2.5412204,8.386028,0.571839589530905
4.0,0.020085757771082534,-3.2678583,4.0508214e-05,-1.6338644,-1.6338644,-1.6338583,-1.6338582,2.544674,8.397424,0.5719152803477546
4.0,0.02008935870440076,-3.9890008,4.42667e-05,-1.9944342,-1.9944342,-1.9944283,-1.9944282,2.5566475,8.436937,0.5719900853868994
4.0,0.020092693708745685,-4.5202274,4.7452973e-05,-2.2600462,-2.2600462,-2.26004,-2.26004,2.5738745,8.493786,0.5720672229689606
4.0,0.02009641549693029,-4.980186,4.9126713e-05,-2.4900253,-2.4900253,-2.4900193,-2.4900193,2.5984113,8.574758,0.572148617791601
4.0,0.020100000001,-5.3150487,5.0830575e-05,-2.6574562,-2.6574562,-2.6574502,-2.6574502,2.6260424,8.665939,0.5721894043046812
4.0,0.020100000002,-5.3150487,5.083246e-05,-2.6574562,-2.6574562,-2.6574502,-2.6574502,2.6260424,8.665939,0.5721894044981168
4.0,0.020100000018,-5.3150496,5.084098e-05,-2.6574569,-2.6574569,-2.657451,-2.657451,2.6260426,8.66594,0.572189405044288
4.0,0.02010000005,-5.3150525,5.0703537e-05,-2.657458,-2.657458,-2.657452,-2.657452,2.6260428,8.665941,0.5721894075930869
4.0,0.020100000242,-5.315068,5.061951e-05,-2.657466,-2.657466,-2.65746,-2.65746,2.6260443,8.665946,0.5721894126906903
4.0,0.020100000498,-5.3150883,5.0620776e-05,-2.6574762,-2.6574762,-2.6574702,-2.6574702,2.6260464,8.665954,0.5721894214294537
4.0,0.02010000101,-5.3151298,5.061172e-05,-2.657497,-2.657497,-2.657491,-2.657491,2.6260507,8.665967,0.5721894389070362
4.0,0.020100002034,-5.315212,5.0623956e-05,-2.6575382,-2.6575382,-2.657532,-2.657532,2.626059,8.665995,0.5721894738624239
4.0,0.020100004081999998,-5.3153768,5.0614628e-05,-2.6576204,-2.6576204,-2.6576145,-2.6576145,2.6260757,8.66605,0.5721895437740899
4.0,0.020100008177999996,-5.315706,5.06257e-05,-2.657785,-2.657785,-2.657779,-2.657779,2.6261091,8.666161,0.5721896836009843
4.0,0.02010001636999999,-5.316364,5.06176e-05,-2.658114,-2.658114,-2.658108,-2.658108,2.626176,8.666382,0.5721899632690467
4.0,0.02010003275399998,-5.3176785,5.0631854e-05,-2.6587713,-2.6587713,-2.6587653,-2.6587653,2.62631,8.666823,0.5721905226622183
4.0,0.02010006552199996,-5.320302,5.0630453e-05,-2.660083,-2.660083,-2.660077,-2.660077,2.626578,8.667708,0.5721916416769364
4.0,0.02010013105799992,-5.325529,5.0657956e-05,-2.6626966,-2.6626966,-2.6626906,-2.6626906,2.627115,8.669479,0.572193880621185
4.0,0.02010026212999984,-5.3359036,5.068236e-05,-2.6678839,-2.6678839,-2.667878,-2.667878,2.6281912,8.673032,0.5721983621798074
4.0,0.020100524273999682,-5.3563395,5.075923e-05,-2.6781018,-2.6781018,-2.6780958,-2.6780958,2.630355,8.680171,0.5722073400600519
4.0,0.020101048561999364,-5.3959894,5.0874976e-05,-2.6979268,-2.6979268,-2.6979208,-2.6979208,2.6347244,8.694591,0.572225355526541
4.0,0.020102097137998726,-5.4706407,5.11067e-05,-2.7352526,-2.7352526,-2.7352467,-2.7352467,2.6436222,8.723953,0.5722616302305189
4.0,0.020104194289997452,-5.603121,5.1433293e-05,-2.801493,-2.801493,-2.801487,-2.801487,2.661984,8.784547,0.5723351909504742
4.0,0.020108388593994903,-5.8129196,5.1775012e-05,-2.906393,-2.906393,-2.906387,-2.906387,2.7005033,8.911661,0.5724730036893233
4.0,0.020115647203050865,-6.0538406,5.1618168e-05,-3.026855,-3.026855,-3.026849,-3.026849,2.7708862,9.143925,0.5726096320944016
4.0,0.02011917358190409,-6.125083,5.118401e-05,-3.0624774,-3.0624774,-3.0624714,-3.0624714,2.806169,9.260359,0.5726824291387022
4.0,0.02012124996418748,-6.0056047,4.5118493e-05,-3.0027468,-3.0027468,-3.0027409,-3.0027409,2.8265686,9.327676,0.5727281535931013
4.0,0.020122642112584403,-5.8353415,4.368092e-05,-2.9176168,-2.9176168,-2.917611,-2.917611,2.8395371,9.370472,0.5727619374634171
4.0,0.020123789359858604,-5.662672,3.9540162e-05,-2.8312879,-2.8312879,-2.831282,-2.831282,2.8495786,9.403609,0.5727931589630497
4.0,0.020124972394894268,-5.466933,3.873566e-05,-2.733419,-2.733419,-2.733413,-2.7334132,2.8592324,9.435467,0.5728266243764499
4.0,0.020126270283102727,-5.2433915,3.45882e-05,-2.621654,-2.621654,-2.621648,-2.621648,2.8689587,9.467564,0.572869663938712
4.0,0.020128141490370684,-4.923085,3.296965e-05,-2.4615028,-2.4615028,-2.4614968,-2.461497,2.8813777,9.508546,0.5729198162246606
4.0,0.020129931339518937,-4.634599,2.8688793e-05,-2.3172655,-2.3172655,-2.3172596,-2.3172596,2.8915505,9.542117,0.5729730724836344
4.0,0.020132001826402984,-4.3344097,2.7666034e-05,-2.1671722,-2.1671722,-2.1671662,-2.1671662,2.9014194,9.574684,0.5730357030735569
4.0,0.020134440352986366,-4.033717,2.355115e-05,-2.0168314,-2.0168314,-2.0168254,-2.0168254,2.9107683,9.6055355,0.5731112960775795
4.0,0.020137409150331968,-3.743078,2.2779204e-05,-1.8715129,-1.8715129,-1.8715069,-1.8715069,2.9194329,9.634129,0.5731960825775783
4.0,0.02014046935966589,-3.519907,1.9352494e-05,-1.7599323,-1.7599323,-1.7599263,-1.7599263,2.9259355,9.655587,0.5733065193504615
4.0,0.020145227233195853,-3.2869527,1.8917926e-05,-1.643456,-1.643456,-1.6434499,-1.64345,2.9326975,9.677902,0.5734415028176243
4.0,0.020149981145506306,-3.1520047,1.598418e-05,-1.5759863,-1.5759863,-1.5759802,-1.5759802,2.9367566,9.691297,0.5735852947222249
4.0,0.0201553317276525,-3.0669377,1.6466554e-05,-1.5334524,-1.5334524,-1.5334464,-1.5334464,2.939507,9.700373,0.5737444533577954
4.0,0.02016114456627669,-3.0179734,1.3976785e-05,-1.508974,-1.508974,-1.508968,-1.508968,2.9412882,9.706251,0.573936377306565
4.0,0.020168777014366288,-2.9858527,1.4573228e-05,-1.492913,-1.492913,-1.4929069,-1.4929069,2.942663,9.710788,0.5741883059768709
4.0,0.020178777014366288,-2.9671228,1.1896489e-05,-1.4835519,-1.4835519,-1.4835458,-1.4835458,2.9436653,9.714095,0.5744742564277681
4.0,0.020188777014366287,-2.9585922,1.2496199e-05,-1.4792855,-1.4792855,-1.4792794,-1.4792794,2.944234,9.715972,0.5747603173713716
4.0,0.020198777014366287,-2.9538484,1.0026316e-05,-1.4769167,-1.4769167,-1.4769107,-1.4769107,2.9445887,9.717142,0.5750464472274812
4.0,0.020208777014366287,-2.9509504,1.0796154e-05,-1.4754663,-1.4754663,-1.4754603,-1.4754602,2.9448195,9.717904,0.5753326219635042
4.0,0.02021877701436629,-2.9491107,8.504889e-06,-1.4745493,-1.4745493,-1.4745432,-1.4745432,2.944973,9.718411,0.5756188265495333
4.0,0.02022877701436629,-2.947897,9.509819e-06,-1.4739406,-1.4739406,-1.4739347,-1.4739347,2.9450767,9.718754,0.5758865310096524
4.0,0.020237482906376093,-2.9471836,7.5279963e-06,-1.4735866,-1.4735866,-1.4735805,-1.4735805,2.9451396,9.718961,0.5761428668523189
4.0,0.0202466877573532,-2.9466429,8.336016e-06,-1.4733144,-1.4733144,-1.4733084,-1.4733083,2.945187,9.719117,0.5763199025895333
4.0,0.02024985238036766,-2.9465039,6.2959443e-06,-1.4732474,-1.4732474,-1.4732413,-1.4732413,2.9451997,9.71916,0.5764146724036688
4.0,0.02025330925952639,-2.9463613,7.554043e-06,-1.473174,-1.473174,-1.4731679,-1.4731679,2.9452121,9.7192,0.5765176381468575
4.0,0.020257046466584813,-2.9462345,5.4375505e-06,-1.4731131,-1.4731131,-1.473107,-1.473107,2.9452238,9.719238,0.5766292361302041
4.0,0.02026110640813725,-2.9461074,6.7006217e-06,-1.4730475,-1.4730475,-1.4730414,-1.4730414,2.9452348,9.719275,0.576726580430473
4.0,0.02026384768501238,-2.946038,4.7724175e-06,-1.4730152,-1.4730152,-1.4730092,-1.4730092,2.9452415,9.719297,0.57680413125282
4.0,0.020266524678038945,-2.9459698,6.2335316e-06,-1.472979,-1.472979,-1.472973,-1.4729729,2.9452472,9.719316,0.5768806425054951
4.0,0.02026919330264089,-2.945915,4.3407904e-06,-1.4729539,-1.4729539,-1.4729478,-1.4729478,2.9452524,9.719334,0.5769593215176682
4.0,0.02027202173054363,-2.9458556,5.8243436e-06,-1.4729221,-1.4729221,-1.4729161,-1.4729161,2.9452577,9.71935,0.577038771659515
4.0,0.02027474421229227,-2.9458103,3.940431e-06,-1.4729018,-1.4729018,-1.4728957,-1.4728957,2.945262,9.719365,0.5771204162527772
4.0,0.020277725941906063,-2.9457593,5.43516e-06,-1.4728742,-1.4728742,-1.4728681,-1.4728681,2.9452662,9.719379,0.5772121396469437
4.0,0.02028115257410052,-2.9457133,3.5102587e-06,-1.4728534,-1.4728534,-1.4728475,-1.4728475,2.9452708,9.719393,0.5773239254786258
4.0,0.020285535966391148,-2.9456558,4.931631e-06,-1.4728227,-1.4728227,-1.4728166,-1.4728166,2.9452755,9.719409,0.5774685852697289
4.0,0.02029125933633443,-2.9455996,2.8724378e-06,-1.4727969,-1.4727969,-1.4727908,-1.4727908,2.945281,9.719427,0.5776640878325993
4.0,0.020299194845140225,-2.9455326,4.1011085e-06,-1.4727612,-1.4727612,-1.4727552,-1.4727552,2.9452868,9.719447,0.5779208037768683
4.0,0.020309194845140224,-2.9454765,1.8228068e-06,-1.4727356,-1.4727356,-1.4727296,-1.4727296,2.9452922,9.719464,0.5782070704089484
4.0,0.020319194845140224,-2.9454331,2.9952564e-06,-1.4727117,-1.4727117,-1.4727057,-1.4727057,2.9452958,9.719477,0.5784933377467474
4.0,0.020329194845140224,-2.9454076,8.034547e-07,-1.4727013,-1.4727013,-1.4726952,-1.4726952,2.9452984,9.719485,0.5787796055995306
4.0,0.020339194845140223,-2.9453855,2.089948e-06,-1.472688,-1.472688,-1.4726819,-1.4726819,2.9453003,9.719491,0.5790658737956366
4.0,0.020349194845140223,-2.9453745,2.8003527e-08,-1.4726847,-1.4726847,-1.4726787,-1.4726787,2.9453015,9.719495,0.5793521422206244
4.0,0.020359194845140222,-2.9453626,1.4554454e-06,-1.4726764,-1.4726764,-1.4726704,-1.4726704,2.9453022,9.719499,0.579638410836347
4.0,0.020369194845140225,-2.9453585,-4.7430333e-07,-1.4726766,-1.4726766,-1.4726707,-1.4726707,2.945303,9.7195,0.5799246795474372
4.0,0.020379194845140225,-2.9453516,1.0734451e-06,-1.4726709,-1.4726709,-1.4726648,-1.4726648,2.9453034,9.7195015,0.5802109483538948
4.0,0.020389194845140225,-2.945351,-7.59614e-07,-1.4726728,-1.4726728,-1.4726667,-1.4726667,2.9453037,9.719502,0.5804972172175727
4.0,0.020399194845140224,-2.9453464,8.672832e-07,-1.4726683,-1.4726683,-1.4726622,-1.4726622,2.945304,9.719502,0.5807834861003242
4.0,0.020409194845140224,-2.945347,-9.0870424e-07,-1.4726709,-1.4726709,-1.472665,-1.472665,2.945304,9.719503,0.5810697550212226
4.0,0.020419194845140223,-2.9453437,7.6310164e-07,-1.472667,-1.472667,-1.4726609,-1.4726609,2.9453042,9.719503,0.5813560239611946
4.0,0.020429194845140223,-2.9453454,-9.832863e-07,-1.4726701,-1.4726701,-1.472664,-1.472664,2.9453042,9.719503,0.5816422929011665
4.0,0.020439194845140223,-2.9453425,7.1236167e-07,-1.4726664,-1.4726664,-1.4726603,-1.4726603,2.9453042,9.719503,0.5819285618411385
4.0,0.020449194845140226,-2.9453444,-1.0199841e-06,-1.4726696,-1.4726696,-1.4726635,-1.4726635,2.9453042,9.719504,0.582214830800184
4.0,0.020459194845140225,-2.945342,6.882255e-07,-1.472666,-1.472666,-1.4726601,-1.4726601,2.9453042,9.719503,0.582501099740156
4.0,0.020469194845140225,-2.945344,-1.038083e-06,-1.4726694,-1.4726694,-1.4726633,-1.4726633,2.9453044,9.719504,0.5827873687373484
4.0,0.020479194845140224,-2.9453416,6.770064e-07,-1.4726659,-1.4726659,-1.47266,-1.47266,2.9453044,9.719504,0.5830736377345408
4.0,0.020489194845140224,-2.9453437,-1.0472043e-06,-1.4726692,-1.4726692,-1.4726632,-1.4726632,2.9453044,9.719504,0.5833599067317332
4.0,0.020499194845140224,-2.9453416,6.719904e-07,-1.4726659,-1.4726659,-1.4726598,-1.4726598,2.9453044,9.719504,0.5836461757289256
4.0,0.020509194845140223,-2.9453437,-1.0520139e-06,-1.4726691,-1.4726691,-1.4726632,-1.4726632,2.9453044,9.719504,0.583932444726118
4.0,0.020519194845140223,-2.9453416,6.699432e-07,-1.4726659,-1.4726659,-1.4726598,-1.4726598,2.9453044,9.719504,0.5842187137233105
4.0,0.020529194845140222,-2.9453435,-1.0547503e-06,-1.4726691,-1.4726691,-1.472663,-1.472663,2.9453044,9.719504,0.5845049827205029
4.0,0.020539194845140225,-2.9453416,6.693173e-07,-1.4726659,-1.4726659,-1.4726598,-1.4726598,2.9453044,9.719504,0.5847912517176953
4.0,0.020549194845140225,-2.9453435,-1.0564835e-06,-1.4726691,-1.4726691,-1.472663,-1.472663,2.9453044,9.719504,0.5850775207148877
4.0,0.020559194845140225,-2.9453416,6.693733e-07,-1.4726659,-1.4726659,-1.4726598,-1.4726598,2.9453044,9.719504,0.5853637897120801
4.0,0.020569194845140224,-2.9453435,-1.0577247e-06,-1.4726691,-1.4726691,-1.472663,-1.472663,2.9453044,9.719504,0.5856500587092726
4.0,0.020579194845140224,-2.9453416,6.6975736e-07,-1.4726659,-1.4726659,-1.4726598,-1.4726598,2.9453044,9.719504,0.585936327706465
4.0,0.020589194845140223,-2.9453435,-1.0587197e-06,-1.472669,-1.472669,-1.472663,-1.472663,2.9453044,9.719504,0.5862225967036574
4.0,0.020599194845140223,-2.9453416,6.702989e-07,-1.4726659,-1.4726659,-1.4726598,-1.4726598,2.9453044,9.719504,0.5865088657008498
4.0,0.020609194845140223,-2.9453435,-1.0595871e-06,-1.472669,-1.472669,-1.472663,-1.472663,2.9453044,9.719504,0.5867951346980422
4.0,0.020619194845140226,-2.9453416,6.709155e-07,-1.4726659,-1.4726659,-1.4726598,-1.4726598,2.9453044,9.719504,0.5870814036952346
4.0,0.020629194845140225,-2.9453435,-1.0603848e-06,-1.472669,-1.472669,-1.472663,-1.472663,2.9453044,9.719504,0.5873676726924271
4.0,0.020639194845140225,-2.9453416,6.7156657e-07,-1.4726659,-1.4726659,-1.47266,-1.4726598,2.9453044,9.719504,0.5876539416896195
4.0,0.020649194845140224,-2.9453433,-1.0611415e-06,-1.472669,-1.472669,-1.4726629,-1.472663,2.9453044,9.719504,0.5879402106868119
4.0,0.020659194845140224,-2.9453416,6.72232e-07,-1.4726659,-1.4726659,-1.47266,-1.47266,2.9453044,9.719504,0.5882264796840043
4.0,0.020669194845140224,-2.9453433,-1.0618717e-06,-1.472669,-1.472669,-1.4726629,-1.4726629,2.9453044,9.719504,0.5885127486811967
4.0,0.020679194845140223,-2.9453418,6.729015e-07,-1.4726659,-1.4726659,-1.47266,-1.47266,2.9453044,9.719504,0.5887990176783892
4.0,0.020689194845140223,-2.9453433,-1.0625828e-06,-1.472669,-1.472669,-1.4726629,-1.4726629,2.9453044,9.719504,0.5890852866755816
4.0,0.020699194845140222,-2.9453418,6.7356973e-07,-1.4726659,-1.4726659,-1.47266,-1.47266,2.9453044,9.719504,0.589371555672774
4.0,0.020709194845140225,-2.9453433,-1.063279e-06,-1.472669,-1.472669,-1.4726629,-1.4726629,2.9453044,9.719504,0.5896578246699664
4.0,0.020719194845140225,-2.9453418,6.7423395e-07,-1.4726659,-1.4726659,-1.47266,-1.47266,2.9453044,9.719504,0.5899440936671588
4.0,0.020729194845140225,-2.9453433,-1.0639625e-06,-1.472669,-1.472669,-1.4726629,-1.4726629,2.9453044,9.719504,0.5902303626643512
4.0,0.020739194845140224,-2.9453418,6.748924e-07,-1.472666,-1.472666,-1.47266,-1.47266,2.9453044,9.719504,0.5905166316615437
4.0,0.020749194845140224,-2.9453433,-1.0646347e-06,-1.472669,-1.472669,-1.4726629,-1.4726629,2.9453044,9.719504,0.5908029006587361
4.0,0.020759194845140223,-2.9453418,6.755443e-07,-1.472666,-1.472666,-1.47266,-1.47266,2.9453044,9.719504,0.5910891696559285
4.0,0.020769194845140223,-2.9453433,-1.0652965e-06,-1.4726689,-1.4726689,-1.4726629,-1.4726629,2.9453044,9.719504,0.5913754386531209
4.0,0.020779194845140223,-2.9453418,6.761891e-07,-1.472666,-1.472666,-1.47266,-1.47266,2.9453044,9.719504,0.5916617076503133
4.0,0.020789194845140222,-2.9453433,-1.0659484e-06,-1.4726689,-1.4726689,-1.4726629,-1.4726629,2.9453044,9.719504,0.5919479766475058
4.0,0.020799194845140225,-2.9453418,6.7682635e-07,-1.472666,-1.472666,-1.47266,-1.47266,2.9453044,9.719504,0.5922342456446982
4.0,0.020809194845140225,-2.9453433,-1.0665908e-06,-1.4726689,-1.4726689,-1.4726629,-1.4726629,2.9453044,9.719504,0.5925205146418906
4.0,0.020819194845140224,-2.9453418,6.77456e-07,-1.472666,-1.472666,-1.47266,-1.47266,2.9453044,9.719504,0.592806783639083
4.0,0.020829194845140224,-2.945343,-1.0672242e-06,-1.4726689,-1.4726689,-1.4726629,-1.4726629,2.9453044,9.719504,0.5930930526362754
4.0,0.020839194845140224,-2.9453418,6.780778e-07,-1.472666,-1.472666,-1.4726601,-1.47266,2.9453044,9.719504,0.5933793216334678
4.0,0.020849194845140223,-2.945343,-1.0678486e-06,-1.4726689,-1.4726689,-1.4726628,-1.4726629,2.9453044,9.719504,0.5936655906306603
4.0,0.020859194845140223,-2.9453418,6.7869183e-07,-1.472666,-1.472666,-1.4726601,-1.4726601,2.9453044,9.719504,0.5939518596278527
4.0,0.020869194845140222,-2.945343,-1.0684643e-06,-1.4726689,-1.4726689,-1.4726628,-1.4726628,2.9453044,9.719504,0.5942381286250451
4.0,0.020879194845140225,-2.945342,6.7929795e-07,-1.472666,-1.472666,-1.4726601,-1.4726601,2.9453044,9.719504,0.5945243976222375
4.0,0.020889194845140225,-2.945343,-1.0690715e-06,-1.4726689,-1.4726689,-1.4726628,-1.4726628,2.9453044,9.719504,0.5948106666194299
4.0,0.020899194845140225,-2.945342,6.7989623e-07,-1.472666,-1.472666,-1.4726601,-1.4726601,2.9453044,9.719504,0.5950969356166224
4.0,0.020909194845140224,-2.945343,-1.0696701e-06,-1.4726689,-1.4726689,-1.4726628,-1.4726628,2.9453044,9.719504,0.5953832046138148
4.0,0.020919194845140224,-2.945342,6.8048666e-07,-1.4726661,-1.4726661,-1.4726601,-1.4726601,2.9453044,9.719504,0.5956694736110072
4.0,0.020929194845140223,-2.945343,-1.0702606e-06,-1.4726689,-1.4726689,-1.4726628,-1.4726628,2.9453044,9.719504,0.5959557426081996
4.0,0.020939194845140223,-2.945342,6.8106925e-07,-1.4726661,-1.4726661,-1.4726601,-1.4726601,2.9453044,9.719504,0.596242011605392
4.0,0.020949194845140223,-2.945343,-1.0708429e-06,-1.4726689,-1.4726689,-1.4726628,-1.4726628,2.9453044,9.719504,0.5965282806025844
4.0,0.020959194845140222,-2.945342,6.816441e-07,-1.4726661,-1.4726661,-1.4726601,-1.4726601,2.9453044,9.719504,0.5968145495997769
4.0,0.020969194845140225,-2.945343,-1.0714172e-06,-1.4726688,-1.4726688,-1.4726628,-1.4726628,2.9453044,9.719504,0.5971008185969693
4.0,0.020979194845140225,-2.945342,6.822112e-07,-1.4726661,-1.4726661,-1.4726601,-1.4726601,2.9453044,9.719504,0.5973870875941617
4.0,0.020989194845140224,-2.945343,-1.0719833e-06,-1.4726688,-1.4726688,-1.4726628,-1.4726628,2.9453044,9.719504,0.5976733565913541
4.0,0.020999194845140224,-2.945342,6.827705e-07,-1.4726661,-1.4726661,-1.4726601,-1.4726601,2.9453044,9.719504,0.5978280156336649
4.0,0.021,-2.9453428,-1.0755772e-06,-1.4726688,-1.4726688,-1.4726627,-1.4726627,2.9453044,9.719504,0.597839540191693
4.0,0.021000000001,-2.9453428,-1.0808708e-06,-1.4726688,-1.4726688,-1.4726627,-1.4726627,2.9453044,9.719504,0.5978395404350216
4.0,0.021000000017,-2.945343,-9.953319e-07,-1.4726686,-1.4726686,-1.4726626,-1.4726626,2.9453044,9.719504,0.5978395411220673
4.0,0.021000000049,-2.9453433,-8.00952e-07,-1.4726684,-1.4726684,-1.4726624,-1.4726624,2.9453044,9.719504,0.5978395424961584
4.0,0.021000000113,-2.9453435,-6.321197e-07,-1.4726683,-1.4726683,-1.4726623,-1.4726623,2.9453044,9.719504,0.5978395452443408
4.0,0.021000000241,-2.9453437,-4.6576164e-07,-1.4726683,-1.4726683,-1.4726622,-1.4726622,2.9453044,9.719504,0.5978395507407056
4.0,0.021000000497,-2.9453437,-3.6978034e-07,-1.4726682,-1.4726682,-1.4726622,-1.4726622,2.9453044,9.719504,0.5978395617334351
4.0,0.021000001009,-2.9453437,-2.2820102e-07,-1.4726682,-1.4726682,-1.4726621,-1.4726621,2.9453044,9.719504,0.597839583718894
4.0,0.021000002033,-2.9453437,-1.5238882e-07,-1.472668,-1.472668,-1.4726621,-1.4726621,2.9453044,9.719504,0.5978396276898119
4.0,0.021000004080999998,-2.9453437,-1.1631486e-07,-1.472668,-1.472668,-1.472662,-1.472662,2.9453044,9.719504,0.5978396968247541
4.0,0.021000006863068424,-2.9453435,-1.5316324e-07,-1.4726679,-1.4726679,-1.4726619,-1.4726619,2.9453044,9.719504,0.597839807937199
4.0,0.02100001184379974,-2.9453433,-1.5288984e-07,-1.4726678,-1.4726678,-1.4726617,-1.4726617,2.9453044,9.719504,0.5978400218115429
4.0,0.021000021805262375,-2.945343,-1.9147583e-07,-1.4726677,-1.4726677,-1.4726616,-1.4726616,2.9453044,9.719504,0.5978404495602307
4.0,0.021000041728187643,-2.9453425,-1.8507183e-07,-1.4726676,-1.4726676,-1.4726615,-1.4726615,2.9453044,9.719504,0.5978413050576064
4.0,0.02100008157403818,-2.9453425,-2.0394718e-07,-1.4726675,-1.4726675,-1.4726614,-1.4726614,2.9453044,9.719504,0.5978430160523576
4.0,0.021000161265739246,-2.9453425,-1.856415e-07,-1.4726675,-1.4726675,-1.4726615,-1.4726615,2.9453044,9.719504,0.59784643804186
4.0,0.021000320649141382,-2.9453425,-2.0381746e-07,-1.4726675,-1.4726675,-1.4726615,-1.4726615,2.9453044,9.719504,0.5978532820208649
4.0,0.02100063941594566,-2.9453425,-1.8569008e-07,-1.4726675,-1.4726675,-1.4726615,-1.4726615,2.9453044,9.719504,0.5978669699788747
4.0,0.021001276949554212,-2.9453425,-2.037965e-07,-1.4726675,-1.4726675,-1.4726615,-1.4726615,2.9453044,9.719504,0.5978943458948942
4.0,0.021002552016771318,-2.9453425,-1.8570005e-07,-1.4726675,-1.4726675,-1.4726615,-1.4726615,2.9453044,9.719504,0.5979490977269333
4.0,0.02100510215120553,-2.9453425,-2.0379201e-07,-1.4726675,-1.4726675,-1.4726615,-1.4726615,2.9453044,9.719504,0.5980586013910114
4.0,0.021010202420073953,-2.9453425,-1.8570292e-07,-1.4726675,-1.4726675,-1.4726615,-1.4726615,2.9453044,9.719504,0.5982747383323264
4.0,0.021020202420073953,-2.9453425,-2.0379187e-07,-1.4726675,-1.4726675,-1.4726615,-1.4726615,2.9453044,9.719504,0.5985610073295188
4.0,0.021030202420073953,-2.9453425,-1.85705e-07,-1.4726675,-1.4726675,-1.4726615,-1.4726615,2.9453044,9.719504,0.5988472763267112
4.0,0.021040202420073952,-2.9453425,-2.0379235e-07,-1.4726675,-1.4726675,-1.4726615,-1.4726615,2.9453044,9.719504,0.5991335453239036
4.0,0.021050202420073952,-2.9453425,-1.8570701e-07,-1.4726675,-1.4726675,-1.4726615,-1.4726615,2.9453044,9.719504,0.599419814321096
4.0,0.02106020242007395,-2.9453425,-2.0379277e-07,-1.4726675,-1.4726675,-1.4726615,-1.4726615,2.9453044,9.719504,0.5997060833182885
4.0,0.02107020242007395,-2.9453425,-1.8570896e-07,-1.4726675,-1.4726675,-1.4726615,-1.4726615,2.9453044,9.719504,0.5999923523154809
4.0,0.021080202420073954,-2.9453425,-2.0379312e-07,-1.4726675,-1.4726675,-1.4726615,-1.4726615,2.9453044,9.719504,0.6002786213126733
4.0,0.021090202420073954,-2.9453425,-1.8571083e-07,-1.4726675,-1.4726675,-1.4726615,-1.4726615,2.9453044,9.719504,0.6005648903098657
4.0,0.021100202420073953,-2.9453425,-2.0379343e-07,-1.4726675,-1.4726675,-1.4726615,-1.4726615,2.9453044,9.719504,0.6008511593070581
4.0,0.021110202420073953,-2.9453425,-1.8571264e-07,-1.4726675,-1.4726675,-1.4726615,-1.4726615,2.9453044,9.719504,0.6011374283042505
4.0,0.021120202420073952,-2.9453425,-2.0379369e-07,-1.4726675,-1.4726675,-1.4726615,-1.4726615,2.9453044,9.719504,0.601423697301443
4.0,0.021130202420073952,-2.9453425,-1.857144e-07,-1.4726675,-1.4726675,-1.4726615,-1.4726615,2.9453044,9.719504,0.6017099662986354
4.0,0.02114020242007395,-2.9453425,-2.0379392e-07,-1.4726675,-1.4726675,-1.4726615,-1.4726615,2.9453044,9.719504,0.6019962352958278
4.0,0.02115020242007395,-2.9453425,-1.8571612e-07,-1.4726675,-1.4726675,-1.4726615,-1.4726615,2.9453044,9.719504,0.6022825042930202
4.0,0.021160202420073954,-2.9453425,-2.037941e-07,-1.4726675,-1.4726675,-1.4726615,-1.4726615,2.9453044,9.719504,0.6025687732902126
4.0,0.021170202420073954,-2.9453425,-1.8571778e-07,-1.4726675,-1.4726675,-1.4726615,-1.4726615,2.9453044,9.719504,0.602855042287405
4.0,0.021180202420073953,-2.9453425,-2.0379426e-07,-1.4726675,-1.4726675,-1.4726615,-1.4726615,2.9453044,9.719504,0.6031413112845975
4.0,0.021190202420073953,-2.9453425,-1.8571941e-07,-1.4726675,-1.4726675,-1.4726615,-1.4726615,2.9453044,9.719504,0.6034275802817899
4.0,0.021200202420073953,-2.9453425,-2.0379439e-07,-1.4726675,-1.4726675,-1.4726615,-1.4726615,2.9453044,9.719504,0.6037138492789823
4.0,0.021210202420073952,-2.9453425,-1.85721e-07,-1.4726675,-1.4726675,-1.4726615,-1.4726615,2.9453044,9.719504,0.6040001182761747
4.0,0.021220202420073952,-2.9453425,-2.0379447e-07,-1.4726675,-1.4726675,-1.4726615,-1.4726615,2.9453044,9.719504,0.6042863872733671
4.0,0.02123020242007395,-2.9453425,-1.8572256e-07,-1.4726675,-1.4726675,-1.4726615,-1.4726615,2.9453044,9.719504,0.6045726562705596
4.0,0.02124020242007395,-2.9453425,-2.0379454e-07,-1.4726675,-1.4726675,-1.4726615,-1.4726615,2.9453044,9.719504,0.604858925267752
4.0,0.021250202420073954,-2.9453425,-1.8572409e-07,-1.4726675,-1.4726675,-1.4726615,-1.4726615,2.9453044,9.719504,0.6051451942649444
4.0,0.021260202420073954,-2.9453425,-2.037946e-07,-1.4726675,-1.4726675,-1.4726615,-1.4726615,2.9453044,9.719504,0.6054314632621368
4.0,0.021270202420073953,-2.9453425,-1.8572558e-07,-1.4726675,-1.4726675,-1.4726615,-1.4726615,2.9453044,9.719504,0.6057177322593292
4.0,0.021280202420073953,-2.9453425,-2.0379463e-07,-1.4726675,-1.4726675,-1.4726615,-1.4726615,2.9453044,9.719504,0.6060040012565217
4.0,0.021290202420073952,-2.9453425,-1.8572705e-07,-1.4726675,-1.4726675,-1.4726615,-1.4726615,2.9453044,9.719504,0.6062902702537141
4.0,0.021300202420073952,-2.9453425,-2.0379464e-07,-1.4726675,-1.4726675,-1.4726615,-1.4726615,2.9453044,9.719504,0.6065765392509065
4.0,0.02131020242007395,-2.9453425,-1.8572848e-07,-1.4726675,-1.4726675,-1.4726615,-1.4726615,2.9453044,9.719504,0.6068628082480989
4.0,0.02132020242007395,-2.9453425,-2.0379463e-07,-1.4726675,-1.4726675,-1.4726615,-1.4726615,2.9453044,9.719504,0.6071490772452913
4.0,0.021330202420073954,-2.9453425,-1.8572989e-07,-1.4726675,-1.4726675,-1.4726615,-1.4726615,2.9453044,9.719504,0.6074353462424837
4.0,0.021340202420073954,-2.9453425,-2.037946e-07,-1.4726675,-1.4726675,-1.4726615,-1.4726615,2.9453044,9.719504,0.6077216152396762
4.0,0.021350202420073953,-2.9453425,-1.8573127e-07,-1.4726675,-1.4726675,-1.4726615,-1.4726615,2.9453044,9.719504,0.6080078842368686
4.0,0.021360202420073953,-2.9453425,-2.0379456e-07,-1.4726675,-1.4726675,-1.4726615,-1.4726615,2.9453044,9.719504,0.608294153234061
4.0,0.021370202420073953,-2.9453425,-1.8573263e-07,-1.4726675,-1.4726675,-1.4726615,-1.4726615,2.9453044,9.719504,0.6085804222312534
4.0,0.021380202420073952,-2.9453425,-2.037945e-07,-1.4726675,-1.4726675,-1.4726615,-1.4726615,2.9453044,9.719504,0.6088666912284458
4.0,0.021390202420073952,-2.9453425,-1.8573397e-07,-1.4726675,-1.4726675,-1.4726615,-1.4726615,2.9453044,9.719504,0.6091529602256383
4.0,0.02140020242007395,-2.9453425,-2.0379443e-07,-1.4726675,-1.4726675,-1.4726615,-1.4726615,2.9453044,9.719504,0.6094392292228307
4.0,0.02141020242007395,-2.9453425,-1.8573527e-07,-1.4726675,-1.4726675,-1.4726615,-1.4726615,2.9453044,9.719504,0.6097254982200231
4.0,0.021420202420073954,-2.9453425,-2.0379436e-07,-1.4726675,-1.4726675,-1.4726615,-1.4726615,2.9453044,9.719504,0.6100117672172155
4.0,0.021430202420073954,-2.9453425,-1.8573657e-07,-1.4726675,-1.4726675,-1.4726615,-1.4726615,2.9453044,9.719504,0.6102980362144079
4.0,0.021440202420073953,-2.9453425,-2.0379426e-07,-1.4726675,-1.4726675,-1.4726615,-1.4726615,2.9453044,9.719504,0.6105843052116003
4.0,0.021450202420073953,-2.9453425,-1.8573783e-07,-1.4726675,-1.4726675,-1.4726615,-1.4726615,2.9453044,9.719504,0.6108705742087928
4.0,0.021460202420073952,-2.9453425,-2.0379414e-07,-1.4726675,-1.4726675,-1.4726615,-1.4726615,2.9453044,9.719504,0.6111568432059852
4.0,0.021470202420073952,-2.9453425,-1.8573908e-07,-1.4726675,-1.4726675,-1.4726615,-1.4726615,2.9453044,9.719504,0.6114431122031776
4.0,0.02148020242007395,-2.9453425,-2.0379402e-07,-1.4726675,-1.4726675,-1.4726615,-1.4726615,2.9453044,9.719504,0.61172938120037
4.0,0.02149020242007395,-2.9453425,-1.8574032e-07,-1.4726675,-1.4726675,-1.4726615,-1.4726615,2.9453044,9.719504,0.6120156501975624
4.0,0.021500202420073954,-2.9453425,-2.0379389e-07,-1.4726675,-1.4726675,-1.4726615,-1.4726615,2.9453044,9.719504,0.6123019191947549
4.0,0.021510202420073954,-2.9453425,-1.8574153e-07,-1.4726675,-1.4726675,-1.4726615,-1.4726615,2.9453044,9.719504,0.6125881881919473
4.0,0.021520202420073953,-2.9453425,-2.0379375e-07,-1.4726675,-1.4726675,-1.4726615,-1.4726615,2.9453044,9.719504,0.6128744571891397
4.0,0.021530202420073953,-2.9453425,-1.8574272e-07,-1.4726675,-1.4726675,-1.4726615,-1.4726615,2.9453044,9.719504,0.6131607261863321
4.0,0.021540202420073953,-2.9453425,-2.0379359e-07,-1.4726675,-1.4726675,-1.4726615,-1.4726615,2.9453044,9.719504,0.6134469951835245
4.0,0.021550202420073952,-2.9453425,-1.8574389e-07,-1.4726675,-1.4726675,-1.4726615,-1.4726615,2.9453044,9.719504,0.6137332641807169
4.0,0.021560202420073952,-2.9453425,-2.0379343e-07,-1.4726675,-1.4726675,-1.4726615,-1.4726615,2.9453044,9.719504,0.6140195331779094
4.0,0.02157020242007395,-2.9453425,-1.8574504e-07,-1.4726675,-1.4726675,-1.4726615,-1.4726615,2.9453044,9.719504,0.6143058021751018
4.0,0.02158020242007395,-2.9453425,-2.0379325e-07,-1.4726675,-1.4726675,-1.4726615,-1.4726615,2.9453044,9.719504,0.6145920711722942
4.0,0.021590202420073954,-2.9453425,-1.8574617e-07,-1.4726675,-1.4726675,-1.4726615,-1.4726615,2.9453044,9.719504,0.6148783401694866
4.0,0.021600202420073954,-2.9453425,-2.0379306e-07,-1.4726675,-1.4726675,-1.4726615,-1.4726615,2.9453044,9.719504,0.615164609166679
4.0,0.021610202420073953,-2.9453425,-1.857473e-07,-1.4726675,-1.4726675,-1.4726615,-1.4726615,2.9453044,9.719504,0.6154508781638715
4.0,0.021620202420073953,-2.9453425,-2.0379288e-07,-1.4726675,-1.4726675,-1.4726615,-1.4726615,2.9453044,9.719504,0.6157371471610639
4.0,0.021630202420073952,-2.9453425,-1.857484e-07,-1.4726675,-1.4726675,-1.4726615,-1.4726615,2.9453044,9.719504,0.6160234161582563
4.0,0.021640202420073952,-2.9453425,-2.0379268e-07,-1.4726675,-1.4726675,-1.4726615,-1.4726615,2.9453044,9.719504,0.6163096851554487
4.0,0.02165020242007395,-2.9453425,-1.8574949e-07,-1.4726675,-1.4726675,-1.4726615,-1.4726615,2.9453044,9.719504,0.6165959541526411
4.0,0.02166020242007395,-2.9453425,-2.0379247e-07,-1.4726675,-1.4726675,-1.4726615,-1.4726615,2.9453044,9.719504,0.6168822231498335
4.0,0.021670202420073954,-2.9453425,-1.8575057e-07,-1.4726675,-1.4726675,-1.4726615,-1.4726615,2.9453044,9.719504,0.617168492147026
4.0,0.021680202420073954,-2.9453425,-2.0379225e-07,-1.4726675,-1.4726675,-1.4726615,-1.4726615,2.9453044,9.719504,0.6174547611442184
4.0,0.021690202420073953,-2.9453425,-1.8575162e-07,-1.4726675,-1.4726675,-1.4726615,-1.4726615,2.9453044,9.719504,0.6177410301414108
4.0,0.021700202420073953,-2.9453425,-2.0379203e-07,-1.4726675,-1.4726675,-1.4726615,-1.4726615,2.9453044,9.719504,0.6180272991386032
4.0,0.021710202420073953,-2.9453425,-1.8575265e-07,-1.4726675,-1.4726675,-1.4726615,-1.4726615,2.9453044,9.719504,0.6183135681357956
4.0,0.021720202420073952,-2.9453425,-2.037918e-07,-1.4726675,-1.4726675,-1.4726615,-1.4726615,2.9453044,9.719504,0.618599837132988
4.0,0.021730202420073952,-2.9453425,-1.8575368e-07,-1.4726675,-1.4726675,-1.4726615,-1.4726615,2.9453044,9.719504,0.6188861061301805
4.0,0.02174020242007395,-2.9453425,-2.0379156e-07,-1.4726675,-1.4726675,-1.4726615,-1.4726615,2.9453044,9.719504,0.6191723751273729
4.0,0.02175020242007395,-2.9453425,-1.857547e-07,-1.4726675,-1.4726675,-1.4726615,-1.4726615,2.9453044,9.719504,0.6194586441245653
4.0,0.021760202420073954,-2.9453425,-2.0379132e-07,-1.4726675,-1.4726675,-1.4726615,-1.4726615,2.9453044,9.719504,0.6197449131217577
4.0,0.021770202420073954,-2.9453425,-1.857557e-07,-1.4726675,-1.4726675,-1.4726615,-1.4726615,2.9453044,9.719504,0.6200311821189501
4.0,0.021780202420073953,-2.9453425,-2.0379106e-07,-1.4726675,-1.4726675,-1.4726615,-1.4726615,2.9453044,9.719504,0.6203174511161426
4.0,0.021790202420073953,-2.9453425,-1.8575668e-07,-1.4726675,-1.4726675,-1.4726615,-1.4726615,2.9453044,9.719504,0.620603720113335
4.0,0.021800202420073952,-2.9453425,-2.037908e-07,-1.4726675,-1.4726675,-1.4726615,-1.4726615,2.9453044,9.719504,0.6208899891105274
4.0,0.021810202420073952,-2.9453425,-1.8575764e-07,-1.4726675,-1.4726675,-1.4726615,-1.4726615,2.9453044,9.719504,0.6211762581077198
4.0,0.02182020242007395,-2.9453425,-2.0379055e-07,-1.4726675,-1.4726675,-1.4726615,-1.4726615,2.9453044,9.719504,0.6214625271049122
4.0,0.02183020242007395,-2.9453425,-1.8575861e-07,-1.4726675,-1.4726675,-1.4726615,-1.4726615,2.9453044,9.719504,0.6217487961021047
4.0,0.021840202420073954,-2.9453425,-2.0379028e-07,-1.4726675,-1.4726675,-1.4726615,-1.4726615,2.9453044,9.719504,0.6220350650992971
4.0,0.021850202420073954,-2.9453425,-1.8575955e-07,-1.4726675,-1.4726675,-1.4726615,-1.4726615,2.9453044,9.719504,0.6223213340964895
4.0,0.021860202420073954,-2.9453425,-2.0379e-07,-1.4726675,-1.4726675,-1.4726615,-1.4726615,2.9453044,9.719504,0.6226076030936819
4.0,0.021870202420073953,-2.9453425,-1.8576048e-07,-1.4726675,-1.4726675,-1.4726615,-1.4726615,2.9453044,9.719504,0.6228938720908743
4.0,0.021880202420073953,-2.9453425,-2.0378972e-07,-1.4726675,-1.4726675,-1.4726615,-1.4726615,2.9453044,9.719504,0.6231801410880667
4.0,0.021890202420073952,-2.9453425,-1.857614e-07,-1.4726675,-1.4726675,-1.4726615,-1.4726615,2.9453044,9.719504,0.6234664100852592
4.0,0.021900202420073952,-2.9453425,-2.0378944e-07,-1.4726675,-1.4726675,-1.4726615,-1.4726615,2.9453044,9.719504,0.6237526790824516
4.0,0.02191020242007395,-2.9453425,-1.857623e-07,-1.4726675,-1.4726675,-1.4726615,-1.4726615,2.9453044,9.719504,0.624038948079644
4.0,0.02192020242007395,-2.9453425,-2.0378914e-07,-1.4726675,-1.4726675,-1.4726615,-1.4726615,2.9453044,9.719504,0.6243252170768364
4.0,0.021930202420073954,-2.9453425,-1.857632e-07,-1.4726675,-1.4726675,-1.4726615,-1.4726615,2.9453044,9.719504,0.6246114860740288
4.0,0.021940202420073954,-2.9453425,-2.0378884e-07,-1.4726675,-1.4726675,-1.4726615,-1.4726615,2.9453044,9.719504,0.6248977550712213
4.0,0.021950202420073953,-2.9453425,-1.8576408e-07,-1.4726675,-1.4726675,-1.4726615,-1.4726615,2.9453044,9.719504,0.6251840240684137
4.0,0.021960202420073953,-2.9453425,-2.0378855e-07,-1.4726675,-1.4726675,-1.4726615,-1.4726615,2.9453044,9.719504,0.6254702930656061
4.0,0.021970202420073952,-2.9453425,-1.8576495e-07,-1.4726675,-1.4726675,-1.4726615,-1.4726615,2.9453044,9.719504,0.6257565620627985
4.0,0.021980202420073952,-2.9453425,-2.0378825e-07,-1.4726675,-1.4726675,-1.4726615,-1.4726615,2.9453044,9.719504,0.6260428310599909
4.0,0.02199020242007395,-2.9453425,-1.8576581e-07,-1.4726675,-1.4726675,-1.4726615,-1.4726615,2.9453044,9.719504,0.6263291000571833
4.0,0.02200020242007395,-2.9453425,-2.0378793e-07,-1.4726675,-1.4726675,-1.4726615,-1.4726615,2.9453044,9.719504,0.6266153690543758
4.0,0.022010202420073954,-2.9453425,-1.8576667e-07,-1.4726675,-1.4726675,-1.4726615,-1.4726615,2.9453044,9.719504,0.6269016380515682
4.0,0.022020202420073954,-2.9453425,-2.0378762e-07,-1.4726675,-1.4726675,-1.4726615,-1.4726615,2.9453044,9.719504,0.6271879070487606
4.0,0.022030202420073954,-2.9453425,-1.857675e-07,-1.4726675,-1.4726675,-1.4726615,-1.4726615,2.9453044,9.719504,0.627474176045953
4.0,0.022040202420073953,-2.9453425,-2.0378731e-07,-1.4726675,-1.4726675,-1.4726615,-1.4726615,2.9453044,9.719504,0.6277604450431454
4.0,0.022050202420073953,-2.9453425,-1.8576833e-07,-1.4726675,-1.4726675,-1.4726615,-1.4726615,2.9453044,9.719504,0.6280467140403379
4.0,0.022060202420073952,-2.9453425,-2.0378698e-07,-1.4726675,-1.4726675,-1.4726615,-1.4726615,2.9453044,9.719504,0.6283329830375303
4.0,0.022070202420073952,-2.9453425,-1.8576915e-07,-1.4726675,-1.4726675,-1.4726615,-1.4726615,2.9453044,9.719504,0.6286192520347227
4.0,0.02208020242007395,-2.9453425,-2.0378666e-07,-1.4726675,-1.4726675,-1.4726615,-1.4726615,2.9453044,9.719504,0.6289055210319151
4.0,0.02209020242007395,-2.9453425,-1.8576996e-07,-1.4726675,-1.4726675,-1.4726615,-1.4726615,2.9453044,9.719504,0.6291917900291075
4.0,0.022100202420073954,-2.9453425,-2.0378633e-07,-1.4726675,-1.4726675,-1.4726615,-1.4726615,2.9453044,9.719504,0.6294780590262999
4.0,0.022110202420073954,-2.9453425,-1.8577076e-07,-1.4726675,-1.4726675,-1.4726615,-1.4726615,2.9453044,9.719504,0.6297643280234924
4.0,0.022120202420073953,-2.9453425,-2.03786e-07,-1.4726675,-1.4726675,-1.4726615,-1.4726615,2.9453044,9.719504,0.6300505970206848
4.0,0.022130202420073953,-2.9453425,-1.8577154e-07,-1.4726675,-1.4726675,-1.4726615,-1.4726615,2.9453044,9.719504,0.6303368660178772
4.0,0.022140202420073953,-2.9453425,-2.0378566e-07,-1.4726675,-1.4726675,-1.4726615,-1.4726615,2.9453044,9.719504,0.6306231350150696
4.0,0.022150202420073952,-2.9453425,-1.8577232e-07,-1.4726675,-1.4726675,-1.4726615,-1.4726615,2.9453044,9.719504,0.630909404012262
4.0,0.02216020242007395,-2.9453425,-2.0378533e-07,-1.4726675,-1.4726675,-1.4726615,-1.4726615,2.9453044,9.719504,0.6311956730094544
4.0,0.02217020242007395,-2.9453425,-1.8577309e-07,-1.4726675,-1.4726675,-1.4726615,-1.4726615,2.9453044,9.719504,0.6314819420066469
4.0,0.02218020242007395,-2.9453425,-2.0378499e-07,-1.4726675,-1.4726675,-1.4726615,-1.4726615,2.9453044,9.719504,0.6317682110038393
4.0,0.022190202420073954,-2.9453425,-1.8577386e-07,-1.4726675,-1.4726675,-1.4726615,-1.4726615,2.9453044,9.719504,0.6320544800010317
4.0,0.022200202420073954,-2.9453425,-2.0378465e-07,-1.4726675,-1.4726675,-1.4726615,-1.4726615,2.9453044,9.719504,0.6323407489982241
4.0,0.022210202420073953,-2.9453425,-1.8577461e-07,-1.4726675,-1.4726675,-1.4726615,-1.4726615,2.9453044,9.719504,0.6326270179954165
4.0,0.022220202420073953,-2.9453425,-2.037843e-07,-1.4726675,-1.4726675,-1.4726615,-1.4726615,2.9453044,9.719504,0.632913286992609
4.0,0.022230202420073952,-2.9453425,-1.8577535e-07,-1.4726675,-1.4726675,-1.4726615,-1.4726615,2.9453044,9.719504,0.6331995559898014
4.0,0.022240202420073952,-2.9453425,-2.0378396e-07,-1.4726675,-1.4726675,-1.4726615,-1.4726615,2.9453044,9.719504,0.6334858249869938
4.0,0.02225020242007395,-2.9453425,-1.8577609e-07,-1.4726675,-1.4726675,-1.4726615,-1.4726615,2.9453044,9.719504,0.6337720939841862
4.0,0.02226020242007395,-2.9453425,-2.037836e-07,-1.4726675,-1.4726675,-1.4726615,-1.4726615,2.9453044,9.719504,0.6340583629813786
4.0,0.022270202420073954,-2.9453425,-1.8577681e-07,-1.4726675,-1.4726675,-1.4726615,-1.4726615,2.9453044,9.719504,0.634344631978571
4.0,0.022280202420073954,-2.9453425,-2.0378324e-07,-1.4726675,-1.4726675,-1.4726615,-1.4726615,2.9453044,9.719504,0.6346309009757635
4.0,0.022290202420073953,-2.9453425,-1.8577752e-07,-1.4726675,-1.4726675,-1.4726615,-1.4726615,2.9453044,9.719504,0.6349171699729559
4.0,0.022300202420073953,-2.9453425,-2.0378289e-07,-1.4726675,-1.4726675,-1.4726615,-1.4726615,2.9453044,9.719504,0.6352034389701483
4.0,0.022310202420073953,-2.9453425,-1.8577823e-07,-1.4726675,-1.4726675,-1.4726615,-1.4726615,2.9453044,9.719504,0.6354897079673407
4.0,0.022320202420073952,-2.9453425,-2.0378253e-07,-1.4726675,-1.4726675,-1.4726615,-1.4726615,2.9453044,9.719504,0.6357759769645331
4.0,0.02233020242007395,-2.9453425,-1.8577894e-07,-1.4726675,-1.4726675,-1.4726615,-1.4726615,2.9453044,9.719504,0.6360622459617256
4.0,0.02234020242007395,-2.9453425,-2.0378218e-07,-1.4726675,-1.4726675,-1.4726615,-1.4726615,2.9453044,9.719504,0.636348514958918
4.0,0.02235020242007395,-2.9453425,-1.8577963e-07,-1.4726675,-1.4726675,-1.4726615,-1.4726615,2.9453044,9.719504,0.6366347839561104
4.0,0.022360202420073954,-2.9453425,-2.0378182e-07,-1.4726675,-1.4726675,-1.4726615,-1.4726615,2.9453044,9.719504,0.6369210529533028
4.0,0.022370202420073954,-2.9453425,-1.8578032e-07,-1.4726675,-1.4726675,-1.4726615,-1.4726615,2.9453044,9.719504,0.6372073219504952
4.0,0.022380202420073953,-2.9453425,-2.0378145e-07,-1.4726675,-1.4726675,-1.4726615,-1.4726615,2.9453044,9.719504,0.6374935909476876
4.0,0.022390202420073953,-2.9453425,-1.85781e-07,-1.4726675,-1.4726675,-1.4726615,-1.4726615,2.9453044,9.719504,0.6377798599448801
4.0,0.022400202420073952,-2.9453425,-2.037811e-07,-1.4726675,-1.4726675,-1.4726615,-1.4726615,2.9453044,9.719504,0.6380661289420725
4.0,0.022410202420073952,-2.9453425,-1.8578167e-07,-1.4726675,-1.4726675,-1.4726615,-1.4726615,2.9453044,9.719504,0.6383523979392649
4.0,0.02242020242007395,-2.9453425,-2.0378073e-07,-1.4726675,-1.4726675,-1.4726615,-1.4726615,2.9453044,9.719504,0.6386386669364573
4.0,0.02243020242007395,-2.9453425,-1.8578234e-07,-1.4726675,-1.4726675,-1.4726615,-1.4726615,2.9453044,9.719504,0.6389249359336497
4.0,0.022440202420073954,-2.9453425,-2.0378036e-07,-1.4726675,-1.4726675,-1.4726615,-1.4726615,2.9453044,9.719504,0.6392112049308422
4.0,0.022450202420073954,-2.9453425,-1.85783e-07,-1.4726675,-1.4726675,-1.4726615,-1.4726615,2.9453044,9.719504,0.6394974739280346
4.0,0.022460202420073953,-2.9453425,-2.0377999e-07,-1.4726675,-1.4726675,-1.4726615,-1.4726615,2.9453044,9.719504,0.639783742925227
4.0,0.022470202420073953,-2.9453425,-1.8578365e-07,-1.4726675,-1.4726675,-1.4726615,-1.4726615,2.9453044,9.719504,0.6400700119224194
4.0,0.022480202420073953,-2.9453425,-2.0377962e-07,-1.4726675,-1.4726675,-1.4726615,-1.4726615,2.9453044,9.719504,0.6403562809196118
4.0,0.022490202420073952,-2.9453425,-1.8578429e-07,-1.4726675,-1.4726675,-1.4726615,-1.4726615,2.9453044,9.719504,0.6406425499168042
4.0,0.02250020242007395,-2.9453425,-2.0377925e-07,-1.4726675,-1.4726675,-1.4726615,-1.4726615,2.9453044,9.719504,0.6409288189139967
4.0,0.02251020242007395,-2.9453425,-1.8578493e-07,-1.4726675,-1.4726675,-1.4726615,-1.4726615,2.9453044,9.719504,0.6412150879111891
4.0,0.02252020242007395,-2.9453425,-2.0377888e-07,-1.4726675,-1.4726675,-1.4726615,-1.4726615,2.9453044,9.719504,0.6415013569083815
4.0,0.022530202420073954,-2.9453425,-1.8578555e-07,-1.4726675,-1.4726675,-1.4726615,-1.4726615,2.9453044,9.719504,0.6417876259055739
4.0,0.022540202420073954,-2.9453425,-2.0377851e-07,-1.4726675,-1.4726675,-1.4726615,-1.4726615,2.9453044,9.719504,0.6420738949027663
4.0,0.022550202420073953,-2.9453425,-1.8578618e-07,-1.4726675,-1.4726675,-1.4726615,-1.4726615,2.9453044,9.719504,0.6423601638999588
4.0,0.022560202420073953,-2.9453425,-2.0377813e-07,-1.4726675,-1.4726675,-1.4726615,-1.4726615,2.9453044,9.719504,0.6426464328971512
4.0,0.022570202420073952,-2.9453425,-1.857868e-07,-1.4726675,-1.4726675,-1.4726615,-1.4726615,2.9453044,9.719504,0.6429327018943436
4.0,0.022580202420073952,-2.9453425,-2.0377776e-07,-1.4726675,-1.4726675,-1.4726615,-1.4726615,2.9453044,9.719504,0.643218970891536
4.0,0.02259020242007395,-2.9453425,-1.8578741e-07,-1.4726675,-1.4726675,-1.4726615,-1.4726615,2.9453044,9.719504,0.6435052398887284
4.0,0.02260020242007395,-2.9453425,-2.0377739e-07,-1.4726675,-1.4726675,-1.4726615,-1.4726615,2.9453044,9.719504,0.6437915088859208
4.0,0.022610202420073954,-2.9453425,-1.8578802e-07,-1.4726675,-1.4726675,-1.4726615,-1.4726615,2.9453044,9.719504,0.6440777778831133
4.0,0.022620202420073954,-2.9453425,-2.03777e-07,-1.4726675,-1.4726675,-1.4726615,-1.4726615,2.9453044,9.719504,0.6443640468803057
4.0,0.022630202420073953,-2.9453425,-1.8578862e-07,-1.4726675,-1.4726675,-1.4726615,-1.4726615,2.9453044,9.719504,0.6446503158774981
4.0,0.022640202420073953,-2.9453425,-2.0377664e-07,-1.4726675,-1.4726675,-1.4726615,-1.4726615,2.9453044,9.719504,0.6449365848746905
4.0,0.022650202420073953,-2.9453425,-1.8578922e-07,-1.4726675,-1.4726675,-1.4726615,-1.4726615,2.9453044,9.719504,0.6452228538718829
4.0,0.022660202420073952,-2.9453425,-2.0377625e-07,-1.4726675,-1.4726675,-1.4726615,-1.4726615,2.9453044,9.719504,0.6455091228690754
4.0,0.02267020242007395,-2.9453425,-1.857898e-07,-1.4726675,-1.4726675,-1.4726615,-1.4726615,2.9453044,9.719504,0.6457953918662678
4.0,0.02268020242007395,-2.9453425,-2.0377588e-07,-1.4726675,-1.4726675,-1.4726615,-1.4726615,2.9453044,9.719504,0.6460816608634602
4.0,0.02269020242007395,-2.9453425,-1.8579038e-07,-1.4726675,-1.4726675,-1.4726615,-1.4726615,2.9453044,9.719504,0.6463679298606526
4.0,0.022700202420073954,-2.9453425,-2.037755e-07,-1.4726675,-1.4726675,-1.4726615,-1.4726615,2.9453044,9.719504,0.646654198857845
4.0,0.022710202420073954,-2.9453425,-1.8579097e-07,-1.4726675,-1.4726675,-1.4726615,-1.4726615,2.9453044,9.719504,0.6469404678550374
4.0,0.022720202420073953,-2.9453425,-2.0377512e-07,-1.4726675,-1.4726675,-1.4726615,-1.4726615,2.9453044,9.719504,0.6472267368522299
4.0,0.022730202420073953,-2.9453425,-1.8579155e-07,-1.4726675,-1.4726675,-1.4726615,-1.4726615,2.9453044,9.719504,0.6475130058494223
4.0,0.022740202420073952,-2.9453425,-2.0377475e-07,-1.4726675,-1.4726675,-1.4726615,-1.4726615,2.9453044,9.719504,0.6477992748466147
4.0,0.022750202420073952,-2.9453425,-1.857921e-07,-1.4726675,-1.4726675,-1.4726615,-1.4726615,2.9453044,9.719504,0.6480855438438071
4.0,0.02276020242007395,-2.9453425,-2.0377436e-07,-1.4726675,-1.4726675,-1.4726615,-1.4726615,2.9453044,9.719504,0.6483718128409995
4.0,0.02277020242007395,-2.9453425,-1.8579267e-07,-1.4726675,-1.4726675,-1.4726615,-1.4726615,2.9453044,9.719504,0.648658081838192
4.0,0.022780202420073954,-2.9453425,-2.0377398e-07,-1.4726675,-1.4726675,-1.4726615,-1.4726615,2.9453044,9.719504,0.6489443508353844
4.0,0.022790202420073954,-2.9453425,-1.8579323e-07,-1.4726675,-1.4726675,-1.4726615,-1.4726615,2.9453044,9.719504,0.6492306198325768
4.0,0.022800202420073953,-2.9453425,-2.0377361e-07,-1.4726675,-1.4726675,-1.4726615,-1.4726615,2.9453044,9.719504,0.6495168888297692
4.0,0.022810202420073953,-2.9453425,-1.8579378e-07,-1.4726675,-1.4726675,-1.4726615,-1.4726615,2.9453044,9.719504,0.6498031578269616
4.0,0.022820202420073953,-2.9453425,-2.0377323e-07,-1.4726675,-1.4726675,-1.4726615,-1.4726615,2.9453044,9.719504,0.650089426824154
4.0,0.022830202420073952,-2.9453425,-1.8579433e-07,-1.4726675,-1.4726675,-1.4726615,-1.4726615,2.9453044,9.719504,0.6503756958213465
4.0,0.022840202420073952,-2.9453425,-2.0377284e-07,-1.4726675,-1.4726675,-1.4726615,-1.4726615,2.9453044,9.719504,0.6506619648185389
4.0,0.02285020242007395,-2.9453425,-1.8579487e-07,-1.4726675,-1.4726675,-1.4726615,-1.4726615,2.9453044,9.719504,0.6509482338157313
4.0,0.02286020242007395,-2.9453425,-2.0377247e-07,-1.4726675,-1.4726675,-1.4726615,-1.4726615,2.9453044,9.719504,0.6512345028129237
4.0,0.022870202420073954,-2.9453425,-1.8579541e-07,-1.4726675,-1.4726675,-1.4726615,-1.4726615,2.9453044,9.719504,0.6515207718101161
4.0,0.022880202420073954,-2.9453425,-2.0377209e-07,-1.4726675,-1.4726675,-1.4726615,-1.4726615,2.9453044,9.719504,0.6518070408073086
4.0,0.022890202420073953,-2.9453425,-1.8579595e-07,-1.4726675,-1.4726675,-1.4726615,-1.4726615,2.9453044,9.719504,0.652093309804501
4.0,0.022900202420073953,-2.9453425,-2.037717e-07,-1.4726675,-1.4726675,-1.4726615,-1.4726615,2.9453044,9.719504,0.6523795788016934
4.0,0.022910202420073952,-2.9453425,-1.8579648e-07,-1.4726675,-1.4726675,-1.4726615,-1.4726615,2.9453044,9.719504,0.6526658477988858
4.0,0.022920202420073952,-2.9453425,-2.0377134e-07,-1.4726675,-1.4726675,-1.4726615,-1.4726615,2.9453044,9.719504,0.6529521167960782
4.0,0.02293020242007395,-2.9453425,-1.85797e-07,-1.4726675,-1.4726675,-1.4726615,-1.4726615,2.9453044,9.719504,0.6532383857932706
4.0,0.02294020242007395,-2.9453425,-2.0377095e-07,-1.4726675,-1.4726675,-1.4726615,-1.4726615,2.9453044,9.719504,0.6535246547904631
4.0,0.022950202420073954,-2.9453425,-1.8579752e-07,-1.4726675,-1.4726675,-1.4726615,-1.4726615,2.9453044,9.719504,0.6538109237876555
4.0,0.022960202420073954,-2.9453425,-2.0377057e-07,-1.4726675,-1.4726675,-1.4726615,-1.4726615,2.9453044,9.719504,0.6540971927848479
4.0,0.022970202420073953,-2.9453425,-1.8579804e-07,-1.4726675,-1.4726675,-1.4726615,-1.4726615,2.9453044,9.719504,0.6543834617820403
4.0,0.022980202420073953,-2.9453425,-2.037702e-07,-1.4726675,-1.4726675,-1.4726615,-1.4726615,2.9453044,9.719504,0.6546697307792327
4.0,0.022990202420073953,-2.9453425,-1.8579856e-07,-1.4726675,-1.4726675,-1.4726615,-1.4726615,2.9453044,9.719504,0.6549559997764252
4.0,0.023000202420073952,-2.9453425,-2.0376982e-07,-1.4726675,-1.4726675,-1.4726615,-1.4726615,2.9453044,9.719504,0.6552422687736176
4.0,0.023010202420073952,-2.9453425,-1.8579907e-07,-1.4726675,-1.4726675,-1.4726615,-1.4726615,2.9453044,9.719504,0.65552853777081
4.0,0.02302020242007395,-2.9453425,-2.0376943e-07,-1.4726675,-1.4726675,-1.4726615,-1.4726615,2.9453044,9.719504,0.6558148067680024
4.0,0.02303020242007395,-2.9453425,-1.8579956e-07,-1.4726675,-1.4726675,-1.4726615,-1.4726615,2.9453044,9.719504,0.6561010757651948
4.0,0.023040202420073954,-2.9453425,-2.0376906e-07,-1.4726675,-1.4726675,-1.4726615,-1.4726615,2.9453044,9.719504,0.6563873447623872
4.0,0.023050202420073954,-2.9453425,-1.8580006e-07,-1.4726675,-1.4726675,-1.4726615,-1.4726615,2.9453044,9.719504,0.6566736137595797
4.0,0.023060202420073953,-2.9453425,-2.0376868e-07,-1.4726675,-1.4726675,-1.4726615,-1.4726615,2.9453044,9.719504,0.6569598827567721
4.0,0.023070202420073953,-2.9453425,-1.8580056e-07,-1.4726675,-1.4726675,-1.4726615,-1.4726615,2.9453044,9.719504,0.6572461517539645
4.0,0.023080202420073952,-2.9453425,-2.0376831e-07,-1.4726675,-1.4726675,-1.4726615,-1.4726615,2.9453044,9.719504,0.6575324207511569
4.0,0.023090202420073952,-2.9453425,-1.8580106e-07,-1.4726675,-1.4726675,-1.4726615,-1.4726615,2.9453044,9.719504,0.6578186897483493
4.0,0.02310020242007395,-2.9453425,-2.0376793e-07,-1.4726675,-1.4726675,-1.4726615,-1.4726615,2.9453044,9.719504,0.6581049587455418
4.0,0.02311020242007395,-2.9453425,-1.8580154e-07,-1.4726675,-1.4726675,-1.4726615,-1.4726615,2.9453044,9.719504,0.6583912277427342
4.0,0.023120202420073954,-2.9453425,-2.0376756e-07,-1.4726675,-1.4726675,-1.4726615,-1.4726615,2.9453044,9.719504,0.6586774967399266
4.0,0.023130202420073954,-2.9453425,-1.8580202e-07,-1.4726675,-1.4726675,-1.4726615,-1.4726615,2.9453044,9.719504,0.658963765737119
4.0,0.023140202420073953,-2.9453425,-2.0376717e-07,-1.4726675,-1.4726675,-1.4726615,-1.4726615,2.9453044,9.719504,0.6592500347343114
4.0,0.023150202420073953,-2.9453425,-1.858025e-07,-1.4726675,-1.4726675,-1.4726615,-1.4726615,2.9453044,9.719504,0.6595363037315038
4.0,0.023160202420073953,-2.9453425,-2.037668e-07,-1.4726675,-1.4726675,-1.4726615,-1.4726615,2.9453044,9.719504,0.6598225727286963
4.0,0.023170202420073952,-2.9453425,-1.8580299e-07,-1.4726675,-1.4726675,-1.4726615,-1.4726615,2.9453044,9.719504,0.6601088417258887
4.0,0.023180202420073952,-2.9453425,-2.0376643e-07,-1.4726675,-1.4726675,-1.4726615,-1.4726615,2.9453044,9.719504,0.6603951107230811
4.0,0.02319020242007395,-2.9453425,-1.8580346e-07,-1.4726675,-1.4726675,-1.4726615,-1.4726615,2.9453044,9.719504,0.6606813797202735
4.0,0.02320020242007395,-2.9453425,-2.0376605e-07,-1.4726675,-1.4726675,-1.4726615,-1.4726615,2.9453044,9.719504,0.6609676487174659
4.0,0.023210202420073954,-2.9453425,-1.8580393e-07,-1.4726675,-1.4726675,-1.4726615,-1.4726615,2.9453044,9.719504,0.6612539177146584
4.0,0.023220202420073954,-2.9453425,-2.0376568e-07,-1.4726675,-1.4726675,-1.4726615,-1.4726615,2.9453044,9.719504,0.6615401867118508
4.0,0.023230202420073953,-2.9453425,-1.858044e-07,-1.4726675,-1.4726675,-1.4726615,-1.4726615,2.9453044,9.719504,0.6618264557090432
4.0,0.023240202420073953,-2.9453425,-2.0376531e-07,-1.4726675,-1.4726675,-1.4726615,-1.4726615,2.9453044,9.719504,0.6621127247062356
4.0,0.023250202420073952,-2.9453425,-1.8580486e-07,-1.4726675,-1.4726675,-1.4726615,-1.4726615,2.9453044,9.719504,0.662398993703428
4.0,0.023260202420073952,-2.9453425,-2.0376494e-07,-1.4726675,-1.4726675,-1.4726615,-1.4726615,2.9453044,9.719504,0.6626852627006204
4.0,0.02327020242007395,-2.9453425,-1.8580532e-07,-1.4726675,-1.4726675,-1.4726615,-1.4726615,2.9453044,9.719504,0.6629715316978129
4.0,0.02328020242007395,-2.9453425,-2.0376457e-07,-1.4726675,-1.4726675,-1.4726615,-1.4726615,2.9453044,9.719504,0.6632578006950053
4.0,0.023290202420073954,-2.9453425,-1.8580577e-07,-1.4726675,-1.4726675,-1.4726615,-1.4726615,2.9453044,9.719504,0.6635440696921977
4.0,0.023300202420073954,-2.9453425,-2.037642e-07,-1.4726675,-1.4726675,-1.4726615,-1.4726615,2.9453044,9.719504,0.6638303386893901
4.0,0.023310202420073953,-2.9453425,-1.8580623e-07,-1.4726675,-1.4726675,-1.4726615,-1.4726615,2.9453044,9.719504,0.6641166076865825
4.0,0.023320202420073953,-2.9453425,-2.0376383e-07,-1.4726675,-1.4726675,-1.4726615,-1.4726615,2.9453044,9.719504,0.664402876683775
4.0,0.023330202420073953,-2.9453425,-1.8580668e-07,-1.4726675,-1.4726675,-1.4726615,-1.4726615,2.9453044,9.719504,0.6646891456809674
4.0,0.023340202420073952,-2.9453425,-2.0376346e-07,-1.4726675,-1.4726675,-1.4726615,-1.4726615,2.9453044,9.719504,0.6649754146781598
4.0,0.023350202420073952,-2.9453425,-1.8580714e-07,-1.4726675,-1.4726675,-1.4726615,-1.4726615,2.9453044,9.719504,0.6652616836753522
4.0,0.02336020242007395,-2.9453425,-2.037631e-07,-1.4726675,-1.4726675,-1.4726615,-1.4726615,2.9453044,9.719504,0.6655479526725446
4.0,0.02337020242007395,-2.9453425,-1.8580758e-07,-1.4726675,-1.4726675,-1.4726615,-1.4726615,2.9453044,9.719504,0.665834221669737
4.0,0.023380202420073954,-2.9453425,-2.0376272e-07,-1.4726675,-1.4726675,-1.4726615,-1.4726615,2.9453044,9.719504,0.6661204906669295
4.0,0.023390202420073954,-2.9453425,-1.8580802e-07,-1.4726675,-1.4726675,-1.4726615,-1.4726615,2.9453044,9.719504,0.6664067596641219
4.0,0.023400202420073953,-2.9453425,-2.0376235e-07,-1.4726675,-1.4726675,-1.4726615,-1.4726615,2.9453044,9.719504,0.6666930286613143
4.0,0.023410202420073953,-2.9453425,-1.8580846e-07,-1.4726675,-1.4726675,-1.4726615,-1.4726615,2.9453044,9.719504,0.6669792976585067
4.0,0.023420202420073952,-2.9453425,-2.0376199e-07,-1.4726675,-1.4726675,-1.4726615,-1.4726615,2.9453044,9.719504,0.6672655666556991
4.0,0.023430202420073952,-2.9453425,-1.8580889e-07,-1.4726675,-1.4726675,-1.4726615,-1.4726615,2.9453044,9.719504,0.6675518356528916
4.0,0.02344020242007395,-2.9453425,-2.0376163e-07,-1.4726675,-1.4726675,-1.4726615,-1.4726615,2.9453044,9.719504,0.667838104650084
4.0,0.02345020242007395,-2.9453425,-1.8580933e-07,-1.4726675,-1.4726675,-1.4726615,-1.4726615,2.9453044,9.719504,0.6681243736472764
4.0,0.02346020242007395,-2.9453425,-2.0376126e-07,-1.4726675,-1.4726675,-1.4726615,-1.4726615,2.9453044,9.719504,0.6684106426444688
4.0,0.023470202420073954,-2.9453425,-1.8580975e-07,-1.4726675,-1.4726675,-1.4726615,-1.4726615,2.9453044,9.719504,0.6686969116416612
4.0,0.023480202420073953,-2.9453425,-2.0376089e-07,-1.4726675,-1.4726675,-1.4726615,-1.4726615,2.9453044,9.719504,0.6689831806388536
4.0,0.023490202420073953,-2.9453425,-1.8581018e-07,-1.4726675,-1.4726675,-1.4726615,-1.4726615,2.9453044,9.719504,0.6692694496360461
4.0,0.023500202420073953,-2.9453425,-2.0376054e-07,-1.4726675,-1.4726675,-1.4726615,-1.4726615,2.9453044,9.719504,0.6695557186332385
4.0,0.023510202420073952,-2.9453425,-1.858106e-07,-1.4726675,-1.4726675,-1.4726615,-1.4726615,2.9453044,9.719504,0.6698419876304309
4.0,0.023520202420073952,-2.9453425,-2.0376017e-07,-1.4726675,-1.4726675,-1.4726615,-1.4726615,2.9453044,9.719504,0.6701282566276233
4.0,0.02353020242007395,-2.9453425,-1.8581103e-07,-1.4726675,-1.4726675,-1.4726615,-1.4726615,2.9453044,9.719504,0.6704145256248157
4.0,0.02354020242007395,-2.9453425,-2.0375981e-07,-1.4726675,-1.4726675,-1.4726615,-1.4726615,2.9453044,9.719504,0.6707007946220082
4.0,0.023550202420073954,-2.9453425,-1.8581144e-07,-1.4726675,-1.4726675,-1.4726615,-1.4726615,2.9453044,9.719504,0.6709870636192006
4.0,0.023560202420073954,-2.9453425,-2.0375946e-07,-1.4726675,-1.4726675,-1.4726615,-1.4726615,2.9453044,9.719504,0.671273332616393
4.0,0.023570202420073953,-2.9453425,-1.8581187e-07,-1.4726675,-1.4726675,-1.4726615,-1.4726615,2.9453044,9.719504,0.6715596016135854
4.0,0.023580202420073953,-2.9453425,-2.0375909e-07,-1.4726675,-1.4726675,-1.4726615,-1.4726615,2.9453044,9.719504,0.6718458706107778
4.0,0.023590202420073952,-2.9453425,-1.8581228e-07,-1.4726675,-1.4726675,-1.4726615,-1.4726615,2.9453044,9.719504,0.6721321396079702
4.0,0.023600202420073952,-2.9453425,-2.0375873e-07,-1.4726675,-1.4726675,-1.4726615,-1.4726615,2.9453044,9.719504,0.6724184086051627
4.0,0.02361020242007395,-2.9453425,-1.858127e-07,-1.4726675,-1.4726675,-1.4726615,-1.4726615,2.9453044,9.719504,0.6727046776023551
4.0,0.02362020242007395,-2.9453425,-2.0375838e-07,-1.4726675,-1.4726675,-1.4726615,-1.4726615,2.9453044,9.719504,0.6729909465995475
4.0,0.02363020242007395,-2.9453425,-1.8581311e-07,-1.4726675,-1.4726675,-1.4726615,-1.4726615,2.9453044,9.719504,0.6732772155967399
4.0,0.023640202420073954,-2.9453425,-2.0375802e-07,-1.4726675,-1.4726675,-1.4726615,-1.4726615,2.9453044,9.719504,0.6735634845939323
4.0,0.023650202420073953,-2.9453425,-1.858135e-07,-1.4726675,-1.4726675,-1.4726615,-1.4726615,2.9453044,9.719504,0.6738497535911248
4.0,0.023660202420073953,-2.9453425,-2.0375766e-07,-1.4726675,-1.4726675,-1.4726615,-1.4726615,2.9453044,9.719504,0.6741360225883172
4.0,0.023670202420073953,-2.9453425,-1.8581392e-07,-1.4726675,-1.4726675,-1.4726615,-1.4726615,2.9453044,9.719504,0.6744222915855096
4.0,0.023680202420073952,-2.9453425,-2.0375731e-07,-1.4726675,-1.4726675,-1.4726615,-1.4726615,2.9453044,9.719504,0.674708560582702
4.0,0.023690202420073952,-2.9453425,-1.8581432e-07,-1.4726675,-1.4726675,-1.4726615,-1.4726615,2.9453044,9.719504,0.6749948295798944
4.0,0.02370020242007395,-2.9453425,-2.0375695e-07,-1.4726675,-1.4726675,-1.4726615,-1.4726615,2.9453044,9.719504,0.6752810985770868
4.0,0.02371020242007395,-2.9453425,-1.8581471e-07,-1.4726675,-1.4726675,-1.4726615,-1.4726615,2.9453044,9.719504,0.6755673675742793
4.0,0.023720202420073954,-2.9453425,-2.037566e-07,-1.4726675,-1.4726675,-1.4726615,-1.4726615,2.9453044,9.719504,0.6758536365714717
4.0,0.023730202420073954,-2.9453425,-1.8581511e-07,-1.4726675,-1.4726675,-1.4726615,-1.4726615,2.9453044,9.719504,0.6761399055686641
4.0,0.023740202420073953,-2.9453425,-2.0375626e-07,-1.4726675,-1.4726675,-1.4726615,-1.4726615,2.9453044,9.719504,0.6764261745658565
4.0,0.023750202420073953,-2.9453425,-1.8581551e-07,-1.4726675,-1.4726675,-1.4726615,-1.4726615,2.9453044,9.719504,0.6767124435630489
4.0,0.023760202420073952,-2.9453425,-2.037559e-07,-1.4726675,-1.4726675,-1.4726615,-1.4726615,2.9453044,9.719504,0.6769987125602414
4.0,0.023770202420073952,-2.9453425,-1.858159e-07,-1.4726675,-1.4726675,-1.4726615,-1.4726615,2.9453044,9.719504,0.6772849815574338
4.0,0.02378020242007395,-2.9453425,-2.0375555e-07,-1.4726675,-1.4726675,-1.4726615,-1.4726615,2.9453044,9.719504,0.6775712505546262
4.0,0.02379020242007395,-2.9453425,-1.8581629e-07,-1.4726675,-1.4726675,-1.4726615,-1.4726615,2.9453044,9.719504,0.6778575195518186
4.0,0.02380020242007395,-2.9453425,-2.037552e-07,-1.4726675,-1.4726675,-1.4726615,-1.4726615,2.9453044,9.719504,0.678143788549011
4.0,0.023810202420073954,-2.9453425,-1.8581669e-07,-1.4726675,-1.4726675,-1.4726615,-1.4726615,2.9453044,9.719504,0.6784300575462034
4.0,0.023820202420073953,-2.9453425,-2.0375485e-07,-1.4726675,-1.4726675,-1.4726615,-1.4726615,2.9453044,9.719504,0.6787163265433959
4.0,0.023830202420073953,-2.9453425,-1.8581707e-07,-1.4726675,-1.4726675,-1.4726615,-1.4726615,2.9453044,9.719504,0.6790025955405883
4.0,0.023840202420073953,-2.9453425,-2.0375451e-07,-1.4726675,-1.4726675,-1.4726615,-1.4726615,2.9453044,9.719504,0.6792888645377807
4.0,0.023850202420073952,-2.9453425,-1.8581746e-07,-1.4726675,-1.4726675,-1.4726615,-1.4726615,2.9453044,9.719504,0.6795751335349731
4.0,0.023860202420073952,-2.9453425,-2.0375417e-07,-1.4726675,-1.4726675,-1.4726615,-1.4726615,2.9453044,9.719504,0.6798614025321655
4.0,0.02387020242007395,-2.9453425,-1.8581784e-07,-1.4726675,-1.4726675,-1.4726615,-1.4726615,2.9453044,9.719504,0.680147671529358
4.0,0.02388020242007395,-2.9453425,-2.0375383e-07,-1.4726675,-1.4726675,-1.4726615,-1.4726615,2.9453044,9.719504,0.6804339405265504
4.0,0.023890202420073954,-2.9453425,-1.8581821e-07,-1.4726675,-1.4726675,-1.4726615,-1.4726615,2.9453044,9.719504,0.6807202095237428
4.0,0.023900202420073954,-2.9453425,-2.0375347e-07,-1.4726675,-1.4726675,-1.4726615,-1.4726615,2.9453044,9.719504,0.6810064785209352
4.0,0.023910202420073953,-2.9453425,-1.8581859e-07,-1.4726675,-1.4726675,-1.4726615,-1.4726615,2.9453044,9.719504,0.6812927475181276
4.0,0.023920202420073953,-2.9453425,-2.0375313e-07,-1.4726675,-1.4726675,-1.4726615,-1.4726615,2.9453044,9.719504,0.68157901651532
4.0,0.023930202420073952,-2.9453425,-1.8581896e-07,-1.4726675,-1.4726675,-1.4726615,-1.4726615,2.9453044,9.719504,0.6818652855125125
4.0,0.023940202420073952,-2.9453425,-2.0375279e-07,-1.4726675,-1.4726675,-1.4726615,-1.4726615,2.9453044,9.719504,0.6821515545097049
4.0,0.02395020242007395,-2.9453425,-1.8581935e-07,-1.4726675,-1.4726675,-1.4726615,-1.4726615,2.9453044,9.719504,0.6824378235068973
4.0,0.02396020242007395,-2.9453425,-2.0375245e-07,-1.4726675,-1.4726675,-1.4726615,-1.4726615,2.9453044,9.719504,0.6827240925040897
4.0,0.02397020242007395,-2.9453425,-1.8581972e-07,-1.4726675,-1.4726675,-1.4726615,-1.4726615,2.9453044,9.719504,0.6830103615012821
4.0,0.023980202420073954,-2.9453425,-2.0375211e-07,-1.4726675,-1.4726675,-1.4726615,-1.4726615,2.9453044,9.719504,0.6832966304984746
4.0,0.023990202420073953,-2.9453425,-1.8582008e-07,-1.4726675,-1.4726675,-1.4726615,-1.4726615,2.9453044,9.719504,0.683582899495667
4.0,0.024000202420073953,-2.9453425,-2.0375178e-07,-1.4726675,-1.4726675,-1.4726615,-1.4726615,2.9453044,9.719504,0.6838691684928594
4.0,0.024010202420073953,-2.9453425,-1.8582045e-07,-1.4726675,-1.4726675,-1.4726615,-1.4726615,2.9453044,9.719504,0.6841554374900518
4.0,0.024020202420073952,-2.9453425,-2.0375144e-07,-1.4726675,-1.4726675,-1.4726615,-1.4726615,2.9453044,9.719504,0.6844417064872442
4.0,0.024030202420073952,-2.9453425,-1.8582082e-07,-1.4726675,-1.4726675,-1.4726615,-1.4726615,2.9453044,9.719504,0.6847279754844366
4.0,0.02404020242007395,-2.9453425,-2.037511e-07,-1.4726675,-1.4726675,-1.4726615,-1.4726615,2.9453044,9.719504,0.6850142444816291
4.0,0.02405020242007395,-2.9453425,-1.8582118e-07,-1.4726675,-1.4726675,-1.4726615,-1.4726615,2.9453044,9.719504,0.6853005134788215
4.0,0.024060202420073954,-2.9453425,-2.0375076e-07,-1.4726675,-1.4726675,-1.4726615,-1.4726615,2.9453044,9.719504,0.6855867824760139
4.0,0.024070202420073954,-2.9453425,-1.8582155e-07,-1.4726675,-1.4726675,-1.4726615,-1.4726615,2.9453044,9.719504,0.6858730514732063
4.0,0.024080202420073953,-2.9453425,-2.0375043e-07,-1.4726675,-1.4726675,-1.4726615,-1.4726615,2.9453044,9.719504,0.6861593204703987
4.0,0.024090202420073953,-2.9453425,-1.858219e-07,-1.4726675,-1.4726675,-1.4726615,-1.4726615,2.9453044,9.719504,0.6864455894675912
4.0,0.024100202420073952,-2.9453425,-2.0375009e-07,-1.4726675,-1.4726675,-1.4726615,-1.4726615,2.9453044,9.719504,0.6867318584647836
4.0,0.024110202420073952,-2.9453425,-1.8582227e-07,-1.4726675,-1.4726675,-1.4726615,-1.4726615,2.9453044,9.719504,0.687018127461976
4.0,0.02412020242007395,-2.9453425,-2.0374976e-07,-1.4726675,-1.4726675,-1.4726615,-1.4726615,2.9453044,9.719504,0.6873043964591684
4.0,0.02413020242007395,-2.9453425,-1.8582263e-07,-1.4726675,-1.4726675,-1.4726615,-1.4726615,2.9453044,9.719504,0.6875906654563608
4.0,0.02414020242007395,-2.9453425,-2.0374944e-07,-1.4726675,-1.4726675,-1.4726615,-1.4726615,2.9453044,9.719504,0.6878769344535532
4.0,0.024150202420073954,-2.9453425,-1.8582298e-07,-1.4726675,-1.4726675,-1.4726615,-1.4726615,2.9453044,9.719504,0.6881632034507457
4.0,0.024160202420073953,-2.9453425,-2.037491e-07,-1.4726675,-1.4726675,-1.4726615,-1.4726615,2.9453044,9.719504,0.6884494724479381
4.0,0.024170202420073953,-2.9453425,-1.8582334e-07,-1.4726675,-1.4726675,-1.4726615,-1.4726615,2.9453044,9.719504,0.6887357414451305
4.0,0.024180202420073953,-2.9453425,-2.0374877e-07,-1.4726675,-1.4726675,-1.4726615,-1.4726615,2.9453044,9.719504,0.6890220104423229
4.0,0.024190202420073952,-2.9453425,-1.8582368e-07,-1.4726675,-1.4726675,-1.4726615,-1.4726615,2.9453044,9.719504,0.6893082794395153
4.0,0.024200202420073952,-2.9453425,-2.0374844e-07,-1.4726675,-1.4726675,-1.4726615,-1.4726615,2.9453044,9.719504,0.6895945484367078
4.0,0.02421020242007395,-2.9453425,-1.8582404e-07,-1.4726675,-1.4726675,-1.4726615,-1.4726615,2.9453044,9.719504,0.6898808174339002
4.0,0.02422020242007395,-2.9453425,-2.0374812e-07,-1.4726675,-1.4726675,-1.4726615,-1.4726615,2.9453044,9.719504,0.6901670864310926
4.0,0.024230202420073954,-2.9453425,-1.8582439e-07,-1.4726675,-1.4726675,-1.4726615,-1.4726615,2.9453044,9.719504,0.690453355428285
4.0,0.024240202420073954,-2.9453425,-2.0374779e-07,-1.4726675,-1.4726675,-1.4726615,-1.4726615,2.9453044,9.719504,0.6907396244254774
4.0,0.024250202420073953,-2.9453425,-1.8582473e-07,-1.4726675,-1.4726675,-1.4726615,-1.4726615,2.9453044,9.719504,0.6910258934226698
4.0,0.024260202420073953,-2.9453425,-2.0374746e-07,-1.4726675,-1.4726675,-1.4726615,-1.4726615,2.9453044,9.719504,0.6913121624198623
4.0,0.024270202420073952,-2.9453425,-1.8582507e-07,-1.4726675,-1.4726675,-1.4726615,-1.4726615,2.9453044,9.719504,0.6915984314170547
4.0,0.024280202420073952,-2.9453425,-2.0374713e-07,-1.4726675,-1.4726675,-1.4726615,-1.4726615,2.9453044,9.719504,0.6918847004142471
4.0,0.02429020242007395,-2.9453425,-1.8582543e-07,-1.4726675,-1.4726675,-1.4726615,-1.4726615,2.9453044,9.719504,0.6921709694114395
4.0,0.02430020242007395,-2.9453425,-2.0374682e-07,-1.4726675,-1.4726675,-1.4726615,-1.4726615,2.9453044,9.719504,0.6924572384086319
4.0,0.02431020242007395,-2.9453425,-1.8582577e-07,-1.4726675,-1.4726675,-1.4726615,-1.4726615,2.9453044,9.719504,0.6927435074058244
4.0,0.024320202420073954,-2.9453425,-2.037465e-07,-1.4726675,-1.4726675,-1.4726615,-1.4726615,2.9453044,9.719504,0.6930297764030168
4.0,0.024330202420073953,-2.9453425,-1.8582611e-07,-1.4726675,-1.4726675,-1.4726615,-1.4726615,2.9453044,9.719504,0.6933160454002092
4.0,0.024340202420073953,-2.9453425,-2.0374617e-07,-1.4726675,-1.4726675,-1.4726615,-1.4726615,2.9453044,9.719504,0.6936023143974016
4.0,0.024350202420073953,-2.9453425,-1.8582645e-07,-1.4726675,-1.4726675,-1.4726615,-1.4726615,2.9453044,9.719504,0.693888583394594
4.0,0.024360202420073952,-2.9453425,-2.0374586e-07,-1.4726675,-1.4726675,-1.4726615,-1.4726615,2.9453044,9.719504,0.6941748523917864
4.0,0.024370202420073952,-2.9453425,-1.8582678e-07,-1.4726675,-1.4726675,-1.4726615,-1.4726615,2.9453044,9.719504,0.6944611213889789
4.0,0.02438020242007395,-2.9453425,-2.0374553e-07,-1.4726675,-1.4726675,-1.4726615,-1.4726615,2.9453044,9.719504,0.6947473903861713
4.0,0.02439020242007395,-2.9453425,-1.8582712e-07,-1.4726675,-1.4726675,-1.4726615,-1.4726615,2.9453044,9.719504,0.6950336593833637
4.0,0.024400202420073954,-2.9453425,-2.0374522e-07,-1.4726675,-1.4726675,-1.4726615,-1.4726615,2.9453044,9.719504,0.6953199283805561
4.0,0.024410202420073954,-2.9453425,-1.8582746e-07,-1.4726675,-1.4726675,-1.4726615,-1.4726615,2.9453044,9.719504,0.6956061973777485
4.0,0.024420202420073953,-2.9453425,-2.037449e-07,-1.4726675,-1.4726675,-1.4726615,-1.4726615,2.9453044,9.719504,0.695892466374941
4.0,0.024430202420073953,-2.9453425,-1.8582779e-07,-1.4726675,-1.4726675,-1.4726615,-1.4726615,2.9453044,9.719504,0.6961787353721334
4.0,0.024440202420073952,-2.9453425,-2.0374458e-07,-1.4726675,-1.4726675,-1.4726615,-1.4726615,2.9453044,9.719504,0.6964650043693258
4.0,0.024450202420073952,-2.9453425,-1.8582811e-07,-1.4726675,-1.4726675,-1.4726615,-1.4726615,2.9453044,9.719504,0.6967512733665182
4.0,0.02446020242007395,-2.9453425,-2.0374426e-07,-1.4726675,-1.4726675,-1.4726615,-1.4726615,2.9453044,9.719504,0.6970375423637106
4.0,0.02447020242007395,-2.9453425,-1.8582845e-07,-1.4726675,-1.4726675,-1.4726615,-1.4726615,2.9453044,9.719504,0.697323811360903
4.0,0.02448020242007395,-2.9453425,-2.0374395e-07,-1.4726675,-1.4726675,-1.4726615,-1.4726615,2.9453044,9.719504,0.6976100803580955
4.0,0.024490202420073954,-2.9453425,-1.8582878e-07,-1.4726675,-1.4726675,-1.4726615,-1.4726615,2.9453044,9.719504,0.6978963493552879
4.0,0.024500202420073953,-2.9453425,-2.0374364e-07,-1.4726675,-1.4726675,-1.4726615,-1.4726615,2.9453044,9.719504,0.6981826183524803
4.0,0.024510202420073953,-2.9453425,-1.8582911e-07,-1.4726675,-1.4726675,-1.4726615,-1.4726615,2.9453044,9.719504,0.6984688873496727
4.0,0.024520202420073953,-2.9453425,-2.0374333e-07,-1.4726675,-1.4726675,-1.4726615,-1.4726615,2.9453044,9.719504,0.6987551563468651
4.0,0.024530202420073952,-2.9453425,-1.8582944e-07,-1.4726675,-1.4726675,-1.4726615,-1.4726615,2.9453044,9.719504,0.6990414253440576
4.0,0.024540202420073952,-2.9453425,-2.0374301e-07,-1.4726675,-1.4726675,-1.4726615,-1.4726615,2.9453044,9.719504,0.69932769434125
4.0,0.02455020242007395,-2.9453425,-1.8582976e-07,-1.4726675,-1.4726675,-1.4726615,-1.4726615,2.9453044,9.719504,0.6996139633384424
4.0,0.02456020242007395,-2.9453425,-2.037427e-07,-1.4726675,-1.4726675,-1.4726615,-1.4726615,2.9453044,9.719504,0.6999002323356348
4.0,0.024570202420073954,-2.9453425,-1.8583007e-07,-1.4726675,-1.4726675,-1.4726615,-1.4726615,2.9453044,9.719504,0.7001865013328272
4.0,0.024580202420073954,-2.9453425,-2.0374239e-07,-1.4726675,-1.4726675,-1.4726615,-1.4726615,2.9453044,9.719504,0.7004727703300196
4.0,0.024590202420073953,-2.9453425,-1.858304e-07,-1.4726675,-1.4726675,-1.4726615,-1.4726615,2.9453044,9.719504,0.7007590393272121
4.0,0.024600202420073953,-2.9453425,-2.0374209e-07,-1.4726675,-1.4726675,-1.4726615,-1.4726615,2.9453044,9.719504,0.7010453083244045
4.0,0.024610202420073952,-2.9453425,-1.8583073e-07,-1.4726675,-1.4726675,-1.4726615,-1.4726615,2.9453044,9.719504,0.7013315773215969
4.0,0.024620202420073952,-2.9453425,-2.0374178e-07,-1.4726675,-1.4726675,-1.4726615,-1.4726615,2.9453044,9.719504,0.7016178463187893
4.0,0.02463020242007395,-2.9453425,-1.8583104e-07,-1.4726675,-1.4726675,-1.4726615,-1.4726615,2.9453044,9.719504,0.7019041153159817
4.0,0.02464020242007395,-2.9453425,-2.0374146e-07,-1.4726675,-1.4726675,-1.4726615,-1.4726615,2.9453044,9.719504,0.7021903843131742
4.0,0.02465020242007395,-2.9453425,-1.8583137e-07,-1.4726675,-1.4726675,-1.4726615,-1.4726615,2.9453044,9.719504,0.7024766533103666
4.0,0.024660202420073954,-2.9453425,-2.0374117e-07,-1.4726675,-1.4726675,-1.4726615,-1.4726615,2.9453044,9.719504,0.702762922307559
4.0,0.024670202420073954,-2.9453425,-1.8583168e-07,-1.4726675,-1.4726675,-1.4726615,-1.4726615,2.9453044,9.719504,0.7030491913047514
4.0,0.024680202420073953,-2.9453425,-2.0374085e-07,-1.4726675,-1.4726675,-1.4726615,-1.4726615,2.9453044,9.719504,0.7033354603019438
4.0,0.024690202420073953,-2.9453425,-1.85832e-07,-1.4726675,-1.4726675,-1.4726615,-1.4726615,2.9453044,9.719504,0.7036217292991362
4.0,0.024700202420073952,-2.9453425,-2.0374056e-07,-1.4726675,-1.4726675,-1.4726615,-1.4726615,2.9453044,9.719504,0.7039079982963287
4.0,0.024710202420073952,-2.9453425,-1.858323e-07,-1.4726675,-1.4726675,-1.4726615,-1.4726615,2.9453044,9.719504,0.7041942672935211
4.0,0.02472020242007395,-2.9453425,-2.0374026e-07,-1.4726675,-1.4726675,-1.4726615,-1.4726615,2.9453044,9.719504,0.7044805362907135
4.0,0.02473020242007395,-2.9453425,-1.8583262e-07,-1.4726675,-1.4726675,-1.4726615,-1.4726615,2.9453044,9.719504,0.7047668052879059
4.0,0.02474020242007395,-2.9453425,-2.0373994e-07,-1.4726675,-1.4726675,-1.4726615,-1.4726615,2.9453044,9.719504,0.7050530742850983
4.0,0.024750202420073954,-2.9453425,-1.8583293e-07,-1.4726675,-1.4726675,-1.4726615,-1.4726615,2.9453044,9.719504,0.7053393432822908
4.0,0.024760202420073953,-2.9453425,-2.0373965e-07,-1.4726675,-1.4726675,-1.4726615,-1.4726615,2.9453044,9.719504,0.7056256122794832
4.0,0.024770202420073953,-2.9453425,-1.8583324e-07,-1.4726675,-1.4726675,-1.4726615,-1.4726615,2.9453044,9.719504,0.7059118812766756
4.0,0.024780202420073952,-2.9453425,-2.0373935e-07,-1.4726675,-1.4726675,-1.4726615,-1.4726615,2.9453044,9.719504,0.706198150273868
4.0,0.024790202420073952,-2.9453425,-1.8583356e-07,-1.4726675,-1.4726675,-1.4726615,-1.4726615,2.9453044,9.719504,0.7064844192710604
4.0,0.02480020242007395,-2.9453425,-2.0373905e-07,-1.4726675,-1.4726675,-1.4726615,-1.4726615,2.9453044,9.719504,0.7067706882682528
4.0,0.02481020242007395,-2.9453425,-1.8583385e-07,-1.4726675,-1.4726675,-1.4726615,-1.4726615,2.9453044,9.719504,0.7070569572654453
4.0,0.02482020242007395,-2.9453425,-2.0373875e-07,-1.4726675,-1.4726675,-1.4726615,-1.4726615,2.9453044,9.719504,0.7073432262626377
4.0,0.024830202420073954,-2.9453425,-1.8583417e-07,-1.4726675,-1.4726675,-1.4726615,-1.4726615,2.9453044,9.719504,0.7076294952598301
4.0,0.024840202420073954,-2.9453425,-2.0373845e-07,-1.4726675,-1.4726675,-1.4726615,-1.4726615,2.9453044,9.719504,0.7079157642570225
4.0,0.024850202420073953,-2.9453425,-1.8583448e-07,-1.4726675,-1.4726675,-1.4726615,-1.4726615,2.9453044,9.719504,0.7082020332542149
4.0,0.024860202420073953,-2.9453425,-2.0373815e-07,-1.4726675,-1.4726675,-1.4726615,-1.4726615,2.9453044,9.719504,0.7084883022514074
4.0,0.024870202420073952,-2.9453425,-1.8583478e-07,-1.4726675,-1.4726675,-1.4726615,-1.4726615,2.9453044,9.719504,0.7087745712485998
4.0,0.024880202420073952,-2.9453425,-2.0373786e-07,-1.4726675,-1.4726675,-1.4726615,-1.4726615,2.9453044,9.719504,0.7090608402457922
4.0,0.02489020242007395,-2.9453425,-1.8583508e-07,-1.4726675,-1.4726675,-1.4726615,-1.4726615,2.9453044,9.719504,0.7093471092429846
4.0,0.02490020242007395,-2.9453425,-2.0373757e-07,-1.4726675,-1.4726675,-1.4726615,-1.4726615,2.9453044,9.719504,0.709633378240177
4.0,0.02491020242007395,-2.9453425,-1.8583539e-07,-1.4726675,-1.4726675,-1.4726615,-1.4726615,2.9453044,9.719504,0.7099196472373694
4.0,0.024920202420073954,-2.9453425,-2.0373727e-07,-1.4726675,-1.4726675,-1.4726615,-1.4726615,2.9453044,9.719504,0.7102059162345619
4.0,0.024930202420073953,-2.9453425,-1.8583569e-07,-1.4726675,-1.4726675,-1.4726615,-1.4726615,2.9453044,9.719504,0.7104921852317543
4.0,0.024940202420073953,-2.9453425,-2.0373697e-07,-1.4726675,-1.4726675,-1.4726615,-1.4726615,2.9453044,9.719504,0.7107784542289467
4.0,0.024950202420073953,-2.9453425,-1.8583599e-07,-1.4726675,-1.4726675,-1.4726615,-1.4726615,2.9453044,9.719504,0.7110647232261391
4.0,0.024960202420073952,-2.9453425,-2.0373669e-07,-1.4726675,-1.4726675,-1.4726615,-1.4726615,2.9453044,9.719504,0.7113509922233315
4.0,0.02497020242007395,-2.9453425,-1.8583629e-07,-1.4726675,-1.4726675,-1.4726615,-1.4726615,2.9453044,9.719504,0.711637261220524
4.0,0.02498020242007395,-2.9453425,-2.0373639e-07,-1.4726675,-1.4726675,-1.4726615,-1.4726615,2.9453044,9.719504,0.7119235302177164
4.0,0.02499020242007395,-2.9453425,-1.8583658e-07,-1.4726675,-1.4726675,-1.4726615,-1.4726615,2.9453044,9.719504,0.7122097992149088
4.0,0.025000202420073954,-2.9453425,-2.037361e-07,-1.4726675,-1.4726675,-1.4726615,-1.4726615,2.9453044,9.719504,0.7124960682121012
4.0,0.025010202420073954,-2.9453425,-1.8583688e-07,-1.4726675,-1.4726675,-1.4726615,-1.4726615,2.9453044,9.719504,0.7127823372092936
4.0,0.025020202420073953,-2.9453425,-2.0373581e-07,-1.4726675,-1.4726675,-1.4726615,-1.4726615,2.9453044,9.719504,0.713068606206486
4.0,0.025030202420073953,-2.9453425,-1.8583718e-07,-1.4726675,-1.4726675,-1.4726615,-1.4726615,2.9453044,9.719504,0.7133548752036785
4.0,0.025040202420073952,-2.9453425,-2.0373552e-07,-1.4726675,-1.4726675,-1.4726615,-1.4726615,2.9453044,9.719504,0.7136411442008709
4.0,0.025050202420073952,-2.9453425,-1.8583748e-07,-1.4726675,-1.4726675,-1.4726615,-1.4726615,2.9453044,9.719504,0.7139274131980633
4.0,0.02506020242007395,-2.9453425,-2.0373524e-07,-1.4726675,-1.4726675,-1.4726615,-1.4726615,2.9453044,9.719504,0.7142136821952557
4.0,0.02507020242007395,-2.9453425,-1.8583776e-07,-1.4726675,-1.4726675,-1.4726615,-1.4726615,2.9453044,9.719504,0.7144999511924481
4.0,0.02508020242007395,-2.9453425,-2.0373496e-07,-1.4726675,-1.4726675,-1.4726615,-1.4726615,2.9453044,9.719504,0.7147862201896406
4.0,0.025090202420073954,-2.9453425,-1.8583806e-07,-1.4726675,-1.4726675,-1.4726615,-1.4726615,2.9453044,9.719504,0.715072489186833
4.0,0.025100202420073953,-2.9453425,-2.0373466e-07,-1.4726675,-1.4726675,-1.4726615,-1.4726615,2.9453044,9.719504,0.7153587581840254
4.0,0.025110202420073953,-2.9453425,-1.8583835e-07,-1.4726675,-1.4726675,-1.4726615,-1.4726615,2.9453044,9.719504,0.7156450271812178
4.0,0.025120202420073953,-2.9453425,-2.0373437e-07,-1.4726675,-1.4726675,-1.4726615,-1.4726615,2.9453044,9.719504,0.7159312961784102
4.0,0.025130202420073952,-2.9453425,-1.8583864e-07,-1.4726675,-1.4726675,-1.4726615,-1.4726615,2.9453044,9.719504,0.7162175651756026
4.0,0.02514020242007395,-2.9453425,-2.0373409e-07,-1.4726675,-1.4726675,-1.4726615,-1.4726615,2.9453044,9.719504,0.7165038341727951
4.0,0.02515020242007395,-2.9453425,-1.8583893e-07,-1.4726675,-1.4726675,-1.4726615,-1.4726615,2.9453044,9.719504,0.7167901031699875
4.0,0.02516020242007395,-2.9453425,-2.037338e-07,-1.4726675,-1.4726675,-1.4726615,-1.4726615,2.9453044,9.719504,0.7170763721671799
4.0,0.025170202420073954,-2.9453425,-1.8583923e-07,-1.4726675,-1.4726675,-1.4726615,-1.4726615,2.9453044,9.719504,0.7173626411643723
4.0,0.025180202420073954,-2.9453425,-2.0373352e-07,-1.4726675,-1.4726675,-1.4726615,-1.4726615,2.9453044,9.719504,0.7176489101615647
4.0,0.025190202420073953,-2.9453425,-1.8583951e-07,-1.4726675,-1.4726675,-1.4726615,-1.4726615,2.9453044,9.719504,0.7179351791587572
4.0,0.025200202420073953,-2.9453425,-2.0373325e-07,-1.4726675,-1.4726675,-1.4726615,-1.4726615,2.9453044,9.719504,0.7182214481559496
4.0,0.025210202420073952,-2.9453425,-1.858398e-07,-1.4726675,-1.4726675,-1.4726615,-1.4726615,2.9453044,9.719504,0.718507717153142
4.0,0.025220202420073952,-2.9453425,-2.0373297e-07,-1.4726675,-1.4726675,-1.4726615,-1.4726615,2.9453044,9.719504,0.7187939861503344
4.0,0.02523020242007395,-2.9453425,-1.8584008e-07,-1.4726675,-1.4726675,-1.4726615,-1.4726615,2.9453044,9.719504,0.7190802551475268
4.0,0.02524020242007395,-2.9453425,-2.0373268e-07,-1.4726675,-1.4726675,-1.4726615,-1.4726615,2.9453044,9.719504,0.7193665241447192
4.0,0.02525020242007395,-2.9453425,-1.8584036e-07,-1.4726675,-1.4726675,-1.4726615,-1.4726615,2.9453044,9.719504,0.7196527931419117
4.0,0.025260202420073954,-2.9453425,-2.037324e-07,-1.4726675,-1.4726675,-1.4726615,-1.4726615,2.9453044,9.719504,0.7199390621391041
4.0,0.025270202420073953,-2.9453425,-1.8584065e-07,-1.4726675,-1.4726675,-1.4726615,-1.4726615,2.9453044,9.719504,0.7202253311362965
4.0,0.025280202420073953,-2.9453425,-2.0373213e-07,-1.4726675,-1.4726675,-1.4726615,-1.4726615,2.9453044,9.719504,0.7205116001334889
4.0,0.025290202420073953,-2.9453425,-1.8584093e-07,-1.4726675,-1.4726675,-1.4726615,-1.4726615,2.9453044,9.719504,0.7207978691306813
4.0,0.025300202420073952,-2.9453425,-2.0373184e-07,-1.4726675,-1.4726675,-1.4726615,-1.4726615,2.9453044,9.719504,0.7210841381278738
4.0,0.02531020242007395,-2.9453425,-1.8584122e-07,-1.4726675,-1.4726675,-1.4726615,-1.4726615,2.9453044,9.719504,0.7213704071250662
4.0,0.02532020242007395,-2.9453425,-2.0373157e-07,-1.4726675,-1.4726675,-1.4726615,-1.4726615,2.9453044,9.719504,0.7216566761222586
4.0,0.02533020242007395,-2.9453425,-1.858415e-07,-1.4726675,-1.4726675,-1.4726615,-1.4726615,2.9453044,9.719504,0.721942945119451
4.0,0.025340202420073954,-2.9453425,-2.0373129e-07,-1.4726675,-1.4726675,-1.4726615,-1.4726615,2.9453044,9.719504,0.7222292141166434
4.0,0.025350202420073954,-2.9453425,-1.8584178e-07,-1.4726675,-1.4726675,-1.4726615,-1.4726615,2.9453044,9.719504,0.7225154831138358
4.0,0.025360202420073953,-2.9453425,-2.0373102e-07,-1.4726675,-1.4726675,-1.4726615,-1.4726615,2.9453044,9.719504,0.7228017521110283
4.0,0.025370202420073953,-2.9453425,-1.8584205e-07,-1.4726675,-1.4726675,-1.4726615,-1.4726615,2.9453044,9.719504,0.7230880211082207
4.0,0.025380202420073952,-2.9453425,-2.0373074e-07,-1.4726675,-1.4726675,-1.4726615,-1.4726615,2.9453044,9.719504,0.7233742901054131
4.0,0.025390202420073952,-2.9453425,-1.8584234e-07,-1.4726675,-1.4726675,-1.4726615,-1.4726615,2.9453044,9.719504,0.7236605591026055
4.0,0.02540020242007395,-2.9453425,-2.0373047e-07,-1.4726675,-1.4726675,-1.4726615,-1.4726615,2.9453044,9.719504,0.7239468280997979
4.0,0.02541020242007395,-2.9453425,-1.8584261e-07,-1.4726675,-1.4726675,-1.4726615,-1.4726615,2.9453044,9.719504,0.7242330970969904
4.0,0.02542020242007395,-2.9453425,-2.037302e-07,-1.4726675,-1.4726675,-1.4726615,-1.4726615,2.9453044,9.719504,0.7245193660941828
4.0,0.025430202420073954,-2.9453425,-1.858429e-07,-1.4726675,-1.4726675,-1.4726615,-1.4726615,2.9453044,9.719504,0.7248056350913752
4.0,0.025440202420073953,-2.9453425,-2.0372993e-07,-1.4726675,-1.4726675,-1.4726615,-1.4726615,2.9453044,9.719504,0.7250919040885676
4.0,0.025450202420073953,-2.9453425,-1.8584316e-07,-1.4726675,-1.4726675,-1.4726615,-1.4726615,2.9453044,9.719504,0.72537817308576
4.0,0.025460202420073953,-2.9453425,-2.0372966e-07,-1.4726675,-1.4726675,-1.4726615,-1.4726615,2.9453044,9.719504,0.7256644420829524
4.0,0.025470202420073952,-2.9453425,-1.8584345e-07,-1.4726675,-1.4726675,-1.4726615,-1.4726615,2.9453044,9.719504,0.7259507110801449
4.0,0.02548020242007395,-2.9453425,-2.0372937e-07,-1.4726675,-1.4726675,-1.4726615,-1.4726615,2.9453044,9.719504,0.7262369800773373
4.0,0.02549020242007395,-2.9453425,-1.8584372e-07,-1.4726675,-1.4726675,-1.4726615,-1.4726615,2.9453044,9.719504,0.7265232490745297
4.0,0.02550020242007395,-2.9453425,-2.037291e-07,-1.4726675,-1.4726675,-1.4726615,-1.4726615,2.9453044,9.719504,0.7268095180717221
4.0,0.025510202420073954,-2.9453425,-1.8584399e-07,-1.4726675,-1.4726675,-1.4726615,-1.4726615,2.9453044,9.719504,0.7270957870689145
4.0,0.025520202420073954,-2.9453425,-2.0372883e-07,-1.4726675,-1.4726675,-1.4726615,-1.4726615,2.9453044,9.719504,0.727382056066107
4.0,0.025530202420073953,-2.9453425,-1.8584426e-07,-1.4726675,-1.4726675,-1.4726615,-1.4726615,2.9453044,9.719504,0.7276683250632994
4.0,0.025540202420073953,-2.9453425,-2.0372858e-07,-1.4726675,-1.4726675,-1.4726615,-1.4726615,2.9453044,9.719504,0.7279545940604918
4.0,0.025550202420073952,-2.9453425,-1.8584453e-07,-1.4726675,-1.4726675,-1.4726615,-1.4726615,2.9453044,9.719504,0.7282408630576842
4.0,0.025560202420073952,-2.9453425,-2.037283e-07,-1.4726675,-1.4726675,-1.4726615,-1.4726615,2.9453044,9.719504,0.7285271320548766
4.0,0.02557020242007395,-2.9453425,-1.858448e-07,-1.4726675,-1.4726675,-1.4726615,-1.4726615,2.9453044,9.719504,0.728813401052069
4.0,0.02558020242007395,-2.9453425,-2.0372804e-07,-1.4726675,-1.4726675,-1.4726615,-1.4726615,2.9453044,9.719504,0.7290996700492615
4.0,0.02559020242007395,-2.9453425,-1.8584507e-07,-1.4726675,-1.4726675,-1.4726615,-1.4726615,2.9453044,9.719504,0.7293859390464539
4.0,0.025600202420073954,-2.9453425,-2.0372777e-07,-1.4726675,-1.4726675,-1.4726615,-1.4726615,2.9453044,9.719504,0.7296722080436463
4.0,0.025610202420073953,-2.9453425,-1.8584534e-07,-1.4726675,-1.4726675,-1.4726615,-1.4726615,2.9453044,9.719504,0.7299584770408387
4.0,0.025620202420073953,-2.9453425,-2.037275e-07,-1.4726675,-1.4726675,-1.4726615,-1.4726615,2.9453044,9.719504,0.7302447460380311
4.0,0.025630202420073953,-2.9453425,-1.8584561e-07,-1.4726675,-1.4726675,-1.4726615,-1.4726615,2.9453044,9.719504,0.7305310150352236
4.0,0.025640202420073952,-2.9453425,-2.0372724e-07,-1.4726675,-1.4726675,-1.4726615,-1.4726615,2.9453044,9.719504,0.730817284032416
4.0,0.025650202420073952,-2.9453425,-1.8584588e-07,-1.4726675,-1.4726675,-1.4726615,-1.4726615,2.9453044,9.719504,0.7311035530296084
4.0,0.02566020242007395,-2.9453425,-2.0372697e-07,-1.4726675,-1.4726675,-1.4726615,-1.4726615,2.9453044,9.719504,0.7313898220268008
4.0,0.02567020242007395,-2.9453425,-1.8584615e-07,-1.4726675,-1.4726675,-1.4726615,-1.4726615,2.9453044,9.719504,0.7316760910239932
4.0,0.025680202420073954,-2.9453425,-2.0372671e-07,-1.4726675,-1.4726675,-1.4726615,-1.4726615,2.9453044,9.719504,0.7319623600211856
4.0,0.025690202420073954,-2.9453425,-1.8584642e-07,-1.4726675,-1.4726675,-1.4726615,-1.4726615,2.9453044,9.719504,0.7322486290183781
4.0,0.025700202420073953,-2.9453425,-2.0372644e-07,-1.4726675,-1.4726675,-1.4726615,-1.4726615,2.9453044,9.719504,0.7325348980155705
4.0,0.025710202420073953,-2.9453425,-1.8584667e-07,-1.4726675,-1.4726675,-1.4726615,-1.4726615,2.9453044,9.719504,0.7328211670127629
4.0,0.025720202420073952,-2.9453425,-2.0372619e-07,-1.4726675,-1.4726675,-1.4726615,-1.4726615,2.9453044,9.719504,0.7331074360099553
4.0,0.025730202420073952,-2.9453425,-1.8584694e-07,-1.4726675,-1.4726675,-1.4726615,-1.4726615,2.9453044,9.719504,0.7333937050071477
4.0,0.02574020242007395,-2.9453425,-2.0372592e-07,-1.4726675,-1.4726675,-1.4726615,-1.4726615,2.9453044,9.719504,0.7336799740043402
4.0,0.02575020242007395,-2.9453425,-1.858472e-07,-1.4726675,-1.4726675,-1.4726615,-1.4726615,2.9453044,9.719504,0.7339662430015326
4.0,0.02576020242007395,-2.9453425,-2.0372566e-07,-1.4726675,-1.4726675,-1.4726615,-1.4726615,2.9453044,9.719504,0.734252511998725
4.0,0.025770202420073954,-2.9453425,-1.8584747e-07,-1.4726675,-1.4726675,-1.4726615,-1.4726615,2.9453044,9.719504,0.7345387809959174
4.0,0.025780202420073953,-2.9453425,-2.0372539e-07,-1.4726675,-1.4726675,-1.4726615,-1.4726615,2.9453044,9.719504,0.7348250499931098
4.0,0.025790202420073953,-2.9453425,-1.8584772e-07,-1.4726675,-1.4726675,-1.4726615,-1.4726615,2.9453044,9.719504,0.7351113189903022
4.0,0.025800202420073953,-2.9453425,-2.0372514e-07,-1.4726675,-1.4726675,-1.4726615,-1.4726615,2.9453044,9.719504,0.7353975879874947
4.0,0.025810202420073952,-2.9453425,-1.85848e-07,-1.4726675,-1.4726675,-1.4726615,-1.4726615,2.9453044,9.719504,0.7356838569846871
4.0,0.025820202420073952,-2.9453425,-2.0372488e-07,-1.4726675,-1.4726675,-1.4726615,-1.4726615,2.9453044,9.719504,0.7359701259818795
4.0,0.02583020242007395,-2.9453425,-1.8584825e-07,-1.4726675,-1.4726675,-1.4726615,-1.4726615,2.9453044,9.719504,0.7362563949790719
4.0,0.02584020242007395,-2.9453425,-2.0372462e-07,-1.4726675,-1.4726675,-1.4726615,-1.4726615,2.9453044,9.719504,0.7365426639762643
4.0,0.025850202420073954,-2.9453425,-1.8584852e-07,-1.4726675,-1.4726675,-1.4726615,-1.4726615,2.9453044,9.719504,0.7368289329734568
4.0,0.025860202420073954,-2.9453425,-2.0372437e-07,-1.4726675,-1.4726675,-1.4726615,-1.4726615,2.9453044,9.719504,0.7371152019706492
4.0,0.025870202420073953,-2.9453425,-1.8584878e-07,-1.4726675,-1.4726675,-1.4726615,-1.4726615,2.9453044,9.719504,0.7374014709678416
4.0,0.025880202420073953,-2.9453425,-2.0372411e-07,-1.4726675,-1.4726675,-1.4726615,-1.4726615,2.9453044,9.719504,0.737687739965034
4.0,0.025890202420073952,-2.9453425,-1.8584903e-07,-1.4726675,-1.4726675,-1.4726615,-1.4726615,2.9453044,9.719504,0.7379740089622264
4.0,0.025900202420073952,-2.9453425,-2.0372384e-07,-1.4726675,-1.4726675,-1.4726615,-1.4726615,2.9453044,9.719504,0.7382602779594188
4.0,0.02591020242007395,-2.9453425,-1.8584929e-07,-1.4726675,-1.4726675,-1.4726615,-1.4726615,2.9453044,9.719504,0.7385465469566113
4.0,0.02592020242007395,-2.9453425,-2.0372359e-07,-1.4726675,-1.4726675,-1.4726615,-1.4726615,2.9453044,9.719504,0.7388328159538037
4.0,0.02593020242007395,-2.9453425,-1.8584954e-07,-1.4726675,-1.4726675,-1.4726615,-1.4726615,2.9453044,9.719504,0.7391190849509961
4.0,0.025940202420073954,-2.9453425,-2.0372335e-07,-1.4726675,-1.4726675,-1.4726615,-1.4726615,2.9453044,9.719504,0.7394053539481885
4.0,0.025950202420073953,-2.9453425,-1.858498e-07,-1.4726675,-1.4726675,-1.4726615,-1.4726615,2.9453044,9.719504,0.7396916229453809
4.0,0.025960202420073953,-2.9453425,-2.0372309e-07,-1.4726675,-1.4726675,-1.4726615,-1.4726615,2.9453044,9.719504,0.7399778919425734
4.0,0.025970202420073953,-2.9453425,-1.8585006e-07,-1.4726675,-1.4726675,-1.4726615,-1.4726615,2.9453044,9.719504,0.7402641609397658
4.0,0.025980202420073952,-2.9453425,-2.0372283e-07,-1.4726675,-1.4726675,-1.4726615,-1.4726615,2.9453044,9.719504,0.7405504299369582
4.0,0.025990202420073952,-2.9453425,-1.8585031e-07,-1.4726675,-1.4726675,-1.4726615,-1.4726615,2.9453044,9.719504,0.7408366989341506
4.0,0.02600020242007395,-2.9453425,-2.0372258e-07,-1.4726675,-1.4726675,-1.4726615,-1.4726615,2.9453044,9.719504,0.741122967931343
4.0,0.02601020242007395,-2.9453425,-1.8585057e-07,-1.4726675,-1.4726675,-1.4726615,-1.4726615,2.9453044,9.719504,0.7414092369285354
4.0,0.02602020242007395,-2.9453425,-2.0372232e-07,-1.4726675,-1.4726675,-1.4726615,-1.4726615,2.9453044,9.719504,0.7416955059257279
4.0,0.026030202420073954,-2.9453425,-1.8585082e-07,-1.4726675,-1.4726675,-1.4726615,-1.4726615,2.9453044,9.719504,0.7419817749229203
4.0,0.026040202420073953,-2.9453425,-2.0372207e-07,-1.4726675,-1.4726675,-1.4726615,-1.4726615,2.9453044,9.719504,0.7422680439201127
4.0,0.026050202420073953,-2.9453425,-1.8585108e-07,-1.4726675,-1.4726675,-1.4726615,-1.4726615,2.9453044,9.719504,0.7425543129173051
4.0,0.026060202420073952,-2.9453425,-2.0372183e-07,-1.4726675,-1.4726675,-1.4726615,-1.4726615,2.9453044,9.719504,0.7428405819144975
4.0,0.026070202420073952,-2.9453425,-1.8585133e-07,-1.4726675,-1.4726675,-1.4726615,-1.4726615,2.9453044,9.719504,0.74312685091169
4.0,0.02608020242007395,-2.9453425,-2.0372157e-07,-1.4726675,-1.4726675,-1.4726615,-1.4726615,2.9453044,9.719504,0.7434131199088824
4.0,0.02609020242007395,-2.9453425,-1.8585158e-07,-1.4726675,-1.4726675,-1.4726615,-1.4726615,2.9453044,9.719504,0.7436993889060748
4.0,0.02610020242007395,-2.9453425,-2.0372133e-07,-1.4726675,-1.4726675,-1.4726615,-1.4726615,2.9453044,9.719504,0.7439856579032672
4.0,0.026110202420073954,-2.9453425,-1.8585183e-07,-1.4726675,-1.4726675,-1.4726615,-1.4726615,2.9453044,9.719504,0.7442719269004596
4.0,0.026120202420073953,-2.9453425,-2.0372107e-07,-1.4726675,-1.4726675,-1.4726615,-1.4726615,2.9453044,9.719504,0.744558195897652
4.0,0.026130202420073953,-2.9453425,-1.8585209e-07,-1.4726675,-1.4726675,-1.4726615,-1.4726615,2.9453044,9.719504,0.7448444648948445
4.0,0.026140202420073953,-2.9453425,-2.0372082e-07,-1.4726675,-1.4726675,-1.4726615,-1.4726615,2.9453044,9.719504,0.7451307338920369
4.0,0.026150202420073952,-2.9453425,-1.8585233e-07,-1.4726675,-1.4726675,-1.4726615,-1.4726615,2.9453044,9.719504,0.7454170028892293
4.0,0.026160202420073952,-2.9453425,-2.0372057e-07,-1.4726675,-1.4726675,-1.4726615,-1.4726615,2.9453044,9.719504,0.7457032718864217
4.0,0.02617020242007395,-2.9453425,-1.8585258e-07,-1.4726675,-1.4726675,-1.4726615,-1.4726615,2.9453044,9.719504,0.7459895408836141
4.0,0.02618020242007395,-2.9453425,-2.0372033e-07,-1.4726675,-1.4726675,-1.4726615,-1.4726615,2.9453044,9.719504,0.7462758098808066
4.0,0.02619020242007395,-2.9453425,-1.8585283e-07,-1.4726675,-1.4726675,-1.4726615,-1.4726615,2.9453044,9.719504,0.746562078877999
4.0,0.026200202420073954,-2.9453425,-2.0372008e-07,-1.4726675,-1.4726675,-1.4726615,-1.4726615,2.9453044,9.719504,0.7468483478751914
4.0,0.026210202420073953,-2.9453425,-1.8585308e-07,-1.4726675,-1.4726675,-1.4726615,-1.4726615,2.9453044,9.719504,0.7471346168723838
4.0,0.026220202420073953,-2.9453425,-2.0371984e-07,-1.4726675,-1.4726675,-1.4726615,-1.4726615,2.9453044,9.719504,0.7474208858695762
4.0,0.026230202420073952,-2.9453425,-1.8585332e-07,-1.4726675,-1.4726675,-1.4726615,-1.4726615,2.9453044,9.719504,0.7477071548667686
4.0,0.026240202420073952,-2.9453425,-2.037196e-07,-1.4726675,-1.4726675,-1.4726615,-1.4726615,2.9453044,9.719504,0.7479934238639611
4.0,0.02625020242007395,-2.9453425,-1.8585357e-07,-1.4726675,-1.4726675,-1.4726615,-1.4726615,2.9453044,9.719504,0.7482796928611535
4.0,0.02626020242007395,-2.9453425,-2.0371934e-07,-1.4726675,-1.4726675,-1.4726615,-1.4726615,2.9453044,9.719504,0.7485659618583459
4.0,0.02627020242007395,-2.9453425,-1.8585382e-07,-1.4726675,-1.4726675,-1.4726615,-1.4726615,2.9453044,9.719504,0.7488522308555383
4.0,0.026280202420073954,-2.9453425,-2.037191e-07,-1.4726675,-1.4726675,-1.4726615,-1.4726615,2.9453044,9.719504,0.7491384998527307
4.0,0.026290202420073953,-2.9453425,-1.8585406e-07,-1.4726675,-1.4726675,-1.4726615,-1.4726615,2.9453044,9.719504,0.7494247688499232
4.0,0.026300202420073953,-2.9453425,-2.0371886e-07,-1.4726675,-1.4726675,-1.4726615,-1.4726615,2.9453044,9.719504,0.7497110378471156
4.0,0.026310202420073953,-2.9453425,-1.858543e-07,-1.4726675,-1.4726675,-1.4726615,-1.4726615,2.9453044,9.719504,0.749997306844308
4.0,0.026320202420073952,-2.9453425,-2.0371861e-07,-1.4726675,-1.4726675,-1.4726615,-1.4726615,2.9453044,9.719504,0.7502835758415004
4.0,0.026330202420073952,-2.9453425,-1.8585455e-07,-1.4726675,-1.4726675,-1.4726615,-1.4726615,2.9453044,9.719504,0.7505698448386928
4.0,0.02634020242007395,-2.9453425,-2.0371837e-07,-1.4726675,-1.4726675,-1.4726615,-1.4726615,2.9453044,9.719504,0.7508561138358852
4.0,0.02635020242007395,-2.9453425,-1.858548e-07,-1.4726675,-1.4726675,-1.4726615,-1.4726615,2.9453044,9.719504,0.7511423828330777
4.0,0.02636020242007395,-2.9453425,-2.0371813e-07,-1.4726675,-1.4726675,-1.4726615,-1.4726615,2.9453044,9.719504,0.7514286518302701
4.0,0.026370202420073954,-2.9453425,-1.8585504e-07,-1.4726675,-1.4726675,-1.4726615,-1.4726615,2.9453044,9.719504,0.7517149208274625
4.0,0.026380202420073953,-2.9453425,-2.0371789e-07,-1.4726675,-1.4726675,-1.4726615,-1.4726615,2.9453044,9.719504,0.7520011898246549
4.0,0.026390202420073953,-2.9453425,-1.8585528e-07,-1.4726675,-1.4726675,-1.4726615,-1.4726615,2.9453044,9.719504,0.7522874588218473
4.0,0.026400202420073952,-2.9453425,-2.0371765e-07,-1.4726675,-1.4726675,-1.4726615,-1.4726615,2.9453044,9.719504,0.7525737278190398
4.0,0.026410202420073952,-2.9453425,-1.8585553e-07,-1.4726675,-1.4726675,-1.4726615,-1.4726615,2.9453044,9.719504,0.7528599968162322
4.0,0.02642020242007395,-2.9453425,-2.037174e-07,-1.4726675,-1.4726675,-1.4726615,-1.4726615,2.9453044,9.719504,0.7531462658134246
4.0,0.02643020242007395,-2.9453425,-1.8585577e-07,-1.4726675,-1.4726675,-1.4726615,-1.4726615,2.9453044,9.719504,0.753432534810617
4.0,0.02644020242007395,-2.9453425,-2.0371716e-07,-1.4726675,-1.4726675,-1.4726615,-1.4726615,2.9453044,9.719504,0.7537188038078094
4.0,0.026450202420073954,-2.9453425,-1.8585601e-07,-1.4726675,-1.4726675,-1.4726615,-1.4726615,2.9453044,9.719504,0.7540050728050018
4.0,0.026460202420073953,-2.9453425,-2.0371692e-07,-1.4726675,-1.4726675,-1.4726615,-1.4726615,2.9453044,9.719504,0.7542913418021943
4.0,0.026470202420073953,-2.9453425,-1.8585625e-07,-1.4726675,-1.4726675,-1.4726615,-1.4726615,2.9453044,9.719504,0.7545776107993867
4.0,0.026480202420073953,-2.9453425,-2.0371668e-07,-1.4726675,-1.4726675,-1.4726615,-1.4726615,2.9453044,9.719504,0.7548638797965791
4.0,0.026490202420073952,-2.9453425,-1.8585649e-07,-1.4726675,-1.4726675,-1.4726615,-1.4726615,2.9453044,9.719504,0.7551501487937715
4.0,0.026500202420073952,-2.9453425,-2.0371644e-07,-1.4726675,-1.4726675,-1.4726615,-1.4726615,2.9453044,9.719504,0.7554364177909639
4.0,0.02651020242007395,-2.9453425,-1.8585672e-07,-1.4726675,-1.4726675,-1.4726615,-1.4726615,2.9453044,9.719504,0.7557226867881564
4.0,0.02652020242007395,-2.9453425,-2.037162e-07,-1.4726675,-1.4726675,-1.4726615,-1.4726615,2.9453044,9.719504,0.7560089557853488
4.0,0.02653020242007395,-2.9453425,-1.8585696e-07,-1.4726675,-1.4726675,-1.4726615,-1.4726615,2.9453044,9.719504,0.7562952247825412
4.0,0.026540202420073954,-2.9453425,-2.0371597e-07,-1.4726675,-1.4726675,-1.4726615,-1.4726615,2.9453044,9.719504,0.7565814937797336
4.0,0.026550202420073953,-2.9453425,-1.858572e-07,-1.4726675,-1.4726675,-1.4726615,-1.4726615,2.9453044,9.719504,0.756867762776926
4.0,0.026560202420073953,-2.9453425,-2.0371573e-07,-1.4726675,-1.4726675,-1.4726615,-1.4726615,2.9453044,9.719504,0.7571540317741184
4.0,0.026570202420073952,-2.9453425,-1.8585744e-07,-1.4726675,-1.4726675,-1.4726615,-1.4726615,2.9453044,9.719504,0.7574403007713109
4.0,0.026580202420073952,-2.9453425,-2.0371549e-07,-1.4726675,-1.4726675,-1.4726615,-1.4726615,2.9453044,9.719504,0.7577265697685033
4.0,0.02659020242007395,-2.9453425,-1.8585767e-07,-1.4726675,-1.4726675,-1.4726615,-1.4726615,2.9453044,9.719504,0.7580128387656957
4.0,0.02660020242007395,-2.9453425,-2.0371526e-07,-1.4726675,-1.4726675,-1.4726615,-1.4726615,2.9453044,9.719504,0.7582991077628881
4.0,0.02661020242007395,-2.9453425,-1.8585791e-07,-1.4726675,-1.4726675,-1.4726615,-1.4726615,2.9453044,9.719504,0.7585853767600805
4.0,0.026620202420073954,-2.9453425,-2.0371502e-07,-1.4726675,-1.4726675,-1.4726615,-1.4726615,2.9453044,9.719504,0.758871645757273
4.0,0.026630202420073953,-2.9453425,-1.8585816e-07,-1.4726675,-1.4726675,-1.4726615,-1.4726615,2.9453044,9.719504,0.7591579147544654
4.0,0.026640202420073953,-2.9453425,-2.0371479e-07,-1.4726675,-1.4726675,-1.4726615,-1.4726615,2.9453044,9.719504,0.7594441837516578
4.0,0.026650202420073953,-2.9453425,-1.8585838e-07,-1.4726675,-1.4726675,-1.4726615,-1.4726615,2.9453044,9.719504,0.7597304527488502
4.0,0.026660202420073952,-2.9453425,-2.0371455e-07,-1.4726675,-1.4726675,-1.4726615,-1.4726615,2.9453044,9.719504,0.7600167217460426
4.0,0.026670202420073952,-2.9453425,-1.8585862e-07,-1.4726675,-1.4726675,-1.4726615,-1.4726615,2.9453044,9.719504,0.760302990743235
4.0,0.02668020242007395,-2.9453425,-2.0371432e-07,-1.4726675,-1.4726675,-1.4726615,-1.4726615,2.9453044,9.719504,0.7605892597404275
4.0,0.02669020242007395,-2.9453425,-1.8585885e-07,-1.4726675,-1.4726675,-1.4726615,-1.4726615,2.9453044,9.719504,0.7608755287376199
4.0,0.02670020242007395,-2.9453425,-2.0371408e-07,-1.4726675,-1.4726675,-1.4726615,-1.4726615,2.9453044,9.719504,0.7611617977348123
4.0,0.026710202420073954,-2.9453425,-1.858591e-07,-1.4726675,-1.4726675,-1.4726615,-1.4726615,2.9453044,9.719504,0.7614480667320047
4.0,0.026720202420073953,-2.9453425,-2.0371385e-07,-1.4726675,-1.4726675,-1.4726615,-1.4726615,2.9453044,9.719504,0.7617343357291971
4.0,0.026730202420073953,-2.9453425,-1.8585932e-07,-1.4726675,-1.4726675,-1.4726615,-1.4726615,2.9453044,9.719504,0.7620206047263895
4.0,0.026740202420073952,-2.9453425,-2.0371361e-07,-1.4726675,-1.4726675,-1.4726615,-1.4726615,2.9453044,9.719504,0.762306873723582
4.0,0.026750202420073952,-2.9453425,-1.8585955e-07,-1.4726675,-1.4726675,-1.4726615,-1.4726615,2.9453044,9.719504,0.7625931427207744
4.0,0.02676020242007395,-2.9453425,-2.0371338e-07,-1.4726675,-1.4726675,-1.4726615,-1.4726615,2.9453044,9.719504,0.7628794117179668
4.0,0.02677020242007395,-2.9453425,-1.8585979e-07,-1.4726675,-1.4726675,-1.4726615,-1.4726615,2.9453044,9.719504,0.7631656807151592
4.0,0.02678020242007395,-2.9453425,-2.0371316e-07,-1.4726675,-1.4726675,-1.4726615,-1.4726615,2.9453044,9.719504,0.7634519497123516
4.0,0.026790202420073954,-2.9453425,-1.8586002e-07,-1.4726675,-1.4726675,-1.4726615,-1.4726615,2.9453044,9.719504,0.7637382187095441
4.0,0.026800202420073953,-2.9453425,-2.0371293e-07,-1.4726675,-1.4726675,-1.4726615,-1.4726615,2.9453044,9.719504,0.7640244877067365
4.0,0.026810202420073953,-2.9453425,-1.8586024e-07,-1.4726675,-1.4726675,-1.4726615,-1.4726615,2.9453044,9.719504,0.7643107567039289
4.0,0.026820202420073953,-2.9453425,-2.0371269e-07,-1.4726675,-1.4726675,-1.4726615,-1.4726615,2.9453044,9.719504,0.7645970257011213
4.0,0.026830202420073952,-2.9453425,-1.8586049e-07,-1.4726675,-1.4726675,-1.4726615,-1.4726615,2.9453044,9.719504,0.7648832946983137
4.0,0.026840202420073952,-2.9453425,-2.0371246e-07,-1.4726675,-1.4726675,-1.4726615,-1.4726615,2.9453044,9.719504,0.7651695636955061
4.0,0.02685020242007395,-2.9453425,-1.8586071e-07,-1.4726675,-1.4726675,-1.4726615,-1.4726615,2.9453044,9.719504,0.7654558326926986
4.0,0.02686020242007395,-2.9453425,-2.0371223e-07,-1.4726675,-1.4726675,-1.4726615,-1.4726615,2.9453044,9.719504,0.765742101689891
4.0,0.02687020242007395,-2.9453425,-1.8586094e-07,-1.4726675,-1.4726675,-1.4726615,-1.4726615,2.9453044,9.719504,0.7660283706870834
4.0,0.026880202420073954,-2.9453425,-2.03712e-07,-1.4726675,-1.4726675,-1.4726615,-1.4726615,2.9453044,9.719504,0.7663146396842758
4.0,0.026890202420073953,-2.9453425,-1.8586117e-07,-1.4726675,-1.4726675,-1.4726615,-1.4726615,2.9453044,9.719504,0.7666009086814682
4.0,0.026900202420073953,-2.9453425,-2.0371178e-07,-1.4726675,-1.4726675,-1.4726615,-1.4726615,2.9453044,9.719504,0.7668871776786607
4.0,0.026910202420073952,-2.9453425,-1.858614e-07,-1.4726675,-1.4726675,-1.4726615,-1.4726615,2.9453044,9.719504,0.7671734466758531
4.0,0.026920202420073952,-2.9453425,-2.0371155e-07,-1.4726675,-1.4726675,-1.4726615,-1.4726615,2.9453044,9.719504,0.7674597156730455
4.0,0.02693020242007395,-2.9453425,-1.8586162e-07,-1.4726675,-1.4726675,-1.4726615,-1.4726615,2.9453044,9.719504,0.7677459846702379
4.0,0.02694020242007395,-2.9453425,-2.0371132e-07,-1.4726675,-1.4726675,-1.4726615,-1.4726615,2.9453044,9.719504,0.7680322536674303
4.0,0.02695020242007395,-2.9453425,-1.8586185e-07,-1.4726675,-1.4726675,-1.4726615,-1.4726615,2.9453044,9.719504,0.7683185226646227
4.0,0.026960202420073954,-2.9453425,-2.037111e-07,-1.4726675,-1.4726675,-1.4726615,-1.4726615,2.9453044,9.719504,0.7686047916618152
4.0,0.026970202420073953,-2.9453425,-1.8586208e-07,-1.4726675,-1.4726675,-1.4726615,-1.4726615,2.9453044,9.719504,0.7688910606590076
4.0,0.026980202420073953,-2.9453425,-2.0371087e-07,-1.4726675,-1.4726675,-1.4726615,-1.4726615,2.9453044,9.719504,0.7691773296562
4.0,0.026990202420073953,-2.9453425,-1.858623e-07,-1.4726675,-1.4726675,-1.4726615,-1.4726615,2.9453044,9.719504,0.7694635986533924
4.0,0.027000202420073952,-2.9453425,-2.0371064e-07,-1.4726675,-1.4726675,-1.4726615,-1.4726615,2.9453044,9.719504,0.7697498676505848
4.0,0.027010202420073952,-2.9453425,-1.8586253e-07,-1.4726675,-1.4726675,-1.4726615,-1.4726615,2.9453044,9.719504,0.7700361366477773
4.0,0.02702020242007395,-2.9453425,-2.0371041e-07,-1.4726675,-1.4726675,-1.4726615,-1.4726615,2.9453044,9.719504,0.7703224056449697
4.0,0.02703020242007395,-2.9453425,-1.8586276e-07,-1.4726675,-1.4726675,-1.4726615,-1.4726615,2.9453044,9.719504,0.7706086746421621
4.0,0.02704020242007395,-2.9453425,-2.0371019e-07,-1.4726675,-1.4726675,-1.4726615,-1.4726615,2.9453044,9.719504,0.7708949436393545
4.0,0.027050202420073954,-2.9453425,-1.8586299e-07,-1.4726675,-1.4726675,-1.4726615,-1.4726615,2.9453044,9.719504,0.7711812126365469
4.0,0.027060202420073953,-2.9453425,-2.0370996e-07,-1.4726675,-1.4726675,-1.4726615,-1.4726615,2.9453044,9.719504,0.7714674816337393
4.0,0.027070202420073953,-2.9453425,-1.8586321e-07,-1.4726675,-1.4726675,-1.4726615,-1.4726615,2.9453044,9.719504,0.7717537506309318
4.0,0.027080202420073952,-2.9453425,-2.0370973e-07,-1.4726675,-1.4726675,-1.4726615,-1.4726615,2.9453044,9.719504,0.7720400196281242
4.0,0.027090202420073952,-2.9453425,-1.8586344e-07,-1.4726675,-1.4726675,-1.4726615,-1.4726615,2.9453044,9.719504,0.7723262886253166
4.0,0.02710020242007395,-2.9453425,-2.037095e-07,-1.4726675,-1.4726675,-1.4726615,-1.4726615,2.9453044,9.719504,0.772612557622509
4.0,0.02711020242007395,-2.9453425,-1.8586367e-07,-1.4726675,-1.4726675,-1.4726615,-1.4726615,2.9453044,9.719504,0.7728988266197014
4.0,0.02712020242007395,-2.9453425,-2.0370929e-07,-1.4726675,-1.4726675,-1.4726615,-1.4726615,2.9453044,9.719504,0.7731850956168939
4.0,0.027130202420073954,-2.9453425,-1.8586388e-07,-1.4726675,-1.4726675,-1.4726615,-1.4726615,2.9453044,9.719504,0.7734713646140863
4.0,0.027140202420073953,-2.9453425,-2.0370906e-07,-1.4726675,-1.4726675,-1.4726615,-1.4726615,2.9453044,9.719504,0.7737576336112787
4.0,0.027150202420073953,-2.9453425,-1.8586411e-07,-1.4726675,-1.4726675,-1.4726615,-1.4726615,2.9453044,9.719504,0.7740439026084711
4.0,0.027160202420073953,-2.9453425,-2.0370884e-07,-1.4726675,-1.4726675,-1.4726615,-1.4726615,2.9453044,9.719504,0.7743301716056635
4.0,0.027170202420073952,-2.9453425,-1.8586434e-07,-1.4726675,-1.4726675,-1.4726615,-1.4726615,2.9453044,9.719504,0.774616440602856
4.0,0.027180202420073952,-2.9453425,-2.0370862e-07,-1.4726675,-1.4726675,-1.4726615,-1.4726615,2.9453044,9.719504,0.7749027096000484
4.0,0.02719020242007395,-2.9453425,-1.8586455e-07,-1.4726675,-1.4726675,-1.4726615,-1.4726615,2.9453044,9.719504,0.7751889785972408
4.0,0.02720020242007395,-2.9453425,-2.037084e-07,-1.4726675,-1.4726675,-1.4726615,-1.4726615,2.9453044,9.719504,0.7754752475944332
4.0,0.02721020242007395,-2.9453425,-1.8586478e-07,-1.4726675,-1.4726675,-1.4726615,-1.4726615,2.9453044,9.719504,0.7757615165916256
4.0,0.027220202420073954,-2.9453425,-2.0370817e-07,-1.4726675,-1.4726675,-1.4726615,-1.4726615,2.9453044,9.719504,0.776047785588818
4.0,0.027230202420073953,-2.9453425,-1.85865e-07,-1.4726675,-1.4726675,-1.4726615,-1.4726615,2.9453044,9.719504,0.7763340545860105
4.0,0.027240202420073953,-2.9453425,-2.0370796e-07,-1.4726675,-1.4726675,-1.4726615,-1.4726615,2.9453044,9.719504,0.7766203235832029
4.0,0.027250202420073952,-2.9453425,-1.8586522e-07,-1.4726675,-1.4726675,-1.4726615,-1.4726615,2.9453044,9.719504,0.7769065925803953
4.0,0.027260202420073952,-2.9453425,-2.0370773e-07,-1.4726675,-1.4726675,-1.4726615,-1.4726615,2.9453044,9.719504,0.7771928615775877
4.0,0.02727020242007395,-2.9453425,-1.8586545e-07,-1.4726675,-1.4726675,-1.4726615,-1.4726615,2.9453044,9.719504,0.7774791305747801
4.0,0.02728020242007395,-2.9453425,-2.0370751e-07,-1.4726675,-1.4726675,-1.4726615,-1.4726615,2.9453044,9.719504,0.7777653995719725
4.0,0.02729020242007395,-2.9453425,-1.8586566e-07,-1.4726675,-1.4726675,-1.4726615,-1.4726615,2.9453044,9.719504,0.778051668569165
4.0,0.02730020242007395,-2.9453425,-2.0370729e-07,-1.4726675,-1.4726675,-1.4726615,-1.4726615,2.9453044,9.719504,0.7783379375663574
4.0,0.027310202420073953,-2.9453425,-1.8586589e-07,-1.4726675,-1.4726675,-1.4726615,-1.4726615,2.9453044,9.719504,0.7786242065635498
4.0,0.027320202420073953,-2.9453425,-2.0370707e-07,-1.4726675,-1.4726675,-1.4726615,-1.4726615,2.9453044,9.719504,0.7789104755607422
4.0,0.027330202420073953,-2.9453425,-1.858661e-07,-1.4726675,-1.4726675,-1.4726615,-1.4726615,2.9453044,9.719504,0.7791967445579346
4.0,0.027340202420073952,-2.9453425,-2.0370685e-07,-1.4726675,-1.4726675,-1.4726615,-1.4726615,2.9453044,9.719504,0.7794830135551271
4.0,0.027350202420073952,-2.9453425,-1.8586633e-07,-1.4726675,-1.4726675,-1.4726615,-1.4726615,2.9453044,9.719504,0.7797692825523195
4.0,0.02736020242007395,-2.9453425,-2.0370663e-07,-1.4726675,-1.4726675,-1.4726615,-1.4726615,2.9453044,9.719504,0.7800555515495119
4.0,0.02737020242007395,-2.9453425,-1.8586654e-07,-1.4726675,-1.4726675,-1.4726615,-1.4726615,2.9453044,9.719504,0.7803418205467043
4.0,0.02738020242007395,-2.9453425,-2.0370642e-07,-1.4726675,-1.4726675,-1.4726615,-1.4726615,2.9453044,9.719504,0.7806280895438967
4.0,0.027390202420073954,-2.9453425,-1.8586677e-07,-1.4726675,-1.4726675,-1.4726615,-1.4726615,2.9453044,9.719504,0.7809143585410891
4.0,0.027400202420073953,-2.9453425,-2.037062e-07,-1.4726675,-1.4726675,-1.4726615,-1.4726615,2.9453044,9.719504,0.7812006275382816
4.0,0.027410202420073953,-2.9453425,-1.8586698e-07,-1.4726675,-1.4726675,-1.4726615,-1.4726615,2.9453044,9.719504,0.781486896535474
4.0,0.027420202420073952,-2.9453425,-2.0370598e-07,-1.4726675,-1.4726675,-1.4726615,-1.4726615,2.9453044,9.719504,0.7817731655326664
4.0,0.027430202420073952,-2.9453425,-1.858672e-07,-1.4726675,-1.4726675,-1.4726615,-1.4726615,2.9453044,9.719504,0.7820594345298588
4.0,0.02744020242007395,-2.9453425,-2.0370577e-07,-1.4726675,-1.4726675,-1.4726615,-1.4726615,2.9453044,9.719504,0.7823457035270512
4.0,0.02745020242007395,-2.9453425,-1.8586742e-07,-1.4726675,-1.4726675,-1.4726615,-1.4726615,2.9453044,9.719504,0.7826319725242437
4.0,0.02746020242007395,-2.9453425,-2.0370554e-07,-1.4726675,-1.4726675,-1.4726615,-1.4726615,2.9453044,9.719504,0.7829182415214361
4.0,0.02747020242007395,-2.9453425,-1.8586763e-07,-1.4726675,-1.4726675,-1.4726615,-1.4726615,2.9453044,9.719504,0.7832045105186285
4.0,0.027480202420073954,-2.9453425,-2.0370533e-07,-1.4726675,-1.4726675,-1.4726615,-1.4726615,2.9453044,9.719504,0.7834907795158209
4.0,0.027490202420073953,-2.9453425,-1.8586785e-07,-1.4726675,-1.4726675,-1.4726615,-1.4726615,2.9453044,9.719504,0.7837770485130133
4.0,0.027500202420073953,-2.9453425,-2.0370511e-07,-1.4726675,-1.4726675,-1.4726615,-1.4726615,2.9453044,9.719504,0.7840633175102057
4.0,0.027510202420073952,-2.9453425,-1.8586806e-07,-1.4726675,-1.4726675,-1.4726615,-1.4726615,2.9453044,9.719504,0.7843495865073982
4.0,0.027520202420073952,-2.9453425,-2.037049e-07,-1.4726675,-1.4726675,-1.4726615,-1.4726615,2.9453044,9.719504,0.7846358555045906
4.0,0.02753020242007395,-2.9453425,-1.8586827e-07,-1.4726675,-1.4726675,-1.4726615,-1.4726615,2.9453044,9.719504,0.784922124501783
4.0,0.02754020242007395,-2.9453425,-2.0370469e-07,-1.4726675,-1.4726675,-1.4726615,-1.4726615,2.9453044,9.719504,0.7852083934989754
4.0,0.02755020242007395,-2.9453425,-1.858685e-07,-1.4726675,-1.4726675,-1.4726615,-1.4726615,2.9453044,9.719504,0.7854946624961678
4.0,0.027560202420073954,-2.9453425,-2.0370446e-07,-1.4726675,-1.4726675,-1.4726615,-1.4726615,2.9453044,9.719504,0.7857809314933603
4.0,0.027570202420073953,-2.9453425,-1.8586871e-07,-1.4726675,-1.4726675,-1.4726615,-1.4726615,2.9453044,9.719504,0.7860672004905527
4.0,0.027580202420073953,-2.9453425,-2.0370425e-07,-1.4726675,-1.4726675,-1.4726615,-1.4726615,2.9453044,9.719504,0.7863534694877451
4.0,0.027590202420073952,-2.9453425,-1.8586893e-07,-1.4726675,-1.4726675,-1.4726615,-1.4726615,2.9453044,9.719504,0.7866397384849375
4.0,0.027600202420073952,-2.9453425,-2.0370403e-07,-1.4726675,-1.4726675,-1.4726615,-1.4726615,2.9453044,9.719504,0.7869260074821299
4.0,0.02761020242007395,-2.9453425,-1.8586914e-07,-1.4726675,-1.4726675,-1.4726615,-1.4726615,2.9453044,9.719504,0.7872122764793223
4.0,0.02762020242007395,-2.9453425,-2.0370382e-07,-1.4726675,-1.4726675,-1.4726615,-1.4726615,2.9453044,9.719504,0.7874985454765148
4.0,0.02763020242007395,-2.9453425,-1.8586935e-07,-1.4726675,-1.4726675,-1.4726615,-1.4726615,2.9453044,9.719504,0.7877848144737072
4.0,0.02764020242007395,-2.9453425,-2.037036e-07,-1.4726675,-1.4726675,-1.4726615,-1.4726615,2.9453044,9.719504,0.7880710834708996
4.0,0.027650202420073954,-2.9453425,-1.8586957e-07,-1.4726675,-1.4726675,-1.4726615,-1.4726615,2.9453044,9.719504,0.788357352468092
4.0,0.027660202420073953,-2.9453425,-2.037034e-07,-1.4726675,-1.4726675,-1.4726615,-1.4726615,2.9453044,9.719504,0.7886436214652844
4.0,0.027670202420073953,-2.9453425,-1.8586978e-07,-1.4726675,-1.4726675,-1.4726615,-1.4726615,2.9453044,9.719504,0.7889298904624769
4.0,0.027680202420073952,-2.9453425,-2.0370318e-07,-1.4726675,-1.4726675,-1.4726615,-1.4726615,2.9453044,9.719504,0.7892161594596693
4.0,0.027690202420073952,-2.9453425,-1.8587e-07,-1.4726675,-1.4726675,-1.4726615,-1.4726615,2.9453044,9.719504,0.7895024284568617
4.0,0.02770020242007395,-2.9453425,-2.0370297e-07,-1.4726675,-1.4726675,-1.4726615,-1.4726615,2.9453044,9.719504,0.7897886974540541
4.0,0.02771020242007395,-2.9453425,-1.858702e-07,-1.4726675,-1.4726675,-1.4726615,-1.4726615,2.9453044,9.719504,0.7900749664512465
4.0,0.02772020242007395,-2.9453425,-2.0370275e-07,-1.4726675,-1.4726675,-1.4726615,-1.4726615,2.9453044,9.719504,0.790361235448439
4.0,0.027730202420073954,-2.9453425,-1.8587042e-07,-1.4726675,-1.4726675,-1.4726615,-1.4726615,2.9453044,9.719504,0.7906475044456314
4.0,0.027740202420073953,-2.9453425,-2.0370254e-07,-1.4726675,-1.4726675,-1.4726615,-1.4726615,2.9453044,9.719504,0.7909337734428238
4.0,0.027750202420073953,-2.9453425,-1.8587063e-07,-1.4726675,-1.4726675,-1.4726615,-1.4726615,2.9453044,9.719504,0.7912200424400162
4.0,0.027760202420073953,-2.9453425,-2.0370233e-07,-1.4726675,-1.4726675,-1.4726615,-1.4726615,2.9453044,9.719504,0.7915063114372086
4.0,0.027770202420073952,-2.9453425,-1.8587085e-07,-1.4726675,-1.4726675,-1.4726615,-1.4726615,2.9453044,9.719504,0.791792580434401
4.0,0.02778020242007395,-2.9453425,-2.0370213e-07,-1.4726675,-1.4726675,-1.4726615,-1.4726615,2.9453044,9.719504,0.7920788494315935
4.0,0.02779020242007395,-2.9453425,-1.8587106e-07,-1.4726675,-1.4726675,-1.4726615,-1.4726615,2.9453044,9.719504,0.7923651184287859
4.0,0.02780020242007395,-2.9453425,-2.0370192e-07,-1.4726675,-1.4726675,-1.4726615,-1.4726615,2.9453044,9.719504,0.7926513874259783
4.0,0.02781020242007395,-2.9453425,-1.8587126e-07,-1.4726675,-1.4726675,-1.4726615,-1.4726615,2.9453044,9.719504,0.7929376564231707
4.0,0.027820202420073954,-2.9453425,-2.037017e-07,-1.4726675,-1.4726675,-1.4726615,-1.4726615,2.9453044,9.719504,0.7932239254203631
4.0,0.027830202420073953,-2.9453425,-1.8587147e-07,-1.4726675,-1.4726675,-1.4726615,-1.4726615,2.9453044,9.719504,0.7935101944175555
4.0,0.027840202420073953,-2.9453425,-2.0370149e-07,-1.4726675,-1.4726675,-1.4726615,-1.4726615,2.9453044,9.719504,0.793796463414748
4.0,0.027850202420073952,-2.9453425,-1.8587168e-07,-1.4726675,-1.4726675,-1.4726615,-1.4726615,2.9453044,9.719504,0.7940827324119404
4.0,0.027860202420073952,-2.9453425,-2.0370128e-07,-1.4726675,-1.4726675,-1.4726615,-1.4726615,2.9453044,9.719504,0.7943690014091328
4.0,0.02787020242007395,-2.9453425,-1.858719e-07,-1.4726675,-1.4726675,-1.4726615,-1.4726615,2.9453044,9.719504,0.7946552704063252
4.0,0.02788020242007395,-2.9453425,-2.0370108e-07,-1.4726675,-1.4726675,-1.4726615,-1.4726615,2.9453044,9.719504,0.7949415394035176
4.0,0.02789020242007395,-2.9453425,-1.858721e-07,-1.4726675,-1.4726675,-1.4726615,-1.4726615,2.9453044,9.719504,0.7952278084007101
4.0,0.027900202420073954,-2.9453425,-2.0370086e-07,-1.4726675,-1.4726675,-1.4726615,-1.4726615,2.9453044,9.719504,0.7955140773979025
4.0,0.027910202420073953,-2.9453425,-1.8587231e-07,-1.4726675,-1.4726675,-1.4726615,-1.4726615,2.9453044,9.719504,0.7958003463950949
4.0,0.027920202420073953,-2.9453425,-2.0370065e-07,-1.4726675,-1.4726675,-1.4726615,-1.4726615,2.9453044,9.719504,0.7960866153922873
4.0,0.027930202420073953,-2.9453425,-1.8587252e-07,-1.4726675,-1.4726675,-1.4726615,-1.4726615,2.9453044,9.719504,0.7963728843894797
4.0,0.027940202420073952,-2.9453425,-2.0370045e-07,-1.4726675,-1.4726675,-1.4726615,-1.4726615,2.9453044,9.719504,0.7966591533866721
4.0,0.02795020242007395,-2.9453425,-1.8587274e-07,-1.4726675,-1.4726675,-1.4726615,-1.4726615,2.9453044,9.719504,0.7969454223838646
4.0,0.02796020242007395,-2.9453425,-2.0370024e-07,-1.4726675,-1.4726675,-1.4726615,-1.4726615,2.9453044,9.719504,0.797231691381057
4.0,0.02797020242007395,-2.9453425,-1.8587293e-07,-1.4726675,-1.4726675,-1.4726615,-1.4726615,2.9453044,9.719504,0.7975179603782494
4.0,0.02798020242007395,-2.9453425,-2.0370003e-07,-1.4726675,-1.4726675,-1.4726615,-1.4726615,2.9453044,9.719504,0.7978042293754418
4.0,0.027990202420073954,-2.9453425,-1.8587315e-07,-1.4726675,-1.4726675,-1.4726615,-1.4726615,2.9453044,9.719504,0.7980904983726342
4.0,0.028000202420073953,-2.9453425,-2.0369983e-07,-1.4726675,-1.4726675,-1.4726615,-1.4726615,2.9453044,9.719504,0.7983767673698267
4.0,0.028010202420073953,-2.9453425,-1.8587335e-07,-1.4726675,-1.4726675,-1.4726615,-1.4726615,2.9453044,9.719504,0.7986630363670191
4.0,0.028020202420073952,-2.9453425,-2.0369961e-07,-1.4726675,-1.4726675,-1.4726615,-1.4726615,2.9453044,9.719504,0.7989493053642115
4.0,0.028030202420073952,-2.9453425,-1.8587356e-07,-1.4726675,-1.4726675,-1.4726615,-1.4726615,2.9453044,9.719504,0.7992355743614039
4.0,0.02804020242007395,-2.9453425,-2.036994e-07,-1.4726675,-1.4726675,-1.4726615,-1.4726615,2.9453044,9.719504,0.7995218433585963
4.0,0.02805020242007395,-2.9453425,-1.8587377e-07,-1.4726675,-1.4726675,-1.4726615,-1.4726615,2.9453044,9.719504,0.7998081123557887
4.0,0.02806020242007395,-2.9453425,-2.036992e-07,-1.4726675,-1.4726675,-1.4726615,-1.4726615,2.9453044,9.719504,0.8000943813529812
4.0,0.028070202420073954,-2.9453425,-1.8587397e-07,-1.4726675,-1.4726675,-1.4726615,-1.4726615,2.9453044,9.719504,0.8003806503501736
4.0,0.028080202420073953,-2.9453425,-2.0369899e-07,-1.4726675,-1.4726675,-1.4726615,-1.4726615,2.9453044,9.719504,0.800666919347366
4.0,0.028090202420073953,-2.9453425,-1.8587419e-07,-1.4726675,-1.4726675,-1.4726615,-1.4726615,2.9453044,9.719504,0.8009531883445584
4.0,0.028100202420073953,-2.9453425,-2.0369879e-07,-1.4726675,-1.4726675,-1.4726615,-1.4726615,2.9453044,9.719504,0.8012394573417508
4.0,0.028110202420073952,-2.9453425,-1.8587438e-07,-1.4726675,-1.4726675,-1.4726615,-1.4726615,2.9453044,9.719504,0.8015257263389433
4.0,0.02812020242007395,-2.9453425,-2.0369858e-07,-1.4726675,-1.4726675,-1.4726615,-1.4726615,2.9453044,9.719504,0.8018119953361357
4.0,0.02813020242007395,-2.9453425,-1.858746e-07,-1.4726675,-1.4726675,-1.4726615,-1.4726615,2.9453044,9.719504,0.8020982643333281
4.0,0.02814020242007395,-2.9453425,-2.0369838e-07,-1.4726675,-1.4726675,-1.4726615,-1.4726615,2.9453044,9.719504,0.8023845333305205
4.0,0.02815020242007395,-2.9453425,-1.858748e-07,-1.4726675,-1.4726675,-1.4726615,-1.4726615,2.9453044,9.719504,0.8026708023277129
4.0,0.028160202420073954,-2.9453425,-2.0369818e-07,-1.4726675,-1.4726675,-1.4726615,-1.4726615,2.9453044,9.719504,0.8029570713249053
4.0,0.028170202420073953,-2.9453425,-1.85875e-07,-1.4726675,-1.4726675,-1.4726615,-1.4726615,2.9453044,9.719504,0.8032433403220978
4.0,0.028180202420073953,-2.9453425,-2.0369797e-07,-1.4726675,-1.4726675,-1.4726615,-1.4726615,2.9453044,9.719504,0.8035296093192902
4.0,0.028190202420073952,-2.9453425,-1.8587521e-07,-1.4726675,-1.4726675,-1.4726615,-1.4726615,2.9453044,9.719504,0.8038158783164826
4.0,0.028200202420073952,-2.9453425,-2.0369777e-07,-1.4726675,-1.4726675,-1.4726615,-1.4726615,2.9453044,9.719504,0.804102147313675
4.0,0.02821020242007395,-2.9453425,-1.8587541e-07,-1.4726675,-1.4726675,-1.4726615,-1.4726615,2.9453044,9.719504,0.8043884163108674
4.0,0.02822020242007395,-2.9453425,-2.0369755e-07,-1.4726675,-1.4726675,-1.4726615,-1.4726615,2.9453044,9.719504,0.8046746853080599
4.0,0.02823020242007395,-2.9453425,-1.8587562e-07,-1.4726675,-1.4726675,-1.4726615,-1.4726615,2.9453044,9.719504,0.8049609543052523
4.0,0.028240202420073954,-2.9453425,-2.0369735e-07,-1.4726675,-1.4726675,-1.4726615,-1.4726615,2.9453044,9.719504,0.8052472233024447
4.0,0.028250202420073953,-2.9453425,-1.8587582e-07,-1.4726675,-1.4726675,-1.4726615,-1.4726615,2.9453044,9.719504,0.8055334922996371
4.0,0.028260202420073953,-2.9453425,-2.0369716e-07,-1.4726675,-1.4726675,-1.4726615,-1.4726615,2.9453044,9.719504,0.8058197612968295
4.0,0.028270202420073953,-2.9453425,-1.8587602e-07,-1.4726675,-1.4726675,-1.4726615,-1.4726615,2.9453044,9.719504,0.806106030294022
4.0,0.028280202420073952,-2.9453425,-2.0369694e-07,-1.4726675,-1.4726675,-1.4726615,-1.4726615,2.9453044,9.719504,0.8063922992912144
4.0,0.02829020242007395,-2.9453425,-1.8587623e-07,-1.4726675,-1.4726675,-1.4726615,-1.4726615,2.9453044,9.719504,0.8066785682884068
4.0,0.02830020242007395,-2.9453425,-2.0369674e-07,-1.4726675,-1.4726675,-1.4726615,-1.4726615,2.9453044,9.719504,0.8069648372855992
4.0,0.02831020242007395,-2.9453425,-1.8587643e-07,-1.4726675,-1.4726675,-1.4726615,-1.4726615,2.9453044,9.719504,0.8072511062827916
4.0,0.02832020242007395,-2.9453425,-2.0369654e-07,-1.4726675,-1.4726675,-1.4726615,-1.4726615,2.9453044,9.719504,0.807537375279984
4.0,0.028330202420073954,-2.9453425,-1.8587663e-07,-1.4726675,-1.4726675,-1.4726615,-1.4726615,2.9453044,9.719504,0.8078236442771765
4.0,0.028340202420073953,-2.9453425,-2.0369635e-07,-1.4726675,-1.4726675,-1.4726615,-1.4726615,2.9453044,9.719504,0.8081099132743689
4.0,0.028350202420073953,-2.9453425,-1.8587683e-07,-1.4726675,-1.4726675,-1.4726615,-1.4726615,2.9453044,9.719504,0.8083961822715613
4.0,0.028360202420073952,-2.9453425,-2.0369613e-07,-1.4726675,-1.4726675,-1.4726615,-1.4726615,2.9453044,9.719504,0.8086824512687537
4.0,0.028370202420073952,-2.9453425,-1.8587704e-07,-1.4726675,-1.4726675,-1.4726615,-1.4726615,2.9453044,9.719504,0.8089687202659461
4.0,0.02838020242007395,-2.9453425,-2.0369593e-07,-1.4726675,-1.4726675,-1.4726615,-1.4726615,2.9453044,9.719504,0.8092549892631385
4.0,0.02839020242007395,-2.9453425,-1.8587724e-07,-1.4726675,-1.4726675,-1.4726615,-1.4726615,2.9453044,9.719504,0.809541258260331
4.0,0.02840020242007395,-2.9453425,-2.0369573e-07,-1.4726675,-1.4726675,-1.4726615,-1.4726615,2.9453044,9.719504,0.8098275272575234
4.0,0.028410202420073954,-2.9453425,-1.8587744e-07,-1.4726675,-1.4726675,-1.4726615,-1.4726615,2.9453044,9.719504,0.8101137962547158
4.0,0.028420202420073953,-2.9453425,-2.0369554e-07,-1.4726675,-1.4726675,-1.4726615,-1.4726615,2.9453044,9.719504,0.8104000652519082
4.0,0.028430202420073953,-2.9453425,-1.8587764e-07,-1.4726675,-1.4726675,-1.4726615,-1.4726615,2.9453044,9.719504,0.8106863342491006
4.0,0.028440202420073953,-2.9453425,-2.0369534e-07,-1.4726675,-1.4726675,-1.4726615,-1.4726615,2.9453044,9.719504,0.8109726032462931
4.0,0.028450202420073952,-2.9453425,-1.8587784e-07,-1.4726675,-1.4726675,-1.4726615,-1.4726615,2.9453044,9.719504,0.8112588722434855
4.0,0.02846020242007395,-2.9453425,-2.0369514e-07,-1.4726675,-1.4726675,-1.4726615,-1.4726615,2.9453044,9.719504,0.8115451412406779
4.0,0.02847020242007395,-2.9453425,-1.8587804e-07,-1.4726675,-1.4726675,-1.4726615,-1.4726615,2.9453044,9.719504,0.8118314102378703
4.0,0.02848020242007395,-2.9453425,-2.0369494e-07,-1.4726675,-1.4726675,-1.4726615,-1.4726615,2.9453044,9.719504,0.8121176792350627
4.0,0.02849020242007395,-2.9453425,-1.8587824e-07,-1.4726675,-1.4726675,-1.4726615,-1.4726615,2.9453044,9.719504,0.8124039482322551
4.0,0.028500202420073954,-2.9453425,-2.0369473e-07,-1.4726675,-1.4726675,-1.4726615,-1.4726615,2.9453044,9.719504,0.8126902172294476
4.0,0.028510202420073953,-2.9453425,-1.8587843e-07,-1.4726675,-1.4726675,-1.4726615,-1.4726615,2.9453044,9.719504,0.81297648622664
4.0,0.028520202420073953,-2.9453425,-2.0369453e-07,-1.4726675,-1.4726675,-1.4726615,-1.4726615,2.9453044,9.719504,0.8132627552238324
4.0,0.028530202420073952,-2.9453425,-1.8587865e-07,-1.4726675,-1.4726675,-1.4726615,-1.4726615,2.9453044,9.719504,0.8135490242210248
4.0,0.028540202420073952,-2.9453425,-2.0369433e-07,-1.4726675,-1.4726675,-1.4726615,-1.4726615,2.9453044,9.719504,0.8138352932182172
4.0,0.02855020242007395,-2.9453425,-1.8587885e-07,-1.4726675,-1.4726675,-1.4726615,-1.4726615,2.9453044,9.719504,0.8141215622154097
4.0,0.02856020242007395,-2.9453425,-2.0369413e-07,-1.4726675,-1.4726675,-1.4726615,-1.4726615,2.9453044,9.719504,0.8144078312126021
4.0,0.02857020242007395,-2.9453425,-1.8587905e-07,-1.4726675,-1.4726675,-1.4726615,-1.4726615,2.9453044,9.719504,0.8146941002097945
4.0,0.02858020242007395,-2.9453425,-2.0369393e-07,-1.4726675,-1.4726675,-1.4726615,-1.4726615,2.9453044,9.719504,0.8149803692069869
4.0,0.028590202420073953,-2.9453425,-1.8587924e-07,-1.4726675,-1.4726675,-1.4726615,-1.4726615,2.9453044,9.719504,0.8152666382041793
4.0,0.028600202420073953,-2.9453425,-2.0369373e-07,-1.4726675,-1.4726675,-1.4726615,-1.4726615,2.9453044,9.719504,0.8155529072013717
4.0,0.028610202420073953,-2.9453425,-1.8587944e-07,-1.4726675,-1.4726675,-1.4726615,-1.4726615,2.9453044,9.719504,0.8158391761985642
4.0,0.028620202420073952,-2.9453425,-2.0369353e-07,-1.4726675,-1.4726675,-1.4726615,-1.4726615,2.9453044,9.719504,0.8161254451957566
4.0,0.028630202420073952,-2.9453425,-1.8587964e-07,-1.4726675,-1.4726675,-1.4726615,-1.4726615,2.9453044,9.719504,0.816411714192949
4.0,0.02864020242007395,-2.9453425,-2.0369333e-07,-1.4726675,-1.4726675,-1.4726615,-1.4726615,2.9453044,9.719504,0.8166979831901414
4.0,0.02865020242007395,-2.9453425,-1.8587984e-07,-1.4726675,-1.4726675,-1.4726615,-1.4726615,2.9453044,9.719504,0.8169842521873338
4.0,0.02866020242007395,-2.9453425,-2.0369313e-07,-1.4726675,-1.4726675,-1.4726615,-1.4726615,2.9453044,9.719504,0.8172705211845263
4.0,0.028670202420073954,-2.9453425,-1.8588003e-07,-1.4726675,-1.4726675,-1.4726615,-1.4726615,2.9453044,9.719504,0.8175567901817187
4.0,0.028680202420073953,-2.9453425,-2.0369293e-07,-1.4726675,-1.4726675,-1.4726615,-1.4726615,2.9453044,9.719504,0.8178430591789111
4.0,0.028690202420073953,-2.9453425,-1.8588022e-07,-1.4726675,-1.4726675,-1.4726615,-1.4726615,2.9453044,9.719504,0.8181293281761035
4.0,0.028700202420073952,-2.9453425,-2.0369275e-07,-1.4726675,-1.4726675,-1.4726615,-1.4726615,2.9453044,9.719504,0.8184155971732959
4.0,0.028710202420073952,-2.9453425,-1.8588042e-07,-1.4726675,-1.4726675,-1.4726615,-1.4726615,2.9453044,9.719504,0.8187018661704883
4.0,0.02872020242007395,-2.9453425,-2.0369255e-07,-1.4726675,-1.4726675,-1.4726615,-1.4726615,2.9453044,9.719504,0.8189881351676808
4.0,0.02873020242007395,-2.9453425,-1.8588062e-07,-1.4726675,-1.4726675,-1.4726615,-1.4726615,2.9453044,9.719504,0.8192744041648732
4.0,0.02874020242007395,-2.9453425,-2.0369235e-07,-1.4726675,-1.4726675,-1.4726615,-1.4726615,2.9453044,9.719504,0.8195606731620656
4.0,0.02875020242007395,-2.9453425,-1.8588082e-07,-1.4726675,-1.4726675,-1.4726615,-1.4726615,2.9453044,9.719504,0.819846942159258
4.0,0.028760202420073953,-2.9453425,-2.0369215e-07,-1.4726675,-1.4726675,-1.4726615,-1.4726615,2.9453044,9.719504,0.8201332111564504
4.0,0.028770202420073953,-2.9453425,-1.8588102e-07,-1.4726675,-1.4726675,-1.4726615,-1.4726615,2.9453044,9.719504,0.8204194801536429
4.0,0.028780202420073953,-2.9453425,-2.0369195e-07,-1.4726675,-1.4726675,-1.4726615,-1.4726615,2.9453044,9.719504,0.8207057491508353
4.0,0.028790202420073952,-2.9453425,-1.8588122e-07,-1.4726675,-1.4726675,-1.4726615,-1.4726615,2.9453044,9.719504,0.8209920181480277
4.0,0.028800202420073952,-2.9453425,-2.0369176e-07,-1.4726675,-1.4726675,-1.4726615,-1.4726615,2.9453044,9.719504,0.8212782871452201
4.0,0.02881020242007395,-2.9453425,-1.858814e-07,-1.4726675,-1.4726675,-1.4726615,-1.4726615,2.9453044,9.719504,0.8215645561424125
4.0,0.02882020242007395,-2.9453425,-2.0369157e-07,-1.4726675,-1.4726675,-1.4726615,-1.4726615,2.9453044,9.719504,0.821850825139605
4.0,0.02883020242007395,-2.9453425,-1.858816e-07,-1.4726675,-1.4726675,-1.4726615,-1.4726615,2.9453044,9.719504,0.8221370941367974
4.0,0.028840202420073954,-2.9453425,-2.0369137e-07,-1.4726675,-1.4726675,-1.4726615,-1.4726615,2.9453044,9.719504,0.8224233631339898
4.0,0.028850202420073953,-2.9453425,-1.858818e-07,-1.4726675,-1.4726675,-1.4726615,-1.4726615,2.9453044,9.719504,0.8227096321311822
4.0,0.028860202420073953,-2.9453425,-2.0369117e-07,-1.4726675,-1.4726675,-1.4726615,-1.4726615,2.9453044,9.719504,0.8229959011283746
4.0,0.028870202420073952,-2.9453425,-1.85882e-07,-1.4726675,-1.4726675,-1.4726615,-1.4726615,2.9453044,9.719504,0.823282170125567
4.0,0.028880202420073952,-2.9453425,-2.0369097e-07,-1.4726675,-1.4726675,-1.4726615,-1.4726615,2.9453044,9.719504,0.8235684391227595
4.0,0.02889020242007395,-2.9453425,-1.8588219e-07,-1.4726675,-1.4726675,-1.4726615,-1.4726615,2.9453044,9.719504,0.8238547081199519
4.0,0.02890020242007395,-2.9453425,-2.0369079e-07,-1.4726675,-1.4726675,-1.4726615,-1.4726615,2.9453044,9.719504,0.8241409771171443
4.0,0.02891020242007395,-2.9453425,-1.8588239e-07,-1.4726675,-1.4726675,-1.4726615,-1.4726615,2.9453044,9.719504,0.8244272461143367
4.0,0.02892020242007395,-2.9453425,-2.0369059e-07,-1.4726675,-1.4726675,-1.4726615,-1.4726615,2.9453044,9.719504,0.8247135151115291
4.0,0.028930202420073953,-2.9453425,-1.8588258e-07,-1.4726675,-1.4726675,-1.4726615,-1.4726615,2.9453044,9.719504,0.8249997841087215
4.0,0.028940202420073953,-2.9453425,-2.0369039e-07,-1.4726675,-1.4726675,-1.4726615,-1.4726615,2.9453044,9.719504,0.825286053105914
4.0,0.028950202420073953,-2.9453425,-1.8588278e-07,-1.4726675,-1.4726675,-1.4726615,-1.4726615,2.9453044,9.719504,0.8255723221031064
4.0,0.028960202420073952,-2.9453425,-2.0369019e-07,-1.4726675,-1.4726675,-1.4726615,-1.4726615,2.9453044,9.719504,0.8258585911002988
4.0,0.028970202420073952,-2.9453425,-1.8588297e-07,-1.4726675,-1.4726675,-1.4726615,-1.4726615,2.9453044,9.719504,0.8261448600974912
4.0,0.02898020242007395,-2.9453425,-2.0369e-07,-1.4726675,-1.4726675,-1.4726615,-1.4726615,2.9453044,9.719504,0.8264311290946836
4.0,0.02899020242007395,-2.9453425,-1.8588317e-07,-1.4726675,-1.4726675,-1.4726615,-1.4726615,2.9453044,9.719504,0.826717398091876
4.0,0.02900020242007395,-2.9453425,-2.0368981e-07,-1.4726675,-1.4726675,-1.4726615,-1.4726615,2.9453044,9.719504,0.8270036670890685
4.0,0.029010202420073954,-2.9453425,-1.8588337e-07,-1.4726675,-1.4726675,-1.4726615,-1.4726615,2.9453044,9.719504,0.8272899360862609
4.0,0.029020202420073953,-2.9453425,-2.0368962e-07,-1.4726675,-1.4726675,-1.4726615,-1.4726615,2.9453044,9.719504,0.8275762050834533
4.0,0.029030202420073953,-2.9453425,-1.8588355e-07,-1.4726675,-1.4726675,-1.4726615,-1.4726615,2.9453044,9.719504,0.8278624740806457
4.0,0.029040202420073952,-2.9453425,-2.0368942e-07,-1.4726675,-1.4726675,-1.4726615,-1.4726615,2.9453044,9.719504,0.8281487430778381
4.0,0.029050202420073952,-2.9453425,-1.8588375e-07,-1.4726675,-1.4726675,-1.4726615,-1.4726615,2.9453044,9.719504,0.8284350120750306
4.0,0.02906020242007395,-2.9453425,-2.0368923e-07,-1.4726675,-1.4726675,-1.4726615,-1.4726615,2.9453044,9.719504,0.828721281072223
4.0,0.02907020242007395,-2.9453425,-1.8588393e-07,-1.4726675,-1.4726675,-1.4726615,-1.4726615,2.9453044,9.719504,0.8290075500694154
4.0,0.02908020242007395,-2.9453425,-2.0368904e-07,-1.4726675,-1.4726675,-1.4726615,-1.4726615,2.9453044,9.719504,0.8292938190666078
4.0,0.02909020242007395,-2.9453425,-1.8588413e-07,-1.4726675,-1.4726675,-1.4726615,-1.4726615,2.9453044,9.719504,0.8295800880638002
4.0,0.029100202420073953,-2.9453425,-2.0368884e-07,-1.4726675,-1.4726675,-1.4726615,-1.4726615,2.9453044,9.719504,0.8298663570609927
4.0,0.029110202420073953,-2.9453425,-1.8588432e-07,-1.4726675,-1.4726675,-1.4726615,-1.4726615,2.9453044,9.719504,0.8301526260581851
4.0,0.029120202420073953,-2.9453425,-2.0368866e-07,-1.4726675,-1.4726675,-1.4726615,-1.4726615,2.9453044,9.719504,0.8304388950553775
4.0,0.029130202420073952,-2.9453425,-1.8588452e-07,-1.4726675,-1.4726675,-1.4726615,-1.4726615,2.9453044,9.719504,0.8307251640525699
4.0,0.029140202420073952,-2.9453425,-2.0368846e-07,-1.4726675,-1.4726675,-1.4726615,-1.4726615,2.9453044,9.719504,0.8310114330497623
4.0,0.02915020242007395,-2.9453425,-1.8588472e-07,-1.4726675,-1.4726675,-1.4726615,-1.4726615,2.9453044,9.719504,0.8312977020469547
4.0,0.02916020242007395,-2.9453425,-2.0368827e-07,-1.4726675,-1.4726675,-1.4726615,-1.4726615,2.9453044,9.719504,0.8315839710441472
4.0,0.02917020242007395,-2.9453425,-1.858849e-07,-1.4726675,-1.4726675,-1.4726615,-1.4726615,2.9453044,9.719504,0.8318702400413396
4.0,0.029180202420073954,-2.9453425,-2.0368807e-07,-1.4726675,-1.4726675,-1.4726615,-1.4726615,2.9453044,9.719504,0.832156509038532
4.0,0.029190202420073953,-2.9453425,-1.858851e-07,-1.4726675,-1.4726675,-1.4726615,-1.4726615,2.9453044,9.719504,0.8324427780357244
4.0,0.029200202420073953,-2.9453425,-2.0368789e-07,-1.4726675,-1.4726675,-1.4726615,-1.4726615,2.9453044,9.719504,0.8327290470329168
4.0,0.029210202420073952,-2.9453425,-1.8588528e-07,-1.4726675,-1.4726675,-1.4726615,-1.4726615,2.9453044,9.719504,0.8330153160301093
4.0,0.029220202420073952,-2.9453425,-2.0368769e-07,-1.4726675,-1.4726675,-1.4726615,-1.4726615,2.9453044,9.719504,0.8333015850273017
4.0,0.02923020242007395,-2.9453425,-1.8588547e-07,-1.4726675,-1.4726675,-1.4726615,-1.4726615,2.9453044,9.719504,0.8335878540244941
4.0,0.02924020242007395,-2.9453425,-2.036875e-07,-1.4726675,-1.4726675,-1.4726615,-1.4726615,2.9453044,9.719504,0.8338741230216865
4.0,0.02925020242007395,-2.9453425,-1.8588567e-07,-1.4726675,-1.4726675,-1.4726615,-1.4726615,2.9453044,9.719504,0.8341603920188789
4.0,0.02926020242007395,-2.9453425,-2.036873e-07,-1.4726675,-1.4726675,-1.4726615,-1.4726615,2.9453044,9.719504,0.8344466610160713
4.0,0.029270202420073953,-2.9453425,-1.8588585e-07,-1.4726675,-1.4726675,-1.4726615,-1.4726615,2.9453044,9.719504,0.8347329300132638
4.0,0.029280202420073953,-2.9453425,-2.0368712e-07,-1.4726675,-1.4726675,-1.4726615,-1.4726615,2.9453044,9.719504,0.8350191990104562
4.0,0.029290202420073953,-2.9453425,-1.8588605e-07,-1.4726675,-1.4726675,-1.4726615,-1.4726615,2.9453044,9.719504,0.8353054680076486
4.0,0.029300202420073952,-2.9453425,-2.0368694e-07,-1.4726675,-1.4726675,-1.4726615,-1.4726615,2.9453044,9.719504,0.835591737004841
4.0,0.029310202420073952,-2.9453425,-1.8588624e-07,-1.4726675,-1.4726675,-1.4726615,-1.4726615,2.9453044,9.719504,0.8358780060020334
4.0,0.02932020242007395,-2.9453425,-2.0368674e-07,-1.4726675,-1.4726675,-1.4726615,-1.4726615,2.9453044,9.719504,0.8361642749992259
4.0,0.02933020242007395,-2.9453425,-1.8588644e-07,-1.4726675,-1.4726675,-1.4726615,-1.4726615,2.9453044,9.719504,0.8364505439964183
4.0,0.02934020242007395,-2.9453425,-2.0368655e-07,-1.4726675,-1.4726675,-1.4726615,-1.4726615,2.9453044,9.719504,0.8367368129936107
4.0,0.029350202420073954,-2.9453425,-1.8588662e-07,-1.4726675,-1.4726675,-1.4726615,-1.4726615,2.9453044,9.719504,0.8370230819908031
4.0,0.029360202420073953,-2.9453425,-2.0368635e-07,-1.4726675,-1.4726675,-1.4726615,-1.4726615,2.9453044,9.719504,0.8373093509879955
4.0,0.029370202420073953,-2.9453425,-1.858868e-07,-1.4726675,-1.4726675,-1.4726615,-1.4726615,2.9453044,9.719504,0.837595619985188
4.0,0.029380202420073952,-2.9453425,-2.0368617e-07,-1.4726675,-1.4726675,-1.4726615,-1.4726615,2.9453044,9.719504,0.8378818889823804
4.0,0.029390202420073952,-2.9453425,-1.85887e-07,-1.4726675,-1.4726675,-1.4726615,-1.4726615,2.9453044,9.719504,0.8381681579795728
4.0,0.02940020242007395,-2.9453425,-2.0368599e-07,-1.4726675,-1.4726675,-1.4726615,-1.4726615,2.9453044,9.719504,0.8384544269767652
4.0,0.02941020242007395,-2.9453425,-1.8588719e-07,-1.4726675,-1.4726675,-1.4726615,-1.4726615,2.9453044,9.719504,0.8387406959739576
4.0,0.02942020242007395,-2.9453425,-2.0368579e-07,-1.4726675,-1.4726675,-1.4726615,-1.4726615,2.9453044,9.719504,0.83902696497115
4.0,0.02943020242007395,-2.9453425,-1.8588737e-07,-1.4726675,-1.4726675,-1.4726615,-1.4726615,2.9453044,9.719504,0.8393132339683425
4.0,0.029440202420073953,-2.9453425,-2.036856e-07,-1.4726675,-1.4726675,-1.4726615,-1.4726615,2.9453044,9.719504,0.8395995029655349
4.0,0.029450202420073953,-2.9453425,-1.8588756e-07,-1.4726675,-1.4726675,-1.4726615,-1.4726615,2.9453044,9.719504,0.8398857719627273
4.0,0.029460202420073953,-2.9453425,-2.0368542e-07,-1.4726675,-1.4726675,-1.4726615,-1.4726615,2.9453044,9.719504,0.8401720409599197
4.0,0.029470202420073952,-2.9453425,-1.8588776e-07,-1.4726675,-1.4726675,-1.4726615,-1.4726615,2.9453044,9.719504,0.8404583099571121
4.0,0.029480202420073952,-2.9453425,-2.0368523e-07,-1.4726675,-1.4726675,-1.4726615,-1.4726615,2.9453044,9.719504,0.8407445789543045
4.0,0.02949020242007395,-2.9453425,-1.8588794e-07,-1.4726675,-1.4726675,-1.4726615,-1.4726615,2.9453044,9.719504,0.841030847951497
4.0,0.02950020242007395,-2.9453425,-2.0368503e-07,-1.4726675,-1.4726675,-1.4726615,-1.4726615,2.9453044,9.719504,0.8413171169486894
4.0,0.02951020242007395,-2.9453425,-1.8588813e-07,-1.4726675,-1.4726675,-1.4726615,-1.4726615,2.9453044,9.719504,0.8416033859458818
4.0,0.029520202420073954,-2.9453425,-2.0368485e-07,-1.4726675,-1.4726675,-1.4726615,-1.4726615,2.9453044,9.719504,0.8418896549430742
4.0,0.029530202420073953,-2.9453425,-1.8588833e-07,-1.4726675,-1.4726675,-1.4726615,-1.4726615,2.9453044,9.719504,0.8421759239402666
4.0,0.029540202420073953,-2.9453425,-2.0368466e-07,-1.4726675,-1.4726675,-1.4726615,-1.4726615,2.9453044,9.719504,0.842462192937459
4.0,0.029550202420073952,-2.9453425,-1.8588851e-07,-1.4726675,-1.4726675,-1.4726615,-1.4726615,2.9453044,9.719504,0.8427484619346515
4.0,0.029560202420073952,-2.9453425,-2.0368448e-07,-1.4726675,-1.4726675,-1.4726615,-1.4726615,2.9453044,9.719504,0.8430347309318439
4.0,0.02957020242007395,-2.9453425,-1.858887e-07,-1.4726675,-1.4726675,-1.4726615,-1.4726615,2.9453044,9.719504,0.8433209999290363
4.0,0.02958020242007395,-2.9453425,-2.0368428e-07,-1.4726675,-1.4726675,-1.4726615,-1.4726615,2.9453044,9.719504,0.8436072689262287
4.0,0.02959020242007395,-2.9453425,-1.8588888e-07,-1.4726675,-1.4726675,-1.4726615,-1.4726615,2.9453044,9.719504,0.8438935379234211
4.0,0.02960020242007395,-2.9453425,-2.036841e-07,-1.4726675,-1.4726675,-1.4726615,-1.4726615,2.9453044,9.719504,0.8441798069206136
4.0,0.029610202420073953,-2.9453425,-1.8588906e-07,-1.4726675,-1.4726675,-1.4726615,-1.4726615,2.9453044,9.719504,0.844466075917806
4.0,0.029620202420073953,-2.9453425,-2.0368391e-07,-1.4726675,-1.4726675,-1.4726615,-1.4726615,2.9453044,9.719504,0.8447523449149984
4.0,0.029630202420073953,-2.9453425,-1.8588925e-07,-1.4726675,-1.4726675,-1.4726615,-1.4726615,2.9453044,9.719504,0.8450386139121908
4.0,0.029640202420073952,-2.9453425,-2.0368373e-07,-1.4726675,-1.4726675,-1.4726615,-1.4726615,2.9453044,9.719504,0.8453248829093832
4.0,0.029650202420073952,-2.9453425,-1.8588945e-07,-1.4726675,-1.4726675,-1.4726615,-1.4726615,2.9453044,9.719504,0.8456111519065757
4.0,0.02966020242007395,-2.9453425,-2.0368354e-07,-1.4726675,-1.4726675,-1.4726615,-1.4726615,2.9453044,9.719504,0.8458974209037681
4.0,0.02967020242007395,-2.9453425,-1.8588963e-07,-1.4726675,-1.4726675,-1.4726615,-1.4726615,2.9453044,9.719504,0.8461836899009605
4.0,0.02968020242007395,-2.9453425,-2.0368336e-07,-1.4726675,-1.4726675,-1.4726615,-1.4726615,2.9453044,9.719504,0.8464699588981529
4.0,0.029690202420073954,-2.9453425,-1.8588982e-07,-1.4726675,-1.4726675,-1.4726615,-1.4726615,2.9453044,9.719504,0.8467562278953453
4.0,0.029700202420073953,-2.9453425,-2.0368317e-07,-1.4726675,-1.4726675,-1.4726615,-1.4726615,2.9453044,9.719504,0.8470424968925377
4.0,0.029710202420073953,-2.9453425,-1.8589e-07,-1.4726675,-1.4726675,-1.4726615,-1.4726615,2.9453044,9.719504,0.8473287658897302
4.0,0.029720202420073952,-2.9453425,-2.0368297e-07,-1.4726675,-1.4726675,-1.4726615,-1.4726615,2.9453044,9.719504,0.8476150348869226
4.0,0.029730202420073952,-2.9453425,-1.8589019e-07,-1.4726675,-1.4726675,-1.4726615,-1.4726615,2.9453044,9.719504,0.847901303884115
4.0,0.02974020242007395,-2.9453425,-2.0368279e-07,-1.4726675,-1.4726675,-1.4726615,-1.4726615,2.9453044,9.719504,0.8481875728813074
4.0,0.02975020242007395,-2.9453425,-1.8589037e-07,-1.4726675,-1.4726675,-1.4726615,-1.4726615,2.9453044,9.719504,0.8484738418784998
4.0,0.02976020242007395,-2.9453425,-2.036826e-07,-1.4726675,-1.4726675,-1.4726615,-1.4726615,2.9453044,9.719504,0.8487601108756923
4.0,0.02977020242007395,-2.9453425,-1.8589056e-07,-1.4726675,-1.4726675,-1.4726615,-1.4726615,2.9453044,9.719504,0.8490463798728847
4.0,0.029780202420073953,-2.9453425,-2.0368242e-07,-1.4726675,-1.4726675,-1.4726615,-1.4726615,2.9453044,9.719504,0.8493326488700771
4.0,0.029790202420073953,-2.9453425,-1.8589074e-07,-1.4726675,-1.4726675,-1.4726615,-1.4726615,2.9453044,9.719504,0.8496189178672695
4.0,0.029800202420073953,-2.9453425,-2.0368223e-07,-1.4726675,-1.4726675,-1.4726615,-1.4726615,2.9453044,9.719504,0.8499051868644619
4.0,0.029810202420073952,-2.9453425,-1.8589093e-07,-1.4726675,-1.4726675,-1.4726615,-1.4726615,2.9453044,9.719504,0.8501914558616543
4.0,0.029820202420073952,-2.9453425,-2.0368205e-07,-1.4726675,-1.4726675,-1.4726615,-1.4726615,2.9453044,9.719504,0.8504777248588468
4.0,0.02983020242007395,-2.9453425,-1.8589111e-07,-1.4726675,-1.4726675,-1.4726615,-1.4726615,2.9453044,9.719504,0.8507639938560392
4.0,0.02984020242007395,-2.9453425,-2.0368186e-07,-1.4726675,-1.4726675,-1.4726615,-1.4726615,2.9453044,9.719504,0.8510502628532316
4.0,0.02985020242007395,-2.9453425,-1.858913e-07,-1.4726675,-1.4726675,-1.4726615,-1.4726615,2.9453044,9.719504,0.851336531850424
4.0,0.02986020242007395,-2.9453425,-2.0368168e-07,-1.4726675,-1.4726675,-1.4726615,-1.4726615,2.9453044,9.719504,0.8516228008476164
4.0,0.029870202420073953,-2.9453425,-1.8589148e-07,-1.4726675,-1.4726675,-1.4726615,-1.4726615,2.9453044,9.719504,0.8519090698448089
4.0,0.029880202420073953,-2.9453425,-2.036815e-07,-1.4726675,-1.4726675,-1.4726615,-1.4726615,2.9453044,9.719504,0.8521953388420013
4.0,0.029890202420073952,-2.9453425,-1.8589166e-07,-1.4726675,-1.4726675,-1.4726615,-1.4726615,2.9453044,9.719504,0.8524816078391937
4.0,0.029900202420073952,-2.9453425,-2.0368131e-07,-1.4726675,-1.4726675,-1.4726615,-1.4726615,2.9453044,9.719504,0.8527678768363861
4.0,0.02991020242007395,-2.9453425,-1.8589185e-07,-1.4726675,-1.4726675,-1.4726615,-1.4726615,2.9453044,9.719504,0.8530541458335785
4.0,0.02992020242007395,-2.9453425,-2.0368113e-07,-1.4726675,-1.4726675,-1.4726615,-1.4726615,2.9453044,9.719504,0.8533404148307709
4.0,0.02993020242007395,-2.9453425,-1.8589203e-07,-1.4726675,-1.4726675,-1.4726615,-1.4726615,2.9453044,9.719504,0.8536266838279634
4.0,0.02994020242007395,-2.9453425,-2.0368094e-07,-1.4726675,-1.4726675,-1.4726615,-1.4726615,2.9453044,9.719504,0.8539129528251558
4.0,0.029950202420073953,-2.9453425,-1.8589222e-07,-1.4726675,-1.4726675,-1.4726615,-1.4726615,2.9453044,9.719504,0.8541992218223482
4.0,0.029960202420073953,-2.9453425,-2.0368076e-07,-1.4726675,-1.4726675,-1.4726615,-1.4726615,2.9453044,9.719504,0.8544854908195406
4.0,0.029970202420073953,-2.9453425,-1.858924e-07,-1.4726675,-1.4726675,-1.4726615,-1.4726615,2.9453044,9.719504,0.854771759816733
4.0,0.029980202420073952,-2.9453425,-2.0368057e-07,-1.4726675,-1.4726675,-1.4726615,-1.4726615,2.9453044,9.719504,0.8550580288139255
4.0,0.029990202420073952,-2.9453425,-1.8589259e-07,-1.4726675,-1.4726675,-1.4726615,-1.4726615,2.9453044,9.719504,0.8553414004815387
4.0,0.03,-2.9453425,-2.0368039e-07,-1.4726675,-1.4726675,-1.4726615,-1.4726615,2.9453044,9.719504,0.8554816376648693
4.0,0.030000000001,-2.9453425,-1.985689e-07,-1.4726675,-1.4726675,-1.4726615,-1.4726615,2.9453044,9.719504,0.8554816376934962
4.0,0.030000000002,-2.9453425,-1.9837779e-07,-1.4726675,-1.4726675,-1.4726615,-1.4726615,2.9453044,9.719504,0.8554816377376704
4.0,0.030000000004086202,-2.9453425,-1.9456529e-07,-1.4726675,-1.4726675,-1.4726615,-1.4726615,2.9453044,9.719504,0.8554816377822521
4.0,0.030000000005114668,-2.9453425,-1.9496795e-07,-1.4726675,-1.4726675,-1.4726615,-1.4726615,2.9453044,9.719504,0.8554816402995279
4.0,0.030000000179954064,-2.9453425,-1.867212e-07,-1.4726675,-1.4726675,-1.4726615,-1.4726615,2.9453044,9.719504,0.8554816453046377
4.0,0.030000000354793457,-2.9453423,-1.8639079e-07,-1.4726675,-1.4726675,-1.4726615,-1.4726615,2.9453044,9.719504,0.8554816528319302
4.0,0.030000000705843535,-2.9453423,-1.8284588e-07,-1.4726675,-1.4726675,-1.4726614,-1.4726614,2.9453044,9.719504,0.8554816679061433
4.0,0.03000000140794369,-2.945342,-1.7450002e-07,-1.4726675,-1.4726675,-1.4726615,-1.4726615,2.9453044,9.719504,0.8554816980545694
4.0,0.030000002812144,-2.9453418,-1.549655e-07,-1.4726675,-1.4726675,-1.4726615,-1.4726615,2.9453044,9.719504,0.8554817583514216
4.0,0.030000005620544622,-2.945341,-1.194983e-07,-1.4726676,-1.4726676,-1.4726616,-1.4726616,2.9453044,9.719504,0.8554818789451261
4.0,0.030000011237345865,-2.9453409,-6.834864e-08,-1.4726682,-1.4726682,-1.4726621,-1.4726621,2.9453044,9.719504,0.8554821023434909
4.0,0.03000002122812819,-2.9453425,-1.7261964e-08,-1.4726701,-1.4726701,-1.4726641,-1.4726641,2.9453044,9.719504,0.8554824698839597
4.0,0.03000003691532514,-2.9453504,1.8323671e-08,-1.4726757,-1.4726757,-1.4726696,-1.4726696,2.9453044,9.719504,0.8554830249676865
4.0,0.03000006000869697,-2.9453657,5.118343e-08,-1.4726887,-1.4726887,-1.4726826,-1.4726826,2.9453044,9.719504,0.8554835884972803
4.0,0.03000007628595901,-2.9453862,3.5283055e-08,-1.4727007,-1.4727007,-1.4726948,-1.4726948,2.9453044,9.719504,0.8554839871542086
4.0,0.030000087860607733,-2.945419,-7.529383e-09,-1.4727107,-1.4727107,-1.4727046,-1.4727046,2.9453044,9.719504,0.855484329885204
4.0,0.030000100230640325,-2.9454513,6.260792e-08,-1.4727224,-1.4727224,-1.4727165,-1.4727163,2.9453044,9.719504,0.8554847340731959
4.0,0.030000116098942722,-2.9454982,1.7672686e-08,-1.4727389,-1.4727389,-1.4727328,-1.4727328,2.9453044,9.719504,0.8554852178961725
4.0,0.030000134032622472,-2.9455545,1.2207539e-07,-1.472759,-1.472759,-1.4727529,-1.4727529,2.9453044,9.719504,0.8554858489399944
4.0,0.030000160186414857,-2.945639,1.2486358e-07,-1.4727907,-1.4727907,-1.4727846,-1.4727846,2.9453044,9.719504,0.8554866425748012
4.0,0.030000189479409564,-2.9457355,2.7181346e-07,-1.4728287,-1.4728287,-1.4728227,-1.4728227,2.9453044,9.719504,0.8554877973388936
4.0,0.030000240863268007,-2.9459002,3.5066134e-07,-1.472899,-1.472899,-1.4728929,-1.4728929,2.9453046,9.719505,0.8554893244570233
4.0,0.030000296170524653,-2.9460633,5.426518e-07,-1.4729766,-1.4729766,-1.4729705,-1.4729705,2.9453046,9.719505,0.8554902478354359
4.0,0.030000305374500352,-2.9460893,5.266358e-07,-1.4729894,-1.4729894,-1.4729835,-1.4729835,2.9453049,9.719506,0.8554906430575017
4.0,0.03000032378245175,-2.9461412,5.581221e-07,-1.4730153,-1.4730153,-1.4730092,-1.4730092,2.9453049,9.719506,0.855491433501633
4.0,0.030000360598354547,-2.946243,6.19316e-07,-1.4730661,-1.4730661,-1.47306,-1.47306,2.9453049,9.719505,0.8554930143896852
4.0,0.03000043423016014,-2.9464357,7.4060773e-07,-1.4731622,-1.4731622,-1.4731562,-1.4731562,2.945305,9.719507,0.855495470329139
4.0,0.03000053218089885,-2.946633,8.910065e-07,-1.4732608,-1.4732608,-1.4732547,-1.4732547,2.9453056,9.719509,0.8554996013044031
4.0,0.03000072283784917,-2.9463599,9.855792e-07,-1.4731239,-1.4731239,-1.4731178,-1.4731178,2.945306,9.71951,0.8555049363653751
4.0,0.03000090491109188,-2.9448664,8.516028e-07,-1.472377,-1.472377,-1.472371,-1.472371,2.9453058,9.719508,0.8555099549911829
4.0,0.030001073460620767,-2.942316,5.732478e-07,-1.4711016,-1.4711016,-1.4710956,-1.4710956,2.945304,9.719502,0.8555146132908673
4.0,0.030001230360343623,-2.9390233,2.2187949e-07,-1.4694551,-1.4694551,-1.4694492,-1.4694492,2.9453008,9.719492,0.8555194104192968
4.0,0.030001408609772247,-2.9343078,-2.3093212e-07,-1.4670975,-1.4670975,-1.4670914,-1.4670914,2.9452946,9.719472,0.8555248746418753
4.0,0.03000161211729525,-2.9278116,-7.718414e-07,-1.4638493,-1.4638493,-1.4638432,-1.4638432,2.9452837,9.719436,0.8555309451919728
4.0,0.030001832730854546,-2.919646,-1.340548e-06,-1.4597665,-1.4597665,-1.4597605,-1.4597605,2.9452667,9.71938,0.855538362704461
4.0,0.030002130350309904,-2.907334,-1.9963313e-06,-1.4536105,-1.4536105,-1.4536045,-1.4536046,2.9452343,9.719273,0.8555456442471674
4.0,0.030002341475404534,-2.8980272,-2.3641126e-06,-1.4489571,-1.4489571,-1.448951,-1.448951,2.9452043,9.719173,0.8555520427836224
4.0,0.030002577410400043,-2.8874786,-2.674633e-06,-1.4436827,-1.4436827,-1.4436766,-1.4436766,2.9451635,9.719039,0.8555589463735792
4.0,0.030002823836475175,-2.876625,-2.921168e-06,-1.4382559,-1.4382559,-1.4382498,-1.43825,2.945113,9.718872,0.8555665014758426
4.0,0.03000310531143462,-2.8646033,-3.1384545e-06,-1.432245,-1.432245,-1.4322389,-1.4322389,2.9450457,9.718651,0.8555744161788474
4.0,0.03000337688929762,-2.8534005,-3.3044441e-06,-1.4266435,-1.4266435,-1.4266374,-1.4266374,2.9449713,9.718406,0.8555832195910998
4.0,0.030003720495303483,-2.8397686,-3.4657844e-06,-1.4198273,-1.4198273,-1.4198214,-1.4198214,2.9448647,9.718054,0.8555928081670247
4.0,0.03000404698902856,-2.8273497,-3.586053e-06,-1.4136177,-1.4136177,-1.4136118,-1.4136118,2.9447508,9.717678,0.8556024298391394
4.0,0.0300043929600029,-2.814722,-3.6846302e-06,-1.4073038,-1.4073038,-1.4072978,-1.4072978,2.9446173,9.7172365,0.8556120673680896
4.0,0.030004720623125498,-2.8032348,-3.7622067e-06,-1.40156,-1.40156,-1.401554,-1.401554,2.944479,9.716781,0.855621720426753
4.0,0.03000506774291207,-2.7915301,-3.828283e-06,-1.3957076,-1.3957076,-1.3957015,-1.3957015,2.9443207,9.716258,0.8556316137349138
4.0,0.030005412274743525,-2.7803519,-3.886326e-06,-1.3901182,-1.3901182,-1.3901123,-1.3901123,2.9441519,9.715701,0.8556418329848213
4.0,0.030005782263352765,-2.7687962,-3.9384986e-06,-1.3843403,-1.3843403,-1.3843342,-1.3843342,2.9439583,9.715063,0.8556525411496617
4.0,0.030006161078073672,-2.7574067,-3.9887695e-06,-1.3786453,-1.3786453,-1.3786392,-1.3786393,2.9437473,9.714367,0.8556638922407273
4.0,0.03000657613916853,-2.7453938,-4.0372984e-06,-1.3726387,-1.3726387,-1.3726327,-1.3726327,2.9435017,9.713556,0.8556761264205496
4.0,0.030007016858412533,-2.7331197,-4.08929e-06,-1.3665016,-1.3665016,-1.3664955,-1.3664956,2.9432254,9.712644,0.8556895312030669
4.0,0.030007513979228604,-2.719803,-4.1463245e-06,-1.359843,-1.359843,-1.3598369,-1.359837,2.942895,9.711554,0.8557045240039775
4.0,0.03000806603671385,-2.705586,-4.220141e-06,-1.3527342,-1.3527342,-1.3527282,-1.3527282,2.9425056,9.710269,0.8557206913689482
4.0,0.030008645651498765,-2.6912093,-4.318298e-06,-1.3455458,-1.3455458,-1.3455397,-1.3455398,2.9420729,9.70884,0.8557381534968764
4.0,0.03000928869861727,-2.6758,-4.494723e-06,-1.337841,-1.337841,-1.337835,-1.3378351,2.9415646,9.707164,0.8557579426284876
4.0,0.030010031724145462,-2.658545,-4.893082e-06,-1.3292131,-1.3292131,-1.3292072,-1.3292072,2.940942,9.705109,0.8557825320026836
4.0,0.030011011719756765,-2.6363947,-6.191776e-06,-1.3181373,-1.3181373,-1.3181312,-1.3181312,2.9400651,9.702215,0.855811856061198
4.0,0.030012087738861545,-2.6124618,-9.599574e-06,-1.3061693,-1.3061693,-1.3061632,-1.3061632,2.9390302,9.698799,0.8558438496680268
4.0,0.03001325648628786,-2.58638,-1.6114567e-05,-1.2931252,-1.2931252,-1.2931191,-1.2931191,2.9378214,9.69481,0.8558792877553821
4.0,0.030014576226972414,-2.556059,-2.5303114e-05,-1.2779603,-1.2779603,-1.2779542,-1.2779542,2.9363487,9.689951,0.8559143564399198
4.0,0.030015721505202937,-2.5283105,-3.325395e-05,-1.2640826,-1.2640826,-1.2640765,-1.2640766,2.9349747,9.685416,0.8559440207420463
4.0,0.030016663318492138,-2.5039866,-3.9265764e-05,-1.251918,-1.251918,-1.251912,-1.251912,2.9337735,9.681453,0.8559671154028875
4.0,0.030017347707072716,-2.4851959,-4.3265583e-05,-1.2425212,-1.2425212,-1.2425151,-1.2425151,2.9328578,9.678431,0.8559844960549902
4.0,0.030017887935050332,-2.4695628,-4.6194113e-05,-1.2347034,-1.2347034,-1.2346973,-1.2346973,2.932108,9.675957,0.8559991711319216
4.0,0.030018382221430294,-2.454546,-4.8711274e-05,-1.2271942,-1.2271942,-1.2271881,-1.2271882,2.9313998,9.673619,0.8560134435095649
4.0,0.03001889454743029,-2.438169,-5.116355e-05,-1.2190049,-1.2190049,-1.2189989,-1.2189989,2.9306424,9.67112,0.8560273592081797
4.0,0.030019364185147467,-2.422343,-5.3306103e-05,-1.2110914,-1.2110914,-1.2110853,-1.2110853,2.929926,9.668755,0.8560405753617512
4.0,0.030019827603806257,-2.4058764,-5.5357068e-05,-1.2028576,-1.2028576,-1.2028517,-1.2028517,2.929197,9.66635,0.8560535034426623
4.0,0.030020277357857974,-2.389001,-5.7385358e-05,-1.1944196,-1.1944196,-1.1944135,-1.1944135,2.9284675,9.663943,0.8560661758123671
4.0,0.03002072316039867,-2.371313,-5.955854e-05,-1.1855756,-1.1855756,-1.1855695,-1.1855696,2.927722,9.661483,0.8560789219579077
4.0,0.03002117858707623,-2.3521538,-6.2147155e-05,-1.1759961,-1.1759961,-1.1759901,-1.1759901,2.9269357,9.658887,0.8560922815996751
4.0,0.03002166827516305,-2.3301938,-6.541941e-05,-1.1650168,-1.1650168,-1.1650107,-1.1650107,2.9260604,9.655999,0.8561061169601114
4.0,0.030022157941638317,-2.3066723,-6.8949135e-05,-1.1532567,-1.1532567,-1.1532507,-1.1532507,2.9251523,9.653003,0.8561201855407665
4.0,0.030022664756940952,-2.2804937,-7.237772e-05,-1.1401682,-1.1401682,-1.1401622,-1.1401622,2.924175,9.649778,0.8561346016433863
4.0,0.030023179721041883,-2.2517602,-7.545964e-05,-1.1258023,-1.1258023,-1.1257962,-1.1257962,2.9231403,9.646363,0.8561492297452252
4.0,0.03002370229655815,-2.220136,-7.8134086e-05,-1.1099908,-1.1099908,-1.1099848,-1.1099848,2.9220436,9.642743,0.8561640554251664
4.0,0.03002423206407553,-2.1852221,-8.047828e-05,-1.0925345,-1.0925345,-1.0925285,-1.0925286,2.9208791,9.638901,0.8561791125787651
4.0,0.030024771922137126,-2.1463015,-8.247282e-05,-1.0730748,-1.0730748,-1.0730687,-1.0730689,2.919633,9.6347885,0.8561945593562686
4.0,0.03002533030458941,-2.1020098,-8.414551e-05,-1.0509295,-1.0509295,-1.0509235,-1.0509235,2.9182749,9.630307,0.8562107821643923
4.0,0.03002592641083853,-2.0495274,-8.542915e-05,-1.024689,-1.024689,-1.0246829,-1.0246829,2.9167385,9.6252365,0.8562286923590281
4.0,0.030026606218529487,-1.9820267,-8.6464584e-05,-0.99093914,-0.99093914,-0.99093306,-0.9909331,2.9148643,9.619052,0.8562507652091018
4.0,0.030027500893205526,-1.8781222,-8.7750355e-05,-0.938988,-0.938988,-0.9389819,-0.93898195,2.9121668,9.61015,0.8562844699617208
4.0,0.0300290148741715,-1.666422,-9.0607165e-05,-0.83314055,-0.83314055,-0.8331345,-0.83313453,2.9068859,9.592724,0.8563204863387879
4.0,0.03003008410556773,-1.5201306,-9.181952e-05,-0.7599954,-0.7599954,-0.7599893,-0.7599894,2.9025931,9.578558,0.8563511647166869
4.0,0.03003122174086131,-1.3713526,-9.404434e-05,-0.6856089,-0.6856089,-0.68560284,-0.6856029,2.8975353,9.561867,0.8563848118681434
4.0,0.03003251299010721,-1.2105312,-9.542226e-05,-0.6051994,-0.6051994,-0.6051933,-0.6051934,2.891214,9.541005,0.8564216936897687
4.0,0.03003389578150237,-1.0476936,-9.760983e-05,-0.52378374,-0.52378374,-0.52377766,-0.5237777,2.883798,9.516533,0.8564701753365104
4.0,0.030036046153948868,-0.81359386,-9.9301076e-05,-0.4067365,-0.4067365,-0.40673044,-0.40673047,2.871044,9.474445,0.8565350296141382
4.0,0.030038664206739042,-0.5617366,-0.00010154284,-0.28081283,-0.28081283,-0.28080675,-0.2808068,2.8537188,9.417272,0.8566171556576962
4.0,0.030042158031287607,-0.28886232,-0.000102097765,-0.14437947,-0.14437947,-0.14437339,-0.14437342,2.8280675,9.3326235,0.8567023076937623
4.0,0.030045116758691915,-0.12261156,-0.00010226164,-0.061257973,-0.061257973,-0.061251886,-0.061251916,2.8046167,9.255236,0.8567652365786079
4.0,0.030047006661282995,-0.0514326,-0.000101084224,-0.025669025,-0.025669025,-0.025662944,-0.025662951,2.7890801,9.203964,0.8568058366955432
4.0,0.030048279920253575,-0.020205036,-0.00010084918,-0.01005685,-0.01005685,-0.010050761,-0.0100507755,2.7784708,9.168953,0.8568331590570358
4.0,0.03004915163832874,-0.00701014,-9.98903e-05,-0.0034589616,-0.0034589616,-0.0034528796,-0.003452879,2.7711747,9.1448765,0.8568511355206451
4.0,0.030049698626571135,-0.0022611897,-0.00010032771,-0.0010857813,-0.0010857813,-0.0010796952,-0.0010797046,2.7665925,9.129755,0.8568622896636728
4.0,0.03005003484405747,-0.0007225075,-0.000101536185,-0.00031676827,-0.00031676827,-0.0003106978,-0.00031069323,2.763777,9.120464,0.8568687288414729
4.0,0.030050209531926057,-0.00034596107,-0.00011807118,-0.0001384765,-0.0001384765,-0.000132454,-0.00013246114,2.762315,9.11564,0.856872492971624
4.0,0.030050333818632768,-0.00022261747,-0.00014178507,-8.9629975e-05,-8.9629975e-05,-8.371729e-05,-8.371183e-05,2.7612753,9.112208,0.8568755215960873
4.0,0.030050450268497477,-0.00019702624,-0.00014575725,-8.004369e-05,-8.004369e-05,-7.421224e-05,-7.421908e-05,2.7603014,9.1089945,0.856878320636363
4.0,0.03005055646325179,-0.00018765983,-0.00014766541,-7.61707e-05,-7.61707e-05,-7.0384944e-05,-7.037947e-05,2.7594135,9.106064,0.8568809728147667
4.0,0.030050661367048453,-0.000184209,-0.00014801917,-7.56002e-05,-7.56002e-05,-6.983497e-05,-6.984171e-05,2.7585368,9.103171,0.856884449037475
4.0,0.030050833326997817,-0.00017983872,-0.00014817769,-7.3472256e-05,-7.3472256e-05,-6.773983e-05,-6.773432e-05,2.7571,9.09843,0.8568898632754849
4.0,0.030051093033564732,-0.00017719207,-0.00014812192,-7.357205e-05,-7.357205e-05,-6.7859764e-05,-6.7866386e-05,2.754932,9.091276,0.8568984760223426
4.0,0.030051521085481578,-0.00017132759,-0.00014768608,-7.119688e-05,-7.119688e-05,-6.552096e-05,-6.5515305e-05,2.751362,9.079494,0.8569088466568678
4.0,0.030051923316135102,-0.00016689186,-0.0001477707,-7.092264e-05,-7.092264e-05,-6.5264394e-05,-6.5270855e-05,2.7480116,9.068439,0.8569201670005742
4.0,0.03005242961395875,-0.00015835294,-0.00014797242,-6.777419e-05,-6.777419e-05,-6.21477e-05,-6.214193e-05,2.7438002,9.05454,0.8569338222669217
4.0,0.030053022603712946,-0.00014687424,-0.0001499774,-6.553248e-05,-6.553248e-05,-5.992698e-05,-5.993333e-05,2.7388759,9.03829,0.8569494408201113
4.0,0.030053691476835346,-0.00012419868,-0.00015516426,-5.8264042e-05,-5.8264042e-05,-5.269e-05,-5.2684147e-05,2.733332,9.019995,0.8569680114192899
4.0,0.03005452906245902,-8.045191e-05,-0.00017116223,-4.7350248e-05,-4.7350248e-05,-4.1783704e-05,-4.178996e-05,2.7264054,8.997138,0.8569872819609643
4.0,0.0300552626682341,-7.9555895e-05,-0.00017597631,-4.940325e-05,-4.940325e-05,-4.3753702e-05,-4.3747597e-05,2.7203531,8.977165,0.8570048499081785
4.0,0.030055967816401883,-8.337386e-05,-0.00017832492,-5.356032e-05,-5.356032e-05,-4.779788e-05,-4.78039e-05,2.7145483,8.95801,0.857018112714189
4.0,0.030056353496326887,-8.339575e-05,-0.00017832364,-5.3240405e-05,-5.3240405e-05,-4.745063e-05,-4.7444475e-05,2.7113788,8.947551,0.8570283887682791
4.0,0.030056814969671688,-8.459952e-05,-0.00017859942,-5.503925e-05,-5.503925e-05,-4.9215072e-05,-4.9221126e-05,2.707591,8.935051,0.8570400145031781
4.0,0.03005731460012358,-8.390157e-05,-0.00017783063,-5.4173724e-05,-5.4173724e-05,-4.833905e-05,-4.833298e-05,2.7034962,8.921537,0.8570512901576285
4.0,0.03005774995820284,-8.4586085e-05,-0.0001776531,-5.5521705e-05,-5.5521705e-05,-4.967238e-05,-4.9678503e-05,2.699933,8.90978,0.8570609847312509
4.0,0.03005812060698986,-8.3644365e-05,-0.00017677984,-5.4383276e-05,-5.4383276e-05,-4.8535847e-05,-4.8529844e-05,2.6969032,8.89978,0.8570712008476201
4.0,0.030058601235745056,-8.419565e-05,-0.00017642035,-5.5639575e-05,-5.5639575e-05,-4.978264e-05,-4.9788803e-05,2.6929796,8.886833,0.8570826605662425
4.0,0.03005907829458605,-8.313431e-05,-0.00017530924,-5.4456385e-05,-5.4456385e-05,-4.8603666e-05,-4.8597718e-05,2.6890905,8.873999,0.8570954643538099
4.0,0.030059674344347316,-8.358795e-05,-0.00017470961,-5.5688688e-05,-5.5688688e-05,-4.9828494e-05,-4.9834685e-05,2.6842394,8.85799,0.8571100023920569
4.0,0.030060301161977037,-8.241744e-05,-0.00017330034,-5.4494198e-05,-5.4494198e-05,-4.863929e-05,-4.8633377e-05,2.6791475,8.841187,0.8571274001164865
4.0,0.030061143322310305,-8.272463e-05,-0.00017224596,-5.5730376e-05,-5.5730376e-05,-4.9868733e-05,-4.9874943e-05,2.6723213,8.81866,0.8571481052381696
4.0,0.030062058343111084,-8.1388214e-05,-0.0001703123,-5.4543554e-05,-5.4543554e-05,-4.8687587e-05,-4.8681693e-05,2.6649241,8.79425,0.8571726005385091
4.0,0.030063233720970823,-8.152184e-05,-0.0001686696,-5.5793207e-05,-5.5793207e-05,-4.9930844e-05,-4.993706e-05,2.6554525,8.762993,0.8572030911655775
4.0,0.030064678971074198,-7.99107e-05,-0.00016583226,-5.4623728e-05,-5.4623728e-05,-4.8767273e-05,-4.8761387e-05,2.643852,8.724711,0.8572441715751825
4.0,0.030066795578668443,-7.9571015e-05,-0.00016262887,-5.5902292e-05,-5.5902292e-05,-5.0039776e-05,-5.0045997e-05,2.6269543,8.668949,0.857281937052452
4.0,0.030067995669514194,-7.812157e-05,-0.00016022082,-5.47279e-05,-5.47279e-05,-4.8871574e-05,-4.8865688e-05,2.6174214,8.637491,0.8573066645847557
4.0,0.030068983085974593,-7.8393656e-05,-0.00015885252,-5.599098e-05,-5.599098e-05,-5.0128667e-05,-5.013488e-05,2.6096041,8.611692,0.8573214797769585
4.0,0.03006931415132014,-6.986863e-05,-0.00019860802,-7.108646e-05,-7.108646e-05,-6.521051e-05,-6.5204506e-05,2.6069882,8.603061,0.8573276883760952
4.0,0.030069536731206284,0.00011641543,-0.0012350559,-0.0004885036,-0.0004885036,-0.00048214287,-0.00048214468,2.6052315,8.597264,0.8573311786520943
4.0,0.03006962581283344,0.000107789696,-0.0012756988,-0.00051269453,-0.00051269453,-0.0005061072,-0.0005061029,2.604529,8.594946,0.8573334090560338
4.0,0.03006973600087892,0.00013007052,-0.0013162489,-0.0005214608,-0.0005214608,-0.00051476853,-0.0005147705,2.6036599,8.592078,0.8573359135728282
4.0,0.030069849721789797,0.00012828092,-0.0013536882,-0.00054008246,-0.00054008246,-0.0005333152,-0.00053331093,2.6027634,8.589119,0.8573390553141366
4.0,0.030070017072578028,0.00014254879,-0.0013876343,-0.00054965,-0.00054965,-0.0005428133,-0.00054281554,2.601445,8.584767,0.8573433066039897
4.0,0.03007023044340733,0.00014175179,-0.0014176355,-0.00056348316,-0.00056348316,-0.0005565793,-0.00055657525,2.5997646,8.579224,0.857349336292749
4.0,0.03007055775575961,0.0001509326,-0.0014429948,-0.00057073747,-0.00057073747,-0.0005637539,-0.0005637565,2.5971892,8.5707245,0.8573585264760389
4.0,0.030071056163895153,0.00014875174,-0.001470349,-0.00058267557,-0.00058267557,-0.0005755907,-0.000575587,2.5932724,8.557799,0.8573665325092491
4.0,0.030071279257095702,6.0462015e-05,-0.0022857487,-0.0010397425,-0.0010397425,-0.001032943,-0.0010329428,2.5915217,8.552022,0.8573697798912289
4.0,0.030071349212541548,-2.447358e-05,-0.0032923564,-0.0015891583,-0.0015891583,-0.0015826413,-0.0015826281,2.5909734,8.550213,0.8573709829850501
4.0,0.030071387872048574,3.3992306e-05,-0.004308293,-0.0020658895,-0.0020658895,-0.002059467,-0.002059459,2.5906708,8.549213,0.8573716118404354
4.0,0.030071405998688107,-2.7658027e-06,-0.0047421693,-0.002301887,-0.002301887,-0.002295487,-0.0022954727,2.590529,8.548745,0.8573719002275035
4.0,0.030071413916485476,1.24683565e-05,-0.004964635,-0.0024061254,-0.0024061254,-0.0023997368,-0.0023997286,2.590467,8.54854,0.8573720490979039
4.0,0.030071419443921454,9.957877e-06,-0.0051128143,-0.002480522,-0.002480522,-0.0024741439,-0.002474129,2.5904236,8.548398,0.8573721725717619
4.0,0.030071425068401294,9.7606035e-06,-0.0052674473,-0.002558581,-0.002558581,-0.0025522069,-0.002552198,2.5903797,8.548252,0.8573722991088606
4.0,0.03007143087289199,1.0135304e-05,-0.005430023,-0.002639287,-0.002639287,-0.0026329232,-0.0026329083,2.5903342,8.548103,0.8573724918972812
4.0,0.030071442481873382,9.661884e-06,-0.0057623945,-0.0028060237,-0.0028060237,-0.0027996707,-0.0027996607,2.5902433,8.547803,0.8573728774470533
4.0,0.030071465699836167,1.008998e-05,-0.006458734,-0.003153723,-0.003153723,-0.003147397,-0.0031473807,2.590062,8.547204,0.8573736484385206
4.0,0.030071512135761737,9.596547e-06,-0.007974321,-0.00391205,-0.00391205,-0.00390576,-0.0039057473,2.589699,8.546007,0.8573751899895462
4.0,0.030071605007612877,1.0105765e-05,-0.011494879,-0.005671839,-0.005671839,-0.005665606,-0.005665585,2.5889742,8.543615,0.8573780147777782
4.0,0.030071767550809623,9.86615e-06,-0.019197116,-0.0095233265,-0.0095233265,-0.0095171435,-0.009517122,2.5877094,8.539441,0.8573824582692003
4.0,0.03007200717736448,1.079783e-05,-0.03402485,-0.016936436,-0.016936436,-0.016930299,-0.016930263,2.5858555,8.533323,0.8573886225574285
4.0,0.030072326266004965,1.1033864e-05,-0.05990651,-0.029877342,-0.029877342,-0.029871235,-0.029871194,2.58341,8.525253,0.8573955202122034
4.0,0.03007263354716421,1.2220659e-05,-0.09108199,-0.045464203,-0.045464203,-0.04545812,-0.045458063,2.581086,8.517584,0.8574020292827336
4.0,0.030072918413780455,1.2441624e-05,-0.12511195,-0.062479302,-0.062479302,-0.062473226,-0.06247317,2.5789628,8.510577,0.8574084871560543
4.0,0.0300732220051125,1.3661306e-05,-0.1664466,-0.08314576,-0.08314576,-0.0831397,-0.08313963,2.5767384,8.503237,0.8574148198822412
4.0,0.030073496464731616,1.3881959e-05,-0.20800675,-0.10392597,-0.10392597,-0.10391992,-0.10391985,2.574765,8.496724,0.8574206888848734
4.0,0.030073758548926202,1.501651e-05,-0.25114697,-0.12549528,-0.12549528,-0.12548925,-0.12548916,2.5729165,8.490625,0.857426846390814
4.0,0.030074060192531515,1.5321852e-05,-0.3046661,-0.15225497,-0.15225497,-0.15224892,-0.15224884,2.5708365,8.483761,0.8574336680960407
4.0,0.030074384096110587,1.662355e-05,-0.3663668,-0.18310447,-0.18310447,-0.18309844,-0.18309833,2.5686626,8.476587,0.8574414878882696
4.0,0.03007477847804464,1.717704e-05,-0.44682702,-0.22333458,-0.22333458,-0.22332855,-0.22332846,2.5661051,8.468147,0.857450564854294
4.0,0.030075219521870766,1.8781428e-05,-0.54293096,-0.27138558,-0.27138558,-0.27137956,-0.27137944,2.5633686,8.459116,0.8574612936324039
4.0,0.030075768042806664,1.9728392e-05,-0.67013663,-0.33498827,-0.33498827,-0.33498225,-0.33498213,2.5601578,8.448521,0.8574742556161169
4.0,0.030076418066138443,2.1843696e-05,-0.8298319,-0.4148347,-0.4148347,-0.4148287,-0.41482857,2.5566447,8.436928,0.8574905381177831
4.0,0.030077277762840287,2.3522804e-05,-1.0520996,-0.5259681,-0.5259681,-0.52596205,-0.52596194,2.5525093,8.42328,0.8575118458167129
4.0,0.030078400131597575,2.6672475e-05,-1.354083,-0.6769581,-0.6769581,-0.67695206,-0.67695194,2.5480196,8.408464,0.8575417336777843
4.0,0.030080067770332678,2.9951383e-05,-1.8111734,-0.90550214,-0.90550214,-0.9054961,-0.905496,2.5432918,8.392863,0.8575862163146102
4.0,0.030082568001626796,3.533043e-05,-2.4786909,-1.2392582,-1.2392582,-1.2392521,-1.239252,2.540486,8.383604,0.8576492892752489
4.0,0.03008599055075842,4.0245137e-05,-3.3005257,-1.6501738,-1.6501738,-1.6501677,-1.6501676,2.5443327,8.396298,0.8577243532497898
4.0,0.030089595484528074,4.482338e-05,-4.0158515,-2.0078347,-2.0078347,-2.0078287,-2.0078287,2.5566442,8.436925,0.8577987320480196
4.0,0.030092886986185997,4.706583e-05,-4.5352707,-2.2675443,-2.2675443,-2.2675383,-2.2675383,2.5738533,8.493716,0.8578752879588827
4.0,0.030096599178792687,4.958527e-05,-4.990462,-2.4951394,-2.4951394,-2.4951334,-2.4951332,2.5984674,8.574943,0.857954533006444
4.0,0.030100000000000002,5.0350187e-05,-5.307678,-2.6537485,-2.6537485,-2.6537423,-2.6537423,2.6247036,8.661522,0.8579931900312019
4.0,0.030100000001,5.0329087e-05,-5.307678,-2.6537485,-2.6537485,-2.6537426,-2.6537423,2.6247036,8.661522,0.8579931902244403
4.0,0.030100000017,5.0220544e-05,-5.3076797,-2.653749,-2.653749,-2.653743,-2.653743,2.6247036,8.661522,0.8579931907700546
4.0,0.030100000049,5.052775e-05,-5.3076825,-2.6537504,-2.6537504,-2.6537445,-2.6537442,2.624704,8.661523,0.8579931918612834
4.0,0.030100000113,5.0485854e-05,-5.3076873,-2.6537528,-2.6537528,-2.6537468,-2.6537468,2.6247046,8.661525,0.8579931940437421
4.0,0.030100000241,5.059175e-05,-5.307698,-2.653758,-2.653758,-2.653752,-2.653752,2.6247056,8.661529,0.857993198408663
4.0,0.030100000497,5.0559167e-05,-5.3077188,-2.6537683,-2.6537683,-2.6537623,-2.6537623,2.6247077,8.661535,0.8579932071385179
4.0,0.030100001009,5.0595314e-05,-5.3077602,-2.653789,-2.653789,-2.653783,-2.653783,2.6247118,8.661549,0.8579932245982821
4.0,0.030100002033,5.0557992e-05,-5.3078427,-2.6538305,-2.6538305,-2.6538246,-2.6538246,2.62472,8.661576,0.8579932595180331
4.0,0.030100004080999998,5.0592753e-05,-5.3080087,-2.6539133,-2.6539133,-2.6539073,-2.6539073,2.6247368,8.661632,0.8579933293584256
4.0,0.030100008176999996,5.055958e-05,-5.30834,-2.654079,-2.654079,-2.654073,-2.654073,2.6247702,8.661741,0.8579934690427615
4.0,0.03010001636899999,5.059575e-05,-5.3090024,-2.6544101,-2.6544101,-2.6544042,-2.6544042,2.6248372,8.6619625,0.8579937484256832
4.0,0.03010003275299998,5.056625e-05,-5.3103256,-2.655072,-2.655072,-2.655066,-2.655066,2.6249707,8.662403,0.857994307248386
4.0,0.03010006552099996,5.060895e-05,-5.3129673,-2.6563928,-2.6563928,-2.6563866,-2.6563866,2.6252382,8.663286,0.8579954251216041
4.0,0.03010013105699992,5.0592927e-05,-5.31823,-2.6590242,-2.6590242,-2.659018,-2.659018,2.6257737,8.665053,0.8579976617802277
4.0,0.03010026212899984,5.0661718e-05,-5.3286757,-2.664247,-2.664247,-2.664241,-2.664241,2.6268477,8.668598,0.8580021387582251
4.0,0.030100524272999682,5.0695955e-05,-5.349252,-2.6745353,-2.6745353,-2.6745293,-2.6745293,2.6290069,8.675722,0.8580111074382196
4.0,0.030101048560999363,5.085774e-05,-5.389175,-2.6944966,-2.6944966,-2.6944907,-2.6944907,2.6333673,8.690112,0.8580291043497087
4.0,0.030102097136998726,5.1049912e-05,-5.4643397,-2.7320795,-2.7320795,-2.7320735,-2.7320733,2.6422486,8.719421,0.8580653413736866
4.0,0.030104194288997452,5.1427814e-05,-5.59773,-2.798775,-2.798775,-2.798769,-2.798769,2.660582,8.779922,0.858138824639642
4.0,0.030108388592994903,5.1737545e-05,-5.808954,-2.904388,-2.904388,-2.904382,-2.904382,2.69906,8.9068985,0.8582757252555274
4.0,0.0301155835716041,5.164083e-05,-6.049729,-3.0247772,-3.0247772,-3.0247715,-3.0247715,2.768776,9.136961,0.858411360579466
4.0,0.030119111517245233,5.127278e-05,-6.1258106,-3.0628192,-3.0628192,-3.0628133,-3.0628133,2.8040798,9.253464,0.8584815992866849
4.0,0.03012099749131431,4.6332243e-05,-6.0432053,-3.0215237,-3.0215237,-3.0215178,-3.0215178,2.8227425,9.31505,0.8585276597714568
4.0,0.030122615016679663,4.36745e-05,-5.859317,-2.929583,-2.929583,-2.929577,-2.929577,2.8379786,9.365329,0.8585633585785699
4.0,0.03012368377310835,4.043298e-05,-5.7023005,-2.8510795,-2.8510795,-2.8510735,-2.8510735,2.847443,9.396562,0.8585933550466689
4.0,0.030124857225748928,3.886981e-05,-5.511047,-2.7554545,-2.7554545,-2.7554486,-2.7554486,2.8571758,9.42868,0.8586304078667513
4.0,0.030126434600750537,3.489147e-05,-5.240089,-2.6199808,-2.6199808,-2.6199749,-2.6199749,2.8690987,9.468025,0.8586801157862818
4.0,0.030128516969742867,3.2217424e-05,-4.884645,-2.4422622,-2.4422622,-2.4422562,-2.4422565,2.8827825,9.513182,0.8587413674294491
4.0,0.030130901540410916,2.7909566e-05,-4.5097795,-2.2548354,-2.2548354,-2.2548294,-2.2548294,2.895728,9.555903,0.858811085332747
4.0,0.03013355597447817,2.576617e-05,-4.152764,-2.0763304,-2.0763304,-2.0763245,-2.0763245,2.9071167,9.593486,0.8588892898480909
4.0,0.03013650973292329,2.2270799e-05,-3.8355446,-1.9177256,-1.9177256,-1.9177196,-1.9177196,2.9167035,9.625121,0.8589847771836973
4.0,0.030140358611485226,2.0695374e-05,-3.5339992,-1.766955,-1.766955,-1.766949,-1.766949,2.9255147,9.654199,0.8590946598279087
4.0,0.03014429082557549,1.8064906e-05,-3.3297179,-1.6648182,-1.6648182,-1.6648122,-1.6648122,2.9314477,9.673778,0.8592429766229296
4.0,0.030150818861733642,1.7009268e-05,-3.134411,-1.5671668,-1.5671668,-1.5671607,-1.5671607,2.9372737,9.693004,0.859433445884012
4.0,0.03015767070201614,1.485029e-05,-3.0420961,-1.5210127,-1.5210127,-1.5210066,-1.5210066,2.9403455,9.70314,0.8596411487456355
4.0,0.030165378876290807,1.4632525e-05,-2.9964874,-1.4982089,-1.4982089,-1.4982028,-1.4982028,2.9421518,9.709101,0.8598776292943716
4.0,0.030174227690744546,1.2739183e-05,-2.97373,-1.486833,-1.486833,-1.4868269,-1.4868269,2.9432788,9.71282,0.8601470498918872
4.0,0.030184227690744546,1.2577221e-05,-2.9619136,-1.4809247,-1.4809247,-1.4809188,-1.4809188,2.9440048,9.715215,0.8604330662798266
4.0,0.030194227690744545,1.0783031e-05,-2.955789,-1.4778649,-1.4778649,-1.4778588,-1.4778588,2.9444432,9.716662,0.860719167888103
4.0,0.030204227690744545,1.0800168e-05,-2.952172,-1.4760559,-1.4760559,-1.4760498,-1.4760498,2.944724,9.717588,0.8610053240465503
4.0,0.030214227690744545,9.175635e-06,-2.9499114,-1.4749274,-1.4749274,-1.4749215,-1.4749215,2.9449093,9.7182,0.8612915162157397
4.0,0.030224227690744544,9.395858e-06,-2.9484413,-1.4741918,-1.4741918,-1.4741857,-1.4741857,2.9450336,9.71861,0.8615777325319629
4.0,0.030234227690744544,8.039854e-06,-2.9474719,-1.4737086,-1.4737086,-1.4737027,-1.4737027,2.945118,9.718889,0.8618639652895312
4.0,0.030244227690744543,8.2728275e-06,-2.946815,-1.4733794,-1.4733794,-1.4733733,-1.4733733,2.9451756,9.719079,0.8620505254043562
4.0,0.03024726273392435,6.9297876e-06,-2.946666,-1.4733064,-1.4733064,-1.4733003,-1.4733003,2.945189,9.719124,0.8621405217182754
4.0,0.03025051571822616,7.5725607e-06,-2.946519,-1.4732317,-1.4732317,-1.4732257,-1.4732257,2.9452019,9.719166,0.8622332984351837
4.0,0.03025374497154919,6.153958e-06,-2.9463942,-1.4731709,-1.4731709,-1.4731649,-1.4731649,2.9452133,9.719204,0.8623318613930474
4.0,0.030257402181896206,6.759421e-06,-2.9462652,-1.4731053,-1.4731053,-1.4730992,-1.4730992,2.9452245,9.719241,0.8624413639976738
4.0,0.03026139571577252,5.319924e-06,-2.9461474,-1.473048,-1.473048,-1.473042,-1.473042,2.9452355,9.719276,0.8625381546512202
4.0,0.0302641647160701,6.1101628e-06,-2.9460719,-1.4730091,-1.4730091,-1.473003,-1.473003,2.945242,9.719298,0.86261578567973
4.0,0.030266819588020112,4.849613e-06,-2.9460106,-1.4729798,-1.4729798,-1.4729738,-1.4729738,2.9452477,9.719317,0.8626965957006173
4.0,0.03026981067381376,5.665336e-06,-2.945944,-1.4729453,-1.4729453,-1.4729393,-1.4729393,2.9452536,9.7193365,0.8627781737774777
4.0,0.030272519184782604,4.4222998e-06,-2.9458933,-1.4729214,-1.4729214,-1.4729154,-1.4729154,2.9452581,9.719352,0.862860406468264
4.0,0.030275555988727776,5.2610076e-06,-2.9458385,-1.4728926,-1.4728926,-1.4728867,-1.4728867,2.9452631,9.719368,0.8629535131882081
4.0,0.030279024208561225,3.9764727e-06,-2.9457865,-1.4728681,-1.4728681,-1.4728621,-1.4728621,2.945268,9.719384,0.8630668204960436
4.0,0.030283472327374376,4.741607e-06,-2.9457247,-1.4728361,-1.4728361,-1.47283,-1.47283,2.9452734,9.719402,0.8632141120534466
4.0,0.030289314855473617,3.319107e-06,-2.9456613,-1.4728059,-1.4728059,-1.4727998,-1.4727998,2.9452791,9.719421,0.8634148238454785
4.0,0.030297495168193248,3.879998e-06,-2.9455884,-1.4727683,-1.4727683,-1.4727622,-1.4727622,2.9452856,9.719443,0.8636750435284466
4.0,0.030307495168193248,2.2446438e-06,-2.9455276,-1.4727393,-1.4727393,-1.4727333,-1.4727333,2.9452913,9.719461,0.8639613099697918
4.0,0.030317495168193247,2.7608667e-06,-2.9454825,-1.4727155,-1.4727155,-1.4727095,-1.4727094,2.9452953,9.719474,0.8642475771740765
4.0,0.030327495168193247,1.208305e-06,-2.9454541,-1.4727026,-1.4727026,-1.4726967,-1.4726967,2.945298,9.719483,0.8645338449124188
4.0,0.030337495168193247,1.8341776e-06,-2.9454315,-1.4726901,-1.4726901,-1.472684,-1.472684,2.9452999,9.71949,0.8648201130322308
4.0,0.030347495168193246,4.0909256e-07,-2.9454188,-1.472685,-1.472685,-1.472679,-1.472679,2.9453013,9.719495,0.8651063814381452
4.0,0.03035749516819325,1.1752669e-06,-2.9454072,-1.4726778,-1.4726778,-1.4726719,-1.4726719,2.9453022,9.719497,0.8653926499966474
4.0,0.03036749516819325,-1.1557457e-07,-2.9454017,-1.4726765,-1.4726765,-1.4726704,-1.4726704,2.945303,9.7195,0.8656789187077375
4.0,0.03037749516819325,7.738021e-07,-2.9453955,-1.472672,-1.472672,-1.4726659,-1.4726659,2.9453032,9.7195015,0.8659651874951215
4.0,0.030387495168193248,-4.1639478e-07,-2.9453936,-1.4726723,-1.4726723,-1.4726663,-1.4726663,2.9453037,9.7195015,0.866251456339726
4.0,0.030397495168193248,5.5541074e-07,-2.9453897,-1.4726691,-1.4726691,-1.472663,-1.472663,2.945304,9.719502,0.8665377252224774
4.0,0.030407495168193247,-5.743944e-07,-2.9453897,-1.4726703,-1.4726703,-1.4726644,-1.4726644,2.945304,9.719503,0.8668239941433759
4.0,0.030417495168193247,4.4448097e-07,-2.9453871,-1.4726677,-1.4726677,-1.4726617,-1.4726617,2.9453042,9.719503,0.8671102630833478
4.0,0.030427495168193246,-6.5358745e-07,-2.9453878,-1.4726694,-1.4726694,-1.4726634,-1.4726634,2.9453042,9.719504,0.8673965320423933
4.0,0.03043749516819325,3.9027452e-07,-2.9453857,-1.4726671,-1.4726671,-1.472661,-1.472661,2.9453042,9.719504,0.8676828010014388
4.0,0.03044749516819325,-6.924984e-07,-2.945387,-1.4726689,-1.4726689,-1.4726629,-1.4726629,2.9453042,9.719504,0.8679690699604842
4.0,0.03045749516819325,3.6437504e-07,-2.9453852,-1.4726667,-1.4726667,-1.4726608,-1.4726607,2.9453042,9.719504,0.8682553389195296
4.0,0.030467495168193248,-7.11606e-07,-2.9453864,-1.4726686,-1.4726686,-1.4726627,-1.4726627,2.9453042,9.719504,0.8685416078785749
4.0,0.030477495168193248,3.5224056e-07,-2.9453847,-1.4726666,-1.4726666,-1.4726605,-1.4726605,2.9453044,9.719504,0.8688278768757673
4.0,0.030487495168193247,-7.2114676e-07,-2.9453862,-1.4726685,-1.4726685,-1.4726626,-1.4726626,2.9453044,9.719504,0.8691141458729598
4.0,0.030497495168193247,3.4672087e-07,-2.9453847,-1.4726665,-1.4726665,-1.4726605,-1.4726605,2.9453044,9.719504,0.8694004148701522
4.0,0.030507495168193247,-7.260933e-07,-2.945386,-1.4726685,-1.4726685,-1.4726624,-1.4726624,2.9453044,9.719504,0.8696866838673446
4.0,0.030517495168193246,3.443681e-07,-2.9453847,-1.4726665,-1.4726665,-1.4726605,-1.4726604,2.9453044,9.719504,0.869972952864537
4.0,0.03052749516819325,-7.2883216e-07,-2.945386,-1.4726684,-1.4726684,-1.4726624,-1.4726624,2.9453044,9.719504,0.8702592218617294
4.0,0.03053749516819325,3.4353212e-07,-2.9453847,-1.4726665,-1.4726665,-1.4726604,-1.4726604,2.9453044,9.719504,0.8705454908589219
4.0,0.03054749516819325,-7.3050404e-07,-2.945386,-1.4726684,-1.4726684,-1.4726624,-1.4726624,2.9453044,9.719504,0.8708317598561143
4.0,0.030557495168193248,3.4342455e-07,-2.9453847,-1.4726665,-1.4726665,-1.4726604,-1.4726604,2.9453044,9.719504,0.8711180288533067
4.0,0.030567495168193248,-7.3165444e-07,-2.945386,-1.4726684,-1.4726684,-1.4726624,-1.4726624,2.9453044,9.719504,0.8714042978504991
4.0,0.030577495168193247,3.436679e-07,-2.9453847,-1.4726665,-1.4726665,-1.4726604,-1.4726604,2.9453044,9.719504,0.8716905668476915
4.0,0.030587495168193247,-7.32545e-07,-2.945386,-1.4726684,-1.4726684,-1.4726623,-1.4726624,2.9453044,9.719504,0.871976835844884
4.0,0.030597495168193246,3.440807e-07,-2.9453847,-1.4726665,-1.4726665,-1.4726605,-1.4726604,2.9453044,9.719504,0.8722631048420764
4.0,0.03060749516819325,-7.3330216e-07,-2.9453857,-1.4726684,-1.4726684,-1.4726623,-1.4726623,2.9453044,9.719504,0.8725493738392688
4.0,0.03061749516819325,3.4457494e-07,-2.9453847,-1.4726665,-1.4726665,-1.4726605,-1.4726605,2.9453044,9.719504,0.8728356428364612
4.0,0.03062749516819325,-7.339874e-07,-2.9453857,-1.4726684,-1.4726684,-1.4726623,-1.4726623,2.9453044,9.719504,0.8731219118336536
4.0,0.030637495168193248,3.4510762e-07,-2.9453847,-1.4726665,-1.4726665,-1.4726605,-1.4726605,2.9453044,9.719504,0.873408180830846
4.0,0.030647495168193248,-7.3463127e-07,-2.9453857,-1.4726684,-1.4726684,-1.4726623,-1.4726623,2.9453044,9.719504,0.8736944498280385
4.0,0.030657495168193247,3.456573e-07,-2.9453847,-1.4726665,-1.4726665,-1.4726605,-1.4726605,2.9453044,9.719504,0.8739807188252309
4.0,0.030667495168193247,-7.3524905e-07,-2.9453857,-1.4726684,-1.4726684,-1.4726623,-1.4726623,2.9453044,9.719504,0.8742669878224233
4.0,0.030677495168193247,3.4621308e-07,-2.9453847,-1.4726665,-1.4726665,-1.4726605,-1.4726605,2.9453044,9.719504,0.8745532568196157
4.0,0.030687495168193246,-7.358487e-07,-2.9453857,-1.4726684,-1.4726684,-1.4726623,-1.4726623,2.9453044,9.719504,0.8748395258168081
4.0,0.03069749516819325,3.4676935e-07,-2.9453847,-1.4726665,-1.4726665,-1.4726605,-1.4726605,2.9453044,9.719504,0.8751257948140005
4.0,0.03070749516819325,-7.364345e-07,-2.9453857,-1.4726684,-1.4726684,-1.4726623,-1.4726623,2.9453044,9.719504,0.875412063811193
4.0,0.03071749516819325,3.473231e-07,-2.9453847,-1.4726665,-1.4726665,-1.4726605,-1.4726605,2.9453044,9.719504,0.8756983328083854
4.0,0.030727495168193248,-7.3700886e-07,-2.9453857,-1.4726684,-1.4726684,-1.4726623,-1.4726623,2.9453044,9.719504,0.8759846018055778
4.0,0.030737495168193248,3.4787257e-07,-2.9453847,-1.4726666,-1.4726666,-1.4726605,-1.4726605,2.9453044,9.719504,0.8762708708027702
4.0,0.030747495168193247,-7.3757315e-07,-2.9453857,-1.4726684,-1.4726684,-1.4726623,-1.4726623,2.9453044,9.719504,0.8765571397999626
4.0,0.030757495168193247,3.4841685e-07,-2.9453847,-1.4726666,-1.4726666,-1.4726605,-1.4726605,2.9453044,9.719504,0.876843408797155
4.0,0.030767495168193246,-7.381283e-07,-2.9453857,-1.4726683,-1.4726683,-1.4726623,-1.4726623,2.9453044,9.719504,0.8771296777943475
4.0,0.030777495168193246,3.4895535e-07,-2.9453847,-1.4726666,-1.4726666,-1.4726605,-1.4726605,2.9453044,9.719504,0.8774159467915399
4.0,0.03078749516819325,-7.386748e-07,-2.9453857,-1.4726683,-1.4726683,-1.4726623,-1.4726623,2.9453044,9.719504,0.8777022157887323
4.0,0.03079749516819325,3.4948775e-07,-2.9453847,-1.4726666,-1.4726666,-1.4726605,-1.4726605,2.9453044,9.719504,0.8779884847859247
4.0,0.030807495168193248,-7.392132e-07,-2.9453857,-1.4726683,-1.4726683,-1.4726623,-1.4726623,2.9453044,9.719504,0.8782747537831171
4.0,0.030817495168193248,3.5001375e-07,-2.9453847,-1.4726666,-1.4726666,-1.4726605,-1.4726605,2.9453044,9.719504,0.8785610227803096
4.0,0.030827495168193247,-7.3974365e-07,-2.9453857,-1.4726683,-1.4726683,-1.4726623,-1.4726623,2.9453044,9.719504,0.878847291777502
4.0,0.030837495168193247,3.505333e-07,-2.9453847,-1.4726666,-1.4726666,-1.4726605,-1.4726605,2.9453044,9.719504,0.8791335607746944
4.0,0.030847495168193247,-7.402665e-07,-2.9453857,-1.4726683,-1.4726683,-1.4726623,-1.4726623,2.9453044,9.719504,0.8794198297718868
4.0,0.030857495168193246,3.5104628e-07,-2.9453847,-1.4726666,-1.4726666,-1.4726605,-1.4726605,2.9453044,9.719504,0.8797060987690792
4.0,0.03086749516819325,-7.4078184e-07,-2.9453857,-1.4726683,-1.4726683,-1.4726623,-1.4726623,2.9453044,9.719504,0.8799923677662717
4.0,0.03087749516819325,3.5155267e-07,-2.945385,-1.4726666,-1.4726666,-1.4726605,-1.4726605,2.9453044,9.719504,0.8802786367634641
4.0,0.03088749516819325,-7.412899e-07,-2.9453855,-1.4726683,-1.4726683,-1.4726622,-1.4726623,2.9453044,9.719504,0.8805649057606565
4.0,0.030897495168193248,3.5205244e-07,-2.945385,-1.4726666,-1.4726666,-1.4726605,-1.4726605,2.9453044,9.719504,0.8808511747578489
4.0,0.030907495168193248,-7.417908e-07,-2.9453855,-1.4726683,-1.4726683,-1.4726622,-1.4726622,2.9453044,9.719504,0.8811374437550413
4.0,0.030917495168193247,3.525456e-07,-2.945385,-1.4726666,-1.4726666,-1.4726607,-1.4726605,2.9453044,9.719504,0.8814237127522337
4.0,0.030927495168193247,-7.4228467e-07,-2.9453855,-1.4726683,-1.4726683,-1.4726622,-1.4726622,2.9453044,9.719504,0.8817099817494262
4.0,0.030937495168193246,3.530322e-07,-2.945385,-1.4726666,-1.4726666,-1.4726607,-1.4726607,2.9453044,9.719504,0.8819962507466186
4.0,0.030947495168193246,-7.427716e-07,-2.9453855,-1.4726683,-1.4726683,-1.4726622,-1.4726622,2.9453044,9.719504,0.882282519743811
4.0,0.03095749516819325,3.5351218e-07,-2.945385,-1.4726666,-1.4726666,-1.4726607,-1.4726607,2.9453044,9.719504,0.8825687887410034
4.0,0.03096749516819325,-7.432516e-07,-2.9453855,-1.4726683,-1.4726683,-1.4726622,-1.4726622,2.9453044,9.719504,0.8828550577381958
4.0,0.030977495168193248,3.5398566e-07,-2.945385,-1.4726666,-1.4726666,-1.4726607,-1.4726607,2.9453044,9.719504,0.8831413267353883
4.0,0.030987495168193248,-7.4372485e-07,-2.9453855,-1.4726683,-1.4726683,-1.4726622,-1.4726622,2.9453044,9.719504,0.8834275957325807
4.0,0.030997495168193247,3.5445262e-07,-2.945385,-1.4726666,-1.4726666,-1.4726607,-1.4726607,2.9453044,9.719504,0.8836065830299631
4.0,0.031000000001000002,-7.4487474e-07,-2.9453855,-1.4726683,-1.4726683,-1.4726622,-1.4726622,2.9453044,9.719504,0.8836424358430627
4.0,0.031000000002,-7.523931e-07,-2.9453855,-1.4726683,-1.4726683,-1.4726622,-1.4726622,2.9453044,9.719504,0.8836424360863913
4.0,0.031000000018,-7.411657e-07,-2.9453855,-1.4726682,-1.4726682,-1.4726621,-1.4726621,2.9453044,9.719504,0.8836424367734369
4.0,0.03100000005,-6.5257365e-07,-2.9453857,-1.472668,-1.472668,-1.4726621,-1.4726621,2.9453044,9.719504,0.8836424381475281
4.0,0.031000000114,-5.3277387e-07,-2.9453857,-1.472668,-1.472668,-1.472662,-1.472662,2.9453044,9.719504,0.8836424408957104
4.0,0.031000000242,-4.4514064e-07,-2.945386,-1.4726679,-1.4726679,-1.472662,-1.472662,2.9453044,9.719504,0.8836424463920751
4.0,0.031000000498,-3.4060182e-07,-2.945386,-1.4726679,-1.4726679,-1.4726619,-1.4726619,2.9453044,9.719504,0.8836424573848046
4.0,0.03100000101,-2.4206278e-07,-2.945386,-1.4726679,-1.4726679,-1.4726619,-1.4726619,2.9453044,9.719504,0.8836424793702636
4.0,0.031000002034,-1.4558856e-07,-2.945386,-1.4726678,-1.4726678,-1.4726619,-1.4726619,2.9453044,9.719504,0.8836425233411815
4.0,0.031000004081999998,-1.392716e-07,-2.945386,-1.4726678,-1.4726678,-1.4726617,-1.4726617,2.9453044,9.719504,0.8836425979447052
4.0,0.031000007246127365,-1.4676169e-07,-2.945386,-1.4726677,-1.4726677,-1.4726617,-1.4726617,2.9453044,9.719504,0.8836427212165553
4.0,0.03100001269430879,-1.7337608e-07,-2.9453857,-1.4726677,-1.4726677,-1.4726616,-1.4726616,2.9453044,9.719504,0.8836429551633703
4.0,0.03100002359067164,-1.8057746e-07,-2.9453855,-1.4726676,-1.4726676,-1.4726615,-1.4726615,2.9453044,9.719504,0.8836434230570002
4.0,0.03100004538339734,-1.9990493e-07,-2.9453852,-1.4726675,-1.4726675,-1.4726615,-1.4726615,2.9453044,9.719504,0.88364435884426
4.0,0.031000088968848736,-1.8952598e-07,-2.9453852,-1.4726675,-1.4726675,-1.4726614,-1.4726614,2.9453044,9.719504,0.8836462304187795
4.0,0.03100017613975153,-2.0000265e-07,-2.9453852,-1.4726675,-1.4726675,-1.4726614,-1.4726614,2.9453044,9.719504,0.8836499735678187
4.0,0.031000350481557123,-1.8949352e-07,-2.9453852,-1.4726675,-1.4726675,-1.4726614,-1.4726614,2.9453044,9.719504,0.883657459865897
4.0,0.031000699165168306,-2.0001818e-07,-2.9453852,-1.4726675,-1.4726675,-1.4726614,-1.4726614,2.9453044,9.719504,0.8836724324620536
4.0,0.031001396532390667,-1.894863e-07,-2.9453852,-1.4726675,-1.4726675,-1.4726614,-1.4726614,2.9453044,9.719504,0.8837023776543668
4.0,0.031002791266835396,-2.0002186e-07,-2.9453852,-1.4726675,-1.4726675,-1.4726614,-1.4726614,2.9453044,9.719504,0.883762268038993
4.0,0.03100558073572485,-1.8948484e-07,-2.9453852,-1.4726675,-1.4726675,-1.4726614,-1.4726614,2.9453044,9.719504,0.8838820488082455
4.0,0.031011159673503756,-2.0002331e-07,-2.9453852,-1.4726675,-1.4726675,-1.4726614,-1.4726614,2.9453044,9.719504,0.88410503715301
4.0,0.031021159673503756,-1.8948543e-07,-2.9453852,-1.4726675,-1.4726675,-1.4726614,-1.4726614,2.9453044,9.719504,0.8843913061502024
4.0,0.031031159673503755,-2.0002493e-07,-2.9453852,-1.4726675,-1.4726675,-1.4726614,-1.4726614,2.9453044,9.719504,0.8846775751473949
4.0,0.031041159673503755,-1.8948639e-07,-2.9453852,-1.4726675,-1.4726675,-1.4726614,-1.4726614,2.9453044,9.719504,0.8849638441445873
4.0,0.031051159673503758,-2.0002648e-07,-2.9453852,-1.4726675,-1.4726675,-1.4726614,-1.4726614,2.9453044,9.719504,0.8852501131417797
4.0,0.031061159673503758,-1.8948725e-07,-2.9453852,-1.4726675,-1.4726675,-1.4726614,-1.4726614,2.9453044,9.719504,0.8855363821389721
4.0,0.031071159673503757,-2.0002796e-07,-2.9453852,-1.4726675,-1.4726675,-1.4726614,-1.4726614,2.9453044,9.719504,0.8858226511361645
4.0,0.031081159673503757,-1.8948806e-07,-2.9453852,-1.4726675,-1.4726675,-1.4726614,-1.4726614,2.9453044,9.719504,0.886108920133357
4.0,0.031091159673503756,-2.0002938e-07,-2.9453852,-1.4726675,-1.4726675,-1.4726614,-1.4726614,2.9453044,9.719504,0.8863951891305494
4.0,0.031101159673503756,-1.8948882e-07,-2.9453852,-1.4726675,-1.4726675,-1.4726614,-1.4726614,2.9453044,9.719504,0.8866814581277418
4.0,0.031111159673503756,-2.0003074e-07,-2.9453852,-1.4726675,-1.4726675,-1.4726614,-1.4726614,2.9453044,9.719504,0.8869677271249342
4.0,0.031121159673503755,-1.8948953e-07,-2.9453852,-1.4726675,-1.4726675,-1.4726614,-1.4726614,2.9453044,9.719504,0.8872539961221266
4.0,0.031131159673503755,-2.0003205e-07,-2.9453852,-1.4726675,-1.4726675,-1.4726614,-1.4726614,2.9453044,9.719504,0.887540265119319
4.0,0.031141159673503758,-1.8949018e-07,-2.9453852,-1.4726675,-1.4726675,-1.4726614,-1.4726614,2.9453044,9.719504,0.8878265341165115
4.0,0.031151159673503757,-2.0003333e-07,-2.9453852,-1.4726675,-1.4726675,-1.4726614,-1.4726614,2.9453044,9.719504,0.8881128031137039
4.0,0.031161159673503757,-1.894908e-07,-2.9453852,-1.4726675,-1.4726675,-1.4726614,-1.4726614,2.9453044,9.719504,0.8883990721108963
4.0,0.031171159673503757,-2.0003456e-07,-2.9453852,-1.4726675,-1.4726675,-1.4726614,-1.4726614,2.9453044,9.719504,0.8886853411080887
4.0,0.031181159673503756,-1.8949139e-07,-2.9453852,-1.4726675,-1.4726675,-1.4726614,-1.4726614,2.9453044,9.719504,0.8889716101052811
4.0,0.031191159673503756,-2.0003576e-07,-2.9453852,-1.4726675,-1.4726675,-1.4726614,-1.4726614,2.9453044,9.719504,0.8892578791024736
4.0,0.031201159673503755,-1.8949194e-07,-2.9453852,-1.4726675,-1.4726675,-1.4726614,-1.4726614,2.9453044,9.719504,0.889544148099666
4.0,0.031211159673503755,-2.0003692e-07,-2.9453852,-1.4726675,-1.4726675,-1.4726614,-1.4726614,2.9453044,9.719504,0.8898304170968584
4.0,0.031221159673503758,-1.8949247e-07,-2.9453852,-1.4726675,-1.4726675,-1.4726614,-1.4726614,2.9453044,9.719504,0.8901166860940508
4.0,0.031231159673503758,-2.0003804e-07,-2.9453852,-1.4726675,-1.4726675,-1.4726614,-1.4726614,2.9453044,9.719504,0.8904029550912432
4.0,0.031241159673503757,-1.8949295e-07,-2.9453852,-1.4726675,-1.4726675,-1.4726614,-1.4726614,2.9453044,9.719504,0.8906892240884355
4.0,0.03125115967350375,-2.0003915e-07,-2.9453852,-1.4726675,-1.4726675,-1.4726614,-1.4726614,2.9453044,9.719504,0.890975493085628
4.0,0.031261159673503756,-1.8949342e-07,-2.9453852,-1.4726675,-1.4726675,-1.4726614,-1.4726614,2.9453044,9.719504,0.8912617620828204
4.0,0.03127115967350376,-2.0004023e-07,-2.9453852,-1.4726675,-1.4726675,-1.4726614,-1.4726614,2.9453044,9.719504,0.8915480310800128
4.0,0.031281159673503756,-1.8949386e-07,-2.9453852,-1.4726675,-1.4726675,-1.4726614,-1.4726614,2.9453044,9.719504,0.8918343000772052
4.0,0.03129115967350376,-2.0004127e-07,-2.9453852,-1.4726675,-1.4726675,-1.4726614,-1.4726614,2.9453044,9.719504,0.8921205690743976
4.0,0.031301159673503755,-1.8949429e-07,-2.9453852,-1.4726675,-1.4726675,-1.4726614,-1.4726614,2.9453044,9.719504,0.89240683807159
4.0,0.03131115967350376,-2.0004231e-07,-2.9453852,-1.4726675,-1.4726675,-1.4726614,-1.4726614,2.9453044,9.719504,0.8926931070687825
4.0,0.031321159673503754,-1.8949468e-07,-2.9453852,-1.4726675,-1.4726675,-1.4726614,-1.4726614,2.9453044,9.719504,0.8929793760659749
4.0,0.03133115967350376,-2.000433e-07,-2.9453852,-1.4726675,-1.4726675,-1.4726614,-1.4726614,2.9453044,9.719504,0.8932656450631673
4.0,0.03134115967350375,-1.8949505e-07,-2.9453852,-1.4726675,-1.4726675,-1.4726614,-1.4726614,2.9453044,9.719504,0.8935519140603597
4.0,0.031351159673503756,-2.0004428e-07,-2.9453852,-1.4726675,-1.4726675,-1.4726614,-1.4726614,2.9453044,9.719504,0.8938381830575521
4.0,0.03136115967350376,-1.8949542e-07,-2.9453852,-1.4726675,-1.4726675,-1.4726614,-1.4726614,2.9453044,9.719504,0.8941244520547446
4.0,0.031371159673503755,-2.0004525e-07,-2.9453852,-1.4726675,-1.4726675,-1.4726614,-1.4726614,2.9453044,9.719504,0.894410721051937
4.0,0.03138115967350376,-1.8949575e-07,-2.9453852,-1.4726675,-1.4726675,-1.4726614,-1.4726614,2.9453044,9.719504,0.8946969900491294
4.0,0.031391159673503755,-2.0004619e-07,-2.9453852,-1.4726675,-1.4726675,-1.4726614,-1.4726614,2.9453044,9.719504,0.8949832590463218
4.0,0.03140115967350376,-1.8949608e-07,-2.9453852,-1.4726675,-1.4726675,-1.4726614,-1.4726614,2.9453044,9.719504,0.8952695280435142
4.0,0.031411159673503754,-2.0004711e-07,-2.9453852,-1.4726675,-1.4726675,-1.4726614,-1.4726614,2.9453044,9.719504,0.8955557970407066
4.0,0.03142115967350376,-1.8949638e-07,-2.9453852,-1.4726675,-1.4726675,-1.4726614,-1.4726614,2.9453044,9.719504,0.8958420660378991
4.0,0.03143115967350375,-2.00048e-07,-2.9453852,-1.4726675,-1.4726675,-1.4726614,-1.4726614,2.9453044,9.719504,0.8961283350350915
4.0,0.031441159673503756,-1.8949667e-07,-2.9453852,-1.4726675,-1.4726675,-1.4726614,-1.4726614,2.9453044,9.719504,0.8964146040322839
4.0,0.03145115967350376,-2.000489e-07,-2.9453852,-1.4726675,-1.4726675,-1.4726614,-1.4726614,2.9453044,9.719504,0.8967008730294763
4.0,0.031461159673503755,-1.8949694e-07,-2.9453852,-1.4726675,-1.4726675,-1.4726614,-1.4726614,2.9453044,9.719504,0.8969871420266687
4.0,0.03147115967350376,-2.0004977e-07,-2.9453852,-1.4726675,-1.4726675,-1.4726614,-1.4726614,2.9453044,9.719504,0.8972734110238612
4.0,0.031481159673503754,-1.894972e-07,-2.9453852,-1.4726675,-1.4726675,-1.4726614,-1.4726614,2.9453044,9.719504,0.8975596800210536
4.0,0.03149115967350376,-2.0005062e-07,-2.9453852,-1.4726675,-1.4726675,-1.4726614,-1.4726614,2.9453044,9.719504,0.897845949018246
4.0,0.031501159673503754,-1.8949744e-07,-2.9453852,-1.4726675,-1.4726675,-1.4726614,-1.4726614,2.9453044,9.719504,0.8981322180154384
4.0,0.03151115967350376,-2.0005145e-07,-2.9453852,-1.4726675,-1.4726675,-1.4726614,-1.4726614,2.9453044,9.719504,0.8984184870126308
4.0,0.03152115967350376,-1.8949767e-07,-2.9453852,-1.4726675,-1.4726675,-1.4726614,-1.4726614,2.9453044,9.719504,0.8987047560098232
4.0,0.031531159673503756,-2.0005227e-07,-2.9453852,-1.4726675,-1.4726675,-1.4726614,-1.4726614,2.9453044,9.719504,0.8989910250070157
4.0,0.03154115967350376,-1.8949788e-07,-2.9453852,-1.4726675,-1.4726675,-1.4726614,-1.4726614,2.9453044,9.719504,0.8992772940042081
4.0,0.031551159673503755,-2.0005308e-07,-2.9453852,-1.4726675,-1.4726675,-1.4726614,-1.4726614,2.9453044,9.719504,0.8995635630014005
4.0,0.03156115967350376,-1.8949808e-07,-2.9453852,-1.4726675,-1.4726675,-1.4726614,-1.4726614,2.9453044,9.719504,0.8998498319985929
4.0,0.031571159673503754,-2.0005386e-07,-2.9453852,-1.4726675,-1.4726675,-1.4726614,-1.4726614,2.9453044,9.719504,0.9001361009957853
4.0,0.03158115967350376,-1.8949827e-07,-2.9453852,-1.4726675,-1.4726675,-1.4726614,-1.4726614,2.9453044,9.719504,0.9004223699929778
4.0,0.03159115967350375,-2.0005464e-07,-2.9453852,-1.4726675,-1.4726675,-1.4726614,-1.4726614,2.9453044,9.719504,0.9007086389901702
4.0,0.031601159673503756,-1.8949844e-07,-2.9453852,-1.4726675,-1.4726675,-1.4726614,-1.4726614,2.9453044,9.719504,0.9009949079873626
4.0,0.03161115967350376,-2.0005541e-07,-2.9453852,-1.4726675,-1.4726675,-1.4726614,-1.4726614,2.9453044,9.719504,0.901281176984555
4.0,0.031621159673503756,-1.894986e-07,-2.9453852,-1.4726675,-1.4726675,-1.4726614,-1.4726614,2.9453044,9.719504,0.9015674459817474
4.0,0.03163115967350376,-2.0005615e-07,-2.9453852,-1.4726675,-1.4726675,-1.4726614,-1.4726614,2.9453044,9.719504,0.9018537149789398
4.0,0.031641159673503755,-1.8949876e-07,-2.9453852,-1.4726675,-1.4726675,-1.4726614,-1.4726614,2.9453044,9.719504,0.9021399839761323
4.0,0.03165115967350376,-2.0005689e-07,-2.9453852,-1.4726675,-1.4726675,-1.4726614,-1.4726614,2.9453044,9.719504,0.9024262529733247
4.0,0.031661159673503754,-1.8949889e-07,-2.9453852,-1.4726675,-1.4726675,-1.4726614,-1.4726614,2.9453044,9.719504,0.9027125219705171
4.0,0.03167115967350376,-2.0005761e-07,-2.9453852,-1.4726675,-1.4726675,-1.4726614,-1.4726614,2.9453044,9.719504,0.9029987909677095
4.0,0.03168115967350375,-1.8949903e-07,-2.9453852,-1.4726675,-1.4726675,-1.4726614,-1.4726614,2.9453044,9.719504,0.9032850599649019
4.0,0.031691159673503756,-2.0005832e-07,-2.9453852,-1.4726675,-1.4726675,-1.4726614,-1.4726614,2.9453044,9.719504,0.9035713289620944
4.0,0.03170115967350376,-1.8949915e-07,-2.9453852,-1.4726675,-1.4726675,-1.4726614,-1.4726614,2.9453044,9.719504,0.9038575979592868
4.0,0.031711159673503755,-2.0005902e-07,-2.9453852,-1.4726675,-1.4726675,-1.4726614,-1.4726614,2.9453044,9.719504,0.9041438669564792
4.0,0.03172115967350376,-1.8949926e-07,-2.9453852,-1.4726675,-1.4726675,-1.4726614,-1.4726614,2.9453044,9.719504,0.9044301359536716
4.0,0.031731159673503755,-2.0005972e-07,-2.9453852,-1.4726675,-1.4726675,-1.4726614,-1.4726614,2.9453044,9.719504,0.904716404950864
4.0,0.03174115967350376,-1.8949935e-07,-2.9453852,-1.4726675,-1.4726675,-1.4726614,-1.4726614,2.9453044,9.719504,0.9050026739480564
4.0,0.031751159673503754,-2.0006038e-07,-2.9453852,-1.4726675,-1.4726675,-1.4726614,-1.4726614,2.9453044,9.719504,0.9052889429452489
4.0,0.03176115967350376,-1.8949945e-07,-2.9453852,-1.4726675,-1.4726675,-1.4726614,-1.4726614,2.9453044,9.719504,0.9055752119424413
4.0,0.03177115967350375,-2.0006105e-07,-2.9453852,-1.4726675,-1.4726675,-1.4726614,-1.4726614,2.9453044,9.719504,0.9058614809396337
4.0,0.031781159673503756,-1.8949952e-07,-2.9453852,-1.4726675,-1.4726675,-1.4726614,-1.4726614,2.9453044,9.719504,0.9061477499368261
4.0,0.03179115967350376,-2.000617e-07,-2.9453852,-1.4726675,-1.4726675,-1.4726614,-1.4726614,2.9453044,9.719504,0.9064340189340185
4.0,0.031801159673503755,-1.8949959e-07,-2.9453852,-1.4726675,-1.4726675,-1.4726614,-1.4726614,2.9453044,9.719504,0.906720287931211
4.0,0.03181115967350376,-2.0006235e-07,-2.9453852,-1.4726675,-1.4726675,-1.4726614,-1.4726614,2.9453044,9.719504,0.9070065569284034
4.0,0.031821159673503754,-1.8949964e-07,-2.9453852,-1.4726675,-1.4726675,-1.4726614,-1.4726614,2.9453044,9.719504,0.9072928259255958
4.0,0.03183115967350376,-2.0006298e-07,-2.9453852,-1.4726675,-1.4726675,-1.4726614,-1.4726614,2.9453044,9.719504,0.9075790949227882
4.0,0.031841159673503754,-1.894997e-07,-2.9453852,-1.4726675,-1.4726675,-1.4726614,-1.4726614,2.9453044,9.719504,0.9078653639199806
4.0,0.03185115967350376,-2.0006361e-07,-2.9453852,-1.4726675,-1.4726675,-1.4726614,-1.4726614,2.9453044,9.719504,0.908151632917173
4.0,0.03186115967350376,-1.8949974e-07,-2.9453852,-1.4726675,-1.4726675,-1.4726614,-1.4726614,2.9453044,9.719504,0.9084379019143655
4.0,0.031871159673503756,-2.0006422e-07,-2.9453852,-1.4726675,-1.4726675,-1.4726614,-1.4726614,2.9453044,9.719504,0.9087241709115579
4.0,0.03188115967350376,-1.8949979e-07,-2.9453852,-1.4726675,-1.4726675,-1.4726614,-1.4726614,2.9453044,9.719504,0.9090104399087503
4.0,0.031891159673503755,-2.0006482e-07,-2.9453852,-1.4726675,-1.4726675,-1.4726614,-1.4726614,2.9453044,9.719504,0.9092967089059427
4.0,0.03190115967350376,-1.8949981e-07,-2.9453852,-1.4726675,-1.4726675,-1.4726614,-1.4726614,2.9453044,9.719504,0.9095829779031351
4.0,0.031911159673503754,-2.0006541e-07,-2.9453852,-1.4726675,-1.4726675,-1.4726614,-1.4726614,2.9453044,9.719504,0.9098692469003276
4.0,0.03192115967350376,-1.8949983e-07,-2.9453852,-1.4726675,-1.4726675,-1.4726614,-1.4726614,2.9453044,9.719504,0.91015551589752
4.0,0.03193115967350375,-2.00066e-07,-2.9453852,-1.4726675,-1.4726675,-1.4726614,-1.4726614,2.9453044,9.719504,0.9104417848947124
4.0,0.031941159673503756,-1.8949984e-07,-2.9453852,-1.4726675,-1.4726675,-1.4726614,-1.4726614,2.9453044,9.719504,0.9107280538919048
4.0,0.03195115967350376,-2.0006658e-07,-2.9453852,-1.4726675,-1.4726675,-1.4726614,-1.4726614,2.9453044,9.719504,0.9110143228890972
4.0,0.031961159673503756,-1.8949984e-07,-2.9453852,-1.4726675,-1.4726675,-1.4726614,-1.4726614,2.9453044,9.719504,0.9113005918862896
4.0,0.03197115967350376,-2.0006715e-07,-2.9453852,-1.4726675,-1.4726675,-1.4726614,-1.4726614,2.9453044,9.719504,0.9115868608834821
4.0,0.031981159673503755,-1.8949984e-07,-2.9453852,-1.4726675,-1.4726675,-1.4726614,-1.4726614,2.9453044,9.719504,0.9118731298806745
4.0,0.03199115967350376,-2.000677e-07,-2.9453852,-1.4726675,-1.4726675,-1.4726614,-1.4726614,2.9453044,9.719504,0.9121593988778669
4.0,0.032001159673503754,-1.8949983e-07,-2.9453852,-1.4726675,-1.4726675,-1.4726614,-1.4726614,2.9453044,9.719504,0.9124456678750593
4.0,0.03201115967350376,-2.0006826e-07,-2.9453852,-1.4726675,-1.4726675,-1.4726614,-1.4726614,2.9453044,9.719504,0.9127319368722517
4.0,0.03202115967350375,-1.8949981e-07,-2.9453852,-1.4726675,-1.4726675,-1.4726614,-1.4726614,2.9453044,9.719504,0.9130182058694442
4.0,0.032031159673503756,-2.000688e-07,-2.9453852,-1.4726675,-1.4726675,-1.4726614,-1.4726614,2.9453044,9.719504,0.9133044748666366
4.0,0.03204115967350376,-1.8949979e-07,-2.9453852,-1.4726675,-1.4726675,-1.4726614,-1.4726614,2.9453044,9.719504,0.913590743863829
4.0,0.032051159673503755,-2.0006934e-07,-2.9453852,-1.4726675,-1.4726675,-1.4726614,-1.4726614,2.9453044,9.719504,0.9138770128610214
4.0,0.03206115967350376,-1.8949976e-07,-2.9453852,-1.4726675,-1.4726675,-1.4726614,-1.4726614,2.9453044,9.719504,0.9141632818582138
4.0,0.032071159673503755,-2.0006986e-07,-2.9453852,-1.4726675,-1.4726675,-1.4726614,-1.4726614,2.9453044,9.719504,0.9144495508554062
4.0,0.03208115967350376,-1.8949973e-07,-2.9453852,-1.4726675,-1.4726675,-1.4726614,-1.4726614,2.9453044,9.719504,0.9147358198525987
4.0,0.032091159673503754,-2.0007039e-07,-2.9453852,-1.4726675,-1.4726675,-1.4726614,-1.4726614,2.9453044,9.719504,0.9150220888497911
4.0,0.03210115967350376,-1.8949969e-07,-2.9453852,-1.4726675,-1.4726675,-1.4726614,-1.4726614,2.9453044,9.719504,0.9153083578469835
4.0,0.03211115967350375,-2.000709e-07,-2.9453852,-1.4726675,-1.4726675,-1.4726614,-1.4726614,2.9453044,9.719504,0.9155946268441759
4.0,0.032121159673503756,-1.8949963e-07,-2.9453852,-1.4726675,-1.4726675,-1.4726614,-1.4726614,2.9453044,9.719504,0.9158808958413683
4.0,0.03213115967350376,-2.000714e-07,-2.9453852,-1.4726675,-1.4726675,-1.4726614,-1.4726614,2.9453044,9.719504,0.9161671648385608
4.0,0.032141159673503755,-1.8949959e-07,-2.9453852,-1.4726675,-1.4726675,-1.4726614,-1.4726614,2.9453044,9.719504,0.9164534338357532
4.0,0.03215115967350376,-2.000719e-07,-2.9453852,-1.4726675,-1.4726675,-1.4726614,-1.4726614,2.9453044,9.719504,0.9167397028329456
4.0,0.032161159673503754,-1.8949953e-07,-2.9453852,-1.4726675,-1.4726675,-1.4726614,-1.4726614,2.9453044,9.719504,0.917025971830138
4.0,0.03217115967350376,-2.0007239e-07,-2.9453852,-1.4726675,-1.4726675,-1.4726614,-1.4726614,2.9453044,9.719504,0.9173122408273304
4.0,0.032181159673503754,-1.8949946e-07,-2.9453852,-1.4726675,-1.4726675,-1.4726614,-1.4726614,2.9453044,9.719504,0.9175985098245228
4.0,0.03219115967350376,-2.0007288e-07,-2.9453852,-1.4726675,-1.4726675,-1.4726614,-1.4726614,2.9453044,9.719504,0.9178847788217153
4.0,0.03220115967350376,-1.8949939e-07,-2.9453852,-1.4726675,-1.4726675,-1.4726614,-1.4726614,2.9453044,9.719504,0.9181710478189077
4.0,0.032211159673503756,-2.0007336e-07,-2.9453852,-1.4726675,-1.4726675,-1.4726614,-1.4726614,2.9453044,9.719504,0.9184573168161001
4.0,0.03222115967350376,-1.8949932e-07,-2.9453852,-1.4726675,-1.4726675,-1.4726614,-1.4726614,2.9453044,9.719504,0.9187435858132925
4.0,0.032231159673503755,-2.0007383e-07,-2.9453852,-1.4726675,-1.4726675,-1.4726614,-1.4726614,2.9453044,9.719504,0.9190298548104849
4.0,0.03224115967350376,-1.8949923e-07,-2.9453852,-1.4726675,-1.4726675,-1.4726614,-1.4726614,2.9453044,9.719504,0.9193161238076774
4.0,0.032251159673503754,-2.000743e-07,-2.9453852,-1.4726675,-1.4726675,-1.4726614,-1.4726614,2.9453044,9.719504,0.9196023928048698
4.0,0.03226115967350376,-1.8949915e-07,-2.9453852,-1.4726675,-1.4726675,-1.4726614,-1.4726614,2.9453044,9.719504,0.9198886618020622
4.0,0.03227115967350375,-2.0007475e-07,-2.9453852,-1.4726675,-1.4726675,-1.4726614,-1.4726614,2.9453044,9.719504,0.9201749307992546
4.0,0.032281159673503756,-1.8949906e-07,-2.9453852,-1.4726675,-1.4726675,-1.4726614,-1.4726614,2.9453044,9.719504,0.920461199796447
4.0,0.03229115967350376,-2.000752e-07,-2.9453852,-1.4726675,-1.4726675,-1.4726614,-1.4726614,2.9453044,9.719504,0.9207474687936394
4.0,0.032301159673503756,-1.8949898e-07,-2.9453852,-1.4726675,-1.4726675,-1.4726614,-1.4726614,2.9453044,9.719504,0.9210337377908319
4.0,0.03231115967350376,-2.0007566e-07,-2.9453852,-1.4726675,-1.4726675,-1.4726614,-1.4726614,2.9453044,9.719504,0.9213200067880243
4.0,0.032321159673503755,-1.8949888e-07,-2.9453852,-1.4726675,-1.4726675,-1.4726614,-1.4726614,2.9453044,9.719504,0.9216062757852167
4.0,0.03233115967350376,-2.000761e-07,-2.9453852,-1.4726675,-1.4726675,-1.4726614,-1.4726614,2.9453044,9.719504,0.9218925447824091
4.0,0.032341159673503754,-1.8949878e-07,-2.9453852,-1.4726675,-1.4726675,-1.4726614,-1.4726614,2.9453044,9.719504,0.9221788137796015
4.0,0.03235115967350376,-2.0007654e-07,-2.9453852,-1.4726675,-1.4726675,-1.4726614,-1.4726614,2.9453044,9.719504,0.922465082776794
4.0,0.03236115967350375,-1.8949866e-07,-2.9453852,-1.4726675,-1.4726675,-1.4726614,-1.4726614,2.9453044,9.719504,0.9227513517739864
4.0,0.032371159673503756,-2.0007698e-07,-2.9453852,-1.4726675,-1.4726675,-1.4726614,-1.4726614,2.9453044,9.719504,0.9230376207711788
4.0,0.03238115967350376,-1.8949855e-07,-2.9453852,-1.4726675,-1.4726675,-1.4726614,-1.4726614,2.9453044,9.719504,0.9233238897683712
4.0,0.032391159673503755,-2.0007741e-07,-2.9453852,-1.4726675,-1.4726675,-1.4726614,-1.4726614,2.9453044,9.719504,0.9236101587655636
4.0,0.03240115967350376,-1.8949844e-07,-2.9453852,-1.4726675,-1.4726675,-1.4726614,-1.4726614,2.9453044,9.719504,0.923896427762756
4.0,0.032411159673503755,-2.0007782e-07,-2.9453852,-1.4726675,-1.4726675,-1.4726614,-1.4726614,2.9453044,9.719504,0.9241826967599485
4.0,0.03242115967350376,-1.8949832e-07,-2.9453852,-1.4726675,-1.4726675,-1.4726614,-1.4726614,2.9453044,9.719504,0.9244689657571409
4.0,0.032431159673503754,-2.0007825e-07,-2.9453852,-1.4726675,-1.4726675,-1.4726614,-1.4726614,2.9453044,9.719504,0.9247552347543333
4.0,0.03244115967350376,-1.894982e-07,-2.9453852,-1.4726675,-1.4726675,-1.4726614,-1.4726614,2.9453044,9.719504,0.9250415037515257
4.0,0.03245115967350375,-2.0007866e-07,-2.9453852,-1.4726675,-1.4726675,-1.4726614,-1.4726614,2.9453044,9.719504,0.9253277727487181
4.0,0.032461159673503756,-1.8949808e-07,-2.9453852,-1.4726675,-1.4726675,-1.4726614,-1.4726614,2.9453044,9.719504,0.9256140417459106
4.0,0.03247115967350376,-2.0007907e-07,-2.9453852,-1.4726675,-1.4726675,-1.4726614,-1.4726614,2.9453044,9.719504,0.925900310743103
4.0,0.032481159673503755,-1.8949795e-07,-2.9453852,-1.4726675,-1.4726675,-1.4726614,-1.4726614,2.9453044,9.719504,0.9261865797402954
4.0,0.03249115967350376,-2.0007947e-07,-2.9453852,-1.4726675,-1.4726675,-1.4726614,-1.4726614,2.9453044,9.719504,0.9264728487374878
4.0,0.032501159673503754,-1.8949781e-07,-2.9453852,-1.4726675,-1.4726675,-1.4726614,-1.4726614,2.9453044,9.719504,0.9267591177346802
4.0,0.03251115967350376,-2.0007987e-07,-2.9453852,-1.4726675,-1.4726675,-1.4726614,-1.4726614,2.9453044,9.719504,0.9270453867318726
4.0,0.032521159673503754,-1.8949768e-07,-2.9453852,-1.4726675,-1.4726675,-1.4726614,-1.4726614,2.9453044,9.719504,0.9273316557290651
4.0,0.03253115967350376,-2.0008027e-07,-2.9453852,-1.4726675,-1.4726675,-1.4726614,-1.4726614,2.9453044,9.719504,0.9276179247262575
4.0,0.03254115967350375,-1.8949754e-07,-2.9453852,-1.4726675,-1.4726675,-1.4726614,-1.4726614,2.9453044,9.719504,0.9279041937234499
4.0,0.032551159673503756,-2.0008066e-07,-2.9453852,-1.4726675,-1.4726675,-1.4726614,-1.4726614,2.9453044,9.719504,0.9281904627206423
4.0,0.03256115967350376,-1.894974e-07,-2.9453852,-1.4726675,-1.4726675,-1.4726614,-1.4726614,2.9453044,9.719504,0.9284767317178347
4.0,0.032571159673503755,-2.0008105e-07,-2.9453852,-1.4726675,-1.4726675,-1.4726614,-1.4726614,2.9453044,9.719504,0.9287630007150272
4.0,0.03258115967350376,-1.8949726e-07,-2.9453852,-1.4726675,-1.4726675,-1.4726614,-1.4726614,2.9453044,9.719504,0.9290492697122196
4.0,0.032591159673503754,-2.0008143e-07,-2.9453852,-1.4726675,-1.4726675,-1.4726614,-1.4726614,2.9453044,9.719504,0.929335538709412
4.0,0.03260115967350376,-1.8949711e-07,-2.9453852,-1.4726675,-1.4726675,-1.4726614,-1.4726614,2.9453044,9.719504,0.9296218077066044
4.0,0.03261115967350375,-2.0008181e-07,-2.9453852,-1.4726675,-1.4726675,-1.4726614,-1.4726614,2.9453044,9.719504,0.9299080767037968
4.0,0.032621159673503757,-1.8949696e-07,-2.9453852,-1.4726675,-1.4726675,-1.4726614,-1.4726614,2.9453044,9.719504,0.9301943457009892
4.0,0.03263115967350376,-2.0008218e-07,-2.9453852,-1.4726675,-1.4726675,-1.4726614,-1.4726614,2.9453044,9.719504,0.9304806146981817
4.0,0.032641159673503756,-1.894968e-07,-2.9453852,-1.4726675,-1.4726675,-1.4726614,-1.4726614,2.9453044,9.719504,0.9307668836953741
4.0,0.03265115967350376,-2.0008255e-07,-2.9453852,-1.4726675,-1.4726675,-1.4726614,-1.4726614,2.9453044,9.719504,0.9310531526925665
4.0,0.032661159673503755,-1.8949666e-07,-2.9453852,-1.4726675,-1.4726675,-1.4726614,-1.4726614,2.9453044,9.719504,0.9313394216897589
4.0,0.03267115967350376,-2.0008292e-07,-2.9453852,-1.4726675,-1.4726675,-1.4726614,-1.4726614,2.9453044,9.719504,0.9316256906869513
4.0,0.032681159673503754,-1.8949649e-07,-2.9453852,-1.4726675,-1.4726675,-1.4726614,-1.4726614,2.9453044,9.719504,0.9319119596841438
4.0,0.03269115967350376,-2.0008329e-07,-2.9453852,-1.4726675,-1.4726675,-1.4726614,-1.4726614,2.9453044,9.719504,0.9321982286813362
4.0,0.03270115967350375,-1.8949633e-07,-2.9453852,-1.4726675,-1.4726675,-1.4726614,-1.4726614,2.9453044,9.719504,0.9324844976785286
4.0,0.032711159673503756,-2.0008365e-07,-2.9453852,-1.4726675,-1.4726675,-1.4726614,-1.4726614,2.9453044,9.719504,0.932770766675721
4.0,0.03272115967350376,-1.8949618e-07,-2.9453852,-1.4726675,-1.4726675,-1.4726614,-1.4726614,2.9453044,9.719504,0.9330570356729134
4.0,0.032731159673503755,-2.00084e-07,-2.9453852,-1.4726675,-1.4726675,-1.4726614,-1.4726614,2.9453044,9.719504,0.9333433046701058
4.0,0.03274115967350376,-1.89496e-07,-2.9453852,-1.4726675,-1.4726675,-1.4726614,-1.4726614,2.9453044,9.719504,0.9336295736672983
4.0,0.032751159673503755,-2.0008436e-07,-2.9453852,-1.4726675,-1.4726675,-1.4726614,-1.4726614,2.9453044,9.719504,0.9339158426644907
4.0,0.03276115967350376,-1.8949585e-07,-2.9453852,-1.4726675,-1.4726675,-1.4726614,-1.4726614,2.9453044,9.719504,0.9342021116616831
4.0,0.032771159673503754,-2.0008471e-07,-2.9453852,-1.4726675,-1.4726675,-1.4726614,-1.4726614,2.9453044,9.719504,0.9344883806588755
4.0,0.03278115967350376,-1.8949568e-07,-2.9453852,-1.4726675,-1.4726675,-1.4726614,-1.4726614,2.9453044,9.719504,0.9347746496560679
4.0,0.03279115967350375,-2.0008505e-07,-2.9453852,-1.4726675,-1.4726675,-1.4726614,-1.4726614,2.9453044,9.719504,0.9350609186532604
4.0,0.032801159673503756,-1.8949551e-07,-2.9453852,-1.4726675,-1.4726675,-1.4726614,-1.4726614,2.9453044,9.719504,0.9353471876504528
4.0,0.03281115967350376,-2.0008541e-07,-2.9453852,-1.4726675,-1.4726675,-1.4726614,-1.4726614,2.9453044,9.719504,0.9356334566476452
4.0,0.032821159673503755,-1.8949532e-07,-2.9453852,-1.4726675,-1.4726675,-1.4726614,-1.4726614,2.9453044,9.719504,0.9359197256448376
4.0,0.03283115967350376,-2.0008575e-07,-2.9453852,-1.4726675,-1.4726675,-1.4726614,-1.4726614,2.9453044,9.719504,0.93620599464203
4.0,0.032841159673503754,-1.8949515e-07,-2.9453852,-1.4726675,-1.4726675,-1.4726614,-1.4726614,2.9453044,9.719504,0.9364922636392224
4.0,0.03285115967350376,-2.0008609e-07,-2.9453852,-1.4726675,-1.4726675,-1.4726614,-1.4726614,2.9453044,9.719504,0.9367785326364149
4.0,0.032861159673503754,-1.8949498e-07,-2.9453852,-1.4726675,-1.4726675,-1.4726614,-1.4726614,2.9453044,9.719504,0.9370648016336073
4.0,0.03287115967350376,-2.0008642e-07,-2.9453852,-1.4726675,-1.4726675,-1.4726614,-1.4726614,2.9453044,9.719504,0.9373510706307997
4.0,0.03288115967350375,-1.894948e-07,-2.9453852,-1.4726675,-1.4726675,-1.4726614,-1.4726614,2.9453044,9.719504,0.9376373396279921
4.0,0.032891159673503756,-2.0008676e-07,-2.9453852,-1.4726675,-1.4726675,-1.4726614,-1.4726614,2.9453044,9.719504,0.9379236086251845
4.0,0.03290115967350376,-1.8949463e-07,-2.9453852,-1.4726675,-1.4726675,-1.4726614,-1.4726614,2.9453044,9.719504,0.938209877622377
4.0,0.032911159673503755,-2.0008709e-07,-2.9453852,-1.4726675,-1.4726675,-1.4726614,-1.4726614,2.9453044,9.719504,0.9384961466195694
4.0,0.03292115967350376,-1.8949444e-07,-2.9453852,-1.4726675,-1.4726675,-1.4726614,-1.4726614,2.9453044,9.719504,0.9387824156167618
4.0,0.032931159673503754,-2.0008741e-07,-2.9453852,-1.4726675,-1.4726675,-1.4726614,-1.4726614,2.9453044,9.719504,0.9390686846139542
4.0,0.03294115967350376,-1.8949426e-07,-2.9453852,-1.4726675,-1.4726675,-1.4726614,-1.4726614,2.9453044,9.719504,0.9393549536111466
4.0,0.03295115967350375,-2.0008774e-07,-2.9453852,-1.4726675,-1.4726675,-1.4726614,-1.4726614,2.9453044,9.719504,0.939641222608339
4.0,0.032961159673503757,-1.8949407e-07,-2.9453852,-1.4726675,-1.4726675,-1.4726614,-1.4726614,2.9453044,9.719504,0.9399274916055315
4.0,0.03297115967350376,-2.0008807e-07,-2.9453852,-1.4726675,-1.4726675,-1.4726614,-1.4726614,2.9453044,9.719504,0.9402137606027239
4.0,0.032981159673503756,-1.8949389e-07,-2.9453852,-1.4726675,-1.4726675,-1.4726614,-1.4726614,2.9453044,9.719504,0.9405000295999163
4.0,0.03299115967350376,-2.0008838e-07,-2.9453852,-1.4726675,-1.4726675,-1.4726614,-1.4726614,2.9453044,9.719504,0.9407862985971087
4.0,0.033001159673503755,-1.894937e-07,-2.9453852,-1.4726675,-1.4726675,-1.4726614,-1.4726614,2.9453044,9.719504,0.9410725675943011
4.0,0.03301115967350376,-2.000887e-07,-2.9453852,-1.4726675,-1.4726675,-1.4726614,-1.4726614,2.9453044,9.719504,0.9413588365914936
4.0,0.033021159673503754,-1.894935e-07,-2.9453852,-1.4726675,-1.4726675,-1.4726614,-1.4726614,2.9453044,9.719504,0.941645105588686
4.0,0.03303115967350376,-2.0008902e-07,-2.9453852,-1.4726675,-1.4726675,-1.4726614,-1.4726614,2.9453044,9.719504,0.9419313745858784
4.0,0.03304115967350375,-1.8949332e-07,-2.9453852,-1.4726675,-1.4726675,-1.4726614,-1.4726614,2.9453044,9.719504,0.9422176435830708
4.0,0.033051159673503756,-2.0008933e-07,-2.9453852,-1.4726675,-1.4726675,-1.4726614,-1.4726614,2.9453044,9.719504,0.9425039125802632
4.0,0.03306115967350376,-1.8949312e-07,-2.9453852,-1.4726675,-1.4726675,-1.4726614,-1.4726614,2.9453044,9.719504,0.9427901815774556
4.0,0.033071159673503756,-2.0008964e-07,-2.9453852,-1.4726675,-1.4726675,-1.4726614,-1.4726614,2.9453044,9.719504,0.9430764505746481
4.0,0.03308115967350376,-1.8949294e-07,-2.9453852,-1.4726675,-1.4726675,-1.4726614,-1.4726614,2.9453044,9.719504,0.9433627195718405
4.0,0.033091159673503755,-2.0008996e-07,-2.9453852,-1.4726675,-1.4726675,-1.4726614,-1.4726614,2.9453044,9.719504,0.9436489885690329
4.0,0.03310115967350376,-1.8949274e-07,-2.9453852,-1.4726675,-1.4726675,-1.4726614,-1.4726614,2.9453044,9.719504,0.9439352575662253
4.0,0.033111159673503754,-2.0009026e-07,-2.9453852,-1.4726675,-1.4726675,-1.4726614,-1.4726614,2.9453044,9.719504,0.9442215265634177
4.0,0.03312115967350376,-1.8949254e-07,-2.9453852,-1.4726675,-1.4726675,-1.4726614,-1.4726614,2.9453044,9.719504,0.9445077955606102
4.0,0.03313115967350375,-2.0009057e-07,-2.9453852,-1.4726675,-1.4726675,-1.4726614,-1.4726614,2.9453044,9.719504,0.9447940645578026
4.0,0.033141159673503756,-1.8949235e-07,-2.9453852,-1.4726675,-1.4726675,-1.4726614,-1.4726614,2.9453044,9.719504,0.945080333554995
4.0,0.03315115967350376,-2.0009087e-07,-2.9453852,-1.4726675,-1.4726675,-1.4726614,-1.4726614,2.9453044,9.719504,0.9453666025521874
4.0,0.033161159673503755,-1.8949216e-07,-2.9453852,-1.4726675,-1.4726675,-1.4726614,-1.4726614,2.9453044,9.719504,0.9456528715493798
4.0,0.03317115967350376,-2.0009116e-07,-2.9453852,-1.4726675,-1.4726675,-1.4726614,-1.4726614,2.9453044,9.719504,0.9459391405465722
4.0,0.033181159673503755,-1.8949196e-07,-2.9453852,-1.4726675,-1.4726675,-1.4726614,-1.4726614,2.9453044,9.719504,0.9462254095437647
4.0,0.03319115967350376,-2.0009146e-07,-2.9453852,-1.4726675,-1.4726675,-1.4726614,-1.4726614,2.9453044,9.719504,0.9465116785409571
4.0,0.033201159673503754,-1.8949176e-07,-2.9453852,-1.4726675,-1.4726675,-1.4726614,-1.4726614,2.9453044,9.719504,0.9467979475381495
4.0,0.03321115967350376,-2.0009176e-07,-2.9453852,-1.4726675,-1.4726675,-1.4726614,-1.4726614,2.9453044,9.719504,0.9470842165353419
4.0,0.03322115967350375,-1.8949154e-07,-2.9453852,-1.4726675,-1.4726675,-1.4726614,-1.4726614,2.9453044,9.719504,0.9473704855325343
4.0,0.033231159673503756,-2.0009206e-07,-2.9453852,-1.4726675,-1.4726675,-1.4726614,-1.4726614,2.9453044,9.719504,0.9476567545297268
4.0,0.03324115967350376,-1.8949135e-07,-2.9453852,-1.4726675,-1.4726675,-1.4726614,-1.4726614,2.9453044,9.719504,0.9479430235269192
4.0,0.033251159673503755,-2.0009236e-07,-2.9453852,-1.4726675,-1.4726675,-1.4726614,-1.4726614,2.9453044,9.719504,0.9482292925241116
4.0,0.03326115967350376,-1.8949115e-07,-2.9453852,-1.4726675,-1.4726675,-1.4726614,-1.4726614,2.9453044,9.719504,0.948515561521304
4.0,0.033271159673503754,-2.0009264e-07,-2.9453852,-1.4726675,-1.4726675,-1.4726614,-1.4726614,2.9453044,9.719504,0.9488018305184964
4.0,0.03328115967350376,-1.8949095e-07,-2.9453852,-1.4726675,-1.4726675,-1.4726614,-1.4726614,2.9453044,9.719504,0.9490880995156888
4.0,0.033291159673503753,-2.0009294e-07,-2.9453852,-1.4726675,-1.4726675,-1.4726614,-1.4726614,2.9453044,9.719504,0.9493743685128813
4.0,0.03330115967350376,-1.8949073e-07,-2.9453852,-1.4726675,-1.4726675,-1.4726614,-1.4726614,2.9453044,9.719504,0.9496606375100737
4.0,0.03331115967350376,-2.0009323e-07,-2.9453852,-1.4726675,-1.4726675,-1.4726614,-1.4726614,2.9453044,9.719504,0.9499469065072661
4.0,0.033321159673503756,-1.8949054e-07,-2.9453852,-1.4726675,-1.4726675,-1.4726614,-1.4726614,2.9453044,9.719504,0.9502331755044585
4.0,0.03333115967350376,-2.0009351e-07,-2.9453852,-1.4726675,-1.4726675,-1.4726614,-1.4726614,2.9453044,9.719504,0.9505194445016509
4.0,0.033341159673503755,-1.8949034e-07,-2.9453852,-1.4726675,-1.4726675,-1.4726614,-1.4726614,2.9453044,9.719504,0.9508057134988434
4.0,0.03335115967350376,-2.000938e-07,-2.9453852,-1.4726675,-1.4726675,-1.4726614,-1.4726614,2.9453044,9.719504,0.9510919824960358
4.0,0.033361159673503754,-1.8949012e-07,-2.9453852,-1.4726675,-1.4726675,-1.4726614,-1.4726614,2.9453044,9.719504,0.9513782514932282
4.0,0.03337115967350376,-2.0009408e-07,-2.9453852,-1.4726675,-1.4726675,-1.4726614,-1.4726614,2.9453044,9.719504,0.9516645204904206
4.0,0.03338115967350375,-1.8948991e-07,-2.9453852,-1.4726675,-1.4726675,-1.4726614,-1.4726614,2.9453044,9.719504,0.951950789487613
4.0,0.033391159673503756,-2.0009436e-07,-2.9453852,-1.4726675,-1.4726675,-1.4726614,-1.4726614,2.9453044,9.719504,0.9522370584848054
4.0,0.03340115967350376,-1.8948971e-07,-2.9453852,-1.4726675,-1.4726675,-1.4726614,-1.4726614,2.9453044,9.719504,0.9525233274819979
4.0,0.033411159673503756,-2.0009465e-07,-2.9453852,-1.4726675,-1.4726675,-1.4726614,-1.4726614,2.9453044,9.719504,0.9528095964791903
4.0,0.03342115967350376,-1.894895e-07,-2.9453852,-1.4726675,-1.4726675,-1.4726614,-1.4726614,2.9453044,9.719504,0.9530958654763827
4.0,0.033431159673503755,-2.0009492e-07,-2.9453852,-1.4726675,-1.4726675,-1.4726614,-1.4726614,2.9453044,9.719504,0.9533821344735751
4.0,0.03344115967350376,-1.894893e-07,-2.9453852,-1.4726675,-1.4726675,-1.4726614,-1.4726614,2.9453044,9.719504,0.9536684034707675
4.0,0.033451159673503754,-2.000952e-07,-2.9453852,-1.4726675,-1.4726675,-1.4726614,-1.4726614,2.9453044,9.719504,0.95395467246796
4.0,0.03346115967350376,-1.8948909e-07,-2.9453852,-1.4726675,-1.4726675,-1.4726614,-1.4726614,2.9453044,9.719504,0.9542409414651524
4.0,0.03347115967350375,-2.0009547e-07,-2.9453852,-1.4726675,-1.4726675,-1.4726614,-1.4726614,2.9453044,9.719504,0.9545272104623448
4.0,0.033481159673503756,-1.8948887e-07,-2.9453852,-1.4726675,-1.4726675,-1.4726614,-1.4726614,2.9453044,9.719504,0.9548134794595372
4.0,0.03349115967350376,-2.0009576e-07,-2.9453852,-1.4726675,-1.4726675,-1.4726614,-1.4726614,2.9453044,9.719504,0.9550997484567296
4.0,0.033501159673503755,-1.8948866e-07,-2.9453852,-1.4726675,-1.4726675,-1.4726614,-1.4726614,2.9453044,9.719504,0.955386017453922
4.0,0.03351115967350376,-2.0009603e-07,-2.9453852,-1.4726675,-1.4726675,-1.4726614,-1.4726614,2.9453044,9.719504,0.9556722864511145
4.0,0.033521159673503755,-1.8948845e-07,-2.9453852,-1.4726675,-1.4726675,-1.4726614,-1.4726614,2.9453044,9.719504,0.9559585554483069
4.0,0.03353115967350376,-2.000963e-07,-2.9453852,-1.4726675,-1.4726675,-1.4726614,-1.4726614,2.9453044,9.719504,0.9562448244454993
4.0,0.033541159673503754,-1.8948825e-07,-2.9453852,-1.4726675,-1.4726675,-1.4726614,-1.4726614,2.9453044,9.719504,0.9565310934426917
4.0,0.03355115967350376,-2.0009657e-07,-2.9453852,-1.4726675,-1.4726675,-1.4726614,-1.4726614,2.9453044,9.719504,0.9568173624398841
4.0,0.03356115967350375,-1.8948803e-07,-2.9453852,-1.4726675,-1.4726675,-1.4726614,-1.4726614,2.9453044,9.719504,0.9571036314370766
4.0,0.033571159673503756,-2.0009684e-07,-2.9453852,-1.4726675,-1.4726675,-1.4726614,-1.4726614,2.9453044,9.719504,0.957389900434269
4.0,0.03358115967350376,-1.8948782e-07,-2.9453852,-1.4726675,-1.4726675,-1.4726614,-1.4726614,2.9453044,9.719504,0.9576761694314614
4.0,0.033591159673503755,-2.000971e-07,-2.9453852,-1.4726675,-1.4726675,-1.4726614,-1.4726614,2.9453044,9.719504,0.9579624384286538
4.0,0.03360115967350376,-1.8948761e-07,-2.9453852,-1.4726675,-1.4726675,-1.4726614,-1.4726614,2.9453044,9.719504,0.9582487074258462
4.0,0.033611159673503754,-2.0009738e-07,-2.9453852,-1.4726675,-1.4726675,-1.4726614,-1.4726614,2.9453044,9.719504,0.9585349764230386
4.0,0.03362115967350376,-1.894874e-07,-2.9453852,-1.4726675,-1.4726675,-1.4726614,-1.4726614,2.9453044,9.719504,0.9588212454202311
4.0,0.033631159673503754,-2.0009763e-07,-2.9453852,-1.4726675,-1.4726675,-1.4726614,-1.4726614,2.9453044,9.719504,0.9591075144174235
4.0,0.03364115967350376,-1.8948718e-07,-2.9453852,-1.4726675,-1.4726675,-1.4726614,-1.4726614,2.9453044,9.719504,0.9593937834146159
4.0,0.03365115967350375,-2.000979e-07,-2.9453852,-1.4726675,-1.4726675,-1.4726614,-1.4726614,2.9453044,9.719504,0.9596800524118083
4.0,0.033661159673503756,-1.8948697e-07,-2.9453852,-1.4726675,-1.4726675,-1.4726614,-1.4726614,2.9453044,9.719504,0.9599663214090007
4.0,0.03367115967350376,-2.0009817e-07,-2.9453852,-1.4726675,-1.4726675,-1.4726614,-1.4726614,2.9453044,9.719504,0.9602525904061932
4.0,0.033681159673503755,-1.8948676e-07,-2.9453852,-1.4726675,-1.4726675,-1.4726614,-1.4726614,2.9453044,9.719504,0.9605388594033856
4.0,0.03369115967350376,-2.0009843e-07,-2.9453852,-1.4726675,-1.4726675,-1.4726614,-1.4726614,2.9453044,9.719504,0.960825128400578
4.0,0.033701159673503754,-1.8948653e-07,-2.9453852,-1.4726675,-1.4726675,-1.4726614,-1.4726614,2.9453044,9.719504,0.9611113973977704
4.0,0.03371115967350376,-2.0009868e-07,-2.9453852,-1.4726675,-1.4726675,-1.4726614,-1.4726614,2.9453044,9.719504,0.9613976663949628
4.0,0.03372115967350375,-1.8948631e-07,-2.9453852,-1.4726675,-1.4726675,-1.4726614,-1.4726614,2.9453044,9.719504,0.9616839353921552
4.0,0.033731159673503756,-2.0009895e-07,-2.9453852,-1.4726675,-1.4726675,-1.4726614,-1.4726614,2.9453044,9.719504,0.9619702043893477
4.0,0.03374115967350376,-1.894861e-07,-2.9453852,-1.4726675,-1.4726675,-1.4726614,-1.4726614,2.9453044,9.719504,0.9622564733865401
4.0,0.033751159673503756,-2.0009921e-07,-2.9453852,-1.4726675,-1.4726675,-1.4726614,-1.4726614,2.9453044,9.719504,0.9625427423837325
4.0,0.03376115967350376,-1.8948589e-07,-2.9453852,-1.4726675,-1.4726675,-1.4726614,-1.4726614,2.9453044,9.719504,0.9628290113809249
4.0,0.033771159673503755,-2.0009946e-07,-2.9453852,-1.4726675,-1.4726675,-1.4726614,-1.4726614,2.9453044,9.719504,0.9631152803781173
4.0,0.03378115967350376,-1.8948568e-07,-2.9453852,-1.4726675,-1.4726675,-1.4726614,-1.4726614,2.9453044,9.719504,0.9634015493753098
4.0,0.033791159673503754,-2.0009972e-07,-2.9453852,-1.4726675,-1.4726675,-1.4726614,-1.4726614,2.9453044,9.719504,0.9636878183725022
4.0,0.03380115967350376,-1.8948546e-07,-2.9453852,-1.4726675,-1.4726675,-1.4726614,-1.4726614,2.9453044,9.719504,0.9639740873696946
4.0,0.03381115967350375,-2.0009998e-07,-2.9453852,-1.4726675,-1.4726675,-1.4726614,-1.4726614,2.9453044,9.719504,0.964260356366887
4.0,0.033821159673503756,-1.8948525e-07,-2.9453852,-1.4726675,-1.4726675,-1.4726614,-1.4726614,2.9453044,9.719504,0.9645466253640794
4.0,0.03383115967350376,-2.0010023e-07,-2.9453852,-1.4726675,-1.4726675,-1.4726614,-1.4726614,2.9453044,9.719504,0.9648328943612718
4.0,0.033841159673503755,-1.8948502e-07,-2.9453852,-1.4726675,-1.4726675,-1.4726614,-1.4726614,2.9453044,9.719504,0.9651191633584643
4.0,0.03385115967350376,-2.0010049e-07,-2.9453852,-1.4726675,-1.4726675,-1.4726614,-1.4726614,2.9453044,9.719504,0.9654054323556567
4.0,0.033861159673503755,-1.8948481e-07,-2.9453852,-1.4726675,-1.4726675,-1.4726614,-1.4726614,2.9453044,9.719504,0.9656917013528491
4.0,0.03387115967350376,-2.0010074e-07,-2.9453852,-1.4726675,-1.4726675,-1.4726614,-1.4726614,2.9453044,9.719504,0.9659779703500415
4.0,0.033881159673503754,-1.894846e-07,-2.9453852,-1.4726675,-1.4726675,-1.4726614,-1.4726614,2.9453044,9.719504,0.9662642393472339
4.0,0.03389115967350376,-2.00101e-07,-2.9453852,-1.4726675,-1.4726675,-1.4726614,-1.4726614,2.9453044,9.719504,0.9665505083444264
4.0,0.03390115967350375,-1.8948438e-07,-2.9453852,-1.4726675,-1.4726675,-1.4726614,-1.4726614,2.9453044,9.719504,0.9668367773416188
4.0,0.033911159673503756,-2.0010124e-07,-2.9453852,-1.4726675,-1.4726675,-1.4726614,-1.4726614,2.9453044,9.719504,0.9671230463388112
4.0,0.03392115967350376,-1.8948415e-07,-2.9453852,-1.4726675,-1.4726675,-1.4726614,-1.4726614,2.9453044,9.719504,0.9674093153360036
4.0,0.033931159673503755,-2.001015e-07,-2.9453852,-1.4726675,-1.4726675,-1.4726614,-1.4726614,2.9453044,9.719504,0.967695584333196
4.0,0.03394115967350376,-1.8948394e-07,-2.9453852,-1.4726675,-1.4726675,-1.4726614,-1.4726614,2.9453044,9.719504,0.9679818533303884
4.0,0.033951159673503754,-2.0010175e-07,-2.9453852,-1.4726675,-1.4726675,-1.4726614,-1.4726614,2.9453044,9.719504,0.9682681223275809
4.0,0.03396115967350376,-1.8948373e-07,-2.9453852,-1.4726675,-1.4726675,-1.4726614,-1.4726614,2.9453044,9.719504,0.9685543913247733
4.0,0.033971159673503754,-2.00102e-07,-2.9453852,-1.4726675,-1.4726675,-1.4726614,-1.4726614,2.9453044,9.719504,0.9688406603219657
4.0,0.03398115967350376,-1.8948352e-07,-2.9453852,-1.4726675,-1.4726675,-1.4726614,-1.4726614,2.9453044,9.719504,0.9691269293191581
4.0,0.03399115967350375,-2.0010225e-07,-2.9453852,-1.4726675,-1.4726675,-1.4726614,-1.4726614,2.9453044,9.719504,0.9694131983163505
4.0,0.034001159673503756,-1.8948329e-07,-2.9453852,-1.4726675,-1.4726675,-1.4726614,-1.4726614,2.9453044,9.719504,0.969699467313543
4.0,0.03401115967350376,-2.0010249e-07,-2.9453852,-1.4726675,-1.4726675,-1.4726614,-1.4726614,2.9453044,9.719504,0.9699857363107354
4.0,0.034021159673503755,-1.8948307e-07,-2.9453852,-1.4726675,-1.4726675,-1.4726614,-1.4726614,2.9453044,9.719504,0.9702720053079278
4.0,0.03403115967350376,-2.0010273e-07,-2.9453852,-1.4726675,-1.4726675,-1.4726614,-1.4726614,2.9453044,9.719504,0.9705582743051202
4.0,0.034041159673503754,-1.8948286e-07,-2.9453852,-1.4726675,-1.4726675,-1.4726614,-1.4726614,2.9453044,9.719504,0.9708445433023126
4.0,0.03405115967350376,-2.0010299e-07,-2.9453852,-1.4726675,-1.4726675,-1.4726614,-1.4726614,2.9453044,9.719504,0.971130812299505
4.0,0.03406115967350375,-1.8948263e-07,-2.9453852,-1.4726675,-1.4726675,-1.4726614,-1.4726614,2.9453044,9.719504,0.9714170812966975
4.0,0.034071159673503756,-2.0010323e-07,-2.9453852,-1.4726675,-1.4726675,-1.4726614,-1.4726614,2.9453044,9.719504,0.9717033502938899
4.0,0.03408115967350376,-1.8948242e-07,-2.9453852,-1.4726675,-1.4726675,-1.4726614,-1.4726614,2.9453044,9.719504,0.9719896192910823
4.0,0.034091159673503756,-2.0010347e-07,-2.9453852,-1.4726675,-1.4726675,-1.4726614,-1.4726614,2.9453044,9.719504,0.9722758882882747
4.0,0.03410115967350376,-1.8948221e-07,-2.9453852,-1.4726675,-1.4726675,-1.4726614,-1.4726614,2.9453044,9.719504,0.9725621572854671
4.0,0.034111159673503755,-2.0010371e-07,-2.9453852,-1.4726675,-1.4726675,-1.4726614,-1.4726614,2.9453044,9.719504,0.9728484262826596
4.0,0.03412115967350376,-1.8948198e-07,-2.9453852,-1.4726675,-1.4726675,-1.4726614,-1.4726614,2.9453044,9.719504,0.973134695279852
4.0,0.034131159673503754,-2.0010395e-07,-2.9453852,-1.4726675,-1.4726675,-1.4726614,-1.4726614,2.9453044,9.719504,0.9734209642770444
4.0,0.03414115967350376,-1.8948177e-07,-2.9453852,-1.4726675,-1.4726675,-1.4726614,-1.4726614,2.9453044,9.719504,0.9737072332742368
4.0,0.03415115967350375,-2.001042e-07,-2.9453852,-1.4726675,-1.4726675,-1.4726614,-1.4726614,2.9453044,9.719504,0.9739935022714292
4.0,0.034161159673503756,-1.8948155e-07,-2.9453852,-1.4726675,-1.4726675,-1.4726614,-1.4726614,2.9453044,9.719504,0.9742797712686216
4.0,0.03417115967350376,-2.0010444e-07,-2.9453852,-1.4726675,-1.4726675,-1.4726614,-1.4726614,2.9453044,9.719504,0.9745660402658141
4.0,0.034181159673503755,-1.8948134e-07,-2.9453852,-1.4726675,-1.4726675,-1.4726614,-1.4726614,2.9453044,9.719504,0.9748523092630065
4.0,0.03419115967350376,-2.0010468e-07,-2.9453852,-1.4726675,-1.4726675,-1.4726614,-1.4726614,2.9453044,9.719504,0.9751385782601989
4.0,0.034201159673503755,-1.8948111e-07,-2.9453852,-1.4726675,-1.4726675,-1.4726614,-1.4726614,2.9453044,9.719504,0.9754248472573913
4.0,0.03421115967350376,-2.0010492e-07,-2.9453852,-1.4726675,-1.4726675,-1.4726614,-1.4726614,2.9453044,9.719504,0.9757111162545837
4.0,0.034221159673503754,-1.894809e-07,-2.9453852,-1.4726675,-1.4726675,-1.4726614,-1.4726614,2.9453044,9.719504,0.9759973852517762
4.0,0.03423115967350376,-2.0010516e-07,-2.9453852,-1.4726675,-1.4726675,-1.4726614,-1.4726614,2.9453044,9.719504,0.9762836542489686
4.0,0.03424115967350375,-1.8948069e-07,-2.9453852,-1.4726675,-1.4726675,-1.4726614,-1.4726614,2.9453044,9.719504,0.976569923246161
4.0,0.034251159673503756,-2.001054e-07,-2.9453852,-1.4726675,-1.4726675,-1.4726614,-1.4726614,2.9453044,9.719504,0.9768561922433534
4.0,0.03426115967350376,-1.8948046e-07,-2.9453852,-1.4726675,-1.4726675,-1.4726614,-1.4726614,2.9453044,9.719504,0.9771424612405458
4.0,0.034271159673503755,-2.0010565e-07,-2.9453852,-1.4726675,-1.4726675,-1.4726614,-1.4726614,2.9453044,9.719504,0.9774287302377382
4.0,0.03428115967350376,-1.8948025e-07,-2.9453852,-1.4726675,-1.4726675,-1.4726614,-1.4726614,2.9453044,9.719504,0.9777149992349307
4.0,0.034291159673503754,-2.0010587e-07,-2.9453852,-1.4726675,-1.4726675,-1.4726614,-1.4726614,2.9453044,9.719504,0.9780012682321231
4.0,0.03430115967350376,-1.8948003e-07,-2.9453852,-1.4726675,-1.4726675,-1.4726614,-1.4726614,2.9453044,9.719504,0.9782875372293155
4.0,0.034311159673503754,-2.0010611e-07,-2.9453852,-1.4726675,-1.4726675,-1.4726614,-1.4726614,2.9453044,9.719504,0.9785738062265079
4.0,0.03432115967350376,-1.894798e-07,-2.9453852,-1.4726675,-1.4726675,-1.4726614,-1.4726614,2.9453044,9.719504,0.9788600752237003
4.0,0.03433115967350375,-2.0010636e-07,-2.9453852,-1.4726675,-1.4726675,-1.4726614,-1.4726614,2.9453044,9.719504,0.9791463442208928
4.0,0.034341159673503756,-1.894796e-07,-2.9453852,-1.4726675,-1.4726675,-1.4726614,-1.4726614,2.9453044,9.719504,0.9794326132180852
4.0,0.03435115967350376,-2.0010658e-07,-2.9453852,-1.4726675,-1.4726675,-1.4726614,-1.4726614,2.9453044,9.719504,0.9797188822152776
4.0,0.034361159673503755,-1.8947938e-07,-2.9453852,-1.4726675,-1.4726675,-1.4726614,-1.4726614,2.9453044,9.719504,0.98000515121247
4.0,0.03437115967350376,-2.0010683e-07,-2.9453852,-1.4726675,-1.4726675,-1.4726614,-1.4726614,2.9453044,9.719504,0.9802914202096624
4.0,0.034381159673503754,-1.8947917e-07,-2.9453852,-1.4726675,-1.4726675,-1.4726614,-1.4726614,2.9453044,9.719504,0.9805776892068548
4.0,0.03439115967350376,-2.0010705e-07,-2.9453852,-1.4726675,-1.4726675,-1.4726614,-1.4726614,2.9453044,9.719504,0.9808639582040473
4.0,0.03440115967350375,-1.8947894e-07,-2.9453852,-1.4726675,-1.4726675,-1.4726614,-1.4726614,2.9453044,9.719504,0.9811502272012397
4.0,0.034411159673503756,-2.001073e-07,-2.9453852,-1.4726675,-1.4726675,-1.4726614,-1.4726614,2.9453044,9.719504,0.9814364961984321
4.0,0.03442115967350376,-1.8947873e-07,-2.9453852,-1.4726675,-1.4726675,-1.4726614,-1.4726614,2.9453044,9.719504,0.9817227651956245
4.0,0.034431159673503756,-2.0010752e-07,-2.9453852,-1.4726675,-1.4726675,-1.4726614,-1.4726614,2.9453044,9.719504,0.9820090341928169
4.0,0.03444115967350376,-1.8947851e-07,-2.9453852,-1.4726675,-1.4726675,-1.4726614,-1.4726614,2.9453044,9.719504,0.9822953031900094
4.0,0.034451159673503755,-2.0010776e-07,-2.9453852,-1.4726675,-1.4726675,-1.4726614,-1.4726614,2.9453044,9.719504,0.9825815721872018
4.0,0.03446115967350376,-1.8947829e-07,-2.9453852,-1.4726675,-1.4726675,-1.4726614,-1.4726614,2.9453044,9.719504,0.9828678411843942
4.0,0.034471159673503754,-2.0010799e-07,-2.9453852,-1.4726675,-1.4726675,-1.4726614,-1.4726614,2.9453044,9.719504,0.9831541101815866
4.0,0.03448115967350376,-1.8947807e-07,-2.9453852,-1.4726675,-1.4726675,-1.4726614,-1.4726614,2.9453044,9.719504,0.983440379178779
4.0,0.03449115967350375,-2.0010822e-07,-2.9453852,-1.4726675,-1.4726675,-1.4726614,-1.4726614,2.9453044,9.719504,0.9837266481759714
4.0,0.034501159673503756,-1.8947786e-07,-2.9453852,-1.4726675,-1.4726675,-1.4726614,-1.4726614,2.9453044,9.719504,0.9840129171731639
4.0,0.03451115967350376,-2.0010846e-07,-2.9453852,-1.4726675,-1.4726675,-1.4726614,-1.4726614,2.9453044,9.719504,0.9842991861703563
4.0,0.034521159673503755,-1.8947765e-07,-2.9453852,-1.4726675,-1.4726675,-1.4726614,-1.4726614,2.9453044,9.719504,0.9845854551675487
4.0,0.03453115967350376,-2.0010869e-07,-2.9453852,-1.4726675,-1.4726675,-1.4726614,-1.4726614,2.9453044,9.719504,0.9848717241647411
4.0,0.034541159673503755,-1.8947742e-07,-2.9453852,-1.4726675,-1.4726675,-1.4726614,-1.4726614,2.9453044,9.719504,0.9851579931619335
4.0,0.03455115967350376,-2.0010891e-07,-2.9453852,-1.4726675,-1.4726675,-1.4726614,-1.4726614,2.9453044,9.719504,0.985444262159126
4.0,0.034561159673503754,-1.894772e-07,-2.9453852,-1.4726675,-1.4726675,-1.4726614,-1.4726614,2.9453044,9.719504,0.9857305311563184
4.0,0.03457115967350376,-2.0010914e-07,-2.9453852,-1.4726675,-1.4726675,-1.4726614,-1.4726614,2.9453044,9.719504,0.9860168001535108
4.0,0.03458115967350375,-1.8947699e-07,-2.9453852,-1.4726675,-1.4726675,-1.4726614,-1.4726614,2.9453044,9.719504,0.9863030691507032
4.0,0.034591159673503756,-2.0010937e-07,-2.9453852,-1.4726675,-1.4726675,-1.4726614,-1.4726614,2.9453044,9.719504,0.9865893381478956
4.0,0.03460115967350376,-1.8947678e-07,-2.9453852,-1.4726675,-1.4726675,-1.4726614,-1.4726614,2.9453044,9.719504,0.986875607145088
4.0,0.034611159673503755,-2.001096e-07,-2.9453852,-1.4726675,-1.4726675,-1.4726614,-1.4726614,2.9453044,9.719504,0.9871618761422805
4.0,0.03462115967350376,-1.8947657e-07,-2.9453852,-1.4726675,-1.4726675,-1.4726614,-1.4726614,2.9453044,9.719504,0.9874481451394729
4.0,0.034631159673503754,-2.0010982e-07,-2.9453852,-1.4726675,-1.4726675,-1.4726614,-1.4726614,2.9453044,9.719504,0.9877344141366653
4.0,0.03464115967350376,-1.8947634e-07,-2.9453852,-1.4726675,-1.4726675,-1.4726614,-1.4726614,2.9453044,9.719504,0.9880206831338577
4.0,0.034651159673503754,-2.0011005e-07,-2.9453852,-1.4726675,-1.4726675,-1.4726614,-1.4726614,2.9453044,9.719504,0.9883069521310501
4.0,0.03466115967350376,-1.8947613e-07,-2.9453852,-1.4726675,-1.4726675,-1.4726614,-1.4726614,2.9453044,9.719504,0.9885932211282425
4.0,0.03467115967350375,-2.0011028e-07,-2.9453852,-1.4726675,-1.4726675,-1.4726614,-1.4726614,2.9453044,9.719504,0.988879490125435
4.0,0.034681159673503756,-1.8947591e-07,-2.9453852,-1.4726675,-1.4726675,-1.4726614,-1.4726614,2.9453044,9.719504,0.9891657591226274
4.0,0.03469115967350376,-2.001105e-07,-2.9453852,-1.4726675,-1.4726675,-1.4726614,-1.4726614,2.9453044,9.719504,0.9894520281198198
4.0,0.034701159673503755,-1.894757e-07,-2.9453852,-1.4726675,-1.4726675,-1.4726614,-1.4726614,2.9453044,9.719504,0.9897382971170122
4.0,0.03471115967350376,-2.0011073e-07,-2.9453852,-1.4726675,-1.4726675,-1.4726614,-1.4726614,2.9453044,9.719504,0.9900245661142046
4.0,0.034721159673503754,-1.8947549e-07,-2.9453852,-1.4726675,-1.4726675,-1.4726614,-1.4726614,2.9453044,9.719504,0.9903108351113971
4.0,0.03473115967350376,-2.0011096e-07,-2.9453852,-1.4726675,-1.4726675,-1.4726614,-1.4726614,2.9453044,9.719504,0.9905971041085895
4.0,0.03474115967350375,-1.8947527e-07,-2.9453852,-1.4726675,-1.4726675,-1.4726614,-1.4726614,2.9453044,9.719504,0.9908833731057819
4.0,0.034751159673503756,-2.0011119e-07,-2.9453852,-1.4726675,-1.4726675,-1.4726614,-1.4726614,2.9453044,9.719504,0.9911696421029743
4.0,0.03476115967350375,-1.8947505e-07,-2.9453852,-1.4726675,-1.4726675,-1.4726614,-1.4726614,2.9453044,9.719504,0.9914559111001667
4.0,0.034771159673503756,-2.0011142e-07,-2.9453852,-1.4726675,-1.4726675,-1.4726614,-1.4726614,2.9453044,9.719504,0.9917421800973591
4.0,0.03478115967350376,-1.8947483e-07,-2.9453852,-1.4726675,-1.4726675,-1.4726614,-1.4726614,2.9453044,9.719504,0.9920284490945516
4.0,0.034791159673503755,-2.0011164e-07,-2.9453852,-1.4726675,-1.4726675,-1.4726614,-1.4726614,2.9453044,9.719504,0.992314718091744
4.0,0.03480115967350376,-1.8947462e-07,-2.9453852,-1.4726675,-1.4726675,-1.4726614,-1.4726614,2.9453044,9.719504,0.9926009870889364
4.0,0.034811159673503754,-2.0011186e-07,-2.9453852,-1.4726675,-1.4726675,-1.4726614,-1.4726614,2.9453044,9.719504,0.9928872560861288
4.0,0.03482115967350376,-1.894744e-07,-2.9453852,-1.4726675,-1.4726675,-1.4726614,-1.4726614,2.9453044,9.719504,0.9931735250833212
4.0,0.03483115967350375,-2.0011208e-07,-2.9453852,-1.4726675,-1.4726675,-1.4726614,-1.4726614,2.9453044,9.719504,0.9934597940805137
4.0,0.034841159673503756,-1.8947419e-07,-2.9453852,-1.4726675,-1.4726675,-1.4726614,-1.4726614,2.9453044,9.719504,0.9937460630777061
4.0,0.03485115967350376,-2.0011231e-07,-2.9453852,-1.4726675,-1.4726675,-1.4726614,-1.4726614,2.9453044,9.719504,0.9940323320748985
4.0,0.034861159673503755,-1.8947398e-07,-2.9453852,-1.4726675,-1.4726675,-1.4726614,-1.4726614,2.9453044,9.719504,0.9943186010720909
4.0,0.03487115967350376,-2.0011254e-07,-2.9453852,-1.4726675,-1.4726675,-1.4726614,-1.4726614,2.9453044,9.719504,0.9946048700692833
4.0,0.034881159673503755,-1.8947377e-07,-2.9453852,-1.4726675,-1.4726675,-1.4726614,-1.4726614,2.9453044,9.719504,0.9948911390664757
4.0,0.03489115967350376,-2.0011275e-07,-2.9453852,-1.4726675,-1.4726675,-1.4726614,-1.4726614,2.9453044,9.719504,0.9951774080636682
4.0,0.034901159673503754,-1.8947355e-07,-2.9453852,-1.4726675,-1.4726675,-1.4726614,-1.4726614,2.9453044,9.719504,0.9954636770608606
4.0,0.03491115967350376,-2.0011298e-07,-2.9453852,-1.4726675,-1.4726675,-1.4726614,-1.4726614,2.9453044,9.719504,0.995749946058053
4.0,0.03492115967350375,-1.8947334e-07,-2.9453852,-1.4726675,-1.4726675,-1.4726614,-1.4726614,2.9453044,9.719504,0.9960362150552454
4.0,0.034931159673503756,-2.0011319e-07,-2.9453852,-1.4726675,-1.4726675,-1.4726614,-1.4726614,2.9453044,9.719504,0.9963224840524378
4.0,0.03494115967350376,-1.8947313e-07,-2.9453852,-1.4726675,-1.4726675,-1.4726614,-1.4726614,2.9453044,9.719504,0.9966087530496303
4.0,0.034951159673503755,-2.0011342e-07,-2.9453852,-1.4726675,-1.4726675,-1.4726614,-1.4726614,2.9453044,9.719504,0.9968950220468227
4.0,0.03496115967350376,-1.8947291e-07,-2.9453852,-1.4726675,-1.4726675,-1.4726614,-1.4726614,2.9453044,9.719504,0.9971812910440151
4.0,0.034971159673503754,-2.0011365e-07,-2.9453852,-1.4726675,-1.4726675,-1.4726614,-1.4726614,2.9453044,9.719504,0.9974675600412075
4.0,0.03498115967350376,-1.894727e-07,-2.9453852,-1.4726675,-1.4726675,-1.4726614,-1.4726614,2.9453044,9.719504,0.9977538290383999
4.0,0.034991159673503754,-2.0011386e-07,-2.9453852,-1.4726675,-1.4726675,-1.4726614,-1.4726614,2.9453044,9.719504,0.9980400980355923
4.0,0.03500115967350376,-1.8947249e-07,-2.9453852,-1.4726675,-1.4726675,-1.4726614,-1.4726614,2.9453044,9.719504,0.9983263670327848
4.0,0.03501115967350375,-2.0011409e-07,-2.9453852,-1.4726675,-1.4726675,-1.4726614,-1.4726614,2.9453044,9.719504,0.9986126360299772
4.0,0.035021159673503756,-1.8947227e-07,-2.9453852,-1.4726675,-1.4726675,-1.4726614,-1.4726614,2.9453044,9.719504,0.9988989050271696
4.0,0.03503115967350376,-2.001143e-07,-2.9453852,-1.4726675,-1.4726675,-1.4726614,-1.4726614,2.9453044,9.719504,0.999185174024362
4.0,0.035041159673503755,-1.8947206e-07,-2.9453852,-1.4726675,-1.4726675,-1.4726614,-1.4726614,2.9453044,9.719504,0.9994714430215544
4.0,0.03505115967350376,-2.0011451e-07,-2.9453852,-1.4726675,-1.4726675,-1.4726614,-1.4726614,2.9453044,9.719504,0.9997577120187469
4.0,0.035061159673503754,-1.8947185e-07,-2.9453852,-1.4726675,-1.4726675,-1.4726614,-1.4726614,2.9453044,9.719504,1.0000439810159392
4.0,0.03507115967350376,-2.0011474e-07,-2.9453852,-1.4726675,-1.4726675,-1.4726614,-1.4726614,2.9453044,9.719504,1.0003302500131315
4.0,0.03508115967350375,-1.8947163e-07,-2.9453852,-1.4726675,-1.4726675,-1.4726614,-1.4726614,2.9453044,9.719504,1.0006165190103238
4.0,0.035091159673503756,-2.0011495e-07,-2.9453852,-1.4726675,-1.4726675,-1.4726614,-1.4726614,2.9453044,9.719504,1.000902788007516
4.0,0.03510115967350375,-1.8947142e-07,-2.9453852,-1.4726675,-1.4726675,-1.4726614,-1.4726614,2.9453044,9.719504,1.0011890570047084
4.0,0.035111159673503756,-2.0011518e-07,-2.9453852,-1.4726675,-1.4726675,-1.4726614,-1.4726614,2.9453044,9.719504,1.001475326001901
4.0,0.03512115967350376,-1.8947121e-07,-2.9453852,-1.4726675,-1.4726675,-1.4726614,-1.4726614,2.9453044,9.719504,1.0017615949990932
4.0,0.035131159673503755,-2.001154e-07,-2.9453852,-1.4726675,-1.4726675,-1.4726614,-1.4726614,2.9453044,9.719504,1.0020478639962855
4.0,0.03514115967350376,-1.89471e-07,-2.9453852,-1.4726675,-1.4726675,-1.4726614,-1.4726614,2.9453044,9.719504,1.0023341329934778
4.0,0.035151159673503754,-2.0011561e-07,-2.9453852,-1.4726675,-1.4726675,-1.4726614,-1.4726614,2.9453044,9.719504,1.0026204019906702
4.0,0.03516115967350376,-1.8947078e-07,-2.9453852,-1.4726675,-1.4726675,-1.4726614,-1.4726614,2.9453044,9.719504,1.0029066709878625
4.0,0.03517115967350375,-2.0011584e-07,-2.9453852,-1.4726675,-1.4726675,-1.4726614,-1.4726614,2.9453044,9.719504,1.0031929399850548
4.0,0.035181159673503756,-1.8947057e-07,-2.9453852,-1.4726675,-1.4726675,-1.4726614,-1.4726614,2.9453044,9.719504,1.0034792089822473
4.0,0.03519115967350376,-2.0011605e-07,-2.9453852,-1.4726675,-1.4726675,-1.4726614,-1.4726614,2.9453044,9.719504,1.0037654779794396
4.0,0.035201159673503755,-1.8947036e-07,-2.9453852,-1.4726675,-1.4726675,-1.4726614,-1.4726614,2.9453044,9.719504,1.004051746976632
4.0,0.03521115967350376,-2.0011626e-07,-2.9453852,-1.4726675,-1.4726675,-1.4726614,-1.4726614,2.9453044,9.719504,1.0043380159738242
4.0,0.035221159673503755,-1.8947014e-07,-2.9453852,-1.4726675,-1.4726675,-1.4726614,-1.4726614,2.9453044,9.719504,1.0046242849710165
4.0,0.03523115967350376,-2.0011647e-07,-2.9453852,-1.4726675,-1.4726675,-1.4726614,-1.4726614,2.9453044,9.719504,1.0049105539682088
4.0,0.035241159673503754,-1.8946993e-07,-2.9453852,-1.4726675,-1.4726675,-1.4726614,-1.4726614,2.9453044,9.719504,1.0051968229654011
4.0,0.03525115967350376,-2.0011669e-07,-2.9453852,-1.4726675,-1.4726675,-1.4726614,-1.4726614,2.9453044,9.719504,1.0054830919625934
4.0,0.03526115967350375,-1.8946973e-07,-2.9453852,-1.4726675,-1.4726675,-1.4726614,-1.4726614,2.9453044,9.719504,1.0057693609597858
4.0,0.035271159673503756,-2.0011692e-07,-2.9453852,-1.4726675,-1.4726675,-1.4726614,-1.4726614,2.9453044,9.719504,1.0060556299569783
4.0,0.03528115967350376,-1.8946952e-07,-2.9453852,-1.4726675,-1.4726675,-1.4726614,-1.4726614,2.9453044,9.719504,1.0063418989541706
4.0,0.035291159673503755,-2.0011713e-07,-2.9453852,-1.4726675,-1.4726675,-1.4726614,-1.4726614,2.9453044,9.719504,1.006628167951363
4.0,0.03530115967350376,-1.894693e-07,-2.9453852,-1.4726675,-1.4726675,-1.4726614,-1.4726614,2.9453044,9.719504,1.0069144369485552
4.0,0.035311159673503754,-2.0011734e-07,-2.9453852,-1.4726675,-1.4726675,-1.4726614,-1.4726614,2.9453044,9.719504,1.0072007059457475
4.0,0.03532115967350376,-1.8946909e-07,-2.9453852,-1.4726675,-1.4726675,-1.4726614,-1.4726614,2.9453044,9.719504,1.0074869749429398
4.0,0.035331159673503754,-2.0011755e-07,-2.9453852,-1.4726675,-1.4726675,-1.4726614,-1.4726614,2.9453044,9.719504,1.0077732439401321
4.0,0.03534115967350376,-1.8946888e-07,-2.9453852,-1.4726675,-1.4726675,-1.4726614,-1.4726614,2.9453044,9.719504,1.0080595129373244
4.0,0.03535115967350375,-2.0011777e-07,-2.9453852,-1.4726675,-1.4726675,-1.4726614,-1.4726614,2.9453044,9.719504,1.0083457819345167
4.0,0.035361159673503756,-1.8946868e-07,-2.9453852,-1.4726675,-1.4726675,-1.4726614,-1.4726614,2.9453044,9.719504,1.0086320509317093
4.0,0.03537115967350376,-2.0011798e-07,-2.9453852,-1.4726675,-1.4726675,-1.4726614,-1.4726614,2.9453044,9.719504,1.0089183199289016
4.0,0.035381159673503755,-1.8946847e-07,-2.9453852,-1.4726675,-1.4726675,-1.4726614,-1.4726614,2.9453044,9.719504,1.0092045889260939
4.0,0.03539115967350376,-2.001182e-07,-2.9453852,-1.4726675,-1.4726675,-1.4726614,-1.4726614,2.9453044,9.719504,1.0094908579232862
4.0,0.035401159673503754,-1.8946825e-07,-2.9453852,-1.4726675,-1.4726675,-1.4726614,-1.4726614,2.9453044,9.719504,1.0097771269204785
4.0,0.03541115967350376,-2.0011841e-07,-2.9453852,-1.4726675,-1.4726675,-1.4726614,-1.4726614,2.9453044,9.719504,1.0100633959176708
4.0,0.03542115967350375,-1.8946804e-07,-2.9453852,-1.4726675,-1.4726675,-1.4726614,-1.4726614,2.9453044,9.719504,1.010349664914863
4.0,0.035431159673503757,-2.0011862e-07,-2.9453852,-1.4726675,-1.4726675,-1.4726614,-1.4726614,2.9453044,9.719504,1.0106359339120554
4.0,0.03544115967350375,-1.8946784e-07,-2.9453852,-1.4726675,-1.4726675,-1.4726614,-1.4726614,2.9453044,9.719504,1.0109222029092477
4.0,0.035451159673503756,-2.0011883e-07,-2.9453852,-1.4726675,-1.4726675,-1.4726614,-1.4726614,2.9453044,9.719504,1.0112084719064403
4.0,0.03546115967350376,-1.8946763e-07,-2.9453852,-1.4726675,-1.4726675,-1.4726614,-1.4726614,2.9453044,9.719504,1.0114947409036326
4.0,0.035471159673503755,-2.0011905e-07,-2.9453852,-1.4726675,-1.4726675,-1.4726614,-1.4726614,2.9453044,9.719504,1.0117810099008249
4.0,0.03548115967350376,-1.8946741e-07,-2.9453852,-1.4726675,-1.4726675,-1.4726614,-1.4726614,2.9453044,9.719504,1.0120672788980172
4.0,0.035491159673503754,-2.0011926e-07,-2.9453852,-1.4726675,-1.4726675,-1.4726614,-1.4726614,2.9453044,9.719504,1.0123535478952095
4.0,0.03550115967350376,-1.8946722e-07,-2.9453852,-1.4726675,-1.4726675,-1.4726614,-1.4726614,2.9453044,9.719504,1.0126398168924018
4.0,0.03551115967350375,-2.0011947e-07,-2.9453852,-1.4726675,-1.4726675,-1.4726614,-1.4726614,2.9453044,9.719504,1.012926085889594
4.0,0.035521159673503756,-1.89467e-07,-2.9453852,-1.4726675,-1.4726675,-1.4726614,-1.4726614,2.9453044,9.719504,1.0132123548867866
4.0,0.03553115967350376,-2.0011969e-07,-2.9453852,-1.4726675,-1.4726675,-1.4726614,-1.4726614,2.9453044,9.719504,1.013498623883979
4.0,0.035541159673503755,-1.8946679e-07,-2.9453852,-1.4726675,-1.4726675,-1.4726614,-1.4726614,2.9453044,9.719504,1.0137848928811712
4.0,0.03555115967350376,-2.001199e-07,-2.9453852,-1.4726675,-1.4726675,-1.4726614,-1.4726614,2.9453044,9.719504,1.0140711618783635
4.0,0.035561159673503755,-1.8946659e-07,-2.9453852,-1.4726675,-1.4726675,-1.4726614,-1.4726614,2.9453044,9.719504,1.0143574308755559
4.0,0.03557115967350376,-2.0012011e-07,-2.9453852,-1.4726675,-1.4726675,-1.4726614,-1.4726614,2.9453044,9.719504,1.0146436998727482
4.0,0.035581159673503754,-1.8946638e-07,-2.9453852,-1.4726675,-1.4726675,-1.4726614,-1.4726614,2.9453044,9.719504,1.0149299688699405
4.0,0.03559115967350376,-2.0012031e-07,-2.9453852,-1.4726675,-1.4726675,-1.4726614,-1.4726614,2.9453044,9.719504,1.0152162378671328
4.0,0.03560115967350375,-1.8946616e-07,-2.9453852,-1.4726675,-1.4726675,-1.4726614,-1.4726614,2.9453044,9.719504,1.015502506864325
4.0,0.035611159673503756,-2.0012052e-07,-2.9453852,-1.4726675,-1.4726675,-1.4726614,-1.4726614,2.9453044,9.719504,1.0157887758615176
4.0,0.03562115967350376,-1.8946596e-07,-2.9453852,-1.4726675,-1.4726675,-1.4726614,-1.4726614,2.9453044,9.719504,1.01607504485871
4.0,0.035631159673503755,-2.0012074e-07,-2.9453852,-1.4726675,-1.4726675,-1.4726614,-1.4726614,2.9453044,9.719504,1.0163613138559022
4.0,0.03564115967350376,-1.8946575e-07,-2.9453852,-1.4726675,-1.4726675,-1.4726614,-1.4726614,2.9453044,9.719504,1.0166475828530945
4.0,0.035651159673503754,-2.0012095e-07,-2.9453852,-1.4726675,-1.4726675,-1.4726614,-1.4726614,2.9453044,9.719504,1.0169338518502868
4.0,0.03566115967350376,-1.8946555e-07,-2.9453852,-1.4726675,-1.4726675,-1.4726614,-1.4726614,2.9453044,9.719504,1.0172201208474791
4.0,0.035671159673503754,-2.0012115e-07,-2.9453852,-1.4726675,-1.4726675,-1.4726614,-1.4726614,2.9453044,9.719504,1.0175063898446715
4.0,0.03568115967350376,-1.8946534e-07,-2.9453852,-1.4726675,-1.4726675,-1.4726614,-1.4726614,2.9453044,9.719504,1.0177926588418638
4.0,0.03569115967350375,-2.0012136e-07,-2.9453852,-1.4726675,-1.4726675,-1.4726614,-1.4726614,2.9453044,9.719504,1.018078927839056
4.0,0.035701159673503756,-1.8946514e-07,-2.9453852,-1.4726675,-1.4726675,-1.4726614,-1.4726614,2.9453044,9.719504,1.0183651968362486
4.0,0.03571115967350376,-2.0012158e-07,-2.9453852,-1.4726675,-1.4726675,-1.4726614,-1.4726614,2.9453044,9.719504,1.018651465833441
4.0,0.035721159673503755,-1.8946493e-07,-2.9453852,-1.4726675,-1.4726675,-1.4726614,-1.4726614,2.9453044,9.719504,1.0189377348306332
4.0,0.03573115967350376,-2.0012179e-07,-2.9453852,-1.4726675,-1.4726675,-1.4726614,-1.4726614,2.9453044,9.719504,1.0192240038278255
4.0,0.035741159673503754,-1.8946471e-07,-2.9453852,-1.4726675,-1.4726675,-1.4726614,-1.4726614,2.9453044,9.719504,1.0195102728250178
4.0,0.03575115967350376,-2.0012199e-07,-2.9453852,-1.4726675,-1.4726675,-1.4726614,-1.4726614,2.9453044,9.719504,1.0197965418222101
4.0,0.03576115967350375,-1.8946452e-07,-2.9453852,-1.4726675,-1.4726675,-1.4726614,-1.4726614,2.9453044,9.719504,1.0200828108194024
4.0,0.035771159673503757,-2.001222e-07,-2.9453852,-1.4726675,-1.4726675,-1.4726614,-1.4726614,2.9453044,9.719504,1.0203690798165947
4.0,0.03578115967350375,-1.894643e-07,-2.9453852,-1.4726675,-1.4726675,-1.4726614,-1.4726614,2.9453044,9.719504,1.020655348813787
4.0,0.035791159673503756,-2.0012241e-07,-2.9453852,-1.4726675,-1.4726675,-1.4726614,-1.4726614,2.9453044,9.719504,1.0209416178109796
4.0,0.03580115967350376,-1.894641e-07,-2.9453852,-1.4726675,-1.4726675,-1.4726614,-1.4726614,2.9453044,9.719504,1.021227886808172
4.0,0.035811159673503755,-2.0012261e-07,-2.9453852,-1.4726675,-1.4726675,-1.4726614,-1.4726614,2.9453044,9.719504,1.0215141558053642
4.0,0.03582115967350376,-1.894639e-07,-2.9453852,-1.4726675,-1.4726675,-1.4726614,-1.4726614,2.9453044,9.719504,1.0218004248025565
4.0,0.035831159673503754,-2.0012283e-07,-2.9453852,-1.4726675,-1.4726675,-1.4726614,-1.4726614,2.9453044,9.719504,1.0220866937997488
4.0,0.03584115967350376,-1.8946369e-07,-2.9453852,-1.4726675,-1.4726675,-1.4726614,-1.4726614,2.9453044,9.719504,1.0223729627969411
4.0,0.03585115967350375,-2.0012303e-07,-2.9453852,-1.4726675,-1.4726675,-1.4726614,-1.4726614,2.9453044,9.719504,1.0226592317941334
4.0,0.035861159673503756,-1.8946349e-07,-2.9453852,-1.4726675,-1.4726675,-1.4726614,-1.4726614,2.9453044,9.719504,1.022945500791326
4.0,0.03587115967350376,-2.0012324e-07,-2.9453852,-1.4726675,-1.4726675,-1.4726614,-1.4726614,2.9453044,9.719504,1.0232317697885183
4.0,0.035881159673503756,-1.8946328e-07,-2.9453852,-1.4726675,-1.4726675,-1.4726614,-1.4726614,2.9453044,9.719504,1.0235180387857106
4.0,0.03589115967350376,-2.0012344e-07,-2.9453852,-1.4726675,-1.4726675,-1.4726614,-1.4726614,2.9453044,9.719504,1.0238043077829029
4.0,0.035901159673503755,-1.8946308e-07,-2.9453852,-1.4726675,-1.4726675,-1.4726614,-1.4726614,2.9453044,9.719504,1.0240905767800952
4.0,0.03591115967350376,-2.0012365e-07,-2.9453852,-1.4726675,-1.4726675,-1.4726614,-1.4726614,2.9453044,9.719504,1.0243768457772875
4.0,0.035921159673503754,-1.8946287e-07,-2.9453852,-1.4726675,-1.4726675,-1.4726614,-1.4726614,2.9453044,9.719504,1.0246631147744798
4.0,0.03593115967350376,-2.0012386e-07,-2.9453852,-1.4726675,-1.4726675,-1.4726614,-1.4726614,2.9453044,9.719504,1.024949383771672
4.0,0.03594115967350375,-1.8946267e-07,-2.9453852,-1.4726675,-1.4726675,-1.4726614,-1.4726614,2.9453044,9.719504,1.0252356527688644
4.0,0.035951159673503756,-2.0012406e-07,-2.9453852,-1.4726675,-1.4726675,-1.4726614,-1.4726614,2.9453044,9.719504,1.025521921766057
4.0,0.03596115967350376,-1.8946247e-07,-2.9453852,-1.4726675,-1.4726675,-1.4726614,-1.4726614,2.9453044,9.719504,1.0258081907632493
4.0,0.035971159673503755,-2.0012428e-07,-2.9453852,-1.4726675,-1.4726675,-1.4726614,-1.4726614,2.9453044,9.719504,1.0260944597604416
4.0,0.03598115967350376,-1.8946226e-07,-2.9453852,-1.4726675,-1.4726675,-1.4726614,-1.4726614,2.9453044,9.719504,1.0263807287576339
4.0,0.035991159673503755,-2.0012448e-07,-2.9453852,-1.4726675,-1.4726675,-1.4726614,-1.4726614,2.9453044,9.719504,1.0266669977548262
4.0,0.03600115967350376,-1.8946206e-07,-2.9453852,-1.4726675,-1.4726675,-1.4726614,-1.4726614,2.9453044,9.719504,1.0269532667520185
4.0,0.036011159673503754,-2.0012467e-07,-2.9453852,-1.4726675,-1.4726675,-1.4726614,-1.4726614,2.9453044,9.719504,1.0272395357492108
4.0,0.03602115967350376,-1.8946186e-07,-2.9453852,-1.4726675,-1.4726675,-1.4726614,-1.4726614,2.9453044,9.719504,1.027525804746403
4.0,0.03603115967350375,-2.0012489e-07,-2.9453852,-1.4726675,-1.4726675,-1.4726614,-1.4726614,2.9453044,9.719504,1.0278120737435954
4.0,0.036041159673503756,-1.8946164e-07,-2.9453852,-1.4726675,-1.4726675,-1.4726614,-1.4726614,2.9453044,9.719504,1.028098342740788
4.0,0.03605115967350376,-2.0012509e-07,-2.9453852,-1.4726675,-1.4726675,-1.4726614,-1.4726614,2.9453044,9.719504,1.0283846117379802
4.0,0.036061159673503755,-1.8946145e-07,-2.9453852,-1.4726675,-1.4726675,-1.4726614,-1.4726614,2.9453044,9.719504,1.0286708807351725
4.0,0.03607115967350376,-2.001253e-07,-2.9453852,-1.4726675,-1.4726675,-1.4726614,-1.4726614,2.9453044,9.719504,1.0289571497323649
4.0,0.036081159673503754,-1.8946125e-07,-2.9453852,-1.4726675,-1.4726675,-1.4726614,-1.4726614,2.9453044,9.719504,1.0292434187295572
4.0,0.03609115967350376,-2.001255e-07,-2.9453852,-1.4726675,-1.4726675,-1.4726614,-1.4726614,2.9453044,9.719504,1.0295296877267495
4.0,0.036101159673503753,-1.8946103e-07,-2.9453852,-1.4726675,-1.4726675,-1.4726614,-1.4726614,2.9453044,9.719504,1.0298159567239418
4.0,0.03611115967350376,-2.001257e-07,-2.9453852,-1.4726675,-1.4726675,-1.4726614,-1.4726614,2.9453044,9.719504,1.030102225721134
4.0,0.03612115967350375,-1.8946083e-07,-2.9453852,-1.4726675,-1.4726675,-1.4726614,-1.4726614,2.9453044,9.719504,1.0303884947183264
4.0,0.036131159673503756,-2.0012591e-07,-2.9453852,-1.4726675,-1.4726675,-1.4726614,-1.4726614,2.9453044,9.719504,1.030674763715519
4.0,0.03614115967350376,-1.8946064e-07,-2.9453852,-1.4726675,-1.4726675,-1.4726614,-1.4726614,2.9453044,9.719504,1.0309610327127112
4.0,0.036151159673503755,-2.0012611e-07,-2.9453852,-1.4726675,-1.4726675,-1.4726614,-1.4726614,2.9453044,9.719504,1.0312473017099035
4.0,0.03616115967350376,-1.8946044e-07,-2.9453852,-1.4726675,-1.4726675,-1.4726614,-1.4726614,2.9453044,9.719504,1.0315335707070958
4.0,0.036171159673503754,-2.0012631e-07,-2.9453852,-1.4726675,-1.4726675,-1.4726614,-1.4726614,2.9453044,9.719504,1.0318198397042881
4.0,0.03618115967350376,-1.8946024e-07,-2.9453852,-1.4726675,-1.4726675,-1.4726614,-1.4726614,2.9453044,9.719504,1.0321061087014805
4.0,0.03619115967350375,-2.0012652e-07,-2.9453852,-1.4726675,-1.4726675,-1.4726614,-1.4726614,2.9453044,9.719504,1.0323923776986728
4.0,0.036201159673503756,-1.8946002e-07,-2.9453852,-1.4726675,-1.4726675,-1.4726614,-1.4726614,2.9453044,9.719504,1.032678646695865
4.0,0.03621115967350375,-2.0012672e-07,-2.9453852,-1.4726675,-1.4726675,-1.4726614,-1.4726614,2.9453044,9.719504,1.0329649156930574
4.0,0.036221159673503756,-1.8945983e-07,-2.9453852,-1.4726675,-1.4726675,-1.4726614,-1.4726614,2.9453044,9.719504,1.03325118469025
4.0,0.03623115967350376,-2.0012692e-07,-2.9453852,-1.4726675,-1.4726675,-1.4726614,-1.4726614,2.9453044,9.719504,1.0335374536874422
4.0,0.036241159673503755,-1.8945963e-07,-2.9453852,-1.4726675,-1.4726675,-1.4726614,-1.4726614,2.9453044,9.719504,1.0338237226846345
4.0,0.03625115967350376,-2.0012712e-07,-2.9453852,-1.4726675,-1.4726675,-1.4726614,-1.4726614,2.9453044,9.719504,1.0341099916818268
4.0,0.036261159673503754,-1.8945943e-07,-2.9453852,-1.4726675,-1.4726675,-1.4726614,-1.4726614,2.9453044,9.719504,1.0343962606790191
4.0,0.03627115967350376,-2.0012733e-07,-2.9453852,-1.4726675,-1.4726675,-1.4726614,-1.4726614,2.9453044,9.719504,1.0346825296762114
4.0,0.03628115967350375,-1.8945923e-07,-2.9453852,-1.4726675,-1.4726675,-1.4726614,-1.4726614,2.9453044,9.719504,1.0349687986734037
4.0,0.036291159673503756,-2.0012753e-07,-2.9453852,-1.4726675,-1.4726675,-1.4726614,-1.4726614,2.9453044,9.719504,1.0352550676705963
4.0,0.03630115967350376,-1.8945902e-07,-2.9453852,-1.4726675,-1.4726675,-1.4726614,-1.4726614,2.9453044,9.719504,1.0355413366677886
4.0,0.036311159673503755,-2.0012773e-07,-2.9453852,-1.4726675,-1.4726675,-1.4726614,-1.4726614,2.9453044,9.719504,1.0358276056649809
4.0,0.03632115967350376,-1.8945882e-07,-2.9453852,-1.4726675,-1.4726675,-1.4726614,-1.4726614,2.9453044,9.719504,1.0361138746621732
4.0,0.036331159673503755,-2.0012793e-07,-2.9453852,-1.4726675,-1.4726675,-1.4726614,-1.4726614,2.9453044,9.719504,1.0364001436593655
4.0,0.03634115967350376,-1.8945862e-07,-2.9453852,-1.4726675,-1.4726675,-1.4726614,-1.4726614,2.9453044,9.719504,1.0366864126565578
4.0,0.036351159673503754,-2.0012814e-07,-2.9453852,-1.4726675,-1.4726675,-1.4726614,-1.4726614,2.9453044,9.719504,1.0369726816537501
4.0,0.03636115967350376,-1.8945842e-07,-2.9453852,-1.4726675,-1.4726675,-1.4726614,-1.4726614,2.9453044,9.719504,1.0372589506509424
4.0,0.03637115967350375,-2.0012834e-07,-2.9453852,-1.4726675,-1.4726675,-1.4726614,-1.4726614,2.9453044,9.719504,1.0375452196481347
4.0,0.036381159673503756,-1.8945822e-07,-2.9453852,-1.4726675,-1.4726675,-1.4726614,-1.4726614,2.9453044,9.719504,1.0378314886453273
4.0,0.03639115967350376,-2.0012854e-07,-2.9453852,-1.4726675,-1.4726675,-1.4726614,-1.4726614,2.9453044,9.719504,1.0381177576425196
4.0,0.036401159673503755,-1.8945802e-07,-2.9453852,-1.4726675,-1.4726675,-1.4726614,-1.4726614,2.9453044,9.719504,1.0384040266397119
4.0,0.03641115967350376,-2.0012874e-07,-2.9453852,-1.4726675,-1.4726675,-1.4726614,-1.4726614,2.9453044,9.719504,1.0386902956369042
4.0,0.036421159673503754,-1.8945782e-07,-2.9453852,-1.4726675,-1.4726675,-1.4726614,-1.4726614,2.9453044,9.719504,1.0389765646340965
4.0,0.03643115967350376,-2.0012894e-07,-2.9453852,-1.4726675,-1.4726675,-1.4726614,-1.4726614,2.9453044,9.719504,1.0392628336312888
4.0,0.036441159673503754,-1.8945762e-07,-2.9453852,-1.4726675,-1.4726675,-1.4726614,-1.4726614,2.9453044,9.719504,1.039549102628481
4.0,0.03645115967350376,-2.0012914e-07,-2.9453852,-1.4726675,-1.4726675,-1.4726614,-1.4726614,2.9453044,9.719504,1.0398353716256734
4.0,0.03646115967350375,-1.8945742e-07,-2.9453852,-1.4726675,-1.4726675,-1.4726614,-1.4726614,2.9453044,9.719504,1.0401216406228657
4.0,0.036471159673503756,-2.0012934e-07,-2.9453852,-1.4726675,-1.4726675,-1.4726614,-1.4726614,2.9453044,9.719504,1.0404079096200582
4.0,0.03648115967350376,-1.8945723e-07,-2.9453852,-1.4726675,-1.4726675,-1.4726614,-1.4726614,2.9453044,9.719504,1.0406941786172506
4.0,0.036491159673503755,-2.0012953e-07,-2.9453852,-1.4726675,-1.4726675,-1.4726614,-1.4726614,2.9453044,9.719504,1.0409804476144429
4.0,0.03650115967350376,-1.8945703e-07,-2.9453852,-1.4726675,-1.4726675,-1.4726614,-1.4726614,2.9453044,9.719504,1.0412667166116352
4.0,0.036511159673503754,-2.0012973e-07,-2.9453852,-1.4726675,-1.4726675,-1.4726614,-1.4726614,2.9453044,9.719504,1.0415529856088275
4.0,0.03652115967350376,-1.8945683e-07,-2.9453852,-1.4726675,-1.4726675,-1.4726614,-1.4726614,2.9453044,9.719504,1.0418392546060198
4.0,0.03653115967350375,-2.0012993e-07,-2.9453852,-1.4726675,-1.4726675,-1.4726614,-1.4726614,2.9453044,9.719504,1.042125523603212
4.0,0.036541159673503756,-1.8945663e-07,-2.9453852,-1.4726675,-1.4726675,-1.4726614,-1.4726614,2.9453044,9.719504,1.0424117926004044
4.0,0.03655115967350375,-2.0013013e-07,-2.9453852,-1.4726675,-1.4726675,-1.4726614,-1.4726614,2.9453044,9.719504,1.0426980615975967
4.0,0.036561159673503756,-1.8945643e-07,-2.9453852,-1.4726675,-1.4726675,-1.4726614,-1.4726614,2.9453044,9.719504,1.0429843305947892
4.0,0.03657115967350376,-2.0013033e-07,-2.9453852,-1.4726675,-1.4726675,-1.4726614,-1.4726614,2.9453044,9.719504,1.0432705995919815
4.0,0.036581159673503755,-1.8945623e-07,-2.9453852,-1.4726675,-1.4726675,-1.4726614,-1.4726614,2.9453044,9.719504,1.0435568685891738
4.0,0.03659115967350376,-2.0013053e-07,-2.9453852,-1.4726675,-1.4726675,-1.4726614,-1.4726614,2.9453044,9.719504,1.0438431375863662
4.0,0.036601159673503754,-1.8945603e-07,-2.9453852,-1.4726675,-1.4726675,-1.4726614,-1.4726614,2.9453044,9.719504,1.0441294065835585
4.0,0.03661115967350376,-2.0013073e-07,-2.9453852,-1.4726675,-1.4726675,-1.4726614,-1.4726614,2.9453044,9.719504,1.0444156755807508
4.0,0.03662115967350375,-1.8945583e-07,-2.9453852,-1.4726675,-1.4726675,-1.4726614,-1.4726614,2.9453044,9.719504,1.044701944577943
4.0,0.036631159673503756,-2.0013093e-07,-2.9453852,-1.4726675,-1.4726675,-1.4726614,-1.4726614,2.9453044,9.719504,1.0449882135751356
4.0,0.03664115967350376,-1.8945563e-07,-2.9453852,-1.4726675,-1.4726675,-1.4726614,-1.4726614,2.9453044,9.719504,1.045274482572328
4.0,0.036651159673503755,-2.0013113e-07,-2.9453852,-1.4726675,-1.4726675,-1.4726614,-1.4726614,2.9453044,9.719504,1.0455607515695202
4.0,0.03666115967350376,-1.8945543e-07,-2.9453852,-1.4726675,-1.4726675,-1.4726614,-1.4726614,2.9453044,9.719504,1.0458470205667125
4.0,0.036671159673503755,-2.0013132e-07,-2.9453852,-1.4726675,-1.4726675,-1.4726614,-1.4726614,2.9453044,9.719504,1.0461332895639048
4.0,0.03668115967350376,-1.8945524e-07,-2.9453852,-1.4726675,-1.4726675,-1.4726614,-1.4726614,2.9453044,9.719504,1.0464195585610971
4.0,0.036691159673503754,-2.0013152e-07,-2.9453852,-1.4726675,-1.4726675,-1.4726614,-1.4726614,2.9453044,9.719504,1.0467058275582894
4.0,0.03670115967350376,-1.8945504e-07,-2.9453852,-1.4726675,-1.4726675,-1.4726614,-1.4726614,2.9453044,9.719504,1.0469920965554818
4.0,0.03671115967350375,-2.0013172e-07,-2.9453852,-1.4726675,-1.4726675,-1.4726614,-1.4726614,2.9453044,9.719504,1.047278365552674
4.0,0.036721159673503756,-1.8945485e-07,-2.9453852,-1.4726675,-1.4726675,-1.4726614,-1.4726614,2.9453044,9.719504,1.0475646345498666
4.0,0.03673115967350376,-2.0013192e-07,-2.9453852,-1.4726675,-1.4726675,-1.4726614,-1.4726614,2.9453044,9.719504,1.047850903547059
4.0,0.036741159673503755,-1.8945465e-07,-2.9453852,-1.4726675,-1.4726675,-1.4726614,-1.4726614,2.9453044,9.719504,1.0481371725442512
4.0,0.03675115967350376,-2.0013212e-07,-2.9453852,-1.4726675,-1.4726675,-1.4726614,-1.4726614,2.9453044,9.719504,1.0484234415414435
4.0,0.036761159673503754,-1.8945445e-07,-2.9453852,-1.4726675,-1.4726675,-1.4726614,-1.4726614,2.9453044,9.719504,1.0487097105386358
4.0,0.03677115967350376,-2.0013232e-07,-2.9453852,-1.4726675,-1.4726675,-1.4726614,-1.4726614,2.9453044,9.719504,1.0489959795358281
4.0,0.036781159673503754,-1.8945425e-07,-2.9453852,-1.4726675,-1.4726675,-1.4726614,-1.4726614,2.9453044,9.719504,1.0492822485330204
4.0,0.03679115967350376,-2.0013252e-07,-2.9453852,-1.4726675,-1.4726675,-1.4726614,-1.4726614,2.9453044,9.719504,1.0495685175302127
4.0,0.03680115967350375,-1.8945406e-07,-2.9453852,-1.4726675,-1.4726675,-1.4726614,-1.4726614,2.9453044,9.719504,1.049854786527405
4.0,0.036811159673503756,-2.0013272e-07,-2.9453852,-1.4726675,-1.4726675,-1.4726614,-1.4726614,2.9453044,9.719504,1.0501410555245976
4.0,0.03682115967350376,-1.8945386e-07,-2.9453852,-1.4726675,-1.4726675,-1.4726614,-1.4726614,2.9453044,9.719504,1.0504273245217899
4.0,0.036831159673503755,-2.001329e-07,-2.9453852,-1.4726675,-1.4726675,-1.4726614,-1.4726614,2.9453044,9.719504,1.0507135935189822
4.0,0.03684115967350376,-1.8945367e-07,-2.9453852,-1.4726675,-1.4726675,-1.4726614,-1.4726614,2.9453044,9.719504,1.0509998625161745
4.0,0.036851159673503754,-2.001331e-07,-2.9453852,-1.4726675,-1.4726675,-1.4726614,-1.4726614,2.9453044,9.719504,1.0512861315133668
4.0,0.03686115967350376,-1.8945347e-07,-2.9453852,-1.4726675,-1.4726675,-1.4726614,-1.4726614,2.9453044,9.719504,1.0515724005105591
4.0,0.03687115967350375,-2.001333e-07,-2.9453852,-1.4726675,-1.4726675,-1.4726614,-1.4726614,2.9453044,9.719504,1.0518586695077514
4.0,0.036881159673503756,-1.8945327e-07,-2.9453852,-1.4726675,-1.4726675,-1.4726614,-1.4726614,2.9453044,9.719504,1.0521449385049437
4.0,0.03689115967350375,-2.001335e-07,-2.9453852,-1.4726675,-1.4726675,-1.4726614,-1.4726614,2.9453044,9.719504,1.052431207502136
4.0,0.036901159673503756,-1.8945308e-07,-2.9453852,-1.4726675,-1.4726675,-1.4726614,-1.4726614,2.9453044,9.719504,1.0527174764993286
4.0,0.03691115967350376,-2.001337e-07,-2.9453852,-1.4726675,-1.4726675,-1.4726614,-1.4726614,2.9453044,9.719504,1.0530037454965209
4.0,0.036921159673503755,-1.8945289e-07,-2.9453852,-1.4726675,-1.4726675,-1.4726614,-1.4726614,2.9453044,9.719504,1.0532900144937132
4.0,0.03693115967350376,-2.0013388e-07,-2.9453852,-1.4726675,-1.4726675,-1.4726614,-1.4726614,2.9453044,9.719504,1.0535762834909055
4.0,0.036941159673503754,-1.8945269e-07,-2.9453852,-1.4726675,-1.4726675,-1.4726614,-1.4726614,2.9453044,9.719504,1.0538625524880978
4.0,0.03695115967350376,-2.0013408e-07,-2.9453852,-1.4726675,-1.4726675,-1.4726614,-1.4726614,2.9453044,9.719504,1.05414882148529
4.0,0.03696115967350375,-1.8945249e-07,-2.9453852,-1.4726675,-1.4726675,-1.4726614,-1.4726614,2.9453044,9.719504,1.0544350904824824
4.0,0.036971159673503756,-2.0013428e-07,-2.9453852,-1.4726675,-1.4726675,-1.4726614,-1.4726614,2.9453044,9.719504,1.054721359479675
4.0,0.03698115967350376,-1.894523e-07,-2.9453852,-1.4726675,-1.4726675,-1.4726614,-1.4726614,2.9453044,9.719504,1.0550076284768672
4.0,0.036991159673503755,-2.0013448e-07,-2.9453852,-1.4726675,-1.4726675,-1.4726614,-1.4726614,2.9453044,9.719504,1.0552938974740596
4.0,0.03700115967350376,-1.8945211e-07,-2.9453852,-1.4726675,-1.4726675,-1.4726614,-1.4726614,2.9453044,9.719504,1.0555801664712519
4.0,0.037011159673503755,-2.0013466e-07,-2.9453852,-1.4726675,-1.4726675,-1.4726614,-1.4726614,2.9453044,9.719504,1.0558664354684442
4.0,0.03702115967350376,-1.8945191e-07,-2.9453852,-1.4726675,-1.4726675,-1.4726614,-1.4726614,2.9453044,9.719504,1.0561527044656365
4.0,0.037031159673503754,-2.0013486e-07,-2.9453852,-1.4726675,-1.4726675,-1.4726614,-1.4726614,2.9453044,9.719504,1.0564389734628288
4.0,0.03704115967350376,-1.8945171e-07,-2.9453852,-1.4726675,-1.4726675,-1.4726614,-1.4726614,2.9453044,9.719504,1.056725242460021
4.0,0.03705115967350375,-2.0013506e-07,-2.9453852,-1.4726675,-1.4726675,-1.4726614,-1.4726614,2.9453044,9.719504,1.0570115114572134
4.0,0.037061159673503756,-1.8945153e-07,-2.9453852,-1.4726675,-1.4726675,-1.4726614,-1.4726614,2.9453044,9.719504,1.057297780454406
4.0,0.03707115967350376,-2.0013525e-07,-2.9453852,-1.4726675,-1.4726675,-1.4726614,-1.4726614,2.9453044,9.719504,1.0575840494515982
4.0,0.037081159673503755,-1.8945133e-07,-2.9453852,-1.4726675,-1.4726675,-1.4726614,-1.4726614,2.9453044,9.719504,1.0578703184487905
4.0,0.03709115967350376,-2.0013545e-07,-2.9453852,-1.4726675,-1.4726675,-1.4726614,-1.4726614,2.9453044,9.719504,1.0581565874459828
4.0,0.037101159673503754,-1.8945113e-07,-2.9453852,-1.4726675,-1.4726675,-1.4726614,-1.4726614,2.9453044,9.719504,1.0584428564431752
4.0,0.03711115967350376,-2.0013564e-07,-2.9453852,-1.4726675,-1.4726675,-1.4726614,-1.4726614,2.9453044,9.719504,1.0587291254403675
4.0,0.037121159673503754,-1.8945094e-07,-2.9453852,-1.4726675,-1.4726675,-1.4726614,-1.4726614,2.9453044,9.719504,1.0590153944375598
4.0,0.03713115967350376,-2.0013583e-07,-2.9453852,-1.4726675,-1.4726675,-1.4726614,-1.4726614,2.9453044,9.719504,1.059301663434752
4.0,0.03714115967350375,-1.8945074e-07,-2.9453852,-1.4726675,-1.4726675,-1.4726614,-1.4726614,2.9453044,9.719504,1.0595879324319444
4.0,0.037151159673503756,-2.0013603e-07,-2.9453852,-1.4726675,-1.4726675,-1.4726614,-1.4726614,2.9453044,9.719504,1.059874201429137
4.0,0.03716115967350376,-1.8945056e-07,-2.9453852,-1.4726675,-1.4726675,-1.4726614,-1.4726614,2.9453044,9.719504,1.0601604704263292
4.0,0.037171159673503755,-2.0013623e-07,-2.9453852,-1.4726675,-1.4726675,-1.4726614,-1.4726614,2.9453044,9.719504,1.0604467394235215
4.0,0.03718115967350376,-1.8945036e-07,-2.9453852,-1.4726675,-1.4726675,-1.4726614,-1.4726614,2.9453044,9.719504,1.0607330084207138
4.0,0.037191159673503754,-2.0013641e-07,-2.9453852,-1.4726675,-1.4726675,-1.4726614,-1.4726614,2.9453044,9.719504,1.0610192774179061
4.0,0.03720115967350376,-1.8945016e-07,-2.9453852,-1.4726675,-1.4726675,-1.4726614,-1.4726614,2.9453044,9.719504,1.0613055464150984
4.0,0.03721115967350375,-2.0013661e-07,-2.9453852,-1.4726675,-1.4726675,-1.4726614,-1.4726614,2.9453044,9.719504,1.0615918154122908
4.0,0.037221159673503756,-1.8944998e-07,-2.9453852,-1.4726675,-1.4726675,-1.4726614,-1.4726614,2.9453044,9.719504,1.061878084409483
4.0,0.03723115967350375,-2.001368e-07,-2.9453852,-1.4726675,-1.4726675,-1.4726614,-1.4726614,2.9453044,9.719504,1.0621643534066754
4.0,0.037241159673503756,-1.8944978e-07,-2.9453852,-1.4726675,-1.4726675,-1.4726614,-1.4726614,2.9453044,9.719504,1.062450622403868
4.0,0.03725115967350376,-2.00137e-07,-2.9453852,-1.4726675,-1.4726675,-1.4726614,-1.4726614,2.9453044,9.719504,1.0627368914010602
4.0,0.037261159673503755,-1.894496e-07,-2.9453852,-1.4726675,-1.4726675,-1.4726614,-1.4726614,2.9453044,9.719504,1.0630231603982525
4.0,0.03727115967350376,-2.0013718e-07,-2.9453852,-1.4726675,-1.4726675,-1.4726614,-1.4726614,2.9453044,9.719504,1.0633094293954448
4.0,0.037281159673503754,-1.894494e-07,-2.9453852,-1.4726675,-1.4726675,-1.4726614,-1.4726614,2.9453044,9.719504,1.0635956983926371
4.0,0.03729115967350376,-2.0013738e-07,-2.9453852,-1.4726675,-1.4726675,-1.4726614,-1.4726614,2.9453044,9.719504,1.0638819673898294
4.0,0.03730115967350375,-1.8944921e-07,-2.9453852,-1.4726675,-1.4726675,-1.4726614,-1.4726614,2.9453044,9.719504,1.0641682363870217
4.0,0.037311159673503756,-2.0013758e-07,-2.9453852,-1.4726675,-1.4726675,-1.4726614,-1.4726614,2.9453044,9.719504,1.0644545053842143
4.0,0.03732115967350376,-1.8944901e-07,-2.9453852,-1.4726675,-1.4726675,-1.4726614,-1.4726614,2.9453044,9.719504,1.0647407743814066
4.0,0.037331159673503755,-2.0013776e-07,-2.9453852,-1.4726675,-1.4726675,-1.4726614,-1.4726614,2.9453044,9.719504,1.0650270433785989
4.0,0.03734115967350376,-1.8944883e-07,-2.9453852,-1.4726675,-1.4726675,-1.4726614,-1.4726614,2.9453044,9.719504,1.0653133123757912
4.0,0.037351159673503755,-2.0013796e-07,-2.9453852,-1.4726675,-1.4726675,-1.4726614,-1.4726614,2.9453044,9.719504,1.0655995813729835
4.0,0.03736115967350376,-1.8944863e-07,-2.9453852,-1.4726675,-1.4726675,-1.4726614,-1.4726614,2.9453044,9.719504,1.0658858503701758
4.0,0.037371159673503754,-2.0013815e-07,-2.9453852,-1.4726675,-1.4726675,-1.4726614,-1.4726614,2.9453044,9.719504,1.066172119367368
4.0,0.03738115967350376,-1.8944844e-07,-2.9453852,-1.4726675,-1.4726675,-1.4726614,-1.4726614,2.9453044,9.719504,1.0664583883645604
4.0,0.03739115967350375,-2.0013835e-07,-2.9453852,-1.4726675,-1.4726675,-1.4726614,-1.4726614,2.9453044,9.719504,1.0667446573617527
4.0,0.037401159673503756,-1.8944824e-07,-2.9453852,-1.4726675,-1.4726675,-1.4726614,-1.4726614,2.9453044,9.719504,1.0670309263589453
4.0,0.03741115967350376,-2.0013853e-07,-2.9453852,-1.4726675,-1.4726675,-1.4726614,-1.4726614,2.9453044,9.719504,1.0673171953561376
4.0,0.037421159673503755,-1.8944806e-07,-2.9453852,-1.4726675,-1.4726675,-1.4726614,-1.4726614,2.9453044,9.719504,1.0676034643533299
4.0,0.03743115967350376,-2.0013871e-07,-2.9453852,-1.4726675,-1.4726675,-1.4726614,-1.4726614,2.9453044,9.719504,1.0678897333505222
4.0,0.037441159673503754,-1.8944786e-07,-2.9453852,-1.4726675,-1.4726675,-1.4726614,-1.4726614,2.9453044,9.719504,1.0681760023477145
4.0,0.03745115967350376,-2.0013891e-07,-2.9453852,-1.4726675,-1.4726675,-1.4726614,-1.4726614,2.9453044,9.719504,1.0684622713449068
4.0,0.037461159673503754,-1.8944768e-07,-2.9453852,-1.4726675,-1.4726675,-1.4726614,-1.4726614,2.9453044,9.719504,1.068748540342099
4.0,0.03747115967350376,-2.001391e-07,-2.9453852,-1.4726675,-1.4726675,-1.4726614,-1.4726614,2.9453044,9.719504,1.0690348093392914
4.0,0.03748115967350375,-1.8944748e-07,-2.9453852,-1.4726675,-1.4726675,-1.4726614,-1.4726614,2.9453044,9.719504,1.0693210783364837
4.0,0.037491159673503756,-2.001393e-07,-2.9453852,-1.4726675,-1.4726675,-1.4726614,-1.4726614,2.9453044,9.719504,1.0696073473336762
4.0,0.03750115967350376,-1.8944729e-07,-2.9453852,-1.4726675,-1.4726675,-1.4726614,-1.4726614,2.9453044,9.719504,1.0698936163308685
4.0,0.037511159673503755,-2.0013948e-07,-2.9453852,-1.4726675,-1.4726675,-1.4726614,-1.4726614,2.9453044,9.719504,1.0701798853280609
4.0,0.03752115967350376,-1.894471e-07,-2.9453852,-1.4726675,-1.4726675,-1.4726614,-1.4726614,2.9453044,9.719504,1.0704661543252532
4.0,0.037531159673503754,-2.0013968e-07,-2.9453852,-1.4726675,-1.4726675,-1.4726614,-1.4726614,2.9453044,9.719504,1.0707524233224455
4.0,0.03754115967350376,-1.8944691e-07,-2.9453852,-1.4726675,-1.4726675,-1.4726614,-1.4726614,2.9453044,9.719504,1.0710386923196378
4.0,0.03755115967350375,-2.0013987e-07,-2.9453852,-1.4726675,-1.4726675,-1.4726614,-1.4726614,2.9453044,9.719504,1.07132496131683
4.0,0.037561159673503756,-1.8944672e-07,-2.9453852,-1.4726675,-1.4726675,-1.4726614,-1.4726614,2.9453044,9.719504,1.0716112303140224
4.0,0.03757115967350375,-2.0014005e-07,-2.9453852,-1.4726675,-1.4726675,-1.4726614,-1.4726614,2.9453044,9.719504,1.0718974993112147
4.0,0.037581159673503756,-1.8944654e-07,-2.9453852,-1.4726675,-1.4726675,-1.4726614,-1.4726614,2.9453044,9.719504,1.0721837683084072
4.0,0.03759115967350376,-2.0014025e-07,-2.9453852,-1.4726675,-1.4726675,-1.4726614,-1.4726614,2.9453044,9.719504,1.0724700373055995
4.0,0.037601159673503755,-1.8944634e-07,-2.9453852,-1.4726675,-1.4726675,-1.4726614,-1.4726614,2.9453044,9.719504,1.0727563063027918
4.0,0.03761115967350376,-2.0014043e-07,-2.9453852,-1.4726675,-1.4726675,-1.4726614,-1.4726614,2.9453044,9.719504,1.0730425752999841
4.0,0.037621159673503754,-1.8944615e-07,-2.9453852,-1.4726675,-1.4726675,-1.4726614,-1.4726614,2.9453044,9.719504,1.0733288442971765
4.0,0.03763115967350376,-2.0014062e-07,-2.9453852,-1.4726675,-1.4726675,-1.4726614,-1.4726614,2.9453044,9.719504,1.0736151132943688
4.0,0.03764115967350375,-1.8944597e-07,-2.9453852,-1.4726675,-1.4726675,-1.4726614,-1.4726614,2.9453044,9.719504,1.073901382291561
4.0,0.037651159673503756,-2.0014082e-07,-2.9453852,-1.4726675,-1.4726675,-1.4726614,-1.4726614,2.9453044,9.719504,1.0741876512887534
4.0,0.03766115967350375,-1.8944577e-07,-2.9453852,-1.4726675,-1.4726675,-1.4726614,-1.4726614,2.9453044,9.719504,1.0744739202859457
4.0,0.037671159673503755,-2.00141e-07,-2.9453852,-1.4726675,-1.4726675,-1.4726614,-1.4726614,2.9453044,9.719504,1.0747601892831382
4.0,0.03768115967350376,-1.8944559e-07,-2.9453852,-1.4726675,-1.4726675,-1.4726614,-1.4726614,2.9453044,9.719504,1.0750464582803305
4.0,0.037691159673503755,-2.0014119e-07,-2.9453852,-1.4726675,-1.4726675,-1.4726614,-1.4726614,2.9453044,9.719504,1.0753327272775228
4.0,0.03770115967350376,-1.894454e-07,-2.9453852,-1.4726675,-1.4726675,-1.4726614,-1.4726614,2.9453044,9.719504,1.0756189962747151
4.0,0.037711159673503754,-2.0014139e-07,-2.9453852,-1.4726675,-1.4726675,-1.4726614,-1.4726614,2.9453044,9.719504,1.0759052652719074
4.0,0.03772115967350376,-1.894452e-07,-2.9453852,-1.4726675,-1.4726675,-1.4726614,-1.4726614,2.9453044,9.719504,1.0761915342690997
4.0,0.03773115967350375,-2.0014157e-07,-2.9453852,-1.4726675,-1.4726675,-1.4726614,-1.4726614,2.9453044,9.719504,1.076477803266292
4.0,0.037741159673503756,-1.8944502e-07,-2.9453852,-1.4726675,-1.4726675,-1.4726614,-1.4726614,2.9453044,9.719504,1.0767640722634846
4.0,0.03775115967350376,-2.0014176e-07,-2.9453852,-1.4726675,-1.4726675,-1.4726614,-1.4726614,2.9453044,9.719504,1.077050341260677
4.0,0.037761159673503755,-1.8944483e-07,-2.9453852,-1.4726675,-1.4726675,-1.4726614,-1.4726614,2.9453044,9.719504,1.0773366102578692
4.0,0.03777115967350376,-2.0014195e-07,-2.9453852,-1.4726675,-1.4726675,-1.4726614,-1.4726614,2.9453044,9.719504,1.0776228792550615
4.0,0.037781159673503754,-1.8944465e-07,-2.9453852,-1.4726675,-1.4726675,-1.4726614,-1.4726614,2.9453044,9.719504,1.0779091482522538
4.0,0.03779115967350376,-2.0014214e-07,-2.9453852,-1.4726675,-1.4726675,-1.4726614,-1.4726614,2.9453044,9.719504,1.0781954172494461
4.0,0.037801159673503754,-1.8944445e-07,-2.9453852,-1.4726675,-1.4726675,-1.4726614,-1.4726614,2.9453044,9.719504,1.0784816862466384
4.0,0.03781115967350376,-2.0014232e-07,-2.9453852,-1.4726675,-1.4726675,-1.4726614,-1.4726614,2.9453044,9.719504,1.0787679552438307
4.0,0.03782115967350375,-1.8944426e-07,-2.9453852,-1.4726675,-1.4726675,-1.4726614,-1.4726614,2.9453044,9.719504,1.079054224241023
4.0,0.037831159673503756,-2.0014251e-07,-2.9453852,-1.4726675,-1.4726675,-1.4726614,-1.4726614,2.9453044,9.719504,1.0793404932382156
4.0,0.03784115967350376,-1.8944408e-07,-2.9453852,-1.4726675,-1.4726675,-1.4726614,-1.4726614,2.9453044,9.719504,1.0796267622354079
4.0,0.037851159673503755,-2.0014271e-07,-2.9453852,-1.4726675,-1.4726675,-1.4726614,-1.4726614,2.9453044,9.719504,1.0799130312326002
4.0,0.03786115967350376,-1.894439e-07,-2.9453852,-1.4726675,-1.4726675,-1.4726614,-1.4726614,2.9453044,9.719504,1.0801993002297925
4.0,0.037871159673503754,-2.0014289e-07,-2.9453852,-1.4726675,-1.4726675,-1.4726614,-1.4726614,2.9453044,9.719504,1.0804855692269848
4.0,0.03788115967350376,-1.894437e-07,-2.9453852,-1.4726675,-1.4726675,-1.4726614,-1.4726614,2.9453044,9.719504,1.080771838224177
4.0,0.03789115967350375,-2.0014308e-07,-2.9453852,-1.4726675,-1.4726675,-1.4726614,-1.4726614,2.9453044,9.719504,1.0810581072213694
4.0,0.037901159673503756,-1.8944351e-07,-2.9453852,-1.4726675,-1.4726675,-1.4726614,-1.4726614,2.9453044,9.719504,1.0813443762185617
4.0,0.03791115967350375,-2.0014326e-07,-2.9453852,-1.4726675,-1.4726675,-1.4726614,-1.4726614,2.9453044,9.719504,1.081630645215754
4.0,0.037921159673503756,-1.8944333e-07,-2.9453852,-1.4726675,-1.4726675,-1.4726614,-1.4726614,2.9453044,9.719504,1.0819169142129466
4.0,0.03793115967350376,-2.0014345e-07,-2.9453852,-1.4726675,-1.4726675,-1.4726614,-1.4726614,2.9453044,9.719504,1.0822031832101389
4.0,0.037941159673503755,-1.8944314e-07,-2.9453852,-1.4726675,-1.4726675,-1.4726614,-1.4726614,2.9453044,9.719504,1.0824894522073312
4.0,0.03795115967350376,-2.0014363e-07,-2.9453852,-1.4726675,-1.4726675,-1.4726614,-1.4726614,2.9453044,9.719504,1.0827757212045235
4.0,0.037961159673503754,-1.8944296e-07,-2.9453852,-1.4726675,-1.4726675,-1.4726614,-1.4726614,2.9453044,9.719504,1.0830619902017158
4.0,0.03797115967350376,-2.0014383e-07,-2.9453852,-1.4726675,-1.4726675,-1.4726614,-1.4726614,2.9453044,9.719504,1.083348259198908
4.0,0.03798115967350375,-1.8944277e-07,-2.9453852,-1.4726675,-1.4726675,-1.4726614,-1.4726614,2.9453044,9.719504,1.0836345281961004
4.0,0.037991159673503756,-2.0014402e-07,-2.9453852,-1.4726675,-1.4726675,-1.4726614,-1.4726614,2.9453044,9.719504,1.0839207971932927
4.0,0.03800115967350375,-1.8944257e-07,-2.9453852,-1.4726675,-1.4726675,-1.4726614,-1.4726614,2.9453044,9.719504,1.084207066190485
4.0,0.038011159673503755,-2.001442e-07,-2.9453852,-1.4726675,-1.4726675,-1.4726614,-1.4726614,2.9453044,9.719504,1.0844933351876775
4.0,0.03802115967350376,-1.8944239e-07,-2.9453852,-1.4726675,-1.4726675,-1.4726614,-1.4726614,2.9453044,9.719504,1.0847796041848699
4.0,0.038031159673503755,-2.0014438e-07,-2.9453852,-1.4726675,-1.4726675,-1.4726614,-1.4726614,2.9453044,9.719504,1.0850658731820622
4.0,0.03804115967350376,-1.894422e-07,-2.9453852,-1.4726675,-1.4726675,-1.4726614,-1.4726614,2.9453044,9.719504,1.0853521421792545
4.0,0.038051159673503754,-2.0014457e-07,-2.9453852,-1.4726675,-1.4726675,-1.4726614,-1.4726614,2.9453044,9.719504,1.0856384111764468
4.0,0.03806115967350376,-1.8944202e-07,-2.9453852,-1.4726675,-1.4726675,-1.4726614,-1.4726614,2.9453044,9.719504,1.085924680173639
4.0,0.03807115967350375,-2.0014475e-07,-2.9453852,-1.4726675,-1.4726675,-1.4726614,-1.4726614,2.9453044,9.719504,1.0862109491708314
4.0,0.038081159673503756,-1.8944183e-07,-2.9453852,-1.4726675,-1.4726675,-1.4726614,-1.4726614,2.9453044,9.719504,1.086497218168024
4.0,0.03809115967350376,-2.0014494e-07,-2.9453852,-1.4726675,-1.4726675,-1.4726614,-1.4726614,2.9453044,9.719504,1.0867834871652162
4.0,0.038101159673503755,-1.8944165e-07,-2.9453852,-1.4726675,-1.4726675,-1.4726614,-1.4726614,2.9453044,9.719504,1.0870697561624085
4.0,0.03811115967350376,-2.0014512e-07,-2.9453852,-1.4726675,-1.4726675,-1.4726614,-1.4726614,2.9453044,9.719504,1.0873560251596008
4.0,0.038121159673503754,-1.8944147e-07,-2.9453852,-1.4726675,-1.4726675,-1.4726614,-1.4726614,2.9453044,9.719504,1.0876422941567931
4.0,0.03813115967350376,-2.0014531e-07,-2.9453852,-1.4726675,-1.4726675,-1.4726614,-1.4726614,2.9453044,9.719504,1.0879285631539855
4.0,0.038141159673503754,-1.8944128e-07,-2.9453852,-1.4726675,-1.4726675,-1.4726614,-1.4726614,2.9453044,9.719504,1.0882148321511778
4.0,0.03815115967350376,-2.0014551e-07,-2.9453852,-1.4726675,-1.4726675,-1.4726614,-1.4726614,2.9453044,9.719504,1.08850110114837
4.0,0.03816115967350375,-1.894411e-07,-2.9453852,-1.4726675,-1.4726675,-1.4726614,-1.4726614,2.9453044,9.719504,1.0887873701455624
4.0,0.038171159673503756,-2.0014569e-07,-2.9453852,-1.4726675,-1.4726675,-1.4726614,-1.4726614,2.9453044,9.719504,1.089073639142755
4.0,0.03818115967350376,-1.8944091e-07,-2.9453852,-1.4726675,-1.4726675,-1.4726614,-1.4726614,2.9453044,9.719504,1.0893599081399472
4.0,0.038191159673503755,-2.0014588e-07,-2.9453852,-1.4726675,-1.4726675,-1.4726614,-1.4726614,2.9453044,9.719504,1.0896461771371395
4.0,0.03820115967350376,-1.8944073e-07,-2.9453852,-1.4726675,-1.4726675,-1.4726614,-1.4726614,2.9453044,9.719504,1.0899324461343318
4.0,0.038211159673503754,-2.0014606e-07,-2.9453852,-1.4726675,-1.4726675,-1.4726614,-1.4726614,2.9453044,9.719504,1.0902187151315241
4.0,0.03822115967350376,-1.8944054e-07,-2.9453852,-1.4726675,-1.4726675,-1.4726614,-1.4726614,2.9453044,9.719504,1.0905049841287164
4.0,0.03823115967350375,-2.0014625e-07,-2.9453852,-1.4726675,-1.4726675,-1.4726614,-1.4726614,2.9453044,9.719504,1.0907912531259087
4.0,0.038241159673503756,-1.8944036e-07,-2.9453852,-1.4726675,-1.4726675,-1.4726614,-1.4726614,2.9453044,9.719504,1.091077522123101
4.0,0.03825115967350375,-2.0014643e-07,-2.9453852,-1.4726675,-1.4726675,-1.4726614,-1.4726614,2.9453044,9.719504,1.0913637911202934
4.0,0.038261159673503756,-1.8944017e-07,-2.9453852,-1.4726675,-1.4726675,-1.4726614,-1.4726614,2.9453044,9.719504,1.0916500601174859
4.0,0.03827115967350376,-2.0014662e-07,-2.9453852,-1.4726675,-1.4726675,-1.4726614,-1.4726614,2.9453044,9.719504,1.0919363291146782
4.0,0.038281159673503755,-1.8943999e-07,-2.9453852,-1.4726675,-1.4726675,-1.4726614,-1.4726614,2.9453044,9.719504,1.0922225981118705
4.0,0.03829115967350376,-2.001468e-07,-2.9453852,-1.4726675,-1.4726675,-1.4726614,-1.4726614,2.9453044,9.719504,1.0925088671090628
4.0,0.038301159673503754,-1.894398e-07,-2.9453852,-1.4726675,-1.4726675,-1.4726614,-1.4726614,2.9453044,9.719504,1.0927951361062551
4.0,0.03831115967350376,-2.0014699e-07,-2.9453852,-1.4726675,-1.4726675,-1.4726614,-1.4726614,2.9453044,9.719504,1.0930814051034474
4.0,0.03832115967350375,-1.8943962e-07,-2.9453852,-1.4726675,-1.4726675,-1.4726614,-1.4726614,2.9453044,9.719504,1.0933676741006397
4.0,0.038331159673503756,-2.0014717e-07,-2.9453852,-1.4726675,-1.4726675,-1.4726614,-1.4726614,2.9453044,9.719504,1.093653943097832
4.0,0.03834115967350375,-1.8943943e-07,-2.9453852,-1.4726675,-1.4726675,-1.4726614,-1.4726614,2.9453044,9.719504,1.0939402120950243
4.0,0.038351159673503755,-2.0014735e-07,-2.9453852,-1.4726675,-1.4726675,-1.4726614,-1.4726614,2.9453044,9.719504,1.0942264810922169
4.0,0.03836115967350376,-1.8943925e-07,-2.9453852,-1.4726675,-1.4726675,-1.4726614,-1.4726614,2.9453044,9.719504,1.0945127500894092
4.0,0.038371159673503755,-2.0014754e-07,-2.9453852,-1.4726675,-1.4726675,-1.4726614,-1.4726614,2.9453044,9.719504,1.0947990190866015
4.0,0.03838115967350376,-1.8943906e-07,-2.9453852,-1.4726675,-1.4726675,-1.4726614,-1.4726614,2.9453044,9.719504,1.0950852880837938
4.0,0.038391159673503754,-2.0014772e-07,-2.9453852,-1.4726675,-1.4726675,-1.4726614,-1.4726614,2.9453044,9.719504,1.095371557080986
4.0,0.03840115967350376,-1.8943888e-07,-2.9453852,-1.4726675,-1.4726675,-1.4726614,-1.4726614,2.9453044,9.719504,1.0956578260781784
4.0,0.03841115967350375,-2.001479e-07,-2.9453852,-1.4726675,-1.4726675,-1.4726614,-1.4726614,2.9453044,9.719504,1.0959440950753707
4.0,0.038421159673503756,-1.894387e-07,-2.9453852,-1.4726675,-1.4726675,-1.4726614,-1.4726614,2.9453044,9.719504,1.0962303640725632
4.0,0.03843115967350376,-2.0014808e-07,-2.9453852,-1.4726675,-1.4726675,-1.4726614,-1.4726614,2.9453044,9.719504,1.0965166330697556
4.0,0.038441159673503755,-1.8943851e-07,-2.9453852,-1.4726675,-1.4726675,-1.4726614,-1.4726614,2.9453044,9.719504,1.0968029020669479
4.0,0.03845115967350376,-2.0014826e-07,-2.9453852,-1.4726675,-1.4726675,-1.4726614,-1.4726614,2.9453044,9.719504,1.0970891710641402
4.0,0.038461159673503754,-1.8943832e-07,-2.9453852,-1.4726675,-1.4726675,-1.4726614,-1.4726614,2.9453044,9.719504,1.0973754400613325
4.0,0.03847115967350376,-2.0014845e-07,-2.9453852,-1.4726675,-1.4726675,-1.4726614,-1.4726614,2.9453044,9.719504,1.0976617090585248
4.0,0.038481159673503754,-1.8943814e-07,-2.9453852,-1.4726675,-1.4726675,-1.4726614,-1.4726614,2.9453044,9.719504,1.097947978055717
4.0,0.03849115967350376,-2.0014863e-07,-2.9453852,-1.4726675,-1.4726675,-1.4726614,-1.4726614,2.9453044,9.719504,1.0982342470529094
4.0,0.03850115967350375,-1.8943796e-07,-2.9453852,-1.4726675,-1.4726675,-1.4726614,-1.4726614,2.9453044,9.719504,1.0985205160501017
4.0,0.038511159673503756,-2.0014882e-07,-2.9453852,-1.4726675,-1.4726675,-1.4726614,-1.4726614,2.9453044,9.719504,1.0988067850472942
4.0,0.03852115967350376,-1.8943778e-07,-2.9453852,-1.4726675,-1.4726675,-1.4726614,-1.4726614,2.9453044,9.719504,1.0990930540444865
4.0,0.038531159673503755,-2.00149e-07,-2.9453852,-1.4726675,-1.4726675,-1.4726614,-1.4726614,2.9453044,9.719504,1.0993793230416788
4.0,0.03854115967350376,-1.894376e-07,-2.9453852,-1.4726675,-1.4726675,-1.4726614,-1.4726614,2.9453044,9.719504,1.0996655920388712
4.0,0.038551159673503754,-2.0014919e-07,-2.9453852,-1.4726675,-1.4726675,-1.4726614,-1.4726614,2.9453044,9.719504,1.0999518610360635
4.0,0.03856115967350376,-1.8943742e-07,-2.9453852,-1.4726675,-1.4726675,-1.4726614,-1.4726614,2.9453044,9.719504,1.1002381300332558
4.0,0.03857115967350375,-2.0014937e-07,-2.9453852,-1.4726675,-1.4726675,-1.4726614,-1.4726614,2.9453044,9.719504,1.100524399030448
4.0,0.038581159673503757,-1.8943723e-07,-2.9453852,-1.4726675,-1.4726675,-1.4726614,-1.4726614,2.9453044,9.719504,1.1008106680276404
4.0,0.03859115967350375,-2.0014954e-07,-2.9453852,-1.4726675,-1.4726675,-1.4726614,-1.4726614,2.9453044,9.719504,1.1010969370248327
4.0,0.038601159673503756,-1.8943705e-07,-2.9453852,-1.4726675,-1.4726675,-1.4726614,-1.4726614,2.9453044,9.719504,1.1013832060220252
4.0,0.03861115967350376,-2.0014973e-07,-2.9453852,-1.4726675,-1.4726675,-1.4726614,-1.4726614,2.9453044,9.719504,1.1016694750192175
4.0,0.038621159673503755,-1.8943686e-07,-2.9453852,-1.4726675,-1.4726675,-1.4726614,-1.4726614,2.9453044,9.719504,1.1019557440164098
4.0,0.03863115967350376,-2.0014991e-07,-2.9453852,-1.4726675,-1.4726675,-1.4726614,-1.4726614,2.9453044,9.719504,1.1022420130136021
4.0,0.038641159673503754,-1.8943668e-07,-2.9453852,-1.4726675,-1.4726675,-1.4726614,-1.4726614,2.9453044,9.719504,1.1025282820107944
4.0,0.03865115967350376,-2.001501e-07,-2.9453852,-1.4726675,-1.4726675,-1.4726614,-1.4726614,2.9453044,9.719504,1.1028145510079868
4.0,0.03866115967350375,-1.894365e-07,-2.9453852,-1.4726675,-1.4726675,-1.4726614,-1.4726614,2.9453044,9.719504,1.103100820005179
4.0,0.038671159673503756,-2.0015028e-07,-2.9453852,-1.4726675,-1.4726675,-1.4726614,-1.4726614,2.9453044,9.719504,1.1033870890023714
4.0,0.03868115967350375,-1.8943632e-07,-2.9453852,-1.4726675,-1.4726675,-1.4726614,-1.4726614,2.9453044,9.719504,1.1036733579995637
4.0,0.038691159673503756,-2.0015045e-07,-2.9453852,-1.4726675,-1.4726675,-1.4726614,-1.4726614,2.9453044,9.719504,1.1039596269967562
4.0,0.03870115967350376,-1.8943614e-07,-2.9453852,-1.4726675,-1.4726675,-1.4726614,-1.4726614,2.9453044,9.719504,1.1042458959939485
4.0,0.038711159673503755,-2.0015064e-07,-2.9453852,-1.4726675,-1.4726675,-1.4726614,-1.4726614,2.9453044,9.719504,1.1045321649911408
4.0,0.03872115967350376,-1.8943595e-07,-2.9453852,-1.4726675,-1.4726675,-1.4726614,-1.4726614,2.9453044,9.719504,1.1048184339883331
4.0,0.038731159673503754,-2.0015082e-07,-2.9453852,-1.4726675,-1.4726675,-1.4726614,-1.4726614,2.9453044,9.719504,1.1051047029855254
4.0,0.03874115967350376,-1.8943578e-07,-2.9453852,-1.4726675,-1.4726675,-1.4726614,-1.4726614,2.9453044,9.719504,1.1053909719827177
4.0,0.03875115967350375,-2.00151e-07,-2.9453852,-1.4726675,-1.4726675,-1.4726614,-1.4726614,2.9453044,9.719504,1.10567724097991
4.0,0.038761159673503756,-1.894356e-07,-2.9453852,-1.4726675,-1.4726675,-1.4726614,-1.4726614,2.9453044,9.719504,1.1059635099771024
4.0,0.03877115967350375,-2.0015119e-07,-2.9453852,-1.4726675,-1.4726675,-1.4726614,-1.4726614,2.9453044,9.719504,1.1062497789742947
4.0,0.038781159673503755,-1.8943541e-07,-2.9453852,-1.4726675,-1.4726675,-1.4726614,-1.4726614,2.9453044,9.719504,1.1065360479714872
4.0,0.03879115967350376,-2.0015136e-07,-2.9453852,-1.4726675,-1.4726675,-1.4726614,-1.4726614,2.9453044,9.719504,1.1068223169686795
4.0,0.038801159673503754,-1.8943523e-07,-2.9453852,-1.4726675,-1.4726675,-1.4726614,-1.4726614,2.9453044,9.719504,1.1071085859658718
4.0,0.03881115967350376,-2.0015155e-07,-2.9453852,-1.4726675,-1.4726675,-1.4726614,-1.4726614,2.9453044,9.719504,1.1073948549630641
4.0,0.038821159673503754,-1.8943506e-07,-2.9453852,-1.4726675,-1.4726675,-1.4726614,-1.4726614,2.9453044,9.719504,1.1076811239602564
4.0,0.03883115967350376,-2.0015173e-07,-2.9453852,-1.4726675,-1.4726675,-1.4726614,-1.4726614,2.9453044,9.719504,1.1079673929574487
4.0,0.03884115967350375,-1.8943487e-07,-2.9453852,-1.4726675,-1.4726675,-1.4726614,-1.4726614,2.9453044,9.719504,1.108253661954641
4.0,0.038851159673503756,-2.001519e-07,-2.9453852,-1.4726675,-1.4726675,-1.4726614,-1.4726614,2.9453044,9.719504,1.1085399309518336
4.0,0.03886115967350376,-1.8943469e-07,-2.9453852,-1.4726675,-1.4726675,-1.4726614,-1.4726614,2.9453044,9.719504,1.1088261999490259
4.0,0.038871159673503755,-2.0015209e-07,-2.9453852,-1.4726675,-1.4726675,-1.4726614,-1.4726614,2.9453044,9.719504,1.1091124689462182
4.0,0.03888115967350376,-1.894345e-07,-2.9453852,-1.4726675,-1.4726675,-1.4726614,-1.4726614,2.9453044,9.719504,1.1093987379434105
4.0,0.038891159673503754,-2.0015227e-07,-2.9453852,-1.4726675,-1.4726675,-1.4726614,-1.4726614,2.9453044,9.719504,1.1096850069406028
4.0,0.03890115967350376,-1.8943433e-07,-2.9453852,-1.4726675,-1.4726675,-1.4726614,-1.4726614,2.9453044,9.719504,1.109971275937795
4.0,0.038911159673503753,-2.0015246e-07,-2.9453852,-1.4726675,-1.4726675,-1.4726614,-1.4726614,2.9453044,9.719504,1.1102575449349874
4.0,0.03892115967350376,-1.8943415e-07,-2.9453852,-1.4726675,-1.4726675,-1.4726614,-1.4726614,2.9453044,9.719504,1.1105438139321797
4.0,0.03893115967350375,-2.0015263e-07,-2.9453852,-1.4726675,-1.4726675,-1.4726614,-1.4726614,2.9453044,9.719504,1.110830082929372
4.0,0.038941159673503756,-1.8943396e-07,-2.9453852,-1.4726675,-1.4726675,-1.4726614,-1.4726614,2.9453044,9.719504,1.1111163519265645
4.0,0.03895115967350376,-2.0015281e-07,-2.9453852,-1.4726675,-1.4726675,-1.4726614,-1.4726614,2.9453044,9.719504,1.1114026209237569
4.0,0.038961159673503755,-1.8943379e-07,-2.9453852,-1.4726675,-1.4726675,-1.4726614,-1.4726614,2.9453044,9.719504,1.1116888899209492
4.0,0.03897115967350376,-2.00153e-07,-2.9453852,-1.4726675,-1.4726675,-1.4726614,-1.4726614,2.9453044,9.719504,1.1119751589181415
4.0,0.038981159673503754,-1.894336e-07,-2.9453852,-1.4726675,-1.4726675,-1.4726614,-1.4726614,2.9453044,9.719504,1.1122614279153338
4.0,0.03899115967350376,-2.0015317e-07,-2.9453852,-1.4726675,-1.4726675,-1.4726614,-1.4726614,2.9453044,9.719504,1.112547696912526
4.0,0.03900115967350375,-1.8943342e-07,-2.9453852,-1.4726675,-1.4726675,-1.4726614,-1.4726614,2.9453044,9.719504,1.1128339659097184
4.0,0.039011159673503756,-2.0015335e-07,-2.9453852,-1.4726675,-1.4726675,-1.4726614,-1.4726614,2.9453044,9.719504,1.1131202349069107
4.0,0.03902115967350375,-1.8943325e-07,-2.9453852,-1.4726675,-1.4726675,-1.4726614,-1.4726614,2.9453044,9.719504,1.113406503904103
4.0,0.039031159673503756,-2.0015352e-07,-2.9453852,-1.4726675,-1.4726675,-1.4726614,-1.4726614,2.9453044,9.719504,1.1136927729012955
4.0,0.03904115967350376,-1.8943307e-07,-2.9453852,-1.4726675,-1.4726675,-1.4726614,-1.4726614,2.9453044,9.719504,1.1139790418984878
4.0,0.039051159673503755,-2.001537e-07,-2.9453852,-1.4726675,-1.4726675,-1.4726614,-1.4726614,2.9453044,9.719504,1.1142653108956801
4.0,0.03906115967350376,-1.894329e-07,-2.9453852,-1.4726675,-1.4726675,-1.4726614,-1.4726614,2.9453044,9.719504,1.1145515798928725
4.0,0.039071159673503754,-2.0015389e-07,-2.9453852,-1.4726675,-1.4726675,-1.4726614,-1.4726614,2.9453044,9.719504,1.1148378488900648
4.0,0.03908115967350376,-1.8943271e-07,-2.9453852,-1.4726675,-1.4726675,-1.4726614,-1.4726614,2.9453044,9.719504,1.115124117887257
4.0,0.03909115967350375,-2.0015406e-07,-2.9453852,-1.4726675,-1.4726675,-1.4726614,-1.4726614,2.9453044,9.719504,1.1154103868844494
4.0,0.039101159673503756,-1.8943253e-07,-2.9453852,-1.4726675,-1.4726675,-1.4726614,-1.4726614,2.9453044,9.719504,1.1156966558816417
4.0,0.03911115967350375,-2.0015425e-07,-2.9453852,-1.4726675,-1.4726675,-1.4726614,-1.4726614,2.9453044,9.719504,1.115982924878834
4.0,0.039121159673503755,-1.8943236e-07,-2.9453852,-1.4726675,-1.4726675,-1.4726614,-1.4726614,2.9453044,9.719504,1.1162691938760265
4.0,0.03913115967350376,-2.0015442e-07,-2.9453852,-1.4726675,-1.4726675,-1.4726614,-1.4726614,2.9453044,9.719504,1.1165554628732188
4.0,0.039141159673503755,-1.8943217e-07,-2.9453852,-1.4726675,-1.4726675,-1.4726614,-1.4726614,2.9453044,9.719504,1.1168417318704111
4.0,0.03915115967350376,-2.001546e-07,-2.9453852,-1.4726675,-1.4726675,-1.4726614,-1.4726614,2.9453044,9.719504,1.1171280008676034
4.0,0.039161159673503754,-1.89432e-07,-2.9453852,-1.4726675,-1.4726675,-1.4726614,-1.4726614,2.9453044,9.719504,1.1174142698647958
4.0,0.03917115967350376,-2.0015479e-07,-2.9453852,-1.4726675,-1.4726675,-1.4726614,-1.4726614,2.9453044,9.719504,1.117700538861988
4.0,0.03918115967350375,-1.8943182e-07,-2.9453852,-1.4726675,-1.4726675,-1.4726614,-1.4726614,2.9453044,9.719504,1.1179868078591804
4.0,0.039191159673503756,-2.0015496e-07,-2.9453852,-1.4726675,-1.4726675,-1.4726614,-1.4726614,2.9453044,9.719504,1.118273076856373
4.0,0.03920115967350376,-1.8943163e-07,-2.9453852,-1.4726675,-1.4726675,-1.4726614,-1.4726614,2.9453044,9.719504,1.1185593458535652
4.0,0.039211159673503755,-2.0015514e-07,-2.9453852,-1.4726675,-1.4726675,-1.4726614,-1.4726614,2.9453044,9.719504,1.1188456148507575
4.0,0.03922115967350376,-1.8943146e-07,-2.9453852,-1.4726675,-1.4726675,-1.4726614,-1.4726614,2.9453044,9.719504,1.1191318838479498
4.0,0.039231159673503754,-2.0015531e-07,-2.9453852,-1.4726675,-1.4726675,-1.4726614,-1.4726614,2.9453044,9.719504,1.1194181528451421
4.0,0.03924115967350376,-1.8943128e-07,-2.9453852,-1.4726675,-1.4726675,-1.4726614,-1.4726614,2.9453044,9.719504,1.1197044218423344
4.0,0.039251159673503754,-2.001555e-07,-2.9453852,-1.4726675,-1.4726675,-1.4726614,-1.4726614,2.9453044,9.719504,1.1199906908395267
4.0,0.03926115967350376,-1.894311e-07,-2.9453852,-1.4726675,-1.4726675,-1.4726614,-1.4726614,2.9453044,9.719504,1.120276959836719
4.0,0.03927115967350375,-2.0015567e-07,-2.9453852,-1.4726675,-1.4726675,-1.4726614,-1.4726614,2.9453044,9.719504,1.1205632288339114
4.0,0.039281159673503756,-1.8943092e-07,-2.9453852,-1.4726675,-1.4726675,-1.4726614,-1.4726614,2.9453044,9.719504,1.1208494978311039
4.0,0.03929115967350376,-2.0015585e-07,-2.9453852,-1.4726675,-1.4726675,-1.4726614,-1.4726614,2.9453044,9.719504,1.1211357668282962
4.0,0.039301159673503755,-1.8943075e-07,-2.9453852,-1.4726675,-1.4726675,-1.4726614,-1.4726614,2.9453044,9.719504,1.1214220358254885
4.0,0.03931115967350376,-2.0015602e-07,-2.9453852,-1.4726675,-1.4726675,-1.4726614,-1.4726614,2.9453044,9.719504,1.1217083048226808
4.0,0.039321159673503754,-1.8943057e-07,-2.9453852,-1.4726675,-1.4726675,-1.4726614,-1.4726614,2.9453044,9.719504,1.121994573819873
4.0,0.03933115967350376,-2.0015621e-07,-2.9453852,-1.4726675,-1.4726675,-1.4726614,-1.4726614,2.9453044,9.719504,1.1222808428170654
4.0,0.03934115967350375,-1.894304e-07,-2.9453852,-1.4726675,-1.4726675,-1.4726614,-1.4726614,2.9453044,9.719504,1.1225671118142577
4.0,0.039351159673503756,-2.0015638e-07,-2.9453852,-1.4726675,-1.4726675,-1.4726614,-1.4726614,2.9453044,9.719504,1.12285338081145
4.0,0.03936115967350375,-1.8943021e-07,-2.9453852,-1.4726675,-1.4726675,-1.4726614,-1.4726614,2.9453044,9.719504,1.1231396498086423
4.0,0.039371159673503756,-2.0015656e-07,-2.9453852,-1.4726675,-1.4726675,-1.4726614,-1.4726614,2.9453044,9.719504,1.1234259188058349
4.0,0.03938115967350376,-1.8943004e-07,-2.9453852,-1.4726675,-1.4726675,-1.4726614,-1.4726614,2.9453044,9.719504,1.1237121878030272
4.0,0.039391159673503755,-2.0015673e-07,-2.9453852,-1.4726675,-1.4726675,-1.4726614,-1.4726614,2.9453044,9.719504,1.1239984568002195
4.0,0.03940115967350376,-1.8942985e-07,-2.9453852,-1.4726675,-1.4726675,-1.4726614,-1.4726614,2.9453044,9.719504,1.1242847257974118
4.0,0.039411159673503754,-2.0015692e-07,-2.9453852,-1.4726675,-1.4726675,-1.4726614,-1.4726614,2.9453044,9.719504,1.124570994794604
4.0,0.03942115967350376,-1.8942968e-07,-2.9453852,-1.4726675,-1.4726675,-1.4726614,-1.4726614,2.9453044,9.719504,1.1248572637917964
4.0,0.03943115967350375,-2.0015709e-07,-2.9453852,-1.4726675,-1.4726675,-1.4726614,-1.4726614,2.9453044,9.719504,1.1251435327889887
4.0,0.039441159673503756,-1.8942951e-07,-2.9453852,-1.4726675,-1.4726675,-1.4726614,-1.4726614,2.9453044,9.719504,1.125429801786181
4.0,0.03945115967350375,-2.0015727e-07,-2.9453852,-1.4726675,-1.4726675,-1.4726614,-1.4726614,2.9453044,9.719504,1.1257160707833733
4.0,0.039461159673503755,-1.8942933e-07,-2.9453852,-1.4726675,-1.4726675,-1.4726614,-1.4726614,2.9453044,9.719504,1.1260023397805659
4.0,0.03947115967350376,-2.0015744e-07,-2.9453852,-1.4726675,-1.4726675,-1.4726614,-1.4726614,2.9453044,9.719504,1.1262886087777582
4.0,0.039481159673503755,-1.8942916e-07,-2.9453852,-1.4726675,-1.4726675,-1.4726614,-1.4726614,2.9453044,9.719504,1.1265748777749505
4.0,0.03949115967350376,-2.0015763e-07,-2.9453852,-1.4726675,-1.4726675,-1.4726614,-1.4726614,2.9453044,9.719504,1.1268611467721428
4.0,0.039501159673503754,-1.8942897e-07,-2.9453852,-1.4726675,-1.4726675,-1.4726614,-1.4726614,2.9453044,9.719504,1.127147415769335
4.0,0.03951115967350376,-2.001578e-07,-2.9453852,-1.4726675,-1.4726675,-1.4726614,-1.4726614,2.9453044,9.719504,1.1274336847665274
4.0,0.03952115967350375,-1.894288e-07,-2.9453852,-1.4726675,-1.4726675,-1.4726614,-1.4726614,2.9453044,9.719504,1.1277199537637197
4.0,0.039531159673503756,-2.0015797e-07,-2.9453852,-1.4726675,-1.4726675,-1.4726614,-1.4726614,2.9453044,9.719504,1.1280062227609122
4.0,0.03954115967350376,-1.8942862e-07,-2.9453852,-1.4726675,-1.4726675,-1.4726614,-1.4726614,2.9453044,9.719504,1.1282924917581045
4.0,0.039551159673503755,-2.0015815e-07,-2.9453852,-1.4726675,-1.4726675,-1.4726614,-1.4726614,2.9453044,9.719504,1.1285787607552968
4.0,0.03956115967350376,-1.8942845e-07,-2.9453852,-1.4726675,-1.4726675,-1.4726614,-1.4726614,2.9453044,9.719504,1.1288650297524891
4.0,0.039571159673503754,-2.0015833e-07,-2.9453852,-1.4726675,-1.4726675,-1.4726614,-1.4726614,2.9453044,9.719504,1.1291512987496815
4.0,0.03958115967350376,-1.8942828e-07,-2.9453852,-1.4726675,-1.4726675,-1.4726614,-1.4726614,2.9453044,9.719504,1.1294375677468738
4.0,0.039591159673503754,-2.0015851e-07,-2.9453852,-1.4726675,-1.4726675,-1.4726614,-1.4726614,2.9453044,9.719504,1.129723836744066
4.0,0.03960115967350376,-1.8942809e-07,-2.9453852,-1.4726675,-1.4726675,-1.4726614,-1.4726614,2.9453044,9.719504,1.1300101057412584
4.0,0.03961115967350375,-2.0015868e-07,-2.9453852,-1.4726675,-1.4726675,-1.4726614,-1.4726614,2.9453044,9.719504,1.1302963747384507
4.0,0.039621159673503756,-1.8942792e-07,-2.9453852,-1.4726675,-1.4726675,-1.4726614,-1.4726614,2.9453044,9.719504,1.1305826437356432
4.0,0.03963115967350376,-2.0015885e-07,-2.9453852,-1.4726675,-1.4726675,-1.4726614,-1.4726614,2.9453044,9.719504,1.1308689127328355
4.0,0.039641159673503755,-1.8942775e-07,-2.9453852,-1.4726675,-1.4726675,-1.4726614,-1.4726614,2.9453044,9.719504,1.1311551817300278
4.0,0.03965115967350376,-2.0015904e-07,-2.9453852,-1.4726675,-1.4726675,-1.4726614,-1.4726614,2.9453044,9.719504,1.1314414507272201
4.0,0.039661159673503754,-1.8942757e-07,-2.9453852,-1.4726675,-1.4726675,-1.4726614,-1.4726614,2.9453044,9.719504,1.1317277197244124
4.0,0.03967115967350376,-2.001592e-07,-2.9453852,-1.4726675,-1.4726675,-1.4726614,-1.4726614,2.9453044,9.719504,1.1320139887216047
4.0,0.03968115967350375,-1.894274e-07,-2.9453852,-1.4726675,-1.4726675,-1.4726614,-1.4726614,2.9453044,9.719504,1.132300257718797
4.0,0.039691159673503756,-2.0015938e-07,-2.9453852,-1.4726675,-1.4726675,-1.4726614,-1.4726614,2.9453044,9.719504,1.1325865267159894
4.0,0.03970115967350375,-1.8942723e-07,-2.9453852,-1.4726675,-1.4726675,-1.4726614,-1.4726614,2.9453044,9.719504,1.1328727957131817
4.0,0.039711159673503756,-2.0015956e-07,-2.9453852,-1.4726675,-1.4726675,-1.4726614,-1.4726614,2.9453044,9.719504,1.1331590647103742
4.0,0.03972115967350376,-1.8942704e-07,-2.9453852,-1.4726675,-1.4726675,-1.4726614,-1.4726614,2.9453044,9.719504,1.1334453337075665
4.0,0.039731159673503755,-2.0015973e-07,-2.9453852,-1.4726675,-1.4726675,-1.4726614,-1.4726614,2.9453044,9.719504,1.1337316027047588
4.0,0.03974115967350376,-1.8942687e-07,-2.9453852,-1.4726675,-1.4726675,-1.4726614,-1.4726614,2.9453044,9.719504,1.1340178717019511
4.0,0.039751159673503754,-2.001599e-07,-2.9453852,-1.4726675,-1.4726675,-1.4726614,-1.4726614,2.9453044,9.719504,1.1343041406991434
4.0,0.03976115967350376,-1.894267e-07,-2.9453852,-1.4726675,-1.4726675,-1.4726614,-1.4726614,2.9453044,9.719504,1.1345904096963357
4.0,0.03977115967350375,-2.0016009e-07,-2.9453852,-1.4726675,-1.4726675,-1.4726614,-1.4726614,2.9453044,9.719504,1.134876678693528
4.0,0.039781159673503756,-1.8942652e-07,-2.9453852,-1.4726675,-1.4726675,-1.4726614,-1.4726614,2.9453044,9.719504,1.1351629476907203
4.0,0.03979115967350375,-2.0016026e-07,-2.9453852,-1.4726675,-1.4726675,-1.4726614,-1.4726614,2.9453044,9.719504,1.1354492166879127
4.0,0.039801159673503755,-1.8942634e-07,-2.9453852,-1.4726675,-1.4726675,-1.4726614,-1.4726614,2.9453044,9.719504,1.1357354856851052
4.0,0.03981115967350376,-2.0016043e-07,-2.9453852,-1.4726675,-1.4726675,-1.4726614,-1.4726614,2.9453044,9.719504,1.1360217546822975
4.0,0.039821159673503755,-1.8942617e-07,-2.9453852,-1.4726675,-1.4726675,-1.4726614,-1.4726614,2.9453044,9.719504,1.1363080236794898
4.0,0.03983115967350376,-2.001606e-07,-2.9453852,-1.4726675,-1.4726675,-1.4726614,-1.4726614,2.9453044,9.719504,1.136594292676682
4.0,0.039841159673503754,-1.8942599e-07,-2.9453852,-1.4726675,-1.4726675,-1.4726614,-1.4726614,2.9453044,9.719504,1.1368805616738744
4.0,0.03985115967350376,-2.0016078e-07,-2.9453852,-1.4726675,-1.4726675,-1.4726614,-1.4726614,2.9453044,9.719504,1.1371668306710667
4.0,0.03986115967350375,-1.8942582e-07,-2.9453852,-1.4726675,-1.4726675,-1.4726614,-1.4726614,2.9453044,9.719504,1.137453099668259
4.0,0.039871159673503756,-2.0016095e-07,-2.9453852,-1.4726675,-1.4726675,-1.4726614,-1.4726614,2.9453044,9.719504,1.1377393686654513
4.0,0.03988115967350375,-1.8942565e-07,-2.9453852,-1.4726675,-1.4726675,-1.4726614,-1.4726614,2.9453044,9.719504,1.1380256376626436
4.0,0.039891159673503755,-2.0016113e-07,-2.9453852,-1.4726675,-1.4726675,-1.4726614,-1.4726614,2.9453044,9.719504,1.1383119066598362
4.0,0.03990115967350376,-1.8942548e-07,-2.9453852,-1.4726675,-1.4726675,-1.4726614,-1.4726614,2.9453044,9.719504,1.1385981756570285
4.0,0.039911159673503754,-2.001613e-07,-2.9453852,-1.4726675,-1.4726675,-1.4726614,-1.4726614,2.9453044,9.719504,1.1388844446542208
4.0,0.03992115967350376,-1.894253e-07,-2.9453852,-1.4726675,-1.4726675,-1.4726614,-1.4726614,2.9453044,9.719504,1.139170713651413
4.0,0.039931159673503754,-2.0016148e-07,-2.9453852,-1.4726675,-1.4726675,-1.4726614,-1.4726614,2.9453044,9.719504,1.1394569826486054
4.0,0.03994115967350376,-1.8942512e-07,-2.9453852,-1.4726675,-1.4726675,-1.4726614,-1.4726614,2.9453044,9.719504,1.1397432516457977
4.0,0.03995115967350375,-2.0016165e-07,-2.9453852,-1.4726675,-1.4726675,-1.4726614,-1.4726614,2.9453044,9.719504,1.14002952064299
4.0,0.039961159673503756,-1.8942495e-07,-2.9453852,-1.4726675,-1.4726675,-1.4726614,-1.4726614,2.9453044,9.719504,1.1403157896401825
4.0,0.03997115967350376,-2.0016182e-07,-2.9453852,-1.4726675,-1.4726675,-1.4726614,-1.4726614,2.9453044,9.719504,1.1406020586373748
4.0,0.039981159673503755,-1.8942478e-07,-2.9453852,-1.4726675,-1.4726675,-1.4726614,-1.4726614,2.9453044,9.719504,1.1408883276345672
4.0,0.03999115967350376,-2.0016199e-07,-2.9453852,-1.4726675,-1.4726675,-1.4726614,-1.4726614,2.9453044,9.719504,1.14115799770321
4.0,0.04,-1.894246e-07,-2.9453852,-1.4726675,-1.4726675,-1.4726614,-1.4726614,2.9453044,9.719504,1.1414110688433032
