t_s,Icell11_A,Icell12_A,Icell21_A,Icell22_A,Icell31_A,Icell32_A,I_RL_A,V_out_diff_V,E_out_J
0,-4.19E-06,-4.19E-06,-2.65E-07,-2.65E-07,-2.64E-07,-2.64E-07,5.08E-07,1.67E-06,8.48E-23
1.00E-10,-4.20E-06,-4.20E-06,-2.66E-07,-2.66E-07,-2.64E-07,-2.64E-07,5.08E-07,1.67E-06,4.24E-22
8.00E-10,-4.23E-06,-4.23E-06,-2.67E-07,-2.67E-07,-2.58E-07,-2.58E-07,5.08E-07,1.67E-06,1.06E-21
1.60E-09,-4.26E-06,-4.26E-06,-2.63E-07,-2.63E-07,-2.47E-07,-2.47E-07,5.08E-07,1.67E-06,2.08E-21
3.20E-09,-4.29E-06,-4.29E-06,-2.46E-07,-2.46E-07,-2.17E-07,-2.17E-07,5.08E-07,1.67E-06,4.11E-21
6.40E-09,-4.34E-06,-4.34E-06,-2.04E-07,-2.04E-07,-1.57E-07,-1.57E-07,5.08E-07,1.67E-06,8.18E-21
1.28E-08,-4.36E-06,-4.36E-06,-1.35E-07,-1.35E-07,-6.89E-08,-6.89E-08,5.08E-07,1.67E-06,1.63E-20
2.56E-08,-4.29E-06,-4.29E-06,-5.01E-08,-5.01E-08,2.05E-08,2.05E-08,5.08E-07,1.67E-06,3.26E-20
5.12E-08,-4.01E-06,-4.01E-06,4.09E-08,4.09E-08,7.49E-08,7.49E-08,5.08E-07,1.67E-06,5.39E-20
7.60E-08,-3.89E-06,-3.89E-06,6.89E-08,6.89E-08,8.52E-08,8.52E-08,5.08E-07,1.67E-06,7.06E-20
9.04E-08,-4.30E-06,-4.30E-06,8.35E-09,8.35E-09,9.54E-08,9.54E-08,5.08E-07,1.67E-06,8.18E-20
1.02E-07,-5.04E-06,-5.04E-06,-1.02E-07,-1.02E-07,1.14E-07,1.14E-07,5.08E-07,1.67E-06,9.43E-20
1.20E-07,-6.21E-06,-6.21E-06,-2.63E-07,-2.63E-07,1.63E-07,1.63E-07,5.07E-07,1.67E-06,1.09E-19
1.38E-07,-7.31E-06,-7.31E-06,-3.96E-07,-3.96E-07,2.30E-07,2.30E-07,5.07E-07,1.67E-06,1.29E-19
1.67E-07,-8.93E-06,-8.93E-06,-5.65E-07,-5.65E-07,3.60E-07,3.60E-07,5.06E-07,1.67E-06,1.55E-19
1.98E-07,-1.03E-05,-1.03E-05,-6.81E-07,-6.81E-07,5.05E-07,5.05E-07,5.05E-07,1.67E-06,1.90E-19
2.50E-07,-1.17E-05,-1.17E-05,-7.24E-07,-7.24E-07,7.41E-07,7.41E-07,5.04E-07,1.67E-06,2.34E-19
3.03E-07,-1.21E-05,-1.21E-05,-6.23E-07,-6.23E-07,9.45E-07,9.45E-07,5.02E-07,1.67E-06,2.88E-19
3.80E-07,-1.26E-05,-1.26E-05,-4.77E-07,-4.77E-07,1.23E-06,1.23E-06,5.00E-07,1.67E-06,3.25E-19
3.92E-07,-1.27E-05,-1.27E-05,-4.53E-07,-4.53E-07,1.28E-06,1.28E-06,5.00E-07,1.43E-06,3.38E-19
4.16E-07,-1.29E-05,-1.29E-05,-4.04E-07,-4.04E-07,1.39E-06,1.39E-06,4.99E-07,1.67E-06,3.69E-19
4.65E-07,-1.33E-05,-1.33E-05,-2.98E-07,-2.98E-07,1.62E-06,1.62E-06,4.98E-07,1.67E-06,4.30E-19
5.63E-07,-1.42E-05,-1.42E-05,-7.28E-08,-7.28E-08,2.10E-06,2.10E-06,4.94E-07,1.67E-06,5.51E-19
7.59E-07,-1.58E-05,-1.58E-05,3.20E-07,3.20E-07,2.95E-06,2.95E-06,4.87E-07,1.67E-06,7.24E-19
9.89E-07,-1.68E-05,-1.68E-05,5.66E-07,5.66E-07,3.52E-06,3.52E-06,4.78E-07,1.43E-06,9.08E-19
1.30E-06,-1.67E-05,-1.67E-05,5.32E-07,5.32E-07,3.50E-06,3.50E-06,4.65E-07,1.67E-06,1.17E-18
1.65E-06,-1.56E-05,-1.56E-05,2.30E-07,2.30E-07,2.91E-06,2.91E-06,4.52E-07,1.43E-06,1.40E-18
2.03E-06,-1.41E-05,-1.41E-05,-1.44E-07,-1.44E-07,2.15E-06,2.15E-06,4.40E-07,1.43E-06,1.64E-18
2.42E-06,-1.28E-05,-1.28E-05,-4.75E-07,-4.75E-07,1.46E-06,1.46E-06,4.29E-07,1.43E-06,1.90E-18
2.85E-06,-1.17E-05,-1.17E-05,-7.45E-07,-7.45E-07,8.89E-07,8.89E-07,4.20E-07,1.43E-06,2.13E-18
3.20E-06,-1.11E-05,-1.11E-05,-8.93E-07,-8.93E-07,5.58E-07,5.58E-07,4.13E-07,1.19E-06,2.30E-18
3.55E-06,-1.06E-05,-1.06E-05,-9.96E-07,-9.96E-07,3.16E-07,3.16E-07,4.07E-07,1.43E-06,2.50E-18
3.88E-06,-1.03E-05,-1.03E-05,-1.06E-06,-1.06E-06,1.50E-07,1.50E-07,4.02E-07,1.43E-06,2.74E-18
4.39E-06,-9.96E-06,-9.96E-06,-1.13E-06,-1.13E-06,-3.12E-08,-3.12E-08,3.95E-07,1.43E-06,3.04E-18
4.93E-06,-9.73E-06,-9.73E-06,-1.16E-06,-1.16E-06,-1.48E-07,-1.48E-07,3.88E-07,1.43E-06,3.33E-18
5.45E-06,-9.57E-06,-9.57E-06,-1.18E-06,-1.18E-06,-2.20E-07,-2.20E-07,3.82E-07,1.19E-06,3.56E-18
5.92E-06,-9.47E-06,-9.47E-06,-1.18E-06,-1.18E-06,-2.63E-07,-2.63E-07,3.76E-07,1.19E-06,3.77E-18
6.39E-06,-9.40E-06,-9.40E-06,-1.17E-06,-1.17E-06,-2.95E-07,-2.95E-07,3.71E-07,1.19E-06,3.98E-18
6.86E-06,-9.34E-06,-9.34E-06,-1.17E-06,-1.17E-06,-3.19E-07,-3.19E-07,3.66E-07,1.19E-06,4.18E-18
7.33E-06,-9.29E-06,-9.29E-06,-1.16E-06,-1.16E-06,-3.38E-07,-3.38E-07,3.61E-07,1.19E-06,4.37E-18
7.76E-06,-9.26E-06,-9.26E-06,-1.16E-06,-1.16E-06,-3.55E-07,-3.55E-07,3.56E-07,1.19E-06,4.55E-18
8.15E-06,-9.24E-06,-9.24E-06,-1.16E-06,-1.16E-06,-3.70E-07,-3.70E-07,3.52E-07,1.19E-06,4.73E-18
8.61E-06,-9.23E-06,-9.23E-06,-1.16E-06,-1.16E-06,-3.90E-07,-3.90E-07,3.47E-07,9.54E-07,4.89E-18
9.13E-06,-9.27E-06,-9.27E-06,-1.18E-06,-1.18E-06,-4.21E-07,-4.21E-07,3.42E-07,1.19E-06,5.12E-18
9.75E-06,-9.41E-06,-9.41E-06,-1.25E-06,-1.25E-06,-4.81E-07,-4.81E-07,3.36E-07,1.19E-06,5.39E-18
1.05E-05,-9.87E-06,-9.87E-06,-1.45E-06,-1.45E-06,-6.15E-07,-6.15E-07,3.29E-07,9.54E-07,5.63E-18
1.13E-05,-1.13E-05,-1.13E-05,-2.09E-06,-2.09E-06,-9.91E-07,-9.91E-07,3.21E-07,1.19E-06,5.99E-18
1.23E-05,-1.55E-05,-1.55E-05,-4.04E-06,-4.04E-06,-2.13E-06,-2.13E-06,3.10E-07,1.19E-06,6.33E-18
1.31E-05,-2.13E-05,-2.13E-05,-7.13E-06,-7.13E-06,-4.05E-06,-4.05E-06,2.99E-07,9.54E-07,6.53E-18
1.38E-05,-2.74E-05,-2.74E-05,-1.08E-05,-1.08E-05,-6.54E-06,-6.54E-06,2.89E-07,9.54E-07,6.70E-18
1.43E-05,-3.34E-05,-3.34E-05,-1.47E-05,-1.47E-05,-9.47E-06,-9.47E-06,2.79E-07,9.54E-07,6.85E-18
1.50E-05,-4.05E-05,-4.05E-05,-1.97E-05,-1.97E-05,-1.35E-05,-1.35E-05,2.64E-07,9.54E-07,7.01E-18
1.56E-05,-4.77E-05,-4.77E-05,-2.49E-05,-2.49E-05,-1.81E-05,-1.81E-05,2.47E-07,7.15E-07,7.12E-18
1.62E-05,-5.45E-05,-5.45E-05,-2.99E-05,-2.99E-05,-2.27E-05,-2.27E-05,2.28E-07,7.15E-07,7.22E-18
1.68E-05,-6.07E-05,-6.07E-05,-3.45E-05,-3.45E-05,-2.71E-05,-2.71E-05,2.07E-07,7.15E-07,7.31E-18
1.74E-05,-6.70E-05,-6.70E-05,-3.90E-05,-3.90E-05,-3.16E-05,-3.16E-05,1.83E-07,7.15E-07,7.39E-18
1.80E-05,-7.24E-05,-7.24E-05,-4.28E-05,-4.28E-05,-3.54E-05,-3.54E-05,1.59E-07,4.77E-07,7.44E-18
1.86E-05,-7.73E-05,-7.73E-05,-4.61E-05,-4.61E-05,-3.88E-05,-3.88E-05,1.33E-07,4.77E-07,7.47E-18
1.91E-05,-8.17E-05,-8.17E-05,-4.89E-05,-4.89E-05,-4.18E-05,-4.18E-05,1.08E-07,2.38E-07,7.49E-18
1.96E-05,-8.57E-05,-8.57E-05,-5.14E-05,-5.14E-05,-4.44E-05,-4.44E-05,8.15E-08,2.38E-07,7.50E-18
2.02E-05,-8.93E-05,-8.93E-05,-5.36E-05,-5.36E-05,-4.67E-05,-4.67E-05,5.51E-08,0,7.50E-18
2.07E-05,-9.29E-05,-9.29E-05,-5.55E-05,-5.55E-05,-4.88E-05,-4.88E-05,2.77E-08,2.38E-07,7.50E-18
2.12E-05,-9.65E-05,-9.65E-05,-5.73E-05,-5.73E-05,-5.07E-05,-5.07E-05,-1.84E-09,0,7.50E-18
2.18E-05,-0.000100406,-0.000100406,-5.91E-05,-5.91E-05,-5.27E-05,-5.27E-05,-3.61E-08,0,7.50E-18
2.27E-05,-0.000105315,-0.000105315,-6.10E-05,-6.10E-05,-5.49E-05,-5.49E-05,-8.31E-08,-2.38E-07,7.52E-18
2.38E-05,-0.000110956,-0.000110956,-6.31E-05,-6.31E-05,-5.73E-05,-5.73E-05,-1.47E-07,-7.15E-07,7.63E-18
2.48E-05,-0.00011536,-0.00011536,-6.44E-05,-6.44E-05,-5.89E-05,-5.89E-05,-2.08E-07,-7.15E-07,7.78E-18
2.57E-05,-0.000118503,-0.000118503,-6.52E-05,-6.52E-05,-5.99E-05,-5.99E-05,-2.59E-07,-7.15E-07,7.96E-18
2.69E-05,-0.000121969,-0.000121969,-6.59E-05,-6.59E-05,-6.08E-05,-6.08E-05,-3.27E-07,-1.19E-06,8.43E-18
2.81E-05,-0.000125029,-0.000125029,-6.63E-05,-6.63E-05,-6.14E-05,-6.14E-05,-4.00E-07,-1.19E-06,9.31E-18
3.06E-05,-0.000129418,-0.000129418,-6.63E-05,-6.63E-05,-6.19E-05,-6.19E-05,-5.46E-07,-1.67E-06,1.21E-17
3.42E-05,-0.000132886,-0.000132886,-6.53E-05,-6.53E-05,-6.12E-05,-6.12E-05,-7.56E-07,-2.38E-06,1.84E-17
3.76E-05,-0.000133977,-0.000133977,-6.35E-05,-6.35E-05,-5.98E-05,-5.98E-05,-9.47E-07,-3.10E-06,3.13E-17
4.30E-05,-0.000133397,-0.000133397,-6.01E-05,-6.01E-05,-5.68E-05,-5.68E-05,-1.24E-06,-4.05E-06,5.31E-17
4.63E-05,-0.00013206,-0.00013206,-5.74E-05,-5.74E-05,-5.45E-05,-5.45E-05,-1.40E-06,-4.77E-06,7.35E-17
4.91E-05,-0.000130586,-0.000130586,-5.48E-05,-5.48E-05,-5.24E-05,-5.24E-05,-1.54E-06,-5.01E-06,9.49E-17
5.18E-05,-0.000128789,-0.000128789,-5.16E-05,-5.16E-05,-5.01E-05,-5.01E-05,-1.67E-06,-5.48E-06,1.15E-16
5.34E-05,-0.000127647,-0.000127647,-4.94E-05,-4.94E-05,-4.85E-05,-4.85E-05,-1.74E-06,-5.72E-06,1.27E-16
5.43E-05,-0.000126942,-0.000126942,-4.81E-05,-4.81E-05,-4.76E-05,-4.76E-05,-1.78E-06,-5.96E-06,1.34E-16
5.48E-05,-0.000204928,-0.000204928,-0.000432457,-0.000432457,-0.000111271,-0.000111271,-1.47E-06,-4.77E-06,1.37E-16
5.51E-05,-0.000279271,-0.000279271,-0.000754183,-0.000754183,-0.00015712,-0.00015712,-8.86E-07,-2.86E-06,1.37E-16
5.53E-05,-0.000272171,-0.000272171,-0.000652634,-0.000652634,-0.000105917,-0.000105917,-4.83E-07,-1.67E-06,1.38E-16
5.55E-05,-0.000317294,-0.000317294,-0.000789108,-0.000789108,-8.73E-05,-8.73E-05,5.19E-08,2.38E-07,1.38E-16
5.58E-05,-0.000346913,-0.000346913,-0.000850788,-0.000850788,-5.31E-05,-5.31E-05,7.90E-07,2.62E-06,1.38E-16
5.61E-05,-0.000361642,-0.000361642,-0.000912796,-0.000912796,-4.99E-05,-4.99E-05,1.75E-06,5.72E-06,1.41E-16
5.64E-05,-0.000367252,-0.000367252,-0.000940241,-0.000940241,-4.21E-05,-4.21E-05,2.80E-06,9.30E-06,1.47E-16
5.66E-05,-0.000428207,-0.000428207,-0.001136499,-0.001136499,-0.00072681,-0.000726813,3.66E-06,1.19E-05,1.55E-16
5.67E-05,-0.000418379,-0.000418379,-0.002203467,-0.002203467,-0.002113326,-0.002113348,5.71E-06,1.88E-05,1.68E-16
5.68E-05,-0.000228944,-0.000228944,-0.003534732,-0.003534732,-0.003379277,-0.003379282,7.68E-06,2.55E-05,1.81E-16
5.69E-05,-0.000296001,-0.000296001,-0.005233067,-0.005233067,-0.005095043,-0.005095064,1.03E-05,3.41E-05,2.03E-16
5.69E-05,-0.000169271,-0.000169271,-0.007484641,-0.007484641,-0.007342038,-0.007342035,1.41E-05,4.63E-05,2.46E-16
5.70E-05,-0.000258778,-0.000258778,-0.010533126,-0.010533126,-0.010395293,-0.010395319,1.96E-05,6.46E-05,3.58E-16
5.71E-05,-0.000136506,-0.000136506,-0.016867246,-0.016867246,-0.016728655,-0.016728641,3.24E-05,0.000106812,7.82E-16
5.72E-05,-0.000228255,-0.000228255,-0.027262866,-0.027262866,-0.0271255,-0.02712553,5.68E-05,0.000187159,2.62E-15
5.74E-05,-0.000109586,-0.000109586,-0.049060892,-0.049060892,-0.04891829,-0.04891826,0.000118127,0.000389814,1.22E-14
5.76E-05,-0.000207386,-0.000207386,-0.07789437,-0.07789437,-0.07774652,-0.07774654,0.000215747,0.000711918,4.91E-14
5.79E-05,-9.47E-05,-9.47E-05,-0.12596361,-0.12596361,-0.12580112,-0.12580104,0.000411234,0.001357079,2.18E-13
5.83E-05,-0.000195122,-0.000195122,-0.20224662,-0.20224662,-0.20206156,-0.20206153,0.00078963,0.002605915,9.53E-13
5.86E-05,-8.54E-05,-8.54E-05,-0.31105047,-0.31105047,-0.31082425,-0.31082404,0.001444594,0.00476718,3.55E-12
5.90E-05,-0.00018855,-0.00018855,-0.44046757,-0.44046757,-0.44018847,-0.44018826,0.002371815,0.007827044,9.29E-12
5.93E-05,-8.16E-05,-8.16E-05,-0.5366232,-0.5366232,-0.53629863,-0.53629816,0.003150457,0.010396481,1.64E-11
5.94E-05,-0.000186291,-0.000186291,-0.61747706,-0.61747706,-0.6171155,-0.617115,0.003861797,0.012743712,2.60E-11
5.96E-05,-7.99E-05,-7.99E-05,-0.70833206,-0.70833206,-0.70792574,-0.707925,0.004718611,0.015571356,4.00E-11
5.98E-05,-0.000184746,-0.000184746,-0.79553807,-0.79553807,-0.795093,-0.79509234,0.005597968,0.018473148,5.91E-11
6.00E-05,-7.87E-05,-7.87E-05,-0.8894311,-0.8894311,-0.88894576,-0.88894475,0.00660399,0.021793127,8.60E-11
6.02E-05,-0.000183442,-0.000183442,-0.98764825,-0.98764825,-0.98713183,-0.98713094,0.007723948,0.025489092,1.24E-10
6.04E-05,-7.76E-05,-7.76E-05,-1.0931427,-1.0931427,-1.0926056,-1.0926044,0.009002996,0.029709816,1.77E-10
6.06E-05,-0.000182116,-0.000182116,-1.2082169,-1.2082169,-1.2076856,-1.2076846,0.010495067,0.034633636,2.56E-10
6.08E-05,-7.63E-05,-7.63E-05,-1.3401047,-1.3401047,-1.3396167,-1.3396155,0.012336103,0.04070902,3.85E-10
6.11E-05,-0.000180366,-0.000180366,-1.5069057,-1.5069057,-1.5065236,-1.506523,0.01488409,0.049117327,6.62E-10
6.16E-05,-7.40E-05,-7.40E-05,-1.7883253,-1.7883253,-1.78814,-1.7881398,0.019752555,0.06518364,1.28E-09
6.21E-05,-0.000177797,-0.000177797,-2.0863845,-2.0863845,-2.0863328,-2.0863333,0.025683928,0.08475685,2.42E-09
6.26E-05,-7.16E-05,-7.16E-05,-2.4216504,-2.4216504,-2.4216697,-2.4216702,0.033329226,0.109986305,4.53E-09
6.32E-05,-0.000175256,-0.000175256,-2.7902997,-2.7902997,-2.790343,-2.790344,0.04304616,0.14205241,7.71E-09
6.37E-05,-6.94E-05,-6.94E-05,-3.0489788,-3.0489788,-3.049031,-3.0490317,0.050790265,0.16760778,1.12E-08
6.41E-05,-0.000173438,-0.000173438,-3.2752585,-3.2752585,-3.2753115,-3.2753124,0.058280833,0.19232655,1.63E-08
6.46E-05,-6.74E-05,-6.74E-05,-3.5705948,-3.5705948,-3.5706522,-3.5706527,0.069189034,0.22832394,2.44E-08
6.51E-05,-0.000171195,-0.000171195,-3.8403487,-3.8403487,-3.8404045,-3.8404055,0.0804451,0.26546884,3.60E-08
6.57E-05,-6.51E-05,-6.51E-05,-4.1445518,-4.1445518,-4.1446104,-4.144611,0.09486472,0.3130536,5.55E-08
6.64E-05,-0.000168391,-0.000168391,-4.483939,-4.483939,-4.4839954,-4.4839964,0.11355271,0.3747239,9.08E-08
6.73E-05,-6.17E-05,-6.17E-05,-4.8871565,-4.8871565,-4.8872147,-4.887215,0.14023033,0.46275997,1.64E-07
6.86E-05,-0.000163859,-0.000163859,-5.362591,-5.362591,-5.362645,-5.3626456,0.18020785,0.5946858,3.32E-07
7.05E-05,-5.56E-05,-5.56E-05,-5.896527,-5.896527,-5.896581,-5.8965816,0.24211924,0.7989936,5.81E-07
7.12E-05,-0.00015893,-0.00015893,-6.068596,-6.068596,-6.068647,-6.068648,0.26841354,0.8857646,7.21E-07
7.16E-05,-5.33E-05,-5.33E-05,-6.15936,-6.15936,-6.159412,-6.1594124,0.2842121,0.93790007,8.13E-07
7.19E-05,-0.000157409,-0.000157409,-6.20797,-6.20797,-6.2080183,-6.208019,0.2937068,0.9692323,8.68E-07
7.20E-05,-0.000144377,-0.000144377,-6.229919,-6.229919,-6.2299666,-6.229967,0.29849893,0.9850466,8.99E-07
7.21E-05,-0.000444134,-0.000444134,-6.241927,-6.241927,-6.2419715,-6.241972,0.3014063,0.9946406,9.22E-07
7.22E-05,-0.00040007,-0.00040007,-6.252374,-6.252374,-6.252418,-6.2524185,0.30419928,1.0038574,9.47E-07
7.23E-05,-0.000515397,-0.000515397,-6.2626314,-6.2626314,-6.262671,-6.262672,0.30736765,1.0143135,9.81E-07
7.24E-05,-0.000426798,-0.000426798,-6.2750773,-6.2750773,-6.2751145,-6.275115,0.31226945,1.0304894,1.02E-06
7.25E-05,-0.000535752,-0.000535752,-6.2824745,-6.2824745,-6.282506,-6.282507,0.31680202,1.0454466,1.08E-06
7.27E-05,-0.000444435,-0.000444435,-6.2861776,-6.2861776,-6.2862034,-6.2862034,0.32467106,1.0714142,1.16E-06
7.30E-05,-0.000554985,-0.000554985,-6.274927,-6.274927,-6.2749434,-6.2749443,0.33544633,1.1069729,1.33E-06
7.36E-05,-0.000466607,-0.000466607,-6.218957,-6.218957,-6.218965,-6.218965,0.3568298,1.1775382,1.52E-06
7.39E-05,-0.00057447,-0.00057447,-6.178371,-6.178371,-6.178376,-6.178377,0.36863533,1.2164965,1.62E-06
7.41E-05,-0.001321239,-0.001321239,-6.1614017,-6.1614017,-6.161407,-6.161407,0.37339252,1.2321951,1.68E-06
7.42E-05,-0.004010247,-0.004010247,-6.1452045,-6.1452045,-6.145209,-6.1452103,0.3779534,1.2472465,1.72E-06
7.42E-05,-0.005159541,-0.005159541,-6.1389093,-6.1389093,-6.138914,-6.138914,0.37974903,1.2531717,1.74E-06
7.43E-05,-0.00676188,-0.00676188,-6.132681,-6.132681,-6.1326847,-6.132686,0.38150704,1.2589731,1.76E-06
7.43E-05,-0.007956736,-0.007956736,-6.127872,-6.127872,-6.1278763,-6.1278763,0.38288403,1.2635174,1.78E-06
7.44E-05,-0.009240374,-0.009240374,-6.123727,-6.123727,-6.1237307,-6.1237316,0.38405237,1.2673728,1.80E-06
7.44E-05,-0.0101399,-0.0101399,-6.120531,-6.120531,-6.1205354,-6.1205354,0.38497165,1.2704065,1.81E-06
7.44E-05,-0.010995971,-0.010995971,-6.1181254,-6.1181254,-6.1181293,-6.11813,0.38564637,1.2726331,1.81E-06
7.44E-05,-0.011356196,-0.011356196,-6.1167874,-6.1167874,-6.1167912,-6.1167912,0.3860372,1.2739229,1.82E-06
7.44E-05,-0.011660543,-0.011660543,-6.1161222,-6.1161222,-6.1161256,-6.116127,0.38621703,1.2745159,1.82E-06
7.44E-05,-0.011661828,-0.011661828,-6.115888,-6.115888,-6.115892,-6.115892,0.38629308,1.2747674,1.82E-06
7.44E-05,-0.011803847,-0.011803847,-6.115682,-6.115682,-6.115686,-6.115687,0.38634253,1.2749305,1.82E-06
7.44E-05,-0.011795634,-0.011795634,-6.11551,-6.11551,-6.115514,-6.115514,0.38640052,1.2751219,1.82E-06
7.44E-05,-0.011933035,-0.011933035,-6.115291,-6.115291,-6.1152945,-6.1152954,0.3864543,1.2752991,1.82E-06
7.44E-05,-0.011992493,-0.011992493,-6.114942,-6.114942,-6.114946,-6.114946,0.38656208,1.2756548,1.83E-06
7.44E-05,-0.012322084,-0.012322084,-6.114157,-6.114157,-6.1141605,-6.1141615,0.3867774,1.2763658,1.83E-06
7.44E-05,-0.012784243,-0.012784243,-6.112674,-6.112674,-6.112678,-6.112678,0.3872081,1.2777865,1.84E-06
7.45E-05,-0.013945365,-0.013945365,-6.109626,-6.109626,-6.109629,-6.10963,0.388069,1.2806277,1.86E-06
7.45E-05,-0.016196571,-0.016196571,-6.103625,-6.103625,-6.1036286,-6.1036286,0.3897894,1.2863047,1.89E-06
7.46E-05,-0.021424508,-0.021424508,-6.091589,-6.091589,-6.091592,-6.091593,0.39322412,1.2976396,1.97E-06
7.48E-05,-0.033737097,-0.033737097,-6.067846,-6.067846,-6.0678487,-6.0678487,0.40006995,1.320231,2.11E-06
7.52E-05,-0.06467025,-0.06467025,-6.023776,-6.023776,-6.0237775,-6.0237784,0.41300324,1.3629105,2.31E-06
7.55E-05,-0.1019305,-0.1019305,-5.984158,-5.984158,-5.9841595,-5.9841595,0.425055,1.4026814,2.51E-06
7.58E-05,-0.14283672,-0.14283672,-5.949489,-5.949489,-5.9494896,-5.9494905,0.43600956,1.4388316,2.72E-06
7.62E-05,-0.1980717,-0.1980717,-5.911145,-5.911145,-5.9111457,-5.9111457,0.448722,1.4807825,2.96E-06
7.65E-05,-0.25518057,-0.25518057,-5.87817,-5.87817,-5.8781695,-5.8781705,0.4602281,1.5187523,3.20E-06
7.69E-05,-0.322533,-0.322533,-5.8451233,-5.8451233,-5.845124,-5.8451233,0.47243893,1.5590484,3.46E-06
7.72E-05,-0.3903245,-0.3903245,-5.8164783,-5.8164783,-5.8164773,-5.8164783,0.48363936,1.59601,3.73E-06
7.76E-05,-0.4748897,-0.4748897,-5.7855306,-5.7855306,-5.7855306,-5.78553,0.49655125,1.638619,4.07E-06
7.81E-05,-0.57952005,-0.57952005,-5.752726,-5.752726,-5.7527246,-5.7527256,0.5112888,1.687253,4.49E-06
7.86E-05,-0.71905375,-0.71905375,-5.7159724,-5.7159724,-5.715972,-5.7159715,0.529463,1.7472277,5.05E-06
7.92E-05,-0.8960159,-0.8960159,-5.6776724,-5.6776724,-5.6776705,-5.677672,0.55076593,1.8175273,5.79E-06
8.01E-05,-1.1403923,-1.1403923,-5.6356854,-5.6356854,-5.635684,-5.6356835,0.5780634,1.9076095,6.85E-06
8.12E-05,-1.4766006,-1.4766006,-5.5921326,-5.5921326,-5.5921307,-5.5921316,0.6130218,2.0229719,8.51E-06
8.28E-05,-1.9917747,-1.9917747,-5.5465946,-5.5465946,-5.546593,-5.5465927,0.6633411,2.1890254,1.14E-05
8.52E-05,-2.807073,-2.807073,-5.507483,-5.507483,-5.50748,-5.507481,0.7397088,2.4410388,1.77E-05
8.97E-05,-4.2640247,-4.2640247,-5.50347,-5.50347,-5.503468,-5.503467,0.8789149,2.9004192,2.65E-05
9.21E-05,-4.9589505,-4.9589505,-5.542511,-5.542511,-5.5425076,-5.5425086,0.95233554,3.1427073,3.32E-05
9.42E-05,-5.4983053,-5.4983053,-5.6411815,-5.6411815,-5.641179,-5.6411786,1.0171345,3.3565438,3.88E-05
9.54E-05,-5.7525296,-5.7525296,-5.779911,-5.779911,-5.7799077,-5.7799087,1.0543675,3.4794128,4.30E-05
9.65E-05,-5.9594126,-5.9594126,-5.961774,-5.961774,-5.9617715,-5.9617705,1.0907302,3.5994096,4.56E-05
9.67E-05,-5.996142,-5.996142,-5.99821,-5.99821,-5.9982066,-5.998207,1.0978378,3.6228647,4.67E-05
9.70E-05,-6.04723,-6.04723,-6.0477047,-6.0477047,-6.0477023,-6.047701,1.1079112,3.6561067,4.79E-05
9.73E-05,-6.095389,-6.095389,-6.096168,-6.096168,-6.096164,-6.096165,1.1178274,3.6888304,4.93E-05
9.77E-05,-6.157094,-6.157094,-6.156872,-6.156872,-6.1568694,-6.1568685,1.130882,3.7319105,5.11E-05
9.81E-05,-6.227411,-6.227411,-6.2277994,-6.2277994,-6.2277956,-6.227796,1.146567,3.7836711,5.32E-05
9.87E-05,-6.3064027,-6.3064027,-6.3060126,-6.3060126,-6.3060102,-6.3060093,1.1649892,3.8444648,5.63E-05
9.95E-05,-6.42426,-6.42426,-6.424587,-6.424587,-6.424583,-6.4245834,1.1946745,3.942426,5.94E-05
0.0001,-6.487223,-6.487223,-6.486816,-6.486816,-6.4868135,-6.486812,1.2115431,3.9980922,6.06E-05
0.0001,-6.487212,-6.487212,-6.48682,-6.48682,-6.4868193,-6.4868174,1.2115431,3.9980924,6.06E-05
0.0001,-6.487137,-6.487137,-6.4869013,-6.4869013,-6.4868984,-6.4868927,1.2115438,3.998094,6.06E-05
0.0001,-6.4871845,-6.4871845,-6.4869347,-6.4869347,-6.486928,-6.48693,1.2115449,3.9980984,6.06E-05
0.0001,-6.4871554,-6.4871554,-6.486984,-6.486984,-6.4869814,-6.486978,1.2115473,3.9981058,6.06E-05
0.0001,-6.487174,-6.487174,-6.48705,-6.48705,-6.4870443,-6.4870467,1.2115518,3.998121,6.06E-05
0.0001,-6.4871426,-6.4871426,-6.4871073,-6.4871073,-6.4871063,-6.4871035,1.211561,3.9981513,6.06E-05
0.000100001,-6.487214,-6.487214,-6.4871664,-6.4871664,-6.487161,-6.4871635,1.2115792,3.9982116,6.06E-05
0.000100002,-6.4873314,-6.4873314,-6.4872956,-6.4872956,-6.487294,-6.4872913,1.2116158,3.9983323,6.06E-05
0.000100004,-6.4876127,-6.4876127,-6.4875636,-6.4875636,-6.487559,-6.487561,1.211689,3.9985735,6.06E-05
0.000100008,-6.488124,-6.488124,-6.48809,-6.48809,-6.4880886,-6.488086,1.2118353,3.9990563,6.06E-05
0.000100016,-6.4892044,-6.4892044,-6.4891553,-6.4891553,-6.4891505,-6.4891524,1.2121278,4.000022,6.07E-05
0.000100033,-6.4913044,-6.4913044,-6.491271,-6.491271,-6.4912696,-6.491267,1.2127132,4.001953,6.08E-05
0.000100066,-6.4955506,-6.4955506,-6.495501,-6.495501,-6.4954963,-6.495498,1.2138845,4.0058184,6.10E-05
0.000100131,-6.5039463,-6.5039463,-6.5039124,-6.5039124,-6.503911,-6.5039086,1.2162292,4.013556,6.15E-05
0.000100262,-6.5206585,-6.5206585,-6.520609,-6.520609,-6.5206037,-6.520606,1.220927,4.0290594,6.25E-05
0.000100524,-6.553478,-6.553478,-6.553444,-6.553444,-6.5534425,-6.55344,1.230356,4.060175,6.45E-05
0.000101049,-6.617041,-6.617041,-6.616991,-6.616991,-6.616986,-6.616988,1.2493434,4.1228333,6.85E-05
0.000102097,-6.735952,-6.735952,-6.7359176,-6.7359176,-6.7359157,-6.7359133,1.2878014,4.249745,7.71E-05
0.000104194,-6.9440727,-6.9440727,-6.944022,-6.944022,-6.944017,-6.9440193,1.3664051,4.509137,8.83E-05
0.000105726,-7.0730615,-7.0730615,-7.073027,-7.073027,-7.0730257,-7.073023,1.4250517,4.7026706,9.75E-05
0.00010695,-7.1639066,-7.1639066,-7.1638565,-7.1638565,-7.1638513,-7.1638536,1.4725087,4.8592787,0.000104264
0.000107608,-7.2086086,-7.2086086,-7.208575,-7.208575,-7.208573,-7.2085705,1.4982239,4.9441385,0.000108147
0.000107998,-7.2338758,-7.2338758,-7.233826,-7.233826,-7.2338204,-7.233823,1.5135438,4.9946947,0.000110669
0.000108275,-7.251144,-7.251144,-7.2511106,-7.2511106,-7.2511086,-7.2511063,1.5244184,5.0305805,0.000112667
0.000108519,-7.2660027,-7.2660027,-7.2659535,-7.2659535,-7.265948,-7.26595,1.5340465,5.0623536,0.000114596
0.000108772,-7.2807875,-7.2807875,-7.2807546,-7.2807546,-7.2807527,-7.2807503,1.5440022,5.095207,0.000116526
0.00010901,-7.2941337,-7.2941337,-7.2940855,-7.2940855,-7.29408,-7.294082,1.553408,5.1262465,0.000118441
0.000109253,-7.306735,-7.306735,-7.3067036,-7.3067036,-7.3067017,-7.3066993,1.5630097,5.1579323,0.00012041
0.000109498,-7.317905,-7.317905,-7.317858,-7.317858,-7.3178525,-7.317855,1.5727341,5.1900225,0.000122463
0.000109756,-7.3267145,-7.3267145,-7.326687,-7.326687,-7.326685,-7.326682,1.5829289,5.223665,0.000124698
0.000110039,-7.331438,-7.331438,-7.3313975,-7.3313975,-7.331392,-7.331394,1.594138,5.2606554,0.00012734
0.000110386,-7.3284664,-7.3284664,-7.328447,-7.328447,-7.328445,-7.3284426,1.6078709,5.305974,0.000131142
0.00011093,-7.306965,-7.306965,-7.306936,-7.306936,-7.30693,-7.306933,1.6293083,5.3767176,0.000135612
0.000111407,-7.277581,-7.277581,-7.277571,-7.277571,-7.2775693,-7.277567,1.647979,5.4383307,0.00014031
0.000111978,-7.236419,-7.236419,-7.2363963,-7.2363963,-7.2363906,-7.2363935,1.6702219,5.511732,0.000145704
0.000112579,-7.190893,-7.190893,-7.190888,-7.190888,-7.1908855,-7.1908836,1.6933697,5.5881205,0.00015239
0.000113391,-7.1297646,-7.1297646,-7.1297455,-7.1297455,-7.1297398,-7.1297426,1.7243866,5.6904755,0.000161311
0.000114397,-7.0585475,-7.0585475,-7.058545,-7.058545,-7.058543,-7.058541,1.7622515,5.81543,0.000171395
0.000115359,-6.996583,-6.996583,-6.996567,-6.996567,-6.996561,-6.9965634,1.7979983,5.933395,0.000183425
0.000116652,-6.9233384,-6.9233384,-6.923339,-6.923339,-6.9233365,-6.923334,1.8453425,6.08963,0.000199461
0.000118213,-6.849496,-6.849496,-6.849482,-6.849482,-6.8494763,-6.8494787,1.9015708,6.275183,0.000219238
0.000119967,-6.7774334,-6.7774334,-6.777434,-6.777434,-6.7774334,-6.777431,1.963648,6.4800386,0.000239605
0.000121415,-6.699615,-6.699615,-6.6995893,-6.6995893,-6.6995945,-6.6995974,2.013984,6.646147,0.000258937
0.000122855,-6.611534,-6.611534,-6.611523,-6.611523,-6.6115336,-6.6115313,2.0631354,6.8083467,0.000278344
0.000124178,-6.527615,-6.527615,-6.5275803,-6.5275803,-6.527595,-6.527598,2.1073637,6.9543004,0.000298788
0.000125646,-6.4364786,-6.4364786,-6.43646,-6.43646,-6.436479,-6.4364767,2.155472,7.113058,0.000319744
0.000126911,-6.34011,-6.34011,-6.340066,-6.340066,-6.3400817,-6.340084,2.1960688,7.2470264,0.000340732
0.000128283,-6.203399,-6.203399,-6.2033696,-6.2033696,-6.2033825,-6.20338,2.2388897,7.388336,0.000360861
0.000129345,-6.0843472,-6.0843472,-6.0842943,-6.0842943,-6.0843053,-6.0843077,2.2710977,7.494622,0.000380449
0.000130585,-5.9393535,-5.9393535,-5.9393167,-5.9393167,-5.939326,-5.9393234,2.307563,7.614958,0.000408906
0.000132584,-5.7057505,-5.7057505,-5.705689,-5.705689,-5.705695,-5.705698,2.3638039,7.800553,0.000446697
0.000134684,-5.475851,-5.475851,-5.4758058,-5.4758058,-5.4758096,-5.4758077,2.4195766,7.984603,0.000491343
0.000137206,-5.2320056,-5.2320056,-5.2319365,-5.2319365,-5.2319384,-5.231941,2.4825127,8.192291,0.000548651
0.00014032,-4.9849954,-4.9849954,-4.9849424,-4.9849424,-4.9849424,-4.98494,2.5549748,8.431417,0.000620903
0.000143914,-4.768569,-4.768569,-4.768493,-4.768493,-4.7684913,-4.7684937,2.6328,8.68824,0.000702975
0.000147495,-4.6140933,-4.6140933,-4.614035,-4.614035,-4.6140323,-4.61403,2.7055457,8.9283,0.000793867
0.000151439,-4.497301,-4.497301,-4.4972215,-4.4972215,-4.4972177,-4.49722,2.7815528,9.179124,0.000863949
0.000152985,-4.360471,-4.360471,-4.36042,-4.36042,-4.360416,-4.360414,2.8098562,9.272526,0.0009049
0.000154583,-4.0415006,-4.0415006,-4.0414405,-4.0414405,-4.041436,-4.0414386,2.8366642,9.360992,0.00093709
0.00015541,-3.848331,-3.848331,-3.8482919,-3.8482919,-3.8482876,-3.8482852,2.8491871,9.402318,0.000961146
0.000156379,-3.616985,-3.616985,-3.616932,-3.616932,-3.6169271,-3.6169298,2.86258,9.446514,0.000990615
0.000157589,-3.3351393,-3.3351393,-3.335107,-3.335107,-3.3351023,-3.3351002,2.8773766,9.495343,0.001024563
0.000158864,-3.0591514,-3.0591514,-3.059105,-3.059105,-3.0591,-3.0591025,2.8907638,9.539521,0.001064904
0.000160515,-2.7434368,-2.7434368,-2.743411,-2.743411,-2.743406,-2.743404,2.9051003,9.586831,0.001114414
0.000162419,-2.442379,-2.442379,-2.442339,-2.442339,-2.4423335,-2.442336,2.9180367,9.629521,0.001176167
0.00016491,-2.142153,-2.142153,-2.1421337,-2.1421337,-2.1421285,-2.142126,2.9303837,9.670266,0.001247905
0.000167482,-1.9251658,-1.9251658,-1.9251318,-1.9251318,-1.9251261,-1.9251286,2.939076,9.698951,0.001330786
0.000170725,-1.7476336,-1.7476336,-1.7476201,-1.7476201,-1.7476145,-1.7476121,2.9461412,9.722265,0.001421501
0.000173816,-1.6465502,-1.6465502,-1.6465213,-1.6465213,-1.6465154,-1.6465179,2.9502556,9.735843,0.001515631
0.00017728,-1.5800302,-1.5800302,-1.5800211,-1.5800211,-1.5800154,-1.5800129,2.9530985,9.745225,0.001620497
0.000181104,-1.5395242,-1.5395242,-1.5394998,-1.5394998,-1.5394937,-1.5394961,2.9549923,9.751474,0.001729372
0.000184836,-1.5179622,-1.5179622,-1.5179571,-1.5179571,-1.5179511,-1.5179487,2.9561327,9.755238,0.001863313
0.000190393,-1.5012858,-1.5012858,-1.5012652,-1.5012652,-1.501259,-1.5012615,2.9571774,9.758685,0.002020459
0.000195727,-1.4936409,-1.4936409,-1.4936397,-1.4936397,-1.4936337,-1.4936312,2.9577785,9.760669,0.002205991
0.000203246,-1.488068,-1.488068,-1.4880509,-1.4880509,-1.4880447,-1.4880472,2.9583144,9.762438,0.002438479
0.000211827,-1.4848131,-1.4848131,-1.4848152,-1.4848152,-1.4848093,-1.4848068,2.9586864,9.763665,0.0027034
0.000221588,-1.482837,-1.482837,-1.4828227,-1.4828227,-1.4828165,-1.482819,2.9589462,9.764522,0.00298887
0.000231588,-1.4816682,-1.4816682,-1.4816724,-1.4816724,-1.4816666,-1.4816641,2.9591107,9.765065,0.00327783
0.000241588,-1.4810063,-1.4810063,-1.4809934,-1.4809934,-1.4809872,-1.4809897,2.9592159,9.765412,0.003566809
0.000251588,-1.4805602,-1.4805602,-1.4805653,-1.4805653,-1.4805593,-1.480557,2.9592845,9.765639,0.003855802
0.000261588,-1.4803056,-1.4803056,-1.4802933,-1.4802933,-1.4802872,-1.4802896,2.9593306,9.765791,0.004144804
0.000271588,-1.4801039,-1.4801039,-1.4801095,-1.4801095,-1.4801036,-1.4801011,2.9593616,9.765893,0.004433812
0.000281588,-1.4800028,-1.4800028,-1.4799908,-1.4799908,-1.4799848,-1.4799871,2.9593825,9.765964,0.004722825
0.000291588,-1.4799005,-1.4799005,-1.4799063,-1.4799063,-1.4799004,-1.479898,2.959397,9.76601,0.00501184
0.000301588,-1.4798648,-1.4798648,-1.4798532,-1.4798532,-1.479847,-1.4798495,2.9594069,9.766043,0.005300857
0.000311588,-1.4798064,-1.4798064,-1.4798123,-1.4798123,-1.4798064,-1.4798039,2.9594138,9.766065,0.005589875
0.000321588,-1.4798005,-1.4798005,-1.4797888,-1.4797888,-1.4797826,-1.4797851,2.9594183,9.766081,0.005878894
0.000331588,-1.4797622,-1.4797622,-1.4797682,-1.4797682,-1.4797623,-1.4797598,2.9594216,9.766091,0.006167914
0.000341588,-1.4797701,-1.4797701,-1.4797584,-1.4797584,-1.4797522,-1.4797547,2.9594238,9.766099,0.006456934
0.000351588,-1.4797413,-1.4797413,-1.4797473,-1.4797473,-1.4797415,-1.479739,2.9594252,9.766104,0.006745955
0.000361588,-1.4797556,-1.4797556,-1.479744,-1.479744,-1.4797378,-1.4797403,2.9594264,9.766108,0.007034975
0.000371588,-1.4797314,-1.4797314,-1.4797374,-1.4797374,-1.4797314,-1.479729,2.959427,9.766109,0.007323996
0.000381588,-1.4797487,-1.4797487,-1.4797372,-1.4797372,-1.479731,-1.4797333,2.9594276,9.76611,0.007613017
0.000391588,-1.4797267,-1.4797267,-1.4797326,-1.4797326,-1.4797268,-1.4797243,2.9594278,9.766112,0.007902038
0.000401588,-1.4797455,-1.4797455,-1.4797338,-1.4797338,-1.4797277,-1.4797301,2.959428,9.766112,0.008191059
0.000411588,-1.4797244,-1.4797244,-1.4797305,-1.4797305,-1.4797245,-1.4797221,2.9594283,9.766113,0.00848008
0.000421588,-1.479744,-1.479744,-1.4797323,-1.4797323,-1.4797261,-1.4797286,2.9594283,9.766113,0.008769102
0.000431588,-1.4797233,-1.4797233,-1.4797294,-1.4797294,-1.4797235,-1.4797211,2.9594285,9.766114,0.009058123
0.000441588,-1.4797431,-1.4797431,-1.4797316,-1.4797316,-1.4797254,-1.4797279,2.9594285,9.766114,0.009347144
0.000451588,-1.4797229,-1.4797229,-1.4797289,-1.4797289,-1.479723,-1.4797206,2.9594285,9.766114,0.009636165
0.000461588,-1.4797428,-1.4797428,-1.4797312,-1.4797312,-1.479725,-1.4797275,2.9594285,9.766115,0.009925186
0.000471588,-1.4797226,-1.4797226,-1.4797287,-1.4797287,-1.4797227,-1.4797204,2.9594285,9.766114,0.010214207
0.000481588,-1.4797426,-1.4797426,-1.479731,-1.479731,-1.4797249,-1.4797273,2.9594285,9.766115,0.010503229
0.000491588,-1.4797225,-1.4797225,-1.4797286,-1.4797286,-1.4797226,-1.4797202,2.9594285,9.766114,0.01079225
0.000501588,-1.4797425,-1.4797425,-1.479731,-1.479731,-1.4797248,-1.4797271,2.9594288,9.766115,0.011081271
0.000511588,-1.4797225,-1.4797225,-1.4797285,-1.4797285,-1.4797226,-1.4797201,2.9594288,9.766114,0.011370292
0.000521588,-1.4797425,-1.4797425,-1.4797308,-1.4797308,-1.4797248,-1.4797271,2.9594288,9.766115,0.011659313
0.000531588,-1.4797225,-1.4797225,-1.4797285,-1.4797285,-1.4797226,-1.4797201,2.9594288,9.766115,0.011948335
0.000541588,-1.4797424,-1.4797424,-1.4797308,-1.4797308,-1.4797246,-1.4797271,2.9594288,9.766115,0.012237356
0.000551588,-1.4797225,-1.4797225,-1.4797285,-1.4797285,-1.4797226,-1.4797201,2.9594288,9.766115,0.012526377
0.000561588,-1.4797424,-1.4797424,-1.4797308,-1.4797308,-1.4797246,-1.4797271,2.9594288,9.766115,0.012815398
0.000571588,-1.4797225,-1.4797225,-1.4797285,-1.4797285,-1.4797226,-1.4797201,2.9594288,9.766115,0.01310442
0.000581588,-1.4797424,-1.4797424,-1.4797308,-1.4797308,-1.4797246,-1.4797271,2.9594288,9.766115,0.013393441
0.000591588,-1.4797225,-1.4797225,-1.4797285,-1.4797285,-1.4797226,-1.4797201,2.9594288,9.766115,0.013682462
0.000601588,-1.4797424,-1.4797424,-1.4797308,-1.4797308,-1.4797246,-1.479727,2.9594288,9.766115,0.013971483
0.000611588,-1.4797225,-1.4797225,-1.4797285,-1.4797285,-1.4797226,-1.4797201,2.9594288,9.766115,0.014260505
0.000621588,-1.4797424,-1.4797424,-1.4797308,-1.4797308,-1.4797246,-1.479727,2.9594288,9.766115,0.014549526
0.000631588,-1.4797225,-1.4797225,-1.4797285,-1.4797285,-1.4797226,-1.4797201,2.9594288,9.766115,0.014838547
0.000641588,-1.4797424,-1.4797424,-1.4797308,-1.4797308,-1.4797246,-1.479727,2.9594288,9.766115,0.015127568
0.000651588,-1.4797225,-1.4797225,-1.4797285,-1.4797285,-1.4797226,-1.4797202,2.9594288,9.766115,0.015416589
0.000661588,-1.4797424,-1.4797424,-1.4797308,-1.4797308,-1.4797246,-1.479727,2.9594288,9.766115,0.015705611
0.000671588,-1.4797225,-1.4797225,-1.4797286,-1.4797286,-1.4797226,-1.4797202,2.9594288,9.766115,0.015994632
0.000681588,-1.4797424,-1.4797424,-1.4797307,-1.4797307,-1.4797246,-1.479727,2.9594288,9.766115,0.016283653
0.000691588,-1.4797225,-1.4797225,-1.4797286,-1.4797286,-1.4797226,-1.4797202,2.9594288,9.766115,0.016572674
0.000701588,-1.4797424,-1.4797424,-1.4797307,-1.4797307,-1.4797246,-1.479727,2.9594288,9.766115,0.016861696
0.000711588,-1.4797225,-1.4797225,-1.4797286,-1.4797286,-1.4797226,-1.4797202,2.9594288,9.766115,0.017150717
0.000721588,-1.4797424,-1.4797424,-1.4797307,-1.4797307,-1.4797245,-1.479727,2.9594288,9.766115,0.017439738
0.000731588,-1.4797225,-1.4797225,-1.4797286,-1.4797286,-1.4797226,-1.4797202,2.9594288,9.766115,0.017728759
0.000741588,-1.4797424,-1.4797424,-1.4797307,-1.4797307,-1.4797245,-1.479727,2.9594288,9.766115,0.01801778
0.000751588,-1.4797225,-1.4797225,-1.4797286,-1.4797286,-1.4797226,-1.4797202,2.9594288,9.766115,0.018306802
0.000761588,-1.4797423,-1.4797423,-1.4797307,-1.4797307,-1.4797245,-1.479727,2.9594288,9.766115,0.018595823
0.000771588,-1.4797226,-1.4797226,-1.4797286,-1.4797286,-1.4797226,-1.4797202,2.9594288,9.766115,0.018884844
0.000781588,-1.4797423,-1.4797423,-1.4797307,-1.4797307,-1.4797245,-1.479727,2.9594288,9.766115,0.019173865
0.000791588,-1.4797226,-1.4797226,-1.4797286,-1.4797286,-1.4797227,-1.4797202,2.9594288,9.766115,0.019462887
0.000801588,-1.4797423,-1.4797423,-1.4797307,-1.4797307,-1.4797245,-1.479727,2.9594288,9.766115,0.019751908
0.000811588,-1.4797226,-1.4797226,-1.4797286,-1.4797286,-1.4797227,-1.4797202,2.9594288,9.766115,0.020040929
0.000821588,-1.4797423,-1.4797423,-1.4797307,-1.4797307,-1.4797245,-1.479727,2.9594288,9.766115,0.02032995
0.000831588,-1.4797226,-1.4797226,-1.4797286,-1.4797286,-1.4797227,-1.4797202,2.9594288,9.766115,0.020618971
0.000841588,-1.4797423,-1.4797423,-1.4797307,-1.4797307,-1.4797245,-1.479727,2.9594288,9.766115,0.020907993
0.000851588,-1.4797226,-1.4797226,-1.4797286,-1.4797286,-1.4797227,-1.4797202,2.9594288,9.766115,0.021197014
0.000861588,-1.4797423,-1.4797423,-1.4797307,-1.4797307,-1.4797245,-1.479727,2.9594288,9.766115,0.021486035
0.000871588,-1.4797226,-1.4797226,-1.4797286,-1.4797286,-1.4797227,-1.4797202,2.9594288,9.766115,0.021775056
0.000881588,-1.4797423,-1.4797423,-1.4797307,-1.4797307,-1.4797245,-1.4797269,2.9594288,9.766115,0.022064078
0.000891588,-1.4797226,-1.4797226,-1.4797286,-1.4797286,-1.4797227,-1.4797202,2.9594288,9.766115,0.022353099
0.000901588,-1.4797423,-1.4797423,-1.4797307,-1.4797307,-1.4797245,-1.4797269,2.9594288,9.766115,0.02264212
0.000911588,-1.4797226,-1.4797226,-1.4797286,-1.4797286,-1.4797227,-1.4797202,2.9594288,9.766115,0.022931141
0.000921588,-1.4797423,-1.4797423,-1.4797307,-1.4797307,-1.4797245,-1.4797269,2.9594288,9.766115,0.023220162
0.000931588,-1.4797226,-1.4797226,-1.4797286,-1.4797286,-1.4797227,-1.4797202,2.9594288,9.766115,0.023509184
0.000941588,-1.4797423,-1.4797423,-1.4797307,-1.4797307,-1.4797245,-1.4797269,2.9594288,9.766115,0.023798205
0.000951588,-1.4797226,-1.4797226,-1.4797286,-1.4797286,-1.4797227,-1.4797204,2.9594288,9.766115,0.024087226
0.000961588,-1.4797423,-1.4797423,-1.4797307,-1.4797307,-1.4797245,-1.4797269,2.9594288,9.766115,0.024376247
0.000971588,-1.4797226,-1.4797226,-1.4797286,-1.4797286,-1.4797227,-1.4797204,2.9594288,9.766115,0.024665269
0.000981588,-1.4797423,-1.4797423,-1.4797306,-1.4797306,-1.4797245,-1.4797269,2.9594288,9.766115,0.02495429
0.000991588,-1.4797226,-1.4797226,-1.4797287,-1.4797287,-1.4797227,-1.4797204,2.9594288,9.766115,0.025220364
0.001,-1.4797423,-1.4797423,-1.4797306,-1.4797306,-1.4797245,-1.4797269,2.9594288,9.766115,0.025341927
0.001,-1.4797398,-1.4797398,-1.4797295,-1.4797295,-1.4797245,-1.4797256,2.9594288,9.766115,0.025341927
0.001,-1.4797282,-1.4797282,-1.4797304,-1.4797304,-1.4797256,-1.4797252,2.9594288,9.766115,0.025341928
0.001,-1.4797356,-1.4797356,-1.4797294,-1.4797294,-1.4797242,-1.4797244,2.9594288,9.766115,0.025341929
0.001,-1.4797304,-1.4797304,-1.4797304,-1.4797304,-1.4797246,-1.4797244,2.9594288,9.766115,0.025341932
0.001,-1.4797353,-1.4797353,-1.4797297,-1.4797297,-1.4797239,-1.479724,2.9594288,9.766115,0.025341938
0.001,-1.4797306,-1.4797306,-1.4797304,-1.4797304,-1.4797245,-1.4797243,2.9594288,9.766115,0.025341949
0.001000001,-1.4797351,-1.4797351,-1.4797297,-1.4797297,-1.4797238,-1.479724,2.9594288,9.766115,0.025341971
0.001000002,-1.4797306,-1.4797306,-1.4797304,-1.4797304,-1.4797244,-1.4797242,2.9594288,9.766115,0.025342016
0.001000004,-1.479735,-1.479735,-1.4797297,-1.4797297,-1.4797238,-1.4797239,2.9594288,9.766115,0.025342104
0.001000008,-1.4797306,-1.4797306,-1.4797304,-1.4797304,-1.4797242,-1.479724,2.9594288,9.766115,0.025342282
0.001000016,-1.4797348,-1.4797348,-1.4797295,-1.4797295,-1.4797236,-1.4797237,2.9594288,9.766115,0.025342637
0.001000033,-1.4797304,-1.4797304,-1.4797301,-1.4797301,-1.4797239,-1.4797238,2.9594288,9.766115,0.025343347
0.001000066,-1.4797347,-1.4797347,-1.4797293,-1.4797293,-1.4797233,-1.4797236,2.9594288,9.766115,0.025344768
0.001000131,-1.4797302,-1.4797302,-1.47973,-1.47973,-1.4797239,-1.4797237,2.9594288,9.766115,0.025347609
0.001000262,-1.4797347,-1.4797347,-1.4797293,-1.4797293,-1.4797233,-1.4797236,2.9594288,9.766115,0.025353291
0.001000524,-1.4797302,-1.4797302,-1.47973,-1.47973,-1.4797239,-1.4797237,2.9594288,9.766115,0.025364656
0.001001049,-1.4797347,-1.4797347,-1.4797293,-1.4797293,-1.4797233,-1.4797236,2.9594288,9.766115,0.025387386
0.001002097,-1.4797302,-1.4797302,-1.47973,-1.47973,-1.4797239,-1.4797237,2.9594288,9.766115,0.025432845
0.001004194,-1.4797347,-1.4797347,-1.4797293,-1.4797293,-1.4797233,-1.4797236,2.9594288,9.766115,0.025523763
0.001008389,-1.4797302,-1.4797302,-1.47973,-1.47973,-1.4797239,-1.4797237,2.9594288,9.766115,0.0257056
0.001016777,-1.4797347,-1.4797347,-1.4797293,-1.4797293,-1.4797233,-1.4797236,2.9594288,9.766115,0.025971334
0.001026777,-1.4797302,-1.4797302,-1.47973,-1.47973,-1.4797239,-1.4797237,2.9594288,9.766115,0.026260356
0.001036777,-1.4797347,-1.4797347,-1.4797293,-1.4797293,-1.4797233,-1.4797236,2.9594288,9.766115,0.026549377
0.001046777,-1.4797302,-1.4797302,-1.47973,-1.47973,-1.4797239,-1.4797237,2.9594288,9.766115,0.026838398
0.001056777,-1.4797347,-1.4797347,-1.4797293,-1.4797293,-1.4797233,-1.4797236,2.9594288,9.766115,0.027127419
0.001066777,-1.4797302,-1.4797302,-1.47973,-1.47973,-1.4797239,-1.4797237,2.9594288,9.766115,0.027416441
0.001076777,-1.4797347,-1.4797347,-1.4797293,-1.4797293,-1.4797233,-1.4797236,2.9594288,9.766115,0.027705462
0.001086777,-1.4797302,-1.4797302,-1.47973,-1.47973,-1.4797239,-1.4797237,2.9594288,9.766115,0.027994483
0.001096777,-1.4797347,-1.4797347,-1.4797293,-1.4797293,-1.4797233,-1.4797236,2.9594288,9.766115,0.028283504
0.001106777,-1.4797302,-1.4797302,-1.47973,-1.47973,-1.4797239,-1.4797237,2.9594288,9.766115,0.028572526
0.001116777,-1.4797347,-1.4797347,-1.4797293,-1.4797293,-1.4797233,-1.4797236,2.9594288,9.766115,0.028861547
0.001126777,-1.4797302,-1.4797302,-1.47973,-1.47973,-1.4797239,-1.4797237,2.9594288,9.766115,0.029150568
0.001136777,-1.4797347,-1.4797347,-1.4797293,-1.4797293,-1.4797233,-1.4797236,2.9594288,9.766115,0.029439589
0.001146777,-1.4797302,-1.4797302,-1.47973,-1.47973,-1.4797239,-1.4797237,2.9594288,9.766115,0.02972861
0.001156777,-1.4797347,-1.4797347,-1.4797293,-1.4797293,-1.4797233,-1.4797236,2.9594288,9.766115,0.030017632
0.001166777,-1.4797302,-1.4797302,-1.47973,-1.47973,-1.4797239,-1.4797237,2.9594288,9.766115,0.030306653
0.001176777,-1.4797347,-1.4797347,-1.4797293,-1.4797293,-1.4797233,-1.4797236,2.9594288,9.766115,0.030595674
0.001186777,-1.4797302,-1.4797302,-1.47973,-1.47973,-1.4797239,-1.4797237,2.9594288,9.766115,0.030884695
0.001196777,-1.4797347,-1.4797347,-1.4797293,-1.4797293,-1.4797233,-1.4797236,2.9594288,9.766115,0.031173717
0.001206777,-1.4797302,-1.4797302,-1.47973,-1.47973,-1.4797239,-1.4797237,2.9594288,9.766115,0.031462738
0.001216777,-1.4797347,-1.4797347,-1.4797293,-1.4797293,-1.4797233,-1.4797236,2.9594288,9.766115,0.031751759
0.001226777,-1.4797302,-1.4797302,-1.47973,-1.47973,-1.4797239,-1.4797237,2.9594288,9.766115,0.03204078
0.001236777,-1.4797347,-1.4797347,-1.4797293,-1.4797293,-1.4797233,-1.4797236,2.9594288,9.766115,0.032329801
0.001246777,-1.4797302,-1.4797302,-1.47973,-1.47973,-1.4797239,-1.4797237,2.9594288,9.766115,0.032618823
0.001256777,-1.4797347,-1.4797347,-1.4797293,-1.4797293,-1.4797233,-1.4797236,2.9594288,9.766115,0.032907844
0.001266777,-1.4797302,-1.4797302,-1.47973,-1.47973,-1.4797239,-1.4797237,2.9594288,9.766115,0.033196865
0.001276777,-1.4797347,-1.4797347,-1.4797293,-1.4797293,-1.4797233,-1.4797236,2.9594288,9.766115,0.033485886
0.001286777,-1.4797302,-1.4797302,-1.47973,-1.47973,-1.4797239,-1.4797237,2.9594288,9.766115,0.033774908
0.001296777,-1.4797347,-1.4797347,-1.4797293,-1.4797293,-1.4797233,-1.4797236,2.9594288,9.766115,0.034063929
0.001306777,-1.4797302,-1.4797302,-1.47973,-1.47973,-1.4797239,-1.4797237,2.9594288,9.766115,0.03435295
0.001316777,-1.4797347,-1.4797347,-1.4797293,-1.4797293,-1.4797233,-1.4797236,2.9594288,9.766115,0.034641971
0.001326777,-1.4797302,-1.4797302,-1.47973,-1.47973,-1.4797239,-1.4797237,2.9594288,9.766115,0.034930992
0.001336777,-1.4797347,-1.4797347,-1.4797293,-1.4797293,-1.4797233,-1.4797236,2.9594288,9.766115,0.035220014
0.001346777,-1.4797302,-1.4797302,-1.47973,-1.47973,-1.4797239,-1.4797237,2.9594288,9.766115,0.035509035
0.001356777,-1.4797347,-1.4797347,-1.4797293,-1.4797293,-1.4797233,-1.4797236,2.9594288,9.766115,0.035798056
0.001366777,-1.4797302,-1.4797302,-1.47973,-1.47973,-1.4797239,-1.4797237,2.9594288,9.766115,0.036087077
0.001376777,-1.4797347,-1.4797347,-1.4797293,-1.4797293,-1.4797233,-1.4797236,2.9594288,9.766115,0.036376099
0.001386777,-1.4797302,-1.4797302,-1.47973,-1.47973,-1.4797239,-1.4797237,2.9594288,9.766115,0.03666512
0.001396777,-1.4797347,-1.4797347,-1.4797293,-1.4797293,-1.4797233,-1.4797236,2.9594288,9.766115,0.036954141
0.001406777,-1.4797302,-1.4797302,-1.47973,-1.47973,-1.4797239,-1.4797237,2.9594288,9.766115,0.037243162
0.001416777,-1.4797347,-1.4797347,-1.4797293,-1.4797293,-1.4797233,-1.4797236,2.9594288,9.766115,0.037532183
0.001426777,-1.4797302,-1.4797302,-1.47973,-1.47973,-1.4797239,-1.4797237,2.9594288,9.766115,0.037821205
0.001436777,-1.4797347,-1.4797347,-1.4797293,-1.4797293,-1.4797233,-1.4797236,2.9594288,9.766115,0.038110226
0.001446777,-1.4797302,-1.4797302,-1.47973,-1.47973,-1.4797239,-1.4797237,2.9594288,9.766115,0.038399247
0.001456777,-1.4797347,-1.4797347,-1.4797293,-1.4797293,-1.4797233,-1.4797236,2.9594288,9.766115,0.038688268
0.001466777,-1.4797302,-1.4797302,-1.47973,-1.47973,-1.4797239,-1.4797237,2.9594288,9.766115,0.03897729
0.001476777,-1.4797347,-1.4797347,-1.4797293,-1.4797293,-1.4797233,-1.4797236,2.9594288,9.766115,0.039266311
0.001486777,-1.4797302,-1.4797302,-1.47973,-1.47973,-1.4797239,-1.4797237,2.9594288,9.766115,0.039555332
0.001496777,-1.4797347,-1.4797347,-1.4797293,-1.4797293,-1.4797233,-1.4797236,2.9594288,9.766115,0.039844353
0.001506777,-1.4797302,-1.4797302,-1.47973,-1.47973,-1.4797239,-1.4797237,2.9594288,9.766115,0.040133375
0.001516777,-1.4797347,-1.4797347,-1.4797293,-1.4797293,-1.4797233,-1.4797236,2.9594288,9.766115,0.040422396
0.001526777,-1.4797302,-1.4797302,-1.47973,-1.47973,-1.4797239,-1.4797237,2.9594288,9.766115,0.040711417
0.001536777,-1.4797347,-1.4797347,-1.4797293,-1.4797293,-1.4797233,-1.4797236,2.9594288,9.766115,0.041000438
0.001546777,-1.4797302,-1.4797302,-1.47973,-1.47973,-1.4797239,-1.4797237,2.9594288,9.766115,0.041289459
0.001556777,-1.4797347,-1.4797347,-1.4797293,-1.4797293,-1.4797233,-1.4797236,2.9594288,9.766115,0.041578481
0.001566777,-1.4797302,-1.4797302,-1.47973,-1.47973,-1.4797239,-1.4797237,2.9594288,9.766115,0.041867502
0.001576777,-1.4797347,-1.4797347,-1.4797293,-1.4797293,-1.4797233,-1.4797236,2.9594288,9.766115,0.042156523
0.001586777,-1.4797302,-1.4797302,-1.47973,-1.47973,-1.4797239,-1.4797237,2.9594288,9.766115,0.042445544
0.001596777,-1.4797347,-1.4797347,-1.4797293,-1.4797293,-1.4797233,-1.4797236,2.9594288,9.766115,0.042734566
0.001606777,-1.4797302,-1.4797302,-1.47973,-1.47973,-1.4797239,-1.4797237,2.9594288,9.766115,0.043023587
0.001616777,-1.4797347,-1.4797347,-1.4797293,-1.4797293,-1.4797233,-1.4797236,2.9594288,9.766115,0.043312608
0.001626777,-1.4797302,-1.4797302,-1.47973,-1.47973,-1.4797239,-1.4797237,2.9594288,9.766115,0.043601629
0.001636777,-1.4797347,-1.4797347,-1.4797293,-1.4797293,-1.4797233,-1.4797236,2.9594288,9.766115,0.04389065
0.001646777,-1.4797302,-1.4797302,-1.47973,-1.47973,-1.4797239,-1.4797237,2.9594288,9.766115,0.044179672
0.001656777,-1.4797347,-1.4797347,-1.4797293,-1.4797293,-1.4797233,-1.4797236,2.9594288,9.766115,0.044468693
0.001666777,-1.4797302,-1.4797302,-1.47973,-1.47973,-1.4797239,-1.4797237,2.9594288,9.766115,0.044757714
0.001676777,-1.4797347,-1.4797347,-1.4797293,-1.4797293,-1.4797233,-1.4797236,2.9594288,9.766115,0.045046735
0.001686777,-1.4797302,-1.4797302,-1.47973,-1.47973,-1.4797239,-1.4797237,2.9594288,9.766115,0.045335757
0.001696777,-1.4797347,-1.4797347,-1.4797293,-1.4797293,-1.4797233,-1.4797236,2.9594288,9.766115,0.045624778
0.001706777,-1.4797302,-1.4797302,-1.47973,-1.47973,-1.4797239,-1.4797237,2.9594288,9.766115,0.045913799
0.001716777,-1.4797347,-1.4797347,-1.4797293,-1.4797293,-1.4797233,-1.4797236,2.9594288,9.766115,0.04620282
0.001726777,-1.4797302,-1.4797302,-1.47973,-1.47973,-1.4797239,-1.4797237,2.9594288,9.766115,0.046491841
0.001736777,-1.4797347,-1.4797347,-1.4797293,-1.4797293,-1.4797233,-1.4797236,2.9594288,9.766115,0.046780863
0.001746777,-1.4797302,-1.4797302,-1.47973,-1.47973,-1.4797239,-1.4797237,2.9594288,9.766115,0.047069884
0.001756777,-1.4797347,-1.4797347,-1.4797293,-1.4797293,-1.4797233,-1.4797236,2.9594288,9.766115,0.047358905
0.001766777,-1.4797302,-1.4797302,-1.47973,-1.47973,-1.4797239,-1.4797237,2.9594288,9.766115,0.047647926
0.001776777,-1.4797347,-1.4797347,-1.4797293,-1.4797293,-1.4797233,-1.4797236,2.9594288,9.766115,0.047936948
0.001786777,-1.4797302,-1.4797302,-1.47973,-1.47973,-1.4797239,-1.4797237,2.9594288,9.766115,0.048225969
0.001796777,-1.4797347,-1.4797347,-1.4797293,-1.4797293,-1.4797233,-1.4797236,2.9594288,9.766115,0.04851499
0.001806777,-1.4797302,-1.4797302,-1.47973,-1.47973,-1.4797239,-1.4797237,2.9594288,9.766115,0.048804011
0.001816777,-1.4797347,-1.4797347,-1.4797293,-1.4797293,-1.4797233,-1.4797236,2.9594288,9.766115,0.049093032
0.001826777,-1.4797302,-1.4797302,-1.47973,-1.47973,-1.4797239,-1.4797237,2.9594288,9.766115,0.049382054
0.001836777,-1.4797347,-1.4797347,-1.4797293,-1.4797293,-1.4797233,-1.4797236,2.9594288,9.766115,0.049671075
0.001846777,-1.4797302,-1.4797302,-1.47973,-1.47973,-1.4797239,-1.4797237,2.9594288,9.766115,0.049960096
0.001856777,-1.4797347,-1.4797347,-1.4797293,-1.4797293,-1.4797233,-1.4797236,2.9594288,9.766115,0.050249117
0.001866777,-1.4797302,-1.4797302,-1.47973,-1.47973,-1.4797239,-1.4797237,2.9594288,9.766115,0.050538139
0.001876777,-1.4797347,-1.4797347,-1.4797293,-1.4797293,-1.4797233,-1.4797236,2.9594288,9.766115,0.05082716
0.001886777,-1.4797302,-1.4797302,-1.47973,-1.47973,-1.4797239,-1.4797237,2.9594288,9.766115,0.051116181
0.001896777,-1.4797347,-1.4797347,-1.4797293,-1.4797293,-1.4797233,-1.4797236,2.9594288,9.766115,0.051405202
0.001906777,-1.4797302,-1.4797302,-1.47973,-1.47973,-1.4797239,-1.4797237,2.9594288,9.766115,0.051694224
0.001916777,-1.4797347,-1.4797347,-1.4797293,-1.4797293,-1.4797233,-1.4797236,2.9594288,9.766115,0.051983245
0.001926777,-1.4797302,-1.4797302,-1.47973,-1.47973,-1.4797239,-1.4797237,2.9594288,9.766115,0.052272266
0.001936777,-1.4797347,-1.4797347,-1.4797293,-1.4797293,-1.4797233,-1.4797236,2.9594288,9.766115,0.052561287
0.001946777,-1.4797302,-1.4797302,-1.47973,-1.47973,-1.4797239,-1.4797237,2.9594288,9.766115,0.052850308
0.001956777,-1.4797347,-1.4797347,-1.4797293,-1.4797293,-1.4797233,-1.4797236,2.9594288,9.766115,0.05313933
0.001966777,-1.4797302,-1.4797302,-1.47973,-1.47973,-1.4797239,-1.4797237,2.9594288,9.766115,0.053428351
0.001976777,-1.4797347,-1.4797347,-1.4797293,-1.4797293,-1.4797233,-1.4797236,2.9594288,9.766115,0.053717372
0.001986777,-1.4797302,-1.4797302,-1.47973,-1.47973,-1.4797239,-1.4797237,2.9594288,9.766115,0.054006393
0.001996777,-1.4797347,-1.4797347,-1.4797293,-1.4797293,-1.4797233,-1.4797236,2.9594288,9.766115,0.054295415
0.002006777,-1.4797302,-1.4797302,-1.47973,-1.47973,-1.4797239,-1.4797237,2.9594288,9.766115,0.054584436
0.002016777,-1.4797347,-1.4797347,-1.4797293,-1.4797293,-1.4797233,-1.4797236,2.9594288,9.766115,0.054873457
0.002026777,-1.4797302,-1.4797302,-1.47973,-1.47973,-1.4797239,-1.4797237,2.9594288,9.766115,0.055162478
0.002036777,-1.4797347,-1.4797347,-1.4797293,-1.4797293,-1.4797233,-1.4797236,2.9594288,9.766115,0.055451499
0.002046777,-1.4797302,-1.4797302,-1.47973,-1.47973,-1.4797239,-1.4797237,2.9594288,9.766115,0.055740521
0.002056777,-1.4797347,-1.4797347,-1.4797293,-1.4797293,-1.4797233,-1.4797236,2.9594288,9.766115,0.056029542
0.002066777,-1.4797302,-1.4797302,-1.47973,-1.47973,-1.4797239,-1.4797237,2.9594288,9.766115,0.056318563
0.002076777,-1.4797347,-1.4797347,-1.4797293,-1.4797293,-1.4797233,-1.4797236,2.9594288,9.766115,0.056607584
0.002086777,-1.4797302,-1.4797302,-1.47973,-1.47973,-1.4797239,-1.4797237,2.9594288,9.766115,0.056896606
0.002096777,-1.4797347,-1.4797347,-1.4797293,-1.4797293,-1.4797233,-1.4797236,2.9594288,9.766115,0.057185627
0.002106777,-1.4797302,-1.4797302,-1.47973,-1.47973,-1.4797239,-1.4797237,2.9594288,9.766115,0.057474648
0.002116777,-1.4797347,-1.4797347,-1.4797293,-1.4797293,-1.4797233,-1.4797236,2.9594288,9.766115,0.057763669
0.002126777,-1.4797302,-1.4797302,-1.47973,-1.47973,-1.4797239,-1.4797237,2.9594288,9.766115,0.05805269
0.002136777,-1.4797347,-1.4797347,-1.4797293,-1.4797293,-1.4797233,-1.4797236,2.9594288,9.766115,0.058341712
0.002146777,-1.4797302,-1.4797302,-1.47973,-1.47973,-1.4797239,-1.4797237,2.9594288,9.766115,0.058630733
0.002156777,-1.4797347,-1.4797347,-1.4797293,-1.4797293,-1.4797233,-1.4797236,2.9594288,9.766115,0.058919754
0.002166777,-1.4797302,-1.4797302,-1.47973,-1.47973,-1.4797239,-1.4797237,2.9594288,9.766115,0.059208775
0.002176777,-1.4797347,-1.4797347,-1.4797293,-1.4797293,-1.4797233,-1.4797236,2.9594288,9.766115,0.059497797
0.002186777,-1.4797302,-1.4797302,-1.47973,-1.47973,-1.4797239,-1.4797237,2.9594288,9.766115,0.059786818
0.002196777,-1.4797347,-1.4797347,-1.4797293,-1.4797293,-1.4797233,-1.4797236,2.9594288,9.766115,0.060075839
0.002206777,-1.4797302,-1.4797302,-1.47973,-1.47973,-1.4797239,-1.4797237,2.9594288,9.766115,0.06036486
0.002216777,-1.4797347,-1.4797347,-1.4797293,-1.4797293,-1.4797233,-1.4797236,2.9594288,9.766115,0.060653881
0.002226777,-1.4797302,-1.4797302,-1.47973,-1.47973,-1.4797239,-1.4797237,2.9594288,9.766115,0.060942903
0.002236777,-1.4797347,-1.4797347,-1.4797293,-1.4797293,-1.4797233,-1.4797236,2.9594288,9.766115,0.061231924
0.002246777,-1.4797302,-1.4797302,-1.47973,-1.47973,-1.4797239,-1.4797237,2.9594288,9.766115,0.061520945
0.002256777,-1.4797347,-1.4797347,-1.4797293,-1.4797293,-1.4797233,-1.4797236,2.9594288,9.766115,0.061809966
0.002266777,-1.4797302,-1.4797302,-1.47973,-1.47973,-1.4797239,-1.4797237,2.9594288,9.766115,0.062098988
0.002276777,-1.4797347,-1.4797347,-1.4797293,-1.4797293,-1.4797233,-1.4797236,2.9594288,9.766115,0.062388009
0.002286777,-1.4797302,-1.4797302,-1.47973,-1.47973,-1.4797239,-1.4797237,2.9594288,9.766115,0.06267703
0.002296777,-1.4797347,-1.4797347,-1.4797293,-1.4797293,-1.4797233,-1.4797236,2.9594288,9.766115,0.062966051
0.002306777,-1.4797302,-1.4797302,-1.47973,-1.47973,-1.4797239,-1.4797237,2.9594288,9.766115,0.063255073
0.002316777,-1.4797347,-1.4797347,-1.4797293,-1.4797293,-1.4797233,-1.4797236,2.9594288,9.766115,0.063544094
0.002326777,-1.4797302,-1.4797302,-1.47973,-1.47973,-1.4797239,-1.4797237,2.9594288,9.766115,0.063833115
0.002336777,-1.4797347,-1.4797347,-1.4797293,-1.4797293,-1.4797233,-1.4797236,2.9594288,9.766115,0.064122136
0.002346777,-1.4797302,-1.4797302,-1.47973,-1.47973,-1.4797239,-1.4797237,2.9594288,9.766115,0.064411157
0.002356777,-1.4797347,-1.4797347,-1.4797293,-1.4797293,-1.4797233,-1.4797236,2.9594288,9.766115,0.064700179
0.002366777,-1.4797302,-1.4797302,-1.47973,-1.47973,-1.4797239,-1.4797237,2.9594288,9.766115,0.0649892
0.002376777,-1.4797347,-1.4797347,-1.4797293,-1.4797293,-1.4797233,-1.4797236,2.9594288,9.766115,0.065278221
0.002386777,-1.4797302,-1.4797302,-1.47973,-1.47973,-1.4797239,-1.4797237,2.9594288,9.766115,0.065567242
0.002396777,-1.4797347,-1.4797347,-1.4797293,-1.4797293,-1.4797233,-1.4797236,2.9594288,9.766115,0.065856264
0.002406777,-1.4797302,-1.4797302,-1.47973,-1.47973,-1.4797239,-1.4797237,2.9594288,9.766115,0.066145285
0.002416777,-1.4797347,-1.4797347,-1.4797293,-1.4797293,-1.4797233,-1.4797236,2.9594288,9.766115,0.066434306
0.002426777,-1.4797302,-1.4797302,-1.47973,-1.47973,-1.4797239,-1.4797237,2.9594288,9.766115,0.066723327
0.002436777,-1.4797347,-1.4797347,-1.4797293,-1.4797293,-1.4797233,-1.4797236,2.9594288,9.766115,0.067012348
0.002446777,-1.4797302,-1.4797302,-1.47973,-1.47973,-1.4797239,-1.4797237,2.9594288,9.766115,0.06730137
0.002456777,-1.4797347,-1.4797347,-1.4797293,-1.4797293,-1.4797233,-1.4797236,2.9594288,9.766115,0.067590391
0.002466777,-1.4797302,-1.4797302,-1.47973,-1.47973,-1.4797239,-1.4797237,2.9594288,9.766115,0.067879412
0.002476777,-1.4797347,-1.4797347,-1.4797293,-1.4797293,-1.4797233,-1.4797236,2.9594288,9.766115,0.068168433
0.002486777,-1.4797302,-1.4797302,-1.47973,-1.47973,-1.4797239,-1.4797237,2.9594288,9.766115,0.068457455
0.002496777,-1.4797347,-1.4797347,-1.4797293,-1.4797293,-1.4797233,-1.4797236,2.9594288,9.766115,0.068746476
0.002506777,-1.4797302,-1.4797302,-1.47973,-1.47973,-1.4797239,-1.4797237,2.9594288,9.766115,0.069035497
0.002516777,-1.4797347,-1.4797347,-1.4797293,-1.4797293,-1.4797233,-1.4797236,2.9594288,9.766115,0.069324518
0.002526777,-1.4797302,-1.4797302,-1.47973,-1.47973,-1.4797239,-1.4797237,2.9594288,9.766115,0.069613539
0.002536777,-1.4797347,-1.4797347,-1.4797293,-1.4797293,-1.4797233,-1.4797236,2.9594288,9.766115,0.069902561
0.002546777,-1.4797302,-1.4797302,-1.47973,-1.47973,-1.4797239,-1.4797237,2.9594288,9.766115,0.070191582
0.002556777,-1.4797347,-1.4797347,-1.4797293,-1.4797293,-1.4797233,-1.4797236,2.9594288,9.766115,0.070480603
0.002566777,-1.4797302,-1.4797302,-1.47973,-1.47973,-1.4797239,-1.4797237,2.9594288,9.766115,0.070769624
0.002576777,-1.4797347,-1.4797347,-1.4797293,-1.4797293,-1.4797233,-1.4797236,2.9594288,9.766115,0.071058646
0.002586777,-1.4797302,-1.4797302,-1.47973,-1.47973,-1.4797239,-1.4797237,2.9594288,9.766115,0.071347667
0.002596777,-1.4797347,-1.4797347,-1.4797293,-1.4797293,-1.4797233,-1.4797236,2.9594288,9.766115,0.071636688
0.002606777,-1.4797302,-1.4797302,-1.47973,-1.47973,-1.4797239,-1.4797237,2.9594288,9.766115,0.071925709
0.002616777,-1.4797347,-1.4797347,-1.4797293,-1.4797293,-1.4797233,-1.4797236,2.9594288,9.766115,0.07221473
0.002626777,-1.4797302,-1.4797302,-1.47973,-1.47973,-1.4797239,-1.4797237,2.9594288,9.766115,0.072503752
0.002636777,-1.4797347,-1.4797347,-1.4797293,-1.4797293,-1.4797233,-1.4797236,2.9594288,9.766115,0.072792773
0.002646777,-1.4797302,-1.4797302,-1.47973,-1.47973,-1.4797239,-1.4797237,2.9594288,9.766115,0.073081794
0.002656777,-1.4797347,-1.4797347,-1.4797293,-1.4797293,-1.4797233,-1.4797236,2.9594288,9.766115,0.073370815
0.002666777,-1.4797302,-1.4797302,-1.47973,-1.47973,-1.4797239,-1.4797237,2.9594288,9.766115,0.073659837
0.002676777,-1.4797347,-1.4797347,-1.4797293,-1.4797293,-1.4797233,-1.4797236,2.9594288,9.766115,0.073948858
0.002686777,-1.4797302,-1.4797302,-1.47973,-1.47973,-1.4797239,-1.4797237,2.9594288,9.766115,0.074237879
0.002696777,-1.4797347,-1.4797347,-1.4797293,-1.4797293,-1.4797233,-1.4797236,2.9594288,9.766115,0.0745269
0.002706777,-1.4797302,-1.4797302,-1.47973,-1.47973,-1.4797239,-1.4797237,2.9594288,9.766115,0.074815922
0.002716777,-1.4797347,-1.4797347,-1.4797293,-1.4797293,-1.4797233,-1.4797236,2.9594288,9.766115,0.075104943
0.002726777,-1.4797302,-1.4797302,-1.47973,-1.47973,-1.4797239,-1.4797237,2.9594288,9.766115,0.075393964
0.002736777,-1.4797347,-1.4797347,-1.4797293,-1.4797293,-1.4797233,-1.4797236,2.9594288,9.766115,0.075682985
0.002746777,-1.4797302,-1.4797302,-1.47973,-1.47973,-1.4797239,-1.4797237,2.9594288,9.766115,0.075972006
0.002756777,-1.4797347,-1.4797347,-1.4797293,-1.4797293,-1.4797233,-1.4797236,2.9594288,9.766115,0.076261028
0.002766777,-1.4797302,-1.4797302,-1.47973,-1.47973,-1.4797239,-1.4797237,2.9594288,9.766115,0.076550049
0.002776777,-1.4797347,-1.4797347,-1.4797293,-1.4797293,-1.4797233,-1.4797236,2.9594288,9.766115,0.07683907
0.002786777,-1.4797302,-1.4797302,-1.47973,-1.47973,-1.4797239,-1.4797237,2.9594288,9.766115,0.077128091
0.002796777,-1.4797347,-1.4797347,-1.4797293,-1.4797293,-1.4797233,-1.4797236,2.9594288,9.766115,0.077417113
0.002806777,-1.4797302,-1.4797302,-1.47973,-1.47973,-1.4797239,-1.4797237,2.9594288,9.766115,0.077706134
0.002816777,-1.4797347,-1.4797347,-1.4797293,-1.4797293,-1.4797233,-1.4797236,2.9594288,9.766115,0.077995155
0.002826777,-1.4797302,-1.4797302,-1.47973,-1.47973,-1.4797239,-1.4797237,2.9594288,9.766115,0.078284176
0.002836777,-1.4797347,-1.4797347,-1.4797293,-1.4797293,-1.4797233,-1.4797236,2.9594288,9.766115,0.078573197
0.002846777,-1.4797302,-1.4797302,-1.47973,-1.47973,-1.4797239,-1.4797237,2.9594288,9.766115,0.078862219
0.002856777,-1.4797347,-1.4797347,-1.4797293,-1.4797293,-1.4797233,-1.4797236,2.9594288,9.766115,0.07915124
0.002866777,-1.4797302,-1.4797302,-1.47973,-1.47973,-1.4797239,-1.4797237,2.9594288,9.766115,0.079440261
0.002876777,-1.4797347,-1.4797347,-1.4797293,-1.4797293,-1.4797233,-1.4797236,2.9594288,9.766115,0.079729282
0.002886777,-1.4797302,-1.4797302,-1.47973,-1.47973,-1.4797239,-1.4797237,2.9594288,9.766115,0.080018304
0.002896777,-1.4797347,-1.4797347,-1.4797293,-1.4797293,-1.4797233,-1.4797236,2.9594288,9.766115,0.080307325
0.002906777,-1.4797302,-1.4797302,-1.47973,-1.47973,-1.4797239,-1.4797237,2.9594288,9.766115,0.080596346
0.002916777,-1.4797347,-1.4797347,-1.4797293,-1.4797293,-1.4797233,-1.4797236,2.9594288,9.766115,0.080885367
0.002926777,-1.4797302,-1.4797302,-1.47973,-1.47973,-1.4797239,-1.4797237,2.9594288,9.766115,0.081174388
0.002936777,-1.4797347,-1.4797347,-1.4797293,-1.4797293,-1.4797233,-1.4797236,2.9594288,9.766115,0.08146341
0.002946777,-1.4797302,-1.4797302,-1.47973,-1.47973,-1.4797239,-1.4797237,2.9594288,9.766115,0.081752431
0.002956777,-1.4797347,-1.4797347,-1.4797293,-1.4797293,-1.4797233,-1.4797236,2.9594288,9.766115,0.082041452
0.002966777,-1.4797302,-1.4797302,-1.47973,-1.47973,-1.4797239,-1.4797237,2.9594288,9.766115,0.082330473
0.002976777,-1.4797347,-1.4797347,-1.4797293,-1.4797293,-1.4797233,-1.4797236,2.9594288,9.766115,0.082619495
0.002986777,-1.4797302,-1.4797302,-1.47973,-1.47973,-1.4797239,-1.4797237,2.9594288,9.766115,0.082908516
0.002996777,-1.4797347,-1.4797347,-1.4797293,-1.4797293,-1.4797233,-1.4797236,2.9594288,9.766115,0.083197537
0.003006777,-1.4797302,-1.4797302,-1.47973,-1.47973,-1.4797239,-1.4797237,2.9594288,9.766115,0.083486558
0.003016777,-1.4797347,-1.4797347,-1.4797293,-1.4797293,-1.4797233,-1.4797236,2.9594288,9.766115,0.083775579
0.003026777,-1.4797302,-1.4797302,-1.47973,-1.47973,-1.4797239,-1.4797237,2.9594288,9.766115,0.084064601
0.003036777,-1.4797347,-1.4797347,-1.4797293,-1.4797293,-1.4797233,-1.4797236,2.9594288,9.766115,0.084353622
0.003046777,-1.4797302,-1.4797302,-1.47973,-1.47973,-1.4797239,-1.4797237,2.9594288,9.766115,0.084642643
0.003056777,-1.4797347,-1.4797347,-1.4797293,-1.4797293,-1.4797233,-1.4797236,2.9594288,9.766115,0.084931664
0.003066777,-1.4797302,-1.4797302,-1.47973,-1.47973,-1.4797239,-1.4797237,2.9594288,9.766115,0.085220686
0.003076777,-1.4797347,-1.4797347,-1.4797293,-1.4797293,-1.4797233,-1.4797236,2.9594288,9.766115,0.085509707
0.003086777,-1.4797302,-1.4797302,-1.47973,-1.47973,-1.4797239,-1.4797237,2.9594288,9.766115,0.085798728
0.003096777,-1.4797347,-1.4797347,-1.4797293,-1.4797293,-1.4797233,-1.4797236,2.9594288,9.766115,0.086087749
0.003106777,-1.4797302,-1.4797302,-1.47973,-1.47973,-1.4797239,-1.4797237,2.9594288,9.766115,0.086376771
0.003116777,-1.4797347,-1.4797347,-1.4797293,-1.4797293,-1.4797233,-1.4797236,2.9594288,9.766115,0.086665792
0.003126777,-1.4797302,-1.4797302,-1.47973,-1.47973,-1.4797239,-1.4797237,2.9594288,9.766115,0.086954813
0.003136777,-1.4797347,-1.4797347,-1.4797293,-1.4797293,-1.4797233,-1.4797236,2.9594288,9.766115,0.087243834
0.003146777,-1.4797302,-1.4797302,-1.47973,-1.47973,-1.4797239,-1.4797237,2.9594288,9.766115,0.087532855
0.003156777,-1.4797347,-1.4797347,-1.4797293,-1.4797293,-1.4797233,-1.4797236,2.9594288,9.766115,0.087821877
0.003166777,-1.4797302,-1.4797302,-1.47973,-1.47973,-1.4797239,-1.4797237,2.9594288,9.766115,0.088110898
0.003176777,-1.4797347,-1.4797347,-1.4797293,-1.4797293,-1.4797233,-1.4797236,2.9594288,9.766115,0.088399919
0.003186777,-1.4797302,-1.4797302,-1.47973,-1.47973,-1.4797239,-1.4797237,2.9594288,9.766115,0.08868894
0.003196777,-1.4797347,-1.4797347,-1.4797293,-1.4797293,-1.4797233,-1.4797236,2.9594288,9.766115,0.088977962
0.003206777,-1.4797302,-1.4797302,-1.47973,-1.47973,-1.4797239,-1.4797237,2.9594288,9.766115,0.089266983
0.003216777,-1.4797347,-1.4797347,-1.4797293,-1.4797293,-1.4797233,-1.4797236,2.9594288,9.766115,0.089556004
0.003226777,-1.4797302,-1.4797302,-1.47973,-1.47973,-1.4797239,-1.4797237,2.9594288,9.766115,0.089845025
0.003236777,-1.4797347,-1.4797347,-1.4797293,-1.4797293,-1.4797233,-1.4797236,2.9594288,9.766115,0.090134046
0.003246777,-1.4797302,-1.4797302,-1.47973,-1.47973,-1.4797239,-1.4797237,2.9594288,9.766115,0.090423068
0.003256777,-1.4797347,-1.4797347,-1.4797293,-1.4797293,-1.4797233,-1.4797236,2.9594288,9.766115,0.090712089
0.003266777,-1.4797302,-1.4797302,-1.47973,-1.47973,-1.4797239,-1.4797237,2.9594288,9.766115,0.09100111
0.003276777,-1.4797347,-1.4797347,-1.4797293,-1.4797293,-1.4797233,-1.4797236,2.9594288,9.766115,0.091290131
0.003286777,-1.4797302,-1.4797302,-1.47973,-1.47973,-1.4797239,-1.4797237,2.9594288,9.766115,0.091579153
0.003296777,-1.4797347,-1.4797347,-1.4797293,-1.4797293,-1.4797233,-1.4797236,2.9594288,9.766115,0.091868174
0.003306777,-1.4797302,-1.4797302,-1.47973,-1.47973,-1.4797239,-1.4797237,2.9594288,9.766115,0.092157195
0.003316777,-1.4797347,-1.4797347,-1.4797293,-1.4797293,-1.4797233,-1.4797236,2.9594288,9.766115,0.092446216
0.003326777,-1.4797302,-1.4797302,-1.47973,-1.47973,-1.4797239,-1.4797237,2.9594288,9.766115,0.092735237
0.003336777,-1.4797347,-1.4797347,-1.4797293,-1.4797293,-1.4797233,-1.4797236,2.9594288,9.766115,0.093024259
0.003346777,-1.4797302,-1.4797302,-1.47973,-1.47973,-1.4797239,-1.4797237,2.9594288,9.766115,0.09331328
0.003356777,-1.4797347,-1.4797347,-1.4797293,-1.4797293,-1.4797233,-1.4797236,2.9594288,9.766115,0.093602301
0.003366777,-1.4797302,-1.4797302,-1.47973,-1.47973,-1.4797239,-1.4797237,2.9594288,9.766115,0.093891322
0.003376777,-1.4797347,-1.4797347,-1.4797293,-1.4797293,-1.4797233,-1.4797236,2.9594288,9.766115,0.094180344
0.003386777,-1.4797302,-1.4797302,-1.47973,-1.47973,-1.4797239,-1.4797237,2.9594288,9.766115,0.094469365
0.003396777,-1.4797347,-1.4797347,-1.4797293,-1.4797293,-1.4797233,-1.4797236,2.9594288,9.766115,0.094758386
0.003406777,-1.4797302,-1.4797302,-1.47973,-1.47973,-1.4797239,-1.4797237,2.9594288,9.766115,0.095047407
0.003416777,-1.4797347,-1.4797347,-1.4797293,-1.4797293,-1.4797233,-1.4797236,2.9594288,9.766115,0.095336428
0.003426777,-1.4797302,-1.4797302,-1.47973,-1.47973,-1.4797239,-1.4797237,2.9594288,9.766115,0.09562545
0.003436777,-1.4797347,-1.4797347,-1.4797293,-1.4797293,-1.4797233,-1.4797236,2.9594288,9.766115,0.095914471
0.003446777,-1.4797302,-1.4797302,-1.47973,-1.47973,-1.4797239,-1.4797237,2.9594288,9.766115,0.096203492
0.003456777,-1.4797347,-1.4797347,-1.4797293,-1.4797293,-1.4797233,-1.4797236,2.9594288,9.766115,0.096492513
0.003466777,-1.4797302,-1.4797302,-1.47973,-1.47973,-1.4797239,-1.4797237,2.9594288,9.766115,0.096781535
0.003476777,-1.4797347,-1.4797347,-1.4797293,-1.4797293,-1.4797233,-1.4797236,2.9594288,9.766115,0.097070556
0.003486777,-1.4797302,-1.4797302,-1.47973,-1.47973,-1.4797239,-1.4797237,2.9594288,9.766115,0.097359577
0.003496777,-1.4797347,-1.4797347,-1.4797293,-1.4797293,-1.4797233,-1.4797236,2.9594288,9.766115,0.097648598
0.003506777,-1.4797302,-1.4797302,-1.47973,-1.47973,-1.4797239,-1.4797237,2.9594288,9.766115,0.09793762
0.003516777,-1.4797347,-1.4797347,-1.4797293,-1.4797293,-1.4797233,-1.4797236,2.9594288,9.766115,0.098226641
0.003526777,-1.4797302,-1.4797302,-1.47973,-1.47973,-1.4797239,-1.4797237,2.9594288,9.766115,0.098515662
0.003536777,-1.4797347,-1.4797347,-1.4797293,-1.4797293,-1.4797233,-1.4797236,2.9594288,9.766115,0.098804683
0.003546777,-1.4797302,-1.4797302,-1.47973,-1.47973,-1.4797239,-1.4797237,2.9594288,9.766115,0.099093704
0.003556777,-1.4797347,-1.4797347,-1.4797293,-1.4797293,-1.4797233,-1.4797236,2.9594288,9.766115,0.099382726
0.003566777,-1.4797302,-1.4797302,-1.47973,-1.47973,-1.4797239,-1.4797237,2.9594288,9.766115,0.099671747
0.003576777,-1.4797347,-1.4797347,-1.4797293,-1.4797293,-1.4797233,-1.4797236,2.9594288,9.766115,0.099960768
0.003586777,-1.4797302,-1.4797302,-1.47973,-1.47973,-1.4797239,-1.4797237,2.9594288,9.766115,0.100249789
0.003596777,-1.4797347,-1.4797347,-1.4797293,-1.4797293,-1.4797233,-1.4797236,2.9594288,9.766115,0.100538811
0.003606777,-1.4797302,-1.4797302,-1.47973,-1.47973,-1.4797239,-1.4797237,2.9594288,9.766115,0.100827832
0.003616777,-1.4797347,-1.4797347,-1.4797293,-1.4797293,-1.4797233,-1.4797236,2.9594288,9.766115,0.101116853
0.003626777,-1.4797302,-1.4797302,-1.47973,-1.47973,-1.4797239,-1.4797237,2.9594288,9.766115,0.101405874
0.003636777,-1.4797347,-1.4797347,-1.4797293,-1.4797293,-1.4797233,-1.4797236,2.9594288,9.766115,0.101694895
0.003646777,-1.4797302,-1.4797302,-1.47973,-1.47973,-1.4797239,-1.4797237,2.9594288,9.766115,0.101983917
0.003656777,-1.4797347,-1.4797347,-1.4797293,-1.4797293,-1.4797233,-1.4797236,2.9594288,9.766115,0.102272938
0.003666777,-1.4797302,-1.4797302,-1.47973,-1.47973,-1.4797239,-1.4797237,2.9594288,9.766115,0.102561959
0.003676777,-1.4797347,-1.4797347,-1.4797293,-1.4797293,-1.4797233,-1.4797236,2.9594288,9.766115,0.10285098
0.003686777,-1.4797302,-1.4797302,-1.47973,-1.47973,-1.4797239,-1.4797237,2.9594288,9.766115,0.103140002
0.003696777,-1.4797347,-1.4797347,-1.4797293,-1.4797293,-1.4797233,-1.4797236,2.9594288,9.766115,0.103429023
0.003706777,-1.4797302,-1.4797302,-1.47973,-1.47973,-1.4797239,-1.4797237,2.9594288,9.766115,0.103718044
0.003716777,-1.4797347,-1.4797347,-1.4797293,-1.4797293,-1.4797233,-1.4797236,2.9594288,9.766115,0.104007065
0.003726777,-1.4797302,-1.4797302,-1.47973,-1.47973,-1.4797239,-1.4797237,2.9594288,9.766115,0.104296086
0.003736777,-1.4797347,-1.4797347,-1.4797293,-1.4797293,-1.4797233,-1.4797236,2.9594288,9.766115,0.104585108
0.003746777,-1.4797302,-1.4797302,-1.47973,-1.47973,-1.4797239,-1.4797237,2.9594288,9.766115,0.104874129
0.003756777,-1.4797347,-1.4797347,-1.4797293,-1.4797293,-1.4797233,-1.4797236,2.9594288,9.766115,0.10516315
0.003766777,-1.4797302,-1.4797302,-1.47973,-1.47973,-1.4797239,-1.4797237,2.9594288,9.766115,0.105452171
0.003776777,-1.4797347,-1.4797347,-1.4797293,-1.4797293,-1.4797233,-1.4797236,2.9594288,9.766115,0.105741193
0.003786777,-1.4797302,-1.4797302,-1.47973,-1.47973,-1.4797239,-1.4797237,2.9594288,9.766115,0.106030214
0.003796777,-1.4797347,-1.4797347,-1.4797293,-1.4797293,-1.4797233,-1.4797236,2.9594288,9.766115,0.106319235
0.003806777,-1.4797302,-1.4797302,-1.47973,-1.47973,-1.4797239,-1.4797237,2.9594288,9.766115,0.106608256
0.003816777,-1.4797347,-1.4797347,-1.4797293,-1.4797293,-1.4797233,-1.4797236,2.9594288,9.766115,0.106897277
0.003826777,-1.4797302,-1.4797302,-1.47973,-1.47973,-1.4797239,-1.4797237,2.9594288,9.766115,0.107186299
0.003836777,-1.4797347,-1.4797347,-1.4797293,-1.4797293,-1.4797233,-1.4797236,2.9594288,9.766115,0.10747532
0.003846777,-1.4797302,-1.4797302,-1.47973,-1.47973,-1.4797239,-1.4797237,2.9594288,9.766115,0.107764341
0.003856777,-1.4797347,-1.4797347,-1.4797293,-1.4797293,-1.4797233,-1.4797236,2.9594288,9.766115,0.108053362
0.003866777,-1.4797302,-1.4797302,-1.47973,-1.47973,-1.4797239,-1.4797237,2.9594288,9.766115,0.108342384
0.003876777,-1.4797347,-1.4797347,-1.4797293,-1.4797293,-1.4797233,-1.4797236,2.9594288,9.766115,0.108631405
0.003886777,-1.4797302,-1.4797302,-1.47973,-1.47973,-1.4797239,-1.4797237,2.9594288,9.766115,0.108920426
0.003896777,-1.4797347,-1.4797347,-1.4797293,-1.4797293,-1.4797233,-1.4797236,2.9594288,9.766115,0.109209447
0.003906777,-1.4797302,-1.4797302,-1.47973,-1.47973,-1.4797239,-1.4797237,2.9594288,9.766115,0.109498469
0.003916777,-1.4797347,-1.4797347,-1.4797293,-1.4797293,-1.4797233,-1.4797236,2.9594288,9.766115,0.10978749
0.003926777,-1.4797302,-1.4797302,-1.47973,-1.47973,-1.4797239,-1.4797237,2.9594288,9.766115,0.110076511
0.003936777,-1.4797347,-1.4797347,-1.4797293,-1.4797293,-1.4797233,-1.4797236,2.9594288,9.766115,0.110365532
0.003946777,-1.4797302,-1.4797302,-1.47973,-1.47973,-1.4797239,-1.4797237,2.9594288,9.766115,0.110654553
0.003956777,-1.4797347,-1.4797347,-1.4797293,-1.4797293,-1.4797233,-1.4797236,2.9594288,9.766115,0.110943575
0.003966777,-1.4797302,-1.4797302,-1.47973,-1.47973,-1.4797239,-1.4797237,2.9594288,9.766115,0.111232596
0.003976777,-1.4797347,-1.4797347,-1.4797293,-1.4797293,-1.4797233,-1.4797236,2.9594288,9.766115,0.111521617
0.003986777,-1.4797302,-1.4797302,-1.47973,-1.47973,-1.4797239,-1.4797237,2.9594288,9.766115,0.111810638
0.003996777,-1.4797347,-1.4797347,-1.4797293,-1.4797293,-1.4797233,-1.4797236,2.9594288,9.766115,0.11209966
0.004006777,-1.4797302,-1.4797302,-1.47973,-1.47973,-1.4797239,-1.4797237,2.9594288,9.766115,0.112388681
0.004016777,-1.4797347,-1.4797347,-1.4797293,-1.4797293,-1.4797233,-1.4797236,2.9594288,9.766115,0.112677702
0.004026777,-1.4797302,-1.4797302,-1.47973,-1.47973,-1.4797239,-1.4797237,2.9594288,9.766115,0.112966723
0.004036777,-1.4797347,-1.4797347,-1.4797293,-1.4797293,-1.4797233,-1.4797236,2.9594288,9.766115,0.113255744
0.004046777,-1.4797302,-1.4797302,-1.47973,-1.47973,-1.4797239,-1.4797237,2.9594288,9.766115,0.113544766
0.004056777,-1.4797347,-1.4797347,-1.4797293,-1.4797293,-1.4797233,-1.4797236,2.9594288,9.766115,0.113833787
0.004066777,-1.4797302,-1.4797302,-1.47973,-1.47973,-1.4797239,-1.4797237,2.9594288,9.766115,0.114122808
0.004076777,-1.4797347,-1.4797347,-1.4797293,-1.4797293,-1.4797233,-1.4797236,2.9594288,9.766115,0.114411829
0.004086777,-1.4797302,-1.4797302,-1.47973,-1.47973,-1.4797239,-1.4797237,2.9594288,9.766115,0.114700851
0.004096777,-1.4797347,-1.4797347,-1.4797293,-1.4797293,-1.4797233,-1.4797236,2.9594288,9.766115,0.114989872
0.004106777,-1.4797302,-1.4797302,-1.47973,-1.47973,-1.4797239,-1.4797237,2.9594288,9.766115,0.115278893
0.004116777,-1.4797347,-1.4797347,-1.4797293,-1.4797293,-1.4797233,-1.4797236,2.9594288,9.766115,0.115567914
0.004126777,-1.4797302,-1.4797302,-1.47973,-1.47973,-1.4797239,-1.4797237,2.9594288,9.766115,0.115856935
0.004136777,-1.4797347,-1.4797347,-1.4797293,-1.4797293,-1.4797233,-1.4797236,2.9594288,9.766115,0.116145957
0.004146777,-1.4797302,-1.4797302,-1.47973,-1.47973,-1.4797239,-1.4797237,2.9594288,9.766115,0.116434978
0.004156777,-1.4797347,-1.4797347,-1.4797293,-1.4797293,-1.4797233,-1.4797236,2.9594288,9.766115,0.116723999
0.004166777,-1.4797302,-1.4797302,-1.47973,-1.47973,-1.4797239,-1.4797237,2.9594288,9.766115,0.11701302
0.004176777,-1.4797347,-1.4797347,-1.4797293,-1.4797293,-1.4797233,-1.4797236,2.9594288,9.766115,0.117302042
0.004186777,-1.4797302,-1.4797302,-1.47973,-1.47973,-1.4797239,-1.4797237,2.9594288,9.766115,0.117591063
0.004196777,-1.4797347,-1.4797347,-1.4797293,-1.4797293,-1.4797233,-1.4797236,2.9594288,9.766115,0.117880084
0.004206777,-1.4797302,-1.4797302,-1.47973,-1.47973,-1.4797239,-1.4797237,2.9594288,9.766115,0.118169105
0.004216777,-1.4797347,-1.4797347,-1.4797293,-1.4797293,-1.4797233,-1.4797236,2.9594288,9.766115,0.118458126
0.004226777,-1.4797302,-1.4797302,-1.47973,-1.47973,-1.4797239,-1.4797237,2.9594288,9.766115,0.118747148
0.004236777,-1.4797347,-1.4797347,-1.4797293,-1.4797293,-1.4797233,-1.4797236,2.9594288,9.766115,0.119036169
0.004246777,-1.4797302,-1.4797302,-1.47973,-1.47973,-1.4797239,-1.4797237,2.9594288,9.766115,0.11932519
0.004256777,-1.4797347,-1.4797347,-1.4797293,-1.4797293,-1.4797233,-1.4797236,2.9594288,9.766115,0.119614211
0.004266777,-1.4797302,-1.4797302,-1.47973,-1.47973,-1.4797239,-1.4797237,2.9594288,9.766115,0.119903233
0.004276777,-1.4797347,-1.4797347,-1.4797293,-1.4797293,-1.4797233,-1.4797236,2.9594288,9.766115,0.120192254
0.004286777,-1.4797302,-1.4797302,-1.47973,-1.47973,-1.4797239,-1.4797237,2.9594288,9.766115,0.120481275
0.004296777,-1.4797347,-1.4797347,-1.4797293,-1.4797293,-1.4797233,-1.4797236,2.9594288,9.766115,0.120770296
0.004306777,-1.4797302,-1.4797302,-1.47973,-1.47973,-1.4797239,-1.4797237,2.9594288,9.766115,0.121059318
0.004316777,-1.4797347,-1.4797347,-1.4797293,-1.4797293,-1.4797233,-1.4797236,2.9594288,9.766115,0.121348339
0.004326777,-1.4797302,-1.4797302,-1.47973,-1.47973,-1.4797239,-1.4797237,2.9594288,9.766115,0.12163736
0.004336777,-1.4797347,-1.4797347,-1.4797293,-1.4797293,-1.4797233,-1.4797236,2.9594288,9.766115,0.121926381
0.004346777,-1.4797302,-1.4797302,-1.47973,-1.47973,-1.4797239,-1.4797237,2.9594288,9.766115,0.122215402
0.004356777,-1.4797347,-1.4797347,-1.4797293,-1.4797293,-1.4797233,-1.4797236,2.9594288,9.766115,0.122504424
0.004366777,-1.4797302,-1.4797302,-1.47973,-1.47973,-1.4797239,-1.4797237,2.9594288,9.766115,0.122793445
0.004376777,-1.4797347,-1.4797347,-1.4797293,-1.4797293,-1.4797233,-1.4797236,2.9594288,9.766115,0.123082466
0.004386777,-1.4797302,-1.4797302,-1.47973,-1.47973,-1.4797239,-1.4797237,2.9594288,9.766115,0.123371487
0.004396777,-1.4797347,-1.4797347,-1.4797293,-1.4797293,-1.4797233,-1.4797236,2.9594288,9.766115,0.123660509
0.004406777,-1.4797302,-1.4797302,-1.47973,-1.47973,-1.4797239,-1.4797237,2.9594288,9.766115,0.12394953
0.004416777,-1.4797347,-1.4797347,-1.4797293,-1.4797293,-1.4797233,-1.4797236,2.9594288,9.766115,0.124238551
0.004426777,-1.4797302,-1.4797302,-1.47973,-1.47973,-1.4797239,-1.4797237,2.9594288,9.766115,0.124527572
0.004436777,-1.4797347,-1.4797347,-1.4797293,-1.4797293,-1.4797233,-1.4797236,2.9594288,9.766115,0.124816593
0.004446777,-1.4797302,-1.4797302,-1.47973,-1.47973,-1.4797239,-1.4797237,2.9594288,9.766115,0.125105615
0.004456777,-1.4797347,-1.4797347,-1.4797293,-1.4797293,-1.4797233,-1.4797236,2.9594288,9.766115,0.125394636
0.004466777,-1.4797302,-1.4797302,-1.47973,-1.47973,-1.4797239,-1.4797237,2.9594288,9.766115,0.125683657
0.004476777,-1.4797347,-1.4797347,-1.4797293,-1.4797293,-1.4797233,-1.4797236,2.9594288,9.766115,0.125972678
0.004486777,-1.4797302,-1.4797302,-1.47973,-1.47973,-1.4797239,-1.4797237,2.9594288,9.766115,0.1262617
0.004496777,-1.4797347,-1.4797347,-1.4797293,-1.4797293,-1.4797233,-1.4797236,2.9594288,9.766115,0.126550721
0.004506777,-1.4797302,-1.4797302,-1.47973,-1.47973,-1.4797239,-1.4797237,2.9594288,9.766115,0.126839742
0.004516777,-1.4797347,-1.4797347,-1.4797293,-1.4797293,-1.4797233,-1.4797236,2.9594288,9.766115,0.127128763
0.004526777,-1.4797302,-1.4797302,-1.47973,-1.47973,-1.4797239,-1.4797237,2.9594288,9.766115,0.127417784
0.004536777,-1.4797347,-1.4797347,-1.4797293,-1.4797293,-1.4797233,-1.4797236,2.9594288,9.766115,0.127706806
0.004546777,-1.4797302,-1.4797302,-1.47973,-1.47973,-1.4797239,-1.4797237,2.9594288,9.766115,0.127995827
0.004556777,-1.4797347,-1.4797347,-1.4797293,-1.4797293,-1.4797233,-1.4797236,2.9594288,9.766115,0.128284848
0.004566777,-1.4797302,-1.4797302,-1.47973,-1.47973,-1.4797239,-1.4797237,2.9594288,9.766115,0.128573869
0.004576777,-1.4797347,-1.4797347,-1.4797293,-1.4797293,-1.4797233,-1.4797236,2.9594288,9.766115,0.128862891
0.004586777,-1.4797302,-1.4797302,-1.47973,-1.47973,-1.4797239,-1.4797237,2.9594288,9.766115,0.129151912
0.004596777,-1.4797347,-1.4797347,-1.4797293,-1.4797293,-1.4797233,-1.4797236,2.9594288,9.766115,0.129440933
0.004606777,-1.4797302,-1.4797302,-1.47973,-1.47973,-1.4797239,-1.4797237,2.9594288,9.766115,0.129729954
0.004616777,-1.4797347,-1.4797347,-1.4797293,-1.4797293,-1.4797233,-1.4797236,2.9594288,9.766115,0.130018975
0.004626777,-1.4797302,-1.4797302,-1.47973,-1.47973,-1.4797239,-1.4797237,2.9594288,9.766115,0.130307997
0.004636777,-1.4797347,-1.4797347,-1.4797293,-1.4797293,-1.4797233,-1.4797236,2.9594288,9.766115,0.130597018
0.004646777,-1.4797302,-1.4797302,-1.47973,-1.47973,-1.4797239,-1.4797237,2.9594288,9.766115,0.130886039
0.004656777,-1.4797347,-1.4797347,-1.4797293,-1.4797293,-1.4797233,-1.4797236,2.9594288,9.766115,0.13117506
0.004666777,-1.4797302,-1.4797302,-1.47973,-1.47973,-1.4797239,-1.4797237,2.9594288,9.766115,0.131464082
0.004676777,-1.4797347,-1.4797347,-1.4797293,-1.4797293,-1.4797233,-1.4797236,2.9594288,9.766115,0.131753103
0.004686777,-1.4797302,-1.4797302,-1.47973,-1.47973,-1.4797239,-1.4797237,2.9594288,9.766115,0.132042124
0.004696777,-1.4797347,-1.4797347,-1.4797293,-1.4797293,-1.4797233,-1.4797236,2.9594288,9.766115,0.132331145
0.004706777,-1.4797302,-1.4797302,-1.47973,-1.47973,-1.4797239,-1.4797237,2.9594288,9.766115,0.132620166
0.004716777,-1.4797347,-1.4797347,-1.4797293,-1.4797293,-1.4797233,-1.4797236,2.9594288,9.766115,0.132909188
0.004726777,-1.4797302,-1.4797302,-1.47973,-1.47973,-1.4797239,-1.4797237,2.9594288,9.766115,0.133198209
0.004736777,-1.4797347,-1.4797347,-1.4797293,-1.4797293,-1.4797233,-1.4797236,2.9594288,9.766115,0.13348723
0.004746777,-1.4797302,-1.4797302,-1.47973,-1.47973,-1.4797239,-1.4797237,2.9594288,9.766115,0.133776251
0.004756777,-1.4797347,-1.4797347,-1.4797293,-1.4797293,-1.4797233,-1.4797236,2.9594288,9.766115,0.134065273
0.004766777,-1.4797302,-1.4797302,-1.47973,-1.47973,-1.4797239,-1.4797237,2.9594288,9.766115,0.134354294
0.004776777,-1.4797347,-1.4797347,-1.4797293,-1.4797293,-1.4797233,-1.4797236,2.9594288,9.766115,0.134643315
0.004786777,-1.4797302,-1.4797302,-1.47973,-1.47973,-1.4797239,-1.4797237,2.9594288,9.766115,0.134932336
0.004796777,-1.4797347,-1.4797347,-1.4797293,-1.4797293,-1.4797233,-1.4797236,2.9594288,9.766115,0.135221358
0.004806777,-1.4797302,-1.4797302,-1.47973,-1.47973,-1.4797239,-1.4797237,2.9594288,9.766115,0.135510379
0.004816777,-1.4797347,-1.4797347,-1.4797293,-1.4797293,-1.4797233,-1.4797236,2.9594288,9.766115,0.1357994
0.004826777,-1.4797302,-1.4797302,-1.47973,-1.47973,-1.4797239,-1.4797237,2.9594288,9.766115,0.136088421
0.004836777,-1.4797347,-1.4797347,-1.4797293,-1.4797293,-1.4797233,-1.4797236,2.9594288,9.766115,0.136377442
0.004846777,-1.4797302,-1.4797302,-1.47973,-1.47973,-1.4797239,-1.4797237,2.9594288,9.766115,0.136666464
0.004856777,-1.4797347,-1.4797347,-1.4797293,-1.4797293,-1.4797233,-1.4797236,2.9594288,9.766115,0.136955485
0.004866777,-1.4797302,-1.4797302,-1.47973,-1.47973,-1.4797239,-1.4797237,2.9594288,9.766115,0.137244506
0.004876777,-1.4797347,-1.4797347,-1.4797293,-1.4797293,-1.4797233,-1.4797236,2.9594288,9.766115,0.137533527
0.004886777,-1.4797302,-1.4797302,-1.47973,-1.47973,-1.4797239,-1.4797237,2.9594288,9.766115,0.137822549
0.004896777,-1.4797347,-1.4797347,-1.4797293,-1.4797293,-1.4797233,-1.4797236,2.9594288,9.766115,0.13811157
0.004906777,-1.4797302,-1.4797302,-1.47973,-1.47973,-1.4797239,-1.4797237,2.9594288,9.766115,0.138400591
0.004916777,-1.4797347,-1.4797347,-1.4797293,-1.4797293,-1.4797233,-1.4797236,2.9594288,9.766115,0.138689612
0.004926777,-1.4797302,-1.4797302,-1.47973,-1.47973,-1.4797239,-1.4797237,2.9594288,9.766115,0.138978633
0.004936777,-1.4797347,-1.4797347,-1.4797293,-1.4797293,-1.4797233,-1.4797236,2.9594288,9.766115,0.139267655
0.004946777,-1.4797302,-1.4797302,-1.47973,-1.47973,-1.4797239,-1.4797237,2.9594288,9.766115,0.139556676
0.004956777,-1.4797347,-1.4797347,-1.4797293,-1.4797293,-1.4797233,-1.4797236,2.9594288,9.766115,0.139845697
0.004966777,-1.4797302,-1.4797302,-1.47973,-1.47973,-1.4797239,-1.4797237,2.9594288,9.766115,0.140134718
0.004976777,-1.4797347,-1.4797347,-1.4797293,-1.4797293,-1.4797233,-1.4797236,2.9594288,9.766115,0.14042374
0.004986777,-1.4797302,-1.4797302,-1.47973,-1.47973,-1.4797239,-1.4797237,2.9594288,9.766115,0.140712761
0.004996777,-1.4797347,-1.4797347,-1.4797293,-1.4797293,-1.4797233,-1.4797236,2.9594288,9.766115,0.141001782
0.005006777,-1.4797302,-1.4797302,-1.47973,-1.47973,-1.4797239,-1.4797237,2.9594288,9.766115,0.141290803
0.005016777,-1.4797347,-1.4797347,-1.4797293,-1.4797293,-1.4797233,-1.4797236,2.9594288,9.766115,0.141579824
0.005026777,-1.4797302,-1.4797302,-1.47973,-1.47973,-1.4797239,-1.4797237,2.9594288,9.766115,0.141868846
0.005036777,-1.4797347,-1.4797347,-1.4797293,-1.4797293,-1.4797233,-1.4797236,2.9594288,9.766115,0.142157867
0.005046777,-1.4797302,-1.4797302,-1.47973,-1.47973,-1.4797239,-1.4797237,2.9594288,9.766115,0.142446888
0.005056777,-1.4797347,-1.4797347,-1.4797293,-1.4797293,-1.4797233,-1.4797236,2.9594288,9.766115,0.142735909
0.005066777,-1.4797302,-1.4797302,-1.47973,-1.47973,-1.4797239,-1.4797237,2.9594288,9.766115,0.143024931
0.005076777,-1.4797347,-1.4797347,-1.4797293,-1.4797293,-1.4797233,-1.4797236,2.9594288,9.766115,0.143313952
0.005086777,-1.4797302,-1.4797302,-1.47973,-1.47973,-1.4797239,-1.4797237,2.9594288,9.766115,0.143602973
0.005096777,-1.4797347,-1.4797347,-1.4797293,-1.4797293,-1.4797233,-1.4797236,2.9594288,9.766115,0.143891994
0.005106777,-1.4797302,-1.4797302,-1.47973,-1.47973,-1.4797239,-1.4797237,2.9594288,9.766115,0.144181015
0.005116777,-1.4797347,-1.4797347,-1.4797293,-1.4797293,-1.4797233,-1.4797236,2.9594288,9.766115,0.144470037
0.005126777,-1.4797302,-1.4797302,-1.47973,-1.47973,-1.4797239,-1.4797237,2.9594288,9.766115,0.144759058
0.005136777,-1.4797347,-1.4797347,-1.4797293,-1.4797293,-1.4797233,-1.4797236,2.9594288,9.766115,0.145048079
0.005146777,-1.4797302,-1.4797302,-1.47973,-1.47973,-1.4797239,-1.4797237,2.9594288,9.766115,0.1453371
0.005156777,-1.4797347,-1.4797347,-1.4797293,-1.4797293,-1.4797233,-1.4797236,2.9594288,9.766115,0.145626122
0.005166777,-1.4797302,-1.4797302,-1.47973,-1.47973,-1.4797239,-1.4797237,2.9594288,9.766115,0.145915143
0.005176777,-1.4797347,-1.4797347,-1.4797293,-1.4797293,-1.4797233,-1.4797236,2.9594288,9.766115,0.146204164
0.005186777,-1.4797302,-1.4797302,-1.47973,-1.47973,-1.4797239,-1.4797237,2.9594288,9.766115,0.146493185
0.005196777,-1.4797347,-1.4797347,-1.4797293,-1.4797293,-1.4797233,-1.4797236,2.9594288,9.766115,0.146782207
0.005206777,-1.4797302,-1.4797302,-1.47973,-1.47973,-1.4797239,-1.4797237,2.9594288,9.766115,0.147071228
0.005216777,-1.4797347,-1.4797347,-1.4797293,-1.4797293,-1.4797233,-1.4797236,2.9594288,9.766115,0.147360249
0.005226777,-1.4797302,-1.4797302,-1.47973,-1.47973,-1.4797239,-1.4797237,2.9594288,9.766115,0.14764927
0.005236777,-1.4797347,-1.4797347,-1.4797293,-1.4797293,-1.4797233,-1.4797236,2.9594288,9.766115,0.147938291
0.005246777,-1.4797302,-1.4797302,-1.47973,-1.47973,-1.4797239,-1.4797237,2.9594288,9.766115,0.148227313
0.005256777,-1.4797347,-1.4797347,-1.4797293,-1.4797293,-1.4797233,-1.4797236,2.9594288,9.766115,0.148516334
0.005266777,-1.4797302,-1.4797302,-1.47973,-1.47973,-1.4797239,-1.4797237,2.9594288,9.766115,0.148805355
0.005276777,-1.4797347,-1.4797347,-1.4797293,-1.4797293,-1.4797233,-1.4797236,2.9594288,9.766115,0.149094376
0.005286777,-1.4797302,-1.4797302,-1.47973,-1.47973,-1.4797239,-1.4797237,2.9594288,9.766115,0.149383398
0.005296777,-1.4797347,-1.4797347,-1.4797293,-1.4797293,-1.4797233,-1.4797236,2.9594288,9.766115,0.149672419
0.005306777,-1.4797302,-1.4797302,-1.47973,-1.47973,-1.4797239,-1.4797237,2.9594288,9.766115,0.14996144
0.005316777,-1.4797347,-1.4797347,-1.4797293,-1.4797293,-1.4797233,-1.4797236,2.9594288,9.766115,0.150250461
0.005326777,-1.4797302,-1.4797302,-1.47973,-1.47973,-1.4797239,-1.4797237,2.9594288,9.766115,0.150539482
0.005336777,-1.4797347,-1.4797347,-1.4797293,-1.4797293,-1.4797233,-1.4797236,2.9594288,9.766115,0.150828504
0.005346777,-1.4797302,-1.4797302,-1.47973,-1.47973,-1.4797239,-1.4797237,2.9594288,9.766115,0.151117525
0.005356777,-1.4797347,-1.4797347,-1.4797293,-1.4797293,-1.4797233,-1.4797236,2.9594288,9.766115,0.151406546
0.005366777,-1.4797302,-1.4797302,-1.47973,-1.47973,-1.4797239,-1.4797237,2.9594288,9.766115,0.151695567
0.005376777,-1.4797347,-1.4797347,-1.4797293,-1.4797293,-1.4797233,-1.4797236,2.9594288,9.766115,0.151984589
0.005386777,-1.4797302,-1.4797302,-1.47973,-1.47973,-1.4797239,-1.4797237,2.9594288,9.766115,0.15227361
0.005396777,-1.4797347,-1.4797347,-1.4797293,-1.4797293,-1.4797233,-1.4797236,2.9594288,9.766115,0.152562631
0.005406777,-1.4797302,-1.4797302,-1.47973,-1.47973,-1.4797239,-1.4797237,2.9594288,9.766115,0.152851652
0.005416777,-1.4797347,-1.4797347,-1.4797293,-1.4797293,-1.4797233,-1.4797236,2.9594288,9.766115,0.153140673
0.005426777,-1.4797302,-1.4797302,-1.47973,-1.47973,-1.4797239,-1.4797237,2.9594288,9.766115,0.153429695
0.005436777,-1.4797347,-1.4797347,-1.4797293,-1.4797293,-1.4797233,-1.4797236,2.9594288,9.766115,0.153718716
0.005446777,-1.4797302,-1.4797302,-1.47973,-1.47973,-1.4797239,-1.4797237,2.9594288,9.766115,0.154007737
0.005456777,-1.4797347,-1.4797347,-1.4797293,-1.4797293,-1.4797233,-1.4797236,2.9594288,9.766115,0.154296758
0.005466777,-1.4797302,-1.4797302,-1.47973,-1.47973,-1.4797239,-1.4797237,2.9594288,9.766115,0.15458578
0.005476777,-1.4797347,-1.4797347,-1.4797293,-1.4797293,-1.4797233,-1.4797236,2.9594288,9.766115,0.154874801
0.005486777,-1.4797302,-1.4797302,-1.47973,-1.47973,-1.4797239,-1.4797237,2.9594288,9.766115,0.155163822
0.005496777,-1.4797347,-1.4797347,-1.4797293,-1.4797293,-1.4797233,-1.4797236,2.9594288,9.766115,0.155452843
0.005506777,-1.4797302,-1.4797302,-1.47973,-1.47973,-1.4797239,-1.4797237,2.9594288,9.766115,0.155741864
0.005516777,-1.4797347,-1.4797347,-1.4797293,-1.4797293,-1.4797233,-1.4797236,2.9594288,9.766115,0.156030886
0.005526777,-1.4797302,-1.4797302,-1.47973,-1.47973,-1.4797239,-1.4797237,2.9594288,9.766115,0.156319907
0.005536777,-1.4797347,-1.4797347,-1.4797293,-1.4797293,-1.4797233,-1.4797236,2.9594288,9.766115,0.156608928
0.005546777,-1.4797302,-1.4797302,-1.47973,-1.47973,-1.4797239,-1.4797237,2.9594288,9.766115,0.156897949
0.005556777,-1.4797347,-1.4797347,-1.4797293,-1.4797293,-1.4797233,-1.4797236,2.9594288,9.766115,0.157186971
0.005566777,-1.4797302,-1.4797302,-1.47973,-1.47973,-1.4797239,-1.4797237,2.9594288,9.766115,0.157475992
0.005576777,-1.4797347,-1.4797347,-1.4797293,-1.4797293,-1.4797233,-1.4797236,2.9594288,9.766115,0.157765013
0.005586777,-1.4797302,-1.4797302,-1.47973,-1.47973,-1.4797239,-1.4797237,2.9594288,9.766115,0.158054034
0.005596777,-1.4797347,-1.4797347,-1.4797293,-1.4797293,-1.4797233,-1.4797236,2.9594288,9.766115,0.158343056
0.005606777,-1.4797302,-1.4797302,-1.47973,-1.47973,-1.4797239,-1.4797237,2.9594288,9.766115,0.158632077
0.005616777,-1.4797347,-1.4797347,-1.4797293,-1.4797293,-1.4797233,-1.4797236,2.9594288,9.766115,0.158921098
0.005626777,-1.4797302,-1.4797302,-1.47973,-1.47973,-1.4797239,-1.4797237,2.9594288,9.766115,0.159210119
0.005636777,-1.4797347,-1.4797347,-1.4797293,-1.4797293,-1.4797233,-1.4797236,2.9594288,9.766115,0.15949914
0.005646777,-1.4797302,-1.4797302,-1.47973,-1.47973,-1.4797239,-1.4797237,2.9594288,9.766115,0.159788162
0.005656777,-1.4797347,-1.4797347,-1.4797293,-1.4797293,-1.4797233,-1.4797236,2.9594288,9.766115,0.160077183
0.005666777,-1.4797302,-1.4797302,-1.47973,-1.47973,-1.4797239,-1.4797237,2.9594288,9.766115,0.160366204
0.005676777,-1.4797347,-1.4797347,-1.4797293,-1.4797293,-1.4797233,-1.4797236,2.9594288,9.766115,0.160655225
0.005686777,-1.4797302,-1.4797302,-1.47973,-1.47973,-1.4797239,-1.4797237,2.9594288,9.766115,0.160944247
0.005696777,-1.4797347,-1.4797347,-1.4797293,-1.4797293,-1.4797233,-1.4797236,2.9594288,9.766115,0.161233268
0.005706777,-1.4797302,-1.4797302,-1.47973,-1.47973,-1.4797239,-1.4797237,2.9594288,9.766115,0.161522289
0.005716777,-1.4797347,-1.4797347,-1.4797293,-1.4797293,-1.4797233,-1.4797236,2.9594288,9.766115,0.16181131
0.005726777,-1.4797302,-1.4797302,-1.47973,-1.47973,-1.4797239,-1.4797237,2.9594288,9.766115,0.162100331
0.005736777,-1.4797347,-1.4797347,-1.4797293,-1.4797293,-1.4797233,-1.4797236,2.9594288,9.766115,0.162389353
0.005746777,-1.4797302,-1.4797302,-1.47973,-1.47973,-1.4797239,-1.4797237,2.9594288,9.766115,0.162678374
0.005756777,-1.4797347,-1.4797347,-1.4797293,-1.4797293,-1.4797233,-1.4797236,2.9594288,9.766115,0.162967395
0.005766777,-1.4797302,-1.4797302,-1.47973,-1.47973,-1.4797239,-1.4797237,2.9594288,9.766115,0.163256416
0.005776777,-1.4797347,-1.4797347,-1.4797293,-1.4797293,-1.4797233,-1.4797236,2.9594288,9.766115,0.163545438
0.005786777,-1.4797302,-1.4797302,-1.47973,-1.47973,-1.4797239,-1.4797237,2.9594288,9.766115,0.163834459
0.005796777,-1.4797347,-1.4797347,-1.4797293,-1.4797293,-1.4797233,-1.4797236,2.9594288,9.766115,0.16412348
0.005806777,-1.4797302,-1.4797302,-1.47973,-1.47973,-1.4797239,-1.4797237,2.9594288,9.766115,0.164412501
0.005816777,-1.4797347,-1.4797347,-1.4797293,-1.4797293,-1.4797233,-1.4797236,2.9594288,9.766115,0.164701522
0.005826777,-1.4797302,-1.4797302,-1.47973,-1.47973,-1.4797239,-1.4797237,2.9594288,9.766115,0.164990544
0.005836777,-1.4797347,-1.4797347,-1.4797293,-1.4797293,-1.4797233,-1.4797236,2.9594288,9.766115,0.165279565
0.005846777,-1.4797302,-1.4797302,-1.47973,-1.47973,-1.4797239,-1.4797237,2.9594288,9.766115,0.165568586
0.005856777,-1.4797347,-1.4797347,-1.4797293,-1.4797293,-1.4797233,-1.4797236,2.9594288,9.766115,0.165857607
0.005866777,-1.4797302,-1.4797302,-1.47973,-1.47973,-1.4797239,-1.4797237,2.9594288,9.766115,0.166146629
0.005876777,-1.4797347,-1.4797347,-1.4797293,-1.4797293,-1.4797233,-1.4797236,2.9594288,9.766115,0.16643565
0.005886777,-1.4797302,-1.4797302,-1.47973,-1.47973,-1.4797239,-1.4797237,2.9594288,9.766115,0.166724671
0.005896777,-1.4797347,-1.4797347,-1.4797293,-1.4797293,-1.4797233,-1.4797236,2.9594288,9.766115,0.167013692
0.005906777,-1.4797302,-1.4797302,-1.47973,-1.47973,-1.4797239,-1.4797237,2.9594288,9.766115,0.167302713
0.005916777,-1.4797347,-1.4797347,-1.4797293,-1.4797293,-1.4797233,-1.4797236,2.9594288,9.766115,0.167591735
0.005926777,-1.4797302,-1.4797302,-1.47973,-1.47973,-1.4797239,-1.4797237,2.9594288,9.766115,0.167880756
0.005936777,-1.4797347,-1.4797347,-1.4797293,-1.4797293,-1.4797233,-1.4797236,2.9594288,9.766115,0.168169777
0.005946777,-1.4797302,-1.4797302,-1.47973,-1.47973,-1.4797239,-1.4797237,2.9594288,9.766115,0.168458798
0.005956777,-1.4797347,-1.4797347,-1.4797293,-1.4797293,-1.4797233,-1.4797236,2.9594288,9.766115,0.16874782
0.005966777,-1.4797302,-1.4797302,-1.47973,-1.47973,-1.4797239,-1.4797237,2.9594288,9.766115,0.169036841
0.005976777,-1.4797347,-1.4797347,-1.4797293,-1.4797293,-1.4797233,-1.4797236,2.9594288,9.766115,0.169325862
0.005986777,-1.4797302,-1.4797302,-1.47973,-1.47973,-1.4797239,-1.4797237,2.9594288,9.766115,0.169614883
0.005996777,-1.4797347,-1.4797347,-1.4797293,-1.4797293,-1.4797233,-1.4797236,2.9594288,9.766115,0.169903905
0.006006777,-1.4797302,-1.4797302,-1.47973,-1.47973,-1.4797239,-1.4797237,2.9594288,9.766115,0.170192926
0.006016777,-1.4797347,-1.4797347,-1.4797293,-1.4797293,-1.4797233,-1.4797236,2.9594288,9.766115,0.170481947
0.006026777,-1.4797302,-1.4797302,-1.47973,-1.47973,-1.4797239,-1.4797237,2.9594288,9.766115,0.170770968
0.006036777,-1.4797347,-1.4797347,-1.4797293,-1.4797293,-1.4797233,-1.4797236,2.9594288,9.766115,0.171059989
0.006046777,-1.4797302,-1.4797302,-1.47973,-1.47973,-1.4797239,-1.4797237,2.9594288,9.766115,0.171349011
0.006056777,-1.4797347,-1.4797347,-1.4797293,-1.4797293,-1.4797233,-1.4797236,2.9594288,9.766115,0.171638032
0.006066777,-1.4797302,-1.4797302,-1.47973,-1.47973,-1.4797239,-1.4797237,2.9594288,9.766115,0.171927053
0.006076777,-1.4797347,-1.4797347,-1.4797293,-1.4797293,-1.4797233,-1.4797236,2.9594288,9.766115,0.172216074
0.006086777,-1.4797302,-1.4797302,-1.47973,-1.47973,-1.4797239,-1.4797237,2.9594288,9.766115,0.172505096
0.006096777,-1.4797347,-1.4797347,-1.4797293,-1.4797293,-1.4797233,-1.4797236,2.9594288,9.766115,0.172794117
0.006106777,-1.4797302,-1.4797302,-1.47973,-1.47973,-1.4797239,-1.4797237,2.9594288,9.766115,0.173083138
0.006116777,-1.4797347,-1.4797347,-1.4797293,-1.4797293,-1.4797233,-1.4797236,2.9594288,9.766115,0.173372159
0.006126777,-1.4797302,-1.4797302,-1.47973,-1.47973,-1.4797239,-1.4797237,2.9594288,9.766115,0.17366118
0.006136777,-1.4797347,-1.4797347,-1.4797293,-1.4797293,-1.4797233,-1.4797236,2.9594288,9.766115,0.173950202
0.006146777,-1.4797302,-1.4797302,-1.47973,-1.47973,-1.4797239,-1.4797237,2.9594288,9.766115,0.174239223
0.006156777,-1.4797347,-1.4797347,-1.4797293,-1.4797293,-1.4797233,-1.4797236,2.9594288,9.766115,0.174528244
0.006166777,-1.4797302,-1.4797302,-1.47973,-1.47973,-1.4797239,-1.4797237,2.9594288,9.766115,0.174817265
0.006176777,-1.4797347,-1.4797347,-1.4797293,-1.4797293,-1.4797233,-1.4797236,2.9594288,9.766115,0.175106287
0.006186777,-1.4797302,-1.4797302,-1.47973,-1.47973,-1.4797239,-1.4797237,2.9594288,9.766115,0.175395308
0.006196777,-1.4797347,-1.4797347,-1.4797293,-1.4797293,-1.4797233,-1.4797236,2.9594288,9.766115,0.175684329
0.006206777,-1.4797302,-1.4797302,-1.47973,-1.47973,-1.4797239,-1.4797237,2.9594288,9.766115,0.17597335
0.006216777,-1.4797347,-1.4797347,-1.4797293,-1.4797293,-1.4797233,-1.4797236,2.9594288,9.766115,0.176262371
0.006226777,-1.4797302,-1.4797302,-1.47973,-1.47973,-1.4797239,-1.4797237,2.9594288,9.766115,0.176551393
0.006236777,-1.4797347,-1.4797347,-1.4797293,-1.4797293,-1.4797233,-1.4797236,2.9594288,9.766115,0.176840414
0.006246777,-1.4797302,-1.4797302,-1.47973,-1.47973,-1.4797239,-1.4797237,2.9594288,9.766115,0.177129435
0.006256777,-1.4797347,-1.4797347,-1.4797293,-1.4797293,-1.4797233,-1.4797236,2.9594288,9.766115,0.177418456
0.006266777,-1.4797302,-1.4797302,-1.47973,-1.47973,-1.4797239,-1.4797237,2.9594288,9.766115,0.177707478
0.006276777,-1.4797347,-1.4797347,-1.4797293,-1.4797293,-1.4797233,-1.4797236,2.9594288,9.766115,0.177996499
0.006286777,-1.4797302,-1.4797302,-1.47973,-1.47973,-1.4797239,-1.4797237,2.9594288,9.766115,0.17828552
0.006296777,-1.4797347,-1.4797347,-1.4797293,-1.4797293,-1.4797233,-1.4797236,2.9594288,9.766115,0.178574541
0.006306777,-1.4797302,-1.4797302,-1.47973,-1.47973,-1.4797239,-1.4797237,2.9594288,9.766115,0.178863562
0.006316777,-1.4797347,-1.4797347,-1.4797293,-1.4797293,-1.4797233,-1.4797236,2.9594288,9.766115,0.179152584
0.006326777,-1.4797302,-1.4797302,-1.47973,-1.47973,-1.4797239,-1.4797237,2.9594288,9.766115,0.179441605
0.006336777,-1.4797347,-1.4797347,-1.4797293,-1.4797293,-1.4797233,-1.4797236,2.9594288,9.766115,0.179730626
0.006346777,-1.4797302,-1.4797302,-1.47973,-1.47973,-1.4797239,-1.4797237,2.9594288,9.766115,0.180019647
0.006356777,-1.4797347,-1.4797347,-1.4797293,-1.4797293,-1.4797233,-1.4797236,2.9594288,9.766115,0.180308669
0.006366777,-1.4797302,-1.4797302,-1.47973,-1.47973,-1.4797239,-1.4797237,2.9594288,9.766115,0.18059769
0.006376777,-1.4797347,-1.4797347,-1.4797293,-1.4797293,-1.4797233,-1.4797236,2.9594288,9.766115,0.180886711
0.006386777,-1.4797302,-1.4797302,-1.47973,-1.47973,-1.4797239,-1.4797237,2.9594288,9.766115,0.181175732
0.006396777,-1.4797347,-1.4797347,-1.4797293,-1.4797293,-1.4797233,-1.4797236,2.9594288,9.766115,0.181464754
0.006406777,-1.4797302,-1.4797302,-1.47973,-1.47973,-1.4797239,-1.4797237,2.9594288,9.766115,0.181753775
0.006416777,-1.4797347,-1.4797347,-1.4797293,-1.4797293,-1.4797233,-1.4797236,2.9594288,9.766115,0.182042796
0.006426777,-1.4797302,-1.4797302,-1.47973,-1.47973,-1.4797239,-1.4797237,2.9594288,9.766115,0.182331817
0.006436777,-1.4797347,-1.4797347,-1.4797293,-1.4797293,-1.4797233,-1.4797236,2.9594288,9.766115,0.182620838
0.006446777,-1.4797302,-1.4797302,-1.47973,-1.47973,-1.4797239,-1.4797237,2.9594288,9.766115,0.18290986
0.006456777,-1.4797347,-1.4797347,-1.4797293,-1.4797293,-1.4797233,-1.4797236,2.9594288,9.766115,0.183198881
0.006466777,-1.4797302,-1.4797302,-1.47973,-1.47973,-1.4797239,-1.4797237,2.9594288,9.766115,0.183487902
0.006476777,-1.4797347,-1.4797347,-1.4797293,-1.4797293,-1.4797233,-1.4797236,2.9594288,9.766115,0.183776923
0.006486777,-1.4797302,-1.4797302,-1.47973,-1.47973,-1.4797239,-1.4797237,2.9594288,9.766115,0.184065945
0.006496777,-1.4797347,-1.4797347,-1.4797293,-1.4797293,-1.4797233,-1.4797236,2.9594288,9.766115,0.184354966
0.006506777,-1.4797302,-1.4797302,-1.47973,-1.47973,-1.4797239,-1.4797237,2.9594288,9.766115,0.184643987
0.006516777,-1.4797347,-1.4797347,-1.4797293,-1.4797293,-1.4797233,-1.4797236,2.9594288,9.766115,0.184933008
0.006526777,-1.4797302,-1.4797302,-1.47973,-1.47973,-1.4797239,-1.4797237,2.9594288,9.766115,0.185222029
0.006536777,-1.4797347,-1.4797347,-1.4797293,-1.4797293,-1.4797233,-1.4797236,2.9594288,9.766115,0.185511051
0.006546777,-1.4797302,-1.4797302,-1.47973,-1.47973,-1.4797239,-1.4797237,2.9594288,9.766115,0.185800072
0.006556777,-1.4797347,-1.4797347,-1.4797293,-1.4797293,-1.4797233,-1.4797236,2.9594288,9.766115,0.186089093
0.006566777,-1.4797302,-1.4797302,-1.47973,-1.47973,-1.4797239,-1.4797237,2.9594288,9.766115,0.186378114
0.006576777,-1.4797347,-1.4797347,-1.4797293,-1.4797293,-1.4797233,-1.4797236,2.9594288,9.766115,0.186667136
0.006586777,-1.4797302,-1.4797302,-1.47973,-1.47973,-1.4797239,-1.4797237,2.9594288,9.766115,0.186956157
0.006596777,-1.4797347,-1.4797347,-1.4797293,-1.4797293,-1.4797233,-1.4797236,2.9594288,9.766115,0.187245178
0.006606777,-1.4797302,-1.4797302,-1.47973,-1.47973,-1.4797239,-1.4797237,2.9594288,9.766115,0.187534199
0.006616777,-1.4797347,-1.4797347,-1.4797293,-1.4797293,-1.4797233,-1.4797236,2.9594288,9.766115,0.18782322
0.006626777,-1.4797302,-1.4797302,-1.47973,-1.47973,-1.4797239,-1.4797237,2.9594288,9.766115,0.188112242
0.006636777,-1.4797347,-1.4797347,-1.4797293,-1.4797293,-1.4797233,-1.4797236,2.9594288,9.766115,0.188401263
0.006646777,-1.4797302,-1.4797302,-1.47973,-1.47973,-1.4797239,-1.4797237,2.9594288,9.766115,0.188690284
0.006656777,-1.4797347,-1.4797347,-1.4797293,-1.4797293,-1.4797233,-1.4797236,2.9594288,9.766115,0.188979305
0.006666777,-1.4797302,-1.4797302,-1.47973,-1.47973,-1.4797239,-1.4797237,2.9594288,9.766115,0.189268327
0.006676777,-1.4797347,-1.4797347,-1.4797293,-1.4797293,-1.4797233,-1.4797236,2.9594288,9.766115,0.189557348
0.006686777,-1.4797302,-1.4797302,-1.47973,-1.47973,-1.4797239,-1.4797237,2.9594288,9.766115,0.189846369
0.006696777,-1.4797347,-1.4797347,-1.4797293,-1.4797293,-1.4797233,-1.4797236,2.9594288,9.766115,0.19013539
0.006706777,-1.4797302,-1.4797302,-1.47973,-1.47973,-1.4797239,-1.4797237,2.9594288,9.766115,0.190424411
0.006716777,-1.4797347,-1.4797347,-1.4797293,-1.4797293,-1.4797233,-1.4797236,2.9594288,9.766115,0.190713433
0.006726777,-1.4797302,-1.4797302,-1.47973,-1.47973,-1.4797239,-1.4797237,2.9594288,9.766115,0.191002454
0.006736777,-1.4797347,-1.4797347,-1.4797293,-1.4797293,-1.4797233,-1.4797236,2.9594288,9.766115,0.191291475
0.006746777,-1.4797302,-1.4797302,-1.47973,-1.47973,-1.4797239,-1.4797237,2.9594288,9.766115,0.191580496
0.006756777,-1.4797347,-1.4797347,-1.4797293,-1.4797293,-1.4797233,-1.4797236,2.9594288,9.766115,0.191869518
0.006766777,-1.4797302,-1.4797302,-1.47973,-1.47973,-1.4797239,-1.4797237,2.9594288,9.766115,0.192158539
0.006776777,-1.4797347,-1.4797347,-1.4797293,-1.4797293,-1.4797233,-1.4797236,2.9594288,9.766115,0.19244756
0.006786777,-1.4797302,-1.4797302,-1.47973,-1.47973,-1.4797239,-1.4797237,2.9594288,9.766115,0.192736581
0.006796777,-1.4797347,-1.4797347,-1.4797293,-1.4797293,-1.4797233,-1.4797236,2.9594288,9.766115,0.193025603
0.006806777,-1.4797302,-1.4797302,-1.47973,-1.47973,-1.4797239,-1.4797237,2.9594288,9.766115,0.193314624
0.006816777,-1.4797347,-1.4797347,-1.4797293,-1.4797293,-1.4797233,-1.4797236,2.9594288,9.766115,0.193603645
0.006826777,-1.4797302,-1.4797302,-1.47973,-1.47973,-1.4797239,-1.4797237,2.9594288,9.766115,0.193892666
0.006836777,-1.4797347,-1.4797347,-1.4797293,-1.4797293,-1.4797233,-1.4797236,2.9594288,9.766115,0.194181687
0.006846777,-1.4797302,-1.4797302,-1.47973,-1.47973,-1.4797239,-1.4797237,2.9594288,9.766115,0.194470709
0.006856777,-1.4797347,-1.4797347,-1.4797293,-1.4797293,-1.4797233,-1.4797236,2.9594288,9.766115,0.19475973
0.006866777,-1.4797302,-1.4797302,-1.47973,-1.47973,-1.4797239,-1.4797237,2.9594288,9.766115,0.195048751
0.006876777,-1.4797347,-1.4797347,-1.4797293,-1.4797293,-1.4797233,-1.4797236,2.9594288,9.766115,0.195337772
0.006886777,-1.4797302,-1.4797302,-1.47973,-1.47973,-1.4797239,-1.4797237,2.9594288,9.766115,0.195626794
0.006896777,-1.4797347,-1.4797347,-1.4797293,-1.4797293,-1.4797233,-1.4797236,2.9594288,9.766115,0.195915815
0.006906777,-1.4797302,-1.4797302,-1.47973,-1.47973,-1.4797239,-1.4797237,2.9594288,9.766115,0.196204836
0.006916777,-1.4797347,-1.4797347,-1.4797293,-1.4797293,-1.4797233,-1.4797236,2.9594288,9.766115,0.196493857
0.006926777,-1.4797302,-1.4797302,-1.47973,-1.47973,-1.4797239,-1.4797237,2.9594288,9.766115,0.196782878
0.006936777,-1.4797347,-1.4797347,-1.4797293,-1.4797293,-1.4797233,-1.4797236,2.9594288,9.766115,0.1970719
0.006946777,-1.4797302,-1.4797302,-1.47973,-1.47973,-1.4797239,-1.4797237,2.9594288,9.766115,0.197360921
0.006956777,-1.4797347,-1.4797347,-1.4797293,-1.4797293,-1.4797233,-1.4797236,2.9594288,9.766115,0.197649942
0.006966777,-1.4797302,-1.4797302,-1.47973,-1.47973,-1.4797239,-1.4797237,2.9594288,9.766115,0.197938963
0.006976777,-1.4797347,-1.4797347,-1.4797293,-1.4797293,-1.4797233,-1.4797236,2.9594288,9.766115,0.198227985
0.006986777,-1.4797302,-1.4797302,-1.47973,-1.47973,-1.4797239,-1.4797237,2.9594288,9.766115,0.198517006
0.006996777,-1.4797347,-1.4797347,-1.4797293,-1.4797293,-1.4797233,-1.4797236,2.9594288,9.766115,0.198806027
0.007006777,-1.4797302,-1.4797302,-1.47973,-1.47973,-1.4797239,-1.4797237,2.9594288,9.766115,0.199095048
0.007016777,-1.4797347,-1.4797347,-1.4797293,-1.4797293,-1.4797233,-1.4797236,2.9594288,9.766115,0.199384069
0.007026777,-1.4797302,-1.4797302,-1.47973,-1.47973,-1.4797239,-1.4797237,2.9594288,9.766115,0.199673091
0.007036777,-1.4797347,-1.4797347,-1.4797293,-1.4797293,-1.4797233,-1.4797236,2.9594288,9.766115,0.199962112
0.007046777,-1.4797302,-1.4797302,-1.47973,-1.47973,-1.4797239,-1.4797237,2.9594288,9.766115,0.200251133
0.007056777,-1.4797347,-1.4797347,-1.4797293,-1.4797293,-1.4797233,-1.4797236,2.9594288,9.766115,0.200540154
0.007066777,-1.4797302,-1.4797302,-1.47973,-1.47973,-1.4797239,-1.4797237,2.9594288,9.766115,0.200829176
0.007076777,-1.4797347,-1.4797347,-1.4797293,-1.4797293,-1.4797233,-1.4797236,2.9594288,9.766115,0.201118197
0.007086777,-1.4797302,-1.4797302,-1.47973,-1.47973,-1.4797239,-1.4797237,2.9594288,9.766115,0.201407218
0.007096777,-1.4797347,-1.4797347,-1.4797293,-1.4797293,-1.4797233,-1.4797236,2.9594288,9.766115,0.201696239
0.007106777,-1.4797302,-1.4797302,-1.47973,-1.47973,-1.4797239,-1.4797237,2.9594288,9.766115,0.20198526
0.007116777,-1.4797347,-1.4797347,-1.4797293,-1.4797293,-1.4797233,-1.4797236,2.9594288,9.766115,0.202274282
0.007126777,-1.4797302,-1.4797302,-1.47973,-1.47973,-1.4797239,-1.4797237,2.9594288,9.766115,0.202563303
0.007136777,-1.4797347,-1.4797347,-1.4797293,-1.4797293,-1.4797233,-1.4797236,2.9594288,9.766115,0.202852324
0.007146777,-1.4797302,-1.4797302,-1.47973,-1.47973,-1.4797239,-1.4797237,2.9594288,9.766115,0.203141345
0.007156777,-1.4797347,-1.4797347,-1.4797293,-1.4797293,-1.4797233,-1.4797236,2.9594288,9.766115,0.203430367
0.007166777,-1.4797302,-1.4797302,-1.47973,-1.47973,-1.4797239,-1.4797237,2.9594288,9.766115,0.203719388
0.007176777,-1.4797347,-1.4797347,-1.4797293,-1.4797293,-1.4797233,-1.4797236,2.9594288,9.766115,0.204008409
0.007186777,-1.4797302,-1.4797302,-1.47973,-1.47973,-1.4797239,-1.4797237,2.9594288,9.766115,0.20429743
0.007196777,-1.4797347,-1.4797347,-1.4797293,-1.4797293,-1.4797233,-1.4797236,2.9594288,9.766115,0.204586452
0.007206777,-1.4797302,-1.4797302,-1.47973,-1.47973,-1.4797239,-1.4797237,2.9594288,9.766115,0.204875473
0.007216777,-1.4797347,-1.4797347,-1.4797293,-1.4797293,-1.4797233,-1.4797236,2.9594288,9.766115,0.205164494
0.007226777,-1.4797302,-1.4797302,-1.47973,-1.47973,-1.4797239,-1.4797237,2.9594288,9.766115,0.205453515
0.007236777,-1.4797347,-1.4797347,-1.4797293,-1.4797293,-1.4797233,-1.4797236,2.9594288,9.766115,0.205742536
0.007246777,-1.4797302,-1.4797302,-1.47973,-1.47973,-1.4797239,-1.4797237,2.9594288,9.766115,0.206031558
0.007256777,-1.4797347,-1.4797347,-1.4797293,-1.4797293,-1.4797233,-1.4797236,2.9594288,9.766115,0.206320579
0.007266777,-1.4797302,-1.4797302,-1.47973,-1.47973,-1.4797239,-1.4797237,2.9594288,9.766115,0.2066096
0.007276777,-1.4797347,-1.4797347,-1.4797293,-1.4797293,-1.4797233,-1.4797236,2.9594288,9.766115,0.206898621
0.007286777,-1.4797302,-1.4797302,-1.47973,-1.47973,-1.4797239,-1.4797237,2.9594288,9.766115,0.207187643
0.007296777,-1.4797347,-1.4797347,-1.4797293,-1.4797293,-1.4797233,-1.4797236,2.9594288,9.766115,0.207476664
0.007306777,-1.4797302,-1.4797302,-1.47973,-1.47973,-1.4797239,-1.4797237,2.9594288,9.766115,0.207765685
0.007316777,-1.4797347,-1.4797347,-1.4797293,-1.4797293,-1.4797233,-1.4797236,2.9594288,9.766115,0.208054706
0.007326777,-1.4797302,-1.4797302,-1.47973,-1.47973,-1.4797239,-1.4797237,2.9594288,9.766115,0.208343727
0.007336777,-1.4797347,-1.4797347,-1.4797293,-1.4797293,-1.4797233,-1.4797236,2.9594288,9.766115,0.208632749
0.007346777,-1.4797302,-1.4797302,-1.47973,-1.47973,-1.4797239,-1.4797237,2.9594288,9.766115,0.20892177
0.007356777,-1.4797347,-1.4797347,-1.4797293,-1.4797293,-1.4797233,-1.4797236,2.9594288,9.766115,0.209210791
0.007366777,-1.4797302,-1.4797302,-1.47973,-1.47973,-1.4797239,-1.4797237,2.9594288,9.766115,0.209499812
0.007376777,-1.4797347,-1.4797347,-1.4797293,-1.4797293,-1.4797233,-1.4797236,2.9594288,9.766115,0.209788834
0.007386777,-1.4797302,-1.4797302,-1.47973,-1.47973,-1.4797239,-1.4797237,2.9594288,9.766115,0.210077855
0.007396777,-1.4797347,-1.4797347,-1.4797293,-1.4797293,-1.4797233,-1.4797236,2.9594288,9.766115,0.210366876
0.007406777,-1.4797302,-1.4797302,-1.47973,-1.47973,-1.4797239,-1.4797237,2.9594288,9.766115,0.210655897
0.007416777,-1.4797347,-1.4797347,-1.4797293,-1.4797293,-1.4797233,-1.4797236,2.9594288,9.766115,0.210944918
0.007426777,-1.4797302,-1.4797302,-1.47973,-1.47973,-1.4797239,-1.4797237,2.9594288,9.766115,0.21123394
0.007436777,-1.4797347,-1.4797347,-1.4797293,-1.4797293,-1.4797233,-1.4797236,2.9594288,9.766115,0.211522961
0.007446777,-1.4797302,-1.4797302,-1.47973,-1.47973,-1.4797239,-1.4797237,2.9594288,9.766115,0.211811982
0.007456777,-1.4797347,-1.4797347,-1.4797293,-1.4797293,-1.4797233,-1.4797236,2.9594288,9.766115,0.212101003
0.007466777,-1.4797302,-1.4797302,-1.47973,-1.47973,-1.4797239,-1.4797237,2.9594288,9.766115,0.212390025
0.007476777,-1.4797347,-1.4797347,-1.4797293,-1.4797293,-1.4797233,-1.4797236,2.9594288,9.766115,0.212679046
0.007486777,-1.4797302,-1.4797302,-1.47973,-1.47973,-1.4797239,-1.4797237,2.9594288,9.766115,0.212968067
0.007496777,-1.4797347,-1.4797347,-1.4797293,-1.4797293,-1.4797233,-1.4797236,2.9594288,9.766115,0.213257088
0.007506777,-1.4797302,-1.4797302,-1.47973,-1.47973,-1.4797239,-1.4797237,2.9594288,9.766115,0.213546109
0.007516777,-1.4797347,-1.4797347,-1.4797293,-1.4797293,-1.4797233,-1.4797236,2.9594288,9.766115,0.213835131
0.007526777,-1.4797302,-1.4797302,-1.47973,-1.47973,-1.4797239,-1.4797237,2.9594288,9.766115,0.214124152
0.007536777,-1.4797347,-1.4797347,-1.4797293,-1.4797293,-1.4797233,-1.4797236,2.9594288,9.766115,0.214413173
0.007546777,-1.4797302,-1.4797302,-1.47973,-1.47973,-1.4797239,-1.4797237,2.9594288,9.766115,0.214702194
0.007556777,-1.4797347,-1.4797347,-1.4797293,-1.4797293,-1.4797233,-1.4797236,2.9594288,9.766115,0.214991216
0.007566777,-1.4797302,-1.4797302,-1.47973,-1.47973,-1.4797239,-1.4797237,2.9594288,9.766115,0.215280237
0.007576777,-1.4797347,-1.4797347,-1.4797293,-1.4797293,-1.4797233,-1.4797236,2.9594288,9.766115,0.215569258
0.007586777,-1.4797302,-1.4797302,-1.47973,-1.47973,-1.4797239,-1.4797237,2.9594288,9.766115,0.215858279
0.007596777,-1.4797347,-1.4797347,-1.4797293,-1.4797293,-1.4797233,-1.4797236,2.9594288,9.766115,0.216147301
0.007606777,-1.4797302,-1.4797302,-1.47973,-1.47973,-1.4797239,-1.4797237,2.9594288,9.766115,0.216436322
0.007616777,-1.4797347,-1.4797347,-1.4797293,-1.4797293,-1.4797233,-1.4797236,2.9594288,9.766115,0.216725343
0.007626777,-1.4797302,-1.4797302,-1.47973,-1.47973,-1.4797239,-1.4797237,2.9594288,9.766115,0.217014364
0.007636777,-1.4797347,-1.4797347,-1.4797293,-1.4797293,-1.4797233,-1.4797236,2.9594288,9.766115,0.217303385
0.007646777,-1.4797302,-1.4797302,-1.47973,-1.47973,-1.4797239,-1.4797237,2.9594288,9.766115,0.217592407
0.007656777,-1.4797347,-1.4797347,-1.4797293,-1.4797293,-1.4797233,-1.4797236,2.9594288,9.766115,0.217881428
0.007666777,-1.4797302,-1.4797302,-1.47973,-1.47973,-1.4797239,-1.4797237,2.9594288,9.766115,0.218170449
0.007676777,-1.4797347,-1.4797347,-1.4797293,-1.4797293,-1.4797233,-1.4797236,2.9594288,9.766115,0.21845947
0.007686777,-1.4797302,-1.4797302,-1.47973,-1.47973,-1.4797239,-1.4797237,2.9594288,9.766115,0.218748492
0.007696777,-1.4797347,-1.4797347,-1.4797293,-1.4797293,-1.4797233,-1.4797236,2.9594288,9.766115,0.219037513
0.007706777,-1.4797302,-1.4797302,-1.47973,-1.47973,-1.4797239,-1.4797237,2.9594288,9.766115,0.219326534
0.007716777,-1.4797347,-1.4797347,-1.4797293,-1.4797293,-1.4797233,-1.4797236,2.9594288,9.766115,0.219615555
0.007726777,-1.4797302,-1.4797302,-1.47973,-1.47973,-1.4797239,-1.4797237,2.9594288,9.766115,0.219904576
0.007736777,-1.4797347,-1.4797347,-1.4797293,-1.4797293,-1.4797233,-1.4797236,2.9594288,9.766115,0.220193598
0.007746777,-1.4797302,-1.4797302,-1.47973,-1.47973,-1.4797239,-1.4797237,2.9594288,9.766115,0.220482619
0.007756777,-1.4797347,-1.4797347,-1.4797293,-1.4797293,-1.4797233,-1.4797236,2.9594288,9.766115,0.22077164
0.007766777,-1.4797302,-1.4797302,-1.47973,-1.47973,-1.4797239,-1.4797237,2.9594288,9.766115,0.221060661
0.007776777,-1.4797347,-1.4797347,-1.4797293,-1.4797293,-1.4797233,-1.4797236,2.9594288,9.766115,0.221349683
0.007786777,-1.4797302,-1.4797302,-1.47973,-1.47973,-1.4797239,-1.4797237,2.9594288,9.766115,0.221638704
0.007796777,-1.4797347,-1.4797347,-1.4797293,-1.4797293,-1.4797233,-1.4797236,2.9594288,9.766115,0.221927725
0.007806777,-1.4797302,-1.4797302,-1.47973,-1.47973,-1.4797239,-1.4797237,2.9594288,9.766115,0.222216746
0.007816777,-1.4797347,-1.4797347,-1.4797293,-1.4797293,-1.4797233,-1.4797236,2.9594288,9.766115,0.222505767
0.007826777,-1.4797302,-1.4797302,-1.47973,-1.47973,-1.4797239,-1.4797237,2.9594288,9.766115,0.222794789
0.007836777,-1.4797347,-1.4797347,-1.4797293,-1.4797293,-1.4797233,-1.4797236,2.9594288,9.766115,0.22308381
0.007846777,-1.4797302,-1.4797302,-1.47973,-1.47973,-1.4797239,-1.4797237,2.9594288,9.766115,0.223372831
0.007856777,-1.4797347,-1.4797347,-1.4797293,-1.4797293,-1.4797233,-1.4797236,2.9594288,9.766115,0.223661852
0.007866777,-1.4797302,-1.4797302,-1.47973,-1.47973,-1.4797239,-1.4797237,2.9594288,9.766115,0.223950874
0.007876777,-1.4797347,-1.4797347,-1.4797293,-1.4797293,-1.4797233,-1.4797236,2.9594288,9.766115,0.224239895
0.007886777,-1.4797302,-1.4797302,-1.47973,-1.47973,-1.4797239,-1.4797237,2.9594288,9.766115,0.224528916
0.007896777,-1.4797347,-1.4797347,-1.4797293,-1.4797293,-1.4797233,-1.4797236,2.9594288,9.766115,0.224817937
0.007906777,-1.4797302,-1.4797302,-1.47973,-1.47973,-1.4797239,-1.4797237,2.9594288,9.766115,0.225106958
0.007916777,-1.4797347,-1.4797347,-1.4797293,-1.4797293,-1.4797233,-1.4797236,2.9594288,9.766115,0.22539598
0.007926777,-1.4797302,-1.4797302,-1.47973,-1.47973,-1.4797239,-1.4797237,2.9594288,9.766115,0.225685001
0.007936777,-1.4797347,-1.4797347,-1.4797293,-1.4797293,-1.4797233,-1.4797236,2.9594288,9.766115,0.225974022
0.007946777,-1.4797302,-1.4797302,-1.47973,-1.47973,-1.4797239,-1.4797237,2.9594288,9.766115,0.226263043
0.007956777,-1.4797347,-1.4797347,-1.4797293,-1.4797293,-1.4797233,-1.4797236,2.9594288,9.766115,0.226552065
0.007966777,-1.4797302,-1.4797302,-1.47973,-1.47973,-1.4797239,-1.4797237,2.9594288,9.766115,0.226841086
0.007976777,-1.4797347,-1.4797347,-1.4797293,-1.4797293,-1.4797233,-1.4797236,2.9594288,9.766115,0.227130107
0.007986777,-1.4797302,-1.4797302,-1.47973,-1.47973,-1.4797239,-1.4797237,2.9594288,9.766115,0.227419128
0.007996777,-1.4797347,-1.4797347,-1.4797293,-1.4797293,-1.4797233,-1.4797236,2.9594288,9.766115,0.22770815
0.008006777,-1.4797302,-1.4797302,-1.47973,-1.47973,-1.4797239,-1.4797237,2.9594288,9.766115,0.227997171
0.008016777,-1.4797347,-1.4797347,-1.4797293,-1.4797293,-1.4797233,-1.4797236,2.9594288,9.766115,0.228286192
0.008026777,-1.4797302,-1.4797302,-1.47973,-1.47973,-1.4797239,-1.4797237,2.9594288,9.766115,0.228575213
0.008036777,-1.4797347,-1.4797347,-1.4797293,-1.4797293,-1.4797233,-1.4797236,2.9594288,9.766115,0.228864234
0.008046777,-1.4797302,-1.4797302,-1.47973,-1.47973,-1.4797239,-1.4797237,2.9594288,9.766115,0.229153256
0.008056777,-1.4797347,-1.4797347,-1.4797293,-1.4797293,-1.4797233,-1.4797236,2.9594288,9.766115,0.229442277
0.008066777,-1.4797302,-1.4797302,-1.47973,-1.47973,-1.4797239,-1.4797237,2.9594288,9.766115,0.229731298
0.008076777,-1.4797347,-1.4797347,-1.4797293,-1.4797293,-1.4797233,-1.4797236,2.9594288,9.766115,0.230020319
0.008086777,-1.4797302,-1.4797302,-1.47973,-1.47973,-1.4797239,-1.4797237,2.9594288,9.766115,0.230309341
0.008096777,-1.4797347,-1.4797347,-1.4797293,-1.4797293,-1.4797233,-1.4797236,2.9594288,9.766115,0.230598362
0.008106777,-1.4797302,-1.4797302,-1.47973,-1.47973,-1.4797239,-1.4797237,2.9594288,9.766115,0.230887383
0.008116777,-1.4797347,-1.4797347,-1.4797293,-1.4797293,-1.4797233,-1.4797236,2.9594288,9.766115,0.231176404
0.008126777,-1.4797302,-1.4797302,-1.47973,-1.47973,-1.4797239,-1.4797237,2.9594288,9.766115,0.231465425
0.008136777,-1.4797347,-1.4797347,-1.4797293,-1.4797293,-1.4797233,-1.4797236,2.9594288,9.766115,0.231754447
0.008146777,-1.4797302,-1.4797302,-1.47973,-1.47973,-1.4797239,-1.4797237,2.9594288,9.766115,0.232043468
0.008156777,-1.4797347,-1.4797347,-1.4797293,-1.4797293,-1.4797233,-1.4797236,2.9594288,9.766115,0.232332489
0.008166777,-1.4797302,-1.4797302,-1.47973,-1.47973,-1.4797239,-1.4797237,2.9594288,9.766115,0.23262151
0.008176777,-1.4797347,-1.4797347,-1.4797293,-1.4797293,-1.4797233,-1.4797236,2.9594288,9.766115,0.232910532
0.008186777,-1.4797302,-1.4797302,-1.47973,-1.47973,-1.4797239,-1.4797237,2.9594288,9.766115,0.233199553
0.008196777,-1.4797347,-1.4797347,-1.4797293,-1.4797293,-1.4797233,-1.4797236,2.9594288,9.766115,0.233488574
0.008206777,-1.4797302,-1.4797302,-1.47973,-1.47973,-1.4797239,-1.4797237,2.9594288,9.766115,0.233777595
0.008216777,-1.4797347,-1.4797347,-1.4797293,-1.4797293,-1.4797233,-1.4797236,2.9594288,9.766115,0.234066616
0.008226777,-1.4797302,-1.4797302,-1.47973,-1.47973,-1.4797239,-1.4797237,2.9594288,9.766115,0.234355638
0.008236777,-1.4797347,-1.4797347,-1.4797293,-1.4797293,-1.4797233,-1.4797236,2.9594288,9.766115,0.234644659
0.008246777,-1.4797302,-1.4797302,-1.47973,-1.47973,-1.4797239,-1.4797237,2.9594288,9.766115,0.23493368
0.008256777,-1.4797347,-1.4797347,-1.4797293,-1.4797293,-1.4797233,-1.4797236,2.9594288,9.766115,0.235222701
0.008266777,-1.4797302,-1.4797302,-1.47973,-1.47973,-1.4797239,-1.4797237,2.9594288,9.766115,0.235511723
0.008276777,-1.4797347,-1.4797347,-1.4797293,-1.4797293,-1.4797233,-1.4797236,2.9594288,9.766115,0.235800744
0.008286777,-1.4797302,-1.4797302,-1.47973,-1.47973,-1.4797239,-1.4797237,2.9594288,9.766115,0.236089765
0.008296777,-1.4797347,-1.4797347,-1.4797293,-1.4797293,-1.4797233,-1.4797236,2.9594288,9.766115,0.236378786
0.008306777,-1.4797302,-1.4797302,-1.47973,-1.47973,-1.4797239,-1.4797237,2.9594288,9.766115,0.236667807
0.008316777,-1.4797347,-1.4797347,-1.4797293,-1.4797293,-1.4797233,-1.4797236,2.9594288,9.766115,0.236956829
0.008326777,-1.4797302,-1.4797302,-1.47973,-1.47973,-1.4797239,-1.4797237,2.9594288,9.766115,0.23724585
0.008336777,-1.4797347,-1.4797347,-1.4797293,-1.4797293,-1.4797233,-1.4797236,2.9594288,9.766115,0.237534871
0.008346777,-1.4797302,-1.4797302,-1.47973,-1.47973,-1.4797239,-1.4797237,2.9594288,9.766115,0.237823892
0.008356777,-1.4797347,-1.4797347,-1.4797293,-1.4797293,-1.4797233,-1.4797236,2.9594288,9.766115,0.238112914
0.008366777,-1.4797302,-1.4797302,-1.47973,-1.47973,-1.4797239,-1.4797237,2.9594288,9.766115,0.238401935
0.008376777,-1.4797347,-1.4797347,-1.4797293,-1.4797293,-1.4797233,-1.4797236,2.9594288,9.766115,0.238690956
0.008386777,-1.4797302,-1.4797302,-1.47973,-1.47973,-1.4797239,-1.4797237,2.9594288,9.766115,0.238979977
0.008396777,-1.4797347,-1.4797347,-1.4797293,-1.4797293,-1.4797233,-1.4797236,2.9594288,9.766115,0.239268999
0.008406777,-1.4797302,-1.4797302,-1.47973,-1.47973,-1.4797239,-1.4797237,2.9594288,9.766115,0.23955802
0.008416777,-1.4797347,-1.4797347,-1.4797293,-1.4797293,-1.4797233,-1.4797236,2.9594288,9.766115,0.239847041
0.008426777,-1.4797302,-1.4797302,-1.47973,-1.47973,-1.4797239,-1.4797237,2.9594288,9.766115,0.240136062
0.008436777,-1.4797347,-1.4797347,-1.4797293,-1.4797293,-1.4797233,-1.4797236,2.9594288,9.766115,0.240425083
0.008446777,-1.4797302,-1.4797302,-1.47973,-1.47973,-1.4797239,-1.4797237,2.9594288,9.766115,0.240714105
0.008456777,-1.4797347,-1.4797347,-1.4797293,-1.4797293,-1.4797233,-1.4797236,2.9594288,9.766115,0.241003126
0.008466777,-1.4797302,-1.4797302,-1.47973,-1.47973,-1.4797239,-1.4797237,2.9594288,9.766115,0.241292147
0.008476777,-1.4797347,-1.4797347,-1.4797293,-1.4797293,-1.4797233,-1.4797236,2.9594288,9.766115,0.241581168
0.008486777,-1.4797302,-1.4797302,-1.47973,-1.47973,-1.4797239,-1.4797237,2.9594288,9.766115,0.24187019
0.008496777,-1.4797347,-1.4797347,-1.4797293,-1.4797293,-1.4797233,-1.4797236,2.9594288,9.766115,0.242159211
0.008506777,-1.4797302,-1.4797302,-1.47973,-1.47973,-1.4797239,-1.4797237,2.9594288,9.766115,0.242448232
0.008516777,-1.4797347,-1.4797347,-1.4797293,-1.4797293,-1.4797233,-1.4797236,2.9594288,9.766115,0.242737253
0.008526777,-1.4797302,-1.4797302,-1.47973,-1.47973,-1.4797239,-1.4797237,2.9594288,9.766115,0.243026274
0.008536777,-1.4797347,-1.4797347,-1.4797293,-1.4797293,-1.4797233,-1.4797236,2.9594288,9.766115,0.243315296
0.008546777,-1.4797302,-1.4797302,-1.47973,-1.47973,-1.4797239,-1.4797237,2.9594288,9.766115,0.243604317
0.008556777,-1.4797347,-1.4797347,-1.4797293,-1.4797293,-1.4797233,-1.4797236,2.9594288,9.766115,0.243893338
0.008566777,-1.4797302,-1.4797302,-1.47973,-1.47973,-1.4797239,-1.4797237,2.9594288,9.766115,0.244182359
0.008576777,-1.4797347,-1.4797347,-1.4797293,-1.4797293,-1.4797233,-1.4797236,2.9594288,9.766115,0.244471381
0.008586777,-1.4797302,-1.4797302,-1.47973,-1.47973,-1.4797239,-1.4797237,2.9594288,9.766115,0.244760402
0.008596777,-1.4797347,-1.4797347,-1.4797293,-1.4797293,-1.4797233,-1.4797236,2.9594288,9.766115,0.245049423
0.008606777,-1.4797302,-1.4797302,-1.47973,-1.47973,-1.4797239,-1.4797237,2.9594288,9.766115,0.245338444
0.008616777,-1.4797347,-1.4797347,-1.4797293,-1.4797293,-1.4797233,-1.4797236,2.9594288,9.766115,0.245627465
0.008626777,-1.4797302,-1.4797302,-1.47973,-1.47973,-1.4797239,-1.4797237,2.9594288,9.766115,0.245916487
0.008636777,-1.4797347,-1.4797347,-1.4797293,-1.4797293,-1.4797233,-1.4797236,2.9594288,9.766115,0.246205508
0.008646777,-1.4797302,-1.4797302,-1.47973,-1.47973,-1.4797239,-1.4797237,2.9594288,9.766115,0.246494529
0.008656777,-1.4797347,-1.4797347,-1.4797293,-1.4797293,-1.4797233,-1.4797236,2.9594288,9.766115,0.24678355
0.008666777,-1.4797302,-1.4797302,-1.47973,-1.47973,-1.4797239,-1.4797237,2.9594288,9.766115,0.247072572
0.008676777,-1.4797347,-1.4797347,-1.4797293,-1.4797293,-1.4797233,-1.4797236,2.9594288,9.766115,0.247361593
0.008686777,-1.4797302,-1.4797302,-1.47973,-1.47973,-1.4797239,-1.4797237,2.9594288,9.766115,0.247650614
0.008696777,-1.4797347,-1.4797347,-1.4797293,-1.4797293,-1.4797233,-1.4797236,2.9594288,9.766115,0.247939635
0.008706777,-1.4797302,-1.4797302,-1.47973,-1.47973,-1.4797239,-1.4797237,2.9594288,9.766115,0.248228656
0.008716777,-1.4797347,-1.4797347,-1.4797293,-1.4797293,-1.4797233,-1.4797236,2.9594288,9.766115,0.248517678
0.008726777,-1.4797302,-1.4797302,-1.47973,-1.47973,-1.4797239,-1.4797237,2.9594288,9.766115,0.248806699
0.008736777,-1.4797347,-1.4797347,-1.4797293,-1.4797293,-1.4797233,-1.4797236,2.9594288,9.766115,0.24909572
0.008746777,-1.4797302,-1.4797302,-1.47973,-1.47973,-1.4797239,-1.4797237,2.9594288,9.766115,0.249384741
0.008756777,-1.4797347,-1.4797347,-1.4797293,-1.4797293,-1.4797233,-1.4797236,2.9594288,9.766115,0.249673763
0.008766777,-1.4797302,-1.4797302,-1.47973,-1.47973,-1.4797239,-1.4797237,2.9594288,9.766115,0.249962784
0.008776777,-1.4797347,-1.4797347,-1.4797293,-1.4797293,-1.4797233,-1.4797236,2.9594288,9.766115,0.250251805
0.008786777,-1.4797302,-1.4797302,-1.47973,-1.47973,-1.4797239,-1.4797237,2.9594288,9.766115,0.250540826
0.008796777,-1.4797347,-1.4797347,-1.4797293,-1.4797293,-1.4797233,-1.4797236,2.9594288,9.766115,0.250829848
0.008806777,-1.4797302,-1.4797302,-1.47973,-1.47973,-1.4797239,-1.4797237,2.9594288,9.766115,0.251118869
0.008816777,-1.4797347,-1.4797347,-1.4797293,-1.4797293,-1.4797233,-1.4797236,2.9594288,9.766115,0.25140789
0.008826777,-1.4797302,-1.4797302,-1.47973,-1.47973,-1.4797239,-1.4797237,2.9594288,9.766115,0.251696911
0.008836777,-1.4797347,-1.4797347,-1.4797293,-1.4797293,-1.4797233,-1.4797236,2.9594288,9.766115,0.251985932
0.008846777,-1.4797302,-1.4797302,-1.47973,-1.47973,-1.4797239,-1.4797237,2.9594288,9.766115,0.252274954
0.008856777,-1.4797347,-1.4797347,-1.4797293,-1.4797293,-1.4797233,-1.4797236,2.9594288,9.766115,0.252563975
0.008866777,-1.4797302,-1.4797302,-1.47973,-1.47973,-1.4797239,-1.4797237,2.9594288,9.766115,0.252852996
0.008876777,-1.4797347,-1.4797347,-1.4797293,-1.4797293,-1.4797233,-1.4797236,2.9594288,9.766115,0.253142017
0.008886777,-1.4797302,-1.4797302,-1.47973,-1.47973,-1.4797239,-1.4797237,2.9594288,9.766115,0.253431039
0.008896777,-1.4797347,-1.4797347,-1.4797293,-1.4797293,-1.4797233,-1.4797236,2.9594288,9.766115,0.25372006
0.008906777,-1.4797302,-1.4797302,-1.47973,-1.47973,-1.4797239,-1.4797237,2.9594288,9.766115,0.254009081
0.008916777,-1.4797347,-1.4797347,-1.4797293,-1.4797293,-1.4797233,-1.4797236,2.9594288,9.766115,0.254298102
0.008926777,-1.4797302,-1.4797302,-1.47973,-1.47973,-1.4797239,-1.4797237,2.9594288,9.766115,0.254587123
0.008936777,-1.4797347,-1.4797347,-1.4797293,-1.4797293,-1.4797233,-1.4797236,2.9594288,9.766115,0.254876145
0.008946777,-1.4797302,-1.4797302,-1.47973,-1.47973,-1.4797239,-1.4797237,2.9594288,9.766115,0.255165166
0.008956777,-1.4797347,-1.4797347,-1.4797293,-1.4797293,-1.4797233,-1.4797236,2.9594288,9.766115,0.255454187
0.008966777,-1.4797302,-1.4797302,-1.47973,-1.47973,-1.4797239,-1.4797237,2.9594288,9.766115,0.255743208
0.008976777,-1.4797347,-1.4797347,-1.4797293,-1.4797293,-1.4797233,-1.4797236,2.9594288,9.766115,0.25603223
0.008986777,-1.4797302,-1.4797302,-1.47973,-1.47973,-1.4797239,-1.4797237,2.9594288,9.766115,0.256321251
0.008996777,-1.4797347,-1.4797347,-1.4797293,-1.4797293,-1.4797233,-1.4797236,2.9594288,9.766115,0.256610272
0.009006777,-1.4797302,-1.4797302,-1.47973,-1.47973,-1.4797239,-1.4797237,2.9594288,9.766115,0.256899293
0.009016777,-1.4797347,-1.4797347,-1.4797293,-1.4797293,-1.4797233,-1.4797236,2.9594288,9.766115,0.257188314
0.009026777,-1.4797302,-1.4797302,-1.47973,-1.47973,-1.4797239,-1.4797237,2.9594288,9.766115,0.257477336
0.009036777,-1.4797347,-1.4797347,-1.4797293,-1.4797293,-1.4797233,-1.4797236,2.9594288,9.766115,0.257766357
0.009046777,-1.4797302,-1.4797302,-1.47973,-1.47973,-1.4797239,-1.4797237,2.9594288,9.766115,0.258055378
0.009056777,-1.4797347,-1.4797347,-1.4797293,-1.4797293,-1.4797233,-1.4797236,2.9594288,9.766115,0.258344399
0.009066777,-1.4797302,-1.4797302,-1.47973,-1.47973,-1.4797239,-1.4797237,2.9594288,9.766115,0.258633421
0.009076777,-1.4797347,-1.4797347,-1.4797293,-1.4797293,-1.4797233,-1.4797236,2.9594288,9.766115,0.258922442
0.009086777,-1.4797302,-1.4797302,-1.47973,-1.47973,-1.4797239,-1.4797237,2.9594288,9.766115,0.259211463
0.009096777,-1.4797347,-1.4797347,-1.4797293,-1.4797293,-1.4797233,-1.4797236,2.9594288,9.766115,0.259500484
0.009106777,-1.4797302,-1.4797302,-1.47973,-1.47973,-1.4797239,-1.4797237,2.9594288,9.766115,0.259789505
0.009116777,-1.4797347,-1.4797347,-1.4797293,-1.4797293,-1.4797233,-1.4797236,2.9594288,9.766115,0.260078527
0.009126777,-1.4797302,-1.4797302,-1.47973,-1.47973,-1.4797239,-1.4797237,2.9594288,9.766115,0.260367548
0.009136777,-1.4797347,-1.4797347,-1.4797293,-1.4797293,-1.4797233,-1.4797236,2.9594288,9.766115,0.260656569
0.009146777,-1.4797302,-1.4797302,-1.47973,-1.47973,-1.4797239,-1.4797237,2.9594288,9.766115,0.26094559
0.009156777,-1.4797347,-1.4797347,-1.4797293,-1.4797293,-1.4797233,-1.4797236,2.9594288,9.766115,0.261234612
0.009166777,-1.4797302,-1.4797302,-1.47973,-1.47973,-1.4797239,-1.4797237,2.9594288,9.766115,0.261523633
0.009176777,-1.4797347,-1.4797347,-1.4797293,-1.4797293,-1.4797233,-1.4797236,2.9594288,9.766115,0.261812654
0.009186777,-1.4797302,-1.4797302,-1.47973,-1.47973,-1.4797239,-1.4797237,2.9594288,9.766115,0.262101675
0.009196777,-1.4797347,-1.4797347,-1.4797293,-1.4797293,-1.4797233,-1.4797236,2.9594288,9.766115,0.262390697
0.009206777,-1.4797302,-1.4797302,-1.47973,-1.47973,-1.4797239,-1.4797237,2.9594288,9.766115,0.262679718
0.009216777,-1.4797347,-1.4797347,-1.4797293,-1.4797293,-1.4797233,-1.4797236,2.9594288,9.766115,0.262968739
0.009226777,-1.4797302,-1.4797302,-1.47973,-1.47973,-1.4797239,-1.4797237,2.9594288,9.766115,0.26325776
0.009236777,-1.4797347,-1.4797347,-1.4797293,-1.4797293,-1.4797233,-1.4797236,2.9594288,9.766115,0.263546781
0.009246777,-1.4797302,-1.4797302,-1.47973,-1.47973,-1.4797239,-1.4797237,2.9594288,9.766115,0.263835803
0.009256777,-1.4797347,-1.4797347,-1.4797293,-1.4797293,-1.4797233,-1.4797236,2.9594288,9.766115,0.264124824
0.009266777,-1.4797302,-1.4797302,-1.47973,-1.47973,-1.4797239,-1.4797237,2.9594288,9.766115,0.264413845
0.009276777,-1.4797347,-1.4797347,-1.4797293,-1.4797293,-1.4797233,-1.4797236,2.9594288,9.766115,0.264702866
0.009286777,-1.4797302,-1.4797302,-1.47973,-1.47973,-1.4797239,-1.4797237,2.9594288,9.766115,0.264991888
0.009296777,-1.4797347,-1.4797347,-1.4797293,-1.4797293,-1.4797233,-1.4797236,2.9594288,9.766115,0.265280909
0.009306777,-1.4797302,-1.4797302,-1.47973,-1.47973,-1.4797239,-1.4797237,2.9594288,9.766115,0.26556993
0.009316777,-1.4797347,-1.4797347,-1.4797293,-1.4797293,-1.4797233,-1.4797236,2.9594288,9.766115,0.265858951
0.009326777,-1.4797302,-1.4797302,-1.47973,-1.47973,-1.4797239,-1.4797237,2.9594288,9.766115,0.266147972
0.009336777,-1.4797347,-1.4797347,-1.4797293,-1.4797293,-1.4797233,-1.4797236,2.9594288,9.766115,0.266436994
0.009346777,-1.4797302,-1.4797302,-1.47973,-1.47973,-1.4797239,-1.4797237,2.9594288,9.766115,0.266726015
0.009356777,-1.4797347,-1.4797347,-1.4797293,-1.4797293,-1.4797233,-1.4797236,2.9594288,9.766115,0.267015036
0.009366777,-1.4797302,-1.4797302,-1.47973,-1.47973,-1.4797239,-1.4797237,2.9594288,9.766115,0.267304057
0.009376777,-1.4797347,-1.4797347,-1.4797293,-1.4797293,-1.4797233,-1.4797236,2.9594288,9.766115,0.267593079
0.009386777,-1.4797302,-1.4797302,-1.47973,-1.47973,-1.4797239,-1.4797237,2.9594288,9.766115,0.2678821
0.009396777,-1.4797347,-1.4797347,-1.4797293,-1.4797293,-1.4797233,-1.4797236,2.9594288,9.766115,0.268171121
0.009406777,-1.4797302,-1.4797302,-1.47973,-1.47973,-1.4797239,-1.4797237,2.9594288,9.766115,0.268460142
0.009416777,-1.4797347,-1.4797347,-1.4797293,-1.4797293,-1.4797233,-1.4797236,2.9594288,9.766115,0.268749163
0.009426777,-1.4797302,-1.4797302,-1.47973,-1.47973,-1.4797239,-1.4797237,2.9594288,9.766115,0.269038185
0.009436777,-1.4797347,-1.4797347,-1.4797293,-1.4797293,-1.4797233,-1.4797236,2.9594288,9.766115,0.269327206
0.009446777,-1.4797302,-1.4797302,-1.47973,-1.47973,-1.4797239,-1.4797237,2.9594288,9.766115,0.269616227
0.009456777,-1.4797347,-1.4797347,-1.4797293,-1.4797293,-1.4797233,-1.4797236,2.9594288,9.766115,0.269905248
0.009466777,-1.4797302,-1.4797302,-1.47973,-1.47973,-1.4797239,-1.4797237,2.9594288,9.766115,0.27019427
0.009476777,-1.4797347,-1.4797347,-1.4797293,-1.4797293,-1.4797233,-1.4797236,2.9594288,9.766115,0.270483291
0.009486777,-1.4797302,-1.4797302,-1.47973,-1.47973,-1.4797239,-1.4797237,2.9594288,9.766115,0.270772312
0.009496777,-1.4797347,-1.4797347,-1.4797293,-1.4797293,-1.4797233,-1.4797236,2.9594288,9.766115,0.271061333
0.009506777,-1.4797302,-1.4797302,-1.47973,-1.47973,-1.4797239,-1.4797237,2.9594288,9.766115,0.271350354
0.009516777,-1.4797347,-1.4797347,-1.4797293,-1.4797293,-1.4797233,-1.4797236,2.9594288,9.766115,0.271639376
0.009526777,-1.4797302,-1.4797302,-1.47973,-1.47973,-1.4797239,-1.4797237,2.9594288,9.766115,0.271928397
0.009536777,-1.4797347,-1.4797347,-1.4797293,-1.4797293,-1.4797233,-1.4797236,2.9594288,9.766115,0.272217418
0.009546777,-1.4797302,-1.4797302,-1.47973,-1.47973,-1.4797239,-1.4797237,2.9594288,9.766115,0.272506439
0.009556777,-1.4797347,-1.4797347,-1.4797293,-1.4797293,-1.4797233,-1.4797236,2.9594288,9.766115,0.272795461
0.009566777,-1.4797302,-1.4797302,-1.47973,-1.47973,-1.4797239,-1.4797237,2.9594288,9.766115,0.273084482
0.009576777,-1.4797347,-1.4797347,-1.4797293,-1.4797293,-1.4797233,-1.4797236,2.9594288,9.766115,0.273373503
0.009586777,-1.4797302,-1.4797302,-1.47973,-1.47973,-1.4797239,-1.4797237,2.9594288,9.766115,0.273662524
0.009596777,-1.4797347,-1.4797347,-1.4797293,-1.4797293,-1.4797233,-1.4797236,2.9594288,9.766115,0.273951546
0.009606777,-1.4797302,-1.4797302,-1.47973,-1.47973,-1.4797239,-1.4797237,2.9594288,9.766115,0.274240567
0.009616777,-1.4797347,-1.4797347,-1.4797293,-1.4797293,-1.4797233,-1.4797236,2.9594288,9.766115,0.274529588
0.009626777,-1.4797302,-1.4797302,-1.47973,-1.47973,-1.4797239,-1.4797237,2.9594288,9.766115,0.274818609
0.009636777,-1.4797347,-1.4797347,-1.4797293,-1.4797293,-1.4797233,-1.4797236,2.9594288,9.766115,0.27510763
0.009646777,-1.4797302,-1.4797302,-1.47973,-1.47973,-1.4797239,-1.4797237,2.9594288,9.766115,0.275396652
0.009656777,-1.4797347,-1.4797347,-1.4797293,-1.4797293,-1.4797233,-1.4797236,2.9594288,9.766115,0.275685673
0.009666777,-1.4797302,-1.4797302,-1.47973,-1.47973,-1.4797239,-1.4797237,2.9594288,9.766115,0.275974694
0.009676777,-1.4797347,-1.4797347,-1.4797293,-1.4797293,-1.4797233,-1.4797236,2.9594288,9.766115,0.276263715
0.009686777,-1.4797302,-1.4797302,-1.47973,-1.47973,-1.4797239,-1.4797237,2.9594288,9.766115,0.276552737
0.009696777,-1.4797347,-1.4797347,-1.4797293,-1.4797293,-1.4797233,-1.4797236,2.9594288,9.766115,0.276841758
0.009706777,-1.4797302,-1.4797302,-1.47973,-1.47973,-1.4797239,-1.4797237,2.9594288,9.766115,0.277130779
0.009716777,-1.4797347,-1.4797347,-1.4797293,-1.4797293,-1.4797233,-1.4797236,2.9594288,9.766115,0.2774198
0.009726777,-1.4797302,-1.4797302,-1.47973,-1.47973,-1.4797239,-1.4797237,2.9594288,9.766115,0.277708821
0.009736777,-1.4797347,-1.4797347,-1.4797293,-1.4797293,-1.4797233,-1.4797236,2.9594288,9.766115,0.277997843
0.009746777,-1.4797302,-1.4797302,-1.47973,-1.47973,-1.4797239,-1.4797237,2.9594288,9.766115,0.278286864
0.009756777,-1.4797347,-1.4797347,-1.4797293,-1.4797293,-1.4797233,-1.4797236,2.9594288,9.766115,0.278575885
0.009766777,-1.4797302,-1.4797302,-1.47973,-1.47973,-1.4797239,-1.4797237,2.9594288,9.766115,0.278864906
0.009776777,-1.4797347,-1.4797347,-1.4797293,-1.4797293,-1.4797233,-1.4797236,2.9594288,9.766115,0.279153928
0.009786777,-1.4797302,-1.4797302,-1.47973,-1.47973,-1.4797239,-1.4797237,2.9594288,9.766115,0.279442949
0.009796777,-1.4797347,-1.4797347,-1.4797293,-1.4797293,-1.4797233,-1.4797236,2.9594288,9.766115,0.27973197
0.009806777,-1.4797302,-1.4797302,-1.47973,-1.47973,-1.4797239,-1.4797237,2.9594288,9.766115,0.280020991
0.009816777,-1.4797347,-1.4797347,-1.4797293,-1.4797293,-1.4797233,-1.4797236,2.9594288,9.766115,0.280310012
0.009826777,-1.4797302,-1.4797302,-1.47973,-1.47973,-1.4797239,-1.4797237,2.9594288,9.766115,0.280599034
0.009836777,-1.4797347,-1.4797347,-1.4797293,-1.4797293,-1.4797233,-1.4797236,2.9594288,9.766115,0.280888055
0.009846777,-1.4797302,-1.4797302,-1.47973,-1.47973,-1.4797239,-1.4797237,2.9594288,9.766115,0.281177076
0.009856777,-1.4797347,-1.4797347,-1.4797293,-1.4797293,-1.4797233,-1.4797236,2.9594288,9.766115,0.281466097
0.009866777,-1.4797302,-1.4797302,-1.47973,-1.47973,-1.4797239,-1.4797237,2.9594288,9.766115,0.281755119
0.009876777,-1.4797347,-1.4797347,-1.4797293,-1.4797293,-1.4797233,-1.4797236,2.9594288,9.766115,0.28204414
0.009886777,-1.4797302,-1.4797302,-1.47973,-1.47973,-1.4797239,-1.4797237,2.9594288,9.766115,0.282333161
0.009896777,-1.4797347,-1.4797347,-1.4797293,-1.4797293,-1.4797233,-1.4797236,2.9594288,9.766115,0.282622182
0.009906777,-1.4797302,-1.4797302,-1.47973,-1.47973,-1.4797239,-1.4797237,2.9594288,9.766115,0.282911203
0.009916777,-1.4797347,-1.4797347,-1.4797293,-1.4797293,-1.4797233,-1.4797236,2.9594288,9.766115,0.283200225
0.009926777,-1.4797302,-1.4797302,-1.47973,-1.47973,-1.4797239,-1.4797237,2.9594288,9.766115,0.283489246
0.009936777,-1.4797347,-1.4797347,-1.4797293,-1.4797293,-1.4797233,-1.4797236,2.9594288,9.766115,0.283778267
0.009946777,-1.4797302,-1.4797302,-1.47973,-1.47973,-1.4797239,-1.4797237,2.9594288,9.766115,0.284067288
0.009956777,-1.4797347,-1.4797347,-1.4797293,-1.4797293,-1.4797233,-1.4797236,2.9594288,9.766115,0.28435631
0.009966777,-1.4797302,-1.4797302,-1.47973,-1.47973,-1.4797239,-1.4797237,2.9594288,9.766115,0.284645331
0.009976777,-1.4797347,-1.4797347,-1.4797293,-1.4797293,-1.4797233,-1.4797236,2.9594288,9.766115,0.284934352
0.009986777,-1.4797302,-1.4797302,-1.47973,-1.47973,-1.4797239,-1.4797237,2.9594288,9.766115,0.285223373
0.009996777,-1.4797347,-1.4797347,-1.4797293,-1.4797293,-1.4797233,-1.4797236,2.9594288,9.766115,0.285414457
0.01,-1.4797302,-1.4797302,-1.47973,-1.47973,-1.4797239,-1.4797237,2.9594288,9.766115,0.28546103
0.01,-1.4797308,-1.4797308,-1.4797298,-1.4797298,-1.4797239,-1.4797238,2.9594288,9.766115,0.28546103
0.01,-1.4797316,-1.4797316,-1.4797298,-1.4797298,-1.4797238,-1.4797237,2.9594288,9.766115,0.28546103
0.01,-1.479732,-1.479732,-1.4797298,-1.4797298,-1.4797237,-1.4797237,2.9594288,9.766115,0.28546103
0.01,-1.4797324,-1.4797324,-1.4797297,-1.4797297,-1.4797236,-1.4797236,2.9594288,9.766115,0.28546103
0.01,-1.4797324,-1.4797324,-1.4797297,-1.4797297,-1.4797237,-1.4797237,2.9594288,9.766115,0.28546103
0.01,-1.4797325,-1.4797325,-1.4797297,-1.4797297,-1.4797236,-1.4797236,2.9594288,9.766115,0.285461031
0.01,-1.4797324,-1.4797324,-1.4797297,-1.4797297,-1.4797237,-1.4797237,2.9594288,9.766115,0.285461032
0.01,-1.4797324,-1.4797324,-1.4797297,-1.4797297,-1.4797236,-1.4797236,2.9594288,9.766115,0.285461033
0.01,-1.4797323,-1.4797323,-1.4797295,-1.4797295,-1.4797237,-1.4797237,2.9594288,9.766115,0.285461037
0.01,-1.4797323,-1.4797323,-1.4797294,-1.4797294,-1.4797236,-1.4797236,2.9594288,9.766115,0.285461045
0.010000001,-1.4797319,-1.4797319,-1.4797293,-1.4797293,-1.4797237,-1.4797237,2.9594288,9.766115,0.28546106
0.010000001,-1.4797316,-1.4797316,-1.4797289,-1.4797289,-1.4797236,-1.4797236,2.9594288,9.766115,0.285461091
0.010000003,-1.4797306,-1.4797306,-1.4797285,-1.4797285,-1.4797238,-1.4797238,2.9594288,9.766115,0.285461151
0.010000006,-1.4797292,-1.4797292,-1.4797275,-1.4797275,-1.479724,-1.479724,2.9594288,9.766114,0.285461267
0.010000011,-1.4797274,-1.4797274,-1.4797269,-1.4797269,-1.4797256,-1.4797257,2.9594288,9.766114,0.285461447
0.010000018,-1.4797274,-1.4797274,-1.4797281,-1.4797281,-1.4797294,-1.4797294,2.9594288,9.766115,0.285461706
0.010000029,-1.4797316,-1.4797316,-1.4797342,-1.4797342,-1.4797384,-1.4797385,2.9594288,9.766115,0.285462066
0.010000043,-1.4797443,-1.4797443,-1.4797491,-1.4797491,-1.479756,-1.479756,2.9594288,9.766114,0.285462557
0.010000063,-1.4797692,-1.4797692,-1.4797807,-1.4797807,-1.47979,-1.47979,2.9594288,9.766114,0.285463079
0.010000079,-1.4798055,-1.4798055,-1.479816,-1.479816,-1.4798247,-1.4798247,2.9594288,9.766115,0.285463458
0.010000089,-1.4798391,-1.4798391,-1.4798443,-1.4798443,-1.4798487,-1.4798489,2.9594288,9.766115,0.285463741
0.010000099,-1.4798782,-1.4798782,-1.4798795,-1.4798795,-1.4798737,-1.4798737,2.9594288,9.766114,0.285464038
0.01000011,-1.4799311,-1.4799311,-1.4799268,-1.4799268,-1.4799039,-1.4799038,2.9594288,9.766115,0.285464375
0.010000122,-1.4799954,-1.4799954,-1.479984,-1.479984,-1.4799403,-1.47994,2.9594288,9.766115,0.285464779
0.010000138,-1.4800776,-1.4800776,-1.4800582,-1.4800582,-1.4799886,-1.4799882,2.9594288,9.766115,0.285465453
0.010000169,-1.4802461,-1.4802461,-1.4802113,-1.4802113,-1.4800916,-1.4800909,2.959429,9.766115,0.285466307
0.010000197,-1.4803988,-1.4803988,-1.4803519,-1.4803519,-1.4801899,-1.4801891,2.959429,9.766116,0.285467521
0.010000253,-1.4806947,-1.4806947,-1.4806308,-1.4806308,-1.4803936,-1.4803922,2.9594293,9.766116,0.285469161
0.01000031,-1.4809728,-1.4809728,-1.4809021,-1.4809021,-1.4806055,-1.4806037,2.9594295,9.766117,0.285471139
0.010000389,-1.4812944,-1.4812944,-1.4812207,-1.4812207,-1.4808898,-1.4808875,2.95943,9.766118,0.285472484
0.010000403,-1.4813417,-1.4813417,-1.4812679,-1.4812679,-1.4809358,-1.4809334,2.95943,9.766119,0.285473078
0.010000431,-1.4814312,-1.4814312,-1.4813573,-1.4813573,-1.4810236,-1.4810212,2.9594302,9.766119,0.285474266
0.010000485,-1.4815804,-1.4815804,-1.4815056,-1.4815056,-1.4811705,-1.481168,2.9594305,9.766121,0.285476405
0.010000579,-1.481663,-1.481663,-1.4815849,-1.4815849,-1.4812464,-1.481244,2.9594312,9.766124,0.285479265
0.010000683,-1.4812723,-1.4812723,-1.4811867,-1.4811867,-1.4808402,-1.4808377,2.9594314,9.766125,0.285483079
0.010000843,-1.4792535,-1.4792535,-1.4791539,-1.4791539,-1.4787925,-1.4787902,2.95943,9.766119,0.2854876
0.010000996,-1.4756057,-1.4756057,-1.4754928,-1.4754928,-1.4751174,-1.4751151,2.9594247,9.766101,0.285492004
0.010001147,-1.4704801,-1.4704801,-1.4703547,-1.4703547,-1.4699658,-1.4699634,2.9594147,9.766068,0.285497592
0.010001383,-1.459714,-1.459714,-1.4595702,-1.4595702,-1.4591614,-1.4591591,2.9593859,9.765973,0.285504159
0.010001602,-1.4469287,-1.4469287,-1.4467691,-1.4467691,-1.4463428,-1.4463406,2.9593418,9.765828,0.285510337
0.01000181,-1.4325244,-1.4325244,-1.432351,-1.432351,-1.4319092,-1.431907,2.9592812,9.765628,0.285516925
0.010002058,-1.4129549,-1.4129549,-1.4127668,-1.4127668,-1.4123079,-1.4123057,2.9591825,9.765302,0.285523726
0.010002281,-1.393213,-1.393213,-1.3930135,-1.3930135,-1.3925403,-1.3925382,2.9590654,9.764915,0.285530342
0.010002516,-1.3706139,-1.3706139,-1.3704039,-1.3704039,-1.369917,-1.3699151,2.9589114,9.764408,0.28553729
0.010002762,-1.3450236,-1.3450236,-1.3448046,-1.3448046,-1.344305,-1.3443031,2.9587128,9.763752,0.285546
0.010003119,-1.3049928,-1.3049928,-1.3047652,-1.3047652,-1.3042496,-1.3042479,2.9583526,9.762564,0.285555358
0.01000341,-1.2697781,-1.2697781,-1.2695477,-1.2695477,-1.2690217,-1.2690201,2.9579906,9.76137,0.285564448
0.010003748,-1.2263845,-1.2263845,-1.226155,-1.226155,-1.2256203,-1.2256187,2.957489,9.759714,0.28557445
0.010004103,-1.1779917,-1.1779917,-1.1777662,-1.1777662,-1.1772261,-1.1772246,2.956863,9.7576475,0.285584219
0.010004425,-1.1313541,-1.1313541,-1.1311325,-1.1311325,-1.1305918,-1.1305904,2.9562004,9.755461,0.285593809
0.010004768,-1.0786786,-1.0786786,-1.078461,-1.078461,-1.0779232,-1.077922,2.9553916,9.752792,0.285603551
0.010005101,-1.0239208,-1.0239208,-1.0237073,-1.0237073,-1.0231746,-1.0231737,2.9544954,9.749835,0.285610437
0.010005246,0.24536799,0.24536799,0.24539298,0.24539298,-2.4739966,-2.5457501,2.952771,9.7441435,0.285614165
0.010005361,2.782206,2.782206,2.782112,2.782112,-4.7362185,-4.882041,2.9491622,9.732236,0.285617332
0.010005467,5.5430293,5.5430293,5.542959,5.542959,-6.699351,-6.9627013,2.9438574,9.714729,0.285619766
0.010005531,7.2284217,7.2284217,7.2283196,7.2283196,-8.007421,-8.36138,2.9397953,9.701324,0.285621295
0.010005574,8.37956,8.37956,8.379493,8.379493,-8.940073,-9.3615885,2.9366624,9.690987,0.285622363
0.010005606,9.227997,9.227997,9.227914,9.227914,-9.644699,-10.118857,2.9341717,9.682766,0.28562323
0.010005635,10.018887,10.018887,10.018847,10.018847,-10.304765,-10.829517,2.9317255,9.674694,0.285624076
0.010005666,10.856111,10.856111,10.856086,10.856086,-10.997831,-11.577372,2.9290273,9.66579,0.285624931
0.010005696,11.712844,11.712844,11.712899,11.712899,-11.68385,-12.319688,2.926188,9.65642,0.285625828
0.010005729,12.711646,12.711646,12.711749,12.711749,-12.443875,-13.145029,2.922811,9.645276,0.285626849
0.010005768,13.944674,13.944674,13.944891,13.944891,-13.316634,-14.097131,2.9185712,9.631286,0.28562795
0.010005807,15.259976,15.259976,15.260238,15.260238,-14.182505,-15.046438,2.9139473,9.616026,0.285629072
0.010005848,16.689741,16.689741,16.690079,16.690079,-15.066383,-16.020077,2.9087706,9.598943,0.285630181
0.010005887,18.093653,18.093653,18.093992,18.093992,-15.889264,-16.930544,2.9035137,9.581594,0.285631265
0.010005926,19.575924,19.575924,19.576302,19.576302,-16.713907,-17.846931,2.8977787,9.562669,0.285632375
0.010005967,21.168438,21.168438,21.16878,21.16878,-17.54833,-18.778742,2.891429,9.541717,0.28563356
0.010006012,23.01256,23.01256,23.01291,23.01291,-18.447462,-19.788591,2.883863,9.516747,0.285634915
0.010006066,25.293562,25.293562,25.293848,25.293848,-19.473465,-20.948496,2.8741832,9.484804,0.285636622
0.010006137,28.47619,28.47619,28.476467,28.476467,-20.795889,-22.452496,2.859954,9.437849,0.285639186
0.010006256,33.85131,33.85131,33.851517,33.851517,-22.913456,-24.847513,2.8333406,9.350024,0.285643148
0.010006436,41.991734,41.991734,41.991943,41.991943,-26.099464,-28.01166,2.7853215,9.191561,0.285647882
0.010006625,50.476315,50.476315,50.476486,50.476486,-28.798925,-29.842184,2.7256541,8.994658,0.28565163
0.010006742,53.723545,53.723545,53.723743,53.723743,-29.504532,-29.992098,2.6858833,8.863415,0.285653846
0.010006811,50.67585,50.67585,50.67602,50.67602,-29.096478,-29.31367,2.6652153,8.795211,0.285655463
0.01000688,47.32475,47.32475,47.32494,47.32494,-28.731813,-28.786808,2.6463187,8.732851,0.285657113
0.010006954,43.88017,43.88017,43.880333,43.880333,-28.306171,-28.223997,2.627328,8.670182,0.285659248
0.010007068,39.081573,39.081573,39.08175,39.08175,-27.742264,-27.505346,2.6008596,8.582837,0.285661845
0.010007187,34.73608,34.73608,34.736225,34.736225,-27.166447,-26.796507,2.575866,8.500359,0.285664974
0.010007353,29.811998,29.811998,29.81215,29.81215,-26.403776,-25.868792,2.5450132,8.398544,0.285668822
0.010007547,25.66171,25.66171,25.661802,25.661802,-25.480244,-24.75298,2.5134962,8.294537,0.285672518
0.010007708,23.678188,23.678188,21.184557,21.184557,-24.65053,-23.755268,2.4894323,8.215126,0.285674892
0.010007779,23.223623,23.223623,17.827482,17.827482,-24.25116,-23.276787,2.479039,8.180828,0.285676267
0.010007843,23.061579,23.061579,14.666642,14.666642,-23.8806,-22.830181,2.4696429,8.149821,0.285677775
0.010007929,23.382875,23.382875,10.819769,10.819769,-23.339966,-22.200533,2.4567764,8.107363,0.285679117
0.010007978,24.324858,24.324858,9.547845,9.547845,-22.966682,-21.80381,2.4487157,8.080762,0.285679923
0.01000801,25.521017,25.521017,9.51643,9.51643,-22.670982,-21.527296,2.442895,8.061553,0.285680552
0.010008042,26.522602,26.522602,9.293203,9.293203,-22.402315,-21.259644,2.4370632,8.042309,0.285680941
0.01000805,26.630009,26.630009,9.047275,9.047275,-22.348085,-21.201735,2.4356425,8.037621,0.285681118
0.01000806,26.884258,26.884258,8.8840275,8.8840275,-22.267336,-21.11648,2.4337802,8.031474,0.28568133
0.010008072,27.146173,27.146173,8.654496,8.654496,-22.179873,-21.027012,2.4316375,8.024404,0.285681551
0.010008083,27.404629,27.404629,8.444565,8.444565,-22.0945,-20.936298,2.4295723,8.017589,0.285681814
0.010008099,27.768578,27.768578,8.128916,8.128916,-21.97427,-20.811829,2.4265752,8.007698,0.285682137
0.010008116,28.168987,28.168987,7.7870345,7.7870345,-21.842382,-20.672503,2.4232647,7.9967737,0.285682501
0.010008136,28.635208,28.635208,7.383139,7.383139,-21.690243,-20.51389,2.4193447,7.9838376,0.285682896
0.010008157,29.111326,29.111326,6.9783645,6.9783645,-21.535679,-20.350805,2.415311,7.9705267,0.285683291
0.010008178,29.587564,29.587564,6.5730195,6.5730195,-21.38275,-20.190857,2.4112155,7.957011,0.2856837
0.0100082,30.101036,30.101036,6.145522,6.145522,-21.218693,-20.017899,2.4067605,7.94231,0.285684128
0.010008222,30.63217,30.63217,5.7047124,5.7047124,-21.050762,-19.841827,2.402077,7.9268537,0.285684584
0.010008247,31.218822,31.218822,5.2290735,5.2290735,-20.866219,-19.64745,2.3968425,7.90958,0.285685078
0.010008274,31.85088,31.85088,4.720199,4.720199,-20.669357,-19.440731,2.3910937,7.8906097,0.285685628
0.010008306,32.581966,32.581966,4.1460986,4.1460986,-20.442879,-19.202412,2.3843305,7.868291,0.285686257
0.010008342,33.416836,33.416836,3.4990172,3.4990172,-20.186705,-18.933277,2.3764112,7.8421574,0.285686998
0.010008385,34.437435,34.437435,2.7310977,2.7310977,-19.875437,-18.606165,2.3664684,7.809346,0.285687901
0.010008439,35.681953,35.681953,1.8182083,1.8182083,-19.499386,-18.211498,2.3538835,7.7678156,0.285688899
0.010008494,36.947556,36.947556,0.9270669,0.9270669,-19.119175,-17.812992,2.3405674,7.723872,0.285690054
0.010008567,38.584328,38.584328,-0.17594594,-0.17594594,-18.63126,-17.302656,2.3224685,7.6641464,0.285691327
0.010008637,40.150314,40.150314,-1.1621641,-1.1621641,-18.166685,-16.818338,2.3042095,7.6038914,0.285692822
0.010008738,42.326515,42.326515,-2.4106507,-2.4106507,-17.525686,-16.1528,2.2771568,7.5146174,0.285694516
0.010008835,44.399998,44.399998,-3.4271734,-3.4271734,-16.918747,-15.52692,2.2495394,7.42348,0.285696655
0.010008994,47.486485,47.486485,-4.839936,-4.839936,-15.988229,-14.568278,2.2025373,7.268373,0.285699156
0.010009148,49.8467,49.8467,-6.371466,-6.371466,-15.155706,-13.701691,2.1546152,7.11023,0.285702695
0.010009456,52.814796,52.814796,-9.8375025,-9.8375025,-13.662697,-12.15542,2.0551414,6.781967,0.285706556
0.010009702,53.717422,53.717422,-12.873106,-12.873106,-12.578194,-11.0740795,1.973614,6.512926,0.285709701
0.010009945,53.563114,53.563114,-15.979015,-15.979015,-11.596041,-10.125315,1.8932573,6.2477493,0.28571265
0.010010201,52.508297,52.508297,-19.244547,-19.244547,-10.663681,-9.239106,1.8103709,5.974224,0.285715397
0.010010453,50.771984,50.771984,-22.381079,-22.381079,-9.844899,-8.462058,1.7310966,5.712619,0.28571804
0.010010735,48.31871,48.31871,-25.573463,-25.573463,-9.029527,-7.692459,1.6464522,5.4332924,0.285721825
0.010011299,43.74263,43.74263,-28.78236,-28.78236,-7.6390758,-6.396784,1.4891856,4.9143124,0.285724945
0.010011588,39.17689,39.17689,-28.559393,-28.559393,-7.088541,-5.8759284,1.4182425,4.6802,0.285726545
0.010011781,32.75129,32.75129,-27.728926,-27.728926,-6.8266077,-5.6035004,1.3791263,4.5511165,0.285727633
0.010011934,28.599625,28.599625,-27.161993,-27.161993,-6.607043,-5.3866796,1.35256,4.463448,0.28572842
0.010012042,26.194052,26.194052,-26.793188,-26.793188,-6.44835,-5.2332025,1.3357004,4.407811,0.285729113
0.01001217,23.904818,23.904818,-26.365934,-26.365934,-6.250628,-5.048744,1.3171751,4.346678,0.285729951
0.010012335,21.620733,21.620733,-25.833895,-25.833895,-5.9920807,-4.8111835,1.2951816,4.2740993,0.285730577
0.010012396,20.833187,20.833187,-25.643263,-25.643263,-5.8950496,-4.7237206,1.2874949,4.248733,0.285730909
0.010012456,20.158775,20.158775,-25.46163,-25.46163,-5.802413,-4.639498,1.2802783,4.224919,0.285731274
0.010012532,19.318256,19.318256,-25.231174,-25.231174,-5.684113,-4.53376,1.2714474,4.1957765,0.285731677
0.010012607,18.5405,18.5405,-25.007208,-25.007208,-5.568317,-4.429525,1.2629784,4.167829,0.285732065
0.010012679,17.825785,17.825785,-24.790043,-24.790043,-5.457658,-4.3314605,1.2552177,4.1422186,0.285732448
0.010012754,17.120852,17.120852,-24.567028,-24.567028,-5.34356,-4.2295766,1.2473586,4.1162834,0.285732854
0.010012837,16.382786,16.382786,-24.315914,-24.315914,-5.219267,-4.120166,1.2391374,4.0891533,0.285733275
0.01001292,15.679477,15.679477,-24.064676,-24.064676,-5.095357,-4.0104556,1.2311198,4.062695,0.285733705
0.010013009,14.970197,14.970197,-23.787153,-23.787153,-4.965214,-3.8967235,1.223028,4.035992,0.285734173
0.01001311,14.207408,14.207408,-23.469456,-23.469456,-4.8182015,-3.7677183,1.2141231,4.0066066,0.28573465
0.010013205,13.536561,13.536561,-23.158556,-23.158556,-4.683164,-3.6506212,1.2062693,3.9806886,0.285735153
0.01001332,12.772553,12.772553,-22.780254,-22.780254,-4.52111,-3.5096614,1.1971083,3.9504576,0.285735685
0.010013429,12.090595,12.090595,-22.403881,-22.403881,-4.3696094,-3.3793147,1.1888938,3.9233496,0.285736262
0.010013568,11.296743,11.296743,-21.937208,-21.937208,-4.1827416,-3.2182958,1.1790912,3.891001,0.285736913
0.010013713,10.519583,10.519583,-21.431599,-21.431599,-3.9896848,-3.0536284,1.1694211,3.8590894,0.285737688
0.010013911,9.568795,9.568795,-20.767057,-20.767057,-3.735868,-2.8374412,1.157262,3.8189647,0.285738683
0.010014164,8.489071,8.489071,-19.920475,-19.920475,-3.4239185,-2.574547,1.1432142,3.7726068,0.285740085
0.010014561,7.06822,7.06822,-18.649097,-18.649097,-2.9633617,-2.189377,1.1239765,3.7091222,0.285742052
0.010015107,5.5299296,5.5299296,-16.967127,-16.967127,-2.388243,-1.7161422,1.1022168,3.6373155,0.285745337
0.0100162,3.4472916,3.4472916,-13.87648,-13.87648,-1.4366673,-0.9535203,1.0701693,3.5315585,0.285751254
0.010018238,1.4393166,1.4393166,-8.965247,-8.965247,-0.32526842,-0.13926575,1.0347104,3.4145443,0.285759139
0.010020664,0.4622753,0.4622753,-4.585291,-4.585291,0.000108214,0.000171736,1.0137994,3.3455384,0.285768598
0.010023816,-0.050102778,-0.050102778,-1.1312065,-1.1312065,-1.58E-05,-8.22E-05,1.0005498,3.3018143,0.285779507
0.010027268,-0.28302667,-0.28302667,-0.000649616,-0.000649616,0.000100959,0.000165193,0.99374086,3.279345,0.285790984
0.01003086,-0.37692913,-0.37692913,0.000750132,0.000750132,-2.29E-05,-8.87E-05,0.9901793,3.2675915,0.285802774
0.010034556,-0.36909592,-0.36909592,-0.000661202,-0.000661202,9.45E-05,0.000159163,0.9874503,3.2585862,0.285814236
0.010037984,-0.32314858,-0.32314858,0.00074008,0.00074008,-2.83E-05,-9.39E-05,0.98436713,3.2484117,0.2858252
0.010041413,-0.19514363,-0.19514363,-0.000669056,-0.000669056,9.02E-05,0.000155041,0.9794683,3.2322452,0.285835738
0.010044641,-0.039168987,-0.039168987,0.000734434,0.000734434,-3.19E-05,-9.73E-05,0.972118,3.2079895,0.285842846
0.010045972,-0.0040355,-0.0040355,-0.000672695,-0.000672695,8.77E-05,0.000152742,0.9683583,3.1955822,0.285846096
0.010046742,-0.00348294,-0.00348294,0.000733469,0.000733469,-3.29E-05,-9.84E-05,0.96611905,3.188193,0.285847889
0.010047136,0.002548284,0.002548284,-0.000674565,-0.000674565,8.68E-05,0.000151862,0.96496296,3.1843777,0.285849074
0.010047513,-0.003223495,-0.003223495,0.000733297,0.000733297,-3.40E-05,-9.95E-05,0.9638636,3.18075,0.285850186
0.010047861,0.002529088,0.002529088,-0.000676886,-0.000676886,8.56E-05,0.000150791,0.9628456,3.1773906,0.285851282
0.01004823,-0.003183544,-0.003183544,0.000733336,0.000733336,-3.50E-05,-0.000100604,0.961774,3.173854,0.285852523
0.010048674,0.002540019,0.002540019,-0.000679073,-0.000679073,8.45E-05,0.000149711,0.9604777,3.1695764,0.285854552
0.010049563,-0.003143288,-0.003143288,0.000732218,0.000732218,-3.67E-05,-0.000102338,0.9579002,3.1610708,0.285857776
0.010050804,0.002627701,0.002627701,-0.00068206,-0.00068206,8.19E-05,0.00014722,0.9543026,3.1491985,0.285861372
0.010051956,-0.003044664,-0.003044664,0.000730348,0.000730348,-3.89E-05,-0.000104495,0.95098203,3.1382408,0.285864974
0.010053218,0.002657382,0.002657382,-0.000683281,-0.000683281,8.11E-05,0.00014638,0.94734955,3.1262536,0.285868733
0.010054494,-0.003048978,-0.003048978,0.000730459,0.000730459,-3.90E-05,-0.000104663,0.94369763,3.1142023,0.285872265
0.010055622,0.002658227,0.002658227,-0.000683909,-0.000683909,8.08E-05,0.000146154,0.94047594,3.1035705,0.285875668
0.010056825,-0.003047767,-0.003047767,0.000730285,0.000730285,-3.95E-05,-0.000105122,0.93705666,3.092287,0.285880899
0.010059233,0.002661289,0.002661289,-0.000685152,-0.000685152,7.99E-05,0.000145282,0.93024546,3.0698102,0.285887823
0.010061674,-0.003042348,-0.003042348,0.000728919,0.000728919,-4.08E-05,-0.000106495,0.92339295,3.0471969,0.285894906
0.010064267,0.002667499,0.002667499,-0.000687019,-0.000687019,7.84E-05,0.000143749,0.9161662,3.0233486,0.285903305
0.010067739,-0.003034252,-0.003034252,0.000726965,0.000726965,-4.27E-05,-0.00010839,0.90658355,2.9917257,0.285912272
0.010070879,0.002676146,0.002676146,-0.000689356,-0.000689356,7.63E-05,0.000141738,0.8979988,2.9633963,0.285920751
0.010074112,-0.003025925,-0.003025925,0.00072505,0.00072505,-4.46E-05,-0.000110257,0.8892506,2.934527,0.285930072
0.010078023,0.002684907,0.002684907,-0.000691612,-0.000691612,7.44E-05,0.000139779,0.8787746,2.8999562,0.285940798
0.01008253,-0.003015969,-0.003015969,0.000722784,0.000722784,-4.68E-05,-0.000112423,0.86686146,2.860643,0.285953525
0.010088287,0.002696051,0.002696051,-0.000694334,-0.000694334,7.19E-05,0.000137364,0.8518711,2.8111746,0.28596836
0.010094919,-0.003003517,-0.003003517,0.000719931,0.000719931,-4.94E-05,-0.00011508,0.83493054,2.7552707,0.285981832
0.0101,0.002706747,0.002706747,-0.000696934,-0.000696934,6.96E-05,0.000135077,0.82217526,2.7131784,0.285987499
0.0101,0.001840532,0.001840532,-0.000404826,-0.000404826,1.09E-05,9.18E-05,0.8221754,2.7131786,0.285987499
0.0101,0.000187465,0.000187465,2.45E-05,2.45E-05,-0.000310663,-0.000243464,0.82217634,2.713182,0.285987499
0.0101,0.000485832,0.000485832,3.26E-05,3.26E-05,-9.51E-05,-6.97E-05,0.82217634,2.7131817,0.285987499
0.0101,0.000395605,0.000395605,1.43E-05,1.43E-05,-8.24E-05,-5.86E-05,0.8221764,2.7131822,0.285987499
0.0101,0.00029698,0.00029698,3.91E-05,3.91E-05,-6.41E-05,-4.79E-05,0.82217646,2.7131824,0.285987499
0.0101,0.000225257,0.000225257,4.23E-05,4.23E-05,-4.98E-05,-3.24E-05,0.8221765,2.7131827,0.285987499
0.0101,9.39E-05,9.39E-05,6.08E-05,6.08E-05,-2.85E-05,-2.14E-05,0.8221766,2.7131827,0.285987499
0.0101,8.34E-07,8.34E-07,6.56E-05,6.56E-05,-1.22E-05,-5.82E-06,0.82217664,2.713183,0.285987499
0.0101,-8.78E-05,-8.78E-05,7.51E-05,7.51E-05,1.74E-06,-2.26E-07,0.82217664,2.7131827,0.285987499
0.0101,-0.000120006,-0.000120006,7.29E-05,7.29E-05,8.63E-06,8.18E-06,0.8221766,2.7131827,0.285987499
0.0101,-0.000143559,-0.000143559,7.39E-05,7.39E-05,1.31E-05,7.30E-06,0.8221765,2.7131824,0.285987499
0.0101,-0.000143126,-0.000143126,6.74E-05,6.74E-05,1.50E-05,1.20E-05,0.8221764,2.7131822,0.285987499
0.0101,-0.000148171,-0.000148171,6.38E-05,6.38E-05,1.62E-05,9.18E-06,0.82217616,2.7131815,0.2859875
0.0101,-0.000143927,-0.000143927,5.31E-05,5.31E-05,1.63E-05,1.30E-05,0.82217586,2.7131803,0.2859875
0.010100001,-0.000148268,-0.000148268,4.30E-05,4.30E-05,1.51E-05,9.29E-06,0.8221752,2.7131782,0.285987501
0.010100001,-0.000144203,-0.000144203,2.82E-05,2.82E-05,1.30E-05,1.22E-05,0.82217425,2.713175,0.285987502
0.010100001,-0.000148411,-0.000148411,2.30E-05,2.30E-05,1.17E-05,8.40E-06,0.8221733,2.713172,0.285987503
0.010100002,-0.000144364,-0.000144364,1.62E-05,1.62E-05,1.09E-05,1.16E-05,0.8221724,2.7131689,0.285987503
0.010100002,-0.000148462,-0.000148462,1.57E-05,1.57E-05,1.04E-05,8.06E-06,0.82217145,2.7131655,0.285987504
0.010100003,-0.000144453,-0.000144453,1.15E-05,1.15E-05,1.00E-05,1.14E-05,0.8221703,2.713162,0.285987505
0.010100003,-0.000148476,-0.000148476,1.28E-05,1.28E-05,9.85E-06,7.90E-06,0.822169,2.7131577,0.285987507
0.010100004,-0.000144492,-0.000144492,9.90E-06,9.90E-06,9.67E-06,1.13E-05,0.8221674,2.7131524,0.285987508
0.010100005,-0.000148456,-0.000148456,1.20E-05,1.20E-05,9.66E-06,7.84E-06,0.8221654,2.713146,0.28598751
0.010100006,-0.000144482,-0.000144482,9.73E-06,9.73E-06,9.59E-06,1.12E-05,0.82216287,2.7131376,0.285987513
0.010100007,-0.000148404,-0.000148404,1.21E-05,1.21E-05,9.63E-06,7.82E-06,0.8221594,2.713126,0.285987517
0.010100009,-0.000144424,-0.000144424,9.84E-06,9.84E-06,9.59E-06,1.12E-05,0.8221542,2.7131088,0.285987523
0.010100013,-0.000148305,-0.000148305,1.21E-05,1.21E-05,9.63E-06,7.82E-06,0.8221452,2.7130792,0.285987535
0.01010002,-0.00014429,-0.00014429,9.85E-06,9.85E-06,9.58E-06,1.12E-05,0.8221273,2.71302,0.285987559
0.010100034,-0.000148137,-0.000148137,1.21E-05,1.21E-05,9.63E-06,7.82E-06,0.82209134,2.7129016,0.285987608
0.010100063,-0.000144144,-0.000144144,9.85E-06,9.85E-06,9.58E-06,1.12E-05,0.8220196,2.7126646,0.285987704
0.010100121,-0.000148028,-0.000148028,1.21E-05,1.21E-05,9.61E-06,7.80E-06,0.82187593,2.7121906,0.285987897
0.010100236,-0.000144,-0.000144,9.81E-06,9.81E-06,9.55E-06,1.12E-05,0.8215888,2.7112432,0.285988282
0.010100467,-0.000147741,-0.000147741,1.20E-05,1.20E-05,9.55E-06,7.74E-06,0.8210148,2.709349,0.285989052
0.010100928,-0.000143429,-0.000143429,9.68E-06,9.68E-06,9.42E-06,1.11E-05,0.8198681,2.7055645,0.285990587
0.010101851,-0.000146609,-0.000146609,1.18E-05,1.18E-05,9.31E-06,7.50E-06,0.8175794,2.6980119,0.285993641
0.010103697,-0.000141205,-0.000141205,9.15E-06,9.15E-06,8.95E-06,1.06E-05,0.81302106,2.6829696,0.28599968
0.010107388,-0.000142322,-0.000142322,1.08E-05,1.08E-05,8.39E-06,6.59E-06,0.8039805,2.6531358,0.286011491
0.010114771,-0.000133231,-0.000133231,7.25E-06,7.25E-06,7.24E-06,8.90E-06,0.7861994,2.5944579,0.286029219
0.010124771,-0.000131056,-0.000131056,8.05E-06,8.05E-06,5.98E-06,4.20E-06,0.7627391,2.517039,0.286048417
0.010134771,-0.000121812,-0.000121812,4.53E-06,4.53E-06,4.83E-06,6.51E-06,0.73997885,2.4419303,0.286066487
0.010144771,-0.000120749,-0.000120749,5.74E-06,5.74E-06,3.94E-06,2.17E-06,0.7178977,2.3690624,0.286081237
0.010152116,-0.000111461,-0.000111461,2.80E-06,2.80E-06,3.30E-06,4.99E-06,0.7021009,2.3169332,0.286089628
0.010155088,-0.000110953,-0.000110953,4.83E-06,4.83E-06,3.13E-06,1.37E-06,0.69580853,2.2961683,0.286094073
0.010157681,-0.000106634,-0.000106634,2.35E-06,2.35E-06,2.90E-06,4.60E-06,0.6903642,2.2782016,0.286096558
0.010158247,-0.000109293,-0.000109293,4.58E-06,4.58E-06,2.91E-06,1.15E-06,0.68918115,2.2742977,0.286097593
0.010159001,-0.000106121,-0.000106121,2.24E-06,2.24E-06,2.81E-06,4.51E-06,0.68760794,2.269106,0.286098716
0.010159686,-0.000108803,-0.000108803,4.46E-06,4.46E-06,2.81E-06,1.06E-06,0.68618244,2.264402,0.286099838
0.010160445,-0.000105661,-0.000105661,2.13E-06,2.13E-06,2.72E-06,4.41E-06,0.6846067,2.259202,0.286100997
0.010161186,-0.000108365,-0.000108365,4.35E-06,4.35E-06,2.72E-06,9.57E-07,0.68307287,2.2541404,0.286102211
0.010162022,-0.000105214,-0.000105214,2.02E-06,2.02E-06,2.61E-06,4.31E-06,0.68134385,2.2484345,0.286103629
0.010163037,-0.000107869,-0.000107869,4.22E-06,4.22E-06,2.60E-06,8.39E-07,0.6792532,2.2415357,0.286105325
0.01016425,-0.000104631,-0.000104631,1.86E-06,1.86E-06,2.47E-06,4.17E-06,0.676761,2.2333112,0.286107547
0.010165977,-0.000107132,-0.000107132,4.01E-06,4.01E-06,2.42E-06,6.59E-07,0.6732302,2.2216594,0.286110518
0.010168222,-0.000103667,-0.000103667,1.58E-06,1.58E-06,2.24E-06,3.94E-06,0.6686669,2.2066007,0.28611516
0.01017227,-0.000105688,-0.000105688,3.60E-06,3.60E-06,2.06E-06,3.04E-07,0.6605172,2.1797066,0.286122945
0.010179036,-0.000101377,-0.000101377,9.33E-07,9.33E-07,1.67E-06,3.38E-06,0.6471175,2.1354876,0.286134529
0.010189036,-0.000102562,-0.000102562,2.71E-06,2.71E-06,1.29E-06,-4.58E-07,0.6278069,2.0717628,0.286147535
0.010199036,-9.82E-05,-9.82E-05,2.65E-08,2.65E-08,8.94E-07,2.61E-06,0.60907257,2.0099392,0.286159777
0.010209036,-9.99E-05,-9.99E-05,1.97E-06,1.97E-06,6.64E-07,-1.08E-06,0.59089726,1.9499608,0.2861713
0.010219036,-9.60E-05,-9.60E-05,-5.62E-07,-5.62E-07,4.01E-07,2.12E-06,0.5732643,1.8917722,0.286182145
0.010229036,-9.81E-05,-9.81E-05,1.51E-06,1.51E-06,2.81E-07,-1.45E-06,0.5561575,1.83532,0.286192352
0.010239036,-9.45E-05,-9.45E-05,-9.20E-07,-9.20E-07,1.07E-07,1.83E-06,0.5395613,1.780552,0.286201959
0.010249036,-9.69E-05,-9.69E-05,1.23E-06,1.23E-06,5.76E-08,-1.67E-06,0.5234602,1.7274187,0.286211001
0.010259036,-9.35E-05,-9.35E-05,-1.13E-06,-1.13E-06,-6.12E-08,1.66E-06,0.5078396,1.6758707,0.286219512
0.010269036,-9.60E-05,-9.60E-05,1.08E-06,1.08E-06,-6.81E-08,-1.80E-06,0.4926852,1.6258612,0.286227522
0.010279036,-9.27E-05,-9.27E-05,-1.24E-06,-1.24E-06,-1.55E-07,1.57E-06,0.477983,1.5773438,0.286235062
0.010289036,-9.53E-05,-9.53E-05,9.93E-07,9.93E-07,-1.38E-07,-1.87E-06,0.4637195,1.5302743,0.286242158
0.010299036,-9.21E-05,-9.21E-05,-1.31E-06,-1.31E-06,-2.07E-07,1.52E-06,0.44988164,1.4846094,0.286248837
0.010309036,-9.48E-05,-9.48E-05,9.46E-07,9.46E-07,-1.76E-07,-1.90E-06,0.4364567,1.440307,0.286255123
0.010319036,-9.17E-05,-9.17E-05,-1.34E-06,-1.34E-06,-2.35E-07,1.49E-06,0.4234324,1.397327,0.28626104
0.010329036,-9.45E-05,-9.45E-05,9.20E-07,9.20E-07,-1.98E-07,-1.93E-06,0.41079673,1.3556292,0.286266609
0.010339036,-9.14E-05,-9.14E-05,-1.36E-06,-1.36E-06,-2.52E-07,1.48E-06,0.39853817,1.3151759,0.286271546
0.010347876,-9.42E-05,-9.42E-05,9.06E-07,9.06E-07,-2.10E-07,-1.94E-06,0.38800672,1.2804222,0.286275301
0.010354151,-9.12E-05,-9.12E-05,-1.37E-06,-1.37E-06,-2.60E-07,1.47E-06,0.38070065,1.2563123,0.286278298
0.010360409,-9.40E-05,-9.40E-05,8.99E-07,8.99E-07,-2.16E-07,-1.94E-06,0.3735508,1.2327176,0.286281316
0.010367259,-9.10E-05,-9.10E-05,-1.38E-06,-1.38E-06,-2.65E-07,1.46E-06,0.36587945,1.207402,0.28628427
0.010373781,-9.38E-05,-9.38E-05,8.94E-07,8.94E-07,-2.21E-07,-1.95E-06,0.35872066,1.1837783,0.286287126
0.010380708,-9.08E-05,-9.08E-05,-1.38E-06,-1.38E-06,-2.69E-07,1.46E-06,0.35127154,1.1591961,0.286290354
0.010389639,-9.37E-05,-9.37E-05,8.89E-07,8.89E-07,-2.25E-07,-1.95E-06,0.3418954,1.1282548,0.286294005
0.010399639,-9.07E-05,-9.07E-05,-1.39E-06,-1.39E-06,-2.74E-07,1.45E-06,0.3316929,1.0945866,0.286297636
0.010409639,-9.35E-05,-9.35E-05,8.85E-07,8.85E-07,-2.29E-07,-1.96E-06,0.32179484,1.061923,0.286301053
0.010419639,-9.05E-05,-9.05E-05,-1.39E-06,-1.39E-06,-2.77E-07,1.45E-06,0.31219214,1.0302341,0.28630427
0.010429639,-9.34E-05,-9.34E-05,8.82E-07,8.82E-07,-2.31E-07,-1.96E-06,0.302876,0.99949074,0.286307297
0.010439639,-9.04E-05,-9.04E-05,-1.39E-06,-1.39E-06,-2.79E-07,1.45E-06,0.29383788,0.96966505,0.286310146
0.010449639,-9.33E-05,-9.33E-05,8.80E-07,8.80E-07,-2.33E-07,-1.96E-06,0.28506944,0.94072914,0.286312828
0.010459639,-9.03E-05,-9.03E-05,-1.39E-06,-1.39E-06,-2.81E-07,1.45E-06,0.2765627,0.9126568,0.286315352
0.010469639,-9.32E-05,-9.32E-05,8.78E-07,8.78E-07,-2.35E-07,-1.96E-06,0.26830977,0.8854222,0.286317728
0.010479639,-9.03E-05,-9.03E-05,-1.39E-06,-1.39E-06,-2.82E-07,1.45E-06,0.26030314,0.8590002,0.286319964
0.010489639,-9.32E-05,-9.32E-05,8.77E-07,8.77E-07,-2.36E-07,-1.96E-06,0.2525354,0.8333669,0.286322068
0.010499639,-9.02E-05,-9.02E-05,-1.40E-06,-1.40E-06,-2.83E-07,1.45E-06,0.2449995,0.8084984,0.286324049
0.010509639,-9.31E-05,-9.31E-05,8.76E-07,8.76E-07,-2.36E-07,-1.96E-06,0.23768847,0.7843721,0.286325913
0.010519639,-9.01E-05,-9.01E-05,-1.40E-06,-1.40E-06,-2.83E-07,1.44E-06,0.2305956,0.7609656,0.286327668
0.010529639,-9.30E-05,-9.30E-05,8.76E-07,8.76E-07,-2.37E-07,-1.96E-06,0.22371438,0.7382574,0.28632932
0.010539639,-9.01E-05,-9.01E-05,-1.40E-06,-1.40E-06,-2.84E-07,1.44E-06,0.21703853,0.71622705,0.286330874
0.010549639,-9.30E-05,-9.30E-05,8.76E-07,8.76E-07,-2.37E-07,-1.97E-06,0.21056187,0.694854,0.286332337
0.010559639,-9.00E-05,-9.00E-05,-1.40E-06,-1.40E-06,-2.84E-07,1.44E-06,0.2042785,0.674119,0.286333714
0.010569639,-9.29E-05,-9.29E-05,8.75E-07,8.75E-07,-2.38E-07,-1.97E-06,0.19818261,0.65400267,0.28633501
0.010579639,-8.99E-05,-8.99E-05,-1.40E-06,-1.40E-06,-2.84E-07,1.44E-06,0.19226864,0.6344867,0.28633623
0.010589639,-9.28E-05,-9.28E-05,8.75E-07,8.75E-07,-2.38E-07,-1.97E-06,0.18653116,0.6155529,0.286337378
0.010599639,-8.98E-05,-8.98E-05,-1.40E-06,-1.40E-06,-2.85E-07,1.44E-06,0.18096487,0.59718394,0.286338459
0.010609639,-9.28E-05,-9.28E-05,8.75E-07,8.75E-07,-2.38E-07,-1.97E-06,0.1755647,0.5793636,0.286339476
0.010619639,-8.98E-05,-8.98E-05,-1.40E-06,-1.40E-06,-2.85E-07,1.44E-06,0.17032568,0.56207466,0.286340434
0.010629639,-9.27E-05,-9.27E-05,8.75E-07,8.75E-07,-2.38E-07,-1.97E-06,0.16524298,0.5453019,0.286341335
0.010639639,-8.97E-05,-8.97E-05,-1.40E-06,-1.40E-06,-2.85E-07,1.44E-06,0.16031198,0.5290296,0.286342183
0.010649639,-9.26E-05,-9.26E-05,8.75E-07,8.75E-07,-2.38E-07,-1.97E-06,0.1555281,0.5132427,0.286342981
0.010659639,-8.97E-05,-8.97E-05,-1.40E-06,-1.40E-06,-2.85E-07,1.44E-06,0.150887,0.4979272,0.286343732
0.010669639,-9.26E-05,-9.26E-05,8.75E-07,8.75E-07,-2.38E-07,-1.97E-06,0.14638437,0.48306847,0.28634444
0.010679639,-8.96E-05,-8.96E-05,-1.40E-06,-1.40E-06,-2.85E-07,1.44E-06,0.14201613,0.4686532,0.286345105
0.010689639,-9.25E-05,-9.25E-05,8.75E-07,8.75E-07,-2.38E-07,-1.97E-06,0.13777822,0.45466805,0.286345732
0.010699639,-8.96E-05,-8.96E-05,-1.40E-06,-1.40E-06,-2.85E-07,1.44E-06,0.1336668,0.4411006,0.286346321
0.010709639,-9.25E-05,-9.25E-05,8.75E-07,8.75E-07,-2.38E-07,-1.97E-06,0.12967804,0.4279375,0.286346876
0.010719639,-8.95E-05,-8.95E-05,-1.40E-06,-1.40E-06,-2.85E-07,1.44E-06,0.12580833,0.41516757,0.286347398
0.010729639,-9.24E-05,-9.24E-05,8.75E-07,8.75E-07,-2.38E-07,-1.97E-06,0.122054085,0.4027784,0.28634789
0.010739639,-8.95E-05,-8.95E-05,-1.40E-06,-1.40E-06,-2.85E-07,1.44E-06,0.11841188,0.39075923,0.286348353
0.010749639,-9.24E-05,-9.24E-05,8.74E-07,8.74E-07,-2.38E-07,-1.97E-06,0.11487836,0.37909865,0.286348788
0.010759639,-8.94E-05,-8.94E-05,-1.40E-06,-1.40E-06,-2.85E-07,1.44E-06,0.11145028,0.36778593,0.286349198
0.010769639,-9.24E-05,-9.24E-05,8.74E-07,8.74E-07,-2.38E-07,-1.97E-06,0.108124495,0.3568108,0.286349584
0.010779639,-8.94E-05,-8.94E-05,-1.40E-06,-1.40E-06,-2.85E-07,1.44E-06,0.10489796,0.34616327,0.286349947
0.010789639,-9.23E-05,-9.23E-05,8.74E-07,8.74E-07,-2.38E-07,-1.97E-06,0.10176771,0.3358333,0.286350289
0.010799639,-8.94E-05,-8.94E-05,-1.40E-06,-1.40E-06,-2.85E-07,1.44E-06,0.09873087,0.32581186,0.28635061
0.010809639,-9.23E-05,-9.23E-05,8.74E-07,8.74E-07,-2.38E-07,-1.97E-06,0.09578465,0.31608915,0.286350913
0.010819639,-8.93E-05,-8.93E-05,-1.40E-06,-1.40E-06,-2.85E-07,1.44E-06,0.092926346,0.30665684,0.286351198
0.010829639,-9.22E-05,-9.22E-05,8.74E-07,8.74E-07,-2.38E-07,-1.97E-06,0.09015334,0.2975061,0.286351466
0.010839639,-8.93E-05,-8.93E-05,-1.40E-06,-1.40E-06,-2.85E-07,1.44E-06,0.08746309,0.2886281,0.286351719
0.010849639,-9.22E-05,-9.22E-05,8.74E-07,8.74E-07,-2.38E-07,-1.97E-06,0.084853105,0.28001523,0.286351956
0.010859639,-8.93E-05,-8.93E-05,-1.40E-06,-1.40E-06,-2.85E-07,1.44E-06,0.08232102,0.27165937,0.28635218
0.010869639,-9.22E-05,-9.22E-05,8.74E-07,8.74E-07,-2.38E-07,-1.97E-06,0.07986448,0.2635529,0.286352391
0.010879639,-8.92E-05,-8.92E-05,-1.40E-06,-1.40E-06,-2.85E-07,1.44E-06,0.07748126,0.2556882,0.286352589
0.010889639,-9.22E-05,-9.22E-05,8.74E-07,8.74E-07,-2.38E-07,-1.97E-06,0.075169146,0.24805808,0.286352775
0.010899639,-8.92E-05,-8.92E-05,-1.40E-06,-1.40E-06,-2.85E-07,1.44E-06,0.072926044,0.2406559,0.286352951
0.010909639,-9.21E-05,-9.21E-05,8.74E-07,8.74E-07,-2.38E-07,-1.97E-06,0.070749864,0.2334745,0.286353116
0.010919639,-8.92E-05,-8.92E-05,-1.40E-06,-1.40E-06,-2.85E-07,1.44E-06,0.06863863,0.22650743,0.286353271
0.010929639,-9.21E-05,-9.21E-05,8.74E-07,8.74E-07,-2.38E-07,-1.97E-06,0.06659039,0.2197485,0.286353418
0.010939639,-8.92E-05,-8.92E-05,-1.40E-06,-1.40E-06,-2.85E-07,1.44E-06,0.064603284,0.2131908,0.286353555
0.010949639,-9.21E-05,-9.21E-05,8.74E-07,8.74E-07,-2.38E-07,-1.97E-06,0.06267546,0.20682883,0.286353685
0.010959639,-8.91E-05,-8.91E-05,-1.40E-06,-1.40E-06,-2.85E-07,1.44E-06,0.060805183,0.20065713,0.286353807
0.010969639,-9.21E-05,-9.21E-05,8.74E-07,8.74E-07,-2.38E-07,-1.97E-06,0.058990702,0.19466949,0.286353922
0.010979639,-8.91E-05,-8.91E-05,-1.40E-06,-1.40E-06,-2.85E-07,1.44E-06,0.057230376,0.18886018,0.28635403
0.010989639,-9.20E-05,-9.20E-05,8.74E-07,8.74E-07,-2.38E-07,-1.97E-06,0.055522572,0.18322444,0.286354132
0.010999639,-8.91E-05,-8.91E-05,-1.40E-06,-1.40E-06,-2.85E-07,1.44E-06,0.05386574,0.17775702,0.286354181
0.011,-9.20E-05,-9.20E-05,8.74E-07,8.74E-07,-2.38E-07,-1.97E-06,0.053806808,0.17756248,0.286354183
0.011,-9.17E-05,-9.17E-05,6.23E-07,6.23E-07,-3.52E-07,2.57E-07,0.05380681,0.17756248,0.286354183
0.011,-8.94E-05,-8.94E-05,-1.23E-06,-1.23E-06,-2.70E-07,-7.94E-07,0.053806808,0.17756248,0.286354183
0.011,-9.20E-05,-9.20E-05,6.78E-07,6.78E-07,-2.95E-07,2.18E-07,0.0538068,0.17756248,0.286354183
0.011,-8.93E-05,-8.93E-05,-1.20E-06,-1.20E-06,-2.27E-07,-7.28E-07,0.053806793,0.17756248,0.286354183
0.011,-9.19E-05,-9.19E-05,6.80E-07,6.80E-07,-2.97E-07,1.98E-07,0.053806778,0.17756248,0.286354183
0.011,-8.92E-05,-8.92E-05,-1.20E-06,-1.20E-06,-2.25E-07,-7.18E-07,0.053806745,0.17756224,0.286354183
0.011000001,-9.19E-05,-9.19E-05,6.79E-07,6.79E-07,-2.99E-07,1.92E-07,0.05380668,0.177562,0.286354183
0.011000002,-8.92E-05,-8.92E-05,-1.20E-06,-1.20E-06,-2.25E-07,-7.15E-07,0.053806547,0.17756152,0.286354183
0.011000003,-9.19E-05,-9.19E-05,6.79E-07,6.79E-07,-2.99E-07,1.91E-07,0.05380629,0.1775608,0.286354183
0.011000006,-8.92E-05,-8.92E-05,-1.20E-06,-1.20E-06,-2.24E-07,-7.14E-07,0.05380577,0.1775589,0.286354183
0.011000013,-9.19E-05,-9.19E-05,6.79E-07,6.79E-07,-2.99E-07,1.91E-07,0.053804725,0.17755556,0.286354183
0.011000026,-8.92E-05,-8.92E-05,-1.20E-06,-1.20E-06,-2.24E-07,-7.14E-07,0.053802643,0.17754865,0.286354183
0.011000051,-9.19E-05,-9.19E-05,6.79E-07,6.79E-07,-2.99E-07,1.90E-07,0.053798474,0.17753506,0.286354184
0.011000102,-8.92E-05,-8.92E-05,-1.20E-06,-1.20E-06,-2.24E-07,-7.14E-07,0.05379014,0.1775074,0.286354184
0.011000205,-9.19E-05,-9.19E-05,6.79E-07,6.79E-07,-2.99E-07,1.90E-07,0.05377348,0.17745256,0.286354186
0.011000409,-8.92E-05,-8.92E-05,-1.20E-06,-1.20E-06,-2.24E-07,-7.14E-07,0.05374017,0.17734265,0.286354189
0.011000818,-9.19E-05,-9.19E-05,6.79E-07,6.79E-07,-2.99E-07,1.90E-07,0.053673614,0.17712283,0.286354195
0.011001636,-8.92E-05,-8.92E-05,-1.20E-06,-1.20E-06,-2.24E-07,-7.14E-07,0.053540744,0.17668462,0.286354206
0.011003273,-9.19E-05,-9.19E-05,6.79E-07,6.79E-07,-2.99E-07,1.90E-07,0.053275995,0.17581058,0.286354229
0.011006546,-8.92E-05,-8.92E-05,-1.20E-06,-1.20E-06,-2.24E-07,-7.14E-07,0.052750412,0.17407632,0.286354274
0.011013091,-9.19E-05,-9.19E-05,6.79E-07,6.79E-07,-2.99E-07,1.90E-07,0.05171473,0.17065859,0.286354347
0.011023091,-8.92E-05,-8.92E-05,-1.20E-06,-1.20E-06,-2.24E-07,-7.14E-07,0.050171524,0.16556597,0.28635443
0.011033091,-9.19E-05,-9.19E-05,6.79E-07,6.79E-07,-2.99E-07,1.90E-07,0.048674367,0.16062522,0.286354509
0.011043091,-8.92E-05,-8.92E-05,-1.20E-06,-1.20E-06,-2.24E-07,-7.14E-07,0.047221888,0.15583229,0.286354582
0.011053091,-9.19E-05,-9.19E-05,6.79E-07,6.79E-07,-2.99E-07,1.90E-07,0.045812752,0.15118217,0.286354651
0.011063091,-8.91E-05,-8.91E-05,-1.20E-06,-1.20E-06,-2.24E-07,-7.14E-07,0.044445667,0.14667058,0.286354717
0.011073091,-9.18E-05,-9.18E-05,6.79E-07,6.79E-07,-2.99E-07,1.90E-07,0.04311938,0.14229393,0.286354778
0.011083091,-8.91E-05,-8.91E-05,-1.20E-06,-1.20E-06,-2.24E-07,-7.14E-07,0.041832663,0.1380477,0.286354836
0.011093091,-9.18E-05,-9.18E-05,6.79E-07,6.79E-07,-2.99E-07,1.90E-07,0.040584352,0.1339283,0.28635489
0.011103091,-8.91E-05,-8.91E-05,-1.20E-06,-1.20E-06,-2.24E-07,-7.14E-07,0.039373286,0.12993193,0.286354941
0.011113091,-9.18E-05,-9.18E-05,6.79E-07,6.79E-07,-2.99E-07,1.90E-07,0.038198363,0.12605453,0.286354989
0.011123091,-8.91E-05,-8.91E-05,-1.20E-06,-1.20E-06,-2.24E-07,-7.14E-07,0.037058495,0.122293234,0.286355035
0.011133091,-9.18E-05,-9.18E-05,6.79E-07,6.79E-07,-2.99E-07,1.90E-07,0.03595265,0.11864376,0.286355077
0.011143091,-8.91E-05,-8.91E-05,-1.20E-06,-1.20E-06,-2.24E-07,-7.14E-07,0.0348798,0.115103245,0.286355118
0.011153091,-9.18E-05,-9.18E-05,6.79E-07,6.79E-07,-2.99E-07,1.90E-07,0.033838965,0.11166859,0.286355155
0.011163091,-8.91E-05,-8.91E-05,-1.20E-06,-1.20E-06,-2.24E-07,-7.14E-07,0.032829188,0.10833621,0.286355191
0.011173091,-9.18E-05,-9.18E-05,6.79E-07,6.79E-07,-2.99E-07,1.90E-07,0.03184955,0.10510349,0.286355224
0.011183091,-8.91E-05,-8.91E-05,-1.20E-06,-1.20E-06,-2.24E-07,-7.14E-07,0.03089914,0.1019671,0.286355256
0.011193091,-9.18E-05,-9.18E-05,6.79E-07,6.79E-07,-2.99E-07,1.90E-07,0.029977093,0.0989244,0.286355286
0.011203091,-8.91E-05,-8.91E-05,-1.20E-06,-1.20E-06,-2.24E-07,-7.14E-07,0.029082559,0.09597254,0.286355313
0.011213091,-9.18E-05,-9.18E-05,6.79E-07,6.79E-07,-2.99E-07,1.90E-07,0.028214721,0.093108416,0.28635534
0.011223091,-8.90E-05,-8.90E-05,-1.20E-06,-1.20E-06,-2.24E-07,-7.14E-07,0.02737278,0.090330124,0.286355364
0.011233091,-9.18E-05,-9.18E-05,6.79E-07,6.79E-07,-2.99E-07,1.90E-07,0.026555963,0.0876348,0.286355388
0.011243091,-8.90E-05,-8.90E-05,-1.20E-06,-1.20E-06,-2.24E-07,-7.14E-07,0.02576352,0.08501959,0.28635541
0.011253091,-9.17E-05,-9.17E-05,6.79E-07,6.79E-07,-2.99E-07,1.90E-07,0.024994725,0.08248258,0.28635543
0.011263091,-8.90E-05,-8.90E-05,-1.20E-06,-1.20E-06,-2.24E-07,-7.14E-07,0.024248872,0.08002138,0.28635545
0.011273091,-9.17E-05,-9.17E-05,6.79E-07,6.79E-07,-2.99E-07,1.90E-07,0.023525275,0.07763338,0.286355468
0.011283091,-8.90E-05,-8.90E-05,-1.20E-06,-1.20E-06,-2.24E-07,-7.14E-07,0.022823272,0.075316906,0.286355485
0.011293091,-9.17E-05,-9.17E-05,6.79E-07,6.79E-07,-2.99E-07,1.90E-07,0.022142218,0.073069334,0.286355501
0.011303091,-8.90E-05,-8.90E-05,-1.20E-06,-1.20E-06,-2.24E-07,-7.14E-07,0.021481486,0.070888996,0.286355517
0.011313091,-9.17E-05,-9.17E-05,6.79E-07,6.79E-07,-2.99E-07,1.90E-07,0.020840472,0.06877351,0.286355531
0.011323091,-8.90E-05,-8.90E-05,-1.20E-06,-1.20E-06,-2.24E-07,-7.14E-07,0.020218585,0.06672144,0.286355544
0.011333091,-9.17E-05,-9.17E-05,6.79E-07,6.79E-07,-2.99E-07,1.90E-07,0.019615257,0.064730406,0.286355557
0.011343091,-8.90E-05,-8.90E-05,-1.20E-06,-1.20E-06,-2.24E-07,-7.14E-07,0.019029932,0.06279898,0.286355569
0.011353091,-9.17E-05,-9.17E-05,6.79E-07,6.79E-07,-3.00E-07,1.90E-07,0.018462075,0.06092477,0.28635558
0.011363091,-8.90E-05,-8.90E-05,-1.20E-06,-1.20E-06,-2.24E-07,-7.14E-07,0.017911162,0.059106827,0.286355591
0.011373091,-9.17E-05,-9.17E-05,6.79E-07,6.79E-07,-3.00E-07,1.90E-07,0.017376691,0.057343245,0.286355601
0.011383091,-8.90E-05,-8.90E-05,-1.20E-06,-1.20E-06,-2.24E-07,-7.14E-07,0.016858168,0.055631876,0.28635561
0.011393091,-9.17E-05,-9.17E-05,6.79E-07,6.79E-07,-3.00E-07,1.90E-07,0.016355118,0.053972006,0.286355619
0.011403091,-8.90E-05,-8.90E-05,-1.20E-06,-1.20E-06,-2.24E-07,-7.14E-07,0.015867079,0.05236125,0.286355627
0.011413091,-9.17E-05,-9.17E-05,6.79E-07,6.79E-07,-3.00E-07,1.90E-07,0.015393605,0.050798893,0.286355635
0.011423091,-8.90E-05,-8.90E-05,-1.20E-06,-1.20E-06,-2.24E-07,-7.14E-07,0.014934259,0.049283028,0.286355642
0.011433091,-9.17E-05,-9.17E-05,6.79E-07,6.79E-07,-3.00E-07,1.90E-07,0.014488622,0.04781246,0.286355649
0.011443091,-8.90E-05,-8.90E-05,-1.20E-06,-1.20E-06,-2.24E-07,-7.14E-07,0.01405628,0.046385765,0.286355656
0.011453091,-9.17E-05,-9.17E-05,6.79E-07,6.79E-07,-3.00E-07,1.90E-07,0.013636842,0.045001507,0.286355662
0.011463091,-8.90E-05,-8.90E-05,-1.20E-06,-1.20E-06,-2.24E-07,-7.14E-07,0.01322992,0.043658733,0.286355668
0.011473091,-9.17E-05,-9.17E-05,6.79E-07,6.79E-07,-3.00E-07,1.90E-07,0.012835141,0.042356014,0.286355673
0.011483091,-8.90E-05,-8.90E-05,-1.20E-06,-1.20E-06,-2.24E-07,-7.14E-07,0.012452142,0.041092157,0.286355678
0.011493091,-9.17E-05,-9.17E-05,6.79E-07,6.79E-07,-3.00E-07,1.90E-07,0.012080574,0.03986597,0.286355683
0.011503091,-8.90E-05,-8.90E-05,-1.20E-06,-1.20E-06,-2.24E-07,-7.14E-07,0.011720091,0.038676262,0.286355688
0.011513091,-9.17E-05,-9.17E-05,6.79E-07,6.79E-07,-3.00E-07,1.90E-07,0.011370368,0.037522078,0.286355692
0.011523091,-8.89E-05,-8.89E-05,-1.20E-06,-1.20E-06,-2.24E-07,-7.14E-07,0.011031079,0.036402464,0.286355696
0.011533091,-9.17E-05,-9.17E-05,6.79E-07,6.79E-07,-3.00E-07,1.90E-07,0.010701916,0.03531623,0.2863557
0.011543091,-8.89E-05,-8.89E-05,-1.20E-06,-1.20E-06,-2.24E-07,-7.14E-07,0.010382575,0.03426242,0.286355703
0.011553091,-9.17E-05,-9.17E-05,6.79E-07,6.79E-07,-3.00E-07,1.90E-07,0.010072764,0.03324008,0.286355707
0.011563091,-8.89E-05,-8.89E-05,-1.20E-06,-1.20E-06,-2.24E-07,-7.14E-07,0.009772197,0.03224826,0.28635571
0.011573091,-9.16E-05,-9.16E-05,6.79E-07,6.79E-07,-3.00E-07,1.90E-07,0.009480601,0.031286,0.286355713
0.011583091,-8.89E-05,-8.89E-05,-1.20E-06,-1.20E-06,-2.24E-07,-7.14E-07,0.009197705,0.030352354,0.286355716
0.011593091,-9.16E-05,-9.16E-05,6.79E-07,6.79E-07,-3.00E-07,1.90E-07,0.008923252,0.02944684,0.286355718
0.011603091,-8.89E-05,-8.89E-05,-1.20E-06,-1.20E-06,-2.24E-07,-7.14E-07,0.008656987,0.02856803,0.286355721
0.011613091,-9.16E-05,-9.16E-05,6.79E-07,6.79E-07,-3.00E-07,1.90E-07,0.008398671,0.027715683,0.286355723
0.011623091,-8.89E-05,-8.89E-05,-1.20E-06,-1.20E-06,-2.24E-07,-7.14E-07,0.00814806,0.026888609,0.286355725
0.011633091,-9.16E-05,-9.16E-05,6.79E-07,6.79E-07,-3.00E-07,1.90E-07,0.00790493,0.02608633,0.286355727
0.011643091,-8.89E-05,-8.89E-05,-1.20E-06,-1.20E-06,-2.24E-07,-7.14E-07,0.007669053,0.025307894,0.286355729
0.011653091,-9.16E-05,-9.16E-05,6.79E-07,6.79E-07,-3.00E-07,1.90E-07,0.007440217,0.024552822,0.286355731
0.011663091,-8.89E-05,-8.89E-05,-1.20E-06,-1.20E-06,-2.24E-07,-7.14E-07,0.007218208,0.023819923,0.286355733
0.011673091,-9.16E-05,-9.16E-05,6.79E-07,6.79E-07,-3.00E-07,1.90E-07,0.007002825,0.023109198,0.286355734
0.011683091,-8.89E-05,-8.89E-05,-1.20E-06,-1.20E-06,-2.24E-07,-7.14E-07,0.006793868,0.02241993,0.286355736
0.011693091,-9.16E-05,-9.16E-05,6.79E-07,6.79E-07,-3.00E-07,1.90E-07,0.006591149,0.021750689,0.286355737
0.011703091,-8.89E-05,-8.89E-05,-1.20E-06,-1.20E-06,-2.24E-07,-7.14E-07,0.006394477,0.021101713,0.286355739
0.011713091,-9.16E-05,-9.16E-05,6.79E-07,6.79E-07,-3.00E-07,1.90E-07,0.006203676,0.020472288,0.28635574
0.011723091,-8.89E-05,-8.89E-05,-1.20E-06,-1.20E-06,-2.24E-07,-7.14E-07,0.006018566,0.019861221,0.286355741
0.011733091,-9.16E-05,-9.16E-05,6.79E-07,6.79E-07,-3.00E-07,1.90E-07,0.005838982,0.019268751,0.286355742
0.011743091,-8.89E-05,-8.89E-05,-1.20E-06,-1.20E-06,-2.24E-07,-7.14E-07,0.005664756,0.018693686,0.286355743
0.011753091,-9.16E-05,-9.16E-05,6.79E-07,6.79E-07,-3.00E-07,1.90E-07,0.00549573,0.018136024,0.286355744
0.011763091,-8.89E-05,-8.89E-05,-1.20E-06,-1.20E-06,-2.24E-07,-7.14E-07,0.005331746,0.017594814,0.286355745
0.011773091,-9.16E-05,-9.16E-05,6.79E-07,6.79E-07,-3.00E-07,1.90E-07,0.005172658,0.017069817,0.286355746
0.011783091,-8.89E-05,-8.89E-05,-1.20E-06,-1.20E-06,-2.24E-07,-7.14E-07,0.005018315,0.016560555,0.286355747
0.011793091,-9.16E-05,-9.16E-05,6.79E-07,6.79E-07,-3.00E-07,1.90E-07,0.00486858,0.016066313,0.286355748
0.011803091,-8.89E-05,-8.89E-05,-1.20E-06,-1.20E-06,-2.24E-07,-7.14E-07,0.004723311,0.015586853,0.286355749
0.011813091,-9.16E-05,-9.16E-05,6.79E-07,6.79E-07,-3.00E-07,1.90E-07,0.004582379,0.015121937,0.286355749
0.011823091,-8.89E-05,-8.89E-05,-1.20E-06,-1.20E-06,-2.24E-07,-7.14E-07,0.004445651,0.01467061,0.28635575
0.011833091,-9.16E-05,-9.16E-05,6.79E-07,6.79E-07,-3.00E-07,1.90E-07,0.004313004,0.014232874,0.28635575
0.011843091,-8.89E-05,-8.89E-05,-1.20E-06,-1.20E-06,-2.24E-07,-7.14E-07,0.004184314,0.01380825,0.286355751
0.011853091,-9.16E-05,-9.16E-05,6.79E-07,6.79E-07,-3.00E-07,1.90E-07,0.004059467,0.013396263,0.286355752
0.011863091,-8.89E-05,-8.89E-05,-1.20E-06,-1.20E-06,-2.24E-07,-7.14E-07,0.003938342,0.012996435,0.286355752
0.011873091,-9.16E-05,-9.16E-05,6.79E-07,6.79E-07,-3.00E-07,1.90E-07,0.003820835,0.012608528,0.286355753
0.011883091,-8.89E-05,-8.89E-05,-1.20E-06,-1.20E-06,-2.24E-07,-7.14E-07,0.003706832,0.012232542,0.286355753
0.011893091,-9.16E-05,-9.16E-05,6.79E-07,6.79E-07,-3.00E-07,1.90E-07,0.003596233,0.011867523,0.286355753
0.011903091,-8.89E-05,-8.89E-05,-1.20E-06,-1.20E-06,-2.24E-07,-7.14E-07,0.003488932,0.011513472,0.286355754
0.011913091,-9.16E-05,-9.16E-05,6.79E-07,6.79E-07,-3.00E-07,1.90E-07,0.003384835,0.01116991,0.286355754
0.011923091,-8.89E-05,-8.89E-05,-1.20E-06,-1.20E-06,-2.24E-07,-7.14E-07,0.003283843,0.010836601,0.286355755
0.011933091,-9.16E-05,-9.16E-05,6.79E-07,6.79E-07,-3.00E-07,1.90E-07,0.003185866,0.010513544,0.286355755
0.011943091,-8.89E-05,-8.89E-05,-1.20E-06,-1.20E-06,-2.24E-07,-7.14E-07,0.003090811,0.010199785,0.286355755
0.011953091,-9.16E-05,-9.16E-05,6.79E-07,6.79E-07,-3.00E-07,1.90E-07,0.002998594,0.009895325,0.286355756
0.011963091,-8.89E-05,-8.89E-05,-1.20E-06,-1.20E-06,-2.24E-07,-7.14E-07,0.002909128,0.009600163,0.286355756
0.011973091,-9.16E-05,-9.16E-05,6.79E-07,6.79E-07,-3.00E-07,1.90E-07,0.002822333,0.009313822,0.286355756
0.011983091,-8.89E-05,-8.89E-05,-1.20E-06,-1.20E-06,-2.24E-07,-7.14E-07,0.002738126,0.009035826,0.286355756
0.011993091,-9.16E-05,-9.16E-05,6.79E-07,6.79E-07,-3.00E-07,1.90E-07,0.002656434,0.008766174,0.286355757
0.012003091,-8.89E-05,-8.89E-05,-1.20E-06,-1.20E-06,-2.24E-07,-7.14E-07,0.002577178,0.008504868,0.286355757
0.012013091,-9.16E-05,-9.16E-05,6.79E-07,6.79E-07,-3.00E-07,1.90E-07,0.002500289,0.008250952,0.286355757
0.012023091,-8.89E-05,-8.89E-05,-1.20E-06,-1.20E-06,-2.24E-07,-7.14E-07,0.002425693,0.008004665,0.286355757
0.012033091,-9.16E-05,-9.16E-05,6.79E-07,6.79E-07,-3.00E-07,1.90E-07,0.002353324,0.00776577,0.286355757
0.012043091,-8.89E-05,-8.89E-05,-1.20E-06,-1.20E-06,-2.24E-07,-7.14E-07,0.002283113,0.007534266,0.286355758
0.012053091,-9.16E-05,-9.16E-05,6.79E-07,6.79E-07,-3.00E-07,1.90E-07,0.002214999,0.007309437,0.286355758
0.012063091,-8.89E-05,-8.89E-05,-1.20E-06,-1.20E-06,-2.24E-07,-7.14E-07,0.002148916,0.007091284,0.286355758
0.012073091,-9.16E-05,-9.16E-05,6.79E-07,6.79E-07,-3.00E-07,1.90E-07,0.002084807,0.006879807,0.286355758
0.012083091,-8.89E-05,-8.89E-05,-1.20E-06,-1.20E-06,-2.24E-07,-7.14E-07,0.002022608,0.006674767,0.286355758
0.012093091,-9.16E-05,-9.16E-05,6.79E-07,6.79E-07,-3.00E-07,1.90E-07,0.001962268,0.006475449,0.286355758
0.012103091,-8.89E-05,-8.89E-05,-1.20E-06,-1.20E-06,-2.24E-07,-7.14E-07,0.001903727,0.00628233,0.286355758
0.012113091,-9.16E-05,-9.16E-05,6.79E-07,6.79E-07,-3.00E-07,1.90E-07,0.001846934,0.006094933,0.286355759
0.012123091,-8.89E-05,-8.89E-05,-1.20E-06,-1.20E-06,-2.24E-07,-7.14E-07,0.001791834,0.005913019,0.286355759
0.012133091,-9.16E-05,-9.16E-05,6.79E-07,6.79E-07,-3.00E-07,1.90E-07,0.001738381,0.005736828,0.286355759
0.012143091,-8.89E-05,-8.89E-05,-1.20E-06,-1.20E-06,-2.24E-07,-7.14E-07,0.00168652,0.005565643,0.286355759
0.012153091,-9.16E-05,-9.16E-05,6.79E-07,6.79E-07,-3.00E-07,1.90E-07,0.001636209,0.005399466,0.286355759
0.012163091,-8.89E-05,-8.89E-05,-1.20E-06,-1.20E-06,-2.24E-07,-7.14E-07,0.001587398,0.005238295,0.286355759
0.012173091,-9.16E-05,-9.16E-05,6.79E-07,6.79E-07,-3.00E-07,1.90E-07,0.001540045,0.00508213,0.286355759
0.012183091,-8.89E-05,-8.89E-05,-1.20E-06,-1.20E-06,-2.24E-07,-7.14E-07,0.001494103,0.004930735,0.286355759
0.012193091,-9.16E-05,-9.16E-05,6.79E-07,6.79E-07,-3.00E-07,1.90E-07,0.001449534,0.00478363,0.286355759
0.012203091,-8.89E-05,-8.89E-05,-1.20E-06,-1.20E-06,-2.24E-07,-7.14E-07,0.001406293,0.004640818,0.286355759
0.012213091,-9.16E-05,-9.16E-05,6.79E-07,6.79E-07,-3.00E-07,1.90E-07,0.001364344,0.004502296,0.286355759
0.012223091,-8.89E-05,-8.89E-05,-1.20E-06,-1.20E-06,-2.24E-07,-7.14E-07,0.001323646,0.004368067,0.286355759
0.012233091,-9.16E-05,-9.16E-05,6.79E-07,6.79E-07,-3.00E-07,1.90E-07,0.001284163,0.004237652,0.286355759
0.012243091,-8.89E-05,-8.89E-05,-1.20E-06,-1.20E-06,-2.24E-07,-7.14E-07,0.001245857,0.00411129,0.286355759
0.012253091,-9.16E-05,-9.16E-05,6.79E-07,6.79E-07,-3.00E-07,1.90E-07,0.001208696,0.003988743,0.28635576
0.012263091,-8.89E-05,-8.89E-05,-1.20E-06,-1.20E-06,-2.24E-07,-7.14E-07,0.001172642,0.003869772,0.28635576
0.012273091,-9.16E-05,-9.16E-05,6.79E-07,6.79E-07,-3.00E-07,1.90E-07,0.001137666,0.003754377,0.28635576
0.012283091,-8.89E-05,-8.89E-05,-1.20E-06,-1.20E-06,-2.24E-07,-7.14E-07,0.001103731,0.003642321,0.28635576
0.012293091,-9.16E-05,-9.16E-05,6.79E-07,6.79E-07,-3.00E-07,1.90E-07,0.001070811,0.003533602,0.28635576
0.012303091,-8.89E-05,-8.89E-05,-1.20E-06,-1.20E-06,-2.24E-07,-7.14E-07,0.001038872,0.003428221,0.28635576
0.012313091,-9.16E-05,-9.16E-05,6.79E-07,6.79E-07,-3.00E-07,1.90E-07,0.001007887,0.003325939,0.28635576
0.012323091,-8.89E-05,-8.89E-05,-1.20E-06,-1.20E-06,-2.24E-07,-7.14E-07,0.000977826,0.003226757,0.28635576
0.012333091,-9.16E-05,-9.16E-05,6.79E-07,6.79E-07,-3.00E-07,1.90E-07,0.000948663,0.003130674,0.28635576
0.012343091,-8.89E-05,-8.89E-05,-1.20E-06,-1.20E-06,-2.24E-07,-7.14E-07,0.000920368,0.003037214,0.28635576
0.012353091,-9.16E-05,-9.16E-05,6.79E-07,6.79E-07,-3.00E-07,1.90E-07,0.00089292,0.002946615,0.28635576
0.012363091,-8.89E-05,-8.89E-05,-1.20E-06,-1.20E-06,-2.24E-07,-7.14E-07,0.000866289,0.002858877,0.28635576
0.012373091,-9.16E-05,-9.16E-05,6.79E-07,6.79E-07,-3.00E-07,1.90E-07,0.000840455,0.002773523,0.28635576
0.012383091,-8.89E-05,-8.89E-05,-1.20E-06,-1.20E-06,-2.24E-07,-7.14E-07,0.000815389,0.002690792,0.28635576
0.012393091,-9.16E-05,-9.16E-05,6.79E-07,6.79E-07,-3.00E-07,1.90E-07,0.000791074,0.002610445,0.28635576
0.012403091,-8.89E-05,-8.89E-05,-1.20E-06,-1.20E-06,-2.24E-07,-7.14E-07,0.000767482,0.002532721,0.28635576
0.012413091,-9.16E-05,-9.16E-05,6.79E-07,6.79E-07,-3.00E-07,1.90E-07,0.000744596,0.002457142,0.28635576
0.012423091,-8.89E-05,-8.89E-05,-1.20E-06,-1.20E-06,-2.24E-07,-7.14E-07,0.000722391,0.002383709,0.28635576
0.012433091,-9.16E-05,-9.16E-05,6.79E-07,6.79E-07,-3.00E-07,1.90E-07,0.000700851,0.002312899,0.28635576
0.012443091,-8.89E-05,-8.89E-05,-1.20E-06,-1.20E-06,-2.24E-07,-7.14E-07,0.000679952,0.002243996,0.28635576
0.012453091,-9.16E-05,-9.16E-05,6.79E-07,6.79E-07,-3.00E-07,1.90E-07,0.000659678,0.002177,0.28635576
0.012463091,-8.89E-05,-8.89E-05,-1.20E-06,-1.20E-06,-2.24E-07,-7.14E-07,0.000640007,0.00211215,0.28635576
0.012473091,-9.16E-05,-9.16E-05,6.79E-07,6.79E-07,-3.00E-07,1.90E-07,0.000620925,0.002048969,0.28635576
0.012483091,-8.89E-05,-8.89E-05,-1.20E-06,-1.20E-06,-2.24E-07,-7.14E-07,0.000602411,0.001987934,0.28635576
0.012493091,-9.16E-05,-9.16E-05,6.79E-07,6.79E-07,-3.00E-07,1.90E-07,0.000584451,0.001928568,0.28635576
0.012503091,-8.89E-05,-8.89E-05,-1.20E-06,-1.20E-06,-2.24E-07,-7.14E-07,0.000567025,0.001871109,0.28635576
0.012513091,-9.16E-05,-9.16E-05,6.79E-07,6.79E-07,-3.00E-07,1.90E-07,0.000550121,0.001815319,0.28635576
0.012523091,-8.89E-05,-8.89E-05,-1.20E-06,-1.20E-06,-2.24E-07,-7.14E-07,0.000533719,0.001761198,0.28635576
0.012533091,-9.16E-05,-9.16E-05,6.79E-07,6.79E-07,-3.00E-07,1.90E-07,0.000517809,0.001708746,0.28635576
0.012543091,-8.89E-05,-8.89E-05,-1.20E-06,-1.20E-06,-2.24E-07,-7.14E-07,0.000502372,0.001657724,0.28635576
0.012553091,-9.16E-05,-9.16E-05,6.79E-07,6.79E-07,-3.00E-07,1.90E-07,0.000487397,0.001608372,0.28635576
0.012563091,-8.89E-05,-8.89E-05,-1.20E-06,-1.20E-06,-2.24E-07,-7.14E-07,0.000472867,0.001560688,0.28635576
0.012573091,-9.16E-05,-9.16E-05,6.79E-07,6.79E-07,-3.00E-07,1.90E-07,0.000458773,0.001513958,0.28635576
0.012583091,-8.89E-05,-8.89E-05,-1.20E-06,-1.20E-06,-2.24E-07,-7.14E-07,0.000445097,0.001468897,0.28635576
0.012593091,-9.16E-05,-9.16E-05,6.79E-07,6.79E-07,-3.00E-07,1.90E-07,0.000431832,0.001425028,0.28635576
0.012603091,-8.89E-05,-8.89E-05,-1.20E-06,-1.20E-06,-2.24E-07,-7.14E-07,0.00041896,0.001382589,0.28635576
0.012613091,-9.16E-05,-9.16E-05,6.79E-07,6.79E-07,-3.00E-07,1.90E-07,0.000406475,0.001341343,0.28635576
0.012623091,-8.89E-05,-8.89E-05,-1.20E-06,-1.20E-06,-2.24E-07,-7.14E-07,0.00039436,0.001301527,0.28635576
0.012633091,-9.16E-05,-9.16E-05,6.79E-07,6.79E-07,-3.00E-07,1.90E-07,0.000382608,0.001262665,0.28635576
0.012643091,-8.89E-05,-8.89E-05,-1.20E-06,-1.20E-06,-2.24E-07,-7.14E-07,0.000371205,0.001224995,0.28635576
0.012653091,-9.16E-05,-9.16E-05,6.79E-07,6.79E-07,-3.00E-07,1.90E-07,0.000360145,0.001188517,0.28635576
0.012663091,-8.89E-05,-8.89E-05,-1.20E-06,-1.20E-06,-2.24E-07,-7.14E-07,0.000349412,0.001152992,0.28635576
0.012673091,-9.16E-05,-9.16E-05,6.79E-07,6.79E-07,-3.00E-07,1.90E-07,0.000339002,0.00111866,0.28635576
0.012683091,-8.89E-05,-8.89E-05,-1.20E-06,-1.20E-06,-2.24E-07,-7.14E-07,0.000328901,0.001085281,0.28635576
0.012693091,-9.16E-05,-9.16E-05,6.79E-07,6.79E-07,-3.00E-07,1.90E-07,0.000319102,0.001053095,0.28635576
0.012703091,-8.89E-05,-8.89E-05,-1.20E-06,-1.20E-06,-2.24E-07,-7.14E-07,0.000309595,0.001021624,0.28635576
0.012713091,-9.16E-05,-9.16E-05,6.79E-07,6.79E-07,-3.00E-07,1.90E-07,0.000300373,0.000991106,0.28635576
0.012723091,-8.89E-05,-8.89E-05,-1.20E-06,-1.20E-06,-2.24E-07,-7.14E-07,0.000291424,0.000961542,0.28635576
0.012733091,-9.16E-05,-9.16E-05,6.79E-07,6.79E-07,-3.00E-07,1.90E-07,0.000282744,0.000932932,0.28635576
0.012743091,-8.89E-05,-8.89E-05,-1.20E-06,-1.20E-06,-2.24E-07,-7.14E-07,0.000274321,0.000905275,0.28635576
0.012753091,-9.16E-05,-9.16E-05,6.79E-07,6.79E-07,-3.00E-07,1.90E-07,0.000266152,0.000878096,0.28635576
0.012763091,-8.89E-05,-8.89E-05,-1.20E-06,-1.20E-06,-2.24E-07,-7.14E-07,0.000258224,0.000852108,0.28635576
0.012773091,-9.16E-05,-9.16E-05,6.79E-07,6.79E-07,-3.00E-07,1.90E-07,0.000250535,0.000826836,0.28635576
0.012783091,-8.89E-05,-8.89E-05,-1.20E-06,-1.20E-06,-2.24E-07,-7.14E-07,0.000243074,0.000802279,0.28635576
0.012793091,-9.16E-05,-9.16E-05,6.79E-07,6.79E-07,-3.00E-07,1.90E-07,0.000235837,0.000778437,0.28635576
0.012803091,-8.89E-05,-8.89E-05,-1.20E-06,-1.20E-06,-2.24E-07,-7.14E-07,0.000228814,0.000755072,0.28635576
0.012813091,-9.16E-05,-9.16E-05,6.79E-07,6.79E-07,-3.00E-07,1.90E-07,0.000222002,0.00073266,0.28635576
0.012823091,-8.89E-05,-8.89E-05,-1.20E-06,-1.20E-06,-2.24E-07,-7.14E-07,0.000215392,0.000710964,0.28635576
0.012833091,-9.16E-05,-9.16E-05,6.79E-07,6.79E-07,-3.00E-07,1.90E-07,0.000208981,0.000689745,0.28635576
0.012843091,-8.89E-05,-8.89E-05,-1.20E-06,-1.20E-06,-2.24E-07,-7.14E-07,0.00020276,0.000669241,0.28635576
0.012853091,-9.16E-05,-9.16E-05,6.79E-07,6.79E-07,-3.00E-07,1.90E-07,0.000196726,0.000649214,0.28635576
0.012863091,-8.89E-05,-8.89E-05,-1.20E-06,-1.20E-06,-2.24E-07,-7.14E-07,0.00019087,0.000629902,0.28635576
0.012873091,-9.16E-05,-9.16E-05,6.79E-07,6.79E-07,-3.00E-07,1.90E-07,0.000185191,0.000611067,0.28635576
0.012883091,-8.89E-05,-8.89E-05,-1.20E-06,-1.20E-06,-2.24E-07,-7.14E-07,0.000179679,0.000592947,0.28635576
0.012893091,-9.16E-05,-9.16E-05,6.79E-07,6.79E-07,-3.00E-07,1.90E-07,0.000174334,0.000575304,0.28635576
0.012903091,-8.89E-05,-8.89E-05,-1.20E-06,-1.20E-06,-2.24E-07,-7.14E-07,0.000169146,0.000558138,0.28635576
0.012913091,-9.16E-05,-9.16E-05,6.79E-07,6.79E-07,-3.00E-07,1.90E-07,0.000164115,0.000541687,0.28635576
0.012923091,-8.89E-05,-8.89E-05,-1.20E-06,-1.20E-06,-2.24E-07,-7.14E-07,0.000159233,0.000525475,0.28635576
0.012933091,-9.16E-05,-9.16E-05,6.79E-07,6.79E-07,-3.00E-07,1.90E-07,0.000154498,0.000509739,0.28635576
0.012943091,-8.89E-05,-8.89E-05,-1.20E-06,-1.20E-06,-2.24E-07,-7.14E-07,0.000149902,0.000494719,0.28635576
0.012953091,-9.16E-05,-9.16E-05,6.79E-07,6.79E-07,-3.00E-07,1.90E-07,0.000145445,0.000479937,0.28635576
0.012963091,-8.89E-05,-8.89E-05,-1.20E-06,-1.20E-06,-2.24E-07,-7.14E-07,0.00014112,0.000465631,0.28635576
0.012973091,-9.16E-05,-9.16E-05,6.79E-07,6.79E-07,-3.00E-07,1.90E-07,0.000136925,0.000451803,0.28635576
0.012983091,-8.89E-05,-8.89E-05,-1.20E-06,-1.20E-06,-2.24E-07,-7.14E-07,0.000132854,0.000438452,0.28635576
0.012993091,-9.16E-05,-9.16E-05,6.79E-07,6.79E-07,-3.00E-07,1.90E-07,0.000128906,0.000425339,0.28635576
0.013003091,-8.89E-05,-8.89E-05,-1.20E-06,-1.20E-06,-2.24E-07,-7.14E-07,0.000125074,0.000412703,0.28635576
0.013013091,-9.16E-05,-9.16E-05,6.79E-07,6.79E-07,-3.00E-07,1.90E-07,0.000121358,0.000400543,0.28635576
0.013023091,-8.89E-05,-8.89E-05,-1.20E-06,-1.20E-06,-2.24E-07,-7.14E-07,0.000117751,0.000388622,0.28635576
0.013033091,-9.16E-05,-9.16E-05,6.79E-07,6.79E-07,-3.00E-07,1.90E-07,0.000114254,0.00037694,0.28635576
0.013043091,-8.89E-05,-8.89E-05,-1.20E-06,-1.20E-06,-2.24E-07,-7.14E-07,0.000110859,0.000365734,0.28635576
0.013053091,-9.16E-05,-9.16E-05,6.79E-07,6.79E-07,-3.00E-07,1.90E-07,0.000107568,0.000355005,0.28635576
0.013063091,-8.89E-05,-8.89E-05,-1.20E-06,-1.20E-06,-2.24E-07,-7.14E-07,0.000104373,0.000344276,0.28635576
0.013073091,-9.16E-05,-9.16E-05,6.79E-07,6.79E-07,-3.00E-07,1.90E-07,0.000101275,0.000334024,0.28635576
0.013083091,-8.89E-05,-8.89E-05,-1.20E-06,-1.20E-06,-2.24E-07,-7.14E-07,9.83E-05,0.000324249,0.28635576
0.013093091,-9.16E-05,-9.16E-05,6.79E-07,6.79E-07,-3.00E-07,1.90E-07,9.54E-05,0.000314474,0.28635576
0.013103091,-8.89E-05,-8.89E-05,-1.20E-06,-1.20E-06,-2.24E-07,-7.14E-07,9.25E-05,0.000305176,0.28635576
0.013113091,-9.16E-05,-9.16E-05,6.79E-07,6.79E-07,-3.00E-07,1.90E-07,8.98E-05,0.000296116,0.28635576
0.013123091,-8.89E-05,-8.89E-05,-1.20E-06,-1.20E-06,-2.24E-07,-7.14E-07,8.71E-05,0.000287294,0.28635576
0.013133091,-9.16E-05,-9.16E-05,6.79E-07,6.79E-07,-3.00E-07,1.90E-07,8.45E-05,0.00027895,0.28635576
0.013143091,-8.89E-05,-8.89E-05,-1.20E-06,-1.20E-06,-2.24E-07,-7.14E-07,8.20E-05,0.000270605,0.28635576
0.013153091,-9.16E-05,-9.16E-05,6.79E-07,6.79E-07,-3.00E-07,1.90E-07,7.96E-05,0.000262499,0.28635576
0.013163091,-8.89E-05,-8.89E-05,-1.20E-06,-1.20E-06,-2.24E-07,-7.14E-07,7.72E-05,0.000254631,0.28635576
0.013173091,-9.16E-05,-9.16E-05,6.79E-07,6.79E-07,-3.00E-07,1.90E-07,7.49E-05,0.00024724,0.28635576
0.013183091,-8.89E-05,-8.89E-05,-1.20E-06,-1.20E-06,-2.24E-07,-7.14E-07,7.27E-05,0.000240088,0.28635576
0.013193091,-9.16E-05,-9.16E-05,6.79E-07,6.79E-07,-3.00E-07,1.90E-07,7.06E-05,0.000232935,0.28635576
0.013203091,-8.89E-05,-8.89E-05,-1.20E-06,-1.20E-06,-2.24E-07,-7.14E-07,6.85E-05,0.000226021,0.28635576
0.013213091,-9.16E-05,-9.16E-05,6.79E-07,6.79E-07,-3.00E-07,1.90E-07,6.64E-05,0.000219345,0.28635576
0.013223091,-8.89E-05,-8.89E-05,-1.20E-06,-1.20E-06,-2.24E-07,-7.14E-07,6.45E-05,0.000212908,0.28635576
0.013233091,-9.16E-05,-9.16E-05,6.79E-07,6.79E-07,-3.00E-07,1.90E-07,6.26E-05,0.000206709,0.28635576
0.013243091,-8.89E-05,-8.89E-05,-1.20E-06,-1.20E-06,-2.24E-07,-7.14E-07,6.07E-05,0.00020051,0.28635576
0.013253091,-9.16E-05,-9.16E-05,6.79E-07,6.79E-07,-3.00E-07,1.90E-07,5.89E-05,0.00019455,0.28635576
0.013263091,-8.89E-05,-8.89E-05,-1.20E-06,-1.20E-06,-2.24E-07,-7.14E-07,5.72E-05,0.000188828,0.28635576
0.013273091,-9.16E-05,-9.16E-05,6.79E-07,6.79E-07,-3.00E-07,1.90E-07,5.55E-05,0.000183105,0.28635576
0.013283091,-8.89E-05,-8.89E-05,-1.20E-06,-1.20E-06,-2.24E-07,-7.14E-07,5.39E-05,0.00017786,0.28635576
0.013293091,-9.16E-05,-9.16E-05,6.79E-07,6.79E-07,-3.00E-07,1.90E-07,5.23E-05,0.000172615,0.28635576
0.013303091,-8.89E-05,-8.89E-05,-1.20E-06,-1.20E-06,-2.24E-07,-7.14E-07,5.07E-05,0.00016737,0.28635576
0.013313091,-9.16E-05,-9.16E-05,6.79E-07,6.79E-07,-3.00E-07,1.90E-07,4.92E-05,0.000162601,0.28635576
0.013323091,-8.89E-05,-8.89E-05,-1.20E-06,-1.20E-06,-2.24E-07,-7.14E-07,4.78E-05,0.000157595,0.28635576
0.013333091,-9.16E-05,-9.16E-05,6.79E-07,6.79E-07,-3.00E-07,1.90E-07,4.64E-05,0.000153065,0.28635576
0.013343091,-8.89E-05,-8.89E-05,-1.20E-06,-1.20E-06,-2.24E-07,-7.14E-07,4.50E-05,0.000148535,0.28635576
0.013353091,-9.16E-05,-9.16E-05,6.79E-07,6.79E-07,-3.00E-07,1.90E-07,4.37E-05,0.000144243,0.28635576
0.013363091,-8.89E-05,-8.89E-05,-1.20E-06,-1.20E-06,-2.24E-07,-7.14E-07,4.24E-05,0.000139952,0.28635576
0.013373091,-9.16E-05,-9.16E-05,6.79E-07,6.79E-07,-3.00E-07,1.90E-07,4.11E-05,0.00013566,0.28635576
0.013383091,-8.89E-05,-8.89E-05,-1.20E-06,-1.20E-06,-2.24E-07,-7.14E-07,3.99E-05,0.000131845,0.28635576
0.013393091,-9.16E-05,-9.16E-05,6.79E-07,6.79E-07,-3.00E-07,1.90E-07,3.87E-05,0.000127792,0.28635576
0.013403091,-8.89E-05,-8.89E-05,-1.20E-06,-1.20E-06,-2.24E-07,-7.14E-07,3.76E-05,0.000124216,0.28635576
0.013413091,-9.16E-05,-9.16E-05,6.79E-07,6.79E-07,-3.00E-07,1.90E-07,3.65E-05,0.000120401,0.28635576
0.013423091,-8.89E-05,-8.89E-05,-1.20E-06,-1.20E-06,-2.24E-07,-7.14E-07,3.54E-05,0.000116825,0.28635576
0.013433091,-9.16E-05,-9.16E-05,6.79E-07,6.79E-07,-3.00E-07,1.90E-07,3.44E-05,0.000113487,0.28635576
0.013443091,-8.89E-05,-8.89E-05,-1.20E-06,-1.20E-06,-2.24E-07,-7.14E-07,3.34E-05,0.000110149,0.28635576
0.013453091,-9.16E-05,-9.16E-05,6.79E-07,6.79E-07,-3.00E-07,1.90E-07,3.24E-05,0.000106812,0.28635576
0.013463091,-8.89E-05,-8.89E-05,-1.20E-06,-1.20E-06,-2.24E-07,-7.14E-07,3.14E-05,0.000103712,0.28635576
0.013473091,-9.16E-05,-9.16E-05,6.79E-07,6.79E-07,-3.00E-07,1.90E-07,3.05E-05,0.000100851,0.28635576
0.013483091,-8.89E-05,-8.89E-05,-1.20E-06,-1.20E-06,-2.24E-07,-7.14E-07,2.96E-05,9.78E-05,0.28635576
0.013493091,-9.16E-05,-9.16E-05,6.79E-07,6.79E-07,-3.00E-07,1.90E-07,2.88E-05,9.49E-05,0.28635576
0.013503091,-8.89E-05,-8.89E-05,-1.20E-06,-1.20E-06,-2.24E-07,-7.14E-07,2.79E-05,9.20E-05,0.28635576
0.013513091,-9.16E-05,-9.16E-05,6.79E-07,6.79E-07,-3.00E-07,1.90E-07,2.71E-05,8.94E-05,0.28635576
0.013523091,-8.89E-05,-8.89E-05,-1.20E-06,-1.20E-06,-2.24E-07,-7.14E-07,2.63E-05,8.68E-05,0.28635576
0.013533091,-9.16E-05,-9.16E-05,6.79E-07,6.79E-07,-3.00E-07,1.90E-07,2.55E-05,8.42E-05,0.28635576
0.013543091,-8.89E-05,-8.89E-05,-1.20E-06,-1.20E-06,-2.24E-07,-7.14E-07,2.48E-05,8.18E-05,0.28635576
0.013553091,-9.16E-05,-9.16E-05,6.79E-07,6.79E-07,-3.00E-07,1.90E-07,2.41E-05,7.94E-05,0.28635576
0.013563091,-8.89E-05,-8.89E-05,-1.20E-06,-1.20E-06,-2.24E-07,-7.14E-07,2.34E-05,7.70E-05,0.28635576
0.013573091,-9.16E-05,-9.16E-05,6.79E-07,6.79E-07,-3.00E-07,1.90E-07,2.27E-05,7.49E-05,0.28635576
0.013583091,-8.89E-05,-8.89E-05,-1.20E-06,-1.20E-06,-2.24E-07,-7.14E-07,2.20E-05,7.27E-05,0.28635576
0.013593091,-9.16E-05,-9.16E-05,6.79E-07,6.79E-07,-3.00E-07,1.90E-07,2.14E-05,7.06E-05,0.28635576
0.013603091,-8.89E-05,-8.89E-05,-1.20E-06,-1.20E-06,-2.24E-07,-7.14E-07,2.07E-05,6.84E-05,0.28635576
0.013613091,-9.16E-05,-9.16E-05,6.79E-07,6.79E-07,-3.00E-07,1.90E-07,2.01E-05,6.65E-05,0.28635576
0.013623091,-8.89E-05,-8.89E-05,-1.20E-06,-1.20E-06,-2.24E-07,-7.14E-07,1.96E-05,6.46E-05,0.28635576
0.013633091,-9.16E-05,-9.16E-05,6.79E-07,6.79E-07,-3.00E-07,1.90E-07,1.90E-05,6.27E-05,0.28635576
0.013643091,-8.89E-05,-8.89E-05,-1.20E-06,-1.20E-06,-2.24E-07,-7.14E-07,1.84E-05,6.08E-05,0.28635576
0.013653091,-9.16E-05,-9.16E-05,6.79E-07,6.79E-07,-3.00E-07,1.90E-07,1.79E-05,5.91E-05,0.28635576
0.013663091,-8.89E-05,-8.89E-05,-1.20E-06,-1.20E-06,-2.24E-07,-7.14E-07,1.74E-05,5.75E-05,0.28635576
0.013673091,-9.16E-05,-9.16E-05,6.79E-07,6.79E-07,-3.00E-07,1.90E-07,1.69E-05,5.58E-05,0.28635576
0.013683091,-8.89E-05,-8.89E-05,-1.20E-06,-1.20E-06,-2.24E-07,-7.14E-07,1.64E-05,5.41E-05,0.28635576
0.013693091,-9.16E-05,-9.16E-05,6.79E-07,6.79E-07,-3.00E-07,1.90E-07,1.59E-05,5.25E-05,0.28635576
0.013703091,-8.89E-05,-8.89E-05,-1.20E-06,-1.20E-06,-2.24E-07,-7.14E-07,1.55E-05,5.10E-05,0.28635576
0.013713091,-9.16E-05,-9.16E-05,6.79E-07,6.79E-07,-3.00E-07,1.90E-07,1.50E-05,4.96E-05,0.28635576
0.013723091,-8.89E-05,-8.89E-05,-1.20E-06,-1.20E-06,-2.24E-07,-7.14E-07,1.46E-05,4.82E-05,0.28635576
0.013733091,-9.16E-05,-9.16E-05,6.79E-07,6.79E-07,-3.00E-07,1.90E-07,1.42E-05,4.67E-05,0.28635576
0.013743091,-8.89E-05,-8.89E-05,-1.20E-06,-1.20E-06,-2.24E-07,-7.14E-07,1.38E-05,4.53E-05,0.28635576
0.013753091,-9.16E-05,-9.16E-05,6.79E-07,6.79E-07,-3.00E-07,1.90E-07,1.34E-05,4.41E-05,0.28635576
0.013763091,-8.89E-05,-8.89E-05,-1.20E-06,-1.20E-06,-2.24E-07,-7.14E-07,1.30E-05,4.29E-05,0.28635576
0.013773091,-9.16E-05,-9.16E-05,6.79E-07,6.79E-07,-3.00E-07,1.90E-07,1.26E-05,4.17E-05,0.28635576
0.013783091,-8.89E-05,-8.89E-05,-1.20E-06,-1.20E-06,-2.24E-07,-7.14E-07,1.22E-05,4.05E-05,0.28635576
0.013793091,-9.16E-05,-9.16E-05,6.79E-07,6.79E-07,-3.00E-07,1.90E-07,1.19E-05,3.93E-05,0.28635576
0.013803091,-8.89E-05,-8.89E-05,-1.20E-06,-1.20E-06,-2.24E-07,-7.14E-07,1.16E-05,3.81E-05,0.28635576
0.013813091,-9.16E-05,-9.16E-05,6.79E-07,6.79E-07,-3.00E-07,1.90E-07,1.12E-05,3.70E-05,0.28635576
0.013823091,-8.89E-05,-8.89E-05,-1.20E-06,-1.20E-06,-2.24E-07,-7.14E-07,1.09E-05,3.60E-05,0.28635576
0.013833091,-9.16E-05,-9.16E-05,6.79E-07,6.79E-07,-3.00E-07,1.90E-07,1.06E-05,3.50E-05,0.28635576
0.013843091,-8.89E-05,-8.89E-05,-1.20E-06,-1.20E-06,-2.24E-07,-7.14E-07,1.03E-05,3.41E-05,0.28635576
0.013853091,-9.16E-05,-9.16E-05,6.79E-07,6.79E-07,-3.00E-07,1.90E-07,1.00E-05,3.29E-05,0.28635576
0.013863091,-8.89E-05,-8.89E-05,-1.20E-06,-1.20E-06,-2.24E-07,-7.14E-07,9.72E-06,3.22E-05,0.28635576
0.013873091,-9.16E-05,-9.16E-05,6.79E-07,6.79E-07,-3.00E-07,1.90E-07,9.45E-06,3.12E-05,0.28635576
0.013883091,-8.89E-05,-8.89E-05,-1.20E-06,-1.20E-06,-2.24E-07,-7.14E-07,9.18E-06,3.03E-05,0.28635576
0.013893091,-9.16E-05,-9.16E-05,6.79E-07,6.79E-07,-3.00E-07,1.90E-07,8.93E-06,2.93E-05,0.28635576
0.013903091,-8.89E-05,-8.89E-05,-1.20E-06,-1.20E-06,-2.24E-07,-7.14E-07,8.67E-06,2.86E-05,0.28635576
0.013913091,-9.16E-05,-9.16E-05,6.79E-07,6.79E-07,-3.00E-07,1.90E-07,8.43E-06,2.79E-05,0.28635576
0.013923091,-8.89E-05,-8.89E-05,-1.20E-06,-1.20E-06,-2.24E-07,-7.14E-07,8.20E-06,2.69E-05,0.28635576
0.013933091,-9.16E-05,-9.16E-05,6.79E-07,6.79E-07,-3.00E-07,1.90E-07,7.97E-06,2.62E-05,0.28635576
0.013943091,-8.89E-05,-8.89E-05,-1.20E-06,-1.20E-06,-2.24E-07,-7.14E-07,7.74E-06,2.55E-05,0.28635576
0.013953091,-9.16E-05,-9.16E-05,6.79E-07,6.79E-07,-3.00E-07,1.90E-07,7.53E-06,2.48E-05,0.28635576
0.013963091,-8.89E-05,-8.89E-05,-1.20E-06,-1.20E-06,-2.24E-07,-7.14E-07,7.32E-06,2.41E-05,0.28635576
0.013973091,-9.16E-05,-9.16E-05,6.79E-07,6.79E-07,-3.00E-07,1.90E-07,7.12E-06,2.34E-05,0.28635576
0.013983091,-8.89E-05,-8.89E-05,-1.20E-06,-1.20E-06,-2.24E-07,-7.14E-07,6.92E-06,2.29E-05,0.28635576
0.013993091,-9.16E-05,-9.16E-05,6.79E-07,6.79E-07,-3.00E-07,1.90E-07,6.73E-06,2.22E-05,0.28635576
0.014003091,-8.89E-05,-8.89E-05,-1.20E-06,-1.20E-06,-2.24E-07,-7.14E-07,6.54E-06,2.15E-05,0.28635576
0.014013091,-9.16E-05,-9.16E-05,6.79E-07,6.79E-07,-3.00E-07,1.90E-07,6.37E-06,2.10E-05,0.28635576
0.014023091,-8.89E-05,-8.89E-05,-1.20E-06,-1.20E-06,-2.24E-07,-7.14E-07,6.19E-06,2.05E-05,0.28635576
0.014033091,-9.16E-05,-9.16E-05,6.79E-07,6.79E-07,-3.00E-07,1.90E-07,6.02E-06,1.98E-05,0.28635576
0.014043091,-8.89E-05,-8.89E-05,-1.20E-06,-1.20E-06,-2.24E-07,-7.14E-07,5.86E-06,1.93E-05,0.28635576
0.014053091,-9.16E-05,-9.16E-05,6.79E-07,6.79E-07,-3.00E-07,1.90E-07,5.70E-06,1.88E-05,0.28635576
0.014063091,-8.89E-05,-8.89E-05,-1.20E-06,-1.20E-06,-2.24E-07,-7.14E-07,5.54E-06,1.84E-05,0.28635576
0.014073091,-9.16E-05,-9.16E-05,6.79E-07,6.79E-07,-3.00E-07,1.90E-07,5.39E-06,1.79E-05,0.28635576
0.014083091,-8.89E-05,-8.89E-05,-1.20E-06,-1.20E-06,-2.24E-07,-7.14E-07,5.25E-06,1.74E-05,0.28635576
0.014093091,-9.16E-05,-9.16E-05,6.79E-07,6.79E-07,-3.00E-07,1.90E-07,5.11E-06,1.69E-05,0.28635576
0.014103091,-8.89E-05,-8.89E-05,-1.20E-06,-1.20E-06,-2.24E-07,-7.14E-07,4.97E-06,1.65E-05,0.28635576
0.014113091,-9.16E-05,-9.16E-05,6.79E-07,6.79E-07,-3.00E-07,1.90E-07,4.84E-06,1.60E-05,0.28635576
0.014123091,-8.89E-05,-8.89E-05,-1.20E-06,-1.20E-06,-2.24E-07,-7.14E-07,4.71E-06,1.55E-05,0.28635576
0.014133091,-9.16E-05,-9.16E-05,6.79E-07,6.79E-07,-3.00E-07,1.90E-07,4.59E-06,1.50E-05,0.28635576
0.014143091,-8.89E-05,-8.89E-05,-1.20E-06,-1.20E-06,-2.24E-07,-7.14E-07,4.46E-06,1.48E-05,0.28635576
0.014153091,-9.16E-05,-9.16E-05,6.79E-07,6.79E-07,-3.00E-07,1.90E-07,4.35E-06,1.43E-05,0.28635576
0.014163091,-8.89E-05,-8.89E-05,-1.20E-06,-1.20E-06,-2.24E-07,-7.14E-07,4.23E-06,1.38E-05,0.28635576
0.014173091,-9.16E-05,-9.16E-05,6.79E-07,6.79E-07,-3.00E-07,1.90E-07,4.12E-06,1.36E-05,0.28635576
0.014183091,-8.89E-05,-8.89E-05,-1.20E-06,-1.20E-06,-2.24E-07,-7.14E-07,4.01E-06,1.31E-05,0.28635576
0.014193091,-9.16E-05,-9.16E-05,6.79E-07,6.79E-07,-3.00E-07,1.90E-07,3.91E-06,1.29E-05,0.28635576
0.014203091,-8.89E-05,-8.89E-05,-1.20E-06,-1.20E-06,-2.24E-07,-7.14E-07,3.81E-06,1.26E-05,0.28635576
0.014213091,-9.16E-05,-9.16E-05,6.79E-07,6.79E-07,-3.00E-07,1.90E-07,3.71E-06,1.22E-05,0.28635576
0.014223091,-8.89E-05,-8.89E-05,-1.20E-06,-1.20E-06,-2.24E-07,-7.14E-07,3.62E-06,1.19E-05,0.28635576
0.014233091,-9.16E-05,-9.16E-05,6.79E-07,6.79E-07,-3.00E-07,1.90E-07,3.52E-06,1.17E-05,0.28635576
0.014243091,-8.89E-05,-8.89E-05,-1.20E-06,-1.20E-06,-2.24E-07,-7.14E-07,3.43E-06,1.12E-05,0.28635576
0.014253091,-9.16E-05,-9.16E-05,6.79E-07,6.79E-07,-3.00E-07,1.90E-07,3.35E-06,1.10E-05,0.28635576
0.014263091,-8.89E-05,-8.89E-05,-1.20E-06,-1.20E-06,-2.24E-07,-7.14E-07,3.26E-06,1.07E-05,0.28635576
0.014273091,-9.16E-05,-9.16E-05,6.79E-07,6.79E-07,-3.00E-07,1.90E-07,3.18E-06,1.05E-05,0.28635576
0.014283091,-8.89E-05,-8.89E-05,-1.20E-06,-1.20E-06,-2.24E-07,-7.14E-07,3.10E-06,1.03E-05,0.28635576
0.014293091,-9.16E-05,-9.16E-05,6.79E-07,6.79E-07,-3.00E-07,1.90E-07,3.03E-06,1.00E-05,0.28635576
0.014303091,-8.89E-05,-8.89E-05,-1.20E-06,-1.20E-06,-2.24E-07,-7.14E-07,2.95E-06,9.78E-06,0.28635576
0.014313091,-9.16E-05,-9.16E-05,6.79E-07,6.79E-07,-3.00E-07,1.90E-07,2.88E-06,9.54E-06,0.28635576
0.014323091,-8.89E-05,-8.89E-05,-1.20E-06,-1.20E-06,-2.24E-07,-7.14E-07,2.81E-06,9.30E-06,0.28635576
0.014333091,-9.16E-05,-9.16E-05,6.79E-07,6.79E-07,-3.00E-07,1.90E-07,2.74E-06,9.06E-06,0.28635576
0.014343091,-8.89E-05,-8.89E-05,-1.20E-06,-1.20E-06,-2.24E-07,-7.14E-07,2.67E-06,8.82E-06,0.28635576
0.014353091,-9.16E-05,-9.16E-05,6.79E-07,6.79E-07,-3.00E-07,1.90E-07,2.61E-06,8.58E-06,0.28635576
0.014363091,-8.89E-05,-8.89E-05,-1.20E-06,-1.20E-06,-2.24E-07,-7.14E-07,2.55E-06,8.34E-06,0.28635576
0.014373091,-9.16E-05,-9.16E-05,6.79E-07,6.79E-07,-3.00E-07,1.90E-07,2.49E-06,8.11E-06,0.28635576
0.014383091,-8.89E-05,-8.89E-05,-1.20E-06,-1.20E-06,-2.24E-07,-7.14E-07,2.43E-06,7.87E-06,0.28635576
0.014393091,-9.16E-05,-9.16E-05,6.79E-07,6.79E-07,-3.00E-07,1.90E-07,2.37E-06,7.87E-06,0.28635576
0.014403091,-8.89E-05,-8.89E-05,-1.20E-06,-1.20E-06,-2.24E-07,-7.14E-07,2.32E-06,7.63E-06,0.28635576
0.014413091,-9.16E-05,-9.16E-05,6.79E-07,6.79E-07,-3.00E-07,1.90E-07,2.26E-06,7.39E-06,0.28635576
0.014423091,-8.89E-05,-8.89E-05,-1.20E-06,-1.20E-06,-2.24E-07,-7.14E-07,2.21E-06,7.15E-06,0.28635576
0.014433091,-9.16E-05,-9.16E-05,6.79E-07,6.79E-07,-3.00E-07,1.90E-07,2.16E-06,7.15E-06,0.28635576
0.014443091,-8.89E-05,-8.89E-05,-1.20E-06,-1.20E-06,-2.24E-07,-7.14E-07,2.11E-06,6.91E-06,0.28635576
0.014453091,-9.16E-05,-9.16E-05,6.79E-07,6.79E-07,-3.00E-07,1.90E-07,2.06E-06,6.68E-06,0.28635576
0.014463091,-8.89E-05,-8.89E-05,-1.20E-06,-1.20E-06,-2.24E-07,-7.14E-07,2.02E-06,6.68E-06,0.28635576
0.014473091,-9.16E-05,-9.16E-05,6.79E-07,6.79E-07,-3.00E-07,1.90E-07,1.97E-06,6.44E-06,0.28635576
0.014483091,-8.89E-05,-8.89E-05,-1.20E-06,-1.20E-06,-2.24E-07,-7.14E-07,1.93E-06,6.44E-06,0.28635576
0.014493091,-9.16E-05,-9.16E-05,6.79E-07,6.79E-07,-3.00E-07,1.90E-07,1.89E-06,6.20E-06,0.28635576
0.014503091,-8.89E-05,-8.89E-05,-1.20E-06,-1.20E-06,-2.24E-07,-7.14E-07,1.85E-06,5.96E-06,0.28635576
0.014513091,-9.16E-05,-9.16E-05,6.79E-07,6.79E-07,-3.00E-07,1.90E-07,1.81E-06,5.96E-06,0.28635576
0.014523091,-8.89E-05,-8.89E-05,-1.20E-06,-1.20E-06,-2.24E-07,-7.14E-07,1.77E-06,5.72E-06,0.28635576
0.014533091,-9.16E-05,-9.16E-05,6.79E-07,6.79E-07,-3.00E-07,1.90E-07,1.73E-06,5.72E-06,0.28635576
0.014543091,-8.89E-05,-8.89E-05,-1.20E-06,-1.20E-06,-2.24E-07,-7.14E-07,1.70E-06,5.48E-06,0.28635576
0.014553091,-9.16E-05,-9.16E-05,6.79E-07,6.79E-07,-3.00E-07,1.90E-07,1.66E-06,5.48E-06,0.28635576
0.014563091,-8.89E-05,-8.89E-05,-1.20E-06,-1.20E-06,-2.24E-07,-7.14E-07,1.63E-06,5.25E-06,0.28635576
0.014573091,-9.16E-05,-9.16E-05,6.79E-07,6.79E-07,-3.00E-07,1.90E-07,1.60E-06,5.25E-06,0.28635576
0.014583091,-8.89E-05,-8.89E-05,-1.20E-06,-1.20E-06,-2.24E-07,-7.14E-07,1.56E-06,5.01E-06,0.28635576
0.014593091,-9.16E-05,-9.16E-05,6.79E-07,6.79E-07,-3.00E-07,1.90E-07,1.53E-06,5.01E-06,0.28635576
0.014603091,-8.89E-05,-8.89E-05,-1.20E-06,-1.20E-06,-2.24E-07,-7.14E-07,1.50E-06,5.01E-06,0.28635576
0.014613091,-9.16E-05,-9.16E-05,6.79E-07,6.79E-07,-3.00E-07,1.90E-07,1.47E-06,4.77E-06,0.28635576
0.014623091,-8.89E-05,-8.89E-05,-1.20E-06,-1.20E-06,-2.24E-07,-7.14E-07,1.44E-06,4.77E-06,0.28635576
0.014633091,-9.16E-05,-9.16E-05,6.79E-07,6.79E-07,-3.00E-07,1.90E-07,1.42E-06,4.53E-06,0.28635576
0.014643091,-8.89E-05,-8.89E-05,-1.20E-06,-1.20E-06,-2.24E-07,-7.14E-07,1.39E-06,4.53E-06,0.28635576
0.014653091,-9.16E-05,-9.16E-05,6.79E-07,6.79E-07,-3.00E-07,1.90E-07,1.36E-06,4.53E-06,0.28635576
0.014663091,-8.89E-05,-8.89E-05,-1.20E-06,-1.20E-06,-2.24E-07,-7.14E-07,1.34E-06,4.29E-06,0.28635576
0.014673091,-9.16E-05,-9.16E-05,6.79E-07,6.79E-07,-3.00E-07,1.90E-07,1.32E-06,4.29E-06,0.28635576
0.014683091,-8.89E-05,-8.89E-05,-1.20E-06,-1.20E-06,-2.24E-07,-7.14E-07,1.29E-06,4.29E-06,0.28635576
0.014693091,-9.16E-05,-9.16E-05,6.79E-07,6.79E-07,-3.00E-07,1.90E-07,1.27E-06,4.05E-06,0.28635576
0.014703091,-8.89E-05,-8.89E-05,-1.20E-06,-1.20E-06,-2.24E-07,-7.14E-07,1.25E-06,4.05E-06,0.28635576
0.014713091,-9.16E-05,-9.16E-05,6.79E-07,6.79E-07,-3.00E-07,1.90E-07,1.23E-06,4.05E-06,0.28635576
0.014723091,-8.89E-05,-8.89E-05,-1.20E-06,-1.20E-06,-2.24E-07,-7.14E-07,1.20E-06,3.81E-06,0.28635576
0.014733091,-9.16E-05,-9.16E-05,6.79E-07,6.79E-07,-3.00E-07,1.90E-07,1.18E-06,3.81E-06,0.28635576
0.014743091,-8.89E-05,-8.89E-05,-1.20E-06,-1.20E-06,-2.24E-07,-7.14E-07,1.16E-06,3.81E-06,0.28635576
0.014753091,-9.16E-05,-9.16E-05,6.79E-07,6.79E-07,-3.00E-07,1.90E-07,1.15E-06,3.81E-06,0.28635576
0.014763091,-8.89E-05,-8.89E-05,-1.20E-06,-1.20E-06,-2.24E-07,-7.14E-07,1.13E-06,3.58E-06,0.28635576
0.014773091,-9.16E-05,-9.16E-05,6.79E-07,6.79E-07,-3.00E-07,1.90E-07,1.11E-06,3.58E-06,0.28635576
0.014783091,-8.89E-05,-8.89E-05,-1.20E-06,-1.20E-06,-2.24E-07,-7.14E-07,1.09E-06,3.58E-06,0.28635576
0.014793091,-9.16E-05,-9.16E-05,6.79E-07,6.79E-07,-3.00E-07,1.90E-07,1.07E-06,3.58E-06,0.28635576
0.014803091,-8.89E-05,-8.89E-05,-1.20E-06,-1.20E-06,-2.24E-07,-7.14E-07,1.06E-06,3.34E-06,0.28635576
0.014813091,-9.16E-05,-9.16E-05,6.79E-07,6.79E-07,-3.00E-07,1.90E-07,1.04E-06,3.34E-06,0.28635576
0.014823091,-8.89E-05,-8.89E-05,-1.20E-06,-1.20E-06,-2.24E-07,-7.14E-07,1.03E-06,3.34E-06,0.28635576
0.014833091,-9.16E-05,-9.16E-05,6.79E-07,6.79E-07,-3.00E-07,1.90E-07,1.01E-06,3.34E-06,0.28635576
0.014843091,-8.89E-05,-8.89E-05,-1.20E-06,-1.20E-06,-2.24E-07,-7.14E-07,9.96E-07,3.34E-06,0.28635576
0.014853091,-9.16E-05,-9.16E-05,6.79E-07,6.79E-07,-3.00E-07,1.90E-07,9.83E-07,3.10E-06,0.28635576
0.014863091,-8.89E-05,-8.89E-05,-1.20E-06,-1.20E-06,-2.24E-07,-7.14E-07,9.68E-07,3.10E-06,0.28635576
0.014873091,-9.16E-05,-9.16E-05,6.79E-07,6.79E-07,-3.00E-07,1.90E-07,9.56E-07,3.10E-06,0.28635576
0.014883091,-8.89E-05,-8.89E-05,-1.20E-06,-1.20E-06,-2.24E-07,-7.14E-07,9.42E-07,3.10E-06,0.28635576
0.014893091,-9.16E-05,-9.16E-05,6.79E-07,6.79E-07,-3.00E-07,1.90E-07,9.31E-07,3.10E-06,0.28635576
0.014903091,-8.89E-05,-8.89E-05,-1.20E-06,-1.20E-06,-2.24E-07,-7.14E-07,9.17E-07,2.86E-06,0.28635576
0.014913091,-9.16E-05,-9.16E-05,6.79E-07,6.79E-07,-3.00E-07,1.90E-07,9.07E-07,2.86E-06,0.28635576
0.014923091,-8.89E-05,-8.89E-05,-1.20E-06,-1.20E-06,-2.24E-07,-7.14E-07,8.94E-07,2.86E-06,0.28635576
0.014933091,-9.16E-05,-9.16E-05,6.79E-07,6.79E-07,-3.00E-07,1.90E-07,8.84E-07,2.86E-06,0.28635576
0.014943091,-8.89E-05,-8.89E-05,-1.20E-06,-1.20E-06,-2.24E-07,-7.14E-07,8.73E-07,2.86E-06,0.28635576
0.014953091,-9.16E-05,-9.16E-05,6.79E-07,6.79E-07,-3.00E-07,1.90E-07,8.63E-07,2.86E-06,0.28635576
0.014963091,-8.89E-05,-8.89E-05,-1.20E-06,-1.20E-06,-2.24E-07,-7.14E-07,8.52E-07,2.86E-06,0.28635576
0.014973091,-9.16E-05,-9.16E-05,6.79E-07,6.79E-07,-3.00E-07,1.90E-07,8.43E-07,2.62E-06,0.28635576
0.014983091,-8.89E-05,-8.89E-05,-1.20E-06,-1.20E-06,-2.24E-07,-7.14E-07,8.33E-07,2.62E-06,0.28635576
0.014993091,-9.16E-05,-9.16E-05,6.79E-07,6.79E-07,-3.00E-07,1.90E-07,8.24E-07,2.62E-06,0.28635576
0.015003091,-8.89E-05,-8.89E-05,-1.20E-06,-1.20E-06,-2.24E-07,-7.14E-07,8.15E-07,2.62E-06,0.28635576
0.015013091,-9.16E-05,-9.16E-05,6.79E-07,6.79E-07,-3.00E-07,1.90E-07,8.07E-07,2.62E-06,0.28635576
0.015023091,-8.89E-05,-8.89E-05,-1.20E-06,-1.20E-06,-2.24E-07,-7.14E-07,7.97E-07,2.62E-06,0.28635576
0.015033091,-9.16E-05,-9.16E-05,6.79E-07,6.79E-07,-3.00E-07,1.90E-07,7.90E-07,2.62E-06,0.28635576
0.015043091,-8.89E-05,-8.89E-05,-1.20E-06,-1.20E-06,-2.24E-07,-7.14E-07,7.81E-07,2.62E-06,0.28635576
0.015053091,-9.16E-05,-9.16E-05,6.79E-07,6.79E-07,-3.00E-07,1.90E-07,7.75E-07,2.38E-06,0.28635576
0.015063091,-8.89E-05,-8.89E-05,-1.20E-06,-1.20E-06,-2.24E-07,-7.14E-07,7.66E-07,2.38E-06,0.28635576
0.015073091,-9.16E-05,-9.16E-05,6.79E-07,6.79E-07,-3.00E-07,1.90E-07,7.60E-07,2.38E-06,0.28635576
0.015083091,-8.89E-05,-8.89E-05,-1.20E-06,-1.20E-06,-2.24E-07,-7.14E-07,7.52E-07,2.38E-06,0.28635576
0.015093091,-9.16E-05,-9.16E-05,6.79E-07,6.79E-07,-3.00E-07,1.90E-07,7.46E-07,2.38E-06,0.28635576
0.015103091,-8.89E-05,-8.89E-05,-1.20E-06,-1.20E-06,-2.24E-07,-7.14E-07,7.38E-07,2.38E-06,0.28635576
0.015113091,-9.16E-05,-9.16E-05,6.79E-07,6.79E-07,-3.00E-07,1.90E-07,7.33E-07,2.38E-06,0.28635576
0.015123091,-8.89E-05,-8.89E-05,-1.20E-06,-1.20E-06,-2.24E-07,-7.14E-07,7.26E-07,2.38E-06,0.28635576
0.015133091,-9.16E-05,-9.16E-05,6.79E-07,6.79E-07,-3.00E-07,1.90E-07,7.21E-07,2.38E-06,0.28635576
0.015143091,-8.89E-05,-8.89E-05,-1.20E-06,-1.20E-06,-2.24E-07,-7.14E-07,7.14E-07,2.38E-06,0.28635576
0.015153091,-9.16E-05,-9.16E-05,6.79E-07,6.79E-07,-3.00E-07,1.90E-07,7.09E-07,2.38E-06,0.28635576
0.015163091,-8.89E-05,-8.89E-05,-1.20E-06,-1.20E-06,-2.24E-07,-7.14E-07,7.03E-07,2.15E-06,0.28635576
0.015173091,-9.16E-05,-9.16E-05,6.79E-07,6.79E-07,-3.00E-07,1.90E-07,6.98E-07,2.15E-06,0.28635576
0.015183091,-8.89E-05,-8.89E-05,-1.20E-06,-1.20E-06,-2.24E-07,-7.14E-07,6.92E-07,2.15E-06,0.28635576
0.015193091,-9.16E-05,-9.16E-05,6.79E-07,6.79E-07,-3.00E-07,1.90E-07,6.88E-07,2.15E-06,0.28635576
0.015203091,-8.89E-05,-8.89E-05,-1.20E-06,-1.20E-06,-2.24E-07,-7.14E-07,6.82E-07,2.15E-06,0.28635576
0.015213091,-9.16E-05,-9.16E-05,6.79E-07,6.79E-07,-3.00E-07,1.90E-07,6.79E-07,2.15E-06,0.28635576
0.015223091,-8.89E-05,-8.89E-05,-1.20E-06,-1.20E-06,-2.24E-07,-7.14E-07,6.73E-07,2.15E-06,0.28635576
0.015233091,-9.16E-05,-9.16E-05,6.79E-07,6.79E-07,-3.00E-07,1.90E-07,6.69E-07,2.15E-06,0.28635576
0.015243091,-8.89E-05,-8.89E-05,-1.20E-06,-1.20E-06,-2.24E-07,-7.14E-07,6.64E-07,2.15E-06,0.28635576
0.015253091,-9.16E-05,-9.16E-05,6.79E-07,6.79E-07,-3.00E-07,1.90E-07,6.61E-07,2.15E-06,0.28635576
0.015263091,-8.89E-05,-8.89E-05,-1.20E-06,-1.20E-06,-2.24E-07,-7.14E-07,6.56E-07,2.15E-06,0.28635576
0.015273091,-9.16E-05,-9.16E-05,6.79E-07,6.79E-07,-3.00E-07,1.90E-07,6.53E-07,2.15E-06,0.28635576
0.015283091,-8.89E-05,-8.89E-05,-1.20E-06,-1.20E-06,-2.24E-07,-7.14E-07,6.48E-07,2.15E-06,0.28635576
0.015293091,-9.16E-05,-9.16E-05,6.79E-07,6.79E-07,-3.00E-07,1.90E-07,6.45E-07,2.15E-06,0.28635576
0.015303091,-8.89E-05,-8.89E-05,-1.20E-06,-1.20E-06,-2.24E-07,-7.14E-07,6.41E-07,2.15E-06,0.28635576
0.015313091,-9.16E-05,-9.16E-05,6.79E-07,6.79E-07,-3.00E-07,1.90E-07,6.38E-07,2.15E-06,0.28635576
0.015323091,-8.89E-05,-8.89E-05,-1.20E-06,-1.20E-06,-2.24E-07,-7.14E-07,6.34E-07,2.15E-06,0.28635576
0.015333091,-9.16E-05,-9.16E-05,6.79E-07,6.79E-07,-3.00E-07,1.90E-07,6.32E-07,1.91E-06,0.28635576
0.015343091,-8.89E-05,-8.89E-05,-1.20E-06,-1.20E-06,-2.24E-07,-7.14E-07,6.27E-07,1.91E-06,0.28635576
0.015353091,-9.16E-05,-9.16E-05,6.79E-07,6.79E-07,-3.00E-07,1.90E-07,6.25E-07,1.91E-06,0.28635576
0.015363091,-8.89E-05,-8.89E-05,-1.20E-06,-1.20E-06,-2.24E-07,-7.14E-07,6.21E-07,1.91E-06,0.28635576
0.015373091,-9.16E-05,-9.16E-05,6.79E-07,6.79E-07,-3.00E-07,1.90E-07,6.19E-07,1.91E-06,0.28635576
0.015383091,-8.89E-05,-8.89E-05,-1.20E-06,-1.20E-06,-2.24E-07,-7.14E-07,6.16E-07,1.91E-06,0.28635576
0.015393091,-9.16E-05,-9.16E-05,6.79E-07,6.79E-07,-3.00E-07,1.90E-07,6.14E-07,1.91E-06,0.28635576
0.015403091,-8.89E-05,-8.89E-05,-1.20E-06,-1.20E-06,-2.24E-07,-7.14E-07,6.10E-07,1.91E-06,0.28635576
0.015413091,-9.16E-05,-9.16E-05,6.79E-07,6.79E-07,-3.00E-07,1.90E-07,6.09E-07,1.91E-06,0.28635576
0.015423091,-8.89E-05,-8.89E-05,-1.20E-06,-1.20E-06,-2.24E-07,-7.14E-07,6.05E-07,1.91E-06,0.28635576
0.015433091,-9.16E-05,-9.16E-05,6.79E-07,6.79E-07,-3.00E-07,1.90E-07,6.04E-07,1.91E-06,0.28635576
0.015443091,-8.89E-05,-8.89E-05,-1.20E-06,-1.20E-06,-2.24E-07,-7.14E-07,6.00E-07,1.91E-06,0.28635576
0.015453091,-9.16E-05,-9.16E-05,6.79E-07,6.79E-07,-3.00E-07,1.90E-07,5.99E-07,1.91E-06,0.28635576
0.015463091,-8.89E-05,-8.89E-05,-1.20E-06,-1.20E-06,-2.24E-07,-7.14E-07,5.96E-07,1.91E-06,0.28635576
0.015473091,-9.16E-05,-9.16E-05,6.79E-07,6.79E-07,-3.00E-07,1.90E-07,5.95E-07,1.91E-06,0.28635576
0.015483091,-8.89E-05,-8.89E-05,-1.20E-06,-1.20E-06,-2.24E-07,-7.14E-07,5.91E-07,1.91E-06,0.28635576
0.015493091,-9.16E-05,-9.16E-05,6.79E-07,6.79E-07,-3.00E-07,1.90E-07,5.90E-07,1.91E-06,0.28635576
0.015503091,-8.89E-05,-8.89E-05,-1.20E-06,-1.20E-06,-2.24E-07,-7.14E-07,5.87E-07,1.91E-06,0.28635576
0.015513091,-9.16E-05,-9.16E-05,6.79E-07,6.79E-07,-3.00E-07,1.90E-07,5.87E-07,1.91E-06,0.28635576
0.015523091,-8.89E-05,-8.89E-05,-1.20E-06,-1.20E-06,-2.24E-07,-7.14E-07,5.84E-07,1.91E-06,0.28635576
0.015533091,-9.16E-05,-9.16E-05,6.79E-07,6.79E-07,-3.00E-07,1.90E-07,5.83E-07,1.91E-06,0.28635576
0.015543091,-8.89E-05,-8.89E-05,-1.20E-06,-1.20E-06,-2.24E-07,-7.14E-07,5.80E-07,1.91E-06,0.28635576
0.015553091,-9.16E-05,-9.16E-05,6.79E-07,6.79E-07,-3.00E-07,1.90E-07,5.79E-07,1.91E-06,0.28635576
0.015563091,-8.89E-05,-8.89E-05,-1.20E-06,-1.20E-06,-2.24E-07,-7.14E-07,5.77E-07,1.91E-06,0.28635576
0.015573091,-9.16E-05,-9.16E-05,6.79E-07,6.79E-07,-3.00E-07,1.90E-07,5.76E-07,1.91E-06,0.28635576
0.015583091,-8.89E-05,-8.89E-05,-1.20E-06,-1.20E-06,-2.24E-07,-7.14E-07,5.74E-07,1.91E-06,0.28635576
0.015593091,-9.16E-05,-9.16E-05,6.79E-07,6.79E-07,-3.00E-07,1.90E-07,5.73E-07,1.91E-06,0.28635576
0.015603091,-8.89E-05,-8.89E-05,-1.20E-06,-1.20E-06,-2.24E-07,-7.14E-07,5.71E-07,1.91E-06,0.28635576
0.015613091,-9.16E-05,-9.16E-05,6.79E-07,6.79E-07,-3.00E-07,1.90E-07,5.70E-07,1.91E-06,0.28635576
0.015623091,-8.89E-05,-8.89E-05,-1.20E-06,-1.20E-06,-2.24E-07,-7.14E-07,5.68E-07,1.91E-06,0.28635576
0.015633091,-9.16E-05,-9.16E-05,6.79E-07,6.79E-07,-3.00E-07,1.90E-07,5.68E-07,1.91E-06,0.28635576
0.015643091,-8.89E-05,-8.89E-05,-1.20E-06,-1.20E-06,-2.24E-07,-7.14E-07,5.65E-07,1.91E-06,0.28635576
0.015653091,-9.16E-05,-9.16E-05,6.79E-07,6.79E-07,-3.00E-07,1.90E-07,5.65E-07,1.91E-06,0.28635576
0.015663091,-8.89E-05,-8.89E-05,-1.20E-06,-1.20E-06,-2.24E-07,-7.14E-07,5.63E-07,1.91E-06,0.28635576
0.015673091,-9.16E-05,-9.16E-05,6.79E-07,6.79E-07,-3.00E-07,1.90E-07,5.63E-07,1.91E-06,0.28635576
0.015683091,-8.89E-05,-8.89E-05,-1.20E-06,-1.20E-06,-2.24E-07,-7.14E-07,5.61E-07,1.67E-06,0.28635576
0.015693091,-9.16E-05,-9.16E-05,6.79E-07,6.79E-07,-3.00E-07,1.90E-07,5.60E-07,1.67E-06,0.28635576
0.015703091,-8.89E-05,-8.89E-05,-1.20E-06,-1.20E-06,-2.24E-07,-7.14E-07,5.58E-07,1.67E-06,0.28635576
0.015713091,-9.16E-05,-9.16E-05,6.79E-07,6.79E-07,-3.00E-07,1.90E-07,5.58E-07,1.67E-06,0.28635576
0.015723091,-8.89E-05,-8.89E-05,-1.20E-06,-1.20E-06,-2.24E-07,-7.14E-07,5.56E-07,1.67E-06,0.28635576
0.015733091,-9.16E-05,-9.16E-05,6.79E-07,6.79E-07,-3.00E-07,1.90E-07,5.56E-07,1.67E-06,0.28635576
0.015743091,-8.89E-05,-8.89E-05,-1.20E-06,-1.20E-06,-2.24E-07,-7.14E-07,5.54E-07,1.67E-06,0.28635576
0.015753091,-9.16E-05,-9.16E-05,6.79E-07,6.79E-07,-3.00E-07,1.90E-07,5.54E-07,1.67E-06,0.28635576
0.015763091,-8.89E-05,-8.89E-05,-1.20E-06,-1.20E-06,-2.24E-07,-7.14E-07,5.53E-07,1.67E-06,0.28635576
0.015773091,-9.16E-05,-9.16E-05,6.79E-07,6.79E-07,-3.00E-07,1.90E-07,5.53E-07,1.67E-06,0.28635576
0.015783091,-8.89E-05,-8.89E-05,-1.20E-06,-1.20E-06,-2.24E-07,-7.14E-07,5.51E-07,1.67E-06,0.28635576
0.015793091,-9.16E-05,-9.16E-05,6.79E-07,6.79E-07,-3.00E-07,1.90E-07,5.51E-07,1.67E-06,0.28635576
0.015803091,-8.89E-05,-8.89E-05,-1.20E-06,-1.20E-06,-2.24E-07,-7.14E-07,5.49E-07,1.67E-06,0.28635576
0.015813091,-9.16E-05,-9.16E-05,6.79E-07,6.79E-07,-3.00E-07,1.90E-07,5.49E-07,1.67E-06,0.28635576
0.015823091,-8.89E-05,-8.89E-05,-1.20E-06,-1.20E-06,-2.24E-07,-7.14E-07,5.48E-07,1.67E-06,0.28635576
0.015833091,-9.16E-05,-9.16E-05,6.79E-07,6.79E-07,-3.00E-07,1.90E-07,5.48E-07,1.67E-06,0.28635576
0.015843091,-8.89E-05,-8.89E-05,-1.20E-06,-1.20E-06,-2.24E-07,-7.14E-07,5.46E-07,1.67E-06,0.28635576
0.015853091,-9.16E-05,-9.16E-05,6.79E-07,6.79E-07,-3.00E-07,1.90E-07,5.47E-07,1.67E-06,0.28635576
0.015863091,-8.89E-05,-8.89E-05,-1.20E-06,-1.20E-06,-2.24E-07,-7.14E-07,5.45E-07,1.67E-06,0.28635576
0.015873091,-9.16E-05,-9.16E-05,6.79E-07,6.79E-07,-3.00E-07,1.90E-07,5.45E-07,1.67E-06,0.28635576
0.015883091,-8.89E-05,-8.89E-05,-1.20E-06,-1.20E-06,-2.24E-07,-7.14E-07,5.44E-07,1.67E-06,0.28635576
0.015893091,-9.16E-05,-9.16E-05,6.79E-07,6.79E-07,-3.00E-07,1.90E-07,5.44E-07,1.67E-06,0.28635576
0.015903091,-8.89E-05,-8.89E-05,-1.20E-06,-1.20E-06,-2.24E-07,-7.14E-07,5.43E-07,1.67E-06,0.28635576
0.015913091,-9.16E-05,-9.16E-05,6.79E-07,6.79E-07,-3.00E-07,1.90E-07,5.43E-07,1.67E-06,0.28635576
0.015923091,-8.89E-05,-8.89E-05,-1.20E-06,-1.20E-06,-2.24E-07,-7.14E-07,5.41E-07,1.67E-06,0.28635576
0.015933091,-9.16E-05,-9.16E-05,6.79E-07,6.79E-07,-3.00E-07,1.90E-07,5.42E-07,1.67E-06,0.28635576
0.015943091,-8.89E-05,-8.89E-05,-1.20E-06,-1.20E-06,-2.24E-07,-7.14E-07,5.40E-07,1.67E-06,0.28635576
0.015953091,-9.16E-05,-9.16E-05,6.79E-07,6.79E-07,-3.00E-07,1.90E-07,5.41E-07,1.67E-06,0.28635576
0.015963091,-8.89E-05,-8.89E-05,-1.20E-06,-1.20E-06,-2.24E-07,-7.14E-07,5.39E-07,1.67E-06,0.28635576
0.015973091,-9.16E-05,-9.16E-05,6.79E-07,6.79E-07,-3.00E-07,1.90E-07,5.40E-07,1.67E-06,0.28635576
0.015983091,-8.89E-05,-8.89E-05,-1.20E-06,-1.20E-06,-2.24E-07,-7.14E-07,5.38E-07,1.67E-06,0.28635576
0.015993091,-9.16E-05,-9.16E-05,6.79E-07,6.79E-07,-3.00E-07,1.90E-07,5.39E-07,1.67E-06,0.28635576
0.016003091,-8.89E-05,-8.89E-05,-1.20E-06,-1.20E-06,-2.24E-07,-7.14E-07,5.38E-07,1.67E-06,0.28635576
0.016013091,-9.16E-05,-9.16E-05,6.79E-07,6.79E-07,-3.00E-07,1.90E-07,5.38E-07,1.67E-06,0.28635576
0.016023091,-8.89E-05,-8.89E-05,-1.20E-06,-1.20E-06,-2.24E-07,-7.14E-07,5.37E-07,1.67E-06,0.28635576
0.016033091,-9.16E-05,-9.16E-05,6.79E-07,6.79E-07,-3.00E-07,1.90E-07,5.37E-07,1.67E-06,0.28635576
0.016043091,-8.89E-05,-8.89E-05,-1.20E-06,-1.20E-06,-2.24E-07,-7.14E-07,5.36E-07,1.67E-06,0.28635576
0.016053091,-9.16E-05,-9.16E-05,6.79E-07,6.79E-07,-3.00E-07,1.90E-07,5.37E-07,1.67E-06,0.28635576
0.016063091,-8.89E-05,-8.89E-05,-1.20E-06,-1.20E-06,-2.24E-07,-7.14E-07,5.35E-07,1.67E-06,0.28635576
0.016073091,-9.16E-05,-9.16E-05,6.79E-07,6.79E-07,-3.00E-07,1.90E-07,5.36E-07,1.67E-06,0.28635576
0.016083091,-8.89E-05,-8.89E-05,-1.20E-06,-1.20E-06,-2.24E-07,-7.14E-07,5.35E-07,1.67E-06,0.28635576
0.016093091,-9.16E-05,-9.16E-05,6.79E-07,6.79E-07,-3.00E-07,1.90E-07,5.35E-07,1.67E-06,0.28635576
0.016103091,-8.89E-05,-8.89E-05,-1.20E-06,-1.20E-06,-2.24E-07,-7.14E-07,5.34E-07,1.67E-06,0.28635576
0.016113091,-9.16E-05,-9.16E-05,6.79E-07,6.79E-07,-3.00E-07,1.90E-07,5.35E-07,1.67E-06,0.28635576
0.016123091,-8.89E-05,-8.89E-05,-1.20E-06,-1.20E-06,-2.24E-07,-7.14E-07,5.33E-07,1.67E-06,0.28635576
0.016133091,-9.16E-05,-9.16E-05,6.79E-07,6.79E-07,-3.00E-07,1.90E-07,5.34E-07,1.67E-06,0.28635576
0.016143091,-8.89E-05,-8.89E-05,-1.20E-06,-1.20E-06,-2.24E-07,-7.14E-07,5.33E-07,1.67E-06,0.28635576
0.016153091,-9.16E-05,-9.16E-05,6.79E-07,6.79E-07,-3.00E-07,1.90E-07,5.33E-07,1.67E-06,0.28635576
0.016163091,-8.89E-05,-8.89E-05,-1.20E-06,-1.20E-06,-2.24E-07,-7.14E-07,5.32E-07,1.67E-06,0.28635576
0.016173091,-9.16E-05,-9.16E-05,6.79E-07,6.79E-07,-3.00E-07,1.90E-07,5.33E-07,1.67E-06,0.28635576
0.016183091,-8.89E-05,-8.89E-05,-1.20E-06,-1.20E-06,-2.24E-07,-7.14E-07,5.32E-07,1.67E-06,0.28635576
0.016193091,-9.16E-05,-9.16E-05,6.79E-07,6.79E-07,-3.00E-07,1.90E-07,5.32E-07,1.67E-06,0.28635576
0.016203091,-8.89E-05,-8.89E-05,-1.20E-06,-1.20E-06,-2.24E-07,-7.14E-07,5.31E-07,1.67E-06,0.28635576
0.016213091,-9.16E-05,-9.16E-05,6.79E-07,6.79E-07,-3.00E-07,1.90E-07,5.32E-07,1.67E-06,0.28635576
0.016223091,-8.89E-05,-8.89E-05,-1.20E-06,-1.20E-06,-2.24E-07,-7.14E-07,5.31E-07,1.67E-06,0.28635576
0.016233091,-9.16E-05,-9.16E-05,6.79E-07,6.79E-07,-3.00E-07,1.90E-07,5.31E-07,1.67E-06,0.28635576
0.016243091,-8.89E-05,-8.89E-05,-1.20E-06,-1.20E-06,-2.24E-07,-7.14E-07,5.30E-07,1.67E-06,0.28635576
0.016253091,-9.16E-05,-9.16E-05,6.79E-07,6.79E-07,-3.00E-07,1.90E-07,5.31E-07,1.67E-06,0.28635576
0.016263091,-8.89E-05,-8.89E-05,-1.20E-06,-1.20E-06,-2.24E-07,-7.14E-07,5.30E-07,1.67E-06,0.28635576
0.016273091,-9.16E-05,-9.16E-05,6.79E-07,6.79E-07,-3.00E-07,1.90E-07,5.31E-07,1.67E-06,0.28635576
0.016283091,-8.89E-05,-8.89E-05,-1.20E-06,-1.20E-06,-2.24E-07,-7.14E-07,5.30E-07,1.67E-06,0.28635576
0.016293091,-9.16E-05,-9.16E-05,6.79E-07,6.79E-07,-3.00E-07,1.90E-07,5.30E-07,1.67E-06,0.28635576
0.016303091,-8.89E-05,-8.89E-05,-1.20E-06,-1.20E-06,-2.24E-07,-7.14E-07,5.29E-07,1.67E-06,0.28635576
0.016313091,-9.16E-05,-9.16E-05,6.79E-07,6.79E-07,-3.00E-07,1.90E-07,5.30E-07,1.67E-06,0.28635576
0.016323091,-8.89E-05,-8.89E-05,-1.20E-06,-1.20E-06,-2.24E-07,-7.14E-07,5.29E-07,1.67E-06,0.28635576
0.016333091,-9.16E-05,-9.16E-05,6.79E-07,6.79E-07,-3.00E-07,1.90E-07,5.30E-07,1.67E-06,0.28635576
0.016343091,-8.89E-05,-8.89E-05,-1.20E-06,-1.20E-06,-2.24E-07,-7.14E-07,5.29E-07,1.67E-06,0.28635576
0.016353091,-9.16E-05,-9.16E-05,6.79E-07,6.79E-07,-3.00E-07,1.90E-07,5.29E-07,1.67E-06,0.28635576
0.016363091,-8.89E-05,-8.89E-05,-1.20E-06,-1.20E-06,-2.24E-07,-7.14E-07,5.28E-07,1.67E-06,0.28635576
0.016373091,-9.16E-05,-9.16E-05,6.79E-07,6.79E-07,-3.00E-07,1.90E-07,5.29E-07,1.67E-06,0.28635576
0.016383091,-8.89E-05,-8.89E-05,-1.20E-06,-1.20E-06,-2.24E-07,-7.14E-07,5.28E-07,1.67E-06,0.28635576
0.016393091,-9.16E-05,-9.16E-05,6.79E-07,6.79E-07,-3.00E-07,1.90E-07,5.29E-07,1.67E-06,0.28635576
0.016403091,-8.89E-05,-8.89E-05,-1.20E-06,-1.20E-06,-2.24E-07,-7.14E-07,5.28E-07,1.67E-06,0.28635576
0.016413091,-9.16E-05,-9.16E-05,6.79E-07,6.79E-07,-3.00E-07,1.90E-07,5.29E-07,1.67E-06,0.28635576
0.016423091,-8.89E-05,-8.89E-05,-1.20E-06,-1.20E-06,-2.24E-07,-7.14E-07,5.27E-07,1.67E-06,0.28635576
0.016433091,-9.16E-05,-9.16E-05,6.79E-07,6.79E-07,-3.00E-07,1.90E-07,5.28E-07,1.67E-06,0.28635576
0.016443091,-8.89E-05,-8.89E-05,-1.20E-06,-1.20E-06,-2.24E-07,-7.14E-07,5.27E-07,1.67E-06,0.28635576
0.016453091,-9.16E-05,-9.16E-05,6.79E-07,6.79E-07,-3.00E-07,1.90E-07,5.28E-07,1.67E-06,0.28635576
0.016463091,-8.89E-05,-8.89E-05,-1.20E-06,-1.20E-06,-2.24E-07,-7.14E-07,5.27E-07,1.67E-06,0.28635576
0.016473091,-9.16E-05,-9.16E-05,6.79E-07,6.79E-07,-3.00E-07,1.90E-07,5.28E-07,1.67E-06,0.28635576
0.016483091,-8.89E-05,-8.89E-05,-1.20E-06,-1.20E-06,-2.24E-07,-7.14E-07,5.27E-07,1.67E-06,0.28635576
0.016493091,-9.16E-05,-9.16E-05,6.79E-07,6.79E-07,-3.00E-07,1.90E-07,5.28E-07,1.67E-06,0.28635576
0.016503091,-8.89E-05,-8.89E-05,-1.20E-06,-1.20E-06,-2.24E-07,-7.14E-07,5.27E-07,1.67E-06,0.28635576
0.016513091,-9.16E-05,-9.16E-05,6.79E-07,6.79E-07,-3.00E-07,1.90E-07,5.27E-07,1.67E-06,0.28635576
0.016523091,-8.89E-05,-8.89E-05,-1.20E-06,-1.20E-06,-2.24E-07,-7.14E-07,5.26E-07,1.67E-06,0.28635576
0.016533091,-9.16E-05,-9.16E-05,6.79E-07,6.79E-07,-3.00E-07,1.90E-07,5.27E-07,1.67E-06,0.28635576
0.016543091,-8.89E-05,-8.89E-05,-1.20E-06,-1.20E-06,-2.24E-07,-7.14E-07,5.26E-07,1.67E-06,0.28635576
0.016553091,-9.16E-05,-9.16E-05,6.79E-07,6.79E-07,-3.00E-07,1.90E-07,5.27E-07,1.67E-06,0.28635576
0.016563091,-8.89E-05,-8.89E-05,-1.20E-06,-1.20E-06,-2.24E-07,-7.14E-07,5.26E-07,1.67E-06,0.28635576
0.016573091,-9.16E-05,-9.16E-05,6.79E-07,6.79E-07,-3.00E-07,1.90E-07,5.27E-07,1.67E-06,0.28635576
0.016583091,-8.89E-05,-8.89E-05,-1.20E-06,-1.20E-06,-2.24E-07,-7.14E-07,5.26E-07,1.67E-06,0.28635576
0.016593091,-9.16E-05,-9.16E-05,6.79E-07,6.79E-07,-3.00E-07,1.90E-07,5.27E-07,1.67E-06,0.28635576
0.016603091,-8.89E-05,-8.89E-05,-1.20E-06,-1.20E-06,-2.24E-07,-7.14E-07,5.26E-07,1.67E-06,0.28635576
0.016613091,-9.16E-05,-9.16E-05,6.79E-07,6.79E-07,-3.00E-07,1.90E-07,5.27E-07,1.67E-06,0.28635576
0.016623091,-8.89E-05,-8.89E-05,-1.20E-06,-1.20E-06,-2.24E-07,-7.14E-07,5.26E-07,1.67E-06,0.28635576
0.016633091,-9.16E-05,-9.16E-05,6.79E-07,6.79E-07,-3.00E-07,1.90E-07,5.27E-07,1.67E-06,0.28635576
0.016643091,-8.89E-05,-8.89E-05,-1.20E-06,-1.20E-06,-2.24E-07,-7.14E-07,5.26E-07,1.67E-06,0.28635576
0.016653091,-9.16E-05,-9.16E-05,6.79E-07,6.79E-07,-3.00E-07,1.90E-07,5.26E-07,1.67E-06,0.28635576
0.016663091,-8.89E-05,-8.89E-05,-1.20E-06,-1.20E-06,-2.24E-07,-7.14E-07,5.25E-07,1.67E-06,0.28635576
0.016673091,-9.16E-05,-9.16E-05,6.79E-07,6.79E-07,-3.00E-07,1.90E-07,5.26E-07,1.67E-06,0.28635576
0.016683091,-8.89E-05,-8.89E-05,-1.20E-06,-1.20E-06,-2.24E-07,-7.14E-07,5.25E-07,1.67E-06,0.28635576
0.016693091,-9.16E-05,-9.16E-05,6.79E-07,6.79E-07,-3.00E-07,1.90E-07,5.26E-07,1.67E-06,0.28635576
0.016703091,-8.89E-05,-8.89E-05,-1.20E-06,-1.20E-06,-2.24E-07,-7.14E-07,5.25E-07,1.67E-06,0.28635576
0.016713091,-9.16E-05,-9.16E-05,6.79E-07,6.79E-07,-3.00E-07,1.90E-07,5.26E-07,1.67E-06,0.28635576
0.016723091,-8.89E-05,-8.89E-05,-1.20E-06,-1.20E-06,-2.24E-07,-7.14E-07,5.25E-07,1.67E-06,0.28635576
0.016733091,-9.16E-05,-9.16E-05,6.79E-07,6.79E-07,-3.00E-07,1.90E-07,5.26E-07,1.67E-06,0.28635576
0.016743091,-8.89E-05,-8.89E-05,-1.20E-06,-1.20E-06,-2.24E-07,-7.14E-07,5.25E-07,1.67E-06,0.28635576
0.016753091,-9.16E-05,-9.16E-05,6.79E-07,6.79E-07,-3.00E-07,1.90E-07,5.26E-07,1.67E-06,0.28635576
0.016763091,-8.89E-05,-8.89E-05,-1.20E-06,-1.20E-06,-2.24E-07,-7.14E-07,5.25E-07,1.67E-06,0.28635576
0.016773091,-9.16E-05,-9.16E-05,6.79E-07,6.79E-07,-3.00E-07,1.90E-07,5.26E-07,1.67E-06,0.28635576
0.016783091,-8.89E-05,-8.89E-05,-1.20E-06,-1.20E-06,-2.24E-07,-7.14E-07,5.25E-07,1.67E-06,0.28635576
0.016793091,-9.16E-05,-9.16E-05,6.79E-07,6.79E-07,-3.00E-07,1.90E-07,5.26E-07,1.67E-06,0.28635576
0.016803091,-8.89E-05,-8.89E-05,-1.20E-06,-1.20E-06,-2.24E-07,-7.14E-07,5.25E-07,1.67E-06,0.28635576
0.016813091,-9.16E-05,-9.16E-05,6.79E-07,6.79E-07,-3.00E-07,1.90E-07,5.26E-07,1.67E-06,0.28635576
0.016823091,-8.89E-05,-8.89E-05,-1.20E-06,-1.20E-06,-2.24E-07,-7.14E-07,5.25E-07,1.67E-06,0.28635576
0.016833091,-9.16E-05,-9.16E-05,6.79E-07,6.79E-07,-3.00E-07,1.90E-07,5.26E-07,1.67E-06,0.28635576
0.016843091,-8.89E-05,-8.89E-05,-1.20E-06,-1.20E-06,-2.24E-07,-7.14E-07,5.25E-07,1.67E-06,0.28635576
0.016853091,-9.16E-05,-9.16E-05,6.79E-07,6.79E-07,-3.00E-07,1.90E-07,5.26E-07,1.67E-06,0.28635576
0.016863091,-8.89E-05,-8.89E-05,-1.20E-06,-1.20E-06,-2.24E-07,-7.14E-07,5.25E-07,1.67E-06,0.28635576
0.016873091,-9.16E-05,-9.16E-05,6.79E-07,6.79E-07,-3.00E-07,1.90E-07,5.25E-07,1.67E-06,0.28635576
0.016883091,-8.89E-05,-8.89E-05,-1.20E-06,-1.20E-06,-2.24E-07,-7.14E-07,5.24E-07,1.67E-06,0.28635576
0.016893091,-9.16E-05,-9.16E-05,6.79E-07,6.79E-07,-3.00E-07,1.90E-07,5.25E-07,1.67E-06,0.28635576
0.016903091,-8.89E-05,-8.89E-05,-1.20E-06,-1.20E-06,-2.24E-07,-7.14E-07,5.24E-07,1.67E-06,0.28635576
0.016913091,-9.16E-05,-9.16E-05,6.79E-07,6.79E-07,-3.00E-07,1.90E-07,5.25E-07,1.67E-06,0.28635576
0.016923091,-8.89E-05,-8.89E-05,-1.20E-06,-1.20E-06,-2.24E-07,-7.14E-07,5.24E-07,1.67E-06,0.28635576
0.016933091,-9.16E-05,-9.16E-05,6.79E-07,6.79E-07,-3.00E-07,1.90E-07,5.25E-07,1.67E-06,0.28635576
0.016943091,-8.89E-05,-8.89E-05,-1.20E-06,-1.20E-06,-2.24E-07,-7.14E-07,5.24E-07,1.67E-06,0.28635576
0.016953091,-9.16E-05,-9.16E-05,6.79E-07,6.79E-07,-3.00E-07,1.90E-07,5.25E-07,1.67E-06,0.28635576
0.016963091,-8.89E-05,-8.89E-05,-1.20E-06,-1.20E-06,-2.24E-07,-7.14E-07,5.24E-07,1.67E-06,0.28635576
0.016973091,-9.16E-05,-9.16E-05,6.79E-07,6.79E-07,-3.00E-07,1.90E-07,5.25E-07,1.67E-06,0.28635576
0.016983091,-8.89E-05,-8.89E-05,-1.20E-06,-1.20E-06,-2.24E-07,-7.14E-07,5.24E-07,1.67E-06,0.28635576
0.016993091,-9.16E-05,-9.16E-05,6.79E-07,6.79E-07,-3.00E-07,1.90E-07,5.25E-07,1.67E-06,0.28635576
0.017003091,-8.89E-05,-8.89E-05,-1.20E-06,-1.20E-06,-2.24E-07,-7.14E-07,5.24E-07,1.67E-06,0.28635576
0.017013091,-9.16E-05,-9.16E-05,6.79E-07,6.79E-07,-3.00E-07,1.90E-07,5.25E-07,1.67E-06,0.28635576
0.017023091,-8.89E-05,-8.89E-05,-1.20E-06,-1.20E-06,-2.24E-07,-7.14E-07,5.24E-07,1.67E-06,0.28635576
0.017033091,-9.16E-05,-9.16E-05,6.79E-07,6.79E-07,-3.00E-07,1.90E-07,5.25E-07,1.67E-06,0.28635576
0.017043091,-8.89E-05,-8.89E-05,-1.20E-06,-1.20E-06,-2.24E-07,-7.14E-07,5.24E-07,1.67E-06,0.28635576
0.017053091,-9.16E-05,-9.16E-05,6.79E-07,6.79E-07,-3.00E-07,1.90E-07,5.25E-07,1.67E-06,0.28635576
0.017063091,-8.89E-05,-8.89E-05,-1.20E-06,-1.20E-06,-2.24E-07,-7.14E-07,5.24E-07,1.67E-06,0.28635576
0.017073091,-9.16E-05,-9.16E-05,6.79E-07,6.79E-07,-3.00E-07,1.90E-07,5.25E-07,1.67E-06,0.28635576
0.017083091,-8.89E-05,-8.89E-05,-1.20E-06,-1.20E-06,-2.24E-07,-7.14E-07,5.24E-07,1.67E-06,0.28635576
0.017093091,-9.16E-05,-9.16E-05,6.79E-07,6.79E-07,-3.00E-07,1.90E-07,5.25E-07,1.67E-06,0.28635576
0.017103091,-8.89E-05,-8.89E-05,-1.20E-06,-1.20E-06,-2.24E-07,-7.14E-07,5.24E-07,1.67E-06,0.28635576
0.017113091,-9.16E-05,-9.16E-05,6.79E-07,6.79E-07,-3.00E-07,1.90E-07,5.25E-07,1.67E-06,0.28635576
0.017123091,-8.89E-05,-8.89E-05,-1.20E-06,-1.20E-06,-2.24E-07,-7.14E-07,5.24E-07,1.67E-06,0.28635576
0.017133091,-9.16E-05,-9.16E-05,6.79E-07,6.79E-07,-3.00E-07,1.90E-07,5.25E-07,1.67E-06,0.28635576
0.017143091,-8.89E-05,-8.89E-05,-1.20E-06,-1.20E-06,-2.24E-07,-7.14E-07,5.24E-07,1.67E-06,0.28635576
0.017153091,-9.16E-05,-9.16E-05,6.79E-07,6.79E-07,-3.00E-07,1.90E-07,5.25E-07,1.67E-06,0.28635576
0.017163091,-8.89E-05,-8.89E-05,-1.20E-06,-1.20E-06,-2.24E-07,-7.14E-07,5.24E-07,1.67E-06,0.28635576
0.017173091,-9.16E-05,-9.16E-05,6.79E-07,6.79E-07,-3.00E-07,1.90E-07,5.25E-07,1.67E-06,0.28635576
0.017183091,-8.89E-05,-8.89E-05,-1.20E-06,-1.20E-06,-2.24E-07,-7.14E-07,5.24E-07,1.67E-06,0.28635576
0.017193091,-9.16E-05,-9.16E-05,6.79E-07,6.79E-07,-3.00E-07,1.90E-07,5.25E-07,1.67E-06,0.28635576
0.017203091,-8.89E-05,-8.89E-05,-1.20E-06,-1.20E-06,-2.24E-07,-7.14E-07,5.24E-07,1.67E-06,0.28635576
0.017213091,-9.16E-05,-9.16E-05,6.79E-07,6.79E-07,-3.00E-07,1.90E-07,5.25E-07,1.67E-06,0.28635576
0.017223091,-8.89E-05,-8.89E-05,-1.20E-06,-1.20E-06,-2.24E-07,-7.14E-07,5.24E-07,1.67E-06,0.28635576
0.017233091,-9.16E-05,-9.16E-05,6.79E-07,6.79E-07,-3.00E-07,1.90E-07,5.25E-07,1.67E-06,0.28635576
0.017243091,-8.89E-05,-8.89E-05,-1.20E-06,-1.20E-06,-2.24E-07,-7.14E-07,5.24E-07,1.67E-06,0.28635576
0.017253091,-9.16E-05,-9.16E-05,6.79E-07,6.79E-07,-3.00E-07,1.90E-07,5.25E-07,1.67E-06,0.28635576
0.017263091,-8.89E-05,-8.89E-05,-1.20E-06,-1.20E-06,-2.24E-07,-7.14E-07,5.24E-07,1.67E-06,0.28635576
0.017273091,-9.16E-05,-9.16E-05,6.79E-07,6.79E-07,-3.00E-07,1.90E-07,5.25E-07,1.67E-06,0.28635576
0.017283091,-8.89E-05,-8.89E-05,-1.20E-06,-1.20E-06,-2.24E-07,-7.14E-07,5.24E-07,1.67E-06,0.28635576
0.017293091,-9.16E-05,-9.16E-05,6.79E-07,6.79E-07,-3.00E-07,1.90E-07,5.25E-07,1.67E-06,0.28635576
0.017303091,-8.89E-05,-8.89E-05,-1.20E-06,-1.20E-06,-2.24E-07,-7.14E-07,5.24E-07,1.67E-06,0.28635576
0.017313091,-9.16E-05,-9.16E-05,6.79E-07,6.79E-07,-3.00E-07,1.90E-07,5.25E-07,1.67E-06,0.28635576
0.017323091,-8.89E-05,-8.89E-05,-1.20E-06,-1.20E-06,-2.24E-07,-7.14E-07,5.24E-07,1.67E-06,0.28635576
0.017333091,-9.16E-05,-9.16E-05,6.79E-07,6.79E-07,-3.00E-07,1.90E-07,5.25E-07,1.67E-06,0.28635576
0.017343091,-8.89E-05,-8.89E-05,-1.20E-06,-1.20E-06,-2.24E-07,-7.14E-07,5.24E-07,1.67E-06,0.28635576
0.017353091,-9.16E-05,-9.16E-05,6.79E-07,6.79E-07,-3.00E-07,1.90E-07,5.25E-07,1.67E-06,0.28635576
0.017363091,-8.89E-05,-8.89E-05,-1.20E-06,-1.20E-06,-2.24E-07,-7.14E-07,5.24E-07,1.67E-06,0.28635576
0.017373091,-9.16E-05,-9.16E-05,6.79E-07,6.79E-07,-3.00E-07,1.90E-07,5.25E-07,1.67E-06,0.28635576
0.017383091,-8.89E-05,-8.89E-05,-1.20E-06,-1.20E-06,-2.24E-07,-7.14E-07,5.24E-07,1.67E-06,0.28635576
0.017393091,-9.16E-05,-9.16E-05,6.79E-07,6.79E-07,-3.00E-07,1.90E-07,5.25E-07,1.67E-06,0.28635576
0.017403091,-8.89E-05,-8.89E-05,-1.20E-06,-1.20E-06,-2.24E-07,-7.14E-07,5.24E-07,1.67E-06,0.28635576
0.017413091,-9.16E-05,-9.16E-05,6.79E-07,6.79E-07,-3.00E-07,1.90E-07,5.25E-07,1.67E-06,0.28635576
0.017423091,-8.89E-05,-8.89E-05,-1.20E-06,-1.20E-06,-2.24E-07,-7.14E-07,5.24E-07,1.67E-06,0.28635576
0.017433091,-9.16E-05,-9.16E-05,6.79E-07,6.79E-07,-3.00E-07,1.90E-07,5.25E-07,1.67E-06,0.28635576
0.017443091,-8.89E-05,-8.89E-05,-1.20E-06,-1.20E-06,-2.24E-07,-7.14E-07,5.24E-07,1.67E-06,0.28635576
0.017453091,-9.16E-05,-9.16E-05,6.79E-07,6.79E-07,-3.00E-07,1.90E-07,5.25E-07,1.67E-06,0.28635576
0.017463091,-8.89E-05,-8.89E-05,-1.20E-06,-1.20E-06,-2.24E-07,-7.14E-07,5.24E-07,1.67E-06,0.28635576
0.017473091,-9.16E-05,-9.16E-05,6.79E-07,6.79E-07,-3.00E-07,1.90E-07,5.25E-07,1.67E-06,0.28635576
0.017483091,-8.89E-05,-8.89E-05,-1.20E-06,-1.20E-06,-2.24E-07,-7.14E-07,5.24E-07,1.67E-06,0.28635576
0.017493091,-9.16E-05,-9.16E-05,6.79E-07,6.79E-07,-3.00E-07,1.90E-07,5.25E-07,1.67E-06,0.28635576
0.017503091,-8.89E-05,-8.89E-05,-1.20E-06,-1.20E-06,-2.24E-07,-7.14E-07,5.24E-07,1.67E-06,0.28635576
0.017513091,-9.16E-05,-9.16E-05,6.79E-07,6.79E-07,-3.00E-07,1.90E-07,5.25E-07,1.67E-06,0.28635576
0.017523091,-8.89E-05,-8.89E-05,-1.20E-06,-1.20E-06,-2.24E-07,-7.14E-07,5.24E-07,1.67E-06,0.28635576
0.017533091,-9.16E-05,-9.16E-05,6.79E-07,6.79E-07,-3.00E-07,1.90E-07,5.25E-07,1.67E-06,0.28635576
0.017543091,-8.89E-05,-8.89E-05,-1.20E-06,-1.20E-06,-2.24E-07,-7.14E-07,5.24E-07,1.67E-06,0.28635576
0.017553091,-9.16E-05,-9.16E-05,6.79E-07,6.79E-07,-3.00E-07,1.90E-07,5.25E-07,1.67E-06,0.28635576
0.017563091,-8.89E-05,-8.89E-05,-1.20E-06,-1.20E-06,-2.24E-07,-7.14E-07,5.24E-07,1.67E-06,0.28635576
0.017573091,-9.16E-05,-9.16E-05,6.79E-07,6.79E-07,-3.00E-07,1.90E-07,5.25E-07,1.67E-06,0.28635576
0.017583091,-8.89E-05,-8.89E-05,-1.20E-06,-1.20E-06,-2.24E-07,-7.14E-07,5.24E-07,1.67E-06,0.28635576
0.017593091,-9.16E-05,-9.16E-05,6.79E-07,6.79E-07,-3.00E-07,1.90E-07,5.25E-07,1.67E-06,0.28635576
0.017603091,-8.89E-05,-8.89E-05,-1.20E-06,-1.20E-06,-2.24E-07,-7.14E-07,5.24E-07,1.67E-06,0.28635576
0.017613091,-9.16E-05,-9.16E-05,6.79E-07,6.79E-07,-3.00E-07,1.90E-07,5.25E-07,1.67E-06,0.28635576
0.017623091,-8.89E-05,-8.89E-05,-1.20E-06,-1.20E-06,-2.24E-07,-7.14E-07,5.24E-07,1.67E-06,0.28635576
0.017633091,-9.16E-05,-9.16E-05,6.79E-07,6.79E-07,-3.00E-07,1.90E-07,5.25E-07,1.67E-06,0.28635576
0.017643091,-8.89E-05,-8.89E-05,-1.20E-06,-1.20E-06,-2.24E-07,-7.14E-07,5.24E-07,1.67E-06,0.28635576
0.017653091,-9.16E-05,-9.16E-05,6.79E-07,6.79E-07,-3.00E-07,1.90E-07,5.25E-07,1.67E-06,0.28635576
0.017663091,-8.89E-05,-8.89E-05,-1.20E-06,-1.20E-06,-2.24E-07,-7.14E-07,5.24E-07,1.67E-06,0.28635576
0.017673091,-9.16E-05,-9.16E-05,6.79E-07,6.79E-07,-3.00E-07,1.90E-07,5.25E-07,1.67E-06,0.28635576
0.017683091,-8.89E-05,-8.89E-05,-1.20E-06,-1.20E-06,-2.24E-07,-7.14E-07,5.24E-07,1.67E-06,0.28635576
0.017693091,-9.16E-05,-9.16E-05,6.79E-07,6.79E-07,-3.00E-07,1.90E-07,5.25E-07,1.67E-06,0.28635576
0.017703091,-8.89E-05,-8.89E-05,-1.20E-06,-1.20E-06,-2.24E-07,-7.14E-07,5.24E-07,1.67E-06,0.28635576
0.017713091,-9.16E-05,-9.16E-05,6.79E-07,6.79E-07,-3.00E-07,1.90E-07,5.25E-07,1.67E-06,0.28635576
0.017723091,-8.89E-05,-8.89E-05,-1.20E-06,-1.20E-06,-2.24E-07,-7.14E-07,5.24E-07,1.67E-06,0.28635576
0.017733091,-9.16E-05,-9.16E-05,6.79E-07,6.79E-07,-3.00E-07,1.90E-07,5.25E-07,1.67E-06,0.28635576
0.017743091,-8.89E-05,-8.89E-05,-1.20E-06,-1.20E-06,-2.24E-07,-7.14E-07,5.24E-07,1.67E-06,0.28635576
0.017753091,-9.16E-05,-9.16E-05,6.79E-07,6.79E-07,-3.00E-07,1.90E-07,5.25E-07,1.67E-06,0.28635576
0.017763091,-8.89E-05,-8.89E-05,-1.20E-06,-1.20E-06,-2.24E-07,-7.14E-07,5.24E-07,1.67E-06,0.28635576
0.017773091,-9.16E-05,-9.16E-05,6.79E-07,6.79E-07,-3.00E-07,1.90E-07,5.25E-07,1.67E-06,0.28635576
0.017783091,-8.89E-05,-8.89E-05,-1.20E-06,-1.20E-06,-2.24E-07,-7.14E-07,5.24E-07,1.67E-06,0.28635576
0.017793091,-9.16E-05,-9.16E-05,6.79E-07,6.79E-07,-3.00E-07,1.90E-07,5.25E-07,1.67E-06,0.28635576
0.017803091,-8.89E-05,-8.89E-05,-1.20E-06,-1.20E-06,-2.24E-07,-7.14E-07,5.24E-07,1.67E-06,0.28635576
0.017813091,-9.16E-05,-9.16E-05,6.79E-07,6.79E-07,-3.00E-07,1.90E-07,5.25E-07,1.67E-06,0.28635576
0.017823091,-8.89E-05,-8.89E-05,-1.20E-06,-1.20E-06,-2.24E-07,-7.14E-07,5.24E-07,1.67E-06,0.28635576
0.017833091,-9.16E-05,-9.16E-05,6.79E-07,6.79E-07,-3.00E-07,1.90E-07,5.25E-07,1.67E-06,0.28635576
0.017843091,-8.89E-05,-8.89E-05,-1.20E-06,-1.20E-06,-2.24E-07,-7.14E-07,5.24E-07,1.67E-06,0.28635576
0.017853091,-9.16E-05,-9.16E-05,6.79E-07,6.79E-07,-3.00E-07,1.90E-07,5.25E-07,1.67E-06,0.28635576
0.017863091,-8.89E-05,-8.89E-05,-1.20E-06,-1.20E-06,-2.24E-07,-7.14E-07,5.24E-07,1.67E-06,0.28635576
0.017873091,-9.16E-05,-9.16E-05,6.79E-07,6.79E-07,-3.00E-07,1.90E-07,5.25E-07,1.67E-06,0.28635576
0.017883091,-8.89E-05,-8.89E-05,-1.20E-06,-1.20E-06,-2.24E-07,-7.14E-07,5.24E-07,1.67E-06,0.28635576
0.017893091,-9.16E-05,-9.16E-05,6.79E-07,6.79E-07,-3.00E-07,1.90E-07,5.25E-07,1.67E-06,0.28635576
0.017903091,-8.89E-05,-8.89E-05,-1.20E-06,-1.20E-06,-2.24E-07,-7.14E-07,5.24E-07,1.67E-06,0.28635576
0.017913091,-9.16E-05,-9.16E-05,6.79E-07,6.79E-07,-3.00E-07,1.90E-07,5.25E-07,1.67E-06,0.28635576
0.017923091,-8.89E-05,-8.89E-05,-1.20E-06,-1.20E-06,-2.24E-07,-7.14E-07,5.24E-07,1.67E-06,0.28635576
0.017933091,-9.16E-05,-9.16E-05,6.79E-07,6.79E-07,-3.00E-07,1.90E-07,5.25E-07,1.67E-06,0.28635576
0.017943091,-8.89E-05,-8.89E-05,-1.20E-06,-1.20E-06,-2.24E-07,-7.14E-07,5.24E-07,1.67E-06,0.28635576
0.017953091,-9.16E-05,-9.16E-05,6.79E-07,6.79E-07,-3.00E-07,1.90E-07,5.25E-07,1.67E-06,0.28635576
0.017963091,-8.89E-05,-8.89E-05,-1.20E-06,-1.20E-06,-2.24E-07,-7.14E-07,5.24E-07,1.67E-06,0.28635576
0.017973091,-9.16E-05,-9.16E-05,6.79E-07,6.79E-07,-3.00E-07,1.90E-07,5.25E-07,1.67E-06,0.28635576
0.017983091,-8.89E-05,-8.89E-05,-1.20E-06,-1.20E-06,-2.24E-07,-7.14E-07,5.24E-07,1.67E-06,0.28635576
0.017993091,-9.16E-05,-9.16E-05,6.79E-07,6.79E-07,-3.00E-07,1.90E-07,5.25E-07,1.67E-06,0.28635576
0.018003091,-8.89E-05,-8.89E-05,-1.20E-06,-1.20E-06,-2.24E-07,-7.14E-07,5.24E-07,1.67E-06,0.28635576
0.018013091,-9.16E-05,-9.16E-05,6.79E-07,6.79E-07,-3.00E-07,1.90E-07,5.25E-07,1.67E-06,0.28635576
0.018023091,-8.89E-05,-8.89E-05,-1.20E-06,-1.20E-06,-2.24E-07,-7.14E-07,5.24E-07,1.67E-06,0.28635576
0.018033091,-9.16E-05,-9.16E-05,6.79E-07,6.79E-07,-3.00E-07,1.90E-07,5.24E-07,1.67E-06,0.28635576
0.018043091,-8.89E-05,-8.89E-05,-1.20E-06,-1.20E-06,-2.24E-07,-7.14E-07,5.24E-07,1.67E-06,0.28635576
0.018053091,-9.16E-05,-9.16E-05,6.79E-07,6.79E-07,-3.00E-07,1.90E-07,5.24E-07,1.67E-06,0.28635576
0.018063091,-8.89E-05,-8.89E-05,-1.20E-06,-1.20E-06,-2.24E-07,-7.14E-07,5.24E-07,1.67E-06,0.28635576
0.018073091,-9.16E-05,-9.16E-05,6.79E-07,6.79E-07,-3.00E-07,1.90E-07,5.24E-07,1.67E-06,0.28635576
0.018083091,-8.89E-05,-8.89E-05,-1.20E-06,-1.20E-06,-2.24E-07,-7.14E-07,5.24E-07,1.67E-06,0.28635576
0.018093091,-9.16E-05,-9.16E-05,6.79E-07,6.79E-07,-3.00E-07,1.90E-07,5.24E-07,1.67E-06,0.28635576
0.018103091,-8.89E-05,-8.89E-05,-1.20E-06,-1.20E-06,-2.24E-07,-7.14E-07,5.24E-07,1.67E-06,0.28635576
0.018113091,-9.16E-05,-9.16E-05,6.79E-07,6.79E-07,-3.00E-07,1.90E-07,5.24E-07,1.67E-06,0.28635576
0.018123091,-8.89E-05,-8.89E-05,-1.20E-06,-1.20E-06,-2.24E-07,-7.14E-07,5.24E-07,1.67E-06,0.28635576
0.018133091,-9.16E-05,-9.16E-05,6.79E-07,6.79E-07,-3.00E-07,1.90E-07,5.24E-07,1.67E-06,0.28635576
0.018143091,-8.89E-05,-8.89E-05,-1.20E-06,-1.20E-06,-2.24E-07,-7.14E-07,5.24E-07,1.67E-06,0.28635576
0.018153091,-9.16E-05,-9.16E-05,6.79E-07,6.79E-07,-3.00E-07,1.90E-07,5.24E-07,1.67E-06,0.28635576
0.018163091,-8.89E-05,-8.89E-05,-1.20E-06,-1.20E-06,-2.24E-07,-7.14E-07,5.24E-07,1.67E-06,0.28635576
0.018173091,-9.16E-05,-9.16E-05,6.79E-07,6.79E-07,-3.00E-07,1.90E-07,5.24E-07,1.67E-06,0.28635576
0.018183091,-8.89E-05,-8.89E-05,-1.20E-06,-1.20E-06,-2.24E-07,-7.14E-07,5.24E-07,1.67E-06,0.28635576
0.018193091,-9.16E-05,-9.16E-05,6.79E-07,6.79E-07,-3.00E-07,1.90E-07,5.24E-07,1.67E-06,0.28635576
0.018203091,-8.89E-05,-8.89E-05,-1.20E-06,-1.20E-06,-2.24E-07,-7.14E-07,5.24E-07,1.67E-06,0.28635576
0.018213091,-9.16E-05,-9.16E-05,6.79E-07,6.79E-07,-3.00E-07,1.90E-07,5.24E-07,1.67E-06,0.28635576
0.018223091,-8.89E-05,-8.89E-05,-1.20E-06,-1.20E-06,-2.24E-07,-7.14E-07,5.24E-07,1.67E-06,0.28635576
0.018233091,-9.16E-05,-9.16E-05,6.79E-07,6.79E-07,-3.00E-07,1.90E-07,5.24E-07,1.67E-06,0.28635576
0.018243091,-8.89E-05,-8.89E-05,-1.20E-06,-1.20E-06,-2.24E-07,-7.14E-07,5.24E-07,1.67E-06,0.28635576
0.018253091,-9.16E-05,-9.16E-05,6.79E-07,6.79E-07,-3.00E-07,1.90E-07,5.24E-07,1.67E-06,0.28635576
0.018263091,-8.89E-05,-8.89E-05,-1.20E-06,-1.20E-06,-2.24E-07,-7.14E-07,5.24E-07,1.67E-06,0.28635576
0.018273091,-9.16E-05,-9.16E-05,6.79E-07,6.79E-07,-3.00E-07,1.90E-07,5.24E-07,1.67E-06,0.28635576
0.018283091,-8.89E-05,-8.89E-05,-1.20E-06,-1.20E-06,-2.24E-07,-7.14E-07,5.24E-07,1.67E-06,0.28635576
0.018293091,-9.16E-05,-9.16E-05,6.79E-07,6.79E-07,-3.00E-07,1.90E-07,5.24E-07,1.67E-06,0.28635576
0.018303091,-8.89E-05,-8.89E-05,-1.20E-06,-1.20E-06,-2.24E-07,-7.14E-07,5.24E-07,1.67E-06,0.28635576
0.018313091,-9.16E-05,-9.16E-05,6.79E-07,6.79E-07,-3.00E-07,1.90E-07,5.24E-07,1.67E-06,0.28635576
0.018323091,-8.89E-05,-8.89E-05,-1.20E-06,-1.20E-06,-2.24E-07,-7.14E-07,5.24E-07,1.67E-06,0.28635576
0.018333091,-9.16E-05,-9.16E-05,6.79E-07,6.79E-07,-3.00E-07,1.90E-07,5.24E-07,1.67E-06,0.28635576
0.018343091,-8.89E-05,-8.89E-05,-1.20E-06,-1.20E-06,-2.24E-07,-7.14E-07,5.24E-07,1.67E-06,0.28635576
0.018353091,-9.16E-05,-9.16E-05,6.79E-07,6.79E-07,-3.00E-07,1.90E-07,5.24E-07,1.67E-06,0.28635576
0.018363091,-8.89E-05,-8.89E-05,-1.20E-06,-1.20E-06,-2.24E-07,-7.14E-07,5.23E-07,1.67E-06,0.28635576
0.018373091,-9.16E-05,-9.16E-05,6.79E-07,6.79E-07,-3.00E-07,1.90E-07,5.24E-07,1.67E-06,0.28635576
0.018383091,-8.89E-05,-8.89E-05,-1.20E-06,-1.20E-06,-2.24E-07,-7.14E-07,5.23E-07,1.67E-06,0.28635576
0.018393091,-9.16E-05,-9.16E-05,6.79E-07,6.79E-07,-3.00E-07,1.90E-07,5.24E-07,1.67E-06,0.28635576
0.018403091,-8.89E-05,-8.89E-05,-1.20E-06,-1.20E-06,-2.24E-07,-7.14E-07,5.23E-07,1.67E-06,0.28635576
0.018413091,-9.16E-05,-9.16E-05,6.79E-07,6.79E-07,-3.00E-07,1.90E-07,5.24E-07,1.67E-06,0.28635576
0.018423091,-8.89E-05,-8.89E-05,-1.20E-06,-1.20E-06,-2.24E-07,-7.14E-07,5.23E-07,1.67E-06,0.28635576
0.018433091,-9.16E-05,-9.16E-05,6.79E-07,6.79E-07,-3.00E-07,1.90E-07,5.24E-07,1.67E-06,0.28635576
0.018443091,-8.89E-05,-8.89E-05,-1.20E-06,-1.20E-06,-2.24E-07,-7.14E-07,5.23E-07,1.67E-06,0.28635576
0.018453091,-9.16E-05,-9.16E-05,6.79E-07,6.79E-07,-3.00E-07,1.90E-07,5.24E-07,1.67E-06,0.28635576
0.018463091,-8.89E-05,-8.89E-05,-1.20E-06,-1.20E-06,-2.24E-07,-7.14E-07,5.23E-07,1.67E-06,0.28635576
0.018473091,-9.16E-05,-9.16E-05,6.79E-07,6.79E-07,-3.00E-07,1.90E-07,5.24E-07,1.67E-06,0.28635576
0.018483091,-8.89E-05,-8.89E-05,-1.20E-06,-1.20E-06,-2.24E-07,-7.14E-07,5.23E-07,1.67E-06,0.28635576
0.018493091,-9.16E-05,-9.16E-05,6.79E-07,6.79E-07,-3.00E-07,1.90E-07,5.24E-07,1.67E-06,0.28635576
0.018503091,-8.89E-05,-8.89E-05,-1.20E-06,-1.20E-06,-2.24E-07,-7.14E-07,5.23E-07,1.67E-06,0.28635576
0.018513091,-9.16E-05,-9.16E-05,6.79E-07,6.79E-07,-3.00E-07,1.90E-07,5.24E-07,1.67E-06,0.28635576
0.018523091,-8.89E-05,-8.89E-05,-1.20E-06,-1.20E-06,-2.24E-07,-7.14E-07,5.23E-07,1.67E-06,0.28635576
0.018533091,-9.16E-05,-9.16E-05,6.79E-07,6.79E-07,-3.00E-07,1.90E-07,5.24E-07,1.67E-06,0.28635576
0.018543091,-8.89E-05,-8.89E-05,-1.20E-06,-1.20E-06,-2.24E-07,-7.14E-07,5.23E-07,1.67E-06,0.28635576
0.018553091,-9.16E-05,-9.16E-05,6.79E-07,6.79E-07,-3.00E-07,1.90E-07,5.24E-07,1.67E-06,0.28635576
0.018563091,-8.89E-05,-8.89E-05,-1.20E-06,-1.20E-06,-2.24E-07,-7.14E-07,5.23E-07,1.67E-06,0.28635576
0.018573091,-9.16E-05,-9.16E-05,6.79E-07,6.79E-07,-3.00E-07,1.90E-07,5.24E-07,1.67E-06,0.28635576
0.018583091,-8.89E-05,-8.89E-05,-1.20E-06,-1.20E-06,-2.24E-07,-7.14E-07,5.23E-07,1.67E-06,0.28635576
0.018593091,-9.16E-05,-9.16E-05,6.79E-07,6.79E-07,-3.00E-07,1.90E-07,5.24E-07,1.67E-06,0.28635576
0.018603091,-8.89E-05,-8.89E-05,-1.20E-06,-1.20E-06,-2.24E-07,-7.14E-07,5.23E-07,1.67E-06,0.28635576
0.018613091,-9.16E-05,-9.16E-05,6.79E-07,6.79E-07,-3.00E-07,1.90E-07,5.24E-07,1.67E-06,0.28635576
0.018623091,-8.89E-05,-8.89E-05,-1.20E-06,-1.20E-06,-2.24E-07,-7.14E-07,5.23E-07,1.67E-06,0.28635576
0.018633091,-9.16E-05,-9.16E-05,6.79E-07,6.79E-07,-3.00E-07,1.90E-07,5.24E-07,1.67E-06,0.28635576
0.018643091,-8.89E-05,-8.89E-05,-1.20E-06,-1.20E-06,-2.24E-07,-7.14E-07,5.23E-07,1.67E-06,0.28635576
0.018653091,-9.16E-05,-9.16E-05,6.79E-07,6.79E-07,-3.00E-07,1.90E-07,5.24E-07,1.67E-06,0.28635576
0.018663091,-8.89E-05,-8.89E-05,-1.20E-06,-1.20E-06,-2.24E-07,-7.14E-07,5.23E-07,1.67E-06,0.28635576
0.018673091,-9.16E-05,-9.16E-05,6.79E-07,6.79E-07,-3.00E-07,1.90E-07,5.24E-07,1.67E-06,0.28635576
0.018683091,-8.89E-05,-8.89E-05,-1.20E-06,-1.20E-06,-2.24E-07,-7.14E-07,5.23E-07,1.67E-06,0.28635576
0.018693091,-9.16E-05,-9.16E-05,6.79E-07,6.79E-07,-3.00E-07,1.90E-07,5.24E-07,1.67E-06,0.28635576
0.018703091,-8.89E-05,-8.89E-05,-1.20E-06,-1.20E-06,-2.24E-07,-7.14E-07,5.23E-07,1.67E-06,0.28635576
0.018713091,-9.16E-05,-9.16E-05,6.79E-07,6.79E-07,-3.00E-07,1.90E-07,5.24E-07,1.67E-06,0.28635576
0.018723091,-8.89E-05,-8.89E-05,-1.20E-06,-1.20E-06,-2.24E-07,-7.14E-07,5.23E-07,1.67E-06,0.28635576
0.018733091,-9.16E-05,-9.16E-05,6.79E-07,6.79E-07,-3.00E-07,1.90E-07,5.24E-07,1.67E-06,0.28635576
0.018743091,-8.89E-05,-8.89E-05,-1.20E-06,-1.20E-06,-2.24E-07,-7.14E-07,5.23E-07,1.67E-06,0.28635576
0.018753091,-9.16E-05,-9.16E-05,6.79E-07,6.79E-07,-3.00E-07,1.90E-07,5.24E-07,1.67E-06,0.28635576
0.018763091,-8.89E-05,-8.89E-05,-1.20E-06,-1.20E-06,-2.24E-07,-7.14E-07,5.23E-07,1.67E-06,0.28635576
0.018773091,-9.16E-05,-9.16E-05,6.79E-07,6.79E-07,-3.00E-07,1.90E-07,5.24E-07,1.67E-06,0.28635576
0.018783091,-8.89E-05,-8.89E-05,-1.20E-06,-1.20E-06,-2.24E-07,-7.14E-07,5.23E-07,1.67E-06,0.28635576
0.018793091,-9.16E-05,-9.16E-05,6.79E-07,6.79E-07,-3.00E-07,1.90E-07,5.24E-07,1.67E-06,0.28635576
0.018803091,-8.89E-05,-8.89E-05,-1.20E-06,-1.20E-06,-2.24E-07,-7.14E-07,5.23E-07,1.67E-06,0.28635576
0.018813091,-9.16E-05,-9.16E-05,6.79E-07,6.79E-07,-3.00E-07,1.90E-07,5.24E-07,1.67E-06,0.28635576
0.018823091,-8.89E-05,-8.89E-05,-1.20E-06,-1.20E-06,-2.24E-07,-7.14E-07,5.23E-07,1.67E-06,0.28635576
0.018833091,-9.16E-05,-9.16E-05,6.79E-07,6.79E-07,-3.00E-07,1.90E-07,5.24E-07,1.67E-06,0.28635576
0.018843091,-8.89E-05,-8.89E-05,-1.20E-06,-1.20E-06,-2.24E-07,-7.14E-07,5.23E-07,1.67E-06,0.28635576
0.018853091,-9.16E-05,-9.16E-05,6.79E-07,6.79E-07,-3.00E-07,1.90E-07,5.24E-07,1.67E-06,0.28635576
0.018863091,-8.89E-05,-8.89E-05,-1.20E-06,-1.20E-06,-2.24E-07,-7.14E-07,5.23E-07,1.67E-06,0.28635576
0.018873091,-9.16E-05,-9.16E-05,6.79E-07,6.79E-07,-3.00E-07,1.90E-07,5.24E-07,1.67E-06,0.28635576
0.018883091,-8.89E-05,-8.89E-05,-1.20E-06,-1.20E-06,-2.24E-07,-7.14E-07,5.23E-07,1.67E-06,0.28635576
0.018893091,-9.16E-05,-9.16E-05,6.79E-07,6.79E-07,-3.00E-07,1.90E-07,5.24E-07,1.67E-06,0.28635576
0.018903091,-8.89E-05,-8.89E-05,-1.20E-06,-1.20E-06,-2.24E-07,-7.14E-07,5.23E-07,1.67E-06,0.28635576
0.018913091,-9.16E-05,-9.16E-05,6.79E-07,6.79E-07,-3.00E-07,1.90E-07,5.24E-07,1.67E-06,0.28635576
0.018923091,-8.89E-05,-8.89E-05,-1.20E-06,-1.20E-06,-2.24E-07,-7.14E-07,5.23E-07,1.67E-06,0.28635576
0.018933091,-9.16E-05,-9.16E-05,6.79E-07,6.79E-07,-3.00E-07,1.90E-07,5.24E-07,1.67E-06,0.28635576
0.018943091,-8.89E-05,-8.89E-05,-1.20E-06,-1.20E-06,-2.24E-07,-7.14E-07,5.23E-07,1.67E-06,0.28635576
0.018953091,-9.16E-05,-9.16E-05,6.79E-07,6.79E-07,-3.00E-07,1.90E-07,5.24E-07,1.67E-06,0.28635576
0.018963091,-8.89E-05,-8.89E-05,-1.20E-06,-1.20E-06,-2.24E-07,-7.14E-07,5.23E-07,1.67E-06,0.28635576
0.018973091,-9.16E-05,-9.16E-05,6.79E-07,6.79E-07,-3.00E-07,1.90E-07,5.24E-07,1.67E-06,0.28635576
0.018983091,-8.89E-05,-8.89E-05,-1.20E-06,-1.20E-06,-2.24E-07,-7.14E-07,5.23E-07,1.67E-06,0.28635576
0.018993091,-9.16E-05,-9.16E-05,6.79E-07,6.79E-07,-3.00E-07,1.90E-07,5.24E-07,1.67E-06,0.28635576
0.019003091,-8.89E-05,-8.89E-05,-1.20E-06,-1.20E-06,-2.24E-07,-7.14E-07,5.23E-07,1.67E-06,0.28635576
0.019013091,-9.16E-05,-9.16E-05,6.79E-07,6.79E-07,-3.00E-07,1.90E-07,5.24E-07,1.67E-06,0.28635576
0.019023091,-8.89E-05,-8.89E-05,-1.20E-06,-1.20E-06,-2.24E-07,-7.14E-07,5.23E-07,1.67E-06,0.28635576
0.019033091,-9.16E-05,-9.16E-05,6.79E-07,6.79E-07,-3.00E-07,1.90E-07,5.24E-07,1.67E-06,0.28635576
0.019043091,-8.89E-05,-8.89E-05,-1.20E-06,-1.20E-06,-2.24E-07,-7.14E-07,5.23E-07,1.67E-06,0.28635576
0.019053091,-9.16E-05,-9.16E-05,6.79E-07,6.79E-07,-3.00E-07,1.90E-07,5.24E-07,1.67E-06,0.28635576
0.019063091,-8.89E-05,-8.89E-05,-1.20E-06,-1.20E-06,-2.24E-07,-7.14E-07,5.23E-07,1.67E-06,0.28635576
0.019073091,-9.16E-05,-9.16E-05,6.79E-07,6.79E-07,-3.00E-07,1.90E-07,5.24E-07,1.67E-06,0.28635576
0.019083091,-8.89E-05,-8.89E-05,-1.20E-06,-1.20E-06,-2.24E-07,-7.14E-07,5.23E-07,1.67E-06,0.28635576
0.019093091,-9.16E-05,-9.16E-05,6.79E-07,6.79E-07,-3.00E-07,1.90E-07,5.24E-07,1.67E-06,0.28635576
0.019103091,-8.89E-05,-8.89E-05,-1.20E-06,-1.20E-06,-2.24E-07,-7.14E-07,5.23E-07,1.67E-06,0.28635576
0.019113091,-9.16E-05,-9.16E-05,6.79E-07,6.79E-07,-3.00E-07,1.90E-07,5.24E-07,1.67E-06,0.28635576
0.019123091,-8.89E-05,-8.89E-05,-1.20E-06,-1.20E-06,-2.24E-07,-7.14E-07,5.23E-07,1.67E-06,0.28635576
0.019133091,-9.16E-05,-9.16E-05,6.79E-07,6.79E-07,-3.00E-07,1.90E-07,5.24E-07,1.67E-06,0.28635576
0.019143091,-8.89E-05,-8.89E-05,-1.20E-06,-1.20E-06,-2.24E-07,-7.14E-07,5.23E-07,1.67E-06,0.28635576
0.019153091,-9.16E-05,-9.16E-05,6.79E-07,6.79E-07,-3.00E-07,1.90E-07,5.24E-07,1.67E-06,0.28635576
0.019163091,-8.89E-05,-8.89E-05,-1.20E-06,-1.20E-06,-2.24E-07,-7.14E-07,5.23E-07,1.67E-06,0.28635576
0.019173091,-9.16E-05,-9.16E-05,6.79E-07,6.79E-07,-3.00E-07,1.90E-07,5.24E-07,1.67E-06,0.28635576
0.019183091,-8.89E-05,-8.89E-05,-1.20E-06,-1.20E-06,-2.24E-07,-7.14E-07,5.23E-07,1.67E-06,0.28635576
0.019193091,-9.16E-05,-9.16E-05,6.79E-07,6.79E-07,-3.00E-07,1.90E-07,5.24E-07,1.67E-06,0.28635576
0.019203091,-8.89E-05,-8.89E-05,-1.20E-06,-1.20E-06,-2.24E-07,-7.14E-07,5.23E-07,1.67E-06,0.28635576
0.019213091,-9.16E-05,-9.16E-05,6.79E-07,6.79E-07,-3.00E-07,1.90E-07,5.24E-07,1.67E-06,0.28635576
0.019223091,-8.89E-05,-8.89E-05,-1.20E-06,-1.20E-06,-2.24E-07,-7.14E-07,5.23E-07,1.67E-06,0.28635576
0.019233091,-9.16E-05,-9.16E-05,6.79E-07,6.79E-07,-3.00E-07,1.90E-07,5.24E-07,1.67E-06,0.28635576
0.019243091,-8.89E-05,-8.89E-05,-1.20E-06,-1.20E-06,-2.24E-07,-7.14E-07,5.23E-07,1.67E-06,0.28635576
0.019253091,-9.16E-05,-9.16E-05,6.79E-07,6.79E-07,-3.00E-07,1.90E-07,5.24E-07,1.67E-06,0.28635576
0.019263091,-8.89E-05,-8.89E-05,-1.20E-06,-1.20E-06,-2.24E-07,-7.14E-07,5.23E-07,1.67E-06,0.28635576
0.019273091,-9.16E-05,-9.16E-05,6.79E-07,6.79E-07,-3.00E-07,1.90E-07,5.24E-07,1.67E-06,0.28635576
0.019283091,-8.89E-05,-8.89E-05,-1.20E-06,-1.20E-06,-2.24E-07,-7.14E-07,5.23E-07,1.67E-06,0.28635576
0.019293091,-9.16E-05,-9.16E-05,6.79E-07,6.79E-07,-3.00E-07,1.90E-07,5.24E-07,1.67E-06,0.28635576
0.019303091,-8.89E-05,-8.89E-05,-1.20E-06,-1.20E-06,-2.24E-07,-7.14E-07,5.23E-07,1.67E-06,0.28635576
0.019313091,-9.16E-05,-9.16E-05,6.79E-07,6.79E-07,-3.00E-07,1.90E-07,5.24E-07,1.67E-06,0.28635576
0.019323091,-8.89E-05,-8.89E-05,-1.20E-06,-1.20E-06,-2.24E-07,-7.14E-07,5.23E-07,1.67E-06,0.28635576
0.019333091,-9.16E-05,-9.16E-05,6.79E-07,6.79E-07,-3.00E-07,1.90E-07,5.24E-07,1.67E-06,0.28635576
0.019343091,-8.89E-05,-8.89E-05,-1.20E-06,-1.20E-06,-2.24E-07,-7.14E-07,5.23E-07,1.67E-06,0.28635576
0.019353091,-9.16E-05,-9.16E-05,6.79E-07,6.79E-07,-3.00E-07,1.90E-07,5.24E-07,1.67E-06,0.28635576
0.019363091,-8.89E-05,-8.89E-05,-1.20E-06,-1.20E-06,-2.24E-07,-7.14E-07,5.23E-07,1.67E-06,0.28635576
0.019373091,-9.16E-05,-9.16E-05,6.79E-07,6.79E-07,-3.00E-07,1.90E-07,5.24E-07,1.67E-06,0.28635576
0.019383091,-8.89E-05,-8.89E-05,-1.20E-06,-1.20E-06,-2.24E-07,-7.14E-07,5.23E-07,1.67E-06,0.28635576
0.019393091,-9.16E-05,-9.16E-05,6.79E-07,6.79E-07,-3.00E-07,1.90E-07,5.24E-07,1.67E-06,0.28635576
0.019403091,-8.89E-05,-8.89E-05,-1.20E-06,-1.20E-06,-2.24E-07,-7.14E-07,5.23E-07,1.67E-06,0.28635576
0.019413091,-9.16E-05,-9.16E-05,6.79E-07,6.79E-07,-3.00E-07,1.90E-07,5.24E-07,1.67E-06,0.28635576
0.019423091,-8.89E-05,-8.89E-05,-1.20E-06,-1.20E-06,-2.24E-07,-7.14E-07,5.23E-07,1.67E-06,0.28635576
0.019433091,-9.16E-05,-9.16E-05,6.79E-07,6.79E-07,-3.00E-07,1.90E-07,5.24E-07,1.67E-06,0.28635576
0.019443091,-8.89E-05,-8.89E-05,-1.20E-06,-1.20E-06,-2.24E-07,-7.14E-07,5.23E-07,1.67E-06,0.28635576
0.019453091,-9.16E-05,-9.16E-05,6.79E-07,6.79E-07,-3.00E-07,1.90E-07,5.24E-07,1.67E-06,0.28635576
0.019463091,-8.89E-05,-8.89E-05,-1.20E-06,-1.20E-06,-2.24E-07,-7.14E-07,5.23E-07,1.67E-06,0.28635576
0.019473091,-9.16E-05,-9.16E-05,6.79E-07,6.79E-07,-3.00E-07,1.90E-07,5.24E-07,1.67E-06,0.28635576
0.019483091,-8.89E-05,-8.89E-05,-1.20E-06,-1.20E-06,-2.24E-07,-7.14E-07,5.23E-07,1.67E-06,0.28635576
0.019493091,-9.16E-05,-9.16E-05,6.79E-07,6.79E-07,-3.00E-07,1.90E-07,5.24E-07,1.67E-06,0.28635576
0.019503091,-8.89E-05,-8.89E-05,-1.20E-06,-1.20E-06,-2.24E-07,-7.14E-07,5.23E-07,1.67E-06,0.28635576
0.019513091,-9.16E-05,-9.16E-05,6.79E-07,6.79E-07,-3.00E-07,1.90E-07,5.24E-07,1.67E-06,0.28635576
0.019523091,-8.89E-05,-8.89E-05,-1.20E-06,-1.20E-06,-2.24E-07,-7.14E-07,5.23E-07,1.67E-06,0.28635576
0.019533091,-9.16E-05,-9.16E-05,6.79E-07,6.79E-07,-3.00E-07,1.90E-07,5.24E-07,1.67E-06,0.28635576
0.019543091,-8.89E-05,-8.89E-05,-1.20E-06,-1.20E-06,-2.24E-07,-7.14E-07,5.23E-07,1.67E-06,0.28635576
0.019553091,-9.16E-05,-9.16E-05,6.79E-07,6.79E-07,-3.00E-07,1.90E-07,5.24E-07,1.67E-06,0.28635576
0.019563091,-8.89E-05,-8.89E-05,-1.20E-06,-1.20E-06,-2.24E-07,-7.14E-07,5.23E-07,1.67E-06,0.28635576
0.019573091,-9.16E-05,-9.16E-05,6.79E-07,6.79E-07,-3.00E-07,1.90E-07,5.24E-07,1.67E-06,0.28635576
0.019583091,-8.89E-05,-8.89E-05,-1.20E-06,-1.20E-06,-2.24E-07,-7.14E-07,5.23E-07,1.67E-06,0.28635576
0.019593091,-9.16E-05,-9.16E-05,6.79E-07,6.79E-07,-3.00E-07,1.90E-07,5.24E-07,1.67E-06,0.28635576
0.019603091,-8.89E-05,-8.89E-05,-1.20E-06,-1.20E-06,-2.24E-07,-7.14E-07,5.23E-07,1.67E-06,0.28635576
0.019613091,-9.16E-05,-9.16E-05,6.79E-07,6.79E-07,-3.00E-07,1.90E-07,5.24E-07,1.67E-06,0.28635576
0.019623091,-8.89E-05,-8.89E-05,-1.20E-06,-1.20E-06,-2.24E-07,-7.14E-07,5.23E-07,1.67E-06,0.28635576
0.019633091,-9.16E-05,-9.16E-05,6.79E-07,6.79E-07,-3.00E-07,1.90E-07,5.24E-07,1.67E-06,0.28635576
0.019643091,-8.89E-05,-8.89E-05,-1.20E-06,-1.20E-06,-2.24E-07,-7.14E-07,5.23E-07,1.67E-06,0.28635576
0.019653091,-9.16E-05,-9.16E-05,6.79E-07,6.79E-07,-3.00E-07,1.90E-07,5.24E-07,1.67E-06,0.28635576
0.019663091,-8.89E-05,-8.89E-05,-1.20E-06,-1.20E-06,-2.24E-07,-7.14E-07,5.23E-07,1.67E-06,0.28635576
0.019673091,-9.16E-05,-9.16E-05,6.79E-07,6.79E-07,-3.00E-07,1.90E-07,5.24E-07,1.67E-06,0.28635576
0.019683091,-8.89E-05,-8.89E-05,-1.20E-06,-1.20E-06,-2.24E-07,-7.14E-07,5.23E-07,1.67E-06,0.28635576
0.019693091,-9.16E-05,-9.16E-05,6.79E-07,6.79E-07,-3.00E-07,1.90E-07,5.24E-07,1.67E-06,0.28635576
0.019703091,-8.89E-05,-8.89E-05,-1.20E-06,-1.20E-06,-2.24E-07,-7.14E-07,5.23E-07,1.67E-06,0.28635576
0.019713091,-9.16E-05,-9.16E-05,6.79E-07,6.79E-07,-3.00E-07,1.90E-07,5.24E-07,1.67E-06,0.28635576
0.019723091,-8.89E-05,-8.89E-05,-1.20E-06,-1.20E-06,-2.24E-07,-7.14E-07,5.23E-07,1.67E-06,0.28635576
0.019733091,-9.16E-05,-9.16E-05,6.79E-07,6.79E-07,-3.00E-07,1.90E-07,5.24E-07,1.67E-06,0.28635576
0.019743091,-8.89E-05,-8.89E-05,-1.20E-06,-1.20E-06,-2.24E-07,-7.14E-07,5.23E-07,1.67E-06,0.28635576
0.019753091,-9.16E-05,-9.16E-05,6.79E-07,6.79E-07,-3.00E-07,1.90E-07,5.24E-07,1.67E-06,0.28635576
0.019763091,-8.89E-05,-8.89E-05,-1.20E-06,-1.20E-06,-2.24E-07,-7.14E-07,5.23E-07,1.67E-06,0.28635576
0.019773091,-9.16E-05,-9.16E-05,6.79E-07,6.79E-07,-3.00E-07,1.90E-07,5.24E-07,1.67E-06,0.28635576
0.019783091,-8.89E-05,-8.89E-05,-1.20E-06,-1.20E-06,-2.24E-07,-7.14E-07,5.23E-07,1.67E-06,0.28635576
0.019793091,-9.16E-05,-9.16E-05,6.79E-07,6.79E-07,-3.00E-07,1.90E-07,5.24E-07,1.67E-06,0.28635576
0.019803091,-8.89E-05,-8.89E-05,-1.20E-06,-1.20E-06,-2.24E-07,-7.14E-07,5.23E-07,1.67E-06,0.28635576
0.019813091,-9.16E-05,-9.16E-05,6.79E-07,6.79E-07,-3.00E-07,1.90E-07,5.24E-07,1.67E-06,0.28635576
0.019823091,-8.89E-05,-8.89E-05,-1.20E-06,-1.20E-06,-2.24E-07,-7.14E-07,5.23E-07,1.67E-06,0.28635576
0.019833091,-9.16E-05,-9.16E-05,6.79E-07,6.79E-07,-3.00E-07,1.90E-07,5.24E-07,1.67E-06,0.28635576
0.019843091,-8.89E-05,-8.89E-05,-1.20E-06,-1.20E-06,-2.24E-07,-7.14E-07,5.23E-07,1.67E-06,0.28635576
0.019853091,-9.16E-05,-9.16E-05,6.79E-07,6.79E-07,-3.00E-07,1.90E-07,5.24E-07,1.67E-06,0.28635576
0.019863091,-8.89E-05,-8.89E-05,-1.20E-06,-1.20E-06,-2.24E-07,-7.14E-07,5.23E-07,1.67E-06,0.28635576
0.019873091,-9.16E-05,-9.16E-05,6.79E-07,6.79E-07,-3.00E-07,1.90E-07,5.24E-07,1.67E-06,0.28635576
0.019883091,-8.89E-05,-8.89E-05,-1.20E-06,-1.20E-06,-2.24E-07,-7.14E-07,5.23E-07,1.67E-06,0.28635576
0.019893091,-9.16E-05,-9.16E-05,6.79E-07,6.79E-07,-3.00E-07,1.90E-07,5.24E-07,1.67E-06,0.28635576
0.019903091,-8.89E-05,-8.89E-05,-1.20E-06,-1.20E-06,-2.24E-07,-7.14E-07,5.23E-07,1.67E-06,0.28635576
0.019913091,-9.16E-05,-9.16E-05,6.79E-07,6.79E-07,-3.00E-07,1.90E-07,5.24E-07,1.67E-06,0.28635576
0.019923091,-8.89E-05,-8.89E-05,-1.20E-06,-1.20E-06,-2.24E-07,-7.14E-07,5.23E-07,1.67E-06,0.28635576
0.019933091,-9.16E-05,-9.16E-05,6.79E-07,6.79E-07,-3.00E-07,1.90E-07,5.24E-07,1.67E-06,0.28635576
0.019943091,-8.89E-05,-8.89E-05,-1.20E-06,-1.20E-06,-2.24E-07,-7.14E-07,5.23E-07,1.67E-06,0.28635576
0.019953091,-9.16E-05,-9.16E-05,6.79E-07,6.79E-07,-3.00E-07,1.90E-07,5.24E-07,1.67E-06,0.28635576
0.019963091,-8.89E-05,-8.89E-05,-1.20E-06,-1.20E-06,-2.24E-07,-7.14E-07,5.23E-07,1.67E-06,0.28635576
0.019973091,-9.16E-05,-9.16E-05,6.79E-07,6.79E-07,-3.00E-07,1.90E-07,5.24E-07,1.67E-06,0.28635576
0.019983091,-8.89E-05,-8.89E-05,-1.20E-06,-1.20E-06,-2.24E-07,-7.14E-07,5.23E-07,1.67E-06,0.28635576
0.019993091,-9.16E-05,-9.16E-05,6.79E-07,6.79E-07,-3.00E-07,1.90E-07,5.24E-07,1.67E-06,0.28635576
0.02,-8.89E-05,-8.89E-05,-1.20E-06,-1.20E-06,-2.24E-07,-7.14E-07,5.23E-07,1.67E-06,0.28635576
0.02,-9.19E-05,-9.19E-05,6.41E-07,6.41E-07,-3.65E-07,-1.90E-07,5.24E-07,1.67E-06,0.28635576
0.02,-8.87E-05,-8.87E-05,-1.13E-06,-1.13E-06,-2.02E-07,-2.84E-07,5.24E-07,1.67E-06,0.28635576
0.02,-9.19E-05,-9.19E-05,5.83E-07,5.83E-07,-3.19E-07,-2.63E-07,5.24E-07,1.67E-06,0.28635576
0.02,-8.87E-05,-8.87E-05,-1.10E-06,-1.10E-06,-2.10E-07,-2.57E-07,5.24E-07,1.67E-06,0.28635576
0.02,-9.18E-05,-9.18E-05,5.65E-07,5.65E-07,-3.10E-07,-2.69E-07,5.24E-07,1.67E-06,0.28635576
0.02,-8.87E-05,-8.87E-05,-1.09E-06,-1.09E-06,-2.15E-07,-2.54E-07,5.24E-07,1.67E-06,0.28635576
0.02,-9.18E-05,-9.18E-05,5.61E-07,5.61E-07,-3.09E-07,-2.70E-07,5.24E-07,1.67E-06,0.28635576
0.02,-8.87E-05,-8.87E-05,-1.09E-06,-1.09E-06,-2.16E-07,-2.54E-07,5.24E-07,1.67E-06,0.28635576
0.02,-9.19E-05,-9.19E-05,5.60E-07,5.60E-07,-3.08E-07,-2.70E-07,5.24E-07,1.67E-06,0.28635576
0.02,-8.88E-05,-8.88E-05,-1.08E-06,-1.08E-06,-2.15E-07,-2.52E-07,5.24E-07,1.67E-06,0.28635576
0.020000001,-9.21E-05,-9.21E-05,5.65E-07,5.65E-07,-3.03E-07,-2.66E-07,5.24E-07,1.67E-06,0.28635576
0.020000001,-8.92E-05,-8.92E-05,-1.07E-06,-1.07E-06,-2.02E-07,-2.39E-07,5.24E-07,1.91E-06,0.28635576
0.020000003,-9.25E-05,-9.25E-05,6.00E-07,6.00E-07,-2.68E-07,-2.31E-07,5.24E-07,1.67E-06,0.28635576
0.020000006,-8.96E-05,-8.96E-05,-9.91E-07,-9.91E-07,-1.23E-07,-1.60E-07,5.24E-07,1.91E-06,0.28635576
0.020000011,-9.28E-05,-9.28E-05,7.36E-07,7.36E-07,-1.32E-07,-9.48E-08,5.24E-07,1.67E-06,0.28635576
0.020000021,-8.96E-05,-8.96E-05,-8.27E-07,-8.27E-07,4.14E-08,4.16E-09,5.24E-07,1.91E-06,0.28635576
0.02000004,-9.25E-05,-9.25E-05,8.77E-07,8.77E-07,9.23E-09,4.65E-08,5.24E-07,1.91E-06,0.28635576
0.020000067,-8.90E-05,-8.90E-05,-7.47E-07,-7.47E-07,1.21E-07,8.35E-08,5.24E-07,1.67E-06,0.28635576
0.020000082,-9.23E-05,-9.23E-05,9.03E-07,9.03E-07,3.51E-08,7.23E-08,5.24E-07,1.67E-06,0.28635576
0.020000094,-8.97E-05,-8.97E-05,-7.32E-07,-7.32E-07,1.36E-07,9.90E-08,5.24E-07,1.67E-06,0.28635576
0.020000106,-9.39E-05,-9.39E-05,9.33E-07,9.33E-07,6.54E-08,1.03E-07,5.24E-07,1.67E-06,0.28635576
0.020000122,-9.20E-05,-9.20E-05,-6.70E-07,-6.70E-07,1.98E-07,1.61E-07,5.24E-07,1.91E-06,0.28635576
0.02000014,-9.65E-05,-9.65E-05,1.04E-06,1.04E-06,1.69E-07,2.06E-07,5.24E-07,1.67E-06,0.28635576
0.020000172,-9.54E-05,-9.54E-05,-4.78E-07,-4.78E-07,3.89E-07,3.52E-07,5.24E-07,1.67E-06,0.28635576
0.020000204,-0.000100248,-0.000100248,1.31E-06,1.31E-06,4.40E-07,4.77E-07,5.24E-07,1.67E-06,0.28635576
0.020000261,-9.87E-05,-9.87E-05,-1.02E-07,-1.02E-07,7.66E-07,7.29E-07,5.24E-07,1.67E-06,0.28635576
0.020000316,-0.000102325,-0.000102325,1.74E-06,1.74E-06,8.75E-07,9.12E-07,5.24E-07,1.67E-06,0.28635576
0.020000399,-9.99E-05,-9.99E-05,4.05E-07,4.05E-07,1.27E-06,1.24E-06,5.23E-07,1.67E-06,0.28635576
0.020000416,-0.000101673,-0.000101673,1.30E-06,1.30E-06,1.30E-06,1.30E-06,5.23E-07,1.67E-06,0.28635576
0.02000045,-0.000102037,-0.000102037,1.44E-06,1.44E-06,1.44E-06,1.44E-06,5.23E-07,1.67E-06,0.28635576
0.020000518,-0.000102805,-0.000102805,1.75E-06,1.75E-06,1.75E-06,1.75E-06,5.23E-07,1.91E-06,0.28635576
0.020000654,-0.000104242,-0.000104242,2.36E-06,2.36E-06,2.36E-06,2.36E-06,5.23E-07,1.67E-06,0.28635576
0.020000807,-0.000105308,-0.000105308,2.90E-06,2.90E-06,2.90E-06,2.90E-06,5.23E-07,1.67E-06,0.28635576
0.02000095,-0.000105306,-0.000105306,3.18E-06,3.18E-06,3.18E-06,3.18E-06,5.23E-07,1.67E-06,0.28635576
0.0200011,-0.000103173,-0.000103173,3.26E-06,3.26E-06,3.26E-06,3.26E-06,5.23E-07,1.91E-06,0.28635576
0.020001283,-9.12E-05,-9.12E-05,3.14E-06,3.14E-06,3.14E-06,3.14E-06,5.24E-07,1.67E-06,0.28635576
0.020001487,-7.10E-05,-7.10E-05,2.85E-06,2.85E-06,2.85E-06,2.85E-06,5.25E-07,1.91E-06,0.28635576
0.020001683,-5.14E-05,-5.14E-05,2.51E-06,2.51E-06,2.51E-06,2.51E-06,5.26E-07,1.67E-06,0.28635576
0.020001928,-3.70E-05,-3.70E-05,2.04E-06,2.04E-06,2.04E-06,2.04E-06,5.19E-07,1.67E-06,0.28635576
0.020002152,-3.16E-05,-3.16E-05,1.61E-06,1.61E-06,1.61E-06,1.61E-06,5.06E-07,1.67E-06,0.28635576
0.020002252,-2.31E-05,-2.31E-05,-3.79E-06,-3.79E-06,2.86E-08,2.82E-08,4.84E-07,1.67E-06,0.28635576
0.020002346,-2.20E-05,-2.20E-05,-3.64E-06,-3.64E-06,-2.51E-08,-2.47E-08,4.68E-07,1.43E-06,0.28635576
0.020002415,-2.14E-05,-2.14E-05,-3.57E-06,-3.57E-06,-8.01E-08,-8.05E-08,4.57E-07,1.67E-06,0.28635576
0.020002487,-2.07E-05,-2.07E-05,-3.50E-06,-3.50E-06,-1.36E-07,-1.36E-07,4.44E-07,1.43E-06,0.28635576
0.020002632,-1.95E-05,-1.95E-05,-3.40E-06,-3.40E-06,-2.59E-07,-2.60E-07,4.20E-07,1.43E-06,0.28635576
0.020002921,-1.77E-05,-1.77E-05,-3.26E-06,-3.26E-06,-4.83E-07,-4.83E-07,3.72E-07,1.19E-06,0.28635576
0.020003263,-1.60E-05,-1.60E-05,-3.16E-06,-3.16E-06,-6.95E-07,-6.95E-07,3.15E-07,9.54E-07,0.28635576
0.020003587,-1.49E-05,-1.49E-05,-3.08E-06,-3.08E-06,-8.37E-07,-8.37E-07,2.62E-07,9.54E-07,0.28635576
0.020003909,-1.41E-05,-1.41E-05,-3.04E-06,-3.04E-06,-9.44E-07,-9.45E-07,2.09E-07,7.15E-07,0.28635576
0.020004249,-1.34E-05,-1.34E-05,-2.99E-06,-2.99E-06,-1.02E-06,-1.02E-06,1.54E-07,7.15E-07,0.28635576
0.020004583,-1.29E-05,-1.29E-05,-2.97E-06,-2.97E-06,-1.08E-06,-1.08E-06,1.01E-07,4.77E-07,0.28635576
0.020004923,-1.25E-05,-1.25E-05,-2.93E-06,-2.93E-06,-1.13E-06,-1.13E-06,4.65E-08,2.38E-07,0.28635576
0.020005266,-1.22E-05,-1.22E-05,-2.91E-06,-2.91E-06,-1.16E-06,-1.16E-06,-7.57E-09,0,0.28635576
0.020005628,-1.19E-05,-1.19E-05,-2.88E-06,-2.88E-06,-1.18E-06,-1.18E-06,-6.44E-08,-2.38E-07,0.28635576
0.020006001,-1.17E-05,-1.17E-05,-2.86E-06,-2.86E-06,-1.20E-06,-1.20E-06,-1.22E-07,-2.38E-07,0.28635576
0.020006401,-1.15E-05,-1.15E-05,-2.83E-06,-2.83E-06,-1.21E-06,-1.21E-06,-1.84E-07,-4.77E-07,0.28635576
0.020006827,-1.12E-05,-1.12E-05,-2.85E-06,-2.85E-06,-1.26E-06,-1.26E-06,-2.49E-07,-7.15E-07,0.28635576
0.020007299,-1.08E-05,-1.08E-05,-2.92E-06,-2.92E-06,-1.37E-06,-1.37E-06,-3.18E-07,-9.54E-07,0.28635576
0.020007824,-1.04E-05,-1.04E-05,-2.90E-06,-2.90E-06,-1.42E-06,-1.42E-06,-3.88E-07,-1.19E-06,0.28635576
0.020008413,-1.00E-05,-1.00E-05,-2.80E-06,-2.80E-06,-1.40E-06,-1.40E-06,-4.56E-07,-1.43E-06,0.28635576
0.020008968,-9.80E-06,-9.80E-06,-2.69E-06,-2.69E-06,-1.37E-06,-1.38E-06,-5.09E-07,-1.67E-06,0.28635576
0.020009566,-9.69E-06,-9.69E-06,-2.63E-06,-2.63E-06,-1.39E-06,-1.39E-06,-5.52E-07,-1.91E-06,0.28635576
0.02001012,-9.78E-06,-9.78E-06,-2.70E-06,-2.70E-06,-1.51E-06,-1.51E-06,-5.83E-07,-1.91E-06,0.28635576
0.020010742,-1.03E-05,-1.03E-05,-3.04E-06,-3.04E-06,-1.91E-06,-1.91E-06,-6.10E-07,-1.91E-06,0.28635576
0.020011326,-1.13E-05,-1.13E-05,-3.80E-06,-3.80E-06,-2.69E-06,-2.69E-06,-6.30E-07,-1.91E-06,0.28635576
0.020011912,-1.33E-05,-1.33E-05,-5.22E-06,-5.22E-06,-4.14E-06,-4.14E-06,-6.46E-07,-2.15E-06,0.28635576
0.02001246,-1.61E-05,-1.61E-05,-7.37E-06,-7.37E-06,-6.28E-06,-6.28E-06,-6.60E-07,-2.15E-06,0.28635576
0.020013082,-2.07E-05,-2.07E-05,-1.09E-05,-1.09E-05,-9.79E-06,-9.79E-06,-6.75E-07,-2.38E-06,0.28635576
0.020013774,-2.72E-05,-2.72E-05,-1.60E-05,-1.60E-05,-1.49E-05,-1.49E-05,-6.94E-07,-2.15E-06,0.28635576
0.020014422,-3.42E-05,-3.42E-05,-2.15E-05,-2.15E-05,-2.04E-05,-2.04E-05,-7.14E-07,-2.38E-06,0.28635576
0.020015059,-4.14E-05,-4.14E-05,-2.73E-05,-2.73E-05,-2.61E-05,-2.61E-05,-7.35E-07,-2.38E-06,0.28635576
0.020015672,-4.83E-05,-4.83E-05,-3.27E-05,-3.27E-05,-3.15E-05,-3.15E-05,-7.59E-07,-2.38E-06,0.28635576
0.020016291,-5.51E-05,-5.51E-05,-3.79E-05,-3.79E-05,-3.67E-05,-3.67E-05,-7.86E-07,-2.62E-06,0.28635576
0.020016889,-6.13E-05,-6.13E-05,-4.26E-05,-4.26E-05,-4.13E-05,-4.13E-05,-8.14E-07,-2.62E-06,0.28635576
0.02001747,-6.71E-05,-6.71E-05,-4.67E-05,-4.67E-05,-4.54E-05,-4.54E-05,-8.43E-07,-2.86E-06,0.28635576
0.020017937,-7.14E-05,-7.14E-05,-4.97E-05,-4.97E-05,-4.84E-05,-4.84E-05,-8.68E-07,-2.86E-06,0.28635576
0.020018365,-7.52E-05,-7.52E-05,-5.22E-05,-5.22E-05,-5.09E-05,-5.09E-05,-8.92E-07,-3.10E-06,0.28635576
0.020018793,-7.88E-05,-7.88E-05,-5.45E-05,-5.45E-05,-5.32E-05,-5.32E-05,-9.17E-07,-3.10E-06,0.28635576
0.020019273,-8.26E-05,-8.26E-05,-5.69E-05,-5.69E-05,-5.55E-05,-5.55E-05,-9.46E-07,-3.34E-06,0.28635576
0.020019782,-8.64E-05,-8.64E-05,-5.91E-05,-5.91E-05,-5.77E-05,-5.77E-05,-9.77E-07,-3.34E-06,0.28635576
0.020020297,-9.01E-05,-9.01E-05,-6.11E-05,-6.11E-05,-5.96E-05,-5.96E-05,-1.01E-06,-3.34E-06,0.28635576
0.020020843,-9.38E-05,-9.38E-05,-6.29E-05,-6.29E-05,-6.15E-05,-6.15E-05,-1.05E-06,-3.58E-06,0.28635576
0.020021456,-9.79E-05,-9.79E-05,-6.47E-05,-6.47E-05,-6.32E-05,-6.32E-05,-1.09E-06,-3.58E-06,0.28635576
0.020022256,-0.000102777,-0.000102777,-6.66E-05,-6.66E-05,-6.51E-05,-6.51E-05,-1.14E-06,-3.81E-06,0.28635576
0.020023192,-0.00010781,-0.00010781,-6.84E-05,-6.84E-05,-6.69E-05,-6.69E-05,-1.20E-06,-4.05E-06,0.28635576
0.020024179,-0.000112335,-0.000112335,-6.97E-05,-6.97E-05,-6.82E-05,-6.82E-05,-1.27E-06,-4.05E-06,0.28635576
0.020025015,-0.000115632,-0.000115632,-7.05E-05,-7.05E-05,-6.90E-05,-6.90E-05,-1.33E-06,-4.29E-06,0.28635576
0.020026084,-0.000119237,-0.000119237,-7.12E-05,-7.12E-05,-6.96E-05,-6.96E-05,-1.41E-06,-4.77E-06,0.28635576
0.020027241,-0.000122451,-0.000122451,-7.16E-05,-7.16E-05,-7.00E-05,-7.00E-05,-1.49E-06,-5.01E-06,0.28635576
0.02002929,-0.000126772,-0.000126772,-7.16E-05,-7.16E-05,-7.00E-05,-7.00E-05,-1.64E-06,-5.48E-06,0.28635576
0.020032978,-0.000131268,-0.000131268,-7.03E-05,-7.03E-05,-6.86E-05,-6.86E-05,-1.90E-06,-6.44E-06,0.28635576
0.020037083,-0.000133052,-0.000133052,-6.76E-05,-6.76E-05,-6.59E-05,-6.59E-05,-2.19E-06,-7.15E-06,0.28635576
0.020043456,-0.000132351,-0.000132351,-6.21E-05,-6.21E-05,-6.06E-05,-6.06E-05,-2.61E-06,-8.58E-06,0.28635576
0.020047037,-0.000130798,-0.000130798,-5.81E-05,-5.81E-05,-5.68E-05,-5.68E-05,-2.84E-06,-9.30E-06,0.28635576
0.020049935,-0.000129175,-0.000129175,-5.41E-05,-5.41E-05,-5.32E-05,-5.32E-05,-3.01E-06,-1.00E-05,0.28635576
0.02005212,-0.000127747,-0.000127747,-5.05E-05,-5.05E-05,-4.99E-05,-4.99E-05,-3.13E-06,-1.03E-05,0.28635576
0.020053107,-0.000507629,-0.000507629,-0.001364533,-0.001364533,-0.001013361,-0.00101337,-4.52E-08,-2.38E-07,0.28635576
0.02005361,-0.000341358,-0.000341358,-0.007300526,-0.007300526,-0.007560103,-0.00756017,1.61E-05,5.32E-05,0.28635576
0.020053843,-6.35E-05,-6.35E-05,-0.021200854,-0.021200854,-0.020923615,-0.020923536,4.45E-05,0.000146627,0.28635576
0.020054054,-0.000291322,-0.000291322,-0.040273145,-0.040273145,-0.04048085,-0.040480975,9.52E-05,0.000314236,0.28635576
0.020054191,-4.27E-05,-4.27E-05,-0.05701232,-0.05701232,-0.056787543,-0.056787413,0.000145369,0.000479698,0.28635576
0.020054356,-0.00027739,-0.00027739,-0.080511756,-0.080511756,-0.08068116,-0.080681324,0.000228131,0.000752926,0.28635576
0.020054603,-3.10E-05,-3.10E-05,-0.12501638,-0.12501638,-0.12481844,-0.12481825,0.000408946,0.001349449,0.28635576
0.020054873,-0.00026619,-0.00026619,-0.184051,-0.184051,-0.18421,-0.18421024,0.000696534,0.002298594,0.28635576
0.02005528,-2.21E-05,-2.21E-05,-0.29598752,-0.29598752,-0.29580253,-0.29580227,0.001355258,0.004472256,0.28635576
0.020055663,-0.000258735,-0.000258735,-0.42389187,-0.42389187,-0.42404962,-0.42404994,0.002266011,0.00747776,0.28635576
0.020056063,-1.75E-05,-1.75E-05,-0.5808777,-0.5808777,-0.5807015,-0.5807011,0.003573848,0.011793852,0.28635576
0.020056519,-0.00025475,-0.00025475,-0.7860868,-0.7860868,-0.7862449,-0.7862454,0.005579961,0.01841402,0.28635576
0.020057012,-1.46E-05,-1.46E-05,-1.0378288,-1.0378288,-1.0376596,-1.0376593,0.008442417,0.027859926,0.286355761
0.020057697,-0.000251683,-0.000251683,-1.4315083,-1.4315083,-1.4316691,-1.4316697,0.013785804,0.045493126,0.286355761
0.020058353,-1.19E-05,-1.19E-05,-1.8465556,-1.8465556,-1.8463923,-1.8463917,0.020519614,0.06771469,0.286355762
0.020059413,-0.000248419,-0.000248419,-2.5573616,-2.5573616,-2.5575237,-2.5575247,0.035002444,0.11550808,0.286355766
0.020060392,-8.35E-06,-8.35E-06,-3.2190726,-3.2190726,-3.2189107,-3.21891,0.052406464,0.17294145,0.286355777
0.020061803,-0.000243996,-0.000243996,-4.114351,-4.114351,-4.1145115,-4.114513,0.0839898,0.27716637,0.286355801
0.020062416,-4.70E-06,-4.70E-06,-4.470488,-4.470488,-4.470327,-4.470326,0.09999145,0.32997203,0.286355817
0.020062808,-0.000241974,-0.000241974,-4.6850114,-4.6850114,-4.685171,-4.685172,0.11085054,0.36580658,0.286355831
0.020063092,-3.60E-06,-3.60E-06,-4.8356357,-4.8356357,-4.835476,-4.835475,0.11905141,0.39286995,0.286355844
0.020063354,-0.000240722,-0.000240722,-4.968953,-4.968953,-4.969111,-4.9691124,0.1268112,0.41847706,0.286355858
0.020063624,-2.76E-06,-2.76E-06,-5.1023507,-5.1023507,-5.1021934,-5.1021924,0.13501488,0.445549,0.286355874
0.020063889,-0.000239481,-0.000239481,-5.227688,-5.227688,-5.2278457,-5.2278466,0.14326161,0.47276354,0.286355892
0.020064153,-1.83E-06,-1.83E-06,-5.3485045,-5.3485045,-5.348352,-5.348351,0.15169956,0.5006087,0.286355913
0.020064438,-0.000238119,-0.000238119,-5.4708633,-5.4708633,-5.471025,-5.4710264,0.16096403,0.5311816,0.286355934
0.020064659,-8.05E-07,-8.05E-07,-5.56081,-5.56081,-5.560668,-5.560667,0.16828515,0.555341,0.286355956
0.020064893,-0.00023681,-0.00023681,-5.649767,-5.649767,-5.6499367,-5.6499376,0.17618755,0.58141875,0.286355979
0.020065111,1.90E-07,1.90E-07,-5.7272477,-5.7272477,-5.7271166,-5.7271156,0.18362209,0.60595274,0.286356002
0.02006532,-0.000235536,-0.000235536,-5.7955594,-5.7955594,-5.795736,-5.7957373,0.1908209,0.62970877,0.286356027
0.020065528,1.09E-06,1.09E-06,-5.859435,-5.859435,-5.859312,-5.859311,0.19808407,0.6536777,0.286356054
0.020065729,-0.000234295,-0.000234295,-5.915346,-5.915346,-5.915525,-5.9155264,0.20516041,0.67702913,0.286356082
0.020065937,2.05E-06,2.05E-06,-5.967916,-5.967916,-5.967795,-5.967794,0.21257836,0.70150876,0.286356114
0.020066152,-0.000232847,-0.000232847,-6.012774,-6.012774,-6.012948,-6.0129495,0.22025903,0.72685456,0.286356151
0.020066403,3.47E-06,3.47E-06,-6.0522666,-6.0522666,-6.052137,-6.052136,0.22928362,0.7566359,0.286356201
0.020066725,-0.000230743,-0.000230743,-6.079527,-6.079527,-6.0796857,-6.079688,0.24090482,0.794986,0.286356293
0.020067369,6.27E-06,6.27E-06,-6.078274,-6.078274,-6.0781283,-6.0781264,0.26413015,0.8716295,0.286356438
0.020067983,-0.000227771,-0.000227771,-6.038701,-6.038701,-6.038849,-6.038852,0.28613445,0.9442439,0.286356634
0.020068816,8.87E-06,8.87E-06,-5.963879,-5.963879,-5.96373,-5.9637275,0.31559998,1.0414798,0.286356993
0.020070171,-0.000224227,-0.000224227,-5.832071,-5.832071,-5.832216,-5.832219,0.362563,1.1964576,0.286357605
0.020071638,1.32E-05,1.32E-05,-5.7041073,-5.7041073,-5.703957,-5.7039547,0.41201568,1.3596518,0.286358198
0.020072288,-0.000485984,-0.000485984,-5.653351,-5.653351,-5.6534953,-5.6534986,0.43352258,1.4306242,0.286358564
0.020072816,-0.000456403,-0.000456403,-5.6143007,-5.6143007,-5.61415,-5.614147,0.45083672,1.4877613,0.286358872
0.020073207,-0.000583483,-0.000583483,-5.5862627,-5.5862627,-5.5864058,-5.586409,0.4635332,1.5296597,0.286359165
0.020073642,-0.000436174,-0.000436174,-5.5578504,-5.5578504,-5.5576997,-5.5576973,0.47757295,1.5759907,0.286359492
0.020074078,-0.001784284,-0.001784284,-5.5313625,-5.5313625,-5.5315056,-5.531509,0.4915554,1.6221325,0.286359708
0.020074182,-0.003312468,-0.003312468,-5.525968,-5.525968,-5.5258193,-5.5258164,0.49489856,1.6331654,0.286359779
0.020074255,-0.005623588,-0.005623588,-5.521954,-5.521954,-5.5220957,-5.522099,0.49722606,1.640846,0.286359839
0.020074328,-0.007649817,-0.007649817,-5.518634,-5.518634,-5.5184865,-5.5184836,0.49955508,1.6485317,0.286359899
0.020074402,-0.010693459,-0.010693459,-5.5148497,-5.5148497,-5.51499,-5.514993,0.50189984,1.6562698,0.286359961
0.020074475,-0.013662668,-0.013662668,-5.5117006,-5.5117006,-5.511555,-5.5115523,0.5042517,1.6640306,0.286360027
0.020074559,-0.018017037,-0.018017037,-5.5076876,-5.5076876,-5.5078263,-5.5078297,0.5069059,1.6727896,0.286360103
0.020074655,-0.023214266,-0.023214266,-5.503763,-5.503763,-5.503619,-5.5036163,0.5099655,1.6828861,0.286360195
0.020074774,-0.031048719,-0.031048719,-5.4985375,-5.4985375,-5.498675,-5.498678,0.5137305,1.6953106,0.286360316
0.020074934,-0.042783335,-0.042783335,-5.4923887,-5.4923887,-5.4922457,-5.492243,0.5188152,1.7120903,0.286360493
0.020075171,-0.06393807,-0.06393807,-5.4832945,-5.4832945,-5.4834313,-5.4834347,0.52630156,1.7367952,0.286360783
0.02007557,-0.10770024,-0.10770024,-5.470153,-5.470153,-5.4700103,-5.4700074,0.53888863,1.7783327,0.28636116
0.020075956,-0.16017833,-0.16017833,-5.458563,-5.458563,-5.458699,-5.4587026,0.5510475,1.8184566,0.286361517
0.020076284,-0.21121,-0.21121,-5.4503736,-5.4503736,-5.4502316,-5.4502287,0.56130636,1.8523109,0.286361867
0.020076629,-0.27175248,-0.27175248,-5.4422493,-5.4422493,-5.442385,-5.4423885,0.5720979,1.8879232,0.286362237
0.020076968,-0.33693886,-0.33693886,-5.4357157,-5.4357157,-5.4355736,-5.4355707,0.5826864,1.9228652,0.286362622
0.020077317,-0.40995926,-0.40995926,-5.429383,-5.429383,-5.4295187,-5.429522,0.59355307,1.958725,0.286363049
0.020077703,-0.49639562,-0.49639562,-5.423899,-5.423899,-5.4237576,-5.423754,0.6055219,1.9982221,0.286363562
0.020078165,-0.607896,-0.607896,-5.4179893,-5.4179893,-5.418125,-5.4181285,0.6198279,2.045432,0.286364209
0.020078724,-0.75245774,-0.75245774,-5.412979,-5.412979,-5.4128375,-5.412834,0.63710314,2.1024404,0.286365033
0.020079395,-0.938405,-0.938405,-5.408404,-5.408404,-5.4085393,-5.4085426,0.6577841,2.1706877,0.286366139
0.020080273,-1.1977136,-1.1977136,-5.4057784,-5.4057784,-5.4056373,-5.405634,0.6847677,2.2597334,0.286367683
0.02008139,-1.5474894,-1.5474894,-5.4055486,-5.4055486,-5.4056835,-5.405687,0.71898633,2.3726552,0.286370114
0.020083122,-2.1159606,-2.1159606,-5.411993,-5.411993,-5.411852,-5.4118485,0.7718398,2.5470715,0.286374214
0.020085562,-2.9336646,-2.9336646,-5.429615,-5.429615,-5.42975,-5.4297533,0.8460038,2.7918124,0.286382858
0.020090442,-4.493623,-4.493623,-5.4945064,-5.4945064,-5.4943647,-5.494362,0.993926,3.2799556,0.286395912
0.020093571,-5.356522,-5.356522,-5.598672,-5.598672,-5.598807,-5.59881,1.0892594,3.594556,0.286405671
0.020095427,-5.771405,-5.771405,-5.794399,-5.794399,-5.7942576,-5.7942543,1.1471488,3.7855914,0.286411287
0.020096157,-5.9079146,-5.9079146,-5.913355,-5.913355,-5.91349,-5.913493,1.170556,3.862835,0.286413452
0.020096385,-5.94839,-5.94839,-5.9517245,-5.9517245,-5.9515834,-5.9515796,1.1779461,3.8872223,0.286414587
0.020096653,-5.9947753,-5.9947753,-5.996656,-5.996656,-5.9967904,-5.9967937,1.1867224,3.916184,0.286415942
0.020096968,-6.048131,-6.048131,-6.04903,-6.04903,-6.048889,-6.0488853,1.1971138,3.9504752,0.286417518
0.020097319,-6.105687,-6.105687,-6.1060953,-6.1060953,-6.1062293,-6.1062326,1.2087966,3.9890287,0.286419248
0.020097685,-6.164276,-6.164276,-6.164408,-6.164408,-6.1642675,-6.1642637,1.2211074,4.029654,0.286421269
0.02009814,-6.2343326,-6.2343326,-6.234372,-6.234372,-6.2345057,-6.234509,1.2365427,4.080591,0.286423777
0.02009868,-6.3143616,-6.3143616,-6.314324,-6.314324,-6.314183,-6.3141794,1.2550555,4.141683,0.286427073
0.020099409,-6.416787,-6.416787,-6.416764,-6.416764,-6.416898,-6.416901,1.2804288,4.225415,0.286430645
0.0201,-6.4957023,-6.4957023,-6.4956465,-6.4956465,-6.4955063,-6.4955025,1.3013009,4.2942924,0.286432297
0.0201,-6.4957037,-6.4957037,-6.4956427,-6.4956427,-6.495513,-6.4955144,1.3013009,4.294293,0.286432297
0.0201,-6.4957485,-6.4957485,-6.4956017,-6.4956017,-6.495538,-6.4955444,1.3013014,4.2942944,0.286432298
0.0201,-6.4957185,-6.4957185,-6.4956203,-6.4956203,-6.495561,-6.4955554,1.3013026,4.294298,0.286432298
0.0201,-6.495722,-6.495722,-6.495624,-6.495624,-6.495597,-6.495601,1.3013048,4.294306,0.286432298
0.0201,-6.495699,-6.495699,-6.49564,-6.49564,-6.4956174,-6.495613,1.3013073,4.2943144,0.286432299
0.0201,-6.495704,-6.495704,-6.495649,-6.495649,-6.495644,-6.495648,1.3013114,4.2943277,0.2864323
0.0201,-6.495701,-6.495701,-6.49567,-6.49567,-6.495662,-6.4956584,1.3013176,4.294348,0.286432301
0.020100001,-6.49575,-6.49575,-6.495704,-6.495704,-6.4957037,-6.4957075,1.3013297,4.294388,0.286432304
0.020100002,-6.4958324,-6.4958324,-6.4957952,-6.4957952,-6.4957886,-6.4957848,1.3013543,4.294469,0.28643231
0.020100003,-6.4960184,-6.4960184,-6.495972,-6.495972,-6.495971,-6.495975,1.3014032,4.2946305,0.286432321
0.020100006,-6.4963665,-6.4963665,-6.4963307,-6.4963307,-6.4963245,-6.4963207,1.3015012,4.2949543,0.286432344
0.020100011,-6.497091,-6.497091,-6.4970446,-6.4970446,-6.497044,-6.497048,1.301697,4.2956,0.286432391
0.020100022,-6.4985137,-6.4985137,-6.4984784,-6.4984784,-6.4984717,-6.498468,1.3020889,4.296893,0.286432483
0.020100044,-6.5013824,-6.5013824,-6.5013356,-6.5013356,-6.5013356,-6.501339,1.3028728,4.29948,0.286432669
0.020100088,-6.5070763,-6.5070763,-6.507041,-6.507041,-6.507035,-6.5070305,1.3044416,4.304657,0.286433041
0.020100177,-6.518429,-6.518429,-6.518382,-6.518382,-6.5183816,-6.5183854,1.3075831,4.3150244,0.286433788
0.020100353,-6.5408564,-6.5408564,-6.54082,-6.54082,-6.540814,-6.54081,1.3138815,4.3358088,0.286435297
0.020100706,-6.5847526,-6.5847526,-6.584705,-6.584705,-6.5847044,-6.584708,1.3265384,4.377577,0.286438373
0.020101413,-6.668694,-6.668694,-6.668658,-6.668658,-6.668651,-6.6686473,1.3520827,4.461873,0.286444765
0.020102826,-6.8222275,-6.8222275,-6.82218,-6.82218,-6.8221793,-6.8221827,1.4040133,4.6332436,0.28645855
0.020105651,-7.0784836,-7.0784836,-7.0784473,-7.0784473,-7.0784407,-7.078437,1.5106713,4.9852157,0.286475613
0.020107357,-7.2037888,-7.2037888,-7.2037416,-7.2037416,-7.203741,-7.2037444,1.5765802,5.202714,0.286486323
0.020108262,-7.2625012,-7.2625012,-7.2624655,-7.2624655,-7.262459,-7.262455,1.6119224,5.3193436,0.286492314
0.020108754,-7.2921066,-7.2921066,-7.2920604,-7.2920604,-7.2920594,-7.292063,1.63122,5.383026,0.286495932
0.020109086,-7.310766,-7.310766,-7.3107314,-7.3107314,-7.3107247,-7.310721,1.6442665,5.4260798,0.286498596
0.020109352,-7.3244243,-7.3244243,-7.3243794,-7.3243794,-7.3243785,-7.3243823,1.6547136,5.460555,0.28650103
0.020109625,-7.3363833,-7.3363833,-7.336351,-7.336351,-7.336344,-7.33634,1.6654869,5.496107,0.28650349
0.020109889,-7.3445835,-7.3445835,-7.344543,-7.344543,-7.344542,-7.3445454,1.675901,5.5304728,0.286506092
0.020110187,-7.348033,-7.348033,-7.348007,-7.348007,-7.348,-7.347996,1.6876262,5.569167,0.28650924
0.020110559,-7.3424625,-7.3424625,-7.342431,-7.342431,-7.3424296,-7.3424335,1.7022815,5.617529,0.286513634
0.020111106,-7.3180885,-7.3180885,-7.318074,-7.318074,-7.318067,-7.3180633,1.7237066,5.6882315,0.286518814
0.020111616,-7.285309,-7.285309,-7.285286,-7.285286,-7.2852845,-7.2852883,1.7435752,5.7537975,0.286524161
0.020112171,-7.244768,-7.244768,-7.2447596,-7.2447596,-7.244752,-7.2447486,1.7650574,5.824689,0.286530547
0.020112858,-7.1928596,-7.1928596,-7.192841,-7.192841,-7.19284,-7.192844,1.7913556,5.9114733,0.286538249
0.020113626,-7.135827,-7.135827,-7.135822,-7.135822,-7.1358147,-7.135811,1.8204653,6.007536,0.286548155
0.020114669,-7.0634174,-7.0634174,-7.063402,-7.063402,-7.0634007,-7.0634046,1.8594772,6.1362743,0.286559627
0.020115637,-7.002672,-7.002672,-7.00267,-7.00267,-7.002662,-7.002659,1.8951762,6.254081,0.286573703
0.020117044,-6.9257455,-6.9257455,-6.925733,-6.925733,-6.9257317,-6.9257355,1.9463191,6.4228535,0.286592808
0.020118694,-6.8509564,-6.8509564,-6.8509564,-6.8509564,-6.850949,-6.850945,2.005236,6.617278,0.286611133
0.020119806,-6.7879586,-6.7879586,-6.787943,-6.787943,-6.7879367,-6.7879405,2.044346,6.7463427,0.286627466
0.020121062,-6.6786046,-6.6786046,-6.6785913,-6.6785913,-6.678583,-6.6785793,2.08765,6.8892455,0.286643466
0.020122031,-6.5735226,-6.5735226,-6.573495,-6.573495,-6.5734887,-6.5734925,2.1203182,6.9970493,0.286658786
0.020123127,-6.440346,-6.440346,-6.4403224,-6.4403224,-6.4403143,-6.4403105,2.1563463,7.1159425,0.286679357
0.020124713,-6.2335005,-6.2335005,-6.2334614,-6.2334614,-6.2334547,-6.233459,2.2066092,7.2818108,0.286707412
0.020126619,-5.9802914,-5.9802914,-5.9802547,-5.9802547,-5.980247,-5.980243,2.2640905,7.4714985,0.286749508
0.02012969,-5.5986247,-5.5986247,-5.598571,-5.598571,-5.5985646,-5.5985684,2.3500988,7.7553263,0.286803023
0.020132492,-5.301091,-5.301091,-5.301041,-5.301041,-5.3010335,-5.30103,2.422185,7.99321,0.286858091
0.020135378,-5.050804,-5.050804,-5.0507402,-5.0507402,-5.0507345,-5.0507383,2.4910681,8.220525,0.286919967
0.020138535,-4.837203,-4.837203,-4.8371453,-4.8371453,-4.8371377,-4.837134,2.5613399,8.452421,0.28699298
0.020142123,-4.65816,-4.65816,-4.658089,-4.658089,-4.658084,-4.6580873,2.6361947,8.699443,0.287073528
0.02014556,-4.53698,-4.53698,-4.5369167,-4.5369167,-4.5369096,-4.536906,2.7040446,8.9233465,0.287167302
0.020149896,-4.434999,-4.434999,-4.434924,-4.434924,-4.4349184,-4.434922,2.7857828,9.193083,0.287242101
0.020151401,-4.306464,-4.306464,-4.306409,-4.306409,-4.3064013,-4.306398,2.8127959,9.282227,0.287280898
0.020152868,-4.023293,-4.023293,-4.0232368,-4.0232368,-4.023231,-4.023235,2.837087,9.362387,0.287311214
0.020153684,-3.837588,-3.837588,-3.8375435,-3.8375435,-3.8375363,-3.8375328,2.8493726,9.40293,0.287334769
0.020154626,-3.616357,-3.616357,-3.6163077,-3.6163077,-3.6163023,-3.616306,2.862369,9.445818,0.287363796
0.020155831,-3.3384764,-3.3384764,-3.338439,-3.338439,-3.3384316,-3.3384283,2.8771062,9.494451,0.287397951
0.020157127,-3.0590928,-3.0590928,-3.0590503,-3.0590503,-3.0590448,-3.059049,2.8907335,9.539421,0.287436626
0.020158636,-2.7694168,-2.7694168,-2.7693856,-2.7693856,-2.7693784,-2.7693748,2.9039545,9.58305,0.287482519
0.020160425,-2.4801462,-2.4801462,-2.48011,-2.48011,-2.4801044,-2.4801085,2.9164605,9.62432,0.287538999
0.02016266,-2.1971588,-2.1971588,-2.1971338,-2.1971338,-2.1971266,-2.197123,2.9281702,9.662961,0.287603907
0.020165013,-1.9798642,-1.9798642,-1.9798338,-1.9798338,-1.9798285,-1.9798323,2.9369092,9.6918,0.287675318
0.020167678,-1.8099936,-1.8099936,-1.8099741,-1.8099741,-1.8099669,-1.8099632,2.9436631,9.714088,0.287756095
0.020170663,-1.6875635,-1.6875635,-1.6875381,-1.6875381,-1.6875329,-1.6875366,2.948575,9.730297,0.287841042
0.020173599,-1.613434,-1.613434,-1.6134188,-1.6134188,-1.6134118,-1.613408,2.951652,9.740452,0.287925537
0.020176541,-1.5676535,-1.5676535,-1.5676321,-1.5676321,-1.5676267,-1.5676305,2.9536605,9.747079,0.288009273
0.020179416,-1.5398989,-1.5398989,-1.5398871,-1.5398871,-1.53988,-1.5398763,2.9549782,9.751429,0.288101493
0.020182942,-1.519119,-1.519119,-1.5191008,-1.5191008,-1.5190954,-1.5190992,2.956071,9.755034,0.288203756
0.020186509,-1.506776,-1.506776,-1.5067674,-1.5067674,-1.5067604,-1.5067567,2.956814,9.757486,0.288333393
0.020191928,-1.4962745,-1.4962745,-1.4962596,-1.4962596,-1.4962543,-1.496258,2.9575605,9.75995,0.288499461
0.020198015,-1.4902855,-1.4902855,-1.4902804,-1.4902804,-1.4902735,-1.4902698,2.9580867,9.761686,0.288712586
0.02020669,-1.485901,-1.485901,-1.4858896,-1.4858896,-1.4858844,-1.4858881,2.958553,9.763225,0.288971191
0.020215921,-1.4835355,-1.4835355,-1.4835337,-1.4835337,-1.4835268,-1.483523,2.958851,9.764209,0.289248997
0.020225921,-1.482079,-1.482079,-1.48207,-1.48207,-1.4820648,-1.4820685,2.9590514,9.764869,0.289537944
0.020235921,-1.481243,-1.481243,-1.4812428,-1.4812428,-1.481236,-1.4812322,2.9591773,9.765285,0.289826916
0.020245921,-1.480729,-1.480729,-1.4807211,-1.4807211,-1.4807159,-1.4807197,2.9592593,9.765555,0.290115904
0.020255921,-1.4803909,-1.4803909,-1.4803915,-1.4803915,-1.4803846,-1.4803809,2.9593136,9.765735,0.290404903
0.020265921,-1.480186,-1.480186,-1.4801787,-1.4801787,-1.4801735,-1.4801773,2.95935,9.765855,0.290693909
0.020275921,-1.4800326,-1.4800326,-1.4800335,-1.4800335,-1.4800266,-1.4800229,2.9593747,9.765937,0.290982919
0.020285921,-1.4799463,-1.4799463,-1.4799391,-1.4799391,-1.479934,-1.4799377,2.9593916,9.765992,0.291271933
0.020295921,-1.4798704,-1.4798704,-1.4798716,-1.4798716,-1.4798647,-1.4798609,2.9594033,9.76603,0.29156095
0.020305921,-1.4798359,-1.4798359,-1.4798288,-1.4798288,-1.4798237,-1.4798274,2.9594111,9.766057,0.291849967
0.020315921,-1.4797951,-1.4797951,-1.4797963,-1.4797963,-1.4797894,-1.4797856,2.9594166,9.766074,0.292138986
0.020325921,-1.4797841,-1.4797841,-1.4797772,-1.4797772,-1.479772,-1.4797758,2.9594204,9.766087,0.292428006
0.020335921,-1.4797595,-1.4797595,-1.4797608,-1.4797608,-1.4797539,-1.4797502,2.9594228,9.766096,0.292717026
0.020345921,-1.4797596,-1.4797596,-1.4797527,-1.4797527,-1.4797475,-1.4797513,2.9594247,9.766102,0.293006046
0.020355921,-1.4797426,-1.4797426,-1.479744,-1.479744,-1.479737,-1.4797333,2.959426,9.766106,0.293295067
0.020365921,-1.479748,-1.479748,-1.4797411,-1.4797411,-1.479736,-1.4797397,2.9594269,9.7661085,0.293584088
0.020375921,-1.4797347,-1.4797347,-1.479736,-1.479736,-1.479729,-1.4797254,2.9594274,9.76611,0.293873109
0.020385921,-1.4797425,-1.4797425,-1.4797356,-1.4797356,-1.4797304,-1.4797342,2.9594278,9.766111,0.29416213
0.020395921,-1.4797308,-1.4797308,-1.4797322,-1.4797322,-1.4797252,-1.4797215,2.959428,9.766113,0.294451151
0.020405921,-1.4797398,-1.4797398,-1.479733,-1.479733,-1.4797277,-1.4797316,2.9594283,9.766112,0.294740172
0.020415921,-1.479729,-1.479729,-1.4797304,-1.4797304,-1.4797235,-1.4797198,2.9594283,9.766114,0.295029193
0.020425921,-1.4797386,-1.4797386,-1.4797317,-1.4797317,-1.4797266,-1.4797302,2.9594285,9.766114,0.295318214
0.020435921,-1.4797282,-1.4797282,-1.4797295,-1.4797295,-1.4797226,-1.4797189,2.9594285,9.766114,0.295607235
0.020445921,-1.479738,-1.479738,-1.4797311,-1.4797311,-1.479726,-1.4797297,2.9594285,9.766114,0.295896257
0.020455921,-1.4797279,-1.4797279,-1.4797292,-1.4797292,-1.4797223,-1.4797184,2.9594285,9.766114,0.296185278
0.020465921,-1.4797376,-1.4797376,-1.4797307,-1.4797307,-1.4797256,-1.4797294,2.9594285,9.766115,0.296474299
0.020475921,-1.4797276,-1.4797276,-1.4797289,-1.4797289,-1.479722,-1.4797183,2.9594285,9.766114,0.29676332
0.020485921,-1.4797375,-1.4797375,-1.4797306,-1.4797306,-1.4797255,-1.4797292,2.9594285,9.766115,0.297052341
0.020495921,-1.4797276,-1.4797276,-1.4797289,-1.4797289,-1.479722,-1.4797182,2.9594285,9.766115,0.297341363
0.020505921,-1.4797374,-1.4797374,-1.4797306,-1.4797306,-1.4797254,-1.4797292,2.9594288,9.766115,0.297630384
0.020515921,-1.4797275,-1.4797275,-1.4797288,-1.4797288,-1.4797219,-1.4797182,2.9594288,9.766115,0.297919405
0.020525921,-1.4797374,-1.4797374,-1.4797305,-1.4797305,-1.4797254,-1.479729,2.9594288,9.766115,0.298208426
0.020535921,-1.4797275,-1.4797275,-1.4797288,-1.4797288,-1.4797219,-1.4797182,2.9594288,9.766115,0.298497447
0.020545921,-1.4797374,-1.4797374,-1.4797305,-1.4797305,-1.4797254,-1.479729,2.9594288,9.766115,0.298786469
0.020555921,-1.4797275,-1.4797275,-1.4797288,-1.4797288,-1.4797219,-1.4797182,2.9594288,9.766115,0.29907549
0.020565921,-1.4797374,-1.4797374,-1.4797305,-1.4797305,-1.4797252,-1.479729,2.9594288,9.766115,0.299364511
0.020575921,-1.4797275,-1.4797275,-1.4797288,-1.4797288,-1.4797219,-1.4797182,2.9594288,9.766115,0.299653532
0.020585921,-1.4797373,-1.4797373,-1.4797305,-1.4797305,-1.4797252,-1.479729,2.9594288,9.766115,0.299942554
0.020595921,-1.4797276,-1.4797276,-1.4797288,-1.4797288,-1.479722,-1.4797182,2.9594288,9.766115,0.300231575
0.020605921,-1.4797373,-1.4797373,-1.4797305,-1.4797305,-1.4797252,-1.479729,2.9594288,9.766115,0.300520596
0.020615921,-1.4797276,-1.4797276,-1.4797289,-1.4797289,-1.479722,-1.4797182,2.9594288,9.766115,0.300809617
0.020625921,-1.4797373,-1.4797373,-1.4797304,-1.4797304,-1.4797252,-1.479729,2.9594288,9.766115,0.301098638
0.020635921,-1.4797276,-1.4797276,-1.4797289,-1.4797289,-1.479722,-1.4797182,2.9594288,9.766115,0.30138766
0.020645921,-1.4797373,-1.4797373,-1.4797304,-1.4797304,-1.4797252,-1.479729,2.9594288,9.766115,0.301676681
0.020655921,-1.4797276,-1.4797276,-1.4797289,-1.4797289,-1.479722,-1.4797182,2.9594288,9.766115,0.301965702
0.020665921,-1.4797373,-1.4797373,-1.4797304,-1.4797304,-1.4797252,-1.4797289,2.9594288,9.766115,0.302254723
0.020675921,-1.4797276,-1.4797276,-1.4797289,-1.4797289,-1.479722,-1.4797182,2.9594288,9.766115,0.302543745
0.020685921,-1.4797373,-1.4797373,-1.4797304,-1.4797304,-1.4797252,-1.4797289,2.9594288,9.766115,0.302832766
0.020695921,-1.4797276,-1.4797276,-1.4797289,-1.4797289,-1.479722,-1.4797182,2.9594288,9.766115,0.303121787
0.020705921,-1.4797373,-1.4797373,-1.4797304,-1.4797304,-1.4797252,-1.4797289,2.9594288,9.766115,0.303410808
0.020715921,-1.4797276,-1.4797276,-1.4797289,-1.4797289,-1.479722,-1.4797183,2.9594288,9.766115,0.303699829
0.020725921,-1.4797373,-1.4797373,-1.4797304,-1.4797304,-1.4797252,-1.4797289,2.9594288,9.766115,0.303988851
0.020735921,-1.4797276,-1.4797276,-1.4797289,-1.4797289,-1.479722,-1.4797183,2.9594288,9.766115,0.304277872
0.020745921,-1.4797373,-1.4797373,-1.4797304,-1.4797304,-1.4797252,-1.4797289,2.9594288,9.766115,0.304566893
0.020755921,-1.4797276,-1.4797276,-1.4797289,-1.4797289,-1.479722,-1.4797183,2.9594288,9.766115,0.304855914
0.020765921,-1.4797373,-1.4797373,-1.4797304,-1.4797304,-1.4797252,-1.4797289,2.9594288,9.766115,0.305144936
0.020775921,-1.4797276,-1.4797276,-1.4797289,-1.4797289,-1.479722,-1.4797183,2.9594288,9.766115,0.305433957
0.020785921,-1.4797373,-1.4797373,-1.4797304,-1.4797304,-1.4797251,-1.4797289,2.9594288,9.766115,0.305722978
0.020795921,-1.4797276,-1.4797276,-1.4797289,-1.4797289,-1.479722,-1.4797183,2.9594288,9.766115,0.306011999
0.020805921,-1.4797372,-1.4797372,-1.4797304,-1.4797304,-1.4797251,-1.4797289,2.9594288,9.766115,0.30630102
0.020815921,-1.4797277,-1.4797277,-1.4797289,-1.4797289,-1.479722,-1.4797183,2.9594288,9.766115,0.306590042
0.020825921,-1.4797372,-1.4797372,-1.4797302,-1.4797302,-1.4797251,-1.4797289,2.9594288,9.766115,0.306879063
0.020835921,-1.4797277,-1.4797277,-1.479729,-1.479729,-1.4797221,-1.4797183,2.9594288,9.766115,0.307168084
0.020845921,-1.4797372,-1.4797372,-1.4797302,-1.4797302,-1.4797251,-1.4797289,2.9594288,9.766115,0.307457105
0.020855921,-1.4797277,-1.4797277,-1.479729,-1.479729,-1.4797221,-1.4797183,2.9594288,9.766115,0.307746127
0.020865921,-1.4797372,-1.4797372,-1.4797302,-1.4797302,-1.4797251,-1.4797289,2.9594288,9.766115,0.308035148
0.020875921,-1.4797277,-1.4797277,-1.479729,-1.479729,-1.4797221,-1.4797183,2.9594288,9.766115,0.308324169
0.020885921,-1.4797372,-1.4797372,-1.4797302,-1.4797302,-1.4797251,-1.4797289,2.9594288,9.766115,0.30861319
0.020895921,-1.4797277,-1.4797277,-1.479729,-1.479729,-1.4797221,-1.4797183,2.9594288,9.766115,0.308902212
0.020905921,-1.4797372,-1.4797372,-1.4797302,-1.4797302,-1.4797251,-1.4797288,2.9594288,9.766115,0.309191233
0.020915921,-1.4797277,-1.4797277,-1.479729,-1.479729,-1.4797221,-1.4797183,2.9594288,9.766115,0.309480254
0.020925921,-1.4797372,-1.4797372,-1.4797302,-1.4797302,-1.4797251,-1.4797288,2.9594288,9.766115,0.309769275
0.020935921,-1.4797277,-1.4797277,-1.479729,-1.479729,-1.4797221,-1.4797183,2.9594288,9.766115,0.310058296
0.020945921,-1.4797372,-1.4797372,-1.4797302,-1.4797302,-1.4797251,-1.4797288,2.9594288,9.766115,0.310347318
0.020955921,-1.4797277,-1.4797277,-1.479729,-1.479729,-1.4797221,-1.4797184,2.9594288,9.766115,0.310636339
0.020965921,-1.4797372,-1.4797372,-1.4797302,-1.4797302,-1.4797251,-1.4797288,2.9594288,9.766115,0.31092536
0.020975921,-1.4797277,-1.4797277,-1.479729,-1.479729,-1.4797221,-1.4797184,2.9594288,9.766115,0.311214381
0.020985921,-1.4797372,-1.4797372,-1.4797302,-1.4797302,-1.4797251,-1.4797288,2.9594288,9.766115,0.311503403
0.020995921,-1.4797277,-1.4797277,-1.479729,-1.479729,-1.4797221,-1.4797184,2.9594288,9.766115,0.311706858
0.021,-1.4797372,-1.4797372,-1.4797302,-1.4797302,-1.479725,-1.4797288,2.9594288,9.766115,0.311765802
0.021,-1.4797363,-1.4797363,-1.47973,-1.47973,-1.4797243,-1.4797261,2.9594288,9.766115,0.311765803
0.021,-1.4797308,-1.4797308,-1.479732,-1.479732,-1.4797235,-1.4797224,2.9594288,9.766115,0.311765803
0.021,-1.4797343,-1.4797343,-1.4797301,-1.4797301,-1.479724,-1.4797249,2.9594288,9.766115,0.311765805
0.021,-1.4797317,-1.4797317,-1.4797311,-1.4797311,-1.4797239,-1.4797232,2.9594288,9.766115,0.311765808
0.021,-1.4797342,-1.4797342,-1.4797299,-1.4797299,-1.4797242,-1.4797249,2.9594288,9.766115,0.311765813
0.021,-1.4797319,-1.4797319,-1.479731,-1.479731,-1.479724,-1.4797233,2.9594288,9.766115,0.311765824
0.021000001,-1.4797342,-1.4797342,-1.4797299,-1.4797299,-1.4797242,-1.4797249,2.9594288,9.766115,0.311765846
0.021000002,-1.4797319,-1.4797319,-1.4797308,-1.4797308,-1.479724,-1.4797235,2.9594288,9.766115,0.311765891
0.021000004,-1.4797341,-1.4797341,-1.4797297,-1.4797297,-1.4797242,-1.4797248,2.9594288,9.766115,0.31176598
0.021000008,-1.4797317,-1.4797317,-1.4797306,-1.4797306,-1.4797239,-1.4797233,2.9594288,9.766115,0.311766157
0.021000016,-1.4797338,-1.4797338,-1.4797294,-1.4797294,-1.4797239,-1.4797245,2.9594288,9.766115,0.311766512
0.021000033,-1.4797314,-1.4797314,-1.4797302,-1.4797302,-1.4797237,-1.479723,2.9594288,9.766115,0.311767223
0.021000066,-1.4797336,-1.4797336,-1.4797292,-1.4797292,-1.4797237,-1.4797243,2.9594288,9.766115,0.311768643
0.021000131,-1.4797313,-1.4797313,-1.4797301,-1.4797301,-1.4797236,-1.4797229,2.9594288,9.766115,0.311771484
0.021000262,-1.4797336,-1.4797336,-1.4797292,-1.4797292,-1.4797237,-1.4797243,2.9594288,9.766115,0.311777167
0.021000524,-1.4797313,-1.4797313,-1.4797301,-1.4797301,-1.4797236,-1.4797229,2.9594288,9.766115,0.311788532
0.021001049,-1.4797336,-1.4797336,-1.4797292,-1.4797292,-1.4797237,-1.4797243,2.9594288,9.766115,0.311811261
0.021002097,-1.4797313,-1.4797313,-1.4797301,-1.4797301,-1.4797236,-1.4797229,2.9594288,9.766115,0.31185672
0.021004194,-1.4797336,-1.4797336,-1.4797292,-1.4797292,-1.4797237,-1.4797243,2.9594288,9.766115,0.311947638
0.021008389,-1.4797313,-1.4797313,-1.4797301,-1.4797301,-1.4797236,-1.4797229,2.9594288,9.766115,0.312129475
0.021016777,-1.4797336,-1.4797336,-1.4797292,-1.4797292,-1.4797237,-1.4797243,2.9594288,9.766115,0.31239521
0.021026777,-1.4797313,-1.4797313,-1.4797301,-1.4797301,-1.4797236,-1.4797229,2.9594288,9.766115,0.312684231
0.021036777,-1.4797336,-1.4797336,-1.4797292,-1.4797292,-1.4797237,-1.4797243,2.9594288,9.766115,0.312973252
0.021046777,-1.4797313,-1.4797313,-1.4797301,-1.4797301,-1.4797236,-1.4797229,2.9594288,9.766115,0.313262273
0.021056777,-1.4797336,-1.4797336,-1.4797292,-1.4797292,-1.4797237,-1.4797243,2.9594288,9.766115,0.313551295
0.021066777,-1.4797313,-1.4797313,-1.4797301,-1.4797301,-1.4797236,-1.4797229,2.9594288,9.766115,0.313840316
0.021076777,-1.4797336,-1.4797336,-1.4797292,-1.4797292,-1.4797237,-1.4797243,2.9594288,9.766115,0.314129337
0.021086777,-1.4797313,-1.4797313,-1.4797301,-1.4797301,-1.4797236,-1.4797229,2.9594288,9.766115,0.314418358
0.021096777,-1.4797336,-1.4797336,-1.4797292,-1.4797292,-1.4797237,-1.4797243,2.9594288,9.766115,0.31470738
0.021106777,-1.4797313,-1.4797313,-1.4797301,-1.4797301,-1.4797236,-1.4797229,2.9594288,9.766115,0.314996401
0.021116777,-1.4797336,-1.4797336,-1.4797292,-1.4797292,-1.4797237,-1.4797243,2.9594288,9.766115,0.315285422
0.021126777,-1.4797313,-1.4797313,-1.4797301,-1.4797301,-1.4797236,-1.4797229,2.9594288,9.766115,0.315574443
0.021136777,-1.4797336,-1.4797336,-1.4797292,-1.4797292,-1.4797237,-1.4797243,2.9594288,9.766115,0.315863464
0.021146777,-1.4797313,-1.4797313,-1.4797301,-1.4797301,-1.4797236,-1.4797229,2.9594288,9.766115,0.316152486
0.021156777,-1.4797336,-1.4797336,-1.4797292,-1.4797292,-1.4797237,-1.4797243,2.9594288,9.766115,0.316441507
0.021166777,-1.4797313,-1.4797313,-1.4797301,-1.4797301,-1.4797236,-1.4797229,2.9594288,9.766115,0.316730528
0.021176777,-1.4797336,-1.4797336,-1.4797292,-1.4797292,-1.4797237,-1.4797243,2.9594288,9.766115,0.317019549
0.021186777,-1.4797313,-1.4797313,-1.4797301,-1.4797301,-1.4797236,-1.4797229,2.9594288,9.766115,0.317308571
0.021196777,-1.4797336,-1.4797336,-1.4797292,-1.4797292,-1.4797237,-1.4797243,2.9594288,9.766115,0.317597592
0.021206777,-1.4797313,-1.4797313,-1.4797301,-1.4797301,-1.4797236,-1.4797229,2.9594288,9.766115,0.317886613
0.021216777,-1.4797336,-1.4797336,-1.4797292,-1.4797292,-1.4797237,-1.4797243,2.9594288,9.766115,0.318175634
0.021226777,-1.4797313,-1.4797313,-1.4797301,-1.4797301,-1.4797236,-1.4797229,2.9594288,9.766115,0.318464656
0.021236777,-1.4797336,-1.4797336,-1.4797292,-1.4797292,-1.4797237,-1.4797243,2.9594288,9.766115,0.318753677
0.021246777,-1.4797313,-1.4797313,-1.4797301,-1.4797301,-1.4797236,-1.4797229,2.9594288,9.766115,0.319042698
0.021256777,-1.4797336,-1.4797336,-1.4797292,-1.4797292,-1.4797237,-1.4797243,2.9594288,9.766115,0.319331719
0.021266777,-1.4797313,-1.4797313,-1.4797301,-1.4797301,-1.4797236,-1.4797229,2.9594288,9.766115,0.31962074
0.021276777,-1.4797336,-1.4797336,-1.4797292,-1.4797292,-1.4797237,-1.4797243,2.9594288,9.766115,0.319909762
0.021286777,-1.4797313,-1.4797313,-1.4797301,-1.4797301,-1.4797236,-1.4797229,2.9594288,9.766115,0.320198783
0.021296777,-1.4797336,-1.4797336,-1.4797292,-1.4797292,-1.4797237,-1.4797243,2.9594288,9.766115,0.320487804
0.021306777,-1.4797313,-1.4797313,-1.4797301,-1.4797301,-1.4797236,-1.4797229,2.9594288,9.766115,0.320776825
0.021316777,-1.4797336,-1.4797336,-1.4797292,-1.4797292,-1.4797237,-1.4797243,2.9594288,9.766115,0.321065847
0.021326777,-1.4797313,-1.4797313,-1.4797301,-1.4797301,-1.4797236,-1.4797229,2.9594288,9.766115,0.321354868
0.021336777,-1.4797336,-1.4797336,-1.4797292,-1.4797292,-1.4797237,-1.4797243,2.9594288,9.766115,0.321643889
0.021346777,-1.4797313,-1.4797313,-1.4797301,-1.4797301,-1.4797236,-1.4797229,2.9594288,9.766115,0.32193291
0.021356777,-1.4797336,-1.4797336,-1.4797292,-1.4797292,-1.4797237,-1.4797243,2.9594288,9.766115,0.322221931
0.021366777,-1.4797313,-1.4797313,-1.4797301,-1.4797301,-1.4797236,-1.4797229,2.9594288,9.766115,0.322510953
0.021376777,-1.4797336,-1.4797336,-1.4797292,-1.4797292,-1.4797237,-1.4797243,2.9594288,9.766115,0.322799974
0.021386777,-1.4797313,-1.4797313,-1.4797301,-1.4797301,-1.4797236,-1.4797229,2.9594288,9.766115,0.323088995
0.021396777,-1.4797336,-1.4797336,-1.4797292,-1.4797292,-1.4797237,-1.4797243,2.9594288,9.766115,0.323378016
0.021406777,-1.4797313,-1.4797313,-1.4797301,-1.4797301,-1.4797236,-1.4797229,2.9594288,9.766115,0.323667038
0.021416777,-1.4797336,-1.4797336,-1.4797292,-1.4797292,-1.4797237,-1.4797243,2.9594288,9.766115,0.323956059
0.021426777,-1.4797313,-1.4797313,-1.4797301,-1.4797301,-1.4797236,-1.4797229,2.9594288,9.766115,0.32424508
0.021436777,-1.4797336,-1.4797336,-1.4797292,-1.4797292,-1.4797237,-1.4797243,2.9594288,9.766115,0.324534101
0.021446777,-1.4797313,-1.4797313,-1.4797301,-1.4797301,-1.4797236,-1.4797229,2.9594288,9.766115,0.324823122
0.021456777,-1.4797336,-1.4797336,-1.4797292,-1.4797292,-1.4797237,-1.4797243,2.9594288,9.766115,0.325112144
0.021466777,-1.4797313,-1.4797313,-1.4797301,-1.4797301,-1.4797236,-1.4797229,2.9594288,9.766115,0.325401165
0.021476777,-1.4797336,-1.4797336,-1.4797292,-1.4797292,-1.4797237,-1.4797243,2.9594288,9.766115,0.325690186
0.021486777,-1.4797313,-1.4797313,-1.4797301,-1.4797301,-1.4797236,-1.4797229,2.9594288,9.766115,0.325979207
0.021496777,-1.4797336,-1.4797336,-1.4797292,-1.4797292,-1.4797237,-1.4797243,2.9594288,9.766115,0.326268229
0.021506777,-1.4797313,-1.4797313,-1.4797301,-1.4797301,-1.4797236,-1.4797229,2.9594288,9.766115,0.32655725
0.021516777,-1.4797336,-1.4797336,-1.4797292,-1.4797292,-1.4797237,-1.4797243,2.9594288,9.766115,0.326846271
0.021526777,-1.4797313,-1.4797313,-1.4797301,-1.4797301,-1.4797236,-1.4797229,2.9594288,9.766115,0.327135292
0.021536777,-1.4797336,-1.4797336,-1.4797292,-1.4797292,-1.4797237,-1.4797243,2.9594288,9.766115,0.327424313
0.021546777,-1.4797313,-1.4797313,-1.4797301,-1.4797301,-1.4797236,-1.4797229,2.9594288,9.766115,0.327713335
0.021556777,-1.4797336,-1.4797336,-1.4797292,-1.4797292,-1.4797237,-1.4797243,2.9594288,9.766115,0.328002356
0.021566777,-1.4797313,-1.4797313,-1.4797301,-1.4797301,-1.4797236,-1.4797229,2.9594288,9.766115,0.328291377
0.021576777,-1.4797336,-1.4797336,-1.4797292,-1.4797292,-1.4797237,-1.4797243,2.9594288,9.766115,0.328580398
0.021586777,-1.4797313,-1.4797313,-1.4797301,-1.4797301,-1.4797236,-1.4797229,2.9594288,9.766115,0.32886942
0.021596777,-1.4797336,-1.4797336,-1.4797292,-1.4797292,-1.4797237,-1.4797243,2.9594288,9.766115,0.329158441
0.021606777,-1.4797313,-1.4797313,-1.4797301,-1.4797301,-1.4797236,-1.4797229,2.9594288,9.766115,0.329447462
0.021616777,-1.4797336,-1.4797336,-1.4797292,-1.4797292,-1.4797237,-1.4797243,2.9594288,9.766115,0.329736483
0.021626777,-1.4797313,-1.4797313,-1.4797301,-1.4797301,-1.4797236,-1.4797229,2.9594288,9.766115,0.330025505
0.021636777,-1.4797336,-1.4797336,-1.4797292,-1.4797292,-1.4797237,-1.4797243,2.9594288,9.766115,0.330314526
0.021646777,-1.4797313,-1.4797313,-1.4797301,-1.4797301,-1.4797236,-1.4797229,2.9594288,9.766115,0.330603547
0.021656777,-1.4797336,-1.4797336,-1.4797292,-1.4797292,-1.4797237,-1.4797243,2.9594288,9.766115,0.330892568
0.021666777,-1.4797313,-1.4797313,-1.4797301,-1.4797301,-1.4797236,-1.4797229,2.9594288,9.766115,0.331181589
0.021676777,-1.4797336,-1.4797336,-1.4797292,-1.4797292,-1.4797237,-1.4797243,2.9594288,9.766115,0.331470611
0.021686777,-1.4797313,-1.4797313,-1.4797301,-1.4797301,-1.4797236,-1.4797229,2.9594288,9.766115,0.331759632
0.021696777,-1.4797336,-1.4797336,-1.4797292,-1.4797292,-1.4797237,-1.4797243,2.9594288,9.766115,0.332048653
0.021706777,-1.4797313,-1.4797313,-1.4797301,-1.4797301,-1.4797236,-1.4797229,2.9594288,9.766115,0.332337674
0.021716777,-1.4797336,-1.4797336,-1.4797292,-1.4797292,-1.4797237,-1.4797243,2.9594288,9.766115,0.332626696
0.021726777,-1.4797313,-1.4797313,-1.4797301,-1.4797301,-1.4797236,-1.4797229,2.9594288,9.766115,0.332915717
0.021736777,-1.4797336,-1.4797336,-1.4797292,-1.4797292,-1.4797237,-1.4797243,2.9594288,9.766115,0.333204738
0.021746777,-1.4797313,-1.4797313,-1.4797301,-1.4797301,-1.4797236,-1.4797229,2.9594288,9.766115,0.333493759
0.021756777,-1.4797336,-1.4797336,-1.4797292,-1.4797292,-1.4797237,-1.4797243,2.9594288,9.766115,0.33378278
0.021766777,-1.4797313,-1.4797313,-1.4797301,-1.4797301,-1.4797236,-1.4797229,2.9594288,9.766115,0.334071802
0.021776777,-1.4797336,-1.4797336,-1.4797292,-1.4797292,-1.4797237,-1.4797243,2.9594288,9.766115,0.334360823
0.021786777,-1.4797313,-1.4797313,-1.4797301,-1.4797301,-1.4797236,-1.4797229,2.9594288,9.766115,0.334649844
0.021796777,-1.4797336,-1.4797336,-1.4797292,-1.4797292,-1.4797237,-1.4797243,2.9594288,9.766115,0.334938865
0.021806777,-1.4797313,-1.4797313,-1.4797301,-1.4797301,-1.4797236,-1.4797229,2.9594288,9.766115,0.335227887
0.021816777,-1.4797336,-1.4797336,-1.4797292,-1.4797292,-1.4797237,-1.4797243,2.9594288,9.766115,0.335516908
0.021826777,-1.4797313,-1.4797313,-1.4797301,-1.4797301,-1.4797236,-1.4797229,2.9594288,9.766115,0.335805929
0.021836777,-1.4797336,-1.4797336,-1.4797292,-1.4797292,-1.4797237,-1.4797243,2.9594288,9.766115,0.33609495
0.021846777,-1.4797313,-1.4797313,-1.4797301,-1.4797301,-1.4797236,-1.4797229,2.9594288,9.766115,0.336383971
0.021856777,-1.4797336,-1.4797336,-1.4797292,-1.4797292,-1.4797237,-1.4797243,2.9594288,9.766115,0.336672993
0.021866777,-1.4797313,-1.4797313,-1.4797301,-1.4797301,-1.4797236,-1.4797229,2.9594288,9.766115,0.336962014
0.021876777,-1.4797336,-1.4797336,-1.4797292,-1.4797292,-1.4797237,-1.4797243,2.9594288,9.766115,0.337251035
0.021886777,-1.4797313,-1.4797313,-1.4797301,-1.4797301,-1.4797236,-1.4797229,2.9594288,9.766115,0.337540056
0.021896777,-1.4797336,-1.4797336,-1.4797292,-1.4797292,-1.4797237,-1.4797243,2.9594288,9.766115,0.337829078
0.021906777,-1.4797313,-1.4797313,-1.4797301,-1.4797301,-1.4797236,-1.4797229,2.9594288,9.766115,0.338118099
0.021916777,-1.4797336,-1.4797336,-1.4797292,-1.4797292,-1.4797237,-1.4797243,2.9594288,9.766115,0.33840712
0.021926777,-1.4797313,-1.4797313,-1.4797301,-1.4797301,-1.4797236,-1.4797229,2.9594288,9.766115,0.338696141
0.021936777,-1.4797336,-1.4797336,-1.4797292,-1.4797292,-1.4797237,-1.4797243,2.9594288,9.766115,0.338985162
0.021946777,-1.4797313,-1.4797313,-1.4797301,-1.4797301,-1.4797236,-1.4797229,2.9594288,9.766115,0.339274184
0.021956777,-1.4797336,-1.4797336,-1.4797292,-1.4797292,-1.4797237,-1.4797243,2.9594288,9.766115,0.339563205
0.021966777,-1.4797313,-1.4797313,-1.4797301,-1.4797301,-1.4797236,-1.4797229,2.9594288,9.766115,0.339852226
0.021976777,-1.4797336,-1.4797336,-1.4797292,-1.4797292,-1.4797237,-1.4797243,2.9594288,9.766115,0.340141247
0.021986777,-1.4797313,-1.4797313,-1.4797301,-1.4797301,-1.4797236,-1.4797229,2.9594288,9.766115,0.340430269
0.021996777,-1.4797336,-1.4797336,-1.4797292,-1.4797292,-1.4797237,-1.4797243,2.9594288,9.766115,0.34071929
0.022006777,-1.4797313,-1.4797313,-1.4797301,-1.4797301,-1.4797236,-1.4797229,2.9594288,9.766115,0.341008311
0.022016777,-1.4797336,-1.4797336,-1.4797292,-1.4797292,-1.4797237,-1.4797243,2.9594288,9.766115,0.341297332
0.022026777,-1.4797313,-1.4797313,-1.4797301,-1.4797301,-1.4797236,-1.4797229,2.9594288,9.766115,0.341586354
0.022036777,-1.4797336,-1.4797336,-1.4797292,-1.4797292,-1.4797237,-1.4797243,2.9594288,9.766115,0.341875375
0.022046777,-1.4797313,-1.4797313,-1.4797301,-1.4797301,-1.4797236,-1.4797229,2.9594288,9.766115,0.342164396
0.022056777,-1.4797336,-1.4797336,-1.4797292,-1.4797292,-1.4797237,-1.4797243,2.9594288,9.766115,0.342453417
0.022066777,-1.4797313,-1.4797313,-1.4797301,-1.4797301,-1.4797236,-1.4797229,2.9594288,9.766115,0.342742438
0.022076777,-1.4797336,-1.4797336,-1.4797292,-1.4797292,-1.4797237,-1.4797243,2.9594288,9.766115,0.34303146
0.022086777,-1.4797313,-1.4797313,-1.4797301,-1.4797301,-1.4797236,-1.4797229,2.9594288,9.766115,0.343320481
0.022096777,-1.4797336,-1.4797336,-1.4797292,-1.4797292,-1.4797237,-1.4797243,2.9594288,9.766115,0.343609502
0.022106777,-1.4797313,-1.4797313,-1.4797301,-1.4797301,-1.4797236,-1.4797229,2.9594288,9.766115,0.343898523
0.022116777,-1.4797336,-1.4797336,-1.4797292,-1.4797292,-1.4797237,-1.4797243,2.9594288,9.766115,0.344187545
0.022126777,-1.4797313,-1.4797313,-1.4797301,-1.4797301,-1.4797236,-1.4797229,2.9594288,9.766115,0.344476566
0.022136777,-1.4797336,-1.4797336,-1.4797292,-1.4797292,-1.4797237,-1.4797243,2.9594288,9.766115,0.344765587
0.022146777,-1.4797313,-1.4797313,-1.4797301,-1.4797301,-1.4797236,-1.4797229,2.9594288,9.766115,0.345054608
0.022156777,-1.4797336,-1.4797336,-1.4797292,-1.4797292,-1.4797237,-1.4797243,2.9594288,9.766115,0.345343629
0.022166777,-1.4797313,-1.4797313,-1.4797301,-1.4797301,-1.4797236,-1.4797229,2.9594288,9.766115,0.345632651
0.022176777,-1.4797336,-1.4797336,-1.4797292,-1.4797292,-1.4797237,-1.4797243,2.9594288,9.766115,0.345921672
0.022186777,-1.4797313,-1.4797313,-1.4797301,-1.4797301,-1.4797236,-1.4797229,2.9594288,9.766115,0.346210693
0.022196777,-1.4797336,-1.4797336,-1.4797292,-1.4797292,-1.4797237,-1.4797243,2.9594288,9.766115,0.346499714
0.022206777,-1.4797313,-1.4797313,-1.4797301,-1.4797301,-1.4797236,-1.4797229,2.9594288,9.766115,0.346788736
0.022216777,-1.4797336,-1.4797336,-1.4797292,-1.4797292,-1.4797237,-1.4797243,2.9594288,9.766115,0.347077757
0.022226777,-1.4797313,-1.4797313,-1.4797301,-1.4797301,-1.4797236,-1.4797229,2.9594288,9.766115,0.347366778
0.022236777,-1.4797336,-1.4797336,-1.4797292,-1.4797292,-1.4797237,-1.4797243,2.9594288,9.766115,0.347655799
0.022246777,-1.4797313,-1.4797313,-1.4797301,-1.4797301,-1.4797236,-1.4797229,2.9594288,9.766115,0.34794482
0.022256777,-1.4797336,-1.4797336,-1.4797292,-1.4797292,-1.4797237,-1.4797243,2.9594288,9.766115,0.348233842
0.022266777,-1.4797313,-1.4797313,-1.4797301,-1.4797301,-1.4797236,-1.4797229,2.9594288,9.766115,0.348522863
0.022276777,-1.4797336,-1.4797336,-1.4797292,-1.4797292,-1.4797237,-1.4797243,2.9594288,9.766115,0.348811884
0.022286777,-1.4797313,-1.4797313,-1.4797301,-1.4797301,-1.4797236,-1.4797229,2.9594288,9.766115,0.349100905
0.022296777,-1.4797336,-1.4797336,-1.4797292,-1.4797292,-1.4797237,-1.4797243,2.9594288,9.766115,0.349389927
0.022306777,-1.4797313,-1.4797313,-1.4797301,-1.4797301,-1.4797236,-1.4797229,2.9594288,9.766115,0.349678948
0.022316777,-1.4797336,-1.4797336,-1.4797292,-1.4797292,-1.4797237,-1.4797243,2.9594288,9.766115,0.349967969
0.022326777,-1.4797313,-1.4797313,-1.4797301,-1.4797301,-1.4797236,-1.4797229,2.9594288,9.766115,0.35025699
0.022336777,-1.4797336,-1.4797336,-1.4797292,-1.4797292,-1.4797237,-1.4797243,2.9594288,9.766115,0.350546011
0.022346777,-1.4797313,-1.4797313,-1.4797301,-1.4797301,-1.4797236,-1.4797229,2.9594288,9.766115,0.350835033
0.022356777,-1.4797336,-1.4797336,-1.4797292,-1.4797292,-1.4797237,-1.4797243,2.9594288,9.766115,0.351124054
0.022366777,-1.4797313,-1.4797313,-1.4797301,-1.4797301,-1.4797236,-1.4797229,2.9594288,9.766115,0.351413075
0.022376777,-1.4797336,-1.4797336,-1.4797292,-1.4797292,-1.4797237,-1.4797243,2.9594288,9.766115,0.351702096
0.022386777,-1.4797313,-1.4797313,-1.4797301,-1.4797301,-1.4797236,-1.4797229,2.9594288,9.766115,0.351991118
0.022396777,-1.4797336,-1.4797336,-1.4797292,-1.4797292,-1.4797237,-1.4797243,2.9594288,9.766115,0.352280139
0.022406777,-1.4797313,-1.4797313,-1.4797301,-1.4797301,-1.4797236,-1.4797229,2.9594288,9.766115,0.35256916
0.022416777,-1.4797336,-1.4797336,-1.4797292,-1.4797292,-1.4797237,-1.4797243,2.9594288,9.766115,0.352858181
0.022426777,-1.4797313,-1.4797313,-1.4797301,-1.4797301,-1.4797236,-1.4797229,2.9594288,9.766115,0.353147203
0.022436777,-1.4797336,-1.4797336,-1.4797292,-1.4797292,-1.4797237,-1.4797243,2.9594288,9.766115,0.353436224
0.022446777,-1.4797313,-1.4797313,-1.4797301,-1.4797301,-1.4797236,-1.4797229,2.9594288,9.766115,0.353725245
0.022456777,-1.4797336,-1.4797336,-1.4797292,-1.4797292,-1.4797237,-1.4797243,2.9594288,9.766115,0.354014266
0.022466777,-1.4797313,-1.4797313,-1.4797301,-1.4797301,-1.4797236,-1.4797229,2.9594288,9.766115,0.354303287
0.022476777,-1.4797336,-1.4797336,-1.4797292,-1.4797292,-1.4797237,-1.4797243,2.9594288,9.766115,0.354592309
0.022486777,-1.4797313,-1.4797313,-1.4797301,-1.4797301,-1.4797236,-1.4797229,2.9594288,9.766115,0.35488133
0.022496777,-1.4797336,-1.4797336,-1.4797292,-1.4797292,-1.4797237,-1.4797243,2.9594288,9.766115,0.355170351
0.022506777,-1.4797313,-1.4797313,-1.4797301,-1.4797301,-1.4797236,-1.4797229,2.9594288,9.766115,0.355459372
0.022516777,-1.4797336,-1.4797336,-1.4797292,-1.4797292,-1.4797237,-1.4797243,2.9594288,9.766115,0.355748394
0.022526777,-1.4797313,-1.4797313,-1.4797301,-1.4797301,-1.4797236,-1.4797229,2.9594288,9.766115,0.356037415
0.022536777,-1.4797336,-1.4797336,-1.4797292,-1.4797292,-1.4797237,-1.4797243,2.9594288,9.766115,0.356326436
0.022546777,-1.4797313,-1.4797313,-1.4797301,-1.4797301,-1.4797236,-1.4797229,2.9594288,9.766115,0.356615457
0.022556777,-1.4797336,-1.4797336,-1.4797292,-1.4797292,-1.4797237,-1.4797243,2.9594288,9.766115,0.356904478
0.022566777,-1.4797313,-1.4797313,-1.4797301,-1.4797301,-1.4797236,-1.4797229,2.9594288,9.766115,0.3571935
0.022576777,-1.4797336,-1.4797336,-1.4797292,-1.4797292,-1.4797237,-1.4797243,2.9594288,9.766115,0.357482521
0.022586777,-1.4797313,-1.4797313,-1.4797301,-1.4797301,-1.4797236,-1.4797229,2.9594288,9.766115,0.357771542
0.022596777,-1.4797336,-1.4797336,-1.4797292,-1.4797292,-1.4797237,-1.4797243,2.9594288,9.766115,0.358060563
0.022606777,-1.4797313,-1.4797313,-1.4797301,-1.4797301,-1.4797236,-1.4797229,2.9594288,9.766115,0.358349585
0.022616777,-1.4797336,-1.4797336,-1.4797292,-1.4797292,-1.4797237,-1.4797243,2.9594288,9.766115,0.358638606
0.022626777,-1.4797313,-1.4797313,-1.4797301,-1.4797301,-1.4797236,-1.4797229,2.9594288,9.766115,0.358927627
0.022636777,-1.4797336,-1.4797336,-1.4797292,-1.4797292,-1.4797237,-1.4797243,2.9594288,9.766115,0.359216648
0.022646777,-1.4797313,-1.4797313,-1.4797301,-1.4797301,-1.4797236,-1.4797229,2.9594288,9.766115,0.359505669
0.022656777,-1.4797336,-1.4797336,-1.4797292,-1.4797292,-1.4797237,-1.4797243,2.9594288,9.766115,0.359794691
0.022666777,-1.4797313,-1.4797313,-1.4797301,-1.4797301,-1.4797236,-1.4797229,2.9594288,9.766115,0.360083712
0.022676777,-1.4797336,-1.4797336,-1.4797292,-1.4797292,-1.4797237,-1.4797243,2.9594288,9.766115,0.360372733
0.022686777,-1.4797313,-1.4797313,-1.4797301,-1.4797301,-1.4797236,-1.4797229,2.9594288,9.766115,0.360661754
0.022696777,-1.4797336,-1.4797336,-1.4797292,-1.4797292,-1.4797237,-1.4797243,2.9594288,9.766115,0.360950776
0.022706777,-1.4797313,-1.4797313,-1.4797301,-1.4797301,-1.4797236,-1.4797229,2.9594288,9.766115,0.361239797
0.022716777,-1.4797336,-1.4797336,-1.4797292,-1.4797292,-1.4797237,-1.4797243,2.9594288,9.766115,0.361528818
0.022726777,-1.4797313,-1.4797313,-1.4797301,-1.4797301,-1.4797236,-1.4797229,2.9594288,9.766115,0.361817839
0.022736777,-1.4797336,-1.4797336,-1.4797292,-1.4797292,-1.4797237,-1.4797243,2.9594288,9.766115,0.36210686
0.022746777,-1.4797313,-1.4797313,-1.4797301,-1.4797301,-1.4797236,-1.4797229,2.9594288,9.766115,0.362395882
0.022756777,-1.4797336,-1.4797336,-1.4797292,-1.4797292,-1.4797237,-1.4797243,2.9594288,9.766115,0.362684903
0.022766777,-1.4797313,-1.4797313,-1.4797301,-1.4797301,-1.4797236,-1.4797229,2.9594288,9.766115,0.362973924
0.022776777,-1.4797336,-1.4797336,-1.4797292,-1.4797292,-1.4797237,-1.4797243,2.9594288,9.766115,0.363262945
0.022786777,-1.4797313,-1.4797313,-1.4797301,-1.4797301,-1.4797236,-1.4797229,2.9594288,9.766115,0.363551967
0.022796777,-1.4797336,-1.4797336,-1.4797292,-1.4797292,-1.4797237,-1.4797243,2.9594288,9.766115,0.363840988
0.022806777,-1.4797313,-1.4797313,-1.4797301,-1.4797301,-1.4797236,-1.4797229,2.9594288,9.766115,0.364130009
0.022816777,-1.4797336,-1.4797336,-1.4797292,-1.4797292,-1.4797237,-1.4797243,2.9594288,9.766115,0.36441903
0.022826777,-1.4797313,-1.4797313,-1.4797301,-1.4797301,-1.4797236,-1.4797229,2.9594288,9.766115,0.364708052
0.022836777,-1.4797336,-1.4797336,-1.4797292,-1.4797292,-1.4797237,-1.4797243,2.9594288,9.766115,0.364997073
0.022846777,-1.4797313,-1.4797313,-1.4797301,-1.4797301,-1.4797236,-1.4797229,2.9594288,9.766115,0.365286094
0.022856777,-1.4797336,-1.4797336,-1.4797292,-1.4797292,-1.4797237,-1.4797243,2.9594288,9.766115,0.365575115
0.022866777,-1.4797313,-1.4797313,-1.4797301,-1.4797301,-1.4797236,-1.4797229,2.9594288,9.766115,0.365864136
0.022876777,-1.4797336,-1.4797336,-1.4797292,-1.4797292,-1.4797237,-1.4797243,2.9594288,9.766115,0.366153158
0.022886777,-1.4797313,-1.4797313,-1.4797301,-1.4797301,-1.4797236,-1.4797229,2.9594288,9.766115,0.366442179
0.022896777,-1.4797336,-1.4797336,-1.4797292,-1.4797292,-1.4797237,-1.4797243,2.9594288,9.766115,0.3667312
0.022906777,-1.4797313,-1.4797313,-1.4797301,-1.4797301,-1.4797236,-1.4797229,2.9594288,9.766115,0.367020221
0.022916777,-1.4797336,-1.4797336,-1.4797292,-1.4797292,-1.4797237,-1.4797243,2.9594288,9.766115,0.367309243
0.022926777,-1.4797313,-1.4797313,-1.4797301,-1.4797301,-1.4797236,-1.4797229,2.9594288,9.766115,0.367598264
0.022936777,-1.4797336,-1.4797336,-1.4797292,-1.4797292,-1.4797237,-1.4797243,2.9594288,9.766115,0.367887285
0.022946777,-1.4797313,-1.4797313,-1.4797301,-1.4797301,-1.4797236,-1.4797229,2.9594288,9.766115,0.368176306
0.022956777,-1.4797336,-1.4797336,-1.4797292,-1.4797292,-1.4797237,-1.4797243,2.9594288,9.766115,0.368465327
0.022966777,-1.4797313,-1.4797313,-1.4797301,-1.4797301,-1.4797236,-1.4797229,2.9594288,9.766115,0.368754349
0.022976777,-1.4797336,-1.4797336,-1.4797292,-1.4797292,-1.4797237,-1.4797243,2.9594288,9.766115,0.36904337
0.022986777,-1.4797313,-1.4797313,-1.4797301,-1.4797301,-1.4797236,-1.4797229,2.9594288,9.766115,0.369332391
0.022996777,-1.4797336,-1.4797336,-1.4797292,-1.4797292,-1.4797237,-1.4797243,2.9594288,9.766115,0.369621412
0.023006777,-1.4797313,-1.4797313,-1.4797301,-1.4797301,-1.4797236,-1.4797229,2.9594288,9.766115,0.369910434
0.023016777,-1.4797336,-1.4797336,-1.4797292,-1.4797292,-1.4797237,-1.4797243,2.9594288,9.766115,0.370199455
0.023026777,-1.4797313,-1.4797313,-1.4797301,-1.4797301,-1.4797236,-1.4797229,2.9594288,9.766115,0.370488476
0.023036777,-1.4797336,-1.4797336,-1.4797292,-1.4797292,-1.4797237,-1.4797243,2.9594288,9.766115,0.370777497
0.023046777,-1.4797313,-1.4797313,-1.4797301,-1.4797301,-1.4797236,-1.4797229,2.9594288,9.766115,0.371066518
0.023056777,-1.4797336,-1.4797336,-1.4797292,-1.4797292,-1.4797237,-1.4797243,2.9594288,9.766115,0.37135554
0.023066777,-1.4797313,-1.4797313,-1.4797301,-1.4797301,-1.4797236,-1.4797229,2.9594288,9.766115,0.371644561
0.023076777,-1.4797336,-1.4797336,-1.4797292,-1.4797292,-1.4797237,-1.4797243,2.9594288,9.766115,0.371933582
0.023086777,-1.4797313,-1.4797313,-1.4797301,-1.4797301,-1.4797236,-1.4797229,2.9594288,9.766115,0.372222603
0.023096777,-1.4797336,-1.4797336,-1.4797292,-1.4797292,-1.4797237,-1.4797243,2.9594288,9.766115,0.372511625
0.023106777,-1.4797313,-1.4797313,-1.4797301,-1.4797301,-1.4797236,-1.4797229,2.9594288,9.766115,0.372800646
0.023116777,-1.4797336,-1.4797336,-1.4797292,-1.4797292,-1.4797237,-1.4797243,2.9594288,9.766115,0.373089667
0.023126777,-1.4797313,-1.4797313,-1.4797301,-1.4797301,-1.4797236,-1.4797229,2.9594288,9.766115,0.373378688
0.023136777,-1.4797336,-1.4797336,-1.4797292,-1.4797292,-1.4797237,-1.4797243,2.9594288,9.766115,0.373667709
0.023146777,-1.4797313,-1.4797313,-1.4797301,-1.4797301,-1.4797236,-1.4797229,2.9594288,9.766115,0.373956731
0.023156777,-1.4797336,-1.4797336,-1.4797292,-1.4797292,-1.4797237,-1.4797243,2.9594288,9.766115,0.374245752
0.023166777,-1.4797313,-1.4797313,-1.4797301,-1.4797301,-1.4797236,-1.4797229,2.9594288,9.766115,0.374534773
0.023176777,-1.4797336,-1.4797336,-1.4797292,-1.4797292,-1.4797237,-1.4797243,2.9594288,9.766115,0.374823794
0.023186777,-1.4797313,-1.4797313,-1.4797301,-1.4797301,-1.4797236,-1.4797229,2.9594288,9.766115,0.375112816
0.023196777,-1.4797336,-1.4797336,-1.4797292,-1.4797292,-1.4797237,-1.4797243,2.9594288,9.766115,0.375401837
0.023206777,-1.4797313,-1.4797313,-1.4797301,-1.4797301,-1.4797236,-1.4797229,2.9594288,9.766115,0.375690858
0.023216777,-1.4797336,-1.4797336,-1.4797292,-1.4797292,-1.4797237,-1.4797243,2.9594288,9.766115,0.375979879
0.023226777,-1.4797313,-1.4797313,-1.4797301,-1.4797301,-1.4797236,-1.4797229,2.9594288,9.766115,0.376268901
0.023236777,-1.4797336,-1.4797336,-1.4797292,-1.4797292,-1.4797237,-1.4797243,2.9594288,9.766115,0.376557922
0.023246777,-1.4797313,-1.4797313,-1.4797301,-1.4797301,-1.4797236,-1.4797229,2.9594288,9.766115,0.376846943
0.023256777,-1.4797336,-1.4797336,-1.4797292,-1.4797292,-1.4797237,-1.4797243,2.9594288,9.766115,0.377135964
0.023266777,-1.4797313,-1.4797313,-1.4797301,-1.4797301,-1.4797236,-1.4797229,2.9594288,9.766115,0.377424985
0.023276777,-1.4797336,-1.4797336,-1.4797292,-1.4797292,-1.4797237,-1.4797243,2.9594288,9.766115,0.377714007
0.023286777,-1.4797313,-1.4797313,-1.4797301,-1.4797301,-1.4797236,-1.4797229,2.9594288,9.766115,0.378003028
0.023296777,-1.4797336,-1.4797336,-1.4797292,-1.4797292,-1.4797237,-1.4797243,2.9594288,9.766115,0.378292049
0.023306777,-1.4797313,-1.4797313,-1.4797301,-1.4797301,-1.4797236,-1.4797229,2.9594288,9.766115,0.37858107
0.023316777,-1.4797336,-1.4797336,-1.4797292,-1.4797292,-1.4797237,-1.4797243,2.9594288,9.766115,0.378870092
0.023326777,-1.4797313,-1.4797313,-1.4797301,-1.4797301,-1.4797236,-1.4797229,2.9594288,9.766115,0.379159113
0.023336777,-1.4797336,-1.4797336,-1.4797292,-1.4797292,-1.4797237,-1.4797243,2.9594288,9.766115,0.379448134
0.023346777,-1.4797313,-1.4797313,-1.4797301,-1.4797301,-1.4797236,-1.4797229,2.9594288,9.766115,0.379737155
0.023356777,-1.4797336,-1.4797336,-1.4797292,-1.4797292,-1.4797237,-1.4797243,2.9594288,9.766115,0.380026176
0.023366777,-1.4797313,-1.4797313,-1.4797301,-1.4797301,-1.4797236,-1.4797229,2.9594288,9.766115,0.380315198
0.023376777,-1.4797336,-1.4797336,-1.4797292,-1.4797292,-1.4797237,-1.4797243,2.9594288,9.766115,0.380604219
0.023386777,-1.4797313,-1.4797313,-1.4797301,-1.4797301,-1.4797236,-1.4797229,2.9594288,9.766115,0.38089324
0.023396777,-1.4797336,-1.4797336,-1.4797292,-1.4797292,-1.4797237,-1.4797243,2.9594288,9.766115,0.381182261
0.023406777,-1.4797313,-1.4797313,-1.4797301,-1.4797301,-1.4797236,-1.4797229,2.9594288,9.766115,0.381471283
0.023416777,-1.4797336,-1.4797336,-1.4797292,-1.4797292,-1.4797237,-1.4797243,2.9594288,9.766115,0.381760304
0.023426777,-1.4797313,-1.4797313,-1.4797301,-1.4797301,-1.4797236,-1.4797229,2.9594288,9.766115,0.382049325
0.023436777,-1.4797336,-1.4797336,-1.4797292,-1.4797292,-1.4797237,-1.4797243,2.9594288,9.766115,0.382338346
0.023446777,-1.4797313,-1.4797313,-1.4797301,-1.4797301,-1.4797236,-1.4797229,2.9594288,9.766115,0.382627367
0.023456777,-1.4797336,-1.4797336,-1.4797292,-1.4797292,-1.4797237,-1.4797243,2.9594288,9.766115,0.382916389
0.023466777,-1.4797313,-1.4797313,-1.4797301,-1.4797301,-1.4797236,-1.4797229,2.9594288,9.766115,0.38320541
0.023476777,-1.4797336,-1.4797336,-1.4797292,-1.4797292,-1.4797237,-1.4797243,2.9594288,9.766115,0.383494431
0.023486777,-1.4797313,-1.4797313,-1.4797301,-1.4797301,-1.4797236,-1.4797229,2.9594288,9.766115,0.383783452
0.023496777,-1.4797336,-1.4797336,-1.4797292,-1.4797292,-1.4797237,-1.4797243,2.9594288,9.766115,0.384072474
0.023506777,-1.4797313,-1.4797313,-1.4797301,-1.4797301,-1.4797236,-1.4797229,2.9594288,9.766115,0.384361495
0.023516777,-1.4797336,-1.4797336,-1.4797292,-1.4797292,-1.4797237,-1.4797243,2.9594288,9.766115,0.384650516
0.023526777,-1.4797313,-1.4797313,-1.4797301,-1.4797301,-1.4797236,-1.4797229,2.9594288,9.766115,0.384939537
0.023536777,-1.4797336,-1.4797336,-1.4797292,-1.4797292,-1.4797237,-1.4797243,2.9594288,9.766115,0.385228558
0.023546777,-1.4797313,-1.4797313,-1.4797301,-1.4797301,-1.4797236,-1.4797229,2.9594288,9.766115,0.38551758
0.023556777,-1.4797336,-1.4797336,-1.4797292,-1.4797292,-1.4797237,-1.4797243,2.9594288,9.766115,0.385806601
0.023566777,-1.4797313,-1.4797313,-1.4797301,-1.4797301,-1.4797236,-1.4797229,2.9594288,9.766115,0.386095622
0.023576777,-1.4797336,-1.4797336,-1.4797292,-1.4797292,-1.4797237,-1.4797243,2.9594288,9.766115,0.386384643
0.023586777,-1.4797313,-1.4797313,-1.4797301,-1.4797301,-1.4797236,-1.4797229,2.9594288,9.766115,0.386673665
0.023596777,-1.4797336,-1.4797336,-1.4797292,-1.4797292,-1.4797237,-1.4797243,2.9594288,9.766115,0.386962686
0.023606777,-1.4797313,-1.4797313,-1.4797301,-1.4797301,-1.4797236,-1.4797229,2.9594288,9.766115,0.387251707
0.023616777,-1.4797336,-1.4797336,-1.4797292,-1.4797292,-1.4797237,-1.4797243,2.9594288,9.766115,0.387540728
0.023626777,-1.4797313,-1.4797313,-1.4797301,-1.4797301,-1.4797236,-1.4797229,2.9594288,9.766115,0.38782975
0.023636777,-1.4797336,-1.4797336,-1.4797292,-1.4797292,-1.4797237,-1.4797243,2.9594288,9.766115,0.388118771
0.023646777,-1.4797313,-1.4797313,-1.4797301,-1.4797301,-1.4797236,-1.4797229,2.9594288,9.766115,0.388407792
0.023656777,-1.4797336,-1.4797336,-1.4797292,-1.4797292,-1.4797237,-1.4797243,2.9594288,9.766115,0.388696813
0.023666777,-1.4797313,-1.4797313,-1.4797301,-1.4797301,-1.4797236,-1.4797229,2.9594288,9.766115,0.388985834
0.023676777,-1.4797336,-1.4797336,-1.4797292,-1.4797292,-1.4797237,-1.4797243,2.9594288,9.766115,0.389274856
0.023686777,-1.4797313,-1.4797313,-1.4797301,-1.4797301,-1.4797236,-1.4797229,2.9594288,9.766115,0.389563877
0.023696777,-1.4797336,-1.4797336,-1.4797292,-1.4797292,-1.4797237,-1.4797243,2.9594288,9.766115,0.389852898
0.023706777,-1.4797313,-1.4797313,-1.4797301,-1.4797301,-1.4797236,-1.4797229,2.9594288,9.766115,0.390141919
0.023716777,-1.4797336,-1.4797336,-1.4797292,-1.4797292,-1.4797237,-1.4797243,2.9594288,9.766115,0.390430941
0.023726777,-1.4797313,-1.4797313,-1.4797301,-1.4797301,-1.4797236,-1.4797229,2.9594288,9.766115,0.390719962
0.023736777,-1.4797336,-1.4797336,-1.4797292,-1.4797292,-1.4797237,-1.4797243,2.9594288,9.766115,0.391008983
0.023746777,-1.4797313,-1.4797313,-1.4797301,-1.4797301,-1.4797236,-1.4797229,2.9594288,9.766115,0.391298004
0.023756777,-1.4797336,-1.4797336,-1.4797292,-1.4797292,-1.4797237,-1.4797243,2.9594288,9.766115,0.391587025
0.023766777,-1.4797313,-1.4797313,-1.4797301,-1.4797301,-1.4797236,-1.4797229,2.9594288,9.766115,0.391876047
0.023776777,-1.4797336,-1.4797336,-1.4797292,-1.4797292,-1.4797237,-1.4797243,2.9594288,9.766115,0.392165068
0.023786777,-1.4797313,-1.4797313,-1.4797301,-1.4797301,-1.4797236,-1.4797229,2.9594288,9.766115,0.392454089
0.023796777,-1.4797336,-1.4797336,-1.4797292,-1.4797292,-1.4797237,-1.4797243,2.9594288,9.766115,0.39274311
0.023806777,-1.4797313,-1.4797313,-1.4797301,-1.4797301,-1.4797236,-1.4797229,2.9594288,9.766115,0.393032132
0.023816777,-1.4797336,-1.4797336,-1.4797292,-1.4797292,-1.4797237,-1.4797243,2.9594288,9.766115,0.393321153
0.023826777,-1.4797313,-1.4797313,-1.4797301,-1.4797301,-1.4797236,-1.4797229,2.9594288,9.766115,0.393610174
0.023836777,-1.4797336,-1.4797336,-1.4797292,-1.4797292,-1.4797237,-1.4797243,2.9594288,9.766115,0.393899195
0.023846777,-1.4797313,-1.4797313,-1.4797301,-1.4797301,-1.4797236,-1.4797229,2.9594288,9.766115,0.394188216
0.023856777,-1.4797336,-1.4797336,-1.4797292,-1.4797292,-1.4797237,-1.4797243,2.9594288,9.766115,0.394477238
0.023866777,-1.4797313,-1.4797313,-1.4797301,-1.4797301,-1.4797236,-1.4797229,2.9594288,9.766115,0.394766259
0.023876777,-1.4797336,-1.4797336,-1.4797292,-1.4797292,-1.4797237,-1.4797243,2.9594288,9.766115,0.39505528
0.023886777,-1.4797313,-1.4797313,-1.4797301,-1.4797301,-1.4797236,-1.4797229,2.9594288,9.766115,0.395344301
0.023896777,-1.4797336,-1.4797336,-1.4797292,-1.4797292,-1.4797237,-1.4797243,2.9594288,9.766115,0.395633323
0.023906777,-1.4797313,-1.4797313,-1.4797301,-1.4797301,-1.4797236,-1.4797229,2.9594288,9.766115,0.395922344
0.023916777,-1.4797336,-1.4797336,-1.4797292,-1.4797292,-1.4797237,-1.4797243,2.9594288,9.766115,0.396211365
0.023926777,-1.4797313,-1.4797313,-1.4797301,-1.4797301,-1.4797236,-1.4797229,2.9594288,9.766115,0.396500386
0.023936777,-1.4797336,-1.4797336,-1.4797292,-1.4797292,-1.4797237,-1.4797243,2.9594288,9.766115,0.396789407
0.023946777,-1.4797313,-1.4797313,-1.4797301,-1.4797301,-1.4797236,-1.4797229,2.9594288,9.766115,0.397078429
0.023956777,-1.4797336,-1.4797336,-1.4797292,-1.4797292,-1.4797237,-1.4797243,2.9594288,9.766115,0.39736745
0.023966777,-1.4797313,-1.4797313,-1.4797301,-1.4797301,-1.4797236,-1.4797229,2.9594288,9.766115,0.397656471
0.023976777,-1.4797336,-1.4797336,-1.4797292,-1.4797292,-1.4797237,-1.4797243,2.9594288,9.766115,0.397945492
0.023986777,-1.4797313,-1.4797313,-1.4797301,-1.4797301,-1.4797236,-1.4797229,2.9594288,9.766115,0.398234514
0.023996777,-1.4797336,-1.4797336,-1.4797292,-1.4797292,-1.4797237,-1.4797243,2.9594288,9.766115,0.398523535
0.024006777,-1.4797313,-1.4797313,-1.4797301,-1.4797301,-1.4797236,-1.4797229,2.9594288,9.766115,0.398812556
0.024016777,-1.4797336,-1.4797336,-1.4797292,-1.4797292,-1.4797237,-1.4797243,2.9594288,9.766115,0.399101577
0.024026777,-1.4797313,-1.4797313,-1.4797301,-1.4797301,-1.4797236,-1.4797229,2.9594288,9.766115,0.399390599
0.024036777,-1.4797336,-1.4797336,-1.4797292,-1.4797292,-1.4797237,-1.4797243,2.9594288,9.766115,0.39967962
0.024046777,-1.4797313,-1.4797313,-1.4797301,-1.4797301,-1.4797236,-1.4797229,2.9594288,9.766115,0.399968641
0.024056777,-1.4797336,-1.4797336,-1.4797292,-1.4797292,-1.4797237,-1.4797243,2.9594288,9.766115,0.400257662
0.024066777,-1.4797313,-1.4797313,-1.4797301,-1.4797301,-1.4797236,-1.4797229,2.9594288,9.766115,0.400546683
0.024076777,-1.4797336,-1.4797336,-1.4797292,-1.4797292,-1.4797237,-1.4797243,2.9594288,9.766115,0.400835705
0.024086777,-1.4797313,-1.4797313,-1.4797301,-1.4797301,-1.4797236,-1.4797229,2.9594288,9.766115,0.401124726
0.024096777,-1.4797336,-1.4797336,-1.4797292,-1.4797292,-1.4797237,-1.4797243,2.9594288,9.766115,0.401413747
0.024106777,-1.4797313,-1.4797313,-1.4797301,-1.4797301,-1.4797236,-1.4797229,2.9594288,9.766115,0.401702768
0.024116777,-1.4797336,-1.4797336,-1.4797292,-1.4797292,-1.4797237,-1.4797243,2.9594288,9.766115,0.40199179
0.024126777,-1.4797313,-1.4797313,-1.4797301,-1.4797301,-1.4797236,-1.4797229,2.9594288,9.766115,0.402280811
0.024136777,-1.4797336,-1.4797336,-1.4797292,-1.4797292,-1.4797237,-1.4797243,2.9594288,9.766115,0.402569832
0.024146777,-1.4797313,-1.4797313,-1.4797301,-1.4797301,-1.4797236,-1.4797229,2.9594288,9.766115,0.402858853
0.024156777,-1.4797336,-1.4797336,-1.4797292,-1.4797292,-1.4797237,-1.4797243,2.9594288,9.766115,0.403147874
0.024166777,-1.4797313,-1.4797313,-1.4797301,-1.4797301,-1.4797236,-1.4797229,2.9594288,9.766115,0.403436896
0.024176777,-1.4797336,-1.4797336,-1.4797292,-1.4797292,-1.4797237,-1.4797243,2.9594288,9.766115,0.403725917
0.024186777,-1.4797313,-1.4797313,-1.4797301,-1.4797301,-1.4797236,-1.4797229,2.9594288,9.766115,0.404014938
0.024196777,-1.4797336,-1.4797336,-1.4797292,-1.4797292,-1.4797237,-1.4797243,2.9594288,9.766115,0.404303959
0.024206777,-1.4797313,-1.4797313,-1.4797301,-1.4797301,-1.4797236,-1.4797229,2.9594288,9.766115,0.404592981
0.024216777,-1.4797336,-1.4797336,-1.4797292,-1.4797292,-1.4797237,-1.4797243,2.9594288,9.766115,0.404882002
0.024226777,-1.4797313,-1.4797313,-1.4797301,-1.4797301,-1.4797236,-1.4797229,2.9594288,9.766115,0.405171023
0.024236777,-1.4797336,-1.4797336,-1.4797292,-1.4797292,-1.4797237,-1.4797243,2.9594288,9.766115,0.405460044
0.024246777,-1.4797313,-1.4797313,-1.4797301,-1.4797301,-1.4797236,-1.4797229,2.9594288,9.766115,0.405749065
0.024256777,-1.4797336,-1.4797336,-1.4797292,-1.4797292,-1.4797237,-1.4797243,2.9594288,9.766115,0.406038087
0.024266777,-1.4797313,-1.4797313,-1.4797301,-1.4797301,-1.4797236,-1.4797229,2.9594288,9.766115,0.406327108
0.024276777,-1.4797336,-1.4797336,-1.4797292,-1.4797292,-1.4797237,-1.4797243,2.9594288,9.766115,0.406616129
0.024286777,-1.4797313,-1.4797313,-1.4797301,-1.4797301,-1.4797236,-1.4797229,2.9594288,9.766115,0.40690515
0.024296777,-1.4797336,-1.4797336,-1.4797292,-1.4797292,-1.4797237,-1.4797243,2.9594288,9.766115,0.407194172
0.024306777,-1.4797313,-1.4797313,-1.4797301,-1.4797301,-1.4797236,-1.4797229,2.9594288,9.766115,0.407483193
0.024316777,-1.4797336,-1.4797336,-1.4797292,-1.4797292,-1.4797237,-1.4797243,2.9594288,9.766115,0.407772214
0.024326777,-1.4797313,-1.4797313,-1.4797301,-1.4797301,-1.4797236,-1.4797229,2.9594288,9.766115,0.408061235
0.024336777,-1.4797336,-1.4797336,-1.4797292,-1.4797292,-1.4797237,-1.4797243,2.9594288,9.766115,0.408350256
0.024346777,-1.4797313,-1.4797313,-1.4797301,-1.4797301,-1.4797236,-1.4797229,2.9594288,9.766115,0.408639278
0.024356777,-1.4797336,-1.4797336,-1.4797292,-1.4797292,-1.4797237,-1.4797243,2.9594288,9.766115,0.408928299
0.024366777,-1.4797313,-1.4797313,-1.4797301,-1.4797301,-1.4797236,-1.4797229,2.9594288,9.766115,0.40921732
0.024376777,-1.4797336,-1.4797336,-1.4797292,-1.4797292,-1.4797237,-1.4797243,2.9594288,9.766115,0.409506341
0.024386777,-1.4797313,-1.4797313,-1.4797301,-1.4797301,-1.4797236,-1.4797229,2.9594288,9.766115,0.409795363
0.024396777,-1.4797336,-1.4797336,-1.4797292,-1.4797292,-1.4797237,-1.4797243,2.9594288,9.766115,0.410084384
0.024406777,-1.4797313,-1.4797313,-1.4797301,-1.4797301,-1.4797236,-1.4797229,2.9594288,9.766115,0.410373405
0.024416777,-1.4797336,-1.4797336,-1.4797292,-1.4797292,-1.4797237,-1.4797243,2.9594288,9.766115,0.410662426
0.024426777,-1.4797313,-1.4797313,-1.4797301,-1.4797301,-1.4797236,-1.4797229,2.9594288,9.766115,0.410951448
0.024436777,-1.4797336,-1.4797336,-1.4797292,-1.4797292,-1.4797237,-1.4797243,2.9594288,9.766115,0.411240469
0.024446777,-1.4797313,-1.4797313,-1.4797301,-1.4797301,-1.4797236,-1.4797229,2.9594288,9.766115,0.41152949
0.024456777,-1.4797336,-1.4797336,-1.4797292,-1.4797292,-1.4797237,-1.4797243,2.9594288,9.766115,0.411818511
0.024466777,-1.4797313,-1.4797313,-1.4797301,-1.4797301,-1.4797236,-1.4797229,2.9594288,9.766115,0.412107532
0.024476777,-1.4797336,-1.4797336,-1.4797292,-1.4797292,-1.4797237,-1.4797243,2.9594288,9.766115,0.412396554
0.024486777,-1.4797313,-1.4797313,-1.4797301,-1.4797301,-1.4797236,-1.4797229,2.9594288,9.766115,0.412685575
0.024496777,-1.4797336,-1.4797336,-1.4797292,-1.4797292,-1.4797237,-1.4797243,2.9594288,9.766115,0.412974596
0.024506777,-1.4797313,-1.4797313,-1.4797301,-1.4797301,-1.4797236,-1.4797229,2.9594288,9.766115,0.413263617
0.024516777,-1.4797336,-1.4797336,-1.4797292,-1.4797292,-1.4797237,-1.4797243,2.9594288,9.766115,0.413552639
0.024526777,-1.4797313,-1.4797313,-1.4797301,-1.4797301,-1.4797236,-1.4797229,2.9594288,9.766115,0.41384166
0.024536777,-1.4797336,-1.4797336,-1.4797292,-1.4797292,-1.4797237,-1.4797243,2.9594288,9.766115,0.414130681
0.024546777,-1.4797313,-1.4797313,-1.4797301,-1.4797301,-1.4797236,-1.4797229,2.9594288,9.766115,0.414419702
0.024556777,-1.4797336,-1.4797336,-1.4797292,-1.4797292,-1.4797237,-1.4797243,2.9594288,9.766115,0.414708723
0.024566777,-1.4797313,-1.4797313,-1.4797301,-1.4797301,-1.4797236,-1.4797229,2.9594288,9.766115,0.414997745
0.024576777,-1.4797336,-1.4797336,-1.4797292,-1.4797292,-1.4797237,-1.4797243,2.9594288,9.766115,0.415286766
0.024586777,-1.4797313,-1.4797313,-1.4797301,-1.4797301,-1.4797236,-1.4797229,2.9594288,9.766115,0.415575787
0.024596777,-1.4797336,-1.4797336,-1.4797292,-1.4797292,-1.4797237,-1.4797243,2.9594288,9.766115,0.415864808
0.024606777,-1.4797313,-1.4797313,-1.4797301,-1.4797301,-1.4797236,-1.4797229,2.9594288,9.766115,0.41615383
0.024616777,-1.4797336,-1.4797336,-1.4797292,-1.4797292,-1.4797237,-1.4797243,2.9594288,9.766115,0.416442851
0.024626777,-1.4797313,-1.4797313,-1.4797301,-1.4797301,-1.4797236,-1.4797229,2.9594288,9.766115,0.416731872
0.024636777,-1.4797336,-1.4797336,-1.4797292,-1.4797292,-1.4797237,-1.4797243,2.9594288,9.766115,0.417020893
0.024646777,-1.4797313,-1.4797313,-1.4797301,-1.4797301,-1.4797236,-1.4797229,2.9594288,9.766115,0.417309914
0.024656777,-1.4797336,-1.4797336,-1.4797292,-1.4797292,-1.4797237,-1.4797243,2.9594288,9.766115,0.417598936
0.024666777,-1.4797313,-1.4797313,-1.4797301,-1.4797301,-1.4797236,-1.4797229,2.9594288,9.766115,0.417887957
0.024676777,-1.4797336,-1.4797336,-1.4797292,-1.4797292,-1.4797237,-1.4797243,2.9594288,9.766115,0.418176978
0.024686777,-1.4797313,-1.4797313,-1.4797301,-1.4797301,-1.4797236,-1.4797229,2.9594288,9.766115,0.418465999
0.024696777,-1.4797336,-1.4797336,-1.4797292,-1.4797292,-1.4797237,-1.4797243,2.9594288,9.766115,0.418755021
0.024706777,-1.4797313,-1.4797313,-1.4797301,-1.4797301,-1.4797236,-1.4797229,2.9594288,9.766115,0.419044042
0.024716777,-1.4797336,-1.4797336,-1.4797292,-1.4797292,-1.4797237,-1.4797243,2.9594288,9.766115,0.419333063
0.024726777,-1.4797313,-1.4797313,-1.4797301,-1.4797301,-1.4797236,-1.4797229,2.9594288,9.766115,0.419622084
0.024736777,-1.4797336,-1.4797336,-1.4797292,-1.4797292,-1.4797237,-1.4797243,2.9594288,9.766115,0.419911105
0.024746777,-1.4797313,-1.4797313,-1.4797301,-1.4797301,-1.4797236,-1.4797229,2.9594288,9.766115,0.420200127
0.024756777,-1.4797336,-1.4797336,-1.4797292,-1.4797292,-1.4797237,-1.4797243,2.9594288,9.766115,0.420489148
0.024766777,-1.4797313,-1.4797313,-1.4797301,-1.4797301,-1.4797236,-1.4797229,2.9594288,9.766115,0.420778169
0.024776777,-1.4797336,-1.4797336,-1.4797292,-1.4797292,-1.4797237,-1.4797243,2.9594288,9.766115,0.42106719
0.024786777,-1.4797313,-1.4797313,-1.4797301,-1.4797301,-1.4797236,-1.4797229,2.9594288,9.766115,0.421356212
0.024796777,-1.4797336,-1.4797336,-1.4797292,-1.4797292,-1.4797237,-1.4797243,2.9594288,9.766115,0.421645233
0.024806777,-1.4797313,-1.4797313,-1.4797301,-1.4797301,-1.4797236,-1.4797229,2.9594288,9.766115,0.421934254
0.024816777,-1.4797336,-1.4797336,-1.4797292,-1.4797292,-1.4797237,-1.4797243,2.9594288,9.766115,0.422223275
0.024826777,-1.4797313,-1.4797313,-1.4797301,-1.4797301,-1.4797236,-1.4797229,2.9594288,9.766115,0.422512297
0.024836777,-1.4797336,-1.4797336,-1.4797292,-1.4797292,-1.4797237,-1.4797243,2.9594288,9.766115,0.422801318
0.024846777,-1.4797313,-1.4797313,-1.4797301,-1.4797301,-1.4797236,-1.4797229,2.9594288,9.766115,0.423090339
0.024856777,-1.4797336,-1.4797336,-1.4797292,-1.4797292,-1.4797237,-1.4797243,2.9594288,9.766115,0.42337936
0.024866777,-1.4797313,-1.4797313,-1.4797301,-1.4797301,-1.4797236,-1.4797229,2.9594288,9.766115,0.423668381
0.024876777,-1.4797336,-1.4797336,-1.4797292,-1.4797292,-1.4797237,-1.4797243,2.9594288,9.766115,0.423957403
0.024886777,-1.4797313,-1.4797313,-1.4797301,-1.4797301,-1.4797236,-1.4797229,2.9594288,9.766115,0.424246424
0.024896777,-1.4797336,-1.4797336,-1.4797292,-1.4797292,-1.4797237,-1.4797243,2.9594288,9.766115,0.424535445
0.024906777,-1.4797313,-1.4797313,-1.4797301,-1.4797301,-1.4797236,-1.4797229,2.9594288,9.766115,0.424824466
0.024916777,-1.4797336,-1.4797336,-1.4797292,-1.4797292,-1.4797237,-1.4797243,2.9594288,9.766115,0.425113488
0.024926777,-1.4797313,-1.4797313,-1.4797301,-1.4797301,-1.4797236,-1.4797229,2.9594288,9.766115,0.425402509
0.024936777,-1.4797336,-1.4797336,-1.4797292,-1.4797292,-1.4797237,-1.4797243,2.9594288,9.766115,0.42569153
0.024946777,-1.4797313,-1.4797313,-1.4797301,-1.4797301,-1.4797236,-1.4797229,2.9594288,9.766115,0.425980551
0.024956777,-1.4797336,-1.4797336,-1.4797292,-1.4797292,-1.4797237,-1.4797243,2.9594288,9.766115,0.426269572
0.024966777,-1.4797313,-1.4797313,-1.4797301,-1.4797301,-1.4797236,-1.4797229,2.9594288,9.766115,0.426558594
0.024976777,-1.4797336,-1.4797336,-1.4797292,-1.4797292,-1.4797237,-1.4797243,2.9594288,9.766115,0.426847615
0.024986777,-1.4797313,-1.4797313,-1.4797301,-1.4797301,-1.4797236,-1.4797229,2.9594288,9.766115,0.427136636
0.024996777,-1.4797336,-1.4797336,-1.4797292,-1.4797292,-1.4797237,-1.4797243,2.9594288,9.766115,0.427425657
0.025006777,-1.4797313,-1.4797313,-1.4797301,-1.4797301,-1.4797236,-1.4797229,2.9594288,9.766115,0.427714679
0.025016777,-1.4797336,-1.4797336,-1.4797292,-1.4797292,-1.4797237,-1.4797243,2.9594288,9.766115,0.4280037
0.025026777,-1.4797313,-1.4797313,-1.4797301,-1.4797301,-1.4797236,-1.4797229,2.9594288,9.766115,0.428292721
0.025036777,-1.4797336,-1.4797336,-1.4797292,-1.4797292,-1.4797237,-1.4797243,2.9594288,9.766115,0.428581742
0.025046777,-1.4797313,-1.4797313,-1.4797301,-1.4797301,-1.4797236,-1.4797229,2.9594288,9.766115,0.428870763
0.025056777,-1.4797336,-1.4797336,-1.4797292,-1.4797292,-1.4797237,-1.4797243,2.9594288,9.766115,0.429159785
0.025066777,-1.4797313,-1.4797313,-1.4797301,-1.4797301,-1.4797236,-1.4797229,2.9594288,9.766115,0.429448806
0.025076777,-1.4797336,-1.4797336,-1.4797292,-1.4797292,-1.4797237,-1.4797243,2.9594288,9.766115,0.429737827
0.025086777,-1.4797313,-1.4797313,-1.4797301,-1.4797301,-1.4797236,-1.4797229,2.9594288,9.766115,0.430026848
0.025096777,-1.4797336,-1.4797336,-1.4797292,-1.4797292,-1.4797237,-1.4797243,2.9594288,9.766115,0.43031587
0.025106777,-1.4797313,-1.4797313,-1.4797301,-1.4797301,-1.4797236,-1.4797229,2.9594288,9.766115,0.430604891
0.025116777,-1.4797336,-1.4797336,-1.4797292,-1.4797292,-1.4797237,-1.4797243,2.9594288,9.766115,0.430893912
0.025126777,-1.4797313,-1.4797313,-1.4797301,-1.4797301,-1.4797236,-1.4797229,2.9594288,9.766115,0.431182933
0.025136777,-1.4797336,-1.4797336,-1.4797292,-1.4797292,-1.4797237,-1.4797243,2.9594288,9.766115,0.431471954
0.025146777,-1.4797313,-1.4797313,-1.4797301,-1.4797301,-1.4797236,-1.4797229,2.9594288,9.766115,0.431760976
0.025156777,-1.4797336,-1.4797336,-1.4797292,-1.4797292,-1.4797237,-1.4797243,2.9594288,9.766115,0.432049997
0.025166777,-1.4797313,-1.4797313,-1.4797301,-1.4797301,-1.4797236,-1.4797229,2.9594288,9.766115,0.432339018
0.025176777,-1.4797336,-1.4797336,-1.4797292,-1.4797292,-1.4797237,-1.4797243,2.9594288,9.766115,0.432628039
0.025186777,-1.4797313,-1.4797313,-1.4797301,-1.4797301,-1.4797236,-1.4797229,2.9594288,9.766115,0.432917061
0.025196777,-1.4797336,-1.4797336,-1.4797292,-1.4797292,-1.4797237,-1.4797243,2.9594288,9.766115,0.433206082
0.025206777,-1.4797313,-1.4797313,-1.4797301,-1.4797301,-1.4797236,-1.4797229,2.9594288,9.766115,0.433495103
0.025216777,-1.4797336,-1.4797336,-1.4797292,-1.4797292,-1.4797237,-1.4797243,2.9594288,9.766115,0.433784124
0.025226777,-1.4797313,-1.4797313,-1.4797301,-1.4797301,-1.4797236,-1.4797229,2.9594288,9.766115,0.434073145
0.025236777,-1.4797336,-1.4797336,-1.4797292,-1.4797292,-1.4797237,-1.4797243,2.9594288,9.766115,0.434362167
0.025246777,-1.4797313,-1.4797313,-1.4797301,-1.4797301,-1.4797236,-1.4797229,2.9594288,9.766115,0.434651188
0.025256777,-1.4797336,-1.4797336,-1.4797292,-1.4797292,-1.4797237,-1.4797243,2.9594288,9.766115,0.434940209
0.025266777,-1.4797313,-1.4797313,-1.4797301,-1.4797301,-1.4797236,-1.4797229,2.9594288,9.766115,0.43522923
0.025276777,-1.4797336,-1.4797336,-1.4797292,-1.4797292,-1.4797237,-1.4797243,2.9594288,9.766115,0.435518252
0.025286777,-1.4797313,-1.4797313,-1.4797301,-1.4797301,-1.4797236,-1.4797229,2.9594288,9.766115,0.435807273
0.025296777,-1.4797336,-1.4797336,-1.4797292,-1.4797292,-1.4797237,-1.4797243,2.9594288,9.766115,0.436096294
0.025306777,-1.4797313,-1.4797313,-1.4797301,-1.4797301,-1.4797236,-1.4797229,2.9594288,9.766115,0.436385315
0.025316777,-1.4797336,-1.4797336,-1.4797292,-1.4797292,-1.4797237,-1.4797243,2.9594288,9.766115,0.436674337
0.025326777,-1.4797313,-1.4797313,-1.4797301,-1.4797301,-1.4797236,-1.4797229,2.9594288,9.766115,0.436963358
0.025336777,-1.4797336,-1.4797336,-1.4797292,-1.4797292,-1.4797237,-1.4797243,2.9594288,9.766115,0.437252379
0.025346777,-1.4797313,-1.4797313,-1.4797301,-1.4797301,-1.4797236,-1.4797229,2.9594288,9.766115,0.4375414
0.025356777,-1.4797336,-1.4797336,-1.4797292,-1.4797292,-1.4797237,-1.4797243,2.9594288,9.766115,0.437830421
0.025366777,-1.4797313,-1.4797313,-1.4797301,-1.4797301,-1.4797236,-1.4797229,2.9594288,9.766115,0.438119443
0.025376777,-1.4797336,-1.4797336,-1.4797292,-1.4797292,-1.4797237,-1.4797243,2.9594288,9.766115,0.438408464
0.025386777,-1.4797313,-1.4797313,-1.4797301,-1.4797301,-1.4797236,-1.4797229,2.9594288,9.766115,0.438697485
0.025396777,-1.4797336,-1.4797336,-1.4797292,-1.4797292,-1.4797237,-1.4797243,2.9594288,9.766115,0.438986506
0.025406777,-1.4797313,-1.4797313,-1.4797301,-1.4797301,-1.4797236,-1.4797229,2.9594288,9.766115,0.439275528
0.025416777,-1.4797336,-1.4797336,-1.4797292,-1.4797292,-1.4797237,-1.4797243,2.9594288,9.766115,0.439564549
0.025426777,-1.4797313,-1.4797313,-1.4797301,-1.4797301,-1.4797236,-1.4797229,2.9594288,9.766115,0.43985357
0.025436777,-1.4797336,-1.4797336,-1.4797292,-1.4797292,-1.4797237,-1.4797243,2.9594288,9.766115,0.440142591
0.025446777,-1.4797313,-1.4797313,-1.4797301,-1.4797301,-1.4797236,-1.4797229,2.9594288,9.766115,0.440431612
0.025456777,-1.4797336,-1.4797336,-1.4797292,-1.4797292,-1.4797237,-1.4797243,2.9594288,9.766115,0.440720634
0.025466777,-1.4797313,-1.4797313,-1.4797301,-1.4797301,-1.4797236,-1.4797229,2.9594288,9.766115,0.441009655
0.025476777,-1.4797336,-1.4797336,-1.4797292,-1.4797292,-1.4797237,-1.4797243,2.9594288,9.766115,0.441298676
0.025486777,-1.4797313,-1.4797313,-1.4797301,-1.4797301,-1.4797236,-1.4797229,2.9594288,9.766115,0.441587697
0.025496777,-1.4797336,-1.4797336,-1.4797292,-1.4797292,-1.4797237,-1.4797243,2.9594288,9.766115,0.441876719
0.025506777,-1.4797313,-1.4797313,-1.4797301,-1.4797301,-1.4797236,-1.4797229,2.9594288,9.766115,0.44216574
0.025516777,-1.4797336,-1.4797336,-1.4797292,-1.4797292,-1.4797237,-1.4797243,2.9594288,9.766115,0.442454761
0.025526777,-1.4797313,-1.4797313,-1.4797301,-1.4797301,-1.4797236,-1.4797229,2.9594288,9.766115,0.442743782
0.025536777,-1.4797336,-1.4797336,-1.4797292,-1.4797292,-1.4797237,-1.4797243,2.9594288,9.766115,0.443032803
0.025546777,-1.4797313,-1.4797313,-1.4797301,-1.4797301,-1.4797236,-1.4797229,2.9594288,9.766115,0.443321825
0.025556777,-1.4797336,-1.4797336,-1.4797292,-1.4797292,-1.4797237,-1.4797243,2.9594288,9.766115,0.443610846
0.025566777,-1.4797313,-1.4797313,-1.4797301,-1.4797301,-1.4797236,-1.4797229,2.9594288,9.766115,0.443899867
0.025576777,-1.4797336,-1.4797336,-1.4797292,-1.4797292,-1.4797237,-1.4797243,2.9594288,9.766115,0.444188888
0.025586777,-1.4797313,-1.4797313,-1.4797301,-1.4797301,-1.4797236,-1.4797229,2.9594288,9.766115,0.44447791
0.025596777,-1.4797336,-1.4797336,-1.4797292,-1.4797292,-1.4797237,-1.4797243,2.9594288,9.766115,0.444766931
0.025606777,-1.4797313,-1.4797313,-1.4797301,-1.4797301,-1.4797236,-1.4797229,2.9594288,9.766115,0.445055952
0.025616777,-1.4797336,-1.4797336,-1.4797292,-1.4797292,-1.4797237,-1.4797243,2.9594288,9.766115,0.445344973
0.025626777,-1.4797313,-1.4797313,-1.4797301,-1.4797301,-1.4797236,-1.4797229,2.9594288,9.766115,0.445633994
0.025636777,-1.4797336,-1.4797336,-1.4797292,-1.4797292,-1.4797237,-1.4797243,2.9594288,9.766115,0.445923016
0.025646777,-1.4797313,-1.4797313,-1.4797301,-1.4797301,-1.4797236,-1.4797229,2.9594288,9.766115,0.446212037
0.025656777,-1.4797336,-1.4797336,-1.4797292,-1.4797292,-1.4797237,-1.4797243,2.9594288,9.766115,0.446501058
0.025666777,-1.4797313,-1.4797313,-1.4797301,-1.4797301,-1.4797236,-1.4797229,2.9594288,9.766115,0.446790079
0.025676777,-1.4797336,-1.4797336,-1.4797292,-1.4797292,-1.4797237,-1.4797243,2.9594288,9.766115,0.447079101
0.025686777,-1.4797313,-1.4797313,-1.4797301,-1.4797301,-1.4797236,-1.4797229,2.9594288,9.766115,0.447368122
0.025696777,-1.4797336,-1.4797336,-1.4797292,-1.4797292,-1.4797237,-1.4797243,2.9594288,9.766115,0.447657143
0.025706777,-1.4797313,-1.4797313,-1.4797301,-1.4797301,-1.4797236,-1.4797229,2.9594288,9.766115,0.447946164
0.025716777,-1.4797336,-1.4797336,-1.4797292,-1.4797292,-1.4797237,-1.4797243,2.9594288,9.766115,0.448235186
0.025726777,-1.4797313,-1.4797313,-1.4797301,-1.4797301,-1.4797236,-1.4797229,2.9594288,9.766115,0.448524207
0.025736777,-1.4797336,-1.4797336,-1.4797292,-1.4797292,-1.4797237,-1.4797243,2.9594288,9.766115,0.448813228
0.025746777,-1.4797313,-1.4797313,-1.4797301,-1.4797301,-1.4797236,-1.4797229,2.9594288,9.766115,0.449102249
0.025756777,-1.4797336,-1.4797336,-1.4797292,-1.4797292,-1.4797237,-1.4797243,2.9594288,9.766115,0.44939127
0.025766777,-1.4797313,-1.4797313,-1.4797301,-1.4797301,-1.4797236,-1.4797229,2.9594288,9.766115,0.449680292
0.025776777,-1.4797336,-1.4797336,-1.4797292,-1.4797292,-1.4797237,-1.4797243,2.9594288,9.766115,0.449969313
0.025786777,-1.4797313,-1.4797313,-1.4797301,-1.4797301,-1.4797236,-1.4797229,2.9594288,9.766115,0.450258334
0.025796777,-1.4797336,-1.4797336,-1.4797292,-1.4797292,-1.4797237,-1.4797243,2.9594288,9.766115,0.450547355
0.025806777,-1.4797313,-1.4797313,-1.4797301,-1.4797301,-1.4797236,-1.4797229,2.9594288,9.766115,0.450836377
0.025816777,-1.4797336,-1.4797336,-1.4797292,-1.4797292,-1.4797237,-1.4797243,2.9594288,9.766115,0.451125398
0.025826777,-1.4797313,-1.4797313,-1.4797301,-1.4797301,-1.4797236,-1.4797229,2.9594288,9.766115,0.451414419
0.025836777,-1.4797336,-1.4797336,-1.4797292,-1.4797292,-1.4797237,-1.4797243,2.9594288,9.766115,0.45170344
0.025846777,-1.4797313,-1.4797313,-1.4797301,-1.4797301,-1.4797236,-1.4797229,2.9594288,9.766115,0.451992461
0.025856777,-1.4797336,-1.4797336,-1.4797292,-1.4797292,-1.4797237,-1.4797243,2.9594288,9.766115,0.452281483
0.025866777,-1.4797313,-1.4797313,-1.4797301,-1.4797301,-1.4797236,-1.4797229,2.9594288,9.766115,0.452570504
0.025876777,-1.4797336,-1.4797336,-1.4797292,-1.4797292,-1.4797237,-1.4797243,2.9594288,9.766115,0.452859525
0.025886777,-1.4797313,-1.4797313,-1.4797301,-1.4797301,-1.4797236,-1.4797229,2.9594288,9.766115,0.453148546
0.025896777,-1.4797336,-1.4797336,-1.4797292,-1.4797292,-1.4797237,-1.4797243,2.9594288,9.766115,0.453437568
0.025906777,-1.4797313,-1.4797313,-1.4797301,-1.4797301,-1.4797236,-1.4797229,2.9594288,9.766115,0.453726589
0.025916777,-1.4797336,-1.4797336,-1.4797292,-1.4797292,-1.4797237,-1.4797243,2.9594288,9.766115,0.45401561
0.025926777,-1.4797313,-1.4797313,-1.4797301,-1.4797301,-1.4797236,-1.4797229,2.9594288,9.766115,0.454304631
0.025936777,-1.4797336,-1.4797336,-1.4797292,-1.4797292,-1.4797237,-1.4797243,2.9594288,9.766115,0.454593652
0.025946777,-1.4797313,-1.4797313,-1.4797301,-1.4797301,-1.4797236,-1.4797229,2.9594288,9.766115,0.454882674
0.025956777,-1.4797336,-1.4797336,-1.4797292,-1.4797292,-1.4797237,-1.4797243,2.9594288,9.766115,0.455171695
0.025966777,-1.4797313,-1.4797313,-1.4797301,-1.4797301,-1.4797236,-1.4797229,2.9594288,9.766115,0.455460716
0.025976777,-1.4797336,-1.4797336,-1.4797292,-1.4797292,-1.4797237,-1.4797243,2.9594288,9.766115,0.455749737
0.025986777,-1.4797313,-1.4797313,-1.4797301,-1.4797301,-1.4797236,-1.4797229,2.9594288,9.766115,0.456038759
0.025996777,-1.4797336,-1.4797336,-1.4797292,-1.4797292,-1.4797237,-1.4797243,2.9594288,9.766115,0.45632778
0.026006777,-1.4797313,-1.4797313,-1.4797301,-1.4797301,-1.4797236,-1.4797229,2.9594288,9.766115,0.456616801
0.026016777,-1.4797336,-1.4797336,-1.4797292,-1.4797292,-1.4797237,-1.4797243,2.9594288,9.766115,0.456905822
0.026026777,-1.4797313,-1.4797313,-1.4797301,-1.4797301,-1.4797236,-1.4797229,2.9594288,9.766115,0.457194843
0.026036777,-1.4797336,-1.4797336,-1.4797292,-1.4797292,-1.4797237,-1.4797243,2.9594288,9.766115,0.457483865
0.026046777,-1.4797313,-1.4797313,-1.4797301,-1.4797301,-1.4797236,-1.4797229,2.9594288,9.766115,0.457772886
0.026056777,-1.4797336,-1.4797336,-1.4797292,-1.4797292,-1.4797237,-1.4797243,2.9594288,9.766115,0.458061907
0.026066777,-1.4797313,-1.4797313,-1.4797301,-1.4797301,-1.4797236,-1.4797229,2.9594288,9.766115,0.458350928
0.026076777,-1.4797336,-1.4797336,-1.4797292,-1.4797292,-1.4797237,-1.4797243,2.9594288,9.766115,0.45863995
0.026086777,-1.4797313,-1.4797313,-1.4797301,-1.4797301,-1.4797236,-1.4797229,2.9594288,9.766115,0.458928971
0.026096777,-1.4797336,-1.4797336,-1.4797292,-1.4797292,-1.4797237,-1.4797243,2.9594288,9.766115,0.459217992
0.026106777,-1.4797313,-1.4797313,-1.4797301,-1.4797301,-1.4797236,-1.4797229,2.9594288,9.766115,0.459507013
0.026116777,-1.4797336,-1.4797336,-1.4797292,-1.4797292,-1.4797237,-1.4797243,2.9594288,9.766115,0.459796035
0.026126777,-1.4797313,-1.4797313,-1.4797301,-1.4797301,-1.4797236,-1.4797229,2.9594288,9.766115,0.460085056
0.026136777,-1.4797336,-1.4797336,-1.4797292,-1.4797292,-1.4797237,-1.4797243,2.9594288,9.766115,0.460374077
0.026146777,-1.4797313,-1.4797313,-1.4797301,-1.4797301,-1.4797236,-1.4797229,2.9594288,9.766115,0.460663098
0.026156777,-1.4797336,-1.4797336,-1.4797292,-1.4797292,-1.4797237,-1.4797243,2.9594288,9.766115,0.460952119
0.026166777,-1.4797313,-1.4797313,-1.4797301,-1.4797301,-1.4797236,-1.4797229,2.9594288,9.766115,0.461241141
0.026176777,-1.4797336,-1.4797336,-1.4797292,-1.4797292,-1.4797237,-1.4797243,2.9594288,9.766115,0.461530162
0.026186777,-1.4797313,-1.4797313,-1.4797301,-1.4797301,-1.4797236,-1.4797229,2.9594288,9.766115,0.461819183
0.026196777,-1.4797336,-1.4797336,-1.4797292,-1.4797292,-1.4797237,-1.4797243,2.9594288,9.766115,0.462108204
0.026206777,-1.4797313,-1.4797313,-1.4797301,-1.4797301,-1.4797236,-1.4797229,2.9594288,9.766115,0.462397226
0.026216777,-1.4797336,-1.4797336,-1.4797292,-1.4797292,-1.4797237,-1.4797243,2.9594288,9.766115,0.462686247
0.026226777,-1.4797313,-1.4797313,-1.4797301,-1.4797301,-1.4797236,-1.4797229,2.9594288,9.766115,0.462975268
0.026236777,-1.4797336,-1.4797336,-1.4797292,-1.4797292,-1.4797237,-1.4797243,2.9594288,9.766115,0.463264289
0.026246777,-1.4797313,-1.4797313,-1.4797301,-1.4797301,-1.4797236,-1.4797229,2.9594288,9.766115,0.46355331
0.026256777,-1.4797336,-1.4797336,-1.4797292,-1.4797292,-1.4797237,-1.4797243,2.9594288,9.766115,0.463842332
0.026266777,-1.4797313,-1.4797313,-1.4797301,-1.4797301,-1.4797236,-1.4797229,2.9594288,9.766115,0.464131353
0.026276777,-1.4797336,-1.4797336,-1.4797292,-1.4797292,-1.4797237,-1.4797243,2.9594288,9.766115,0.464420374
0.026286777,-1.4797313,-1.4797313,-1.4797301,-1.4797301,-1.4797236,-1.4797229,2.9594288,9.766115,0.464709395
0.026296777,-1.4797336,-1.4797336,-1.4797292,-1.4797292,-1.4797237,-1.4797243,2.9594288,9.766115,0.464998417
0.026306777,-1.4797313,-1.4797313,-1.4797301,-1.4797301,-1.4797236,-1.4797229,2.9594288,9.766115,0.465287438
0.026316777,-1.4797336,-1.4797336,-1.4797292,-1.4797292,-1.4797237,-1.4797243,2.9594288,9.766115,0.465576459
0.026326777,-1.4797313,-1.4797313,-1.4797301,-1.4797301,-1.4797236,-1.4797229,2.9594288,9.766115,0.46586548
0.026336777,-1.4797336,-1.4797336,-1.4797292,-1.4797292,-1.4797237,-1.4797243,2.9594288,9.766115,0.466154501
0.026346777,-1.4797313,-1.4797313,-1.4797301,-1.4797301,-1.4797236,-1.4797229,2.9594288,9.766115,0.466443523
0.026356777,-1.4797336,-1.4797336,-1.4797292,-1.4797292,-1.4797237,-1.4797243,2.9594288,9.766115,0.466732544
0.026366777,-1.4797313,-1.4797313,-1.4797301,-1.4797301,-1.4797236,-1.4797229,2.9594288,9.766115,0.467021565
0.026376777,-1.4797336,-1.4797336,-1.4797292,-1.4797292,-1.4797237,-1.4797243,2.9594288,9.766115,0.467310586
0.026386777,-1.4797313,-1.4797313,-1.4797301,-1.4797301,-1.4797236,-1.4797229,2.9594288,9.766115,0.467599608
0.026396777,-1.4797336,-1.4797336,-1.4797292,-1.4797292,-1.4797237,-1.4797243,2.9594288,9.766115,0.467888629
0.026406777,-1.4797313,-1.4797313,-1.4797301,-1.4797301,-1.4797236,-1.4797229,2.9594288,9.766115,0.46817765
0.026416777,-1.4797336,-1.4797336,-1.4797292,-1.4797292,-1.4797237,-1.4797243,2.9594288,9.766115,0.468466671
0.026426777,-1.4797313,-1.4797313,-1.4797301,-1.4797301,-1.4797236,-1.4797229,2.9594288,9.766115,0.468755692
0.026436777,-1.4797336,-1.4797336,-1.4797292,-1.4797292,-1.4797237,-1.4797243,2.9594288,9.766115,0.469044714
0.026446777,-1.4797313,-1.4797313,-1.4797301,-1.4797301,-1.4797236,-1.4797229,2.9594288,9.766115,0.469333735
0.026456777,-1.4797336,-1.4797336,-1.4797292,-1.4797292,-1.4797237,-1.4797243,2.9594288,9.766115,0.469622756
0.026466777,-1.4797313,-1.4797313,-1.4797301,-1.4797301,-1.4797236,-1.4797229,2.9594288,9.766115,0.469911777
0.026476777,-1.4797336,-1.4797336,-1.4797292,-1.4797292,-1.4797237,-1.4797243,2.9594288,9.766115,0.470200799
0.026486777,-1.4797313,-1.4797313,-1.4797301,-1.4797301,-1.4797236,-1.4797229,2.9594288,9.766115,0.47048982
0.026496777,-1.4797336,-1.4797336,-1.4797292,-1.4797292,-1.4797237,-1.4797243,2.9594288,9.766115,0.470778841
0.026506777,-1.4797313,-1.4797313,-1.4797301,-1.4797301,-1.4797236,-1.4797229,2.9594288,9.766115,0.471067862
0.026516777,-1.4797336,-1.4797336,-1.4797292,-1.4797292,-1.4797237,-1.4797243,2.9594288,9.766115,0.471356884
0.026526777,-1.4797313,-1.4797313,-1.4797301,-1.4797301,-1.4797236,-1.4797229,2.9594288,9.766115,0.471645905
0.026536777,-1.4797336,-1.4797336,-1.4797292,-1.4797292,-1.4797237,-1.4797243,2.9594288,9.766115,0.471934926
0.026546777,-1.4797313,-1.4797313,-1.4797301,-1.4797301,-1.4797236,-1.4797229,2.9594288,9.766115,0.472223947
0.026556777,-1.4797336,-1.4797336,-1.4797292,-1.4797292,-1.4797237,-1.4797243,2.9594288,9.766115,0.472512968
0.026566777,-1.4797313,-1.4797313,-1.4797301,-1.4797301,-1.4797236,-1.4797229,2.9594288,9.766115,0.47280199
0.026576777,-1.4797336,-1.4797336,-1.4797292,-1.4797292,-1.4797237,-1.4797243,2.9594288,9.766115,0.473091011
0.026586777,-1.4797313,-1.4797313,-1.4797301,-1.4797301,-1.4797236,-1.4797229,2.9594288,9.766115,0.473380032
0.026596777,-1.4797336,-1.4797336,-1.4797292,-1.4797292,-1.4797237,-1.4797243,2.9594288,9.766115,0.473669053
0.026606777,-1.4797313,-1.4797313,-1.4797301,-1.4797301,-1.4797236,-1.4797229,2.9594288,9.766115,0.473958075
0.026616777,-1.4797336,-1.4797336,-1.4797292,-1.4797292,-1.4797237,-1.4797243,2.9594288,9.766115,0.474247096
0.026626777,-1.4797313,-1.4797313,-1.4797301,-1.4797301,-1.4797236,-1.4797229,2.9594288,9.766115,0.474536117
0.026636777,-1.4797336,-1.4797336,-1.4797292,-1.4797292,-1.4797237,-1.4797243,2.9594288,9.766115,0.474825138
0.026646777,-1.4797313,-1.4797313,-1.4797301,-1.4797301,-1.4797236,-1.4797229,2.9594288,9.766115,0.475114159
0.026656777,-1.4797336,-1.4797336,-1.4797292,-1.4797292,-1.4797237,-1.4797243,2.9594288,9.766115,0.475403181
0.026666777,-1.4797313,-1.4797313,-1.4797301,-1.4797301,-1.4797236,-1.4797229,2.9594288,9.766115,0.475692202
0.026676777,-1.4797336,-1.4797336,-1.4797292,-1.4797292,-1.4797237,-1.4797243,2.9594288,9.766115,0.475981223
0.026686777,-1.4797313,-1.4797313,-1.4797301,-1.4797301,-1.4797236,-1.4797229,2.9594288,9.766115,0.476270244
0.026696777,-1.4797336,-1.4797336,-1.4797292,-1.4797292,-1.4797237,-1.4797243,2.9594288,9.766115,0.476559266
0.026706777,-1.4797313,-1.4797313,-1.4797301,-1.4797301,-1.4797236,-1.4797229,2.9594288,9.766115,0.476848287
0.026716777,-1.4797336,-1.4797336,-1.4797292,-1.4797292,-1.4797237,-1.4797243,2.9594288,9.766115,0.477137308
0.026726777,-1.4797313,-1.4797313,-1.4797301,-1.4797301,-1.4797236,-1.4797229,2.9594288,9.766115,0.477426329
0.026736777,-1.4797336,-1.4797336,-1.4797292,-1.4797292,-1.4797237,-1.4797243,2.9594288,9.766115,0.47771535
0.026746777,-1.4797313,-1.4797313,-1.4797301,-1.4797301,-1.4797236,-1.4797229,2.9594288,9.766115,0.478004372
0.026756777,-1.4797336,-1.4797336,-1.4797292,-1.4797292,-1.4797237,-1.4797243,2.9594288,9.766115,0.478293393
0.026766777,-1.4797313,-1.4797313,-1.4797301,-1.4797301,-1.4797236,-1.4797229,2.9594288,9.766115,0.478582414
0.026776777,-1.4797336,-1.4797336,-1.4797292,-1.4797292,-1.4797237,-1.4797243,2.9594288,9.766115,0.478871435
0.026786777,-1.4797313,-1.4797313,-1.4797301,-1.4797301,-1.4797236,-1.4797229,2.9594288,9.766115,0.479160457
0.026796777,-1.4797336,-1.4797336,-1.4797292,-1.4797292,-1.4797237,-1.4797243,2.9594288,9.766115,0.479449478
0.026806777,-1.4797313,-1.4797313,-1.4797301,-1.4797301,-1.4797236,-1.4797229,2.9594288,9.766115,0.479738499
0.026816777,-1.4797336,-1.4797336,-1.4797292,-1.4797292,-1.4797237,-1.4797243,2.9594288,9.766115,0.48002752
0.026826777,-1.4797313,-1.4797313,-1.4797301,-1.4797301,-1.4797236,-1.4797229,2.9594288,9.766115,0.480316541
0.026836777,-1.4797336,-1.4797336,-1.4797292,-1.4797292,-1.4797237,-1.4797243,2.9594288,9.766115,0.480605563
0.026846777,-1.4797313,-1.4797313,-1.4797301,-1.4797301,-1.4797236,-1.4797229,2.9594288,9.766115,0.480894584
0.026856777,-1.4797336,-1.4797336,-1.4797292,-1.4797292,-1.4797237,-1.4797243,2.9594288,9.766115,0.481183605
0.026866777,-1.4797313,-1.4797313,-1.4797301,-1.4797301,-1.4797236,-1.4797229,2.9594288,9.766115,0.481472626
0.026876777,-1.4797336,-1.4797336,-1.4797292,-1.4797292,-1.4797237,-1.4797243,2.9594288,9.766115,0.481761648
0.026886777,-1.4797313,-1.4797313,-1.4797301,-1.4797301,-1.4797236,-1.4797229,2.9594288,9.766115,0.482050669
0.026896777,-1.4797336,-1.4797336,-1.4797292,-1.4797292,-1.4797237,-1.4797243,2.9594288,9.766115,0.48233969
0.026906777,-1.4797313,-1.4797313,-1.4797301,-1.4797301,-1.4797236,-1.4797229,2.9594288,9.766115,0.482628711
0.026916777,-1.4797336,-1.4797336,-1.4797292,-1.4797292,-1.4797237,-1.4797243,2.9594288,9.766115,0.482917733
0.026926777,-1.4797313,-1.4797313,-1.4797301,-1.4797301,-1.4797236,-1.4797229,2.9594288,9.766115,0.483206754
0.026936777,-1.4797336,-1.4797336,-1.4797292,-1.4797292,-1.4797237,-1.4797243,2.9594288,9.766115,0.483495775
0.026946777,-1.4797313,-1.4797313,-1.4797301,-1.4797301,-1.4797236,-1.4797229,2.9594288,9.766115,0.483784796
0.026956777,-1.4797336,-1.4797336,-1.4797292,-1.4797292,-1.4797237,-1.4797243,2.9594288,9.766115,0.484073817
0.026966777,-1.4797313,-1.4797313,-1.4797301,-1.4797301,-1.4797236,-1.4797229,2.9594288,9.766115,0.484362839
0.026976777,-1.4797336,-1.4797336,-1.4797292,-1.4797292,-1.4797237,-1.4797243,2.9594288,9.766115,0.48465186
0.026986777,-1.4797313,-1.4797313,-1.4797301,-1.4797301,-1.4797236,-1.4797229,2.9594288,9.766115,0.484940881
0.026996777,-1.4797336,-1.4797336,-1.4797292,-1.4797292,-1.4797237,-1.4797243,2.9594288,9.766115,0.485229902
0.027006777,-1.4797313,-1.4797313,-1.4797301,-1.4797301,-1.4797236,-1.4797229,2.9594288,9.766115,0.485518924
0.027016777,-1.4797336,-1.4797336,-1.4797292,-1.4797292,-1.4797237,-1.4797243,2.9594288,9.766115,0.485807945
0.027026777,-1.4797313,-1.4797313,-1.4797301,-1.4797301,-1.4797236,-1.4797229,2.9594288,9.766115,0.486096966
0.027036777,-1.4797336,-1.4797336,-1.4797292,-1.4797292,-1.4797237,-1.4797243,2.9594288,9.766115,0.486385987
0.027046777,-1.4797313,-1.4797313,-1.4797301,-1.4797301,-1.4797236,-1.4797229,2.9594288,9.766115,0.486675008
0.027056777,-1.4797336,-1.4797336,-1.4797292,-1.4797292,-1.4797237,-1.4797243,2.9594288,9.766115,0.48696403
0.027066777,-1.4797313,-1.4797313,-1.4797301,-1.4797301,-1.4797236,-1.4797229,2.9594288,9.766115,0.487253051
0.027076777,-1.4797336,-1.4797336,-1.4797292,-1.4797292,-1.4797237,-1.4797243,2.9594288,9.766115,0.487542072
0.027086777,-1.4797313,-1.4797313,-1.4797301,-1.4797301,-1.4797236,-1.4797229,2.9594288,9.766115,0.487831093
0.027096777,-1.4797336,-1.4797336,-1.4797292,-1.4797292,-1.4797237,-1.4797243,2.9594288,9.766115,0.488120115
0.027106777,-1.4797313,-1.4797313,-1.4797301,-1.4797301,-1.4797236,-1.4797229,2.9594288,9.766115,0.488409136
0.027116777,-1.4797336,-1.4797336,-1.4797292,-1.4797292,-1.4797237,-1.4797243,2.9594288,9.766115,0.488698157
0.027126777,-1.4797313,-1.4797313,-1.4797301,-1.4797301,-1.4797236,-1.4797229,2.9594288,9.766115,0.488987178
0.027136777,-1.4797336,-1.4797336,-1.4797292,-1.4797292,-1.4797237,-1.4797243,2.9594288,9.766115,0.489276199
0.027146777,-1.4797313,-1.4797313,-1.4797301,-1.4797301,-1.4797236,-1.4797229,2.9594288,9.766115,0.489565221
0.027156777,-1.4797336,-1.4797336,-1.4797292,-1.4797292,-1.4797237,-1.4797243,2.9594288,9.766115,0.489854242
0.027166777,-1.4797313,-1.4797313,-1.4797301,-1.4797301,-1.4797236,-1.4797229,2.9594288,9.766115,0.490143263
0.027176777,-1.4797336,-1.4797336,-1.4797292,-1.4797292,-1.4797237,-1.4797243,2.9594288,9.766115,0.490432284
0.027186777,-1.4797313,-1.4797313,-1.4797301,-1.4797301,-1.4797236,-1.4797229,2.9594288,9.766115,0.490721306
0.027196777,-1.4797336,-1.4797336,-1.4797292,-1.4797292,-1.4797237,-1.4797243,2.9594288,9.766115,0.491010327
0.027206777,-1.4797313,-1.4797313,-1.4797301,-1.4797301,-1.4797236,-1.4797229,2.9594288,9.766115,0.491299348
0.027216777,-1.4797336,-1.4797336,-1.4797292,-1.4797292,-1.4797237,-1.4797243,2.9594288,9.766115,0.491588369
0.027226777,-1.4797313,-1.4797313,-1.4797301,-1.4797301,-1.4797236,-1.4797229,2.9594288,9.766115,0.49187739
0.027236777,-1.4797336,-1.4797336,-1.4797292,-1.4797292,-1.4797237,-1.4797243,2.9594288,9.766115,0.492166412
0.027246777,-1.4797313,-1.4797313,-1.4797301,-1.4797301,-1.4797236,-1.4797229,2.9594288,9.766115,0.492455433
0.027256777,-1.4797336,-1.4797336,-1.4797292,-1.4797292,-1.4797237,-1.4797243,2.9594288,9.766115,0.492744454
0.027266777,-1.4797313,-1.4797313,-1.4797301,-1.4797301,-1.4797236,-1.4797229,2.9594288,9.766115,0.493033475
0.027276777,-1.4797336,-1.4797336,-1.4797292,-1.4797292,-1.4797237,-1.4797243,2.9594288,9.766115,0.493322497
0.027286777,-1.4797313,-1.4797313,-1.4797301,-1.4797301,-1.4797236,-1.4797229,2.9594288,9.766115,0.493611518
0.027296777,-1.4797336,-1.4797336,-1.4797292,-1.4797292,-1.4797237,-1.4797243,2.9594288,9.766115,0.493900539
0.027306777,-1.4797313,-1.4797313,-1.4797301,-1.4797301,-1.4797236,-1.4797229,2.9594288,9.766115,0.49418956
0.027316777,-1.4797336,-1.4797336,-1.4797292,-1.4797292,-1.4797237,-1.4797243,2.9594288,9.766115,0.494478582
0.027326777,-1.4797313,-1.4797313,-1.4797301,-1.4797301,-1.4797236,-1.4797229,2.9594288,9.766115,0.494767603
0.027336777,-1.4797336,-1.4797336,-1.4797292,-1.4797292,-1.4797237,-1.4797243,2.9594288,9.766115,0.495056624
0.027346777,-1.4797313,-1.4797313,-1.4797301,-1.4797301,-1.4797236,-1.4797229,2.9594288,9.766115,0.495345645
0.027356777,-1.4797336,-1.4797336,-1.4797292,-1.4797292,-1.4797237,-1.4797243,2.9594288,9.766115,0.495634666
0.027366777,-1.4797313,-1.4797313,-1.4797301,-1.4797301,-1.4797236,-1.4797229,2.9594288,9.766115,0.495923688
0.027376777,-1.4797336,-1.4797336,-1.4797292,-1.4797292,-1.4797237,-1.4797243,2.9594288,9.766115,0.496212709
0.027386777,-1.4797313,-1.4797313,-1.4797301,-1.4797301,-1.4797236,-1.4797229,2.9594288,9.766115,0.49650173
0.027396777,-1.4797336,-1.4797336,-1.4797292,-1.4797292,-1.4797237,-1.4797243,2.9594288,9.766115,0.496790751
0.027406777,-1.4797313,-1.4797313,-1.4797301,-1.4797301,-1.4797236,-1.4797229,2.9594288,9.766115,0.497079773
0.027416777,-1.4797336,-1.4797336,-1.4797292,-1.4797292,-1.4797237,-1.4797243,2.9594288,9.766115,0.497368794
0.027426777,-1.4797313,-1.4797313,-1.4797301,-1.4797301,-1.4797236,-1.4797229,2.9594288,9.766115,0.497657815
0.027436777,-1.4797336,-1.4797336,-1.4797292,-1.4797292,-1.4797237,-1.4797243,2.9594288,9.766115,0.497946836
0.027446777,-1.4797313,-1.4797313,-1.4797301,-1.4797301,-1.4797236,-1.4797229,2.9594288,9.766115,0.498235857
0.027456777,-1.4797336,-1.4797336,-1.4797292,-1.4797292,-1.4797237,-1.4797243,2.9594288,9.766115,0.498524879
0.027466777,-1.4797313,-1.4797313,-1.4797301,-1.4797301,-1.4797236,-1.4797229,2.9594288,9.766115,0.4988139
0.027476777,-1.4797336,-1.4797336,-1.4797292,-1.4797292,-1.4797237,-1.4797243,2.9594288,9.766115,0.499102921
0.027486777,-1.4797313,-1.4797313,-1.4797301,-1.4797301,-1.4797236,-1.4797229,2.9594288,9.766115,0.499391942
0.027496777,-1.4797336,-1.4797336,-1.4797292,-1.4797292,-1.4797237,-1.4797243,2.9594288,9.766115,0.499680964
0.027506777,-1.4797313,-1.4797313,-1.4797301,-1.4797301,-1.4797236,-1.4797229,2.9594288,9.766115,0.499969985
0.027516777,-1.4797336,-1.4797336,-1.4797292,-1.4797292,-1.4797237,-1.4797243,2.9594288,9.766115,0.500259006
0.027526777,-1.4797313,-1.4797313,-1.4797301,-1.4797301,-1.4797236,-1.4797229,2.9594288,9.766115,0.500548027
0.027536777,-1.4797336,-1.4797336,-1.4797292,-1.4797292,-1.4797237,-1.4797243,2.9594288,9.766115,0.500837048
0.027546777,-1.4797313,-1.4797313,-1.4797301,-1.4797301,-1.4797236,-1.4797229,2.9594288,9.766115,0.50112607
0.027556777,-1.4797336,-1.4797336,-1.4797292,-1.4797292,-1.4797237,-1.4797243,2.9594288,9.766115,0.501415091
0.027566777,-1.4797313,-1.4797313,-1.4797301,-1.4797301,-1.4797236,-1.4797229,2.9594288,9.766115,0.501704112
0.027576777,-1.4797336,-1.4797336,-1.4797292,-1.4797292,-1.4797237,-1.4797243,2.9594288,9.766115,0.501993133
0.027586777,-1.4797313,-1.4797313,-1.4797301,-1.4797301,-1.4797236,-1.4797229,2.9594288,9.766115,0.502282155
0.027596777,-1.4797336,-1.4797336,-1.4797292,-1.4797292,-1.4797237,-1.4797243,2.9594288,9.766115,0.502571176
0.027606777,-1.4797313,-1.4797313,-1.4797301,-1.4797301,-1.4797236,-1.4797229,2.9594288,9.766115,0.502860197
0.027616777,-1.4797336,-1.4797336,-1.4797292,-1.4797292,-1.4797237,-1.4797243,2.9594288,9.766115,0.503149218
0.027626777,-1.4797313,-1.4797313,-1.4797301,-1.4797301,-1.4797236,-1.4797229,2.9594288,9.766115,0.503438239
0.027636777,-1.4797336,-1.4797336,-1.4797292,-1.4797292,-1.4797237,-1.4797243,2.9594288,9.766115,0.503727261
0.027646777,-1.4797313,-1.4797313,-1.4797301,-1.4797301,-1.4797236,-1.4797229,2.9594288,9.766115,0.504016282
0.027656777,-1.4797336,-1.4797336,-1.4797292,-1.4797292,-1.4797237,-1.4797243,2.9594288,9.766115,0.504305303
0.027666777,-1.4797313,-1.4797313,-1.4797301,-1.4797301,-1.4797236,-1.4797229,2.9594288,9.766115,0.504594324
0.027676777,-1.4797336,-1.4797336,-1.4797292,-1.4797292,-1.4797237,-1.4797243,2.9594288,9.766115,0.504883346
0.027686777,-1.4797313,-1.4797313,-1.4797301,-1.4797301,-1.4797236,-1.4797229,2.9594288,9.766115,0.505172367
0.027696777,-1.4797336,-1.4797336,-1.4797292,-1.4797292,-1.4797237,-1.4797243,2.9594288,9.766115,0.505461388
0.027706777,-1.4797313,-1.4797313,-1.4797301,-1.4797301,-1.4797236,-1.4797229,2.9594288,9.766115,0.505750409
0.027716777,-1.4797336,-1.4797336,-1.4797292,-1.4797292,-1.4797237,-1.4797243,2.9594288,9.766115,0.506039431
0.027726777,-1.4797313,-1.4797313,-1.4797301,-1.4797301,-1.4797236,-1.4797229,2.9594288,9.766115,0.506328452
0.027736777,-1.4797336,-1.4797336,-1.4797292,-1.4797292,-1.4797237,-1.4797243,2.9594288,9.766115,0.506617473
0.027746777,-1.4797313,-1.4797313,-1.4797301,-1.4797301,-1.4797236,-1.4797229,2.9594288,9.766115,0.506906494
0.027756777,-1.4797336,-1.4797336,-1.4797292,-1.4797292,-1.4797237,-1.4797243,2.9594288,9.766115,0.507195515
0.027766777,-1.4797313,-1.4797313,-1.4797301,-1.4797301,-1.4797236,-1.4797229,2.9594288,9.766115,0.507484537
0.027776777,-1.4797336,-1.4797336,-1.4797292,-1.4797292,-1.4797237,-1.4797243,2.9594288,9.766115,0.507773558
0.027786777,-1.4797313,-1.4797313,-1.4797301,-1.4797301,-1.4797236,-1.4797229,2.9594288,9.766115,0.508062579
0.027796777,-1.4797336,-1.4797336,-1.4797292,-1.4797292,-1.4797237,-1.4797243,2.9594288,9.766115,0.5083516
0.027806777,-1.4797313,-1.4797313,-1.4797301,-1.4797301,-1.4797236,-1.4797229,2.9594288,9.766115,0.508640622
0.027816777,-1.4797336,-1.4797336,-1.4797292,-1.4797292,-1.4797237,-1.4797243,2.9594288,9.766115,0.508929643
0.027826777,-1.4797313,-1.4797313,-1.4797301,-1.4797301,-1.4797236,-1.4797229,2.9594288,9.766115,0.509218664
0.027836777,-1.4797336,-1.4797336,-1.4797292,-1.4797292,-1.4797237,-1.4797243,2.9594288,9.766115,0.509507685
0.027846777,-1.4797313,-1.4797313,-1.4797301,-1.4797301,-1.4797236,-1.4797229,2.9594288,9.766115,0.509796706
0.027856777,-1.4797336,-1.4797336,-1.4797292,-1.4797292,-1.4797237,-1.4797243,2.9594288,9.766115,0.510085728
0.027866777,-1.4797313,-1.4797313,-1.4797301,-1.4797301,-1.4797236,-1.4797229,2.9594288,9.766115,0.510374749
0.027876777,-1.4797336,-1.4797336,-1.4797292,-1.4797292,-1.4797237,-1.4797243,2.9594288,9.766115,0.51066377
0.027886777,-1.4797313,-1.4797313,-1.4797301,-1.4797301,-1.4797236,-1.4797229,2.9594288,9.766115,0.510952791
0.027896777,-1.4797336,-1.4797336,-1.4797292,-1.4797292,-1.4797237,-1.4797243,2.9594288,9.766115,0.511241813
0.027906777,-1.4797313,-1.4797313,-1.4797301,-1.4797301,-1.4797236,-1.4797229,2.9594288,9.766115,0.511530834
0.027916777,-1.4797336,-1.4797336,-1.4797292,-1.4797292,-1.4797237,-1.4797243,2.9594288,9.766115,0.511819855
0.027926777,-1.4797313,-1.4797313,-1.4797301,-1.4797301,-1.4797236,-1.4797229,2.9594288,9.766115,0.512108876
0.027936777,-1.4797336,-1.4797336,-1.4797292,-1.4797292,-1.4797237,-1.4797243,2.9594288,9.766115,0.512397897
0.027946777,-1.4797313,-1.4797313,-1.4797301,-1.4797301,-1.4797236,-1.4797229,2.9594288,9.766115,0.512686919
0.027956777,-1.4797336,-1.4797336,-1.4797292,-1.4797292,-1.4797237,-1.4797243,2.9594288,9.766115,0.51297594
0.027966777,-1.4797313,-1.4797313,-1.4797301,-1.4797301,-1.4797236,-1.4797229,2.9594288,9.766115,0.513264961
0.027976777,-1.4797336,-1.4797336,-1.4797292,-1.4797292,-1.4797237,-1.4797243,2.9594288,9.766115,0.513553982
0.027986777,-1.4797313,-1.4797313,-1.4797301,-1.4797301,-1.4797236,-1.4797229,2.9594288,9.766115,0.513843004
0.027996777,-1.4797336,-1.4797336,-1.4797292,-1.4797292,-1.4797237,-1.4797243,2.9594288,9.766115,0.514132025
0.028006777,-1.4797313,-1.4797313,-1.4797301,-1.4797301,-1.4797236,-1.4797229,2.9594288,9.766115,0.514421046
0.028016777,-1.4797336,-1.4797336,-1.4797292,-1.4797292,-1.4797237,-1.4797243,2.9594288,9.766115,0.514710067
0.028026777,-1.4797313,-1.4797313,-1.4797301,-1.4797301,-1.4797236,-1.4797229,2.9594288,9.766115,0.514999088
0.028036777,-1.4797336,-1.4797336,-1.4797292,-1.4797292,-1.4797237,-1.4797243,2.9594288,9.766115,0.51528811
0.028046777,-1.4797313,-1.4797313,-1.4797301,-1.4797301,-1.4797236,-1.4797229,2.9594288,9.766115,0.515577131
0.028056777,-1.4797336,-1.4797336,-1.4797292,-1.4797292,-1.4797237,-1.4797243,2.9594288,9.766115,0.515866152
0.028066777,-1.4797313,-1.4797313,-1.4797301,-1.4797301,-1.4797236,-1.4797229,2.9594288,9.766115,0.516155173
0.028076777,-1.4797336,-1.4797336,-1.4797292,-1.4797292,-1.4797237,-1.4797243,2.9594288,9.766115,0.516444195
0.028086777,-1.4797313,-1.4797313,-1.4797301,-1.4797301,-1.4797236,-1.4797229,2.9594288,9.766115,0.516733216
0.028096777,-1.4797336,-1.4797336,-1.4797292,-1.4797292,-1.4797237,-1.4797243,2.9594288,9.766115,0.517022237
0.028106777,-1.4797313,-1.4797313,-1.4797301,-1.4797301,-1.4797236,-1.4797229,2.9594288,9.766115,0.517311258
0.028116777,-1.4797336,-1.4797336,-1.4797292,-1.4797292,-1.4797237,-1.4797243,2.9594288,9.766115,0.51760028
0.028126777,-1.4797313,-1.4797313,-1.4797301,-1.4797301,-1.4797236,-1.4797229,2.9594288,9.766115,0.517889301
0.028136777,-1.4797336,-1.4797336,-1.4797292,-1.4797292,-1.4797237,-1.4797243,2.9594288,9.766115,0.518178322
0.028146777,-1.4797313,-1.4797313,-1.4797301,-1.4797301,-1.4797236,-1.4797229,2.9594288,9.766115,0.518467343
0.028156777,-1.4797336,-1.4797336,-1.4797292,-1.4797292,-1.4797237,-1.4797243,2.9594288,9.766115,0.518756364
0.028166777,-1.4797313,-1.4797313,-1.4797301,-1.4797301,-1.4797236,-1.4797229,2.9594288,9.766115,0.519045386
0.028176777,-1.4797336,-1.4797336,-1.4797292,-1.4797292,-1.4797237,-1.4797243,2.9594288,9.766115,0.519334407
0.028186777,-1.4797313,-1.4797313,-1.4797301,-1.4797301,-1.4797236,-1.4797229,2.9594288,9.766115,0.519623428
0.028196777,-1.4797336,-1.4797336,-1.4797292,-1.4797292,-1.4797237,-1.4797243,2.9594288,9.766115,0.519912449
0.028206777,-1.4797313,-1.4797313,-1.4797301,-1.4797301,-1.4797236,-1.4797229,2.9594288,9.766115,0.520201471
0.028216777,-1.4797336,-1.4797336,-1.4797292,-1.4797292,-1.4797237,-1.4797243,2.9594288,9.766115,0.520490492
0.028226777,-1.4797313,-1.4797313,-1.4797301,-1.4797301,-1.4797236,-1.4797229,2.9594288,9.766115,0.520779513
0.028236777,-1.4797336,-1.4797336,-1.4797292,-1.4797292,-1.4797237,-1.4797243,2.9594288,9.766115,0.521068534
0.028246777,-1.4797313,-1.4797313,-1.4797301,-1.4797301,-1.4797236,-1.4797229,2.9594288,9.766115,0.521357555
0.028256777,-1.4797336,-1.4797336,-1.4797292,-1.4797292,-1.4797237,-1.4797243,2.9594288,9.766115,0.521646577
0.028266777,-1.4797313,-1.4797313,-1.4797301,-1.4797301,-1.4797236,-1.4797229,2.9594288,9.766115,0.521935598
0.028276777,-1.4797336,-1.4797336,-1.4797292,-1.4797292,-1.4797237,-1.4797243,2.9594288,9.766115,0.522224619
0.028286777,-1.4797313,-1.4797313,-1.4797301,-1.4797301,-1.4797236,-1.4797229,2.9594288,9.766115,0.52251364
0.028296777,-1.4797336,-1.4797336,-1.4797292,-1.4797292,-1.4797237,-1.4797243,2.9594288,9.766115,0.522802662
0.028306777,-1.4797313,-1.4797313,-1.4797301,-1.4797301,-1.4797236,-1.4797229,2.9594288,9.766115,0.523091683
0.028316777,-1.4797336,-1.4797336,-1.4797292,-1.4797292,-1.4797237,-1.4797243,2.9594288,9.766115,0.523380704
0.028326777,-1.4797313,-1.4797313,-1.4797301,-1.4797301,-1.4797236,-1.4797229,2.9594288,9.766115,0.523669725
0.028336777,-1.4797336,-1.4797336,-1.4797292,-1.4797292,-1.4797237,-1.4797243,2.9594288,9.766115,0.523958746
0.028346777,-1.4797313,-1.4797313,-1.4797301,-1.4797301,-1.4797236,-1.4797229,2.9594288,9.766115,0.524247768
0.028356777,-1.4797336,-1.4797336,-1.4797292,-1.4797292,-1.4797237,-1.4797243,2.9594288,9.766115,0.524536789
0.028366777,-1.4797313,-1.4797313,-1.4797301,-1.4797301,-1.4797236,-1.4797229,2.9594288,9.766115,0.52482581
0.028376777,-1.4797336,-1.4797336,-1.4797292,-1.4797292,-1.4797237,-1.4797243,2.9594288,9.766115,0.525114831
0.028386777,-1.4797313,-1.4797313,-1.4797301,-1.4797301,-1.4797236,-1.4797229,2.9594288,9.766115,0.525403853
0.028396777,-1.4797336,-1.4797336,-1.4797292,-1.4797292,-1.4797237,-1.4797243,2.9594288,9.766115,0.525692874
0.028406777,-1.4797313,-1.4797313,-1.4797301,-1.4797301,-1.4797236,-1.4797229,2.9594288,9.766115,0.525981895
0.028416777,-1.4797336,-1.4797336,-1.4797292,-1.4797292,-1.4797237,-1.4797243,2.9594288,9.766115,0.526270916
0.028426777,-1.4797313,-1.4797313,-1.4797301,-1.4797301,-1.4797236,-1.4797229,2.9594288,9.766115,0.526559937
0.028436777,-1.4797336,-1.4797336,-1.4797292,-1.4797292,-1.4797237,-1.4797243,2.9594288,9.766115,0.526848959
0.028446777,-1.4797313,-1.4797313,-1.4797301,-1.4797301,-1.4797236,-1.4797229,2.9594288,9.766115,0.52713798
0.028456777,-1.4797336,-1.4797336,-1.4797292,-1.4797292,-1.4797237,-1.4797243,2.9594288,9.766115,0.527427001
0.028466777,-1.4797313,-1.4797313,-1.4797301,-1.4797301,-1.4797236,-1.4797229,2.9594288,9.766115,0.527716022
0.028476777,-1.4797336,-1.4797336,-1.4797292,-1.4797292,-1.4797237,-1.4797243,2.9594288,9.766115,0.528005044
0.028486777,-1.4797313,-1.4797313,-1.4797301,-1.4797301,-1.4797236,-1.4797229,2.9594288,9.766115,0.528294065
0.028496777,-1.4797336,-1.4797336,-1.4797292,-1.4797292,-1.4797237,-1.4797243,2.9594288,9.766115,0.528583086
0.028506777,-1.4797313,-1.4797313,-1.4797301,-1.4797301,-1.4797236,-1.4797229,2.9594288,9.766115,0.528872107
0.028516777,-1.4797336,-1.4797336,-1.4797292,-1.4797292,-1.4797237,-1.4797243,2.9594288,9.766115,0.529161129
0.028526777,-1.4797313,-1.4797313,-1.4797301,-1.4797301,-1.4797236,-1.4797229,2.9594288,9.766115,0.52945015
0.028536777,-1.4797336,-1.4797336,-1.4797292,-1.4797292,-1.4797237,-1.4797243,2.9594288,9.766115,0.529739171
0.028546777,-1.4797313,-1.4797313,-1.4797301,-1.4797301,-1.4797236,-1.4797229,2.9594288,9.766115,0.530028192
0.028556777,-1.4797336,-1.4797336,-1.4797292,-1.4797292,-1.4797237,-1.4797243,2.9594288,9.766115,0.530317213
0.028566777,-1.4797313,-1.4797313,-1.4797301,-1.4797301,-1.4797236,-1.4797229,2.9594288,9.766115,0.530606235
0.028576777,-1.4797336,-1.4797336,-1.4797292,-1.4797292,-1.4797237,-1.4797243,2.9594288,9.766115,0.530895256
0.028586777,-1.4797313,-1.4797313,-1.4797301,-1.4797301,-1.4797236,-1.4797229,2.9594288,9.766115,0.531184277
0.028596777,-1.4797336,-1.4797336,-1.4797292,-1.4797292,-1.4797237,-1.4797243,2.9594288,9.766115,0.531473298
0.028606777,-1.4797313,-1.4797313,-1.4797301,-1.4797301,-1.4797236,-1.4797229,2.9594288,9.766115,0.53176232
0.028616777,-1.4797336,-1.4797336,-1.4797292,-1.4797292,-1.4797237,-1.4797243,2.9594288,9.766115,0.532051341
0.028626777,-1.4797313,-1.4797313,-1.4797301,-1.4797301,-1.4797236,-1.4797229,2.9594288,9.766115,0.532340362
0.028636777,-1.4797336,-1.4797336,-1.4797292,-1.4797292,-1.4797237,-1.4797243,2.9594288,9.766115,0.532629383
0.028646777,-1.4797313,-1.4797313,-1.4797301,-1.4797301,-1.4797236,-1.4797229,2.9594288,9.766115,0.532918404
0.028656777,-1.4797336,-1.4797336,-1.4797292,-1.4797292,-1.4797237,-1.4797243,2.9594288,9.766115,0.533207426
0.028666777,-1.4797313,-1.4797313,-1.4797301,-1.4797301,-1.4797236,-1.4797229,2.9594288,9.766115,0.533496447
0.028676777,-1.4797336,-1.4797336,-1.4797292,-1.4797292,-1.4797237,-1.4797243,2.9594288,9.766115,0.533785468
0.028686777,-1.4797313,-1.4797313,-1.4797301,-1.4797301,-1.4797236,-1.4797229,2.9594288,9.766115,0.534074489
0.028696777,-1.4797336,-1.4797336,-1.4797292,-1.4797292,-1.4797237,-1.4797243,2.9594288,9.766115,0.534363511
0.028706777,-1.4797313,-1.4797313,-1.4797301,-1.4797301,-1.4797236,-1.4797229,2.9594288,9.766115,0.534652532
0.028716777,-1.4797336,-1.4797336,-1.4797292,-1.4797292,-1.4797237,-1.4797243,2.9594288,9.766115,0.534941553
0.028726777,-1.4797313,-1.4797313,-1.4797301,-1.4797301,-1.4797236,-1.4797229,2.9594288,9.766115,0.535230574
0.028736777,-1.4797336,-1.4797336,-1.4797292,-1.4797292,-1.4797237,-1.4797243,2.9594288,9.766115,0.535519595
0.028746777,-1.4797313,-1.4797313,-1.4797301,-1.4797301,-1.4797236,-1.4797229,2.9594288,9.766115,0.535808617
0.028756777,-1.4797336,-1.4797336,-1.4797292,-1.4797292,-1.4797237,-1.4797243,2.9594288,9.766115,0.536097638
0.028766777,-1.4797313,-1.4797313,-1.4797301,-1.4797301,-1.4797236,-1.4797229,2.9594288,9.766115,0.536386659
0.028776777,-1.4797336,-1.4797336,-1.4797292,-1.4797292,-1.4797237,-1.4797243,2.9594288,9.766115,0.53667568
0.028786777,-1.4797313,-1.4797313,-1.4797301,-1.4797301,-1.4797236,-1.4797229,2.9594288,9.766115,0.536964702
0.028796777,-1.4797336,-1.4797336,-1.4797292,-1.4797292,-1.4797237,-1.4797243,2.9594288,9.766115,0.537253723
0.028806777,-1.4797313,-1.4797313,-1.4797301,-1.4797301,-1.4797236,-1.4797229,2.9594288,9.766115,0.537542744
0.028816777,-1.4797336,-1.4797336,-1.4797292,-1.4797292,-1.4797237,-1.4797243,2.9594288,9.766115,0.537831765
0.028826777,-1.4797313,-1.4797313,-1.4797301,-1.4797301,-1.4797236,-1.4797229,2.9594288,9.766115,0.538120786
0.028836777,-1.4797336,-1.4797336,-1.4797292,-1.4797292,-1.4797237,-1.4797243,2.9594288,9.766115,0.538409808
0.028846777,-1.4797313,-1.4797313,-1.4797301,-1.4797301,-1.4797236,-1.4797229,2.9594288,9.766115,0.538698829
0.028856777,-1.4797336,-1.4797336,-1.4797292,-1.4797292,-1.4797237,-1.4797243,2.9594288,9.766115,0.53898785
0.028866777,-1.4797313,-1.4797313,-1.4797301,-1.4797301,-1.4797236,-1.4797229,2.9594288,9.766115,0.539276871
0.028876777,-1.4797336,-1.4797336,-1.4797292,-1.4797292,-1.4797237,-1.4797243,2.9594288,9.766115,0.539565893
0.028886777,-1.4797313,-1.4797313,-1.4797301,-1.4797301,-1.4797236,-1.4797229,2.9594288,9.766115,0.539854914
0.028896777,-1.4797336,-1.4797336,-1.4797292,-1.4797292,-1.4797237,-1.4797243,2.9594288,9.766115,0.540143935
0.028906777,-1.4797313,-1.4797313,-1.4797301,-1.4797301,-1.4797236,-1.4797229,2.9594288,9.766115,0.540432956
0.028916777,-1.4797336,-1.4797336,-1.4797292,-1.4797292,-1.4797237,-1.4797243,2.9594288,9.766115,0.540721978
0.028926777,-1.4797313,-1.4797313,-1.4797301,-1.4797301,-1.4797236,-1.4797229,2.9594288,9.766115,0.541010999
0.028936777,-1.4797336,-1.4797336,-1.4797292,-1.4797292,-1.4797237,-1.4797243,2.9594288,9.766115,0.54130002
0.028946777,-1.4797313,-1.4797313,-1.4797301,-1.4797301,-1.4797236,-1.4797229,2.9594288,9.766115,0.541589041
0.028956777,-1.4797336,-1.4797336,-1.4797292,-1.4797292,-1.4797237,-1.4797243,2.9594288,9.766115,0.541878062
0.028966777,-1.4797313,-1.4797313,-1.4797301,-1.4797301,-1.4797236,-1.4797229,2.9594288,9.766115,0.542167084
0.028976777,-1.4797336,-1.4797336,-1.4797292,-1.4797292,-1.4797237,-1.4797243,2.9594288,9.766115,0.542456105
0.028986777,-1.4797313,-1.4797313,-1.4797301,-1.4797301,-1.4797236,-1.4797229,2.9594288,9.766115,0.542745126
0.028996777,-1.4797336,-1.4797336,-1.4797292,-1.4797292,-1.4797237,-1.4797243,2.9594288,9.766115,0.543034147
0.029006777,-1.4797313,-1.4797313,-1.4797301,-1.4797301,-1.4797236,-1.4797229,2.9594288,9.766115,0.543323169
0.029016777,-1.4797336,-1.4797336,-1.4797292,-1.4797292,-1.4797237,-1.4797243,2.9594288,9.766115,0.54361219
0.029026777,-1.4797313,-1.4797313,-1.4797301,-1.4797301,-1.4797236,-1.4797229,2.9594288,9.766115,0.543901211
0.029036777,-1.4797336,-1.4797336,-1.4797292,-1.4797292,-1.4797237,-1.4797243,2.9594288,9.766115,0.544190232
0.029046777,-1.4797313,-1.4797313,-1.4797301,-1.4797301,-1.4797236,-1.4797229,2.9594288,9.766115,0.544479253
0.029056777,-1.4797336,-1.4797336,-1.4797292,-1.4797292,-1.4797237,-1.4797243,2.9594288,9.766115,0.544768275
0.029066777,-1.4797313,-1.4797313,-1.4797301,-1.4797301,-1.4797236,-1.4797229,2.9594288,9.766115,0.545057296
0.029076777,-1.4797336,-1.4797336,-1.4797292,-1.4797292,-1.4797237,-1.4797243,2.9594288,9.766115,0.545346317
0.029086777,-1.4797313,-1.4797313,-1.4797301,-1.4797301,-1.4797236,-1.4797229,2.9594288,9.766115,0.545635338
0.029096777,-1.4797336,-1.4797336,-1.4797292,-1.4797292,-1.4797237,-1.4797243,2.9594288,9.766115,0.54592436
0.029106777,-1.4797313,-1.4797313,-1.4797301,-1.4797301,-1.4797236,-1.4797229,2.9594288,9.766115,0.546213381
0.029116777,-1.4797336,-1.4797336,-1.4797292,-1.4797292,-1.4797237,-1.4797243,2.9594288,9.766115,0.546502402
0.029126777,-1.4797313,-1.4797313,-1.4797301,-1.4797301,-1.4797236,-1.4797229,2.9594288,9.766115,0.546791423
0.029136777,-1.4797336,-1.4797336,-1.4797292,-1.4797292,-1.4797237,-1.4797243,2.9594288,9.766115,0.547080444
0.029146777,-1.4797313,-1.4797313,-1.4797301,-1.4797301,-1.4797236,-1.4797229,2.9594288,9.766115,0.547369466
0.029156777,-1.4797336,-1.4797336,-1.4797292,-1.4797292,-1.4797237,-1.4797243,2.9594288,9.766115,0.547658487
0.029166777,-1.4797313,-1.4797313,-1.4797301,-1.4797301,-1.4797236,-1.4797229,2.9594288,9.766115,0.547947508
0.029176777,-1.4797336,-1.4797336,-1.4797292,-1.4797292,-1.4797237,-1.4797243,2.9594288,9.766115,0.548236529
0.029186777,-1.4797313,-1.4797313,-1.4797301,-1.4797301,-1.4797236,-1.4797229,2.9594288,9.766115,0.548525551
0.029196777,-1.4797336,-1.4797336,-1.4797292,-1.4797292,-1.4797237,-1.4797243,2.9594288,9.766115,0.548814572
0.029206777,-1.4797313,-1.4797313,-1.4797301,-1.4797301,-1.4797236,-1.4797229,2.9594288,9.766115,0.549103593
0.029216777,-1.4797336,-1.4797336,-1.4797292,-1.4797292,-1.4797237,-1.4797243,2.9594288,9.766115,0.549392614
0.029226777,-1.4797313,-1.4797313,-1.4797301,-1.4797301,-1.4797236,-1.4797229,2.9594288,9.766115,0.549681635
0.029236777,-1.4797336,-1.4797336,-1.4797292,-1.4797292,-1.4797237,-1.4797243,2.9594288,9.766115,0.549970657
0.029246777,-1.4797313,-1.4797313,-1.4797301,-1.4797301,-1.4797236,-1.4797229,2.9594288,9.766115,0.550259678
0.029256777,-1.4797336,-1.4797336,-1.4797292,-1.4797292,-1.4797237,-1.4797243,2.9594288,9.766115,0.550548699
0.029266777,-1.4797313,-1.4797313,-1.4797301,-1.4797301,-1.4797236,-1.4797229,2.9594288,9.766115,0.55083772
0.029276777,-1.4797336,-1.4797336,-1.4797292,-1.4797292,-1.4797237,-1.4797243,2.9594288,9.766115,0.551126742
0.029286777,-1.4797313,-1.4797313,-1.4797301,-1.4797301,-1.4797236,-1.4797229,2.9594288,9.766115,0.551415763
0.029296777,-1.4797336,-1.4797336,-1.4797292,-1.4797292,-1.4797237,-1.4797243,2.9594288,9.766115,0.551704784
0.029306777,-1.4797313,-1.4797313,-1.4797301,-1.4797301,-1.4797236,-1.4797229,2.9594288,9.766115,0.551993805
0.029316777,-1.4797336,-1.4797336,-1.4797292,-1.4797292,-1.4797237,-1.4797243,2.9594288,9.766115,0.552282827
0.029326777,-1.4797313,-1.4797313,-1.4797301,-1.4797301,-1.4797236,-1.4797229,2.9594288,9.766115,0.552571848
0.029336777,-1.4797336,-1.4797336,-1.4797292,-1.4797292,-1.4797237,-1.4797243,2.9594288,9.766115,0.552860869
0.029346777,-1.4797313,-1.4797313,-1.4797301,-1.4797301,-1.4797236,-1.4797229,2.9594288,9.766115,0.55314989
0.029356777,-1.4797336,-1.4797336,-1.4797292,-1.4797292,-1.4797237,-1.4797243,2.9594288,9.766115,0.553438911
0.029366777,-1.4797313,-1.4797313,-1.4797301,-1.4797301,-1.4797236,-1.4797229,2.9594288,9.766115,0.553727933
0.029376777,-1.4797336,-1.4797336,-1.4797292,-1.4797292,-1.4797237,-1.4797243,2.9594288,9.766115,0.554016954
0.029386777,-1.4797313,-1.4797313,-1.4797301,-1.4797301,-1.4797236,-1.4797229,2.9594288,9.766115,0.554305975
0.029396777,-1.4797336,-1.4797336,-1.4797292,-1.4797292,-1.4797237,-1.4797243,2.9594288,9.766115,0.554594996
0.029406777,-1.4797313,-1.4797313,-1.4797301,-1.4797301,-1.4797236,-1.4797229,2.9594288,9.766115,0.554884018
0.029416777,-1.4797336,-1.4797336,-1.4797292,-1.4797292,-1.4797237,-1.4797243,2.9594288,9.766115,0.555173039
0.029426777,-1.4797313,-1.4797313,-1.4797301,-1.4797301,-1.4797236,-1.4797229,2.9594288,9.766115,0.55546206
0.029436777,-1.4797336,-1.4797336,-1.4797292,-1.4797292,-1.4797237,-1.4797243,2.9594288,9.766115,0.555751081
0.029446777,-1.4797313,-1.4797313,-1.4797301,-1.4797301,-1.4797236,-1.4797229,2.9594288,9.766115,0.556040102
0.029456777,-1.4797336,-1.4797336,-1.4797292,-1.4797292,-1.4797237,-1.4797243,2.9594288,9.766115,0.556329124
0.029466777,-1.4797313,-1.4797313,-1.4797301,-1.4797301,-1.4797236,-1.4797229,2.9594288,9.766115,0.556618145
0.029476777,-1.4797336,-1.4797336,-1.4797292,-1.4797292,-1.4797237,-1.4797243,2.9594288,9.766115,0.556907166
0.029486777,-1.4797313,-1.4797313,-1.4797301,-1.4797301,-1.4797236,-1.4797229,2.9594288,9.766115,0.557196187
0.029496777,-1.4797336,-1.4797336,-1.4797292,-1.4797292,-1.4797237,-1.4797243,2.9594288,9.766115,0.557485209
0.029506777,-1.4797313,-1.4797313,-1.4797301,-1.4797301,-1.4797236,-1.4797229,2.9594288,9.766115,0.55777423
0.029516777,-1.4797336,-1.4797336,-1.4797292,-1.4797292,-1.4797237,-1.4797243,2.9594288,9.766115,0.558063251
0.029526777,-1.4797313,-1.4797313,-1.4797301,-1.4797301,-1.4797236,-1.4797229,2.9594288,9.766115,0.558352272
0.029536777,-1.4797336,-1.4797336,-1.4797292,-1.4797292,-1.4797237,-1.4797243,2.9594288,9.766115,0.558641293
0.029546777,-1.4797313,-1.4797313,-1.4797301,-1.4797301,-1.4797236,-1.4797229,2.9594288,9.766115,0.558930315
0.029556777,-1.4797336,-1.4797336,-1.4797292,-1.4797292,-1.4797237,-1.4797243,2.9594288,9.766115,0.559219336
0.029566777,-1.4797313,-1.4797313,-1.4797301,-1.4797301,-1.4797236,-1.4797229,2.9594288,9.766115,0.559508357
0.029576777,-1.4797336,-1.4797336,-1.4797292,-1.4797292,-1.4797237,-1.4797243,2.9594288,9.766115,0.559797378
0.029586777,-1.4797313,-1.4797313,-1.4797301,-1.4797301,-1.4797236,-1.4797229,2.9594288,9.766115,0.5600864
0.029596777,-1.4797336,-1.4797336,-1.4797292,-1.4797292,-1.4797237,-1.4797243,2.9594288,9.766115,0.560375421
0.029606777,-1.4797313,-1.4797313,-1.4797301,-1.4797301,-1.4797236,-1.4797229,2.9594288,9.766115,0.560664442
0.029616777,-1.4797336,-1.4797336,-1.4797292,-1.4797292,-1.4797237,-1.4797243,2.9594288,9.766115,0.560953463
0.029626777,-1.4797313,-1.4797313,-1.4797301,-1.4797301,-1.4797236,-1.4797229,2.9594288,9.766115,0.561242484
0.029636777,-1.4797336,-1.4797336,-1.4797292,-1.4797292,-1.4797237,-1.4797243,2.9594288,9.766115,0.561531506
0.029646777,-1.4797313,-1.4797313,-1.4797301,-1.4797301,-1.4797236,-1.4797229,2.9594288,9.766115,0.561820527
0.029656777,-1.4797336,-1.4797336,-1.4797292,-1.4797292,-1.4797237,-1.4797243,2.9594288,9.766115,0.562109548
0.029666777,-1.4797313,-1.4797313,-1.4797301,-1.4797301,-1.4797236,-1.4797229,2.9594288,9.766115,0.562398569
0.029676777,-1.4797336,-1.4797336,-1.4797292,-1.4797292,-1.4797237,-1.4797243,2.9594288,9.766115,0.562687591
0.029686777,-1.4797313,-1.4797313,-1.4797301,-1.4797301,-1.4797236,-1.4797229,2.9594288,9.766115,0.562976612
0.029696777,-1.4797336,-1.4797336,-1.4797292,-1.4797292,-1.4797237,-1.4797243,2.9594288,9.766115,0.563265633
0.029706777,-1.4797313,-1.4797313,-1.4797301,-1.4797301,-1.4797236,-1.4797229,2.9594288,9.766115,0.563554654
0.029716777,-1.4797336,-1.4797336,-1.4797292,-1.4797292,-1.4797237,-1.4797243,2.9594288,9.766115,0.563843676
0.029726777,-1.4797313,-1.4797313,-1.4797301,-1.4797301,-1.4797236,-1.4797229,2.9594288,9.766115,0.564132697
0.029736777,-1.4797336,-1.4797336,-1.4797292,-1.4797292,-1.4797237,-1.4797243,2.9594288,9.766115,0.564421718
0.029746777,-1.4797313,-1.4797313,-1.4797301,-1.4797301,-1.4797236,-1.4797229,2.9594288,9.766115,0.564710739
0.029756777,-1.4797336,-1.4797336,-1.4797292,-1.4797292,-1.4797237,-1.4797243,2.9594288,9.766115,0.56499976
0.029766777,-1.4797313,-1.4797313,-1.4797301,-1.4797301,-1.4797236,-1.4797229,2.9594288,9.766115,0.565288782
0.029776777,-1.4797336,-1.4797336,-1.4797292,-1.4797292,-1.4797237,-1.4797243,2.9594288,9.766115,0.565577803
0.029786777,-1.4797313,-1.4797313,-1.4797301,-1.4797301,-1.4797236,-1.4797229,2.9594288,9.766115,0.565866824
0.029796777,-1.4797336,-1.4797336,-1.4797292,-1.4797292,-1.4797237,-1.4797243,2.9594288,9.766115,0.566155845
0.029806777,-1.4797313,-1.4797313,-1.4797301,-1.4797301,-1.4797236,-1.4797229,2.9594288,9.766115,0.566444867
0.029816777,-1.4797336,-1.4797336,-1.4797292,-1.4797292,-1.4797237,-1.4797243,2.9594288,9.766115,0.566733888
0.029826777,-1.4797313,-1.4797313,-1.4797301,-1.4797301,-1.4797236,-1.4797229,2.9594288,9.766115,0.567022909
0.029836777,-1.4797336,-1.4797336,-1.4797292,-1.4797292,-1.4797237,-1.4797243,2.9594288,9.766115,0.56731193
0.029846777,-1.4797313,-1.4797313,-1.4797301,-1.4797301,-1.4797236,-1.4797229,2.9594288,9.766115,0.567600951
0.029856777,-1.4797336,-1.4797336,-1.4797292,-1.4797292,-1.4797237,-1.4797243,2.9594288,9.766115,0.567889973
0.029866777,-1.4797313,-1.4797313,-1.4797301,-1.4797301,-1.4797236,-1.4797229,2.9594288,9.766115,0.568178994
0.029876777,-1.4797336,-1.4797336,-1.4797292,-1.4797292,-1.4797237,-1.4797243,2.9594288,9.766115,0.568468015
0.029886777,-1.4797313,-1.4797313,-1.4797301,-1.4797301,-1.4797236,-1.4797229,2.9594288,9.766115,0.568757036
0.029896777,-1.4797336,-1.4797336,-1.4797292,-1.4797292,-1.4797237,-1.4797243,2.9594288,9.766115,0.569046058
0.029906777,-1.4797313,-1.4797313,-1.4797301,-1.4797301,-1.4797236,-1.4797229,2.9594288,9.766115,0.569335079
0.029916777,-1.4797336,-1.4797336,-1.4797292,-1.4797292,-1.4797237,-1.4797243,2.9594288,9.766115,0.5696241
0.029926777,-1.4797313,-1.4797313,-1.4797301,-1.4797301,-1.4797236,-1.4797229,2.9594288,9.766115,0.569913121
0.029936777,-1.4797336,-1.4797336,-1.4797292,-1.4797292,-1.4797237,-1.4797243,2.9594288,9.766115,0.570202142
0.029946777,-1.4797313,-1.4797313,-1.4797301,-1.4797301,-1.4797236,-1.4797229,2.9594288,9.766115,0.570491164
0.029956777,-1.4797336,-1.4797336,-1.4797292,-1.4797292,-1.4797237,-1.4797243,2.9594288,9.766115,0.570780185
0.029966777,-1.4797313,-1.4797313,-1.4797301,-1.4797301,-1.4797236,-1.4797229,2.9594288,9.766115,0.571069206
0.029976777,-1.4797336,-1.4797336,-1.4797292,-1.4797292,-1.4797237,-1.4797243,2.9594288,9.766115,0.571358227
0.029986777,-1.4797313,-1.4797313,-1.4797301,-1.4797301,-1.4797236,-1.4797229,2.9594288,9.766115,0.571647249
0.029996777,-1.4797336,-1.4797336,-1.4797292,-1.4797292,-1.4797237,-1.4797243,2.9594288,9.766115,0.571838332
0.03,-1.4797313,-1.4797313,-1.4797301,-1.4797301,-1.4797236,-1.4797229,2.9594288,9.766115,0.571884905
0.03,-1.4797318,-1.4797318,-1.47973,-1.47973,-1.4797233,-1.4797229,2.9594288,9.766115,0.571884905
0.03,-1.4797319,-1.4797319,-1.4797298,-1.4797298,-1.4797237,-1.4797235,2.9594288,9.766115,0.571884905
0.03,-1.4797324,-1.4797324,-1.4797298,-1.4797298,-1.4797235,-1.4797233,2.9594288,9.766115,0.571884905
0.03,-1.4797324,-1.4797324,-1.4797297,-1.4797297,-1.4797237,-1.4797237,2.9594288,9.766115,0.571884905
0.03,-1.4797325,-1.4797325,-1.4797297,-1.4797297,-1.4797236,-1.4797235,2.9594288,9.766115,0.571884905
0.03,-1.4797324,-1.4797324,-1.4797297,-1.4797297,-1.4797237,-1.4797237,2.9594288,9.766115,0.571884906
0.03,-1.4797325,-1.4797325,-1.4797297,-1.4797297,-1.4797236,-1.4797235,2.9594288,9.766115,0.571884907
0.03,-1.4797323,-1.4797323,-1.4797295,-1.4797295,-1.4797237,-1.4797237,2.9594288,9.766115,0.571884909
0.03,-1.4797324,-1.4797324,-1.4797297,-1.4797297,-1.4797236,-1.4797235,2.9594288,9.766115,0.571884913
0.03,-1.4797322,-1.4797322,-1.4797294,-1.4797294,-1.4797237,-1.4797237,2.9594288,9.766115,0.57188492
0.030000001,-1.479732,-1.479732,-1.4797293,-1.4797293,-1.4797236,-1.4797236,2.9594288,9.766115,0.571884935
0.030000001,-1.4797314,-1.4797314,-1.4797289,-1.4797289,-1.4797237,-1.4797238,2.9594288,9.766115,0.571884966
0.030000003,-1.4797306,-1.4797306,-1.4797285,-1.4797285,-1.4797237,-1.4797236,2.9594288,9.766115,0.571885027
0.030000006,-1.479729,-1.479729,-1.4797275,-1.4797275,-1.4797242,-1.4797243,2.9594288,9.766114,0.57188514
0.030000011,-1.4797275,-1.4797275,-1.4797269,-1.4797269,-1.4797255,-1.4797255,2.9594288,9.766114,0.57188532
0.030000018,-1.4797273,-1.4797273,-1.4797281,-1.4797281,-1.4797295,-1.4797295,2.9594288,9.766115,0.571885579
0.030000029,-1.4797316,-1.4797316,-1.4797341,-1.4797341,-1.4797381,-1.4797381,2.9594288,9.766115,0.571885938
0.030000043,-1.4797442,-1.4797442,-1.479749,-1.479749,-1.479756,-1.4797561,2.9594288,9.766114,0.571886429
0.030000063,-1.479769,-1.479769,-1.4797802,-1.4797802,-1.4797894,-1.4797894,2.9594288,9.766114,0.571886947
0.030000079,-1.4798046,-1.4798046,-1.4798154,-1.4798154,-1.4798242,-1.4798243,2.9594288,9.766115,0.571887324
0.030000089,-1.4798378,-1.4798378,-1.4798431,-1.4798431,-1.4798477,-1.4798477,2.9594288,9.766115,0.571887606
0.030000098,-1.4798766,-1.4798766,-1.4798783,-1.4798783,-1.479873,-1.479873,2.9594288,9.766114,0.571887904
0.030000109,-1.4799296,-1.4799296,-1.4799254,-1.4799254,-1.4799029,-1.4799027,2.9594288,9.766115,0.571888241
0.030000122,-1.4799936,-1.4799936,-1.4799826,-1.4799826,-1.4799395,-1.4799392,2.9594288,9.766115,0.57188864
0.030000137,-1.480074,-1.480074,-1.480055,-1.480055,-1.4799863,-1.4799858,2.9594288,9.766115,0.571889298
0.030000167,-1.4802383,-1.4802383,-1.4802041,-1.4802041,-1.4800869,-1.4800862,2.959429,9.766115,0.571890148
0.030000196,-1.4803934,-1.4803934,-1.4803469,-1.4803469,-1.4801862,-1.4801853,2.959429,9.766116,0.571891379
0.030000252,-1.4806937,-1.4806937,-1.4806299,-1.4806299,-1.480393,-1.4803917,2.9594293,9.766116,0.571893028
0.03000031,-1.4809709,-1.4809709,-1.4809002,-1.4809002,-1.4806038,-1.4806019,2.9594295,9.766117,0.571895006
0.030000389,-1.4812936,-1.4812936,-1.4812201,-1.4812201,-1.4808892,-1.480887,2.95943,9.766118,0.571896353
0.030000403,-1.4813406,-1.4813406,-1.481267,-1.481267,-1.4809347,-1.4809325,2.95943,9.766119,0.571896941
0.03000043,-1.4814296,-1.4814296,-1.4813557,-1.4813557,-1.4810219,-1.4810196,2.9594302,9.766119,0.571898119
0.030000484,-1.481578,-1.481578,-1.4815034,-1.4815034,-1.4811683,-1.4811659,2.9594305,9.766121,0.571900258
0.030000578,-1.481663,-1.481663,-1.481585,-1.481585,-1.4812465,-1.481244,2.9594312,9.766124,0.571903121
0.030000682,-1.4812773,-1.4812773,-1.4811918,-1.4811918,-1.4808453,-1.4808428,2.9594314,9.766124,0.571906932
0.030000842,-1.4792665,-1.4792665,-1.479167,-1.479167,-1.4788057,-1.4788033,2.95943,9.766119,0.571911452
0.030000995,-1.4756304,-1.4756304,-1.4755176,-1.4755176,-1.4751422,-1.47514,2.9594247,9.766102,0.571915852
0.030001146,-1.4705188,-1.4705188,-1.4703934,-1.4703934,-1.4700047,-1.4700023,2.9594147,9.766068,0.571921409
0.03000138,-1.4598715,-1.4598715,-1.4597279,-1.4597279,-1.4593194,-1.4593171,2.9593863,9.765974,0.571927969
0.0300016,-1.4470222,-1.4470222,-1.4468626,-1.4468626,-1.4464365,-1.4464343,2.959342,9.765829,0.571934152
0.030001808,-1.4327173,-1.4327173,-1.4325441,-1.4325441,-1.4321026,-1.4321003,2.9592822,9.765631,0.571940727
0.030002055,-1.4131554,-1.4131554,-1.4129676,-1.4129676,-1.4125087,-1.4125066,2.9591837,9.7653055,0.571947554
0.03000228,-1.3932962,-1.3932962,-1.3930966,-1.3930966,-1.3926235,-1.3926215,2.959066,9.764917,0.571954188
0.030002514,-1.3707256,-1.3707256,-1.3705157,-1.3705157,-1.370029,-1.370027,2.9589124,9.76441,0.571961134
0.030002761,-1.3451335,-1.3451335,-1.3449146,-1.3449146,-1.344415,-1.344413,2.9587138,9.763756,0.571969913
0.030003122,-1.3045684,-1.3045684,-1.3043408,-1.3043408,-1.3038251,-1.3038234,2.9583485,9.76255,0.571979362
0.030003415,-1.2691244,-1.2691244,-1.268894,-1.268894,-1.2683678,-1.2683661,2.9579835,9.761345,0.571988479
0.030003754,-1.2256517,-1.2256517,-1.2254224,-1.2254224,-1.2248875,-1.224886,2.95748,9.759684,0.57199846
0.030004107,-1.1774638,-1.1774638,-1.1772382,-1.1772382,-1.1766981,-1.1766967,2.9568555,9.757624,0.572008209
0.03000443,-1.1307346,-1.1307346,-1.130513,-1.130513,-1.1299722,-1.1299709,2.956191,9.75543,0.572017801
0.030004772,-1.0780499,-1.0780499,-1.0778325,-1.0778325,-1.0772946,-1.0772934,2.9553816,9.752759,0.57202755
0.030005106,-1.023135,-1.023135,-1.0229214,-1.0229214,-1.0223889,-1.0223879,2.954482,9.749791,0.572034448
0.030005251,0.33615,0.33615,0.33616155,0.33616155,-2.5703723,-2.6463397,2.9526618,9.743783,0.572038228
0.030005369,2.9915252,2.9915252,2.9914358,2.9914358,-4.883365,-5.0318627,2.9488115,9.731077,0.572041505
0.030005479,5.8720603,5.8720603,5.8719835,5.8719835,-6.948482,-7.2286987,2.9431083,9.712257,0.572044004
0.030005544,7.5698237,7.5698237,7.569728,7.569728,-8.281206,-8.654739,2.9388907,9.698339,0.572045522
0.030005586,8.695401,8.695401,8.695331,8.695331,-9.201258,-9.642132,2.9357471,9.687965,0.572046571
0.030005617,9.537287,9.537287,9.537215,9.537215,-9.903033,-10.396826,2.9332228,9.679635,0.572047435
0.030005647,10.339378,10.339378,10.339347,10.339347,-10.571652,-11.11729,2.9306986,9.671305,0.572048284
0.030005677,11.186458,11.186458,11.186458,11.186458,-11.265941,-11.867206,2.9279346,9.662184,0.572049152
0.030005708,12.085604,12.085604,12.085681,12.085681,-11.973138,-12.633446,2.924929,9.652266,0.572050088
0.030005744,13.16359,13.16359,13.163733,13.163733,-12.771815,-13.502218,2.9212608,9.640161,0.572051187
0.030005786,14.547426,14.547426,14.547674,14.547674,-13.721034,-14.539915,2.9164608,9.624321,0.572052368
0.030005828,15.968207,15.968207,15.968502,15.968502,-14.626972,-15.535473,2.9113984,9.607615,0.572053502
0.030005867,17.383688,17.383688,17.384037,17.384037,-15.478413,-16.475477,2.906188,9.590421,0.572054601
0.030005907,18.834743,18.834743,18.835096,18.835096,-16.307453,-17.394728,2.900663,9.572187,0.572055698
0.030005946,20.36257,20.36257,20.36294,20.36294,-17.132944,-18.314264,2.894659,9.552376,0.572056838
0.030005989,22.064245,22.064245,22.064585,22.064585,-17.994043,-19.278543,2.8877752,9.529657,0.572058095
0.030006038,24.096897,24.096897,24.097223,24.097223,-18.945776,-20.350971,2.8793027,9.501699,0.572059596
0.030006099,26.753426,26.753426,26.753698,26.753698,-20.092154,-21.651258,2.8677673,9.463633,0.572061626
0.030006187,30.747482,30.747482,30.74773,30.74773,-21.698421,-23.479605,2.849146,9.402183,0.572065186
0.030006365,38.78026,38.78026,38.78045,38.78045,-24.847063,-26.8782,2.8054361,9.257939,0.572069876
0.030006548,47.013588,47.013588,47.01379,47.01379,-27.857714,-29.295599,2.7510934,9.078608,0.572074286
0.030006718,54.206482,54.206482,54.206654,54.206654,-29.55688,-30.153452,2.693449,8.888382,0.572077321
0.030006802,51.082745,51.082745,51.082943,51.082943,-29.130787,-29.363409,2.6677454,8.803559,0.572079369
0.030006892,46.709385,46.709385,46.709545,46.709545,-28.658176,-28.680622,2.643018,8.721959,0.57208156
0.030006992,42.175873,42.175873,42.17606,42.17606,-28.09184,-27.942215,2.6179988,8.639396,0.572083882
0.030007097,37.907166,37.907166,37.907314,37.907314,-27.59278,-27.31577,2.5942357,8.560978,0.572086485
0.030007227,33.428608,33.428608,33.428776,33.428776,-26.972858,-26.5565,2.568017,8.474457,0.572089753
0.030007398,28.705162,28.705162,28.705278,28.705278,-26.193108,-25.610657,2.537341,8.373225,0.572093929
0.03000762,24.501236,24.501236,24.322124,24.322124,-25.112635,-24.303003,2.502422,8.257993,0.572097676
0.03000776,23.33635,23.33635,18.752941,18.752941,-24.351564,-23.393213,2.4816654,8.189495,0.572099777
0.030007826,23.051594,23.051594,15.471304,15.471304,-23.971504,-22.936785,2.4720645,8.157813,0.572101258
0.030007907,23.209097,23.209097,11.694559,11.694559,-23.478603,-22.350384,2.460036,8.118118,0.57210263
0.030007964,23.941893,23.941893,9.780398,9.780398,-23.075424,-21.911781,2.4510942,8.088611,0.572103555
0.030008001,25.120035,25.120035,9.478275,9.478275,-22.756529,-21.595497,2.444638,8.067306,0.572104193
0.030008029,26.158901,26.158901,9.475902,9.475902,-22.50237,-21.360666,2.4394624,8.050226,0.572104602
0.030008042,26.438004,26.438004,9.184408,9.184408,-22.400873,-21.24564,2.437013,8.042142,0.572104829
0.030008052,26.679478,26.679478,9.036316,9.036316,-22.32607,-21.17569,2.4352682,8.036385,0.572105016
0.030008061,26.900303,26.900303,8.855385,8.855385,-22.251463,-21.092684,2.4335122,8.03059,0.572105205
0.030008071,27.12888,27.12888,8.669293,8.669293,-22.177374,-21.01937,2.4316895,8.024575,0.572105392
0.03000808,27.342192,27.342192,8.489122,8.489122,-22.105183,-20.941154,2.429964,8.018882,0.572105582
0.030008091,27.579247,27.579247,8.28727,8.28727,-22.02814,-20.862461,2.4280279,8.012492,0.57210579
0.030008102,27.833664,27.833664,8.068642,8.068642,-21.942783,-20.771832,2.4259355,8.005587,0.572106018
0.030008114,28.118977,28.118977,7.8227844,7.8227844,-21.85025,-20.675621,2.4235668,7.9977703,0.572106282
0.030008129,28.460056,28.460056,7.529123,7.529123,-21.737364,-20.556791,2.4207156,7.9883614,0.572106591
0.030008146,28.856958,28.856958,7.1886373,7.1886373,-21.609497,-20.422758,2.4173627,7.9772973,0.572106961
0.030008167,29.347528,29.347528,6.771374,6.771374,-21.449907,-20.255154,2.4131784,7.9634886,0.572107374
0.030008189,29.853508,29.853508,6.3452516,6.3452516,-21.289043,-20.085966,2.408805,7.9490566,0.572107796
0.030008211,30.373558,30.373558,5.9132466,5.9132466,-21.122639,-19.91134,2.4042578,7.93405,0.572108236
0.030008235,30.929432,30.929432,5.457274,5.457274,-20.948538,-19.7279,2.3993244,7.9177704,0.57210871
0.030008261,31.53935,31.53935,4.9647536,4.9647536,-20.75653,-19.526518,2.393832,7.8996453,0.572109231
0.03000829,32.219074,32.219074,4.4243984,4.4243984,-20.5466,-19.3052,2.3875952,7.879064,0.57210982
0.030008324,33.001915,33.001915,3.8138554,3.8138554,-20.304163,-19.051018,2.3802638,7.854871,0.572110503
0.030008363,33.92571,33.92571,3.108529,3.108529,-20.022806,-18.75462,2.3713827,7.825563,0.572111291
0.030008409,34.977123,34.977123,2.3265057,2.3265057,-19.702452,-18.419064,2.360964,7.7911816,0.572112197
0.030008462,36.200775,36.200775,1.4442242,1.4442242,-19.334919,-18.03268,2.3483815,7.7496586,0.572113155
0.030008514,37.38973,37.38973,0.61802304,0.61802304,-18.977585,-17.65948,2.3356655,7.707696,0.572114197
0.030008578,38.82017,38.82017,-0.33225036,-0.33225036,-18.552887,-17.214619,2.3196716,7.6549163,0.572115335
0.030008642,40.251736,40.251736,-1.2284518,-1.2284518,-18.127361,-16.772408,2.3028786,7.5994997,0.5721166
0.030008722,41.991436,41.991436,-2.2320154,-2.2320154,-17.615993,-16.240322,2.2813416,7.5284276,0.572118001
0.030008805,43.76493,43.76493,-3.1389933,-3.1389933,-17.09473,-15.703403,2.2580814,7.4516687,0.572119633
0.030008916,46.0494,46.0494,-4.1346817,-4.1346817,-16.427404,-15.016484,2.2258143,7.3451877,0.572121503
0.030009034,48.16077,48.16077,-5.227369,-5.227369,-15.754585,-14.322086,2.1900551,7.227182,0.572123848
0.030009213,50.64593,50.64593,-7.0605845,-7.0605845,-14.820374,-13.346369,2.1340113,7.0422373,0.572126722
0.030009417,52.536568,52.536568,-9.37814,-9.37814,-13.833714,-12.328125,2.067743,6.823552,0.572130399
0.030009734,53.74218,53.74218,-13.276786,-13.276786,-12.43965,-10.933873,1.96302,6.4779663,0.572135176
0.030010168,52.722992,52.722992,-18.82893,-18.82893,-10.76525,-9.335445,1.821053,6.0094748,0.572140504
0.030010707,48.69178,48.69178,-25.239328,-25.239328,-9.0945215,-7.75121,1.6549398,5.4613013,0.572145171
0.030011201,44.561264,44.561264,-28.52576,-28.52576,-7.848907,-6.591835,1.5157099,5.001843,0.57214838
0.030011554,40.323143,40.323143,-28.720026,-28.720026,-7.1292124,-5.9164634,1.4258915,4.705442,0.572150239
0.030011755,33.57281,33.57281,-27.822447,-27.822447,-6.852831,-5.632412,1.3841307,4.5676312,0.572151398
0.030011921,28.952127,28.952127,-27.20796,-27.20796,-6.6206794,-5.3980527,1.3548585,4.471033,0.572152213
0.030012024,26.579649,26.579649,-26.846506,-26.846506,-6.4658604,-5.251561,1.338494,4.4170303,0.572152892
0.030012151,24.222717,24.222717,-26.428185,-26.428185,-6.274766,-5.0690784,1.3199278,4.355762,0.572153851
0.030012357,21.356922,21.356922,-25.75406,-25.75406,-5.94683,-4.771529,1.2922795,4.2645226,0.572154575
0.030012413,20.621754,20.621754,-25.587467,-25.587467,-5.86257,-4.6923313,1.2853806,4.241756,0.572154878
0.030012468,20.02245,20.02245,-25.416582,-25.416582,-5.7737765,-4.614937,1.2787554,4.219893,0.572155217
0.030012539,19.233086,19.233086,-25.2043,-25.2043,-5.666564,-4.5161777,1.2705555,4.1928334,0.572155583
0.030012606,18.554426,18.554426,-25.004688,-25.004688,-5.5613637,-4.4244375,1.2630717,4.1681366,0.572155936
0.030012673,17.878761,17.878761,-24.802814,-24.802814,-5.460687,-4.332465,1.2558063,4.1441607,0.572156325
0.030012755,17.113407,17.113407,-24.558725,-24.558725,-5.3336763,-4.2218614,1.2472236,4.115838,0.572156728
0.03001283,16.437252,16.437252,-24.330908,-24.330908,-5.2233877,-4.1222587,1.2397565,4.0911965,0.57215712
0.03001291,15.769411,15.769411,-24.092756,-24.092756,-5.1031914,-4.0183277,1.2320962,4.0659175,0.572157535
0.030012996,15.068171,15.068171,-23.821972,-23.821972,-4.978408,-3.9068806,1.224162,4.0397344,0.572157966
0.030013084,14.401564,14.401564,-23.54893,-23.54893,-4.84833,-3.7949476,1.2163451,4.013939,0.572158413
0.030013179,13.712776,13.712776,-23.23685,-23.23685,-4.7142735,-3.6764002,1.2083572,3.9875789,0.572158905
0.030013289,12.978229,12.978229,-22.882084,-22.882084,-4.557944,-3.54245,1.1995329,3.9584587,0.572159423
0.030013397,12.285182,12.285182,-22.5078,-22.5078,-4.408892,-3.4120474,1.1912665,3.9311793,0.572160033
0.030013549,11.401129,11.401129,-21.997171,-21.997171,-4.2007732,-3.2346587,1.1803412,3.895126,0.572160789
0.030013726,10.453238,10.453238,-21.381695,-21.381695,-3.9682999,-3.0344248,1.1685915,3.8563519,0.572161761
0.03001398,9.258199,9.258199,-20.530369,-20.530369,-3.6425028,-2.759346,1.1532047,3.8055754,0.572163063
0.030014319,7.8925824,7.8925824,-19.407484,-19.407484,-3.235031,-2.415418,1.1352686,3.7463863,0.57216501
0.030014896,6.07443,6.07443,-17.60729,-17.60729,-2.5979507,-1.8884972,1.1099908,3.6629696,0.572168001
0.03001579,4.099172,4.099172,-14.986014,-14.986014,-1.759785,-1.2086715,1.0806569,3.5661676,0.57217317
0.030017579,1.9139475,1.9139475,-10.430729,-10.430729,-0.59236896,-0.31941593,1.0436417,3.4440174,0.57218076
0.030020013,0.63731253,0.63731253,-5.6006894,-5.6006894,-0.001276028,0.000484491,1.0179936,3.3593788,0.572189892
0.03002292,0.05526409,0.05526409,-1.8654358,-1.8654358,-0.000394986,-0.000393441,1.003344,3.3110354,0.572200476
0.030026385,-0.24413882,-0.24413882,-0.049261667,-0.049261667,0.00048199,0.000478124,0.9950129,3.2835424,0.572211968
0.030029955,-0.36041987,-0.36041987,0.000213409,0.000213409,-0.000402171,-0.000400061,0.9908772,3.2698946,0.572223257
0.030033353,-0.38367194,-0.38367194,-0.000121017,-0.000121017,0.000475426,0.000472112,0.98835796,3.2615814,0.57223454
0.030036955,-0.33590835,-0.33590835,0.000202716,0.000202716,-0.000407622,-0.000405271,0.985407,3.2518432,0.572245781
0.03004037,-0.2524448,-0.2524448,-0.000129379,-0.000129379,0.000470594,0.000467576,0.98126537,3.2381756,0.572256337
0.030043599,-0.07003353,-0.07003353,0.00019623,0.00019623,-0.000411105,-0.000408757,0.9747376,3.216634,0.572264225
0.030045401,-0.022565868,-0.022565868,-0.000132954,-0.000132954,0.000467675,0.000464922,0.96990365,3.200682,0.572268727
0.030046499,0.004131864,0.004131864,0.0001936,0.0001936,-0.000412216,-0.000410028,0.96672535,3.1901937,0.57227126
0.030047044,-0.006264034,-0.006264034,-0.000133053,-0.000133053,0.000465858,0.000463585,0.96514046,3.1849635,0.572272726
0.030047453,0.005549927,0.005549927,0.000190431,0.000190431,-0.000412267,-0.000410752,0.9639388,3.1809978,0.572273989
0.030047868,-0.006224612,-0.006224612,-0.00013226,-0.00013226,0.000463343,0.00046185,0.96273607,3.177029,0.572275259
0.030048283,0.005560917,0.005560917,0.000187044,0.000187044,-0.000412229,-0.000411473,0.96151805,3.1730096,0.572276585
0.030048737,-0.006196457,-0.006196457,-0.000131521,-0.000131521,0.000460964,0.000460202,0.9602047,3.1686757,0.572278503
0.030049544,0.005592395,0.005592395,0.00018386,0.00018386,-0.000412966,-0.000412745,0.9578538,3.1609175,0.57228181
0.030050922,-0.006100603,-0.006100603,-0.00013332,-0.00013332,0.000457903,0.000457456,0.9538719,3.1477773,0.57228554
0.030052029,0.005692591,0.005692591,0.000180914,0.000180914,-0.000414738,-0.000414765,0.9506717,3.1372163,0.572289323
0.030053458,-0.006080233,-0.006080233,-0.000133416,-0.000133416,0.000456747,0.000456554,0.94657063,3.1236832,0.57229333
0.030054739,0.00568817,0.00568817,0.000180056,0.000180056,-0.000414536,-0.000414788,0.94289917,3.1115673,0.572296941
0.03005592,-0.006078261,-0.006078261,-0.000133078,-0.000133078,0.000456031,0.000456096,0.9395382,3.1004758,0.572300468
0.03005716,0.005688756,0.005688756,0.000178792,0.000178792,-0.000414608,-0.00041511,0.9360085,3.088828,0.572305845
0.03005964,-0.006074268,-0.006074268,-0.000133632,-0.000133632,0.000454766,0.000455027,0.9290101,3.0657334,0.572312923
0.03006213,0.005694054,0.005694054,0.000176858,0.000176858,-0.000415837,-0.000416452,0.9220226,3.0426745,0.572320055
0.030064725,-0.006067502,-0.006067502,-0.000135039,-0.000135039,0.000452984,0.000453378,0.9148106,3.018875,0.57232837
0.030068151,0.005701761,0.005701761,0.000174506,0.000174506,-0.000417548,-0.000418254,0.90535724,2.9876788,0.572337271
0.030071307,-0.006058592,-0.006058592,-0.000136979,-0.000136979,0.000450814,0.000451315,0.8967526,2.9592838,0.572345848
0.030074615,0.005709839,0.005709839,0.000172196,0.000172196,-0.000419273,-0.000420062,0.88780195,2.9297464,0.572355383
0.030078638,-0.00604937,-0.00604937,-0.000138929,-0.000138929,0.000448661,0.000449259,0.87705594,2.8942847,0.57236632
0.030083233,0.005719694,0.005719694,0.000169609,0.000169609,-0.000421354,-0.000422202,0.86492634,2.8542569,0.572379343
0.030089188,-0.006037845,-0.006037845,-0.000141451,-0.000141451,0.000446094,0.000446766,0.84947,2.803251,0.572394523
0.030095983,0.005732165,0.005732165,0.000166516,0.000166516,-0.000423981,-0.000424861,0.83215696,2.746118,0.572406877
0.0301,-0.006027854,-0.006027854,-0.000143604,-0.000143604,0.00044388,0.000444627,0.82209873,2.7129257,0.572411357
0.0301,-0.00434225,-0.00434225,-0.000158916,-0.000158916,0.000579515,0.000461512,0.8220985,2.712925,0.572411357
0.0301,-0.000904504,-0.000904504,0.000340752,0.000340752,0.000819817,0.000506071,0.8220962,2.7129176,0.572411357
0.0301,-0.001522541,-0.001522541,-1.99E-05,-1.99E-05,0.000319803,0.000249931,0.8220963,2.7129178,0.572411357
0.0301,-0.001353121,-0.001353121,-6.85E-06,-6.85E-06,0.000330974,0.00021263,0.82209605,2.712917,0.572411357
0.0301,-0.001128016,-0.001128016,-3.36E-05,-3.36E-05,0.000277136,0.000197228,0.82209593,2.7129164,0.572411357
0.0301,-0.000941579,-0.000941579,-6.40E-05,-6.40E-05,0.000242694,0.000145016,0.8220957,2.7129157,0.572411357
0.0301,-0.000724956,-0.000724956,-7.78E-05,-7.78E-05,0.000198828,0.000136059,0.8220955,2.7129154,0.572411357
0.0301,-0.000534308,-0.000534308,-0.000104387,-0.000104387,0.000165621,9.02E-05,0.8220953,2.7129145,0.572411357
0.0301,-0.000364052,-0.000364052,-0.000109182,-0.000109182,0.000130107,8.51E-05,0.82209516,2.712914,0.572411357
0.0301,-0.000259927,-0.000259927,-0.000123774,-0.000123774,0.000109054,5.04E-05,0.822095,2.7129133,0.572411357
0.0301,-0.000185712,-0.000185712,-0.000117035,-0.000117035,8.67E-05,5.35E-05,0.82209486,2.712913,0.572411357
0.0301,-0.000166774,-0.000166774,-0.000120896,-0.000120896,7.70E-05,2.84E-05,0.82209474,2.7129126,0.572411357
0.0301,-0.000143205,-0.000143205,-0.000106899,-0.000106899,6.14E-05,3.58E-05,0.8220947,2.7129123,0.572411357
0.0301,-0.000153098,-0.000153098,-0.000103924,-0.000103924,5.52E-05,1.47E-05,0.82209444,2.7129116,0.572411357
0.0301,-0.000140229,-0.000140229,-8.36E-05,-8.36E-05,4.09E-05,2.36E-05,0.82209426,2.712911,0.572411358
0.030100001,-0.000152376,-0.000152376,-7.02E-05,-7.02E-05,3.51E-05,5.23E-06,0.8220938,2.7129095,0.572411358
0.030100001,-0.000139891,-0.000139891,-3.38E-05,-3.38E-05,2.10E-05,1.74E-05,0.82209295,2.7129068,0.572411359
0.030100001,-0.000152095,-0.000152095,-2.09E-05,-2.09E-05,2.03E-05,3.20E-06,0.822092,2.7129035,0.57241136
0.030100002,-0.000139826,-0.000139826,-1.80E-06,-1.80E-06,1.23E-05,1.68E-05,0.8220911,2.7129006,0.572411361
0.030100002,-0.000151944,-0.000151944,-1.90E-06,-1.90E-06,1.49E-05,2.79E-06,0.8220901,2.7128973,0.572411362
0.030100002,-0.000139819,-0.000139819,9.74E-06,9.74E-06,8.97E-06,1.65E-05,0.82208914,2.7128942,0.572411362
0.030100003,-0.000151844,-0.000151844,4.69E-06,4.69E-06,1.29E-05,2.68E-06,0.8220882,2.7128909,0.572411363
0.030100003,-0.000139847,-0.000139847,1.38E-05,1.38E-05,7.74E-06,1.64E-05,0.8220871,2.7128873,0.572411364
0.030100004,-0.000151786,-0.000151786,7.13E-06,7.13E-06,1.21E-05,2.65E-06,0.82208574,2.7128828,0.572411366
0.030100004,-0.000139885,-0.000139885,1.50E-05,1.50E-05,7.29E-06,1.64E-05,0.8220841,2.7128778,0.572411367
0.030100005,-0.000151768,-0.000151768,7.54E-06,7.54E-06,1.19E-05,2.66E-06,0.8220821,2.712871,0.572411369
0.030100006,-0.000139937,-0.000139937,1.50E-05,1.50E-05,7.24E-06,1.64E-05,0.8220796,2.7128627,0.572411372
0.030100008,-0.000151792,-0.000151792,7.31E-06,7.31E-06,1.19E-05,2.67E-06,0.8220761,2.7128508,0.572411376
0.03010001,-0.00014001,-0.00014001,1.48E-05,1.48E-05,7.26E-06,1.64E-05,0.82207084,2.712834,0.572411382
0.030100013,-0.00015187,-0.00015187,7.21E-06,7.21E-06,1.20E-05,2.68E-06,0.8220617,2.7128036,0.572411395
0.030100021,-0.000140133,-0.000140133,1.48E-05,1.48E-05,7.27E-06,1.64E-05,0.8220435,2.7127435,0.572411419
0.030100035,-0.000151996,-0.000151996,7.21E-06,7.21E-06,1.19E-05,2.68E-06,0.8220069,2.7126226,0.572411468
0.030100065,-0.000140205,-0.000140205,1.48E-05,1.48E-05,7.26E-06,1.64E-05,0.82193387,2.7123816,0.572411566
0.030100123,-0.000151957,-0.000151957,7.19E-06,7.19E-06,1.19E-05,2.66E-06,0.8217878,2.7118995,0.572411763
0.030100241,-0.000140059,-0.000140059,1.47E-05,1.47E-05,7.23E-06,1.63E-05,0.8214957,2.7109358,0.572412155
0.030100476,-0.000151664,-0.000151664,7.12E-06,7.12E-06,1.19E-05,2.60E-06,0.8209118,2.709009,0.572412938
0.030100945,-0.000139478,-0.000139478,1.46E-05,1.46E-05,7.10E-06,1.62E-05,0.81974536,2.7051597,0.572414499
0.030101884,-0.000150513,-0.000150513,6.85E-06,6.85E-06,1.16E-05,2.35E-06,0.8174173,2.6974773,0.572417604
0.030103761,-0.000137218,-0.000137218,1.41E-05,1.41E-05,6.62E-06,1.57E-05,0.8127811,2.6821778,0.572423744
0.030107517,-0.000146158,-0.000146158,5.82E-06,5.82E-06,1.07E-05,1.43E-06,0.8035873,2.6518383,0.572435748
0.030115028,-0.000129126,-0.000129126,1.21E-05,1.21E-05,4.89E-06,1.40E-05,0.78551,2.5921829,0.572453576
0.030125028,-0.000134842,-0.000134842,3.11E-06,3.11E-06,8.27E-06,-9.73E-07,0.76207024,2.5148318,0.572472741
0.030135028,-0.000117747,-0.000117747,9.42E-06,9.42E-06,2.49E-06,1.16E-05,0.73933,2.4397888,0.572490779
0.030145028,-0.000124543,-0.000124543,8.05E-07,8.05E-07,6.23E-06,-2.99E-06,0.71726817,2.366985,0.572505576
0.030152459,-0.000107165,-0.000107165,7.68E-06,7.68E-06,9.57E-07,1.01E-05,0.70130205,2.3142967,0.572513685
0.03015502,-0.000114911,-0.000114911,-8.05E-08,-8.05E-08,5.46E-06,-3.77E-06,0.69588065,2.2964063,0.572517807
0.030157617,-0.000102743,-0.000102743,7.26E-06,7.26E-06,5.91E-07,9.75E-06,0.6904279,2.2784123,0.57252039
0.030158305,-0.000113177,-0.000113177,-3.42E-07,-3.42E-07,5.23E-06,-3.99E-06,0.6889918,2.2736728,0.572521519
0.030159059,-0.000102192,-0.000102192,7.15E-06,7.15E-06,4.92E-07,9.65E-06,0.6874183,2.2684803,0.572522845
0.030160005,-0.000112603,-0.000112603,-4.73E-07,-4.73E-07,5.11E-06,-4.11E-06,0.68545306,2.2619953,0.5725246
0.030161324,-0.000101507,-0.000101507,6.98E-06,6.98E-06,3.42E-07,9.50E-06,0.6827193,2.2529736,0.572526809
0.030162877,-0.000111802,-0.000111802,-6.86E-07,-6.86E-07,4.92E-06,-4.29E-06,0.67951405,2.2423964,0.572529799
0.030165247,-0.000100487,-0.000100487,6.70E-06,6.70E-06,9.43E-08,9.25E-06,0.67465234,2.2263527,0.572534127
0.030168641,-0.00011039,-0.00011039,-1.08E-06,-1.08E-06,4.58E-06,-4.64E-06,0.66775316,2.2035854,0.572541617
0.030175427,-9.82E-05,-9.82E-05,6.05E-06,6.05E-06,-4.72E-07,8.69E-06,0.65416545,2.158746,0.572553469
0.030185427,-0.000107043,-0.000107043,-2.04E-06,-2.04E-06,3.75E-06,-5.46E-06,0.6346445,2.094327,0.572566761
0.030195427,-9.48E-05,-9.48E-05,5.08E-06,5.08E-06,-1.31E-06,7.86E-06,0.61570615,2.0318303,0.572579271
0.030205427,-0.000104222,-0.000104222,-2.83E-06,-2.83E-06,3.07E-06,-6.13E-06,0.5973329,1.9711986,0.572591045
0.030215427,-9.25E-05,-9.25E-05,4.44E-06,4.44E-06,-1.85E-06,7.33E-06,0.57950795,1.9123762,0.572602128
0.030225427,-0.000102301,-0.000102301,-3.34E-06,-3.34E-06,2.65E-06,-6.54E-06,0.56221485,1.855309,0.572612559
0.030235427,-9.09E-05,-9.09E-05,4.04E-06,4.04E-06,-2.17E-06,7.01E-06,0.5454378,1.7999448,0.572622376
0.030245427,-0.000100972,-0.000100972,-3.64E-06,-3.64E-06,2.41E-06,-6.78E-06,0.5291614,1.7462325,0.572631617
0.030255427,-8.97E-05,-8.97E-05,3.82E-06,3.82E-06,-2.36E-06,6.83E-06,0.5133707,1.6941231,0.572640314
0.030265427,-0.000100025,-0.000100025,-3.81E-06,-3.81E-06,2.27E-06,-6.92E-06,0.4980512,1.6435689,0.5726485
0.030275427,-8.89E-05,-8.89E-05,3.69E-06,3.69E-06,-2.46E-06,6.73E-06,0.48318887,1.5945233,0.572656204
0.030285427,-9.93E-05,-9.93E-05,-3.91E-06,-3.91E-06,2.19E-06,-7.00E-06,0.46877,1.546941,0.572663456
0.030295427,-8.83E-05,-8.83E-05,3.62E-06,3.62E-06,-2.52E-06,6.67E-06,0.45478147,1.5007789,0.572670281
0.030305427,-9.88E-05,-9.88E-05,-3.96E-06,-3.96E-06,2.15E-06,-7.04E-06,0.4412103,1.455994,0.572676705
0.030315427,-8.79E-05,-8.79E-05,3.58E-06,3.58E-06,-2.55E-06,6.64E-06,0.42804417,1.4125458,0.572682751
0.030325427,-9.84E-05,-9.84E-05,-3.99E-06,-3.99E-06,2.12E-06,-7.06E-06,0.41527086,1.3703939,0.572688442
0.030335427,-8.75E-05,-8.75E-05,3.56E-06,3.56E-06,-2.57E-06,6.62E-06,0.4028788,1.3295,0.572693798
0.030345427,-9.81E-05,-9.81E-05,-4.01E-06,-4.01E-06,2.11E-06,-7.08E-06,0.39085644,1.2898263,0.57269807
0.030352373,-8.73E-05,-8.73E-05,3.54E-06,3.54E-06,-2.58E-06,6.61E-06,0.3827174,1.2629675,0.572701262
0.030358636,-9.79E-05,-9.79E-05,-4.01E-06,-4.01E-06,2.10E-06,-7.08E-06,0.3755253,1.2392335,0.57270434
0.030365599,-8.71E-05,-8.71E-05,3.54E-06,3.54E-06,-2.58E-06,6.60E-06,0.3676864,1.2133652,0.572707447
0.030372567,-9.77E-05,-9.77E-05,-4.02E-06,-4.02E-06,2.10E-06,-7.09E-06,0.3600065,1.1880215,0.572710587
0.030380282,-8.70E-05,-8.70E-05,3.53E-06,3.53E-06,-2.59E-06,6.60E-06,0.35168946,1.1605753,0.572714192
0.030390231,-9.76E-05,-9.76E-05,-4.02E-06,-4.02E-06,2.09E-06,-7.09E-06,0.34124798,1.1261182,0.572718025
0.030400231,-8.68E-05,-8.68E-05,3.53E-06,3.53E-06,-2.59E-06,6.60E-06,0.3310648,1.0925139,0.572721642
0.030410231,-9.74E-05,-9.74E-05,-4.03E-06,-4.03E-06,2.09E-06,-7.10E-06,0.32118547,1.059912,0.572725046
0.030420231,-8.67E-05,-8.67E-05,3.52E-06,3.52E-06,-2.60E-06,6.59E-06,0.31160098,1.0282831,0.572728251
0.030430231,-9.73E-05,-9.73E-05,-4.03E-06,-4.03E-06,2.09E-06,-7.10E-06,0.30230245,0.99759793,0.572731266
0.030440231,-8.66E-05,-8.66E-05,3.52E-06,3.52E-06,-2.60E-06,6.59E-06,0.29328147,0.967829,0.572734105
0.030450231,-9.72E-05,-9.72E-05,-4.03E-06,-4.03E-06,2.08E-06,-7.10E-06,0.28452963,0.9389477,0.572736776
0.030460231,-8.65E-05,-8.65E-05,3.52E-06,3.52E-06,-2.60E-06,6.59E-06,0.27603897,0.9109287,0.572739291
0.030470231,-9.71E-05,-9.71E-05,-4.03E-06,-4.03E-06,2.08E-06,-7.10E-06,0.26780167,0.88374543,0.572741658
0.030480231,-8.64E-05,-8.64E-05,3.52E-06,3.52E-06,-2.60E-06,6.59E-06,0.2598102,0.8573737,0.572743885
0.030490231,-9.71E-05,-9.71E-05,-4.04E-06,-4.04E-06,2.08E-06,-7.11E-06,0.2520572,0.8317888,0.572745982
0.030500231,-8.63E-05,-8.63E-05,3.52E-06,3.52E-06,-2.60E-06,6.59E-06,0.24453557,0.8069675,0.572747955
0.030510231,-9.70E-05,-9.70E-05,-4.04E-06,-4.04E-06,2.08E-06,-7.11E-06,0.23723835,0.7828865,0.572749812
0.030520231,-8.62E-05,-8.62E-05,3.52E-06,3.52E-06,-2.60E-06,6.59E-06,0.23015894,0.7595246,0.57275156
0.030530231,-9.69E-05,-9.69E-05,-4.04E-06,-4.04E-06,2.08E-06,-7.11E-06,0.22329074,0.73685956,0.572753206
0.030540231,-8.62E-05,-8.62E-05,3.52E-06,3.52E-06,-2.60E-06,6.59E-06,0.21662754,0.7148709,0.572754754
0.030550231,-9.68E-05,-9.68E-05,-4.04E-06,-4.04E-06,2.08E-06,-7.11E-06,0.21016313,0.6935382,0.572756212
0.030560231,-8.61E-05,-8.61E-05,3.52E-06,3.52E-06,-2.60E-06,6.59E-06,0.20389166,0.6728425,0.572757584
0.030570231,-9.68E-05,-9.68E-05,-4.04E-06,-4.04E-06,2.08E-06,-7.11E-06,0.19780731,0.6527641,0.572758875
0.030580231,-8.60E-05,-8.60E-05,3.52E-06,3.52E-06,-2.60E-06,6.58E-06,0.19190456,0.6332853,0.57276009
0.030590231,-9.67E-05,-9.67E-05,-4.04E-06,-4.04E-06,2.08E-06,-7.11E-06,0.18617792,0.6143873,0.572761234
0.030600231,-8.60E-05,-8.60E-05,3.52E-06,3.52E-06,-2.60E-06,6.58E-06,0.1806222,0.59605336,0.572762311
0.030610231,-9.66E-05,-9.66E-05,-4.04E-06,-4.04E-06,2.08E-06,-7.11E-06,0.17523223,0.5782664,0.572763324
0.030620231,-8.59E-05,-8.59E-05,3.52E-06,3.52E-06,-2.60E-06,6.58E-06,0.17000315,0.56101036,0.572764278
0.030630231,-9.66E-05,-9.66E-05,-4.04E-06,-4.04E-06,2.08E-06,-7.11E-06,0.16493006,0.5442693,0.572765175
0.030640231,-8.58E-05,-8.58E-05,3.52E-06,3.52E-06,-2.60E-06,6.58E-06,0.16000842,0.5280278,0.57276602
0.030650231,-9.65E-05,-9.65E-05,-4.04E-06,-4.04E-06,2.08E-06,-7.11E-06,0.15523358,0.5122707,0.572766816
0.030660231,-8.58E-05,-8.58E-05,3.52E-06,3.52E-06,-2.60E-06,6.58E-06,0.15060128,0.49698424,0.572767564
0.030670231,-9.65E-05,-9.65E-05,-4.04E-06,-4.04E-06,2.08E-06,-7.11E-06,0.14610717,0.48215365,0.572768268
0.030680231,-8.57E-05,-8.57E-05,3.52E-06,3.52E-06,-2.60E-06,6.58E-06,0.1417472,0.4677658,0.572768932
0.030690231,-9.64E-05,-9.64E-05,-4.04E-06,-4.04E-06,2.08E-06,-7.11E-06,0.13751732,0.45380735,0.572769556
0.030700231,-8.57E-05,-8.57E-05,3.52E-06,3.52E-06,-2.60E-06,6.58E-06,0.13341369,0.44026518,0.572770143
0.030710231,-9.64E-05,-9.64E-05,-4.04E-06,-4.04E-06,2.08E-06,-7.11E-06,0.12943247,0.42712712,0.572770696
0.030720231,-8.56E-05,-8.56E-05,3.52E-06,3.52E-06,-2.60E-06,6.58E-06,0.1255701,0.41438127,0.572771216
0.030730231,-9.63E-05,-9.63E-05,-4.04E-06,-4.04E-06,2.08E-06,-7.11E-06,0.12182295,0.4020157,0.572771706
0.030740231,-8.56E-05,-8.56E-05,3.52E-06,3.52E-06,-2.60E-06,6.58E-06,0.11818766,0.39001918,0.572772167
0.030750231,-9.63E-05,-9.63E-05,-4.04E-06,-4.04E-06,2.08E-06,-7.11E-06,0.11466081,0.37838078,0.572772601
0.030760231,-8.56E-05,-8.56E-05,3.51E-06,3.51E-06,-2.60E-06,6.58E-06,0.11123924,0.3670895,0.572773009
0.030770231,-9.62E-05,-9.62E-05,-4.04E-06,-4.04E-06,2.08E-06,-7.11E-06,0.10791974,0.35613513,0.572773393
0.030780231,-8.55E-05,-8.55E-05,3.51E-06,3.51E-06,-2.60E-06,6.58E-06,0.104699336,0.34550786,0.572773755
0.030790231,-9.62E-05,-9.62E-05,-4.04E-06,-4.04E-06,2.08E-06,-7.11E-06,0.10157499,0.33519745,0.572774096
0.030800231,-8.55E-05,-8.55E-05,3.51E-06,3.51E-06,-2.60E-06,6.58E-06,0.09854392,0.32519507,0.572774416
0.030810231,-9.62E-05,-9.62E-05,-4.04E-06,-4.04E-06,2.08E-06,-7.11E-06,0.09560326,0.31549072,0.572774718
0.030820231,-8.54E-05,-8.54E-05,3.51E-06,3.51E-06,-2.60E-06,6.58E-06,0.092750385,0.3060763,0.572775002
0.030830231,-9.61E-05,-9.61E-05,-4.04E-06,-4.04E-06,2.08E-06,-7.11E-06,0.089982614,0.2969427,0.572775269
0.030840231,-8.54E-05,-8.54E-05,3.51E-06,3.51E-06,-2.60E-06,6.58E-06,0.08729747,0.28808165,0.57277552
0.030850231,-9.61E-05,-9.61E-05,-4.04E-06,-4.04E-06,2.08E-06,-7.11E-06,0.08469242,0.279485,0.572775757
0.030860231,-8.54E-05,-8.54E-05,3.51E-06,3.51E-06,-2.60E-06,6.58E-06,0.082165144,0.2711451,0.57277598
0.030870231,-9.61E-05,-9.61E-05,-4.04E-06,-4.04E-06,2.08E-06,-7.11E-06,0.07971324,0.2630539,0.572776189
0.030880231,-8.54E-05,-8.54E-05,3.51E-06,3.51E-06,-2.60E-06,6.58E-06,0.077334546,0.25520396,0.572776387
0.030890231,-9.60E-05,-9.60E-05,-4.04E-06,-4.04E-06,2.08E-06,-7.11E-06,0.075026795,0.2475884,0.572776573
0.030900231,-8.53E-05,-8.53E-05,3.51E-06,3.51E-06,-2.60E-06,6.58E-06,0.072787955,0.24020028,0.572776747
0.030910231,-9.60E-05,-9.60E-05,-4.04E-06,-4.04E-06,2.08E-06,-7.11E-06,0.07061588,0.23303223,0.572776912
0.030920231,-8.53E-05,-8.53E-05,3.51E-06,3.51E-06,-2.60E-06,6.58E-06,0.06850866,0.22607851,0.572777067
0.030930231,-9.60E-05,-9.60E-05,-4.04E-06,-4.04E-06,2.08E-06,-7.11E-06,0.06646428,0.21933222,0.572777213
0.030940231,-8.53E-05,-8.53E-05,3.51E-06,3.51E-06,-2.60E-06,6.58E-06,0.06448096,0.21278715,0.57277735
0.030950231,-9.60E-05,-9.60E-05,-4.04E-06,-4.04E-06,2.08E-06,-7.11E-06,0.06255677,0.20643735,0.572777479
0.030960231,-8.53E-05,-8.53E-05,3.51E-06,3.51E-06,-2.60E-06,6.58E-06,0.06069005,0.20027709,0.572777601
0.030970231,-9.59E-05,-9.59E-05,-4.04E-06,-4.04E-06,2.08E-06,-7.11E-06,0.058878988,0.19430065,0.572777715
0.030980231,-8.52E-05,-8.52E-05,3.51E-06,3.51E-06,-2.60E-06,6.58E-06,0.05712201,0.18850255,0.572777823
0.030990231,-9.59E-05,-9.59E-05,-4.04E-06,-4.04E-06,2.08E-06,-7.11E-06,0.055417426,0.18287754,0.572777923
0.031,-8.52E-05,-8.52E-05,3.51E-06,3.51E-06,-2.60E-06,6.58E-06,0.05380137,0.1775446,0.572777969
0.031,-8.89E-05,-8.89E-05,-2.96E-06,-2.96E-06,8.53E-07,-3.05E-06,0.053801354,0.1775446,0.572777969
0.031,-9.12E-05,-9.12E-05,2.49E-06,2.49E-06,-9.69E-07,2.65E-06,0.053801358,0.1775446,0.572777969
0.031,-8.82E-05,-8.82E-05,-2.85E-06,-2.85E-06,5.49E-07,-3.00E-06,0.053801347,0.17754436,0.572777969
0.031,-9.14E-05,-9.14E-05,2.27E-06,2.27E-06,-1.03E-06,2.42E-06,0.05380135,0.17754436,0.572777969
0.031,-8.81E-05,-8.81E-05,-2.75E-06,-2.75E-06,5.01E-07,-2.90E-06,0.053801335,0.17754436,0.572777969
0.031,-9.18E-05,-9.18E-05,2.20E-06,2.20E-06,-1.03E-06,2.35E-06,0.053801324,0.17754436,0.572777969
0.031,-8.85E-05,-8.85E-05,-2.72E-06,-2.72E-06,4.97E-07,-2.87E-06,0.053801283,0.17754436,0.572777969
0.031000001,-9.21E-05,-9.21E-05,2.19E-06,2.19E-06,-1.02E-06,2.34E-06,0.053801224,0.17754412,0.572777969
0.031000002,-8.88E-05,-8.88E-05,-2.71E-06,-2.71E-06,4.98E-07,-2.86E-06,0.05380108,0.1775434,0.572777969
0.031000003,-9.23E-05,-9.23E-05,2.19E-06,2.19E-06,-1.02E-06,2.33E-06,0.053800814,0.17754269,0.572777969
0.031000006,-8.88E-05,-8.88E-05,-2.71E-06,-2.71E-06,4.98E-07,-2.86E-06,0.05380045,0.1775415,0.57277797
0.031000009,-9.23E-05,-9.23E-05,2.19E-06,2.19E-06,-1.02E-06,2.33E-06,0.053799868,0.17753959,0.57277797
0.031000016,-8.88E-05,-8.88E-05,-2.71E-06,-2.71E-06,4.98E-07,-2.86E-06,0.05379873,0.17753577,0.57277797
0.03100003,-9.23E-05,-9.23E-05,2.19E-06,2.19E-06,-1.02E-06,2.33E-06,0.053796485,0.17752838,0.57277797
0.031000058,-8.88E-05,-8.88E-05,-2.71E-06,-2.71E-06,4.98E-07,-2.86E-06,0.053791966,0.1775136,0.57277797
0.031000113,-9.23E-05,-9.23E-05,2.19E-06,2.19E-06,-1.02E-06,2.33E-06,0.05378295,0.1774838,0.572777971
0.031000224,-8.88E-05,-8.88E-05,-2.71E-06,-2.71E-06,4.98E-07,-2.86E-06,0.053764906,0.17742419,0.572777973
0.031000445,-9.23E-05,-9.23E-05,2.19E-06,2.19E-06,-1.02E-06,2.33E-06,0.053728856,0.17730522,0.572777976
0.031000888,-8.88E-05,-8.88E-05,-2.71E-06,-2.71E-06,4.98E-07,-2.86E-06,0.053656805,0.17706728,0.572777982
0.031001774,-9.23E-05,-9.23E-05,2.19E-06,2.19E-06,-1.02E-06,2.33E-06,0.053513017,0.17659307,0.572777995
0.031003546,-8.88E-05,-8.88E-05,-2.71E-06,-2.71E-06,4.98E-07,-2.86E-06,0.053226568,0.17564774,0.57277802
0.031007089,-9.23E-05,-9.23E-05,2.19E-06,2.19E-06,-1.02E-06,2.33E-06,0.052658282,0.17377234,0.572778068
0.031014176,-8.88E-05,-8.88E-05,-2.71E-06,-2.71E-06,4.98E-07,-2.86E-06,0.051539797,0.17008138,0.572778143
0.031024176,-9.23E-05,-9.23E-05,2.19E-06,2.19E-06,-1.02E-06,2.33E-06,0.050001815,0.16500592,0.572778226
0.031034176,-8.88E-05,-8.88E-05,-2.71E-06,-2.71E-06,4.98E-07,-2.86E-06,0.048509717,0.1600821,0.572778303
0.031044176,-9.23E-05,-9.23E-05,2.19E-06,2.19E-06,-1.02E-06,2.33E-06,0.04706216,0.15530515,0.572778376
0.031054176,-8.87E-05,-8.87E-05,-2.71E-06,-2.71E-06,4.98E-07,-2.86E-06,0.045657784,0.15067077,0.572778445
0.031064176,-9.23E-05,-9.23E-05,2.19E-06,2.19E-06,-1.02E-06,2.33E-06,0.04429533,0.14617467,0.57277851
0.031074176,-8.87E-05,-8.87E-05,-2.71E-06,-2.71E-06,4.98E-07,-2.86E-06,0.04297352,0.1418128,0.572778571
0.031084176,-9.22E-05,-9.22E-05,2.19E-06,2.19E-06,-1.02E-06,2.33E-06,0.041691165,0.13758087,0.572778628
0.031094176,-8.87E-05,-8.87E-05,-2.71E-06,-2.71E-06,4.98E-07,-2.86E-06,0.040447064,0.1334753,0.572778682
0.031104176,-9.22E-05,-9.22E-05,2.19E-06,2.19E-06,-1.02E-06,2.33E-06,0.039240107,0.12949228,0.572778733
0.031114176,-8.87E-05,-8.87E-05,-2.71E-06,-2.71E-06,4.98E-07,-2.86E-06,0.038069148,0.12562823,0.572778781
0.031124176,-9.22E-05,-9.22E-05,2.19E-06,2.19E-06,-1.02E-06,2.33E-06,0.036933146,0.12187934,0.572778826
0.031134176,-8.87E-05,-8.87E-05,-2.71E-06,-2.71E-06,4.98E-07,-2.86E-06,0.03583103,0.118242264,0.572778868
0.031144176,-9.22E-05,-9.22E-05,2.19E-06,2.19E-06,-1.02E-06,2.33E-06,0.03476182,0.114714146,0.572778908
0.031154176,-8.87E-05,-8.87E-05,-2.71E-06,-2.71E-06,4.98E-07,-2.86E-06,0.033724498,0.11129093,0.572778946
0.031164176,-9.22E-05,-9.22E-05,2.19E-06,2.19E-06,-1.02E-06,2.33E-06,0.032718144,0.10797,0.572778981
0.031174176,-8.87E-05,-8.87E-05,-2.71E-06,-2.71E-06,4.98E-07,-2.86E-06,0.03174181,0.10474801,0.572779014
0.031184176,-9.22E-05,-9.22E-05,2.19E-06,2.19E-06,-1.02E-06,2.33E-06,0.030794624,0.10162234,0.572779045
0.031194176,-8.87E-05,-8.87E-05,-2.71E-06,-2.71E-06,4.98E-07,-2.86E-06,0.029875688,0.09858966,0.572779075
0.031204176,-9.22E-05,-9.22E-05,2.19E-06,2.19E-06,-1.02E-06,2.33E-06,0.028984189,0.09564781,0.572779103
0.031214176,-8.86E-05,-8.86E-05,-2.71E-06,-2.71E-06,4.98E-07,-2.86E-06,0.02811928,0.0927937,0.572779129
0.031224176,-9.22E-05,-9.22E-05,2.19E-06,2.19E-06,-1.02E-06,2.33E-06,0.027280193,0.09002447,0.572779153
0.031234176,-8.86E-05,-8.86E-05,-2.71E-06,-2.71E-06,4.98E-07,-2.86E-06,0.026466131,0.08733821,0.572779176
0.031244176,-9.22E-05,-9.22E-05,2.19E-06,2.19E-06,-1.02E-06,2.33E-06,0.025676377,0.084732056,0.572779198
0.031254176,-8.86E-05,-8.86E-05,-2.71E-06,-2.71E-06,4.98E-07,-2.86E-06,0.024910174,0.08220363,0.572779219
0.031264176,-9.21E-05,-9.21E-05,2.19E-06,2.19E-06,-1.02E-06,2.33E-06,0.024166852,0.07975054,0.572779238
0.031274176,-8.86E-05,-8.86E-05,-2.71E-06,-2.71E-06,4.98E-07,-2.86E-06,0.023445696,0.07737088,0.572779256
0.031284176,-9.21E-05,-9.21E-05,2.19E-06,2.19E-06,-1.02E-06,2.33E-06,0.022746075,0.07506204,0.572779273
0.031294176,-8.86E-05,-8.86E-05,-2.71E-06,-2.71E-06,4.98E-07,-2.86E-06,0.022067316,0.072822094,0.572779289
0.031304176,-9.21E-05,-9.21E-05,2.19E-06,2.19E-06,-1.02E-06,2.33E-06,0.021408828,0.07064915,0.572779304
0.031314176,-8.86E-05,-8.86E-05,-2.71E-06,-2.71E-06,4.98E-07,-2.86E-06,0.020769974,0.06854081,0.572779319
0.031324176,-9.21E-05,-9.21E-05,2.19E-06,2.19E-06,-1.02E-06,2.33E-06,0.0201502,0.06649566,0.572779332
0.031334176,-8.86E-05,-8.86E-05,-2.71E-06,-2.71E-06,4.98E-07,-2.86E-06,0.019548904,0.0645113,0.572779345
0.031344176,-9.21E-05,-9.21E-05,2.19E-06,2.19E-06,-1.02E-06,2.33E-06,0.018965567,0.06258631,0.572779356
0.031354176,-8.86E-05,-8.86E-05,-2.71E-06,-2.71E-06,4.98E-07,-2.86E-06,0.018399622,0.060718536,0.572779368
0.031364176,-9.21E-05,-9.21E-05,2.19E-06,2.19E-06,-1.02E-06,2.33E-06,0.017850582,0.058906794,0.572779378
0.031374176,-8.86E-05,-8.86E-05,-2.71E-06,-2.71E-06,4.98E-07,-2.86E-06,0.01731791,0.05714917,0.572779388
0.031384176,-9.21E-05,-9.21E-05,2.19E-06,2.19E-06,-1.02E-06,2.33E-06,0.016801149,0.055443764,0.572779397
0.031394176,-8.86E-05,-8.86E-05,-2.71E-06,-2.71E-06,4.98E-07,-2.86E-06,0.016299792,0.053789377,0.572779406
0.031404176,-9.21E-05,-9.21E-05,2.19E-06,2.19E-06,-1.02E-06,2.33E-06,0.015813412,0.052184105,0.572779414
0.031414176,-8.86E-05,-8.86E-05,-2.71E-06,-2.71E-06,4.98E-07,-2.86E-06,0.015341532,0.050626993,0.572779422
0.031424176,-9.21E-05,-9.21E-05,2.19E-06,2.19E-06,-1.02E-06,2.33E-06,0.014883747,0.049116373,0.572779429
0.031434176,-8.86E-05,-8.86E-05,-2.71E-06,-2.71E-06,4.98E-07,-2.86E-06,0.014439609,0.047650814,0.572779436
0.031444176,-9.21E-05,-9.21E-05,2.19E-06,2.19E-06,-1.02E-06,2.33E-06,0.014008739,0.046228886,0.572779443
0.031454176,-8.86E-05,-8.86E-05,-2.71E-06,-2.71E-06,4.98E-07,-2.86E-06,0.013590711,0.044849157,0.572779449
0.031464176,-9.21E-05,-9.21E-05,2.19E-06,2.19E-06,-1.02E-06,2.33E-06,0.013185173,0.043511152,0.572779455
0.031474176,-8.86E-05,-8.86E-05,-2.71E-06,-2.71E-06,4.98E-07,-2.86E-06,0.012791722,0.042212725,0.57277946
0.031484176,-9.21E-05,-9.21E-05,2.19E-06,2.19E-06,-1.02E-06,2.33E-06,0.012410027,0.04095316,0.572779465
0.031494176,-8.85E-05,-8.85E-05,-2.71E-06,-2.71E-06,4.98E-07,-2.86E-06,0.012039707,0.039731026,0.57277947
0.031504176,-9.21E-05,-9.21E-05,2.19E-06,2.19E-06,-1.02E-06,2.33E-06,0.011680452,0.03854537,0.572779474
0.031514176,-8.85E-05,-8.85E-05,-2.71E-06,-2.71E-06,4.98E-07,-2.86E-06,0.011331904,0.03739524,0.572779479
0.031524176,-9.21E-05,-9.21E-05,2.19E-06,2.19E-06,-1.02E-06,2.33E-06,0.01099377,0.03627944,0.572779483
0.031534176,-8.85E-05,-8.85E-05,-2.71E-06,-2.71E-06,4.98E-07,-2.86E-06,0.010665713,0.03519678,0.572779486
0.031544176,-9.21E-05,-9.21E-05,2.19E-06,2.19E-06,-1.02E-06,2.33E-06,0.01034746,0.034146786,0.57277949
0.031554176,-8.85E-05,-8.85E-05,-2.71E-06,-2.71E-06,4.98E-07,-2.86E-06,0.010038689,0.033127546,0.572779493
0.031564176,-9.21E-05,-9.21E-05,2.19E-06,2.19E-06,-1.02E-06,2.33E-06,0.009739148,0.032139063,0.572779496
0.031574176,-8.85E-05,-8.85E-05,-2.71E-06,-2.71E-06,4.98E-07,-2.86E-06,0.009448529,0.031180143,0.572779499
0.031584176,-9.21E-05,-9.21E-05,2.19E-06,2.19E-06,-1.02E-06,2.33E-06,0.009166598,0.030249834,0.572779502
0.031594176,-8.85E-05,-8.85E-05,-2.71E-06,-2.71E-06,4.98E-07,-2.86E-06,0.008893065,0.029347181,0.572779505
0.031604176,-9.21E-05,-9.21E-05,2.19E-06,2.19E-06,-1.02E-06,2.33E-06,0.00862771,0.02847147,0.572779507
0.031614176,-8.85E-05,-8.85E-05,-2.71E-06,-2.71E-06,4.98E-07,-2.86E-06,0.008370258,0.027621984,0.572779509
0.031624176,-9.20E-05,-9.20E-05,2.19E-06,2.19E-06,-1.02E-06,2.33E-06,0.008120504,0.026797771,0.572779512
0.031634176,-8.85E-05,-8.85E-05,-2.71E-06,-2.71E-06,4.98E-07,-2.86E-06,0.007878188,0.025997877,0.572779514
0.031644176,-9.20E-05,-9.20E-05,2.19E-06,2.19E-06,-1.02E-06,2.33E-06,0.007643118,0.025222301,0.572779516
0.031654176,-8.85E-05,-8.85E-05,-2.71E-06,-2.71E-06,4.98E-07,-2.86E-06,0.007415047,0.024469614,0.572779517
0.031664176,-9.20E-05,-9.20E-05,2.19E-06,2.19E-06,-1.02E-06,2.33E-06,0.007193797,0.023739338,0.572779519
0.031674176,-8.85E-05,-8.85E-05,-2.71E-06,-2.71E-06,4.98E-07,-2.86E-06,0.006979135,0.023030996,0.572779521
0.031684176,-9.20E-05,-9.20E-05,2.19E-06,2.19E-06,-1.02E-06,2.33E-06,0.006770894,0.022343874,0.572779522
0.031694176,-8.85E-05,-8.85E-05,-2.71E-06,-2.71E-06,4.98E-07,-2.86E-06,0.006568851,0.021677017,0.572779524
0.031704176,-9.20E-05,-9.20E-05,2.19E-06,2.19E-06,-1.02E-06,2.33E-06,0.006372853,0.021030426,0.572779525
0.031714176,-8.85E-05,-8.85E-05,-2.71E-06,-2.71E-06,4.98E-07,-2.86E-06,0.006182688,0.020402908,0.572779526
0.031724176,-9.20E-05,-9.20E-05,2.19E-06,2.19E-06,-1.02E-06,2.33E-06,0.005998213,0.019793987,0.572779527
0.031734176,-8.85E-05,-8.85E-05,-2.71E-06,-2.71E-06,4.98E-07,-2.86E-06,0.005819229,0.019203424,0.572779529
0.031744176,-9.20E-05,-9.20E-05,2.19E-06,2.19E-06,-1.02E-06,2.33E-06,0.0056456,0.018630266,0.57277953
0.031754176,-8.85E-05,-8.85E-05,-2.71E-06,-2.71E-06,4.98E-07,-2.86E-06,0.005477137,0.018074512,0.572779531
0.031764176,-9.20E-05,-9.20E-05,2.19E-06,2.19E-06,-1.02E-06,2.33E-06,0.005313717,0.017535448,0.572779532
0.031774176,-8.85E-05,-8.85E-05,-2.71E-06,-2.71E-06,4.98E-07,-2.86E-06,0.005155158,0.01701212,0.572779532
0.031784176,-9.20E-05,-9.20E-05,2.19E-06,2.19E-06,-1.02E-06,2.33E-06,0.005001346,0.016504526,0.572779533
0.031794176,-8.85E-05,-8.85E-05,-2.71E-06,-2.71E-06,4.98E-07,-2.86E-06,0.004852108,0.016011953,0.572779534
0.031804176,-9.20E-05,-9.20E-05,2.19E-06,2.19E-06,-1.02E-06,2.33E-06,0.00470734,0.015534401,0.572779535
0.031814176,-8.85E-05,-8.85E-05,-2.71E-06,-2.71E-06,4.98E-07,-2.86E-06,0.004566876,0.015070677,0.572779535
0.031824176,-9.20E-05,-9.20E-05,2.19E-06,2.19E-06,-1.02E-06,2.33E-06,0.004430619,0.014621019,0.572779536
0.031834176,-8.85E-05,-8.85E-05,-2.71E-06,-2.71E-06,4.98E-07,-2.86E-06,0.004298412,0.014184713,0.572779537
0.031844176,-9.20E-05,-9.20E-05,2.19E-06,2.19E-06,-1.02E-06,2.33E-06,0.004170166,0.01376152,0.572779537
0.031854176,-8.85E-05,-8.85E-05,-2.71E-06,-2.71E-06,4.98E-07,-2.86E-06,0.004045732,0.013350964,0.572779538
0.031864176,-9.20E-05,-9.20E-05,2.19E-06,2.19E-06,-1.02E-06,2.33E-06,0.003925026,0.012952566,0.572779538
0.031874176,-8.85E-05,-8.85E-05,-2.71E-06,-2.71E-06,4.98E-07,-2.86E-06,0.003807908,0.012566328,0.572779539
0.031884176,-9.20E-05,-9.20E-05,2.19E-06,2.19E-06,-1.02E-06,2.33E-06,0.003694299,0.012191296,0.572779539
0.031894176,-8.85E-05,-8.85E-05,-2.71E-06,-2.71E-06,4.98E-07,-2.86E-06,0.003584065,0.011827469,0.57277954
0.031904176,-9.20E-05,-9.20E-05,2.19E-06,2.19E-06,-1.02E-06,2.33E-06,0.003477136,0.011474609,0.57277954
0.031914176,-8.85E-05,-8.85E-05,-2.71E-06,-2.71E-06,4.98E-07,-2.86E-06,0.003373383,0.01113224,0.57277954
0.031924176,-9.20E-05,-9.20E-05,2.19E-06,2.19E-06,-1.02E-06,2.33E-06,0.003272741,0.010799885,0.572779541
0.031934176,-8.85E-05,-8.85E-05,-2.71E-06,-2.71E-06,4.98E-07,-2.86E-06,0.003175087,0.010477781,0.572779541
0.031944176,-9.20E-05,-9.20E-05,2.19E-06,2.19E-06,-1.02E-06,2.33E-06,0.003080362,0.010165215,0.572779541
0.031954176,-8.85E-05,-8.85E-05,-2.71E-06,-2.71E-06,4.98E-07,-2.86E-06,0.002988449,0.009861708,0.572779542
0.031964176,-9.20E-05,-9.20E-05,2.19E-06,2.19E-06,-1.02E-06,2.33E-06,0.002899294,0.009567738,0.572779542
0.031974176,-8.85E-05,-8.85E-05,-2.71E-06,-2.71E-06,4.98E-07,-2.86E-06,0.002812784,0.009282112,0.572779542
0.031984176,-9.20E-05,-9.20E-05,2.19E-06,2.19E-06,-1.02E-06,2.33E-06,0.00272887,0.009005308,0.572779542
0.031994176,-8.85E-05,-8.85E-05,-2.71E-06,-2.71E-06,4.98E-07,-2.86E-06,0.002647446,0.008736372,0.572779543
0.032004176,-9.20E-05,-9.20E-05,2.19E-06,2.19E-06,-1.02E-06,2.33E-06,0.002568467,0.008476019,0.572779543
0.032014176,-8.85E-05,-8.85E-05,-2.71E-06,-2.71E-06,4.98E-07,-2.86E-06,0.002491829,0.008223057,0.572779543
0.032024176,-9.20E-05,-9.20E-05,2.19E-06,2.19E-06,-1.02E-06,2.33E-06,0.002417493,0.007977724,0.572779543
0.032034176,-8.85E-05,-8.85E-05,-2.71E-06,-2.71E-06,4.98E-07,-2.86E-06,0.002345361,0.007739544,0.572779544
0.032044176,-9.20E-05,-9.20E-05,2.19E-06,2.19E-06,-1.02E-06,2.33E-06,0.002275396,0.007508755,0.572779544
0.032054176,-8.85E-05,-8.85E-05,-2.71E-06,-2.71E-06,4.98E-07,-2.86E-06,0.002207504,0.00728488,0.572779544
0.032064176,-9.20E-05,-9.20E-05,2.19E-06,2.19E-06,-1.02E-06,2.33E-06,0.002141653,0.007067442,0.572779544
0.032074176,-8.85E-05,-8.85E-05,-2.71E-06,-2.71E-06,4.98E-07,-2.86E-06,0.002077752,0.006856442,0.572779544
0.032084176,-9.20E-05,-9.20E-05,2.19E-06,2.19E-06,-1.02E-06,2.33E-06,0.002015773,0.006652117,0.572779544
0.032094176,-8.85E-05,-8.85E-05,-2.71E-06,-2.71E-06,4.98E-07,-2.86E-06,0.001955628,0.006453514,0.572779544
0.032104176,-9.20E-05,-9.20E-05,2.19E-06,2.19E-06,-1.02E-06,2.33E-06,0.001897293,0.00626111,0.572779545
0.032114176,-8.85E-05,-8.85E-05,-2.71E-06,-2.71E-06,4.98E-07,-2.86E-06,0.001840684,0.00607419,0.572779545
0.032124176,-9.20E-05,-9.20E-05,2.19E-06,2.19E-06,-1.02E-06,2.33E-06,0.001785779,0.005892992,0.572779545
0.032134176,-8.85E-05,-8.85E-05,-2.71E-06,-2.71E-06,4.98E-07,-2.86E-06,0.001732498,0.005717278,0.572779545
0.032144176,-9.20E-05,-9.20E-05,2.19E-06,2.19E-06,-1.02E-06,2.33E-06,0.001680821,0.005546808,0.572779545
0.032154176,-8.85E-05,-8.85E-05,-2.71E-06,-2.71E-06,4.98E-07,-2.86E-06,0.001630672,0.005381107,0.572779545
0.032164176,-9.20E-05,-9.20E-05,2.19E-06,2.19E-06,-1.02E-06,2.33E-06,0.001582034,0.005220652,0.572779545
0.032174176,-8.85E-05,-8.85E-05,-2.71E-06,-2.71E-06,4.98E-07,-2.86E-06,0.001534833,0.005064964,0.572779545
0.032184176,-9.20E-05,-9.20E-05,2.19E-06,2.19E-06,-1.02E-06,2.33E-06,0.001489055,0.004914045,0.572779545
0.032194176,-8.85E-05,-8.85E-05,-2.71E-06,-2.71E-06,4.98E-07,-2.86E-06,0.001444628,0.004767418,0.572779545
0.032204176,-9.20E-05,-9.20E-05,2.19E-06,2.19E-06,-1.02E-06,2.33E-06,0.001401542,0.004625082,0.572779545
0.032214176,-8.85E-05,-8.85E-05,-2.71E-06,-2.71E-06,4.98E-07,-2.86E-06,0.001359727,0.004487038,0.572779545
0.032224176,-9.20E-05,-9.20E-05,2.19E-06,2.19E-06,-1.02E-06,2.33E-06,0.001319174,0.004353285,0.572779546
0.032234176,-8.85E-05,-8.85E-05,-2.71E-06,-2.71E-06,4.98E-07,-2.86E-06,0.001279817,0.004223347,0.572779546
0.032244176,-9.20E-05,-9.20E-05,2.19E-06,2.19E-06,-1.02E-06,2.33E-06,0.001241649,0.004097223,0.572779546
0.032254176,-8.85E-05,-8.85E-05,-2.71E-06,-2.71E-06,4.98E-07,-2.86E-06,0.001204605,0.003975391,0.572779546
0.032264176,-9.20E-05,-9.20E-05,2.19E-06,2.19E-06,-1.02E-06,2.33E-06,0.001168681,0.003856659,0.572779546
0.032274176,-8.85E-05,-8.85E-05,-2.71E-06,-2.71E-06,4.98E-07,-2.86E-06,0.001133815,0.003741741,0.572779546
0.032284176,-9.20E-05,-9.20E-05,2.19E-06,2.19E-06,-1.02E-06,2.33E-06,0.001100004,0.003629923,0.572779546
0.032294176,-8.85E-05,-8.85E-05,-2.71E-06,-2.71E-06,4.98E-07,-2.86E-06,0.001067186,0.003521681,0.572779546
0.032304176,-9.20E-05,-9.20E-05,2.19E-06,2.19E-06,-1.02E-06,2.33E-06,0.001035364,0.003416538,0.572779546
0.032314176,-8.85E-05,-8.85E-05,-2.71E-06,-2.71E-06,4.98E-07,-2.86E-06,0.001004475,0.003314734,0.572779546
0.032324176,-9.20E-05,-9.20E-05,2.19E-06,2.19E-06,-1.02E-06,2.33E-06,0.000974524,0.00321579,0.572779546
0.032334176,-8.85E-05,-8.85E-05,-2.71E-06,-2.71E-06,4.98E-07,-2.86E-06,0.000945451,0.003120184,0.572779546
0.032344176,-9.20E-05,-9.20E-05,2.19E-06,2.19E-06,-1.02E-06,2.33E-06,0.000917261,0.003026962,0.572779546
0.032354176,-8.85E-05,-8.85E-05,-2.71E-06,-2.71E-06,4.98E-07,-2.86E-06,0.000889897,0.002936602,0.572779546
0.032364176,-9.20E-05,-9.20E-05,2.19E-06,2.19E-06,-1.02E-06,2.33E-06,0.000863365,0.002849102,0.572779546
0.032374176,-8.85E-05,-8.85E-05,-2.71E-06,-2.71E-06,4.98E-07,-2.86E-06,0.000837609,0.002764225,0.572779546
0.032384176,-9.20E-05,-9.20E-05,2.19E-06,2.19E-06,-1.02E-06,2.33E-06,0.000812637,0.002681732,0.572779546
0.032394176,-8.85E-05,-8.85E-05,-2.71E-06,-2.71E-06,4.98E-07,-2.86E-06,0.000788395,0.002601624,0.572779546
0.032404176,-9.20E-05,-9.20E-05,2.19E-06,2.19E-06,-1.02E-06,2.33E-06,0.000764892,0.002524138,0.572779546
0.032414176,-8.85E-05,-8.85E-05,-2.71E-06,-2.71E-06,4.98E-07,-2.86E-06,0.000742075,0.002448797,0.572779546
0.032424176,-9.20E-05,-9.20E-05,2.19E-06,2.19E-06,-1.02E-06,2.33E-06,0.000719954,0.002375841,0.572779546
0.032434176,-8.85E-05,-8.85E-05,-2.71E-06,-2.71E-06,4.98E-07,-2.86E-06,0.000698478,0.002305031,0.572779546
0.032444176,-9.20E-05,-9.20E-05,2.19E-06,2.19E-06,-1.02E-06,2.33E-06,0.000677658,0.002236366,0.572779546
0.032454176,-8.85E-05,-8.85E-05,-2.71E-06,-2.71E-06,4.98E-07,-2.86E-06,0.000657444,0.002169609,0.572779546
0.032464176,-9.20E-05,-9.20E-05,2.19E-06,2.19E-06,-1.02E-06,2.33E-06,0.000637848,0.002104998,0.572779546
0.032474176,-8.85E-05,-8.85E-05,-2.71E-06,-2.71E-06,4.98E-07,-2.86E-06,0.000618822,0.002042055,0.572779546
0.032484176,-9.20E-05,-9.20E-05,2.19E-06,2.19E-06,-1.02E-06,2.33E-06,0.000600379,0.001981258,0.572779546
0.032494176,-8.85E-05,-8.85E-05,-2.71E-06,-2.71E-06,4.98E-07,-2.86E-06,0.000582471,0.001922131,0.572779546
0.032504176,-9.20E-05,-9.20E-05,2.19E-06,2.19E-06,-1.02E-06,2.33E-06,0.000565113,0.00186491,0.572779546
0.032514176,-8.85E-05,-8.85E-05,-2.71E-06,-2.71E-06,4.98E-07,-2.86E-06,0.000548257,0.00180912,0.572779546
0.032524176,-9.20E-05,-9.20E-05,2.19E-06,2.19E-06,-1.02E-06,2.33E-06,0.00053192,0.001755238,0.572779546
0.032534176,-8.85E-05,-8.85E-05,-2.71E-06,-2.71E-06,4.98E-07,-2.86E-06,0.000516055,0.001703024,0.572779546
0.032544176,-9.20E-05,-9.20E-05,2.19E-06,2.19E-06,-1.02E-06,2.33E-06,0.000500679,0.001652241,0.572779546
0.032554176,-8.85E-05,-8.85E-05,-2.71E-06,-2.71E-06,4.98E-07,-2.86E-06,0.000485746,0.001602888,0.572779546
0.032564176,-9.20E-05,-9.20E-05,2.19E-06,2.19E-06,-1.02E-06,2.33E-06,0.000471274,0.001555204,0.572779546
0.032574176,-8.85E-05,-8.85E-05,-2.71E-06,-2.71E-06,4.98E-07,-2.86E-06,0.000457219,0.001508951,0.572779546
0.032584176,-9.20E-05,-9.20E-05,2.19E-06,2.19E-06,-1.02E-06,2.33E-06,0.000443598,0.00146389,0.572779546
0.032594176,-8.85E-05,-8.85E-05,-2.71E-06,-2.71E-06,4.98E-07,-2.86E-06,0.000430369,0.00142026,0.572779546
0.032604176,-9.20E-05,-9.20E-05,2.19E-06,2.19E-06,-1.02E-06,2.33E-06,0.000417549,0.001378059,0.572779546
0.032614176,-8.85E-05,-8.85E-05,-2.71E-06,-2.71E-06,4.98E-07,-2.86E-06,0.000405097,0.001336813,0.572779546
0.032624176,-9.20E-05,-9.20E-05,2.19E-06,2.19E-06,-1.02E-06,2.33E-06,0.000393032,0.001296997,0.572779546
0.032634176,-8.85E-05,-8.85E-05,-2.71E-06,-2.71E-06,4.98E-07,-2.86E-06,0.000381311,0.001258373,0.572779546
0.032644176,-9.20E-05,-9.20E-05,2.19E-06,2.19E-06,-1.02E-06,2.33E-06,0.000369956,0.001220942,0.572779546
0.032654176,-8.85E-05,-8.85E-05,-2.71E-06,-2.71E-06,4.98E-07,-2.86E-06,0.000358924,0.001184464,0.572779546
0.032664176,-9.20E-05,-9.20E-05,2.19E-06,2.19E-06,-1.02E-06,2.33E-06,0.000348237,0.001149178,0.572779546
0.032674176,-8.85E-05,-8.85E-05,-2.71E-06,-2.71E-06,4.98E-07,-2.86E-06,0.000337853,0.001114845,0.572779546
0.032684176,-9.20E-05,-9.20E-05,2.19E-06,2.19E-06,-1.02E-06,2.33E-06,0.000327794,0.001081705,0.572779546
0.032694176,-8.85E-05,-8.85E-05,-2.71E-06,-2.71E-06,4.98E-07,-2.86E-06,0.000318021,0.001049519,0.572779546
0.032704176,-9.20E-05,-9.20E-05,2.19E-06,2.19E-06,-1.02E-06,2.33E-06,0.000308554,0.001018286,0.572779546
0.032714176,-8.85E-05,-8.85E-05,-2.71E-06,-2.71E-06,4.98E-07,-2.86E-06,0.000299354,0.000987768,0.572779546
0.032724176,-9.20E-05,-9.20E-05,2.19E-06,2.19E-06,-1.02E-06,2.33E-06,0.000290444,0.000958443,0.572779546
0.032734176,-8.85E-05,-8.85E-05,-2.71E-06,-2.71E-06,4.98E-07,-2.86E-06,0.000281785,0.000929832,0.572779546
0.032744176,-9.20E-05,-9.20E-05,2.19E-06,2.19E-06,-1.02E-06,2.33E-06,0.0002734,0.000902176,0.572779546
0.032754176,-8.85E-05,-8.85E-05,-2.71E-06,-2.71E-06,4.98E-07,-2.86E-06,0.000265249,0.000875235,0.572779546
0.032764176,-9.20E-05,-9.20E-05,2.19E-06,2.19E-06,-1.02E-06,2.33E-06,0.000257357,0.000849247,0.572779546
0.032774176,-8.85E-05,-8.85E-05,-2.71E-06,-2.71E-06,4.98E-07,-2.86E-06,0.000249685,0.000823975,0.572779546
0.032784176,-9.20E-05,-9.20E-05,2.19E-06,2.19E-06,-1.02E-06,2.33E-06,0.000242258,0.000799656,0.572779546
0.032794176,-8.85E-05,-8.85E-05,-2.71E-06,-2.71E-06,4.98E-07,-2.86E-06,0.000235037,0.000775814,0.572779546
0.032804176,-9.20E-05,-9.20E-05,2.19E-06,2.19E-06,-1.02E-06,2.33E-06,0.000228046,0.000752687,0.572779546
0.032814176,-8.85E-05,-8.85E-05,-2.71E-06,-2.71E-06,4.98E-07,-2.86E-06,0.000221249,0.000730276,0.572779546
0.032824176,-9.20E-05,-9.20E-05,2.19E-06,2.19E-06,-1.02E-06,2.33E-06,0.00021467,0.00070858,0.572779546
0.032834176,-8.85E-05,-8.85E-05,-2.71E-06,-2.71E-06,4.98E-07,-2.86E-06,0.000208272,0.000687361,0.572779546
0.032844176,-9.20E-05,-9.20E-05,2.19E-06,2.19E-06,-1.02E-06,2.33E-06,0.00020208,0.000666857,0.572779546
0.032854176,-8.85E-05,-8.85E-05,-2.71E-06,-2.71E-06,4.98E-07,-2.86E-06,0.000196058,0.000647068,0.572779546
0.032864176,-9.20E-05,-9.20E-05,2.19E-06,2.19E-06,-1.02E-06,2.33E-06,0.00019023,0.000627756,0.572779546
0.032874176,-8.85E-05,-8.85E-05,-2.71E-06,-2.71E-06,4.98E-07,-2.86E-06,0.000184562,0.000609159,0.572779546
0.032884176,-9.20E-05,-9.20E-05,2.19E-06,2.19E-06,-1.02E-06,2.33E-06,0.000179078,0.00059104,0.572779546
0.032894176,-8.85E-05,-8.85E-05,-2.71E-06,-2.71E-06,4.98E-07,-2.86E-06,0.000173742,0.000573397,0.572779546
0.032904176,-9.20E-05,-9.20E-05,2.19E-06,2.19E-06,-1.02E-06,2.33E-06,0.00016858,0.000556231,0.572779546
0.032914176,-8.85E-05,-8.85E-05,-2.71E-06,-2.71E-06,4.98E-07,-2.86E-06,0.000163558,0.00053978,0.572779546
0.032924176,-9.20E-05,-9.20E-05,2.19E-06,2.19E-06,-1.02E-06,2.33E-06,0.0001587,0.000523806,0.572779546
0.032934176,-8.85E-05,-8.85E-05,-2.71E-06,-2.71E-06,4.98E-07,-2.86E-06,0.000153973,0.00050807,0.572779546
0.032944176,-9.20E-05,-9.20E-05,2.19E-06,2.19E-06,-1.02E-06,2.33E-06,0.000149401,0.00049305,0.572779546
0.032954176,-8.85E-05,-8.85E-05,-2.71E-06,-2.71E-06,4.98E-07,-2.86E-06,0.000144951,0.000478268,0.572779546
0.032964176,-9.20E-05,-9.20E-05,2.19E-06,2.19E-06,-1.02E-06,2.33E-06,0.000140649,0.000464201,0.572779546
0.032974176,-8.85E-05,-8.85E-05,-2.71E-06,-2.71E-06,4.98E-07,-2.86E-06,0.00013646,0.000450373,0.572779546
0.032984176,-9.20E-05,-9.20E-05,2.19E-06,2.19E-06,-1.02E-06,2.33E-06,0.000132411,0.000437021,0.572779546
0.032994176,-8.85E-05,-8.85E-05,-2.71E-06,-2.71E-06,4.98E-07,-2.86E-06,0.000128467,0.000423908,0.572779546
0.033004176,-9.20E-05,-9.20E-05,2.19E-06,2.19E-06,-1.02E-06,2.33E-06,0.000124657,0.000411272,0.572779546
0.033014176,-8.85E-05,-8.85E-05,-2.71E-06,-2.71E-06,4.98E-07,-2.86E-06,0.000120945,0.000399113,0.572779546
0.033024176,-9.20E-05,-9.20E-05,2.19E-06,2.19E-06,-1.02E-06,2.33E-06,0.000117359,0.000387192,0.572779546
0.033034176,-8.85E-05,-8.85E-05,-2.71E-06,-2.71E-06,4.98E-07,-2.86E-06,0.000113865,0.000375748,0.572779546
0.033044176,-9.20E-05,-9.20E-05,2.19E-06,2.19E-06,-1.02E-06,2.33E-06,0.000110491,0.000364542,0.572779546
0.033054176,-8.85E-05,-8.85E-05,-2.71E-06,-2.71E-06,4.98E-07,-2.86E-06,0.000107201,0.000353813,0.572779546
0.033064176,-9.20E-05,-9.20E-05,2.19E-06,2.19E-06,-1.02E-06,2.33E-06,0.000104026,0.000343323,0.572779546
0.033074176,-8.85E-05,-8.85E-05,-2.71E-06,-2.71E-06,4.98E-07,-2.86E-06,0.000100929,0.000333071,0.572779546
0.033084176,-9.20E-05,-9.20E-05,2.19E-06,2.19E-06,-1.02E-06,2.33E-06,9.79E-05,0.000323057,0.572779546
0.033094176,-8.85E-05,-8.85E-05,-2.71E-06,-2.71E-06,4.98E-07,-2.86E-06,9.50E-05,0.00031352,0.572779546
0.033104176,-9.20E-05,-9.20E-05,2.19E-06,2.19E-06,-1.02E-06,2.33E-06,9.22E-05,0.000304222,0.572779546
0.033114176,-8.85E-05,-8.85E-05,-2.71E-06,-2.71E-06,4.98E-07,-2.86E-06,8.95E-05,0.000295162,0.572779546
0.033124176,-9.20E-05,-9.20E-05,2.19E-06,2.19E-06,-1.02E-06,2.33E-06,8.68E-05,0.000286341,0.572779546
0.033134176,-8.85E-05,-8.85E-05,-2.71E-06,-2.71E-06,4.98E-07,-2.86E-06,8.42E-05,0.000277996,0.572779546
0.033144176,-9.20E-05,-9.20E-05,2.19E-06,2.19E-06,-1.02E-06,2.33E-06,8.17E-05,0.000269651,0.572779546
0.033154176,-8.85E-05,-8.85E-05,-2.71E-06,-2.71E-06,4.98E-07,-2.86E-06,7.93E-05,0.000261545,0.572779546
0.033164176,-9.20E-05,-9.20E-05,2.19E-06,2.19E-06,-1.02E-06,2.33E-06,7.70E-05,0.000253916,0.572779546
0.033174176,-8.85E-05,-8.85E-05,-2.71E-06,-2.71E-06,4.98E-07,-2.86E-06,7.47E-05,0.000246286,0.572779546
0.033184176,-9.20E-05,-9.20E-05,2.19E-06,2.19E-06,-1.02E-06,2.33E-06,7.25E-05,0.000239372,0.572779546
0.033194176,-8.85E-05,-8.85E-05,-2.71E-06,-2.71E-06,4.98E-07,-2.86E-06,7.03E-05,0.00023222,0.572779546
0.033204176,-9.20E-05,-9.20E-05,2.19E-06,2.19E-06,-1.02E-06,2.33E-06,6.83E-05,0.000225306,0.572779546
0.033214176,-8.85E-05,-8.85E-05,-2.71E-06,-2.71E-06,4.98E-07,-2.86E-06,6.62E-05,0.00021863,0.572779546
0.033224176,-9.20E-05,-9.20E-05,2.19E-06,2.19E-06,-1.02E-06,2.33E-06,6.43E-05,0.000212193,0.572779546
0.033234176,-8.85E-05,-8.85E-05,-2.71E-06,-2.71E-06,4.98E-07,-2.86E-06,6.24E-05,0.000205994,0.572779546
0.033244176,-9.20E-05,-9.20E-05,2.19E-06,2.19E-06,-1.02E-06,2.33E-06,6.05E-05,0.000199795,0.572779546
0.033254176,-8.85E-05,-8.85E-05,-2.71E-06,-2.71E-06,4.98E-07,-2.86E-06,5.87E-05,0.000193834,0.572779546
0.033264176,-9.20E-05,-9.20E-05,2.19E-06,2.19E-06,-1.02E-06,2.33E-06,5.70E-05,0.000188112,0.572779546
0.033274176,-8.85E-05,-8.85E-05,-2.71E-06,-2.71E-06,4.98E-07,-2.86E-06,5.53E-05,0.000182629,0.572779546
0.033284176,-9.20E-05,-9.20E-05,2.19E-06,2.19E-06,-1.02E-06,2.33E-06,5.37E-05,0.000177145,0.572779546
0.033294176,-8.85E-05,-8.85E-05,-2.71E-06,-2.71E-06,4.98E-07,-2.86E-06,5.21E-05,0.0001719,0.572779546
0.033304176,-9.20E-05,-9.20E-05,2.19E-06,2.19E-06,-1.02E-06,2.33E-06,5.05E-05,0.000166893,0.572779546
0.033314176,-8.85E-05,-8.85E-05,-2.71E-06,-2.71E-06,4.98E-07,-2.86E-06,4.90E-05,0.000161886,0.572779546
0.033324176,-9.20E-05,-9.20E-05,2.19E-06,2.19E-06,-1.02E-06,2.33E-06,4.76E-05,0.000157118,0.572779546
0.033334176,-8.85E-05,-8.85E-05,-2.71E-06,-2.71E-06,4.98E-07,-2.86E-06,4.62E-05,0.000152588,0.572779546
0.033344176,-9.20E-05,-9.20E-05,2.19E-06,2.19E-06,-1.02E-06,2.33E-06,4.48E-05,0.000148058,0.572779546
0.033354176,-8.85E-05,-8.85E-05,-2.71E-06,-2.71E-06,4.98E-07,-2.86E-06,4.35E-05,0.000143766,0.572779546
0.033364176,-9.20E-05,-9.20E-05,2.19E-06,2.19E-06,-1.02E-06,2.33E-06,4.22E-05,0.000139475,0.572779546
0.033374176,-8.85E-05,-8.85E-05,-2.71E-06,-2.71E-06,4.98E-07,-2.86E-06,4.10E-05,0.000135422,0.572779546
0.033384176,-9.20E-05,-9.20E-05,2.19E-06,2.19E-06,-1.02E-06,2.33E-06,3.98E-05,0.000131369,0.572779546
0.033394176,-8.85E-05,-8.85E-05,-2.71E-06,-2.71E-06,4.98E-07,-2.86E-06,3.86E-05,0.000127554,0.572779546
0.033404176,-9.20E-05,-9.20E-05,2.19E-06,2.19E-06,-1.02E-06,2.33E-06,3.75E-05,0.000123739,0.572779546
0.033414176,-8.85E-05,-8.85E-05,-2.71E-06,-2.71E-06,4.98E-07,-2.86E-06,3.64E-05,0.000120163,0.572779546
0.033424176,-9.20E-05,-9.20E-05,2.19E-06,2.19E-06,-1.02E-06,2.33E-06,3.53E-05,0.000116587,0.572779546
0.033434176,-8.85E-05,-8.85E-05,-2.71E-06,-2.71E-06,4.98E-07,-2.86E-06,3.43E-05,0.00011301,0.572779546
0.033444176,-9.20E-05,-9.20E-05,2.19E-06,2.19E-06,-1.02E-06,2.33E-06,3.33E-05,0.000109911,0.572779546
0.033454176,-8.85E-05,-8.85E-05,-2.71E-06,-2.71E-06,4.98E-07,-2.86E-06,3.23E-05,0.000106573,0.572779546
0.033464176,-9.20E-05,-9.20E-05,2.19E-06,2.19E-06,-1.02E-06,2.33E-06,3.13E-05,0.000103474,0.572779546
0.033474176,-8.85E-05,-8.85E-05,-2.71E-06,-2.71E-06,4.98E-07,-2.86E-06,3.04E-05,0.000100374,0.572779546
0.033484176,-9.20E-05,-9.20E-05,2.19E-06,2.19E-06,-1.02E-06,2.33E-06,2.95E-05,9.75E-05,0.572779546
0.033494176,-8.85E-05,-8.85E-05,-2.71E-06,-2.71E-06,4.98E-07,-2.86E-06,2.87E-05,9.47E-05,0.572779546
0.033504176,-9.20E-05,-9.20E-05,2.19E-06,2.19E-06,-1.02E-06,2.33E-06,2.78E-05,9.18E-05,0.572779546
0.033514176,-8.85E-05,-8.85E-05,-2.71E-06,-2.71E-06,4.98E-07,-2.86E-06,2.70E-05,8.92E-05,0.572779546
0.033524176,-9.20E-05,-9.20E-05,2.19E-06,2.19E-06,-1.02E-06,2.33E-06,2.62E-05,8.65E-05,0.572779546
0.033534176,-8.85E-05,-8.85E-05,-2.71E-06,-2.71E-06,4.98E-07,-2.86E-06,2.54E-05,8.39E-05,0.572779546
0.033544176,-9.20E-05,-9.20E-05,2.19E-06,2.19E-06,-1.02E-06,2.33E-06,2.47E-05,8.15E-05,0.572779546
0.033554176,-8.85E-05,-8.85E-05,-2.71E-06,-2.71E-06,4.98E-07,-2.86E-06,2.40E-05,7.92E-05,0.572779546
0.033564176,-9.20E-05,-9.20E-05,2.19E-06,2.19E-06,-1.02E-06,2.33E-06,2.33E-05,7.68E-05,0.572779546
0.033574176,-8.85E-05,-8.85E-05,-2.71E-06,-2.71E-06,4.98E-07,-2.86E-06,2.26E-05,7.46E-05,0.572779546
0.033584176,-9.20E-05,-9.20E-05,2.19E-06,2.19E-06,-1.02E-06,2.33E-06,2.19E-05,7.25E-05,0.572779546
0.033594176,-8.85E-05,-8.85E-05,-2.71E-06,-2.71E-06,4.98E-07,-2.86E-06,2.13E-05,7.03E-05,0.572779546
0.033604176,-9.20E-05,-9.20E-05,2.19E-06,2.19E-06,-1.02E-06,2.33E-06,2.07E-05,6.82E-05,0.572779546
0.033614176,-8.85E-05,-8.85E-05,-2.71E-06,-2.71E-06,4.98E-07,-2.86E-06,2.01E-05,6.63E-05,0.572779546
0.033624176,-9.20E-05,-9.20E-05,2.19E-06,2.19E-06,-1.02E-06,2.33E-06,1.95E-05,6.44E-05,0.572779546
0.033634176,-8.85E-05,-8.85E-05,-2.71E-06,-2.71E-06,4.98E-07,-2.86E-06,1.89E-05,6.25E-05,0.572779546
0.033644176,-9.20E-05,-9.20E-05,2.19E-06,2.19E-06,-1.02E-06,2.33E-06,1.84E-05,6.08E-05,0.572779546
0.033654176,-8.85E-05,-8.85E-05,-2.71E-06,-2.71E-06,4.98E-07,-2.86E-06,1.78E-05,5.89E-05,0.572779546
0.033664176,-9.20E-05,-9.20E-05,2.19E-06,2.19E-06,-1.02E-06,2.33E-06,1.73E-05,5.72E-05,0.572779546
0.033674176,-8.85E-05,-8.85E-05,-2.71E-06,-2.71E-06,4.98E-07,-2.86E-06,1.68E-05,5.56E-05,0.572779546
0.033684176,-9.20E-05,-9.20E-05,2.19E-06,2.19E-06,-1.02E-06,2.33E-06,1.63E-05,5.39E-05,0.572779546
0.033694176,-8.85E-05,-8.85E-05,-2.71E-06,-2.71E-06,4.98E-07,-2.86E-06,1.59E-05,5.25E-05,0.572779546
0.033704176,-9.20E-05,-9.20E-05,2.19E-06,2.19E-06,-1.02E-06,2.33E-06,1.54E-05,5.08E-05,0.572779546
0.033714176,-8.85E-05,-8.85E-05,-2.71E-06,-2.71E-06,4.98E-07,-2.86E-06,1.50E-05,4.94E-05,0.572779546
0.033724176,-9.20E-05,-9.20E-05,2.19E-06,2.19E-06,-1.02E-06,2.33E-06,1.45E-05,4.79E-05,0.572779546
0.033734176,-8.85E-05,-8.85E-05,-2.71E-06,-2.71E-06,4.98E-07,-2.86E-06,1.41E-05,4.65E-05,0.572779546
0.033744176,-9.20E-05,-9.20E-05,2.19E-06,2.19E-06,-1.02E-06,2.33E-06,1.37E-05,4.53E-05,0.572779546
0.033754176,-8.85E-05,-8.85E-05,-2.71E-06,-2.71E-06,4.98E-07,-2.86E-06,1.33E-05,4.39E-05,0.572779546
0.033764176,-9.20E-05,-9.20E-05,2.19E-06,2.19E-06,-1.02E-06,2.33E-06,1.29E-05,4.27E-05,0.572779546
0.033774176,-8.85E-05,-8.85E-05,-2.71E-06,-2.71E-06,4.98E-07,-2.86E-06,1.26E-05,4.15E-05,0.572779546
0.033784176,-9.20E-05,-9.20E-05,2.19E-06,2.19E-06,-1.02E-06,2.33E-06,1.22E-05,4.03E-05,0.572779546
0.033794176,-8.85E-05,-8.85E-05,-2.71E-06,-2.71E-06,4.98E-07,-2.86E-06,1.19E-05,3.91E-05,0.572779546
0.033804176,-9.20E-05,-9.20E-05,2.19E-06,2.19E-06,-1.02E-06,2.33E-06,1.15E-05,3.79E-05,0.572779546
0.033814176,-8.85E-05,-8.85E-05,-2.71E-06,-2.71E-06,4.98E-07,-2.86E-06,1.12E-05,3.70E-05,0.572779546
0.033824176,-9.20E-05,-9.20E-05,2.19E-06,2.19E-06,-1.02E-06,2.33E-06,1.09E-05,3.60E-05,0.572779546
0.033834176,-8.85E-05,-8.85E-05,-2.71E-06,-2.71E-06,4.98E-07,-2.86E-06,1.06E-05,3.48E-05,0.572779546
0.033844176,-9.20E-05,-9.20E-05,2.19E-06,2.19E-06,-1.02E-06,2.33E-06,1.03E-05,3.39E-05,0.572779546
0.033854176,-8.85E-05,-8.85E-05,-2.71E-06,-2.71E-06,4.98E-07,-2.86E-06,9.97E-06,3.29E-05,0.572779546
0.033864176,-9.20E-05,-9.20E-05,2.19E-06,2.19E-06,-1.02E-06,2.33E-06,9.70E-06,3.19E-05,0.572779546
0.033874176,-8.85E-05,-8.85E-05,-2.71E-06,-2.71E-06,4.98E-07,-2.86E-06,9.42E-06,3.10E-05,0.572779546
0.033884176,-9.20E-05,-9.20E-05,2.19E-06,2.19E-06,-1.02E-06,2.33E-06,9.16E-06,3.03E-05,0.572779546
0.033894176,-8.85E-05,-8.85E-05,-2.71E-06,-2.71E-06,4.98E-07,-2.86E-06,8.89E-06,2.93E-05,0.572779546
0.033904176,-9.20E-05,-9.20E-05,2.19E-06,2.19E-06,-1.02E-06,2.33E-06,8.65E-06,2.86E-05,0.572779546
0.033914176,-8.85E-05,-8.85E-05,-2.71E-06,-2.71E-06,4.98E-07,-2.86E-06,8.40E-06,2.77E-05,0.572779546
0.033924176,-9.20E-05,-9.20E-05,2.19E-06,2.19E-06,-1.02E-06,2.33E-06,8.17E-06,2.69E-05,0.572779546
0.033934176,-8.85E-05,-8.85E-05,-2.71E-06,-2.71E-06,4.98E-07,-2.86E-06,7.94E-06,2.62E-05,0.572779546
0.033944176,-9.20E-05,-9.20E-05,2.19E-06,2.19E-06,-1.02E-06,2.33E-06,7.72E-06,2.55E-05,0.572779546
0.033954176,-8.85E-05,-8.85E-05,-2.71E-06,-2.71E-06,4.98E-07,-2.86E-06,7.50E-06,2.48E-05,0.572779546
0.033964176,-9.20E-05,-9.20E-05,2.19E-06,2.19E-06,-1.02E-06,2.33E-06,7.30E-06,2.41E-05,0.572779546
0.033974176,-8.85E-05,-8.85E-05,-2.71E-06,-2.71E-06,4.98E-07,-2.86E-06,7.09E-06,2.34E-05,0.572779546
0.033984176,-9.20E-05,-9.20E-05,2.19E-06,2.19E-06,-1.02E-06,2.33E-06,6.90E-06,2.26E-05,0.572779546
0.033994176,-8.85E-05,-8.85E-05,-2.71E-06,-2.71E-06,4.98E-07,-2.86E-06,6.70E-06,2.22E-05,0.572779546
0.034004176,-9.20E-05,-9.20E-05,2.19E-06,2.19E-06,-1.02E-06,2.33E-06,6.53E-06,2.15E-05,0.572779546
0.034014176,-8.85E-05,-8.85E-05,-2.71E-06,-2.71E-06,4.98E-07,-2.86E-06,6.34E-06,2.10E-05,0.572779546
0.034024176,-9.20E-05,-9.20E-05,2.19E-06,2.19E-06,-1.02E-06,2.33E-06,6.18E-06,2.03E-05,0.572779546
0.034034176,-8.85E-05,-8.85E-05,-2.71E-06,-2.71E-06,4.98E-07,-2.86E-06,6.00E-06,1.98E-05,0.572779546
0.034044176,-9.20E-05,-9.20E-05,2.19E-06,2.19E-06,-1.02E-06,2.33E-06,5.84E-06,1.93E-05,0.572779546
0.034054176,-8.85E-05,-8.85E-05,-2.71E-06,-2.71E-06,4.98E-07,-2.86E-06,5.68E-06,1.86E-05,0.572779546
0.034064176,-9.20E-05,-9.20E-05,2.19E-06,2.19E-06,-1.02E-06,2.33E-06,5.53E-06,1.81E-05,0.572779546
0.034074176,-8.85E-05,-8.85E-05,-2.71E-06,-2.71E-06,4.98E-07,-2.86E-06,5.37E-06,1.76E-05,0.572779546
0.034084176,-9.20E-05,-9.20E-05,2.19E-06,2.19E-06,-1.02E-06,2.33E-06,5.24E-06,1.72E-05,0.572779546
0.034094176,-8.85E-05,-8.85E-05,-2.71E-06,-2.71E-06,4.98E-07,-2.86E-06,5.09E-06,1.67E-05,0.572779546
0.034104176,-9.20E-05,-9.20E-05,2.19E-06,2.19E-06,-1.02E-06,2.33E-06,4.96E-06,1.65E-05,0.572779546
0.034114176,-8.85E-05,-8.85E-05,-2.71E-06,-2.71E-06,4.98E-07,-2.86E-06,4.82E-06,1.60E-05,0.572779546
0.034124176,-9.20E-05,-9.20E-05,2.19E-06,2.19E-06,-1.02E-06,2.33E-06,4.70E-06,1.55E-05,0.572779546
0.034134176,-8.85E-05,-8.85E-05,-2.71E-06,-2.71E-06,4.98E-07,-2.86E-06,4.57E-06,1.50E-05,0.572779546
0.034144176,-9.20E-05,-9.20E-05,2.19E-06,2.19E-06,-1.02E-06,2.33E-06,4.45E-06,1.48E-05,0.572779546
0.034154176,-8.85E-05,-8.85E-05,-2.71E-06,-2.71E-06,4.98E-07,-2.86E-06,4.33E-06,1.43E-05,0.572779546
0.034164176,-9.20E-05,-9.20E-05,2.19E-06,2.19E-06,-1.02E-06,2.33E-06,4.22E-06,1.38E-05,0.572779546
0.034174176,-8.85E-05,-8.85E-05,-2.71E-06,-2.71E-06,4.98E-07,-2.86E-06,4.11E-06,1.36E-05,0.572779546
0.034184176,-9.20E-05,-9.20E-05,2.19E-06,2.19E-06,-1.02E-06,2.33E-06,4.01E-06,1.31E-05,0.572779546
0.034194176,-8.85E-05,-8.85E-05,-2.71E-06,-2.71E-06,4.98E-07,-2.86E-06,3.89E-06,1.29E-05,0.572779546
0.034204176,-9.20E-05,-9.20E-05,2.19E-06,2.19E-06,-1.02E-06,2.33E-06,3.80E-06,1.24E-05,0.572779546
0.034214176,-8.85E-05,-8.85E-05,-2.71E-06,-2.71E-06,4.98E-07,-2.86E-06,3.70E-06,1.22E-05,0.572779546
0.034224176,-9.20E-05,-9.20E-05,2.19E-06,2.19E-06,-1.02E-06,2.33E-06,3.61E-06,1.19E-05,0.572779546
0.034234176,-8.85E-05,-8.85E-05,-2.71E-06,-2.71E-06,4.98E-07,-2.86E-06,3.51E-06,1.14E-05,0.572779546
0.034244176,-9.20E-05,-9.20E-05,2.19E-06,2.19E-06,-1.02E-06,2.33E-06,3.43E-06,1.12E-05,0.572779546
0.034254176,-8.85E-05,-8.85E-05,-2.71E-06,-2.71E-06,4.98E-07,-2.86E-06,3.33E-06,1.10E-05,0.572779546
0.034264176,-9.20E-05,-9.20E-05,2.19E-06,2.19E-06,-1.02E-06,2.33E-06,3.26E-06,1.07E-05,0.572779546
0.034274176,-8.85E-05,-8.85E-05,-2.71E-06,-2.71E-06,4.98E-07,-2.86E-06,3.17E-06,1.05E-05,0.572779546
0.034284176,-9.20E-05,-9.20E-05,2.19E-06,2.19E-06,-1.02E-06,2.33E-06,3.10E-06,1.03E-05,0.572779546
0.034294176,-8.85E-05,-8.85E-05,-2.71E-06,-2.71E-06,4.98E-07,-2.86E-06,3.01E-06,1.00E-05,0.572779546
0.034304176,-9.20E-05,-9.20E-05,2.19E-06,2.19E-06,-1.02E-06,2.33E-06,2.95E-06,9.78E-06,0.572779546
0.034314176,-8.85E-05,-8.85E-05,-2.71E-06,-2.71E-06,4.98E-07,-2.86E-06,2.87E-06,9.54E-06,0.572779546
0.034324176,-9.20E-05,-9.20E-05,2.19E-06,2.19E-06,-1.02E-06,2.33E-06,2.80E-06,9.30E-06,0.572779546
0.034334176,-8.85E-05,-8.85E-05,-2.71E-06,-2.71E-06,4.98E-07,-2.86E-06,2.73E-06,9.06E-06,0.572779546
0.034344176,-9.20E-05,-9.20E-05,2.19E-06,2.19E-06,-1.02E-06,2.33E-06,2.67E-06,8.82E-06,0.572779546
0.034354176,-8.85E-05,-8.85E-05,-2.71E-06,-2.71E-06,4.98E-07,-2.86E-06,2.60E-06,8.58E-06,0.572779546
0.034364176,-9.20E-05,-9.20E-05,2.19E-06,2.19E-06,-1.02E-06,2.33E-06,2.54E-06,8.34E-06,0.572779546
0.034374176,-8.85E-05,-8.85E-05,-2.71E-06,-2.71E-06,4.98E-07,-2.86E-06,2.48E-06,8.11E-06,0.572779546
0.034384176,-9.20E-05,-9.20E-05,2.19E-06,2.19E-06,-1.02E-06,2.33E-06,2.43E-06,7.87E-06,0.572779546
0.034394176,-8.85E-05,-8.85E-05,-2.71E-06,-2.71E-06,4.98E-07,-2.86E-06,2.36E-06,7.87E-06,0.572779546
0.034404176,-9.20E-05,-9.20E-05,2.19E-06,2.19E-06,-1.02E-06,2.33E-06,2.31E-06,7.63E-06,0.572779546
0.034414176,-8.85E-05,-8.85E-05,-2.71E-06,-2.71E-06,4.98E-07,-2.86E-06,2.25E-06,7.39E-06,0.572779546
0.034424176,-9.20E-05,-9.20E-05,2.19E-06,2.19E-06,-1.02E-06,2.33E-06,2.21E-06,7.15E-06,0.572779546
0.034434176,-8.85E-05,-8.85E-05,-2.71E-06,-2.71E-06,4.98E-07,-2.86E-06,2.15E-06,7.15E-06,0.572779546
0.034444176,-9.20E-05,-9.20E-05,2.19E-06,2.19E-06,-1.02E-06,2.33E-06,2.11E-06,6.91E-06,0.572779546
0.034454176,-8.85E-05,-8.85E-05,-2.71E-06,-2.71E-06,4.98E-07,-2.86E-06,2.06E-06,6.68E-06,0.572779546
0.034464176,-9.20E-05,-9.20E-05,2.19E-06,2.19E-06,-1.02E-06,2.33E-06,2.02E-06,6.68E-06,0.572779546
0.034474176,-8.85E-05,-8.85E-05,-2.71E-06,-2.71E-06,4.98E-07,-2.86E-06,1.96E-06,6.44E-06,0.572779546
0.034484176,-9.20E-05,-9.20E-05,2.19E-06,2.19E-06,-1.02E-06,2.33E-06,1.93E-06,6.20E-06,0.572779546
0.034494176,-8.85E-05,-8.85E-05,-2.71E-06,-2.71E-06,4.98E-07,-2.86E-06,1.88E-06,6.20E-06,0.572779546
0.034504176,-9.20E-05,-9.20E-05,2.19E-06,2.19E-06,-1.02E-06,2.33E-06,1.85E-06,5.96E-06,0.572779546
0.034514176,-8.85E-05,-8.85E-05,-2.71E-06,-2.71E-06,4.98E-07,-2.86E-06,1.80E-06,5.96E-06,0.572779546
0.034524176,-9.20E-05,-9.20E-05,2.19E-06,2.19E-06,-1.02E-06,2.33E-06,1.77E-06,5.72E-06,0.572779546
0.034534176,-8.85E-05,-8.85E-05,-2.71E-06,-2.71E-06,4.98E-07,-2.86E-06,1.72E-06,5.72E-06,0.572779546
0.034544176,-9.20E-05,-9.20E-05,2.19E-06,2.19E-06,-1.02E-06,2.33E-06,1.70E-06,5.48E-06,0.572779546
0.034554176,-8.85E-05,-8.85E-05,-2.71E-06,-2.71E-06,4.98E-07,-2.86E-06,1.65E-06,5.48E-06,0.572779546
0.034564176,-9.20E-05,-9.20E-05,2.19E-06,2.19E-06,-1.02E-06,2.33E-06,1.63E-06,5.25E-06,0.572779546
0.034574176,-8.85E-05,-8.85E-05,-2.71E-06,-2.71E-06,4.98E-07,-2.86E-06,1.59E-06,5.25E-06,0.572779546
0.034584176,-9.20E-05,-9.20E-05,2.19E-06,2.19E-06,-1.02E-06,2.33E-06,1.56E-06,5.01E-06,0.572779546
0.034594176,-8.85E-05,-8.85E-05,-2.71E-06,-2.71E-06,4.98E-07,-2.86E-06,1.52E-06,5.01E-06,0.572779546
0.034604176,-9.20E-05,-9.20E-05,2.19E-06,2.19E-06,-1.02E-06,2.33E-06,1.50E-06,5.01E-06,0.572779546
0.034614176,-8.85E-05,-8.85E-05,-2.71E-06,-2.71E-06,4.98E-07,-2.86E-06,1.47E-06,4.77E-06,0.572779546
0.034624176,-9.20E-05,-9.20E-05,2.19E-06,2.19E-06,-1.02E-06,2.33E-06,1.44E-06,4.77E-06,0.572779546
0.034634176,-8.85E-05,-8.85E-05,-2.71E-06,-2.71E-06,4.98E-07,-2.86E-06,1.41E-06,4.53E-06,0.572779546
0.034644176,-9.20E-05,-9.20E-05,2.19E-06,2.19E-06,-1.02E-06,2.33E-06,1.39E-06,4.53E-06,0.572779546
0.034654176,-8.85E-05,-8.85E-05,-2.71E-06,-2.71E-06,4.98E-07,-2.86E-06,1.36E-06,4.53E-06,0.572779546
0.034664176,-9.20E-05,-9.20E-05,2.19E-06,2.19E-06,-1.02E-06,2.33E-06,1.34E-06,4.29E-06,0.572779546
0.034674176,-8.85E-05,-8.85E-05,-2.71E-06,-2.71E-06,4.98E-07,-2.86E-06,1.31E-06,4.29E-06,0.572779546
0.034684176,-9.20E-05,-9.20E-05,2.19E-06,2.19E-06,-1.02E-06,2.33E-06,1.29E-06,4.29E-06,0.572779546
0.034694176,-8.85E-05,-8.85E-05,-2.71E-06,-2.71E-06,4.98E-07,-2.86E-06,1.26E-06,4.05E-06,0.572779546
0.034704176,-9.20E-05,-9.20E-05,2.19E-06,2.19E-06,-1.02E-06,2.33E-06,1.25E-06,4.05E-06,0.572779546
0.034714176,-8.85E-05,-8.85E-05,-2.71E-06,-2.71E-06,4.98E-07,-2.86E-06,1.22E-06,4.05E-06,0.572779546
0.034724176,-9.20E-05,-9.20E-05,2.19E-06,2.19E-06,-1.02E-06,2.33E-06,1.21E-06,3.81E-06,0.572779546
0.034734176,-8.85E-05,-8.85E-05,-2.71E-06,-2.71E-06,4.98E-07,-2.86E-06,1.18E-06,3.81E-06,0.572779546
0.034744176,-9.20E-05,-9.20E-05,2.19E-06,2.19E-06,-1.02E-06,2.33E-06,1.17E-06,3.81E-06,0.572779546
0.034754176,-8.85E-05,-8.85E-05,-2.71E-06,-2.71E-06,4.98E-07,-2.86E-06,1.14E-06,3.81E-06,0.572779546
0.034764176,-9.20E-05,-9.20E-05,2.19E-06,2.19E-06,-1.02E-06,2.33E-06,1.13E-06,3.58E-06,0.572779546
0.034774176,-8.85E-05,-8.85E-05,-2.71E-06,-2.71E-06,4.98E-07,-2.86E-06,1.10E-06,3.58E-06,0.572779546
0.034784176,-9.20E-05,-9.20E-05,2.19E-06,2.19E-06,-1.02E-06,2.33E-06,1.09E-06,3.58E-06,0.572779546
0.034794176,-8.85E-05,-8.85E-05,-2.71E-06,-2.71E-06,4.98E-07,-2.86E-06,1.07E-06,3.58E-06,0.572779546
0.034804176,-9.20E-05,-9.20E-05,2.19E-06,2.19E-06,-1.02E-06,2.33E-06,1.06E-06,3.34E-06,0.572779546
0.034814176,-8.85E-05,-8.85E-05,-2.71E-06,-2.71E-06,4.98E-07,-2.86E-06,1.04E-06,3.34E-06,0.572779546
0.034824176,-9.20E-05,-9.20E-05,2.19E-06,2.19E-06,-1.02E-06,2.33E-06,1.03E-06,3.34E-06,0.572779546
0.034834176,-8.85E-05,-8.85E-05,-2.71E-06,-2.71E-06,4.98E-07,-2.86E-06,1.01E-06,3.34E-06,0.572779546
0.034844176,-9.20E-05,-9.20E-05,2.19E-06,2.19E-06,-1.02E-06,2.33E-06,9.99E-07,3.34E-06,0.572779546
0.034854176,-8.85E-05,-8.85E-05,-2.71E-06,-2.71E-06,4.98E-07,-2.86E-06,9.77E-07,3.10E-06,0.572779546
0.034864176,-9.20E-05,-9.20E-05,2.19E-06,2.19E-06,-1.02E-06,2.33E-06,9.71E-07,3.10E-06,0.572779546
0.034874176,-8.85E-05,-8.85E-05,-2.71E-06,-2.71E-06,4.98E-07,-2.86E-06,9.50E-07,3.10E-06,0.572779546
0.034884176,-9.20E-05,-9.20E-05,2.19E-06,2.19E-06,-1.02E-06,2.33E-06,9.45E-07,3.10E-06,0.572779546
0.034894176,-8.85E-05,-8.85E-05,-2.71E-06,-2.71E-06,4.98E-07,-2.86E-06,9.25E-07,3.10E-06,0.572779546
0.034904176,-9.20E-05,-9.20E-05,2.19E-06,2.19E-06,-1.02E-06,2.33E-06,9.20E-07,2.86E-06,0.572779546
0.034914176,-8.85E-05,-8.85E-05,-2.71E-06,-2.71E-06,4.98E-07,-2.86E-06,9.01E-07,2.86E-06,0.572779546
0.034924176,-9.20E-05,-9.20E-05,2.19E-06,2.19E-06,-1.02E-06,2.33E-06,8.97E-07,2.86E-06,0.572779546
0.034934176,-8.85E-05,-8.85E-05,-2.71E-06,-2.71E-06,4.98E-07,-2.86E-06,8.79E-07,2.86E-06,0.572779546
0.034944176,-9.20E-05,-9.20E-05,2.19E-06,2.19E-06,-1.02E-06,2.33E-06,8.76E-07,2.86E-06,0.572779546
0.034954176,-8.85E-05,-8.85E-05,-2.71E-06,-2.71E-06,4.98E-07,-2.86E-06,8.58E-07,2.86E-06,0.572779546
0.034964176,-9.20E-05,-9.20E-05,2.19E-06,2.19E-06,-1.02E-06,2.33E-06,8.55E-07,2.86E-06,0.572779546
0.034974176,-8.85E-05,-8.85E-05,-2.71E-06,-2.71E-06,4.98E-07,-2.86E-06,8.38E-07,2.62E-06,0.572779546
0.034984176,-9.20E-05,-9.20E-05,2.19E-06,2.19E-06,-1.02E-06,2.33E-06,8.36E-07,2.62E-06,0.572779546
0.034994176,-8.85E-05,-8.85E-05,-2.71E-06,-2.71E-06,4.98E-07,-2.86E-06,8.19E-07,2.62E-06,0.572779546
0.035004176,-9.20E-05,-9.20E-05,2.19E-06,2.19E-06,-1.02E-06,2.33E-06,8.18E-07,2.62E-06,0.572779546
0.035014176,-8.85E-05,-8.85E-05,-2.71E-06,-2.71E-06,4.98E-07,-2.86E-06,8.02E-07,2.62E-06,0.572779546
0.035024176,-9.20E-05,-9.20E-05,2.19E-06,2.19E-06,-1.02E-06,2.33E-06,8.01E-07,2.62E-06,0.572779546
0.035034176,-8.85E-05,-8.85E-05,-2.71E-06,-2.71E-06,4.98E-07,-2.86E-06,7.85E-07,2.62E-06,0.572779546
0.035044176,-9.20E-05,-9.20E-05,2.19E-06,2.19E-06,-1.02E-06,2.33E-06,7.85E-07,2.62E-06,0.572779546
0.035054176,-8.85E-05,-8.85E-05,-2.71E-06,-2.71E-06,4.98E-07,-2.86E-06,7.69E-07,2.38E-06,0.572779546
0.035064176,-9.20E-05,-9.20E-05,2.19E-06,2.19E-06,-1.02E-06,2.33E-06,7.70E-07,2.38E-06,0.572779546
0.035074176,-8.85E-05,-8.85E-05,-2.71E-06,-2.71E-06,4.98E-07,-2.86E-06,7.55E-07,2.38E-06,0.572779546
0.035084176,-9.20E-05,-9.20E-05,2.19E-06,2.19E-06,-1.02E-06,2.33E-06,7.55E-07,2.38E-06,0.572779546
0.035094176,-8.85E-05,-8.85E-05,-2.71E-06,-2.71E-06,4.98E-07,-2.86E-06,7.41E-07,2.38E-06,0.572779546
0.035104176,-9.20E-05,-9.20E-05,2.19E-06,2.19E-06,-1.02E-06,2.33E-06,7.42E-07,2.38E-06,0.572779546
0.035114176,-8.85E-05,-8.85E-05,-2.71E-06,-2.71E-06,4.98E-07,-2.86E-06,7.28E-07,2.38E-06,0.572779546
0.035124176,-9.20E-05,-9.20E-05,2.19E-06,2.19E-06,-1.02E-06,2.33E-06,7.29E-07,2.38E-06,0.572779546
0.035134176,-8.85E-05,-8.85E-05,-2.71E-06,-2.71E-06,4.98E-07,-2.86E-06,7.16E-07,2.38E-06,0.572779546
0.035144176,-9.20E-05,-9.20E-05,2.19E-06,2.19E-06,-1.02E-06,2.33E-06,7.18E-07,2.38E-06,0.572779546
0.035154176,-8.85E-05,-8.85E-05,-2.71E-06,-2.71E-06,4.98E-07,-2.86E-06,7.04E-07,2.15E-06,0.572779546
0.035164176,-9.20E-05,-9.20E-05,2.19E-06,2.19E-06,-1.02E-06,2.33E-06,7.06E-07,2.38E-06,0.572779546
0.035174176,-8.85E-05,-8.85E-05,-2.71E-06,-2.71E-06,4.98E-07,-2.86E-06,6.93E-07,2.15E-06,0.572779546
0.035184176,-9.20E-05,-9.20E-05,2.19E-06,2.19E-06,-1.02E-06,2.33E-06,6.96E-07,2.15E-06,0.572779546
0.035194176,-8.85E-05,-8.85E-05,-2.71E-06,-2.71E-06,4.98E-07,-2.86E-06,6.83E-07,2.15E-06,0.572779546
0.035204176,-9.20E-05,-9.20E-05,2.19E-06,2.19E-06,-1.02E-06,2.33E-06,6.86E-07,2.15E-06,0.572779546
0.035214176,-8.85E-05,-8.85E-05,-2.71E-06,-2.71E-06,4.98E-07,-2.86E-06,6.74E-07,2.15E-06,0.572779546
0.035224176,-9.20E-05,-9.20E-05,2.19E-06,2.19E-06,-1.02E-06,2.33E-06,6.77E-07,2.15E-06,0.572779546
0.035234176,-8.85E-05,-8.85E-05,-2.71E-06,-2.71E-06,4.98E-07,-2.86E-06,6.65E-07,2.15E-06,0.572779546
0.035244176,-9.20E-05,-9.20E-05,2.19E-06,2.19E-06,-1.02E-06,2.33E-06,6.68E-07,2.15E-06,0.572779546
0.035254176,-8.85E-05,-8.85E-05,-2.71E-06,-2.71E-06,4.98E-07,-2.86E-06,6.56E-07,2.15E-06,0.572779546
0.035264176,-9.20E-05,-9.20E-05,2.19E-06,2.19E-06,-1.02E-06,2.33E-06,6.60E-07,2.15E-06,0.572779546
0.035274176,-8.85E-05,-8.85E-05,-2.71E-06,-2.71E-06,4.98E-07,-2.86E-06,6.48E-07,2.15E-06,0.572779546
0.035284176,-9.20E-05,-9.20E-05,2.19E-06,2.19E-06,-1.02E-06,2.33E-06,6.52E-07,2.15E-06,0.572779546
0.035294176,-8.85E-05,-8.85E-05,-2.71E-06,-2.71E-06,4.98E-07,-2.86E-06,6.41E-07,2.15E-06,0.572779546
0.035304176,-9.20E-05,-9.20E-05,2.19E-06,2.19E-06,-1.02E-06,2.33E-06,6.45E-07,2.15E-06,0.572779546
0.035314176,-8.85E-05,-8.85E-05,-2.71E-06,-2.71E-06,4.98E-07,-2.86E-06,6.34E-07,2.15E-06,0.572779546
0.035324176,-9.20E-05,-9.20E-05,2.19E-06,2.19E-06,-1.02E-06,2.33E-06,6.38E-07,2.15E-06,0.572779546
0.035334176,-8.85E-05,-8.85E-05,-2.71E-06,-2.71E-06,4.98E-07,-2.86E-06,6.27E-07,1.91E-06,0.572779546
0.035344176,-9.20E-05,-9.20E-05,2.19E-06,2.19E-06,-1.02E-06,2.33E-06,6.31E-07,1.91E-06,0.572779546
0.035354176,-8.85E-05,-8.85E-05,-2.71E-06,-2.71E-06,4.98E-07,-2.86E-06,6.21E-07,1.91E-06,0.572779546
0.035364176,-9.20E-05,-9.20E-05,2.19E-06,2.19E-06,-1.02E-06,2.33E-06,6.25E-07,1.91E-06,0.572779546
0.035374176,-8.85E-05,-8.85E-05,-2.71E-06,-2.71E-06,4.98E-07,-2.86E-06,6.15E-07,1.91E-06,0.572779546
0.035384176,-9.20E-05,-9.20E-05,2.19E-06,2.19E-06,-1.02E-06,2.33E-06,6.20E-07,1.91E-06,0.572779546
0.035394176,-8.85E-05,-8.85E-05,-2.71E-06,-2.71E-06,4.98E-07,-2.86E-06,6.09E-07,1.91E-06,0.572779546
0.035404176,-9.20E-05,-9.20E-05,2.19E-06,2.19E-06,-1.02E-06,2.33E-06,6.14E-07,1.91E-06,0.572779546
0.035414176,-8.85E-05,-8.85E-05,-2.71E-06,-2.71E-06,4.98E-07,-2.86E-06,6.04E-07,1.91E-06,0.572779546
0.035424176,-9.20E-05,-9.20E-05,2.19E-06,2.19E-06,-1.02E-06,2.33E-06,6.09E-07,1.91E-06,0.572779546
0.035434176,-8.85E-05,-8.85E-05,-2.71E-06,-2.71E-06,4.98E-07,-2.86E-06,5.99E-07,1.91E-06,0.572779546
0.035444176,-9.20E-05,-9.20E-05,2.19E-06,2.19E-06,-1.02E-06,2.33E-06,6.04E-07,1.91E-06,0.572779546
0.035454176,-8.85E-05,-8.85E-05,-2.71E-06,-2.71E-06,4.98E-07,-2.86E-06,5.94E-07,1.91E-06,0.572779546
0.035464176,-9.20E-05,-9.20E-05,2.19E-06,2.19E-06,-1.02E-06,2.33E-06,6.00E-07,1.91E-06,0.572779546
0.035474176,-8.85E-05,-8.85E-05,-2.71E-06,-2.71E-06,4.98E-07,-2.86E-06,5.90E-07,1.91E-06,0.572779546
0.035484176,-9.20E-05,-9.20E-05,2.19E-06,2.19E-06,-1.02E-06,2.33E-06,5.96E-07,1.91E-06,0.572779546
0.035494176,-8.85E-05,-8.85E-05,-2.71E-06,-2.71E-06,4.98E-07,-2.86E-06,5.86E-07,1.91E-06,0.572779546
0.035504176,-9.20E-05,-9.20E-05,2.19E-06,2.19E-06,-1.02E-06,2.33E-06,5.92E-07,1.91E-06,0.572779546
0.035514176,-8.85E-05,-8.85E-05,-2.71E-06,-2.71E-06,4.98E-07,-2.86E-06,5.82E-07,1.91E-06,0.572779546
0.035524176,-9.20E-05,-9.20E-05,2.19E-06,2.19E-06,-1.02E-06,2.33E-06,5.88E-07,1.91E-06,0.572779546
0.035534176,-8.85E-05,-8.85E-05,-2.71E-06,-2.71E-06,4.98E-07,-2.86E-06,5.78E-07,1.91E-06,0.572779546
0.035544176,-9.20E-05,-9.20E-05,2.19E-06,2.19E-06,-1.02E-06,2.33E-06,5.84E-07,1.91E-06,0.572779546
0.035554176,-8.85E-05,-8.85E-05,-2.71E-06,-2.71E-06,4.98E-07,-2.86E-06,5.75E-07,1.91E-06,0.572779546
0.035564176,-9.20E-05,-9.20E-05,2.19E-06,2.19E-06,-1.02E-06,2.33E-06,5.81E-07,1.91E-06,0.572779546
0.035574176,-8.85E-05,-8.85E-05,-2.71E-06,-2.71E-06,4.98E-07,-2.86E-06,5.72E-07,1.91E-06,0.572779546
0.035584176,-9.20E-05,-9.20E-05,2.19E-06,2.19E-06,-1.02E-06,2.33E-06,5.78E-07,1.91E-06,0.572779546
0.035594176,-8.85E-05,-8.85E-05,-2.71E-06,-2.71E-06,4.98E-07,-2.86E-06,5.69E-07,1.91E-06,0.572779546
0.035604176,-9.20E-05,-9.20E-05,2.19E-06,2.19E-06,-1.02E-06,2.33E-06,5.75E-07,1.91E-06,0.572779546
0.035614176,-8.85E-05,-8.85E-05,-2.71E-06,-2.71E-06,4.98E-07,-2.86E-06,5.66E-07,1.91E-06,0.572779546
0.035624176,-9.20E-05,-9.20E-05,2.19E-06,2.19E-06,-1.02E-06,2.33E-06,5.72E-07,1.91E-06,0.572779546
0.035634176,-8.85E-05,-8.85E-05,-2.71E-06,-2.71E-06,4.98E-07,-2.86E-06,5.63E-07,1.91E-06,0.572779546
0.035644176,-9.20E-05,-9.20E-05,2.19E-06,2.19E-06,-1.02E-06,2.33E-06,5.70E-07,1.91E-06,0.572779546
0.035654176,-8.85E-05,-8.85E-05,-2.71E-06,-2.71E-06,4.98E-07,-2.86E-06,5.61E-07,1.67E-06,0.572779546
0.035664176,-9.20E-05,-9.20E-05,2.19E-06,2.19E-06,-1.02E-06,2.33E-06,5.67E-07,1.91E-06,0.572779546
0.035674176,-8.85E-05,-8.85E-05,-2.71E-06,-2.71E-06,4.98E-07,-2.86E-06,5.58E-07,1.67E-06,0.572779546
0.035684176,-9.20E-05,-9.20E-05,2.19E-06,2.19E-06,-1.02E-06,2.33E-06,5.65E-07,1.91E-06,0.572779546
0.035694176,-8.85E-05,-8.85E-05,-2.71E-06,-2.71E-06,4.98E-07,-2.86E-06,5.56E-07,1.67E-06,0.572779546
0.035704176,-9.20E-05,-9.20E-05,2.19E-06,2.19E-06,-1.02E-06,2.33E-06,5.63E-07,1.91E-06,0.572779546
0.035714176,-8.85E-05,-8.85E-05,-2.71E-06,-2.71E-06,4.98E-07,-2.86E-06,5.54E-07,1.67E-06,0.572779546
0.035724176,-9.20E-05,-9.20E-05,2.19E-06,2.19E-06,-1.02E-06,2.33E-06,5.61E-07,1.67E-06,0.572779546
0.035734176,-8.85E-05,-8.85E-05,-2.71E-06,-2.71E-06,4.98E-07,-2.86E-06,5.52E-07,1.67E-06,0.572779546
0.035744176,-9.20E-05,-9.20E-05,2.19E-06,2.19E-06,-1.02E-06,2.33E-06,5.59E-07,1.67E-06,0.572779546
0.035754176,-8.85E-05,-8.85E-05,-2.71E-06,-2.71E-06,4.98E-07,-2.86E-06,5.50E-07,1.67E-06,0.572779546
0.035764176,-9.20E-05,-9.20E-05,2.19E-06,2.19E-06,-1.02E-06,2.33E-06,5.57E-07,1.67E-06,0.572779546
0.035774176,-8.85E-05,-8.85E-05,-2.71E-06,-2.71E-06,4.98E-07,-2.86E-06,5.48E-07,1.67E-06,0.572779546
0.035784176,-9.20E-05,-9.20E-05,2.19E-06,2.19E-06,-1.02E-06,2.33E-06,5.55E-07,1.67E-06,0.572779546
0.035794176,-8.85E-05,-8.85E-05,-2.71E-06,-2.71E-06,4.98E-07,-2.86E-06,5.47E-07,1.67E-06,0.572779546
0.035804176,-9.20E-05,-9.20E-05,2.19E-06,2.19E-06,-1.02E-06,2.33E-06,5.54E-07,1.67E-06,0.572779546
0.035814176,-8.85E-05,-8.85E-05,-2.71E-06,-2.71E-06,4.98E-07,-2.86E-06,5.45E-07,1.67E-06,0.572779546
0.035824176,-9.20E-05,-9.20E-05,2.19E-06,2.19E-06,-1.02E-06,2.33E-06,5.52E-07,1.67E-06,0.572779546
0.035834176,-8.85E-05,-8.85E-05,-2.71E-06,-2.71E-06,4.98E-07,-2.86E-06,5.44E-07,1.67E-06,0.572779546
0.035844176,-9.20E-05,-9.20E-05,2.19E-06,2.19E-06,-1.02E-06,2.33E-06,5.51E-07,1.67E-06,0.572779546
0.035854176,-8.85E-05,-8.85E-05,-2.71E-06,-2.71E-06,4.98E-07,-2.86E-06,5.42E-07,1.67E-06,0.572779546
0.035864176,-9.20E-05,-9.20E-05,2.19E-06,2.19E-06,-1.02E-06,2.33E-06,5.49E-07,1.67E-06,0.572779546
0.035874176,-8.85E-05,-8.85E-05,-2.71E-06,-2.71E-06,4.98E-07,-2.86E-06,5.41E-07,1.67E-06,0.572779546
0.035884176,-9.20E-05,-9.20E-05,2.19E-06,2.19E-06,-1.02E-06,2.33E-06,5.48E-07,1.67E-06,0.572779546
0.035894176,-8.85E-05,-8.85E-05,-2.71E-06,-2.71E-06,4.98E-07,-2.86E-06,5.40E-07,1.67E-06,0.572779546
0.035904176,-9.20E-05,-9.20E-05,2.19E-06,2.19E-06,-1.02E-06,2.33E-06,5.47E-07,1.67E-06,0.572779546
0.035914176,-8.85E-05,-8.85E-05,-2.71E-06,-2.71E-06,4.98E-07,-2.86E-06,5.39E-07,1.67E-06,0.572779546
0.035924176,-9.20E-05,-9.20E-05,2.19E-06,2.19E-06,-1.02E-06,2.33E-06,5.46E-07,1.67E-06,0.572779546
0.035934176,-8.85E-05,-8.85E-05,-2.71E-06,-2.71E-06,4.98E-07,-2.86E-06,5.37E-07,1.67E-06,0.572779546
0.035944176,-9.20E-05,-9.20E-05,2.19E-06,2.19E-06,-1.02E-06,2.33E-06,5.45E-07,1.67E-06,0.572779546
0.035954176,-8.85E-05,-8.85E-05,-2.71E-06,-2.71E-06,4.98E-07,-2.86E-06,5.36E-07,1.67E-06,0.572779546
0.035964176,-9.20E-05,-9.20E-05,2.19E-06,2.19E-06,-1.02E-06,2.33E-06,5.44E-07,1.67E-06,0.572779546
0.035974176,-8.85E-05,-8.85E-05,-2.71E-06,-2.71E-06,4.98E-07,-2.86E-06,5.35E-07,1.67E-06,0.572779546
0.035984176,-9.20E-05,-9.20E-05,2.19E-06,2.19E-06,-1.02E-06,2.33E-06,5.43E-07,1.67E-06,0.572779546
0.035994176,-8.85E-05,-8.85E-05,-2.71E-06,-2.71E-06,4.98E-07,-2.86E-06,5.35E-07,1.67E-06,0.572779546
0.036004176,-9.20E-05,-9.20E-05,2.19E-06,2.19E-06,-1.02E-06,2.33E-06,5.42E-07,1.67E-06,0.572779546
0.036014176,-8.85E-05,-8.85E-05,-2.71E-06,-2.71E-06,4.98E-07,-2.86E-06,5.34E-07,1.67E-06,0.572779546
0.036024176,-9.20E-05,-9.20E-05,2.19E-06,2.19E-06,-1.02E-06,2.33E-06,5.41E-07,1.67E-06,0.572779546
0.036034176,-8.85E-05,-8.85E-05,-2.71E-06,-2.71E-06,4.98E-07,-2.86E-06,5.33E-07,1.67E-06,0.572779546
0.036044176,-9.20E-05,-9.20E-05,2.19E-06,2.19E-06,-1.02E-06,2.33E-06,5.40E-07,1.67E-06,0.572779546
0.036054176,-8.85E-05,-8.85E-05,-2.71E-06,-2.71E-06,4.98E-07,-2.86E-06,5.32E-07,1.67E-06,0.572779546
0.036064176,-9.20E-05,-9.20E-05,2.19E-06,2.19E-06,-1.02E-06,2.33E-06,5.40E-07,1.67E-06,0.572779546
0.036074176,-8.85E-05,-8.85E-05,-2.71E-06,-2.71E-06,4.98E-07,-2.86E-06,5.31E-07,1.67E-06,0.572779546
0.036084176,-9.20E-05,-9.20E-05,2.19E-06,2.19E-06,-1.02E-06,2.33E-06,5.39E-07,1.67E-06,0.572779546
0.036094176,-8.85E-05,-8.85E-05,-2.71E-06,-2.71E-06,4.98E-07,-2.86E-06,5.31E-07,1.67E-06,0.572779546
0.036104176,-9.20E-05,-9.20E-05,2.19E-06,2.19E-06,-1.02E-06,2.33E-06,5.38E-07,1.67E-06,0.572779546
0.036114176,-8.85E-05,-8.85E-05,-2.71E-06,-2.71E-06,4.98E-07,-2.86E-06,5.30E-07,1.67E-06,0.572779546
0.036124176,-9.20E-05,-9.20E-05,2.19E-06,2.19E-06,-1.02E-06,2.33E-06,5.38E-07,1.67E-06,0.572779546
0.036134176,-8.85E-05,-8.85E-05,-2.71E-06,-2.71E-06,4.98E-07,-2.86E-06,5.30E-07,1.67E-06,0.572779546
0.036144176,-9.20E-05,-9.20E-05,2.19E-06,2.19E-06,-1.02E-06,2.33E-06,5.37E-07,1.67E-06,0.572779546
0.036154176,-8.85E-05,-8.85E-05,-2.71E-06,-2.71E-06,4.98E-07,-2.86E-06,5.29E-07,1.67E-06,0.572779546
0.036164176,-9.20E-05,-9.20E-05,2.19E-06,2.19E-06,-1.02E-06,2.33E-06,5.36E-07,1.67E-06,0.572779546
0.036174176,-8.85E-05,-8.85E-05,-2.71E-06,-2.71E-06,4.98E-07,-2.86E-06,5.29E-07,1.67E-06,0.572779546
0.036184176,-9.20E-05,-9.20E-05,2.19E-06,2.19E-06,-1.02E-06,2.33E-06,5.36E-07,1.67E-06,0.572779546
0.036194176,-8.85E-05,-8.85E-05,-2.71E-06,-2.71E-06,4.98E-07,-2.86E-06,5.28E-07,1.67E-06,0.572779546
0.036204176,-9.20E-05,-9.20E-05,2.19E-06,2.19E-06,-1.02E-06,2.33E-06,5.35E-07,1.67E-06,0.572779546
0.036214176,-8.85E-05,-8.85E-05,-2.71E-06,-2.71E-06,4.98E-07,-2.86E-06,5.28E-07,1.67E-06,0.572779546
0.036224176,-9.20E-05,-9.20E-05,2.19E-06,2.19E-06,-1.02E-06,2.33E-06,5.35E-07,1.67E-06,0.572779546
0.036234176,-8.85E-05,-8.85E-05,-2.71E-06,-2.71E-06,4.98E-07,-2.86E-06,5.27E-07,1.67E-06,0.572779546
0.036244176,-9.20E-05,-9.20E-05,2.19E-06,2.19E-06,-1.02E-06,2.33E-06,5.35E-07,1.67E-06,0.572779546
0.036254176,-8.85E-05,-8.85E-05,-2.71E-06,-2.71E-06,4.98E-07,-2.86E-06,5.27E-07,1.67E-06,0.572779546
0.036264176,-9.20E-05,-9.20E-05,2.19E-06,2.19E-06,-1.02E-06,2.33E-06,5.34E-07,1.67E-06,0.572779546
0.036274176,-8.85E-05,-8.85E-05,-2.71E-06,-2.71E-06,4.98E-07,-2.86E-06,5.26E-07,1.67E-06,0.572779546
0.036284176,-9.20E-05,-9.20E-05,2.19E-06,2.19E-06,-1.02E-06,2.33E-06,5.34E-07,1.67E-06,0.572779546
0.036294176,-8.85E-05,-8.85E-05,-2.71E-06,-2.71E-06,4.98E-07,-2.86E-06,5.26E-07,1.67E-06,0.572779546
0.036304176,-9.20E-05,-9.20E-05,2.19E-06,2.19E-06,-1.02E-06,2.33E-06,5.33E-07,1.67E-06,0.572779546
0.036314176,-8.85E-05,-8.85E-05,-2.71E-06,-2.71E-06,4.98E-07,-2.86E-06,5.26E-07,1.67E-06,0.572779546
0.036324176,-9.20E-05,-9.20E-05,2.19E-06,2.19E-06,-1.02E-06,2.33E-06,5.33E-07,1.67E-06,0.572779546
0.036334176,-8.85E-05,-8.85E-05,-2.71E-06,-2.71E-06,4.98E-07,-2.86E-06,5.25E-07,1.67E-06,0.572779546
0.036344176,-9.20E-05,-9.20E-05,2.19E-06,2.19E-06,-1.02E-06,2.33E-06,5.33E-07,1.67E-06,0.572779546
0.036354176,-8.85E-05,-8.85E-05,-2.71E-06,-2.71E-06,4.98E-07,-2.86E-06,5.25E-07,1.67E-06,0.572779546
0.036364176,-9.20E-05,-9.20E-05,2.19E-06,2.19E-06,-1.02E-06,2.33E-06,5.33E-07,1.67E-06,0.572779546
0.036374176,-8.85E-05,-8.85E-05,-2.71E-06,-2.71E-06,4.98E-07,-2.86E-06,5.25E-07,1.67E-06,0.572779546
0.036384176,-9.20E-05,-9.20E-05,2.19E-06,2.19E-06,-1.02E-06,2.33E-06,5.32E-07,1.67E-06,0.572779546
0.036394176,-8.85E-05,-8.85E-05,-2.71E-06,-2.71E-06,4.98E-07,-2.86E-06,5.24E-07,1.67E-06,0.572779546
0.036404176,-9.20E-05,-9.20E-05,2.19E-06,2.19E-06,-1.02E-06,2.33E-06,5.32E-07,1.67E-06,0.572779546
0.036414176,-8.85E-05,-8.85E-05,-2.71E-06,-2.71E-06,4.98E-07,-2.86E-06,5.24E-07,1.67E-06,0.572779546
0.036424176,-9.20E-05,-9.20E-05,2.19E-06,2.19E-06,-1.02E-06,2.33E-06,5.32E-07,1.67E-06,0.572779546
0.036434176,-8.85E-05,-8.85E-05,-2.71E-06,-2.71E-06,4.98E-07,-2.86E-06,5.24E-07,1.67E-06,0.572779546
0.036444176,-9.20E-05,-9.20E-05,2.19E-06,2.19E-06,-1.02E-06,2.33E-06,5.32E-07,1.67E-06,0.572779546
0.036454176,-8.85E-05,-8.85E-05,-2.71E-06,-2.71E-06,4.98E-07,-2.86E-06,5.24E-07,1.67E-06,0.572779546
0.036464176,-9.20E-05,-9.20E-05,2.19E-06,2.19E-06,-1.02E-06,2.33E-06,5.31E-07,1.67E-06,0.572779546
0.036474176,-8.85E-05,-8.85E-05,-2.71E-06,-2.71E-06,4.98E-07,-2.86E-06,5.24E-07,1.67E-06,0.572779546
0.036484176,-9.20E-05,-9.20E-05,2.19E-06,2.19E-06,-1.02E-06,2.33E-06,5.31E-07,1.67E-06,0.572779546
0.036494176,-8.85E-05,-8.85E-05,-2.71E-06,-2.71E-06,4.98E-07,-2.86E-06,5.23E-07,1.67E-06,0.572779546
0.036504176,-9.20E-05,-9.20E-05,2.19E-06,2.19E-06,-1.02E-06,2.33E-06,5.31E-07,1.67E-06,0.572779546
0.036514176,-8.85E-05,-8.85E-05,-2.71E-06,-2.71E-06,4.98E-07,-2.86E-06,5.23E-07,1.67E-06,0.572779546
0.036524176,-9.20E-05,-9.20E-05,2.19E-06,2.19E-06,-1.02E-06,2.33E-06,5.31E-07,1.67E-06,0.572779546
0.036534176,-8.85E-05,-8.85E-05,-2.71E-06,-2.71E-06,4.98E-07,-2.86E-06,5.23E-07,1.67E-06,0.572779546
0.036544176,-9.20E-05,-9.20E-05,2.19E-06,2.19E-06,-1.02E-06,2.33E-06,5.31E-07,1.67E-06,0.572779546
0.036554176,-8.85E-05,-8.85E-05,-2.71E-06,-2.71E-06,4.98E-07,-2.86E-06,5.23E-07,1.67E-06,0.572779546
0.036564176,-9.20E-05,-9.20E-05,2.19E-06,2.19E-06,-1.02E-06,2.33E-06,5.30E-07,1.67E-06,0.572779546
0.036574176,-8.85E-05,-8.85E-05,-2.71E-06,-2.71E-06,4.98E-07,-2.86E-06,5.23E-07,1.67E-06,0.572779546
0.036584176,-9.20E-05,-9.20E-05,2.19E-06,2.19E-06,-1.02E-06,2.33E-06,5.30E-07,1.67E-06,0.572779546
0.036594176,-8.85E-05,-8.85E-05,-2.71E-06,-2.71E-06,4.98E-07,-2.86E-06,5.22E-07,1.67E-06,0.572779546
0.036604176,-9.20E-05,-9.20E-05,2.19E-06,2.19E-06,-1.02E-06,2.33E-06,5.30E-07,1.67E-06,0.572779546
0.036614176,-8.85E-05,-8.85E-05,-2.71E-06,-2.71E-06,4.98E-07,-2.86E-06,5.22E-07,1.67E-06,0.572779546
0.036624176,-9.20E-05,-9.20E-05,2.19E-06,2.19E-06,-1.02E-06,2.33E-06,5.30E-07,1.67E-06,0.572779546
0.036634176,-8.85E-05,-8.85E-05,-2.71E-06,-2.71E-06,4.98E-07,-2.86E-06,5.22E-07,1.67E-06,0.572779546
0.036644176,-9.20E-05,-9.20E-05,2.19E-06,2.19E-06,-1.02E-06,2.33E-06,5.30E-07,1.67E-06,0.572779546
0.036654176,-8.85E-05,-8.85E-05,-2.71E-06,-2.71E-06,4.98E-07,-2.86E-06,5.22E-07,1.67E-06,0.572779546
0.036664176,-9.20E-05,-9.20E-05,2.19E-06,2.19E-06,-1.02E-06,2.33E-06,5.30E-07,1.67E-06,0.572779546
0.036674176,-8.85E-05,-8.85E-05,-2.71E-06,-2.71E-06,4.98E-07,-2.86E-06,5.22E-07,1.67E-06,0.572779546
0.036684176,-9.20E-05,-9.20E-05,2.19E-06,2.19E-06,-1.02E-06,2.33E-06,5.30E-07,1.67E-06,0.572779546
0.036694176,-8.85E-05,-8.85E-05,-2.71E-06,-2.71E-06,4.98E-07,-2.86E-06,5.22E-07,1.67E-06,0.572779546
0.036704176,-9.20E-05,-9.20E-05,2.19E-06,2.19E-06,-1.02E-06,2.33E-06,5.29E-07,1.67E-06,0.572779546
0.036714176,-8.85E-05,-8.85E-05,-2.71E-06,-2.71E-06,4.98E-07,-2.86E-06,5.22E-07,1.67E-06,0.572779546
0.036724176,-9.20E-05,-9.20E-05,2.19E-06,2.19E-06,-1.02E-06,2.33E-06,5.29E-07,1.67E-06,0.572779546
0.036734176,-8.85E-05,-8.85E-05,-2.71E-06,-2.71E-06,4.98E-07,-2.86E-06,5.22E-07,1.67E-06,0.572779546
0.036744176,-9.20E-05,-9.20E-05,2.19E-06,2.19E-06,-1.02E-06,2.33E-06,5.29E-07,1.67E-06,0.572779546
0.036754176,-8.85E-05,-8.85E-05,-2.71E-06,-2.71E-06,4.98E-07,-2.86E-06,5.22E-07,1.67E-06,0.572779546
0.036764176,-9.20E-05,-9.20E-05,2.19E-06,2.19E-06,-1.02E-06,2.33E-06,5.29E-07,1.67E-06,0.572779546
0.036774176,-8.85E-05,-8.85E-05,-2.71E-06,-2.71E-06,4.98E-07,-2.86E-06,5.22E-07,1.67E-06,0.572779546
0.036784176,-9.20E-05,-9.20E-05,2.19E-06,2.19E-06,-1.02E-06,2.33E-06,5.29E-07,1.67E-06,0.572779546
0.036794176,-8.85E-05,-8.85E-05,-2.71E-06,-2.71E-06,4.98E-07,-2.86E-06,5.21E-07,1.67E-06,0.572779546
0.036804176,-9.20E-05,-9.20E-05,2.19E-06,2.19E-06,-1.02E-06,2.33E-06,5.29E-07,1.67E-06,0.572779546
0.036814176,-8.85E-05,-8.85E-05,-2.71E-06,-2.71E-06,4.98E-07,-2.86E-06,5.21E-07,1.67E-06,0.572779546
0.036824176,-9.20E-05,-9.20E-05,2.19E-06,2.19E-06,-1.02E-06,2.33E-06,5.29E-07,1.67E-06,0.572779546
0.036834176,-8.85E-05,-8.85E-05,-2.71E-06,-2.71E-06,4.98E-07,-2.86E-06,5.21E-07,1.67E-06,0.572779546
0.036844176,-9.20E-05,-9.20E-05,2.19E-06,2.19E-06,-1.02E-06,2.33E-06,5.29E-07,1.67E-06,0.572779546
0.036854176,-8.85E-05,-8.85E-05,-2.71E-06,-2.71E-06,4.98E-07,-2.86E-06,5.21E-07,1.67E-06,0.572779546
0.036864176,-9.20E-05,-9.20E-05,2.19E-06,2.19E-06,-1.02E-06,2.33E-06,5.29E-07,1.67E-06,0.572779546
0.036874176,-8.85E-05,-8.85E-05,-2.71E-06,-2.71E-06,4.98E-07,-2.86E-06,5.21E-07,1.67E-06,0.572779546
0.036884176,-9.20E-05,-9.20E-05,2.19E-06,2.19E-06,-1.02E-06,2.33E-06,5.29E-07,1.67E-06,0.572779546
0.036894176,-8.85E-05,-8.85E-05,-2.71E-06,-2.71E-06,4.98E-07,-2.86E-06,5.21E-07,1.67E-06,0.572779546
0.036904176,-9.20E-05,-9.20E-05,2.19E-06,2.19E-06,-1.02E-06,2.33E-06,5.29E-07,1.67E-06,0.572779546
0.036914176,-8.85E-05,-8.85E-05,-2.71E-06,-2.71E-06,4.98E-07,-2.86E-06,5.21E-07,1.67E-06,0.572779546
0.036924176,-9.20E-05,-9.20E-05,2.19E-06,2.19E-06,-1.02E-06,2.33E-06,5.29E-07,1.67E-06,0.572779546
0.036934176,-8.85E-05,-8.85E-05,-2.71E-06,-2.71E-06,4.98E-07,-2.86E-06,5.21E-07,1.67E-06,0.572779546
0.036944176,-9.20E-05,-9.20E-05,2.19E-06,2.19E-06,-1.02E-06,2.33E-06,5.29E-07,1.67E-06,0.572779546
0.036954176,-8.85E-05,-8.85E-05,-2.71E-06,-2.71E-06,4.98E-07,-2.86E-06,5.21E-07,1.67E-06,0.572779546
0.036964176,-9.20E-05,-9.20E-05,2.19E-06,2.19E-06,-1.02E-06,2.33E-06,5.29E-07,1.67E-06,0.572779546
0.036974176,-8.85E-05,-8.85E-05,-2.71E-06,-2.71E-06,4.98E-07,-2.86E-06,5.21E-07,1.67E-06,0.572779546
0.036984176,-9.20E-05,-9.20E-05,2.19E-06,2.19E-06,-1.02E-06,2.33E-06,5.29E-07,1.67E-06,0.572779546
0.036994176,-8.85E-05,-8.85E-05,-2.71E-06,-2.71E-06,4.98E-07,-2.86E-06,5.21E-07,1.67E-06,0.572779546
0.037004176,-9.20E-05,-9.20E-05,2.19E-06,2.19E-06,-1.02E-06,2.33E-06,5.28E-07,1.67E-06,0.572779546
0.037014176,-8.85E-05,-8.85E-05,-2.71E-06,-2.71E-06,4.98E-07,-2.86E-06,5.21E-07,1.67E-06,0.572779546
0.037024176,-9.20E-05,-9.20E-05,2.19E-06,2.19E-06,-1.02E-06,2.33E-06,5.28E-07,1.67E-06,0.572779546
0.037034176,-8.85E-05,-8.85E-05,-2.71E-06,-2.71E-06,4.98E-07,-2.86E-06,5.21E-07,1.67E-06,0.572779546
0.037044176,-9.20E-05,-9.20E-05,2.19E-06,2.19E-06,-1.02E-06,2.33E-06,5.28E-07,1.67E-06,0.572779546
0.037054176,-8.85E-05,-8.85E-05,-2.71E-06,-2.71E-06,4.98E-07,-2.86E-06,5.21E-07,1.67E-06,0.572779546
0.037064176,-9.20E-05,-9.20E-05,2.19E-06,2.19E-06,-1.02E-06,2.33E-06,5.28E-07,1.67E-06,0.572779546
0.037074176,-8.85E-05,-8.85E-05,-2.71E-06,-2.71E-06,4.98E-07,-2.86E-06,5.21E-07,1.67E-06,0.572779546
0.037084176,-9.20E-05,-9.20E-05,2.19E-06,2.19E-06,-1.02E-06,2.33E-06,5.28E-07,1.67E-06,0.572779546
0.037094176,-8.85E-05,-8.85E-05,-2.71E-06,-2.71E-06,4.98E-07,-2.86E-06,5.21E-07,1.67E-06,0.572779546
0.037104176,-9.20E-05,-9.20E-05,2.19E-06,2.19E-06,-1.02E-06,2.33E-06,5.28E-07,1.67E-06,0.572779546
0.037114176,-8.85E-05,-8.85E-05,-2.71E-06,-2.71E-06,4.98E-07,-2.86E-06,5.21E-07,1.67E-06,0.572779546
0.037124176,-9.20E-05,-9.20E-05,2.19E-06,2.19E-06,-1.02E-06,2.33E-06,5.28E-07,1.67E-06,0.572779546
0.037134176,-8.85E-05,-8.85E-05,-2.71E-06,-2.71E-06,4.98E-07,-2.86E-06,5.21E-07,1.67E-06,0.572779546
0.037144176,-9.20E-05,-9.20E-05,2.19E-06,2.19E-06,-1.02E-06,2.33E-06,5.28E-07,1.67E-06,0.572779546
0.037154176,-8.85E-05,-8.85E-05,-2.71E-06,-2.71E-06,4.98E-07,-2.86E-06,5.21E-07,1.67E-06,0.572779546
0.037164176,-9.20E-05,-9.20E-05,2.19E-06,2.19E-06,-1.02E-06,2.33E-06,5.28E-07,1.67E-06,0.572779546
0.037174176,-8.85E-05,-8.85E-05,-2.71E-06,-2.71E-06,4.98E-07,-2.86E-06,5.21E-07,1.67E-06,0.572779546
0.037184176,-9.20E-05,-9.20E-05,2.19E-06,2.19E-06,-1.02E-06,2.33E-06,5.28E-07,1.67E-06,0.572779546
0.037194176,-8.85E-05,-8.85E-05,-2.71E-06,-2.71E-06,4.98E-07,-2.86E-06,5.21E-07,1.67E-06,0.572779546
0.037204176,-9.20E-05,-9.20E-05,2.19E-06,2.19E-06,-1.02E-06,2.33E-06,5.28E-07,1.67E-06,0.572779546
0.037214176,-8.85E-05,-8.85E-05,-2.71E-06,-2.71E-06,4.98E-07,-2.86E-06,5.21E-07,1.67E-06,0.572779546
0.037224176,-9.20E-05,-9.20E-05,2.19E-06,2.19E-06,-1.02E-06,2.33E-06,5.28E-07,1.67E-06,0.572779546
0.037234176,-8.85E-05,-8.85E-05,-2.71E-06,-2.71E-06,4.98E-07,-2.86E-06,5.20E-07,1.67E-06,0.572779546
0.037244176,-9.20E-05,-9.20E-05,2.19E-06,2.19E-06,-1.02E-06,2.33E-06,5.28E-07,1.67E-06,0.572779546
0.037254176,-8.85E-05,-8.85E-05,-2.71E-06,-2.71E-06,4.98E-07,-2.86E-06,5.20E-07,1.67E-06,0.572779546
0.037264176,-9.20E-05,-9.20E-05,2.19E-06,2.19E-06,-1.02E-06,2.33E-06,5.28E-07,1.67E-06,0.572779546
0.037274176,-8.85E-05,-8.85E-05,-2.71E-06,-2.71E-06,4.98E-07,-2.86E-06,5.20E-07,1.67E-06,0.572779546
0.037284176,-9.20E-05,-9.20E-05,2.19E-06,2.19E-06,-1.02E-06,2.33E-06,5.28E-07,1.67E-06,0.572779546
0.037294176,-8.85E-05,-8.85E-05,-2.71E-06,-2.71E-06,4.98E-07,-2.86E-06,5.20E-07,1.67E-06,0.572779546
0.037304176,-9.20E-05,-9.20E-05,2.19E-06,2.19E-06,-1.02E-06,2.33E-06,5.28E-07,1.67E-06,0.572779546
0.037314176,-8.85E-05,-8.85E-05,-2.71E-06,-2.71E-06,4.98E-07,-2.86E-06,5.20E-07,1.67E-06,0.572779546
0.037324176,-9.20E-05,-9.20E-05,2.19E-06,2.19E-06,-1.02E-06,2.33E-06,5.28E-07,1.67E-06,0.572779546
0.037334176,-8.85E-05,-8.85E-05,-2.71E-06,-2.71E-06,4.98E-07,-2.86E-06,5.20E-07,1.67E-06,0.572779546
0.037344176,-9.20E-05,-9.20E-05,2.19E-06,2.19E-06,-1.02E-06,2.33E-06,5.28E-07,1.67E-06,0.572779546
0.037354176,-8.85E-05,-8.85E-05,-2.71E-06,-2.71E-06,4.98E-07,-2.86E-06,5.20E-07,1.67E-06,0.572779546
0.037364176,-9.20E-05,-9.20E-05,2.19E-06,2.19E-06,-1.02E-06,2.33E-06,5.28E-07,1.67E-06,0.572779546
0.037374176,-8.85E-05,-8.85E-05,-2.71E-06,-2.71E-06,4.98E-07,-2.86E-06,5.20E-07,1.67E-06,0.572779546
0.037384176,-9.20E-05,-9.20E-05,2.19E-06,2.19E-06,-1.02E-06,2.33E-06,5.28E-07,1.67E-06,0.572779546
0.037394176,-8.85E-05,-8.85E-05,-2.71E-06,-2.71E-06,4.98E-07,-2.86E-06,5.20E-07,1.67E-06,0.572779546
0.037404176,-9.20E-05,-9.20E-05,2.19E-06,2.19E-06,-1.02E-06,2.33E-06,5.28E-07,1.67E-06,0.572779546
0.037414176,-8.85E-05,-8.85E-05,-2.71E-06,-2.71E-06,4.98E-07,-2.86E-06,5.20E-07,1.67E-06,0.572779546
0.037424176,-9.20E-05,-9.20E-05,2.19E-06,2.19E-06,-1.02E-06,2.33E-06,5.28E-07,1.67E-06,0.572779546
0.037434176,-8.85E-05,-8.85E-05,-2.71E-06,-2.71E-06,4.98E-07,-2.86E-06,5.20E-07,1.67E-06,0.572779546
0.037444176,-9.20E-05,-9.20E-05,2.19E-06,2.19E-06,-1.02E-06,2.33E-06,5.28E-07,1.67E-06,0.572779546
0.037454176,-8.85E-05,-8.85E-05,-2.71E-06,-2.71E-06,4.98E-07,-2.86E-06,5.20E-07,1.67E-06,0.572779546
0.037464176,-9.20E-05,-9.20E-05,2.19E-06,2.19E-06,-1.02E-06,2.33E-06,5.28E-07,1.67E-06,0.572779546
0.037474176,-8.85E-05,-8.85E-05,-2.71E-06,-2.71E-06,4.98E-07,-2.86E-06,5.20E-07,1.67E-06,0.572779546
0.037484176,-9.20E-05,-9.20E-05,2.19E-06,2.19E-06,-1.02E-06,2.33E-06,5.28E-07,1.67E-06,0.572779546
0.037494176,-8.85E-05,-8.85E-05,-2.71E-06,-2.71E-06,4.98E-07,-2.86E-06,5.20E-07,1.67E-06,0.572779546
0.037504176,-9.20E-05,-9.20E-05,2.19E-06,2.19E-06,-1.02E-06,2.33E-06,5.28E-07,1.67E-06,0.572779546
0.037514176,-8.85E-05,-8.85E-05,-2.71E-06,-2.71E-06,4.98E-07,-2.86E-06,5.20E-07,1.67E-06,0.572779546
0.037524176,-9.20E-05,-9.20E-05,2.19E-06,2.19E-06,-1.02E-06,2.33E-06,5.28E-07,1.67E-06,0.572779546
0.037534176,-8.85E-05,-8.85E-05,-2.71E-06,-2.71E-06,4.98E-07,-2.86E-06,5.20E-07,1.67E-06,0.572779546
0.037544176,-9.20E-05,-9.20E-05,2.19E-06,2.19E-06,-1.02E-06,2.33E-06,5.28E-07,1.67E-06,0.572779546
0.037554176,-8.85E-05,-8.85E-05,-2.71E-06,-2.71E-06,4.98E-07,-2.86E-06,5.20E-07,1.67E-06,0.572779546
0.037564176,-9.20E-05,-9.20E-05,2.19E-06,2.19E-06,-1.02E-06,2.33E-06,5.28E-07,1.67E-06,0.572779546
0.037574176,-8.85E-05,-8.85E-05,-2.71E-06,-2.71E-06,4.98E-07,-2.86E-06,5.20E-07,1.67E-06,0.572779546
0.037584176,-9.20E-05,-9.20E-05,2.19E-06,2.19E-06,-1.02E-06,2.33E-06,5.28E-07,1.67E-06,0.572779546
0.037594176,-8.85E-05,-8.85E-05,-2.71E-06,-2.71E-06,4.98E-07,-2.86E-06,5.20E-07,1.67E-06,0.572779546
0.037604176,-9.20E-05,-9.20E-05,2.19E-06,2.19E-06,-1.02E-06,2.33E-06,5.28E-07,1.67E-06,0.572779546
0.037614176,-8.85E-05,-8.85E-05,-2.71E-06,-2.71E-06,4.98E-07,-2.86E-06,5.20E-07,1.67E-06,0.572779546
0.037624176,-9.20E-05,-9.20E-05,2.19E-06,2.19E-06,-1.02E-06,2.33E-06,5.28E-07,1.67E-06,0.572779546
0.037634176,-8.85E-05,-8.85E-05,-2.71E-06,-2.71E-06,4.98E-07,-2.86E-06,5.20E-07,1.67E-06,0.572779546
0.037644176,-9.20E-05,-9.20E-05,2.19E-06,2.19E-06,-1.02E-06,2.33E-06,5.28E-07,1.67E-06,0.572779546
0.037654176,-8.85E-05,-8.85E-05,-2.71E-06,-2.71E-06,4.98E-07,-2.86E-06,5.20E-07,1.67E-06,0.572779546
0.037664176,-9.20E-05,-9.20E-05,2.19E-06,2.19E-06,-1.02E-06,2.33E-06,5.28E-07,1.67E-06,0.572779546
0.037674176,-8.85E-05,-8.85E-05,-2.71E-06,-2.71E-06,4.98E-07,-2.86E-06,5.20E-07,1.67E-06,0.572779546
0.037684176,-9.20E-05,-9.20E-05,2.19E-06,2.19E-06,-1.02E-06,2.33E-06,5.28E-07,1.67E-06,0.572779546
0.037694176,-8.85E-05,-8.85E-05,-2.71E-06,-2.71E-06,4.98E-07,-2.86E-06,5.20E-07,1.67E-06,0.572779546
0.037704176,-9.20E-05,-9.20E-05,2.19E-06,2.19E-06,-1.02E-06,2.33E-06,5.28E-07,1.67E-06,0.572779546
0.037714176,-8.85E-05,-8.85E-05,-2.71E-06,-2.71E-06,4.98E-07,-2.86E-06,5.20E-07,1.67E-06,0.572779546
0.037724176,-9.20E-05,-9.20E-05,2.19E-06,2.19E-06,-1.02E-06,2.33E-06,5.28E-07,1.67E-06,0.572779546
0.037734176,-8.85E-05,-8.85E-05,-2.71E-06,-2.71E-06,4.98E-07,-2.86E-06,5.20E-07,1.67E-06,0.572779546
0.037744176,-9.20E-05,-9.20E-05,2.19E-06,2.19E-06,-1.02E-06,2.33E-06,5.28E-07,1.67E-06,0.572779546
0.037754176,-8.85E-05,-8.85E-05,-2.71E-06,-2.71E-06,4.98E-07,-2.86E-06,5.20E-07,1.67E-06,0.572779546
0.037764176,-9.20E-05,-9.20E-05,2.19E-06,2.19E-06,-1.02E-06,2.33E-06,5.28E-07,1.67E-06,0.572779546
0.037774176,-8.85E-05,-8.85E-05,-2.71E-06,-2.71E-06,4.98E-07,-2.86E-06,5.20E-07,1.67E-06,0.572779546
0.037784176,-9.20E-05,-9.20E-05,2.19E-06,2.19E-06,-1.02E-06,2.33E-06,5.28E-07,1.67E-06,0.572779546
0.037794176,-8.85E-05,-8.85E-05,-2.71E-06,-2.71E-06,4.98E-07,-2.86E-06,5.20E-07,1.67E-06,0.572779546
0.037804176,-9.20E-05,-9.20E-05,2.19E-06,2.19E-06,-1.02E-06,2.33E-06,5.28E-07,1.67E-06,0.572779546
0.037814176,-8.85E-05,-8.85E-05,-2.71E-06,-2.71E-06,4.98E-07,-2.86E-06,5.20E-07,1.67E-06,0.572779546
0.037824176,-9.20E-05,-9.20E-05,2.19E-06,2.19E-06,-1.02E-06,2.33E-06,5.28E-07,1.67E-06,0.572779546
0.037834176,-8.85E-05,-8.85E-05,-2.71E-06,-2.71E-06,4.98E-07,-2.86E-06,5.20E-07,1.67E-06,0.572779546
0.037844176,-9.20E-05,-9.20E-05,2.19E-06,2.19E-06,-1.02E-06,2.33E-06,5.28E-07,1.67E-06,0.572779546
0.037854176,-8.85E-05,-8.85E-05,-2.71E-06,-2.71E-06,4.98E-07,-2.86E-06,5.20E-07,1.67E-06,0.572779546
0.037864176,-9.20E-05,-9.20E-05,2.19E-06,2.19E-06,-1.02E-06,2.33E-06,5.28E-07,1.67E-06,0.572779546
0.037874176,-8.85E-05,-8.85E-05,-2.71E-06,-2.71E-06,4.98E-07,-2.86E-06,5.20E-07,1.67E-06,0.572779546
0.037884176,-9.20E-05,-9.20E-05,2.19E-06,2.19E-06,-1.02E-06,2.33E-06,5.28E-07,1.67E-06,0.572779546
0.037894176,-8.85E-05,-8.85E-05,-2.71E-06,-2.71E-06,4.98E-07,-2.86E-06,5.20E-07,1.67E-06,0.572779546
0.037904176,-9.20E-05,-9.20E-05,2.19E-06,2.19E-06,-1.02E-06,2.33E-06,5.28E-07,1.67E-06,0.572779546
0.037914176,-8.85E-05,-8.85E-05,-2.71E-06,-2.71E-06,4.98E-07,-2.86E-06,5.20E-07,1.67E-06,0.572779546
0.037924176,-9.20E-05,-9.20E-05,2.19E-06,2.19E-06,-1.02E-06,2.33E-06,5.28E-07,1.67E-06,0.572779546
0.037934176,-8.85E-05,-8.85E-05,-2.71E-06,-2.71E-06,4.98E-07,-2.86E-06,5.20E-07,1.67E-06,0.572779546
0.037944176,-9.20E-05,-9.20E-05,2.19E-06,2.19E-06,-1.02E-06,2.33E-06,5.28E-07,1.67E-06,0.572779546
0.037954176,-8.85E-05,-8.85E-05,-2.71E-06,-2.71E-06,4.98E-07,-2.86E-06,5.20E-07,1.67E-06,0.572779546
0.037964176,-9.20E-05,-9.20E-05,2.19E-06,2.19E-06,-1.02E-06,2.33E-06,5.28E-07,1.67E-06,0.572779546
0.037974176,-8.85E-05,-8.85E-05,-2.71E-06,-2.71E-06,4.98E-07,-2.86E-06,5.20E-07,1.67E-06,0.572779546
0.037984176,-9.20E-05,-9.20E-05,2.19E-06,2.19E-06,-1.02E-06,2.33E-06,5.28E-07,1.67E-06,0.572779546
0.037994176,-8.85E-05,-8.85E-05,-2.71E-06,-2.71E-06,4.98E-07,-2.86E-06,5.20E-07,1.67E-06,0.572779546
0.038004176,-9.20E-05,-9.20E-05,2.19E-06,2.19E-06,-1.02E-06,2.33E-06,5.28E-07,1.67E-06,0.572779546
0.038014176,-8.85E-05,-8.85E-05,-2.71E-06,-2.71E-06,4.98E-07,-2.86E-06,5.20E-07,1.67E-06,0.572779546
0.038024176,-9.20E-05,-9.20E-05,2.19E-06,2.19E-06,-1.02E-06,2.33E-06,5.28E-07,1.67E-06,0.572779546
0.038034176,-8.85E-05,-8.85E-05,-2.71E-06,-2.71E-06,4.98E-07,-2.86E-06,5.20E-07,1.67E-06,0.572779546
0.038044176,-9.20E-05,-9.20E-05,2.19E-06,2.19E-06,-1.02E-06,2.33E-06,5.28E-07,1.67E-06,0.572779546
0.038054176,-8.85E-05,-8.85E-05,-2.71E-06,-2.71E-06,4.98E-07,-2.86E-06,5.20E-07,1.67E-06,0.572779546
0.038064176,-9.20E-05,-9.20E-05,2.19E-06,2.19E-06,-1.02E-06,2.33E-06,5.28E-07,1.67E-06,0.572779546
0.038074176,-8.85E-05,-8.85E-05,-2.71E-06,-2.71E-06,4.98E-07,-2.86E-06,5.20E-07,1.67E-06,0.572779546
0.038084176,-9.20E-05,-9.20E-05,2.19E-06,2.19E-06,-1.02E-06,2.33E-06,5.28E-07,1.67E-06,0.572779546
0.038094176,-8.85E-05,-8.85E-05,-2.71E-06,-2.71E-06,4.98E-07,-2.86E-06,5.20E-07,1.67E-06,0.572779546
0.038104176,-9.20E-05,-9.20E-05,2.19E-06,2.19E-06,-1.02E-06,2.33E-06,5.28E-07,1.67E-06,0.572779546
0.038114176,-8.85E-05,-8.85E-05,-2.71E-06,-2.71E-06,4.98E-07,-2.86E-06,5.20E-07,1.67E-06,0.572779546
0.038124176,-9.20E-05,-9.20E-05,2.19E-06,2.19E-06,-1.02E-06,2.33E-06,5.28E-07,1.67E-06,0.572779546
0.038134176,-8.85E-05,-8.85E-05,-2.71E-06,-2.71E-06,4.98E-07,-2.86E-06,5.20E-07,1.67E-06,0.572779546
0.038144176,-9.20E-05,-9.20E-05,2.19E-06,2.19E-06,-1.02E-06,2.33E-06,5.28E-07,1.67E-06,0.572779546
0.038154176,-8.85E-05,-8.85E-05,-2.71E-06,-2.71E-06,4.98E-07,-2.86E-06,5.20E-07,1.67E-06,0.572779546
0.038164176,-9.20E-05,-9.20E-05,2.19E-06,2.19E-06,-1.02E-06,2.33E-06,5.28E-07,1.67E-06,0.572779546
0.038174176,-8.85E-05,-8.85E-05,-2.71E-06,-2.71E-06,4.98E-07,-2.86E-06,5.20E-07,1.67E-06,0.572779546
0.038184176,-9.20E-05,-9.20E-05,2.19E-06,2.19E-06,-1.02E-06,2.33E-06,5.28E-07,1.67E-06,0.572779546
0.038194176,-8.85E-05,-8.85E-05,-2.71E-06,-2.71E-06,4.98E-07,-2.86E-06,5.20E-07,1.67E-06,0.572779546
0.038204176,-9.20E-05,-9.20E-05,2.19E-06,2.19E-06,-1.02E-06,2.33E-06,5.28E-07,1.67E-06,0.572779546
0.038214176,-8.85E-05,-8.85E-05,-2.71E-06,-2.71E-06,4.98E-07,-2.86E-06,5.20E-07,1.67E-06,0.572779546
0.038224176,-9.20E-05,-9.20E-05,2.19E-06,2.19E-06,-1.02E-06,2.33E-06,5.28E-07,1.67E-06,0.572779546
0.038234176,-8.85E-05,-8.85E-05,-2.71E-06,-2.71E-06,4.98E-07,-2.86E-06,5.20E-07,1.67E-06,0.572779546
0.038244176,-9.20E-05,-9.20E-05,2.19E-06,2.19E-06,-1.02E-06,2.33E-06,5.28E-07,1.67E-06,0.572779546
0.038254176,-8.85E-05,-8.85E-05,-2.71E-06,-2.71E-06,4.98E-07,-2.86E-06,5.20E-07,1.67E-06,0.572779546
0.038264176,-9.20E-05,-9.20E-05,2.19E-06,2.19E-06,-1.02E-06,2.33E-06,5.28E-07,1.67E-06,0.572779546
0.038274176,-8.85E-05,-8.85E-05,-2.71E-06,-2.71E-06,4.98E-07,-2.86E-06,5.20E-07,1.67E-06,0.572779546
0.038284176,-9.20E-05,-9.20E-05,2.19E-06,2.19E-06,-1.02E-06,2.33E-06,5.28E-07,1.67E-06,0.572779546
0.038294176,-8.85E-05,-8.85E-05,-2.71E-06,-2.71E-06,4.98E-07,-2.86E-06,5.20E-07,1.67E-06,0.572779546
0.038304176,-9.20E-05,-9.20E-05,2.19E-06,2.19E-06,-1.02E-06,2.33E-06,5.28E-07,1.67E-06,0.572779546
0.038314176,-8.85E-05,-8.85E-05,-2.71E-06,-2.71E-06,4.98E-07,-2.86E-06,5.20E-07,1.67E-06,0.572779546
0.038324176,-9.20E-05,-9.20E-05,2.19E-06,2.19E-06,-1.02E-06,2.33E-06,5.28E-07,1.67E-06,0.572779546
0.038334176,-8.85E-05,-8.85E-05,-2.71E-06,-2.71E-06,4.98E-07,-2.86E-06,5.20E-07,1.67E-06,0.572779546
0.038344176,-9.20E-05,-9.20E-05,2.19E-06,2.19E-06,-1.02E-06,2.33E-06,5.28E-07,1.67E-06,0.572779546
0.038354176,-8.85E-05,-8.85E-05,-2.71E-06,-2.71E-06,4.98E-07,-2.86E-06,5.20E-07,1.67E-06,0.572779546
0.038364176,-9.20E-05,-9.20E-05,2.19E-06,2.19E-06,-1.02E-06,2.33E-06,5.28E-07,1.67E-06,0.572779546
0.038374176,-8.85E-05,-8.85E-05,-2.71E-06,-2.71E-06,4.98E-07,-2.86E-06,5.20E-07,1.67E-06,0.572779546
0.038384176,-9.20E-05,-9.20E-05,2.19E-06,2.19E-06,-1.02E-06,2.33E-06,5.28E-07,1.67E-06,0.572779546
0.038394176,-8.85E-05,-8.85E-05,-2.71E-06,-2.71E-06,4.98E-07,-2.86E-06,5.20E-07,1.67E-06,0.572779546
0.038404176,-9.20E-05,-9.20E-05,2.19E-06,2.19E-06,-1.02E-06,2.33E-06,5.28E-07,1.67E-06,0.572779546
0.038414176,-8.85E-05,-8.85E-05,-2.71E-06,-2.71E-06,4.98E-07,-2.86E-06,5.20E-07,1.67E-06,0.572779546
0.038424176,-9.20E-05,-9.20E-05,2.19E-06,2.19E-06,-1.02E-06,2.33E-06,5.28E-07,1.67E-06,0.572779546
0.038434176,-8.85E-05,-8.85E-05,-2.71E-06,-2.71E-06,4.98E-07,-2.86E-06,5.20E-07,1.67E-06,0.572779546
0.038444176,-9.20E-05,-9.20E-05,2.19E-06,2.19E-06,-1.02E-06,2.33E-06,5.28E-07,1.67E-06,0.572779546
0.038454176,-8.85E-05,-8.85E-05,-2.71E-06,-2.71E-06,4.98E-07,-2.86E-06,5.20E-07,1.67E-06,0.572779546
0.038464176,-9.20E-05,-9.20E-05,2.19E-06,2.19E-06,-1.02E-06,2.33E-06,5.28E-07,1.67E-06,0.572779546
0.038474176,-8.85E-05,-8.85E-05,-2.71E-06,-2.71E-06,4.98E-07,-2.86E-06,5.20E-07,1.67E-06,0.572779546
0.038484176,-9.20E-05,-9.20E-05,2.19E-06,2.19E-06,-1.02E-06,2.33E-06,5.28E-07,1.67E-06,0.572779546
0.038494176,-8.85E-05,-8.85E-05,-2.71E-06,-2.71E-06,4.98E-07,-2.86E-06,5.20E-07,1.67E-06,0.572779546
0.038504176,-9.20E-05,-9.20E-05,2.19E-06,2.19E-06,-1.02E-06,2.33E-06,5.28E-07,1.67E-06,0.572779546
0.038514176,-8.85E-05,-8.85E-05,-2.71E-06,-2.71E-06,4.98E-07,-2.86E-06,5.20E-07,1.67E-06,0.572779546
0.038524176,-9.20E-05,-9.20E-05,2.19E-06,2.19E-06,-1.02E-06,2.33E-06,5.28E-07,1.67E-06,0.572779546
0.038534176,-8.85E-05,-8.85E-05,-2.71E-06,-2.71E-06,4.98E-07,-2.86E-06,5.20E-07,1.67E-06,0.572779546
0.038544176,-9.20E-05,-9.20E-05,2.19E-06,2.19E-06,-1.02E-06,2.33E-06,5.28E-07,1.67E-06,0.572779546
0.038554176,-8.85E-05,-8.85E-05,-2.71E-06,-2.71E-06,4.98E-07,-2.86E-06,5.20E-07,1.67E-06,0.572779546
0.038564176,-9.20E-05,-9.20E-05,2.19E-06,2.19E-06,-1.02E-06,2.33E-06,5.28E-07,1.67E-06,0.572779546
0.038574176,-8.85E-05,-8.85E-05,-2.71E-06,-2.71E-06,4.98E-07,-2.86E-06,5.20E-07,1.67E-06,0.572779546
0.038584176,-9.20E-05,-9.20E-05,2.19E-06,2.19E-06,-1.02E-06,2.33E-06,5.28E-07,1.67E-06,0.572779546
0.038594176,-8.85E-05,-8.85E-05,-2.71E-06,-2.71E-06,4.98E-07,-2.86E-06,5.20E-07,1.67E-06,0.572779546
0.038604176,-9.20E-05,-9.20E-05,2.19E-06,2.19E-06,-1.02E-06,2.33E-06,5.28E-07,1.67E-06,0.572779546
0.038614176,-8.85E-05,-8.85E-05,-2.71E-06,-2.71E-06,4.98E-07,-2.86E-06,5.20E-07,1.67E-06,0.572779546
0.038624176,-9.20E-05,-9.20E-05,2.19E-06,2.19E-06,-1.02E-06,2.33E-06,5.28E-07,1.67E-06,0.572779546
0.038634176,-8.85E-05,-8.85E-05,-2.71E-06,-2.71E-06,4.98E-07,-2.86E-06,5.20E-07,1.67E-06,0.572779546
0.038644176,-9.20E-05,-9.20E-05,2.19E-06,2.19E-06,-1.02E-06,2.33E-06,5.28E-07,1.67E-06,0.572779546
0.038654176,-8.85E-05,-8.85E-05,-2.71E-06,-2.71E-06,4.98E-07,-2.86E-06,5.20E-07,1.67E-06,0.572779546
0.038664176,-9.20E-05,-9.20E-05,2.19E-06,2.19E-06,-1.02E-06,2.33E-06,5.28E-07,1.67E-06,0.572779546
0.038674176,-8.85E-05,-8.85E-05,-2.71E-06,-2.71E-06,4.98E-07,-2.86E-06,5.20E-07,1.67E-06,0.572779546
0.038684176,-9.20E-05,-9.20E-05,2.19E-06,2.19E-06,-1.02E-06,2.33E-06,5.28E-07,1.67E-06,0.572779546
0.038694176,-8.85E-05,-8.85E-05,-2.71E-06,-2.71E-06,4.98E-07,-2.86E-06,5.20E-07,1.67E-06,0.572779546
0.038704176,-9.20E-05,-9.20E-05,2.19E-06,2.19E-06,-1.02E-06,2.33E-06,5.28E-07,1.67E-06,0.572779546
0.038714176,-8.85E-05,-8.85E-05,-2.71E-06,-2.71E-06,4.98E-07,-2.86E-06,5.20E-07,1.67E-06,0.572779546
0.038724176,-9.20E-05,-9.20E-05,2.19E-06,2.19E-06,-1.02E-06,2.33E-06,5.28E-07,1.67E-06,0.572779546
0.038734176,-8.85E-05,-8.85E-05,-2.71E-06,-2.71E-06,4.98E-07,-2.86E-06,5.20E-07,1.67E-06,0.572779546
0.038744176,-9.20E-05,-9.20E-05,2.19E-06,2.19E-06,-1.02E-06,2.33E-06,5.28E-07,1.67E-06,0.572779546
0.038754176,-8.85E-05,-8.85E-05,-2.71E-06,-2.71E-06,4.98E-07,-2.86E-06,5.20E-07,1.67E-06,0.572779546
0.038764176,-9.20E-05,-9.20E-05,2.19E-06,2.19E-06,-1.02E-06,2.33E-06,5.28E-07,1.67E-06,0.572779546
0.038774176,-8.85E-05,-8.85E-05,-2.71E-06,-2.71E-06,4.98E-07,-2.86E-06,5.20E-07,1.67E-06,0.572779546
0.038784176,-9.20E-05,-9.20E-05,2.19E-06,2.19E-06,-1.02E-06,2.33E-06,5.28E-07,1.67E-06,0.572779546
0.038794176,-8.85E-05,-8.85E-05,-2.71E-06,-2.71E-06,4.98E-07,-2.86E-06,5.20E-07,1.67E-06,0.572779546
0.038804176,-9.20E-05,-9.20E-05,2.19E-06,2.19E-06,-1.02E-06,2.33E-06,5.28E-07,1.67E-06,0.572779546
0.038814176,-8.85E-05,-8.85E-05,-2.71E-06,-2.71E-06,4.98E-07,-2.86E-06,5.20E-07,1.67E-06,0.572779546
0.038824176,-9.20E-05,-9.20E-05,2.19E-06,2.19E-06,-1.02E-06,2.33E-06,5.28E-07,1.67E-06,0.572779546
0.038834176,-8.85E-05,-8.85E-05,-2.71E-06,-2.71E-06,4.98E-07,-2.86E-06,5.20E-07,1.67E-06,0.572779546
0.038844176,-9.20E-05,-9.20E-05,2.19E-06,2.19E-06,-1.02E-06,2.33E-06,5.28E-07,1.67E-06,0.572779546
0.038854176,-8.85E-05,-8.85E-05,-2.71E-06,-2.71E-06,4.98E-07,-2.86E-06,5.20E-07,1.67E-06,0.572779546
0.038864176,-9.20E-05,-9.20E-05,2.19E-06,2.19E-06,-1.02E-06,2.33E-06,5.28E-07,1.67E-06,0.572779546
0.038874176,-8.85E-05,-8.85E-05,-2.71E-06,-2.71E-06,4.98E-07,-2.86E-06,5.20E-07,1.67E-06,0.572779546
0.038884176,-9.20E-05,-9.20E-05,2.19E-06,2.19E-06,-1.02E-06,2.33E-06,5.28E-07,1.67E-06,0.572779546
0.038894176,-8.85E-05,-8.85E-05,-2.71E-06,-2.71E-06,4.98E-07,-2.86E-06,5.20E-07,1.67E-06,0.572779546
0.038904176,-9.20E-05,-9.20E-05,2.19E-06,2.19E-06,-1.02E-06,2.33E-06,5.28E-07,1.67E-06,0.572779546
0.038914176,-8.85E-05,-8.85E-05,-2.71E-06,-2.71E-06,4.98E-07,-2.86E-06,5.20E-07,1.67E-06,0.572779546
0.038924176,-9.20E-05,-9.20E-05,2.19E-06,2.19E-06,-1.02E-06,2.33E-06,5.28E-07,1.67E-06,0.572779546
0.038934176,-8.85E-05,-8.85E-05,-2.71E-06,-2.71E-06,4.98E-07,-2.86E-06,5.20E-07,1.67E-06,0.572779546
0.038944176,-9.20E-05,-9.20E-05,2.19E-06,2.19E-06,-1.02E-06,2.33E-06,5.28E-07,1.67E-06,0.572779546
0.038954176,-8.85E-05,-8.85E-05,-2.71E-06,-2.71E-06,4.98E-07,-2.86E-06,5.20E-07,1.67E-06,0.572779546
0.038964176,-9.20E-05,-9.20E-05,2.19E-06,2.19E-06,-1.02E-06,2.33E-06,5.28E-07,1.67E-06,0.572779546
0.038974176,-8.85E-05,-8.85E-05,-2.71E-06,-2.71E-06,4.98E-07,-2.86E-06,5.20E-07,1.67E-06,0.572779546
0.038984176,-9.20E-05,-9.20E-05,2.19E-06,2.19E-06,-1.02E-06,2.33E-06,5.28E-07,1.67E-06,0.572779546
0.038994176,-8.85E-05,-8.85E-05,-2.71E-06,-2.71E-06,4.98E-07,-2.86E-06,5.20E-07,1.67E-06,0.572779546
0.039004176,-9.20E-05,-9.20E-05,2.19E-06,2.19E-06,-1.02E-06,2.33E-06,5.28E-07,1.67E-06,0.572779546
0.039014176,-8.85E-05,-8.85E-05,-2.71E-06,-2.71E-06,4.98E-07,-2.86E-06,5.20E-07,1.67E-06,0.572779546
0.039024176,-9.20E-05,-9.20E-05,2.19E-06,2.19E-06,-1.02E-06,2.33E-06,5.28E-07,1.67E-06,0.572779546
0.039034176,-8.85E-05,-8.85E-05,-2.71E-06,-2.71E-06,4.98E-07,-2.86E-06,5.20E-07,1.67E-06,0.572779546
0.039044176,-9.20E-05,-9.20E-05,2.19E-06,2.19E-06,-1.02E-06,2.33E-06,5.28E-07,1.67E-06,0.572779546
0.039054176,-8.85E-05,-8.85E-05,-2.71E-06,-2.71E-06,4.98E-07,-2.86E-06,5.20E-07,1.67E-06,0.572779546
0.039064176,-9.20E-05,-9.20E-05,2.19E-06,2.19E-06,-1.02E-06,2.33E-06,5.28E-07,1.67E-06,0.572779546
0.039074176,-8.85E-05,-8.85E-05,-2.71E-06,-2.71E-06,4.98E-07,-2.86E-06,5.20E-07,1.67E-06,0.572779546
0.039084176,-9.20E-05,-9.20E-05,2.19E-06,2.19E-06,-1.02E-06,2.33E-06,5.28E-07,1.67E-06,0.572779546
0.039094176,-8.85E-05,-8.85E-05,-2.71E-06,-2.71E-06,4.98E-07,-2.86E-06,5.20E-07,1.67E-06,0.572779546
0.039104176,-9.20E-05,-9.20E-05,2.19E-06,2.19E-06,-1.02E-06,2.33E-06,5.28E-07,1.67E-06,0.572779546
0.039114176,-8.85E-05,-8.85E-05,-2.71E-06,-2.71E-06,4.98E-07,-2.86E-06,5.20E-07,1.67E-06,0.572779546
0.039124176,-9.20E-05,-9.20E-05,2.19E-06,2.19E-06,-1.02E-06,2.33E-06,5.28E-07,1.67E-06,0.572779546
0.039134176,-8.85E-05,-8.85E-05,-2.71E-06,-2.71E-06,4.98E-07,-2.86E-06,5.20E-07,1.67E-06,0.572779546
0.039144176,-9.20E-05,-9.20E-05,2.19E-06,2.19E-06,-1.02E-06,2.33E-06,5.28E-07,1.67E-06,0.572779546
0.039154176,-8.85E-05,-8.85E-05,-2.71E-06,-2.71E-06,4.98E-07,-2.86E-06,5.20E-07,1.67E-06,0.572779546
0.039164176,-9.20E-05,-9.20E-05,2.19E-06,2.19E-06,-1.02E-06,2.33E-06,5.28E-07,1.67E-06,0.572779546
0.039174176,-8.85E-05,-8.85E-05,-2.71E-06,-2.71E-06,4.98E-07,-2.86E-06,5.20E-07,1.67E-06,0.572779546
0.039184176,-9.20E-05,-9.20E-05,2.19E-06,2.19E-06,-1.02E-06,2.33E-06,5.28E-07,1.67E-06,0.572779546
0.039194176,-8.85E-05,-8.85E-05,-2.71E-06,-2.71E-06,4.98E-07,-2.86E-06,5.20E-07,1.67E-06,0.572779546
0.039204176,-9.20E-05,-9.20E-05,2.19E-06,2.19E-06,-1.02E-06,2.33E-06,5.28E-07,1.67E-06,0.572779546
0.039214176,-8.85E-05,-8.85E-05,-2.71E-06,-2.71E-06,4.98E-07,-2.86E-06,5.20E-07,1.67E-06,0.572779546
0.039224176,-9.20E-05,-9.20E-05,2.19E-06,2.19E-06,-1.02E-06,2.33E-06,5.28E-07,1.67E-06,0.572779546
0.039234176,-8.85E-05,-8.85E-05,-2.71E-06,-2.71E-06,4.98E-07,-2.86E-06,5.20E-07,1.67E-06,0.572779546
0.039244176,-9.20E-05,-9.20E-05,2.19E-06,2.19E-06,-1.02E-06,2.33E-06,5.28E-07,1.67E-06,0.572779546
0.039254176,-8.85E-05,-8.85E-05,-2.71E-06,-2.71E-06,4.98E-07,-2.86E-06,5.20E-07,1.67E-06,0.572779546
0.039264176,-9.20E-05,-9.20E-05,2.19E-06,2.19E-06,-1.02E-06,2.33E-06,5.28E-07,1.67E-06,0.572779546
0.039274176,-8.85E-05,-8.85E-05,-2.71E-06,-2.71E-06,4.98E-07,-2.86E-06,5.20E-07,1.67E-06,0.572779546
0.039284176,-9.20E-05,-9.20E-05,2.19E-06,2.19E-06,-1.02E-06,2.33E-06,5.28E-07,1.67E-06,0.572779546
0.039294176,-8.85E-05,-8.85E-05,-2.71E-06,-2.71E-06,4.98E-07,-2.86E-06,5.20E-07,1.67E-06,0.572779546
0.039304176,-9.20E-05,-9.20E-05,2.19E-06,2.19E-06,-1.02E-06,2.33E-06,5.28E-07,1.67E-06,0.572779546
0.039314176,-8.85E-05,-8.85E-05,-2.71E-06,-2.71E-06,4.98E-07,-2.86E-06,5.20E-07,1.67E-06,0.572779546
0.039324176,-9.20E-05,-9.20E-05,2.19E-06,2.19E-06,-1.02E-06,2.33E-06,5.28E-07,1.67E-06,0.572779546
0.039334176,-8.85E-05,-8.85E-05,-2.71E-06,-2.71E-06,4.98E-07,-2.86E-06,5.20E-07,1.67E-06,0.572779546
0.039344176,-9.20E-05,-9.20E-05,2.19E-06,2.19E-06,-1.02E-06,2.33E-06,5.28E-07,1.67E-06,0.572779546
0.039354176,-8.85E-05,-8.85E-05,-2.71E-06,-2.71E-06,4.98E-07,-2.86E-06,5.20E-07,1.67E-06,0.572779546
0.039364176,-9.20E-05,-9.20E-05,2.19E-06,2.19E-06,-1.02E-06,2.33E-06,5.28E-07,1.67E-06,0.572779546
0.039374176,-8.85E-05,-8.85E-05,-2.71E-06,-2.71E-06,4.98E-07,-2.86E-06,5.20E-07,1.67E-06,0.572779546
0.039384176,-9.20E-05,-9.20E-05,2.19E-06,2.19E-06,-1.02E-06,2.33E-06,5.28E-07,1.67E-06,0.572779546
0.039394176,-8.85E-05,-8.85E-05,-2.71E-06,-2.71E-06,4.98E-07,-2.86E-06,5.20E-07,1.67E-06,0.572779546
0.039404176,-9.20E-05,-9.20E-05,2.19E-06,2.19E-06,-1.02E-06,2.33E-06,5.28E-07,1.67E-06,0.572779546
0.039414176,-8.85E-05,-8.85E-05,-2.71E-06,-2.71E-06,4.98E-07,-2.86E-06,5.20E-07,1.67E-06,0.572779546
0.039424176,-9.20E-05,-9.20E-05,2.19E-06,2.19E-06,-1.02E-06,2.33E-06,5.28E-07,1.67E-06,0.572779546
0.039434176,-8.85E-05,-8.85E-05,-2.71E-06,-2.71E-06,4.98E-07,-2.86E-06,5.20E-07,1.67E-06,0.572779546
0.039444176,-9.20E-05,-9.20E-05,2.19E-06,2.19E-06,-1.02E-06,2.33E-06,5.28E-07,1.67E-06,0.572779546
0.039454176,-8.85E-05,-8.85E-05,-2.71E-06,-2.71E-06,4.98E-07,-2.86E-06,5.20E-07,1.67E-06,0.572779546
0.039464176,-9.20E-05,-9.20E-05,2.19E-06,2.19E-06,-1.02E-06,2.33E-06,5.28E-07,1.67E-06,0.572779546
0.039474176,-8.85E-05,-8.85E-05,-2.71E-06,-2.71E-06,4.98E-07,-2.86E-06,5.20E-07,1.67E-06,0.572779546
0.039484176,-9.20E-05,-9.20E-05,2.19E-06,2.19E-06,-1.02E-06,2.33E-06,5.28E-07,1.67E-06,0.572779546
0.039494176,-8.85E-05,-8.85E-05,-2.71E-06,-2.71E-06,4.98E-07,-2.86E-06,5.20E-07,1.67E-06,0.572779546
0.039504176,-9.20E-05,-9.20E-05,2.19E-06,2.19E-06,-1.02E-06,2.33E-06,5.28E-07,1.67E-06,0.572779546
0.039514176,-8.85E-05,-8.85E-05,-2.71E-06,-2.71E-06,4.98E-07,-2.86E-06,5.20E-07,1.67E-06,0.572779546
0.039524176,-9.20E-05,-9.20E-05,2.19E-06,2.19E-06,-1.02E-06,2.33E-06,5.28E-07,1.67E-06,0.572779546
0.039534176,-8.85E-05,-8.85E-05,-2.71E-06,-2.71E-06,4.98E-07,-2.86E-06,5.20E-07,1.67E-06,0.572779546
0.039544176,-9.20E-05,-9.20E-05,2.19E-06,2.19E-06,-1.02E-06,2.33E-06,5.28E-07,1.67E-06,0.572779546
0.039554176,-8.85E-05,-8.85E-05,-2.71E-06,-2.71E-06,4.98E-07,-2.86E-06,5.20E-07,1.67E-06,0.572779546
0.039564176,-9.20E-05,-9.20E-05,2.19E-06,2.19E-06,-1.02E-06,2.33E-06,5.28E-07,1.67E-06,0.572779546
0.039574176,-8.85E-05,-8.85E-05,-2.71E-06,-2.71E-06,4.98E-07,-2.86E-06,5.20E-07,1.67E-06,0.572779546
0.039584176,-9.20E-05,-9.20E-05,2.19E-06,2.19E-06,-1.02E-06,2.33E-06,5.28E-07,1.67E-06,0.572779546
0.039594176,-8.85E-05,-8.85E-05,-2.71E-06,-2.71E-06,4.98E-07,-2.86E-06,5.20E-07,1.67E-06,0.572779546
0.039604176,-9.20E-05,-9.20E-05,2.19E-06,2.19E-06,-1.02E-06,2.33E-06,5.28E-07,1.67E-06,0.572779546
0.039614176,-8.85E-05,-8.85E-05,-2.71E-06,-2.71E-06,4.98E-07,-2.86E-06,5.20E-07,1.67E-06,0.572779546
0.039624176,-9.20E-05,-9.20E-05,2.19E-06,2.19E-06,-1.02E-06,2.33E-06,5.28E-07,1.67E-06,0.572779546
0.039634176,-8.85E-05,-8.85E-05,-2.71E-06,-2.71E-06,4.98E-07,-2.86E-06,5.20E-07,1.67E-06,0.572779546
0.039644176,-9.20E-05,-9.20E-05,2.19E-06,2.19E-06,-1.02E-06,2.33E-06,5.28E-07,1.67E-06,0.572779546
0.039654176,-8.85E-05,-8.85E-05,-2.71E-06,-2.71E-06,4.98E-07,-2.86E-06,5.20E-07,1.67E-06,0.572779546
0.039664176,-9.20E-05,-9.20E-05,2.19E-06,2.19E-06,-1.02E-06,2.33E-06,5.28E-07,1.67E-06,0.572779546
0.039674176,-8.85E-05,-8.85E-05,-2.71E-06,-2.71E-06,4.98E-07,-2.86E-06,5.20E-07,1.67E-06,0.572779546
0.039684176,-9.20E-05,-9.20E-05,2.19E-06,2.19E-06,-1.02E-06,2.33E-06,5.28E-07,1.67E-06,0.572779546
0.039694176,-8.85E-05,-8.85E-05,-2.71E-06,-2.71E-06,4.98E-07,-2.86E-06,5.20E-07,1.67E-06,0.572779546
0.039704176,-9.20E-05,-9.20E-05,2.19E-06,2.19E-06,-1.02E-06,2.33E-06,5.28E-07,1.67E-06,0.572779546
0.039714176,-8.85E-05,-8.85E-05,-2.71E-06,-2.71E-06,4.98E-07,-2.86E-06,5.20E-07,1.67E-06,0.572779546
0.039724176,-9.20E-05,-9.20E-05,2.19E-06,2.19E-06,-1.02E-06,2.33E-06,5.28E-07,1.67E-06,0.572779546
0.039734176,-8.85E-05,-8.85E-05,-2.71E-06,-2.71E-06,4.98E-07,-2.86E-06,5.20E-07,1.67E-06,0.572779546
0.039744176,-9.20E-05,-9.20E-05,2.19E-06,2.19E-06,-1.02E-06,2.33E-06,5.28E-07,1.67E-06,0.572779546
0.039754176,-8.85E-05,-8.85E-05,-2.71E-06,-2.71E-06,4.98E-07,-2.86E-06,5.20E-07,1.67E-06,0.572779546
0.039764176,-9.20E-05,-9.20E-05,2.19E-06,2.19E-06,-1.02E-06,2.33E-06,5.28E-07,1.67E-06,0.572779546
0.039774176,-8.85E-05,-8.85E-05,-2.71E-06,-2.71E-06,4.98E-07,-2.86E-06,5.20E-07,1.67E-06,0.572779546
0.039784176,-9.20E-05,-9.20E-05,2.19E-06,2.19E-06,-1.02E-06,2.33E-06,5.28E-07,1.67E-06,0.572779546
0.039794176,-8.85E-05,-8.85E-05,-2.71E-06,-2.71E-06,4.98E-07,-2.86E-06,5.20E-07,1.67E-06,0.572779546
0.039804176,-9.20E-05,-9.20E-05,2.19E-06,2.19E-06,-1.02E-06,2.33E-06,5.28E-07,1.67E-06,0.572779546
0.039814176,-8.85E-05,-8.85E-05,-2.71E-06,-2.71E-06,4.98E-07,-2.86E-06,5.20E-07,1.67E-06,0.572779546
0.039824176,-9.20E-05,-9.20E-05,2.19E-06,2.19E-06,-1.02E-06,2.33E-06,5.28E-07,1.67E-06,0.572779546
0.039834176,-8.85E-05,-8.85E-05,-2.71E-06,-2.71E-06,4.98E-07,-2.86E-06,5.20E-07,1.67E-06,0.572779546
0.039844176,-9.20E-05,-9.20E-05,2.19E-06,2.19E-06,-1.02E-06,2.33E-06,5.28E-07,1.67E-06,0.572779546
0.039854176,-8.85E-05,-8.85E-05,-2.71E-06,-2.71E-06,4.98E-07,-2.86E-06,5.20E-07,1.67E-06,0.572779546
0.039864176,-9.20E-05,-9.20E-05,2.19E-06,2.19E-06,-1.02E-06,2.33E-06,5.28E-07,1.67E-06,0.572779546
0.039874176,-8.85E-05,-8.85E-05,-2.71E-06,-2.71E-06,4.98E-07,-2.86E-06,5.20E-07,1.67E-06,0.572779546
0.039884176,-9.20E-05,-9.20E-05,2.19E-06,2.19E-06,-1.02E-06,2.33E-06,5.28E-07,1.67E-06,0.572779546
0.039894176,-8.85E-05,-8.85E-05,-2.71E-06,-2.71E-06,4.98E-07,-2.86E-06,5.20E-07,1.67E-06,0.572779546
0.039904176,-9.20E-05,-9.20E-05,2.19E-06,2.19E-06,-1.02E-06,2.33E-06,5.28E-07,1.67E-06,0.572779546
0.039914176,-8.85E-05,-8.85E-05,-2.71E-06,-2.71E-06,4.98E-07,-2.86E-06,5.20E-07,1.67E-06,0.572779546
0.039924176,-9.20E-05,-9.20E-05,2.19E-06,2.19E-06,-1.02E-06,2.33E-06,5.28E-07,1.67E-06,0.572779546
0.039934176,-8.85E-05,-8.85E-05,-2.71E-06,-2.71E-06,4.98E-07,-2.86E-06,5.20E-07,1.67E-06,0.572779546
0.039944176,-9.20E-05,-9.20E-05,2.19E-06,2.19E-06,-1.02E-06,2.33E-06,5.28E-07,1.67E-06,0.572779546
0.039954176,-8.85E-05,-8.85E-05,-2.71E-06,-2.71E-06,4.98E-07,-2.86E-06,5.20E-07,1.67E-06,0.572779546
0.039964176,-9.20E-05,-9.20E-05,2.19E-06,2.19E-06,-1.02E-06,2.33E-06,5.28E-07,1.67E-06,0.572779546
0.039974176,-8.85E-05,-8.85E-05,-2.71E-06,-2.71E-06,4.98E-07,-2.86E-06,5.20E-07,1.67E-06,0.572779546
0.039984176,-9.20E-05,-9.20E-05,2.19E-06,2.19E-06,-1.02E-06,2.33E-06,5.28E-07,1.67E-06,0.572779546
0.039994176,-8.85E-05,-8.85E-05,-2.71E-06,-2.71E-06,4.98E-07,-2.86E-06,5.20E-07,1.67E-06,0.572779546
0.04,-9.20E-05,-9.20E-05,2.19E-06,2.19E-06,-1.02E-06,2.33E-06,5.28E-07,1.67E-06,0.572779546
