time	V(N024,N004)	V(N027,N006)
0.000000000000000e+00	0.000000e+00	0.000000e+00
9.999999439624929e-11	-3.359220e-01	-3.359220e-01
1.002503587795699e-10	-3.319833e-01	-3.319833e-01
1.007510875462111e-10	-3.315856e-01	-3.315856e-01
1.017525450794934e-10	-3.335195e-01	-3.335195e-01
1.031303940007809e-10	-3.366964e-01	-3.366964e-01
1.047103242838478e-10	-3.401840e-01	-3.401840e-01
1.071357214512692e-10	-3.454778e-01	-3.454778e-01
1.110622432653296e-10	-3.537264e-01	-3.537264e-01
1.154325686439144e-10	-3.625772e-01	-3.625772e-01
1.203241436705879e-10	-3.720462e-01	-3.720462e-01
1.258351898409869e-10	-3.821750e-01	-3.821750e-01
1.327075662522890e-10	-3.940315e-01	-3.940315e-01
1.408561701166164e-10	-4.071102e-01	-4.071102e-01
1.498558718905760e-10	-4.204297e-01	-4.204297e-01
1.583214185523413e-10	-4.318645e-01	-4.318645e-01
1.697710947385318e-10	-4.458542e-01	-4.458542e-01
1.809430642380845e-10	-4.580112e-01	-4.580112e-01
1.970328675196608e-10	-4.734735e-01	-4.734735e-01
2.074217649614304e-10	-4.823425e-01	-4.823425e-01
2.165029932037942e-10	-4.893272e-01	-4.893272e-01
2.208487306576239e-10	-4.924409e-01	-4.924409e-01
2.247866431808409e-10	-4.951251e-01	-4.951251e-01
2.265545881408009e-10	-4.962950e-01	-4.962950e-01
2.282916250174756e-10	-4.974160e-01	-4.974160e-01
2.299937356128424e-10	-4.984937e-01	-4.984937e-01
2.333979568035759e-10	-5.005727e-01	-5.005727e-01
2.402063991850430e-10	-5.044804e-01	-5.044801e-01
2.538232839479771e-10	-5.113919e-01	-5.113916e-01
2.810570534738453e-10	-5.223315e-01	-5.223315e-01
3.355245925255817e-10	-5.374835e-01	-5.374835e-01
3.962489077870177e-10	-5.473149e-01	-5.473149e-01
4.772791217898908e-10	-5.532115e-01	-5.532115e-01
5.653653701487202e-10	-5.550201e-01	-5.550201e-01
6.834759211883307e-10	-5.540621e-01	-5.540621e-01
8.171302135989040e-10	-5.512812e-01	-5.512812e-01
9.760077043690120e-10	-5.471301e-01	-5.471301e-01
1.206744920525265e-09	-5.407126e-01	-5.407124e-01
1.668219352837770e-09	-5.277231e-01	-5.277231e-01
2.584218007061299e-09	-5.020871e-01	-5.020871e-01
4.416215315508359e-09	-4.513924e-01	-4.513924e-01
6.462182959741426e-09	-3.956013e-01	-3.956013e-01
7.769162133436583e-09	-3.606312e-01	-3.606312e-01
9.304505575838733e-09	-3.203588e-01	-3.203588e-01
1.101499137839791e-08	-2.765448e-01	-2.765448e-01
1.443596298351626e-08	-1.919780e-01	-1.919780e-01
1.820867097893799e-08	-1.029317e-01	-1.029317e-01
2.005278609636135e-08	-6.142116e-02	-6.142116e-02
2.230351071690548e-08	-1.270080e-02	-1.270080e-02
2.326605237434292e-08	7.525206e-03	7.525206e-03
2.386280294277974e-08	1.982093e-02	1.982093e-02
2.420695272540941e-08	2.682877e-02	2.682877e-02
2.441038017639245e-08	3.094053e-02	3.094053e-02
2.454169620429201e-08	3.358102e-02	3.358102e-02
2.466180621648712e-08	3.598785e-02	3.598785e-02
2.475411672763028e-08	3.783154e-02	3.783154e-02
2.483312981502462e-08	3.940654e-02	3.940654e-02
2.490994932038509e-08	4.093409e-02	4.093409e-02
2.499278910162555e-08	4.257965e-02	4.257965e-02
2.508733323675694e-08	4.445434e-02	4.445434e-02
2.517913279327842e-08	4.627562e-02	4.627585e-02
2.527624957212199e-08	4.820657e-02	4.820657e-02
2.537172443862698e-08	5.011773e-02	5.011773e-02
2.546821844883114e-08	5.207300e-02	5.207300e-02
2.556498249159674e-08	5.407882e-02	5.407882e-02
2.566296391749518e-08	5.618095e-02	5.618095e-02
2.576225024745461e-08	5.842209e-02	5.842209e-02
2.586333830310665e-08	6.085610e-02	6.085610e-02
2.596735649307469e-08	6.355524e-02	6.355524e-02
2.607535419149975e-08	6.657624e-02	6.657624e-02
2.619070019853028e-08	7.002783e-02	7.002783e-02
2.631800442208950e-08	7.403898e-02	7.403898e-02
2.647113174756603e-08	7.901716e-02	7.901716e-02
2.669250874223117e-08	8.625722e-02	8.625722e-02
2.694862694169676e-08	9.446549e-02	9.446549e-02
2.722663788709667e-08	1.029768e-01	1.029768e-01
2.754350679809448e-08	1.119416e-01	1.119416e-01
2.802714664605538e-08	1.237867e-01	1.237867e-01
2.891918835119020e-08	1.408105e-01	1.408105e-01
3.032017690576576e-08	1.595314e-01	1.595314e-01
3.188696296986704e-08	1.733918e-01	1.733918e-01
3.344066047819542e-08	1.825924e-01	1.825924e-01
3.563277838851788e-08	1.916394e-01	1.916394e-01
3.872603162539056e-08	2.006066e-01	2.006066e-01
4.282508574703393e-08	2.088814e-01	2.088814e-01
4.736817206432929e-08	2.153890e-01	2.153890e-01
5.369238448956598e-08	2.218935e-01	2.218935e-01
6.305273668749381e-08	2.286451e-01	2.286451e-01
7.406158143647898e-08	2.342668e-01	2.342668e-01
8.504039679808025e-08	2.383590e-01	2.383590e-01
9.941192593694292e-08	2.423365e-01	2.423365e-01
1.141863971587917e-07	2.453921e-01	2.453921e-01
1.314519846650821e-07	2.479000e-01	2.479000e-01
1.653858259619255e-07	2.511659e-01	2.511659e-01
2.062585336627945e-07	2.536776e-01	2.536776e-01
2.540820898733429e-07	2.554255e-01	2.554255e-01
2.997889784596169e-07	2.563868e-01	2.563868e-01
3.494266342388218e-07	2.569487e-01	2.569487e-01
4.056581397315074e-07	2.572236e-01	2.572234e-01
4.780784158269687e-07	2.572308e-01	2.572308e-01
5.784357192196712e-07	2.568724e-01	2.568724e-01
7.081997335499763e-07	2.560265e-01	2.560265e-01
8.528378279419113e-07	2.549486e-01	2.549486e-01
9.757187712317370e-07	2.541325e-01	2.541325e-01
1.093590881591403e-06	2.534726e-01	2.534726e-01
1.211580810724196e-06	2.528594e-01	2.528594e-01
1.329891338735019e-06	2.522795e-01	2.522795e-01
1.467297996124062e-06	2.516370e-01	2.516370e-01
1.610326085940648e-06	2.510004e-01	2.510004e-01
1.783291236829279e-06	2.502694e-01	2.502694e-01
1.975887634195488e-06	2.495046e-01	2.495046e-01
2.222823430235929e-06	2.485919e-01	2.485919e-01
2.522621711962608e-06	2.475746e-01	2.475746e-01
2.793817607560621e-06	2.467339e-01	2.467339e-01
3.072301513175379e-06	2.459469e-01	2.459469e-01
3.339210726575732e-06	2.450101e-01	2.452569e-01
3.625641202248511e-06	2.426383e-01	2.445824e-01
3.909777237808007e-06	2.366741e-01	2.439728e-01
4.212806419318619e-06	2.245042e-01	2.433834e-01
4.519938588957752e-06	2.062829e-01	2.428417e-01
4.851215426000312e-06	1.821549e-01	2.423158e-01
5.197006106824160e-06	1.550088e-01	2.418220e-01
5.576710429375870e-06	1.258371e-01	2.413385e-01
5.985519431091802e-06	9.760284e-02	2.408757e-01
6.444964259743626e-06	7.128096e-02	2.404182e-01
6.955645321223453e-06	4.893398e-02	2.399731e-01
7.546137319856252e-06	3.088355e-02	2.395272e-01
8.223659831757570e-06	1.747632e-02	2.390840e-01
8.835783896487179e-06	1.008892e-02	2.387354e-01
9.423392321496371e-06	5.945921e-03	2.384367e-01
1.005523184583690e-05	3.342867e-03	2.381475e-01
1.067218263069845e-05	1.879454e-03	2.378879e-01
1.132873761988270e-05	1.012802e-03	2.376323e-01
1.199595113860389e-05	5.316734e-04	2.373879e-01
1.272124204266175e-05	2.591610e-04	2.371368e-01
1.347784785719013e-05	1.156330e-04	2.368858e-01
1.430302790322051e-05	4.291534e-05	2.366226e-01
1.517356289873901e-05	8.344650e-06	2.363522e-01
1.612139764762041e-05	-6.198883e-06	2.360656e-01
1.708683689505840e-05	-1.144409e-05	2.357786e-01
1.805175355706428e-05	-1.215935e-05	2.354960e-01
1.905725774655874e-05	-1.382828e-05	2.352023e-01
2.025964140405239e-05	-7.867813e-06	2.348607e-01
2.073075033127462e-05	1.867771e-03	2.365971e-01
2.091628196498076e-05	2.127886e-03	2.367988e-01
2.101402717977064e-05	6.759167e-04	2.353089e-01
2.110139278522852e-05	-2.439022e-04	2.343476e-01
2.119023903122027e-05	-1.916885e-04	2.343554e-01
2.127363153895811e-05	-2.567768e-04	2.342470e-01
2.144041655443379e-05	-2.198219e-04	2.341967e-01
2.163128474897066e-05	-2.634525e-04	2.340529e-01
2.190664301777780e-05	-2.505779e-04	2.339222e-01
2.222598034677699e-05	-2.987385e-04	2.337074e-01
2.269146867173772e-05	-3.166199e-04	2.334428e-01
2.283591837178985e-05	-3.523827e-04	2.333293e-01
2.292913564883475e-05	-5.099773e-04	2.331219e-01
2.296258444166495e-05	-6.539822e-04	2.329586e-01
2.297774369729762e-05	-5.300045e-04	2.330735e-01
2.299155552964510e-05	-3.893375e-04	2.332067e-01
2.299740762505066e-05	-3.914833e-04	2.332010e-01
2.300540876985388e-05	-4.050732e-04	2.331827e-01
2.301707732794464e-05	-4.315376e-04	2.331486e-01
2.303008380888334e-05	-4.701614e-04	2.331014e-01
2.305028093639940e-05	-5.512238e-04	2.330053e-01
2.307293839121489e-05	-6.680489e-04	2.328694e-01
2.310365861150438e-05	-8.759499e-04	2.326310e-01
2.313917597720513e-05	-1.181602e-03	2.322812e-01
2.318501988514478e-05	-1.681089e-03	2.317088e-01
2.323693734976145e-05	-2.387285e-03	2.308919e-01
2.330130858138678e-05	-3.478765e-03	2.296133e-01
2.337503597246574e-05	-5.039930e-03	2.277517e-01
2.346590275628869e-05	-7.497072e-03	2.247612e-01
2.357653159972518e-05	-1.159239e-02	2.196662e-01
2.373350258223791e-05	-2.011514e-02	2.089441e-01
2.385984073112826e-05	-3.114319e-02	1.951694e-01
2.395875284971572e-05	-4.511738e-02	1.780171e-01
2.401356886077696e-05	-5.692339e-02	1.637776e-01
2.405472516194600e-05	-6.895876e-02	1.493356e-01
2.411051924278393e-05	-8.771229e-02	1.266570e-01
2.413459056148257e-05	-9.592795e-02	1.165168e-01
2.415639148653792e-05	-1.031554e-01	1.073649e-01
2.418556837499030e-05	-1.124432e-01	9.532166e-02
2.421532304299007e-05	-1.214857e-01	8.329248e-02
2.424646744948216e-05	-1.305137e-01	7.095194e-02
2.428436021596158e-05	-1.409931e-01	5.624628e-02
2.432582812039043e-05	-1.519086e-01	4.057240e-02
2.437681803020454e-05	-1.646070e-01	2.217245e-02
2.443585454557896e-05	-1.785431e-01	2.425432e-03
2.446911675629424e-05	-1.860206e-01	-7.394314e-03
2.449154041317043e-05	-1.908503e-01	-1.293731e-02
2.451968036383093e-05	-1.967390e-01	-1.888585e-02
2.452892794560334e-05	-1.986344e-01	-2.064085e-02
2.453569398868327e-05	-1.999979e-01	-2.183962e-02
2.454199164863005e-05	-2.012570e-01	-2.292848e-02
2.454683736718534e-05	-2.022176e-01	-2.374983e-02
2.455202520610901e-05	-2.032394e-01	-2.461839e-02
2.455741976354961e-05	-2.042942e-01	-2.551079e-02
2.456230867995480e-05	-2.052441e-01	-2.631354e-02
2.456668870631843e-05	-2.060890e-01	-2.702665e-02
2.457079543659951e-05	-2.068772e-01	-2.769256e-02
2.457520791950068e-05	-2.077181e-01	-2.840376e-02
2.457936286838134e-05	-2.085063e-01	-2.907181e-02
2.458355431714686e-05	-2.092955e-01	-2.974272e-02
2.458757424490867e-05	-2.100489e-01	-3.038478e-02
2.459189974285105e-05	-2.108536e-01	-3.107357e-02
2.459595266177166e-05	-2.116036e-01	-3.171825e-02
2.460040921871554e-05	-2.124228e-01	-3.242493e-02
2.460453296002981e-05	-2.131763e-01	-3.307867e-02
2.460917223062145e-05	-2.140176e-01	-3.381228e-02
2.461360006188658e-05	-2.148154e-01	-3.451204e-02
2.461961366438199e-05	-2.158887e-01	-3.546023e-02
2.462558448454880e-05	-2.169452e-01	-3.640127e-02
2.463376724785014e-05	-2.183747e-01	-3.768802e-02
2.464223521918054e-05	-2.198331e-01	-3.901815e-02
2.465447625711120e-05	-2.219009e-01	-4.093695e-02
2.466789459321425e-05	-2.241123e-01	-4.303741e-02
2.468649374176199e-05	-2.270765e-01	-4.594183e-02
2.470621457923503e-05	-2.300713e-01	-4.901433e-02
2.473559116496312e-05	-2.341998e-01	-5.357647e-02
2.477004112044765e-05	-2.382541e-01	-5.890560e-02
2.482303837320766e-05	-2.425661e-01	-6.706929e-02
2.484622215262876e-05	-2.429616e-01	-7.062769e-02
2.486198142287062e-05	-2.418616e-01	-7.303858e-02
2.487398578609865e-05	-2.400835e-01	-7.487202e-02
2.488451546616028e-05	-2.379355e-01	-7.647777e-02
2.488956004116928e-05	-2.367477e-01	-7.724714e-02
2.489299393155384e-05	-2.358835e-01	-7.776952e-02
2.489782372469265e-05	-2.346361e-01	-7.850504e-02
2.490098895870232e-05	-2.338042e-01	-7.898617e-02
2.490520948580022e-05	-2.326844e-01	-7.962847e-02
2.490888379164659e-05	-2.317038e-01	-8.018661e-02
2.491360986011395e-05	-2.304418e-01	-8.090496e-02
2.491824768678217e-05	-2.292042e-01	-8.160877e-02
2.492263760498210e-05	-2.280378e-01	-8.227515e-02
2.492707180499209e-05	-2.268651e-01	-8.294749e-02
2.493142628964615e-05	-2.257214e-01	-8.360815e-02
2.493598989350751e-05	-2.245305e-01	-8.429909e-02
2.494024641771130e-05	-2.234294e-01	-8.494401e-02
2.494590939728723e-05	-2.219765e-01	-8.580089e-02
2.495155895763307e-05	-2.205431e-01	-8.665586e-02
2.495915969145793e-05	-2.186379e-01	-8.780408e-02
2.496692544422656e-05	-2.167218e-01	-8.897686e-02
2.497802879174661e-05	-2.140310e-01	-9.065080e-02
2.499003271997860e-05	-2.111914e-01	-9.245920e-02
2.500896877802284e-05	-2.068474e-01	-9.530497e-02
2.503149994825389e-05	-2.019122e-01	-9.868264e-02
2.507615533996363e-05	-1.927791e-01	-1.053464e-01
2.513886617912271e-05	-1.813142e-01	-1.146374e-01
2.526428785744088e-05	-1.616471e-01	-1.330321e-01
2.538348181204497e-05	-1.461179e-01	-1.503005e-01
2.551103768864154e-05	-1.327031e-01	-1.685176e-01
2.564686951412098e-05	-1.211090e-01	-1.876395e-01
2.578372318443196e-05	-1.115882e-01	-2.066267e-01
2.591145074731965e-05	-1.043649e-01	-2.240789e-01
2.607822490704299e-05	-9.648943e-02	-2.465625e-01
2.614730230164339e-05	-9.365535e-02	-2.557774e-01
2.618606314127297e-05	-9.222007e-02	-2.609062e-01
2.621003390066102e-05	-9.137511e-02	-2.640650e-01
2.623229127370648e-05	-9.061456e-02	-2.669871e-01
2.625720695377468e-05	-8.978534e-02	-2.702482e-01
2.628057132236196e-05	-8.902431e-02	-2.732930e-01
2.630458170728397e-05	-8.825731e-02	-2.764063e-01
2.632863685349021e-05	-8.749652e-02	-2.795024e-01
2.635289398841311e-05	-8.672905e-02	-2.825923e-01
2.637774465231799e-05	-8.592558e-02	-2.857063e-01
2.640319007295612e-05	-8.506370e-02	-2.888160e-01
2.643023206320664e-05	-8.406758e-02	-2.919910e-01
2.645945830032026e-05	-8.285332e-02	-2.952163e-01
2.649410543783062e-05	-8.117461e-02	-2.986875e-01
2.653965715643978e-05	-7.859874e-02	-3.026702e-01
2.659833585267436e-05	-7.486868e-02	-3.070228e-01
2.666391761908195e-05	-7.046461e-02	-3.111322e-01
2.674470292022051e-05	-6.511450e-02	-3.154600e-01
2.686393573974770e-05	-5.783606e-02	-3.210731e-01
2.700856125517919e-05	-5.015731e-02	-3.272417e-01
2.715804513501685e-05	-4.367208e-02	-3.331542e-01
2.736310116371728e-05	-3.691220e-02	-3.408048e-01
2.766615928036790e-05	-2.979565e-02	-3.516319e-01
2.796452000205425e-05	-2.510929e-02	-3.619480e-01
2.825471809517192e-05	-2.218628e-02	-3.717415e-01
2.853319944629131e-05	-2.035022e-02	-3.809760e-01
2.883462182412506e-05	-1.902199e-02	-3.908353e-01
2.914878663203775e-05	-1.807404e-02	-4.009914e-01
2.948259008117377e-05	-1.737976e-02	-4.116662e-01
2.990200830648196e-05	-1.676917e-02	-4.249327e-01
3.041895760203161e-05	-1.623893e-02	-4.410923e-01
3.115494110473834e-05	-1.570511e-02	-4.637799e-01
3.216057524366861e-05	-1.517224e-02	-4.943216e-01
3.310182591598872e-05	-1.479053e-02	-5.224752e-01
3.399459891186193e-05	-1.450086e-02	-5.487823e-01
3.493828919725310e-05	-1.424193e-02	-5.761988e-01
3.594795291216199e-05	-1.400232e-02	-6.051333e-01
3.695364452321230e-05	-1.379180e-02	-6.335444e-01
3.817604508553497e-05	-1.356435e-02	-6.675622e-01
3.951697890279332e-05	-1.333570e-02	-7.043881e-01
4.006886368262270e-05	-1.324844e-02	-7.193813e-01
4.041872005861717e-05	-1.292229e-02	-7.284572e-01
4.061979338976703e-05	-1.203322e-02	-7.327225e-01
4.071483703111024e-05	-1.106334e-02	-7.339218e-01
4.082664787020983e-05	-9.607553e-03	-7.346303e-01
4.095539903013122e-05	-8.050919e-03	-7.351685e-01
4.107506169268299e-05	-6.806612e-03	-7.355027e-01
4.123955953853874e-05	-5.414009e-03	-7.357848e-01
4.145332626566005e-05	-4.041910e-03	-7.359695e-01
4.175279088869288e-05	-2.721548e-03	-7.360113e-01
4.212855385535885e-05	-1.694679e-03	-7.358537e-01
4.255585063702262e-05	-1.033306e-03	-7.354970e-01
4.299320346352721e-05	-6.725788e-04	-7.350054e-01
4.352345697418298e-05	-4.398823e-04	-7.343032e-01
4.403833857193229e-05	-3.161430e-04	-7.335508e-01
4.470154879640472e-05	-2.264977e-04	-7.325101e-01
4.553483312946085e-05	-1.602173e-04	-7.311401e-01
4.640122129621490e-05	-1.173019e-04	-7.296677e-01
4.720741726904656e-05	-9.226799e-05	-7.282670e-01
4.812179989783603e-05	-7.176399e-05	-7.266533e-01
4.909274948530976e-05	-5.722046e-05	-7.249227e-01
5.022961823930542e-05	-4.458427e-05	-7.228792e-01
5.146669901225250e-05	-3.552437e-05	-7.206440e-01
5.293448265071049e-05	-2.741814e-05	-7.179809e-01
5.459778366279924e-05	-2.145767e-05	-7.149572e-01
5.664384381861364e-05	-1.597404e-05	-7.112350e-01
5.910238961944775e-05	-1.239777e-05	-7.067692e-01
6.232787339439472e-05	-8.344650e-06	-7.009308e-01
6.659802179584707e-05	-6.198883e-06	-6.932566e-01
7.296660951970395e-05	-3.337860e-06	-6.819303e-01
7.975997900814663e-05	-2.145767e-06	-6.700113e-01
8.633695096121548e-05	-9.536743e-07	-6.586537e-01
9.335375882507629e-05	-1.192093e-06	-6.467469e-01
1.012008874745559e-04	-4.768372e-07	-6.336884e-01
1.109269960236930e-04	-7.152557e-07	-6.178553e-01
1.209269960236930e-04	0.000000e+00	-6.019619e-01
1.309269960236930e-04	-2.384186e-07	-5.864704e-01
1.409269960236930e-04	2.384186e-07	-5.713723e-01
1.509269960236930e-04	-2.384186e-07	-5.566599e-01
1.609269960236930e-04	2.384186e-07	-5.423224e-01
1.709269960236930e-04	-2.384186e-07	-5.283525e-01
1.809269960236930e-04	2.384186e-07	-5.147386e-01
1.909269960236930e-04	-2.384186e-07	-5.014739e-01
2.009269960236930e-04	2.384186e-07	-4.885478e-01
2.109269960236930e-04	-2.384186e-07	-4.759536e-01
2.209269960236930e-04	2.384186e-07	-4.636812e-01
2.309269960236930e-04	-2.384186e-07	-4.517241e-01
2.409269960236930e-04	2.384186e-07	-4.400725e-01
2.509269960236931e-04	-2.384186e-07	-4.287207e-01
2.609269960236930e-04	2.384186e-07	-4.176590e-01
2.709269960236930e-04	-2.384186e-07	-4.068823e-01
2.809269960236930e-04	2.384186e-07	-3.963811e-01
2.909269960236930e-04	-2.384186e-07	-3.861504e-01
3.009269960236930e-04	2.384186e-07	-3.761816e-01
3.109269960236930e-04	-2.384186e-07	-3.664696e-01
3.209269960236930e-04	2.384186e-07	-3.570065e-01
3.309269960236930e-04	-2.384186e-07	-3.477876e-01
3.409269960236930e-04	2.384186e-07	-3.388045e-01
3.509269960236930e-04	-2.384186e-07	-3.300536e-01
3.609269960236930e-04	2.384186e-07	-3.215268e-01
3.709269960236930e-04	-2.384186e-07	-3.132203e-01
3.809269960236930e-04	2.384186e-07	-3.051264e-01
3.909269960236930e-04	-2.384186e-07	-2.972419e-01
4.009269960236930e-04	2.384186e-07	-2.895596e-01
4.109269960236930e-04	-2.384186e-07	-2.820759e-01
4.209269960236930e-04	2.384186e-07	-2.747838e-01
4.309269960236930e-04	-2.384186e-07	-2.676809e-01
4.409269960236930e-04	2.384186e-07	-2.607598e-01
4.509269960236930e-04	-2.384186e-07	-2.540181e-01
4.609269960236930e-04	2.384186e-07	-2.474492e-01
4.709269960236930e-04	-2.384186e-07	-2.410505e-01
4.809269960236930e-04	2.384186e-07	-2.348158e-01
4.909269960236930e-04	-2.384186e-07	-2.287431e-01
5.009269960236931e-04	2.384186e-07	-2.228258e-01
5.109269960236930e-04	-2.384186e-07	-2.170622e-01
5.209269960236930e-04	2.384186e-07	-2.114463e-01
5.309269960236930e-04	-2.384186e-07	-2.059762e-01
5.409269960236931e-04	2.384186e-07	-2.006464e-01
5.509269960236930e-04	-2.384186e-07	-1.954551e-01
5.609269960236930e-04	2.384186e-07	-1.903968e-01
5.709269960236930e-04	-2.384186e-07	-1.854701e-01
5.809269960236930e-04	2.384186e-07	-1.806695e-01
5.909269960236930e-04	-2.384186e-07	-1.759942e-01
6.009269960236930e-04	2.384186e-07	-1.714385e-01
6.109269960236930e-04	-2.384186e-07	-1.670012e-01
6.209269960236930e-04	2.384186e-07	-1.626775e-01
6.309269960236930e-04	-2.384186e-07	-1.584668e-01
6.409269960236930e-04	2.384186e-07	-1.543639e-01
6.509269960236930e-04	-2.384186e-07	-1.503680e-01
6.609269960236930e-04	2.384186e-07	-1.464744e-01
6.709269960236930e-04	-2.384186e-07	-1.426823e-01
6.809269960236930e-04	2.384186e-07	-1.389873e-01
6.909269960236930e-04	-2.384186e-07	-1.353886e-01
7.009269960236930e-04	2.384186e-07	-1.318820e-01
7.109269960236930e-04	-2.384186e-07	-1.284673e-01
7.209269960236930e-04	2.384186e-07	-1.251397e-01
7.309269960236930e-04	-2.384186e-07	-1.218994e-01
7.409269960236930e-04	2.384186e-07	-1.187415e-01
7.509269960236930e-04	-2.384186e-07	-1.156664e-01
7.609269960236930e-04	2.384186e-07	-1.126702e-01
7.709269960236930e-04	-2.384186e-07	-1.097522e-01
7.809269960236930e-04	2.384186e-07	-1.069086e-01
7.909269960236929e-04	-2.384186e-07	-1.041398e-01
8.009269960236930e-04	2.384186e-07	-1.014416e-01
8.109269960236930e-04	-2.384186e-07	-9.881401e-02
8.209269960236930e-04	2.384186e-07	-9.625363e-02
8.309269960236929e-04	-2.384186e-07	-9.376025e-02
8.409269960236930e-04	2.384186e-07	-9.133053e-02
8.509269960236930e-04	-2.384186e-07	-8.896470e-02
8.609269960236930e-04	2.384186e-07	-8.665919e-02
8.709269960236929e-04	-2.384186e-07	-8.441424e-02
8.809269960236930e-04	2.384186e-07	-8.222651e-02
8.909269960236930e-04	-2.384186e-07	-8.009648e-02
9.009269960236930e-04	2.384186e-07	-7.802033e-02
9.109269960236929e-04	-2.384186e-07	-7.599902e-02
9.209269960236930e-04	2.384186e-07	-7.402921e-02
9.309269960236930e-04	-2.384186e-07	-7.211137e-02
9.409269960236930e-04	2.384186e-07	-7.024193e-02
9.509269960236929e-04	-2.384186e-07	-6.842208e-02
9.609269960236930e-04	2.384186e-07	-6.664824e-02
9.709269960236930e-04	-2.384186e-07	-6.492162e-02
9.809269960236930e-04	2.384186e-07	-6.323862e-02
9.909269960236930e-04	-2.384186e-07	-6.159997e-02
1.000926996023693e-03	2.384186e-07	-6.000304e-02
1.010926996023693e-03	-2.384186e-07	-5.844831e-02
1.020926996023693e-03	2.384186e-07	-5.693293e-02
1.030926996023693e-03	-2.384186e-07	-5.545783e-02
1.040926996023693e-03	2.384186e-07	-5.401969e-02
1.050926996023693e-03	-2.384186e-07	-5.262017e-02
1.060926996023693e-03	2.384186e-07	-5.125570e-02
1.070926996023693e-03	-2.384186e-07	-4.992771e-02
1.080926996023693e-03	2.384186e-07	-4.863286e-02
1.090926996023693e-03	-2.384186e-07	-4.737282e-02
1.100926996023693e-03	2.384186e-07	-4.614425e-02
1.110926996023693e-03	-2.384186e-07	-4.494858e-02
1.120926996023693e-03	2.384186e-07	-4.378295e-02
1.130926996023693e-03	-2.384186e-07	-4.264855e-02
1.140926996023693e-03	2.384186e-07	-4.154229e-02
1.150926996023693e-03	-2.384186e-07	-4.046583e-02
1.160926996023693e-03	2.384186e-07	-3.941655e-02
1.170926996023693e-03	-2.384186e-07	-3.839517e-02
1.180926996023693e-03	2.384186e-07	-3.739929e-02
1.190926996023693e-03	-2.384186e-07	-3.643012e-02
1.200926996023693e-03	2.384186e-07	-3.548527e-02
1.210926996023693e-03	-2.384186e-07	-3.456569e-02
1.220926996023693e-03	2.384186e-07	-3.366923e-02
1.230926996023693e-03	-2.384186e-07	-3.279662e-02
1.240926996023693e-03	2.384186e-07	-3.194594e-02
1.250926996023693e-03	-2.384186e-07	-3.111815e-02
1.260926996023693e-03	2.384186e-07	-3.031111e-02
1.270926996023693e-03	-2.384186e-07	-2.952576e-02
1.280926996023693e-03	2.384186e-07	-2.875972e-02
1.290926996023693e-03	-2.384186e-07	-2.801466e-02
1.300926996023693e-03	2.384186e-07	-2.728772e-02
1.310926996023693e-03	-2.384186e-07	-2.658081e-02
1.320926996023693e-03	2.384186e-07	-2.589107e-02
1.330926996023693e-03	-2.384186e-07	-2.522039e-02
1.340926996023693e-03	2.384186e-07	-2.456594e-02
1.350926996023693e-03	-2.384186e-07	-2.392960e-02
1.360926996023693e-03	2.384186e-07	-2.330852e-02
1.370926996023693e-03	-2.384186e-07	-2.270484e-02
1.380926996023693e-03	2.384186e-07	-2.211571e-02
1.390926996023693e-03	-2.384186e-07	-2.154279e-02
1.400926996023693e-03	2.384186e-07	-2.098370e-02
1.410926996023693e-03	-2.384186e-07	-2.044034e-02
1.420926996023693e-03	2.384186e-07	-1.990962e-02
1.430926996023693e-03	-2.384186e-07	-1.939392e-02
1.440926996023693e-03	2.384186e-07	-1.889062e-02
1.450926996023693e-03	-2.384186e-07	-1.840138e-02
1.460926996023693e-03	2.384186e-07	-1.792383e-02
1.470926996023693e-03	-2.384186e-07	-1.745963e-02
1.480926996023693e-03	2.384186e-07	-1.700640e-02
1.490926996023693e-03	-2.384186e-07	-1.656604e-02
1.500926996023693e-03	2.384186e-07	-1.613593e-02
1.510926996023693e-03	-2.384186e-07	-1.571798e-02
1.520926996023693e-03	2.384186e-07	-1.531005e-02
1.530926996023693e-03	-2.384186e-07	-1.491356e-02
1.540926996023693e-03	2.384186e-07	-1.452637e-02
1.550926996023693e-03	-2.384186e-07	-1.415014e-02
1.560926996023693e-03	2.384186e-07	-1.378274e-02
1.570926996023693e-03	-2.384186e-07	-1.342607e-02
1.580926996023693e-03	2.384186e-07	-1.307750e-02
1.590926996023693e-03	-2.384186e-07	-1.273894e-02
1.600926996023693e-03	2.384186e-07	-1.240802e-02
1.610926996023693e-03	-2.384186e-07	-1.208687e-02
1.620926996023693e-03	2.384186e-07	-1.177311e-02
1.630926996023693e-03	-2.384186e-07	-1.146817e-02
1.640926996023693e-03	2.384186e-07	-1.117039e-02
1.650926996023693e-03	-2.384186e-07	-1.088119e-02
1.660926996023693e-03	2.384186e-07	-1.059866e-02
1.670926996023693e-03	-2.384186e-07	-1.032448e-02
1.680926996023693e-03	2.384186e-07	-1.005626e-02
1.690926996023693e-03	-2.384186e-07	-9.796143e-03
1.700926996023693e-03	2.384186e-07	-9.541512e-03
1.710926996023693e-03	-2.384186e-07	-9.294748e-03
1.720926996023693e-03	2.384186e-07	-9.053230e-03
1.730926996023693e-03	-2.384186e-07	-8.819103e-03
1.740926996023693e-03	2.384186e-07	-8.589983e-03
1.750926996023693e-03	-2.384186e-07	-8.367777e-03
1.760926996023693e-03	2.384186e-07	-8.150339e-03
1.770926996023693e-03	-2.384186e-07	-7.939577e-03
1.780926996023693e-03	2.384186e-07	-7.733107e-03
1.790926996023693e-03	-2.384186e-07	-7.533312e-03
1.800926996023693e-03	2.384186e-07	-7.337332e-03
1.810926996023693e-03	-2.384186e-07	-7.147789e-03
1.820926996023693e-03	2.384186e-07	-6.962061e-03
1.830926996023693e-03	-2.384186e-07	-6.781816e-03
1.840926996023693e-03	2.384186e-07	-6.605625e-03
1.850926996023693e-03	-2.384186e-07	-6.434917e-03
1.860926996023693e-03	2.384186e-07	-6.267786e-03
1.870926996023693e-03	-2.384186e-07	-6.105661e-03
1.880926996023693e-03	2.384186e-07	-5.946875e-03
1.890926996023693e-03	-2.384186e-07	-5.793333e-03
1.900926996023693e-03	2.384186e-07	-5.642653e-03
1.910926996023693e-03	-2.384186e-07	-5.496979e-03
1.920926996023693e-03	2.384186e-07	-5.353928e-03
1.930926996023693e-03	-2.384186e-07	-5.215645e-03
1.940926996023693e-03	2.384186e-07	-5.079985e-03
1.950926996023693e-03	-2.384186e-07	-4.948854e-03
1.960926996023693e-03	2.384186e-07	-4.820108e-03
1.970926996023693e-03	-2.384186e-07	-4.695654e-03
1.980926996023693e-03	2.384186e-07	-4.573345e-03
1.990926996023693e-03	-2.384186e-07	-4.455328e-03
2.000926996023693e-03	2.384186e-07	-4.339457e-03
2.010926996023693e-03	-2.384186e-07	-4.227400e-03
2.020926996023693e-03	2.384186e-07	-4.117250e-03
2.030926996023693e-03	-2.384186e-07	-4.011154e-03
2.040926996023693e-03	2.384186e-07	-3.906727e-03
2.050926996023693e-03	-2.384186e-07	-3.805876e-03
2.060926996023693e-03	2.384186e-07	-3.706932e-03
2.070926996023693e-03	-2.384186e-07	-3.611326e-03
2.080926996023693e-03	2.384186e-07	-3.517389e-03
2.090926996023693e-03	-2.384186e-07	-3.426552e-03
2.100926996023693e-03	2.384186e-07	-3.337383e-03
2.110926996023693e-03	-2.384186e-07	-3.251314e-03
2.120926996023693e-03	2.384186e-07	-3.166676e-03
2.130926996023693e-03	-2.384186e-07	-3.085136e-03
2.140926996023693e-03	2.384186e-07	-3.004789e-03
2.150926996023693e-03	-2.384186e-07	-2.927303e-03
2.160926996023693e-03	2.384186e-07	-2.851009e-03
2.170926996023693e-03	-2.384186e-07	-2.777815e-03
2.180926996023693e-03	2.384186e-07	-2.705336e-03
2.190926996023693e-03	-2.384186e-07	-2.635717e-03
2.200926996023693e-03	2.384186e-07	-2.566814e-03
2.210926996023693e-03	-2.384186e-07	-2.500772e-03
2.220926996023693e-03	2.384186e-07	-2.435684e-03
2.230926996023693e-03	-2.384186e-07	-2.372980e-03
2.240926996023693e-03	2.384186e-07	-2.311230e-03
2.250926996023693e-03	-2.384186e-07	-2.251863e-03
2.260926996023693e-03	2.384186e-07	-2.192974e-03
2.270926996023693e-03	-2.384186e-07	-2.136469e-03
2.280926996023693e-03	2.384186e-07	-2.080917e-03
2.290926996023693e-03	-2.384186e-07	-2.027512e-03
2.300926996023693e-03	2.384186e-07	-1.974583e-03
2.310926996023693e-03	-2.384186e-07	-1.923800e-03
2.320926996023693e-03	2.384186e-07	-1.873732e-03
2.330926996023693e-03	-2.384186e-07	-1.825571e-03
2.340926996023693e-03	2.384186e-07	-1.777887e-03
2.350926996023693e-03	-2.384186e-07	-1.732349e-03
2.360926996023693e-03	2.384186e-07	-1.687050e-03
2.370926996023693e-03	-2.384186e-07	-1.643896e-03
2.380926996023693e-03	2.384186e-07	-1.600742e-03
2.390926996023693e-03	-2.384186e-07	-1.559734e-03
2.400926996023693e-03	2.384186e-07	-1.518965e-03
2.410926996023693e-03	-2.384186e-07	-1.480103e-03
2.420926996023693e-03	2.384186e-07	-1.441240e-03
2.430926996023693e-03	-2.384186e-07	-1.404524e-03
2.440926996023693e-03	2.384186e-07	-1.367807e-03
2.450926996023693e-03	-2.384186e-07	-1.332998e-03
2.460926996023693e-03	2.384186e-07	-1.297951e-03
2.470926996023693e-03	-2.384186e-07	-1.264811e-03
2.480926996023693e-03	2.384186e-07	-1.231670e-03
2.490926996023693e-03	-2.384186e-07	-1.200438e-03
2.500926996023693e-03	2.384186e-07	-1.168728e-03
2.510926996023693e-03	-2.384186e-07	-1.138926e-03
2.520926996023693e-03	2.384186e-07	-1.109123e-03
2.530926996023693e-03	-2.384186e-07	-1.080751e-03
2.540926996023693e-03	2.384186e-07	-1.052380e-03
2.550926996023693e-03	-2.384186e-07	-1.025677e-03
2.560926996023693e-03	2.384186e-07	-9.987354e-04
2.570926996023693e-03	-2.384186e-07	-9.734631e-04
2.580926996023693e-03	2.384186e-07	-9.477139e-04
2.590926996023693e-03	-2.384186e-07	-9.238720e-04
2.600926996023693e-03	2.384186e-07	-8.995533e-04
2.610926996023693e-03	-2.384186e-07	-8.766651e-04
2.620926996023693e-03	2.384186e-07	-8.535385e-04
2.630926996023693e-03	-2.384186e-07	-8.318424e-04
2.640926996023693e-03	2.384186e-07	-8.099079e-04
2.650926996023693e-03	-2.384186e-07	-7.896423e-04
2.660926996023693e-03	2.384186e-07	-7.688999e-04
2.670926996023693e-03	-2.384186e-07	-7.493496e-04
2.680926996023693e-03	2.384186e-07	-7.295609e-04
2.690926996023693e-03	-2.384186e-07	-7.112026e-04
2.700926996023693e-03	2.384186e-07	-6.923676e-04
2.710926996023693e-03	-2.384186e-07	-6.749630e-04
2.720926996023693e-03	2.384186e-07	-6.570816e-04
2.730926996023693e-03	-2.384186e-07	-6.406307e-04
2.740926996023693e-03	2.384186e-07	-6.237030e-04
2.750926996023693e-03	-2.384186e-07	-6.079674e-04
2.760926996023693e-03	2.384186e-07	-5.919933e-04
2.770926996023693e-03	-2.384186e-07	-5.772114e-04
2.780926996023693e-03	2.384186e-07	-5.617142e-04
2.790926996023693e-03	-2.384186e-07	-5.476475e-04
2.800926996023693e-03	2.384186e-07	-5.331039e-04
2.810926996023693e-03	-2.384186e-07	-5.199909e-04
2.820926996023693e-03	2.384186e-07	-5.061626e-04
2.830926996023693e-03	-2.384186e-07	-4.935265e-04
2.840926996023693e-03	2.384186e-07	-4.804134e-04
2.850926996023693e-03	-2.384186e-07	-4.684925e-04
2.860926996023693e-03	2.384186e-07	-4.560947e-04
2.870926996023693e-03	-2.384186e-07	-4.446507e-04
2.880926996023693e-03	2.384186e-07	-4.327297e-04
2.890926996023693e-03	-2.384186e-07	-4.220009e-04
2.900926996023693e-03	2.384186e-07	-4.107952e-04
2.910926996023693e-03	-2.384186e-07	-4.005432e-04
2.920926996023693e-03	2.384186e-07	-3.898144e-04
2.930926996023693e-03	-2.384186e-07	-3.802776e-04
2.940926996023693e-03	2.384186e-07	-3.700256e-04
2.950926996023693e-03	-2.384186e-07	-3.609657e-04
2.960926996023693e-03	2.384186e-07	-3.511906e-04
2.970926996023693e-03	-2.384186e-07	-3.428459e-04
2.980926996023693e-03	2.384186e-07	-3.335476e-04
2.990926996023693e-03	-2.384186e-07	-3.254414e-04
3.000926996023693e-03	2.384186e-07	-3.166199e-04
3.010926996023693e-03	-2.384186e-07	-3.089905e-04
3.020926996023693e-03	2.384186e-07	-3.006458e-04
3.030926996023693e-03	-2.384186e-07	-2.932549e-04
3.040926996023693e-03	2.384186e-07	-2.853870e-04
3.050926996023693e-03	-2.384186e-07	-2.784729e-04
3.060926996023693e-03	2.384186e-07	-2.708435e-04
3.070926996023693e-03	-2.384186e-07	-2.644062e-04
3.080926996023693e-03	2.384186e-07	-2.572536e-04
3.090926996023693e-03	-2.384186e-07	-2.510548e-04
3.100926996023693e-03	2.384186e-07	-2.441406e-04
3.110926996023693e-03	-2.384186e-07	-2.384186e-04
3.120926996023693e-03	2.384186e-07	-2.319813e-04
3.130926996023693e-03	-2.384186e-07	-2.264977e-04
3.140926996023693e-03	2.384186e-07	-2.200603e-04
3.150926996023693e-03	-2.384186e-07	-2.150536e-04
3.160926996023693e-03	2.384186e-07	-2.090931e-04
3.170926996023693e-03	-2.384186e-07	-2.043247e-04
3.180926996023693e-03	2.384186e-07	-1.986027e-04
3.190926996023693e-03	-2.384186e-07	-1.940727e-04
3.200926996023693e-03	2.384186e-07	-1.885891e-04
3.210926996023693e-03	-2.384186e-07	-1.842976e-04
3.220926996023693e-03	2.384186e-07	-1.790524e-04
3.230926996023693e-03	-2.384186e-07	-1.749992e-04
3.240926996023693e-03	2.384186e-07	-1.699924e-04
3.250926996023693e-03	-2.384186e-07	-1.661777e-04
3.260926996023693e-03	2.384186e-07	-1.616478e-04
3.270926996023693e-03	-2.384186e-07	-1.580715e-04
3.280926996023693e-03	2.384186e-07	-1.535416e-04
3.290926996023693e-03	-2.384186e-07	-1.502037e-04
3.300926996023693e-03	2.384186e-07	-1.456738e-04
3.310926996023693e-03	-2.384186e-07	-1.425743e-04
3.320926996023693e-03	2.384186e-07	-1.385212e-04
3.330926996023693e-03	-2.384186e-07	-1.356602e-04
3.340926996023693e-03	2.384186e-07	-1.316071e-04
3.350926996023693e-03	-2.384186e-07	-1.287460e-04
3.360926996023693e-03	2.384186e-07	-1.249313e-04
3.370926996023693e-03	-2.384186e-07	-1.223087e-04
3.380926996023693e-03	2.384186e-07	-1.187325e-04
3.390926996023693e-03	-2.384186e-07	-1.163483e-04
3.400926996023693e-03	2.384186e-07	-1.127720e-04
3.410926996023693e-03	-2.384186e-07	-1.106262e-04
3.420926996023693e-03	2.384186e-07	-1.072884e-04
3.430926996023693e-03	-2.384186e-07	-1.051426e-04
3.440926996023693e-03	2.384186e-07	-1.020432e-04
3.450926996023693e-03	-2.384186e-07	-9.989738e-05
3.460926996023693e-03	2.384186e-07	-9.703636e-05
3.470926996023693e-03	-2.384186e-07	-9.512901e-05
3.480926996023693e-03	2.384186e-07	-9.226799e-05
3.490926996023693e-03	-2.384186e-07	-9.036064e-05
3.500926996023693e-03	2.384186e-07	-8.749962e-05
3.510926996023693e-03	-2.384186e-07	-8.606911e-05
3.520926996023693e-03	2.384186e-07	-8.320808e-05
3.530926996023693e-03	-2.384186e-07	-8.177757e-05
3.540926996023693e-03	2.384186e-07	-7.915497e-05
3.550926996023693e-03	-2.384186e-07	-7.772446e-05
3.560926996023693e-03	2.384186e-07	-7.534027e-05
3.570926996023693e-03	-2.384186e-07	-7.390976e-05
3.580926996023693e-03	2.384186e-07	-7.152557e-05
3.590926996023693e-03	-2.384186e-07	-7.033348e-05
3.600926996023693e-03	2.384186e-07	-6.818771e-05
3.610926996023693e-03	-2.384186e-07	-6.699562e-05
3.620926996023693e-03	2.384186e-07	-6.484985e-05
3.630926996023693e-03	-2.384186e-07	-6.389618e-05
3.640926996023693e-03	2.384186e-07	-6.175041e-05
3.650926996023693e-03	-2.384186e-07	-6.079674e-05
3.660926996023693e-03	2.384186e-07	-5.888939e-05
3.670926996023693e-03	-2.384186e-07	-5.793571e-05
3.680926996023693e-03	2.384186e-07	-5.602837e-05
3.690926996023693e-03	-2.384186e-07	-5.507469e-05
3.700926996023693e-03	2.384186e-07	-5.316734e-05
3.710926996023693e-03	-2.384186e-07	-5.245209e-05
3.720926996023693e-03	2.384186e-07	-5.078316e-05
3.730926996023693e-03	-2.384186e-07	-4.982948e-05
3.740926996023693e-03	2.384186e-07	-4.839897e-05
3.750926996023693e-03	-2.384186e-07	-4.768372e-05
3.760926996023693e-03	2.384186e-07	-4.601479e-05
3.770926996023693e-03	-2.384186e-07	-4.529953e-05
3.780926996023693e-03	2.384186e-07	-4.363060e-05
3.790926996023693e-03	-2.384186e-07	-4.315376e-05
3.800926996023693e-03	2.384186e-07	-4.172325e-05
3.810926996023693e-03	-2.384186e-07	-4.124641e-05
3.820926996023693e-03	2.384186e-07	-3.981590e-05
3.830926996023693e-03	-2.384186e-07	-3.933907e-05
3.840926996023693e-03	2.384186e-07	-3.790855e-05
3.850926996023693e-03	-2.384186e-07	-3.743172e-05
3.860926996023693e-03	2.384186e-07	-3.600121e-05
3.870926996023693e-03	-2.384186e-07	-3.576279e-05
3.880926996023693e-03	2.384186e-07	-3.433228e-05
3.890926996023693e-03	-2.384186e-07	-3.409386e-05
3.900926996023693e-03	2.384186e-07	-3.290176e-05
3.910926996023693e-03	-2.384186e-07	-3.266335e-05
3.920926996023693e-03	2.384186e-07	-3.123283e-05
3.930926996023693e-03	-2.384186e-07	-3.123283e-05
3.940926996023692e-03	2.384186e-07	-2.980232e-05
3.950926996023693e-03	-2.384186e-07	-2.980232e-05
3.960926996023692e-03	2.384186e-07	-2.861023e-05
3.970926996023693e-03	-2.384186e-07	-2.837181e-05
3.980926996023692e-03	2.384186e-07	-2.717972e-05
3.990926996023693e-03	-2.384186e-07	-2.717972e-05
4.000926996023692e-03	2.384186e-07	-2.598763e-05
4.010926996023693e-03	-2.384186e-07	-2.598763e-05
4.020926996023693e-03	2.384186e-07	-2.479553e-05
4.030926996023693e-03	-2.384186e-07	-2.479553e-05
4.040926996023693e-03	2.384186e-07	-2.384186e-05
4.050926996023693e-03	-2.384186e-07	-2.384186e-05
4.060926996023693e-03	2.384186e-07	-2.264977e-05
4.070926996023693e-03	-2.384186e-07	-2.264977e-05
4.080926996023693e-03	2.384186e-07	-2.169609e-05
4.090926996023692e-03	-2.384186e-07	-2.169609e-05
4.100926996023693e-03	2.384186e-07	-2.074242e-05
4.110926996023692e-03	-2.384186e-07	-2.098083e-05
4.120926996023693e-03	2.384186e-07	-2.002716e-05
4.130926996023692e-03	-2.384186e-07	-2.002716e-05
4.140926996023693e-03	2.384186e-07	-1.907349e-05
4.150926996023692e-03	-2.384186e-07	-1.931190e-05
4.160926996023693e-03	2.384186e-07	-1.835823e-05
4.170926996023692e-03	-2.384186e-07	-1.835823e-05
4.180926996023693e-03	2.384186e-07	-1.740456e-05
4.190926996023693e-03	-2.384186e-07	-1.764297e-05
4.200926996023693e-03	2.384186e-07	-1.668930e-05
4.210926996023693e-03	-2.384186e-07	-1.692772e-05
4.220926996023693e-03	2.384186e-07	-1.621246e-05
4.230926996023693e-03	-2.384186e-07	-1.645088e-05
4.240926996023693e-03	2.384186e-07	-1.549721e-05
4.250926996023693e-03	-2.384186e-07	-1.573563e-05
4.260926996023692e-03	2.384186e-07	-1.478195e-05
4.270926996023693e-03	-2.384186e-07	-1.502037e-05
4.280926996023692e-03	2.384186e-07	-1.430511e-05
4.290926996023693e-03	-2.384186e-07	-1.454353e-05
4.300926996023692e-03	2.384186e-07	-1.358986e-05
4.310926996023693e-03	-2.384186e-07	-1.406670e-05
4.320926996023692e-03	2.384186e-07	-1.311302e-05
4.330926996023693e-03	-2.384186e-07	-1.358986e-05
4.340926996023693e-03	2.384186e-07	-1.263618e-05
4.350926996023693e-03	-2.384186e-07	-1.311302e-05
4.360926996023693e-03	2.384186e-07	-1.215935e-05
4.370926996023693e-03	-2.384186e-07	-1.263618e-05
4.380926996023693e-03	2.384186e-07	-1.168251e-05
4.390926996023693e-03	-2.384186e-07	-1.215935e-05
4.400926996023693e-03	2.384186e-07	-1.144409e-05
4.410926996023692e-03	-2.384186e-07	-1.168251e-05
4.420926996023693e-03	2.384186e-07	-1.096725e-05
4.430926996023692e-03	-2.384186e-07	-1.120567e-05
4.440926996023693e-03	2.384186e-07	-1.049042e-05
4.450926996023692e-03	-2.384186e-07	-1.096725e-05
4.460926996023693e-03	2.384186e-07	-1.025200e-05
4.470926996023692e-03	-2.384186e-07	-1.049042e-05
4.480926996023693e-03	2.384186e-07	-9.775162e-06
4.490926996023692e-03	-2.384186e-07	-1.025200e-05
4.500926996023693e-03	2.384186e-07	-9.536743e-06
4.510926996023693e-03	-2.384186e-07	-1.001358e-05
4.520926996023693e-03	2.384186e-07	-9.298325e-06
4.530926996023693e-03	-2.384186e-07	-9.536743e-06
4.540926996023693e-03	2.384186e-07	-8.821487e-06
4.550926996023693e-03	-2.384186e-07	-9.298325e-06
4.560926996023693e-03	2.384186e-07	-8.583069e-06
4.570926996023693e-03	-2.384186e-07	-9.059906e-06
4.580926996023692e-03	2.384186e-07	-8.344650e-06
4.590926996023693e-03	-2.384186e-07	-8.821487e-06
4.600926996023692e-03	2.384186e-07	-8.106232e-06
4.610926996023693e-03	-2.384186e-07	-8.583069e-06
4.620926996023692e-03	2.384186e-07	-7.867813e-06
4.630926996023693e-03	-2.384186e-07	-8.344650e-06
4.640926996023692e-03	2.384186e-07	-7.629395e-06
4.650926996023693e-03	-2.384186e-07	-8.106232e-06
4.660926996023692e-03	2.384186e-07	-7.390976e-06
4.670926996023693e-03	-2.384186e-07	-7.867813e-06
4.680926996023693e-03	2.384186e-07	-7.152557e-06
4.690926996023693e-03	-2.384186e-07	-7.629395e-06
4.700926996023693e-03	2.384186e-07	-6.914139e-06
4.710926996023693e-03	-2.384186e-07	-7.390976e-06
4.720926996023693e-03	2.384186e-07	-6.914139e-06
4.730926996023692e-03	-2.384186e-07	-7.390976e-06
4.740926996023693e-03	2.384186e-07	-6.675720e-06
4.750926996023692e-03	-2.384186e-07	-7.152557e-06
4.760926996023693e-03	2.384186e-07	-6.437302e-06
4.770926996023692e-03	-2.384186e-07	-6.914139e-06
4.780926996023693e-03	2.384186e-07	-6.437302e-06
4.790926996023692e-03	-2.384186e-07	-6.914139e-06
4.800926996023693e-03	2.384186e-07	-6.198883e-06
4.810926996023692e-03	-2.384186e-07	-6.675720e-06
4.820926996023693e-03	2.384186e-07	-5.960464e-06
4.830926996023692e-03	-2.384186e-07	-6.437302e-06
4.840926996023693e-03	2.384186e-07	-5.960464e-06
4.850926996023693e-03	-2.384186e-07	-6.437302e-06
4.860926996023693e-03	2.384186e-07	-5.722046e-06
4.870926996023693e-03	-2.384186e-07	-6.198883e-06
4.880926996023693e-03	2.384186e-07	-5.722046e-06
4.890926996023693e-03	-2.384186e-07	-6.198883e-06
4.900926996023692e-03	2.384186e-07	-5.483627e-06
4.910926996023693e-03	-2.384186e-07	-5.960464e-06
4.920926996023692e-03	2.384186e-07	-5.483627e-06
4.930926996023693e-03	-2.384186e-07	-5.960464e-06
4.940926996023692e-03	2.384186e-07	-5.483627e-06
4.950926996023693e-03	-2.384186e-07	-5.960464e-06
4.960926996023692e-03	2.384186e-07	-5.245209e-06
4.970926996023693e-03	-2.384186e-07	-5.722046e-06
4.980926996023692e-03	2.384186e-07	-5.245209e-06
4.990926996023693e-03	-2.384186e-07	-5.722046e-06
5.000926996023692e-03	2.384186e-07	-5.006790e-06
5.010926996023693e-03	-2.384186e-07	-5.483627e-06
5.020926996023693e-03	2.384186e-07	-5.006790e-06
5.030926996023693e-03	-2.384186e-07	-5.483627e-06
5.040926996023693e-03	2.384186e-07	-5.006790e-06
5.050926996023692e-03	-2.384186e-07	-5.483627e-06
5.060926996023693e-03	2.384186e-07	-5.006790e-06
5.070926996023692e-03	-2.384186e-07	-5.483627e-06
5.080926996023693e-03	2.384186e-07	-4.768372e-06
5.090926996023692e-03	-2.384186e-07	-5.245209e-06
5.100926996023693e-03	2.384186e-07	-4.768372e-06
5.110926996023692e-03	-2.384186e-07	-5.245209e-06
5.120926996023693e-03	2.384186e-07	-4.529953e-06
5.130926996023692e-03	-2.384186e-07	-5.006790e-06
5.140926996023693e-03	2.384186e-07	-4.529953e-06
5.150926996023692e-03	-2.384186e-07	-5.006790e-06
5.160926996023693e-03	2.384186e-07	-4.529953e-06
5.170926996023693e-03	-2.384186e-07	-5.006790e-06
5.180926996023693e-03	2.384186e-07	-4.529953e-06
5.190926996023693e-03	-2.384186e-07	-5.006790e-06
5.200926996023693e-03	2.384186e-07	-4.529953e-06
5.210926996023693e-03	-2.384186e-07	-5.006790e-06
5.220926996023692e-03	2.384186e-07	-4.529953e-06
5.230926996023693e-03	-2.384186e-07	-5.006790e-06
5.240926996023692e-03	2.384186e-07	-4.291534e-06
5.250926996023693e-03	-2.384186e-07	-4.768372e-06
5.260926996023692e-03	2.384186e-07	-4.291534e-06
5.270926996023693e-03	-2.384186e-07	-4.768372e-06
5.280926996023692e-03	2.384186e-07	-4.291534e-06
5.290926996023693e-03	-2.384186e-07	-4.768372e-06
5.300926996023692e-03	2.384186e-07	-4.291534e-06
5.310926996023693e-03	-2.384186e-07	-4.768372e-06
5.320926996023692e-03	2.384186e-07	-4.053116e-06
5.330926996023693e-03	-2.384186e-07	-4.529953e-06
5.340926996023693e-03	2.384186e-07	-4.053116e-06
5.350926996023693e-03	-2.384186e-07	-4.529953e-06
5.360926996023693e-03	2.384186e-07	-4.053116e-06
5.370926996023692e-03	-2.384186e-07	-4.529953e-06
5.380926996023693e-03	2.384186e-07	-4.053116e-06
5.390926996023692e-03	-2.384186e-07	-4.529953e-06
5.400926996023693e-03	2.384186e-07	-4.053116e-06
5.410926996023692e-03	-2.384186e-07	-4.529953e-06
5.420926996023693e-03	2.384186e-07	-4.053116e-06
5.430926996023692e-03	-2.384186e-07	-4.529953e-06
5.440926996023693e-03	2.384186e-07	-4.053116e-06
5.450926996023692e-03	-2.384186e-07	-4.529953e-06
5.460926996023693e-03	2.384186e-07	-4.053116e-06
5.470926996023692e-03	-2.384186e-07	-4.529953e-06
5.480926996023693e-03	2.384186e-07	-4.053116e-06
5.490926996023692e-03	-2.384186e-07	-4.529953e-06
5.500926996023693e-03	2.384186e-07	-4.053116e-06
5.510926996023693e-03	-2.384186e-07	-4.529953e-06
5.520926996023693e-03	2.384186e-07	-4.053116e-06
5.530926996023693e-03	-2.384186e-07	-4.529953e-06
5.540926996023692e-03	2.384186e-07	-3.814697e-06
5.550926996023693e-03	-2.384186e-07	-4.291534e-06
5.560926996023692e-03	2.384186e-07	-3.814697e-06
5.570926996023693e-03	-2.384186e-07	-4.291534e-06
5.580926996023692e-03	2.384186e-07	-3.814697e-06
5.590926996023693e-03	-2.384186e-07	-4.291534e-06
5.600926996023692e-03	2.384186e-07	-3.814697e-06
5.610926996023693e-03	-2.384186e-07	-4.291534e-06
5.620926996023692e-03	2.384186e-07	-3.814697e-06
5.630926996023693e-03	-2.384186e-07	-4.291534e-06
5.640926996023692e-03	2.384186e-07	-3.814697e-06
5.650926996023693e-03	-2.384186e-07	-4.291534e-06
5.660926996023692e-03	2.384186e-07	-3.814697e-06
5.670926996023693e-03	-2.384186e-07	-4.291534e-06
5.680926996023693e-03	2.384186e-07	-3.814697e-06
5.690926996023692e-03	-2.384186e-07	-4.291534e-06
5.700926996023693e-03	2.384186e-07	-3.576279e-06
5.710926996023692e-03	-2.384186e-07	-4.053116e-06
5.720926996023693e-03	2.384186e-07	-3.576279e-06
5.730926996023692e-03	-2.384186e-07	-4.053116e-06
5.740926996023693e-03	2.384186e-07	-3.576279e-06
5.750926996023692e-03	-2.384186e-07	-4.053116e-06
5.760926996023693e-03	2.384186e-07	-3.576279e-06
5.770926996023692e-03	-2.384186e-07	-4.053116e-06
5.780926996023693e-03	2.384186e-07	-3.576279e-06
5.790926996023692e-03	-2.384186e-07	-4.053116e-06
5.800926996023693e-03	2.384186e-07	-3.576279e-06
5.810926996023692e-03	-2.384186e-07	-4.053116e-06
5.820926996023693e-03	2.384186e-07	-3.576279e-06
5.830926996023693e-03	-2.384186e-07	-4.053116e-06
5.840926996023693e-03	2.384186e-07	-3.576279e-06
5.850926996023693e-03	-2.384186e-07	-4.053116e-06
5.860926996023692e-03	2.384186e-07	-3.576279e-06
5.870926996023693e-03	-2.384186e-07	-4.053116e-06
5.880926996023692e-03	2.384186e-07	-3.576279e-06
5.890926996023693e-03	-2.384186e-07	-4.053116e-06
5.900926996023692e-03	2.384186e-07	-3.576279e-06
5.910926996023693e-03	-2.384186e-07	-4.053116e-06
5.920926996023692e-03	2.384186e-07	-3.576279e-06
5.930926996023693e-03	-2.384186e-07	-4.053116e-06
5.940926996023692e-03	2.384186e-07	-3.576279e-06
5.950926996023693e-03	-2.384186e-07	-4.053116e-06
5.960926996023692e-03	2.384186e-07	-3.576279e-06
5.970926996023693e-03	-2.384186e-07	-4.053116e-06
5.980926996023692e-03	2.384186e-07	-3.576279e-06
5.990926996023693e-03	-2.384186e-07	-4.053116e-06
6.000926996023693e-03	2.384186e-07	-3.576279e-06
6.010926996023692e-03	-2.384186e-07	-4.053116e-06
6.020926996023693e-03	2.384186e-07	-3.576279e-06
6.030926996023692e-03	-2.384186e-07	-4.053116e-06
6.040926996023693e-03	2.384186e-07	-3.576279e-06
6.050926996023692e-03	-2.384186e-07	-4.053116e-06
6.060926996023693e-03	2.384186e-07	-3.576279e-06
6.070926996023692e-03	-2.384186e-07	-4.053116e-06
6.080926996023693e-03	2.384186e-07	-3.576279e-06
6.090926996023692e-03	-2.384186e-07	-4.053116e-06
6.100926996023693e-03	2.384186e-07	-3.576279e-06
6.110926996023692e-03	-2.384186e-07	-4.053116e-06
6.120926996023693e-03	2.384186e-07	-3.576279e-06
6.130926996023692e-03	-2.384186e-07	-4.053116e-06
6.140926996023693e-03	2.384186e-07	-3.576279e-06
6.150926996023692e-03	-2.384186e-07	-4.053116e-06
6.160926996023693e-03	2.384186e-07	-3.576279e-06
6.170926996023693e-03	-2.384186e-07	-4.053116e-06
6.180926996023692e-03	2.384186e-07	-3.576279e-06
6.190926996023693e-03	-2.384186e-07	-4.053116e-06
6.200926996023692e-03	2.384186e-07	-3.576279e-06
6.210926996023693e-03	-2.384186e-07	-4.053116e-06
6.220926996023692e-03	2.384186e-07	-3.576279e-06
6.230926996023693e-03	-2.384186e-07	-4.053116e-06
6.240926996023692e-03	2.384186e-07	-3.576279e-06
6.250926996023693e-03	-2.384186e-07	-4.053116e-06
6.260926996023692e-03	2.384186e-07	-3.576279e-06
6.270926996023693e-03	-2.384186e-07	-4.053116e-06
6.280926996023692e-03	2.384186e-07	-3.576279e-06
6.290926996023693e-03	-2.384186e-07	-4.053116e-06
6.300926996023692e-03	2.384186e-07	-3.576279e-06
6.310926996023693e-03	-2.384186e-07	-4.053116e-06
6.320926996023692e-03	2.384186e-07	-3.576279e-06
6.330926996023692e-03	-2.384186e-07	-4.053116e-06
6.340926996023693e-03	2.384186e-07	-3.576279e-06
6.350926996023692e-03	-2.384186e-07	-4.053116e-06
6.360926996023693e-03	2.384186e-07	-3.576279e-06
6.370926996023692e-03	-2.384186e-07	-4.053116e-06
6.380926996023693e-03	2.384186e-07	-3.576279e-06
6.390926996023692e-03	-2.384186e-07	-4.053116e-06
6.400926996023693e-03	2.384186e-07	-3.576279e-06
6.410926996023692e-03	-2.384186e-07	-4.053116e-06
6.420926996023693e-03	2.384186e-07	-3.576279e-06
6.430926996023692e-03	-2.384186e-07	-4.053116e-06
6.440926996023693e-03	2.384186e-07	-3.576279e-06
6.450926996023692e-03	-2.384186e-07	-4.053116e-06
6.460926996023693e-03	2.384186e-07	-3.576279e-06
6.470926996023692e-03	-2.384186e-07	-4.053116e-06
6.480926996023693e-03	2.384186e-07	-3.576279e-06
6.490926996023693e-03	-2.384186e-07	-4.053116e-06
6.500926996023692e-03	2.384186e-07	-3.576279e-06
6.510926996023693e-03	-2.384186e-07	-4.053116e-06
6.520926996023692e-03	2.384186e-07	-3.576279e-06
6.530926996023693e-03	-2.384186e-07	-4.053116e-06
6.540926996023692e-03	2.384186e-07	-3.576279e-06
6.550926996023693e-03	-2.384186e-07	-4.053116e-06
6.560926996023692e-03	2.384186e-07	-3.576279e-06
6.570926996023693e-03	-2.384186e-07	-4.053116e-06
6.580926996023692e-03	2.384186e-07	-3.576279e-06
6.590926996023693e-03	-2.384186e-07	-4.053116e-06
6.600926996023692e-03	2.384186e-07	-3.576279e-06
6.610926996023693e-03	-2.384186e-07	-4.053116e-06
6.620926996023692e-03	2.384186e-07	-3.576279e-06
6.630926996023693e-03	-2.384186e-07	-4.053116e-06
6.640926996023692e-03	2.384186e-07	-3.576279e-06
6.650926996023692e-03	-2.384186e-07	-4.053116e-06
6.660926996023693e-03	2.384186e-07	-3.576279e-06
6.670926996023692e-03	-2.384186e-07	-4.053116e-06
6.680926996023693e-03	2.384186e-07	-3.576279e-06
6.690926996023692e-03	-2.384186e-07	-4.053116e-06
6.700926996023693e-03	2.384186e-07	-3.576279e-06
6.710926996023692e-03	-2.384186e-07	-4.053116e-06
6.720926996023693e-03	2.384186e-07	-3.576279e-06
6.730926996023692e-03	-2.384186e-07	-4.053116e-06
6.740926996023693e-03	2.384186e-07	-3.576279e-06
6.750926996023692e-03	-2.384186e-07	-4.053116e-06
6.760926996023693e-03	2.384186e-07	-3.576279e-06
6.770926996023692e-03	-2.384186e-07	-4.053116e-06
6.780926996023693e-03	2.384186e-07	-3.576279e-06
6.790926996023692e-03	-2.384186e-07	-4.053116e-06
6.800926996023693e-03	2.384186e-07	-3.576279e-06
6.810926996023692e-03	-2.384186e-07	-4.053116e-06
6.820926996023692e-03	2.384186e-07	-3.576279e-06
6.830926996023693e-03	-2.384186e-07	-4.053116e-06
6.840926996023692e-03	2.384186e-07	-3.576279e-06
6.850926996023693e-03	-2.384186e-07	-4.053116e-06
6.860926996023692e-03	2.384186e-07	-3.576279e-06
6.870926996023693e-03	-2.384186e-07	-4.053116e-06
6.880926996023692e-03	2.384186e-07	-3.576279e-06
6.890926996023693e-03	-2.384186e-07	-4.053116e-06
6.900926996023692e-03	2.384186e-07	-3.576279e-06
6.910926996023693e-03	-2.384186e-07	-4.053116e-06
6.920926996023692e-03	2.384186e-07	-3.576279e-06
6.930926996023693e-03	-2.384186e-07	-4.053116e-06
6.940926996023692e-03	2.384186e-07	-3.576279e-06
6.950926996023693e-03	-2.384186e-07	-4.053116e-06
6.960926996023692e-03	2.384186e-07	-3.576279e-06
6.970926996023692e-03	-2.384186e-07	-4.053116e-06
6.980926996023692e-03	2.384186e-07	-3.576279e-06
6.990926996023692e-03	-2.384186e-07	-4.053116e-06
7.000926996023693e-03	2.384186e-07	-3.576279e-06
7.010926996023692e-03	-2.384186e-07	-4.053116e-06
7.020926996023693e-03	2.384186e-07	-3.576279e-06
7.030926996023692e-03	-2.384186e-07	-4.053116e-06
7.040926996023693e-03	2.384186e-07	-3.576279e-06
7.050926996023692e-03	-2.384186e-07	-4.053116e-06
7.060926996023693e-03	2.384186e-07	-3.576279e-06
7.070926996023692e-03	-2.384186e-07	-4.053116e-06
7.080926996023693e-03	2.384186e-07	-3.576279e-06
7.090926996023692e-03	-2.384186e-07	-4.053116e-06
7.100926996023693e-03	2.384186e-07	-3.576279e-06
7.110926996023692e-03	-2.384186e-07	-4.053116e-06
7.120926996023693e-03	2.384186e-07	-3.576279e-06
7.130926996023692e-03	-2.384186e-07	-4.053116e-06
7.140926996023692e-03	2.384186e-07	-3.576279e-06
7.150926996023693e-03	-2.384186e-07	-4.053116e-06
7.160926996023692e-03	2.384186e-07	-3.576279e-06
7.170926996023693e-03	-2.384186e-07	-4.053116e-06
7.180926996023692e-03	2.384186e-07	-3.576279e-06
7.190926996023693e-03	-2.384186e-07	-4.053116e-06
7.200926996023692e-03	2.384186e-07	-3.576279e-06
7.210926996023693e-03	-2.384186e-07	-4.053116e-06
7.220926996023692e-03	2.384186e-07	-3.576279e-06
7.230926996023693e-03	-2.384186e-07	-4.053116e-06
7.240926996023692e-03	2.384186e-07	-3.576279e-06
7.250926996023693e-03	-2.384186e-07	-4.053116e-06
7.260926996023692e-03	2.384186e-07	-3.576279e-06
7.270926996023693e-03	-2.384186e-07	-4.053116e-06
7.280926996023692e-03	2.384186e-07	-3.576279e-06
7.290926996023692e-03	-2.384186e-07	-4.053116e-06
7.300926996023692e-03	2.384186e-07	-3.576279e-06
7.310926996023692e-03	-2.384186e-07	-4.053116e-06
7.320926996023693e-03	2.384186e-07	-3.576279e-06
7.330926996023692e-03	-2.384186e-07	-4.053116e-06
7.340926996023693e-03	2.384186e-07	-3.576279e-06
7.350926996023692e-03	-2.384186e-07	-4.053116e-06
7.360926996023693e-03	2.384186e-07	-3.576279e-06
7.370926996023692e-03	-2.384186e-07	-4.053116e-06
7.380926996023693e-03	2.384186e-07	-3.576279e-06
7.390926996023692e-03	-2.384186e-07	-4.053116e-06
7.400926996023693e-03	2.384186e-07	-3.576279e-06
7.410926996023692e-03	-2.384186e-07	-4.053116e-06
7.420926996023693e-03	2.384186e-07	-3.576279e-06
7.430926996023692e-03	-2.384186e-07	-4.053116e-06
7.440926996023693e-03	2.384186e-07	-3.576279e-06
7.450926996023692e-03	-2.384186e-07	-4.053116e-06
7.460926996023692e-03	2.384186e-07	-3.576279e-06
7.470926996023692e-03	-2.384186e-07	-4.053116e-06
7.480926996023692e-03	2.384186e-07	-3.576279e-06
7.490926996023693e-03	-2.384186e-07	-4.053116e-06
7.500926996023692e-03	2.384186e-07	-3.576279e-06
7.510926996023693e-03	-2.384186e-07	-4.053116e-06
7.520926996023692e-03	2.384186e-07	-3.576279e-06
7.530926996023693e-03	-2.384186e-07	-4.053116e-06
7.540926996023692e-03	2.384186e-07	-3.576279e-06
7.550926996023693e-03	-2.384186e-07	-4.053116e-06
7.560926996023692e-03	2.384186e-07	-3.576279e-06
7.570926996023693e-03	-2.384186e-07	-4.053116e-06
7.580926996023692e-03	2.384186e-07	-3.576279e-06
7.590926996023693e-03	-2.384186e-07	-4.053116e-06
7.600926996023692e-03	2.384186e-07	-3.576279e-06
7.610926996023692e-03	-2.384186e-07	-4.053116e-06
7.620926996023692e-03	2.384186e-07	-3.576279e-06
7.630926996023692e-03	-2.384186e-07	-4.053116e-06
7.640926996023692e-03	2.384186e-07	-3.576279e-06
7.650926996023692e-03	-2.384186e-07	-4.053116e-06
7.660926996023693e-03	2.384186e-07	-3.576279e-06
7.670926996023692e-03	-2.384186e-07	-4.053116e-06
7.680926996023693e-03	2.384186e-07	-3.576279e-06
7.690926996023692e-03	-2.384186e-07	-4.053116e-06
7.700926996023693e-03	2.384186e-07	-3.576279e-06
7.710926996023692e-03	-2.384186e-07	-4.053116e-06
7.720926996023693e-03	2.384186e-07	-3.576279e-06
7.730926996023692e-03	-2.384186e-07	-4.053116e-06
7.740926996023693e-03	2.384186e-07	-3.576279e-06
7.750926996023692e-03	-2.384186e-07	-4.053116e-06
7.760926996023693e-03	2.384186e-07	-3.576279e-06
7.770926996023692e-03	-2.384186e-07	-4.053116e-06
7.780926996023692e-03	2.384186e-07	-3.576279e-06
7.790926996023692e-03	-2.384186e-07	-4.053116e-06
7.800926996023692e-03	2.384186e-07	-3.576279e-06
7.810926996023692e-03	-2.384186e-07	-4.053116e-06
7.820926996023693e-03	2.384186e-07	-3.576279e-06
7.830926996023693e-03	-2.384186e-07	-4.053116e-06
7.840926996023692e-03	2.384186e-07	-3.576279e-06
7.850926996023692e-03	-2.384186e-07	-4.053116e-06
7.860926996023693e-03	2.384186e-07	-3.576279e-06
7.870926996023693e-03	-2.384186e-07	-4.053116e-06
7.880926996023692e-03	2.384186e-07	-3.576279e-06
7.890926996023692e-03	-2.384186e-07	-4.053116e-06
7.900926996023693e-03	2.384186e-07	-3.576279e-06
7.910926996023693e-03	-2.384186e-07	-4.053116e-06
7.920926996023692e-03	2.384186e-07	-3.576279e-06
7.930926996023692e-03	-2.384186e-07	-4.053116e-06
7.940926996023692e-03	2.384186e-07	-3.576279e-06
7.950926996023693e-03	-2.384186e-07	-4.053116e-06
7.960926996023692e-03	2.384186e-07	-3.576279e-06
7.970926996023692e-03	-2.384186e-07	-4.053116e-06
7.980926996023692e-03	2.384186e-07	-3.576279e-06
7.990926996023693e-03	-2.384186e-07	-4.053116e-06
8.000926996023693e-03	2.384186e-07	-3.576279e-06
8.010926996023692e-03	-2.384186e-07	-4.053116e-06
8.020926996023692e-03	2.384186e-07	-3.576279e-06
8.030926996023693e-03	-2.384186e-07	-4.053116e-06
8.040926996023693e-03	2.384186e-07	-3.576279e-06
8.050926996023692e-03	-2.384186e-07	-4.053116e-06
8.060926996023692e-03	2.384186e-07	-3.576279e-06
8.070926996023693e-03	-2.384186e-07	-4.053116e-06
8.080926996023693e-03	2.384186e-07	-3.576279e-06
8.090926996023692e-03	-2.384186e-07	-4.053116e-06
8.100926996023692e-03	2.384186e-07	-3.576279e-06
8.110926996023692e-03	-2.384186e-07	-4.053116e-06
8.120926996023693e-03	2.384186e-07	-3.576279e-06
8.130926996023692e-03	-2.384186e-07	-4.053116e-06
8.140926996023692e-03	2.384186e-07	-3.576279e-06
8.150926996023692e-03	-2.384186e-07	-4.053116e-06
8.160926996023693e-03	2.384186e-07	-3.576279e-06
8.170926996023693e-03	-2.384186e-07	-4.053116e-06
8.180926996023692e-03	2.384186e-07	-3.576279e-06
8.190926996023692e-03	-2.384186e-07	-4.053116e-06
8.200926996023693e-03	2.384186e-07	-3.576279e-06
8.210926996023693e-03	-2.384186e-07	-4.053116e-06
8.220926996023692e-03	2.384186e-07	-3.576279e-06
8.230926996023692e-03	-2.384186e-07	-4.053116e-06
8.240926996023693e-03	2.384186e-07	-3.576279e-06
8.250926996023693e-03	-2.384186e-07	-4.053116e-06
8.260926996023692e-03	2.384186e-07	-3.576279e-06
8.270926996023692e-03	-2.384186e-07	-4.053116e-06
8.280926996023692e-03	2.384186e-07	-3.576279e-06
8.290926996023693e-03	-2.384186e-07	-4.053116e-06
8.300926996023692e-03	2.384186e-07	-3.576279e-06
8.310926996023692e-03	-2.384186e-07	-4.053116e-06
8.320926996023692e-03	2.384186e-07	-3.576279e-06
8.330926996023693e-03	-2.384186e-07	-4.053116e-06
8.340926996023693e-03	2.384186e-07	-3.576279e-06
8.350926996023692e-03	-2.384186e-07	-4.053116e-06
8.360926996023692e-03	2.384186e-07	-3.576279e-06
8.370926996023693e-03	-2.384186e-07	-4.053116e-06
8.380926996023693e-03	2.384186e-07	-3.576279e-06
8.390926996023692e-03	-2.384186e-07	-4.053116e-06
8.400926996023692e-03	2.384186e-07	-3.576279e-06
8.410926996023691e-03	-2.384186e-07	-4.053116e-06
8.420926996023693e-03	2.384186e-07	-3.576279e-06
8.430926996023692e-03	-2.384186e-07	-4.053116e-06
8.440926996023692e-03	2.384186e-07	-3.576279e-06
8.450926996023692e-03	-2.384186e-07	-4.053116e-06
8.460926996023693e-03	2.384186e-07	-3.576279e-06
8.470926996023692e-03	-2.384186e-07	-4.053116e-06
8.480926996023692e-03	2.384186e-07	-3.576279e-06
8.490926996023692e-03	-2.384186e-07	-4.053116e-06
8.500926996023693e-03	2.384186e-07	-3.576279e-06
8.510926996023693e-03	-2.384186e-07	-4.053116e-06
8.520926996023692e-03	2.384186e-07	-3.576279e-06
8.530926996023692e-03	-2.384186e-07	-4.053116e-06
8.540926996023693e-03	2.384186e-07	-3.576279e-06
8.550926996023693e-03	-2.384186e-07	-4.053116e-06
8.560926996023692e-03	2.384186e-07	-3.576279e-06
8.570926996023692e-03	-2.384186e-07	-4.053116e-06
8.580926996023691e-03	2.384186e-07	-3.576279e-06
8.590926996023693e-03	-2.384186e-07	-4.053116e-06
8.600926996023692e-03	2.384186e-07	-3.576279e-06
8.610926996023692e-03	-2.384186e-07	-4.053116e-06
8.620926996023692e-03	2.384186e-07	-3.576279e-06
8.630926996023693e-03	-2.384186e-07	-4.053116e-06
8.640926996023693e-03	2.384186e-07	-3.576279e-06
8.650926996023692e-03	-2.384186e-07	-4.053116e-06
8.660926996023692e-03	2.384186e-07	-3.576279e-06
8.670926996023693e-03	-2.384186e-07	-4.053116e-06
8.680926996023693e-03	2.384186e-07	-3.576279e-06
8.690926996023692e-03	-2.384186e-07	-4.053116e-06
8.700926996023692e-03	2.384186e-07	-3.576279e-06
8.710926996023693e-03	-2.384186e-07	-4.053116e-06
8.720926996023693e-03	2.384186e-07	-3.576279e-06
8.730926996023692e-03	-2.384186e-07	-4.053116e-06
8.740926996023692e-03	2.384186e-07	-3.576279e-06
8.750926996023691e-03	-2.384186e-07	-4.053116e-06
8.760926996023693e-03	2.384186e-07	-3.576279e-06
8.770926996023692e-03	-2.384186e-07	-4.053116e-06
8.780926996023692e-03	2.384186e-07	-3.576279e-06
8.790926996023692e-03	-2.384186e-07	-4.053116e-06
8.800926996023693e-03	2.384186e-07	-3.576279e-06
8.810926996023693e-03	-2.384186e-07	-4.053116e-06
8.820926996023692e-03	2.384186e-07	-3.576279e-06
8.830926996023692e-03	-2.384186e-07	-4.053116e-06
8.840926996023693e-03	2.384186e-07	-3.576279e-06
8.850926996023693e-03	-2.384186e-07	-4.053116e-06
8.860926996023692e-03	2.384186e-07	-3.576279e-06
8.870926996023692e-03	-2.384186e-07	-4.053116e-06
8.880926996023693e-03	2.384186e-07	-3.576279e-06
8.890926996023693e-03	-2.384186e-07	-4.053116e-06
8.900926996023692e-03	2.384186e-07	-3.576279e-06
8.910926996023692e-03	-2.384186e-07	-4.053116e-06
8.920926996023692e-03	2.384186e-07	-3.576279e-06
8.930926996023693e-03	-2.384186e-07	-4.053116e-06
8.940926996023692e-03	2.384186e-07	-3.576279e-06
8.950926996023692e-03	-2.384186e-07	-4.053116e-06
8.960926996023692e-03	2.384186e-07	-3.576279e-06
8.970926996023693e-03	-2.384186e-07	-4.053116e-06
8.980926996023693e-03	2.384186e-07	-3.576279e-06
8.990926996023692e-03	-2.384186e-07	-4.053116e-06
9.000926996023692e-03	2.384186e-07	-3.576279e-06
9.010926996023693e-03	-2.384186e-07	-4.053116e-06
9.020926996023693e-03	2.384186e-07	-3.576279e-06
9.030926996023692e-03	-2.384186e-07	-4.053116e-06
9.040926996023692e-03	2.384186e-07	-3.576279e-06
9.050926996023691e-03	-2.384186e-07	-4.053116e-06
9.060926996023693e-03	2.384186e-07	-3.576279e-06
9.070926996023692e-03	-2.384186e-07	-4.053116e-06
9.080926996023692e-03	2.384186e-07	-3.576279e-06
9.090926996023692e-03	-2.384186e-07	-4.053116e-06
9.100926996023693e-03	2.384186e-07	-3.576279e-06
9.110926996023692e-03	-2.384186e-07	-4.053116e-06
9.120926996023692e-03	2.384186e-07	-3.576279e-06
9.130926996023692e-03	-2.384186e-07	-4.053116e-06
9.140926996023693e-03	2.384186e-07	-3.576279e-06
9.150926996023693e-03	-2.384186e-07	-4.053116e-06
9.160926996023692e-03	2.384186e-07	-3.576279e-06
9.170926996023692e-03	-2.384186e-07	-4.053116e-06
9.180926996023693e-03	2.384186e-07	-3.576279e-06
9.190926996023693e-03	-2.384186e-07	-4.053116e-06
9.200926996023692e-03	2.384186e-07	-3.576279e-06
9.210926996023692e-03	-2.384186e-07	-4.053116e-06
9.220926996023691e-03	2.384186e-07	-3.576279e-06
9.230926996023693e-03	-2.384186e-07	-4.053116e-06
9.240926996023692e-03	2.384186e-07	-3.576279e-06
9.250926996023692e-03	-2.384186e-07	-4.053116e-06
9.260926996023692e-03	2.384186e-07	-3.576279e-06
9.270926996023693e-03	-2.384186e-07	-4.053116e-06
9.280926996023692e-03	2.384186e-07	-3.576279e-06
9.290926996023692e-03	-2.384186e-07	-4.053116e-06
9.300926996023692e-03	2.384186e-07	-3.576279e-06
9.310926996023693e-03	-2.384186e-07	-4.053116e-06
9.320926996023693e-03	2.384186e-07	-3.576279e-06
9.330926996023692e-03	-2.384186e-07	-4.053116e-06
9.340926996023692e-03	2.384186e-07	-3.576279e-06
9.350926996023693e-03	-2.384186e-07	-4.053116e-06
9.360926996023693e-03	2.384186e-07	-3.576279e-06
9.370926996023692e-03	-2.384186e-07	-4.053116e-06
9.380926996023692e-03	2.384186e-07	-3.576279e-06
9.390926996023691e-03	-2.384186e-07	-4.053116e-06
9.400926996023693e-03	2.384186e-07	-3.576279e-06
9.410926996023692e-03	-2.384186e-07	-4.053116e-06
9.420926996023692e-03	2.384186e-07	-3.576279e-06
9.430926996023692e-03	-2.384186e-07	-4.053116e-06
9.440926996023693e-03	2.384186e-07	-3.576279e-06
9.450926996023692e-03	-2.384186e-07	-4.053116e-06
9.460926996023692e-03	2.384186e-07	-3.576279e-06
9.470926996023692e-03	-2.384186e-07	-4.053116e-06
9.480926996023693e-03	2.384186e-07	-3.576279e-06
9.490926996023693e-03	-2.384186e-07	-4.053116e-06
9.500926996023692e-03	2.384186e-07	-3.576279e-06
9.510926996023692e-03	-2.384186e-07	-4.053116e-06
9.520926996023693e-03	2.384186e-07	-3.576279e-06
9.530926996023693e-03	-2.384186e-07	-4.053116e-06
9.540926996023692e-03	2.384186e-07	-3.576279e-06
9.550926996023692e-03	-2.384186e-07	-4.053116e-06
9.560926996023691e-03	2.384186e-07	-3.576279e-06
9.570926996023693e-03	-2.384186e-07	-4.053116e-06
9.580926996023692e-03	2.384186e-07	-3.576279e-06
9.590926996023692e-03	-2.384186e-07	-4.053116e-06
9.600926996023692e-03	2.384186e-07	-3.576279e-06
9.610926996023693e-03	-2.384186e-07	-4.053116e-06
9.620926996023692e-03	2.384186e-07	-3.576279e-06
9.630926996023692e-03	-2.384186e-07	-4.053116e-06
9.640926996023692e-03	2.384186e-07	-3.576279e-06
9.650926996023693e-03	-2.384186e-07	-4.053116e-06
9.660926996023693e-03	2.384186e-07	-3.576279e-06
9.670926996023692e-03	-2.384186e-07	-4.053116e-06
9.680926996023692e-03	2.384186e-07	-3.576279e-06
9.690926996023691e-03	-2.384186e-07	-4.053116e-06
9.700926996023693e-03	2.384186e-07	-3.576279e-06
9.710926996023692e-03	-2.384186e-07	-4.053116e-06
9.720926996023692e-03	2.384186e-07	-3.576279e-06
9.730926996023691e-03	-2.384186e-07	-4.053116e-06
9.740926996023693e-03	2.384186e-07	-3.576279e-06
9.750926996023692e-03	-2.384186e-07	-4.053116e-06
9.760926996023692e-03	2.384186e-07	-3.576279e-06
9.770926996023692e-03	-2.384186e-07	-4.053116e-06
9.780926996023693e-03	2.384186e-07	-3.576279e-06
9.790926996023692e-03	-2.384186e-07	-4.053116e-06
9.800926996023692e-03	2.384186e-07	-3.576279e-06
9.810926996023692e-03	-2.384186e-07	-4.053116e-06
9.820926996023693e-03	2.384186e-07	-3.576279e-06
9.830926996023693e-03	-2.384186e-07	-4.053116e-06
9.840926996023692e-03	2.384186e-07	-3.576279e-06
9.850926996023692e-03	-2.384186e-07	-4.053116e-06
9.860926996023691e-03	2.384186e-07	-3.576279e-06
9.870926996023693e-03	-2.384186e-07	-4.053116e-06
9.880926996023692e-03	2.384186e-07	-3.576279e-06
9.890926996023692e-03	-2.384186e-07	-4.053116e-06
9.900926996023691e-03	2.384186e-07	-3.576279e-06
9.910926996023693e-03	-2.384186e-07	-4.053116e-06
9.920926996023692e-03	2.384186e-07	-3.576279e-06
9.930926996023692e-03	-2.384186e-07	-4.053116e-06
9.940926996023692e-03	2.384186e-07	-3.576279e-06
9.950926996023693e-03	-2.384186e-07	-4.053116e-06
9.960926996023692e-03	2.384186e-07	-3.576279e-06
9.970926996023692e-03	-2.384186e-07	-4.053116e-06
9.980926996023692e-03	2.384186e-07	-3.576279e-06
9.990926996023693e-03	-2.384186e-07	-4.053116e-06
1.000000000000000e-02	-4.768372e-07	-4.053116e-06
1.000000000100000e-02	-2.384186e-07	-4.053116e-06
1.000000000200000e-02	0.000000e+00	-3.576279e-06
1.000000000251625e-02	0.000000e+00	-3.814697e-06
1.000000000307976e-02	2.384186e-07	-3.576279e-06
1.000000000368143e-02	2.384186e-07	-3.576279e-06
1.000000000424605e-02	2.384186e-07	-3.576279e-06
1.000000000523431e-02	0.000000e+00	-3.576279e-06
1.000000000626664e-02	0.000000e+00	-3.576279e-06
1.000000000790901e-02	0.000000e+00	-3.576279e-06
1.000000000971026e-02	0.000000e+00	-3.337860e-06
1.000000001242128e-02	0.000000e+00	-3.337860e-06
1.000000001575512e-02	0.000000e+00	-3.337860e-06
1.000000002242278e-02	0.000000e+00	-3.337860e-06
1.000000003575811e-02	0.000000e+00	-3.337860e-06
1.000000004971048e-02	0.000000e+00	-3.337860e-06
1.000000006467201e-02	0.000000e+00	-3.337860e-06
1.000000008023828e-02	0.000000e+00	-3.337860e-06
1.000000010297421e-02	0.000000e+00	-3.337860e-06
1.000000013097298e-02	0.000000e+00	-3.337860e-06
1.000000016849835e-02	2.384186e-07	-3.337860e-06
1.000000022508235e-02	2.384186e-07	-3.337860e-06
1.000000033583904e-02	4.768372e-07	-3.337860e-06
1.000000055427500e-02	4.768372e-07	-3.337860e-06
1.000000083820595e-02	7.152557e-07	-2.861023e-06
1.000000140357350e-02	9.536743e-07	-2.622604e-06
1.000000253430861e-02	2.145767e-06	-1.430511e-06
1.000000479577883e-02	4.291534e-06	7.152557e-07
1.000000931871926e-02	9.059906e-06	5.722046e-06
1.000001836460012e-02	2.193451e-05	1.835823e-05
1.000003645636185e-02	1.802444e-04	5.102158e-05
1.000006405031414e-02	6.783009e-04	1.118183e-04
1.000007588708131e-02	7.991791e-04	1.382828e-04
1.000008275821239e-02	7.379055e-04	1.497269e-04
1.000008775395776e-02	6.651878e-04	1.530647e-04
1.000009209543712e-02	6.332397e-04	1.511574e-04
1.000009639971691e-02	6.206036e-04	1.456738e-04
1.000010134745952e-02	6.079674e-04	1.349449e-04
1.000010664424732e-02	5.919933e-04	1.199245e-04
1.000011123685069e-02	5.760193e-04	1.037121e-04
1.000011638091821e-02	5.557537e-04	8.201599e-05
1.000012197917778e-02	5.304813e-04	5.435944e-05
1.000012990987563e-02	4.868507e-04	7.867813e-06
1.000014174034808e-02	4.024506e-04	-7.772446e-05
1.000016540129298e-02	1.864433e-04	-2.934933e-04
1.000019357690502e-02	-1.244545e-04	-6.036758e-04
1.000021234065555e-02	-3.609657e-04	-8.401871e-04
1.000021981379025e-02	-4.627705e-04	-9.419918e-04
1.000022613769895e-02	-5.517006e-04	-1.030684e-03
1.000022943735417e-02	-5.986691e-04	-1.077652e-03
1.000023278119185e-02	-6.468296e-04	-1.125813e-03
1.000023707089258e-02	-7.090569e-04	-1.187801e-03
1.000024132591766e-02	-7.715225e-04	-1.250267e-03
1.000024983596782e-02	-8.976460e-04	-1.376390e-03
1.000026212486178e-02	-1.081467e-03	-1.560211e-03
1.000027803399404e-02	-1.319647e-03	-1.798391e-03
1.000029621886484e-02	-1.591921e-03	-2.070427e-03
1.000031834837423e-02	-1.923084e-03	-2.401590e-03
1.000034794133421e-02	-2.366781e-03	-2.845049e-03
1.000038672184891e-02	-2.948761e-03	-3.427029e-03
1.000042297274589e-02	-3.493309e-03	-3.971338e-03
1.000045934032711e-02	-4.039764e-03	-4.517794e-03
1.000051046438710e-02	-4.808187e-03	-5.285978e-03
1.000058793095037e-02	-5.972624e-03	-6.450176e-03
1.000068740472680e-02	-7.467747e-03	-7.945061e-03
1.000080528610657e-02	-9.238958e-03	-9.715796e-03
1.000088798317067e-02	-1.048112e-02	-1.095748e-02
1.000094316457018e-02	-1.130986e-02	-1.178622e-02
1.000097553563752e-02	-1.179576e-02	-1.227188e-02
1.000100588098531e-02	-1.225114e-02	-1.272726e-02
1.000101787672458e-02	-1.243114e-02	-1.290703e-02
1.000103074913818e-02	-1.262450e-02	-1.310039e-02
1.000104214200942e-02	-1.279521e-02	-1.327109e-02
1.000105283249023e-02	-1.295567e-02	-1.343155e-02
1.000105730023838e-02	-1.302266e-02	-1.349854e-02
1.000106137543345e-02	-1.308393e-02	-1.355958e-02
1.000106952582358e-02	-1.320577e-02	-1.368165e-02
1.000108246778779e-02	-1.340008e-02	-1.387596e-02
1.000110605550359e-02	-1.375365e-02	-1.422930e-02
1.000115004260435e-02	-1.441288e-02	-1.488829e-02
1.000118092356881e-02	-1.487541e-02	-1.535082e-02
1.000121627821249e-02	-1.540470e-02	-1.587987e-02
1.000124612783507e-02	-1.585150e-02	-1.632667e-02
1.000127976773073e-02	-1.635456e-02	-1.682973e-02
1.000129525009757e-02	-1.658630e-02	-1.706123e-02
1.000130469869101e-02	-1.672745e-02	-1.720238e-02
1.000131015913738e-02	-1.680899e-02	-1.728392e-02
1.000131334587732e-02	-1.685667e-02	-1.733160e-02
1.000131520243495e-02	-1.688433e-02	-1.735926e-02
1.000131891555022e-02	-1.693988e-02	-1.741481e-02
1.000131976986488e-02	-1.695251e-02	-1.742744e-02
1.000132027565559e-02	-1.696014e-02	-1.743507e-02
1.000132074122357e-02	-1.696706e-02	-1.744199e-02
1.000132167235953e-02	-1.698112e-02	-1.745605e-02
1.000132253685559e-02	-1.699400e-02	-1.746893e-02
1.000132406668546e-02	-1.701665e-02	-1.749158e-02
1.000132650577179e-02	-1.705337e-02	-1.752806e-02
1.000133050289649e-02	-1.711297e-02	-1.758790e-02
1.000133501491990e-02	-1.718044e-02	-1.765537e-02
1.000134170652387e-02	-1.728058e-02	-1.775527e-02
1.000135053350538e-02	-1.741242e-02	-1.788712e-02
1.000136282900480e-02	-1.759601e-02	-1.807094e-02
1.000137993809950e-02	-1.785183e-02	-1.832628e-02
1.000140415622469e-02	-1.821351e-02	-1.868820e-02
1.000143944544053e-02	-1.874065e-02	-1.921511e-02
1.000149185963670e-02	-1.952314e-02	-1.999736e-02
1.000157454213386e-02	-2.075696e-02	-2.123094e-02
1.000167340573252e-02	-2.223134e-02	-2.270508e-02
1.000176916317855e-02	-2.365804e-02	-2.413154e-02
1.000186629771330e-02	-2.510500e-02	-2.557802e-02
1.000192309274765e-02	-2.595043e-02	-2.642322e-02
1.000197042907824e-02	-2.665472e-02	-2.712727e-02
1.000201665124686e-02	-2.734208e-02	-2.781463e-02
1.000210909558409e-02	-2.871609e-02	-2.918816e-02
1.000229398425856e-02	-3.146100e-02	-3.193259e-02
1.000250907646470e-02	-3.465033e-02	-3.512096e-02
1.000275626695363e-02	-3.830934e-02	-3.877926e-02
1.000300217886927e-02	-4.194307e-02	-4.241204e-02
1.000326646012002e-02	-4.584098e-02	-4.630899e-02
1.000348266391095e-02	-4.902387e-02	-4.949141e-02
1.000372437290157e-02	-5.257630e-02	-5.304289e-02
1.000397723887983e-02	-5.628538e-02	-5.675101e-02
1.000431246419614e-02	-6.119251e-02	-6.165695e-02
1.000455228069539e-02	-6.469607e-02	-6.515980e-02
1.000483169080282e-02	-6.876969e-02	-6.923223e-02
1.000507712662993e-02	-7.234120e-02	-7.280302e-02
1.000529306648864e-02	-7.547808e-02	-7.593918e-02
1.000550195545073e-02	-7.850766e-02	-7.896805e-02
1.000572091973303e-02	-8.167768e-02	-8.213735e-02
1.000599934489320e-02	-8.570123e-02	-8.615994e-02
1.000629286256713e-02	-8.993363e-02	-9.039116e-02
1.000663898678935e-02	-9.491253e-02	-9.536910e-02
1.000697885956998e-02	-9.978962e-02	-1.002450e-01
1.000731525156623e-02	-1.046038e-01	-1.050582e-01
1.000764097939211e-02	-1.092534e-01	-1.097066e-01
1.000797448142729e-02	-1.140015e-01	-1.144536e-01
1.000831030717936e-02	-1.187701e-01	-1.192210e-01
1.000864975781648e-02	-1.235771e-01	-1.240268e-01
1.000899894507243e-02	-1.285086e-01	-1.289570e-01
1.000935959848514e-02	-1.335874e-01	-1.340349e-01
1.000974948698719e-02	-1.390615e-01	-1.395075e-01
1.001016915874436e-02	-1.449349e-01	-1.453795e-01
1.001063151908437e-02	-1.513834e-01	-1.518266e-01
1.001111471211661e-02	-1.580970e-01	-1.585386e-01
1.001164791821928e-02	-1.654751e-01	-1.659150e-01
1.001223058763622e-02	-1.735015e-01	-1.739395e-01
1.001289944068811e-02	-1.826677e-01	-1.831036e-01
1.001366171624817e-02	-1.930518e-01	-1.934853e-01
1.001456792411998e-02	-2.053092e-01	-2.057395e-01
1.001564521998318e-02	-2.197537e-01	-2.201807e-01
1.001697364984187e-02	-2.373686e-01	-2.377915e-01
1.001859781218440e-02	-2.585857e-01	-2.590036e-01
1.002059869298950e-02	-2.841356e-01	-2.845473e-01
1.002298849296206e-02	-3.128181e-01	-3.132222e-01
1.002566692336541e-02	-3.360741e-01	-3.364701e-01
1.002687973175689e-02	-3.366067e-01	-3.369992e-01
1.002735330692871e-02	-3.338051e-01	-3.341959e-01
1.002756104181717e-02	-3.324461e-01	-3.328364e-01
1.002767187109645e-02	-3.317125e-01	-3.321025e-01
1.002775251965641e-02	-3.311653e-01	-3.315549e-01
1.002784258106257e-02	-3.305693e-01	-3.309584e-01
1.002793526705432e-02	-3.299508e-01	-3.303397e-01
1.002812063903781e-02	-3.287117e-01	-3.290999e-01
1.002849138300480e-02	-3.262253e-01	-3.266122e-01
1.002903531236092e-02	-3.225539e-01	-3.229394e-01
1.003012317107316e-02	-3.151231e-01	-3.155048e-01
1.003216698091151e-02	-3.008704e-01	-3.012457e-01
1.003502609994726e-02	-2.803106e-01	-2.806768e-01
1.003793385075367e-02	-2.584667e-01	-2.588236e-01
1.004102673520747e-02	-2.337773e-01	-2.341247e-01
1.004386074784155e-02	-2.082801e-01	-2.086186e-01
1.004644146697274e-02	-1.737657e-01	-1.740959e-01
1.004727771573199e-02	-1.461875e-01	-1.465144e-01
1.004774156638738e-02	-1.178920e-01	-1.182168e-01
1.004798043663504e-02	-1.002207e-01	-1.005440e-01
1.004820663574034e-02	-8.311987e-02	-8.344221e-02
1.004851325822118e-02	-5.950308e-02	-5.982351e-02
1.004882553744970e-02	-3.493881e-02	-3.525734e-02
1.004918857574166e-02	-5.669832e-03	-5.986214e-03
1.004959273546244e-02	2.782130e-02	2.750754e-02
1.005002903909979e-02	6.486559e-02	6.455493e-02
1.005015133078569e-02	7.545042e-02	7.514048e-02
1.005020724845201e-02	8.034134e-02	8.003187e-02
1.005023362661778e-02	8.267093e-02	8.236194e-02
1.005025009800706e-02	8.411837e-02	8.380961e-02
1.005025634081653e-02	8.467555e-02	8.436704e-02
1.005025794440927e-02	8.482599e-02	8.451748e-02
1.005025821663443e-02	8.485007e-02	8.454156e-02
1.005025840951487e-02	8.486629e-02	8.455777e-02
1.005025847390871e-02	8.487177e-02	8.456326e-02
1.005025850150883e-02	8.487415e-02	8.456564e-02
1.005025851186987e-02	8.487511e-02	8.456659e-02
1.005025851597060e-02	8.487535e-02	8.456683e-02
1.005025851791043e-02	8.487558e-02	8.456707e-02
1.005025851903083e-02	8.487558e-02	8.456707e-02
1.005025851958801e-02	8.487582e-02	8.456731e-02
1.005025851979582e-02	8.487558e-02	8.456707e-02
1.005025851989520e-02	8.487558e-02	8.456707e-02
1.005025851998429e-02	8.487582e-02	8.456731e-02
1.005025852008262e-02	8.487582e-02	8.456731e-02
1.005025852026199e-02	8.487582e-02	8.456731e-02
1.005025852062073e-02	8.487582e-02	8.456731e-02
1.005025852133822e-02	8.487582e-02	8.456731e-02
1.005025852277320e-02	8.487606e-02	8.456755e-02
1.005025852564316e-02	8.487630e-02	8.456779e-02
1.005025853138307e-02	8.487678e-02	8.456826e-02
1.005025854286289e-02	8.487773e-02	8.456922e-02
1.005025856582254e-02	8.487964e-02	8.457112e-02
1.005025861174184e-02	8.488369e-02	8.457518e-02
1.005025868531578e-02	8.488989e-02	8.458138e-02
1.005025883246367e-02	8.490276e-02	8.459425e-02
1.005025912675943e-02	8.492827e-02	8.461976e-02
1.005025971535096e-02	8.497977e-02	8.467126e-02
1.005026089253402e-02	8.508325e-02	8.477473e-02
1.005026324690014e-02	8.529186e-02	8.498335e-02
1.005026772151240e-02	8.569002e-02	8.538198e-02
1.005027564620161e-02	8.639860e-02	8.609080e-02
1.005029149558005e-02	8.782506e-02	8.751822e-02
1.005030781072577e-02	8.931136e-02	8.900595e-02
1.005032535981833e-02	9.094334e-02	9.064007e-02
1.005034318548101e-02	9.265709e-02	9.235764e-02
1.005036188180625e-02	9.454918e-02	9.425592e-02
1.005038149016868e-02	9.669089e-02	9.640670e-02
1.005040319532345e-02	9.932470e-02	9.905386e-02
1.005042869317360e-02	1.028669e-01	1.026142e-01
1.005046363091821e-02	1.085477e-01	1.083174e-01
1.005052034240251e-02	1.191199e-01	1.189167e-01
1.005057960747671e-02	1.312325e-01	1.310470e-01
1.005064756584739e-02	1.457510e-01	1.455767e-01
1.005072070617405e-02	1.612647e-01	1.610973e-01
1.005079803870469e-02	1.767693e-01	1.766062e-01
1.005087660811506e-02	1.908286e-01	1.906683e-01
1.005097076136553e-02	2.047794e-01	2.046208e-01
1.005110593223880e-02	2.200341e-01	2.198775e-01
1.005127392021344e-02	2.333453e-01	2.331898e-01
1.005147013752383e-02	2.435613e-01	2.434070e-01
1.005167660797931e-02	2.502568e-01	2.501032e-01
1.005193064739157e-02	2.551842e-01	2.550309e-01
1.005211637368534e-02	2.572527e-01	2.570996e-01
1.005225887725253e-02	2.580521e-01	2.578995e-01
1.005236067540215e-02	2.582796e-01	2.581270e-01
1.005243709809664e-02	2.582765e-01	2.581241e-01
1.005249374715710e-02	2.581840e-01	2.580318e-01
1.005253673990392e-02	2.580633e-01	2.579112e-01
1.005256949137559e-02	2.579422e-01	2.577899e-01
1.005259428177219e-02	2.578330e-01	2.576807e-01
1.005261347324910e-02	2.577350e-01	2.575827e-01
1.005262924304644e-02	2.576349e-01	2.574828e-01
1.005264674810302e-02	2.575359e-01	2.573838e-01
1.005266445192936e-02	2.574475e-01	2.572954e-01
1.005268717822528e-02	2.573156e-01	2.571638e-01
1.005271251348496e-02	2.571659e-01	2.570140e-01
1.005275287784899e-02	2.569010e-01	2.567489e-01
1.005280120924476e-02	2.565558e-01	2.564037e-01
1.005286628706361e-02	2.560751e-01	2.559233e-01
1.005295671057334e-02	2.553937e-01	2.552421e-01
1.005313440497037e-02	2.540512e-01	2.538996e-01
1.005345334378861e-02	2.516322e-01	2.514811e-01
1.005378769134114e-02	2.491097e-01	2.489586e-01
1.005420377548109e-02	2.460165e-01	2.458656e-01
1.005465878496123e-02	2.427523e-01	2.426019e-01
1.005526761254503e-02	2.386765e-01	2.385263e-01
1.005600659761677e-02	2.337089e-01	2.335594e-01
1.005667497559422e-02	2.293465e-01	2.291977e-01
1.005748004357693e-02	2.239361e-01	2.237880e-01
1.005833623721503e-02	2.169945e-01	2.168469e-01
1.005899249203696e-02	2.116733e-01	2.115262e-01
1.005972758578812e-02	2.062414e-01	2.060947e-01
1.006050579209593e-02	2.005143e-01	2.003684e-01
1.006102136672884e-02	1.968014e-01	1.966558e-01
1.006157155828784e-02	1.929321e-01	1.927869e-01
1.006224220207308e-02	1.882389e-01	1.880939e-01
1.006297107103637e-02	1.831534e-01	1.830091e-01
1.006370536255910e-02	1.780517e-01	1.779077e-01
1.006455592313076e-02	1.721673e-01	1.720240e-01
1.006565004824869e-02	1.646311e-01	1.644881e-01
1.006706673758631e-02	1.549256e-01	1.547837e-01
1.006901557345238e-02	1.416676e-01	1.415267e-01
1.007163444151479e-02	1.240132e-01	1.238737e-01
1.007520480207872e-02	1.002169e-01	1.000795e-01
1.007931450363662e-02	7.319951e-02	7.306433e-02
1.008422228778843e-02	4.144692e-02	4.131389e-02
1.008978336264402e-02	6.131649e-03	6.001234e-03
1.009693801149086e-02	-3.830814e-02	-3.843546e-02
1.010573846240640e-02	-9.157038e-02	-9.169412e-02
1.011573846240640e-02	-1.503494e-01	-1.504688e-01
1.012573846240640e-02	-2.073226e-01	-2.074380e-01
1.013573846240640e-02	-2.625093e-01	-2.626209e-01
1.014573846240640e-02	-3.159781e-01	-3.160863e-01
1.015573846240640e-02	-3.677914e-01	-3.678961e-01
1.016573846240640e-02	-4.187031e-01	-4.188085e-01
1.017166467493720e-02	-4.500754e-01	-4.501891e-01
1.017723319165226e-02	-4.826651e-01	-4.827924e-01
1.018264095153206e-02	-5.182486e-01	-5.183947e-01
1.018650876882364e-02	-5.470440e-01	-5.472081e-01
1.018960911812430e-02	-5.731494e-01	-5.733318e-01
1.019258896762969e-02	-6.010849e-01	-6.012847e-01
1.019588360760586e-02	-6.343715e-01	-6.345859e-01
1.019746425551434e-02	-6.510389e-01	-6.512575e-01
1.019902629408220e-02	-6.678665e-01	-6.680870e-01
1.020073244011321e-02	-6.863415e-01	-6.865621e-01
1.020242705885433e-02	-7.046733e-01	-7.048929e-01
1.020421039249486e-02	-7.238464e-01	-7.240644e-01
1.020610180885866e-02	-7.439885e-01	-7.442043e-01
1.020801726588673e-02	-7.641244e-01	-7.643371e-01
1.021026867248182e-02	-7.874315e-01	-7.876406e-01
1.021264571625800e-02	-8.115852e-01	-8.117902e-01
1.021558151575433e-02	-8.407722e-01	-8.409722e-01
1.021884826268665e-02	-8.723934e-01	-8.725877e-01
1.022317016739677e-02	-9.128897e-01	-9.130771e-01
1.022828442013983e-02	-9.581749e-01	-9.583459e-01
1.023561590412741e-02	-1.013240e+00	-1.013371e+00
1.024381690884361e-02	-1.058056e+00	-1.058148e+00
1.025122871360390e-02	-1.088855e+00	-1.088929e+00
1.025513667337034e-02	-1.103051e+00	-1.103121e+00
1.025802749493667e-02	-1.112895e+00	-1.112962e+00
1.026089661367726e-02	-1.122326e+00	-1.122391e+00
1.026381404078993e-02	-1.131640e+00	-1.131703e+00
1.026691256654707e-02	-1.141285e+00	-1.141347e+00
1.026975628644833e-02	-1.149930e+00	-1.149990e+00
1.027271872395339e-02	-1.158750e+00	-1.158810e+00
1.027561016066851e-02	-1.167188e+00	-1.167246e+00
1.027877983812414e-02	-1.176263e+00	-1.176320e+00
1.028252071502534e-02	-1.186752e+00	-1.186808e+00
1.028712715157406e-02	-1.199383e+00	-1.199438e+00
1.029270439514678e-02	-1.214275e+00	-1.214328e+00
1.030022616412768e-02	-1.233744e+00	-1.233795e+00
1.031022616412768e-02	-1.258721e+00	-1.258770e+00
1.032022616412768e-02	-1.282775e+00	-1.282822e+00
1.033022616412768e-02	-1.305925e+00	-1.305970e+00
1.034022616412768e-02	-1.328248e+00	-1.328292e+00
1.035022616412768e-02	-1.349790e+00	-1.349832e+00
1.036022616412768e-02	-1.370604e+00	-1.370645e+00
1.037022616412768e-02	-1.390719e+00	-1.390758e+00
1.038022616412768e-02	-1.410175e+00	-1.410213e+00
1.039022616412768e-02	-1.428993e+00	-1.429029e+00
1.040022616412768e-02	-1.447206e+00	-1.447242e+00
1.041022616412768e-02	-1.464832e+00	-1.464866e+00
1.042022616412768e-02	-1.481899e+00	-1.481932e+00
1.043022616412768e-02	-1.498419e+00	-1.498451e+00
1.044022616412768e-02	-1.514421e+00	-1.514452e+00
1.045022616412768e-02	-1.529913e+00	-1.529943e+00
1.046022616412768e-02	-1.544923e+00	-1.544951e+00
1.047022616412768e-02	-1.559456e+00	-1.559484e+00
1.048022616412768e-02	-1.573538e+00	-1.573565e+00
1.049022616412768e-02	-1.587175e+00	-1.587201e+00
1.050022616412768e-02	-1.600390e+00	-1.600415e+00
1.051022616412768e-02	-1.613188e+00	-1.613212e+00
1.052022616412768e-02	-1.625590e+00	-1.625614e+00
1.053022616412768e-02	-1.637602e+00	-1.637625e+00
1.054022616412768e-02	-1.649244e+00	-1.649266e+00
1.055022616412768e-02	-1.660519e+00	-1.660541e+00
1.056022616412768e-02	-1.671448e+00	-1.671469e+00
1.057022616412768e-02	-1.682032e+00	-1.682052e+00
1.058022616412768e-02	-1.692292e+00	-1.692312e+00
1.059022616412768e-02	-1.702229e+00	-1.702248e+00
1.060022616412768e-02	-1.711861e+00	-1.711880e+00
1.061022616412768e-02	-1.721191e+00	-1.721208e+00
1.062022616412768e-02	-1.730234e+00	-1.730251e+00
1.063022616412768e-02	-1.738993e+00	-1.739009e+00
1.064022616412768e-02	-1.747485e+00	-1.747501e+00
1.065022616412768e-02	-1.755709e+00	-1.755724e+00
1.066022616412768e-02	-1.763682e+00	-1.763697e+00
1.067022616412768e-02	-1.771404e+00	-1.771418e+00
1.068022616412768e-02	-1.778891e+00	-1.778905e+00
1.069022616412768e-02	-1.786142e+00	-1.786155e+00
1.070022616412768e-02	-1.793172e+00	-1.793185e+00
1.071022616412768e-02	-1.799980e+00	-1.799993e+00
1.072022616412768e-02	-1.806582e+00	-1.806594e+00
1.073022616412768e-02	-1.812976e+00	-1.812987e+00
1.074022616412768e-02	-1.819175e+00	-1.819187e+00
1.075022616412768e-02	-1.825179e+00	-1.825190e+00
1.076022616412768e-02	-1.831001e+00	-1.831012e+00
1.077022616412768e-02	-1.836639e+00	-1.836649e+00
1.078022616412768e-02	-1.842107e+00	-1.842117e+00
1.079022616412768e-02	-1.847401e+00	-1.847411e+00
1.080022616412768e-02	-1.852536e+00	-1.852546e+00
1.081022616412768e-02	-1.857509e+00	-1.857517e+00
1.082022616412768e-02	-1.862331e+00	-1.862340e+00
1.083022616412768e-02	-1.867001e+00	-1.867009e+00
1.084022616412768e-02	-1.871530e+00	-1.871538e+00
1.085022616412768e-02	-1.875916e+00	-1.875923e+00
1.086022616412768e-02	-1.880170e+00	-1.880177e+00
1.087022616412768e-02	-1.884288e+00	-1.884295e+00
1.088022616412768e-02	-1.888284e+00	-1.888290e+00
1.089022616412768e-02	-1.892152e+00	-1.892158e+00
1.090022616412768e-02	-1.895904e+00	-1.895911e+00
1.091022616412768e-02	-1.899537e+00	-1.899543e+00
1.092022616412768e-02	-1.903062e+00	-1.903068e+00
1.093022616412768e-02	-1.906474e+00	-1.906480e+00
1.094022616412768e-02	-1.909784e+00	-1.909790e+00
1.095022616412768e-02	-1.912989e+00	-1.912994e+00
1.096022616412768e-02	-1.916099e+00	-1.916104e+00
1.097022616412768e-02	-1.919109e+00	-1.919114e+00
1.098022616412768e-02	-1.922030e+00	-1.922034e+00
1.099022616412768e-02	-1.924856e+00	-1.924861e+00
1.100022616412768e-02	-1.927600e+00	-1.927605e+00
1.101022616412768e-02	-1.930255e+00	-1.930260e+00
1.102022616412768e-02	-1.932833e+00	-1.932837e+00
1.103022616412768e-02	-1.935326e+00	-1.935331e+00
1.104022616412768e-02	-1.937747e+00	-1.937751e+00
1.105022616412768e-02	-1.940090e+00	-1.940094e+00
1.106022616412768e-02	-1.942364e+00	-1.942368e+00
1.107022616412768e-02	-1.944564e+00	-1.944567e+00
1.108022616412768e-02	-1.946700e+00	-1.946703e+00
1.109022616412768e-02	-1.948767e+00	-1.948770e+00
1.110022616412768e-02	-1.950774e+00	-1.950776e+00
1.111022616412768e-02	-1.952715e+00	-1.952718e+00
1.112022616412768e-02	-1.954600e+00	-1.954602e+00
1.113022616412768e-02	-1.956423e+00	-1.956426e+00
1.114022616412768e-02	-1.958194e+00	-1.958197e+00
1.115022616412768e-02	-1.959906e+00	-1.959909e+00
1.116022616412768e-02	-1.961570e+00	-1.961572e+00
1.117022616412768e-02	-1.963178e+00	-1.963181e+00
1.118022616412768e-02	-1.964741e+00	-1.964743e+00
1.119022616412768e-02	-1.966252e+00	-1.966254e+00
1.120022616412768e-02	-1.967720e+00	-1.967722e+00
1.121022616412768e-02	-1.969140e+00	-1.969141e+00
1.122022616412768e-02	-1.970519e+00	-1.970521e+00
1.123022616412768e-02	-1.971852e+00	-1.971854e+00
1.124022616412768e-02	-1.973148e+00	-1.973149e+00
1.125022616412768e-02	-1.974400e+00	-1.974401e+00
1.126022616412768e-02	-1.975617e+00	-1.975619e+00
1.127022616412768e-02	-1.976793e+00	-1.976795e+00
1.128022616412768e-02	-1.977937e+00	-1.977938e+00
1.129022616412768e-02	-1.979042e+00	-1.979043e+00
1.130022616412768e-02	-1.980116e+00	-1.980117e+00
1.131022616412768e-02	-1.981154e+00	-1.981155e+00
1.132022616412768e-02	-1.982163e+00	-1.982164e+00
1.133022616412768e-02	-1.983138e+00	-1.983139e+00
1.134022616412768e-02	-1.984086e+00	-1.984087e+00
1.135022616412768e-02	-1.985002e+00	-1.985003e+00
1.136022616412768e-02	-1.985893e+00	-1.985894e+00
1.137022616412768e-02	-1.986753e+00	-1.986754e+00
1.138022616412768e-02	-1.987590e+00	-1.987591e+00
1.139022616412768e-02	-1.988398e+00	-1.988398e+00
1.140022616412768e-02	-1.989184e+00	-1.989185e+00
1.141022616412768e-02	-1.989943e+00	-1.989944e+00
1.142022616412768e-02	-1.990682e+00	-1.990682e+00
1.143022616412768e-02	-1.991395e+00	-1.991395e+00
1.144022616412768e-02	-1.992089e+00	-1.992089e+00
1.145022616412768e-02	-1.992758e+00	-1.992759e+00
1.146022616412768e-02	-1.993411e+00	-1.993411e+00
1.147022616412768e-02	-1.994039e+00	-1.994040e+00
1.148022616412768e-02	-1.994652e+00	-1.994653e+00
1.149022616412768e-02	-1.995243e+00	-1.995243e+00
1.150022616412768e-02	-1.995819e+00	-1.995819e+00
1.151022616412768e-02	-1.996373e+00	-1.996374e+00
1.152022616412768e-02	-1.996915e+00	-1.996915e+00
1.153022616412768e-02	-1.997436e+00	-1.997436e+00
1.154022616412768e-02	-1.997944e+00	-1.997944e+00
1.155022616412768e-02	-1.998433e+00	-1.998433e+00
1.156022616412768e-02	-1.998911e+00	-1.998911e+00
1.157022616412768e-02	-1.999371e+00	-1.999371e+00
1.158022616412768e-02	-1.999820e+00	-1.999820e+00
1.159022616412768e-02	-2.000251e+00	-2.000251e+00
1.160022616412768e-02	-2.000673e+00	-2.000673e+00
1.161022616412768e-02	-2.001079e+00	-2.001079e+00
1.162022616412768e-02	-2.001475e+00	-2.001475e+00
1.163022616412768e-02	-2.001856e+00	-2.001856e+00
1.164022616412768e-02	-2.002228e+00	-2.002228e+00
1.165022616412768e-02	-2.002586e+00	-2.002586e+00
1.166022616412768e-02	-2.002936e+00	-2.002936e+00
1.167022616412768e-02	-2.003272e+00	-2.003272e+00
1.168022616412768e-02	-2.003601e+00	-2.003600e+00
1.169022616412768e-02	-2.003916e+00	-2.003916e+00
1.170022616412768e-02	-2.004225e+00	-2.004225e+00
1.171022616412768e-02	-2.004522e+00	-2.004521e+00
1.172022616412768e-02	-2.004812e+00	-2.004812e+00
1.173022616412768e-02	-2.005090e+00	-2.005090e+00
1.174022616412768e-02	-2.005363e+00	-2.005363e+00
1.175022616412768e-02	-2.005625e+00	-2.005624e+00
1.176022616412768e-02	-2.005881e+00	-2.005881e+00
1.177022616412768e-02	-2.006127e+00	-2.006126e+00
1.178022616412768e-02	-2.006368e+00	-2.006367e+00
1.179022616412768e-02	-2.006598e+00	-2.006598e+00
1.180022616412768e-02	-2.006825e+00	-2.006824e+00
1.181022616412768e-02	-2.007041e+00	-2.007041e+00
1.182022616412768e-02	-2.007254e+00	-2.007254e+00
1.183022616412768e-02	-2.007457e+00	-2.007457e+00
1.184022616412768e-02	-2.007657e+00	-2.007657e+00
1.185022616412768e-02	-2.007848e+00	-2.007848e+00
1.186022616412768e-02	-2.008036e+00	-2.008036e+00
1.187022616412768e-02	-2.008216e+00	-2.008215e+00
1.188022616412768e-02	-2.008393e+00	-2.008392e+00
1.189022616412768e-02	-2.008561e+00	-2.008560e+00
1.190022616412768e-02	-2.008727e+00	-2.008726e+00
1.191022616412768e-02	-2.008885e+00	-2.008884e+00
1.192022616412768e-02	-2.009041e+00	-2.009040e+00
1.193022616412768e-02	-2.009189e+00	-2.009189e+00
1.194022616412768e-02	-2.009336e+00	-2.009336e+00
1.195022616412768e-02	-2.009475e+00	-2.009475e+00
1.196022616412768e-02	-2.009614e+00	-2.009613e+00
1.197022616412768e-02	-2.009744e+00	-2.009744e+00
1.198022616412768e-02	-2.009874e+00	-2.009873e+00
1.199022616412768e-02	-2.009997e+00	-2.009996e+00
1.200022616412768e-02	-2.010119e+00	-2.010118e+00
1.201022616412768e-02	-2.010234e+00	-2.010234e+00
1.202022616412768e-02	-2.010349e+00	-2.010348e+00
1.203022616412768e-02	-2.010457e+00	-2.010456e+00
1.204022616412768e-02	-2.010565e+00	-2.010564e+00
1.205022616412768e-02	-2.010666e+00	-2.010666e+00
1.206022616412768e-02	-2.010768e+00	-2.010767e+00
1.207022616412768e-02	-2.010863e+00	-2.010863e+00
1.208022616412768e-02	-2.010958e+00	-2.010958e+00
1.209022616412768e-02	-2.011048e+00	-2.011047e+00
1.210022616412768e-02	-2.011138e+00	-2.011137e+00
1.211022616412768e-02	-2.011221e+00	-2.011221e+00
1.212022616412768e-02	-2.011306e+00	-2.011305e+00
1.213022616412768e-02	-2.011385e+00	-2.011384e+00
1.214022616412768e-02	-2.011464e+00	-2.011463e+00
1.215022616412768e-02	-2.011538e+00	-2.011537e+00
1.216022616412768e-02	-2.011612e+00	-2.011612e+00
1.217022616412768e-02	-2.011682e+00	-2.011681e+00
1.218022616412768e-02	-2.011752e+00	-2.011751e+00
1.219022616412768e-02	-2.011817e+00	-2.011816e+00
1.220022616412768e-02	-2.011883e+00	-2.011882e+00
1.221022616412768e-02	-2.011944e+00	-2.011944e+00
1.222022616412768e-02	-2.012006e+00	-2.012006e+00
1.223022616412768e-02	-2.012064e+00	-2.012063e+00
1.224022616412768e-02	-2.012122e+00	-2.012121e+00
1.225022616412768e-02	-2.012176e+00	-2.012175e+00
1.226022616412768e-02	-2.012230e+00	-2.012230e+00
1.227022616412768e-02	-2.012281e+00	-2.012280e+00
1.228022616412768e-02	-2.012333e+00	-2.012332e+00
1.229022616412768e-02	-2.012380e+00	-2.012379e+00
1.230022616412768e-02	-2.012429e+00	-2.012428e+00
1.231022616412768e-02	-2.012473e+00	-2.012472e+00
1.232022616412768e-02	-2.012519e+00	-2.012518e+00
1.233022616412768e-02	-2.012560e+00	-2.012560e+00
1.234022616412768e-02	-2.012603e+00	-2.012603e+00
1.235022616412768e-02	-2.012642e+00	-2.012642e+00
1.236022616412768e-02	-2.012683e+00	-2.012682e+00
1.237022616412768e-02	-2.012720e+00	-2.012719e+00
1.238022616412768e-02	-2.012758e+00	-2.012757e+00
1.239022616412768e-02	-2.012792e+00	-2.012791e+00
1.240022616412768e-02	-2.012828e+00	-2.012827e+00
1.241022616412768e-02	-2.012860e+00	-2.012859e+00
1.242022616412768e-02	-2.012894e+00	-2.012893e+00
1.243022616412768e-02	-2.012924e+00	-2.012923e+00
1.244022616412768e-02	-2.012956e+00	-2.012955e+00
1.245022616412768e-02	-2.012984e+00	-2.012983e+00
1.246022616412768e-02	-2.013014e+00	-2.013013e+00
1.247022616412768e-02	-2.013041e+00	-2.013040e+00
1.248022616412768e-02	-2.013069e+00	-2.013068e+00
1.249022616412768e-02	-2.013093e+00	-2.013093e+00
1.250022616412768e-02	-2.013120e+00	-2.013119e+00
1.251022616412768e-02	-2.013143e+00	-2.013142e+00
1.252022616412768e-02	-2.013168e+00	-2.013168e+00
1.253022616412768e-02	-2.013190e+00	-2.013189e+00
1.254022616412768e-02	-2.013214e+00	-2.013213e+00
1.255022616412768e-02	-2.013234e+00	-2.013233e+00
1.256022616412768e-02	-2.013256e+00	-2.013255e+00
1.257022616412768e-02	-2.013275e+00	-2.013275e+00
1.258022616412768e-02	-2.013296e+00	-2.013295e+00
1.259022616412768e-02	-2.013314e+00	-2.013313e+00
1.260022616412768e-02	-2.013334e+00	-2.013333e+00
1.261022616412768e-02	-2.013351e+00	-2.013350e+00
1.262022616412768e-02	-2.013369e+00	-2.013368e+00
1.263022616412768e-02	-2.013385e+00	-2.013384e+00
1.264022616412768e-02	-2.013402e+00	-2.013402e+00
1.265022616412768e-02	-2.013417e+00	-2.013416e+00
1.266022616412768e-02	-2.013434e+00	-2.013433e+00
1.267022616412768e-02	-2.013447e+00	-2.013446e+00
1.268022616412768e-02	-2.013463e+00	-2.013462e+00
1.269022616412768e-02	-2.013476e+00	-2.013475e+00
1.270022616412768e-02	-2.013490e+00	-2.013490e+00
1.271022616412768e-02	-2.013502e+00	-2.013502e+00
1.272022616412768e-02	-2.013516e+00	-2.013515e+00
1.273022616412768e-02	-2.013527e+00	-2.013526e+00
1.274022616412768e-02	-2.013540e+00	-2.013540e+00
1.275022616412768e-02	-2.013551e+00	-2.013550e+00
1.276022616412768e-02	-2.013563e+00	-2.013563e+00
1.277022616412768e-02	-2.013573e+00	-2.013572e+00
1.278022616412768e-02	-2.013585e+00	-2.013584e+00
1.279022616412768e-02	-2.013594e+00	-2.013593e+00
1.280022616412768e-02	-2.013605e+00	-2.013604e+00
1.281022616412768e-02	-2.013613e+00	-2.013613e+00
1.282022616412768e-02	-2.013624e+00	-2.013623e+00
1.283022616412768e-02	-2.013632e+00	-2.013631e+00
1.284022616412768e-02	-2.013641e+00	-2.013641e+00
1.285022616412768e-02	-2.013649e+00	-2.013648e+00
1.286022616412768e-02	-2.013658e+00	-2.013657e+00
1.287022616412768e-02	-2.013665e+00	-2.013664e+00
1.288022616412768e-02	-2.013674e+00	-2.013673e+00
1.289022616412768e-02	-2.013680e+00	-2.013679e+00
1.290022616412768e-02	-2.013689e+00	-2.013688e+00
1.291022616412768e-02	-2.013695e+00	-2.013694e+00
1.292022616412768e-02	-2.013703e+00	-2.013702e+00
1.293022616412768e-02	-2.013708e+00	-2.013707e+00
1.294022616412768e-02	-2.013715e+00	-2.013715e+00
1.295022616412768e-02	-2.013721e+00	-2.013720e+00
1.296022616412768e-02	-2.013728e+00	-2.013727e+00
1.297022616412768e-02	-2.013732e+00	-2.013732e+00
1.298022616412768e-02	-2.013739e+00	-2.013738e+00
1.299022616412768e-02	-2.013744e+00	-2.013743e+00
1.300022616412768e-02	-2.013750e+00	-2.013749e+00
1.301022616412768e-02	-2.013754e+00	-2.013753e+00
1.302022616412768e-02	-2.013760e+00	-2.013759e+00
1.303022616412768e-02	-2.013764e+00	-2.013763e+00
1.304022616412768e-02	-2.013770e+00	-2.013769e+00
1.305022616412768e-02	-2.013773e+00	-2.013772e+00
1.306022616412768e-02	-2.013779e+00	-2.013778e+00
1.307022616412768e-02	-2.013782e+00	-2.013781e+00
1.308022616412768e-02	-2.013787e+00	-2.013786e+00
1.309022616412768e-02	-2.013790e+00	-2.013789e+00
1.310022616412768e-02	-2.013795e+00	-2.013794e+00
1.311022616412768e-02	-2.013798e+00	-2.013797e+00
1.312022616412768e-02	-2.013802e+00	-2.013801e+00
1.313022616412768e-02	-2.013805e+00	-2.013804e+00
1.314022616412768e-02	-2.013809e+00	-2.013808e+00
1.315022616412768e-02	-2.013811e+00	-2.013811e+00
1.316022616412768e-02	-2.013816e+00	-2.013815e+00
1.317022616412768e-02	-2.013818e+00	-2.013817e+00
1.318022616412768e-02	-2.013822e+00	-2.013821e+00
1.319022616412768e-02	-2.013824e+00	-2.013823e+00
1.320022616412768e-02	-2.013828e+00	-2.013827e+00
1.321022616412768e-02	-2.013829e+00	-2.013829e+00
1.322022616412768e-02	-2.013833e+00	-2.013832e+00
1.323022616412768e-02	-2.013835e+00	-2.013834e+00
1.324022616412768e-02	-2.013838e+00	-2.013837e+00
1.325022616412768e-02	-2.013840e+00	-2.013839e+00
1.326022616412768e-02	-2.013843e+00	-2.013842e+00
1.327022616412768e-02	-2.013844e+00	-2.013844e+00
1.328022616412768e-02	-2.013847e+00	-2.013847e+00
1.329022616412768e-02	-2.013849e+00	-2.013848e+00
1.330022616412768e-02	-2.013852e+00	-2.013851e+00
1.331022616412768e-02	-2.013853e+00	-2.013852e+00
1.332022616412768e-02	-2.013856e+00	-2.013855e+00
1.333022616412768e-02	-2.013857e+00	-2.013856e+00
1.334022616412768e-02	-2.013860e+00	-2.013859e+00
1.335022616412768e-02	-2.013860e+00	-2.013859e+00
1.336022616412768e-02	-2.013863e+00	-2.013862e+00
1.337022616412768e-02	-2.013864e+00	-2.013863e+00
1.338022616412768e-02	-2.013866e+00	-2.013865e+00
1.339022616412768e-02	-2.013867e+00	-2.013866e+00
1.340022616412768e-02	-2.013869e+00	-2.013868e+00
1.341022616412768e-02	-2.013870e+00	-2.013869e+00
1.342022616412768e-02	-2.013872e+00	-2.013871e+00
1.343022616412768e-02	-2.013873e+00	-2.013872e+00
1.344022616412768e-02	-2.013875e+00	-2.013874e+00
1.345022616412768e-02	-2.013875e+00	-2.013874e+00
1.346022616412768e-02	-2.013878e+00	-2.013877e+00
1.347022616412768e-02	-2.013878e+00	-2.013877e+00
1.348022616412768e-02	-2.013880e+00	-2.013879e+00
1.349022616412768e-02	-2.013880e+00	-2.013879e+00
1.350022616412768e-02	-2.013882e+00	-2.013881e+00
1.351022616412768e-02	-2.013882e+00	-2.013881e+00
1.352022616412768e-02	-2.013884e+00	-2.013883e+00
1.353022616412768e-02	-2.013884e+00	-2.013884e+00
1.354022616412768e-02	-2.013886e+00	-2.013885e+00
1.355022616412768e-02	-2.013886e+00	-2.013885e+00
1.356022616412768e-02	-2.013888e+00	-2.013887e+00
1.357022616412768e-02	-2.013888e+00	-2.013887e+00
1.358022616412768e-02	-2.013890e+00	-2.013889e+00
1.359022616412768e-02	-2.013890e+00	-2.013889e+00
1.360022616412768e-02	-2.013892e+00	-2.013891e+00
1.361022616412768e-02	-2.013891e+00	-2.013891e+00
1.362022616412768e-02	-2.013893e+00	-2.013892e+00
1.363022616412768e-02	-2.013893e+00	-2.013892e+00
1.364022616412768e-02	-2.013895e+00	-2.013894e+00
1.365022616412768e-02	-2.013894e+00	-2.013894e+00
1.366022616412768e-02	-2.013896e+00	-2.013895e+00
1.367022616412768e-02	-2.013896e+00	-2.013895e+00
1.368022616412768e-02	-2.013897e+00	-2.013896e+00
1.369022616412768e-02	-2.013897e+00	-2.013896e+00
1.370022616412768e-02	-2.013898e+00	-2.013898e+00
1.371022616412768e-02	-2.013898e+00	-2.013897e+00
1.372022616412768e-02	-2.013900e+00	-2.013899e+00
1.373022616412768e-02	-2.013899e+00	-2.013898e+00
1.374022616412768e-02	-2.013901e+00	-2.013900e+00
1.375022616412768e-02	-2.013900e+00	-2.013900e+00
1.376022616412768e-02	-2.013902e+00	-2.013901e+00
1.377022616412768e-02	-2.013901e+00	-2.013901e+00
1.378022616412768e-02	-2.013903e+00	-2.013902e+00
1.379022616412768e-02	-2.013902e+00	-2.013901e+00
1.380022616412768e-02	-2.013904e+00	-2.013903e+00
1.381022616412768e-02	-2.013903e+00	-2.013902e+00
1.382022616412768e-02	-2.013904e+00	-2.013903e+00
1.383022616412768e-02	-2.013904e+00	-2.013903e+00
1.384022616412768e-02	-2.013905e+00	-2.013904e+00
1.385022616412768e-02	-2.013905e+00	-2.013904e+00
1.386022616412768e-02	-2.013906e+00	-2.013905e+00
1.387022616412768e-02	-2.013906e+00	-2.013905e+00
1.388022616412768e-02	-2.013906e+00	-2.013906e+00
1.389022616412768e-02	-2.013906e+00	-2.013905e+00
1.390022616412768e-02	-2.013907e+00	-2.013906e+00
1.391022616412768e-02	-2.013907e+00	-2.013906e+00
1.392022616412768e-02	-2.013908e+00	-2.013907e+00
1.393022616412768e-02	-2.013907e+00	-2.013906e+00
1.394022616412768e-02	-2.013908e+00	-2.013907e+00
1.395022616412768e-02	-2.013908e+00	-2.013907e+00
1.396022616412768e-02	-2.013909e+00	-2.013908e+00
1.397022616412768e-02	-2.013908e+00	-2.013907e+00
1.398022616412768e-02	-2.013909e+00	-2.013909e+00
1.399022616412768e-02	-2.013909e+00	-2.013908e+00
1.400022616412768e-02	-2.013910e+00	-2.013909e+00
1.401022616412768e-02	-2.013909e+00	-2.013908e+00
1.402022616412768e-02	-2.013910e+00	-2.013910e+00
1.403022616412768e-02	-2.013910e+00	-2.013909e+00
1.404022616412768e-02	-2.013911e+00	-2.013910e+00
1.405022616412768e-02	-2.013910e+00	-2.013909e+00
1.406022616412768e-02	-2.013911e+00	-2.013910e+00
1.407022616412768e-02	-2.013911e+00	-2.013910e+00
1.408022616412768e-02	-2.013912e+00	-2.013911e+00
1.409022616412768e-02	-2.013911e+00	-2.013910e+00
1.410022616412768e-02	-2.013912e+00	-2.013911e+00
1.411022616412768e-02	-2.013911e+00	-2.013911e+00
1.412022616412768e-02	-2.013912e+00	-2.013911e+00
1.413022616412768e-02	-2.013911e+00	-2.013911e+00
1.414022616412768e-02	-2.013913e+00	-2.013912e+00
1.415022616412768e-02	-2.013912e+00	-2.013911e+00
1.416022616412768e-02	-2.013913e+00	-2.013912e+00
1.417022616412768e-02	-2.013912e+00	-2.013911e+00
1.418022616412768e-02	-2.013913e+00	-2.013912e+00
1.419022616412768e-02	-2.013913e+00	-2.013912e+00
1.420022616412768e-02	-2.013913e+00	-2.013912e+00
1.421022616412768e-02	-2.013913e+00	-2.013912e+00
1.422022616412768e-02	-2.013914e+00	-2.013913e+00
1.423022616412768e-02	-2.013913e+00	-2.013912e+00
1.424022616412768e-02	-2.013914e+00	-2.013913e+00
1.425022616412768e-02	-2.013913e+00	-2.013912e+00
1.426022616412768e-02	-2.013914e+00	-2.013913e+00
1.427022616412768e-02	-2.013913e+00	-2.013912e+00
1.428022616412768e-02	-2.013914e+00	-2.013913e+00
1.429022616412768e-02	-2.013914e+00	-2.013913e+00
1.430022616412768e-02	-2.013914e+00	-2.013914e+00
1.431022616412768e-02	-2.013914e+00	-2.013913e+00
1.432022616412768e-02	-2.013915e+00	-2.013914e+00
1.433022616412768e-02	-2.013914e+00	-2.013913e+00
1.434022616412768e-02	-2.013915e+00	-2.013914e+00
1.435022616412768e-02	-2.013914e+00	-2.013913e+00
1.436022616412768e-02	-2.013915e+00	-2.013914e+00
1.437022616412768e-02	-2.013914e+00	-2.013913e+00
1.438022616412768e-02	-2.013915e+00	-2.013914e+00
1.439022616412768e-02	-2.013914e+00	-2.013913e+00
1.440022616412768e-02	-2.013915e+00	-2.013914e+00
1.441022616412768e-02	-2.013914e+00	-2.013914e+00
1.442022616412768e-02	-2.013915e+00	-2.013914e+00
1.443022616412768e-02	-2.013915e+00	-2.013914e+00
1.444022616412768e-02	-2.013915e+00	-2.013914e+00
1.445022616412768e-02	-2.013915e+00	-2.013914e+00
1.446022616412768e-02	-2.013916e+00	-2.013915e+00
1.447022616412768e-02	-2.013915e+00	-2.013914e+00
1.448022616412768e-02	-2.013916e+00	-2.013915e+00
1.449022616412768e-02	-2.013915e+00	-2.013914e+00
1.450022616412768e-02	-2.013916e+00	-2.013915e+00
1.451022616412768e-02	-2.013915e+00	-2.013914e+00
1.452022616412768e-02	-2.013916e+00	-2.013915e+00
1.453022616412768e-02	-2.013915e+00	-2.013914e+00
1.454022616412768e-02	-2.013916e+00	-2.013915e+00
1.455022616412768e-02	-2.013915e+00	-2.013915e+00
1.456022616412768e-02	-2.013916e+00	-2.013915e+00
1.457022616412768e-02	-2.013915e+00	-2.013915e+00
1.458022616412768e-02	-2.013916e+00	-2.013915e+00
1.459022616412768e-02	-2.013915e+00	-2.013915e+00
1.460022616412768e-02	-2.013916e+00	-2.013915e+00
1.461022616412768e-02	-2.013915e+00	-2.013915e+00
1.462022616412768e-02	-2.013916e+00	-2.013915e+00
1.463022616412768e-02	-2.013916e+00	-2.013915e+00
1.464022616412768e-02	-2.013916e+00	-2.013915e+00
1.465022616412768e-02	-2.013916e+00	-2.013915e+00
1.466022616412768e-02	-2.013916e+00	-2.013915e+00
1.467022616412768e-02	-2.013916e+00	-2.013915e+00
1.468022616412768e-02	-2.013916e+00	-2.013915e+00
1.469022616412768e-02	-2.013916e+00	-2.013915e+00
1.470022616412768e-02	-2.013916e+00	-2.013916e+00
1.471022616412768e-02	-2.013916e+00	-2.013915e+00
1.472022616412768e-02	-2.013916e+00	-2.013916e+00
1.473022616412768e-02	-2.013916e+00	-2.013915e+00
1.474022616412768e-02	-2.013916e+00	-2.013916e+00
1.475022616412768e-02	-2.013916e+00	-2.013915e+00
1.476022616412768e-02	-2.013916e+00	-2.013916e+00
1.477022616412768e-02	-2.013916e+00	-2.013915e+00
1.478022616412768e-02	-2.013916e+00	-2.013916e+00
1.479022616412768e-02	-2.013916e+00	-2.013915e+00
1.480022616412768e-02	-2.013916e+00	-2.013916e+00
1.481022616412768e-02	-2.013916e+00	-2.013915e+00
1.482022616412768e-02	-2.013917e+00	-2.013916e+00
1.483022616412768e-02	-2.013916e+00	-2.013915e+00
1.484022616412768e-02	-2.013917e+00	-2.013916e+00
1.485022616412768e-02	-2.013916e+00	-2.013915e+00
1.486022616412768e-02	-2.013917e+00	-2.013916e+00
1.487022616412768e-02	-2.013916e+00	-2.013915e+00
1.488022616412768e-02	-2.013917e+00	-2.013916e+00
1.489022616412768e-02	-2.013916e+00	-2.013915e+00
1.490022616412768e-02	-2.013917e+00	-2.013916e+00
1.491022616412768e-02	-2.013916e+00	-2.013915e+00
1.492022616412768e-02	-2.013917e+00	-2.013916e+00
1.493022616412768e-02	-2.013916e+00	-2.013915e+00
1.494022616412768e-02	-2.013917e+00	-2.013916e+00
1.495022616412768e-02	-2.013916e+00	-2.013915e+00
1.496022616412768e-02	-2.013917e+00	-2.013916e+00
1.497022616412768e-02	-2.013916e+00	-2.013915e+00
1.498022616412768e-02	-2.013917e+00	-2.013916e+00
1.499022616412768e-02	-2.013916e+00	-2.013916e+00
1.500022616412768e-02	-2.013917e+00	-2.013916e+00
1.501022616412768e-02	-2.013916e+00	-2.013916e+00
1.502022616412768e-02	-2.013917e+00	-2.013916e+00
1.503022616412768e-02	-2.013916e+00	-2.013916e+00
1.504022616412768e-02	-2.013917e+00	-2.013916e+00
1.505022616412768e-02	-2.013916e+00	-2.013916e+00
1.506022616412768e-02	-2.013917e+00	-2.013916e+00
1.507022616412768e-02	-2.013916e+00	-2.013916e+00
1.508022616412768e-02	-2.013917e+00	-2.013916e+00
1.509022616412768e-02	-2.013916e+00	-2.013916e+00
1.510022616412768e-02	-2.013917e+00	-2.013916e+00
1.511022616412768e-02	-2.013916e+00	-2.013916e+00
1.512022616412768e-02	-2.013917e+00	-2.013916e+00
1.513022616412768e-02	-2.013916e+00	-2.013916e+00
1.514022616412768e-02	-2.013917e+00	-2.013916e+00
1.515022616412768e-02	-2.013916e+00	-2.013916e+00
1.516022616412768e-02	-2.013917e+00	-2.013916e+00
1.517022616412768e-02	-2.013916e+00	-2.013916e+00
1.518022616412768e-02	-2.013917e+00	-2.013916e+00
1.519022616412768e-02	-2.013916e+00	-2.013916e+00
1.520022616412768e-02	-2.013917e+00	-2.013916e+00
1.521022616412768e-02	-2.013916e+00	-2.013916e+00
1.522022616412768e-02	-2.013917e+00	-2.013916e+00
1.523022616412768e-02	-2.013916e+00	-2.013916e+00
1.524022616412768e-02	-2.013917e+00	-2.013916e+00
1.525022616412768e-02	-2.013917e+00	-2.013916e+00
1.526022616412768e-02	-2.013917e+00	-2.013916e+00
1.527022616412768e-02	-2.013917e+00	-2.013916e+00
1.528022616412768e-02	-2.013917e+00	-2.013916e+00
1.529022616412768e-02	-2.013917e+00	-2.013916e+00
1.530022616412768e-02	-2.013917e+00	-2.013916e+00
1.531022616412768e-02	-2.013917e+00	-2.013916e+00
1.532022616412768e-02	-2.013917e+00	-2.013916e+00
1.533022616412768e-02	-2.013917e+00	-2.013916e+00
1.534022616412768e-02	-2.013917e+00	-2.013916e+00
1.535022616412768e-02	-2.013917e+00	-2.013916e+00
1.536022616412768e-02	-2.013917e+00	-2.013916e+00
1.537022616412768e-02	-2.013917e+00	-2.013916e+00
1.538022616412768e-02	-2.013917e+00	-2.013916e+00
1.539022616412768e-02	-2.013917e+00	-2.013916e+00
1.540022616412768e-02	-2.013917e+00	-2.013916e+00
1.541022616412768e-02	-2.013917e+00	-2.013916e+00
1.542022616412768e-02	-2.013917e+00	-2.013916e+00
1.543022616412768e-02	-2.013917e+00	-2.013916e+00
1.544022616412768e-02	-2.013917e+00	-2.013916e+00
1.545022616412768e-02	-2.013917e+00	-2.013916e+00
1.546022616412768e-02	-2.013917e+00	-2.013916e+00
1.547022616412768e-02	-2.013917e+00	-2.013916e+00
1.548022616412768e-02	-2.013917e+00	-2.013916e+00
1.549022616412768e-02	-2.013917e+00	-2.013916e+00
1.550022616412768e-02	-2.013917e+00	-2.013916e+00
1.551022616412768e-02	-2.013917e+00	-2.013916e+00
1.552022616412768e-02	-2.013917e+00	-2.013916e+00
1.553022616412768e-02	-2.013917e+00	-2.013916e+00
1.554022616412768e-02	-2.013917e+00	-2.013916e+00
1.555022616412768e-02	-2.013917e+00	-2.013916e+00
1.556022616412768e-02	-2.013917e+00	-2.013916e+00
1.557022616412768e-02	-2.013917e+00	-2.013916e+00
1.558022616412768e-02	-2.013917e+00	-2.013916e+00
1.559022616412768e-02	-2.013917e+00	-2.013916e+00
1.560022616412768e-02	-2.013917e+00	-2.013916e+00
1.561022616412768e-02	-2.013917e+00	-2.013916e+00
1.562022616412768e-02	-2.013917e+00	-2.013916e+00
1.563022616412768e-02	-2.013917e+00	-2.013916e+00
1.564022616412768e-02	-2.013917e+00	-2.013916e+00
1.565022616412768e-02	-2.013917e+00	-2.013916e+00
1.566022616412768e-02	-2.013917e+00	-2.013916e+00
1.567022616412768e-02	-2.013917e+00	-2.013916e+00
1.568022616412768e-02	-2.013917e+00	-2.013916e+00
1.569022616412768e-02	-2.013917e+00	-2.013916e+00
1.570022616412768e-02	-2.013917e+00	-2.013916e+00
1.571022616412768e-02	-2.013917e+00	-2.013916e+00
1.572022616412768e-02	-2.013917e+00	-2.013916e+00
1.573022616412768e-02	-2.013917e+00	-2.013916e+00
1.574022616412768e-02	-2.013917e+00	-2.013916e+00
1.575022616412768e-02	-2.013917e+00	-2.013916e+00
1.576022616412768e-02	-2.013917e+00	-2.013916e+00
1.577022616412768e-02	-2.013917e+00	-2.013916e+00
1.578022616412768e-02	-2.013917e+00	-2.013916e+00
1.579022616412768e-02	-2.013917e+00	-2.013916e+00
1.580022616412768e-02	-2.013917e+00	-2.013916e+00
1.581022616412768e-02	-2.013917e+00	-2.013916e+00
1.582022616412768e-02	-2.013917e+00	-2.013916e+00
1.583022616412768e-02	-2.013917e+00	-2.013916e+00
1.584022616412768e-02	-2.013917e+00	-2.013916e+00
1.585022616412768e-02	-2.013917e+00	-2.013916e+00
1.586022616412768e-02	-2.013917e+00	-2.013916e+00
1.587022616412768e-02	-2.013917e+00	-2.013916e+00
1.588022616412768e-02	-2.013917e+00	-2.013916e+00
1.589022616412768e-02	-2.013917e+00	-2.013916e+00
1.590022616412768e-02	-2.013917e+00	-2.013916e+00
1.591022616412768e-02	-2.013917e+00	-2.013916e+00
1.592022616412768e-02	-2.013917e+00	-2.013916e+00
1.593022616412768e-02	-2.013917e+00	-2.013916e+00
1.594022616412768e-02	-2.013917e+00	-2.013916e+00
1.595022616412768e-02	-2.013917e+00	-2.013916e+00
1.596022616412768e-02	-2.013917e+00	-2.013916e+00
1.597022616412768e-02	-2.013917e+00	-2.013916e+00
1.598022616412768e-02	-2.013917e+00	-2.013916e+00
1.599022616412768e-02	-2.013917e+00	-2.013916e+00
1.600022616412768e-02	-2.013917e+00	-2.013916e+00
1.601022616412768e-02	-2.013917e+00	-2.013916e+00
1.602022616412768e-02	-2.013917e+00	-2.013916e+00
1.603022616412768e-02	-2.013917e+00	-2.013916e+00
1.604022616412768e-02	-2.013917e+00	-2.013916e+00
1.605022616412768e-02	-2.013917e+00	-2.013916e+00
1.606022616412768e-02	-2.013917e+00	-2.013916e+00
1.607022616412768e-02	-2.013917e+00	-2.013916e+00
1.608022616412768e-02	-2.013917e+00	-2.013916e+00
1.609022616412768e-02	-2.013917e+00	-2.013916e+00
1.610022616412768e-02	-2.013917e+00	-2.013916e+00
1.611022616412768e-02	-2.013917e+00	-2.013916e+00
1.612022616412768e-02	-2.013917e+00	-2.013916e+00
1.613022616412768e-02	-2.013917e+00	-2.013916e+00
1.614022616412768e-02	-2.013917e+00	-2.013916e+00
1.615022616412768e-02	-2.013917e+00	-2.013916e+00
1.616022616412768e-02	-2.013917e+00	-2.013916e+00
1.617022616412768e-02	-2.013917e+00	-2.013916e+00
1.618022616412768e-02	-2.013917e+00	-2.013916e+00
1.619022616412768e-02	-2.013917e+00	-2.013916e+00
1.620022616412768e-02	-2.013917e+00	-2.013916e+00
1.621022616412768e-02	-2.013917e+00	-2.013916e+00
1.622022616412768e-02	-2.013917e+00	-2.013916e+00
1.623022616412768e-02	-2.013917e+00	-2.013916e+00
1.624022616412768e-02	-2.013917e+00	-2.013916e+00
1.625022616412768e-02	-2.013917e+00	-2.013916e+00
1.626022616412768e-02	-2.013917e+00	-2.013916e+00
1.627022616412768e-02	-2.013917e+00	-2.013916e+00
1.628022616412768e-02	-2.013917e+00	-2.013916e+00
1.629022616412768e-02	-2.013917e+00	-2.013916e+00
1.630022616412768e-02	-2.013917e+00	-2.013916e+00
1.631022616412768e-02	-2.013917e+00	-2.013916e+00
1.632022616412768e-02	-2.013917e+00	-2.013916e+00
1.633022616412768e-02	-2.013917e+00	-2.013916e+00
1.634022616412768e-02	-2.013917e+00	-2.013916e+00
1.635022616412768e-02	-2.013917e+00	-2.013916e+00
1.636022616412768e-02	-2.013917e+00	-2.013916e+00
1.637022616412768e-02	-2.013917e+00	-2.013916e+00
1.638022616412768e-02	-2.013917e+00	-2.013916e+00
1.639022616412768e-02	-2.013917e+00	-2.013916e+00
1.640022616412768e-02	-2.013917e+00	-2.013916e+00
1.641022616412768e-02	-2.013917e+00	-2.013916e+00
1.642022616412768e-02	-2.013917e+00	-2.013916e+00
1.643022616412768e-02	-2.013917e+00	-2.013916e+00
1.644022616412768e-02	-2.013917e+00	-2.013916e+00
1.645022616412768e-02	-2.013917e+00	-2.013916e+00
1.646022616412768e-02	-2.013917e+00	-2.013916e+00
1.647022616412768e-02	-2.013917e+00	-2.013916e+00
1.648022616412768e-02	-2.013917e+00	-2.013916e+00
1.649022616412768e-02	-2.013917e+00	-2.013916e+00
1.650022616412768e-02	-2.013917e+00	-2.013916e+00
1.651022616412768e-02	-2.013917e+00	-2.013916e+00
1.652022616412768e-02	-2.013917e+00	-2.013916e+00
1.653022616412768e-02	-2.013917e+00	-2.013916e+00
1.654022616412768e-02	-2.013917e+00	-2.013916e+00
1.655022616412768e-02	-2.013917e+00	-2.013916e+00
1.656022616412768e-02	-2.013917e+00	-2.013916e+00
1.657022616412768e-02	-2.013917e+00	-2.013916e+00
1.658022616412768e-02	-2.013917e+00	-2.013916e+00
1.659022616412768e-02	-2.013917e+00	-2.013916e+00
1.660022616412768e-02	-2.013917e+00	-2.013916e+00
1.661022616412768e-02	-2.013917e+00	-2.013916e+00
1.662022616412768e-02	-2.013917e+00	-2.013916e+00
1.663022616412768e-02	-2.013917e+00	-2.013916e+00
1.664022616412768e-02	-2.013917e+00	-2.013916e+00
1.665022616412768e-02	-2.013917e+00	-2.013916e+00
1.666022616412768e-02	-2.013917e+00	-2.013916e+00
1.667022616412768e-02	-2.013917e+00	-2.013916e+00
1.668022616412768e-02	-2.013917e+00	-2.013916e+00
1.669022616412768e-02	-2.013917e+00	-2.013916e+00
1.670022616412768e-02	-2.013917e+00	-2.013916e+00
1.671022616412768e-02	-2.013917e+00	-2.013916e+00
1.672022616412768e-02	-2.013917e+00	-2.013916e+00
1.673022616412768e-02	-2.013917e+00	-2.013916e+00
1.674022616412768e-02	-2.013917e+00	-2.013916e+00
1.675022616412768e-02	-2.013917e+00	-2.013916e+00
1.676022616412768e-02	-2.013917e+00	-2.013916e+00
1.677022616412768e-02	-2.013917e+00	-2.013916e+00
1.678022616412768e-02	-2.013917e+00	-2.013916e+00
1.679022616412768e-02	-2.013917e+00	-2.013916e+00
1.680022616412768e-02	-2.013917e+00	-2.013916e+00
1.681022616412768e-02	-2.013917e+00	-2.013916e+00
1.682022616412768e-02	-2.013917e+00	-2.013916e+00
1.683022616412768e-02	-2.013917e+00	-2.013916e+00
1.684022616412768e-02	-2.013917e+00	-2.013916e+00
1.685022616412768e-02	-2.013917e+00	-2.013916e+00
1.686022616412768e-02	-2.013917e+00	-2.013916e+00
1.687022616412768e-02	-2.013917e+00	-2.013916e+00
1.688022616412768e-02	-2.013917e+00	-2.013916e+00
1.689022616412768e-02	-2.013917e+00	-2.013916e+00
1.690022616412768e-02	-2.013917e+00	-2.013916e+00
1.691022616412768e-02	-2.013917e+00	-2.013916e+00
1.692022616412768e-02	-2.013917e+00	-2.013916e+00
1.693022616412768e-02	-2.013917e+00	-2.013916e+00
1.694022616412768e-02	-2.013917e+00	-2.013916e+00
1.695022616412768e-02	-2.013917e+00	-2.013916e+00
1.696022616412768e-02	-2.013917e+00	-2.013916e+00
1.697022616412768e-02	-2.013917e+00	-2.013916e+00
1.698022616412768e-02	-2.013917e+00	-2.013916e+00
1.699022616412768e-02	-2.013917e+00	-2.013916e+00
1.700022616412768e-02	-2.013917e+00	-2.013916e+00
1.701022616412768e-02	-2.013917e+00	-2.013916e+00
1.702022616412768e-02	-2.013917e+00	-2.013916e+00
1.703022616412768e-02	-2.013917e+00	-2.013916e+00
1.704022616412768e-02	-2.013917e+00	-2.013916e+00
1.705022616412768e-02	-2.013917e+00	-2.013916e+00
1.706022616412768e-02	-2.013917e+00	-2.013916e+00
1.707022616412768e-02	-2.013917e+00	-2.013916e+00
1.708022616412768e-02	-2.013917e+00	-2.013916e+00
1.709022616412768e-02	-2.013917e+00	-2.013916e+00
1.710022616412768e-02	-2.013917e+00	-2.013916e+00
1.711022616412768e-02	-2.013917e+00	-2.013916e+00
1.712022616412768e-02	-2.013917e+00	-2.013916e+00
1.713022616412768e-02	-2.013917e+00	-2.013916e+00
1.714022616412768e-02	-2.013917e+00	-2.013916e+00
1.715022616412768e-02	-2.013917e+00	-2.013916e+00
1.716022616412768e-02	-2.013917e+00	-2.013916e+00
1.717022616412768e-02	-2.013917e+00	-2.013916e+00
1.718022616412768e-02	-2.013917e+00	-2.013916e+00
1.719022616412768e-02	-2.013917e+00	-2.013916e+00
1.720022616412768e-02	-2.013917e+00	-2.013916e+00
1.721022616412768e-02	-2.013917e+00	-2.013916e+00
1.722022616412768e-02	-2.013917e+00	-2.013916e+00
1.723022616412768e-02	-2.013917e+00	-2.013916e+00
1.724022616412768e-02	-2.013917e+00	-2.013916e+00
1.725022616412768e-02	-2.013917e+00	-2.013916e+00
1.726022616412768e-02	-2.013917e+00	-2.013916e+00
1.727022616412768e-02	-2.013917e+00	-2.013916e+00
1.728022616412768e-02	-2.013917e+00	-2.013916e+00
1.729022616412768e-02	-2.013917e+00	-2.013916e+00
1.730022616412768e-02	-2.013917e+00	-2.013916e+00
1.731022616412768e-02	-2.013917e+00	-2.013916e+00
1.732022616412768e-02	-2.013917e+00	-2.013916e+00
1.733022616412768e-02	-2.013917e+00	-2.013916e+00
1.734022616412768e-02	-2.013917e+00	-2.013916e+00
1.735022616412768e-02	-2.013917e+00	-2.013916e+00
1.736022616412768e-02	-2.013917e+00	-2.013916e+00
1.737022616412768e-02	-2.013917e+00	-2.013916e+00
1.738022616412768e-02	-2.013917e+00	-2.013916e+00
1.739022616412768e-02	-2.013917e+00	-2.013916e+00
1.740022616412768e-02	-2.013917e+00	-2.013916e+00
1.741022616412768e-02	-2.013917e+00	-2.013916e+00
1.742022616412768e-02	-2.013917e+00	-2.013916e+00
1.743022616412768e-02	-2.013917e+00	-2.013916e+00
1.744022616412768e-02	-2.013917e+00	-2.013916e+00
1.745022616412768e-02	-2.013917e+00	-2.013916e+00
1.746022616412768e-02	-2.013917e+00	-2.013916e+00
1.747022616412768e-02	-2.013917e+00	-2.013916e+00
1.748022616412768e-02	-2.013917e+00	-2.013916e+00
1.749022616412768e-02	-2.013917e+00	-2.013916e+00
1.750022616412768e-02	-2.013917e+00	-2.013916e+00
1.751022616412768e-02	-2.013917e+00	-2.013916e+00
1.752022616412768e-02	-2.013917e+00	-2.013916e+00
1.753022616412768e-02	-2.013917e+00	-2.013916e+00
1.754022616412768e-02	-2.013917e+00	-2.013916e+00
1.755022616412768e-02	-2.013917e+00	-2.013916e+00
1.756022616412768e-02	-2.013917e+00	-2.013916e+00
1.757022616412768e-02	-2.013917e+00	-2.013916e+00
1.758022616412768e-02	-2.013917e+00	-2.013916e+00
1.759022616412768e-02	-2.013917e+00	-2.013916e+00
1.760022616412768e-02	-2.013917e+00	-2.013916e+00
1.761022616412768e-02	-2.013917e+00	-2.013916e+00
1.762022616412768e-02	-2.013917e+00	-2.013916e+00
1.763022616412768e-02	-2.013917e+00	-2.013916e+00
1.764022616412768e-02	-2.013917e+00	-2.013916e+00
1.765022616412768e-02	-2.013917e+00	-2.013916e+00
1.766022616412768e-02	-2.013917e+00	-2.013916e+00
1.767022616412768e-02	-2.013917e+00	-2.013916e+00
1.768022616412768e-02	-2.013917e+00	-2.013916e+00
1.769022616412768e-02	-2.013917e+00	-2.013916e+00
1.770022616412768e-02	-2.013917e+00	-2.013916e+00
1.771022616412768e-02	-2.013917e+00	-2.013916e+00
1.772022616412768e-02	-2.013917e+00	-2.013916e+00
1.773022616412768e-02	-2.013917e+00	-2.013916e+00
1.774022616412768e-02	-2.013917e+00	-2.013916e+00
1.775022616412768e-02	-2.013917e+00	-2.013916e+00
1.776022616412768e-02	-2.013917e+00	-2.013916e+00
1.777022616412768e-02	-2.013917e+00	-2.013916e+00
1.778022616412768e-02	-2.013917e+00	-2.013916e+00
1.779022616412768e-02	-2.013917e+00	-2.013916e+00
1.780022616412768e-02	-2.013917e+00	-2.013916e+00
1.781022616412768e-02	-2.013917e+00	-2.013916e+00
1.782022616412768e-02	-2.013917e+00	-2.013916e+00
1.783022616412768e-02	-2.013917e+00	-2.013916e+00
1.784022616412768e-02	-2.013917e+00	-2.013916e+00
1.785022616412768e-02	-2.013917e+00	-2.013916e+00
1.786022616412768e-02	-2.013917e+00	-2.013916e+00
1.787022616412768e-02	-2.013917e+00	-2.013916e+00
1.788022616412768e-02	-2.013917e+00	-2.013916e+00
1.789022616412768e-02	-2.013917e+00	-2.013916e+00
1.790022616412768e-02	-2.013917e+00	-2.013916e+00
1.791022616412768e-02	-2.013917e+00	-2.013916e+00
1.792022616412768e-02	-2.013917e+00	-2.013916e+00
1.793022616412768e-02	-2.013917e+00	-2.013916e+00
1.794022616412768e-02	-2.013917e+00	-2.013916e+00
1.795022616412768e-02	-2.013917e+00	-2.013916e+00
1.796022616412768e-02	-2.013917e+00	-2.013916e+00
1.797022616412768e-02	-2.013917e+00	-2.013916e+00
1.798022616412768e-02	-2.013917e+00	-2.013916e+00
1.799022616412768e-02	-2.013917e+00	-2.013916e+00
1.800022616412768e-02	-2.013917e+00	-2.013916e+00
1.801022616412768e-02	-2.013917e+00	-2.013916e+00
1.802022616412768e-02	-2.013917e+00	-2.013916e+00
1.803022616412768e-02	-2.013917e+00	-2.013916e+00
1.804022616412768e-02	-2.013917e+00	-2.013916e+00
1.805022616412768e-02	-2.013917e+00	-2.013916e+00
1.806022616412768e-02	-2.013917e+00	-2.013916e+00
1.807022616412768e-02	-2.013917e+00	-2.013916e+00
1.808022616412768e-02	-2.013917e+00	-2.013916e+00
1.809022616412768e-02	-2.013917e+00	-2.013916e+00
1.810022616412768e-02	-2.013917e+00	-2.013916e+00
1.811022616412768e-02	-2.013917e+00	-2.013916e+00
1.812022616412768e-02	-2.013917e+00	-2.013916e+00
1.813022616412768e-02	-2.013917e+00	-2.013916e+00
1.814022616412768e-02	-2.013917e+00	-2.013916e+00
1.815022616412768e-02	-2.013917e+00	-2.013916e+00
1.816022616412768e-02	-2.013917e+00	-2.013916e+00
1.817022616412768e-02	-2.013917e+00	-2.013916e+00
1.818022616412768e-02	-2.013917e+00	-2.013916e+00
1.819022616412768e-02	-2.013917e+00	-2.013916e+00
1.820022616412768e-02	-2.013917e+00	-2.013916e+00
1.821022616412768e-02	-2.013917e+00	-2.013916e+00
1.822022616412768e-02	-2.013917e+00	-2.013916e+00
1.823022616412768e-02	-2.013917e+00	-2.013916e+00
1.824022616412768e-02	-2.013917e+00	-2.013916e+00
1.825022616412768e-02	-2.013917e+00	-2.013916e+00
1.826022616412768e-02	-2.013917e+00	-2.013916e+00
1.827022616412768e-02	-2.013917e+00	-2.013916e+00
1.828022616412768e-02	-2.013917e+00	-2.013916e+00
1.829022616412768e-02	-2.013917e+00	-2.013916e+00
1.830022616412768e-02	-2.013917e+00	-2.013916e+00
1.831022616412768e-02	-2.013917e+00	-2.013916e+00
1.832022616412768e-02	-2.013917e+00	-2.013916e+00
1.833022616412768e-02	-2.013917e+00	-2.013916e+00
1.834022616412768e-02	-2.013917e+00	-2.013916e+00
1.835022616412768e-02	-2.013917e+00	-2.013916e+00
1.836022616412768e-02	-2.013917e+00	-2.013916e+00
1.837022616412768e-02	-2.013917e+00	-2.013916e+00
1.838022616412768e-02	-2.013917e+00	-2.013916e+00
1.839022616412768e-02	-2.013917e+00	-2.013916e+00
1.840022616412768e-02	-2.013917e+00	-2.013916e+00
1.841022616412768e-02	-2.013917e+00	-2.013916e+00
1.842022616412768e-02	-2.013917e+00	-2.013916e+00
1.843022616412768e-02	-2.013917e+00	-2.013916e+00
1.844022616412768e-02	-2.013917e+00	-2.013916e+00
1.845022616412768e-02	-2.013917e+00	-2.013916e+00
1.846022616412768e-02	-2.013917e+00	-2.013916e+00
1.847022616412768e-02	-2.013917e+00	-2.013916e+00
1.848022616412768e-02	-2.013917e+00	-2.013916e+00
1.849022616412768e-02	-2.013917e+00	-2.013916e+00
1.850022616412768e-02	-2.013917e+00	-2.013916e+00
1.851022616412768e-02	-2.013917e+00	-2.013916e+00
1.852022616412768e-02	-2.013917e+00	-2.013916e+00
1.853022616412768e-02	-2.013917e+00	-2.013916e+00
1.854022616412768e-02	-2.013917e+00	-2.013916e+00
1.855022616412768e-02	-2.013917e+00	-2.013916e+00
1.856022616412768e-02	-2.013917e+00	-2.013916e+00
1.857022616412768e-02	-2.013917e+00	-2.013916e+00
1.858022616412768e-02	-2.013917e+00	-2.013916e+00
1.859022616412768e-02	-2.013917e+00	-2.013916e+00
1.860022616412768e-02	-2.013917e+00	-2.013916e+00
1.861022616412768e-02	-2.013917e+00	-2.013916e+00
1.862022616412768e-02	-2.013917e+00	-2.013916e+00
1.863022616412768e-02	-2.013917e+00	-2.013916e+00
1.864022616412768e-02	-2.013917e+00	-2.013916e+00
1.865022616412768e-02	-2.013917e+00	-2.013916e+00
1.866022616412768e-02	-2.013917e+00	-2.013916e+00
1.867022616412768e-02	-2.013917e+00	-2.013916e+00
1.868022616412768e-02	-2.013917e+00	-2.013916e+00
1.869022616412768e-02	-2.013917e+00	-2.013916e+00
1.870022616412768e-02	-2.013917e+00	-2.013916e+00
1.871022616412768e-02	-2.013917e+00	-2.013916e+00
1.872022616412768e-02	-2.013917e+00	-2.013916e+00
1.873022616412768e-02	-2.013917e+00	-2.013916e+00
1.874022616412768e-02	-2.013917e+00	-2.013916e+00
1.875022616412768e-02	-2.013917e+00	-2.013916e+00
1.876022616412768e-02	-2.013917e+00	-2.013916e+00
1.877022616412768e-02	-2.013917e+00	-2.013916e+00
1.878022616412768e-02	-2.013917e+00	-2.013916e+00
1.879022616412768e-02	-2.013917e+00	-2.013916e+00
1.880022616412768e-02	-2.013917e+00	-2.013916e+00
1.881022616412768e-02	-2.013917e+00	-2.013916e+00
1.882022616412768e-02	-2.013917e+00	-2.013916e+00
1.883022616412768e-02	-2.013917e+00	-2.013916e+00
1.884022616412768e-02	-2.013917e+00	-2.013916e+00
1.885022616412768e-02	-2.013917e+00	-2.013916e+00
1.886022616412768e-02	-2.013917e+00	-2.013916e+00
1.887022616412768e-02	-2.013917e+00	-2.013916e+00
1.888022616412768e-02	-2.013917e+00	-2.013916e+00
1.889022616412768e-02	-2.013917e+00	-2.013916e+00
1.890022616412768e-02	-2.013917e+00	-2.013916e+00
1.891022616412768e-02	-2.013917e+00	-2.013916e+00
1.892022616412768e-02	-2.013917e+00	-2.013916e+00
1.893022616412768e-02	-2.013917e+00	-2.013916e+00
1.894022616412768e-02	-2.013917e+00	-2.013916e+00
1.895022616412768e-02	-2.013917e+00	-2.013916e+00
1.896022616412768e-02	-2.013917e+00	-2.013916e+00
1.897022616412768e-02	-2.013917e+00	-2.013916e+00
1.898022616412768e-02	-2.013917e+00	-2.013916e+00
1.899022616412768e-02	-2.013917e+00	-2.013916e+00
1.900022616412768e-02	-2.013917e+00	-2.013916e+00
1.901022616412768e-02	-2.013917e+00	-2.013916e+00
1.902022616412768e-02	-2.013917e+00	-2.013916e+00
1.903022616412768e-02	-2.013917e+00	-2.013916e+00
1.904022616412768e-02	-2.013917e+00	-2.013916e+00
1.905022616412768e-02	-2.013917e+00	-2.013916e+00
1.906022616412768e-02	-2.013917e+00	-2.013916e+00
1.907022616412768e-02	-2.013917e+00	-2.013916e+00
1.908022616412768e-02	-2.013917e+00	-2.013916e+00
1.909022616412768e-02	-2.013917e+00	-2.013916e+00
1.910022616412768e-02	-2.013917e+00	-2.013916e+00
1.911022616412768e-02	-2.013917e+00	-2.013916e+00
1.912022616412768e-02	-2.013917e+00	-2.013916e+00
1.913022616412768e-02	-2.013917e+00	-2.013916e+00
1.914022616412768e-02	-2.013917e+00	-2.013916e+00
1.915022616412768e-02	-2.013917e+00	-2.013916e+00
1.916022616412768e-02	-2.013917e+00	-2.013916e+00
1.917022616412768e-02	-2.013917e+00	-2.013916e+00
1.918022616412768e-02	-2.013917e+00	-2.013916e+00
1.919022616412768e-02	-2.013917e+00	-2.013916e+00
1.920022616412768e-02	-2.013917e+00	-2.013916e+00
1.921022616412768e-02	-2.013917e+00	-2.013916e+00
1.922022616412768e-02	-2.013917e+00	-2.013916e+00
1.923022616412768e-02	-2.013917e+00	-2.013916e+00
1.924022616412768e-02	-2.013917e+00	-2.013916e+00
1.925022616412768e-02	-2.013917e+00	-2.013916e+00
1.926022616412768e-02	-2.013917e+00	-2.013916e+00
1.927022616412768e-02	-2.013917e+00	-2.013916e+00
1.928022616412768e-02	-2.013917e+00	-2.013916e+00
1.929022616412768e-02	-2.013917e+00	-2.013916e+00
1.930022616412768e-02	-2.013917e+00	-2.013916e+00
1.931022616412768e-02	-2.013917e+00	-2.013916e+00
1.932022616412768e-02	-2.013917e+00	-2.013916e+00
1.933022616412768e-02	-2.013917e+00	-2.013916e+00
1.934022616412768e-02	-2.013917e+00	-2.013916e+00
1.935022616412768e-02	-2.013917e+00	-2.013916e+00
1.936022616412768e-02	-2.013917e+00	-2.013916e+00
1.937022616412768e-02	-2.013917e+00	-2.013916e+00
1.938022616412768e-02	-2.013917e+00	-2.013916e+00
1.939022616412768e-02	-2.013917e+00	-2.013916e+00
1.940022616412768e-02	-2.013917e+00	-2.013916e+00
1.941022616412768e-02	-2.013917e+00	-2.013916e+00
1.942022616412768e-02	-2.013917e+00	-2.013916e+00
1.943022616412768e-02	-2.013917e+00	-2.013916e+00
1.944022616412768e-02	-2.013917e+00	-2.013916e+00
1.945022616412768e-02	-2.013917e+00	-2.013916e+00
1.946022616412768e-02	-2.013917e+00	-2.013916e+00
1.947022616412768e-02	-2.013917e+00	-2.013916e+00
1.948022616412768e-02	-2.013917e+00	-2.013916e+00
1.949022616412768e-02	-2.013917e+00	-2.013916e+00
1.950022616412768e-02	-2.013917e+00	-2.013916e+00
1.951022616412768e-02	-2.013917e+00	-2.013916e+00
1.952022616412768e-02	-2.013917e+00	-2.013916e+00
1.953022616412768e-02	-2.013917e+00	-2.013916e+00
1.954022616412768e-02	-2.013917e+00	-2.013916e+00
1.955022616412768e-02	-2.013917e+00	-2.013916e+00
1.956022616412768e-02	-2.013917e+00	-2.013916e+00
1.957022616412768e-02	-2.013917e+00	-2.013916e+00
1.958022616412768e-02	-2.013917e+00	-2.013916e+00
1.959022616412768e-02	-2.013917e+00	-2.013916e+00
1.960022616412768e-02	-2.013917e+00	-2.013916e+00
1.961022616412768e-02	-2.013917e+00	-2.013916e+00
1.962022616412768e-02	-2.013917e+00	-2.013916e+00
1.963022616412768e-02	-2.013917e+00	-2.013916e+00
1.964022616412768e-02	-2.013917e+00	-2.013916e+00
1.965022616412768e-02	-2.013917e+00	-2.013916e+00
1.966022616412768e-02	-2.013917e+00	-2.013916e+00
1.967022616412768e-02	-2.013917e+00	-2.013916e+00
1.968022616412768e-02	-2.013917e+00	-2.013916e+00
1.969022616412768e-02	-2.013917e+00	-2.013916e+00
1.970022616412768e-02	-2.013917e+00	-2.013916e+00
1.971022616412768e-02	-2.013917e+00	-2.013916e+00
1.972022616412768e-02	-2.013917e+00	-2.013916e+00
1.973022616412768e-02	-2.013917e+00	-2.013916e+00
1.974022616412768e-02	-2.013917e+00	-2.013916e+00
1.975022616412768e-02	-2.013917e+00	-2.013916e+00
1.976022616412768e-02	-2.013917e+00	-2.013916e+00
1.977022616412768e-02	-2.013917e+00	-2.013916e+00
1.978022616412768e-02	-2.013917e+00	-2.013916e+00
1.979022616412768e-02	-2.013917e+00	-2.013916e+00
1.980022616412768e-02	-2.013917e+00	-2.013916e+00
1.981022616412768e-02	-2.013917e+00	-2.013916e+00
1.982022616412768e-02	-2.013917e+00	-2.013916e+00
1.983022616412768e-02	-2.013917e+00	-2.013916e+00
1.984022616412768e-02	-2.013917e+00	-2.013916e+00
1.985022616412768e-02	-2.013917e+00	-2.013916e+00
1.986022616412768e-02	-2.013917e+00	-2.013916e+00
1.987022616412768e-02	-2.013917e+00	-2.013916e+00
1.988022616412768e-02	-2.013917e+00	-2.013916e+00
1.989022616412768e-02	-2.013917e+00	-2.013916e+00
1.990022616412768e-02	-2.013917e+00	-2.013916e+00
1.991022616412768e-02	-2.013917e+00	-2.013916e+00
1.992022616412768e-02	-2.013917e+00	-2.013916e+00
1.993022616412768e-02	-2.013917e+00	-2.013916e+00
1.994022616412768e-02	-2.013917e+00	-2.013916e+00
1.995022616412768e-02	-2.013917e+00	-2.013916e+00
1.996022616412768e-02	-2.013917e+00	-2.013916e+00
1.997022616412768e-02	-2.013917e+00	-2.013916e+00
1.998022616412768e-02	-2.013917e+00	-2.013916e+00
1.999022616412768e-02	-2.013917e+00	-2.013916e+00
2.000000000000000e-02	-2.013916e+00	-2.013916e+00
2.000000000100000e-02	-2.013916e+00	-2.013916e+00
2.000000000200000e-02	-2.013916e+00	-2.013916e+00
2.000000000295623e-02	-2.013916e+00	-2.013916e+00
2.000000000459962e-02	-2.013916e+00	-2.013916e+00
2.000000000727249e-02	-2.013916e+00	-2.013916e+00
2.000000001261821e-02	-2.013916e+00	-2.013916e+00
2.000000002173444e-02	-2.013917e+00	-2.013916e+00
2.000000003151299e-02	-2.013917e+00	-2.013916e+00
2.000000004393340e-02	-2.013917e+00	-2.013916e+00
2.000000005971564e-02	-2.013917e+00	-2.013916e+00
2.000000008111158e-02	-2.013917e+00	-2.013916e+00
2.000000010747908e-02	-2.013917e+00	-2.013916e+00
2.000000014253089e-02	-2.013917e+00	-2.013916e+00
2.000000018235442e-02	-2.013917e+00	-2.013916e+00
2.000000023564380e-02	-2.013917e+00	-2.013916e+00
2.000000030145443e-02	-2.013917e+00	-2.013916e+00
2.000000040466994e-02	-2.013917e+00	-2.013916e+00
2.000000056294922e-02	-2.013917e+00	-2.013916e+00
2.000000087950778e-02	-2.013917e+00	-2.013916e+00
2.000000151262489e-02	-2.013917e+00	-2.013916e+00
2.000000277885913e-02	-2.013917e+00	-2.013916e+00
2.000000531132759e-02	-2.013918e+00	-2.013917e+00
2.000000910184930e-02	-2.013918e+00	-2.013917e+00
2.000001660203668e-02	-2.013917e+00	-2.013917e+00
2.000002454158912e-02	-2.013918e+00	-2.013917e+00
2.000003311422450e-02	-2.013918e+00	-2.013917e+00
2.000004153066575e-02	-2.013918e+00	-2.013917e+00
2.000004951487094e-02	-2.013918e+00	-2.013917e+00
2.000005771191379e-02	-2.013918e+00	-2.013917e+00
2.000006587112100e-02	-2.013918e+00	-2.013917e+00
2.000007418948328e-02	-2.013918e+00	-2.013917e+00
2.000008285735221e-02	-2.013918e+00	-2.013918e+00
2.000009197934474e-02	-2.013918e+00	-2.013917e+00
2.000010184625722e-02	-2.013918e+00	-2.013918e+00
2.000011278395583e-02	-2.013918e+00	-2.013918e+00
2.000012528360494e-02	-2.013918e+00	-2.013917e+00
2.000014011050083e-02	-2.013918e+00	-2.013917e+00
2.000015847330537e-02	-2.013918e+00	-2.013917e+00
2.000018241686296e-02	-2.013916e+00	-2.013915e+00
2.000021562792948e-02	-2.013914e+00	-2.013913e+00
2.000026529114960e-02	-2.013918e+00	-2.013917e+00
2.000028385272930e-02	-2.013921e+00	-2.013920e+00
2.000030082197345e-02	-2.013922e+00	-2.013921e+00
2.000030795282996e-02	-2.013922e+00	-2.013921e+00
2.000031521772593e-02	-2.013923e+00	-2.013922e+00
2.000032227347461e-02	-2.013923e+00	-2.013922e+00
2.000033031243491e-02	-2.013923e+00	-2.013922e+00
2.000034639035551e-02	-2.013922e+00	-2.013922e+00
2.000036726216461e-02	-2.013923e+00	-2.013922e+00
2.000040900578283e-02	-2.013930e+00	-2.013930e+00
2.000046146895759e-02	-2.013947e+00	-2.013946e+00
2.000048982902455e-02	-2.013956e+00	-2.013955e+00
2.000051141524575e-02	-2.013970e+00	-2.013969e+00
2.000053267920334e-02	-2.013981e+00	-2.013980e+00
2.000055283909722e-02	-2.013954e+00	-2.013953e+00
2.000056231238981e-02	-2.013936e+00	-2.013936e+00
2.000056873884785e-02	-2.013931e+00	-2.013930e+00
2.000057205347200e-02	-2.013929e+00	-2.013928e+00
2.000057457357662e-02	-2.013928e+00	-2.013928e+00
2.000057566347505e-02	-2.013928e+00	-2.013927e+00
2.000057682331507e-02	-2.013928e+00	-2.013927e+00
2.000057714566633e-02	-2.013928e+00	-2.013927e+00
2.000057746744442e-02	-2.013928e+00	-2.013927e+00
2.000057786694379e-02	-2.013928e+00	-2.013927e+00
2.000057866594255e-02	-2.013928e+00	-2.013927e+00
2.000058026394005e-02	-2.013929e+00	-2.013928e+00
2.000058345993505e-02	-2.013931e+00	-2.013930e+00
2.000058985192505e-02	-2.013940e+00	-2.013939e+00
2.000060263590506e-02	-2.013974e+00	-2.013974e+00
2.000062820386508e-02	-2.014107e+00	-2.014106e+00
2.000067933978511e-02	-2.014184e+00	-2.014183e+00
2.000071808377476e-02	-2.014102e+00	-2.014101e+00
2.000075748218975e-02	-2.014060e+00	-2.014059e+00
2.000079168843623e-02	-2.013985e+00	-2.013984e+00
2.000081158180327e-02	-2.013936e+00	-2.013935e+00
2.000081780560618e-02	-2.013929e+00	-2.013929e+00
2.000082365294473e-02	-2.013930e+00	-2.013929e+00
2.000083090700750e-02	-2.013930e+00	-2.013929e+00
2.000083758522609e-02	-2.013929e+00	-2.013928e+00
2.000084367006870e-02	-2.013934e+00	-2.013933e+00
2.000085583975393e-02	-2.013963e+00	-2.013962e+00
2.000087428106986e-02	-2.014040e+00	-2.014039e+00
2.000089857358003e-02	-2.014203e+00	-2.014202e+00
2.000093550307293e-02	-2.014295e+00	-2.014294e+00
2.000096924660413e-02	-2.014288e+00	-2.014288e+00
2.000101576838469e-02	-2.014247e+00	-2.014246e+00
2.000106508099537e-02	-2.013975e+00	-2.013974e+00
2.000110134678946e-02	-2.013761e+00	-2.013760e+00
2.000114662521752e-02	-2.013403e+00	-2.013403e+00
2.000120590949697e-02	-2.013064e+00	-2.013063e+00
2.000126682102388e-02	-2.013222e+00	-2.013221e+00
2.000131464744827e-02	-2.013447e+00	-2.013446e+00
2.000135787101395e-02	-2.013506e+00	-2.013505e+00
2.000140491548973e-02	-2.013546e+00	-2.013545e+00
2.000144977179225e-02	-2.013595e+00	-2.013594e+00
2.000149718700205e-02	-2.013625e+00	-2.013624e+00
2.000154516095938e-02	-2.013658e+00	-2.013658e+00
2.000159452643793e-02	-2.013685e+00	-2.013685e+00
2.000164487467093e-02	-2.013709e+00	-2.013708e+00
2.000169641791038e-02	-2.013728e+00	-2.013727e+00
2.000174919791614e-02	-2.013742e+00	-2.013742e+00
2.000180362605510e-02	-2.013753e+00	-2.013752e+00
2.000186035672306e-02	-2.013760e+00	-2.013759e+00
2.000192077200370e-02	-2.013763e+00	-2.013762e+00
2.000198754524623e-02	-2.013763e+00	-2.013762e+00
2.000206656626819e-02	-2.013761e+00	-2.013761e+00
2.000217402394872e-02	-2.013777e+00	-2.013777e+00
2.000230983358289e-02	-2.013822e+00	-2.013821e+00
2.000248256514401e-02	-2.013859e+00	-2.013858e+00
2.000264872447882e-02	-2.013869e+00	-2.013869e+00
2.000290634917956e-02	-2.013868e+00	-2.013867e+00
2.000321278047883e-02	-2.013818e+00	-2.013817e+00
2.000349499346337e-02	-2.013758e+00	-2.013758e+00
2.000370393045392e-02	-2.013703e+00	-2.013702e+00
2.000383285524700e-02	-2.013663e+00	-2.013662e+00
2.000393372256835e-02	-2.013627e+00	-2.013627e+00
2.000404655257322e-02	-2.013584e+00	-2.013583e+00
2.000414258594329e-02	-2.013544e+00	-2.013543e+00
2.000424729683799e-02	-2.013496e+00	-2.013495e+00
2.000439443478179e-02	-2.013421e+00	-2.013421e+00
2.000451865847452e-02	-2.013353e+00	-2.013352e+00
2.000461379994518e-02	-2.013296e+00	-2.013295e+00
2.000469825857997e-02	-2.013243e+00	-2.013242e+00
2.000477460080945e-02	-2.013193e+00	-2.013192e+00
2.000485716542028e-02	-2.013137e+00	-2.013136e+00
2.000493753482062e-02	-2.013079e+00	-2.013078e+00
2.000502224093729e-02	-2.013013e+00	-2.013015e+00
2.000512467931460e-02	-2.012905e+00	-2.012936e+00
2.000526124988476e-02	-2.012659e+00	-2.012824e+00
2.000540886570404e-02	-2.012188e+00	-2.012695e+00
2.000555061888024e-02	-2.011445e+00	-2.012565e+00
2.000569110772547e-02	-2.010323e+00	-2.012430e+00
2.000584666361872e-02	-2.008533e+00	-2.012272e+00
2.000603573782502e-02	-2.005549e+00	-2.012070e+00
2.000621490552718e-02	-2.001829e+00	-2.011869e+00
2.000639734173750e-02	-1.996846e+00	-2.011653e+00
2.000671195420087e-02	-1.985753e+00	-2.011259e+00
2.000704893418455e-02	-1.970675e+00	-2.010808e+00
2.000743166282775e-02	-1.949708e+00	-2.010263e+00
2.000773198129493e-02	-1.930719e+00	-2.009813e+00
2.000790544786712e-02	-1.918588e+00	-2.009544e+00
2.000807619389013e-02	-1.905797e+00	-2.009272e+00
2.000826981775579e-02	-1.890512e+00	-2.008956e+00
2.000847683691945e-02	-1.873378e+00	-2.008611e+00
2.000867381171832e-02	-1.856350e+00	-2.008275e+00
2.000888561201305e-02	-1.837305e+00	-2.007907e+00
2.000910945363062e-02	-1.816429e+00	-2.007510e+00
2.000938365820727e-02	-1.789940e+00	-2.007013e+00
2.000969439673336e-02	-1.758837e+00	-2.006436e+00
2.001012957636131e-02	-1.713653e+00	-2.005608e+00
2.001069818332021e-02	-1.652131e+00	-2.004493e+00
2.001183539723801e-02	-1.523792e+00	-2.002177e+00
2.001308597470302e-02	-1.377326e+00	-1.999534e+00
2.001399000255799e-02	-1.267735e+00	-1.997571e+00
2.001461968106117e-02	-1.188689e+00	-1.996184e+00
2.001506047341490e-02	-1.130828e+00	-1.995206e+00
2.001537788921109e-02	-1.086247e+00	-1.994498e+00
2.001560904671317e-02	-1.050123e+00	-1.993982e+00
2.001577531454617e-02	-1.018810e+00	-1.993609e+00
2.001592456327573e-02	-9.841621e-01	-1.993275e+00
2.001607446011874e-02	-9.462028e-01	-1.992938e+00
2.001624673111545e-02	-9.042444e-01	-1.992551e+00
2.001642189314690e-02	-8.645718e-01	-1.992157e+00
2.001668290987374e-02	-8.090019e-01	-1.991569e+00
2.001689068310520e-02	-7.668557e-01	-1.991100e+00
2.001706604632646e-02	-7.326465e-01	-1.990703e+00
2.001721890845662e-02	-7.037027e-01	-1.990358e+00
2.001736720408914e-02	-6.764452e-01	-1.990022e+00
2.001752311489400e-02	-6.487782e-01	-1.989668e+00
2.001767179474209e-02	-6.235969e-01	-1.989331e+00
2.001784131293862e-02	-5.966110e-01	-1.988947e+00
2.001803778325890e-02	-5.678513e-01	-1.988501e+00
2.001834863178061e-02	-5.263152e-01	-1.987795e+00
2.001860296618888e-02	-4.950166e-01	-1.987216e+00
2.001888855525645e-02	-4.622509e-01	-1.986566e+00
2.001920632041136e-02	-4.275634e-01	-1.985842e+00
2.001952743353807e-02	-3.935497e-01	-1.985110e+00
2.001982725864635e-02	-3.617599e-01	-1.984426e+00
2.002018398447316e-02	-3.234894e-01	-1.983612e+00
2.002051463059860e-02	-2.887177e-01	-1.982858e+00
2.002117592284947e-02	-2.228825e-01	-1.981347e+00
2.002164349590253e-02	-1.799664e-01	-1.980277e+00
2.002191044907230e-02	-1.566017e-01	-1.979666e+00
2.002209756416156e-02	-1.408472e-01	-1.979238e+00
2.002221585383020e-02	-1.341040e-01	-1.978967e+00
2.002229521345899e-02	-1.299882e-01	-1.978786e+00
2.002235346348941e-02	-1.261294e-01	-1.978652e+00
2.002242210224231e-02	-1.220024e-01	-1.978495e+00
2.002247901653085e-02	-1.185977e-01	-1.978259e+00
2.002254898696033e-02	-1.146560e-01	-1.976885e+00
2.002265265429344e-02	-1.090155e-01	-1.976472e+00
2.002276126540563e-02	-1.034565e-01	-1.977683e+00
2.002287827737037e-02	-9.779119e-02	-1.977440e+00
2.002301200758793e-02	-9.177709e-02	-1.977219e+00
2.002319071891819e-02	-8.436918e-02	-1.976779e+00
2.002343813489069e-02	-7.516789e-02	-1.976332e+00
2.002374500562416e-02	-6.520176e-02	-1.975660e+00
2.002415299370100e-02	-5.686998e-02	-1.974911e+00
2.002423177471726e-02	-5.231476e-02	-1.974709e+00
2.002430930822152e-02	-4.997158e-02	-1.974594e+00
2.002433010584157e-02	-4.975486e-02	-1.974536e+00
2.002433920360344e-02	-4.952693e-02	-1.974524e+00
2.002434308827149e-02	-4.950666e-02	-1.974516e+00
2.002434557994105e-02	-4.945946e-02	-1.974511e+00
2.002434814788955e-02	-4.942393e-02	-1.974506e+00
2.002435081811091e-02	-4.938579e-02	-1.974501e+00
2.002435572211205e-02	-4.931736e-02	-1.974491e+00
2.002436230469399e-02	-4.922819e-02	-1.974479e+00
2.002437356140635e-02	-4.908395e-02	-1.974457e+00
2.002439584657209e-02	-4.881549e-02	-1.974414e+00
2.002440658987829e-02	-4.869437e-02	-1.974393e+00
2.002441459739062e-02	-4.861116e-02	-1.974378e+00
2.002442450486901e-02	-4.851341e-02	-1.974359e+00
2.002443120597472e-02	-4.845119e-02	-1.974346e+00
2.002444021188348e-02	-4.837227e-02	-1.974329e+00
2.002444888864296e-02	-4.830194e-02	-1.974312e+00
2.002446307763147e-02	-4.819727e-02	-1.974285e+00
2.002447673297693e-02	-4.810929e-02	-1.974259e+00
2.002449744260889e-02	-4.800081e-02	-1.974220e+00
2.002451947263738e-02	-4.791903e-02	-1.974178e+00
2.002455326844780e-02	-4.785991e-02	-1.974113e+00
2.002458751926124e-02	-4.788852e-02	-1.974048e+00
2.002463696336822e-02	-4.805923e-02	-1.974063e+00
2.002465594102560e-02	-4.816890e-02	-1.974070e+00
2.002466633263076e-02	-4.824972e-02	-1.974026e+00
2.002467962950065e-02	-4.836774e-02	-1.973915e+00
2.002468530605688e-02	-4.842305e-02	-1.973886e+00
2.002469421674932e-02	-4.851794e-02	-1.973879e+00
2.002470344346865e-02	-4.862475e-02	-1.973871e+00
2.002471763218721e-02	-4.880619e-02	-1.973863e+00
2.002473337931956e-02	-4.903316e-02	-1.973856e+00
2.002475537967420e-02	-4.939651e-02	-1.973852e+00
2.002478010198112e-02	-4.987669e-02	-1.973854e+00
2.002481500033631e-02	-5.069232e-02	-1.973868e+00
2.002485369677082e-02	-5.181408e-02	-1.973897e+00
2.002490394719624e-02	-5.367947e-02	-1.973957e+00
2.002495965637793e-02	-5.646491e-02	-1.974052e+00
2.002503191725632e-02	-6.185293e-02	-1.974223e+00
2.002513013693234e-02	-7.302928e-02	-1.974518e+00
2.002519030456805e-02	-8.355737e-02	-1.974735e+00
2.002523406427370e-02	-9.458184e-02	-1.974917e+00
2.002528072349474e-02	-1.091821e-01	-1.975133e+00
2.002533209225191e-02	-1.265421e-01	-1.975388e+00
2.002535338539979e-02	-1.336172e-01	-1.975500e+00
2.002537766451284e-02	-1.413577e-01	-1.975634e+00
2.002540557485858e-02	-1.499248e-01	-1.975795e+00
2.002543717629237e-02	-1.592247e-01	-1.975984e+00
2.002547135912126e-02	-1.688616e-01	-1.976198e+00
2.002551457013316e-02	-1.805131e-01	-1.976482e+00
2.002556051383301e-02	-1.924152e-01	-1.976797e+00
2.002558385793191e-02	-1.982496e-01	-1.976964e+00
2.002560715099898e-02	-2.038896e-01	-1.977136e+00
2.002563625430736e-02	-2.107396e-01	-1.977356e+00
2.002566884587102e-02	-2.181790e-01	-1.977610e+00
2.002570021439139e-02	-2.250872e-01	-1.977863e+00
2.002573978729351e-02	-2.334547e-01	-1.978193e+00
2.002578283142402e-02	-2.421241e-01	-1.978564e+00
2.002583670301797e-02	-2.523241e-01	-1.979049e+00
2.002589880750201e-02	-2.632823e-01	-1.979630e+00
2.002594328391873e-02	-2.705698e-01	-1.980061e+00
2.002596753502496e-02	-2.742786e-01	-1.980302e+00
2.002598142253647e-02	-2.762897e-01	-1.980442e+00
2.002599309921537e-02	-2.779095e-01	-1.980561e+00
2.002600534952281e-02	-2.795546e-01	-1.980687e+00
2.002600877142610e-02	-2.800012e-01	-1.980723e+00
2.002601361080796e-02	-2.806184e-01	-1.980773e+00
2.002601678623791e-02	-2.810168e-01	-1.980806e+00
2.002602070750131e-02	-2.815001e-01	-1.980847e+00
2.002602438804143e-02	-2.819457e-01	-1.980885e+00
2.002602862178257e-02	-2.824476e-01	-1.980929e+00
2.002603279409909e-02	-2.829316e-01	-1.980973e+00
2.002603694836175e-02	-2.834010e-01	-1.981017e+00
2.002604110278158e-02	-2.838581e-01	-1.981061e+00
2.002604536282317e-02	-2.843130e-01	-1.981106e+00
2.002604967241451e-02	-2.847576e-01	-1.981152e+00
2.002605402293087e-02	-2.851892e-01	-1.981198e+00
2.002605865119151e-02	-2.856271e-01	-1.981248e+00
2.002606412676403e-02	-2.861147e-01	-1.981306e+00
2.002607044179753e-02	-2.866311e-01	-1.981374e+00
2.002607784520859e-02	-2.871633e-01	-1.981454e+00
2.002608672793662e-02	-2.876737e-01	-1.981551e+00
2.002609770278750e-02	-2.880514e-01	-1.981670e+00
2.002611171396532e-02	-2.879469e-01	-1.981825e+00
2.002613041557657e-02	-2.866957e-01	-1.982032e+00
2.002614262295793e-02	-2.849348e-01	-1.982169e+00
2.002615654500555e-02	-2.820067e-01	-1.982326e+00
2.002616085155134e-02	-2.809443e-01	-1.982375e+00
2.002616465731965e-02	-2.799308e-01	-1.982418e+00
2.002616981334945e-02	-2.785242e-01	-1.982477e+00
2.002617276219631e-02	-2.777061e-01	-1.982511e+00
2.002617769741653e-02	-2.763236e-01	-1.982567e+00
2.002618204293876e-02	-2.751009e-01	-1.982617e+00
2.002618666715086e-02	-2.737985e-01	-1.982671e+00
2.002619088042798e-02	-2.726140e-01	-1.982719e+00
2.002619549301381e-02	-2.713215e-01	-1.982773e+00
2.002619966362704e-02	-2.701583e-01	-1.982821e+00
2.002620423136152e-02	-2.688918e-01	-1.982874e+00
2.002620840777736e-02	-2.677410e-01	-1.982923e+00
2.002621347538923e-02	-2.663548e-01	-1.982982e+00
2.002621880297348e-02	-2.649095e-01	-1.983045e+00
2.002622556080701e-02	-2.630942e-01	-1.983124e+00
2.002623281023285e-02	-2.611697e-01	-1.983210e+00
2.002624229641066e-02	-2.586877e-01	-1.983322e+00
2.002625321607355e-02	-2.558815e-01	-1.983453e+00
2.002626851548976e-02	-2.520392e-01	-1.983637e+00
2.002628793398837e-02	-2.473164e-01	-1.983872e+00
2.002631969373889e-02	-2.399457e-01	-1.984263e+00
2.002636843650305e-02	-2.294736e-01	-1.984878e+00
2.002646592203136e-02	-2.106893e-01	-1.986150e+00
2.002657192704032e-02	-1.930952e-01	-1.987595e+00
2.002672720741120e-02	-1.717851e-01	-1.989828e+00
2.002690172932613e-02	-1.525707e-01	-1.992490e+00
2.002712648410091e-02	-1.326630e-01	-1.996103e+00
2.002721644663225e-02	-1.260054e-01	-1.997608e+00
2.002727428996827e-02	-1.222646e-01	-1.998605e+00
2.002731498733053e-02	-1.197987e-01	-1.999316e+00
2.002734661021649e-02	-1.179669e-01	-1.999874e+00
2.002737202738814e-02	-1.165435e-01	-2.000325e+00
2.002739452026878e-02	-1.153185e-01	-2.000728e+00
2.002741575887318e-02	-1.141901e-01	-2.001110e+00
2.002743814811223e-02	-1.130278e-01	-2.001514e+00
2.002746188980939e-02	-1.118224e-01	-2.001946e+00
2.002748538927832e-02	-1.106546e-01	-2.002375e+00
2.002750932058176e-02	-1.094861e-01	-2.002815e+00
2.002753336430254e-02	-1.083269e-01	-2.003259e+00
2.002755777661089e-02	-1.071546e-01	-2.003712e+00
2.002758268032263e-02	-1.059463e-01	-2.004177e+00
2.002760849546070e-02	-1.046543e-01	-2.004662e+00
2.002763588257321e-02	-1.032107e-01	-2.005179e+00
2.002765951411718e-02	-1.018736e-01	-2.005627e+00
2.002768235002696e-02	-1.004741e-01	-2.006063e+00
2.002770648198847e-02	-9.887648e-02	-2.006525e+00
2.002773005500745e-02	-9.720469e-02	-2.006979e+00
2.002775403116592e-02	-9.540582e-02	-2.007443e+00
2.002777808378733e-02	-9.352565e-02	-2.007910e+00
2.002780249196977e-02	-9.156370e-02	-2.008387e+00
2.002782738091438e-02	-8.953047e-02	-2.008875e+00
2.002785316143630e-02	-8.741069e-02	-2.009383e+00
2.002788048507010e-02	-8.516932e-02	-2.009925e+00
2.002791069720529e-02	-8.271670e-02	-2.010526e+00
2.002794675175822e-02	-7.985115e-02	-2.011249e+00
2.002799727984491e-02	-7.597232e-02	-2.012270e+00
2.002805959231312e-02	-7.142186e-02	-2.013540e+00
2.002812503404349e-02	-6.697226e-02	-2.014890e+00
2.002821606611119e-02	-6.136894e-02	-2.016792e+00
2.002834313901900e-02	-5.449843e-02	-2.019490e+00
2.002848333864125e-02	-4.807711e-02	-2.022521e+00
2.002864393393909e-02	-4.211783e-02	-2.026067e+00
2.002885978226952e-02	-3.597236e-02	-2.030949e+00
2.002915560041323e-02	-2.990389e-02	-2.037817e+00
2.002948386035546e-02	-2.532029e-02	-2.045641e+00
2.002979346034393e-02	-2.248335e-02	-2.053204e+00
2.003010731312831e-02	-2.058554e-02	-2.061036e+00
2.003042762514112e-02	-1.926875e-02	-2.069173e+00
2.003077120405944e-02	-1.828361e-02	-2.078034e+00
2.003112203501875e-02	-1.755905e-02	-2.087197e+00
2.003147997409015e-02	-1.700401e-02	-2.096640e+00
2.003180847555144e-02	-1.660609e-02	-2.105372e+00
2.003220048438101e-02	-1.622868e-02	-2.115852e+00
2.003279125217188e-02	-1.578069e-02	-2.131694e+00
2.003368129376864e-02	-1.525807e-02	-2.155512e+00
2.003466501007285e-02	-1.481271e-02	-2.181592e+00
2.003560541704940e-02	-1.447916e-02	-2.206077e+00
2.003664371943631e-02	-1.417851e-02	-2.232442e+00
2.003758386235107e-02	-1.394749e-02	-2.255585e+00
2.003858215015571e-02	-1.373339e-02	-2.279327e+00
2.003940687840036e-02	-1.357293e-02	-2.298330e+00
2.003981412800713e-02	-1.349878e-02	-2.307463e+00
2.004011863207676e-02	-1.344562e-02	-2.314155e+00
2.004038627443542e-02	-1.340032e-02	-2.319952e+00
2.004066682754863e-02	-1.335359e-02	-2.325947e+00
2.004096911080447e-02	-1.330471e-02	-2.332317e+00
2.004126961356186e-02	-1.325703e-02	-2.338557e+00
2.004157965716097e-02	-1.320815e-02	-2.344911e+00
2.004169897339528e-02	-1.306129e-02	-2.347330e+00
2.004177540808788e-02	-1.266336e-02	-2.348869e+00
2.004183005175304e-02	-1.210022e-02	-2.349963e+00
2.004191191962933e-02	-1.104045e-02	-2.351596e+00
2.004201047313553e-02	-9.737492e-03	-2.353554e+00
2.004207799823204e-02	-8.886337e-03	-2.354888e+00
2.004216131489526e-02	-7.916451e-03	-2.356527e+00
2.004224179556971e-02	-7.069588e-03	-2.358102e+00
2.004234933448396e-02	-6.072998e-03	-2.360194e+00
2.004246423109879e-02	-5.164623e-03	-2.362412e+00
2.004262199049342e-02	-4.150152e-03	-2.365428e+00
2.004281548922792e-02	-3.203154e-03	-2.369077e+00
2.004311087632638e-02	-2.200127e-03	-2.374531e+00
2.004348052520473e-02	-1.401663e-03	-2.381157e+00
2.004386884369961e-02	-9.155273e-04	-2.387825e+00
2.004432348655956e-02	-6.031990e-04	-2.395185e+00
2.004484901671937e-02	-4.050732e-04	-2.403080e+00
2.004541078561539e-02	-2.882481e-04	-2.410794e+00
2.004610274907848e-02	-2.076626e-04	-2.419371e+00
2.004705286594522e-02	-1.442432e-04	-2.429934e+00
2.004828765393806e-02	-9.775162e-05	-2.442207e+00
2.004986805491894e-02	-6.461143e-05	-2.456262e+00
2.005159183953808e-02	-4.410744e-05	-2.470020e+00
2.005348490167249e-02	-3.123283e-05	-2.483534e+00
2.005586715553314e-02	-2.145767e-05	-2.498587e+00
2.005891959055872e-02	-1.430511e-05	-2.515307e+00
2.006271411517076e-02	-9.298325e-06	-2.532839e+00
2.006684094294663e-02	-6.198883e-06	-2.548330e+00
2.007194731995716e-02	-4.053116e-06	-2.563135e+00
2.007816040637615e-02	-2.622604e-06	-2.576200e+00
2.008499377590870e-02	-1.430511e-06	-2.585782e+00
2.009138941450946e-02	-1.192093e-06	-2.591063e+00
2.009786922563020e-02	-7.152557e-07	-2.593466e+00
2.010529641522504e-02	-2.384186e-07	-2.593615e+00
2.011388725479558e-02	-2.384186e-07	-2.591432e+00
2.012388725479558e-02	0.000000e+00	-2.586885e+00
2.013388725479558e-02	0.000000e+00	-2.581078e+00
2.014388725479558e-02	0.000000e+00	-2.574676e+00
2.015388725479558e-02	0.000000e+00	-2.568225e+00
2.016388725479558e-02	0.000000e+00	-2.562121e+00
2.017388725479557e-02	0.000000e+00	-2.556656e+00
2.018388725479557e-02	0.000000e+00	-2.552056e+00
2.019388725479558e-02	0.000000e+00	-2.548493e+00
2.020388725479558e-02	0.000000e+00	-2.545954e+00
2.021388725479558e-02	0.000000e+00	-2.544143e+00
2.022388725479558e-02	0.000000e+00	-2.542753e+00
2.023388725479558e-02	0.000000e+00	-2.541630e+00
2.024388725479558e-02	0.000000e+00	-2.540697e+00
2.025388725479558e-02	0.000000e+00	-2.539896e+00
2.026388725479557e-02	0.000000e+00	-2.539186e+00
2.027388725479557e-02	0.000000e+00	-2.538539e+00
2.028388725479558e-02	0.000000e+00	-2.537930e+00
2.029388725479558e-02	0.000000e+00	-2.537343e+00
2.030388725479558e-02	0.000000e+00	-2.536763e+00
2.031388725479558e-02	0.000000e+00	-2.536172e+00
2.032388725479558e-02	0.000000e+00	-2.535553e+00
2.033388725479558e-02	0.000000e+00	-2.534871e+00
2.034388725479557e-02	0.000000e+00	-2.534063e+00
2.035388725479557e-02	0.000000e+00	-2.532930e+00
2.036388725479558e-02	0.000000e+00	-2.530885e+00
2.036988440894770e-02	0.000000e+00	-2.528040e+00
2.037244819462658e-02	0.000000e+00	-2.525126e+00
2.037357313423126e-02	0.000000e+00	-2.522674e+00
2.037436150747724e-02	0.000000e+00	-2.520270e+00
2.037467575743385e-02	0.000000e+00	-2.519176e+00
2.037493446576348e-02	0.000000e+00	-2.518227e+00
2.037520966472687e-02	0.000000e+00	-2.517197e+00
2.037547451296383e-02	0.000000e+00	-2.516195e+00
2.037576013113450e-02	0.000000e+00	-2.515108e+00
2.037602530548420e-02	0.000000e+00	-2.514097e+00
2.037628004540459e-02	0.000000e+00	-2.513125e+00
2.037654139889642e-02	0.000000e+00	-2.512131e+00
2.037678361148670e-02	0.000000e+00	-2.511211e+00
2.037701458112711e-02	0.000000e+00	-2.510338e+00
2.037726002973424e-02	0.000000e+00	-2.509413e+00
2.037754023725806e-02	0.000000e+00	-2.508363e+00
2.037784579694610e-02	0.000000e+00	-2.507224e+00
2.037820764841289e-02	0.000000e+00	-2.505883e+00
2.037861229250465e-02	0.000000e+00	-2.504396e+00
2.037913638624119e-02	0.000000e+00	-2.502487e+00
2.037970940885277e-02	0.000000e+00	-2.500426e+00
2.038085545407594e-02	0.000000e+00	-2.496370e+00
2.038191388898839e-02	0.000000e+00	-2.492710e+00
2.038403075881332e-02	0.000000e+00	-2.485642e+00
2.038730001281236e-02	0.000000e+00	-2.475213e+00
2.039101850837544e-02	0.000000e+00	-2.464049e+00
2.039579840885168e-02	0.000000e+00	-2.450507e+00
2.039912046247741e-02	0.000000e+00	-2.441023e+00
2.040112967932156e-02	0.000000e+00	-2.434545e+00
2.040265580127735e-02	0.000000e+00	-2.428856e+00
2.040442006847794e-02	0.000000e+00	-2.421633e+00
2.040604812564833e-02	0.000000e+00	-2.414504e+00
2.040773101107253e-02	0.000000e+00	-2.406696e+00
2.040992876840309e-02	0.000000e+00	-2.395996e+00
2.041214222446058e-02	0.000000e+00	-2.384708e+00
2.041596055653077e-02	0.000000e+00	-2.364397e+00
2.041954707132367e-02	0.000000e+00	-2.344601e+00
2.042510974948478e-02	0.000000e+00	-2.312922e+00
2.043116214789309e-02	0.000000e+00	-2.277707e+00
2.044116214789309e-02	0.000000e+00	-2.218834e+00
2.045079316236961e-02	0.000000e+00	-2.162160e+00
2.046079316236961e-02	0.000000e+00	-2.103892e+00
2.047079316236961e-02	0.000000e+00	-2.046595e+00
2.048079316236961e-02	0.000000e+00	-1.990497e+00
2.049079316236961e-02	0.000000e+00	-1.935723e+00
2.050079316236961e-02	0.000000e+00	-1.882344e+00
2.051079316236961e-02	0.000000e+00	-1.830395e+00
2.052079316236961e-02	0.000000e+00	-1.779887e+00
2.053079316236961e-02	0.000000e+00	-1.730817e+00
2.054079316236961e-02	0.000000e+00	-1.683172e+00
2.055079316236961e-02	0.000000e+00	-1.636931e+00
2.056079316236961e-02	0.000000e+00	-1.592067e+00
2.057079316236961e-02	0.000000e+00	-1.548552e+00
2.058079316236961e-02	0.000000e+00	-1.506353e+00
2.059079316236961e-02	0.000000e+00	-1.465437e+00
2.060079316236961e-02	0.000000e+00	-1.425769e+00
2.061079316236961e-02	0.000000e+00	-1.387313e+00
2.062079316236961e-02	0.000000e+00	-1.350035e+00
2.063079316236961e-02	0.000000e+00	-1.313898e+00
2.064079316236961e-02	0.000000e+00	-1.278867e+00
2.065079316236961e-02	0.000000e+00	-1.244908e+00
2.066079316236961e-02	0.000000e+00	-1.211986e+00
2.067079316236961e-02	0.000000e+00	-1.180068e+00
2.068079316236961e-02	0.000000e+00	-1.149121e+00
2.069079316236961e-02	0.000000e+00	-1.119112e+00
2.070079316236961e-02	0.000000e+00	-1.090012e+00
2.071079316236961e-02	0.000000e+00	-1.061789e+00
2.072079316236961e-02	0.000000e+00	-1.034413e+00
2.073079316236961e-02	0.000000e+00	-1.007849e+00
2.074079316236961e-02	0.000000e+00	-9.820340e-01
2.075079316236961e-02	0.000000e+00	-9.568963e-01
2.076079316236961e-02	0.000000e+00	-9.323940e-01
2.077079316236961e-02	0.000000e+00	-9.085097e-01
2.078079316236961e-02	0.000000e+00	-8.852289e-01
2.079079316236961e-02	0.000000e+00	-8.625367e-01
2.080079316236961e-02	0.000000e+00	-8.404183e-01
2.081079316236961e-02	0.000000e+00	-8.188601e-01
2.082079316236961e-02	0.000000e+00	-7.978482e-01
2.083079316236961e-02	0.000000e+00	-7.773690e-01
2.084079316236961e-02	0.000000e+00	-7.574096e-01
2.085079316236961e-02	0.000000e+00	-7.379570e-01
2.086079316236961e-02	0.000000e+00	-7.189987e-01
2.087079316236961e-02	0.000000e+00	-7.005222e-01
2.088079316236961e-02	0.000000e+00	-6.825156e-01
2.089079316236961e-02	0.000000e+00	-6.649675e-01
2.090079316236961e-02	0.000000e+00	-6.478665e-01
2.091079316236961e-02	0.000000e+00	-6.312013e-01
2.092079316236961e-02	0.000000e+00	-6.149607e-01
2.093079316236961e-02	0.000000e+00	-5.991344e-01
2.094079316236961e-02	0.000000e+00	-5.837121e-01
2.095079316236961e-02	0.000000e+00	-5.686836e-01
2.096079316236961e-02	0.000000e+00	-5.540390e-01
2.097079316236961e-02	0.000000e+00	-5.397687e-01
2.098079316236961e-02	0.000000e+00	-5.258632e-01
2.099079316236961e-02	0.000000e+00	-5.123134e-01
2.100079316236961e-02	0.000000e+00	-4.991102e-01
2.101079316236961e-02	0.000000e+00	-4.862452e-01
2.102079316236961e-02	0.000000e+00	-4.737093e-01
2.103079316236961e-02	0.000000e+00	-4.614947e-01
2.104079316236961e-02	0.000000e+00	-4.495933e-01
2.105079316236961e-02	0.000000e+00	-4.379969e-01
2.106079316236961e-02	0.000000e+00	-4.266977e-01
2.107079316236961e-02	0.000000e+00	-4.156885e-01
2.108079316236961e-02	0.000000e+00	-4.049618e-01
2.109079316236961e-02	0.000000e+00	-3.945103e-01
2.110079316236961e-02	0.000000e+00	-3.843274e-01
2.111079316236961e-02	0.000000e+00	-3.744059e-01
2.112079316236961e-02	0.000000e+00	-3.647392e-01
2.113079316236961e-02	0.000000e+00	-3.553209e-01
2.114079316236961e-02	0.000000e+00	-3.461447e-01
2.115079316236961e-02	0.000000e+00	-3.372045e-01
2.116079316236961e-02	0.000000e+00	-3.284941e-01
2.117079316236961e-02	0.000000e+00	-3.200078e-01
2.118079316236961e-02	0.000000e+00	-3.117399e-01
2.119079316236961e-02	0.000000e+00	-3.036847e-01
2.120079316236961e-02	0.000000e+00	-2.958369e-01
2.121079316236961e-02	0.000000e+00	-2.881911e-01
2.122079316236961e-02	0.000000e+00	-2.807422e-01
2.123079316236961e-02	0.000000e+00	-2.734852e-01
2.124079316236961e-02	0.000000e+00	-2.664151e-01
2.125079316236961e-02	0.000000e+00	-2.595270e-01
2.126079316236961e-02	0.000000e+00	-2.528167e-01
2.127079316236961e-02	0.000000e+00	-2.462792e-01
2.128079316236961e-02	0.000000e+00	-2.399101e-01
2.129079316236961e-02	0.000000e+00	-2.337055e-01
2.130079316236961e-02	0.000000e+00	-2.276607e-01
2.131079316236961e-02	0.000000e+00	-2.217720e-01
2.132079316236961e-02	0.000000e+00	-2.160349e-01
2.133079316236961e-02	0.000000e+00	-2.104461e-01
2.134079316236961e-02	0.000000e+00	-2.050014e-01
2.135079316236961e-02	0.000000e+00	-1.996970e-01
2.136079316236961e-02	0.000000e+00	-1.945298e-01
2.137079316236961e-02	0.000000e+00	-1.894958e-01
2.138079316236961e-02	0.000000e+00	-1.845920e-01
2.139079316236961e-02	0.000000e+00	-1.798146e-01
2.140079316236961e-02	0.000000e+00	-1.751606e-01
2.141079316236961e-02	0.000000e+00	-1.706271e-01
2.142079316236961e-02	0.000000e+00	-1.662104e-01
2.143079316236961e-02	0.000000e+00	-1.619077e-01
2.144079316236961e-02	0.000000e+00	-1.577163e-01
2.145079316236961e-02	0.000000e+00	-1.536334e-01
2.146079316236961e-02	0.000000e+00	-1.496558e-01
2.147079316236961e-02	0.000000e+00	-1.457810e-01
2.148079316236961e-02	0.000000e+00	-1.420064e-01
2.149079316236961e-02	0.000000e+00	-1.383293e-01
2.150079316236961e-02	0.000000e+00	-1.347473e-01
2.151079316236961e-02	0.000000e+00	-1.312578e-01
2.152079316236961e-02	0.000000e+00	-1.278586e-01
2.153079316236961e-02	0.000000e+00	-1.245472e-01
2.154079316236961e-02	0.000000e+00	-1.213217e-01
2.155079316236961e-02	0.000000e+00	-1.181793e-01
2.156079316236961e-02	0.000000e+00	-1.151183e-01
2.157079316236961e-02	0.000000e+00	-1.121366e-01
2.158079316236961e-02	0.000000e+00	-1.092319e-01
2.159079316236961e-02	0.000000e+00	-1.064024e-01
2.160079316236961e-02	0.000000e+00	-1.036460e-01
2.161079316236961e-02	0.000000e+00	-1.009612e-01
2.162079316236961e-02	0.000000e+00	-9.834552e-02
2.163079316236961e-02	0.000000e+00	-9.579778e-02
2.164079316236961e-02	0.000000e+00	-9.331584e-02
2.165079316236961e-02	0.000000e+00	-9.089804e-02
2.166079316236961e-02	0.000000e+00	-8.854294e-02
2.167079316236961e-02	0.000000e+00	-8.624887e-02
2.168079316236961e-02	0.000000e+00	-8.401418e-02
2.169079316236961e-02	0.000000e+00	-8.183718e-02
2.170079316236961e-02	0.000000e+00	-7.971668e-02
2.171079316236961e-02	0.000000e+00	-7.765079e-02
2.172079316236961e-02	0.000000e+00	-7.563877e-02
2.173079316236961e-02	0.000000e+00	-7.367849e-02
2.174079316236961e-02	0.000000e+00	-7.176924e-02
2.175079316236961e-02	0.000000e+00	-6.990933e-02
2.176079316236961e-02	0.000000e+00	-6.809759e-02
2.177079316236961e-02	0.000000e+00	-6.633282e-02
2.178079316236961e-02	0.000000e+00	-6.461382e-02
2.179079316236961e-02	0.000000e+00	-6.293917e-02
2.180079316236961e-02	0.000000e+00	-6.130791e-02
2.181079316236961e-02	0.000000e+00	-5.971885e-02
2.182079316236961e-02	0.000000e+00	-5.817103e-02
2.183079316236961e-02	0.000000e+00	-5.666327e-02
2.184079316236961e-02	0.000000e+00	-5.519462e-02
2.185079316236961e-02	0.000000e+00	-5.376410e-02
2.186079316236961e-02	0.000000e+00	-5.237055e-02
2.187079316236961e-02	0.000000e+00	-5.101299e-02
2.188079316236961e-02	0.000000e+00	-4.969072e-02
2.189079316236961e-02	0.000000e+00	-4.840255e-02
2.190079316236961e-02	0.000000e+00	-4.714799e-02
2.191079316236961e-02	0.000000e+00	-4.592586e-02
2.192079316236961e-02	0.000000e+00	-4.473543e-02
2.193079316236961e-02	0.000000e+00	-4.357576e-02
2.194079316236961e-02	0.000000e+00	-4.244614e-02
2.195079316236961e-02	0.000000e+00	-4.134583e-02
2.196079316236961e-02	0.000000e+00	-4.027390e-02
2.197079316236961e-02	0.000000e+00	-3.922987e-02
2.198079316236961e-02	0.000000e+00	-3.821278e-02
2.199079316236961e-02	0.000000e+00	-3.722215e-02
2.200079316236961e-02	0.000000e+00	-3.625727e-02
2.201079316236961e-02	0.000000e+00	-3.531742e-02
2.202079316236961e-02	0.000000e+00	-3.440166e-02
2.203079316236961e-02	0.000000e+00	-3.350973e-02
2.204079316236961e-02	0.000000e+00	-3.264093e-02
2.205079316236961e-02	0.000000e+00	-3.179479e-02
2.206079316236961e-02	0.000000e+00	-3.097057e-02
2.207079316236961e-02	0.000000e+00	-3.016758e-02
2.208079316236961e-02	0.000000e+00	-2.938533e-02
2.209079316236961e-02	0.000000e+00	-2.862358e-02
2.210079316236961e-02	0.000000e+00	-2.788138e-02
2.211079316236961e-02	0.000000e+00	-2.715874e-02
2.212079316236961e-02	0.000000e+00	-2.645445e-02
2.213079316236961e-02	0.000000e+00	-2.576876e-02
2.214079316236961e-02	0.000000e+00	-2.510047e-02
2.215079316236961e-02	0.000000e+00	-2.444983e-02
2.216079316236961e-02	0.000000e+00	-2.381587e-02
2.217079316236961e-02	0.000000e+00	-2.319837e-02
2.218079316236961e-02	0.000000e+00	-2.259684e-02
2.219079316236961e-02	0.000000e+00	-2.201104e-02
2.220079316236961e-02	0.000000e+00	-2.144051e-02
2.221079316236961e-02	0.000000e+00	-2.088451e-02
2.222079316236961e-02	0.000000e+00	-2.034307e-02
2.223079316236961e-02	0.000000e+00	-1.981544e-02
2.224079316236961e-02	0.000000e+00	-1.930165e-02
2.225079316236961e-02	0.000000e+00	-1.880121e-02
2.226079316236961e-02	0.000000e+00	-1.831388e-02
2.227079316236961e-02	0.000000e+00	-1.783895e-02
2.228079316236961e-02	0.000000e+00	-1.737642e-02
2.229079316236961e-02	0.000000e+00	-1.692581e-02
2.230079316236961e-02	0.000000e+00	-1.648712e-02
2.231079316236961e-02	0.000000e+00	-1.605964e-02
2.232079316236961e-02	0.000000e+00	-1.564312e-02
2.233079316236961e-02	0.000000e+00	-1.523757e-02
2.234079316236961e-02	0.000000e+00	-1.484251e-02
2.235079316236961e-02	0.000000e+00	-1.445770e-02
2.236079316236961e-02	0.000000e+00	-1.408291e-02
2.237079316236961e-02	0.000000e+00	-1.371789e-02
2.238079316236961e-02	0.000000e+00	-1.336217e-02
2.239079316236961e-02	0.000000e+00	-1.301575e-02
2.240079316236961e-02	0.000000e+00	-1.267815e-02
2.241079316236961e-02	0.000000e+00	-1.234961e-02
2.242079316236961e-02	0.000000e+00	-1.202941e-02
2.243079316236961e-02	0.000000e+00	-1.171732e-02
2.244079316236961e-02	0.000000e+00	-1.141357e-02
2.245079316236961e-02	0.000000e+00	-1.111770e-02
2.246079316236961e-02	0.000000e+00	-1.082945e-02
2.247079316236961e-02	0.000000e+00	-1.054859e-02
2.248079316236961e-02	0.000000e+00	-1.027536e-02
2.249079316236961e-02	0.000000e+00	-1.000881e-02
2.250079316236961e-02	0.000000e+00	-9.749413e-03
2.251079316236961e-02	0.000000e+00	-9.496689e-03
2.252079316236961e-02	0.000000e+00	-9.250402e-03
2.253079316236961e-02	0.000000e+00	-9.010553e-03
2.254079316236961e-02	0.000000e+00	-8.777142e-03
2.255079316236961e-02	0.000000e+00	-8.549452e-03
2.256079316236961e-02	0.000000e+00	-8.327723e-03
2.257079316236961e-02	0.000000e+00	-8.111954e-03
2.258079316236961e-02	0.000000e+00	-7.901669e-03
2.259079316236961e-02	0.000000e+00	-7.696629e-03
2.260079316236961e-02	0.000000e+00	-7.497311e-03
2.261079316236961e-02	0.000000e+00	-7.302761e-03
2.262079316236961e-02	0.000000e+00	-7.113457e-03
2.263079316236961e-02	0.000000e+00	-6.929159e-03
2.264079316236961e-02	0.000000e+00	-6.749630e-03
2.265079316236961e-02	0.000000e+00	-6.574631e-03
2.266079316236961e-02	0.000000e+00	-6.404161e-03
2.267079316236961e-02	0.000000e+00	-6.237984e-03
2.268079316236961e-02	0.000000e+00	-6.076336e-03
2.269079316236961e-02	0.000000e+00	-5.918980e-03
2.270079316236961e-02	0.000000e+00	-5.765438e-03
2.271079316236961e-02	0.000000e+00	-5.616188e-03
2.272079316236961e-02	0.000000e+00	-5.470514e-03
2.273079316236961e-02	0.000000e+00	-5.328655e-03
2.274079316236961e-02	0.000000e+00	-5.190611e-03
2.275079316236961e-02	0.000000e+00	-5.056143e-03
2.276079316236961e-02	0.000000e+00	-4.925013e-03
2.277079316236961e-02	0.000000e+00	-4.797459e-03
2.278079316236961e-02	0.000000e+00	-4.673004e-03
2.279079316236961e-02	0.000000e+00	-4.551888e-03
2.280079316236961e-02	0.000000e+00	-4.434109e-03
2.281079316236961e-02	0.000000e+00	-4.319191e-03
2.282079316236961e-02	0.000000e+00	-4.207134e-03
2.283079316236961e-02	0.000000e+00	-4.098177e-03
2.284079316236961e-02	0.000000e+00	-3.991842e-03
2.285079316236961e-02	0.000000e+00	-3.888607e-03
2.286079316236961e-02	0.000000e+00	-3.787756e-03
2.287079316236961e-02	0.000000e+00	-3.689766e-03
2.288079316236961e-02	0.000000e+00	-3.593922e-03
2.289079316236961e-02	0.000000e+00	-3.500938e-03
2.290079316236961e-02	0.000000e+00	-3.410101e-03
2.291079316236961e-02	0.000000e+00	-3.321648e-03
2.292079316236961e-02	0.000000e+00	-3.235817e-03
2.293079316236961e-02	0.000000e+00	-3.151894e-03
2.294079316236961e-02	0.000000e+00	-3.070354e-03
2.295079316236961e-02	0.000000e+00	-2.990723e-03
2.296079316236961e-02	0.000000e+00	-2.913237e-03
2.297079316236961e-02	0.000000e+00	-2.837896e-03
2.298079316236961e-02	0.000000e+00	-2.764225e-03
2.299079316236961e-02	0.000000e+00	-2.692699e-03
2.300079316236961e-02	0.000000e+00	-2.622843e-03
2.301079316236961e-02	0.000000e+00	-2.554893e-03
2.302079316236961e-02	0.000000e+00	-2.488852e-03
2.303079316236961e-02	0.000000e+00	-2.424240e-03
2.304079316236961e-02	0.000000e+00	-2.361536e-03
2.305079316236961e-02	0.000000e+00	-2.300262e-03
2.306079316236961e-02	0.000000e+00	-2.240896e-03
2.307079316236961e-02	0.000000e+00	-2.182961e-03
2.308079316236961e-02	0.000000e+00	-2.126217e-03
2.309079316236961e-02	0.000000e+00	-2.071381e-03
2.310079316236961e-02	0.000000e+00	-2.017498e-03
2.311079316236961e-02	0.000000e+00	-1.965523e-03
2.312079316236961e-02	0.000000e+00	-1.914501e-03
2.313079316236961e-02	0.000000e+00	-1.864910e-03
2.314079316236961e-02	0.000000e+00	-1.816750e-03
2.315079316236961e-02	0.000000e+00	-1.769543e-03
2.316079316236961e-02	0.000000e+00	-1.723766e-03
2.317079316236961e-02	0.000000e+00	-1.679182e-03
2.318079316236961e-02	0.000000e+00	-1.635790e-03
2.319079316236961e-02	0.000000e+00	-1.593351e-03
2.320079316236961e-02	0.000000e+00	-1.552105e-03
2.321079316236961e-02	0.000000e+00	-1.512051e-03
2.322079316236961e-02	0.000000e+00	-1.472950e-03
2.323079316236961e-02	0.000000e+00	-1.434803e-03
2.324079316236961e-02	0.000000e+00	-1.397610e-03
2.325079316236961e-02	0.000000e+00	-1.361609e-03
2.326079316236961e-02	0.000000e+00	-1.326323e-03
2.327079316236961e-02	0.000000e+00	-1.291990e-03
2.328079316236961e-02	0.000000e+00	-1.258612e-03
2.329079316236961e-02	0.000000e+00	-1.225948e-03
2.330079316236961e-02	0.000000e+00	-1.194239e-03
2.331079316236961e-02	0.000000e+00	-1.163483e-03
2.332079316236961e-02	0.000000e+00	-1.133442e-03
2.333079316236961e-02	0.000000e+00	-1.104116e-03
2.334079316236961e-02	0.000000e+00	-1.075506e-03
2.335079316236961e-02	0.000000e+00	-1.047611e-03
2.336079316236961e-02	0.000000e+00	-1.020670e-03
2.337079316236961e-02	0.000000e+00	-9.942055e-04
2.338079316236961e-02	0.000000e+00	-9.686947e-04
2.339079316236961e-02	0.000000e+00	-9.436607e-04
2.340079316236961e-02	0.000000e+00	-9.193420e-04
2.341079316236961e-02	0.000000e+00	-8.955002e-04
2.342079316236961e-02	0.000000e+00	-8.723736e-04
2.343079316236961e-02	0.000000e+00	-8.497238e-04
2.344079316236961e-02	0.000000e+00	-8.277893e-04
2.345079316236961e-02	0.000000e+00	-8.065701e-04
2.346079316236961e-02	0.000000e+00	-7.858276e-04
2.347079316236961e-02	0.000000e+00	-7.653236e-04
2.348079316236961e-02	0.000000e+00	-7.457733e-04
2.349079316236961e-02	0.000000e+00	-7.262230e-04
2.350079316236961e-02	0.000000e+00	-7.076263e-04
2.351079316236961e-02	0.000000e+00	-6.892681e-04
2.352079316236961e-02	0.000000e+00	-6.716251e-04
2.353079316236961e-02	0.000000e+00	-6.542206e-04
2.354079316236961e-02	0.000000e+00	-6.375313e-04
2.355079316236961e-02	0.000000e+00	-6.208420e-04
2.356079316236961e-02	0.000000e+00	-6.048679e-04
2.357079316236961e-02	0.000000e+00	-5.893707e-04
2.358079316236961e-02	0.000000e+00	-5.741119e-04
2.359079316236961e-02	0.000000e+00	-5.593300e-04
2.360079316236961e-02	0.000000e+00	-5.450249e-04
2.361079316236961e-02	0.000000e+00	-5.307198e-04
2.362079316236961e-02	0.000000e+00	-5.171299e-04
2.363079316236961e-02	0.000000e+00	-5.040169e-04
2.364079316236961e-02	0.000000e+00	-4.909039e-04
2.365079316236961e-02	0.000000e+00	-4.782677e-04
2.366079316236961e-02	0.000000e+00	-4.658699e-04
2.367079316236961e-02	0.000000e+00	-4.539490e-04
2.368079316236961e-02	0.000000e+00	-4.422665e-04
2.369079316236961e-02	0.000000e+00	-4.310608e-04
2.370079316236961e-02	0.000000e+00	-4.198551e-04
2.371079316236961e-02	0.000000e+00	-4.091263e-04
2.372079316236961e-02	0.000000e+00	-3.983974e-04
2.373079316236961e-02	0.000000e+00	-3.881454e-04
2.374079316236961e-02	0.000000e+00	-3.783703e-04
2.375079316236961e-02	0.000000e+00	-3.685951e-04
2.376079316236961e-02	0.000000e+00	-3.590584e-04
2.377079316236961e-02	0.000000e+00	-3.499985e-04
2.378079316236961e-02	0.000000e+00	-3.409386e-04
2.379079316236961e-02	0.000000e+00	-3.321171e-04
2.380079316236961e-02	0.000000e+00	-3.237724e-04
2.381079316236961e-02	0.000000e+00	-3.154278e-04
2.382079316236961e-02	0.000000e+00	-3.073215e-04
2.383079316236961e-02	0.000000e+00	-2.994537e-04
2.384079316236961e-02	0.000000e+00	-2.918243e-04
2.385079316236961e-02	0.000000e+00	-2.841949e-04
2.386079316236961e-02	0.000000e+00	-2.770424e-04
2.387079316236961e-02	0.000000e+00	-2.698898e-04
2.388079316236961e-02	0.000000e+00	-2.629757e-04
2.389079316236961e-02	0.000000e+00	-2.563000e-04
2.390079316236961e-02	0.000000e+00	-2.498627e-04
2.391079316236961e-02	0.000000e+00	-2.434254e-04
2.392079316236961e-02	0.000000e+00	-2.369881e-04
2.393079316236961e-02	0.000000e+00	-2.310276e-04
2.394079316236961e-02	0.000000e+00	-2.250671e-04
2.395079316236961e-02	0.000000e+00	-2.193451e-04
2.396079316236961e-02	0.000000e+00	-2.138615e-04
2.397079316236961e-02	0.000000e+00	-2.083778e-04
2.398079316236961e-02	0.000000e+00	-2.031326e-04
2.399079316236961e-02	0.000000e+00	-1.978874e-04
2.400079316236961e-02	0.000000e+00	-1.928806e-04
2.401079316236961e-02	0.000000e+00	-1.878738e-04
2.402079316236961e-02	0.000000e+00	-1.831055e-04
2.403079316236961e-02	0.000000e+00	-1.785755e-04
2.404079316236961e-02	0.000000e+00	-1.740456e-04
2.405079316236961e-02	0.000000e+00	-1.695156e-04
2.406079316236961e-02	0.000000e+00	-1.652241e-04
2.407079316236961e-02	0.000000e+00	-1.611710e-04
2.408079316236961e-02	0.000000e+00	-1.568794e-04
2.409079316236961e-02	0.000000e+00	-1.530647e-04
2.410079316236961e-02	0.000000e+00	-1.492500e-04
2.411079316236961e-02	0.000000e+00	-1.454353e-04
2.412079316236961e-02	0.000000e+00	-1.416206e-04
2.413079316236961e-02	0.000000e+00	-1.380444e-04
2.414079316236961e-02	0.000000e+00	-1.347065e-04
2.415079316236961e-02	0.000000e+00	-1.311302e-04
2.416079316236961e-02	0.000000e+00	-1.280308e-04
2.417079316236961e-02	0.000000e+00	-1.246929e-04
2.418079316236961e-02	0.000000e+00	-1.215935e-04
2.419079316236961e-02	0.000000e+00	-1.184940e-04
2.420079316236961e-02	0.000000e+00	-1.156330e-04
2.421079316236961e-02	0.000000e+00	-1.125336e-04
2.422079316236961e-02	0.000000e+00	-1.099110e-04
2.423079316236961e-02	0.000000e+00	-1.070499e-04
2.424079316236961e-02	0.000000e+00	-1.044273e-04
2.425079316236961e-02	0.000000e+00	-1.018047e-04
2.426079316236961e-02	0.000000e+00	-9.918213e-05
2.427079316236961e-02	0.000000e+00	-9.679794e-05
2.428079316236961e-02	0.000000e+00	-9.441376e-05
2.429079316236961e-02	0.000000e+00	-9.202957e-05
2.430079316236961e-02	0.000000e+00	-8.964539e-05
2.431079316236961e-02	0.000000e+00	-8.749962e-05
2.432079316236961e-02	0.000000e+00	-8.535385e-05
2.433079316236961e-02	0.000000e+00	-8.320808e-05
2.434079316236961e-02	0.000000e+00	-8.106232e-05
2.435079316236961e-02	0.000000e+00	-7.915497e-05
2.436079316236961e-02	0.000000e+00	-7.724762e-05
2.437079316236961e-02	0.000000e+00	-7.534027e-05
2.438079316236961e-02	0.000000e+00	-7.343292e-05
2.439079316236961e-02	0.000000e+00	-7.152557e-05
2.440079316236961e-02	0.000000e+00	-6.985664e-05
2.441079316236961e-02	0.000000e+00	-6.818771e-05
2.442079316236961e-02	0.000000e+00	-6.651878e-05
2.443079316236961e-02	0.000000e+00	-6.484985e-05
2.444079316236961e-02	0.000000e+00	-6.318092e-05
2.445079316236961e-02	0.000000e+00	-6.175041e-05
2.446079316236961e-02	0.000000e+00	-6.008148e-05
2.447079316236961e-02	0.000000e+00	-5.865097e-05
2.448079316236961e-02	0.000000e+00	-5.722046e-05
2.449079316236961e-02	0.000000e+00	-5.602837e-05
2.450079316236961e-02	0.000000e+00	-5.459785e-05
2.451079316236961e-02	0.000000e+00	-5.316734e-05
2.452079316236961e-02	0.000000e+00	-5.197525e-05
2.453079316236961e-02	0.000000e+00	-5.078316e-05
2.454079316236961e-02	0.000000e+00	-4.959106e-05
2.455079316236961e-02	0.000000e+00	-4.839897e-05
2.456079316236961e-02	0.000000e+00	-4.720688e-05
2.457079316236961e-02	0.000000e+00	-4.601479e-05
2.458079316236961e-02	0.000000e+00	-4.482269e-05
2.459079316236961e-02	0.000000e+00	-4.386902e-05
2.460079316236961e-02	0.000000e+00	-4.267693e-05
2.461079316236961e-02	0.000000e+00	-4.172325e-05
2.462079316236961e-02	0.000000e+00	-4.076958e-05
2.463079316236961e-02	0.000000e+00	-3.981590e-05
2.464079316236961e-02	0.000000e+00	-3.886223e-05
2.465079316236961e-02	0.000000e+00	-3.790855e-05
2.466079316236961e-02	0.000000e+00	-3.719330e-05
2.467079316236961e-02	0.000000e+00	-3.623962e-05
2.468079316236961e-02	0.000000e+00	-3.528595e-05
2.469079316236961e-02	0.000000e+00	-3.457069e-05
2.470079316236961e-02	0.000000e+00	-3.385544e-05
2.471079316236961e-02	0.000000e+00	-3.290176e-05
2.472079316236961e-02	0.000000e+00	-3.218651e-05
2.473079316236961e-02	0.000000e+00	-3.147125e-05
2.474079316236961e-02	0.000000e+00	-3.075600e-05
2.475079316236961e-02	0.000000e+00	-3.004074e-05
2.476079316236961e-02	0.000000e+00	-2.932549e-05
2.477079316236961e-02	0.000000e+00	-2.884865e-05
2.478079316236961e-02	0.000000e+00	-2.813339e-05
2.479079316236961e-02	0.000000e+00	-2.741814e-05
2.480079316236961e-02	0.000000e+00	-2.670288e-05
2.481079316236961e-02	0.000000e+00	-2.622604e-05
2.482079316236961e-02	0.000000e+00	-2.574921e-05
2.483079316236961e-02	0.000000e+00	-2.503395e-05
2.484079316236961e-02	0.000000e+00	-2.455711e-05
2.485079316236961e-02	0.000000e+00	-2.408028e-05
2.486079316236961e-02	0.000000e+00	-2.336502e-05
2.487079316236961e-02	0.000000e+00	-2.288818e-05
2.488079316236961e-02	0.000000e+00	-2.241135e-05
2.489079316236961e-02	0.000000e+00	-2.193451e-05
2.490079316236961e-02	0.000000e+00	-2.145767e-05
2.491079316236961e-02	0.000000e+00	-2.098083e-05
2.492079316236961e-02	0.000000e+00	-2.050400e-05
2.493079316236961e-02	0.000000e+00	-2.026558e-05
2.494079316236961e-02	0.000000e+00	-1.978874e-05
2.495079316236961e-02	0.000000e+00	-1.931190e-05
2.496079316236961e-02	0.000000e+00	-1.883507e-05
2.497079316236961e-02	0.000000e+00	-1.859665e-05
2.498079316236961e-02	0.000000e+00	-1.811981e-05
2.499079316236961e-02	0.000000e+00	-1.764297e-05
2.500079316236961e-02	0.000000e+00	-1.740456e-05
2.501079316236961e-02	0.000000e+00	-1.692772e-05
2.502079316236961e-02	0.000000e+00	-1.668930e-05
2.503079316236961e-02	0.000000e+00	-1.645088e-05
2.504079316236961e-02	0.000000e+00	-1.597404e-05
2.505079316236961e-02	0.000000e+00	-1.573563e-05
2.506079316236961e-02	0.000000e+00	-1.525879e-05
2.507079316236961e-02	0.000000e+00	-1.502037e-05
2.508079316236961e-02	0.000000e+00	-1.478195e-05
2.509079316236961e-02	0.000000e+00	-1.454353e-05
2.510079316236961e-02	0.000000e+00	-1.430511e-05
2.511079316236961e-02	0.000000e+00	-1.406670e-05
2.512079316236961e-02	0.000000e+00	-1.358986e-05
2.513079316236961e-02	0.000000e+00	-1.335144e-05
2.514079316236961e-02	0.000000e+00	-1.311302e-05
2.515079316236961e-02	0.000000e+00	-1.287460e-05
2.516079316236961e-02	0.000000e+00	-1.263618e-05
2.517079316236961e-02	0.000000e+00	-1.239777e-05
2.518079316236961e-02	0.000000e+00	-1.215935e-05
2.519079316236961e-02	0.000000e+00	-1.192093e-05
2.520079316236961e-02	0.000000e+00	-1.168251e-05
2.521079316236961e-02	0.000000e+00	-1.168251e-05
2.522079316236961e-02	0.000000e+00	-1.144409e-05
2.523079316236961e-02	0.000000e+00	-1.120567e-05
2.524079316236961e-02	0.000000e+00	-1.096725e-05
2.525079316236961e-02	0.000000e+00	-1.072884e-05
2.526079316236961e-02	0.000000e+00	-1.049042e-05
2.527079316236961e-02	0.000000e+00	-1.049042e-05
2.528079316236961e-02	0.000000e+00	-1.025200e-05
2.529079316236961e-02	0.000000e+00	-1.001358e-05
2.530079316236961e-02	0.000000e+00	-1.001358e-05
2.531079316236961e-02	0.000000e+00	-9.775162e-06
2.532079316236961e-02	0.000000e+00	-9.536743e-06
2.533079316236961e-02	0.000000e+00	-9.536743e-06
2.534079316236961e-02	0.000000e+00	-9.298325e-06
2.535079316236961e-02	0.000000e+00	-9.059906e-06
2.536079316236961e-02	0.000000e+00	-9.059906e-06
2.537079316236961e-02	0.000000e+00	-8.821487e-06
2.538079316236961e-02	0.000000e+00	-8.821487e-06
2.539079316236961e-02	0.000000e+00	-8.583069e-06
2.540079316236961e-02	0.000000e+00	-8.583069e-06
2.541079316236961e-02	0.000000e+00	-8.344650e-06
2.542079316236961e-02	0.000000e+00	-8.344650e-06
2.543079316236961e-02	0.000000e+00	-8.106232e-06
2.544079316236961e-02	0.000000e+00	-8.106232e-06
2.545079316236961e-02	0.000000e+00	-7.867813e-06
2.546079316236961e-02	0.000000e+00	-7.867813e-06
2.547079316236961e-02	0.000000e+00	-7.629395e-06
2.548079316236961e-02	0.000000e+00	-7.629395e-06
2.549079316236961e-02	0.000000e+00	-7.390976e-06
2.550079316236961e-02	0.000000e+00	-7.390976e-06
2.551079316236961e-02	0.000000e+00	-7.390976e-06
2.552079316236961e-02	0.000000e+00	-7.152557e-06
2.553079316236961e-02	0.000000e+00	-7.152557e-06
2.554079316236961e-02	0.000000e+00	-6.914139e-06
2.555079316236961e-02	0.000000e+00	-6.914139e-06
2.556079316236961e-02	0.000000e+00	-6.914139e-06
2.557079316236961e-02	0.000000e+00	-6.675720e-06
2.558079316236961e-02	0.000000e+00	-6.675720e-06
2.559079316236961e-02	0.000000e+00	-6.675720e-06
2.560079316236961e-02	0.000000e+00	-6.437302e-06
2.561079316236961e-02	0.000000e+00	-6.437302e-06
2.562079316236961e-02	0.000000e+00	-6.437302e-06
2.563079316236961e-02	0.000000e+00	-6.437302e-06
2.564079316236961e-02	0.000000e+00	-6.198883e-06
2.565079316236961e-02	0.000000e+00	-6.198883e-06
2.566079316236961e-02	0.000000e+00	-6.198883e-06
2.567079316236961e-02	0.000000e+00	-6.198883e-06
2.568079316236961e-02	0.000000e+00	-5.960464e-06
2.569079316236961e-02	0.000000e+00	-5.960464e-06
2.570079316236961e-02	0.000000e+00	-5.960464e-06
2.571079316236961e-02	0.000000e+00	-5.960464e-06
2.572079316236961e-02	0.000000e+00	-5.722046e-06
2.573079316236961e-02	0.000000e+00	-5.722046e-06
2.574079316236961e-02	0.000000e+00	-5.722046e-06
2.575079316236961e-02	0.000000e+00	-5.722046e-06
2.576079316236961e-02	0.000000e+00	-5.483627e-06
2.577079316236961e-02	0.000000e+00	-5.483627e-06
2.578079316236961e-02	0.000000e+00	-5.483627e-06
2.579079316236961e-02	0.000000e+00	-5.483627e-06
2.580079316236961e-02	0.000000e+00	-5.483627e-06
2.581079316236961e-02	0.000000e+00	-5.245209e-06
2.582079316236961e-02	0.000000e+00	-5.245209e-06
2.583079316236961e-02	0.000000e+00	-5.245209e-06
2.584079316236961e-02	0.000000e+00	-5.245209e-06
2.585079316236961e-02	0.000000e+00	-5.245209e-06
2.586079316236961e-02	0.000000e+00	-5.245209e-06
2.587079316236961e-02	0.000000e+00	-5.006790e-06
2.588079316236961e-02	0.000000e+00	-5.006790e-06
2.589079316236961e-02	0.000000e+00	-5.006790e-06
2.590079316236961e-02	0.000000e+00	-5.006790e-06
2.591079316236961e-02	0.000000e+00	-5.006790e-06
2.592079316236961e-02	0.000000e+00	-5.006790e-06
2.593079316236961e-02	0.000000e+00	-5.006790e-06
2.594079316236961e-02	0.000000e+00	-4.768372e-06
2.595079316236961e-02	0.000000e+00	-4.768372e-06
2.596079316236961e-02	0.000000e+00	-4.768372e-06
2.597079316236961e-02	0.000000e+00	-4.768372e-06
2.598079316236961e-02	0.000000e+00	-4.768372e-06
2.599079316236961e-02	0.000000e+00	-4.768372e-06
2.600079316236961e-02	0.000000e+00	-4.768372e-06
2.601079316236961e-02	0.000000e+00	-4.768372e-06
2.602079316236961e-02	0.000000e+00	-4.529953e-06
2.603079316236961e-02	0.000000e+00	-4.529953e-06
2.604079316236961e-02	0.000000e+00	-4.529953e-06
2.605079316236961e-02	0.000000e+00	-4.529953e-06
2.606079316236961e-02	0.000000e+00	-4.529953e-06
2.607079316236961e-02	0.000000e+00	-4.529953e-06
2.608079316236961e-02	0.000000e+00	-4.529953e-06
2.609079316236961e-02	0.000000e+00	-4.529953e-06
2.610079316236961e-02	0.000000e+00	-4.529953e-06
2.611079316236961e-02	0.000000e+00	-4.529953e-06
2.612079316236961e-02	0.000000e+00	-4.529953e-06
2.613079316236961e-02	0.000000e+00	-4.529953e-06
2.614079316236961e-02	0.000000e+00	-4.291534e-06
2.615079316236961e-02	0.000000e+00	-4.291534e-06
2.616079316236961e-02	0.000000e+00	-4.291534e-06
2.617079316236961e-02	0.000000e+00	-4.291534e-06
2.618079316236961e-02	0.000000e+00	-4.291534e-06
2.619079316236961e-02	0.000000e+00	-4.291534e-06
2.620079316236961e-02	0.000000e+00	-4.291534e-06
2.621079316236961e-02	0.000000e+00	-4.291534e-06
2.622079316236961e-02	0.000000e+00	-4.291534e-06
2.623079316236961e-02	0.000000e+00	-4.291534e-06
2.624079316236961e-02	0.000000e+00	-4.291534e-06
2.625079316236961e-02	0.000000e+00	-4.291534e-06
2.626079316236961e-02	0.000000e+00	-4.291534e-06
2.627079316236961e-02	0.000000e+00	-4.291534e-06
2.628079316236961e-02	0.000000e+00	-4.291534e-06
2.629079316236961e-02	0.000000e+00	-4.291534e-06
2.630079316236961e-02	0.000000e+00	-4.053116e-06
2.631079316236961e-02	0.000000e+00	-4.053116e-06
2.632079316236961e-02	0.000000e+00	-4.053116e-06
2.633079316236961e-02	0.000000e+00	-4.053116e-06
2.634079316236961e-02	0.000000e+00	-4.053116e-06
2.635079316236961e-02	0.000000e+00	-4.053116e-06
2.636079316236961e-02	0.000000e+00	-4.053116e-06
2.637079316236961e-02	0.000000e+00	-4.053116e-06
2.638079316236961e-02	0.000000e+00	-4.053116e-06
2.639079316236961e-02	0.000000e+00	-4.053116e-06
2.640079316236961e-02	0.000000e+00	-4.053116e-06
2.641079316236961e-02	0.000000e+00	-4.053116e-06
2.642079316236961e-02	0.000000e+00	-4.053116e-06
2.643079316236961e-02	0.000000e+00	-4.053116e-06
2.644079316236961e-02	0.000000e+00	-4.053116e-06
2.645079316236961e-02	0.000000e+00	-4.053116e-06
2.646079316236961e-02	0.000000e+00	-4.053116e-06
2.647079316236961e-02	0.000000e+00	-4.053116e-06
2.648079316236961e-02	0.000000e+00	-4.053116e-06
2.649079316236961e-02	0.000000e+00	-4.053116e-06
2.650079316236961e-02	0.000000e+00	-4.053116e-06
2.651079316236961e-02	0.000000e+00	-4.053116e-06
2.652079316236961e-02	0.000000e+00	-4.053116e-06
2.653079316236961e-02	0.000000e+00	-4.053116e-06
2.654079316236961e-02	0.000000e+00	-4.053116e-06
2.655079316236961e-02	0.000000e+00	-4.053116e-06
2.656079316236961e-02	0.000000e+00	-4.053116e-06
2.657079316236961e-02	0.000000e+00	-4.053116e-06
2.658079316236961e-02	0.000000e+00	-3.814697e-06
2.659079316236961e-02	0.000000e+00	-3.814697e-06
2.660079316236961e-02	0.000000e+00	-3.814697e-06
2.661079316236961e-02	0.000000e+00	-3.814697e-06
2.662079316236961e-02	0.000000e+00	-3.814697e-06
2.663079316236961e-02	0.000000e+00	-3.814697e-06
2.664079316236961e-02	0.000000e+00	-3.814697e-06
2.665079316236961e-02	0.000000e+00	-3.814697e-06
2.666079316236961e-02	0.000000e+00	-3.814697e-06
2.667079316236961e-02	0.000000e+00	-3.814697e-06
2.668079316236961e-02	0.000000e+00	-3.814697e-06
2.669079316236961e-02	0.000000e+00	-3.814697e-06
2.670079316236961e-02	0.000000e+00	-3.814697e-06
2.671079316236961e-02	0.000000e+00	-3.814697e-06
2.672079316236961e-02	0.000000e+00	-3.814697e-06
2.673079316236961e-02	0.000000e+00	-3.814697e-06
2.674079316236961e-02	0.000000e+00	-3.814697e-06
2.675079316236961e-02	0.000000e+00	-3.814697e-06
2.676079316236961e-02	0.000000e+00	-3.814697e-06
2.677079316236961e-02	0.000000e+00	-3.814697e-06
2.678079316236961e-02	0.000000e+00	-3.814697e-06
2.679079316236961e-02	0.000000e+00	-3.814697e-06
2.680079316236961e-02	0.000000e+00	-3.814697e-06
2.681079316236961e-02	0.000000e+00	-3.814697e-06
2.682079316236961e-02	0.000000e+00	-3.814697e-06
2.683079316236961e-02	0.000000e+00	-3.814697e-06
2.684079316236961e-02	0.000000e+00	-3.814697e-06
2.685079316236961e-02	0.000000e+00	-3.814697e-06
2.686079316236961e-02	0.000000e+00	-3.814697e-06
2.687079316236961e-02	0.000000e+00	-3.814697e-06
2.688079316236961e-02	0.000000e+00	-3.814697e-06
2.689079316236961e-02	0.000000e+00	-3.814697e-06
2.690079316236961e-02	0.000000e+00	-3.814697e-06
2.691079316236961e-02	0.000000e+00	-3.814697e-06
2.692079316236961e-02	0.000000e+00	-3.814697e-06
2.693079316236961e-02	0.000000e+00	-3.814697e-06
2.694079316236961e-02	0.000000e+00	-3.814697e-06
2.695079316236961e-02	0.000000e+00	-3.814697e-06
2.696079316236961e-02	0.000000e+00	-3.814697e-06
2.697079316236961e-02	0.000000e+00	-3.814697e-06
2.698079316236961e-02	0.000000e+00	-3.814697e-06
2.699079316236961e-02	0.000000e+00	-3.814697e-06
2.700079316236961e-02	0.000000e+00	-3.814697e-06
2.701079316236961e-02	0.000000e+00	-3.814697e-06
2.702079316236961e-02	0.000000e+00	-3.814697e-06
2.703079316236961e-02	0.000000e+00	-3.814697e-06
2.704079316236961e-02	0.000000e+00	-3.814697e-06
2.705079316236961e-02	0.000000e+00	-3.814697e-06
2.706079316236961e-02	0.000000e+00	-3.814697e-06
2.707079316236961e-02	0.000000e+00	-3.814697e-06
2.708079316236961e-02	0.000000e+00	-3.814697e-06
2.709079316236961e-02	0.000000e+00	-3.814697e-06
2.710079316236961e-02	0.000000e+00	-3.814697e-06
2.711079316236961e-02	0.000000e+00	-3.814697e-06
2.712079316236961e-02	0.000000e+00	-3.814697e-06
2.713079316236961e-02	0.000000e+00	-3.814697e-06
2.714079316236961e-02	0.000000e+00	-3.814697e-06
2.715079316236961e-02	0.000000e+00	-3.814697e-06
2.716079316236961e-02	0.000000e+00	-3.814697e-06
2.717079316236961e-02	0.000000e+00	-3.814697e-06
2.718079316236961e-02	0.000000e+00	-3.814697e-06
2.719079316236961e-02	0.000000e+00	-3.814697e-06
2.720079316236961e-02	0.000000e+00	-3.814697e-06
2.721079316236961e-02	0.000000e+00	-3.814697e-06
2.722079316236961e-02	0.000000e+00	-3.814697e-06
2.723079316236961e-02	0.000000e+00	-3.814697e-06
2.724079316236961e-02	0.000000e+00	-3.814697e-06
2.725079316236961e-02	0.000000e+00	-3.814697e-06
2.726079316236961e-02	0.000000e+00	-3.814697e-06
2.727079316236961e-02	0.000000e+00	-3.814697e-06
2.728079316236961e-02	0.000000e+00	-3.814697e-06
2.729079316236961e-02	0.000000e+00	-3.814697e-06
2.730079316236961e-02	0.000000e+00	-3.814697e-06
2.731079316236961e-02	0.000000e+00	-3.814697e-06
2.732079316236961e-02	0.000000e+00	-3.814697e-06
2.733079316236961e-02	0.000000e+00	-3.814697e-06
2.734079316236961e-02	0.000000e+00	-3.814697e-06
2.735079316236961e-02	0.000000e+00	-3.814697e-06
2.736079316236961e-02	0.000000e+00	-3.814697e-06
2.737079316236961e-02	0.000000e+00	-3.814697e-06
2.738079316236961e-02	0.000000e+00	-3.814697e-06
2.739079316236961e-02	0.000000e+00	-3.814697e-06
2.740079316236961e-02	0.000000e+00	-3.814697e-06
2.741079316236961e-02	0.000000e+00	-3.814697e-06
2.742079316236961e-02	0.000000e+00	-3.814697e-06
2.743079316236961e-02	0.000000e+00	-3.814697e-06
2.744079316236961e-02	0.000000e+00	-3.814697e-06
2.745079316236961e-02	0.000000e+00	-3.814697e-06
2.746079316236961e-02	0.000000e+00	-3.814697e-06
2.747079316236961e-02	0.000000e+00	-3.814697e-06
2.748079316236961e-02	0.000000e+00	-3.814697e-06
2.749079316236961e-02	0.000000e+00	-3.814697e-06
2.750079316236961e-02	0.000000e+00	-3.814697e-06
2.751079316236961e-02	0.000000e+00	-3.814697e-06
2.752079316236961e-02	0.000000e+00	-3.814697e-06
2.753079316236961e-02	0.000000e+00	-3.814697e-06
2.754079316236961e-02	0.000000e+00	-3.814697e-06
2.755079316236961e-02	0.000000e+00	-3.814697e-06
2.756079316236961e-02	0.000000e+00	-3.814697e-06
2.757079316236961e-02	0.000000e+00	-3.814697e-06
2.758079316236961e-02	0.000000e+00	-3.814697e-06
2.759079316236961e-02	0.000000e+00	-3.814697e-06
2.760079316236961e-02	0.000000e+00	-3.814697e-06
2.761079316236961e-02	0.000000e+00	-3.814697e-06
2.762079316236961e-02	0.000000e+00	-3.814697e-06
2.763079316236961e-02	0.000000e+00	-3.814697e-06
2.764079316236961e-02	0.000000e+00	-3.814697e-06
2.765079316236961e-02	0.000000e+00	-3.814697e-06
2.766079316236961e-02	0.000000e+00	-3.814697e-06
2.767079316236961e-02	0.000000e+00	-3.814697e-06
2.768079316236961e-02	0.000000e+00	-3.814697e-06
2.769079316236961e-02	0.000000e+00	-3.814697e-06
2.770079316236961e-02	0.000000e+00	-3.814697e-06
2.771079316236961e-02	0.000000e+00	-3.814697e-06
2.772079316236961e-02	0.000000e+00	-3.814697e-06
2.773079316236961e-02	0.000000e+00	-3.814697e-06
2.774079316236961e-02	0.000000e+00	-3.814697e-06
2.775079316236961e-02	0.000000e+00	-3.814697e-06
2.776079316236961e-02	0.000000e+00	-3.814697e-06
2.777079316236961e-02	0.000000e+00	-3.814697e-06
2.778079316236961e-02	0.000000e+00	-3.814697e-06
2.779079316236961e-02	0.000000e+00	-3.814697e-06
2.780079316236961e-02	0.000000e+00	-3.814697e-06
2.781079316236961e-02	0.000000e+00	-3.814697e-06
2.782079316236961e-02	0.000000e+00	-3.814697e-06
2.783079316236961e-02	0.000000e+00	-3.814697e-06
2.784079316236961e-02	0.000000e+00	-3.814697e-06
2.785079316236961e-02	0.000000e+00	-3.814697e-06
2.786079316236961e-02	0.000000e+00	-3.814697e-06
2.787079316236961e-02	0.000000e+00	-3.814697e-06
2.788079316236961e-02	0.000000e+00	-3.814697e-06
2.789079316236961e-02	0.000000e+00	-3.814697e-06
2.790079316236961e-02	0.000000e+00	-3.814697e-06
2.791079316236961e-02	0.000000e+00	-3.814697e-06
2.792079316236961e-02	0.000000e+00	-3.814697e-06
2.793079316236961e-02	0.000000e+00	-3.814697e-06
2.794079316236961e-02	0.000000e+00	-3.814697e-06
2.795079316236961e-02	0.000000e+00	-3.814697e-06
2.796079316236961e-02	0.000000e+00	-3.814697e-06
2.797079316236961e-02	0.000000e+00	-3.814697e-06
2.798079316236961e-02	0.000000e+00	-3.814697e-06
2.799079316236961e-02	0.000000e+00	-3.814697e-06
2.800079316236961e-02	0.000000e+00	-3.814697e-06
2.801079316236961e-02	0.000000e+00	-3.814697e-06
2.802079316236961e-02	0.000000e+00	-3.814697e-06
2.803079316236961e-02	0.000000e+00	-3.814697e-06
2.804079316236961e-02	0.000000e+00	-3.814697e-06
2.805079316236961e-02	0.000000e+00	-3.814697e-06
2.806079316236961e-02	0.000000e+00	-3.814697e-06
2.807079316236961e-02	0.000000e+00	-3.814697e-06
2.808079316236961e-02	0.000000e+00	-3.814697e-06
2.809079316236961e-02	0.000000e+00	-3.814697e-06
2.810079316236961e-02	0.000000e+00	-3.814697e-06
2.811079316236961e-02	0.000000e+00	-3.814697e-06
2.812079316236961e-02	0.000000e+00	-3.814697e-06
2.813079316236961e-02	0.000000e+00	-3.814697e-06
2.814079316236961e-02	0.000000e+00	-3.814697e-06
2.815079316236961e-02	0.000000e+00	-3.814697e-06
2.816079316236961e-02	0.000000e+00	-3.814697e-06
2.817079316236961e-02	0.000000e+00	-3.814697e-06
2.818079316236961e-02	0.000000e+00	-3.814697e-06
2.819079316236961e-02	0.000000e+00	-3.814697e-06
2.820079316236961e-02	0.000000e+00	-3.814697e-06
2.821079316236961e-02	0.000000e+00	-3.814697e-06
2.822079316236961e-02	0.000000e+00	-3.814697e-06
2.823079316236961e-02	0.000000e+00	-3.814697e-06
2.824079316236961e-02	0.000000e+00	-3.814697e-06
2.825079316236961e-02	0.000000e+00	-3.814697e-06
2.826079316236961e-02	0.000000e+00	-3.814697e-06
2.827079316236961e-02	0.000000e+00	-3.814697e-06
2.828079316236961e-02	0.000000e+00	-3.814697e-06
2.829079316236961e-02	0.000000e+00	-3.814697e-06
2.830079316236961e-02	0.000000e+00	-3.814697e-06
2.831079316236961e-02	0.000000e+00	-3.814697e-06
2.832079316236961e-02	0.000000e+00	-3.814697e-06
2.833079316236961e-02	0.000000e+00	-3.814697e-06
2.834079316236961e-02	0.000000e+00	-3.814697e-06
2.835079316236961e-02	0.000000e+00	-3.814697e-06
2.836079316236961e-02	0.000000e+00	-3.814697e-06
2.837079316236961e-02	0.000000e+00	-3.814697e-06
2.838079316236961e-02	0.000000e+00	-3.814697e-06
2.839079316236961e-02	0.000000e+00	-3.814697e-06
2.840079316236961e-02	0.000000e+00	-3.814697e-06
2.841079316236961e-02	0.000000e+00	-3.814697e-06
2.842079316236961e-02	0.000000e+00	-3.814697e-06
2.843079316236961e-02	0.000000e+00	-3.814697e-06
2.844079316236961e-02	0.000000e+00	-3.814697e-06
2.845079316236961e-02	0.000000e+00	-3.814697e-06
2.846079316236961e-02	0.000000e+00	-3.814697e-06
2.847079316236961e-02	0.000000e+00	-3.814697e-06
2.848079316236961e-02	0.000000e+00	-3.814697e-06
2.849079316236961e-02	0.000000e+00	-3.814697e-06
2.850079316236961e-02	0.000000e+00	-3.814697e-06
2.851079316236961e-02	0.000000e+00	-3.814697e-06
2.852079316236961e-02	0.000000e+00	-3.814697e-06
2.853079316236961e-02	0.000000e+00	-3.814697e-06
2.854079316236961e-02	0.000000e+00	-3.814697e-06
2.855079316236961e-02	0.000000e+00	-3.814697e-06
2.856079316236961e-02	0.000000e+00	-3.814697e-06
2.857079316236961e-02	0.000000e+00	-3.814697e-06
2.858079316236961e-02	0.000000e+00	-3.814697e-06
2.859079316236961e-02	0.000000e+00	-3.814697e-06
2.860079316236961e-02	0.000000e+00	-3.814697e-06
2.861079316236961e-02	0.000000e+00	-3.814697e-06
2.862079316236961e-02	0.000000e+00	-3.814697e-06
2.863079316236961e-02	0.000000e+00	-3.814697e-06
2.864079316236961e-02	0.000000e+00	-3.814697e-06
2.865079316236961e-02	0.000000e+00	-3.814697e-06
2.866079316236961e-02	0.000000e+00	-3.814697e-06
2.867079316236961e-02	0.000000e+00	-3.814697e-06
2.868079316236961e-02	0.000000e+00	-3.814697e-06
2.869079316236961e-02	0.000000e+00	-3.814697e-06
2.870079316236961e-02	0.000000e+00	-3.814697e-06
2.871079316236961e-02	0.000000e+00	-3.814697e-06
2.872079316236961e-02	0.000000e+00	-3.814697e-06
2.873079316236961e-02	0.000000e+00	-3.814697e-06
2.874079316236961e-02	0.000000e+00	-3.814697e-06
2.875079316236961e-02	0.000000e+00	-3.814697e-06
2.876079316236961e-02	0.000000e+00	-3.814697e-06
2.877079316236961e-02	0.000000e+00	-3.814697e-06
2.878079316236961e-02	0.000000e+00	-3.814697e-06
2.879079316236961e-02	0.000000e+00	-3.814697e-06
2.880079316236961e-02	0.000000e+00	-3.814697e-06
2.881079316236961e-02	0.000000e+00	-3.814697e-06
2.882079316236961e-02	0.000000e+00	-3.814697e-06
2.883079316236961e-02	0.000000e+00	-3.814697e-06
2.884079316236961e-02	0.000000e+00	-3.814697e-06
2.885079316236961e-02	0.000000e+00	-3.814697e-06
2.886079316236961e-02	0.000000e+00	-3.814697e-06
2.887079316236961e-02	0.000000e+00	-3.814697e-06
2.888079316236961e-02	0.000000e+00	-3.814697e-06
2.889079316236961e-02	0.000000e+00	-3.814697e-06
2.890079316236961e-02	0.000000e+00	-3.814697e-06
2.891079316236961e-02	0.000000e+00	-3.814697e-06
2.892079316236961e-02	0.000000e+00	-3.814697e-06
2.893079316236961e-02	0.000000e+00	-3.814697e-06
2.894079316236961e-02	0.000000e+00	-3.814697e-06
2.895079316236961e-02	0.000000e+00	-3.814697e-06
2.896079316236961e-02	0.000000e+00	-3.814697e-06
2.897079316236961e-02	0.000000e+00	-3.814697e-06
2.898079316236961e-02	0.000000e+00	-3.814697e-06
2.899079316236961e-02	0.000000e+00	-3.814697e-06
2.900079316236961e-02	0.000000e+00	-3.814697e-06
2.901079316236961e-02	0.000000e+00	-3.814697e-06
2.902079316236961e-02	0.000000e+00	-3.814697e-06
2.903079316236961e-02	0.000000e+00	-3.814697e-06
2.904079316236961e-02	0.000000e+00	-3.814697e-06
2.905079316236961e-02	0.000000e+00	-3.814697e-06
2.906079316236961e-02	0.000000e+00	-3.814697e-06
2.907079316236961e-02	0.000000e+00	-3.814697e-06
2.908079316236961e-02	0.000000e+00	-3.814697e-06
2.909079316236961e-02	0.000000e+00	-3.814697e-06
2.910079316236961e-02	0.000000e+00	-3.814697e-06
2.911079316236961e-02	0.000000e+00	-3.814697e-06
2.912079316236961e-02	0.000000e+00	-3.814697e-06
2.913079316236961e-02	0.000000e+00	-3.814697e-06
2.914079316236961e-02	0.000000e+00	-3.814697e-06
2.915079316236961e-02	0.000000e+00	-3.814697e-06
2.916079316236961e-02	0.000000e+00	-3.814697e-06
2.917079316236961e-02	0.000000e+00	-3.814697e-06
2.918079316236961e-02	0.000000e+00	-3.814697e-06
2.919079316236961e-02	0.000000e+00	-3.814697e-06
2.920079316236961e-02	0.000000e+00	-3.814697e-06
2.921079316236961e-02	0.000000e+00	-3.814697e-06
2.922079316236961e-02	0.000000e+00	-3.814697e-06
2.923079316236961e-02	0.000000e+00	-3.814697e-06
2.924079316236961e-02	0.000000e+00	-3.814697e-06
2.925079316236961e-02	0.000000e+00	-3.814697e-06
2.926079316236961e-02	0.000000e+00	-3.814697e-06
2.927079316236961e-02	0.000000e+00	-3.814697e-06
2.928079316236961e-02	0.000000e+00	-3.814697e-06
2.929079316236961e-02	0.000000e+00	-3.814697e-06
2.930079316236961e-02	0.000000e+00	-3.814697e-06
2.931079316236961e-02	0.000000e+00	-3.814697e-06
2.932079316236961e-02	0.000000e+00	-3.814697e-06
2.933079316236961e-02	0.000000e+00	-3.814697e-06
2.934079316236961e-02	0.000000e+00	-3.814697e-06
2.935079316236961e-02	0.000000e+00	-3.814697e-06
2.936079316236961e-02	0.000000e+00	-3.814697e-06
2.937079316236961e-02	0.000000e+00	-3.814697e-06
2.938079316236961e-02	0.000000e+00	-3.814697e-06
2.939079316236961e-02	0.000000e+00	-3.814697e-06
2.940079316236961e-02	0.000000e+00	-3.814697e-06
2.941079316236961e-02	0.000000e+00	-3.814697e-06
2.942079316236961e-02	0.000000e+00	-3.814697e-06
2.943079316236961e-02	0.000000e+00	-3.814697e-06
2.944079316236961e-02	0.000000e+00	-3.814697e-06
2.945079316236961e-02	0.000000e+00	-3.814697e-06
2.946079316236961e-02	0.000000e+00	-3.814697e-06
2.947079316236961e-02	0.000000e+00	-3.814697e-06
2.948079316236961e-02	0.000000e+00	-3.814697e-06
2.949079316236961e-02	0.000000e+00	-3.814697e-06
2.950079316236961e-02	0.000000e+00	-3.814697e-06
2.951079316236961e-02	0.000000e+00	-3.814697e-06
2.952079316236961e-02	0.000000e+00	-3.814697e-06
2.953079316236961e-02	0.000000e+00	-3.814697e-06
2.954079316236961e-02	0.000000e+00	-3.814697e-06
2.955079316236961e-02	0.000000e+00	-3.814697e-06
2.956079316236961e-02	0.000000e+00	-3.814697e-06
2.957079316236961e-02	0.000000e+00	-3.814697e-06
2.958079316236961e-02	0.000000e+00	-3.814697e-06
2.959079316236961e-02	0.000000e+00	-3.814697e-06
2.960079316236961e-02	0.000000e+00	-3.814697e-06
2.961079316236961e-02	0.000000e+00	-3.814697e-06
2.962079316236961e-02	0.000000e+00	-3.814697e-06
2.963079316236961e-02	0.000000e+00	-3.814697e-06
2.964079316236961e-02	0.000000e+00	-3.814697e-06
2.965079316236961e-02	0.000000e+00	-3.814697e-06
2.966079316236961e-02	0.000000e+00	-3.814697e-06
2.967079316236961e-02	0.000000e+00	-3.814697e-06
2.968079316236961e-02	0.000000e+00	-3.814697e-06
2.969079316236961e-02	0.000000e+00	-3.814697e-06
2.970079316236961e-02	0.000000e+00	-3.814697e-06
2.971079316236961e-02	0.000000e+00	-3.814697e-06
2.972079316236961e-02	0.000000e+00	-3.814697e-06
2.973079316236961e-02	0.000000e+00	-3.814697e-06
2.974079316236961e-02	0.000000e+00	-3.814697e-06
2.975079316236961e-02	0.000000e+00	-3.814697e-06
2.976079316236961e-02	0.000000e+00	-3.814697e-06
2.977079316236961e-02	0.000000e+00	-3.814697e-06
2.978079316236961e-02	0.000000e+00	-3.814697e-06
2.979079316236961e-02	0.000000e+00	-3.814697e-06
2.980079316236961e-02	0.000000e+00	-3.814697e-06
2.981079316236961e-02	0.000000e+00	-3.814697e-06
2.982079316236961e-02	0.000000e+00	-3.814697e-06
2.983079316236961e-02	0.000000e+00	-3.814697e-06
2.984079316236961e-02	0.000000e+00	-3.814697e-06
2.985079316236961e-02	0.000000e+00	-3.814697e-06
2.986079316236961e-02	0.000000e+00	-3.814697e-06
2.987079316236961e-02	0.000000e+00	-3.814697e-06
2.988079316236961e-02	0.000000e+00	-3.814697e-06
2.989079316236961e-02	0.000000e+00	-3.814697e-06
2.990079316236961e-02	0.000000e+00	-3.814697e-06
2.991079316236961e-02	0.000000e+00	-3.814697e-06
2.992079316236961e-02	0.000000e+00	-3.814697e-06
2.993079316236961e-02	0.000000e+00	-3.814697e-06
2.994079316236961e-02	0.000000e+00	-3.814697e-06
2.995079316236961e-02	0.000000e+00	-3.814697e-06
2.996079316236961e-02	0.000000e+00	-3.814697e-06
2.997079316236961e-02	0.000000e+00	-3.814697e-06
2.998079316236961e-02	0.000000e+00	-3.814697e-06
2.999079316236961e-02	0.000000e+00	-3.814697e-06
3.000000000000000e-02	0.000000e+00	-3.814697e-06
3.000000000100000e-02	0.000000e+00	-3.814697e-06
3.000000000200000e-02	0.000000e+00	-3.814697e-06
3.000000000328918e-02	0.000000e+00	-3.814697e-06
3.000000000462225e-02	0.000000e+00	-3.814697e-06
3.000000000649994e-02	0.000000e+00	-3.814697e-06
3.000000000866321e-02	0.000000e+00	-3.814697e-06
3.000000001178060e-02	0.000000e+00	-3.814697e-06
3.000000001575595e-02	0.000000e+00	-3.814697e-06
3.000000002370666e-02	0.000000e+00	-3.576279e-06
3.000000003480298e-02	0.000000e+00	-3.576279e-06
3.000000004799925e-02	0.000000e+00	-3.576279e-06
3.000000006188566e-02	0.000000e+00	-3.576279e-06
3.000000007820107e-02	0.000000e+00	-3.576279e-06
3.000000009765545e-02	0.000000e+00	-3.576279e-06
3.000000012302875e-02	0.000000e+00	-3.576279e-06
3.000000015803371e-02	2.384186e-07	-3.576279e-06
3.000000021078337e-02	2.384186e-07	-3.576279e-06
3.000000030434564e-02	2.384186e-07	-3.576279e-06
3.000000049147018e-02	4.768372e-07	-3.337860e-06
3.000000075157513e-02	7.152557e-07	-3.099442e-06
3.000000122687394e-02	9.536743e-07	-2.622604e-06
3.000000217747156e-02	1.907349e-06	-1.907349e-06
3.000000407866681e-02	3.576279e-06	0.000000e+00
3.000000788105730e-02	7.390976e-06	4.053116e-06
3.000001548583829e-02	1.668930e-05	1.382828e-05
3.000003069540026e-02	1.277924e-04	4.005432e-05
3.000006111452420e-02	6.206036e-04	1.049042e-04
3.000007445868869e-02	7.886887e-04	1.349449e-04
3.000008220131894e-02	7.436275e-04	1.490116e-04
3.000008710087992e-02	6.701946e-04	1.528263e-04
3.000009163794283e-02	6.334782e-04	1.516342e-04
3.000009598153813e-02	6.196499e-04	1.461506e-04
3.000010080893820e-02	6.074905e-04	1.361370e-04
3.000010610002889e-02	5.917549e-04	1.213551e-04
3.000011110528293e-02	5.745888e-04	1.039505e-04
3.000011624428171e-02	5.543232e-04	8.249283e-05
3.000012189932289e-02	5.290508e-04	5.459785e-05
3.000012959985068e-02	4.878044e-04	1.025200e-05
3.000013887505564e-02	4.251003e-04	-5.340576e-05
3.000015440945760e-02	2.918243e-04	-1.862049e-04
3.000018547826152e-02	-3.051758e-05	-5.080700e-04
3.000020415609220e-02	-2.546310e-04	-7.319450e-04
3.000021367167243e-02	-3.805161e-04	-8.575916e-04
3.000022218242274e-02	-4.980564e-04	-9.751320e-04
3.000022638006084e-02	-5.571842e-04	-1.034260e-03
3.000022913998432e-02	-5.965233e-04	-1.073599e-03
3.000023198369825e-02	-6.375313e-04	-1.114368e-03
3.000023628383274e-02	-6.997585e-04	-1.176834e-03
3.000024060854941e-02	-7.631779e-04	-1.240015e-03
3.000024918792982e-02	-8.902550e-04	-1.367092e-03
3.000026178836838e-02	-1.078606e-03	-1.555443e-03
3.000027831287333e-02	-1.326084e-03	-1.802921e-03
3.000029609615437e-02	-1.592159e-03	-2.068758e-03
3.000031859691786e-02	-1.929045e-03	-2.405643e-03
3.000034777283280e-02	-2.366304e-03	-2.842903e-03
3.000038703367312e-02	-2.955675e-03	-3.431797e-03
3.000042374121707e-02	-3.506899e-03	-3.983021e-03
3.000046058421347e-02	-4.060507e-03	-4.536629e-03
3.000051773886196e-02	-4.919767e-03	-5.395651e-03
3.000059378198162e-02	-6.062984e-03	-6.538391e-03
3.000069847953838e-02	-7.636547e-03	-8.111477e-03
3.000081346752380e-02	-9.364128e-03	-9.838820e-03
3.000089757017891e-02	-1.062727e-02	-1.110172e-02
3.000094588202049e-02	-1.135278e-02	-1.182723e-02
3.000098006830092e-02	-1.186585e-02	-1.234007e-02
3.000100912412793e-02	-1.230192e-02	-1.277614e-02
3.000102107201293e-02	-1.248121e-02	-1.295543e-02
3.000103425344267e-02	-1.267910e-02	-1.315308e-02
3.000104684684682e-02	-1.286793e-02	-1.334190e-02
3.000105197029758e-02	-1.294494e-02	-1.341891e-02
3.000105643196550e-02	-1.301169e-02	-1.348567e-02
3.000106083870938e-02	-1.307797e-02	-1.355195e-02
3.000106632369518e-02	-1.315999e-02	-1.363397e-02
3.000107173624066e-02	-1.324129e-02	-1.371503e-02
3.000107811629776e-02	-1.333690e-02	-1.381087e-02
3.000108575428183e-02	-1.345158e-02	-1.392531e-02
3.000109504498346e-02	-1.359081e-02	-1.406479e-02
3.000110750201076e-02	-1.377749e-02	-1.425123e-02
3.000112492457028e-02	-1.403856e-02	-1.451230e-02
3.000115179306252e-02	-1.444125e-02	-1.491499e-02
3.000117424527548e-02	-1.477766e-02	-1.525116e-02
3.000120362049659e-02	-1.521754e-02	-1.569104e-02
3.000123029382882e-02	-1.561689e-02	-1.609015e-02
3.000126201849863e-02	-1.609111e-02	-1.656437e-02
3.000130877945257e-02	-1.679039e-02	-1.726341e-02
3.000131958090820e-02	-1.695204e-02	-1.742506e-02
3.000132576016576e-02	-1.704431e-02	-1.751733e-02
3.000133037097494e-02	-1.711321e-02	-1.758623e-02
3.000133483207865e-02	-1.717997e-02	-1.765299e-02
3.000134064163851e-02	-1.726675e-02	-1.773977e-02
3.000134793162708e-02	-1.737571e-02	-1.784849e-02
3.000135750846233e-02	-1.751876e-02	-1.799178e-02
3.000137171502807e-02	-1.773119e-02	-1.820397e-02
3.000139177535930e-02	-1.803088e-02	-1.850343e-02
3.000142444691712e-02	-1.851869e-02	-1.899147e-02
3.000146547037504e-02	-1.913118e-02	-1.960397e-02
3.000153744517396e-02	-2.020550e-02	-2.067780e-02
3.000164247665639e-02	-2.177215e-02	-2.224398e-02
3.000178471127340e-02	-2.389145e-02	-2.436304e-02
3.000195548977560e-02	-2.643394e-02	-2.690482e-02
3.000208959747083e-02	-2.842855e-02	-2.889872e-02
3.000221943526356e-02	-3.035688e-02	-3.082681e-02
3.000247911084903e-02	-3.420806e-02	-3.467703e-02
3.000273382200982e-02	-3.797936e-02	-3.844738e-02
3.000300505388090e-02	-4.198742e-02	-4.245448e-02
3.000329970396251e-02	-4.633260e-02	-4.679871e-02
3.000352133046558e-02	-4.959512e-02	-5.006027e-02
3.000376829734706e-02	-5.322337e-02	-5.368781e-02
3.000402315626328e-02	-5.696058e-02	-5.742431e-02
3.000431376938044e-02	-6.121397e-02	-6.167650e-02
3.000456776367250e-02	-6.492424e-02	-6.538606e-02
3.000484083904864e-02	-6.890512e-02	-6.936574e-02
3.000508328279684e-02	-7.243299e-02	-7.289290e-02
3.000529348256941e-02	-7.548642e-02	-7.594562e-02
3.000550878625578e-02	-7.860875e-02	-7.906723e-02
3.000573091794498e-02	-8.182454e-02	-8.228230e-02
3.000601002690866e-02	-8.585739e-02	-8.631420e-02
3.000630402158919e-02	-9.009624e-02	-9.055209e-02
3.000665216993496e-02	-9.510398e-02	-9.555888e-02
3.000699088354430e-02	-9.996390e-02	-1.004174e-01
3.000732781312316e-02	-1.047854e-01	-1.052377e-01
3.000765294651684e-02	-1.094260e-01	-1.098773e-01
3.000798727620602e-02	-1.141853e-01	-1.146357e-01
3.000832268733218e-02	-1.189475e-01	-1.193967e-01
3.000866298071411e-02	-1.237659e-01	-1.242139e-01
3.000901205602644e-02	-1.286952e-01	-1.291420e-01
3.000937418783884e-02	-1.337945e-01	-1.342402e-01
3.000976472966093e-02	-1.392775e-01	-1.397216e-01
3.001018711496686e-02	-1.451879e-01	-1.456306e-01
3.001064944386891e-02	-1.516349e-01	-1.520762e-01
3.001113504809583e-02	-1.583810e-01	-1.588209e-01
3.001166943131444e-02	-1.657743e-01	-1.662126e-01
3.001225581673603e-02	-1.738501e-01	-1.742864e-01
3.001292764307090e-02	-1.830549e-01	-1.834891e-01
3.001369554828639e-02	-1.935129e-01	-1.939445e-01
3.001460777003527e-02	-2.058477e-01	-2.062764e-01
3.001569426761408e-02	-2.204099e-01	-2.208352e-01
3.001703423835687e-02	-2.381687e-01	-2.385898e-01
3.001867215998542e-02	-2.595496e-01	-2.599654e-01
3.002069056456199e-02	-2.853599e-01	-2.857695e-01
3.002254699261680e-02	-3.084271e-01	-3.088312e-01
3.002385758051021e-02	-3.240182e-01	-3.244183e-01
3.002471558238924e-02	-3.335505e-01	-3.339481e-01
3.002523435987482e-02	-3.386912e-01	-3.390872e-01
3.002558293332860e-02	-3.414476e-01	-3.418427e-01
3.002585270438767e-02	-3.424330e-01	-3.428271e-01
3.002610818838586e-02	-3.419056e-01	-3.422987e-01
3.002624485133517e-02	-3.411226e-01	-3.415158e-01
3.002635936640888e-02	-3.403668e-01	-3.407595e-01
3.002648184969748e-02	-3.395658e-01	-3.399577e-01
3.002663004612362e-02	-3.385906e-01	-3.389823e-01
3.002692643897591e-02	-3.366365e-01	-3.370271e-01
3.002743797142153e-02	-3.332493e-01	-3.336382e-01
3.002804473768996e-02	-3.292060e-01	-3.295929e-01
3.002886226172741e-02	-3.237138e-01	-3.240981e-01
3.002981374811273e-02	-3.172507e-01	-3.176320e-01
3.003123186794908e-02	-3.074615e-01	-3.078382e-01
3.003332015116708e-02	-2.927017e-01	-2.930717e-01
3.003607819172399e-02	-2.725472e-01	-2.729084e-01
3.003897680194499e-02	-2.503412e-01	-2.506933e-01
3.004205697789632e-02	-2.249925e-01	-2.253354e-01
3.004491582803195e-02	-1.988997e-01	-1.992335e-01
3.004606253594106e-02	-1.859181e-01	-1.862483e-01
3.004673341364687e-02	-1.744521e-01	-1.747801e-01
3.004703874794210e-02	-1.654375e-01	-1.657643e-01
3.004714027489372e-02	-1.604810e-01	-1.608074e-01
3.004724143662366e-02	-1.541162e-01	-1.544421e-01
3.004727080302144e-02	-1.521268e-01	-1.524525e-01
3.004729997152223e-02	-1.500900e-01	-1.504157e-01
3.004731476158351e-02	-1.490493e-01	-1.493747e-01
3.004732397154651e-02	-1.483982e-01	-1.487236e-01
3.004732956461799e-02	-1.480017e-01	-1.483271e-01
3.004733360449205e-02	-1.477151e-01	-1.480405e-01
3.004733721251364e-02	-1.474586e-01	-1.477840e-01
3.004734095914458e-02	-1.471920e-01	-1.475174e-01
3.004734457127152e-02	-1.469352e-01	-1.472604e-01
3.004734879165714e-02	-1.466346e-01	-1.469598e-01
3.004735378251564e-02	-1.462789e-01	-1.466041e-01
3.004736077211912e-02	-1.457798e-01	-1.461051e-01
3.004737218321100e-02	-1.449635e-01	-1.452889e-01
3.004739270805157e-02	-1.434922e-01	-1.438174e-01
3.004741638039158e-02	-1.417904e-01	-1.421154e-01
3.004744519419005e-02	-1.397133e-01	-1.400383e-01
3.004747119864351e-02	-1.378338e-01	-1.381586e-01
3.004749731437971e-02	-1.359420e-01	-1.362665e-01
3.004752437293478e-02	-1.339774e-01	-1.343019e-01
3.004755673094771e-02	-1.316223e-01	-1.319468e-01
3.004759299888357e-02	-1.289768e-01	-1.293011e-01
3.004763582850936e-02	-1.258438e-01	-1.261678e-01
3.004768636661624e-02	-1.221349e-01	-1.224587e-01
3.004774906682936e-02	-1.175160e-01	-1.178393e-01
3.004782830306915e-02	-1.116498e-01	-1.119726e-01
3.004793622917569e-02	-1.036060e-01	-1.039283e-01
3.004809136338506e-02	-9.192586e-02	-9.224725e-02
3.004835034505221e-02	-7.208157e-02	-7.240152e-02
3.004885074686216e-02	-3.240967e-02	-3.272676e-02
3.004985155048206e-02	4.982543e-02	4.951477e-02
3.005009875058934e-02	7.084394e-02	7.053494e-02
3.005021916860102e-02	8.135581e-02	8.104801e-02
3.005026208274310e-02	8.514380e-02	8.483696e-02
3.005028494093571e-02	8.718419e-02	8.687806e-02
3.005030296514490e-02	8.881497e-02	8.851004e-02
3.005032058181468e-02	9.043932e-02	9.013653e-02
3.005033877375382e-02	9.216690e-02	9.186745e-02
3.005035721150588e-02	9.399891e-02	9.370470e-02
3.005037649980675e-02	9.605122e-02	9.576511e-02
3.005039744874832e-02	9.850478e-02	9.823060e-02
3.005042145573949e-02	1.016951e-01	1.014373e-01
3.005045244706351e-02	1.065197e-01	1.062825e-01
3.005050688619373e-02	1.163368e-01	1.161287e-01
3.005056475130554e-02	1.279283e-01	1.277397e-01
3.005062912331161e-02	1.415930e-01	1.414168e-01
3.005070254880919e-02	1.572649e-01	1.570966e-01
3.005078035201718e-02	1.731653e-01	1.730020e-01
3.005085724554795e-02	1.873999e-01	1.872394e-01
3.005094644769657e-02	2.013741e-01	2.012157e-01
3.005106592876611e-02	2.158585e-01	2.157021e-01
3.005124269132481e-02	2.310197e-01	2.308648e-01
3.005144029668056e-02	2.422447e-01	2.420907e-01
3.005164128354583e-02	2.493482e-01	2.491951e-01
3.005188128713963e-02	2.544699e-01	2.543173e-01
3.005208148931079e-02	2.569721e-01	2.568200e-01
3.005223125698683e-02	2.579601e-01	2.578080e-01
3.005234162986396e-02	2.582760e-01	2.581241e-01
3.005242294689272e-02	2.583086e-01	2.581568e-01
3.005248342423135e-02	2.582290e-01	2.580771e-01
3.005252932601252e-02	2.581108e-01	2.579589e-01
3.005256377666878e-02	2.579896e-01	2.578378e-01
3.005259011332663e-02	2.578771e-01	2.577255e-01
3.005261043198708e-02	2.577772e-01	2.576258e-01
3.005262660562319e-02	2.576795e-01	2.575281e-01
3.005264292640824e-02	2.575850e-01	2.574334e-01
3.005266009186914e-02	2.574949e-01	2.573433e-01
3.005268230303867e-02	2.573683e-01	2.572169e-01
3.005270730036445e-02	2.572236e-01	2.570717e-01
3.005274304403046e-02	2.569947e-01	2.568433e-01
3.005278847772795e-02	2.566760e-01	2.565246e-01
3.005284903107286e-02	2.562313e-01	2.560799e-01
3.005293074395611e-02	2.556176e-01	2.554667e-01
3.005307588064153e-02	2.545214e-01	2.543702e-01
3.005336615401236e-02	2.523227e-01	2.521718e-01
3.005370495737236e-02	2.497597e-01	2.496090e-01
3.005409506734806e-02	2.468452e-01	2.466950e-01
3.005453983825525e-02	2.436156e-01	2.434659e-01
3.005510100394194e-02	2.397718e-01	2.396226e-01
3.005580429983175e-02	2.350273e-01	2.348785e-01
3.005646145145885e-02	2.306719e-01	2.305236e-01
3.005719494644776e-02	2.257128e-01	2.255650e-01
3.005795785821774e-02	2.197189e-01	2.195716e-01
3.005857595568770e-02	2.147830e-01	2.146363e-01
3.005925111485432e-02	2.097545e-01	2.096083e-01
3.005997158132546e-02	2.044349e-01	2.042892e-01
3.006065786854627e-02	1.994433e-01	1.992981e-01
3.006121614241291e-02	1.954629e-01	1.953182e-01
3.006185996761961e-02	1.909413e-01	1.907969e-01
3.006255136363235e-02	1.861048e-01	1.859608e-01
3.006325306470124e-02	1.812177e-01	1.810741e-01
3.006401813733921e-02	1.759119e-01	1.757686e-01
3.006496304861791e-02	1.693852e-01	1.692429e-01
3.006616086362474e-02	1.611512e-01	1.610093e-01
3.006778453296920e-02	1.500561e-01	1.499152e-01
3.006993447558026e-02	1.354790e-01	1.353395e-01
3.007300115937726e-02	1.148932e-01	1.147552e-01
3.007672581044911e-02	9.019756e-02	9.006166e-02
3.008124727435017e-02	6.065345e-02	6.051922e-02
3.008625554858746e-02	2.847958e-02	2.834821e-02
3.009253351658043e-02	-1.105952e-02	-1.118827e-02
3.010003268804325e-02	-5.717444e-02	-5.729961e-02
3.011003268804325e-02	-1.169899e-01	-1.171112e-01
3.012003268804326e-02	-1.750169e-01	-1.751342e-01
3.013003268804326e-02	-2.312148e-01	-2.313282e-01
3.014003268804325e-02	-2.856565e-01	-2.857661e-01
3.015003268804325e-02	-3.384075e-01	-3.385139e-01
3.016003268804325e-02	-3.897445e-01	-3.898497e-01
3.017003268804325e-02	-4.412503e-01	-4.413619e-01
3.017511473231934e-02	-4.698565e-01	-4.699776e-01
3.018155201449444e-02	-5.104640e-01	-5.106044e-01
3.018460879605185e-02	-5.321350e-01	-5.322886e-01
3.018806026191594e-02	-5.596342e-01	-5.598063e-01
3.019076538557623e-02	-5.836077e-01	-5.837960e-01
3.019409466848037e-02	-6.161909e-01	-6.163960e-01
3.019799694479097e-02	-6.568143e-01	-6.570315e-01
3.019954228306120e-02	-6.733975e-01	-6.736169e-01
3.020126949535708e-02	-6.921031e-01	-6.923225e-01
3.020288223845870e-02	-7.095332e-01	-7.097516e-01
3.020460396833263e-02	-7.280042e-01	-7.282209e-01
3.020645023800485e-02	-7.476251e-01	-7.478392e-01
3.020834294531053e-02	-7.674615e-01	-7.676725e-01
3.021084356950795e-02	-7.932391e-01	-7.934465e-01
3.021368266375672e-02	-8.218434e-01	-8.220456e-01
3.021785111827476e-02	-8.625798e-01	-8.627751e-01
3.022340551349245e-02	-9.144437e-01	-9.146297e-01
3.023278968113415e-02	-9.921396e-01	-9.922943e-01
3.024150058082421e-02	-1.046410e+00	-1.046515e+00
3.024921724697205e-02	-1.081152e+00	-1.081229e+00
3.025387782330587e-02	-1.098632e+00	-1.098702e+00
3.025692396230322e-02	-1.109191e+00	-1.109259e+00
3.025979305871096e-02	-1.118738e+00	-1.118803e+00
3.026271161974859e-02	-1.128158e+00	-1.128222e+00
3.026555815357032e-02	-1.137108e+00	-1.137170e+00
3.026854697470287e-02	-1.146281e+00	-1.146341e+00
3.027147377996615e-02	-1.155069e+00	-1.155128e+00
3.027457666374134e-02	-1.164186e+00	-1.164244e+00
3.027815557613908e-02	-1.174480e+00	-1.174537e+00
3.028242365286634e-02	-1.186468e+00	-1.186523e+00
3.028783592411597e-02	-1.201277e+00	-1.201330e+00
3.029461617861283e-02	-1.219250e+00	-1.219302e+00
3.030431403408898e-02	-1.244058e+00	-1.244107e+00
3.031431403408898e-02	-1.268673e+00	-1.268720e+00
3.032431403408898e-02	-1.292349e+00	-1.292395e+00
3.033431403408898e-02	-1.315152e+00	-1.315196e+00
3.034431403408898e-02	-1.337152e+00	-1.337194e+00
3.035431403408898e-02	-1.358389e+00	-1.358430e+00
3.036431403408898e-02	-1.378914e+00	-1.378954e+00
3.037431403408898e-02	-1.398754e+00	-1.398792e+00
3.038431403408898e-02	-1.417948e+00	-1.417984e+00
3.039431403408898e-02	-1.436514e+00	-1.436549e+00
3.040431403408898e-02	-1.454486e+00	-1.454520e+00
3.041431403408898e-02	-1.471879e+00	-1.471911e+00
3.042431403408898e-02	-1.488721e+00	-1.488753e+00
3.043431403408898e-02	-1.505026e+00	-1.505056e+00
3.044431403408898e-02	-1.520819e+00	-1.520849e+00
3.045431403408898e-02	-1.536110e+00	-1.536139e+00
3.046431403408898e-02	-1.550924e+00	-1.550952e+00
3.047431403408898e-02	-1.565269e+00	-1.565296e+00
3.048431403408898e-02	-1.579170e+00	-1.579196e+00
3.049431403408898e-02	-1.592630e+00	-1.592655e+00
3.050431403408898e-02	-1.605675e+00	-1.605699e+00
3.051431403408898e-02	-1.618308e+00	-1.618331e+00
3.052431403408898e-02	-1.630551e+00	-1.630574e+00
3.053431403408898e-02	-1.642408e+00	-1.642430e+00
3.054431403408898e-02	-1.653900e+00	-1.653922e+00
3.055431403408898e-02	-1.665031e+00	-1.665051e+00
3.056431403408898e-02	-1.675819e+00	-1.675839e+00
3.057431403408898e-02	-1.686267e+00	-1.686287e+00
3.058431403408898e-02	-1.696396e+00	-1.696414e+00
3.059431403408898e-02	-1.706205e+00	-1.706223e+00
3.060431403408898e-02	-1.715714e+00	-1.715732e+00
3.061431403408898e-02	-1.724923e+00	-1.724940e+00
3.062431403408898e-02	-1.733851e+00	-1.733868e+00
3.063431403408898e-02	-1.742498e+00	-1.742514e+00
3.064431403408898e-02	-1.750881e+00	-1.750896e+00
3.065431403408898e-02	-1.758999e+00	-1.759014e+00
3.066431403408898e-02	-1.766871e+00	-1.766885e+00
3.067431403408898e-02	-1.774494e+00	-1.774508e+00
3.068431403408898e-02	-1.781885e+00	-1.781899e+00
3.069431403408898e-02	-1.789043e+00	-1.789056e+00
3.070431403408898e-02	-1.795984e+00	-1.795996e+00
3.071431403408898e-02	-1.802705e+00	-1.802717e+00
3.072431403408898e-02	-1.809223e+00	-1.809234e+00
3.073431403408898e-02	-1.815534e+00	-1.815545e+00
3.074431403408898e-02	-1.821655e+00	-1.821666e+00
3.075431403408898e-02	-1.827582e+00	-1.827592e+00
3.076431403408898e-02	-1.833330e+00	-1.833340e+00
3.077431403408898e-02	-1.838896e+00	-1.838905e+00
3.078431403408898e-02	-1.844293e+00	-1.844303e+00
3.079431403408898e-02	-1.849520e+00	-1.849530e+00
3.080431403408898e-02	-1.854590e+00	-1.854599e+00
3.081431403408898e-02	-1.859499e+00	-1.859507e+00
3.082431403408898e-02	-1.864260e+00	-1.864268e+00
3.083431403408898e-02	-1.868870e+00	-1.868878e+00
3.084431403408898e-02	-1.873341e+00	-1.873349e+00
3.085431403408898e-02	-1.877671e+00	-1.877678e+00
3.086431403408898e-02	-1.881871e+00	-1.881878e+00
3.087431403408898e-02	-1.885936e+00	-1.885944e+00
3.088431403408898e-02	-1.889881e+00	-1.889888e+00
3.089431403408898e-02	-1.893700e+00	-1.893706e+00
3.090431403408898e-02	-1.897405e+00	-1.897411e+00
3.091431403408898e-02	-1.900991e+00	-1.900997e+00
3.092431403408898e-02	-1.904471e+00	-1.904477e+00
3.093431403408898e-02	-1.907840e+00	-1.907845e+00
3.094431403408898e-02	-1.911108e+00	-1.911114e+00
3.095431403408898e-02	-1.914272e+00	-1.914277e+00
3.096431403408898e-02	-1.917342e+00	-1.917347e+00
3.097431403408898e-02	-1.920314e+00	-1.920318e+00
3.098431403408898e-02	-1.923198e+00	-1.923202e+00
3.099431403408898e-02	-1.925988e+00	-1.925993e+00
3.100431403408898e-02	-1.928697e+00	-1.928702e+00
3.101431403408898e-02	-1.931318e+00	-1.931323e+00
3.102431403408898e-02	-1.933863e+00	-1.933867e+00
3.103431403408898e-02	-1.936325e+00	-1.936329e+00
3.104431403408898e-02	-1.938715e+00	-1.938719e+00
3.105431403408898e-02	-1.941028e+00	-1.941031e+00
3.106431403408898e-02	-1.943273e+00	-1.943277e+00
3.107431403408898e-02	-1.945445e+00	-1.945448e+00
3.108431403408898e-02	-1.947554e+00	-1.947557e+00
3.109431403408898e-02	-1.949594e+00	-1.949597e+00
3.110431403408898e-02	-1.951576e+00	-1.951579e+00
3.111431403408898e-02	-1.953492e+00	-1.953495e+00
3.112431403408898e-02	-1.955353e+00	-1.955356e+00
3.113431403408898e-02	-1.957153e+00	-1.957156e+00
3.114431403408898e-02	-1.958901e+00	-1.958904e+00
3.115431403408898e-02	-1.960592e+00	-1.960595e+00
3.116431403408898e-02	-1.962235e+00	-1.962237e+00
3.117431403408898e-02	-1.963823e+00	-1.963825e+00
3.118431403408898e-02	-1.965366e+00	-1.965368e+00
3.119431403408898e-02	-1.966857e+00	-1.966860e+00
3.120431403408898e-02	-1.968307e+00	-1.968309e+00
3.121431403408898e-02	-1.969708e+00	-1.969710e+00
3.122431403408898e-02	-1.971070e+00	-1.971072e+00
3.123431403408898e-02	-1.972386e+00	-1.972388e+00
3.124431403408898e-02	-1.973665e+00	-1.973667e+00
3.125431403408898e-02	-1.974901e+00	-1.974903e+00
3.126431403408898e-02	-1.976103e+00	-1.976105e+00
3.127431403408898e-02	-1.977264e+00	-1.977266e+00
3.128431403408898e-02	-1.978394e+00	-1.978395e+00
3.129431403408899e-02	-1.979484e+00	-1.979486e+00
3.130431403408898e-02	-1.980545e+00	-1.980546e+00
3.131431403408898e-02	-1.981570e+00	-1.981571e+00
3.132431403408898e-02	-1.982566e+00	-1.982568e+00
3.133431403408898e-02	-1.983529e+00	-1.983530e+00
3.134431403408898e-02	-1.984465e+00	-1.984466e+00
3.135431403408898e-02	-1.985369e+00	-1.985370e+00
3.136431403408899e-02	-1.986249e+00	-1.986249e+00
3.137431403408898e-02	-1.987098e+00	-1.987098e+00
3.138431403408899e-02	-1.987924e+00	-1.987925e+00
3.139431403408898e-02	-1.988722e+00	-1.988722e+00
3.140431403408898e-02	-1.989498e+00	-1.989499e+00
3.141431403408898e-02	-1.990247e+00	-1.990248e+00
3.142431403408898e-02	-1.990977e+00	-1.990978e+00
3.143431403408898e-02	-1.991680e+00	-1.991681e+00
3.144431403408898e-02	-1.992366e+00	-1.992366e+00
3.145431403408899e-02	-1.993027e+00	-1.993027e+00
3.146431403408898e-02	-1.993671e+00	-1.993671e+00
3.147431403408898e-02	-1.994292e+00	-1.994292e+00
3.148431403408898e-02	-1.994897e+00	-1.994897e+00
3.149431403408898e-02	-1.995480e+00	-1.995480e+00
3.150431403408898e-02	-1.996049e+00	-1.996049e+00
3.151431403408898e-02	-1.996596e+00	-1.996596e+00
3.152431403408898e-02	-1.997131e+00	-1.997131e+00
3.153431403408898e-02	-1.997645e+00	-1.997645e+00
3.154431403408899e-02	-1.998147e+00	-1.998147e+00
3.155431403408898e-02	-1.998630e+00	-1.998630e+00
3.156431403408898e-02	-1.999102e+00	-1.999102e+00
3.157431403408898e-02	-1.999555e+00	-1.999555e+00
3.158431403408898e-02	-1.999999e+00	-1.999999e+00
3.159431403408898e-02	-2.000425e+00	-2.000425e+00
3.160431403408898e-02	-2.000841e+00	-2.000841e+00
3.161431403408898e-02	-2.001242e+00	-2.001241e+00
3.162431403408898e-02	-2.001633e+00	-2.001633e+00
3.163431403408899e-02	-2.002009e+00	-2.002009e+00
3.164431403408898e-02	-2.002377e+00	-2.002377e+00
3.165431403408898e-02	-2.002730e+00	-2.002730e+00
3.166431403408898e-02	-2.003075e+00	-2.003075e+00
3.167431403408898e-02	-2.003407e+00	-2.003407e+00
3.168431403408898e-02	-2.003732e+00	-2.003731e+00
3.169431403408898e-02	-2.004043e+00	-2.004043e+00
3.170431403408899e-02	-2.004349e+00	-2.004348e+00
3.171431403408898e-02	-2.004641e+00	-2.004641e+00
3.172431403408899e-02	-2.004928e+00	-2.004927e+00
3.173431403408898e-02	-2.005202e+00	-2.005202e+00
3.174431403408898e-02	-2.005472e+00	-2.005471e+00
3.175431403408898e-02	-2.005730e+00	-2.005729e+00
3.176431403408898e-02	-2.005983e+00	-2.005983e+00
3.177431403408898e-02	-2.006226e+00	-2.006225e+00
3.178431403408898e-02	-2.006464e+00	-2.006463e+00
3.179431403408899e-02	-2.006691e+00	-2.006691e+00
3.180431403408898e-02	-2.006915e+00	-2.006914e+00
3.181431403408898e-02	-2.007128e+00	-2.007128e+00
3.182431403408898e-02	-2.007339e+00	-2.007338e+00
3.183431403408898e-02	-2.007539e+00	-2.007539e+00
3.184431403408898e-02	-2.007737e+00	-2.007737e+00
3.185431403408898e-02	-2.007925e+00	-2.007925e+00
3.186431403408898e-02	-2.008111e+00	-2.008111e+00
3.187431403408898e-02	-2.008288e+00	-2.008287e+00
3.188431403408899e-02	-2.008462e+00	-2.008462e+00
3.189431403408898e-02	-2.008628e+00	-2.008628e+00
3.190431403408898e-02	-2.008793e+00	-2.008792e+00
3.191431403408898e-02	-2.008949e+00	-2.008948e+00
3.192431403408898e-02	-2.009103e+00	-2.009102e+00
3.193431403408898e-02	-2.009249e+00	-2.009249e+00
3.194431403408898e-02	-2.009394e+00	-2.009394e+00
3.195431403408898e-02	-2.009532e+00	-2.009531e+00
3.196431403408898e-02	-2.009668e+00	-2.009668e+00
3.197431403408899e-02	-2.009797e+00	-2.009797e+00
3.198431403408898e-02	-2.009925e+00	-2.009925e+00
3.199431403408898e-02	-2.010046e+00	-2.010046e+00
3.200431403408898e-02	-2.010167e+00	-2.010166e+00
3.201431403408898e-02	-2.010281e+00	-2.010280e+00
3.202431403408898e-02	-2.010394e+00	-2.010393e+00
3.203431403408898e-02	-2.010501e+00	-2.010500e+00
3.204431403408898e-02	-2.010607e+00	-2.010607e+00
3.205431403408898e-02	-2.010708e+00	-2.010707e+00
3.206431403408899e-02	-2.010808e+00	-2.010807e+00
3.207431403408898e-02	-2.010902e+00	-2.010901e+00
3.208431403408898e-02	-2.010996e+00	-2.010995e+00
3.209431403408898e-02	-2.011084e+00	-2.011084e+00
3.210431403408898e-02	-2.011173e+00	-2.011172e+00
3.211431403408898e-02	-2.011256e+00	-2.011255e+00
3.212431403408898e-02	-2.011339e+00	-2.011338e+00
3.213431403408899e-02	-2.011417e+00	-2.011416e+00
3.214431403408898e-02	-2.011495e+00	-2.011494e+00
3.215431403408898e-02	-2.011568e+00	-2.011567e+00
3.216431403408898e-02	-2.011642e+00	-2.011641e+00
3.217431403408898e-02	-2.011710e+00	-2.011709e+00
3.218431403408898e-02	-2.011780e+00	-2.011779e+00
3.219431403408898e-02	-2.011844e+00	-2.011843e+00
3.220431403408898e-02	-2.011909e+00	-2.011908e+00
3.221431403408898e-02	-2.011969e+00	-2.011968e+00
3.222431403408899e-02	-2.012030e+00	-2.012030e+00
3.223431403408898e-02	-2.012087e+00	-2.012086e+00
3.224431403408898e-02	-2.012145e+00	-2.012144e+00
3.225431403408898e-02	-2.012198e+00	-2.012197e+00
3.226431403408898e-02	-2.012252e+00	-2.012251e+00
3.227431403408898e-02	-2.012302e+00	-2.012301e+00
3.228431403408898e-02	-2.012353e+00	-2.012352e+00
3.229431403408898e-02	-2.012400e+00	-2.012399e+00
3.230431403408898e-02	-2.012447e+00	-2.012447e+00
3.231431403408899e-02	-2.012491e+00	-2.012491e+00
3.232431403408898e-02	-2.012536e+00	-2.012536e+00
3.233431403408898e-02	-2.012578e+00	-2.012577e+00
3.234431403408898e-02	-2.012620e+00	-2.012619e+00
3.235431403408898e-02	-2.012658e+00	-2.012658e+00
3.236431403408898e-02	-2.012698e+00	-2.012698e+00
3.237431403408898e-02	-2.012735e+00	-2.012734e+00
3.238431403408898e-02	-2.012772e+00	-2.012772e+00
3.239431403408898e-02	-2.012806e+00	-2.012805e+00
3.240431403408899e-02	-2.012842e+00	-2.012841e+00
3.241431403408898e-02	-2.012873e+00	-2.012873e+00
3.242431403408898e-02	-2.012907e+00	-2.012906e+00
3.243431403408898e-02	-2.012936e+00	-2.012936e+00
3.244431403408898e-02	-2.012968e+00	-2.012967e+00
3.245431403408898e-02	-2.012996e+00	-2.012995e+00
3.246431403408898e-02	-2.013025e+00	-2.013025e+00
3.247431403408899e-02	-2.013052e+00	-2.013051e+00
3.248431403408898e-02	-2.013079e+00	-2.013079e+00
3.249431403408898e-02	-2.013104e+00	-2.013103e+00
3.250431403408898e-02	-2.013130e+00	-2.013129e+00
3.251431403408898e-02	-2.013153e+00	-2.013152e+00
3.252431403408898e-02	-2.013178e+00	-2.013177e+00
3.253431403408898e-02	-2.013199e+00	-2.013198e+00
3.254431403408898e-02	-2.013223e+00	-2.013222e+00
3.255431403408898e-02	-2.013243e+00	-2.013242e+00
3.256431403408899e-02	-2.013265e+00	-2.013264e+00
3.257431403408898e-02	-2.013283e+00	-2.013283e+00
3.258431403408898e-02	-2.013304e+00	-2.013303e+00
3.259431403408898e-02	-2.013322e+00	-2.013321e+00
3.260431403408898e-02	-2.013341e+00	-2.013341e+00
3.261431403408898e-02	-2.013358e+00	-2.013357e+00
3.262431403408898e-02	-2.013376e+00	-2.013375e+00
3.263431403408898e-02	-2.013391e+00	-2.013391e+00
3.264431403408898e-02	-2.013409e+00	-2.013408e+00
3.265431403408899e-02	-2.013423e+00	-2.013422e+00
3.266431403408898e-02	-2.013440e+00	-2.013439e+00
3.267431403408898e-02	-2.013453e+00	-2.013452e+00
3.268431403408898e-02	-2.013469e+00	-2.013468e+00
3.269431403408898e-02	-2.013481e+00	-2.013480e+00
3.270431403408898e-02	-2.013496e+00	-2.013495e+00
3.271431403408898e-02	-2.013507e+00	-2.013507e+00
3.272431403408898e-02	-2.013521e+00	-2.013520e+00
3.273431403408898e-02	-2.013532e+00	-2.013531e+00
3.274431403408899e-02	-2.013545e+00	-2.013545e+00
3.275431403408898e-02	-2.013556e+00	-2.013555e+00
3.276431403408898e-02	-2.013568e+00	-2.013567e+00
3.277431403408898e-02	-2.013577e+00	-2.013577e+00
3.278431403408898e-02	-2.013589e+00	-2.013588e+00
3.279431403408898e-02	-2.013598e+00	-2.013597e+00
3.280431403408898e-02	-2.013609e+00	-2.013608e+00
3.281431403408899e-02	-2.013617e+00	-2.013616e+00
3.282431403408898e-02	-2.013627e+00	-2.013627e+00
3.283431403408898e-02	-2.013635e+00	-2.013634e+00
3.284431403408898e-02	-2.013645e+00	-2.013644e+00
3.285431403408898e-02	-2.013652e+00	-2.013651e+00
3.286431403408898e-02	-2.013662e+00	-2.013661e+00
3.287431403408898e-02	-2.013668e+00	-2.013668e+00
3.288431403408898e-02	-2.013677e+00	-2.013676e+00
3.289431403408898e-02	-2.013683e+00	-2.013683e+00
3.290431403408899e-02	-2.013692e+00	-2.013691e+00
3.291431403408898e-02	-2.013697e+00	-2.013697e+00
3.292431403408898e-02	-2.013705e+00	-2.013704e+00
3.293431403408898e-02	-2.013711e+00	-2.013710e+00
3.294431403408898e-02	-2.013718e+00	-2.013717e+00
3.295431403408898e-02	-2.013723e+00	-2.013722e+00
3.296431403408898e-02	-2.013730e+00	-2.013729e+00
3.297431403408898e-02	-2.013735e+00	-2.013734e+00
3.298431403408898e-02	-2.013741e+00	-2.013741e+00
3.299431403408899e-02	-2.013746e+00	-2.013745e+00
3.300431403408898e-02	-2.013752e+00	-2.013751e+00
3.301431403408898e-02	-2.013756e+00	-2.013755e+00
3.302431403408898e-02	-2.013762e+00	-2.013761e+00
3.303431403408898e-02	-2.013766e+00	-2.013765e+00
3.304431403408898e-02	-2.013772e+00	-2.013771e+00
3.305431403408898e-02	-2.013775e+00	-2.013774e+00
3.306431403408898e-02	-2.013780e+00	-2.013780e+00
3.307431403408898e-02	-2.013783e+00	-2.013783e+00
3.308431403408899e-02	-2.013789e+00	-2.013788e+00
3.309431403408898e-02	-2.013791e+00	-2.013791e+00
3.310431403408898e-02	-2.013796e+00	-2.013796e+00
3.311431403408898e-02	-2.013799e+00	-2.013798e+00
3.312431403408898e-02	-2.013804e+00	-2.013803e+00
3.313431403408898e-02	-2.013806e+00	-2.013805e+00
3.314431403408898e-02	-2.013811e+00	-2.013810e+00
3.315431403408898e-02	-2.013813e+00	-2.013812e+00
3.316431403408898e-02	-2.013817e+00	-2.013816e+00
3.317431403408898e-02	-2.013819e+00	-2.013818e+00
3.318431403408898e-02	-2.013823e+00	-2.013822e+00
3.319431403408898e-02	-2.013825e+00	-2.013824e+00
3.320431403408898e-02	-2.013829e+00	-2.013828e+00
3.321431403408898e-02	-2.013831e+00	-2.013830e+00
3.322431403408898e-02	-2.013834e+00	-2.013833e+00
3.323431403408898e-02	-2.013836e+00	-2.013835e+00
3.324431403408899e-02	-2.013839e+00	-2.013839e+00
3.325431403408898e-02	-2.013841e+00	-2.013840e+00
3.326431403408898e-02	-2.013844e+00	-2.013843e+00
3.327431403408898e-02	-2.013845e+00	-2.013844e+00
3.328431403408898e-02	-2.013848e+00	-2.013848e+00
3.329431403408898e-02	-2.013849e+00	-2.013849e+00
3.330431403408898e-02	-2.013853e+00	-2.013852e+00
3.331431403408898e-02	-2.013854e+00	-2.013853e+00
3.332431403408898e-02	-2.013856e+00	-2.013856e+00
3.333431403408899e-02	-2.013857e+00	-2.013857e+00
3.334431403408898e-02	-2.013860e+00	-2.013859e+00
3.335431403408898e-02	-2.013861e+00	-2.013860e+00
3.336431403408898e-02	-2.013864e+00	-2.013863e+00
3.337431403408898e-02	-2.013864e+00	-2.013864e+00
3.338431403408898e-02	-2.013867e+00	-2.013866e+00
3.339431403408898e-02	-2.013867e+00	-2.013867e+00
3.340431403408898e-02	-2.013870e+00	-2.013869e+00
3.341431403408898e-02	-2.013870e+00	-2.013870e+00
3.342431403408899e-02	-2.013873e+00	-2.013872e+00
3.343431403408898e-02	-2.013873e+00	-2.013872e+00
3.344431403408898e-02	-2.013875e+00	-2.013875e+00
3.345431403408898e-02	-2.013876e+00	-2.013875e+00
3.346431403408898e-02	-2.013878e+00	-2.013877e+00
3.347431403408898e-02	-2.013878e+00	-2.013878e+00
3.348431403408898e-02	-2.013880e+00	-2.013880e+00
3.349431403408898e-02	-2.013881e+00	-2.013880e+00
3.350431403408898e-02	-2.013883e+00	-2.013882e+00
3.351431403408899e-02	-2.013883e+00	-2.013882e+00
3.352431403408898e-02	-2.013885e+00	-2.013884e+00
3.353431403408898e-02	-2.013885e+00	-2.013884e+00
3.354431403408898e-02	-2.013887e+00	-2.013886e+00
3.355431403408898e-02	-2.013887e+00	-2.013886e+00
3.356431403408898e-02	-2.013889e+00	-2.013888e+00
3.357431403408898e-02	-2.013889e+00	-2.013888e+00
3.358431403408899e-02	-2.013890e+00	-2.013889e+00
3.359431403408898e-02	-2.013890e+00	-2.013889e+00
3.360431403408898e-02	-2.013892e+00	-2.013891e+00
3.361431403408898e-02	-2.013892e+00	-2.013891e+00
3.362431403408898e-02	-2.013893e+00	-2.013893e+00
3.363431403408898e-02	-2.013893e+00	-2.013892e+00
3.364431403408898e-02	-2.013895e+00	-2.013894e+00
3.365431403408898e-02	-2.013895e+00	-2.013894e+00
3.366431403408898e-02	-2.013896e+00	-2.013896e+00
3.367431403408899e-02	-2.013896e+00	-2.013895e+00
3.368431403408898e-02	-2.013898e+00	-2.013897e+00
3.369431403408898e-02	-2.013897e+00	-2.013896e+00
3.370431403408898e-02	-2.013899e+00	-2.013898e+00
3.371431403408898e-02	-2.013898e+00	-2.013898e+00
3.372431403408898e-02	-2.013900e+00	-2.013899e+00
3.373431403408898e-02	-2.013900e+00	-2.013899e+00
3.374431403408898e-02	-2.013901e+00	-2.013900e+00
3.375431403408898e-02	-2.013901e+00	-2.013900e+00
3.376431403408899e-02	-2.013902e+00	-2.013901e+00
3.377431403408898e-02	-2.013901e+00	-2.013901e+00
3.378431403408898e-02	-2.013903e+00	-2.013902e+00
3.379431403408898e-02	-2.013902e+00	-2.013901e+00
3.380431403408898e-02	-2.013904e+00	-2.013903e+00
3.381431403408898e-02	-2.013903e+00	-2.013902e+00
3.382431403408898e-02	-2.013905e+00	-2.013904e+00
3.383431403408898e-02	-2.013904e+00	-2.013903e+00
3.384431403408898e-02	-2.013905e+00	-2.013904e+00
3.385431403408899e-02	-2.013905e+00	-2.013904e+00
3.386431403408898e-02	-2.013906e+00	-2.013905e+00
3.387431403408898e-02	-2.013905e+00	-2.013905e+00
3.388431403408898e-02	-2.013907e+00	-2.013906e+00
3.389431403408898e-02	-2.013906e+00	-2.013905e+00
3.390431403408898e-02	-2.013907e+00	-2.013906e+00
3.391431403408898e-02	-2.013907e+00	-2.013906e+00
3.392431403408899e-02	-2.013908e+00	-2.013907e+00
3.393431403408898e-02	-2.013907e+00	-2.013907e+00
3.394431403408898e-02	-2.013908e+00	-2.013908e+00
3.395431403408898e-02	-2.013908e+00	-2.013907e+00
3.396431403408898e-02	-2.013909e+00	-2.013908e+00
3.397431403408898e-02	-2.013909e+00	-2.013908e+00
3.398431403408898e-02	-2.013909e+00	-2.013909e+00
3.399431403408898e-02	-2.013909e+00	-2.013908e+00
3.400431403408898e-02	-2.013910e+00	-2.013909e+00
3.401431403408899e-02	-2.013909e+00	-2.013909e+00
3.402431403408898e-02	-2.013910e+00	-2.013910e+00
3.403431403408898e-02	-2.013910e+00	-2.013909e+00
3.404431403408898e-02	-2.013911e+00	-2.013910e+00
3.405431403408898e-02	-2.013910e+00	-2.013910e+00
3.406431403408898e-02	-2.013911e+00	-2.013910e+00
3.407431403408898e-02	-2.013911e+00	-2.013910e+00
3.408431403408898e-02	-2.013912e+00	-2.013911e+00
3.409431403408898e-02	-2.013911e+00	-2.013910e+00
3.410431403408899e-02	-2.013912e+00	-2.013911e+00
3.411431403408898e-02	-2.013911e+00	-2.013911e+00
3.412431403408898e-02	-2.013912e+00	-2.013911e+00
3.413431403408898e-02	-2.013911e+00	-2.013911e+00
3.414431403408898e-02	-2.013913e+00	-2.013912e+00
3.415431403408898e-02	-2.013912e+00	-2.013911e+00
3.416431403408898e-02	-2.013913e+00	-2.013912e+00
3.417431403408898e-02	-2.013912e+00	-2.013911e+00
3.418431403408898e-02	-2.013913e+00	-2.013912e+00
3.419431403408899e-02	-2.013913e+00	-2.013912e+00
3.420431403408898e-02	-2.013913e+00	-2.013913e+00
3.421431403408898e-02	-2.013913e+00	-2.013912e+00
3.422431403408898e-02	-2.013914e+00	-2.013913e+00
3.423431403408898e-02	-2.013913e+00	-2.013912e+00
3.424431403408898e-02	-2.013914e+00	-2.013913e+00
3.425431403408898e-02	-2.013913e+00	-2.013912e+00
3.426431403408899e-02	-2.013914e+00	-2.013913e+00
3.427431403408898e-02	-2.013913e+00	-2.013913e+00
3.428431403408898e-02	-2.013914e+00	-2.013913e+00
3.429431403408898e-02	-2.013914e+00	-2.013913e+00
3.430431403408898e-02	-2.013914e+00	-2.013914e+00
3.431431403408898e-02	-2.013914e+00	-2.013913e+00
3.432431403408898e-02	-2.013915e+00	-2.013914e+00
3.433431403408898e-02	-2.013914e+00	-2.013913e+00
3.434431403408898e-02	-2.013915e+00	-2.013914e+00
3.435431403408899e-02	-2.013914e+00	-2.013913e+00
3.436431403408898e-02	-2.013915e+00	-2.013914e+00
3.437431403408898e-02	-2.013914e+00	-2.013913e+00
3.438431403408898e-02	-2.013915e+00	-2.013914e+00
3.439431403408898e-02	-2.013914e+00	-2.013914e+00
3.440431403408898e-02	-2.013915e+00	-2.013914e+00
3.441431403408898e-02	-2.013914e+00	-2.013914e+00
3.442431403408898e-02	-2.013915e+00	-2.013914e+00
3.443431403408898e-02	-2.013915e+00	-2.013914e+00
3.444431403408899e-02	-2.013915e+00	-2.013915e+00
3.445431403408898e-02	-2.013915e+00	-2.013914e+00
3.446431403408898e-02	-2.013916e+00	-2.013915e+00
3.447431403408898e-02	-2.013915e+00	-2.013914e+00
3.448431403408898e-02	-2.013916e+00	-2.013915e+00
3.449431403408898e-02	-2.013915e+00	-2.013914e+00
3.450431403408898e-02	-2.013916e+00	-2.013915e+00
3.451431403408898e-02	-2.013915e+00	-2.013914e+00
3.452431403408898e-02	-2.013916e+00	-2.013915e+00
3.453431403408899e-02	-2.013915e+00	-2.013914e+00
3.454431403408898e-02	-2.013916e+00	-2.013915e+00
3.455431403408898e-02	-2.013915e+00	-2.013915e+00
3.456431403408898e-02	-2.013916e+00	-2.013915e+00
3.457431403408898e-02	-2.013915e+00	-2.013915e+00
3.458431403408898e-02	-2.013916e+00	-2.013915e+00
3.459431403408898e-02	-2.013915e+00	-2.013915e+00
3.460431403408898e-02	-2.013916e+00	-2.013915e+00
3.461431403408898e-02	-2.013915e+00	-2.013915e+00
3.462431403408898e-02	-2.013916e+00	-2.013915e+00
3.463431403408898e-02	-2.013916e+00	-2.013915e+00
3.464431403408898e-02	-2.013916e+00	-2.013915e+00
3.465431403408898e-02	-2.013916e+00	-2.013915e+00
3.466431403408898e-02	-2.013916e+00	-2.013915e+00
3.467431403408898e-02	-2.013916e+00	-2.013915e+00
3.468431403408898e-02	-2.013916e+00	-2.013915e+00
3.469431403408899e-02	-2.013916e+00	-2.013915e+00
3.470431403408898e-02	-2.013916e+00	-2.013916e+00
3.471431403408898e-02	-2.013916e+00	-2.013915e+00
3.472431403408898e-02	-2.013916e+00	-2.013916e+00
3.473431403408898e-02	-2.013916e+00	-2.013915e+00
3.474431403408898e-02	-2.013916e+00	-2.013916e+00
3.475431403408898e-02	-2.013916e+00	-2.013915e+00
3.476431403408898e-02	-2.013916e+00	-2.013916e+00
3.477431403408898e-02	-2.013916e+00	-2.013915e+00
3.478431403408899e-02	-2.013916e+00	-2.013916e+00
3.479431403408898e-02	-2.013916e+00	-2.013915e+00
3.480431403408898e-02	-2.013917e+00	-2.013916e+00
3.481431403408898e-02	-2.013916e+00	-2.013915e+00
3.482431403408898e-02	-2.013917e+00	-2.013916e+00
3.483431403408898e-02	-2.013916e+00	-2.013915e+00
3.484431403408898e-02	-2.013917e+00	-2.013916e+00
3.485431403408898e-02	-2.013916e+00	-2.013915e+00
3.486431403408898e-02	-2.013917e+00	-2.013916e+00
3.487431403408899e-02	-2.013916e+00	-2.013915e+00
3.488431403408898e-02	-2.013917e+00	-2.013916e+00
3.489431403408898e-02	-2.013916e+00	-2.013915e+00
3.490431403408898e-02	-2.013917e+00	-2.013916e+00
3.491431403408898e-02	-2.013916e+00	-2.013915e+00
3.492431403408898e-02	-2.013917e+00	-2.013916e+00
3.493431403408898e-02	-2.013916e+00	-2.013915e+00
3.494431403408898e-02	-2.013917e+00	-2.013916e+00
3.495431403408898e-02	-2.013916e+00	-2.013915e+00
3.496431403408898e-02	-2.013917e+00	-2.013916e+00
3.497431403408898e-02	-2.013916e+00	-2.013916e+00
3.498431403408898e-02	-2.013917e+00	-2.013916e+00
3.499431403408898e-02	-2.013916e+00	-2.013916e+00
3.500431403408898e-02	-2.013917e+00	-2.013916e+00
3.501431403408898e-02	-2.013916e+00	-2.013916e+00
3.502431403408898e-02	-2.013917e+00	-2.013916e+00
3.503431403408899e-02	-2.013916e+00	-2.013916e+00
3.504431403408898e-02	-2.013917e+00	-2.013916e+00
3.505431403408898e-02	-2.013916e+00	-2.013916e+00
3.506431403408898e-02	-2.013917e+00	-2.013916e+00
3.507431403408898e-02	-2.013916e+00	-2.013916e+00
3.508431403408898e-02	-2.013917e+00	-2.013916e+00
3.509431403408898e-02	-2.013916e+00	-2.013916e+00
3.510431403408898e-02	-2.013917e+00	-2.013916e+00
3.511431403408898e-02	-2.013916e+00	-2.013916e+00
3.512431403408899e-02	-2.013917e+00	-2.013916e+00
3.513431403408898e-02	-2.013916e+00	-2.013916e+00
3.514431403408898e-02	-2.013917e+00	-2.013916e+00
3.515431403408898e-02	-2.013916e+00	-2.013916e+00
3.516431403408898e-02	-2.013917e+00	-2.013916e+00
3.517431403408898e-02	-2.013916e+00	-2.013916e+00
3.518431403408898e-02	-2.013917e+00	-2.013916e+00
3.519431403408898e-02	-2.013916e+00	-2.013916e+00
3.520431403408898e-02	-2.013917e+00	-2.013916e+00
3.521431403408899e-02	-2.013916e+00	-2.013916e+00
3.522431403408898e-02	-2.013917e+00	-2.013916e+00
3.523431403408898e-02	-2.013916e+00	-2.013916e+00
3.524431403408898e-02	-2.013917e+00	-2.013916e+00
3.525431403408898e-02	-2.013916e+00	-2.013916e+00
3.526431403408898e-02	-2.013917e+00	-2.013916e+00
3.527431403408898e-02	-2.013917e+00	-2.013916e+00
3.528431403408898e-02	-2.013917e+00	-2.013916e+00
3.529431403408898e-02	-2.013917e+00	-2.013916e+00
3.530431403408898e-02	-2.013917e+00	-2.013916e+00
3.531431403408898e-02	-2.013917e+00	-2.013916e+00
3.532431403408898e-02	-2.013917e+00	-2.013916e+00
3.533431403408898e-02	-2.013917e+00	-2.013916e+00
3.534431403408898e-02	-2.013917e+00	-2.013916e+00
3.535431403408898e-02	-2.013917e+00	-2.013916e+00
3.536431403408898e-02	-2.013917e+00	-2.013916e+00
3.537431403408899e-02	-2.013917e+00	-2.013916e+00
3.538431403408898e-02	-2.013917e+00	-2.013916e+00
3.539431403408898e-02	-2.013917e+00	-2.013916e+00
3.540431403408898e-02	-2.013917e+00	-2.013916e+00
3.541431403408898e-02	-2.013917e+00	-2.013916e+00
3.542431403408898e-02	-2.013917e+00	-2.013916e+00
3.543431403408898e-02	-2.013917e+00	-2.013916e+00
3.544431403408898e-02	-2.013917e+00	-2.013916e+00
3.545431403408898e-02	-2.013917e+00	-2.013916e+00
3.546431403408899e-02	-2.013917e+00	-2.013916e+00
3.547431403408898e-02	-2.013917e+00	-2.013916e+00
3.548431403408898e-02	-2.013917e+00	-2.013916e+00
3.549431403408898e-02	-2.013917e+00	-2.013916e+00
3.550431403408898e-02	-2.013917e+00	-2.013916e+00
3.551431403408898e-02	-2.013917e+00	-2.013916e+00
3.552431403408898e-02	-2.013917e+00	-2.013916e+00
3.553431403408898e-02	-2.013917e+00	-2.013916e+00
3.554431403408898e-02	-2.013917e+00	-2.013916e+00
3.555431403408899e-02	-2.013917e+00	-2.013916e+00
3.556431403408898e-02	-2.013917e+00	-2.013916e+00
3.557431403408898e-02	-2.013917e+00	-2.013916e+00
3.558431403408898e-02	-2.013917e+00	-2.013916e+00
3.559431403408898e-02	-2.013917e+00	-2.013916e+00
3.560431403408898e-02	-2.013917e+00	-2.013916e+00
3.561431403408898e-02	-2.013917e+00	-2.013916e+00
3.562431403408898e-02	-2.013917e+00	-2.013916e+00
3.563431403408898e-02	-2.013917e+00	-2.013916e+00
3.564431403408898e-02	-2.013917e+00	-2.013916e+00
3.565431403408898e-02	-2.013917e+00	-2.013916e+00
3.566431403408898e-02	-2.013917e+00	-2.013916e+00
3.567431403408898e-02	-2.013917e+00	-2.013916e+00
3.568431403408898e-02	-2.013917e+00	-2.013916e+00
3.569431403408898e-02	-2.013917e+00	-2.013916e+00
3.570431403408898e-02	-2.013917e+00	-2.013916e+00
3.571431403408898e-02	-2.013917e+00	-2.013916e+00
3.572431403408898e-02	-2.013917e+00	-2.013916e+00
3.573431403408898e-02	-2.013917e+00	-2.013916e+00
3.574431403408898e-02	-2.013917e+00	-2.013916e+00
3.575431403408898e-02	-2.013917e+00	-2.013916e+00
3.576431403408898e-02	-2.013917e+00	-2.013916e+00
3.577431403408898e-02	-2.013917e+00	-2.013916e+00
3.578431403408898e-02	-2.013917e+00	-2.013916e+00
3.579431403408898e-02	-2.013917e+00	-2.013916e+00
3.580431403408899e-02	-2.013917e+00	-2.013916e+00
3.581431403408898e-02	-2.013917e+00	-2.013916e+00
3.582431403408898e-02	-2.013917e+00	-2.013916e+00
3.583431403408898e-02	-2.013917e+00	-2.013916e+00
3.584431403408898e-02	-2.013917e+00	-2.013916e+00
3.585431403408898e-02	-2.013917e+00	-2.013916e+00
3.586431403408898e-02	-2.013917e+00	-2.013916e+00
3.587431403408898e-02	-2.013917e+00	-2.013916e+00
3.588431403408898e-02	-2.013917e+00	-2.013916e+00
3.589431403408899e-02	-2.013917e+00	-2.013916e+00
3.590431403408898e-02	-2.013917e+00	-2.013916e+00
3.591431403408898e-02	-2.013917e+00	-2.013916e+00
3.592431403408898e-02	-2.013917e+00	-2.013916e+00
3.593431403408898e-02	-2.013917e+00	-2.013916e+00
3.594431403408898e-02	-2.013917e+00	-2.013916e+00
3.595431403408898e-02	-2.013917e+00	-2.013916e+00
3.596431403408898e-02	-2.013917e+00	-2.013916e+00
3.597431403408898e-02	-2.013917e+00	-2.013916e+00
3.598431403408898e-02	-2.013917e+00	-2.013916e+00
3.599431403408898e-02	-2.013917e+00	-2.013916e+00
3.600431403408898e-02	-2.013917e+00	-2.013916e+00
3.601431403408898e-02	-2.013917e+00	-2.013916e+00
3.602431403408898e-02	-2.013917e+00	-2.013916e+00
3.603431403408898e-02	-2.013917e+00	-2.013916e+00
3.604431403408898e-02	-2.013917e+00	-2.013916e+00
3.605431403408898e-02	-2.013917e+00	-2.013916e+00
3.606431403408898e-02	-2.013917e+00	-2.013916e+00
3.607431403408898e-02	-2.013917e+00	-2.013916e+00
3.608431403408898e-02	-2.013917e+00	-2.013916e+00
3.609431403408898e-02	-2.013917e+00	-2.013916e+00
3.610431403408898e-02	-2.013917e+00	-2.013916e+00
3.611431403408898e-02	-2.013917e+00	-2.013916e+00
3.612431403408898e-02	-2.013917e+00	-2.013916e+00
3.613431403408898e-02	-2.013917e+00	-2.013916e+00
3.614431403408899e-02	-2.013917e+00	-2.013916e+00
3.615431403408898e-02	-2.013917e+00	-2.013916e+00
3.616431403408898e-02	-2.013917e+00	-2.013916e+00
3.617431403408898e-02	-2.013917e+00	-2.013916e+00
3.618431403408898e-02	-2.013917e+00	-2.013916e+00
3.619431403408898e-02	-2.013917e+00	-2.013916e+00
3.620431403408898e-02	-2.013917e+00	-2.013916e+00
3.621431403408898e-02	-2.013917e+00	-2.013916e+00
3.622431403408898e-02	-2.013917e+00	-2.013916e+00
3.623431403408899e-02	-2.013917e+00	-2.013916e+00
3.624431403408898e-02	-2.013917e+00	-2.013916e+00
3.625431403408898e-02	-2.013917e+00	-2.013916e+00
3.626431403408898e-02	-2.013917e+00	-2.013916e+00
3.627431403408898e-02	-2.013917e+00	-2.013916e+00
3.628431403408898e-02	-2.013917e+00	-2.013916e+00
3.629431403408898e-02	-2.013917e+00	-2.013916e+00
3.630431403408898e-02	-2.013917e+00	-2.013916e+00
3.631431403408898e-02	-2.013917e+00	-2.013916e+00
3.632431403408899e-02	-2.013917e+00	-2.013916e+00
3.633431403408898e-02	-2.013917e+00	-2.013916e+00
3.634431403408898e-02	-2.013917e+00	-2.013916e+00
3.635431403408898e-02	-2.013917e+00	-2.013916e+00
3.636431403408898e-02	-2.013917e+00	-2.013916e+00
3.637431403408898e-02	-2.013917e+00	-2.013916e+00
3.638431403408898e-02	-2.013917e+00	-2.013916e+00
3.639431403408898e-02	-2.013917e+00	-2.013916e+00
3.640431403408898e-02	-2.013917e+00	-2.013916e+00
3.641431403408898e-02	-2.013917e+00	-2.013916e+00
3.642431403408898e-02	-2.013917e+00	-2.013916e+00
3.643431403408898e-02	-2.013917e+00	-2.013916e+00
3.644431403408898e-02	-2.013917e+00	-2.013916e+00
3.645431403408898e-02	-2.013917e+00	-2.013916e+00
3.646431403408898e-02	-2.013917e+00	-2.013916e+00
3.647431403408898e-02	-2.013917e+00	-2.013916e+00
3.648431403408899e-02	-2.013917e+00	-2.013916e+00
3.649431403408898e-02	-2.013917e+00	-2.013916e+00
3.650431403408898e-02	-2.013917e+00	-2.013916e+00
3.651431403408898e-02	-2.013917e+00	-2.013916e+00
3.652431403408898e-02	-2.013917e+00	-2.013916e+00
3.653431403408898e-02	-2.013917e+00	-2.013916e+00
3.654431403408898e-02	-2.013917e+00	-2.013916e+00
3.655431403408898e-02	-2.013917e+00	-2.013916e+00
3.656431403408898e-02	-2.013917e+00	-2.013916e+00
3.657431403408899e-02	-2.013917e+00	-2.013916e+00
3.658431403408898e-02	-2.013917e+00	-2.013916e+00
3.659431403408898e-02	-2.013917e+00	-2.013916e+00
3.660431403408898e-02	-2.013917e+00	-2.013916e+00
3.661431403408898e-02	-2.013917e+00	-2.013916e+00
3.662431403408898e-02	-2.013917e+00	-2.013916e+00
3.663431403408898e-02	-2.013917e+00	-2.013916e+00
3.664431403408898e-02	-2.013917e+00	-2.013916e+00
3.665431403408898e-02	-2.013917e+00	-2.013916e+00
3.666431403408899e-02	-2.013917e+00	-2.013916e+00
3.667431403408898e-02	-2.013917e+00	-2.013916e+00
3.668431403408898e-02	-2.013917e+00	-2.013916e+00
3.669431403408898e-02	-2.013917e+00	-2.013916e+00
3.670431403408898e-02	-2.013917e+00	-2.013916e+00
3.671431403408898e-02	-2.013917e+00	-2.013916e+00
3.672431403408898e-02	-2.013917e+00	-2.013916e+00
3.673431403408898e-02	-2.013917e+00	-2.013916e+00
3.674431403408898e-02	-2.013917e+00	-2.013916e+00
3.675431403408898e-02	-2.013917e+00	-2.013916e+00
3.676431403408898e-02	-2.013917e+00	-2.013916e+00
3.677431403408898e-02	-2.013917e+00	-2.013916e+00
3.678431403408898e-02	-2.013917e+00	-2.013916e+00
3.679431403408898e-02	-2.013917e+00	-2.013916e+00
3.680431403408898e-02	-2.013917e+00	-2.013916e+00
3.681431403408898e-02	-2.013917e+00	-2.013916e+00
3.682431403408899e-02	-2.013917e+00	-2.013916e+00
3.683431403408898e-02	-2.013917e+00	-2.013916e+00
3.684431403408898e-02	-2.013917e+00	-2.013916e+00
3.685431403408898e-02	-2.013917e+00	-2.013916e+00
3.686431403408898e-02	-2.013917e+00	-2.013916e+00
3.687431403408898e-02	-2.013917e+00	-2.013916e+00
3.688431403408898e-02	-2.013917e+00	-2.013916e+00
3.689431403408898e-02	-2.013917e+00	-2.013916e+00
3.690431403408898e-02	-2.013917e+00	-2.013916e+00
3.691431403408899e-02	-2.013917e+00	-2.013916e+00
3.692431403408898e-02	-2.013917e+00	-2.013916e+00
3.693431403408898e-02	-2.013917e+00	-2.013916e+00
3.694431403408898e-02	-2.013917e+00	-2.013916e+00
3.695431403408898e-02	-2.013917e+00	-2.013916e+00
3.696431403408898e-02	-2.013917e+00	-2.013916e+00
3.697431403408898e-02	-2.013917e+00	-2.013916e+00
3.698431403408898e-02	-2.013917e+00	-2.013916e+00
3.699431403408898e-02	-2.013917e+00	-2.013916e+00
3.700431403408899e-02	-2.013917e+00	-2.013916e+00
3.701431403408898e-02	-2.013917e+00	-2.013916e+00
3.702431403408898e-02	-2.013917e+00	-2.013916e+00
3.703431403408898e-02	-2.013917e+00	-2.013916e+00
3.704431403408898e-02	-2.013917e+00	-2.013916e+00
3.705431403408898e-02	-2.013917e+00	-2.013916e+00
3.706431403408898e-02	-2.013917e+00	-2.013916e+00
3.707431403408898e-02	-2.013917e+00	-2.013916e+00
3.708431403408898e-02	-2.013917e+00	-2.013916e+00
3.709431403408898e-02	-2.013917e+00	-2.013916e+00
3.710431403408898e-02	-2.013917e+00	-2.013916e+00
3.711431403408898e-02	-2.013917e+00	-2.013916e+00
3.712431403408898e-02	-2.013917e+00	-2.013916e+00
3.713431403408898e-02	-2.013917e+00	-2.013916e+00
3.714431403408898e-02	-2.013917e+00	-2.013916e+00
3.715431403408898e-02	-2.013917e+00	-2.013916e+00
3.716431403408898e-02	-2.013917e+00	-2.013916e+00
3.717431403408898e-02	-2.013917e+00	-2.013916e+00
3.718431403408898e-02	-2.013917e+00	-2.013916e+00
3.719431403408898e-02	-2.013917e+00	-2.013916e+00
3.720431403408898e-02	-2.013917e+00	-2.013916e+00
3.721431403408898e-02	-2.013917e+00	-2.013916e+00
3.722431403408898e-02	-2.013917e+00	-2.013916e+00
3.723431403408898e-02	-2.013917e+00	-2.013916e+00
3.724431403408898e-02	-2.013917e+00	-2.013916e+00
3.725431403408899e-02	-2.013917e+00	-2.013916e+00
3.726431403408898e-02	-2.013917e+00	-2.013916e+00
3.727431403408898e-02	-2.013917e+00	-2.013916e+00
3.728431403408898e-02	-2.013917e+00	-2.013916e+00
3.729431403408898e-02	-2.013917e+00	-2.013916e+00
3.730431403408898e-02	-2.013917e+00	-2.013916e+00
3.731431403408898e-02	-2.013917e+00	-2.013916e+00
3.732431403408898e-02	-2.013917e+00	-2.013916e+00
3.733431403408898e-02	-2.013917e+00	-2.013916e+00
3.734431403408899e-02	-2.013917e+00	-2.013916e+00
3.735431403408898e-02	-2.013917e+00	-2.013916e+00
3.736431403408898e-02	-2.013917e+00	-2.013916e+00
3.737431403408898e-02	-2.013917e+00	-2.013916e+00
3.738431403408898e-02	-2.013917e+00	-2.013916e+00
3.739431403408898e-02	-2.013917e+00	-2.013916e+00
3.740431403408898e-02	-2.013917e+00	-2.013916e+00
3.741431403408898e-02	-2.013917e+00	-2.013916e+00
3.742431403408898e-02	-2.013917e+00	-2.013916e+00
3.743431403408898e-02	-2.013917e+00	-2.013916e+00
3.744431403408898e-02	-2.013917e+00	-2.013916e+00
3.745431403408898e-02	-2.013917e+00	-2.013916e+00
3.746431403408898e-02	-2.013917e+00	-2.013916e+00
3.747431403408898e-02	-2.013917e+00	-2.013916e+00
3.748431403408898e-02	-2.013917e+00	-2.013916e+00
3.749431403408898e-02	-2.013917e+00	-2.013916e+00
3.750431403408898e-02	-2.013917e+00	-2.013916e+00
3.751431403408898e-02	-2.013917e+00	-2.013916e+00
3.752431403408898e-02	-2.013917e+00	-2.013916e+00
3.753431403408898e-02	-2.013917e+00	-2.013916e+00
3.754431403408898e-02	-2.013917e+00	-2.013916e+00
3.755431403408898e-02	-2.013917e+00	-2.013916e+00
3.756431403408898e-02	-2.013917e+00	-2.013916e+00
3.757431403408898e-02	-2.013917e+00	-2.013916e+00
3.758431403408898e-02	-2.013917e+00	-2.013916e+00
3.759431403408899e-02	-2.013917e+00	-2.013916e+00
3.760431403408898e-02	-2.013917e+00	-2.013916e+00
3.761431403408898e-02	-2.013917e+00	-2.013916e+00
3.762431403408898e-02	-2.013917e+00	-2.013916e+00
3.763431403408898e-02	-2.013917e+00	-2.013916e+00
3.764431403408898e-02	-2.013917e+00	-2.013916e+00
3.765431403408898e-02	-2.013917e+00	-2.013916e+00
3.766431403408898e-02	-2.013917e+00	-2.013916e+00
3.767431403408898e-02	-2.013917e+00	-2.013916e+00
3.768431403408899e-02	-2.013917e+00	-2.013916e+00
3.769431403408898e-02	-2.013917e+00	-2.013916e+00
3.770431403408898e-02	-2.013917e+00	-2.013916e+00
3.771431403408898e-02	-2.013917e+00	-2.013916e+00
3.772431403408898e-02	-2.013917e+00	-2.013916e+00
3.773431403408898e-02	-2.013917e+00	-2.013916e+00
3.774431403408898e-02	-2.013917e+00	-2.013916e+00
3.775431403408898e-02	-2.013917e+00	-2.013916e+00
3.776431403408898e-02	-2.013917e+00	-2.013916e+00
3.777431403408898e-02	-2.013917e+00	-2.013916e+00
3.778431403408898e-02	-2.013917e+00	-2.013916e+00
3.779431403408898e-02	-2.013917e+00	-2.013916e+00
3.780431403408898e-02	-2.013917e+00	-2.013916e+00
3.781431403408898e-02	-2.013917e+00	-2.013916e+00
3.782431403408898e-02	-2.013917e+00	-2.013916e+00
3.783431403408898e-02	-2.013917e+00	-2.013916e+00
3.784431403408898e-02	-2.013917e+00	-2.013916e+00
3.785431403408898e-02	-2.013917e+00	-2.013916e+00
3.786431403408898e-02	-2.013917e+00	-2.013916e+00
3.787431403408898e-02	-2.013917e+00	-2.013916e+00
3.788431403408898e-02	-2.013917e+00	-2.013916e+00
3.789431403408898e-02	-2.013917e+00	-2.013916e+00
3.790431403408898e-02	-2.013917e+00	-2.013916e+00
3.791431403408898e-02	-2.013917e+00	-2.013916e+00
3.792431403408898e-02	-2.013917e+00	-2.013916e+00
3.793431403408899e-02	-2.013917e+00	-2.013916e+00
3.794431403408898e-02	-2.013917e+00	-2.013916e+00
3.795431403408898e-02	-2.013917e+00	-2.013916e+00
3.796431403408898e-02	-2.013917e+00	-2.013916e+00
3.797431403408898e-02	-2.013917e+00	-2.013916e+00
3.798431403408898e-02	-2.013917e+00	-2.013916e+00
3.799431403408898e-02	-2.013917e+00	-2.013916e+00
3.800431403408898e-02	-2.013917e+00	-2.013916e+00
3.801431403408898e-02	-2.013917e+00	-2.013916e+00
3.802431403408899e-02	-2.013917e+00	-2.013916e+00
3.803431403408898e-02	-2.013917e+00	-2.013916e+00
3.804431403408898e-02	-2.013917e+00	-2.013916e+00
3.805431403408898e-02	-2.013917e+00	-2.013916e+00
3.806431403408898e-02	-2.013917e+00	-2.013916e+00
3.807431403408898e-02	-2.013917e+00	-2.013916e+00
3.808431403408898e-02	-2.013917e+00	-2.013916e+00
3.809431403408898e-02	-2.013917e+00	-2.013916e+00
3.810431403408898e-02	-2.013917e+00	-2.013916e+00
3.811431403408898e-02	-2.013917e+00	-2.013916e+00
3.812431403408898e-02	-2.013917e+00	-2.013916e+00
3.813431403408898e-02	-2.013917e+00	-2.013916e+00
3.814431403408898e-02	-2.013917e+00	-2.013916e+00
3.815431403408898e-02	-2.013917e+00	-2.013916e+00
3.816431403408898e-02	-2.013917e+00	-2.013916e+00
3.817431403408898e-02	-2.013917e+00	-2.013916e+00
3.818431403408898e-02	-2.013917e+00	-2.013916e+00
3.819431403408898e-02	-2.013917e+00	-2.013916e+00
3.820431403408898e-02	-2.013917e+00	-2.013916e+00
3.821431403408898e-02	-2.013917e+00	-2.013916e+00
3.822431403408898e-02	-2.013917e+00	-2.013916e+00
3.823431403408898e-02	-2.013917e+00	-2.013916e+00
3.824431403408898e-02	-2.013917e+00	-2.013916e+00
3.825431403408898e-02	-2.013917e+00	-2.013916e+00
3.826431403408898e-02	-2.013917e+00	-2.013916e+00
3.827431403408898e-02	-2.013917e+00	-2.013916e+00
3.828431403408898e-02	-2.013917e+00	-2.013916e+00
3.829431403408898e-02	-2.013917e+00	-2.013916e+00
3.830431403408898e-02	-2.013917e+00	-2.013916e+00
3.831431403408898e-02	-2.013917e+00	-2.013916e+00
3.832431403408898e-02	-2.013917e+00	-2.013916e+00
3.833431403408898e-02	-2.013917e+00	-2.013916e+00
3.834431403408898e-02	-2.013917e+00	-2.013916e+00
3.835431403408898e-02	-2.013917e+00	-2.013916e+00
3.836431403408899e-02	-2.013917e+00	-2.013916e+00
3.837431403408898e-02	-2.013917e+00	-2.013916e+00
3.838431403408898e-02	-2.013917e+00	-2.013916e+00
3.839431403408898e-02	-2.013917e+00	-2.013916e+00
3.840431403408898e-02	-2.013917e+00	-2.013916e+00
3.841431403408898e-02	-2.013917e+00	-2.013916e+00
3.842431403408898e-02	-2.013917e+00	-2.013916e+00
3.843431403408898e-02	-2.013917e+00	-2.013916e+00
3.844431403408898e-02	-2.013917e+00	-2.013916e+00
3.845431403408898e-02	-2.013917e+00	-2.013916e+00
3.846431403408898e-02	-2.013917e+00	-2.013916e+00
3.847431403408898e-02	-2.013917e+00	-2.013916e+00
3.848431403408898e-02	-2.013917e+00	-2.013916e+00
3.849431403408898e-02	-2.013917e+00	-2.013916e+00
3.850431403408898e-02	-2.013917e+00	-2.013916e+00
3.851431403408898e-02	-2.013917e+00	-2.013916e+00
3.852431403408898e-02	-2.013917e+00	-2.013916e+00
3.853431403408898e-02	-2.013917e+00	-2.013916e+00
3.854431403408898e-02	-2.013917e+00	-2.013916e+00
3.855431403408898e-02	-2.013917e+00	-2.013916e+00
3.856431403408898e-02	-2.013917e+00	-2.013916e+00
3.857431403408898e-02	-2.013917e+00	-2.013916e+00
3.858431403408898e-02	-2.013917e+00	-2.013916e+00
3.859431403408898e-02	-2.013917e+00	-2.013916e+00
3.860431403408898e-02	-2.013917e+00	-2.013916e+00
3.861431403408898e-02	-2.013917e+00	-2.013916e+00
3.862431403408898e-02	-2.013917e+00	-2.013916e+00
3.863431403408898e-02	-2.013917e+00	-2.013916e+00
3.864431403408898e-02	-2.013917e+00	-2.013916e+00
3.865431403408898e-02	-2.013917e+00	-2.013916e+00
3.866431403408898e-02	-2.013917e+00	-2.013916e+00
3.867431403408898e-02	-2.013917e+00	-2.013916e+00
3.868431403408898e-02	-2.013917e+00	-2.013916e+00
3.869431403408898e-02	-2.013917e+00	-2.013916e+00
3.870431403408899e-02	-2.013917e+00	-2.013916e+00
3.871431403408898e-02	-2.013917e+00	-2.013916e+00
3.872431403408898e-02	-2.013917e+00	-2.013916e+00
3.873431403408898e-02	-2.013917e+00	-2.013916e+00
3.874431403408898e-02	-2.013917e+00	-2.013916e+00
3.875431403408898e-02	-2.013917e+00	-2.013916e+00
3.876431403408898e-02	-2.013917e+00	-2.013916e+00
3.877431403408898e-02	-2.013917e+00	-2.013916e+00
3.878431403408898e-02	-2.013917e+00	-2.013916e+00
3.879431403408898e-02	-2.013917e+00	-2.013916e+00
3.880431403408898e-02	-2.013917e+00	-2.013916e+00
3.881431403408898e-02	-2.013917e+00	-2.013916e+00
3.882431403408898e-02	-2.013917e+00	-2.013916e+00
3.883431403408898e-02	-2.013917e+00	-2.013916e+00
3.884431403408898e-02	-2.013917e+00	-2.013916e+00
3.885431403408898e-02	-2.013917e+00	-2.013916e+00
3.886431403408898e-02	-2.013917e+00	-2.013916e+00
3.887431403408898e-02	-2.013917e+00	-2.013916e+00
3.888431403408898e-02	-2.013917e+00	-2.013916e+00
3.889431403408898e-02	-2.013917e+00	-2.013916e+00
3.890431403408898e-02	-2.013917e+00	-2.013916e+00
3.891431403408898e-02	-2.013917e+00	-2.013916e+00
3.892431403408898e-02	-2.013917e+00	-2.013916e+00
3.893431403408898e-02	-2.013917e+00	-2.013916e+00
3.894431403408898e-02	-2.013917e+00	-2.013916e+00
3.895431403408898e-02	-2.013917e+00	-2.013916e+00
3.896431403408898e-02	-2.013917e+00	-2.013916e+00
3.897431403408898e-02	-2.013917e+00	-2.013916e+00
3.898431403408898e-02	-2.013917e+00	-2.013916e+00
3.899431403408898e-02	-2.013917e+00	-2.013916e+00
3.900431403408898e-02	-2.013917e+00	-2.013916e+00
3.901431403408898e-02	-2.013917e+00	-2.013916e+00
3.902431403408898e-02	-2.013917e+00	-2.013916e+00
3.903431403408898e-02	-2.013917e+00	-2.013916e+00
3.904431403408899e-02	-2.013917e+00	-2.013916e+00
3.905431403408898e-02	-2.013917e+00	-2.013916e+00
3.906431403408898e-02	-2.013917e+00	-2.013916e+00
3.907431403408898e-02	-2.013917e+00	-2.013916e+00
3.908431403408898e-02	-2.013917e+00	-2.013916e+00
3.909431403408898e-02	-2.013917e+00	-2.013916e+00
3.910431403408898e-02	-2.013917e+00	-2.013916e+00
3.911431403408898e-02	-2.013917e+00	-2.013916e+00
3.912431403408898e-02	-2.013917e+00	-2.013916e+00
3.913431403408899e-02	-2.013917e+00	-2.013916e+00
3.914431403408898e-02	-2.013917e+00	-2.013916e+00
3.915431403408898e-02	-2.013917e+00	-2.013916e+00
3.916431403408898e-02	-2.013917e+00	-2.013916e+00
3.917431403408898e-02	-2.013917e+00	-2.013916e+00
3.918431403408898e-02	-2.013917e+00	-2.013916e+00
3.919431403408898e-02	-2.013917e+00	-2.013916e+00
3.920431403408898e-02	-2.013917e+00	-2.013916e+00
3.921431403408898e-02	-2.013917e+00	-2.013916e+00
3.922431403408898e-02	-2.013917e+00	-2.013916e+00
3.923431403408898e-02	-2.013917e+00	-2.013916e+00
3.924431403408898e-02	-2.013917e+00	-2.013916e+00
3.925431403408898e-02	-2.013917e+00	-2.013916e+00
3.926431403408898e-02	-2.013917e+00	-2.013916e+00
3.927431403408898e-02	-2.013917e+00	-2.013916e+00
3.928431403408898e-02	-2.013917e+00	-2.013916e+00
3.929431403408898e-02	-2.013917e+00	-2.013916e+00
3.930431403408898e-02	-2.013917e+00	-2.013916e+00
3.931431403408898e-02	-2.013917e+00	-2.013916e+00
3.932431403408898e-02	-2.013917e+00	-2.013916e+00
3.933431403408898e-02	-2.013917e+00	-2.013916e+00
3.934431403408898e-02	-2.013917e+00	-2.013916e+00
3.935431403408898e-02	-2.013917e+00	-2.013916e+00
3.936431403408898e-02	-2.013917e+00	-2.013916e+00
3.937431403408898e-02	-2.013917e+00	-2.013916e+00
3.938431403408899e-02	-2.013917e+00	-2.013916e+00
3.939431403408898e-02	-2.013917e+00	-2.013916e+00
3.940431403408898e-02	-2.013917e+00	-2.013916e+00
3.941431403408898e-02	-2.013917e+00	-2.013916e+00
3.942431403408898e-02	-2.013917e+00	-2.013916e+00
3.943431403408898e-02	-2.013917e+00	-2.013916e+00
3.944431403408898e-02	-2.013917e+00	-2.013916e+00
3.945431403408898e-02	-2.013917e+00	-2.013916e+00
3.946431403408898e-02	-2.013917e+00	-2.013916e+00
3.947431403408899e-02	-2.013917e+00	-2.013916e+00
3.948431403408898e-02	-2.013917e+00	-2.013916e+00
3.949431403408898e-02	-2.013917e+00	-2.013916e+00
3.950431403408898e-02	-2.013917e+00	-2.013916e+00
3.951431403408898e-02	-2.013917e+00	-2.013916e+00
3.952431403408898e-02	-2.013917e+00	-2.013916e+00
3.953431403408898e-02	-2.013917e+00	-2.013916e+00
3.954431403408898e-02	-2.013917e+00	-2.013916e+00
3.955431403408898e-02	-2.013917e+00	-2.013916e+00
3.956431403408898e-02	-2.013917e+00	-2.013916e+00
3.957431403408898e-02	-2.013917e+00	-2.013916e+00
3.958431403408898e-02	-2.013917e+00	-2.013916e+00
3.959431403408898e-02	-2.013917e+00	-2.013916e+00
3.960431403408898e-02	-2.013917e+00	-2.013916e+00
3.961431403408898e-02	-2.013917e+00	-2.013916e+00
3.962431403408898e-02	-2.013917e+00	-2.013916e+00
3.963431403408898e-02	-2.013917e+00	-2.013916e+00
3.964431403408898e-02	-2.013917e+00	-2.013916e+00
3.965431403408898e-02	-2.013917e+00	-2.013916e+00
3.966431403408898e-02	-2.013917e+00	-2.013916e+00
3.967431403408898e-02	-2.013917e+00	-2.013916e+00
3.968431403408898e-02	-2.013917e+00	-2.013916e+00
3.969431403408898e-02	-2.013917e+00	-2.013916e+00
3.970431403408898e-02	-2.013917e+00	-2.013916e+00
3.971431403408898e-02	-2.013917e+00	-2.013916e+00
3.972431403408898e-02	-2.013917e+00	-2.013916e+00
3.973431403408898e-02	-2.013917e+00	-2.013916e+00
3.974431403408898e-02	-2.013917e+00	-2.013916e+00
3.975431403408898e-02	-2.013917e+00	-2.013916e+00
3.976431403408898e-02	-2.013917e+00	-2.013916e+00
3.977431403408898e-02	-2.013917e+00	-2.013916e+00
3.978431403408898e-02	-2.013917e+00	-2.013916e+00
3.979431403408898e-02	-2.013917e+00	-2.013916e+00
3.980431403408898e-02	-2.013917e+00	-2.013916e+00
3.981431403408899e-02	-2.013917e+00	-2.013916e+00
3.982431403408898e-02	-2.013917e+00	-2.013916e+00
3.983431403408898e-02	-2.013917e+00	-2.013916e+00
3.984431403408898e-02	-2.013917e+00	-2.013916e+00
3.985431403408898e-02	-2.013917e+00	-2.013916e+00
3.986431403408898e-02	-2.013917e+00	-2.013916e+00
3.987431403408898e-02	-2.013917e+00	-2.013916e+00
3.988431403408898e-02	-2.013917e+00	-2.013916e+00
3.989431403408898e-02	-2.013917e+00	-2.013916e+00
3.990431403408898e-02	-2.013917e+00	-2.013916e+00
3.991431403408898e-02	-2.013917e+00	-2.013916e+00
3.992431403408898e-02	-2.013917e+00	-2.013916e+00
3.993431403408898e-02	-2.013917e+00	-2.013916e+00
3.994431403408898e-02	-2.013917e+00	-2.013916e+00
3.995431403408898e-02	-2.013917e+00	-2.013916e+00
3.996431403408898e-02	-2.013917e+00	-2.013916e+00
3.997431403408898e-02	-2.013917e+00	-2.013916e+00
3.998431403408898e-02	-2.013917e+00	-2.013916e+00
3.999431403408898e-02	-2.013917e+00	-2.013916e+00
4.000000000000000e-02	-2.013917e+00	-2.013916e+00
