Save Time:,2026-05-11 13:08:04,,,
,,CH1,CH2,
Frequency:,,?,?,
Period:,,?,?,
SP:,,500.000 uS,500.000 uS,
PK-PK:,,3.840 V,2.760 V,
,,,,
Units:(mV),,,,
1,500.000us,3320,1040,-2280
2,1000.000us,3360,1040,-2320
3,1500.000us,3040,920,-2120
4,2000.000us,3040,920,-2120
5,2500.000us,3000,920,-2080
6,3000.000us,3000,960,-2040
7,3500.000us,2960,880,-2080
8,4000.000us,3000,920,-2080
9,4500.000us,2960,920,-2040
10,5000.000us,3000,960,-2040
11,5500.000us,2960,880,-2080
12,6000.000us,2960,920,-2040
13,6500.000us,2960,880,-2080
14,7000.000us,3000,960,-2040
15,7500.000us,2960,880,-2080
16,8000.000us,3000,920,-2080
17,8500.000us,2920,920,-2000
18,9000.000us,3000,960,-2040
19,9500.000us,2920,920,-2000
20,10000.000us,3000,920,-2080
21,10500.000us,2960,920,-2040
22,11000.000us,3040,960,-2080
23,11500.000us,2960,880,-2080
24,12000.000us,3000,920,-2080
25,12500.000us,3040,920,-2120
26,13000.000us,3040,960,-2080
27,13500.000us,3000,920,-2080
28,14000.000us,3040,960,-2080
29,14500.000us,3040,880,-2160
30,15000.000us,3200,1040,-2160
31,15500.000us,3040,880,-2160
32,16000.000us,3200,1040,-2160
33,16500.000us,3240,1040,-2200
34,17000.000us,3520,1120,-2400
35,17500.000us,3240,1040,-2200
36,18000.000us,3520,1080,-2440
37,18500.000us,3480,1040,-2440
38,19000.000us,3520,1080,-2440
39,19500.000us,3400,1000,-2400
40,20000.000us,3400,1040,-2360
41,20500.000us,3400,1000,-2400
42,21000.000us,3400,1000,-2400
43,21500.000us,3000,920,-2080
44,22000.000us,3000,920,-2080
45,22500.000us,3000,920,-2080
46,23000.000us,3040,960,-2080
47,23500.000us,2960,880,-2080
48,24000.000us,2960,920,-2040
49,24500.000us,3000,920,-2080
50,25000.000us,3000,960,-2040
51,25500.000us,2920,880,-2040
52,26000.000us,2960,920,-2040
53,26500.000us,2960,920,-2040
54,27000.000us,3000,960,-2040
55,27500.000us,2960,880,-2080
56,28000.000us,3000,960,-2040
57,28500.000us,3000,880,-2120
58,29000.000us,3000,960,-2040
59,29500.000us,2920,880,-2040
60,30000.000us,3000,920,-2080
61,30500.000us,3000,920,-2080
62,31000.000us,3040,960,-2080
63,31500.000us,3000,880,-2120
64,32000.000us,3000,920,-2080
65,32500.000us,3000,960,-2040
66,33000.000us,3040,960,-2080
67,33500.000us,2960,920,-2040
68,34000.000us,3040,920,-2120
69,34500.000us,3040,960,-2080
70,35000.000us,3200,1000,-2200
71,35500.000us,3040,920,-2120
72,36000.000us,3200,1000,-2200
73,36500.000us,3280,1000,-2280
74,37000.000us,3480,1120,-2360
75,37500.000us,3280,1000,-2280
76,38000.000us,3480,1040,-2440
77,38500.000us,3520,1080,-2440
78,39000.000us,3520,1080,-2440
79,39500.000us,3360,1000,-2360
80,40000.000us,3360,1000,-2360
81,40500.000us,3360,1000,-2360
82,41000.000us,3360,1000,-2360
83,41500.000us,2960,920,-2040
84,42000.000us,2960,960,-2000
85,42500.000us,2960,920,-2040
86,43000.000us,3000,920,-2080
87,43500.000us,2960,880,-2080
88,44000.000us,2960,920,-2040
89,44500.000us,3000,920,-2080
90,45000.000us,3000,960,-2040
91,45500.000us,2920,880,-2040
92,46000.000us,3000,880,-2120
93,46500.000us,2960,880,-2080
94,47000.000us,3000,920,-2080
95,47500.000us,2960,880,-2080
96,48000.000us,3000,920,-2080
97,48500.000us,2960,920,-2040
98,49000.000us,3000,960,-2040
99,49500.000us,2920,920,-2000
100,50000.000us,3000,920,-2080
101,50500.000us,3000,920,-2080
102,51000.000us,3040,960,-2080
103,51500.000us,3000,920,-2080
104,52000.000us,3000,920,-2080
105,52500.000us,3000,920,-2080
106,53000.000us,3040,1000,-2040
107,53500.000us,3000,920,-2080
108,54000.000us,3000,1000,-2000
109,54500.000us,3040,920,-2120
110,55000.000us,3200,1000,-2200
111,55500.000us,3040,920,-2120
112,56000.000us,3200,960,-2240
113,56500.000us,3280,1040,-2240
114,57000.000us,3520,1080,-2440
115,57500.000us,3280,1000,-2280
116,58000.000us,3520,1080,-2440
117,58500.000us,3480,1080,-2400
118,59000.000us,3480,1080,-2400
119,59500.000us,3360,1000,-2360
120,60000.000us,3360,1040,-2320
121,60500.000us,3360,1040,-2320
122,61000.000us,3360,1040,-2320
123,61500.000us,2960,880,-2080
124,62000.000us,2960,920,-2040
125,62500.000us,2960,920,-2040
126,63000.000us,3040,960,-2080
127,63500.000us,2960,880,-2080
128,64000.000us,2960,920,-2040
129,64500.000us,2960,920,-2040
130,65000.000us,3000,960,-2040
131,65500.000us,2960,920,-2040
132,66000.000us,2960,920,-2040
133,66500.000us,2960,880,-2080
134,67000.000us,3000,920,-2080
135,67500.000us,2960,880,-2080
136,68000.000us,2960,920,-2040
137,68500.000us,2960,920,-2040
138,69000.000us,3000,960,-2040
139,69500.000us,2960,920,-2040
140,70000.000us,2960,920,-2040
141,70500.000us,3000,960,-2040
142,71000.000us,3040,960,-2080
143,71500.000us,2960,920,-2040
144,72000.000us,3040,960,-2080
145,72500.000us,3040,920,-2120
146,73000.000us,3080,960,-2120
147,73500.000us,2960,920,-2040
148,74000.000us,3040,920,-2120
149,74500.000us,3040,960,-2080
150,75000.000us,3240,1040,-2200
151,75500.000us,3040,920,-2120
152,76000.000us,3240,1000,-2240
153,76500.000us,3240,1000,-2240
154,77000.000us,3480,1080,-2400
155,77500.000us,3240,1000,-2240
156,78000.000us,3440,1040,-2400
157,78500.000us,3480,1040,-2440
158,79000.000us,3520,1120,-2400
159,79500.000us,3360,1000,-2360
160,80000.000us,3360,1000,-2360
161,80500.000us,3320,960,-2360
162,81000.000us,3320,1040,-2280
163,81500.000us,3000,920,-2080
164,82000.000us,3000,920,-2080
165,82500.000us,3000,920,-2080
166,83000.000us,3000,960,-2040
167,83500.000us,2960,880,-2080
168,84000.000us,2960,920,-2040
169,84500.000us,2960,920,-2040
170,85000.000us,3000,960,-2040
171,85500.000us,2920,880,-2040
172,86000.000us,2960,920,-2040
173,86500.000us,2960,920,-2040
174,87000.000us,3000,960,-2040
175,87500.000us,2960,880,-2080
176,88000.000us,3000,920,-2080
177,88500.000us,2960,920,-2040
178,89000.000us,3000,960,-2040
179,89500.000us,2960,920,-2040
180,90000.000us,3000,920,-2080
181,90500.000us,2960,920,-2040
182,91000.000us,3040,960,-2080
183,91500.000us,2960,920,-2040
184,92000.000us,3000,920,-2080
185,92500.000us,3000,920,-2080
186,93000.000us,3040,960,-2080
187,93500.000us,3000,920,-2080
188,94000.000us,3040,920,-2120
189,94500.000us,3040,960,-2080
190,95000.000us,3240,1000,-2240
191,95500.000us,3040,920,-2120
192,96000.000us,3240,1000,-2240
193,96500.000us,3280,1000,-2280
194,97000.000us,3480,1080,-2400
195,97500.000us,3280,1000,-2280
196,98000.000us,3440,1040,-2400
197,98500.000us,3480,1040,-2440
198,99000.000us,3520,1080,-2440
199,99500.000us,3360,1040,-2320
200,100000.000us,3360,1040,-2320
201,100500.000us,3360,1040,-2320
202,101000.000us,3360,1040,-2320
203,101500.000us,3000,880,-2120
204,102000.000us,3000,920,-2080
205,102500.000us,2960,920,-2040
206,103000.000us,3040,960,-2080
207,103500.000us,2960,880,-2080
208,104000.000us,3000,920,-2080
209,104500.000us,2960,920,-2040
210,105000.000us,3040,960,-2080
211,105500.000us,2960,880,-2080
212,106000.000us,2960,880,-2080
213,106500.000us,2960,920,-2040
214,107000.000us,3000,960,-2040
215,107500.000us,2960,880,-2080
216,108000.000us,3000,920,-2080
217,108500.000us,3000,960,-2040
218,109000.000us,3040,960,-2080
219,109500.000us,2920,880,-2040
220,110000.000us,3040,880,-2160
221,110500.000us,3000,960,-2040
222,111000.000us,3040,960,-2080
223,111500.000us,2960,880,-2080
224,112000.000us,3040,960,-2080
225,112500.000us,3040,920,-2120
226,113000.000us,3040,960,-2080
227,113500.000us,3000,880,-2120
228,114000.000us,3040,920,-2120
229,114500.000us,3040,960,-2080
230,115000.000us,3200,1000,-2200
231,115500.000us,3040,920,-2120
232,116000.000us,3200,1000,-2200
233,116500.000us,3240,1040,-2200
234,117000.000us,3480,1080,-2400
235,117500.000us,3240,1000,-2240
236,118000.000us,3480,1040,-2440
237,118500.000us,3520,1120,-2400
238,119000.000us,3520,1120,-2400
239,119500.000us,3360,1000,-2360
240,120000.000us,3360,1000,-2360
241,120500.000us,3320,1040,-2280
242,121000.000us,3320,1040,-2280
243,121500.000us,3000,920,-2080
244,122000.000us,3040,960,-2080
245,122500.000us,3000,920,-2080
246,123000.000us,3000,960,-2040
247,123500.000us,2960,880,-2080
248,124000.000us,2960,880,-2080
249,124500.000us,2960,960,-2000
250,125000.000us,3000,960,-2040
251,125500.000us,2960,920,-2040
252,126000.000us,2960,920,-2040
253,126500.000us,2920,880,-2040
254,127000.000us,3000,960,-2040
255,127500.000us,2920,880,-2040
256,128000.000us,3000,920,-2080
257,128500.000us,3000,920,-2080
258,129000.000us,3000,960,-2040
259,129500.000us,2960,880,-2080
260,130000.000us,3000,920,-2080
261,130500.000us,3000,920,-2080
262,131000.000us,3000,960,-2040
263,131500.000us,2960,920,-2040
264,132000.000us,3000,920,-2080
265,132500.000us,3040,960,-2080
266,133000.000us,3080,960,-2120
267,133500.000us,3040,920,-2120
268,134000.000us,3040,960,-2080
269,134500.000us,3040,960,-2080
270,135000.000us,3240,1000,-2240
271,135500.000us,3040,920,-2120
272,136000.000us,3240,1000,-2240
273,136500.000us,3280,1040,-2240
274,137000.000us,3480,1080,-2400
275,137500.000us,3280,1000,-2280
276,138000.000us,3480,1080,-2400
277,138500.000us,3520,1080,-2440
278,139000.000us,3520,1080,-2440
279,139500.000us,3320,1000,-2320
280,140000.000us,3320,1000,-2320
281,140500.000us,3360,1000,-2360
282,141000.000us,3360,1000,-2360
283,141500.000us,2960,920,-2040
284,142000.000us,3000,920,-2080
285,142500.000us,2960,920,-2040
286,143000.000us,3000,960,-2040
287,143500.000us,2960,920,-2040
288,144000.000us,3000,920,-2080
289,144500.000us,2960,920,-2040
290,145000.000us,2960,920,-2040
291,145500.000us,2960,880,-2080
292,146000.000us,2960,920,-2040
293,146500.000us,2960,920,-2040
294,147000.000us,3040,920,-2120
295,147500.000us,2960,880,-2080
296,148000.000us,3040,920,-2120
297,148500.000us,2960,920,-2040
298,149000.000us,3040,960,-2080
299,149500.000us,2960,920,-2040
300,150000.000us,3000,920,-2080
301,150500.000us,3000,920,-2080
302,151000.000us,3040,960,-2080
303,151500.000us,3000,920,-2080
304,152000.000us,3040,960,-2080
305,152500.000us,3040,960,-2080
306,153000.000us,3040,1000,-2040
307,153500.000us,3040,920,-2120
308,154000.000us,3040,960,-2080
309,154500.000us,3080,960,-2120
310,155000.000us,3240,1000,-2240
311,155500.000us,3040,920,-2120
312,156000.000us,3240,960,-2280
313,156500.000us,3240,1000,-2240
314,157000.000us,3520,1080,-2440
315,157500.000us,3240,1000,-2240
316,158000.000us,3480,1040,-2440
317,158500.000us,3520,1080,-2440
318,159000.000us,3520,1080,-2440
319,159500.000us,3320,1040,-2280
320,160000.000us,3320,1040,-2280
321,160500.000us,3320,1000,-2320
322,161000.000us,3320,1000,-2320
323,161500.000us,3000,880,-2120
324,162000.000us,3000,880,-2120
325,162500.000us,2960,920,-2040
326,163000.000us,3000,920,-2080
327,163500.000us,2960,920,-2040
328,164000.000us,2960,920,-2040
329,164500.000us,3000,880,-2120
330,165000.000us,3000,920,-2080
331,165500.000us,2960,880,-2080
332,166000.000us,3000,880,-2120
333,166500.000us,2960,920,-2040
334,167000.000us,3000,960,-2040
335,167500.000us,2920,920,-2000
336,168000.000us,3000,920,-2080
337,168500.000us,2960,920,-2040
338,169000.000us,3000,960,-2040
339,169500.000us,2960,920,-2040
340,170000.000us,2960,960,-2000
341,170500.000us,2960,960,-2000
342,171000.000us,3040,960,-2080
343,171500.000us,2960,880,-2080
344,172000.000us,3000,960,-2040
345,172500.000us,3000,920,-2080
346,173000.000us,3040,960,-2080
347,173500.000us,3000,920,-2080
348,174000.000us,3040,920,-2120
349,174500.000us,3080,960,-2120
350,175000.000us,3240,1040,-2200
351,175500.000us,3040,920,-2120
352,176000.000us,3240,1000,-2240
353,176500.000us,3320,1040,-2280
354,177000.000us,3520,1080,-2440
355,177500.000us,3320,1040,-2280
356,178000.000us,3480,1040,-2440
357,178500.000us,3480,1080,-2400
358,179000.000us,3520,1080,-2440
359,179500.000us,3320,1040,-2280
360,180000.000us,3320,1040,-2280
361,180500.000us,3320,1000,-2320
362,181000.000us,3320,1000,-2320
363,181500.000us,2960,920,-2040
364,182000.000us,2960,920,-2040
365,182500.000us,2960,920,-2040
366,183000.000us,3000,920,-2080
367,183500.000us,2960,880,-2080
368,184000.000us,2960,880,-2080
369,184500.000us,2960,920,-2040
370,185000.000us,3000,960,-2040
371,185500.000us,2960,880,-2080
372,186000.000us,3000,920,-2080
373,186500.000us,2960,920,-2040
374,187000.000us,3040,960,-2080
375,187500.000us,2960,880,-2080
376,188000.000us,2960,960,-2000
377,188500.000us,3000,880,-2120
378,189000.000us,3000,960,-2040
379,189500.000us,2960,880,-2080
380,190000.000us,2960,920,-2040
381,190500.000us,3000,880,-2120
382,191000.000us,3040,960,-2080
383,191500.000us,3000,880,-2120
384,192000.000us,3040,920,-2120
385,192500.000us,3000,960,-2040
386,193000.000us,3040,960,-2080
387,193500.000us,3000,920,-2080
388,194000.000us,3040,960,-2080
389,194500.000us,3080,920,-2160
390,195000.000us,3240,1000,-2240
391,195500.000us,3040,920,-2120
392,196000.000us,3240,1000,-2240
393,196500.000us,3280,1000,-2280
394,197000.000us,3480,1120,-2360
395,197500.000us,3280,1000,-2280
396,198000.000us,3480,1120,-2360
397,198500.000us,3480,1040,-2440
398,199000.000us,3520,1080,-2440
399,199500.000us,3360,1040,-2320
400,200000.000us,3360,1040,-2320
401,200500.000us,3320,1000,-2320
402,201000.000us,3320,1040,-2280
403,201500.000us,3000,880,-2120
404,202000.000us,3000,960,-2040
405,202500.000us,3000,920,-2080
406,203000.000us,3000,920,-2080
407,203500.000us,2960,920,-2040
408,204000.000us,2960,920,-2040
409,204500.000us,2960,880,-2080
410,205000.000us,3040,960,-2080
411,205500.000us,2920,880,-2040
412,206000.000us,2920,920,-2000
413,206500.000us,2960,920,-2040
414,207000.000us,3000,920,-2080
415,207500.000us,2920,880,-2040
416,208000.000us,2960,880,-2080
417,208500.000us,3000,920,-2080
418,209000.000us,3040,960,-2080
419,209500.000us,2960,880,-2080
420,210000.000us,2960,960,-2000
421,210500.000us,3000,960,-2040
422,211000.000us,3040,960,-2080
423,211500.000us,2960,880,-2080
424,212000.000us,3000,920,-2080
425,212500.000us,3040,920,-2120
426,213000.000us,3040,960,-2080
427,213500.000us,3000,880,-2120
428,214000.000us,3040,920,-2120
429,214500.000us,3080,960,-2120
430,215000.000us,3280,1040,-2240
431,215500.000us,3040,920,-2120
432,216000.000us,3280,1040,-2240
433,216500.000us,3320,1000,-2320
434,217000.000us,3520,1080,-2440
435,217500.000us,3320,1000,-2320
436,218000.000us,3440,1040,-2400
437,218500.000us,3480,1080,-2400
438,219000.000us,3520,1080,-2440
439,219500.000us,3320,960,-2360
440,220000.000us,3320,960,-2360
441,220500.000us,3320,1000,-2320
442,221000.000us,3320,1000,-2320
443,221500.000us,3000,920,-2080
444,222000.000us,3000,920,-2080
445,222500.000us,2960,920,-2040
446,223000.000us,3000,960,-2040
447,223500.000us,2960,880,-2080
448,224000.000us,2960,920,-2040
449,224500.000us,3000,920,-2080
450,225000.000us,3000,960,-2040
451,225500.000us,2960,920,-2040
452,226000.000us,2960,920,-2040
453,226500.000us,2960,880,-2080
454,227000.000us,3000,960,-2040
455,227500.000us,2960,880,-2080
456,228000.000us,2960,920,-2040
457,228500.000us,3000,920,-2080
458,229000.000us,3000,960,-2040
459,229500.000us,2960,920,-2040
460,230000.000us,3000,920,-2080
461,230500.000us,3000,920,-2080
462,231000.000us,3040,960,-2080
463,231500.000us,3000,920,-2080
464,232000.000us,3040,960,-2080
465,232500.000us,3040,920,-2120
466,233000.000us,3080,1000,-2080
467,233500.000us,3000,920,-2080
468,234000.000us,3080,920,-2160
469,234500.000us,3040,960,-2080
470,235000.000us,3240,1000,-2240
471,235500.000us,3040,960,-2080
472,236000.000us,3240,1000,-2240
473,236500.000us,3320,1040,-2280
474,237000.000us,3520,1080,-2440
475,237500.000us,3320,1000,-2320
476,238000.000us,3480,1040,-2440
477,238500.000us,3480,1080,-2400
478,239000.000us,3520,1080,-2440
479,239500.000us,3360,1000,-2360
480,240000.000us,3360,1000,-2360
481,240500.000us,3320,1040,-2280
482,241000.000us,3320,1040,-2280
483,241500.000us,2960,880,-2080
484,242000.000us,2960,920,-2040
485,242500.000us,3000,920,-2080
486,243000.000us,3000,960,-2040
487,243500.000us,2960,880,-2080
488,244000.000us,2960,960,-2000
489,244500.000us,3000,960,-2040
490,245000.000us,3000,960,-2040
491,245500.000us,2960,880,-2080
492,246000.000us,2960,920,-2040
493,246500.000us,2960,920,-2040
494,247000.000us,3000,960,-2040
495,247500.000us,2960,880,-2080
496,248000.000us,3000,920,-2080
497,248500.000us,3000,920,-2080
498,249000.000us,3040,960,-2080
499,249500.000us,2960,920,-2040
500,250000.000us,3040,920,-2120
501,250500.000us,3000,920,-2080
502,251000.000us,3040,960,-2080
503,251500.000us,2960,920,-2040
504,252000.000us,3000,920,-2080
505,252500.000us,2960,920,-2040
506,253000.000us,3080,1000,-2080
507,253500.000us,2960,880,-2080
508,254000.000us,3080,960,-2120
509,254500.000us,3040,960,-2080
510,255000.000us,3240,1040,-2200
511,255500.000us,3040,920,-2120
512,256000.000us,3240,1040,-2200
513,256500.000us,3280,1000,-2280
514,257000.000us,3480,1080,-2400
515,257500.000us,3280,1000,-2280
516,258000.000us,3480,1040,-2440
517,258500.000us,3480,1080,-2400
518,259000.000us,3520,1080,-2440
519,259500.000us,3320,1000,-2320
520,260000.000us,3320,1000,-2320
521,260500.000us,3320,1000,-2320
522,261000.000us,3320,1000,-2320
523,261500.000us,3000,920,-2080
524,262000.000us,3000,920,-2080
525,262500.000us,3000,960,-2040
526,263000.000us,3000,960,-2040
527,263500.000us,2960,880,-2080
528,264000.000us,3000,920,-2080
529,264500.000us,3000,920,-2080
530,265000.000us,3000,960,-2040
531,265500.000us,2960,880,-2080
532,266000.000us,2960,920,-2040
533,266500.000us,2960,920,-2040
534,267000.000us,3000,920,-2080
535,267500.000us,2960,880,-2080
536,268000.000us,3000,920,-2080
537,268500.000us,3000,960,-2040
538,269000.000us,3000,960,-2040
539,269500.000us,2960,880,-2080
540,270000.000us,3000,880,-2120
541,270500.000us,2960,960,-2000
542,271000.000us,3040,960,-2080
543,271500.000us,2960,920,-2040
544,272000.000us,3040,960,-2080
545,272500.000us,3000,920,-2080
546,273000.000us,3040,960,-2080
547,273500.000us,3000,920,-2080
548,274000.000us,3040,920,-2120
549,274500.000us,3040,920,-2120
550,275000.000us,3280,1000,-2280
551,275500.000us,3040,920,-2120
552,276000.000us,3280,1000,-2280
553,276500.000us,3280,1000,-2280
554,277000.000us,3520,1080,-2440
555,277500.000us,3280,1000,-2280
556,278000.000us,3480,1080,-2400
557,278500.000us,3480,1040,-2440
558,279000.000us,3520,1120,-2400
559,279500.000us,3320,1000,-2320
560,280000.000us,3320,1040,-2280
561,280500.000us,3320,1040,-2280
562,281000.000us,3320,1040,-2280
563,281500.000us,2960,880,-2080
564,282000.000us,2960,880,-2080
565,282500.000us,2960,880,-2080
566,283000.000us,3000,920,-2080
567,283500.000us,2960,880,-2080
568,284000.000us,2960,920,-2040
569,284500.000us,2960,920,-2040
570,285000.000us,3000,960,-2040
571,285500.000us,2960,880,-2080
572,286000.000us,2960,920,-2040
573,286500.000us,2960,920,-2040
574,287000.000us,3000,960,-2040
575,287500.000us,2960,920,-2040
576,288000.000us,3000,920,-2080
577,288500.000us,3000,920,-2080
578,289000.000us,3000,960,-2040
579,289500.000us,2960,920,-2040
580,290000.000us,2960,920,-2040
581,290500.000us,3000,920,-2080
582,291000.000us,3040,960,-2080
583,291500.000us,2960,920,-2040
584,292000.000us,3040,960,-2080
585,292500.000us,3040,960,-2080
586,293000.000us,3080,960,-2120
587,293500.000us,3040,920,-2120
588,294000.000us,3080,920,-2160
589,294500.000us,3040,960,-2080
590,295000.000us,3240,1040,-2200
591,295500.000us,3000,920,-2080
592,296000.000us,3240,1040,-2200
593,296500.000us,3320,1040,-2280
594,297000.000us,3520,1080,-2440
595,297500.000us,3320,1000,-2320
596,298000.000us,3480,1080,-2400
597,298500.000us,3520,1080,-2440
598,299000.000us,3520,1080,-2440
599,299500.000us,3360,1040,-2320
600,300000.000us,3360,1040,-2320
601,300500.000us,3320,1000,-2320
602,301000.000us,3320,1040,-2280
603,301500.000us,3000,920,-2080
604,302000.000us,3000,960,-2040
605,302500.000us,3000,920,-2080
606,303000.000us,3040,960,-2080
607,303500.000us,2920,880,-2040
608,304000.000us,3000,920,-2080
609,304500.000us,2960,920,-2040
610,305000.000us,3000,920,-2080
611,305500.000us,2920,880,-2040
612,306000.000us,2960,920,-2040
613,306500.000us,2960,920,-2040
614,307000.000us,3000,920,-2080
615,307500.000us,2960,880,-2080
616,308000.000us,3000,880,-2120
617,308500.000us,2920,920,-2000
618,309000.000us,3000,960,-2040
619,309500.000us,2920,880,-2040
620,310000.000us,3000,920,-2080
621,310500.000us,3000,920,-2080
622,311000.000us,3040,960,-2080
623,311500.000us,2960,880,-2080
624,312000.000us,3000,920,-2080
625,312500.000us,3000,920,-2080
626,313000.000us,3040,960,-2080
627,313500.000us,3000,920,-2080
628,314000.000us,3040,960,-2080
629,314500.000us,3040,920,-2120
630,315000.000us,3280,1040,-2240
631,315500.000us,3040,920,-2120
632,316000.000us,3240,1040,-2200
633,316500.000us,3320,1000,-2320
634,317000.000us,3480,1080,-2400
635,317500.000us,3320,1000,-2320
636,318000.000us,3480,1080,-2400
637,318500.000us,3480,1040,-2440
638,319000.000us,3520,1120,-2400
639,319500.000us,3320,1000,-2320
640,320000.000us,3320,1000,-2320
641,320500.000us,3320,1040,-2280
642,321000.000us,3320,1040,-2280
643,321500.000us,3000,880,-2120
644,322000.000us,3000,880,-2120
645,322500.000us,3000,960,-2040
646,323000.000us,3000,960,-2040
647,323500.000us,2960,880,-2080
648,324000.000us,3000,920,-2080
649,324500.000us,3000,920,-2080
650,325000.000us,3000,960,-2040
651,325500.000us,2920,880,-2040
652,326000.000us,2960,920,-2040
653,326500.000us,2960,920,-2040
654,327000.000us,3000,960,-2040
655,327500.000us,2920,880,-2040
656,328000.000us,2960,880,-2080
657,328500.000us,2960,920,-2040
658,329000.000us,3000,960,-2040
659,329500.000us,2960,880,-2080
660,330000.000us,3000,880,-2120
661,330500.000us,3000,880,-2120
662,331000.000us,3040,960,-2080
663,331500.000us,2960,880,-2080
664,332000.000us,3040,920,-2120
665,332500.000us,3000,920,-2080
666,333000.000us,3040,960,-2080
667,333500.000us,3000,880,-2120
668,334000.000us,3040,920,-2120
669,334500.000us,3040,920,-2120
670,335000.000us,3240,1000,-2240
671,335500.000us,3040,920,-2120
672,336000.000us,3240,1000,-2240
673,336500.000us,3320,1040,-2280
674,337000.000us,3480,1080,-2400
675,337500.000us,3320,1040,-2280
676,338000.000us,3480,1080,-2400
677,338500.000us,3520,1040,-2480
678,339000.000us,3520,1080,-2440
679,339500.000us,3360,1000,-2360
680,340000.000us,3360,1000,-2360
681,340500.000us,3320,1000,-2320
682,341000.000us,3320,1000,-2320
683,341500.000us,3000,920,-2080
684,342000.000us,3040,960,-2080
685,342500.000us,2960,920,-2040
686,343000.000us,3000,960,-2040
687,343500.000us,2960,920,-2040
688,344000.000us,3000,920,-2080
689,344500.000us,3000,920,-2080
690,345000.000us,3000,920,-2080
691,345500.000us,2920,880,-2040
692,346000.000us,2960,920,-2040
693,346500.000us,3000,920,-2080
694,347000.000us,3000,960,-2040
695,347500.000us,2920,880,-2040
696,348000.000us,3000,920,-2080
697,348500.000us,3000,920,-2080
698,349000.000us,3000,960,-2040
699,349500.000us,2960,920,-2040
700,350000.000us,3000,920,-2080
701,350500.000us,3000,920,-2080
702,351000.000us,3040,960,-2080
703,351500.000us,2960,880,-2080
704,352000.000us,3040,880,-2160
705,352500.000us,2960,920,-2040
706,353000.000us,3080,1000,-2080
707,353500.000us,2960,920,-2040
708,354000.000us,3080,920,-2160
709,354500.000us,3040,960,-2080
710,355000.000us,3280,1000,-2280
711,355500.000us,3040,920,-2120
712,356000.000us,3280,1000,-2280
713,356500.000us,3280,1000,-2280
714,357000.000us,3480,1080,-2400
715,357500.000us,3280,1000,-2280
716,358000.000us,3480,1080,-2400
717,358500.000us,3520,1080,-2440
718,359000.000us,3520,1080,-2440
719,359500.000us,3320,1000,-2320
720,360000.000us,3320,1000,-2320
721,360500.000us,3280,1000,-2280
722,361000.000us,3280,1000,-2280
723,361500.000us,3000,920,-2080
724,362000.000us,3000,920,-2080
725,362500.000us,2960,920,-2040
726,363000.000us,3000,960,-2040
727,363500.000us,2960,920,-2040
728,364000.000us,3000,920,-2080
729,364500.000us,2960,920,-2040
730,365000.000us,3000,960,-2040
731,365500.000us,2920,880,-2040
732,366000.000us,2960,880,-2080
733,366500.000us,2960,920,-2040
734,367000.000us,3000,960,-2040
735,367500.000us,2960,880,-2080
736,368000.000us,3000,920,-2080
737,368500.000us,3000,880,-2120
738,369000.000us,3000,960,-2040
739,369500.000us,2960,880,-2080
740,370000.000us,3000,920,-2080
741,370500.000us,3000,920,-2080
742,371000.000us,3040,960,-2080
743,371500.000us,3000,880,-2120
744,372000.000us,3000,920,-2080
745,372500.000us,3000,920,-2080
746,373000.000us,3080,960,-2120
747,373500.000us,2960,920,-2040
748,374000.000us,3040,960,-2080
749,374500.000us,3040,960,-2080
750,375000.000us,3240,1000,-2240
751,375500.000us,3040,920,-2120
752,376000.000us,3240,1000,-2240
753,376500.000us,3280,1040,-2240
754,377000.000us,3520,1080,-2440
755,377500.000us,3280,1000,-2280
756,378000.000us,3440,1080,-2360
757,378500.000us,3520,1040,-2480
758,379000.000us,3520,1080,-2440
759,379500.000us,3320,1000,-2320
760,380000.000us,3360,1000,-2360
761,380500.000us,3320,1040,-2280
762,381000.000us,3320,1040,-2280
763,381500.000us,3000,920,-2080
764,382000.000us,3000,920,-2080
765,382500.000us,2960,920,-2040
766,383000.000us,3000,960,-2040
767,383500.000us,2960,880,-2080
768,384000.000us,2960,880,-2080
769,384500.000us,3000,920,-2080
770,385000.000us,3000,920,-2080
771,385500.000us,2920,880,-2040
772,386000.000us,2960,880,-2080
773,386500.000us,2960,960,-2000
774,387000.000us,3000,960,-2040
775,387500.000us,2960,880,-2080
776,388000.000us,3000,960,-2040
777,388500.000us,2960,960,-2000
778,389000.000us,3000,960,-2040
779,389500.000us,2960,880,-2080
780,390000.000us,3000,960,-2040
781,390500.000us,3000,960,-2040
782,391000.000us,3040,960,-2080
783,391500.000us,3000,920,-2080
784,392000.000us,3000,920,-2080
785,392500.000us,3040,920,-2120
786,393000.000us,3040,960,-2080
787,393500.000us,3000,920,-2080
788,394000.000us,3040,920,-2120
789,394500.000us,3000,920,-2080
790,395000.000us,3280,1040,-2240
791,395500.000us,3000,920,-2080
792,396000.000us,3280,1000,-2280
793,396500.000us,3280,1000,-2280
794,397000.000us,3520,1080,-2440
795,397500.000us,3280,1000,-2280
796,398000.000us,3480,1040,-2440
797,398500.000us,3480,1040,-2440
798,399000.000us,3520,1080,-2440
799,399500.000us,3360,1000,-2360
800,400000.000us,3360,1000,-2360
801,400500.000us,3240,960,-2280
802,401000.000us,3280,1040,-2240
803,401500.000us,3000,880,-2120
804,402000.000us,3000,920,-2080
805,402500.000us,3000,920,-2080
806,403000.000us,3040,960,-2080
807,403500.000us,2920,880,-2040
808,404000.000us,2960,880,-2080
809,404500.000us,3040,920,-2120
810,405000.000us,3040,920,-2120
811,405500.000us,2960,880,-2080
812,406000.000us,2960,920,-2040
813,406500.000us,2920,920,-2000
814,407000.000us,3000,960,-2040
815,407500.000us,2920,920,-2000
816,408000.000us,3000,920,-2080
817,408500.000us,3000,920,-2080
818,409000.000us,3040,960,-2080
819,409500.000us,2960,880,-2080
820,410000.000us,3000,920,-2080
821,410500.000us,2960,920,-2040
822,411000.000us,3040,960,-2080
823,411500.000us,2960,880,-2080
824,412000.000us,3040,960,-2080
825,412500.000us,3040,920,-2120
826,413000.000us,3080,1000,-2080
827,413500.000us,3000,920,-2080
828,414000.000us,3080,960,-2120
829,414500.000us,3080,960,-2120
830,415000.000us,3320,1000,-2320
831,415500.000us,3000,960,-2040
832,416000.000us,3320,1000,-2320
833,416500.000us,3280,1040,-2240
834,417000.000us,3520,1120,-2400
835,417500.000us,3280,1000,-2280
836,418000.000us,3480,1080,-2400
837,418500.000us,3480,1080,-2400
838,419000.000us,3520,1120,-2400
839,419500.000us,3320,1000,-2320
840,420000.000us,3320,1000,-2320
841,420500.000us,3320,1000,-2320
842,421000.000us,3320,1000,-2320
843,421500.000us,2960,920,-2040
844,422000.000us,2960,920,-2040
845,422500.000us,3000,960,-2040
846,423000.000us,3000,960,-2040
847,423500.000us,2960,920,-2040
848,424000.000us,2960,920,-2040
849,424500.000us,2960,880,-2080
850,425000.000us,3000,920,-2080
851,425500.000us,2920,880,-2040
852,426000.000us,3000,920,-2080
853,426500.000us,2960,880,-2080
854,427000.000us,3000,960,-2040
855,427500.000us,2920,880,-2040
856,428000.000us,3000,960,-2040
857,428500.000us,2960,880,-2080
858,429000.000us,3000,960,-2040
859,429500.000us,2960,880,-2080
860,430000.000us,2960,960,-2000
861,430500.000us,3000,920,-2080
862,431000.000us,3040,960,-2080
863,431500.000us,3000,920,-2080
864,432000.000us,3000,960,-2040
865,432500.000us,2960,960,-2000
866,433000.000us,3040,960,-2080
867,433500.000us,2960,880,-2080
868,434000.000us,3040,920,-2120
869,434500.000us,3040,960,-2080
870,435000.000us,3280,1000,-2280
871,435500.000us,3040,920,-2120
872,436000.000us,3280,1000,-2280
873,436500.000us,3320,1000,-2320
874,437000.000us,3520,1080,-2440
875,437500.000us,3320,1000,-2320
876,438000.000us,3520,1080,-2440
877,438500.000us,3480,1040,-2440
878,439000.000us,3480,1040,-2440
879,439500.000us,3360,1000,-2360
880,440000.000us,3360,1000,-2360
881,440500.000us,3280,1000,-2280
882,441000.000us,3280,1000,-2280
883,441500.000us,2960,920,-2040
884,442000.000us,2960,920,-2040
885,442500.000us,2960,920,-2040
886,443000.000us,3000,960,-2040
887,443500.000us,2960,920,-2040
888,444000.000us,2960,920,-2040
889,444500.000us,3000,960,-2040
890,445000.000us,3000,960,-2040
891,445500.000us,2960,880,-2080
892,446000.000us,2960,920,-2040
893,446500.000us,2960,920,-2040
894,447000.000us,3000,960,-2040
895,447500.000us,2920,880,-2040
896,448000.000us,3000,920,-2080
897,448500.000us,2960,920,-2040
898,449000.000us,3040,960,-2080
899,449500.000us,2960,920,-2040
900,450000.000us,2960,960,-2000
901,450500.000us,2960,920,-2040
902,451000.000us,3040,960,-2080
903,451500.000us,2960,920,-2040
904,452000.000us,3000,920,-2080
905,452500.000us,3040,960,-2080
906,453000.000us,3040,960,-2080
907,453500.000us,3040,920,-2120
908,454000.000us,3040,920,-2120
909,454500.000us,3040,960,-2080
910,455000.000us,3240,1040,-2200
911,455500.000us,3040,920,-2120
912,456000.000us,3240,1040,-2200
913,456500.000us,3320,1040,-2280
914,457000.000us,3480,1080,-2400
915,457500.000us,3320,1040,-2280
916,458000.000us,3480,1040,-2440
917,458500.000us,3520,1120,-2400
918,459000.000us,3520,1120,-2400
919,459500.000us,3280,1000,-2280
920,460000.000us,3280,1040,-2240
921,460500.000us,3280,1000,-2280
922,461000.000us,3280,1000,-2280
923,461500.000us,2960,920,-2040
924,462000.000us,3040,920,-2120
925,462500.000us,2960,880,-2080
926,463000.000us,3000,920,-2080
927,463500.000us,2960,880,-2080
928,464000.000us,2960,920,-2040
929,464500.000us,3000,880,-2120
930,465000.000us,3000,960,-2040
931,465500.000us,2960,880,-2080
932,466000.000us,3000,960,-2040
933,466500.000us,2920,920,-2000
934,467000.000us,3000,960,-2040
935,467500.000us,2920,880,-2040
936,468000.000us,3000,920,-2080
937,468500.000us,3000,920,-2080
938,469000.000us,3040,960,-2080
939,469500.000us,2960,880,-2080
940,470000.000us,2960,960,-2000
941,470500.000us,3000,920,-2080
942,471000.000us,3040,960,-2080
943,471500.000us,3000,880,-2120
944,472000.000us,3000,880,-2120
945,472500.000us,3040,880,-2160
946,473000.000us,3080,960,-2120
947,473500.000us,3000,880,-2120
948,474000.000us,3040,920,-2120
949,474500.000us,3080,960,-2120
950,475000.000us,3320,1040,-2280
951,475500.000us,3000,920,-2080
952,476000.000us,3320,1000,-2320
953,476500.000us,3320,1040,-2280
954,477000.000us,3520,1080,-2440
955,477500.000us,3320,1040,-2280
956,478000.000us,3480,1080,-2400
957,478500.000us,3480,1040,-2440
958,479000.000us,3520,1080,-2440
959,479500.000us,3320,1000,-2320
960,480000.000us,3320,1040,-2280
961,480500.000us,3280,1000,-2280
962,481000.000us,3280,1000,-2280
963,481500.000us,3000,920,-2080
964,482000.000us,3000,920,-2080
965,482500.000us,2960,920,-2040
966,483000.000us,3000,960,-2040
967,483500.000us,2960,880,-2080
968,484000.000us,2960,920,-2040
969,484500.000us,3000,920,-2080
970,485000.000us,3040,960,-2080
971,485500.000us,2920,920,-2000
972,486000.000us,3000,960,-2040
973,486500.000us,2960,960,-2000
974,487000.000us,3000,960,-2040
975,487500.000us,2920,880,-2040
976,488000.000us,2960,880,-2080
977,488500.000us,2960,920,-2040
978,489000.000us,3000,960,-2040
979,489500.000us,2960,920,-2040
980,490000.000us,3000,920,-2080
981,490500.000us,3000,920,-2080
982,491000.000us,3040,960,-2080
983,491500.000us,2960,880,-2080
984,492000.000us,2960,960,-2000
985,492500.000us,3040,920,-2120
986,493000.000us,3080,960,-2120
987,493500.000us,3000,880,-2120
988,494000.000us,3040,920,-2120
989,494500.000us,3040,960,-2080
990,495000.000us,3320,1040,-2280
991,495500.000us,3000,920,-2080
992,496000.000us,3320,1040,-2280
993,496500.000us,3320,1000,-2320
994,497000.000us,3520,1080,-2440
995,497500.000us,3320,1000,-2320
996,498000.000us,3520,1080,-2440
997,498500.000us,3480,1080,-2400
998,499000.000us,3520,1080,-2440
999,499500.000us,3320,1000,-2320
1000,500000.000us,3320,1000,-2320
1001,500500.000us,3280,960,-2320
1002,501000.000us,3280,1000,-2280
1003,501500.000us,3000,920,-2080
1004,502000.000us,3000,920,-2080
1005,502500.000us,3000,920,-2080
1006,503000.000us,3000,960,-2040
1007,503500.000us,2960,880,-2080
1008,504000.000us,3000,920,-2080
1009,504500.000us,2960,920,-2040
1010,505000.000us,3000,960,-2040
1011,505500.000us,2920,880,-2040
1012,506000.000us,2920,920,-2000
1013,506500.000us,2960,960,-2000
1014,507000.000us,3000,960,-2040
1015,507500.000us,2960,880,-2080
1016,508000.000us,2960,880,-2080
1017,508500.000us,2960,880,-2080
1018,509000.000us,3040,960,-2080
1019,509500.000us,2960,880,-2080
1020,510000.000us,3040,920,-2120
1021,510500.000us,3040,920,-2120
1022,511000.000us,3040,960,-2080
1023,511500.000us,3000,880,-2120
1024,512000.000us,3000,960,-2040
1025,512500.000us,3040,920,-2120
1026,513000.000us,3080,960,-2120
1027,513500.000us,3000,920,-2080
1028,514000.000us,3040,920,-2120
1029,514500.000us,3040,960,-2080
1030,515000.000us,3320,1000,-2320
1031,515500.000us,3040,920,-2120
1032,516000.000us,3320,1000,-2320
1033,516500.000us,3320,1040,-2280
1034,517000.000us,3520,1120,-2400
1035,517500.000us,3320,1040,-2280
1036,518000.000us,3480,1080,-2400
1037,518500.000us,3520,1080,-2440
1038,519000.000us,3520,1080,-2440
1039,519500.000us,3320,1000,-2320
1040,520000.000us,3320,1000,-2320
1041,520500.000us,3280,1000,-2280
1042,521000.000us,3280,1000,-2280
1043,521500.000us,3000,920,-2080
1044,522000.000us,3000,920,-2080
1045,522500.000us,3000,920,-2080
1046,523000.000us,3000,960,-2040
1047,523500.000us,2960,880,-2080
1048,524000.000us,2960,960,-2000
1049,524500.000us,2960,960,-2000
1050,525000.000us,3000,960,-2040
1051,525500.000us,2960,920,-2040
1052,526000.000us,2960,960,-2000
1053,526500.000us,2960,920,-2040
1054,527000.000us,3000,960,-2040
1055,527500.000us,2960,880,-2080
1056,528000.000us,3000,880,-2120
1057,528500.000us,2920,880,-2040
1058,529000.000us,3040,960,-2080
1059,529500.000us,2920,880,-2040
1060,530000.000us,2960,920,-2040
1061,530500.000us,3000,920,-2080
1062,531000.000us,3000,960,-2040
1063,531500.000us,3000,880,-2120
1064,532000.000us,3000,920,-2080
1065,532500.000us,3000,960,-2040
1066,533000.000us,3080,960,-2120
1067,533500.000us,3000,880,-2120
1068,534000.000us,3040,960,-2080
1069,534500.000us,3000,920,-2080
1070,535000.000us,3280,1040,-2240
1071,535500.000us,3000,920,-2080
1072,536000.000us,3280,1040,-2240
1073,536500.000us,3320,1040,-2280
1074,537000.000us,3520,1080,-2440
1075,537500.000us,3320,1040,-2280
1076,538000.000us,3480,1040,-2440
1077,538500.000us,3480,1080,-2400
1078,539000.000us,3520,1080,-2440
1079,539500.000us,3320,1000,-2320
1080,540000.000us,3320,1040,-2280
1081,540500.000us,3280,960,-2320
1082,541000.000us,3280,1040,-2240
1083,541500.000us,2960,920,-2040
1084,542000.000us,2960,960,-2000
1085,542500.000us,2960,920,-2040
1086,543000.000us,3000,960,-2040
1087,543500.000us,2960,920,-2040
1088,544000.000us,2960,920,-2040
1089,544500.000us,2960,920,-2040
1090,545000.000us,3000,960,-2040
1091,545500.000us,2920,880,-2040
1092,546000.000us,2960,920,-2040
1093,546500.000us,2960,920,-2040
1094,547000.000us,3000,960,-2040
1095,547500.000us,2960,880,-2080
1096,548000.000us,2960,920,-2040
1097,548500.000us,3000,920,-2080
1098,549000.000us,3040,920,-2120
1099,549500.000us,2960,920,-2040
1100,550000.000us,2960,920,-2040
1101,550500.000us,2960,920,-2040
1102,551000.000us,3040,960,-2080
1103,551500.000us,2960,880,-2080
1104,552000.000us,3040,920,-2120
1105,552500.000us,3000,920,-2080
1106,553000.000us,3080,960,-2120
1107,553500.000us,3000,920,-2080
1108,554000.000us,3040,960,-2080
1109,554500.000us,3040,920,-2120
1110,555000.000us,3320,1040,-2280
1111,555500.000us,3040,920,-2120
1112,556000.000us,3320,1040,-2280
1113,556500.000us,3320,1040,-2280
1114,557000.000us,3520,1080,-2440
1115,557500.000us,3320,1040,-2280
1116,558000.000us,3480,1040,-2440
1117,558500.000us,3480,1080,-2400
1118,559000.000us,3480,1080,-2400
1119,559500.000us,3280,960,-2320
1120,560000.000us,3280,960,-2320
1121,560500.000us,3280,1000,-2280
1122,561000.000us,3280,1000,-2280
1123,561500.000us,2960,880,-2080
1124,562000.000us,2960,920,-2040
1125,562500.000us,2960,960,-2000
1126,563000.000us,3040,960,-2080
1127,563500.000us,2960,880,-2080
1128,564000.000us,2960,920,-2040
1129,564500.000us,3000,920,-2080
1130,565000.000us,3000,920,-2080
1131,565500.000us,2960,880,-2080
1132,566000.000us,2960,920,-2040
1133,566500.000us,2960,960,-2000
1134,567000.000us,3000,960,-2040
1135,567500.000us,2920,880,-2040
1136,568000.000us,3000,880,-2120
1137,568500.000us,3000,920,-2080
1138,569000.000us,3040,960,-2080
1139,569500.000us,2960,880,-2080
1140,570000.000us,3000,920,-2080
1141,570500.000us,2960,880,-2080
1142,571000.000us,3040,960,-2080
1143,571500.000us,2960,880,-2080
1144,572000.000us,3040,920,-2120
1145,572500.000us,3040,920,-2120
1146,573000.000us,3040,960,-2080
1147,573500.000us,3000,920,-2080
1148,574000.000us,3040,920,-2120
1149,574500.000us,3040,920,-2120
1150,575000.000us,3320,1040,-2280
1151,575500.000us,3040,920,-2120
1152,576000.000us,3320,1040,-2280
1153,576500.000us,3320,1000,-2320
1154,577000.000us,3520,1080,-2440
1155,577500.000us,3320,1000,-2320
1156,578000.000us,3480,1080,-2400
1157,578500.000us,3520,1080,-2440
1158,579000.000us,3520,1080,-2440
1159,579500.000us,3320,1000,-2320
1160,580000.000us,3320,1000,-2320
1161,580500.000us,3280,1040,-2240
1162,581000.000us,3280,1040,-2240
1163,581500.000us,2960,880,-2080
1164,582000.000us,3000,880,-2120
1165,582500.000us,2960,920,-2040
1166,583000.000us,3000,960,-2040
1167,583500.000us,2920,920,-2000
1168,584000.000us,3000,960,-2040
1169,584500.000us,2960,920,-2040
1170,585000.000us,3000,960,-2040
1171,585500.000us,2960,920,-2040
1172,586000.000us,2960,960,-2000
1173,586500.000us,2960,920,-2040
1174,587000.000us,3000,960,-2040
1175,587500.000us,2920,880,-2040
1176,588000.000us,2960,920,-2040
1177,588500.000us,3000,920,-2080
1178,589000.000us,3000,960,-2040
1179,589500.000us,2960,880,-2080
1180,590000.000us,2960,960,-2000
1181,590500.000us,2960,880,-2080
1182,591000.000us,3040,960,-2080
1183,591500.000us,2960,880,-2080
1184,592000.000us,2960,960,-2000
1185,592500.000us,3040,920,-2120
1186,593000.000us,3080,960,-2120
1187,593500.000us,3000,920,-2080
1188,594000.000us,3080,960,-2120
1189,594500.000us,3040,920,-2120
1190,595000.000us,3280,1000,-2280
1191,595500.000us,3040,920,-2120
1192,596000.000us,3280,1000,-2280
1193,596500.000us,3320,1040,-2280
1194,597000.000us,3480,1120,-2360
1195,597500.000us,3320,1040,-2280
1196,598000.000us,3480,1040,-2440
1197,598500.000us,3440,1080,-2360
1198,599000.000us,3520,1080,-2440
1199,599500.000us,3320,1000,-2320
1200,600000.000us,3320,1040,-2280
1201,600500.000us,3280,1000,-2280
1202,601000.000us,3280,1040,-2240
1203,601500.000us,3000,920,-2080
1204,602000.000us,3000,920,-2080
1205,602500.000us,3000,920,-2080
1206,603000.000us,3000,960,-2040
1207,603500.000us,2920,880,-2040
1208,604000.000us,2960,920,-2040
1209,604500.000us,2960,920,-2040
1210,605000.000us,3000,960,-2040
1211,605500.000us,2920,880,-2040
1212,606000.000us,2960,880,-2080
1213,606500.000us,3000,920,-2080
1214,607000.000us,3000,960,-2040
1215,607500.000us,2960,920,-2040
1216,608000.000us,2960,920,-2040
1217,608500.000us,3000,920,-2080
1218,609000.000us,3000,960,-2040
1219,609500.000us,2960,920,-2040
1220,610000.000us,2960,920,-2040
1221,610500.000us,3000,960,-2040
1222,611000.000us,3040,960,-2080
1223,611500.000us,2960,920,-2040
1224,612000.000us,2960,920,-2040
1225,612500.000us,3040,920,-2120
1226,613000.000us,3080,960,-2120
1227,613500.000us,3000,880,-2120
1228,614000.000us,3080,920,-2160
1229,614500.000us,3040,960,-2080
1230,615000.000us,3320,1000,-2320
1231,615500.000us,3040,920,-2120
1232,616000.000us,3320,1000,-2320
1233,616500.000us,3320,1040,-2280
1234,617000.000us,3520,1080,-2440
1235,617500.000us,3320,1040,-2280
1236,618000.000us,3520,1080,-2440
1237,618500.000us,3520,1080,-2440
1238,619000.000us,3520,1080,-2440
1239,619500.000us,3240,1000,-2240
1240,620000.000us,3240,1000,-2240
1241,620500.000us,3280,1040,-2240
1242,621000.000us,3280,1040,-2240
1243,621500.000us,3000,920,-2080
1244,622000.000us,3000,920,-2080
1245,622500.000us,3000,920,-2080
1246,623000.000us,3040,960,-2080
1247,623500.000us,2960,880,-2080
1248,624000.000us,3000,920,-2080
1249,624500.000us,3000,920,-2080
1250,625000.000us,3000,920,-2080
1251,625500.000us,2960,880,-2080
1252,626000.000us,3000,920,-2080
1253,626500.000us,2960,920,-2040
1254,627000.000us,3000,960,-2040
1255,627500.000us,2960,880,-2080
1256,628000.000us,3000,960,-2040
1257,628500.000us,2960,920,-2040
1258,629000.000us,3000,960,-2040
1259,629500.000us,2960,920,-2040
1260,630000.000us,3000,920,-2080
1261,630500.000us,3000,920,-2080
1262,631000.000us,3040,960,-2080
1263,631500.000us,2960,880,-2080
1264,632000.000us,3040,880,-2160
1265,632500.000us,3040,920,-2120
1266,633000.000us,3080,960,-2120
1267,633500.000us,3000,920,-2080
1268,634000.000us,3040,960,-2080
1269,634500.000us,3040,960,-2080
1270,635000.000us,3320,1000,-2320
1271,635500.000us,3040,920,-2120
1272,636000.000us,3320,1000,-2320
1273,636500.000us,3320,1040,-2280
1274,637000.000us,3520,1080,-2440
1275,637500.000us,3320,1040,-2280
1276,638000.000us,3480,1040,-2440
1277,638500.000us,3520,1040,-2480
1278,639000.000us,3520,1040,-2480
1279,639500.000us,3320,1000,-2320
1280,640000.000us,3320,1000,-2320
1281,640500.000us,3240,1040,-2200
1282,641000.000us,3240,1040,-2200
1283,641500.000us,3000,920,-2080
1284,642000.000us,3000,960,-2040
1285,642500.000us,2960,920,-2040
1286,643000.000us,3040,960,-2080
1287,643500.000us,2960,880,-2080
1288,644000.000us,2960,920,-2040
1289,644500.000us,2960,920,-2040
1290,645000.000us,3000,960,-2040
1291,645500.000us,2960,880,-2080
1292,646000.000us,2960,920,-2040
1293,646500.000us,2960,920,-2040
1294,647000.000us,3000,960,-2040
1295,647500.000us,2960,920,-2040
1296,648000.000us,3000,920,-2080
1297,648500.000us,3000,920,-2080
1298,649000.000us,3040,960,-2080
1299,649500.000us,2960,880,-2080
1300,650000.000us,3000,920,-2080
1301,650500.000us,3000,920,-2080
1302,651000.000us,3040,960,-2080
1303,651500.000us,3000,920,-2080
1304,652000.000us,3040,920,-2120
1305,652500.000us,3040,920,-2120
1306,653000.000us,3080,960,-2120
1307,653500.000us,3000,920,-2080
1308,654000.000us,3040,920,-2120
1309,654500.000us,3040,960,-2080
1310,655000.000us,3280,1040,-2240
1311,655500.000us,3040,920,-2120
1312,656000.000us,3280,1000,-2280
1313,656500.000us,3360,1040,-2320
1314,657000.000us,3480,1080,-2400
1315,657500.000us,3360,1040,-2320
1316,658000.000us,3480,1040,-2440
1317,658500.000us,3480,1040,-2440
1318,659000.000us,3480,1120,-2360
1319,659500.000us,3320,1000,-2320
1320,660000.000us,3320,1000,-2320
1321,660500.000us,3280,1000,-2280
1322,661000.000us,3280,1000,-2280
1323,661500.000us,3000,920,-2080
1324,662000.000us,3000,920,-2080
1325,662500.000us,3000,880,-2120
1326,663000.000us,3000,960,-2040
1327,663500.000us,2960,880,-2080
1328,664000.000us,3000,960,-2040
1329,664500.000us,2960,920,-2040
1330,665000.000us,2960,920,-2040
1331,665500.000us,2960,880,-2080
1332,666000.000us,2960,920,-2040
1333,666500.000us,2960,920,-2040
1334,667000.000us,3000,960,-2040
1335,667500.000us,2920,880,-2040
1336,668000.000us,2960,880,-2080
1337,668500.000us,3000,920,-2080
1338,669000.000us,3000,960,-2040
1339,669500.000us,2960,880,-2080
1340,670000.000us,3000,920,-2080
1341,670500.000us,3000,920,-2080
1342,671000.000us,3040,960,-2080
1343,671500.000us,2960,920,-2040
1344,672000.000us,3000,960,-2040
1345,672500.000us,3000,960,-2040
1346,673000.000us,3040,960,-2080
1347,673500.000us,3000,920,-2080
1348,674000.000us,3040,960,-2080
1349,674500.000us,3080,960,-2120
1350,675000.000us,3280,1000,-2280
1351,675500.000us,3040,920,-2120
1352,676000.000us,3280,1000,-2280
1353,676500.000us,3320,1040,-2280
1354,677000.000us,3520,1080,-2440
1355,677500.000us,3320,1040,-2280
1356,678000.000us,3480,1040,-2440
1357,678500.000us,3440,1040,-2400
1358,679000.000us,3520,1080,-2440
1359,679500.000us,3280,1000,-2280
1360,680000.000us,3280,1000,-2280
1361,680500.000us,3280,1000,-2280
1362,681000.000us,3280,1000,-2280
1363,681500.000us,2960,920,-2040
1364,682000.000us,2960,920,-2040
1365,682500.000us,2960,960,-2000
1366,683000.000us,3000,960,-2040
1367,683500.000us,2960,880,-2080
1368,684000.000us,2960,960,-2000
1369,684500.000us,3000,920,-2080
1370,685000.000us,3040,960,-2080
1371,685500.000us,2960,880,-2080
1372,686000.000us,2960,920,-2040
1373,686500.000us,3000,920,-2080
1374,687000.000us,3000,960,-2040
1375,687500.000us,2920,920,-2000
1376,688000.000us,3000,920,-2080
1377,688500.000us,2960,920,-2040
1378,689000.000us,3000,920,-2080
1379,689500.000us,2960,880,-2080
1380,690000.000us,2960,880,-2080
1381,690500.000us,3000,880,-2120
1382,691000.000us,3040,960,-2080
1383,691500.000us,3000,880,-2120
1384,692000.000us,3000,960,-2040
1385,692500.000us,3000,960,-2040
1386,693000.000us,3080,960,-2120
1387,693500.000us,3000,920,-2080
1388,694000.000us,3080,960,-2120
1389,694500.000us,3040,960,-2080
1390,695000.000us,3360,1000,-2360
1391,695500.000us,3040,960,-2080
1392,696000.000us,3360,1000,-2360
1393,696500.000us,3360,1040,-2320
1394,697000.000us,3520,1120,-2400
1395,697500.000us,3360,1040,-2320
1396,698000.000us,3480,1120,-2360
1397,698500.000us,3480,1080,-2400
1398,699000.000us,3520,1080,-2440
1399,699500.000us,3280,1000,-2280
1400,700000.000us,3280,1000,-2280
1401,700500.000us,3240,1000,-2240
1402,701000.000us,3240,1000,-2240
1403,701500.000us,3000,880,-2120
1404,702000.000us,3000,920,-2080
1405,702500.000us,2960,920,-2040
1406,703000.000us,3000,960,-2040
1407,703500.000us,2920,880,-2040
1408,704000.000us,3000,960,-2040
1409,704500.000us,3000,880,-2120
1410,705000.000us,3000,960,-2040
1411,705500.000us,2920,880,-2040
1412,706000.000us,2960,880,-2080
1413,706500.000us,2920,920,-2000
1414,707000.000us,3000,960,-2040
1415,707500.000us,2920,880,-2040
1416,708000.000us,3000,920,-2080
1417,708500.000us,2960,920,-2040
1418,709000.000us,3040,960,-2080
1419,709500.000us,2960,880,-2080
1420,710000.000us,3000,960,-2040
1421,710500.000us,2960,960,-2000
1422,711000.000us,3040,960,-2080
1423,711500.000us,2960,920,-2040
1424,712000.000us,3000,920,-2080
1425,712500.000us,3040,960,-2080
1426,713000.000us,3040,960,-2080
1427,713500.000us,3040,920,-2120
1428,714000.000us,3040,960,-2080
1429,714500.000us,3040,920,-2120
1430,715000.000us,3320,1040,-2280
1431,715500.000us,3040,920,-2120
1432,716000.000us,3320,1040,-2280
1433,716500.000us,3360,1040,-2320
1434,717000.000us,3480,1120,-2360
1435,717500.000us,3360,1040,-2320
1436,718000.000us,3480,1080,-2400
1437,718500.000us,3520,1080,-2440
1438,719000.000us,3520,1080,-2440
1439,719500.000us,3280,1000,-2280
1440,720000.000us,3280,1000,-2280
1441,720500.000us,3240,1000,-2240
1442,721000.000us,3240,1000,-2240
1443,721500.000us,2960,920,-2040
1444,722000.000us,3000,920,-2080
1445,722500.000us,2960,960,-2000
1446,723000.000us,3000,960,-2040
1447,723500.000us,2960,880,-2080
1448,724000.000us,2960,920,-2040
1449,724500.000us,2960,920,-2040
1450,725000.000us,3000,960,-2040
1451,725500.000us,2960,880,-2080
1452,726000.000us,2960,920,-2040
1453,726500.000us,2960,920,-2040
1454,727000.000us,3000,920,-2080
1455,727500.000us,2920,920,-2000
1456,728000.000us,2960,920,-2040
1457,728500.000us,3000,960,-2040
1458,729000.000us,3000,1560,-1440
1459,729500.000us,2960,920,-2040
1460,730000.000us,3000,1560,-1440
1461,730500.000us,3000,1600,-1400
1462,731000.000us,3040,1960,-1080
1463,731500.000us,3000,1600,-1400
1464,732000.000us,3040,1960,-1080
1465,732500.000us,3040,2000,-1040
1466,733000.000us,3120,2040,-1080
1467,733500.000us,3000,2000,-1000
1468,734000.000us,3120,2040,-1080
1469,734500.000us,3120,2040,-1080
1470,735000.000us,3400,2200,-1200
1471,735500.000us,3080,2040,-1040
1472,736000.000us,3400,2200,-1200
1473,736500.000us,3520,2240,-1280
1474,737000.000us,3720,2400,-1320
1475,737500.000us,3520,2240,-1280
1476,738000.000us,3720,2400,-1320
1477,738500.000us,3760,2440,-1320
1478,739000.000us,3760,2480,-1280
1479,739500.000us,3600,2400,-1200
1480,740000.000us,3600,2440,-1160
1481,740500.000us,3560,2400,-1160
1482,741000.000us,3560,2400,-1160
1483,741500.000us,3200,2280,-920
1484,742000.000us,3200,2280,-920
1485,742500.000us,3200,2280,-920
1486,743000.000us,3200,2280,-920
1487,743500.000us,2960,2160,-800
1488,744000.000us,3000,2200,-800
1489,744500.000us,3000,2200,-800
1490,745000.000us,3000,2200,-800
1491,745500.000us,2920,2160,-760
1492,746000.000us,2960,2200,-760
1493,746500.000us,2960,2200,-760
1494,747000.000us,3000,2200,-800
1495,747500.000us,2960,2160,-800
1496,748000.000us,2960,2200,-760
1497,748500.000us,3000,2240,-760
1498,749000.000us,3040,2240,-800
1499,749500.000us,2960,2200,-760
1500,750000.000us,2960,2200,-760
1501,750500.000us,3000,2200,-800
1502,751000.000us,3040,2280,-760
1503,751500.000us,3000,2200,-800
1504,752000.000us,3040,2280,-760
1505,752500.000us,3040,2240,-800
1506,753000.000us,3120,2280,-840
1507,753500.000us,3040,2200,-840
1508,754000.000us,3120,2280,-840
1509,754500.000us,3120,2280,-840
1510,755000.000us,3480,2400,-1080
1511,755500.000us,3120,2280,-840
1512,756000.000us,3480,2400,-1080
1513,756500.000us,3520,2400,-1120
1514,757000.000us,3760,2520,-1240
1515,757500.000us,3520,2400,-1120
1516,758000.000us,3760,2520,-1240
1517,758500.000us,3760,2480,-1280
1518,759000.000us,3760,2520,-1240
1519,759500.000us,3640,2480,-1160
1520,760000.000us,3680,2520,-1160
1521,760500.000us,3640,2520,-1120
1522,761000.000us,3640,2520,-1120
1523,761500.000us,3280,2360,-920
1524,762000.000us,3280,2360,-920
1525,762500.000us,3200,2360,-840
1526,763000.000us,3200,2360,-840
1527,763500.000us,3000,2160,-840
1528,764000.000us,3000,2200,-800
1529,764500.000us,3000,2200,-800
1530,765000.000us,3000,2200,-800
1531,765500.000us,2920,2160,-760
1532,766000.000us,2920,2160,-760
1533,766500.000us,2960,2200,-760
1534,767000.000us,3000,2200,-800
1535,767500.000us,2960,2160,-800
1536,768000.000us,2960,2160,-800
1537,768500.000us,2960,2160,-800
1538,769000.000us,3040,2240,-800
1539,769500.000us,2960,2160,-800
1540,770000.000us,3040,2200,-840
1541,770500.000us,3000,2200,-800
1542,771000.000us,3040,2240,-800
1543,771500.000us,3000,2200,-800
1544,772000.000us,3040,2240,-800
1545,772500.000us,3080,2240,-840
1546,773000.000us,3120,2320,-800
1547,773500.000us,3040,2240,-800
1548,774000.000us,3120,2320,-800
1549,774500.000us,3120,2320,-800
1550,775000.000us,3480,2520,-960
1551,775500.000us,3120,2320,-800
1552,776000.000us,3440,2520,-920
1553,776500.000us,3520,2560,-960
1554,777000.000us,3760,2680,-1080
1555,777500.000us,3520,2560,-960
1556,778000.000us,3760,2640,-1120
1557,778500.000us,3760,2680,-1080
1558,779000.000us,3800,2680,-1120
1559,779500.000us,3680,2560,-1120
1560,780000.000us,3680,2560,-1120
1561,780500.000us,3640,2560,-1080
1562,781000.000us,3640,2560,-1080
1563,781500.000us,3280,2360,-920
1564,782000.000us,3280,2360,-920
1565,782500.000us,3240,2360,-880
1566,783000.000us,3240,2360,-880
1567,783500.000us,3000,2160,-840
1568,784000.000us,3000,2200,-800
1569,784500.000us,2960,2200,-760
1570,785000.000us,3000,2200,-800
1571,785500.000us,2920,2160,-760
1572,786000.000us,2960,2160,-800
1573,786500.000us,2960,2200,-760
1574,787000.000us,3000,2200,-800
1575,787500.000us,2960,2160,-800
1576,788000.000us,2960,2160,-800
1577,788500.000us,3000,2160,-840
1578,789000.000us,3040,2240,-800
1579,789500.000us,2960,2160,-800
1580,790000.000us,3040,2240,-800
1581,790500.000us,3040,2200,-840
1582,791000.000us,3040,2240,-800
1583,791500.000us,3000,2200,-800
1584,792000.000us,3040,2240,-800
1585,792500.000us,3080,2240,-840
1586,793000.000us,3120,2280,-840
1587,793500.000us,3000,2240,-760
1588,794000.000us,3080,2280,-800
1589,794500.000us,3120,2280,-840
1590,795000.000us,3520,2560,-960
1591,795500.000us,3120,2280,-840
1592,796000.000us,3520,2560,-960
1593,796500.000us,3560,2560,-1000
1594,797000.000us,3760,2640,-1120
1595,797500.000us,3560,2560,-1000
1596,798000.000us,3760,2640,-1120
1597,798500.000us,3760,2640,-1120
1598,799000.000us,3800,2640,-1160
1599,799500.000us,3640,2560,-1080
1600,800000.000us,3640,2560,-1080
1601,800500.000us,3640,2560,-1080
1602,801000.000us,3640,2560,-1080
1603,801500.000us,3280,2400,-880
1604,802000.000us,3280,2400,-880
1605,802500.000us,3240,2360,-880
1606,803000.000us,3240,2360,-880
1607,803500.000us,2960,2200,-760
1608,804000.000us,2960,2200,-760
1609,804500.000us,3000,2160,-840
1610,805000.000us,3000,2200,-800
1611,805500.000us,2960,2160,-800
1612,806000.000us,3000,2200,-800
1613,806500.000us,2960,2200,-760
1614,807000.000us,3000,2240,-760
1615,807500.000us,2960,2160,-800
1616,808000.000us,3000,2160,-840
1617,808500.000us,2960,2200,-760
1618,809000.000us,3040,2240,-800
1619,809500.000us,2960,2160,-800
1620,810000.000us,3000,2240,-760
1621,810500.000us,2960,2200,-760
1622,811000.000us,3040,2280,-760
1623,811500.000us,2960,2200,-760
1624,812000.000us,3040,2240,-800
1625,812500.000us,3080,2240,-840
1626,813000.000us,3120,2280,-840
1627,813500.000us,3040,2240,-800
1628,814000.000us,3120,2280,-840
1629,814500.000us,3120,2280,-840
1630,815000.000us,3480,2520,-960
1631,815500.000us,3120,2280,-840
1632,816000.000us,3480,2520,-960
1633,816500.000us,3560,2600,-960
1634,817000.000us,3800,2760,-1040
1635,817500.000us,3560,2560,-1000
1636,818000.000us,3800,2720,-1080
1637,818500.000us,3760,2720,-1040
1638,819000.000us,3800,2720,-1080
1639,819500.000us,3640,2640,-1000
1640,820000.000us,3640,2640,-1000
1641,820500.000us,3600,2600,-1000
1642,821000.000us,3600,2600,-1000
1643,821500.000us,3320,2400,-920
1644,822000.000us,3320,2400,-920
1645,822500.000us,3240,2360,-880
1646,823000.000us,3240,2360,-880
1647,823500.000us,2960,2160,-800
1648,824000.000us,2960,2160,-800
1649,824500.000us,2960,2200,-760
1650,825000.000us,3000,2200,-800
1651,825500.000us,2960,2120,-840
1652,826000.000us,2960,2200,-760
1653,826500.000us,2960,2200,-760
1654,827000.000us,3000,2240,-760
1655,827500.000us,2960,2160,-800
1656,828000.000us,3000,2200,-800
1657,828500.000us,2960,2200,-760
1658,829000.000us,3000,2240,-760
1659,829500.000us,2960,2160,-800
1660,830000.000us,3000,2200,-800
1661,830500.000us,3000,2240,-760
1662,831000.000us,3040,2280,-760
1663,831500.000us,3000,2200,-800
1664,832000.000us,3000,2280,-720
1665,832500.000us,3040,2240,-800
1666,833000.000us,3160,2280,-880
1667,833500.000us,3040,2240,-800
1668,834000.000us,3160,2280,-880
1669,834500.000us,3120,2280,-840
1670,835000.000us,3520,2520,-1000
1671,835500.000us,3120,2280,-840
1672,836000.000us,3520,2520,-1000
1673,836500.000us,3520,2600,-920
1674,837000.000us,3760,2720,-1040
1675,837500.000us,3520,2600,-920
1676,838000.000us,3760,2720,-1040
1677,838500.000us,3800,2760,-1040
1678,839000.000us,3800,2760,-1040
1679,839500.000us,3640,2640,-1000
1680,840000.000us,3640,2680,-960
1681,840500.000us,3640,2640,-1000
1682,841000.000us,3640,2640,-1000
1683,841500.000us,3280,2400,-880
1684,842000.000us,3280,2400,-880
1685,842500.000us,3240,2360,-880
1686,843000.000us,3240,2360,-880
1687,843500.000us,2960,2200,-760
1688,844000.000us,3000,2200,-800
1689,844500.000us,3000,2200,-800
1690,845000.000us,3000,2200,-800
1691,845500.000us,2960,2160,-800
1692,846000.000us,3000,2200,-800
1693,846500.000us,2960,2160,-800
1694,847000.000us,3000,2200,-800
1695,847500.000us,2960,2160,-800
1696,848000.000us,3000,2200,-800
1697,848500.000us,2960,2160,-800
1698,849000.000us,3040,2240,-800
1699,849500.000us,2960,2160,-800
1700,850000.000us,3000,2200,-800
1701,850500.000us,3000,2240,-760
1702,851000.000us,3040,2240,-800
1703,851500.000us,3000,2200,-800
1704,852000.000us,3040,2240,-800
1705,852500.000us,3040,2280,-760
1706,853000.000us,3120,2280,-840
1707,853500.000us,3040,2240,-800
1708,854000.000us,3120,2280,-840
1709,854500.000us,3120,2280,-840
1710,855000.000us,3480,2560,-920
1711,855500.000us,3120,2280,-840
1712,856000.000us,3440,2560,-880
1713,856500.000us,3560,2600,-960
1714,857000.000us,3760,2760,-1000
1715,857500.000us,3560,2600,-960
1716,858000.000us,3760,2760,-1000
1717,858500.000us,3760,2720,-1040
1718,859000.000us,3800,2720,-1080
1719,859500.000us,3680,2680,-1000
1720,860000.000us,3680,2680,-1000
1721,860500.000us,3640,2640,-1000
1722,861000.000us,3640,2640,-1000
1723,861500.000us,3280,2360,-920
1724,862000.000us,3280,2360,-920
1725,862500.000us,3240,2360,-880
1726,863000.000us,3240,2360,-880
1727,863500.000us,2960,2160,-800
1728,864000.000us,3040,2160,-880
1729,864500.000us,2960,2240,-720
1730,865000.000us,3000,2240,-760
1731,865500.000us,2960,2160,-800
1732,866000.000us,2960,2200,-760
1733,866500.000us,2960,2240,-720
1734,867000.000us,3000,2240,-760
1735,867500.000us,2960,2160,-800
1736,868000.000us,2960,2160,-800
1737,868500.000us,2960,2200,-760
1738,869000.000us,3040,2240,-800
1739,869500.000us,2960,2160,-800
1740,870000.000us,3040,2240,-800
1741,870500.000us,3000,2200,-800
1742,871000.000us,3040,2240,-800
1743,871500.000us,3000,2200,-800
1744,872000.000us,3040,2240,-800
1745,872500.000us,3080,2280,-800
1746,873000.000us,3120,2280,-840
1747,873500.000us,3080,2240,-840
1748,874000.000us,3120,2280,-840
1749,874500.000us,3160,2280,-880
1750,875000.000us,3480,2560,-920
1751,875500.000us,3160,2280,-880
1752,876000.000us,3480,2560,-920
1753,876500.000us,3560,2560,-1000
1754,877000.000us,3800,2760,-1040
1755,877500.000us,3560,2560,-1000
1756,878000.000us,3800,2760,-1040
1757,878500.000us,3840,2720,-1120
1758,879000.000us,3840,2760,-1080
1759,879500.000us,3680,2640,-1040
1760,880000.000us,3680,2640,-1040
1761,880500.000us,3600,2640,-960
1762,881000.000us,3600,2640,-960
1763,881500.000us,3240,2360,-880
1764,882000.000us,3240,2360,-880
1765,882500.000us,3240,2400,-840
1766,883000.000us,3240,2400,-840
1767,883500.000us,3000,2200,-800
1768,884000.000us,3000,2200,-800
1769,884500.000us,3000,2160,-840
1770,885000.000us,3000,2200,-800
1771,885500.000us,2960,2160,-800
1772,886000.000us,2960,2200,-760
1773,886500.000us,2960,2160,-800
1774,887000.000us,3040,2200,-840
1775,887500.000us,2960,2160,-800
1776,888000.000us,3040,2200,-840
1777,888500.000us,2960,2200,-760
1778,889000.000us,3040,2240,-800
1779,889500.000us,2960,2160,-800
1780,890000.000us,3040,2200,-840
1781,890500.000us,3000,2240,-760
1782,891000.000us,3040,2240,-800
1783,891500.000us,3000,2160,-840
1784,892000.000us,3040,2240,-800
1785,892500.000us,3040,2240,-800
1786,893000.000us,3120,2280,-840
1787,893500.000us,3040,2240,-800
1788,894000.000us,3120,2280,-840
1789,894500.000us,3160,2280,-880
1790,895000.000us,3520,2560,-960
1791,895500.000us,3120,2280,-840
1792,896000.000us,3480,2520,-960
1793,896500.000us,3560,2600,-960
1794,897000.000us,3760,2760,-1000
1795,897500.000us,3560,2600,-960
1796,898000.000us,3760,2760,-1000
1797,898500.000us,3760,2720,-1040
1798,899000.000us,3760,2760,-1000
1799,899500.000us,3680,2640,-1040
1800,900000.000us,3680,2680,-1000
1801,900500.000us,3640,2600,-1040
1802,901000.000us,3640,2600,-1040
1803,901500.000us,3280,2320,-960
1804,902000.000us,3280,2320,-960
1805,902500.000us,3240,2320,-920
1806,903000.000us,3240,2320,-920
1807,903500.000us,2960,2080,-880
1808,904000.000us,3000,2080,-920
1809,904500.000us,3000,2080,-920
1810,905000.000us,3000,2120,-880
1811,905500.000us,2960,2000,-960
1812,906000.000us,2960,2080,-880
1813,906500.000us,2920,2160,-760
1814,907000.000us,3000,2200,-800
1815,907500.000us,2920,2160,-760
1816,908000.000us,3000,2200,-800
1817,908500.000us,3000,2160,-840
1818,909000.000us,3040,2240,-800
1819,909500.000us,2960,2160,-800
1820,910000.000us,3040,2200,-840
1821,910500.000us,3040,2240,-800
1822,911000.000us,3080,2240,-840
1823,911500.000us,3000,2200,-800
1824,912000.000us,3040,2240,-800
1825,912500.000us,3040,2280,-760
1826,913000.000us,3120,2280,-840
1827,913500.000us,3040,2240,-800
1828,914000.000us,3120,2240,-880
1829,914500.000us,3120,2280,-840
1830,915000.000us,3520,2400,-1120
1831,915500.000us,3120,2280,-840
1832,916000.000us,3520,2400,-1120
1833,916500.000us,3600,2440,-1160
1834,917000.000us,3760,2520,-1240
1835,917500.000us,3600,2440,-1160
1836,918000.000us,3680,2520,-1160
1837,918500.000us,3760,2520,-1240
1838,919000.000us,3760,2600,-1160
1839,919500.000us,3600,2520,-1080
1840,920000.000us,3600,2520,-1080
1841,920500.000us,3600,2520,-1080
1842,921000.000us,3600,2520,-1080
1843,921500.000us,3200,2360,-840
1844,922000.000us,3200,2360,-840
1845,922500.000us,3160,2320,-840
1846,923000.000us,3200,2320,-880
1847,923500.000us,2960,2160,-800
1848,924000.000us,3000,2240,-760
1849,924500.000us,2960,2200,-760
1850,925000.000us,3000,2200,-800
1851,925500.000us,2960,2160,-800
1852,926000.000us,2960,2160,-800
1853,926500.000us,2960,2160,-800
1854,927000.000us,3000,2200,-800
1855,927500.000us,2960,2160,-800
1856,928000.000us,3000,2200,-800
1857,928500.000us,2960,2160,-800
1858,929000.000us,3040,2240,-800
1859,929500.000us,2960,2160,-800
1860,930000.000us,3000,2200,-800
1861,930500.000us,3000,2240,-760
1862,931000.000us,3040,2240,-800
1863,931500.000us,3000,2200,-800
1864,932000.000us,3040,2240,-800
1865,932500.000us,3080,2240,-840
1866,933000.000us,3160,2320,-840
1867,933500.000us,3040,2240,-800
1868,934000.000us,3160,2280,-880
1869,934500.000us,3120,2320,-800
1870,935000.000us,3520,2560,-960
1871,935500.000us,3120,2320,-800
1872,936000.000us,3520,2560,-960
1873,936500.000us,3560,2560,-1000
1874,937000.000us,3760,2720,-1040
1875,937500.000us,3560,2560,-1000
1876,938000.000us,3760,2720,-1040
1877,938500.000us,3800,2680,-1120
1878,939000.000us,3800,2720,-1080
1879,939500.000us,3680,2560,-1120
1880,940000.000us,3680,2560,-1120
1881,940500.000us,3640,2640,-1000
1882,941000.000us,3640,2640,-1000
1883,941500.000us,3280,2360,-920
1884,942000.000us,3280,2360,-920
1885,942500.000us,3200,2320,-880
1886,943000.000us,3200,2320,-880
1887,943500.000us,2960,2200,-760
1888,944000.000us,3000,2200,-800
1889,944500.000us,2960,2200,-760
1890,945000.000us,3000,2200,-800
1891,945500.000us,2920,2160,-760
1892,946000.000us,2960,2160,-800
1893,946500.000us,2960,2160,-800
1894,947000.000us,3000,2200,-800
1895,947500.000us,2960,2160,-800
1896,948000.000us,3000,2200,-800
1897,948500.000us,3000,2200,-800
1898,949000.000us,3040,2240,-800
1899,949500.000us,2960,2160,-800
1900,950000.000us,3040,2240,-800
1901,950500.000us,3040,2160,-880
1902,951000.000us,3040,2280,-760
1903,951500.000us,3000,2160,-840
1904,952000.000us,3040,2280,-760
1905,952500.000us,3040,2280,-760
1906,953000.000us,3120,2320,-800
1907,953500.000us,3040,2240,-800
1908,954000.000us,3120,2320,-800
1909,954500.000us,3120,2280,-840
1910,955000.000us,3480,2560,-920
1911,955500.000us,3120,2280,-840
1912,956000.000us,3480,2560,-920
1913,956500.000us,3560,2560,-1000
1914,957000.000us,3800,2680,-1120
1915,957500.000us,3560,2560,-1000
1916,958000.000us,3760,2640,-1120
1917,958500.000us,3800,2640,-1160
1918,959000.000us,3800,2640,-1160
1919,959500.000us,3680,2560,-1120
1920,960000.000us,3680,2560,-1120
1921,960500.000us,3600,2560,-1040
1922,961000.000us,3600,2560,-1040
1923,961500.000us,3240,2360,-880
1924,962000.000us,3240,2360,-880
1925,962500.000us,3240,2320,-920
1926,963000.000us,3240,2320,-920
1927,963500.000us,2960,2160,-800
1928,964000.000us,2960,2200,-760
1929,964500.000us,3040,2200,-840
1930,965000.000us,3040,2200,-840
1931,965500.000us,2960,2160,-800
1932,966000.000us,2960,2160,-800
1933,966500.000us,3000,2200,-800
1934,967000.000us,3000,2240,-760
1935,967500.000us,2960,2160,-800
1936,968000.000us,2960,2200,-760
1937,968500.000us,3000,2240,-760
1938,969000.000us,3040,2240,-800
1939,969500.000us,2960,2200,-760
1940,970000.000us,3000,2200,-800
1941,970500.000us,3040,2160,-880
1942,971000.000us,3080,2240,-840
1943,971500.000us,3000,2160,-840
1944,972000.000us,3080,2240,-840
1945,972500.000us,3080,2240,-840
1946,973000.000us,3160,2320,-840
1947,973500.000us,3040,2240,-800
1948,974000.000us,3120,2320,-800
1949,974500.000us,3120,2280,-840
1950,975000.000us,3520,2560,-960
1951,975500.000us,3120,2280,-840
1952,976000.000us,3520,2560,-960
1953,976500.000us,3560,2600,-960
1954,977000.000us,3760,2680,-1080
1955,977500.000us,3560,2560,-1000
1956,978000.000us,3760,2680,-1080
1957,978500.000us,3800,2640,-1160
1958,979000.000us,3800,2640,-1160
1959,979500.000us,3600,2560,-1040
1960,980000.000us,3600,2560,-1040
1961,980500.000us,3600,2600,-1000
1962,981000.000us,3600,2600,-1000
1963,981500.000us,3240,2360,-880
1964,982000.000us,3240,2400,-840
1965,982500.000us,3200,2320,-880
1966,983000.000us,3200,2320,-880
1967,983500.000us,2960,2160,-800
1968,984000.000us,2960,2200,-760
1969,984500.000us,2920,2240,-680
1970,985000.000us,3000,2240,-760
1971,985500.000us,2920,2160,-760
1972,986000.000us,2960,2160,-800
1973,986500.000us,3000,2160,-840
1974,987000.000us,3000,2200,-800
1975,987500.000us,2960,2160,-800
1976,988000.000us,2960,2160,-800
1977,988500.000us,2960,2240,-720
1978,989000.000us,3000,2240,-760
1979,989500.000us,2960,2160,-800
1980,990000.000us,3000,2200,-800
1981,990500.000us,3000,2200,-800
1982,991000.000us,3080,2240,-840
1983,991500.000us,3000,2200,-800
1984,992000.000us,3080,2240,-840
1985,992500.000us,3080,2240,-840
1986,993000.000us,3120,2320,-800
1987,993500.000us,3040,2240,-800
1988,994000.000us,3120,2320,-800
1989,994500.000us,3120,2280,-840
1990,995000.000us,3520,2560,-960
1991,995500.000us,3120,2280,-840
1992,996000.000us,3520,2560,-960
1993,996500.000us,3600,2600,-1000
1994,997000.000us,3800,2680,-1120
1995,997500.000us,3600,2600,-1000
1996,998000.000us,3760,2680,-1080
1997,998500.000us,3800,2640,-1160
1998,999000.000us,3800,2640,-1160
1999,999500.000us,3640,2560,-1080
2000,1000000.000us,3640,2560,-1080
2001,1000500.000us,3600,2560,-1040
2002,1001000.000us,3600,2560,-1040
2003,1001500.000us,3240,2320,-920
2004,1002000.000us,3240,2320,-920
2005,1002500.000us,3200,2320,-880
2006,1003000.000us,3200,2320,-880
2007,1003500.000us,2960,2200,-760
2008,1004000.000us,2960,2200,-760
2009,1004500.000us,3000,2200,-800
2010,1005000.000us,3000,2240,-760
2011,1005500.000us,2960,2160,-800
2012,1006000.000us,2960,2200,-760
2013,1006500.000us,3000,2200,-800
2014,1007000.000us,3000,2200,-800
2015,1007500.000us,2960,2160,-800
2016,1008000.000us,3000,2200,-800
2017,1008500.000us,2960,2200,-760
2018,1009000.000us,3040,2240,-800
2019,1009500.000us,2960,2160,-800
2020,1010000.000us,3000,2200,-800
2021,1010500.000us,3040,2240,-800
2022,1011000.000us,3040,2240,-800
2023,1011500.000us,3000,2200,-800
2024,1012000.000us,3040,2240,-800
2025,1012500.000us,3080,2240,-840
2026,1013000.000us,3120,2280,-840
2027,1013500.000us,3040,2240,-800
2028,1014000.000us,3120,2280,-840
2029,1014500.000us,3120,2280,-840
2030,1015000.000us,3520,2560,-960
2031,1015500.000us,3120,2280,-840
2032,1016000.000us,3520,2560,-960
2033,1016500.000us,3560,2600,-960
2034,1017000.000us,3800,2680,-1120
2035,1017500.000us,3560,2600,-960
2036,1018000.000us,3800,2680,-1120
2037,1018500.000us,3800,2640,-1160
2038,1019000.000us,3800,2680,-1120
2039,1019500.000us,3640,2560,-1080
2040,1020000.000us,3640,2560,-1080
2041,1020500.000us,3600,2520,-1080
2042,1021000.000us,3600,2560,-1040
2043,1021500.000us,3240,2360,-880
2044,1022000.000us,3240,2360,-880
2045,1022500.000us,3200,2360,-840
2046,1023000.000us,3200,2360,-840
2047,1023500.000us,2960,2160,-800
2048,1024000.000us,3000,2160,-840
2049,1024500.000us,3000,2200,-800
2050,1025000.000us,3000,2200,-800
2051,1025500.000us,2960,2160,-800
2052,1026000.000us,3000,2160,-840
2053,1026500.000us,2960,2200,-760
2054,1027000.000us,3000,2200,-800
2055,1027500.000us,2920,2160,-760
2056,1028000.000us,2960,2160,-800
2057,1028500.000us,2960,2200,-760
2058,1029000.000us,3040,2240,-800
2059,1029500.000us,2960,2160,-800
2060,1030000.000us,3000,2240,-760
2061,1030500.000us,3000,2200,-800
2062,1031000.000us,3040,2240,-800
2063,1031500.000us,3000,2160,-840
2064,1032000.000us,3040,2240,-800
2065,1032500.000us,3040,2240,-800
2066,1033000.000us,3120,2320,-800
2067,1033500.000us,3040,2240,-800
2068,1034000.000us,3120,2320,-800
2069,1034500.000us,3120,2280,-840
2070,1035000.000us,3520,2560,-960
2071,1035500.000us,3120,2280,-840
2072,1036000.000us,3520,2560,-960
2073,1036500.000us,3560,2600,-960
2074,1037000.000us,3760,2680,-1080
2075,1037500.000us,3560,2600,-960
2076,1038000.000us,3760,2680,-1080
2077,1038500.000us,3800,2680,-1120
2078,1039000.000us,3800,2680,-1120
2079,1039500.000us,3640,2600,-1040
2080,1040000.000us,3640,2600,-1040
2081,1040500.000us,3600,2560,-1040
2082,1041000.000us,3600,2560,-1040
2083,1041500.000us,3240,2360,-880
2084,1042000.000us,3240,2360,-880
2085,1042500.000us,3200,2360,-840
2086,1043000.000us,3200,2360,-840
2087,1043500.000us,2960,2160,-800
2088,1044000.000us,3000,2160,-840
2089,1044500.000us,2960,2200,-760
2090,1045000.000us,3000,2200,-800
2091,1045500.000us,2960,2160,-800
2092,1046000.000us,3000,2160,-840
2093,1046500.000us,2960,2160,-800
2094,1047000.000us,3000,2200,-800
2095,1047500.000us,2920,2160,-760
2096,1048000.000us,2960,2200,-760
2097,1048500.000us,3000,2200,-800
2098,1049000.000us,3040,2200,-840
2099,1049500.000us,2960,2160,-800
2100,1050000.000us,3000,2200,-800
2101,1050500.000us,3040,2200,-840
2102,1051000.000us,3080,2240,-840
2103,1051500.000us,3000,2200,-800
2104,1052000.000us,3080,2240,-840
2105,1052500.000us,3080,2240,-840
2106,1053000.000us,3120,2320,-800
2107,1053500.000us,3040,2240,-800
2108,1054000.000us,3120,2280,-840
2109,1054500.000us,3120,2280,-840
2110,1055000.000us,3520,2600,-920
2111,1055500.000us,3120,2280,-840
2112,1056000.000us,3520,2600,-920
2113,1056500.000us,3600,2600,-1000
2114,1057000.000us,3760,2720,-1040
2115,1057500.000us,3600,2600,-1000
2116,1058000.000us,3760,2720,-1040
2117,1058500.000us,3800,2680,-1120
2118,1059000.000us,3800,2680,-1120
2119,1059500.000us,3640,2600,-1040
2120,1060000.000us,3640,2600,-1040
2121,1060500.000us,3600,2560,-1040
2122,1061000.000us,3600,2560,-1040
2123,1061500.000us,3240,2360,-880
2124,1062000.000us,3240,2360,-880
2125,1062500.000us,3200,2320,-880
2126,1063000.000us,3200,2320,-880
2127,1063500.000us,2960,2160,-800
2128,1064000.000us,3000,2200,-800
2129,1064500.000us,2960,2160,-800
2130,1065000.000us,3000,2240,-760
2131,1065500.000us,2960,2160,-800
2132,1066000.000us,2960,2240,-720
2133,1066500.000us,2960,2200,-760
2134,1067000.000us,3000,2240,-760
2135,1067500.000us,2960,2160,-800
2136,1068000.000us,2960,2200,-760
2137,1068500.000us,2960,2200,-760
2138,1069000.000us,3040,2240,-800
2139,1069500.000us,2960,2200,-760
2140,1070000.000us,3000,2200,-800
2141,1070500.000us,3040,2200,-840
2142,1071000.000us,3080,2240,-840
2143,1071500.000us,3000,2200,-800
2144,1072000.000us,3000,2240,-760
2145,1072500.000us,3040,2240,-800
2146,1073000.000us,3160,2320,-840
2147,1073500.000us,3040,2240,-800
2148,1074000.000us,3160,2320,-840
2149,1074500.000us,3160,2320,-840
2150,1075000.000us,3560,2560,-1000
2151,1075500.000us,3120,2320,-800
2152,1076000.000us,3560,2560,-1000
2153,1076500.000us,3600,2600,-1000
2154,1077000.000us,3760,2720,-1040
2155,1077500.000us,3600,2600,-1000
2156,1078000.000us,3760,2680,-1080
2157,1078500.000us,3800,2640,-1160
2158,1079000.000us,3800,2680,-1120
2159,1079500.000us,3600,2560,-1040
2160,1080000.000us,3600,2560,-1040
2161,1080500.000us,3560,2560,-1000
2162,1081000.000us,3600,2560,-1040
2163,1081500.000us,3240,2360,-880
2164,1082000.000us,3240,2360,-880
2165,1082500.000us,3200,2320,-880
2166,1083000.000us,3200,2320,-880
2167,1083500.000us,2960,2200,-760
2168,1084000.000us,2960,2200,-760
2169,1084500.000us,3000,2240,-760
2170,1085000.000us,3000,2240,-760
2171,1085500.000us,2960,2160,-800
2172,1086000.000us,3000,2240,-760
2173,1086500.000us,2960,2160,-800
2174,1087000.000us,3000,2200,-800
2175,1087500.000us,2960,2160,-800
2176,1088000.000us,3000,2200,-800
2177,1088500.000us,3000,2200,-800
2178,1089000.000us,3000,2240,-760
2179,1089500.000us,2960,2160,-800
2180,1090000.000us,2960,2200,-760
2181,1090500.000us,3000,2200,-800
2182,1091000.000us,3080,2240,-840
2183,1091500.000us,3000,2200,-800
2184,1092000.000us,3040,2240,-800
2185,1092500.000us,3080,2240,-840
2186,1093000.000us,3120,2320,-800
2187,1093500.000us,3040,2240,-800
2188,1094000.000us,3120,2280,-840
2189,1094500.000us,3160,2280,-880
2190,1095000.000us,3560,2600,-960
2191,1095500.000us,3160,2280,-880
2192,1096000.000us,3560,2600,-960
2193,1096500.000us,3600,2640,-960
2194,1097000.000us,3800,2720,-1080
2195,1097500.000us,3600,2640,-960
2196,1098000.000us,3800,2680,-1120
2197,1098500.000us,3800,2680,-1120
2198,1099000.000us,3800,2680,-1120
2199,1099500.000us,3640,2560,-1080
2200,1100000.000us,3640,2600,-1040
2201,1100500.000us,3600,2560,-1040
2202,1101000.000us,3600,2560,-1040
2203,1101500.000us,3240,2360,-880
2204,1102000.000us,3240,2360,-880
2205,1102500.000us,3200,2320,-880
2206,1103000.000us,3200,2320,-880
2207,1103500.000us,2960,2160,-800
2208,1104000.000us,2960,2200,-760
2209,1104500.000us,2960,2200,-760
2210,1105000.000us,3000,2200,-800
2211,1105500.000us,2920,2160,-760
2212,1106000.000us,2960,2200,-760
2213,1106500.000us,2920,2200,-720
2214,1107000.000us,3040,2200,-840
2215,1107500.000us,2920,2160,-760
2216,1108000.000us,3000,2200,-800
2217,1108500.000us,3000,2200,-800
2218,1109000.000us,3000,2240,-760
2219,1109500.000us,2960,2160,-800
2220,1110000.000us,3000,2200,-800
2221,1110500.000us,3040,2240,-800
2222,1111000.000us,3080,2240,-840
2223,1111500.000us,3000,2200,-800
2224,1112000.000us,3080,2200,-880
2225,1112500.000us,3040,2240,-800
2226,1113000.000us,3120,2320,-800
2227,1113500.000us,3040,2240,-800
2228,1114000.000us,3120,2320,-800
2229,1114500.000us,3120,2280,-840
2230,1115000.000us,3520,2560,-960
2231,1115500.000us,3120,2280,-840
2232,1116000.000us,3520,2560,-960
2233,1116500.000us,3640,2600,-1040
2234,1117000.000us,3760,2720,-1040
2235,1117500.000us,3600,2600,-1000
2236,1118000.000us,3760,2680,-1080
2237,1118500.000us,3760,2640,-1120
2238,1119000.000us,3800,2640,-1160
2239,1119500.000us,3640,2560,-1080
2240,1120000.000us,3640,2560,-1080
2241,1120500.000us,3560,2520,-1040
2242,1121000.000us,3560,2560,-1000
2243,1121500.000us,3280,2320,-960
2244,1122000.000us,3280,2320,-960
2245,1122500.000us,3200,2320,-880
2246,1123000.000us,3200,2320,-880
2247,1123500.000us,2960,2160,-800
2248,1124000.000us,2960,2160,-800
2249,1124500.000us,2960,2200,-760
2250,1125000.000us,2960,2200,-760
2251,1125500.000us,2960,2160,-800
2252,1126000.000us,2960,2160,-800
2253,1126500.000us,2960,2160,-800
2254,1127000.000us,3040,2200,-840
2255,1127500.000us,2960,2160,-800
2256,1128000.000us,2960,2200,-760
2257,1128500.000us,3000,2200,-800
2258,1129000.000us,3040,2240,-800
2259,1129500.000us,2960,2160,-800
2260,1130000.000us,2960,2240,-720
2261,1130500.000us,3000,2200,-800
2262,1131000.000us,3040,2280,-760
2263,1131500.000us,3000,2200,-800
2264,1132000.000us,3040,2280,-760
2265,1132500.000us,3040,2240,-800
2266,1133000.000us,3120,2320,-800
2267,1133500.000us,3040,2240,-800
2268,1134000.000us,3120,2280,-840
2269,1134500.000us,3120,2320,-800
2270,1135000.000us,3560,2600,-960
2271,1135500.000us,3120,2320,-800
2272,1136000.000us,3560,2600,-960
2273,1136500.000us,3560,2600,-960
2274,1137000.000us,3800,2720,-1080
2275,1137500.000us,3560,2600,-960
2276,1138000.000us,3800,2680,-1120
2277,1138500.000us,3760,2680,-1080
2278,1139000.000us,3760,2680,-1080
2279,1139500.000us,3640,2600,-1040
2280,1140000.000us,3640,2600,-1040
2281,1140500.000us,3600,2560,-1040
2282,1141000.000us,3600,2560,-1040
2283,1141500.000us,3240,2360,-880
2284,1142000.000us,3240,2360,-880
2285,1142500.000us,3200,2320,-880
2286,1143000.000us,3200,2320,-880
2287,1143500.000us,2960,2160,-800
2288,1144000.000us,2960,2160,-800
2289,1144500.000us,3000,2200,-800
2290,1145000.000us,3000,2200,-800
2291,1145500.000us,2920,2160,-760
2292,1146000.000us,2960,2200,-760
2293,1146500.000us,2960,2200,-760
2294,1147000.000us,3000,2240,-760
2295,1147500.000us,2960,2160,-800
2296,1148000.000us,2960,2200,-760
2297,1148500.000us,3000,2200,-800
2298,1149000.000us,3040,2240,-800
2299,1149500.000us,2960,2160,-800
2300,1150000.000us,2960,2200,-760
2301,1150500.000us,3040,2240,-800
2302,1151000.000us,3080,2280,-800
2303,1151500.000us,3000,2200,-800
2304,1152000.000us,3040,2280,-760
2305,1152500.000us,3040,2240,-800
2306,1153000.000us,3160,2280,-880
2307,1153500.000us,3040,2240,-800
2308,1154000.000us,3160,2280,-880
2309,1154500.000us,3120,2320,-800
2310,1155000.000us,3600,2560,-1040
2311,1155500.000us,3120,2320,-800
2312,1156000.000us,3600,2560,-1040
2313,1156500.000us,3560,2600,-960
2314,1157000.000us,3760,2720,-1040
2315,1157500.000us,3560,2600,-960
2316,1158000.000us,3760,2680,-1080
2317,1158500.000us,3800,2640,-1160
2318,1159000.000us,3800,2640,-1160
2319,1159500.000us,3640,2560,-1080
2320,1160000.000us,3680,2600,-1080
2321,1160500.000us,3600,2560,-1040
2322,1161000.000us,3600,2560,-1040
2323,1161500.000us,3200,2360,-840
2324,1162000.000us,3200,2360,-840
2325,1162500.000us,3200,2320,-880
2326,1163000.000us,3200,2320,-880
2327,1163500.000us,2960,2200,-760
2328,1164000.000us,2960,2200,-760
2329,1164500.000us,2960,2240,-720
2330,1165000.000us,3000,2240,-760
2331,1165500.000us,2960,2200,-760
2332,1166000.000us,2960,2200,-760
2333,1166500.000us,2960,2200,-760
2334,1167000.000us,3000,2200,-800
2335,1167500.000us,2960,2160,-800
2336,1168000.000us,3000,2200,-800
2337,1168500.000us,2960,2200,-760
2338,1169000.000us,3040,2240,-800
2339,1169500.000us,2920,2160,-760
2340,1170000.000us,3040,2240,-800
2341,1170500.000us,3000,2240,-760
2342,1171000.000us,3080,2280,-800
2343,1171500.000us,3000,2200,-800
2344,1172000.000us,3080,2240,-840
2345,1172500.000us,3040,2240,-800
2346,1173000.000us,3120,2320,-800
2347,1173500.000us,3040,2240,-800
2348,1174000.000us,3120,2320,-800
2349,1174500.000us,3160,2320,-840
2350,1175000.000us,3560,2600,-960
2351,1175500.000us,3160,2320,-840
2352,1176000.000us,3560,2600,-960
2353,1176500.000us,3600,2600,-1000
2354,1177000.000us,3800,2720,-1080
2355,1177500.000us,3600,2600,-1000
2356,1178000.000us,3800,2680,-1120
2357,1178500.000us,3800,2720,-1080
2358,1179000.000us,3800,2720,-1080
2359,1179500.000us,3640,2600,-1040
2360,1180000.000us,3640,2600,-1040
2361,1180500.000us,3560,2520,-1040
2362,1181000.000us,3560,2520,-1040
2363,1181500.000us,3240,2360,-880
2364,1182000.000us,3240,2360,-880
2365,1182500.000us,3200,2320,-880
2366,1183000.000us,3200,2320,-880
2367,1183500.000us,2960,2160,-800
2368,1184000.000us,3000,2200,-800
2369,1184500.000us,3000,2200,-800
2370,1185000.000us,3000,2240,-760
2371,1185500.000us,2960,2160,-800
2372,1186000.000us,2960,2160,-800
2373,1186500.000us,3000,2160,-840
2374,1187000.000us,3000,2240,-760
2375,1187500.000us,2960,2160,-800
2376,1188000.000us,2960,2160,-800
2377,1188500.000us,3000,2160,-840
2378,1189000.000us,3000,2240,-760
2379,1189500.000us,2960,2160,-800
2380,1190000.000us,3000,2200,-800
2381,1190500.000us,3000,2200,-800
2382,1191000.000us,3080,2240,-840
2383,1191500.000us,3000,2200,-800
2384,1192000.000us,3080,2240,-840
2385,1192500.000us,3040,2240,-800
2386,1193000.000us,3120,2280,-840
2387,1193500.000us,3040,2240,-800
2388,1194000.000us,3120,2280,-840
2389,1194500.000us,3160,2280,-880
2390,1195000.000us,3520,2600,-920
2391,1195500.000us,3160,2280,-880
2392,1196000.000us,3520,2600,-920
2393,1196500.000us,3600,2600,-1000
2394,1197000.000us,3800,2720,-1080
2395,1197500.000us,3600,2600,-1000
2396,1198000.000us,3800,2680,-1120
2397,1198500.000us,3800,2720,-1080
2398,1199000.000us,3800,2720,-1080
2399,1199500.000us,3640,2560,-1080
2400,1200000.000us,3640,2560,-1080
2401,1200500.000us,3600,2520,-1080
2402,1201000.000us,3600,2520,-1080
2403,1201500.000us,3240,2360,-880
2404,1202000.000us,3240,2360,-880
2405,1202500.000us,3200,2320,-880
2406,1203000.000us,3200,2320,-880
2407,1203500.000us,2960,2200,-760
2408,1204000.000us,3000,2200,-800
2409,1204500.000us,3000,2200,-800
2410,1205000.000us,3000,2200,-800
2411,1205500.000us,2920,2160,-760
2412,1206000.000us,2960,2160,-800
2413,1206500.000us,3000,2200,-800
2414,1207000.000us,3000,2200,-800
2415,1207500.000us,2920,2160,-760
2416,1208000.000us,3000,2200,-800
2417,1208500.000us,3000,2200,-800
2418,1209000.000us,3040,2240,-800
2419,1209500.000us,2960,2160,-800
2420,1210000.000us,3000,2200,-800
2421,1210500.000us,3000,2240,-760
2422,1211000.000us,3080,2280,-800
2423,1211500.000us,2960,2200,-760
2424,1212000.000us,3080,2240,-840
2425,1212500.000us,3040,2240,-800
2426,1213000.000us,3120,2320,-800
2427,1213500.000us,3040,2240,-800
2428,1214000.000us,3120,2320,-800
2429,1214500.000us,3120,2280,-840
2430,1215000.000us,3560,2560,-1000
2431,1215500.000us,3120,2280,-840
2432,1216000.000us,3560,2560,-1000
2433,1216500.000us,3560,2600,-960
2434,1217000.000us,3800,2720,-1080
2435,1217500.000us,3560,2600,-960
2436,1218000.000us,3800,2680,-1120
2437,1218500.000us,3760,2680,-1080
2438,1219000.000us,3760,2680,-1080
2439,1219500.000us,3640,2600,-1040
2440,1220000.000us,3640,2600,-1040
2441,1220500.000us,3600,2520,-1080
2442,1221000.000us,3600,2560,-1040
2443,1221500.000us,3240,2360,-880
2444,1222000.000us,3240,2360,-880
2445,1222500.000us,3200,2320,-880
2446,1223000.000us,3200,2320,-880
2447,1223500.000us,2960,2200,-760
2448,1224000.000us,3000,2200,-800
2449,1224500.000us,3000,2200,-800
2450,1225000.000us,3000,2200,-800
2451,1225500.000us,2960,2160,-800
2452,1226000.000us,2960,2160,-800
2453,1226500.000us,2920,2200,-720
2454,1227000.000us,3000,2200,-800
2455,1227500.000us,2920,2160,-760
2456,1228000.000us,3000,2200,-800
2457,1228500.000us,2960,2200,-760
2458,1229000.000us,3040,2240,-800
2459,1229500.000us,2960,2200,-760
2460,1230000.000us,2960,2200,-760
2461,1230500.000us,3040,2200,-840
2462,1231000.000us,3040,2280,-760
2463,1231500.000us,2960,2200,-760
2464,1232000.000us,3040,2240,-800
2465,1232500.000us,3080,2280,-800
2466,1233000.000us,3120,2320,-800
2467,1233500.000us,3080,2240,-840
2468,1234000.000us,3120,2320,-800
2469,1234500.000us,3120,2280,-840
2470,1235000.000us,3520,2560,-960
2471,1235500.000us,3120,2280,-840
2472,1236000.000us,3520,2560,-960
2473,1236500.000us,3600,2600,-1000
2474,1237000.000us,3800,2720,-1080
2475,1237500.000us,3600,2600,-1000
2476,1238000.000us,3800,2680,-1120
2477,1238500.000us,3800,2680,-1120
2478,1239000.000us,3800,2680,-1120
2479,1239500.000us,3600,2560,-1040
2480,1240000.000us,3600,2560,-1040
2481,1240500.000us,3600,2560,-1040
2482,1241000.000us,3600,2560,-1040
2483,1241500.000us,3200,2360,-840
2484,1242000.000us,3200,2360,-840
2485,1242500.000us,3200,2320,-880
2486,1243000.000us,3200,2320,-880
2487,1243500.000us,2960,2160,-800
2488,1244000.000us,2960,2200,-760
2489,1244500.000us,2960,2160,-800
2490,1245000.000us,3000,2240,-760
2491,1245500.000us,2960,2160,-800
2492,1246000.000us,3000,2160,-840
2493,1246500.000us,2960,2200,-760
2494,1247000.000us,3000,2200,-800
2495,1247500.000us,2920,2160,-760
2496,1248000.000us,2960,2200,-760
2497,1248500.000us,2960,2200,-760
2498,1249000.000us,3040,2240,-800
2499,1249500.000us,2960,2160,-800
2500,1250000.000us,3000,2240,-760
2501,1250500.000us,3000,2160,-840
2502,1251000.000us,3080,2240,-840
2503,1251500.000us,3000,2160,-840
2504,1252000.000us,3040,2240,-800
2505,1252500.000us,3080,2240,-840
2506,1253000.000us,3160,2280,-880
2507,1253500.000us,3080,2240,-840
2508,1254000.000us,3120,2280,-840
2509,1254500.000us,3120,2320,-800
2510,1255000.000us,3560,2560,-1000
2511,1255500.000us,3120,2320,-800
2512,1256000.000us,3560,2560,-1000
2513,1256500.000us,3560,2600,-960
2514,1257000.000us,3800,2720,-1080
2515,1257500.000us,3560,2600,-960
2516,1258000.000us,3800,2680,-1120
2517,1258500.000us,3760,2640,-1120
2518,1259000.000us,3760,2640,-1120
2519,1259500.000us,3600,2560,-1040
2520,1260000.000us,3600,2560,-1040
2521,1260500.000us,3560,2520,-1040
2522,1261000.000us,3560,2560,-1000
2523,1261500.000us,3240,2360,-880
2524,1262000.000us,3240,2360,-880
2525,1262500.000us,3200,2320,-880
2526,1263000.000us,3200,2320,-880
2527,1263500.000us,2960,2160,-800
2528,1264000.000us,3000,2200,-800
2529,1264500.000us,3000,2200,-800
2530,1265000.000us,3000,2200,-800
2531,1265500.000us,2960,2160,-800
2532,1266000.000us,2960,2200,-760
2533,1266500.000us,2960,2200,-760
2534,1267000.000us,3000,2240,-760
2535,1267500.000us,2960,2160,-800
2536,1268000.000us,3000,2240,-760
2537,1268500.000us,3000,2200,-800
2538,1269000.000us,3040,2240,-800
2539,1269500.000us,2960,2160,-800
2540,1270000.000us,3040,2200,-840
2541,1270500.000us,3040,2240,-800
2542,1271000.000us,3080,2280,-800
2543,1271500.000us,3000,2160,-840
2544,1272000.000us,3080,2240,-840
2545,1272500.000us,3080,2280,-800
2546,1273000.000us,3160,2320,-840
2547,1273500.000us,3080,2240,-840
2548,1274000.000us,3160,2320,-840
2549,1274500.000us,3200,2320,-880
2550,1275000.000us,3560,2600,-960
2551,1275500.000us,3200,2280,-920
2552,1276000.000us,3560,2600,-960
2553,1276500.000us,3560,2600,-960
2554,1277000.000us,3760,2720,-1040
2555,1277500.000us,3560,2600,-960
2556,1278000.000us,3760,2680,-1080
2557,1278500.000us,3760,2640,-1120
2558,1279000.000us,3760,2640,-1120
2559,1279500.000us,3600,2560,-1040
2560,1280000.000us,3600,2560,-1040
2561,1280500.000us,3560,2560,-1000
2562,1281000.000us,3560,2560,-1000
2563,1281500.000us,3200,2360,-840
2564,1282000.000us,3200,2360,-840
2565,1282500.000us,3160,2320,-840
2566,1283000.000us,3160,2320,-840
2567,1283500.000us,2920,2160,-760
2568,1284000.000us,2920,2200,-720
2569,1284500.000us,3000,2200,-800
2570,1285000.000us,3000,2200,-800
2571,1285500.000us,2960,2160,-800
2572,1286000.000us,2960,2200,-760
2573,1286500.000us,2960,2200,-760
2574,1287000.000us,3000,2200,-800
2575,1287500.000us,2960,2160,-800
2576,1288000.000us,3000,2160,-840
2577,1288500.000us,2960,2240,-720
2578,1289000.000us,3040,2240,-800
2579,1289500.000us,2960,2160,-800
2580,1290000.000us,3040,2240,-800
2581,1290500.000us,3000,2200,-800
2582,1291000.000us,3080,2280,-800
2583,1291500.000us,3000,2200,-800
2584,1292000.000us,3080,2280,-800
2585,1292500.000us,3040,2240,-800
2586,1293000.000us,3120,2320,-800
2587,1293500.000us,3040,2240,-800
2588,1294000.000us,3120,2320,-800
2589,1294500.000us,3160,2320,-840
2590,1295000.000us,3560,2560,-1000
2591,1295500.000us,3160,2320,-840
2592,1296000.000us,3560,2560,-1000
2593,1296500.000us,3600,2600,-1000
2594,1297000.000us,3800,2720,-1080
2595,1297500.000us,3600,2600,-1000
2596,1298000.000us,3760,2680,-1080
2597,1298500.000us,3760,2720,-1040
2598,1299000.000us,3760,2720,-1040
2599,1299500.000us,3600,2560,-1040
2600,1300000.000us,3600,2560,-1040
2601,1300500.000us,3600,2560,-1040
2602,1301000.000us,3600,2560,-1040
2603,1301500.000us,3200,2320,-880
2604,1302000.000us,3200,2320,-880
2605,1302500.000us,3160,2320,-840
2606,1303000.000us,3160,2320,-840
2607,1303500.000us,2960,2200,-760
2608,1304000.000us,2960,2200,-760
2609,1304500.000us,3000,2200,-800
2610,1305000.000us,3000,2200,-800
2611,1305500.000us,2960,2160,-800
2612,1306000.000us,2960,2160,-800
2613,1306500.000us,2960,2200,-760
2614,1307000.000us,3000,2240,-760
2615,1307500.000us,2920,2160,-760
2616,1308000.000us,2920,2160,-760
2617,1308500.000us,3000,2200,-800
2618,1309000.000us,3000,2240,-760
2619,1309500.000us,2960,2200,-760
2620,1310000.000us,3000,2200,-800
2621,1310500.000us,3040,2200,-840
2622,1311000.000us,3080,2280,-800
2623,1311500.000us,3000,2200,-800
2624,1312000.000us,3080,2240,-840
2625,1312500.000us,3080,2240,-840
2626,1313000.000us,3120,2320,-800
2627,1313500.000us,3040,2240,-800
2628,1314000.000us,3120,2320,-800
2629,1314500.000us,3160,2320,-840
2630,1315000.000us,3560,2640,-920
2631,1315500.000us,3160,2320,-840
2632,1316000.000us,3560,2640,-920
2633,1316500.000us,3600,2600,-1000
2634,1317000.000us,3760,2720,-1040
2635,1317500.000us,3600,2600,-1000
2636,1318000.000us,3760,2640,-1120
2637,1318500.000us,3800,2680,-1120
2638,1319000.000us,3800,2680,-1120
2639,1319500.000us,3600,2600,-1000
2640,1320000.000us,3640,2600,-1040
2641,1320500.000us,3640,2560,-1080
2642,1321000.000us,3640,2560,-1080
2643,1321500.000us,3200,2320,-880
2644,1322000.000us,3200,2320,-880
2645,1322500.000us,3160,2280,-880
2646,1323000.000us,3160,2320,-840
2647,1323500.000us,2960,2160,-800
2648,1324000.000us,2960,2160,-800
2649,1324500.000us,3000,2240,-760
2650,1325000.000us,3000,2240,-760
2651,1325500.000us,2960,2160,-800
2652,1326000.000us,2960,2200,-760
2653,1326500.000us,2960,2160,-800
2654,1327000.000us,3040,2240,-800
2655,1327500.000us,2960,2160,-800
2656,1328000.000us,3000,2200,-800
2657,1328500.000us,3000,2200,-800
2658,1329000.000us,3040,2240,-800
2659,1329500.000us,3000,2200,-800
2660,1330000.000us,3040,2240,-800
2661,1330500.000us,3040,2240,-800
2662,1331000.000us,3080,2240,-840
2663,1331500.000us,3000,2200,-800
2664,1332000.000us,3040,2240,-800
2665,1332500.000us,3040,2240,-800
2666,1333000.000us,3160,2320,-840
2667,1333500.000us,3040,2240,-800
2668,1334000.000us,3160,2320,-840
2669,1334500.000us,3120,2280,-840
2670,1335000.000us,3560,2600,-960
2671,1335500.000us,3120,2280,-840
2672,1336000.000us,3560,2600,-960
2673,1336500.000us,3600,2600,-1000
2674,1337000.000us,3760,2720,-1040
2675,1337500.000us,3600,2600,-1000
2676,1338000.000us,3760,2680,-1080
2677,1338500.000us,3800,2640,-1160
2678,1339000.000us,3800,2680,-1120
2679,1339500.000us,3600,2560,-1040
2680,1340000.000us,3640,2560,-1080
2681,1340500.000us,3520,2560,-960
2682,1341000.000us,3560,2560,-1000
2683,1341500.000us,3200,2320,-880
2684,1342000.000us,3200,2320,-880
2685,1342500.000us,3120,2320,-800
2686,1343000.000us,3120,2320,-800
2687,1343500.000us,2960,2160,-800
2688,1344000.000us,2960,2240,-720
2689,1344500.000us,3000,2200,-800
2690,1345000.000us,3000,2200,-800
2691,1345500.000us,2960,2160,-800
2692,1346000.000us,2960,2200,-760
2693,1346500.000us,3000,2160,-840
2694,1347000.000us,3000,2240,-760
2695,1347500.000us,2960,2160,-800
2696,1348000.000us,3000,2160,-840
2697,1348500.000us,2960,2200,-760
2698,1349000.000us,3040,2240,-800
2699,1349500.000us,2960,2200,-760
2700,1350000.000us,3040,2200,-840
2701,1350500.000us,3040,2240,-800
2702,1351000.000us,3120,2280,-840
2703,1351500.000us,3000,2240,-760
2704,1352000.000us,3080,2240,-840
2705,1352500.000us,3040,2240,-800
2706,1353000.000us,3160,2320,-840
2707,1353500.000us,3040,2240,-800
2708,1354000.000us,3160,2280,-880
2709,1354500.000us,3160,2320,-840
2710,1355000.000us,3560,2600,-960
2711,1355500.000us,3160,2320,-840
2712,1356000.000us,3560,2600,-960
2713,1356500.000us,3600,2600,-1000
2714,1357000.000us,3800,2720,-1080
2715,1357500.000us,3600,2600,-1000
2716,1358000.000us,3760,2720,-1040
2717,1358500.000us,3800,2680,-1120
2718,1359000.000us,3800,2680,-1120
2719,1359500.000us,3600,2560,-1040
2720,1360000.000us,3600,2560,-1040
2721,1360500.000us,3560,2560,-1000
2722,1361000.000us,3560,2560,-1000
2723,1361500.000us,3200,2360,-840
2724,1362000.000us,3200,2360,-840
2725,1362500.000us,3160,2320,-840
2726,1363000.000us,3160,2320,-840
2727,1363500.000us,2960,2200,-760
2728,1364000.000us,3000,2240,-760
2729,1364500.000us,2960,2200,-760
2730,1365000.000us,3000,2240,-760
2731,1365500.000us,2920,2160,-760
2732,1366000.000us,2960,2200,-760
2733,1366500.000us,2960,2160,-800
2734,1367000.000us,3040,2240,-800
2735,1367500.000us,2960,2160,-800
2736,1368000.000us,2960,2200,-760
2737,1368500.000us,3000,2200,-800
2738,1369000.000us,3040,2240,-800
2739,1369500.000us,3000,2200,-800
2740,1370000.000us,3040,2200,-840
2741,1370500.000us,3040,2200,-840
2742,1371000.000us,3080,2240,-840
2743,1371500.000us,3000,2200,-800
2744,1372000.000us,3080,2240,-840
2745,1372500.000us,3080,2240,-840
2746,1373000.000us,3200,2320,-880
2747,1373500.000us,3080,2240,-840
2748,1374000.000us,3120,2280,-840
2749,1374500.000us,3120,2280,-840
2750,1375000.000us,3600,2600,-1000
2751,1375500.000us,3120,2280,-840
2752,1376000.000us,3600,2600,-1000
2753,1376500.000us,3600,2600,-1000
2754,1377000.000us,3800,2720,-1080
2755,1377500.000us,3600,2600,-1000
2756,1378000.000us,3800,2720,-1080
2757,1378500.000us,3800,2720,-1080
2758,1379000.000us,3800,2720,-1080
2759,1379500.000us,3640,2560,-1080
2760,1380000.000us,3640,2560,-1080
2761,1380500.000us,3600,2520,-1080
2762,1381000.000us,3600,2560,-1040
2763,1381500.000us,3160,2320,-840
2764,1382000.000us,3160,2320,-840
2765,1382500.000us,3160,2320,-840
2766,1383000.000us,3160,2320,-840
2767,1383500.000us,2960,2160,-800
2768,1384000.000us,2960,2200,-760
2769,1384500.000us,3000,2200,-800
2770,1385000.000us,3000,2200,-800
2771,1385500.000us,2920,2160,-760
2772,1386000.000us,3000,2200,-800
2773,1386500.000us,3000,2200,-800
2774,1387000.000us,3040,2200,-840
2775,1387500.000us,2960,2160,-800
2776,1388000.000us,3000,2200,-800
2777,1388500.000us,3000,2200,-800
2778,1389000.000us,3040,2240,-800
2779,1389500.000us,2960,2160,-800
2780,1390000.000us,3000,2200,-800
2781,1390500.000us,3040,2240,-800
2782,1391000.000us,3040,2240,-800
2783,1391500.000us,3000,2200,-800
2784,1392000.000us,3040,2240,-800
2785,1392500.000us,3040,2240,-800
2786,1393000.000us,3120,2320,-800
2787,1393500.000us,3040,2240,-800
2788,1394000.000us,3120,2320,-800
2789,1394500.000us,3160,2320,-840
2790,1395000.000us,3600,2600,-1000
2791,1395500.000us,3160,2320,-840
2792,1396000.000us,3600,2600,-1000
2793,1396500.000us,3600,2600,-1000
2794,1397000.000us,3800,2720,-1080
2795,1397500.000us,3600,2600,-1000
2796,1398000.000us,3800,2720,-1080
2797,1398500.000us,3760,2680,-1080
2798,1399000.000us,3800,2680,-1120
2799,1399500.000us,3640,2560,-1080
2800,1400000.000us,3640,2560,-1080
2801,1400500.000us,3560,2560,-1000
2802,1401000.000us,3560,2560,-1000
2803,1401500.000us,3160,2320,-840
2804,1402000.000us,3160,2320,-840
2805,1402500.000us,3160,2320,-840
2806,1403000.000us,3160,2320,-840
2807,1403500.000us,2960,2200,-760
2808,1404000.000us,3000,2240,-760
2809,1404500.000us,2960,2240,-720
2810,1405000.000us,3000,2240,-760
2811,1405500.000us,2920,2160,-760
2812,1406000.000us,2960,2160,-800
2813,1406500.000us,2960,2160,-800
2814,1407000.000us,3000,2240,-760
2815,1407500.000us,2960,2160,-800
2816,1408000.000us,3000,2200,-800
2817,1408500.000us,2960,2160,-800
2818,1409000.000us,3040,2240,-800
2819,1409500.000us,2960,2160,-800
2820,1410000.000us,3000,2200,-800
2821,1410500.000us,3040,2240,-800
2822,1411000.000us,3040,2240,-800
2823,1411500.000us,2960,2200,-760
2824,1412000.000us,3040,2240,-800
2825,1412500.000us,3040,2280,-760
2826,1413000.000us,3120,2320,-800
2827,1413500.000us,3040,2240,-800
2828,1414000.000us,3120,2280,-840
2829,1414500.000us,3160,2320,-840
2830,1415000.000us,3600,2640,-960
2831,1415500.000us,3160,2320,-840
2832,1416000.000us,3600,2640,-960
2833,1416500.000us,3600,2600,-1000
2834,1417000.000us,3840,2720,-1120
2835,1417500.000us,3600,2600,-1000
2836,1418000.000us,3840,2720,-1120
2837,1418500.000us,3800,2680,-1120
2838,1419000.000us,3800,2680,-1120
2839,1419500.000us,3600,2600,-1000
2840,1420000.000us,3600,2600,-1000
2841,1420500.000us,3560,2560,-1000
2842,1421000.000us,3560,2560,-1000
2843,1421500.000us,3200,2320,-880
2844,1422000.000us,3200,2320,-880
2845,1422500.000us,3160,2280,-880
2846,1423000.000us,3160,2280,-880
2847,1423500.000us,2960,2160,-800
2848,1424000.000us,3000,2200,-800
2849,1424500.000us,2960,2200,-760
2850,1425000.000us,3000,2200,-800
2851,1425500.000us,2960,2160,-800
2852,1426000.000us,2960,2200,-760
2853,1426500.000us,3000,2160,-840
2854,1427000.000us,3040,2200,-840
2855,1427500.000us,2960,2160,-800
2856,1428000.000us,3040,2200,-840
2857,1428500.000us,2960,2160,-800
2858,1429000.000us,3040,2240,-800
2859,1429500.000us,2960,2160,-800
2860,1430000.000us,3000,2240,-760
2861,1430500.000us,3040,2240,-800
2862,1431000.000us,3080,2240,-840
2863,1431500.000us,3000,2200,-800
2864,1432000.000us,3040,2240,-800
2865,1432500.000us,3040,2280,-760
2866,1433000.000us,3160,2320,-840
2867,1433500.000us,3040,2280,-760
2868,1434000.000us,3160,2320,-840
2869,1434500.000us,3160,2320,-840
2870,1435000.000us,3520,2600,-920
2871,1435500.000us,3160,2320,-840
2872,1436000.000us,3520,2600,-920
2873,1436500.000us,3560,2600,-960
2874,1437000.000us,3760,2720,-1040
2875,1437500.000us,3560,2600,-960
2876,1438000.000us,3760,2640,-1120
2877,1438500.000us,3760,2680,-1080
2878,1439000.000us,3760,2680,-1080
2879,1439500.000us,3600,2560,-1040
2880,1440000.000us,3600,2600,-1000
2881,1440500.000us,3560,2560,-1000
2882,1441000.000us,3560,2560,-1000
2883,1441500.000us,3200,2360,-840
2884,1442000.000us,3200,2360,-840
2885,1442500.000us,3160,2280,-880
2886,1443000.000us,3160,2280,-880
2887,1443500.000us,2960,2160,-800
2888,1444000.000us,2960,2200,-760
2889,1444500.000us,2960,2160,-800
2890,1445000.000us,3000,2200,-800
2891,1445500.000us,2960,2160,-800
2892,1446000.000us,2960,2200,-760
2893,1446500.000us,2960,2200,-760
2894,1447000.000us,3000,2240,-760
2895,1447500.000us,2960,2160,-800
2896,1448000.000us,2960,2200,-760
2897,1448500.000us,2960,2160,-800
2898,1449000.000us,3040,2240,-800
2899,1449500.000us,2960,2160,-800
2900,1450000.000us,3000,2240,-760
2901,1450500.000us,3040,2200,-840
2902,1451000.000us,3080,2280,-800
2903,1451500.000us,3040,2200,-840
2904,1452000.000us,3080,2280,-800
2905,1452500.000us,3080,2240,-840
2906,1453000.000us,3120,2320,-800
2907,1453500.000us,3040,2240,-800
2908,1454000.000us,3120,2280,-840
2909,1454500.000us,3160,2320,-840
2910,1455000.000us,3600,2600,-1000
2911,1455500.000us,3160,2320,-840
2912,1456000.000us,3600,2600,-1000
2913,1456500.000us,3640,2600,-1040
2914,1457000.000us,3800,2720,-1080
2915,1457500.000us,3640,2600,-1040
2916,1458000.000us,3800,2720,-1080
2917,1458500.000us,3760,2680,-1080
2918,1459000.000us,3760,2680,-1080
2919,1459500.000us,3600,2560,-1040
2920,1460000.000us,3600,2600,-1000
2921,1460500.000us,3600,2560,-1040
2922,1461000.000us,3600,2560,-1040
2923,1461500.000us,3200,2360,-840
2924,1462000.000us,3200,2360,-840
2925,1462500.000us,3160,2320,-840
2926,1463000.000us,3160,2320,-840
2927,1463500.000us,2960,2160,-800
2928,1464000.000us,2960,2200,-760
2929,1464500.000us,2960,2160,-800
2930,1465000.000us,3000,2200,-800
2931,1465500.000us,2960,2160,-800
2932,1466000.000us,2960,2160,-800
2933,1466500.000us,3000,2200,-800
2934,1467000.000us,3040,2240,-800
2935,1467500.000us,2920,2160,-760
2936,1468000.000us,3040,2240,-800
2937,1468500.000us,3000,2240,-760
2938,1469000.000us,3040,2240,-800
2939,1469500.000us,2960,2160,-800
2940,1470000.000us,3000,2200,-800
2941,1470500.000us,3040,2240,-800
2942,1471000.000us,3040,2240,-800
2943,1471500.000us,3000,2200,-800
2944,1472000.000us,3040,2240,-800
2945,1472500.000us,3040,2280,-760
2946,1473000.000us,3160,2320,-840
2947,1473500.000us,3040,2240,-800
2948,1474000.000us,3120,2320,-800
2949,1474500.000us,3120,2320,-800
2950,1475000.000us,3560,2600,-960
2951,1475500.000us,3120,2320,-800
2952,1476000.000us,3560,2600,-960
2953,1476500.000us,3680,2600,-1080
2954,1477000.000us,3800,2760,-1040
2955,1477500.000us,3680,2600,-1080
2956,1478000.000us,3800,2680,-1120
2957,1478500.000us,3760,2720,-1040
2958,1479000.000us,3800,2720,-1080
2959,1479500.000us,3600,2560,-1040
2960,1480000.000us,3600,2560,-1040
2961,1480500.000us,3560,2520,-1040
2962,1481000.000us,3560,2560,-1000
2963,1481500.000us,3200,2320,-880
2964,1482000.000us,3200,2320,-880
2965,1482500.000us,3160,2320,-840
2966,1483000.000us,3160,2320,-840
2967,1483500.000us,2960,2160,-800
2968,1484000.000us,2960,2160,-800
2969,1484500.000us,3000,2200,-800
2970,1485000.000us,3000,2240,-760
2971,1485500.000us,2960,2160,-800
2972,1486000.000us,2960,2200,-760
2973,1486500.000us,2920,2160,-760
2974,1487000.000us,3000,2200,-800
2975,1487500.000us,2920,2160,-760
2976,1488000.000us,2960,2160,-800
2977,1488500.000us,3000,2200,-800
2978,1489000.000us,3000,2240,-760
2979,1489500.000us,2960,2160,-800
2980,1490000.000us,3000,2200,-800
2981,1490500.000us,3040,2200,-840
2982,1491000.000us,3080,2240,-840
2983,1491500.000us,3000,2200,-800
2984,1492000.000us,3040,2240,-800
2985,1492500.000us,3040,2240,-800
2986,1493000.000us,3160,2320,-840
2987,1493500.000us,3040,2240,-800
2988,1494000.000us,3160,2280,-880
2989,1494500.000us,3200,2320,-880
2990,1495000.000us,3560,2600,-960
2991,1495500.000us,3200,2320,-880
2992,1496000.000us,3560,2600,-960
2993,1496500.000us,3640,2640,-1000
2994,1497000.000us,3840,2720,-1120
2995,1497500.000us,3640,2640,-1000
2996,1498000.000us,3800,2720,-1080
2997,1498500.000us,3800,2680,-1120
2998,1499000.000us,3800,2680,-1120
2999,1499500.000us,3560,2520,-1040
3000,1500000.000us,3560,2520,-1040
3001,1500500.000us,3560,2560,-1000
3002,1501000.000us,3560,2560,-1000
3003,1501500.000us,3200,2320,-880
3004,1502000.000us,3200,2320,-880
3005,1502500.000us,3160,2320,-840
3006,1503000.000us,3160,2320,-840
3007,1503500.000us,2960,2200,-760
3008,1504000.000us,2960,2200,-760
3009,1504500.000us,2960,2200,-760
3010,1505000.000us,3000,2200,-800
3011,1505500.000us,2960,2160,-800
3012,1506000.000us,2960,2200,-760
3013,1506500.000us,3000,2200,-800
3014,1507000.000us,3000,2200,-800
3015,1507500.000us,2960,2160,-800
3016,1508000.000us,3000,2200,-800
3017,1508500.000us,3000,2200,-800
3018,1509000.000us,3040,2240,-800
3019,1509500.000us,2960,2200,-760
3020,1510000.000us,3000,2200,-800
3021,1510500.000us,3000,2240,-760
3022,1511000.000us,3040,2280,-760
3023,1511500.000us,3000,2200,-800
3024,1512000.000us,3040,2200,-840
3025,1512500.000us,3040,2240,-800
3026,1513000.000us,3120,2320,-800
3027,1513500.000us,3040,2240,-800
3028,1514000.000us,3120,2280,-840
3029,1514500.000us,3160,2320,-840
3030,1515000.000us,3600,2600,-1000
3031,1515500.000us,3160,2320,-840
3032,1516000.000us,3600,2600,-1000
3033,1516500.000us,3600,2640,-960
3034,1517000.000us,3800,2720,-1080
3035,1517500.000us,3600,2640,-960
3036,1518000.000us,3760,2680,-1080
3037,1518500.000us,3800,2640,-1160
3038,1519000.000us,3800,2680,-1120
3039,1519500.000us,3560,2560,-1000
3040,1520000.000us,3560,2560,-1000
