time	V(out_pos,out_neg)
0.000000000000000e+00	5.197525e-05
9.999999439624929e-11	5.197525e-05
1.999999887924986e-10	5.197525e-05
3.999999775849972e-10	5.197525e-05
7.999999551699943e-10	5.197525e-05
1.599999910339989e-09	5.197525e-05
3.199999820679977e-09	5.197525e-05
6.399999641359955e-09	5.197525e-05
1.279999928271991e-08	5.221367e-05
2.559999856543982e-08	5.197525e-05
5.119999713087964e-08	5.221367e-05
9.253554715101588e-08	5.197525e-05
1.510262280024431e-07	5.221367e-05
2.057109890719378e-07	5.197525e-05
2.711852421584242e-07	5.197525e-05
3.308091341123734e-07	5.197525e-05
4.447286644444270e-07	5.197525e-05
4.681701148469375e-07	5.197525e-05
5.150530156519584e-07	5.197525e-05
6.088188172620003e-07	5.173683e-05
7.963504204820841e-07	5.173683e-05
1.171413626922252e-06	5.149841e-05
1.749046022329138e-06	5.149841e-05
2.479806010865313e-06	5.125999e-05
3.522277688581797e-06	5.054474e-05
5.347166951394209e-06	4.982948e-05
8.996945477019032e-06	4.839897e-05
1.629650252826868e-05	4.506111e-05
2.629650252826868e-05	4.005432e-05
3.629650252826868e-05	3.433228e-05
4.629650252826868e-05	2.861023e-05
5.629650252826868e-05	2.336502e-05
6.629650252826868e-05	1.811981e-05
7.629650252826867e-05	1.335144e-05
8.629650252826867e-05	8.583069e-06
9.629650252826867e-05	4.768372e-06
1.000000009999994e-04	3.337860e-06
1.000000019999994e-04	3.337860e-06
1.000000179999994e-04	3.337860e-06
1.000000499999994e-04	3.337860e-06
1.000001139999994e-04	3.337860e-06
1.000002419999994e-04	3.337860e-06
1.000004979999994e-04	3.576279e-06
1.000010099999994e-04	3.337860e-06
1.000020339999994e-04	3.337860e-06
1.000040819999994e-04	3.337860e-06
1.000081779999994e-04	3.337860e-06
1.000163699999994e-04	3.337860e-06
1.000327539999994e-04	3.337860e-06
1.000655219999995e-04	3.337860e-06
1.001310579999995e-04	3.337860e-06
1.002621299999997e-04	3.337860e-06
1.005242740000000e-04	3.099442e-06
1.010485620000006e-04	3.099442e-06
1.020971380000018e-04	2.622604e-06
1.041942900000042e-04	2.145767e-06
1.083885940000089e-04	9.536743e-07
1.167772020000184e-04	-7.152557e-07
1.267772020000184e-04	-2.145767e-06
1.367772020000184e-04	-2.622604e-06
1.467772020000184e-04	-3.814697e-06
1.567772020000184e-04	-5.245209e-06
1.667772020000184e-04	-7.152557e-06
1.767772020000184e-04	-9.059906e-06
1.867772020000184e-04	-1.072884e-05
1.967772020000184e-04	-1.239777e-05
2.067772020000184e-04	-1.382828e-05
2.167772020000184e-04	-1.502037e-05
2.267772020000184e-04	-1.645088e-05
2.367772020000184e-04	-1.740456e-05
2.467772020000184e-04	-1.859665e-05
2.567772020000184e-04	-1.931190e-05
2.667772020000184e-04	-2.002716e-05
2.767772020000184e-04	-1.788139e-05
2.867772020000184e-04	2.384186e-07
2.967772020000184e-04	1.304150e-04
3.001522676291443e-04	4.596710e-04
3.016745991476844e-04	1.021385e-03
3.025901920484451e-04	1.800060e-03
3.035835346758379e-04	3.261805e-03
3.048072246772568e-04	6.098270e-03
3.064602923443036e-04	1.203918e-02
3.085763259878138e-04	2.384615e-02
3.114858159323556e-04	4.901862e-02
3.155238371320485e-04	1.034997e-01
3.220415720807066e-04	2.373776e-01
3.320415720807066e-04	5.200300e-01
3.420415720807066e-04	8.477225e-01
3.498727766027240e-04	1.078563e+00
3.584955453903712e-04	1.262905e+00
3.684955453903713e-04	1.420348e+00
3.784955453903712e-04	1.554867e+00
3.884955453903713e-04	1.680927e+00
3.984955453903712e-04	1.803826e+00
4.084955453903712e-04	1.925276e+00
4.184955453903712e-04	2.045907e+00
4.284955453903712e-04	2.165986e+00
4.384955453903712e-04	2.285652e+00
4.484955453903712e-04	2.404985e+00
4.584955453903712e-04	2.524040e+00
4.684955453903712e-04	2.642856e+00
4.784955453903712e-04	2.761474e+00
4.884955453903712e-04	2.879947e+00
4.984955453903713e-04	2.998317e+00
5.084955453903712e-04	3.104454e+00
5.184955453903712e-04	3.170836e+00
5.284955453903712e-04	3.192006e+00
5.384955453903713e-04	3.193835e+00
5.484955453903712e-04	3.194229e+00
5.584955453903712e-04	3.194681e+00
5.684955453903712e-04	3.194951e+00
5.784955453903713e-04	3.195191e+00
5.884955453903712e-04	3.195373e+00
5.984955453903712e-04	3.195530e+00
6.084955453903712e-04	3.195660e+00
6.184955453903713e-04	3.195774e+00
6.284955453903712e-04	3.195872e+00
6.384955453903712e-04	3.195959e+00
6.484955453903712e-04	3.196035e+00
6.584955453903713e-04	3.196103e+00
6.684955453903712e-04	3.196164e+00
6.784955453903712e-04	3.196218e+00
6.884955453903712e-04	3.196267e+00
6.984955453903713e-04	3.196312e+00
7.084955453903712e-04	3.196352e+00
7.184955453903712e-04	3.196388e+00
7.284955453903712e-04	3.196422e+00
7.384955453903712e-04	3.196452e+00
7.484955453903712e-04	3.196480e+00
7.584955453903712e-04	3.196506e+00
7.684955453903712e-04	3.196529e+00
7.784955453903712e-04	3.196551e+00
7.884955453903712e-04	3.196571e+00
7.984955453903712e-04	3.196589e+00
8.084955453903712e-04	3.196606e+00
8.184955453903712e-04	3.196621e+00
8.284955453903712e-04	3.196636e+00
8.384955453903712e-04	3.196649e+00
8.484955453903712e-04	3.196662e+00
8.584955453903712e-04	3.196673e+00
8.684955453903712e-04	3.196684e+00
8.784955453903712e-04	3.196694e+00
8.884955453903712e-04	3.196703e+00
8.984955453903712e-04	3.196711e+00
9.084955453903712e-04	3.196720e+00
9.184955453903712e-04	3.196727e+00
9.284955453903712e-04	3.196734e+00
9.384955453903712e-04	3.196740e+00
9.484955453903711e-04	3.196746e+00
9.584955453903712e-04	3.196752e+00
9.684955453903712e-04	3.196757e+00
9.784955453903711e-04	3.196762e+00
9.884955453903711e-04	3.196767e+00
9.984955453903712e-04	3.196771e+00
1.000000000000000e-03	3.196771e+00
1.000000001000000e-03	3.196771e+00
1.000000017000000e-03	3.196771e+00
1.000000049000000e-03	3.196771e+00
1.000000113000000e-03	3.196771e+00
1.000000241000000e-03	3.196771e+00
1.000000497000000e-03	3.196771e+00
1.000001009000000e-03	3.196771e+00
1.000002033000000e-03	3.196771e+00
1.000004081000000e-03	3.196772e+00
1.000008177000000e-03	3.196772e+00
1.000016369000001e-03	3.196772e+00
1.000032753000001e-03	3.196772e+00
1.000065521000002e-03	3.196772e+00
1.000131057000004e-03	3.196772e+00
1.000262129000007e-03	3.196772e+00
1.000524273000015e-03	3.196772e+00
1.001048561000029e-03	3.196772e+00
1.002097137000058e-03	3.196772e+00
1.004194289000116e-03	3.196773e+00
1.008388593000232e-03	3.196775e+00
1.016777201000463e-03	3.196778e+00
1.026777201000463e-03	3.196782e+00
1.036777201000463e-03	3.196785e+00
1.046777201000463e-03	3.196788e+00
1.056777201000463e-03	3.196791e+00
1.066777201000463e-03	3.196793e+00
1.076777201000463e-03	3.196796e+00
1.086777201000463e-03	3.196798e+00
1.096777201000463e-03	3.196800e+00
1.106777201000463e-03	3.196803e+00
1.116777201000463e-03	3.196804e+00
1.126777201000463e-03	3.196806e+00
1.136777201000463e-03	3.196808e+00
1.146777201000463e-03	3.196810e+00
1.156777201000463e-03	3.196811e+00
1.166777201000463e-03	3.196813e+00
1.176777201000463e-03	3.196814e+00
1.186777201000463e-03	3.196815e+00
1.196777201000463e-03	3.196816e+00
1.206777201000463e-03	3.196817e+00
1.216777201000463e-03	3.196818e+00
1.226777201000463e-03	3.196819e+00
1.236777201000463e-03	3.196820e+00
1.246777201000463e-03	3.196821e+00
1.256777201000463e-03	3.196822e+00
1.266777201000463e-03	3.196822e+00
1.276777201000463e-03	3.196823e+00
1.286777201000463e-03	3.196824e+00
1.296777201000463e-03	3.196824e+00
1.306777201000463e-03	3.196825e+00
1.316777201000463e-03	3.196826e+00
1.326777201000463e-03	3.196826e+00
1.336777201000463e-03	3.196827e+00
1.346777201000463e-03	3.196827e+00
1.356777201000463e-03	3.196827e+00
1.366777201000463e-03	3.196828e+00
1.376777201000463e-03	3.196828e+00
1.386777201000463e-03	3.196828e+00
1.396777201000463e-03	3.196829e+00
1.406777201000463e-03	3.196829e+00
1.416777201000463e-03	3.196830e+00
1.426777201000463e-03	3.196830e+00
1.436777201000463e-03	3.196830e+00
1.446777201000463e-03	3.196830e+00
1.456777201000463e-03	3.196830e+00
1.466777201000463e-03	3.196831e+00
1.476777201000463e-03	3.196831e+00
1.486777201000463e-03	3.196831e+00
1.496777201000463e-03	3.196831e+00
1.506777201000463e-03	3.196831e+00
1.516777201000463e-03	3.196832e+00
1.526777201000463e-03	3.196832e+00
1.536777201000463e-03	3.196832e+00
1.546777201000463e-03	3.196832e+00
1.556777201000463e-03	3.196832e+00
1.566777201000463e-03	3.196832e+00
1.576777201000463e-03	3.196832e+00
1.586777201000463e-03	3.196832e+00
1.596777201000463e-03	3.196833e+00
1.606777201000463e-03	3.196833e+00
1.616777201000463e-03	3.196833e+00
1.626777201000463e-03	3.196833e+00
1.636777201000463e-03	3.196833e+00
1.646777201000463e-03	3.196833e+00
1.656777201000463e-03	3.196833e+00
1.666777201000463e-03	3.196833e+00
1.676777201000463e-03	3.196833e+00
1.686777201000463e-03	3.196833e+00
1.696777201000463e-03	3.196833e+00
1.706777201000463e-03	3.196834e+00
1.716777201000463e-03	3.196834e+00
1.726777201000463e-03	3.196834e+00
1.736777201000463e-03	3.196834e+00
1.746777201000463e-03	3.196834e+00
1.756777201000463e-03	3.196834e+00
1.766777201000463e-03	3.196834e+00
1.776777201000463e-03	3.196834e+00
1.786777201000463e-03	3.196834e+00
1.796777201000463e-03	3.196834e+00
1.806777201000463e-03	3.196834e+00
1.816777201000463e-03	3.196834e+00
1.826777201000463e-03	3.196834e+00
1.836777201000463e-03	3.196834e+00
1.846777201000463e-03	3.196834e+00
1.856777201000463e-03	3.196834e+00
1.866777201000463e-03	3.196834e+00
1.876777201000463e-03	3.196834e+00
1.886777201000463e-03	3.196834e+00
1.896777201000463e-03	3.196834e+00
1.906777201000463e-03	3.196834e+00
1.916777201000463e-03	3.196834e+00
1.926777201000463e-03	3.196834e+00
1.936777201000463e-03	3.196834e+00
1.946777201000463e-03	3.196834e+00
1.956777201000463e-03	3.196834e+00
1.966777201000463e-03	3.196834e+00
1.976777201000463e-03	3.196834e+00
1.986777201000463e-03	3.196834e+00
1.996777201000463e-03	3.196834e+00
2.006777201000463e-03	3.196834e+00
2.016777201000463e-03	3.196834e+00
2.026777201000463e-03	3.196834e+00
2.036777201000463e-03	3.196834e+00
2.046777201000463e-03	3.196834e+00
2.056777201000463e-03	3.196834e+00
2.066777201000463e-03	3.196834e+00
2.076777201000463e-03	3.196834e+00
2.086777201000463e-03	3.196834e+00
2.096777201000463e-03	3.196834e+00
2.106777201000463e-03	3.196834e+00
2.116777201000463e-03	3.196834e+00
2.126777201000463e-03	3.196834e+00
2.136777201000463e-03	3.196834e+00
2.146777201000463e-03	3.196834e+00
2.156777201000463e-03	3.196834e+00
2.166777201000463e-03	3.196834e+00
2.176777201000463e-03	3.196834e+00
2.186777201000463e-03	3.196834e+00
2.196777201000463e-03	3.196834e+00
2.206777201000463e-03	3.196834e+00
2.216777201000463e-03	3.196834e+00
2.226777201000463e-03	3.196834e+00
2.236777201000463e-03	3.196834e+00
2.246777201000463e-03	3.196834e+00
2.256777201000463e-03	3.196834e+00
2.266777201000463e-03	3.196834e+00
2.276777201000463e-03	3.196834e+00
2.286777201000463e-03	3.196834e+00
2.296777201000463e-03	3.196834e+00
2.306777201000463e-03	3.196834e+00
2.316777201000463e-03	3.196834e+00
2.326777201000463e-03	3.196834e+00
2.336777201000463e-03	3.196834e+00
2.346777201000463e-03	3.196834e+00
2.356777201000463e-03	3.196834e+00
2.366777201000463e-03	3.196834e+00
2.376777201000463e-03	3.196834e+00
2.386777201000463e-03	3.196834e+00
2.396777201000463e-03	3.196834e+00
2.406777201000463e-03	3.196834e+00
2.416777201000463e-03	3.196834e+00
2.426777201000463e-03	3.196834e+00
2.436777201000463e-03	3.196834e+00
2.446777201000463e-03	3.196834e+00
2.456777201000463e-03	3.196834e+00
2.466777201000463e-03	3.196834e+00
2.476777201000463e-03	3.196834e+00
2.486777201000463e-03	3.196834e+00
2.496777201000463e-03	3.196834e+00
2.506777201000463e-03	3.196834e+00
2.516777201000463e-03	3.196834e+00
2.526777201000463e-03	3.196834e+00
2.536777201000463e-03	3.196834e+00
2.546777201000463e-03	3.196834e+00
2.556777201000463e-03	3.196834e+00
2.566777201000463e-03	3.196834e+00
2.576777201000463e-03	3.196834e+00
2.586777201000463e-03	3.196834e+00
2.596777201000463e-03	3.196834e+00
2.606777201000463e-03	3.196834e+00
2.616777201000463e-03	3.196834e+00
2.626777201000463e-03	3.196834e+00
2.636777201000463e-03	3.196834e+00
2.646777201000463e-03	3.196834e+00
2.656777201000463e-03	3.196834e+00
2.666777201000463e-03	3.196834e+00
2.676777201000463e-03	3.196834e+00
2.686777201000463e-03	3.196834e+00
2.696777201000463e-03	3.196834e+00
2.706777201000463e-03	3.196834e+00
2.716777201000463e-03	3.196834e+00
2.726777201000463e-03	3.196834e+00
2.736777201000463e-03	3.196834e+00
2.746777201000463e-03	3.196834e+00
2.756777201000463e-03	3.196834e+00
2.766777201000463e-03	3.196834e+00
2.776777201000463e-03	3.196834e+00
2.786777201000463e-03	3.196834e+00
2.796777201000463e-03	3.196834e+00
2.806777201000463e-03	3.196834e+00
2.816777201000463e-03	3.196834e+00
2.826777201000463e-03	3.196834e+00
2.836777201000463e-03	3.196834e+00
2.846777201000463e-03	3.196834e+00
2.856777201000463e-03	3.196834e+00
2.866777201000463e-03	3.196834e+00
2.876777201000463e-03	3.196834e+00
2.886777201000463e-03	3.196834e+00
2.896777201000463e-03	3.196834e+00
2.906777201000463e-03	3.196834e+00
2.916777201000463e-03	3.196834e+00
2.926777201000463e-03	3.196834e+00
2.936777201000463e-03	3.196834e+00
2.946777201000463e-03	3.196834e+00
2.956777201000463e-03	3.196834e+00
2.966777201000463e-03	3.196834e+00
2.976777201000463e-03	3.196834e+00
2.986777201000463e-03	3.196834e+00
2.996777201000463e-03	3.196834e+00
3.006777201000463e-03	3.196834e+00
3.016777201000463e-03	3.196834e+00
3.026777201000463e-03	3.196834e+00
3.036777201000463e-03	3.196834e+00
3.046777201000463e-03	3.196834e+00
3.056777201000463e-03	3.196834e+00
3.066777201000463e-03	3.196834e+00
3.076777201000463e-03	3.196834e+00
3.086777201000463e-03	3.196834e+00
3.096777201000463e-03	3.196834e+00
3.106777201000463e-03	3.196834e+00
3.116777201000463e-03	3.196834e+00
3.126777201000463e-03	3.196834e+00
3.136777201000463e-03	3.196834e+00
3.146777201000463e-03	3.196834e+00
3.156777201000463e-03	3.196834e+00
3.166777201000463e-03	3.196834e+00
3.176777201000463e-03	3.196834e+00
3.186777201000463e-03	3.196834e+00
3.196777201000463e-03	3.196834e+00
3.206777201000463e-03	3.196834e+00
3.216777201000463e-03	3.196834e+00
3.226777201000463e-03	3.196834e+00
3.236777201000463e-03	3.196834e+00
3.246777201000463e-03	3.196834e+00
3.256777201000463e-03	3.196834e+00
3.266777201000463e-03	3.196834e+00
3.276777201000463e-03	3.196834e+00
3.286777201000463e-03	3.196834e+00
3.296777201000463e-03	3.196834e+00
3.306777201000463e-03	3.196834e+00
3.316777201000463e-03	3.196834e+00
3.326777201000463e-03	3.196834e+00
3.336777201000463e-03	3.196834e+00
3.346777201000463e-03	3.196834e+00
3.356777201000463e-03	3.196834e+00
3.366777201000463e-03	3.196834e+00
3.376777201000463e-03	3.196834e+00
3.386777201000463e-03	3.196834e+00
3.396777201000463e-03	3.196834e+00
3.406777201000463e-03	3.196834e+00
3.416777201000463e-03	3.196834e+00
3.426777201000463e-03	3.196834e+00
3.436777201000463e-03	3.196834e+00
3.446777201000463e-03	3.196834e+00
3.456777201000463e-03	3.196834e+00
3.466777201000463e-03	3.196834e+00
3.476777201000463e-03	3.196834e+00
3.486777201000463e-03	3.196834e+00
3.496777201000463e-03	3.196834e+00
3.506777201000463e-03	3.196834e+00
3.516777201000463e-03	3.196834e+00
3.526777201000463e-03	3.196834e+00
3.536777201000463e-03	3.196834e+00
3.546777201000463e-03	3.196834e+00
3.556777201000463e-03	3.196834e+00
3.566777201000463e-03	3.196834e+00
3.576777201000463e-03	3.196834e+00
3.586777201000463e-03	3.196834e+00
3.596777201000463e-03	3.196834e+00
3.606777201000463e-03	3.196834e+00
3.616777201000463e-03	3.196834e+00
3.626777201000463e-03	3.196834e+00
3.636777201000463e-03	3.196834e+00
3.646777201000463e-03	3.196834e+00
3.656777201000463e-03	3.196834e+00
3.666777201000463e-03	3.196834e+00
3.676777201000463e-03	3.196834e+00
3.686777201000463e-03	3.196834e+00
3.696777201000463e-03	3.196834e+00
3.706777201000463e-03	3.196834e+00
3.716777201000463e-03	3.196834e+00
3.726777201000463e-03	3.196834e+00
3.736777201000463e-03	3.196834e+00
3.746777201000463e-03	3.196834e+00
3.756777201000463e-03	3.196834e+00
3.766777201000463e-03	3.196834e+00
3.776777201000463e-03	3.196834e+00
3.786777201000463e-03	3.196834e+00
3.796777201000463e-03	3.196834e+00
3.806777201000463e-03	3.196834e+00
3.816777201000463e-03	3.196834e+00
3.826777201000463e-03	3.196834e+00
3.836777201000463e-03	3.196834e+00
3.846777201000463e-03	3.196834e+00
3.856777201000463e-03	3.196834e+00
3.866777201000463e-03	3.196834e+00
3.876777201000463e-03	3.196834e+00
3.886777201000463e-03	3.196834e+00
3.896777201000463e-03	3.196834e+00
3.906777201000463e-03	3.196834e+00
3.916777201000463e-03	3.196834e+00
3.926777201000463e-03	3.196834e+00
3.936777201000463e-03	3.196834e+00
3.946777201000463e-03	3.196834e+00
3.956777201000463e-03	3.196834e+00
3.966777201000463e-03	3.196834e+00
3.976777201000463e-03	3.196834e+00
3.986777201000463e-03	3.196834e+00
3.996777201000463e-03	3.196834e+00
4.006777201000463e-03	3.196834e+00
4.016777201000463e-03	3.196834e+00
4.026777201000463e-03	3.196834e+00
4.036777201000463e-03	3.196834e+00
4.046777201000462e-03	3.196834e+00
4.056777201000463e-03	3.196834e+00
4.066777201000463e-03	3.196834e+00
4.076777201000463e-03	3.196834e+00
4.086777201000463e-03	3.196834e+00
4.096777201000463e-03	3.196834e+00
4.106777201000463e-03	3.196834e+00
4.116777201000463e-03	3.196834e+00
4.126777201000463e-03	3.196834e+00
4.136777201000463e-03	3.196834e+00
4.146777201000463e-03	3.196834e+00
4.156777201000463e-03	3.196834e+00
4.166777201000463e-03	3.196834e+00
4.176777201000463e-03	3.196834e+00
4.186777201000463e-03	3.196834e+00
4.196777201000462e-03	3.196834e+00
4.206777201000463e-03	3.196834e+00
4.216777201000462e-03	3.196834e+00
4.226777201000463e-03	3.196834e+00
4.236777201000463e-03	3.196834e+00
4.246777201000463e-03	3.196834e+00
4.256777201000463e-03	3.196834e+00
4.266777201000463e-03	3.196834e+00
4.276777201000463e-03	3.196834e+00
4.286777201000463e-03	3.196834e+00
4.296777201000463e-03	3.196834e+00
4.306777201000463e-03	3.196834e+00
4.316777201000463e-03	3.196834e+00
4.326777201000463e-03	3.196834e+00
4.336777201000463e-03	3.196834e+00
4.346777201000463e-03	3.196834e+00
4.356777201000463e-03	3.196834e+00
4.366777201000462e-03	3.196834e+00
4.376777201000463e-03	3.196834e+00
4.386777201000462e-03	3.196834e+00
4.396777201000463e-03	3.196834e+00
4.406777201000463e-03	3.196834e+00
4.416777201000463e-03	3.196834e+00
4.426777201000463e-03	3.196834e+00
4.436777201000463e-03	3.196834e+00
4.446777201000463e-03	3.196834e+00
4.456777201000463e-03	3.196834e+00
4.466777201000463e-03	3.196834e+00
4.476777201000463e-03	3.196834e+00
4.486777201000463e-03	3.196834e+00
4.496777201000463e-03	3.196834e+00
4.506777201000463e-03	3.196834e+00
4.516777201000462e-03	3.196834e+00
4.526777201000463e-03	3.196834e+00
4.536777201000462e-03	3.196834e+00
4.546777201000463e-03	3.196834e+00
4.556777201000463e-03	3.196834e+00
4.566777201000463e-03	3.196834e+00
4.576777201000463e-03	3.196834e+00
4.586777201000463e-03	3.196834e+00
4.596777201000463e-03	3.196834e+00
4.606777201000463e-03	3.196834e+00
4.616777201000463e-03	3.196834e+00
4.626777201000463e-03	3.196834e+00
4.636777201000463e-03	3.196834e+00
4.646777201000463e-03	3.196834e+00
4.656777201000463e-03	3.196834e+00
4.666777201000463e-03	3.196834e+00
4.676777201000463e-03	3.196834e+00
4.686777201000462e-03	3.196834e+00
4.696777201000463e-03	3.196834e+00
4.706777201000462e-03	3.196834e+00
4.716777201000463e-03	3.196834e+00
4.726777201000463e-03	3.196834e+00
4.736777201000463e-03	3.196834e+00
4.746777201000463e-03	3.196834e+00
4.756777201000463e-03	3.196834e+00
4.766777201000463e-03	3.196834e+00
4.776777201000463e-03	3.196834e+00
4.786777201000463e-03	3.196834e+00
4.796777201000463e-03	3.196834e+00
4.806777201000463e-03	3.196834e+00
4.816777201000463e-03	3.196834e+00
4.826777201000463e-03	3.196834e+00
4.836777201000462e-03	3.196834e+00
4.846777201000463e-03	3.196834e+00
4.856777201000462e-03	3.196834e+00
4.866777201000463e-03	3.196834e+00
4.876777201000462e-03	3.196834e+00
4.886777201000463e-03	3.196834e+00
4.896777201000463e-03	3.196834e+00
4.906777201000463e-03	3.196834e+00
4.916777201000463e-03	3.196834e+00
4.926777201000463e-03	3.196834e+00
4.936777201000463e-03	3.196834e+00
4.946777201000463e-03	3.196834e+00
4.956777201000463e-03	3.196834e+00
4.966777201000463e-03	3.196834e+00
4.976777201000463e-03	3.196834e+00
4.986777201000463e-03	3.196834e+00
4.996777201000463e-03	3.196834e+00
5.006777201000462e-03	3.196834e+00
5.016777201000463e-03	3.196834e+00
5.026777201000462e-03	3.196834e+00
5.036777201000463e-03	3.196834e+00
5.046777201000462e-03	3.196834e+00
5.056777201000463e-03	3.196834e+00
5.066777201000463e-03	3.196834e+00
5.076777201000463e-03	3.196834e+00
5.086777201000463e-03	3.196834e+00
5.096777201000463e-03	3.196834e+00
5.106777201000463e-03	3.196834e+00
5.116777201000463e-03	3.196834e+00
5.126777201000463e-03	3.196834e+00
5.136777201000463e-03	3.196834e+00
5.146777201000463e-03	3.196834e+00
5.156777201000462e-03	3.196834e+00
5.166777201000463e-03	3.196834e+00
5.176777201000462e-03	3.196834e+00
5.186777201000463e-03	3.196834e+00
5.196777201000462e-03	3.196834e+00
5.206777201000463e-03	3.196834e+00
5.216777201000463e-03	3.196834e+00
5.226777201000463e-03	3.196834e+00
5.236777201000463e-03	3.196834e+00
5.246777201000463e-03	3.196834e+00
5.256777201000463e-03	3.196834e+00
5.266777201000463e-03	3.196834e+00
5.276777201000463e-03	3.196834e+00
5.286777201000463e-03	3.196834e+00
5.296777201000463e-03	3.196834e+00
5.306777201000463e-03	3.196834e+00
5.316777201000463e-03	3.196834e+00
5.326777201000462e-03	3.196834e+00
5.336777201000463e-03	3.196834e+00
5.346777201000462e-03	3.196834e+00
5.356777201000463e-03	3.196834e+00
5.366777201000462e-03	3.196834e+00
5.376777201000463e-03	3.196834e+00
5.386777201000463e-03	3.196834e+00
5.396777201000463e-03	3.196834e+00
5.406777201000463e-03	3.196834e+00
5.416777201000463e-03	3.196834e+00
5.426777201000463e-03	3.196834e+00
5.436777201000463e-03	3.196834e+00
5.446777201000463e-03	3.196834e+00
5.456777201000463e-03	3.196834e+00
5.466777201000463e-03	3.196834e+00
5.476777201000462e-03	3.196834e+00
5.486777201000463e-03	3.196834e+00
5.496777201000462e-03	3.196834e+00
5.506777201000463e-03	3.196834e+00
5.516777201000462e-03	3.196834e+00
5.526777201000463e-03	3.196834e+00
5.536777201000462e-03	3.196834e+00
5.546777201000463e-03	3.196834e+00
5.556777201000463e-03	3.196834e+00
5.566777201000463e-03	3.196834e+00
5.576777201000463e-03	3.196834e+00
5.586777201000463e-03	3.196834e+00
5.596777201000463e-03	3.196834e+00
5.606777201000463e-03	3.196834e+00
5.616777201000463e-03	3.196834e+00
5.626777201000463e-03	3.196834e+00
5.636777201000463e-03	3.196834e+00
5.646777201000462e-03	3.196834e+00
5.656777201000463e-03	3.196834e+00
5.666777201000462e-03	3.196834e+00
5.676777201000463e-03	3.196834e+00
5.686777201000462e-03	3.196834e+00
5.696777201000463e-03	3.196834e+00
5.706777201000462e-03	3.196834e+00
5.716777201000463e-03	3.196834e+00
5.726777201000463e-03	3.196834e+00
5.736777201000463e-03	3.196834e+00
5.746777201000463e-03	3.196834e+00
5.756777201000463e-03	3.196834e+00
5.766777201000463e-03	3.196834e+00
5.776777201000463e-03	3.196834e+00
5.786777201000463e-03	3.196834e+00
5.796777201000462e-03	3.196834e+00
5.806777201000463e-03	3.196834e+00
5.816777201000462e-03	3.196834e+00
5.826777201000463e-03	3.196834e+00
5.836777201000462e-03	3.196834e+00
5.846777201000463e-03	3.196834e+00
5.856777201000462e-03	3.196834e+00
5.866777201000463e-03	3.196834e+00
5.876777201000462e-03	3.196834e+00
5.886777201000463e-03	3.196834e+00
5.896777201000463e-03	3.196834e+00
5.906777201000463e-03	3.196834e+00
5.916777201000463e-03	3.196834e+00
5.926777201000463e-03	3.196834e+00
5.936777201000463e-03	3.196834e+00
5.946777201000463e-03	3.196834e+00
5.956777201000463e-03	3.196834e+00
5.966777201000462e-03	3.196834e+00
5.976777201000463e-03	3.196834e+00
5.986777201000462e-03	3.196834e+00
5.996777201000463e-03	3.196834e+00
6.006777201000462e-03	3.196834e+00
6.016777201000463e-03	3.196834e+00
6.026777201000462e-03	3.196834e+00
6.036777201000463e-03	3.196834e+00
6.046777201000463e-03	3.196834e+00
6.056777201000463e-03	3.196834e+00
6.066777201000463e-03	3.196834e+00
6.076777201000463e-03	3.196834e+00
6.086777201000463e-03	3.196834e+00
6.096777201000463e-03	3.196834e+00
6.106777201000463e-03	3.196834e+00
6.116777201000462e-03	3.196834e+00
6.126777201000463e-03	3.196834e+00
6.136777201000462e-03	3.196834e+00
6.146777201000463e-03	3.196834e+00
6.156777201000462e-03	3.196834e+00
6.166777201000463e-03	3.196834e+00
6.176777201000462e-03	3.196834e+00
6.186777201000463e-03	3.196834e+00
6.196777201000462e-03	3.196834e+00
6.206777201000463e-03	3.196834e+00
6.216777201000463e-03	3.196834e+00
6.226777201000463e-03	3.196834e+00
6.236777201000463e-03	3.196834e+00
6.246777201000463e-03	3.196834e+00
6.256777201000463e-03	3.196834e+00
6.266777201000463e-03	3.196834e+00
6.276777201000463e-03	3.196834e+00
6.286777201000462e-03	3.196834e+00
6.296777201000463e-03	3.196834e+00
6.306777201000462e-03	3.196834e+00
6.316777201000463e-03	3.196834e+00
6.326777201000462e-03	3.196834e+00
6.336777201000463e-03	3.196834e+00
6.346777201000462e-03	3.196834e+00
6.356777201000463e-03	3.196834e+00
6.366777201000462e-03	3.196834e+00
6.376777201000463e-03	3.196834e+00
6.386777201000463e-03	3.196834e+00
6.396777201000463e-03	3.196834e+00
6.406777201000463e-03	3.196834e+00
6.416777201000463e-03	3.196834e+00
6.426777201000463e-03	3.196834e+00
6.436777201000462e-03	3.196834e+00
6.446777201000463e-03	3.196834e+00
6.456777201000462e-03	3.196834e+00
6.466777201000463e-03	3.196834e+00
6.476777201000462e-03	3.196834e+00
6.486777201000463e-03	3.196834e+00
6.496777201000462e-03	3.196834e+00
6.506777201000463e-03	3.196834e+00
6.516777201000462e-03	3.196834e+00
6.526777201000463e-03	3.196834e+00
6.536777201000462e-03	3.196834e+00
6.546777201000463e-03	3.196834e+00
6.556777201000463e-03	3.196834e+00
6.566777201000463e-03	3.196834e+00
6.576777201000463e-03	3.196834e+00
6.586777201000463e-03	3.196834e+00
6.596777201000463e-03	3.196834e+00
6.606777201000462e-03	3.196834e+00
6.616777201000463e-03	3.196834e+00
6.626777201000462e-03	3.196834e+00
6.636777201000463e-03	3.196834e+00
6.646777201000462e-03	3.196834e+00
6.656777201000463e-03	3.196834e+00
6.666777201000462e-03	3.196834e+00
6.676777201000463e-03	3.196834e+00
6.686777201000462e-03	3.196834e+00
6.696777201000463e-03	3.196834e+00
6.706777201000463e-03	3.196834e+00
6.716777201000463e-03	3.196834e+00
6.726777201000463e-03	3.196834e+00
6.736777201000463e-03	3.196834e+00
6.746777201000463e-03	3.196834e+00
6.756777201000462e-03	3.196834e+00
6.766777201000463e-03	3.196834e+00
6.776777201000462e-03	3.196834e+00
6.786777201000463e-03	3.196834e+00
6.796777201000462e-03	3.196834e+00
6.806777201000463e-03	3.196834e+00
6.816777201000462e-03	3.196834e+00
6.826777201000463e-03	3.196834e+00
6.836777201000462e-03	3.196834e+00
6.846777201000463e-03	3.196834e+00
6.856777201000462e-03	3.196834e+00
6.866777201000463e-03	3.196834e+00
6.876777201000463e-03	3.196834e+00
6.886777201000463e-03	3.196834e+00
6.896777201000463e-03	3.196834e+00
6.906777201000463e-03	3.196834e+00
6.916777201000463e-03	3.196834e+00
6.926777201000462e-03	3.196834e+00
6.936777201000463e-03	3.196834e+00
6.946777201000462e-03	3.196834e+00
6.956777201000463e-03	3.196834e+00
6.966777201000462e-03	3.196834e+00
6.976777201000463e-03	3.196834e+00
6.986777201000462e-03	3.196834e+00
6.996777201000463e-03	3.196834e+00
7.006777201000462e-03	3.196834e+00
7.016777201000463e-03	3.196834e+00
7.026777201000462e-03	3.196834e+00
7.036777201000463e-03	3.196834e+00
7.046777201000463e-03	3.196834e+00
7.056777201000463e-03	3.196834e+00
7.066777201000463e-03	3.196834e+00
7.076777201000462e-03	3.196834e+00
7.086777201000463e-03	3.196834e+00
7.096777201000462e-03	3.196834e+00
7.106777201000463e-03	3.196834e+00
7.116777201000462e-03	3.196834e+00
7.126777201000463e-03	3.196834e+00
7.136777201000462e-03	3.196834e+00
7.146777201000463e-03	3.196834e+00
7.156777201000462e-03	3.196834e+00
7.166777201000463e-03	3.196834e+00
7.176777201000462e-03	3.196834e+00
7.186777201000463e-03	3.196834e+00
7.196777201000462e-03	3.196834e+00
7.206777201000463e-03	3.196834e+00
7.216777201000463e-03	3.196834e+00
7.226777201000463e-03	3.196834e+00
7.236777201000463e-03	3.196834e+00
7.246777201000462e-03	3.196834e+00
7.256777201000463e-03	3.196834e+00
7.266777201000462e-03	3.196834e+00
7.276777201000463e-03	3.196834e+00
7.286777201000462e-03	3.196834e+00
7.296777201000463e-03	3.196834e+00
7.306777201000462e-03	3.196834e+00
7.316777201000463e-03	3.196834e+00
7.326777201000462e-03	3.196834e+00
7.336777201000463e-03	3.196834e+00
7.346777201000462e-03	3.196834e+00
7.356777201000463e-03	3.196834e+00
7.366777201000463e-03	3.196834e+00
7.376777201000463e-03	3.196834e+00
7.386777201000463e-03	3.196834e+00
7.396777201000462e-03	3.196834e+00
7.406777201000463e-03	3.196834e+00
7.416777201000462e-03	3.196834e+00
7.426777201000463e-03	3.196834e+00
7.436777201000462e-03	3.196834e+00
7.446777201000463e-03	3.196834e+00
7.456777201000462e-03	3.196834e+00
7.466777201000463e-03	3.196834e+00
7.476777201000462e-03	3.196834e+00
7.486777201000463e-03	3.196834e+00
7.496777201000462e-03	3.196834e+00
7.506777201000463e-03	3.196834e+00
7.516777201000462e-03	3.196834e+00
7.526777201000463e-03	3.196834e+00
7.536777201000463e-03	3.196834e+00
7.546777201000463e-03	3.196834e+00
7.556777201000463e-03	3.196834e+00
7.566777201000462e-03	3.196834e+00
7.576777201000463e-03	3.196834e+00
7.586777201000462e-03	3.196834e+00
7.596777201000463e-03	3.196834e+00
7.606777201000462e-03	3.196834e+00
7.616777201000463e-03	3.196834e+00
7.626777201000462e-03	3.196834e+00
7.636777201000463e-03	3.196834e+00
7.646777201000462e-03	3.196834e+00
7.656777201000463e-03	3.196834e+00
7.666777201000462e-03	3.196834e+00
7.676777201000463e-03	3.196834e+00
7.686777201000462e-03	3.196834e+00
7.696777201000463e-03	3.196834e+00
7.706777201000463e-03	3.196834e+00
7.716777201000462e-03	3.196834e+00
7.726777201000463e-03	3.196834e+00
7.736777201000462e-03	3.196834e+00
7.746777201000463e-03	3.196834e+00
7.756777201000462e-03	3.196834e+00
7.766777201000463e-03	3.196834e+00
7.776777201000462e-03	3.196834e+00
7.786777201000463e-03	3.196834e+00
7.796777201000462e-03	3.196834e+00
7.806777201000463e-03	3.196834e+00
7.816777201000463e-03	3.196834e+00
7.826777201000463e-03	3.196834e+00
7.836777201000462e-03	3.196834e+00
7.846777201000462e-03	3.196834e+00
7.856777201000463e-03	3.196834e+00
7.866777201000463e-03	3.196834e+00
7.876777201000463e-03	3.196834e+00
7.886777201000462e-03	3.196834e+00
7.896777201000462e-03	3.196834e+00
7.906777201000463e-03	3.196834e+00
7.916777201000463e-03	3.196834e+00
7.926777201000462e-03	3.196834e+00
7.936777201000462e-03	3.196834e+00
7.946777201000463e-03	3.196834e+00
7.956777201000463e-03	3.196834e+00
7.966777201000462e-03	3.196834e+00
7.976777201000462e-03	3.196834e+00
7.986777201000463e-03	3.196834e+00
7.996777201000463e-03	3.196834e+00
8.006777201000462e-03	3.196834e+00
8.016777201000462e-03	3.196834e+00
8.026777201000463e-03	3.196834e+00
8.036777201000463e-03	3.196834e+00
8.046777201000463e-03	3.196834e+00
8.056777201000462e-03	3.196834e+00
8.066777201000462e-03	3.196834e+00
8.076777201000463e-03	3.196834e+00
8.086777201000463e-03	3.196834e+00
8.096777201000462e-03	3.196834e+00
8.106777201000462e-03	3.196834e+00
8.116777201000463e-03	3.196834e+00
8.126777201000463e-03	3.196834e+00
8.136777201000462e-03	3.196834e+00
8.146777201000462e-03	3.196834e+00
8.156777201000463e-03	3.196834e+00
8.166777201000463e-03	3.196834e+00
8.176777201000462e-03	3.196834e+00
8.186777201000462e-03	3.196834e+00
8.196777201000462e-03	3.196834e+00
8.206777201000463e-03	3.196834e+00
8.216777201000463e-03	3.196834e+00
8.226777201000462e-03	3.196834e+00
8.236777201000462e-03	3.196834e+00
8.246777201000463e-03	3.196834e+00
8.256777201000463e-03	3.196834e+00
8.266777201000462e-03	3.196834e+00
8.276777201000462e-03	3.196834e+00
8.286777201000463e-03	3.196834e+00
8.296777201000463e-03	3.196834e+00
8.306777201000462e-03	3.196834e+00
8.316777201000462e-03	3.196834e+00
8.326777201000463e-03	3.196834e+00
8.336777201000463e-03	3.196834e+00
8.346777201000462e-03	3.196834e+00
8.356777201000462e-03	3.196834e+00
8.366777201000462e-03	3.196834e+00
8.376777201000463e-03	3.196834e+00
8.386777201000463e-03	3.196834e+00
8.396777201000462e-03	3.196834e+00
8.406777201000462e-03	3.196834e+00
8.416777201000463e-03	3.196834e+00
8.426777201000463e-03	3.196834e+00
8.436777201000462e-03	3.196834e+00
8.446777201000462e-03	3.196834e+00
8.456777201000463e-03	3.196834e+00
8.466777201000463e-03	3.196834e+00
8.476777201000462e-03	3.196834e+00
8.486777201000462e-03	3.196834e+00
8.496777201000463e-03	3.196834e+00
8.506777201000463e-03	3.196834e+00
8.516777201000462e-03	3.196834e+00
8.526777201000462e-03	3.196834e+00
8.536777201000462e-03	3.196834e+00
8.546777201000463e-03	3.196834e+00
8.556777201000463e-03	3.196834e+00
8.566777201000462e-03	3.196834e+00
8.576777201000462e-03	3.196834e+00
8.586777201000463e-03	3.196834e+00
8.596777201000463e-03	3.196834e+00
8.606777201000462e-03	3.196834e+00
8.616777201000462e-03	3.196834e+00
8.626777201000463e-03	3.196834e+00
8.636777201000463e-03	3.196834e+00
8.646777201000462e-03	3.196834e+00
8.656777201000462e-03	3.196834e+00
8.666777201000463e-03	3.196834e+00
8.676777201000463e-03	3.196834e+00
8.686777201000462e-03	3.196834e+00
8.696777201000462e-03	3.196834e+00
8.706777201000462e-03	3.196834e+00
8.716777201000463e-03	3.196834e+00
8.726777201000463e-03	3.196834e+00
8.736777201000462e-03	3.196834e+00
8.746777201000462e-03	3.196834e+00
8.756777201000463e-03	3.196834e+00
8.766777201000463e-03	3.196834e+00
8.776777201000462e-03	3.196834e+00
8.786777201000462e-03	3.196834e+00
8.796777201000463e-03	3.196834e+00
8.806777201000463e-03	3.196834e+00
8.816777201000462e-03	3.196834e+00
8.826777201000462e-03	3.196834e+00
8.836777201000462e-03	3.196834e+00
8.846777201000463e-03	3.196834e+00
8.856777201000463e-03	3.196834e+00
8.866777201000462e-03	3.196834e+00
8.876777201000462e-03	3.196834e+00
8.886777201000463e-03	3.196834e+00
8.896777201000463e-03	3.196834e+00
8.906777201000462e-03	3.196834e+00
8.916777201000462e-03	3.196834e+00
8.926777201000463e-03	3.196834e+00
8.936777201000463e-03	3.196834e+00
8.946777201000462e-03	3.196834e+00
8.956777201000462e-03	3.196834e+00
8.966777201000463e-03	3.196834e+00
8.976777201000463e-03	3.196834e+00
8.986777201000462e-03	3.196834e+00
8.996777201000462e-03	3.196834e+00
9.006777201000462e-03	3.196834e+00
9.016777201000463e-03	3.196834e+00
9.026777201000463e-03	3.196834e+00
9.036777201000462e-03	3.196834e+00
9.046777201000462e-03	3.196834e+00
9.056777201000463e-03	3.196834e+00
9.066777201000463e-03	3.196834e+00
9.076777201000462e-03	3.196834e+00
9.086777201000462e-03	3.196834e+00
9.096777201000463e-03	3.196834e+00
9.106777201000463e-03	3.196834e+00
9.116777201000462e-03	3.196834e+00
9.126777201000462e-03	3.196834e+00
9.136777201000463e-03	3.196834e+00
9.146777201000463e-03	3.196834e+00
9.156777201000462e-03	3.196834e+00
9.166777201000462e-03	3.196834e+00
9.176777201000462e-03	3.196834e+00
9.186777201000463e-03	3.196834e+00
9.196777201000463e-03	3.196834e+00
9.206777201000462e-03	3.196834e+00
9.216777201000462e-03	3.196834e+00
9.226777201000463e-03	3.196834e+00
9.236777201000463e-03	3.196834e+00
9.246777201000462e-03	3.196834e+00
9.256777201000462e-03	3.196834e+00
9.266777201000463e-03	3.196834e+00
9.276777201000463e-03	3.196834e+00
9.286777201000462e-03	3.196834e+00
9.296777201000462e-03	3.196834e+00
9.306777201000463e-03	3.196834e+00
9.316777201000463e-03	3.196834e+00
9.326777201000462e-03	3.196834e+00
9.336777201000462e-03	3.196834e+00
9.346777201000462e-03	3.196834e+00
9.356777201000463e-03	3.196834e+00
9.366777201000463e-03	3.196834e+00
9.376777201000462e-03	3.196834e+00
9.386777201000462e-03	3.196834e+00
9.396777201000463e-03	3.196834e+00
9.406777201000463e-03	3.196834e+00
9.416777201000462e-03	3.196834e+00
9.426777201000462e-03	3.196834e+00
9.436777201000463e-03	3.196834e+00
9.446777201000463e-03	3.196834e+00
9.456777201000462e-03	3.196834e+00
9.466777201000462e-03	3.196834e+00
9.476777201000462e-03	3.196834e+00
9.486777201000463e-03	3.196834e+00
9.496777201000462e-03	3.196834e+00
9.506777201000462e-03	3.196834e+00
9.516777201000462e-03	3.196834e+00
9.526777201000463e-03	3.196834e+00
9.536777201000463e-03	3.196834e+00
9.546777201000462e-03	3.196834e+00
9.556777201000462e-03	3.196834e+00
9.566777201000463e-03	3.196834e+00
9.576777201000463e-03	3.196834e+00
9.586777201000462e-03	3.196834e+00
9.596777201000462e-03	3.196834e+00
9.606777201000463e-03	3.196834e+00
9.616777201000463e-03	3.196834e+00
9.626777201000462e-03	3.196834e+00
9.636777201000462e-03	3.196834e+00
9.646777201000462e-03	3.196834e+00
9.656777201000463e-03	3.196834e+00
9.666777201000462e-03	3.196834e+00
9.676777201000462e-03	3.196834e+00
9.686777201000462e-03	3.196834e+00
9.696777201000463e-03	3.196834e+00
9.706777201000463e-03	3.196834e+00
9.716777201000462e-03	3.196834e+00
9.726777201000462e-03	3.196834e+00
9.736777201000463e-03	3.196834e+00
9.746777201000463e-03	3.196834e+00
9.756777201000462e-03	3.196834e+00
9.766777201000462e-03	3.196834e+00
9.776777201000463e-03	3.196834e+00
9.786777201000463e-03	3.196834e+00
9.796777201000462e-03	3.196834e+00
9.806777201000462e-03	3.196834e+00
9.816777201000462e-03	3.196834e+00
9.826777201000463e-03	3.196834e+00
9.836777201000462e-03	3.196834e+00
9.846777201000462e-03	3.196834e+00
9.856777201000462e-03	3.196834e+00
9.866777201000463e-03	3.196834e+00
9.876777201000463e-03	3.196834e+00
9.886777201000462e-03	3.196834e+00
9.896777201000462e-03	3.196834e+00
9.906777201000463e-03	3.196834e+00
9.916777201000463e-03	3.196834e+00
9.926777201000462e-03	3.196834e+00
9.936777201000462e-03	3.196834e+00
9.946777201000463e-03	3.196834e+00
9.956777201000463e-03	3.196834e+00
9.966777201000462e-03	3.196834e+00
9.976777201000462e-03	3.196834e+00
9.986777201000462e-03	3.196834e+00
9.996777201000463e-03	3.196834e+00
1.000000000000000e-02	3.196834e+00
1.000000000100000e-02	3.196834e+00
1.000000000200000e-02	3.196834e+00
1.000000000440036e-02	3.196834e+00
1.000000000670974e-02	3.196834e+00
1.000000001132851e-02	3.196834e+00
1.000000002056605e-02	3.196834e+00
1.000000003904114e-02	3.196834e+00
1.000000007599130e-02	3.196834e+00
1.000000014989163e-02	3.196834e+00
1.000000029769228e-02	3.196834e+00
1.000000059329359e-02	3.196834e+00
1.000000118449621e-02	3.196834e+00
1.000000236690145e-02	3.196834e+00
1.000000473171193e-02	3.196834e+00
1.000000946133288e-02	3.196834e+00
1.000001768968501e-02	3.196834e+00
1.000002963189979e-02	3.196834e+00
1.000005351632936e-02	3.196834e+00
1.000010103205739e-02	3.196834e+00
1.000015403707847e-02	3.196834e+00
1.000020610070755e-02	3.196834e+00
1.000026208937374e-02	3.196834e+00
1.000031705948485e-02	3.196834e+00
1.000042699970706e-02	3.196834e+00
1.000045448476261e-02	3.196834e+00
1.000050945487372e-02	3.196834e+00
1.000061939509593e-02	3.196834e+00
1.000083927554035e-02	3.196834e+00
1.000118356381565e-02	3.196834e+00
1.000178016592198e-02	3.196834e+00
1.000250483767165e-02	3.196833e+00
1.000264184659857e-02	3.196833e+00
1.000291586445240e-02	3.196833e+00
1.000346390016008e-02	3.196832e+00
1.000455997157542e-02	3.196811e+00
1.000675211440612e-02	3.196616e+00
1.000928816036920e-02	3.195834e+00
1.001314868101229e-02	3.192376e+00
1.001670539387003e-02	3.185229e+00
1.002153262511482e-02	3.171054e+00
1.002610247531377e-02	3.156590e+00
1.003102303962145e-02	3.141090e+00
1.003615955968883e-02	3.124992e+00
1.004119375967535e-02	3.109313e+00
1.005119375967535e-02	3.078401e+00
1.006119375967535e-02	3.047760e+00
1.007119375967535e-02	3.017426e+00
1.008119375967535e-02	2.987395e+00
1.009119375967535e-02	2.957655e+00
1.010000000000000e-02	2.931655e+00
1.010000000100000e-02	2.931655e+00
1.010000001700000e-02	2.931655e+00
1.010000004900000e-02	2.931654e+00
1.010000011300000e-02	2.931654e+00
1.010000024100000e-02	2.931654e+00
1.010000049700000e-02	2.931653e+00
1.010000100900000e-02	2.931652e+00
1.010000203300000e-02	2.931649e+00
1.010000408100000e-02	2.931643e+00
1.010000817700000e-02	2.931631e+00
1.010001636900000e-02	2.931607e+00
1.010003275300001e-02	2.931559e+00
1.010006552100002e-02	2.931462e+00
1.010013105700003e-02	2.931271e+00
1.010026212900006e-02	2.930886e+00
1.010052427300013e-02	2.930118e+00
1.010104856100025e-02	2.928582e+00
1.010209713700050e-02	2.925514e+00
1.010419428900100e-02	2.919389e+00
1.010838859300201e-02	2.907188e+00
1.011677720100402e-02	2.882939e+00
1.012677720100402e-02	2.888253e+00
1.013677720100402e-02	3.020501e+00
1.014677720100401e-02	3.329847e+00
1.015677720100402e-02	3.740346e+00
1.016677720100402e-02	4.116049e+00
1.017677720100402e-02	4.365626e+00
1.018677720100401e-02	4.508257e+00
1.019677720100402e-02	4.606036e+00
1.020677720100402e-02	4.668624e+00
1.021677720100402e-02	4.692194e+00
1.022677720100401e-02	4.692765e+00
1.023677720100402e-02	4.683533e+00
1.024677720100402e-02	4.670085e+00
1.025677720100402e-02	4.655077e+00
1.026677720100402e-02	4.639828e+00
1.027677720100401e-02	4.625020e+00
1.028677720100402e-02	4.611087e+00
1.029677720100402e-02	4.598444e+00
1.030677720100402e-02	4.587882e+00
1.031677720100401e-02	4.581808e+00
1.032677720100402e-02	4.573202e+00
1.033677720100402e-02	4.534878e+00
1.034677720100402e-02	4.450929e+00
1.035677720100401e-02	4.339257e+00
1.036677720100402e-02	4.212059e+00
1.037677720100402e-02	4.052161e+00
1.038677720100402e-02	3.847310e+00
1.039677720100401e-02	3.614096e+00
1.040677720100402e-02	3.395634e+00
1.041677720100402e-02	3.250263e+00
1.042677720100402e-02	3.196411e+00
1.043677720100402e-02	3.190432e+00
1.044677720100401e-02	3.191547e+00
1.045677720100402e-02	3.191926e+00
1.046677720100402e-02	3.192374e+00
1.047677720100402e-02	3.192722e+00
1.048677720100401e-02	3.193035e+00
1.049677720100402e-02	3.193307e+00
1.050677720100402e-02	3.193547e+00
1.051677720100402e-02	3.193761e+00
1.052677720100401e-02	3.193953e+00
1.053677720100402e-02	3.194125e+00
1.054677720100402e-02	3.194280e+00
1.055677720100402e-02	3.194422e+00
1.056677720100401e-02	3.194551e+00
1.057677720100401e-02	3.194669e+00
1.058677720100402e-02	3.194780e+00
1.059677720100402e-02	3.194893e+00
1.060677720100402e-02	3.195013e+00
1.061677720100401e-02	3.195135e+00
1.062677720100402e-02	3.195255e+00
1.063677720100402e-02	3.195368e+00
1.064677720100402e-02	3.195474e+00
1.065677720100401e-02	3.195572e+00
1.066677720100402e-02	3.195662e+00
1.067677720100402e-02	3.195745e+00
1.068677720100402e-02	3.195820e+00
1.069677720100401e-02	3.195889e+00
1.070677720100402e-02	3.195952e+00
1.071677720100402e-02	3.196009e+00
1.072677720100402e-02	3.196061e+00
1.073677720100401e-02	3.196109e+00
1.074677720100401e-02	3.196152e+00
1.075677720100402e-02	3.196193e+00
1.076677720100402e-02	3.196229e+00
1.077677720100402e-02	3.196262e+00
1.078677720100401e-02	3.196293e+00
1.079677720100402e-02	3.196321e+00
1.080677720100402e-02	3.196347e+00
1.081677720100402e-02	3.196371e+00
1.082677720100401e-02	3.196393e+00
1.083677720100402e-02	3.196413e+00
1.084677720100402e-02	3.196432e+00
1.085677720100402e-02	3.196449e+00
1.086677720100401e-02	3.196465e+00
1.087677720100402e-02	3.196479e+00
1.088677720100402e-02	3.196493e+00
1.089677720100402e-02	3.196506e+00
1.090677720100401e-02	3.196517e+00
1.091677720100401e-02	3.196528e+00
1.092677720100402e-02	3.196538e+00
1.093677720100402e-02	3.196548e+00
1.094677720100402e-02	3.196557e+00
1.095677720100401e-02	3.196564e+00
1.096677720100402e-02	3.196572e+00
1.097677720100402e-02	3.196579e+00
1.098677720100402e-02	3.196585e+00
1.099677720100401e-02	3.196591e+00
1.100000000100000e-02	3.196593e+00
1.100000000200000e-02	3.196593e+00
1.100000001800000e-02	3.196593e+00
1.100000005000000e-02	3.196593e+00
1.100000011400000e-02	3.196593e+00
1.100000024200000e-02	3.196593e+00
1.100000049800000e-02	3.196593e+00
1.100000101000000e-02	3.196593e+00
1.100000203400000e-02	3.196593e+00
1.100000408200000e-02	3.196593e+00
1.100000817800000e-02	3.196593e+00
1.100001637000000e-02	3.196594e+00
1.100003275400001e-02	3.196593e+00
1.100006552200002e-02	3.196593e+00
1.100013105800003e-02	3.196593e+00
1.100026213000006e-02	3.196593e+00
1.100052427400013e-02	3.196594e+00
1.100104856200025e-02	3.196594e+00
1.100209713800050e-02	3.196594e+00
1.100419429000100e-02	3.196595e+00
1.100838859400201e-02	3.196598e+00
1.101677720200402e-02	3.196602e+00
1.102677720200402e-02	3.196607e+00
1.103677720200402e-02	3.196611e+00
1.104677720200402e-02	3.196616e+00
1.105677720200402e-02	3.196620e+00
1.106677720200402e-02	3.196623e+00
1.107677720200402e-02	3.196626e+00
1.108677720200402e-02	3.196630e+00
1.109677720200402e-02	3.196632e+00
1.110677720200402e-02	3.196635e+00
1.111677720200402e-02	3.196638e+00
1.112677720200402e-02	3.196640e+00
1.113677720200402e-02	3.196642e+00
1.114677720200402e-02	3.196645e+00
1.115677720200402e-02	3.196647e+00
1.116677720200402e-02	3.196649e+00
1.117677720200402e-02	3.196650e+00
1.118677720200402e-02	3.196651e+00
1.119677720200402e-02	3.196653e+00
1.120677720200402e-02	3.196655e+00
1.121677720200402e-02	3.196656e+00
1.122677720200402e-02	3.196657e+00
1.123677720200402e-02	3.196659e+00
1.124677720200402e-02	3.196660e+00
1.125677720200402e-02	3.196661e+00
1.126677720200402e-02	3.196662e+00
1.127677720200402e-02	3.196663e+00
1.128677720200402e-02	3.196664e+00
1.129677720200402e-02	3.196664e+00
1.130677720200402e-02	3.196666e+00
1.131677720200402e-02	3.196666e+00
1.132677720200402e-02	3.196667e+00
1.133677720200402e-02	3.196667e+00
1.134677720200402e-02	3.196668e+00
1.135677720200402e-02	3.196668e+00
1.136677720200402e-02	3.196669e+00
1.137677720200402e-02	3.196670e+00
1.138677720200402e-02	3.196670e+00
1.139677720200402e-02	3.196671e+00
1.140677720200402e-02	3.196671e+00
1.141677720200402e-02	3.196671e+00
1.142677720200402e-02	3.196671e+00
1.143677720200402e-02	3.196672e+00
1.144677720200402e-02	3.196672e+00
1.145677720200402e-02	3.196673e+00
1.146677720200402e-02	3.196673e+00
1.147677720200402e-02	3.196673e+00
1.148677720200402e-02	3.196673e+00
1.149677720200402e-02	3.196674e+00
1.150677720200402e-02	3.196674e+00
1.151677720200402e-02	3.196674e+00
1.152677720200402e-02	3.196674e+00
1.153677720200402e-02	3.196675e+00
1.154677720200402e-02	3.196675e+00
1.155677720200402e-02	3.196675e+00
1.156677720200402e-02	3.196676e+00
1.157677720200402e-02	3.196675e+00
1.158677720200402e-02	3.196676e+00
1.159677720200402e-02	3.196676e+00
1.160677720200402e-02	3.196676e+00
1.161677720200402e-02	3.196677e+00
1.162677720200402e-02	3.196677e+00
1.163677720200402e-02	3.196677e+00
1.164677720200402e-02	3.196677e+00
1.165677720200402e-02	3.196677e+00
1.166677720200402e-02	3.196677e+00
1.167677720200402e-02	3.196677e+00
1.168677720200402e-02	3.196677e+00
1.169677720200402e-02	3.196678e+00
1.170677720200402e-02	3.196677e+00
1.171677720200402e-02	3.196678e+00
1.172677720200402e-02	3.196678e+00
1.173677720200402e-02	3.196678e+00
1.174677720200402e-02	3.196678e+00
1.175677720200402e-02	3.196678e+00
1.176677720200402e-02	3.196678e+00
1.177677720200402e-02	3.196678e+00
1.178677720200402e-02	3.196679e+00
1.179677720200402e-02	3.196679e+00
1.180677720200402e-02	3.196679e+00
1.181677720200402e-02	3.196679e+00
1.182677720200402e-02	3.196679e+00
1.183677720200402e-02	3.196679e+00
1.184677720200402e-02	3.196679e+00
1.185677720200402e-02	3.196679e+00
1.186677720200402e-02	3.196680e+00
1.187677720200402e-02	3.196679e+00
1.188677720200402e-02	3.196679e+00
1.189677720200402e-02	3.196679e+00
1.190677720200402e-02	3.196680e+00
1.191677720200402e-02	3.196680e+00
1.192677720200402e-02	3.196680e+00
1.193677720200402e-02	3.196680e+00
1.194677720200402e-02	3.196680e+00
1.195677720200402e-02	3.196680e+00
1.196677720200402e-02	3.196680e+00
1.197677720200402e-02	3.196680e+00
1.198677720200402e-02	3.196681e+00
1.199677720200402e-02	3.196680e+00
1.200677720200402e-02	3.196681e+00
1.201677720200402e-02	3.196681e+00
1.202677720200402e-02	3.196680e+00
1.203677720200402e-02	3.196681e+00
1.204677720200402e-02	3.196681e+00
1.205677720200402e-02	3.196681e+00
1.206677720200402e-02	3.196681e+00
1.207677720200402e-02	3.196681e+00
1.208677720200402e-02	3.196681e+00
1.209677720200402e-02	3.196681e+00
1.210677720200402e-02	3.196681e+00
1.211677720200402e-02	3.196681e+00
1.212677720200402e-02	3.196681e+00
1.213677720200402e-02	3.196681e+00
1.214677720200402e-02	3.196681e+00
1.215677720200402e-02	3.196681e+00
1.216677720200402e-02	3.196682e+00
1.217677720200402e-02	3.196682e+00
1.218677720200402e-02	3.196682e+00
1.219677720200402e-02	3.196682e+00
1.220677720200402e-02	3.196682e+00
1.221677720200402e-02	3.196682e+00
1.222677720200402e-02	3.196682e+00
1.223677720200402e-02	3.196682e+00
1.224677720200402e-02	3.196682e+00
1.225677720200402e-02	3.196682e+00
1.226677720200402e-02	3.196682e+00
1.227677720200402e-02	3.196682e+00
1.228677720200402e-02	3.196682e+00
1.229677720200402e-02	3.196682e+00
1.230677720200402e-02	3.196682e+00
1.231677720200402e-02	3.196683e+00
1.232677720200402e-02	3.196683e+00
1.233677720200402e-02	3.196683e+00
1.234677720200402e-02	3.196682e+00
1.235677720200402e-02	3.196683e+00
1.236677720200402e-02	3.196683e+00
1.237677720200402e-02	3.196683e+00
1.238677720200402e-02	3.196683e+00
1.239677720200402e-02	3.196683e+00
1.240677720200402e-02	3.196683e+00
1.241677720200402e-02	3.196683e+00
1.242677720200402e-02	3.196684e+00
1.243677720200402e-02	3.196683e+00
1.244677720200402e-02	3.196683e+00
1.245677720200402e-02	3.196683e+00
1.246677720200402e-02	3.196683e+00
1.247677720200402e-02	3.196684e+00
1.248677720200402e-02	3.196683e+00
1.249677720200402e-02	3.196683e+00
1.250677720200402e-02	3.196683e+00
1.251677720200402e-02	3.196684e+00
1.252677720200402e-02	3.196684e+00
1.253677720200402e-02	3.196684e+00
1.254677720200402e-02	3.196684e+00
1.255677720200402e-02	3.196684e+00
1.256677720200402e-02	3.196684e+00
1.257677720200402e-02	3.196684e+00
1.258677720200402e-02	3.196684e+00
1.259677720200402e-02	3.196684e+00
1.260677720200402e-02	3.196684e+00
1.261677720200402e-02	3.196684e+00
1.262677720200402e-02	3.196684e+00
1.263677720200402e-02	3.196684e+00
1.264677720200402e-02	3.196684e+00
1.265677720200402e-02	3.196684e+00
1.266677720200402e-02	3.196684e+00
1.267677720200402e-02	3.196684e+00
1.268677720200402e-02	3.196684e+00
1.269677720200402e-02	3.196684e+00
1.270677720200402e-02	3.196684e+00
1.271677720200402e-02	3.196684e+00
1.272677720200402e-02	3.196684e+00
1.273677720200402e-02	3.196684e+00
1.274677720200402e-02	3.196684e+00
1.275677720200402e-02	3.196684e+00
1.276677720200402e-02	3.196684e+00
1.277677720200402e-02	3.196684e+00
1.278677720200402e-02	3.196685e+00
1.279677720200402e-02	3.196685e+00
1.280677720200402e-02	3.196685e+00
1.281677720200402e-02	3.196684e+00
1.282677720200402e-02	3.196685e+00
1.283677720200402e-02	3.196685e+00
1.284677720200402e-02	3.196685e+00
1.285677720200402e-02	3.196685e+00
1.286677720200402e-02	3.196685e+00
1.287677720200402e-02	3.196685e+00
1.288677720200402e-02	3.196685e+00
1.289677720200402e-02	3.196685e+00
1.290677720200402e-02	3.196685e+00
1.291677720200402e-02	3.196685e+00
1.292677720200402e-02	3.196685e+00
1.293677720200402e-02	3.196685e+00
1.294677720200402e-02	3.196685e+00
1.295677720200402e-02	3.196685e+00
1.296677720200402e-02	3.196685e+00
1.297677720200402e-02	3.196685e+00
1.298677720200402e-02	3.196685e+00
1.299677720200402e-02	3.196685e+00
1.300677720200402e-02	3.196685e+00
1.301677720200402e-02	3.196685e+00
1.302677720200402e-02	3.196685e+00
1.303677720200402e-02	3.196685e+00
1.304677720200402e-02	3.196685e+00
1.305677720200402e-02	3.196685e+00
1.306677720200402e-02	3.196685e+00
1.307677720200402e-02	3.196685e+00
1.308677720200402e-02	3.196685e+00
1.309677720200402e-02	3.196685e+00
1.310677720200402e-02	3.196685e+00
1.311677720200402e-02	3.196685e+00
1.312677720200402e-02	3.196685e+00
1.313677720200402e-02	3.196685e+00
1.314677720200402e-02	3.196685e+00
1.315677720200402e-02	3.196685e+00
1.316677720200402e-02	3.196685e+00
1.317677720200402e-02	3.196685e+00
1.318677720200402e-02	3.196685e+00
1.319677720200402e-02	3.196686e+00
1.320677720200402e-02	3.196685e+00
1.321677720200402e-02	3.196685e+00
1.322677720200402e-02	3.196685e+00
1.323677720200402e-02	3.196686e+00
1.324677720200402e-02	3.196685e+00
1.325677720200402e-02	3.196686e+00
1.326677720200402e-02	3.196686e+00
1.327677720200402e-02	3.196686e+00
1.328677720200402e-02	3.196685e+00
1.329677720200402e-02	3.196686e+00
1.330677720200402e-02	3.196685e+00
1.331677720200402e-02	3.196686e+00
1.332677720200402e-02	3.196686e+00
1.333677720200402e-02	3.196685e+00
1.334677720200402e-02	3.196686e+00
1.335677720200402e-02	3.196686e+00
1.336677720200402e-02	3.196686e+00
1.337677720200402e-02	3.196686e+00
1.338677720200402e-02	3.196686e+00
1.339677720200402e-02	3.196685e+00
1.340677720200402e-02	3.196686e+00
1.341677720200402e-02	3.196686e+00
1.342677720200402e-02	3.196686e+00
1.343677720200402e-02	3.196686e+00
1.344677720200402e-02	3.196686e+00
1.345677720200402e-02	3.196686e+00
1.346677720200402e-02	3.196686e+00
1.347677720200402e-02	3.196686e+00
1.348677720200402e-02	3.196686e+00
1.349677720200402e-02	3.196686e+00
1.350677720200402e-02	3.196686e+00
1.351677720200402e-02	3.196686e+00
1.352677720200402e-02	3.196686e+00
1.353677720200402e-02	3.196686e+00
1.354677720200402e-02	3.196686e+00
1.355677720200401e-02	3.196686e+00
1.356677720200402e-02	3.196686e+00
1.357677720200402e-02	3.196686e+00
1.358677720200402e-02	3.196686e+00
1.359677720200402e-02	3.196686e+00
1.360677720200402e-02	3.196686e+00
1.361677720200402e-02	3.196686e+00
1.362677720200402e-02	3.196686e+00
1.363677720200402e-02	3.196686e+00
1.364677720200402e-02	3.196686e+00
1.365677720200402e-02	3.196686e+00
1.366677720200402e-02	3.196686e+00
1.367677720200402e-02	3.196686e+00
1.368677720200402e-02	3.196686e+00
1.369677720200402e-02	3.196686e+00
1.370677720200402e-02	3.196686e+00
1.371677720200402e-02	3.196686e+00
1.372677720200401e-02	3.196686e+00
1.373677720200402e-02	3.196686e+00
1.374677720200402e-02	3.196686e+00
1.375677720200402e-02	3.196686e+00
1.376677720200402e-02	3.196686e+00
1.377677720200402e-02	3.196686e+00
1.378677720200402e-02	3.196686e+00
1.379677720200402e-02	3.196686e+00
1.380677720200402e-02	3.196686e+00
1.381677720200402e-02	3.196686e+00
1.382677720200402e-02	3.196686e+00
1.383677720200402e-02	3.196686e+00
1.384677720200402e-02	3.196686e+00
1.385677720200402e-02	3.196686e+00
1.386677720200402e-02	3.196686e+00
1.387677720200402e-02	3.196686e+00
1.388677720200402e-02	3.196686e+00
1.389677720200401e-02	3.196686e+00
1.390677720200402e-02	3.196686e+00
1.391677720200402e-02	3.196686e+00
1.392677720200402e-02	3.196686e+00
1.393677720200402e-02	3.196686e+00
1.394677720200402e-02	3.196686e+00
1.395677720200402e-02	3.196686e+00
1.396677720200402e-02	3.196686e+00
1.397677720200402e-02	3.196686e+00
1.398677720200402e-02	3.196686e+00
1.399677720200402e-02	3.196686e+00
1.400677720200402e-02	3.196686e+00
1.401677720200402e-02	3.196686e+00
1.402677720200402e-02	3.196686e+00
1.403677720200402e-02	3.196686e+00
1.404677720200402e-02	3.196686e+00
1.405677720200402e-02	3.196686e+00
1.406677720200402e-02	3.196686e+00
1.407677720200402e-02	3.196686e+00
1.408677720200402e-02	3.196686e+00
1.409677720200402e-02	3.196686e+00
1.410677720200402e-02	3.196686e+00
1.411677720200402e-02	3.196686e+00
1.412677720200402e-02	3.196686e+00
1.413677720200402e-02	3.196686e+00
1.414677720200402e-02	3.196686e+00
1.415677720200402e-02	3.196686e+00
1.416677720200402e-02	3.196686e+00
1.417677720200402e-02	3.196686e+00
1.418677720200402e-02	3.196686e+00
1.419677720200401e-02	3.196686e+00
1.420677720200402e-02	3.196686e+00
1.421677720200402e-02	3.196686e+00
1.422677720200402e-02	3.196686e+00
1.423677720200402e-02	3.196687e+00
1.424677720200402e-02	3.196686e+00
1.425677720200402e-02	3.196686e+00
1.426677720200402e-02	3.196686e+00
1.427677720200402e-02	3.196686e+00
1.428677720200402e-02	3.196686e+00
1.429677720200402e-02	3.196687e+00
1.430677720200402e-02	3.196686e+00
1.431677720200402e-02	3.196686e+00
1.432677720200402e-02	3.196687e+00
1.433677720200402e-02	3.196686e+00
1.434677720200402e-02	3.196687e+00
1.435677720200402e-02	3.196686e+00
1.436677720200401e-02	3.196686e+00
1.437677720200402e-02	3.196687e+00
1.438677720200402e-02	3.196686e+00
1.439677720200402e-02	3.196686e+00
1.440677720200402e-02	3.196686e+00
1.441677720200402e-02	3.196686e+00
1.442677720200402e-02	3.196686e+00
1.443677720200402e-02	3.196686e+00
1.444677720200402e-02	3.196686e+00
1.445677720200402e-02	3.196686e+00
1.446677720200402e-02	3.196686e+00
1.447677720200402e-02	3.196687e+00
1.448677720200402e-02	3.196686e+00
1.449677720200402e-02	3.196686e+00
1.450677720200402e-02	3.196686e+00
1.451677720200402e-02	3.196686e+00
1.452677720200402e-02	3.196686e+00
1.453677720200401e-02	3.196686e+00
1.454677720200402e-02	3.196686e+00
1.455677720200402e-02	3.196687e+00
1.456677720200402e-02	3.196686e+00
1.457677720200402e-02	3.196686e+00
1.458677720200402e-02	3.196686e+00
1.459677720200402e-02	3.196686e+00
1.460677720200402e-02	3.196686e+00
1.461677720200402e-02	3.196687e+00
1.462677720200402e-02	3.196687e+00
1.463677720200402e-02	3.196687e+00
1.464677720200402e-02	3.196686e+00
1.465677720200402e-02	3.196686e+00
1.466677720200402e-02	3.196686e+00
1.467677720200402e-02	3.196686e+00
1.468677720200402e-02	3.196687e+00
1.469677720200402e-02	3.196686e+00
1.470677720200401e-02	3.196686e+00
1.471677720200402e-02	3.196687e+00
1.472677720200402e-02	3.196686e+00
1.473677720200402e-02	3.196686e+00
1.474677720200402e-02	3.196687e+00
1.475677720200402e-02	3.196686e+00
1.476677720200402e-02	3.196687e+00
1.477677720200402e-02	3.196686e+00
1.478677720200402e-02	3.196686e+00
1.479677720200402e-02	3.196687e+00
1.480677720200402e-02	3.196686e+00
1.481677720200402e-02	3.196686e+00
1.482677720200402e-02	3.196687e+00
1.483677720200401e-02	3.196687e+00
1.484677720200402e-02	3.196686e+00
1.485677720200402e-02	3.196686e+00
1.486677720200402e-02	3.196686e+00
1.487677720200401e-02	3.196686e+00
1.488677720200402e-02	3.196687e+00
1.489677720200402e-02	3.196687e+00
1.490677720200402e-02	3.196687e+00
1.491677720200402e-02	3.196687e+00
1.492677720200402e-02	3.196687e+00
1.493677720200402e-02	3.196687e+00
1.494677720200402e-02	3.196686e+00
1.495677720200402e-02	3.196686e+00
1.496677720200402e-02	3.196686e+00
1.497677720200402e-02	3.196686e+00
1.498677720200402e-02	3.196687e+00
1.499677720200402e-02	3.196687e+00
1.500677720200401e-02	3.196686e+00
1.501677720200402e-02	3.196686e+00
1.502677720200402e-02	3.196687e+00
1.503677720200402e-02	3.196687e+00
1.504677720200401e-02	3.196686e+00
1.505677720200402e-02	3.196687e+00
1.506677720200402e-02	3.196686e+00
1.507677720200402e-02	3.196686e+00
1.508677720200402e-02	3.196687e+00
1.509677720200402e-02	3.196686e+00
1.510677720200402e-02	3.196687e+00
1.511677720200402e-02	3.196686e+00
1.512677720200402e-02	3.196687e+00
1.513677720200402e-02	3.196686e+00
1.514677720200402e-02	3.196687e+00
1.515677720200402e-02	3.196687e+00
1.516677720200402e-02	3.196686e+00
1.517677720200401e-02	3.196687e+00
1.518677720200402e-02	3.196686e+00
1.519677720200402e-02	3.196686e+00
1.520677720200402e-02	3.196687e+00
1.521677720200401e-02	3.196686e+00
1.522677720200402e-02	3.196686e+00
1.523677720200402e-02	3.196687e+00
1.524677720200402e-02	3.196687e+00
1.525677720200402e-02	3.196686e+00
1.526677720200402e-02	3.196686e+00
1.527677720200402e-02	3.196686e+00
1.528677720200402e-02	3.196687e+00
1.529677720200402e-02	3.196687e+00
1.530677720200402e-02	3.196687e+00
1.531677720200402e-02	3.196686e+00
1.532677720200402e-02	3.196686e+00
1.533677720200402e-02	3.196686e+00
1.534677720200401e-02	3.196686e+00
1.535677720200402e-02	3.196686e+00
1.536677720200402e-02	3.196686e+00
1.537677720200402e-02	3.196687e+00
1.538677720200401e-02	3.196687e+00
1.539677720200402e-02	3.196687e+00
1.540677720200402e-02	3.196687e+00
1.541677720200402e-02	3.196687e+00
1.542677720200402e-02	3.196686e+00
1.543677720200402e-02	3.196686e+00
1.544677720200402e-02	3.196686e+00
1.545677720200402e-02	3.196686e+00
1.546677720200402e-02	3.196686e+00
1.547677720200401e-02	3.196686e+00
1.548677720200402e-02	3.196687e+00
1.549677720200402e-02	3.196687e+00
1.550677720200402e-02	3.196687e+00
1.551677720200401e-02	3.196687e+00
1.552677720200402e-02	3.196686e+00
1.553677720200402e-02	3.196686e+00
1.554677720200402e-02	3.196686e+00
1.555677720200402e-02	3.196687e+00
1.556677720200402e-02	3.196687e+00
1.557677720200402e-02	3.196686e+00
1.558677720200402e-02	3.196686e+00
1.559677720200402e-02	3.196687e+00
1.560677720200402e-02	3.196687e+00
1.561677720200402e-02	3.196686e+00
1.562677720200402e-02	3.196686e+00
1.563677720200402e-02	3.196687e+00
1.564677720200401e-02	3.196687e+00
1.565677720200401e-02	3.196686e+00
1.566677720200401e-02	3.196687e+00
1.567677720200402e-02	3.196687e+00
1.568677720200402e-02	3.196686e+00
1.569677720200402e-02	3.196687e+00
1.570677720200402e-02	3.196687e+00
1.571677720200402e-02	3.196686e+00
1.572677720200402e-02	3.196687e+00
1.573677720200401e-02	3.196686e+00
1.574677720200401e-02	3.196686e+00
1.575677720200402e-02	3.196687e+00
1.576677720200402e-02	3.196686e+00
1.577677720200402e-02	3.196687e+00
1.578677720200402e-02	3.196686e+00
1.579677720200402e-02	3.196687e+00
1.580677720200402e-02	3.196687e+00
1.581677720200401e-02	3.196686e+00
1.582677720200401e-02	3.196687e+00
1.583677720200401e-02	3.196686e+00
1.584677720200402e-02	3.196687e+00
1.585677720200402e-02	3.196686e+00
1.586677720200402e-02	3.196687e+00
1.587677720200402e-02	3.196686e+00
1.588677720200402e-02	3.196687e+00
1.589677720200402e-02	3.196686e+00
1.590677720200401e-02	3.196687e+00
1.591677720200401e-02	3.196686e+00
1.592677720200402e-02	3.196687e+00
1.593677720200402e-02	3.196686e+00
1.594677720200402e-02	3.196687e+00
1.595677720200402e-02	3.196686e+00
1.596677720200402e-02	3.196687e+00
1.597677720200402e-02	3.196687e+00
1.598677720200401e-02	3.196686e+00
1.599677720200401e-02	3.196687e+00
1.600677720200401e-02	3.196686e+00
1.601677720200402e-02	3.196687e+00
1.602677720200402e-02	3.196686e+00
1.603677720200402e-02	3.196687e+00
1.604677720200402e-02	3.196687e+00
1.605677720200402e-02	3.196686e+00
1.606677720200402e-02	3.196687e+00
1.607677720200401e-02	3.196687e+00
1.608677720200401e-02	3.196686e+00
1.609677720200402e-02	3.196687e+00
1.610677720200402e-02	3.196686e+00
1.611677720200402e-02	3.196687e+00
1.612677720200402e-02	3.196687e+00
1.613677720200402e-02	3.196686e+00
1.614677720200402e-02	3.196687e+00
1.615677720200401e-02	3.196687e+00
1.616677720200401e-02	3.196686e+00
1.617677720200401e-02	3.196687e+00
1.618677720200402e-02	3.196687e+00
1.619677720200402e-02	3.196686e+00
1.620677720200402e-02	3.196687e+00
1.621677720200402e-02	3.196687e+00
1.622677720200402e-02	3.196686e+00
1.623677720200402e-02	3.196687e+00
1.624677720200401e-02	3.196687e+00
1.625677720200401e-02	3.196686e+00
1.626677720200402e-02	3.196686e+00
1.627677720200402e-02	3.196687e+00
1.628677720200402e-02	3.196687e+00
1.629677720200402e-02	3.196686e+00
1.630677720200402e-02	3.196687e+00
1.631677720200402e-02	3.196687e+00
1.632677720200401e-02	3.196687e+00
1.633677720200401e-02	3.196686e+00
1.634677720200401e-02	3.196687e+00
1.635677720200402e-02	3.196687e+00
1.636677720200402e-02	3.196686e+00
1.637677720200402e-02	3.196686e+00
1.638677720200402e-02	3.196687e+00
1.639677720200402e-02	3.196687e+00
1.640677720200402e-02	3.196687e+00
1.641677720200401e-02	3.196686e+00
1.642677720200401e-02	3.196687e+00
1.643677720200401e-02	3.196687e+00
1.644677720200402e-02	3.196687e+00
1.645677720200402e-02	3.196686e+00
1.646677720200402e-02	3.196686e+00
1.647677720200402e-02	3.196687e+00
1.648677720200402e-02	3.196687e+00
1.649677720200401e-02	3.196687e+00
1.650677720200401e-02	3.196686e+00
1.651677720200401e-02	3.196687e+00
1.652677720200402e-02	3.196687e+00
1.653677720200402e-02	3.196687e+00
1.654677720200402e-02	3.196686e+00
1.655677720200402e-02	3.196686e+00
1.656677720200402e-02	3.196687e+00
1.657677720200402e-02	3.196687e+00
1.658677720200401e-02	3.196687e+00
1.659677720200401e-02	3.196687e+00
1.660677720200401e-02	3.196686e+00
1.661677720200402e-02	3.196686e+00
1.662677720200402e-02	3.196687e+00
1.663677720200402e-02	3.196687e+00
1.664677720200402e-02	3.196687e+00
1.665677720200402e-02	3.196687e+00
1.666677720200401e-02	3.196686e+00
1.667677720200401e-02	3.196686e+00
1.668677720200401e-02	3.196687e+00
1.669677720200402e-02	3.196687e+00
1.670677720200402e-02	3.196687e+00
1.671677720200402e-02	3.196687e+00
1.672677720200402e-02	3.196686e+00
1.673677720200402e-02	3.196686e+00
1.674677720200402e-02	3.196687e+00
1.675677720200401e-02	3.196687e+00
1.676677720200401e-02	3.196687e+00
1.677677720200401e-02	3.196687e+00
1.678677720200402e-02	3.196687e+00
1.679677720200402e-02	3.196686e+00
1.680677720200402e-02	3.196686e+00
1.681677720200402e-02	3.196686e+00
1.682677720200402e-02	3.196687e+00
1.683677720200401e-02	3.196687e+00
1.684677720200401e-02	3.196687e+00
1.685677720200401e-02	3.196687e+00
1.686677720200402e-02	3.196687e+00
1.687677720200402e-02	3.196686e+00
1.688677720200402e-02	3.196686e+00
1.689677720200402e-02	3.196686e+00
1.690677720200402e-02	3.196687e+00
1.691677720200402e-02	3.196687e+00
1.692677720200401e-02	3.196687e+00
1.693677720200401e-02	3.196687e+00
1.694677720200401e-02	3.196687e+00
1.695677720200402e-02	3.196686e+00
1.696677720200402e-02	3.196686e+00
1.697677720200402e-02	3.196686e+00
1.698677720200402e-02	3.196686e+00
1.699677720200402e-02	3.196687e+00
1.700677720200401e-02	3.196687e+00
1.701677720200401e-02	3.196687e+00
1.702677720200401e-02	3.196687e+00
1.703677720200402e-02	3.196687e+00
1.704677720200402e-02	3.196687e+00
1.705677720200402e-02	3.196686e+00
1.706677720200402e-02	3.196686e+00
1.707677720200402e-02	3.196686e+00
1.708677720200402e-02	3.196686e+00
1.709677720200401e-02	3.196687e+00
1.710677720200401e-02	3.196687e+00
1.711677720200401e-02	3.196687e+00
1.712677720200402e-02	3.196687e+00
1.713677720200402e-02	3.196687e+00
1.714677720200402e-02	3.196687e+00
1.715677720200402e-02	3.196687e+00
1.716677720200402e-02	3.196686e+00
1.717677720200401e-02	3.196686e+00
1.718677720200401e-02	3.196686e+00
1.719677720200401e-02	3.196686e+00
1.720677720200402e-02	3.196686e+00
1.721677720200402e-02	3.196687e+00
1.722677720200402e-02	3.196687e+00
1.723677720200402e-02	3.196687e+00
1.724677720200402e-02	3.196687e+00
1.725677720200402e-02	3.196687e+00
1.726677720200401e-02	3.196687e+00
1.727677720200401e-02	3.196687e+00
1.728677720200401e-02	3.196687e+00
1.729677720200402e-02	3.196687e+00
1.730677720200402e-02	3.196686e+00
1.731677720200402e-02	3.196686e+00
1.732677720200402e-02	3.196686e+00
1.733677720200402e-02	3.196686e+00
1.734677720200401e-02	3.196686e+00
1.735677720200401e-02	3.196686e+00
1.736677720200401e-02	3.196687e+00
1.737677720200402e-02	3.196687e+00
1.738677720200402e-02	3.196687e+00
1.739677720200402e-02	3.196687e+00
1.740677720200402e-02	3.196687e+00
1.741677720200402e-02	3.196687e+00
1.742677720200402e-02	3.196687e+00
1.743677720200401e-02	3.196687e+00
1.744677720200401e-02	3.196687e+00
1.745677720200401e-02	3.196687e+00
1.746677720200402e-02	3.196687e+00
1.747677720200402e-02	3.196686e+00
1.748677720200402e-02	3.196686e+00
1.749677720200402e-02	3.196686e+00
1.750677720200402e-02	3.196686e+00
1.751677720200401e-02	3.196686e+00
1.752677720200401e-02	3.196686e+00
1.753677720200401e-02	3.196686e+00
1.754677720200402e-02	3.196687e+00
1.755677720200402e-02	3.196687e+00
1.756677720200402e-02	3.196687e+00
1.757677720200402e-02	3.196687e+00
1.758677720200402e-02	3.196687e+00
1.759677720200402e-02	3.196687e+00
1.760677720200401e-02	3.196687e+00
1.761677720200401e-02	3.196687e+00
1.762677720200401e-02	3.196687e+00
1.763677720200402e-02	3.196687e+00
1.764677720200402e-02	3.196687e+00
1.765677720200402e-02	3.196687e+00
1.766677720200402e-02	3.196687e+00
1.767677720200402e-02	3.196687e+00
1.768677720200401e-02	3.196687e+00
1.769677720200401e-02	3.196687e+00
1.770677720200401e-02	3.196686e+00
1.771677720200401e-02	3.196686e+00
1.772677720200402e-02	3.196686e+00
1.773677720200402e-02	3.196686e+00
1.774677720200402e-02	3.196686e+00
1.775677720200402e-02	3.196686e+00
1.776677720200402e-02	3.196686e+00
1.777677720200401e-02	3.196686e+00
1.778677720200401e-02	3.196686e+00
1.779677720200401e-02	3.196686e+00
1.780677720200402e-02	3.196687e+00
1.781677720200402e-02	3.196687e+00
1.782677720200402e-02	3.196687e+00
1.783677720200402e-02	3.196687e+00
1.784677720200402e-02	3.196687e+00
1.785677720200401e-02	3.196687e+00
1.786677720200401e-02	3.196687e+00
1.787677720200401e-02	3.196687e+00
1.788677720200401e-02	3.196687e+00
1.789677720200402e-02	3.196687e+00
1.790677720200402e-02	3.196687e+00
1.791677720200402e-02	3.196687e+00
1.792677720200402e-02	3.196687e+00
1.793677720200402e-02	3.196687e+00
1.794677720200401e-02	3.196687e+00
1.795677720200401e-02	3.196687e+00
1.796677720200401e-02	3.196687e+00
1.797677720200402e-02	3.196687e+00
1.798677720200402e-02	3.196687e+00
1.799677720200402e-02	3.196687e+00
1.800677720200402e-02	3.196687e+00
1.801677720200402e-02	3.196687e+00
1.802677720200401e-02	3.196687e+00
1.803677720200401e-02	3.196686e+00
1.804677720200401e-02	3.196686e+00
1.805677720200401e-02	3.196686e+00
1.806677720200402e-02	3.196686e+00
1.807677720200402e-02	3.196686e+00
1.808677720200402e-02	3.196686e+00
1.809677720200402e-02	3.196686e+00
1.810677720200402e-02	3.196686e+00
1.811677720200401e-02	3.196686e+00
1.812677720200401e-02	3.196686e+00
1.813677720200401e-02	3.196686e+00
1.814677720200402e-02	3.196686e+00
1.815677720200402e-02	3.196686e+00
1.816677720200402e-02	3.196686e+00
1.817677720200402e-02	3.196686e+00
1.818677720200402e-02	3.196686e+00
1.819677720200401e-02	3.196686e+00
1.820677720200401e-02	3.196687e+00
1.821677720200401e-02	3.196687e+00
1.822677720200401e-02	3.196687e+00
1.823677720200402e-02	3.196687e+00
1.824677720200402e-02	3.196687e+00
1.825677720200402e-02	3.196687e+00
1.826677720200402e-02	3.196687e+00
1.827677720200402e-02	3.196687e+00
1.828677720200401e-02	3.196687e+00
1.829677720200401e-02	3.196687e+00
1.830677720200401e-02	3.196687e+00
1.831677720200402e-02	3.196687e+00
1.832677720200402e-02	3.196687e+00
1.833677720200402e-02	3.196687e+00
1.834677720200402e-02	3.196687e+00
1.835677720200402e-02	3.196687e+00
1.836677720200402e-02	3.196687e+00
1.837677720200401e-02	3.196687e+00
1.838677720200401e-02	3.196687e+00
1.839677720200401e-02	3.196687e+00
1.840677720200402e-02	3.196687e+00
1.841677720200402e-02	3.196687e+00
1.842677720200402e-02	3.196687e+00
1.843677720200402e-02	3.196687e+00
1.844677720200402e-02	3.196687e+00
1.845677720200401e-02	3.196687e+00
1.846677720200401e-02	3.196687e+00
1.847677720200401e-02	3.196687e+00
1.848677720200402e-02	3.196687e+00
1.849677720200402e-02	3.196687e+00
1.850677720200402e-02	3.196687e+00
1.851677720200402e-02	3.196687e+00
1.852677720200402e-02	3.196687e+00
1.853677720200402e-02	3.196687e+00
1.854677720200401e-02	3.196687e+00
1.855677720200401e-02	3.196687e+00
1.856677720200401e-02	3.196687e+00
1.857677720200402e-02	3.196687e+00
1.858677720200402e-02	3.196687e+00
1.859677720200402e-02	3.196687e+00
1.860677720200402e-02	3.196687e+00
1.861677720200402e-02	3.196687e+00
1.862677720200401e-02	3.196687e+00
1.863677720200401e-02	3.196687e+00
1.864677720200401e-02	3.196687e+00
1.865677720200402e-02	3.196687e+00
1.866677720200402e-02	3.196687e+00
1.867677720200402e-02	3.196687e+00
1.868677720200402e-02	3.196686e+00
1.869677720200402e-02	3.196686e+00
1.870677720200402e-02	3.196686e+00
1.871677720200401e-02	3.196686e+00
1.872677720200401e-02	3.196686e+00
1.873677720200401e-02	3.196686e+00
1.874677720200402e-02	3.196686e+00
1.875677720200402e-02	3.196686e+00
1.876677720200402e-02	3.196686e+00
1.877677720200402e-02	3.196686e+00
1.878677720200402e-02	3.196686e+00
1.879677720200401e-02	3.196686e+00
1.880677720200401e-02	3.196686e+00
1.881677720200401e-02	3.196686e+00
1.882677720200402e-02	3.196686e+00
1.883677720200402e-02	3.196686e+00
1.884677720200402e-02	3.196686e+00
1.885677720200402e-02	3.196686e+00
1.886677720200402e-02	3.196686e+00
1.887677720200402e-02	3.196686e+00
1.888677720200401e-02	3.196686e+00
1.889677720200401e-02	3.196686e+00
1.890677720200401e-02	3.196686e+00
1.891677720200402e-02	3.196686e+00
1.892677720200402e-02	3.196686e+00
1.893677720200402e-02	3.196686e+00
1.894677720200402e-02	3.196686e+00
1.895677720200402e-02	3.196686e+00
1.896677720200401e-02	3.196686e+00
1.897677720200401e-02	3.196686e+00
1.898677720200401e-02	3.196686e+00
1.899677720200401e-02	3.196686e+00
1.900677720200402e-02	3.196686e+00
1.901677720200402e-02	3.196686e+00
1.902677720200402e-02	3.196686e+00
1.903677720200402e-02	3.196686e+00
1.904677720200402e-02	3.196686e+00
1.905677720200401e-02	3.196686e+00
1.906677720200401e-02	3.196686e+00
1.907677720200401e-02	3.196686e+00
1.908677720200402e-02	3.196686e+00
1.909677720200402e-02	3.196686e+00
1.910677720200402e-02	3.196686e+00
1.911677720200402e-02	3.196686e+00
1.912677720200402e-02	3.196686e+00
1.913677720200401e-02	3.196686e+00
1.914677720200401e-02	3.196686e+00
1.915677720200401e-02	3.196686e+00
1.916677720200401e-02	3.196686e+00
1.917677720200402e-02	3.196686e+00
1.918677720200402e-02	3.196686e+00
1.919677720200402e-02	3.196686e+00
1.920677720200402e-02	3.196686e+00
1.921677720200402e-02	3.196686e+00
1.922677720200401e-02	3.196686e+00
1.923677720200401e-02	3.196686e+00
1.924677720200401e-02	3.196687e+00
1.925677720200402e-02	3.196687e+00
1.926677720200402e-02	3.196687e+00
1.927677720200402e-02	3.196687e+00
1.928677720200402e-02	3.196687e+00
1.929677720200402e-02	3.196687e+00
1.930677720200401e-02	3.196687e+00
1.931677720200401e-02	3.196687e+00
1.932677720200401e-02	3.196687e+00
1.933677720200401e-02	3.196687e+00
1.934677720200402e-02	3.196687e+00
1.935677720200402e-02	3.196687e+00
1.936677720200402e-02	3.196687e+00
1.937677720200402e-02	3.196687e+00
1.938677720200402e-02	3.196687e+00
1.939677720200401e-02	3.196687e+00
1.940677720200401e-02	3.196687e+00
1.941677720200401e-02	3.196687e+00
1.942677720200402e-02	3.196687e+00
1.943677720200402e-02	3.196687e+00
1.944677720200402e-02	3.196687e+00
1.945677720200402e-02	3.196687e+00
1.946677720200402e-02	3.196687e+00
1.947677720200401e-02	3.196687e+00
1.948677720200401e-02	3.196687e+00
1.949677720200401e-02	3.196687e+00
1.950677720200401e-02	3.196687e+00
1.951677720200402e-02	3.196687e+00
1.952677720200402e-02	3.196687e+00
1.953677720200402e-02	3.196687e+00
1.954677720200402e-02	3.196687e+00
1.955677720200402e-02	3.196687e+00
1.956677720200401e-02	3.196687e+00
1.957677720200401e-02	3.196687e+00
1.958677720200401e-02	3.196687e+00
1.959677720200402e-02	3.196687e+00
1.960677720200402e-02	3.196687e+00
1.961677720200402e-02	3.196687e+00
1.962677720200402e-02	3.196687e+00
1.963677720200402e-02	3.196687e+00
1.964677720200401e-02	3.196687e+00
1.965677720200401e-02	3.196687e+00
1.966677720200401e-02	3.196687e+00
1.967677720200401e-02	3.196687e+00
1.968677720200402e-02	3.196687e+00
1.969677720200402e-02	3.196687e+00
1.970677720200402e-02	3.196687e+00
1.971677720200402e-02	3.196687e+00
1.972677720200402e-02	3.196687e+00
1.973677720200401e-02	3.196687e+00
1.974677720200401e-02	3.196687e+00
1.975677720200401e-02	3.196687e+00
1.976677720200402e-02	3.196687e+00
1.977677720200402e-02	3.196687e+00
1.978677720200402e-02	3.196687e+00
1.979677720200402e-02	3.196687e+00
1.980677720200402e-02	3.196687e+00
1.981677720200401e-02	3.196687e+00
1.982677720200401e-02	3.196687e+00
1.983677720200401e-02	3.196687e+00
1.984677720200401e-02	3.196687e+00
1.985677720200402e-02	3.196687e+00
1.986677720200402e-02	3.196687e+00
1.987677720200402e-02	3.196687e+00
1.988677720200402e-02	3.196687e+00
1.989677720200402e-02	3.196687e+00
1.990677720200401e-02	3.196687e+00
1.991677720200401e-02	3.196687e+00
1.992677720200401e-02	3.196687e+00
1.993677720200402e-02	3.196687e+00
1.994677720200402e-02	3.196687e+00
1.995677720200402e-02	3.196687e+00
1.996677720200402e-02	3.196687e+00
1.997677720200402e-02	3.196687e+00
1.998677720200401e-02	3.196687e+00
1.999677720200401e-02	3.196687e+00
2.000000000000000e-02	3.196687e+00
2.000000000100000e-02	3.196687e+00
2.000000000200000e-02	3.196687e+00
2.000000000440036e-02	3.196687e+00
2.000000000670974e-02	3.196687e+00
2.000000001132851e-02	3.196687e+00
2.000000002056606e-02	3.196687e+00
2.000000003904114e-02	3.196687e+00
2.000000007599130e-02	3.196687e+00
2.000000014989163e-02	3.196687e+00
2.000000029769228e-02	3.196687e+00
2.000000059329359e-02	3.196687e+00
2.000000118449621e-02	3.196687e+00
2.000000236690145e-02	3.196687e+00
2.000000473171193e-02	3.196686e+00
2.000000946133288e-02	3.196687e+00
2.000001768540547e-02	3.196687e+00
2.000002963175470e-02	3.196687e+00
2.000005352445315e-02	3.196687e+00
2.000010104535558e-02	3.196686e+00
2.000015439843629e-02	3.196687e+00
2.000020650471250e-02	3.196687e+00
2.000026265951679e-02	3.196687e+00
2.000031778452202e-02	3.196686e+00
2.000042803453248e-02	3.196687e+00
2.000045559703510e-02	3.196686e+00
2.000051072204033e-02	3.196686e+00
2.000062097205079e-02	3.196686e+00
2.000064257355930e-02	3.196686e+00
2.000068577657632e-02	3.196686e+00
2.000077218261035e-02	3.196687e+00
2.000094499467842e-02	3.196687e+00
2.000129061881456e-02	3.196686e+00
2.000186360693181e-02	3.196685e+00
2.000258978849003e-02	3.196682e+00
2.000363230315127e-02	3.196676e+00
2.000385390813896e-02	3.196674e+00
2.000429711811435e-02	3.196669e+00
2.000518353806512e-02	3.196634e+00
2.000695637796667e-02	3.196393e+00
2.000955241780101e-02	3.195350e+00
2.001330926088637e-02	3.191439e+00
2.001699437308759e-02	3.183700e+00
2.002118251862241e-02	3.171374e+00
2.002587305086659e-02	3.156528e+00
2.003088601641700e-02	3.140746e+00
2.003658967735485e-02	3.122885e+00
2.004186478575882e-02	3.106472e+00
2.005186478575882e-02	3.075598e+00
2.006186478575882e-02	3.044989e+00
2.007186478575882e-02	3.014666e+00
2.008186478575882e-02	2.984634e+00
2.009186478575882e-02	2.954887e+00
2.010000000100000e-02	2.930857e+00
2.010000000200000e-02	2.930857e+00
2.010000001800000e-02	2.930858e+00
2.010000005000000e-02	2.930857e+00
2.010000011400000e-02	2.930857e+00
2.010000024200000e-02	2.930857e+00
2.010000049800000e-02	2.930856e+00
2.010000101000000e-02	2.930855e+00
2.010000203400000e-02	2.930851e+00
2.010000408200000e-02	2.930845e+00
2.010000817800000e-02	2.930834e+00
2.010001636999999e-02	2.930809e+00
2.010003275399998e-02	2.930761e+00
2.010006552199996e-02	2.930665e+00
2.010013105799992e-02	2.930473e+00
2.010026212999984e-02	2.930089e+00
2.010052427399968e-02	2.929319e+00
2.010104856199936e-02	2.927783e+00
2.010209713799873e-02	2.924712e+00
2.010419428999745e-02	2.918583e+00
2.010838859399490e-02	2.906373e+00
2.011677720198981e-02	2.882103e+00
2.012677720198981e-02	2.853407e+00
2.013677720198980e-02	2.824988e+00
2.014677720198980e-02	2.796854e+00
2.015677720198980e-02	2.769001e+00
2.016677720198980e-02	2.741414e+00
2.017677720198980e-02	2.714073e+00
2.018677720198981e-02	2.686983e+00
2.019677720198981e-02	2.660181e+00
2.020677720198981e-02	2.633685e+00
2.021677720198981e-02	2.607473e+00
2.022677720198980e-02	2.581526e+00
2.023677720198980e-02	2.555837e+00
2.024677720198980e-02	2.530404e+00
2.025677720198980e-02	2.505225e+00
2.026677720198980e-02	2.480297e+00
2.027677720198981e-02	2.455617e+00
2.028677720198981e-02	2.431183e+00
2.029677720198981e-02	2.406992e+00
2.030677720198980e-02	2.383043e+00
2.031677720198980e-02	2.359332e+00
2.032677720198980e-02	2.335867e+00
2.033677720198980e-02	2.313114e+00
2.034677720198980e-02	2.299451e+00
2.035677720198981e-02	2.316237e+00
2.036677720198981e-02	2.377718e+00
2.037677720198981e-02	2.473839e+00
2.038677720198981e-02	2.585781e+00
2.039677720198980e-02	2.702681e+00
2.040677720198980e-02	2.820818e+00
2.041677720198980e-02	2.939162e+00
2.042677720198980e-02	3.054056e+00
2.043677720198980e-02	3.144755e+00
2.044677720198981e-02	3.187214e+00
2.045677720198981e-02	3.194114e+00
2.046677720198981e-02	3.194132e+00
2.047677720198980e-02	3.194780e+00
2.048677720198980e-02	3.195018e+00
2.049677720198980e-02	3.195286e+00
2.050677720198980e-02	3.195460e+00
2.051677720198980e-02	3.195619e+00
2.052677720198981e-02	3.195743e+00
2.053677720198981e-02	3.195853e+00
2.054677720198981e-02	3.195945e+00
2.055677720198981e-02	3.196027e+00
2.056677720198980e-02	3.196098e+00
2.057677720198980e-02	3.196161e+00
2.058677720198980e-02	3.196217e+00
2.059677720198980e-02	3.196267e+00
2.060677720198980e-02	3.196313e+00
2.061677720198981e-02	3.196353e+00
2.062677720198981e-02	3.196390e+00
2.063677720198981e-02	3.196424e+00
2.064677720198980e-02	3.196454e+00
2.065677720198980e-02	3.196482e+00
2.066677720198980e-02	3.196508e+00
2.067677720198980e-02	3.196531e+00
2.068677720198980e-02	3.196553e+00
2.069677720198981e-02	3.196573e+00
2.070677720198981e-02	3.196591e+00
2.071677720198981e-02	3.196608e+00
2.072677720198981e-02	3.196623e+00
2.073677720198980e-02	3.196637e+00
2.074677720198980e-02	3.196651e+00
2.075677720198980e-02	3.196663e+00
2.076677720198980e-02	3.196674e+00
2.077677720198980e-02	3.196685e+00
2.078677720198981e-02	3.196695e+00
2.079677720198981e-02	3.196704e+00
2.080677720198981e-02	3.196712e+00
2.081677720198980e-02	3.196720e+00
2.082677720198980e-02	3.196728e+00
2.083677720198980e-02	3.196734e+00
2.084677720198980e-02	3.196741e+00
2.085677720198980e-02	3.196747e+00
2.086677720198981e-02	3.196752e+00
2.087677720198981e-02	3.196757e+00
2.088677720198981e-02	3.196762e+00
2.089677720198981e-02	3.196767e+00
2.090677720198980e-02	3.196771e+00
2.091677720198980e-02	3.196775e+00
2.092677720198980e-02	3.196778e+00
2.093677720198980e-02	3.196782e+00
2.094677720198980e-02	3.196785e+00
2.095677720198981e-02	3.196788e+00
2.096677720198981e-02	3.196791e+00
2.097677720198981e-02	3.196794e+00
2.098677720198980e-02	3.196796e+00
2.099677720198980e-02	3.196799e+00
2.100000000000000e-02	3.196799e+00
2.100000000100000e-02	3.196799e+00
2.100000001700000e-02	3.196799e+00
2.100000004900000e-02	3.196799e+00
2.100000011300000e-02	3.196799e+00
2.100000024100000e-02	3.196799e+00
2.100000049700000e-02	3.196799e+00
2.100000100900000e-02	3.196799e+00
2.100000203300000e-02	3.196799e+00
2.100000408100000e-02	3.196799e+00
2.100000817700000e-02	3.196799e+00
2.100001636899999e-02	3.196799e+00
2.100003275299998e-02	3.196799e+00
2.100006552099996e-02	3.196799e+00
2.100013105699992e-02	3.196799e+00
2.100026212899984e-02	3.196799e+00
2.100052427299968e-02	3.196799e+00
2.100104856099936e-02	3.196800e+00
2.100209713699873e-02	3.196800e+00
2.100419428899745e-02	3.196800e+00
2.100838859299490e-02	3.196801e+00
2.101677720098981e-02	3.196803e+00
2.102677720098980e-02	3.196805e+00
2.103677720098980e-02	3.196806e+00
2.104677720098980e-02	3.196808e+00
2.105677720098981e-02	3.196810e+00
2.106677720098981e-02	3.196811e+00
2.107677720098981e-02	3.196812e+00
2.108677720098981e-02	3.196814e+00
2.109677720098981e-02	3.196815e+00
2.110677720098980e-02	3.196816e+00
2.111677720098980e-02	3.196817e+00
2.112677720098980e-02	3.196818e+00
2.113677720098981e-02	3.196819e+00
2.114677720098981e-02	3.196820e+00
2.115677720098981e-02	3.196821e+00
2.116677720098981e-02	3.196822e+00
2.117677720098981e-02	3.196822e+00
2.118677720098981e-02	3.196823e+00
2.119677720098980e-02	3.196824e+00
2.120677720098980e-02	3.196824e+00
2.121677720098980e-02	3.196825e+00
2.122677720098981e-02	3.196825e+00
2.123677720098981e-02	3.196826e+00
2.124677720098981e-02	3.196826e+00
2.125677720098981e-02	3.196827e+00
2.126677720098981e-02	3.196827e+00
2.127677720098980e-02	3.196828e+00
2.128677720098980e-02	3.196828e+00
2.129677720098980e-02	3.196828e+00
2.130677720098981e-02	3.196829e+00
2.131677720098981e-02	3.196829e+00
2.132677720098981e-02	3.196829e+00
2.133677720098981e-02	3.196830e+00
2.134677720098981e-02	3.196830e+00
2.135677720098981e-02	3.196830e+00
2.136677720098980e-02	3.196830e+00
2.137677720098980e-02	3.196831e+00
2.138677720098980e-02	3.196831e+00
2.139677720098981e-02	3.196831e+00
2.140677720098981e-02	3.196831e+00
2.141677720098981e-02	3.196831e+00
2.142677720098981e-02	3.196831e+00
2.143677720098981e-02	3.196832e+00
2.144677720098980e-02	3.196832e+00
2.145677720098980e-02	3.196832e+00
2.146677720098980e-02	3.196832e+00
2.147677720098981e-02	3.196832e+00
2.148677720098981e-02	3.196832e+00
2.149677720098981e-02	3.196832e+00
2.150677720098981e-02	3.196833e+00
2.151677720098981e-02	3.196833e+00
2.152677720098981e-02	3.196833e+00
2.153677720098980e-02	3.196833e+00
2.154677720098980e-02	3.196833e+00
2.155677720098980e-02	3.196833e+00
2.156677720098981e-02	3.196833e+00
2.157677720098981e-02	3.196833e+00
2.158677720098981e-02	3.196833e+00
2.159677720098981e-02	3.196833e+00
2.160677720098981e-02	3.196833e+00
2.161677720098980e-02	3.196833e+00
2.162677720098980e-02	3.196834e+00
2.163677720098980e-02	3.196834e+00
2.164677720098980e-02	3.196834e+00
2.165677720098981e-02	3.196834e+00
2.166677720098981e-02	3.196834e+00
2.167677720098981e-02	3.196834e+00
2.168677720098981e-02	3.196834e+00
2.169677720098981e-02	3.196834e+00
2.170677720098980e-02	3.196834e+00
2.171677720098980e-02	3.196834e+00
2.172677720098980e-02	3.196834e+00
2.173677720098981e-02	3.196834e+00
2.174677720098981e-02	3.196834e+00
2.175677720098981e-02	3.196834e+00
2.176677720098981e-02	3.196834e+00
2.177677720098981e-02	3.196834e+00
2.178677720098980e-02	3.196834e+00
2.179677720098980e-02	3.196834e+00
2.180677720098980e-02	3.196834e+00
2.181677720098980e-02	3.196834e+00
2.182677720098981e-02	3.196834e+00
2.183677720098981e-02	3.196834e+00
2.184677720098981e-02	3.196834e+00
2.185677720098981e-02	3.196834e+00
2.186677720098981e-02	3.196834e+00
2.187677720098980e-02	3.196834e+00
2.188677720098980e-02	3.196834e+00
2.189677720098980e-02	3.196834e+00
2.190677720098981e-02	3.196834e+00
2.191677720098981e-02	3.196834e+00
2.192677720098981e-02	3.196834e+00
2.193677720098981e-02	3.196834e+00
2.194677720098981e-02	3.196834e+00
2.195677720098980e-02	3.196834e+00
2.196677720098980e-02	3.196834e+00
2.197677720098980e-02	3.196834e+00
2.198677720098980e-02	3.196834e+00
2.199677720098981e-02	3.196834e+00
2.200677720098981e-02	3.196834e+00
2.201677720098981e-02	3.196834e+00
2.202677720098981e-02	3.196834e+00
2.203677720098981e-02	3.196834e+00
2.204677720098980e-02	3.196834e+00
2.205677720098980e-02	3.196834e+00
2.206677720098980e-02	3.196834e+00
2.207677720098981e-02	3.196834e+00
2.208677720098981e-02	3.196834e+00
2.209677720098981e-02	3.196834e+00
2.210677720098981e-02	3.196834e+00
2.211677720098981e-02	3.196834e+00
2.212677720098980e-02	3.196834e+00
2.213677720098980e-02	3.196834e+00
2.214677720098980e-02	3.196834e+00
2.215677720098980e-02	3.196834e+00
2.216677720098981e-02	3.196834e+00
2.217677720098981e-02	3.196834e+00
2.218677720098981e-02	3.196834e+00
2.219677720098981e-02	3.196834e+00
2.220677720098981e-02	3.196834e+00
2.221677720098980e-02	3.196834e+00
2.222677720098980e-02	3.196834e+00
2.223677720098980e-02	3.196834e+00
2.224677720098981e-02	3.196834e+00
2.225677720098981e-02	3.196834e+00
2.226677720098981e-02	3.196834e+00
2.227677720098981e-02	3.196834e+00
2.228677720098981e-02	3.196834e+00
2.229677720098980e-02	3.196834e+00
2.230677720098980e-02	3.196834e+00
2.231677720098980e-02	3.196834e+00
2.232677720098980e-02	3.196834e+00
2.233677720098981e-02	3.196834e+00
2.234677720098981e-02	3.196834e+00
2.235677720098981e-02	3.196834e+00
2.236677720098981e-02	3.196834e+00
2.237677720098981e-02	3.196834e+00
2.238677720098980e-02	3.196834e+00
2.239677720098980e-02	3.196834e+00
2.240677720098980e-02	3.196834e+00
2.241677720098981e-02	3.196834e+00
2.242677720098981e-02	3.196834e+00
2.243677720098981e-02	3.196834e+00
2.244677720098981e-02	3.196834e+00
2.245677720098981e-02	3.196834e+00
2.246677720098980e-02	3.196834e+00
2.247677720098980e-02	3.196834e+00
2.248677720098980e-02	3.196834e+00
2.249677720098980e-02	3.196834e+00
2.250677720098981e-02	3.196834e+00
2.251677720098981e-02	3.196834e+00
2.252677720098981e-02	3.196834e+00
2.253677720098981e-02	3.196834e+00
2.254677720098981e-02	3.196834e+00
2.255677720098980e-02	3.196834e+00
2.256677720098980e-02	3.196834e+00
2.257677720098980e-02	3.196834e+00
2.258677720098981e-02	3.196834e+00
2.259677720098981e-02	3.196834e+00
2.260677720098981e-02	3.196834e+00
2.261677720098981e-02	3.196834e+00
2.262677720098981e-02	3.196834e+00
2.263677720098980e-02	3.196834e+00
2.264677720098980e-02	3.196834e+00
2.265677720098980e-02	3.196834e+00
2.266677720098980e-02	3.196834e+00
2.267677720098981e-02	3.196834e+00
2.268677720098981e-02	3.196834e+00
2.269677720098981e-02	3.196834e+00
2.270677720098981e-02	3.196834e+00
2.271677720098981e-02	3.196834e+00
2.272677720098980e-02	3.196834e+00
2.273677720098980e-02	3.196834e+00
2.274677720098980e-02	3.196834e+00
2.275677720098981e-02	3.196834e+00
2.276677720098981e-02	3.196834e+00
2.277677720098981e-02	3.196834e+00
2.278677720098981e-02	3.196834e+00
2.279677720098981e-02	3.196834e+00
2.280677720098980e-02	3.196834e+00
2.281677720098980e-02	3.196834e+00
2.282677720098980e-02	3.196834e+00
2.283677720098980e-02	3.196834e+00
2.284677720098981e-02	3.196834e+00
2.285677720098981e-02	3.196834e+00
2.286677720098981e-02	3.196834e+00
2.287677720098981e-02	3.196834e+00
2.288677720098981e-02	3.196834e+00
2.289677720098980e-02	3.196834e+00
2.290677720098980e-02	3.196834e+00
2.291677720098980e-02	3.196834e+00
2.292677720098980e-02	3.196834e+00
2.293677720098981e-02	3.196834e+00
2.294677720098981e-02	3.196834e+00
2.295677720098981e-02	3.196834e+00
2.296677720098981e-02	3.196834e+00
2.297677720098980e-02	3.196834e+00
2.298677720098980e-02	3.196834e+00
2.299677720098980e-02	3.196834e+00
2.300677720098980e-02	3.196834e+00
2.301677720098981e-02	3.196834e+00
2.302677720098981e-02	3.196834e+00
2.303677720098981e-02	3.196834e+00
2.304677720098981e-02	3.196834e+00
2.305677720098981e-02	3.196834e+00
2.306677720098980e-02	3.196834e+00
2.307677720098980e-02	3.196834e+00
2.308677720098980e-02	3.196834e+00
2.309677720098980e-02	3.196834e+00
2.310677720098981e-02	3.196834e+00
2.311677720098981e-02	3.196834e+00
2.312677720098981e-02	3.196834e+00
2.313677720098981e-02	3.196834e+00
2.314677720098980e-02	3.196834e+00
2.315677720098980e-02	3.196834e+00
2.316677720098980e-02	3.196834e+00
2.317677720098980e-02	3.196834e+00
2.318677720098981e-02	3.196834e+00
2.319677720098981e-02	3.196834e+00
2.320677720098981e-02	3.196834e+00
2.321677720098981e-02	3.196834e+00
2.322677720098981e-02	3.196834e+00
2.323677720098980e-02	3.196834e+00
2.324677720098980e-02	3.196834e+00
2.325677720098980e-02	3.196834e+00
2.326677720098980e-02	3.196834e+00
2.327677720098981e-02	3.196834e+00
2.328677720098981e-02	3.196834e+00
2.329677720098981e-02	3.196834e+00
2.330677720098981e-02	3.196834e+00
2.331677720098980e-02	3.196834e+00
2.332677720098980e-02	3.196834e+00
2.333677720098980e-02	3.196834e+00
2.334677720098980e-02	3.196834e+00
2.335677720098981e-02	3.196834e+00
2.336677720098981e-02	3.196834e+00
2.337677720098981e-02	3.196834e+00
2.338677720098981e-02	3.196834e+00
2.339677720098981e-02	3.196834e+00
2.340677720098980e-02	3.196834e+00
2.341677720098980e-02	3.196834e+00
2.342677720098980e-02	3.196834e+00
2.343677720098980e-02	3.196834e+00
2.344677720098981e-02	3.196834e+00
2.345677720098981e-02	3.196834e+00
2.346677720098981e-02	3.196834e+00
2.347677720098981e-02	3.196834e+00
2.348677720098981e-02	3.196834e+00
2.349677720098980e-02	3.196834e+00
2.350677720098980e-02	3.196834e+00
2.351677720098980e-02	3.196834e+00
2.352677720098981e-02	3.196834e+00
2.353677720098981e-02	3.196834e+00
2.354677720098981e-02	3.196834e+00
2.355677720098981e-02	3.196834e+00
2.356677720098981e-02	3.196834e+00
2.357677720098980e-02	3.196834e+00
2.358677720098980e-02	3.196834e+00
2.359677720098980e-02	3.196834e+00
2.360677720098980e-02	3.196834e+00
2.361677720098981e-02	3.196834e+00
2.362677720098981e-02	3.196834e+00
2.363677720098981e-02	3.196834e+00
2.364677720098981e-02	3.196834e+00
2.365677720098981e-02	3.196834e+00
2.366677720098980e-02	3.196834e+00
2.367677720098980e-02	3.196834e+00
2.368677720098980e-02	3.196834e+00
2.369677720098981e-02	3.196834e+00
2.370677720098981e-02	3.196834e+00
2.371677720098981e-02	3.196834e+00
2.372677720098981e-02	3.196834e+00
2.373677720098981e-02	3.196834e+00
2.374677720098980e-02	3.196834e+00
2.375677720098980e-02	3.196834e+00
2.376677720098980e-02	3.196834e+00
2.377677720098980e-02	3.196834e+00
2.378677720098981e-02	3.196834e+00
2.379677720098981e-02	3.196834e+00
2.380677720098981e-02	3.196834e+00
2.381677720098981e-02	3.196834e+00
2.382677720098981e-02	3.196834e+00
2.383677720098980e-02	3.196834e+00
2.384677720098980e-02	3.196834e+00
2.385677720098980e-02	3.196834e+00
2.386677720098981e-02	3.196834e+00
2.387677720098981e-02	3.196834e+00
2.388677720098981e-02	3.196834e+00
2.389677720098981e-02	3.196834e+00
2.390677720098981e-02	3.196834e+00
2.391677720098980e-02	3.196834e+00
2.392677720098980e-02	3.196834e+00
2.393677720098980e-02	3.196834e+00
2.394677720098980e-02	3.196834e+00
2.395677720098981e-02	3.196834e+00
2.396677720098981e-02	3.196834e+00
2.397677720098981e-02	3.196834e+00
2.398677720098981e-02	3.196834e+00
2.399677720098981e-02	3.196834e+00
2.400677720098980e-02	3.196834e+00
2.401677720098980e-02	3.196834e+00
2.402677720098980e-02	3.196834e+00
2.403677720098981e-02	3.196834e+00
2.404677720098981e-02	3.196834e+00
2.405677720098981e-02	3.196834e+00
2.406677720098981e-02	3.196834e+00
2.407677720098981e-02	3.196834e+00
2.408677720098980e-02	3.196834e+00
2.409677720098980e-02	3.196834e+00
2.410677720098980e-02	3.196834e+00
2.411677720098980e-02	3.196834e+00
2.412677720098981e-02	3.196834e+00
2.413677720098981e-02	3.196834e+00
2.414677720098981e-02	3.196834e+00
2.415677720098981e-02	3.196834e+00
2.416677720098981e-02	3.196834e+00
2.417677720098980e-02	3.196834e+00
2.418677720098980e-02	3.196834e+00
2.419677720098980e-02	3.196834e+00
2.420677720098980e-02	3.196834e+00
2.421677720098981e-02	3.196834e+00
2.422677720098981e-02	3.196834e+00
2.423677720098981e-02	3.196834e+00
2.424677720098981e-02	3.196834e+00
2.425677720098980e-02	3.196834e+00
2.426677720098980e-02	3.196834e+00
2.427677720098980e-02	3.196834e+00
2.428677720098980e-02	3.196834e+00
2.429677720098981e-02	3.196834e+00
2.430677720098981e-02	3.196834e+00
2.431677720098981e-02	3.196834e+00
2.432677720098981e-02	3.196834e+00
2.433677720098981e-02	3.196834e+00
2.434677720098980e-02	3.196834e+00
2.435677720098980e-02	3.196834e+00
2.436677720098980e-02	3.196834e+00
2.437677720098980e-02	3.196834e+00
2.438677720098981e-02	3.196834e+00
2.439677720098981e-02	3.196834e+00
2.440677720098981e-02	3.196834e+00
2.441677720098981e-02	3.196834e+00
2.442677720098980e-02	3.196834e+00
2.443677720098980e-02	3.196834e+00
2.444677720098980e-02	3.196834e+00
2.445677720098980e-02	3.196834e+00
2.446677720098981e-02	3.196834e+00
2.447677720098981e-02	3.196834e+00
2.448677720098981e-02	3.196834e+00
2.449677720098981e-02	3.196834e+00
2.450677720098981e-02	3.196834e+00
2.451677720098980e-02	3.196834e+00
2.452677720098980e-02	3.196834e+00
2.453677720098980e-02	3.196834e+00
2.454677720098980e-02	3.196834e+00
2.455677720098981e-02	3.196834e+00
2.456677720098981e-02	3.196834e+00
2.457677720098981e-02	3.196834e+00
2.458677720098981e-02	3.196834e+00
2.459677720098980e-02	3.196834e+00
2.460677720098980e-02	3.196834e+00
2.461677720098980e-02	3.196834e+00
2.462677720098980e-02	3.196834e+00
2.463677720098981e-02	3.196834e+00
2.464677720098981e-02	3.196834e+00
2.465677720098981e-02	3.196834e+00
2.466677720098981e-02	3.196834e+00
2.467677720098981e-02	3.196834e+00
2.468677720098980e-02	3.196834e+00
2.469677720098980e-02	3.196834e+00
2.470677720098980e-02	3.196834e+00
2.471677720098980e-02	3.196834e+00
2.472677720098981e-02	3.196834e+00
2.473677720098981e-02	3.196834e+00
2.474677720098981e-02	3.196834e+00
2.475677720098981e-02	3.196834e+00
2.476677720098980e-02	3.196834e+00
2.477677720098980e-02	3.196834e+00
2.478677720098980e-02	3.196834e+00
2.479677720098980e-02	3.196834e+00
2.480677720098981e-02	3.196834e+00
2.481677720098981e-02	3.196834e+00
2.482677720098981e-02	3.196834e+00
2.483677720098981e-02	3.196834e+00
2.484677720098981e-02	3.196834e+00
2.485677720098980e-02	3.196834e+00
2.486677720098980e-02	3.196834e+00
2.487677720098980e-02	3.196834e+00
2.488677720098980e-02	3.196834e+00
2.489677720098981e-02	3.196834e+00
2.490677720098981e-02	3.196834e+00
2.491677720098981e-02	3.196834e+00
2.492677720098981e-02	3.196834e+00
2.493677720098980e-02	3.196834e+00
2.494677720098980e-02	3.196834e+00
2.495677720098980e-02	3.196834e+00
2.496677720098980e-02	3.196834e+00
2.497677720098981e-02	3.196834e+00
2.498677720098981e-02	3.196834e+00
2.499677720098981e-02	3.196834e+00
2.500677720098981e-02	3.196834e+00
2.501677720098981e-02	3.196834e+00
2.502677720098980e-02	3.196834e+00
2.503677720098980e-02	3.196834e+00
2.504677720098980e-02	3.196834e+00
2.505677720098980e-02	3.196834e+00
2.506677720098981e-02	3.196834e+00
2.507677720098981e-02	3.196834e+00
2.508677720098981e-02	3.196834e+00
2.509677720098981e-02	3.196834e+00
2.510677720098980e-02	3.196834e+00
2.511677720098980e-02	3.196834e+00
2.512677720098980e-02	3.196834e+00
2.513677720098980e-02	3.196834e+00
2.514677720098981e-02	3.196834e+00
2.515677720098981e-02	3.196834e+00
2.516677720098981e-02	3.196834e+00
2.517677720098981e-02	3.196834e+00
2.518677720098981e-02	3.196834e+00
2.519677720098980e-02	3.196834e+00
2.520677720098980e-02	3.196834e+00
2.521677720098980e-02	3.196834e+00
2.522677720098980e-02	3.196834e+00
2.523677720098981e-02	3.196834e+00
2.524677720098981e-02	3.196834e+00
2.525677720098981e-02	3.196834e+00
2.526677720098981e-02	3.196834e+00
2.527677720098980e-02	3.196834e+00
2.528677720098980e-02	3.196834e+00
2.529677720098980e-02	3.196834e+00
2.530677720098980e-02	3.196834e+00
2.531677720098981e-02	3.196834e+00
2.532677720098981e-02	3.196834e+00
2.533677720098981e-02	3.196834e+00
2.534677720098981e-02	3.196834e+00
2.535677720098981e-02	3.196834e+00
2.536677720098980e-02	3.196834e+00
2.537677720098980e-02	3.196834e+00
2.538677720098980e-02	3.196834e+00
2.539677720098980e-02	3.196834e+00
2.540677720098981e-02	3.196834e+00
2.541677720098981e-02	3.196834e+00
2.542677720098981e-02	3.196834e+00
2.543677720098981e-02	3.196834e+00
2.544677720098980e-02	3.196834e+00
2.545677720098980e-02	3.196834e+00
2.546677720098980e-02	3.196834e+00
2.547677720098980e-02	3.196834e+00
2.548677720098980e-02	3.196834e+00
2.549677720098981e-02	3.196834e+00
2.550677720098981e-02	3.196834e+00
2.551677720098981e-02	3.196834e+00
2.552677720098981e-02	3.196834e+00
2.553677720098980e-02	3.196834e+00
2.554677720098980e-02	3.196834e+00
2.555677720098980e-02	3.196834e+00
2.556677720098980e-02	3.196834e+00
2.557677720098981e-02	3.196834e+00
2.558677720098981e-02	3.196834e+00
2.559677720098981e-02	3.196834e+00
2.560677720098981e-02	3.196834e+00
2.561677720098980e-02	3.196834e+00
2.562677720098980e-02	3.196834e+00
2.563677720098980e-02	3.196834e+00
2.564677720098980e-02	3.196834e+00
2.565677720098980e-02	3.196834e+00
2.566677720098981e-02	3.196834e+00
2.567677720098981e-02	3.196834e+00
2.568677720098981e-02	3.196834e+00
2.569677720098981e-02	3.196834e+00
2.570677720098980e-02	3.196834e+00
2.571677720098980e-02	3.196834e+00
2.572677720098980e-02	3.196834e+00
2.573677720098980e-02	3.196834e+00
2.574677720098981e-02	3.196834e+00
2.575677720098981e-02	3.196834e+00
2.576677720098981e-02	3.196834e+00
2.577677720098981e-02	3.196834e+00
2.578677720098980e-02	3.196834e+00
2.579677720098980e-02	3.196834e+00
2.580677720098980e-02	3.196834e+00
2.581677720098980e-02	3.196834e+00
2.582677720098980e-02	3.196834e+00
2.583677720098981e-02	3.196834e+00
2.584677720098981e-02	3.196834e+00
2.585677720098981e-02	3.196834e+00
2.586677720098981e-02	3.196834e+00
2.587677720098980e-02	3.196834e+00
2.588677720098980e-02	3.196834e+00
2.589677720098980e-02	3.196834e+00
2.590677720098980e-02	3.196834e+00
2.591677720098981e-02	3.196834e+00
2.592677720098981e-02	3.196834e+00
2.593677720098981e-02	3.196834e+00
2.594677720098981e-02	3.196834e+00
2.595677720098980e-02	3.196834e+00
2.596677720098980e-02	3.196834e+00
2.597677720098980e-02	3.196834e+00
2.598677720098980e-02	3.196834e+00
2.599677720098980e-02	3.196834e+00
2.600677720098981e-02	3.196834e+00
2.601677720098981e-02	3.196834e+00
2.602677720098981e-02	3.196834e+00
2.603677720098981e-02	3.196834e+00
2.604677720098980e-02	3.196834e+00
2.605677720098980e-02	3.196834e+00
2.606677720098980e-02	3.196834e+00
2.607677720098980e-02	3.196834e+00
2.608677720098981e-02	3.196834e+00
2.609677720098981e-02	3.196834e+00
2.610677720098981e-02	3.196834e+00
2.611677720098981e-02	3.196834e+00
2.612677720098980e-02	3.196834e+00
2.613677720098980e-02	3.196834e+00
2.614677720098980e-02	3.196834e+00
2.615677720098980e-02	3.196834e+00
2.616677720098980e-02	3.196834e+00
2.617677720098981e-02	3.196834e+00
2.618677720098981e-02	3.196834e+00
2.619677720098981e-02	3.196834e+00
2.620677720098981e-02	3.196834e+00
2.621677720098980e-02	3.196834e+00
2.622677720098980e-02	3.196834e+00
2.623677720098980e-02	3.196834e+00
2.624677720098980e-02	3.196834e+00
2.625677720098981e-02	3.196834e+00
2.626677720098981e-02	3.196834e+00
2.627677720098981e-02	3.196834e+00
2.628677720098981e-02	3.196834e+00
2.629677720098981e-02	3.196834e+00
2.630677720098980e-02	3.196834e+00
2.631677720098980e-02	3.196834e+00
2.632677720098980e-02	3.196834e+00
2.633677720098980e-02	3.196834e+00
2.634677720098981e-02	3.196834e+00
2.635677720098981e-02	3.196834e+00
2.636677720098981e-02	3.196834e+00
2.637677720098981e-02	3.196834e+00
2.638677720098980e-02	3.196834e+00
2.639677720098980e-02	3.196834e+00
2.640677720098980e-02	3.196834e+00
2.641677720098980e-02	3.196834e+00
2.642677720098981e-02	3.196834e+00
2.643677720098981e-02	3.196834e+00
2.644677720098981e-02	3.196834e+00
2.645677720098981e-02	3.196834e+00
2.646677720098981e-02	3.196834e+00
2.647677720098980e-02	3.196834e+00
2.648677720098980e-02	3.196834e+00
2.649677720098980e-02	3.196834e+00
2.650677720098980e-02	3.196834e+00
2.651677720098981e-02	3.196834e+00
2.652677720098981e-02	3.196834e+00
2.653677720098981e-02	3.196834e+00
2.654677720098981e-02	3.196834e+00
2.655677720098980e-02	3.196834e+00
2.656677720098980e-02	3.196834e+00
2.657677720098980e-02	3.196834e+00
2.658677720098980e-02	3.196834e+00
2.659677720098981e-02	3.196834e+00
2.660677720098981e-02	3.196834e+00
2.661677720098981e-02	3.196834e+00
2.662677720098981e-02	3.196834e+00
2.663677720098981e-02	3.196834e+00
2.664677720098980e-02	3.196834e+00
2.665677720098980e-02	3.196834e+00
2.666677720098980e-02	3.196834e+00
2.667677720098980e-02	3.196834e+00
2.668677720098981e-02	3.196834e+00
2.669677720098981e-02	3.196834e+00
2.670677720098981e-02	3.196834e+00
2.671677720098981e-02	3.196834e+00
2.672677720098980e-02	3.196834e+00
2.673677720098980e-02	3.196834e+00
2.674677720098980e-02	3.196834e+00
2.675677720098980e-02	3.196834e+00
2.676677720098980e-02	3.196834e+00
2.677677720098981e-02	3.196834e+00
2.678677720098981e-02	3.196834e+00
2.679677720098981e-02	3.196834e+00
2.680677720098981e-02	3.196834e+00
2.681677720098980e-02	3.196834e+00
2.682677720098980e-02	3.196834e+00
2.683677720098980e-02	3.196834e+00
2.684677720098980e-02	3.196834e+00
2.685677720098981e-02	3.196834e+00
2.686677720098981e-02	3.196834e+00
2.687677720098981e-02	3.196834e+00
2.688677720098981e-02	3.196834e+00
2.689677720098980e-02	3.196834e+00
2.690677720098980e-02	3.196834e+00
2.691677720098980e-02	3.196834e+00
2.692677720098980e-02	3.196834e+00
2.693677720098980e-02	3.196834e+00
2.694677720098981e-02	3.196834e+00
2.695677720098981e-02	3.196834e+00
2.696677720098981e-02	3.196834e+00
2.697677720098981e-02	3.196834e+00
2.698677720098980e-02	3.196834e+00
2.699677720098980e-02	3.196834e+00
2.700677720098980e-02	3.196834e+00
2.701677720098980e-02	3.196834e+00
2.702677720098981e-02	3.196834e+00
2.703677720098981e-02	3.196834e+00
2.704677720098981e-02	3.196834e+00
2.705677720098981e-02	3.196834e+00
2.706677720098980e-02	3.196834e+00
2.707677720098980e-02	3.196834e+00
2.708677720098980e-02	3.196834e+00
2.709677720098980e-02	3.196834e+00
2.710677720098980e-02	3.196834e+00
2.711677720098981e-02	3.196834e+00
2.712677720098981e-02	3.196834e+00
2.713677720098981e-02	3.196834e+00
2.714677720098981e-02	3.196834e+00
2.715677720098980e-02	3.196834e+00
2.716677720098980e-02	3.196834e+00
2.717677720098980e-02	3.196834e+00
2.718677720098980e-02	3.196834e+00
2.719677720098981e-02	3.196834e+00
2.720677720098981e-02	3.196834e+00
2.721677720098981e-02	3.196834e+00
2.722677720098981e-02	3.196834e+00
2.723677720098980e-02	3.196834e+00
2.724677720098980e-02	3.196834e+00
2.725677720098980e-02	3.196834e+00
2.726677720098980e-02	3.196834e+00
2.727677720098980e-02	3.196834e+00
2.728677720098981e-02	3.196834e+00
2.729677720098981e-02	3.196834e+00
2.730677720098981e-02	3.196834e+00
2.731677720098981e-02	3.196834e+00
2.732677720098980e-02	3.196834e+00
2.733677720098980e-02	3.196834e+00
2.734677720098980e-02	3.196834e+00
2.735677720098980e-02	3.196834e+00
2.736677720098981e-02	3.196834e+00
2.737677720098981e-02	3.196834e+00
2.738677720098981e-02	3.196834e+00
2.739677720098981e-02	3.196834e+00
2.740677720098980e-02	3.196834e+00
2.741677720098980e-02	3.196834e+00
2.742677720098980e-02	3.196834e+00
2.743677720098980e-02	3.196834e+00
2.744677720098980e-02	3.196834e+00
2.745677720098981e-02	3.196834e+00
2.746677720098981e-02	3.196834e+00
2.747677720098981e-02	3.196834e+00
2.748677720098981e-02	3.196834e+00
2.749677720098980e-02	3.196834e+00
2.750677720098980e-02	3.196834e+00
2.751677720098980e-02	3.196834e+00
2.752677720098980e-02	3.196834e+00
2.753677720098981e-02	3.196834e+00
2.754677720098981e-02	3.196834e+00
2.755677720098981e-02	3.196834e+00
2.756677720098981e-02	3.196834e+00
2.757677720098980e-02	3.196834e+00
2.758677720098980e-02	3.196834e+00
2.759677720098980e-02	3.196834e+00
2.760677720098980e-02	3.196834e+00
2.761677720098980e-02	3.196834e+00
2.762677720098981e-02	3.196834e+00
2.763677720098981e-02	3.196834e+00
2.764677720098981e-02	3.196834e+00
2.765677720098981e-02	3.196834e+00
2.766677720098980e-02	3.196834e+00
2.767677720098980e-02	3.196834e+00
2.768677720098980e-02	3.196834e+00
2.769677720098980e-02	3.196834e+00
2.770677720098981e-02	3.196834e+00
2.771677720098981e-02	3.196834e+00
2.772677720098981e-02	3.196834e+00
2.773677720098981e-02	3.196834e+00
2.774677720098980e-02	3.196834e+00
2.775677720098980e-02	3.196834e+00
2.776677720098980e-02	3.196834e+00
2.777677720098980e-02	3.196834e+00
2.778677720098980e-02	3.196834e+00
2.779677720098981e-02	3.196834e+00
2.780677720098981e-02	3.196834e+00
2.781677720098981e-02	3.196834e+00
2.782677720098981e-02	3.196834e+00
2.783677720098980e-02	3.196834e+00
2.784677720098980e-02	3.196834e+00
2.785677720098980e-02	3.196834e+00
2.786677720098980e-02	3.196834e+00
2.787677720098981e-02	3.196834e+00
2.788677720098981e-02	3.196834e+00
2.789677720098981e-02	3.196834e+00
2.790677720098981e-02	3.196834e+00
2.791677720098980e-02	3.196834e+00
2.792677720098980e-02	3.196834e+00
2.793677720098980e-02	3.196834e+00
2.794677720098980e-02	3.196834e+00
2.795677720098980e-02	3.196834e+00
2.796677720098981e-02	3.196834e+00
2.797677720098981e-02	3.196834e+00
2.798677720098981e-02	3.196834e+00
2.799677720098981e-02	3.196834e+00
2.800677720098980e-02	3.196834e+00
2.801677720098980e-02	3.196834e+00
2.802677720098980e-02	3.196834e+00
2.803677720098980e-02	3.196834e+00
2.804677720098980e-02	3.196834e+00
2.805677720098981e-02	3.196834e+00
2.806677720098981e-02	3.196834e+00
2.807677720098981e-02	3.196834e+00
2.808677720098980e-02	3.196834e+00
2.809677720098980e-02	3.196834e+00
2.810677720098980e-02	3.196834e+00
2.811677720098980e-02	3.196834e+00
2.812677720098980e-02	3.196834e+00
2.813677720098981e-02	3.196834e+00
2.814677720098981e-02	3.196834e+00
2.815677720098981e-02	3.196834e+00
2.816677720098981e-02	3.196834e+00
2.817677720098980e-02	3.196834e+00
2.818677720098980e-02	3.196834e+00
2.819677720098980e-02	3.196834e+00
2.820677720098980e-02	3.196834e+00
2.821677720098980e-02	3.196834e+00
2.822677720098981e-02	3.196834e+00
2.823677720098981e-02	3.196834e+00
2.824677720098981e-02	3.196834e+00
2.825677720098980e-02	3.196834e+00
2.826677720098980e-02	3.196834e+00
2.827677720098980e-02	3.196834e+00
2.828677720098980e-02	3.196834e+00
2.829677720098980e-02	3.196834e+00
2.830677720098981e-02	3.196834e+00
2.831677720098981e-02	3.196834e+00
2.832677720098981e-02	3.196834e+00
2.833677720098981e-02	3.196834e+00
2.834677720098980e-02	3.196834e+00
2.835677720098980e-02	3.196834e+00
2.836677720098980e-02	3.196834e+00
2.837677720098980e-02	3.196834e+00
2.838677720098980e-02	3.196834e+00
2.839677720098981e-02	3.196834e+00
2.840677720098981e-02	3.196834e+00
2.841677720098981e-02	3.196834e+00
2.842677720098980e-02	3.196834e+00
2.843677720098980e-02	3.196834e+00
2.844677720098980e-02	3.196834e+00
2.845677720098980e-02	3.196834e+00
2.846677720098980e-02	3.196834e+00
2.847677720098981e-02	3.196834e+00
2.848677720098981e-02	3.196834e+00
2.849677720098981e-02	3.196834e+00
2.850677720098981e-02	3.196834e+00
2.851677720098980e-02	3.196834e+00
2.852677720098980e-02	3.196834e+00
2.853677720098980e-02	3.196834e+00
2.854677720098980e-02	3.196834e+00
2.855677720098980e-02	3.196834e+00
2.856677720098981e-02	3.196834e+00
2.857677720098981e-02	3.196834e+00
2.858677720098981e-02	3.196834e+00
2.859677720098980e-02	3.196834e+00
2.860677720098980e-02	3.196834e+00
2.861677720098980e-02	3.196834e+00
2.862677720098980e-02	3.196834e+00
2.863677720098980e-02	3.196834e+00
2.864677720098981e-02	3.196834e+00
2.865677720098981e-02	3.196834e+00
2.866677720098981e-02	3.196834e+00
2.867677720098981e-02	3.196834e+00
2.868677720098980e-02	3.196834e+00
2.869677720098980e-02	3.196834e+00
2.870677720098980e-02	3.196834e+00
2.871677720098980e-02	3.196834e+00
2.872677720098980e-02	3.196834e+00
2.873677720098981e-02	3.196834e+00
2.874677720098981e-02	3.196834e+00
2.875677720098981e-02	3.196834e+00
2.876677720098980e-02	3.196834e+00
2.877677720098980e-02	3.196834e+00
2.878677720098980e-02	3.196834e+00
2.879677720098980e-02	3.196834e+00
2.880677720098980e-02	3.196834e+00
2.881677720098981e-02	3.196834e+00
2.882677720098981e-02	3.196834e+00
2.883677720098981e-02	3.196834e+00
2.884677720098981e-02	3.196834e+00
2.885677720098980e-02	3.196834e+00
2.886677720098980e-02	3.196834e+00
2.887677720098980e-02	3.196834e+00
2.888677720098980e-02	3.196834e+00
2.889677720098980e-02	3.196834e+00
2.890677720098981e-02	3.196834e+00
2.891677720098981e-02	3.196834e+00
2.892677720098981e-02	3.196834e+00
2.893677720098980e-02	3.196834e+00
2.894677720098980e-02	3.196834e+00
2.895677720098980e-02	3.196834e+00
2.896677720098980e-02	3.196834e+00
2.897677720098980e-02	3.196834e+00
2.898677720098981e-02	3.196834e+00
2.899677720098981e-02	3.196834e+00
2.900677720098981e-02	3.196834e+00
2.901677720098981e-02	3.196834e+00
2.902677720098980e-02	3.196834e+00
2.903677720098980e-02	3.196834e+00
2.904677720098980e-02	3.196834e+00
2.905677720098980e-02	3.196834e+00
2.906677720098980e-02	3.196834e+00
2.907677720098981e-02	3.196834e+00
2.908677720098981e-02	3.196834e+00
2.909677720098981e-02	3.196834e+00
2.910677720098981e-02	3.196834e+00
2.911677720098980e-02	3.196834e+00
2.912677720098980e-02	3.196834e+00
2.913677720098980e-02	3.196834e+00
2.914677720098980e-02	3.196834e+00
2.915677720098981e-02	3.196834e+00
2.916677720098981e-02	3.196834e+00
2.917677720098981e-02	3.196834e+00
2.918677720098981e-02	3.196834e+00
2.919677720098980e-02	3.196834e+00
2.920677720098980e-02	3.196834e+00
2.921677720098980e-02	3.196834e+00
2.922677720098980e-02	3.196834e+00
2.923677720098980e-02	3.196834e+00
2.924677720098981e-02	3.196834e+00
2.925677720098981e-02	3.196834e+00
2.926677720098981e-02	3.196834e+00
2.927677720098981e-02	3.196834e+00
2.928677720098980e-02	3.196834e+00
2.929677720098980e-02	3.196834e+00
2.930677720098980e-02	3.196834e+00
2.931677720098980e-02	3.196834e+00
2.932677720098980e-02	3.196834e+00
2.933677720098981e-02	3.196834e+00
2.934677720098981e-02	3.196834e+00
2.935677720098981e-02	3.196834e+00
2.936677720098980e-02	3.196834e+00
2.937677720098980e-02	3.196834e+00
2.938677720098980e-02	3.196834e+00
2.939677720098980e-02	3.196834e+00
2.940677720098980e-02	3.196834e+00
2.941677720098981e-02	3.196834e+00
2.942677720098981e-02	3.196834e+00
2.943677720098981e-02	3.196834e+00
2.944677720098981e-02	3.196834e+00
2.945677720098980e-02	3.196834e+00
2.946677720098980e-02	3.196834e+00
2.947677720098980e-02	3.196834e+00
2.948677720098980e-02	3.196834e+00
2.949677720098980e-02	3.196834e+00
2.950677720098981e-02	3.196834e+00
2.951677720098981e-02	3.196834e+00
2.952677720098981e-02	3.196834e+00
2.953677720098980e-02	3.196834e+00
2.954677720098980e-02	3.196834e+00
2.955677720098980e-02	3.196834e+00
2.956677720098980e-02	3.196834e+00
2.957677720098980e-02	3.196834e+00
2.958677720098981e-02	3.196834e+00
2.959677720098981e-02	3.196834e+00
2.960677720098981e-02	3.196834e+00
2.961677720098981e-02	3.196834e+00
2.962677720098980e-02	3.196834e+00
2.963677720098980e-02	3.196834e+00
2.964677720098980e-02	3.196834e+00
2.965677720098980e-02	3.196834e+00
2.966677720098980e-02	3.196834e+00
2.967677720098981e-02	3.196834e+00
2.968677720098981e-02	3.196834e+00
2.969677720098981e-02	3.196834e+00
2.970677720098980e-02	3.196834e+00
2.971677720098980e-02	3.196834e+00
2.972677720098980e-02	3.196834e+00
2.973677720098980e-02	3.196834e+00
2.974677720098980e-02	3.196834e+00
2.975677720098981e-02	3.196834e+00
2.976677720098981e-02	3.196834e+00
2.977677720098981e-02	3.196834e+00
2.978677720098981e-02	3.196834e+00
2.979677720098980e-02	3.196834e+00
2.980677720098980e-02	3.196834e+00
2.981677720098980e-02	3.196834e+00
2.982677720098980e-02	3.196834e+00
2.983677720098980e-02	3.196834e+00
2.984677720098981e-02	3.196834e+00
2.985677720098981e-02	3.196834e+00
2.986677720098981e-02	3.196834e+00
2.987677720098980e-02	3.196834e+00
2.988677720098980e-02	3.196834e+00
2.989677720098980e-02	3.196834e+00
2.990677720098980e-02	3.196834e+00
2.991677720098980e-02	3.196834e+00
2.992677720098981e-02	3.196834e+00
2.993677720098981e-02	3.196834e+00
2.994677720098981e-02	3.196834e+00
2.995677720098981e-02	3.196834e+00
2.996677720098980e-02	3.196834e+00
2.997677720098980e-02	3.196834e+00
2.998677720098980e-02	3.196834e+00
2.999677720098980e-02	3.196834e+00
3.000000000000000e-02	3.196834e+00
3.000000000100000e-02	3.196834e+00
3.000000000200000e-02	3.196834e+00
3.000000000440036e-02	3.196834e+00
3.000000000670974e-02	3.196834e+00
3.000000001132851e-02	3.196834e+00
3.000000002056605e-02	3.196834e+00
3.000000003904114e-02	3.196834e+00
3.000000007599130e-02	3.196834e+00
3.000000014989163e-02	3.196834e+00
3.000000029769228e-02	3.196834e+00
3.000000059329359e-02	3.196834e+00
3.000000118449621e-02	3.196834e+00
3.000000236690145e-02	3.196834e+00
3.000000473171193e-02	3.196834e+00
3.000000946133288e-02	3.196834e+00
3.000001768968501e-02	3.196834e+00
3.000002963189979e-02	3.196834e+00
3.000005351632935e-02	3.196834e+00
3.000010103205737e-02	3.196834e+00
3.000015403707845e-02	3.196834e+00
3.000020610070754e-02	3.196834e+00
3.000026208937374e-02	3.196834e+00
3.000031705948485e-02	3.196834e+00
3.000042699970708e-02	3.196834e+00
3.000045448476264e-02	3.196834e+00
3.000050945487375e-02	3.196834e+00
3.000061939509598e-02	3.196834e+00
3.000083927554045e-02	3.196834e+00
3.000118356381576e-02	3.196834e+00
3.000178016592210e-02	3.196834e+00
3.000250483769046e-02	3.196833e+00
3.000264184661770e-02	3.196833e+00
3.000291586447218e-02	3.196833e+00
3.000346390018114e-02	3.196832e+00
3.000455997159906e-02	3.196811e+00
3.000675211443489e-02	3.196616e+00
3.000928816038482e-02	3.195834e+00
3.001314868101228e-02	3.192376e+00
3.001670539385482e-02	3.185229e+00
3.002153262508234e-02	3.171054e+00
3.002610247528204e-02	3.156590e+00
3.003102303957532e-02	3.141090e+00
3.003615955962489e-02	3.124992e+00
3.004119375959072e-02	3.109313e+00
3.005119375959072e-02	3.078401e+00
3.006119375959072e-02	3.047760e+00
3.007119375959072e-02	3.017426e+00
3.008119375959072e-02	2.987395e+00
3.009119375959072e-02	2.957655e+00
3.010000000000000e-02	2.931655e+00
3.010000000100000e-02	2.931655e+00
3.010000001700000e-02	2.931655e+00
3.010000004900000e-02	2.931654e+00
3.010000011300000e-02	2.931654e+00
3.010000024100000e-02	2.931654e+00
3.010000049700000e-02	2.931653e+00
3.010000100900000e-02	2.931652e+00
3.010000203300000e-02	2.931649e+00
3.010000408100000e-02	2.931643e+00
3.010000817700000e-02	2.931631e+00
3.010001636899999e-02	2.931607e+00
3.010003275299998e-02	2.931559e+00
3.010006552099996e-02	2.931462e+00
3.010013105699992e-02	2.931271e+00
3.010026212899984e-02	2.930886e+00
3.010052427299968e-02	2.930118e+00
3.010104856099936e-02	2.928582e+00
3.010209713699873e-02	2.925514e+00
3.010419428899745e-02	2.919389e+00
3.010838859299490e-02	2.907188e+00
3.011677720098981e-02	2.882939e+00
3.012677720098981e-02	2.888253e+00
3.013677720098980e-02	3.020502e+00
3.014677720098980e-02	3.329847e+00
3.015677720098980e-02	3.740346e+00
3.016677720098980e-02	4.116049e+00
3.017677720098981e-02	4.365626e+00
3.018677720098981e-02	4.508257e+00
3.019677720098981e-02	4.606036e+00
3.020677720098981e-02	4.668624e+00
3.021677720098980e-02	4.692194e+00
3.022677720098980e-02	4.692765e+00
3.023677720098980e-02	4.683533e+00
3.024677720098980e-02	4.670085e+00
3.025677720098981e-02	4.655077e+00
3.026677720098981e-02	4.639828e+00
3.027677720098981e-02	4.625020e+00
3.028677720098981e-02	4.611087e+00
3.029677720098981e-02	4.598444e+00
3.030677720098980e-02	4.587882e+00
3.031677720098980e-02	4.581808e+00
3.032677720098980e-02	4.573202e+00
3.033677720098980e-02	4.534878e+00
3.034677720098981e-02	4.450929e+00
3.035677720098981e-02	4.339257e+00
3.036677720098981e-02	4.212059e+00
3.037677720098981e-02	4.052161e+00
3.038677720098980e-02	3.847310e+00
3.039677720098980e-02	3.614096e+00
3.040677720098980e-02	3.395634e+00
3.041677720098980e-02	3.250263e+00
3.042677720098980e-02	3.196411e+00
3.043677720098981e-02	3.190432e+00
3.044677720098981e-02	3.191547e+00
3.045677720098981e-02	3.191926e+00
3.046677720098981e-02	3.192374e+00
3.047677720098980e-02	3.192722e+00
3.048677720098980e-02	3.193035e+00
3.049677720098980e-02	3.193307e+00
3.050677720098980e-02	3.193547e+00
3.051677720098981e-02	3.193761e+00
3.052677720098981e-02	3.193953e+00
3.053677720098981e-02	3.194125e+00
3.054677720098981e-02	3.194280e+00
3.055677720098980e-02	3.194422e+00
3.056677720098980e-02	3.194551e+00
3.057677720098980e-02	3.194669e+00
3.058677720098980e-02	3.194780e+00
3.059677720098980e-02	3.194893e+00
3.060677720098981e-02	3.195013e+00
3.061677720098981e-02	3.195135e+00
3.062677720098981e-02	3.195255e+00
3.063677720098981e-02	3.195368e+00
3.064677720098980e-02	3.195474e+00
3.065677720098980e-02	3.195572e+00
3.066677720098980e-02	3.195662e+00
3.067677720098980e-02	3.195745e+00
3.068677720098981e-02	3.195820e+00
3.069677720098981e-02	3.195889e+00
3.070677720098981e-02	3.195952e+00
3.071677720098981e-02	3.196009e+00
3.072677720098980e-02	3.196061e+00
3.073677720098980e-02	3.196109e+00
3.074677720098980e-02	3.196152e+00
3.075677720098980e-02	3.196193e+00
3.076677720098980e-02	3.196229e+00
3.077677720098981e-02	3.196262e+00
3.078677720098981e-02	3.196293e+00
3.079677720098981e-02	3.196321e+00
3.080677720098981e-02	3.196347e+00
3.081677720098980e-02	3.196371e+00
3.082677720098980e-02	3.196393e+00
3.083677720098980e-02	3.196413e+00
3.084677720098980e-02	3.196432e+00
3.085677720098981e-02	3.196449e+00
3.086677720098981e-02	3.196465e+00
3.087677720098981e-02	3.196479e+00
3.088677720098981e-02	3.196493e+00
3.089677720098980e-02	3.196506e+00
3.090677720098980e-02	3.196517e+00
3.091677720098980e-02	3.196528e+00
3.092677720098980e-02	3.196538e+00
3.093677720098980e-02	3.196548e+00
3.094677720098981e-02	3.196557e+00
3.095677720098981e-02	3.196564e+00
3.096677720098981e-02	3.196572e+00
3.097677720098981e-02	3.196579e+00
3.098677720098980e-02	3.196585e+00
3.099677720098980e-02	3.196591e+00
3.100000000100000e-02	3.196593e+00
3.100000000200000e-02	3.196593e+00
3.100000001800000e-02	3.196593e+00
3.100000005000000e-02	3.196593e+00
3.100000011400000e-02	3.196593e+00
3.100000024200000e-02	3.196593e+00
3.100000049800000e-02	3.196593e+00
3.100000101000000e-02	3.196593e+00
3.100000203400000e-02	3.196593e+00
3.100000408200000e-02	3.196593e+00
3.100000817800000e-02	3.196593e+00
3.100001636999999e-02	3.196594e+00
3.100003275399998e-02	3.196593e+00
3.100006552199996e-02	3.196593e+00
3.100013105799992e-02	3.196593e+00
3.100026212999984e-02	3.196593e+00
3.100052427399968e-02	3.196594e+00
3.100104856199936e-02	3.196594e+00
3.100209713799873e-02	3.196594e+00
3.100419428999745e-02	3.196595e+00
3.100838859399490e-02	3.196598e+00
3.101677720198981e-02	3.196602e+00
3.102677720198981e-02	3.196607e+00
3.103677720198980e-02	3.196611e+00
3.104677720198980e-02	3.196616e+00
3.105677720198980e-02	3.196620e+00
3.106677720198981e-02	3.196623e+00
3.107677720198981e-02	3.196626e+00
3.108677720198981e-02	3.196630e+00
3.109677720198981e-02	3.196632e+00
3.110677720198981e-02	3.196635e+00
3.111677720198981e-02	3.196638e+00
3.112677720198980e-02	3.196640e+00
3.113677720198980e-02	3.196642e+00
3.114677720198981e-02	3.196645e+00
3.115677720198981e-02	3.196647e+00
3.116677720198981e-02	3.196649e+00
3.117677720198981e-02	3.196650e+00
3.118677720198981e-02	3.196651e+00
3.119677720198981e-02	3.196653e+00
3.120677720198980e-02	3.196655e+00
3.121677720198980e-02	3.196656e+00
3.122677720198980e-02	3.196657e+00
3.123677720198981e-02	3.196659e+00
3.124677720198981e-02	3.196660e+00
3.125677720198981e-02	3.196661e+00
3.126677720198980e-02	3.196662e+00
3.127677720198981e-02	3.196663e+00
3.128677720198981e-02	3.196664e+00
3.129677720198980e-02	3.196664e+00
3.130677720198981e-02	3.196666e+00
3.131677720198980e-02	3.196666e+00
3.132677720198981e-02	3.196667e+00
3.133677720198980e-02	3.196667e+00
3.134677720198981e-02	3.196668e+00
3.135677720198980e-02	3.196668e+00
3.136677720198981e-02	3.196669e+00
3.137677720198981e-02	3.196670e+00
3.138677720198980e-02	3.196670e+00
3.139677720198981e-02	3.196671e+00
3.140677720198980e-02	3.196671e+00
3.141677720198981e-02	3.196671e+00
3.142677720198980e-02	3.196671e+00
3.143677720198981e-02	3.196672e+00
3.144677720198981e-02	3.196672e+00
3.145677720198981e-02	3.196673e+00
3.146677720198981e-02	3.196673e+00
3.147677720198980e-02	3.196673e+00
3.148677720198981e-02	3.196673e+00
3.149677720198980e-02	3.196674e+00
3.150677720198981e-02	3.196674e+00
3.151677720198980e-02	3.196674e+00
3.152677720198981e-02	3.196674e+00
3.153677720198981e-02	3.196675e+00
3.154677720198980e-02	3.196675e+00
3.155677720198981e-02	3.196675e+00
3.156677720198980e-02	3.196676e+00
3.157677720198981e-02	3.196675e+00
3.158677720198980e-02	3.196676e+00
3.159677720198981e-02	3.196676e+00
3.160677720198980e-02	3.196676e+00
3.161677720198981e-02	3.196677e+00
3.162677720198981e-02	3.196677e+00
3.163677720198980e-02	3.196677e+00
3.164677720198981e-02	3.196677e+00
3.165677720198980e-02	3.196677e+00
3.166677720198981e-02	3.196677e+00
3.167677720198980e-02	3.196677e+00
3.168677720198981e-02	3.196677e+00
3.169677720198980e-02	3.196678e+00
3.170677720198981e-02	3.196677e+00
3.171677720198981e-02	3.196678e+00
3.172677720198980e-02	3.196678e+00
3.173677720198981e-02	3.196678e+00
3.174677720198980e-02	3.196678e+00
3.175677720198981e-02	3.196678e+00
3.176677720198980e-02	3.196678e+00
3.177677720198981e-02	3.196678e+00
3.178677720198981e-02	3.196679e+00
3.179677720198981e-02	3.196679e+00
3.180677720198981e-02	3.196679e+00
3.181677720198980e-02	3.196679e+00
3.182677720198981e-02	3.196679e+00
3.183677720198980e-02	3.196679e+00
3.184677720198981e-02	3.196679e+00
3.185677720198980e-02	3.196679e+00
3.186677720198981e-02	3.196680e+00
3.187677720198981e-02	3.196679e+00
3.188677720198980e-02	3.196679e+00
3.189677720198981e-02	3.196679e+00
3.190677720198980e-02	3.196680e+00
3.191677720198981e-02	3.196680e+00
3.192677720198980e-02	3.196680e+00
3.193677720198981e-02	3.196680e+00
3.194677720198980e-02	3.196680e+00
3.195677720198981e-02	3.196680e+00
3.196677720198981e-02	3.196680e+00
3.197677720198980e-02	3.196680e+00
3.198677720198981e-02	3.196681e+00
3.199677720198980e-02	3.196680e+00
3.200677720198981e-02	3.196681e+00
3.201677720198980e-02	3.196681e+00
3.202677720198981e-02	3.196680e+00
3.203677720198980e-02	3.196681e+00
3.204677720198981e-02	3.196681e+00
3.205677720198981e-02	3.196681e+00
3.206677720198980e-02	3.196681e+00
3.207677720198981e-02	3.196681e+00
3.208677720198980e-02	3.196681e+00
3.209677720198981e-02	3.196681e+00
3.210677720198980e-02	3.196681e+00
3.211677720198981e-02	3.196681e+00
3.212677720198980e-02	3.196681e+00
3.213677720198981e-02	3.196681e+00
3.214677720198981e-02	3.196681e+00
3.215677720198980e-02	3.196681e+00
3.216677720198981e-02	3.196682e+00
3.217677720198980e-02	3.196682e+00
3.218677720198981e-02	3.196682e+00
3.219677720198980e-02	3.196682e+00
3.220677720198981e-02	3.196682e+00
3.221677720198981e-02	3.196682e+00
3.222677720198980e-02	3.196682e+00
3.223677720198981e-02	3.196682e+00
3.224677720198980e-02	3.196682e+00
3.225677720198981e-02	3.196682e+00
3.226677720198980e-02	3.196682e+00
3.227677720198981e-02	3.196682e+00
3.228677720198980e-02	3.196682e+00
3.229677720198981e-02	3.196682e+00
3.230677720198981e-02	3.196682e+00
3.231677720198980e-02	3.196683e+00
3.232677720198981e-02	3.196683e+00
3.233677720198980e-02	3.196683e+00
3.234677720198981e-02	3.196682e+00
3.235677720198980e-02	3.196683e+00
3.236677720198981e-02	3.196683e+00
3.237677720198980e-02	3.196683e+00
3.238677720198981e-02	3.196683e+00
3.239677720198981e-02	3.196683e+00
3.240677720198980e-02	3.196683e+00
3.241677720198981e-02	3.196683e+00
3.242677720198980e-02	3.196684e+00
3.243677720198981e-02	3.196683e+00
3.244677720198980e-02	3.196683e+00
3.245677720198981e-02	3.196683e+00
3.246677720198980e-02	3.196683e+00
3.247677720198981e-02	3.196684e+00
3.248677720198981e-02	3.196683e+00
3.249677720198980e-02	3.196683e+00
3.250677720198981e-02	3.196683e+00
3.251677720198980e-02	3.196684e+00
3.252677720198981e-02	3.196684e+00
3.253677720198980e-02	3.196684e+00
3.254677720198981e-02	3.196684e+00
3.255677720198981e-02	3.196684e+00
3.256677720198980e-02	3.196684e+00
3.257677720198981e-02	3.196684e+00
3.258677720198980e-02	3.196684e+00
3.259677720198981e-02	3.196684e+00
3.260677720198980e-02	3.196684e+00
3.261677720198981e-02	3.196684e+00
3.262677720198980e-02	3.196684e+00
3.263677720198981e-02	3.196684e+00
3.264677720198981e-02	3.196684e+00
3.265677720198980e-02	3.196684e+00
3.266677720198981e-02	3.196684e+00
3.267677720198980e-02	3.196684e+00
3.268677720198981e-02	3.196684e+00
3.269677720198980e-02	3.196684e+00
3.270677720198981e-02	3.196684e+00
3.271677720198980e-02	3.196684e+00
3.272677720198981e-02	3.196684e+00
3.273677720198981e-02	3.196684e+00
3.274677720198980e-02	3.196684e+00
3.275677720198981e-02	3.196684e+00
3.276677720198980e-02	3.196684e+00
3.277677720198981e-02	3.196684e+00
3.278677720198980e-02	3.196685e+00
3.279677720198981e-02	3.196685e+00
3.280677720198980e-02	3.196685e+00
3.281677720198981e-02	3.196684e+00
3.282677720198981e-02	3.196685e+00
3.283677720198980e-02	3.196685e+00
3.284677720198981e-02	3.196685e+00
3.285677720198980e-02	3.196685e+00
3.286677720198981e-02	3.196685e+00
3.287677720198980e-02	3.196685e+00
3.288677720198981e-02	3.196685e+00
3.289677720198981e-02	3.196685e+00
3.290677720198980e-02	3.196685e+00
3.291677720198981e-02	3.196685e+00
3.292677720198980e-02	3.196685e+00
3.293677720198981e-02	3.196685e+00
3.294677720198980e-02	3.196685e+00
3.295677720198981e-02	3.196685e+00
3.296677720198980e-02	3.196685e+00
3.297677720198981e-02	3.196685e+00
3.298677720198981e-02	3.196685e+00
3.299677720198980e-02	3.196685e+00
3.300677720198981e-02	3.196685e+00
3.301677720198980e-02	3.196685e+00
3.302677720198981e-02	3.196685e+00
3.303677720198980e-02	3.196685e+00
3.304677720198981e-02	3.196685e+00
3.305677720198980e-02	3.196685e+00
3.306677720198981e-02	3.196685e+00
3.307677720198981e-02	3.196685e+00
3.308677720198980e-02	3.196685e+00
3.309677720198981e-02	3.196685e+00
3.310677720198980e-02	3.196685e+00
3.311677720198981e-02	3.196685e+00
3.312677720198980e-02	3.196685e+00
3.313677720198981e-02	3.196685e+00
3.314677720198980e-02	3.196685e+00
3.315677720198981e-02	3.196685e+00
3.316677720198981e-02	3.196685e+00
3.317677720198980e-02	3.196685e+00
3.318677720198981e-02	3.196685e+00
3.319677720198980e-02	3.196686e+00
3.320677720198981e-02	3.196685e+00
3.321677720198980e-02	3.196685e+00
3.322677720198981e-02	3.196685e+00
3.323677720198981e-02	3.196686e+00
3.324677720198981e-02	3.196685e+00
3.325677720198981e-02	3.196686e+00
3.326677720198980e-02	3.196686e+00
3.327677720198981e-02	3.196686e+00
3.328677720198980e-02	3.196685e+00
3.329677720198981e-02	3.196686e+00
3.330677720198980e-02	3.196685e+00
3.331677720198981e-02	3.196686e+00
3.332677720198981e-02	3.196686e+00
3.333677720198980e-02	3.196685e+00
3.334677720198981e-02	3.196686e+00
3.335677720198980e-02	3.196686e+00
3.336677720198981e-02	3.196686e+00
3.337677720198980e-02	3.196686e+00
3.338677720198981e-02	3.196686e+00
3.339677720198980e-02	3.196685e+00
3.340677720198981e-02	3.196686e+00
3.341677720198981e-02	3.196686e+00
3.342677720198980e-02	3.196686e+00
3.343677720198981e-02	3.196686e+00
3.344677720198980e-02	3.196686e+00
3.345677720198981e-02	3.196686e+00
3.346677720198980e-02	3.196686e+00
3.347677720198981e-02	3.196686e+00
3.348677720198980e-02	3.196686e+00
3.349677720198981e-02	3.196686e+00
3.350677720198981e-02	3.196686e+00
3.351677720198980e-02	3.196686e+00
3.352677720198981e-02	3.196686e+00
3.353677720198980e-02	3.196686e+00
3.354677720198981e-02	3.196686e+00
3.355677720198980e-02	3.196686e+00
3.356677720198981e-02	3.196686e+00
3.357677720198980e-02	3.196686e+00
3.358677720198981e-02	3.196686e+00
3.359677720198981e-02	3.196686e+00
3.360677720198980e-02	3.196686e+00
3.361677720198981e-02	3.196686e+00
3.362677720198980e-02	3.196686e+00
3.363677720198981e-02	3.196686e+00
3.364677720198980e-02	3.196686e+00
3.365677720198981e-02	3.196686e+00
3.366677720198981e-02	3.196686e+00
3.367677720198980e-02	3.196686e+00
3.368677720198981e-02	3.196686e+00
3.369677720198980e-02	3.196686e+00
3.370677720198981e-02	3.196686e+00
3.371677720198980e-02	3.196686e+00
3.372677720198981e-02	3.196686e+00
3.373677720198980e-02	3.196686e+00
3.374677720198981e-02	3.196686e+00
3.375677720198981e-02	3.196686e+00
3.376677720198980e-02	3.196686e+00
3.377677720198981e-02	3.196686e+00
3.378677720198980e-02	3.196686e+00
3.379677720198981e-02	3.196686e+00
3.380677720198980e-02	3.196686e+00
3.381677720198981e-02	3.196686e+00
3.382677720198980e-02	3.196686e+00
3.383677720198981e-02	3.196686e+00
3.384677720198981e-02	3.196686e+00
3.385677720198980e-02	3.196686e+00
3.386677720198981e-02	3.196686e+00
3.387677720198980e-02	3.196686e+00
3.388677720198981e-02	3.196686e+00
3.389677720198980e-02	3.196686e+00
3.390677720198981e-02	3.196686e+00
3.391677720198980e-02	3.196686e+00
3.392677720198981e-02	3.196686e+00
3.393677720198981e-02	3.196686e+00
3.394677720198980e-02	3.196686e+00
3.395677720198981e-02	3.196686e+00
3.396677720198980e-02	3.196686e+00
3.397677720198981e-02	3.196686e+00
3.398677720198980e-02	3.196686e+00
3.399677720198981e-02	3.196686e+00
3.400677720198981e-02	3.196686e+00
3.401677720198980e-02	3.196686e+00
3.402677720198981e-02	3.196686e+00
3.403677720198980e-02	3.196686e+00
3.404677720198981e-02	3.196686e+00
3.405677720198980e-02	3.196686e+00
3.406677720198981e-02	3.196686e+00
3.407677720198980e-02	3.196686e+00
3.408677720198981e-02	3.196686e+00
3.409677720198981e-02	3.196686e+00
3.410677720198980e-02	3.196686e+00
3.411677720198981e-02	3.196686e+00
3.412677720198980e-02	3.196686e+00
3.413677720198981e-02	3.196686e+00
3.414677720198980e-02	3.196686e+00
3.415677720198981e-02	3.196686e+00
3.416677720198980e-02	3.196686e+00
3.417677720198981e-02	3.196686e+00
3.418677720198981e-02	3.196686e+00
3.419677720198980e-02	3.196686e+00
3.420677720198981e-02	3.196686e+00
3.421677720198980e-02	3.196686e+00
3.422677720198981e-02	3.196686e+00
3.423677720198980e-02	3.196687e+00
3.424677720198981e-02	3.196686e+00
3.425677720198980e-02	3.196686e+00
3.426677720198981e-02	3.196686e+00
3.427677720198981e-02	3.196686e+00
3.428677720198980e-02	3.196686e+00
3.429677720198981e-02	3.196687e+00
3.430677720198980e-02	3.196686e+00
3.431677720198981e-02	3.196686e+00
3.432677720198980e-02	3.196687e+00
3.433677720198981e-02	3.196686e+00
3.434677720198981e-02	3.196687e+00
3.435677720198980e-02	3.196686e+00
3.436677720198981e-02	3.196686e+00
3.437677720198980e-02	3.196687e+00
3.438677720198981e-02	3.196686e+00
3.439677720198980e-02	3.196686e+00
3.440677720198981e-02	3.196686e+00
3.441677720198980e-02	3.196686e+00
3.442677720198981e-02	3.196686e+00
3.443677720198981e-02	3.196686e+00
3.444677720198980e-02	3.196686e+00
3.445677720198981e-02	3.196686e+00
3.446677720198980e-02	3.196686e+00
3.447677720198981e-02	3.196687e+00
3.448677720198980e-02	3.196686e+00
3.449677720198981e-02	3.196686e+00
3.450677720198980e-02	3.196686e+00
3.451677720198981e-02	3.196686e+00
3.452677720198981e-02	3.196686e+00
3.453677720198980e-02	3.196686e+00
3.454677720198981e-02	3.196686e+00
3.455677720198980e-02	3.196687e+00
3.456677720198981e-02	3.196686e+00
3.457677720198980e-02	3.196686e+00
3.458677720198981e-02	3.196686e+00
3.459677720198980e-02	3.196686e+00
3.460677720198981e-02	3.196686e+00
3.461677720198981e-02	3.196687e+00
3.462677720198980e-02	3.196687e+00
3.463677720198981e-02	3.196687e+00
3.464677720198980e-02	3.196686e+00
3.465677720198981e-02	3.196686e+00
3.466677720198980e-02	3.196686e+00
3.467677720198981e-02	3.196686e+00
3.468677720198980e-02	3.196687e+00
3.469677720198980e-02	3.196686e+00
3.470677720198981e-02	3.196686e+00
3.471677720198980e-02	3.196687e+00
3.472677720198981e-02	3.196686e+00
3.473677720198980e-02	3.196686e+00
3.474677720198981e-02	3.196687e+00
3.475677720198980e-02	3.196686e+00
3.476677720198981e-02	3.196687e+00
3.477677720198981e-02	3.196686e+00
3.478677720198980e-02	3.196686e+00
3.479677720198981e-02	3.196687e+00
3.480677720198980e-02	3.196686e+00
3.481677720198981e-02	3.196686e+00
3.482677720198980e-02	3.196687e+00
3.483677720198981e-02	3.196687e+00
3.484677720198980e-02	3.196686e+00
3.485677720198981e-02	3.196686e+00
3.486677720198981e-02	3.196686e+00
3.487677720198980e-02	3.196686e+00
3.488677720198981e-02	3.196687e+00
3.489677720198980e-02	3.196687e+00
3.490677720198981e-02	3.196687e+00
3.491677720198980e-02	3.196687e+00
3.492677720198981e-02	3.196687e+00
3.493677720198980e-02	3.196687e+00
3.494677720198981e-02	3.196686e+00
3.495677720198981e-02	3.196686e+00
3.496677720198980e-02	3.196686e+00
3.497677720198981e-02	3.196686e+00
3.498677720198980e-02	3.196687e+00
3.499677720198981e-02	3.196687e+00
3.500677720198980e-02	3.196686e+00
3.501677720198981e-02	3.196686e+00
3.502677720198980e-02	3.196687e+00
3.503677720198980e-02	3.196687e+00
3.504677720198981e-02	3.196686e+00
3.505677720198980e-02	3.196687e+00
3.506677720198981e-02	3.196686e+00
3.507677720198980e-02	3.196686e+00
3.508677720198981e-02	3.196687e+00
3.509677720198980e-02	3.196686e+00
3.510677720198981e-02	3.196687e+00
3.511677720198981e-02	3.196686e+00
3.512677720198980e-02	3.196687e+00
3.513677720198981e-02	3.196686e+00
3.514677720198980e-02	3.196687e+00
3.515677720198981e-02	3.196687e+00
3.516677720198980e-02	3.196686e+00
3.517677720198981e-02	3.196687e+00
3.518677720198980e-02	3.196686e+00
3.519677720198981e-02	3.196686e+00
3.520677720198981e-02	3.196687e+00
3.521677720198980e-02	3.196686e+00
3.522677720198981e-02	3.196686e+00
3.523677720198980e-02	3.196687e+00
3.524677720198981e-02	3.196687e+00
3.525677720198980e-02	3.196686e+00
3.526677720198981e-02	3.196686e+00
3.527677720198980e-02	3.196686e+00
3.528677720198981e-02	3.196687e+00
3.529677720198981e-02	3.196687e+00
3.530677720198980e-02	3.196687e+00
3.531677720198981e-02	3.196686e+00
3.532677720198980e-02	3.196686e+00
3.533677720198981e-02	3.196686e+00
3.534677720198980e-02	3.196686e+00
3.535677720198981e-02	3.196686e+00
3.536677720198980e-02	3.196686e+00
3.537677720198980e-02	3.196687e+00
3.538677720198981e-02	3.196687e+00
3.539677720198980e-02	3.196687e+00
3.540677720198981e-02	3.196687e+00
3.541677720198980e-02	3.196687e+00
3.542677720198981e-02	3.196686e+00
3.543677720198980e-02	3.196686e+00
3.544677720198981e-02	3.196686e+00
3.545677720198981e-02	3.196686e+00
3.546677720198980e-02	3.196686e+00
3.547677720198981e-02	3.196686e+00
3.548677720198980e-02	3.196687e+00
3.549677720198981e-02	3.196687e+00
3.550677720198980e-02	3.196687e+00
3.551677720198981e-02	3.196687e+00
3.552677720198980e-02	3.196686e+00
3.553677720198981e-02	3.196686e+00
3.554677720198981e-02	3.196686e+00
3.555677720198980e-02	3.196687e+00
3.556677720198981e-02	3.196687e+00
3.557677720198980e-02	3.196686e+00
3.558677720198981e-02	3.196686e+00
3.559677720198980e-02	3.196687e+00
3.560677720198981e-02	3.196687e+00
3.561677720198980e-02	3.196686e+00
3.562677720198981e-02	3.196686e+00
3.563677720198981e-02	3.196687e+00
3.564677720198980e-02	3.196687e+00
3.565677720198981e-02	3.196686e+00
3.566677720198980e-02	3.196687e+00
3.567677720198981e-02	3.196687e+00
3.568677720198980e-02	3.196686e+00
3.569677720198981e-02	3.196687e+00
3.570677720198980e-02	3.196687e+00
3.571677720198980e-02	3.196686e+00
3.572677720198981e-02	3.196687e+00
3.573677720198980e-02	3.196686e+00
3.574677720198981e-02	3.196686e+00
3.575677720198980e-02	3.196687e+00
3.576677720198981e-02	3.196686e+00
3.577677720198980e-02	3.196687e+00
3.578677720198981e-02	3.196686e+00
3.579677720198981e-02	3.196687e+00
3.580677720198980e-02	3.196687e+00
3.581677720198981e-02	3.196686e+00
3.582677720198980e-02	3.196687e+00
3.583677720198981e-02	3.196686e+00
3.584677720198980e-02	3.196687e+00
3.585677720198981e-02	3.196686e+00
3.586677720198980e-02	3.196687e+00
3.587677720198981e-02	3.196686e+00
3.588677720198981e-02	3.196687e+00
3.589677720198980e-02	3.196686e+00
3.590677720198981e-02	3.196687e+00
3.591677720198980e-02	3.196686e+00
3.592677720198981e-02	3.196687e+00
3.593677720198980e-02	3.196686e+00
3.594677720198981e-02	3.196687e+00
3.595677720198980e-02	3.196686e+00
3.596677720198981e-02	3.196687e+00
3.597677720198981e-02	3.196687e+00
3.598677720198980e-02	3.196686e+00
3.599677720198981e-02	3.196687e+00
3.600677720198980e-02	3.196686e+00
3.601677720198981e-02	3.196687e+00
3.602677720198980e-02	3.196686e+00
3.603677720198981e-02	3.196687e+00
3.604677720198980e-02	3.196687e+00
3.605677720198981e-02	3.196686e+00
3.606677720198981e-02	3.196687e+00
3.607677720198980e-02	3.196686e+00
3.608677720198981e-02	3.196686e+00
3.609677720198980e-02	3.196687e+00
3.610677720198981e-02	3.196686e+00
3.611677720198980e-02	3.196687e+00
3.612677720198981e-02	3.196687e+00
3.613677720198980e-02	3.196686e+00
3.614677720198980e-02	3.196687e+00
3.615677720198981e-02	3.196687e+00
3.616677720198980e-02	3.196686e+00
3.617677720198981e-02	3.196687e+00
3.618677720198980e-02	3.196687e+00
3.619677720198981e-02	3.196686e+00
3.620677720198980e-02	3.196687e+00
3.621677720198981e-02	3.196687e+00
3.622677720198981e-02	3.196686e+00
3.623677720198980e-02	3.196687e+00
3.624677720198981e-02	3.196687e+00
3.625677720198980e-02	3.196686e+00
3.626677720198981e-02	3.196686e+00
3.627677720198980e-02	3.196687e+00
3.628677720198981e-02	3.196687e+00
3.629677720198980e-02	3.196686e+00
3.630677720198981e-02	3.196687e+00
3.631677720198981e-02	3.196687e+00
3.632677720198980e-02	3.196687e+00
3.633677720198981e-02	3.196686e+00
3.634677720198980e-02	3.196687e+00
3.635677720198981e-02	3.196687e+00
3.636677720198980e-02	3.196686e+00
3.637677720198981e-02	3.196686e+00
3.638677720198980e-02	3.196687e+00
3.639677720198981e-02	3.196687e+00
3.640677720198981e-02	3.196687e+00
3.641677720198980e-02	3.196686e+00
3.642677720198981e-02	3.196687e+00
3.643677720198980e-02	3.196687e+00
3.644677720198981e-02	3.196687e+00
3.645677720198980e-02	3.196686e+00
3.646677720198981e-02	3.196686e+00
3.647677720198980e-02	3.196687e+00
3.648677720198980e-02	3.196687e+00
3.649677720198981e-02	3.196687e+00
3.650677720198980e-02	3.196686e+00
3.651677720198981e-02	3.196687e+00
3.652677720198980e-02	3.196687e+00
3.653677720198981e-02	3.196687e+00
3.654677720198980e-02	3.196686e+00
3.655677720198981e-02	3.196686e+00
3.656677720198981e-02	3.196687e+00
3.657677720198980e-02	3.196687e+00
3.658677720198981e-02	3.196687e+00
3.659677720198980e-02	3.196687e+00
3.660677720198981e-02	3.196686e+00
3.661677720198980e-02	3.196686e+00
3.662677720198981e-02	3.196687e+00
3.663677720198980e-02	3.196687e+00
3.664677720198981e-02	3.196687e+00
3.665677720198981e-02	3.196687e+00
3.666677720198980e-02	3.196686e+00
3.667677720198981e-02	3.196686e+00
3.668677720198980e-02	3.196687e+00
3.669677720198981e-02	3.196687e+00
3.670677720198980e-02	3.196687e+00
3.671677720198981e-02	3.196687e+00
3.672677720198980e-02	3.196686e+00
3.673677720198981e-02	3.196686e+00
3.674677720198981e-02	3.196687e+00
3.675677720198980e-02	3.196687e+00
3.676677720198981e-02	3.196687e+00
3.677677720198980e-02	3.196687e+00
3.678677720198981e-02	3.196687e+00
3.679677720198980e-02	3.196686e+00
3.680677720198981e-02	3.196686e+00
3.681677720198980e-02	3.196686e+00
3.682677720198980e-02	3.196687e+00
3.683677720198981e-02	3.196687e+00
3.684677720198980e-02	3.196687e+00
3.685677720198981e-02	3.196687e+00
3.686677720198980e-02	3.196687e+00
3.687677720198981e-02	3.196686e+00
3.688677720198980e-02	3.196686e+00
3.689677720198981e-02	3.196686e+00
3.690677720198981e-02	3.196687e+00
3.691677720198980e-02	3.196687e+00
3.692677720198981e-02	3.196687e+00
3.693677720198980e-02	3.196687e+00
3.694677720198981e-02	3.196687e+00
3.695677720198980e-02	3.196686e+00
3.696677720198981e-02	3.196686e+00
3.697677720198980e-02	3.196686e+00
3.698677720198981e-02	3.196686e+00
3.699677720198981e-02	3.196687e+00
3.700677720198980e-02	3.196687e+00
3.701677720198981e-02	3.196687e+00
3.702677720198980e-02	3.196687e+00
3.703677720198981e-02	3.196687e+00
3.704677720198980e-02	3.196687e+00
3.705677720198981e-02	3.196686e+00
3.706677720198980e-02	3.196686e+00
3.707677720198981e-02	3.196686e+00
3.708677720198981e-02	3.196686e+00
3.709677720198980e-02	3.196687e+00
3.710677720198981e-02	3.196687e+00
3.711677720198980e-02	3.196687e+00
3.712677720198981e-02	3.196687e+00
3.713677720198980e-02	3.196687e+00
3.714677720198981e-02	3.196687e+00
3.715677720198980e-02	3.196687e+00
3.716677720198980e-02	3.196686e+00
3.717677720198981e-02	3.196686e+00
3.718677720198980e-02	3.196686e+00
3.719677720198981e-02	3.196686e+00
3.720677720198980e-02	3.196686e+00
3.721677720198981e-02	3.196687e+00
3.722677720198980e-02	3.196687e+00
3.723677720198981e-02	3.196687e+00
3.724677720198980e-02	3.196687e+00
3.725677720198980e-02	3.196687e+00
3.726677720198981e-02	3.196687e+00
3.727677720198980e-02	3.196687e+00
3.728677720198981e-02	3.196687e+00
3.729677720198980e-02	3.196687e+00
3.730677720198981e-02	3.196686e+00
3.731677720198980e-02	3.196686e+00
3.732677720198981e-02	3.196686e+00
3.733677720198981e-02	3.196686e+00
3.734677720198980e-02	3.196686e+00
3.735677720198981e-02	3.196686e+00
3.736677720198980e-02	3.196687e+00
3.737677720198981e-02	3.196687e+00
3.738677720198980e-02	3.196687e+00
3.739677720198981e-02	3.196687e+00
3.740677720198980e-02	3.196687e+00
3.741677720198981e-02	3.196687e+00
3.742677720198981e-02	3.196687e+00
3.743677720198980e-02	3.196687e+00
3.744677720198981e-02	3.196687e+00
3.745677720198980e-02	3.196687e+00
3.746677720198981e-02	3.196687e+00
3.747677720198980e-02	3.196686e+00
3.748677720198981e-02	3.196686e+00
3.749677720198980e-02	3.196686e+00
3.750677720198980e-02	3.196686e+00
3.751677720198981e-02	3.196686e+00
3.752677720198980e-02	3.196686e+00
3.753677720198981e-02	3.196686e+00
3.754677720198980e-02	3.196687e+00
3.755677720198981e-02	3.196687e+00
3.756677720198980e-02	3.196687e+00
3.757677720198981e-02	3.196687e+00
3.758677720198980e-02	3.196687e+00
3.759677720198980e-02	3.196687e+00
3.760677720198981e-02	3.196687e+00
3.761677720198980e-02	3.196687e+00
3.762677720198981e-02	3.196687e+00
3.763677720198980e-02	3.196687e+00
3.764677720198981e-02	3.196687e+00
3.765677720198980e-02	3.196687e+00
3.766677720198981e-02	3.196687e+00
3.767677720198981e-02	3.196687e+00
3.768677720198980e-02	3.196687e+00
3.769677720198981e-02	3.196687e+00
3.770677720198980e-02	3.196686e+00
3.771677720198981e-02	3.196686e+00
3.772677720198980e-02	3.196686e+00
3.773677720198981e-02	3.196686e+00
3.774677720198980e-02	3.196686e+00
3.775677720198981e-02	3.196686e+00
3.776677720198981e-02	3.196686e+00
3.777677720198980e-02	3.196686e+00
3.778677720198981e-02	3.196686e+00
3.779677720198980e-02	3.196686e+00
3.780677720198981e-02	3.196687e+00
3.781677720198980e-02	3.196687e+00
3.782677720198981e-02	3.196687e+00
3.783677720198980e-02	3.196687e+00
3.784677720198980e-02	3.196687e+00
3.785677720198981e-02	3.196687e+00
3.786677720198980e-02	3.196687e+00
3.787677720198981e-02	3.196687e+00
3.788677720198980e-02	3.196687e+00
3.789677720198981e-02	3.196687e+00
3.790677720198980e-02	3.196687e+00
3.791677720198981e-02	3.196687e+00
3.792677720198980e-02	3.196687e+00
3.793677720198980e-02	3.196687e+00
3.794677720198981e-02	3.196687e+00
3.795677720198980e-02	3.196687e+00
3.796677720198981e-02	3.196687e+00
3.797677720198980e-02	3.196687e+00
3.798677720198981e-02	3.196687e+00
3.799677720198980e-02	3.196687e+00
3.800677720198981e-02	3.196687e+00
3.801677720198981e-02	3.196687e+00
3.802677720198980e-02	3.196687e+00
3.803677720198981e-02	3.196686e+00
3.804677720198980e-02	3.196686e+00
3.805677720198981e-02	3.196686e+00
3.806677720198980e-02	3.196686e+00
3.807677720198981e-02	3.196686e+00
3.808677720198980e-02	3.196686e+00
3.809677720198981e-02	3.196686e+00
3.810677720198981e-02	3.196686e+00
3.811677720198980e-02	3.196686e+00
3.812677720198981e-02	3.196686e+00
3.813677720198980e-02	3.196686e+00
3.814677720198981e-02	3.196686e+00
3.815677720198980e-02	3.196686e+00
3.816677720198981e-02	3.196686e+00
3.817677720198980e-02	3.196686e+00
3.818677720198980e-02	3.196686e+00
3.819677720198981e-02	3.196686e+00
3.820677720198980e-02	3.196687e+00
3.821677720198981e-02	3.196687e+00
3.822677720198980e-02	3.196687e+00
3.823677720198981e-02	3.196687e+00
3.824677720198980e-02	3.196687e+00
3.825677720198981e-02	3.196687e+00
3.826677720198980e-02	3.196687e+00
3.827677720198980e-02	3.196687e+00
3.828677720198981e-02	3.196687e+00
3.829677720198980e-02	3.196687e+00
3.830677720198981e-02	3.196687e+00
3.831677720198980e-02	3.196687e+00
3.832677720198981e-02	3.196687e+00
3.833677720198980e-02	3.196687e+00
3.834677720198981e-02	3.196687e+00
3.835677720198981e-02	3.196687e+00
3.836677720198980e-02	3.196687e+00
3.837677720198981e-02	3.196687e+00
3.838677720198980e-02	3.196687e+00
3.839677720198981e-02	3.196687e+00
3.840677720198980e-02	3.196687e+00
3.841677720198981e-02	3.196687e+00
3.842677720198980e-02	3.196687e+00
3.843677720198981e-02	3.196687e+00
3.844677720198981e-02	3.196687e+00
3.845677720198980e-02	3.196687e+00
3.846677720198981e-02	3.196687e+00
3.847677720198980e-02	3.196687e+00
3.848677720198981e-02	3.196687e+00
3.849677720198980e-02	3.196687e+00
3.850677720198981e-02	3.196687e+00
3.851677720198980e-02	3.196687e+00
3.852677720198980e-02	3.196687e+00
3.853677720198981e-02	3.196687e+00
3.854677720198980e-02	3.196687e+00
3.855677720198981e-02	3.196687e+00
3.856677720198980e-02	3.196687e+00
3.857677720198981e-02	3.196687e+00
3.858677720198980e-02	3.196687e+00
3.859677720198981e-02	3.196687e+00
3.860677720198980e-02	3.196687e+00
3.861677720198980e-02	3.196687e+00
3.862677720198981e-02	3.196687e+00
3.863677720198980e-02	3.196687e+00
3.864677720198981e-02	3.196687e+00
3.865677720198980e-02	3.196687e+00
3.866677720198981e-02	3.196687e+00
3.867677720198980e-02	3.196687e+00
3.868677720198981e-02	3.196686e+00
3.869677720198980e-02	3.196686e+00
3.870677720198980e-02	3.196686e+00
3.871677720198981e-02	3.196686e+00
3.872677720198980e-02	3.196686e+00
3.873677720198981e-02	3.196686e+00
3.874677720198980e-02	3.196686e+00
3.875677720198981e-02	3.196686e+00
3.876677720198980e-02	3.196686e+00
3.877677720198981e-02	3.196686e+00
3.878677720198981e-02	3.196686e+00
3.879677720198980e-02	3.196686e+00
3.880677720198981e-02	3.196686e+00
3.881677720198980e-02	3.196686e+00
3.882677720198981e-02	3.196686e+00
3.883677720198980e-02	3.196686e+00
3.884677720198981e-02	3.196686e+00
3.885677720198980e-02	3.196686e+00
3.886677720198981e-02	3.196686e+00
3.887677720198981e-02	3.196686e+00
3.888677720198980e-02	3.196686e+00
3.889677720198981e-02	3.196686e+00
3.890677720198980e-02	3.196686e+00
3.891677720198981e-02	3.196686e+00
3.892677720198980e-02	3.196686e+00
3.893677720198981e-02	3.196686e+00
3.894677720198980e-02	3.196686e+00
3.895677720198980e-02	3.196686e+00
3.896677720198981e-02	3.196686e+00
3.897677720198980e-02	3.196686e+00
3.898677720198981e-02	3.196686e+00
3.899677720198980e-02	3.196686e+00
3.900677720198981e-02	3.196686e+00
3.901677720198980e-02	3.196686e+00
3.902677720198981e-02	3.196686e+00
3.903677720198980e-02	3.196686e+00
3.904677720198980e-02	3.196686e+00
3.905677720198981e-02	3.196686e+00
3.906677720198980e-02	3.196686e+00
3.907677720198981e-02	3.196686e+00
3.908677720198980e-02	3.196686e+00
3.909677720198981e-02	3.196686e+00
3.910677720198980e-02	3.196686e+00
3.911677720198981e-02	3.196686e+00
3.912677720198981e-02	3.196686e+00
3.913677720198980e-02	3.196686e+00
3.914677720198981e-02	3.196686e+00
3.915677720198980e-02	3.196686e+00
3.916677720198981e-02	3.196686e+00
3.917677720198980e-02	3.196686e+00
3.918677720198981e-02	3.196686e+00
3.919677720198980e-02	3.196686e+00
3.920677720198981e-02	3.196686e+00
3.921677720198981e-02	3.196686e+00
3.922677720198980e-02	3.196686e+00
3.923677720198981e-02	3.196686e+00
3.924677720198980e-02	3.196687e+00
3.925677720198981e-02	3.196687e+00
3.926677720198980e-02	3.196687e+00
3.927677720198981e-02	3.196687e+00
3.928677720198980e-02	3.196687e+00
3.929677720198980e-02	3.196687e+00
3.930677720198981e-02	3.196687e+00
3.931677720198980e-02	3.196687e+00
3.932677720198981e-02	3.196687e+00
3.933677720198980e-02	3.196687e+00
3.934677720198981e-02	3.196687e+00
3.935677720198980e-02	3.196687e+00
3.936677720198981e-02	3.196687e+00
3.937677720198980e-02	3.196687e+00
3.938677720198980e-02	3.196687e+00
3.939677720198981e-02	3.196687e+00
3.940677720198980e-02	3.196687e+00
3.941677720198981e-02	3.196687e+00
3.942677720198980e-02	3.196687e+00
3.943677720198981e-02	3.196687e+00
3.944677720198980e-02	3.196687e+00
3.945677720198981e-02	3.196687e+00
3.946677720198981e-02	3.196687e+00
3.947677720198980e-02	3.196687e+00
3.948677720198981e-02	3.196687e+00
3.949677720198980e-02	3.196687e+00
3.950677720198981e-02	3.196687e+00
3.951677720198980e-02	3.196687e+00
3.952677720198981e-02	3.196687e+00
3.953677720198980e-02	3.196687e+00
3.954677720198981e-02	3.196687e+00
3.955677720198981e-02	3.196687e+00
3.956677720198980e-02	3.196687e+00
3.957677720198981e-02	3.196687e+00
3.958677720198980e-02	3.196687e+00
3.959677720198981e-02	3.196687e+00
3.960677720198980e-02	3.196687e+00
3.961677720198981e-02	3.196687e+00
3.962677720198980e-02	3.196687e+00
3.963677720198980e-02	3.196687e+00
3.964677720198981e-02	3.196687e+00
3.965677720198980e-02	3.196687e+00
3.966677720198981e-02	3.196687e+00
3.967677720198980e-02	3.196687e+00
3.968677720198981e-02	3.196687e+00
3.969677720198980e-02	3.196687e+00
3.970677720198981e-02	3.196687e+00
3.971677720198980e-02	3.196687e+00
3.972677720198980e-02	3.196687e+00
3.973677720198981e-02	3.196687e+00
3.974677720198980e-02	3.196687e+00
3.975677720198981e-02	3.196687e+00
3.976677720198980e-02	3.196687e+00
3.977677720198981e-02	3.196687e+00
3.978677720198980e-02	3.196687e+00
3.979677720198981e-02	3.196687e+00
3.980677720198980e-02	3.196687e+00
3.981677720198980e-02	3.196687e+00
3.982677720198981e-02	3.196687e+00
3.983677720198980e-02	3.196687e+00
3.984677720198981e-02	3.196687e+00
3.985677720198980e-02	3.196687e+00
3.986677720198981e-02	3.196687e+00
3.987677720198980e-02	3.196687e+00
3.988677720198981e-02	3.196687e+00
3.989677720198981e-02	3.196687e+00
3.990677720198980e-02	3.196687e+00
3.991677720198981e-02	3.196687e+00
3.992677720198980e-02	3.196687e+00
3.993677720198981e-02	3.196687e+00
3.994677720198980e-02	3.196687e+00
3.995677720198981e-02	3.196687e+00
3.996677720198980e-02	3.196687e+00
3.997677720198980e-02	3.196687e+00
3.998677720198981e-02	3.196687e+00
3.999677720198980e-02	3.196687e+00
4.000000000000000e-02	3.196687e+00
