time	V(out_pos,out_neg)
0.000000000000000e+00	5.197525e-05
9.999999439624929e-11	5.197525e-05
1.999999887924986e-10	5.197525e-05
3.999999775849972e-10	5.197525e-05
7.999999551699943e-10	5.197525e-05
1.599999910339989e-09	5.197525e-05
3.199999820679977e-09	5.221367e-05
6.399999641359955e-09	5.245209e-05
1.279999928271991e-08	5.316734e-05
2.559999856543982e-08	5.555153e-05
5.119999713087964e-08	9.179115e-05
9.253554708297925e-08	2.026558e-04
1.510262261522864e-07	2.706051e-04
2.057109853545998e-07	1.761913e-04
2.711852354087165e-07	-2.861023e-06
3.308091245978566e-07	-1.299381e-04
4.447535707226281e-07	-3.066063e-04
4.681960258091640e-07	-3.299713e-04
5.150809359822359e-07	-3.530979e-04
6.088507563283795e-07	-3.755093e-04
7.963903970206669e-07	-3.881454e-04
1.171469678405242e-06	-3.900528e-04
1.749108187321462e-06	-3.879070e-04
2.479898117435596e-06	-3.852844e-04
3.522421376504923e-06	-3.809929e-04
5.347459228405115e-06	-3.731251e-04
8.997534932205499e-06	-3.731251e-04
1.629768633980627e-05	-4.220009e-04
2.629768633980627e-05	-4.985332e-04
3.629768633980627e-05	-5.371571e-04
4.629768633980626e-05	-5.283356e-04
5.629768633980626e-05	-5.013943e-04
6.629768633980626e-05	-4.787445e-04
7.629768633980626e-05	-4.532337e-04
8.629768633980625e-05	-4.191399e-04
9.629768633980625e-05	-3.700256e-04
1.000000009999994e-04	-3.592968e-04
1.000000019999994e-04	-3.592968e-04
1.000000179999994e-04	-3.590584e-04
1.000000499999994e-04	-3.590584e-04
1.000001139999994e-04	-3.590584e-04
1.000002419999994e-04	-3.592968e-04
1.000004979999994e-04	-3.592968e-04
1.000010099999994e-04	-3.590584e-04
1.000020339999994e-04	-3.590584e-04
1.000040819999994e-04	-3.590584e-04
1.000081779999994e-04	-3.588200e-04
1.000163699999994e-04	-3.583431e-04
1.000327539999994e-04	-3.564358e-04
1.000655219999995e-04	-3.530979e-04
1.001310579999995e-04	-3.492832e-04
1.002621299999997e-04	-3.457069e-04
1.005242740000000e-04	-3.430843e-04
1.010485620000006e-04	-3.385544e-04
1.020971380000018e-04	-3.294945e-04
1.041942900000042e-04	-3.101826e-04
1.083885940000089e-04	-2.655983e-04
1.167772020000184e-04	-1.688004e-04
1.267772020000184e-04	-8.177757e-05
1.367772020000184e-04	-7.438660e-05
1.467772020000184e-04	-1.308918e-04
1.567772020000184e-04	-1.821518e-04
1.667772020000184e-04	-1.966953e-04
1.767772020000184e-04	-1.897812e-04
1.867772020000184e-04	-1.785755e-04
1.967772020000184e-04	-1.666546e-04
2.067772020000184e-04	-1.540184e-04
2.167772020000184e-04	-1.420975e-04
2.267772020000184e-04	-1.304150e-04
2.367772020000184e-04	-1.196861e-04
2.467772020000184e-04	-1.094341e-04
2.567772020000184e-04	-9.942055e-05
2.667772020000184e-04	-9.036064e-05
2.767772020000184e-04	4.529953e-04
2.867772020000184e-04	3.037453e-03
2.967772020000184e-04	8.756948e-02
3.067772020000184e-04	3.719935e-01
3.167772020000184e-04	7.699077e-01
3.267772020000184e-04	1.076811e+00
3.367772020000184e-04	1.256604e+00
3.467772020000184e-04	1.390800e+00
3.567772020000184e-04	1.520182e+00
3.667772020000184e-04	1.647627e+00
3.767772020000184e-04	1.773992e+00
3.867772020000184e-04	1.899618e+00
3.967772020000184e-04	2.024703e+00
4.067772020000184e-04	2.149371e+00
4.167772020000184e-04	2.273701e+00
4.267772020000184e-04	2.397749e+00
4.367772020000184e-04	2.521553e+00
4.467772020000184e-04	2.645144e+00
4.567772020000184e-04	2.768544e+00
4.667772020000184e-04	2.891772e+00
4.767772020000184e-04	3.014852e+00
4.867772020000184e-04	3.119749e+00
4.967772020000184e-04	3.176710e+00
5.067772020000184e-04	3.191396e+00
5.167772020000183e-04	3.193007e+00
5.267772020000184e-04	3.193801e+00
5.367772020000184e-04	3.194307e+00
5.467772020000184e-04	3.194670e+00
5.567772020000183e-04	3.194947e+00
5.667772020000184e-04	3.195169e+00
5.767772020000184e-04	3.195351e+00
5.867772020000184e-04	3.195505e+00
5.967772020000183e-04	3.195637e+00
6.067772020000184e-04	3.195751e+00
6.167772020000184e-04	3.195850e+00
6.267772020000184e-04	3.195938e+00
6.367772020000183e-04	3.196015e+00
6.467772020000183e-04	3.196085e+00
6.567772020000184e-04	3.196147e+00
6.667772020000184e-04	3.196202e+00
6.767772020000183e-04	3.196252e+00
6.867772020000183e-04	3.196298e+00
6.967772020000184e-04	3.196339e+00
7.067772020000184e-04	3.196376e+00
7.167772020000183e-04	3.196411e+00
7.267772020000183e-04	3.196442e+00
7.367772020000184e-04	3.196471e+00
7.467772020000184e-04	3.196497e+00
7.567772020000183e-04	3.196521e+00
7.667772020000183e-04	3.196543e+00
7.767772020000184e-04	3.196564e+00
7.867772020000184e-04	3.196583e+00
7.967772020000183e-04	3.196600e+00
8.067772020000183e-04	3.196616e+00
8.167772020000184e-04	3.196631e+00
8.267772020000184e-04	3.196645e+00
8.367772020000183e-04	3.196657e+00
8.467772020000183e-04	3.196669e+00
8.567772020000184e-04	3.196680e+00
8.667772020000184e-04	3.196691e+00
8.767772020000183e-04	3.196700e+00
8.867772020000183e-04	3.196709e+00
8.967772020000184e-04	3.196717e+00
9.067772020000184e-04	3.196725e+00
9.167772020000183e-04	3.196732e+00
9.267772020000183e-04	3.196738e+00
9.367772020000183e-04	3.196745e+00
9.467772020000184e-04	3.196750e+00
9.567772020000183e-04	3.196756e+00
9.667772020000183e-04	3.196761e+00
9.767772020000183e-04	3.196765e+00
9.867772020000184e-04	3.196769e+00
9.967772020000184e-04	3.196774e+00
1.000000000000000e-03	3.196774e+00
1.000000001000000e-03	3.196774e+00
1.000000017000000e-03	3.196774e+00
1.000000049000000e-03	3.196775e+00
1.000000113000000e-03	3.196775e+00
1.000000241000000e-03	3.196775e+00
1.000000497000000e-03	3.196775e+00
1.000001009000000e-03	3.196775e+00
1.000002033000000e-03	3.196775e+00
1.000004081000000e-03	3.196775e+00
1.000008177000000e-03	3.196775e+00
1.000016369000001e-03	3.196775e+00
1.000032753000001e-03	3.196775e+00
1.000065521000002e-03	3.196775e+00
1.000131057000004e-03	3.196775e+00
1.000262129000007e-03	3.196775e+00
1.000524273000015e-03	3.196775e+00
1.001048561000029e-03	3.196775e+00
1.002097137000058e-03	3.196776e+00
1.004194289000116e-03	3.196777e+00
1.008388593000232e-03	3.196778e+00
1.016777201000463e-03	3.196781e+00
1.026777201000463e-03	3.196784e+00
1.036777201000463e-03	3.196787e+00
1.046777201000463e-03	3.196790e+00
1.056777201000463e-03	3.196793e+00
1.066777201000463e-03	3.196796e+00
1.076777201000463e-03	3.196798e+00
1.086777201000463e-03	3.196800e+00
1.096777201000463e-03	3.196802e+00
1.106777201000463e-03	3.196804e+00
1.116777201000463e-03	3.196806e+00
1.126777201000463e-03	3.196808e+00
1.136777201000463e-03	3.196809e+00
1.146777201000463e-03	3.196811e+00
1.156777201000463e-03	3.196812e+00
1.166777201000463e-03	3.196814e+00
1.176777201000463e-03	3.196815e+00
1.186777201000463e-03	3.196816e+00
1.196777201000463e-03	3.196817e+00
1.206777201000463e-03	3.196818e+00
1.216777201000463e-03	3.196819e+00
1.226777201000463e-03	3.196820e+00
1.236777201000463e-03	3.196821e+00
1.246777201000463e-03	3.196822e+00
1.256777201000463e-03	3.196823e+00
1.266777201000463e-03	3.196823e+00
1.276777201000463e-03	3.196824e+00
1.286777201000463e-03	3.196825e+00
1.296777201000463e-03	3.196825e+00
1.306777201000463e-03	3.196826e+00
1.316777201000463e-03	3.196826e+00
1.326777201000463e-03	3.196826e+00
1.336777201000463e-03	3.196827e+00
1.346777201000463e-03	3.196827e+00
1.356777201000463e-03	3.196828e+00
1.366777201000463e-03	3.196828e+00
1.376777201000463e-03	3.196829e+00
1.386777201000463e-03	3.196829e+00
1.396777201000463e-03	3.196829e+00
1.406777201000463e-03	3.196830e+00
1.416777201000463e-03	3.196830e+00
1.426777201000463e-03	3.196830e+00
1.436777201000463e-03	3.196830e+00
1.446777201000463e-03	3.196830e+00
1.456777201000463e-03	3.196831e+00
1.466777201000463e-03	3.196831e+00
1.476777201000463e-03	3.196831e+00
1.486777201000463e-03	3.196831e+00
1.496777201000463e-03	3.196832e+00
1.506777201000463e-03	3.196832e+00
1.516777201000463e-03	3.196832e+00
1.526777201000463e-03	3.196832e+00
1.536777201000463e-03	3.196832e+00
1.546777201000463e-03	3.196832e+00
1.556777201000463e-03	3.196832e+00
1.566777201000463e-03	3.196832e+00
1.576777201000463e-03	3.196832e+00
1.586777201000463e-03	3.196833e+00
1.596777201000463e-03	3.196833e+00
1.606777201000463e-03	3.196833e+00
1.616777201000463e-03	3.196833e+00
1.626777201000463e-03	3.196833e+00
1.636777201000463e-03	3.196833e+00
1.646777201000463e-03	3.196833e+00
1.656777201000463e-03	3.196833e+00
1.666777201000463e-03	3.196833e+00
1.676777201000463e-03	3.196833e+00
1.686777201000463e-03	3.196833e+00
1.696777201000463e-03	3.196833e+00
1.706777201000463e-03	3.196834e+00
1.716777201000463e-03	3.196834e+00
1.726777201000463e-03	3.196834e+00
1.736777201000463e-03	3.196834e+00
1.746777201000463e-03	3.196834e+00
1.756777201000463e-03	3.196834e+00
1.766777201000463e-03	3.196834e+00
1.776777201000463e-03	3.196834e+00
1.786777201000463e-03	3.196834e+00
1.796777201000463e-03	3.196834e+00
1.806777201000463e-03	3.196834e+00
1.816777201000463e-03	3.196834e+00
1.826777201000463e-03	3.196834e+00
1.836777201000463e-03	3.196834e+00
1.846777201000463e-03	3.196834e+00
1.856777201000463e-03	3.196834e+00
1.866777201000463e-03	3.196834e+00
1.876777201000463e-03	3.196834e+00
1.886777201000463e-03	3.196834e+00
1.896777201000463e-03	3.196834e+00
1.906777201000463e-03	3.196834e+00
1.916777201000463e-03	3.196834e+00
1.926777201000463e-03	3.196834e+00
1.936777201000463e-03	3.196834e+00
1.946777201000463e-03	3.196834e+00
1.956777201000463e-03	3.196834e+00
1.966777201000463e-03	3.196834e+00
1.976777201000463e-03	3.196834e+00
1.986777201000463e-03	3.196834e+00
1.996777201000463e-03	3.196834e+00
2.006777201000463e-03	3.196834e+00
2.016777201000463e-03	3.196834e+00
2.026777201000463e-03	3.196834e+00
2.036777201000463e-03	3.196834e+00
2.046777201000463e-03	3.196834e+00
2.056777201000463e-03	3.196834e+00
2.066777201000463e-03	3.196834e+00
2.076777201000463e-03	3.196834e+00
2.086777201000463e-03	3.196834e+00
2.096777201000463e-03	3.196834e+00
2.106777201000463e-03	3.196834e+00
2.116777201000463e-03	3.196834e+00
2.126777201000463e-03	3.196834e+00
2.136777201000463e-03	3.196834e+00
2.146777201000463e-03	3.196834e+00
2.156777201000463e-03	3.196834e+00
2.166777201000463e-03	3.196834e+00
2.176777201000463e-03	3.196834e+00
2.186777201000463e-03	3.196834e+00
2.196777201000463e-03	3.196834e+00
2.206777201000463e-03	3.196834e+00
2.216777201000463e-03	3.196834e+00
2.226777201000463e-03	3.196834e+00
2.236777201000463e-03	3.196834e+00
2.246777201000463e-03	3.196834e+00
2.256777201000463e-03	3.196834e+00
2.266777201000463e-03	3.196834e+00
2.276777201000463e-03	3.196834e+00
2.286777201000463e-03	3.196834e+00
2.296777201000463e-03	3.196834e+00
2.306777201000463e-03	3.196834e+00
2.316777201000463e-03	3.196834e+00
2.326777201000463e-03	3.196834e+00
2.336777201000463e-03	3.196834e+00
2.346777201000463e-03	3.196834e+00
2.356777201000463e-03	3.196834e+00
2.366777201000463e-03	3.196834e+00
2.376777201000463e-03	3.196834e+00
2.386777201000463e-03	3.196834e+00
2.396777201000463e-03	3.196834e+00
2.406777201000463e-03	3.196834e+00
2.416777201000463e-03	3.196834e+00
2.426777201000463e-03	3.196834e+00
2.436777201000463e-03	3.196834e+00
2.446777201000463e-03	3.196834e+00
2.456777201000463e-03	3.196834e+00
2.466777201000463e-03	3.196834e+00
2.476777201000463e-03	3.196834e+00
2.486777201000463e-03	3.196834e+00
2.496777201000463e-03	3.196834e+00
2.506777201000463e-03	3.196834e+00
2.516777201000463e-03	3.196834e+00
2.526777201000463e-03	3.196834e+00
2.536777201000463e-03	3.196834e+00
2.546777201000463e-03	3.196834e+00
2.556777201000463e-03	3.196834e+00
2.566777201000463e-03	3.196834e+00
2.576777201000463e-03	3.196834e+00
2.586777201000463e-03	3.196834e+00
2.596777201000463e-03	3.196834e+00
2.606777201000463e-03	3.196834e+00
2.616777201000463e-03	3.196834e+00
2.626777201000463e-03	3.196834e+00
2.636777201000463e-03	3.196834e+00
2.646777201000463e-03	3.196834e+00
2.656777201000463e-03	3.196834e+00
2.666777201000463e-03	3.196834e+00
2.676777201000463e-03	3.196834e+00
2.686777201000463e-03	3.196834e+00
2.696777201000463e-03	3.196834e+00
2.706777201000463e-03	3.196834e+00
2.716777201000463e-03	3.196834e+00
2.726777201000463e-03	3.196834e+00
2.736777201000463e-03	3.196834e+00
2.746777201000463e-03	3.196834e+00
2.756777201000463e-03	3.196834e+00
2.766777201000463e-03	3.196834e+00
2.776777201000463e-03	3.196834e+00
2.786777201000463e-03	3.196834e+00
2.796777201000463e-03	3.196834e+00
2.806777201000463e-03	3.196834e+00
2.816777201000463e-03	3.196834e+00
2.826777201000463e-03	3.196834e+00
2.836777201000463e-03	3.196834e+00
2.846777201000463e-03	3.196834e+00
2.856777201000463e-03	3.196834e+00
2.866777201000463e-03	3.196834e+00
2.876777201000463e-03	3.196834e+00
2.886777201000463e-03	3.196834e+00
2.896777201000463e-03	3.196834e+00
2.906777201000463e-03	3.196834e+00
2.916777201000463e-03	3.196834e+00
2.926777201000463e-03	3.196834e+00
2.936777201000463e-03	3.196834e+00
2.946777201000463e-03	3.196834e+00
2.956777201000463e-03	3.196834e+00
2.966777201000463e-03	3.196834e+00
2.976777201000463e-03	3.196834e+00
2.986777201000463e-03	3.196834e+00
2.996777201000463e-03	3.196834e+00
3.006777201000463e-03	3.196834e+00
3.016777201000463e-03	3.196834e+00
3.026777201000463e-03	3.196834e+00
3.036777201000463e-03	3.196834e+00
3.046777201000463e-03	3.196834e+00
3.056777201000463e-03	3.196834e+00
3.066777201000463e-03	3.196834e+00
3.076777201000463e-03	3.196834e+00
3.086777201000463e-03	3.196834e+00
3.096777201000463e-03	3.196834e+00
3.106777201000463e-03	3.196834e+00
3.116777201000463e-03	3.196834e+00
3.126777201000463e-03	3.196834e+00
3.136777201000463e-03	3.196834e+00
3.146777201000463e-03	3.196834e+00
3.156777201000463e-03	3.196834e+00
3.166777201000463e-03	3.196834e+00
3.176777201000463e-03	3.196834e+00
3.186777201000463e-03	3.196834e+00
3.196777201000463e-03	3.196834e+00
3.206777201000463e-03	3.196834e+00
3.216777201000463e-03	3.196834e+00
3.226777201000463e-03	3.196834e+00
3.236777201000463e-03	3.196834e+00
3.246777201000463e-03	3.196834e+00
3.256777201000463e-03	3.196834e+00
3.266777201000463e-03	3.196834e+00
3.276777201000463e-03	3.196834e+00
3.286777201000463e-03	3.196834e+00
3.296777201000463e-03	3.196834e+00
3.306777201000463e-03	3.196834e+00
3.316777201000463e-03	3.196834e+00
3.326777201000463e-03	3.196834e+00
3.336777201000463e-03	3.196834e+00
3.346777201000463e-03	3.196834e+00
3.356777201000463e-03	3.196834e+00
3.366777201000463e-03	3.196834e+00
3.376777201000463e-03	3.196834e+00
3.386777201000463e-03	3.196834e+00
3.396777201000463e-03	3.196834e+00
3.406777201000463e-03	3.196834e+00
3.416777201000463e-03	3.196834e+00
3.426777201000463e-03	3.196834e+00
3.436777201000463e-03	3.196834e+00
3.446777201000463e-03	3.196834e+00
3.456777201000463e-03	3.196834e+00
3.466777201000463e-03	3.196834e+00
3.476777201000463e-03	3.196834e+00
3.486777201000463e-03	3.196834e+00
3.496777201000463e-03	3.196834e+00
3.506777201000463e-03	3.196834e+00
3.516777201000463e-03	3.196834e+00
3.526777201000463e-03	3.196834e+00
3.536777201000463e-03	3.196834e+00
3.546777201000463e-03	3.196834e+00
3.556777201000463e-03	3.196834e+00
3.566777201000463e-03	3.196834e+00
3.576777201000463e-03	3.196834e+00
3.586777201000463e-03	3.196834e+00
3.596777201000463e-03	3.196834e+00
3.606777201000463e-03	3.196834e+00
3.616777201000463e-03	3.196834e+00
3.626777201000463e-03	3.196834e+00
3.636777201000463e-03	3.196834e+00
3.646777201000463e-03	3.196834e+00
3.656777201000463e-03	3.196834e+00
3.666777201000463e-03	3.196834e+00
3.676777201000463e-03	3.196834e+00
3.686777201000463e-03	3.196834e+00
3.696777201000463e-03	3.196834e+00
3.706777201000463e-03	3.196834e+00
3.716777201000463e-03	3.196834e+00
3.726777201000463e-03	3.196834e+00
3.736777201000463e-03	3.196834e+00
3.746777201000463e-03	3.196834e+00
3.756777201000463e-03	3.196834e+00
3.766777201000463e-03	3.196834e+00
3.776777201000463e-03	3.196834e+00
3.786777201000463e-03	3.196834e+00
3.796777201000463e-03	3.196834e+00
3.806777201000463e-03	3.196834e+00
3.816777201000463e-03	3.196834e+00
3.826777201000463e-03	3.196834e+00
3.836777201000463e-03	3.196834e+00
3.846777201000463e-03	3.196834e+00
3.856777201000463e-03	3.196834e+00
3.866777201000463e-03	3.196834e+00
3.876777201000463e-03	3.196834e+00
3.886777201000463e-03	3.196834e+00
3.896777201000463e-03	3.196834e+00
3.906777201000463e-03	3.196834e+00
3.916777201000463e-03	3.196834e+00
3.926777201000463e-03	3.196834e+00
3.936777201000463e-03	3.196834e+00
3.946777201000463e-03	3.196834e+00
3.956777201000463e-03	3.196834e+00
3.966777201000463e-03	3.196834e+00
3.976777201000463e-03	3.196834e+00
3.986777201000463e-03	3.196834e+00
3.996777201000463e-03	3.196834e+00
4.006777201000463e-03	3.196834e+00
4.016777201000463e-03	3.196834e+00
4.026777201000463e-03	3.196834e+00
4.036777201000463e-03	3.196834e+00
4.046777201000462e-03	3.196834e+00
4.056777201000463e-03	3.196834e+00
4.066777201000463e-03	3.196834e+00
4.076777201000463e-03	3.196834e+00
4.086777201000463e-03	3.196834e+00
4.096777201000463e-03	3.196834e+00
4.106777201000463e-03	3.196834e+00
4.116777201000463e-03	3.196834e+00
4.126777201000463e-03	3.196834e+00
4.136777201000463e-03	3.196834e+00
4.146777201000463e-03	3.196834e+00
4.156777201000463e-03	3.196834e+00
4.166777201000463e-03	3.196834e+00
4.176777201000463e-03	3.196834e+00
4.186777201000463e-03	3.196834e+00
4.196777201000462e-03	3.196834e+00
4.206777201000463e-03	3.196834e+00
4.216777201000462e-03	3.196834e+00
4.226777201000463e-03	3.196834e+00
4.236777201000463e-03	3.196834e+00
4.246777201000463e-03	3.196834e+00
4.256777201000463e-03	3.196834e+00
4.266777201000463e-03	3.196834e+00
4.276777201000463e-03	3.196834e+00
4.286777201000463e-03	3.196834e+00
4.296777201000463e-03	3.196834e+00
4.306777201000463e-03	3.196834e+00
4.316777201000463e-03	3.196834e+00
4.326777201000463e-03	3.196834e+00
4.336777201000463e-03	3.196834e+00
4.346777201000463e-03	3.196834e+00
4.356777201000463e-03	3.196834e+00
4.366777201000462e-03	3.196834e+00
4.376777201000463e-03	3.196834e+00
4.386777201000462e-03	3.196834e+00
4.396777201000463e-03	3.196834e+00
4.406777201000463e-03	3.196834e+00
4.416777201000463e-03	3.196834e+00
4.426777201000463e-03	3.196834e+00
4.436777201000463e-03	3.196834e+00
4.446777201000463e-03	3.196834e+00
4.456777201000463e-03	3.196834e+00
4.466777201000463e-03	3.196834e+00
4.476777201000463e-03	3.196834e+00
4.486777201000463e-03	3.196834e+00
4.496777201000463e-03	3.196834e+00
4.506777201000463e-03	3.196834e+00
4.516777201000462e-03	3.196834e+00
4.526777201000463e-03	3.196834e+00
4.536777201000462e-03	3.196834e+00
4.546777201000463e-03	3.196834e+00
4.556777201000463e-03	3.196834e+00
4.566777201000463e-03	3.196834e+00
4.576777201000463e-03	3.196834e+00
4.586777201000463e-03	3.196834e+00
4.596777201000463e-03	3.196834e+00
4.606777201000463e-03	3.196834e+00
4.616777201000463e-03	3.196834e+00
4.626777201000463e-03	3.196834e+00
4.636777201000463e-03	3.196834e+00
4.646777201000463e-03	3.196834e+00
4.656777201000463e-03	3.196834e+00
4.666777201000463e-03	3.196834e+00
4.676777201000463e-03	3.196834e+00
4.686777201000462e-03	3.196834e+00
4.696777201000463e-03	3.196834e+00
4.706777201000462e-03	3.196834e+00
4.716777201000463e-03	3.196834e+00
4.726777201000463e-03	3.196834e+00
4.736777201000463e-03	3.196834e+00
4.746777201000463e-03	3.196834e+00
4.756777201000463e-03	3.196834e+00
4.766777201000463e-03	3.196834e+00
4.776777201000463e-03	3.196834e+00
4.786777201000463e-03	3.196834e+00
4.796777201000463e-03	3.196834e+00
4.806777201000463e-03	3.196834e+00
4.816777201000463e-03	3.196834e+00
4.826777201000463e-03	3.196834e+00
4.836777201000462e-03	3.196834e+00
4.846777201000463e-03	3.196834e+00
4.856777201000462e-03	3.196834e+00
4.866777201000463e-03	3.196834e+00
4.876777201000462e-03	3.196834e+00
4.886777201000463e-03	3.196834e+00
4.896777201000463e-03	3.196834e+00
4.906777201000463e-03	3.196834e+00
4.916777201000463e-03	3.196834e+00
4.926777201000463e-03	3.196834e+00
4.936777201000463e-03	3.196834e+00
4.946777201000463e-03	3.196834e+00
4.956777201000463e-03	3.196834e+00
4.966777201000463e-03	3.196834e+00
4.976777201000463e-03	3.196834e+00
4.986777201000463e-03	3.196834e+00
4.996777201000463e-03	3.196834e+00
5.006777201000462e-03	3.196834e+00
5.016777201000463e-03	3.196834e+00
5.026777201000462e-03	3.196834e+00
5.036777201000463e-03	3.196834e+00
5.046777201000462e-03	3.196834e+00
5.056777201000463e-03	3.196834e+00
5.066777201000463e-03	3.196834e+00
5.076777201000463e-03	3.196834e+00
5.086777201000463e-03	3.196834e+00
5.096777201000463e-03	3.196834e+00
5.106777201000463e-03	3.196834e+00
5.116777201000463e-03	3.196834e+00
5.126777201000463e-03	3.196834e+00
5.136777201000463e-03	3.196834e+00
5.146777201000463e-03	3.196834e+00
5.156777201000462e-03	3.196834e+00
5.166777201000463e-03	3.196834e+00
5.176777201000462e-03	3.196834e+00
5.186777201000463e-03	3.196834e+00
5.196777201000462e-03	3.196834e+00
5.206777201000463e-03	3.196834e+00
5.216777201000463e-03	3.196834e+00
5.226777201000463e-03	3.196834e+00
5.236777201000463e-03	3.196834e+00
5.246777201000463e-03	3.196834e+00
5.256777201000463e-03	3.196834e+00
5.266777201000463e-03	3.196834e+00
5.276777201000463e-03	3.196834e+00
5.286777201000463e-03	3.196834e+00
5.296777201000463e-03	3.196834e+00
5.306777201000463e-03	3.196834e+00
5.316777201000463e-03	3.196834e+00
5.326777201000462e-03	3.196834e+00
5.336777201000463e-03	3.196834e+00
5.346777201000462e-03	3.196834e+00
5.356777201000463e-03	3.196834e+00
5.366777201000462e-03	3.196834e+00
5.376777201000463e-03	3.196834e+00
5.386777201000463e-03	3.196834e+00
5.396777201000463e-03	3.196834e+00
5.406777201000463e-03	3.196834e+00
5.416777201000463e-03	3.196834e+00
5.426777201000463e-03	3.196834e+00
5.436777201000463e-03	3.196834e+00
5.446777201000463e-03	3.196834e+00
5.456777201000463e-03	3.196834e+00
5.466777201000463e-03	3.196834e+00
5.476777201000462e-03	3.196834e+00
5.486777201000463e-03	3.196834e+00
5.496777201000462e-03	3.196834e+00
5.506777201000463e-03	3.196834e+00
5.516777201000462e-03	3.196834e+00
5.526777201000463e-03	3.196834e+00
5.536777201000462e-03	3.196834e+00
5.546777201000463e-03	3.196834e+00
5.556777201000463e-03	3.196834e+00
5.566777201000463e-03	3.196834e+00
5.576777201000463e-03	3.196834e+00
5.586777201000463e-03	3.196834e+00
5.596777201000463e-03	3.196834e+00
5.606777201000463e-03	3.196834e+00
5.616777201000463e-03	3.196834e+00
5.626777201000463e-03	3.196834e+00
5.636777201000463e-03	3.196834e+00
5.646777201000462e-03	3.196834e+00
5.656777201000463e-03	3.196834e+00
5.666777201000462e-03	3.196834e+00
5.676777201000463e-03	3.196834e+00
5.686777201000462e-03	3.196834e+00
5.696777201000463e-03	3.196834e+00
5.706777201000462e-03	3.196834e+00
5.716777201000463e-03	3.196834e+00
5.726777201000463e-03	3.196834e+00
5.736777201000463e-03	3.196834e+00
5.746777201000463e-03	3.196834e+00
5.756777201000463e-03	3.196834e+00
5.766777201000463e-03	3.196834e+00
5.776777201000463e-03	3.196834e+00
5.786777201000463e-03	3.196834e+00
5.796777201000462e-03	3.196834e+00
5.806777201000463e-03	3.196834e+00
5.816777201000462e-03	3.196834e+00
5.826777201000463e-03	3.196834e+00
5.836777201000462e-03	3.196834e+00
5.846777201000463e-03	3.196834e+00
5.856777201000462e-03	3.196834e+00
5.866777201000463e-03	3.196834e+00
5.876777201000462e-03	3.196834e+00
5.886777201000463e-03	3.196834e+00
5.896777201000463e-03	3.196834e+00
5.906777201000463e-03	3.196834e+00
5.916777201000463e-03	3.196834e+00
5.926777201000463e-03	3.196834e+00
5.936777201000463e-03	3.196834e+00
5.946777201000463e-03	3.196834e+00
5.956777201000463e-03	3.196834e+00
5.966777201000462e-03	3.196834e+00
5.976777201000463e-03	3.196834e+00
5.986777201000462e-03	3.196834e+00
5.996777201000463e-03	3.196834e+00
6.006777201000462e-03	3.196834e+00
6.016777201000463e-03	3.196834e+00
6.026777201000462e-03	3.196834e+00
6.036777201000463e-03	3.196834e+00
6.046777201000463e-03	3.196834e+00
6.056777201000463e-03	3.196834e+00
6.066777201000463e-03	3.196834e+00
6.076777201000463e-03	3.196834e+00
6.086777201000463e-03	3.196834e+00
6.096777201000463e-03	3.196834e+00
6.106777201000463e-03	3.196834e+00
6.116777201000462e-03	3.196834e+00
6.126777201000463e-03	3.196834e+00
6.136777201000462e-03	3.196834e+00
6.146777201000463e-03	3.196834e+00
6.156777201000462e-03	3.196834e+00
6.166777201000463e-03	3.196834e+00
6.176777201000462e-03	3.196834e+00
6.186777201000463e-03	3.196834e+00
6.196777201000462e-03	3.196834e+00
6.206777201000463e-03	3.196834e+00
6.216777201000463e-03	3.196834e+00
6.226777201000463e-03	3.196834e+00
6.236777201000463e-03	3.196834e+00
6.246777201000463e-03	3.196834e+00
6.256777201000463e-03	3.196834e+00
6.266777201000463e-03	3.196834e+00
6.276777201000463e-03	3.196834e+00
6.286777201000462e-03	3.196834e+00
6.296777201000463e-03	3.196834e+00
6.306777201000462e-03	3.196834e+00
6.316777201000463e-03	3.196834e+00
6.326777201000462e-03	3.196834e+00
6.336777201000463e-03	3.196834e+00
6.346777201000462e-03	3.196834e+00
6.356777201000463e-03	3.196834e+00
6.366777201000462e-03	3.196834e+00
6.376777201000463e-03	3.196834e+00
6.386777201000463e-03	3.196834e+00
6.396777201000463e-03	3.196834e+00
6.406777201000463e-03	3.196834e+00
6.416777201000463e-03	3.196834e+00
6.426777201000463e-03	3.196834e+00
6.436777201000462e-03	3.196834e+00
6.446777201000463e-03	3.196834e+00
6.456777201000462e-03	3.196834e+00
6.466777201000463e-03	3.196834e+00
6.476777201000462e-03	3.196834e+00
6.486777201000463e-03	3.196834e+00
6.496777201000462e-03	3.196834e+00
6.506777201000463e-03	3.196834e+00
6.516777201000462e-03	3.196834e+00
6.526777201000463e-03	3.196834e+00
6.536777201000462e-03	3.196834e+00
6.546777201000463e-03	3.196834e+00
6.556777201000463e-03	3.196834e+00
6.566777201000463e-03	3.196834e+00
6.576777201000463e-03	3.196834e+00
6.586777201000463e-03	3.196834e+00
6.596777201000463e-03	3.196834e+00
6.606777201000462e-03	3.196834e+00
6.616777201000463e-03	3.196834e+00
6.626777201000462e-03	3.196834e+00
6.636777201000463e-03	3.196834e+00
6.646777201000462e-03	3.196834e+00
6.656777201000463e-03	3.196834e+00
6.666777201000462e-03	3.196834e+00
6.676777201000463e-03	3.196834e+00
6.686777201000462e-03	3.196834e+00
6.696777201000463e-03	3.196834e+00
6.706777201000463e-03	3.196834e+00
6.716777201000463e-03	3.196834e+00
6.726777201000463e-03	3.196834e+00
6.736777201000463e-03	3.196834e+00
6.746777201000463e-03	3.196834e+00
6.756777201000462e-03	3.196834e+00
6.766777201000463e-03	3.196834e+00
6.776777201000462e-03	3.196834e+00
6.786777201000463e-03	3.196834e+00
6.796777201000462e-03	3.196834e+00
6.806777201000463e-03	3.196834e+00
6.816777201000462e-03	3.196834e+00
6.826777201000463e-03	3.196834e+00
6.836777201000462e-03	3.196834e+00
6.846777201000463e-03	3.196834e+00
6.856777201000462e-03	3.196834e+00
6.866777201000463e-03	3.196834e+00
6.876777201000463e-03	3.196834e+00
6.886777201000463e-03	3.196834e+00
6.896777201000463e-03	3.196834e+00
6.906777201000463e-03	3.196834e+00
6.916777201000463e-03	3.196834e+00
6.926777201000462e-03	3.196834e+00
6.936777201000463e-03	3.196834e+00
6.946777201000462e-03	3.196834e+00
6.956777201000463e-03	3.196834e+00
6.966777201000462e-03	3.196834e+00
6.976777201000463e-03	3.196834e+00
6.986777201000462e-03	3.196834e+00
6.996777201000463e-03	3.196834e+00
7.006777201000462e-03	3.196834e+00
7.016777201000463e-03	3.196834e+00
7.026777201000462e-03	3.196834e+00
7.036777201000463e-03	3.196834e+00
7.046777201000463e-03	3.196834e+00
7.056777201000463e-03	3.196834e+00
7.066777201000463e-03	3.196834e+00
7.076777201000462e-03	3.196834e+00
7.086777201000463e-03	3.196834e+00
7.096777201000462e-03	3.196834e+00
7.106777201000463e-03	3.196834e+00
7.116777201000462e-03	3.196834e+00
7.126777201000463e-03	3.196834e+00
7.136777201000462e-03	3.196834e+00
7.146777201000463e-03	3.196834e+00
7.156777201000462e-03	3.196834e+00
7.166777201000463e-03	3.196834e+00
7.176777201000462e-03	3.196834e+00
7.186777201000463e-03	3.196834e+00
7.196777201000462e-03	3.196834e+00
7.206777201000463e-03	3.196834e+00
7.216777201000463e-03	3.196834e+00
7.226777201000463e-03	3.196834e+00
7.236777201000463e-03	3.196834e+00
7.246777201000462e-03	3.196834e+00
7.256777201000463e-03	3.196834e+00
7.266777201000462e-03	3.196834e+00
7.276777201000463e-03	3.196834e+00
7.286777201000462e-03	3.196834e+00
7.296777201000463e-03	3.196834e+00
7.306777201000462e-03	3.196834e+00
7.316777201000463e-03	3.196834e+00
7.326777201000462e-03	3.196834e+00
7.336777201000463e-03	3.196834e+00
7.346777201000462e-03	3.196834e+00
7.356777201000463e-03	3.196834e+00
7.366777201000463e-03	3.196834e+00
7.376777201000463e-03	3.196834e+00
7.386777201000463e-03	3.196834e+00
7.396777201000462e-03	3.196834e+00
7.406777201000463e-03	3.196834e+00
7.416777201000462e-03	3.196834e+00
7.426777201000463e-03	3.196834e+00
7.436777201000462e-03	3.196834e+00
7.446777201000463e-03	3.196834e+00
7.456777201000462e-03	3.196834e+00
7.466777201000463e-03	3.196834e+00
7.476777201000462e-03	3.196834e+00
7.486777201000463e-03	3.196834e+00
7.496777201000462e-03	3.196834e+00
7.506777201000463e-03	3.196834e+00
7.516777201000462e-03	3.196834e+00
7.526777201000463e-03	3.196834e+00
7.536777201000463e-03	3.196834e+00
7.546777201000463e-03	3.196834e+00
7.556777201000463e-03	3.196834e+00
7.566777201000462e-03	3.196834e+00
7.576777201000463e-03	3.196834e+00
7.586777201000462e-03	3.196834e+00
7.596777201000463e-03	3.196834e+00
7.606777201000462e-03	3.196834e+00
7.616777201000463e-03	3.196834e+00
7.626777201000462e-03	3.196834e+00
7.636777201000463e-03	3.196834e+00
7.646777201000462e-03	3.196834e+00
7.656777201000463e-03	3.196834e+00
7.666777201000462e-03	3.196834e+00
7.676777201000463e-03	3.196834e+00
7.686777201000462e-03	3.196834e+00
7.696777201000463e-03	3.196834e+00
7.706777201000463e-03	3.196834e+00
7.716777201000462e-03	3.196834e+00
7.726777201000463e-03	3.196834e+00
7.736777201000462e-03	3.196834e+00
7.746777201000463e-03	3.196834e+00
7.756777201000462e-03	3.196834e+00
7.766777201000463e-03	3.196834e+00
7.776777201000462e-03	3.196834e+00
7.786777201000463e-03	3.196834e+00
7.796777201000462e-03	3.196834e+00
7.806777201000463e-03	3.196834e+00
7.816777201000463e-03	3.196834e+00
7.826777201000463e-03	3.196834e+00
7.836777201000462e-03	3.196834e+00
7.846777201000462e-03	3.196834e+00
7.856777201000463e-03	3.196834e+00
7.866777201000463e-03	3.196834e+00
7.876777201000463e-03	3.196834e+00
7.886777201000462e-03	3.196834e+00
7.896777201000462e-03	3.196834e+00
7.906777201000463e-03	3.196834e+00
7.916777201000463e-03	3.196834e+00
7.926777201000462e-03	3.196834e+00
7.936777201000462e-03	3.196834e+00
7.946777201000463e-03	3.196834e+00
7.956777201000463e-03	3.196834e+00
7.966777201000462e-03	3.196834e+00
7.976777201000462e-03	3.196834e+00
7.986777201000463e-03	3.196834e+00
7.996777201000463e-03	3.196834e+00
8.006777201000462e-03	3.196834e+00
8.016777201000462e-03	3.196834e+00
8.026777201000463e-03	3.196834e+00
8.036777201000463e-03	3.196834e+00
8.046777201000463e-03	3.196834e+00
8.056777201000462e-03	3.196834e+00
8.066777201000462e-03	3.196834e+00
8.076777201000463e-03	3.196834e+00
8.086777201000463e-03	3.196834e+00
8.096777201000462e-03	3.196834e+00
8.106777201000462e-03	3.196834e+00
8.116777201000463e-03	3.196834e+00
8.126777201000463e-03	3.196834e+00
8.136777201000462e-03	3.196834e+00
8.146777201000462e-03	3.196834e+00
8.156777201000463e-03	3.196834e+00
8.166777201000463e-03	3.196834e+00
8.176777201000462e-03	3.196834e+00
8.186777201000462e-03	3.196834e+00
8.196777201000462e-03	3.196834e+00
8.206777201000463e-03	3.196834e+00
8.216777201000463e-03	3.196834e+00
8.226777201000462e-03	3.196834e+00
8.236777201000462e-03	3.196834e+00
8.246777201000463e-03	3.196834e+00
8.256777201000463e-03	3.196834e+00
8.266777201000462e-03	3.196834e+00
8.276777201000462e-03	3.196834e+00
8.286777201000463e-03	3.196834e+00
8.296777201000463e-03	3.196834e+00
8.306777201000462e-03	3.196834e+00
8.316777201000462e-03	3.196834e+00
8.326777201000463e-03	3.196834e+00
8.336777201000463e-03	3.196834e+00
8.346777201000462e-03	3.196834e+00
8.356777201000462e-03	3.196834e+00
8.366777201000462e-03	3.196834e+00
8.376777201000463e-03	3.196834e+00
8.386777201000463e-03	3.196834e+00
8.396777201000462e-03	3.196834e+00
8.406777201000462e-03	3.196834e+00
8.416777201000463e-03	3.196834e+00
8.426777201000463e-03	3.196834e+00
8.436777201000462e-03	3.196834e+00
8.446777201000462e-03	3.196834e+00
8.456777201000463e-03	3.196834e+00
8.466777201000463e-03	3.196834e+00
8.476777201000462e-03	3.196834e+00
8.486777201000462e-03	3.196834e+00
8.496777201000463e-03	3.196834e+00
8.506777201000463e-03	3.196834e+00
8.516777201000462e-03	3.196834e+00
8.526777201000462e-03	3.196834e+00
8.536777201000462e-03	3.196834e+00
8.546777201000463e-03	3.196834e+00
8.556777201000463e-03	3.196834e+00
8.566777201000462e-03	3.196834e+00
8.576777201000462e-03	3.196834e+00
8.586777201000463e-03	3.196834e+00
8.596777201000463e-03	3.196834e+00
8.606777201000462e-03	3.196834e+00
8.616777201000462e-03	3.196834e+00
8.626777201000463e-03	3.196834e+00
8.636777201000463e-03	3.196834e+00
8.646777201000462e-03	3.196834e+00
8.656777201000462e-03	3.196834e+00
8.666777201000463e-03	3.196834e+00
8.676777201000463e-03	3.196834e+00
8.686777201000462e-03	3.196834e+00
8.696777201000462e-03	3.196834e+00
8.706777201000462e-03	3.196834e+00
8.716777201000463e-03	3.196834e+00
8.726777201000463e-03	3.196834e+00
8.736777201000462e-03	3.196834e+00
8.746777201000462e-03	3.196834e+00
8.756777201000463e-03	3.196834e+00
8.766777201000463e-03	3.196834e+00
8.776777201000462e-03	3.196834e+00
8.786777201000462e-03	3.196834e+00
8.796777201000463e-03	3.196834e+00
8.806777201000463e-03	3.196834e+00
8.816777201000462e-03	3.196834e+00
8.826777201000462e-03	3.196834e+00
8.836777201000462e-03	3.196834e+00
8.846777201000463e-03	3.196834e+00
8.856777201000463e-03	3.196834e+00
8.866777201000462e-03	3.196834e+00
8.876777201000462e-03	3.196834e+00
8.886777201000463e-03	3.196834e+00
8.896777201000463e-03	3.196834e+00
8.906777201000462e-03	3.196834e+00
8.916777201000462e-03	3.196834e+00
8.926777201000463e-03	3.196834e+00
8.936777201000463e-03	3.196834e+00
8.946777201000462e-03	3.196834e+00
8.956777201000462e-03	3.196834e+00
8.966777201000463e-03	3.196834e+00
8.976777201000463e-03	3.196834e+00
8.986777201000462e-03	3.196834e+00
8.996777201000462e-03	3.196834e+00
9.006777201000462e-03	3.196834e+00
9.016777201000463e-03	3.196834e+00
9.026777201000463e-03	3.196834e+00
9.036777201000462e-03	3.196834e+00
9.046777201000462e-03	3.196834e+00
9.056777201000463e-03	3.196834e+00
9.066777201000463e-03	3.196834e+00
9.076777201000462e-03	3.196834e+00
9.086777201000462e-03	3.196834e+00
9.096777201000463e-03	3.196834e+00
9.106777201000463e-03	3.196834e+00
9.116777201000462e-03	3.196834e+00
9.126777201000462e-03	3.196834e+00
9.136777201000463e-03	3.196834e+00
9.146777201000463e-03	3.196834e+00
9.156777201000462e-03	3.196834e+00
9.166777201000462e-03	3.196834e+00
9.176777201000462e-03	3.196834e+00
9.186777201000463e-03	3.196834e+00
9.196777201000463e-03	3.196834e+00
9.206777201000462e-03	3.196834e+00
9.216777201000462e-03	3.196834e+00
9.226777201000463e-03	3.196834e+00
9.236777201000463e-03	3.196834e+00
9.246777201000462e-03	3.196834e+00
9.256777201000462e-03	3.196834e+00
9.266777201000463e-03	3.196834e+00
9.276777201000463e-03	3.196834e+00
9.286777201000462e-03	3.196834e+00
9.296777201000462e-03	3.196834e+00
9.306777201000463e-03	3.196834e+00
9.316777201000463e-03	3.196834e+00
9.326777201000462e-03	3.196834e+00
9.336777201000462e-03	3.196834e+00
9.346777201000462e-03	3.196834e+00
9.356777201000463e-03	3.196834e+00
9.366777201000463e-03	3.196834e+00
9.376777201000462e-03	3.196834e+00
9.386777201000462e-03	3.196834e+00
9.396777201000463e-03	3.196834e+00
9.406777201000463e-03	3.196834e+00
9.416777201000462e-03	3.196834e+00
9.426777201000462e-03	3.196834e+00
9.436777201000463e-03	3.196834e+00
9.446777201000463e-03	3.196834e+00
9.456777201000462e-03	3.196834e+00
9.466777201000462e-03	3.196834e+00
9.476777201000462e-03	3.196834e+00
9.486777201000463e-03	3.196834e+00
9.496777201000462e-03	3.196834e+00
9.506777201000462e-03	3.196834e+00
9.516777201000462e-03	3.196834e+00
9.526777201000463e-03	3.196834e+00
9.536777201000463e-03	3.196834e+00
9.546777201000462e-03	3.196834e+00
9.556777201000462e-03	3.196834e+00
9.566777201000463e-03	3.196834e+00
9.576777201000463e-03	3.196834e+00
9.586777201000462e-03	3.196834e+00
9.596777201000462e-03	3.196834e+00
9.606777201000463e-03	3.196834e+00
9.616777201000463e-03	3.196834e+00
9.626777201000462e-03	3.196834e+00
9.636777201000462e-03	3.196834e+00
9.646777201000462e-03	3.196834e+00
9.656777201000463e-03	3.196834e+00
9.666777201000462e-03	3.196834e+00
9.676777201000462e-03	3.196834e+00
9.686777201000462e-03	3.196834e+00
9.696777201000463e-03	3.196834e+00
9.706777201000463e-03	3.196834e+00
9.716777201000462e-03	3.196834e+00
9.726777201000462e-03	3.196834e+00
9.736777201000463e-03	3.196834e+00
9.746777201000463e-03	3.196834e+00
9.756777201000462e-03	3.196834e+00
9.766777201000462e-03	3.196834e+00
9.776777201000463e-03	3.196834e+00
9.786777201000463e-03	3.196834e+00
9.796777201000462e-03	3.196834e+00
9.806777201000462e-03	3.196834e+00
9.816777201000462e-03	3.196834e+00
9.826777201000463e-03	3.196834e+00
9.836777201000462e-03	3.196834e+00
9.846777201000462e-03	3.196834e+00
9.856777201000462e-03	3.196834e+00
9.866777201000463e-03	3.196834e+00
9.876777201000463e-03	3.196834e+00
9.886777201000462e-03	3.196834e+00
9.896777201000462e-03	3.196834e+00
9.906777201000463e-03	3.196834e+00
9.916777201000463e-03	3.196834e+00
9.926777201000462e-03	3.196834e+00
9.936777201000462e-03	3.196834e+00
9.946777201000463e-03	3.196834e+00
9.956777201000463e-03	3.196834e+00
9.966777201000462e-03	3.196834e+00
9.976777201000462e-03	3.196834e+00
9.986777201000462e-03	3.196834e+00
9.996777201000463e-03	3.196834e+00
1.000000000000000e-02	3.196834e+00
1.000000000100000e-02	3.196834e+00
1.000000000200000e-02	3.196834e+00
1.000000000440036e-02	3.196834e+00
1.000000000670974e-02	3.196834e+00
1.000000001132851e-02	3.196834e+00
1.000000002056605e-02	3.196834e+00
1.000000003904114e-02	3.196834e+00
1.000000007599130e-02	3.196834e+00
1.000000014989163e-02	3.196834e+00
1.000000029769228e-02	3.196834e+00
1.000000059329359e-02	3.196834e+00
1.000000118449621e-02	3.196834e+00
1.000000236690145e-02	3.196834e+00
1.000000473171193e-02	3.196834e+00
1.000000946133288e-02	3.196834e+00
1.000001768968501e-02	3.196834e+00
1.000002963189979e-02	3.196834e+00
1.000005351632936e-02	3.196834e+00
1.000010103205737e-02	3.196834e+00
1.000015403707848e-02	3.196834e+00
1.000020610070753e-02	3.196834e+00
1.000026208937369e-02	3.196834e+00
1.000031705948476e-02	3.196834e+00
1.000042699970692e-02	3.196834e+00
1.000045448476245e-02	3.196834e+00
1.000050945487353e-02	3.196834e+00
1.000061939509568e-02	3.196834e+00
1.000083927553999e-02	3.196834e+00
1.000118356381445e-02	3.196834e+00
1.000178016592082e-02	3.196833e+00
1.000250483766981e-02	3.196832e+00
1.000264184659665e-02	3.196832e+00
1.000291586445033e-02	3.196832e+00
1.000346390015770e-02	3.196830e+00
1.000455997157242e-02	3.196792e+00
1.000675211440188e-02	3.196455e+00
1.000928835494367e-02	3.195068e+00
1.001314064075422e-02	3.144447e+00
1.001669228046635e-02	2.973715e+00
1.002010972603432e-02	2.742518e+00
1.002301526425279e-02	2.622479e+00
1.002575598157449e-02	2.597129e+00
1.002823502073467e-02	2.596550e+00
1.003097883869204e-02	2.596534e+00
1.003646647460676e-02	2.596515e+00
1.004646647460676e-02	2.596487e+00
1.005646647460676e-02	2.596458e+00
1.006646647460676e-02	2.596426e+00
1.007646647460676e-02	2.596388e+00
1.008646647460676e-02	2.596344e+00
1.009646647460676e-02	2.596294e+00
1.010000000000000e-02	2.596195e+00
1.010000000100000e-02	2.596195e+00
1.010000001700000e-02	2.596195e+00
1.010000004900000e-02	2.596195e+00
1.010000011300000e-02	2.596195e+00
1.010000024100000e-02	2.596196e+00
1.010000049700000e-02	2.596198e+00
1.010000100900000e-02	2.596201e+00
1.010000203300000e-02	2.596207e+00
1.010000408100000e-02	2.596217e+00
1.010000817700000e-02	2.596232e+00
1.010001636900000e-02	2.596251e+00
1.010003275300001e-02	2.596266e+00
1.010006552100002e-02	2.596274e+00
1.010013105700003e-02	2.596275e+00
1.010026212900006e-02	2.596274e+00
1.010052427300013e-02	2.596272e+00
1.010104856100025e-02	2.596269e+00
1.010209713700050e-02	2.596262e+00
1.010419428900100e-02	2.596249e+00
1.010838859300201e-02	2.596219e+00
1.011677720100402e-02	2.596152e+00
1.012677720100402e-02	2.641630e+00
1.013677720100402e-02	2.865598e+00
1.014677720100401e-02	3.304180e+00
1.015677720100402e-02	3.797083e+00
1.016677720100402e-02	4.173922e+00
1.017677720100402e-02	4.389500e+00
1.018677720100401e-02	4.523650e+00
1.019677720100402e-02	4.624056e+00
1.020677720100402e-02	4.666202e+00
1.021677720100402e-02	4.662842e+00
1.022677720100401e-02	4.646808e+00
1.023677720100402e-02	4.630063e+00
1.024677720100402e-02	4.613264e+00
1.025677720100402e-02	4.596852e+00
1.026677720100402e-02	4.581123e+00
1.027677720100401e-02	4.566335e+00
1.028677720100402e-02	4.552799e+00
1.029677720100402e-02	4.541044e+00
1.030677720100402e-02	4.532491e+00
1.031677720100401e-02	4.531808e+00
1.032677720100402e-02	4.532774e+00
1.033677720100402e-02	4.499765e+00
1.034677720100402e-02	4.413329e+00
1.035677720100401e-02	4.297749e+00
1.036677720100402e-02	4.146509e+00
1.037677720100402e-02	3.927699e+00
1.038677720100402e-02	3.658764e+00
1.039677720100401e-02	3.411025e+00
1.040677720100402e-02	3.258666e+00
1.041677720100402e-02	3.202809e+00
1.042677720100402e-02	3.191594e+00
1.043677720100402e-02	3.191149e+00
1.044677720100401e-02	3.191694e+00
1.045677720100402e-02	3.192144e+00
1.046677720100402e-02	3.192528e+00
1.047677720100402e-02	3.192861e+00
1.048677720100401e-02	3.193152e+00
1.049677720100402e-02	3.193408e+00
1.050677720100402e-02	3.193636e+00
1.051677720100402e-02	3.193840e+00
1.052677720100401e-02	3.194022e+00
1.053677720100402e-02	3.194187e+00
1.054677720100402e-02	3.194336e+00
1.055677720100402e-02	3.194472e+00
1.056677720100401e-02	3.194597e+00
1.057677720100401e-02	3.194711e+00
1.058677720100402e-02	3.194821e+00
1.059677720100402e-02	3.194937e+00
1.060677720100402e-02	3.195058e+00
1.061677720100401e-02	3.195180e+00
1.062677720100402e-02	3.195297e+00
1.063677720100402e-02	3.195407e+00
1.064677720100402e-02	3.195510e+00
1.065677720100401e-02	3.195605e+00
1.066677720100402e-02	3.195692e+00
1.067677720100402e-02	3.195772e+00
1.068677720100402e-02	3.195845e+00
1.069677720100401e-02	3.195912e+00
1.070677720100402e-02	3.195972e+00
1.071677720100402e-02	3.196028e+00
1.072677720100402e-02	3.196079e+00
1.073677720100401e-02	3.196125e+00
1.074677720100401e-02	3.196167e+00
1.075677720100402e-02	3.196206e+00
1.076677720100402e-02	3.196241e+00
1.077677720100402e-02	3.196273e+00
1.078677720100401e-02	3.196303e+00
1.079677720100402e-02	3.196330e+00
1.080677720100402e-02	3.196355e+00
1.081677720100402e-02	3.196378e+00
1.082677720100401e-02	3.196400e+00
1.083677720100402e-02	3.196419e+00
1.084677720100402e-02	3.196438e+00
1.085677720100402e-02	3.196455e+00
1.086677720100401e-02	3.196470e+00
1.087677720100402e-02	3.196484e+00
1.088677720100402e-02	3.196497e+00
1.089677720100402e-02	3.196510e+00
1.090677720100401e-02	3.196521e+00
1.091677720100401e-02	3.196532e+00
1.092677720100402e-02	3.196542e+00
1.093677720100402e-02	3.196550e+00
1.094677720100402e-02	3.196559e+00
1.095677720100401e-02	3.196567e+00
1.096677720100402e-02	3.196574e+00
1.097677720100402e-02	3.196581e+00
1.098677720100402e-02	3.196588e+00
1.099677720100401e-02	3.196593e+00
1.100000000100000e-02	3.196594e+00
1.100000000200000e-02	3.196594e+00
1.100000001800000e-02	3.196594e+00
1.100000005000000e-02	3.196594e+00
1.100000011400000e-02	3.196595e+00
1.100000024200000e-02	3.196595e+00
1.100000049800000e-02	3.196595e+00
1.100000101000000e-02	3.196595e+00
1.100000203400000e-02	3.196595e+00
1.100000408200000e-02	3.196595e+00
1.100000817800000e-02	3.196595e+00
1.100001637000000e-02	3.196595e+00
1.100003275400001e-02	3.196595e+00
1.100006552200002e-02	3.196595e+00
1.100013105800003e-02	3.196595e+00
1.100026213000006e-02	3.196595e+00
1.100052427400013e-02	3.196595e+00
1.100104856200025e-02	3.196596e+00
1.100209713800050e-02	3.196596e+00
1.100419429000100e-02	3.196597e+00
1.100838859400201e-02	3.196599e+00
1.101677720200402e-02	3.196604e+00
1.102677720200402e-02	3.196609e+00
1.103677720200402e-02	3.196612e+00
1.104677720200402e-02	3.196617e+00
1.105677720200402e-02	3.196620e+00
1.106677720200402e-02	3.196624e+00
1.107677720200402e-02	3.196628e+00
1.108677720200402e-02	3.196630e+00
1.109677720200402e-02	3.196634e+00
1.110677720200402e-02	3.196636e+00
1.111677720200402e-02	3.196639e+00
1.112677720200402e-02	3.196641e+00
1.113677720200402e-02	3.196643e+00
1.114677720200402e-02	3.196645e+00
1.115677720200402e-02	3.196647e+00
1.116677720200402e-02	3.196649e+00
1.117677720200402e-02	3.196651e+00
1.118677720200402e-02	3.196653e+00
1.119677720200402e-02	3.196654e+00
1.120677720200402e-02	3.196655e+00
1.121677720200402e-02	3.196656e+00
1.122677720200402e-02	3.196658e+00
1.123677720200402e-02	3.196659e+00
1.124677720200402e-02	3.196660e+00
1.125677720200402e-02	3.196661e+00
1.126677720200402e-02	3.196662e+00
1.127677720200402e-02	3.196663e+00
1.128677720200402e-02	3.196663e+00
1.129677720200402e-02	3.196665e+00
1.130677720200402e-02	3.196665e+00
1.131677720200402e-02	3.196666e+00
1.132677720200402e-02	3.196667e+00
1.133677720200402e-02	3.196668e+00
1.134677720200402e-02	3.196668e+00
1.135677720200402e-02	3.196669e+00
1.136677720200402e-02	3.196669e+00
1.137677720200402e-02	3.196669e+00
1.138677720200402e-02	3.196670e+00
1.139677720200402e-02	3.196671e+00
1.140677720200402e-02	3.196671e+00
1.141677720200402e-02	3.196671e+00
1.142677720200402e-02	3.196672e+00
1.143677720200402e-02	3.196672e+00
1.144677720200402e-02	3.196673e+00
1.145677720200402e-02	3.196673e+00
1.146677720200402e-02	3.196673e+00
1.147677720200402e-02	3.196673e+00
1.148677720200402e-02	3.196673e+00
1.149677720200402e-02	3.196674e+00
1.150677720200402e-02	3.196674e+00
1.151677720200402e-02	3.196674e+00
1.152677720200402e-02	3.196674e+00
1.153677720200402e-02	3.196675e+00
1.154677720200402e-02	3.196675e+00
1.155677720200402e-02	3.196675e+00
1.156677720200402e-02	3.196676e+00
1.157677720200402e-02	3.196676e+00
1.158677720200402e-02	3.196676e+00
1.159677720200402e-02	3.196676e+00
1.160677720200402e-02	3.196676e+00
1.161677720200402e-02	3.196676e+00
1.162677720200402e-02	3.196677e+00
1.163677720200402e-02	3.196677e+00
1.164677720200402e-02	3.196677e+00
1.165677720200402e-02	3.196677e+00
1.166677720200402e-02	3.196677e+00
1.167677720200402e-02	3.196677e+00
1.168677720200402e-02	3.196678e+00
1.169677720200402e-02	3.196678e+00
1.170677720200402e-02	3.196678e+00
1.171677720200402e-02	3.196678e+00
1.172677720200402e-02	3.196678e+00
1.173677720200402e-02	3.196678e+00
1.174677720200402e-02	3.196678e+00
1.175677720200402e-02	3.196678e+00
1.176677720200402e-02	3.196679e+00
1.177677720200402e-02	3.196678e+00
1.178677720200402e-02	3.196679e+00
1.179677720200402e-02	3.196679e+00
1.180677720200402e-02	3.196679e+00
1.181677720200402e-02	3.196679e+00
1.182677720200402e-02	3.196679e+00
1.183677720200402e-02	3.196679e+00
1.184677720200402e-02	3.196679e+00
1.185677720200402e-02	3.196679e+00
1.186677720200402e-02	3.196680e+00
1.187677720200402e-02	3.196680e+00
1.188677720200402e-02	3.196680e+00
1.189677720200402e-02	3.196680e+00
1.190677720200402e-02	3.196680e+00
1.191677720200402e-02	3.196680e+00
1.192677720200402e-02	3.196680e+00
1.193677720200402e-02	3.196680e+00
1.194677720200402e-02	3.196680e+00
1.195677720200402e-02	3.196680e+00
1.196677720200402e-02	3.196680e+00
1.197677720200402e-02	3.196680e+00
1.198677720200402e-02	3.196680e+00
1.199677720200402e-02	3.196681e+00
1.200677720200402e-02	3.196680e+00
1.201677720200402e-02	3.196681e+00
1.202677720200402e-02	3.196681e+00
1.203677720200402e-02	3.196681e+00
1.204677720200402e-02	3.196681e+00
1.205677720200402e-02	3.196681e+00
1.206677720200402e-02	3.196681e+00
1.207677720200402e-02	3.196681e+00
1.208677720200402e-02	3.196681e+00
1.209677720200402e-02	3.196681e+00
1.210677720200402e-02	3.196681e+00
1.211677720200402e-02	3.196681e+00
1.212677720200402e-02	3.196681e+00
1.213677720200402e-02	3.196681e+00
1.214677720200402e-02	3.196681e+00
1.215677720200402e-02	3.196681e+00
1.216677720200402e-02	3.196681e+00
1.217677720200402e-02	3.196682e+00
1.218677720200402e-02	3.196681e+00
1.219677720200402e-02	3.196681e+00
1.220677720200402e-02	3.196682e+00
1.221677720200402e-02	3.196682e+00
1.222677720200402e-02	3.196682e+00
1.223677720200402e-02	3.196682e+00
1.224677720200402e-02	3.196682e+00
1.225677720200402e-02	3.196682e+00
1.226677720200402e-02	3.196682e+00
1.227677720200402e-02	3.196682e+00
1.228677720200402e-02	3.196682e+00
1.229677720200402e-02	3.196682e+00
1.230677720200402e-02	3.196682e+00
1.231677720200402e-02	3.196682e+00
1.232677720200402e-02	3.196682e+00
1.233677720200402e-02	3.196683e+00
1.234677720200402e-02	3.196683e+00
1.235677720200402e-02	3.196683e+00
1.236677720200402e-02	3.196683e+00
1.237677720200402e-02	3.196683e+00
1.238677720200402e-02	3.196683e+00
1.239677720200402e-02	3.196683e+00
1.240677720200402e-02	3.196683e+00
1.241677720200402e-02	3.196683e+00
1.242677720200402e-02	3.196683e+00
1.243677720200402e-02	3.196683e+00
1.244677720200402e-02	3.196683e+00
1.245677720200402e-02	3.196683e+00
1.246677720200402e-02	3.196683e+00
1.247677720200402e-02	3.196684e+00
1.248677720200402e-02	3.196684e+00
1.249677720200402e-02	3.196683e+00
1.250677720200402e-02	3.196684e+00
1.251677720200402e-02	3.196684e+00
1.252677720200402e-02	3.196683e+00
1.253677720200402e-02	3.196683e+00
1.254677720200402e-02	3.196684e+00
1.255677720200402e-02	3.196684e+00
1.256677720200402e-02	3.196684e+00
1.257677720200402e-02	3.196684e+00
1.258677720200402e-02	3.196684e+00
1.259677720200402e-02	3.196684e+00
1.260677720200402e-02	3.196684e+00
1.261677720200402e-02	3.196684e+00
1.262677720200402e-02	3.196684e+00
1.263677720200402e-02	3.196684e+00
1.264677720200402e-02	3.196684e+00
1.265677720200402e-02	3.196684e+00
1.266677720200402e-02	3.196684e+00
1.267677720200402e-02	3.196684e+00
1.268677720200402e-02	3.196684e+00
1.269677720200402e-02	3.196684e+00
1.270677720200402e-02	3.196684e+00
1.271677720200402e-02	3.196684e+00
1.272677720200402e-02	3.196684e+00
1.273677720200402e-02	3.196684e+00
1.274677720200402e-02	3.196685e+00
1.275677720200402e-02	3.196685e+00
1.276677720200402e-02	3.196684e+00
1.277677720200402e-02	3.196685e+00
1.278677720200402e-02	3.196684e+00
1.279677720200402e-02	3.196685e+00
1.280677720200402e-02	3.196684e+00
1.281677720200402e-02	3.196685e+00
1.282677720200402e-02	3.196685e+00
1.283677720200402e-02	3.196685e+00
1.284677720200402e-02	3.196685e+00
1.285677720200402e-02	3.196685e+00
1.286677720200402e-02	3.196685e+00
1.287677720200402e-02	3.196685e+00
1.288677720200402e-02	3.196685e+00
1.289677720200402e-02	3.196685e+00
1.290677720200402e-02	3.196685e+00
1.291677720200402e-02	3.196685e+00
1.292677720200402e-02	3.196685e+00
1.293677720200402e-02	3.196685e+00
1.294677720200402e-02	3.196685e+00
1.295677720200402e-02	3.196685e+00
1.296677720200402e-02	3.196685e+00
1.297677720200402e-02	3.196685e+00
1.298677720200402e-02	3.196685e+00
1.299677720200402e-02	3.196685e+00
1.300677720200402e-02	3.196685e+00
1.301677720200402e-02	3.196685e+00
1.302677720200402e-02	3.196685e+00
1.303677720200402e-02	3.196685e+00
1.304677720200402e-02	3.196685e+00
1.305677720200402e-02	3.196685e+00
1.306677720200402e-02	3.196685e+00
1.307677720200402e-02	3.196685e+00
1.308677720200402e-02	3.196685e+00
1.309677720200402e-02	3.196685e+00
1.310677720200402e-02	3.196685e+00
1.311677720200402e-02	3.196685e+00
1.312677720200402e-02	3.196685e+00
1.313677720200402e-02	3.196685e+00
1.314677720200402e-02	3.196685e+00
1.315677720200402e-02	3.196685e+00
1.316677720200402e-02	3.196686e+00
1.317677720200402e-02	3.196685e+00
1.318677720200402e-02	3.196685e+00
1.319677720200402e-02	3.196685e+00
1.320677720200402e-02	3.196685e+00
1.321677720200402e-02	3.196685e+00
1.322677720200402e-02	3.196685e+00
1.323677720200402e-02	3.196685e+00
1.324677720200402e-02	3.196685e+00
1.325677720200402e-02	3.196685e+00
1.326677720200402e-02	3.196686e+00
1.327677720200402e-02	3.196685e+00
1.328677720200402e-02	3.196685e+00
1.329677720200402e-02	3.196685e+00
1.330677720200402e-02	3.196686e+00
1.331677720200402e-02	3.196686e+00
1.332677720200402e-02	3.196686e+00
1.333677720200402e-02	3.196686e+00
1.334677720200402e-02	3.196686e+00
1.335677720200402e-02	3.196685e+00
1.336677720200402e-02	3.196686e+00
1.337677720200402e-02	3.196686e+00
1.338677720200402e-02	3.196685e+00
1.339677720200402e-02	3.196686e+00
1.340677720200402e-02	3.196686e+00
1.341677720200402e-02	3.196686e+00
1.342677720200402e-02	3.196686e+00
1.343677720200402e-02	3.196686e+00
1.344677720200402e-02	3.196686e+00
1.345677720200402e-02	3.196686e+00
1.346677720200402e-02	3.196686e+00
1.347677720200402e-02	3.196686e+00
1.348677720200402e-02	3.196686e+00
1.349677720200402e-02	3.196686e+00
1.350677720200402e-02	3.196686e+00
1.351677720200402e-02	3.196686e+00
1.352677720200402e-02	3.196686e+00
1.353677720200402e-02	3.196686e+00
1.354677720200402e-02	3.196686e+00
1.355677720200401e-02	3.196686e+00
1.356677720200402e-02	3.196686e+00
1.357677720200402e-02	3.196686e+00
1.358677720200402e-02	3.196686e+00
1.359677720200402e-02	3.196686e+00
1.360677720200402e-02	3.196686e+00
1.361677720200402e-02	3.196686e+00
1.362677720200402e-02	3.196686e+00
1.363677720200402e-02	3.196686e+00
1.364677720200402e-02	3.196686e+00
1.365677720200402e-02	3.196686e+00
1.366677720200402e-02	3.196686e+00
1.367677720200402e-02	3.196686e+00
1.368677720200402e-02	3.196686e+00
1.369677720200402e-02	3.196686e+00
1.370677720200402e-02	3.196686e+00
1.371677720200402e-02	3.196686e+00
1.372677720200401e-02	3.196686e+00
1.373677720200402e-02	3.196686e+00
1.374677720200402e-02	3.196686e+00
1.375677720200402e-02	3.196686e+00
1.376677720200402e-02	3.196686e+00
1.377677720200402e-02	3.196686e+00
1.378677720200402e-02	3.196686e+00
1.379677720200402e-02	3.196686e+00
1.380677720200402e-02	3.196686e+00
1.381677720200402e-02	3.196686e+00
1.382677720200402e-02	3.196686e+00
1.383677720200402e-02	3.196686e+00
1.384677720200402e-02	3.196686e+00
1.385677720200402e-02	3.196686e+00
1.386677720200402e-02	3.196686e+00
1.387677720200402e-02	3.196686e+00
1.388677720200402e-02	3.196686e+00
1.389677720200401e-02	3.196686e+00
1.390677720200402e-02	3.196686e+00
1.391677720200402e-02	3.196686e+00
1.392677720200402e-02	3.196686e+00
1.393677720200402e-02	3.196686e+00
1.394677720200402e-02	3.196686e+00
1.395677720200402e-02	3.196686e+00
1.396677720200402e-02	3.196686e+00
1.397677720200402e-02	3.196686e+00
1.398677720200402e-02	3.196686e+00
1.399677720200402e-02	3.196686e+00
1.400677720200402e-02	3.196686e+00
1.401677720200402e-02	3.196686e+00
1.402677720200402e-02	3.196686e+00
1.403677720200402e-02	3.196686e+00
1.404677720200402e-02	3.196686e+00
1.405677720200402e-02	3.196686e+00
1.406677720200402e-02	3.196686e+00
1.407677720200402e-02	3.196686e+00
1.408677720200402e-02	3.196686e+00
1.409677720200402e-02	3.196686e+00
1.410677720200402e-02	3.196686e+00
1.411677720200402e-02	3.196687e+00
1.412677720200402e-02	3.196686e+00
1.413677720200402e-02	3.196686e+00
1.414677720200402e-02	3.196686e+00
1.415677720200402e-02	3.196687e+00
1.416677720200402e-02	3.196686e+00
1.417677720200402e-02	3.196686e+00
1.418677720200402e-02	3.196686e+00
1.419677720200401e-02	3.196686e+00
1.420677720200402e-02	3.196686e+00
1.421677720200402e-02	3.196686e+00
1.422677720200402e-02	3.196686e+00
1.423677720200402e-02	3.196686e+00
1.424677720200402e-02	3.196686e+00
1.425677720200402e-02	3.196686e+00
1.426677720200402e-02	3.196686e+00
1.427677720200402e-02	3.196686e+00
1.428677720200402e-02	3.196686e+00
1.429677720200402e-02	3.196687e+00
1.430677720200402e-02	3.196686e+00
1.431677720200402e-02	3.196686e+00
1.432677720200402e-02	3.196687e+00
1.433677720200402e-02	3.196686e+00
1.434677720200402e-02	3.196687e+00
1.435677720200402e-02	3.196686e+00
1.436677720200401e-02	3.196686e+00
1.437677720200402e-02	3.196686e+00
1.438677720200402e-02	3.196686e+00
1.439677720200402e-02	3.196686e+00
1.440677720200402e-02	3.196686e+00
1.441677720200402e-02	3.196686e+00
1.442677720200402e-02	3.196686e+00
1.443677720200402e-02	3.196686e+00
1.444677720200402e-02	3.196686e+00
1.445677720200402e-02	3.196686e+00
1.446677720200402e-02	3.196686e+00
1.447677720200402e-02	3.196687e+00
1.448677720200402e-02	3.196686e+00
1.449677720200402e-02	3.196686e+00
1.450677720200402e-02	3.196686e+00
1.451677720200402e-02	3.196686e+00
1.452677720200402e-02	3.196686e+00
1.453677720200401e-02	3.196686e+00
1.454677720200402e-02	3.196686e+00
1.455677720200402e-02	3.196687e+00
1.456677720200402e-02	3.196686e+00
1.457677720200402e-02	3.196686e+00
1.458677720200402e-02	3.196686e+00
1.459677720200402e-02	3.196686e+00
1.460677720200402e-02	3.196686e+00
1.461677720200402e-02	3.196687e+00
1.462677720200402e-02	3.196687e+00
1.463677720200402e-02	3.196687e+00
1.464677720200402e-02	3.196686e+00
1.465677720200402e-02	3.196686e+00
1.466677720200402e-02	3.196686e+00
1.467677720200402e-02	3.196686e+00
1.468677720200402e-02	3.196687e+00
1.469677720200402e-02	3.196687e+00
1.470677720200401e-02	3.196686e+00
1.471677720200402e-02	3.196687e+00
1.472677720200402e-02	3.196686e+00
1.473677720200402e-02	3.196686e+00
1.474677720200402e-02	3.196687e+00
1.475677720200402e-02	3.196686e+00
1.476677720200402e-02	3.196687e+00
1.477677720200402e-02	3.196686e+00
1.478677720200402e-02	3.196686e+00
1.479677720200402e-02	3.196687e+00
1.480677720200402e-02	3.196686e+00
1.481677720200402e-02	3.196686e+00
1.482677720200402e-02	3.196687e+00
1.483677720200401e-02	3.196687e+00
1.484677720200402e-02	3.196686e+00
1.485677720200402e-02	3.196686e+00
1.486677720200402e-02	3.196686e+00
1.487677720200401e-02	3.196687e+00
1.488677720200402e-02	3.196687e+00
1.489677720200402e-02	3.196687e+00
1.490677720200402e-02	3.196687e+00
1.491677720200402e-02	3.196687e+00
1.492677720200402e-02	3.196687e+00
1.493677720200402e-02	3.196687e+00
1.494677720200402e-02	3.196686e+00
1.495677720200402e-02	3.196686e+00
1.496677720200402e-02	3.196686e+00
1.497677720200402e-02	3.196686e+00
1.498677720200402e-02	3.196687e+00
1.499677720200402e-02	3.196687e+00
1.500677720200401e-02	3.196686e+00
1.501677720200402e-02	3.196686e+00
1.502677720200402e-02	3.196687e+00
1.503677720200402e-02	3.196687e+00
1.504677720200401e-02	3.196686e+00
1.505677720200402e-02	3.196687e+00
1.506677720200402e-02	3.196686e+00
1.507677720200402e-02	3.196686e+00
1.508677720200402e-02	3.196687e+00
1.509677720200402e-02	3.196686e+00
1.510677720200402e-02	3.196687e+00
1.511677720200402e-02	3.196686e+00
1.512677720200402e-02	3.196687e+00
1.513677720200402e-02	3.196686e+00
1.514677720200402e-02	3.196686e+00
1.515677720200402e-02	3.196687e+00
1.516677720200402e-02	3.196686e+00
1.517677720200401e-02	3.196687e+00
1.518677720200402e-02	3.196686e+00
1.519677720200402e-02	3.196686e+00
1.520677720200402e-02	3.196687e+00
1.521677720200401e-02	3.196686e+00
1.522677720200402e-02	3.196686e+00
1.523677720200402e-02	3.196687e+00
1.524677720200402e-02	3.196687e+00
1.525677720200402e-02	3.196686e+00
1.526677720200402e-02	3.196686e+00
1.527677720200402e-02	3.196687e+00
1.528677720200402e-02	3.196687e+00
1.529677720200402e-02	3.196687e+00
1.530677720200402e-02	3.196687e+00
1.531677720200402e-02	3.196686e+00
1.532677720200402e-02	3.196686e+00
1.533677720200402e-02	3.196686e+00
1.534677720200401e-02	3.196686e+00
1.535677720200402e-02	3.196686e+00
1.536677720200402e-02	3.196686e+00
1.537677720200402e-02	3.196687e+00
1.538677720200401e-02	3.196687e+00
1.539677720200402e-02	3.196687e+00
1.540677720200402e-02	3.196687e+00
1.541677720200402e-02	3.196687e+00
1.542677720200402e-02	3.196686e+00
1.543677720200402e-02	3.196686e+00
1.544677720200402e-02	3.196686e+00
1.545677720200402e-02	3.196686e+00
1.546677720200402e-02	3.196686e+00
1.547677720200401e-02	3.196686e+00
1.548677720200402e-02	3.196687e+00
1.549677720200402e-02	3.196687e+00
1.550677720200402e-02	3.196687e+00
1.551677720200401e-02	3.196687e+00
1.552677720200402e-02	3.196686e+00
1.553677720200402e-02	3.196686e+00
1.554677720200402e-02	3.196686e+00
1.555677720200402e-02	3.196687e+00
1.556677720200402e-02	3.196687e+00
1.557677720200402e-02	3.196686e+00
1.558677720200402e-02	3.196686e+00
1.559677720200402e-02	3.196687e+00
1.560677720200402e-02	3.196687e+00
1.561677720200402e-02	3.196686e+00
1.562677720200402e-02	3.196686e+00
1.563677720200402e-02	3.196687e+00
1.564677720200401e-02	3.196687e+00
1.565677720200401e-02	3.196686e+00
1.566677720200401e-02	3.196687e+00
1.567677720200402e-02	3.196687e+00
1.568677720200402e-02	3.196686e+00
1.569677720200402e-02	3.196687e+00
1.570677720200402e-02	3.196687e+00
1.571677720200402e-02	3.196686e+00
1.572677720200402e-02	3.196687e+00
1.573677720200401e-02	3.196687e+00
1.574677720200401e-02	3.196686e+00
1.575677720200402e-02	3.196687e+00
1.576677720200402e-02	3.196686e+00
1.577677720200402e-02	3.196687e+00
1.578677720200402e-02	3.196686e+00
1.579677720200402e-02	3.196687e+00
1.580677720200402e-02	3.196687e+00
1.581677720200401e-02	3.196686e+00
1.582677720200401e-02	3.196687e+00
1.583677720200401e-02	3.196686e+00
1.584677720200402e-02	3.196687e+00
1.585677720200402e-02	3.196686e+00
1.586677720200402e-02	3.196687e+00
1.587677720200402e-02	3.196686e+00
1.588677720200402e-02	3.196687e+00
1.589677720200402e-02	3.196686e+00
1.590677720200401e-02	3.196687e+00
1.591677720200401e-02	3.196686e+00
1.592677720200402e-02	3.196687e+00
1.593677720200402e-02	3.196686e+00
1.594677720200402e-02	3.196687e+00
1.595677720200402e-02	3.196686e+00
1.596677720200402e-02	3.196687e+00
1.597677720200402e-02	3.196687e+00
1.598677720200401e-02	3.196686e+00
1.599677720200401e-02	3.196687e+00
1.600677720200401e-02	3.196686e+00
1.601677720200402e-02	3.196687e+00
1.602677720200402e-02	3.196686e+00
1.603677720200402e-02	3.196687e+00
1.604677720200402e-02	3.196687e+00
1.605677720200402e-02	3.196686e+00
1.606677720200402e-02	3.196687e+00
1.607677720200401e-02	3.196686e+00
1.608677720200401e-02	3.196686e+00
1.609677720200402e-02	3.196687e+00
1.610677720200402e-02	3.196686e+00
1.611677720200402e-02	3.196687e+00
1.612677720200402e-02	3.196687e+00
1.613677720200402e-02	3.196686e+00
1.614677720200402e-02	3.196687e+00
1.615677720200401e-02	3.196687e+00
1.616677720200401e-02	3.196686e+00
1.617677720200401e-02	3.196687e+00
1.618677720200402e-02	3.196687e+00
1.619677720200402e-02	3.196686e+00
1.620677720200402e-02	3.196687e+00
1.621677720200402e-02	3.196687e+00
1.622677720200402e-02	3.196686e+00
1.623677720200402e-02	3.196687e+00
1.624677720200401e-02	3.196687e+00
1.625677720200401e-02	3.196686e+00
1.626677720200402e-02	3.196686e+00
1.627677720200402e-02	3.196687e+00
1.628677720200402e-02	3.196687e+00
1.629677720200402e-02	3.196686e+00
1.630677720200402e-02	3.196687e+00
1.631677720200402e-02	3.196687e+00
1.632677720200401e-02	3.196687e+00
1.633677720200401e-02	3.196686e+00
1.634677720200401e-02	3.196687e+00
1.635677720200402e-02	3.196687e+00
1.636677720200402e-02	3.196686e+00
1.637677720200402e-02	3.196686e+00
1.638677720200402e-02	3.196687e+00
1.639677720200402e-02	3.196687e+00
1.640677720200402e-02	3.196687e+00
1.641677720200401e-02	3.196686e+00
1.642677720200401e-02	3.196687e+00
1.643677720200401e-02	3.196687e+00
1.644677720200402e-02	3.196687e+00
1.645677720200402e-02	3.196686e+00
1.646677720200402e-02	3.196686e+00
1.647677720200402e-02	3.196687e+00
1.648677720200402e-02	3.196687e+00
1.649677720200401e-02	3.196687e+00
1.650677720200401e-02	3.196686e+00
1.651677720200401e-02	3.196687e+00
1.652677720200402e-02	3.196687e+00
1.653677720200402e-02	3.196687e+00
1.654677720200402e-02	3.196686e+00
1.655677720200402e-02	3.196686e+00
1.656677720200402e-02	3.196686e+00
1.657677720200402e-02	3.196687e+00
1.658677720200401e-02	3.196687e+00
1.659677720200401e-02	3.196687e+00
1.660677720200401e-02	3.196686e+00
1.661677720200402e-02	3.196686e+00
1.662677720200402e-02	3.196687e+00
1.663677720200402e-02	3.196687e+00
1.664677720200402e-02	3.196687e+00
1.665677720200402e-02	3.196687e+00
1.666677720200401e-02	3.196686e+00
1.667677720200401e-02	3.196686e+00
1.668677720200401e-02	3.196687e+00
1.669677720200402e-02	3.196687e+00
1.670677720200402e-02	3.196687e+00
1.671677720200402e-02	3.196687e+00
1.672677720200402e-02	3.196686e+00
1.673677720200402e-02	3.196686e+00
1.674677720200402e-02	3.196686e+00
1.675677720200401e-02	3.196687e+00
1.676677720200401e-02	3.196687e+00
1.677677720200401e-02	3.196687e+00
1.678677720200402e-02	3.196687e+00
1.679677720200402e-02	3.196686e+00
1.680677720200402e-02	3.196686e+00
1.681677720200402e-02	3.196687e+00
1.682677720200402e-02	3.196687e+00
1.683677720200401e-02	3.196687e+00
1.684677720200401e-02	3.196687e+00
1.685677720200401e-02	3.196687e+00
1.686677720200402e-02	3.196687e+00
1.687677720200402e-02	3.196686e+00
1.688677720200402e-02	3.196686e+00
1.689677720200402e-02	3.196687e+00
1.690677720200402e-02	3.196687e+00
1.691677720200402e-02	3.196687e+00
1.692677720200401e-02	3.196687e+00
1.693677720200401e-02	3.196687e+00
1.694677720200401e-02	3.196687e+00
1.695677720200402e-02	3.196686e+00
1.696677720200402e-02	3.196686e+00
1.697677720200402e-02	3.196686e+00
1.698677720200402e-02	3.196686e+00
1.699677720200402e-02	3.196687e+00
1.700677720200401e-02	3.196687e+00
1.701677720200401e-02	3.196687e+00
1.702677720200401e-02	3.196687e+00
1.703677720200402e-02	3.196687e+00
1.704677720200402e-02	3.196687e+00
1.705677720200402e-02	3.196686e+00
1.706677720200402e-02	3.196686e+00
1.707677720200402e-02	3.196686e+00
1.708677720200402e-02	3.196686e+00
1.709677720200401e-02	3.196687e+00
1.710677720200401e-02	3.196687e+00
1.711677720200401e-02	3.196687e+00
1.712677720200402e-02	3.196687e+00
1.713677720200402e-02	3.196687e+00
1.714677720200402e-02	3.196687e+00
1.715677720200402e-02	3.196687e+00
1.716677720200402e-02	3.196686e+00
1.717677720200401e-02	3.196686e+00
1.718677720200401e-02	3.196686e+00
1.719677720200401e-02	3.196686e+00
1.720677720200402e-02	3.196686e+00
1.721677720200402e-02	3.196687e+00
1.722677720200402e-02	3.196687e+00
1.723677720200402e-02	3.196687e+00
1.724677720200402e-02	3.196687e+00
1.725677720200402e-02	3.196687e+00
1.726677720200401e-02	3.196687e+00
1.727677720200401e-02	3.196687e+00
1.728677720200401e-02	3.196687e+00
1.729677720200402e-02	3.196687e+00
1.730677720200402e-02	3.196686e+00
1.731677720200402e-02	3.196686e+00
1.732677720200402e-02	3.196686e+00
1.733677720200402e-02	3.196686e+00
1.734677720200401e-02	3.196686e+00
1.735677720200401e-02	3.196687e+00
1.736677720200401e-02	3.196687e+00
1.737677720200402e-02	3.196687e+00
1.738677720200402e-02	3.196687e+00
1.739677720200402e-02	3.196687e+00
1.740677720200402e-02	3.196687e+00
1.741677720200402e-02	3.196687e+00
1.742677720200402e-02	3.196687e+00
1.743677720200401e-02	3.196687e+00
1.744677720200401e-02	3.196687e+00
1.745677720200401e-02	3.196687e+00
1.746677720200402e-02	3.196687e+00
1.747677720200402e-02	3.196686e+00
1.748677720200402e-02	3.196686e+00
1.749677720200402e-02	3.196686e+00
1.750677720200402e-02	3.196686e+00
1.751677720200401e-02	3.196686e+00
1.752677720200401e-02	3.196686e+00
1.753677720200401e-02	3.196686e+00
1.754677720200402e-02	3.196686e+00
1.755677720200402e-02	3.196687e+00
1.756677720200402e-02	3.196687e+00
1.757677720200402e-02	3.196687e+00
1.758677720200402e-02	3.196687e+00
1.759677720200402e-02	3.196687e+00
1.760677720200401e-02	3.196687e+00
1.761677720200401e-02	3.196687e+00
1.762677720200401e-02	3.196687e+00
1.763677720200402e-02	3.196687e+00
1.764677720200402e-02	3.196687e+00
1.765677720200402e-02	3.196687e+00
1.766677720200402e-02	3.196687e+00
1.767677720200402e-02	3.196687e+00
1.768677720200401e-02	3.196687e+00
1.769677720200401e-02	3.196687e+00
1.770677720200401e-02	3.196686e+00
1.771677720200401e-02	3.196686e+00
1.772677720200402e-02	3.196686e+00
1.773677720200402e-02	3.196686e+00
1.774677720200402e-02	3.196686e+00
1.775677720200402e-02	3.196686e+00
1.776677720200402e-02	3.196686e+00
1.777677720200401e-02	3.196686e+00
1.778677720200401e-02	3.196686e+00
1.779677720200401e-02	3.196687e+00
1.780677720200402e-02	3.196687e+00
1.781677720200402e-02	3.196687e+00
1.782677720200402e-02	3.196687e+00
1.783677720200402e-02	3.196687e+00
1.784677720200402e-02	3.196687e+00
1.785677720200401e-02	3.196687e+00
1.786677720200401e-02	3.196687e+00
1.787677720200401e-02	3.196687e+00
1.788677720200401e-02	3.196687e+00
1.789677720200402e-02	3.196687e+00
1.790677720200402e-02	3.196687e+00
1.791677720200402e-02	3.196687e+00
1.792677720200402e-02	3.196687e+00
1.793677720200402e-02	3.196687e+00
1.794677720200401e-02	3.196687e+00
1.795677720200401e-02	3.196687e+00
1.796677720200401e-02	3.196687e+00
1.797677720200402e-02	3.196687e+00
1.798677720200402e-02	3.196687e+00
1.799677720200402e-02	3.196687e+00
1.800677720200402e-02	3.196687e+00
1.801677720200402e-02	3.196687e+00
1.802677720200401e-02	3.196687e+00
1.803677720200401e-02	3.196686e+00
1.804677720200401e-02	3.196686e+00
1.805677720200401e-02	3.196686e+00
1.806677720200402e-02	3.196686e+00
1.807677720200402e-02	3.196686e+00
1.808677720200402e-02	3.196686e+00
1.809677720200402e-02	3.196686e+00
1.810677720200402e-02	3.196686e+00
1.811677720200401e-02	3.196686e+00
1.812677720200401e-02	3.196686e+00
1.813677720200401e-02	3.196686e+00
1.814677720200402e-02	3.196686e+00
1.815677720200402e-02	3.196686e+00
1.816677720200402e-02	3.196686e+00
1.817677720200402e-02	3.196686e+00
1.818677720200402e-02	3.196686e+00
1.819677720200401e-02	3.196686e+00
1.820677720200401e-02	3.196686e+00
1.821677720200401e-02	3.196686e+00
1.822677720200401e-02	3.196686e+00
1.823677720200402e-02	3.196687e+00
1.824677720200402e-02	3.196687e+00
1.825677720200402e-02	3.196687e+00
1.826677720200402e-02	3.196687e+00
1.827677720200402e-02	3.196687e+00
1.828677720200401e-02	3.196687e+00
1.829677720200401e-02	3.196687e+00
1.830677720200401e-02	3.196687e+00
1.831677720200402e-02	3.196687e+00
1.832677720200402e-02	3.196687e+00
1.833677720200402e-02	3.196687e+00
1.834677720200402e-02	3.196687e+00
1.835677720200402e-02	3.196687e+00
1.836677720200402e-02	3.196687e+00
1.837677720200401e-02	3.196687e+00
1.838677720200401e-02	3.196687e+00
1.839677720200401e-02	3.196687e+00
1.840677720200402e-02	3.196687e+00
1.841677720200402e-02	3.196687e+00
1.842677720200402e-02	3.196687e+00
1.843677720200402e-02	3.196687e+00
1.844677720200402e-02	3.196687e+00
1.845677720200401e-02	3.196687e+00
1.846677720200401e-02	3.196687e+00
1.847677720200401e-02	3.196687e+00
1.848677720200402e-02	3.196687e+00
1.849677720200402e-02	3.196687e+00
1.850677720200402e-02	3.196687e+00
1.851677720200402e-02	3.196687e+00
1.852677720200402e-02	3.196687e+00
1.853677720200402e-02	3.196687e+00
1.854677720200401e-02	3.196687e+00
1.855677720200401e-02	3.196687e+00
1.856677720200401e-02	3.196687e+00
1.857677720200402e-02	3.196687e+00
1.858677720200402e-02	3.196687e+00
1.859677720200402e-02	3.196687e+00
1.860677720200402e-02	3.196687e+00
1.861677720200402e-02	3.196687e+00
1.862677720200401e-02	3.196687e+00
1.863677720200401e-02	3.196687e+00
1.864677720200401e-02	3.196687e+00
1.865677720200402e-02	3.196687e+00
1.866677720200402e-02	3.196687e+00
1.867677720200402e-02	3.196687e+00
1.868677720200402e-02	3.196686e+00
1.869677720200402e-02	3.196686e+00
1.870677720200402e-02	3.196686e+00
1.871677720200401e-02	3.196686e+00
1.872677720200401e-02	3.196686e+00
1.873677720200401e-02	3.196686e+00
1.874677720200402e-02	3.196686e+00
1.875677720200402e-02	3.196686e+00
1.876677720200402e-02	3.196686e+00
1.877677720200402e-02	3.196686e+00
1.878677720200402e-02	3.196686e+00
1.879677720200401e-02	3.196686e+00
1.880677720200401e-02	3.196686e+00
1.881677720200401e-02	3.196686e+00
1.882677720200402e-02	3.196686e+00
1.883677720200402e-02	3.196686e+00
1.884677720200402e-02	3.196686e+00
1.885677720200402e-02	3.196686e+00
1.886677720200402e-02	3.196686e+00
1.887677720200402e-02	3.196686e+00
1.888677720200401e-02	3.196686e+00
1.889677720200401e-02	3.196686e+00
1.890677720200401e-02	3.196686e+00
1.891677720200402e-02	3.196686e+00
1.892677720200402e-02	3.196686e+00
1.893677720200402e-02	3.196686e+00
1.894677720200402e-02	3.196686e+00
1.895677720200402e-02	3.196686e+00
1.896677720200401e-02	3.196686e+00
1.897677720200401e-02	3.196686e+00
1.898677720200401e-02	3.196686e+00
1.899677720200401e-02	3.196686e+00
1.900677720200402e-02	3.196686e+00
1.901677720200402e-02	3.196686e+00
1.902677720200402e-02	3.196686e+00
1.903677720200402e-02	3.196686e+00
1.904677720200402e-02	3.196686e+00
1.905677720200401e-02	3.196686e+00
1.906677720200401e-02	3.196686e+00
1.907677720200401e-02	3.196686e+00
1.908677720200402e-02	3.196686e+00
1.909677720200402e-02	3.196686e+00
1.910677720200402e-02	3.196686e+00
1.911677720200402e-02	3.196686e+00
1.912677720200402e-02	3.196686e+00
1.913677720200401e-02	3.196686e+00
1.914677720200401e-02	3.196686e+00
1.915677720200401e-02	3.196687e+00
1.916677720200401e-02	3.196687e+00
1.917677720200402e-02	3.196687e+00
1.918677720200402e-02	3.196687e+00
1.919677720200402e-02	3.196687e+00
1.920677720200402e-02	3.196687e+00
1.921677720200402e-02	3.196687e+00
1.922677720200401e-02	3.196687e+00
1.923677720200401e-02	3.196687e+00
1.924677720200401e-02	3.196687e+00
1.925677720200402e-02	3.196687e+00
1.926677720200402e-02	3.196687e+00
1.927677720200402e-02	3.196687e+00
1.928677720200402e-02	3.196687e+00
1.929677720200402e-02	3.196687e+00
1.930677720200401e-02	3.196687e+00
1.931677720200401e-02	3.196687e+00
1.932677720200401e-02	3.196687e+00
1.933677720200401e-02	3.196687e+00
1.934677720200402e-02	3.196687e+00
1.935677720200402e-02	3.196687e+00
1.936677720200402e-02	3.196687e+00
1.937677720200402e-02	3.196687e+00
1.938677720200402e-02	3.196687e+00
1.939677720200401e-02	3.196687e+00
1.940677720200401e-02	3.196687e+00
1.941677720200401e-02	3.196687e+00
1.942677720200402e-02	3.196687e+00
1.943677720200402e-02	3.196687e+00
1.944677720200402e-02	3.196687e+00
1.945677720200402e-02	3.196687e+00
1.946677720200402e-02	3.196687e+00
1.947677720200401e-02	3.196687e+00
1.948677720200401e-02	3.196687e+00
1.949677720200401e-02	3.196687e+00
1.950677720200401e-02	3.196687e+00
1.951677720200402e-02	3.196687e+00
1.952677720200402e-02	3.196687e+00
1.953677720200402e-02	3.196687e+00
1.954677720200402e-02	3.196687e+00
1.955677720200402e-02	3.196687e+00
1.956677720200401e-02	3.196687e+00
1.957677720200401e-02	3.196687e+00
1.958677720200401e-02	3.196687e+00
1.959677720200402e-02	3.196687e+00
1.960677720200402e-02	3.196687e+00
1.961677720200402e-02	3.196687e+00
1.962677720200402e-02	3.196687e+00
1.963677720200402e-02	3.196687e+00
1.964677720200401e-02	3.196687e+00
1.965677720200401e-02	3.196687e+00
1.966677720200401e-02	3.196687e+00
1.967677720200401e-02	3.196687e+00
1.968677720200402e-02	3.196687e+00
1.969677720200402e-02	3.196687e+00
1.970677720200402e-02	3.196687e+00
1.971677720200402e-02	3.196687e+00
1.972677720200402e-02	3.196687e+00
1.973677720200401e-02	3.196687e+00
1.974677720200401e-02	3.196687e+00
1.975677720200401e-02	3.196687e+00
1.976677720200402e-02	3.196687e+00
1.977677720200402e-02	3.196687e+00
1.978677720200402e-02	3.196687e+00
1.979677720200402e-02	3.196687e+00
1.980677720200402e-02	3.196687e+00
1.981677720200401e-02	3.196687e+00
1.982677720200401e-02	3.196687e+00
1.983677720200401e-02	3.196687e+00
1.984677720200401e-02	3.196687e+00
1.985677720200402e-02	3.196687e+00
1.986677720200402e-02	3.196687e+00
1.987677720200402e-02	3.196687e+00
1.988677720200402e-02	3.196687e+00
1.989677720200402e-02	3.196687e+00
1.990677720200401e-02	3.196687e+00
1.991677720200401e-02	3.196687e+00
1.992677720200401e-02	3.196687e+00
1.993677720200402e-02	3.196687e+00
1.994677720200402e-02	3.196687e+00
1.995677720200402e-02	3.196687e+00
1.996677720200402e-02	3.196687e+00
1.997677720200402e-02	3.196687e+00
1.998677720200401e-02	3.196687e+00
1.999677720200401e-02	3.196687e+00
2.000000000000000e-02	3.196687e+00
2.000000000100000e-02	3.196687e+00
2.000000000200000e-02	3.196687e+00
2.000000000440036e-02	3.196687e+00
2.000000000670974e-02	3.196687e+00
2.000000001132851e-02	3.196687e+00
2.000000002056606e-02	3.196687e+00
2.000000003904114e-02	3.196687e+00
2.000000007599130e-02	3.196687e+00
2.000000014989163e-02	3.196687e+00
2.000000029769228e-02	3.196687e+00
2.000000059329359e-02	3.196687e+00
2.000000118449621e-02	3.196687e+00
2.000000236690145e-02	3.196687e+00
2.000000473171193e-02	3.196686e+00
2.000000946133288e-02	3.196687e+00
2.000001768540547e-02	3.196687e+00
2.000002963175470e-02	3.196687e+00
2.000005352445315e-02	3.196687e+00
2.000010104535558e-02	3.196687e+00
2.000015439843808e-02	3.196687e+00
2.000020650471450e-02	3.196687e+00
2.000026265951964e-02	3.196687e+00
2.000031778452566e-02	3.196686e+00
2.000042803453771e-02	3.196687e+00
2.000045559704072e-02	3.196686e+00
2.000051072204674e-02	3.196686e+00
2.000062097205879e-02	3.196686e+00
2.000064257356677e-02	3.196686e+00
2.000068577658273e-02	3.196686e+00
2.000077218261464e-02	3.196687e+00
2.000094499467846e-02	3.196686e+00
2.000129061880612e-02	3.196685e+00
2.000186360692319e-02	3.196682e+00
2.000258978847858e-02	3.196677e+00
2.000363230313705e-02	3.196668e+00
2.000385390812211e-02	3.196665e+00
2.000429711809222e-02	3.196657e+00
2.000518353803245e-02	3.196590e+00
2.000695637791292e-02	3.196166e+00
2.000955320649632e-02	3.194140e+00
2.001330803256453e-02	3.139856e+00
2.001698481047074e-02	2.972956e+00
2.002098915884483e-02	2.749189e+00
2.002506591543227e-02	2.621274e+00
2.002873109904627e-02	2.595645e+00
2.003222186264018e-02	2.595930e+00
2.003627266292438e-02	2.595998e+00
2.004437426349277e-02	2.595326e+00
2.005437426349277e-02	2.574310e+00
2.006437426349277e-02	2.487643e+00
2.007437426349277e-02	2.324698e+00
2.008437426349277e-02	2.117936e+00
2.009437426349277e-02	1.888840e+00
2.010000000100000e-02	1.755203e+00
2.010000000200000e-02	1.755203e+00
2.010000001800000e-02	1.755201e+00
2.010000005000000e-02	1.755199e+00
2.010000011400000e-02	1.755194e+00
2.010000024200000e-02	1.755186e+00
2.010000049800000e-02	1.755171e+00
2.010000101000000e-02	1.755147e+00
2.010000203400000e-02	1.755107e+00
2.010000408200000e-02	1.755038e+00
2.010000817800000e-02	1.754911e+00
2.010001636999999e-02	1.754681e+00
2.010003275399998e-02	1.754262e+00
2.010006552199996e-02	1.753474e+00
2.010013105799992e-02	1.751925e+00
2.010026212999984e-02	1.748837e+00
2.010052427399968e-02	1.742664e+00
2.010104856199936e-02	1.730345e+00
2.010209713799873e-02	1.705810e+00
2.010419428999745e-02	1.657195e+00
2.010838859399490e-02	1.561944e+00
2.011677720198981e-02	1.378083e+00
2.012677720198981e-02	1.170566e+00
2.013677720198980e-02	9.808052e-01
2.014677720198980e-02	8.100641e-01
2.015677720198980e-02	6.491003e-01
2.016677720198980e-02	4.621322e-01
2.017677720198980e-02	2.312107e-01
2.018677720198981e-02	5.132556e-02
2.019677720198981e-02	-3.006697e-03
2.020677720198981e-02	-5.817413e-04
2.021677720198981e-02	-1.347065e-04
2.022677720198980e-02	-1.378059e-04
2.023677720198980e-02	-1.163483e-04
2.024677720198980e-02	-1.137257e-04
2.025677720198980e-02	-9.775162e-05
2.026677720198980e-02	-9.322166e-05
2.027677720198981e-02	3.004074e-04
2.028677720198981e-02	3.163815e-03
2.029677720198981e-02	5.579352e-02
2.030677720198980e-02	2.742710e-01
2.031677720198980e-02	6.595883e-01
2.032677720198980e-02	1.011718e+00
2.033677720198980e-02	1.218300e+00
2.034677720198980e-02	1.355573e+00
2.035677720198981e-02	1.485784e+00
2.036677720198981e-02	1.613653e+00
2.037677720198981e-02	1.740223e+00
2.038677720198981e-02	1.865968e+00
2.039677720198980e-02	1.991157e+00
2.040677720198980e-02	2.115915e+00
2.041677720198980e-02	2.240323e+00
2.042677720198980e-02	2.364440e+00
2.043677720198980e-02	2.488305e+00
2.044677720198981e-02	2.611951e+00
2.045677720198981e-02	2.735401e+00
2.046677720198981e-02	2.858674e+00
2.047677720198980e-02	2.981783e+00
2.048677720198980e-02	3.094726e+00
2.049677720198980e-02	3.168045e+00
2.050677720198980e-02	3.191491e+00
2.051677720198980e-02	3.193595e+00
2.052677720198981e-02	3.194442e+00
2.053677720198981e-02	3.194929e+00
2.054677720198981e-02	3.195253e+00
2.055677720198981e-02	3.195486e+00
2.056677720198980e-02	3.195664e+00
2.057677720198980e-02	3.195805e+00
2.058677720198980e-02	3.195920e+00
2.059677720198980e-02	3.196016e+00
2.060677720198980e-02	3.196097e+00
2.061677720198981e-02	3.196167e+00
2.062677720198981e-02	3.196228e+00
2.063677720198981e-02	3.196281e+00
2.064677720198980e-02	3.196328e+00
2.065677720198980e-02	3.196370e+00
2.066677720198980e-02	3.196407e+00
2.067677720198980e-02	3.196441e+00
2.068677720198980e-02	3.196471e+00
2.069677720198981e-02	3.196499e+00
2.070677720198981e-02	3.196523e+00
2.071677720198981e-02	3.196546e+00
2.072677720198981e-02	3.196567e+00
2.073677720198980e-02	3.196586e+00
2.074677720198980e-02	3.196603e+00
2.075677720198980e-02	3.196619e+00
2.076677720198980e-02	3.196634e+00
2.077677720198980e-02	3.196648e+00
2.078677720198981e-02	3.196660e+00
2.079677720198981e-02	3.196672e+00
2.080677720198981e-02	3.196683e+00
2.081677720198980e-02	3.196693e+00
2.082677720198980e-02	3.196702e+00
2.083677720198980e-02	3.196710e+00
2.084677720198980e-02	3.196718e+00
2.085677720198980e-02	3.196726e+00
2.086677720198981e-02	3.196733e+00
2.087677720198981e-02	3.196739e+00
2.088677720198981e-02	3.196745e+00
2.089677720198981e-02	3.196751e+00
2.090677720198980e-02	3.196756e+00
2.091677720198980e-02	3.196761e+00
2.092677720198980e-02	3.196765e+00
2.093677720198980e-02	3.196769e+00
2.094677720198980e-02	3.196773e+00
2.095677720198981e-02	3.196777e+00
2.096677720198981e-02	3.196780e+00
2.097677720198981e-02	3.196784e+00
2.098677720198980e-02	3.196787e+00
2.099677720198980e-02	3.196790e+00
2.100000000000000e-02	3.196790e+00
2.100000000100000e-02	3.196790e+00
2.100000001700000e-02	3.196790e+00
2.100000004900000e-02	3.196790e+00
2.100000010815962e-02	3.196790e+00
2.100000022647888e-02	3.196790e+00
2.100000046311737e-02	3.196790e+00
2.100000093639437e-02	3.196790e+00
2.100000188294836e-02	3.196790e+00
2.100000377605635e-02	3.196791e+00
2.100000756227232e-02	3.196791e+00
2.100001513470426e-02	3.196791e+00
2.100003027956814e-02	3.196791e+00
2.100006056929591e-02	3.196791e+00
2.100012114875144e-02	3.196791e+00
2.100024230766250e-02	3.196791e+00
2.100048462548463e-02	3.196791e+00
2.100096926112888e-02	3.196791e+00
2.100193853241739e-02	3.196791e+00
2.100387707499440e-02	3.196792e+00
2.100775416014843e-02	3.196793e+00
2.101550833045647e-02	3.196794e+00
2.102550833045647e-02	3.196797e+00
2.103550833045647e-02	3.196799e+00
2.104550833045647e-02	3.196801e+00
2.105550833045647e-02	3.196803e+00
2.106550833045647e-02	3.196805e+00
2.107550833045647e-02	3.196807e+00
2.108550833045647e-02	3.196808e+00
2.109550833045647e-02	3.196810e+00
2.110550833045647e-02	3.196811e+00
2.111550833045647e-02	3.196812e+00
2.112550833045647e-02	3.196814e+00
2.113550833045647e-02	3.196815e+00
2.114550833045647e-02	3.196816e+00
2.115550833045647e-02	3.196817e+00
2.116550833045647e-02	3.196818e+00
2.117550833045647e-02	3.196819e+00
2.118550833045647e-02	3.196820e+00
2.119550833045647e-02	3.196821e+00
2.120550833045647e-02	3.196821e+00
2.121550833045647e-02	3.196822e+00
2.122550833045647e-02	3.196823e+00
2.123550833045647e-02	3.196824e+00
2.124550833045647e-02	3.196824e+00
2.125550833045647e-02	3.196825e+00
2.126550833045647e-02	3.196825e+00
2.127550833045647e-02	3.196826e+00
2.128550833045647e-02	3.196826e+00
2.129550833045647e-02	3.196827e+00
2.130550833045647e-02	3.196827e+00
2.131550833045647e-02	3.196827e+00
2.132550833045647e-02	3.196828e+00
2.133550833045647e-02	3.196828e+00
2.134550833045647e-02	3.196829e+00
2.135550833045647e-02	3.196829e+00
2.136550833045647e-02	3.196829e+00
2.137550833045647e-02	3.196829e+00
2.138550833045647e-02	3.196830e+00
2.139550833045647e-02	3.196830e+00
2.140550833045647e-02	3.196830e+00
2.141550833045647e-02	3.196830e+00
2.142550833045647e-02	3.196831e+00
2.143550833045647e-02	3.196831e+00
2.144550833045647e-02	3.196831e+00
2.145550833045647e-02	3.196831e+00
2.146550833045647e-02	3.196831e+00
2.147550833045647e-02	3.196832e+00
2.148550833045647e-02	3.196832e+00
2.149550833045647e-02	3.196832e+00
2.150550833045647e-02	3.196832e+00
2.151550833045647e-02	3.196832e+00
2.152550833045647e-02	3.196832e+00
2.153550833045647e-02	3.196832e+00
2.154550833045647e-02	3.196832e+00
2.155550833045647e-02	3.196833e+00
2.156550833045647e-02	3.196833e+00
2.157550833045647e-02	3.196833e+00
2.158550833045647e-02	3.196833e+00
2.159550833045647e-02	3.196833e+00
2.160550833045647e-02	3.196833e+00
2.161550833045647e-02	3.196833e+00
2.162550833045647e-02	3.196833e+00
2.163550833045647e-02	3.196833e+00
2.164550833045647e-02	3.196833e+00
2.165550833045647e-02	3.196833e+00
2.166550833045647e-02	3.196833e+00
2.167550833045647e-02	3.196833e+00
2.168550833045647e-02	3.196833e+00
2.169550833045647e-02	3.196834e+00
2.170550833045647e-02	3.196834e+00
2.171550833045647e-02	3.196834e+00
2.172550833045647e-02	3.196834e+00
2.173550833045647e-02	3.196834e+00
2.174550833045647e-02	3.196834e+00
2.175550833045647e-02	3.196834e+00
2.176550833045647e-02	3.196834e+00
2.177550833045647e-02	3.196834e+00
2.178550833045647e-02	3.196834e+00
2.179550833045647e-02	3.196834e+00
2.180550833045647e-02	3.196834e+00
2.181550833045647e-02	3.196834e+00
2.182550833045647e-02	3.196834e+00
2.183550833045647e-02	3.196834e+00
2.184550833045647e-02	3.196834e+00
2.185550833045647e-02	3.196834e+00
2.186550833045647e-02	3.196834e+00
2.187550833045647e-02	3.196834e+00
2.188550833045647e-02	3.196834e+00
2.189550833045647e-02	3.196834e+00
2.190550833045647e-02	3.196834e+00
2.191550833045647e-02	3.196834e+00
2.192550833045647e-02	3.196834e+00
2.193550833045647e-02	3.196834e+00
2.194550833045647e-02	3.196834e+00
2.195550833045647e-02	3.196834e+00
2.196550833045647e-02	3.196834e+00
2.197550833045647e-02	3.196834e+00
2.198550833045647e-02	3.196834e+00
2.199550833045647e-02	3.196834e+00
2.200550833045647e-02	3.196834e+00
2.201550833045647e-02	3.196834e+00
2.202550833045647e-02	3.196834e+00
2.203550833045647e-02	3.196834e+00
2.204550833045647e-02	3.196834e+00
2.205550833045647e-02	3.196834e+00
2.206550833045647e-02	3.196834e+00
2.207550833045647e-02	3.196834e+00
2.208550833045647e-02	3.196834e+00
2.209550833045647e-02	3.196834e+00
2.210550833045647e-02	3.196834e+00
2.211550833045647e-02	3.196834e+00
2.212550833045647e-02	3.196834e+00
2.213550833045647e-02	3.196834e+00
2.214550833045647e-02	3.196834e+00
2.215550833045647e-02	3.196834e+00
2.216550833045647e-02	3.196834e+00
2.217550833045647e-02	3.196834e+00
2.218550833045647e-02	3.196834e+00
2.219550833045647e-02	3.196834e+00
2.220550833045647e-02	3.196834e+00
2.221550833045647e-02	3.196834e+00
2.222550833045647e-02	3.196834e+00
2.223550833045647e-02	3.196834e+00
2.224550833045647e-02	3.196834e+00
2.225550833045647e-02	3.196834e+00
2.226550833045647e-02	3.196834e+00
2.227550833045647e-02	3.196834e+00
2.228550833045647e-02	3.196834e+00
2.229550833045647e-02	3.196834e+00
2.230550833045647e-02	3.196834e+00
2.231550833045647e-02	3.196834e+00
2.232550833045647e-02	3.196834e+00
2.233550833045647e-02	3.196834e+00
2.234550833045647e-02	3.196834e+00
2.235550833045647e-02	3.196834e+00
2.236550833045647e-02	3.196834e+00
2.237550833045647e-02	3.196834e+00
2.238550833045647e-02	3.196834e+00
2.239550833045647e-02	3.196834e+00
2.240550833045647e-02	3.196834e+00
2.241550833045647e-02	3.196834e+00
2.242550833045647e-02	3.196834e+00
2.243550833045647e-02	3.196834e+00
2.244550833045647e-02	3.196834e+00
2.245550833045647e-02	3.196834e+00
2.246550833045647e-02	3.196834e+00
2.247550833045647e-02	3.196834e+00
2.248550833045647e-02	3.196834e+00
2.249550833045647e-02	3.196834e+00
2.250550833045647e-02	3.196834e+00
2.251550833045647e-02	3.196834e+00
2.252550833045647e-02	3.196834e+00
2.253550833045647e-02	3.196834e+00
2.254550833045647e-02	3.196834e+00
2.255550833045647e-02	3.196834e+00
2.256550833045647e-02	3.196834e+00
2.257550833045647e-02	3.196834e+00
2.258550833045647e-02	3.196834e+00
2.259550833045647e-02	3.196834e+00
2.260550833045647e-02	3.196834e+00
2.261550833045647e-02	3.196834e+00
2.262550833045647e-02	3.196834e+00
2.263550833045647e-02	3.196834e+00
2.264550833045647e-02	3.196834e+00
2.265550833045647e-02	3.196834e+00
2.266550833045647e-02	3.196834e+00
2.267550833045647e-02	3.196834e+00
2.268550833045647e-02	3.196834e+00
2.269550833045647e-02	3.196834e+00
2.270550833045647e-02	3.196834e+00
2.271550833045647e-02	3.196834e+00
2.272550833045647e-02	3.196834e+00
2.273550833045647e-02	3.196834e+00
2.274550833045647e-02	3.196834e+00
2.275550833045647e-02	3.196834e+00
2.276550833045647e-02	3.196834e+00
2.277550833045647e-02	3.196834e+00
2.278550833045647e-02	3.196834e+00
2.279550833045647e-02	3.196834e+00
2.280550833045647e-02	3.196834e+00
2.281550833045647e-02	3.196834e+00
2.282550833045647e-02	3.196834e+00
2.283550833045647e-02	3.196834e+00
2.284550833045647e-02	3.196834e+00
2.285550833045647e-02	3.196834e+00
2.286550833045647e-02	3.196834e+00
2.287550833045647e-02	3.196834e+00
2.288550833045647e-02	3.196834e+00
2.289550833045647e-02	3.196834e+00
2.290550833045647e-02	3.196834e+00
2.291550833045647e-02	3.196834e+00
2.292550833045647e-02	3.196834e+00
2.293550833045647e-02	3.196834e+00
2.294550833045647e-02	3.196834e+00
2.295550833045647e-02	3.196834e+00
2.296550833045647e-02	3.196834e+00
2.297550833045647e-02	3.196834e+00
2.298550833045647e-02	3.196834e+00
2.299550833045647e-02	3.196834e+00
2.300550833045647e-02	3.196834e+00
2.301550833045647e-02	3.196834e+00
2.302550833045647e-02	3.196834e+00
2.303550833045647e-02	3.196834e+00
2.304550833045647e-02	3.196834e+00
2.305550833045647e-02	3.196834e+00
2.306550833045647e-02	3.196834e+00
2.307550833045647e-02	3.196834e+00
2.308550833045647e-02	3.196834e+00
2.309550833045647e-02	3.196834e+00
2.310550833045647e-02	3.196834e+00
2.311550833045647e-02	3.196834e+00
2.312550833045647e-02	3.196834e+00
2.313550833045647e-02	3.196834e+00
2.314550833045647e-02	3.196834e+00
2.315550833045647e-02	3.196834e+00
2.316550833045647e-02	3.196834e+00
2.317550833045647e-02	3.196834e+00
2.318550833045647e-02	3.196834e+00
2.319550833045647e-02	3.196834e+00
2.320550833045647e-02	3.196834e+00
2.321550833045647e-02	3.196834e+00
2.322550833045647e-02	3.196834e+00
2.323550833045647e-02	3.196834e+00
2.324550833045647e-02	3.196834e+00
2.325550833045647e-02	3.196834e+00
2.326550833045647e-02	3.196834e+00
2.327550833045647e-02	3.196834e+00
2.328550833045647e-02	3.196834e+00
2.329550833045647e-02	3.196834e+00
2.330550833045647e-02	3.196834e+00
2.331550833045647e-02	3.196834e+00
2.332550833045647e-02	3.196834e+00
2.333550833045647e-02	3.196834e+00
2.334550833045647e-02	3.196834e+00
2.335550833045647e-02	3.196834e+00
2.336550833045647e-02	3.196834e+00
2.337550833045647e-02	3.196834e+00
2.338550833045647e-02	3.196834e+00
2.339550833045647e-02	3.196834e+00
2.340550833045647e-02	3.196834e+00
2.341550833045647e-02	3.196834e+00
2.342550833045647e-02	3.196834e+00
2.343550833045647e-02	3.196834e+00
2.344550833045647e-02	3.196834e+00
2.345550833045647e-02	3.196834e+00
2.346550833045647e-02	3.196834e+00
2.347550833045647e-02	3.196834e+00
2.348550833045647e-02	3.196834e+00
2.349550833045647e-02	3.196834e+00
2.350550833045647e-02	3.196834e+00
2.351550833045647e-02	3.196834e+00
2.352550833045647e-02	3.196834e+00
2.353550833045647e-02	3.196834e+00
2.354550833045647e-02	3.196834e+00
2.355550833045647e-02	3.196834e+00
2.356550833045647e-02	3.196834e+00
2.357550833045647e-02	3.196834e+00
2.358550833045647e-02	3.196834e+00
2.359550833045647e-02	3.196834e+00
2.360550833045647e-02	3.196834e+00
2.361550833045647e-02	3.196834e+00
2.362550833045647e-02	3.196834e+00
2.363550833045647e-02	3.196834e+00
2.364550833045647e-02	3.196834e+00
2.365550833045647e-02	3.196834e+00
2.366550833045647e-02	3.196834e+00
2.367550833045647e-02	3.196834e+00
2.368550833045647e-02	3.196834e+00
2.369550833045647e-02	3.196834e+00
2.370550833045647e-02	3.196834e+00
2.371550833045647e-02	3.196834e+00
2.372550833045647e-02	3.196834e+00
2.373550833045647e-02	3.196834e+00
2.374550833045647e-02	3.196834e+00
2.375550833045647e-02	3.196834e+00
2.376550833045647e-02	3.196834e+00
2.377550833045647e-02	3.196834e+00
2.378550833045647e-02	3.196834e+00
2.379550833045647e-02	3.196834e+00
2.380550833045647e-02	3.196834e+00
2.381550833045647e-02	3.196834e+00
2.382550833045647e-02	3.196834e+00
2.383550833045647e-02	3.196834e+00
2.384550833045647e-02	3.196834e+00
2.385550833045647e-02	3.196834e+00
2.386550833045647e-02	3.196834e+00
2.387550833045647e-02	3.196834e+00
2.388550833045647e-02	3.196834e+00
2.389550833045647e-02	3.196834e+00
2.390550833045647e-02	3.196834e+00
2.391550833045647e-02	3.196834e+00
2.392550833045647e-02	3.196834e+00
2.393550833045647e-02	3.196834e+00
2.394550833045647e-02	3.196834e+00
2.395550833045647e-02	3.196834e+00
2.396550833045647e-02	3.196834e+00
2.397550833045647e-02	3.196834e+00
2.398550833045647e-02	3.196834e+00
2.399550833045647e-02	3.196834e+00
2.400550833045647e-02	3.196834e+00
2.401550833045647e-02	3.196834e+00
2.402550833045647e-02	3.196834e+00
2.403550833045647e-02	3.196834e+00
2.404550833045647e-02	3.196834e+00
2.405550833045647e-02	3.196834e+00
2.406550833045647e-02	3.196834e+00
2.407550833045647e-02	3.196834e+00
2.408550833045647e-02	3.196834e+00
2.409550833045647e-02	3.196834e+00
2.410550833045647e-02	3.196834e+00
2.411550833045647e-02	3.196834e+00
2.412550833045647e-02	3.196834e+00
2.413550833045647e-02	3.196834e+00
2.414550833045647e-02	3.196834e+00
2.415550833045647e-02	3.196834e+00
2.416550833045647e-02	3.196834e+00
2.417550833045647e-02	3.196834e+00
2.418550833045647e-02	3.196834e+00
2.419550833045647e-02	3.196834e+00
2.420550833045647e-02	3.196834e+00
2.421550833045647e-02	3.196834e+00
2.422550833045647e-02	3.196834e+00
2.423550833045647e-02	3.196834e+00
2.424550833045647e-02	3.196834e+00
2.425550833045647e-02	3.196834e+00
2.426550833045647e-02	3.196834e+00
2.427550833045647e-02	3.196834e+00
2.428550833045647e-02	3.196834e+00
2.429550833045647e-02	3.196834e+00
2.430550833045647e-02	3.196834e+00
2.431550833045647e-02	3.196834e+00
2.432550833045647e-02	3.196834e+00
2.433550833045647e-02	3.196834e+00
2.434550833045647e-02	3.196834e+00
2.435550833045647e-02	3.196834e+00
2.436550833045647e-02	3.196834e+00
2.437550833045647e-02	3.196834e+00
2.438550833045647e-02	3.196834e+00
2.439550833045647e-02	3.196834e+00
2.440550833045647e-02	3.196834e+00
2.441550833045647e-02	3.196834e+00
2.442550833045647e-02	3.196834e+00
2.443550833045647e-02	3.196834e+00
2.444550833045647e-02	3.196834e+00
2.445550833045647e-02	3.196834e+00
2.446550833045647e-02	3.196834e+00
2.447550833045647e-02	3.196834e+00
2.448550833045647e-02	3.196834e+00
2.449550833045647e-02	3.196834e+00
2.450550833045647e-02	3.196834e+00
2.451550833045647e-02	3.196834e+00
2.452550833045647e-02	3.196834e+00
2.453550833045647e-02	3.196834e+00
2.454550833045647e-02	3.196834e+00
2.455550833045647e-02	3.196834e+00
2.456550833045647e-02	3.196834e+00
2.457550833045647e-02	3.196834e+00
2.458550833045647e-02	3.196834e+00
2.459550833045647e-02	3.196834e+00
2.460550833045647e-02	3.196834e+00
2.461550833045647e-02	3.196834e+00
2.462550833045647e-02	3.196834e+00
2.463550833045647e-02	3.196834e+00
2.464550833045647e-02	3.196834e+00
2.465550833045647e-02	3.196834e+00
2.466550833045647e-02	3.196834e+00
2.467550833045647e-02	3.196834e+00
2.468550833045647e-02	3.196834e+00
2.469550833045647e-02	3.196834e+00
2.470550833045647e-02	3.196834e+00
2.471550833045647e-02	3.196834e+00
2.472550833045647e-02	3.196834e+00
2.473550833045647e-02	3.196834e+00
2.474550833045647e-02	3.196834e+00
2.475550833045647e-02	3.196834e+00
2.476550833045647e-02	3.196834e+00
2.477550833045647e-02	3.196834e+00
2.478550833045647e-02	3.196834e+00
2.479550833045647e-02	3.196834e+00
2.480550833045647e-02	3.196834e+00
2.481550833045647e-02	3.196834e+00
2.482550833045647e-02	3.196834e+00
2.483550833045647e-02	3.196834e+00
2.484550833045647e-02	3.196834e+00
2.485550833045647e-02	3.196834e+00
2.486550833045647e-02	3.196834e+00
2.487550833045647e-02	3.196834e+00
2.488550833045647e-02	3.196834e+00
2.489550833045647e-02	3.196834e+00
2.490550833045647e-02	3.196834e+00
2.491550833045647e-02	3.196834e+00
2.492550833045647e-02	3.196834e+00
2.493550833045647e-02	3.196834e+00
2.494550833045647e-02	3.196834e+00
2.495550833045647e-02	3.196834e+00
2.496550833045647e-02	3.196834e+00
2.497550833045647e-02	3.196834e+00
2.498550833045647e-02	3.196834e+00
2.499550833045647e-02	3.196834e+00
2.500550833045647e-02	3.196834e+00
2.501550833045647e-02	3.196834e+00
2.502550833045647e-02	3.196834e+00
2.503550833045647e-02	3.196834e+00
2.504550833045647e-02	3.196834e+00
2.505550833045647e-02	3.196834e+00
2.506550833045647e-02	3.196834e+00
2.507550833045647e-02	3.196834e+00
2.508550833045647e-02	3.196834e+00
2.509550833045647e-02	3.196834e+00
2.510550833045647e-02	3.196834e+00
2.511550833045647e-02	3.196834e+00
2.512550833045647e-02	3.196834e+00
2.513550833045647e-02	3.196834e+00
2.514550833045647e-02	3.196834e+00
2.515550833045647e-02	3.196834e+00
2.516550833045647e-02	3.196834e+00
2.517550833045647e-02	3.196834e+00
2.518550833045647e-02	3.196834e+00
2.519550833045647e-02	3.196834e+00
2.520550833045647e-02	3.196834e+00
2.521550833045647e-02	3.196834e+00
2.522550833045647e-02	3.196834e+00
2.523550833045647e-02	3.196834e+00
2.524550833045647e-02	3.196834e+00
2.525550833045647e-02	3.196834e+00
2.526550833045647e-02	3.196834e+00
2.527550833045647e-02	3.196834e+00
2.528550833045647e-02	3.196834e+00
2.529550833045647e-02	3.196834e+00
2.530550833045647e-02	3.196834e+00
2.531550833045647e-02	3.196834e+00
2.532550833045647e-02	3.196834e+00
2.533550833045647e-02	3.196834e+00
2.534550833045647e-02	3.196834e+00
2.535550833045647e-02	3.196834e+00
2.536550833045647e-02	3.196834e+00
2.537550833045647e-02	3.196834e+00
2.538550833045647e-02	3.196834e+00
2.539550833045647e-02	3.196834e+00
2.540550833045647e-02	3.196834e+00
2.541550833045647e-02	3.196834e+00
2.542550833045647e-02	3.196834e+00
2.543550833045647e-02	3.196834e+00
2.544550833045647e-02	3.196834e+00
2.545550833045647e-02	3.196834e+00
2.546550833045647e-02	3.196834e+00
2.547550833045647e-02	3.196834e+00
2.548550833045647e-02	3.196834e+00
2.549550833045647e-02	3.196834e+00
2.550550833045647e-02	3.196834e+00
2.551550833045647e-02	3.196834e+00
2.552550833045647e-02	3.196834e+00
2.553550833045647e-02	3.196834e+00
2.554550833045647e-02	3.196834e+00
2.555550833045647e-02	3.196834e+00
2.556550833045647e-02	3.196834e+00
2.557550833045647e-02	3.196834e+00
2.558550833045647e-02	3.196834e+00
2.559550833045647e-02	3.196834e+00
2.560550833045647e-02	3.196834e+00
2.561550833045647e-02	3.196834e+00
2.562550833045647e-02	3.196834e+00
2.563550833045647e-02	3.196834e+00
2.564550833045647e-02	3.196834e+00
2.565550833045647e-02	3.196834e+00
2.566550833045647e-02	3.196834e+00
2.567550833045647e-02	3.196834e+00
2.568550833045647e-02	3.196834e+00
2.569550833045647e-02	3.196834e+00
2.570550833045647e-02	3.196834e+00
2.571550833045647e-02	3.196834e+00
2.572550833045647e-02	3.196834e+00
2.573550833045647e-02	3.196834e+00
2.574550833045647e-02	3.196834e+00
2.575550833045647e-02	3.196834e+00
2.576550833045647e-02	3.196834e+00
2.577550833045647e-02	3.196834e+00
2.578550833045647e-02	3.196834e+00
2.579550833045647e-02	3.196834e+00
2.580550833045647e-02	3.196834e+00
2.581550833045647e-02	3.196834e+00
2.582550833045647e-02	3.196834e+00
2.583550833045647e-02	3.196834e+00
2.584550833045647e-02	3.196834e+00
2.585550833045647e-02	3.196834e+00
2.586550833045647e-02	3.196834e+00
2.587550833045647e-02	3.196834e+00
2.588550833045647e-02	3.196834e+00
2.589550833045647e-02	3.196834e+00
2.590550833045647e-02	3.196834e+00
2.591550833045647e-02	3.196834e+00
2.592550833045647e-02	3.196834e+00
2.593550833045647e-02	3.196834e+00
2.594550833045647e-02	3.196834e+00
2.595550833045647e-02	3.196834e+00
2.596550833045647e-02	3.196834e+00
2.597550833045647e-02	3.196834e+00
2.598550833045647e-02	3.196834e+00
2.599550833045647e-02	3.196834e+00
2.600550833045647e-02	3.196834e+00
2.601550833045647e-02	3.196834e+00
2.602550833045647e-02	3.196834e+00
2.603550833045647e-02	3.196834e+00
2.604550833045647e-02	3.196834e+00
2.605550833045647e-02	3.196834e+00
2.606550833045647e-02	3.196834e+00
2.607550833045647e-02	3.196834e+00
2.608550833045647e-02	3.196834e+00
2.609550833045647e-02	3.196834e+00
2.610550833045647e-02	3.196834e+00
2.611550833045647e-02	3.196834e+00
2.612550833045647e-02	3.196834e+00
2.613550833045647e-02	3.196834e+00
2.614550833045647e-02	3.196834e+00
2.615550833045647e-02	3.196834e+00
2.616550833045647e-02	3.196834e+00
2.617550833045647e-02	3.196834e+00
2.618550833045647e-02	3.196834e+00
2.619550833045647e-02	3.196834e+00
2.620550833045647e-02	3.196834e+00
2.621550833045647e-02	3.196834e+00
2.622550833045647e-02	3.196834e+00
2.623550833045647e-02	3.196834e+00
2.624550833045647e-02	3.196834e+00
2.625550833045647e-02	3.196834e+00
2.626550833045647e-02	3.196834e+00
2.627550833045647e-02	3.196834e+00
2.628550833045647e-02	3.196834e+00
2.629550833045647e-02	3.196834e+00
2.630550833045647e-02	3.196834e+00
2.631550833045647e-02	3.196834e+00
2.632550833045647e-02	3.196834e+00
2.633550833045647e-02	3.196834e+00
2.634550833045647e-02	3.196834e+00
2.635550833045647e-02	3.196834e+00
2.636550833045647e-02	3.196834e+00
2.637550833045647e-02	3.196834e+00
2.638550833045647e-02	3.196834e+00
2.639550833045647e-02	3.196834e+00
2.640550833045647e-02	3.196834e+00
2.641550833045647e-02	3.196834e+00
2.642550833045647e-02	3.196834e+00
2.643550833045647e-02	3.196834e+00
2.644550833045647e-02	3.196834e+00
2.645550833045647e-02	3.196834e+00
2.646550833045647e-02	3.196834e+00
2.647550833045647e-02	3.196834e+00
2.648550833045647e-02	3.196834e+00
2.649550833045647e-02	3.196834e+00
2.650550833045647e-02	3.196834e+00
2.651550833045647e-02	3.196834e+00
2.652550833045647e-02	3.196834e+00
2.653550833045647e-02	3.196834e+00
2.654550833045647e-02	3.196834e+00
2.655550833045647e-02	3.196834e+00
2.656550833045647e-02	3.196834e+00
2.657550833045647e-02	3.196834e+00
2.658550833045647e-02	3.196834e+00
2.659550833045647e-02	3.196834e+00
2.660550833045647e-02	3.196834e+00
2.661550833045647e-02	3.196834e+00
2.662550833045647e-02	3.196834e+00
2.663550833045647e-02	3.196834e+00
2.664550833045647e-02	3.196834e+00
2.665550833045647e-02	3.196834e+00
2.666550833045647e-02	3.196834e+00
2.667550833045647e-02	3.196834e+00
2.668550833045647e-02	3.196834e+00
2.669550833045647e-02	3.196834e+00
2.670550833045647e-02	3.196834e+00
2.671550833045647e-02	3.196834e+00
2.672550833045647e-02	3.196834e+00
2.673550833045647e-02	3.196834e+00
2.674550833045647e-02	3.196834e+00
2.675550833045647e-02	3.196834e+00
2.676550833045647e-02	3.196834e+00
2.677550833045647e-02	3.196834e+00
2.678550833045647e-02	3.196834e+00
2.679550833045647e-02	3.196834e+00
2.680550833045647e-02	3.196834e+00
2.681550833045647e-02	3.196834e+00
2.682550833045647e-02	3.196834e+00
2.683550833045647e-02	3.196834e+00
2.684550833045647e-02	3.196834e+00
2.685550833045647e-02	3.196834e+00
2.686550833045647e-02	3.196834e+00
2.687550833045647e-02	3.196834e+00
2.688550833045647e-02	3.196834e+00
2.689550833045647e-02	3.196834e+00
2.690550833045647e-02	3.196834e+00
2.691550833045647e-02	3.196834e+00
2.692550833045647e-02	3.196834e+00
2.693550833045647e-02	3.196834e+00
2.694550833045647e-02	3.196834e+00
2.695550833045647e-02	3.196834e+00
2.696550833045647e-02	3.196834e+00
2.697550833045647e-02	3.196834e+00
2.698550833045647e-02	3.196834e+00
2.699550833045647e-02	3.196834e+00
2.700550833045647e-02	3.196834e+00
2.701550833045647e-02	3.196834e+00
2.702550833045647e-02	3.196834e+00
2.703550833045647e-02	3.196834e+00
2.704550833045647e-02	3.196834e+00
2.705550833045647e-02	3.196834e+00
2.706550833045647e-02	3.196834e+00
2.707550833045647e-02	3.196834e+00
2.708550833045647e-02	3.196834e+00
2.709550833045647e-02	3.196834e+00
2.710550833045647e-02	3.196834e+00
2.711550833045647e-02	3.196834e+00
2.712550833045647e-02	3.196834e+00
2.713550833045647e-02	3.196834e+00
2.714550833045647e-02	3.196834e+00
2.715550833045647e-02	3.196834e+00
2.716550833045647e-02	3.196834e+00
2.717550833045647e-02	3.196834e+00
2.718550833045647e-02	3.196834e+00
2.719550833045647e-02	3.196834e+00
2.720550833045647e-02	3.196834e+00
2.721550833045647e-02	3.196834e+00
2.722550833045647e-02	3.196834e+00
2.723550833045647e-02	3.196834e+00
2.724550833045647e-02	3.196834e+00
2.725550833045647e-02	3.196834e+00
2.726550833045647e-02	3.196834e+00
2.727550833045647e-02	3.196834e+00
2.728550833045647e-02	3.196834e+00
2.729550833045647e-02	3.196834e+00
2.730550833045647e-02	3.196834e+00
2.731550833045647e-02	3.196834e+00
2.732550833045647e-02	3.196834e+00
2.733550833045647e-02	3.196834e+00
2.734550833045647e-02	3.196834e+00
2.735550833045647e-02	3.196834e+00
2.736550833045647e-02	3.196834e+00
2.737550833045647e-02	3.196834e+00
2.738550833045647e-02	3.196834e+00
2.739550833045647e-02	3.196834e+00
2.740550833045647e-02	3.196834e+00
2.741550833045647e-02	3.196834e+00
2.742550833045647e-02	3.196834e+00
2.743550833045647e-02	3.196834e+00
2.744550833045647e-02	3.196834e+00
2.745550833045647e-02	3.196834e+00
2.746550833045647e-02	3.196834e+00
2.747550833045647e-02	3.196834e+00
2.748550833045647e-02	3.196834e+00
2.749550833045647e-02	3.196834e+00
2.750550833045647e-02	3.196834e+00
2.751550833045647e-02	3.196834e+00
2.752550833045647e-02	3.196834e+00
2.753550833045647e-02	3.196834e+00
2.754550833045647e-02	3.196834e+00
2.755550833045647e-02	3.196834e+00
2.756550833045647e-02	3.196834e+00
2.757550833045647e-02	3.196834e+00
2.758550833045647e-02	3.196834e+00
2.759550833045647e-02	3.196834e+00
2.760550833045647e-02	3.196834e+00
2.761550833045647e-02	3.196834e+00
2.762550833045647e-02	3.196834e+00
2.763550833045647e-02	3.196834e+00
2.764550833045647e-02	3.196834e+00
2.765550833045647e-02	3.196834e+00
2.766550833045647e-02	3.196834e+00
2.767550833045647e-02	3.196834e+00
2.768550833045647e-02	3.196834e+00
2.769550833045647e-02	3.196834e+00
2.770550833045647e-02	3.196834e+00
2.771550833045647e-02	3.196834e+00
2.772550833045647e-02	3.196834e+00
2.773550833045647e-02	3.196834e+00
2.774550833045647e-02	3.196834e+00
2.775550833045647e-02	3.196834e+00
2.776550833045647e-02	3.196834e+00
2.777550833045647e-02	3.196834e+00
2.778550833045647e-02	3.196834e+00
2.779550833045647e-02	3.196834e+00
2.780550833045647e-02	3.196834e+00
2.781550833045647e-02	3.196834e+00
2.782550833045647e-02	3.196834e+00
2.783550833045647e-02	3.196834e+00
2.784550833045647e-02	3.196834e+00
2.785550833045647e-02	3.196834e+00
2.786550833045647e-02	3.196834e+00
2.787550833045647e-02	3.196834e+00
2.788550833045647e-02	3.196834e+00
2.789550833045647e-02	3.196834e+00
2.790550833045647e-02	3.196834e+00
2.791550833045647e-02	3.196834e+00
2.792550833045647e-02	3.196834e+00
2.793550833045647e-02	3.196834e+00
2.794550833045647e-02	3.196834e+00
2.795550833045647e-02	3.196834e+00
2.796550833045647e-02	3.196834e+00
2.797550833045647e-02	3.196834e+00
2.798550833045647e-02	3.196834e+00
2.799550833045647e-02	3.196834e+00
2.800550833045647e-02	3.196834e+00
2.801550833045647e-02	3.196834e+00
2.802550833045647e-02	3.196834e+00
2.803550833045647e-02	3.196834e+00
2.804550833045647e-02	3.196834e+00
2.805550833045647e-02	3.196834e+00
2.806550833045647e-02	3.196834e+00
2.807550833045647e-02	3.196834e+00
2.808550833045647e-02	3.196834e+00
2.809550833045647e-02	3.196834e+00
2.810550833045647e-02	3.196834e+00
2.811550833045647e-02	3.196834e+00
2.812550833045647e-02	3.196834e+00
2.813550833045647e-02	3.196834e+00
2.814550833045647e-02	3.196834e+00
2.815550833045647e-02	3.196834e+00
2.816550833045647e-02	3.196834e+00
2.817550833045647e-02	3.196834e+00
2.818550833045647e-02	3.196834e+00
2.819550833045647e-02	3.196834e+00
2.820550833045647e-02	3.196834e+00
2.821550833045647e-02	3.196834e+00
2.822550833045647e-02	3.196834e+00
2.823550833045647e-02	3.196834e+00
2.824550833045647e-02	3.196834e+00
2.825550833045647e-02	3.196834e+00
2.826550833045647e-02	3.196834e+00
2.827550833045647e-02	3.196834e+00
2.828550833045647e-02	3.196834e+00
2.829550833045647e-02	3.196834e+00
2.830550833045647e-02	3.196834e+00
2.831550833045647e-02	3.196834e+00
2.832550833045647e-02	3.196834e+00
2.833550833045647e-02	3.196834e+00
2.834550833045647e-02	3.196834e+00
2.835550833045647e-02	3.196834e+00
2.836550833045647e-02	3.196834e+00
2.837550833045647e-02	3.196834e+00
2.838550833045647e-02	3.196834e+00
2.839550833045647e-02	3.196834e+00
2.840550833045647e-02	3.196834e+00
2.841550833045647e-02	3.196834e+00
2.842550833045647e-02	3.196834e+00
2.843550833045647e-02	3.196834e+00
2.844550833045647e-02	3.196834e+00
2.845550833045647e-02	3.196834e+00
2.846550833045647e-02	3.196834e+00
2.847550833045647e-02	3.196834e+00
2.848550833045647e-02	3.196834e+00
2.849550833045647e-02	3.196834e+00
2.850550833045647e-02	3.196834e+00
2.851550833045647e-02	3.196834e+00
2.852550833045647e-02	3.196834e+00
2.853550833045647e-02	3.196834e+00
2.854550833045647e-02	3.196834e+00
2.855550833045647e-02	3.196834e+00
2.856550833045647e-02	3.196834e+00
2.857550833045647e-02	3.196834e+00
2.858550833045647e-02	3.196834e+00
2.859550833045647e-02	3.196834e+00
2.860550833045647e-02	3.196834e+00
2.861550833045647e-02	3.196834e+00
2.862550833045647e-02	3.196834e+00
2.863550833045647e-02	3.196834e+00
2.864550833045647e-02	3.196834e+00
2.865550833045647e-02	3.196834e+00
2.866550833045647e-02	3.196834e+00
2.867550833045647e-02	3.196834e+00
2.868550833045647e-02	3.196834e+00
2.869550833045647e-02	3.196834e+00
2.870550833045647e-02	3.196834e+00
2.871550833045647e-02	3.196834e+00
2.872550833045647e-02	3.196834e+00
2.873550833045647e-02	3.196834e+00
2.874550833045647e-02	3.196834e+00
2.875550833045647e-02	3.196834e+00
2.876550833045647e-02	3.196834e+00
2.877550833045647e-02	3.196834e+00
2.878550833045647e-02	3.196834e+00
2.879550833045647e-02	3.196834e+00
2.880550833045647e-02	3.196834e+00
2.881550833045647e-02	3.196834e+00
2.882550833045647e-02	3.196834e+00
2.883550833045647e-02	3.196834e+00
2.884550833045647e-02	3.196834e+00
2.885550833045647e-02	3.196834e+00
2.886550833045647e-02	3.196834e+00
2.887550833045647e-02	3.196834e+00
2.888550833045647e-02	3.196834e+00
2.889550833045647e-02	3.196834e+00
2.890550833045647e-02	3.196834e+00
2.891550833045647e-02	3.196834e+00
2.892550833045647e-02	3.196834e+00
2.893550833045647e-02	3.196834e+00
2.894550833045647e-02	3.196834e+00
2.895550833045647e-02	3.196834e+00
2.896550833045647e-02	3.196834e+00
2.897550833045647e-02	3.196834e+00
2.898550833045647e-02	3.196834e+00
2.899550833045647e-02	3.196834e+00
2.900550833045647e-02	3.196834e+00
2.901550833045647e-02	3.196834e+00
2.902550833045647e-02	3.196834e+00
2.903550833045647e-02	3.196834e+00
2.904550833045647e-02	3.196834e+00
2.905550833045647e-02	3.196834e+00
2.906550833045647e-02	3.196834e+00
2.907550833045647e-02	3.196834e+00
2.908550833045647e-02	3.196834e+00
2.909550833045647e-02	3.196834e+00
2.910550833045647e-02	3.196834e+00
2.911550833045647e-02	3.196834e+00
2.912550833045647e-02	3.196834e+00
2.913550833045647e-02	3.196834e+00
2.914550833045647e-02	3.196834e+00
2.915550833045647e-02	3.196834e+00
2.916550833045647e-02	3.196834e+00
2.917550833045647e-02	3.196834e+00
2.918550833045647e-02	3.196834e+00
2.919550833045647e-02	3.196834e+00
2.920550833045647e-02	3.196834e+00
2.921550833045647e-02	3.196834e+00
2.922550833045647e-02	3.196834e+00
2.923550833045647e-02	3.196834e+00
2.924550833045647e-02	3.196834e+00
2.925550833045647e-02	3.196834e+00
2.926550833045647e-02	3.196834e+00
2.927550833045647e-02	3.196834e+00
2.928550833045647e-02	3.196834e+00
2.929550833045647e-02	3.196834e+00
2.930550833045647e-02	3.196834e+00
2.931550833045647e-02	3.196834e+00
2.932550833045647e-02	3.196834e+00
2.933550833045647e-02	3.196834e+00
2.934550833045647e-02	3.196834e+00
2.935550833045647e-02	3.196834e+00
2.936550833045647e-02	3.196834e+00
2.937550833045647e-02	3.196834e+00
2.938550833045647e-02	3.196834e+00
2.939550833045647e-02	3.196834e+00
2.940550833045647e-02	3.196834e+00
2.941550833045647e-02	3.196834e+00
2.942550833045647e-02	3.196834e+00
2.943550833045647e-02	3.196834e+00
2.944550833045647e-02	3.196834e+00
2.945550833045647e-02	3.196834e+00
2.946550833045647e-02	3.196834e+00
2.947550833045647e-02	3.196834e+00
2.948550833045647e-02	3.196834e+00
2.949550833045647e-02	3.196834e+00
2.950550833045647e-02	3.196834e+00
2.951550833045647e-02	3.196834e+00
2.952550833045647e-02	3.196834e+00
2.953550833045647e-02	3.196834e+00
2.954550833045647e-02	3.196834e+00
2.955550833045647e-02	3.196834e+00
2.956550833045647e-02	3.196834e+00
2.957550833045647e-02	3.196834e+00
2.958550833045647e-02	3.196834e+00
2.959550833045647e-02	3.196834e+00
2.960550833045647e-02	3.196834e+00
2.961550833045647e-02	3.196834e+00
2.962550833045647e-02	3.196834e+00
2.963550833045647e-02	3.196834e+00
2.964550833045647e-02	3.196834e+00
2.965550833045647e-02	3.196834e+00
2.966550833045647e-02	3.196834e+00
2.967550833045647e-02	3.196834e+00
2.968550833045647e-02	3.196834e+00
2.969550833045647e-02	3.196834e+00
2.970550833045647e-02	3.196834e+00
2.971550833045647e-02	3.196834e+00
2.972550833045647e-02	3.196834e+00
2.973550833045647e-02	3.196834e+00
2.974550833045647e-02	3.196834e+00
2.975550833045647e-02	3.196834e+00
2.976550833045647e-02	3.196834e+00
2.977550833045647e-02	3.196834e+00
2.978550833045647e-02	3.196834e+00
2.979550833045647e-02	3.196834e+00
2.980550833045647e-02	3.196834e+00
2.981550833045647e-02	3.196834e+00
2.982550833045647e-02	3.196834e+00
2.983550833045647e-02	3.196834e+00
2.984550833045647e-02	3.196834e+00
2.985550833045647e-02	3.196834e+00
2.986550833045647e-02	3.196834e+00
2.987550833045647e-02	3.196834e+00
2.988550833045647e-02	3.196834e+00
2.989550833045647e-02	3.196834e+00
2.990550833045647e-02	3.196834e+00
2.991550833045647e-02	3.196834e+00
2.992550833045647e-02	3.196834e+00
2.993550833045647e-02	3.196834e+00
2.994550833045647e-02	3.196834e+00
2.995550833045647e-02	3.196834e+00
2.996550833045647e-02	3.196834e+00
2.997550833045647e-02	3.196834e+00
2.998550833045647e-02	3.196834e+00
2.999550833045647e-02	3.196834e+00
3.000000000000000e-02	3.196834e+00
3.000000000100000e-02	3.196834e+00
3.000000000200000e-02	3.196834e+00
3.000000000440036e-02	3.196834e+00
3.000000000670974e-02	3.196834e+00
3.000000001132851e-02	3.196834e+00
3.000000002056605e-02	3.196834e+00
3.000000003904114e-02	3.196834e+00
3.000000007599130e-02	3.196834e+00
3.000000014989163e-02	3.196834e+00
3.000000029769228e-02	3.196834e+00
3.000000059329359e-02	3.196834e+00
3.000000118449621e-02	3.196834e+00
3.000000236690145e-02	3.196834e+00
3.000000473171193e-02	3.196834e+00
3.000000946133288e-02	3.196834e+00
3.000001768968501e-02	3.196834e+00
3.000002963189979e-02	3.196834e+00
3.000005351632935e-02	3.196834e+00
3.000010103205735e-02	3.196834e+00
3.000015403707842e-02	3.196834e+00
3.000020610070748e-02	3.196834e+00
3.000026208937363e-02	3.196834e+00
3.000031705948470e-02	3.196834e+00
3.000042699970684e-02	3.196834e+00
3.000045448476238e-02	3.196834e+00
3.000050945487345e-02	3.196834e+00
3.000061939509559e-02	3.196834e+00
3.000083927553987e-02	3.196834e+00
3.000118356381433e-02	3.196834e+00
3.000178016592062e-02	3.196833e+00
3.000250483768815e-02	3.196832e+00
3.000264184661527e-02	3.196832e+00
3.000291586446952e-02	3.196832e+00
3.000346390017802e-02	3.196830e+00
3.000455997159501e-02	3.196792e+00
3.000675211442899e-02	3.196455e+00
3.000928835495799e-02	3.195068e+00
3.001314064075340e-02	3.144447e+00
3.001669228045080e-02	2.973715e+00
3.002010972601979e-02	2.742518e+00
3.002301526423562e-02	2.622479e+00
3.002575598155402e-02	2.597129e+00
3.002823502071576e-02	2.596550e+00
3.003097883866155e-02	2.596534e+00
3.003646647455311e-02	2.596515e+00
3.004646647455311e-02	2.596487e+00
3.005646647455312e-02	2.596458e+00
3.006646647455312e-02	2.596426e+00
3.007646647455312e-02	2.596388e+00
3.008646647455311e-02	2.596344e+00
3.009646647455311e-02	2.596294e+00
3.010000000000000e-02	2.596195e+00
3.010000000100000e-02	2.596195e+00
3.010000001700000e-02	2.596195e+00
3.010000004900000e-02	2.596195e+00
3.010000011300000e-02	2.596195e+00
3.010000024100000e-02	2.596196e+00
3.010000049700000e-02	2.596198e+00
3.010000100900000e-02	2.596201e+00
3.010000203300000e-02	2.596207e+00
3.010000408100000e-02	2.596217e+00
3.010000817700000e-02	2.596232e+00
3.010001636899999e-02	2.596251e+00
3.010003275299998e-02	2.596266e+00
3.010006552099996e-02	2.596274e+00
3.010013105699992e-02	2.596275e+00
3.010026212899984e-02	2.596274e+00
3.010052427299968e-02	2.596272e+00
3.010104856099936e-02	2.596269e+00
3.010209713699873e-02	2.596262e+00
3.010419428899745e-02	2.596249e+00
3.010838859299490e-02	2.596219e+00
3.011677720098981e-02	2.596152e+00
3.012677720098981e-02	2.641630e+00
3.013677720098980e-02	2.865599e+00
3.014677720098980e-02	3.304181e+00
3.015677720098980e-02	3.797084e+00
3.016677720098980e-02	4.173922e+00
3.017677720098981e-02	4.389501e+00
3.018677720098981e-02	4.523650e+00
3.019677720098981e-02	4.624056e+00
3.020677720098981e-02	4.666202e+00
3.021677720098980e-02	4.662842e+00
3.022677720098980e-02	4.646808e+00
3.023677720098980e-02	4.630063e+00
3.024677720098980e-02	4.613264e+00
3.025677720098981e-02	4.596852e+00
3.026677720098981e-02	4.581123e+00
3.027677720098981e-02	4.566335e+00
3.028677720098981e-02	4.552799e+00
3.029677720098981e-02	4.541044e+00
3.030677720098980e-02	4.532491e+00
3.031677720098980e-02	4.531808e+00
3.032677720098980e-02	4.532774e+00
3.033677720098980e-02	4.499765e+00
3.034677720098981e-02	4.413329e+00
3.035677720098981e-02	4.297749e+00
3.036677720098981e-02	4.146509e+00
3.037677720098981e-02	3.927699e+00
3.038677720098980e-02	3.658764e+00
3.039677720098980e-02	3.411025e+00
3.040677720098980e-02	3.258666e+00
3.041677720098980e-02	3.202809e+00
3.042677720098980e-02	3.191594e+00
3.043677720098981e-02	3.191149e+00
3.044677720098981e-02	3.191694e+00
3.045677720098981e-02	3.192144e+00
3.046677720098981e-02	3.192528e+00
3.047677720098980e-02	3.192861e+00
3.048677720098980e-02	3.193152e+00
3.049677720098980e-02	3.193408e+00
3.050677720098980e-02	3.193636e+00
3.051677720098981e-02	3.193840e+00
3.052677720098981e-02	3.194022e+00
3.053677720098981e-02	3.194187e+00
3.054677720098981e-02	3.194336e+00
3.055677720098980e-02	3.194472e+00
3.056677720098980e-02	3.194597e+00
3.057677720098980e-02	3.194711e+00
3.058677720098980e-02	3.194821e+00
3.059677720098980e-02	3.194937e+00
3.060677720098981e-02	3.195058e+00
3.061677720098981e-02	3.195180e+00
3.062677720098981e-02	3.195297e+00
3.063677720098981e-02	3.195407e+00
3.064677720098980e-02	3.195510e+00
3.065677720098980e-02	3.195605e+00
3.066677720098980e-02	3.195692e+00
3.067677720098980e-02	3.195772e+00
3.068677720098981e-02	3.195845e+00
3.069677720098981e-02	3.195912e+00
3.070677720098981e-02	3.195972e+00
3.071677720098981e-02	3.196028e+00
3.072677720098980e-02	3.196079e+00
3.073677720098980e-02	3.196125e+00
3.074677720098980e-02	3.196167e+00
3.075677720098980e-02	3.196206e+00
3.076677720098980e-02	3.196241e+00
3.077677720098981e-02	3.196273e+00
3.078677720098981e-02	3.196303e+00
3.079677720098981e-02	3.196330e+00
3.080677720098981e-02	3.196355e+00
3.081677720098980e-02	3.196378e+00
3.082677720098980e-02	3.196400e+00
3.083677720098980e-02	3.196419e+00
3.084677720098980e-02	3.196438e+00
3.085677720098981e-02	3.196455e+00
3.086677720098981e-02	3.196470e+00
3.087677720098981e-02	3.196484e+00
3.088677720098981e-02	3.196497e+00
3.089677720098980e-02	3.196510e+00
3.090677720098980e-02	3.196521e+00
3.091677720098980e-02	3.196532e+00
3.092677720098980e-02	3.196542e+00
3.093677720098980e-02	3.196550e+00
3.094677720098981e-02	3.196559e+00
3.095677720098981e-02	3.196567e+00
3.096677720098981e-02	3.196574e+00
3.097677720098981e-02	3.196581e+00
3.098677720098980e-02	3.196588e+00
3.099677720098980e-02	3.196593e+00
3.100000000100000e-02	3.196594e+00
3.100000000200000e-02	3.196594e+00
3.100000001800000e-02	3.196594e+00
3.100000005000000e-02	3.196594e+00
3.100000011400000e-02	3.196595e+00
3.100000024200000e-02	3.196595e+00
3.100000049800000e-02	3.196595e+00
3.100000101000000e-02	3.196595e+00
3.100000203400000e-02	3.196595e+00
3.100000408200000e-02	3.196595e+00
3.100000817800000e-02	3.196595e+00
3.100001636999999e-02	3.196595e+00
3.100003275399998e-02	3.196595e+00
3.100006552199996e-02	3.196595e+00
3.100013105799992e-02	3.196595e+00
3.100026212999984e-02	3.196595e+00
3.100052427399968e-02	3.196595e+00
3.100104856199936e-02	3.196596e+00
3.100209713799873e-02	3.196596e+00
3.100419428999745e-02	3.196597e+00
3.100838859399490e-02	3.196599e+00
3.101677720198981e-02	3.196604e+00
3.102677720198981e-02	3.196609e+00
3.103677720198980e-02	3.196612e+00
3.104677720198980e-02	3.196617e+00
3.105677720198980e-02	3.196620e+00
3.106677720198981e-02	3.196624e+00
3.107677720198981e-02	3.196628e+00
3.108677720198981e-02	3.196630e+00
3.109677720198981e-02	3.196634e+00
3.110677720198981e-02	3.196636e+00
3.111677720198981e-02	3.196639e+00
3.112677720198980e-02	3.196641e+00
3.113677720198980e-02	3.196643e+00
3.114677720198981e-02	3.196645e+00
3.115677720198981e-02	3.196647e+00
3.116677720198981e-02	3.196649e+00
3.117677720198981e-02	3.196651e+00
3.118677720198981e-02	3.196653e+00
3.119677720198981e-02	3.196654e+00
3.120677720198980e-02	3.196655e+00
3.121677720198980e-02	3.196656e+00
3.122677720198980e-02	3.196658e+00
3.123677720198981e-02	3.196659e+00
3.124677720198981e-02	3.196660e+00
3.125677720198981e-02	3.196661e+00
3.126677720198980e-02	3.196662e+00
3.127677720198981e-02	3.196663e+00
3.128677720198981e-02	3.196663e+00
3.129677720198980e-02	3.196665e+00
3.130677720198981e-02	3.196665e+00
3.131677720198980e-02	3.196666e+00
3.132677720198981e-02	3.196667e+00
3.133677720198980e-02	3.196668e+00
3.134677720198981e-02	3.196668e+00
3.135677720198980e-02	3.196669e+00
3.136677720198981e-02	3.196669e+00
3.137677720198981e-02	3.196669e+00
3.138677720198980e-02	3.196670e+00
3.139677720198981e-02	3.196671e+00
3.140677720198980e-02	3.196671e+00
3.141677720198981e-02	3.196671e+00
3.142677720198980e-02	3.196672e+00
3.143677720198981e-02	3.196672e+00
3.144677720198981e-02	3.196673e+00
3.145677720198981e-02	3.196673e+00
3.146677720198981e-02	3.196673e+00
3.147677720198980e-02	3.196673e+00
3.148677720198981e-02	3.196673e+00
3.149677720198980e-02	3.196674e+00
3.150677720198981e-02	3.196674e+00
3.151677720198980e-02	3.196674e+00
3.152677720198981e-02	3.196674e+00
3.153677720198981e-02	3.196675e+00
3.154677720198980e-02	3.196675e+00
3.155677720198981e-02	3.196675e+00
3.156677720198980e-02	3.196676e+00
3.157677720198981e-02	3.196676e+00
3.158677720198980e-02	3.196676e+00
3.159677720198981e-02	3.196676e+00
3.160677720198980e-02	3.196676e+00
3.161677720198981e-02	3.196676e+00
3.162677720198981e-02	3.196677e+00
3.163677720198980e-02	3.196677e+00
3.164677720198981e-02	3.196677e+00
3.165677720198980e-02	3.196677e+00
3.166677720198981e-02	3.196677e+00
3.167677720198980e-02	3.196677e+00
3.168677720198981e-02	3.196678e+00
3.169677720198980e-02	3.196678e+00
3.170677720198981e-02	3.196678e+00
3.171677720198981e-02	3.196678e+00
3.172677720198980e-02	3.196678e+00
3.173677720198981e-02	3.196678e+00
3.174677720198980e-02	3.196678e+00
3.175677720198981e-02	3.196678e+00
3.176677720198980e-02	3.196679e+00
3.177677720198981e-02	3.196678e+00
3.178677720198981e-02	3.196679e+00
3.179677720198981e-02	3.196679e+00
3.180677720198981e-02	3.196679e+00
3.181677720198980e-02	3.196679e+00
3.182677720198981e-02	3.196679e+00
3.183677720198980e-02	3.196679e+00
3.184677720198981e-02	3.196679e+00
3.185677720198980e-02	3.196679e+00
3.186677720198981e-02	3.196680e+00
3.187677720198981e-02	3.196680e+00
3.188677720198980e-02	3.196680e+00
3.189677720198981e-02	3.196680e+00
3.190677720198980e-02	3.196680e+00
3.191677720198981e-02	3.196680e+00
3.192677720198980e-02	3.196680e+00
3.193677720198981e-02	3.196680e+00
3.194677720198980e-02	3.196680e+00
3.195677720198981e-02	3.196680e+00
3.196677720198981e-02	3.196680e+00
3.197677720198980e-02	3.196680e+00
3.198677720198981e-02	3.196680e+00
3.199677720198980e-02	3.196681e+00
3.200677720198981e-02	3.196680e+00
3.201677720198980e-02	3.196681e+00
3.202677720198981e-02	3.196681e+00
3.203677720198980e-02	3.196681e+00
3.204677720198981e-02	3.196681e+00
3.205677720198981e-02	3.196681e+00
3.206677720198980e-02	3.196681e+00
3.207677720198981e-02	3.196681e+00
3.208677720198980e-02	3.196681e+00
3.209677720198981e-02	3.196681e+00
3.210677720198980e-02	3.196681e+00
3.211677720198981e-02	3.196681e+00
3.212677720198980e-02	3.196681e+00
3.213677720198981e-02	3.196681e+00
3.214677720198981e-02	3.196681e+00
3.215677720198980e-02	3.196681e+00
3.216677720198981e-02	3.196681e+00
3.217677720198980e-02	3.196682e+00
3.218677720198981e-02	3.196681e+00
3.219677720198980e-02	3.196681e+00
3.220677720198981e-02	3.196682e+00
3.221677720198981e-02	3.196682e+00
3.222677720198980e-02	3.196682e+00
3.223677720198981e-02	3.196682e+00
3.224677720198980e-02	3.196682e+00
3.225677720198981e-02	3.196682e+00
3.226677720198980e-02	3.196682e+00
3.227677720198981e-02	3.196682e+00
3.228677720198980e-02	3.196682e+00
3.229677720198981e-02	3.196682e+00
3.230677720198981e-02	3.196682e+00
3.231677720198980e-02	3.196682e+00
3.232677720198981e-02	3.196682e+00
3.233677720198980e-02	3.196683e+00
3.234677720198981e-02	3.196683e+00
3.235677720198980e-02	3.196683e+00
3.236677720198981e-02	3.196683e+00
3.237677720198980e-02	3.196683e+00
3.238677720198981e-02	3.196683e+00
3.239677720198981e-02	3.196683e+00
3.240677720198980e-02	3.196683e+00
3.241677720198981e-02	3.196683e+00
3.242677720198980e-02	3.196683e+00
3.243677720198981e-02	3.196683e+00
3.244677720198980e-02	3.196683e+00
3.245677720198981e-02	3.196683e+00
3.246677720198980e-02	3.196683e+00
3.247677720198981e-02	3.196684e+00
3.248677720198981e-02	3.196684e+00
3.249677720198980e-02	3.196683e+00
3.250677720198981e-02	3.196684e+00
3.251677720198980e-02	3.196684e+00
3.252677720198981e-02	3.196683e+00
3.253677720198980e-02	3.196683e+00
3.254677720198981e-02	3.196684e+00
3.255677720198981e-02	3.196684e+00
3.256677720198980e-02	3.196684e+00
3.257677720198981e-02	3.196684e+00
3.258677720198980e-02	3.196684e+00
3.259677720198981e-02	3.196684e+00
3.260677720198980e-02	3.196684e+00
3.261677720198981e-02	3.196684e+00
3.262677720198980e-02	3.196684e+00
3.263677720198981e-02	3.196684e+00
3.264677720198981e-02	3.196684e+00
3.265677720198980e-02	3.196684e+00
3.266677720198981e-02	3.196684e+00
3.267677720198980e-02	3.196684e+00
3.268677720198981e-02	3.196684e+00
3.269677720198980e-02	3.196684e+00
3.270677720198981e-02	3.196684e+00
3.271677720198980e-02	3.196684e+00
3.272677720198981e-02	3.196684e+00
3.273677720198981e-02	3.196684e+00
3.274677720198980e-02	3.196685e+00
3.275677720198981e-02	3.196685e+00
3.276677720198980e-02	3.196684e+00
3.277677720198981e-02	3.196685e+00
3.278677720198980e-02	3.196684e+00
3.279677720198981e-02	3.196685e+00
3.280677720198980e-02	3.196684e+00
3.281677720198981e-02	3.196685e+00
3.282677720198981e-02	3.196685e+00
3.283677720198980e-02	3.196685e+00
3.284677720198981e-02	3.196685e+00
3.285677720198980e-02	3.196685e+00
3.286677720198981e-02	3.196685e+00
3.287677720198980e-02	3.196685e+00
3.288677720198981e-02	3.196685e+00
3.289677720198981e-02	3.196685e+00
3.290677720198980e-02	3.196685e+00
3.291677720198981e-02	3.196685e+00
3.292677720198980e-02	3.196685e+00
3.293677720198981e-02	3.196685e+00
3.294677720198980e-02	3.196685e+00
3.295677720198981e-02	3.196685e+00
3.296677720198980e-02	3.196685e+00
3.297677720198981e-02	3.196685e+00
3.298677720198981e-02	3.196685e+00
3.299677720198980e-02	3.196685e+00
3.300677720198981e-02	3.196685e+00
3.301677720198980e-02	3.196685e+00
3.302677720198981e-02	3.196685e+00
3.303677720198980e-02	3.196685e+00
3.304677720198981e-02	3.196685e+00
3.305677720198980e-02	3.196685e+00
3.306677720198981e-02	3.196685e+00
3.307677720198981e-02	3.196685e+00
3.308677720198980e-02	3.196685e+00
3.309677720198981e-02	3.196685e+00
3.310677720198980e-02	3.196685e+00
3.311677720198981e-02	3.196685e+00
3.312677720198980e-02	3.196685e+00
3.313677720198981e-02	3.196685e+00
3.314677720198980e-02	3.196685e+00
3.315677720198981e-02	3.196685e+00
3.316677720198981e-02	3.196686e+00
3.317677720198980e-02	3.196685e+00
3.318677720198981e-02	3.196685e+00
3.319677720198980e-02	3.196685e+00
3.320677720198981e-02	3.196685e+00
3.321677720198980e-02	3.196685e+00
3.322677720198981e-02	3.196685e+00
3.323677720198981e-02	3.196685e+00
3.324677720198981e-02	3.196685e+00
3.325677720198981e-02	3.196685e+00
3.326677720198980e-02	3.196686e+00
3.327677720198981e-02	3.196685e+00
3.328677720198980e-02	3.196685e+00
3.329677720198981e-02	3.196685e+00
3.330677720198980e-02	3.196686e+00
3.331677720198981e-02	3.196686e+00
3.332677720198981e-02	3.196686e+00
3.333677720198980e-02	3.196686e+00
3.334677720198981e-02	3.196686e+00
3.335677720198980e-02	3.196685e+00
3.336677720198981e-02	3.196686e+00
3.337677720198980e-02	3.196686e+00
3.338677720198981e-02	3.196685e+00
3.339677720198980e-02	3.196686e+00
3.340677720198981e-02	3.196686e+00
3.341677720198981e-02	3.196686e+00
3.342677720198980e-02	3.196686e+00
3.343677720198981e-02	3.196686e+00
3.344677720198980e-02	3.196686e+00
3.345677720198981e-02	3.196686e+00
3.346677720198980e-02	3.196686e+00
3.347677720198981e-02	3.196686e+00
3.348677720198980e-02	3.196686e+00
3.349677720198981e-02	3.196686e+00
3.350677720198981e-02	3.196686e+00
3.351677720198980e-02	3.196686e+00
3.352677720198981e-02	3.196686e+00
3.353677720198980e-02	3.196686e+00
3.354677720198981e-02	3.196686e+00
3.355677720198980e-02	3.196686e+00
3.356677720198981e-02	3.196686e+00
3.357677720198980e-02	3.196686e+00
3.358677720198981e-02	3.196686e+00
3.359677720198981e-02	3.196686e+00
3.360677720198980e-02	3.196686e+00
3.361677720198981e-02	3.196686e+00
3.362677720198980e-02	3.196686e+00
3.363677720198981e-02	3.196686e+00
3.364677720198980e-02	3.196686e+00
3.365677720198981e-02	3.196686e+00
3.366677720198981e-02	3.196686e+00
3.367677720198980e-02	3.196686e+00
3.368677720198981e-02	3.196686e+00
3.369677720198980e-02	3.196686e+00
3.370677720198981e-02	3.196686e+00
3.371677720198980e-02	3.196686e+00
3.372677720198981e-02	3.196686e+00
3.373677720198980e-02	3.196686e+00
3.374677720198981e-02	3.196686e+00
3.375677720198981e-02	3.196686e+00
3.376677720198980e-02	3.196686e+00
3.377677720198981e-02	3.196686e+00
3.378677720198980e-02	3.196686e+00
3.379677720198981e-02	3.196686e+00
3.380677720198980e-02	3.196686e+00
3.381677720198981e-02	3.196686e+00
3.382677720198980e-02	3.196686e+00
3.383677720198981e-02	3.196686e+00
3.384677720198981e-02	3.196686e+00
3.385677720198980e-02	3.196686e+00
3.386677720198981e-02	3.196686e+00
3.387677720198980e-02	3.196686e+00
3.388677720198981e-02	3.196686e+00
3.389677720198980e-02	3.196686e+00
3.390677720198981e-02	3.196686e+00
3.391677720198980e-02	3.196686e+00
3.392677720198981e-02	3.196686e+00
3.393677720198981e-02	3.196686e+00
3.394677720198980e-02	3.196686e+00
3.395677720198981e-02	3.196686e+00
3.396677720198980e-02	3.196686e+00
3.397677720198981e-02	3.196686e+00
3.398677720198980e-02	3.196686e+00
3.399677720198981e-02	3.196686e+00
3.400677720198981e-02	3.196686e+00
3.401677720198980e-02	3.196686e+00
3.402677720198981e-02	3.196686e+00
3.403677720198980e-02	3.196686e+00
3.404677720198981e-02	3.196686e+00
3.405677720198980e-02	3.196686e+00
3.406677720198981e-02	3.196686e+00
3.407677720198980e-02	3.196686e+00
3.408677720198981e-02	3.196686e+00
3.409677720198981e-02	3.196686e+00
3.410677720198980e-02	3.196686e+00
3.411677720198981e-02	3.196687e+00
3.412677720198980e-02	3.196686e+00
3.413677720198981e-02	3.196686e+00
3.414677720198980e-02	3.196686e+00
3.415677720198981e-02	3.196687e+00
3.416677720198980e-02	3.196686e+00
3.417677720198981e-02	3.196686e+00
3.418677720198981e-02	3.196686e+00
3.419677720198980e-02	3.196686e+00
3.420677720198981e-02	3.196686e+00
3.421677720198980e-02	3.196686e+00
3.422677720198981e-02	3.196686e+00
3.423677720198980e-02	3.196686e+00
3.424677720198981e-02	3.196686e+00
3.425677720198980e-02	3.196686e+00
3.426677720198981e-02	3.196686e+00
3.427677720198981e-02	3.196686e+00
3.428677720198980e-02	3.196686e+00
3.429677720198981e-02	3.196687e+00
3.430677720198980e-02	3.196686e+00
3.431677720198981e-02	3.196686e+00
3.432677720198980e-02	3.196687e+00
3.433677720198981e-02	3.196686e+00
3.434677720198981e-02	3.196687e+00
3.435677720198980e-02	3.196686e+00
3.436677720198981e-02	3.196686e+00
3.437677720198980e-02	3.196686e+00
3.438677720198981e-02	3.196686e+00
3.439677720198980e-02	3.196686e+00
3.440677720198981e-02	3.196686e+00
3.441677720198980e-02	3.196686e+00
3.442677720198981e-02	3.196686e+00
3.443677720198981e-02	3.196686e+00
3.444677720198980e-02	3.196686e+00
3.445677720198981e-02	3.196686e+00
3.446677720198980e-02	3.196686e+00
3.447677720198981e-02	3.196687e+00
3.448677720198980e-02	3.196686e+00
3.449677720198981e-02	3.196686e+00
3.450677720198980e-02	3.196686e+00
3.451677720198981e-02	3.196686e+00
3.452677720198981e-02	3.196686e+00
3.453677720198980e-02	3.196686e+00
3.454677720198981e-02	3.196686e+00
3.455677720198980e-02	3.196687e+00
3.456677720198981e-02	3.196686e+00
3.457677720198980e-02	3.196686e+00
3.458677720198981e-02	3.196686e+00
3.459677720198980e-02	3.196686e+00
3.460677720198981e-02	3.196686e+00
3.461677720198981e-02	3.196687e+00
3.462677720198980e-02	3.196687e+00
3.463677720198981e-02	3.196687e+00
3.464677720198980e-02	3.196686e+00
3.465677720198981e-02	3.196686e+00
3.466677720198980e-02	3.196686e+00
3.467677720198981e-02	3.196686e+00
3.468677720198980e-02	3.196687e+00
3.469677720198980e-02	3.196687e+00
3.470677720198981e-02	3.196686e+00
3.471677720198980e-02	3.196687e+00
3.472677720198981e-02	3.196686e+00
3.473677720198980e-02	3.196686e+00
3.474677720198981e-02	3.196687e+00
3.475677720198980e-02	3.196686e+00
3.476677720198981e-02	3.196687e+00
3.477677720198981e-02	3.196686e+00
3.478677720198980e-02	3.196686e+00
3.479677720198981e-02	3.196687e+00
3.480677720198980e-02	3.196686e+00
3.481677720198981e-02	3.196686e+00
3.482677720198980e-02	3.196687e+00
3.483677720198981e-02	3.196687e+00
3.484677720198980e-02	3.196686e+00
3.485677720198981e-02	3.196686e+00
3.486677720198981e-02	3.196686e+00
3.487677720198980e-02	3.196687e+00
3.488677720198981e-02	3.196687e+00
3.489677720198980e-02	3.196687e+00
3.490677720198981e-02	3.196687e+00
3.491677720198980e-02	3.196687e+00
3.492677720198981e-02	3.196687e+00
3.493677720198980e-02	3.196687e+00
3.494677720198981e-02	3.196686e+00
3.495677720198981e-02	3.196686e+00
3.496677720198980e-02	3.196686e+00
3.497677720198981e-02	3.196686e+00
3.498677720198980e-02	3.196687e+00
3.499677720198981e-02	3.196687e+00
3.500677720198980e-02	3.196686e+00
3.501677720198981e-02	3.196686e+00
3.502677720198980e-02	3.196687e+00
3.503677720198980e-02	3.196687e+00
3.504677720198981e-02	3.196686e+00
3.505677720198980e-02	3.196687e+00
3.506677720198981e-02	3.196686e+00
3.507677720198980e-02	3.196686e+00
3.508677720198981e-02	3.196687e+00
3.509677720198980e-02	3.196686e+00
3.510677720198981e-02	3.196687e+00
3.511677720198981e-02	3.196686e+00
3.512677720198980e-02	3.196687e+00
3.513677720198981e-02	3.196686e+00
3.514677720198980e-02	3.196686e+00
3.515677720198981e-02	3.196687e+00
3.516677720198980e-02	3.196686e+00
3.517677720198981e-02	3.196687e+00
3.518677720198980e-02	3.196686e+00
3.519677720198981e-02	3.196686e+00
3.520677720198981e-02	3.196687e+00
3.521677720198980e-02	3.196686e+00
3.522677720198981e-02	3.196686e+00
3.523677720198980e-02	3.196687e+00
3.524677720198981e-02	3.196687e+00
3.525677720198980e-02	3.196686e+00
3.526677720198981e-02	3.196686e+00
3.527677720198980e-02	3.196687e+00
3.528677720198981e-02	3.196687e+00
3.529677720198981e-02	3.196687e+00
3.530677720198980e-02	3.196687e+00
3.531677720198981e-02	3.196686e+00
3.532677720198980e-02	3.196686e+00
3.533677720198981e-02	3.196686e+00
3.534677720198980e-02	3.196686e+00
3.535677720198981e-02	3.196686e+00
3.536677720198980e-02	3.196686e+00
3.537677720198980e-02	3.196687e+00
3.538677720198981e-02	3.196687e+00
3.539677720198980e-02	3.196687e+00
3.540677720198981e-02	3.196687e+00
3.541677720198980e-02	3.196687e+00
3.542677720198981e-02	3.196686e+00
3.543677720198980e-02	3.196686e+00
3.544677720198981e-02	3.196686e+00
3.545677720198981e-02	3.196686e+00
3.546677720198980e-02	3.196686e+00
3.547677720198981e-02	3.196686e+00
3.548677720198980e-02	3.196687e+00
3.549677720198981e-02	3.196687e+00
3.550677720198980e-02	3.196687e+00
3.551677720198981e-02	3.196687e+00
3.552677720198980e-02	3.196686e+00
3.553677720198981e-02	3.196686e+00
3.554677720198981e-02	3.196686e+00
3.555677720198980e-02	3.196687e+00
3.556677720198981e-02	3.196687e+00
3.557677720198980e-02	3.196686e+00
3.558677720198981e-02	3.196686e+00
3.559677720198980e-02	3.196687e+00
3.560677720198981e-02	3.196687e+00
3.561677720198980e-02	3.196686e+00
3.562677720198981e-02	3.196686e+00
3.563677720198981e-02	3.196687e+00
3.564677720198980e-02	3.196687e+00
3.565677720198981e-02	3.196686e+00
3.566677720198980e-02	3.196687e+00
3.567677720198981e-02	3.196687e+00
3.568677720198980e-02	3.196686e+00
3.569677720198981e-02	3.196687e+00
3.570677720198980e-02	3.196687e+00
3.571677720198980e-02	3.196686e+00
3.572677720198981e-02	3.196687e+00
3.573677720198980e-02	3.196687e+00
3.574677720198981e-02	3.196686e+00
3.575677720198980e-02	3.196687e+00
3.576677720198981e-02	3.196686e+00
3.577677720198980e-02	3.196687e+00
3.578677720198981e-02	3.196686e+00
3.579677720198981e-02	3.196687e+00
3.580677720198980e-02	3.196687e+00
3.581677720198981e-02	3.196686e+00
3.582677720198980e-02	3.196687e+00
3.583677720198981e-02	3.196686e+00
3.584677720198980e-02	3.196687e+00
3.585677720198981e-02	3.196686e+00
3.586677720198980e-02	3.196687e+00
3.587677720198981e-02	3.196686e+00
3.588677720198981e-02	3.196687e+00
3.589677720198980e-02	3.196686e+00
3.590677720198981e-02	3.196687e+00
3.591677720198980e-02	3.196686e+00
3.592677720198981e-02	3.196687e+00
3.593677720198980e-02	3.196686e+00
3.594677720198981e-02	3.196687e+00
3.595677720198980e-02	3.196686e+00
3.596677720198981e-02	3.196687e+00
3.597677720198981e-02	3.196687e+00
3.598677720198980e-02	3.196686e+00
3.599677720198981e-02	3.196687e+00
3.600677720198980e-02	3.196686e+00
3.601677720198981e-02	3.196687e+00
3.602677720198980e-02	3.196686e+00
3.603677720198981e-02	3.196687e+00
3.604677720198980e-02	3.196687e+00
3.605677720198981e-02	3.196686e+00
3.606677720198981e-02	3.196687e+00
3.607677720198980e-02	3.196686e+00
3.608677720198981e-02	3.196686e+00
3.609677720198980e-02	3.196687e+00
3.610677720198981e-02	3.196686e+00
3.611677720198980e-02	3.196687e+00
3.612677720198981e-02	3.196687e+00
3.613677720198980e-02	3.196686e+00
3.614677720198980e-02	3.196687e+00
3.615677720198981e-02	3.196687e+00
3.616677720198980e-02	3.196686e+00
3.617677720198981e-02	3.196687e+00
3.618677720198980e-02	3.196687e+00
3.619677720198981e-02	3.196686e+00
3.620677720198980e-02	3.196687e+00
3.621677720198981e-02	3.196687e+00
3.622677720198981e-02	3.196686e+00
3.623677720198980e-02	3.196687e+00
3.624677720198981e-02	3.196687e+00
3.625677720198980e-02	3.196686e+00
3.626677720198981e-02	3.196686e+00
3.627677720198980e-02	3.196687e+00
3.628677720198981e-02	3.196687e+00
3.629677720198980e-02	3.196686e+00
3.630677720198981e-02	3.196687e+00
3.631677720198981e-02	3.196687e+00
3.632677720198980e-02	3.196687e+00
3.633677720198981e-02	3.196686e+00
3.634677720198980e-02	3.196687e+00
3.635677720198981e-02	3.196687e+00
3.636677720198980e-02	3.196686e+00
3.637677720198981e-02	3.196686e+00
3.638677720198980e-02	3.196687e+00
3.639677720198981e-02	3.196687e+00
3.640677720198981e-02	3.196687e+00
3.641677720198980e-02	3.196686e+00
3.642677720198981e-02	3.196687e+00
3.643677720198980e-02	3.196687e+00
3.644677720198981e-02	3.196687e+00
3.645677720198980e-02	3.196686e+00
3.646677720198981e-02	3.196686e+00
3.647677720198980e-02	3.196687e+00
3.648677720198980e-02	3.196687e+00
3.649677720198981e-02	3.196687e+00
3.650677720198980e-02	3.196686e+00
3.651677720198981e-02	3.196687e+00
3.652677720198980e-02	3.196687e+00
3.653677720198981e-02	3.196687e+00
3.654677720198980e-02	3.196686e+00
3.655677720198981e-02	3.196686e+00
3.656677720198981e-02	3.196686e+00
3.657677720198980e-02	3.196687e+00
3.658677720198981e-02	3.196687e+00
3.659677720198980e-02	3.196687e+00
3.660677720198981e-02	3.196686e+00
3.661677720198980e-02	3.196686e+00
3.662677720198981e-02	3.196687e+00
3.663677720198980e-02	3.196687e+00
3.664677720198981e-02	3.196687e+00
3.665677720198981e-02	3.196687e+00
3.666677720198980e-02	3.196686e+00
3.667677720198981e-02	3.196686e+00
3.668677720198980e-02	3.196687e+00
3.669677720198981e-02	3.196687e+00
3.670677720198980e-02	3.196687e+00
3.671677720198981e-02	3.196687e+00
3.672677720198980e-02	3.196686e+00
3.673677720198981e-02	3.196686e+00
3.674677720198981e-02	3.196686e+00
3.675677720198980e-02	3.196687e+00
3.676677720198981e-02	3.196687e+00
3.677677720198980e-02	3.196687e+00
3.678677720198981e-02	3.196687e+00
3.679677720198980e-02	3.196686e+00
3.680677720198981e-02	3.196686e+00
3.681677720198980e-02	3.196687e+00
3.682677720198980e-02	3.196687e+00
3.683677720198981e-02	3.196687e+00
3.684677720198980e-02	3.196687e+00
3.685677720198981e-02	3.196687e+00
3.686677720198980e-02	3.196687e+00
3.687677720198981e-02	3.196686e+00
3.688677720198980e-02	3.196686e+00
3.689677720198981e-02	3.196687e+00
3.690677720198981e-02	3.196687e+00
3.691677720198980e-02	3.196687e+00
3.692677720198981e-02	3.196687e+00
3.693677720198980e-02	3.196687e+00
3.694677720198981e-02	3.196687e+00
3.695677720198980e-02	3.196686e+00
3.696677720198981e-02	3.196686e+00
3.697677720198980e-02	3.196686e+00
3.698677720198981e-02	3.196686e+00
3.699677720198981e-02	3.196687e+00
3.700677720198980e-02	3.196687e+00
3.701677720198981e-02	3.196687e+00
3.702677720198980e-02	3.196687e+00
3.703677720198981e-02	3.196687e+00
3.704677720198980e-02	3.196687e+00
3.705677720198981e-02	3.196686e+00
3.706677720198980e-02	3.196686e+00
3.707677720198981e-02	3.196686e+00
3.708677720198981e-02	3.196686e+00
3.709677720198980e-02	3.196687e+00
3.710677720198981e-02	3.196687e+00
3.711677720198980e-02	3.196687e+00
3.712677720198981e-02	3.196687e+00
3.713677720198980e-02	3.196687e+00
3.714677720198981e-02	3.196687e+00
3.715677720198980e-02	3.196687e+00
3.716677720198980e-02	3.196686e+00
3.717677720198981e-02	3.196686e+00
3.718677720198980e-02	3.196686e+00
3.719677720198981e-02	3.196686e+00
3.720677720198980e-02	3.196686e+00
3.721677720198981e-02	3.196687e+00
3.722677720198980e-02	3.196687e+00
3.723677720198981e-02	3.196687e+00
3.724677720198980e-02	3.196687e+00
3.725677720198980e-02	3.196687e+00
3.726677720198981e-02	3.196687e+00
3.727677720198980e-02	3.196687e+00
3.728677720198981e-02	3.196687e+00
3.729677720198980e-02	3.196687e+00
3.730677720198981e-02	3.196686e+00
3.731677720198980e-02	3.196686e+00
3.732677720198981e-02	3.196686e+00
3.733677720198981e-02	3.196686e+00
3.734677720198980e-02	3.196686e+00
3.735677720198981e-02	3.196687e+00
3.736677720198980e-02	3.196687e+00
3.737677720198981e-02	3.196687e+00
3.738677720198980e-02	3.196687e+00
3.739677720198981e-02	3.196687e+00
3.740677720198980e-02	3.196687e+00
3.741677720198981e-02	3.196687e+00
3.742677720198981e-02	3.196687e+00
3.743677720198980e-02	3.196687e+00
3.744677720198981e-02	3.196687e+00
3.745677720198980e-02	3.196687e+00
3.746677720198981e-02	3.196687e+00
3.747677720198980e-02	3.196686e+00
3.748677720198981e-02	3.196686e+00
3.749677720198980e-02	3.196686e+00
3.750677720198980e-02	3.196686e+00
3.751677720198981e-02	3.196686e+00
3.752677720198980e-02	3.196686e+00
3.753677720198981e-02	3.196686e+00
3.754677720198980e-02	3.196686e+00
3.755677720198981e-02	3.196687e+00
3.756677720198980e-02	3.196687e+00
3.757677720198981e-02	3.196687e+00
3.758677720198980e-02	3.196687e+00
3.759677720198980e-02	3.196687e+00
3.760677720198981e-02	3.196687e+00
3.761677720198980e-02	3.196687e+00
3.762677720198981e-02	3.196687e+00
3.763677720198980e-02	3.196687e+00
3.764677720198981e-02	3.196687e+00
3.765677720198980e-02	3.196687e+00
3.766677720198981e-02	3.196687e+00
3.767677720198981e-02	3.196687e+00
3.768677720198980e-02	3.196687e+00
3.769677720198981e-02	3.196687e+00
3.770677720198980e-02	3.196686e+00
3.771677720198981e-02	3.196686e+00
3.772677720198980e-02	3.196686e+00
3.773677720198981e-02	3.196686e+00
3.774677720198980e-02	3.196686e+00
3.775677720198981e-02	3.196686e+00
3.776677720198981e-02	3.196686e+00
3.777677720198980e-02	3.196686e+00
3.778677720198981e-02	3.196686e+00
3.779677720198980e-02	3.196687e+00
3.780677720198981e-02	3.196687e+00
3.781677720198980e-02	3.196687e+00
3.782677720198981e-02	3.196687e+00
3.783677720198980e-02	3.196687e+00
3.784677720198980e-02	3.196687e+00
3.785677720198981e-02	3.196687e+00
3.786677720198980e-02	3.196687e+00
3.787677720198981e-02	3.196687e+00
3.788677720198980e-02	3.196687e+00
3.789677720198981e-02	3.196687e+00
3.790677720198980e-02	3.196687e+00
3.791677720198981e-02	3.196687e+00
3.792677720198980e-02	3.196687e+00
3.793677720198980e-02	3.196687e+00
3.794677720198981e-02	3.196687e+00
3.795677720198980e-02	3.196687e+00
3.796677720198981e-02	3.196687e+00
3.797677720198980e-02	3.196687e+00
3.798677720198981e-02	3.196687e+00
3.799677720198980e-02	3.196687e+00
3.800677720198981e-02	3.196687e+00
3.801677720198981e-02	3.196687e+00
3.802677720198980e-02	3.196687e+00
3.803677720198981e-02	3.196686e+00
3.804677720198980e-02	3.196686e+00
3.805677720198981e-02	3.196686e+00
3.806677720198980e-02	3.196686e+00
3.807677720198981e-02	3.196686e+00
3.808677720198980e-02	3.196686e+00
3.809677720198981e-02	3.196686e+00
3.810677720198981e-02	3.196686e+00
3.811677720198980e-02	3.196686e+00
3.812677720198981e-02	3.196686e+00
3.813677720198980e-02	3.196686e+00
3.814677720198981e-02	3.196686e+00
3.815677720198980e-02	3.196686e+00
3.816677720198981e-02	3.196686e+00
3.817677720198980e-02	3.196686e+00
3.818677720198980e-02	3.196686e+00
3.819677720198981e-02	3.196686e+00
3.820677720198980e-02	3.196686e+00
3.821677720198981e-02	3.196686e+00
3.822677720198980e-02	3.196686e+00
3.823677720198981e-02	3.196687e+00
3.824677720198980e-02	3.196687e+00
3.825677720198981e-02	3.196687e+00
3.826677720198980e-02	3.196687e+00
3.827677720198980e-02	3.196687e+00
3.828677720198981e-02	3.196687e+00
3.829677720198980e-02	3.196687e+00
3.830677720198981e-02	3.196687e+00
3.831677720198980e-02	3.196687e+00
3.832677720198981e-02	3.196687e+00
3.833677720198980e-02	3.196687e+00
3.834677720198981e-02	3.196687e+00
3.835677720198981e-02	3.196687e+00
3.836677720198980e-02	3.196687e+00
3.837677720198981e-02	3.196687e+00
3.838677720198980e-02	3.196687e+00
3.839677720198981e-02	3.196687e+00
3.840677720198980e-02	3.196687e+00
3.841677720198981e-02	3.196687e+00
3.842677720198980e-02	3.196687e+00
3.843677720198981e-02	3.196687e+00
3.844677720198981e-02	3.196687e+00
3.845677720198980e-02	3.196687e+00
3.846677720198981e-02	3.196687e+00
3.847677720198980e-02	3.196687e+00
3.848677720198981e-02	3.196687e+00
3.849677720198980e-02	3.196687e+00
3.850677720198981e-02	3.196687e+00
3.851677720198980e-02	3.196687e+00
3.852677720198980e-02	3.196687e+00
3.853677720198981e-02	3.196687e+00
3.854677720198980e-02	3.196687e+00
3.855677720198981e-02	3.196687e+00
3.856677720198980e-02	3.196687e+00
3.857677720198981e-02	3.196687e+00
3.858677720198980e-02	3.196687e+00
3.859677720198981e-02	3.196687e+00
3.860677720198980e-02	3.196687e+00
3.861677720198980e-02	3.196687e+00
3.862677720198981e-02	3.196687e+00
3.863677720198980e-02	3.196687e+00
3.864677720198981e-02	3.196687e+00
3.865677720198980e-02	3.196687e+00
3.866677720198981e-02	3.196687e+00
3.867677720198980e-02	3.196687e+00
3.868677720198981e-02	3.196686e+00
3.869677720198980e-02	3.196686e+00
3.870677720198980e-02	3.196686e+00
3.871677720198981e-02	3.196686e+00
3.872677720198980e-02	3.196686e+00
3.873677720198981e-02	3.196686e+00
3.874677720198980e-02	3.196686e+00
3.875677720198981e-02	3.196686e+00
3.876677720198980e-02	3.196686e+00
3.877677720198981e-02	3.196686e+00
3.878677720198981e-02	3.196686e+00
3.879677720198980e-02	3.196686e+00
3.880677720198981e-02	3.196686e+00
3.881677720198980e-02	3.196686e+00
3.882677720198981e-02	3.196686e+00
3.883677720198980e-02	3.196686e+00
3.884677720198981e-02	3.196686e+00
3.885677720198980e-02	3.196686e+00
3.886677720198981e-02	3.196686e+00
3.887677720198981e-02	3.196686e+00
3.888677720198980e-02	3.196686e+00
3.889677720198981e-02	3.196686e+00
3.890677720198980e-02	3.196686e+00
3.891677720198981e-02	3.196686e+00
3.892677720198980e-02	3.196686e+00
3.893677720198981e-02	3.196686e+00
3.894677720198980e-02	3.196686e+00
3.895677720198980e-02	3.196686e+00
3.896677720198981e-02	3.196686e+00
3.897677720198980e-02	3.196686e+00
3.898677720198981e-02	3.196686e+00
3.899677720198980e-02	3.196686e+00
3.900677720198981e-02	3.196686e+00
3.901677720198980e-02	3.196686e+00
3.902677720198981e-02	3.196686e+00
3.903677720198980e-02	3.196686e+00
3.904677720198980e-02	3.196686e+00
3.905677720198981e-02	3.196686e+00
3.906677720198980e-02	3.196686e+00
3.907677720198981e-02	3.196686e+00
3.908677720198980e-02	3.196686e+00
3.909677720198981e-02	3.196686e+00
3.910677720198980e-02	3.196686e+00
3.911677720198981e-02	3.196686e+00
3.912677720198981e-02	3.196686e+00
3.913677720198980e-02	3.196686e+00
3.914677720198981e-02	3.196686e+00
3.915677720198980e-02	3.196687e+00
3.916677720198981e-02	3.196687e+00
3.917677720198980e-02	3.196687e+00
3.918677720198981e-02	3.196687e+00
3.919677720198980e-02	3.196687e+00
3.920677720198981e-02	3.196687e+00
3.921677720198981e-02	3.196687e+00
3.922677720198980e-02	3.196687e+00
3.923677720198981e-02	3.196687e+00
3.924677720198980e-02	3.196687e+00
3.925677720198981e-02	3.196687e+00
3.926677720198980e-02	3.196687e+00
3.927677720198981e-02	3.196687e+00
3.928677720198980e-02	3.196687e+00
3.929677720198980e-02	3.196687e+00
3.930677720198981e-02	3.196687e+00
3.931677720198980e-02	3.196687e+00
3.932677720198981e-02	3.196687e+00
3.933677720198980e-02	3.196687e+00
3.934677720198981e-02	3.196687e+00
3.935677720198980e-02	3.196687e+00
3.936677720198981e-02	3.196687e+00
3.937677720198980e-02	3.196687e+00
3.938677720198980e-02	3.196687e+00
3.939677720198981e-02	3.196687e+00
3.940677720198980e-02	3.196687e+00
3.941677720198981e-02	3.196687e+00
3.942677720198980e-02	3.196687e+00
3.943677720198981e-02	3.196687e+00
3.944677720198980e-02	3.196687e+00
3.945677720198981e-02	3.196687e+00
3.946677720198981e-02	3.196687e+00
3.947677720198980e-02	3.196687e+00
3.948677720198981e-02	3.196687e+00
3.949677720198980e-02	3.196687e+00
3.950677720198981e-02	3.196687e+00
3.951677720198980e-02	3.196687e+00
3.952677720198981e-02	3.196687e+00
3.953677720198980e-02	3.196687e+00
3.954677720198981e-02	3.196687e+00
3.955677720198981e-02	3.196687e+00
3.956677720198980e-02	3.196687e+00
3.957677720198981e-02	3.196687e+00
3.958677720198980e-02	3.196687e+00
3.959677720198981e-02	3.196687e+00
3.960677720198980e-02	3.196687e+00
3.961677720198981e-02	3.196687e+00
3.962677720198980e-02	3.196687e+00
3.963677720198980e-02	3.196687e+00
3.964677720198981e-02	3.196687e+00
3.965677720198980e-02	3.196687e+00
3.966677720198981e-02	3.196687e+00
3.967677720198980e-02	3.196687e+00
3.968677720198981e-02	3.196687e+00
3.969677720198980e-02	3.196687e+00
3.970677720198981e-02	3.196687e+00
3.971677720198980e-02	3.196687e+00
3.972677720198980e-02	3.196687e+00
3.973677720198981e-02	3.196687e+00
3.974677720198980e-02	3.196687e+00
3.975677720198981e-02	3.196687e+00
3.976677720198980e-02	3.196687e+00
3.977677720198981e-02	3.196687e+00
3.978677720198980e-02	3.196687e+00
3.979677720198981e-02	3.196687e+00
3.980677720198980e-02	3.196687e+00
3.981677720198980e-02	3.196687e+00
3.982677720198981e-02	3.196687e+00
3.983677720198980e-02	3.196687e+00
3.984677720198981e-02	3.196687e+00
3.985677720198980e-02	3.196687e+00
3.986677720198981e-02	3.196687e+00
3.987677720198980e-02	3.196687e+00
3.988677720198981e-02	3.196687e+00
3.989677720198981e-02	3.196687e+00
3.990677720198980e-02	3.196687e+00
3.991677720198981e-02	3.196687e+00
3.992677720198980e-02	3.196687e+00
3.993677720198981e-02	3.196687e+00
3.994677720198980e-02	3.196687e+00
3.995677720198981e-02	3.196687e+00
3.996677720198980e-02	3.196687e+00
3.997677720198980e-02	3.196687e+00
3.998677720198981e-02	3.196687e+00
3.999677720198980e-02	3.196687e+00
4.000000000000000e-02	3.196687e+00
